Place,Name,Location,Bib,Net Time,Pace,Division/Place,Sex-Age,Sex-Place,Gun Time,Age Grade
1,Jon Clark,"Rancho Santa Margarita, CA",2095,24:36,6:09,M 35-39/1,M-36,1,24:37,70.44%
2,John Daciuk*,"San Gabriel, CA",8571,26:37,6:40,M 30-34/1,M-32,2,26:39,63.85%
3,Luis Pimienta,"Santa Ana, CA",2250,27:54,6:59,M 25-29/1,M-26,3,27:58,60.43%
4,"Pear ""the Bear"" Paolini","Sherman Oaks, CA",2733,28:04,7:01,M 25-29/2,M-25,4,28:07,60.07%
5,Chris Gardina*,"Burbank, CA",8594,28:33,7:09,M 25-29/3,M-25,5,31:14,59.05%
6,Orlando Lucero,"Santa Ana, CA",2248,29:39,7:25,M 25-29/4,M-25,6,29:43,56.86%
7,Gary Johnson,"Mission Viejo, CA",2207,29:51,7:28,M 40-44/1,M-42,7,41:52,60.67%
8,Michelle Barton,"Laguna Niguel, CA",2036,30:01,7:31,F 35-39/1,F-39,1,38:54,65.89%
9,Ryan Pierson*,"San Diego, CA",8679,30:02,7:31,M 20-24/1,M-23,8,30:04,56.14%
10,Scott Van Horn,"Aliso Viejo, CA",2476,30:59,7:45,M 45-49/1,M-45,9,42:58,59.80%
11,Vincent Valenzuela,"Lake Forest, CA",2752,31:12,7:48,M 30-34/2,M-33,10,2:00:58,54.68%
12,Eric Presnall,"Sherman Oaks, CA",2347,31:16,7:49,M 20-24/2,M-21,11,31:18,54.13%
13,Nick Ialacci,"Fullerton, CA",2197,31:21,7:51,M 20-24/3,M-23,12,31:22,53.78%
14,Josh Ialacci,"Fullerton, CA",2196,32:00,8:00,M 20-24/4,M-23,13,32:01,52.68%
15,Bobby Vidales*,"La Mirada, CA",8751,32:16,8:04,M 20-24/5,M-24,14,32:18,52.25%
16,Ubaldo Tepox,"Santa Ana, CA",2446,32:19,8:05,M 25-29/5,M-27,15,32:23,52.17%
17,Davis Trinh,"Irvine, CA",2459,32:29,8:08,M 20-24/6,M-23,16,32:31,51.90%
18,Brian Ambrosini,"Northridge, CA",2013,32:38,8:10,M 25-29/6,M-26,17,35:18,51.66%
19,Karen Tamai,"Menifee, CA",2441,32:46,8:12,F 30-34/1,F-30,2,38:18,58.73%
20,Jordan Brooksher,"Altadena, CA",2054,32:47,8:12,M 20-24/7,M-24,18,32:48,51.42%
21,Adrian Sigala,"Sun Valley, CA",2745,32:49,8:13,M 20-24/8,M-21,19,32:50,51.58%
22,Dan Savage*,"Santa Monica, CA",8712,32:58,8:15,M 25-29/7,M-25,20,35:38,51.14%
23,"Jonathan ""2 Smoov"" David","Westlake Vlg, CA",2697,33:25,8:22,M 25-29/8,M-25,21,33:28,50.45%
24,Chad Amick*,"Temecula, CA",8527,33:27,8:22,M 25-29/9,M-28,22,33:32,50.40%
25,Daniel Villarruel,"Bell, CA",2484,33:32,8:23,M 30-34/3,M-33,23,39:06,50.87%
26,Donovan Keele*,"Woodland Hills, CA",8611,33:32,8:23,M 25-29/10,M-25,24,36:12,50.27%
27,Daniel Perez*,"Whittier, CA",8675,33:40,8:25,M 25-29/11,M-29,25,36:21,50.12%
28,Julian Fonseca*,"Twentynine Palms, CA",8587,33:47,8:27,M 25-29/12,M-27,26,36:28,49.90%
29,Ryan Carmody,"Costa Mesa, CA",2075,34:00,8:30,M 25-29/13,M-25,27,36:42,49.58%
30,Donald Busby,"Irvine, CA",2772,34:21,8:36,M 40-44/2,M-44,28,39:54,53.54%
31,Derek Geary,"Laguna Hills, CA",2778,34:22,8:36,M 20-24/9,M-22,29,34:24,49.05%
32,Daniel Salgado,"Mission Viejo, CA",2872,34:29,8:38,M 25-29/14,M-29,30,40:02,48.94%
33,Aaron McManus*,"Lake Elsinore, CA",8648,34:55,8:44,M 30-34/4,M-30,31,40:29,48.42%
34,Jen Hollingsworth,"Laguna Hills, CA",2192,34:58,8:45,F 25-29/1,F-28,3,54:26,55.03%
35,Richard Salazar,"Shafter, CA",2390,34:59,8:45,M 35-39/2,M-37,32,43:54,49.86%
36,Kim Shebel,"San Clemente, CA",2407,35:00,8:45,F 25-29/2,F-29,4,54:24,54.98%
37,Arash Yazdani*,"Los Angeles, CA",8771,35:01,8:46,M 35-39/3,M-35,33,40:37,49.19%
38,Robert Perez*,"Santa Ana, CA",8677,35:06,8:47,M 25-29/15,M-28,34,50:34,48.03%
39,Kurt Schroeder*,"Aliso Viejo, CA",8713,35:10,8:48,M 40-44/3,M-43,35,40:44,51.87%
40,Ramiro Landeros Jr*,"Garden Grove, CA",8615,35:15,8:49,M 25-29/16,M-28,36,37:56,47.82%
41,Marc Breverman,"Westlake Vlg, CA",2833,35:31,8:53,M 25-29/17,M-25,37,35:36,47.46%
42,Harry Lopez*,"La Mirada, CA",8626,35:32,8:53,M 30-34/5,M-32,38,35:34,47.82%
43,Curtis Douglas,"Irvine, CA",2878,35:36,8:54,M 30-34/6,M-33,39,41:08,47.89%
44,David Luong,"Norwalk, CA",2253,35:44,8:56,M 20-24/10,M-24,40,35:46,47.18%
45,Ryan Sanner,"Riverside, CA",2397,35:44,8:56,M 30-34/7,M-32,41,41:16,47.53%
46,Christian Martinez,"Santa Ana, CA",2267,35:45,8:57,M 25-29/18,M-28,42,51:13,47.15%
47,Patrick Hogue,"Corona, CA",2809,35:48,8:57,M 40-44/4,M-44,43,47:48,51.37%
48,jacob cooley,"Riverside, CA",8352,35:55,8:59,M 20-24/11,M-22,44,35:55,46.94%
49,Paul Lucero,"Costa Mesa, CA",2249,36:06,9:02,M 40-44/5,M-44,45,48:05,50.95%
50,Keith Eckstein,"Costa Mesa, CA",2129,36:14,9:04,M 50-54/1,M-52,46,1:10:35,54.07%
51,Ernie Silva,"Lynwood, CA",2410,36:16,9:04,M 35-39/4,M-35,47,45:10,47.49%
52,Kevin Carter,"Irvine, CA",2773,36:17,9:05,M 30-34/8,M-30,48,1:15:10,46.60%
53,Marco Hernandez,"Alhambra, CA",2186,36:29,9:08,M 30-34/9,M-32,49,42:04,46.57%
54,Jersain Renteria,"Santa Ana, CA",2363,36:30,9:08,M 25-29/19,M-26,50,36:33,46.19%
55,Douglas Isa,"Irvine, CA",2202,36:32,9:08,M 13-19/1,M-19,51,36:35,47.15%
56,Erich Kreidler,"Costa Mesa, CA",2224,36:47,9:12,M 30-34/10,M-34,52,52:35,46.55%
57,Michael Allen*,"Carlsbad, CA",8522,36:50,9:13,M 30-34/11,M-31,53,42:22,45.99%
58,Jeremiah Tilley,"Seal Beach, CA",2454,37:02,9:16,M 30-34/12,M-30,54,42:34,45.66%
59,Jake Morris,"Newbury Park, CA",2866,37:08,9:17,M 20-24/12,M-22,55,37:11,45.40%
60,Peter Morawiec,"Santa Monica, CA",2789,37:25,9:22,M 40-44/6,M-41,56,46:20,48.04%
61,Elizabeth Hoss,"Aliso Viejo, CA",2194,37:36,9:24,F 30-34/2,F-33,5,1:00:20,51.40%
62,Jeff Parks,"Mission Viejo, CA",2327,37:45,9:27,M 50-54/2,M-50,57,49:47,51.06%
63,Sean Coolidge,"Santa Ana, CA",2101,37:59,9:30,M 30-34/13,M-32,58,43:36,44.73%
64,Danielle Shindler*,"Irvine, CA",8718,38:04,9:31,F 20-24/1,F-24,6,53:30,50.55%
65,Cody Armstrong,"Santa Monica, CA",2864,38:15,9:34,M 20-24/13,M-23,59,38:16,44.07%
66,Timothy Henman,"Redondo Beach, CA",2862,38:15,9:34,M 20-24/14,M-23,60,38:17,44.07%
67,Mark Williams,"Fountain Valley, CA",2497,38:30,9:38,M 25-29/20,M-29,61,41:14,43.83%
68,Arland Van Horn,"Aliso Viejo, CA",2475,38:38,9:40,F 40-44/1,F-42,7,1:12:47,52.14%
69,LUIS ORTIZALMONTE,"SANTA ANA, CA",7506,38:48,9:42,M 20-24/15,M-24,62,38:53,43.45%
70,Graham Siderius*,"Aliso Viejo, CA",8719,38:57,9:45,M 25-29/21,M-27,63,41:39,43.28%
71,Jeff Dixon,"Pacific Palisades, CA",2699,38:59,9:45,M 30-34/14,M-34,64,44:35,43.93%
72,Roberto Marino,"Newport Beach, CA",2883,39:04,9:46,M 25-29/22,M-28,65,41:48,43.15%
73,Ruben Gallego*,"San Diego, CA",8590,39:12,9:48,M 40-44/7,M-40,66,51:11,45.51%
74,Tad Stines*,"Palmdale, CA",8725,39:34,9:54,M 35-39/5,M-36,67,48:31,43.78%
75,Meghan Malena,"Foothill Ranch, CA",2261,39:38,9:55,F 25-29/3,F-28,8,1:13:58,48.55%
76,Reyes Lopez*,"La Mirada, CA",8630,39:42,9:56,M 25-29/23,M-25,68,42:23,42.46%
77,Ryan Shackleford,"Santa Ana, CA",2406,39:43,9:56,M 35-39/6,M-36,69,48:38,43.62%
78,Isaac Fatigoni,"Newport Beach, CA",2139,39:50,9:58,M 30-34/15,M-34,70,45:22,42.99%
79,Sean Miller,"Ontario, CA",2731,40:09,10:03,M 13-19/2,M-16,71,40:12,44.56%
80,Lizbeth Escobar,"La Puente, CA",2133,40:15,10:04,F 25-29/4,F-28,9,1:02:59,47.80%
81,Bobby Huggins,"Fontana, CA",2195,40:16,10:04,M 30-34/16,M-31,72,45:51,42.07%
82,Michael Ponce,"Cerritos, CA",2344,40:16,10:04,M 20-24/16,M-20,73,45:49,42.32%
83,Jim Lopez,"Gardena, CA",2801,40:22,10:06,M 50-54/3,M-50,74,49:18,47.75%
84,Steve Stover,"Tustin, CA",2435,40:25,10:07,M 50-54/4,M-53,75,40:29,48.84%
85,Bob Schulz,"Tustin, CA",2404,40:27,10:07,M 50-54/5,M-52,76,40:32,48.43%
86,Jc Eckert,"Santa Ana, CA",2887,40:33,10:09,M 50-54/6,M-53,77,52:33,48.68%
87,Rick Welch,"Laguna Niguel, CA",2489,40:43,10:11,M 40-44/8,M-41,78,52:47,44.14%
88,Joseph Archival,"Newport Beach, CA",2019,40:46,10:12,M 30-34/17,M-34,79,46:17,42.00%
89,Paul Wildermuth,"Lake Forest, CA",2496,40:47,10:12,M 30-34/18,M-31,80,52:50,41.54%
90,Raymund Agloro,"Simi Valley, CA",2002,40:56,10:14,M 25-29/24,M-28,81,43:39,41.18%
91,Julie Misner*,"Costa Mesa, CA",8654,41:06,10:17,F 40-44/2,F-43,10,1:15:15,49.37%
92,Gregg Goncalves*,"Orange, CA",8598,41:17,10:20,M 25-29/25,M-29,82,43:59,40.87%
93,Laurie Welch,"Laguna Niguel, CA",2488,41:18,10:20,F 35-39/2,F-39,11,53:21,47.88%
94,George Oballe*,"Chino, CA",8665,41:20,10:20,M 35-39/7,M-37,83,50:13,42.19%
95,Nykeia Harris,"Riverside, CA",2178,41:21,10:21,F 30-34/3,F-30,12,1:00:49,46.53%
96,Troy Harrison,"Downey, CA",2179,41:28,10:22,M 35-39/8,M-36,84,47:01,41.78%
97,Caley Strong,"Long Beach, CA",2750,41:41,10:26,M 25-29/26,M-26,85,57:09,40.44%
98,Nick Prescott*,"Chino, CA",8683,41:41,10:26,M 20-24/17,M-21,86,57:08,40.60%
99,David Prescott,"Chino, CA",2345,41:42,10:26,M 20-24/18,M-20,87,57:08,40.86%
100,Sydney Van Horn,"Aliso Viejo, CA",2477,41:47,10:27,F 20-24/2,F-20,13,57:13,46.05%
101,Chris Challender*,"Valley Center, CA",8561,41:50,10:28,M 20-24/19,M-23,88,41:51,40.29%
102,Jaclyn Bollema*,"Ontario, CA",8545,41:54,10:29,F 20-24/3,F-20,14,57:20,45.92%
103,Ryan Tamai,"Menifee, CA",2442,42:05,10:32,M 30-34/19,M-30,89,47:37,40.17%
104,Breanna Mendoza*,"Rancho Cucamonga, CA",8650,42:13,10:34,F 25-29/5,F-25,15,57:39,45.58%
105,Miroslava Matsune,"West Covina, CA",2726,42:15,10:34,F 35-39/3,F-37,16,1:16:24,46.33%
106,Kenny Elifritz*,"Riverside, CA",8580,42:26,10:37,M 20-24/20,M-22,90,42:28,39.72%
107,Oscar Vanegas,"Inglewood, CA",2753,42:28,10:37,M 25-29/27,M-28,91,45:10,39.69%
108,Sunsue Tamai,"Irvine, CA",2443,42:30,10:38,F 30-34/4,F-32,17,48:01,45.39%
109,Nicole Riegel*,"Corona, CA",8688,42:30,10:38,F 35-39/4,F-37,18,1:05:13,46.06%
110,Dustin Pike,"Anaheim, CA",2340,42:30,10:38,M 25-29/28,M-29,92,45:13,39.70%
111,Jessica Prescott,"Chino, CA",2346,42:33,10:39,F 20-24/4,F-24,19,57:59,45.22%
112,Jessica McMannis,"Lake Forest, CA",2279,42:52,10:43,F 25-29/6,F-25,20,1:28:57,44.89%
113,Gricelda Manjarrez,"Pomona, CA",2263,42:53,10:44,F 30-34/5,F-30,21,1:05:37,44.87%
114,Eric Muro,"Riverside, CA",2301,42:56,10:44,M 30-34/20,M-34,93,1:17:16,39.88%
115,Juan Valle,"San Bernardino, CA",2473,43:02,10:46,M 30-34/21,M-31,94,48:33,39.36%
116,Scooter Takacs,"Laguna Hills, CA",2438,43:16,10:49,M 20-24/21,M-24,95,43:21,38.96%
117,Sara Luse,"Irvine, CA",2254,43:25,10:52,F 30-34/6,F-31,22,1:17:45,44.35%
118,Ben Cuaresam,"Stockton, CA",2114,43:26,10:52,M 35-39/9,M-37,96,52:22,40.15%
119,Wendy Castellanos,"Riverside, CA",2078,43:26,10:52,F 35-39/5,F-39,23,58:52,45.53%
120,Jimmy Oetjen,"Los Angeles, CA",2317,43:26,10:52,M 40-44/9,M-41,97,1:25:38,41.38%
121,Courtney Baldy,"Coto De Caza, CA",2031,43:28,10:52,F 13-19/1,F-14,24,58:53,46.99%
122,Darin Miller,"Ontario, CA",2730,43:32,10:53,M 40-44/10,M-41,98,52:27,41.29%
123,Larry Olivares,"Irvine, CA",2874,43:33,10:54,M 35-39/10,M-39,99,52:30,40.66%
124,Fredric Balguma,"Upland, CA",2032,43:36,10:54,M 35-39/11,M-35,100,49:11,39.50%
125,Jonathan Spiegel,"Huntington Beach, CA",2877,43:42,10:56,M 20-24/22,M-23,101,1:25:54,38.57%
126,Joel Wildermuth,"Lake Forest, CA",2495,43:42,10:56,M 55-59/1,M-55,102,55:45,45.94%
127,Jenniffer Mackey,"Whittier, CA",2722,43:44,10:56,F 40-44/3,F-41,25,1:17:54,45.75%
128,AMY TREADWELL,"LONG BEACH, CA",7509,43:45,10:57,F 35-39/6,F-35,26,49:19,44.40%
129,Sarah Luevano,"Santa Ana, CA",2785,43:49,10:58,F 25-29/7,F-27,27,43:52,43.91%
130,David Cea,"Glendale, CA",2083,43:51,10:58,M 30-34/22,M-32,103,49:25,38.75%
131,Amy Gallego*,"San Diego, CA",8589,43:55,10:59,F 35-39/7,F-38,28,52:52,44.76%
132,Denise Marphis,"Garden Grove, CA",2265,43:57,11:00,F 35-39/8,F-39,29,1:03:25,44.99%
133,Tina Rivero,"West Covina, CA",2372,44:04,11:01,F 45-49/1,F-45,30,1:03:34,46.84%
134,Mauricio Lopez,"Lancaster, CA",2721,44:07,11:02,M 35-39/12,M-38,104,1:03:38,39.83%
135,Iliana Belinc*,"Downey, CA",8213,44:08,11:02,F 30-34/7,F-30,31,49:40,43.60%
136,Jason Everetts,"California City, CA",2136,44:15,11:04,M 30-34/23,M-33,105,49:47,38.55%
137,Lupe Sanchez,"Downey, CA",2394,44:21,11:06,M 40-44/11,M-42,106,1:03:51,40.83%
138,Kara Roberts,"Hawthorne, CA",2739,44:28,11:07,F 25-29/8,F-28,32,1:03:53,43.27%
139,Amy Jones,"Laguna Beach, CA",2209,44:32,11:08,F 20-24/5,F-24,33,56:38,43.20%
140,Kelly Miller*,"Newport Beach, CA",8651,44:34,11:09,F 25-29/9,F-25,34,1:04:03,43.17%
141,Jessica Diaz,"Riverside, CA",2698,44:38,11:10,F 20-24/6,F-20,35,1:00:06,43.11%
142,Raffeale Spennato,"Long Beach, CA",2420,44:38,11:10,M 35-39/13,M-35,107,53:32,38.59%
143,Douglas Malewicki,"Irvine, CA",2262,44:41,11:11,M 70-74/1,M-71,108,56:42,52.16%
144,Axel Olson,"San Bernardino, CA",2319,44:46,11:12,M 25-29/29,M-28,109,47:26,37.65%
145,Stephen Sandoval*,"Hermosa Beach, CA",7421,44:51,11:13,M 20-24/23,M-23,110,44:53,37.58%
146,Rachel Winn,"Carlsbad, CA",2754,45:01,11:16,F 25-29/10,F-29,36,1:04:27,42.74%
147,Kimberly Andrews,"Oceanside, CA",2686,45:02,11:16,F 25-29/11,F-26,37,1:04:28,42.72%
148,Tami Vigil,"Chino, CA",2483,45:03,11:16,F 40-44/4,F-44,38,1:04:24,45.41%
149,Jas Shelton,"Studio City, CA",2744,45:09,11:18,M 35-39/14,M-38,111,54:04,38.92%
150,George Thomsen*,"Riverside, CA",8738,45:10,11:18,M 55-59/2,M-56,112,1:12:56,44.85%
151,Anthony Ibarra,"Long Beach, CA",2198,45:10,11:18,M 35-39/15,M-39,113,54:05,39.20%
152,Tony Rinauro,"Yorba Linda, CA",2368,45:10,11:18,M 40-44/12,M-40,114,1:12:56,39.50%
153,Nicholas Luna,"Reseda, CA",2252,45:11,11:18,M 25-29/30,M-27,115,47:54,37.31%
154,Maria Sotomayor,"Downey, CA",2749,45:11,11:18,F 35-39/9,F-38,39,1:12:55,43.51%
155,Charles Newton*,"Pomona, CA",8661,45:16,11:19,M 40-44/13,M-40,116,57:15,39.41%
156,Sandy Nguyen,"Santa Ana, CA",2313,45:24,11:21,F 20-24/7,F-21,40,1:00:51,42.38%
157,Shannon Tsui,"Diamond Bar, CA",2460,45:32,11:23,F 20-24/8,F-21,41,1:00:57,42.26%
158,Kevin Stiles,"Ladera Ranch, CA",2431,45:33,11:24,M 40-44/14,M-42,117,57:37,39.75%
159,Doug Remington,"Burbank, CA",2361,45:36,11:24,M 60-64/1,M-60,118,57:40,45.96%
160,Abraham Grimaldi,"Corona, CA",2171,45:38,11:25,M 13-19/3,M-13,119,1:01:07,41.54%
161,Chris Stenerson*,"Corona, CA",8723,45:42,11:26,M 35-39/16,M-39,120,54:36,38.74%
162,Mark Fisher,"Foothill Ranch, CA",2144,45:43,11:26,M 30-34/24,M-32,121,1:20:03,37.16%
163,Hector Garcia,"Long Beach, CA",2156,45:47,11:27,M 25-29/31,M-29,122,1:24:42,36.85%
164,Randy Bryant,"Foothill Ranch, CA",2057,45:51,11:28,M 35-39/17,M-39,123,54:47,38.62%
165,PEGGY REVETTO,"HIGHLAND, CA",7406,45:58,11:30,F 45-49/2,F-46,42,1:20:07,45.34%
166,Edmundo Ayala,"La Puente, CA",2027,46:01,11:31,M 40-44/15,M-43,124,58:04,39.64%
167,Tyler Barnett,"Hollywood, CA",2034,46:08,11:32,M 30-34/25,M-34,125,1:01:40,37.12%
168,Katie Mulgrew,"Hollywood, CA",2299,46:10,11:33,F 20-24/9,F-22,43,1:01:40,41.68%
169,Stephanie Groff,"Los Angeles, CA",7407,46:26,11:37,F 30-34/8,F-31,44,1:09:10,41.47%
170,Tanisia Wells*,"San Diego, CA",7409,46:32,11:38,F 40-44/5,F-40,45,1:20:49,42.71%
171,Victor Whitaker*,"San Diego, CA",8767,46:35,11:39,M 35-39/18,M-39,126,1:20:51,38.01%
172,Natalie Castillo,"West Covina, CA",2080,46:36,11:39,F 20-24/10,F-21,46,58:42,41.29%
173,Deena Johnson,"Mission Viejo, CA",2206,46:41,11:41,F 40-44/6,F-40,47,1:20:49,42.57%
174,Sierra Peery,"Mission Viejo, CA",2790,46:41,11:41,F 30-34/9,F-31,48,1:20:49,41.25%
175,Michelle McMillan,"Mission Viejo, CA",2280,46:42,11:41,F 35-39/10,F-36,49,1:20:50,41.74%
176,Kevin Scally,"Mission Viejo, CA",2400,46:44,11:41,M 35-39/19,M-39,127,49:27,37.89%
177,Natalie Kelly,"Anaheim, CA",2215,46:45,11:42,F 35-39/11,F-39,50,1:14:32,42.30%
178,Lidia Rojas*,"Long Beach, CA",8694,46:48,11:42,F 25-29/12,F-25,51,1:06:13,41.11%
179,Ruben Castro*,"San Bernardino, CA",8558,46:51,11:43,M 30-34/26,M-33,128,1:06:23,36.41%
180,Hans Famularo,"Mission Viejo, CA",2138,46:52,11:43,M 35-39/20,M-37,129,1:21:05,37.21%
181,Krista Fulton,"Chino Hills, CA",2777,46:52,11:43,F 25-29/13,F-26,52,1:21:07,41.05%
182,Matthew Michaelian,"San Clemente, CA",2287,46:52,11:43,M 25-29/32,M-25,130,1:02:24,35.97%
183,Esteban Valdez,"Chula Vista, CA",2465,46:53,11:44,M 45-49/2,M-47,131,1:02:22,40.15%
184,Breana Famularo,"Mission Viejo, CA",2137,46:55,11:44,F 35-39/12,F-35,53,1:21:05,41.40%
185,Rommel Arzaga,"Huntington Beach, CA",2822,47:06,11:47,M 40-44/16,M-43,132,1:06:31,38.73%
186,Kerri Loeffers*,"Hesperia, CA",8623,47:15,11:49,F 20-24/11,F-21,54,1:02:42,40.72%
187,Rudy Gonzalez,"West Covina, CA",2169,47:18,11:50,M 20-24/24,M-22,133,59:24,35.64%
188,Javier Tamai,"Irvine, CA",2440,47:18,11:50,M 50-54/7,M-52,134,52:51,41.42%
189,Marcela Lara,"Riverside, CA",2231,47:18,11:50,F 25-29/14,F-26,55,1:02:45,40.68%
190,Kristen Oballe*,"Chino, CA",8666,47:32,11:53,F 30-34/10,F-33,56,1:07:03,40.65%
191,Emily Thornton,"Placentia, CA",2451,47:33,11:54,F 20-24/12,F-20,57,1:26:31,40.46%
192,Jon Levine,"Long Beach, CA",2238,47:33,11:54,M 30-34/27,M-32,135,59:35,35.73%
193,Nick Anderson,"Tustin, CA",2014,47:34,11:54,M 20-24/25,M-20,136,1:26:31,35.82%
194,Joe Pelkey,"San Diego, CA",2331,47:34,11:54,M 45-49/3,M-46,137,1:21:51,39.26%
195,Heidi Pelkey,"San Diego, CA",2330,47:34,11:54,F 40-44/7,F-41,58,1:21:51,42.06%
196,Nicholas Alvarez,"Yorba Linda, CA",2010,47:35,11:54,M 20-24/26,M-20,138,1:26:32,35.81%
197,Ailene Lynn*,"Twentynine Palms, CA",8636,47:46,11:57,F 25-29/15,F-26,59,1:07:10,40.28%
198,Rodolfo Rodriguez,"Costa Mesa, CA",2380,48:04,12:01,M 30-34/28,M-30,139,1:30:17,35.17%
199,Sandra Quintero,"San Fernando, CA",2352,48:05,12:02,F 35-39/13,F-37,60,1:15:50,40.71%
200,Joe Aranda,"Tustin, CA",2018,48:06,12:02,F 40-44/8,F-41,61,50:49,41.59%
301,Bronwyn Crawford*,"Orange, CA",8569,53:21,13:21,F 35-39/27,F-35,117,1:32:24,36.41%
302,Ryan Jaffe*,"Arcadia, CA",8607,53:21,13:21,M 35-39/27,M-38,185,1:32:24,32.94%
303,Sandra Valle*,"San Bernardino, CA",8748,53:28,13:22,F 30-34/21,F-31,118,1:12:59,36.01%
304,Heather Fletcher,"Santa Ana, CA",2147,53:28,13:22,F 25-29/31,F-26,119,1:08:55,35.98%
305,Marc Nakao,"La Palma, CA",2307,53:34,13:24,M 40-44/24,M-40,186,1:05:35,33.30%
306,Bradley Lane,"Castaic, CA",2228,53:35,13:24,M 50-54/8,M-51,187,1:05:37,36.25%
307,Nancy Lomeli,"Los Angeles, CA",2806,53:36,13:24,F 25-29/32,F-29,120,1:39:48,35.89%
308,John Bellas,"Valley Village, CA",2039,53:37,13:25,M 25-29/41,M-29,188,59:13,31.47%
309,Erwin Widjaja,"Irvine, CA",2494,53:49,13:28,M 30-34/40,M-31,189,1:13:17,31.47%
310,Dennis Lazarte*,"Temple City, CA",8618,53:49,13:28,M 40-44/25,M-40,190,1:13:17,33.14%
311,Brynn Keaty*,"Huntington Beach, CA",8610,53:52,13:28,F 30-34/22,F-31,121,1:21:43,35.75%
312,Chrsitian Stephens*,"Huntington Beach, CA",8724,53:53,13:29,M 45-49/7,M-49,191,1:21:42,35.49%
313,Yumi Matsumoto*,"Canoga Park, CA",8646,54:03,13:31,F 30-34/23,F-34,122,1:16:47,35.84%
314,Sheri Stines*,"Palmdale, CA",8726,54:04,13:31,F 35-39/28,F-36,123,1:22:01,36.05%
315,Courtney Rice,"Long Beach, CA",2365,54:20,13:35,F 20-24/17,F-24,124,1:06:27,35.41%
316,Todd Hall,"Rancho Santa Margarita, CA",2712,54:21,13:36,M 40-44/26,M-43,192,1:06:26,33.56%
317,Corey Bruckschlager*,"Laguna Niguel, CA",8553,54:21,13:36,F 20-24/18,F-24,125,1:06:27,35.40%
318,John Gibbons,"Westlake Village, CA",2162,54:21,13:36,M 40-44/27,M-42,193,1:06:26,33.31%
319,Julie McCullough,"Dana Point, CA",2277,54:21,13:36,F 45-49/9,F-48,126,1:06:26,39.17%
320,Carl Bruckschlager*,"Riverside, CA",8552,54:22,13:36,M 55-59/3,M-56,194,1:06:27,37.26%
321,Terra Whitmeyer,"Lake Forest, CA",2493,54:22,13:36,F 30-34/24,F-33,127,1:17:08,35.54%
322,John Rennie,"Laguna Niguel, CA",2791,54:23,13:36,M 40-44/28,M-42,195,1:06:26,33.29%
323,Abby Megginsn,"Van Nuys, CA",2786,54:32,13:38,F 30-34/25,F-30,128,1:17:18,35.28%
324,Ivan Maldonado,"Santa Ana, CA",2260,54:40,13:40,M 25-29/42,M-25,196,1:10:10,30.83%
325,Debra Henninger,"Mission Viejo, CA",2184,55:19,13:50,F 45-49/10,F-49,129,1:00:53,38.91%
326,Jane Henninger,"Mission Viejo, CA",2875,55:20,13:50,F 13-19/6,F-19,130,1:00:53,34.92%
327,Mike Devries,"Mission Viejo, CA",2876,55:20,13:50,M 13-19/8,M-19,197,1:00:53,31.12%
328,Michele Aguilar*,"West Covina, CA",8519,55:27,13:52,F 40-44/11,F-41,131,1:29:43,36.08%
329,Manuel Covarrubias,"Whittier, CA",2695,55:29,13:53,M 45-49/8,M-47,198,1:29:39,33.92%
330,Mario Bermudez,"Perris, CA",2689,55:31,13:53,M 40-44/29,M-40,199,1:15:02,32.13%
331,Maurice Juwono,"Newhall, CA",2211,55:33,13:54,M 30-34/41,M-31,200,1:14:56,30.49%
332,James Wang*,"Monterey Park, CA",8762,55:33,13:54,M 30-34/42,M-31,201,1:15:02,30.49%
333,Kim Giesy,"Garden Grove, CA",2163,55:46,13:57,F 20-24/19,F-24,132,1:11:18,34.50%
334,Erin Thompson*,"Costa Mesa, CA",8737,55:49,13:58,F 30-34/26,F-30,133,1:18:33,34.47%
335,Curtis McGaughey,"Foothill Ranch, CA",2278,55:55,13:59,M 30-34/43,M-32,202,1:30:16,30.38%
336,Kimberly Miller,"Yorba Linda, CA",2288,56:04,14:01,F 35-39/29,F-36,134,1:23:50,34.76%
337,Aubree Webb*,"Lake Forest, CA",8763,56:09,14:03,F 20-24/20,F-21,135,1:30:29,34.26%
338,Norma Spracale,"Placentia, CA",2422,56:13,14:04,F 40-44/12,F-43,136,1:23:58,36.09%
339,Tiffany Tsui,"Diamond Bar, CA",2461,56:17,14:05,F 20-24/21,F-24,137,1:11:43,34.18%
340,Petronella Dahlstedt,"San Clemente, CA",2858,56:36,14:09,F 20-24/22,F-21,138,1:12:04,33.99%
341,Peggy Gustavsson,"San Clemente, CA",2859,56:36,14:09,F 20-24/23,F-20,139,1:12:03,33.99%
342,Claudia Morales,"Orange, CA",2293,56:37,14:10,F 35-39/30,F-39,140,1:24:23,34.92%
343,Ashelyn Summers*,"Newport Coast, CA",8730,56:49,14:13,F 20-24/24,F-23,141,1:16:15,33.86%
344,Julianne Ly*,"Garden Grove, CA",8635,56:49,14:13,F 25-29/33,F-29,142,1:24:37,33.86%
345,Wayne Black,"Santa Ana, CA",2043,56:49,14:13,M 40-44/30,M-40,203,1:08:51,31.40%
346,Roxanne Tagayun*,"Yorba Linda, CA",8733,56:51,14:13,F 45-49/11,F-48,143,1:24:40,37.45%
347,Rona Tagayun*,"Yorba Linda, CA",8732,56:52,14:13,F 40-44/13,F-44,144,1:24:40,35.97%
348,Samantha Arias*,"Anaheim, CA",8535,57:03,14:16,F 13-19/7,F-13,145,1:31:14,36.38%
349,Ivy Sunshine Lagunay,"Fullerton, CA",2719,57:03,14:16,F 25-29/34,F-29,146,1:31:15,33.72%
350,Ha Dang,"Santa Ana, CA",2115,57:16,14:19,F 20-24/25,F-24,147,1:12:43,33.60%
351,Brian Schlatter,"Fullerton, CA",2402,57:17,14:20,M 45-49/9,M-47,204,1:36:17,32.86%
352,Renee Vearrier,"Fullerton, CA",2479,57:18,14:20,F 40-44/14,F-41,148,1:36:18,34.91%
353,Ryan Ullyott*,"Corona, CA",8746,57:19,14:20,M 35-39/28,M-37,205,1:06:13,30.42%
354,Marcea Croxton,"Menifee, CA",2111,57:19,14:20,F 25-29/35,F-27,149,1:43:23,33.57%
355,KYLE MURPHY,"MENIFEE, CA",7510,57:20,14:20,M 20-24/33,M-24,206,1:43:24,29.40%
356,Erin Haugh,"Redlands, CA",2180,57:23,14:21,F 25-29/36,F-29,150,1:20:08,33.53%
357,Christy Biancullo,"Redlands, CA",2042,57:24,14:21,F 35-39/31,F-39,151,1:20:08,34.45%
358,Claudia Lopez*,"Long Beach, CA",8624,57:33,14:24,F 30-34/27,F-34,152,1:16:55,33.66%
359,Sergio Gastelum*,"Long Beach, CA",8596,57:33,14:24,M 35-39/29,M-38,207,1:16:55,30.53%
360,Ryan Parks,"Mission Viejo, CA",2328,57:37,14:25,F 13-19/8,F-19,153,1:13:03,33.54%
361,Irene Moraga,"Norwalk, CA",2788,57:49,14:28,F 35-39/32,F-39,154,1:32:06,34.20%
362,Shannon Crucil,"Norwalk, CA",2775,57:49,14:28,F 35-39/33,F-39,155,1:32:06,34.20%
363,Audrey Bridges*,"Corona, CA",8551,57:52,14:28,F 35-39/34,F-38,156,1:09:55,33.97%
364,Amber Bridges,"Corona, CA",2050,57:52,14:28,F 13-19/9,F-16,157,1:09:55,34.37%
365,Mike Brown,"La Habra, CA",2691,58:00,14:30,M 25-29/43,M-25,208,58:00,29.05%
366,Nicole Johnson,"San Clemente, CA",2208,58:04,14:31,F 30-34/28,F-30,158,1:20:50,33.13%
367,Trinidad Ramirez,"Huntington Beach, CA",2844,58:05,14:32,M 13-19/9,M-14,209,1:17:31,31.92%
368,Norma Ramirez,"Huntington Beach, CA",2845,58:06,14:32,F 20-24/26,F-22,159,1:17:31,33.11%
369,Sandy Martinovich,"Aliso Viejo, CA",2272,58:14,14:34,F 35-39/35,F-37,160,1:03:49,33.61%
370,Matt Anjakos*,"Chula Vista, CA",8531,58:14,14:34,M 35-39/30,M-37,210,1:10:22,29.95%
371,Beige Suasa*,"San Diego, CA",8727,58:14,14:34,F 25-29/37,F-29,161,1:10:22,33.04%
372,Bridget Nelson,"Long Beach, CA",2311,58:25,14:37,F 25-29/38,F-28,162,1:13:52,32.93%
373,Janine Campanile,"Tustin, CA",2071,58:25,14:37,F 25-29/39,F-28,163,1:13:52,32.93%
374,Jillian Eldredge,"Burbank, CA",2860,58:27,14:37,F 20-24/27,F-23,164,1:32:45,32.91%
375,Laura Thiers,"Venice, CA",2449,58:27,14:37,F 40-44/15,F-41,165,1:32:45,34.23%
376,Shelly Depalma*,"Santa Monica, CA",8574,58:27,14:37,F 45-49/12,F-45,166,1:32:45,35.31%
377,Ronald Welemin*,"Victorville, CA",8765,58:30,14:38,M 50-54/9,M-54,211,1:10:32,34.03%
378,Scott Schultz,"Laguna Beach, CA",2403,58:38,14:40,M 40-44/31,M-41,212,1:04:13,30.65%
379,Heather Lewis**,"Santa Monica, CA",2720,58:39,14:40,F 30-34/29,F-34,167,1:26:24,33.03%
380,Maria Anelli*,"Santa Monica, CA",8530,58:39,14:40,F 35-39/36,F-38,168,1:26:24,33.51%
381,Kelly Delich*,"Torrance, CA",8573,58:39,14:40,F 25-29/40,F-29,169,1:26:24,32.80%
382,Carlos Molina*,"Cypress, CA",8655,58:46,14:42,M 30-34/44,M-32,213,1:37:50,28.91%
383,Christopher Orellana,"Bellflower, CA",2320,58:46,14:42,M 20-24/34,M-20,214,1:37:50,28.99%
384,Suzanne Walburger,"Huntington Beach, CA",7419,58:50,14:43,F NoAge/0,F-0,170,1:33:08, 0.00%
385,Scott Havrisik,"Yorba Linda, CA",2183,58:52,14:43,M 45-49/10,M-47,215,1:26:37,31.97%
386,Massimo Berti,"Studio City, CA",2771,58:52,14:43,M 30-34/45,M-34,216,1:33:10,29.09%
387,Sylvia Casarez,"Newhall, CA",2774,58:55,14:44,F 30-34/30,F-30,171,1:18:17,32.65%
388,George Garcia*,"La Mirada, CA",8592,58:55,14:44,M 20-24/35,M-22,217,58:57,28.61%
389,Karla Colindres,"Newhall, CA",2099,58:56,14:44,F 25-29/41,F-29,172,1:18:18,32.64%
390,Alyssa Calimpusan,"Los Angeles, CA",2064,58:57,14:45,F 20-24/28,F-20,173,58:59,32.64%
391,Kelly Maes,"Los Angeles, CA",2258,59:04,14:46,F 30-34/31,F-30,174,1:18:32,32.57%
392,Natasha O'Brien*,"Pomona, CA",8664,59:05,14:47,F 25-29/42,F-27,175,1:18:35,32.56%
393,Andrew Hannah,"Buena Park, CA",2713,59:08,14:47,M 13-19/10,M-13,218,1:18:36,32.06%
394,Clark Hannah,"Buena Park, CA",2176,59:08,14:47,M 45-49/11,M-48,219,1:18:36,32.06%
395,Matt Hannah,"Buena Park, CA",2177,59:09,14:48,M 13-19/11,M-15,220,1:18:35,30.75%
396,Melinda Campbell*,"San Dimas, CA",8556,59:09,14:48,F 20-24/29,F-22,176,1:45:20,32.53%
397,Christin Grumbein*,"Murtaugh, ID",8601,59:15,14:49,F 25-29/43,F-29,177,1:14:42,32.47%
398,Andrew Grumbein*,"Murtaugh, ID",8600,59:15,14:49,M 30-34/46,M-30,221,1:14:42,28.53%
399,Tim Ohno,"Aliso Viejo, CA",2732,59:19,14:50,M 45-49/12,M-48,222,1:33:42,31.96%
400,Grace Antipala,"Orange, CA",2825,59:20,14:50,F 35-39/37,F-37,178,1:33:42,32.99%
401,Vanessa Sandoval,"Pomona, CA",2868,59:21,14:51,F 20-24/30,F-24,179,1:33:36,32.42%
402,Hien Vuong,"Garden Grove, CA",2796,59:21,14:51,F 25-29/44,F-25,180,1:33:42,32.42%
403,Nancy Ku,"Orange, CA",2782,59:21,14:51,F 25-29/45,F-28,181,1:33:43,32.42%
404,Annie Ledoux,"El Segundo, CA",2236,59:22,14:51,F 30-34/32,F-31,182,1:04:57,32.43%
405,Claudia Keller,"Placentia, CA",2212,59:25,14:52,F 45-49/13,F-45,183,1:33:33,34.74%
406,Kristin Brown,"Placentia, CA",2056,59:25,14:52,F 40-44/16,F-40,184,1:33:34,33.44%
407,Nicholas Mendez,"Downey, CA",2284,59:26,14:52,M 20-24/36,M-24,223,1:14:52,28.36%
408,Maria Villalobos*,"Mira Loma, CA",8754,59:29,14:53,F 30-34/33,F-32,185,1:22:19,32.43%
409,Lauren Calkins,"San Jacinto, CA",2066,59:36,14:54,F 20-24/31,F-23,186,1:22:27,32.28%
410,Debi Calkins,"San Jacinto, CA",2065,59:37,14:55,F 50-54/2,F-50,187,1:22:27,36.55%
411,Heather Calkins*,"Fullerton, CA",8555,59:38,14:55,F 25-29/46,F-27,188,1:22:28,32.26%
412,Abbi Foster,"San Jacinto, CA",2149,59:38,14:55,F 30-34/34,F-30,189,1:22:29,32.26%
413,Jennifer Borderwich*,"Anaheim, CA",8549,59:42,14:56,F 30-34/35,F-33,190,1:33:55,32.37%
414,Alisyn Roth*,"Lakewood, CA",8702,59:43,14:56,F 30-34/36,F-34,191,1:33:56,32.44%
415,Esmeralda Ruvira*,"Mira Loma, CA",8706,59:46,14:57,F 30-34/37,F-33,192,1:22:36,32.33%
416,Abad Loza,"Santa Ana, CA",2246,59:47,14:57,M 20-24/37,M-22,224,59:51,28.19%
417,Samantha Valdez,"Santa Ana, CA",2468,59:48,14:57,F 20-24/32,F-20,193,59:52,32.17%
418,Ray Yoshida,"Gardena, CA",2831,59:53,14:59,M 45-49/13,M-48,225,1:08:49,31.65%
419,Alicia Everetts,"California City, CA",2135,59:55,14:59,F 20-24/33,F-24,194,1:05:27,32.11%
420,Rachel Slater,"Redondo Beach, CA",2412,59:56,14:59,F 30-34/38,F-33,195,1:22:40,32.24%
421,David Rojas*,"Long Beach, CA",8693,59:59,15:00,M 13-19/12,M-18,226,1:19:23,29.07%
422,BJORN DAHL,"SAN DIMAS, CA",7508,1:00:00,15:00,M 30-34/47,M-32,227,1:34:18,28.31%
423,Gina Donnelly,"Azusa, CA",2776,1:00:00,15:00,F 35-39/38,F-38,196,1:34:19,32.76%
424,Michele Johnson,"Palmdale, CA",2781,1:00:00,15:00,F 35-39/39,F-38,197,1:34:18,32.76%
425,Julio Carrasco,"National City, CA",2076,1:00:01,15:01,M 25-29/44,M-26,228,1:19:23,28.08%
426,Lisa Nakano,"Walnut, CA",2304,1:00:02,15:01,F 20-24/34,F-23,198,1:27:47,32.05%
427,Andrea Land*,"Downey, CA",8614,1:00:02,15:01,F 20-24/35,F-22,199,1:27:47,32.05%
428,Robert Tuon,"Santa Ana, CA",2463,1:00:03,15:01,M 25-29/45,M-28,229,1:15:34,28.07%
429,Eddie Sotomayor,"Downey, CA",2748,1:00:08,15:02,M 40-44/32,M-40,230,1:12:09,29.66%
430,Cassandra Mills*,"Temecula, CA",8652,1:00:10,15:03,F 25-29/47,F-27,200,1:27:55,31.98%
431,Jamie Perez*,"Murrieta, CA",8676,1:00:10,15:03,F 25-29/48,F-27,201,1:27:55,31.98%
432,Myra Lopez,"Anaheim, CA",7505,1:00:18,15:05,F 35-39/40,F-36,202,1:34:27,32.32%
433,Michelle Meza,"Los Angeles, CA",2811,1:00:19,15:05,F 25-29/49,F-29,203,1:34:28,31.90%
434,Abbigail Fietzer,"Los Angeles, CA",2143,1:00:19,15:05,F 25-29/50,F-29,204,1:23:03,31.90%
435,Kristen Pizzano,"Hermosa Beach, CA",2341,1:00:20,15:05,F 30-34/39,F-30,205,1:23:04,31.89%
436,Nicole Stefan,"Redondo Beach, CA",2423,1:00:20,15:05,F 25-29/51,F-29,206,1:23:04,31.89%
437,Jerry Gonzalez,"Anaheim, CA",2167,1:00:23,15:06,M 25-29/46,M-27,231,1:15:52,27.91%
438,Sarah Sanner,"Riverside, CA",2398,1:00:23,15:06,F 30-34/40,F-33,207,1:15:52,32.00%
439,Amy Morimoto Stephens,"Costa Mesa, CA",2297,1:00:27,15:07,F 45-49/14,F-45,208,1:34:45,34.14%
440,Stacie Smith,"Downey, CA",2416,1:00:36,15:09,F 35-39/41,F-35,209,1:06:09,32.05%
441,Mario Ramirez,"Whittier, CA",2355,1:00:37,15:10,M 35-39/31,M-38,232,1:28:28,28.99%
442,Leticia Padilla,"Murrieta, CA",2323,1:00:38,15:10,F 35-39/42,F-38,210,1:28:28,32.42%
443,Liam Childs,"Ladera Ranch, CA",2091,1:00:49,15:13,M 13-19/13,M-14,233,1:28:33,30.48%
444,Jonnel Barett,"Riverside, CA",2687,1:00:51,15:13,F 40-44/17,F-41,211,1:28:37,32.88%
445,Amanda Stenerson*,"Corona, CA",8722,1:00:51,15:13,F 30-34/41,F-31,212,1:28:37,31.64%
446,Melissa Magat*,"San Diego, CA",8637,1:01:05,15:17,F 30-34/42,F-31,213,1:03:48,31.52%
447,Trisha Duran,"Pico Rivera, CA",2125,1:01:13,15:19,F 30-34/43,F-30,214,1:20:47,31.43%
448,Norma Gamez,"Anaheim, CA",2815,1:01:13,15:19,F 25-29/52,F-27,215,1:20:35,31.43%
449,Crysany Bregman*,"Riverside, CA",8550,1:01:14,15:19,F 20-24/36,F-22,216,1:16:39,31.42%
450,Joey Villanova,"West Covina, CA",2886,1:01:18,15:20,M 45-49/14,M-47,234,1:13:20,30.70%
451,Jonathan Galvez,"Downey, CA",2151,1:01:19,15:20,M 20-24/38,M-22,235,1:20:43,27.49%
452,Ashley Astudillo,"Downey, CA",2024,1:01:19,15:20,F 20-24/37,F-22,217,1:20:43,31.38%
453,Arthur Gharakhanian,"Anaheim, CA",2161,1:01:20,15:20,M 25-29/47,M-28,236,1:20:46,27.48%
454,Alicia Valenzuela,"Anaheim, CA",2472,1:01:21,15:21,F 25-29/53,F-29,218,1:20:47,31.36%
455,Margarita Pulido,"Downey, CA",2349,1:01:22,15:21,F 20-24/38,F-23,219,1:16:47,31.35%
456,Wendy Camarillo,"Lynwood, CA",2070,1:01:22,15:21,F 25-29/54,F-26,220,1:20:51,31.35%
457,Cindy Camarillo,"Lynwood, CA",2068,1:01:23,15:21,F 20-24/39,F-24,221,1:20:52,31.34%
458,Edith Arias,"Los Angeles, CA",2020,1:01:27,15:22,F 25-29/55,F-26,222,1:20:54,31.31%
459,Rocio Herrera,"Placentia, CA",2187,1:01:29,15:23,F 25-29/56,F-29,223,1:24:14,31.29%
460,Denise Vega,"Lakewood, CA",2480,1:01:29,15:23,F 30-34/44,F-30,224,1:24:14,31.29%
461,Monica Velez*,"Norwalk, CA",7408,1:01:29,15:23,F 40-44/18,F-41,225,1:35:45,32.54%
462,Maryvon Xayaphanthong,"Moreno Valley, CA",2499,1:01:32,15:23,F 13-19/10,F-18,226,1:40:33,31.59%
463,Shannon Lavalley*,"Riverside, CA",8616,1:01:32,15:23,F 25-29/57,F-29,227,1:29:20,31.27%
464,Sharon Lavalley*,"Riverside, CA",8617,1:01:33,15:24,F 55-59/1,F-56,228,1:29:21,38.24%
465,Phayvanh Nanthavongdouangsy,"Banning, CA",2308,1:01:33,15:24,F 30-34/45,F-31,229,1:40:34,31.28%
466,Amanda Childs,"Ladera Ranch, CA",2090,1:01:34,15:24,F 35-39/43,F-35,230,1:29:18,31.55%
467,Brian Ritzenthaler,"Camp Verde, AZ",2371,1:01:36,15:24,M 65-69/1,M-66,237,1:29:19,35.91%
468,Selin Mirzaeian*,"Anaheim, CA",8653,1:01:39,15:25,F 30-34/46,F-32,231,1:35:51,31.29%
469,Bobae Park*,"Anaheim, CA",8669,1:01:40,15:25,F 25-29/58,F-29,232,1:35:52,31.20%
470,Jacqueline Swope,"Riverside, CA",2437,1:01:41,15:26,F 20-24/40,F-24,233,1:29:29,31.19%
471,Marcie Cortez,"Orange, CA",2103,1:01:45,15:27,F 40-44/19,F-40,234,1:36:01,32.18%
472,Cara Smith,"Costa Mesa, CA",2413,1:01:51,15:28,F 30-34/47,F-33,235,1:24:38,31.24%
473,Brian Nakao,"Irvine, CA",2306,1:01:52,15:28,M 35-39/32,M-35,238,1:29:39,27.84%
474,Colleen Collazo,"Bellflower, CA",2100,1:01:53,15:29,F 50-54/3,F-53,236,1:36:09,36.56%
475,Assael Nakao,"Irvine, CA",2305,1:01:53,15:29,F 25-29/59,F-29,237,1:29:39,31.09%
476,Theresa Salazar,"Downey, CA",2391,1:01:54,15:29,F 30-34/48,F-31,238,1:36:11,31.10%
477,Paul Valenti,"Riverside, CA",2470,1:02:01,15:31,M 30-34/48,M-33,239,1:07:33,27.50%
478,Robin Valenti,"Riverside, CA",2471,1:02:01,15:31,F 30-34/49,F-33,239,1:07:34,31.16%
479,Julissa Trapp*,"Anaheim, CA",8741,1:02:20,15:35,F 30-34/50,F-34,240,1:21:46,31.08%
480,Kacey Costa,"Yorba Linda, CA",2105,1:02:21,15:36,F 35-39/44,F-38,241,1:21:46,31.52%
481,Elizabeth Alcazar,"Garden Grove, CA",2007,1:02:24,15:36,F 25-29/60,F-26,242,1:17:50,30.83%
482,Monica Roy,"San Clemente, CA",2385,1:02:38,15:40,F 45-49/15,F-45,243,1:36:59,32.95%
483,Eddie Gaytan,"Los Angeles, CA",2707,1:02:38,15:40,M 25-29/48,M-25,240,1:05:20,26.91%
484,Bethany Suhr*,"La Mirada, CA",8728,1:02:40,15:40,F 25-29/61,F-27,244,1:18:10,30.70%
485,Katie Cazares,"West Covina, CA",2082,1:02:40,15:40,F 20-24/41,F-24,245,1:18:10,30.70%
486,Emily Blake,"Long Beach, CA",2690,1:02:41,15:41,F 20-24/42,F-22,246,1:18:10,30.69%
487,Janae Blea,"Livermore, CA",2044,1:02:41,15:41,F 20-24/43,F-23,247,1:18:10,30.69%
488,Jessica Pearce*,"Grass Valley, CA",8673,1:02:41,15:41,F 20-24/44,F-23,248,1:18:10,30.69%
489,Kayleigh Sullivan,"La Mirada, CA",2436,1:02:42,15:41,F 20-24/45,F-20,249,1:18:10,30.68%
490,Kristi Fenton,"Lake Forest, CA",2141,1:02:47,15:42,F 20-24/46,F-21,250,1:37:07,30.64%
491,Candice Gump,"Seal Beach, CA",2810,1:03:17,15:50,F 30-34/51,F-31,251,1:06:00,30.43%
492,Ryan Nash,"Seal Beach, CA",2805,1:03:17,15:50,M 25-29/49,M-29,241,1:06:00,26.66%
493,Michelle Aguilar,"Costa Mesa, CA",2003,1:03:19,15:50,F 40-44/20,F-44,252,1:37:31,32.31%
494,Betsy Macias,"Fullerton, CA",2255,1:03:19,15:50,F 40-44/21,F-42,253,1:37:30,31.81%
495,Gina Flores*,"Los Angeles, CA",8586,1:03:22,15:51,F 40-44/22,F-43,254,1:26:05,32.02%
496,Kelly Lewis,"Rancho Cucamonga, CA",2239,1:03:29,15:53,F 30-34/52,F-30,255,1:42:28,30.30%
497,Nate Lewis,"Rancho Cucamonga, CA",2240,1:03:29,15:53,M 30-34/49,M-30,242,1:42:28,26.63%
498,Jason Borboa,"Santa Ana, CA",2047,1:03:34,15:54,M 35-39/33,M-38,243,1:12:28,27.64%
499,Gina Rogers,"Placentia, CA",2381,1:03:36,15:54,F 35-39/45,F-37,256,1:31:20,30.77%
500,Jason Rogers,"Placentia, CA",2382,1:03:36,15:54,M 35-39/34,M-36,244,1:31:20,27.23%
501,Fredy Anaya*,"Montclair, CA",8528,1:03:36,15:54,M 25-29/50,M-29,245,1:19:06,26.53%
502,Goustin Bernaba*,"Montclair, CA",8542,1:03:38,15:55,F 25-29/62,F-28,257,1:19:08,30.23%
503,Elaine Gomez,"Corona, CA",2165,1:03:44,15:56,F 30-34/53,F-34,258,1:19:15,30.39%
504,Angel Grimaldi,"Corona, CA",2172,1:03:44,15:56,M 13-19/14,M-16,246,1:19:15,28.07%
505,Sadie Grimaldi,"Corona, CA",2173,1:03:44,15:56,F 13-19/11,F-14,259,1:19:14,32.04%
506,Alex Oliveros,"Los Angeles, CA",2318,1:03:46,15:57,F 35-39/46,F-37,260,1:38:07,30.69%
507,Guillermo Beltran,"Los Angeles, CA",2040,1:03:47,15:57,M 13-19/15,M-14,247,1:38:07,29.06%
508,Cecilia Haines,"Los Angeles, CA",2711,1:03:48,15:57,F 30-34/54,F-30,261,1:38:07,30.15%
509,Tamara Tuitama,"Rancho Cucamonga, CA",2863,1:03:50,15:58,F 25-29/63,F-29,262,1:23:13,30.14%
510,Linda Flinn,"Long Beach, CA",2148,1:03:50,15:58,F 50-54/4,F-52,263,1:38:00,35.00%
511,Rey Crisostomo,"Anaheim, CA",2110,1:03:58,16:00,M 13-19/16,M-14,248,1:26:45,28.98%
512,Karol Garza,"Hesperia, CA",2160,1:04:05,16:02,F 30-34/55,F-31,264,1:26:54,30.05%
513,Raquel Miranda,"Yorba Linda, CA",2289,1:04:09,16:03,F 40-44/23,F-41,265,1:13:05,31.19%
514,Lisa Horn,"Moreno Valley, CA",2716,1:04:13,16:04,F 40-44/24,F-40,266,1:38:24,30.94%
515,Oonagh Kennedy,"Fullerton, CA",2217,1:04:14,16:04,F 25-29/64,F-29,267,1:04:17,29.95%
516,Carmen Payne,"Perris, CA",7424,1:04:14,16:04,F 40-44/25,F-41,268,1:38:24,31.14%
517,Lisa Frantz,"Riverside, CA",2704,1:04:15,16:04,F 40-44/26,F-40,269,1:38:25,30.93%
518,Monique Sanchez,"Whittier, CA",2395,1:04:17,16:05,F 25-29/65,F-29,270,1:46:34,29.93%
519,Louis Beck,"Whittier, CA",2038,1:04:18,16:05,M 35-39/35,M-37,249,1:46:35,27.12%
520,Jessica Cerda,"Chino, CA",2085,1:04:22,16:06,F 25-29/66,F-29,271,1:32:13,29.89%
521,Devin Ross,"Orange, CA",2742,1:04:30,16:08,M 13-19/17,M-16,250,1:43:25,27.73%
522,Gehric Ross*,"Orange, CA",8701,1:04:35,16:09,M 30-34/50,M-32,251,1:43:31,26.30%
523,Robert Anderson,"Carlsbad, CA",2015,1:04:39,16:10,M 25-29/51,M-29,252,1:50:49,26.10%
524,Robert Maldonado,"Bellflower, CA",2723,1:04:39,16:10,M 30-34/51,M-32,253,1:24:10,26.28%
525,Malissa Buentello*,"Norwalk, CA",8554,1:04:47,16:12,F 40-44/27,F-40,272,1:39:03,30.67%
526,Ashley Accosta,"Hermosa Beach, CA",2684,1:04:49,16:13,F 20-24/47,F-21,273,1:24:15,29.68%
527,Porscha Ferguson,"Bellflower, CA",2703,1:04:50,16:13,F 25-29/67,F-25,274,1:24:16,29.67%
528,Lani Lucero,"Costa Mesa, CA",2247,1:04:53,16:14,F 40-44/28,F-41,275,1:32:42,30.83%
529,Melissa Leibowitz*,"Los Angeles, CA",8620,1:04:57,16:15,F 25-29/68,F-26,276,1:20:25,29.62%
530,Kim Morris*,"Los Angeles, CA",8658,1:04:58,16:15,F 25-29/69,F-26,277,1:20:26,29.61%
531,Sharon Hey,"Rancho Palos Verdes, CA",2188,1:05:01,16:16,F 40-44/29,F-42,278,1:24:25,30.97%
532,Steve Maclean,"Anaheim, CA",2257,1:05:03,16:16,M 25-29/52,M-27,254,1:47:20,25.91%
533,Lara Maclean,"Anaheim, CA",2256,1:05:03,16:16,F 25-29/70,F-25,279,1:47:19,29.57%
534,Mary Borneman,"Long Beach, CA",2048,1:05:05,16:17,F 35-39/47,F-36,280,1:24:29,29.94%
535,Karen Laforteza,"Westlake Village, CA",2226,1:05:07,16:17,F 35-39/48,F-39,281,1:32:52,30.36%
536,Caroline Chey,"Long Beach, CA",2089,1:05:07,16:17,F 35-39/49,F-35,282,1:32:52,29.83%
537,Elena Rodriguez,"Pacoima, CA",2378,1:05:10,16:18,F 40-44/30,F-40,283,1:32:57,30.49%
538,Krystal Baneggas*,"Canoga Park, CA",8539,1:05:10,16:18,F 30-34/56,F-30,284,1:32:57,29.52%
539,Krishann Wesley,"Simi Valley, CA",2490,1:05:10,16:18,F 25-29/71,F-26,285,1:32:56,29.52%
540,Maria Forrester*,"Sylmar, CA",8588,1:05:10,16:18,F 25-29/72,F-28,286,1:32:57,29.52%
541,Erica Azoyan,"Orange, CA",2028,1:05:11,16:18,F 25-29/73,F-29,287,1:39:25,29.51%
542,Ana Thompson,"Huntington Beach, CA",2450,1:05:11,16:18,F 25-29/74,F-25,288,1:32:57,29.51%
543,Jeff Reiser,"Huntington Beach, CA",2359,1:05:12,16:18,M 45-49/15,M-49,255,1:39:25,29.33%
544,Marisa Gaitan,"Los Angeles, CA",2705,1:05:19,16:20,F 25-29/75,F-28,289,1:24:47,29.45%
545,Leilani Tuitama*,"Rancho Cucamonga, CA",8744,1:05:22,16:21,F 25-29/76,F-28,290,1:24:44,29.43%
546,Oriana Tuitama,"Rancho Cucamonga, CA",2462,1:05:22,16:21,F 20-24/48,F-23,291,1:24:46,29.43%
547,Brandon Martini,"Chino Hills, CA",2270,1:05:27,16:22,M 20-24/39,M-22,256,1:05:30,25.75%
548,Gabriela Gaytan,"Los Angeles, CA",2708,1:05:30,16:23,F 20-24/49,F-21,292,1:24:58,29.37%
549,Tracy Hopkins,"Foothill Ranch, CA",2193,1:05:30,16:23,F 35-39/50,F-38,293,1:39:50,30.01%
550,Tracy Haugh,"Foothill Ranch, CA",2181,1:05:31,16:23,F 40-44/31,F-41,294,1:39:50,30.53%
551,Brent Flaharty,"Foothill Ranch, CA",2145,1:05:31,16:23,M 35-39/36,M-37,257,1:39:55,26.62%
552,Josh Hodgson,"Foothill Ranch, CA",2191,1:05:31,16:23,M 35-39/37,M-35,258,1:39:55,26.28%
553,Ed Hobson,"Lake Forest, CA",2190,1:05:31,16:23,M 40-44/33,M-41,259,1:05:31,27.43%
554,Cindy Shelton,"Valencia, CA",2408,1:05:37,16:25,F 25-29/77,F-28,295,1:25:00,29.32%
555,Carrie Taylor*,"Van Nuys, CA",8735,1:05:38,16:25,F 30-34/57,F-33,296,1:25:00,29.44%
556,Andrea Rodriguez,"Santa Monica, CA",2374,1:05:41,16:26,F 20-24/50,F-23,297,1:40:04,29.29%
557,Diane Roberts,"Menifee, CA",2373,1:05:42,16:26,F 30-34/58,F-33,298,1:40:04,29.41%
558,Lourdes Guardado,"Fullerton, CA",2837,1:05:42,16:26,F 25-29/78,F-28,299,1:40:04,29.28%
559,Melinda Leekin*,"Whittier, CA",8619,1:05:48,16:27,F 25-29/79,F-27,300,1:33:38,29.24%
560,Rommina Dobrovolny,"El Segundo, CA",2123,1:06:01,16:31,F 30-34/59,F-30,301,1:18:08,29.14%
561,Krystal Chavarria,"El Segundo, CA",2088,1:06:05,16:32,F 13-19/12,F-16,302,1:18:11,30.10%
562,Alex Arreguin*,"Costa Mesa, CA",2999,1:06:17,16:35,M 20-24/40,M-24,260,1:08:59,25.43%
563,Lesley Gonzalez,"Irvine, CA",2168,1:06:18,16:35,F 55-59/2,F-58,303,1:08:59,36.46%
564,Shelly Pare,"Diamond Bar, CA",2326,1:06:19,16:35,F 25-29/80,F-29,304,1:25:45,29.01%
565,Brent Pare,"Diamond Bar, CA",2325,1:06:21,16:36,M 25-29/53,M-29,261,1:25:46,25.43%
566,Grisel Leyva,"Santa Ana, CA",2241,1:06:27,16:37,F 25-29/81,F-26,305,1:21:55,28.95%
567,Danny Andrews*,"Ontario, CA",8529,1:06:28,16:37,M 35-39/38,M-38,262,1:15:22,26.44%
568,Tiffany Mercurio,"South Gate, CA",2286,1:06:34,16:39,F 30-34/60,F-30,306,1:12:07,28.90%
569,Doug Daniels,"Long Beach, CA",2116,1:06:44,16:41,M 45-49/16,M-45,263,1:26:07,27.75%
570,Sharon Faustina,"Long Beach, CA",2140,1:06:45,16:42,F 40-44/32,F-41,307,1:26:08,29.97%
571,DAVID ALCOSSER,"YORBA LINDA, CA",7501,1:06:46,16:42,M 13-19/18,M-17,264,1:06:48,26.44%
572,ALEXANDRIA HUGHES,"YORBA LINDA, CA",7504,1:06:47,16:42,F 13-19/13,F-17,308,1:06:49,29.43%
573,Rebecca Wright*,"Riverside, CA",7415,1:06:47,16:42,F 35-39/51,F-35,309,1:09:32,29.08%
574,Eduardo Cobos*,"Inglewood, CA",8563,1:06:50,16:43,M 25-29/54,M-25,265,1:26:13,25.22%
575,Valentine Lopez*,"La Mirada, CA",8631,1:06:54,16:44,M 35-39/39,M-35,266,1:09:35,25.74%
576,Patricia Lopez*,"La Mirada, CA",8629,1:06:54,16:44,F 30-34/61,F-31,310,1:09:35,28.78%
577,Doreena Shillington*,"Costa Mesa, CA",8717,1:07:01,16:46,F 40-44/33,F-43,311,1:41:20,30.27%
578,Susan Biggio*,"Costa Mesa, CA",8543,1:07:03,16:46,F 45-49/16,F-49,312,1:41:22,32.10%
579,Erin Meadows,"Costa Mesa, CA",2727,1:07:05,16:47,F 30-34/62,F-30,313,1:07:05,28.67%
580,Mark Meadows,"Costa Mesa, CA",2728,1:07:06,16:47,M 35-39/40,M-35,267,1:07:06,25.66%
581,Leticia Alvarez*,"Los Angeles, CA",7416,1:07:16,16:49,F 30-34/63,F-30,314,1:30:00,28.60%
582,Valerie Alvarez*,"Lennox, CA",8524,1:07:17,16:50,F 30-34/64,F-32,315,1:30:00,28.67%
583,Connie Valles,"Costa Mesa, CA",2474,1:07:20,16:50,F 35-39/52,F-38,316,1:41:32,29.19%
584,Linda McGavran-Martinez*,"Newport Beach, CA",8647,1:07:20,16:50,F 45-49/17,F-46,317,1:41:33,30.95%
585,Chris Rabanera,"Buena Park, CA",2354,1:07:20,16:50,M 25-29/55,M-25,268,1:41:41,25.03%
586,Sunny Byon,"Cypress, CA",2062,1:07:21,16:51,F 35-39/53,F-39,318,1:41:32,29.36%
587,Keith Brandon,"Foothill Ranch, CA",2049,1:07:29,16:53,M 35-39/41,M-37,269,1:41:47,25.84%
588,Jana Walsh*,"Sylmar, CA",8760,1:07:34,16:54,F 35-39/54,F-37,319,1:19:38,28.97%
589,Katherine Baeza,"La Crescenta, CA",2029,1:07:34,16:54,F 25-29/82,F-27,320,1:19:38,28.47%
590,Andrew Fitkowski,"Alhambra, CA",2885,1:07:34,16:54,M 25-29/56,M-29,270,1:19:38,24.97%
591,Michael Gibbons,"Huntington Beach, CA",7418,1:07:36,16:54,M 40-44/34,M-40,271,1:19:41,26.39%
592,Alina Matsuda,"Irvine, CA",2273,1:07:37,16:55,F 13-19/14,F-15,321,1:16:32,29.78%
593,Kristen Matsuda,"Irvine, CA",2274,1:07:37,16:55,F 13-19/15,F-16,322,1:16:32,29.41%
594,Alice Cuellar*,"Villa Park, CA",8570,1:07:48,16:57,F 45-49/18,F-46,323,1:30:38,30.74%
595,Maylin Hsu*,"Huntington Beach, CA",8604,1:07:49,16:58,F 40-44/34,F-40,324,1:30:39,29.30%
596,Kyle Sakazaki*,"Monterey Park, CA",8707,1:07:53,16:59,M 25-29/57,M-28,272,1:16:47,24.83%
597,Daniel Ortega,"Santa Ana, CA",2322,1:07:54,16:59,M 25-29/58,M-27,273,1:23:22,24.82%
598,Della Favre*,"Anaheim, CA",8582,1:07:56,16:59,F 45-49/19,F-46,325,1:42:18,30.67%
599,Alma Romero*,"Quail Valley, CA",8695,1:08:03,17:01,F 20-24/51,F-22,326,1:13:38,28.27%
600,Maria Perez,"Bell Gardens, CA",2338,1:08:13,17:04,F 25-29/83,F-29,327,1:47:08,28.20%
601,Edith Aguirre,"Garden Grove, CA",2006,1:08:13,17:04,F 25-29/84,F-29,328,1:47:08,28.20%
602,Joe Camarillo,"Lynwood, CA",2069,1:08:18,17:05,M 30-34/52,M-30,274,1:13:50,24.75%
603,Jennifer Mason,"Cypress, CA",2848,1:08:22,17:06,F 25-29/85,F-28,329,1:47:19,28.14%
604,Leigh Butler,"Beverly Hills, CA",2060,1:08:23,17:06,F 30-34/65,F-30,330,1:47:20,28.13%
605,Nancy Hilgardner,"Las Vegas, NV",2715,1:08:23,17:06,F 25-29/86,F-25,331,1:47:27,28.13%
606,Suzanne Bazan,"Las Vegas, NV",2688,1:08:23,17:06,F 25-29/87,F-28,332,1:47:27,28.13%
607,Kattie Garrigue*,"West Covina, CA",8595,1:08:32,17:08,F 25-29/88,F-25,333,1:42:42,28.07%
608,April Lowe*,"Anaheim, CA",8633,1:08:32,17:08,F 30-34/66,F-32,334,1:42:43,28.14%
609,Juli Koffman*,"Chino, CA",8613,1:08:36,17:09,F 40-44/35,F-44,335,1:42:46,29.82%
610,Jessica Schiano,"Huntington Beach, CA",2401,1:08:41,17:11,F 30-34/67,F-34,336,1:36:25,28.20%
611,Kelly Bridgford,"Huntington Beach, CA",2052,1:08:42,17:11,F 25-29/89,F-28,337,1:36:26,28.00%
612,Lynne Stevenson,"Irvine, CA",2428,1:08:43,17:11,F 45-49/20,F-47,338,1:43:04,30.64%
613,Desiree Vasquez,"San Juan Capistrano, CA",2478,1:08:44,17:11,F 40-44/36,F-41,339,1:43:05,29.11%
614,Ivana Robles*,"Torrance, CA",8689,1:08:52,17:13,F 13-19/16,F-16,340,1:24:18,28.88%
615,Kristin Dutwiler,"Mission Viejo, CA",2128,1:08:59,17:15,F 30-34/68,F-30,341,1:31:49,27.89%
616,Karen Coley,"Long Beach, CA",2098,1:09:05,17:17,F 40-44/37,F-43,342,1:43:15,29.37%
617,Teresa Yochum,"Placentia, CA",2505,1:09:06,17:17,F 40-44/38,F-42,343,1:21:10,29.14%
618,Maricel Castellon,"Long Beach, CA",2079,1:09:08,17:17,F 40-44/39,F-41,344,1:43:17,28.94%
619,Oscar Rosales,"Santa Ana, CA",2384,1:09:12,17:18,M 25-29/59,M-28,275,1:24:40,24.36%
620,Irene Larsen,"Mission Viejo, CA",2234,1:09:16,17:19,F 45-49/21,F-46,345,1:48:17,30.08%
621,Rebecca Aguilar*,"Riverside, CA",8520,1:09:21,17:21,F 25-29/90,F-26,346,1:28:47,27.74%
622,Robert Martinez,"Azusa, CA",2725,1:09:46,17:27,M 30-34/53,M-33,276,1:44:00,24.44%
623,Jacqueline Sipaque,"Downey, CA",2747,1:09:47,17:27,F 20-24/52,F-23,347,1:44:00,27.57%
624,Alma Guerrero,"Yucaipa, CA",2174,1:10:01,17:31,F 30-34/69,F-31,348,1:29:31,27.50%
625,Allison Volivitch*,"La Palma, CA",8757,1:10:02,17:31,F 13-19/17,F-19,349,1:49:06,27.59%
626,Vincent De La Ossa*,"San Diego, CA",8572,1:10:03,17:31,M 30-34/54,M-32,277,1:29:30,24.25%
627,Anikke Volivitch*,"Costa Mesa, CA",8758,1:10:03,17:31,F 20-24/53,F-24,350,1:49:06,27.46%
628,Berenisa Anguiano,"Santa Ana, CA",2016,1:10:03,17:31,F 25-29/91,F-28,351,1:25:31,27.46%
629,Edward Reynoso,"Whittier, CA",2364,1:10:05,17:32,M 20-24/41,M-24,278,1:49:07,24.05%
630,Kevin Kohl,"San Juan Capistrano, CA",2223,1:10:06,17:32,M 30-34/55,M-30,279,1:15:41,24.11%
631,Alicia Pollack,"Costa Mesa, CA",2343,1:10:09,17:33,F 25-29/92,F-25,352,1:49:12,27.42%
632,William Calkins,"San Jacinto, CA",2067,1:10:27,17:37,M 50-54/10,M-51,280,1:22:29,27.57%
633,Gloria Pereira,"Long Beach, CA",2333,1:10:31,17:38,F 30-34/70,F-32,353,1:52:45,27.35%
634,Diane Cruz,"Costa Mesa, CA",2112,1:10:32,17:38,F 30-34/71,F-30,354,1:52:46,27.27%
635,Roberta Martinez Garza,"Orange, CA",2269,1:10:41,17:41,F 40-44/40,F-44,355,1:19:36,28.94%
636,BRITNEY MAXWELL,"SAN CLEMENTE, CA",7511,1:10:44,17:41,F 25-29/93,F-27,356,1:33:33,27.20%
637,Peter Aquino*,"Redlands, CA",8532,1:10:44,17:41,M 40-44/35,M-43,281,1:56:56,25.78%
638,JAMIE PELLERIN,"SANTA ANA, CA",7512,1:10:45,17:42,F 20-24/54,F-24,357,1:33:34,27.19%
639,Anthony Sison*,"Tracy, CA",8721,1:10:53,17:44,M 40-44/36,M-43,282,1:22:54,25.73%
640,Claudia Crisostomo,"Anaheim, CA",2107,1:10:56,17:44,F 30-34/72,F-32,358,1:33:44,27.19%
641,Stephen Hulsey*,"Los Angeles, CA",8605,1:11:00,17:45,M 65-69/2,M-68,283,1:23:02,31.74%
642,Leah Isas,"Capistrano Beach, CA",2203,1:11:08,17:47,F 25-29/94,F-25,359,1:16:44,27.04%
643,Oscar Mejorado,"Capistrano Beach, CA",2283,1:11:09,17:48,M 35-39/42,M-36,284,1:16:44,24.34%
644,Elina Nichols,"Fontana, CA",2314,1:11:19,17:50,F 35-39/55,F-35,360,1:39:03,27.23%
645,Kumi Amato,"Rancho Cucamonga, CA",2012,1:11:19,17:50,F 35-39/56,F-36,361,1:39:03,27.33%
646,Jessica Saldivar,"Fullerton, CA",2392,1:11:38,17:55,F 30-34/73,F-31,362,1:31:12,26.88%
647,Devi Farmer,"San Bernardino, CA",2701,1:11:41,17:56,F 30-34/74,F-30,363,1:34:25,26.84%
648,Adela Amaya*,"Cerritos, CA",8525,1:12:09,18:03,F 25-29/95,F-26,364,1:58:13,26.66%
649,Steve Rodriguez*,"Huntington Park, CA",8692,1:12:09,18:03,M 25-29/60,M-26,285,1:58:13,23.36%
650,Andre Massignani*,"Winchester, CA",8644,1:12:14,18:04,M 35-39/43,M-39,286,1:12:14,24.51%
651,Jay Tanaka,"Rowland Heights, CA",2444,1:12:19,18:05,M 35-39/44,M-38,287,1:21:14,24.30%
652,Connie Kuykendall,"San Bernardino, CA",2225,1:12:27,18:07,F 30-34/75,F-31,365,1:51:26,26.58%
653,Iveth Gamez,"Rancho Cucamonga, CA",2153,1:12:44,18:11,F 25-29/96,F-28,366,1:32:13,26.45%
654,Dora Torres,"Lake Forest, CA",2456,1:12:44,18:11,F 30-34/76,F-34,367,1:32:14,26.63%
655,Laura Manzano,"Foothill Ranch, CA",2264,1:12:44,18:11,F 30-34/77,F-33,368,1:32:14,26.56%
656,Julio Morales,"Costa Mesa, CA",2294,1:12:55,18:14,M 35-39/45,M-36,288,1:35:42,23.75%
657,Hayley Witt*,"Newbury Park, CA",8769,1:12:57,18:15,F 20-24/55,F-24,369,1:35:45,26.37%
658,Barbara Pool*,"Camarillo, CA",8682,1:12:57,18:15,F 40-44/41,F-42,370,1:35:45,27.61%
659,Xochitl Morales*,"Victorville, CA",8657,1:13:02,18:16,F 35-39/57,F-37,371,1:35:51,26.80%
660,Noemi Morales,"Anaheim, CA",2296,1:13:02,18:16,F 30-34/78,F-31,372,1:35:50,26.36%
661,Megan Morales,"Costa Mesa, CA",2295,1:13:03,18:16,F 30-34/79,F-30,373,1:35:49,26.34%
662,Ryan Hubers,"Lake Forest, CA",2780,1:13:03,18:16,M 30-34/56,M-32,289,1:13:06,23.25%
663,Belen Morales,"Tustin, CA",2292,1:13:03,18:16,F 30-34/80,F-30,374,1:35:50,26.34%
664,Amanda Mendoza,"Lake Forest, CA",2787,1:13:08,18:17,F 25-29/97,F-25,375,1:13:12,26.30%
665,Wyndi Aguilar,"Norwalk, CA",2004,1:13:42,18:26,F 40-44/42,F-41,376,1:47:57,27.14%
666,Mica Matvia,"Laguna Hills, CA",2276,1:13:43,18:26,F 30-34/81,F-32,377,1:19:16,26.16%
667,Jennifer Ketchersid,"Anaheim, CA",2218,1:13:43,18:26,F 25-29/98,F-25,378,1:19:17,26.10%
668,Elisha Peralto,"Whittier, CA",2332,1:13:46,18:27,F 30-34/82,F-34,379,1:36:33,26.26%
669,Shelley Sanchez,"Chino Hills, CA",2396,1:13:47,18:27,F 45-49/22,F-49,380,1:36:33,29.17%
670,Anita Carlos,"Whittier, CA",2074,1:13:47,18:27,F 40-44/43,F-40,381,1:36:34,26.93%
671,Joleen Quach,"Thousand Oaks, CA",2350,1:13:54,18:29,F 20-24/56,F-24,382,1:29:21,26.03%
672,Augusta Salegna,"Thousand Oaks, CA",2393,1:13:56,18:29,F 20-24/57,F-24,383,1:29:23,26.02%
673,Claribel Ramos,"Long Beach, CA",2356,1:14:03,18:31,F 25-29/99,F-26,384,1:53:06,25.98%
674,Jose Giovanni Ramos,"Long Beach, CA",2358,1:14:04,18:31,M 25-29/61,M-29,290,1:53:07,22.78%
675,Evette Hernandez,"Long Beach, CA",2185,1:14:05,18:32,F 25-29/100,F-27,385,1:53:08,25.97%
676,John Treat*,"Anaheim, CA",8742,1:14:23,18:36,M 40-44/37,M-43,291,1:26:28,24.52%
677,Rachell Chasteler,"Mission Viejo, CA",2087,1:14:23,18:36,F 40-44/44,F-43,386,1:26:29,27.27%
678,Jacklyn Chasteler,"Mission Viejo, CA",2086,1:14:23,18:36,F 13-19/18,F-15,387,1:26:28,27.07%
679,Douglas Parsell*,"Santa Clarita, CA",8672,1:14:29,18:38,M 20-24/42,M-21,292,1:56:45,22.72%
680,Kazandra Crisostomo,"Anaheim, CA",2108,1:14:52,18:43,F 13-19/19,F-13,388,1:37:39,27.72%
681,Moaniala Valdez*,"Port Hueneme, CA",8747,1:15:24,18:51,F 30-34/83,F-33,389,1:38:12,25.62%
682,Cheryl Wheelock*,"Newbury Park, CA",8766,1:15:26,18:52,F 45-49/23,F-46,390,1:38:13,27.62%
683,Sunny Sirinopwongsagon,"Torrance, CA",2411,1:15:40,18:55,F 35-39/58,F-37,391,1:57:54,25.86%
684,Linda Cohen*,"Encino, CA",8564,1:15:47,18:57,F 45-49/24,F-46,392,1:54:47,27.50%
685,Heather Castro*,"Irwindale, CA",8557,1:15:48,18:57,F 30-34/84,F-32,393,1:15:48,25.45%
686,Janice Ide*,"Burbank, CA",8606,1:15:51,18:58,F 45-49/25,F-46,394,1:50:10,27.47%
687,Rama Tampubolon*,"Riverside, CA",8734,1:15:53,18:59,M 25-29/62,M-26,293,1:18:35,22.21%
688,Amy Ullyott*,"Corona, CA",8745,1:16:03,19:01,F 30-34/85,F-31,395,1:38:48,25.32%
689,Kathy Loreto,"Long Beach, CA",2245,1:16:03,19:01,F 30-34/86,F-32,396,1:38:49,25.36%
690,Daniel Aguirre,"Santa Ana, CA",2005,1:16:07,19:02,M 25-29/63,M-28,294,1:31:36,22.14%
691,Maricela Cedano*,"Los Angeles, CA",8559,1:16:24,19:06,F 30-34/87,F-33,397,2:02:29,25.29%
692,Linda Avila,"Cudahy, CA",2025,1:16:26,19:07,F 30-34/88,F-34,398,2:02:32,25.34%
693,Jacob Perez,"Cudahy, CA",2337,1:16:30,19:08,M 13-19/19,M-14,295,2:02:36,24.23%
694,Desiray Perez,"Cudahy, CA",2335,1:16:30,19:08,F 13-19/20,F-15,399,2:02:35,26.32%
695,Silvia Alamza Armanza,"Huntington Beach, CA",2824,1:16:37,19:10,F 30-34/89,F-31,400,1:44:22,25.13%
696,Karen Pham,"Pomona, CA",2871,1:17:22,19:21,F 25-29/101,F-26,401,1:40:11,24.87%
697,Van Nguyen,"Gardena, CA",2870,1:17:23,19:21,F 25-29/102,F-27,402,1:40:12,24.86%
698,Kim Viges,"Irvine, CA",2482,1:17:56,19:29,F 40-44/45,F-44,403,1:52:07,26.25%
699,Margaret Yeomans,"Anaheim, CA",2503,1:17:57,19:30,F 45-49/26,F-45,404,1:52:08,26.48%
700,Esther Valdovinos,"Huntington Beach, CA",2469,1:18:11,19:33,F 25-29/103,F-28,405,1:37:35,24.61%
