Place,Name,Location,Bib,Net Time,Pace,Division/Place,Sex-Age,Sex-Place,Gun Time,Age Grade
1,Spencer Knight,"Riverside, CA",1019,14:50,4:47,M 20-24/0,M-21,1,14:50,87.50%
2,Charles Appell,"Huntingtn Bch, CA",28,15:10,4:53,M 30-34/0,M-33,2,15:10,86.14%
3,Leonel Baca,"Santa Ana, CA",1004,16:54,5:27,M 30-34/0,M-31,3,16:54,76.88%
4,Michael McMahon,"Yorba Linda, CA",289,16:59,5:28,M 30-34/1,M-31,4,16:59,76.42%
5,Drew Coupe,"Riverside, CA",1008,17:40,5:42,M 15-19/1,M-15,5,17:40,78.85%
6,John Watkins,"Costa Mesa, CA",1083,17:43,5:43,M 40-44/1,M-44,6,17:44,79.47%
7,Dominic Mestas,"Villa Park, CA",296,17:47,5:44,M 30-34/2,M-33,7,17:47,73.45%
8,Brooke Thomas,"Costa Mesa, CA",439,17:48,5:44,F 25-29/0,F-29,1,17:48,83.22%
9,Kyle Smith,"Mission Viejo, CA",420,17:58,5:47,M 15-19/2,M-17,8,18:00,75.21%
10,Matlazomatli Rojas,"Anaheim, CA",1036,18:11,5:51,M 01-14/1,M-14,9,18:11,78.07%
11,Gerardo Parker,"Colton, CA",816,18:19,5:54,M 15-19/3,M-19,10,18:21,72.04%
12,Flavio Salgueiro,"Tustin, CA",393,18:25,5:56,M 35-39/1,M-35,11,18:25,71.65%
13,Victor Verastegui,"Santa Ana, CA",1029,18:38,6:00,M 20-24/1,M-24,12,18:43,69.29%
14,William Hernandez,"Chino, CA",1030,18:39,6:00,M 45-49/1,M-47,13,18:43,77.28%
15,Sean Connolly,"Costa Mesa, CA",95,18:54,6:05,M 30-34/3,M-30,14,18:58,68.49%
16,Richard Anderson,"Perris, CA",1007,19:05,6:09,M 50-54/1,M-51,15,19:23,77.97%
17,Erik Nunez,"Colton, CA",812,19:07,6:09,M 15-19/4,M-17,16,19:08,70.68%
18,Ronald Kurrle,"Irvine, CA",1014,19:10,6:11,M 60-64/1,M-62,17,19:10,85.20%
19,Tom Albright,"Newport Beach, CA",1035,19:12,6:11,M 50-54/2,M-54,18,19:12,79.41%
20,Carlos Rosales,"La Puente, CA",845,19:17,6:13,M 30-34/4,M-30,19,19:19,67.13%
21,Sam Hoskins,"Costa Mesa, CA",201,19:20,6:14,M 15-19/5,M-17,20,19:20,69.89%
22,Pamela Galambos-Oliver,"Laguna Niguel, CA",155,19:24,6:15,F 35-39/0,F-36,2,19:24,77.47%
23,Matthew Doss,"Santa Monica, CA",1043,19:37,6:19,M 45-49/2,M-45,21,19:39,72.36%
24,Jeff Snyder,"Pasadena, CA",1009,19:37,6:19,M 50-54/3,M-54,22,19:38,77.72%
25,Matthew Rafanan,"Irvine, CA",1407,19:48,6:23,M 20-24/2,M-21,23,19:48,65.46%
26,Matthew Brigham,"Long Beach, CA",1002,19:48,6:23,M 50-54/4,M-54,24,19:49,77.00%
27,Michael Luong,"Santa Ana, CA",278,19:48,6:23,M 40-44/2,M-44,25,19:49,71.10%
28,Danielle Gordanier,"Irvine, CA",1060,19:50,6:23,F 35-39/0,F-39,3,19:50,77.00%
29,David Rojas,"Anaheim, CA",387,19:51,6:24,M 35-39/2,M-38,26,19:53,67.82%
30,Alexa Dickerson,"Lake Forest, CA",1054,19:58,6:26,F 20-24/1,F-22,4,20:07,74.19%
31,Juan Gonzalez,"Long Beach, CA",1003,20:01,6:27,M 45-49/3,M-47,27,20:01,72.00%
32,Dennis Leiva,"Covina, CA",1056,20:02,6:27,M 40-44/3,M-43,28,21:06,69.78%
33,John Pyo,"Fullerton, CA",1416,20:23,6:34,M 20-24/3,M-24,29,20:24,63.34%
34,Hector Cervantes,"La Puente, CA",709,20:25,6:35,M 25-29/1,M-29,30,20:29,63.32%
35,Dennis Wilson,"Anaheim, CA",463,20:29,6:36,M 50-54/5,M-54,31,21:30,74.43%
36,Valerie Kesler,"Newport Beach, CA",227,20:31,6:36,F 45-49/1,F-46,5,20:31,78.70%
37,Eric Shaw,"La Habra, CA",415,20:34,6:38,M 30-34/5,M-30,32,20:36,62.94%
38,Lewis Butler,"Coto De Caza, CA",75,20:34,6:38,M 45-49/4,M-48,33,20:37,70.64%
39,Noe Ramos,"Los Angeles, CA",832,20:39,6:39,M 25-29/2,M-29,34,20:53,62.60%
40,Farhad Alikozai,"Castaic, CA",679,20:42,6:40,M 20-24/4,M-20,35,20:44,63.01%
41,Jarod Green,"Irvine, CA",747,20:44,6:41,M 01-14/2,M-11,36,20:49,73.85%
42,Paul Montanchez,"Whittier, CA",1031,20:45,6:41,M 40-44/4,M-42,37,20:52,66.80%
43,Nicholas Voelpel,"Lake Forest, CA",882,20:50,6:43,M 30-34/6,M-30,38,21:38,62.13%
44,Preciliano Cruz,"Riverside, CA",1101,20:52,6:43,M 20-24/5,M-22,39,20:55,61.87%
45,Dave Crowell,"Whittier, CA",105,20:55,6:44,M 45-49/5,M-46,40,21:07,68.34%
46,Laurel Soriano,", ",7,20:57,6:45,M 30-34/7,M-31,41,20:58,61.94%
47,Charles Lowry,"Santa Ana, CA",273,20:58,6:45,M 15-19/6,M-19,42,21:00,62.93%
48,Todd Hallenbeck,"Costa Mesa, CA",1065,20:59,6:45,M 55-59/1,M-55,43,21:14,73.29%
49,Daniel Echeverria,"Laguna Niguel, CA",125,21:00,6:46,M 35-39/3,M-39,44,21:00,64.58%
50,William Samaduroff,"Whittier, CA",1038,21:05,6:47,M 40-44/5,M-44,45,21:10,66.77%
51,Todd Byers,"Long Beach, CA",76,21:07,6:48,M 45-49/6,M-47,46,21:15,68.25%
52,Kevin Mullen,"Huntington Beach, CA",311,21:07,6:48,M 40-44/6,M-44,47,21:17,66.67%
53,Elizabeth Hernandez,"Colton, CA",753,21:09,6:49,F 15-19/1,F-16,6,21:11,72.40%
54,Derek Bartolome,"Laguna Hills, CA",1059,21:13,6:50,M 30-34/8,M-30,48,21:43,61.01%
55,Rudy Miramontes,"Santa Ana, CA",803,21:19,6:52,M 30-34/9,M-33,49,21:47,61.27%
56,Jonathan Martinez,"Pomona, CA",791,21:20,6:52,M 20-24/6,M-21,50,21:33,60.75%
57,Tim Onan,"Costa Mesa, CA",340,21:20,6:52,M 35-39/4,M-36,51,21:23,62.24%
58,Eric Nelson,"Fullerton, CA",319,21:21,6:53,M 20-24/7,M-23,52,21:48,60.47%
59,Tristan Tilma,"Santa Monica, CA",1062,21:21,6:53,M 25-29/3,M-26,53,21:33,60.47%
60,Kevin Komenkul,"North Hollywood, CA",236,21:22,6:53,M 25-29/4,M-26,54,21:46,60.42%
61,Nico Amorelli,"Torrance, CA",680,21:23,6:53,M 01-14/3,M-14,55,21:25,66.38%
62,Mitchell Chan,"Costa Mesa, CA",1010,21:28,6:55,M 30-34/10,M-34,56,21:29,61.15%
63,Robert Smith,"Santa Ana, CA",421,21:32,6:56,M 35-39/5,M-36,57,21:41,61.66%
64,Scott Kleinheksel,"West Hollywood, CA",772,21:33,6:56,M 25-29/5,M-29,58,21:49,59.98%
65,Juan Gutierrez,"Anaheim, CA",1071,21:38,6:58,M 35-39/6,M-38,59,22:09,62.22%
66,Michael Camarena,"Newport Beach, CA",474,21:39,6:59,M 35-39/7,M-36,60,21:44,61.33%
67,David Ewoldt,"Long Beach, CA",729,21:41,6:59,M 55-59/2,m-55,61,21:48,70.92%
68,Paul Hernandez,"Santa Ana, CA",192,21:42,6:59,M 50-54/6,M-53,62,21:44,69.72%
69,Carter Christman,"Coto De Caza, CA",711,21:51,7:02,M 01-14/4,M-12,63,22:03,68.09%
70,Wally Shiba,"Torrance, CA",855,21:52,7:03,M 45-49/7,M-48,64,22:03,66.44%
71,Pall Gudgeirsson,"San Clemente, CA",171,21:54,7:03,M 60-64/2,M-60,65,21:56,73.27%
72,Zak Graff,"Newport Beach, CA",169,21:55,7:04,M 30-34/11,M-33,66,22:11,59.59%
73,Adam Jenkins,"Irvine, CA",765,21:55,7:04,M 25-29/6,M-29,67,22:20,58.98%
74,Steve Rice,"Newport Beach, CA",374,21:57,7:04,M 35-39/8,M-36,68,22:18,60.49%
75,Alan Wakeling,"Newport Beach, CA",457,21:58,7:05,M 70-74/1,M-70,69,21:59,80.33%
76,Marcel Lopez,"Irvine, CA",781,22:04,7:06,M 25-29/7,M-26,70,22:25,58.50%
77,Martin Nguyen,"Anaheim, CA",908,22:08,7:08,M 20-24/8,M-22,71,22:35,58.33%
78,Steve Knollmiller,"Irvine, CA",233,22:11,7:09,M 30-34/12,M-33,72,22:22,58.87%
79,Katy Smith,"Newport Beach, CA",478,22:11,7:09,F 25-29/1,F-25,7,22:12,66.77%
80,James Wiley,"Redlands, CA",887,22:13,7:09,M 35-39/9,M-37,73,22:47,60.14%
81,Darryl Torres,"Stanton, CA",877,22:13,7:09,M 15-19/7,M-19,74,22:20,59.38%
82,Cassidy Gayner,"Costa Mesa, CA",1070,22:14,7:10,F 20-24/2,F-20,8,22:26,66.62%
83,Vladimir Benitez,"Garden Grove, CA",48,22:17,7:11,M 20-24/9,M-22,75,22:43,57.93%
84,Ted Liu,"Alhambra, CA",261,22:24,7:13,M 45-49/8,M-45,76,22:27,63.37%
85,James Lewicke,"Costa Mesa, CA",904,22:27,7:14,M 35-39/10,M-38,77,22:50,59.96%
86,Erick Voorhees,"Newport Beach, CA",456,22:29,7:15,M 30-34/13,M-30,78,22:42,57.57%
87,Daniel Zamudio,"Moreno Valley, CA",896,22:38,7:17,M 20-24/10,M-24,79,23:03,57.04%
88,Daniel Esquer,"Corona, CA",728,22:38,7:18,M 20-24/11,M-21,80,22:57,57.26%
89,Nicholas Fleming,"Irvine, CA",737,22:41,7:18,M 20-24/12,M-21,81,22:42,57.13%
90,Joshua Morris,"Irvine, CA",1409,22:43,7:19,M 20-24/13,M-22,82,22:49,56.83%
91,Tracey Schreiner,"Corona, CA",407,22:45,7:20,F 40-44/1,F-41,9,22:51,67.89%
92,Kyle Hordyk,"La Palma, CA",199,22:47,7:20,M 01-14/5,M-14,83,22:53,62.30%
93,Jack Lamm,"Rancho Cucamonga, CA",246,22:48,7:21,M 35-39/11,M-37,84,22:54,58.60%
94,Hilary Haskell,"Orange, CA",185,22:49,7:21,F 15-19/2,F-18,10,22:53,65.64%
95,Brian Alcalde,"West Covina, CA",603,22:52,7:22,M 30-34/14,M-31,85,23:04,56.75%
96,Kirsten Moore,"Orange, CA",808,22:52,7:22,F 20-24/3,F-20,11,23:15,64.77%
97,David Leung,"San Diego, CA",255,22:52,7:22,M 50-54/7,M-50,86,23:00,64.55%
98,Luigi Guereca Garcia,"Santa Ana, CA",172,22:53,7:22,M 25-29/8,M-26,87,23:02,56.41%
99,Joel Hiskey,"Los Angeles, CA",758,22:53,7:22,M 25-29/9,M-27,88,24:03,56.41%
100,Jad Mitchell,"Redondo Beach, CA",805,22:54,7:22,M 35-39/12,M-35,89,23:32,57.61%
101,Michael Magee,"Irvine, CA",784,22:54,7:23,M 20-24/14,M-24,90,23:16,56.37%
102,Alexander Bernhardt,"Coto De Caza, CA",689,23:00,7:25,M 40-44/7,M-43,91,23:13,60.77%
103,David Sebunnya,"Costa Mesa, CA",852,23:05,7:26,M 25-29/10,M-29,92,23:20,56.00%
104,Mariluz Duran,"Whittier, CA",123,23:10,7:28,F 30-34/1,F-34,12,23:32,64.36%
105,Sara Schroer,"Laguna Niguel, CA",409,23:11,7:28,F 35-39/1,F-35,13,23:27,64.53%
106,Scott Pinelli,"Corona Del Mar, CA",825,23:14,7:29,M 15-19/8,M-17,93,23:23,58.15%
107,Stephanie McIlvain,"San Clemente, CA",288,23:16,7:30,F 45-49/2,F-46,14,23:31,69.39%
108,Jesse Rolla,"Yorba Linda, CA",1072,23:16,7:30,M 30-34/15,M-31,94,23:30,55.77%
109,Harold Parker,"Long Beach, CA",1415,23:17,7:30,M 20-24/15,M-24,95,23:22,55.44%
110,Victoria Schreiner,"Corona, CA",408,23:17,7:30,F 15-19/3,F-15,15,23:27,66.62%
111,Lora Wesolowski,"Coto De Caza, CA",461,23:17,7:30,F 30-34/2,F-32,16,23:17,63.75%
112,Brian Ostrom,"Newport Beach, CA",344,23:17,7:30,M 50-54/8,M-51,96,23:17,63.90%
113,David Finkelstein,"Newport Beach, CA",135,23:19,7:31,M 30-34/16,M-34,97,23:34,56.25%
114,Christopher Hodson,"Huntington Beach, CA",479,23:20,7:31,M 45-49/9,M-46,98,23:53,61.26%
115,Larry Herschler,"Anaheim, CA",193,23:21,7:31,M 50-54/9,M-54,99,23:25,65.29%
116,Richard Hiraga,"San Clemente, CA",195,23:23,7:32,M 45-49/10,M-49,100,23:28,62.62%
117,Kevin Le,"Westminster, CA",903,23:24,7:32,M 25-29/11,M-28,101,23:31,55.17%
118,Adam Stone,"Irvine, CA",1413,23:25,7:33,M 25-29/12,M-26,102,23:29,55.13%
119,Wendy Baugh,"Huntington Beach, CA",46,23:26,7:33,F 40-44/2,F-44,17,23:57,67.54%
120,Natalie Lowry,"Huntington Beach, CA",275,23:33,7:35,F 20-24/4,F-24,18,23:36,62.89%
121,Richard Burns,"Long Beach, CA",1080,23:33,7:35,M 15-19/9,M-17,103,24:00,57.37%
122,Jaclyn Tuason,"Santa Fe Springs, CA",443,23:34,7:35,F 20-24/5,F-24,19,23:37,62.85%
123,Nicholas Kutscher,"Huntington Beach, CA",9,23:38,7:37,M 01-14/6,M-9,104,24:05,69.23%
124,Aydin Yolar,"Irvine, CA",895,23:39,7:37,M 01-14/7,M-12,105,23:45,62.91%
125,Jonathan Tomaszewski,"Irvine, CA",1024,23:39,7:37,M 30-34/17,M-31,106,24:14,54.87%
126,Alexander Morgan,"Costa Mesa, CA",306,23:41,7:38,M 35-39/13,M-36,107,24:10,56.06%
127,Joe Porto,", ",917,23:41,7:38,M 50-54/10,M-54,108,23:52,64.37%
128,Allison Bernhardt,"Coto De Caza, CA",690,23:42,7:38,F 40-44/3,F-41,20,23:54,65.17%
129,David Bondurant,"Rancho Santa Margarita, CA",59,23:42,7:38,M 30-34/18,M-32,109,23:49,54.89%
130,Isabel Cortez,"Santa Ana, CA",720,23:44,7:39,F 30-34/3,F-34,21,24:05,62.83%
131,Joseph Hyams,"Huntington Beach, CA",922,23:45,7:39,M 15-19/10,M-16,110,24:04,57.72%
132,Francesca Smith,"Laguna Beach, CA",862,23:47,7:40,F 30-34/4,F-31,22,23:57,62.34%
133,William Chipp,"Irvine, CA",710,23:48,7:40,M 40-44/8,M-43,111,24:32,58.72%
134,Kevin Pinelli,"Newport Coast, CA",824,23:49,7:40,M 15-19/11,M-17,112,23:57,56.72%
135,David Isom,"Anaheim, CA",215,23:50,7:41,M 30-34/19,M-33,113,24:43,54.79%
136,Jim Brittell,"Santa Ana, CA",63,23:50,7:41,M 55-59/3,M-56,114,24:07,65.08%
137,Antonio Mendoza,"Pomona, CA",802,23:52,7:41,M 20-24/16,M-22,115,23:55,54.09%
138,Karen Frankenberg,"Los Alamitos, CA",1016,23:56,7:42,F 50-54/1,F-51,23,24:23,71.64%
139,Elizabeth Rush,"San Juan Capistrano, CA",847,23:56,7:42,F 25-29/2,F-26,24,24:06,61.88%
140,Abby Carrier,"Newport Beach, CA",82,23:59,7:44,F 15-19/4,F-19,25,24:13,61.96%
141,Sonia Jacobo,"Santa Ana, CA",1028,24:05,7:45,F 15-19/5,F-17,26,24:10,62.81%
142,Debra Hayburn,"Laguna Beach, CA",751,24:05,7:45,F 45-49/3,F-48,27,24:05,68.63%
143,Monica Nguyenduc,"Aliso Viejo, CA",1074,24:06,7:46,F 40-44/4,F-40,28,24:50,63.67%
144,David Oldham,"Tustin, CA",1094,24:06,7:46,M 25-29/13,M-29,116,25:13,53.63%
145,Brian Villalobos,"Corona, CA",1061,24:08,7:46,M 01-14/8,M-12,117,24:10,61.64%
146,Kristopher Atkins,"Huntingtn Bch, CA",36,24:08,7:46,M 25-29/14,M-27,118,24:16,53.49%
147,Kim Nida,"Anaheim, CA",334,24:09,7:47,F 35-39/2,F-36,29,24:26,62.22%
148,Cody Gonzalez,"Costa Mesa, CA",168,24:11,7:47,M 25-29/15,M-28,119,24:18,53.38%
149,Ralph Quesada,"Westminster, CA",362,24:13,7:48,M 50-54/11,M-50,120,24:23,60.95%
150,Derrick Ankerstar,"Huntington Beach, CA",26,24:24,7:52,M 25-29/16,M-29,121,24:30,52.94%
151,Julia Hearn,"Irvine, CA",187,24:25,7:52,F 35-39/3,F-35,30,24:30,61.27%
152,Ronald Luque,"La Mirada, CA",279,24:26,7:52,M 40-44/9,M-44,122,24:49,57.61%
153,Richard Price,"Fullerton, CA",829,24:28,7:53,M 50-54/12,M-53,123,24:38,61.83%
154,Joshua Hearn,"Irvine, CA",186,24:28,7:53,M 35-39/14,M-36,124,24:32,54.26%
155,Jeff Cordrey,"Tustin, CA",99,24:29,7:53,M 30-34/20,M-34,125,27:19,53.61%
156,Daniel Duran,"Huntington Beach, CA",122,24:30,7:53,M 20-24/17,M-24,126,24:37,52.69%
157,Lee Lowe,"Newhall, CA",272,24:32,7:54,M 20-24/18,M-23,127,24:34,52.62%
158,Mickie Payetta,"Huntington Beach, CA",354,24:35,7:55,F 25-29/3,F-26,31,24:49,60.24%
159,Wayne Newman,"Fullerton, CA",327,24:36,7:56,M 55-59/4,M-55,128,24:53,62.51%
160,Joel Hernandez,"Oceanside, CA",754,24:37,7:56,M 25-29/17,M-29,129,25:21,52.51%
161,Michael Russell,"Long Beach, CA",390,24:38,7:56,M 40-44/10,M-41,130,25:05,55.86%
162,Dylan Laio,"Seal Beach, CA",242,24:42,7:57,M 20-24/19,M-24,131,25:05,52.26%
163,Jeff Silverstein,"Irvine, CA",419,24:42,7:57,M 50-54/13,M-51,132,24:58,60.23%
164,Jeremy Bowden,"Irvine, CA",1406,24:44,7:58,M 30-34/21,M-30,133,24:45,52.33%
165,Victor Cisneros,"Diamond Bar, CA",712,24:44,7:58,M 25-29/18,M-26,134,24:55,52.19%
166,Ryan Dean,"Ladera Ranch, CA",110,24:44,7:58,M 25-29/19,M-28,135,25:04,52.19%
167,Jan Minette Laqui,"Buena Park, CA",249,24:46,7:59,F 25-29/4,F-26,32,25:11,59.80%
168,Domenic Schetter,"Costa Mesa, CA",1053,24:47,7:59,M 01-14/9,M-13,136,25:10,58.55%
169,Angela Gjonovich,"Cypress, CA",1092,24:48,7:59,F 01-14/1,F-13,33,24:54,64.43%
170,Adam Sanchez,"Huntington Beach, CA",394,24:49,7:59,M 45-49/11,M-45,137,25:03,57.19%
171,Dana Kojian,"Tustin, CA",235,24:49,8:00,F 30-34/5,F-31,34,25:13,59.74%
172,Luis Rivas,"Azusa, CA",841,24:53,8:01,M 20-24/20,M-22,138,25:07,51.88%
173,Matias Carrizosa,"La Puente, CA",707,24:54,8:01,M 45-49/12,M-46,139,25:09,57.40%
174,Krystn Becker,"Playa Vista, CA",47,24:58,8:03,F 25-29/5,F-27,35,25:17,59.32%
175,Kristen Paulino,"Ladera Ranch, CA",352,24:58,8:03,F 45-49/4,F-47,36,25:29,65.40%
176,Brady Rowe,"Aliso Viejo, CA",470,24:59,8:03,M 01-14/10,M-10,140,25:27,63.22%
177,Matthew Fortune,"Long Beach, CA",148,25:00,8:03,M 25-29/20,M-29,141,25:52,51.70%
178,Raul Macule,"San Clemente, CA",906,25:06,8:05,M 25-29/21,M-29,142,25:27,51.50%
179,Candice Knowlton,"Huntington Beach, CA",234,25:06,8:05,F 25-29/6,F-28,37,25:14,59.00%
180,Iris Deleon,"Long Beach, CA",113,25:08,8:06,F 25-29/7,F-28,38,25:12,58.93%
181,Emily Olvera,"Costa Mesa, CA",339,25:11,8:07,F 01-14/2,F-10,39,25:15,67.81%
182,Linda Shaw,"Trabuco Canyon, CA",853,25:13,8:07,F 45-49/5,F-48,40,25:17,65.54%
183,Jacqueline Perez,"Bellflower, CA",820,25:14,8:08,F 25-29/8,F-27,41,25:40,58.69%
184,Jaclyn Herrera,"Costa Mesa, CA",757,25:16,8:08,F 25-29/9,F-27,42,25:54,58.61%
185,Jeff De Leon,"Anaheim, CA",723,25:16,8:08,M 30-34/22,M-31,143,25:25,51.35%
186,Jason Mazur,"Costa Mesa, CA",795,25:16,8:08,M 30-34/23,M-32,144,25:53,51.49%
187,Darin Hallstrom,"Santa Ana, CA",1403,25:16,8:08,M 01-14/11,M-10,145,25:34,62.51%
188,Caroleann Vandyke,"Costa Mesa, CA",446,25:18,8:09,F 40-44/5,F-41,43,25:46,61.04%
189,Carl Rogers,"Norwalk, CA",843,25:18,8:09,M 55-59/5,M-56,146,25:26,61.31%
190,Guadalupe Olea,"Santa Ana, CA",813,25:21,8:10,M 30-34/24,M-32,147,25:43,51.32%
191,Kevin Burke,"Orange, CA",73,25:24,8:11,M 15-19/12,M-17,148,25:33,53.18%
192,Patrick Burke,"Orange, CA",74,25:27,8:12,M 40-44/11,M-40,149,25:33,53.67%
193,Dawn Vonderheide,"Fullerton, CA",455,25:32,8:13,F 55-59/1,F-55,44,25:36,70.74%
194,Helen Miller,"Costa Mesa, CA",297,25:36,8:15,F 40-44/6,F-44,45,26:28,61.82%
195,Mike Rush,"San Juan Capistrano, CA",848,25:39,8:16,M 25-29/22,M-26,150,25:50,50.33%
196,Edward Hernandez,"Costa Mesa, CA",1012,25:39,8:16,M 45-49/13,M-46,151,25:49,55.72%
197,Priscilla Garcia,"Irvine, CA",1411,25:41,8:16,F 20-24/6,F-21,46,25:44,57.66%
198,Terry Lowry,"Huntington Beach, CA",276,25:44,8:17,M 55-59/6,M-55,152,25:47,59.75%
199,Jordan Seper,"Corona, CA",414,25:44,8:17,F 45-49/6,F-47,47,25:55,63.45%
200,Tina Rivera,"Tustin, CA",376,25:47,8:18,F 35-39/4,F-38,48,28:37,58.80%
201,William Klein,"Costa Mesa, CA",232,25:50,8:19,M 35-39/15,M-39,153,27:02,52.49%
202,Jacqueline Ayala,", ",1405,25:51,8:19,F 30-34/6,F-30,49,25:55,57.29%
203,Fernando Garcia,"Los Angeles, CA",741,25:51,8:20,M 25-29/23,M-29,154,26:17,50.00%
204,Ben Dunn,"Garden Grove, CA",120,25:52,8:20,M 55-59/7,M-56,155,26:09,59.96%
205,Matthew Dixon,"Huntington Beach, CA",1084,25:58,8:22,M 30-34/25,M-33,156,26:04,50.29%
206,Norm Edmond,"La Mirada, CA",127,26:04,8:24,M 40-44/12,M-42,157,26:07,53.17%
207,Melissa Losoya,"Chino, CA",1045,26:11,8:26,F 30-34/7,F-34,50,26:39,56.94%
208,Samuel Mora,"Yorba Linda, CA",1046,26:12,8:26,M 55-59/8,M-58,158,26:39,60.22%
209,Debra Douglass,"Trabuco Canyon, CA",1076,26:13,8:27,F 35-39/5,F-36,51,26:31,57.32%
210,Bryce Avey,"Torrance, CA",683,26:17,8:28,M 15-19/13,M-18,159,26:52,50.76%
211,Florly Ariola,"Huntington Beach, CA",32,26:20,8:29,F 25-29/10,F-29,52,26:25,56.24%
212,Jose Olea,"Santa Ana, CA",814,26:21,8:29,M 35-39/16,M-37,160,26:42,50.70%
213,Gregg Moss,"Newport Coast, CA",809,26:23,8:30,M 50-54/14,M-51,161,26:41,56.38%
214,Veronica Ferencz,"San Clemente, CA",134,26:24,8:30,F 50-54/2,F-50,53,26:28,64.12%
215,Veronica Hussar,"Mission Viejo, CA",206,26:24,8:30,F 40-44/7,F-42,54,27:21,58.94%
216,Engelbert Villalobos,"Corona, CA",1057,26:25,8:31,M 35-39/17,M-38,162,26:27,50.95%
217,Kevin Bruner,"Orange, CA",1050,26:26,8:31,M 35-39/18,M-39,163,27:05,51.29%
218,Evelyn Lee,"Los Angeles, CA",779,26:26,8:31,F 30-34/8,F-30,55,26:43,56.03%
219,Ethan Briggs,"Aliso Viejo, CA",1025,26:27,8:31,M 01-14/12,M-12,164,27:01,56.24%
220,John Sunga,"Santa Ana, CA",916,26:34,8:33,M 25-29/24,M-29,165,27:13,48.65%
221,Craig Mardany,"Corona Del Mar, CA",788,26:40,8:35,M 50-54/15,M-50,166,27:17,55.35%
222,Tiffany Gentile,"San Clemente, CA",161,26:40,8:35,F 35-39/6,F-35,56,27:10,56.10%
223,Aaron Lamont,"Coto De Caza, CA",247,26:41,8:36,M 01-14/13,M-9,167,27:39,61.31%
224,Traci Arriola,"Orange, CA",35,26:46,8:37,F 40-44/8,F-42,57,26:51,58.13%
225,Terry Bridges,"Newport Beach, CA",3,26:47,8:38,M 65-69/1,M-69,168,26:51,65.13%
226,Michael Hyams,"Huntington Beach, CA",921,26:51,8:39,M 55-59/9,M-55,169,27:09,57.27%
227,Jordan Campbell-Read,"Mission Viejo, CA",705,26:51,8:39,F 15-19/6,F-15,58,27:33,57.76%
228,McKenzie Schreiner,"Corona, CA",1040,26:51,8:39,F 01-14/3,F-10,59,27:01,63.60%
229,Shelley Bivens,"Anaheim, CA",54,26:52,8:39,F 35-39/7,F-39,60,27:13,56.73%
230,Edward Lamont,"Coto De Caza, CA",775,26:54,8:40,M 45-49/14,M-48,170,27:51,54.00%
231,Ed Buenviaje,"Brea, CA",701,26:55,8:40,M 65-69/2,M-66,171,27:33,62.95%
232,Shane Galitski,"Costa Mesa, CA",156,26:56,8:41,M 40-44/13,M-40,172,27:11,50.71%
233,Robert Eto,"Huntington Beach, CA",914,26:57,8:41,M 50-54/16,M-54,173,27:49,56.56%
234,Matilde Arce,"Costa Mesa, CA",29,27:03,8:43,F 35-39/8,F-38,61,27:03,56.04%
235,Altan Yolar,"Irvine, CA",894,27:08,8:44,M 01-14/14,M-10,174,27:14,58.21%
236,Efrain Ramos,"Pomona, CA",831,27:16,8:47,M 35-39/19,M-36,175,27:23,48.69%
237,Laurie Hamblin,"Sunset Beach, CA",179,27:16,8:47,F 45-49/7,F-48,62,27:52,60.61%
238,Tamara Rather,"Costa Mesa, CA",367,27:18,8:48,F 25-29/11,F-26,63,27:25,54.21%
239,Michael Acala,"Santa Ana, CA",11,27:23,8:49,M 40-44/14,M-43,176,28:05,51.04%
240,Heidi Fain,"Huntington Beach, CA",1089,27:24,8:49,F 50-54/3,F-53,64,28:02,64.21%
241,Amanda Nicholaou,"Huntingtn Bch, CA",332,27:28,8:51,F 15-19/7,F-18,65,27:37,54.52%
242,Shawn Federoff,"Alta Loma, CA",731,27:30,8:51,M 35-39/20,M-38,177,27:44,48.94%
243,Lene Vineyard,"Huntington Beach, CA",454,27:34,8:53,F 45-49/8,F-49,66,27:47,60.68%
244,Julia Garcia,"Irvine, CA",1410,27:35,8:53,F 20-24/7,F-24,67,27:39,53.69%
245,Maren Separa,"Los Alamitos, CA",413,27:36,8:53,F 60-64/1,F-60,68,28:03,70.09%
246,Daniel Golka,"Tustin, CA",165,27:37,8:54,M 45-49/15,M-45,178,27:44,51.39%
247,Aaron Maher,"Playa Vista, CA",281,27:39,8:54,M 25-29/25,M-29,179,27:59,46.74%
248,Shaun Hicks,"Long Beach, CA",194,27:42,8:55,M 25-29/26,M-25,180,28:22,46.60%
249,Joseph Santos,"Costa Mesa, CA",1073,27:42,8:55,M 01-14/15,M-9,181,28:26,59.06%
250,Lauren Freeland,"Costa Mesa, CA",152,27:42,8:55,F 20-24/8,F-20,69,28:26,53.46%
251,Jason Pazmino,"San Clemente, CA",909,27:44,8:56,M 25-29/27,M-29,182,28:04,46.60%
252,Ross Klein,"Aliso Viejo, CA",771,27:44,8:56,M 25-29/28,M-27,183,27:49,46.54%
253,Summer Goltra,"Garden Grove, CA",167,27:53,8:59,F 01-14/4,F-13,70,28:23,57.30%
254,Gene Hutchins,"Costa Mesa, CA",207,27:53,8:59,M 65-69/3,M-69,184,28:22,62.56%
255,Shellie Sanchez Erskine,"Costa Mesa, CA",396,27:55,8:59,F 45-49/9,F-45,71,28:09,57.23%
256,Blaise Avey,"Torrance, CA",682,27:57,9:00,M 15-19/14,M-15,185,28:31,49.82%
257,Natalie Robens,"Newport Beach, CA",382,28:00,9:01,F 25-29/12,F-26,72,28:14,52.89%
258,Jeanene Warren,"Aliso Viejo, CA",884,28:01,9:01,F 40-44/9,F-40,73,28:06,54.76%
259,Thomas Boone,"Sunset Beach, CA",1033,28:01,9:02,M 50-54/17,M-53,186,29:00,53.99%
260,Emily Hyams,"Huntington Beach, CA",209,28:02,9:02,F 15-19/8,F-18,74,28:20,53.42%
261,Joe Pooler,"Anaheim, CA",357,28:04,9:02,M 40-44/15,M-42,187,29:11,49.38%
262,Susie Laio,"Seal Beach, CA",243,28:04,9:02,F 55-59/2,F-57,75,28:06,66.07%
263,Brittany Hyams,"Huntington Beach, CA",208,28:04,9:03,F 25-29/13,F-26,76,28:22,52.76%
264,John Donahue,"Costa Mesa, CA",118,28:06,9:03,M 50-54/18,M-51,188,28:47,52.94%
265,Regina Diaz,"Costa Mesa, CA",117,28:06,9:03,F 30-34/9,F-31,77,28:48,52.76%
266,Andrew Frick,"La Mirada, CA",153,28:09,9:04,M 20-24/21,M-21,189,28:26,46.03%
267,Ashley Ritchie,"Westminster, CA",375,28:10,9:04,F 25-29/14,F-29,78,29:02,52.58%
268,Maureen Kilbourne,"Costa Mesa, CA",228,28:11,9:05,F 45-49/10,F-47,79,28:31,57.93%
269,Paul Miranda,"Newport Beach, CA",476,28:11,9:05,M 30-34/26,M-30,190,29:08,45.92%
270,Raquel Sanchez,"Long Beach, CA",395,28:15,9:06,F 35-39/9,F-37,80,28:29,53.42%
271,Maricela Mendez,"El Monte, CA",801,28:16,9:06,F 30-34/10,F-34,81,28:24,52.74%
272,Mary Goltra,"Garden Grove, CA",166,28:17,9:07,F 45-49/11,F-46,82,28:23,57.08%
273,Leo Montoya,"Westminster, CA",807,28:18,9:07,M 25-29/29,M-28,191,28:24,45.61%
274,Melodie Holden,"Brea, CA",475,28:23,9:08,F 35-39/10,F-36,83,28:38,52.94%
275,Joanne Laqui,"Buena Park, CA",250,28:23,9:09,F 30-34/11,F-32,84,28:47,52.29%
276,David Bixler,"Costa Mesa, CA",55,28:26,9:10,M 45-49/16,M-47,192,28:47,50.67%
277,Michelle Aguilar,"Costa Mesa, CA",13,28:27,9:10,F 40-44/10,F-44,85,29:19,55.63%
278,Brooke Taylor,"Lake Forest, CA",435,28:28,9:10,F 30-34/12,F-30,86,28:39,52.02%
279,Eugene Hayden,"Costa Mesa, CA",752,28:32,9:11,M 40-44/16,M-40,193,29:04,47.87%
280,Amy Kimble,"Huntington Beach, CA",229,28:34,9:12,F 25-29/15,F-27,87,29:35,51.84%
281,Gabriela Garcia,"Santa Ana, CA",159,28:38,9:13,F 35-39/11,F-39,88,28:47,53.23%
282,Katrina Patapoff,"Costa Mesa, CA",349,28:40,9:14,F 25-29/16,F-26,89,29:15,51.66%
283,Kathy Hallenbeck,"Costa Mesa, CA",1064,28:43,9:15,F 50-54/4,F-51,90,28:55,59.70%
284,David Marzullo,"Costa Mesa, CA",907,28:45,9:15,M 45-49/17,M-49,194,29:05,50.93%
285,Francois Posbic,"Orange, CA",359,28:45,9:16,M 50-54/19,M-54,195,29:05,53.02%
286,Christopher Ahlswede,"Orange, CA",14,28:47,9:16,M 35-39/21,M-35,196,29:19,45.83%
287,Rita Kolenic,"Laguna Hills, CA",774,28:48,9:17,F 45-49/12,F-45,91,29:04,55.47%
288,Anita Power,"Corona, CA",828,28:50,9:17,F 35-39/12,F-36,92,29:25,52.08%
289,Miranda Gilmore,"Long Beach, CA",163,28:51,9:17,F 25-29/17,F-29,93,28:58,51.33%
290,Barry Collins,"Ladera Ranch, CA",717,28:55,9:19,M 45-49/18,M-46,197,29:39,49.42%
291,Kelsie Anderson,"Costa Mesa, CA",22,28:55,9:19,F 25-29/18,F-28,94,29:19,51.21%
292,Kathy Mai,"Santa Ana, CA",915,28:56,9:19,F 25-29/19,F-27,95,29:35,51.18%
293,Mike Steele,"Buena Park, CA",1079,28:57,9:19,M 50-54/20,M-54,198,29:33,52.65%
294,Rauline Ochs,"Huntington Beach, CA",335,28:58,9:20,F 50-54/5,F-51,96,29:20,59.18%
295,Shireen Haffajee,"Costa Mesa, CA",177,28:59,9:20,F 40-44/11,F-41,97,29:23,53.28%
296,Nora Fragoso,"Long Beach, CA",149,29:00,9:20,F 30-34/13,F-32,98,29:54,51.18%
297,Antonio Martin,"Long Beach, CA",283,29:00,9:20,M 30-34/27,M-34,199,29:54,45.26%
298,Heather Newton,"Garden Grove, CA",328,29:01,9:21,F 20-24/9,F-20,99,29:46,51.03%
299,Tiffany Godinez,"Torrance, CA",745,29:03,9:21,F 40-44/12,F-40,100,29:08,52.81%
300,Kelly Wolf,"Costa Mesa, CA",467,29:05,9:22,F 35-39/13,F-38,101,29:54,52.12%
301,Tiffany Rinard,"Lakewood, CA",838,29:07,9:23,F 25-29/20,F-27,102,29:28,50.86%
302,Audrey Aronoff,"Costa Mesa, CA",34,29:08,9:23,F 25-29/21,F-29,103,29:15,50.83%
303,Phyllis Bourgault,"Trabuco Canyon, CA",473,29:08,9:23,F 55-59/3,F-55,104,29:27,61.99%
304,Patrick Earl,"Fontana, CA",124,29:10,9:23,M 45-49/19,M-46,200,29:56,49.00%
305,Maria Sanchez,"Irvine, CA",1414,29:13,9:25,F 15-19/9,F-19,105,29:17,50.86%
306,Jennifer Kozmicki,"Irvine, CA",1412,29:14,9:25,F 25-29/22,F-25,106,29:17,50.66%
307,Jack Fleming,"Irvine, CA",736,29:15,9:25,M 60-64/3,M-60,201,29:17,54.85%
308,Jennifer Hernandez,"Chino, CA",1034,29:19,9:27,F 40-44/13,F-41,107,30:18,52.67%
309,Louie Soriano,"Los Angeles, CA",864,29:21,9:27,M 30-34/28,M-34,202,29:37,44.72%
310,William Hernandez,"Chino, CA",1032,29:23,9:28,M 45-49/20,M-47,203,30:18,49.04%
311,Kimberly Petranovich,"Evanston, IL",821,29:23,9:28,F 35-39/14,F-35,108,30:01,50.91%
312,Abbie Reis,"Newport Beach, CA",1068,29:23,9:28,M 25-29/30,M-29,204,29:35,43.98%
313,Andre Brancheau,"Costa Mesa, CA",61,29:29,9:30,M 45-49/21,M-49,205,29:40,49.66%
314,Gary Dobbins,"Orange, CA",1097,29:33,9:31,M 40-44/17,M-41,206,30:13,46.56%
315,Halee Dobbins,"Anaheim, CA",1096,29:33,9:31,M 01-14/16,M-12,207,30:14,50.34%
316,Victoria Dobbins,"Orange, CA",1098,29:35,9:32,F 40-44/14,F-41,109,30:15,52.20%
317,Jerry Mero,"Santa Ana, CA",295,29:35,9:32,M 55-59/10,M-58,208,29:52,53.33%
318,Gail Jiles,"Anaheim, CA",220,29:36,9:32,F 60-64/2,F-64,110,29:53,69.30%
319,Colin Rowe,"Aliso Viejo, CA",472,29:38,9:33,M 01-14/17,M-12,209,30:05,50.20%
320,Ashley Andersen,"Placentia, CA",20,29:39,9:33,F 25-29/23,F-27,111,29:52,49.94%
321,Carmen Mardany,"Corona Del Mar, CA",787,29:41,9:34,F 45-49/13,F-47,112,30:19,55.00%
322,Tracey Bowling,"Sherman Oaks, CA",60,29:41,9:34,F 30-34/14,F-31,113,29:54,49.94%
323,Kristen Miofsky,"Newport Beach, CA",300,29:41,9:34,F 25-29/24,F-27,114,30:05,49.89%
324,Jeff Sporcich,"Anaheim, CA",865,29:45,9:35,M 40-44/18,M-40,210,30:11,45.91%
325,Erin Nemeth,"Mission Viejo, CA",320,29:45,9:35,F 35-39/15,F-36,115,30:19,50.50%
326,Pattie Porto,"Newport Coast, CA",918,29:46,9:35,F 55-59/4,F-58,116,29:56,63.19%
327,Nicolette Gruber,"Anaheim, CA",748,29:46,9:35,F 01-14/5,F-8,117,30:12,60.90%
328,Jill Lau,"Ladera Ranch, CA",251,29:47,9:36,F 35-39/16,F-35,118,30:10,50.20%
329,Hope Lopez,"Anaheim, CA",268,29:49,9:36,F 45-49/14,F-45,119,30:10,53.58%
330,Ayano Inoue,"Anaheim, CA",763,29:51,9:37,F 40-44/15,F-43,120,30:50,52.57%
331,Lori Fulford,"Lake Forest, CA",154,29:55,9:38,F 35-39/17,F-35,121,30:25,50.00%
332,Elizabeth Ellison,"Brea, CA",129,29:56,9:39,F 35-39/18,F-39,122,30:25,50.92%
333,Mary Medina,"Downey, CA",1039,29:58,9:39,F 55-59/5,F-58,123,30:17,62.77%
334,Donna Basham,"Anaheim, CA",43,30:00,9:40,F 45-49/15,F-46,124,30:31,53.81%
335,Connie Valles,"Costa Mesa, CA",445,30:00,9:40,F 35-39/19,F-37,125,30:51,50.31%
336,Lupe Jackson,"West Covina, CA",764,30:01,9:40,F 55-59/6,F-57,126,30:21,61.78%
337,Kerri Sandoval,"West Covina, CA",398,30:01,9:40,F 50-54/6,F-50,127,30:46,56.39%
338,Kim Pooler,"Anaheim, CA",358,30:06,9:41,F 35-39/20,F-35,128,31:12,49.70%
339,Jennifer Crook,"Lake Forest, CA",103,30:07,9:42,F 20-24/10,F-23,129,31:02,49.17%
340,Elizabeth Martinez,"Santa Ana, CA",790,30:09,9:43,F 25-29/25,F-29,130,30:19,49.12%
341,Bob Rowe,"Aliso Viejo, CA",471,30:16,9:45,M 40-44/19,M-42,211,30:44,45.79%
342,Gretchen Lindelof,"Laguna Niguel, CA",1044,30:23,9:47,F 50-54/7,F-52,131,30:33,57.14%
343,Ann Tack,"Huntington Beach, CA",432,30:28,9:49,F 65-69/1,F-66,132,30:36,69.40%
344,Don Bartolome,"Tustin, CA",685,30:28,9:49,M 25-29/31,M-28,212,30:59,42.36%
345,Cassandra Johnson,"Crestline, CA",222,30:28,9:49,F 60-64/3,F-64,133,30:46,67.32%
346,Paula Harris,"Irvine, CA",750,30:29,9:49,F 50-54/8,F-52,134,31:06,56.95%
347,Princess Bartolome,"Tustin, CA",686,30:29,9:49,F 25-29/26,F-29,135,31:00,48.58%
348,Canesh Olvera,"Costa Mesa, CA",338,30:30,9:49,M 01-14/18,M-13,213,30:33,47.57%
349,Barbara Inderwiesche,"Costa Mesa, CA",211,30:30,9:49,F 25-29/27,F-28,136,31:33,48.55%
350,Ulrike Brockfeld,"Foothill Ranch, CA",1023,30:32,9:50,M 45-49/22,M-47,214,30:57,47.19%
351,Petra Fischer,"Foothill Ranch, CA",1018,30:32,9:50,M 45-49/23,M-45,215,30:57,46.48%
352,Mike Lim,"Chino Hills, CA",780,30:40,9:53,M 50-54/21,M-54,216,31:22,49.70%
353,Sandeep Kondubhatla,"Irvine, CA",902,30:41,9:53,M 25-29/32,M-26,217,31:04,42.07%
354,Thomas Erikson,"San Juan Capistrano, CA",131,30:47,9:55,M 50-54/22,M-52,218,31:48,48.70%
355,Bellinda Erikson,"San Juan Capistrano, CA",130,30:47,9:55,F 35-39/21,F-39,137,31:48,49.51%
356,Marie Scrofani,"Dana Point, CA",411,30:48,9:55,F 40-44/16,F-43,138,30:52,50.95%
357,Linda McGavran-Martinez,"Newport Beach, CA",287,30:50,9:56,F 45-49/16,F-46,139,31:04,52.35%
358,Kristi Fiskum,"Foothill Ranch, CA",138,30:55,9:58,F 35-39/22,F-38,140,31:18,49.03%
359,Traci Linehan,"Costa Mesa, CA",259,31:02,10:00,F 25-29/28,F-26,141,31:35,47.72%
360,Sir Jacob Vance,"Costa Mesa, CA",910,31:04,10:00,M 35-39/22,M-36,219,31:41,42.73%
361,Art Inderwiesche,"Costa Mesa, CA",210,31:14,10:03,M 30-34/29,M-34,220,31:32,42.02%
362,Kendra Seiler,"Fullerton, CA",412,31:15,10:04,F 40-44/17,F-40,142,32:11,49.09%
363,Ginny Lee,"Lake Forest, CA",252,31:18,10:05,F 45-49/17,F-45,143,31:45,51.04%
364,Felipe Roque,"Baldwin Park, CA",844,31:19,10:05,M 45-49/24,M-48,221,31:34,46.35%
365,Arnel Arenas,"Burbank, CA",681,31:21,10:06,M 40-44/20,M-42,222,32:18,44.20%
366,Courtney Dobbins,"Anaheim, CA",1095,31:27,10:08,M 01-14/19,M-12,223,32:07,47.30%
367,Nora Mullen,"Huntington Beach, CA",312,31:28,10:08,F 50-54/9,F-51,144,32:00,54.48%
368,Erwin Saenz,"Long Beach, CA",392,31:29,10:08,M 20-24/22,M-24,224,31:29,41.00%
369,Jackson Collins,"Ladera Ranch, CA",718,31:30,10:09,M 01-14/20,M-11,225,32:13,48.60%
370,Judith Degracia,"Torrance, CA",112,31:35,10:10,F 30-34/15,F-32,145,32:19,46.99%
371,Christine Aurea,"Long Beach, CA",37,31:35,10:10,F 30-34/16,F-32,146,32:04,46.99%
372,Shawn Loo,"Covina, CA",1055,31:36,10:11,M 35-39/23,M-36,226,32:39,42.01%
373,Meghan Benbow,"San Francisco, CA",688,31:37,10:11,F 25-29/29,F-25,147,31:54,46.84%
374,Nicole Barnes,"Costa Mesa, CA",1011,31:39,10:11,F 30-34/17,F-31,148,32:33,46.84%
375,William Barnes,"Costa Mesa, CA",1013,31:39,10:12,M 35-39/24,M-39,227,32:34,42.83%
376,Jennifer Tallent,"Costa Mesa, CA",434,31:41,10:12,F 30-34/18,F-33,149,31:53,46.95%
377,Irene Graff,"Long Beach, CA",901,31:41,10:12,F 45-49/18,F-45,150,32:23,50.42%
378,Michele Schones,"Huntington Beach, CA",406,31:42,10:13,F 45-49/19,F-48,151,32:20,52.13%
379,Jenna Bergna,"Newport Beach, CA",53,31:43,10:13,F 25-29/30,F-26,152,31:57,46.69%
380,Ronda Stephens,"Long Beach, CA",869,31:44,10:13,F 45-49/20,F-47,153,32:03,51.45%
381,Li Anne Read,"Mission Viejo, CA",833,31:45,10:13,F 30-34/19,F-33,154,32:27,46.85%
382,Jamie Stitzel,"Laguna Niguel, CA",428,31:45,10:13,F 25-29/31,F-29,155,32:18,46.64%
383,Jason Fieffer,"Garden Grove, CA",735,31:47,10:14,M 40-44/21,M-40,228,32:16,42.97%
384,Denise Subia,"Santa Ana, CA",870,31:48,10:15,F 30-34/20,F-33,156,32:16,46.78%
385,Dawnette Lowry,"Huntington Beach, CA",274,31:51,10:15,F 50-54/10,F-54,157,32:26,55.92%
386,Kim Walker,"Huntington Beach, CA",883,31:56,10:17,M 65-69/4,M-66,229,32:21,53.05%
387,Mitchell Cohen,"Santa Ana, CA",1401,31:57,10:17,M NoAge/0,M-0,230,32:42, 0.00%
388,Claire Cohen,"Santa Ana, CA",1402,31:57,10:17,F NoAge/0,F-0,158,32:43, 0.00%
389,Meredith Fish,"San Clemente, CA",136,31:58,10:18,F 30-34/21,F-32,159,32:29,46.43%
390,Jacey Dexter,"Encino, CA",115,32:15,10:23,F 25-29/32,F-26,160,33:03,45.92%
391,Matt Holder,"Irvine, CA",477,32:18,10:24,M 35-39/25,M-39,231,32:54,41.97%
392,Melinda Sutika,"Costa Mesa, CA",1069,32:20,10:25,F 45-49/21,F-46,161,33:05,49.92%
393,David Mathias,"Anaheim, CA",793,32:21,10:25,M 60-64/4,M-63,232,32:47,50.93%
394,Shelley Bird,"Coto De Caza, CA",1052,32:26,10:27,F 40-44/18,F-41,162,32:57,47.61%
395,Alicyn Baldwin,"Garden Grove, CA",38,32:27,10:27,F 25-29/33,F-27,163,33:35,45.63%
396,Cher Jumonville,"Huntington Beach, CA",767,32:27,10:27,F 50-54/11,F-52,164,33:03,53.49%
397,Emily Bird,"Coto De Caza, CA",696,32:35,10:29,F 01-14/6,F-7,165,32:57,57.63%
398,Brian Clark,"Wildomar, CA",714,32:37,10:30,M 35-39/26,M-37,233,32:46,40.95%
399,Linda Bogue,"Mission Viejo, CA",57,32:39,10:31,F 55-59/7,F-56,166,33:19,56.03%
400,Troy Morittz,"Victorville, CA",307,32:40,10:31,M 45-49/25,M-48,234,33:27,44.46%
401,Jill Birch,"Mission Viejo, CA",694,32:49,10:34,F 55-59/8,F-55,167,33:02,55.00%
402,Edith Cruz,"Santa Ana, CA",722,32:59,10:37,F 25-29/34,F-25,168,33:21,44.89%
403,Scott Baugh,"Newport Beach, CA",45,33:01,10:38,M 45-49/26,M-48,235,33:34,43.99%
404,Lindsay Shaw,"Trabuco Canyon, CA",854,33:02,10:38,F 15-19/10,F-15,169,33:06,46.95%
405,Lindsay Palmer,"Laguna Hills, CA",347,33:02,10:38,F 20-24/11,F-22,170,33:34,44.83%
406,Poovaiah Appachu,"Irvine, CA",27,33:07,10:40,M 25-29/33,M-29,236,33:19,39.02%
407,Anita Irwin,"Brea, CA",214,33:07,10:40,F 40-44/19,F-40,171,33:57,46.32%
408,Jennifer Olvera,"Costa Mesa, CA",815,33:09,10:40,F 25-29/35,F-25,172,33:58,44.67%
409,Frank Mendez,"El Monte, CA",800,33:10,10:41,M 30-34/30,M-34,237,33:18,39.57%
410,Linda Stein,"Mission Viejo, CA",867,33:12,10:41,F 55-59/9,F-56,173,33:25,55.10%
411,Tanya Saenz,"Santa Ana, CA",1027,33:13,10:42,F 25-29/36,F-25,174,33:20,44.58%
412,Dave Duncan,"Long Beach, CA",726,33:19,10:44,M 60-64/5,M-61,238,33:34,48.60%
413,Lindsey Simon,"Costa Mesa, CA",859,33:21,10:44,F 25-29/37,F-29,175,33:36,44.40%
414,Laura Urish,"Mission Viejo, CA",1020,33:21,10:44,F 50-54/12,F-51,176,33:22,51.40%
415,Melissa McCune,"Mission Viejo, CA",797,33:21,10:45,F 25-29/38,F-26,177,33:59,44.40%
416,Robert Clanton,"Lake Forest, CA",713,33:23,10:45,M 55-59/11,M-58,239,33:59,47.25%
417,Kelly Flannery,"Whittier, CA",140,33:24,10:45,F 50-54/13,F-51,178,34:28,51.32%
418,Heather Puccinelli,"Newport Beach, CA",1085,33:26,10:46,F 30-34/22,F-34,179,34:00,44.59%
419,Megan Rich,"Long Beach, CA",837,33:29,10:47,F 25-29/39,F-27,180,33:49,44.22%
420,Antonia Brockfeld,"Foothill Ranch, CA",1022,33:31,10:48,M 01-14/21,M-13,240,33:56,43.28%
421,Alberta Mirisciotti,"Costa Mesa, CA",699,33:31,10:48,F 50-54/14,F-53,181,34:33,52.49%
422,Robert Shock,"Long Beach, CA",418,33:32,10:48,M 40-44/22,M-40,241,34:00,40.73%
423,Leah Mahakian,"Cypress, CA",785,33:33,10:48,F 20-24/12,F-24,182,34:24,44.14%
424,Guerin Butterworth,"Torrance, CA",702,33:35,10:49,F 50-54/15,F-54,183,34:11,53.03%
425,Joachim Fischer,"Foothill Ranch, CA",1017,33:39,10:50,M 40-44/23,M-41,242,34:04,40.88%
426,Linus Fischer,"Foothill Ranch, CA",1021,33:39,10:50,M 01-14/22,M-6,243,34:05,55.60%
427,Veronica Escobedo,"Santa Ana, CA",1087,33:40,10:50,F 25-29/40,F-26,184,34:25,43.98%
428,Lori Gentry,"Bellflower, CA",900,33:40,10:50,F 50-54/16,F-51,185,34:15,50.92%
429,Michelle Schiavo,"Tustin, CA",1078,33:41,10:51,F 25-29/41,F-28,186,34:00,43.96%
430,Carissa Caldwell,"Santa Ana, CA",78,33:41,10:51,F 35-39/23,F-36,187,34:15,44.60%
431,Vicente Vidal,"Whittier, CA",881,33:43,10:52,M 50-54/23,M-50,244,33:58,43.77%
432,Joseph Holbrook,"Santa Ana, CA",759,33:53,10:55,M 30-34/31,M-34,245,33:53,38.73%
433,Jon Nakano,"Irvine, CA",316,33:58,10:56,M 30-34/32,M-31,246,34:34,38.19%
434,Sonia Fay,"Yorba Linda, CA",1041,34:01,10:57,F 55-59/10,F-57,188,34:11,54.51%
435,Tracy Repass,"Garden Grove, CA",1088,34:04,10:58,M 45-49/27,M-46,247,34:25,41.95%
436,Kelly McClenon,"Costa Mesa, CA",286,34:05,10:59,F 35-39/24,F-36,189,34:21,44.08%
437,Kathlyn Fortune,"Long Beach, CA",147,34:06,10:59,F 25-29/42,F-27,190,34:58,43.42%
438,Marcia Davis,"Fontana, CA",109,34:08,11:00,F 45-49/22,F-47,191,34:55,47.83%
439,Robert Valle,"Orange, CA",444,34:11,11:00,M 50-54/24,M-53,248,35:08,44.24%
440,Jill Muckenthaler,"Anaheim, CA",310,34:13,11:01,F 45-49/23,F-46,192,34:29,47.17%
441,Katrina Mosher,"Burbank, CA",309,34:13,11:01,F 25-29/43,F-29,193,34:30,43.27%
442,Julie Hale,"San Dimas, CA",178,34:15,11:02,F 50-54/17,F-54,194,34:57,51.97%
443,Tracy Lopez,"Glendora, CA",269,34:16,11:02,F 55-59/11,F-56,195,34:57,53.38%
444,Renzon Reyes,"Torrance, CA",836,34:18,11:03,M 35-39/27,M-39,249,34:29,39.52%
445,Carol Neves,"La Verne, CA",321,34:19,11:03,F 50-54/18,F-52,196,34:52,50.58%
446,Jonathan Neves,"La Verne, CA",322,34:19,11:03,M 01-14/23,M-11,250,34:51,44.61%
447,Tom Fonseca,"Fountain Valley, CA",145,34:23,11:04,M 35-39/28,M-39,251,34:57,39.43%
448,Deborah Miller,"Costa Mesa, CA",1047,34:23,11:04,F 20-24/13,F-24,197,34:31,43.06%
449,Lani Lucero,"Costa Mesa, CA",782,34:24,11:05,F 40-44/20,F-41,198,35:15,44.89%
450,Kristopher Maw,"Tustin, CA",284,34:33,11:08,M 25-29/34,M-27,252,35:24,37.36%
451,Dominique Laqui,"Bloomington, CA",1091,34:35,11:08,M 20-24/23,M-24,253,34:59,37.32%
452,Stephanie Wright,"Newport Beach, CA",468,34:36,11:09,F 25-29/44,F-26,199,35:09,42.80%
453,Dennis Cambara,"Riverside, CA",703,34:36,11:09,M 20-24/24,M-24,254,35:02,37.30%
454,Sonia Johnson,"Lakewood, CA",766,34:37,11:09,F 40-44/21,F-40,200,35:34,44.32%
455,Debbie Andersen,"Mission Viejo, CA",21,34:38,11:09,F 50-54/19,F-50,201,35:02,48.87%
456,Angelica Jimov,"Agoura Hills, CA",221,34:45,11:11,F 30-34/23,F-31,202,35:07,42.66%
457,Lloyd Marchand,"Newport Beach, CA",786,34:46,11:12,M 75-99/1,M-78,255,35:13,57.79%
458,Alisa Takeuchi,"Huntington Beach, CA",433,34:48,11:12,F 40-44/22,F-40,203,35:36,44.08%
459,Mary Fasang,"Long Beach, CA",730,34:50,11:13,F 30-34/24,F-34,204,35:56,42.80%
460,Joseph Neves,"La Verne, CA",323,34:51,11:13,M 01-14/24,M-14,256,34:51,40.72%
461,Leilani Quiray,"Newport Beach, CA",364,34:53,11:14,F 30-34/25,F-30,205,35:20,42.45%
462,Susan Crook,"Lake Forest, CA",104,35:05,11:18,F 55-59/12,F-55,206,35:36,51.47%
463,Michele Stitzel,"San Diego, CA",429,35:12,11:20,F 55-59/13,F-56,207,35:45,51.97%
464,Ruth Sutherland,"Rockford, IL",872,35:14,11:21,F 35-39/25,F-39,208,36:04,43.26%
465,April Belarmino,"Anaheim, CA",687,35:15,11:21,F 30-34/26,F-30,209,35:25,42.01%
466,Ladan Kamalalavi,"Irvine, CA",768,35:17,11:22,M 45-49/28,M-45,257,35:23,40.22%
467,Blaine Leckett,"Anaheim, CA",778,35:22,11:23,M 45-49/29,M-48,258,36:20,41.07%
468,Stephen Ringler,"Torrance, CA",840,35:22,11:23,M 25-29/35,M-29,259,35:42,36.54%
469,Shea Ippolito,"Newport Beach, CA",213,35:22,11:23,F 40-44/23,F-40,210,36:20,43.38%
470,Debbie Morris-Quintero,"Huntington Beach, CA",308,35:25,11:24,F 45-49/24,F-49,211,35:42,47.22%
471,Sue Ervin,"San Juan Capo, CA",132,35:27,11:25,F 50-54/20,F-52,212,35:42,48.97%
472,Monica Hernandez,"Tustin, CA",191,35:28,11:25,F 50-54/21,F-52,213,35:47,48.94%
473,Lesa Weienrt,"Dana Point, CA",459,35:33,11:27,F 45-49/25,F-47,214,36:04,45.92%
474,Lea Ringler,"Torrance, CA",839,35:38,11:29,F 30-34/27,F-33,215,35:58,41.74%
475,Jeannie King,"Chino, CA",231,35:41,11:29,F 55-59/14,F-57,216,36:09,51.96%
476,Janis Miyaguchi,"Gardena, CA",806,35:43,11:30,F 50-54/22,F-50,217,36:25,47.39%
477,Cristol Perez,"Rowland Heights, CA",819,35:51,11:33,M 30-34/33,M-34,260,36:37,36.60%
478,Nancy Barroso,"Rowland Heights, CA",684,35:51,11:33,F 30-34/28,F-31,218,36:38,41.35%
479,Susan Stephens,"Yorba Linda, CA",426,35:53,11:33,F 25-29/45,F-28,219,36:50,41.26%
480,Margaret Chen,"Yorba Linda, CA",87,35:53,11:33,F 35-39/26,F-35,220,36:50,41.68%
481,Gwen Lo,"Redondo Beach, CA",905,35:55,11:34,F 30-34/29,F-33,221,36:16,41.41%
482,Wendolyn Vermeer,"West Covina, CA",880,35:56,11:34,F 25-29/46,F-28,222,36:48,41.21%
483,Edward Villalobos,"Long Beach, CA",453,36:00,11:36,M 65-69/5,M-67,261,36:19,47.48%
484,Christy Dean,"Garden Grove, CA",724,36:01,11:36,F 40-44/24,F-40,223,36:33,42.59%
485,Than Duong,"Lake Forest, CA",121,36:02,11:36,M 30-34/34,M-34,262,36:26,36.42%
486,Lori Guay,"Corona Del Mar, CA",170,36:07,11:38,F 50-54/23,F-51,224,36:24,47.46%
487,Jennifer Horton,"Long Beach, CA",760,36:12,11:39,F 40-44/25,F-41,225,36:44,42.65%
488,Laura Palmer,"Laguna Hills, CA",346,36:16,11:41,F 20-24/14,F-24,226,36:16,40.83%
489,Christopher Cooper,"Willows, CA",96,36:17,11:41,M 20-24/25,M-24,263,36:59,35.57%
490,Debbie Schoemann,"Lake Forest, CA",403,36:19,11:42,F 40-44/26,F-44,227,36:59,43.57%
491,Sharon Newman,"Fullerton, CA",326,36:21,11:42,F 40-44/27,F-41,228,36:39,42.48%
492,Ross Nagarasan,"Orange, CA",315,36:24,11:43,M 60-64/6,M-61,264,36:48,44.48%
493,Donna Smith,"Canyon Country, CA",1042,36:29,11:45,F 45-49/26,F-48,229,36:36,45.29%
494,Lindsey Tate,"Calabasas, CA",875,36:30,11:45,F 20-24/15,F-21,230,36:51,40.57%
495,Daniel McRaney,"Laguna Niguel, CA",799,36:39,11:48,M 30-34/35,M-32,265,36:46,35.49%
496,Tina Loo,"San Clemente, CA",1048,36:43,11:49,F 35-39/27,F-35,231,37:29,40.74%
497,Lisa Tharp,"Buena Park, CA",438,36:44,11:50,F 50-54/24,F-53,232,37:11,47.89%
498,Crystal Pham,"Long Beach, CA",822,36:49,11:51,F 20-24/16,F-20,233,37:15,40.22%
499,Christine Tram,"Long Beach, CA",878,36:50,11:52,F 25-29/47,F-28,234,37:17,40.20%
500,Bobby Reade,"North Hollywood, CA",834,36:51,11:52,M 30-34/36,M-34,266,37:23,35.61%
501,Gina Shoecard,"Orange, CA",856,37:01,11:55,F 45-49/27,F-47,235,38:04,44.10%
502,Allan Thurman,"Alta Loma, CA",876,37:03,11:56,M 55-59/12,M-59,267,37:52,42.93%
503,Leslie Bird,"Los Angeles, CA",1051,37:07,11:57,F 35-39/28,F-36,236,37:24,40.48%
504,Allen Richards,"Costa Mesa, CA",919,37:12,11:59,M 01-14/25,M-11,268,37:47,41.15%
505,Adriana Han,"South Gate, CA",181,37:18,12:01,F 30-34/30,F-30,237,37:47,39.70%
506,Sarah Goldthorpe,"Fullerton, CA",164,37:22,12:02,F 40-44/28,F-42,238,37:49,41.63%
507,Yvette Juarez,"Bell Gardens, CA",224,37:36,12:06,F 30-34/31,F-32,239,38:25,39.47%
508,Koreen Johnson,"Costa Mesa, CA",223,37:36,12:06,F 35-39/29,F-37,240,38:26,40.13%
509,Taree Suchikul,"Panorama City, CA",431,37:42,12:09,F 25-29/48,F-29,241,37:59,39.27%
510,Laura Munoz,"Orange, CA",810,37:45,12:09,F 40-44/29,F-44,242,38:16,41.92%
511,Seema Chiodo,"Trabuco Canyon, CA",1075,37:46,12:10,M 35-39/29,M-35,269,38:05,34.92%
512,Yvonne Wink,"Trabuco Canyon, CA",1077,37:46,12:10,F 35-39/30,F-37,243,38:05,39.96%
513,Patty Hammel,"Fullerton, CA",180,37:54,12:12,F 45-49/28,F-47,244,38:24,43.07%
514,Michelle Prieto,"Norwalk, CA",830,37:58,12:14,F 30-34/32,F-34,245,38:58,39.26%
515,Mark Huestas,"Gardena, CA",761,38:02,12:15,M 45-49/30,M-49,270,38:46,38.49%
516,Karla Macias,"San Diego, CA",783,38:05,12:16,F 30-34/33,F-32,246,38:29,38.97%
517,Maria Kutscher,"Huntington Beach, CA",923,38:07,12:16,F 45-49/29,F-47,247,38:38,42.83%
518,Nathan Kutscher,"Huntington Beach, CA",6,38:07,12:16,M 01-14/26,M-6,271,38:38,49.08%
519,Deyaneira Garcia,"Santa Ana, CA",158,38:08,12:17,F 01-14/7,F-12,248,38:40,42.72%
520,Yolanda Ybarra,"Costa Mesa, CA",1404,38:16,12:19,F NoAge/0,F-0,249,38:42, 0.00%
521,Rachel Fonseca,"Fountain Valley, CA",144,38:17,12:20,F 30-34/34,F-34,250,38:51,38.94%
522,Lisa Jacobs,"Tustin, CA",218,38:29,12:24,F 45-49/30,F-47,251,39:06,42.42%
523,Barbara Barboza,"Fullerton, CA",40,38:32,12:25,F 40-44/30,F-42,252,39:17,40.37%
524,Anthony Gutierrez,"Costa Mesa, CA",1058,38:44,12:28,M 01-14/27,M-5,272,38:45,51.05%
525,Elizabeth Schoettger,"Laguna Niguel, CA",405,38:54,12:31,F 40-44/31,F-41,253,39:33,39.69%
526,Kris Andreasen,"Lake Forest, CA",24,38:57,12:32,F 50-54/25,F-52,254,39:33,44.56%
527,Lynne Saremi,"Mission Viejo, CA",850,38:57,12:33,F 55-59/15,F-55,255,39:33,46.36%
528,Jan Newton,"Thousand Oaks, CA",329,38:58,12:33,F 40-44/32,F-44,256,39:34,40.61%
529,Anna Karis,"Walnut, CA",769,39:00,12:34,F 25-29/49,F-25,257,39:39,37.96%
530,Catherine Fleming,"Irvine, CA",1100,39:07,12:36,F 55-59/16,F-56,258,39:08,46.76%
531,Monica Roach,"Santa Ana, CA",380,39:13,12:38,F 30-34/35,F-31,259,40:10,37.80%
532,Nicholas Roach,"Santa Ana, CA",381,39:13,12:38,M 35-39/30,M-35,273,40:10,33.63%
533,Mickey Naranjo,"Monterey Park, CA",317,39:14,12:38,M 45-49/31,M-49,274,39:17,37.31%
534,James Elie,"El Segundo, CA",128,39:14,12:38,M NoAge/0,M-0,275,39:17, 0.00%
535,Phil Dantes,"Huntington Beach, CA",108,39:16,12:39,M 25-29/36,M-29,276,39:58,32.91%
536,Clara Alonzo,"Los Angeles, CA",1026,39:19,12:40,F 20-24/17,F-23,260,39:49,37.66%
537,James Flannery,"Whittier, CA",139,39:23,12:41,M 45-49/32,M-46,277,40:29,36.28%
538,Cindi Tate,"Calabasas, CA",874,39:24,12:41,F 55-59/17,F-56,261,39:46,46.42%
539,Sarah Yoder,"Tustin, CA",469,39:40,12:46,F 35-39/31,F-35,262,40:38,37.70%
540,Lissa Posbic,"Orange, CA",360,39:44,12:48,F 50-54/26,F-51,263,40:04,43.14%
541,Leslie Santillan,"Fullerton, CA",399,39:52,12:50,F 45-49/31,F-46,264,40:19,40.49%
542,Billie Henry,"Corona, CA",190,39:53,12:50,F 40-44/33,F-42,265,40:22,39.01%
543,Eve Le,"Irvine, CA",777,40:14,12:57,F 45-49/32,F-49,266,40:45,41.57%
544,Trudy Guy,"Garden Grove, CA",176,40:31,13:03,F 50-54/27,F-52,267,41:14,42.84%
545,Harry Hughes,"Buena Park, CA",204,40:31,13:03,M 45-49/33,M-49,278,41:31,36.13%
546,Thomas Hunter,"Huntington Beach, CA",762,40:50,13:09,M 55-59/13,M-59,279,41:04,38.94%
547,Martin Garcia,"Pomona, CA",743,40:53,13:10,M 45-49/34,M-45,280,41:04,34.71%
548,Kim Degen,"Aliso Viejo, CA",111,40:54,13:10,F 30-34/36,F-34,268,41:47,36.45%
549,Kaye Reuschling,"Lancaster, CA",373,40:57,13:11,F 40-44/34,F-40,269,41:17,37.46%
550,Sarah Bixler,"Costa Mesa, CA",56,40:58,13:12,F 45-49/33,F-45,270,41:38,38.99%
551,Derk Wright,"Rowland Heights, CA",890,40:59,13:12,M 35-39/31,M-38,281,41:11,32.83%
552,Denise Yarbrough,"Cypress, CA",893,41:07,13:15,F 40-44/35,F-43,271,42:01,38.16%
553,Dena Heathman,"Tustin, CA",924,41:14,13:17,F 45-49/34,F-47,272,42:05,39.59%
554,Nancy Lofstrom,"Newport Beach, CA",267,41:14,13:17,F 50-54/28,F-52,273,42:05,42.09%
555,Doug Lofstrom,"Newport Beach, CA",266,41:14,13:17,M 60-64/7,M-61,282,42:04,39.26%
556,Olin Lamb,"Walnut, CA",245,41:32,13:22,F 65-69/2,F-65,274,41:54,50.14%
557,Geovanni Patterson,"Riverside, CA",1049,41:36,13:24,M 01-14/28,M-14,283,42:40,34.11%
558,Nash Quines,"Riverside, CA",363,41:38,13:24,M 30-34/37,M-34,284,42:23,31.52%
559,Martha Carrier,"Newport Beach, CA",83,41:42,13:26,F 50-54/29,F-51,275,42:28,41.10%
560,Christopher Morales,"Yorba Linda, CA",304,41:44,13:26,M 35-39/32,M-36,285,42:05,31.80%
561,Desirae Vantilborg,"Yorba Linda, CA",447,41:45,13:27,F 30-34/37,F-34,276,42:05,35.70%
562,Debra Hamano,"Long Beach, CA",1066,41:50,13:28,F 50-54/30,F-53,277,42:31,42.05%
563,Bruce Brown,"Mission Viejo, CA",64,41:53,13:29,M 55-59/14,M-57,286,42:33,37.34%
564,Dean Hoth,"Riverside, CA",925,42:02,13:32,M 40-44/24,M-42,287,42:40,32.96%
565,Danielle Mitchell,"Highland, CA",302,42:05,13:33,F 35-39/32,F-39,278,42:05,36.21%
566,Dale Hoth,"Rancho Cucamonga, CA",926,42:10,13:35,M 40-44/25,M-42,288,42:49,32.86%
567,Daniel Cobo,"Fontana, CA",897,42:12,13:35,M 01-14/29,M-11,289,42:15,36.27%
568,Len Lamb,"Walnut, CA",244,42:15,13:36,M 65-69/6,M-66,290,42:37,40.09%
569,Melissa Alonso,"Costa Mesa, CA",17,42:20,13:38,F 35-39/33,F-37,279,43:08,35.64%
570,Paul Venderley,"Anaheim, CA",450,42:22,13:38,M 35-39/33,M-39,291,43:10,32.00%
571,Dawn Newton,"Garden Grove, CA",1090,42:25,13:40,F 50-54/31,F-52,280,43:09,40.92%
572,Kimberly Israelson,"Costa Mesa, CA",216,42:35,13:43,F 35-39/34,F-36,281,43:10,35.28%
573,Rita Nagarasan,"Orange, CA",314,42:37,13:43,F 25-29/50,F-29,282,43:01,34.74%
574,Evelyn Guevara,"Riverside, CA",173,42:44,13:45,F 30-34/38,F-32,283,43:29,34.72%
575,Monica Hernandez,"Anaheim, CA",756,42:45,13:46,F 40-44/36,F-41,284,43:31,36.12%
576,Erik Wirtanen,"Irvine, CA",888,42:56,13:49,M 30-34/38,M-31,292,43:33,30.21%
577,Catherine Wilson,"Anaheim, CA",462,42:57,13:50,F 50-54/32,F-53,285,43:01,40.95%
578,Brandi Bass,"Cerritos, CA",44,42:58,13:50,F 35-39/35,F-35,286,44:03,34.81%
579,Jennifer Valdez,"Irvine, CA",879,43:00,13:51,F 30-34/39,F-32,287,43:38,34.51%
580,Lindsay Osborne,"Garden Grove, CA",341,43:02,13:51,F 25-29/51,F-28,288,43:48,34.41%
581,Liz Osborne,"Fountain Valley, CA",342,43:02,13:52,F 30-34/40,F-30,289,43:48,34.41%
582,Elizabeth Leger,"Redlands, CA",254,43:05,13:52,F 50-54/33,F-52,290,43:29,40.29%
583,Mitch Dexter,"Encino, CA",116,43:08,13:53,M 30-34/39,M-30,293,43:55,30.00%
584,Jake Bernhardt,"Coto De Caza, CA",691,43:16,13:56,M 01-14/30,M-12,294,43:27,34.37%
585,John Tate,"Los Angeles, CA",1015,43:17,13:56,M 55-59/15,M-59,295,43:40,36.75%
586,Susan Reese,"Mission Viejo, CA",370,43:24,13:58,F 40-44/37,F-44,291,44:17,36.46%
587,Sunny Byon,"Cypress, CA",77,43:29,14:00,F 35-39/36,F-38,292,44:19,34.85%
588,Ginger Castillo,"Costa Mesa, CA",85,43:30,14:00,F 40-44/38,F-40,293,44:19,35.26%
589,Lisa Tran,"Covina, CA",1099,43:36,14:02,F 35-39/37,F-35,294,44:43,34.30%
590,Natalie Cobo,"Fontana, CA",899,43:37,14:03,F 01-14/8,F-8,295,43:44,41.55%
591,Erika Cobo,"Fontana, CA",898,43:37,14:03,F 35-39/38,F-39,296,43:44,34.94%
592,Barbara Mendez,"Huntington Beach, CA",292,43:40,14:04,F 40-44/39,F-40,297,44:31,35.13%
593,Mary Meacham,"Oceanside, CA",291,43:42,14:04,F 35-39/39,F-39,298,44:31,34.87%
594,Tyler Hefner,"Huntington Beach, CA",189,43:54,14:08,M 01-14/31,M-8,296,44:41,38.78%
595,Shayna Hefner,"Huntington Beach, CA",188,43:55,14:09,F 35-39/40,F-35,299,44:41,34.05%
596,Marta Hernandez,"Oceanside, CA",755,43:57,14:09,F 25-29/52,F-29,300,44:43,33.69%
597,Symonn Reese,"Mission Viejo, CA",371,44:04,14:11,M 45-49/35,M-46,297,44:17,32.43%
598,Vina Prince,"Lakewood, CA",361,44:05,14:12,F 45-49/35,F-48,301,44:53,37.48%
599,Donald Bruhns,"Anaheim, CA",66,44:07,14:12,M 45-49/36,M-45,298,45:05,32.15%
600,Jacqueline Walker,"Los Angeles, CA",458,44:23,14:18,F 50-54/34,F-53,302,45:12,39.63%
601,Christopher Dalbey,"Irvine, CA",107,44:25,14:18,M 30-34/40,M-34,299,45:17,29.54%
602,Khirstine Lumban,"Ontario, CA",277,44:25,14:18,F 25-29/53,F-26,303,45:17,33.33%
603,Mindy Ferguson,"Irvine, CA",734,44:31,14:20,F 35-39/41,F-38,304,44:53,34.04%
604,Jennifer Webb,"Irvine, CA",885,44:31,14:20,F 30-34/41,F-34,305,44:53,33.48%
605,Steave Savage,"Huntington Beach, CA",402,44:31,14:20,M 45-49/37,M-48,300,44:52,32.62%
606,Regina Savage,"Long Beach, CA",401,44:32,14:20,F 45-49/36,F-49,306,44:54,37.55%
607,Tawanna Harrison,"Hawthorne, CA",184,44:35,14:21,F 35-39/42,F-36,307,45:40,33.69%
608,Beverly Kishida,"Aliso Viejo, CA",920,44:49,14:26,F 35-39/43,F-35,308,45:53,33.37%
609,Kathy Calvillo,"Huntington Beach, CA",79,44:50,14:26,F 55-59/18,F-57,309,45:50,41.35%
610,Jeanette Hughes,"Anaheim, CA",205,44:52,14:27,F 55-59/19,F-58,310,45:51,41.92%
611,Chris Cordova,"Orange, CA",97,45:06,14:31,M 40-44/26,M-40,301,45:42,30.28%
612,Jim Collins,"Aliso Viejo, CA",94,45:16,14:34,M 40-44/27,M-40,302,46:24,30.17%
613,Tiffaney Cordova,"Costa Mesa, CA",98,45:17,14:35,F 30-34/42,F-31,311,45:42,32.73%
614,Brad Coffman,"Villa Park, CA",93,45:17,14:35,M 55-59/16,M-55,303,46:23,33.95%
615,Christopher Cordova,"Yorba Linda, CA",1081,45:18,14:35,M 01-14/32,M-7,304,45:42,39.31%
616,Adriana Gjonovich,"Cypress, CA",1082,45:18,14:35,M 15-19/15,M-17,305,45:42,29.81%
617,Nancy Porta,"Ontario, CA",827,45:45,14:44,F 55-59/20,F-59,312,45:56,41.65%
618,Edgardo Reyes,"La Puente, CA",835,45:48,14:45,M 35-39/34,M-37,306,45:54,29.16%
619,Michael Gordon,"Yorba Linda, CA",746,46:09,14:52,M 15-19/16,M-15,307,47:08,30.17%
620,Tanya Gamez,"Yorba Linda, CA",739,46:11,14:52,F 30-34/43,F-31,313,47:11,32.09%
621,Eileen Phillips,"Newport Beach, CA",823,46:13,14:53,F 65-69/3,F-69,314,46:56,47.98%
622,Shirley Frobes,"Costa Mesa, CA",738,46:13,14:53,F 65-69/4,F-66,315,46:55,45.74%
623,Lee Digregorio,"Anaheim, CA",1037,46:17,14:54,M 75-99/2,M-77,308,47:05,42.51%
624,Phillip Feldman,"Rancho Cucamonga, CA",733,46:36,15:00,M 55-59/17,M-56,309,46:49,33.27%
625,Carla Feldman,"Rancho Cucamonga, CA",732,46:36,15:00,F 45-49/37,F-45,316,46:49,34.28%
626,Patricia Romero,"Chino Hills, CA",388,46:42,15:02,F 50-54/35,F-51,317,47:47,36.70%
627,Steve Cardon,"Alta Loma, CA",706,47:00,15:08,M 65-69/7,M-68,310,47:12,36.72%
628,Gregory Puccinelli,"Newport Bch, CA",1086,47:16,15:13,M 35-39/35,M-36,311,47:50,28.08%
629,Donsha Robinson-McClain,"San Dimas, CA",383,47:52,15:25,F 35-39/44,F-37,318,47:55,31.52%
630,Marivie Argueta,"Long Beach, CA",31,47:58,15:27,F 30-34/44,F-33,319,48:42,31.00%
631,Karen Coyne,"Aliso Viejo, CA",102,48:16,15:32,F 55-59/21,F-55,320,49:10,37.41%
632,April Radics,"Winnetka, CA",365,48:34,15:38,F 20-24/18,F-23,321,48:58,30.48%
633,Susan Kristie,"Laguna Niguel, CA",240,48:35,15:38,F 55-59/22,F-55,322,49:30,37.17%
634,Cindy Casamina,"Santa Clara, CA",708,48:49,15:43,F 50-54/36,F-51,323,49:37,35.11%
635,Faye Nakamoto,"Costa Mesa, CA",811,48:50,15:43,F 50-54/37,F-53,324,49:37,36.02%
636,Cynthia Schoemann,"Fountain Vly, CA",1067,48:51,15:44,F 35-39/45,F-39,325,49:32,31.19%
637,Mary Schoemann,"Fountain Valley, CA",404,48:53,15:44,F 65-69/5,F-67,326,49:33,43.93%
638,Amanda Oldham,"Tustin, CA",1093,48:55,15:45,F 30-34/45,F-31,327,50:01,30.30%
639,Gayle Burke,"Orange, CA",70,49:01,15:47,F 45-49/38,F-45,328,49:12,32.59%
640,Claire Burke,"Orange, CA",68,49:02,15:47,F 01-14/9,F-9,329,49:12,35.80%
641,Rachel Benveniste,"Gardena, CA",50,49:04,15:48,F 30-34/46,F-33,330,49:53,30.31%
642,Julian Schreiber,"Pasco, WA",851,49:13,15:51,M 01-14/33,M-9,312,50:06,33.23%
643,Tanya Wojtowych,"Pasco, WA",889,49:13,15:51,F 45-49/39,F-48,331,50:05,33.57%
644,Jeff Miller,"Costa Mesa, CA",298,49:14,15:51,M 45-49/38,M-46,313,50:06,29.02%
645,Brian Kunst,"Costa Mesa, CA",241,49:14,15:51,M 40-44/28,M-43,314,49:30,28.38%
646,Bonnie Halfacre,"Corona Del Mar, CA",749,50:05,16:08,F 30-34/47,F-32,332,51:00,29.63%
647,Kelsey Chrisley,"Santa Ana, CA",88,50:15,16:11,F 50-54/38,F-50,333,51:23,33.68%
648,Angela Benveniste,"Gardena, CA",49,50:28,16:15,F 30-34/48,F-31,334,51:17,29.37%
649,David Peng,"Brea, CA",817,50:29,16:15,M 30-34/41,M-33,315,51:32,25.86%
650,Sammie Peng,"Brea, CA",818,50:30,16:16,F 30-34/49,F-33,335,51:32,29.45%
651,Karmen Fishman,"Costa Mesa, CA",137,50:32,16:16,F 45-49/40,F-46,336,51:01,31.94%
652,Manuel Rodriguez,"West Covina, CA",842,50:35,16:17,M 60-64/8,M-60,316,50:48,31.71%
653,Anita Elias,"West Covina, CA",727,50:36,16:18,F 40-44/40,F-44,337,50:47,31.27%
654,Rick Ruelas,"Pico Rivera, CA",846,50:38,16:18,M 40-44/29,M-40,317,50:48,26.97%
655,Bryan Barboza,"Fullerton, CA",41,51:02,16:26,M 40-44/30,M-43,318,51:59,27.38%
656,Joey Barboza,"Fullerton, CA",42,51:02,16:26,M 01-14/34,M-10,319,51:59,30.94%
657,Randy Kimbrell,"Laguna Niguel, CA",230,51:03,16:26,M 45-49/39,M-45,320,51:59,27.79%
658,Anita Macias,"La Mirada, CA",280,51:08,16:28,F 55-59/23,F-56,338,51:55,35.77%
659,Tracey Clark,"Anaheim, CA",92,51:25,16:33,F 45-49/41,F-47,339,51:50,31.74%
660,Jessica Stephens,"Long Beach, CA",868,51:46,16:40,F 20-24/19,F-21,340,52:05,28.60%
661,Jorge Garcia,"Pomona, CA",742,51:47,16:40,M 30-34/42,M-33,321,53:05,25.21%
662,Daysha Troutman,"Long Beach, CA",1063,51:47,16:40,M 20-24/26,M-21,322,52:05,25.02%
663,Susan Fleming,"Huntington Beach, CA",141,52:00,16:44,F 40-44/41,F-44,341,52:42,30.43%
664,Lesli Correia,"Huntington Beach, CA",100,52:00,16:44,F 40-44/42,F-41,342,52:42,29.69%
665,Aliyah Garcia,"Pomona, CA",740,52:01,16:45,F 01-14/10,F-13,343,53:05,30.71%
666,Krystine Cordova,"Pomona, CA",719,52:01,16:45,F 15-19/11,F-19,344,53:05,28.56%
667,Chris Mendez,"Huntington Beach, CA",293,52:18,16:50,M 45-49/40,M-49,323,53:10,27.99%
668,Kathryn Nguyen,"Irvine, CA",331,52:24,16:52,F 30-34/50,F-34,345,53:03,28.44%
669,Ann Nguyen,"Fountain Valley, CA",330,52:24,16:52,F 30-34/51,F-34,346,53:03,28.44%
670,Raquel Garofalo,"Huntington Beach, CA",160,52:50,17:01,F 40-44/43,F-41,347,53:38,29.22%
671,Rosalie Clark,"Santa Ana, CA",716,52:54,17:02,F 65-69/6,F-68,348,53:58,41.25%
672,Lena Mercuri,"Monterey Park, CA",294,53:02,17:05,F 40-44/44,F-42,349,53:11,29.33%
673,Terrie McComb,"Aliso Viejo, CA",796,53:38,17:16,F 50-54/39,F-50,350,54:15,31.55%
674,Hannah Burke,"Orange, CA",71,53:55,17:21,F 01-14/11,F-12,351,54:04,30.21%
675,Joseph Burke,"Orange, CA",72,53:55,17:22,M 15-19/17,M-19,324,54:04,24.46%
676,Kristy Mutch,"Huntington Beach, CA",313,54:28,17:32,F 40-44/45,F-42,352,55:22,28.56%
677,Constance Snider,"Stanton, CA",422,54:29,17:33,F 45-49/42,F-45,353,55:23,29.31%
678,Vicki Kiyohara,"Torrance, CA",770,56:14,18:06,F 45-49/43,F-46,354,56:56,28.70%
679,Jodi Ageno,"Torrance, CA",678,56:14,18:06,F 45-49/44,F-46,355,56:56,28.70%
680,Alexandra Hill,"Chino Hills, CA",1005,57:22,18:28,F 20-24/20,F-22,356,57:40,25.81%
681,Marlena Hernandez,"Corona, CA",1006,58:33,18:51,M 30-34/43,M-30,325,58:49,22.10%
