Place,Name,Location,Bib,Net Time,Pace,Division/Place,Sex-Age,Sex-Place,Gun Time,Age Grade
1,Eli Rodriguez,"Whittier, CA",959,14:43,4:45,M 25-29/0,M-25,1,14:43,87.85%
2,Steven Crum,"Lake Elsinore, CA",913,14:51,4:47,M 15-19/0,M-18,2,14:51,89.99%
3,Luis Guevara,"Downey, CA",958,15:01,4:50,M 15-19/0,M-19,3,15:01,88.08%
4,Johann Appell,"Huntington Beach, CA",925,15:33,5:01,M 30-34/1,M-32,4,15:35,83.69%
5,Kevin Broady,"Brea, CA",679,15:46,5:05,M 45-49/1,M-47,5,15:48,91.43%
6,Eric Walters,"Huntington Beach, CA",935,16:58,5:28,M 25-29/1,M-27,6,16:59,76.11%
7,Mike Wixted,"Long Beach, CA",896,17:07,5:31,M 45-49/2,M-46,7,17:09,83.53%
8,Erik Lopez,"Costa Mesa, CA",992,17:12,5:32,M 20-24/1,M-24,8,17:14,75.07%
9,Charles Reiter,"Newport Beach, CA",914,17:16,5:34,M 25-29/2,M-27,9,17:18,74.78%
10,Trinidad Robles,"Placentia, CA",960,17:26,5:37,M 45-49/3,M-46,10,17:30,81.93%
11,Nicole Blalock,"Huntington Beach, CA",943,17:31,5:39,F 20-24/0,F-24,1,17:31,84.65%
12,Marlo Quevedo,"Long Beach, CA",933,17:36,5:40,M 30-34/2,M-33,11,17:38,74.22%
13,Christy Adams,"Claremont, CA",915,17:39,5:41,F 15-19/0,F-19,2,17:39,84.38%
14,Rudy Ryback,"Saint Louis, MO",916,17:41,5:42,M 25-29/3,M-27,12,17:44,73.02%
15,Jim Bowles,"Yorba Linda, CA",47,17:55,5:46,M 40-44/1,M-42,13,17:57,77.37%
16,Jason Ray,"Yorba Linda, CA",930,17:56,5:47,M 25-29/4,M-28,14,17:58,72.00%
17,John Daciuk,"San Gabriel, CA",873,17:59,5:48,M 30-34/3,M-30,15,18:01,71.99%
18,Pete Galindo,"Bozeman, MT",744,18:13,5:52,M 45-49/4,M-48,16,18:16,79.76%
19,Alex Jaich,"Newport Beach, CA",922,18:18,5:54,M 15-19/1,M-19,17,18:20,72.11%
20,Kevin Griffith,"Irvine, CA",877,18:25,5:56,M 15-19/2,M-17,18,18:29,73.37%
21,Jesse Blomberg,"Santa Ana, CA",45,18:43,6:02,M 25-29/5,M-28,19,18:45,68.98%
22,John Steed,"Irvine, CA",437,18:59,6:07,M 35-39/1,M-37,20,19:01,70.39%
23,Bryan Tutton,"Costa Mesa, CA",459,19:05,6:09,M 40-44/2,M-40,21,19:09,71.59%
24,James Goltra,"Garden Grove, CA",161,19:05,6:09,M 45-49/5,M-49,22,19:08,76.75%
25,Matt Doss,"Santa Monica, CA",955,19:09,6:10,M 40-44/3,M-44,23,19:12,73.52%
26,Pamela Galambos-Oliver,"Laguna Niguel, CA",743,19:12,6:11,F 35-39/0,F-35,3,19:12,78.14%
27,Allison Robar,"Newport Beach, CA",384,19:17,6:13,F 40-44/1,F-42,4,19:19,80.71%
28,Christopher Moore,"Mission Viejo, CA",303,19:31,6:17,M 15-19/3,M-16,24,19:35,70.26%
29,Marilyn Broady,"Brea, CA",680,19:40,6:20,F 45-49/1,F-45,5,19:42,81.26%
30,Charles Graeber,"Santa Ana, CA",165,20:03,6:28,M 30-34/4,M-32,25,20:07,64.89%
31,Donato Palma,", CA",345,20:14,6:31,M 25-29/6,M-28,26,20:20,63.81%
32,Michael Luong,"Santa Ana, CA",257,20:17,6:32,M 40-44/4,M-43,27,20:24,68.91%
33,John Cox Iv,"Costa Mesa, CA",698,20:30,6:36,M 25-29/7,M-28,28,20:35,62.98%
34,Dave Crowell,"Yorba Linda, CA",89,20:33,6:37,M 45-49/6,M-45,29,20:38,69.07%
35,Josh Arionus,"Buena Park, CA",19,20:41,6:40,M 25-29/8,M-29,30,20:51,62.50%
36,Alex Fabrizio,"Irvine, CA",128,20:50,6:43,M NoAge/0,M-0,31,20:58, 0.00%
37,Ozzie Zea,"Long Beach, CA",932,21:04,6:47,M 45-49/7,M-46,32,21:06,67.85%
38,Flavio Salgueiro,"Tustin, CA",400,21:06,6:48,M 30-34/5,M-34,33,21:10,62.21%
39,Rich Pfeiffer,"Santa Ana, CA",834,21:11,6:49,M 55-59/1,M-55,34,21:16,72.60%
40,Eduardo Rodrigues,"Laguna Niguel, CA",387,21:15,6:51,M 30-34/6,M-32,35,21:18,61.22%
41,Derek Malloy,"Cypress, CA",265,21:19,6:52,M 50-54/1,M-51,36,21:24,69.80%
42,Adrian Alfonso,"Sherman Oaks, CA",666,21:20,6:52,M 25-29/9,M-27,37,21:34,60.52%
43,Fatima Iqbal-Zubair,"Costa Mesa, CA",777,21:20,6:52,F 25-29/1,F-26,6,21:25,69.43%
44,Kathleen Kat Schultz,"Santa Ana, CA",411,21:21,6:53,F 15-19/1,F-15,7,21:23,72.66%
45,Elizabeth Majewski,"Lake Forest, CA",260,21:23,6:53,F 25-29/2,F-29,8,21:35,69.27%
46,Luis Hernandez,"Orange, CA",190,21:25,6:54,M 30-34/7,M-30,38,21:36,60.44%
47,Grant Gibson,"Torrance, CA",158,21:28,6:55,M 30-34/8,M-31,39,21:31,60.45%
48,Michael Gore,"Fullerton, CA",750,21:28,6:55,M 20-24/2,M-20,40,21:53,60.76%
49,Sean Schwab,"Lake Forest, CA",849,21:29,6:55,M 40-44/5,M-41,41,21:43,64.05%
50,Taro Ando,"Costa Mesa, CA",667,21:30,6:55,M 25-29/10,M-29,42,21:50,60.12%
51,Laura Martin,"Tustin, CA",270,21:31,6:56,F 40-44/2,F-43,9,21:35,72.95%
52,Chanel Jones,"Long Beach, CA",964,21:45,7:00,M 50-54/2,M-50,43,21:49,67.87%
53,Martin Nguyen,"Anaheim, CA",328,21:47,7:01,M 20-24/3,M-21,44,22:06,59.49%
54,Larry Herschler,"Anaheim, CA",194,21:48,7:01,M 50-54/3,M-53,45,21:52,69.40%
55,Erich Kreidler,"Costa Mesa, CA",234,21:49,7:02,M 30-34/9,M-33,46,21:52,59.86%
56,Peter Martinez,"Orange, CA",273,21:49,7:02,M 35-39/2,M-39,47,21:58,62.16%
57,Wyatt Morris,"Costa Mesa, CA",307,21:53,7:03,M 50-54/4,M-51,48,22:01,67.99%
58,Chris Garza,"Buena Park, CA",154,21:59,7:05,M 25-29/11,M-27,49,22:08,58.73%
59,Aaron Anderson,"Buena Park, CA",948,21:59,7:05,M 25-29/12,M-26,50,21:59,58.73%
60,Todd Byers,"Long Beach, CA",969,22:02,7:06,M 45-49/8,M-46,51,22:18,64.88%
61,Jr De La Torre,"Newport Beach, CA",97,22:02,7:06,M 15-19/4,M-19,52,22:16,59.88%
62,Dan Hepler,"Tracy, CA",945,22:10,7:08,M 20-24/4,M-24,53,22:17,58.24%
63,Justtini Aliaga,"Aliso Viejo, CA",5,22:15,7:10,M 25-29/13,M-29,54,23:05,58.10%
64,Dennis Wilson,"Santa Ana, CA",480,22:16,7:10,M 50-54/5,M-53,55,22:19,67.94%
65,Jeff Wright,"Anaheim, CA",483,22:18,7:11,M 45-49/9,M-45,56,22:27,63.65%
66,Christopher Hall,"Las Vegas, NV",179,22:18,7:11,M 30-34/10,M-32,57,22:23,58.34%
67,Nicole Seymour,"Huntington Beach, CA",418,22:21,7:12,F 35-39/1,F-37,10,22:28,67.54%
68,Cody Gonzalez,"Costa Mesa, CA",163,22:29,7:14,M 25-29/14,M-27,58,22:36,57.42%
69,Bruce Lindemann,"Costa Mesa, CA",246,22:31,7:15,M 40-44/6,M-42,59,22:38,61.56%
70,Wally Shiba,"Torrance, CA",423,22:33,7:16,M 45-49/10,M-47,60,22:37,63.91%
71,Antonio Perez,"Dallas, TX",977,22:33,7:16,M 45-49/11,M-48,61,22:58,64.42%
72,Heather Hill,"Huntington Beach, CA",766,22:37,7:17,F 30-34/1,F-34,11,22:51,65.93%
73,Tracey Schreiner,"Corona, CA",504,22:40,7:18,F 40-44/3,F-40,12,22:47,67.70%
74,Brittanie Starn,"Costa Mesa, CA",436,22:44,7:19,F 20-24/1,F-22,13,23:17,65.15%
75,Scott Seymour,"Huntington Beach, CA",419,22:55,7:23,M 35-39/3,M-37,62,23:02,58.30%
76,Eric Rosales,"Costa Mesa, CA",844,22:56,7:23,M 15-19/5,M-15,63,23:20,60.73%
77,Peggy Fort,", CA",144,23:03,7:25,F NoAge/0,F-0,14,23:08, 0.00%
78,Jerry Russell,"Costa Mesa, CA",845,23:03,7:26,M 50-54/6,M-54,64,23:28,66.14%
79,Robert Abreu,", CA",1,23:07,7:27,M NoAge/0,M-0,65,23:28, 0.00%
80,Jill Gibson,"Trabuco Canyon, CA",160,23:10,7:28,F 35-39/2,F-37,15,23:19,65.15%
81,Satoshi Miura,"Lake Forest, CA",300,23:11,7:28,M 40-44/7,M-42,66,23:21,59.78%
82,Javier Campos,"Bellflower, CA",683,23:12,7:28,M 35-39/4,M-38,67,23:41,58.02%
83,Ryan Dean,"Ladera Ranch, CA",101,23:15,7:29,M 25-29/15,M-27,68,23:46,55.52%
84,Phaedra Arellano,"Huntington Beach, CA",16,23:16,7:30,F 40-44/4,F-40,16,24:10,65.95%
85,Gamze Uribe,"South Pasadena, CA",965,23:17,7:30,F 35-39/3,F-37,17,23:21,64.83%
86,John Uribe,"West Hollywood, CA",1000,23:20,7:31,M 45-49/12,M-45,69,23:25,60.83%
87,Ashwin Nath,"Irvine, CA",884,23:21,7:31,M 15-19/6,M-17,70,23:33,57.86%
88,Adam Consuelos,"Anaheim, CA",83,23:22,7:31,M 40-44/8,M-40,71,23:32,58.46%
89,William Pedranti,"Irvine, CA",967,23:22,7:31,M 35-39/5,M-37,72,23:59,57.17%
90,Anna Lauri,"Irvine, CA",240,23:22,7:32,F 30-34/2,F-30,18,23:26,63.38%
91,Franco Espinosa,"Anaheim, CA",127,23:23,7:32,M 45-49/13,M-45,73,23:31,60.70%
92,Zak Graff,"Newport Beach, CA",751,23:26,7:33,M 30-34/11,M-32,74,23:56,55.52%
93,Joni Moore,"Mission Viejo, CA",304,23:28,7:34,F 45-49/2,F-49,19,23:33,71.29%
94,Jennifer Defrain,"Newport Beach, CA",102,23:31,7:34,F 40-44/5,F-40,20,23:34,65.25%
95,Heather Morgan,"Costa Mesa, CA",883,23:37,7:36,F 15-19/2,F-19,21,23:54,62.92%
96,Craig Reese,"Costa Mesa, CA",950,23:37,7:37,M 40-44/9,M-44,75,23:53,59.60%
97,Gamma Chavez,"Irvine, CA",872,23:39,7:37,M 70-74/1,M-70,76,23:47,74.61%
98,Rick Benzinger,"Costa Mesa, CA",39,23:40,7:37,M 55-59/2,M-57,77,23:49,66.10%
99,Kris Atkins,", CA",21,23:41,7:38,M NoAge/0,M-0,78,23:56, 0.00%
100,Victoria Schreiner,"Corona, CA",505,23:41,7:38,F 01-14/1,F-14,22,23:48,66.41%
101,Derrick Ankerstar,"Huntington Beach, CA",13,23:42,7:38,M 25-29/16,M-28,79,23:57,54.47%
102,Dave Frazier,", CA",147,23:42,7:38,M NoAge/0,M-0,80,23:45, 0.00%
103,Hiro Moriyasu,"Torrance, CA",824,23:44,7:39,M 60-64/1,M-62,81,23:55,68.80%
104,Tim Shiel,"San Juan Capistrano, CA",850,23:47,7:40,M 20-24/5,M-20,82,24:12,54.84%
105,Daniel Cisneros,", CA",75,23:51,7:41,M NoAge/0,M-0,83,23:57, 0.00%
106,Debra Kerr,"Laguna Niguel, CA",224,23:52,7:41,F 40-44/6,F-41,23,23:59,64.71%
107,Ryan Oldfield,"Fullerton, CA",338,23:53,7:41,M 25-29/17,M-27,84,24:06,54.05%
108,Paul Hernandez,"Santa Ana, CA",192,23:56,7:43,M 50-54/7,M-52,85,24:06,62.65%
109,Maria Marquez,"Anaheim, CA",268,23:58,7:43,F 30-34/3,F-32,24,24:10,61.93%
110,Justin Araki,"Costa Mesa, CA",15,24:04,7:45,M 25-29/18,M-25,86,24:14,53.64%
111,Doug Hurd,"Alta Loma, CA",983,24:06,7:46,M 25-29/19,M-29,87,24:20,53.63%
112,Lee Lowe,"Newhall, CA",795,24:06,7:46,M 35-39/6,M-36,88,24:10,55.09%
113,Sean Walsh,", CA",472,24:09,7:47,M NoAge/0,M-0,89,24:21, 0.00%
114,Mario Diaz,"Arleta, CA",108,24:10,7:47,M 60-64/2,M-61,90,24:16,67.01%
115,Samuel Mora,", CA",305,24:11,7:47,M NoAge/0,M-0,91,24:15, 0.00%
116,Sara Schroer,"Laguna Niguel, CA",410,24:12,7:48,F 30-34/4,F-34,25,24:18,61.61%
117,Hilary Haskell,"Orange, CA",184,24:14,7:48,F 15-19/3,F-16,26,24:17,63.18%
118,Jean Pasco,"Costa Mesa, CA",350,24:15,7:49,F 50-54/1,F-52,27,24:25,71.60%
119,Rob Ure,"Aliso Viejo, CA",855,24:22,7:51,M 45-49/14,M-45,92,24:37,58.25%
120,Samuel Boyce,"Huntington Beach, CA",676,24:24,7:51,M 25-29/20,M-25,93,24:46,52.90%
121,Karen Bishow,"Rancho Santa Margarita, CA",673,24:24,7:52,F 25-29/3,F-29,28,24:36,60.70%
122,Thomas Erikson,"San Juan Capistrano, CA",124,24:27,7:52,M 50-54/8,M-51,94,24:36,60.85%
123,Brian Jacobs,"Newport Beach, CA",212,24:28,7:53,M 35-39/7,M-36,95,24:32,54.26%
124,Marcel Lopez-Rodriguez,"Mission Viejo, CA",794,24:30,7:53,M 25-29/21,M-25,96,24:38,52.69%
125,Natalie Lowry,"Huntington Beach, CA",254,24:33,7:54,F 20-24/2,F-23,29,24:40,60.33%
126,Terry Lowry,"Huntington Beach, CA",255,24:37,7:56,M 50-54/9,M-53,97,24:44,61.45%
127,Dave Green,"Irvine, CA",170,24:46,7:59,M 35-39/8,M-35,98,24:54,53.27%
128,Alyssa Thenard,"Fullerton, CA",452,24:51,8:00,F 20-24/3,F-22,30,25:17,59.60%
129,Lachelle Manzano,"Huntington Beach, CA",267,24:55,8:01,F 25-29/4,F-27,31,25:10,59.44%
130,Jose Mecking,"Newhall, CA",813,24:57,8:02,M 55-59/3,M-57,99,25:01,62.70%
131,Nicholas Roach,"Santa Ana, CA",383,24:59,8:03,M 30-34/12,M-34,100,25:10,52.54%
132,Robert Churney,", CA",74,25:00,8:03,M NoAge/0,M-0,101,25:03, 0.00%
133,Jeff Silverstein,"Irvine, CA",980,25:00,8:03,M 50-54/10,M-50,102,25:10,59.04%
134,William English,"Whittier, CA",122,25:02,8:04,M 45-49/15,M-45,103,25:17,56.70%
135,Julia Hearn,"Irvine, CA",185,25:09,8:06,F 30-34/5,F-34,32,25:16,59.28%
136,Robert Smith,"Santa Ana, CA",428,25:10,8:06,M 35-39/9,M-35,104,25:31,52.42%
137,Adam Sanchez,"Huntington Beach, CA",401,25:12,8:07,M 40-44/10,M-44,105,25:29,55.86%
138,John Russell,"Costa Mesa, CA",846,25:13,8:07,M 15-19/7,M-16,106,25:37,54.37%
139,King Phouangvankha,"Placentia, CA",961,25:14,8:08,M 40-44/11,M-43,107,25:18,55.39%
140,Matthew Dean,"Costa Mesa, CA",100,25:15,8:08,M 30-34/13,M-32,108,25:43,51.52%
141,Ashley Castaneda,"Costa Mesa, CA",686,25:16,8:08,F 25-29/5,F-25,33,25:48,58.61%
142,Roland Ferranco,"Foothill Ranch, CA",131,25:17,8:08,M 35-39/10,M-36,109,25:29,52.51%
143,Heather Heath,", CA",186,25:18,8:09,F 01-14/2,F-9,34,25:24,69.41%
144,Edward Nichols,"Tustin, CA",331,25:19,8:09,M 45-49/16,M-46,110,25:37,56.46%
145,Susie Silveria,"Alta Loma, CA",982,25:22,8:10,F 40-44/7,F-44,35,25:36,62.39%
146,Nicole Leblanc,"Costa Mesa, CA",241,25:23,8:11,F 30-34/6,F-33,36,25:27,58.61%
147,Megan Dias,"Newport Beach, CA",106,25:25,8:11,F 20-24/4,F-23,37,25:43,58.27%
148,Kai Kelly,"Newport Beach, CA",782,25:27,8:12,F 20-24/5,F-24,38,25:29,58.19%
149,Hannah Jonus,"Laguna Beach, CA",994,25:31,8:13,F 15-19/4,F-15,39,25:36,60.78%
150,Elisa Sequeira,"Los Angeles, CA",963,25:37,8:15,F 30-34/7,F-30,40,26:05,57.81%
151,Shaun Hicks,"Anaheim, CA",763,25:37,8:15,M 20-24/6,M-24,111,26:22,50.39%
152,Mika Seagren,"Long Beach, CA",908,25:42,8:17,M 01-14/1,M-12,112,25:45,57.88%
153,Christy Hill,"Long Beach, CA",765,25:47,8:18,F 35-39/4,F-37,41,26:09,58.54%
154,Chris Sharpe,", CA",421,25:48,8:19,M NoAge/0,M-0,113,26:07, 0.00%
155,Brian Wiese,"La Mesa, CA",974,25:50,8:19,M 25-29/22,M-25,114,26:35,49.97%
156,David Lacy,"Irvine, CA",236,25:53,8:20,M 20-24/7,M-24,115,26:42,49.87%
157,Julie Copenhaver,"Newport Beach, CA",84,26:00,8:22,F 20-24/6,F-24,42,26:06,56.96%
158,Steven Goltra,"Garden Grove, CA",162,26:05,8:24,M 01-14/2,M-14,116,26:07,54.41%
159,Chris Crutchfield,"San Marcos, CA",902,26:07,8:25,M 20-24/8,M-24,117,26:40,49.43%
160,Wayne Newman,"Fullerton, CA",325,26:08,8:25,M 50-54/11,M-54,118,26:36,58.33%
161,Heidi Fain,"Huntington Beach, CA",951,26:16,8:28,F 50-54/2,F-52,43,26:33,66.10%
162,Patricia English,"Whittier, CA",121,26:16,8:28,F 45-49/3,F-45,44,26:31,60.83%
163,Sean Hayes,"La Quinta, CA",976,26:18,8:28,M 55-59/4,M-57,119,26:47,59.48%
164,Aaron Mudd,"Newport Beach, CA",310,26:21,8:29,M 15-19/8,M-19,120,26:37,50.06%
165,Randy Lehmer,"Trabuco Canyon, CA",989,26:29,8:32,M 50-54/12,M-52,121,26:38,56.61%
166,Mark Cordes,"La Habra, CA",86,26:29,8:32,M 01-14/3,M-13,122,26:40,54.79%
167,Melinda Ortiz,"Orange, CA",828,26:29,8:32,F 45-49/4,F-46,45,26:47,60.96%
168,Richard June,"Stanton, CA",218,26:30,8:32,M 60-64/3,M-64,123,26:36,62.74%
169,Brooke Taylor,"Lake Forest, CA",448,26:31,8:32,F 25-29/6,F-29,46,26:43,55.85%
170,Michael Dillon,"Dana Point, CA",737,26:31,8:32,M 40-44/12,M-42,124,26:41,52.26%
171,Tisa Pacella,"Dana Point, CA",829,26:31,8:33,F 35-39/5,F-38,47,26:41,57.17%
172,Kimchi Bui,"Santa Ana, CA",681,26:32,8:33,F 20-24/7,F-23,48,26:51,55.81%
173,Sheila Vatan,"Orange, CA",859,26:32,8:33,F 20-24/8,F-23,49,26:51,55.81%
174,Jennifer Lamkins,"Long Beach, CA",237,26:34,8:33,F 45-49/5,F-47,50,27:21,61.46%
175,Kristy Miller,"Corona, CA",818,26:34,8:33,F 30-34/8,F-33,51,26:55,55.99%
176,Betty Chung,"Lake Forest, CA",692,26:35,8:34,F 15-19/5,F-15,52,26:43,58.34%
177,John Sidebottom,"Huntington Beach, CA",424,26:38,8:35,M 35-39/11,M-39,125,26:58,50.91%
178,Debra Richardson,"Westminster, CA",839,26:39,8:35,F 45-49/6,F-45,53,26:50,59.95%
179,Trina Limon,"Costa Mesa, CA",244,26:46,8:37,F 30-34/9,F-33,54,27:04,55.58%
180,Norm Dias,"Costa Mesa, CA",107,26:46,8:37,M 50-54/13,M-54,126,27:04,56.95%
181,Daniel J Park,"Huntington Beach, CA",931,26:52,8:39,M 40-44/13,M-41,127,27:05,51.21%
182,Jolene Hicks,"Stanton, CA",195,26:52,8:39,F 40-44/8,F-42,55,27:46,57.91%
183,Helan Park,", CA",346,26:53,8:40,F NoAge/0,F-0,56,27:06, 0.00%
184,Carl Fabrizio Jr,"Irvine, CA",129,26:59,8:41,M NoAge/0,M-0,128,27:14, 0.00%
185,Carmen Hovey,"Huntington Beach, CA",774,27:00,8:42,F 25-29/7,F-28,57,27:18,54.85%
186,Lixia Zheng,"Newport Beach, CA",899,27:02,8:42,F 40-44/9,F-42,58,27:25,57.56%
187,Danny Tavares,"Buena Park, CA",447,27:04,8:43,M 35-39/12,M-38,129,27:12,49.72%
188,Sean O'Bannon,"Santa Ana, CA",985,27:06,8:44,M 01-14/4,M-11,130,27:26,56.49%
189,Dan O'Bannon,"Santa Ana, CA",984,27:07,8:44,M 45-49/17,M-46,131,27:26,52.71%
190,Robyn Howell,"Newport Beach, CA",204,27:07,8:44,F 25-29/8,F-28,59,27:30,54.61%
191,Adam Stout,", CA",441,27:08,8:44,M NoAge/0,M-0,132,27:30, 0.00%
192,Mitchell Kander,"Sherman Oaks, CA",781,27:10,8:45,M 50-54/14,M-54,133,27:29,56.11%
193,Stephanie Zierke,"Mission Viejo, CA",495,27:10,8:45,F 25-29/9,F-28,60,27:56,54.51%
194,Erin Shumway,"Costa Mesa, CA",910,27:16,8:47,F 25-29/10,F-28,61,27:34,54.31%
195,Steve Barry,"Santa Ana, CA",33,27:17,8:47,M 25-29/23,M-26,134,27:48,47.31%
196,Alejandro Ruiz Iii,"Carson, CA",395,27:18,8:47,M 25-29/24,M-25,135,27:48,47.28%
197,Sue O'Bannon,"Santa Ana, CA",986,27:20,8:48,F 45-49/7,F-46,62,27:40,59.06%
198,Miranda Spence,"Costa Mesa, CA",905,27:21,8:49,F 30-34/10,F-30,63,27:48,54.15%
199,Michael Gravagno,"Huntington Beach, CA",752,27:21,8:49,M 20-24/9,M-23,136,27:44,47.17%
200,Mary Brassea,"Costa Mesa, CA",921,27:22,8:49,F 40-44/10,F-41,64,27:27,56.43%
201,Matilde Arce,"Costa Mesa, CA",669,27:24,8:50,F 35-39/6,F-37,65,27:37,55.08%
202,Kathryn O'Brien,"San Gabriel, CA",334,27:25,8:50,F 35-39/7,F-37,66,27:46,55.05%
203,Vince Abernathy,"Mission Viejo, CA",926,27:29,8:51,M 25-29/25,M-27,137,27:58,46.97%
204,Lori Carraway,"Tustin, CA",61,27:31,8:52,F 40-44/11,F-41,67,27:47,56.12%
205,Anel Kruger,"Brea, CA",235,27:31,8:52,F 30-34/11,F-31,68,27:41,53.88%
206,Andrew Lussier,"Alta Loma, CA",796,27:33,8:53,M 25-29/26,M-25,138,27:43,46.85%
207,Aubrey Guest,"Huntington Beach, CA",172,27:34,8:53,F 25-29/11,F-26,69,27:36,53.72%
208,Jasminka Jurisaga,"Brea, CA",975,27:35,8:53,F 25-29/12,F-29,70,28:34,53.69%
209,Kristen Miofsky,"Anaheim, CA",297,27:35,8:53,F 25-29/13,F-26,71,28:02,53.69%
210,Diane Majerski,"Huntington Beach, CA",798,27:40,8:55,F 50-54/3,F-50,72,28:11,61.18%
211,Nicole Meek,"Garden Grove, CA",282,27:43,8:55,F 40-44/12,F-40,73,28:05,55.35%
212,Matthew McCarty,"Fountain Valley, CA",277,27:44,8:56,M 25-29/27,M-26,139,28:17,46.54%
213,Kelly Flannery,"Whittier, CA",135,27:45,8:56,F 50-54/4,F-50,74,28:18,61.00%
214,Myrna Santos,"Bellflower, CA",848,27:48,8:57,F 30-34/12,F-33,75,28:16,53.51%
215,Maureen Collins,", CA",80,27:48,8:57,F NoAge/0,F-0,76,28:33, 0.00%
216,Nora Fragoso,"Downey, CA",145,27:49,8:58,F 30-34/13,F-31,77,28:29,53.30%
217,Gregory Sonnenberg,"Huntington Beach, CA",940,27:50,8:58,M 40-44/14,M-44,140,28:35,50.57%
218,Kurt Hesse,"Huntington Beach, CA",878,27:51,8:58,M 30-34/14,M-33,141,28:35,46.89%
219,Tony Martin,"Long Beach, CA",271,27:52,8:58,M 30-34/15,M-33,142,28:29,46.86%
220,Jordan Seper,"Corona, CA",417,28:00,9:01,F 45-49/8,F-46,78,28:07,57.65%
221,Kevin Kraack,"Yorba Linda, CA",232,28:06,9:03,M 35-39/13,M-38,143,28:15,47.89%
222,Jon McKenzie,"Tustin, CA",281,28:08,9:04,M 50-54/15,M-53,144,28:41,53.76%
223,Mason Haneline,", CA",182,28:12,9:05,M NoAge/0,M-0,145,29:02, 0.00%
224,Sara Yi,"Irvine, CA",489,28:13,9:05,F 20-24/9,F-22,79,28:18,52.48%
225,Larry Brown,"Huntington Beach, CA",50,28:16,9:06,M 45-49/18,M-48,146,28:24,51.39%
226,Noreen Jue,"Laguna Niguel, CA",778,28:16,9:06,F 25-29/14,F-27,80,29:08,52.39%
227,Lauren Freeland,", CA",148,28:17,9:06,F NoAge/0,F-0,81,28:50, 0.00%
228,Victoria Knight,"Yorba Linda, CA",900,28:20,9:07,F 40-44/13,F-41,82,28:34,54.50%
229,Sharon Gustaves,"Long Beach, CA",175,28:21,9:08,F 45-49/9,F-49,83,28:33,59.00%
230,Teresa Woolvett,"Long Beach, CA",482,28:21,9:08,F 40-44/14,F-42,84,28:33,54.88%
231,Cara Malolepsy,", CA",266,28:28,9:10,F NoAge/0,F-0,85,29:18, 0.00%
232,Teri Henderson,"Santa Ana, CA",189,28:32,9:11,F 50-54/5,F-50,86,29:02,59.32%
233,Monica Flores,", CA",141,28:36,9:13,F NoAge/0,F-0,87,29:06, 0.00%
234,Kelsey Price,"Lake Forest, CA",835,28:38,9:13,F 20-24/10,F-22,88,29:11,51.72%
235,Curt Girod,", CA",954,28:39,9:14,M 50-54/16,M-53,147,29:19,52.79%
236,Traci Linehan,"Costa Mesa, CA",247,28:39,9:14,F 25-29/15,F-25,89,28:52,51.69%
237,Daniel Drewnowski,"Laguna Beach, CA",113,28:39,9:14,M 50-54/17,M-54,148,29:43,53.20%
238,Jon Demontagnac,"Torrance, CA",979,28:39,9:14,M 40-44/15,M-42,149,29:05,48.37%
239,Ethel Rio,"Santa Ana, CA",978,28:40,9:14,F 30-34/14,F-32,90,29:05,51.77%
240,Matt Baxter,"Costa Mesa, CA",34,28:43,9:15,M 30-34/16,M-32,150,29:09,45.30%
241,Joyce Wu,"Irvine, CA",485,28:43,9:15,F 20-24/11,F-23,91,29:32,51.57%
242,Myra Sonnenberg,"Huntington Beach, CA",941,28:48,9:16,F 40-44/15,F-43,92,29:33,54.49%
243,Audrey Udelhofen,"Costa Mesa, CA",460,28:53,9:18,F 25-29/16,F-28,93,29:14,51.27%
244,Namtran Nguyen,"Fountain Valley, CA",329,28:59,9:20,F 25-29/17,F-25,94,29:16,51.09%
245,Norm Edmond,"La Mirada, CA",120,29:00,9:20,M 40-44/16,M-41,151,29:17,47.44%
246,Matt Holder,"Irvine, CA",770,29:00,9:21,M 35-39/14,M-38,152,29:12,46.41%
247,Ann Tack,"Huntington Beach, CA",442,29:02,9:21,F 65-69/1,F-65,95,29:15,71.74%
248,Dawnette Lowry,"Huntington Beach, CA",253,29:02,9:21,F 50-54/6,F-53,96,29:10,60.60%
249,Alejandro Angulo,"Irvine, CA",12,29:04,9:22,M 30-34/17,M-34,153,29:08,45.15%
250,Alexa Zabatfran,", CA",491,29:08,9:23,F NoAge/0,F-0,97,29:21, 0.00%
251,Taylor Castaneda,"Brea, CA",688,29:09,9:23,F 25-29/18,F-27,98,29:42,50.80%
252,Robert Castaneda,"Brea, CA",687,29:10,9:24,M 50-54/18,M-51,154,29:42,51.00%
253,John Hammonds,"Huntington Beach, CA",181,29:11,9:24,M 55-59/5,M-59,155,29:48,54.51%
254,Elizabeth Holder,"Irvine, CA",201,29:15,9:25,F 30-34/15,F-34,99,29:27,50.97%
255,Francois Posbic,"Orange, CA",363,29:16,9:26,M 50-54/19,M-53,156,29:59,51.68%
256,Michael Ha,"Foothill Ranch, CA",177,29:18,9:26,M 45-49/19,M-49,157,30:06,49.97%
257,Mark Osterstock,"Ladera Ranch, CA",344,29:26,9:29,M 55-59/6,M-57,158,29:34,53.14%
258,Michelle Aguilar,"Costa Mesa, CA",3,29:28,9:29,F 40-44/16,F-43,100,29:40,53.25%
259,Lisa Godin,"Redlands, CA",929,29:28,9:30,F 35-39/8,F-36,101,29:40,50.99%
260,Gabriela Garcia,"Santa Ana, CA",746,29:31,9:30,F 35-39/9,F-38,102,29:36,51.36%
261,Brian Mendoza,"Carson, CA",287,29:32,9:31,M 25-29/28,M-28,159,29:41,43.70%
262,Chris Hill,"Huntington Beach, CA",764,29:34,9:31,M 30-34/18,M-34,160,29:49,44.39%
263,Kimberly Park,"Santa Ana, CA",347,29:35,9:31,F 30-34/16,F-30,103,29:52,50.06%
264,Shireen Haffajee,"Costa Mesa, CA",178,29:37,9:32,F 40-44/17,F-40,104,30:20,51.80%
265,Christine Gore,"Fullerton, CA",749,29:39,9:33,F 20-24/12,F-22,105,30:04,49.94%
266,Allan Calvo,", CA",59,29:42,9:34,M NoAge/0,M-0,161,30:22, 0.00%
267,Hoonhee Cho,"Costa Mesa, CA",690,29:42,9:34,M 25-29/29,M-26,162,35:32,43.46%
268,Emily Rosales,"Costa Mesa, CA",843,29:44,9:35,F 15-19/6,F-17,106,30:08,50.87%
269,Carolina Quigley,"San Clemente, CA",370,29:47,9:36,F 50-54/7,F-50,107,30:09,56.83%
270,Rosa Hearn,"Seal Beach, CA",761,29:52,9:37,F 35-39/10,F-35,108,30:15,50.08%
271,Aaron Lamont,"Coto De Caza, CA",880,29:55,9:38,M 01-14/5,M-8,163,30:34,56.91%
272,Bellinda Erikson,"San Juan Capistrano, CA",123,29:55,9:38,F 35-39/11,F-38,109,30:34,50.67%
273,Danielle Daly,"Chino Hills, CA",93,29:55,9:38,F 25-29/19,F-25,110,30:17,49.50%
274,Linda Schaefer,"Fountain Valley, CA",405,29:56,9:38,F 30-34/17,F-34,111,30:14,49.81%
275,Brad Martin,"Newport Beach, CA",269,29:58,9:39,M 30-34/19,M-31,164,30:39,43.29%
276,Breezy Welch,"Orange, CA",475,29:59,9:39,F 30-34/18,F-31,112,30:39,49.44%
277,Robert Valle,"Orange, CA",462,29:59,9:39,M 50-54/20,M-51,165,30:38,49.61%
278,Connie Valles,"Costa Mesa, CA",464,30:02,9:40,F 35-39/12,F-36,113,30:14,50.03%
279,Kent Sandie,"Orange, CA",403,30:02,9:40,M 45-49/20,M-47,166,30:11,47.97%
280,Jerry Mero,"Santa Ana, CA",290,30:07,9:42,M 55-59/7,M-57,167,30:13,51.94%
281,Jimmy Miller,"Huntington Beach, CA",296,30:09,9:43,M 40-44/17,M-43,168,31:04,46.35%
282,Barbara Bridgewater,"Huntington Beach, CA",678,30:09,9:43,F 35-39/13,F-39,114,30:37,50.55%
283,Mike Cue,"Huntington Beach, CA",91,30:10,9:43,M 60-64/4,M-63,169,30:54,54.62%
284,Regina Diaz,"Costa Mesa, CA",109,30:16,9:45,F 30-34/19,F-30,115,30:36,48.93%
285,Randy Weiskittel,"Mission Viejo, CA",474,30:17,9:45,M 01-14/6,M-12,170,31:18,49.12%
286,Corina Ramirez,", CA",371,30:20,9:46,F 15-19/7,F-16,116,30:45,50.47%
287,Liz Nguyen,"Fountain Valley, CA",885,30:21,9:46,F 20-24/13,F-23,117,30:59,48.79%
288,Katie Sanders,"Trabuco Canyon, CA",402,30:21,9:46,F 25-29/20,F-28,118,30:52,48.79%
289,Albert Mesa,"Redondo Beach, CA",816,30:23,9:47,M 35-39/15,M-39,171,31:09,44.62%
290,Candi Harper,"Redondo Beach, CA",759,30:26,9:48,F 40-44/18,F-41,119,31:13,50.74%
291,Gaynor Muller,"Brea, CA",311,30:27,9:49,F 30-34/20,F-32,120,30:38,48.74%
292,Diane Borrelli,"Garden Grove, CA",46,30:31,9:50,F 50-54/8,F-51,121,30:47,56.17%
293,Kim Hodson,"Huntington Beach, CA",200,30:32,9:50,F 35-39/14,F-39,122,30:44,49.92%
294,Wayne Garcia,"Oakland, CA",747,30:33,9:50,M 55-59/8,M-58,172,31:00,51.64%
295,Sarah Slavin,"Rancho Santa Margarita, CA",852,30:33,9:50,F 50-54/9,F-53,123,30:48,57.59%
296,Bettina Membrila,"Lakewood, CA",286,30:34,9:51,F 45-49/10,F-45,124,31:31,52.26%
297,Noemi Navarro,"Irvine, CA",319,30:36,9:51,F 35-39/15,F-37,125,31:18,49.32%
298,Joyel Sandoval,"Costa Mesa, CA",404,30:39,9:52,F 30-34/21,F-33,126,31:15,48.53%
299,Andria Chatfield,"Orange, CA",68,30:40,9:53,F 25-29/21,F-27,127,30:51,48.29%
300,Mike Russell,"Long Beach, CA",396,30:45,9:54,M 40-44/18,M-40,173,31:12,44.41%
301,Michael Montoya,"Rancho Cucamonga, CA",822,30:50,9:56,M 30-34/20,M-31,174,31:46,42.08%
302,Sarah Yu,"Irvine, CA",490,30:55,9:57,F 20-24/14,F-24,128,31:44,47.90%
303,Norma Kacoullas,"Fountain Valley, CA",219,30:57,9:58,F 40-44/19,F-44,129,31:32,51.13%
304,Joe Pooler,"Anaheim, CA",361,31:00,9:59,M 40-44/19,M-41,175,31:22,44.38%
305,Sarp Elaziz,"South Pasadena, CA",966,31:01,9:59,M 15-19/9,M-15,176,31:05,44.89%
306,Yaldiz Salih,"Studio City, CA",999,31:01,9:59,M 30-34/21,M-30,177,31:05,41.72%
307,Karina Mayorga,"Aliso Viejo, CA",276,31:02,10:00,F 25-29/22,F-28,130,31:52,47.72%
308,Dennis Cokeley,"Newport Beach, CA",693,31:02,10:00,M 25-29/30,M-29,178,31:37,41.64%
309,Tiffany Chorpennin,", CA",72,31:02,10:00,F NoAge/0,F-0,131,31:37, 0.00%
310,Chris Buckley,"La Verne, CA",53,31:09,10:02,M 15-19/10,M-19,179,31:33,42.34%
311,Jonathan Neves,"La Verne, CA",917,31:09,10:02,M 01-14/7,M-10,180,31:33,50.70%
312,Carol Neves,"La Verne, CA",321,31:10,10:02,F 50-54/10,F-51,132,31:34,55.00%
313,Shelley Estebo,"Long Beach, CA",901,31:12,10:03,F 45-49/11,F-48,133,31:44,52.97%
314,Carolyn Miller,"Fountain Valley, CA",293,31:13,10:03,F 45-49/12,F-48,134,31:40,52.94%
315,Jennifer Gates,"Santa Ana, CA",155,31:13,10:03,F 50-54/11,F-51,135,31:46,54.91%
316,Cole Tamura,"Anaheim, CA",444,31:14,10:03,F 25-29/23,F-28,136,32:11,47.41%
317,Kevin O'Billo,"Irvine, CA",335,31:15,10:04,M 35-39/16,M-39,181,31:40,43.38%
318,Shingo Nikami,"Costa Mesa, CA",825,31:19,10:05,M 25-29/31,M-29,182,31:39,41.27%
319,Arik Scherff,"Costa Mesa, CA",406,31:20,10:06,M 30-34/22,M-32,183,32:12,41.51%
320,Tara Petrin,", CA",354,31:23,10:06,F NoAge/0,F-0,137,32:00, 0.00%
321,Stephanie Wright,"Newport Beach, CA",484,31:24,10:07,F 25-29/24,F-25,138,31:37,47.16%
322,Kathy Massanet,"Long Beach, CA",962,31:32,10:09,F 50-54/12,F-53,139,31:38,55.79%
323,Michael Olson,"Newport Beach, CA",343,31:37,10:11,M 15-19/11,M-19,184,31:55,41.72%
324,Kelsie Anderson,"Costa Mesa, CA",11,31:37,10:11,F 25-29/25,F-27,140,31:51,46.84%
325,Alice Stotler,"Yorba Linda, CA",440,31:39,10:12,F 65-69/2,F-67,141,32:42,67.86%
326,Robert Scott,"Norco, CA",415,31:44,10:13,M 55-59/9,M-58,185,32:36,49.71%
327,Dennis Desanti,"Buena Park, CA",735,31:44,10:13,M 30-34/23,M-30,186,32:41,40.78%
328,Brian Scott,"Wildomar, CA",414,31:45,10:13,M 25-29/32,M-27,187,32:36,40.65%
329,Jamie Stitzel,"Costa Mesa, CA",439,31:45,10:14,F 25-29/26,F-27,142,32:07,46.64%
330,Jennifer Gonzalez,"Orange, CA",164,31:49,10:15,F 25-29/27,F-28,143,32:23,46.54%
331,Robert Richardson,"Westminster, CA",840,31:49,10:15,M 20-24/10,M-20,188,32:21,40.99%
332,Ann Hattrup,"Rancho Santa Margarita, CA",760,31:54,10:16,F 25-29/28,F-28,144,32:06,46.42%
333,Jeanine Lussier,"Alta Loma, CA",797,31:54,10:16,F 50-54/13,F-52,145,32:03,54.42%
334,Kimberly Bradbury,"Costa Mesa, CA",677,31:55,10:17,F 25-29/29,F-28,146,32:44,46.39%
335,Kim Pooler,"Anaheim, CA",362,31:58,10:18,F 30-34/22,F-34,147,32:20,46.64%
336,Felix Yanuaria,"Anaheim, CA",486,31:58,10:18,M 01-14/8,M-13,189,32:11,45.38%
337,Fernando Montes,"Santa Ana, CA",821,32:00,10:18,M 25-29/33,M-26,190,32:07,40.33%
338,Miles Mits,"Costa Mesa, CA",299,32:01,10:19,M 40-44/20,M-44,191,32:40,43.96%
339,Kristine Kaluf,"Dana Point, CA",780,32:02,10:19,F 40-44/20,F-40,148,32:28,47.89%
340,Katie Mercer,"Mission Viejo, CA",815,32:07,10:21,F 30-34/23,F-33,149,33:05,46.31%
341,Kimberly Bisnar,"Newport Beach, CA",43,32:10,10:22,F 50-54/14,F-52,150,32:32,53.97%
342,William Knight,"Monrovia, CA",786,32:11,10:22,M 60-64/5,M-60,192,33:15,49.84%
343,Scott Baugh,"Huntington Beach, CA",924,32:15,10:23,M 45-49/21,M-47,193,32:27,44.67%
344,John Donahue,"Costa Mesa, CA",739,32:15,10:23,M 50-54/21,M-50,194,33:04,45.76%
345,Wendy Baugh,"Huntington Beach, CA",923,32:16,10:23,F 40-44/21,F-43,151,32:28,48.63%
346,Katrina Patapoff,"Costa Mesa, CA",351,32:17,10:24,F 25-29/30,F-25,152,32:54,45.87%
347,Jennifer Freebury,"Santa Ana, CA",740,32:17,10:24,F 30-34/24,F-33,153,32:23,46.07%
348,Nicole Friedrich,"Diamond Bar, CA",741,32:26,10:27,F 30-34/25,F-34,154,32:57,45.96%
349,Arthur Robles,"Whittier, CA",841,32:29,10:28,M 55-59/10,M-55,195,33:31,47.33%
350,Irene Canslas-Campos,"Laguna Niguel, CA",970,32:35,10:30,F 25-29/31,F-29,155,33:02,45.45%
351,Chris Cordova,"Orange, CA",694,32:47,10:33,M 35-39/17,M-39,196,32:54,41.35%
352,Joey Cordova,"Orange, CA",695,32:47,10:34,M 01-14/9,M-14,197,32:54,43.29%
353,Dian Jonus,"Laguna Beach, CA",991,32:49,10:34,F 45-49/13,F-48,156,32:55,50.36%
354,Hilary Jonus,"Laguna Beach, CA",993,32:49,10:34,F 15-19/8,F-17,157,32:55,46.09%
355,Donnie Nunnally,"Alta Loma, CA",981,33:04,10:39,M 25-29/34,M-29,198,33:19,39.08%
356,Brittany Valles,"Newport Beach, CA",463,33:12,10:42,F 20-24/15,F-22,158,33:37,44.60%
357,Mike Lim,"Chino Hills, CA",909,33:15,10:42,M 50-54/22,M-53,199,33:58,45.49%
358,Carla Lockwood,"Lakewood, CA",792,33:17,10:43,F 25-29/32,F-29,159,33:52,44.49%
359,Douglas Lockwood,"Lakewood, CA",793,33:18,10:44,M 35-39/18,M-36,200,33:54,39.86%
360,Michelle Philo,"Fullerton, CA",356,33:21,10:44,F 25-29/33,F-29,160,33:42,44.40%
361,Kerri Mits,"Costa Mesa, CA",298,33:21,10:44,F 40-44/22,F-43,161,34:04,47.05%
362,Mary Mundi,"Anaheim, CA",312,33:22,10:45,F 40-44/23,F-42,162,33:46,46.63%
363,Keith Hicks,"Stanton, CA",196,33:29,10:47,M 50-54/23,M-51,201,34:23,44.42%
364,Amy Castaneda,"Brea, CA",685,33:35,10:49,F 45-49/14,F-48,163,34:08,49.21%
365,Phil Dantes,"Huntington Beach, CA",95,33:36,10:49,M 25-29/35,M-28,202,34:25,38.41%
366,Sarah Grumet,"Huntington Beach, CA",756,33:40,10:50,F 20-24/16,F-22,164,34:02,43.98%
367,Nikki Brown,"Costa Mesa, CA",51,33:45,10:52,F 30-34/26,F-32,165,33:51,43.97%
368,Lisa Aguirre,"Orange, CA",4,33:46,10:53,F 30-34/27,F-34,166,33:54,44.15%
369,Rolondo De La Torre,"Newport Beach, CA",99,33:47,10:53,M 15-19/12,M-19,203,34:15,39.04%
370,Jay Vaswani,"La Palma, CA",858,33:50,10:54,M 40-44/21,M-43,204,34:12,41.30%
371,Janis Miyaguchi,"Gardena, CA",919,33:55,10:55,F 45-49/15,F-49,167,34:52,49.31%
372,Mark Master,"Signal Hill, CA",997,34:12,11:01,M 50-54/24,M-51,205,34:39,43.49%
373,Danny Nguyen,"Aliso Viejo, CA",327,34:12,11:01,M 30-34/24,M-33,206,34:39,38.18%
374,Michelle Hudson,"Oakland, CA",775,34:14,11:01,F 30-34/28,F-31,168,34:42,43.30%
375,Sue Ervin,", CA",125,34:18,11:03,F 50-54/15,F-51,169,34:47,49.98%
376,Chris Scarbrough,"Santa Ana, CA",939,34:18,11:03,M 30-34/25,M-33,207,35:12,38.07%
377,Utako Ando,"Costa Mesa, CA",668,34:19,11:03,F 30-34/29,F-31,170,34:39,43.20%
378,Kathleen Scherff,"Costa Mesa, CA",407,34:19,11:03,F 25-29/34,F-29,171,35:13,43.15%
379,Lesa Weinert,"Dana Point, CA",862,34:20,11:03,F 45-49/16,F-46,172,34:42,47.01%
380,Steve Eggleston,"Newport Beach, CA",874,34:20,11:03,M 50-54/25,M-54,208,34:44,44.39%
381,Keng Phy,"Stanton, CA",357,34:22,11:04,M 25-29/36,M-28,209,35:10,37.55%
382,Derek Diener,"Stanton, CA",111,34:22,11:04,M 25-29/37,M-28,210,35:10,37.55%
383,Kelley Martinez,"Orange, CA",272,34:25,11:05,F 30-34/30,F-34,173,34:51,43.31%
384,Steve Beazley,", CA",35,34:28,11:06,M NoAge/0,M-0,211,34:42, 0.00%
385,Veronica Hussar,"Mission Viejo, CA",207,34:39,11:09,F 40-44/24,F-41,174,34:55,44.56%
386,Danny Latham,"Huntington Beach, CA",507,34:41,11:10,M 50-54/26,M-52,212,35:33,43.22%
387,Hisham Labanieh,"Orange, CA",942,34:46,11:12,M 30-34/26,M-31,213,35:26,37.31%
388,Sonia Fay,", CA",130,34:49,11:13,F NoAge/0,F-0,175,35:08, 0.00%
389,Ricki Vester,", CA",466,34:50,11:13,F 55-59/1,F-56,176,35:08,52.51%
390,Candace Lance,"Mission Viejo, CA",238,35:00,11:16,F 25-29/35,F-25,177,35:34,42.31%
391,Chris Schlindwein,"Newport Beach, CA",408,35:08,11:19,F 40-44/25,F-42,178,35:32,44.28%
392,Kristopher Nelson,"Huntington Beach, CA",320,35:11,11:20,M 30-34/27,M-31,214,35:57,36.87%
393,Kevin Calavan,"Fullerton, CA",953,35:15,11:21,M 20-24/11,M-23,215,35:26,36.61%
394,Marie Bucoy,"Placentia, CA",952,35:15,11:21,F 20-24/17,F-23,179,35:26,42.01%
395,Samantha Castillo,"Newport Coast, CA",927,35:17,11:22,F 01-14/3,F-11,180,35:28,47.16%
396,Riley Godin,"Redlands, CA",928,35:17,11:22,F 01-14/4,F-11,181,35:28,47.16%
397,Kenny Realista,"Irvine, CA",376,35:17,11:22,M 55-59/11,M-56,216,35:47,43.95%
398,Monica Hernandez,"Tustin, CA",191,35:17,11:22,F 50-54/16,F-51,182,35:36,48.58%
399,Katy Realista,"Irvine, CA",375,35:17,11:22,F 50-54/17,F-53,183,35:47,49.86%
400,Ashley Fritz,"Irvine, CA",149,35:19,11:23,F 25-29/36,F-28,184,35:22,41.91%
401,Janet Ceja,"Ontario, CA",871,35:28,11:25,F 25-29/37,F-25,185,36:05,41.75%
402,Chase Gibson,"Trabuco Canyon, CA",157,35:34,11:27,M 01-14/10,M-7,217,35:43,50.07%
403,Peter Comiskey,"Anaheim, CA",912,35:35,11:28,M 40-44/22,M-44,218,36:16,39.55%
404,Sara Ramirez,"Huntington Beach, CA",373,35:37,11:28,F 25-29/38,F-29,186,36:08,41.57%
405,Victoria Simon,"Irvine, CA",425,35:49,11:32,F 50-54/18,F-54,187,36:05,49.72%
406,Ana Cervantez-Cea,"Seal Beach, CA",689,35:50,11:32,F 30-34/31,F-34,188,36:43,41.60%
407,Dale Conjurski,"Brea, CA",82,35:54,11:34,M 50-54/27,M-51,219,36:41,41.43%
408,Rose Mayer,"Fountain Valley, CA",800,35:55,11:34,F 50-54/19,F-50,189,36:19,47.12%
409,Christina Haley,"Santa Ana, CA",758,35:55,11:34,F 25-29/39,F-27,190,36:19,41.23%
410,Lisa Latham,"Huntington Beach, CA",239,36:02,11:36,F 50-54/20,F-52,191,36:55,48.15%
411,Kelly Maes,"Upland, CA",882,36:04,11:37,F 25-29/40,F-28,192,36:09,41.05%
412,Edward Villalobos,"Long Beach, CA",996,36:13,11:40,M 65-69/1,M-66,220,36:50,46.78%
413,Jennifre D'Auguste,"Newport Beach, CA",700,36:14,11:40,F 25-29/41,F-29,193,36:49,40.87%
414,Vanessa Vargas,"San Pedro, CA",857,36:14,11:40,F 30-34/32,F-31,194,36:54,40.91%
415,Mark Heustis,"Gardena, CA",918,36:15,11:40,M 45-49/22,M-48,221,37:12,40.06%
416,Anayanci Burgueno,", CA",54,36:15,11:40,F NoAge/0,F-0,195,36:46, 0.00%
417,Nancy McGrath,"Irvine, CA",279,36:19,11:42,F 50-54/21,F-51,196,37:15,47.20%
418,Susan Dalisaymo,"Buena Park, CA",92,36:19,11:42,F 30-34/33,F-34,197,36:27,41.05%
419,Ashley Gardner,"Costa Mesa, CA",151,36:20,11:42,F 25-29/42,F-25,198,39:16,40.75%
420,Jon Nakano,"Irvine, CA",317,36:21,11:42,M 30-34/28,M-30,222,37:21,35.60%
421,Arthur Mendivil,"Anaheim, CA",903,36:28,11:44,M 50-54/28,M-50,223,37:09,40.47%
422,Shannon Barker,"Newport Beach, CA",32,36:39,11:48,F 40-44/26,F-41,199,36:54,42.13%
423,Debra Knight,"Monrovia, CA",785,36:39,11:48,F 55-59/2,F-55,200,37:43,49.27%
424,Patrick Barker,"Newport Beach, CA",31,36:40,11:48,M 40-44/23,M-41,224,36:57,37.52%
425,Robert Clarke,"Lake Forest, CA",79,36:42,11:49,M 25-29/38,M-27,225,37:10,35.17%
426,Lena Mercuri,"Anaheim, CA",289,36:44,11:50,F 40-44/27,F-41,201,36:59,42.03%
427,Megan Quartucy,"Lake Forest, CA",368,36:47,11:51,F 20-24/18,F-24,202,37:15,40.25%
428,Andrew Jose,"Irvine, CA",217,37:00,11:55,M 20-24/12,M-22,226,37:41,34.88%
429,Lisa Jacobs,"Tustin, CA",213,37:07,11:57,F 45-49/17,F-46,203,37:55,43.49%
430,Samantha Walsh,"Coto De Caza, CA",895,37:09,11:58,F 01-14/5,F-10,204,37:41,45.96%
431,Bill Walsh,"Coto De Caza, CA",894,37:10,11:58,M 40-44/24,M-44,227,37:42,37.86%
432,Chasen Ha,"Foothill Ranch, CA",176,37:13,11:59,M 15-19/13,M-16,228,38:00,36.83%
433,Alejandro Ruiz,"Carson, CA",392,37:18,12:01,M 45-49/23,M-49,229,37:51,39.25%
434,Tyler Hefner,"Huntington Beach, CA",188,37:22,12:02,M 01-14/11,M-6,230,38:26,50.07%
435,Shayna Hefner,"Huntington Beach, CA",187,37:22,12:02,F 30-34/34,F-34,205,38:26,39.89%
436,Sarah Louwsma,"Costa Mesa, CA",252,37:34,12:06,F 25-29/43,F-29,206,37:58,39.41%
437,Isabel Sainz,"Lakewood, CA",847,37:35,12:06,F 01-14/6,F-13,207,37:57,42.50%
438,Silvia Ruiz,"Carson, CA",394,37:37,12:07,F 45-49/18,F-49,208,38:09,44.46%
439,Tiffany Israel,"Costa Mesa, CA",949,37:38,12:07,F 35-39/16,F-37,209,37:54,40.10%
440,Gretchen McCurdy,"Newport Coast, CA",278,37:51,12:11,F 40-44/28,F-43,210,38:46,41.45%
441,Elizabeth Samaniego,"Paramount, CA",889,37:51,12:11,F 25-29/44,F-29,211,38:31,39.12%
442,Nghiem Banh,"Westminster, CA",28,37:51,12:11,F 25-29/45,F-29,212,38:30,39.12%
443,Joseph Neves,"La Verne, CA",322,37:51,12:11,M 01-14/12,M-13,231,38:15,38.33%
444,Jane Marchiorlatti,"Newport Beach, CA",990,37:57,12:13,F 50-54/22,F-51,213,38:34,45.17%
445,Angie Citro,"Newport Beach, CA",77,37:57,12:13,F 20-24/19,F-21,214,38:33,39.02%
446,Vicki Riley,"Ladera Ranch, CA",378,37:58,12:14,F 50-54/23,F-54,215,38:07,46.90%
447,Shawna Crawford,"Riverside, CA",699,38:00,12:14,F 30-34/35,F-30,216,38:50,38.96%
448,Melissa Pires,"Huntington Beach, CA",358,38:01,12:15,F 25-29/46,F-29,217,38:35,38.95%
449,Megan Hitchcock,"Long Beach, CA",199,38:01,12:15,F 30-34/36,F-33,218,38:35,39.12%
450,Yolanda Ybarra,", CA",488,38:09,12:17,F 40-44/29,F-43,219,38:56,41.13%
451,Heather Singh,"Buena Park, CA",851,38:20,12:21,F 30-34/37,F-33,220,39:01,38.80%
452,Jeff Gibson,"Trabuco Canyon, CA",159,38:21,12:21,M 35-39/19,M-38,232,38:59,35.09%
453,Casey Truffo,"Tustin, CA",854,38:29,12:24,F 55-59/3,F-56,221,39:10,47.53%
454,Andrew Gibson,"Trabuco Canyon, CA",156,38:38,12:26,M 01-14/13,M-6,233,38:46,48.42%
455,Erikka Thompson,"Huntington Beach, CA",453,39:03,12:35,F 35-39/17,F-39,222,39:23,39.03%
456,Heather Paz,"Riverside, CA",831,39:07,12:36,F 30-34/38,F-34,223,39:58,38.11%
457,Sharon Watson,"Anaheim, CA",473,39:09,12:37,F 35-39/18,F-38,224,39:17,38.71%
458,Diana Greenawalt,"Lakewood, CA",501,39:10,12:37,F 55-59/4,F-58,225,39:47,48.02%
459,Maxwell Wogan,"Huntington Beach, CA",898,39:18,12:39,M 01-14/14,M-13,234,40:20,36.91%
460,Mayra Lopez,"Ontario, CA",881,39:21,12:40,F 25-29/47,F-26,226,39:57,37.63%
461,Chris Foerster,"Newport Beach, CA",143,39:24,12:41,M 25-29/39,M-26,235,39:44,32.75%
462,Smita Daniel,"Newport Beach, CA",94,39:25,12:42,F 25-29/48,F-25,227,39:45,37.56%
463,Leeann Leon,"Downey, CA",937,39:38,12:46,F 15-19/9,F-15,228,39:57,39.12%
464,Jennifer Radics,"Orange, CA",836,39:38,12:46,F 25-29/49,F-26,229,40:17,37.36%
465,Daryl Avey,"Torrance, CA",867,40:01,12:53,M 50-54/29,M-52,236,40:41,37.46%
466,Guerin L Butterworth,"Torrance, CA",56,40:01,12:53,F 50-54/24,F-53,230,40:41,43.96%
467,Tawnya Johnson,"Huntington Beach, CA",879,40:06,12:55,F 35-39/19,F-37,231,40:49,37.63%
468,Tracy Heberger,"Corona, CA",762,40:07,12:55,F 30-34/39,F-30,232,40:27,36.91%
469,Desirae Vantilborg,"Yorba Linda, CA",465,40:12,12:57,F 30-34/40,F-33,233,40:41,37.00%
470,Chris Morales,"Yorba Linda, CA",306,40:12,12:57,M 35-39/20,M-35,237,40:41,32.81%
471,Lisa Cordes,"La Habra, CA",85,40:20,12:59,F 40-44/30,F-44,234,40:59,39.23%
472,Renee West,"Newport Beach, CA",477,40:21,13:00,F 60-64/1,F-62,235,41:08,49.34%
473,Debbie Schuster,"Costa Mesa, CA",412,40:22,13:00,F 50-54/25,F-53,236,41:03,43.58%
474,Susan Gallagher,"Los Alamitos, CA",745,40:26,13:01,F 35-39/20,F-37,237,40:56,37.32%
475,Marilyn Seller,"Fountain Valley, CA",416,40:30,13:02,F 55-59/5,F-56,238,41:25,45.16%
476,Cristy Rae Clark,"Laguna Niguel, CA",78,40:30,13:02,F 30-34/41,F-31,239,40:56,36.60%
477,Nancy Chan,"La Mirada, CA",63,40:31,13:03,F 30-34/42,F-34,240,40:56,36.79%
478,Shannon Jue,"Laguna Niguel, CA",779,40:36,13:04,F 25-29/50,F-28,241,41:27,36.47%
479,Ne Sorto,"Tustin, CA",433,40:42,13:06,M 01-14/15,M-5,238,42:06,48.59%
480,Leann Zunich,"Long Beach, CA",496,40:48,13:08,F 55-59/6,F-55,242,41:23,44.26%
481,Lissa Posbic,"Orange, CA",364,40:50,13:09,F 45-49/19,F-49,243,41:31,40.96%
482,Donald Greenawalt,"Norco, CA",503,40:56,13:11,M 50-54/30,M-52,239,41:33,36.62%
483,Brenda Greenawalt,"Norco, CA",502,40:57,13:11,F 50-54/26,F-52,244,41:33,42.39%
484,Terry Jamieson,"Corona, CA",956,41:10,13:15,F 45-49/20,F-46,245,41:47,39.21%
485,Matianna Baldassari,"Costa Mesa, CA",672,41:13,13:16,F 25-29/51,F-26,246,41:53,35.92%
486,Connie Visconte,"Mission Viejo, CA",467,41:23,13:20,F 55-59/7,F-56,247,42:26,44.20%
487,Mary Visconte,"Mission Viejo, CA",468,41:24,13:20,F 30-34/43,F-32,248,42:27,35.84%
488,Catherine Wilson,"Santa Ana, CA",479,41:29,13:21,F 50-54/27,F-52,249,42:28,41.84%
489,Maria Molina,"La Verne, CA",911,41:37,13:24,F 30-34/44,F-31,250,42:20,35.62%
490,Marisela Molina,"Pomona, CA",819,41:37,13:24,F 30-34/45,F-32,251,42:20,35.66%
491,Kate Andrews,"Rancho Cucamonga, CA",865,41:37,13:24,F 25-29/52,F-29,252,42:20,35.58%
492,Luwana Klarstrom,"Huntington Beach, CA",784,41:38,13:24,F 30-34/46,F-33,253,42:08,35.72%
493,Stephen Fusco,", CA",150,41:44,13:26,M NoAge/0,M-0,240,42:18, 0.00%
494,Catherine Morrison,"Costa Mesa, CA",308,41:44,13:26,F 45-49/21,F-46,254,42:18,38.67%
495,Patricia Romero,"Chino Hills, CA",391,41:46,13:27,F 50-54/28,F-50,255,42:19,40.52%
496,Brittney Brown,"Costa Mesa, CA",49,41:47,13:27,F 30-34/47,F-32,256,42:41,35.51%
497,Melissa Arionus,"Buena Park, CA",866,41:50,13:28,F 30-34/48,F-34,257,42:10,35.63%
498,Mary-Pat Gonzalez,"Orange, CA",748,41:51,13:28,F 55-59/8,F-57,258,42:26,44.30%
499,Catherine Magno,", CA",259,41:55,13:30,F NoAge/0,F-0,259,45:51, 0.00%
500,Courtney Ridenour,"Newport Beach, CA",888,41:56,13:30,F 20-24/20,F-20,260,42:25,35.31%
501,Meghan Meek,"Long Beach, CA",957,41:58,13:31,F 20-24/21,F-21,261,42:20,35.28%
502,Xochitl Elizondo,"Orange, CA",875,42:07,13:34,F 35-39/21,F-35,262,42:15,35.51%
503,Susan Olson,"Irvine, CA",904,42:11,13:35,F 30-34/49,F-30,263,42:37,35.10%
504,Margarita Klase,"Santa Ana, CA",230,42:19,13:38,F 55-59/9,F-56,264,42:37,43.22%
505,Tami Weinberger,"Laguna Hills, CA",861,42:49,13:47,F 45-49/22,F-47,265,43:37,38.12%
506,L Giselle Makin,"Huntington Beach, CA",262,42:51,13:48,F 35-39/22,F-35,266,42:51,34.90%
507,Adolfo Leon,"Downey, CA",936,43:08,13:53,M 35-39/21,M-37,241,43:28,30.96%
508,Leticia Leon,"Downey, CA",938,43:08,13:53,F 35-39/23,F-39,267,43:28,35.33%
509,Sharon Fiori,"Minden, NV",132,43:20,13:57,F 65-69/3,F-65,268,44:16,48.06%
510,Doug Lofstrom,"Newport Beach, CA",250,43:20,13:57,M 60-64/6,M-60,242,44:17,37.01%
511,Nancy Lofstrom,"Newport Beach, CA",251,43:20,13:57,F 50-54/29,F-51,269,44:17,39.55%
512,Regina Robles,"Whittier, CA",842,43:22,13:58,F 30-34/50,F-32,270,44:26,34.22%
513,Colleen Johns,"Newport Beach, CA",934,43:31,14:01,F 60-64/2,F-60,271,44:32,44.44%
514,Jeffrey Miller,"Costa Mesa, CA",295,43:33,14:01,M 45-49/24,M-45,243,43:50,32.58%
515,Helen Miller,"Costa Mesa, CA",294,43:33,14:01,F 40-44/31,F-43,272,43:50,36.03%
516,Elizabeth Okun,"Costa Mesa, CA",337,43:35,14:02,F 20-24/22,F-22,273,44:15,33.97%
517,Karmen Fishman,"Costa Mesa, CA",134,43:41,14:04,F 45-49/23,F-45,274,44:33,36.56%
518,Harry Hughes,", CA",205,43:53,14:08,M NoAge/0,M-0,244,44:37, 0.00%
519,Jeanette Hughes,", CA",206,43:55,14:09,F NoAge/0,F-0,275,44:40, 0.00%
520,Kathy Calvillo,", CA",58,43:56,14:09,F 55-59/10,F-56,276,44:40,41.63%
521,Sarah Goldthorpe,"Fullerton, CA",876,43:58,14:09,F 40-44/32,F-41,277,44:37,35.12%
522,Erica Archila,"Placentia, CA",670,43:58,14:10,F 25-29/53,F-28,278,44:37,33.67%
523,John Munroe,"Newport Beach, CA",315,44:10,14:13,M 15-19/14,M-19,245,44:39,29.86%
524,Pichchenda Sok,"Norwalk, CA",431,44:15,14:15,F 20-24/23,F-24,279,48:46,33.46%
525,Javier Ruiz,"Newport Beach, CA",393,44:22,14:17,M 25-29/40,M-25,246,44:38,29.09%
526,Carey Wagenblast,"Newport Beach, CA",471,44:23,14:18,F 35-39/24,F-39,280,44:38,34.32%
527,Ashlyn Barker,"Newport Beach, CA",29,44:24,14:18,F 15-19/10,F-19,281,44:39,33.46%
528,Marta De La Torre,"Newport Beach, CA",98,44:28,14:19,F 40-44/33,F-42,282,44:45,34.98%
529,Joann Hill,"Santa Ana, CA",767,44:30,14:20,F 55-59/11,F-55,283,45:22,40.58%
530,Michelle Kelly,"Huntington Beach, CA",783,44:31,14:20,F 40-44/34,F-41,284,45:22,34.68%
531,Anthony Gutierrez,"Costa Mesa, CA",920,44:46,14:25,M 01-14/16,M-4,247,44:49, 0.00%
532,Michele Keeney,"Corona, CA",223,45:02,14:30,F 40-44/35,F-41,285,45:53,34.28%
533,Adrian Dixson,"Santa Ana, CA",738,45:04,14:31,F 45-49/24,F-46,286,45:47,35.81%
534,Adrianna Hyta,"Huntington Beach, CA",776,45:13,14:33,F 25-29/54,F-29,287,46:02,32.74%
535,Stacy Newbold,"Orange, CA",323,45:18,14:35,F 35-39/25,F-36,288,45:50,33.16%
536,Cindy Frauman,"Mission Viejo, CA",146,45:31,14:39,F 50-54/30,F-51,289,45:42,37.66%
537,Kelsey Chrisley,"Tustin, CA",691,45:39,14:42,F 45-49/25,F-49,290,46:39,36.63%
538,Candace Rice,"Costa Mesa, CA",377,45:44,14:44,F 50-54/31,F-51,291,46:38,37.48%
539,Jo Beth Montoya,"Mission Viejo, CA",302,45:45,14:44,F 40-44/36,F-43,292,46:39,34.29%
540,Joyce Wogan,"Huntington Beach, CA",897,45:46,14:44,F 45-49/26,F-45,293,46:47,34.90%
541,Denise Dilts,"Brea, CA",112,45:47,14:45,F 40-44/37,F-42,294,46:47,33.98%
542,George Noa,"Foothill Ranch, CA",946,46:06,14:51,M 55-59/12,M-58,248,47:06,34.21%
543,Cynthia Roman,"Long Beach, CA",389,46:09,14:52,F 30-34/51,F-31,295,46:51,32.12%
544,Tracy Carrillo-Ploen,"Glendale, CA",684,46:33,14:59,F 35-39/26,F-39,296,47:12,32.74%
545,Tracey Moon,"La Verne, CA",823,46:34,15:00,F 35-39/27,F-39,297,47:12,32.72%
546,Jennifer Eaton,"Newport Coast, CA",119,46:37,15:00,F 45-49/27,F-46,298,47:32,34.62%
547,Jennifer Nooney,"Corona Del Mar, CA",333,46:37,15:00,F 25-29/55,F-29,299,47:32,31.76%
548,Kimberly Israelson,"Costa Mesa, CA",209,46:43,15:02,F 35-39/28,F-35,300,47:18,32.01%
549,Kimberly Flores,"Irvine, CA",140,46:46,15:03,F 35-39/29,F-39,301,46:57,32.58%
550,Roberta Ramont,"Seal Beach, CA",374,46:50,15:05,F 60-64/3,F-63,302,47:14,43.11%
551,Gena Stiefel,"Chino Hills, CA",438,46:58,15:07,F 35-39/30,F-35,303,47:54,31.84%
552,Patricia Noa,"Foothill Ranch, CA",947,47:06,15:10,F 55-59/12,F-58,304,47:06,39.93%
553,Leni Schlindwein,"Newport Beach, CA",409,47:13,15:12,F 65-69/4,F-66,305,47:37,44.77%
554,Saek Jun Hong,"Cerritos, CA",772,47:33,15:18,M 30-34/29,M-30,249,47:47,27.21%
555,Steve Hong,"La Habra, CA",773,47:33,15:19,M 25-29/41,M-29,250,47:47,27.17%
556,Chris Mendez,"Huntington Beach, CA",814,47:35,15:19,M 45-49/25,M-48,251,48:40,30.52%
557,Michelle Antenesse,"Mission Viejo, CA",14,47:41,15:21,F 25-29/56,F-29,306,48:19,31.04%
558,Samantha Hjellum,"Corona, CA",769,47:48,15:24,F 15-19/11,F-18,307,48:35,31.32%
559,Caprice Hjellum,"Corona, CA",768,47:50,15:24,F 45-49/28,F-47,308,48:37,34.12%
560,Jake Bishop,"Mission Viejo, CA",868,48:08,15:30,M 01-14/17,M-9,252,48:14,33.98%
561,Alex Kecskes,"Newport Beach, CA",221,48:13,15:32,M 15-19/15,M-19,253,48:40,27.35%
562,Jordan Bishop,"Mission Viejo, CA",869,48:14,15:32,F 01-14/7,F-12,309,48:19,33.77%
563,John Bisnar,"Newport Beach, CA",42,48:14,15:32,M 60-64/7,M-60,254,48:37,33.25%
564,Raquel Garofalo,"Huntington Beach, CA",152,48:17,15:33,F 40-44/38,F-40,310,49:23,31.77%
565,Melissa Alonso,"Costa Mesa, CA",7,48:17,15:33,F 35-39/31,F-36,311,49:23,31.11%
566,Patty Bishop,"Mission Viejo, CA",870,48:17,15:33,F 35-39/32,F-39,312,48:23,31.56%
567,James Rathke,"Vacaville, CA",971,48:48,15:43,M 50-54/31,M-53,255,49:36,30.99%
568,Patricia Rathke,"Vacaville, CA",968,48:49,15:43,F 50-54/32,F-53,313,49:36,36.03%
569,Hailey Rathke,"Vacaville, CA",972,48:50,15:43,F 20-24/24,F-21,314,49:36,30.32%
570,Karen Coyne,"Aliso Viejo, CA",88,48:59,15:46,F 50-54/33,F-54,315,49:51,36.35%
571,Mary Ann Tamura,"Huntington Beach, CA",446,49:01,15:47,F 65-69/5,F-69,316,50:00,45.24%
572,Erin Desanti,"Buena Park, CA",736,49:06,15:49,F 25-29/57,F-29,317,50:03,30.15%
573,Meloni Warren,"Los Angeles, CA",860,49:10,15:50,F 30-34/52,F-32,318,49:52,30.18%
574,Samantha Rathke,"La Mesa, CA",973,49:19,15:53,F 25-29/58,F-25,319,50:06,30.02%
575,Andy Pasco,"Costa Mesa, CA",349,49:20,15:53,M 15-19/16,M-17,256,50:06,27.37%
576,Rosemarie Kiralla,"Huntington Beach, CA",228,49:57,16:05,F 40-44/39,F-42,320,50:53,31.14%
577,Jill Pizzo,", CA",359,50:01,16:06,F NoAge/0,F-0,321,50:56, 0.00%
578,Susie Zavala,"Santa Ana, CA",492,50:18,16:12,F 50-54/34,F-54,322,50:36,35.40%
579,Vina Prince,", CA",366,50:33,16:16,F NoAge/0,F-0,323,51:43, 0.00%
580,Jacqueline Walker,"Los Angeles, CA",893,50:34,16:17,F 50-54/35,F-52,324,51:44,34.32%
581,Monique Cerio,"Costa Mesa, CA",62,50:37,16:18,F 25-29/59,F-28,325,50:37,29.25%
582,Joe Mejia,"Costa Mesa, CA",284,50:37,16:18,M 30-34/30,M-32,257,50:37,25.69%
583,Marina Tamura,"Huntington Beach, CA",445,50:39,16:18,F 35-39/33,F-38,326,51:36,29.92%
584,Alison Parkinson,"Yorba Linda, CA",348,50:55,16:24,M 55-59/13,M-56,258,51:57,30.44%
585,Janet Lloyd,"Yorba Linda, CA",249,50:56,16:24,F 55-59/13,F-55,327,51:57,35.45%
586,Kimberly Yarter,"Orange, CA",487,51:03,16:26,F 25-29/60,f-27,328,51:54,29.00%
587,Carolyn Arias,"Costa Mesa, CA",18,51:05,16:27,F 20-24/25,F-22,329,51:56,28.98%
588,David Peng,"Chino Hills, CA",832,51:17,16:31,M 30-34/31,M-32,259,52:23,25.36%
589,Sammie Peng,"Chino Hills, CA",833,51:17,16:31,F 30-34/53,F-31,330,52:24,28.90%
590,Katy Cisneros,"Carson, CA",995,51:57,16:44,F 20-24/26,F-21,331,52:32,28.50%
591,Natalie Cisneros,", CA",76,51:57,16:44,F NoAge/0,F-0,332,52:32, 0.00%
592,Elaine Ogle,"Los Angeles, CA",336,52:28,16:54,F NoAge/0,F-0,333,53:19, 0.00%
593,Tami Maynard,", CA",275,52:28,16:54,F NoAge/0,F-0,334,53:20, 0.00%
594,Karen Kirby,"Newport Beach, CA",229,52:38,16:57,F 15-19/12,F-18,335,52:56,28.44%
595,Jackie Corneyea,"Fountain Valley, CA",988,52:39,16:57,F 20-24/27,F-24,336,53:35,28.12%
596,Katie Seller,"Fountain Valley, CA",987,52:41,16:58,F 20-24/28,F-23,337,53:35,28.10%
597,Brent Jacksoon,"Garden Grove, CA",211,52:47,17:00,M 50-54/32,M-52,260,53:05,28.40%
598,Jenna Boozer,"Newport Beach, CA",675,52:48,17:00,F 15-19/13,F-19,338,53:18,28.13%
599,Yvonne Jackson,"Garden Grove, CA",210,52:48,17:00,F 55-59/14,F-57,339,53:05,35.11%
600,Nicole Michau,"Newport Beach, CA",817,52:51,17:01,F 30-34/54,F-33,340,53:21,28.14%
601,Leticia Darrah,"Covina, CA",96,52:53,17:02,F 30-34/55,F-34,341,53:41,28.18%
602,Tina Guillen,"Orange, CA",173,52:53,17:02,F 40-44/40,F-41,342,53:41,29.19%
603,Jodi Ageno,"Torrance, CA",2,52:56,17:03,F 45-49/29,F-45,343,53:59,30.17%
604,Kimberly Dunn,"Huntington Beach, CA",115,52:56,17:03,F 45-49/30,F-47,344,53:59,30.83%
605,Samantha Smith,"Newport Beach, CA",429,53:01,17:04,F 15-19/14,F-19,345,53:33,28.02%
606,Sandra Smith,"Costa Mesa, CA",430,53:02,17:05,F 50-54/36,F-52,346,53:34,32.73%
607,Susan Fleming,"Huntington Beach, CA",136,53:31,17:14,F 40-44/41,F-43,347,54:28,29.31%
608,Lesli Correia,"Huntington Beach, CA",87,53:33,17:14,F 40-44/42,F-40,348,54:28,28.64%
609,Elizabeth Hansen,"Whittier, CA",906,53:39,17:17,F 25-29/61,F-27,349,54:32,27.59%
610,Kim Hansen,"Whittier, CA",907,53:40,17:17,F 25-29/62,F-25,350,54:33,27.59%
611,Sydney Mackessy,"Newport Beach, CA",258,54:08,17:26,F 15-19/15,F-19,351,54:35,27.44%
612,Matt Diemert,"Newport Beach, CA",110,54:08,17:26,M 20-24/13,M-23,261,54:35,23.84%
613,Tom Kindschi,"Fullerton, CA",227,55:06,17:44,M 45-49/26,M-45,262,56:08,25.75%
614,Karen Kindschi,"Fullerton, CA",226,55:06,17:45,F 40-44/43,F-43,352,56:09,28.47%
615,Jennie Welch,"Huntington Beach, CA",476,56:04,18:03,F 40-44/44,F-42,353,56:58,27.74%
616,Anthony Gray,"Newport Beach, CA",169,58:33,18:51,M 15-19/17,M-19,263,58:56,22.52%
617,Danielle Olson,"Newport Beach, CA",341,58:34,18:51,F 15-19/16,F-19,354,58:56,25.36%
618,Janet Munroe,"Placentia, CA",313,59:40,19:13,F 50-54/37,F-50,355,1:00:10,28.36%
619,Kevin Olson,"Newport Beach, CA",342,59:49,19:15,M 15-19/18,M-19,264,1:00:09,22.05%
