Place,Name,Location,Bib,Net Time,Pace,Division/Place,Sex-Age,Sex-Place,Gun Time,Age Grade
1,Sergio Reyes,"Palmdale, ",7,1:08:35,5:14,M Elite/0,M-28,1,1:08:35,86.36%
2,Crosby Freeman,"Sf, ",1,1:13:12,5:36,M Elite/0,M-26,2,1:13:12,80.92%
3,Austin Ramos,"Sf, ",6,1:15:07,5:44,M Elite/0,M-25,3,1:15:07,78.83%
4,Jin Daikoku,"San Francisco, CA",534,1:16:08,5:49,M 25-29/1,M-27,4,1:16:08,77.80%
5,Ivan Medina,"Hayward, ",11,1:16:41,5:51,M Elite/1,M-24,5,1:16:41,77.24%
6,John Van Metre,"San Jose, CA",1436,1:19:10,6:03,M NoAge/0,M-0,6,1:19:11, 0.00%
7,David Marroquin,"San Francisco, CA",1013,1:19:33,6:05,M 35-39/1,M-38,7,1:19:34,76.36%
8,Matthew Katz,"San Francisco, CA",1558,1:21:13,6:12,M 20-24/1,M-21,8,1:22:55,73.23%
9,Kate O'Neill,"Palo Alto, ",4,1:21:55,6:15,F Elite/0,F-29,1,1:21:55,80.40%
10,Richard Martinez,"Sausalito, CA",1019,1:22:50,6:20,M 35-39/2,M-38,9,1:22:52,73.33%
11,Brooke Wells,"San Francisco, CA",10,1:23:28,6:22,F 25-29/0,F-25,2,1:23:28,78.91%
12,Nicholas Ree,"San Francisco, CA",1237,1:23:33,6:23,M 30-34/1,M-30,10,1:23:34,70.89%
13,Meredith Kessler,"San Francisco, CA",884,1:23:47,6:24,F 30-34/0,F-31,3,1:23:47,78.73%
14,Erik Jones,"Stanford, CA",857,1:23:53,6:24,M 25-29/2,M-27,11,1:24:01,70.61%
15,Graham Dobbin,"San Francisco, CA",133,1:23:55,6:25,M 30-34/2,M-31,12,1:23:59,70.58%
16,Nick Guidi,"Los Altos, CA",155,1:23:56,6:25,M 20-24/2,M-24,13,1:24:01,70.57%
17,Carl Blakey,"San Francisco, CA",397,1:24:08,6:26,M 30-34/3,M-34,14,1:24:09,70.68%
18,Ricardo Huerta,"San Francisco, CA",814,1:24:27,6:27,M 20-24/3,M-22,15,1:24:27,70.17%
19,Payam Saljoughian,"Moraga, CA",1284,1:26:56,6:38,M 20-24/4,M-23,16,1:26:56,68.13%
20,Aaron Berthold,"Denver, CO",385,1:27:14,6:40,M 30-34/4,M-33,17,1:27:15,68.01%
21,Mark Ramirez,"San Ramon, CA",84,1:27:35,6:41,M 50-54/1,M-54,18,1:27:35,79.16%
22,Lawrence Chin,"San Francisco, CA",476,1:27:49,6:42,M 35-39/3,M-36,19,1:28:01,68.28%
23,Chris Furnari,"Sunnyvale, CA",677,1:28:04,6:44,M NoAge/0,M-0,20,1:28:06, 0.00%
24,Timothy Marrinan,"San Francisco, CA",1012,1:28:38,6:46,M 20-24/5,M-24,21,1:28:43,66.82%
25,Michelle Meyer,"San Francisco, CA",1061,1:29:13,6:49,F 20-24/1,F-22,4,1:29:13,73.80%
26,Jasn Jacobson,"San Rafael, CA",841,1:29:54,6:52,M 35-39/4,M-36,22,1:29:57,66.70%
27,Joseph Leveroni,"San Francisco, CA",1652,1:29:59,6:52,M 25-29/3,M-25,23,1:30:55,65.82%
28,Cameron Cruse,"Seaside, CA",121,1:30:20,6:54,M 16-19/1,M-19,24,1:30:23,67.10%
29,Ken Hsu,"San Mateo, CA",810,1:30:24,6:54,M 45-49/1,M-47,25,1:30:33,72.23%
30,Elizabeth Keever,"San Francisco, CA",1656,1:31:01,6:57,F 35-39/1,F-35,5,1:31:03,73.24%
31,David Frederick,"Morgan Hill, CA",663,1:31:05,6:57,M 25-29/4,M-27,26,1:31:10,65.03%
32,Craig Betts,"Stanford, CA",386,1:31:09,6:58,M 25-29/5,M-28,27,1:31:18,64.98%
33,Jay Ridgeway,"Sausalito, CA",1245,1:31:13,6:58,M 40-44/1,M-41,28,1:31:21,68.18%
34,Ken Rhoades,"Merced, CA",1241,1:31:21,6:59,M 35-39/5,M-35,29,1:31:32,65.33%
35,Erin Hagan,"San Francisco, CA",751,1:32:04,7:02,F 25-29/1,F-28,6,1:32:18,71.52%
36,Aaron Zuzack,"San Francisco, CA",1538,1:32:34,7:04,M 30-34/5,M-30,30,1:32:45,63.98%
37,Brandon Bozek,"Sacramento, CA",1543,1:32:43,7:05,M 25-29/6,M-27,31,1:32:46,63.88%
38,Jim Kim,"Palo Alto, CA",892,1:33:19,7:08,M NoAge/0,M-0,32,1:33:35, 0.00%
39,Tanya Baker,"San Francisco, CA",359,1:33:19,7:08,F 35-39/2,F-35,7,1:33:21,71.44%
40,Gregory Kelly,"San Francisco, CA",878,1:33:33,7:09,M 40-44/2,M-44,33,1:33:47,68.10%
41,Nick Clements,"San Francisco, CA",496,1:33:34,7:09,M 25-29/7,M-28,34,1:33:37,63.30%
42,Greg Porter,"San Francisco, CA",1201,1:33:40,7:09,M 45-49/2,M-48,35,1:33:50,70.30%
43,Michael Ward,"San Francisco, CA",265,1:33:58,7:11,M 55-59/1,M-55,36,1:34:06,74.44%
44,John Park,"San Francisco, CA",1162,1:34:50,7:14,M 40-44/3,M-43,37,1:34:57,66.64%
45,Timothy Comay,"San Francisco, CA",506,1:34:55,7:15,M 25-29/8,M-26,38,1:34:58,62.39%
46,Tim Moriarty,"San Francisco, CA",1086,1:35:01,7:15,M NoAge/0,M-0,39,1:35:13, 0.00%
47,Jennifer Lashua,"San Francisco, CA",928,1:35:05,7:16,F 30-34/1,F-33,8,1:35:11,69.62%
48,Ashley Hansen,"Sonoma, CA",764,1:35:18,7:17,F 25-29/2,F-26,9,1:35:20,69.09%
49,Oscar Aguilera,"Concord, CA",308,1:35:56,7:20,M 30-34/6,M-31,40,1:36:38,61.74%
50,Kenji Tabata,"San Francisco, CA",1386,1:36:02,7:20,M 40-44/4,M-40,41,1:36:10,64.24%
51,Thomas Sanford,"Honolulu, HI",1287,1:36:02,7:20,M 25-29/9,M-28,42,1:36:39,61.67%
52,Benjamin Gimlin,"Visalia, CA",712,1:36:03,7:20,M 25-29/10,M-27,43,1:36:06,61.66%
53,Marc Trotz,"Berkeley, CA",1423,1:36:04,7:20,M 50-54/2,M-50,44,1:36:18,69.70%
54,Bernardo Tapia,"Redwood City, CA",1396,1:36:36,7:23,M 35-39/6,M-37,45,1:36:40,62.43%
55,Jc Avakian,"San Francisco, CA",350,1:36:41,7:23,M NoAge/0,M-0,46,1:36:53, 0.00%
56,Ryan Damon,"San Francisco, CA",538,1:36:49,7:24,M NoAge/0,M-0,47,1:39:42, 0.00%
57,Bill Shen,"San Francisco, CA",1324,1:36:55,7:24,M 30-34/7,M-33,48,1:37:03,61.21%
58,Juan   M Martin-Cruz,"Richmond, CA",1017,1:36:56,7:24,M 35-39/7,M-36,49,1:37:00,61.86%
59,Jk Lundberg,"Fresno, CA",985,1:36:59,7:24,M 30-34/8,M-30,50,1:46:12,61.07%
60,Jeff Landry,"San Francisco, CA",1664,1:37:03,7:25,M 35-39/8,M-39,51,1:37:20,63.07%
61,Travis Williams,"Clovis, CA",1493,1:37:17,7:26,M 25-29/11,M-28,52,1:37:19,60.88%
62,Jeffrey Wong,"San Francisco, CA",1507,1:37:22,7:26,M 25-29/12,m-26,53,1:37:37,60.83%
63,Jessica Scola,"San Francisco, CA",1307,1:37:26,7:26,F 30-34/2,F-32,10,1:37:26,67.78%
64,Diane Perun,"San Francisco, CA",1180,1:37:40,7:27,F 40-44/1,F-42,11,1:37:50,71.51%
65,Dave Del Fava,"San Jose, CA",554,1:37:45,7:28,M 40-44/5,M-40,54,1:37:45,63.10%
66,Ashley Wood,"Ross, CA",1634,1:37:53,7:28,F 35-39/3,F-38,12,1:38:17,69.16%
67,Joseph Carboni,"San Francisco, CA",449,1:37:53,7:28,M 40-44/6,M-41,55,1:38:00,63.54%
68,David Altena,"Oakland, CA",91,1:38:01,7:29,M 45-49/3,M-48,56,1:38:08,67.18%
69,Christian Eber,"Merced, CA",604,1:38:26,7:31,M 16-19/2,M-16,57,1:42:51,64.20%
70,Dominic Phillips,"Palo Alto, CA",226,1:38:26,7:31,M 25-29/13,M-28,58,1:39:21,60.17%
71,Colin Alley,"San Francisco, CA",320,1:38:42,7:32,M 40-44/7,M-41,59,1:39:10,63.01%
72,Ben Katz,"San Francisco, CA",868,1:38:45,7:32,M 25-29/14,M-26,60,1:39:00,59.98%
73,Riya Young,"Palo Alto, CA",1527,1:38:51,7:33,F 40-44/2,F-42,13,1:39:00,70.66%
74,Jimmy Thompson,"Livermore, CA",1406,1:38:53,7:33,M 45-49/4,M-46,61,1:38:56,65.49%
75,Sandeep Sandhu,"Fairfield, CA",1286,1:39:03,7:34,M 35-39/9,M-35,62,1:39:16,60.25%
76,Chuck Ojeda,"Antioch, CA",1139,1:39:11,7:34,M 50-54/3,M-50,63,1:40:26,67.51%
77,Felipe Escamilla,"San Francisco, CA",616,1:39:13,7:35,M 25-29/15,M-28,64,1:39:47,59.69%
78,Megan Daley,"San Francisco, CA",537,1:39:26,7:36,F 30-34/3,F-32,14,1:39:51,66.42%
79,Ryan Coppersmith,"San Francisco, CA",513,1:39:35,7:36,M NoAge/0,M-0,65,1:40:15, 0.00%
80,Kelly Orasin,"San Francisco, CA",1143,1:39:35,7:36,F 25-29/3,F-27,15,1:41:24,66.12%
81,Francis Lee,"San Francisco, CA",1646,1:39:36,7:36,M 40-44/8,M-44,66,1:40:11,63.97%
82,Elliot Greenwald,"San Francisco, CA",154,1:39:44,7:37,M 25-29/16,M-25,67,1:41:13,59.38%
83,Jeff Dankwerth,"Oakland, CA",541,1:40:06,7:39,M 40-44/9,M-42,68,1:40:22,62.63%
84,Parris Hodges,"Hayward, CA",4217,1:40:09,7:39,M NoAge/0,M-0,69,1:44:54, 0.00%
85,Kate Muller,"San Francisco, CA",1639,1:40:09,7:39,F 40-44/3,F-41,16,1:40:33,69.11%
86,Kyle Suryan,"San Francisco, CA",1572,1:40:10,7:39,M 20-24/6,M-24,70,1:40:54,59.13%
87,Carl Krawitt,"Corte Madera, CA",1559,1:40:17,7:39,M 40-44/10,M-42,71,1:40:35,62.52%
88,Samantha Forde,"Santa Cruz, CA",145,1:40:34,7:41,F 35-39/4,F-37,17,1:40:42,66.93%
89,Travis Merz,"San Jose, CA",1057,1:40:35,7:41,M 25-29/17,M-27,72,1:41:21,58.88%
90,Lara McCarthy,"Redwood City, CA",1034,1:40:40,7:41,F 40-44/4,F-41,18,1:40:48,68.75%
91,Rich Read,"San Jose, CA",1235,1:40:40,7:41,M 45-49/5,M-47,73,1:40:48,64.86%
92,Kyle Coffee,"San Rafael, CA",500,1:41:08,7:43,M 16-19/3,M-19,74,1:41:30,59.93%
93,Joseph Wojewodzic,"Burlingame, CA",1637,1:41:09,7:43,M 30-34/9,M-32,75,1:41:20,58.57%
94,Rachel Main,"Richmond, CA",998,1:41:10,7:43,F 30-34/4,F-33,19,1:41:29,65.43%
95,Brad Dixon,"San Francisco, CA",579,1:41:38,7:46,M 30-34/10,M-32,76,1:41:43,58.29%
96,Willow Harrington,"San Francisco, CA",770,1:41:44,7:46,F 25-29/4,F-28,20,1:42:08,64.72%
97,John Martin,"San Jose, CA",1014,1:41:46,7:46,M 45-49/6,M-45,77,1:42:06,63.11%
98,Wendy Georges,"Berkeley, CA",703,1:41:56,7:47,F 50-54/1,F-53,21,1:42:11,78.20%
99,Inna Vishik,"Stanford, CA",263,1:41:58,7:47,F 25-29/5,F-25,22,1:42:11,64.57%
100,Manuel Gonzalez,"San Jose, CA",724,1:42:02,7:47,M 45-49/7,M-46,78,1:42:27,63.47%
101,Honor Fetherston,"Los Gatos, CA",634,1:42:07,7:48,F 55-59/1,F-55,23,1:42:10,80.17%
102,James Scola,"San Francisco, CA",1306,1:42:15,7:48,M 35-39/10,M-36,79,1:42:30,58.64%
103,Kyle Fisher,"San Francisco, CA",639,1:42:33,7:50,M 20-24/7,M-24,80,1:48:35,57.75%
104,Betty Topping,"Tracy, CA",1412,1:42:35,7:50,F 40-44/5,F-40,24,1:43:54,66.93%
105,Thomas Chuang,"San Francisco, CA",488,1:42:37,7:50,M 35-39/11,M-39,81,1:42:40,59.65%
106,Rebecca Chatfield-Taylor,"San Francisco, CA",466,1:42:54,7:51,F 30-34/5,F-33,25,1:43:04,64.33%
107,Jonathan Yee,"Monterey, CA",1522,1:43:13,7:53,M 25-29/18,M-27,82,1:43:34,57.38%
108,Joe Keehnast,"Hermosa Beach, CA",872,1:43:13,7:53,M 25-29/19,M-27,83,1:43:49,57.38%
109,Jaime Fink,"San Francisco, CA",636,1:43:37,7:55,M 35-39/12,M-37,84,1:43:40,58.20%
110,Jim Wilkinson,"San Francisco, CA",1491,1:43:38,7:55,M 35-39/13,M-39,85,1:43:41,59.06%
111,Sara Jackson,"San Francisco, CA",839,1:43:42,7:55,F 30-34/6,F-31,26,1:44:02,63.59%
112,Samuel Ho,"Foster City, CA",794,1:43:53,7:56,M 40-44/11,M-40,86,1:44:33,59.39%
113,Keith Merklin,"Kentfield, CA",1055,1:44:03,7:57,M 35-39/14,M-39,87,1:44:22,58.83%
114,Michael Huerta,"Sacramento, CA",813,1:44:09,7:57,M 30-34/11,M-33,88,1:44:31,56.96%
115,Vivian Larkin,"Burlingame, ",926,1:44:11,7:57,M 35-39/15,M-39,89,1:44:48,58.75%
116,Nicholas Cifuentes,"San Francisco, CA",492,1:44:13,7:57,M 30-34/12,M-30,90,1:47:43,56.83%
117,Heidi Quijano,"Redwood City, CA",1216,1:44:21,7:58,F 30-34/7,F-32,27,1:44:33,63.29%
118,Gavin Frase,"San Francisco, CA",660,1:44:22,7:58,M 30-34/13,M-31,91,1:46:26,56.75%
119,Stacy Welcome,"Walnut Creek, CA",1475,1:44:29,7:59,F 35-39/5,F-36,28,1:44:47,64.09%
120,Matthew Dixon,"San Francisco, CA",66,1:44:35,7:59,M 35-39/16,M-36,92,1:44:43,57.33%
121,Bill Schlough,"Redwood City, CA",1956,1:44:39,7:59,M 40-44/12,M-40,93,1:44:50,58.95%
122,John Villavicencio,"Millbrae, CA",1451,1:44:40,7:59,M 30-34/14,M-31,94,1:45:11,56.59%
123,Kris Kubota,"Fresno, CA",912,1:45:04,8:01,M 20-24/8,M-20,95,1:45:49,57.04%
124,Courtney Albini,"Atherton, CA",310,1:45:08,8:02,F 16-19/1,F-19,29,1:45:26,62.98%
125,Kortney Jamtaas,"San Francisco, CA",845,1:45:29,8:03,M NoAge/0,M-0,96,1:46:09, 0.00%
126,Christopher Capacillo,"San Francisco, CA",447,1:45:37,8:04,M NoAge/0,M-0,97,1:45:46, 0.00%
127,Lindsay Kahn,"San Francisco, CA",861,1:45:44,8:04,F 30-34/8,F-30,30,1:46:06,62.29%
128,Jody Littlehales,"San Francisco, CA",975,1:45:49,8:05,F 35-39/6,F-39,31,1:45:59,64.41%
129,Lauren Rock,"San Francisco, CA",1254,1:45:50,8:05,F 20-24/2,F-24,32,1:46:01,62.21%
130,Sam Louie,"San Francisco, CA",1621,1:45:54,8:05,M 40-44/13,M-42,98,1:46:07,59.20%
131,Linda Rosenband,"Cupertino, CA",1267,1:46:09,8:06,F 30-34/9,F-34,33,1:46:42,62.56%
132,Michael Geenen,"San Francisco, CA",697,1:46:14,8:07,M 30-34/15,M-30,99,1:47:09,55.75%
133,Carrie Orr,"Beavercreek, OH",1146,1:46:20,8:07,F 25-29/6,F-26,34,1:46:55,61.92%
134,Lindsay Johnson,"San Francisco, CA",1613,1:46:21,8:07,F 25-29/7,F-28,35,1:46:47,61.91%
135,Jennie Kil,"San Francisco, CA",889,1:46:31,8:08,F 40-44/6,F-43,36,1:46:57,66.20%
136,Bill Casher,"San Ramon, CA",1545,1:46:32,8:08,M 30-34/16,M-31,100,1:47:18,55.59%
137,Jeffrey Mathews,"San Francisco, CA",1624,1:46:38,8:09,M 35-39/17,M-35,101,1:50:10,55.96%
138,Steve Eichten,"Danville, CA",609,1:46:40,8:09,M NoAge/0,M-0,102,1:46:53, 0.00%
139,Rachel Chibidakis,"San Francisco, CA",474,1:46:40,8:09,F 25-29/8,F-26,37,1:47:07,61.73%
140,Steven Perez,"San Francisco, CA",1177,1:46:43,8:09,M 20-24/9,M-24,103,1:46:55,55.50%
141,Christopher Beaulieu,"Los Altos, CA",375,1:46:43,8:09,M 45-49/8,M-49,104,1:50:08,62.21%
142,Jennifer Willoughby,"Soquel, CA",1495,1:46:51,8:10,F 30-34/10,F-31,38,1:46:59,61.72%
143,Mike Mauze,"Mill Valley, CA",1590,1:46:54,8:10,M 45-49/9,M-47,105,1:47:20,61.08%
144,David Smydra,"Mountain View, CA",253,1:46:56,8:10,M 30-34/17,M-31,106,1:47:31,55.39%
145,Kristen Dodge,"San Francisco, CA",580,1:47:06,8:11,F 30-34/11,F-31,39,1:49:36,61.57%
146,Mary Smiley,"San Francisco, CA",1338,1:47:10,8:11,F 45-49/1,F-48,40,1:47:31,69.78%
147,Peter Bartelme,"San Francisco, CA",1601,1:47:15,8:11,M 45-49/10,M-46,107,1:49:46,60.38%
148,Julio Martin,"South San Francisco, CA",1015,1:47:17,8:11,M 40-44/14,M-44,108,1:48:36,59.38%
149,Christopher Snow,"Santa Cruz, CA",1347,1:47:27,8:12,M 30-34/18,M-30,109,1:48:12,55.12%
150,Pete Kardasis,"San Francisco, CA",867,1:47:45,8:14,M 35-39/18,M-35,110,1:49:41,55.38%
151,Michael Ware,"San Francisco, CA",1462,1:47:48,8:14,M 30-34/19,M-33,111,1:53:54,55.03%
152,Hugo De Schepper,"San Francisco, CA",551,1:47:51,8:14,M 40-44/15,M-42,112,1:48:46,58.13%
153,Louis David Nefouse,"San Francisco, CA",1109,1:48:00,8:15,M 25-29/20,M-29,113,1:48:10,54.84%
154,Sean Sheridan,"Walnut Creek, CA",1327,1:48:01,8:15,M 25-29/21,M-27,114,1:51:57,54.83%
155,Richard Smith,"San Francisco, CA",1344,1:48:05,8:15,M 20-24/10,M-24,115,1:48:50,54.80%
156,Kiyoko Ikeuchi,"San Jose, CA",831,1:48:07,8:15,F 30-34/12,F-33,41,1:48:17,61.22%
157,Will Hoang,"San Jose, CA",796,1:48:11,8:16,M 30-34/20,M-34,116,1:48:28,54.96%
158,Chris Miller,"San Francisco, CA",204,1:48:17,8:16,M 40-44/16,M-44,117,1:50:15,58.84%
159,Sarah Mason,"Danville, CA",1023,1:48:23,8:16,F 20-24/3,F-23,42,1:52:05,60.75%
160,Giles Goodwin,"San Francisco, CA",726,1:48:58,8:19,M 35-39/19,M-35,118,1:49:10,54.77%
161,Justin Bugarin,"Daly City, CA",110,1:49:03,8:20,M 25-29/22,M-26,119,1:53:25,54.31%
162,Keri Wessling,"San Francisco, CA",1479,1:49:04,8:20,F 30-34/13,F-30,43,1:49:20,60.39%
163,Ewen Utting,"San Francisco, CA",1434,1:49:11,8:20,M 35-39/20,M-39,120,1:49:50,56.06%
164,Matt Causey,"San Francisco, CA",456,1:49:12,8:20,M NoAge/0,M-0,121,1:50:36, 0.00%
165,Jay Malla,"San Francisco, CA",1563,1:49:13,8:20,M 35-39/21,M-37,122,1:49:49,55.22%
166,Katherine Alexander,"Walnut Creek, CA",1614,1:49:15,8:20,F 25-29/9,F-28,44,1:49:45,60.27%
167,Drew Halter,"San Francisco, CA",760,1:49:21,8:21,M 25-29/23,M-25,123,1:57:13,54.16%
168,Ben Taft,"San Carlos, CA",1388,1:49:21,8:21,M 35-39/22,M-35,124,1:50:22,54.57%
169,Alexandre Barros,"Daly City, CA",1542,1:49:30,8:22,M 35-39/23,M-39,125,1:49:46,55.90%
170,Mike Ambrose,"Oakland, CA",325,1:49:38,8:22,M 45-49/11,M-47,126,1:50:21,59.56%
171,Barry Newstead,"Berkeley, CA",1113,1:49:38,8:22,M 35-39/24,M-38,127,1:50:21,55.41%
172,Randi Whitcomb,"San Francisco, CA",1482,1:49:38,8:22,F 25-29/10,F-28,45,1:49:59,60.06%
173,Ethan Quinn,"San Francisco, CA",1220,1:49:39,8:22,M 25-29/24,M-28,128,1:57:22,54.01%
174,Katherine Moore,"San Mateo, CA",1081,1:49:39,8:22,F 30-34/14,F-33,46,1:50:02,60.37%
175,Thomas Kinsella,"San Francisco, CA",894,1:49:39,8:22,M 30-34/21,M-30,129,1:54:17,54.01%
176,Duncan German,"San Francisco, CA",705,1:49:41,8:22,M 30-34/22,M-34,130,1:49:52,54.21%
177,Lisa De Bel,"Petaluma, CA",547,1:49:47,8:23,F 30-34/15,F-33,47,1:50:06,60.29%
178,Eric Fischer,"San Francisco, CA",638,1:49:48,8:23,M 25-29/25,M-29,131,1:50:33,53.94%
179,Shannon Sakowski,"San Francisco, CA",240,1:49:48,8:23,F 30-34/16,F-33,48,1:51:04,60.29%
180,Nilo Arcilla,"American Canyon, CA",336,1:49:53,8:23,M 40-44/17,M-43,132,1:50:38,57.51%
181,Scott Yeats,"San Francisco, CA",1520,1:50:00,8:24,M 35-39/25,M-38,133,1:50:17,55.22%
182,Joseph Iacocca,"Morgan Hill, CA",829,1:50:01,8:24,M 40-44/18,M-43,134,1:50:19,57.44%
183,Sheila McCarthy,"San Francisco, CA",1036,1:50:01,8:24,F 35-39/7,F-39,49,1:50:28,61.95%
184,Cassandra Nowinsky,"Clearlake, CA",1126,1:50:02,8:24,F 25-29/11,F-25,50,1:50:26,59.84%
185,Noah Morrison,"Walnut Creek, CA",1092,1:50:02,8:24,M 25-29/26,M-29,135,1:50:07,53.83%
186,Daniel Howe,"San Jose, CA",809,1:50:03,8:24,M 20-24/11,M-24,136,1:50:29,53.82%
187,Eunejune Kim,"San Francisco, CA",891,1:50:06,8:24,M NoAge/0,M-0,137,1:53:26, 0.00%
188,Stefan Arcelona,"San Francisco, CA",1597,1:50:11,8:25,M 25-29/27,M-29,138,1:53:11,53.75%
189,Michele Bachmeier,"Albany, CA",97,1:50:15,8:25,F 40-44/7,F-44,51,1:50:19,64.65%
190,Frank Cassidy,"San Francisco, CA",453,1:50:17,8:25,M 40-44/19,M-42,139,1:50:43,56.85%
191,Daniel Schneider,"San Francisco, CA",1302,1:50:18,8:25,M NoAge/0,M-0,140,1:55:16, 0.00%
192,Michael Branca,"San Jose, CA",108,1:50:21,8:26,M 40-44/20,M-40,141,1:50:37,55.91%
193,Luis Zazueta,"Kingwood, TX",1535,1:50:28,8:26,M 30-34/23,M-34,142,1:50:47,53.83%
194,Sean O'Brien,"Rocklin, CA",79,1:50:39,8:27,M 25-29/28,M-26,143,1:50:57,53.53%
195,Brian Venturi,"San Mateo, CA",1447,1:50:40,8:27,M NoAge/0,M-0,144,1:51:29, 0.00%
196,Gultekin Tamguney,"San Francisco, CA",1393,1:50:41,8:27,M 35-39/26,M-39,145,1:54:02,55.30%
197,Eric Chen,"San Francisco, CA",471,1:50:49,8:28,M 25-29/29,M-26,146,1:51:23,53.44%
198,John Ghiorso,"Redwood City, CA",1630,1:50:51,8:28,M 30-34/24,M-30,147,2:07:37,53.43%
199,Mark Bollozos,"San Francisco, CA",1648,1:50:53,8:28,M 35-39/27,M-35,148,1:51:16,53.82%
200,Abraham Galvan,"San Francisco, CA",1638,1:50:56,8:28,M 30-34/25,M-34,149,1:58:10,53.60%
301,Cassandra Adams,"Capitola, CA",304,1:57:12,8:57,F NoAge/0,F-0,89,1:59:57, 0.00%
302,Corbett Campbell,"San Francisco, CA",446,1:57:17,8:57,M 35-39/37,M-39,213,1:59:49,52.19%
303,Bob Babick,"San Francisco, CA",353,1:57:22,8:58,M 60-64/1,M-63,214,1:57:50,64.18%
304,Jennelle Branco,"Yerington, NV",413,1:57:23,8:58,F 30-34/27,F-31,90,1:58:04,56.18%
305,Ying Chen,"Sunnyvale, CA",472,1:57:25,8:58,M 30-34/39,M-32,215,1:59:32,50.45%
306,Anne Christian,"San Francisco, CA",486,1:57:33,8:58,F 25-29/17,F-28,91,1:59:20,56.01%
307,Matthew Krawczyk,"San Francisco, CA",907,1:57:37,8:59,M 40-44/33,M-40,216,1:58:04,52.45%
308,Michelle Ladcani,"Belmont, CA",917,1:57:41,8:59,F 40-44/13,F-42,92,1:57:55,59.35%
309,Kevin Huang,"Hayward, CA",812,1:57:44,8:59,M 25-29/43,M-27,217,1:58:48,50.30%
310,Shelby Leland,"San Francisco, CA",957,1:57:45,8:59,F 20-24/9,F-24,93,2:03:01,55.92%
311,Kelly Dame,"San Rafael, CA",1548,1:57:47,9:00,F 45-49/4,F-48,94,1:58:22,63.49%
312,Catherine Brett,"San Francisco, CA",415,1:57:48,9:00,F 30-34/28,F-32,95,1:58:09,56.06%
313,Lilian Tintori,"San Francisco, CA",1408,1:57:49,9:00,F 30-34/29,F-32,96,1:58:17,56.06%
314,Julius Ho,"Fremont, CA",793,1:57:51,9:00,M 30-34/40,M-32,218,1:58:19,50.27%
315,Dave Downing,"San Jose, CA",817,1:57:54,9:00,M 30-34/41,M-32,219,1:59:05,50.25%
316,Glenn Goldbeck,"Moraga, CA",1618,1:58:00,9:01,M 45-49/17,M-46,220,1:59:05,54.88%
317,Danielle Hauptman,"San Francisco, CA",1587,1:58:06,9:01,F 35-39/15,F-36,97,1:58:32,56.70%
318,Stevan Mays,"Antioch, CA",1030,1:58:08,9:01,M 40-44/34,M-44,221,2:05:32,53.93%
319,Dillon Taylor,"Lafayette, CA",1398,1:58:13,9:02,M 20-24/17,M-23,222,1:58:50,50.10%
320,Steven Koster,"San Francisco, CA",1651,1:58:18,9:02,M 35-39/38,M-35,223,1:58:23,50.44%
321,Travis McCray,"San Francisco, CA",1564,1:58:29,9:03,M NoAge/0,M-0,224,1:58:56, 0.00%
322,Matt Budesa,"San Francisco, CA",434,1:58:30,9:03,M 30-34/42,M-30,225,2:03:45,49.98%
323,Steven Harman,"Redwood City, CA",1661,1:58:30,9:03,M 35-39/39,M-36,226,2:01:44,50.60%
324,Christopher Bancroft,"Redwood City, CA",363,1:58:30,9:03,M 25-29/44,M-27,227,1:59:19,49.98%
325,Heather Houghton,"Redwood City, CA",808,1:58:30,9:03,F 25-29/18,F-26,98,1:59:19,55.56%
326,Kendra Krupansky,"San Francisco, CA",910,1:58:31,9:03,F 30-34/30,F-30,99,2:03:54,55.57%
327,Masato Ikura,"San Mateo, CA",832,1:58:32,9:03,M 25-29/45,M-26,228,1:59:21,49.96%
328,Scott Ruiz,"Campbell, CA",1274,1:58:35,9:03,M NoAge/0,M-0,229,1:59:44, 0.00%
329,Kristin Jones,"Danville, CA",70,1:58:35,9:03,F 40-44/14,F-42,100,1:59:31,58.90%
330,Aimee Zimmerman,"San Francisco, CA",1536,1:58:37,9:03,F 30-34/31,F-34,101,2:01:36,55.99%
331,Michaele Smith,"Los Gatos, CA",1343,1:58:42,9:04,F 25-29/19,F-25,102,2:03:41,55.47%
332,Tony Hilton,"Concord, CA",791,1:58:43,9:04,M 40-44/35,M-42,230,1:59:02,52.81%
333,Marjorie Powell,"Menlo Park, CA",1203,1:58:43,9:04,F 50-54/2,F-50,103,2:03:54,64.57%
334,Connie Hwang,"Rowland Heights, CA",826,1:58:47,9:04,F 25-29/20,F-29,104,2:06:17,55.43%
335,Momo Lim,"Sunnyvale, CA",970,1:58:51,9:04,F 30-34/32,F-33,105,1:59:05,55.69%
336,Danielle Donohue,"San Bruno, CA",1645,1:58:52,9:05,F 20-24/10,F-21,106,2:00:50,55.39%
337,Greg Harris,"Sonoma, CA",163,1:59:00,9:05,M 50-54/6,M-51,231,2:00:10,56.76%
338,Jason Wiener,"Campbell, CA",1576,1:59:04,9:05,M 35-39/40,M-37,232,2:00:05,50.65%
339,Tim Tarasow,"Danville, CA",1573,1:59:05,9:05,M 30-34/43,M-34,233,1:59:18,49.93%
340,Michael Attell,"San Carlos, CA",347,1:59:09,9:06,M 40-44/36,M-40,234,2:00:10,51.78%
341,Alec Detwiler,"San Francisco, CA",566,1:59:11,9:06,M 30-34/44,M-30,235,2:00:10,49.69%
342,Heather Alfaro,"Riverbank, CA",90,1:59:14,9:06,F 30-34/33,F-33,107,1:59:40,55.52%
343,Newton Ganac,"San Francisco, CA",684,1:59:16,9:06,M 35-39/41,M-35,236,1:59:54,50.03%
344,Marisa Nakasone,"San Francisco, CA",1107,1:59:16,9:06,F 20-24/11,F-24,108,1:59:47,55.21%
345,Anna Bishop,"San Francisco, CA",106,1:59:20,9:07,F 25-29/21,F-25,109,1:59:36,55.18%
346,Lindsay Regan,"Corte Madera, CA",62,1:59:21,9:07,F 30-34/34,F-30,110,2:00:30,55.18%
347,Marisa Malone,"San Francisco, CA",1005,1:59:23,9:07,F NoAge/0,F-0,111,2:00:03, 0.00%
348,Cristina De La Fuente,"Oakland, CA",548,1:59:29,9:07,F 30-34/35,F-30,112,2:00:40,55.12%
349,Kristy Oriol,"Lodi, CA",1144,1:59:34,9:08,F 25-29/22,F-25,113,2:04:34,55.07%
350,Brenda Gee Deperalta,"Daly City, CA",562,1:59:38,9:08,F 40-44/15,F-44,114,2:03:01,59.58%
351,Bob Mayes,", CA",1668,1:59:47,9:09,M 40-44/37,M-40,237,2:01:04,51.50%
352,Erica Elias,"Milpitas, CA",610,1:59:48,9:09,F 20-24/12,F-23,115,2:00:14,54.96%
353,Chris Wasilewski,"Hayward, CA",1464,1:59:51,9:09,M 25-29/46,M-25,238,2:00:55,49.42%
354,Susan Rosenthal,"San Francisco, CA",1269,1:59:52,9:09,F 40-44/16,F-42,116,2:01:01,58.27%
355,Stephanie Polverari,"Menlo Park, CA",1195,1:59:53,9:09,F 40-44/17,F-44,117,2:00:41,59.45%
356,Michael Roesbery,"Fremont, CA",1259,1:59:57,9:09,M 25-29/47,M-26,239,2:03:51,49.37%
357,Jonathan Craig,"San Francisco, CA",519,1:59:59,9:10,M 35-39/42,M-38,240,2:01:49,50.63%
358,Allen Hsiau,"San Jose, CA",1554,2:00:03,9:10,M 25-29/48,M-29,241,2:04:42,49.33%
359,Lucille Wing,"San Francisco, CA",1499,2:00:09,9:10,F 50-54/3,F-53,118,2:00:56,66.34%
360,Alicia Benitez,"Redwood City, CA",381,2:00:09,9:10,F 40-44/18,F-44,119,2:01:13,59.32%
361,Bryan Wolf,"Hayward, CA",1502,2:00:19,9:11,M 40-44/38,M-41,242,2:01:25,51.69%
362,Stacy Donohue,"Belmont, CA",134,2:00:21,9:11,F 40-44/19,F-41,120,2:02:20,57.51%
363,Eric Sugar,"San Francisco, CA",254,2:00:24,9:12,M 45-49/18,M-49,243,2:00:32,55.14%
364,Gregory Halm,"Pleasant Hill, CA",759,2:00:27,9:12,M 20-24/18,M-24,244,2:00:41,49.17%
365,Polina Sycheva,"San Francisco, CA",1961,2:00:34,9:12,F 30-34/36,F-32,121,2:00:53,54.78%
366,Chris Francis,"Napa, CA",658,2:00:35,9:12,M 25-29/49,M-28,245,2:08:28,49.12%
367,Efren Meleza,"Redwood City, CA",1052,2:00:37,9:12,M 30-34/45,M-30,246,2:00:56,49.10%
368,Dustin Kegeris,"Berkeley, CA",874,2:00:42,9:13,M 20-24/19,M-24,247,2:01:52,49.07%
369,Bethany Kegeris,"Berkeley, CA",873,2:00:42,9:13,F 20-24/13,F-23,122,2:01:52,54.55%
370,Dana Cumberland,"San Francisco, CA",526,2:00:44,9:13,F 30-34/37,F-34,123,2:01:11,55.00%
371,Zane Morgan Jr,"Riverbank, CA",1085,2:00:45,9:13,M 30-34/46,M-32,248,2:05:18,49.06%
372,Diane Henry,"San Francisco, CA",780,2:00:47,9:13,F 35-39/16,F-38,124,2:01:14,56.04%
373,Niluofar Rafsanjani,"San Francisco, CA",1229,2:00:48,9:13,F 35-39/17,F-35,125,2:03:30,55.18%
374,Ryan Matthews,"Sonoma, CA",1027,2:00:48,9:13,M 25-29/50,M-26,249,2:03:03,49.03%
375,Harry Chan,"Fremont, CA",462,2:00:54,9:14,M NoAge/0,M-0,250,2:02:25, 0.00%
376,Nick Wade,"San Francisco, CA",65,2:00:54,9:14,M 35-39/43,M-35,251,2:03:25,49.36%
377,Jay Morrison,"San Francisco, CA",1090,2:01:02,9:14,M 30-34/47,M-33,252,2:01:27,49.02%
378,Amy Davirro,"San Francisco, CA",544,2:01:04,9:15,F NoAge/0,F-0,126,2:07:13, 0.00%
379,Joe Digiacomo,"San Francisco, CA",572,2:01:07,9:15,M 40-44/39,M-43,253,2:01:40,52.17%
380,James Girand,"Palo Alto, CA",713,2:01:10,9:15,M 70-74/1,M-72,254,2:02:29,68.21%
381,Matt Zarem,"Mill Valley, CA",1534,2:01:15,9:15,M 35-39/44,M-37,255,2:03:02,49.74%
382,Laura Bello,"San Francisco, CA",379,2:01:18,9:16,F 45-49/5,F-47,127,2:02:30,60.89%
383,Glen Harada,"San Jose, CA",766,2:01:24,9:16,M 50-54/7,M-52,256,2:09:41,56.12%
384,Allie Herson,"San Francisco, CA",786,2:01:28,9:16,M NoAge/0,M-0,257,2:08:01, 0.00%
385,Laura Woodall,"San Bruno, CA",1512,2:01:28,9:16,F 20-24/14,F-21,128,2:03:27,54.21%
386,Jason Billington,"San Francisco, CA",390,2:01:42,9:17,M 30-34/48,M-30,258,2:05:12,48.66%
387,Kim Jewell,"San Francisco, CA",848,2:01:44,9:18,F 30-34/38,F-34,129,2:03:11,54.55%
388,Phil Cutti,"Mill Valley, CA",532,2:01:44,9:18,M 35-39/45,M-36,259,2:03:51,49.25%
389,George Shaheen,"San Francisco, CA",1319,2:01:48,9:18,M 25-29/51,M-25,260,2:02:45,48.62%
390,Eric Anderson,"Pacifica, CA",327,2:01:49,9:18,M 16-19/5,M-19,261,2:04:23,49.75%
391,Eric Flato,"Piedmont, CA",1550,2:01:54,9:18,M 20-24/20,M-24,262,2:06:07,48.58%
392,Pamela Low,"San Francisco, CA",193,2:01:55,9:18,F 40-44/20,F-44,130,2:02:17,58.46%
393,Jason Roche,"Fresno, CA",1251,2:02:05,9:19,M 35-39/46,M-36,263,2:04:37,49.11%
394,Dennis Murphy,"Hillsborough, CA",214,2:02:08,9:19,M 50-54/8,M-51,264,2:04:21,55.30%
395,Marcia McKenzie,"Newcastle, CA",1046,2:02:09,9:20,F 40-44/21,F-44,131,2:03:03,58.35%
396,Owen Clements,"Mill Valley, CA",1962,2:02:11,9:20,M 45-49/19,M-48,265,2:02:11,53.89%
397,Olivia Leung,"San Jose, CA",1561,2:02:14,9:20,F 30-34/39,F-33,132,2:03:33,54.15%
398,Humphrey Lu,"Menlo Park, CA",981,2:02:18,9:20,M 40-44/40,M-40,266,2:03:25,50.44%
399,Pinesh Roy,"San Mateo, CA",239,2:02:21,9:20,M 35-39/47,M-38,267,2:02:53,49.65%
400,Edmund Poon,"San Francisco, CA",1198,2:02:26,9:21,M NoAge/0,M-0,268,2:03:07, 0.00%
401,Julie Finn,"Berkeley, CA",637,2:02:33,9:21,F 30-34/40,F-30,133,2:03:19,53.74%
402,Steve Greenberg,"San Francisco, CA",734,2:02:34,9:21,M NoAge/0,M-0,269,2:04:52, 0.00%
403,Michele Ochoa,"Coarsegold, CA",1136,2:02:34,9:21,F 40-44/22,F-42,134,2:06:21,56.98%
404,Rosie Escobar,"El Dorado Hills, CA",617,2:02:38,9:22,F 30-34/41,F-32,135,2:04:36,53.85%
405,Krista Kilker,"Westminster, CO",890,2:02:40,9:22,F 25-29/23,F-29,136,2:03:10,53.68%
406,Len Labago,"Vallejo, CA",915,2:02:43,9:22,M 25-29/52,M-27,270,2:03:06,48.26%
407,Matthew Ante,"Fremont, CA",94,2:02:46,9:22,M 30-34/49,M-31,271,2:03:33,48.24%
408,Brenton Walter,"San Francisco, CA",1457,2:02:48,9:23,M 25-29/53,M-29,272,2:10:57,48.23%
409,Christine Norris,"Woodside, CA",1122,2:02:50,9:23,F 20-24/15,F-24,137,2:11:05,53.60%
410,Nicholas Kleeman-Keller,"Woodside, CA",899,2:02:50,9:23,M 30-34/50,M-30,273,2:11:05,48.22%
411,Dawn Rollandi,"Redwood City, CA",1261,2:02:54,9:23,F 40-44/23,F-44,138,2:03:02,58.00%
412,Tony Wong,"San Gabriel, CA",270,2:03:00,9:23,M 25-29/54,M-25,274,2:06:15,48.15%
413,David Tanza,"Santa Cruz, CA",258,2:03:01,9:23,M 50-54/9,M-54,275,2:03:22,56.36%
414,Erin Alley,"San Francisco, CA",321,2:03:08,9:24,F 40-44/24,F-42,139,2:04:24,56.72%
415,Andrew McGuire,"Burlingame, CA",1043,2:03:12,9:24,M 30-34/51,M-32,276,2:03:54,48.09%
416,Jessica Huey,"San Francisco, CA",815,2:03:13,9:24,F 20-24/16,F-23,140,2:08:29,53.44%
417,James Yang,"El Cerrito, CA",1518,2:03:13,9:24,M 25-29/55,M-25,277,2:04:38,48.07%
418,Vince Pasquini,"San Francisco, CA",4913,2:03:22,9:25,M NoAge/0,M-0,278,2:08:44, 0.00%
419,Christopher Osorio,"Watsonville, CA",1151,2:03:30,9:26,M 35-39/48,M-37,279,2:06:09,48.83%
420,David Oppenheimer,"San Francisco, CA",221,2:03:31,9:26,M 35-39/49,M-35,280,2:04:05,48.31%
421,Meghan Linchey,"San Francisco, CA",190,2:03:37,9:26,F NoAge/0,F-0,141,2:04:03, 0.00%
422,Rene Schlaepfer,"Santa Cruz, CA",85,2:03:39,9:26,M 45-49/20,M-49,281,2:04:50,53.69%
423,Jesse Wilson,"Sacramento, CA",1497,2:03:43,9:27,M 25-29/56,M-29,282,2:05:02,47.87%
424,Sean Curran,"Portola Valley, CA",529,2:03:45,9:27,M 45-49/21,M-48,283,2:04:19,53.21%
425,Kate Stickel,"Berkeley, CA",1371,2:03:48,9:27,F 25-29/24,F-28,142,2:04:32,53.18%
426,Christopher Mayon,"San Francisco, CA",1631,2:03:49,9:27,M 30-34/52,M-33,284,2:06:49,47.91%
427,Linda Henn,"Corte Madera, CA",779,2:03:49,9:27,F 50-54/4,F-54,143,2:05:10,65.23%
428,Jerry Yang,"Los Gatos, CA",1519,2:03:54,9:28,M 25-29/57,M-27,285,2:08:12,47.80%
429,Dick Draxler,"San Francisco, CA",592,2:03:54,9:28,M 60-64/2,M-61,286,2:04:43,59.64%
430,Douglas McCafferty,"Bend, OR",1032,2:04:00,9:28,M 50-54/10,M-51,287,2:04:00,54.47%
431,Peter Lee,"Santa Clara, CA",949,2:04:03,9:28,M 30-34/53,M-30,288,2:06:10,47.74%
432,John Gavin,"San Francisco, CA",693,2:04:03,9:28,M 30-34/54,M-32,289,2:09:17,47.76%
433,Brad Hardesty,"San Francisco, CA",1953,2:04:03,9:28,M 40-44/41,M-40,290,2:05:01,49.73%
434,Susan Courey,"San Francisco, CA",517,2:04:10,9:29,F 45-49/6,F-48,144,2:05:19,60.22%
435,Ned Rockson,"Palo Alto, CA",1255,2:04:12,9:29,M 25-29/58,M-25,291,2:06:06,47.68%
436,Mary Edison,"San Mateo, CA",1628,2:04:16,9:29,F 35-39/18,F-36,145,2:04:16,53.88%
437,Becky Ennis,"Santa Rosa, CA",612,2:04:19,9:29,F 30-34/42,F-34,146,2:07:39,53.42%
438,Jim McManus,"Pleasant Hill, CA",201,2:04:29,9:30,M 40-44/42,M-41,292,2:07:08,49.96%
439,Jessica Leal,"San Francisco, CA",935,2:04:32,9:30,F 25-29/25,F-26,147,2:07:25,52.87%
440,Corey Leal,"Pleasanton, CA",934,2:04:32,9:30,M 50-54/11,M-52,293,2:07:25,54.70%
441,Doug Leighton,"San Mateo, CA",955,2:04:38,9:31,M 40-44/43,M-44,294,2:07:00,51.12%
442,Rebecca Galloway,"San Francisco, CA",683,2:04:40,9:31,F 40-44/25,F-43,148,2:07:22,56.56%
443,Renne Main,"San Francisco, CA",999,2:04:45,9:31,F 25-29/26,F-27,149,2:10:08,52.78%
444,Christopher Yien,"San Jose, CA",272,2:04:47,9:32,M 45-49/22,M-46,295,2:04:59,51.90%
445,Warren Chang,"San Francisco, CA",465,2:04:53,9:32,M NoAge/0,M-0,296,2:08:13, 0.00%
446,Ailsa McCulloch,"Woodside, CA",1640,2:04:56,9:32,F 20-24/17,F-20,150,2:06:11,52.73%
447,Adam Garcia,"San Francisco, CA",687,2:05:00,9:33,M 30-34/55,M-30,297,2:06:16,47.38%
448,Stephen Maloney,"Alameda, CA",1007,2:05:01,9:33,M 25-29/59,M-25,298,2:10:19,47.37%
449,Paula Poortinga,"San Francisco, CA",1199,2:05:08,9:33,F 25-29/27,F-27,151,2:06:19,52.62%
450,Cassandra Iwamiya,"Lodi, CA",175,2:05:10,9:33,F 40-44/26,F-42,152,2:07:17,55.80%
451,Pattie Garrison,"Danville, CA",691,2:05:10,9:33,F 45-49/7,F-49,153,2:07:06,60.48%
452,John Adams,"Palo Alto, CA",305,2:05:11,9:33,M 20-24/21,M-23,299,2:05:48,47.31%
453,Tracy Terway,"San Francisco, CA",1402,2:05:15,9:34,F 35-39/19,F-38,154,2:05:47,54.05%
454,Neil Whitehouse,"Point Reyes Station, CA",1485,2:05:17,9:34,M 45-49/23,M-48,300,2:05:42,52.55%
455,Matt Andrieux,"San Francisco, CA",331,2:05:18,9:34,M 25-29/60,M-26,301,2:11:44,47.27%
456,Sheldon Wong,"Sunnyvale, CA",1577,2:05:22,9:34,M 50-54/12,M-52,302,2:05:52,54.34%
457,Lauren Miskelly,"San Carlos, CA",208,2:05:24,9:34,F 25-29/28,F-29,155,2:07:46,52.51%
458,Mark Orsi,"Corte Madera, CA",1568,2:05:27,9:35,M 40-44/44,M-43,303,2:08:10,50.37%
459,Susan Hassan,"San Francisco, CA",774,2:05:30,9:35,F 35-39/20,F-38,156,2:08:12,53.94%
460,Joshua Swenson,"San Jose, CA",1385,2:05:35,9:35,M NoAge/0,M-0,304,2:14:55, 0.00%
461,Melissa Gabe,"San Francisco, CA",679,2:05:36,9:35,F 35-39/21,F-37,157,2:08:01,53.59%
462,Margot Antonetty,"Brisbane, CA",332,2:05:36,9:35,F 45-49/8,F-48,158,2:08:01,59.54%
463,Scott Potter,"Santa Rosa, CA",230,2:05:37,9:35,M 35-39/50,M-39,305,2:05:52,48.73%
464,Anne Schafer,"San Francisco, CA",1294,2:05:37,9:35,F 30-34/43,F-32,159,2:08:02,52.57%
465,David Olmeijer,"San Francisco, CA",219,2:05:40,9:36,M 35-39/51,M-38,306,2:06:28,48.34%
466,Adam Rose,"Pleasanton, CA",1263,2:05:43,9:36,M 25-29/61,M-26,307,2:06:29,47.11%
467,Huy Nguyen,"Richmond, CA",1115,2:05:45,9:36,M 25-29/62,M-28,308,2:15:35,47.10%
468,Dan Baldwin,"Anchorage, AK",360,2:05:45,9:36,M 40-44/45,M-44,309,2:07:39,50.66%
469,Alberto Pulido,"San Carlos, CA",1212,2:05:47,9:36,M 40-44/46,M-43,310,2:07:03,50.24%
470,Tong Young,"South San Francisco, CA",1528,2:05:47,9:36,M 25-29/63,M-27,311,2:13:15,47.08%
471,Drew Johnson,"San Carlos, CA",851,2:05:49,9:36,M 25-29/64,M-26,312,2:14:18,47.07%
472,Gregory Brown,"San Francisco, CA",427,2:05:54,9:37,M NoAge/0,M-0,313,2:06:04, 0.00%
473,Albert Guinto,"San Francisco, CA",740,2:05:55,9:37,M 35-39/52,M-39,314,2:13:46,48.61%
474,Derek Eber,"Merced, CA",605,2:05:55,9:37,M 35-39/53,M-39,315,2:10:29,48.61%
475,Carolyn Miller,"Mountain View, CA",1067,2:06:00,9:37,F 45-49/9,F-47,160,2:09:31,58.62%
476,Susan Jene Kim,"San Francisco, CA",893,2:06:06,9:38,F 25-29/29,F-27,161,2:10:59,52.21%
477,Andrew Kaza,"London, ",870,2:06:06,9:38,M 50-54/13,M-50,316,2:06:47,53.10%
478,Jonathan Acojedo,"San Jose, CA",1965,2:06:06,9:38,M 25-29/65,M-25,317,2:15:33,46.97%
479,Dave Cross,"Santa Rosa, CA",522,2:06:08,9:38,M 45-49/24,M-48,318,2:08:08,52.20%
480,Paula Glodowski-Valla,"San Rafael, CA",715,2:06:12,9:38,F 35-39/22,F-37,162,2:10:43,53.34%
481,Ariel Parrish,"San Francisco, CA",1166,2:06:14,9:38,F 35-39/23,F-35,163,2:07:39,52.81%
482,Jill Blakeburke,"Cupertino, CA",1665,2:06:15,9:38,F 20-24/18,F-23,164,2:10:04,52.15%
483,Ann Trombetta,"Santa Rosa, CA",1420,2:06:17,9:38,F 25-29/30,F-26,165,2:14:00,52.14%
484,Ashley Vanorden,"Pocatello, ID",1437,2:06:17,9:38,F 25-29/31,F-26,166,2:07:20,52.14%
485,David Vanorden,"Pocatello, ID",1438,2:06:17,9:38,M 30-34/56,M-30,319,2:07:21,46.90%
486,Janet Pasco,"Danville, CA",1168,2:06:19,9:39,F 40-44/27,F-41,167,2:07:10,54.79%
487,Anne Hartman,"Oakland, CA",772,2:06:20,9:39,F 40-44/28,F-41,168,2:06:53,54.78%
488,Beth Binegar,"San Francisco, CA",393,2:06:20,9:39,F 40-44/29,F-43,169,2:07:51,55.81%
489,Scott Hibbard,"San Francisco, CA",1968,2:06:24,9:39,M NoAge/0,M-0,320,2:13:33, 0.00%
490,Ruby Hsu,"San Francisco, CA",811,2:06:27,9:39,F 30-34/44,F-33,170,2:08:55,52.35%
491,James Shields,"San Francisco, CA",249,2:06:28,9:39,M 65-69/1,M-67,321,2:06:36,61.93%
492,Jennifer Moyano,"Gilroy, CA",1096,2:06:30,9:39,F 20-24/19,F-23,171,2:06:45,52.05%
493,Kim Moyano,"Gilroy, CA",1097,2:06:31,9:40,F 45-49/10,F-45,172,2:06:45,56.98%
494,George Fletcher,"Vallejo, CA",143,2:06:34,9:40,M 30-34/57,M-32,322,2:17:53,46.81%
495,Tory Martinez,"San Francisco, CA",1020,2:06:40,9:40,F 35-39/24,F-35,173,2:06:58,52.63%
496,Leigh-Ann Wendling,"San Francisco, CA",1477,2:06:42,9:40,F 40-44/30,F-42,174,2:07:06,55.12%
497,Nicole Fortner,"San Francisco, CA",656,2:06:48,9:41,F 35-39/25,F-36,175,2:08:24,52.81%
498,Maureen Hogan,"Menlo Park, CA",798,2:06:49,9:41,F 50-54/5,F-51,176,2:07:59,61.24%
499,Kevin Robinson,"Martinez, CA",1249,2:06:51,9:41,M 35-39/54,M-38,323,2:07:38,47.88%
500,Dennis Urrutia,"Fremont, CA",1433,2:06:53,9:41,M 25-29/66,M-27,324,2:09:01,46.68%
501,Andrew Smith,"Mill Valley, CA",1339,2:06:56,9:41,M 40-44/47,M-41,325,2:08:02,49.00%
502,Ronjon Nag,"Palo Alto, CA",1657,2:06:59,9:42,M 45-49/25,M-48,326,2:07:11,51.85%
503,Cameron Brigham,"Atwater, CA",417,2:07:03,9:42,M 30-34/58,M-32,327,2:11:37,46.63%
504,Daniel Urrutia,"Fremont, CA",1431,2:07:07,9:42,M 55-59/2,M-56,328,2:09:16,55.52%
505,Kat Chung,"San Francisco, CA",490,2:07:18,9:43,F 30-34/45,F-31,177,2:07:58,51.80%
506,Michael Hunt,"Morgan Hill, CA",820,2:07:21,9:43,M NoAge/0,M-0,329,2:08:37, 0.00%
507,Oliver Mondina,"San Jose, CA",1077,2:07:21,9:43,M 25-29/67,M-25,330,2:12:03,46.51%
508,Kimberly Brown,"San Francisco, CA",428,2:07:23,9:43,F 20-24/20,F-24,178,2:08:38,51.69%
509,James Dame,"San Rafael, CA",1547,2:07:23,9:44,M 45-49/26,M-48,331,2:07:58,51.69%
510,Nina Kjellson,"Sausalito, CA",179,2:07:24,9:44,F 35-39/26,F-35,179,2:10:00,52.32%
511,Andreas Papageorge,"San Francisco, CA",1161,2:07:24,9:44,M 25-29/68,M-26,332,2:08:39,46.49%
512,Glenn Goodrich,"Pacific Grove, CA",150,2:07:25,9:44,M 40-44/48,M-42,333,2:16:24,49.20%
513,Theresa Prentiss,"San Francisco, CA",1205,2:07:27,9:44,F 30-34/46,F-30,180,2:07:42,51.67%
514,Allison Flato,"Piedmont, CA",1606,2:07:28,9:44,F 25-29/32,F-26,181,2:11:41,51.65%
515,Robert Taylor,"Modesto, CA",1400,2:07:28,9:44,M NoAge/0,M-0,334,2:09:11, 0.00%
516,Heather Munoz,"Walnut Creek, CA",213,2:07:29,9:44,F 30-34/47,F-30,182,2:08:31,51.66%
517,Alfonso Munoz,"Walnut Creek, CA",212,2:07:30,9:44,M 30-34/59,M-30,335,2:08:32,46.45%
518,Milo Sprague,"San Francisco, CA",1360,2:07:33,9:44,M NoAge/0,M-0,336,2:08:36, 0.00%
519,Crystal Fong,"Foster City, CA",651,2:07:35,9:44,F 25-29/33,F-29,183,2:08:46,51.61%
520,Josh Northrup,"San Francisco, CA",1123,2:07:44,9:45,M 25-29/69,M-28,337,2:08:49,46.37%
521,Christina Amoroso,"Mill Valley, CA",1959,2:07:46,9:45,F 30-34/48,F-30,184,2:10:30,51.55%
522,Kelli McMaster,"San Francisco, CA",68,2:07:47,9:45,F 35-39/27,F-39,185,2:08:14,53.34%
523,Katrina Lake,"Cambridge, MA",918,2:07:48,9:45,F 25-29/34,F-27,186,2:10:23,51.52%
524,Will Benham,"Oakland, CA",380,2:07:48,9:45,M 25-29/70,M-27,338,2:07:53,46.34%
525,David Serrano Jr,"Royal Oaks, CA",1316,2:07:50,9:46,M 25-29/71,M-27,339,2:11:36,46.33%
526,Douglas Zumbiel,"Aptos, CA",1647,2:07:52,9:46,M 55-59/3,M-57,340,2:19:52,55.69%
527,Kimberley Glover,"Martinez, CA",716,2:07:52,9:46,F 30-34/49,F-31,187,2:09:12,51.57%
528,Dustin Torrez,"Martinez, CA",1413,2:07:52,9:46,M 30-34/60,M-34,341,2:09:12,46.50%
529,Anna Chim,"San Francisco, CA",475,2:08:03,9:47,F 45-49/11,F-45,188,2:09:35,56.30%
530,Adam Bristol,"San Francisco, CA",420,2:08:06,9:47,M 30-34/61,M-34,342,2:11:42,46.42%
531,Carmella Lyman,"Napa, CA",988,2:08:07,9:47,F 35-39/28,F-38,189,2:09:17,52.84%
532,Douglas Keyston,"Hillsborough, CA",885,2:08:11,9:47,M 50-54/14,M-54,343,2:09:45,54.08%
533,Mathieu Frenette,"Palo Alto, CA",665,2:08:16,9:48,M 25-29/72,M-28,344,2:16:11,46.17%
534,Marie-Claude Robert,"Montrial, ",1248,2:08:16,9:48,F 25-29/35,F-27,190,2:16:10,51.33%
535,Karl Heinrich,"Walnut Creek, CA",166,2:08:19,9:48,M 55-59/4,M-56,345,2:09:45,55.00%
536,Karin Phillips,"San Francisco, CA",1187,2:08:25,9:48,F 30-34/50,F-33,191,2:09:22,51.54%
537,Dave Kapp,"San Jose, CA",866,2:08:30,9:49,M 50-54/15,M-53,346,2:09:08,53.48%
538,Javier Maldonado,"Pittsburg, CA",1002,2:08:38,9:49,M 45-49/27,M-47,347,2:09:11,50.76%
539,Stacy Perry,"San Francisco, CA",1179,2:08:39,9:49,F 35-39/29,F-38,192,2:10:45,52.62%
540,Lisa Doherty,"San Francisco, CA",581,2:08:40,9:49,F 35-39/30,F-37,193,2:10:45,52.31%
541,Todd Condit,"Martinez, CA",508,2:08:46,9:50,M 35-39/55,M-39,348,2:09:13,47.53%
542,Glenn Kubota,"Fresno, CA",911,2:08:48,9:50,M 50-54/16,M-52,349,2:09:48,52.89%
543,Jennifer Redling,"Oakland, CA",1236,2:08:51,9:50,F 25-29/36,F-28,194,2:12:49,51.10%
544,Vanessa Slavich,"Los Gatos, CA",1336,2:08:54,9:50,F 20-24/21,F-24,195,2:13:54,51.08%
545,Stephanie Stewart,"Los Gatos, CA",1370,2:08:54,9:50,F 25-29/37,F-25,196,2:13:54,51.08%
546,Karen Osborn,"Menlo Park, CA",1149,2:09:00,9:51,F 40-44/31,F-40,197,2:09:28,53.22%
547,Brian Osborn,"Menlo Park, CA",1148,2:09:00,9:51,M 40-44/49,M-41,350,2:09:29,48.21%
548,Colm Lysaght,"Palo Alto, CA",991,2:09:04,9:51,M 40-44/50,M-41,351,2:10:55,48.19%
549,Megan Faulkner,"San Francisco, CA",630,2:09:04,9:51,F 30-34/51,F-33,198,2:11:32,51.29%
550,Sean Sullivan,"San Francisco, CA",1571,2:09:05,9:51,M 20-24/22,M-22,352,2:15:33,45.91%
551,Chad Wigert,"Concord, CA",1487,2:09:09,9:52,M 40-44/51,M-41,353,2:11:17,48.15%
552,Tim Danison,"San Francisco, CA",540,2:09:16,9:52,M 40-44/52,M-43,354,2:10:04,48.88%
553,Jennifer Good,"Sunnyvale, CA",1551,2:09:19,9:52,F 40-44/32,F-40,199,2:11:17,53.09%
554,Debra Holcomb,"San Francisco, CA",1588,2:09:26,9:53,F 40-44/33,F-42,200,2:11:29,53.96%
555,Todd Vollmerhausen,"Oakland, CA",1617,2:09:27,9:53,M 30-34/62,M-34,355,2:11:30,45.93%
556,Matt Foley,"San Francisco, CA",648,2:09:28,9:53,M 16-19/6,M-18,356,2:10:48,47.44%
557,Bill Foley,"San Francisco, CA",646,2:09:28,9:53,M 55-59/5,M-55,357,2:10:48,54.02%
558,Jennifer Ramos,"Fairfield, CA",231,2:09:29,9:53,F 25-29/38,F-26,201,2:10:36,50.85%
559,Dana Harrigan,"San Francisco, CA",769,2:09:31,9:53,F 25-29/39,F-28,202,2:10:23,50.84%
560,Suzanna Mitchell,"San Francisco, CA",1072,2:09:32,9:53,F NoAge/0,F-0,203,2:09:36, 0.00%
561,Marcee Nannini,"Millbrae, CA",1108,2:09:32,9:53,F 25-29/40,F-28,204,2:11:07,50.83%
562,Bradley Behrens,"San Jose, CA",376,2:09:36,9:54,M 25-29/73,M-27,358,2:15:43,45.69%
563,Mesfin Hagos,"Emeryville, CA",753,2:09:37,9:54,M 30-34/63,M-33,359,2:19:26,45.77%
564,Zee Lidete,"El Sobrante, CA",968,2:09:37,9:54,M 40-44/53,M-44,360,2:19:26,49.15%
565,Jennifer Blackwell,"Oakland, CA",396,2:09:38,9:54,F 30-34/52,F-33,205,2:10:50,51.06%
566,Robert Smith,"San Rafael, CA",1345,2:09:39,9:54,M 50-54/17,M-54,361,2:11:29,53.47%
567,Tara Alliger,"Alameda, CA",322,2:09:39,9:54,F 30-34/53,F-32,206,2:11:29,50.94%
568,Sara Lowe,"Sunnyvale, CA",194,2:09:40,9:54,F 25-29/41,F-26,207,2:10:46,50.78%
569,Kellie Nunokawa,"San Mateo, CA",217,2:09:40,9:54,F 25-29/42,F-29,208,2:10:46,50.78%
570,Edward Hwang,"San Mateo, CA",827,2:09:42,9:54,M 35-39/56,M-37,362,2:10:36,46.50%
571,Eric Barangan,"Hercules, CA",364,2:09:44,9:54,M 35-39/57,M-35,363,2:14:06,46.00%
572,Clark Avery,"San Francisco, CA",1582,2:09:46,9:54,M 45-49/28,M-45,364,2:11:49,49.49%
573,Richard Frenkel,"Palo Alto, CA",666,2:09:48,9:55,M 40-44/54,M-43,365,2:11:37,48.68%
574,Brian Kozono,"Oakland, CA",904,2:09:50,9:55,M NoAge/0,M-0,366,2:11:14, 0.00%
575,Mark Dirsa,"San Francisco, CA",576,2:09:54,9:55,M 50-54/18,M-52,367,2:12:15,52.44%
576,Christin Frost,"San Francisco, CA",668,2:09:54,9:55,F 25-29/43,F-28,209,2:11:09,50.69%
577,Annette Arellanes,"Coarsegold, CA",337,2:09:56,9:55,F 35-39/31,F-39,210,2:13:43,52.46%
578,Minneola Ingersoll,"Mountain View, CA",834,2:09:56,9:55,F 30-34/54,F-33,211,2:13:39,50.94%
579,Jill Ahearn,"Prunedale, CA",309,2:10:00,9:55,F 45-49/12,F-47,212,2:12:06,56.81%
580,Kyle Mickaelian,"San Francisco, CA",1064,2:10:04,9:56,M 40-44/55,M-40,368,2:12:41,47.43%
581,Angelina Juarez,"South San Francisco, CA",859,2:10:04,9:56,F 35-39/32,F-36,213,2:10:25,51.48%
582,Falyne Chave,"San Francisco, CA",467,2:10:07,9:56,F 25-29/44,F-26,214,2:10:27,50.60%
583,Melissa Luna,"Sacramento, CA",983,2:10:08,9:56,F 30-34/55,F-32,215,2:11:26,50.75%
584,Roel Ramirez,"Hayward, CA",1230,2:10:10,9:56,M 25-29/74,M-26,369,2:20:01,45.50%
585,Garland Lee,"Sunnyvale, CA",942,2:10:11,9:56,M 55-59/6,M-57,370,2:10:51,54.70%
586,Jared Orozco,"Walnut Creek, CA",1145,2:10:11,9:56,M 25-29/75,M-25,371,2:10:48,45.49%
587,Phaidra Garcia,"San Carlos, CA",690,2:10:21,9:57,F 35-39/33,F-39,216,2:12:53,52.29%
588,James McLeod,"Atlanta, GA",200,2:10:22,9:57,M 40-44/56,M-43,372,2:10:59,48.47%
589,Ron Harvey,"Tracy, CA",164,2:10:22,9:57,M 45-49/29,M-45,373,2:11:18,49.26%
590,Jacob Morton,"San Francisco, CA",1093,2:10:22,9:57,M 25-29/76,M-26,374,2:20:27,45.43%
591,Dan Petersen,"San Francisco, CA",1598,2:10:28,9:58,M 35-39/58,M-38,375,2:22:23,46.56%
592,Megan Johnston,"San Francisco, CA",855,2:10:31,9:58,F NoAge/0,F-0,217,2:11:34, 0.00%
593,Dana Shaps,"Oakland, CA",1321,2:10:35,9:58,F 30-34/56,F-30,218,2:15:52,50.43%
594,Robert Bussard,"Pleasant Hill, CA",440,2:10:35,9:58,M 40-44/57,M-43,376,2:11:19,48.39%
595,David Urrutia,"Fremont, CA",1432,2:10:37,9:58,M 20-24/23,M-22,377,2:12:48,45.37%
596,Leslie Gandy,"Rocklin, CA",685,2:10:42,9:59,F 45-49/13,F-49,219,2:11:10,57.93%
597,Jenny Beyer,"San Francisco, CA",387,2:10:43,9:59,F NoAge/0,F-0,220,2:13:43, 0.00%
598,Michael Hughes,"San Francisco, CA",818,2:10:49,9:59,M 40-44/58,M-43,378,2:16:28,48.31%
599,Jennifer De Melo,"Redwood City, CA",549,2:10:55,10:00,F 30-34/57,F-30,221,2:13:38,50.31%
600,Daniel Gold,"Vallejo, CA",719,2:10:58,10:00,M 45-49/30,M-46,379,2:11:43,49.45%
801,Tom McKillop,"Martinez, CA",1565,2:20:43,10:44,M 50-54/22,M-53,469,2:25:09,48.84%
802,Cynthia Liss,"Sonoma, CA",974,2:20:46,10:45,F 40-44/47,F-43,333,2:21:57,50.09%
803,Carole Kajita,"Berkeley, CA",864,2:20:46,10:45,F NoAge/0,F-0,334,2:23:31, 0.00%
804,Brandon Skale,"San Francisco, CA",252,2:20:49,10:45,M 25-29/92,M-29,470,2:28:44,42.06%
805,Nick Nichols,"San Jose, CA",1117,2:20:49,10:45,M 50-54/23,M-54,471,2:23:10,49.23%
806,Kota Kiwaki,"San Jose, CA",898,2:20:51,10:45,F 35-39/56,F-36,335,2:21:33,47.54%
807,Christopher Cruz,"West Sacramento, CA",523,2:20:59,10:46,M 40-44/70,M-44,472,2:25:34,45.19%
808,Kristal Morrison,"Fresno, CA",1091,2:21:19,10:47,F 25-29/73,F-25,336,2:24:55,46.59%
809,Fred Caldera,"San Jose, CA",111,2:21:24,10:48,M 35-39/71,M-35,473,2:21:38,42.20%
810,Joseph Snow,"Concord, NH",1348,2:21:27,10:48,M 55-59/11,M-58,474,2:22:13,50.80%
811,Bryant Dawson,"Walnut Creek, CA",127,2:21:34,10:48,M 25-29/93,M-27,475,2:24:36,41.83%
812,Matt Green,"Santa Rosa, CA",733,2:21:35,10:48,M 30-34/77,M-34,476,2:22:41,41.99%
813,Jamie Baerncopf,"Concord, CA",355,2:21:35,10:48,F 20-24/35,F-24,337,2:23:43,46.50%
814,Andy Ingersoll,"Pasadena, CA",171,2:21:39,10:49,M 70-74/2,M-70,477,2:25:22,57.01%
815,Sarah Reid,"San Francisco, CA",1238,2:21:40,10:49,F NoAge/0,F-0,338,2:25:53, 0.00%
816,Richard Hodel,"Alameda, CA",797,2:21:43,10:49,M 55-59/12,M-55,478,2:23:06,49.35%
817,Veronica Chinn,"San Francisco, CA",477,2:21:52,10:50,F NoAge/0,F-0,339,2:26:05, 0.00%
818,Diana Lightner,"Seattle, WA",969,2:21:54,10:50,F 35-39/57,F-39,340,2:24:27,48.03%
819,Cheryl Brewster,"Orinda, CA",416,2:21:56,10:50,F 40-44/48,F-44,341,2:24:02,50.22%
820,Gloria Reyes,"Danville, CA",234,2:22:04,10:51,F 50-54/7,F-51,342,2:26:57,54.66%
821,Laura Stupi,"South San Francisco, CA",1377,2:22:06,10:51,F 35-39/58,F-35,343,2:22:27,46.91%
822,Melanie Farmer,"San Francisco, CA",627,2:22:20,10:52,F 25-29/74,F-26,344,2:27:20,46.26%
823,Estelle Smith,"San Francisco, CA",1340,2:22:22,10:52,F 35-39/59,F-39,345,2:22:42,47.87%
824,Natalie Osborne,"Girdwood, AK",1150,2:22:23,10:52,F 35-39/60,F-36,346,2:24:23,47.03%
825,John Lynn,"San Francisco, CA",1636,2:22:25,10:52,M 35-39/72,M-38,479,2:24:53,42.65%
826,Katrina Cobb,"San Francisco, CA",499,2:22:26,10:52,F 25-29/75,F-27,347,2:23:46,46.23%
827,Shannon Baker,"Santa Rosa, CA",98,2:22:26,10:52,F 35-39/61,F-36,348,2:24:28,47.01%
828,Kristin Fox,"San Francisco, CA",657,2:22:36,10:53,F 25-29/76,F-27,349,2:23:57,46.17%
829,Melissa Leyva,"Berkeley, CA",965,2:22:37,10:53,F 25-29/77,F-27,350,2:25:11,46.17%
830,Naomi Nakamura,"San Mateo, CA",1106,2:22:37,10:53,F 35-39/62,F-35,351,2:25:11,46.74%
831,Katie Scharer,"San Francisco, CA",1296,2:22:37,10:53,F 30-34/78,F-31,352,2:25:13,46.24%
832,Christi Cushman,"San Francisco, CA",123,2:22:40,10:53,F 40-44/49,F-40,353,2:25:18,48.12%
833,Brittany Boettcher,"Sunnyvale, CA",401,2:22:40,10:53,F 30-34/79,F-30,354,2:27:51,46.16%
834,Kimberly Tripp,"San Francisco, CA",1419,2:22:40,10:53,F 30-34/80,F-30,355,2:27:52,46.16%
835,Douglas Rose,"Oakland, CA",1264,2:22:43,10:54,M NoAge/0,M-0,480,2:24:02, 0.00%
836,Lynn Honrado,"Foster City, CA",804,2:22:43,10:54,F 35-39/63,F-38,356,2:27:20,47.43%
837,Kristin Clark,"Reno, NV",118,2:22:47,10:54,F 25-29/78,F-29,357,2:25:00,46.11%
838,Phillip Anderson,"San Leandro, CA",329,2:22:52,10:54,M 40-44/71,M-42,481,2:25:16,43.88%
839,Odilia Flores,"San Francisco, CA",144,2:22:52,10:54,F 30-34/81,F-30,358,2:26:20,46.10%
840,Felix Esmilla,"Daly City, CA",618,2:22:56,10:55,M 35-39/73,M-36,482,2:23:23,41.95%
841,Glenda Wong,"San Francisco, CA",1505,2:22:58,10:55,F 50-54/8,F-53,359,2:24:09,55.75%
842,Megan Wilson,"Sacramento, CA",1498,2:23:00,10:55,F 25-29/79,F-27,360,2:24:20,46.04%
843,Michael Brill,"San Francisco, CA",418,2:23:07,10:55,M 45-49/44,M-45,483,2:24:09,44.88%
844,Karen Barich,"Martinez, CA",1541,2:23:08,10:56,F 45-49/20,F-49,361,2:27:35,52.89%
845,Robert Spinosa,"San Bruno, CA",1358,2:23:09,10:56,M 60-64/4,M-60,484,2:24:00,51.14%
846,Derrick Leong,"Cupertino, CA",961,2:23:16,10:56,M 20-24/28,M-24,485,2:25:45,41.34%
847,David Fujito,"San Bruno, CA",670,2:23:17,10:56,M NoAge/0,M-0,486,2:33:49, 0.00%
848,Chris Barsotti,"San Jose, CA",366,2:23:17,10:56,M 45-49/45,M-46,487,2:33:49,45.20%
849,Joel Quiambao,"Daly City, CA",1215,2:23:19,10:56,M 30-34/78,M-32,488,2:23:30,41.34%
850,Hilda Raygoza,"San Francisco, CA",1602,2:23:21,10:57,F 35-39/64,F-35,362,2:31:12,46.50%
851,Andrea Trevino,"San Bruno, CA",1418,2:23:25,10:57,F 25-29/80,F-27,363,2:25:00,45.91%
852,Rosemary Omron,"Foster City, CA",1140,2:23:29,10:57,F 35-39/65,F-35,364,2:27:10,46.46%
853,Ashley Gomes,"Fresno, CA",149,2:23:30,10:57,F 25-29/81,F-27,365,2:32:18,45.88%
854,Natalie Delahunt,"San Mateo, CA",131,2:23:32,10:57,F 35-39/66,F-37,366,2:24:10,46.89%
855,Tom Murray,"San Francisco, CA",1103,2:23:42,10:58,M 40-44/72,M-41,489,2:24:45,43.28%
856,Jill Stokes,"San Francisco, CA",1374,2:23:48,10:59,F 30-34/82,F-34,367,2:24:17,46.18%
857,Michael Rochelle,"San Francisco, CA",1253,2:23:48,10:59,M 30-34/79,M-34,490,2:24:18,41.35%
858,Lyndsey Nelson,"Roseville, CA",1110,2:23:51,10:59,F 25-29/82,F-28,368,2:24:21,45.77%
859,Gail Peters,"La Honda, CA",1182,2:23:54,10:59,F 55-59/3,F-57,369,2:29:30,58.47%
860,Elaine Lee,"San Francisco, CA",941,2:23:55,10:59,F 30-34/83,F-30,370,2:25:35,45.76%
861,Ciana Phann,"Pacifica, CA",1186,2:23:55,10:59,F 25-29/83,F-25,371,2:25:34,45.75%
862,Thaddeus Danhauer,"Arlington, TX",539,2:23:57,10:59,M 35-39/74,M-35,491,2:24:49,41.45%
863,Chris Custer,"San Francisco, CA",531,2:23:57,10:59,M 45-49/46,M-49,492,2:24:43,46.12%
864,Pam McKenzie,"Newcastle, CA",1047,2:24:08,11:00,F 70-74/1,F-72,372,2:25:02,73.79%
865,Greg Chmielewski,"San Jose, CA",480,2:24:13,11:01,M 35-39/75,M-35,493,2:28:12,41.38%
866,Andrew Brady,"San Francisco, CA",410,2:24:15,11:01,M 30-34/80,M-34,494,2:24:54,41.21%
867,Susie Masaya,"San Francisco, CA",1021,2:24:18,11:01,F 35-39/67,F-35,373,2:31:40,46.19%
868,Meg Galletti,"San Mateo, CA",681,2:24:18,11:01,F 35-39/68,F-37,374,2:26:18,46.64%
869,Nina Lao,"San Francisco, CA",925,2:24:22,11:01,F 30-34/84,F-34,375,2:31:45,46.00%
870,Rick Chavez,"San Francisco, CA",469,2:24:26,11:02,M NoAge/0,M-0,495,2:27:02, 0.00%
871,Leticia Palafox,"South San Francisco, CA",1157,2:24:26,11:02,F 45-49/21,F-48,376,2:25:48,51.77%
872,Jay Merindo,"Alameda, CA",1054,2:24:31,11:02,M 30-34/81,M-30,496,2:25:47,40.98%
873,Maria Carmen Alegria,"Richmond, CA",312,2:24:31,11:02,F 25-29/84,F-29,377,2:29:18,45.56%
874,Laura Meller,"Merced, CA",202,2:24:40,11:03,F 20-24/36,F-20,378,2:27:44,45.54%
875,Amy Andresco,"San Francisco, CA",330,2:24:41,11:03,F 35-39/69,F-39,379,2:32:32,47.11%
876,Joseph Curran,"Berkeley, CA",528,2:24:47,11:03,M 45-49/47,M-49,497,2:25:41,45.86%
877,Jay Hall,"San Carlos, CA",758,2:24:50,11:03,M 45-49/48,M-47,498,2:27:19,45.08%
878,Aimee Johns,"San Ramon, CA",850,2:24:54,11:04,F NoAge/0,F-0,380,2:25:20, 0.00%
879,Elizabeth Goff,"American Canyon, CA",717,2:24:59,11:04,F 45-49/22,F-46,381,2:26:00,50.32%
880,D'Andre Alvin Lopez,"Newark, CA",978,2:25:03,11:04,M NoAge/0,M-0,499,2:29:21, 0.00%
881,Robert Berbena,"Modesto, CA",103,2:25:03,11:04,M 45-49/49,M-48,500,2:32:00,45.39%
882,Darius Libre,"San Francisco, CA",967,2:25:10,11:05,M 45-49/50,M-45,501,2:34:29,44.24%
883,Donna Palmer,"Burlingame, CA",222,2:25:11,11:05,F 40-44/50,F-44,382,2:25:39,49.09%
884,Daniel Esposo,"San Jose, CA",619,2:25:14,11:05,M NoAge/0,M-0,502,2:25:26, 0.00%
885,Adriana Armas,"South San Francisco, CA",339,2:25:16,11:05,F 25-29/85,F-29,383,2:35:57,45.32%
886,Paul Cruz,"San Mateo, CA",525,2:25:16,11:05,M 25-29/94,M-28,503,2:35:57,40.77%
887,Pamela Madigan,"San Francisco, CA",996,2:25:17,11:05,F 40-44/51,F-41,384,2:26:04,47.64%
888,Robert Asscherick,"Sausalito, CA",1653,2:25:21,11:06,M 30-34/82,M-34,504,2:32:28,40.91%
889,Ashwin Bhargava,"Santa Barbara, CA",76,2:25:21,11:06,M 25-29/95,M-25,505,2:29:22,40.75%
890,Andrea Hensler,"Gilroy, CA",781,2:25:27,11:06,F 40-44/52,F-43,385,2:25:42,48.48%
891,Jason Kohn,"Concord, CA",77,2:25:30,11:06,M 25-29/96,M-25,506,2:29:22,40.70%
892,Walter Lee,"San Francisco, CA",952,2:25:31,11:06,M 60-64/5,M-64,507,2:25:51,52.26%
893,Audrey Fong,"Sacramento, CA",649,2:25:38,11:07,F 25-29/86,F-28,386,2:31:55,45.21%
894,Johanna Kecskes,"Larkspur, CA",871,2:25:40,11:07,F 35-39/70,F-39,387,2:27:03,46.79%
895,Jennifer Fisk,"Liberty Lake, WA",641,2:25:41,11:07,F 40-44/53,F-44,388,2:27:03,48.92%
896,Kim Baldwin,"Anchorage, AK",361,2:25:51,11:08,F 45-49/23,F-45,389,2:27:44,49.43%
897,Libby Cartwright,"San Francisco, CA",115,2:25:52,11:08,F 45-49/24,F-45,390,2:27:27,49.42%
898,Robert Hood,"San Francisco, CA",806,2:25:52,11:08,M NoAge/0,M-0,508,2:26:14, 0.00%
899,Mike Ihbe,"San Francisco, CA",830,2:25:59,11:09,M 20-24/29,M-23,509,2:32:29,40.57%
900,Kevin Hansen,"Fresno, CA",765,2:26:05,11:09,M 25-29/97,M-26,510,2:29:26,40.54%
