Bib,Name,Gender,Age,Hometown,Overall,Men,M 12-12,Finish,Chip Time,Gun Time
1274,Steven Fahy,M,12,"Carlsbad, CA",1 out of 135,1 out of 65,1 out of 59,5:20 Pace: 5:20,5:20,5:20
4851,Victor Tamayo,M,12,"Oceanside, CA",2 out of 135,2 out of 65,2 out of 59,5:24 Pace: 5:24,5:24,5:24
1516,Andie Ledesma,F,12,"Chula Vista, CA",5 out of 135,2 out of 70,2 out of 64,5:35 Pace: 5:35,5:35,5:35
1461,Brandon Kay,M,12,"San Diego, CA",13 out of 135,9 out of 65,9 out of 59,6:01 Pace: 6:01,6:01,6:01
2423,Noah Jones-Ross,M,12,"Chula Vista, CA",15 out of 135,10 out of 65,10 out of 59,6:02 Pace: 6:02,6:02,6:02
1028,Wes Bergevin,M,12,"Carlsbad, CA",16 out of 135,11 out of 65,11 out of 59,6:04 Pace: 6:04,6:04,6:04
1661,Akinari Ohashi,M,12,"Carlsbad, CA",26 out of 135,15 out of 65,15 out of 59,6:17 Pace: 6:17,6:17,6:17
4661,Jonathan Valladon,M,12,"La Jolla, CA",27 out of 135,16 out of 65,16 out of 59,6:18 Pace: 6:18,6:18,6:18
1977,Savannah Adkins,F,12,"Carlsbad, CA",30 out of 135,13 out of 70,13 out of 64,6:22 Pace: 6:22,6:22,6:22
2032,Brenton Bender,M,12,"Carlsbad, CA",34 out of 135,20 out of 65,19 out of 59,6:26 Pace: 6:26,6:26,6:26
1622,Vincent Mui,M,12,"Vista, CA",37 out of 135,22 out of 65,21 out of 59,6:29 Pace: 6:29,6:29,6:29
4670,Jack Martin,M,12,"San Diego, CA",38 out of 135,23 out of 65,22 out of 59,6:32 Pace: 6:32,6:32,6:32
2211,Conner Dyte,M,11,"San Diego, CA",42 out of 135,26 out of 65,1 out of 4,6:44 Pace: 6:44,6:44,6:44
4719,Zachary Martinez,M,12,"Oceanside, CA",43 out of 135,27 out of 65,25 out of 59,6:44 Pace: 6:44,6:44,6:44
4856,Ashley Engelman,F,12,"San Diego, CA",45 out of 135,17 out of 70,17 out of 64,6:47 Pace: 6:47,6:47,6:47
1089,Eddie Camacho,M,12,"Oceanside, CA",46 out of 135,29 out of 65,27 out of 59,6:49 Pace: 6:49,6:49,6:49
2220,Landen Enns,M,12,"Vista, CA",49 out of 135,31 out of 65,29 out of 59,6:54 Pace: 6:54,6:54,6:54
1990,Sarah Allen-Baines,F,12,"Carlsbad, CA",50 out of 135,19 out of 70,18 out of 64,6:57 Pace: 6:57,6:57,6:57
2123,Aly Chalmers,F,12,"Murrieta, CA",54 out of 135,20 out of 70,19 out of 64,7:05 Pace: 7:05,7:05,7:05
1162,Amy Cordova,F,12,"Encinitas, CA",57 out of 135,22 out of 70,21 out of 64,7:06 Pace: 7:06,7:06,7:06
1264,Garrett Ertz,M,12,"San Marcos, CA",58 out of 135,36 out of 65,34 out of 59,7:08 Pace: 7:08,7:08,7:08
1148,Naomi Coleman,F,12,"San Marcos, CA",67 out of 135,28 out of 70,26 out of 64,7:19 Pace: 7:19,7:19,7:19
1752,Jeffrey Ricketts,M,13,"Oceanside, CA",72 out of 135,43 out of 65,2 out of 2,7:29 Pace: 7:29,7:29,7:29
2736,Brianna Russell,F,12,"Carlsbad, CA",73 out of 135,30 out of 70,28 out of 64,7:32 Pace: 7:32,7:32,7:32
1801,Ben Schafer,M,12,"Carlsbad, CA",75 out of 135,44 out of 65,41 out of 59,7:35 Pace: 7:35,7:35,7:35
1281,Rebecca Fernando,F,12,"San Marcos, CA",79 out of 135,34 out of 70,32 out of 64,7:42 Pace: 7:42,7:42,7:42
2533,Tristen Mast,F,12,"Bonsall, CA",81 out of 135,36 out of 70,34 out of 64,7:53 Pace: 7:53,7:53,7:53
2673,Josh Proal,M,12,"Cardiff, CA",82 out of 135,46 out of 65,43 out of 59,7:53 Pace: 7:53,7:53,7:53
4518,Karleigh Cole,F,11,"San Marcos, CA",85 out of 135,39 out of 70,3 out of 6,8:00 Pace: 8:00,8:00,8:00
2681,Bryan Ramirez,M,11,"Escondido, CA",89 out of 135,49 out of 65,2 out of 4,8:02 Pace: 8:02,8:02,8:02
2180,Niko De La Fuente,M,12,"Carlsbad, CA",94 out of 135,51 out of 65,47 out of 59,8:07 Pace: 8:07,8:07,8:07
2011,Dilynn Bailey,F,12,"Carlsbad, CA",96 out of 135,44 out of 70,40 out of 64,8:08 Pace: 8:08,8:08,8:08
2149,Annabelle Cloutier,F,12,"Cardiff, CA",97 out of 135,45 out of 70,41 out of 64,8:10 Pace: 8:10,8:10,8:10
4353,Antonin Thuiliere,M,12,"San Marcos, CA",107 out of 135,55 out of 65,51 out of 59,9:02 Pace: 9:02,9:02,9:02
1937,Courtney Wendleton,F,12,"El Cajon, CA",115 out of 135,55 out of 70,51 out of 64,9:37 Pace: 9:37,9:37,9:37
4712,Adrianna Martinez,F,10,"Bakersfield, CA",124 out of 135,62 out of 70,5 out of 6,10:15 Pace: 10:15,10:15,10:15
2587,Krista Moore,F,12,"Vista, CA",128 out of 135,66 out of 70,60 out of 64,10:35 Pace: 10:35,10:35,10:35
5051,Rider Shapiro,M,12,"San Diego, CA",129 out of 135,63 out of 65,59 out of 59,10:52 Pace: 10:52,10:52,10:52
4450,Mikaela Wray,F,12,"Oceanside, CA",130 out of 135,67 out of 70,61 out of 64,11:02 Pace: 11:02,11:02,11:02
