Place,Name,Location,Bib,Net Time,Pace,Division/Place,Sex-Age,Sex-Place,Gun Time,Age Grade
1,Christian Cushing-Murray,"Santa Ana, CA",4250,14:55,4:48,M 40-44/1,M-41,1,14:55,92.28%
2,Alejandro Salvador,"Newport Beach, CA",10022,14:57,4:49,M 40-44/2,M-42,2,14:57,92.75%
3,Simon Gutierrez,"Alamosa, CO",8217,14:58,4:49,M 40-44/3,M-42,3,14:58,92.64%
4,Dennis Simonaitis,"Draper, UT",8570,15:06,4:52,M 45-49/1,M-46,4,15:06,94.70%
5,Andrew Duncan,"Washington, DC",10276,15:27,4:59,M 40-44/4,M-41,5,15:27,89.00%
6,Shaun Haley,"Tucson, AZ",7295,15:28,4:59,M 40-44/5,M-40,6,15:28,88.35%
7,Hector Dean,"Carlsbad, CA",4291,15:41,5:03,M 40-44/6,M-40,7,15:42,87.13%
8,Rob Arsenault,"Riverside, CA",10194,15:55,5:08,M 40-44/7,M-43,8,15:57,87.84%
9,Dan Arsenault,"Huntington Beach, CA",4646,16:13,5:14,M 45-49/2,M-46,9,16:13,88.17%
10,James Sheremeta,"La Jolla, CA",4941,16:15,5:14,M 45-49/3,M-45,10,16:15,87.37%
11,Scott Winnier,"San Diego, CA",8189,16:21,5:16,Unknown/154,M-1,11,16:21, 0.00%
12,Kevin McGinnis,"Ravensdale, WA",7890,16:35,5:21,M 40-44/8,M-44,12,16:35,84.91%
13,David Igancio Sanchez,"Oceanside, CA",6709,16:36,5:21,Unknown/155,M-24,13,16:39,77.79%
14,John Loftus,"Laguna Beach, CA",4120,16:40,5:22,M 50-54/1,M-51,14,16:40,89.29%
15,Danny Rosales,"Beaumont, CA",10124,16:41,5:23,M 40-44/9,M-41,15,16:41,82.50%
16,Trinidad Robles,"Placentia, CA",4868,16:41,5:23,M 45-49/4,M-46,16,16:43,85.70%
17,Miguel Magana,"N Hollywood, CA",10129,16:45,5:24,M 40-44/10,M-43,17,16:45,83.47%
18,Bryan Wallbank,"Chula Vista, CA",7765,16:46,5:24,M 40-44/11,M-40,18,16:46,81.49%
19,Alfonso Chavez,"Uajimalpa, DF",7766,16:47,5:25,M 40-44/12,M-40,19,16:47,81.41%
20,John Moss,"Los Angeles, CA",10117,16:51,5:26,M 40-44/13,M-40,20,16:51,81.09%
21,Matthew Armbruster,"Orange, CA",10278,16:52,5:26,M 45-49/5,M-45,21,16:52,84.17%
22,Gus Quinonez,"Seal Beach, CA",9303,16:52,5:26,M 40-44/14,M-43,22,16:52,82.89%
23,Fred Cowles,"Orange, CA",4095,16:52,5:26,M 45-49/6,M-46,23,16:52,84.77%
24,Nolan Shaheed,"Pasadena, CA",1280,16:56,5:27,M 55-59/1,M-59,24,16:56,93.99%
25,Brad Wobig,"Irvine, CA",10123,16:57,5:28,M 40-44/15,M-41,25,16:57,81.12%
26,Ian Leitch,"Goleta, CA",10041,17:05,5:30,M 45-49/7,M-45,26,17:05,83.11%
27,Jimmy Riccitello,"Tucson, AZ",9320,17:15,5:34,M 45-49/8,M-45,27,17:16,82.30%
28,Alexander Hetherington,"Oceanside, CA",7172,17:17,5:34,M 40-44/16,M-41,28,17:17,79.63%
29,Gregory Jones,"Irvine, CA",5509,17:18,5:35,Unknown/156,M-34,29,17:18,75.89%
30,Dale Campbell,"Huntington Beach, CA",4045,17:19,5:35,M 55-59/2,M-55,30,17:19,88.82%
31,Richard Paris,"Trabuco Canyon, CA",8605,17:26,5:37,M 45-49/9,M-45,31,17:26,81.44%
32,Chris Jaggers,"Yorba Linda, CA",10139,17:27,5:37,M 45-49/10,M-48,32,17:27,83.27%
33,Dave Parsel,"Costa Mesa, CA",10151,17:27,5:37,M 50-54/2,M-54,33,17:27,87.38%
34,Mike Schramm,"Las Vegas, NV",4789,17:27,5:37,M 40-44/17,M-40,34,17:28,78.30%
35,Mario Balcom,"Ramona, CA",9312,17:29,5:38,M 40-44/18,M-43,35,17:29,79.96%
36,John Araujo,"Placentia, CA",9205,17:30,5:38,M 50-54/3,M-51,36,17:30,85.03%
37,Ramiro Santos,"San Marcos, CA",283,17:31,5:38,Unknown/157,M-24,37,17:31,73.71%
38,Doug Bell,"Greeley, CO",9310,17:32,5:39,M 55-59/3,M-58,38,17:32,90.01%
39,Marty Ellison,"Oceanside, CA",7601,17:35,5:40,M 50-54/4,M-54,39,17:35,86.72%
40,Gerard Reski,"Oceanside, CA",7695,17:36,5:40,M 45-49/11,M-45,40,17:36,80.66%
41,David Schiller,"Irvine, CA",7487,17:38,5:41,M 45-49/12,M-47,41,17:40,81.74%
42,Wayne Chick,"Los Lunas, NM",1793,17:39,5:41,M 55-59/4,M-56,42,17:40,87.90%
43,Sebastian Lopez,"South Gate, CA",9023,17:43,5:43,M 45-49/13,M-46,43,17:45,80.70%
44,Nick Spicuzza,"Lakeside, CA",101,17:51,5:45,Unknown/158,M-37,44,17:52,74.86%
45,Cort Ensign,"Newport Beach, CA",1780,17:51,5:45,M 45-49/14,M-46,45,17:51,80.09%
46,Michael Cahill,"Salt Lake City, UT",7973,17:51,5:45,M 45-49/15,M-48,46,17:51,81.40%
47,Jonathan Geller,"Salinas, CA",1703,17:53,5:46,M 50-54/5,M-50,47,17:54,82.56%
48,Stephen Gartsize,"Evergreen, CO",8458,17:55,5:46,M 50-54/6,M-53,48,17:55,84.45%
49,Eddie Goldberg,"San Diego, CA",4907,17:57,5:47,M 50-54/7,M-52,49,17:57,83.55%
50,Richard Milner,"Del Mar, CA",1478,17:57,5:47,M 45-49/16,M-46,50,17:58,79.65%
51,James Grace,"South Pasadena, CA",10125,17:58,5:47,M 40-44/19,M-41,51,18:00,76.60%
52,Perry Forrester,"Topanga, CA",1248,17:59,5:47,M 55-59/5,M-56,52,17:59,86.27%
53,Abel Flores,"Mexico, DF",237,17:59,5:48,Unknown/159,M-38,53,17:59,74.86%
54,Greg Houlgate,"Carlsbad, CA",7947,18:02,5:49,M 40-44/20,M-41,54,18:02,76.32%
55,Kevin Prochaska,"Valley Center, CA",1698,18:03,5:49,M 50-54/8,M-51,55,18:03,82.44%
56,Richard Walker,"Las Vegas, NV",10280,18:07,5:50,M 55-59/6,M-55,56,18:07,84.90%
57,Phil Gabriel,"San Diego, CA",9206,18:12,5:52,M 50-54/9,M-53,57,18:15,83.13%
58,Craig Harmon,"Escondido, CA",8626,18:13,5:52,M 45-49/17,M-47,58,18:19,79.12%
59,Angelo Decollibus,"Orange, CA",7088,18:14,5:52,M 50-54/10,M-51,59,18:14,81.61%
60,Ron Wells,"Alpine, CA",4259,18:15,5:53,M 60-64/1,M-62,60,18:15,89.49%
61,Robert Martin,"San Diego, CA",1051,18:15,5:53,M 40-44/21,M-42,61,18:15,75.96%
62,Mark Cleary,"Rancho Santa Margarita, CA",7817,18:15,5:53,M 50-54/11,M-50,62,18:15,80.82%
63,Michael Gray,"Phoenix, AZ",7359,18:17,5:53,M 40-44/22,M-44,63,18:18,77.01%
64,Mike Plumb,"Carlsbad, CA",4482,18:19,5:54,M 45-49/18,M-48,64,18:19,79.33%
65,Patrick Gaughan,"Rivervale, NJ",1655,18:20,5:54,M 55-59/7,M-55,65,18:21,83.89%
66,Jeffrey Rhodes,"Anaheim, CA",1771,18:20,5:54,M 40-44/23,M-42,66,18:24,75.61%
67,Manuel Ramirez,"Spring Valley, CA",4700,18:20,5:55,M 40-44/24,M-44,67,18:21,76.80%
68,Nathanael Singer,"Laguna Beach, CA",7160,18:24,5:56,M 40-44/25,M-44,68,18:29,76.52%
69,Thomas McKeown,"Orange, CA",10279,18:25,5:56,M 50-54/12,M-54,69,18:25,82.79%
70,Matias Murillo,"Calexico, CA",9000,18:25,5:56,M 50-54/13,M-50,70,18:25,80.16%
71,Salvador Ponce,"Lynwood, CA",1865,18:25,5:56,M 40-44/26,M-44,71,18:26,76.45%
72,Eric Miller,"San Diego, CA",7767,18:25,5:56,M 40-44/27,M-40,72,18:28,74.18%
73,Vincent Lowder,"Tustin, CA",1702,18:26,5:56,M 40-44/28,M-42,73,18:28,75.20%
74,Tim Swietlik,"Vancouver, WA",4114,18:26,5:56,M 50-54/14,M-50,74,18:29,80.09%
75,Tonson Tong,"Newport Beach, CA",1305,18:27,5:57,M 40-44/29,M-42,75,18:29,75.14%
76,Richard Hoefle,"Phelan, CA",7805,18:28,5:57,M 45-49/19,M-45,76,18:31,76.87%
77,Jared Marshall,"Los Angeles, CA",174,18:28,5:57,Unknown/160,M-23,77,18:33,69.92%
78,Peter Julianov,"Lafayette, CO",8211,18:30,5:58,M 40-44/30,M-42,78,18:33,74.93%
79,David Kunselman,"Heber City, UT",10277,18:30,5:58,M 40-44/31,M-42,79,18:30,74.93%
80,Patrick Burke,"San Diego, CA",214,18:32,5:58,Unknown/161,M-33,80,18:32,70.48%
81,Mark Ford,"CARLSBAD, CA",9302,18:32,5:58,M 45-49/20,M-47,81,18:35,77.77%
82,Walthon Maxwell,"Pembroke Pines, FL",7362,18:33,5:58,M 45-49/21,M-47,82,18:33,77.70%
83,Herve Pastre,"Springville, CA",10093,18:33,5:59,M 60-64/2,M-62,83,18:34,88.04%
84,William Sanders,"Corona, CA",10014,18:33,5:59,M 40-44/32,M-41,84,18:35,74.19%
85,Nabor Gomez,"Lakewood, CA",7988,18:34,5:59,M 55-59/8,M-56,85,18:34,83.56%
86,Bruce Deeter,"Bakersfield, CA",1085,18:34,5:59,M 50-54/15,M-53,86,18:34,81.49%
87,Stacy Ross,"Las Vegas, NV",1343,18:35,5:59,M 45-49/22,M-48,87,18:39,78.19%
88,Herb Phillips,"Burnaby, BC",1420,18:37,6:00,M 65-69/1,M-68,88,18:37,92.74%
89,Rance Myers,"Phoenix, AZ",259,18:37,6:00,M 40-44/33,M-44,89,18:38,75.63%
90,Andrew Benavidez,"Riverside, CA",4804,18:37,6:00,M 50-54/16,M-52,90,18:41,80.56%
91,Rob Erlich,"Marina, CA",1676,18:40,6:01,M 45-49/23,M-48,91,18:41,77.84%
92,Kyle Billings,"Carlsbad, CA",1336,18:40,6:01,M 45-49/24,M-45,92,18:41,76.05%
93,Dwight Cornwell,"Fort Collins, CO",1752,18:42,6:01,M 60-64/3,M-62,93,18:42,87.33%
94,Paul Bullock,"Spring Valley, CA",1428,18:42,6:02,M 40-44/34,M-40,94,18:44,73.06%
95,Rick Jones,"Escondido, CA",8471,18:48,6:03,M 40-44/35,M-42,95,18:50,73.74%
96,Bob O'Toole,"Carlsbad, CA",7697,18:48,6:04,M 45-49/25,M-45,96,18:52,75.51%
97,Jeff Carter,"Laguna Hills, CA",4099,18:52,6:05,M 45-49/26,M-47,97,18:53,76.39%
98,John Heisner,"Oceanside, CA",4691,18:52,6:05,M 40-44/36,M-43,98,18:56,74.09%
99,Derek Baggerly,"Encinitas, CA",4248,18:52,6:05,M 40-44/37,M-40,99,18:53,72.41%
100,Masun Denison,"Oceanside, CA",6751,18:53,6:05,Unknown/162,M-28,100,18:53,68.37%
101,Kevin Kragen,"San Diego, CA",4352,18:53,6:05,M 45-49/27,M-48,101,18:56,76.94%
102,Pope Carroll,"Oceanside, CA",10154,18:55,6:06,M 50-54/17,M-54,102,18:56,80.60%
103,Bryan Porter,"Las Vegas, NV",7961,18:59,6:07,M 45-49/28,M-46,103,18:59,75.31%
104,Glen Freter,"San Diego, CA",4916,18:59,6:07,M 45-49/29,M-46,104,19:03,75.31%
105,Michael Dove,"Salinas, CA",1631,18:59,6:07,M 60-64/4,M-62,105,19:00,86.03%
106,Barry Nisly,"San Diego, CA",2074,19:01,6:07,Unknown/163,M-39,106,19:03,71.32%
107,Steve Rischling,"Colorado Springs, CO",4197,19:02,6:08,M 50-54/18,M-50,107,19:05,77.56%
108,David Park,"San Bernardino, CA",9007,19:06,6:09,M 60-64/5,M-63,108,19:08,86.29%
109,Dennis Bourland,"Imperial, CA",2043,19:07,6:10,Unknown/164,M-39,109,19:13,70.94%
110,John Martens,"San Dimas, CA",7164,19:09,6:10,M 50-54/19,M-50,110,19:14,77.09%
111,Jim McFarland,"Valley Center, CA",1872,19:09,6:10,M 45-49/30,M-48,111,19:10,75.87%
112,Randall Gregson,"San Diego, CA",4934,19:10,6:11,M 45-49/31,M-46,112,19:20,74.59%
113,Donald Pratt,"San Diego, CA",277,19:10,6:11,Unknown/165,M-25,113,19:13,67.36%
114,Bob Rosemeyer,"Carlsbad, CA",1823,19:10,6:11,M 50-54/20,M-54,114,19:12,79.55%
115,Larry Roberts,"San Diego, CA",4642,19:13,6:11,M 45-49/32,M-45,115,19:15,73.87%
116,Alfie Cronin,"Decatur, GA",7128,19:13,6:11,M 50-54/21,M-53,116,19:14,78.73%
117,Hugo Velazquez,"Hawthorne, CA",4613,19:15,6:12,M 55-59/9,M-58,117,19:18,81.98%
118,Brian Hile,"San Diego, CA",1352,19:17,6:13,M 45-49/33,M-48,118,19:17,75.35%
119,Daryl Dyte,"San Diego, CA",8198,19:17,6:13,M 45-49/34,M-47,119,19:17,74.74%
120,Ken Jones,"Austin, TX",4858,19:18,6:13,M 40-44/38,M-42,120,19:20,71.82%
121,Stephen Burch,"El Cajon, CA",7416,19:18,6:13,M 50-54/22,M-51,121,19:19,77.10%
122,Sean Breadmore,"San Diego, CA",10207,19:18,6:13,M 45-49/35,M-45,122,19:24,73.55%
123,Richard Ling,"Steilacoom, WA",4187,19:19,6:13,M 40-44/39,M-44,123,19:19,72.88%
124,Erich Koller,"Carlsbad, CA",1117,19:20,6:14,M 45-49/36,M-45,124,19:23,73.43%
125,Roger Saenz,"Cardiff, CA",7804,19:21,6:14,M 45-49/37,M-45,125,19:23,73.36%
126,Antonio Andrade,"Compton, CA",9314,19:21,6:14,M 50-54/23,M-51,126,19:23,76.90%
127,Robert Haugen,"Rosamond, CA",7786,19:23,6:15,M 50-54/24,M-53,127,19:24,78.06%
128,Robert Bowen,"San Marcos, CA",1164,19:24,6:15,M 55-59/10,M-55,128,19:32,79.28%
129,Doug Hanson,"Solana Beach, CA",222,19:24,6:15,Unknown/166,M-32,129,19:30,67.07%
130,Jeffrey Schmidt,"Solana Beach, CA",4115,19:26,6:16,M 50-54/25,M-50,130,19:28,75.97%
131,Antonio Melchor,"Chula Vista, CA",4348,19:27,6:16,M 45-49/38,M-47,131,19:28,74.10%
132,Michael Friedl,"Laguna Hills, CA",4795,19:27,6:16,M 45-49/39,M-45,132,19:29,72.98%
133,Todd Davis,"San Marcos, CA",1116,19:27,6:16,M 40-44/40,M-42,133,19:28,71.27%
134,Steve Jennings,"Tulsa, OK",8320,19:28,6:16,M 50-54/26,M-53,134,19:28,77.72%
135,Fred Lindsley,"Grand Terrace, CA",4763,19:28,6:16,M 60-64/6,M-63,135,19:29,84.66%
136,John La Claire,"Austin, TX",1797,19:29,6:16,M 55-59/11,M-57,136,19:31,80.31%
137,Rodrigo Casas,"Downey, CA",4204,19:29,6:17,M 45-49/40,M-49,137,19:30,75.17%
138,Wr Sintek,"Carlsbad, CA",1157,19:30,6:17,M 50-54/27,M-51,138,19:34,76.30%
139,Terry Milner,"Temecula, CA",1429,19:30,6:17,M 40-44/41,M-41,139,19:34,70.57%
140,Larry Indiviglia,"SAN DIEGO, CA",9203,19:31,6:17,M 50-54/28,M-53,140,19:35,77.52%
141,Marty Garcia,"Fallbrook, CA",4651,19:31,6:17,M 45-49/41,M-47,141,19:40,73.85%
142,Karl Kappenman,"San Marcos, CA",7583,19:32,6:17,M 45-49/42,M-47,142,19:34,73.78%
143,Tom Siekmann,"Carlsbad, CA",4665,19:33,6:18,M 50-54/29,M-54,143,19:35,77.99%
144,Bill Reimus,"San Diego, CA",10051,19:34,6:18,M 45-49/43,M-45,144,19:35,72.49%
145,Alejandro Nunez,"Montebello, CA",1618,19:35,6:18,M 40-44/42,M-41,145,19:39,70.27%
146,Chris Schuette,"Los Angeles, CA",4919,19:36,6:19,M 50-54/30,M-50,146,19:45,75.32%
147,Rick Wood,"Mammoth Lakes, CA",7316,19:37,6:19,M 55-59/12,M-57,147,19:40,79.76%
148,Keizo Amakawa Sr,"Encinitas, CA",7783,19:38,6:19,M 45-49/44,M-49,148,19:40,74.60%
149,Alan White,"Vista, CA",1895,19:39,6:20,M 55-59/13,M-59,149,19:41,80.98%
150,Don Walker,"San Diego, CA",9507,19:39,6:20,M 40-44/43,M-42,150,19:41,70.54%
151,Steve Marshall,"Seaside, CA",142,19:40,6:20,M 55-59/14,M-55,151,19:40,78.20%
152,Burt Repine,"San Diego, CA",7099,19:41,6:20,M 40-44/44,M-40,152,19:47,69.41%
153,Ken Atterholt,"Irvine, CA",1218,19:43,6:21,M 45-49/45,M-49,153,19:43,74.28%
154,Bobby Hedrick,"San Diego, CA",1122,19:44,6:21,M 50-54/31,M-54,154,19:44,77.26%
155,Rod Greek,"Encinitas, CA",7585,19:44,6:21,M 45-49/46,M-48,155,19:49,73.63%
156,Ken Wong,"Encinitas, CA",9204,19:46,6:22,M 40-44/45,M-44,156,19:51,71.22%
157,John Combs,"Palos Verdes Estates, CA",1936,19:46,6:22,M 60-64/7,M-61,157,19:46,81.94%
158,Dave Fier,"Newport Beach, CA",10142,19:46,6:22,M 45-49/47,M-49,158,19:47,74.09%
159,Terry Savage,"Jamul, CA",1562,19:46,6:22,M 50-54/32,M-51,159,19:46,75.21%
160,Hal Kyles,"Lafayette, CO",1957,19:47,6:22,M 45-49/48,M-48,160,19:50,73.44%
161,Nick Stong,"Oceanside, CA",6170,19:48,6:23,Unknown/167,M-24,161,20:15,65.21%
162,Eung Kim,"San Diego, CA",8367,19:50,6:23,M 40-44/46,M-41,162,19:59,69.39%
163,Andy Thacher,"San Diego, CA",7408,19:50,6:23,M 45-49/49,M-46,163,19:51,72.08%
164,Stephen Fixter,"San Diego, CA",7744,19:51,6:24,M 50-54/33,M-50,164,19:56,74.37%
165,Brian Beus,"San Marcos, CA",5956,19:52,6:24,Unknown/168,M-39,165,19:58,68.26%
166,Carlos Galdamez,"Huntington Park, CA",1860,19:53,6:24,M 40-44/47,M-41,166,19:53,69.21%
167,David James,"Manhattan Beach, CA",7162,19:54,6:25,M 45-49/50,M-46,167,19:59,71.84%
168,Sue Davis,"Huntington Beach, CA",4708,19:54,6:25,Unknown/1,F-46,1,20:15,81.07%
169,Robert Brady,"San Diego, CA",1451,19:55,6:25,M 55-59/15,M-57,168,19:55,78.56%
170,William Ryan,"San Diego, CA",6096,19:56,6:25,Unknown/169,M-18,169,20:06,66.95%
171,Martin Entwistle,"Pasadena, CA",1824,19:57,6:26,M 50-54/34,M-54,170,20:00,76.42%
172,James Short,"La Jolla, CA",4512,19:58,6:26,M 40-44/48,M-40,171,20:04,68.42%
173,Mauro Garcia,"Carlsbad, CA",7411,19:59,6:26,M 45-49/51,M-48,172,20:01,72.70%
174,Dan Trimble,"Killeen, TX",4774,19:59,6:26,M 40-44/49,M-41,173,20:02,68.86%
175,Steinar Johansen,"Palm Springs, CA",1148,20:00,6:27,M 45-49/52,M-45,174,20:02,70.98%
176,John Hunter,"Cypress, CA",4492,20:00,6:27,M 50-54/35,M-52,175,20:07,74.98%
177,Doug Chan,"La Habra, CA",4794,20:01,6:27,M 40-44/50,M-44,176,20:01,70.33%
178,Kevin Kong,"Irvine, CA",7177,20:02,6:27,M 45-49/53,M-46,177,20:04,71.36%
179,Thomas Berge,"San Diego, CA",1020,20:02,6:27,M 45-49/54,M-45,178,20:06,70.86%
180,Lupe Garcia,"Oceanside, CA",4981,20:04,6:28,M 45-49/55,M-46,179,20:11,71.24%
181,Paul Baumhoefner,"San Diego, CA",1448,20:04,6:28,M 55-59/16,M-56,180,20:07,77.31%
182,Rich Castro,"Boulder, CO",7113,20:04,6:28,M 60-64/8,M-61,181,20:06,80.71%
183,Stacey Roberts,"Encinitas, CA",118,20:04,6:28,Unknown/2,F-39,2,20:14,75.98%
184,Al Kirsininkas,"Danville, CA",7586,20:07,6:29,M 45-49/56,M-49,182,20:08,72.80%
185,Daniel Burton,"Greeley, CO",4800,20:07,6:29,M 45-49/57,M-49,183,20:08,72.80%
186,William Sumner,"Huntington Beach, CA",4670,20:12,6:30,M 60-64/9,M-61,184,20:12,80.18%
187,Luke Miracco,"Carlsbad, CA",7726,20:12,6:30,M 40-44/51,M-42,185,20:12,68.62%
188,Hector Lemus,"La Mesa, CA",147,20:12,6:30,Unknown/170,M-34,186,20:15,64.99%
189,Don Waggett,"Carlsbad, CA",4947,20:13,6:31,M 60-64/10,M-60,187,20:13,79.37%
190,Reid Harter,"Boise, ID",1970,20:13,6:31,M 55-59/17,M-58,188,20:16,78.05%
191,Russ Osborn,"Carlsbad, CA",7126,20:14,6:31,M 45-49/58,M-49,189,20:17,72.38%
192,Steven Smith,"Carlsbad, CA",8567,20:14,6:31,M 40-44/52,M-44,190,20:18,69.58%
193,Anthony Cava,"Bellingham, WA",1820,20:15,6:31,M 45-49/59,M-49,191,20:23,72.32%
194,Joe Dowling,"San Diego, CA",7467,20:17,6:32,M 50-54/36,M-51,192,20:18,73.36%
195,Harold Mangum,"San Diego, CA",10137,20:17,6:32,M 45-49/60,M-47,193,20:23,71.05%
196,Fred Menezes,"Monterey, CA",1826,20:17,6:32,M 55-59/18,M-57,194,20:17,77.14%
197,John Naslund,"Bloomington, MN",1653,20:17,6:32,M 55-59/19,M-58,195,20:19,77.80%
198,Ryan Smith,"Santa Monica, CA",3721,20:18,6:32,Unknown/171,M-27,196,20:32,63.60%
199,David Mello,"San Diego, CA",7437,20:18,6:32,M 40-44/53,M-42,197,20:23,68.28%
200,Scott Woodward,"Encinitas, CA",7899,20:18,6:32,M 45-49/61,M-49,198,20:21,72.14%
201,Tom Lemire,"Boulder, CO",10002,20:18,6:32,M 65-69/2,M-65,199,20:21,82.66%
202,Jeff Williams,"Carlsbad, CA",1000,20:20,6:33,M 40-44/54,M-40,200,20:21,67.19%
203,Efa Wang,"Yorba Linda, CA",1411,20:20,6:33,M 55-59/20,M-58,201,20:26,77.60%
204,Jake Casey,"Alpine, CA",3398,20:20,6:33,Unknown/172,M-12,202,20:26,73.17%
205,Andre Allen,"San Marcos, CA",4595,20:20,6:33,M 45-49/62,M-47,203,20:37,70.88%
206,Dave Stephens,"Carlsbad, CA",1048,20:21,6:33,M 40-44/55,M-40,204,20:36,67.13%
207,Jeff Graves,"San Diego, CA",252,20:21,6:33,M 45-49/63,M-46,205,20:22,70.19%
208,Kirk Friedman,"San Diego, CA",4703,20:22,6:34,M 45-49/64,M-45,206,20:27,69.70%
209,Andrew Kovacevic,"San Diego, CA",1775,20:22,6:34,M 40-44/56,M-43,207,20:23,68.63%
210,Allan Saadus,"San Marcos, CA",9201,20:23,6:34,M 45-49/65,M-47,208,20:29,70.70%
211,Paul Shanley,"Anaheim, CA",7451,20:23,6:34,M 50-54/37,M-50,209,20:25,72.42%
212,Donald Johnson,"Shipley, ",1646,20:24,6:34,M 55-59/21,M-56,210,20:26,76.04%
213,Pariss Saedinia,"Fontana, CA",1090,20:25,6:35,M 55-59/22,M-57,211,20:25,76.63%
214,Edward Arenberg,"Redondo Beach, CA",137,20:26,6:35,M 45-49/66,M-45,212,20:29,69.47%
215,Glenn Garbeil,"Carlsbad, CA",1241,20:27,6:35,M 45-49/67,M-46,213,20:29,69.90%
216,John Kelsch,"Vista, CA",184,20:27,6:35,Unknown/173,M-38,214,20:43,65.82%
217,Fred Bartlett,"Long Beach, CA",1284,20:27,6:35,M 55-59/23,M-59,215,20:30,77.81%
218,Steven Barros,"San Diego, CA",1877,20:28,6:36,M 50-54/38,M-51,216,20:31,72.70%
219,Barry Sheehan,"Big Bear Lake, CA",4798,20:30,6:36,M 45-49/68,M-48,217,20:32,70.87%
220,William Nelson,"Oceanside, CA",1651,20:30,6:36,M 50-54/39,M-54,218,20:34,74.37%
221,Dave Albo,"Boulder, CO",10149,20:31,6:36,M 50-54/40,M-52,219,20:34,73.09%
222,Mike Owl,"Carlsbad, CA",8457,20:31,6:36,M 40-44/57,M-42,220,20:44,67.56%
223,Brent Hurst,"Carlsbad, CA",7764,20:31,6:37,M 40-44/58,M-40,221,20:33,66.59%
224,Peter Jenkins,"Hamilton, ON",7907,20:33,6:37,M 55-59/24,M-55,222,20:34,74.84%
225,Louis Maletz,"Poway, CA",10252,20:33,6:37,M 50-54/41,M-53,223,20:33,73.62%
226,Bob Morris,"Laguna Niguel, CA",4140,20:34,6:37,M 55-59/25,M-56,224,20:35,75.43%
227,Joe Nunez,"Carlsbad, CA",1862,20:35,6:38,M 40-44/59,M-43,225,20:44,67.91%
228,Cesar Garcia,"Santee, CA",7119,20:35,6:38,M 40-44/60,M-42,226,20:37,67.34%
229,Mike Gootgeld,"San Marcos, CA",7195,20:36,6:38,M 45-49/69,M-45,227,20:39,68.91%
230,Mike Neue,"Irvine, CA",4292,20:36,6:38,M 40-44/61,M-40,228,20:43,66.32%
231,Quang Pham,"Mission Viejo, CA",7510,20:37,6:38,M 40-44/62,M-44,229,20:38,68.28%
232,Gary Janisch,"San Marcos, CA",246,20:37,6:39,M 50-54/42,M-51,230,20:42,72.17%
233,Kevin Macdonnell,"Irvine, CA",7376,20:37,6:39,M 45-49/70,M-49,231,20:39,71.04%
234,Joe Crosswhite,"Fallbrook, CA",7414,20:39,6:39,M 50-54/43,M-51,232,20:41,72.05%
235,Ric Parinas,"San Diego, CA",4829,20:39,6:39,M 40-44/63,M-44,233,20:47,68.17%
236,Blaine Smith,"Escondido, CA",1807,20:39,6:39,M 40-44/64,M-43,234,20:45,67.69%
237,Norris Taylor,"Tucson, AZ",7337,20:40,6:39,M 65-69/3,M-66,235,20:40,82.00%
238,Anthony Saxon,"Whittier, CA",4515,20:41,6:40,M 40-44/65,M-40,236,20:44,66.05%
239,Randy Levinson,"La Jolla, CA",7754,20:41,6:40,M 40-44/66,M-42,237,20:44,67.02%
240,Tony David,"Riverside, CA",1686,20:41,6:40,M 50-54/44,M-53,238,20:42,73.15%
241,Robert Beauchamp,"Carlsbad, CA",7334,20:42,6:40,M 50-54/45,M-54,239,20:46,73.65%
242,Karl Zimmer,"San Diego, CA",201,20:43,6:41,M 45-49/71,M-45,240,21:05,68.52%
243,Paul Palaszewski,"San Diego, CA",4327,20:44,6:41,M 45-49/72,M-46,241,20:45,68.95%
244,Joe Brady,"Chula Vista, CA",4899,20:45,6:41,M 40-44/67,M-40,242,20:46,65.84%
245,Zachary Menke,"Long Beach, CA",4586,20:46,6:41,M 40-44/68,M-44,243,20:59,67.79%
246,Tim Niegocki,"San Diego, CA",1819,20:46,6:41,M 40-44/69,M-42,244,20:54,66.75%
247,Carl Hess,"Scottsdale, AZ",1921,20:46,6:41,M 45-49/73,M-47,245,20:53,69.40%
248,Carlos Da Silva,"Whittier, CA",219,20:46,6:41,M 55-59/26,M-55,246,20:50,74.06%
249,Clyde Gordon,"San Diego, CA",10050,20:47,6:42,M 45-49/74,M-45,247,20:51,68.30%
250,Tom Cahill,"Ketchum, ID",7951,20:47,6:42,M 40-44/70,M-43,248,20:52,67.26%
251,Glenn Neal,"Poway, CA",1408,20:48,6:42,M 50-54/46,M-54,249,20:51,73.30%
252,Harold Riggs,"Oceanside, CA",1100,20:49,6:42,M 60-64/11,M-64,250,20:49,79.89%
253,Luis Benavides,"Encinitas, CA",1592,20:50,6:43,M 50-54/47,M-54,251,20:56,73.18%
254,Ken Brandon,"Lake Forest, CA",10126,20:51,6:43,M 40-44/71,M-42,252,20:51,66.48%
255,James Stansberry,"La Jolla, CA",7925,20:51,6:43,M 45-49/75,M-47,253,20:53,69.12%
256,Robert Harris,"Lake Forest, CA",4724,20:51,6:43,M 45-49/76,M-49,254,20:53,70.24%
257,Peter Christel,"San Diego, CA",4104,20:52,6:43,M 45-49/77,M-48,255,20:56,69.62%
258,Thom Weddle,"Minneapolis, MN",1110,20:55,6:44,M 70-74/1,M-70,256,20:56,84.37%
259,Darin Yeoman,"Escondido, CA",2481,20:55,6:44,Unknown/174,M-39,257,21:05,64.83%
260,Andy Cos-Y-Leon,"San Diego, CA",7546,20:55,6:44,M 50-54/48,M-52,258,21:02,71.69%
261,David Daer,"Tempe, AZ",127,20:56,6:45,M 40-44/72,M-43,259,20:57,66.77%
262,Nicolas Bartol,"Camp Pendleton, CA",253,20:56,6:45,Unknown/175,M-23,260,21:10,61.67%
263,Nick Morganti,"CARLSBAD, CA",9315,20:57,6:45,M 50-54/49,M-52,261,21:06,71.58%
264,Michael Connors,"San Clemente, CA",1217,20:57,6:45,M 40-44/73,M-41,262,21:01,65.68%
265,Dutch Ohoy,"Dana Point, CA",8483,20:58,6:45,M 70-74/2,M-70,263,21:01,84.17%
266,Joe Pfaffenberger,"Vista, CA",149,20:58,6:45,M 40-44/74,M-40,264,21:09,65.16%
267,Brian Nelson,"Lakewood, CA",10040,20:59,6:45,M 40-44/75,M-44,265,21:07,67.09%
268,Joe Saldana,"Vista, CA",3711,20:59,6:45,Unknown/176,M-20,266,21:11,62.16%
269,Andy McAviney,"Escondido, CA",4440,20:59,6:46,M 45-49/78,M-48,267,21:10,69.24%
270,Norm Smith,"Oceanside, CA",276,21:00,6:46,Unknown/177,M-36,268,21:15,63.22%
271,Noah Alpern,"San Diego, CA",261,21:00,6:46,Unknown/178,M-26,269,21:08,61.48%
272,Alex Stong,"Oceanside, CA",6163,21:00,6:46,Unknown/179,M-15,270,21:27,66.32%
273,Luke Faulstick,"Bonsall, CA",173,21:02,6:46,M 45-49/79,M-45,271,21:08,67.49%
274,Michael Thomas,"San Diego, CA",198,21:02,6:47,M 40-44/76,M-43,272,21:02,66.46%
275,Angel Vazquez,"Temecula, CA",1557,21:04,6:47,M 45-49/80,M-46,273,21:14,67.85%
276,Harvie Smith,"Oceanside, CA",1492,21:04,6:47,M 45-49/81,M-46,274,21:06,67.85%
277,Gary Burns,"Vista, CA",10030,21:05,6:48,M 40-44/77,M-44,275,21:17,66.77%
278,Patrick Kiernan,"Carlsbad, CA",4638,21:06,6:48,M 40-44/78,M-43,276,21:18,66.25%
279,Matthew Jones,"Oceanside, CA",7180,21:09,6:49,M 50-54/50,M-50,277,21:20,69.79%
280,David Uson,"San Diego, CA",247,21:10,6:49,Unknown/180,M-39,278,21:21,64.07%
281,Richard Buxton,"Jacksonville, FL",7332,21:10,6:49,M 50-54/51,M-50,279,21:18,69.74%
282,Dan Albosta,"Carlsbad, CA",1739,21:10,6:49,M 45-49/82,M-45,280,21:21,67.06%
283,Wes Lavender,"Carlsbad, CA",2659,21:11,6:49,Unknown/181,M-38,281,21:15,63.54%
284,Paul Townsley,"Flagstaff, AZ",10246,21:11,6:49,M 50-54/52,M-52,282,21:35,70.79%
285,Mikal McClung,"San Diego, CA",4416,21:11,6:50,M 50-54/53,M-50,283,21:27,69.63%
286,Habib Torfi,"Portola Hills, CA",10248,21:12,6:50,M 50-54/54,M-52,284,21:14,70.73%
287,Daniel McCue,"San Diego, CA",4881,21:12,6:50,M 55-59/27,M-57,285,21:12,73.80%
288,Raymond Wang,"San Diego, CA",1008,21:13,6:50,M 40-44/79,M-41,286,21:18,64.86%
289,Frank Banaga,"Chula Vista, CA",8412,21:13,6:50,M 40-44/80,M-40,287,21:19,64.39%
290,Russell Ham,"Quail Valley, CA",4283,21:15,6:51,M 40-44/81,M-40,288,21:25,64.29%
291,Jeff Gruning,"Temecula, CA",4834,21:15,6:51,M 45-49/83,M-46,289,21:29,67.27%
292,Chris Horton,"Carlsbad, CA",4128,21:16,6:51,M 50-54/55,M-53,290,21:31,71.14%
293,James Hovis,"Valley Center, CA",1938,21:16,6:51,M 60-64/12,M-63,291,21:21,77.49%
294,Rudy Garcia,"Gold Canyon, AZ",7929,21:16,6:51,M 50-54/56,M-53,292,21:18,71.14%
295,Mark Patterson,"Encinitas, CA",4210,21:16,6:51,M 55-59/28,M-56,293,21:21,72.94%
296,Jim Shanley,"Vista, CA",10215,21:17,6:51,M 45-49/84,M-46,294,21:19,67.16%
297,Brian Weintraub,"Pacific Palisades, CA",9009,21:18,6:52,M 50-54/57,M-52,295,21:18,70.40%
298,Wayne King,"Santa Monica, CA",9002,21:18,6:52,M 50-54/58,M-53,296,21:22,71.03%
299,Joe Hickey,"San Marcos, CA",1019,21:19,6:52,M 40-44/82,M-44,297,21:25,66.04%
300,Jeff Daer,"Scottsdale, AZ",1576,21:20,6:52,M 40-44/83,M-42,298,21:26,64.97%
601,Kenneth Owings,"Chula Vista, CA",7507,23:58,7:43,M 40-44/153,M-41,581,24:29,57.41%
602,Clay Gore,"Winchester, CA",3802,23:58,7:43,Unknown/215,M-18,582,25:02,55.67%
603,Gregory Leiser,"San Diego, CA",7089,23:59,7:43,M 50-54/104,M-52,583,24:23,62.52%
604,Frank Gialketsis,"Huntington Beach, CA",4935,23:59,7:43,M 50-54/105,M-50,584,24:03,61.54%
605,Richard Muscio,"San Diego, CA",4232,23:59,7:44,M 50-54/106,M-50,585,24:11,61.54%
606,Bernardo Carbajal,"San Diego, CA",1647,24:00,7:44,M 50-54/107,M-52,586,24:18,62.47%
607,Shelby Backman,"Encinitas, CA",6202,24:00,7:44,Unknown/21,F-18,21,24:01,62.40%
608,Bill Gage,"Carlsbad, CA",9321,24:00,7:44,M 40-44/154,M-40,587,24:12,56.91%
609,Tom Kampfer,"San Diego, CA",7638,24:00,7:44,M 45-49/162,M-45,588,24:16,59.14%
610,Michael Bey,"San Diego, CA",110,24:01,7:44,M 40-44/155,M-41,589,24:36,57.29%
611,Jeffrey Cobb,"Oceanside, CA",4129,24:01,7:44,M 50-54/108,M-53,590,24:20,62.99%
612,Tim Girvin,"San Diego, CA",6935,24:02,7:44,Unknown/216,M-29,591,24:45,53.78%
613,Jeffrey Ridgway,"San Diego, CA",7928,24:02,7:45,M 50-54/109,M-52,592,24:25,62.39%
614,Mike Wilson,"Carlsbad, CA",1439,24:03,7:45,M 45-49/163,M-47,593,24:36,59.92%
615,Chris Carter,"SANTA MONICA, CA",9515,24:03,7:45,M 50-54/110,M-52,594,24:22,62.34%
616,Robert Aragon,"Reseda, CA",8602,24:03,7:45,M 40-44/156,M-40,595,24:08,56.80%
617,Mark Wilson,"Oceanside, CA",4942,24:04,7:45,M 45-49/164,M-48,596,24:33,60.36%
618,Richard Summers,"San Diego, CA",4617,24:04,7:45,M 60-64/36,M-62,597,24:12,67.84%
619,Robert Mignosa,"Huntington Beach, CA",4149,24:04,7:45,M 55-59/57,M-59,598,24:06,66.11%
620,Jim Crowfoot,"Carpinteria, CA",9003,24:04,7:45,M 50-54/111,M-50,599,24:12,61.33%
621,David Nelson,"Vista, CA",4667,24:05,7:46,M 55-59/58,M-55,600,24:11,63.85%
622,Charles Howell,"Carlsbad, CA",4499,24:05,7:46,M 55-59/59,M-56,601,24:20,64.40%
623,Nelson Liu,"Alhambra, CA",269,24:06,7:46,M 45-49/165,M-45,602,24:36,58.89%
624,Jd Dude,"Coronado, CA",9325,24:08,7:46,M 50-54/112,M-52,603,24:15,62.13%
625,Amy Dibello,"Indian Wells, CA",217,24:09,7:47,Unknown/22,F-42,22,24:27,64.43%
626,Phil Ansberry,"Carlsbad, CA",4196,24:09,7:47,M 45-49/166,M-46,604,24:34,59.19%
627,Mark Abbruscato,"Oceanside, CA",7782,24:09,7:47,M 45-49/167,M-48,605,24:15,60.15%
628,Greg Turk,"Carlsbad, CA",1341,24:11,7:47,M 45-49/168,M-48,606,24:50,60.07%
629,Jake Shepherd,"La Mesa, CA",245,24:11,7:47,Unknown/217,M-32,607,24:38,53.79%
630,Stephen Kennedy,"Riverside, CA",231,24:11,7:47,M 45-49/169,M-48,608,24:32,60.07%
631,Bob Norton,"Huntington Beach, CA",10171,24:12,7:48,M 70-74/5,M-70,609,24:25,72.92%
632,Mike Scott,"San Diego, CA",1613,24:13,7:48,M 50-54/113,M-53,610,24:19,62.47%
633,Martin Grover,"San Diego, CA",7157,24:13,7:48,M 55-59/60,M-56,611,24:41,64.05%
634,Daniel Morgan,"San Diego, CA",161,24:14,7:48,Unknown/218,M-22,612,24:38,53.27%
635,Brett Baur,"Temecula, CA",4358,24:14,7:48,M 50-54/114,M-50,613,24:29,60.91%
636,Ernie Martinez,"San Diego, CA",7687,24:15,7:49,M 40-44/157,M-43,614,24:52,57.63%
637,Paul Shigley,"San Diego, CA",4598,24:16,7:49,M 45-49/170,M-47,615,24:56,59.38%
638,Douglas Phillips,"San Marcos, CA",7991,24:17,7:49,M 55-59/61,M-57,616,24:30,64.42%
639,Roy Fussell,"Mission Viejo, CA",9307,24:17,7:49,M 60-64/37,M-64,617,24:23,68.48%
640,Michael Tansey,"Poway, CA",7635,24:17,7:49,M 45-49/171,M-45,618,24:55,58.45%
641,Tom Morales,"Golden, CO",7516,24:18,7:50,M 45-49/172,M-47,619,24:25,59.30%
642,Chris Hart,"Santee, CA",133,24:19,7:50,M 45-49/173,M-45,620,24:58,58.37%
643,Bruce Bradley,"Escondido, CA",1815,24:19,7:50,M 60-64/38,M-60,621,24:46,65.98%
644,Tom Kirovski,"San Diego, CA",9308,24:19,7:50,M 55-59/62,M-56,622,24:19,63.79%
645,Dave Wargo,"San Diego, CA",1878,24:20,7:50,M 50-54/115,M-54,623,24:22,62.65%
646,Wayne Yanda,"Carlsbad, CA",1231,24:20,7:50,M 50-54/116,M-50,624,24:43,60.66%
647,Nick Bokhoven,"Encinitas, CA",5857,24:21,7:50,Unknown/219,M-30,625,24:46,53.15%
648,Karla Bokhoven,"Encinitas, CA",5856,24:21,7:51,Unknown/23,F-30,23,24:46,60.82%
649,Doug Braasch,"Modesto, CA",1915,24:22,7:51,M 65-69/9,M-69,626,24:26,71.59%
650,Mario Gastelum,"Carlsbad, CA",5794,24:22,7:51,Unknown/220,M-34,627,25:05,53.87%
651,Joe Healy,"Encinitas, CA",4848,24:22,7:51,M 50-54/117,M-52,628,25:29,61.53%
652,Malcolm McGawn,"Vista, CA",7260,24:23,7:51,M 65-69/10,M-67,629,24:39,70.11%
653,Michael Vishnevetsky,"San Marcos, CA",4340,24:23,7:51,M 40-44/158,M-40,630,25:18,56.02%
654,Hayley Ortman,"Carlsbad, CA",282,24:23,7:51,Unknown/24,F-15,24,24:35,63.61%
655,Vince Lamers,"Sacramento, CA",8538,24:23,7:51,M 50-54/118,M-50,631,24:42,60.53%
656,William Murdock,"Taylorsville, UT",7261,24:23,7:51,M 70-74/6,M-70,632,24:30,72.37%
657,John Miller,"Del Mar, CA",7049,24:24,7:51,M 50-54/119,M-52,633,25:00,61.45%
658,Tony Castillo,"Corona, CA",7942,24:24,7:52,M 40-44/159,M-40,634,24:31,55.98%
659,Darin Miller,"Ontario, CA",4462,24:24,7:52,M 40-44/160,M-40,635,24:33,55.98%
660,Craig Zelles,"Oceanside, CA",10212,24:24,7:52,M 45-49/174,M-46,636,24:29,58.58%
661,Joe Engleson,"Carlsbad, CA",8284,24:25,7:52,M 55-59/63,M-57,637,25:03,64.07%
662,Danny Lau,"Carlsbad, CA",7615,24:25,7:52,M 40-44/161,M-40,638,31:54,55.94%
663,Michael Kenny,"Carlsbad, CA",4105,24:27,7:52,M 45-49/175,M-49,639,24:47,59.89%
664,Bill Simpson,"Huntington Beach, CA",1796,24:27,7:53,M 55-59/64,M-57,640,24:47,63.98%
665,Lachelle Bridge,"Mesa, AZ",5622,24:28,7:53,Unknown/25,F-30,25,24:45,60.53%
666,Rodney Brennan,"San Diego, CA",9517,24:28,7:53,M 40-44/162,M-42,641,24:50,56.65%
667,Robert Leanza,"Temecula, CA",4370,24:28,7:53,M 55-59/65,M-56,642,24:37,63.39%
668,Tim Hanks,"CARLSBAD, CA",9520,24:28,7:53,M 45-49/176,M-46,643,24:36,58.42%
669,T Morales,"Los Angeles, CA",10240,24:29,7:53,M 50-54/120,M-50,644,24:29,60.29%
670,Rick O'Connell,"San Diego, CA",1879,24:29,7:53,M 55-59/66,M-55,645,24:52,62.81%
671,James Miller,"Carlsbad, CA",4076,24:29,7:53,M 40-44/163,M-42,646,25:15,56.61%
672,Erik Zsutty,"Oceanside, CA",6095,24:29,7:53,Unknown/221,M-17,647,24:46,55.18%
673,Herb Yahr,"San Diego, CA",4944,24:29,7:53,M 50-54/121,M-52,648,25:01,61.24%
674,Robert Kawamoto,"Gardena, CA",143,24:29,7:53,M 60-64/39,M-60,649,24:49,65.53%
675,David Adlard,"Encinitas, CA",8353,24:31,7:54,M 50-54/122,M-52,650,24:52,61.16%
676,David Gordon,"Vista, CA",4073,24:31,7:54,M 40-44/164,M-42,651,24:42,56.53%
677,Jim Moore,"Coronado, CA",7348,24:32,7:54,M 50-54/123,M-52,652,24:44,61.11%
678,James Ryan,"Alpine, CA",7053,24:33,7:54,M 40-44/165,M-40,653,24:42,55.64%
679,Scott Adams,"Carlsbad, CA",4102,24:33,7:54,M 45-49/177,M-47,654,24:46,58.70%
680,Gene Dannenberger,"Glenwood Springs, CO",1165,24:36,7:55,M 55-59/67,M-55,655,24:41,62.51%
681,Aaron Silverman,"Del Mar, CA",3420,24:36,7:56,Unknown/222,M-17,656,25:24,54.88%
682,Steve Allison,"Spring Lake, MI",4786,24:37,7:56,M 50-54/124,M-54,657,25:19,61.88%
683,Robert Michie,"Huntington Beach, CA",7901,24:39,7:56,M 50-54/125,M-50,658,24:41,59.88%
684,Ted Wayne,"Solana Beach, CA",7419,24:40,7:57,M 55-59/68,M-57,659,25:12,63.42%
685,Perry Moore,"North Hollywood, CA",4906,24:40,7:57,M 50-54/126,M-51,660,25:03,60.31%
686,Evangeline Whitlock,"San Diego, CA",182,24:40,7:57,Unknown/26,F-26,26,25:14,60.04%
687,Spencer Lawes,"San Marcos, CA",1662,24:40,7:57,M 40-44/166,M-40,661,25:22,55.38%
688,Jerry Copley,"San Marcos, CA",2990,24:40,7:57,Unknown/223,M-38,662,24:57,54.56%
689,Valente Villalobos,"Escondido, CA",1473,24:41,7:57,M 40-44/167,M-40,663,24:58,55.34%
690,Ron Suokko,"Del Mar, CA",1969,24:41,7:57,M 55-59/69,M-57,664,24:56,63.38%
691,Kevin Washington,"San Diego, CA",7364,24:41,7:57,M 45-49/178,M-47,665,24:57,58.38%
692,Angela Tsuida,"Encinitas, CA",4820,24:41,7:57,Unknown/27,F-40,27,25:26,62.16%
693,Mark Bettner,"San Marcos, CA",8210,24:41,7:57,M 40-44/168,M-40,666,24:49,55.34%
694,Oliver Black,"Fountain Valley, CA",4619,24:42,7:57,M 65-69/11,M-65,667,25:00,67.93%
695,Jeff Gavitt,"Murrieta, CA",1244,24:42,7:57,M 50-54/127,M-50,668,25:05,59.76%
696,Tom Keegan,"Fallbrook, CA",1551,24:42,7:57,M 70-74/7,M-70,669,24:50,71.44%
697,Tim Johnson,"Corona, CA",7538,24:42,7:57,M 45-49/179,M-46,670,25:17,57.87%
698,Keith Reed,"Oceanside, CA",1471,24:43,7:58,M 65-69/12,M-66,671,24:45,68.56%
699,Chris Gruning,"Oceanside, CA",7342,24:43,7:58,M 45-49/180,M-47,672,25:10,58.30%
700,James Mullen,"San Diego, CA",1393,24:43,7:58,M 40-44/169,M-43,673,25:06,56.55%
701,Mike Maccollum,"Poway, CA",4288,24:43,7:58,M 45-49/181,M-45,674,25:05,57.42%
702,Alessandra Lollini,"San Diego, CA",224,24:44,7:58,Unknown/28,F-23,28,25:12,59.88%
703,John Taylor,"Phoenix, AZ",7708,24:44,7:58,M 50-54/128,M-51,675,24:58,60.15%
704,Brent Kirby,"Carlsbad, CA",4500,24:44,7:58,M 55-59/70,M-56,676,25:17,62.67%
705,Dave Amenda,"Redondo Beach, CA",10254,24:45,7:58,M 50-54/129,M-54,677,25:31,61.59%
706,Matthew Christianscher,"Helendale, CA",1789,24:45,7:58,M 50-54/130,M-54,678,24:45,61.59%
707,John Ramsay,"Carlsbad, CA",1073,24:45,7:58,M 45-49/182,M-49,679,25:03,59.16%
708,Tom Decino,"Carlsbad, CA",1342,24:45,7:58,M 60-64/40,M-60,680,25:05,64.82%
709,John Bush,"Hemet, CA",10165,24:46,7:59,M 60-64/41,M-61,681,25:07,65.39%
710,Kyle Takao,"San Diego, CA",213,24:46,7:59,Unknown/224,M-29,682,25:11,52.19%
711,Keith Marzullo,"Encinitas, CA",8197,24:47,7:59,M 55-59/71,M-55,683,25:25,62.05%
712,Alan Fish,"San Diego, CA",163,24:47,7:59,Unknown/225,M-25,684,25:26,52.09%
713,Johnny Lara,"Oceanside, CA",8251,24:48,7:59,M 45-49/183,M-46,685,25:02,57.63%
714,Nicholas Welter,"San Clemente, CA",3870,24:49,7:59,Unknown/226,M-11,686,25:32,61.69%
715,Jem McAdams,"Vista, CA",130,24:50,8:00,M 50-54/131,M-54,687,25:07,61.38%
716,Joe Cleland,"Laguna Hills, CA",7370,24:50,8:00,M 45-49/184,M-48,688,25:18,58.50%
717,Larry Letts,"Carlsbad, CA",8613,24:50,8:00,M 50-54/132,M-54,689,25:15,61.38%
718,John Powers,"Big Bear Lake, CA",4090,24:51,8:00,M 45-49/185,M-45,690,25:10,57.11%
719,Jeff Cole,"San Diego, CA",6608,24:51,8:00,Unknown/227,M-28,691,25:53,51.95%
720,Michael Welter,"San Clemente, CA",7134,24:51,8:00,M 40-44/170,M-42,692,25:34,55.77%
721,Scott Morgosh,"Carlsbad, CA",1811,24:52,8:01,M 50-54/133,M-50,693,25:15,59.36%
722,Michael Welch,"San Diego, CA",10206,24:52,8:01,M 40-44/171,M-44,694,25:22,56.61%
723,Xochitl Efigenio Cortes,"Carlsbad, CA",166,24:53,8:01,Unknown/29,F-28,29,25:22,59.52%
724,Robert Vettel,"Vista, CA",4364,24:53,8:01,M 50-54/134,M-53,695,25:27,60.79%
725,Jim McFarland,"Del Mar, CA",10150,24:53,8:01,M 50-54/135,M-53,696,25:16,60.79%
726,John Fulkerson,"Rancho Santa Margarita, CA",4202,24:54,8:01,M 40-44/172,M-41,697,25:24,55.26%
727,Adriana Simon,"Garden Grove, CA",200,24:54,8:01,Unknown/30,F-45,30,25:27,64.17%
728,Walter Weisner,"Brea, CA",4418,24:55,8:01,M 50-54/136,M-53,698,25:38,60.71%
729,John Fontana,"Fallbrook, CA",7448,24:55,8:02,M 45-49/186,M-46,699,25:15,57.36%
730,Neal Openshaw,"Carlsbad, CA",1632,24:56,8:02,M 55-59/72,M-56,700,25:20,62.21%
731,Craig Humphrey,"San Diego, CA",1566,24:56,8:02,M 50-54/137,M-53,701,25:19,60.67%
732,Thomas Zaccaro,"Beverly Hills, CA",7330,24:57,8:02,M 45-49/187,M-49,702,25:09,58.69%
733,Ashley Hard,"Haverford, PA",138,24:57,8:02,Unknown/31,F-28,31,25:18,59.36%
734,Michael Rodgers,"San Marcos, CA",7567,24:58,8:02,M 40-44/173,M-42,703,25:22,55.51%
735,Jon Ibarreche,"Arlington, VA",4137,24:58,8:02,M 55-59/73,M-55,704,25:33,61.59%
736,Henry Trejo Jr,"Carlsbad, CA",4843,24:58,8:02,M 50-54/138,M-50,705,26:15,59.12%
737,Greg Tolle,"Murrieta, CA",4994,24:58,8:03,M 45-49/188,M-48,706,25:43,58.18%
738,Joe Madrid,"San Marcos, CA",4488,24:59,8:03,M 50-54/139,M-50,707,25:44,59.08%
739,Robert Tygart,"Vista, CA",1205,25:00,8:03,M 55-59/74,M-56,708,25:19,62.04%
740,Rob Coury,"Encinitas, CA",7223,25:00,8:03,M 50-54/140,M-50,709,25:30,59.04%
741,Joseph Sorapuru,"San Marcos, CA",1009,25:01,8:03,M 40-44/174,M-41,710,25:17,55.00%
742,Rafael Flores,"Escondido, CA",1842,25:01,8:03,M 45-49/189,M-49,711,25:29,58.53%
743,Brian Gorgas,"Peyton, CO",194,25:01,8:03,Unknown/228,M-33,712,25:49,52.20%
744,Jim Ellert,"Placentia, CA",1832,25:02,8:04,M 50-54/141,M-50,713,25:11,58.96%
745,Berek Fiszlewicz,"Chula Vista, CA",1601,25:03,8:04,M 60-64/42,M-61,714,25:11,64.65%
746,Bruce Rickard,"San Diego, CA",7187,25:03,8:04,M 55-59/75,M-59,715,25:15,63.52%
747,Soheil Nasiri,"Carlsbad, CA",7571,25:04,8:04,M 40-44/175,M-43,716,25:04,55.76%
748,Ric Basanese,"Carlsbad, CA",7404,25:04,8:05,M 45-49/190,M-45,717,25:29,56.62%
749,Brett T Bigelow,"Escondido, CA",7629,25:05,8:05,M 40-44/176,M-43,718,25:34,55.72%
750,Chris Monson,"Winchester, CA",4480,25:05,8:05,M 45-49/191,M-48,719,25:07,57.91%
751,Nathan Williams,"Carlsbad, CA",3011,25:06,8:05,Unknown/229,M-11,720,25:33,61.00%
752,Emil Cheng,"Diamond Bar, CA",146,25:06,8:05,Unknown/230,M-34,721,25:35,52.29%
753,Dieter Hissin,"Laguna Niguel, CA",7922,25:06,8:05,M 40-44/177,M-44,722,25:24,56.08%
754,Tammy Proctor,"Springfield, OH",1991,25:06,8:05,Unknown/32,F-41,32,25:40,61.53%
755,Mario Arellano,"Los Angeles, CA",7860,25:07,8:05,Unknown/33,F-48,33,25:07,65.80%
756,Shayna Slebioda,"Escondido, CA",225,25:08,8:06,Unknown/34,F-23,34,25:24,58.93%
757,Don Van Dyke,"San Diego, CA",4424,25:09,8:06,M 70-74/8,M-73,723,25:19,73.01%
758,Marianne Lindsey,"Carlsbad, CA",1947,25:09,8:06,Unknown/35,F-41,35,25:23,61.41%
759,Matt Pourcho,"Del Mar, CA",6655,25:12,8:07,Unknown/231,M-26,724,25:43,51.22%
760,Joe Hajek,"Carlsbad, CA",8149,25:13,8:07,Unknown/232,M-37,725,25:22,52.98%
761,David Erb,"Carlsbad, CA",1495,25:13,8:07,M 60-64/43,M-60,726,25:27,63.62%
762,Eric Dummer,"Escondido, CA",4991,25:13,8:07,M 45-49/192,M-45,727,27:05,56.28%
763,Darryn Kellogg,"Carlsbad, CA",4870,25:14,8:07,M 45-49/193,M-47,728,25:58,57.11%
764,Tom Pauly,"Oceanside, CA",7584,25:14,8:08,M 45-49/194,M-48,729,25:45,57.57%
765,Kenneth Macbeth,"Carlsbad, CA",1232,25:14,8:08,M 50-54/142,M-52,730,25:24,59.42%
766,Dan Frankenstein,"Newport Beach, CA",1963,25:15,8:08,M 50-54/143,M-53,731,25:37,59.91%
767,Pj Siberell,"Sierra Madre, CA",3920,25:16,8:08,Unknown/233,M-12,732,25:26,58.88%
768,Anthony Gomez,"Redlands, CA",7262,25:17,8:09,M 70-74/9,M-70,733,25:44,69.79%
769,Robert Ingertson,"Temecula, CA",1355,25:18,8:09,M 65-69/13,M-65,734,25:30,66.32%
770,Pall Gudgeirsson,"San Clemente, CA",169,25:18,8:09,M 55-59/76,M-59,735,25:53,62.89%
771,Tulug Kenanoglu,"San Diego, CA",7684,25:20,8:10,M 40-44/178,M-42,736,25:42,54.71%
772,Jay Schwabe,"San Diego, CA",1972,25:20,8:10,M 55-59/77,M-58,737,25:51,62.28%
773,John Morris,"Carlsbad, CA",7523,25:20,8:10,M 60-64/44,M-63,738,25:35,65.04%
774,Joey Izidoro,"San Diego, CA",9318,25:20,8:10,M 50-54/144,M-52,739,25:37,59.18%
775,Paul Schwabe,"San Diego, CA",233,25:21,8:10,Unknown/234,M-29,740,25:52,50.99%
776,Gary Condon,"Inglewood, CA",4050,25:21,8:10,M 55-59/78,M-56,741,25:49,61.18%
777,Bryan Zoepfl,"Carlsbad, CA",6760,25:23,8:10,Unknown/235,M-29,742,26:08,50.92%
778,Bob Anderson,"Los Altos, CA",7321,25:23,8:10,M 60-64/45,M-61,743,25:23,63.80%
779,Elke Berke,"San Diego, CA",258,25:23,8:11,Unknown/36,F-40,36,26:04,60.45%
780,Rick Rhodes,"Vista, CA",7976,25:23,8:11,M 45-49/195,M-49,744,25:35,57.69%
781,Rogelio Chavez,"Lake Elsinore, CA",9502,25:24,8:11,Unknown/236,M-37,745,25:24,52.59%
782,Rick Noer,"Fountain Valley, CA",284,25:24,8:11,M 55-59/79,M-58,746,25:48,62.11%
783,Emilio Rovira,"Oceanside, CA",10221,25:24,8:11,M 45-49/196,M-47,747,25:25,56.73%
784,Larry McKee,"Oceanside, CA",7109,25:24,8:11,M 50-54/145,M-52,748,25:45,59.03%
785,Anzel Capparelli,"San Diego, CA",3269,25:24,8:11,Unknown/237,M-14,749,25:59,55.88%
786,Phillip Hale,"Austin, TX",1965,25:25,8:11,M 50-54/146,M-54,750,25:43,59.97%
787,David Kopecky,"El Segundo, CA",8151,25:25,8:11,Unknown/238,M-37,751,26:04,52.56%
788,Elizabeth Sugarman,"Encinitas, CA",2808,25:26,8:11,Unknown/37,F-37,37,26:31,59.34%
789,Kevin Edwards,"San Marcos, CA",7326,25:26,8:11,M 40-44/179,M-43,752,25:52,54.95%
790,Peter Cota-Robles,"Encinitas, CA",1354,25:26,8:12,M 55-59/80,M-57,753,25:47,61.51%
791,Mark Dolan,"Big Bear Lake, CA",4089,25:29,8:12,M 45-49/197,M-45,754,26:11,55.69%
792,Bill Baty,"San Diego, CA",10272,25:29,8:12,M 60-64/46,M-62,755,26:43,64.07%
793,John Kollar,"La Mesa, CA",1890,25:29,8:13,M 50-54/147,M-51,756,25:29,58.38%
794,Kevin Rohner,"Stanfield, AZ",6587,25:29,8:13,Unknown/239,M-21,757,25:45,50.85%
795,Jorge Lopez,"Vista, CA",4747,25:30,8:13,M 55-59/81,M-55,758,26:04,60.30%
796,James Farenbaugh,"Escondido, CA",1960,25:30,8:13,M 50-54/148,M-51,759,26:20,58.34%
797,Yoshi Hiranuma,"Oceanside, CA",4878,25:30,8:13,M 50-54/149,M-54,760,25:45,59.78%
798,Anthony Maddelina,"San Diego, CA",1885,25:30,8:13,M 45-49/198,M-47,761,25:59,56.47%
799,Peter Scanlon,"Evanston, IL",4632,25:31,8:13,M 40-44/180,M-41,762,26:00,53.92%
800,Michael Leonardi,"Vista, CA",10019,25:31,8:13,M 40-44/181,M-41,763,26:11,53.92%
801,Todd Budde,"Carlsbad, CA",7462,25:32,8:13,M 45-49/199,M-47,764,25:35,56.43%
802,Kim Graham,"Poway, CA",4147,25:32,8:14,M 55-59/82,M-59,765,26:12,62.31%
803,John Kline,"San Diego, CA",4982,25:32,8:14,M 45-49/200,M-47,766,26:07,56.43%
804,John McCall,"San Diego, CA",8294,25:33,8:14,M 45-49/201,M-48,767,26:10,56.85%
805,Danny Dahlke,"Vista, CA",1139,25:34,8:14,M 40-44/182,M-41,768,25:46,53.82%
806,Troy Hemingway,"San Diego, CA",4315,25:34,8:14,M 40-44/183,M-40,769,26:17,53.39%
807,Terry Hendricks,"Encinitas, CA",1109,25:35,8:14,M 70-74/10,M-70,770,26:05,68.97%
808,Michael Bates,"La Jolla, CA",1367,25:36,8:15,M 60-64/47,M-62,771,26:20,63.78%
809,Patrick Noll,"Oceanside, CA",7820,25:36,8:15,M 50-54/150,M-51,772,25:51,58.11%
810,Gilbert Estrella,"Lake Elsinore, CA",5796,25:36,8:15,Unknown/240,M-36,773,25:43,51.86%
811,Michael Zsutty,"Oceanside, CA",1125,25:37,8:15,M 55-59/83,M-57,774,25:52,61.07%
812,Hung Wang,"Carlsbad, CA",2743,25:37,8:15,Unknown/241,M-33,775,26:18,50.98%
813,Mark Boyce,"San Diego, CA",1743,25:37,8:15,M 45-49/202,M-48,776,26:14,56.71%
814,David Pina,"San Diego, CA",4414,25:37,8:15,M 40-44/184,M-44,777,26:20,54.95%
815,Clint Engleson,"San Diego, CA",8281,25:38,8:15,Unknown/242,M-23,778,26:15,50.36%
816,Tasha Capparelli,"San Diego, CA",3270,25:38,8:16,Unknown/38,F-16,38,25:50,59.73%
817,Brian Barta,"Escondido, CA",4324,25:39,8:16,M 40-44/185,M-43,779,26:05,54.49%
818,Robert Gamboa,"Escondido, CA",1532,25:39,8:16,M 45-49/203,M-46,780,26:25,55.72%
819,Brent Stewart,"San Diego, CA",10155,25:39,8:16,M 50-54/151,M-54,781,25:52,59.43%
820,Mark Blackwell,"Santee, CA",7700,25:39,8:16,M 45-49/204,M-47,782,26:10,56.18%
821,Gunar Linde,"Venice, CA",4571,25:41,8:16,M 80-84/1,M-80,783,25:45,81.88%
822,Steven Wheeler,"San Diego, CA",9324,25:41,8:16,M 55-59/84,M-58,784,26:02,61.43%
823,David Gibbons,"Palm Desert, CA",1999,25:42,8:17,M 40-44/186,M-43,785,26:14,54.38%
824,John Tuck,"Carlsbad, CA",156,25:43,8:17,M 45-49/205,M-48,786,26:22,56.49%
825,Ami Marie Granger Welch,"San Clemente, CA",216,25:43,8:17,Unknown/39,F-39,39,26:16,59.27%
826,Gerry Forman,"Valley Center, CA",1175,25:44,8:17,M 70-74/11,M-70,787,26:13,68.57%
827,Gary France,"La Mesa, CA",4142,25:45,8:18,M 55-59/85,M-58,788,26:01,61.27%
828,Celso Aberin,"Carlsbad, CA",4776,25:45,8:18,M 40-44/187,M-43,789,25:57,54.27%
829,Kevin Day,"Carlsbad, CA",4826,25:46,8:18,M 50-54/152,M-54,790,26:06,59.16%
830,Eric Moell,"San Diego, CA",6610,25:46,8:18,Unknown/243,M-29,791,26:49,50.16%
831,Val Watson,"Stillwater, MN",7998,25:46,8:18,M 55-59/86,M-59,792,26:24,61.75%
832,Francisco Ramos,"San Diego, CA",1049,25:47,8:18,M 40-44/188,M-41,793,25:59,53.36%
833,David Schofield,"Oakland, CA",1818,25:47,8:18,M 40-44/189,M-42,794,26:18,53.75%
834,John Hradnansky,"CARLSBAD, CA",8476,25:49,8:19,M 45-49/206,M-45,795,26:14,54.97%
835,Gary Nessim,"Carlsbad, CA",4554,25:49,8:19,M 55-59/87,M-56,796,26:15,60.08%
836,Cade Ukrainetz,"Escondido, CA",6092,25:49,8:19,Unknown/244,M-12,797,26:08,57.62%
837,Adam Cunningham,"Oceanside, CA",103,25:50,8:19,Unknown/245,M-28,798,26:34,49.97%
838,Patrick Rusnell,"Fallbrook, CA",1606,25:50,8:19,M 60-64/48,M-64,799,26:09,64.36%
839,Anthony Klein,"Oceanside, CA",7625,25:51,8:19,M 40-44/190,M-42,800,26:28,53.61%
840,Stephen Campbell,"Encinitas, CA",7044,25:52,8:20,M 50-54/153,M-51,801,26:31,57.51%
841,Bill Parks,"South Haven, MI",1204,25:52,8:20,M 50-54/154,M-53,802,26:13,58.48%
842,Gary Goto,"Carlsbad, CA",7027,25:52,8:20,M 45-49/207,M-46,803,26:31,55.25%
843,Errol Ovid,"Carlsbad, CA",7594,25:53,8:20,M 50-54/155,M-51,804,26:05,57.47%
844,Stephanie Bitters,"San Diego, CA",1190,25:53,8:20,Unknown/40,F-53,40,26:16,67.98%
845,Jason Schiedermayer,"El Cajon, CA",183,25:53,8:20,Unknown/246,M-27,805,26:29,49.87%
846,Todd Petrowski,"Irvine, CA",185,25:53,8:20,Unknown/247,M-28,806,26:39,49.87%
847,Shane Wells,"Temecula, CA",1234,25:53,8:20,M 45-49/208,M-47,807,26:17,55.67%
848,Edmund Capparelli,"San Diego, CA",1907,25:54,8:20,M 45-49/209,M-48,808,26:28,56.09%
849,Bryon Solberg,"San Diego, CA",181,25:54,8:20,M 45-49/210,M-47,809,26:34,55.63%
850,Ken Moran,"Carlsbad, CA",1772,25:54,8:20,M 40-44/191,M-42,810,26:30,53.51%
851,John Lyons,"Escondido, CA",7816,25:55,8:21,M 50-54/156,M-50,811,26:16,56.95%
852,David Brown,"Boulder, CO",7604,25:55,8:21,M 55-59/88,M-56,812,26:27,59.85%
853,Brad McGee,"Vista, CA",1679,25:56,8:21,M 45-49/211,M-48,813,26:24,56.01%
854,Thomas Miller,"Taylorsville, UT",4909,25:56,8:21,M 65-69/14,M-66,814,26:25,65.34%
855,Paul Pace,"Oceanside, CA",7551,25:57,8:21,M 55-59/89,M-58,815,26:16,60.80%
856,M Karpe,"Irvine, CA",1138,25:57,8:21,M 40-44/192,M-40,816,28:42,52.63%
857,Jack Scarda,"Chula Vista, CA",4979,25:58,8:22,M 40-44/193,M-41,817,26:43,52.99%
858,John Dowell,"Oceanside, CA",10274,25:59,8:22,M 65-69/15,M-66,818,26:24,65.21%
859,Dennis Brush,"Fallbrook, CA",1875,25:59,8:22,M 50-54/157,M-51,819,26:23,57.25%
860,Rich Ikemeier,"Carlsbad, CA",7815,26:01,8:23,M 45-49/212,M-49,820,26:39,56.28%
861,Chris Torres,"Mission Viejo, CA",10281,26:01,8:23,M 60-64/49,M-61,821,27:02,62.24%
862,Jim Rellas,"Encinitas, CA",8222,26:02,8:23,M 45-49/213,M-49,822,26:36,56.25%
863,Steven Muskal,"Carlsbad, CA",140,26:03,8:23,M 40-44/194,M-42,823,27:05,53.20%
864,Steven Wolover,"Chula Vista, CA",4086,26:03,8:23,M 45-49/214,M-45,824,26:45,54.48%
865,Howard Whitlock,"Oceanside, CA",1971,26:04,8:24,M 55-59/90,M-58,825,26:35,60.52%
866,William Lafoe,"San Marcos, CA",129,26:05,8:24,M 40-44/195,M-42,826,26:37,53.13%
867,Pete Petersen,"Escondido, CA",1421,26:06,8:24,M 65-69/16,M-68,827,26:31,66.13%
868,Melissa Allenby-Barsantee,"Encinitas, CA",223,26:07,8:25,Unknown/41,F-42,41,26:27,59.58%
869,Dale Preslar,"Goodyear, AZ",7660,26:07,8:25,M 50-54/158,M-53,828,26:33,57.92%
870,Ron Barnett,"Carlsbad, CA",7598,26:08,8:25,M 50-54/159,M-52,829,26:42,57.37%
871,Keith Washington,"Oceanside, CA",4018,26:08,8:25,M 45-49/215,M-47,830,26:47,55.14%
872,Kevin Haas,"San Diego, CA",7721,26:09,8:25,M 40-44/196,M-40,831,26:35,52.23%
873,Roland Rapp,"Corona Del Mar, CA",1440,26:09,8:25,M 45-49/216,M-47,832,26:35,55.10%
874,Christhopher Whitman,"Ridgecrest, CA",7351,26:09,8:25,M 55-59/91,M-58,833,26:34,60.33%
875,Lee Sommars,"San Diego, CA",4231,26:10,8:26,M 45-49/217,M-47,834,26:36,55.07%
876,Philip Rapp,"Corona Del Mar, CA",3139,26:10,8:26,Unknown/248,M-21,835,26:34,49.52%
877,Raymond Joya,"San Dimas, CA",4863,26:10,8:26,M 40-44/197,M-44,836,26:36,53.79%
878,Alan Heim,"Vista, CA",7001,26:11,8:26,M 55-59/92,M-56,837,26:19,59.24%
879,Patrick Bowers,"Escondido, CA",1467,26:12,8:26,M 45-49/218,M-47,838,26:36,55.00%
880,Bob Hill,"Carlsbad, CA",1370,26:13,8:27,M 60-64/50,M-64,839,27:09,63.42%
881,Sean Tubbs,"Vista, CA",10189,26:14,8:27,M 40-44/198,M-42,840,26:26,52.83%
882,Craig Duckworth,"Canyon Lake, CA",4558,26:15,8:27,M 55-59/93,M-57,841,26:17,59.59%
883,Chris Hess,"Carlsbad, CA",4216,26:15,8:27,M 40-44/199,M-42,842,26:38,52.80%
884,Bruce Truax,"San Marcos, CA",1344,26:17,8:28,M 55-59/94,M-57,843,26:46,59.52%
885,John Noll,"Satellite Beach, FL",7640,26:17,8:28,M 45-49/219,M-45,844,26:54,54.00%
886,Eric Globerson,"Carlsbad, CA",1282,26:17,8:28,M 50-54/160,M-51,845,26:29,56.60%
887,Don Ambrose,"San Diego, CA",7188,26:18,8:28,M 60-64/51,M-60,846,26:53,61.00%
888,Clark Easterbrook,"Carlsbad, CA",10015,26:19,8:28,M 40-44/200,M-41,847,27:04,52.28%
889,Bret Wilson,"Newark, DE",8295,26:19,8:29,M 40-44/201,M-44,848,26:56,53.49%
890,John Edwards,"Fairfield, CA",4409,26:19,8:29,M 50-54/161,M-52,849,26:52,56.97%
891,Bill Batchelor,"Oceanside, CA",260,26:20,8:29,M 45-49/220,M-45,850,27:01,53.89%
892,David Showers,"Oceanside, CA",4118,26:20,8:29,M 50-54/162,M-51,851,26:49,56.49%
893,Roger Dean,"Poulsbo, WA",4339,26:20,8:29,M 70-74/12,M-70,852,26:31,67.00%
894,Robert Lentz,"Oceanside, CA",4361,26:20,8:29,M 50-54/163,M-52,853,26:52,56.93%
895,Mark Gallego,"Santa Ana, CA",9304,26:20,8:29,M 50-54/164,M-51,854,26:29,56.49%
896,Scott Strong,"Fullerton, CA",10229,26:21,8:29,M 45-49/221,M-48,855,26:32,55.13%
897,Geno James,"San Diego, CA",278,26:21,8:29,Unknown/249,M-30,856,26:59,49.11%
898,Ken Marlow,"La Mesa, CA",1400,26:21,8:29,M 45-49/222,M-49,857,26:52,55.57%
899,Mary Macdonald,"Lynden, WA",102,26:22,8:29,Unknown/42,F-51,42,26:56,65.02%
900,Jerome Enad,"Oceanside, CA",7919,26:24,8:30,M 40-44/202,M-43,858,27:20,52.94%
901,Michael Vairin,"Corona, CA",4299,26:26,8:31,M 55-59/95,M-56,859,27:08,58.68%
902,Lise Herrera,"Chula Vista, CA",256,26:26,8:31,Unknown/43,F-55,43,26:41,68.33%
903,John Backman,"Encinitas, CA",1365,26:27,8:31,M 60-64/52,M-62,860,26:28,61.73%
904,David Little,"La Verne, CA",2706,26:27,8:31,Unknown/250,M-39,861,27:10,51.26%
905,Mary Blair,"Oceanside, CA",121,26:27,8:31,Unknown/44,F-30,44,27:00,55.99%
906,Kevin Smith,"San Diego, CA",5431,26:27,8:31,Unknown/251,M-32,862,26:58,49.18%
907,Jason Megraw,"La Mesa, CA",8539,26:29,8:32,M 40-44/203,M-44,863,26:44,53.15%
908,Kelly Devereaux,"San Diego, CA",6592,26:29,8:32,Unknown/45,F-25,45,27:13,55.92%
909,Bob Stender,"Citrus Heights, CA",1455,26:29,8:32,M 60-64/53,M-61,864,27:02,61.15%
910,Duke Carrao,"San Diego, CA",10087,26:30,8:32,M 55-59/96,M-57,865,26:43,59.03%
911,Bruce Munroe,"Westminster, CO",1131,26:31,8:32,M 60-64/54,M-64,866,26:54,62.70%
912,Don Johnson,"Chula Vista, CA",10197,26:31,8:33,M 40-44/204,M-43,867,27:31,52.70%
913,Arturo Medina,"Bakersfield, CA",10024,26:31,8:33,M 40-44/205,M-42,868,27:12,52.26%
914,Erich Obst Jr,"Temecula, CA",8535,26:31,8:33,M 40-44/206,M-40,869,26:45,51.48%
915,Jeff Ukrainetz,"Escondido, CA",7456,26:32,8:33,M 40-44/207,M-43,870,26:50,52.67%
916,Patrick Mohr,"Carlsbad, CA",1917,26:32,8:33,M 40-44/208,M-41,871,27:14,51.85%
917,Dennis Dunn,"Oceanside, CA",1894,26:32,8:33,M 55-59/97,M-57,872,26:38,58.96%
918,Tim Guerra,"Carlsbad, CA",4350,26:33,8:33,M 45-49/223,M-48,873,26:50,54.71%
919,Charlie Slater,"San Diego, CA",7889,26:33,8:33,M 40-44/209,M-43,874,27:18,52.64%
920,Michael Beaumont,"San Diego, CA",7320,26:34,8:33,M 60-64/55,M-61,875,27:00,60.95%
921,Brian Peck,"Lake Forest, CA",7197,26:34,8:33,M 45-49/224,M-47,876,27:21,54.24%
922,Raymond Berdugo,"Oceanside, CA",7010,26:34,8:33,M 40-44/210,M-44,877,26:49,52.98%
923,Albert Lomeli,"San Diego, CA",4894,26:34,8:34,M 40-44/211,M-40,878,26:42,51.41%
924,Joe McGarry,"Escondido, CA",7378,26:35,8:34,M 45-49/225,M-49,879,26:57,55.08%
925,Frank Vasquez,"Beaumont, CA",9019,26:35,8:34,M 70-74/13,M-73,880,30:19,69.07%
926,Heather Marburgh,"West Hollywood, CA",9501,26:37,8:34,Unknown/46,F-54,46,26:39,66.92%
927,Jacob Nieder,"Carlsbad, CA",8608,26:39,8:35,Unknown/252,M-33,881,27:16,49.00%
928,Jennifer Corso,"Carlsbad, CA",244,26:39,8:35,Unknown/47,F-36,47,27:00,56.38%
929,Ronald Morgan,"Spring Valley, CA",1388,26:40,8:35,M 75-79/1,M-75,882,26:49,71.11%
930,Woody Green,"Lafayette, CO",7452,26:41,8:36,M 50-54/165,M-51,883,27:16,55.75%
931,Todd Sumner,"Escondido, CA",7064,26:42,8:36,M 40-44/212,M-42,884,27:00,51.91%
932,Pedro Cardenas,"Carlsbad, CA",8264,26:43,8:36,M 50-54/166,M-52,885,26:46,56.12%
933,Gerardo Lopez Jr,"San Diego, CA",9319,26:43,8:36,Unknown/253,M-30,886,27:22,48.44%
934,Jerry Schuck,"Carlsbad, CA",7910,26:43,8:36,M 60-64/56,M-64,887,27:19,62.23%
935,Dan Schuck,"San Diego, CA",1259,26:44,8:36,M 40-44/213,M-40,888,27:18,51.09%
936,Teresa Stowe,"Oceanside, CA",2529,26:44,8:36,Unknown/48,F-38,48,27:13,56.71%
937,Francisco Dominguez,"Oceanside, CA",265,26:45,8:37,M 45-49/226,M-45,889,27:24,53.05%
938,Loren Stowe,"Oceanside, CA",1984,26:45,8:37,M 40-44/214,M-40,890,27:13,51.06%
939,Reagan Amendola,"Laguna Hills, CA",6844,26:46,8:37,Unknown/49,F-19,49,27:13,55.51%
940,Jon Ciccarelli,"San Marcos, CA",7136,26:46,8:37,M 40-44/215,M-43,891,27:18,52.21%
941,Mary Hoover,"Carlsbad, CA",275,26:48,8:38,Unknown/50,F-32,50,27:39,55.38%
942,Robert Hilliard,"Carlsbad, CA",1923,26:48,8:38,M 45-49/227,M-49,892,27:04,54.64%
943,Hernan Gonzalez,"Oceanside, CA",4154,26:48,8:38,M 60-64/57,M-61,893,27:46,60.42%
944,Greg Larson,"San Marcos, CA",10193,26:49,8:38,M 40-44/216,M-43,894,27:20,52.11%
945,Zoran Psenicnik,"Carlsbad, CA",7040,26:49,8:38,M 40-44/217,M-41,895,27:25,51.31%
946,Bobby Fischer,"Denver, CO",7555,26:50,8:38,M 65-69/17,M-69,896,26:54,65.01%
947,Denny Maciel,"Santa Ana, CA",250,26:51,8:39,Unknown/254,M-32,897,27:30,48.45%
948,Steven Batutis,"San Marcos, CA",1359,26:52,8:39,M 50-54/167,M-52,898,27:26,55.80%
949,Isa Rizk,"San Diego, CA",2824,26:52,8:39,Unknown/255,M-33,899,26:52,48.60%
950,Dennis O'Brien,"Encinitas, CA",4405,26:54,8:40,M 45-49/228,M-45,900,27:19,52.76%
951,Michael O'Leary,"Fallbrook, CA",2814,26:54,8:40,Unknown/256,M-39,901,27:18,50.40%
952,Kodiak North,"Vista, CA",6771,26:55,8:40,Unknown/257,M-12,902,27:31,55.27%
953,Tom Duffy,"Aliso Viejo, CA",2394,26:57,8:41,Unknown/258,M-35,903,28:48,48.95%
954,Matthew Palmer,"Carlsbad, CA",7941,26:58,8:41,M 40-44/218,M-40,904,27:49,50.65%
955,Keith Almryde,"Encinitas, CA",10067,26:58,8:41,M 45-49/229,M-49,905,27:15,54.30%
956,James Gollaher,"Carlsbad, CA",4519,26:58,8:41,M 40-44/219,M-41,906,27:26,51.02%
957,Eric Nakamura,"Torrance, CA",10182,26:58,8:41,M 40-44/220,M-41,907,27:44,51.02%
958,David Erwine,"Oceanside, CA",4674,26:58,8:41,M 60-64/58,M-62,908,27:26,60.54%
959,Gary Gustafson,"Laguna Niguel, CA",4505,27:01,8:42,M 60-64/59,M-64,909,28:49,61.54%
960,Darla Kasmedo,"Spring Valley, CA",178,27:01,8:42,Unknown/51,F-38,51,27:47,56.11%
961,Sandra Taylor,"Escondido, CA",263,27:02,8:42,Unknown/52,F-30,52,27:33,54.78%
962,Mark Horvath,"Encinitas, CA",7517,27:02,8:42,M 45-49/230,M-48,910,28:08,53.73%
963,Edward Aguado,"San Diego, CA",4145,27:02,8:42,M 55-59/98,M-58,911,27:59,58.36%
964,Andy Wright,"Waxhaw, NC",7130,27:02,8:42,M 55-59/99,M-55,912,27:56,56.88%
965,Todd Andrews,"Brea, CA",8597,27:03,8:43,M 40-44/221,M-44,913,27:10,52.03%
966,Thomas Jones,"Fallbrook, CA",7781,27:03,8:43,M 45-49/231,M-48,914,27:49,53.70%
967,Carl Hess,"Scottsdale, AZ",6343,27:03,8:43,Unknown/259,M-26,915,27:38,47.72%
968,Brandi Thomas,"San Clemente, CA",5502,27:04,8:43,Unknown/53,F-32,53,27:50,54.84%
969,Micahl Williams,"Mansfield, GA",6442,27:04,8:43,Unknown/260,M-15,916,28:07,51.45%
970,Ali Kasmedo,"Spring Valley, CA",190,27:04,8:43,Unknown/54,F-19,54,27:49,54.90%
971,Steve Robertson,"Brea, CA",8611,27:05,8:43,M 45-49/232,M-46,917,27:49,52.77%
972,Anthony Piracci,"Valley Center, CA",7519,27:06,8:44,M 50-54/168,M-50,918,27:50,54.46%
973,Juan Salcido,"Vista, CA",4383,27:06,8:44,M 65-69/18,M-65,919,28:01,61.91%
974,Christine Dancey,"San Diego, CA",209,27:07,8:44,Unknown/55,F-47,55,27:41,60.21%
975,Bill Black,"La Jolla, CA",1459,27:07,8:44,M 70-74/14,M-70,920,27:15,65.07%
976,Michael Dawson,"Chino Hills, CA",144,27:09,8:44,M 55-59/100,M-57,921,27:09,57.62%
977,Dan Goldberg,"Carlsbad, CA",4523,27:10,8:45,M 40-44/222,M-43,922,27:56,51.44%
978,Michael Seneris,"San Diego, CA",10020,27:11,8:45,M 40-44/223,M-42,923,27:22,50.98%
979,Tim Riley,"Pacific Grove, CA",1501,27:11,8:45,M 60-64/60,M-64,924,27:29,61.17%
980,Eric Effinger,"Temecula, CA",7133,27:12,8:46,M 40-44/224,M-40,925,27:46,50.21%
981,Mike Godfrey,"Carlsbad, CA",4015,27:13,8:46,M 45-49/233,M-46,926,27:44,52.51%
982,Jim Elliot,"San Marcos, CA",4602,27:14,8:46,M 50-54/169,M-51,927,27:32,54.62%
983,Robert Hunter,"McHenry, IL",1817,27:14,8:46,M 60-64/61,M-61,928,27:37,59.46%
984,Waldo Jimenez,"San Diego, CA",5516,27:14,8:46,Unknown/261,M-39,929,27:27,49.79%
985,Chris Bishop,"Rancho Cucamonga, CA",114,27:15,8:47,Unknown/262,M-27,930,27:52,47.37%
986,John Burd,"Lakeside, CA",5885,27:15,8:47,Unknown/263,M-39,931,27:47,49.76%
987,David Deniz,"Temecula, CA",1762,27:18,8:47,M 40-44/225,M-40,932,27:58,50.03%
988,Gary Robinson,"Poway, CA",4124,27:18,8:48,M 50-54/170,M-52,933,27:47,54.92%
989,Mark Amendola,"Lake Forest, CA",9212,27:19,8:48,M 45-49/234,M-46,934,27:46,52.32%
990,Aj Steger,"San Diego, CA",4649,27:19,8:48,M 45-49/235,M-47,935,28:07,52.75%
991,Joe Pooler,"Anaheim, CA",1013,27:20,8:48,M 40-44/226,M-41,936,28:18,50.34%
992,Bill Atkission,"Oceanside, CA",7858,27:23,8:49,M 45-49/236,M-48,937,28:16,53.05%
993,Jerry Schmit,"Poway, CA",1884,27:23,8:49,M 45-49/237,M-46,938,28:05,52.19%
994,Jim Schwab,"Carlsbad, CA",8625,27:24,8:49,M 45-49/238,M-46,939,28:14,52.16%
995,Dave Behling,"Moorpark, CA",242,27:24,8:50,Unknown/264,M-32,940,28:10,47.47%
996,James Ball,"Oceanside, CA",8191,27:25,8:50,Unknown/265,M-29,941,27:49,47.14%
997,Denis Doulgeropoulos,"Carlsbad, CA",10198,27:25,8:50,M 40-44/227,M-44,942,27:39,51.34%
998,David Zapalo,"Imperial Beach, CA",7877,27:25,8:50,M 55-59/101,M-58,943,27:58,57.54%
999,Daniel Bylund,"Carlsbad, CA",4494,27:27,8:50,M 50-54/171,M-53,944,28:03,55.10%
1000,Aviana Silverman,"Del Mar, CA",3408,27:27,8:50,Unknown/56,F-13,56,27:53,58.20%
1001,Nelson Villacreses,"Millbrae, CA",4728,27:28,8:51,M 45-49/239,M-49,945,28:10,53.31%
1002,Jim Whittaker,"Carlsbad, CA",7149,27:29,8:51,M 40-44/228,M-44,946,28:14,51.21%
1003,Charles Singhanet,"Encinitas, CA",5900,27:29,8:51,Unknown/266,M-35,947,28:14,48.00%
1004,Richard Priver,"Huntington Beach, CA",4301,27:30,8:51,M 60-64/62,M-62,948,28:25,59.37%
1005,Darren Blume,"Oceanside, CA",4775,27:33,8:52,M 40-44/229,M-43,949,27:46,50.73%
1006,Aaron Best,"Los Angeles, CA",241,27:33,8:53,Unknown/267,M-32,950,28:20,47.22%
1007,Willie Holmes,"Fair Oaks, CA",7072,27:34,8:53,M 50-54/172,M-52,951,28:17,54.39%
1008,Gerry Rose,"Oceanside, CA",1096,27:35,8:53,M 55-59/102,M-59,952,27:35,57.68%
1009,Joey Tappon,"Long Beach, CA",154,27:35,8:53,Unknown/268,M-27,953,27:49,46.80%
1010,Jennifer Scanlon,"Evanston, IL",4636,27:37,8:54,Unknown/57,F-42,57,28:05,56.34%
1011,Steve Hepting,"Carlsbad, CA",7433,27:37,8:54,M 40-44/230,M-40,954,28:23,49.46%
1012,Astrid Cybulskis,"San Diego, CA",123,27:38,8:54,Unknown/58,F-34,58,28:36,53.95%
1013,Bert Kramer,"Vista, CA",1871,27:40,8:55,M 45-49/240,M-48,955,28:13,52.50%
1014,Timothy McCool,"Encinitas, CA",1443,27:41,8:55,M 50-54/173,M-50,956,28:32,53.31%
1015,Richard Kalvoda,"Newport Coast, CA",7570,27:41,8:55,M 40-44/231,M-43,957,28:24,50.48%
1016,Michael Wissler,"Vista, CA",7897,27:41,8:55,M 45-49/241,M-48,958,28:35,52.47%
1017,Walt Dendaas,"Rancho Santa Fe, CA",8368,27:42,8:55,M 50-54/174,M-51,959,28:17,53.70%
1018,John Brown,"Oceanside, CA",7259,27:42,8:55,M 60-64/63,M-64,960,28:33,60.02%
1019,Norman Barrett,"San Diego, CA",124,27:42,8:55,M 45-49/242,M-45,961,28:41,51.23%
1020,Rick Rutstein,"La Jolla, CA",7547,27:44,8:56,M 50-54/175,M-53,962,28:24,54.54%
1021,Yessica O'Connor,"Vista, CA",264,27:45,8:56,Unknown/59,F-26,59,28:20,53.37%
1022,Martin Madison,"Carlsbad, CA",8333,27:45,8:56,M 45-49/243,M-46,963,27:45,51.50%
1023,Dan Luckhardt,"Carlsbad, CA",7182,27:46,8:57,M 50-54/176,M-52,964,28:17,53.99%
1024,Mark Harrison,"Vista, CA",7217,27:46,8:57,M 45-49/244,M-47,965,28:35,51.89%
1025,John E Shellenberger,"Carlsbad, CA",4388,27:47,8:57,M 65-69/19,M-69,966,27:57,62.79%
1026,Holly Yamada,"San Marino, CA",280,27:47,8:57,Unknown/60,F-47,60,27:59,58.76%
1027,Christina Jones,"Temecula, CA",208,27:48,8:57,Unknown/61,F-46,61,28:21,58.07%
1028,Linda Clark,"Temecula, CA",210,27:48,8:57,Unknown/62,F-49,62,28:21,60.17%
1029,Kelley Magill,"San Diego, CA",251,27:49,8:58,Unknown/63,F-46,63,28:32,58.03%
1030,Caesar Nanquil,"Poway, CA",7575,27:50,8:58,M 45-49/245,M-45,967,28:41,50.99%
1031,David Bautista,"Chula Vista, CA",7924,27:50,8:58,M 45-49/246,M-46,968,28:41,51.35%
1032,Michael Allen,"Oceanside, CA",10232,27:50,8:58,M 45-49/247,M-49,969,28:18,52.61%
1033,Kendal White,"Escondido, CA",1779,27:50,8:58,M 45-49/248,M-45,970,28:19,50.99%
1034,Michael Rucker,"Hermosa Beach, CA",204,27:51,8:58,Unknown/269,M-36,971,28:09,47.66%
1035,Everett Williams,"Carlsbad, CA",3010,27:52,8:59,Unknown/270,M-9,972,28:20,58.71%
1036,Daniel Vine,"Solana Beach, CA",10204,27:53,8:59,M 40-44/232,M-44,973,28:35,50.48%
1037,Pete Kane,"San Diego, CA",1417,27:53,8:59,M 60-64/64,M-61,974,28:25,58.07%
1038,Tim Boelter,"Carlsbad, CA",7529,27:54,8:59,M 40-44/233,M-42,975,28:39,49.67%
1039,William Hill,"Bonita, CA",4146,27:54,8:59,M 55-59/103,M-59,976,28:40,57.02%
1040,Denny Shea,"El Cajon, CA",1419,27:55,8:59,M 65-69/20,M-65,977,28:05,60.10%
1041,Rick Cuellar,"San Marcos, CA",10047,27:55,9:00,M 45-49/249,M-45,978,28:19,50.84%
1042,Terry Bridges,"Newport Beach, CA",7429,27:56,9:00,M 65-69/21,M-68,979,28:22,61.79%
1043,Lori Speelhoffer,"San Diego, CA",104,27:58,9:00,Unknown/64,F-30,64,28:51,52.95%
1044,Elise Arana,"San Diego, CA",106,27:59,9:01,Unknown/65,F-34,65,28:51,53.28%
1045,Elsa Noll,"Oceanside, CA",7812,27:59,9:01,Unknown/66,F-48,66,28:41,59.06%
1046,Michael Nardozza,"Encinitas, CA",7213,28:00,9:01,M 40-44/234,M-44,980,29:01,50.27%
1047,Richard Bobick,"Escondido, CA",4220,28:00,9:01,M 60-64/65,M-64,981,28:55,59.38%
1048,Ruben Nunez,"Carlsbad, CA",7406,28:00,9:01,M 45-49/250,M-46,982,28:51,51.04%
1049,Carl Petersen,"Sunnyvale, CA",7431,28:01,9:01,M 70-74/15,M-71,983,28:10,63.75%
1050,Vince Nobile,"Oceanside, CA",8628,28:01,9:02,M 60-64/66,M-62,984,28:58,58.27%
1051,Harold Bryant,"San Diego, CA",1453,28:02,9:02,M 55-59/104,M-59,985,28:43,56.75%
1052,Kelly Clark,"San Diego, CA",273,28:02,9:02,Unknown/67,F-26,67,28:32,52.83%
1053,Don Thomas,"Fallbrook, CA",1356,28:05,9:03,M 65-69/22,M-66,986,28:25,60.33%
1054,Terry Thompson,"Poway, CA",7836,28:07,9:03,M 60-64/67,M-60,987,29:04,57.06%
1055,Jesus Cadengo,"Riverside, CA",8452,28:08,9:04,M 55-59/105,M-56,988,28:08,55.13%
1056,Kim Pooler,"Anaheim, CA",2008,28:09,9:04,Unknown/68,F-34,68,29:07,52.96%
1057,Chris Merriott,"Devon, AB",7686,28:11,9:05,Unknown/69,F-43,69,29:05,55.68%
1058,Lydia Martinez,"Vista, CA",187,28:12,9:05,Unknown/70,F-43,70,28:51,55.65%
1059,David Roberts,"Carlsbad, CA",4310,28:12,9:05,M 50-54/177,M-54,989,29:06,54.05%
1060,Joshua Miller,"San Diego, CA",145,28:15,9:06,Unknown/271,M-25,990,28:51,45.69%
1061,Angela Bull,"San Diego, CA",3482,28:15,9:06,Unknown/71,F-27,71,28:52,52.42%
1062,Paul May,"Oceanside, CA",4251,28:16,9:06,M 40-44/235,M-42,991,28:49,49.03%
1063,Michael Voeltz,"Riverside, CA",8526,28:16,9:06,M 40-44/236,M-41,992,29:10,48.67%
1064,Eric Stover,"Mission Viejo, CA",10179,28:17,9:07,M 40-44/237,M-40,993,28:37,48.29%
1065,Allert Boersma,"Carlsbad, CA",1758,28:20,9:07,M 70-74/16,M-71,994,29:18,63.04%
1066,John Andrews,"Del Mar, CA",1145,28:20,9:08,M 40-44/238,M-44,995,28:58,49.68%
1067,Joe Newmyer,"Oceanside, CA",7524,28:21,9:08,M 75-79/2,M-77,996,29:02,69.41%
1068,John Thomas,"Carlsbad, CA",1174,28:21,9:08,M 65-69/23,M-65,997,28:55,59.18%
1069,William Sarrus,"Tustin, CA",4447,28:22,9:08,M 55-59/106,M-55,998,28:46,54.20%
1070,Edward Chew,"San Diego, CA",1222,28:22,9:08,M 40-44/239,M-42,999,28:50,48.85%
1071,Jeffrey Mason,"San Diego, CA",109,28:22,9:08,Unknown/272,M-38,1000,29:01,47.44%
1072,Michael Gualtieri,"Placentia, CA",1026,28:23,9:08,M 45-49/251,M-48,1001,29:25,51.18%
1073,George Sawyer,"Chula Vista, CA",1747,28:24,9:09,M 50-54/178,M-50,1002,29:13,51.97%
1074,Adrian Loyo,"Vista, CA",4473,28:24,9:09,M 40-44/240,M-44,1003,28:58,49.56%
1075,Brien Thompson,"San Diego, CA",7380,28:24,9:09,M 50-54/179,M-50,1004,29:00,51.97%
1076,Robert Saunders,"Vista, CA",7229,28:25,9:09,M 55-59/107,M-56,1005,28:53,54.58%
1077,Philip Retson,"San Diego, CA",4945,28:28,9:10,M 50-54/180,M-52,1006,29:04,52.67%
1078,Doug Hamilton,"Redondo Beach, CA",4564,28:29,9:10,M 60-64/68,M-60,1007,28:53,56.32%
1079,Corey Johnson,"San Diego, CA",6033,28:29,9:10,Unknown/72,F-27,72,28:59,51.99%
1080,David San Miguel,"Lake Elsinore, CA",9317,28:29,9:11,M 45-49/252,M-48,1008,29:26,51.00%
1081,Lisa Sandoval,"Murrieta, CA",4698,28:30,9:11,Unknown/73,F-44,73,29:04,55.53%
1082,John Mattia,"Vista, CA",4736,28:30,9:11,M 50-54/181,M-52,1009,29:04,52.60%
1083,Kelly Falcone,"Vista, CA",141,28:30,9:11,Unknown/74,F-29,74,28:50,51.96%
1084,Hugh Gerhardt,"Carlsbad, CA",1587,28:30,9:11,M 50-54/182,M-52,1010,28:49,52.60%
1085,Vic Dennis,"San Diego, CA",8253,28:31,9:11,M 65-69/24,M-68,1011,29:04,60.53%
1086,Lucy Davis,"Vista, CA",151,28:35,9:12,Unknown/75,F-47,75,29:22,57.12%
1087,Ed Arkans,"Carlsbad, CA",1166,28:35,9:12,M 55-59/108,M-55,1012,29:44,53.79%
1088,Keith Oetjen,"Gilbert, AZ",10183,28:36,9:13,M 40-44/241,M-41,1013,29:30,48.10%
1089,Kent White,"La Crescenta, CA",1856,28:38,9:13,M 60-64/69,M-62,1014,29:13,57.02%
1090,Jim Emmerling,"La Mirada, CA",10253,28:39,9:14,M 50-54/183,M-53,1015,29:06,52.79%
1091,Ed Carberry,"Encinitas, CA",7712,28:39,9:14,M 50-54/184,M-54,1016,29:06,53.17%
1092,Kc Bean,"Vista, CA",4588,28:40,9:14,M 45-49/253,M-45,1017,29:30,49.51%
1093,Amanda Barth,"Aliso Viejo, CA",100,28:41,9:14,Unknown/76,F-36,76,29:14,52.38%
1094,Michael Stellar,"San Clemente, CA",10255,28:42,9:15,M 50-54/185,M-54,1018,29:39,53.11%
1095,Brad Cano,"San Diego, CA",8502,28:45,9:15,M 50-54/186,M-51,1019,29:42,51.74%
1096,Stephen Heniges,"Carlsbad, CA",4897,28:45,9:16,M 50-54/187,M-50,1020,29:24,51.33%
1097,Chris Campion,"San Diego, CA",9211,28:45,9:16,M 45-49/254,M-46,1021,29:44,49.71%
1098,Glenn Busse,"Vista, CA",4591,28:46,9:16,M 45-49/255,M-46,1022,29:33,49.68%
1099,Willy Goltz,"Beaumont, CA",7230,28:46,9:16,M 65-69/25,M-68,1023,29:21,60.00%
1100,Randy Lehmer,"Trabuco Canyon, CA",8612,28:48,9:16,M 50-54/188,M-52,1024,29:03,52.06%
1101,David Stong,"Oceanside, CA",7541,28:48,9:17,M 50-54/189,M-50,1025,29:12,51.24%
1102,Luis Barajas,"Spring Valley, CA",4136,28:48,9:17,M 55-59/109,M-55,1026,29:27,53.39%
1103,Brian Butchko,"Carlsbad, CA",1093,28:48,9:17,M 55-59/110,M-58,1027,29:37,54.78%
1104,Damon Smith,"San Diego, CA",4212,28:49,9:17,M 40-44/242,M-40,1028,29:43,47.40%
1105,Jerry Colling,"Carlsbad, CA",4510,28:49,9:17,M 75-79/3,M-77,1029,29:20,68.29%
1106,Brad Lousberg,"Oceanside, CA",4732,28:50,9:17,M 50-54/190,M-51,1030,29:25,51.59%
1107,Mario Yco,"Encinitas, CA",7607,28:53,9:18,M 60-64/70,M-60,1031,29:29,55.54%
1108,Martha Smith,"San Diego, CA",3476,28:54,9:18,Unknown/77,F-11,77,29:42,57.59%
1109,Rick Tambio,"Ramona, CA",7711,28:54,9:18,M 50-54/191,M-53,1032,29:50,52.34%
1110,Frank Kuiper,"Alpine, CA",1851,28:55,9:19,M 55-59/111,M-58,1033,29:21,54.56%
1111,Jim Cordova,"Encinitas, CA",4111,28:58,9:20,M 50-54/192,M-50,1034,29:37,50.95%
1112,Larry Kirsch,"CARLSBAD, CA",8421,28:59,9:20,M 50-54/193,M-51,1035,29:43,51.32%
1113,Glenn Silverman,"Del Mar, CA",4144,29:00,9:20,M 55-59/112,M-58,1036,29:47,54.40%
1114,Lonny Lazaro,"Poway, CA",4949,29:03,9:21,M 65-69/26,M-69,1037,29:27,60.05%
1115,John Childs,"Carlsbad, CA",7085,29:03,9:21,M 45-49/256,M-45,1038,30:08,48.85%
1116,Victor Bustos,"Carlsbad, CA",10157,29:04,9:22,M 55-59/113,M-56,1039,29:53,53.36%
1117,Doug Depoister,"Carlsbad, CA",1168,29:04,9:22,M 55-59/114,M-56,1040,29:38,53.36%
1118,Chris Duggan,"Poway, CA",7871,29:04,9:22,M 50-54/194,M-54,1041,29:42,52.44%
1119,Stephen Wilkinson,"Santee, CA",112,29:05,9:22,Unknown/273,M-36,1042,29:47,45.64%
1120,Anthony Reynoso,"Carlsbad, CA",7402,29:06,9:22,M 40-44/243,M-44,1043,29:45,48.37%
1121,Arthur Hammons,"La Jolla, CA",7005,29:07,9:22,M 65-69/27,M-66,1044,29:56,58.19%
1122,Roger Leighton,"Oceanside, CA",1074,29:07,9:23,M 45-49/257,M-49,1045,29:18,50.29%
1123,James McCann,"Fullerton, CA",1037,29:11,9:24,M 55-59/115,M-59,1046,29:26,54.51%
1124,Bill Kellaway,"CARLSBAD, CA",9326,29:11,9:24,M 45-49/258,M-46,1047,29:30,48.97%
1125,Glenn Nelson,"San Diego, CA",4367,29:14,9:25,M 55-59/116,M-55,1048,29:57,52.60%
1126,David Garcia,"Temecula, CA",1559,29:15,9:25,M 45-49/259,M-49,1049,30:02,50.06%
1127,Chad Rothbart,"San Diego, CA",2494,29:16,9:25,Unknown/274,M-31,1050,29:26,44.33%
1128,David Van Verst,"Hemet, CA",4556,29:16,9:26,M 55-59/117,M-56,1051,30:13,52.99%
1129,Tom Boyle,"Valley Center, CA",10085,29:17,9:26,M 55-59/118,M-56,1052,30:08,52.96%
1130,Gene Rathswohl,"San Diego, CA",7618,29:18,9:26,M 40-44/244,M-41,1053,29:37,46.96%
1131,Sharon Hackley,"Del Mar, CA",4777,29:18,9:26,Unknown/78,F-44,78,30:33,54.01%
1132,Ray Strutton,"Temecula, CA",1614,29:18,9:26,M 45-49/260,M-48,1054,29:58,49.57%
1133,Barry Wheatley,"Oceanside, CA",9513,29:18,9:26,M 40-44/245,M-40,1055,29:55,46.61%
1134,Kristen Tremblay,"San Diego, CA",2291,29:20,9:27,Unknown/79,F-30,79,29:50,50.48%
1135,Paul Tremblay,"La Mesa, CA",1542,29:20,9:27,M 55-59/119,M-56,1056,29:50,52.87%
1136,Silvia Toma,"San Diego, CA",1700,29:21,9:27,Unknown/80,F-41,80,30:08,52.61%
1137,Michael Salazar,"San Diego, CA",7489,29:22,9:27,M 45-49/261,M-48,1057,30:06,49.46%
1138,Chris Thompson,"Escondido, CA",1032,29:24,9:28,M 55-59/120,M-56,1058,29:41,52.75%
1139,Donald Cravens,"Vista, CA",10081,29:24,9:28,M 55-59/121,M-55,1059,30:26,52.30%
1140,Tom Tomlinson,"Murrieta, CA",8604,29:24,9:28,M 60-64/71,M-60,1060,29:50,54.57%
1141,William Barber,"Oceanside, CA",8632,29:26,9:29,Unknown/275,M-36,1061,29:55,45.10%
1142,Michal Poberzyn,"Perris, CA",8337,29:27,9:29,Unknown/276,M-11,1062,30:11,51.98%
1143,Todd Hunt,"San Diego, CA",4720,29:27,9:29,M 45-49/262,M-48,1063,30:21,49.32%
1144,Dean Anderson,"Mission Viejo, CA",4159,29:30,9:30,M 65-69/28,M-66,1064,29:40,57.43%
1145,Jessica Soler,"CARLSBAD, CA",8246,29:30,9:30,Unknown/81,F-17,81,30:04,51.27%
1146,Richard Duquette,"Carlsbad, CA",1313,29:31,9:30,M 55-59/122,M-55,1065,30:15,52.09%
1147,Randy Malan,"Escondido, CA",4892,29:31,9:30,M 55-59/123,M-57,1066,30:28,52.99%
1148,Edward Philbrick,"San Marcos, CA",4239,29:32,9:31,M 40-44/246,M-41,1067,29:48,46.58%
1149,Alex Kapitanski,"Carlsbad, CA",1191,29:33,9:31,M 50-54/195,M-54,1068,29:40,51.58%
1150,Bruce Kermott,"Carlsbad, CA",10267,29:33,9:31,M 55-59/124,M-59,1069,30:25,53.84%
1151,Kevin Small,"San Diego, CA",4545,29:33,9:31,M 50-54/196,M-51,1070,30:05,50.34%
1152,Osvaldo Steve Velez,"Torrance, CA",7248,29:33,9:31,M 50-54/197,M-50,1071,30:13,49.94%
1153,Gary Menely,"Carlsbad, CA",8257,29:33,9:31,M 55-59/125,M-55,1072,30:30,52.03%
1154,Jani Wilson,"Costa Mesa, CA",1625,29:35,9:32,Unknown/82,F-55,82,30:29,61.05%
1155,Marissa Noll,"Oceanside, CA",6477,29:37,9:32,Unknown/83,F-18,83,30:18,50.56%
1156,Fred German,"Champaign, IL",167,29:38,9:32,M 40-44/247,M-44,1073,30:32,47.50%
1157,Pete Petersen,"Carlsbad, CA",7303,29:39,9:33,M 65-69/29,M-68,1074,30:46,58.21%
1158,James McCallum,"San Diego, CA",7444,29:39,9:33,M 45-49/263,M-46,1075,30:41,48.20%
1159,Howard Duncan,"Oceanside, CA",1070,29:43,9:34,M 45-49/264,M-48,1076,29:50,48.88%
1160,Ed Karas,"San Diego, CA",1424,29:44,9:34,M 70-74/17,M-74,1077,30:03,62.70%
1161,Teri Jones,"Wellton, AZ",202,29:44,9:35,Unknown/84,F-50,84,30:34,56.93%
1162,Ashley Davis,"Yuma, AZ",240,29:46,9:35,Unknown/85,F-32,85,30:35,49.86%
1163,Veronica Ferencz,"San Clemente, CA",168,29:46,9:35,Unknown/86,F-48,86,30:21,55.52%
1164,Patrick Harhan,"Herndon, VA",1583,29:46,9:35,M 45-49/265,M-49,1078,30:01,49.19%
1165,Donald Wells,"Carlsbad, CA",1487,29:47,9:36,M 45-49/266,M-46,1079,30:28,47.98%
1166,Christopher Alcudia,"Los Angeles, CA",10158,29:47,9:36,M 55-59/126,M-56,1080,30:44,52.07%
1167,David Mitchell,"Fillmore, CA",1462,29:49,9:36,M 70-74/18,M-71,1081,30:42,59.90%
1168,John Weber,"Vista, CA",7297,29:49,9:36,M 40-44/248,M-44,1082,30:52,47.20%
1169,Richard Delaney,"Jamul, CA",7707,29:50,9:36,M 45-49/267,M-49,1083,30:50,49.08%
1170,Joan McDonald,"Encinitas, CA",7071,29:50,9:36,Unknown/87,F-51,87,30:52,57.46%
1171,Kenneth Martinez,"Carlsbad, CA",7091,29:51,9:37,M 55-59/127,M-57,1084,30:24,52.40%
1172,Gary Bailey,"Menifee, CA",4246,29:51,9:37,M 65-69/30,M-67,1085,30:29,57.26%
1173,Susan Pelletier,"Cardiff, CA",170,29:52,9:37,Unknown/88,F-49,88,30:42,56.00%
1174,Jenna Romeo,"San Diego, CA",191,29:52,9:37,Unknown/89,F-25,89,30:42,49.58%
1175,Tom Pollock,"Encinitas, CA",8349,29:53,9:37,M 50-54/198,M-53,1086,30:21,50.61%
1176,John Hammonds,"Huntington Beach, CA",9018,29:53,9:37,M 55-59/128,M-59,1087,30:17,53.24%
1177,Richard Bockhorst,"Vista, CA",7302,29:55,9:38,M 60-64/72,M-64,1088,30:44,55.57%
1178,Mark Filer,"Escondido, CA",1186,29:55,9:38,M 50-54/199,M-51,1089,30:38,49.72%
1179,Allison Gracer,"CARLSBAD, CA",8247,29:56,9:38,Unknown/90,F-17,90,30:29,50.53%
1180,David Pursley,"Daly City, CA",1595,29:56,9:38,M 55-59/129,M-56,1090,30:24,51.81%
1181,Donald Fosket,"Carlsbad, CA",7432,29:57,9:39,M 70-74/19,M-72,1091,30:51,60.41%
1182,Sean O'Rourke,"Escondido, CA",7771,29:57,9:39,M 40-44/249,M-42,1092,30:50,46.27%
1183,David Mugg,"San Marcos, CA",4152,29:57,9:39,M 60-64/73,M-61,1093,30:31,54.06%
1184,David Lavelle,"Corona, CA",1418,29:59,9:39,M 60-64/74,M-61,1094,30:49,54.00%
1185,Madison Geist,"Escondido, CA",8455,30:00,9:40,Unknown/91,F-16,91,30:37,51.03%
1186,Michael O'Grady,"Encinitas, CA",4150,30:00,9:40,M 55-59/130,M-59,1095,31:11,53.03%
1187,Michael Seyle,"Carlsbad, CA",7864,30:01,9:40,M 50-54/200,M-51,1096,30:58,49.56%
1188,John McDougall,"San Diego, CA",7891,30:02,9:40,M 45-49/268,M-45,1097,30:47,47.25%
1189,Ken Killian,"Auburn, WA",1691,30:03,9:41,M 60-64/75,M-64,1098,30:45,55.33%
1190,Richard Bosch,"Cardiff By The Sea, CA",1800,30:03,9:41,M 65-69/31,M-69,1099,30:29,58.05%
1191,Carl Pope,"Carlsbad, CA",4840,30:05,9:41,M 45-49/269,M-49,1100,30:56,48.67%
1192,Richard Rosenberg,"San Diego, CA",1307,30:06,9:42,M 70-74/20,M-71,1101,30:30,59.34%
1193,Joe Lateer,"Carlsbad, CA",8445,30:06,9:42,M 50-54/201,M-52,1102,31:09,49.81%
1194,Rick Garcia,"Vista, CA",1057,30:07,9:42,M 40-44/250,M-43,1103,30:41,46.40%
1195,Hg Vanderwork,"Capistrano Beach, CA",9509,30:07,9:42,M 55-59/131,M-58,1104,30:56,52.38%
1196,Alan Yamada,"San Marino, CA",10071,30:09,9:42,M 45-49/270,M-49,1105,31:01,48.56%
1197,Fred Deutsch,"Oceanside, CA",4336,30:12,9:43,M 60-64/76,M-62,1106,30:55,54.06%
1198,Kevin Jones,"Escondido, CA",7827,30:12,9:43,M 55-59/132,M-55,1107,30:55,50.91%
1199,Pam Medhurst,"San Diego, CA",243,30:13,9:44,Unknown/92,F-55,92,30:44,59.77%
1200,David Barnette,"Carlsbad, CA",1480,30:14,9:44,M 50-54/202,M-52,1108,31:04,49.59%
1201,John Gonzalez,"Oceanside, CA",10222,30:15,9:45,M 45-49/271,M-47,1109,31:05,47.63%
1202,Norma Martinez,"Fair Oaks, CA",7068,30:16,9:45,Unknown/93,F-48,93,30:59,54.60%
1203,Linda Goodman,"Yuma, AZ",153,30:18,9:45,Unknown/94,F-52,94,31:10,57.29%
1204,Linnette M Rivera,"Yuma, AZ",230,30:18,9:45,Unknown/95,F-39,95,31:11,50.30%
1205,Don Evans,"San Diego, CA",4193,30:18,9:45,M 60-64/77,M-61,1110,31:06,53.44%
1206,Dirk Stein,"Vista, CA",7568,30:19,9:46,M 40-44/251,M-42,1111,31:08,45.71%
1207,Cathy Hunter,"Cypress, CA",2841,30:20,9:46,Unknown/96,F-38,96,31:00,49.97%
1208,Paul Smith,"Burbank, CA",2935,30:20,9:46,Unknown/277,M-37,1112,31:00,44.04%
1209,Steven McGill,"Seal Beach, CA",1828,30:22,9:47,M 60-64/78,M-62,1113,30:36,53.76%
1210,Anthony Buono,"Poway, CA",1870,30:23,9:47,M 45-49/272,M-47,1114,31:21,47.42%
1211,Linda Gartner,"Encinitas, CA",136,30:24,9:47,Unknown/97,F-43,97,30:51,51.62%
1212,Thomas Pulido,"Escondido, CA",1491,30:24,9:47,M 40-44/252,M-40,1115,30:57,44.93%
1213,Craig Burke,"Santee, CA",7276,30:25,9:48,M 45-49/273,M-48,1116,31:07,47.75%
1214,Tim Royse,"Blue Springs, MO",1045,30:26,9:48,M 65-69/32,M-69,1117,31:22,57.32%
1215,Kim Rey,"Riverside, CA",160,30:26,9:48,Unknown/98,F-51,98,31:24,56.33%
1216,Sandi Pulido,"Escondido, CA",2216,30:26,9:48,Unknown/99,F-38,99,30:59,49.78%
1217,Nick Hansen,"Ramona, CA",4911,30:28,9:49,M 70-74/21,M-70,1118,30:55,57.91%
1218,Kathy Bywater,"Riverside, CA",157,30:30,9:49,Unknown/100,F-39,100,31:29,49.97%
1219,Sandra Ferrel,"Vista, CA",10214,30:30,9:49,Unknown/101,F-46,101,31:00,52.93%
1220,Peggy Barreto,"Perris, CA",158,30:31,9:50,Unknown/102,F-49,102,31:29,54.81%
1221,Ernest Grant,"Encinitas, CA",10095,30:32,9:50,M 60-64/79,M-63,1119,31:24,53.96%
1222,Grace Grant,"Oceanside, CA",6682,30:33,9:50,Unknown/103,F-13,103,31:25,52.29%
1223,David Sofranko,"San Diego, CA",1912,30:34,9:51,M 55-59/133,M-58,1120,31:11,51.61%
1224,Deborah Anderson,"Corona Del Mar, CA",1624,30:34,9:51,Unknown/104,F-52,104,31:28,56.79%
1225,Mike Erlanson,"San Diego, CA",176,30:36,9:51,Unknown/278,M-34,1121,31:20,42.89%
1226,Dana Ryan,"San Diego, CA",177,30:36,9:51,Unknown/105,F-36,105,31:20,49.10%
1227,Wayne Inman,"Oceanside, CA",1153,30:41,9:53,M 45-49/274,M-48,1122,31:37,47.34%
1228,John Weems,"Sherman Oaks, CA",4664,30:42,9:53,M 50-54/203,M-54,1123,31:20,49.65%
1229,Marco Lopez,"Oceanside, CA",4263,30:42,9:53,M 45-49/275,M-49,1124,31:37,47.69%
1230,Robert McAllister,"Placentia, CA",1028,30:45,9:54,M 45-49/276,M-49,1125,31:47,47.61%
1231,Stuart Russell,"Vista, CA",7139,30:45,9:54,M 45-49/277,M-46,1126,31:33,46.48%
1232,Jim Weinberger,"Carlsbad, CA",7300,30:45,9:54,M 60-64/80,M-61,1127,31:17,52.66%
1233,Jerry Morgan,"Escondido, CA",4153,30:46,9:54,M 60-64/81,M-61,1128,31:33,52.63%
1234,Bill Mittendorff,"San Diego, CA",4976,30:46,9:55,M 60-64/82,M-61,1129,31:39,52.63%
1235,Michael Carlson,"Escondido, CA",3002,30:47,9:55,Unknown/279,M-24,1130,31:33,41.93%
1236,Ralph Philbrick,"Santa Barbara, CA",4460,30:47,9:55,M 75-79/4,M-75,1131,30:47,61.59%
1237,Homer Eaton,"Carlsbad, CA",1626,30:48,9:55,M 65-69/33,M-67,1132,31:33,55.50%
1238,Jennifer Richardson,"San Diego, CA",6762,30:48,9:55,Unknown/106,F-29,106,31:33,48.08%
1239,Bob Holmes,"San Diego, CA",7096,30:48,9:55,M 80-84/2,M-80,1133,31:09,68.27%
1240,Kerri Lima,"Spring Valley, CA",7199,30:48,9:55,Unknown/107,F-48,107,31:09,53.65%
1241,Mitchel Karp,"San Diego, CA",7025,30:48,9:55,M 70-74/22,M-73,1134,31:39,59.61%
1242,Richard West,"Cypress, CA",111,30:50,9:56,M 55-59/134,M-59,1135,31:41,51.60%
1243,David Macy-Beckwith,"Oceanside, CA",1407,30:51,9:56,M 50-54/204,M-54,1136,31:55,49.41%
1244,Robert Simpson,"Huntington Beach, CA",1089,30:54,9:57,M 55-59/135,M-56,1137,31:44,50.19%
1245,Dennis Mitchell,"Yorba Linda, CA",4563,30:55,9:57,M 55-59/136,M-59,1138,31:40,51.46%
1246,Leonard Ukrainetz,"Escondido, CA",7911,30:58,9:59,M 65-69/34,M-65,1139,31:26,54.14%
1247,David Ambrose,"Quartz Hill, CA",7802,31:01,9:59,M 40-44/253,M-43,1140,31:37,45.05%
1248,Kim West,"Oceanside, CA",108,31:02,10:00,Unknown/108,F-47,108,31:39,52.61%
1249,Allen Phillips,"Vista, CA",7020,31:02,10:00,M 55-59/137,M-59,1141,31:56,51.26%
1250,Paul Acosta,"Carlsbad, CA",4734,31:03,10:00,M 50-54/205,M-51,1142,31:03,47.91%
1251,Harold Nitowitz,"Carlsbad, CA",4694,31:07,10:01,M 40-44/254,M-43,1143,31:50,44.91%
1252,Michael Rupp,"Corona, CA",1072,31:09,10:02,M 45-49/278,M-49,1144,31:26,47.00%
1253,Erich Wilms,"Encinitas, CA",1931,31:09,10:02,M 45-49/279,M-46,1145,32:17,45.88%
1254,Alan Brown,"San Diego, CA",7773,31:12,10:03,M 45-49/280,M-45,1146,32:01,45.48%
1255,James Anderson,"Santa Clarita, CA",1432,31:14,10:03,M 40-44/255,M-43,1147,32:12,44.74%
1256,Sharon Boles,"Mission Viejo, CA",257,31:16,10:04,Unknown/109,F-41,109,31:57,49.39%
1257,Colin Holman,"Solana Beach, CA",1756,31:18,10:05,M 65-69/35,M-67,1148,32:24,54.61%
1258,Dan Florez,"Laguna Hills, CA",1079,31:19,10:05,M 50-54/206,M-51,1149,32:06,47.50%
1259,Karen Ryan,"Carlsbad, CA",7004,31:19,10:05,Unknown/110,F-60,110,32:19,61.77%
1260,Scott Hannum,"Carlsbad, CA",7690,31:19,10:05,M 40-44/256,M-43,1150,31:49,44.62%
1261,John Koziel,"Buena Park, CA",7036,31:20,10:05,M 50-54/207,M-52,1151,31:27,47.84%
1262,Don Nelson,"Oceanside, CA",4200,31:21,10:06,M 70-74/23,M-73,1152,32:01,58.56%
1263,Thad Pracht,"Fallbrook, CA",1783,31:22,10:06,M 45-49/281,M-48,1153,31:51,46.31%
1264,Christine Burke,"Carlsbad, CA",113,31:23,10:06,Unknown/111,F-39,111,32:14,48.57%
1265,Richard Smith,"Yorba Linda, CA",7061,31:24,10:07,M 55-59/138,M-56,1154,32:12,49.39%
1266,Don Krause,"National City, CA",7927,31:24,10:07,M 45-49/282,M-47,1155,32:02,45.88%
1267,Frank Gragnetto,"Carlsbad, CA",4294,31:25,10:07,M 45-49/283,M-45,1156,32:12,45.17%
1268,John Searcey,"Carlsbad, CA",10266,31:25,10:07,M 55-59/139,M-59,1157,32:21,50.64%
1269,Wendy McMillan,"Carlsbad, CA",10225,31:25,10:07,Unknown/112,F-47,112,32:21,51.96%
1270,Billy House,"Carlsbad, CA",8566,31:26,10:07,M 50-54/208,M-50,1158,32:27,46.95%
1271,Alan Banks,"Crestline, CA",7719,31:27,10:08,M 65-69/36,M-69,1159,32:09,55.46%
1272,Jim Johnson,"Carlsbad, CA",1214,31:28,10:08,M 50-54/209,M-52,1160,32:21,47.64%
1273,John Schierer,"Escondido, CA",4783,31:30,10:09,M 50-54/210,M-51,1161,32:25,47.22%
1274,William Fletcher,"Murrieta, CA",10141,31:30,10:09,M 45-49/284,M-48,1162,32:05,46.11%
1275,Chuck Franklin,"San Diego, CA",4297,31:34,10:10,M 45-49/285,M-49,1163,32:22,46.38%
1276,Eduardo Lopez,"Chula Vista, CA",8630,31:35,10:10,M 40-44/257,M-41,1164,32:12,43.56%
1277,Mac McSherry,"Carlsbad, CA",4810,31:36,10:11,M 55-59/140,M-58,1165,32:12,49.92%
1278,Jenny Threw,"Oceanside, CA",4704,31:38,10:11,Unknown/113,F-45,113,31:38,50.50%
1279,Michelle Hartshorn,"Carlsbad, CA",6802,31:39,10:11,Unknown/114,F-26,114,32:44,46.79%
1280,Bart Dickins,"La Canada, CA",10159,31:39,10:11,M 55-59/141,M-57,1166,32:44,49.42%
1281,Richard Tibbs,"Placentia, CA",4882,31:39,10:12,M 55-59/142,M-59,1167,32:20,50.26%
1282,David Fairchilds,"Woodland, CA",4988,31:40,10:12,M 65-69/37,M-65,1168,32:22,52.98%
1283,Gary Morris,"San Marcos, CA",4663,31:46,10:14,M 50-54/211,M-53,1169,32:44,47.61%
1284,Michelle Palmer,"Irvine, CA",271,31:47,10:14,Unknown/115,F-58,115,35:37,59.18%
1285,Linda Jones,"San Marcos, CA",165,31:47,10:14,Unknown/116,F-38,116,32:34,47.69%
1286,Shirlene Barnes,"Carlsbad, CA",9316,31:49,10:15,Unknown/117,F-42,117,32:36,48.90%
1287,Rick Donahoo,"Temecula, CA",8516,31:49,10:15,M 50-54/212,M-52,1170,32:50,47.12%
1288,Stephen Osborne,"Redding, CA",7092,31:50,10:15,M 60-64/83,M-61,1171,32:43,50.86%
1289,Ed Carter,"San Diego, CA",8437,31:52,10:16,M 55-59/143,M-58,1172,32:15,49.50%
1290,"""Louis Jr"" Louk","San Diego, CA",7280,31:55,10:17,M 50-54/213,M-52,1173,32:50,46.97%
1291,Mark Carleson,"San Marcos, CA",8501,31:55,10:17,M 50-54/214,M-51,1174,32:54,46.60%
1292,Von Crockett,"Rancho Palos Verdes, CA",255,31:55,10:17,M 40-44/258,M-42,1175,32:43,43.42%
1293,Allan Peterson,"Escondido, CA",10269,31:55,10:17,M 60-64/84,M-60,1176,32:55,50.26%
1294,Thomas Critz,"Murrieta, CA",7335,31:57,10:17,M 50-54/215,M-54,1177,32:53,47.70%
1295,Brent Greening,"San Diego, CA",203,31:57,10:17,Unknown/280,M-35,1178,32:48,41.28%
1296,Scott Strand,"Escondido, CA",1348,31:59,10:18,M 45-49/286,M-46,1179,32:59,44.68%
1297,Derek Engleson,"Carlsbad, CA",8283,32:00,10:18,Unknown/281,M-32,1180,32:37,40.65%
1298,Peter Riddle,"Coronado, CA",4171,32:00,10:18,M 70-74/24,M-71,1181,32:18,55.78%
1299,Kellogg Boynton,"Encinitas, CA",7608,32:03,10:19,M 60-64/85,M-61,1182,32:23,50.52%
1300,Jay Patterson,"Encinitas, CA",1605,32:07,10:21,M 60-64/86,M-62,1183,33:04,50.83%
1301,Sal Fuentes,"San Marcos, CA",7391,32:09,10:21,M 65-69/38,M-66,1184,32:15,52.70%
1302,Chris Cammack,"Carlsbad, CA",7667,32:09,10:21,M 55-59/144,M-58,1185,33:02,49.04%
1303,Kent Kimberly,"Poway, CA",1685,32:12,10:22,M 50-54/216,M-53,1186,33:30,46.97%
1304,Mary Paez,"Trabuco Canyon, CA",8645,32:17,10:24,Unknown/118,F-52,118,33:30,53.77%
1305,Ben Hunter,"San Diego, CA",7254,32:20,10:25,M 55-59/145,M-56,1187,33:00,47.96%
1306,Ben Hernandez,"Fullerton, CA",8338,32:20,10:25,M 65-69/39,M-67,1188,33:04,52.86%
1307,Ronald Sugii,"Carlsbad, CA",4023,32:20,10:25,M 45-49/287,M-48,1189,33:16,44.92%
1308,Marc Delos Reyes,"Poway, CA",8404,32:21,10:25,M 40-44/259,M-40,1190,33:21,42.22%
1309,Stan Diengott,"Carlsbad, CA",4509,32:21,10:25,M 70-74/25,M-74,1191,33:14,57.63%
1310,Tom Vorndran,"Oceanside, CA",1067,32:27,10:27,M 45-49/288,M-48,1192,32:49,44.76%
1311,Mark Wilson,"Dana Point, CA",7266,32:28,10:27,M 40-44/260,M-44,1193,33:12,43.35%
1312,Alison Frommelt,"Carlsbad, CA",2068,32:28,10:27,Unknown/119,F-37,119,33:12,46.48%
1313,W Frommelt,"Carlsbad, CA",1172,32:28,10:27,M 60-64/87,M-61,1194,33:12,49.87%
1314,Dave Catchpole,"Carlsbad, CA",7960,32:29,10:28,M 45-49/289,M-46,1195,33:06,43.99%
1315,William Allen,"Ellicott City, MD",10161,32:30,10:28,M 55-59/146,M-57,1196,33:24,48.13%
1316,Bob Albright,"Basalt, CO",4622,32:31,10:28,M 65-69/40,M-68,1197,32:56,53.08%
1317,Larry Yazzie,"Escondido, CA",8413,32:33,10:29,M 55-59/147,M-59,1198,33:14,48.87%
1318,Jim North,"Vista, CA",10138,32:34,10:29,M 45-49/290,M-47,1199,33:15,44.24%
1319,Todd Threw,"Oceanside, CA",4705,32:35,10:30,M 45-49/291,M-45,1200,32:35,43.55%
1320,Skip De Young,"Woodland Hills, CA",1270,32:36,10:30,M 60-64/88,M-62,1201,33:07,50.08%
1321,Brian Kirby,"Oceanside, CA",4846,32:39,10:31,M 50-54/217,M-51,1202,33:03,45.56%
1322,Richard Forber,"Carlsbad, CA",1092,32:41,10:32,M 55-59/148,M-57,1203,33:46,47.86%
1323,Stan Hopper,"Carlsbad, CA",1404,32:42,10:32,M 50-54/218,M-51,1204,33:19,45.49%
1324,Richard Liebig,"Solana Beach, CA",4157,32:52,10:35,M 60-64/89,M-63,1205,34:00,50.13%
1325,David Lance,"Cerritos, CA",4380,32:53,10:35,M 60-64/90,M-63,1206,33:27,50.10%
1326,Jose Cardenas,"Murrieta, CA",7454,32:53,10:35,M 55-59/149,M-55,1207,33:20,46.75%
1327,Dan Ryan,"Carlsbad, CA",7007,32:56,10:36,M 65-69/41,M-67,1208,33:51,51.90%
1328,John Ortiz,"San Pedro, CA",9017,32:57,10:37,M 50-54/219,M-52,1209,34:56,45.50%
1329,Bill Ruehle,"Carlsbad, CA",4260,33:00,10:38,M 65-69/42,M-66,1210,33:50,51.34%
1330,Gregg Warren,"Coronado, CA",1581,33:24,10:45,M 45-49/292,M-45,1211,33:56,42.49%
1331,Maria Cardenas,"Carlsbad, CA",8265,33:25,10:46,Unknown/120,F-45,120,33:25,47.80%
1332,Michael Clemen,"San Diego, CA",4701,33:29,10:47,M 45-49/293,M-45,1212,34:18,42.38%
1333,Karen Tolbert,"Matteson, IL",7310,33:34,10:49,Unknown/121,F-49,121,34:11,49.83%
1334,Lucia Nolan,"Vista, CA",7881,33:37,10:50,Unknown/122,F-41,122,34:10,45.93%
1335,Pemberton Smith,"Solana Beach, CA",4669,33:38,10:50,M 55-59/150,M-59,1213,34:33,47.30%
1336,Steve Starr,"La Canada, CA",7989,33:40,10:51,M 55-59/151,M-56,1214,34:25,46.06%
1337,Marc Caproni,"San Marcos, CA",8584,33:40,10:51,M 55-59/152,M-56,1215,34:15,46.06%
1338,Erich Obst,"Palm Desert, CA",120,33:41,10:51,M 60-64/91,M-61,1216,34:16,48.07%
1339,Louis Russo,"Alpine, CA",7256,33:41,10:51,M 55-59/153,M-57,1217,34:22,46.44%
1340,John Cahill,"Salt Lake City, UT",10006,33:41,10:51,M 80-84/3,M-84,1218,34:00,69.80%
1341,Phil Grooms,"San Diego, CA",1290,33:43,10:51,M 50-54/220,M-53,1219,34:31,44.86%
1342,Steven Naslund,"Yorba Linda, CA",125,33:45,10:52,M 50-54/221,M-51,1220,34:26,44.07%
1343,David Poberzyn,"Perris, CA",8336,33:47,10:53,Unknown/282,M-34,1221,34:30,38.85%
1344,Craig Kooper,"San Clemente, CA",5797,33:48,10:53,Unknown/283,M-36,1222,34:36,39.27%
1345,Anthony Tolbert,"Matteson, IL",7314,33:52,10:54,M 50-54/222,M-53,1223,34:30,44.66%
1346,Bill Riley,"Carlsbad, CA",7605,33:55,10:55,M 55-59/154,M-59,1224,34:36,46.90%
1347,Joel Rabe,"Hermosa Beach, CA",9004,33:57,10:56,M 55-59/155,M-58,1225,34:28,46.46%
1348,Ramiro Sanchez,"Vista, CA",4357,33:59,10:57,M 50-54/223,M-50,1226,35:04,43.42%
1349,Julie Shayestehmehr,"Carlsbad, CA",4247,34:01,10:57,Unknown/123,F-40,123,34:49,45.10%
1350,Thomas Kellett,"Carlsbad, CA",7083,34:04,10:58,M 40-44/261,M-43,1227,34:54,41.02%
1351,Diana Hunter,"McHenry, IL",1814,34:04,10:58,Unknown/124,F-58,124,34:50,55.21%
1352,Jeff Pfizenmaier,"Lemon Grove, CA",7761,34:10,11:00,M 50-54/224,M-54,1228,34:49,44.61%
1353,Miguel Alvarez,"Inglewood, CA",4914,34:14,11:02,M 40-44/262,M-43,1229,35:09,40.82%
1354,Roy Greene,"San Diego, CA",4391,34:18,11:03,M 70-74/26,M-71,1230,35:06,52.07%
1355,Don Sinclair,"Oceanside, CA",4678,34:27,11:06,M 65-69/43,M-67,1231,35:24,49.61%
1356,Armando Diaz,"Lakeside, CA",9512,34:29,11:06,M 55-59/156,M-57,1232,35:08,45.36%
1357,John Gormally,"San Marcos, CA",4940,34:33,11:07,M 45-49/294,M-45,1233,35:00,41.07%
1358,Mike Szuch,"Carlsbad, CA",7593,34:43,11:11,M 50-54/225,M-50,1234,35:24,42.51%
1359,Dennis Raettig,"Beaumont, CA",1829,34:44,11:11,M 60-64/92,M-63,1235,35:23,47.43%
1360,George Camp,"La Jolla, CA",1106,34:46,11:12,M 65-69/44,M-69,1236,35:00,50.17%
1361,Chistopher Geist,"San Marcos, CA",2449,34:52,11:14,Unknown/284,M-35,1237,35:28,37.83%
1362,Anthony Geist,"San Marcos, CA",2451,34:52,11:14,Unknown/285,M-38,1238,35:29,38.59%
1363,Dennis Geist,"San Marcos, CA",1934,34:52,11:14,M 55-59/157,M-59,1239,35:29,45.60%
1364,Rand Johnston,"CARLSBAD, CA",8225,34:53,11:14,M 60-64/93,M-61,1240,35:53,46.41%
1365,David Holbo,"San Diego, CA",8449,34:54,11:14,M 65-69/45,M-65,1241,35:43,48.06%
1366,Harvey Yarbrough,"San Marcos, CA",4481,34:57,11:15,M 45-49/295,M-48,1242,35:27,41.56%
1367,Scott Dickson,"Carlsbad, CA",1256,34:58,11:16,M 55-59/158,M-58,1243,35:42,45.11%
1368,Patrick Simmons,"San Marcos, CA",4659,35:03,11:17,M 50-54/226,M-50,1244,36:02,42.10%
1369,Mike Hartshorn,"Carlsbad, CA",10152,35:04,11:18,M 50-54/227,M-54,1245,36:10,43.46%
1370,Jim Westmoreland,"San Marcos, CA",4298,35:05,11:18,M 55-59/159,M-56,1246,36:09,44.20%
1371,Marty Breen,"Fullerton, CA",266,35:09,11:19,M 55-59/160,M-55,1247,36:02,43.74%
1372,Jim Garvin,"Carlsbad, CA",4087,35:11,11:20,M 45-49/296,M-45,1248,36:19,40.33%
1373,Cliff Wilson,"Poway, CA",1317,35:12,11:20,M 45-49/297,M-46,1249,35:45,40.60%
1374,Jacquelyn Moreno,"Poway, CA",8020,35:14,11:21,Unknown/125,F-39,125,35:55,43.26%
1375,Steve Hoffman,"Temecula, CA",1349,35:16,11:22,M 45-49/298,M-46,1250,35:26,40.52%
1376,Tyler Harris,"San Clemente, CA",3833,35:16,11:22,Unknown/286,M-12,1251,36:00,42.17%
1377,Lou Arallo,"San Marcos, CA",7520,35:17,11:22,M 50-54/228,M-51,1252,35:47,42.16%
1378,Fernando Dutra,"Whittier, CA",9309,35:19,11:22,M 45-49/299,M-49,1253,36:02,41.45%
1379,Richard Crater,"Woodland Hills, CA",1188,35:21,11:23,M 50-54/229,M-51,1254,35:36,42.08%
1380,Tony Buchanan,"Burbank, CA",10001,35:29,11:26,M 65-69/46,M-65,1255,35:49,47.27%
1381,Darren McBay,"Highland, CA",8357,35:34,11:27,M 40-44/263,M-41,1256,35:49,38.68%
1382,David Pound,"Vista, CA",1757,35:34,11:27,M 65-69/47,M-69,1257,36:24,49.04%
1383,Chuck Thomas,"Vista, CA",1127,35:57,11:35,M 60-64/94,M-60,1258,37:11,44.62%
1384,Rudy Dollete,"Oceanside, CA",1788,35:58,11:35,M 50-54/230,M-53,1259,36:55,42.05%
1385,Donald Mackay,"Carlsbad, CA",4507,36:01,11:36,M 65-69/48,M-68,1260,36:38,47.92%
1386,Melinda Guerrero,"Vista, CA",3603,36:02,11:36,Unknown/126,F-19,126,37:07,41.23%
1387,Andrew Guerrero,"Vista, CA",4589,36:02,11:36,M 45-49/300,M-45,1261,37:07,39.38%
1388,Will Ferguson,"Downey, CA",1550,36:05,11:37,M 65-69/49,M-66,1262,37:04,46.95%
1389,Dan Grandpre,"Solana Beach, CA",7471,36:08,11:38,M 75-79/5,M-76,1263,37:10,53.39%
1390,Andrew Gamboa,"Escondido, CA",1558,36:10,11:39,M 45-49/301,M-48,1264,36:57,40.16%
1391,Frank Gomez,"Vista, CA",7386,36:14,11:40,M 50-54/231,M-54,1265,37:11,42.06%
1392,Michele Yeater,"Los Angeles, CA",1016,36:15,11:40,Unknown/127,F-43,127,37:14,43.28%
1393,Stanley Tomlinson,"Carlsbad, CA",1235,36:17,11:41,M 65-69/50,M-67,1266,37:28,47.10%
1394,Stephen Patane,"Yuma, AZ",1911,36:20,11:42,M 50-54/232,M-52,1267,36:45,41.26%
1395,Val Guerra,"Chula Vista, CA",9020,36:25,11:43,M 50-54/233,M-53,1268,37:09,41.53%
1396,Jeff Arbuckle,"Aliso Viejo, CA",7966,36:30,11:45,M 45-49/302,M-47,1269,37:26,39.47%
1397,David Deavenport,"Chula Vista, CA",7497,36:30,11:45,M 55-59/161,M-55,1270,37:19,42.12%
1398,Stanley Cameron,"Orange, CA",4552,36:36,11:47,M 55-59/162,M-55,1271,37:46,42.00%
1399,David Ashcroft,"Solana Beach, CA",9519,36:46,11:51,M 50-54/234,M-52,1272,37:28,40.77%
1400,Keith Pressley,"Temecula, CA",1258,36:47,11:51,M 65-69/51,M-69,1273,37:22,47.42%
