Place,Name,Location,Bib,Net Time,Pace,Division/Place,Sex-Age,Sex-Place,Gun Time,Age Grade
1,Tyler Macdonald,"Beaumont, CA",111,38:02,6:08,M 16-99/1,M-18,1,38:02,73.07%
2,Kelsey Deforge,"Redlands, CA",59,42:11,6:48,F 16-99/1,F-25,1,42:11,71.94%
3,Andrew Paez,"Beaumont, CA",148,47:59,7:44,M 16-99/2,M-51,2,47:59,64.95%
4,William Pendley,"Beaumont, CA",153,50:48,8:11,M 16-99/3,M-35,3,50:48,54.04%
5,Nathan Strout,"Redlands, CA",208,51:02,8:13,M 16-99/5,M-30,4,51:16,52.76%
6,Chris Malcolm,"Wildomar, CA",336,51:03,8:13,M 16-99/4,M-52,5,51:03,61.20%
7,Becky Vasquez,"Riverside, CA",451,51:51,8:21,F 16-99/2,F-49,2,51:51,66.14%
8,Caleb Garcia,"Beaumont, CA",77,51:55,8:22,M 16-99/6,M-19,6,51:57,52.86%
9,Orinne Singer,"Beaumont, CA",273,52:30,8:27,F 16-99/3,F-52,3,52:30,67.77%
10,Grant Vorster,"Indian Wells, CA",218,52:40,8:29,M 16-99/7,M-35,7,52:41,52.11%
11,Seth Osterberg,"Long Beach, CA",272,53:40,8:39,M 16-99/8,M-26,8,53:53,50.05%
12,Jeff Bahler,"Beaumont, CA",20,53:59,8:42,M 16-99/9,M-35,9,54:15,50.83%
13,Janine Almanzor,"Riverside, CA",266,54:43,8:49,F 16-99/4,F-47,4,54:43,61.18%
14,Kamron Rajabpoor,"Cherry Valley, CA",164,55:37,8:57,M 16-99/10,M-20,10,55:39,48.80%
15,Kristin Rupp,"Beaumont, CA",177,56:07,9:02,F 16-99/5,F-40,5,56:07,56.00%
16,Robin Sick,"Beaumont, CA",267,56:19,9:04,F 16-99/6,F-57,6,56:19,67.50%
17,Nancy Connell,"Highland, CA",50,56:27,9:05,F 16-99/7,F-39,7,56:27,55.35%
18,Francella Defalco,"Beaumont, CA",58,56:57,9:10,F 16-99/8,F-28,8,56:57,53.28%
19,Stephanie Tickemyer,"Redlands, CA",329,58:16,9:23,F 16-99/9,F-42,9,58:42,54.74%
20,Patricia Hernandez,"Victorville, CA",331,58:17,9:23,F 16-99/10,F-42,10,58:41,54.72%
21,Wendy Miller,"San Bernardino, CA",134,58:23,9:24,F 16-99/11,F-42,11,58:23,54.63%
22,Bryan Benson,"Beaumont, CA",24,58:31,9:25,M 16-99/11,M-44,11,58:31,50.27%
23,Kevin Fuller,"Beaumont, CA",71,59:33,9:35,M 16-99/12,M-34,12,59:47,45.83%
24,Kuuipo Benson,"Beaumont, CA",27,1:00:57,9:49,F 16-99/12,F-44,12,1:01:19,53.20%
25,Ima Vejar,"Beaumont, CA",216,1:07:39,10:54,F 16-99/13,F-34,13,1:07:44,45.17%
26,Karla Diaz,"Beaumont, CA",62,1:07:41,10:54,F 16-99/14,F-38,14,1:07:45,45.89%
27,Lori Robillard,"Beaumont, CA",171,1:09:11,11:08,F 16-99/15,F-44,15,1:09:29,46.87%
28,Nicholas Kelly,"Beaumont, CA",330,1:13:47,11:53,M 16-99/13,M-40,13,1:14:01,38.52%
29,Monica Strout,"Redlands, CA",207,1:20:37,12:59,F 16-99/16,F-27,16,1:20:53,37.63%
30,Michael Ray,"Beaumont, CA",255,1:24:14,13:34,M NoAge/0,M-0,14,1:24:33, 0.00%
31,Barbara Ray,"Beaumont, CA",254,1:24:15,13:34,F NoAge/0,F-0,17,1:24:33, 0.00%
32,Jamie Santos,"Beaumont, CA",253,1:24:16,13:34,F 16-99/17,F-26,18,1:24:33,36.00%
33,Colleen Clark,"Beaumont, CA",47,1:28:41,14:17,F 16-99/18,F-43,19,1:29:00,36.24%
