Place,Name,Location,Bib,Net Time,Pace,Division/Place,Sex-Age,Sex-Place,Gun Time,Age Grade
1,Humberto Sanchez,"Torrance, CA",931,30:11,6:03,M 30-39/0,M-34,1,30:11,71.92%
2,David Quadhamer,"San Pedro, CA",855,30:22,6:05,M 30-39/1,M-35,2,30:24,71.83%
3,Jon Megeff,"Rancho Palos Verdes, CA",1396,30:52,6:11,M 40-49/1,M-46,3,30:53,76.61%
4,Travis Taylor,"Manhattan Beach, CA",1114,31:42,6:21,M 14-18/1,M-15,4,31:43,72.65%
5,Todd Dooley,"W Sacramento, CA",373,31:48,6:22,M 30-39/2,M-36,5,31:51,69.01%
6,Jonathan Nakai,"Rancho Palos Verdes, CA",779,32:19,6:28,M 14-18/2,M-16,6,32:20,70.12%
7,Ryo Taguchi,"Torrance, CA",1108,32:23,6:29,M 30-39/3,M-31,7,32:24,66.22%
8,Alex Megeff,"Rancho Palos Verdes, CA",725,32:23,6:29,M 14-18/3,M-16,8,32:24,69.98%
9,Jon Erskine,"Soquel, CA",394,32:24,6:29,M 30-39/4,M-38,9,32:27,68.66%
10,Jonathan Kim,"Rancho Palos Verdes, CA",602,32:27,6:30,M 14-18/4,M-15,10,32:29,70.97%
11,Shunsuke Asakura,"Rancho Palos Verdes, CA",173,32:37,6:32,M 14-18/5,M-16,11,32:38,69.48%
12,Norberto Santillan,"Long Beach, CA",1468,32:40,6:32,M 40-49/2,M-40,12,32:42,69.12%
13,Corey Razevich,"San Pedro, CA",1367,32:49,6:34,M 14-18/6,M-15,13,32:57,70.17%
14,Daniel Peterson,"Rancho Palos Verdes, CA",829,32:51,6:35,M 14-18/7,M-18,14,32:52,67.21%
15,Roman Esquivel,"San Pedro, CA",1287,33:11,6:39,M 30-39/5,M-35,15,33:12,65.73%
16,Ed Avol,"Manhattan Beach, CA",178,33:45,6:45,M 50-59/1,M-57,16,33:47,76.63%
17,Anthony Dominguez,"Santa Monica, CA",16,34:01,6:49,M 14-18/8,M-18,17,34:09,64.90%
18,Matthew Bierowicz,"Lancaster, CA",227,34:11,6:51,M 19-29/1,M-28,18,34:20,62.44%
19,Tommy Odom,"Downey, CA",1377,34:39,6:56,M 40-49/3,M-48,19,34:40,69.30%
20,Ricky Riedl,"Rancho Palos Verdes, CA",1046,34:48,6:58,M 14-18/9,M-16,20,34:50,65.12%
21,Cambria Damico,"Redondo Beach, CA",1467,34:55,6:59,F 30-39/0,F-30,1,34:55,69.47%
22,Martin McDonough,"Redondo Beach, CA",711,35:09,7:02,M 30-39/6,M-39,21,35:15,63.76%
23,Jack Rosenfeld,"Culver City, CA",2112,35:20,7:04,M 19-29/2,M-29,22,35:22,60.45%
24,Daniel Piumpunyalerd,"La Mirada, CA",840,35:45,7:09,M 30-39/7,M-38,23,35:48,62.22%
25,Eric Huss,"Los Angeles, CA",551,36:03,7:13,M 40-49/4,M-41,24,36:05,63.14%
26,Phillip Mazzella,", ",91,36:03,7:13,M 19-29/3,M-28,25,36:21,59.20%
27,Robert Davis,"Torrance, CA",1435,36:05,7:13,M 40-49/5,M-40,26,36:08,62.57%
28,Jeff Nuruki,"Harbor City, CA",801,36:16,7:16,M 30-39/8,M-36,27,36:47,60.51%
29,Timmy Vaughan,"Santa Monica, CA",27,36:16,7:16,M 14-18/10,M-16,28,36:24,62.48%
30,Seth Else,"Scottsdale, AZ",386,36:20,7:16,M 30-39/9,M-38,29,36:23,61.22%
31,David Rivas,"Lomita, CA",1355,36:21,7:17,M 30-39/10,M-32,30,36:28,59.17%
32,Brian Puccinelli,"Rolling Hills Estates, CA",1322,36:24,7:17,M 40-49/6,M-45,31,36:30,64.45%
33,Leon Laub,"Azusa, CA",633,36:28,7:18,M 50-59/2,M-52,32,36:31,67.99%
34,Olga Aulet-Leon,", ",51,36:28,7:18,F 19-29/1,F-23,2,36:38,66.39%
35,Stephen McFadden,"Los Angeles, CA",717,36:33,7:19,M 19-29/4,M-26,33,36:37,58.39%
36,Larry Ashmore,"San Pedro, CA",1352,36:34,7:19,M 30-39/11,M-33,34,36:44,59.05%
37,Diane Silva,"Manhattan Beach, CA",965,36:44,7:21,F 40-49/1,F-46,3,36:46,71.86%
38,Alex Becker,"Rancho Palos Verdes, CA",212,36:45,7:21,M 14-18/11,M-15,35,36:47,62.66%
39,David Wells,"Redondo Beach, CA",1330,36:46,7:22,M 19-29/5,M-28,36,37:11,58.05%
40,Jason Smith,"San Pedro, CA",2075,36:48,7:22,M 30-39/12,M-38,37,36:52,60.44%
41,Ko Kamiya,"Torrance, CA",1315,36:53,7:23,M 30-39/13,M-37,38,36:55,59.90%
42,Alex Rivera,"San Pedro, CA",895,36:53,7:23,M 14-18/12,M-16,39,36:56,61.44%
43,Shawn McCoy,"Redondo Beach, CA",1348,36:57,7:24,M 19-29/6,M-22,40,37:03,57.81%
44,Ryan Stenberg,"Long Beach, CA",987,36:59,7:24,M 30-39/14,M-37,41,37:05,59.74%
45,Andrew Palosaari,"Rancho Palos Verdes, CA",1033,36:59,7:24,M 14-18/13,M-15,42,37:01,62.26%
46,Matthew Brigham,"Long Beach, CA",247,37:05,7:25,M 50-59/3,M-53,43,37:06,67.45%
47,Alex Maldonado,"San Pedro, CA",681,37:07,7:26,M 14-18/14,M-15,44,37:09,62.04%
48,Anthony Reed,"Long Beach, CA",872,37:08,7:26,M 19-29/7,M-19,45,37:58,58.69%
49,Tyler Driskill,"Torrance, CA",1295,37:17,7:28,M 14-18/15,M-16,46,37:22,60.78%
50,Greg Eng,"Rancho Palos Verdes, CA",1387,37:18,7:28,M 19-29/8,M-20,47,37:24,57.85%
51,Adam Sanchez,"Long Beach, CA",930,37:19,7:28,M 19-29/9,M-25,48,37:28,57.19%
52,Richard Nelson,"Santa Monica, CA",2014,37:21,7:29,M 60-69/1,M-62,49,37:24,72.32%
53,Jeff Hink,", CA",1454,37:23,7:29,M 40-49/7,M-45,50,37:26,62.76%
54,Juan Gonzalez,"Long Beach, CA",1405,37:25,7:29,M 40-49/8,M-46,51,37:27,63.19%
55,Kalani Lee,"Redondo Beach, CA",642,37:29,7:30,M 40-49/9,M-46,52,38:38,63.05%
56,Steve Mackel,"South Pasadena, CA",1464,37:31,7:31,M 40-49/10,M-47,53,37:36,63.48%
57,Jeremy Falk,"Los Angeles, CA",404,37:33,7:31,M 30-39/15,M-36,54,37:37,58.44%
58,David Bergeron,"Long Beach, CA",221,37:38,7:32,M 50-59/4,M-54,55,37:45,66.99%
59,Ivan Fernandez,"Carson, CA",411,37:42,7:33,M 14-18/16,M-18,56,37:43,58.56%
60,Erwin Julian,"Rancho Palos Verdes, CA",586,37:42,7:33,M 40-49/11,M-43,57,38:17,61.26%
61,Tiana Thorp,"San Pedro, CA",1359,37:42,7:33,F 14-18/1,F-16,4,37:51,66.43%
62,Tjom McCarty,"Redondo Beach, CA",1373,37:46,7:34,M 40-49/12,M-40,58,39:21,59.78%
63,Glenn Garbeil,"Carlsbad, CA",1429,37:52,7:35,M 40-49/13,M-47,59,38:25,62.92%
64,Sue Antrobius,"Hermosa Beach, CA",170,37:54,7:35,F 30-39/1,F-39,5,37:57,65.77%
65,Marty Friedman,"Manhattan Beach, CA",440,37:54,7:35,M 60-69/2,M-62,60,37:56,71.27%
66,John Seibert,"Hermosa Beach, CA",952,38:01,7:37,M 30-39/16,M-38,61,38:08,58.51%
67,Rick Ortega,"Corona, CA",1368,38:02,7:37,M 30-39/17,M-32,62,38:06,56.55%
68,Brian Garcia,"San Pedro, CA",451,38:12,7:39,M 14-18/17,M-14,63,38:15,61.46%
69,Leslie Cedeno,"Paramount, CA",295,38:18,7:40,M 19-29/10,M-24,64,38:21,55.72%
70,Luis Mora,"Redondo Beach, CA",759,38:20,7:40,M 19-29/11,M-26,65,38:24,55.68%
71,Morris Ko,"Torrance, CA",610,38:21,7:41,M 40-49/14,M-43,66,38:34,60.22%
72,Lorena Garcia,"San Pedro, CA",1280,38:24,7:41,F 14-18/2,F-14,6,38:28,66.96%
73,Christopher Sue,"Rancho Palos Verdes, CA",996,38:25,7:41,M 14-18/18,M-15,67,38:27,59.94%
74,Ivan Raya,", CA",868,38:28,7:42,M 30-39/18,M-30,68,38:37,55.61%
75,Paul Johnson,"San Pedro, CA",575,38:38,7:44,M 40-49/15,M-41,69,38:43,58.91%
76,Donald Sevesind,"Covina, CA",1416,38:42,7:45,M 30-39/19,M-35,70,38:50,56.36%
77,Jonathan Suchecki,"Pasadena, CA",2032,38:51,7:47,M 30-39/20,M-30,71,39:18,55.06%
78,Del Carneiro,"Gardena, CA",276,38:53,7:47,M 40-49/16,M-43,72,38:56,59.39%
79,Heather Smith,"Santa Monica, CA",24,39:00,7:48,F 30-39/2,F-32,7,39:09,62.25%
80,Michael Bowker,"San Pedro, CA",240,39:02,7:49,M 19-29/12,M-29,73,39:31,54.72%
81,Bobby Ota,"Rancho Palos Verdes, CA",816,39:04,7:49,M 30-39/21,M-37,74,39:25,56.55%
82,Bernard Mainvielle,"Lomita, CA",1008,39:06,7:50,M 30-39/22,M-38,75,39:10,56.89%
83,Jose Figueroa,"La Mirada, CA",417,39:07,7:50,M 30-39/23,M-39,76,39:11,57.29%
84,Nathan Doud,"Ventura, CA",1397,39:08,7:50,M 19-29/13,M-27,77,39:08,54.54%
85,Richard Vulich,"Irvine, CA",1290,39:10,7:50,M 19-29/14,M-27,78,39:11,54.49%
86,Katsunori Kondo,"Montebello, CA",612,39:11,7:51,M 40-49/17,M-46,79,39:38,60.34%
87,Victor Richardson,"San Pedro, CA",1273,39:14,7:51,M 40-49/18,M-44,80,39:31,59.33%
88,Linsey Weigt,"San Pedro, CA",1483,39:16,7:52,F 30-39/3,F-32,8,39:33,61.83%
89,Norm Smith,"Oceanside, CA",973,39:17,7:52,M 30-39/24,M-37,81,39:24,56.24%
90,Dee Ann Smith,"Oceanside, CA",970,39:17,7:52,F 30-39/4,F-39,9,39:24,63.46%
91,Bill Workman,"Redondo Beach, CA",1366,39:17,7:52,M 50-59/5,M-55,82,39:21,64.73%
92,Bill Austin,"Burbank, CA",1383,39:20,7:52,M 50-59/6,M-52,83,39:23,63.04%
93,Marcella Piersol,"Palos Verdes Peninsula, CA",833,39:24,7:53,F 40-49/2,F-42,10,39:26,64.58%
94,Gary Tomlin,"Long Beach, CA",1131,39:25,7:53,M 40-49/19,M-48,84,39:40,60.91%
95,Carmen Chavez,"Redondo Beach, CA",300,39:34,7:55,F 30-39/5,F-38,11,39:39,62.62%
96,Todd Rose,"Long Beach, CA",911,39:42,7:57,M 40-49/20,M-43,85,40:04,58.17%
97,Wolfram Thiele,"Long Beach, CA",1119,39:49,7:58,M 30-39/25,M-38,86,40:19,55.86%
98,Daniel Echeverria,"Laguna Niguel, CA",1244,39:55,7:59,M 30-39/26,M-38,87,40:11,55.72%
99,Steve Mitchell,"Palos Verdes Estates, CA",1296,39:55,7:59,M 40-49/21,M-48,88,40:10,60.15%
100,Aaron Toaso,"Hawthorne, CA",1128,39:57,8:00,M 30-39/27,M-38,89,41:28,55.68%
101,Joey Plancich,"San Pedro, CA",841,39:59,8:00,M 19-29/15,M-27,90,40:14,53.38%
102,Adam Roderick,"San Pedro, CA",901,40:03,8:01,M 19-29/16,M-28,91,40:16,53.29%
103,Caroline Maxwell,"Los Angeles, CA",697,40:04,8:01,F 30-39/6,F-34,12,40:09,60.88%
104,Michael Saffaie,"Palos Verdes Peninsula, CA",922,40:12,8:03,M 30-39/28,M-30,92,40:14,53.21%
105,Justin Morong,"Los Angeles, CA",765,40:13,8:03,M 19-29/17,M-28,93,40:39,53.07%
106,Brian Lapointe,"Redondo Beach, CA",631,40:14,8:03,M 40-49/22,M-40,94,41:02,56.11%
107,Taryn Dyle,"Long Beach, CA",1007,40:14,8:03,F 19-29/2,F-25,13,40:43,60.17%
108,Wyland Kelly,", ",84,40:16,8:04,M 14-18/19,M-14,95,40:19,58.30%
109,Erica Hovind,"San Pedro, CA",1395,40:17,8:04,F 14-18/3,F-18,14,40:26,60.76%
110,John Zarroli,"Gilbert, AZ",2019,40:21,8:05,M 50-59/7,M-56,96,40:30,63.55%
111,Enrique Nikutowski,"Monrovia, CA",1242,40:28,8:06,M 50-59/8,M-51,97,41:30,60.77%
112,Brad Angle,"Redondo Beach, CA",2026,40:31,8:07,M 40-49/23,M-47,98,40:37,58.81%
113,Kristen Rindress,"Long Beach, CA",891,40:35,8:07,F 19-29/3,F-27,15,40:39,59.65%
114,Emil De La Cruz,"Torrance, CA",352,40:39,8:08,M 30-39/29,M-36,99,41:50,53.98%
115,Duke Hagenburger,"Los Angeles, CA",491,40:40,8:08,M 40-49/24,M-40,100,40:56,55.51%
116,Duane Potts,"Lomita, CA",2100,40:42,8:09,M 40-49/25,M-43,101,40:59,56.74%
117,Larry Hawkins,"Redondo Beach, CA",506,40:46,8:10,M 50-59/9,M-50,102,40:52,59.84%
118,Stuart Gulland,"Manhattan Beach, CA",1302,40:47,8:10,M 40-49/26,M-47,103,40:51,58.42%
119,Luis Rodriguez,"Long Beach, CA",906,40:49,8:10,M 30-39/30,M-34,104,41:06,53.15%
120,Dana Gilchrist,"Fountain Valley, CA",1465,40:49,8:10,F 40-49/3,F-44,16,40:59,63.40%
121,Ross Gadient,"Long Beach, CA",444,40:51,8:11,M 30-39/31,M-32,105,41:21,52.65%
122,Robb Briggs,"Glendale, CA",1426,40:52,8:11,M 40-49/27,M-40,106,40:55,55.24%
123,Cody Strange,"Manhattan Beach, CA",1334,40:54,8:11,M 14-18/20,M-18,107,41:45,53.97%
124,Julia Light,"Rancho Palos Verdes, CA",656,40:56,8:12,F 14-18/4,F-18,17,41:07,59.80%
125,Daniel Pawlak,"Rolling Hills Estates, CA",2062,40:57,8:12,M 14-18/21,M-18,108,41:08,53.91%
126,Lisa Hasvold,"Fallbrook, CA",502,40:58,8:12,F 40-49/4,F-48,18,41:33,65.93%
127,Boyd Zack,"Rancho Palos Verdes, CA",1484,41:08,8:14,M 40-49/28,M-45,109,41:51,57.03%
128,Leann Parker,"Irvine, CA",1357,41:13,8:15,F 40-49/5,F-49,19,41:17,66.34%
129,Stephen Dendinger,"Huntington Beach, CA",1401,41:13,8:15,M 50-59/10,M-57,110,41:17,62.74%
130,Sal Covarrubias,"San Pedro, CA",1003,41:14,8:15,M 19-29/18,M-27,111,41:28,51.76%
131,Darrin Korn,"Long Beach, CA",615,41:15,8:15,M 40-49/29,M-42,112,41:46,55.58%
132,Lisa Uhrig,"Redondo Beach, CA",1142,41:18,8:16,F 40-49/6,F-48,20,41:24,65.40%
133,Tom Connelly,", ",63,41:22,8:17,M 40-49/30,M-40,113,41:24,54.57%
134,Brad Hirasuna,"Redondo Beach, CA",530,41:24,8:17,M 19-29/19,M-29,114,41:41,51.59%
135,Robert McCormack,"Anaheim, CA",707,41:28,8:18,M 50-59/11,M-51,115,41:58,59.31%
136,Jay Peters,"San Pedro, CA",827,41:29,8:18,M 40-49/31,M-47,116,41:46,57.44%
137,Jeremy Lam,"Rancho Palos Verdes, CA",625,41:41,8:21,M 30-39/32,M-33,117,41:47,51.80%
138,Bill Manlove,"Huntington Beach, CA",1236,41:42,8:21,M 30-39/33,M-34,118,42:25,52.02%
139,Rick Joly,"Sun Valley, CA",581,42:02,8:25,M 60-69/3,M-60,119,42:02,63.11%
140,Nadav Ben Dayan,"Santa Monica, CA",13,42:02,8:25,M 14-18/22,M-15,120,42:09,54.78%
141,Todd Rosenbaum,"Redondo Beach, CA",1060,42:11,8:27,M 30-39/34,M-37,121,42:21,52.37%
142,Jose Sandoval,"Long Beach, CA",933,42:13,8:27,M 60-69/4,M-63,122,42:48,64.53%
143,Dennis Braddock,"Huntington Beach, CA",1412,42:21,8:29,M 50-59/12,M-50,123,42:47,57.60%
144,Cathy Rios,"Alhambra, CA",892,42:27,8:30,F 30-39/7,F-39,21,42:48,58.72%
145,Frank Bird,"San Pedro, CA",228,42:28,8:30,M 40-49/32,M-45,124,42:34,55.24%
146,John Privett,"Rolling Hills Estates, CA",2006,42:29,8:30,M 40-49/33,M-45,125,43:53,55.22%
147,Mike Hudson,"Los Angeles, CA",548,42:40,8:32,M 30-39/35,M-32,126,43:31,50.41%
148,Joe Mendoza,"Long Beach, CA",731,42:40,8:32,M 40-49/34,M-40,127,43:11,52.91%
149,Eric Rosales,"Costa Mesa, CA",909,42:43,8:33,M 14-18/23,M-15,128,43:24,53.90%
150,Mark Malone,"Long Beach, CA",684,42:44,8:33,M 50-59/13,M-51,129,43:49,57.55%
151,Emmett Rahl,"Long Beach, CA",2043,42:54,8:35,M 30-39/36,M-38,130,43:49,51.85%
152,Brian James,"Huntington Beach, CA",567,42:55,8:35,M 40-49/35,M-44,131,44:16,54.23%
153,Pete De Los Reyes,"Long Beach, CA",2122,43:00,8:36,M 50-59/14,M-55,132,43:05,59.13%
154,Meg Puccinelli,"Rolling Hills Estates, CA",1320,43:00,8:36,F 40-49/7,F-45,22,43:06,60.76%
155,Isaac Ramirez,"San Pedro, CA",1351,43:01,8:37,M 30-39/37,M-34,133,43:51,50.43%
156,Michael Clouse,"Chino, CA",1421,43:03,8:37,M 30-39/38,M-36,134,43:42,50.97%
157,Jim Lewington,"Palos Verdes, CA",653,43:04,8:37,M 40-49/36,M-49,135,43:14,56.21%
158,Julie McKinney,"Palos Verdes Estates, CA",1339,43:08,8:38,F 50-59/1,F-53,23,43:13,66.64%
159,Kelly Crawford,"San Pedro, CA",323,43:17,8:40,M 19-29/20,M-20,136,43:43,49.85%
160,John Jacobs,"Torrance, CA",566,43:19,8:40,M 30-39/39,M-37,137,44:25,51.00%
161,Kevin Santos,"Santa Monica, CA",23,43:20,8:40,M 14-18/24,M-14,138,43:48,54.17%
162,Carl Esterhay,"Marina Del Rey, CA",398,43:25,8:41,M 50-59/15,M-53,139,43:44,57.60%
163,Shawdee Ghavimi,"Long Beach, CA",460,43:29,8:42,F 30-39/8,F-31,24,44:17,55.75%
164,Pam Westhoff,"Palos Verdes Estates, CA",1175,43:30,8:42,F 40-49/8,F-48,25,43:37,62.09%
165,David De Casas,"Norwalk, CA",348,43:34,8:43,M 19-29/21,M-24,140,43:38,48.99%
166,Jeffrey Huang,"South Pasadena, CA",546,43:34,8:43,M 30-39/40,M-36,141,44:26,50.36%
167,Susan Regnier,"Rancho Palos Verdes, CA",878,43:38,8:44,F 40-49/9,F-45,26,43:44,59.88%
168,Kevin Lynch,"Oceanside, CA",1099,43:39,8:44,M 40-49/37,M-41,142,44:15,52.14%
169,Michael McGinnis,"Torrance, CA",719,43:39,8:44,M 50-59/16,M-54,143,44:38,57.75%
170,Leo Barajas,"Redondo Beach, CA",194,43:42,8:45,M 40-49/38,M-46,144,43:51,54.10%
171,Robert Horton,"Long Beach, CA",1415,43:43,8:45,M 40-49/39,M-45,145,44:35,53.66%
172,Joshua Chao,"West Hollywood, CA",296,43:45,8:45,M 30-39/41,M-31,146,44:11,49.01%
173,Timo Sumida,"Santa Monica, CA",25,43:45,8:45,M 14-18/25,M-16,147,44:17,51.79%
174,Ryan Costa,"San Pedro, CA",2035,43:47,8:46,M 14-18/26,M-16,148,44:30,51.75%
175,Miranda Dominguez,"Santa Monica, CA",17,43:48,8:46,F 14-18/5,F-17,27,43:56,56.45%
176,Andreas Miguel,"Rancho Palos Verdes, CA",736,43:50,8:46,M 14-18/27,M-15,149,43:52,52.53%
177,Jose Escalante,"Wilmington, CA",396,43:51,8:47,M 30-39/42,M-33,150,43:56,49.24%
178,Jim Vaughan,"Redondo Beach, CA",1272,43:51,8:47,M 40-49/40,M-48,151,43:58,54.75%
179,Ryan Tapp,"Long Beach, CA",1111,43:54,8:47,M 30-39/43,M-34,152,44:02,49.41%
180,Yvonne Beachley,"San Pedro, CA",209,43:56,8:48,F 30-39/9,F-37,28,44:06,56.13%
181,Nicole Postlewaite,"Rancho Palos Verdes, CA",847,43:57,8:48,F 40-49/10,F-40,29,44:05,57.06%
182,Mark Towns,"Palos Verdes Estates, CA",1303,43:58,8:48,M 40-49/41,M-48,153,44:17,54.61%
183,Ryan Cosgrove,"Palos Verdes Estates, CA",322,44:02,8:49,M 01-13/1,M-13,154,44:26,54.49%
184,James Kish,"Santa Ana, CA",1400,44:05,8:49,M 30-39/44,M-39,155,44:19,50.83%
185,Jerry Russell,"Costa Mesa, CA",919,44:06,8:50,M 50-59/17,M-54,156,44:48,57.16%
186,Don Carter,"McKinney, TX",280,44:09,8:50,M 30-39/45,M-31,157,44:26,48.56%
187,Justin Saito,"Long Beach, CA",923,44:14,8:51,M 30-39/46,M-31,158,45:34,48.47%
188,Taylor Lang,"Santa Monica, CA",20,44:15,8:51,M 14-18/28,M-16,159,44:47,51.21%
189,Matthew Kisser,"Signal Hill, CA",608,44:20,8:52,M 40-49/42,M-40,160,45:03,50.92%
190,Frank Buono,"Long Beach, CA",256,44:25,8:53,M 50-59/18,M-50,161,44:59,54.92%
191,Christine Hubbard,"Torrance, CA",547,44:26,8:54,F 40-49/11,F-48,30,44:49,60.79%
192,Christopher Baer,"Torrance, CA",183,44:26,8:54,M 40-49/43,M-40,162,44:49,50.81%
193,Brad Downey,"Rancho Palos Verdes, CA",375,44:27,8:54,M 19-29/22,M-21,163,44:44,48.20%
194,Erik Orre,"Gardena, CA",41,44:27,8:54,M 40-49/44,M-46,164,46:07,53.19%
195,William Hayes,"San Pedro, ",124,44:28,8:54,M 50-59/19,M-54,165,44:57,56.69%
196,David Galbraith,"Long Beach, CA",446,44:28,8:54,M 40-49/45,M-48,166,45:12,53.99%
197,Kristen Bradley,"San Pedro, CA",242,44:30,8:54,F 19-29/4,F-29,31,45:09,54.40%
198,Ricardo Cardenas,"Paramount, CA",272,44:31,8:55,M 30-39/47,M-31,167,46:04,48.16%
199,Francesca Dolce,"San Pedro, CA",369,44:33,8:55,F 19-29/5,F-24,32,45:54,54.34%
200,Marcello Dolce,"San Pedro, CA",370,44:34,8:55,M 19-29/23,M-21,168,45:52,48.07%
201,Bryan Waterman,"Signal Hill, CA",1166,44:34,8:55,M 30-39/48,M-32,169,50:04,48.26%
202,Shawn Megill,"San Pedro, CA",728,44:35,8:55,M 40-49/46,M-46,170,44:43,53.03%
203,Weston Jones,"Long Beach, CA",584,44:35,8:55,M 19-29/24,M-23,171,44:39,47.87%
204,Valerie Flores,"San Diego, CA",1482,44:35,8:55,F 19-29/6,F-27,33,44:46,54.30%
205,Manuel Jimenez,"San Pedro, ",126,44:35,8:55,M 14-18/29,M-16,172,45:13,50.82%
206,Will Somers,"Rancho Palos Verdes, CA",976,44:41,8:57,M 40-49/47,M-41,173,45:44,50.93%
207,Mike Sanchez,"Lomita, CA",1255,44:42,8:57,M 30-39/49,M-34,174,45:31,48.53%
208,Tmothy Johnson,"Torrance, CA",578,44:44,8:57,M 50-59/20,M-53,175,45:14,55.91%
209,Rusty Simons,"San Pedro, CA",1332,44:44,8:57,M 30-39/50,M-32,176,46:23,48.08%
210,Michael Caffell,"Costa Mesa, CA",2124,44:46,8:58,M 19-29/25,M-28,177,45:29,47.67%
211,Brian Bernsen,"Seal Beach, CA",223,44:48,8:58,M 40-49/48,M-48,178,45:23,53.59%
212,Robert Ankony,"Seal Beach, CA",169,44:49,8:58,M 19-29/26,M-25,179,45:23,47.62%
213,Daniel Rios,"Alhambra, CA",893,44:50,8:58,M 30-39/51,M-38,180,45:11,49.61%
214,Tony Altamura,"Santa Monica, CA",163,44:53,8:59,M 40-49/49,M-48,181,46:14,53.49%
215,Ryan McGuire,"San Pedro, CA",1291,44:53,8:59,M 14-18/30,M-18,182,44:57,49.18%
216,Ellen Phinney,"Long Beach, CA",832,44:55,8:59,F 30-39/10,F-30,34,45:50,53.90%
217,Tim Connelly,", ",62,44:56,9:00,M 40-49/50,M-43,183,44:58,51.39%
218,Carla Baccio,"San Pedro, CA",2050,44:56,9:00,F 30-39/11,F-34,35,45:07,54.29%
219,Wolfgang Beez,"Irvine, CA",214,44:56,9:00,M 40-49/51,M-40,184,45:05,50.24%
220,Victor Wilson,"Compton, CA",46,44:57,9:00,M 40-49/52,M-43,185,45:01,51.37%
221,Manuel Reynoso,"San Pedro, CA",888,44:58,9:00,M 19-29/27,M-19,186,45:01,48.46%
222,John Leong,"Long Beach, CA",650,44:58,9:00,M 40-49/53,M-46,187,45:15,52.58%
223,James Lue,"Los Angeles, CA",670,44:59,9:00,M 50-59/21,M-52,188,45:32,55.11%
224,Willy Miller,"Rolling Hills Estates, CA",1277,45:01,9:01,M 14-18/31,M-15,189,45:21,51.15%
225,Chelsea Thomas,"Rolling Hills Estates, CA",1120,45:02,9:01,F 14-18/6,F-18,36,45:22,54.35%
226,Alex Arnold,"Santa Monica, CA",12,45:02,9:01,M 14-18/32,M-14,190,45:30,52.13%
227,Kasey Smith,"Santa Barbara, CA",971,45:02,9:01,F 19-29/7,F-22,37,45:20,53.76%
228,Tiler Hellinga,", ",140,45:02,9:01,M 19-29/28,M-25,191,46:44,47.39%
229,Adriana Simon,"Garden Grove, CA",1232,45:03,9:01,F 40-49/12,F-46,38,46:05,58.59%
230,Terry Yarian,"San Pedro, CA",2099,45:04,9:01,F 50-59/2,F-56,39,45:08,66.37%
231,Angel Partida,"Long Beach, CA",820,45:07,9:02,M 30-39/52,M-34,192,45:40,48.08%
232,Jereb Cheatham,"Long Beach, CA",302,45:07,9:02,M 30-39/53,M-34,193,45:56,48.08%
233,Brett Rinehart,"Lomita, CA",2102,45:09,9:02,M 19-29/29,M-21,194,45:50,47.45%
234,Todd Byers,"Long Beach, CA",1469,45:11,9:03,M 40-49/54,M-46,195,45:39,52.32%
235,Mario Diaz,"Arleta, CA",2080,45:14,9:03,M 60-69/5,M-61,196,45:18,59.20%
236,Rajat Mehrotra,"Playa Del Rey, CA",1093,45:15,9:03,M 30-39/54,M-30,197,45:21,47.27%
237,Vall Light,"Rancho Palos Verdes, CA",658,45:19,9:04,F 50-59/3,F-50,40,45:36,61.07%
238,Jose Villasenor,"San Pedro, CA",1281,45:24,9:05,M 30-39/55,M-34,198,45:33,47.78%
239,Robert Kawamoto,"Gardena, CA",2071,45:24,9:05,M 60-69/6,M-60,199,46:03,58.43%
240,Tina Wood,"Rolling Hills Estates, CA",1321,45:26,9:06,F 40-49/13,F-46,41,46:03,58.09%
241,Gino Di Leva,"San Pedro, CA",359,45:26,9:06,M 30-39/56,M-39,200,46:45,49.32%
242,Anthony Kursar,"San Pedro, CA",623,45:29,9:06,M 30-39/57,M-31,201,45:58,47.14%
243,Kipp Jones,"Long Beach, CA",582,45:29,9:06,M 40-49/55,M-41,202,45:49,50.04%
244,Mackenzie Tilles,"Rolling Hills, CA",1473,45:34,9:07,F 01-13/1,F-13,42,46:32,57.34%
245,Carianne Muirhead,"San Pedro, CA",1237,45:35,9:07,F 30-39/12,F-33,43,46:17,53.37%
246,Kelly Flores,"San Pedro, CA",2103,45:35,9:07,F 40-49/14,F-40,44,46:27,55.01%
247,Albert Alvarado,"Long Beach, CA",164,45:35,9:07,M 30-39/58,M-33,203,45:49,47.37%
248,John Russell,"Costa Mesa, CA",920,45:39,9:08,M 14-18/33,M-16,204,46:18,49.63%
249,Jeannie Thompson,"Highland, CA",1123,45:44,9:09,F 50-59/4,F-53,45,45:47,62.85%
250,Inger Nelson,"Long Beach, CA",789,45:44,9:09,F 40-49/15,F-44,46,46:16,56.58%
251,Ericsariel Caro,"Bellflower, CA",277,45:45,9:09,M 19-29/30,M-25,205,45:49,46.65%
252,Jim Martinez,"Studio City, CA",1388,45:47,9:10,M 50-59/22,M-56,206,45:49,56.01%
253,John Mattera,"San Pedro, CA",696,45:49,9:10,M 30-39/59,M-36,207,47:01,47.89%
254,Sol Olivares,"San Pedro, CA",2108,45:56,9:12,F 14-18/7,F-16,47,45:59,54.52%
255,David Hartt,"San Pedro, CA",500,45:56,9:12,M 19-29/31,M-27,208,46:39,46.46%
256,Bryan Nguyen,"Garden Grove, CA",791,45:56,9:12,M 19-29/32,M-23,209,46:02,46.46%
257,David Cheney,"Los Angeles, CA",1384,45:57,9:12,M 30-39/60,M-35,210,47:42,47.46%
258,Daniel Lorme,"Santa Clarita, CA",668,45:59,9:12,M 19-29/33,M-26,211,47:10,46.41%
259,Diane Sivas,"Redondo Beach, CA",967,46:00,9:12,F 50-59/5,F-56,48,46:18,65.02%
260,Jim Litzel,"Harbor City, CA",1088,46:01,9:13,M 60-69/7,M-63,212,46:08,59.20%
261,Jon Octeau,", ",145,46:04,9:13,M 40-49/56,M-41,213,47:43,49.40%
262,Wayne Ike,"Hawaiian Gardens, CA",557,46:04,9:13,M 30-39/61,M-35,214,46:36,47.34%
263,John Mireles,"Signal Hill, CA",1298,46:05,9:13,M 50-59/23,M-51,215,46:23,53.36%
264,Jim Biazavich,"San Pedro, ",119,46:06,9:14,M 40-49/57,M-41,216,46:43,49.37%
265,Yong Lee,", ",142,46:09,9:14,M 30-39/62,M-39,217,46:17,48.55%
266,Marcio Fletes,"San Pedro, CA",424,46:11,9:15,M 40-49/58,M-40,218,46:43,48.88%
267,Michael Valenti,"Long Beach, CA",1145,46:13,9:15,M 30-39/63,M-31,219,46:54,46.39%
268,Mirella Romero,"Norwalk, CA",1389,46:14,9:15,F 19-29/8,F-28,49,46:23,52.36%
269,Christopher Theriot,"Long Beach, CA",1116,46:16,9:16,M 19-29/34,M-25,220,46:46,46.13%
270,Carol Dennison,"Rancho Palos Verdes, CA",358,46:21,9:17,F 40-49/16,F-49,50,46:25,58.99%
271,Billy Anderson,"Santa Monica, CA",11,46:22,9:17,M 14-18/34,M-15,221,46:53,49.66%
272,Sharon Frazier,"San Pedro, CA",1489,46:23,9:17,F 40-49/17,F-43,51,46:38,55.28%
273,Andy Shapiro,"San Marino, CA",957,46:24,9:17,M 50-59/24,M-53,222,46:43,53.90%
274,Yuka Maseba,"Long Beach, CA",695,46:25,9:17,F 30-39/13,F-38,52,47:15,53.38%
275,Ivy Ranere,"San Pedro, CA",867,46:29,9:18,F 30-39/14,F-39,53,47:34,53.62%
276,David Mueller,"Long Beach, CA",769,46:32,9:19,M 40-49/59,M-46,223,47:27,50.81%
277,Julie Kramer,"Dana Point, CA",619,46:32,9:19,F 50-59/6,F-50,54,46:39,59.48%
278,Jay Scollick,"Villa Park, CA",951,46:32,9:19,M 60-69/8,M-64,224,46:41,59.08%
279,Lydia Camarillo,"Wilmington, ",121,46:35,9:19,F 14-18/8,F-18,55,47:13,52.54%
280,Bryan Prado,"Los Angeles, CA",849,46:36,9:20,M 19-29/35,M-29,225,47:24,45.83%
281,Ernest Hernandez,"San Pedro, CA",519,46:36,9:20,M 60-69/9,M-60,226,47:26,56.92%
282,Roseann Chapman,"Long Beach, CA",299,46:37,9:20,F 50-59/7,F-51,56,47:40,60.12%
283,Brandi Taylor,"Santa Monica, CA",26,46:37,9:20,F 14-18/9,F-14,57,47:13,55.15%
284,Clinton Green,"Los Angeles, CA",1455,46:39,9:20,M 40-49/60,M-42,227,47:35,49.14%
285,John Schulz,"Omaha, NE",1425,46:42,9:21,M 30-39/64,M-36,228,47:38,46.98%
286,Barna Zajzon,"Seal Beach, CA",1200,46:43,9:21,M 30-39/65,M-37,229,48:05,47.29%
287,Mike Sarullo,"Playa Del Rey, CA",1090,46:44,9:21,M 40-49/61,M-44,230,46:51,49.80%
288,Joe Litchfield,"Rolling Hills Estates, CA",2004,46:46,9:22,M 30-39/66,M-36,231,48:10,46.92%
289,Jessica Balsam,"Los Angeles, CA",186,46:46,9:22,F 30-39/15,F-32,58,47:58,51.91%
290,Paul Garcia,"San Pedro, CA",1279,46:47,9:22,M 01-13/2,M-12,232,46:51,52.60%
291,J Gilbert Anguiano,"Long Beach, CA",168,46:48,9:22,M 19-29/36,M-27,233,47:50,45.60%
292,Jason Kim,"Torrance, CA",2060,46:48,9:22,M 19-29/37,M-24,234,47:44,45.60%
293,Christian Cruz,"Norwalk, CA",1024,46:50,9:22,M 19-29/38,M-25,235,47:53,45.57%
294,Jeff Dwyer,"Rancho Palos Verdes, CA",34,46:50,9:22,M 40-49/62,M-48,236,48:24,51.26%
295,James Gross,"San Pedro, CA",478,46:51,9:23,M 30-39/67,M-34,237,47:50,46.30%
296,Sotheara Touch,"Long Beach, CA",1048,46:51,9:23,M 40-49/63,M-43,238,48:01,49.29%
297,Tom Light,"Rancho Palos Verdes, CA",657,46:52,9:23,M 60-69/10,M-60,239,47:04,56.60%
298,Katherine Rupley,"Long Beach, CA",1257,46:53,9:23,F 40-49/18,F-45,59,47:45,55.73%
299,Silke Mueller,"Redondo Beach, CA",1267,46:53,9:23,F 40-49/19,F-43,60,47:04,54.69%
300,Kim Mahl,"Playa Del Rey, CA",678,46:54,9:23,F 40-49/20,F-43,61,47:43,54.67%
501,Atsuhito Miyatake,"Redondo Beach, CA",750,52:12,10:27,M 40-49/84,M-48,337,52:30,45.99%
502,Ann Menard,"Rancho Palos Verdes, CA",1231,52:12,10:27,F 40-49/46,F-46,165,53:14,50.56%
503,Carrie Lane,"Wilmington, CA",1466,52:13,10:27,F 30-39/49,F-32,166,52:49,46.49%
504,Eileen Lynch,"Long Beach, CA",2118,52:17,10:28,F 40-49/47,F-47,167,53:03,51.05%
505,Jesus Sandoval,"Irvine, CA",2030,52:20,10:28,M 30-39/90,M-33,338,52:59,41.26%
506,Andrew Espinoza,"Montebello, CA",1206,52:21,10:29,M 19-29/53,M-19,339,53:06,41.62%
507,Amber Aguirre,"Long Beach, CA",155,52:26,10:30,F 30-39/50,F-31,168,52:45,46.23%
508,Jonathan Miller,"Long Beach, CA",739,52:30,10:30,M 50-59/50,M-52,340,53:33,47.22%
509,Laura Miller,"Long Beach, CA",741,52:30,10:30,F 40-49/48,F-49,169,53:33,52.08%
510,Ursula Faessler,"Rolling Hills Estates, CA",403,52:30,10:30,F 50-59/20,F-50,170,53:14,52.72%
511,Alex Faessler,"Rolling Hills Estates, CA",402,52:30,10:30,M 50-59/51,M-54,341,53:14,48.02%
512,Gail Wright,"San Pedro, CA",1069,52:32,10:31,F 40-49/49,F-49,171,53:32,52.05%
513,Kristin Youngman,"Redondo Beach, CA",1198,52:34,10:31,F 30-39/51,F-38,172,53:51,47.13%
514,Garrett Weiglin,"Fullerton, CA",2039,52:35,10:31,M 19-29/54,M-21,342,53:48,40.74%
515,Regina Olivas,"Porter Ranch, CA",808,52:35,10:31,F 40-49/50,F-45,173,54:06,49.68%
516,Dave Fadale,"Torrance, CA",1080,52:38,10:32,M 40-49/85,M-40,343,53:46,42.89%
517,Keicher Payne,"Long Beach, CA",823,52:40,10:32,F 30-39/52,F-39,174,53:30,47.33%
518,Kaylynn Parks,"Santa Monica, CA",21,52:41,10:33,F 14-18/17,F-14,175,53:16,48.80%
519,Kristen Boscia,"Seal Beach, CA",239,52:43,10:33,F 30-39/53,F-35,176,53:33,46.39%
520,Gabriel Mendoza,"Wilmington, CA",2070,52:44,10:33,M 30-39/91,M-32,344,53:51,40.78%
521,James Hayashi,"Rancho Palos Verdes, CA",508,52:44,10:33,M 60-69/18,M-67,345,53:20,53.59%
522,Fabiola Funk,"Augsburg, ",443,52:45,10:33,F 19-29/28,F-25,177,53:07,45.89%
523,Adrienne Lao,"Harbor City, CA",629,52:45,10:33,F 30-39/54,F-34,178,53:42,46.24%
524,Johannes Kern,"Schwabmnnchen, ",598,52:46,10:34,M 30-39/92,M-33,346,53:07,40.92%
525,Linda Howat,"San Pedro, CA",2098,52:51,10:35,F 50-59/21,F-54,179,53:02,55.11%
526,Lisa Trevino,"Torrance, CA",2017,52:54,10:35,F 40-49/51,F-42,180,53:10,48.09%
527,Vangie Bondurant,"Los Angeles, CA",1233,52:56,10:36,F 40-49/52,F-46,181,53:58,49.86%
528,Stacy Berry,"Cypress, CA",225,52:56,10:36,F 40-49/53,F-42,182,54:22,48.06%
529,Alex Roessler,"San Pedro, CA",2015,52:56,10:36,M 19-29/55,M-28,347,53:40,40.31%
530,Chris McCarthy,"Harbor City, CA",1288,52:57,10:36,M 19-29/56,M-27,348,53:40,40.30%
531,Victor Benson,"Rancho Palos Verdes, CA",219,53:00,10:36,M 60-69/19,M-64,349,53:57,51.87%
532,Gregory Brandt,"Rancho Palos Verdes, CA",1472,53:01,10:37,M 01-13/4,M-10,350,54:04,49.28%
533,Wanda Taylor,"San Pedro, CA",1115,53:03,10:37,F 19-29/29,F-20,183,53:37,45.66%
534,Valerie Di Martino,"Torrance, CA",361,53:04,10:37,F 40-49/54,F-47,184,53:22,50.30%
535,Willy Tilles,"Rolling Hills, CA",1475,53:05,10:37,M 01-13/5,M-8,351,54:07,53.05%
536,Ryan Tilles,"Rolling Hills, CA",1476,53:05,10:37,M 01-13/6,M-11,352,54:07,47.68%
537,Darrold Kramer,"Long Beach, CA",618,53:07,10:38,M 60-69/20,M-66,353,53:15,52.73%
538,Warren Vasquez,"Redondo Beach, CA",1151,53:09,10:38,M 40-49/86,M-42,354,54:48,43.13%
539,Magee Mudge,"Manhattan Beach, CA",768,53:09,10:38,F 40-49/55,F-41,185,54:11,47.52%
540,Bj Jennewein,"Lomita, CA",2016,53:10,10:38,M 40-49/87,M-49,355,54:22,45.53%
541,Sandra Muratalla,", ",97,53:11,10:39,F 19-29/30,F-28,186,53:59,45.52%
542,Victor Alvarez,"Wilmington, CA",1049,53:13,10:39,M 30-39/93,M-31,356,54:36,40.29%
543,Molly Leimbach,"Palos Verdes Peninsula, CA",1037,53:13,10:39,F 01-13/3,F-10,187,54:16,52.44%
544,Megan Tilles,"Rolling Hills, CA",1474,53:14,10:39,F 40-49/56,F-43,188,54:16,48.17%
545,Steve Oliveira,"Manhattan Beach, CA",1268,53:15,10:39,M 40-49/88,M-48,357,53:53,45.08%
546,Mary Barsaleau,"Irvine, CA",203,53:22,10:41,F 50-59/22,F-50,189,53:33,51.86%
547,Tanya Reeder,", CA",1306,53:24,10:41,F 30-39/55,F-34,190,55:10,45.68%
548,Kimberly Pinkham,"Huntington Beach, CA",836,53:27,10:42,F 40-49/57,F-47,191,53:58,49.94%
549,Jennifer Liechti,"San Diego, CA",655,53:27,10:42,F 19-29/31,F-29,192,54:17,45.29%
550,Chris Oriyano,"Torrance, CA",812,53:27,10:42,M 40-49/89,M-43,358,56:00,43.20%
551,Jaime Caskey,"Lomita, CA",286,53:28,10:42,F 30-39/56,F-38,193,53:47,46.34%
552,Todd McGee,"San Diego, CA",718,53:28,10:42,M 30-39/94,M-30,359,54:16,40.01%
553,Susan Sams,"Rancho Palos Verdes, CA",1427,53:33,10:43,F 30-39/57,F-38,194,54:30,46.26%
554,Jon Hoang,", ",141,53:33,10:43,M 40-49/90,M-41,360,53:40,42.50%
555,Francie Rendon,"Thousand Oaks, CA",2084,53:36,10:44,F 50-59/23,F-51,195,55:02,52.29%
556,Margaret Casey,"San Pedro, CA",283,53:37,10:44,F 50-59/24,F-51,196,53:40,52.27%
557,Richard Schott,"San Pedro, CA",949,53:37,10:44,M 60-69/21,M-67,361,54:14,52.71%
558,Yvonne Legge,"Aliso Viejo, CA",647,53:39,10:44,F 30-39/58,F-32,197,58:51,45.25%
559,Claudia Cordova,"San Pedro, CA",316,53:40,10:44,F 19-29/32,F-29,198,54:28,45.11%
560,Neal Higa,"Los Angeles, CA",2029,53:40,10:44,M 40-49/91,M-40,362,54:00,42.06%
561,Sherri Blake,"Westminster, CA",230,53:43,10:45,F 40-49/58,F-41,199,53:49,47.02%
562,Nancy Nguyen,"Garden Grove, CA",793,53:43,10:45,F 19-29/33,F-27,200,53:49,45.07%
563,Anna Marie Cruz,"Long Beach, CA",1349,53:43,10:45,F 30-39/59,F-30,201,54:59,45.07%
564,Caroline Pardilla,"Los Angeles, CA",818,53:44,10:45,F 30-39/60,F-38,202,54:48,46.11%
565,Veronica Cotter,"San Pedro, CA",1032,53:45,10:45,F 50-59/25,F-51,203,58:34,52.14%
566,Christina Coleman,"Hawthorne, CA",309,53:52,10:47,F 40-49/59,F-44,204,54:04,48.03%
567,Steve Curry,"Rancho Palos Verdes, CA",338,53:54,10:47,M 50-59/52,M-50,363,54:22,45.25%
568,Luis Cordova,", ",65,53:55,10:47,M 50-59/53,M-53,364,54:28,46.38%
569,Stephanie Moore,"Irvine, CA",2126,53:55,10:47,F 40-49/60,F-41,205,54:20,46.85%
570,Dan Ojeda,"Long Beach, CA",2036,53:57,10:48,M 40-49/92,M-43,365,54:22,42.80%
571,Susan Grau,"San Pedro, CA",2041,53:57,10:48,F 40-49/61,F-42,206,54:39,47.16%
572,Denise Perez,"Artesia, CA",824,53:58,10:48,F 19-29/34,F-28,207,54:58,44.86%
573,Monyean Acuna,"Hermosa Beach, CA",1259,54:00,10:48,F 60-69/6,F-61,208,54:08,59.40%
574,Bernadette Aulet-Leon,", ",49,54:01,10:49,F 50-59/26,F-54,209,54:29,53.92%
575,Beth Bender,"Lawndale, CA",216,54:02,10:49,F 50-59/27,F-54,210,54:32,53.90%
576,Walter Senff,"Redondo Beach, CA",953,54:05,10:49,M 50-59/54,M-53,366,54:37,46.24%
577,Jennifer Abalos,"Los Angeles, CA",152,54:09,10:50,F 19-29/35,F-26,211,55:20,44.70%
578,Glenn Twardy,"Whittier, CA",2132,54:09,10:50,M 40-49/93,M-43,367,55:50,42.64%
579,Russell Gomm,"Los Angeles, CA",2024,54:16,10:52,M 30-39/95,M-34,368,55:41,39.97%
580,Carmen Parra,"San Pedro, CA",819,54:16,10:52,F 40-49/62,F-42,212,54:20,46.88%
581,Bo Opfer,"Los Angeles, CA",811,54:25,10:53,M 30-39/96,M-38,369,54:38,40.87%
582,Shelly Bowen,"San Pedro, CA",1047,54:25,10:53,F 50-59/28,F-55,213,55:07,54.23%
583,Paula Nazario,"San Pedro, CA",2134,54:26,10:54,F 19-29/36,F-27,214,55:42,44.47%
584,Bianca Jzadeh,"Redondo Beach, CA",1230,54:27,10:54,F 50-59/29,F-55,215,54:30,54.19%
585,Anthony Espinoza,"Montebello, CA",1209,54:32,10:55,M 14-18/42,M-17,370,55:15,40.97%
586,Kevin Camarillo,"Wilmington, ",120,54:32,10:55,M 14-18/43,M-17,371,55:08,40.97%
587, Andrea Loper,", ",86,54:33,10:55,F 30-39/61,F-30,216,54:47,44.38%
588,Freddy Castaneda,"Huntington Park, CA",1404,54:35,10:55,M 50-59/55,M-53,372,55:19,45.82%
589,Brian Wilson,"Redondo Beach, CA",1184,54:36,10:56,M 30-39/97,M-33,373,55:37,39.54%
590,Peter Costa,"San Pedro, CA",2034,54:36,10:56,M 40-49/94,M-45,374,55:19,42.96%
591,Steve Muirhead,"San Pedro, CA",1238,54:39,10:56,M 30-39/98,M-36,375,55:22,40.15%
592,Millie Rivero,"North Hills, CA",1411,54:39,10:56,F 50-59/30,F-52,217,54:52,51.92%
593,Joe Willis,"Torrance, CA",1182,54:45,10:57,M 40-49/95,M-43,376,55:32,42.17%
594,Kat Gilmore,"Cerritos, CA",466,54:47,10:58,F 30-39/62,F-37,218,55:51,45.01%
595,Cheryl Laplante,"Los Angeles, CA",630,55:01,11:01,F 30-39/63,F-30,219,55:22,44.00%
596,Vianey Gonzalez,"Houston, TX",1428,55:01,11:01,F 30-39/64,F-30,220,55:10,44.00%
597,Jennifer Monroe,"La Habra, CA",1441,55:02,11:01,F 19-29/37,F-22,221,55:27,43.99%
598,Julie Puraty,"Bellflower, CA",1440,55:02,11:01,F 50-59/31,F-56,222,55:27,54.35%
599,Tracyalan Lugo,"Redondo Beach, CA",2073,55:04,11:01,M 40-49/96,M-44,377,55:17,42.26%
600,Dick Windishar,"Manhattan Beach, CA",1185,55:05,11:01,M 70-99/2,M-79,378,55:11,61.65%
601,Simeon Stewart II,"Rolling Hills Estates, CA",991,55:06,11:02,M 40-49/97,M-46,379,56:25,42.90%
602,Joni Turquand,"Redondo Beach, CA",1140,55:09,11:02,F 40-49/63,F-42,223,56:26,46.13%
603,Kathy Joly,"Sun Valley, CA",580,55:10,11:02,F 50-59/32,F-59,224,55:18,56.51%
604,Jenn James,"Lancaster, CA",2020,55:12,11:03,F 30-39/65,F-37,225,56:07,44.67%
605,Kim Hanson,"Long Beach, CA",494,55:18,11:04,F 30-39/66,F-33,226,56:16,43.99%
606,Sherilyn Ko,"Torrance, CA",611,55:19,11:04,F 40-49/64,F-41,227,56:14,45.66%
607,Yufahn Yuen,"Rancho Palos Verdes, CA",1199,55:21,11:05,M 50-59/56,M-52,380,56:11,44.79%
608,Susie Rodriguez,"Lawndale, CA",907,55:21,11:05,F 40-49/65,F-46,228,55:36,47.68%
609,Lisa Jordan,"Rancho Palos Verdes, CA",585,55:21,11:05,F 40-49/66,F-43,229,55:36,46.33%
610,Dan Withee,"Rancho Palos Verdes, CA",1006,55:23,11:05,M 60-69/22,M-60,381,55:53,47.89%
611,Mary Schoenbaum,"Culver City, CA",1228,55:26,11:06,F 50-59/33,F-53,230,56:20,51.85%
612,Craig Schoenbaum,"Culver City, CA",1227,55:26,11:06,M 50-59/57,M-53,382,56:21,45.11%
613,Rachel Garcia,"Whittier, CA",452,55:27,11:06,F 30-39/67,F-33,231,55:47,43.85%
614,Sean Garcia,"Whittier, CA",453,55:28,11:06,M 30-39/99,M-35,383,55:47,39.31%
615,Edward Olivera,", ",146,55:28,11:06,M 19-29/57,M-21,384,56:30,38.62%
616,Rebekah Vitale,"Long Beach, CA",1154,55:29,11:06,F 30-39/68,F-34,232,55:49,43.96%
617,Annette McCarthy,"Harbor City, CA",704,55:29,11:06,F 50-59/34,F-50,233,56:15,49.88%
618,Colleen Carlton,"Mojave, CA",274,55:31,11:07,F 50-59/35,F-55,234,56:56,53.15%
619,David Brandt,"Rancho Palos Verdes, CA",1470,55:32,11:07,M 40-49/98,M-44,385,56:34,41.91%
620,Richard Whitehorse,"Torrance, CA",1001,55:33,11:07,M 40-49/99,M-40,386,56:31,40.64%
621,Kelly Stanley,"Long Beach, CA",2085,55:33,11:07,F 19-29/38,F-29,235,55:52,43.58%
622,Lorena Stelter,"Long Beach, CA",986,55:35,11:07,F 30-39/69,F-38,236,55:54,44.57%
623,Lorna Brandt,"Rancho Palos Verdes, CA",1471,55:35,11:07,F 01-13/4,F-13,237,56:34,47.00%
624,Cris Fortain,"Rancho Palos Verdes, CA",430,55:36,11:08,M 50-59/58,M-51,387,56:12,44.23%
625,Jeffrey Michlitsch,"San Pedro, CA",735,55:40,11:08,M 30-39/100,M-35,388,57:23,39.17%
626,Mei Kimura,"Cypress, CA",603,55:42,11:09,F 50-59/36,F-57,238,59:23,54.44%
627,Andrea Showler,"Huntington Beach, CA",959,55:45,11:09,F 19-29/39,F-24,239,57:05,43.42%
628,Heidi Kreis,"San Pedro, CA",620,55:45,11:09,F 19-29/40,F-26,240,57:05,43.42%
629,Kelley Graves,"Long Beach, CA",2021,55:46,11:10,F 40-49/67,F-42,241,56:23,45.62%
630,Peter Mireles,"Long Beach, CA",746,55:46,11:10,M 70-99/3,M-70,389,56:05,52.29%
631,Richard Rosas,"Rancho Palos Verdes, CA",910,55:47,11:10,M 40-49/100,M-43,390,57:13,41.39%
632,Mario Jimenez,", CA",1394,55:54,11:11,M 40-49/101,M-48,391,56:07,42.95%
633,Anna Higa,"Rancho Palos Verdes, CA",527,55:55,11:11,F 40-49/68,F-48,242,57:41,48.30%
634,Paul Merritt,"Long Beach, CA",733,55:55,11:11,M 19-29/58,M-29,392,56:51,38.19%
635,Michael Delgado,"San Pedro, CA",1354,56:02,11:13,M 40-49/102,M-46,393,57:47,42.19%
636,Karen Blank,"Sacramento, CA",1229,56:08,11:14,F 30-39/70,F-31,243,56:49,43.18%
637,Robbie Zimmerman,"Manhattan Beach, CA",1262,56:08,11:14,M 01-13/7,M-11,394,56:11,45.08%
638,Janice Akins,"Cypress, CA",158,56:10,11:14,F 50-59/37,F-53,244,57:00,51.17%
639,Ed Storti,"San Pedro, CA",993,56:11,11:15,M 60-69/23,M-66,395,56:50,49.85%
640,Trang Guzze,"Garden Grove, CA",490,56:14,11:15,F 30-39/71,F-32,245,57:19,43.17%
641,Barry O'Neil,"El Segundo, CA",806,56:18,11:16,M 60-69/24,M-60,396,57:00,47.11%
642,Jonathon Hoffman,"Torrance, CA",533,56:18,11:16,M 19-29/59,M-24,397,56:58,37.90%
643,Charles Kuhenbeaker,"Torrance, CA",621,56:19,11:16,M 70-99/4,M-74,398,56:59,54.74%
644,Carol Nava,"Long Beach, CA",786,56:24,11:17,F 30-39/72,F-35,246,57:03,43.36%
645,Rachel Brand,"Santa Monica, CA",14,56:27,11:18,F 14-18/18,F-15,247,57:04,44.89%
646,Alice Malahni,"San Pedro, CA",679,56:27,11:18,F 50-59/38,F-52,248,57:12,50.27%
647,Lupe Mejia,"San Pedro, CA",2110,56:29,11:18,F 40-49/69,F-41,249,56:54,44.72%
648,J Timothy Fives,"Westchester, CA",423,56:30,11:18,M 50-59/59,M-59,399,57:48,46.56%
649,Annemarie Gauto,"Los Angeles, CA",1485,56:31,11:19,F 30-39/73,F-33,250,57:43,43.04%
650,Lorelei Blataric,"Long Beach, CA",231,56:32,11:19,F 60-69/7,F-60,251,57:14,55.91%
651,Jessica Alexander,"Long Beach, CA",160,56:33,11:19,F 30-39/74,F-32,252,57:32,42.92%
652,Michael Gutierrez,"San Pedro, CA",2068,56:34,11:19,M 01-13/8,M-13,400,56:57,42.41%
653,Heather Rubner,"Long Beach, CA",917,56:34,11:19,F 30-39/75,F-38,253,57:25,43.80%
654,Tony Mullikin,"Torrance, CA",771,56:40,11:20,M 40-49/103,M-46,401,57:47,41.72%
655,Jimmy Jaime Aragon,"Long Beach, CA",171,56:41,11:21,M 50-59/60,M-50,402,56:59,43.03%
656,Cristina Baba,"Gardena, CA",180,56:42,11:21,F 40-49/70,F-41,254,57:04,44.55%
657,Kathleen Brownell,"Manhattan Beach, CA",252,56:43,11:21,F 50-59/39,F-50,255,56:52,48.79%
658,Kevin Kelly,"Garden Grove, CA",593,56:45,11:21,M 40-49/104,M-49,403,57:21,42.66%
659,Job Castillo,"Norwalk, ",290,56:45,11:21,M 30-39/101,M-30,404,58:09,37.69%
660,Kim White,"Rancho Palos Verdes, CA",1178,56:45,11:21,F 40-49/71,F-46,256,56:53,46.50%
661,Queanh Pham,"Torrance, CA",831,56:52,11:23,F 30-39/76,F-31,257,58:00,42.63%
662,Charles Cho,"Gardena, CA",1496,56:53,11:23,M 30-39/102,M-35,405,57:46,38.34%
663,Frank De Lucia,", ",68,56:55,11:23,M 60-69/25,M-68,406,57:31,50.12%
664,Faye Yarbrough,"Gardena, CA",1195,57:01,11:25,F 40-49/72,F-49,258,57:32,47.95%
665,Raymond Tanner,"Manhattan Beach, CA",1110,57:01,11:25,M 40-49/105,M-48,407,57:58,42.11%
666,Jaclyn Tanner,"Manhattan Beach, CA",1009,57:02,11:25,F 01-13/5,F-13,259,57:58,45.81%
667,Naomi Silvi,"Long Beach, CA",966,57:02,11:25,F 40-49/73,F-41,260,57:33,44.29%
668,Joseph Raemer,"San Pedro, CA",860,57:02,11:25,M 40-49/106,M-49,408,57:39,42.44%
669,Michael White,"San Pedro, CA",1179,57:09,11:26,M 19-29/60,M-26,409,57:47,37.34%
670,Susy Cordova,"Los Alamitos, CA",319,57:11,11:27,F 40-49/74,F-47,261,58:55,46.68%
671,Melissa Stenzel,"Lomita, CA",989,57:11,11:27,F 14-18/19,F-16,262,58:06,43.79%
672,Juan Brown,"San Pedro, CA",250,57:12,11:27,M 40-49/107,M-49,410,57:52,42.32%
673,John Erb,"Los Angeles, CA",2025,57:12,11:27,M 30-39/103,M-37,411,59:09,38.62%
674,Maggie Campbell,"San Pedro, CA",264,57:13,11:27,F 14-18/20,F-14,263,58:07,44.93%
675,Debra Tyler,"Whittier, CA",1141,57:17,11:28,F 50-59/40,F-54,264,57:52,50.84%
676,Monique Malahni,"San Pedro, CA",680,57:19,11:28,F 19-29/41,F-22,265,58:05,42.23%
677,Kent Besinque,"Torrance, CA",226,57:20,11:28,M 50-59/61,M-52,412,57:40,43.24%
678,Adam Wolven,"La Mirada, CA",1189,57:21,11:29,M 30-39/104,M-30,413,58:24,37.30%
679,Allyson Umberger,"Los Angeles, CA",1143,57:21,11:29,F 19-29/42,F-21,266,57:56,42.21%
680,Myrna Flynn,"Cypress, CA",1385,57:21,11:29,F 19-29/43,F-28,267,58:24,42.21%
681,Victoria Katz,"Torrance, CA",591,57:22,11:29,F 30-39/77,F-39,268,57:50,43.45%
682,Alberta Mirisciotti,"Costa Mesa, CA",747,57:24,11:29,F 50-59/41,F-52,269,59:19,49.43%
683,Alessa Diaz,"Santa Monica, CA",15,57:25,11:29,F 14-18/21,F-15,270,58:01,44.13%
684,Joanna Mireles,"Long Beach, CA",745,57:25,11:29,F 40-49/75,F-40,271,57:44,43.67%
685,Christie May,"Los Angeles, CA",699,57:29,11:30,F 19-29/44,F-29,272,57:51,42.11%
686,Sandra Fuentes,"Lawndale, CA",1053,57:32,11:31,F 30-39/78,F-39,273,58:06,43.32%
687,Heidi Linscomb,"San Pedro, CA",661,57:32,11:31,F 30-39/79,F-37,274,58:03,42.86%
688,Edwin Contreras,"San Pedro, CA",315,57:33,11:31,M 30-39/105,M-36,414,57:33,38.12%
689,Christina Sigler,"San Pedro, CA",964,57:33,11:31,F 30-39/80,F-36,275,58:03,42.67%
690,Lars Stenzel,"Lomita, CA",988,57:35,11:31,M 40-49/108,M-45,415,58:30,40.74%
691,Lillian Nakashima,"Redondo Beach, ",783,57:35,11:31,F NoAge/0,F-0,276,58:45, 0.00%
692,Mark Sunsdstedt,"Long Beach, CA",1103,57:38,11:32,M 30-39/106,M-38,416,58:27,38.59%
693,Mike Richardson,"Palos Verdes Peninsula, CA",1271,57:38,11:32,M 60-69/26,M-64,417,58:08,47.70%
694,Tim Ashford,"Lomita, CA",174,57:39,11:32,M 50-59/62,M-54,418,58:44,43.72%
695,Geoffrey Rizzardo,"Carson, CA",896,57:49,11:34,M 19-29/61,M-26,419,58:11,36.91%
696,Joseph Dragan,"San Pedro, CA",379,57:49,11:34,M 30-39/107,M-31,420,58:29,37.08%
697,Laurie Di Lisio,"Cypress, CA",360,57:51,11:35,F 40-49/76,F-41,277,59:17,43.66%
698,Ken Vils,"Manhattan Beach, CA",1025,57:54,11:35,M 40-49/109,M-42,421,58:59,39.59%
699,Shane Moore,"San Pedro, CA",2111,57:55,11:35,M 30-39/108,M-39,422,58:18,38.69%
700,Andria Trani,"San Pedro, CA",1487,58:01,11:37,F 19-29/45,F-23,278,58:47,41.72%
701,Sara Lawlyes,", CA",637,58:03,11:37,F 30-39/81,F-32,279,59:30,41.82%
702,Robert Frank,"Redondo Beach, CA",435,58:04,11:37,M 40-49/110,M-41,423,59:31,39.19%
703,Wolf Heim,"Manhattan Beach, CA",513,58:05,11:37,M 50-59/63,M-51,424,59:11,42.34%
704,Margaret Hourigan,"Rolling Hills Estates, CA",540,58:06,11:38,F 60-69/8,F-63,280,58:38,56.84%
705,Demetrio Correa,"Harbor City, CA",320,58:07,11:38,M 19-29/62,M-29,425,59:32,36.75%
706,Christina Reynes,"Culver City, CA",886,58:09,11:38,F 40-49/77,F-42,281,59:08,43.75%
707,Lisa Manterfield,"Redondo Beach, CA",686,58:10,11:38,F 30-39/82,F-39,282,59:14,42.85%
708,Susan Kowalski,"Redondo Beach, CA",617,58:10,11:38,F 40-49/78,F-48,283,1:00:46,46.43%
709,Jessica Scholes,"Los Angeles, CA",948,58:12,11:39,F 30-39/83,F-37,284,58:41,42.37%
710,Miley Waterman,"Signal Hill, CA",1167,58:16,11:40,F 30-39/84,F-31,285,59:08,41.60%
711,Chris Chapman,"Lomita, CA",297,58:17,11:40,M 30-39/109,M-39,426,59:26,38.44%
712,Lillian Carson,"Torrance, CA",279,58:19,11:40,F 50-59/42,F-57,286,1:05:45,52.00%
713,Kellie Nolan,"Playa Del Rey, CA",798,58:20,11:40,F 19-29/46,F-29,287,59:15,41.50%
714,Chandra Kincaid,"Harbor City, CA",604,58:21,11:41,F 40-49/79,F-43,288,58:48,43.94%
715,Vanessa Cangialosi,"San Gabriel, CA",270,58:22,11:41,F 19-29/47,F-28,289,1:00:07,41.47%
716,Rudy Svorinich Jr,"San Pedro, CA",1041,58:26,11:42,M 40-49/111,M-49,427,58:29,41.43%
717,Adam Regnier,"Rancho Palos Verdes, CA",876,58:26,11:42,M 19-29/63,M-19,428,58:53,37.29%
718,Jessica Ulloa,"Redondo Beach, CA",1040,58:27,11:42,F 19-29/48,F-28,290,58:30,41.41%
719,Rockne Anderson,"Casa Grande, AZ",1211,58:27,11:42,M 40-49/112,M-43,429,59:33,39.50%
720,Tammy Anderson,"Casa Grande, AZ",1210,58:28,11:42,F 40-49/80,F-43,291,59:33,43.86%
721,Markus Heim,"Manhattan Beach, CA",512,58:28,11:42,M 01-13/9,M-13,430,59:33,41.03%
722,Janet Chan,"Gardena, CA",1089,58:28,11:42,F 50-59/43,F-57,292,58:36,51.87%
723,Allison Howard,"Playa Del Rey, CA",543,58:31,11:43,F 19-29/49,F-24,293,59:52,41.37%
724,Alli Delavan,"Long Beach, CA",353,58:33,11:43,F 30-39/85,F-33,294,59:38,41.54%
725,Carylann Elleri,"Huntington Beach, CA",1460,58:35,11:43,F 30-39/86,F-38,295,58:54,42.29%
726,Kyle Boone,"San Pedro, CA",238,58:36,11:44,F 50-59/44,F-52,296,59:58,48.42%
727,Scott Casey,"Long Beach, CA",284,58:36,11:44,M 30-39/110,M-37,431,59:35,37.70%
728,John Chin,"Upland, CA",2090,58:40,11:44,M 50-59/64,M-59,432,59:37,44.84%
729,John Herrmann,"San Pedro, CA",522,58:43,11:45,M 60-69/27,M-66,433,58:57,47.70%
730,Suzanne Brand,"Santa Monica, CA",1382,58:46,11:46,F 40-49/81,F-48,297,59:12,45.96%
731,Chris Luera,"San Pedro, CA",1030,58:46,11:46,M 19-29/64,M-23,434,59:13,36.31%
732,Judy Shimamura,"Torrance, CA",958,58:53,11:47,F 50-59/45,F-51,298,59:11,47.59%
733,Joan Miller,"Valley Village, CA",738,58:53,11:47,F 60-69/9,F-60,299,59:02,53.68%
734,Linda Martin,", ",89,58:54,11:47,F 40-49/82,F-48,300,59:41,45.85%
735,Paul Denaray,"San Pedro, CA",356,58:55,11:47,M 30-39/111,M-31,435,1:00:23,36.39%
736,Jim McShane,"San Pedro, CA",1202,58:56,11:48,M 50-59/65,M-54,436,59:59,42.77%
737,Tony Stavros,"San Pedro, CA",1078,58:56,11:48,M 40-49/113,M-48,437,59:22,40.74%
738,Victoria Overbey,"San Pedro, CA",2028,58:56,11:48,F 30-39/87,F-39,301,59:25,42.29%
739,Jana Springer,"Long Beach, CA",1098,58:58,11:48,F 50-59/46,F-58,302,59:34,52.13%
740,Rachel Denaray,"San Pedro, CA",357,59:03,11:49,F 30-39/88,F-30,303,1:00:30,40.99%
741,John Reeves,"Palos Verdes Estates, CA",875,59:03,11:49,M 50-59/66,M-51,438,1:00:22,41.64%
742,Rosie Cook,"Torrance, CA",1297,59:04,11:49,F 30-39/89,F-39,304,59:48,42.20%
743,Laura Giles,"Huntington Beach, CA",462,59:08,11:50,F 30-39/90,F-31,305,59:29,40.99%
744,Sharon Wood,"San Pedro, CA",1193,59:11,11:51,F 30-39/91,F-35,306,1:00:04,41.32%
745,Felicia Edwards,"Carson, CA",384,59:13,11:51,F 40-49/83,F-41,307,1:00:32,42.65%
746,Melveen Stevenson,"San Pedro, CA",1002,59:16,11:52,F 40-49/84,F-41,308,59:44,42.62%
747,Miranda Ault,"Huntington Beach, CA",177,59:18,11:52,F 01-13/6,F-11,309,1:00:35,45.91%
748,Chris Chadwick,"La Crescenta, CA",1447,59:19,11:52,M 60-69/28,M-61,439,1:00:01,45.14%
749,Elaine Stewart,"Fountain Valley, CA",990,59:21,11:53,F 40-49/85,F-47,310,1:01:55,44.97%
750,Leticia Rosello,"Gardena, CA",913,59:22,11:53,F 19-29/50,F-28,311,1:01:56,40.78%
751,Luis Barreras,"Long Beach, CA",198,59:23,11:53,M 50-59/67,M-50,440,59:55,41.07%
752,Rhonda Willis,"Torrance, CA",1183,59:27,11:54,F 40-49/86,F-44,312,1:00:14,43.52%
753,Nicole Gant,"Wilmington, CA",449,59:28,11:54,F 19-29/51,F-28,313,1:00:01,40.71%
754,Elisa Maldonado,"Wilmington, CA",1254,59:28,11:54,F 19-29/52,F-29,314,1:00:01,40.71%
755,Amy McAvin,"Redondo Beach, CA",1067,59:28,11:54,F 30-39/92,F-38,315,59:28,41.65%
756,Julie Ault,"Huntington Beach, CA",176,59:29,11:54,F 30-39/93,F-39,316,1:00:45,41.90%
757,Joel Walker,"Long Beach, CA",1450,59:34,11:55,M 30-39/112,M-39,441,1:00:30,37.62%
758,Steve Bohannon,"Palos Verdes Estates, CA",234,59:36,11:56,M 40-49/114,M-42,442,1:00:34,38.46%
759,Kiani Lane,"Santa Monica, CA",19,59:36,11:56,F 14-18/22,F-14,317,1:00:11,43.13%
760,Susan Bohannon,"Palos Verdes Estates, CA",235,59:37,11:56,F 40-49/87,F-42,318,1:00:35,42.67%
761,Maura Mejia,", ",144,59:37,11:56,F 19-29/53,F-19,319,1:00:19,40.77%
762,Mike Fox,"Playa Del Rey, CA",433,59:38,11:56,M 40-49/115,M-44,443,1:00:28,39.03%
763,Sarah Tomeck,"La Verne, CA",1130,59:40,11:56,F 19-29/54,F-21,320,1:00:52,40.57%
764,Kathy Massanet,"Long Beach, CA",1459,59:49,11:58,F 50-59/47,F-53,321,1:00:16,48.05%
765,Gianelli Granados,"West Covina, CA",472,59:54,11:59,F 19-29/55,F-20,322,1:01:05,40.44%
766,Adriana Villalpando,"Glendale, CA",1152,59:58,12:00,F 40-49/88,F-44,323,1:01:00,43.15%
767,Jennifer Vittorio,"San Pedro, CA",1156,1:00:00,12:00,F 19-29/56,F-24,324,1:01:21,40.34%
768,Russell Urban,"Rancho Palos Verdes, CA",1144,1:00:01,12:01,M 60-69/29,M-62,444,1:00:39,45.00%
769,Cheryl Patel,"Long Beach, CA",821,1:00:02,12:01,F 50-59/48,F-54,325,1:00:07,48.51%
770,Richard Lopez,"Huntington Beach, CA",664,1:00:02,12:01,M 40-49/116,M-42,445,1:00:19,38.18%
771,Rusty Grant,"Long Beach, CA",1328,1:00:02,12:01,M 30-39/113,M-31,446,1:01:16,35.71%
772,Kane Barber,"Long Beach, CA",1270,1:00:03,12:01,M 30-39/114,M-38,447,1:00:10,37.03%
773,Tara Moore,"Topanga, CA",756,1:00:06,12:02,F 40-49/89,F-45,326,1:01:06,43.47%
774,Rae Markle,"Long Beach, CA",689,1:00:09,12:02,F 50-59/49,F-57,327,1:00:33,50.42%
775,Kimberly De La Fuente,"Long Beach, CA",32,1:00:09,12:02,F 30-39/94,F-35,328,1:01:42,40.66%
776,Chris Rayos,"San Pedro, CA",869,1:00:10,12:02,F 40-49/90,F-41,329,1:00:35,41.98%
777,Trish Ah-Hing,"Torrance, CA",156,1:00:10,12:02,F 30-39/95,F-34,330,1:01:52,40.54%
778,Lindsey Fong,"Rancho Palos Verdes, CA",429,1:00:13,12:03,F 30-39/96,F-30,331,1:01:16,40.20%
779,Shannon Mikesell,"Roseville, CA",737,1:00:18,12:04,F 30-39/97,F-35,332,1:01:17,40.56%
780,Michael Wheeler,"Costa Mesa, CA",1177,1:00:19,12:04,M 19-29/65,M-27,448,1:01:56,35.38%
781,Ana Huaman,"Costa Mesa, CA",545,1:00:20,12:04,F 19-29/57,F-29,333,1:01:55,40.12%
782,Julie Leatherwood,"Long Beach, CA",640,1:00:20,12:04,F 30-39/98,F-38,334,1:01:06,41.06%
783,Anne Keltner,"Huntington Beach, CA",597,1:00:20,12:04,F 50-59/50,F-50,335,1:00:38,45.87%
784,Lorena Banuelos,"San Pedro, CA",1326,1:00:22,12:05,F 30-39/99,F-37,336,1:01:32,40.85%
785,Lisa Ross,"Lomita, CA",914,1:00:25,12:05,F 30-39/100,F-38,337,1:01:24,41.00%
786,Ursula Lopez,"Los Angeles, CA",1212,1:00:26,12:06,F 19-29/58,F-23,338,1:01:35,40.06%
787,Linda Ra,"Los Angeles, CA",857,1:00:34,12:07,F 19-29/59,F-27,339,1:01:12,39.97%
788,Stacey Westling,"Long Beach, CA",1176,1:00:36,12:08,F 40-49/91,F-45,340,1:01:27,43.11%
789,Penny Sprague,"San Pedro, CA",980,1:00:43,12:09,F 40-49/92,F-43,341,1:01:13,42.23%
790,Lisa Sutton,"Torrance, CA",1104,1:00:46,12:10,F 40-49/93,F-41,342,1:01:20,41.56%
791,Scott Sutton,"Torrance, CA",1105,1:00:47,12:10,M 40-49/117,M-42,449,1:01:21,37.71%
792,Susan Sakamoto,"Los Angeles, CA",924,1:00:52,12:11,F 50-59/51,F-56,343,1:01:28,49.14%
793,Gina Bond,"Long Beach, CA",236,1:00:54,12:11,F 40-49/94,F-40,344,1:00:59,41.17%
794,Lori Baldovines,"Harbor City, CA",2061,1:00:57,12:12,F 30-39/101,F-35,345,1:02:19,40.13%
795,Jenny Webster,"Long Beach, CA",1170,1:00:59,12:12,F 30-39/102,F-32,346,1:02:03,39.80%
796,Aran Bellock,"Long Beach, CA",215,1:01:00,12:12,M 30-39/115,M-33,450,1:02:04,35.39%
797,Laurell Black,"Los Angeles, CA",2089,1:01:00,12:12,M 40-49/118,M-49,451,1:02:57,39.68%
798,George Rendell,"Long Beach, CA",880,1:01:03,12:13,M 70-99/5,M-77,452,1:01:27,53.30%
799,Dirk Buck,", ",56,1:01:05,12:13,M 30-39/116,M-37,453,1:01:17,36.16%
800,Kevin Keane,"San Pedro, CA",592,1:01:10,12:14,M 40-49/119,M-41,454,1:01:59,37.20%
801,Julie Felt,"San Pedro, CA",2053,1:01:12,12:15,F 30-39/103,F-37,347,1:01:38,40.29%
802,Melissa Maldonado,"San Pedro, CA",683,1:01:16,12:16,F 14-18/23,F-16,348,1:01:36,40.87%
803,Paul Webber,"Long Beach, CA",1169,1:01:20,12:16,M 50-59/68,M-55,455,1:02:17,41.45%
804,Erica Flores,"Lynwood, CA",1318,1:01:23,12:17,F 19-29/60,F-23,349,1:01:52,39.44%
805,Celia Mora,"Redondo Beach, CA",758,1:01:25,12:17,F 30-39/104,F-34,350,1:02:02,39.71%
806,Megan Schulz,"Omaha, NE",1386,1:01:29,12:18,F 30-39/105,F-37,351,1:02:25,40.10%
807,Mary Tamaki,"Los Angeles, CA",1456,1:01:35,12:19,F 40-49/95,F-48,352,1:02:27,43.85%
808,Yvonne Levy,"Huntington Beach, CA",652,1:01:36,12:20,F 60-69/10,F-60,353,1:02:56,51.31%
809,Kennedy Nicolello,"San Pedro, CA",795,1:01:36,12:20,F 40-49/96,F-44,354,1:02:35,42.00%
810,Brian Schrieber,"El Segundo, CA",950,1:01:36,12:20,M 19-29/66,M-29,456,1:03:11,34.67%
811,Megan Ocampo,"Rancho Palos Verdes, CA",807,1:01:38,12:20,F 01-13/7,F-12,355,1:02:58,43.20%
812,Flora Lee,"Rancho Palos Verdes, CA",641,1:01:41,12:21,F 40-49/97,F-43,356,1:02:41,41.57%
813,Debbie Fogel,"El Segundo, CA",427,1:01:42,12:21,F 19-29/61,F-27,357,1:03:12,39.23%
814,Marco Sanchez,"Inglewood, CA",1294,1:01:43,12:21,M 19-29/67,M-26,457,1:02:24,34.58%
815,Carrie Watson,"San Pedro, CA",1168,1:01:45,12:21,F 30-39/106,F-38,358,1:03:00,40.12%
816,Sara Flores,"San Pedro, CA",1319,1:01:47,12:22,F 30-39/107,F-30,359,1:02:16,39.18%
817,Yvonne La,"Long Beach, CA",2064,1:01:48,12:22,F 30-39/108,F-36,360,1:02:14,39.74%
818,Jan Hextell,"Cerritos, CA",525,1:01:49,12:22,F 70-99/1,F-70,361,1:02:07,59.63%
819,Sandra Kirschner,"Los Alamitos, CA",607,1:01:49,12:22,F 60-69/11,F-62,362,1:02:07,52.64%
820,Frecie Magdirila,"Carson, CA",676,1:01:50,12:22,F 30-39/109,F-36,363,1:02:02,39.71%
821,Heather Grow,"Huntington Beach, CA",484,1:01:52,12:23,F 30-39/110,F-36,364,1:03:02,39.69%
822,Bob Gillingham,"El Segundo, CA",464,1:01:57,12:24,M 60-69/30,M-60,458,1:02:52,42.81%
823,Pantele Dembegiotes,"Los Angeles, CA",355,1:02:00,12:24,M 50-59/69,M-56,459,1:02:48,41.36%
824,Casey Ender,"Culver City, CA",389,1:02:01,12:25,F 14-18/24,F-18,365,1:03:33,39.46%
825,Adam Hernandez,"San Pedro, CA",1370,1:02:06,12:26,M 30-39/117,M-33,460,1:02:48,34.77%
826,Rachael Curfew,"Santa Monica, CA",1239,1:02:07,12:26,F 30-39/111,F-30,366,1:02:36,38.97%
827,Brad Garrison,"Hawthorne, CA",454,1:02:12,12:27,M 40-49/120,M-46,461,1:02:51,38.01%
828,Mary Davis,"El Segundo, CA",1224,1:02:14,12:27,F 50-59/52,F-50,367,1:02:50,44.47%
829,Tim Johnson,"Venice, CA",2119,1:02:15,12:27,M 30-39/118,M-34,462,1:03:14,34.84%
830,Tamra Johnson,"Venice, CA",577,1:02:16,12:28,F 30-39/112,F-30,368,1:03:14,38.88%
831,Robert Munoz,"Wilmington, ",131,1:02:16,12:28,M 14-18/44,M-15,463,1:02:53,36.97%
832,Isabelle Galan,"Huntington Beach, CA",445,1:02:16,12:28,F 40-49/98,F-40,369,1:03:07,40.27%
833,Anabel Diaz,"Carson, ",122,1:02:16,12:28,F 14-18/25,F-17,370,1:02:53,39.71%
834,Joann Storti,"San Pedro, CA",1085,1:02:17,12:28,F 60-69/12,F-65,371,1:03:00,54.66%
835,Connie Senner,"Long Beach, CA",954,1:02:23,12:29,F 40-49/99,F-47,372,1:03:42,42.78%
836,Mick Russo,"Rancho Palos Verdes, CA",2104,1:02:25,12:29,M 40-49/121,M-44,464,1:02:25,37.29%
837,Rodrigo Lopez,"San Pedro, CA",665,1:02:26,12:30,M 30-39/119,M-39,465,1:03:07,35.89%
838,Christina Martinez,"San Pedro, CA",1402,1:02:30,12:30,F 30-39/113,F-36,373,1:02:38,39.29%
839,Jenny Bateman,"Torrance, CA",1304,1:02:36,12:32,F 30-39/114,F-37,374,1:03:52,39.39%
840,Lauren Fierro,"San Pedro, CA",1218,1:02:37,12:32,F 19-29/62,F-27,375,1:03:52,38.66%
841,Melissa Doherty,"Palos Verdes Peninsula, CA",368,1:02:37,12:32,F 30-39/115,F-37,376,1:02:46,39.38%
842,Jessica Schmidt,"Redondo Beach, CA",944,1:02:42,12:33,F 19-29/63,F-28,377,1:03:50,38.61%
843,Christina Nguyen,"Whittier, CA",792,1:02:44,12:33,F 30-39/116,F-32,378,1:04:23,38.69%
844,Amy Takahashi,"Long Beach, CA",1109,1:02:44,12:33,F 19-29/64,F-29,379,1:04:17,38.59%
845,Christina Snyder,"Lakewood, CA",974,1:02:48,12:34,F 30-39/117,F-37,380,1:03:47,39.26%
846,Hiroaki Ueno,"Rancho Palos Verdes, CA",1096,1:02:49,12:34,M 30-39/120,M-37,466,1:03:34,35.16%
847,Gracelyn Cammareri,"San Pedro, CA",1070,1:02:50,12:34,F 19-29/65,F-20,381,1:03:53,38.55%
848,Paola Cammareri,"San Pedro, CA",1087,1:02:51,12:35,F 19-29/66,F-23,382,1:03:53,38.51%
849,Nicole Yings,"Lakewood, CA",1197,1:02:52,12:35,F 19-29/67,F-24,383,1:03:40,38.50%
850,Rick Gaydos,"Rancho Palos Verdes, CA",458,1:02:53,12:35,M 60-69/31,M-66,467,1:03:48,44.54%
851,Sandra Hall,"Harbor City, CA",492,1:02:59,12:36,F 30-39/118,F-39,384,1:04:14,39.57%
852,Ivy Castillo,"Los Angeles, CA",289,1:02:59,12:36,F 30-39/119,F-30,385,1:04:03,38.43%
853,Daniel Gomez,"San Pedro, CA",1442,1:03:00,12:36,M 19-29/68,M-23,468,1:04:07,33.87%
854,Jeff Miller,"Rolling Hills, CA",1284,1:03:00,12:36,M 50-59/70,M-58,469,1:03:06,41.39%
855,Duran Waddell,"San Pedro, CA",1157,1:03:01,12:37,M 30-39/121,M-31,470,1:04:18,34.02%
856,Andrea Casillas,"San Pedro, CA",285,1:03:04,12:37,F 30-39/120,F-37,386,1:03:08,39.10%
857,Chad Chaiyont,"Torrance, CA",1004,1:03:08,12:38,M 40-49/122,M-42,471,1:04:02,36.31%
858,Ashley Musick,"Torrance, CA",778,1:03:08,12:38,F 19-29/68,F-24,387,1:04:30,38.34%
859,Pieter Nauta,"Cypress, CA",785,1:03:14,12:39,M 19-29/69,M-29,472,1:03:58,33.77%
860,Tony Lopez,"Wilmington, CA",667,1:03:14,12:39,M 40-49/123,M-46,473,1:04:19,37.38%
861,Donald Chee,"Culver City, CA",303,1:03:15,12:39,M 40-49/124,M-41,474,1:03:59,35.98%
862,Rachel Mitchell,"Torrance, CA",1490,1:03:18,12:40,F 30-39/121,F-38,388,1:04:44,39.14%
863,Edward Shy,"Gardena, CA",960,1:03:19,12:40,M 60-69/32,M-60,475,1:03:34,41.89%
864,Kun Hu,"Long Beach, CA",2008,1:03:21,12:41,F 50-59/53,F-50,389,1:03:39,43.68%
865,Roni Tomlin,"Long Beach, CA",1132,1:03:21,12:41,F 50-59/54,F-54,390,1:03:37,45.97%
866,Fabian Fierro,"San Pedro, CA",1219,1:03:24,12:41,M 30-39/122,M-32,476,1:04:43,33.92%
867,Lisa Mueller,"Redondo Beach, CA",770,1:03:31,12:43,F 40-49/100,F-42,391,1:04:37,40.05%
868,Mandy Barton,"Los Alamitos, CA",205,1:03:32,12:43,F 50-59/55,F-53,392,1:04:56,45.24%
869,Freddie Luevanos,"San Pedro, CA",1371,1:03:36,12:44,M 30-39/123,M-36,477,1:04:32,34.50%
870,Deann Svorinich,"San Pedro, CA",1042,1:03:41,12:45,F 40-49/101,F-45,393,1:03:44,41.02%
871,Shandy Shahabi,"Torrance, CA",956,1:03:42,12:45,M 19-29/70,M-20,478,1:04:24,33.87%
872,Nicole Ortiz,"Long Beach, CA",815,1:03:46,12:46,F 30-39/122,F-38,394,1:05:36,38.85%
873,Elizabeth A McClure,"Wilmington, CA",706,1:03:49,12:46,F 50-59/56,F-52,395,1:04:26,44.46%
874,Gina Henderson,"Rancho Palos Verdes, CA",1361,1:03:49,12:46,F 40-49/102,F-46,396,1:04:26,41.35%
875,Mary Francis,"Pasadena, CA",434,1:03:56,12:48,F 50-59/57,F-56,397,1:04:26,46.78%
876,Gabriela Flores,"Pico Rivera, CA",426,1:03:58,12:48,F 40-49/103,F-41,398,1:04:39,39.48%
877,Nick Gonzalez,"Harbor City, CA",1486,1:04:00,12:48,M 60-69/33,M-67,479,1:04:15,44.15%
878,Jeanie Adams,"Torrance, CA",153,1:04:00,12:48,F 50-59/58,F-54,399,1:04:15,45.51%
879,Wendy Gustin,"Redondo Beach, CA",2076,1:04:07,12:50,F 30-39/123,F-37,400,1:05:00,38.46%
880,Alex Paparella,"Torrance, CA",2078,1:04:08,12:50,F 14-18/26,F-17,401,1:05:00,38.55%
881,Rebecca Wagner,"Burbank, CA",1390,1:04:08,12:50,F 40-49/104,F-40,402,1:05:06,39.10%
882,William Hopkins,"San Pedro, CA",1061,1:04:09,12:50,M 70-99/6,M-72,480,1:04:48,46.62%
883,Jessica Cullen,"Long Beach, CA",335,1:04:10,12:50,F 30-39/124,F-35,403,1:05:08,38.11%
884,Debbie Tiso,"Huntington Beach, CA",1127,1:04:16,12:52,F 50-59/59,F-53,404,1:06:15,44.72%
885,Carl Curtis,"Huntington Beach, CA",339,1:04:17,12:52,M 60-69/34,M-66,481,1:05:38,43.57%
886,Mitzy Wilkerson,"San Pedro, CA",1180,1:04:17,12:52,F 40-49/105,F-45,405,1:06:01,40.64%
887,M Saraya,", CA",1393,1:04:19,12:52,F NoAge/0,F-0,406,1:04:31, 0.00%
888,Larry Schneider,"Torrance, CA",947,1:04:20,12:52,M 70-99/7,M-71,482,1:04:20,45.87%
889,C Kotter,"San Pedro, CA",616,1:04:24,12:53,F 60-69/13,F-62,407,1:05:21,50.53%
890,Imtiaz Dadabhoy,"Redondo Beach, CA",342,1:04:24,12:53,M 40-49/125,M-46,483,1:05:30,36.71%
891,Stella Wisner,"San Pedro, CA",1187,1:04:24,12:53,F 40-49/106,F-41,408,1:08:36,39.22%
892,Judy Bergeron,"Long Beach, CA",222,1:04:26,12:54,F 50-59/60,F-54,409,1:05:51,45.20%
893,Jeffrey Sanders,"Torrance, CA",2150,1:04:30,12:54,M 19-29/71,M-22,484,1:04:30,33.11%
894,Joe Delrio,"Long Beach, CA",2082,1:04:31,12:55,M 40-49/126,M-40,485,1:08:03,34.99%
895,James Swicord,"Long Beach, CA",2081,1:04:31,12:55,M 40-49/127,M-47,486,1:08:03,36.93%
896,Clayton McKinley,"Torrance, CA",1286,1:04:32,12:55,M 40-49/128,M-49,487,1:04:55,37.51%
897,Brian Regnier,"Rancho Palos Verdes, CA",877,1:04:34,12:55,M 40-49/129,M-47,488,1:05:00,36.90%
898,Ivan De La Pena,"San Pedro, CA",2101,1:04:38,12:56,M 14-18/45,M-17,489,1:04:49,34.56%
899,Kimberly Clobert,"San Pedro, CA",2123,1:04:40,12:56,F 40-49/107,F-45,410,1:05:50,40.40%
900,Marlene Negrete,"Lomita, CA",787,1:04:41,12:57,F 30-39/125,F-30,411,1:05:17,37.42%
901,Ephraim Olivera,", ",147,1:04:42,12:57,M 19-29/72,M-21,490,1:05:44,33.11%
902,April Wong,"Los Angeles, CA",1190,1:04:42,12:57,F 40-49/108,F-41,412,1:05:46,39.04%
903,Lilian Gudiel,"Los Angeles, CA",485,1:04:44,12:57,F 30-39/126,F-30,413,1:05:22,37.39%
904,Summer Israwi,"Downey, CA",560,1:04:50,12:58,F 30-39/127,F-31,414,1:05:53,37.39%
905,John O'Connor,"Mojave, CA",804,1:04:51,12:59,M 50-59/71,M-52,491,1:06:29,38.23%
906,Juanne Miller,"Torrance, CA",740,1:04:53,12:59,F 19-29/69,F-26,415,1:06:34,37.31%
907,Kimberly Gebhart,"Signal Hill, CA",1299,1:04:58,13:00,F 40-49/109,F-40,416,1:05:16,38.59%
908,Clint Miller,"Rancho Palos Verdes, CA",1278,1:05:04,13:01,M 50-59/72,M-58,492,1:05:31,40.07%
909,Judy Robelotto,"Torrance, CA",897,1:05:06,13:02,F 60-69/14,F-65,417,1:06:00,52.29%
910,Anita Hamilton,"Long Beach, CA",493,1:05:07,13:02,F 40-49/110,F-41,418,1:06:38,38.79%
911,Sabrina Horrell,"Torrance, CA",2059,1:05:08,13:02,F 19-29/70,F-29,419,1:05:39,37.16%
912,Steele Kelly,", ",82,1:05:09,13:02,M 40-49/130,M-41,493,1:05:59,34.93%
913,Cade Kelly,", ",79,1:05:09,13:02,M 01-13/10,M-10,494,1:05:59,40.10%
914,Budd Downing,"Torrance, ",377,1:05:13,13:03,M 30-39/124,M-39,495,1:06:32,34.36%
915,Abby Zimmerman,"Manhattan Beach, CA",1261,1:05:21,13:05,F 01-13/8,F-13,420,1:06:34,39.97%
916,Janet Zimmerman,"Manhattan Beach, CA",1264,1:05:21,13:05,F 40-49/111,F-43,421,1:06:34,39.23%
917,Chris McDonald,"Torrance, ",709,1:05:29,13:06,M 30-39/125,M-35,496,1:06:47,33.30%
918,Shaune Kelly,"Long Beach, CA",596,1:05:33,13:07,F 40-49/112,F-44,422,1:06:07,39.47%
919,Rachael Thiele,"Long Beach, CA",1118,1:05:34,13:07,F 30-39/128,F-38,423,1:06:07,37.78%
920,Linda Luher,"Huntington Beach, CA",671,1:05:35,13:07,F 50-59/61,F-50,424,1:06:39,42.20%
921,John Wallace,"San Pedro, CA",1161,1:05:40,13:08,M 30-39/126,M-39,497,1:06:49,34.12%
922,Margaret McCarthy,"Rancho Palos Verdes, CA",705,1:05:40,13:08,F 50-59/62,F-53,425,1:07:03,43.77%
923,Alan Eisman,"Arleta, CA",1217,1:05:40,13:08,M 60-69/35,M-61,498,1:07:14,40.77%
924,Ernesto Flores,"Pico Rivera, CA",425,1:05:45,13:09,M 40-49/131,M-45,499,1:06:26,35.67%
925,Michele James-Williams,"El Segundo, CA",569,1:05:50,13:10,F 40-49/113,F-41,426,1:07:00,38.36%
926,Brandon Hurley,"Placentia, CA",550,1:06:03,13:13,M 30-39/127,M-31,500,1:07:27,32.46%
927,Natsha Brame,"San Pedro, CA",1029,1:06:12,13:15,F 19-29/71,F-29,427,1:06:37,36.57%
928,Jason Dorin,"Santa Monica, CA",374,1:06:16,13:16,M 19-29/73,M-27,501,1:06:52,32.20%
929,Liz Zabloudoff,", ",115,1:06:17,13:16,F 40-49/114,F-45,428,1:07:53,39.41%
930,Matthew Grabinski,"Long Beach, CA",471,1:06:19,13:16,M 30-39/128,M-34,502,1:07:59,32.70%
931,Brent Feltenberger,", ",139,1:06:20,13:16,M 19-29/74,M-21,503,1:07:00,32.29%
932,Janneil Heuser,"Torrance, CA",523,1:06:24,13:17,F 30-39/129,F-38,429,1:08:09,37.31%
933,Leonard Heuser  III,"Torrance, CA",524,1:06:25,13:17,M 40-49/132,M-41,504,1:08:09,34.26%
934,Justin Odom,"Downey, CA",1381,1:06:25,13:17,M 19-29/75,M-23,505,1:06:50,32.13%
935,Molly Odom,"Downey, CA",1378,1:06:26,13:18,F 14-18/27,F-15,430,1:06:50,38.14%
936,Vanessa Morris,"Torrance, CA",766,1:06:31,13:19,F 30-39/130,F-33,431,1:07:20,36.57%
937,Laura Carroll,"Manhattan Beach, CA",1269,1:06:34,13:19,F 40-49/115,F-46,432,1:07:13,39.64%
938,Nicole Saumure,"Lakewood, CA",939,1:06:41,13:21,F 19-29/72,F-27,433,1:06:56,36.30%
939,Lisa Drucker,"Torrance, CA",381,1:06:42,13:21,F 40-49/116,F-43,434,1:07:05,38.44%
940,Peter Comiskey,"Anaheim, CA",1495,1:06:45,13:21,M 40-49/133,M-43,506,1:07:42,34.59%
941,Ivana Medved,"Santa Monica, CA",724,1:06:46,13:22,F 19-29/73,F-25,435,1:07:23,36.25%
942,Lowell Hardison,"Torrance, CA",496,1:06:49,13:22,M 70-99/8,M-71,507,1:07:33,44.16%
943,Esperanza Orpia,"Torrance, CA",40,1:06:49,13:22,F 30-39/131,F-39,436,1:08:31,37.30%
944,Elizabeth Hunter,"Torrance, CA",549,1:06:50,13:22,F 30-39/132,F-31,437,1:07:49,36.27%
945,Hyera Kim,"Glendale, CA",601,1:06:51,13:23,F 30-39/133,F-31,438,1:07:19,36.26%
946,William Bryan,"Rolling Hills Estates, CA",253,1:06:54,13:23,M 60-69/36,M-66,508,1:07:15,41.86%
947,Xochitl Palma,"San Pedro, CA",817,1:06:56,13:24,F 30-39/134,F-31,439,1:07:13,36.21%
948,Debi Pitts,"Rolling Hills Estates, CA",838,1:06:58,13:24,F 50-59/63,F-52,440,1:07:15,42.37%
949,Stan Salomons,"Encino, CA",1064,1:07:02,13:25,M 50-59/73,M-54,509,1:07:48,37.60%
950,Robert Fisher,"Lomita, CA",422,1:07:08,13:26,M 40-49/134,M-46,510,1:07:57,35.21%
951,Dolores Moreno,"Whittier, CA",1213,1:07:12,13:27,F 19-29/74,F-28,441,1:08:22,36.02%
952,Britta Brodowski,"Buena Park, CA",1358,1:07:15,13:27,F 30-39/135,F-36,442,1:07:40,36.51%
953,Neesha Sodha,"Los Angeles, CA",1095,1:07:16,13:28,F 30-39/136,F-32,443,1:07:22,36.08%
954,Sylvia Gutierrez,"San Pedro, CA",488,1:07:20,13:28,F 40-49/117,F-46,444,1:08:03,39.19%
955,Theresa Porterfield,"San Pedro, CA",845,1:07:31,13:31,F 50-59/64,F-53,445,1:08:18,42.57%
956,Jean Nosco,"San Pedro, CA",799,1:07:31,13:31,F 19-29/75,F-29,446,1:08:35,35.85%
957,Christine Abdallah,", ",47,1:07:38,13:32,F 19-29/76,F-26,447,1:07:44,35.79%
958,Domingo Mairena,"San Pedro, ",127,1:07:53,13:35,M 40-49/135,M-46,511,1:08:32,34.82%
959,Miguel Solis,"Wilmington, ",137,1:07:53,13:35,M 19-29/76,M-23,512,1:08:32,31.43%
960,Jennifer Fogel,"Los Angeles, CA",428,1:07:58,13:36,F 30-39/137,F-33,448,1:09:04,35.79%
961,Carol King,"Torrance, CA",605,1:07:59,13:36,F 30-39/138,F-31,449,1:08:46,35.65%
962,Chris Payne,"San Pedro, ",132,1:08:00,13:36,M 14-18/46,M-16,513,1:08:39,33.32%
963,Yvette Perez,"San Pedro, ",133,1:08:01,13:37,F 30-39/139,F-30,450,1:08:40,35.59%
964,Lizbeth Escalona,"Torrance, ",123,1:08:01,13:37,F 14-18/28,F-15,451,1:08:40,37.25%
965,Melissa Hendrickson,"San Pedro, ",125,1:08:05,13:37,F 19-29/77,F-27,452,1:08:46,35.55%
966,Gloria Lockhart,"San Pedro, CA",662,1:08:06,13:38,F 60-69/15,F-62,453,1:08:13,47.78%
967,Mayra Maldonado,"Wilmington, ",128,1:08:07,13:38,F 14-18/29,F-17,454,1:08:46,36.29%
968,Michael Harris,"Carson, CA",499,1:08:07,13:38,M 50-59/74,M-55,514,1:08:16,37.32%
969,Marsha Harris,"Carson, CA",498,1:08:07,13:38,F 50-59/65,F-56,455,1:08:16,43.91%
970,Isela Lopez,"San Pedro, CA",663,1:08:10,13:38,F 40-49/118,F-40,456,1:08:52,36.78%
971,Jerry De La Cruz,"Carson, CA",31,1:08:11,13:39,M 30-39/129,M-39,515,1:09:18,32.86%
972,Sandra Valdez De La Cruz,"Carson, CA",45,1:08:12,13:39,F 30-39/140,F-36,457,1:09:17,36.01%
973,Jose Cuevas,"Torrance, CA",334,1:08:17,13:40,M 30-39/130,M-37,516,1:09:44,32.35%
974,Dina Bagues,"Sunset Beach, CA",1092,1:08:18,13:40,F 40-49/119,F-42,458,1:08:39,37.25%
975,Carrie Carleton,"Stevenson Ranch, CA",273,1:08:19,13:40,F 30-39/141,F-34,459,1:09:24,35.70%
976,Ana Cuevas,"Torrance, CA",333,1:08:21,13:41,F 30-39/142,F-36,460,1:09:49,35.93%
977,Steve Laven,"Torrance, CA",1443,1:08:23,13:41,M 40-49/136,M-48,517,1:10:04,35.10%
978,Kei Nakai,", CA",781,1:08:23,13:41,M 50-59/75,M-54,518,1:09:41,36.86%
979,Andy Garcia,"Sylmar, CA",450,1:08:28,13:42,M 40-49/137,M-46,519,1:08:53,34.53%
980,Susan Henry,"Los Angeles, CA",516,1:08:28,13:42,F 50-59/66,F-56,461,1:08:53,43.68%
981,David Myers,"Long Beach, CA",1344,1:08:33,13:43,M 30-39/131,M-34,520,1:10:14,31.64%
982,Mieke Holland,"San Pedro, CA",1027,1:08:46,13:46,F 30-39/143,F-36,462,1:09:15,35.71%
983,Jen McDonald,"Alamo, CA",1039,1:08:47,13:46,F 40-49/120,F-49,463,1:09:12,39.75%
984,Jacquie Leimbach,"Palos Verdes Peninsula, CA",1038,1:08:47,13:46,F 40-49/121,F-46,464,1:09:12,38.37%
985,Miyuki Rossberg,"Redondo Beach, CA",915,1:08:49,13:46,M 30-39/132,M-32,521,1:09:47,31.25%
986,Julie Pollard,"Redondo Beach, CA",842,1:08:52,13:47,F 19-29/78,F-26,465,1:10:41,35.15%
987,John Lovrich,"San Pedro, CA",2146,1:08:57,13:48,M 40-49/138,M-48,522,1:08:57,34.82%
988,Marjorie George,"Long Beach, ",459,1:09:01,13:49,F 40-49/122,F-45,466,1:10:09,37.85%
989,Roxanne Angelopoulos,"Los Angeles, CA",167,1:09:02,13:49,F 40-49/123,F-43,467,1:10:35,37.14%
990,Darleen Leal,"Harbor City, CA",638,1:09:03,13:49,F 40-49/124,F-47,468,1:09:26,38.65%
991,Kenneth Leal,"Harbor City, CA",639,1:09:03,13:49,M 50-59/76,M-58,523,1:09:26,37.76%
992,Tenley Myers,"San Pedro, CA",1045,1:09:09,13:50,F 40-49/125,F-43,469,1:10:34,37.08%
993,Keith Kumamoto,"Torrance, CA",1221,1:09:23,13:53,M 40-49/139,M-49,524,1:09:53,34.89%
994,Mike Franko,"Lomita, CA",436,1:09:25,13:53,M 40-49/140,M-40,525,1:10:53,32.52%
995,Andres Estrada,"Lomita, CA",2033,1:09:25,13:53,M 40-49/141,M-41,526,1:10:54,32.78%
996,Belinda Orozco,"Los Angeles, CA",813,1:09:26,13:54,F 30-39/144,F-33,470,1:09:48,35.03%
997,Shanelle Muniz,"Los Angeles, CA",773,1:09:29,13:54,F 19-29/79,F-27,471,1:10:39,34.84%
998,Alli Jason,"Los Angeles, CA",2058,1:09:31,13:55,F 60-69/16,F-62,472,1:10:53,46.81%
999,Susana Stumpf,"Signal Hill, CA",995,1:09:34,13:55,F 30-39/145,F-32,473,1:10:03,34.89%
1000,Anabel Morales,"Wilmington, ",129,1:09:36,13:56,F 14-18/30,F-15,474,1:10:14,36.41%
1101,Cathy Skubik,"San Pedro, CA",1204,1:16:05,15:13,F 40-49/144,F-46,541,1:16:26,34.68%
1102,Michael Yoshimura,"Honolulu, HI",1241,1:16:08,15:14,M 60-69/41,M-65,561,1:17:03,36.44%
1103,Michael Gross,"Thousand Oaks, CA",480,1:16:20,15:16,M 60-69/42,M-69,562,1:17:15,37.76%
1104,Shirley Matich,", ",90,1:16:21,15:17,F 40-49/145,F-43,542,1:17:35,33.58%
1105,Doug Westhoff,"Palos Verdes Estates, CA",1174,1:16:24,15:17,M 50-59/85,M-52,563,1:18:00,32.45%
1106,Theresa Salazar,"Downey, CA",927,1:16:32,15:19,F 30-39/165,F-30,543,1:18:27,31.63%
1107,Colleen Collazo,"Bellflower, CA",310,1:16:38,15:20,F 50-59/79,F-52,544,1:18:27,37.02%
1108,Rosalia Castro,"Long Beach, CA",291,1:16:38,15:20,F 30-39/166,F-34,545,1:17:27,31.83%
1109,Jamie Bartolome,"Fountain Valley, CA",1308,1:16:46,15:22,F 19-29/85,F-26,546,1:18:18,31.53%
1110,Lewis Riffle,"Fountain Valley, CA",1309,1:16:46,15:22,M 40-49/150,M-40,564,1:18:19,29.40%
1111,Natalie Risley,"Long Beach, CA",894,1:16:50,15:22,F 19-29/86,F-25,547,1:17:18,31.50%
1112,Christine Esprabens,"San Pedro, CA",397,1:16:52,15:23,F 40-49/146,F-48,548,1:18:18,35.13%
1113,John Hydro,"Gardena, CA",554,1:17:12,15:27,M 60-69/43,M-63,565,1:18:13,35.28%
1114,Rhonda Gillingham,"El Segundo, CA",465,1:17:17,15:28,F 50-59/80,F-59,549,1:18:11,40.34%
1115,Johanna Washington,"Los Angeles, CA",1398,1:17:17,15:28,F 30-39/167,F-33,550,1:18:32,31.47%
1116,Shannon Strong,"Rancho Palos Verdes, CA",1365,1:17:21,15:29,F 40-49/147,F-47,551,1:18:06,34.50%
1117,Delores Strong,"Rancho Palos Verdes, CA",1364,1:17:21,15:29,F 40-49/148,F-47,552,1:18:06,34.50%
1118,Rebecca Tarr,"Garden Grove, CA",1112,1:17:22,15:29,F 50-59/81,F-52,553,1:17:28,36.67%
1119,Mary Puth-Ros,"Long Beach, CA",852,1:17:22,15:29,F 19-29/87,F-29,554,1:17:28,31.29%
1120,Wanda Moorehead,"Torrance, ",757,1:17:27,15:30,F 40-49/149,F-47,555,1:18:42,34.46%
1121,Evelia Nunez,"Lakewood, CA",800,1:17:30,15:30,F 40-49/150,F-43,556,1:17:35,33.08%
1122,Nadia Allen,"Tustin, CA",161,1:17:32,15:31,F 30-39/168,F-33,557,1:19:23,31.37%
1123,Tim Thomas,"Rolling Hills Estates, CA",1122,1:17:45,15:33,M 40-49/151,M-49,566,1:18:08,31.13%
1124,Joe Rojas,", ",105,1:18:04,15:37,M 70-99/10,M-75,567,1:19:41,40.15%
1125,Caryn Fetzer,"Hermosa Beach, CA",415,1:18:11,15:39,F 30-39/169,F-34,558,1:19:38,31.19%
1126,Edward Villalobos,"Long Beach, CA",1016,1:18:11,15:39,M 60-69/44,M-67,568,1:19:08,36.14%
1127,Jennifer Tran,"Los Angeles, CA",1137,1:18:19,15:40,F 19-29/88,F-28,559,1:19:22,30.91%
1128,Jo Hendrix,"Long Beach, CA",515,1:18:21,15:41,F 19-29/89,F-28,560,1:18:46,30.89%
1129,Meredith West,"Long Beach, CA",1073,1:18:32,15:43,F 19-29/90,F-29,561,1:20:15,30.82%
1130,Greg West,"Long Beach, CA",1074,1:18:32,15:43,M 30-39/136,M-31,569,1:20:14,27.30%
1131,Ralph Lefevre,"San Pedro, CA",646,1:18:36,15:44,M 50-59/86,M-51,570,1:20:02,31.28%
1132,Trulee Castro,"Culver City, CA",292,1:18:38,15:44,F 30-39/170,F-35,562,1:20:05,31.10%
1133,Candice Risley,"Long Beach, CA",1065,1:18:42,15:45,F 50-59/82,F-55,563,1:19:10,37.49%
1134,Lori Baeza,", ",53,1:18:44,15:45,F 50-59/83,F-51,564,1:20:22,35.59%
1135,Robert Lakey,"West Hollywood, CA",624,1:18:52,15:47,M 40-49/152,M-44,571,1:20:27,29.51%
1136,Jorge Torres,"Pico Rivera, CA",1135,1:18:52,15:47,M 19-29/79,M-28,572,1:21:01,27.06%
1137,Minerva Gutierrez,"San Pedro, CA",487,1:18:55,15:47,F 40-49/151,F-41,565,1:19:07,32.00%
1138,Laura Emmerling,"La Mirada, CA",388,1:18:56,15:48,F 19-29/91,F-25,566,1:21:01,30.67%
1139,Chelsea Black,"Long Beach, CA",229,1:18:57,15:48,F 30-39/171,F-33,567,1:19:50,30.81%
1140,Kim McKinley,"Torrance, CA",1285,1:19:00,15:48,F 40-49/152,F-42,568,1:19:23,32.20%
1141,Cynthia Torres,"Pico Rivera, CA",1134,1:19:01,15:49,F 19-29/92,F-28,569,1:21:06,30.63%
1142,Susana Skillen,"Rancho Palos Verdes, CA",969,1:19:04,15:49,F 40-49/153,F-46,570,1:19:19,33.38%
1143,Andrew Skillen,"Rancho Palos Verdes, CA",968,1:19:04,15:49,M 50-59/87,M-51,573,1:19:19,31.10%
1144,Walt Umana,", ",110,1:19:08,15:50,M 50-59/88,M-54,574,1:20:19,31.85%
1145,April Frank,"Playa Del Rey, CA",1075,1:19:09,15:50,F 50-59/84,F-53,571,1:20:14,36.31%
1146,Margie Macias,"Manhattan Beach, CA",672,1:19:09,15:50,F 50-59/85,F-56,572,1:20:13,37.78%
1147,Rosie Good,", ",73,1:19:11,15:51,F 40-49/154,F-43,573,1:20:21,32.38%
1148,Patricia Reynolds,"San Gabriel, CA",887,1:19:18,15:52,F 60-69/22,F-64,574,1:21:04,42.27%
1149,Barbara Schneider,"Torrance, CA",946,1:19:29,15:54,F 60-69/23,F-69,575,1:20:07,45.62%
1150,Maureen Kelly,", ",81,1:19:33,15:55,F 40-49/155,F-42,576,1:20:24,31.98%
1151,Clio Kelly,", ",80,1:19:33,15:55,F 01-13/11,F-8,577,1:20:24,37.24%
1152,Christine Erskine,"Torrance, CA",393,1:19:47,15:58,F 30-39/172,F-38,578,1:20:16,31.05%
1153,Tj Odom,"Downey, CA",1374,1:19:53,15:59,M 19-29/80,M-25,575,1:20:18,26.71%
1154,Liz Reyes,"Downey, CA",1375,1:19:53,15:59,F 19-29/93,F-20,579,1:20:18,30.32%
1155,Nancy Garbeil,"Carlsbad, CA",1430,1:19:53,15:59,F 50-59/86,F-52,580,1:20:28,35.52%
1156,Katie Odom,"Downey, CA",1379,1:19:54,15:59,F 14-18/34,F-14,581,1:20:18,32.17%
1157,Sanam Lamborn,"San Pedro, CA",627,1:19:55,15:59,F 30-39/173,F-35,582,1:21:32,30.60%
1158,Lisa Maldonado,"San Pedro, CA",682,1:20:03,16:01,F 40-49/156,F-44,583,1:20:23,32.32%
1159,Melody Haughton,"Torrance, CA",505,1:20:06,16:02,F 50-59/87,F-53,584,1:20:16,35.88%
1160,Josette Reo,"San Pedro, CA",882,1:20:07,16:02,F 40-49/157,F-41,585,1:21:12,31.52%
1161,Francisco Bernues,"Rancho Palos Verdes, CA",224,1:20:08,16:02,M 60-69/45,M-65,576,1:21:05,34.62%
1162,Brianna Cuellar,"San Pedro, CA",328,1:20:12,16:03,F 01-13/12,F-13,586,1:20:48,32.57%
1163,Ed Maher,"Torrance, CA",2079,1:20:25,16:05,M 40-49/153,M-47,577,1:24:42,29.62%
1164,Kimberly Maher,"Torrance, CA",2077,1:20:26,16:06,F 40-49/158,F-43,587,1:24:43,31.88%
1165,Sal Pilato,"San Pedro, CA",2003,1:20:32,16:07,M 50-59/89,M-54,578,1:21:19,31.30%
1166,Ed Vuoso,"San Pedro, CA",1439,1:20:33,16:07,M 50-59/90,M-54,579,1:21:20,31.29%
1167,Gary Stauffer,"Long Beach, CA",982,1:20:33,16:07,M 60-69/46,M-62,580,1:22:23,33.53%
1168,Mary Haub,"Long Beach, CA",503,1:20:34,16:07,F 50-59/88,F-56,588,1:22:23,37.12%
1169,Carolina Aguero-Johnson,"Torrance, CA",154,1:20:45,16:09,F 30-39/174,F-39,589,1:21:16,30.86%
1170,Ines Torres,", ",109,1:20:49,16:10,F 40-49/159,F-46,590,1:20:49,32.65%
1171,Hermelinda Ayala,", ",52,1:20:50,16:10,F 30-39/175,F-34,591,1:20:50,30.17%
1172,Jo Lam,"Gardena, CA",626,1:20:50,16:10,F 50-59/89,F-58,592,1:21:59,38.03%
1173,Claudia Nancarrow,"Mission Viejo, CA",2009,1:21:09,16:14,F 40-49/160,F-40,593,1:21:09,30.90%
1174,Natalie Nancarrow,"Mission Viejo, CA",2010,1:21:17,16:16,F 01-13/13,F-11,594,1:21:17,33.49%
1175,Linda Kerr,"Long Beach, CA",599,1:21:25,16:17,F 50-59/90,F-50,595,1:22:49,33.99%
1176,Suzanne Goulet,"Whittier, CA",470,1:21:30,16:18,F 40-49/161,F-49,596,1:23:09,33.54%
1177,Stephen Klavuhn,"La Habra, CA",2131,1:21:32,16:19,M 19-29/81,M-24,581,1:23:11,26.17%
1178,Lynda Richard,"San Pedro, CA",1363,1:21:47,16:22,F 50-59/91,F-54,597,1:22:22,35.61%
1179,Roberta Poulin,"Long Beach, CA",1444,1:21:48,16:22,F 50-59/92,F-56,598,1:22:24,36.56%
1180,Tammy Johnson,"Culver City, CA",576,1:21:55,16:23,F 40-49/162,F-47,599,1:23:01,32.58%
1181,Maureen Hyde,"Lomita, CA",553,1:21:58,16:24,F 30-39/176,F-38,600,1:22:12,30.22%
1182,Hersch Kelly,"San Pedro, CA",1353,1:22:11,16:27,M 70-99/11,M-70,582,1:22:37,35.48%
1183,Tine Hayden,"Costa Mesa, CA",1317,1:22:19,16:28,F 40-49/163,F-47,601,1:25:00,32.42%
1184,Teresa Neill,"Simi Valley, CA",788,1:22:25,16:29,F 50-59/93,F-54,602,1:23:00,35.34%
1185,Dennis Wong,"Los Angeles, CA",1191,1:22:25,16:29,M 60-69/47,M-61,583,1:23:00,32.48%
1186,Nadine Akers,"Long Beach, CA",2038,1:22:30,16:30,F 30-39/177,F-30,603,1:23:44,29.34%
1187,Dean Deme,"Gardena, CA",2040,1:22:30,16:30,M 40-49/154,M-40,584,1:23:44,27.36%
1188,Norma Hydro,"Gardena, CA",555,1:22:33,16:31,F 60-69/24,F-61,604,1:23:34,38.85%
1189,Michael Blois,"Hawthorne, CA",232,1:22:38,16:32,M 40-49/155,M-40,585,1:23:44,27.31%
1190,Luzviminda Villamil,"Long Beach, CA",1153,1:22:46,16:34,F 50-59/94,F-52,605,1:23:00,34.28%
1191,Steven Milick,", ",94,1:22:48,16:34,M 40-49/156,M-45,586,1:23:49,28.33%
1192,Kristen Milick,", ",93,1:22:48,16:34,F 30-39/178,F-33,606,1:23:49,29.37%
1193,Jenna Spain,"Redondo Beach, CA",978,1:22:51,16:35,F 19-29/94,F-26,607,1:24:40,29.22%
1194,Bruce Kaercher,"Rancho Palos Verdes, CA",587,1:22:55,16:35,M 50-59/91,M-57,587,1:24:05,31.18%
1195,Jones Low,"Los Angeles, CA",1446,1:23:06,16:38,M 60-69/48,M-61,588,1:23:46,32.22%
1196,Ambrose Russo,"San Pedro, CA",1420,1:23:07,16:38,M 60-69/49,M-62,589,1:24:14,32.48%
1197,Christina Saputo,"San Pedro, CA",1360,1:23:11,16:39,F 30-39/179,F-36,608,1:23:11,29.52%
1198,Janice Vittoio,"San Pedro, CA",1403,1:23:11,16:39,F 40-49/164,F-48,609,1:23:11,32.46%
1199,Ann Barnett,"San Pedro, CA",196,1:23:18,16:40,F 70-99/3,F-72,610,1:23:29,45.77%
1200,Desmond Delgado,"Ontario, CA",1275,1:24:03,16:49,M 19-29/82,M-23,590,1:25:44,25.39%
1201,Rick Iwai,"San Pedro, CA",564,1:24:19,16:52,M 50-59/92,M-50,591,1:25:57,28.92%
1202,Tess McElroy,"San Pedro, CA",716,1:24:23,16:53,F 01-13/14,F-12,611,1:25:59,31.55%
1203,Anthony Morton,"Long Beach, CA",1449,1:24:23,16:53,M 50-59/93,M-56,592,1:25:57,30.38%
1204,Denise Ruiz,"Lakewood, CA",1216,1:24:25,16:53,F 40-49/165,F-41,612,1:24:48,29.92%
1205,Lupe Sanchez,"Cerritos, CA",1215,1:24:26,16:54,F 60-69/25,F-60,613,1:24:49,37.43%
1206,Michelle Jones,", ",78,1:24:26,16:54,F 40-49/166,F-42,614,1:26:03,30.13%
1207,Kelvin Anderson,", ",48,1:24:27,16:54,M 50-59/94,M-55,593,1:26:03,30.10%
1208,Kira Iwai,"San Pedro, CA",563,1:24:27,16:54,F 01-13/15,F-12,615,1:26:03,31.52%
1209,Lyvon Rodgers,"Los Angeles, CA",903,1:24:33,16:55,M 50-59/95,M-59,594,1:25:59,31.11%
1210,Jennifer Kordosky,"Long Beach, CA",614,1:24:42,16:57,F 30-39/180,F-34,616,1:26:07,28.79%
1211,Peter Donnellan,"Torrance, CA",372,1:24:44,16:57,M 60-69/50,M-61,595,1:25:14,31.60%
1212,Esther Delgado,"San Pedro, CA",1010,1:24:44,16:57,F 70-99/4,F-73,617,1:25:29,45.78%
1213,Meghan Harken,"Los Angeles, CA",497,1:24:45,16:57,F 30-39/181,F-36,618,1:26:07,28.97%
1214,Sharon Gross,"Thousand Oaks, CA",481,1:24:47,16:58,F 50-59/95,F-51,619,1:25:20,33.05%
1215,Lamidas Mack,"San Pedro, CA",673,1:24:52,16:59,M 50-59/96,M-54,596,1:25:00,29.70%
1216,Marty Maher,"Long Beach, CA",1434,1:24:57,17:00,M 50-59/97,M-54,597,1:29:15,29.67%
1217,Thuy Nguyen,"Whittier, CA",794,1:25:01,17:01,F 30-39/182,F-32,620,1:26:42,28.55%
1218,Jeff Sigala,"San Pedro, CA",2018,1:25:06,17:02,M 19-29/83,M-28,598,1:26:53,25.07%
1219,Ginger Heil,"Long Beach, CA",1448,1:25:06,17:02,F 40-49/167,F-40,621,1:26:53,29.46%
1220,Larry Gross,"Culver City, CA",479,1:25:26,17:06,M 60-69/51,M-63,599,1:26:00,31.88%
1221,Mary F Crivello,"San Pedro, CA",2055,1:25:31,17:07,F 30-39/183,F-34,622,1:26:47,28.52%
1222,Jane Murray,"Manhattan Beach, CA",1054,1:25:41,17:09,F 60-69/26,F-68,623,1:26:57,41.63%
1223,Alison Murray,"Manhattan Beach, CA",1056,1:25:41,17:09,F 30-39/184,F-39,624,1:26:58,29.09%
1224,Jay Real,"Carson, CA",2145,1:25:46,17:10,M 40-49/157,M-47,600,1:25:46,27.77%
1225,Elaine Lepage,"San Jose, CA",651,1:25:48,17:10,F 40-49/168,F-47,625,1:26:46,31.11%
1226,Marc Strange,"Manhattan Beach, CA",1333,1:25:56,17:12,M 50-59/98,M-51,601,1:27:22,28.61%
1227,Shana Strange,"Manhattan Beach, CA",1336,1:25:57,17:12,F 19-29/95,F-21,626,1:27:23,28.16%
1228,Patti Strange,"Manhattan Beach, CA",1335,1:25:59,17:12,F 40-49/169,F-49,627,1:27:25,31.80%
1229,Breiann Banuelos,"Long Beach, CA",188,1:26:03,17:13,F 19-29/96,F-25,628,1:26:03,28.13%
1230,Elijah Zabloudoff,", ",114,1:26:04,17:13,M 01-13/17,M-12,602,1:27:41,28.59%
1231,Jeff Zabludoff,", ",116,1:26:04,17:13,M 50-59/99,M-51,603,1:27:42,28.57%
1232,Corrine Iwai,"San Pedro, CA",562,1:26:10,17:14,F 50-59/96,F-50,629,1:27:45,32.11%
1233,Carol Salomons,"Encino, CA",1063,1:26:12,17:15,F 50-59/97,F-54,630,1:27:03,33.78%
1234,Nancy Butler,"Hawthorne, CA",261,1:26:15,17:15,F 50-59/98,F-51,631,1:26:15,32.49%
1235,John Butler,"Hawthorne, CA",260,1:26:17,17:16,M 50-59/100,M-52,604,1:26:17,28.73%
1236,Marcia Amezcua,"Bellflower, CA",165,1:26:18,17:16,F 30-39/185,F-38,632,1:27:50,28.70%
1237,Sal Butera,"San Pedro, CA",258,1:26:18,17:16,M 60-69/52,M-62,605,1:30:58,31.29%
1238,Ricardo Amezcua,"Bellflower, CA",166,1:26:19,17:16,M 30-39/137,M-39,606,1:27:51,25.96%
1239,Gary Smith,"San Pedro, CA",1418,1:26:22,17:17,M 40-49/158,M-40,607,1:26:29,26.13%
1240,Sharon Gross,"Culver City, CA",482,1:26:26,17:18,F 50-59/99,F-57,633,1:27:21,35.08%
1241,Tanya Uglesic,"San Pedro, CA",1438,1:26:35,17:19,F 19-29/97,F-24,634,1:27:17,27.96%
1242,Ayanna Johnson,"San Pedro, CA",2140,1:26:35,17:19,F 01-13/16,F-9,635,1:27:53,33.15%
1243,Terri Castrup,"Hermosa Beach, CA",293,1:26:42,17:21,F 50-59/100,F-50,636,1:26:54,31.92%
1244,Lis Mantell,"Hawthorne, CA",685,1:26:42,17:21,F 50-59/101,F-52,637,1:26:54,32.72%
1245,Cheryl Estrella,"Torrance, CA",399,1:26:45,17:21,F 40-49/170,F-41,638,1:26:58,29.11%
1246,E Carol Dales,"Long Beach, CA",1452,1:26:54,17:23,M 60-69/53,M-62,608,1:28:21,31.08%
1247,Piper Hale,"Wilmington, CA",2001,1:27:11,17:27,F 50-59/102,F-53,639,1:27:11,32.96%
1248,Megan McElroy,"San Pedro, CA",715,1:27:17,17:28,F 50-59/103,F-54,640,1:28:52,33.37%
1249,Carly McElroy,"San Pedro, CA",713,1:27:17,17:28,F 19-29/98,F-19,641,1:28:53,27.85%
1250,Shannon Batton,"Los Angeles, CA",207,1:27:19,17:28,F 19-29/99,F-27,642,1:28:49,27.72%
1251,Nancy Salcido,"San Pedro, CA",929,1:27:20,17:28,F 50-59/104,F-50,643,1:28:50,31.69%
1252,Byron Spoon,"Rancho Palos Verdes, CA",979,1:27:20,17:28,M 60-69/54,M-64,609,1:28:49,31.48%
1253,Jennifer Fisher,"Torrance, CA",421,1:27:23,17:29,F 30-39/186,F-39,644,1:27:42,28.52%
1254,Eileen Edwards,"Lomita, CA",383,1:27:24,17:29,F 60-69/27,F-60,645,1:27:42,36.16%
1255,Annie Cavanagh,", ",60,1:27:29,17:30,F 60-69/28,F-60,646,1:28:09,36.13%
1256,Ed Cavanagh,", ",61,1:27:36,17:32,M 50-59/101,M-53,610,1:28:16,28.54%
1257,Sharlene Kelly,"Signal Hill, ",595,1:27:38,17:32,F 40-49/171,F-45,647,1:28:54,29.81%
1258,Adrienne Wampler,"El Camino Village, ",1164,1:27:43,17:33,F 30-39/187,F-37,648,1:28:55,28.11%
1259,Armando Bobadilla,"Wilmington, CA",233,1:27:49,17:34,M 30-39/138,M-37,611,1:29:17,25.15%
1260,Don Murray,"Manhattan Beach, CA",1055,1:27:51,17:35,M 70-99/12,M-75,612,1:29:09,35.67%
1261,Diane Lincir,"San Pedro, CA",659,1:27:51,17:35,F 50-59/105,F-59,649,1:32:30,35.48%
1262,Caren Greenwood,"San Pedro, CA",1051,1:27:54,17:35,F 60-69/29,F-63,650,1:28:10,37.57%
1263,Jeannette Correa,", ",66,1:28:03,17:37,F NoAge/0,F-0,651,1:29:31, 0.00%
1264,Fatima Montes,", ",96,1:28:04,17:37,F 19-29/100,F-24,652,1:29:33,27.48%
1265,Cyd Gordon,"Signal Hill, CA",1044,1:28:06,17:38,F 50-59/106,F-50,653,1:28:45,31.41%
1266,Yvonne Russell,"Costa Mesa, CA",921,1:28:08,17:38,F 50-59/107,F-52,654,1:29:34,32.19%
1267,Michael Johnson,"San Pedro, CA",2139,1:28:11,17:39,M 50-59/102,M-56,613,1:29:30,29.07%
1268,Howard Carenza-Pack,", ",58,1:28:11,17:39,M 50-59/103,M-54,614,1:29:19,28.58%
1269,Mike Del Rey,"Downey, CA",1480,1:28:15,17:39,M 50-59/104,M-54,615,1:28:16,28.56%
1270,Angelica Leon-Cabrera,", ",85,1:28:16,17:40,F 50-59/108,F-53,655,1:29:44,32.56%
1271,Benjamin Banuelos,"Long Beach, CA",187,1:28:20,17:40,M 40-49/159,M-48,616,1:29:52,27.17%
1272,Jenniffer Haberlin,"Los Angeles, CA",1492,1:28:21,17:41,F 30-39/188,F-35,656,1:29:45,27.68%
1273,Sheila Collins,"San Pedro, CA",1491,1:28:22,17:41,F 40-49/172,F-43,657,1:29:45,29.01%
1274,Ellen Shinkai,"Rancho Palos Verdes, CA",1235,1:28:23,17:41,F 60-69/30,F-60,658,1:33:37,35.76%
1275,Angela Koerber,"Torrance, CA",1494,1:28:33,17:43,F 30-39/189,F-35,659,1:29:41,27.62%
1276,Susan Welde,"Los Angeles, CA",1493,1:28:33,17:43,F 30-39/190,F-36,660,1:29:41,27.72%
1277,Bea Jamshidian,"Rancho Palos Verdes, CA",570,1:28:34,17:43,F 40-49/173,F-48,661,1:29:43,30.49%
1278,Maria Barcelo,"Long Beach, CA",2083,1:28:34,17:43,F 40-49/174,F-44,662,1:30:17,29.21%
1279,Brandi Sheridan,"Lomita, CA",2128,1:28:35,17:43,F 19-29/101,F-23,663,1:30:18,27.32%
1280,Edna Conley,"Carson, CA",2109,1:28:38,17:44,F 40-49/175,F-47,664,1:29:39,30.11%
1281,Julie Akerson,"San Pedro, CA",157,1:28:47,17:46,F 40-49/176,F-49,665,1:29:08,30.79%
1282,Kim Doll,"San Pedro, CA",371,1:28:47,17:46,F 40-49/177,F-44,666,1:29:53,29.14%
1283,Lori Thomas,"Rolling Hills Estates, CA",1121,1:28:47,17:46,F 50-59/109,F-50,667,1:29:09,31.17%
1284,Mildred Castro,"Gardena, CA",2052,1:28:49,17:46,F 60-69/31,F-67,668,1:30:14,39.53%
1285,Vicki Yoneno,"Redondo Beach, CA",1372,1:28:51,17:47,F 40-49/178,F-40,669,1:30:26,28.22%
1286,Cathy Dileva,"Lomita, CA",1307,1:28:52,17:47,F 40-49/179,F-41,670,1:29:24,28.42%
1287,Tenshi Muniz,"Los Angeles, CA",774,1:28:53,17:47,F 40-49/180,F-49,671,1:30:03,30.76%
1288,Candice Ciampa,"Lomita, CA",1312,1:28:58,17:48,F 40-49/181,F-40,672,1:29:23,28.18%
1289,Kelsey Wolleat,"San Pedro, CA",1188,1:28:59,17:48,F 19-29/102,F-25,673,1:30:20,27.20%
1290,Gina Svicarovich,"Rancho Palos Verdes, CA",1106,1:28:59,17:48,F 19-29/103,F-26,674,1:30:21,27.20%
1291,Chris Noel,"Huntington Beach, CA",796,1:29:01,17:49,M 40-49/160,M-40,617,1:30:30,25.36%
1292,Kristy Roberts,"Huntington Beach, CA",898,1:29:02,17:49,F 30-39/191,F-33,675,1:30:31,27.32%
1293,Liz Greenwood,"San Pedro, CA",1052,1:29:18,17:52,F 40-49/182,F-44,676,1:29:34,28.97%
1294,Judy Werner,"Thousand Oaks, CA",1172,1:29:27,17:54,F 60-69/32,F-64,677,1:30:40,37.48%
1295,Robert Werner,"Thousand Oaks, CA",1173,1:29:27,17:54,M 60-69/55,M-65,618,1:30:40,31.01%
1296,Patricia Mayfield,"Palos Verdes Peninsula, CA",700,1:29:28,17:54,F 40-49/183,F-40,678,1:30:40,28.02%
1297,Lisa Moske,"Torrance, CA",767,1:29:33,17:55,F 40-49/184,F-45,679,1:31:33,29.17%
1298,Noel Vuoso,"San Pedro, CA",1437,1:29:37,17:56,F 50-59/110,F-53,680,1:30:24,32.07%
1299,Lisa Frasquillo,"Torrance, CA",439,1:29:41,17:57,F 40-49/185,F-45,681,1:30:04,29.13%
1300,Debbie Reyes,"Torrance, CA",884,1:29:43,17:57,F 50-59/111,F-54,682,1:30:57,32.46%
1401,Lori Millard,", ",95,1:38:14,19:39,F 40-49/201,F-48,751,1:39:01,27.49%
1402,Mary Ruiz,", ",106,1:38:15,19:39,F 50-59/133,F-51,752,1:39:02,28.52%
1403,Mavis Silk,"San Pedro, CA",1066,1:38:16,19:40,F 70-99/7,F-70,753,1:39:08,37.51%
1404,Wilbert Wong,"Los Angeles, CA",1192,1:38:38,19:44,M 40-49/170,M-45,651,1:39:39,23.78%
1405,Star Pena,", ",100,1:38:44,19:45,F 19-29/108,F-22,754,1:40:29,24.51%
1406,Griselda Olson,"San Pedro, CA",1079,1:38:51,19:47,F 40-49/202,F-41,755,1:39:34,25.55%
1407,Joanne Blair,", ",55,1:38:56,19:48,F 30-39/208,F-38,756,1:40:42,25.04%
1408,Christine Cabangon,"San Pedro, CA",262,1:38:56,19:48,F 19-29/109,F-25,757,1:39:39,24.47%
1409,Leticia Hernandez,", ",76,1:38:56,19:48,F 30-39/209,F-33,758,1:40:42,24.58%
1410,Denise Odom,"Downey, CA",1376,1:39:02,19:49,F 40-49/203,F-47,759,1:39:29,26.95%
1411,Irv Jones,"Redondo Beach, CA",1323,1:39:13,19:51,M 50-59/113,M-57,652,1:40:25,26.06%
1412,Darlene Jones,"Redondo Beach, CA",1324,1:39:13,19:51,F 50-59/134,F-57,760,1:40:26,30.56%
1413,Tanya Gomez,"Redondo Beach, ",468,1:39:23,19:53,F 40-49/204,F-42,761,1:40:39,25.60%
1414,Sally Schacht,"Whittier, CA",942,1:39:28,19:54,F 50-59/135,F-50,762,1:40:43,27.82%
1415,Jan Green Rebstock,"Redondo Beach, CA",1337,1:39:31,19:55,F 30-39/210,F-32,763,1:39:31,24.39%
1416,Pam Barrett,"Torrance, ",200,1:39:35,19:55,F 50-59/136,F-54,764,1:40:46,29.24%
1417,Mary Tsugawa,"Lomita, CA",1138,1:39:38,19:56,F 50-59/137,F-57,765,1:41:26,30.43%
1418,Roy Tsugawa,"Lomita, CA",1139,1:39:38,19:56,M 40-49/171,M-49,653,1:41:26,24.29%
1419,Yajaira Flores,"South Gate, CA",1293,1:39:42,19:57,F 19-29/110,F-26,766,1:40:22,24.28%
1420,Maria Sanchez,"Inglewood, CA",1292,1:39:42,19:57,F 30-39/211,F-36,767,1:40:22,24.63%
1421,Paul Constantine,"Whittier, CA",314,1:40:03,20:01,M 50-59/114,M-50,654,1:41:17,24.38%
1422,Nora Martin Resnick,"Playa Del Rey, CA",1248,1:40:12,20:03,F 14-18/36,F-16,768,1:41:06,24.99%
1423,Alexa Carrington,"Playa Del Rey, CA",2120,1:40:12,20:03,F 14-18/37,F-16,769,1:41:06,24.99%
1424,Amelia Martin Resni,"Playa Del Rey, CA",1247,1:40:12,20:03,F 14-18/38,F-14,770,1:41:05,25.65%
1425,Jeff Jennewein,"Lomita, CA",2117,1:40:19,20:04,M 50-59/115,M-50,655,1:41:16,24.31%
1426,Kimberly Johnson,"Palos Verdes Estates, CA",2116,1:40:20,20:04,F 40-49/205,F-41,771,1:41:16,25.17%
1427,Bonnie Winters,", ",113,1:40:22,20:05,F 70-99/8,F-70,772,1:41:40,36.72%
1428,Jude Barrick,"Long Beach, CA",202,1:40:26,20:06,M 01-13/18,M-13,656,1:42:06,23.88%
1429,Michael Benedict,"Lomita, CA",218,1:40:27,20:06,M 19-29/84,M-29,657,1:43:55,21.26%
1430,Marcos Ortega,"San Pedro, CA",2067,1:40:34,20:07,M 01-13/19,M-7,658,1:42:51,29.27%
1431,Melanie Real,", ",102,1:40:47,20:10,F 50-59/138,F-51,773,1:41:19,27.80%
1432,Angelica Ortega,"San Pedro, CA",2047,1:40:56,20:12,F 01-13/18,F-8,774,1:43:14,29.35%
1433,Eli Ortega,"San Pedro, CA",2048,1:41:00,20:12,F 40-49/206,F-49,775,1:43:17,27.07%
1434,Bonnie Mae Barnard,"Torrance, CA",195,1:41:04,20:13,F 50-59/139,F-59,776,1:41:57,30.84%
1435,Charles McClusky,"Sylmar, CA",1314,1:41:05,20:13,M 40-49/172,M-42,659,1:41:25,22.67%
1436,Sofia Cuellar,"San Pedro, CA",331,1:41:05,20:13,F 19-29/111,F-29,777,1:41:36,23.94%
1437,Kiyomi Nakamoto,"Burbank, CA",782,1:41:06,20:14,F 30-39/212,F-35,778,1:41:25,24.19%
1438,Margie Delarosa,"Burbank, CA",2114,1:41:06,20:14,F 40-49/207,F-45,779,1:42:57,25.84%
1439,Shari Kiefer,"Signal Hill, CA",2115,1:41:07,20:14,F 40-49/208,F-47,780,1:42:57,26.39%
1440,Janet Frisina,"San Pedro, CA",1433,1:41:36,20:20,F 60-69/41,F-67,781,1:42:46,34.55%
1441,Leticia Cuellar,"San Pedro, CA",330,1:41:38,20:20,F 40-49/209,F-40,782,1:42:08,24.67%
1442,Frances Russo,"San Pedro, CA",1419,1:41:39,20:20,F 60-69/42,F-60,783,1:42:45,31.09%
1443,Brandon Archie,"San Jacinto, CA",1329,1:41:48,20:22,F 19-29/112,F-29,784,1:43:21,23.78%
1444,Daniel Canas,"Gardena, CA",266,1:41:58,20:24,M 70-99/14,M-74,660,1:41:58,30.23%
1445,Lisa Ramirez,"San Pedro, CA",864,1:42:03,20:25,F 30-39/213,F-34,785,1:43:21,23.90%
1446,Marina Delgado,"San Pedro, CA",1276,1:42:40,20:32,F 19-29/113,F-26,786,1:44:24,23.58%
1447,Ashley Olsen,"Ontario, CA",1274,1:42:40,20:32,F 19-29/114,F-21,787,1:44:23,23.58%
1448,Lou Frisina,"San Pedro, CA",1432,1:42:41,20:33,M 60-69/63,M-69,661,1:43:50,28.07%
1449,Janet Bratlien,"Torrance, CA",243,1:42:50,20:34,F 40-49/210,F-47,788,1:44:04,25.95%
1450,Delores Hardison,"Torrance, CA",495,1:42:52,20:35,F 70-99/9,F-71,789,1:44:03,36.43%
1451,Sue Herbers,"Torrance, CA",518,1:42:52,20:35,F NoAge/0,F-0,790,1:44:04, 0.00%
1452,Betty Ziff,"Torrance, CA",1035,1:42:59,20:36,F 50-59/140,F-50,791,1:43:15,26.87%
1453,Leslie Chavez,"Torrance, CA",1034,1:43:01,20:37,F 50-59/141,F-52,792,1:43:16,27.54%
1454,Gertie Fedalizo,"San Pedro, CA",408,1:43:15,20:39,F 30-39/214,F-39,793,1:43:58,24.14%
1455,Eric Olson,"Glendale, CA",810,1:43:30,20:42,M 60-69/64,M-68,662,1:45:21,27.56%
1456,Evan Van Olson,"San Pedro, CA",2037,1:43:31,20:43,M 40-49/173,M-44,663,1:45:21,22.48%
1457,Javan Nuzzolo,"Redondo Beach, CA",802,1:43:37,20:44,M 01-13/20,M-12,664,1:45:29,23.75%
1458,Virginia Heinrich,"Rancho Palos Verdes, CA",514,1:43:41,20:45,F 60-69/43,F-65,794,1:45:38,32.83%
1459,Donna Gillespie,"San Pedro, CA",463,1:43:41,20:45,F 60-69/44,F-61,795,1:45:37,30.93%
1460,Joe Nuzzolo,"Redondo Beach, CA",803,1:43:42,20:45,M 40-49/174,M-47,665,1:45:29,22.97%
1461,Dennis Keeley,"San Pedro, CA",1031,1:44:30,20:54,M 50-59/116,M-57,666,1:45:31,24.74%
1462,Andrea Hegybel,"San Pedro, CA",2147,1:45:04,21:01,F 50-59/142,F-59,796,1:45:04,29.67%
1463,Roberta Schannep,"Manhattan Beach, ",943,1:45:33,21:07,F 50-59/143,F-59,797,1:46:46,29.53%
1464,Philip A Fetchko,"Hawthorne, CA",414,1:46:27,21:18,M 70-99/15,M-76,667,1:48:16,29.97%
1465,Fran Potaski,"North Hills, CA",1409,1:46:31,21:19,F 50-59/144,F-55,798,1:46:46,27.70%
1466,Allyson Sakurai,"Torrance, CA",925,1:46:37,21:20,F 14-18/39,F-14,799,1:48:08,24.11%
1467,Linda Sakurai,"Torrance, CA",926,1:46:39,21:20,F 40-49/211,F-49,800,1:48:11,25.63%
1468,Michelle Heron-Archie,"Lynwood, CA",521,1:46:48,21:22,F 50-59/145,F-54,801,1:48:16,27.27%
1469,Ryan Ramirez,"San Pedro, CA",866,1:46:56,21:24,M 30-39/146,M-31,668,1:48:14,20.05%
1470,Ioane Salanoa,"Whittier, CA",1341,1:47:28,21:30,M 40-49/175,M-45,669,1:51:03,21.82%
1471,Stacia Salanoa,"Whittier, CA",1342,1:47:29,21:30,F 40-49/212,F-49,802,1:51:01,25.43%
1472,Raul Ramirez,"San Pedro, CA",865,1:47:54,21:35,M 60-69/65,M-64,670,1:48:07,25.48%
1473,Lauren Lee,"Rancho Palos Verdes, CA",644,1:48:04,21:37,F 01-13/19,F-8,803,1:49:38,27.41%
1474,Robin Dobbins,"Long Beach, CA",367,1:49:04,21:49,F 50-59/146,F-51,804,1:50:50,25.69%
1475,Rosalie Lopez,"Torrance, CA",1082,1:49:04,21:49,F 50-59/147,F-52,805,1:50:50,26.01%
1476,Marie Wing,", ",112,1:52:17,22:28,F 60-69/45,F-61,806,1:53:25,28.56%
1477,Jennifer Wing,", ",111,1:52:18,22:28,F 19-29/115,F-24,807,1:53:25,21.55%
1478,Doris Endler,"San Pedro, CA",391,1:53:45,22:45,F 40-49/213,F-43,808,1:53:45,22.54%
1479,Holly Howay,"Torrance, CA",544,1:53:45,22:45,F 50-59/148,F-53,809,1:53:45,25.26%
1480,Ryan Lee,"Rancho Palos Verdes, CA",645,1:54:43,22:57,M 01-13/21,M-10,671,1:56:16,22.77%
1481,Jose Murgas-Lee,"Santa Ana, CA",775,1:58:11,23:39,M 40-49/176,M-42,672,1:58:11,19.39%
1482,Daralyn Wooley,"Hawthorne, CA",2088,2:06:46,25:22,F 50-59/149,F-51,810,2:08:29,22.10%
1483,Rita Gonzalez,"Lomita, CA",2141,2:07:54,25:35,F 50-59/150,F-54,811,2:10:03,22.77%
1484,Kate Patnode,"San Pedro, CA",42,2:10:11,26:03,F 30-39/215,F-33,812,2:12:18,18.68%
1485,Cecilia Hernandez,"Los Angeles, CA",36,2:10:12,26:03,F 19-29/116,F-27,813,2:12:17,18.59%
1486,Alexander Caro,"Los Angeles, CA",29,2:10:12,26:03,M 19-29/85,M-27,673,2:12:18,16.39%
1487,Tim Patnode,"San Pedro, CA",43,2:10:13,26:03,M 40-49/177,M-41,674,2:12:19,17.47%
1488,John Lamar,"Redondo Beach, CA",37,2:10:14,26:03,M 60-69/66,M-63,675,2:12:20,20.91%
1489,Michele Newman,"Fullerton, CA",790,2:17:00,27:24,F 50-59/151,F-55,814,2:17:42,21.53%
