Place,Name,Location,Bib,Net Time,Pace,Division/Place,Sex-Age,Sex-Place,Gun Time,Age Grade
1,Jeremy Doherty,"Santa Monica, CA",2343,16:28,5:18,M 19-29/1,M-26,1,16:28,78.42%
2,Andrew Bland,"Pacific Palisades, CA",117,16:40,5:22,M 16-18/1,M-16,2,16:40,82.28%
3,Robert Amador,"Los Angeles, CA",34,17:16,5:34,M 13-15/1,M-15,3,17:16,81.54%
4,Wilson Palacios,"Pacific Palisades, CA",2404,17:27,5:37,M 19-29/2,M-23,4,17:27,74.00%
5,Mark Gieseker,"Los Angeles, CA",448,17:36,5:40,M 19-29/3,M-19,5,17:38,74.98%
6,Brian & Marley Duff,"Los Angeles, CA",317,18:06,5:50,M 30-34/1,M-33,6,18:37,72.17%
7,Brendan Gallaher,"Pacific Palisades, CA",2370,18:08,5:51,M 55-59/1,M-55,7,18:08,84.82%
8,Andrew Mead,"Pacific Palisades, CA",915,18:15,5:53,M 13-15/2,M-15,8,18:15,76.33%
9,Chris Milner,"Pacific Palisades, CA",954,18:16,5:53,M 35-39/1,M-36,9,18:17,72.69%
10,Stephen Anthony,"Malibu, CA",2792,18:19,5:54,M 16-18/2,M-17,10,18:19,73.77%
11,David Kent,"Los Angeles, CA",1952,18:24,5:56,M 45-49/1,M-48,11,18:25,78.97%
12,Baxter Humby,"Pacific Palisades, CA",1672,18:27,5:57,M 35-39/2,M-37,12,18:33,72.42%
13,Ronald Graham,"Pacific Plsds, CA",2729,18:38,6:00,M 50-54/1,M-53,13,18:39,81.20%
14,Brent Forrester,"Pacific Palisades, CA",2797,18:53,6:05,M 40-44/1,M-43,14,18:56,74.03%
15,Michael McCormick,"Pacific Palisades, CA",2814,19:05,6:09,M 45-49/2,M-48,15,19:09,76.14%
16,John Klutke,"Pacific Palisades, CA",743,19:19,6:13,M 45-49/3,M-47,16,19:20,74.61%
17,David Grinsfelder,"Pacific Palisades, CA",512,19:20,6:14,M 01-12/1,M-12,17,19:21,76.96%
18,David Schwartz,"Santa Monica, CA",1233,19:21,6:14,M 35-39/3,M-39,18,19:27,70.09%
19,Reg Willson,"Eagle Rock, CA",1502,19:31,6:17,M 50-54/2,M-51,19,19:34,76.24%
20,Jack Rosenfeld,"Los Angeles, CA",2436,19:45,6:22,M 30-34/2,M-30,20,19:48,65.54%
21,Pete McEntegart,"Pacific Palisades, CA",898,19:52,6:24,M 40-44/2,M-40,21,19:53,68.77%
22,Jack Wegleitner,"Los Angeles, CA",3137,20:01,6:27,M 16-18/3,M-16,22,20:02,68.50%
23,Lucy Sarkes,"Pacific Palisades, CA",3246,20:01,6:27,F 45-49/1,F-46,1,20:01,82.38%
24,Rich Lizardo,"Los Angeles, CA",2446,20:05,6:28,M 16-18/4,M-16,23,20:06,68.27%
25,Jose Alonso,"Manhattan Beach, CA",33,20:06,6:28,M 16-18/5,M-18,24,20:09,66.39%
26,Douglas Winter,"Pacific Palisades, CA",1517,20:08,6:29,M 45-49/4,M-45,25,21:36,70.51%
27,Chuck Adams,"Pacific Palisades, CA",1838,20:13,6:31,M 40-44/3,M-41,26,20:14,68.07%
28,Kevin Khamneipur,"Los Angeles, CA",2862,20:28,6:36,M 13-15/3,M-15,27,20:29,68.05%
29,David Williams,"Pacific Palisades, CA",1499,20:32,6:37,M 40-44/4,M-44,28,21:04,68.56%
30,Clayton Holz,"Pacific Palisades, CA",2906,20:33,6:37,M 19-29/4,M-20,29,20:43,63.47%
31,Richard Nelson,"Santa Monica, CA",987,20:33,6:37,M 60-64/1,M-63,30,20:35,80.19%
32,Charles Montgomery,"Pacific Palisades, CA",2903,20:34,6:38,M 13-15/4,M-15,31,20:43,67.72%
33,Matt Lippman,"Los Angeles, CA",827,20:36,6:38,M 19-29/5,M-19,32,20:40,64.05%
34,Lauren Aspell,"Pacific Palisades, CA",45,20:43,6:40,F 19-29/1,F-25,2,20:43,71.56%
35,Emily Berkin,"Santa Monica, CA",95,20:52,6:43,F 13-15/1,F-15,3,20:52,75.67%
36,Keith Bilderbeck,"Topanga, CA",111,20:55,6:44,M 50-54/3,M-51,33,21:39,71.13%
37,Eleanor Keare,"Pacific Palisades, CA",713,20:57,6:45,F 40-44/1,F-41,4,21:00,73.73%
38,David Sultzer,"Los Angeles, CA",2042,20:59,6:45,M 55-59/2,M-56,34,21:22,73.93%
39,Eli Minsky,"Grayslake, IL",1982,21:02,6:46,M 01-12/2,M-10,35,21:05,75.10%
40,Emily Konishi,"Santa Ana, CA",2751,21:03,6:47,F 13-15/2,F-13,5,21:04,75.91%
41,John Stetson,"Los Angeles, CA",2478,21:04,6:47,M 35-39/4,M-38,36,21:08,63.90%
42,Kyle Sultzer,"Los Angeles, CA",2043,21:06,6:48,M 13-15/5,M-15,37,21:28,66.01%
43,Anthony White,"Pacific Palisades, CA",3108,21:13,6:50,M 50-54/4,M-52,38,21:14,70.68%
44,Matthew Bland,"Pacific Palisades, CA",118,21:17,6:51,M 01-12/3,M-12,39,21:22,69.91%
45,Christian Williams,"Pacific Palisades, CA",1498,21:20,6:52,M 16-18/6,M-18,40,21:27,62.55%
46,Tristan Willenburg,"Los Angeles, CA",1497,21:23,6:53,M 16-18/7,M-17,41,21:35,63.18%
47,Kyle Headrick,"Pacific Palisades, CA",3342,21:28,6:55,M 13-15/6,M-14,42,23:25,66.12%
48,Susan Pressley,"Los Angeles, CA",2001,21:28,6:55,F 45-49/2,F-46,6,21:28,75.21%
49,Michael Stryer,"Pacific Palisades, CA",2302,21:28,6:55,M 45-49/5,M-48,43,21:34,67.68%
50,Don Luis Camacho,"Pacific Palisades, CA",1586,21:29,6:55,M 35-39/5,M-36,44,21:54,61.80%
51,Mike Kukuchka,"Van Nuys, CA",2307,21:31,6:56,M 55-59/3,M-55,45,21:33,71.47%
52,Michael Mazzarella,"Pacific Palisades, CA",2432,21:33,6:57,M 19-29/6,M-19,46,23:05,61.22%
53,Gary Lincenberg,"Pacific Palisades, CA",819,21:34,6:57,M 50-54/5,M-50,47,21:46,68.45%
54,Kurtis Rossie,"Pacific Palisades, CA",2893,21:36,6:57,M 13-15/7,M-15,48,23:29,64.48%
55,Nick Trozzi,"Panorama City, CA",2303,21:38,6:58,M 50-54/6,M-50,49,21:38,68.23%
56,David Greenwood,"Santa Monica, CA",503,21:40,6:59,M 50-54/7,M-51,50,22:08,68.67%
57,Victoria Collison,"Pacific Palisades, CA",244,21:40,6:59,F 45-49/3,F-46,7,21:40,74.46%
58,Sean Lagrange,"Los Angeles, CA",769,21:44,7:00,M 19-29/7,M-27,51,22:45,59.40%
59,Bo Spinks,"Pacific Palisades, CA",2036,21:45,7:00,M 30-34/3,M-32,52,21:48,59.82%
60,Samantha Elander,"Pacific Palisades, CA",2447,21:54,7:03,F 16-18/1,F-17,8,23:16,69.08%
61,Steve Libuser,"Van Nuys, CA",812,21:59,7:05,M 55-59/4,M-58,53,22:06,71.78%
62,Jill Fischer,"Pacific Palisades, CA",392,22:05,7:07,F 45-49/4,F-48,9,22:12,74.85%
63,James Speyer,"Santa Monica, CA",2321,22:05,7:07,M 50-54/8,M-50,54,22:15,66.84%
64,Jameson West,"Pacific Palisades, CA",2049,22:08,7:08,M 16-18/8,M-16,55,23:15,61.94%
65,Thos Farnham,"Pacific Palisades, CA",372,22:09,7:08,M 55-59/5,M-57,56,22:16,70.63%
66,Barry Eidlin,"South Pasadena, CA",1618,22:10,7:08,M 35-39/6,M-36,57,22:24,59.89%
67,Jamie Chow,"Alhambra, CA",220,22:11,7:09,M 35-39/7,M-37,58,22:13,60.23%
68,Sean-David Whitworth,"Pacific Palisades, CA",1489,22:12,7:09,M 13-15/8,M-14,59,22:12,63.94%
69,Cooper Mayer,"Los Angeles, CA",2452,22:16,7:10,M 01-12/4,M-11,60,22:17,68.76%
70,Nicole Jackson,"Pacific Palisades, CA",1676,22:21,7:12,F 01-12/1,F-11,10,22:24,74.42%
71,Alistair Whatley,"Pacific Palisades, CA",1480,22:22,7:12,M 13-15/9,M-15,61,22:24,62.27%
72,Joshua Morrow,"Pacific Palisades, CA",2125,22:23,7:13,M 35-39/8,M-36,62,25:41,59.31%
73,Summer Wesson,"Glendale, CA",1471,22:24,7:13,F 30-34/1,F-33,11,22:38,66.42%
74,Wayne Matsumura,"Santa Monica, CA",887,22:25,7:13,M 45-49/6,M-47,63,22:47,64.29%
75,Ryan Miller,"Pacific Palisades, CA",947,22:28,7:14,M 19-29/8,M-20,64,22:44,58.05%
76,Benny Demayo,"Pacific Palisades, CA",290,22:28,7:14,M 13-15/10,M-14,65,24:08,63.18%
77,Sam Haber,"San Diego, CA",2877,22:30,7:15,M 19-29/9,M-25,66,23:11,57.38%
78,Stephen Smith,"Pacific Palisades, CA",1295,22:32,7:16,M 35-39/9,M-38,67,22:40,59.73%
79,Alec Katz,"Los Angeles, CA",704,22:36,7:17,M 01-12/5,M-10,68,22:37,69.89%
80,Nicole Burch,"Newbury Park, CA",167,22:45,7:20,F 01-12/2,F-10,12,23:28,75.07%
81,Aidan Cullen,"Santa Monica, CA",264,22:48,7:21,M 01-12/6,M-11,69,22:48,67.15%
82,Kelly Taylor,"Allen, TX",1372,22:49,7:21,F 35-39/1,F-38,13,23:10,66.45%
83,Jack Carpenter,"Pacific Palisades, CA",192,22:50,7:21,M 01-12/7,M-12,70,22:51,65.16%
84,Taylor Burch,"Newbury Park, CA",168,22:52,7:22,M 45-49/7,M-46,71,23:36,62.51%
85,Donna Jackson,"Canyon Country, CA",638,22:55,7:23,F 40-44/2,F-42,14,24:02,67.90%
86,Aidan Reilly,"Pacific Palisades, CA",1126,22:56,7:23,M 01-12/8,M-12,72,23:26,64.87%
87,Scott Bready,"Santa Monica, CA",2786,22:57,7:24,M 19-29/10,M-26,73,23:24,56.25%
88,Ryan Wilson,"Pacific Palisades, CA",1832,22:59,7:24,M 13-15/11,M-14,74,23:10,61.76%
89,Scott Kleinheksel,"West Hollywood, CA",1955,23:02,7:25,M 19-29/11,M-29,75,23:41,56.12%
90,Olivier Whelan,"Boston, MA",1483,23:06,7:26,M 01-12/9,M-10,76,24:52,68.38%
91,Patrick Whelan,"Boston, MA",1484,23:06,7:26,M 50-54/9,M-50,77,24:53,63.90%
92,G Parcells,"Santa Monica, CA",1995,23:06,7:26,M 45-49/8,M-47,78,23:09,62.38%
93,Kevin Holt,"Los Angeles, CA",596,23:07,7:27,M 35-39/10,M-38,79,23:46,58.23%
94,Mike Mudrick,"Chatsworth, CA",2448,23:14,7:29,M 45-49/9,M-49,80,23:17,63.03%
95,Michael Rossie,"Pacific Palisades, CA",2890,23:14,7:29,M 40-44/5,M-44,81,25:07,60.59%
96,Michael Bridges,"San Anselmo, CA",153,23:15,7:29,M 35-39/11,M-39,82,23:36,58.32%
97,Steven Frybarger,"Los Angeles, CA",427,23:21,7:31,M 50-54/10,M-53,83,23:39,64.79%
98,Yuryi Novopismennyi,"Los Angeles, CA",2411,23:21,7:31,M 40-44/6,M-41,84,23:28,58.93%
99,Nick Kappeyne,"Pacific Palisades, CA",700,23:24,7:32,M 19-29/12,M-22,85,24:46,55.17%
100,Doug Winter,"Pacific Palisades, CA",1516,23:30,7:34,M 45-49/10,M-45,86,24:58,60.40%
101,Nicholas Konishi,"Santa Ana, CA",2750,23:31,7:35,M 19-29/13,M-20,87,25:29,55.46%
102,Stephanie White,"Santa Monica, CA",1486,23:33,7:35,F 19-29/2,F-22,15,23:49,62.89%
103,Kevin Reilly,"Pacific Palisades, CA",1128,23:33,7:35,M 45-49/11,M-47,88,24:02,61.19%
104,Vincent Desantis,"Pacific Palisades, CA",300,23:35,7:36,M 01-12/10,M-12,89,24:35,63.08%
105,Spencer Burrows,"Los Angeles, CA",176,23:38,7:37,M 19-29/14,M-24,90,25:42,54.62%
106,Michael Gevorkyan,"Pacific Palisades, CA",2352,23:41,7:38,M 16-18/9,M-17,91,23:50,57.04%
107,Marisa Rothman,"Los Angeles, CA",2067,23:42,7:38,F 13-15/3,F-14,16,23:43,66.36%
108,Nate Hollander,"Santa Monica, CA",2381,23:44,7:39,M 01-12/11,M-11,92,23:46,64.51%
109,Gary Lazer,"Santa Monica, CA",784,23:44,7:39,M 50-54/11,M-53,93,24:38,63.74%
110,Glenn Hoddle,"Pacific Palisades, CA",2406,23:45,7:39,M 50-54/12,M-51,94,24:47,62.64%
111,Matthew Herrman,"Venice, CA",581,23:45,7:39,M 19-29/15,M-29,95,25:50,54.42%
112,Per Jebsen,"Pacific Palisades, CA",646,23:46,7:39,M 45-49/12,M-46,96,24:18,60.14%
113,Steve Shannon,"Pacific Palisades, CA",1779,23:46,7:39,M 45-49/13,M-46,97,25:16,60.14%
114,Julia Lomino,"Westlake Village, CA",2458,23:47,7:39,F 16-18/2,F-17,17,24:37,63.60%
115,Luka Modric,"Pacific Palisades, CA",2405,23:47,7:40,F 45-49/5,F-49,18,24:47,70.34%
116,Jackson Collar,"Pacific Palisades, CA",241,23:48,7:40,M 01-12/12,M-10,98,24:18,66.36%
117,Jim Frolik,"Burlingame, CA",1920,23:50,7:41,M 30-34/4,M-34,99,25:32,55.07%
118,Patrick Brown,"Pacific Palisades, CA",1581,23:52,7:41,M 40-44/7,M-41,100,24:10,57.65%
119,Mav Wojciechowski,"Pacific Palisades, CA",3192,23:56,7:42,F 45-49/6,F-49,19,24:24,69.90%
120,Matthew Thorson,"Pacific Palisades, CA",1393,23:58,7:43,M 16-18/10,M-18,101,24:51,55.67%
121,Kaitlyn Parcell,"Pacific Palisades, CA",1050,24:00,7:44,F 01-12/3,F-12,20,24:28,67.89%
122,Michael O'Brien,"Los Angeles, CA",2073,24:00,7:44,M 45-49/14,M-45,102,25:48,59.14%
123,Jonathan Sands,"Los Angeles, CA",1203,24:01,7:44,M 35-39/12,M-38,103,24:03,56.04%
124,Jim Martinez,"Studio City, CA",2765,24:02,7:44,M 55-59/6,M-57,104,24:30,65.09%
125,Don Parcell,"Pacific Palisades, CA",1049,24:02,7:45,M 45-49/15,M-49,105,24:31,60.93%
126,David Bernstein,"Sherman Oaks, CA",2769,24:03,7:45,M 45-49/16,M-49,106,25:31,60.89%
127,Catherine Coleman,"Pacific Palisades, CA",239,24:03,7:45,F 55-59/1,F-56,21,24:08,76.07%
128,Nikita Bezrukov,"Pacific Palisades, CA",2499,24:04,7:45,M 30-34/5,M-32,107,25:08,54.05%
129,Lachlan Montgomery,"Pacific Palisades, CA",2905,24:05,7:45,M 13-15/12,M-13,108,24:15,60.25%
130,Bryce Lozinski,"Los Angeles, CA",850,24:05,7:46,M 01-12/13,M-12,109,24:06,61.77%
131,Nicholisa Contis,"Tarzana, CA",2931,24:05,7:46,F 45-49/7,F-49,22,25:05,69.41%
132,Ryan Daniel,"Pacific Palisades, CA",277,24:06,7:46,M 19-29/16,M-23,110,24:55,53.56%
133,Federico Bianchi,"Los Angeles, CA",109,24:08,7:46,M 19-29/17,M-27,111,26:46,53.49%
134,Susan Jee,"Short Hills, NJ",648,24:09,7:47,F 40-44/3,F-40,23,24:48,63.54%
135,Zachary Resnick,"Santa Monica, CA",1137,24:09,7:47,M 16-18/11,M-16,112,25:39,56.77%
136,Xochitl Hurd,"Pacific Palisades, CA",1942,24:10,7:47,F 30-34/2,F-32,24,25:12,61.42%
137,Ray Brown,"Los Angeles, CA",162,24:11,7:47,M 50-54/13,M-50,113,24:26,61.03%
138,Tucker Reynolds,"Los Angeles, CA",1750,24:12,7:48,M 13-15/13,M-14,114,25:39,58.65%
139,Jake Kanan,"Pacific Palisades, CA",687,24:13,7:48,M 01-12/14,M-12,115,24:13,61.43%
140,Cooper Adams,"Santa Monica, CA",14,24:14,7:48,M 01-12/15,M-11,116,24:16,63.18%
141,Spencer Anderson,"Pacific Palisades, CA",1843,24:16,7:49,M 19-29/18,M-20,117,24:18,53.75%
142,Hannah Cranston,"Pacific Palisades, CA",1899,24:17,7:49,F 19-29/3,F-19,25,24:18,61.20%
143,Hunter Vanduzer,"Pacific Palisades, CA",1820,24:18,7:50,M 01-12/16,M-12,118,24:23,61.22%
144,Tyler Hakomori,"Los Angeles, CA",528,24:20,7:50,M 13-15/14,M-14,119,24:24,58.33%
145,Mackenzie Howe,"Pacific Palisades, CA",614,24:20,7:50,F 13-15/4,F-13,26,25:44,65.66%
146,Diane Elander,"Pacific Palisades, CA",340,24:21,7:51,F 45-49/8,F-49,27,25:43,68.70%
147,Mike Johnson,"Los Angeles, CA",2773,24:21,7:51,M 45-49/17,M-45,120,24:26,58.25%
148,Philippe Tartavull,"Malibu, CA",1365,24:22,7:51,M 50-54/14,M-52,121,25:05,61.53%
149,Natalie Wiegand,"Pacific Palisades, CA",1493,24:23,7:51,F 01-12/4,F-12,28,24:25,66.83%
150,Brett Linden,"Malibu, CA",3151,24:26,7:52,M 45-49/18,M-46,122,24:32,58.50%
151,Kellogg Adams,"Santa Monica, CA",15,24:26,7:52,M 16-18/12,M-16,123,24:29,56.11%
152,Gregory Chen2,"Short Hills, NJ",215,24:26,7:52,M 13-15/15,M-13,124,25:03,59.39%
153,Elizabeth Pou,"Long Beach, CA",1744,24:29,7:53,F 40-44/4,F-40,29,24:36,62.67%
154,Keith Fielding,"Los Angeles, CA",2445,24:32,7:54,M 35-39/13,M-39,125,25:04,55.27%
155,Mary White,"Van Nuys, CA",2821,24:37,7:56,F 50-54/1,F-50,30,24:51,68.77%
156,Ava Giglio,"Pacific Palisades, CA",449,24:40,7:57,F 13-15/5,F-13,31,25:42,64.77%
157,Ian Driscoll,"Pacific Palisades, CA",2518,24:40,7:57,M 13-15/16,M-15,126,26:12,56.46%
158,Richard Kring,"Los Angeles, CA",1691,24:41,7:57,M 50-54/15,M-52,127,26:52,60.74%
159,Paul Rekers,"Agoura Hills, CA",1131,24:42,7:57,M 55-59/7,M-55,128,24:50,62.26%
160,Catherine Price,"Pacific Palisades, CA",2002,24:45,7:58,F 19-29/4,F-19,32,25:39,60.04%
161,Tim Irons,"Malibu, CA",2103,24:47,7:59,M 40-44/8,M-41,129,26:32,55.52%
162,Emanuel Nunez,"Pacific Palisades, CA",1991,24:51,8:00,M 50-54/16,M-51,130,24:57,59.87%
163,Joanie Howe,"Los Angeles, CA",1671,24:53,8:01,F 01-12/5,F-12,33,25:58,65.48%
164,Deborah Irmas,"Santa Monica, CA",1943,24:55,8:01,F 50-54/2,F-52,34,24:57,69.68%
165,Ernie Prudente,"Pacific Palisades, CA",2004,24:56,8:02,M 40-44/9,M-43,131,25:17,56.05%
166,Kurt Sabin,"San Clemente, CA",1192,24:57,8:02,M 40-44/10,M-40,132,25:04,54.75%
167,Merrie Mac Seaman,"Pacific Palisades, CA",3215,24:58,8:02,F 40-44/5,F-42,35,25:48,62.32%
168,Brett Elder,"Pacific Palisades, CA",342,24:58,8:02,M 13-15/17,M-14,133,26:20,56.85%
169,Brett Elder,"Pacific Palisades, CA",341,24:58,8:03,M 13-15/18,M-14,134,26:20,56.85%
170,Janet Leahy,"Pacific Palisades, CA",2433,24:59,8:03,F 45-49/9,F-48,36,26:00,66.15%
171,Wade Brandenberger,"Playa Vista, CA",143,25:01,8:04,M 30-34/6,M-32,135,25:23,52.00%
172,Spencer Pekar,"Pacific Palisades, CA",1061,25:02,8:04,M 16-18/13,M-16,136,25:25,54.76%
173,Gunnar Kohl,"Pacific Palisades, CA",745,25:02,8:04,M 16-18/14,M-18,137,26:39,53.30%
174,Andy Perille,"Pacific Palisades, CA",1740,25:04,8:04,M 19-29/19,M-20,138,26:26,52.03%
175,Daniel Swartz,"Pacific Palisades, CA",1350,25:04,8:04,M 40-44/11,M-40,139,25:53,54.49%
176,Mitch Sebolsky,"Pacific Palisades, CA",1242,25:04,8:05,M 40-44/12,M-40,140,25:16,54.49%
177,Cameron Hilliard,"Los Angeles, CA",1665,25:07,8:05,M 16-18/15,M-18,141,26:12,53.12%
178,Tyler Weil,"Pacific Palisades, CA",3103,25:08,8:06,M 19-29/20,M-25,142,28:16,51.36%
179,Ann Tanaka,"Pacific Palisades, CA",1363,25:08,8:06,F 13-15/6,F-13,37,26:12,63.57%
180,Larry Isaacs,"Pacific Palisades, CA",636,25:08,8:06,M 55-59/8,M-56,143,27:23,61.71%
181,Daniel James,"Los Angeles, CA",2973,25:09,8:06,M 50-54/17,M-52,144,28:29,59.62%
182,Brandon Newman,"Pacific Palisades, CA",990,25:12,8:07,M 13-15/19,M-15,145,27:25,55.26%
183,Lisa Goldenthal,"Santa Monica, CA",467,25:16,8:08,F 45-49/10,F-45,38,25:18,63.23%
184,Owen Rothman,"Los Angeles, CA",2491,25:17,8:09,M 01-12/17,M-12,146,25:34,58.84%
185,Sajjan Sri-Kumar,"Pacific Palisades, CA",1320,25:18,8:09,M 16-18/16,M-17,147,26:10,53.39%
186,Joe Murphy,"Los Angeles, CA",1728,25:20,8:09,M 40-44/13,M-44,148,25:50,55.56%
187,Mark Cullen,"Santa Monica, CA",265,25:20,8:09,M 45-49/19,M-46,149,25:20,56.42%
188,Jordan Kupfer,"Pacific Palisades, CA",764,25:22,8:10,M 01-12/18,M-9,150,25:40,64.50%
189,Noah Friedman,"Pacific Palisades, CA",418,25:26,8:11,M 13-15/20,M-14,151,26:28,55.80%
190,Heather Dula,"Los Angeles, CA",322,25:26,8:12,F 40-44/6,F-41,39,25:44,60.72%
191,Karl House,"Santa Monica, CA",1670,25:27,8:12,M 30-34/7,M-33,152,25:37,51.31%
192,Lana Underwood,"Santa Monica, CA",1816,25:27,8:12,F 19-29/5,F-29,40,25:37,58.19%
193,Julie Hartman,"Pacific Palisades, CA",551,25:27,8:12,F 01-12/6,F-10,41,25:33,67.10%
194,Patty Beckwith,"Pacific Palisades, CA",78,25:28,8:12,F 55-59/2,F-55,42,26:02,70.92%
195,Rob Lomino,"Westlake Village, CA",2457,25:28,8:12,M 13-15/21,M-14,153,26:19,55.73%
196,Kyle Schriver,"Los Angeles, CA",2021,25:29,8:12,M 13-15/22,M-14,154,25:32,55.69%
197,Rachelle Katz,"Northridge, CA",707,25:31,8:13,F 55-59/3,F-58,43,25:36,73.73%
198,Margaret Scuderi,"Oak Park, CA",1241,25:32,8:14,F 45-49/11,F-47,44,26:18,63.95%
199,Emily Seto,"Pacific Palisades, CA",1247,25:39,8:16,F 19-29/6,F-26,45,28:17,57.74%
200,Michael Ziering,"Pacific Palisades, CA",2789,25:39,8:16,M 50-54/18,M-54,155,25:44,59.43%
301,Greg Outcalt,"Pacific Palisades, CA",1993,27:38,8:54,M 45-49/27,M-48,217,28:30,52.56%
302,Amber Held,"San Francisco, CA",2810,27:39,8:54,F 19-29/12,F-26,85,28:21,53.56%
303,Rick Gottesman,"Pacific Palisades, CA",3256,27:40,8:55,M 50-54/25,M-51,218,31:10,53.77%
304,Toni Espera,"Santa Monica, CA",1914,27:40,8:55,F 35-39/10,F-37,86,28:13,54.55%
305,Scott Gardner,"Pacific Palisades, CA",2912,27:41,8:55,M 35-39/21,M-39,219,30:07,48.98%
306,Jeff Perille,"Pacific Palisades, CA",1741,27:41,8:55,M 13-15/29,M-14,220,29:03,51.27%
307,Mark Sommer,"Pacific Palisades, CA",1307,27:41,8:55,M 40-44/19,M-40,221,28:30,49.34%
308,Robert Konishi,"Santa Ana, CA",2749,27:42,8:55,M 50-54/26,M-52,222,29:40,54.12%
309,Sarah Thorson,"Pacific Palisades, CA",1395,27:42,8:55,F 13-15/10,F-15,87,28:27,55.99%
310,Gina Polin,"Redondo Beach, CA",1077,27:42,8:55,F 35-39/11,F-36,88,28:57,54.24%
311,David Parsky,"Pacific Palisades, CA",1051,27:44,8:56,M 35-39/22,M-39,223,30:04,48.89%
312,Stefan Zweig,"Pacific Palisades, CA",1559,27:45,8:56,M 45-49/28,M-49,224,28:32,52.76%
313,Savan Whitworth,"Pacific Palisades, CA",1488,27:45,8:56,M 01-12/31,M-12,225,28:17,53.61%
314,Noah Lemelson,"Pacific Palisades, CA",797,27:46,8:56,M 16-18/18,M-18,226,28:47,48.05%
315,Sadie Gray,"Pacific Palisades, CA",1647,27:46,8:56,F 01-12/10,F-12,89,27:53,58.68%
316,Kathy Outcalt,"Pacific Palisades, CA",1994,27:46,8:57,F 45-49/16,F-45,90,28:34,57.54%
317,Jack Hassett,"Pacific Palisades, CA",1657,27:46,8:57,M 01-12/32,M-8,227,28:34,61.32%
318,Alexandra Jackson,"Pacific Palisades, CA",1675,27:47,8:57,F 13-15/11,F-13,91,27:50,57.50%
319,Michael Davis,"Pacific Palisades, CA",285,27:47,8:57,M 35-39/23,M-36,228,28:41,47.78%
320,Jeffrey Politz,"Pacific Palisades, CA",1079,27:48,8:57,M 55-59/13,M-56,229,27:56,55.79%
321,Lance Linden,"Los Angeles, CA",1705,27:48,8:57,M 16-18/19,M-16,230,27:52,49.31%
322,Whitney Cosgrave,"Los Angeles, CA",256,27:49,8:57,F 19-29/13,F-23,92,28:19,53.24%
323,Mickey Davis,"Pacific Palisades, CA",286,27:49,8:57,M 13-15/30,M-14,231,28:42,51.02%
324,Molly Ross,"Los Angeles, CA",1175,27:50,8:58,F 13-15/12,F-15,93,28:07,55.72%
325,Paul Aguilar,"Malibu, CA",21,27:50,8:58,M 45-49/29,M-48,232,27:50,52.16%
326,Marc Fenster,"Pacific Palisades, CA",3149,27:51,8:58,M 40-44/20,M-41,233,29:41,49.40%
327,Greer King,"Pacific Palisades, CA",731,27:51,8:58,F 01-12/11,F-12,94,29:01,58.50%
328,Katie Frizzell,"Pacific Palisades, CA",423,27:53,8:59,F 01-12/12,F-12,95,28:04,58.43%
329,Tim Grumbach,"Pacific Palisades, CA",520,27:53,8:59,M 19-29/29,M-25,234,28:53,46.29%
330,Dick Held,"Los Angeles, CA",571,27:54,8:59,M 60-64/5,M-62,235,28:36,58.52%
331,Megan Ehlers,"Bend, OR",2477,27:54,8:59,F 35-39/12,F-35,96,29:07,53.62%
332,Karum Din,"Los Angeles, CA",305,27:55,9:00,M 40-44/21,M-40,236,28:38,48.92%
333,Yvette Harris,"Santa Monica, CA",3128,27:55,9:00,F 50-54/4,F-51,97,30:12,61.41%
334,Melina Osornio,"West Hollywood, CA",1036,27:56,9:00,F 19-29/14,F-27,98,28:15,53.01%
335,Kevin Cornell,"Los Angeles, CA",3325,27:57,9:00,M 30-34/9,M-32,237,30:39,46.54%
336,Nicole Hart,"Los Angeles, CA",550,27:58,9:00,F 19-29/15,F-25,99,28:20,52.95%
337,Jeff Michael,"Manhattan Beach, CA",1717,27:59,9:01,M 40-44/22,M-44,238,29:25,50.30%
338,Billy Jones,"Pacific Palisades, CA",657,28:00,9:01,M 35-39/24,M-39,239,29:26,48.42%
339,Ron Hecker,"Los Angeles, CA",1658,28:00,9:01,M 70-74/1,M-70,240,29:37,63.01%
340,Kim Andrews,"Laguna Hills, CA",1846,28:01,9:01,F 55-59/5,F-55,100,29:57,64.46%
341,Reuben Anton,"Los Angeles, CA",1568,28:01,9:02,M 65-69/1,M-67,241,30:15,61.01%
342,Annie Elander,"Pacific Palisades, CA",339,28:02,9:02,F 13-15/13,F-14,101,29:26,56.10%
343,Wesley Thompson,"Los Angeles, CA",1385,28:02,9:02,M 19-29/30,M-29,242,29:52,46.10%
344,Kathy Caverly,"Pacific Palisades, CA",202,28:03,9:02,F 50-54/5,F-53,102,29:43,62.72%
345,Gregory Lee,"Pacific Palisades, CA",1696,28:03,9:02,M 40-44/23,M-44,243,29:24,50.18%
346,Christine Kanan,"Pacific Palisades, CA",686,28:03,9:02,F 40-44/13,F-43,103,28:11,55.95%
347,Kobe Kanan,"Pacific Palisades, CA",688,28:03,9:02,M 01-12/33,M-10,244,28:11,56.30%
348,Jack Goldman,"Pacific Palisades, CA",1928,28:06,9:03,M 01-12/34,M-9,245,28:33,58.22%
349,David Cohen,"Pacific Palisades, CA",2470,28:07,9:03,M 45-49/30,M-47,246,29:58,51.25%
350,Julie Petrick,"Oceano, CA",1069,28:08,9:04,F 45-49/17,F-45,104,29:17,56.79%
351,Chris McCormack,"Santa Monica, CA",2526,28:09,9:04,M 50-54/27,M-50,247,29:39,52.43%
352,Kara Hericks,"Irvine, CA",576,28:09,9:04,F 16-18/6,F-16,105,28:32,54.38%
353,Maggie Reyes,"Pacific Palisades, CA",3169,28:11,9:04,F 35-39/13,F-38,106,28:38,53.79%
354,Marin Skokandic,"Santa Monica, CA",1286,28:11,9:04,M 19-29/31,M-20,248,29:17,46.27%
355,Steven Kuznetz,"Santa Monica, CA",2510,28:12,9:05,M 55-59/14,M-58,249,30:22,55.94%
356,Lindsey Robertson,"Diamond Bar, CA",1156,28:12,9:05,F 19-29/16,F-20,107,29:19,52.51%
357,Noah Rothman,"Encino, CA",2497,28:13,9:05,M 01-12/35,M-12,250,30:09,52.72%
358,Hany Gobreial,"Pacific Palisades, CA",461,28:13,9:05,M 45-49/31,M-46,251,28:46,50.65%
359,Bray Caverly,"Pacific Palisades, CA",1887,28:13,9:05,M 01-12/36,M-12,252,29:00,52.72%
360,R Rothman,"Encino, CA",2496,28:13,9:05,M 45-49/32,M-47,253,30:08,51.06%
361,Ariel Manno,"Pacific Palisades, CA",3228,28:15,9:06,M 45-49/33,M-45,254,30:35,50.24%
362,Andrew Friedman,"Los Angeles, CA",1919,28:15,9:06,M 19-29/32,M-29,255,28:54,45.75%
363,John Mass,"Los Angeles, CA",2061,28:15,9:06,M 45-49/34,M-45,256,29:59,50.24%
364,Ryan Winters,"Pacific Palisades, CA",1520,28:15,9:06,M 16-18/20,M-17,257,30:19,47.82%
365,Grace Cortese,"Pacific Palisades, CA",253,28:16,9:06,F 01-12/13,F-9,108,28:38,62.12%
366,Gregory Cortese,"Pacific Palisades, CA",254,28:17,9:07,M 45-49/35,M-49,258,28:40,51.77%
367,Barry Drucker,"Venice, CA",2410,28:17,9:07,M 45-49/36,M-47,259,28:26,50.94%
368,Gary Romoff,"Pacific Plsds, CA",1755,28:19,9:07,M 40-44/24,M-43,260,30:00,49.35%
369,Toliver Besson,"Santa Monica, CA",105,28:20,9:07,M 65-69/2,M-65,261,28:42,59.21%
370,Navid Mahmoodzadegan,"Pacific Palisades, CA",1967,28:22,9:08,M 40-44/25,M-41,262,30:05,48.50%
371,Martin Bloom,"Pacific Plsds, CA",2866,28:23,9:08,M 45-49/37,M-48,263,30:19,51.18%
372,Karen Watson,"Pacific Palisades, CA",3201,28:25,9:09,F 45-49/18,F-45,109,28:50,56.22%
373,Jess Corral,"Lancaster, CA",2702,28:26,9:09,M 50-54/28,M-50,264,28:39,51.91%
374,Marty Caverly,"Pacific Palisades, CA",1891,28:26,9:09,M 40-44/26,M-43,265,29:13,49.15%
375,Tony Oliva,"Pacific Palisades, CA",3216,28:26,9:10,M 45-49/38,M-49,266,30:39,51.50%
376,Anthony Rothman,"Los Angeles, CA",2490,28:26,9:10,M 45-49/39,M-46,267,29:49,50.26%
377,Chris Smith,"Toluca Lake, CA",1790,28:27,9:10,M 45-49/40,M-47,268,29:20,50.64%
378,Carrie Deiter,"Pacific Palisades, CA",1910,28:28,9:10,F 35-39/14,F-37,110,31:00,53.02%
379,Brendan Monaghan,"Los Angeles, CA",959,28:28,9:10,M 40-44/27,M-43,269,28:55,49.09%
380,Zachary Senator,"Pacific Palisades, CA",1245,28:29,9:10,M 01-12/37,M-12,270,30:13,52.22%
381,Stuart Senator,"Pacific Palisades, CA",1244,28:29,9:10,M 45-49/41,M-47,271,30:15,50.59%
382,David Burke,"Pasadena, CA",170,28:29,9:10,M 35-39/25,M-36,272,30:13,46.60%
383,Danuta Heilemann,"Fairfax, CA",567,28:32,9:11,F 40-44/14,F-40,111,29:53,53.77%
384,Evelyn Lee,"Los Angeles, CA",1960,28:32,9:11,F 30-34/6,F-30,112,29:12,51.90%
385,Angela Heisel,"Pacific Palisades, CA",3221,28:33,9:12,F 40-44/15,F-40,113,29:53,53.74%
386,Molly McGonigle,"Los Angeles, CA",1975,28:33,9:12,F 19-29/17,F-23,114,29:05,51.87%
387,Jill Green,"Pacific Palisades, CA",3220,28:33,9:12,F 35-39/15,F-38,115,29:53,53.10%
388,David Hollander,"Beverly Hills, CA",2380,28:34,9:12,M 40-44/28,M-42,273,28:37,48.51%
389,Clay Hollander,"Santa Monica, CA",2382,28:34,9:12,M 01-12/38,M-9,274,28:37,57.27%
390,Sheryl Amster,"Pacific Palisades, CA",36,28:36,9:13,F 40-44/16,F-42,116,29:46,54.40%
391,Julia Berg,", CA",1574,28:36,9:13,F 13-15/14,F-14,117,28:47,54.99%
392,Andrea Guth,"Pacific Palisades, CA",2440,28:36,9:13,F 40-44/17,F-41,118,30:21,53.99%
393,Joe Cohen,"Santa Monica, CA",2859,28:38,9:13,M 45-49/42,M-45,275,29:57,49.56%
394,Elizabeth McNamara,"East Greenwich, RI",3222,28:41,9:14,F 50-54/6,F-50,119,30:02,59.01%
395,Bob Gold,"Pacific Palisades, CA",464,28:42,9:15,M 75-79/1,M-76,276,28:49,67.23%
396,Craig Duglin,"Pacific Palisades, CA",2816,28:42,9:15,M 30-34/10,M-34,277,30:35,45.73%
397,Daniel Ryan,"Pacific Palisades, CA",1189,28:43,9:15,M 50-54/29,M-50,278,30:51,51.39%
398,Ruby Carlos,"Pacific Palisades, CA",190,28:44,9:15,F 35-39/16,F-39,120,29:54,53.05%
399,S Winters,"Pacific Palisades, CA",1521,28:44,9:15,F 45-49/19,F-45,121,30:47,55.60%
400,Jenna Lewinstein,"Los Angeles, CA",1962,28:44,9:15,F 01-12/14,F-12,122,29:48,56.70%
401,Courtney Paulson,"Venice, CA",1055,28:44,9:15,F 30-34/7,F-32,123,32:12,51.65%
402,Gary Morrison,"Pacific Palisades, CA",2722,28:45,9:16,M 45-49/43,M-46,279,29:01,49.71%
403,Daniella Morrison,"Pacific Palisades, CA",2723,28:45,9:16,F 13-15/15,F-15,124,29:01,53.94%
404,Max Marguleas,"Pacific Palisades, CA",869,28:46,9:16,M 13-15/31,M-13,280,30:37,50.43%
405,Stanley Feinstein,"Pacific Palisades, CA",377,28:47,9:16,M 65-69/3,M-67,281,31:03,59.39%
406,Aja Bivens,"Pacific Palisades, CA",2920,28:47,9:16,F 16-18/7,F-16,125,30:56,53.19%
407,Carol Dituri,"Pacific Palisades, CA",306,28:48,9:16,F 50-54/7,F-52,126,29:24,60.28%
408,Avery Keare,"Pacific Palisades, CA",711,28:49,9:17,F 01-12/15,F-9,127,28:52,60.94%
409,Lori Libonati,"Pacific Palisades, CA",1703,28:50,9:17,F 45-49/20,F-47,128,29:15,56.62%
410,Erin Benfield,"Pacific Palisades, CA",92,28:50,9:17,F 35-39/17,F-37,129,28:50,52.34%
411,Ariel Pollack,"Pacific Palisades, CA",2948,28:52,9:18,F 01-12/16,F-11,130,31:35,57.65%
412,Jim Latham,"Santa Monica, CA",2119,28:52,9:18,M 45-49/44,M-45,282,31:38,49.16%
413,Frank Forgo,"Santa Monica, CA",3276,28:52,9:18,M 55-59/15,M-59,283,30:01,55.11%
414,Jenny Foley,"Los Angeles, CA",1917,28:52,9:18,F 35-39/18,F-37,131,30:19,52.28%
415,Alegra Gurian,"Pacific Palisades, CA",3241,28:53,9:18,F 01-12/17,F-12,132,31:40,56.41%
416,Scott Ursin-Smith,"Pacific Palisades, CA",1413,28:54,9:18,M 45-49/45,M-49,284,30:46,50.66%
417,Henry Sanderson,"Pacific Palisades, CA",2014,28:54,9:19,M 01-12/39,M-8,285,29:22,58.92%
418,Michael Stokdyk,"Pacific Palisades, CA",1335,28:55,9:19,M 01-12/40,M-11,286,29:49,52.94%
419,Camila Katz,"Los Angeles, CA",706,28:55,9:19,F 01-12/18,F-12,133,29:21,56.34%
420,Pria Pant,"Santa Monica, CA",1737,28:56,9:19,F 01-12/19,F-10,134,29:03,59.02%
421,Adam Junk,"Colorado Springs, CO",668,28:57,9:19,M 13-15/32,M-15,287,29:40,48.10%
422,Jane Richardson,"Pacific Palisades, CA",1142,28:58,9:20,F 45-49/21,F-49,135,29:23,57.74%
423,Kathleen Miller,"Pacific Palisades, CA",942,28:59,9:20,F 35-39/19,F-35,136,31:28,51.61%
424,Mara Greenwald,"Pacific Palisades, CA",501,28:59,9:20,F 13-15/16,F-14,137,29:52,54.26%
425,Brian Keare,"Pacific Palisades, CA",712,29:03,9:21,M 40-44/29,M-41,288,29:06,47.36%
426,Kirk Beetley,"Santa Monica, CA",3277,29:03,9:21,M 40-44/30,M-40,289,31:33,47.01%
427,Mason Butler,"Los Angeles, CA",1882,29:05,9:22,M 01-12/41,M-10,290,31:12,54.30%
428,Bill Butler,"Los Angeles, CA",1880,29:05,9:22,M 45-49/46,M-45,291,31:12,48.80%
429,Josiah Destin,"Venice, CA",301,29:05,9:22,M 13-15/33,M-13,292,30:12,49.89%
430,Candace Overland,"Los Angeles, CA",1039,29:06,9:22,F 35-39/20,F-35,138,29:32,51.40%
431,Alissa Bartle,"Pacific Palisades, CA",3204,29:07,9:23,F 35-39/21,F-35,139,30:30,51.37%
432,Julie Linden,"Malibu, CA",3153,29:08,9:23,F 45-49/22,F-46,140,29:14,55.41%
433,Kari Waldrep,"Pacific Palisades, CA",1449,29:09,9:23,F 19-29/18,F-25,141,29:35,50.80%
434,Sue Kohl,"Pacific Palisades, CA",748,29:09,9:23,F 60-64/1,F-60,142,30:46,66.36%
435,Katie Rautbort,"Pacific Palisades, CA",3269,29:09,9:23,F 01-12/20,F-8,143,30:59,62.19%
436,Margaret Jebsen,"Pacific Palisades, CA",645,29:10,9:24,F 45-49/23,F-47,144,30:01,55.97%
437,Jane Richardson,"Venice, CA",1143,29:11,9:24,F 50-54/8,F-51,145,29:33,58.74%
438,Thomas Sobel,"Pacific Palisades, CA",1303,29:12,9:24,M 19-29/33,M-24,293,31:17,44.20%
439,Besty Starratt,"Pacific Palisades, CA",1797,29:12,9:24,F 30-34/8,F-34,146,29:28,51.06%
440,Cecilia Peck,"Pacific Palisades, CA",1060,29:12,9:24,F 55-59/6,F-58,147,31:27,64.42%
441,Leslie Buoncristiani,"Pacific Palisades, CA",2384,29:12,9:24,F 19-29/19,F-27,148,29:42,50.68%
442,Ralph Buoncristiani,"Pacific Palisades, CA",2383,29:13,9:24,M 55-59/16,M-58,294,29:42,54.00%
443,Eugene Wen,"Los Angeles, CA",1468,29:13,9:25,M 19-29/34,M-27,295,30:13,44.18%
444,Josh Haskell,"Pacific Palisades, CA",560,29:14,9:25,M 19-29/35,M-25,296,31:30,44.15%
445,Madeline Prins,"Pacific Palisades, CA",1096,29:14,9:25,F 01-12/21,F-11,149,29:23,56.93%
446,Jane Rose,"Pacific Palisades, CA",3200,29:16,9:25,F 45-49/24,F-49,150,29:41,57.15%
447,Christine Friend,"Scottsdale, AZ",420,29:16,9:25,F 40-44/18,F-40,151,30:22,52.42%
448,Brendan Rose,"Pacific Palisades, CA",1162,29:16,9:26,M 01-12/42,M-11,297,30:08,52.31%
449,David Grant,"Los Angeles, CA",484,29:17,9:26,M 50-54/30,M-54,298,31:22,52.05%
450,Robin Burt,"Pacific Plsds, CA",2734,29:17,9:26,M 45-49/47,M-45,299,31:35,48.46%
451,Natalie Burton,"Pacific Palisades, CA",1878,29:17,9:26,F 40-44/19,F-42,152,31:06,53.13%
452,Jason Clark,"Pacific Palisades, CA",2728,29:17,9:26,M 45-49/48,M-49,300,29:25,50.00%
453,Lisa Griffin,"Pacific Palisades, CA",509,29:17,9:26,F 35-39/22,F-39,153,31:06,52.05%
454,Lillian Smith,"Los Angeles, CA",1291,29:17,9:26,F 35-39/23,F-38,154,30:17,51.77%
455,Sue Wilkinson,"Pacific Plsds, CA",3339,29:18,9:26,F 50-54/9,F-53,155,31:00,60.05%
456,Owen Ramberg,"Beverly Hills, CA",2803,29:20,9:27,M 01-12/43,M-10,301,29:33,53.84%
457,Alicia Magana,"Pacific Palisades, CA",858,29:20,9:27,F 19-29/20,F-25,156,29:45,50.48%
458,Andrea Bjornlie,"Santa Monica, CA",114,29:22,9:28,F 50-54/10,F-53,157,30:06,59.91%
459,Drew Hargrave,"Pacific Palisades, CA",542,29:23,9:28,F 19-29/21,F-19,158,29:45,50.57%
460,Meryl Dakin,"Los Angeles, CA",274,29:23,9:28,F 19-29/22,F-23,159,29:39,50.40%
461,Sheri Green,"Pacific Palisades, CA",2062,29:25,9:28,F 35-39/24,f-38,160,30:01,51.53%
462,Raymond Aver,"Marina Del Rey, CA",47,29:25,9:29,M 50-54/31,M-52,302,29:34,50.96%
463,Ira Waldman,"Playa Del Rey, CA",3186,29:26,9:29,M 55-59/17,M-59,303,31:20,54.05%
464,Nick Massey,"Pacific Palisades, CA",3306,29:26,9:29,M 01-12/44,M-9,304,30:30,55.58%
465,Christine Kanoff,"Pacific Palisades, CA",693,29:27,9:29,F 16-18/8,F-17,161,31:31,51.36%
466,Silvina Kucinskas,"Pacific Palisades, CA",3229,29:27,9:29,F 40-44/20,F-43,162,31:46,53.28%
467,Shaun Tenan Snow,"Venice, CA",1378,29:27,9:29,M 01-12/45,M-10,305,30:12,53.62%
468,Justin Hurd,"Pacific Palisades, CA",1940,29:28,9:29,M 30-34/11,M-30,306,30:26,43.92%
469,John Erb,"Los Angeles, CA",1912,29:28,9:29,M 35-39/26,M-38,307,30:28,45.67%
470,James Shannon,"Pacific Palisades, CA",1778,29:30,9:30,M 01-12/46,M-10,308,30:59,53.53%
471,Larry Hilton,"Los Angeles, CA",3164,29:31,9:30,M 65-69/4,M-69,309,29:35,59.10%
472,Tim Marschall,"Pacific Palisades, CA",2340,29:31,9:30,M 45-49/49,M-45,310,30:33,48.08%
473,Sophia Longo,"Menlo Park, CA",843,29:32,9:31,F 01-12/22,F-9,163,32:57,59.46%
474,Marie Labriola,"Pacific Palisades, CA",2428,29:36,9:32,F 01-12/23,F-11,164,29:57,56.23%
475,Stephen Smith,"Los Angeles, CA",1294,29:36,9:32,M 50-54/32,M-53,311,29:53,51.10%
476,Anthony Roth,"Lafayette, CA",3322,29:36,9:32,M 45-49/50,M-49,312,31:20,49.46%
477,Quentin Barnes,"Pacific Palisades, CA",64,29:37,9:32,M 01-12/47,M-12,313,31:05,50.23%
478,Paul Small,"Los Angeles, CA",2035,29:38,9:33,M 55-59/18,M-55,314,29:44,51.89%
479,Ivy Silberberg,"Pacific Palisades, CA",1277,29:39,9:33,F 35-39/25,F-36,165,32:11,50.67%
480,Oscar Sarkes,"Pacific Palisades, CA",3247,29:41,9:34,M 01-12/48,M-11,315,31:21,51.57%
481,Julie Janney,"Santa Monica, CA",644,29:42,9:34,F 50-54/11,F-53,166,31:52,59.24%
482,Rachel Sarnoff,"Los Angeles, CA",1208,29:43,9:34,F 40-44/21,F-40,167,31:58,51.63%
483,Barry Weaver,"Playa Del Rey, CA",3177,29:43,9:34,M 50-54/33,M-53,316,31:20,50.90%
484,Charles Grandy,"Pacific Palisades, CA",1644,29:44,9:34,M 35-39/27,M-36,317,31:39,44.64%
485,Tim Brady,"Santa Monica, CA",139,29:44,9:35,M 35-39/28,M-39,318,31:19,45.60%
486,Rachel Martin,"Pacific Palisades, CA",881,29:45,9:35,F 13-15/17,F-13,168,30:48,53.70%
487,Margaret Brady,"Santa Monica, CA",138,29:45,9:35,F 35-39/26,F-39,169,31:19,51.23%
488,Mitchell Cohen,"Santa Monica, CA",235,29:46,9:35,M 50-54/34,M-52,319,30:22,50.36%
489,Zachary Robertson,"Pacific Palisades, CA",2386,29:46,9:35,M 01-12/49,M-10,320,31:04,53.05%
490,Richard Fantl,"Los Angeles, CA",370,29:47,9:35,M 70-74/2,M-71,321,30:11,59.97%
491,Bridget Cook,"Los Angeles, CA",2841,29:47,9:36,F 30-34/9,F-34,170,30:57,50.06%
492,Roger Later,"Santa Monica, CA",780,29:47,9:36,M 55-59/19,M-58,322,29:54,52.97%
493,Cooperstone Randy,"Pacific Palisades, CA",2946,29:48,9:36,M 50-54/35,M-51,323,31:38,49.92%
494,John Andrews,"Laguna Hills, CA",1845,29:48,9:36,M 50-54/36,M-54,324,31:44,51.15%
495,Allyson Sikola,"Pacific Palisades, CA",3320,29:49,9:36,F 35-39/27,F-36,171,31:04,50.39%
496,Maritza Ramon-Roberts,"Pacific Palisades, CA",1112,29:52,9:37,F 35-39/28,F-39,172,32:15,51.03%
497,Kristan Hericks,"Irvine, CA",577,29:53,9:38,F 45-49/25,F-46,173,30:16,54.02%
498,Kerry Keefe,"Pacific Palisades, CA",716,29:53,9:38,F 01-12/24,F-6,174,30:16,65.40%
499,Halle Maclaughlin,"Los Angeles, CA",2472,29:54,9:38,F 16-18/9,F-16,175,30:02,51.20%
500,Peter Schwartz,"Pacific Palisades, CA",2023,29:54,9:38,M 50-54/37,M-50,325,31:08,49.36%
501,Thomas Maron,"Chatsworth, CA",3265,29:55,9:38,M 65-69/5,M-67,326,30:41,57.13%
502,Nancy Bruington,"Santa Monica, CA",166,29:56,9:38,F 30-34/10,F-34,176,31:09,49.81%
503,Tracy Rossie,"Pacific Palisades, CA",2891,29:57,9:39,F 40-44/22,F-44,177,32:04,52.84%
504,Lara Schwartz,"Pacific Palisades, CA",1235,29:57,9:39,F 40-44/23,F-42,178,30:50,51.95%
505,Renee Dembo,"Beverly Hills, CA",3105,29:57,9:39,M 01-12/50,M-12,327,31:12,49.67%
506,Jenny Tatum,"Pacific Palisades, CA",1366,29:57,9:39,F 40-44/24,F-40,179,32:20,51.22%
507,Eric Schwab,"Pacific Palisades, CA",1232,29:58,9:39,M 40-44/31,M-40,328,32:19,45.58%
508,Elizabeth Juncosa,"Pacific Palisades, CA",666,29:59,9:39,F 60-64/2,F-63,180,30:06,67.35%
509,Margaret Ducharme,"Woodhaven, NY",1617,29:59,9:39,F 50-54/12,F-54,181,32:00,59.40%
510,Twiggy Murphy-Moore,"Los Angeles, CA",2895,29:59,9:39,F 01-12/25,F-12,182,31:22,54.34%
511,Linda Ellrod,"Malibu, CA",3193,30:01,9:40,F 40-44/25,F-43,183,31:21,52.28%
512,Sue Pascoe,"Pacific Palisades, CA",2726,30:02,9:40,F 55-59/7,F-57,184,31:07,61.74%
513,Miles Partain,"Pacific Palisades, CA",1054,30:02,9:40,M 01-12/51,M-8,329,30:12,56.69%
514,Charlie Robinson,"Pacific Palisades, CA",2349,30:03,9:41,F 01-12/26,F-12,185,30:31,54.22%
515,Ian Zieger,"Manhattan Beach, CA",1553,30:03,9:41,M 30-34/12,M-34,330,31:29,43.67%
516,Cooper Robinson,"Pacific Palisades, CA",2350,30:04,9:41,M 01-12/52,M-7,331,30:38,59.23%
517,Robert Robinson,"Pacific Palisades, CA",2347,30:04,9:41,M 45-49/51,M-47,332,30:38,47.92%
518,David Lefkowitz,"Santa Monica, CA",2871,30:04,9:41,M 50-54/38,M-50,333,31:46,49.08%
519,Theresa Abrook,"Santa Monica, CA",13,30:04,9:41,F 50-54/13,F-52,186,31:00,57.74%
520,Zak Handler,"Pacific Palisades, CA",1933,30:04,9:41,M 13-15/34,M-13,334,32:11,48.25%
521,Rob Owens,"Pacific Palisades, CA",1044,30:04,9:41,M 55-59/20,M-58,335,32:16,52.47%
522,Gus Marshall,"Los Angeles, CA",1971,30:05,9:41,M 01-12/53,M-8,336,30:55,56.60%
523,Jan Levine,"Pacific Palisades, CA",806,30:06,9:42,F 60-64/3,F-60,187,31:05,64.27%
524,Rob Handler,"Pacific Palisades, CA",1932,30:06,9:42,M 55-59/21,M-55,337,32:13,51.08%
525,Marni Burns,"Manhattan Beach, CA",2484,30:07,9:42,F 40-44/26,F-44,188,30:17,52.55%
526,Jennifer Zieger,"Manhattan Beach, CA",1554,30:07,9:42,F 30-34/11,F-34,189,31:32,49.50%
527,Stacey Frizzell,"Pacific Palisades, CA",424,30:08,9:42,F 40-44/27,F-44,190,30:18,52.52%
528,Randy Tenan Snow,"Venice, CA",1377,30:08,9:42,F 50-54/14,F-54,191,30:52,59.10%
529,Steven Silberstein,"Santa Monica, CA",2827,30:10,9:43,M 50-54/39,M-52,338,31:24,49.70%
530,Madison Mensik,"Pacific Palisades, CA",2819,30:10,9:43,F 01-12/27,F-11,192,30:18,55.17%
531,Joe Walker,"Pacific Palisades, CA",3179,30:10,9:43,M 01-12/54,M-12,339,31:27,49.31%
532,Gerald Flintoft,"Pacific Palisades, CA",402,30:11,9:43,M 50-54/40,M-51,340,32:20,49.28%
533,Cindy Gold,"Santa Monica, CA",1637,30:11,9:43,F 50-54/15,F-50,193,30:31,56.08%
534,Olivia Gold,"Santa Monica, CA",1638,30:11,9:43,F 16-18/10,F-18,194,30:31,49.61%
535,John Fedorczyk,"Thornton, CO",373,30:11,9:43,M 35-39/29,M-38,341,31:25,44.59%
536,Patti Halpert,"Pacific Palisades, CA",535,30:11,9:43,F 50-54/16,F-53,195,30:24,58.29%
537,Renee Santos,"Los Angeles, CA",1205,30:12,9:43,F 30-34/12,F-30,196,31:42,49.03%
538,Lisa Taylor,"Pacific Palisades, CA",1373,30:13,9:44,F 40-44/28,F-42,197,33:29,51.49%
539,Jackson McDermott,"Santa Monica, CA",3155,30:13,9:44,M 01-12/55,M-9,342,31:04,54.14%
540,Christian Andersen,"Santa Monica, CA",2399,30:13,9:44,M 45-49/52,M-49,343,31:49,48.45%
541,Dan McDermott,"Santa Monica, CA",3154,30:13,9:44,M 45-49/53,M-46,344,31:05,47.30%
542,Stefanie Sands,"Pacific Palisades, CA",2940,30:14,9:44,F 19-29/23,F-28,198,31:11,48.98%
543,Samantha Resnick,"Los Angeles, CA",1136,30:16,9:45,F 13-15/18,F-13,199,31:46,52.78%
544,Tiffany Fedorczyk,"Thornton, CO",374,30:16,9:45,F 35-39/29,F-35,200,31:29,49.42%
545,Elizabeth Ghysels,"Pacific Palisades, CA",2818,30:16,9:45,F 45-49/26,F-46,201,30:24,53.33%
546,Roz Nieman,"Pacific Palisades, CA",995,30:16,9:45,F 35-39/30,F-39,202,32:46,50.36%
547,Neil Frerichs,"El Segundo, CA",2701,30:16,9:45,M 55-59/22,M-56,345,30:30,51.24%
548,Tom Staggs,"Beverly Hills, CA",2805,30:17,9:45,M 45-49/54,M-49,346,30:30,48.35%
549,Cole Staggs,"Beverly Hills, CA",2804,30:17,9:45,M 01-12/56,M-12,347,30:30,49.12%
550,Jill Weintraub,"Pacific Palisades, CA",2762,30:18,9:45,F 50-54/17,F-51,203,32:06,56.58%
551,Lisa Humiston,"Pacific Palisades, CA",622,30:19,9:46,F 35-39/31,F-35,204,32:50,49.34%
552,Marybeth Bahan,"Pacific Palisades, CA",2072,30:19,9:46,F 40-44/29,F-42,205,33:21,51.32%
553,Turner Swan,"Pacific Plsds, CA",3238,30:22,9:47,M 45-49/55,M-48,348,33:11,47.83%
554,Douglas Shemer,"Los Angeles, CA",2900,30:22,9:47,M 35-39/30,M-38,349,32:00,44.32%
555,Alex Swan,"Pacific Palisades, CA",3239,30:23,9:47,M 13-15/35,M-15,350,33:11,45.83%
556,Michael Zells,"Marina Del Rey, CA",3310,30:23,9:47,M 45-49/56,M-47,351,32:36,47.42%
557,Denisse Leon,"Los Angeles, CA",3332,30:23,9:47,F 30-34/13,F-32,206,33:05,48.85%
558,Mike Schibel,"Pacific Palisades, CA",1219,30:23,9:47,M 30-34/13,M-34,352,31:31,43.19%
559,Richard Wilks,"Santa Monica, CA",2867,30:25,9:48,M 45-49/57,M-46,353,31:20,46.98%
560,Richard Wilks,"Santa Monica, CA",2868,30:25,9:48,M 45-49/58,M-46,354,31:19,46.98%
561,Gary Foster,"Los Angeles, CA",2331,30:27,9:48,M 50-54/41,M-51,355,33:24,48.85%
562,Annie Wasserman,"Pacific Palisades, CA",1456,30:29,9:49,F 13-15/19,F-15,207,31:47,50.88%
563,Amanda Kosarin,"Marina Del Rey, CA",754,30:30,9:49,F 19-29/24,F-28,208,30:45,48.55%
564,Meghan Strauss,"Santa Monica, CA",1339,30:30,9:49,F 19-29/25,F-25,209,30:45,48.55%
565,Ana Lisa Cesare,"Pacific Palisades, CA",2800,30:30,9:49,F 30-34/14,F-33,210,30:58,48.77%
566,Brent Cesare,"Pacific Palisades, CA",2801,30:30,9:49,M 30-34/14,M-32,356,30:57,42.65%
567,Jason Wolsefer,"Pacific Palisades, CA",1524,30:30,9:49,M 35-39/31,M-38,357,33:47,44.12%
568,David Pomeroy,"San Luis Obispo, CA",1080,30:30,9:50,M 55-59/23,M-56,358,34:46,50.85%
569,Stefania Vitali,"Beverly Hills, CA",1823,30:31,9:50,F 35-39/32,F-35,211,30:45,49.02%
570,Lauren Decker,"Marina Del Rey, CA",1908,30:31,9:50,F 30-34/15,F-33,212,32:54,48.72%
571,Darragh Danton,"Pacific Palisades, CA",278,30:33,9:50,F 40-44/30,F-40,213,33:18,50.22%
572,Alex Farber,"Pacific Palisades, CA",2417,30:33,9:50,M 16-18/21,M-17,359,31:59,44.21%
573,Daniel Rasch,"Pacific Palisades, CA",2112,30:34,9:51,M 16-18/22,M-18,360,32:00,43.64%
574,Jocelyn Caster,"Pacific Palisades, CA",3346,30:34,9:51,F 16-18/11,F-16,214,33:51,50.08%
575,Justin Tabit,"Pacific Palisades, CA",1357,30:35,9:51,M 19-29/36,M-19,361,31:13,43.13%
576,Chandler Thomas,"Pacific Palisades, CA",1805,30:35,9:51,F 13-15/20,F-15,215,30:47,50.71%
577,Holden Thomas,"Pacific Palisades, CA",1809,30:37,9:52,M 13-15/36,M-13,362,30:47,47.39%
578,Marybeth Bahan,"Pacific Palisades, CA",1850,30:38,9:52,F 40-44/31,F-42,216,33:39,50.79%
579,Virginia James,"Los Angeles, CA",2978,30:38,9:52,F 16-18/12,F-16,217,33:55,49.97%
580,Mark Kaczmarek,"Los Angeles, CA",672,30:39,9:52,M 19-29/37,M-27,363,33:33,42.11%
581,Tess Kallmeyer,"Pacific Palisades, CA",683,30:40,9:53,F 16-18/13,F-17,218,31:48,49.32%
582,Robert Zaharia,"Pacific Palisades, CA",1548,30:41,9:53,M 35-39/32,M-35,364,32:25,42.99%
583,Penny Perez,"Pacific Palisades, CA",1065,30:42,9:53,F 65-69/2,F-68,219,30:56,71.10%
584,Benn Konner,"Pacific Palisades, CA",1956,30:42,9:53,M 40-44/32,M-43,365,31:54,45.52%
585,Beth Thorne,"Los Angeles, CA",1388,30:43,9:53,F 19-29/26,F-22,220,30:51,48.21%
586,Walter Gorsey,"Sherman Oaks, CA",478,30:43,9:54,M 65-69/6,M-65,366,32:43,54.61%
587,Heather Thomas,"Pacific Palisades, CA",1807,30:44,9:54,F 40-44/32,F-43,221,30:56,51.06%
588,Ryan Hurd,"Pacific Palisades, CA",1941,30:44,9:54,M 30-34/15,M-33,367,31:47,42.49%
589,Taylor Thomas,"Pacific Palisades, CA",1810,30:45,9:54,F 16-18/14,F-17,222,30:56,49.19%
590,Erika San Miguel,"Santa Monica, CA",1766,30:45,9:54,F 30-34/16,F-31,223,34:14,48.21%
591,John McKee,"Los Angeles, CA",903,30:45,9:54,M 55-59/24,M-57,368,31:05,50.87%
592,George Billauer,"Marina Del Rey, CA",1575,30:46,9:54,M 55-59/25,M-59,369,34:14,51.71%
593,Joe Maclaughlin,"Los Angeles, CA",2473,30:47,9:55,M 45-49/59,M-45,370,32:02,46.10%
594,Ed Wilson,"Pacific Palisades, CA",2414,30:50,9:56,M 50-54/42,M-53,371,31:27,49.05%
595,Dylan Santana,"Los Angeles, CA",2823,30:50,9:56,M 01-12/57,M-7,372,31:17,57.76%
596,Victor Santana,"Los Angeles, CA",2822,30:51,9:56,M 35-39/33,M-39,373,31:17,43.95%
597,Sam Marguleas,"Pacific Palisades, CA",870,30:51,9:56,M 01-12/58,M-11,374,32:43,49.62%
598,Jim McGinnis,"Pacific Palisades, CA",3249,30:51,9:56,M 01-12/59,M-11,375,32:43,49.62%
599,Brian Weintraub,"Pacific Palisades, CA",2760,30:51,9:56,M 50-54/43,M-53,376,31:42,49.03%
600,Bonnie Triezenberg,"Pacific Palisades, CA",1405,30:51,9:56,F 50-54/18,F-51,224,32:45,55.57%
601,Lisa Weintraub,"Pacific Palisades, CA",2761,30:51,9:56,F 19-29/27,F-19,225,31:42,48.16%
602,Melissa Romoff,"Pacific Plsds, CA",1758,30:52,9:56,F 01-12/28,F-10,226,31:55,55.32%
603,Michele Shafroth,"Pacific Palisades, CA",1254,30:55,9:57,F 50-54/19,F-52,227,31:05,56.15%
604,Lane Soelberg,"Los Angeles, CA",2373,30:56,9:58,M 40-44/33,M-40,377,34:32,44.15%
605,Andrew Shibuya,"Los Angeles, CA",1781,30:57,9:58,M 01-12/60,M-9,378,30:57,52.83%
606,Chi Phan,"Orange, CA",1071,30:58,9:58,F 35-39/33,F-39,228,33:16,49.22%
607,Morgan Schwartz,"Pacific Palisades, CA",2022,30:59,9:59,F 19-29/28,F-21,229,32:12,47.79%
608,August Brandenstein,"Valley Village, CA",144,30:59,9:59,M 35-39/34,M-37,379,33:31,43.11%
609,Erica Ursin-Smith,"Pacific Palisades, CA",1411,31:00,9:59,F 13-15/21,F-15,230,32:53,50.03%
610,Lauren Schermerhorn,"Valley Village, CA",1218,31:00,9:59,F 19-29/29,F-29,231,33:31,47.77%
611,Jenny Tom,"Los Angeles, CA",1398,31:02,10:00,F 35-39/34,F-35,232,32:14,48.20%
612,Kristen Mukae,"Santa Monica, CA",975,31:02,10:00,F 35-39/35,F-36,233,32:14,48.41%
613,Katrina Rosenloecher,"Pacific Palisades, CA",3187,31:03,10:00,F 40-44/33,F-44,234,31:47,50.97%
614,Ellen Bloch,"Pacific Palisades, CA",120,31:04,10:00,F 45-49/27,F-49,235,31:22,53.84%
615,Peter Greenwald,"Pacific Palisades, CA",502,31:05,10:01,M 55-59/26,M-55,380,31:59,49.46%
616,Bruce Kagan,"Pacific Palisades, CA",1949,31:06,10:01,M 55-59/27,M-56,381,32:15,49.87%
617,Marek Thomson,"La Jolla, CA",2529,31:07,10:01,M 01-12/61,M-9,382,35:43,52.57%
618,Joey Hirschman,"Los Angeles, CA",3224,31:08,10:02,M 01-12/62,M-11,383,33:20,49.17%
619,Jason Hirschman,"Los Angeles, CA",3225,31:08,10:02,M 50-54/44,M-50,384,33:20,47.40%
620,Akash Agarwal,"Los Angeles, CA",20,31:09,10:02,M 19-29/38,M-28,385,32:45,41.43%
621,Neal Conners,"Pacific Palisades, CA",247,31:10,10:02,M 01-12/63,M-12,386,32:14,47.73%
622,Oscar Flores,"Los Angeles, CA",403,31:11,10:02,M 19-29/39,M-28,387,32:01,41.39%
623,Steven Miller,"Pacific Palisades, CA",950,31:11,10:03,M 55-59/28,M-55,388,31:28,49.30%
624,Julie Scott,"Los Angeles, CA",1774,31:11,10:03,F 40-44/34,F-44,236,31:27,50.75%
625,Jimmy Taylor,"Pacific Palisades, CA",1371,31:13,10:03,M 01-12/64,M-10,389,34:29,50.59%
626,Blanca Gonzalez,"Santa Monica, CA",472,31:13,10:03,F 40-44/35,F-42,237,31:37,49.84%
627,Brian Conners,"Pacific Palisades, CA",245,31:18,10:05,M 50-54/45,M-51,390,32:21,47.52%
628,Barbara Essink,"Pacific Palisades, CA",362,31:19,10:05,F 35-39/36,F-38,238,32:42,48.40%
629,Mark Rozett,"Pacific Palisades, CA",3255,31:20,10:05,M 55-59/29,M-58,391,33:30,50.35%
630,Hilary Wynperle,"Pacific Palisades, CA",2975,31:20,10:05,F 35-39/37,F-38,239,33:00,48.38%
631,Katie Barnes,"Pacific Palisades, CA",63,31:20,10:05,F 01-12/29,F-12,240,32:48,52.00%
632,Jack Marguleas,"Pacific Palisades, CA",868,31:20,10:06,M 01-12/65,M-9,392,33:12,52.21%
633,Myrna Rowland,"Los Angeles, CA",1181,31:22,10:06,F 45-49/28,F-49,241,31:37,53.32%
634,Chloe Karmin,"Pacific Palisades, CA",3345,31:23,10:06,F 16-18/15,F-16,242,31:23,48.78%
635,Hunter Carroll,"Pacific Palisades, CA",195,31:25,10:07,M 01-12/66,M-11,393,32:03,48.73%
636,Ray Braun,"Pacific Palisades, CA",148,31:29,10:08,M 60-64/6,M-63,394,32:30,52.33%
637,Katie Muslin,"Pacific Palisades, CA",1987,31:29,10:08,F 19-29/30,F-25,243,31:56,47.03%
638,David Landau,"Santa Monica, CA",2120,31:30,10:09,M 45-49/60,M-48,395,34:16,46.11%
639,Stephanie Yankowsky,"Venice, CA",1835,31:30,10:09,F 19-29/31,F-26,244,31:57,47.01%
640,Allison Tannenbaum,"Pacific Palisades, CA",2044,31:32,10:09,F 40-44/36,F-40,245,32:48,48.65%
641,Jack Tannenbaum,"Pacific Palisades, CA",2045,31:32,10:09,M 01-12/67,M-10,396,32:48,50.08%
642,Laura Lee,"Pacific Palisades, CA",790,31:32,10:09,F 40-44/37,F-41,246,33:25,48.97%
643,Jack Eskenazi,"Pacific Palisades, CA",360,31:33,10:10,M 40-44/34,M-41,397,34:25,43.60%
644,Lisa Niedenthal,"Los Angeles, CA",1990,31:34,10:10,F 45-49/29,F-46,247,32:24,51.14%
645,Joy Barnett,"Pacific Palisades, CA",3274,31:35,10:10,F 40-44/38,F-43,248,33:25,49.68%
646,Rachel Berman,"Pacific Palisades, CA",2947,31:35,10:10,F 40-44/39,F-44,249,34:19,50.11%
647,Richard Greenberg,"Pacific Palisades, CA",494,31:35,10:10,M 55-59/30,M-56,398,32:05,49.10%
648,Jakob Pollack,"Pacific Palisades, CA",2949,31:36,10:11,M 01-12/68,M-11,399,34:20,48.44%
649,Catherine Bodnar,"Pacific Palisades, CA",123,31:37,10:11,F 55-59/8,F-55,250,32:07,57.12%
650,Vicki Greco,"Pacific Palisades, CA",1648,31:37,10:11,F 40-44/40,F-43,251,32:42,49.63%
651,Alexander Walker,"Topanga, CA",1451,31:37,10:11,M 01-12/69,M-12,400,32:59,47.05%
652,Janet Comeau,"Pacific Palisades, CA",1898,31:37,10:11,F NoAge/0,F-0,252,32:42, 0.00%
653,Gregg Seltzer,"Chino, CA",3138,31:38,10:11,M 45-49/61,M-46,401,33:03,45.18%
654,Hunter Barnett,"Pacific Palisades, CA",3270,31:38,10:11,F 01-12/30,F-8,253,33:27,57.30%
655,Stacy Keyes,"Los Angeles, CA",2753,31:38,10:11,F 45-49/30,F-48,254,33:03,52.24%
656,Kristin Stelea,"Pacific Palisades, CA",1329,31:39,10:12,F 19-29/32,F-19,255,32:16,46.94%
657,Ethan Rautbort,"Pacific Palisades, CA",3268,31:41,10:12,M 01-12/70,M-11,402,33:30,48.32%
658,Quinn Hellerman,"Los Angeles, CA",572,31:42,10:12,M 16-18/23,M-16,403,32:51,43.24%
659,Mimi Feigenson,"Tarzana, CA",375,31:42,10:13,F 60-64/4,F-62,256,31:46,62.81%
660,Lauren Beaver,"Pacific Palisades, CA",75,31:42,10:13,F 13-15/22,F-15,257,32:50,48.92%
661,Karen Stelea,"Pacific Palisades, CA",1328,31:42,10:13,F 50-54/20,F-52,258,32:19,54.76%
662,Alan Pinel,"Los Angeles, CA",1074,31:43,10:13,M 60-64/7,M-63,404,33:37,51.95%
663,Alejandro Pinel,"Los Angeles, CA",1075,31:43,10:13,M 19-29/40,M-22,405,33:37,40.69%
664,Quinn Rothman,"Los Angeles, CA",2492,31:44,10:13,M 01-12/71,M-9,406,32:10,51.55%
665,Joshua Resnick,"Los Angeles, CA",1134,31:46,10:14,M 40-44/35,M-43,407,33:17,43.99%
666,Craig Coleman,"Pacific Palisades, CA",2493,31:51,10:15,M 35-39/35,M-38,408,36:02,42.25%
667,Charlie Collins,"Pacific Palisades, CA",2316,31:51,10:15,M 01-12/72,M-7,409,32:47,55.92%
668,Aaron Forman,"Los Angeles, CA",1624,31:53,10:16,M 01-12/73,M-11,410,31:55,48.01%
669,Susan Montgomery,"Culver City, CA",960,31:54,10:16,F 50-54/21,F-52,259,32:49,54.42%
670,Carly Levitt,"Pacific Palisades, CA",810,31:55,10:17,F 01-12/31,F-12,260,34:52,51.04%
671,Morgan Swan,"Pacific Palisades, CA",3240,31:55,10:17,M 01-12/74,M-12,411,34:42,46.60%
672,Siena Freitag,"Pacific Palisades, CA",1626,31:55,10:17,F 01-12/32,F-11,261,34:52,52.14%
673,Natasha Darbar,"West Hollywood, CA",1907,31:57,10:17,F 19-29/33,F-25,262,34:20,46.35%
674,Gregory Holt,"Hermosa Beach, CA",595,31:58,10:18,M 35-39/36,M-39,412,32:39,42.41%
675,Laurie Forrest,"Santa Monica, CA",408,31:58,10:18,F 60-64/5,F-64,263,34:11,64.16%
676,Russ Kurihara,"Pacific Palisades, CA",2485,31:58,10:18,M 65-69/7,M-65,413,34:22,52.48%
677,Finn Carney,"Los Angeles, CA",2932,32:00,10:18,M 01-12/75,M-8,414,33:28,53.20%
678,Elsie Sims,"Pacific Palisades, CA",2034,32:00,10:18,F 35-39/38,F-38,264,33:09,47.37%
679,Peter Novosel,"Venice, CA",1007,32:01,10:19,M 30-34/16,M-31,415,33:55,40.52%
680,Andrew Denyer,"Santa Monica, CA",1611,32:01,10:19,M 45-49/62,M-49,416,34:04,45.73%
681,Ben Martinez,"San Diego, CA",885,32:01,10:19,M 19-29/41,M-28,417,33:54,40.31%
682,Jason Simon,"Pacific Palisades, CA",2031,32:02,10:19,M NoAge/0,M-0,418,35:02, 0.00%
683,Alicia Levitt,"Pacific Palisades, CA",808,32:02,10:19,F 50-54/22,F-53,265,35:00,54.92%
684,Lauren Stills,"Los Angeles, CA",2106,32:02,10:19,F 40-44/41,F-43,266,33:21,48.98%
685,Caren Swan,"Pacific Plsds, CA",3237,32:02,10:19,F 45-49/31,F-49,267,34:50,52.21%
686,Gary Schneider,"Los Angeles, CA",2945,32:03,10:19,M 50-54/46,M-51,419,33:52,46.41%
687,Bong Alexander,"Pacific Palisades, CA",26,32:03,10:19,M 55-59/31,M-59,420,37:11,49.64%
688,Jayme Rossie,"Pacific Palisades, CA",2892,32:03,10:19,F 13-15/23,F-14,268,32:03,49.06%
689,Sherri Hopeman,"Studio City, CA",607,32:04,10:20,F 40-44/42,F-42,269,32:51,48.52%
690,Becky Curtis,"Pacific Palisades, CA",270,32:04,10:20,F 55-59/9,F-59,270,32:18,59.44%
691,Amy Amsterdam,"Los Angeles, CA",37,32:05,10:20,F 35-39/39,F-38,271,33:11,47.25%
692,Lindsay Kornfeind,"Pacific Palisades, CA",1958,32:06,10:20,F 01-12/33,F-12,272,35:05,50.75%
693,Fred Kornfeind,"Pacific Palisades, CA",1957,32:07,10:20,M 45-49/63,M-48,421,35:06,45.22%
694,Noah Martin,"Pacific Palisades, CA",880,32:07,10:21,M 13-15/37,M-15,422,32:57,43.35%
695,Jake Weston,"Pacific Palisades, CA",2050,32:08,10:21,M 13-15/38,M-15,423,33:19,43.33%
696,Joe Collins,"Pacific Palisades, CA",2313,32:09,10:21,M 45-49/64,M-45,424,33:06,44.14%
697,Becky Walker,"Topanga, CA",1452,32:09,10:21,F 40-44/43,F-44,273,33:32,49.22%
698,Shana Svendsen,"Pacific Palisades, CA",1348,32:09,10:21,F 35-39/40,F-37,274,33:44,46.94%
699,James Eustice,"Pacific Palisades, CA",2454,32:09,10:21,M 40-44/36,M-41,425,32:56,42.79%
700,Mary Genow,"Pacific Palisades, CA",1633,32:13,10:22,F NoAge/0,F-0,275,32:57, 0.00%
701,Alexander Hurley,"Malibu, CA",625,32:13,10:23,M 01-12/76,M-9,426,34:31,50.78%
702,Anthony Pfannkuche,"Pacific Palisades, CA",3295,32:13,10:23,M 55-59/32,M-58,427,33:35,48.96%
703,Gabriel Ross,"Los Angeles, CA",1173,32:14,10:23,M 01-12/77,M-9,428,35:38,50.75%
704,Jody Margulies,"Pacific Palisades, CA",873,32:15,10:23,F 50-54/23,F-51,276,33:21,53.15%
705,Todd Steadman,"Pacific Palisades, CA",1325,32:18,10:24,M 40-44/37,M-40,429,32:45,42.28%
706,Pamela Sommer,"Pacific Palisades, CA",1309,32:19,10:24,F 60-64/6,F-60,277,33:33,59.86%
707,Jana Steadman,"Pacific Palisades, CA",1324,32:19,10:24,F 35-39/41,F-35,278,32:44,46.28%
708,Kirk Hartman,"Pacific Palisades, CA",552,32:19,10:25,M 55-59/33,M-55,430,32:32,47.57%
709,Peter Ross,"Los Angeles, CA",1176,32:20,10:25,M 50-54/47,M-52,431,35:45,46.36%
710,John Beaver,"Pacific Palisades, CA",74,32:20,10:25,M 45-49/65,M-47,432,33:27,44.56%
711,Elena Cates,"Pacific Palisades, CA",200,32:20,10:25,F 45-49/32,F-46,279,34:24,49.92%
712,Peter Scholze,"Santa Monica, CA",1228,32:20,10:25,M 30-34/17,M-33,433,34:14,40.38%
713,Anna Royer,"Boulder, CO",2854,32:21,10:25,F 16-18/16,F-16,280,32:47,47.32%
714,Max Judah,"Pacific Palisades, CA",665,32:21,10:25,M 01-12/78,M-7,434,33:08,55.05%
715,Jim McIntosh,"Pacific Palisades, CA",901,32:21,10:25,M 65-69/8,M-69,435,33:24,53.92%
716,Jeff Judah,"Pacific Palisades, CA",664,32:21,10:25,M 45-49/66,M-49,436,33:08,45.26%
717,Nicole Wiener,"Los Angeles, CA",2051,32:21,10:25,F 30-34/17,F-32,281,35:26,45.88%
718,Oralia Ruiz,"Los Angeles, CA",2824,32:23,10:26,F 60-64/7,F-62,282,32:50,61.48%
719,Carri Sentchuk,"Los Angeles, CA",2807,32:23,10:26,F 40-44/44,F-40,283,32:33,47.37%
720,Samantha Garelick,"Los Angeles, CA",2806,32:23,10:26,F 19-29/34,F-29,284,32:33,45.73%
721,Caroline Flintoft,"Pacific Palisades, CA",400,32:24,10:26,F 01-12/34,F-9,285,34:26,54.19%
722,Ruby Carlos,"Pacific Palisades, CA",189,32:25,10:26,F 35-39/42,F-39,286,33:39,47.02%
723,David Wiener,"Chapel Hill, NC",1494,32:25,10:26,M 45-49/67,M-48,437,35:30,44.80%
724,Brian Eule,"Mountain View, CA",364,32:25,10:26,M 30-34/18,M-31,438,33:44,40.02%
725,John Hollingsworth,"Pacific Palisades, CA",1939,32:26,10:27,M 40-44/38,M-43,439,35:03,43.08%
726,Mollie Dietsch,"Pacific Palisades, CA",304,32:27,10:27,F 45-49/33,F-48,287,34:07,50.92%
727,Lou Sarkes,"Pacific Palisades, CA",3245,32:28,10:27,M 16-18/24,M-16,440,34:07,42.22%
728,Jordan Catapano,"Pacific Palisades, CA",3319,32:29,10:28,F 35-39/43,F-35,288,35:06,46.05%
729,Laurie Stern,"Pacific Palisades, CA",1331,32:29,10:28,F 35-39/44,F-35,289,35:06,46.05%
730,Rachel Slate,"Pacific Palisades, CA",2855,32:29,10:28,F 19-29/35,F-20,290,32:56,45.59%
731,Janet Merideth,"Pacific Palisades, CA",3291,32:30,10:28,F 55-59/10,F-55,291,34:07,55.57%
732,Miguel Gonzalez,"Santa Monica, CA",473,32:31,10:28,M 45-49/68,M-49,441,34:07,45.03%
733,Reilly Butler,"Los Angeles, CA",1883,32:32,10:29,F 13-15/24,F-13,292,35:08,49.10%
734,Julie Roback,"Santa Monica, CA",3283,32:33,10:29,F 40-44/45,F-41,293,34:36,47.44%
735,Emmett Kallmeyer,"Pacific Palisades, CA",2858,32:33,10:29,M 01-12/79,M-8,442,33:40,52.28%
736,Georgie Moskowitz,"Los Angeles, CA",2747,32:34,10:29,F 01-12/35,F-12,294,33:53,50.03%
737,Linda Lippman,"Los Angeles, CA",826,32:34,10:29,F 50-54/24,F-50,295,32:53,51.97%
738,Claire Hollingsworth,"Pacific Palisades, CA",1938,32:34,10:29,F 01-12/36,F-11,296,35:11,51.10%
739,Scott Prestine,"Monte Sereno, CA",1094,32:35,10:30,M 40-44/39,M-44,443,35:07,43.19%
740,Laurie Prestine,"Monte Sereno, CA",1093,32:36,10:30,F 40-44/46,F-44,297,35:07,48.54%
741,Kristiane Alphson,"Pacific Palisades, CA",1842,32:38,10:31,F 01-12/37,F-11,298,33:24,51.00%
742,Emily Hirsch,"Pacific Palisades, CA",588,32:39,10:31,F 50-54/25,F-51,299,32:58,52.50%
743,Tara Vahdani,"Pacific Palisades, CA",1414,32:40,10:31,F 13-15/25,F-14,300,34:21,48.14%
744,Charlie Hoberman,"Los Angeles, CA",590,32:41,10:32,M 01-12/80,M-10,444,35:38,48.32%
745,Steve Hericks,"Irvine, CA",578,32:41,10:32,M 45-49/69,M-48,445,33:04,44.44%
746,Claire Helscher,"Pacific Palisades, CA",1935,32:42,10:32,F 01-12/38,F-7,301,35:24,57.42%
747,Chloe Hoberman,"Los Angeles, CA",591,32:43,10:32,F 01-12/39,F-11,302,35:40,50.87%
748,Tia Hoberman,"Los Angeles, CA",593,32:43,10:32,F 40-44/47,F-41,303,35:40,47.20%
749,Jack Standish,"Pacific Palisades, CA",2324,32:44,10:33,M 01-12/81,M-10,446,34:25,48.24%
750,William Schwerdtfeger,"Pacific Palisades, CA",1238,32:44,10:33,M 01-12/82,M-11,447,34:26,46.77%
751,Dan Bedolla,"Anaheim, CA",80,32:44,10:33,M 65-69/9,M-69,448,34:25,53.29%
752,Steve Hirsch,"Pacific Palisades, CA",589,32:45,10:33,M 50-54/48,M-53,449,32:58,46.18%
753,Richard Little,"Pacific Palisades, CA",3312,32:47,10:34,M 65-69/10,M-65,450,34:44,51.17%
754,Mila Danton,"Pacific Palisades, CA",279,32:48,10:34,F 01-12/40,F-11,304,35:45,50.74%
755,Heather Gilhooly,"Pacific Palisades, CA",452,32:49,10:34,F 35-39/45,F-37,305,34:54,45.99%
756,Amy Weitman,"Santa Monica, CA",2908,32:51,10:35,F 35-39/46,F-36,306,35:36,45.74%
757,Nicole Gobreial,"Pacific Palisades, CA",462,32:52,10:35,F 13-15/26,F-15,307,33:25,47.18%
758,Robert Wright,"Los Angeles, CA",1535,32:53,10:35,M 40-44/40,M-42,451,34:00,42.14%
759,Andrew Wright,"Los Angeles, CA",1533,32:53,10:35,M 01-12/83,M-8,452,34:00,51.77%
760,Steve Samuelson,"Los Alamitos, CA",1201,32:54,10:36,M 50-54/49,M-53,453,34:41,45.97%
761,Julian Whatley,"Pacific Palisades, CA",1482,32:54,10:36,M 19-29/42,M-19,454,33:35,40.09%
762,Catherine Bigelow,"Pacific Palisades, CA",110,32:54,10:36,F 01-12/41,F-12,308,33:03,49.52%
763,Naser Alavikia,"Los Angeles, CA",22,32:55,10:36,M 45-49/70,M-49,455,33:10,44.48%
764,Kristen Goldberg,"Pacific Palisades, CA",1642,32:55,10:36,F 13-15/27,F-13,309,33:10,48.53%
765,Jamie Grossman,"Santa Monica, CA",516,32:57,10:37,F 35-39/47,F-39,310,34:07,46.26%
766,Jennifer Ramberg,"Brooklyn, NY",1108,32:58,10:37,F 35-39/48,F-39,311,34:07,46.23%
767,Darren Shibuya,"Los Angeles, CA",1782,32:58,10:37,M 40-44/41,M-42,456,35:41,42.03%
768,Sarah Emerson,"Pacific Palisades, CA",349,32:59,10:37,F 13-15/28,F-13,312,34:40,48.43%
769,Devin Dempsey,"Pacific Palisades, CA",2466,32:59,10:37,F 01-12/42,F-10,313,33:40,51.77%
770,Tim Weston,"Pacific Palisades, CA",1478,33:00,10:38,M 16-18/25,M-16,457,35:52,41.54%
771,Hilary Butler,"Los Angeles, CA",1881,33:01,10:38,F 01-12/43,F-12,314,35:37,49.34%
772,Jason Ades,"Tarzana, CA",1565,33:02,10:38,M 35-39/37,M-38,458,33:45,40.74%
773,Tracy Olmstead Williams,"Pacific Palisades, CA",1028,33:04,10:39,F 50-54/26,F-51,315,33:11,51.84%
774,Lauretta Collins,"Los Angeles, CA",243,33:06,10:39,F 45-49/34,F-46,316,34:54,48.77%
775,Thad Collins,"Pacific Palisades, CA",2315,33:06,10:39,M 01-12/84,M-9,459,34:04,49.42%
776,Robin Cohen,"Los Angeles, CA",236,33:07,10:40,F 50-54/27,F-54,317,34:18,53.78%
777,Logan Soelberg,"Los Angeles, CA",1791,33:09,10:41,M 01-12/85,M-9,460,34:30,49.35%
778,Tammy Newman,"Pacific Palisades, CA",1988,33:10,10:41,F 40-44/48,F-44,318,33:26,47.71%
779,Abby Green,"Encino, CA",488,33:11,10:41,F 40-44/49,F-41,319,35:12,46.51%
780,William Perkins,"Pacific Palisades, CA",1066,33:14,10:42,M 65-69/11,M-68,461,34:26,51.93%
781,Logan Soelberg,"Los Angeles, CA",2372,33:15,10:42,M 01-12/86,M-5,462,34:37,59.48%
782,Elizabeth Griffin,"Pacific Palisades, CA",508,33:16,10:43,F 01-12/44,F-7,320,35:06,56.44%
783,Dean Gelber,"Pacific Palisades, CA",445,33:16,10:43,M 01-12/87,M-12,463,33:57,44.71%
784,Jennifer Betts,"Santa Monica, CA",106,33:17,10:43,F 45-49/35,F-47,321,36:22,49.05%
785,Shira Nachshon,"Santa Monica, CA",980,33:17,10:43,F 50-54/28,F-53,322,34:12,52.86%
786,Rachel Beaver,"Pacific Palisades, CA",76,33:18,10:43,F 01-12/45,F-12,323,33:21,48.92%
787,Max Tenenbaum,"Pacific Palisades, CA",2483,33:18,10:43,M 01-12/88,M-8,464,34:11,51.13%
788,Ira Tenenbaum,"Pacific Palisades, CA",2482,33:18,10:43,M 45-49/71,M-46,465,34:12,42.91%
789,Daniella Simon,"Valley Village, CA",1283,33:19,10:44,F 35-39/49,F-37,324,35:19,45.30%
790,Kathryn McRitchie,"North Hollywood, CA",914,33:19,10:44,F 40-44/50,F-41,325,35:19,46.35%
791,Nishi Panchal,"San Gabriel, CA",1735,33:21,10:44,F 19-29/36,F-26,326,33:46,44.40%
792,Jeffrey Weller,"Pacific Palisades, CA",1467,33:22,10:45,M 30-34/19,M-34,466,35:41,39.33%
793,Jennifer Spier,"Northridge, CA",3183,33:24,10:45,F 30-34/18,F-31,327,33:50,44.38%
794,Margot Reemtsen,"Pacific Palisades, CA",2310,33:25,10:46,F 01-12/46,F-8,328,33:52,54.24%
795,Nicole Hall,"Pacific Palisades, CA",533,33:28,10:47,F 35-39/50,F-38,329,34:38,45.29%
796,Joseph Paulson,"Venice, CA",1057,33:30,10:47,M 30-34/20,M-32,467,35:09,38.83%
797,Earl Brendlinger,"Canoga Park, CA",3140,33:31,10:48,M 55-59/34,M-56,468,35:35,46.27%
798,Spencer Skillman,"Los Angeles, CA",2923,33:32,10:48,M 16-18/26,M-17,469,35:38,40.28%
799,Monica Modabber,"Topanga, CA",2735,33:32,10:48,F 40-44/51,F-40,330,33:46,45.75%
800,Anthony Marguleas,"Pacific Plsds, CA",2873,33:32,10:48,M 40-44/42,M-44,470,34:45,41.97%
801,Steven Culley,"Pacific Palisades, CA",267,33:33,10:48,M 45-49/72,M-47,471,35:52,42.94%
802,Stefan Popelka,"Pacific Palisades, CA",1085,33:34,10:48,M 13-15/39,M-13,472,35:29,43.22%
803,Emma Wasserman,"Pacific Palisades, CA",1457,33:34,10:49,F 13-15/29,F-13,331,34:52,47.59%
804,Jacob Miller,"Pacific Palisades, CA",939,33:35,10:49,M 01-12/89,M-10,473,36:07,47.02%
805,Jenna Lesnet,"Pacific Palisades, CA",801,33:37,10:49,F 01-12/47,F-12,332,33:46,48.46%
806,Diem Culley,"Pacific Palisades, CA",266,33:37,10:49,F 40-44/52,F-41,333,35:56,45.93%
807,Steven Gurevitch,"Pacific Palisades, CA",525,33:37,10:50,M 45-49/73,M-45,474,36:23,42.21%
808,Linda Martin,"Santa Monica, CA",878,33:37,10:50,F 65-69/3,F-66,334,34:33,62.90%
809,Emily Pappas,"Pacific Palisades, CA",1048,33:37,10:50,F 01-12/48,F-12,335,34:55,48.46%
810,Nora Dennis,"Pacific Plsds, CA",2502,33:37,10:50,F 40-44/53,F-44,336,35:31,47.07%
811,Alexander Lee,"Pacific Palisades, CA",786,33:37,10:50,M 01-12/90,M-10,475,35:31,46.95%
812,Cindy Greenwald,"Pacific Palisades, CA",496,33:38,10:50,F 50-54/29,F-53,337,34:35,52.31%
813,Robert Martin,"Pacific Palisades, CA",883,33:38,10:50,M 55-59/35,M-55,476,34:29,45.71%
814,Christina Gables,"Pacific Palisades, CA",429,33:39,10:50,F 50-54/30,F-53,338,35:24,52.28%
815,Natasha Thomson,"La Jolla, CA",2530,33:40,10:50,F 13-15/30,F-14,339,38:17,46.71%
816,Marcella Kelley,"Long Beach, CA",1682,33:43,10:51,F 16-18/17,F-17,340,34:23,44.86%
817,Susanne Hamer,"Pacific Palisades, CA",536,33:43,10:52,F 50-54/31,F-54,341,34:38,52.82%
818,Emily Junk,"Colorado Springs, CO",669,33:45,10:52,F 16-18/18,F-18,342,34:28,44.37%
819,Dana D'Amico,"Los Angeles, CA",273,33:47,10:53,F 19-29/37,F-19,343,35:42,43.98%
820,Jennifer McGaughey,"Pacific Palisades, CA",900,33:47,10:53,F 40-44/54,F-41,344,36:14,45.71%
821,Jerry Jameson,"Pacific Palisades, CA",2764,33:49,10:53,M 50-54/50,M-51,477,34:27,43.98%
822,Rod Taylor,"Hawthorne, CA",1374,33:51,10:54,M 35-39/38,M-35,478,33:51,38.97%
823,Allan Popelka,"Pacific Palisades, CA",1083,33:52,10:55,M 60-64/8,M-61,479,35:48,47.81%
824,Jeanne Besh,"Paradise Valley, AZ",3116,33:53,10:55,F 45-49/36,F-48,345,34:36,48.77%
825,Leslie Steadman,"Pacific Palisades, CA",1799,33:53,10:55,F 60-64/8,F-63,346,34:33,59.60%
826,Keely McMahon,"Pacific Palisades, CA",909,33:54,10:55,F 01-12/49,F-8,347,34:44,53.47%
827,John McMahon,"Pacific Palisades, CA",908,33:54,10:55,M 35-39/39,M-37,480,34:44,39.40%
828,Stefan Thomson,"La Jolla, CA",2531,33:54,10:55,M 01-12/91,M-12,481,38:31,43.88%
829,Donna Nielsen,"San Clemente, CA",994,33:56,10:56,F 45-49/37,F-49,348,34:03,49.29%
830,Susan Jay,"Los Angeles, CA",3316,33:59,10:57,F 55-59/11,F-55,349,36:36,53.14%
831,Mark Tabit,"Pacific Palisades, CA",1358,34:00,10:57,M 50-54/51,M-50,482,34:40,43.40%
832,Sean Morris,"Pacific Palisades, CA",969,34:01,10:57,M 35-39/40,M-39,483,36:35,39.85%
833,Jim Taylor,"Pacific Palisades, CA",1370,34:01,10:57,M 45-49/74,M-45,484,37:17,41.72%
834,Luisa Romoff,"Pacific Plsds, CA",1757,34:02,10:58,F NoAge/0,F-0,350,35:20, 0.00%
835,Ken Ehrlich,"Pacific Palisades, CA",2344,34:05,10:59,M 40-44/43,M-44,485,34:05,41.29%
836,Valerie Clifford,"Pacific Plsds, CA",2304,34:06,10:59,F 45-49/38,F-47,351,35:01,47.87%
837,Elizabeth Lonky,"Redondo Beach, CA",1964,34:06,10:59,F 30-34/19,F-33,352,38:02,43.62%
838,Martin Schneggenburger,"Redondo Beach, CA",2017,34:07,10:59,M 40-44/44,M-42,486,38:03,40.62%
839,Alessandra Thomson,"Del Mar, CA",2113,34:08,11:00,F 13-15/31,F-13,353,38:15,46.80%
840,Hilario Rivas,"North Hollywood, CA",1152,34:09,11:00,M 45-49/75,M-49,487,34:41,42.87%
841,Crysatl Ruiz,"Los Angeles, CA",1185,34:09,11:00,F 19-29/38,F-26,354,34:41,43.36%
842,Valerie Clifford,"Pacific Plsds, CA",2305,34:09,11:00,F 45-49/39,F-47,355,35:05,47.80%
843,Tony Davis,"Pacific Palisades, CA",2836,34:09,11:00,M 45-49/76,M-49,488,34:50,42.87%
844,Nell Oliver,"Pacific Palisades, CA",1027,34:11,11:00,F 40-44/55,F-44,356,34:34,46.29%
845,Katie Thomas,"Pacific Palisades, CA",1384,34:11,11:01,F 01-12/50,F-9,357,34:34,51.37%
846,Chloe Cote,"Gilbert, AZ",258,34:12,11:01,F 01-12/51,F-11,358,36:37,48.66%
847,Jeff Broudy,"Pacific Palisades, CA",157,34:13,11:01,M 45-49/77,M-45,489,35:44,41.47%
848,Jay Sobel,"Pacific Palisades, CA",1302,34:13,11:01,M 19-29/43,M-22,490,36:08,37.72%
849,Laura Kate Windler,"Pacific Palisades, CA",1512,34:14,11:02,F 01-12/52,F-11,359,34:44,48.61%
850,Mark Cote,"Gilbert, AZ",259,34:15,11:02,M 45-49/78,M-48,491,36:40,42.41%
851,John McKee,"Los Angeles, CA",904,34:16,11:02,M 55-59/36,M-57,492,34:36,45.64%
852,Ian Hericks,"Irvine, CA",575,34:17,11:02,M 13-15/40,M-14,493,34:39,41.39%
853,Barbara Moore,"Long Beach, CA",1721,34:18,11:03,F 16-18/19,F-17,360,34:57,44.09%
854,Lisa Rockwell,"Pacific Palisades, CA",1158,34:20,11:04,F 45-49/40,F-49,361,35:29,48.71%
855,Sandra Hurley,"Malibu, CA",628,34:21,11:04,F 40-44/56,F-44,362,36:40,46.07%
856,Edward Damon,"Los Angeles, CA",1905,34:21,11:04,M 65-69/12,M-68,494,34:54,50.24%
857,Natasha Resnick,"Los Angeles, CA",1135,34:21,11:04,F 01-12/53,F-9,363,35:50,51.12%
858,Isabel Bellitti,"Pacific Palisades, CA",84,34:22,11:04,F 01-12/54,F-8,364,35:59,52.74%
859,Colleen Bellitti,"Pacific Palisades, CA",82,34:22,11:04,F 40-44/57,F-40,365,35:59,44.62%
860,Catherine Griffin,"Pacific Palisades, CA",506,34:23,11:04,F 01-12/55,F-9,366,36:12,51.07%
861,Julianne Schwerdtfeger,"Pacific Palisades, CA",1237,34:25,11:05,F 01-12/56,F-8,367,36:14,52.66%
862,Stephanie Ratner,"Los Angeles, CA",1118,34:25,11:05,F 30-34/20,F-32,368,34:47,43.12%
863,Richard Griffin,"Pacific Palisades, CA",510,34:25,11:05,M 40-44/45,M-40,495,36:14,39.68%
864,Tsigereda Wolde,"Los Angeles, CA",1523,34:26,11:05,F 30-34/21,F-34,369,34:50,43.29%
865,Erin McMahon,"Pacific Palisades, CA",907,34:26,11:05,F 01-12/57,F-11,370,35:03,48.33%
866,Gillian Caverly,"Pacific Palisades, CA",1889,34:26,11:05,F 01-12/58,F-10,371,35:02,49.59%
867,Diane Shimanovsky,"Pacific Palisades, CA",2899,34:29,11:06,F 35-39/51,F-35,372,35:48,43.38%
868,Martin Kappeyne,"Pacific Palisades, CA",699,34:31,11:07,M 55-59/37,M-56,496,35:14,44.93%
869,Bonnie Ades,"Tarzana, CA",1564,34:32,11:07,F 65-69/4,F-65,373,35:15,60.31%
870,T Johnson,"Pacific Palisades, CA",2755,34:32,11:07,F 45-49/41,F-49,374,35:48,48.43%
871,Annabel Singer,"West Bloomfield, MI",1284,34:33,11:08,F 13-15/32,F-13,375,35:45,46.24%
872,Jill Reichwald,"Pacific Palisades, CA",1122,34:34,11:08,F 45-49/42,F-48,376,35:51,47.81%
873,Nicole Reichwald,"Pacific Palisades, CA",1124,34:34,11:08,F 01-12/59,F-12,377,35:51,47.13%
874,Lauren Reichwald,"Pacific Palisades, CA",1123,34:34,11:08,F 01-12/60,F-10,378,35:52,49.40%
875,Steven Talley,"Pacific Palisades, CA",1362,34:35,11:08,M 55-59/38,M-58,497,36:10,45.61%
876,Harout Dedeyan,"Northridge, CA",2500,34:35,11:08,M 50-54/52,M-52,498,36:32,43.35%
877,Joy Stanley,"Paradise Valley, AZ",3118,34:37,11:09,F 45-49/43,F-48,379,35:19,47.74%
878,Joel Siegel,"Orchard Lake, MI",1271,34:38,11:09,M 19-29/44,M-19,499,36:42,38.08%
879,Patrick Gilhooly,"Pacific Palisades, CA",453,34:38,11:09,M 35-39/41,M-38,500,36:43,38.85%
880,David Shaby,"Manhattan Beach, CA",1251,34:40,11:10,M 50-54/53,M-54,501,36:20,43.96%
881,Nadine Lewis,"Pacific Palisades, CA",2846,34:41,11:10,F 45-49/44,F-45,380,37:02,46.06%
882,John McIntire,"Hermosa Beach, CA",1713,34:42,11:10,M 70-74/3,M-74,502,35:41,53.72%
883,Tanya Shaby,"Manhattan Beach, CA",1253,34:44,11:11,F 19-29/39,F-20,381,36:20,42.63%
884,Mary Dembo,"Beverly Hills, CA",3111,34:45,11:11,F 45-49/45,F-47,382,35:59,46.98%
885,Marilyn Staubitz,"Los Angeles, CA",1323,34:46,11:12,F 40-44/58,F-44,383,36:40,45.52%
886,Kenneth Hasbrouck,"Pacific Palisades, CA",559,34:47,11:12,M 70-74/4,M-71,503,35:21,51.34%
887,Alexandra Himy,"Pacific Palisades, CA",584,34:49,11:13,F 30-34/22,F-33,384,36:27,42.72%
888,Elizabeth Morin,"Los Angeles, CA",2488,34:49,11:13,F 40-44/59,F-44,385,37:58,45.45%
889,Scott Fennel,"Santa Monica, CA",2487,34:49,11:13,M 45-49/79,M-47,504,37:59,41.38%
890,Lucinda Moorhead,"West Hollywood, CA",965,34:57,11:15,F 19-29/40,F-26,386,36:44,42.37%
891,Dana Thomas,"San Francisco, CA",2730,34:58,11:16,M 50-54/54,M-51,505,35:20,42.54%
892,Douglas Thomas,"San Francisco, CA",2727,34:59,11:16,M 50-54/55,M-53,506,35:21,43.23%
893,Max Kaller,"Pacific Palisades, CA",1951,35:01,11:17,M 13-15/41,M-13,507,37:18,41.43%
894,Kaller Dana,"Pacific Palisades, CA",1906,35:02,11:17,F 40-44/60,F-42,387,37:18,44.41%
895,Bernadette Leonard,"Pacific Palisades, CA",1698,35:03,11:17,F 50-54/32,F-50,388,36:54,48.29%
896,Ted Mackie,"Pacific Palisades, CA",856,35:04,11:17,M 80-99/1,M-81,508,36:49,61.48%
897,Linda Andrews,"Pacific Palisades, CA",40,35:07,11:18,F 55-59/12,F-58,389,35:45,53.56%
898,Jay Gold,"Pacific Palisades, CA",1926,35:09,11:19,M 01-12/92,M-10,509,36:17,44.92%
899,Graham Culp,"Pacific Palisades, CA",268,35:10,11:19,M 35-39/42,M-35,510,37:40,37.51%
900,Meghan Wood,"Pacific Palisades, CA",1833,35:10,11:20,F 19-29/41,F-26,390,36:23,42.11%
1001,Olivia Donnelly,"Chatsworth, CA",2337,37:28,12:04,F 16-18/20,F-18,459,39:33,39.96%
1002,Ellen Silka,"Pacific Palisades, CA",1278,37:28,12:04,F 13-15/40,F-14,460,38:21,41.97%
1003,McKenna Bailey,"Pacific Palisades, CA",53,37:29,12:04,F 16-18/21,F-16,461,39:45,40.84%
1004,Lisa Simon,"Pacific Palisades, CA",2033,37:31,12:05,F NoAge/0,F-0,462,40:33, 0.00%
1005,Orli Steinberg,"Los Angeles, CA",1327,37:31,12:05,F 30-34/24,F-34,463,40:01,39.73%
1006,Aaron Levy,"Reseda, CA",1961,37:36,12:06,M 35-39/44,M-39,543,40:30,36.05%
1007,Lisa Hochberg,"Santa Monica, CA",2444,37:36,12:07,F 40-44/75,F-43,464,39:28,41.73%
1008,Francine Champagne,"Pacific Plsds, CA",3160,37:40,12:08,F 40-44/76,F-43,465,41:16,41.66%
1009,Sharon Kilbride,"Santa Monica, CA",3188,37:42,12:08,F 50-54/37,F-52,466,37:57,46.04%
1010,Zalman Nemtzov,"Pacific Palisades, CA",988,37:42,12:08,M 19-29/45,M-28,544,38:27,34.23%
1011,Kathleen Slattery,"Pacific Palisades, CA",1287,37:42,12:08,F 50-54/38,F-53,467,39:44,46.66%
1012,Courtney Harris,"Playa Del Rey, CA",549,37:43,12:09,F 19-29/47,F-27,468,38:03,39.26%
1013,Madison Bailey,"Pacific Palisades, CA",52,37:50,12:11,F 16-18/22,F-18,469,40:06,39.58%
1014,Aaron Heisen,"Pacific Palisades, CA",2775,37:52,12:12,M 01-12/100,M-9,545,38:46,43.20%
1015,Jake Rothman,"Encino, CA",2498,37:54,12:12,M 01-12/101,M-9,546,39:51,43.16%
1016,Cindy Lebauer,"Encino, CA",2495,37:56,12:13,F 45-49/53,F-45,470,39:52,42.11%
1017,Glenys Thorstenson,"Pasadena, CA",3313,38:01,12:15,F 35-39/62,F-35,471,41:52,39.34%
1018,Arthur Gilbert,", CA",2064,38:03,12:15,M 70-74/6,m-72,547,39:41,47.55%
1019,Devon Leight,"Santa Monica, CA",2957,38:09,12:17,F 01-12/66,F-10,472,39:38,44.76%
1020,Cathy Conners,"Pacific Palisades, CA",246,38:12,12:18,F 50-54/39,F-51,473,39:15,44.87%
1021,Jared Brecher,"Pacific Palisades, CA",2712,38:14,12:19,M 01-12/102,M-9,548,39:00,42.78%
1022,Sharon Brecher,"Pacific Palisades, CA",1863,38:15,12:19,F 40-44/77,F-42,474,39:01,40.67%
1023,Colin Enzer,"Pacific Palisades, CA",350,38:18,12:20,M 01-12/103,M-12,549,40:26,38.83%
1024,Susan Zolla,"Los Angeles, CA",3205,38:19,12:20,F 60-64/13,F-64,475,41:27,53.52%
1025,James Gidlow,"Los Angeles, CA",3165,38:22,12:21,M 65-69/15,M-67,550,40:37,44.55%
1026,Kristy Morris,"Pacific Palisades, CA",968,38:22,12:21,F 35-39/63,F-37,476,40:56,39.33%
1027,Manson Jones,"Pacific Palisades, CA",661,38:22,12:21,M 45-49/85,M-49,551,40:04,38.16%
1028,Mabel Jones,"Pacific Palisades, CA",660,38:23,12:22,F 01-12/67,F-11,477,40:05,43.35%
1029,Christopher Walter,"Pacific Palisades, CA",2361,38:25,12:22,M 35-39/45,M-36,552,40:29,34.55%
1030,Denise Contis,"Pacific Palisades, CA",2367,38:25,12:22,F 30-34/25,F-31,478,40:29,38.59%
1031,Robert Kern,"Kent, WA",2126,38:26,12:23,M 50-54/62,m-51,553,41:54,38.70%
1032,Rebeccah Edelstein,"Pacific Palisades, CA",2835,38:29,12:23,F 35-39/64,F-39,479,41:32,39.60%
1033,David Whitworth,"Pacific Palisades, CA",1487,38:30,12:24,M 50-54/63,M-50,554,40:42,38.33%
1034,Ben Helscher,"Pacific Palisades, CA",1934,38:31,12:24,M 01-12/104,M-10,555,41:13,41.00%
1035,Kerry Menchin,"Los Angeles, CA",921,38:34,12:25,F 40-44/78,F-41,480,39:21,40.03%
1036,John Mack,"Pacific Palisades, CA",2437,38:35,12:26,M 50-54/64,M-51,556,39:13,38.55%
1037,Eden Mack,"Pacific Palisades, CA",2438,38:35,12:26,F 01-12/68,F-11,481,39:13,43.13%
1038,Molly Mercer,"Pacific Palisades, CA",2894,38:37,12:26,F 16-18/23,F-18,482,39:58,38.77%
1039,Emmett Sage Heisen,"Pacific Palisades, CA",2777,38:38,12:26,M 01-12/105,M-5,557,39:32,51.19%
1040,Wyatt Loncar,"Pacific Palisades, CA",838,38:38,12:27,M 01-12/106,M-9,558,39:59,42.34%
1041,Eliza Thompson,"Los Angeles, CA",2423,38:40,12:27,F 30-34/26,F-34,483,40:18,38.55%
1042,Tara Coughlin,"Pacific Palisades, CA",2856,38:42,12:28,F 13-15/41,F-13,484,41:27,41.28%
1043,Virginia Skolnik,"Pacific Palisades, CA",2422,38:47,12:29,F 50-54/40,F-53,485,40:42,45.36%
1044,Kevin Kurstin,"Santa Monica, CA",766,38:58,12:33,M 16-18/27,M-16,559,39:26,35.17%
1045,Cathy Kurstin,"Santa Monica, CA",765,38:58,12:33,F 45-49/54,F-48,486,39:26,42.40%
1046,Victoria Stokdyk,"Pacific Palisades, CA",1337,38:59,12:33,F 40-44/79,F-43,487,40:16,40.25%
1047,Liora Kahn,"Hawthorne, CA",676,39:00,12:34,F 30-34/27,F-30,488,41:29,37.96%
1048,Shahrzad Zarrinnam,"Los Angeles, CA",2489,39:04,12:35,F 35-39/65,F-39,489,41:48,39.01%
1049,Rachael Jeck,"Pacific Palisades, CA",647,39:07,12:36,F 40-44/80,F-42,490,41:25,39.77%
1050,Hannah Millner,"Pacific Palisades, CA",938,39:07,12:36,F 01-12/69,F-10,491,41:25,43.65%
1051,Wesley Macmiller,"Pacific Palisades, CA",2943,39:14,12:38,M 01-12/107,M-6,560,41:41,47.68%
1052,Alyssa Macmiller,"Pacific Palisades, CA",2942,39:16,12:39,F 40-44/81,F-40,492,41:41,39.07%
1053,Suzy Arias,"Canyon Country, CA",2334,39:16,12:39,F 40-44/82,F-43,493,41:15,39.96%
1054,Grant Caverly,"Pacific Palisades, CA",1890,39:17,12:39,M 01-12/108,M-7,561,40:04,45.33%
1055,Trevor Chung,"Los Angeles, CA",2068,39:19,12:40,M 01-12/109,m-8,562,40:01,43.30%
1056,Courtney Caverly,"Pacific Palisades, CA",1888,39:21,12:40,F 40-44/83,F-44,494,40:04,40.21%
1057,Laura Chung,"Los Angeles, CA",1590,39:21,12:40,F 40-44/84,F-41,495,40:02,39.24%
1058,Lynn Savory-Collar,"Pacific Palisades, CA",1211,39:23,12:41,F 40-44/85,F-43,496,42:43,39.84%
1059,Kim Vanduzer,"Los Angeles, CA",2909,39:28,12:42,M 13-15/42,M-14,563,39:33,35.95%
1060,Elan Resnick,"Los Angeles, CA",1133,39:30,12:43,M 01-12/110,M-11,564,40:58,38.75%
1061,Hannah Wasserman,"Pacific Palisades, CA",1458,39:36,12:45,F 13-15/42,F-13,497,42:13,40.34%
1062,Sammy Speiser,"Pacific Palisades, CA",3260,39:36,12:45,M 01-12/111,M-10,565,40:15,39.87%
1063,Jessica Doran,"Pacific Palisades, CA",3168,39:36,12:45,F 40-44/86,F-44,498,40:03,39.96%
1064,Tracy Weston,"Pacific Palisades, CA",1479,39:36,12:45,F 13-15/43,F-13,499,42:31,40.34%
1065,Drew Silberstein,"Santa Monica, CA",2829,39:41,12:47,F 16-18/24,F-18,500,40:56,37.73%
1066,Maximo Speiser,"Pacific Palisades, CA",2927,39:43,12:47,M 01-12/112,M-8,566,40:22,42.86%
1067,Scott Weston,"Pacific Palisades, CA",1477,39:44,12:48,M 45-49/86,M-48,567,42:41,36.55%
1068,Ruth Weston,"Pacific Palisades, CA",1475,39:45,12:48,F 45-49/55,F-45,501,42:41,40.18%
1069,Barbara Bishop,"Los Angeles, CA",113,39:45,12:48,F 50-54/41,F-51,502,41:24,43.12%
1070,Holli Omori,"Pacific Palisades, CA",1031,39:47,12:49,F 40-44/87,F-42,503,42:25,39.10%
1071,Emma Reemtsen,"Pacific Palisades, CA",2309,39:51,12:50,F 01-12/70,F-9,504,40:18,44.06%
1072,Greg Gold,"Pacific Palisades, CA",1925,39:53,12:51,M 01-12/113,M-8,568,41:01,42.68%
1073,Bridget Terry,"Santa Monica, CA",1381,39:55,12:51,F 55-59/19,F-58,505,42:09,47.12%
1074,Carol Leacock,"Pacific Palisades, CA",3107,39:56,12:52,F 70-74/2,F-74,506,41:42,60.46%
1075,Dan Cohen,"El Segundo, CA",232,39:59,12:53,M 70-74/7,M-70,569,41:40,44.12%
1076,Stephen Bost,"Pacific Palisades, CA",132,40:02,12:53,M 55-59/41,M-55,570,41:07,38.40%
1077,Dee Bost,"Pacific Palisades, CA",131,40:02,12:53,F 55-59/20,F-55,507,41:08,45.11%
1078,Mia Svenson,"Pacific Palisades, CA",1349,40:02,12:54,F 16-18/25,F-17,508,41:28,37.78%
1079,Luke Bennett,"Pacific Palisades, CA",1573,40:03,12:54,M 01-12/114,M-10,571,41:23,39.43%
1080,Angela Agrusa,"Pacific Palisades, CA",1566,40:08,12:55,F 45-49/56,F-48,509,41:28,41.17%
1081,Lizzy Moore,"Santa Monica, CA",1985,40:09,12:56,F 45-49/57,F-45,510,40:17,39.78%
1082,Jaclyn Maduff,"Los Angeles, CA",1708,40:10,12:56,F 60-64/14,F-64,511,42:29,51.06%
1083,Janessa Klein,"Los Angeles, CA",737,40:10,12:56,F 50-54/42,F-51,512,41:06,42.67%
1084,Geoffrey Moyer,"Pacific Plsds, CA",2842,40:11,12:56,M 70-74/8,M-72,572,41:25,45.02%
1085,Cindy Young,"Los Angeles, CA",2934,40:12,12:57,F 45-49/58,F-47,513,43:18,40.61%
1086,Margie Werker,"Pacific Palisades, CA",3101,40:12,12:57,F 75-79/1,F-78,514,43:21,64.66%
1087,Mel Nutig,"Marina Del Rey, CA",1012,40:17,12:58,M 65-69/16,M-67,573,43:09,42.43%
1088,Katherine Windler,"Pacific Palisades, CA",1511,40:20,12:59,F 45-49/59,F-46,515,40:50,40.02%
1089,Fred Robins,"Pacific Palisades, CA",2870,40:25,13:01,M 70-74/9,M-70,574,42:33,43.65%
1090,Kari Herdman,"Los Angeles, CA",573,40:26,13:01,F 19-29/48,F-25,516,41:07,36.62%
1091,Jessica Romoff,"Pacific Plsds, CA",1756,40:28,13:02,F 01-12/71,F-11,517,43:05,41.12%
1092,Amy Hollingsworth,"Pacific Palisades, CA",1937,40:29,13:02,F NoAge/0,F-0,518,43:05, 0.00%
1093,Melat Haile,"Los Angeles, CA",527,40:30,13:03,F 19-29/49,F-26,519,40:55,36.56%
1094,Leah Edwards,"Santa Monica, CA",336,40:31,13:03,F 19-29/50,F-24,520,41:07,36.54%
1095,Joseph Feldmann,"Los Angeles, CA",1621,40:31,13:03,M 30-34/23,M-32,575,41:06,32.10%
1096,Rebecca Stocker,"Santa Monica, CA",2040,40:32,13:03,F 35-39/66,F-39,521,43:39,37.60%
1097,Mike Kalan,"Manhattan Beach, CA",679,40:33,13:03,M 40-44/48,M-41,576,43:39,33.92%
1098,Claire Bertram,"Pacific Palisades, CA",2121,40:41,13:06,F 01-12/72,F-11,522,42:38,40.90%
1099,John Bertram,"Pacific Palisades, CA",2122,40:44,13:07,M 50-54/65,M-51,577,42:41,36.51%
1100,Jennifer Strohman,"Los Angeles, CA",1801,40:57,13:11,F 40-44/88,F-44,523,43:09,38.64%
1101,Susan Sullivan,"Pacific Palisades, CA",2041,40:57,13:11,F 40-44/89,F-41,524,44:22,37.70%
1102,Bruce Tyson,"Los Angeles, CA",1815,40:57,13:11,M 55-59/42,M-57,578,43:09,38.19%
1103,Clare Hookstratten,"Los Angeles, CA",602,41:00,13:12,F 13-15/44,F-15,525,42:26,37.82%
1104,Pamela Popelka,"Pacific Palisades, CA",1084,41:00,13:12,F 55-59/21,F-57,526,42:57,45.22%
1105,Dylan Joyce,"Pacific Palisades, CA",1948,41:02,13:13,M 13-15/43,M-14,579,42:24,34.58%
1106,Ally Freed,"Tarzana, CA",2393,41:07,13:14,F 01-12/73,F-12,527,42:26,39.62%
1107,Naomi Neufeld,"Pacific Palisades, CA",2318,41:08,13:15,F 60-64/15,F-63,528,43:48,49.09%
1108,Loren Harvey,"Lomita, CA",558,41:11,13:16,M 65-69/17,M-65,580,42:44,40.73%
1109,Barbara Harvey,"Lomita, CA",556,41:13,13:16,F 65-69/6,F-65,529,42:44,50.53%
1110,Jane Lopatt,"Pacific Palisades, CA",846,41:13,13:16,F 60-64/16,F-60,530,41:43,46.93%
1111,Samantha Rosenbaum,"Pacific Palisades, CA",1165,41:26,13:20,F 16-18/26,F-17,531,42:53,36.50%
1112,Sandra Segal Polin,"Pacific Palisades, CA",1078,41:30,13:22,F 65-69/7,F-67,532,42:44,51.75%
1113,Susan Payne,"Pacific Palisades, CA",1058,41:30,13:22,F 55-59/22,F-56,533,43:31,44.07%
1114,Laura Winslow,"Santa Monica, CA",1514,41:34,13:23,F 50-54/43,F-53,534,42:39,42.32%
1115,Sion Louks,"Pacific Palisades, CA",2519,41:43,13:26,M 13-15/44,M-13,581,44:06,34.77%
1116,Brittany Louks,"Pacific Palisades, CA",2511,41:44,13:26,F 16-18/27,F-16,535,44:07,36.68%
1117,Keith Newell,"Pacific Plsds, CA",3233,41:44,13:26,M 45-49/87,M-46,582,43:41,34.24%
1118,Jeanine Flanders,"Pacific Palisades, CA",2387,41:47,13:27,F 45-49/60,F-47,536,43:06,39.07%
1119,Aiden Robertson,"Pacific Palisades, CA",2385,41:47,13:27,M 01-12/115,M-8,583,43:05,40.74%
1120,Ella Kallen,"Pacific Palisades, CA",2071,41:48,13:28,F 01-12/74,f-8,537,44:06,43.36%
1121,Magie Garcia,"Pacific Palisades, CA",2070,41:50,13:28,F 40-44/90,F-42,538,44:07,37.19%
1122,Erin Hookstratten,"Los Angeles, CA",603,41:50,13:28,F 19-29/51,F-20,539,42:27,35.39%
1123,Keith Newell,"Pacific Plsds, CA",3253,41:58,13:31,M 45-49/88,M-46,584,43:55,34.05%
1124,Ava Button,"Pacific Palisades, CA",182,41:59,13:31,F 01-12/75,F-9,540,43:11,41.82%
1125,Ellen Silverman,"Pacific Palisades, CA",1281,42:02,13:32,F 60-64/17,F-62,541,42:58,47.36%
1126,Thomas Brandt,"Pacific Palisades, CA",1579,42:26,13:40,M 45-49/89,M-48,585,45:38,34.22%
1127,Suzanne Wrede,"Topanga, CA",1532,42:27,13:40,F 40-44/91,F-41,542,45:39,36.37%
1128,Jill Tabit,"Pacific Palisades, CA",1356,42:29,13:41,F 45-49/61,F-48,543,43:07,38.89%
1129,Paul Jacobs,"Culver City, CA",640,42:30,13:41,M 65-69/18,M-68,586,44:10,40.60%
1130,Karen Bloomfield,"Culver City, CA",121,42:35,13:43,F 40-44/92,F-41,544,46:40,36.26%
1131,Richard Bletcher,"Pacific Palisades, CA",119,42:36,13:43,M 75-79/3,M-75,587,46:40,44.50%
1132,Alexandra Button,"Pacific Palisades, CA",181,42:36,13:43,F 01-12/76,F-7,545,43:49,44.07%
1133,Michaelyn Wilson,"Pacific Palisades, CA",1507,42:37,13:43,F 45-49/62,F-45,546,43:49,37.48%
1134,Victoria Robinson,"Calabasas, CA",1157,42:39,13:44,F 45-49/63,F-46,547,42:59,37.84%
1135,Liz Jones,"Pacific Palisades, CA",659,42:42,13:45,F 35-39/67,F-38,548,45:28,35.49%
1136,Carolyn Gatlin,"Pacific Palisades, CA",3211,42:42,13:45,F 01-12/77,F-10,549,45:28,39.98%
1137,William Bailey,"Pacific Palisades, CA",54,43:01,13:51,M 55-59/43,M-57,588,46:29,36.36%
1138,Sue Marguleas,"Pacific Palisades, CA",871,43:01,13:51,F 40-44/93,F-44,550,44:13,36.78%
1139,Cynthia Rees,"Pacific Plsds, CA",2320,43:07,13:53,F 60-64/18,F-63,551,45:58,46.83%
1140,Nancy Danowsky,"Simi Valley, CA",2319,43:08,13:53,F 60-64/19,F-60,552,45:58,44.84%
1141,Melody Massey,"Pacific Palisades, CA",3307,43:10,13:54,F 40-44/94,F-40,553,44:13,35.53%
1142,Poppy Frost,"Pacific Palisades, CA",2332,43:11,13:54,F 01-12/78,F-10,554,43:29,39.54%
1143,Michael Lockitch,"Santa Monica, CA",2354,43:16,13:56,M 60-64/12,M-61,589,44:54,37.42%
1144,Own Chhin,"Philadelphia, PA",216,43:19,13:57,F 30-34/28,F-33,555,48:28,34.33%
1145,Jeff Simon,"Pacific Palisades, CA",2032,43:23,13:58,M NoAge/0,M-0,590,46:27, 0.00%
1146,Aaron Simon,"Pacific Palisades, CA",2030,43:25,13:59,M NoAge/0,M-0,591,46:27, 0.00%
1147,Joan Wrede,"Venice, CA",1531,43:38,14:03,F 65-69/8,F-67,556,46:49,49.22%
1148,Betsy Braun,"Pacific Palisades, CA",146,43:41,14:04,F 60-64/20,F-62,557,44:49,45.57%
1149,Carol Gregory,"Pacific Palisades, CA",504,43:41,14:04,F 60-64/21,F-63,558,43:41,46.22%
1150,Katherine Gregory,"Pacific Palisades, CA",505,43:42,14:04,F 19-29/52,F-25,559,43:42,33.88%
1151,Allan Orenstein,"Pacific Palisades, CA",1032,43:45,14:05,M 60-64/13,M-62,592,44:54,37.31%
1152,Janie Orenstein,"Pacific Palisades, CA",1033,43:46,14:05,F 60-64/22,F-63,560,44:54,46.13%
1153,Zoe Zelkind,"Santa Monica, CA",2123,43:48,14:06,F 13-15/45,F-15,561,49:01,35.40%
1154,Lori Zelkind,"Santa Monica, CA",2124,43:52,14:07,F 45-49/64,F-48,562,49:05,37.67%
1155,Al Werker,"Pacific Palisades, CA",3109,43:54,14:08,M 75-79/4,M-78,593,46:55,45.77%
1156,Joy Johnston,"Pacific Palisades, CA",3329,43:59,14:10,F 01-12/79,F-11,563,45:50,37.83%
1157,Michael Johnston,"Pacific Palisades, CA",3328,43:59,14:10,M 45-49/90,M-48,594,45:50,33.02%
1158,Gavin Ross,"Pacific Plsds, CA",3297,44:07,14:12,M 40-44/49,M-41,595,46:55,31.18%
1159,Miriam Braveman,"Pacific Palisades, CA",149,44:08,14:13,F 50-54/44,F-53,564,45:31,39.86%
1160,Emme Ross,"Pacific Palisades, CA",3300,44:09,14:13,F 01-12/80,F-4,565,46:56, 0.00%
1161,Natalie Sorotsky,"Pacific Palisades, CA",1313,44:12,14:14,F 30-34/29,F-30,566,45:41,33.50%
1162,Kristen Lewis,"Pacific Palisades, CA",3273,44:13,14:14,F 19-29/53,F-26,567,45:41,33.48%
1163,Joshua Miller,"Pacific Palisades, CA",941,44:14,14:14,M 01-12/116,M-12,596,46:47,33.62%
1164,Troy Miller,"Pacific Palisades, CA",951,44:14,14:15,M 40-44/50,M-40,597,46:47,30.87%
1165,Robert Heilemann,"Fairfax, CA",570,44:16,14:15,M 01-12/117,M-7,598,45:38,40.23%
1166,Michael Heilemann,"Fairfax, CA",568,44:17,14:15,M 40-44/51,M-44,599,45:39,31.78%
1167,Jennifer Light,"San Francisco, CA",816,44:19,14:16,F 30-34/30,F-34,568,46:38,33.63%
1168,Josh Burns,"Pacific Palisades, CA",172,44:19,14:16,M 35-39/46,M-37,600,46:37,30.14%
1169,Heather Thomas,"Pacific Palisades, CA",1808,44:21,14:17,F 40-44/95,F-43,569,46:22,35.38%
1170,Janet Leis,"Pacific Palisades, CA",793,44:21,14:17,F 45-49/65,F-47,570,45:45,36.80%
1171,Elizabeth Owsley,"La Jolla, CA",2533,44:25,14:18,F 45-49/66,F-46,571,49:05,36.34%
1172,Elisa Thomson,"La Jolla, CA",2528,44:25,14:18,F 45-49/67,F-48,572,49:05,37.20%
1173,Mary Kinzelberg,"Pacific Palisades, CA",733,44:30,14:20,F 65-69/9,F-65,573,46:21,46.80%
1174,Christian Hericks,"Irvine, CA",574,44:34,14:21,M 16-18/28,M-18,601,44:57,29.93%
1175,Karyn Weber,"Pacific Palisades, CA",1461,44:40,14:23,F 40-44/96,F-41,574,44:57,34.57%
1176,Julie Sorotsky,"Pacific Palisades, CA",1312,44:40,14:23,F 50-54/45,F-50,575,46:09,37.89%
1177,Robert Heilemann,"Pacific Palisades, CA",569,44:47,14:25,M 65-69/19,M-65,602,46:19,37.45%
1178,Fallon Smalberg,"Los Angeles, CA",2882,44:51,14:26,F 13-15/46,F-13,576,47:08,35.61%
1179,Genevieve Dunning,"Pacific Palisades, CA",328,44:54,14:27,F 01-12/81,F-11,577,48:36,37.06%
1180,Terence Dunning,"Pacific Palisades, CA",329,44:57,14:28,M 55-59/44,M-57,603,48:40,34.79%
1181,Douglas Marshall,"Los Angeles, CA",1970,44:59,14:29,M 45-49/91,M-49,604,45:49,32.54%
1182,Dennis Gaskin,"Pacific Palisades, CA",442,44:59,14:29,M 55-59/45,M-57,605,46:24,34.77%
1183,Ruth Gruen,"Surprise, AZ",517,45:04,14:31,F 60-64/23,F-61,578,46:53,43.51%
1184,Deborah Chenoweth,"Pacific Palisades, CA",2884,45:06,14:31,F 55-59/23,F-59,579,46:47,42.26%
1185,Robert Flutie,"Pacific Palisades, CA",1623,45:11,14:33,M 45-49/92,M-46,606,45:53,31.62%
1186,Scott Gibson,"Pacific Palisades, CA",2110,45:13,14:34,M 55-59/46,M-55,607,47:27,34.00%
1187,Nicola Meyer,"Pacific Palisades, CA",931,45:14,14:34,F 45-49/68,F-46,580,47:56,35.68%
1188,Peter Braveman,"Pacific Palisades, CA",150,45:14,14:34,M 60-64/14,M-60,608,46:40,35.46%
1189,Douglas Meyer,"Pacific Palisades, CA",929,45:18,14:35,M 45-49/93,M-48,609,47:58,32.06%
1190,Milo Manheim,"Los Angeles, CA",862,45:23,14:37,M 01-12/118,M-9,610,46:52,36.04%
1191,Glen Barad,"Pacific Palisades, CA",59,45:23,14:37,M 45-49/94,M-47,611,49:13,31.74%
1192,Nanette Terrenal,"Pasadena, CA",1380,45:30,14:39,F 55-59/24,F-55,581,47:51,39.68%
1193,Jane Rissman,"Los Angeles, CA",1149,45:32,14:40,F 55-59/25,F-55,582,47:51,39.66%
1194,Reid Broudy,"Pacific Palisades, CA",158,45:32,14:40,M 01-12/119,M-9,612,47:00,35.92%
1195,Charles Grandy,"Pacific Palisades, CA",1645,45:33,14:40,M 35-39/47,M-36,613,45:33,29.14%
1196,Elizabeth Denham,"Pacific Palisades, CA",295,45:33,14:40,F 35-39/68,F-36,583,45:33,32.98%
1197,Ralph Wilcox,"Pacific Palisades, CA",1495,45:36,14:41,M 80-99/2,M-81,614,48:56,47.28%
1198,Diane Goldberg,"Pacific Palisades, CA",465,45:40,14:42,F 75-79/2,F-76,584,47:06,54.84%
1199,Sandra Ramirez,"Los Angeles, CA",2005,45:42,14:43,F NoAge/0,F-0,585,46:59, 0.00%
1200,Greg Thomas,"Pacific Palisades, CA",1806,45:43,14:43,M 45-49/95,M-46,615,47:51,31.25%
1201,Shari Moore,"Pacific Palisades, CA",1723,45:50,14:46,F 45-49/69,F-49,586,46:02,36.49%
1202,Vicki Mercer,"Pacific Palisades, CA",3257,45:51,14:46,F 55-59/26,F-57,587,47:18,40.44%
1203,Annabel Montgomery,"Pacific Palisades, CA",2902,45:52,14:46,F 50-54/46,F-50,588,46:42,36.90%
1204,Suzanne Booth,"Los Angeles, CA",127,45:53,14:47,F 55-59/27,F-56,589,46:43,39.86%
1205,Annabelle Nickoll,"Los Angeles, CA",2963,45:56,14:47,F 01-12/82,F-5,590,49:49,44.46%
1206,Eli Nickoll,"Los Angeles, CA",2962,45:56,14:47,M 01-12/120,M-7,616,49:49,38.77%
1207,Curt Sobel,"Pacific Palisades, CA",1301,45:58,14:48,M 55-59/47,M-56,617,47:58,33.73%
1208,David Nickoll,"Los Angeles, CA",2960,45:58,14:48,M 35-39/48,M-38,618,49:51,29.27%
1209,Alexander Nickoll,"Los Angeles, CA",2964,45:58,14:48,M 01-12/121,M-3,619,49:51, 0.00%
1210,Robin Thaler,"Pacific Palisades, CA",1383,45:59,14:48,F 60-64/24,F-63,591,47:21,43.91%
1211,Oscar Haas,"Los Angeles, CA",2933,46:00,14:49,M 01-12/122,M-8,620,47:28,37.01%
1212,Maude Tipton,"Pacific Palisades, CA",2516,46:02,14:49,F 01-12/83,F-10,592,48:17,37.09%
1213,Irwin Thaler,"Pacific Palisades, CA",1382,46:03,14:50,M 65-69/20,M-69,621,47:26,37.87%
1214,Kelly Miller,"Beverly Hills, CA",943,46:12,14:53,F 35-39/69,F-37,593,47:09,32.66%
1215,Robert Miller,"Los Angeles, CA",945,46:13,14:53,M 40-44/52,M-42,622,47:09,29.98%
1216,Ona Barnett,"Pacific Palisades, CA",1851,46:17,14:54,F 35-39/70,F-36,594,49:43,32.46%
1217,Samantha Rosso,"Pacific Palisades, CA",1760,46:22,14:56,F 16-18/28,F-17,595,49:01,32.61%
1218,Carolyn Rosso,"Pacific Palisades, CA",1759,46:25,14:57,F 45-49/70,F-49,596,49:04,36.03%
1219,Karen Goldberg,"Pacific Palisades, CA",1641,46:26,14:57,F 50-54/47,F-53,597,49:04,37.88%
1220,Kimberly Nordlinger,"Pacific Palisades, CA",1003,46:26,14:57,F 35-39/71,F-39,598,48:26,32.82%
1221,Meridith Miller,"Los Angeles, CA",944,46:29,14:58,F 40-44/97,F-40,599,47:27,33.00%
1222,Michael Yamada,"Beverly Hills, CA",1540,46:30,14:58,M 40-44/53,M-42,623,47:27,29.80%
1223,Haley Miller,"Commerce, CA",937,46:31,14:59,F 01-12/84,F-7,600,47:27,40.36%
1224,Graham Sherr,"Pasadena, CA",1266,46:33,14:59,M 55-59/48,M-55,624,48:53,33.02%
1225,Rich Sondheimer,"Los Angeles, CA",1310,46:34,15:00,M 50-54/66,M-50,625,48:53,31.69%
1226,Seem Wolsefer,"Pacific Palisades, CA",1525,46:40,15:01,F 30-34/31,F-33,601,50:00,31.87%
1227,Jacob Alexander,"Pacific Palisades, CA",3344,46:42,15:02,M 13-15/45,M-13,626,49:09,31.06%
1228,Latasha Catchings,"Beverly Hills, CA",199,46:43,15:02,F 16-18/29,F-16,602,47:42,32.76%
1229,Edward Riceberg,"Beverly Hills, CA",1139,46:43,15:03,M 65-69/21,M-68,627,47:42,36.94%
1230,Kate Walker,"Pacific Palisades, CA",3180,46:43,15:03,F 01-12/85,F-5,603,48:00,43.72%
1231,Jayne Shapiro,"Beverly Hills, CA",1259,46:44,15:03,F 60-64/25,F-64,604,47:41,43.88%
1232,Mark Samara,"Pacific Palisades, CA",1199,46:45,15:03,M 50-54/67,M-52,628,50:13,32.06%
1233,Dianne Wood,"Los Angeles, CA",1529,46:46,15:04,F 50-54/48,F-51,605,50:14,36.65%
1234,Rose Greene,"Pacific Palisades, CA",495,46:47,15:04,F 60-64/26,F-64,606,50:13,43.83%
1235,Debbie Grumbach,"Pacific Palisades, CA",519,46:53,15:06,F 55-59/28,F-56,607,47:53,39.01%
1236,Jim Mercer,"Pacific Palisades, CA",3262,46:55,15:06,M 65-69/22,M-65,629,48:19,35.75%
1237,Curtis Grumbach,"Pacific Palisades, CA",518,46:56,15:07,M 55-59/49,M-55,630,47:56,32.75%
1238,Ariel Olswanger,"Glencoe, IL",3261,46:56,15:07,F 19-29/54,F-20,608,48:18,31.55%
1239,Katie Mercer,"West Hollywood, CA",2887,46:59,15:08,F 19-29/55,F-29,609,48:18,31.51%
1240,Nicholas Mercer,"Pacific Palisades, CA",2907,47:00,15:08,M 19-29/46,M-22,631,48:20,27.46%
1241,Katherine Backes,"Pacific Palisades, CA",2840,47:03,15:09,F 40-44/98,F-40,610,49:52,32.60%
1242,Terry Norton-Wright,"Los Angeles, CA",1006,47:07,15:10,F 45-49/71,F-47,611,48:19,34.64%
1243,William Wright,"Los Angeles, CA",1536,47:07,15:10,M 01-12/123,M-10,632,48:19,33.51%
1244,Joan Joss,"Menlo Park, CA",2711,47:10,15:11,F 50-54/49,F-50,612,50:48,35.88%
1245,Emily Joss,"Menlo Park, CA",2710,47:10,15:11,F 01-12/86,F-9,613,50:48,37.22%
1246,Jordan Gurevitch,"Pacific Palisades, CA",523,47:12,15:12,F 01-12/87,F-9,614,49:55,37.20%
1247,Noelle Winter,"Pacific Palisades, CA",1519,47:12,15:12,F 01-12/88,F-7,615,49:55,39.77%
1248,Kai Hughes,"Pacific Palisades, CA",621,47:13,15:12,M 16-18/29,M-17,633,49:34,28.60%
1249,Darra Isaacs,"Pacific Palisades, CA",634,47:13,15:12,F 16-18/30,F-17,616,49:34,32.03%
1250,Susan Rosenson,"Los Angeles, CA",1169,47:18,15:14,F 65-69/10,F-69,617,48:06,46.88%
1251,Grace Winter,"Pacific Palisades, CA",1518,47:20,15:14,F 01-12/89,F-8,618,50:03,38.29%
1252,Jack Gurevitch,"Pacific Palisades, CA",522,47:21,15:15,M 01-12/124,M-6,634,50:04,39.51%
1253,Daniela Winter,"Pacific Palisades, CA",1515,47:24,15:16,F 45-49/72,F-45,619,50:08,33.70%
1254,Phyllis Marusak,"Pacific Palisades, CA",2523,47:27,15:17,F 70-74/3,F-72,620,49:33,49.16%
1255,Lori Rautbort,"Pacific Palisades, CA",3267,47:30,15:18,F 40-44/99,F-40,621,49:20,32.29%
1256,Dawn Smalberg,"Los Angeles, CA",2881,47:31,15:18,F 40-44/100,F-43,622,50:14,33.02%
1257,Abby Smalberg,"Los Angeles, CA",2883,47:34,15:19,F 01-12/90,F-11,623,50:13,34.98%
1258,Ken Fratto,"Long Beach, CA",412,47:58,15:27,M 65-69/23,M-66,635,49:03,35.31%
1259,Edward Rosenson,"Los Angeles, CA",1168,48:01,15:28,M 65-69/24,M-69,636,48:48,36.32%
1260,Phyllis Nelson,"Pacific Palisades, CA",986,48:04,15:28,F 65-69/11,F-66,624,49:10,43.98%
1261,Susan Nash,"Pacific Palisades, CA",984,48:08,15:30,F 50-54/50,F-53,625,50:57,36.54%
1262,Francine Diamond,"Pacific Palisades, CA",2778,48:11,15:31,F 65-69/12,F-67,626,49:05,44.57%
1263,Rhoda Perles,"Vancouver, BC",1067,48:16,15:33,F 65-69/13,F-69,627,48:34,45.94%
1264,Jordan Koz,"Pacific Palisades, CA",758,48:23,15:35,F 01-12/91,F-10,628,50:21,35.29%
1265,Jeff Koz,"Pacific Palisades, CA",757,48:24,15:35,M 50-54/68,M-50,637,50:22,30.49%
1266,Robert Calfas,"Malibu, CA",184,48:25,15:35,M 60-64/15,M-61,638,50:20,33.44%
1267,Aphrodite Radford,"Tujunga, CA",1105,48:28,15:36,F 60-64/27,F-63,629,49:21,41.66%
1268,Caroline Brown,"Pacific Palisades, CA",1865,48:30,15:37,F NoAge/0,F-0,630,51:19, 0.00%
1269,Jennifer Brown,"Pacific Palisades, CA",1867,48:30,15:37,F NoAge/0,F-0,631,51:19, 0.00%
1270,Michael Solum,"Pacific Palisades, CA",1794,48:33,15:38,M 35-39/49,M-39,639,51:56,27.92%
1271,Reeva Mandelbaum,"Pacific Palisades, CA",861,48:38,15:40,F 50-54/51,F-51,632,51:28,35.24%
1272,Blakeley Craft,"Los Angeles, CA",261,48:42,15:41,F 19-29/56,F-25,633,52:45,30.40%
1273,Angela Bao,"Pacific Palisades, CA",2117,48:42,15:41,F 19-29/57,F-27,634,52:45,30.40%
1274,Brett Stumm,"Pasadena, CA",1341,48:45,15:42,M 55-59/50,M-58,640,49:06,32.35%
1275,Fiona Delaney,"Malibu, CA",3251,48:47,15:42,F 01-12/92,F-9,635,49:19,35.99%
1276,Tom Helscher,"Pacific Palisades, CA",1936,48:58,15:46,M 50-54/69,M-54,641,51:41,31.12%
1277,Karen Beard,"Pacific Palisades, CA",1854,48:59,15:46,F 45-49/73,F-47,636,51:41,33.32%
1278,Ira Smalberg,"Los Angeles, CA",2880,49:06,15:49,M 40-44/54,M-43,642,51:49,28.46%
1279,Marybeth Ursin-Smith,"Pacific Palisades, CA",1412,49:09,15:49,F 45-49/74,F-48,637,49:09,33.62%
1280,Karen Enzer,"Pacific Palisades, CA",352,49:09,15:50,F 45-49/75,F-49,638,49:09,34.02%
1281,Tom McCluskey,"Pacific Palisades, CA",896,49:14,15:51,M 45-49/96,M-47,643,53:11,29.26%
1282,Jodi Senk,"Pacific Palisades, CA",1246,49:15,15:51,F 40-44/101,F-40,639,53:11,31.14%
1283,Joanne Leishman,"Los Angeles, CA",796,49:21,15:53,F 60-64/28,F-60,640,52:00,39.19%
1284,David Leishman,"Los Angeles, CA",795,49:22,15:54,M 60-64/16,M-60,644,52:00,32.49%
1285,James Tillipman,"Santa Monica, CA",2718,49:22,15:54,M 60-64/17,M-63,645,51:10,33.37%
1286,Barry Rubens,"Santa Monica, CA",1183,49:40,16:00,M 75-79/5,M-76,646,53:09,38.83%
1287,Katherine Kaufman Kaufman,"Pacific Palisades, CA",3304,49:41,16:00,M 60-64/18,M-63,647,52:11,33.15%
1288,Hilary Satz,"Pacific Palisades, CA",1210,49:44,16:01,F 45-49/76,F-48,641,50:59,33.22%
1289,Nancy Leslie,"Santa Monica, CA",3303,49:45,16:01,F 55-59/29,F-55,642,52:13,36.29%
1290,Terry Ross,"Pacific Palisades, CA",3296,49:50,16:03,F 35-39/72,F-38,643,52:39,30.41%
1291,Wayne Glass,"Pacific Palisades, CA",460,49:50,16:03,M 60-64/19,M-64,648,51:11,33.36%
1292,Jenna Ross,"Pacific Palisades, CA",3298,49:50,16:03,F 01-12/93,F-9,644,52:39,35.23%
1293,Beverly Louks,"Pacific Palisades, CA",2520,49:53,16:04,F 45-49/77,F-49,645,52:17,33.52%
1294,Allison Jenkins,"Calabasas, CA",649,49:55,16:04,F 40-44/102,F-43,646,52:16,31.43%
1295,Emily Feuerman,"Newton, MA",380,49:55,16:04,F 19-29/58,F-22,647,50:19,29.66%
1296,Laura Feuerman,"Newton, MA",381,49:58,16:05,F 50-54/52,F-50,648,50:21,33.87%
1297,Lisa Fish,"Los Angeles, CA",395,49:58,16:05,F 50-54/53,F-50,649,50:21,33.87%
1298,Lucas Laborde,"Los Angeles, CA",768,49:58,16:05,M 19-29/47,M-29,649,50:18,25.86%
1299,Deanna Miller,"Los Angeles, CA",935,49:59,16:06,F 19-29/59,F-29,650,50:18,29.62%
1300,Christopher Wilson,"Pacific Palisades, CA",1831,50:03,16:07,M 40-44/55,M-42,650,52:16,27.68%
1401,Danielle Sapia,"Sherman Oaks, CA",1206,59:05,19:01,F 30-34/34,F-31,716,1:02:50,25.08%
1402,Claire Barry,"Fort Worth, TX",66,59:09,19:03,F 55-59/37,F-55,717,1:00:52,30.52%
1403,Lynda Eiermann,"Colorado Springs, CO",338,59:20,19:06,F 60-64/36,F-62,718,1:01:10,33.55%
1404,Skip Schoolnik,"Pacific Palisades, CA",1229,59:25,19:08,M 60-64/22,M-64,686,1:01:58,27.97%
1405,Jeff Outcalt,"Pacific Palisades, CA",1038,59:30,19:10,M 50-54/73,M-50,687,1:00:23,24.80%
1406,Gail Outcalt,"Pacific Palisades, CA",1037,59:31,19:10,F 55-59/38,F-56,719,1:00:23,30.73%
1407,Jon King,"Pacific Palisades, CA",2720,59:41,19:13,M 01-12/130,M-7,688,59:41,29.83%
1408,Yvette Harris,"Santa Monica, CA",3121,59:50,19:16,F 50-54/58,F-51,720,59:50,28.64%
1409,Yvette Harris,"Santa Monica, CA",3126,1:00:02,19:20,F 50-54/59,F-51,721,1:00:02,28.55%
1410,Jason Haas,"Pacific Palisades, CA",2397,1:00:22,19:26,M 40-44/59,M-43,689,1:00:22,23.14%
1411,David Clement,"Pacific Palisades, CA",2111,1:00:34,19:30,M 65-69/30,M-69,690,1:03:11,28.79%
1412,Valerie Kirkgaard,"Topanga, CA",1954,1:00:45,19:34,F 65-69/19,F-69,722,1:01:03,36.50%
1413,Ellie Lederman,"Pacific Palisades, CA",785,1:00:56,19:37,F 55-59/39,F-59,723,1:02:58,31.27%
1414,Kay Faguet,"Pacific Palisades, CA",368,1:00:56,19:37,F 60-64/37,F-60,724,1:02:58,31.74%
1415,Anne Sacks,"Pacific Palisades, CA",1763,1:00:58,19:38,F 50-54/60,F-52,725,1:03:01,28.47%
1416,Michelle Kleinertbader,"Sherman Oaks, CA",3279,1:01:02,19:39,F 40-44/110,F-44,726,1:03:50,25.92%
1417,Kimberly Traenkle,"Pacific Plsds, CA",2505,1:01:02,19:39,F 45-49/83,F-46,727,1:01:02,26.44%
1418,Jeffrey Bader,"Sherman Oaks, CA",3280,1:01:10,19:41,M 45-49/99,M-47,691,1:04:11,23.55%
1419,Meryl Trachtman,"Olney, MD",1400,1:01:12,19:42,F 50-54/61,F-54,728,1:03:14,29.09%
1420,William Watson,"Raleigh, NC",2853,1:01:13,19:42,M 01-12/131,M-5,692,1:01:13,32.30%
1421,Ryan Kalan,"Manhattan Beach, CA",681,1:01:36,19:50,M 01-12/132,M-6,693,1:01:36,30.37%
1422,Frank Watson 4,"Raleigh, NC",2852,1:01:47,19:54,M 01-12/133,M-10,694,1:01:47,25.55%
1423,Van Taylor,"Pacific Palisades, CA",2768,1:02:01,19:58,M 01-12/134,M-6,695,1:02:01,30.16%
1424,Lisa Pomeroy,"Pacific Palisades, CA",1082,1:02:06,20:00,F 50-54/62,F-54,729,1:05:35,28.67%
1425,Kathryn C Soll,"Los Angeles, CA",2831,1:02:29,20:07,F 60-64/38,F-63,730,1:04:24,32.31%
1426,Donna Wintergreen,"Pacific Palisades, CA",2054,1:02:29,20:07,F 55-59/40,F-57,731,1:04:24,29.67%
1427,Kristen Klein,"Pacific Palisades, CA",738,1:02:58,20:16,F 40-44/111,F-44,732,1:03:11,25.13%
1428,Priscilla Cohen,"Santa Monica, CA",1895,1:04:09,20:39,F 55-59/41,F-56,733,1:05:48,28.51%
1429,Genna Grossblatt,"Calabasas, CA",3227,1:04:53,20:53,F 01-12/99,F-6,734,1:04:53,30.11%
1430,Jean Shargo,"Pacific Palisades, CA",2060,1:16:18,24:34,F 80-99/1,f-90,735,1:18:17,53.00%
