Place,Name,Location,Bib,Net Time,Pace,Division/Place,Sex-Age,Sex-Place,Gun Time,Age Grade
1,Danny Lyon,"Hesperia, CA",767,15:17,4:55,M 19-29/0,M-24,1,15:17,84.50%
2,Michael Najera,", CA",1277,15:34,5:01,M 19-29/0,M-19,2,15:34,84.78%
3,Johann Appell,"Huntington Beach, CA",606,15:40,5:03,M 30-39/0,M-32,3,15:40,83.07%
4,Alejandro Tinajero,", CA",1250,15:45,5:05,M 30-39/1,M-32,4,15:46,82.63%
5,Juan Ramirez,"Santa Ana, CA",837,15:46,5:05,M 40-49/1,M-40,6,15:46,86.67%
6,Richard Weis,"Hermosa Beach, CA",902,15:46,5:05,M 30-39/2,M-31,5,15:47,82.33%
7,Josh Yelsey,"Corona Del Mar, CA",911,15:46,5:05,M 19-29/1,M-26,7,15:47,81.90%
8,Dominic Cabada,"Boulder, CO",1253,16:02,5:10,M 15-18/1,M-17,8,16:03,84.29%
9,Mike Buckhoff,"Hesperia, CA",1239,16:06,5:11,M 40-49/2,M-43,9,16:08,86.84%
10,Gilbert Salazar,"Long Beach, CA",1262,16:19,5:16,M 30-39/3,M-36,10,16:20,81.39%
11,Parker Christian,"Cypress, CA",651,16:28,5:18,M 15-18/2,M-16,11,16:29,83.28%
12,Mark Vishnevsky,"Albuquerque, NM",1272,16:37,5:21,M 19-29/2,M-28,12,16:38,77.71%
13,Michael Munoz,"Whittier, CA",792,16:43,5:23,M 01-14/1,M-14,13,16:46,84.93%
14,Kyle O'Reilly,"Cypress, CA",810,16:48,5:25,M 15-18/3,M-17,14,16:50,80.44%
15,Juan Morales,"Huntington Beach, CA",788,16:51,5:26,M 19-29/3,M-29,15,16:52,76.73%
16,Joshua Bollinger,"Anaheim, CA",1216,16:52,5:26,M 15-18/4,M-18,16,16:53,79.13%
17,Sebastien Welch,"Newport Beach, CA",903,16:52,5:26,M 15-18/5,M-17,17,16:54,80.12%
18,Austin Barvin,"Newport Beach, CA",615,17:05,5:30,M 15-18/6,M-16,18,17:08,80.27%
19,Gefry Sarco,"Pico Rivera, CA",857,17:19,5:35,M 01-14/2,M-12,19,17:21,85.93%
20,Derrick Satterfield,"Newport Beach, CA",858,17:26,5:37,M 15-18/7,M-16,20,17:29,78.66%
21,Blake Myers,"Newport Beach, CA",1001,17:31,5:39,M 15-18/8,M-15,21,17:32,79.52%
22,Zac Asdourain,"Newport Beach, CA",608,17:42,5:42,M 15-18/9,M-16,22,17:44,77.47%
23,Chris Burke,"Newport Beach, CA",631,17:42,5:42,M 15-18/10,M-17,23,17:43,76.34%
24,Neal Rummler,"Cypress, CA",1229,17:46,5:44,M 15-18/11,M-18,24,17:48,75.12%
25,James Lamar,"Whittier, CA",756,18:03,5:49,M 15-18/12,M-16,25,18:05,75.97%
26,Jim Bowles,"Yorba Linda, CA",961,18:19,5:54,M 40-49/3,M-42,26,18:21,75.68%
27,Bryan Pluma,", CA",963,18:21,5:55,M 01-14/3,M-11,27,18:25,83.45%
28,Alex Turney,"Newport Beach, CA",883,18:21,5:55,M 15-18/13,M-16,28,18:23,74.66%
29,Zachery Graber,"Garden Grove, CA",712,18:23,5:55,M 01-14/4,M-14,29,18:25,77.22%
30,Carlos Castillo,"Pico Rivera, CA",639,18:25,5:56,M 01-14/5,M-13,30,18:26,78.80%
31,Alex Randolph,"Cypress, CA",838,18:27,5:57,M 15-18/14,M-17,31,18:31,73.24%
32,Mark Petkovic,"Cypress, CA",826,18:42,6:01,M 19-29/4,M-23,32,18:43,69.05%
33,Donald Lamy,"Garden Grove, CA",757,18:46,6:03,M 15-18/15,M-15,33,18:49,74.16%
34,Kjell Wolker,"Newport Beach, CA",908,18:50,6:04,M 15-18/16,M-16,34,18:52,72.81%
35,Nicholas Lopez,"Hemet, CA",764,18:51,6:04,M 15-18/17,M-16,35,18:53,72.74%
36,Holly Hobson,"Irvine, CA",731,19:02,6:08,F 19-29/0,F-26,1,19:02,77.89%
37,Megan Petkovic,"Cypress, CA",827,19:04,6:09,F 19-29/0,F-19,2,19:04,78.02%
38,Jesus Sanchez,"Pico Rivera, CA",853,19:05,6:09,M 01-14/6,M-13,36,19:06,76.05%
39,Robert Miyoshi,"Buena Park, CA",787,19:16,6:12,M 01-14/7,M-14,37,19:20,73.68%
40,Carlos Barrios,"La Mirada, CA",1205,19:18,6:13,M 01-14/8,M-12,38,19:23,77.10%
41,Shelley Foerster,"Garden Grove, CA",959,19:19,6:14,F 19-29/1,F-19,4,19:21,76.88%
42,Andrew Pluma,"Norwalk, CA",962,19:20,6:14,M 30-39/4,M-31,39,19:25,67.13%
43,Melanie Powers,"Newport Beach, CA",835,19:20,6:14,F 15-18/1,F-16,5,19:24,79.21%
44,Marisa Cummings,"Newport Beach, CA",669,19:21,6:14,F 15-18/2,F-17,6,19:24,78.19%
45,Veronika Wylie,"Fullerton, CA",286,19:21,6:14,F 40-49/0,F-46,3,19:21,83.00%
46,Kelly Caulfield,"Garden Grove, CA",1009,19:22,6:14,F 15-18/3,F-16,7,19:24,79.07%
47,Ashlee Powers,"Newport Beach, CA",834,19:23,6:15,F 15-18/4,F-15,8,19:25,80.03%
48,Ceci St Geme,"Newport Beach, CA",874,19:26,6:16,F 40-49/1,F-46,9,19:29,82.58%
49,Kristin Rivera,"Newport Beach, CA",844,19:38,6:20,F 15-18/5,F-15,10,19:41,79.01%
50,Matthew Quirarte,"Pico Rivera, CA",1238,19:46,6:22,M 01-14/9,M-13,40,19:48,73.42%
51,Alfonso Ramirez,"Pico Rivera, CA",1252,19:47,6:22,M 01-14/10,M-13,41,19:48,73.36%
52,Daniel Aguilar,", CA",951,19:56,6:25,M 15-18/18,M-15,42,19:58,69.87%
53,Francisco Franco,", CA",695,19:57,6:26,M 01-14/11,M-14,43,19:58,71.15%
54,Drew Blumenthal,"Newport Beach, CA",619,19:57,6:26,M 15-18/19,M-16,44,20:00,68.73%
55,Jason Bosinski,"Huntington Beach, CA",952,19:57,6:26,M 30-39/5,M-30,45,20:04,64.88%
56,John Hunter,"Cypress, CA",736,20:02,6:27,M 50-59/1,M-52,46,20:07,74.85%
57,William Pluma,", CA",964,20:04,6:28,M 01-14/12,M-8,47,20:08,84.87%
58,Brandon Galvan,"Whittier, CA",1251,20:05,6:28,M 15-18/20,M-15,48,20:10,69.29%
59,William K Sumner,"Newport Beach, CA",877,20:10,6:30,M 60-69/1,M-61,49,20:12,80.31%
60,Mark Kristula,"Los Angeles, CA",753,20:11,6:30,M 40-49/4,M-46,50,20:14,70.83%
61,Lance Collins,"Long Beach, CA",1225,20:20,6:33,M 30-39/6,M-34,51,20:24,64.56%
62,Daniel Dakota,", ",1101,20:20,6:33,M 15-18/21,M-16,52,20:25,67.43%
63,Brad Calvin,"Santa Ana, CA",636,20:26,6:35,M 40-49/5,M-42,53,20:29,67.84%
64,William Bogdanoff,"Whittier, CA",954,20:30,6:36,M 15-18/22,M-15,54,20:35,67.94%
65,Robert Kasper,"Cypress, CA",747,20:38,6:39,M 15-18/23,M-15,55,20:54,67.50%
66,Gordon Currie,"Fountain Valley, CA",1246,20:39,6:39,M 50-59/2,M-59,56,20:43,77.06%
67,Frank Long,"Fountain Valley, CA",763,20:41,6:40,M 40-49/6,M-46,57,20:48,69.11%
68,Bob Murray,"Yorba Linda, CA",794,20:52,6:43,M 50-59/3,M-54,58,20:55,73.06%
69,David Ewoldt,"Long Beach, CA",686,20:56,6:45,M 50-59/4,m-54,59,21:00,72.83%
70,Paulina Viramontes,"Pico Rivera, CA",894,20:57,6:45,F 01-14/1,F-11,11,20:59,79.46%
71,Rick Berrios,"Huntington Beach, CA",913,21:00,6:46,M 50-59/5,M-52,60,21:02,71.41%
72,Wendy Contreras,"Pico Rivera, CA",662,21:11,6:50,F 01-14/2,F-12,12,21:13,76.93%
73,Jeff Goodman,"Upland, CA",711,21:12,6:50,M 40-49/7,M-47,61,21:15,67.98%
74,Robert Filacchione,"Buena Park, CA",691,21:15,6:51,M 40-49/8,M-43,62,21:23,65.78%
75,David Martinez,"Riverside, CA",1268,21:22,6:53,M 30-39/7,M-34,63,21:28,61.44%
76,Erik Knuppel,"Newport Coast, CA",1258,21:25,6:54,M 19-29/5,M-26,64,21:35,60.28%
77,Jonathan Berrysmith,"Cypress, CA",1237,21:25,6:54,M 15-18/24,M-16,65,22:10,64.02%
78,Nicole Hammonds,"La Mirada, CA",725,21:27,6:55,F 15-18/6,F-15,13,21:38,72.32%
79,Lucy Zuniga,"La Habra, CA",1261,21:28,6:55,F 40-49/2,F-49,14,21:31,77.23%
80,Clinton Jamison,"Flagstaff, AZ",741,21:32,6:56,M 19-29/6,M-23,66,21:39,59.95%
81,Martin Nguyen,"Anaheim, CA",1054,21:35,6:57,M 19-29/7,M-21,67,21:42,60.05%
82,Duane Hindman,"Yorba Linda, CA",1241,21:40,6:59,M 50-59/6,M-51,68,21:49,68.67%
83,Peter Morris,"Newport Beach, CA",790,21:41,6:59,M 15-18/25,M-15,69,21:44,64.23%
84,Wayne Church,"Huntington Beach, CA",1055,21:42,6:59,M 50-59/7,M-59,70,21:49,73.33%
85,Erika Newell,"Bayfield, CO",807,21:43,7:00,F 15-18/7,F-16,15,21:45,70.51%
86,Larry Herschler,"Anaheim, CA",729,21:48,7:01,M 50-59/8,M-53,71,21:52,69.40%
87,Howard Bland,"Cypress, CA",1234,21:58,7:05,M 30-39/8,M-39,72,22:04,61.73%
88,Claire Rainey,"Rossmoor, CA",1224,22:00,7:05,F 01-14/3,F-12,16,22:10,74.07%
89,Eric Schramm,"Huntington Beach, CA",863,22:00,7:05,M 19-29/8,M-23,73,22:56,58.68%
90,Jeff Wright,"Anaheim, CA",926,22:01,7:05,M 40-49/9,M-46,74,22:01,64.92%
91,Ron Shranko,"Lakewood, CA",865,22:02,7:06,M 40-49/10,M-49,75,22:08,66.46%
92,Beau Golden,"Fullerton, CA",704,22:09,7:08,M 19-29/9,M-21,76,22:18,58.51%
93,Geoffrey Chen,"Alhambra, CA",650,22:13,7:09,M 19-29/10,M-29,77,22:20,58.18%
94,Ozzie Zea,"Long Beach, CA",1000,22:23,7:12,M 40-49/11,M-46,78,22:25,63.86%
95,Richard Castaneda,"Norwalk, CA",638,22:25,7:13,M 19-29/11,M-25,79,22:29,57.59%
96,Brandon Kelly,"Anaheim, CA",1218,22:25,7:13,M 30-39/9,M-32,80,22:36,58.04%
97,Emily De Boer,"La Mirada, CA",674,22:27,7:14,F 01-14/4,F-13,17,22:37,71.17%
98,Josh Desisto,"Long Beach, CA",1266,22:30,7:15,M 19-29/12,M-26,81,23:27,57.38%
99,Diana Barrera,"Pico Rivera, CA",613,22:34,7:16,F 01-14/5,F-12,18,22:36,72.21%
100,Ana Galicia,"Pico Rivera, CA",701,22:35,7:16,F 01-14/6,F-12,19,22:37,72.16%
101,Julie Vargas,"Huntington Beach, CA",968,22:38,7:18,F 30-39/1,F-38,20,22:43,66.91%
102,Tom Minnich,"La Habra, CA",784,22:48,7:21,M 50-59/9,M-53,82,22:54,66.35%
103,Robert Jr Filacchione,"Buena Park, CA",692,22:52,7:22,M 01-14/13,M-14,83,23:00,62.07%
104,Mike Matuz,"Long Beach, CA",1264,22:59,7:24,M 19-29/13,M-26,84,23:55,56.17%
105,Jacqueline Lacy,"San Pedro, CA",919,22:59,7:24,F 19-29/2,F-24,21,23:05,64.44%
106,Jimmy Watson,"Buena Park, CA",899,23:02,7:25,M 15-18/26,M-16,85,23:17,59.52%
107,Claudia Ortega,"Los Angeles, CA",1267,23:10,7:28,F 30-39/2,F-37,22,23:11,65.01%
108,Mo Bowen,"La Verne, CA",916,23:16,7:30,F 40-49/3,F-44,23,23:20,67.67%
109,Mario Gomez,"Cypress, CA",707,23:25,7:32,M 15-18/27,M-16,86,23:25,58.55%
110,Ivan Catano,"West Covina, CA",643,23:25,7:33,M 30-39/10,M-39,87,23:29,57.91%
111,Gavin Fenske,"Fullerton, CA",689,23:29,7:34,M 40-49/12,M-40,88,23:44,58.17%
112,George Delalis,"Chandler, AZ",60,23:30,7:34,M 40-49/13,M-48,89,23:35,61.82%
113,Jon Copperthite,"Cypress, CA",666,23:35,7:36,M 30-39/11,M-37,90,24:01,56.65%
114,Melissa Gutierrez,"Pico Rivera, CA",721,23:35,7:36,F 01-14/7,F-12,24,23:38,69.09%
115,Jessica Castillo,"Pico Rivera, CA",640,23:37,7:36,F 01-14/8,F-11,25,23:38,70.48%
116,Sean O'Reilly,"Cypress, CA",811,23:39,7:37,M 19-29/14,M-24,91,23:59,54.58%
117,James Kish,"Santa Ana, CA",751,23:40,7:37,M 30-39/12,M-39,92,23:44,57.29%
118,Kathi Guiney,"Rancho Santa Margarita, CA",85,23:44,7:39,F 50-59/1,F-56,26,23:48,76.32%
119,Glenn Gaba,", ",1219,23:46,7:39,M 40-49/14,M-44,93,24:31,59.23%
120,Tom Peebles,"Orange, CA",914,23:46,7:39,M 30-39/13,M-34,94,23:57,55.23%
121,Kevin Rummler,"Cypress, CA",1228,23:53,7:42,M 40-49/15,M-46,95,23:59,59.85%
122,April Panteau,"Long Beach, CA",965,23:57,7:43,F 19-29/3,F-24,27,24:01,61.84%
123,Larry Gutierrez,"Westminster, CA",1260,24:00,7:44,M 50-59/10,M-50,96,24:07,61.50%
124,Eric Green,"Long Beach, CA",714,24:01,7:44,M 15-18/28,M-17,97,24:17,56.25%
125,Christopher Castro,"Cypress, CA",641,24:03,7:45,M 19-29/15,M-29,98,26:33,53.74%
126,David Trumbo,"Placentia, CA",973,24:22,7:51,M 40-49/16,M-44,99,24:29,57.77%
127,Mickey Hunter,"Cypress, CA",737,24:30,7:54,M 40-49/17,M-46,100,25:01,58.34%
128,Jeffrey Magallones,"Los Alamitos, CA",768,24:32,7:54,M 30-39/14,M-39,101,24:35,55.27%
129,Kimberly Alavarez,"Pico Rivera, CA",604,24:32,7:54,F 01-14/9,F-13,28,24:34,65.13%
130,Bob Mosey,"Yorba Linda, CA",791,24:32,7:54,M 50-59/11,M-56,102,24:43,63.22%
131,Heidy Rodriguez,"Pico Rivera, CA",846,24:37,7:56,F 01-14/10,F-12,29,24:39,66.19%
132,Grant Rummler,"Cypress, CA",1282,24:37,7:56,M 01-14/14,M-10,103,24:42,64.16%
133,Joshua Thatcher,", CA",955,24:43,7:58,M 01-14/15,M-14,104,24:52,57.42%
134,Randy Lyde,"Norwalk, CA",766,24:50,8:00,M 30-39/15,M-37,105,24:59,53.79%
135,Jose Gonzalez,"Los Angeles, CA",708,24:54,8:01,M 50-59/12,M-53,106,25:11,60.75%
136,Mike Casalou,"La Mirada, CA",1227,24:56,8:02,M 40-49/18,M-42,107,25:12,55.59%
137,Helen Pappas,"Bellflower, CA",820,25:03,8:04,F 30-39/3,F-31,30,25:13,59.19%
138,Justin Doty,"Buena Park, CA",678,25:06,8:05,M 15-18/29,M-16,108,25:37,54.62%
139,Brooke Warken,"Anaheim, CA",896,25:09,8:06,F 01-14/11,F-12,31,25:17,64.79%
140,John Bahorski,"Long Beach, CA",610,25:11,8:07,M 50-59/13,M-50,109,25:22,58.61%
141,Kristin Soiseth,"Whittier, CA",870,25:13,8:07,F 19-29/4,F-28,32,25:24,58.73%
142,Zachary Sultzet,"Cypress, CA",927,25:17,8:09,M 15-18/30,M-15,110,25:17,55.08%
143,Ryan Murray,"Santa Ana, CA",795,25:22,8:10,M 15-18/31,M-16,111,25:55,54.04%
144,Tony Romo,"Stanton, CA",1007,25:23,8:10,M 30-39/16,M-39,112,26:04,53.42%
145,Devin Fleming,"Cypress, CA",1280,25:37,8:15,F 01-14/12,F-11,33,25:40,64.97%
146,Chris Johns,"Garden Grove, CA",1243,25:38,8:15,M 15-18/32,M-15,113,25:39,54.33%
147,Dennis McGranahan,"Garden Grove, CA",1257,25:44,8:17,M 60-69/2,M-60,114,26:07,62.35%
148,Bruce Edwards,"Santa Monica, CA",681,25:48,8:19,M 30-39/17,M-33,115,25:56,50.61%
149,Reggie Santos,"Cerritos, CA",856,25:49,8:19,M 40-49/19,M-48,116,26:02,56.27%
150,Steven Coler,"Cypress, CA",658,25:49,8:19,M 60-69/3,M-61,117,26:00,62.73%
151,Ernie Salgado,"Ladera Ranch, CA",917,25:52,8:20,M 50-59/14,M-56,118,25:59,59.96%
152,Johnny Duong,"Buena Park, CA",680,25:58,8:22,M 19-29/16,M-23,119,26:28,49.71%
153,Raymond Keifer,"Cypress, CA",748,26:01,8:23,M 50-59/15,M-53,120,26:09,58.14%
154,Alexander Miyoshi,"Buena Park, CA",785,26:05,8:24,M 01-14/16,M-14,121,26:18,54.41%
155,Jennifer Bruner,"Cypress, CA",626,26:07,8:25,F 15-18/8,F-16,34,26:17,58.58%
156,Jeannie Lastufka,"Whittier, CA",759,26:09,8:25,F 40-49/4,F-49,35,26:35,63.39%
157,Jean Chung,"Long Beach, CA",653,26:17,8:28,F NoAge/1,F-0,36,26:20, 0.00%
158,Greg Rummler,"Placentia, CA",972,26:20,8:29,M 40-49/20,M-48,122,26:26,55.16%
159,John Harper,"Seal Beach, CA",960,26:26,8:31,M 70-99/1,M-76,123,26:31,73.00%
160,Brandon Macias,"Buena Park, CA",958,26:29,8:32,M 19-29/18,M-27,124,26:43,48.74%
161,Lucas Farnell,"Anaheim, CA",688,26:29,8:32,M 19-29/17,M-29,125,27:00,48.80%
162,Myles Masui,"Cypress, CA",774,26:32,8:33,M 50-59/16,M-54,126,27:00,57.45%
163,Richard Sumner,"Phoenix, AZ",1217,26:32,8:33,M 50-59/17,M-54,127,26:41,57.45%
164,Valerie Amans,"Lakewood, CA",607,26:34,8:33,F 40-49/5,F-40,37,27:22,57.63%
165,Brittany Bailey,"Buena Park, CA",611,26:39,8:35,F 15-18/9,F-15,38,26:55,58.20%
166,Ayn Learn,"Placentia, CA",1240,26:43,8:36,F 19-29/5,F-21,39,26:56,55.43%
167,Collin Braun,"Cypress, CA",621,26:43,8:36,M 15-18/33,M-15,128,26:43,52.12%
168,Todd Moran,"Corona, CA",970,26:44,8:37,M 19-29/19,M-26,129,27:42,48.28%
169,Eric Edmunds,"Fountain Valley, CA",921,26:47,8:38,M 19-29/20,M-29,130,27:32,48.23%
170,Ben Draper,"La Palma, CA",679,26:50,8:38,M 30-39/18,M-34,131,27:11,48.91%
171,Kellie Hales,"Cypress, CA",724,26:58,8:41,F 19-29/6,F-25,40,27:04,54.92%
172,Anthony Tran,"La Mirada, CA",918,26:59,8:41,M 19-29/21,M-25,132,27:09,47.84%
173,Kristina Diaz,"Cypress, CA",1201,27:02,8:43,F 01-14/13,F-14,41,27:15,58.17%
174,Karen Davis,"Glendora, CA",1281,27:03,8:43,F 40-49/6,F-47,42,27:10,59.93%
175,Rebecca Escalante,"Monterey Park, CA",1263,27:04,8:43,F 30-39/4,F-33,43,27:11,54.96%
176,Robert Entringer,"Cypress, CA",1208,27:06,8:44,M 40-49/21,M-49,133,27:13,54.03%
177,Danielle Accovelli,"Cypress, CA",1206,27:10,8:45,F 15-18/10,F-16,44,27:22,56.35%
178,Stacy Bailey,"Buena Park, CA",612,27:11,8:45,F 30-39/5,F-39,45,27:28,55.95%
179,Mike Paek,"Los Alamitos, CA",818,27:15,8:47,M 40-49/22,M-45,134,27:24,52.08%
180,Troy Gross,"Huntington Beach, CA",719,27:18,8:48,M 01-14/17,M-14,135,27:36,51.99%
181,Ed Buch,"Cypress, CA",627,27:25,8:50,M 60-69/4,M-61,136,27:37,59.06%
182,Jane Fu,"La Palma, CA",697,27:25,8:50,F 30-39/6,F-33,46,27:33,54.26%
183,Christian Co,"Lakewood, CA",656,27:28,8:51,M 01-14/18,M-14,137,28:24,51.67%
184,Britney Rosas,"Cypress, CA",953,27:29,8:51,F 19-29/7,F-21,47,27:39,53.88%
185,Scott Okiishi,"Whittier, CA",815,27:30,8:52,M 40-49/23,M-48,138,27:49,52.82%
186,Carolyn Hudson,"Lakewood, CA",735,27:33,8:52,F 30-39/7,F-35,48,28:36,54.30%
187,Daniel Fujimori,"Cypress, CA",698,27:33,8:52,M 50-59/18,M-51,139,28:23,54.00%
188,Greg Navarrete,"La Mirada, CA",803,27:36,8:53,M 50-59/19,M-51,140,28:03,53.90%
189,Eric Fujimori,"Cypress, CA",699,27:37,8:54,M 15-18/34,M-17,141,28:23,48.91%
190,Christie Warken,"Anaheim, CA",897,27:46,8:57,F 30-39/8,F-34,49,27:54,53.69%
191,Laura Frangiamore,"Garden Grove, CA",1242,27:52,8:58,F 40-49/7,F-47,50,27:53,58.17%
192,Maya Kantak,"Cypress, CA",1214,27:52,8:58,F 15-18/11,F-17,51,28:03,54.28%
193,Sierrah Wilson,"Cypress, CA",1236,27:52,8:58,F 01-14/14,F-14,52,28:03,56.43%
194,Paul Kragenbrink,"Cypress, CA",1210,27:52,8:59,M 19-29/22,M-19,142,28:22,47.34%
195,John Parral,"Norwalk, CA",822,27:58,9:01,M 30-39/19,M-31,143,28:27,46.39%
196,Tony Colvin,"Cypress, CA",659,27:59,9:01,M 30-39/20,M-39,144,28:21,48.45%
197,Kevin Dillard,"Cypress, CA",677,28:02,9:02,M 30-39/21,M-39,145,28:29,48.36%
198,Reyna Villanueva,"Garden Grove, CA",893,28:08,9:04,F 30-39/9,F-38,53,28:25,53.82%
199,Gabriel Gomez,"Cypress, CA",706,28:12,9:05,M 15-18/35,M-15,146,28:26,49.38%
200,Janice Akins,"Cypress, CA",602,28:13,9:05,F 50-59/2,F-53,54,28:42,61.76%
