Place,Name,Location,Bib,Net Time,Pace,Division/Place,Sex-Age,Sex-Place,Gun Time,Age Grade
1,First Place,", ",10623,15:35,5:01,M NoAge/0,M-0,1,15:35, 0.00%
2,Johann Appell,"Huntington Beach, CA",886,15:39,5:03,M 30-39/1,M-33,2,15:40,83.48%
3,Mark Steyvers,"Irvine, CA",10573,15:58,5:09,M 40-49/1,M-40,3,15:58,85.58%
4,Dillon Scott,"Irvine, CA",1046,16:02,5:10,M 15-18/1,M-17,4,16:02,84.29%
5,Dan Arsenault,"Santa Ana, CA",887,16:02,5:10,M 40-49/2,M-45,5,15:59,88.83%
6,Parker Christian,"Cypress, CA",891,16:08,5:12,M 15-18/2,M-17,6,16:09,83.76%
7,Francis Gadayan,"Berkeley, CA",601,16:15,5:14,M 19-29/1,M-24,7,16:15,79.47%
8,Jorge Herrera,"Irvine, CA",10618,16:15,5:14,M 15-18/3,M-17,8,16:15,83.16%
9,Dragan Simic,"Irvine, CA",1069,16:24,5:17,M 15-18/4,M-17,9,16:25,82.40%
10,Brandon Taylor,"Bellflower, CA",10561,16:24,5:17,M 15-18/5,M-16,10,16:28,83.62%
11,Regan Garcia,"La Mirada, CA",10574,16:25,5:17,M 15-18/6,M-17,11,16:26,82.32%
12,Martin Santillan Jr,"Victorville, CA",932,16:31,5:19,M 15-18/7,M-17,12,16:33,81.82%
13,David Lendo,"La Habra, CA",10559,16:38,5:22,M 30-39/2,M-34,13,16:40,78.94%
14,Trevor Cox,"Lakewood, CA",1035,16:40,5:22,M 30-39/3,M-31,14,16:42,77.88%
15,Juan Morales,"Huntington Beach, CA",10572,16:44,5:24,M 30-39/4,M-30,15,16:46,77.37%
16,Patrick Spiller,"Lafayette, LA",825,16:50,5:25,M 15-18/8,M-18,16,16:52,79.29%
17,John Loftus,"Laguna Beach, CA",10576,16:57,5:28,M 50-59/1,M-52,17,16:57,88.48%
18,Julian Moran,"Covina, CA",10603,17:11,5:32,M 15-18/9,M-16,18,17:12,79.81%
19,Brandon Ferguson,"Irvine, CA",595,17:17,5:34,M 15-18/10,M-15,19,17:19,80.60%
20,Trinidad Robles,"Placentia, CA",778,17:20,5:35,M 40-49/3,M-47,20,17:21,83.16%
21,Richard Paris,"Trabuco Canyon, CA",10562,17:24,5:36,M 40-49/4,M-47,21,17:25,82.84%
22,Ryan O'Banion,"Lafayette, LA",752,17:29,5:38,M 15-18/11,M-15,22,17:32,79.68%
23,Raymond Mitchell,"Walnut, CA",10524,17:30,5:38,M 19-29/2,M-29,23,17:35,73.88%
24,Eric Walters,"Huntington Beach, CA",10614,17:30,5:38,M 19-29/3,M-28,24,17:30,73.78%
25,John Acuna,"Cypress, CA",10513,17:34,5:40,M 19-29/4,M-19,25,17:34,75.12%
26,Caleb Vanderbaan,"Lakewood, CA",10531,17:37,5:41,M 15-18/12,M-16,26,17:41,77.84%
27,Giovanni Casanova,"Irvine, CA",10515,17:38,5:41,M 15-18/13,M-16,27,17:40,77.77%
28,Corey Wong,"Delta, CO",10547,17:55,5:46,M 50-59/2,M-54,28,17:56,85.10%
29,Justin Arsement,"Duson, LA",521,18:04,5:49,M 15-18/14,M-17,29,18:06,74.79%
30,Mary Colburn,"Culver City, CA",1058,18:06,5:50,F 30-39/1,F-32,1,18:03,82.26%
31,Robert Miyoshi,"Buena Park, CA",727,18:08,5:51,M 15-18/15,M-15,30,18:12,76.82%
32,Daniel Toberty,"Irvine, CA",10586,18:15,5:53,M 15-18/16,M-16,31,18:16,75.14%
33,Holly Hobson-Gery,"Irvine, CA",902,18:22,5:55,F 19-29/1,F-27,2,18:23,80.65%
34,Brandon Thibodeaux,"Broussard, LA",836,18:23,5:55,M 15-18/17,M-18,32,18:26,72.60%
35,Veronika Moralieua,"Irvine, CA",1071,18:30,5:57,F 15-18/1,F-16,3,18:31,82.78%
36,Jimmy Duong,"Bellflower, CA",1044,18:33,5:59,M 15-18/18,M-16,33,18:41,73.92%
37,Christine Appell,"Huntington Beach, CA",885,18:37,6:00,F 30-39/2,F-32,4,18:39,79.75%
38,Sita Perry,"Rancho Santa Margarita, CA",10582,18:47,6:03,F 30-39/3,F-39,5,18:49,81.17%
39,Angelo Decollibus,"Huntington Beach, CA",10598,18:47,6:03,M 50-59/3,M-53,34,18:48,80.55%
40,Alfredo Gutierrez,"South Gate, CA",10701,18:50,6:04,M 40-49/5,M-47,35,18:51,76.53%
41,Ben Crellin,"Irvine, CA",10563,18:50,6:04,M 15-18/19,M-16,36,18:52,72.81%
42,Steven Correll,"Lakewood, CA",1067,18:52,6:05,M 15-18/20,M-17,37,18:55,71.62%
43,Timothy Huang,"Walnut, CA",1080,18:53,6:05,M 15-18/21,M-15,38,19:00,73.76%
44,Ali Hummelberg,"Corona Del Mar, CA",10554,18:54,6:05,F 15-18/2,F-18,6,18:54,79.26%
45,Raymond Torres,"Pico Rivera, CA",841,19:00,6:07,M 11-14/1,M-13,39,19:03,76.38%
46,Eduardo Herrera,"Irvine, CA",10617,19:07,6:09,M 15-18/22,M-17,40,19:09,70.68%
47,Mike Sanchez Jr,"Pico Rivera, CA",797,19:10,6:10,M 11-14/2,M-13,41,19:13,75.72%
48,Sara Taylor,"Victorville, CA",936,19:15,6:12,F 15-18/3,F-17,7,19:15,78.60%
49,Bailey Coleman,"Lafayette, LA",564,19:15,6:12,F 15-18/4,F-15,8,19:20,80.59%
50,Hobin Cheong,"Cypress, CA",1083,19:16,6:12,M 11-14/3,M-14,42,19:19,73.68%
51,Suzy Schumacher,"Phoenix, AZ",933,19:16,6:12,F 40-49/1,F-40,9,19:18,79.65%
52,Anna Barcelo,"Walnut, CA",10542,19:18,6:13,F 15-18/5,F-15,10,19:20,80.38%
53,David Rodriguez Jr,"Beaumont, CA",782,19:20,6:14,M 30-39/5,M-36,43,19:38,68.68%
54,Joshsa Hernandez,"Pico Rivera, CA",10543,19:24,6:15,M 11-14/4,M-13,44,19:29,74.81%
55,Lauren Tirges,"Cypress, CA",10532,19:27,6:16,F 19-29/2,F-22,11,19:29,76.16%
56,Jeremy Carter,"Irvine, CA",1037,19:28,6:16,M 15-18/23,M-15,45,19:32,71.55%
57,Ryan Taj,"Newport Beach, CA",309,19:30,6:17,M 30-39/6,M-34,46,19:31,67.32%
58,Wayen Church,"Huntington Beach, CA",10528,19:39,6:20,M 60-69/1,M-60,47,19:43,81.66%
59,Arturo Jasso,"Pico Rivera, CA",10529,19:40,6:20,M 11-14/5,M-14,48,19:44,72.18%
60,Kristen Rivera,"Corona Del Mar, CA",775,19:47,6:22,F 15-18/6,F-16,12,19:47,77.40%
61,Veronika Wylie,"Fullerton, CA",10511,19:48,6:23,F 40-49/2,F-47,13,19:50,82.48%
62,Mark Carpenter,"Los Alamitos, CA",10548,19:48,6:23,M 50-59/4,M-55,49,19:50,77.67%
63,Aaron Smith,"Cerritos, CA",10703,19:51,6:24,M 19-29/5,M-29,50,19:54,65.13%
64,Megan Zwerling,"Corona Del Mar, CA",883,19:53,6:24,F 15-18/7,F-16,14,19:55,77.01%
65,Richard Anderson,"Perris, CA",1040,19:55,6:25,M 50-59/5,M-51,51,19:56,74.71%
66,Beau Golden,"Fullerton, CA",608,19:56,6:25,M 19-29/6,M-22,52,20:10,64.77%
67,Devon Hoppe,"Newport Beach, CA",10595,19:56,6:25,F 15-18/8,F-17,15,19:58,75.90%
68,Cecilia St Geme,"Newport Beach, CA",827,19:57,6:26,F 40-49/3,F-47,16,19:58,81.86%
69,Aaron Ridder,"Cypress, CA",774,19:57,6:26,M 15-18/24,M-16,53,20:02,68.73%
70,Shelby Perez,"Newport Beach, CA",924,20:00,6:27,F 15-18/9,F-15,17,20:02,77.56%
71,Justin Larios,"Laguna Hills, CA",10590,20:01,6:27,M 15-18/25,M-15,54,20:10,69.58%
72,Dave Kelly,"Irvine, CA",671,20:02,6:27,M 50-59/6,M-51,55,20:05,74.27%
73,Bill Sumner,"Newport Beach, CA",303,20:04,6:28,M 60-69/2,M-61,56,20:04,80.71%
74,Francisco Olid,"Bell Gardens, CA",10594,20:11,6:30,M 30-39/7,M-33,57,20:11,64.71%
75,John Parral,"Norwalk, CA",763,20:18,6:32,M 30-39/8,M-32,58,20:30,64.09%
76,Clint Leblanc,"Lafayette, LA",681,20:20,6:33,M 15-18/26,M-18,59,20:23,65.63%
77,Melissa Bartoletti,"Stanton, CA",527,20:25,6:35,F 15-18/10,F-16,18,20:28,75.00%
78,Kevin Thibodeaux,"Lafayette, LA",837,20:26,6:35,M 15-18/27,M-18,60,20:28,65.31%
79,Connie Augustine,"Mendham, NJ",10555,20:33,6:37,F 40-49/4,F-41,19,20:36,75.16%
80,Collin Braun,"Cypress, CA",543,20:34,6:37,M 15-18/28,M-16,61,20:38,66.67%
81,Amanda Bastien,"Corona Del Mar, CA",528,20:34,6:38,F 15-18/11,F-17,20,20:36,73.56%
82,Brandon Willett,"Lakewood, CA",863,20:35,6:38,M 15-18/29,M-16,62,20:39,66.61%
83,Annie Chan,"Irvine, CA",1042,20:36,6:38,F 15-18/12,F-16,21,20:39,74.33%
84,Isaac Ruiz,"Pico Rivera, CA",788,20:36,6:38,M 11-14/6,M-14,63,20:41,68.91%
85,Alyssa Gutcher,"Irvine, CA",900,20:38,6:39,F 11-14/1,F-14,22,20:41,76.23%
86,Bob Murray,"Yorba Linda, CA",737,20:39,6:39,M 50-59/7,M-55,64,20:44,74.47%
87,Robert Kasper,"Cypress, CA",668,20:43,6:40,M 15-18/30,M-16,65,20:47,66.18%
88,Jeff Goodman,"Upland, CA",617,20:43,6:40,M 40-49/6,M-48,66,20:52,70.13%
89,Jolee Bonneval,"New Iberia, LA",540,20:49,6:42,F 15-18/13,F-17,23,20:49,72.68%
90,Therese Shumaker,"Rochester, MN",10533,20:53,6:43,F 40-49/5,F-41,24,20:59,73.96%
91,Jason Parral,"Norwalk, CA",762,21:13,6:50,M 30-39/9,M-32,67,21:24,61.32%
92,Anet Meyer,"Tustin, CA",1064,21:15,6:51,F 40-49/6,F-49,25,21:24,78.73%
93,Jeremy Berryman,"Long Beach, CA",534,21:17,6:51,M 40-49/7,M-40,68,21:27,64.18%
94,Daniel Vargas,"Pico Rivera, CA",846,21:20,6:52,M 11-14/7,M-12,69,21:23,69.74%
95,Dan Garten,"Buena Park, CA",604,21:22,6:53,M 40-49/8,M-46,70,21:31,66.90%
96,Gerardo Ramirez,"Cypress, CA",771,21:23,6:53,M 19-29/7,M-21,71,21:35,60.61%
97,Nica Sabouni,"Newport Coast, CA",792,21:30,6:55,F 15-18/14,F-16,26,21:32,71.22%
98,Sara Silverman,"Newport Beach, CA",813,21:30,6:56,F 15-18/15,F-16,27,21:32,71.22%
99,Jill St Geme,"Newport Beach, CA",828,21:30,6:56,F 15-18/16,F-17,28,21:32,70.36%
100,Kylie Walker,"Costa Mesa, CA",942,21:31,6:56,F 15-18/17,F-16,29,21:32,71.16%
101,Jay Harker,"Irvine, CA",624,21:32,6:56,M 40-49/9,M-44,72,21:36,65.38%
102,Joshua Thatcher,"Irvine, CA",10522,21:35,6:57,M 15-18/31,M-15,73,21:44,64.53%
103,Linda Wirta,"Newport Coast, CA",1099,21:40,6:59,F 40-49/7,F-41,30,21:42,71.29%
104,Samantha Knutsen,"Adelanto, CA",676,21:47,7:01,F 15-18/18,F-17,31,21:51,69.45%
105,Jesus Figueroa,"Moreno Valley, CA",597,21:50,7:02,M 50-59/8,M-58,74,21:50,72.27%
106,Will Scott,"Camp Pendleton, CA",1050,21:50,7:02,M 19-29/8,M-24,75,21:59,59.13%
107,Christina Schaub,"Lafayette, LA",806,22:04,7:07,F 11-14/2,F-14,32,22:04,71.28%
108,Shawn Dettmer,"Cypress, CA",634,22:06,7:07,M 11-14/8,M-14,76,22:09,64.23%
109,Robert Heins,"Cypress, CA",629,22:06,7:07,M 11-14/9,M-13,77,22:13,65.66%
110,Clinton Jamison,"Cypress, CA",655,22:13,7:09,M 19-29/9,M-24,78,22:22,58.11%
111,Rick Joly,"Sun Valley, CA",10578,22:16,7:10,M 60-69/3,M-61,79,22:21,72.73%
112,Ellis Newton,", CA",10608,22:19,7:11,M 11-14/10,M-14,80,22:28,63.60%
113,Lucy Zukiga,"La Habra, CA",10567,22:19,7:11,F 50-59/1,F-50,33,22:26,75.86%
114,Ron Maurstad,"Cypress, CA",10541,22:20,7:12,M 60-69/4,M-61,81,22:31,72.52%
115,Jacob Hernandez,"Pico Rivera, CA",10568,22:26,7:14,M 11-14/11,M-13,82,22:26,64.68%
116,Nina Law,"Long Beach, CA",679,22:31,7:15,F 40-49/8,F-48,34,22:34,73.41%
117,Sharon Karpen,"Scottsdale, AZ",1006,22:31,7:15,F 50-59/2,F-51,35,22:53,76.15%
118,Bill Hearn,"Long Beach, CA",628,22:40,7:18,M 50-59/9,M-59,83,22:51,70.20%
119,Robert Wagner,"Cypress, CA",853,22:44,7:19,M 19-29/10,M-28,84,22:56,56.79%
120,Brett Voeller,"Costa Mesa, CA",850,22:47,7:20,M 19-29/11,M-29,85,22:58,56.73%
121,Demetrius Harris,"Stanton, CA",625,22:47,7:20,M 40-49/10,M-41,86,23:23,60.40%
122,Nicholas Troutman,"Cypress, CA",10536,22:47,7:20,M 15-18/32,M-18,87,22:54,58.57%
123,Nicholas McDevitt,"Cypress, CA",715,22:48,7:21,M 01-10/1,M-9,88,23:34,71.76%
124,David Ericson,"Whittier, CA",10520,22:51,7:22,M 50-59/10,M-51,89,23:11,65.11%
125,Iradj Derakhshan,"Glendale, CA",578,22:52,7:22,M 50-59/11,M-54,90,22:55,66.67%
126,Ean Dettmer,"Cypress, CA",692,22:57,7:24,M 01-10/2,M-10,91,23:02,68.82%
127,Jeff Magallenes,"Los Alamitos, CA",698,23:15,7:29,M 40-49/11,M-40,92,23:20,58.75%
128,Howard Bland,"Cypress, CA",1030,23:17,7:30,M 40-49/12,M-40,93,23:53,58.67%
129,Emily Glenn,"Newport Beach, CA",896,23:18,7:30,F 11-14/3,F-14,36,23:20,67.50%
130,Sarah Light,"Newport Beach, CA",910,23:19,7:31,F 15-18/19,F-16,37,23:21,65.67%
131,Alyssa Ivins,"Cypress, CA",1096,23:22,7:31,F 15-18/20,F-16,38,23:50,65.52%
132,David Rojas,"West Covina, CA",783,23:27,7:33,M 30-39/10,M-34,94,23:40,55.97%
133,Bob Mosey,"Yorba Linda, CA",734,23:28,7:33,M 50-59/12,M-57,95,23:35,66.67%
134,Scott Ayres,"Irvine, CA",888,23:33,7:35,M 30-39/11,M-35,96,23:40,56.02%
135,Charles Jones,"Moorpark, CA",665,23:34,7:35,M 15-18/33,M-15,97,23:51,59.09%
136,Joseph Rodriguez,"Beaumont, CA",780,23:36,7:36,M 30-39/12,M-35,98,23:53,55.90%
137,Juan Rodriguez Daza,"Cypress, CA",781,23:37,7:37,M 30-39/13,M-37,99,23:40,56.57%
138,Veronika Moralieva,"Irvine, CA",1073,23:38,7:37,F 15-18/21,F-16,39,23:47,64.78%
139,Amanda Seeverson,"Cypress, CA",1097,23:41,7:38,F 15-18/22,F-17,40,24:10,63.87%
140,Enrico Nava Jr,"Los Angeles, CA",741,23:41,7:38,M 19-29/12,M-28,100,24:29,54.51%
141,Gerald Tabb,"Tustin, CA",1078,23:42,7:38,M 50-59/13,M-50,101,23:55,62.28%
142,Marcos Tabb,"Tustin, CA",1079,23:43,7:38,M 11-14/12,M-14,102,23:56,59.85%
143,Mario Gomez,"Cypress, CA",612,23:51,7:41,M 15-18/34,M-17,103,23:51,56.64%
144,Eric Haley,"Long Beach, CA",10611,23:54,7:42,M 30-39/14,M-37,104,24:21,55.90%
145,George Varvas,"Irvine, CA",1070,23:54,7:42,M 60-69/5,M-63,105,24:04,68.95%
146,Bruce Troutman,"Cypress, CA",10537,23:56,7:43,M 50-59/14,M-56,106,24:08,64.81%
147,Angel Sandoval,"Anaheim, CA",798,23:57,7:43,M 30-39/15,M-35,107,24:01,55.08%
148,Kevin Rummler,"Cypress, CA",790,23:58,7:43,M 40-49/13,M-47,108,24:33,60.13%
149,Molly Keasey,"Newport Beach, CA",669,23:59,7:43,F 11-14/4,F-14,41,24:01,65.58%
150,Wendy Chamberlain,"Las Vegas, NV",558,23:59,7:43,F 19-29/3,F-27,42,24:03,61.75%
151,Naomi Hobayan,"West Covina, CA",640,23:59,7:44,F 19-29/4,F-24,43,24:12,61.75%
152,Kyle Hordyk,"La Palma, CA",903,24:00,7:44,M 11-14/13,M-13,109,24:13,60.46%
153,Jennifer Brevard,"Riverside, CA",10577,24:01,7:44,F 30-39/4,F-37,44,24:07,62.85%
154,Felipe Campiran,"Upland, CA",10704,24:01,7:44,M 50-59/15,M-55,110,24:28,64.03%
155,Zachary Summers,"Bellflower, CA",833,24:02,7:44,M 15-18/35,M-17,111,24:11,56.21%
156,Kriss Johnson,"La Quinta, CA",662,24:06,7:46,F 40-49/9,F-46,45,24:19,66.99%
157,Megan Satterfield,"Granada Hills, CA",10553,24:15,7:49,F 11-14/5,F-11,46,24:25,68.64%
158,Bruce Edwards,"Aliso Viejo, CA",589,24:16,7:49,M 30-39/16,M-36,112,24:20,54.71%
159,Leanza Salas,"Lakewood, CA",794,24:16,7:49,F 15-18/23,F-16,47,24:29,63.09%
160,Larry Holmes,"Fullerton, CA",644,24:20,7:50,M 40-49/14,M-44,113,24:26,57.85%
161,Amber Cornelious,"Lynwood, CA",569,24:22,7:51,F 11-14/6,F-14,48,24:36,64.54%
162,Jon Copperthite,"Cypress, CA",568,24:23,7:51,M 30-39/17,M-38,114,24:23,55.20%
163,Alexander Miyoshi,"Buena Park, CA",724,24:26,7:52,M 15-18/36,M-15,115,24:44,57.00%
164,Joe Padilla,"Long Beach, CA",761,24:26,7:52,M 30-39/18,M-38,116,24:54,55.09%
165,Andrew Westlund,"Huntington Beach, CA",944,24:27,7:53,M 30-39/19,M-36,117,24:49,54.30%
166,Mark Valentino,"Los Angeles, CA",845,24:31,7:54,M 19-29/13,M-26,118,24:48,52.65%
167,Ted Snavely,"Mentone, CA",10633,24:34,7:55,M 50-59/16,M-50,119,24:41,60.08%
168,Jean Chung,"Long Beach, CA",562,24:34,7:55,F 40-49/10,F-42,49,24:41,63.34%
169,Kolby Keo,"Garden Grove, CA",672,24:37,7:56,F 15-18/24,F-18,50,24:44,60.84%
170,Maily Wong,"Mission Viejo, CA",870,24:37,7:56,F 11-14/7,F-12,51,25:08,66.19%
171,Alexandra Henderson,"Irvine, CA",1041,24:40,7:57,F 11-14/8,F-13,52,24:50,64.77%
172,Kathy Johnson,"Lakewood, CA",661,24:41,7:57,F 15-18/25,F-17,53,24:55,61.28%
173,Julie Flaiz,"Irvine, CA",10540,24:45,7:58,F NoAge/0,F-0,54,24:55, 0.00%
174,Shaun Merritt,"La Palma, CA",913,24:45,7:58,M 30-39/20,M-39,120,24:54,54.78%
175,Cathy Imai,"La Palma, CA",653,24:48,7:59,F 30-39/5,F-38,55,24:57,61.13%
176,Sr Bernadette Mota Fma,"Long Beach, CA",735,24:57,8:02,F 30-39/6,F-30,56,25:08,59.36%
177,Alyssa Fermin,"Cypress, CA",596,25:00,8:03,F 19-29/5,F-20,57,25:21,59.24%
178,Erica Morlok,"Aliso Viejo, CA",731,25:01,8:03,F 30-39/7,F-31,58,25:30,59.27%
179,Stephen Torres,"Long Beach, CA",842,25:03,8:04,M 30-39/21,M-33,121,25:26,52.13%
180,Kieron Spice,"Mission Viejo, CA",824,25:06,8:05,M 19-29/14,M-25,122,26:16,51.43%
181,Simon Simpri,"Walnut, CA",10535,25:09,8:06,M 30-39/22,M-39,123,25:44,53.91%
182,Mike Milligan,"San Dimas, CA",10527,25:10,8:06,M 30-39/23,M-33,124,25:44,51.89%
183,Jeannie Lastufka,"Whittier, CA",908,25:13,8:07,F 50-59/3,F-50,59,25:19,67.13%
184,Laura Ahrens,"Lafayette, LA",514,25:16,8:08,F 11-14/9,F-13,60,25:22,63.23%
185,Robert Sittman,"Cypress, CA",935,25:21,8:10,M 19-29/15,M-20,125,25:41,51.45%
186,Mark Schaffner,"Cypress, CA",805,25:26,8:11,M 50-59/17,M-50,126,26:57,58.03%
187,Juventino Luna,", ",503,25:26,8:11,M 60-69/6,M-67,127,25:35,67.21%
188,Kevin Hagerty,"Fountain Valley, CA",901,25:29,8:12,M 40-49/15,M-42,128,26:23,54.38%
189,Ben Draper,"La Palma, CA",583,25:34,8:14,M 30-39/24,M-35,129,26:23,51.60%
190,Myles Masui,"Cypress, CA",707,25:36,8:15,M 50-59/18,M-55,130,25:56,60.07%
191,Gerson Galdamez,"Buena Park, CA",602,25:37,8:15,M 11-14/14,M-14,131,25:46,55.40%
192,James Quintana,"Signal Hill, CA",770,25:39,8:16,M 19-29/16,M-25,132,26:24,50.33%
193,Lauren Kim,"Irvine, CA",905,25:43,8:17,F 11-14/10,F-14,61,25:53,61.15%
194,Cathe Milward,"La Mirada, CA",1059,25:49,8:19,F 50-59/4,F-55,62,25:54,69.96%
195,Jason Slagle,"La Habra, CA",821,25:55,8:21,M 30-39/25,M-34,133,26:02,50.64%
196,Gary Dunlap,"Keller, TX",10545,25:56,8:21,M 50-59/19,M-56,134,26:04,59.81%
197,Kyle Murray,"Cypress, CA",917,25:57,8:21,M 15-18/37,M-18,135,26:10,51.41%
198,Robert Entringer,"Cypress, CA",592,26:01,8:23,M 50-59/20,M-50,136,26:13,56.73%
199,Dona McBride,"Long Beach, CA",711,26:01,8:23,F 50-59/5,F-59,63,26:09,73.27%
200,John Harper,"Seal Beach, CA",10534,26:02,8:23,M 70-99/1,M-77,137,26:08,75.59%
201,Sal Mancilla,"Montclair, CA",700,26:04,8:24,M 40-49/16,M-47,138,26:48,55.28%
202,Tony Lauber,"Anaheim, CA",10503,26:05,8:24,M 40-49/17,M-41,139,26:12,52.75%
203,Carlos Diaz,"Irvine, CA",1057,26:05,8:24,M 11-14/15,M-14,140,26:14,54.41%
204,Devin Fleming,", CA",10708,26:08,8:25,M 11-14/16,M-12,141,30:39,56.92%
205,Jim Madsen,"Mission Viejo, CA",695,26:09,8:25,M 40-49/18,M-48,142,26:22,55.55%
206,Sarah Ahrens,"Lafayette, LA",515,26:13,8:27,F 15-18/26,F-16,64,26:19,58.40%
207,Kelnisha Castille,"Lafayette, LA",555,26:13,8:27,F 11-14/11,F-13,65,26:19,60.94%
208,Rosa Mancilla,"Montclair, CA",699,26:15,8:27,F 40-49/11,F-45,66,26:58,60.86%
209,Jack Hemphill,"Ladera Ranch, CA",633,26:17,8:28,M 01-10/3,M-9,143,26:21,62.25%
210,Jose Gonzalez,"Los Angeles, CA",614,26:20,8:29,M 50-59/21,M-54,144,27:55,57.88%
211,Linda Miller,"East Wenatchee, WA",723,26:22,8:30,F 50-59/6,F-59,67,26:27,72.30%
212,Sharon Hochgaesang,"Fullerton, CA",641,26:25,8:30,F 50-59/7,F-58,68,26:31,71.21%
213,Angelica Dominguez,"Lakewood, CA",581,26:27,8:31,F 11-14/12,F-14,69,26:41,59.46%
214,Adriana Garcia,"Long Beach, CA",603,26:27,8:31,F 15-18/27,F-15,70,26:42,58.64%
215,Grace Kim,"Irvine, CA",10580,26:28,8:31,F 11-14/13,F-14,71,26:43,59.42%
216,Hannah O'Connor,"Irvine, CA",10589,26:30,8:32,F 11-14/14,F-13,72,26:45,60.29%
217,Jonathan Eastin,"Stanton, CA",587,26:31,8:32,M 30-39/26,M-33,145,26:56,49.25%
218,Steve Coler,"Cypress, CA",565,26:33,8:33,M 60-69/7,M-62,146,26:37,61.49%
219,Rachel Hochgesang,"Fullerton, CA",642,26:34,8:33,F 30-39/8,F-35,73,26:51,56.31%
220,Jennifer Sproha,"Garden Grove, CA",10551,26:35,8:34,F 19-29/6,F-28,74,26:57,55.71%
221,Heather Dreessen,"Moreno Valley, CA",584,26:38,8:35,F 30-39/9,F-31,75,27:07,55.67%
222,Emily Toberty,"Irvine, CA",10585,26:38,8:35,F 11-14/15,F-14,76,26:54,59.05%
223,Bob Blum,"Cypress, CA",536,26:41,8:36,M 70-99/2,M-71,147,26:53,66.94%
224,Sandy Mineses,"Cypress, CA",916,26:44,8:37,F 30-39/10,F-34,77,26:51,55.77%
225,Frank Alonzo,"La Palma, CA",1100,26:51,8:39,M 40-49/19,M-48,148,26:51,54.10%
226,Jeff Napper,"Cypress, CA",738,26:52,8:39,M 50-59/22,M-52,149,27:08,55.80%
227,Michaela Herbon,"Cerritos, CA",126,26:54,8:40,F 30-39/11,F-30,78,27:32,55.05%
228,Karyn Grime,"Pasadena, CA",899,26:59,8:42,F 40-49/12,F-47,79,27:23,60.51%
229,Lucy Suarez,"Anaheim, CA",832,27:00,8:42,F 19-29/7,F-27,80,27:03,54.85%
230,Pieter Nauta,"Cypress, CA",921,27:00,8:42,M 30-39/27,M-30,150,28:00,47.93%
231,Gino Santo,"Anaheim, CA",800,27:01,8:42,M 01-10/4,M-8,151,27:09,63.02%
232,Joe Santo,"Anaheim, CA",801,27:01,8:42,M 40-49/20,M-43,152,27:09,51.73%
233,Jimmy Watson,"Buena Park, CA",857,27:02,8:43,M 15-18/38,M-17,153,27:23,49.97%
234,Greg Navarrette,"La Mirada, CA",10508,27:15,8:47,M 50-59/23,M-52,154,27:30,55.02%
235,Scott Finnegan,"Anaheim, CA",598,27:15,8:47,M 40-49/21,M-41,155,27:28,50.49%
236,Ethan Lipman,"Lakewood, CA",687,27:16,8:47,M 40-49/22,M-49,156,28:03,53.70%
237,Brendan Glynn,"Cypress, CA",897,27:17,8:47,M 40-49/23,M-40,157,27:34,50.06%
238,Anisha Fenske,"Buena Park, CA",10634,27:17,8:47,F 01-10/1,F-8,81,27:40,66.44%
239,Kevin Dillard,"Cypress, CA",580,27:18,8:48,M 40-49/24,M-40,158,28:00,50.03%
240,Chris Pilgrim,"29 Palms, CA",1047,27:23,8:49,M 30-39/28,M-31,159,28:57,47.38%
241,Brantley Friend,"Oceanside, CA",1048,27:23,8:49,M 30-39/29,M-33,160,28:56,47.69%
242,Ed Buch,"Cypress, CA",545,27:28,8:51,M 60-69/8,M-62,161,28:09,59.44%
243,Laura Denevan,"Cypress, CA",577,27:44,8:56,F 40-49/13,F-43,82,28:07,56.58%
244,Sean Hagerty,"Cypress, CA",620,27:48,8:57,M 40-49/25,M-42,162,28:40,49.85%
245,Dinah Maroney,"Cypress, CA",703,27:49,8:57,F 30-39/12,F-36,83,28:08,54.02%
246,Ryan Size,"Yorba Linda, CA",1011,27:50,8:58,M 19-29/17,M-29,163,28:49,46.43%
247,Sunny Dang,"Westminster, CA",1025,27:50,8:58,M 19-29/18,M-27,164,28:49,46.38%
248,Justin Ortega,"Irvine, CA",1009,27:50,8:58,M 19-29/19,M-25,165,28:48,46.38%
249,James Michaud,"Rancho Santa Margarita, CA",1019,27:50,8:58,M 30-39/30,M-31,166,28:50,46.61%
250,Darin Upstill,"Huntington Beach, CA",1027,27:50,8:58,M 30-39/31,M-38,167,28:47,48.35%
251,Adam Kelley,"Cypress, CA",670,27:50,8:58,M 30-39/32,M-32,168,28:08,46.73%
252,Jared Price,"Long Beach, CA",1026,27:51,8:58,M 19-29/20,M-26,169,28:49,46.35%
253,Mark Hamilton,"Newport Beach, CA",1008,27:51,8:58,M 19-29/21,M-22,170,28:49,46.35%
254,Shaun Krogman,"Rancho Santa Margarita, CA",1017,27:51,8:58,M 19-29/22,M-25,171,28:49,46.35%
255,Joshua Orthel,"Lakewood, CA",1020,27:51,8:58,M 30-39/33,M-34,172,28:48,47.13%
256,Matt Bernhardt,"Newport Coast, CA",1007,27:51,8:58,M 19-29/23,M-21,173,28:48,46.53%
257,Jonathan Boyce,"Lake Forest, CA",1022,27:51,8:58,M 19-29/24,M-24,174,28:47,46.35%
258,Steven Parrish,"Lakewood, CA",1014,27:51,8:58,M 19-29/25,M-23,175,28:49,46.35%
259,Roger Maniago,"Downey, CA",1018,27:51,8:58,M 19-29/26,M-27,176,28:49,46.35%
260,Russ Barkwelew,"Long Beach, CA",23,27:51,8:58,M 50-59/24,M-53,177,28:51,54.31%
261,Jeremy Casum,"Fountain Valley, CA",1024,27:52,8:58,M 19-29/27,M-23,178,28:48,46.32%
262,Brian Casteel,"Dana Point, CA",1023,27:52,8:59,M 19-29/28,M-27,179,28:47,46.32%
263,Daniel Inman,"Torrance, CA",1010,27:52,8:59,M 19-29/29,M-27,180,28:50,46.32%
264,Brendan Pefley,"Cypress, CA",1015,27:52,8:59,M 19-29/30,M-21,181,28:48,46.50%
265,Terrik Clark,"Corona, CA",1016,27:53,8:59,M 30-39/34,M-32,182,28:48,46.65%
266,Cory Barrow,"Laguna Hills, CA",1013,27:53,8:59,M 19-29/31,M-28,183,28:49,46.29%
267,Candace Teague,"Westminster, CA",1012,27:53,8:59,F 19-29/8,F-23,84,28:50,53.11%
268,Eric Axe,"Huntington Beach, CA",1021,27:55,8:59,M 19-29/32,M-27,184,28:50,46.24%
269,Lindsey Nikki Thornburg,"Cypress, CA",937,27:58,9:00,F 15-18/28,F-16,85,28:05,54.74%
270,Alex Li,"Cypress, CA",686,27:58,9:01,M 19-29/33,M-26,185,27:58,46.15%
271,Tyler Weaver,"ALISO VIEJO, CA",858,27:59,9:01,M 01-10/5,M-6,186,28:29,66.87%
272,Kevin Rice,"Cypress, CA",773,27:59,9:01,M 19-29/34,M-19,187,28:04,47.14%
273,Mark Ruiz,"Whittier, CA",789,28:02,9:02,M 19-29/35,M-24,188,28:34,46.04%
274,Laura Munley,"Cypress, CA",736,28:04,9:02,F 11-14/16,F-12,86,28:10,58.05%
275,Janice Akins,"Cypress, CA",516,28:07,9:03,F 50-59/8,F-54,87,28:30,63.35%
276,Samantha Sandzimier,"Irvine, CA",931,28:07,9:03,F 11-14/17,F-14,88,28:16,55.93%
277,Farrah McCrillis,"Lakewood, CA",713,28:12,9:05,F 30-39/13,F-31,89,28:27,52.57%
278,Mayra Reyes,"South Gate, CA",928,28:13,9:05,F 19-29/9,F-26,90,28:27,52.48%
279,Alex Yam,"Cypress, CA",873,28:14,9:06,M 11-14/17,M-13,189,28:32,51.39%
280,Sid Singh,"Cypress, CA",730,28:16,9:06,M 40-49/26,M-40,190,29:07,48.32%
281,Sheila Nardelli,"Buena Park, CA",740,28:17,9:06,F 30-39/14,F-30,91,28:36,52.36%
282,Kathy Joly,"Sun Valley, CA",10579,28:18,9:07,F 60-69/1,F-60,92,28:33,68.36%
283,Jennifer Rollins,"Los Angeles, CA",784,28:18,9:07,F 19-29/10,F-25,93,28:34,52.33%
284,Franjo Kneefel,"Irvine, CA",674,28:21,9:08,M 30-39/35,M-35,191,29:13,46.53%
285,Rob Johnson,"Cypress, CA",663,28:22,9:08,M 50-59/25,M-53,192,29:21,53.32%
286,Anthony Nasser,"Buena Park, CA",10636,28:22,9:08,M 30-39/36,M-31,193,28:51,45.74%
287,Luke Farnell,"Anaheim, CA",1089,28:28,9:10,M 30-39/37,M-30,194,28:37,45.46%
288,Patti Christoff,"Newport Beach, CA",893,28:28,9:10,F 40-49/14,F-48,94,29:04,58.06%
289,Justin Yik,"Cypress, CA",878,28:28,9:10,M 01-10/6,M-10,195,28:45,55.48%
290,Rhonda Williams,"Aliso Viejo, CA",866,28:30,9:11,F 40-49/15,F-43,95,28:43,55.06%
291,Gabriel Gomez,"Cypress, CA",611,28:31,9:11,M 15-18/39,M-16,196,28:31,48.07%
292,Michelle Morris,"Bartlesville, OK",733,28:34,9:12,F 19-29/11,F-26,96,29:11,51.84%
293,Alyssa Nunez,"Pico Rivera, CA",750,28:40,9:14,F 15-18/29,F-16,97,29:23,53.40%
294,Rob Trester,"Rancho Palos Verdes, CA",843,28:41,9:14,M 40-49/27,M-47,197,28:53,50.23%
295,Katie Briggs,"Peoria, AZ",1034,28:43,9:15,F 11-14/18,F-14,98,29:22,54.76%
296,Maria Vilches,"Fontana, CA",941,28:44,9:15,F 19-29/12,F-27,99,29:40,51.54%
297,Barbie Spatz,"Long Beach, CA",823,28:45,9:16,F 60-69/2,F-62,100,29:07,69.26%
298,Jason Nguyen,"Garden Grove, CA",743,28:46,9:16,M 19-29/36,M-29,198,28:46,44.93%
299,Robert Reyes,"South Gate, CA",929,28:46,9:16,M 19-29/37,M-24,199,29:00,44.87%
300,Rickster Chstro,"Walnut, CA",10610,28:50,9:17,M 50-59/26,M-53,200,29:56,52.46%
301,Rosemary Nunez,"Pico Rivera, CA",751,28:50,9:17,F 40-49/16,F-46,101,29:33,55.99%
302,Edward Salkin,"Corona Del Mar, CA",795,28:51,9:17,M 70-99/3,M-78,201,28:55,69.65%
303,Mary Medina,"Downey, CA",10569,28:55,9:19,F 50-59/9,F-58,102,28:59,65.05%
304,Derek Gee,"Diamond Bar, CA",605,28:56,9:19,M 11-14/18,M-12,202,29:50,51.41%
305,Steve Alonzo,"Chino Hills, CA",10601,28:56,9:19,M 50-59/27,M-55,203,29:19,53.14%
306,Jay Gardener,"Cypress, CA",1082,29:05,9:22,M 50-59/28,M-50,204,29:59,50.75%
307,Alan Adams,"Newport Beach, CA",10566,29:09,9:23,M 60-69/9,M-66,205,29:17,58.12%
308,Hilary Dillard,"Cypress, CA",579,29:10,9:23,F 30-39/15,F-39,103,29:51,52.26%
309,Jonathan Matson,"Cypress, CA",709,29:15,9:25,M 50-59/29,M-51,206,29:25,50.86%
310,Stacey Williams,"Cypress, CA",867,29:16,9:26,F 30-39/16,F-35,104,29:51,51.08%
311,Colin Jamora,"San Diego, CA",656,29:17,9:26,M 30-39/38,M-38,207,29:30,45.96%
312,Stephen Bear,"San Pedro, CA",529,29:21,9:27,M 40-49/28,M-40,208,29:37,46.53%
313,Veronica Sandoval,"Whittier, CA",799,29:21,9:27,F 30-39/17,F-32,105,29:47,50.57%
314,Christy Torres,"Long Beach, CA",481,29:23,9:28,F 30-39/18,F-33,106,29:27,50.62%
315,Kyle Humphries,"Camp Pendleton, CA",1051,29:23,9:28,M 19-29/38,M-21,209,29:32,44.10%
316,Carie Bahorski,"Long Beach, CA",523,29:26,9:29,F 50-59/10,F-51,107,29:43,58.24%
317,John Bahorski,"Long Beach, CA",524,29:27,9:29,M 50-59/30,M-51,210,29:44,50.51%
318,William Holt,"Cypress, CA",645,29:27,9:29,M 40-49/29,M-45,211,29:53,48.19%
319,Meghan McCall,"Costa Mesa, CA",912,29:28,9:30,F 30-39/19,F-34,108,30:09,50.59%
320,Eryn Copperthite,"Cypress, CA",567,29:29,9:30,F 30-39/20,F-37,109,30:13,51.19%
321,Meagan Drury,"Lafayette, LA",585,29:41,9:34,F 15-18/30,F-16,110,29:48,51.57%
322,Linda McKndley,"Buena Park, CA",720,29:46,9:35,F 30-39/21,F-35,111,30:44,50.25%
323,Jim Alverson,"Falls Church, VA",518,29:49,9:36,M 40-49/30,M-41,212,30:40,46.14%
324,Tomiko Abe,"Seal Beach, CA",511,29:52,9:37,F 30-39/22,F-34,112,30:08,49.92%
325,Evan Anderson,"Long Beach, CA",884,29:52,9:37,M 19-29/39,M-27,213,30:16,43.22%
326,Maureen Smith,"Stanton, CA",10502,29:52,9:37,F 30-39/23,F-36,113,30:20,50.31%
327,Tamee Mackay,"Buena Park, CA",911,30:04,9:41,F 30-39/24,F-33,114,30:14,49.47%
328,Diane Westermann,"Anaheim, CA",862,30:07,9:42,F 60-69/3,F-61,115,30:41,65.12%
329,Samantha Madsen,"Mission Viejo, CA",696,30:08,9:42,F 11-14/19,F-13,116,31:19,53.02%
330,Travis Sproha,"Garden Grove, CA",10552,30:08,9:42,M 30-39/39,M-36,214,30:30,44.05%
331,Paul Tiongson,"Los Angeles, CA",938,30:08,9:42,M 19-29/40,M-25,215,30:57,42.83%
332,Robert Campoy,"Cypress, CA",10591,30:09,9:43,M 50-59/31,M-53,216,30:17,50.17%
333,Steven Pilawski,"Rancho Cucamonga, CA",768,30:09,9:43,M 30-39/40,M-35,217,30:27,43.75%
334,Teresa Berryman,"Long Beach, CA",535,30:12,9:44,F 30-39/25,F-38,117,30:25,50.17%
335,Wayne Jonas,"Mission Viejo, CA",664,30:13,9:44,M 60-69/10,M-63,218,30:38,54.53%
336,Richie Castro,"Norwalk, CA",556,30:14,9:44,M 30-39/41,M-33,219,31:03,43.19%
337,Kristine Wood,"Cypress, CA",872,30:17,9:45,F 50-59/11,F-51,118,30:35,56.61%
338,Tim Hohmann,"Cypress, CA",643,30:18,9:46,M 50-59/32,M-50,220,31:16,48.71%
339,Neysa Rummler,"Cypress, CA",791,30:18,9:46,F 40-49/17,F-43,119,30:55,51.79%
340,Megan Homer,"Huntington Beach, CA",10575,30:19,9:46,F 19-29/13,F-28,120,30:56,48.84%
341,David Erickson,"Cypress, CA",594,30:19,9:46,M 40-49/31,M-48,221,31:22,47.91%
342,Troy Gross,"Huntington Beach, CA",618,30:21,9:46,M 15-18/40,M-15,222,31:35,45.88%
343,Victoria Northup,"Orange, CA",749,30:21,9:47,F 30-39/26,F-34,121,31:43,49.12%
344,Roy W Benstead,"Seal Beach, CA",533,30:22,9:47,M 70-99/4,M-74,223,30:33,61.39%
345,Geoff Northup,"Orange, CA",748,30:23,9:47,M 30-39/42,M-35,224,31:43,43.41%
346,Ken Purucker,"Seal Beach, CA",769,30:23,9:47,M NoAge/0,M-0,225,30:33, 0.00%
347,Maria Odvitovic,"San Pedro, CA",755,30:29,9:49,F 19-29/14,F-22,122,31:32,48.58%
348,Brian Tunnicliff,"Long Beach, CA",1005,30:29,9:49,M 19-29/41,M-26,226,31:32,42.34%
349,Rebecca McDevitt,"Cypress, CA",717,30:33,9:50,F 01-10/2,F-8,123,31:18,59.33%
350,Kayoko Macinnes,"Los Alamitos, CA",693,30:36,9:51,F 50-59/12,F-53,124,31:32,57.49%
351,Rebecca Salyards,"Huntington Beach, CA",930,30:39,9:52,F 19-29/15,F-27,125,31:16,48.31%
352,Jessica Byamuicama,"Anaheim, CA",552,30:40,9:53,F 19-29/16,F-28,126,30:48,48.29%
353,Richard Tamoush,"Yorba Linda, CA",834,30:41,9:53,M 70-99/5,M-74,227,30:49,60.76%
354,Jessica Nguyen,"La Palma, CA",744,30:45,9:54,F 30-39/27,F-33,127,31:01,48.37%
355,Lupe Jackson,"West Covina, CA",654,30:45,9:54,F 50-59/13,F-56,128,31:34,59.49%
356,Glen Lacer,"Cypress, CA",1088,30:53,9:57,M 40-49/32,M-48,228,31:41,47.03%
357,Beth Ernst,"Murrieta, CA",1090,30:55,9:57,F 40-49/18,F-47,129,31:24,52.80%
358,Hanh Le,"Anaheim, CA",680,30:56,9:58,F 30-39/28,F-34,130,31:04,48.19%
359,Solomon Baird,"Cypress, CA",526,30:57,9:58,M 40-49/33,M-46,229,31:41,46.17%
360,Amanda Von Gries,"Cypress, CA",851,30:57,9:58,F 11-14/20,F-13,131,30:57,51.62%
361,Luke Baird,"Cypress, CA",525,30:58,9:58,M 11-14/19,M-12,230,31:42,48.03%
362,Donna Burba,"Cypress, CA",551,30:59,9:59,F 50-59/14,F-50,132,31:36,54.63%
363,Mike Wendt,"Huntington Beach, CA",860,31:04,10:00,M 60-69/11,M-62,231,31:29,52.55%
364,Greg Portugal,"Cypress, CA",1085,31:08,10:01,M 40-49/34,M-47,232,32:15,46.28%
365,Danielle Armbrust,"Long Beach, CA",17,31:09,10:02,F 30-39/29,F-31,133,31:13,47.59%
366,Katie Kneefel,"Irvine, CA",1356,31:10,10:02,F 11-14/21,F-12,134,32:02,52.27%
367,George Christoff,"Newport Beach, CA",892,31:10,10:02,M 50-59/33,M-51,233,32:22,47.73%
368,Joseph Kilpatrick,"Anaheim, CA",1086,31:13,10:03,M 01-10/7,M-9,234,31:36,52.40%
369,Marie Mora,"Buena Park, CA",210,31:18,10:05,F 19-29/17,F-29,135,31:46,47.31%
370,Teagan Sirset,"Orange, CA",816,31:28,10:08,F 11-14/22,F-11,136,31:53,52.89%
371,Tor Sirset,"Orange, CA",818,31:28,10:08,M 40-49/35,M-45,235,31:53,45.10%
372,Kei Nagata,"Rolling Hills Estates, CA",918,31:32,10:09,M 30-39/43,M-39,236,31:57,42.99%
373,Scott Hales,"Cypress, CA",621,31:34,10:10,M 30-39/44,M-30,237,32:25,40.99%
374,Leona Charles,"Fontana, CA",890,31:37,10:11,F 30-39/30,F-35,137,32:32,47.31%
375,Laurmer Carol,"Redondo Beach, CA",554,31:40,10:12,F NoAge/0,F-0,138,32:05, 0.00%
376,Patrick McDevitt,"Cypress, CA",716,31:42,10:12,M 40-49/36,M-40,238,32:28,43.08%
377,Hyesoo Chung,"Cypress, CA",64,31:43,10:13,F 15-18/31,F-15,139,32:19,48.90%
378,Vince Mesa,"Cypress, CA",915,31:44,10:13,M 30-39/45,M-37,239,31:49,42.09%
379,Maria Mesa,"Cypress, CA",914,31:44,10:13,F 40-49/19,F-40,140,31:49,48.34%
380,Andrew Imparato,"Fullerton, CA",904,31:45,10:13,M 30-39/46,M-38,240,32:27,42.38%
381,James Shearer,"Los Angeles, CA",934,31:48,10:14,M 19-29/42,M-29,241,32:48,40.64%
382,Marisa Moir,"Cypress, CA",728,31:51,10:15,F 15-18/32,F-17,141,32:41,47.49%
383,Julio Fernandez,"Cypress, CA",894,31:54,10:17,M 40-49/37,M-43,242,33:05,43.78%
384,Nick Scher,"Cypress, CA",807,31:57,10:17,M 40-49/38,M-49,243,32:25,45.82%
385,Cara Stewart,"Cypress, CA",829,31:58,10:18,F 40-49/20,F-40,142,33:10,47.99%
386,Erwin Saenz,"Long Beach, CA",793,31:58,10:18,M 19-29/43,M-24,244,31:58,40.38%
387,John Singer,", ",814,32:02,10:19,M 60-69/12,M-69,245,32:23,54.45%
388,Mark Huang,"Walnut, CA",10521,32:04,10:20,M 40-49/39,M-47,246,32:31,44.93%
389,Chuck Laine,"Whittier, CA",678,32:11,10:22,M 60-69/13,M-66,247,32:38,52.64%
390,Ross Helbling,"Buena Park, CA",632,32:11,10:22,M 40-49/40,M-42,248,32:17,43.06%
391,James Harris,"La Mirada, CA",626,32:15,10:23,M 70-99/6,M-72,249,33:20,56.10%
392,Marlene Jones,"Stanton, CA",666,32:16,10:23,F 30-39/31,F-31,143,33:21,45.94%
393,Chris Stehman,"Cypress, CA",539,32:20,10:25,M NoAge/0,M-0,250,33:08, 0.00%
394,Eva Chavez,"Norwalk, CA",560,32:22,10:26,F 30-39/32,F-30,144,33:15,45.75%
395,Lang Keo,"Murrieta, CA",1054,32:23,10:26,F 30-39/33,F-33,145,33:06,45.93%
396,Kiera Berry,"Lakewood, CA",889,32:24,10:26,F 19-29/18,F-23,146,33:23,45.70%
397,Rozanne Alonzo,"Chino Hills, CA",10602,32:27,10:27,F 50-59/15,F-53,147,32:50,54.21%
398,Bobbi Giannola,"Long Beach, CA",607,32:30,10:28,F 30-39/34,F-32,148,32:48,45.66%
399,Clare Adams,"Cypress, CA",513,32:31,10:28,F 19-29/19,F-28,149,33:45,45.54%
400,Mickey Hunter,"Cypress, CA",1003,32:31,10:28,M 40-49/41,M-47,251,33:47,44.31%
401,Alison Mancinelli,"Los Alamitos, CA",701,32:43,10:32,F 11-14/23,F-12,150,33:30,49.80%
402,Amanda Briggs,"Peoria, AZ",1031,32:47,10:33,F 15-18/33,F-16,151,33:25,46.69%
403,Joseph Mancinelli,"Los Alamitos, CA",702,32:47,10:33,M 40-49/42,M-41,252,33:34,41.96%
404,Juan Alas,"Hawaiian Gardens, CA",13,32:49,10:34,M 40-49/43,M-42,253,33:10,42.23%
405,April Redoble,"Sacramento, CA",1094,32:49,10:34,F 15-18/34,F-16,152,33:06,46.65%
406,Shonna Briggs,"Peoria, AZ",1032,32:52,10:35,F 30-39/35,F-39,153,33:30,46.37%
407,Paul Briggs,"Peoria, AZ",1033,32:53,10:35,M 40-49/44,M-43,254,33:31,42.49%
408,Michelle Jensen,"Yorba Linda, CA",657,32:56,10:36,F 19-29/20,F-20,154,33:22,44.96%
409,Lars Jensen Jr,"Yorba Linda, CA",658,32:57,10:37,M 50-59/34,M-59,255,33:22,48.28%
410,Alice Wong,"Alhambra, CA",868,32:58,10:37,F 40-49/21,F-41,155,33:24,46.84%
411,Mary Beesley,"Placentia, CA",1091,32:58,10:37,F 50-59/16,F-53,156,33:16,53.36%
412,Charles Ronie,"Mission Viejo, CA",785,33:00,10:38,M 50-59/35,M-52,256,34:09,45.43%
413,Andy Hilbert,"La Palma, CA",638,33:00,10:38,M 40-49/45,M-44,257,33:24,42.65%
414,Maloney John,"Buena Park, CA",659,33:04,10:39,F 60-69/4,F-64,157,33:44,62.03%
415,Melanie Sergejeff,"Cypress, CA",811,33:04,10:39,F 50-59/17,F-52,158,33:12,52.50%
416,Ryan Hom,"Cypress, CA",646,33:11,10:41,M 01-10/8,M-10,258,34:09,47.59%
417,Damon Gohata,"Cypress, CA",898,33:11,10:41,M 19-29/44,M-28,259,34:09,38.89%
418,Ann Horton,"Long Beach, CA",133,33:15,10:43,F 50-59/18,F-51,159,33:42,51.55%
419,Parker Lane,"Lakewood, CA",907,33:18,10:43,M 11-14/20,M-14,260,34:29,42.61%
420,Lisa Lane,"Lakewood, CA",906,33:21,10:44,F 40-49/22,F-43,160,34:32,47.05%
421,Amy Gerety,"Cypress, CA",895,33:23,10:45,F 40-49/23,F-41,161,34:00,46.25%
422,Olys Revin,"Cypress, CA",927,33:23,10:45,F 15-18/35,F-18,162,34:01,44.86%
423,Sheryl Madsen,"Mission Viejo, CA",697,33:29,10:47,F 40-49/24,F-45,163,34:40,47.71%
424,Allan Goodman,"Cypress, CA",616,33:34,10:49,M 50-59/36,M-50,261,33:34,43.96%
425,Ashley Velasco,"Lakewood, CA",847,33:35,10:49,F 15-18/36,F-15,164,33:49,46.18%
426,Maria Gee,"Diamond Bar, CA",606,33:35,10:49,F 40-49/25,F-43,165,34:36,46.72%
427,Joy Bland,"Cypress, CA",1029,33:36,10:49,F 40-49/26,F-42,166,34:12,46.30%
428,Lupe Gonzalez,"Los Angeles, CA",615,33:37,10:50,F 40-49/27,F-42,167,34:20,46.28%
429,Enola O'Neil,"Cypress, CA",753,33:42,10:51,F 40-49/28,F-43,168,33:55,46.56%
430,Rick Newman,"Garden Grove, CA",742,33:47,10:53,M 40-49/46,M-49,262,34:50,43.34%
431,Joseph Chen,"Cerritos, CA",561,33:52,10:54,M 30-39/47,M-39,263,35:07,40.03%
432,Nick Miyoshi,"Buena Park, CA",726,33:53,10:55,M 11-14/21,M-13,264,34:27,42.81%
433,Val Mallari,"Los Alamitos, CA",10615,33:54,10:55,F 50-59/19,F-51,169,34:17,50.57%
434,Natasha McGrail,"Long Beach, CA",718,33:56,10:56,F 19-29/21,F-26,170,35:05,43.64%
435,Stephanie Skolburg,"Alta Loma, CA",820,34:00,10:57,F 40-49/29,F-42,171,34:45,45.76%
436,Chrystle Yoder,"La Quinta, CA",880,34:00,10:57,F 19-29/22,F-28,172,34:22,43.55%
437,Quinn McCutchan,"Signal Hill, CA",714,34:02,10:58,M 19-29/45,M-26,265,34:02,37.92%
438,Grace Wu,"Cypress, CA",946,34:02,10:58,F 30-39/36,F-32,173,35:16,43.61%
439,Richard Dano,"Buena Park, CA",10637,34:03,10:58,M 30-39/48,M-33,266,34:30,38.34%
440,Kayla Perkoski,"Cypress, CA",767,34:04,10:58,F 19-29/23,F-21,174,34:29,43.47%
441,Daniel Ursery,"Cypress, CA",940,34:07,10:59,M 30-39/49,M-31,267,35:21,38.03%
442,Katherine Young,"Anaheim, CA",881,34:12,11:01,F 19-29/24,F-27,175,35:02,43.30%
443,Jt Roth,"Long Beach, CA",787,34:13,11:01,M NoAge/0,M-0,268,34:26, 0.00%
444,Cree Horner,"Monrovia, CA",647,34:15,11:02,M 50-59/37,M-53,269,34:59,44.16%
445,David Perez,"Norwalk, CA",765,34:15,11:02,M 11-14/22,M-13,270,34:15,42.36%
446,Joe Ward,"Cerritos, CA",855,34:17,11:02,M 60-69/14,M-67,271,34:42,49.85%
447,Jason Yik,"Cypress, CA",877,34:19,11:03,M 01-10/9,M-9,272,34:38,47.67%
448,Kathy Eimen,"Garden Grove, CA",90,34:25,11:05,F 60-69/5,F-61,176,34:37,56.98%
449,Charloette Hutchinson,"Garden Grove, CA",141,34:26,11:05,F 30-39/37,F-34,177,34:37,43.29%
450,Lori Gentry,"Bellflower, CA",1028,34:26,11:05,F 50-59/20,F-51,178,35:14,49.78%
451,Robert Housley Jr,"Cypress, CA",648,34:27,11:05,M 40-49/47,M-41,273,35:32,39.93%
452,Richard Braun,"Cypress, CA",544,34:29,11:06,M 50-59/38,M-56,274,35:29,44.97%
453,Jose Lopez,"South Gate, CA",10609,34:37,11:09,M 50-59/39,M-50,275,34:54,42.63%
454,Camille Lefaoseu,"Garden Grove, CA",685,34:48,11:12,F 40-49/30,F-42,179,35:41,44.71%
455,Kathryn Cox,"Lakewood, CA",1036,34:48,11:12,F 30-39/38,F-31,180,35:49,42.60%
456,Danny Gomez,"Cypress, CA",610,34:54,11:14,M 11-14/23,M-14,276,35:17,40.66%
457,Lindsay Willey,"Huntington Beach, CA",865,34:56,11:15,F 19-29/25,F-25,181,34:56,42.39%
458,Victoria Gomez,"Cypress, CA",613,34:58,11:16,F 11-14/24,F-11,182,35:23,47.59%
459,John Guinn,"Anaheim, CA",619,34:58,11:16,M 50-59/40,M-53,277,35:22,43.25%
460,Alan Wang,"Arcadia, CA",854,35:05,11:18,M 19-29/46,M-26,278,35:45,36.79%
461,Delia Attebery,"Claremont, CA",522,35:17,11:22,F 50-59/21,F-55,183,36:17,51.18%
462,Richard Chung,"Long Beach, CA",563,35:31,11:26,M 40-49/48,M-43,279,35:54,39.34%
463,Evelyn Wieland,"Cypress, CA",330,35:33,11:27,F 19-29/26,F-24,184,36:11,41.65%
464,Kim Mackinney,"Riverside, CA",694,35:37,11:28,F 30-39/39,F-32,185,35:57,41.67%
465,Paul St Onge Sr,"Garden Grove, CA",826,35:41,11:29,M 60-69/15,M-68,280,36:41,48.36%
466,Becky Edgell,"Hemet, CA",588,35:46,11:31,F 40-49/31,F-45,186,35:52,44.66%
467,Lora Blum,"Corona, CA",538,35:48,11:32,F 30-39/40,F-31,187,35:48,41.41%
468,Karen Olson,"Garden Grove, CA",759,35:54,11:34,F 40-49/32,F-44,188,36:57,44.08%
469,Pamela Samuels Young,"Cypress, CA",796,36:00,11:36,F 50-59/22,F-52,189,36:36,48.22%
470,Jennifer Olsen,"Buena Park, CA",758,36:07,11:38,F 30-39/41,F-31,190,36:29,41.04%
471,Kevin Nieme,"Norwalk, CA",745,36:09,11:38,M 30-39/50,M-36,281,37:17,36.72%
472,Elizabeth Lee,"Fullerton, CA",682,36:11,11:39,F 19-29/27,F-25,191,36:53,40.92%
473,Erin Mary,"Cypress, CA",705,36:14,11:40,F 40-49/33,F-41,192,36:32,42.61%
474,D Olague,"West Covina, CA",757,36:18,11:41,F 40-49/34,F-47,193,37:09,44.97%
475,Abigail Boyd,"Long Beach, CA",542,36:21,11:42,F 19-29/28,F-25,194,36:51,40.73%
476,Michael Miyoshi,"Buena Park, CA",725,36:21,11:42,M 01-10/10,M-8,282,36:55,46.83%
477,Shawna Cox,"Cypress, CA",570,36:21,11:42,F 30-39/42,F-39,195,36:40,41.93%
478,Debbie Buziecki,"Cypress, CA",1087,36:22,11:43,F 40-49/35,F-44,196,36:41,43.51%
479,Phuong Lee,"Cypress, CA",684,36:25,11:44,F 30-39/43,F-39,197,36:34,41.85%
480,Anna Liza Padilla,"Long Beach, CA",760,36:25,11:44,F 30-39/44,F-38,198,36:55,41.62%
481,Jacelyn Youngerman,"Cypress, CA",571,36:43,11:50,F 15-18/37,F-16,199,37:04,41.69%
482,Carly Swanson,"Anaheim, CA",573,36:44,11:50,F 15-18/38,F-17,200,37:05,41.17%
483,David Liu,"Cypress, CA",688,36:46,11:50,M 19-29/47,M-23,283,37:00,35.10%
484,Elysia Dagert,"Los Alamitos, CA",572,36:49,11:51,F 30-39/45,F-34,201,37:15,40.49%
485,Kylee Kneefel,"Irvine, CA",675,37:01,11:55,F 19-29/29,F-27,202,37:53,40.00%
486,Melanie Robinson,"Bellflower, CA",777,37:01,11:55,F 19-29/30,F-26,203,37:49,40.00%
487,Stephen Jones,"Buena Park, CA",10593,37:15,12:00,M 15-18/41,M-15,284,38:33,37.38%
488,Anna Orosco,", ",1002,37:21,12:02,F NoAge/0,F-0,204,38:18, 0.00%
489,Terri Ward,"Cerritos, CA",856,37:32,12:05,F 50-59/23,F-56,205,37:56,48.73%
490,Lindsey Gardener,"Cypress, CA",1081,37:41,12:08,F 15-18/39,F-18,206,38:36,39.73%
491,Phil Nicot,"Cypress, CA",491,37:47,12:10,M 50-59/41,M-50,285,38:09,39.06%
492,Paul Cone,"Fullerton, CA",566,37:48,12:10,M 60-69/16,M-69,286,38:58,46.14%
493,John Rios,"Buena Park, CA",1045,37:49,12:11,M 50-59/42,M-54,287,38:25,40.30%
494,Erika Pena,"Cerritos, CA",764,37:55,12:13,F 19-29/31,F-26,207,38:50,39.05%
495,April Belarmino,"Anaheim, CA",530,38:01,12:14,F 30-39/46,F-30,208,38:01,38.95%
496,Brandon Imai,"La Palma, CA",652,38:03,12:15,M 01-10/11,M-7,288,38:32,46.80%
497,Raymond Turpin,"Cypress, CA",844,38:31,12:24,M 50-59/43,M-54,289,39:23,39.57%
498,Catherine Bunts,"Fullerton, CA",548,38:34,12:25,F 01-10/3,F-9,209,39:33,45.53%
499,Nancy Than,"Ontario, CA",835,38:38,12:26,F 19-29/32,F-23,210,39:20,38.33%
500,Alfred Higa,"Downey, CA",637,38:40,12:27,M 70-99/7,M-75,290,39:05,49.03%
501,Rick Hernandez,"Cypress, CA",636,38:42,12:28,M 30-39/51,M-30,291,39:02,33.43%
502,Luz Acosta,"Cypress, CA",840,38:43,12:28,F 19-29/33,F-27,211,39:44,38.24%
503,Cynthia Nishimoto,"Cerritos, CA",747,38:55,12:32,F 30-39/47,F-39,212,39:23,39.16%
504,Bradley Nishida,"Cerritos, CA",746,38:55,12:32,M 01-10/12,M-7,292,39:23,45.76%
505,Elizabeth Chamberlain,"Oak Hills, CA",557,38:55,12:32,F 30-39/48,F-39,213,38:55,39.16%
506,Fe Delos Santos,"La Palma, CA",576,38:56,12:32,F 30-39/49,F-34,214,39:01,38.29%
507,Cassie Bunts,"Fullerton, CA",547,38:58,12:33,F 40-49/36,F-41,215,39:58,39.62%
508,Alana Bunts,"Fullerton, CA",546,38:59,12:33,F 11-14/25,F-11,216,39:58,42.69%
509,Lorraine Shorman,"Cypress, CA",812,39:00,12:33,F 40-49/37,F-46,217,39:42,41.39%
510,Hannah Stonoha,"Buena Park, CA",830,39:04,12:35,F 19-29/34,F-26,218,39:54,37.90%
511,Nicholas Stonoha,"Buena Park, CA",831,39:05,12:35,M 30-39/52,M-30,293,39:55,33.11%
512,Stephen Gray,"Norwalk, CA",110,39:15,12:38,M 60-69/17,M-63,294,39:59,41.97%
513,Paul Hausback,"Cypress, CA",627,39:22,12:41,M NoAge/0,M-0,295,39:52, 0.00%
514,Angela Okino,"Irvine, CA",756,39:23,12:41,F 30-39/50,F-39,219,39:52,38.70%
515,Andrea Gonzales,"Cypress, CA",1004,39:25,12:41,F 30-39/51,F-35,220,39:55,37.94%
516,Karissa Degener,"Cypress, CA",575,39:27,12:42,F 30-39/52,F-35,221,40:19,37.91%
517,Kathleen Webster,"Long Beach, CA",943,39:29,12:43,F 50-59/24,F-56,222,40:29,46.33%
518,Melissa Champagne,"La Mirada, CA",559,39:38,12:46,F 30-39/53,F-39,223,40:10,38.45%
519,Sayra Martinez,"Cypress, CA",704,39:39,12:46,F 19-29/35,F-29,224,39:50,37.34%
520,Judy Aquino,"Downey, CA",520,39:56,12:51,F 30-39/54,F-34,225,40:52,37.33%
521,Norma Vera,"Buena Park, CA",849,39:56,12:51,F 40-49/38,F-44,226,40:51,39.62%
522,Alan Rice,"Cypress, CA",772,40:03,12:54,M 19-29/48,M-22,296,40:09,32.22%
523,Paige Ammons,"Cypress, CA",519,40:04,12:54,F 19-29/36,F-21,227,40:10,36.95%
524,Desiree Senese,"Huntington Beach, CA",809,40:15,12:58,F 19-29/37,F-27,228,40:15,36.79%
525,Kathy Cruz,"Cypress, CA",1296,40:18,12:59,F 40-49/39,F-49,229,41:09,41.50%
526,Marianne Dano,"Buena Park, CA",10635,40:22,13:00,F 30-39/55,F-32,230,40:22,36.76%
527,Christina Kuse,"Huntington Beach, CA",677,40:27,13:02,F 30-39/56,F-36,231,41:07,37.14%
528,Catherine Youngerman,"Cypress, CA",882,40:32,13:03,F 40-49/40,F-48,232,41:23,40.77%
529,Tanya McGrail,"Long Beach, CA",719,40:33,13:04,F 19-29/38,F-22,233,41:43,36.51%
530,Carol Doeling,"Placentia, CA",1092,40:44,13:07,F 50-59/25,F-56,234,41:13,44.90%
531,Queenie Wong,"Los Angeles, CA",871,41:08,13:15,F 19-29/39,F-26,235,41:49,36.00%
532,Michael Lopez,"Buena Park, CA",690,41:18,13:18,M 40-49/49,M-47,297,41:18,34.88%
533,Shelly Lopez,"Buena Park, CA",691,41:19,13:18,F 40-49/41,F-48,236,41:19,39.99%
534,Mike Northup,"Lomita, CA",10606,41:37,13:24,M 60-69/18,M-61,298,42:59,38.90%
535,Brian Kissinger,"San Marcos, CA",160,41:39,13:25,M 40-49/50,M-40,299,41:39,32.79%
536,Hanna Levine,"Irvine, CA",909,41:42,13:26,F 11-14/26,F-13,237,42:33,38.30%
537,Merle Perez,"Garden Grove, CA",766,42:12,13:35,F 40-49/42,F-45,238,43:16,37.85%
538,Don Snavely,"Shell Knob, MO",10510,43:03,13:52,M 70-99/8,M-75,300,43:09,44.04%
539,Sam Maseba,"Long Beach, CA",200,43:04,13:52,M 40-49/51,M-41,301,43:33,31.94%
540,David Mora,"Buena Park, CA",729,43:07,13:53,M 30-39/53,M-32,302,43:35,30.16%
541,Sunba Villanueva,", ",502,43:11,13:54,F NoAge/0,F-0,239,43:34, 0.00%
542,Dee Hunter,"Long Beach, CA",650,43:19,13:57,F 40-49/43,F-41,240,44:10,35.64%
543,Kathleen Dano,"Buena Park, CA",10639,43:38,14:03,F 30-39/57,F-32,241,44:06,34.01%
544,Ricci Dano,"Buena Park, CA",10638,43:39,14:03,F 11-14/27,F-11,242,44:06,38.12%
545,Bill Liston,"Cypress, CA",1354,43:40,14:04,M 50-59/44,M-50,303,44:28,33.79%
546,Alan Beesley,"Buena Park, CA",1093,43:51,14:07,M 50-59/45,M-59,304,44:24,36.27%
547,Auryana Nauta,"Cypress, CA",919,43:52,14:07,F 01-10/4,F-10,243,44:51,38.92%
548,Kimberly Nauta,"Cypress, CA",920,43:52,14:08,F 19-29/40,F-27,244,44:51,33.75%
549,Colleen Golden,"Cypress, CA",609,44:26,14:19,F 70-99/1,F-71,245,44:38,51.58%
550,Leon Long,"Yucaipa, CA",689,44:38,14:22,M 40-49/52,M-40,305,44:50,30.59%
551,Calvin Henderson,"Garden Grove, CA",635,44:42,14:24,M 60-69/19,M-68,306,45:06,38.60%
552,Amanda Bell,"Fountain Valley, CA",531,44:53,14:27,F 19-29/41,F-29,246,45:33,32.99%
553,Alfredo Alba,"Cypress, CA",517,44:53,14:27,M 40-49/53,M-45,307,45:29,31.61%
554,Denise Yarbrough,"Cypress, CA",876,45:01,14:30,F 40-49/44,F-43,247,45:58,34.85%
555,Mary Meacham,"Oceanside, CA",721,45:22,14:36,F 30-39/58,F-39,248,46:10,33.59%
556,Dan Von Gries,"Cypress, CA",852,45:29,14:39,M 40-49/54,M-40,308,45:29,30.02%
557,Cindy Gleason,"Tustin, CA",105,46:12,14:53,F 40-49/45,F-43,249,46:20,33.96%
558,Afton Toliver,"Cypress, CA",939,46:13,14:53,F 19-29/42,F-24,250,47:24,32.03%
559,Alejandro Perez,"Placentia, CA",923,46:16,14:54,M 19-29/49,M-26,309,47:25,27.89%
560,Martin Rodriguez,"Buena Park, CA",10705,46:59,15:08,M 40-49/55,M-45,310,51:23,30.20%
561,Leila Rodriguez,"Buena Park, CA",10706,47:01,15:08,F 01-10/5,F-4,251,51:23, 0.00%
562,Michelle Haralson,"Cypress, CA",623,47:13,15:12,F 19-29/43,F-29,252,48:30,31.36%
563,Carole Blum,"Cypress, CA",537,47:20,15:14,F 60-69/6,F-68,253,48:11,46.11%
564,Brad Thornquist,"Lakewood, CA",839,47:24,15:16,M 40-49/56,M-46,311,48:29,30.14%
565,Anne Thonquist,"Lakewood, CA",838,47:26,15:16,F 30-39/59,F-35,254,48:30,31.53%
566,Stephanie Senese,"Huntington Beach, CA",810,47:31,15:18,F 19-29/44,F-22,255,47:31,31.16%
567,Lee Digregorio,"Anaheim, CA",10599,48:07,15:29,F 70-99/2,F-77,256,49:03,53.01%
568,Han Lee,"Cypress, CA",683,49:26,15:55,M 19-29/50,M-24,312,50:44,26.10%
569,Lisa Savina,"La Mesa, CA",804,49:32,15:57,F 19-29/45,F-28,257,50:21,29.89%
570,Jessica Erbe,"Cypress, CA",593,49:41,16:00,F 11-14/28,F-14,258,50:45,31.64%
571,Joan Simon,", ",501,49:41,16:00,F 60-69/7,F-61,259,50:12,39.46%
572,Todd Yamasaki,"Mission Viejo, CA",875,49:41,16:00,M 30-39/54,M-34,313,51:10,26.41%
573,Dennis Williams,"Lakewood, CA",945,50:34,16:17,M 50-59/46,M-54,314,50:57,30.14%
574,Gillian Jackson,"Cypress, CA",1055,51:08,16:28,F 01-10/6,F-5,260,52:25,39.94%
575,James Keston,", ",1346,51:56,16:43,M 50-59/47,M-51,315,53:12,28.64%
576,Taylor Sirset,"Orange, CA",815,52:25,16:53,F 11-14/29,F-14,261,52:53,29.99%
577,Teri Sirset,"Orange, CA",817,52:26,16:53,F 40-49/46,F-45,262,52:53,30.46%
578,Carol Rockwell,"Long Beach, CA",779,53:54,17:21,F 70-99/3,F-73,263,55:01,44.01%
579,Yik Voychong,", ",1095,55:53,17:59,M NoAge/0,M-0,316,56:11, 0.00%
580,Stephen Yam,"Cypress, CA",874,55:53,18:00,M 01-10/13,M-10,317,56:11,28.25%
581,Julie Abeyta,"Cerritos, CA",512,56:40,18:15,F 40-49/47,F-42,264,57:45,27.45%
582,Kathy King,"Long Beach, CA",673,56:41,18:15,F 60-69/8,F-61,265,57:11,34.59%
583,Bryan West,"Cerritos, CA",861,56:42,18:15,M 40-49/57,M-43,318,57:47,24.64%
584,John Bennett,"Cypress, CA",1300,57:00,18:21,M 50-59/48,M-59,319,58:32,27.90%
585,Jose J Fregoso,"Dana Point, CA",600,57:47,18:36,M 30-39/55,M-38,320,57:47,23.28%
586,Joseph Dagley,"Huntington Beach, CA",1307,59:49,19:16,M 50-59/49,M-53,321,1:01:22,25.28%
587,Lani Lucero,"Costa Mesa, CA",189,1:00:19,19:25,F 40-49/48,F-41,266,1:00:19,25.59%
588,Michele Tagami,", ",1102,1:00:58,19:38,F NoAge/0,F-0,267,1:02:11, 0.00%
589,Jane Oshiro,", ",1101,1:02:18,20:03,F NoAge/0,F-0,268,1:03:31, 0.00%
590,Victor Soto,"Anaheim, CA",10512,1:04:06,20:38,M 40-49/58,M-47,322,1:04:40,22.47%
591,Brynn Keaty,"Huntington Beach, CA",155,1:17:49,25:03,F 30-39/60,F-31,269,1:18:56,19.04%
592,Jonas Holl,"Buena Park, CA",132,1:18:02,25:07,M 30-39/56,M-34,323,1:18:02,16.81%
