Place,Name,Location,Bib,Net Time,Pace,Division/Place,Sex-Age,Sex-Place,Gun Time,Age Grade
1,Chris Coleman,"Moorpark, CA",306,16:41,5:22,M 15-19/1,M-15,1,16:41,81.99%
2,Manny Villagomez,"Thousand Oaks, CA",305,17:45,5:43,M 15-19/2,M-16,2,17:45,75.57%
3,Sean Grumney,"Newbury Park, CA",247,18:01,5:48,M 15-19/3,M-15,3,18:02,75.77%
4,Cesar Ronquillo,"Agoura Hills, CA",280,18:46,6:03,M 25-29/1,M-27,4,18:47,67.33%
5,Phillip Wright,"Newbury Park, CA",264,18:48,6:03,M 50-54/1,M-51,5,18:50,77.35%
6,Paul Granger,"Moorpark, CA",242,19:20,6:14,M 25-29/2,M-29,6,19:21,65.35%
7,Matthew Wofford,"Thousand Oaks, CA",208,19:45,6:22,M 15-19/4,M-19,7,19:46,65.24%
8,Dave Czerwonka,"Thousand Oaks, CA",317,20:05,6:28,M 40-44/1,M-44,8,20:08,68.50%
9,Juan Satos,"Thousand Oaks, CA",361,20:22,6:34,M NoAge/0,M-0,9,20:22, 0.00%
10,Dennis Joe,"Los Angeles, CA",246,20:26,6:35,M 60-64/1,M-61,10,20:27,78.29%
11,Tom Schmidhauser,"Camarillo, CA",169,20:41,6:40,M 50-54/2,M-51,11,20:42,70.30%
12,Sean Pennel,"Calabasas, CA",148,21:02,6:47,M 25-29/3,M-26,12,21:10,60.07%
13,Michael St Clair,"Woodland Hills, CA",230,21:19,6:52,M 25-29/4,M-29,13,21:20,59.27%
14,Kirk Waldron,"Westlake Village, CA",265,21:40,6:59,M 45-49/1,M-45,14,21:43,63.97%
15,Adam Mills,"Oak Park, CA",129,22:00,7:05,M 15-19/5,M-17,15,22:10,60.03%
16,Michael Clarke,"Westlake Village, CA",303,22:14,7:10,M 50-54/3,M-50,16,22:17,64.85%
17,Ondrej Nemec,"Thousand Oaks, CA",251,22:27,7:14,M 30-34/1,M-32,17,22:29,56.52%
18,Julia Lomino,"Westlake Village, CA",320,22:36,7:17,F 15-19/1,F-15,1,22:36,65.73%
19,Matthew Bevan,"Westlake Village, CA",34,23:07,7:27,M 10-14/1,M-12,18,23:07,63.41%
20,Asher Vandevort,"Westlake Village, CA",195,23:17,7:30,M 10-14/2,M-13,19,23:19,61.25%
21,David Philbrick,"Westlake Village, CA",256,23:20,7:31,M 50-54/4,M-52,20,23:23,62.85%
22,Howarth Rowe,"Thousand Oaks, CA",282,23:28,7:34,M 45-49/2,M-45,21,23:30,59.06%
23,Ralph Villa,"Oxnard, CA",314,23:58,7:43,M 45-49/3,M-48,22,24:12,59.19%
24,Veronica Ramirez,"Oxnard, CA",313,24:01,7:44,F 30-34/1,F-34,2,24:15,58.85%
25,Angela Salveo,"Thousand Oaks, CA",279,24:18,7:50,F 25-29/1,F-28,3,24:25,57.91%
26,Robert Kelly,"Westlake Village, CA",330,24:27,7:52,M 40-44/2,M-42,23,24:30,55.45%
27,R R,", ",250,24:31,7:54,M NoAge/0,M-0,24,24:35, 0.00%
28,Michael Kirchner,"Westlake Village, CA",254,24:34,7:55,M 45-49/4,M-45,25,24:36,56.41%
29,Terry Hudson,"Westlake Village, CA",358,24:42,7:57,M 40-44/3,M-44,26,24:44,55.69%
30,Samer Khattab,"West Hollywood, CA",103,24:45,7:58,M 40-44/4,M-43,27,24:51,55.17%
31,Jeff Wofford,"Thousand Oaks, CA",207,25:10,8:06,M 50-54/5,M-51,28,25:13,57.77%
32,David Maslan,"Westlake Village, CA",350,25:12,8:07,M 10-14/3,M-11,29,25:13,60.08%
33,Jack Noe,"Westlake Village, CA",139,25:13,8:07,M 45-49/5,M-47,30,25:22,55.81%
34,Putter Ashford,"Thousand Oaks, CA",299,25:37,8:15,M 25-29/5,M-25,31,25:46,49.31%
35,Tony Busone,"Granada Hills, CA",259,25:52,8:20,M 60-64/2,M-61,32,26:00,61.83%
36,Conner Velarde,"Oak Park, CA",198,25:53,8:20,M 15-19/6,M-15,33,25:56,52.72%
37,Victoria Gust,"Thousand Oaks, CA",78,26:01,8:23,F 30-34/2,F-32,4,26:10,54.08%
38,Joi Benkert,"Westlake Village, CA",31,26:02,8:23,F 45-49/1,F-46,5,26:11,58.82%
39,Timothy Beccue,"Westlake Village, CA",335,26:04,8:24,M 10-14/4,M-12,34,26:05,56.23%
40,Mark Gurich,"Thousand Oaks, CA",77,26:05,8:24,M 40-44/5,M-40,35,26:10,51.25%
41,Frank Bass,"Calabasas, CA",352,26:06,8:24,M 70-99/1,M-73,36,26:21,71.53%
42,James Schmidhauser,"Camarillo, CA",167,26:07,8:25,M 10-14/5,M-13,37,26:13,54.60%
43,John Sottile,"Westlake Village, CA",342,26:09,8:25,M 10-14/6,M-11,38,26:10,57.90%
44,Carolyn Noe,"Westlake Village, CA",138,26:19,8:28,F 45-49/2,F-49,6,26:26,59.86%
45,Amanda Peters,"Westlake Village, CA",309,26:19,8:29,F 10-14/1,F-10,7,26:24,63.05%
46,Jennifer Carango,"Agoura Hills, CA",41,26:23,8:30,F 45-49/3,F-45,8,26:27,57.54%
47,Joe Aguirre,"Fillmore, CA",260,26:23,8:30,M 55-59/1,M-57,39,26:30,58.19%
48,Elyssa Peskin,"Chatsworth, CA",149,26:23,8:30,F 35-39/1,F-38,9,26:30,54.71%
49,Anthony Andre,"Ventura, CA",17,26:26,8:31,M 25-29/6,M-29,40,26:38,47.79%
50,Taryn Parr,"Simi Valley, CA",227,26:32,8:33,F 10-14/2,F-12,10,29:55,58.99%
51,Jeanne Betzendorfe,"Thousand Oaks, CA",253,26:35,8:34,F 50-54/1,F-53,11,26:39,61.86%
52,Catarina Castaneda,"Ventura, CA",276,26:35,8:34,F 30-34/3,F-33,12,26:41,52.99%
53,Robert Maron,"Thousand Oaks, CA",302,26:38,8:35,M 55-59/2,M-57,41,26:41,57.64%
54,Robert Soldat,"Thousand Oaks, CA",175,26:48,8:38,M 30-34/2,M-31,42,27:07,47.13%
55,Pete Newman,"Westlake Village, CA",272,26:48,8:38,M 70-99/2,M-72,43,26:50,68.61%
56,Eric Howard,"Westlake Village, CA",345,26:49,8:38,M 35-39/1,M-37,44,26:57,48.85%
57,Natalie Zavala,"Thousand Oaks, CA",304,27:11,8:45,F 1-9/1,F-6,13,27:30,77.51%
58,Benji Zavala,"Thousand Oaks, CA",287,27:11,8:45,M 40-44/6,M-42,45,27:31,49.87%
59,Nick Ziolkowski,"Westlake Village, CA",301,27:17,8:47,M 10-14/7,M-12,46,27:17,53.72%
60,Mark McGough,"Westlake Village, CA",318,27:18,8:47,M 45-49/6,M-46,47,27:24,51.15%
61,Jonathan Landon,"Newbury Park, CA",107,27:18,8:48,M 45-49/7,M-46,48,27:23,51.15%
62,Sharon Bronstein,"Thousand Oaks, CA",248,27:18,8:48,F 25-29/2,F-26,14,27:28,51.54%
63,Christine Czerwonk,"Thousand Oaks, CA",316,27:21,8:49,F 35-39/2,F-36,15,27:32,52.20%
64,Maria Diaz Garcia,"Westlake Village, CA",312,27:23,8:49,F 10-14/3,F-10,16,27:39,60.59%
65,Bruce Coffing,"Chicago, IL",325,27:32,8:52,M 35-39/2,M-36,49,27:49,47.27%
66,Summer Purvis,"Simi Valley, CA",277,27:43,8:56,F 30-34/4,F-33,17,28:05,50.79%
67,Larry Barton,"Agoura Hills, CA",268,27:48,8:57,M 55-59/3,M-59,50,27:52,56.33%
68,Scott Schmidhauser,"Camarillo, CA",168,27:51,8:58,M 10-14/8,M-12,51,28:01,52.63%
69,Stanley Owens,"Oak Park, CA",143,27:55,9:00,M 40-44/7,M-40,52,28:10,47.88%
70,Lynn Jurss,"Thousand Oaks, CA",291,27:57,9:00,F 40-44/1,F-44,18,28:05,53.86%
71,Zachary Carango,"Agoura Hills, CA",42,28:09,9:04,M 10-14/9,M-14,53,28:14,49.47%
72,Jim Chesnutt,"Simi Valley, CA",50,28:14,9:06,M 40-44/8,M-41,54,28:26,47.68%
73,Michael Resar,"Agoura Hills, CA",156,28:15,9:06,M 30-34/3,M-33,55,28:32,45.19%
74,John Johnson,"Westlake Village, CA",331,28:21,9:08,M 40-44/9,M-44,56,28:41,48.52%
75,Don Coppersmith,"Newbury Park, CA",273,28:37,9:13,M 45-49/8,M-45,57,28:46,48.43%
76,Maureen Kajiwara,"Moorpark, CA",234,28:42,9:14,F 35-39/3,F-37,19,29:28,50.00%
77,Kimberly Nethercot,"Moorpark, CA",136,28:47,9:16,F 25-29/3,F-26,20,28:53,48.88%
78,David Antalick,"Woodland Hills, CA",211,28:49,9:17,M 25-29/7,M-26,58,29:08,43.83%
79,Alyse Brehm,"Westlake Village, CA",349,28:57,9:20,F 15-19/2,F-17,21,29:14,50.02%
80,Julie O'Reilly,"West Hills, CA",141,29:00,9:20,F 35-39/4,F-35,22,29:11,48.98%
81,Madeline Christen,"Thousand Oaks, CA",289,29:07,9:23,F 10-14/4,F-12,23,29:09,53.76%
82,Michael Weingarden,"Camarillo, CA",201,29:13,9:25,M 40-44/10,M-42,59,29:28,46.37%
83,Julie Miller,"Westlake Village, CA",128,29:19,9:26,F 15-19/3,F-17,24,29:35,49.40%
84,Jason Romero,"Newbury Park, CA",319,29:23,9:28,M 30-34/4,M-32,60,29:28,43.18%
85,Ryan Friedman,"Agoura Hills, CA",69,29:25,9:29,M 10-14/10,M-14,61,29:31,47.34%
86,Francis Mowry,"Westlake Village, CA",132,29:26,9:29,M 15-19/7,M-16,62,29:34,45.55%
87,Nicole Ross,"Westlake Village, CA",161,29:26,9:29,F 20-24/1,F-22,25,29:34,47.80%
88,Bonnie Clark,"Agoura Hills, CA",52,29:34,9:31,F 45-49/4,F-46,26,29:41,51.79%
89,Dani McGinnis,"Hidden Hills, CA",223,29:42,9:34,F 10-14/5,F-12,27,29:45,52.70%
90,Randol Taylor,"Westlake Village, CA",351,29:43,9:34,M 40-44/11,M-40,63,29:47,44.98%
91,Ann Miller,"Westlake Village, CA",127,29:48,9:36,F 50-54/2,F-50,28,30:01,53.40%
92,Benjamin Bartos,"San Francisco, CA",27,29:49,9:36,M 30-34/5,M-32,64,29:55,42.55%
93,Kelly Anderson,"Moorpark, CA",16,29:50,9:37,F 30-34/5,F-30,29,29:57,47.16%
94,Jill Duim,"Thousand Oaks, CA",62,29:53,9:38,F 10-14/6,F-13,30,29:57,51.26%
95,Jon Duim,"Thousand Oaks, CA",63,29:54,9:38,M 45-49/9,M-48,65,29:57,47.43%
96,Collin McCarthy,"Los Angeles, CA",221,29:54,9:38,M 1-9/1,M-9,66,30:05,55.12%
97,Mary Christensen,"Thousand Oaks, CA",288,30:06,9:42,F 45-49/5,F-45,31,30:08,50.43%
98,Nathan Hoyt,"Simi Valley, CA",92,30:06,9:42,M 25-29/8,M-25,67,30:22,41.96%
99,Lori Bonfiglio,"Newbury Park, CA",274,30:07,9:42,F 40-44/2,F-43,32,30:24,49.59%
100,Ronald Hunadi,"Mesquite, NV",94,30:08,9:42,M 55-59/4,M-56,68,30:22,50.46%
101,Kevin McCarthy,"Oak Park, CA",222,30:11,9:43,M 45-49/10,M-45,69,30:21,45.91%
102,Hunter Shafer,"Long Beach, CA",229,30:18,9:45,M 30-34/6,M-34,70,30:36,42.40%
103,Robert Charles,"Agoura Hills, CA",44,30:35,9:51,M 30-34/7,M-31,71,30:46,41.30%
104,Meaghan Shaffer,"Thousand Oaks, CA",286,30:40,9:53,F 35-39/5,F-36,33,30:58,46.55%
105,Abby Sloan,"Camarillo, CA",295,31:02,10:00,F 10-14/7,F-13,34,31:14,49.36%
106,Racheal Sloan,"Camarillo, CA",293,31:03,10:00,F 20-24/2,F-22,35,31:15,45.31%
107,Anu Garrity,"Thousand Oaks, CA",213,31:11,10:02,F 35-39/6,F-35,36,31:23,45.55%
108,Keelin Garrity,"Thousand Oaks, CA",214,31:14,10:03,M 1-9/2,M-7,72,31:23,59.95%
109,Wendy Mirisch,"Thousand Oaks, CA",130,31:14,10:04,F 30-34/6,F-33,37,31:30,45.10%
110,Melanie Gnad,"Simi Valley, CA",71,31:15,10:04,F 60-64/1,F-61,38,31:23,58.48%
111,Marc Mirisch,"Thousand Oaks, CA",307,31:15,10:04,M 35-39/3,M-35,73,31:30,41.37%
112,Karen Popp,"Thousand Oaks, CA",150,31:27,10:08,F 35-39/7,F-39,39,31:43,46.17%
113,Jeremy Lux,"Thousand Oaks, CA",115,31:36,10:11,M 45-49/11,M-47,74,31:43,44.53%
114,R J Lopez,"Westlake Village, CA",324,31:37,10:11,M 70-99/3,M-72,75,31:45,58.15%
115,Glenn Tomen,"Thousand Oaks, CA",190,31:45,10:13,M 10-14/11,M-14,76,31:51,43.86%
116,Matt Swogger,"Calabasas, CA",284,31:46,10:14,M 45-49/12,M-48,77,32:13,44.65%
117,Sasha Bowen,"Agoura, CA",36,31:57,10:17,F 15-19/4,F-15,40,32:06,46.38%
118,Cecilia McBurnie,"Westlake Village, CA",118,32:20,10:25,F 60-64/2,F-64,41,32:27,59.24%
119,Valerie Kingston,"Simi Valley, CA",104,32:27,10:27,F 35-39/8,F-37,42,33:12,44.22%
120,Nicole McGinnis,"Hidden Hills, CA",226,32:27,10:27,F 1-9/2,F-7,43,32:30,59.63%
121,John McGinnis,"Hidden Hills, CA",224,32:27,10:27,M 45-49/13,M-47,78,32:30,43.36%
122,Teresa Lima,"Agoura Hills, CA",114,32:29,10:28,F 50-54/3,F-52,44,32:40,50.05%
123,Paul Merritt,"Moorpark, CA",125,32:29,10:28,M 45-49/14,M-49,79,32:41,44.01%
124,Beth Greulich,"Westlake Village, CA",354,32:34,10:29,F 45-49/6,F-47,45,32:46,47.44%
125,Amber Sloan,"Camarillo, CA",294,32:39,10:31,F 15-19/5,F-16,46,32:50,44.82%
126,Peter Sloan,"Camarillo, CA",292,32:40,10:31,M 40-44/12,M-42,80,32:51,41.50%
127,Tyler Gold,"Westlake Village, CA",74,32:53,10:35,M 35-39/4,M-37,81,33:07,39.83%
128,Angela Gold,"Westlake Village, CA",73,32:53,10:35,F 35-39/9,F-37,47,33:06,43.64%
129,Aimee Baldwin,"Thousand Oaks, CA",24,33:07,10:40,F 30-34/7,F-32,48,33:19,42.48%
130,Gerard Tomen,"Thousand Oaks, CA",189,33:07,10:40,M 10-14/12,M-10,82,33:12,47.51%
131,Amy Ashford,"Thousand Oaks, CA",298,33:07,10:40,F 25-29/4,F-27,49,33:16,42.48%
132,Ben Laparne,"Simi Valley, CA",109,33:08,10:40,M 60-64/3,M-61,83,33:21,48.26%
133,Aidan Garrity,"Thousand Oaks, CA",212,33:09,10:40,M 1-9/3,M-6,84,33:18,61.89%
134,Alan Friedman,"Moorpark, CA",283,33:10,10:41,M 60-64/4,M-62,85,33:15,48.72%
135,Dawn Mortara,"Moorpark, CA",131,33:19,10:44,F 60-64/3,F-60,50,33:36,54.05%
136,Cyndi Brewer,"Simi Valley, CA",37,33:20,10:44,F 25-29/5,F-26,51,33:35,42.21%
137,Jenny Terry,"Lake Sherwood, CA",329,33:35,10:49,F 15-19/6,F-19,52,33:53,42.42%
138,Cynthia Ray,"Simi Valley, CA",154,33:40,10:50,F 30-34/8,F-31,53,34:27,41.79%
139,Francine Pitassi,"Simi Valley, CA",271,33:41,10:51,F 40-44/3,F-42,54,33:45,44.00%
140,Katina Landon,"Newbury Park, CA",108,33:44,10:52,F 15-19/7,F-19,55,33:49,42.23%
141,Cathie Shinko,"Thousand Oaks, CA",322,33:59,10:57,F 35-39/10,F-38,56,34:04,42.47%
142,Laurie Dichtel,"Woodland Hills, CA",59,34:13,11:01,F 55-59/1,F-56,57,34:23,49.84%
143,Corey Palmieri,"Newbury Park, CA",146,34:24,11:05,F 25-29/6,F-26,58,34:35,40.90%
144,Edward Chavannes,"Newbury Park, CA",46,34:26,11:05,M 40-44/13,M-44,86,34:36,39.94%
145,Julie Chavannes,"Newbury Park, CA",47,34:27,11:06,F 35-39/11,F-39,59,34:36,42.15%
146,Tara Peters,"Westlake Village, CA",308,34:30,11:07,F 30-34/9,F-33,60,34:34,40.82%
147,Tram Melvin,"Thousand Oaks, CA",232,34:32,11:07,F 35-39/12,F-36,61,34:40,41.33%
148,Josie Betancourt,"Westlake Village, CA",32,34:51,11:13,F 45-49/7,F-46,62,35:11,43.93%
149,Faith Ranney,"Canoga Park, CA",153,34:51,11:13,F 55-59/2,F-56,63,35:02,48.93%
150,Michelle Kallman,"Thousand Oaks, CA",98,35:14,11:21,F 30-34/10,F-33,64,35:32,39.97%
151,Brett Kallman,"Thousand Oaks, CA",96,35:19,11:22,M 1-9/4,M-8,87,35:32,49.38%
152,Beth Yacullo,"Chicago, IL",326,35:21,11:23,F 30-34/11,F-34,65,35:39,40.00%
153,Sue Southerland,"Oak Park, CA",255,35:23,11:24,F 50-54/4,F-54,66,35:27,47.00%
154,Katie Charles,"Agoura Hills, CA",43,35:25,11:24,F 30-34/12,F-31,67,35:35,39.72%
155,Sean Talbot,"Westlake Village, CA",401,36:02,11:36,M 10-14/13,M-13,88,36:13,39.57%
156,Andrew McLaughlin,"Granada Hills, CA",123,36:19,11:42,M 10-14/14,M-11,89,36:19,41.68%
157,Heather Hoyt,"Thousand Oaks, CA",91,36:36,11:47,F 30-34/13,F-30,68,36:49,38.44%
158,Tristan Carta,"Thousand Oaks, CA",341,36:40,11:49,M 1-9/5,M-6,90,37:04,55.95%
159,John Carta,"Thousand Oaks, CA",339,36:50,11:52,M 35-39/5,M-37,91,37:14,35.56%
160,Susan Ash,"Westlake Village, CA",22,36:59,11:55,F 55-59/3,F-56,69,37:29,46.11%
161,Kerry Kallman,"Thousand Oaks, CA",97,37:58,12:13,M 35-39/6,M-36,92,38:25,34.27%
162,Tate Kallman,"Thousand Oaks, CA",99,38:15,12:19,M 1-9/6,M-7,93,38:26,48.95%
163,George Tomen,"Thousand Oaks, CA",188,38:23,12:21,M 40-44/14,M-43,94,38:30,35.57%
164,William Heritier,"Oak Park, CA",348,38:44,12:28,M 40-44/15,M-40,95,39:03,34.51%
165,Vanessa Heritier,"Oak Park, CA",347,38:45,12:29,F 30-34/14,F-33,70,39:03,36.33%
166,Chris Thomas,"Thousand Oaks, CA",238,39:32,12:44,F 45-49/8,F-46,71,39:53,38.73%
167,Mark Lang,"Westlake Village, CA",333,39:35,12:45,M 35-39/7,M-39,96,39:59,33.53%
168,Michael Lang,"Westlake Village, CA",334,39:36,12:45,M 1-9/7,M-8,97,39:59,44.04%
169,Vince Lopez,"Thousand Oaks, CA",236,39:49,12:49,M 45-49/15,M-45,98,40:10,34.80%
170,Jill Wise,"Westlake Village, CA",285,39:55,12:51,F 40-44/4,F-42,72,40:38,37.13%
171,Pedro Serramalera,"Westlake Village, CA",173,39:56,12:52,M 50-54/6,M-50,99,40:04,36.09%
172,Amanda Talbot,"Westlake Village, CA",184,40:12,12:57,F 35-39/13,F-36,73,40:24,35.50%
173,John Harbourne,"Lake Sherwood, CA",81,40:36,13:04,M 65-69/1,M-68,100,40:45,42.81%
174,Emilie Welch,"West Hills, CA",202,40:41,13:06,F 40-44/5,F-40,74,40:52,35.92%
175,Lori Carta,"Thousand Oaks, CA",340,41:58,13:31,F 35-39/14,F-36,75,42:23,34.01%
176,Tim Sottile,"Westlake Village, CA",343,42:29,13:41,M 45-49/16,M-48,101,42:32,33.38%
177,Ruth Cole,"Studio City, CA",54,42:46,13:46,F 70-99/1,F-77,76,42:52,58.39%
178,Mary Guy,"Westlake Village, CA",79,43:45,14:05,F 55-59/4,F-59,77,43:51,40.57%
179,Denise Adams,"Simi Valley, CA",12,43:45,14:05,F 40-44/6,F-44,78,43:51,34.40%
180,Jan Duffy,"Thousand Oaks, CA",61,43:46,14:05,F 65-69/1,F-66,79,43:52,45.27%
181,Janet Chase,"Moorpark, CA",45,43:48,14:06,F 50-54/5,F-52,80,43:54,37.11%
182,Allyson Haim,"Camarillo, CA",80,44:26,14:18,F 30-34/15,F-31,81,44:41,31.66%
183,Monica Hill,"Westlake Village, CA",86,44:33,14:21,F 30-34/16,F-32,82,44:49,31.58%
184,Patricia Rand,"Thousand Oaks, CA",152,44:34,14:21,F 30-34/17,F-33,83,44:49,31.60%
185,Barbara Spear,"Thousand Oaks, CA",178,45:25,14:37,F 60-64/4,F-62,84,45:39,40.85%
186,Kathleen Chavannes,"Newbury Park, CA",48,45:29,14:39,F 15-19/8,F-18,85,45:39,31.55%
187,Emma Candelario,"Moorpark, CA",40,45:44,14:44,F 15-19/9,F-17,86,45:46,31.66%
188,Jake Risher,"West Hills, CA",159,45:49,14:45,M 10-14/15,M-12,102,46:18,31.98%
189,Cindy Morrell,"Thousand Oaks, CA",239,46:24,14:56,F 45-49/9,F-47,87,46:45,33.29%
190,Lorie Faulkner,"Arleta, CA",66,46:45,15:03,F 45-49/10,F-49,88,47:01,33.69%
191,Baro Jovi Usude,"Agoura Hills, CA",270,47:14,15:13,F 10-14/8,F-13,89,47:17,32.42%
192,Marisa Santoru,"Agoura Hills, CA",269,47:18,15:14,F 15-19/10,F-15,90,47:19,31.33%
193,Melissa Aitkens,"Moorpark, CA",13,47:18,15:14,F 30-34/18,F-30,91,47:33,29.74%
194,Fran Rogers,"Westlake Village, CA",160,50:13,16:10,F 60-64/5,F-61,92,50:37,36.38%
195,John Hoos,"Westlake Village, CA",89,50:14,16:10,M 65-69/2,M-65,103,50:37,33.31%
196,Lili Marlene Tomen,"Thousand Oaks, CA",191,50:53,16:23,F 40-44/7,F-43,93,50:53,29.34%
197,Mickey Kampsen,"Camarillo, CA",100,52:09,16:48,F 55-59/5,F-57,94,52:17,33.12%
198,Seth Diamond,"Los Angeles, CA",58,54:14,17:28,M 40-44/16,M-44,104,54:28,25.36%
