Bib,Name,Gender,Age,Hometown,Overall,Men,M 40-44,Age/Grade,Finish,Chip Time,Gun Time,1.55
706,Greg Menegat,M,42,"Oak Park, CA",1 out of 175,1 out of 83,1 out of 13, 81.07% Place: 3,17:06 Pace: 5:31,17:06,17:06,8:37 Pace: 5:34
688,Mark Laplant,M,44,"Canyon Country, CA",2 out of 175,2 out of 83,2 out of 13, 81.86% Place: 2,17:12 Pace: 5:33,17:12,17:12,8:40 Pace: 5:35
748,Scott McAfee,M,18,"Westlake Village, CA",3 out of 175,3 out of 83,1 out of 4, 76.34% Place: 6,17:29 Pace: 5:38,17:29,17:29,8:25 Pace: 5:26
749,James McAfee,M,16,"Westlake Village, CA",4 out of 175,4 out of 83,2 out of 4, 77.55% Place: 5,17:41 Pace: 5:42,17:41,17:41,8:26 Pace: 5:27
547,Scott Fitzgerald,M,22,"Westlake Village, CA",5 out of 175,5 out of 83,1 out of 3, 69.86% Place: 13,18:29 Pace: 5:57,18:29,18:29,            Pace:            
696,Chris Fisher,M,40,"Moorpark, CA",6 out of 175,6 out of 83,3 out of 13, 73.85% Place: 7,18:30 Pace: 5:58,18:30,18:31,9:14 Pace: 5:58
535,Adam Darby,M,30,"Thousand Oaks, CA",7 out of 175,7 out of 83,1 out of 9, 68.13% Place: 17,19:00 Pace: 6:07,19:00,19:00,9:16 Pace: 5:59
586,Dennis Joe,M,62,"Los Angeles, CA",8 out of 175,8 out of 83,1 out of 3, 84.54% Place: 1,19:19 Pace: 6:13,19:19,19:19,9:33 Pace: 6:10
408,Edmond Roche,M,16,"Thousand Oaks, CA",9 out of 175,9 out of 83,3 out of 4, 70.80% Place: 11,19:22 Pace: 6:14,19:22,19:22,9:23 Pace: 6:03
687,Lara Lay,F,39,"Camarillo, CA",10 out of 175,1 out of 92,1 out of 13, 77.79% Place: 4,19:36 Pace: 6:19,19:36,19:36,9:29 Pace: 6:08
680,Tj Wuesthoff,M,15,"Newbury Park, CA",11 out of 175,10 out of 83,4 out of 4, 69.41% Place: 15,20:04 Pace: 6:28,20:04,20:04,9:31 Pace: 6:08
551,Roman Garcia,M,45,"Camarillo, CA",12 out of 175,11 out of 83,1 out of 10, 68.91% Place: 16,20:36 Pace: 6:38,20:36,20:36,9:58 Pace: 6:26
578,Steve Hornstein,M,42,"Tarzana, CA",13 out of 175,12 out of 83,4 out of 13, 65.90% Place: 22,21:02 Pace: 6:46,21:02,21:02,9:48 Pace: 6:20
730,Kirk Waldron,M,46,"Westlake Village, CA",14 out of 175,13 out of 83,2 out of 10, 67.43% Place: 19,21:12 Pace: 6:50,21:12,21:12,10:13 Pace: 6:35
743,Dylan Leung,M,14,"Westlake Village, CA",15 out of 175,14 out of 83,1 out of 10, 66.85% Place: 20,21:14 Pace: 6:50,21:14,21:14,10:29 Pace: 6:46
587,Brock Jones,M,33,"Simi Valley, CA",16 out of 175,15 out of 83,2 out of 9, 61.17% Place: 35,21:21 Pace: 6:53,21:21,21:25,10:48 Pace: 6:58
553,Brian Gaul,M,11,"Agoura Hills, CA",17 out of 175,16 out of 83,2 out of 10, 71.61% Place: 9,21:23 Pace: 6:53,21:23,21:25,10:47 Pace: 6:58
736,Mark Nichta,M,49,"Westlake Village, CA",18 out of 175,17 out of 83,3 out of 10, 67.90% Place: 18,21:34 Pace: 6:57,21:34,21:39,10:54 Pace: 7:02
693,Tom Schmidhauser,M,52,"Camarillo, CA",19 out of 175,18 out of 83,1 out of 9, 69.47% Place: 14,21:34 Pace: 6:57,21:34,21:36,10:41 Pace: 6:53
738,Ondrej Nemec,M,33,"Thousand Oaks, CA",20 out of 175,19 out of 83,3 out of 9, 60.09% Place: 42,21:44 Pace: 7:00,21:44,21:46,10:36 Pace: 6:51
694,James Schmidhauser,M,14,"Camarillo, CA",21 out of 175,20 out of 83,3 out of 10, 65.11% Place: 24,21:48 Pace: 7:01,21:48,21:50,10:48 Pace: 6:58
702,Toshihide Tsugawa,M,52,"Encino, CA",22 out of 175,21 out of 83,2 out of 9, 66.84% Place: 21,22:25 Pace: 7:13,22:25,22:25,            Pace:            
407,Alex Ordonez,M,31,"Moorpark, CA",23 out of 175,22 out of 83,4 out of 9, 57.84% Place: 53,22:26 Pace: 7:14,22:26,22:30,11:03 Pace: 7:08
674,Robert Wickwire,M,41,"Agoura Hills, CA",24 out of 175,23 out of 83,5 out of 13, 60.40% Place: 39,22:47 Pace: 7:20,22:47,22:58,11:30 Pace: 7:25
565,Gary Halpin,M,36,"Newbury Park, CA",25 out of 175,24 out of 83,1 out of 8, 57.85% Place: 52,22:57 Pace: 7:24,22:57,23:00,10:48 Pace: 6:58
439,John Sanford,M,50,"Westlake Village, CA",26 out of 175,25 out of 83,3 out of 9, 63.67% Place: 29,23:11 Pace: 7:28,23:11,26:44,11:27 Pace: 7:23
564,April Halpin,F,35,"Newbury Park, CA",27 out of 175,2 out of 92,2 out of 13, 64.35% Place: 27,23:17 Pace: 7:30,23:15,23:17,11:29 Pace: 7:25
715,Howarth Rowe,M,46,"Thousand Oaks, CA",28 out of 175,26 out of 83,4 out of 10, 60.91% Place: 37,23:28 Pace: 7:34,23:28,23:29,10:55 Pace: 7:03
537,Chris Djernes,M,54,"Westlake Village, CA",29 out of 175,27 out of 83,4 out of 9, 64.87% Place: 26,23:30 Pace: 7:34,23:30,23:36,11:31 Pace: 7:26
740,David Chioffi,M,66,"Woodstock, VT",30 out of 175,28 out of 83,1 out of 5, 71.75% Place: 8,23:37 Pace: 7:37,23:37,23:40,11:39 Pace: 7:31
580,Diana Houser,F,41,"Thousand Oaks, CA",31 out of 175,3 out of 92,1 out of 11, 64.98% Place: 25,23:46 Pace: 7:39,23:46,23:46,11:46 Pace: 7:36
666,Troy Walbert,M,13,"Camarillo, CA",32 out of 175,29 out of 83,4 out of 10, 61.01% Place: 36,23:47 Pace: 7:40,23:47,23:52,11:30 Pace: 7:26
404,James Frederick,M,30,"Moorpark, CA",33 out of 175,30 out of 83,5 out of 9, 54.34% Place: 66,23:49 Pace: 7:40,23:49,23:56,11:45 Pace: 7:35
573,Kurt Harris,M,21,"Camarillo, CA",34 out of 175,31 out of 83,2 out of 3, 54.34% Place: 67,23:51 Pace: 7:41,23:51,23:55,11:30 Pace: 7:26
711,Holly Russ,F,39,"Westlake Village, CA",35 out of 175,4 out of 92,3 out of 13, 63.69% Place: 28,23:56 Pace: 7:43,23:56,23:58,11:47 Pace: 7:36
709,Kyle Anderson,M,12,"Oak Park, CA",36 out of 175,32 out of 83,5 out of 10, 62.03% Place: 31,23:59 Pace: 7:44,23:59,24:02,12:00 Pace: 7:45
635,Brittany Reese,F,19,"Thousand Oaks, CA",37 out of 175,5 out of 92,1 out of 10, 61.87% Place: 33,24:01 Pace: 7:44,24:01,24:14,12:01 Pace: 7:45
605,Carlos Luna,M,37,"West Hills, CA",38 out of 175,33 out of 83,2 out of 8, 54.38% Place: 65,24:34 Pace: 7:55,24:34,24:36,12:08 Pace: 7:50
661,Mark Teitelbaum,M,51,"Beverly Hills, CA",39 out of 175,34 out of 83,5 out of 9, 60.52% Place: 38,24:35 Pace: 7:55,24:35,24:42,12:34 Pace: 8:07
720,Kevin Ellington,M,22,"Westlake Village, CA",40 out of 175,35 out of 83,3 out of 3, 52.44% Place: 78,24:37 Pace: 7:56,24:37,24:37,12:03 Pace: 7:46
515,Matthew Bevan,M,13,"Westlake Village, CA",41 out of 175,36 out of 83,6 out of 10, 58.90% Place: 46,24:38 Pace: 7:56,24:38,24:39,12:35 Pace: 8:08
552,Alan Gaul,M,11,"Agoura Hills, CA",42 out of 175,37 out of 83,7 out of 10, 61.99% Place: 32,24:42 Pace: 7:57,24:42,24:45,12:17 Pace: 7:56
679,Jonathan Wu,M,32,"Thousand Oaks, CA",43 out of 175,38 out of 83,6 out of 9, 52.49% Place: 77,24:47 Pace: 7:59,24:47,24:55,12:25 Pace: 8:01
727,Jon Irwin,M,48,"Thousand Oaks, CA",44 out of 175,39 out of 83,5 out of 10, 58.34% Place: 50,24:54 Pace: 8:01,24:54,25:01,12:28 Pace: 8:03
716,Joseph Flatt,M,9,"Westlake Village, CA",45 out of 175,40 out of 83,1 out of 3, 65.57% Place: 23,24:57 Pace: 8:02,24:57,24:59,12:38 Pace: 8:09
417,Katrina Kuratli,F,38,"Thousand Oaks, CA",46 out of 175,6 out of 92,4 out of 13, 59.84% Place: 43,25:20 Pace: 8:10,25:20,25:27,12:38 Pace: 8:09
724,David Tumlin,M,38,"Simi Valley, CA",47 out of 175,41 out of 83,3 out of 8, 53.02% Place: 74,25:23 Pace: 8:11,25:23,25:39,12:54 Pace: 8:19
632,Wendy Raymond,F,37,"Westlake Village, CA",48 out of 175,7 out of 92,5 out of 13, 59.34% Place: 45,25:26 Pace: 8:12,25:26,25:29,12:22 Pace: 7:59
540,Danielle Domaloan,F,35,"Simi Valley, CA",49 out of 175,8 out of 92,6 out of 13, 58.74% Place: 48,25:28 Pace: 8:12,25:28,25:44,12:55 Pace: 8:20
533,Michael Cummings,M,56,"Westlake Village, CA",50 out of 175,42 out of 83,1 out of 2, 60.23% Place: 41,25:45 Pace: 8:18,25:45,25:53,12:37 Pace: 8:09
403,Marilyn Carter,F,26,"Moorpark, CA",51 out of 175,9 out of 92,1 out of 8, 56.70% Place: 57,26:07 Pace: 8:25,26:07,26:15,13:04 Pace: 8:26
614,Shannon Meyer,F,27,"Thousand Oaks, CA",52 out of 175,10 out of 92,2 out of 8, 56.63% Place: 58,26:09 Pace: 8:25,26:09,26:14,13:02 Pace: 8:25
712,Ken Tang,M,39,"Thousand Oaks, CA",53 out of 175,43 out of 83,4 out of 8, 51.75% Place: 86,26:12 Pace: 8:26,26:12,26:14,12:24 Pace: 8:00
440,Christine Magee,F,16,"Westlake Village, CA",54 out of 175,11 out of 92,2 out of 10, 58.32% Place: 51,26:15 Pace: 8:27,26:15,26:15,13:05 Pace: 8:27
441,Melissa Preish,F,17,", CA",55 out of 175,12 out of 92,3 out of 10, 57.51% Place: 55,26:18 Pace: 8:28,26:18,26:18,13:06 Pace: 8:27
741,Elaine Roche,F,38,"Westlake Village, CA",56 out of 175,13 out of 92,7 out of 13, 57.53% Place: 54,26:21 Pace: 8:29,26:21,26:26,13:27 Pace: 8:41
651,Robert Soldat,M,32,"Thousand Oaks, CA",57 out of 175,44 out of 83,7 out of 9, 49.34% Place: 102,26:22 Pace: 8:30,26:22,26:43,14:04 Pace: 9:05
511,Frank Bass,M,74,"Calabasas, CA",58 out of 175,45 out of 83,1 out of 3, 70.09% Place: 12,26:36 Pace: 8:34,26:36,26:45,13:40 Pace: 8:49
525,Jim Chesnutt,M,42,"Simi Valley, CA",59 out of 175,46 out of 83,6 out of 13, 51.81% Place: 84,26:45 Pace: 8:37,26:45,27:01,13:11 Pace: 8:30
719,Alicia Bueschen,F,29,"Oak Park, CA",60 out of 175,14 out of 92,3 out of 8, 54.88% Place: 64,26:59 Pace: 8:41,26:59,27:06,13:54 Pace: 8:59
556,Morgan Gilmore,F,11,"Simi Valley, CA",61 out of 175,15 out of 92,1 out of 8, 61.68% Place: 34,26:59 Pace: 8:42,26:59,27:06,13:55 Pace: 8:59
610,Jocelyn McCormick,F,33,"Oak Park, CA",62 out of 175,16 out of 92,1 out of 10, 55.10% Place: 62,27:00 Pace: 8:42,27:00,27:13,13:27 Pace: 8:41
555,James Gilmore,M,43,"Simi Valley, CA",63 out of 175,47 out of 83,7 out of 13, 51.76% Place: 85,27:00 Pace: 8:42,27:00,27:08,13:54 Pace: 8:59
566,Greg Hamer,M,51,"Thousand Oaks, CA",64 out of 175,48 out of 83,6 out of 9, 55.03% Place: 63,27:02 Pace: 8:42,27:02,27:05,13:05 Pace: 8:27
714,Paul Macaloso,M,45,"Oak Park, CA",65 out of 175,49 out of 83,6 out of 10, 52.43% Place: 79,27:04 Pace: 8:43,27:04,27:22,13:49 Pace: 8:55
746,Nick Ungermann,M,13,"Westlake Village, CA",66 out of 175,50 out of 83,8 out of 10, 52.70% Place: 76,27:32 Pace: 8:52,27:32,27:35,13:07 Pace: 8:28
739,T C Chioffi,M,39,"San Gabriel, CA",67 out of 175,51 out of 83,5 out of 8, 49.18% Place: 105,27:34 Pace: 8:53,27:34,27:44,13:05 Pace: 8:26
700,Lily Danziger,F,12,"Westlake Village, CA",68 out of 175,17 out of 92,2 out of 8, 58.78% Place: 47,27:43 Pace: 8:56,27:43,27:48,15:14 Pace: 9:50
506,Joseph Aquino,M,29,"Camarillo, CA",69 out of 175,52 out of 83,1 out of 1, 46.55% Place: 124,27:46 Pace: 8:57,27:46,28:04,13:42 Pace: 8:51
703,Judy Wechsler,F,63,"Calabasas, CA",70 out of 175,18 out of 92,1 out of 3, 71.57% Place: 10,28:13 Pace: 9:05,28:13,28:14,13:52 Pace: 8:57
367,Ivet Arambula,F,14,"Thousand Oaks, CA",71 out of 175,19 out of 92,3 out of 8, 55.67% Place: 60,28:15 Pace: 9:06,28:15,28:15,13:13 Pace: 8:32
701,Ryan Tauber,M,31,"Ventura, CA",72 out of 175,53 out of 83,8 out of 9, 45.87% Place: 128,28:17 Pace: 9:06,28:17,28:19,13:07 Pace: 8:28
519,Joseph Bowen,M,67,"Westlake Village, CA",73 out of 175,54 out of 83,2 out of 5, 60.33% Place: 40,28:20 Pace: 9:07,28:20,28:28,14:08 Pace: 9:07
624,Sasha Norton,F,33,"Ventura, CA",74 out of 175,20 out of 92,2 out of 10, 51.98% Place: 82,28:37 Pace: 9:13,28:37,28:54,13:47 Pace: 8:53
697,Ebelia Perez Lym,F,39,"Westlake Village, CA",75 out of 175,21 out of 92,8 out of 13, 53.26% Place: 72,28:37 Pace: 9:13,28:37,28:47,14:12 Pace: 9:10
416,Chris Reiff,M,38,"Ventura, CA",76 out of 175,55 out of 83,6 out of 8, 46.95% Place: 122,28:40 Pace: 9:14,28:40,28:59,15:17 Pace: 9:51
444,Kathryn Irwin,F,16,"Thousand Oaks, CA",77 out of 175,22 out of 92,4 out of 10, 53.34% Place: 70,28:42 Pace: 9:15,28:42,28:49,13:57 Pace: 9:00
447,Lauren Barnett,F,16,"Newbury Park, CA",78 out of 175,23 out of 92,5 out of 10, 53.34% Place: 71,28:42 Pace: 9:15,28:42,28:48,13:59 Pace: 9:01
689,Jeff Tirsch,M,41,"Agoura Hills, CA",79 out of 175,56 out of 83,8 out of 13, 47.83% Place: 115,28:46 Pace: 9:16,28:46,28:57,14:32 Pace: 9:22
695,Dawn Morgan,F,42,"Newbury Park, CA",80 out of 175,24 out of 92,2 out of 11, 54.02% Place: 68,28:48 Pace: 9:16,28:48,29:04,14:31 Pace: 9:22
707,Dione Cope,F,31,"Newbury Park, CA",81 out of 175,25 out of 92,3 out of 10, 51.45% Place: 89,28:49 Pace: 9:17,28:49,29:05,14:29 Pace: 9:21
708,David Anderson,M,46,"Oak Park, CA",82 out of 175,57 out of 83,7 out of 10, 49.59% Place: 101,28:49 Pace: 9:17,28:49,28:53,13:54 Pace: 8:58
717,Hailey Flatt,F,8,"Westlake Village, CA",83 out of 175,26 out of 92,1 out of 4, 62.72% Place: 30,28:54 Pace: 9:18,28:54,28:55,13:20 Pace: 8:36
732,Brian Rabinovitz,M,40,"Oak Park, CA",84 out of 175,58 out of 83,9 out of 13, 46.67% Place: 123,29:15 Pace: 9:25,29:15,29:18,14:23 Pace: 9:17
636,Jennifer Reese,F,23,"Thousand Oaks, CA",85 out of 175,27 out of 92,1 out of 8, 50.54% Place: 95,29:18 Pace: 9:26,29:18,29:32,14:46 Pace: 9:32
606,Nicole Marrs,F,26,"Oak Park, CA",86 out of 175,28 out of 92,4 out of 8, 50.11% Place: 99,29:33 Pace: 9:31,29:33,29:44,14:44 Pace: 9:30
698,Mark Hair,M,46,"Westlake Village, CA",87 out of 175,59 out of 83,8 out of 10, 48.31% Place: 111,29:35 Pace: 9:32,29:35,29:44,15:15 Pace: 9:50
699,Audrey Hair,F,11,"Westlake Village, CA",88 out of 175,29 out of 92,4 out of 8, 56.23% Place: 59,29:36 Pace: 9:32,29:36,29:44,15:14 Pace: 9:50
410,Taylor Sullivan,F,13,"Laurel, MD",89 out of 175,30 out of 92,5 out of 8, 53.25% Place: 73,30:00 Pace: 9:40,30:00,30:17,16:29 Pace: 10:38
615,David Mohr,M,42,"Westlake Village, CA",90 out of 175,60 out of 83,10 out of 13, 46.19% Place: 125,30:00 Pace: 9:40,30:00,30:08,13:54 Pace: 8:58
652,Shannon Soldat,F,26,"Thousand Oaks, CA",91 out of 175,31 out of 92,5 out of 8, 49.31% Place: 103,30:02 Pace: 9:40,30:02,30:23,14:06 Pace: 9:06
678,Todd Wiseman,M,46,"Thousand Oaks, CA",92 out of 175,61 out of 83,9 out of 10, 47.56% Place: 117,30:03 Pace: 9:41,30:03,30:28,15:08 Pace: 9:46
604,John Lewis,M,64,"Westlake Village, CA",93 out of 175,62 out of 83,2 out of 3, 55.33% Place: 61,30:03 Pace: 9:41,30:03,30:09,14:43 Pace: 9:30
630,Patricia Rand,F,34,"Thousand Oaks, CA",94 out of 175,32 out of 92,4 out of 10, 49.61% Place: 100,30:03 Pace: 9:41,30:03,30:28,15:08 Pace: 9:46
637,Tonya Roam,F,23,"Ventura, CA",95 out of 175,33 out of 92,2 out of 8, 49.22% Place: 104,30:05 Pace: 9:41,30:05,30:22,15:12 Pace: 9:49
442,Consuelo Gonzalez,F,15,"Thousand Oaks, CA",96 out of 175,34 out of 92,6 out of 10, 51.35% Place: 90,30:12 Pace: 9:43,30:12,30:15,14:49 Pace: 9:34
726,Limus Anusauskas,M,35,"Thousand Oaks, CA",97 out of 175,63 out of 83,7 out of 8, 43.68% Place: 133,30:12 Pace: 9:44,30:12,30:26,15:34 Pace: 10:03
725,Lina Anusauskiene,F,31,"Thousand Oaks, CA",98 out of 175,35 out of 92,5 out of 10, 49.09% Place: 107,30:12 Pace: 9:44,30:12,30:26,15:34 Pace: 10:03
665,Debbie Vardi,F,51,"Westlake Village, CA",99 out of 175,36 out of 92,1 out of 5, 56.73% Place: 56,30:13 Pace: 9:44,30:13,30:46,15:27 Pace: 9:58
737,Francine Pitassi,F,43,"Simi Valley, CA",100 out of 175,37 out of 92,3 out of 11, 51.73% Place: 87,30:20 Pace: 9:46,30:20,30:34,14:45 Pace: 9:31
628,David Ramirez,M,10,"Thousand Oaks, CA",101 out of 175,64 out of 83,9 out of 10, 51.92% Place: 83,30:25 Pace: 9:48,30:25,30:41,16:29 Pace: 10:38
406,Samantha Ordonez,F,24,"Moorpark, CA",102 out of 175,38 out of 92,3 out of 8, 48.66% Place: 109,30:26 Pace: 9:48,30:26,30:29,14:43 Pace: 9:30
681,Melinda Yong,F,30,"Valencia, CA",103 out of 175,39 out of 92,6 out of 10, 48.31% Place: 110,30:39 Pace: 9:52,30:39,30:40,15:41 Pace: 10:07
718,Elisabeth Lopez,F,34,"Westlake Village, CA",104 out of 175,40 out of 92,7 out of 10, 48.30% Place: 112,30:52 Pace: 9:56,30:52,31:00,15:01 Pace: 9:42
745,Chuck Ungermann,M,51,"Westlake Village, CA",105 out of 175,65 out of 83,7 out of 9, 47.93% Place: 114,31:02 Pace: 10:00,31:02,31:10,15:16 Pace: 9:51
612,Andrew McLaughlin,M,12,"Granada Hills, CA",106 out of 175,66 out of 83,10 out of 10, 47.60% Place: 116,31:15 Pace: 10:04,31:15,31:15,15:12 Pace: 9:49
657,Ragnar Storm-Larsen,M,62,"Thousand Oaks, CA",107 out of 175,67 out of 83,3 out of 3, 52.07% Place: 81,31:21 Pace: 10:06,31:21,31:25,15:22 Pace: 9:55
583,Stacey Janson,F,50,"Camarillo, CA",109 out of 175,42 out of 92,2 out of 5, 53.87% Place: 69,31:25 Pace: 10:07,31:25,31:27,15:10 Pace: 9:47
368,Maria Diaz Garcia,F,15,"Westlake Village, CA",110 out of 175,43 out of 92,7 out of 10, 49.15% Place: 106,31:33 Pace: 10:10,31:33,31:35,14:13 Pace: 9:10
520,Dennis Brown,M,65,"Thousand Oaks, CA",111 out of 175,68 out of 83,3 out of 5, 52.26% Place: 80,32:06 Pace: 10:20,32:06,32:15,15:23 Pace: 9:55
692,Lisa David,F,44,"Agoura Hills, CA",112 out of 175,44 out of 92,4 out of 11, 48.74% Place: 108,32:28 Pace: 10:27,32:28,32:34,16:26 Pace: 10:36
618,Dawn Mortara,F,60,"Moorpark, CA",113 out of 175,45 out of 92,2 out of 3, 59.52% Place: 44,32:30 Pace: 10:28,32:30,32:34,15:42 Pace: 10:08
366,Ryan Nader,M,9,"Canyon Country, CA",114 out of 175,69 out of 83,2 out of 3, 50.28% Place: 97,32:32 Pace: 10:29,32:32,32:37,15:11 Pace: 9:48
602,Michael Lang,M,9,"Westlake Village, CA",115 out of 175,70 out of 83,3 out of 3, 50.28% Place: 96,32:32 Pace: 10:29,32:32,32:37,15:09 Pace: 9:47
536,Elizabeth Dickinson,F,48,"Thousand Oaks, CA",116 out of 175,46 out of 92,1 out of 7, 50.79% Place: 94,32:32 Pace: 10:29,32:32,32:35,15:06 Pace: 9:45
601,Mark Lang,M,40,"Westlake Village, CA",117 out of 175,71 out of 83,11 out of 13, 41.91% Place: 139,32:35 Pace: 10:30,32:35,32:41,14:57 Pace: 9:39
613,Tram Melvin,F,37,"Newbury Park, CA",118 out of 175,47 out of 92,9 out of 13, 46.01% Place: 127,32:48 Pace: 10:34,32:48,32:53,16:30 Pace: 10:39
673,Jennifer Wickwire,F,42,"Agoura Hills, CA",119 out of 175,48 out of 92,5 out of 11, 47.31% Place: 119,32:53 Pace: 10:35,32:53,33:13,16:49 Pace: 10:51
412,Danielle Sullivan,F,40,"Laurel, MD",120 out of 175,49 out of 92,6 out of 11, 46.12% Place: 126,33:16 Pace: 10:43,33:16,33:34,16:31 Pace: 10:40
411,Kelly Sullivan,F,10,"Laurel, MD",121 out of 175,50 out of 92,6 out of 8, 51.30% Place: 91,33:17 Pace: 10:43,33:17,33:34,16:33 Pace: 10:41
596,Ken Kochakji,M,66,"Van Nuys, CA",122 out of 175,72 out of 83,4 out of 5, 50.85% Place: 93,33:19 Pace: 10:44,33:19,33:29,16:23 Pace: 10:34
722,Bryan Kerner,M,42,"Simi Valley, CA",123 out of 175,73 out of 83,12 out of 13, 41.26% Place: 141,33:35 Pace: 10:49,33:35,33:51,14:39 Pace: 9:28
728,Sara Lerner,F,21,"Agoura Hills, CA",124 out of 175,51 out of 92,4 out of 8, 43.87% Place: 132,33:45 Pace: 10:52,33:45,34:07,16:51 Pace: 10:53
744,Laura Wilber,F,40,"Moorpark, CA",125 out of 175,52 out of 92,7 out of 11, 45.36% Place: 130,33:49 Pace: 10:53,33:49,34:00,16:55 Pace: 10:55
570,John Harbourne,M,69,"Lake Sherwood, CA",126 out of 175,74 out of 83,5 out of 5, 51.55% Place: 88,33:50 Pace: 10:54,33:50,33:56,16:16 Pace: 10:30
629,Kathleen Ramirez,F,47,"Thousand Oaks, CA",127 out of 175,53 out of 92,2 out of 7, 47.46% Place: 118,34:24 Pace: 11:05,34:24,34:41,17:41 Pace: 11:25
413,Kim Dizon,F,43,"Newbury Park, CA",128 out of 175,54 out of 92,8 out of 11, 45.59% Place: 129,34:25 Pace: 11:05,34:25,34:38,16:38 Pace: 10:44
561,Megan Guerra,F,25,"Oxnard, CA",129 out of 175,55 out of 92,6 out of 8, 42.35% Place: 138,34:58 Pace: 11:16,34:58,34:58,17:01 Pace: 10:59
607,Cecelia McBurnie,F,65,"Westlake Village, CA",130 out of 175,56 out of 92,1 out of 1, 58.64% Place: 49,35:31 Pace: 11:26,35:31,35:43,16:27 Pace: 10:37
690,Canaan Stanley,F,38,"Agoura Hills, CA",131 out of 175,57 out of 92,10 out of 13, 42.58% Place: 136,35:36 Pace: 11:28,35:36,35:41,17:00 Pace: 10:58
554,Barbara Gibbs,F,58,"Thousand Oaks, CA",132 out of 175,58 out of 92,1 out of 3, 51.11% Place: 92,36:48 Pace: 11:51,36:48,36:58,17:13 Pace: 11:07
529,Kate Cuadrado,F,6,"Thousand Oaks, CA",133 out of 175,59 out of 92,2 out of 4, 52.94% Place: 75,36:55 Pace: 11:53,36:55,37:06,16:49 Pace: 10:51
530,Luis Cuadrado,M,44,"Thousand Oaks, CA",134 out of 175,75 out of 83,13 out of 13, 38.10% Place: 150,36:56 Pace: 11:54,36:56,37:06,16:44 Pace: 10:48
721,Bob Puccio,M,71,"Thousand Oaks, CA",135 out of 175,76 out of 83,2 out of 3, 48.07% Place: 113,37:09 Pace: 11:58,37:09,37:33,18:19 Pace: 11:49
409,Jim Pfening,M,46,"Oak Park, CA",136 out of 175,77 out of 83,10 out of 10, 38.33% Place: 149,37:17 Pace: 12:00,37:17,37:36,17:08 Pace: 11:03
668,Anne Watkins,F,39,"Thousand Oaks, CA",137 out of 175,60 out of 92,11 out of 13, 40.55% Place: 142,37:35 Pace: 12:06,37:35,37:41,18:12 Pace: 11:45
734,Skip Toller,M,52,"Westlake Village, CA",138 out of 175,78 out of 83,8 out of 9, 39.83% Place: 146,37:38 Pace: 12:07,37:38,37:57,20:27 Pace: 13:12
645,Nicole Santos,F,27,"Oxnard, CA",139 out of 175,61 out of 92,7 out of 8, 39.29% Place: 147,37:41 Pace: 12:08,37:41,38:06,17:56 Pace: 11:35
620,Beth Natcher,F,38,"Simi Valley, CA",140 out of 175,62 out of 92,12 out of 13, 40.20% Place: 144,37:42 Pace: 12:08,37:42,37:48,18:04 Pace: 11:39
800,Ber Long,F,41,"Westlake Village, CA",141 out of 175,63 out of 92,9 out of 11, 40.54% Place: 143,38:05 Pace: 12:16,38:05,38:18,19:15 Pace: 12:25
516,Lisa Blaschke,F,48,"Westlake Village, CA",142 out of 175,64 out of 92,3 out of 7, 42.88% Place: 135,38:32 Pace: 12:25,38:32,38:40,19:58 Pace: 12:53
647,Phyllis Scherbenski,F,54,"Moorpark, CA",143 out of 175,65 out of 92,3 out of 5, 45.24% Place: 131,39:22 Pace: 12:40,39:22,39:26,19:02 Pace: 12:17
584,Stephanie Jeffers,F,49,"Moorpark, CA",144 out of 175,66 out of 92,4 out of 7, 42.48% Place: 137,39:22 Pace: 12:40,39:22,39:26,19:02 Pace: 12:17
522,Valerie Brown,F,22,"Newbury Park, CA",145 out of 175,67 out of 92,5 out of 8, 37.44% Place: 152,39:33 Pace: 12:44,39:33,39:45,19:33 Pace: 12:37
509,Shauna Barmasse,F,24,"Westlake Village, CA",146 out of 175,68 out of 92,6 out of 8, 37.41% Place: 153,39:35 Pace: 12:45,39:35,39:46,19:34 Pace: 12:37
704,Natalie Zavala,F,7,"Thousand Oaks, CA",147 out of 175,69 out of 92,3 out of 4, 46.99% Place: 121,39:57 Pace: 12:52,39:57,39:58,17:54 Pace: 11:33
517,Thomas Blaschke,M,55,"Westlake Village, CA",148 out of 175,79 out of 83,2 out of 2, 38.37% Place: 148,40:04 Pace: 12:54,40:04,40:11,19:56 Pace: 12:52
723,Annette Russ,F,49,"Westlake Village, CA",149 out of 175,70 out of 92,5 out of 7, 39.96% Place: 145,41:51 Pace: 13:28,41:51,42:10,20:33 Pace: 13:15
445,Angela Garcia,F,18,"Simi Valley, CA",150 out of 175,71 out of 92,8 out of 10, 35.02% Place: 157,42:45 Pace: 13:46,42:45,42:47,19:36 Pace: 12:39
735,Pete Petracek,M,81,"Woodland Hills, CA",151 out of 175,80 out of 83,3 out of 3, 50.25% Place: 98,42:54 Pace: 13:49,42:54,43:13,20:56 Pace: 13:30
691,Laura Diamond,F,40,"Agoura Hills, CA",152 out of 175,72 out of 92,10 out of 11, 35.22% Place: 156,43:33 Pace: 14:01,43:33,43:42,21:01 Pace: 13:33
772,Lelia Stinson,F,46,"Stamford, CT",153 out of 175,73 out of 92,6 out of 7, 36.95% Place: 154,43:41 Pace: 14:04,43:41,43:54,21:44 Pace: 14:01
731,Heather Ellington,F,24,"Westlake Village, CA",154 out of 175,74 out of 92,7 out of 8, 33.87% Place: 159,43:43 Pace: 14:05,43:43,43:46,21:16 Pace: 13:43
549,Allen Freese,M,33,"West Hills, CA",155 out of 175,81 out of 83,9 out of 9, 29.19% Place: 171,44:43 Pace: 14:24,44:43,44:57,24:03 Pace: 15:31
729,Rudy Guevara,M,54,"Camarillo, CA",156 out of 175,82 out of 83,9 out of 9, 33.46% Place: 161,45:33 Pace: 14:40,45:33,45:49,25:33 Pace: 16:30
418,Raquel Estrada,F,37,"Oxnard, CA",157 out of 175,75 out of 92,13 out of 13, 33.13% Place: 163,45:33 Pace: 14:40,45:33,45:49,24:34 Pace: 15:51
534,Jenny Daniels Freese,F,34,"West Hills, CA",158 out of 175,76 out of 92,9 out of 10, 31.50% Place: 166,47:19 Pace: 15:14,47:19,47:35,24:02 Pace: 15:31
501,Kim Abendan,F,32,"Reseda, CA",159 out of 175,77 out of 92,10 out of 10, 30.97% Place: 167,47:55 Pace: 15:26,47:55,48:01,23:35 Pace: 15:13
655,Janet Stephenson,F,45,"Thousand Oaks, CA",160 out of 175,78 out of 92,7 out of 7, 33.31% Place: 162,47:57 Pace: 15:26,47:57,48:01,23:36 Pace: 15:13
710,Judi Brown,F,63,"Marina Del Rey, CA",161 out of 175,79 out of 92,3 out of 3, 41.76% Place: 140,48:21 Pace: 15:34,48:21,48:30,23:28 Pace: 15:08
532,Susan Cuadrado,F,43,"Thousand Oaks, CA",162 out of 175,80 out of 92,11 out of 11, 31.88% Place: 165,49:13 Pace: 15:51,49:13,49:24,21:16 Pace: 13:43
531,Rowan Cuadrado,F,8,"Thousand Oaks, CA",163 out of 175,81 out of 92,4 out of 4, 36.81% Place: 155,49:14 Pace: 15:51,49:14,49:25,21:19 Pace: 13:45
627,Susan Pease,F,51,"Camarillo, CA",164 out of 175,82 out of 92,4 out of 5, 33.91% Place: 158,50:33 Pace: 16:17,50:33,50:40,25:16 Pace: 16:18
639,Kristin Robertson,F,24,"Newbury Park, CA",165 out of 175,83 out of 92,8 out of 8, 29.27% Place: 170,50:35 Pace: 16:17,50:35,50:42,25:17 Pace: 16:19
638,Jan Robertson,F,59,"Newbury Park, CA",166 out of 175,84 out of 92,2 out of 3, 37.67% Place: 151,50:35 Pace: 16:17,50:35,50:42,25:18 Pace: 16:20
569,Stephanie Hansen,F,70,"Reseda, CA",167 out of 175,85 out of 92,1 out of 1, 43.67% Place: 134,51:37 Pace: 16:37,51:37,51:42,25:17 Pace: 16:19
405,Lauren Van Briggle,F,25,"Moorpark, CA",168 out of 175,86 out of 92,8 out of 8, 28.12% Place: 174,52:39 Pace: 16:57,52:39,52:55,25:33 Pace: 16:29
419,Faye Yukuby,F,51,"Thousand Oaks, CA",169 out of 175,87 out of 92,5 out of 5, 32.43% Place: 164,52:51 Pace: 17:01,52:51,53:08,25:35 Pace: 16:30
469,Natalie Cox,F,12,"Westlake Village, CA",170 out of 175,88 out of 92,7 out of 8, 30.80% Place: 168,52:53 Pace: 17:02,52:53,52:58,            Pace:            
468,Sammi Westfall,F,13,"Agoura Hills, CA",171 out of 175,89 out of 92,8 out of 8, 30.19% Place: 169,52:54 Pace: 17:02,52:54,52:59,28:03 Pace: 18:06
415,Katie Harp,F,15,"Calabasas, CA",172 out of 175,90 out of 92,9 out of 10, 28.51% Place: 173,54:23 Pace: 17:30,54:23,54:41,28:17 Pace: 18:15
414,Sarah Stavich,F,15,"Westlake Village, CA",173 out of 175,91 out of 92,10 out of 10, 28.51% Place: 172,54:23 Pace: 17:31,54:23,54:41,28:16 Pace: 18:14
747,Cathy Weinstein,F,56,"Westlake Village, CA",174 out of 175,92 out of 92,3 out of 3, 33.52% Place: 160,54:34 Pace: 17:34,54:34,54:57,25:42 Pace: 16:35
656,Jerry Stewart,M,39,"Plano, TX",175 out of 175,83 out of 83,8 out of 8, 16.48% Place: 175,1:22:12 Pace: 26:28,1:22:12,1:22:33,16:21 Pace: 10:33
