Place,Name,Location,Bib,Net Time,Pace,Division/Place,Sex-Age,Sex-Place,Gun Time,Age Grade
1,Greg Menegat,"Oak Park, CA",706,17:06,5:31,M 40-44/1,M-42,1,17:06,81.07%
2,Mark Laplant,"Canyon Country, CA",688,17:12,5:33,M 40-44/2,M-44,2,17:12,81.86%
3,Scott McAfee,"Westlake Village, CA",748,17:29,5:38,M 15-19/1,M-18,3,17:29,76.34%
4,James McAfee,"Westlake Village, CA",749,17:41,5:42,M 15-19/2,M-16,4,17:41,77.55%
5,Scott Fitzgerald,"Westlake Village, CA",547,18:29,5:57,M 20-24/1,M-22,5,18:29,69.86%
6,Chris Fisher,"Moorpark, CA",696,18:30,5:58,M 40-44/3,M-40,6,18:31,73.85%
7,Adam Darby,"Thousand Oaks, CA",535,19:00,6:07,M 30-34/1,M-30,7,19:00,68.13%
8,Dennis Joe,"Los Angeles, CA",586,19:19,6:13,M 60-64/1,M-62,8,19:19,84.54%
9,Edmond Roche,"Thousand Oaks, CA",408,19:22,6:14,M 15-19/3,M-16,9,19:22,70.80%
10,Lara Lay,"Camarillo, CA",687,19:36,6:19,F 35-39/1,F-39,1,19:36,77.79%
11,Tj Wuesthoff,"Newbury Park, CA",680,20:04,6:28,M 15-19/4,M-15,10,20:04,69.41%
12,Roman Garcia,"Camarillo, CA",551,20:36,6:38,M 45-49/1,M-45,11,20:36,68.91%
13,Steve Hornstein,"Tarzana, CA",578,21:02,6:46,M 40-44/4,M-42,12,21:02,65.90%
14,Kirk Waldron,"Westlake Village, CA",730,21:12,6:50,M 45-49/2,M-46,13,21:12,67.43%
15,Dylan Leung,"Westlake Village, CA",743,21:14,6:50,M 10-14/1,M-14,14,21:14,66.85%
16,Brock Jones,"Simi Valley, CA",587,21:21,6:53,M 30-34/2,M-33,15,21:25,61.17%
17,Brian Gaul,"Agoura Hills, CA",553,21:23,6:53,M 10-14/2,M-11,16,21:25,71.61%
18,Mark Nichta,"Westlake Village, CA",736,21:34,6:57,M 45-49/3,M-49,17,21:39,67.90%
19,Tom Schmidhauser,"Camarillo, CA",693,21:34,6:57,M 50-54/1,M-52,18,21:36,69.47%
20,Ondrej Nemec,"Thousand Oaks, CA",738,21:44,7:00,M 30-34/3,M-33,19,21:46,60.09%
21,James Schmidhauser,"Camarillo, CA",694,21:48,7:01,M 10-14/3,M-14,20,21:50,65.11%
22,Toshihide Tsugawa,"Encino, CA",702,22:25,7:13,M 50-54/2,M-52,21,22:25,66.84%
23,Alex Ordonez,"Moorpark, CA",407,22:26,7:14,M 30-34/4,M-31,22,22:30,57.84%
24,Robert Wickwire,"Agoura Hills, CA",674,22:47,7:20,M 40-44/5,M-41,23,22:58,60.40%
25,Gary Halpin,"Newbury Park, CA",565,22:57,7:24,M 35-39/1,M-36,24,23:00,57.85%
26,John Sanford,"Westlake Village, CA",439,23:11,7:28,M 50-54/3,M-50,25,26:44,63.67%
27,April Halpin,"Newbury Park, CA",564,23:17,7:30,F 35-39/2,F-35,2,23:17,64.35%
28,Howarth Rowe,"Thousand Oaks, CA",715,23:28,7:34,M 45-49/4,M-46,26,23:29,60.91%
29,Chris Djernes,"Westlake Village, CA",537,23:30,7:34,M 50-54/4,M-54,27,23:36,64.87%
30,David Chioffi,"Woodstock, VT",740,23:37,7:37,M 65-69/1,M-66,28,23:40,71.75%
31,Diana Houser,"Thousand Oaks, CA",580,23:46,7:39,F 40-44/1,F-41,3,23:46,64.98%
32,Troy Walbert,"Camarillo, CA",666,23:47,7:40,M 10-14/4,M-13,29,23:52,61.01%
33,James Frederick,"Moorpark, CA",404,23:49,7:40,M 30-34/5,M-30,30,23:56,54.34%
34,Kurt Harris,"Camarillo, CA",573,23:51,7:41,M 20-24/2,M-21,31,23:55,54.34%
35,Holly Russ,"Westlake Village, CA",711,23:56,7:43,F 35-39/3,F-39,4,23:58,63.69%
36,Kyle Anderson,"Oak Park, CA",709,23:59,7:44,M 10-14/5,M-12,32,24:02,62.03%
37,Brittany Reese,"Thousand Oaks, CA",635,24:01,7:44,F 15-19/1,F-19,5,24:14,61.87%
38,Carlos Luna,"West Hills, CA",605,24:34,7:55,M 35-39/2,M-37,33,24:36,54.38%
39,Mark Teitelbaum,"Beverly Hills, CA",661,24:35,7:55,M 50-54/5,M-51,34,24:42,60.52%
40,Kevin Ellington,"Westlake Village, CA",720,24:37,7:56,M 20-24/3,M-22,35,24:37,52.44%
41,Matthew Bevan,"Westlake Village, CA",515,24:38,7:56,M 10-14/6,M-13,36,24:39,58.90%
42,Alan Gaul,"Agoura Hills, CA",552,24:42,7:57,M 10-14/7,M-11,37,24:45,61.99%
43,Jonathan Wu,"Thousand Oaks, CA",679,24:47,7:59,M 30-34/6,M-32,38,24:55,52.49%
44,Jon Irwin,"Thousand Oaks, CA",727,24:54,8:01,M 45-49/5,M-48,39,25:01,58.34%
45,Joseph Flatt,"Westlake Village, CA",716,24:57,8:02,M 01-09/1,M-9,40,24:59,65.57%
46,Katrina Kuratli,"Thousand Oaks, CA",417,25:20,8:10,F 35-39/4,F-38,6,25:27,59.84%
47,David Tumlin,"Simi Valley, CA",724,25:23,8:11,M 35-39/3,M-38,41,25:39,53.02%
48,Wendy Raymond,"Westlake Village, CA",632,25:26,8:12,F 35-39/5,F-37,7,25:29,59.34%
49,Danielle Domaloan,"Simi Valley, CA",540,25:28,8:12,F 35-39/6,F-35,8,25:44,58.74%
50,Michael Cummings,"Westlake Village, CA",533,25:45,8:18,M 55-59/1,M-56,42,25:53,60.23%
51,Marilyn Carter,"Moorpark, CA",403,26:07,8:25,F 25-29/1,F-26,9,26:15,56.70%
52,Shannon Meyer,"Thousand Oaks, CA",614,26:09,8:25,F 25-29/2,F-27,10,26:14,56.63%
53,Ken Tang,"Thousand Oaks, CA",712,26:12,8:26,M 35-39/4,M-39,43,26:14,51.75%
54,Christine Magee,"Westlake Village, CA",440,26:15,8:27,F 15-19/2,F-16,11,26:15,58.32%
55,Melissa Preish,", CA",441,26:18,8:28,F 15-19/3,F-17,12,26:18,57.51%
56,Elaine Roche,"Westlake Village, CA",741,26:21,8:29,F 35-39/7,F-38,13,26:26,57.53%
57,Robert Soldat,"Thousand Oaks, CA",651,26:22,8:30,M 30-34/7,M-32,44,26:43,49.34%
58,Frank Bass,"Calabasas, CA",511,26:36,8:34,M 70-99/1,M-74,45,26:45,70.09%
59,Jim Chesnutt,"Simi Valley, CA",525,26:45,8:37,M 40-44/6,M-42,46,27:01,51.81%
60,Alicia Bueschen,"Oak Park, CA",719,26:59,8:41,F 25-29/3,F-29,14,27:06,54.88%
61,Morgan Gilmore,"Simi Valley, CA",556,26:59,8:42,F 10-14/1,F-11,15,27:06,61.68%
62,Jocelyn McCormick,"Oak Park, CA",610,27:00,8:42,F 30-34/1,F-33,16,27:13,55.10%
63,James Gilmore,"Simi Valley, CA",555,27:00,8:42,M 40-44/7,M-43,47,27:08,51.76%
64,Greg Hamer,"Thousand Oaks, CA",566,27:02,8:42,M 50-54/6,M-51,48,27:05,55.03%
65,Paul Macaloso,"Oak Park, CA",714,27:04,8:43,M 45-49/6,M-45,49,27:22,52.43%
66,Nick Ungermann,"Westlake Village, CA",746,27:32,8:52,M 10-14/8,M-13,50,27:35,52.70%
67,T C Chioffi,"San Gabriel, CA",739,27:34,8:53,M 35-39/5,M-39,51,27:44,49.18%
68,Lily Danziger,"Westlake Village, CA",700,27:43,8:56,F 10-14/2,F-12,17,27:48,58.78%
69,Joseph Aquino,"Camarillo, CA",506,27:46,8:57,M 25-29/1,M-29,52,28:04,46.55%
70,Judy Wechsler,"Calabasas, CA",703,28:13,9:05,F 60-64/1,F-63,18,28:14,71.57%
71,Ivet Arambula,"Thousand Oaks, CA",367,28:15,9:06,F 10-14/3,F-14,19,28:15,55.67%
72,Ryan Tauber,"Ventura, CA",701,28:17,9:06,M 30-34/8,M-31,53,28:19,45.87%
73,Joseph Bowen,"Westlake Village, CA",519,28:20,9:07,M 65-69/2,M-67,54,28:28,60.33%
74,Sasha Norton,"Ventura, CA",624,28:37,9:13,F 30-34/2,F-33,20,28:54,51.98%
75,Ebelia Perez Lym,"Westlake Village, CA",697,28:37,9:13,F 35-39/8,F-39,21,28:47,53.26%
76,Chris Reiff,"Ventura, CA",416,28:40,9:14,M 35-39/6,M-38,55,28:59,46.95%
77,Kathryn Irwin,"Thousand Oaks, CA",444,28:42,9:15,F 15-19/4,F-16,22,28:49,53.34%
78,Lauren Barnett,"Newbury Park, CA",447,28:42,9:15,F 15-19/5,F-16,23,28:48,53.34%
79,Jeff Tirsch,"Agoura Hills, CA",689,28:46,9:16,M 40-44/8,M-41,56,28:57,47.83%
80,Dawn Morgan,"Newbury Park, CA",695,28:48,9:16,F 40-44/2,F-42,24,29:04,54.02%
81,Dione Cope,"Newbury Park, CA",707,28:49,9:17,F 30-34/3,F-31,25,29:05,51.45%
82,David Anderson,"Oak Park, CA",708,28:49,9:17,M 45-49/7,M-46,57,28:53,49.59%
83,Hailey Flatt,"Westlake Village, CA",717,28:54,9:18,F 01-09/1,F-8,26,28:55,62.72%
84,Brian Rabinovitz,"Oak Park, CA",732,29:15,9:25,M 40-44/9,M-40,58,29:18,46.67%
85,Jennifer Reese,"Thousand Oaks, CA",636,29:18,9:26,F 20-24/1,F-23,27,29:32,50.54%
86,Nicole Marrs,"Oak Park, CA",606,29:33,9:31,F 25-29/4,F-26,28,29:44,50.11%
87,Mark Hair,"Westlake Village, CA",698,29:35,9:32,M 45-49/8,M-46,59,29:44,48.31%
88,Audrey Hair,"Westlake Village, CA",699,29:36,9:32,F 10-14/4,F-11,29,29:44,56.23%
89,Taylor Sullivan,"Laurel, MD",410,30:00,9:40,F 10-14/5,F-13,30,30:17,53.25%
90,David Mohr,"Westlake Village, CA",615,30:00,9:40,M 40-44/10,M-42,60,30:08,46.19%
91,Shannon Soldat,"Thousand Oaks, CA",652,30:02,9:40,F 25-29/5,F-26,31,30:23,49.31%
92,Todd Wiseman,"Thousand Oaks, CA",678,30:03,9:41,M 45-49/9,M-46,61,30:28,47.56%
93,John Lewis,"Westlake Village, CA",604,30:03,9:41,M 60-64/2,M-64,62,30:09,55.33%
94,Patricia Rand,"Thousand Oaks, CA",630,30:03,9:41,F 30-34/4,F-34,32,30:28,49.61%
95,Tonya Roam,"Ventura, CA",637,30:05,9:41,F 20-24/2,F-23,33,30:22,49.22%
96,Consuelo Gonzalez,"Thousand Oaks, CA",442,30:12,9:43,F 15-19/6,F-15,34,30:15,51.35%
97,Limus Anusauskas,"Thousand Oaks, CA",726,30:12,9:44,M 35-39/7,M-35,63,30:26,43.68%
98,Lina Anusauskiene,"Thousand Oaks, CA",725,30:12,9:44,F 30-34/5,F-31,35,30:26,49.09%
99,Debbie Vardi,"Westlake Village, CA",665,30:13,9:44,F 50-54/1,F-51,36,30:46,56.73%
100,Francine Pitassi,"Simi Valley, CA",737,30:20,9:46,F 40-44/3,F-43,37,30:34,51.73%
101,David Ramirez,"Thousand Oaks, CA",628,30:25,9:48,M 10-14/9,M-10,64,30:41,51.92%
102,Samantha Ordonez,"Moorpark, CA",406,30:26,9:48,F 20-24/3,F-24,38,30:29,48.66%
103,Melinda Yong,"Valencia, CA",681,30:39,9:52,F 30-34/6,F-30,39,30:40,48.31%
104,Elisabeth Lopez,"Westlake Village, CA",718,30:52,9:56,F 30-34/7,F-34,40,31:00,48.30%
105,Chuck Ungermann,"Westlake Village, CA",745,31:02,10:00,M 50-54/7,M-51,65,31:10,47.93%
106,Andrew McLaughlin,"Granada Hills, CA",612,31:15,10:04,M 10-14/10,M-12,66,31:15,47.60%
107,Ragnar Storm-Larsen,"Thousand Oaks, CA",657,31:21,10:06,M 60-64/3,M-62,67,31:25,52.07%
108,Heather Hoyt,"Thousand Oaks, CA",581,31:23,10:06,F 30-34/8,F-31,41,31:31,47.24%
109,Stacey Janson,"Camarillo, CA",583,31:25,10:07,F 50-54/2,F-50,42,31:27,53.87%
110,Maria Diaz Garcia,"Westlake Village, CA",368,31:33,10:10,F 15-19/7,F-15,43,31:35,49.15%
111,Dennis Brown,"Thousand Oaks, CA",520,32:06,10:20,M 65-69/3,M-65,68,32:15,52.26%
112,Lisa David,"Agoura Hills, CA",692,32:28,10:27,F 40-44/4,F-44,44,32:34,48.74%
113,Dawn Mortara,"Moorpark, CA",618,32:30,10:28,F 60-64/2,F-60,45,32:34,59.52%
114,Ryan Nader,"Canyon Country, CA",366,32:32,10:29,M 01-09/2,M-9,69,32:37,50.28%
115,Michael Lang,"Westlake Village, CA",602,32:32,10:29,M 01-09/3,M-9,70,32:37,50.28%
116,Elizabeth Dickinson,"Thousand Oaks, CA",536,32:32,10:29,F 45-49/1,F-48,46,32:35,50.79%
117,Mark Lang,"Westlake Village, CA",601,32:35,10:30,M 40-44/11,M-40,71,32:41,41.91%
118,Tram Melvin,"Newbury Park, CA",613,32:48,10:34,F 35-39/9,F-37,47,32:53,46.01%
119,Jennifer Wickwire,"Agoura Hills, CA",673,32:53,10:35,F 40-44/5,F-42,48,33:13,47.31%
120,Danielle Sullivan,"Laurel, MD",412,33:16,10:43,F 40-44/6,F-40,49,33:34,46.12%
121,Kelly Sullivan,"Laurel, MD",411,33:17,10:43,F 10-14/6,F-10,50,33:34,51.30%
122,Ken Kochakji,"Van Nuys, CA",596,33:19,10:44,M 65-69/4,M-66,72,33:29,50.85%
123,Bryan Kerner,"Simi Valley, CA",722,33:35,10:49,M 40-44/12,M-42,73,33:51,41.26%
124,Sara Lerner,"Agoura Hills, CA",728,33:45,10:52,F 20-24/4,F-21,51,34:07,43.87%
125,Laura Wilber,"Moorpark, CA",744,33:49,10:53,F 40-44/7,F-40,52,34:00,45.36%
126,John Harbourne,"Lake Sherwood, CA",570,33:50,10:54,M 65-69/5,M-69,74,33:56,51.55%
127,Kathleen Ramirez,"Thousand Oaks, CA",629,34:24,11:05,F 45-49/2,F-47,53,34:41,47.46%
128,Kim Dizon,"Newbury Park, CA",413,34:25,11:05,F 40-44/8,F-43,54,34:38,45.59%
129,Megan Guerra,"Oxnard, CA",561,34:58,11:16,F 25-29/6,F-25,55,34:58,42.35%
130,Cecelia McBurnie,"Westlake Village, CA",607,35:31,11:26,F 65-69/1,F-65,56,35:43,58.64%
131,Canaan Stanley,"Agoura Hills, CA",690,35:36,11:28,F 35-39/10,F-38,57,35:41,42.58%
132,Barbara Gibbs,"Thousand Oaks, CA",554,36:48,11:51,F 55-59/1,F-58,58,36:58,51.11%
133,Kate Cuadrado,"Thousand Oaks, CA",529,36:55,11:53,F 01-09/2,F-6,59,37:06,52.94%
134,Luis Cuadrado,"Thousand Oaks, CA",530,36:56,11:54,M 40-44/13,M-44,75,37:06,38.10%
135,Bob Puccio,"Thousand Oaks, CA",721,37:09,11:58,M 70-99/2,M-71,76,37:33,48.07%
136,Jim Pfening,"Oak Park, CA",409,37:17,12:00,M 45-49/10,M-46,77,37:36,38.33%
137,Anne Watkins,"Thousand Oaks, CA",668,37:35,12:06,F 35-39/11,F-39,60,37:41,40.55%
138,Skip Toller,"Westlake Village, CA",734,37:38,12:07,M 50-54/8,M-52,78,37:57,39.83%
139,Nicole Santos,"Oxnard, CA",645,37:41,12:08,F 25-29/7,F-27,61,38:06,39.29%
140,Beth Natcher,"Simi Valley, CA",620,37:42,12:08,F 35-39/12,F-38,62,37:48,40.20%
141,Ber Long,"Westlake Village, CA",800,38:05,12:16,F 40-44/9,F-41,63,38:18,40.54%
142,Lisa Blaschke,"Westlake Village, CA",516,38:32,12:25,F 45-49/3,F-48,64,38:40,42.88%
143,Phyllis Scherbenski,"Moorpark, CA",647,39:22,12:40,F 50-54/3,F-54,65,39:26,45.24%
144,Stephanie Jeffers,"Moorpark, CA",584,39:22,12:40,F 45-49/4,F-49,66,39:26,42.48%
145,Valerie Brown,"Newbury Park, CA",522,39:33,12:44,F 20-24/5,F-22,67,39:45,37.44%
146,Shauna Barmasse,"Westlake Village, CA",509,39:35,12:45,F 20-24/6,F-24,68,39:46,37.41%
147,Natalie Zavala,"Thousand Oaks, CA",704,39:57,12:52,F 01-09/3,F-7,69,39:58,46.99%
148,Thomas Blaschke,"Westlake Village, CA",517,40:04,12:54,M 55-59/2,M-55,79,40:11,38.37%
149,Annette Russ,"Westlake Village, CA",723,41:51,13:28,F 45-49/5,F-49,70,42:10,39.96%
150,Angela Garcia,"Simi Valley, CA",445,42:45,13:46,F 15-19/8,F-18,71,42:47,35.02%
151,Pete Petracek,"Woodland Hills, CA",735,42:54,13:49,M 70-99/3,M-81,80,43:13,50.25%
152,Laura Diamond,"Agoura Hills, CA",691,43:33,14:01,F 40-44/10,F-40,72,43:42,35.22%
153,Lelia Stinson,"Stamford, CT",772,43:41,14:04,F 45-49/6,F-46,73,43:54,36.95%
154,Heather Ellington,"Westlake Village, CA",731,43:43,14:05,F 20-24/7,F-24,74,43:46,33.87%
155,Allen Freese,"West Hills, CA",549,44:43,14:24,M 30-34/9,M-33,81,44:57,29.19%
156,Rudy Guevara,"Camarillo, CA",729,45:33,14:40,M 50-54/9,M-54,82,45:49,33.46%
157,Raquel Estrada,"Oxnard, CA",418,45:33,14:40,F 35-39/13,F-37,75,45:49,33.13%
158,Jenny Daniels Freese,"West Hills, CA",534,47:19,15:14,F 30-34/9,F-34,76,47:35,31.50%
159,Kim Abendan,"Reseda, CA",501,47:55,15:26,F 30-34/10,F-32,77,48:01,30.97%
160,Janet Stephenson,"Thousand Oaks, CA",655,47:57,15:26,F 45-49/7,F-45,78,48:01,33.31%
161,Judi Brown,"Marina Del Rey, CA",710,48:21,15:34,F 60-64/3,F-63,79,48:30,41.76%
162,Susan Cuadrado,"Thousand Oaks, CA",532,49:13,15:51,F 40-44/11,F-43,80,49:24,31.88%
163,Rowan Cuadrado,"Thousand Oaks, CA",531,49:14,15:51,F 01-09/4,F-8,81,49:25,36.81%
164,Susan Pease,"Camarillo, CA",627,50:33,16:17,F 50-54/4,F-51,82,50:40,33.91%
165,Kristin Robertson,"Newbury Park, CA",639,50:35,16:17,F 20-24/8,F-24,83,50:42,29.27%
166,Jan Robertson,"Newbury Park, CA",638,50:35,16:17,F 55-59/2,F-59,84,50:42,37.67%
167,Stephanie Hansen,"Reseda, CA",569,51:37,16:37,F 70-99/1,F-70,85,51:42,43.67%
168,Lauren Van Briggle,"Moorpark, CA",405,52:39,16:57,F 25-29/8,F-25,86,52:55,28.12%
169,Faye Yukuby,"Thousand Oaks, CA",419,52:51,17:01,F 50-54/5,F-51,87,53:08,32.43%
170,Natalie Cox,"Westlake Village, CA",469,52:53,17:02,F 10-14/7,F-12,88,52:58,30.80%
171,Sammi Westfall,"Agoura Hills, CA",468,52:54,17:02,F 10-14/8,F-13,89,52:59,30.19%
172,Katie Harp,"Calabasas, CA",415,54:23,17:30,F 15-19/9,F-15,90,54:41,28.51%
173,Sarah Stavich,"Westlake Village, CA",414,54:23,17:31,F 15-19/10,F-15,91,54:41,28.51%
174,Cathy Weinstein,"Westlake Village, CA",747,54:34,17:34,F 55-59/3,F-56,92,54:57,33.52%
175,Jerry Stewart,"Plano, TX",656,1:22:12,26:28,M 35-39/8,M-39,83,1:22:33,16.48%
