Place,Name,Location,Bib,Net Time,Pace,Division/Place,Sex-Age,Sex-Place,Gun Time,Age Grade
1,Nick Mosey,"Yorba Linda, CA",1210,1:09:29,5:19,M 19-24/1,M-21,1,1:09:29,85.82%
2,Michael Chavez,"Anaheim, CA",306,1:10:48,5:25,M 19-24/2,M-22,2,1:10:48,83.43%
3,Gus Quinonez,"Huntington Beach, CA",1414,1:13:38,5:38,M 40-44/1,M-42,3,1:13:38,83.97%
4,Juan Ramirez,"Santa Ana, CA",1420,1:14:04,5:39,M 35-39/1,M-39,4,1:14:06,81.90%
5,Mark Steyvers,", CA",2808,1:14:08,5:40,M 35-39/2,M-38,5,1:14:09,81.33%
6,Mariano Nava,"Costa Mesa, CA",1240,1:14:38,5:42,M 19-24/3,M-24,6,1:14:38,78.41%
7,John Healy,"Encinitas, CA",729,1:15:12,5:45,M 35-39/3,M-36,7,1:15:13,79.21%
8,Wilians Nava,"Tustin, CA",1241,1:16:15,5:49,M 25-29/1,M-26,8,1:16:15,76.75%
9,Eric Frome,"Ladera Ranch, CA",559,1:16:21,5:50,M 25-29/2,M-27,9,1:16:24,76.63%
10,Kevin Kleinhenz,"Los Angeles, CA",931,1:17:01,5:53,M 30-34/1,M-31,10,1:17:01,75.98%
11,Jason Ray,"Yorba Linda, CA",1425,1:17:56,5:57,M 25-29/3,M-27,11,1:25:35,75.09%
12,Gavin Frome,"Ladera Ranch, CA",2701,1:19:40,6:05,M 13-18/1,M-18,12,1:19:45,77.45%
13,Liam Clemons,"Rancho Santa Margarita, CA",331,1:20:41,6:10,M 25-29/4,M-29,13,1:20:45,72.51%
14,Michael Reeves,"Costa Mesa, CA",2451,1:23:41,6:23,M 30-34/2,M-32,14,1:23:44,69.93%
15,Juan Palacios,"Dana Point, CA",1311,1:23:59,6:25,M 25-29/5,M-28,15,1:24:00,69.68%
16,Emily Mitchell,"Hermosa Beach, CA",1172,1:24:08,6:26,F 25-29/1,F-29,1,1:24:08,77.74%
17,Mark Bradbury,"San Clemente, CA",192,1:25:24,6:31,M 50-54/1,M-53,16,1:25:27,78.38%
18,Sarah Hart,"San Marcos, CA",2101,1:25:45,6:33,F 30-34/1,F-31,2,1:25:45,76.29%
19,Rob Duncanson,"Trabuco Canyon, CA",456,1:25:50,6:33,M 50-54/2,M-52,17,1:25:51,77.37%
20,Paul Cantin,"Rancho Santa Margarita, CA",253,1:26:00,6:34,M 45-49/1,M-45,18,1:26:06,73.35%
21,Joshua Bolliger,"Anaheim, CA",172,1:26:01,6:34,M 13-18/2,M-17,19,1:26:02,72.79%
22,Juan Cabrera,"Whittier, CA",2264,1:26:23,6:36,M 50-54/3,M-50,20,1:26:24,75.70%
23,Mike Dietz,"Laguna Niguel, CA",2262,1:26:26,6:36,M 40-44/2,M-44,21,1:26:29,72.49%
24,Jose Aguirre,"Garden Grove, CA",2348,1:26:28,6:36,M 30-34/3,M-34,22,1:27:05,68.07%
25,Dale Hutchinson,"Irvine, CA",824,1:26:30,6:36,M 45-49/2,M-47,23,1:26:32,73.95%
26,Miguel De Rosas,"Lake Forest, CA",396,1:26:49,6:38,M 30-34/4,M-32,24,1:26:57,67.40%
27,William Peery,"Rancho Cucamonga, CA",2802,1:26:50,6:38,M 40-44/3,M-41,25,1:26:55,70.75%
28,Brett Foreman,"Laguna Hills, CA",542,1:26:57,6:38,M 13-18/3,M-13,26,1:27:10,78.01%
29,Andy Thacher,"San Diego, CA",1705,1:26:58,6:39,M 45-49/3,M-45,27,1:26:59,72.53%
30,Farley Spector,"Easton, MD",2824,1:27:02,6:39,M 55-59/1,M-55,28,1:27:06,78.19%
31,Thomas Watts,"Diamond Bar, CA",1810,1:27:14,6:40,M 40-44/4,M-44,29,1:27:15,71.82%
32,Jared Lessard,"Irvine, CA",1014,1:27:16,6:40,M 25-29/6,M-27,30,1:27:20,67.06%
33,Yves McGale,"Irvine, CA",2460,1:27:31,6:41,M 45-49/4,M-46,31,1:27:33,72.58%
34,Efren Rojas,"Costa Mesa, CA",2361,1:27:40,6:42,M NoAge/0,M-0,32,1:27:41, 0.00%
35,Jason Newstrom,"Riverside, CA",2382,1:27:46,6:42,M 25-29/7,M-25,33,1:29:55,66.67%
36,Marco Monetti,"Fountain Valley, CA",2355,1:27:52,6:43,M 35-39/4,M-38,34,1:27:55,68.61%
37,Jenni Johnson,"Oceanside, CA",867,1:27:59,6:43,F 25-29/2,F-28,3,1:27:59,74.32%
38,Margarito Hernandez,"Los Angeles, CA",2031,1:28:04,6:44,M 55-59/2,M-55,35,1:28:15,77.28%
39,Michael Williams,"Huntington Beach, CA",1853,1:28:16,6:44,M 45-49/5,M-46,36,1:28:19,71.96%
40,Larry Davidson,"Dana Point, CA",388,1:28:31,6:46,M 50-54/4,M-51,37,1:28:33,74.44%
41,Esteban Hernandez,"Costa Mesa, CA",2569,1:29:09,6:49,M 30-34/5,M-33,38,1:29:10,65.63%
42,Jacob Echeverry,"Long Beach, CA",470,1:29:18,6:49,M 13-18/4,M-15,39,1:30:23,72.61%
43,Mark Martinez,"Mission Viejo, CA",2374,1:29:28,6:50,M 30-34/6,M-30,40,1:29:53,65.41%
44,Brian Neubauer,"Dana Point, CA",1250,1:29:47,6:51,M 30-34/7,M-32,41,1:29:56,65.18%
45,Erin Petrossi,"Placentia, CA",1366,1:29:56,6:52,F 40-44/1,F-41,4,1:29:58,77.42%
46,Manuel Ramirez,"Spring Valley, CA",1422,1:30:03,6:53,M 40-44/5,M-44,42,1:30:06,69.57%
47,Alan Lindeke,"Irvine, CA",2428,1:30:16,6:54,M 30-34/8,M-31,43,1:30:21,64.83%
48,Shawn Chabot,"San Clemente, CA",290,1:30:30,6:55,M 30-34/9,M-33,44,1:30:35,64.66%
49,Lisa Oleary,"Yorba Linda, CA",2465,1:30:50,6:56,F 40-44/2,F-44,5,1:30:52,78.69%
50,Andrea Holsten,", CA",2728,1:30:50,6:56,F 30-34/2,F-32,6,1:30:55,71.98%
51,Lauren Pfeiffer,"Costa Mesa, CA",1969,1:30:50,6:56,F 13-18/1,F-15,7,1:31:40,79.81%
52,Harold Andrews,"Dana Point, CA",54,1:31:04,6:57,M 40-44/6,M-43,45,1:31:10,68.34%
53,Timothy Sullivan,"Lake Forest, CA",2445,1:31:12,6:58,M 40-44/7,M-42,46,1:31:16,67.79%
54,Jeff Carter,"Aliso Viejo, CA",275,1:31:12,6:58,M 45-49/6,M-46,47,1:31:31,69.64%
55,Kenneth Lowande,"Laguna Hills, CA",1044,1:31:27,6:59,M 13-18/5,M-18,48,1:31:35,67.47%
56,Bruce Guter,"Fullerton, CA",662,1:31:32,6:59,M 50-54/5,M-53,49,1:31:35,73.13%
57,Richard Bouton,"Huntington Beach, CA",180,1:31:58,7:01,M 50-54/6,M-54,50,1:32:02,73.38%
58,Pete Dimuzio,"Mesa, AZ",428,1:32:01,7:02,M 30-34/10,M-31,51,1:32:06,63.59%
59,Roger Behle,"Anaheim, CA",2721,1:32:03,7:02,M 40-44/8,M-40,52,1:32:36,66.31%
60,David Aronne,"San Juan Capistrano, CA",65,1:32:05,7:02,M 45-49/7,M-48,53,1:32:12,69.95%
61,Antonio Parker,"Camp Pendleton, CA",1323,1:32:08,7:02,M 45-49/8,M-46,54,1:32:13,68.94%
62,Waylynn Senn,"Beaumont, CA",1560,1:32:18,7:03,M 30-34/11,M-31,55,1:33:10,63.40%
63,Lorena Ocon,"Inglewood, CA",2912,1:32:26,7:04,F 40-44/3,F-40,8,1:32:29,74.69%
64,Norm Smith,"Oceanside, CA",1620,1:32:32,7:04,M 35-39/5,M-36,56,1:32:40,64.37%
65,Peggy Compton,"Encinitas, CA",346,1:32:43,7:05,F 40-44/4,F-41,9,1:32:46,75.09%
66,Josh Senger,"Lake Forest, CA",2016,1:32:46,7:05,M 13-18/6,M-18,57,1:32:53,66.51%
67,Antonio Melchor,"Chula Vista, CA",2627,1:32:55,7:06,M 45-49/9,M-46,58,1:32:57,68.36%
68,Jane Aitchison,"La Mesa, CA",2626,1:32:55,7:06,F 40-44/5,F-43,10,1:32:57,76.25%
69,Leo Ramirez,"Aliso Viejo, CA",1421,1:32:57,7:06,M 35-39/6,M-38,59,1:33:09,64.86%
70,Andres Varona,"Laguna Hills, CA",1766,1:33:06,7:07,M 13-18/7,M-15,60,1:33:15,69.64%
71,Ben Kagel,"Laguna Hills, CA",894,1:33:14,7:07,M 13-18/8,M-17,61,1:33:22,67.15%
72,Lisa Davis,"Los Angeles, CA",2122,1:33:35,7:09,F 40-44/6,F-40,11,1:33:35,73.77%
73,Nhut Tran,"Seal Beach, CA",1724,1:33:36,7:09,M 25-29/8,M-27,62,1:33:47,62.52%
74,Kenji Sumino,"Laguna Hills, CA",1668,1:33:38,7:09,M 35-39/7,M-36,63,1:33:42,63.61%
75,Richard Eldridge,"Orange, CA",478,1:34:03,7:11,M 45-49/10,M-49,64,1:34:05,69.01%
76,Denise Hertsch,"San Clemente, CA",756,1:34:03,7:11,F 40-44/7,F-42,12,1:34:08,74.67%
77,Aymee Robles,"Irvine, CA",1466,1:34:09,7:11,F 35-39/1,F-35,13,1:34:13,70.40%
78,Derek Landry,"Newport Beach, CA",977,1:34:14,7:12,M 35-39/8,M-35,65,1:34:51,62.83%
79,Chris Cranley,"San Francisco, CA",361,1:34:16,7:12,M 30-34/12,M-30,66,1:34:27,62.08%
80,Nicole Conrad,"San Marcos, TX",348,1:34:26,7:13,F 30-34/3,F-34,14,1:34:33,69.64%
81,Mary Clabby,"Manhattan Beach, CA",2471,1:34:27,7:13,F 40-44/8,F-40,15,1:34:31,73.09%
82,Josh Kline,"Newport Beach, CA",932,1:34:28,7:13,M 30-34/13,M-32,67,1:34:32,61.93%
83,David Hyman,"Irvine, CA",827,1:34:39,7:14,M 50-54/7,M-50,68,1:35:02,69.08%
84,Martin Brooks,"Dana Point, CA",203,1:34:43,7:14,M 40-44/9,M-43,69,1:34:47,65.71%
85,Elizabeth Okano,"Marina Del Rey, CA",1283,1:34:45,7:14,F 35-39/2,F-35,16,1:34:50,69.96%
86,Matt Ellis,"Temecula, CA",2813,1:34:49,7:14,M 25-29/9,M-28,70,1:34:55,61.72%
87,Kim Weirath,"San Juan Capistrano, CA",2918,1:34:51,7:15,F 45-49/1,F-46,17,1:34:56,76.75%
88,Guillaume Reynet,"Redondo Beach, CA",2358,1:34:51,7:15,M 35-39/9,M-38,71,1:35:15,63.56%
89,Brian Beus,"San Marcos, CA",145,1:34:56,7:15,M 35-39/10,M-38,72,1:35:13,63.50%
90,Tom Dubin,"Wilmette, IL",448,1:35:00,7:15,M 45-49/11,M-45,73,1:35:16,66.40%
91,Richard Pinarija,"Laguna Hills, CA",1376,1:35:08,7:16,M 45-49/12,M-45,74,1:35:35,66.30%
92,Christopher Kovalchick,"Pasadena, CA",941,1:35:11,7:16,M 19-24/4,M-24,75,1:35:22,61.48%
93,Dan Margolis,"Rancho Santa Margari, CA",2443,1:35:12,7:16,M 40-44/10,M-42,76,1:35:24,64.94%
94,Brooks Bolsinger,"San Clemente, CA",2019,1:35:12,7:16,M 13-18/9,M-14,77,1:35:27,69.56%
95,Jenny Fritzsche,"Costa Mesa, CA",2457,1:35:18,7:17,F 40-44/9,F-42,18,1:35:22,73.69%
96,Tyler Reid,"Ladera Ranch, CA",1438,1:35:19,7:17,M 25-29/10,M-29,78,1:36:24,61.39%
97,Sue Zihlmann,"Long Beach, CA",1911,1:35:21,7:17,F 40-44/10,F-44,19,1:35:24,74.96%
98,Don Richkas,"Aliso Viejo, CA",1452,1:35:30,7:18,M 50-54/8,M-54,79,1:35:49,70.67%
99,Don Waggett,"Carlsbad, CA",2910,1:35:30,7:18,M 55-59/3,M-59,80,1:35:33,73.84%
100,Amy Freese,"Fullerton, CA",2619,1:35:34,7:18,F 30-34/4,F-32,20,1:35:37,68.40%
101,Jim Bechtold,"Irvine, CA",2632,1:35:44,7:19,M 55-59/4,M-59,81,1:35:47,73.66%
102,Rob Flores,"Lake Forest, CA",537,1:35:53,7:19,M 13-18/10,M-17,82,1:36:02,65.30%
103,Nicole Sereno,"Glendora, CA",1562,1:35:54,7:19,F 19-24/1,F-20,21,1:35:56,70.60%
104,Ryan O'Connor,"San Marino, CA",1280,1:35:59,7:20,M 25-29/11,M-29,83,1:37:01,60.97%
105,John H Smith,", CA",2433,1:36:01,7:20,M 50-54/9,M-53,84,1:36:38,69.71%
106,Steve Singer,"Huntington Beach, CA",2636,1:36:02,7:20,M 40-44/11,M-43,85,1:36:08,64.80%
107,Leslie Buehler,"Laguna Niguel, CA",219,1:36:05,7:20,F 35-39/3,F-39,22,1:36:13,71.25%
108,Cathy Amundson,"Carlsbad, CA",46,1:36:08,7:20,F 40-44/11,F-44,23,1:36:11,74.35%
109,Jerry Dinowitz,"Northridge, CA",430,1:36:17,7:21,M 50-54/10,M-51,86,1:36:20,68.43%
110,Scott Callender,"Lake Forest, CA",241,1:36:17,7:21,M 40-44/12,M-44,87,1:36:43,65.07%
111,Enrique Rodriguez,"Orange, CA",2111,1:36:17,7:21,M 45-49/13,M-48,88,1:36:31,66.91%
112,Raul Gutierrez,"Mission Viejo, CA",663,1:36:28,7:22,M 50-54/11,M-53,89,1:36:30,69.39%
113,Jack Nunn,"Manhattan Beach, CA",2475,1:36:35,7:22,M 25-29/12,M-28,90,1:43:19,60.59%
114,John Fischer,"San Clemente, CA",2919,1:36:36,7:23,M 35-39/11,M-39,91,1:36:39,62.79%
115,Thomas Baker,"Lancaster, CA",89,1:36:42,7:23,M 45-49/14,M-48,92,1:36:55,66.62%
116,Ernest Printzen,"Aliso Viejo, CA",1402,1:36:48,7:23,M 40-44/13,M-43,93,1:36:49,64.29%
117,Robert Hause,"La Crescenta, CA",720,1:36:49,7:24,M 45-49/15,M-46,94,1:37:10,65.60%
118,Carlos Magana,"North Hollywood, CA",1070,1:36:51,7:24,M 35-39/12,M-35,95,1:37:57,61.13%
119,Stan Gertler,"Villa Park, CA",2809,1:36:53,7:24,M 55-59/5,M-56,96,1:36:55,70.85%
120,Kim Cormier,"Laguna Niguel, CA",352,1:36:53,7:24,F 40-44/12,F-41,24,1:36:56,71.86%
121,Kraig Golden,"La Habra, CA",609,1:36:56,7:24,M 40-44/14,M-42,97,1:36:59,63.78%
122,Angela Vizzeri,"Santee, CA",1781,1:37:03,7:25,F 30-34/5,F-32,25,1:37:06,67.36%
123,Mark Luer,"Irvine, CA",2740,1:37:08,7:25,M 45-49/16,M-45,98,1:38:08,64.94%
124,Alex Celani,"Laguna Hills, CA",2120,1:37:08,7:25,M 50-54/12,M-50,99,1:37:16,67.32%
125,Victor Celani,"Mission Viejo, CA",2121,1:37:12,7:25,M 45-49/17,M-47,100,1:37:20,65.81%
126,John Joyce,"San Marcos, CA",888,1:37:17,7:26,M 30-34/14,M-30,101,1:39:23,60.15%
127,Cheryl Sheremeta,"La Jolla, CA",2434,1:37:20,7:26,F 45-49/2,F-48,26,1:37:29,76.22%
128,Antonio Bello,"Garden Grove, CA",2350,1:37:38,7:27,M 45-49/18,M-48,102,1:37:45,65.99%
129,Hugo Houben,"Irvine, CA",2216,1:37:41,7:28,M 35-39/13,M-36,103,1:37:47,60.97%
130,Alan Poremba,"Laguna Niguel, CA",2346,1:37:46,7:28,M 45-49/19,M-45,104,1:37:55,64.52%
131,Bob Tully,"Fullerton, CA",2459,1:37:48,7:28,M 45-49/20,M-47,105,1:37:51,65.40%
132,Max Hoes,"San Clemente, CA",2816,1:37:50,7:28,M 40-44/15,M-44,106,1:37:50,64.04%
133,Martin Stein,"Ladera Ranch, CA",2272,1:37:50,7:28,M 35-39/14,M-36,107,1:38:41,60.88%
134,Margaret Human,"Yorba Linda, CA",815,1:37:55,7:29,F 40-44/13,F-44,27,1:38:00,73.00%
135,Elaine Rutkowski,"Laguna Niguel, CA",1503,1:38:01,7:29,F 50-54/1,F-52,28,1:38:04,78.79%
136,Jennifer Buckley,"Yorba Linda, CA",218,1:38:10,7:30,F 50-54/2,F-50,29,1:38:13,77.07%
137,Amy Gravengaard,"Manhattan Beach, CA",630,1:38:22,7:31,F 30-34/6,F-30,30,1:38:46,66.46%
138,Warren Booth,"Laguna Hills, CA",1919,1:38:27,7:31,M 40-44/16,M-43,108,1:38:38,63.21%
139,Michael Hynes,"Irvine, CA",828,1:38:32,7:31,M 30-34/15,M-32,109,1:39:19,59.39%
140,Talya Nevo,"Corona Del Mar, CA",1253,1:38:33,7:32,F 45-49/3,F-48,31,1:38:36,75.28%
141,Mark Clutter,"Tustin, CA",334,1:38:46,7:32,M 45-49/21,M-49,110,1:38:55,65.71%
142,Mark Ledford,"Trabuco Canyon, CA",2217,1:38:49,7:33,M 45-49/22,M-48,111,1:38:55,65.20%
143,Todd Fanady,"Long Beach, CA",2943,1:38:52,7:33,M 45-49/23,M-46,112,1:43:39,64.24%
144,Natalie Batres,"Rowland Heights, CA",2260,1:38:57,7:33,F 19-24/2,F-24,32,1:39:28,66.07%
145,Mike Harrison,"Blue Jay, CA",1940,1:38:57,7:33,M 30-34/16,M-32,113,1:39:52,59.14%
146,Joe Sotelo,"Anaheim, CA",2905,1:39:03,7:34,M 45-49/24,M-47,114,1:39:05,64.58%
147,Juan Guadarrama,"Santa Ana, CA",656,1:39:06,7:34,M 13-18/11,M-17,115,1:39:19,63.18%
148,Matt Harris,"Derby, DE",704,1:39:08,7:34,M 30-34/17,M-30,116,1:39:19,59.03%
149,Kevin Brown,"Irvine, CA",2828,1:39:10,7:34,M 30-34/18,M-32,117,1:39:14,59.01%
150,Nycole Leyba,"Mesa, AZ",1020,1:39:11,7:34,F 30-34/7,F-31,33,1:39:14,65.91%
151,Swava Stengel,"Los Angeles, CA",1651,1:39:14,7:35,F 25-29/3,F-28,34,1:39:15,65.88%
152,Lisa Campbell,"Dana Point, CA",247,1:39:15,7:35,F 45-49/4,F-47,35,1:39:27,74.04%
153,Fransisco Cervantes,"El Monte, CA",289,1:39:17,7:35,M 25-29/13,M-27,118,1:40:16,58.94%
154,Andrew Hannan,"Santa Monica, CA",2528,1:39:24,7:35,M 30-34/19,M-33,119,1:39:48,58.87%
155,Robert Murray,"San Diego, CA",2204,1:39:29,7:36,M 19-24/5,M-24,120,1:39:34,58.82%
156,Jim Heller,"Anaheim, CA",741,1:39:35,7:36,M 60-64/1,M-60,121,1:39:37,71.49%
157,Bart Child,"Yucaipa, CA",315,1:39:36,7:36,M 40-44/17,M-44,122,1:39:52,62.89%
158,Bill Ramsey,"Aliso Viejo, CA",2108,1:39:38,7:37,M 50-54/13,M-54,123,1:40:35,67.74%
159,Trenton McClure,"Tustin, CA",1124,1:39:40,7:37,M 25-29/14,M-28,124,1:39:47,58.71%
160,Clark Jones,"Rancho Santa Margarita, CA",874,1:39:41,7:37,M 35-39/15,M-39,125,1:40:05,60.85%
161,James Moore,"Oceanside, CA",1188,1:39:45,7:37,M 35-39/16,M-39,126,1:39:50,60.81%
162,Lora Wesolowski,"San Clemente, CA",1834,1:39:49,7:37,F 25-29/4,F-29,36,1:39:56,65.50%
163,Matthew Himmelman,"Aliso Viejo, CA",774,1:39:49,7:37,M 35-39/17,M-38,127,1:39:54,60.40%
164,Christopher Herry,"Laguna Beach, CA",754,1:39:56,7:38,M 35-39/18,M-38,128,1:40:20,60.33%
165,Chris Sheehy,"Newport Beach, CA",2455,1:39:59,7:38,M 25-29/15,M-27,129,1:41:01,58.53%
166,Andrew Norell,"Irvine, CA",1266,1:40:02,7:38,M 35-39/19,M-37,130,1:40:18,59.90%
167,Marc Napolitano,"Anaheim, CA",1238,1:40:06,7:39,M 35-39/20,M-38,131,1:40:23,60.23%
168,Tara Termezy,"Long Beach, CA",1701,1:40:07,7:39,F 30-34/8,F-34,37,1:40:19,65.69%
169,Peter Kobrak,"Lake Forest, CA",2732,1:40:12,7:39,M 45-49/25,M-45,132,1:40:38,62.95%
170,Ginger Wotzka,"San Diego, CA",1877,1:40:17,7:39,F 30-34/9,F-34,38,1:40:27,65.58%
171,Rick Delanty,"San Clemente, CA",410,1:40:17,7:39,M 55-59/6,M-57,133,1:40:21,69.05%
172,William Von Zabern,"Canyon Lake, CA",1785,1:40:19,7:40,M 40-44/18,M-42,134,1:40:51,61.63%
173,Kristopher Wotzka,"San Diego, CA",1878,1:40:19,7:40,M 30-34/20,M-34,135,1:40:30,58.66%
174,Weston Drosky,"Mission Viejo, CA",2630,1:40:21,7:40,M 13-18/12,M-16,136,1:40:36,63.42%
175,Gale Chatham,"Newport Beach, CA",302,1:40:26,7:40,M 55-59/7,M-58,137,1:40:35,69.57%
176,David Leung,"San Diego, CA",1015,1:40:29,7:40,M NoAge/0,M-0,138,1:41:59, 0.00%
177,Yvon Goetz,"Newport Beach, CA",608,1:40:33,7:41,M 40-44/19,M-42,139,1:41:30,61.49%
178,Todd Setter,"San Diego, CA",1564,1:40:35,7:41,M 40-44/20,M-42,140,1:41:46,61.47%
179,Kelly Tisone,"Orange, CA",1718,1:40:42,7:41,F 35-39/4,F-37,39,1:40:48,66.88%
180,Rebecca Stewart,"Anaheim, CA",2237,1:40:50,7:42,F 30-34/10,F-32,40,1:42:16,64.84%
181,Adam Kreutner,"Hermosa Beach, CA",950,1:40:52,7:42,M 40-44/21,M-40,141,1:40:54,60.52%
182,Reuel Chan,"Tustin, CA",294,1:40:54,7:42,M 30-34/21,M-31,142,1:41:02,57.99%
183,Jeff Young,"Laguna Hills, CA",1900,1:40:58,7:43,M 40-44/22,M-42,143,1:41:16,61.23%
184,Ryan Primosch,"Lakewood, CA",2606,1:41:00,7:43,M 25-29/16,M-27,144,1:41:16,57.94%
185,C McAndrews,"Laguna Niguel, CA",2113,1:41:07,7:43,F 45-49/5,F-47,41,1:41:28,72.67%
186,Alan Mariconda,"Coto De Caza, CA",1086,1:41:17,7:44,M 50-54/14,M-51,145,1:41:20,65.05%
187,Doug Gibson,"Encinitas, CA",594,1:41:21,7:44,M 40-44/23,M-40,146,1:41:54,60.23%
188,Allison Olex,"Laguna Hills, CA",1287,1:41:22,7:44,F 25-29/5,F-29,42,1:42:00,64.49%
189,Jeremy Rivera,"Anaheim, CA",1461,1:41:25,7:45,M 30-34/22,M-30,147,1:41:40,57.70%
190,Gumaro Marin,"Dana Point, CA",2746,1:41:29,7:45,M 40-44/24,M-43,148,1:53:57,61.32%
191,Octavio Ibarra,"Inglewood, CA",830,1:41:31,7:45,M 30-34/23,M-34,149,1:41:38,57.98%
192,Kevin Dunkley,"Aliso Viejo, CA",457,1:41:31,7:45,M 30-34/24,M-30,150,1:41:48,57.64%
193,Jerry Weitzman,"Ladera Ranch, CA",1822,1:41:31,7:45,M 35-39/21,M-35,151,1:42:05,58.31%
194,Danny Tran,"Fountain Valley, CA",1723,1:41:33,7:45,M 13-18/13,M-14,152,1:42:21,65.21%
195,Alan Spalding,"Laguna Hills, CA",1628,1:41:36,7:45,M 50-54/15,M-51,153,1:44:25,64.85%
196,Elizabeth Anderson,"Brea, CA",50,1:41:44,7:46,F 25-29/6,F-27,43,1:42:03,64.26%
197,Mike Catanzaro,"Aliso Viejo, CA",2412,1:41:50,7:47,M 35-39/22,M-35,154,1:42:05,58.13%
198,Matthew Eyre,"Aliso Viejo, CA",498,1:42:00,7:47,M 35-39/23,M-36,155,1:42:32,58.39%
199,James Frerk,"Laguna Hills, CA",554,1:42:02,7:47,M 45-49/26,M-47,156,1:42:12,62.69%
200,Stephen Vanslyke,"Carlsbad, CA",1764,1:42:07,7:48,M 40-44/25,M-41,157,1:42:13,60.16%
201,Sara Hannan,"Santa Monica, CA",2527,1:42:19,7:49,F 35-39/5,F-35,44,1:42:41,64.78%
202,Zachary Menke,"Long Beach, CA",2258,1:42:23,7:49,M 40-44/26,M-44,158,1:42:53,61.19%
203,Jacqui Vaskavich,"Rancho Santa Margari, CA",2424,1:42:27,7:49,F 40-44/14,F-44,45,1:43:02,69.77%
204,Mark Kristula,"Los Angeles, CA",952,1:42:34,7:50,M 45-49/27,M-45,159,1:42:38,61.50%
205,Craig Ciandella,"Huntington Beach, CA",2722,1:42:57,7:52,M 55-59/8,M-58,160,1:43:04,67.87%
206,Tom Carpenter,"Laguna Hills, CA",268,1:43:06,7:52,M 50-54/16,M-53,161,1:43:18,64.92%
207,Daniel Mathot,"Orange, CA",1107,1:43:15,7:53,M 30-34/25,M-33,162,1:44:22,56.67%
208,Wendy Kennedy,"Tarzana, CA",907,1:43:17,7:53,F 45-49/6,F-49,46,1:44:00,72.53%
209,Patsy Howser,"Newport Beach, CA",802,1:43:23,7:54,F 40-44/15,F-44,47,1:44:11,69.14%
210,Jud Oshier,"Trabuco Canyon, CA",2372,1:43:24,7:54,M 50-54/17,M-53,163,1:43:31,64.74%
211,William Paine,"Rancho Santa Margarita, CA",1310,1:43:26,7:54,M 45-49/28,M-46,164,1:43:29,61.41%
212,Alessandra Pavoni,"Laguna Niguel, CA",1338,1:43:28,7:54,F 19-24/3,F-24,48,1:43:39,63.19%
213,Miles Galla-Rini,"Orange, CA",571,1:43:29,7:54,M 40-44/27,M-43,165,1:44:04,60.14%
214,Jeff Goodman,"Upland, CA",621,1:43:33,7:54,M 45-49/29,M-46,166,1:43:40,61.34%
215,Elizabeth Majewski,"Lake Forest, CA",1080,1:43:34,7:54,F 25-29/7,F-28,49,1:44:13,63.12%
216,Belem O'Campo,"Laguna Hills, CA",1278,1:43:40,7:55,M 25-29/17,M-28,167,1:43:41,56.45%
217,Suzanne Edmands,"South Pasadena, CA",2458,1:43:41,7:55,F 40-44/16,F-43,50,1:44:03,68.33%
218,Jeffrey Anderson,"Irvine, CA",2539,1:43:44,7:55,M 45-49/30,M-45,168,1:43:47,60.81%
219,Yoshitoshi Takahashi,"Rancho Palos Verdes, CA",1687,1:43:46,7:55,M 45-49/31,M-48,169,1:44:31,62.09%
220,Tamurei Litt,"Ladera Ranch, CA",1028,1:43:47,7:55,F 35-39/6,F-37,51,1:44:35,64.89%
221,Yaron Levy,"Rancho Santa Margarita, CA",1016,1:43:48,7:56,M 25-29/18,M-28,170,1:44:01,56.37%
222,Rob Van Horn,"Mission Viejo, CA",2102,1:43:48,7:56,M 45-49/32,M-46,171,1:44:02,61.19%
223,Liz Reale,"Mission Viejo, CA",1428,1:43:52,7:56,F 35-39/7,F-35,52,1:47:37,63.82%
224,Charlie Pickford,"Huntington Beach, CA",1371,1:43:54,7:56,M 45-49/33,M-48,172,1:44:00,62.01%
225,Mario Zamora,"Corona Del Mar, CA",2573,1:43:56,7:56,M 35-39/24,M-37,173,1:46:12,57.65%
226,Mark Ensminger,"Newport Beach, CA",2347,1:43:56,7:56,M 40-44/28,M-40,174,1:45:03,58.73%
227,Doug Tully,"Foothill Ranch, CA",2940,1:44:00,7:56,M 35-39/25,M-38,175,1:44:47,57.96%
228,Rhoda Shaver,"Irvine, CA",1570,1:44:02,7:57,F 35-39/8,F-36,53,1:44:11,64.22%
229,Saul Ovalle,"Murrieta, CA",1300,1:44:06,7:57,M 45-49/34,M-47,176,1:45:21,61.44%
230,John Heckel,"Del Mar, CA",731,1:44:11,7:57,M 35-39/26,M-39,177,1:44:29,58.22%
231,Deeann Bonnell,"Oceanside, CA",174,1:44:15,7:58,F 35-39/9,F-38,54,1:44:26,65.12%
232,Peter Lew,"Laguna Hills, CA",1017,1:44:18,7:58,M 45-49/35,M-47,178,1:44:33,61.33%
233,Andreas Deptolla,"Studio City, CA",419,1:44:19,7:58,M 25-29/19,M-27,179,1:44:36,56.09%
234,Ryan Zackon,"Huntington Beach, CA",2621,1:44:22,7:58,M 25-29/20,M-26,180,1:44:42,56.07%
235,Paul Schlesinger,"Laguna Niguel, CA",1542,1:44:24,7:58,M 13-18/14,M-18,181,1:44:29,59.10%
236,Brian Rosenbaum,"Coto De Caza, CA",1488,1:44:24,7:58,M 19-24/6,M-23,182,1:44:46,56.11%
237,Nicole Edelhauser,"Costa Mesa, CA",472,1:44:24,7:58,F 25-29/8,F-29,55,1:44:28,62.62%
238,Matt Long,"Santa Barbara, CA",1035,1:44:27,7:59,M 25-29/21,M-27,183,1:45:17,56.02%
239,Keizo Amakawa,"Encinitas, CA",2017,1:44:29,7:59,M 45-49/36,M-49,184,1:45:50,62.11%
240,Mindy Thomas,"San Diego, CA",1709,1:44:30,7:59,F 35-39/10,F-39,56,1:45:14,65.51%
241,Mauro Sanchez,"Mission Viejo, CA",2719,1:44:35,7:59,M 60-64/2,M-64,185,1:44:37,70.90%
242,Juuan Lopez,"San Marcos, CA",2335,1:44:36,7:59,M 35-39/27,M-39,186,1:44:46,57.99%
243,Mike Von Zabern,"Yorba Linda, CA",2917,1:44:43,8:00,M 19-24/7,M-19,187,1:45:15,58.16%
244,Mark Turner,"Dove Canyon, CA",2117,1:44:46,8:00,M 45-49/37,M-45,188,1:45:37,60.21%
245,Kin Kui,"Monterey Park, CA",956,1:44:47,8:00,F 35-39/11,F-39,57,1:45:00,65.33%
246,Alexander Chin,"Rancho Palos Verdes, CA",2371,1:44:50,8:00,M 40-44/29,M-41,189,1:45:13,58.60%
247,Robin Lee Wilhelm,"Cerritos, CA",1849,1:44:53,8:00,F 45-49/7,F-48,58,1:46:02,70.73%
248,Jose Flores,"Mission Viejo, CA",536,1:44:58,8:01,M 50-54/18,M-54,190,1:45:23,64.29%
249,Brian Stowe,"Trabuco Canyon, CA",2673,1:45:02,8:01,M 45-49/38,M-46,191,1:45:10,60.47%
250,Lionel Adams,"Aliso Viejo, CA",2704,1:45:05,8:01,M 50-54/19,M-52,192,1:45:13,63.19%
251,Andy Vasquez,"Carson, CA",2234,1:45:15,8:02,M 35-39/28,M-35,193,1:46:15,56.25%
252,Christine Taylor,"Aliso Viejo, CA",2743,1:45:20,8:03,F 45-49/8,F-47,59,1:45:26,69.76%
253,Kelly Southwell,"Romoland, CA",1626,1:45:24,8:03,F 30-34/11,F-30,60,1:45:31,62.03%
254,Hiroyoshi Oshida,"Aliso Viejo, CA",1296,1:45:26,8:03,M 40-44/30,M-43,194,1:45:30,59.03%
255,Dean Tan,"Irvine, CA",1691,1:45:28,8:03,M 45-49/39,M-45,195,1:46:48,59.81%
256,Mitch Hill,"Coto De Caza, CA",769,1:45:29,8:03,M 45-49/40,M-49,196,1:46:02,61.52%
257,Stone Riff,"Laguna Beach, CA",1453,1:45:29,8:03,M 13-18/15,M-13,197,1:45:32,64.30%
258,Dan Adams,"Pinon Hills, CA",22,1:45:33,8:04,M 55-59/9,M-59,198,1:45:40,66.81%
259,Jay Grubb,"Seattle, WA",2736,1:45:33,8:04,M 45-49/41,M-47,199,1:45:48,60.60%
260,Ross Craft,"Encinitas, CA",360,1:45:34,8:04,M 40-44/31,M-44,200,1:46:29,59.35%
261,Carlos Duron,"Mission Viejo, CA",460,1:45:34,8:04,M 50-54/20,M-51,201,1:45:43,62.41%
262,Todd Gallina,"Laguna Niguel, CA",574,1:45:38,8:04,M 40-44/32,M-40,202,1:46:08,57.78%
263,Patrick Dredden,"Mission Viejo, CA",446,1:45:43,8:04,M 40-44/33,M-43,203,1:45:58,58.87%
264,Laura Fredrickson,"Thousand Oaks, CA",551,1:45:43,8:04,F 19-24/4,F-20,61,1:46:03,64.05%
265,Jerry Lebowitz,"Laguna Niguel, CA",997,1:45:44,8:04,M 55-59/10,M-58,204,1:45:54,66.08%
266,Kelly Calabio,"Redondo Beach, CA",236,1:45:50,8:05,M 45-49/42,M-46,205,1:46:14,60.01%
267,Alan Rosenburg,"Dana Point, CA",1491,1:45:51,8:05,M 55-59/11,M-56,206,1:45:57,64.84%
268,Sonya Zamora,"Corona Del Mar, CA",2696,1:45:59,8:06,F 35-39/12,F-37,62,1:48:14,63.55%
269,Ronald Kelpe,"Trabuco Cyn, CA",904,1:46:01,8:06,M 50-54/21,M-51,207,1:46:12,62.15%
270,James Miller,"Pasadena, CA",1165,1:46:04,8:06,M 55-59/12,M-59,208,1:46:36,66.49%
271,Marie Finnerty,"Fountain Valley, CA",524,1:46:05,8:06,F 30-34/12,F-33,63,1:46:36,61.63%
272,Jeremy Geobel,"Newport Beach, CA",588,1:46:15,8:07,M 19-24/8,M-23,209,1:47:06,55.13%
273,Mike Hoffman,"Huntington Beach, CA",786,1:46:15,8:07,M 40-44/34,M-43,210,1:46:27,58.57%
274,Kelly Cabal,"Newport Coast, CA",235,1:46:20,8:07,F 25-29/9,F-27,64,1:46:35,61.48%
275,Robert Swigart,"Ladera Ranch, CA",1680,1:46:24,8:07,M 45-49/43,M-47,211,1:47:33,60.12%
276,Kellie Fochtman,"Corona, CA",538,1:46:27,8:08,F 35-39/13,F-37,65,1:46:53,63.27%
277,Mark Garcia,"La Mirada, CA",2256,1:46:29,8:08,M 40-44/35,M-42,212,1:47:12,58.06%
278,Julie Groff,"Laguna Hills, CA",2333,1:46:30,8:08,F 45-49/9,F-45,66,1:46:32,67.72%
279,Matt Groff,"Laguna Hills, CA",2332,1:46:30,8:08,M 45-49/44,M-45,213,1:46:32,59.23%
280,Krista Eye,"Cedar City, UT",497,1:46:32,8:08,F 30-34/13,F-34,67,1:47:12,61.73%
281,John Eye,"Cedar City, UT",496,1:46:33,8:08,M 40-44/36,M-41,214,1:47:13,57.65%
282,Aleksandr Rysin,"Tarzana, CA",1506,1:46:33,8:08,M 25-29/22,M-27,215,1:47:24,54.92%
283,Nicanor Echeverria,"Anaheim, CA",469,1:46:36,8:08,M 30-34/26,M-33,216,1:46:52,54.89%
284,Scott Gordon,"Newport Beach, CA",2941,1:46:41,8:09,M 25-29/23,M-25,217,1:48:40,54.85%
285,Marina Jones,"Palm Desert, CA",2624,1:46:43,8:09,F 55-59/1,F-56,68,1:47:17,75.60%
286,Roger Allen,"Anaheim, CA",2238,1:46:44,8:09,M 35-39/29,M-37,218,1:48:08,56.14%
287,Melissa Gregory,"Costa Mesa, CA",637,1:46:48,8:09,F 19-24/5,F-23,69,1:47:36,61.55%
288,Angie Stoller,"Coto De Caza, CA",1656,1:46:49,8:09,F 35-39/14,F-35,70,1:47:39,62.05%
289,Steve Rosenberg,"Rancho Santa Margari, CA",2554,1:46:59,8:10,M 40-44/37,M-41,219,1:47:19,57.42%
290,Aida Wasilewski,"San Juan Capistrano, CA",2462,1:47:06,8:11,F 45-49/10,F-47,71,1:47:20,68.61%
291,Margie Prescot,"San Juan Capistrano, CA",2568,1:47:07,8:11,F 45-49/11,F-45,72,1:47:20,67.33%
292,Roberto Hernandez,"Murrieta, CA",749,1:47:10,8:11,M 50-54/22,M-50,220,1:47:12,61.01%
293,Gary Fujita,"Huntington Beach, CA",562,1:47:10,8:11,M 35-39/30,M-39,221,1:47:24,56.60%
294,Joseph Smith,"Laguna Niguel, CA",1614,1:47:17,8:11,M 45-49/45,M-48,222,1:51:43,60.05%
295,Michael Dixon,"Fountain Valley, CA",431,1:47:19,8:12,M 25-29/24,M-26,223,1:47:32,54.53%
296,Tricia Jarmer,"Los Angeles, CA",859,1:47:20,8:12,F 30-34/14,F-30,73,1:47:35,60.91%
297,Joel Edwards,"Rancho Santa Margarita, CA",476,1:47:27,8:12,M 35-39/31,M-36,224,1:48:33,55.43%
298,Richard Skinner,"Orange, CA",2439,1:47:28,8:12,M 35-39/32,M-37,225,1:47:42,55.76%
299,Lorraine Gersitz,"Fullerton, CA",591,1:47:34,8:13,F 50-54/3,F-54,74,1:47:55,73.34%
300,Alisha Lange,"Corona Del Mar, CA",980,1:47:34,8:13,F 50-54/4,F-50,75,1:47:38,70.34%
301,Juliet Corsinita,"Mission Viejo, CA",353,1:47:37,8:13,F 35-39/15,F-37,76,1:47:46,62.58%
302,Pj Quealy,"Anaheim, CA",2708,1:47:38,8:13,M 30-34/27,M-32,226,1:47:46,54.37%
303,Scott Zilerman,"Lancaster, CA",1912,1:47:38,8:13,M 50-54/23,M-54,227,1:48:41,62.70%
304,Linda Destefano,"Newport Coast, CA",2036,1:47:39,8:13,F 40-44/17,F-44,77,1:48:12,66.40%
305,Marie Ortiz,"Placentia, CA",1294,1:47:47,8:14,F 45-49/12,F-47,78,1:48:01,68.17%
306,Alicia Dingsdale,"Pasadena, CA",429,1:47:51,8:14,F 35-39/16,F-39,79,1:47:56,63.48%
307,Abraham Sabersky,"South Pasadena, CA",1507,1:47:56,8:14,M 25-29/25,M-25,228,1:48:53,54.21%
308,Ernie Paez,"Lancaster, CA",1306,1:47:56,8:14,M 45-49/46,M-47,229,1:48:13,59.26%
309,Jimmy Blalock,"Orange, CA",158,1:47:56,8:14,M 19-24/9,M-23,230,1:48:53,54.27%
310,Branigan Mulcahy,"Newport Beach, CA",1217,1:47:58,8:15,M 25-29/26,M-25,231,1:49:21,54.20%
311,Paul Cook,"Ladera Ranch, CA",349,1:48:07,8:15,M 35-39/33,M-38,232,1:48:59,55.76%
312,Vincent Delaney,"Tustin, CA",409,1:48:09,8:15,M 45-49/47,M-46,233,1:48:18,58.73%
313,Paul Both,"Huntington Beach, CA",2312,1:48:17,8:16,M 40-44/38,M-42,234,1:48:34,57.10%
314,Scott Casamassa,"San Dimas, CA",2263,1:48:18,8:16,M 40-44/39,M-42,235,1:48:31,57.08%
315,Lisa Kulovitz,"Anaheim, CA",957,1:48:19,8:16,F 25-29/10,F-26,80,1:49:45,60.36%
316,Ben Turrietta,"Whittier, CA",2541,1:48:20,8:16,M 30-34/28,M-32,236,1:49:02,54.01%
317,Perry Lobel,"Newport Beach, CA",2271,1:48:20,8:16,M 50-54/24,M-50,237,1:48:44,60.36%
318,Michelle Hertzog,"Long Beach, CA",757,1:48:21,8:16,F 35-39/17,F-39,81,1:49:29,63.18%
319,Sarah Mathot,"Orange, CA",1108,1:48:21,8:16,F 25-29/11,F-29,82,1:49:28,60.34%
320,Eladio Harnandez,"Anaheim, CA",2710,1:48:22,8:16,M 45-49/48,M-45,238,1:48:59,58.21%
321,Paige Tecca,"Laguna Niguel, CA",1700,1:48:24,8:17,F 40-44/18,F-41,83,1:48:42,64.23%
322,Dave Sprenger,"San Clemente, CA",1635,1:48:27,8:17,M 45-49/49,M-48,239,1:48:36,59.40%
323,Mark Becker,"Aliso Viejo, CA",2825,1:48:31,8:17,M 50-54/25,M-50,240,1:51:20,60.25%
324,Kari McCloskey,"San Diego, CA",1123,1:48:32,8:17,F 40-44/19,F-42,84,1:49:15,64.70%
325,Jason Claros,"Ventura, CA",330,1:48:36,8:18,M 25-29/27,M-27,241,1:48:55,53.88%
326,Kirk Mader,"Laguna Hills, CA",1068,1:48:38,8:18,M 50-54/26,M-53,242,1:52:24,61.62%
327,Erin Mader,"Laguna Hills, CA",1067,1:48:39,8:18,F 13-18/2,F-18,85,1:52:24,63.82%
328,Sherman Atkinson,"Aliso Viejo, CA",2661,1:48:41,8:18,M 40-44/40,M-42,243,1:49:05,56.89%
329,Jean Laroche,"Santa Monica, CA",2269,1:48:44,8:18,M 55-59/13,M-55,244,1:49:23,62.59%
330,Pamela Haugland,"Tustin, CA",719,1:48:51,8:19,F 30-34/15,F-32,86,1:49:06,60.06%
331,Brett Sevilla,"South Pasadena, CA",1565,1:48:52,8:19,M 40-44/41,M-40,245,1:49:03,56.07%
332,Justin Erdstieck,"Corona Del Mar, CA",2572,1:48:57,8:19,M 25-29/28,M-28,246,1:51:13,53.71%
333,John Arambula,"Yorba Linda, CA",56,1:48:59,8:19,M 40-44/42,M-44,247,1:49:58,57.49%
334,Frank Polczynski,"San Diego, CA",2484,1:48:59,8:19,M 30-34/29,M-34,248,1:56:50,54.01%
335,Maurice Carretta,"Downey, CA",272,1:49:03,8:20,M 40-44/43,M-41,249,1:50:18,56.33%
336,Alexa Dickerson,"Lake Forest, CA",2268,1:49:14,8:20,F 19-24/6,F-20,87,1:52:36,61.98%
337,Gretchen Connelie,"Phoenix, AZ",2633,1:49:25,8:21,F 30-34/16,F-30,88,1:49:33,59.75%
338,Lorynn Vossler,"Laguna Niguel, CA",2634,1:49:26,8:21,F 40-44/20,F-42,89,1:49:34,64.17%
339,Roland Castro,"Oceanside, CA",286,1:49:26,8:21,M 45-49/50,M-46,250,1:49:44,58.04%
340,Doug Flaherty,"Yorba Linda, CA",532,1:49:27,8:21,M 55-59/14,M-56,251,1:49:30,62.71%
341,Michael Harkey,"Aliso Viejo, CA",2447,1:49:28,8:21,M 13-18/16,M-17,252,1:49:33,57.19%
342,Bryan Stay,"Huntington Beach, CA",2215,1:49:28,8:21,M 40-44/44,M-43,253,1:49:40,56.85%
343,Heidi Prendergast,"Rancho Santa Margari, CA",2576,1:49:36,8:22,F 30-34/17,F-33,90,1:50:10,59.65%
344,Mark Munoz,"Garden Grove, CA",2404,1:49:41,8:22,M 50-54/27,M-52,254,1:49:51,60.54%
345,Wendy Hill,"Irvine, CA",771,1:49:42,8:23,F 40-44/21,F-40,91,1:50:13,62.93%
346,Sally Welly,"Carlsbad, CA",1825,1:49:47,8:23,F 45-49/13,F-46,92,1:50:06,66.31%
347,Dorinda Platt,"San Diego, CA",2923,1:49:51,8:23,F 40-44/22,F-43,93,1:50:36,64.49%
348,Brian Alli,"Atlanta, GA",38,1:49:52,8:23,M 40-44/45,M-43,255,1:49:53,56.64%
349,Don Luke,"Torrance, CA",1050,1:49:53,8:23,M 50-54/28,M-53,256,1:50:06,60.92%
350,Matthew Speers,"San Clemente, CA",1629,1:50:04,8:24,M 25-29/29,M-28,257,1:50:42,53.16%
351,Storey Jorgensen,"Las Vegas, NV",883,1:50:07,8:24,F 30-34/18,F-31,94,1:50:20,59.37%
352,Miguel Sandez,"Laguna Niguel, CA",1526,1:50:07,8:24,M 40-44/46,M-43,258,1:50:34,56.52%
353,Marc Cressall,"Herriman, UT",363,1:50:07,8:24,M 30-34/30,M-32,259,1:50:51,53.13%
354,Brad Bockhorst,"Lake Forest, CA",2906,1:50:08,8:25,M 45-49/51,M-49,260,1:50:24,58.93%
355,Chris Gideons,"San Clemente, CA",596,1:50:08,8:25,M 40-44/47,M-40,261,1:50:52,55.42%
356,Carlos Sanchez,"Anaheim, CA",2903,1:50:08,8:25,M 50-54/29,M-52,262,1:50:47,60.29%
357,Elio Gonzalez,"Temple City, CA",617,1:50:11,8:25,M 35-39/34,M-35,263,1:50:19,53.73%
358,Valerie Lalonde,"Irvine, CA",969,1:50:15,8:25,F 40-44/23,F-40,95,1:50:58,62.62%
359,Alvin Guanga,"Irvine, CA",657,1:50:16,8:25,M 25-29/30,M-26,264,1:50:49,53.07%
360,Ryan Heuser,"Costa Mesa, CA",760,1:50:20,8:25,M 35-39/35,M-35,265,1:51:10,53.66%
361,Peter Moormeier,"San Diego, CA",1191,1:50:27,8:26,M 19-24/10,M-24,266,1:50:43,52.98%
362,Nicole Maglione,"Los Gatos, CA",1074,1:50:28,8:26,F 25-29/12,F-29,96,1:50:54,59.18%
363,Lori McInerney,"Ladera Ranch, CA",1139,1:50:30,8:26,F 30-34/19,F-32,97,1:51:18,59.16%
364,Michael Petrucci,"San Clemente, CA",1367,1:50:36,8:27,M 50-54/30,M-54,267,1:50:56,61.02%
365,Carmelo Vaca,"Long Beach, CA",1748,1:50:36,8:27,M 35-39/36,M-35,268,1:51:09,53.52%
366,Brent Vaca,"Long Beach, CA",1747,1:50:37,8:27,M 13-18/17,M-15,269,1:51:10,58.61%
367,Ernest Hayward,"Laguna Niguel, CA",2751,1:50:37,8:27,M 45-49/52,M-48,270,1:51:27,58.24%
368,Michael Hyams,"Huntington Beach, CA",826,1:50:37,8:27,M 50-54/31,M-53,271,1:50:47,60.51%
369,Michael Schlack,"Laguna Hills, CA",1540,1:50:37,8:27,M 40-44/48,M-42,272,1:51:07,55.89%
370,Lauren Clemens,"Tustin, CA",2251,1:50:41,8:27,F 13-18/3,F-14,98,1:50:56,66.70%
371,Brian Edwards,"Mission Viejo, CA",2682,1:50:45,8:27,M 40-44/49,M-40,273,1:50:59,55.11%
372,Emily Carlson,"Helendale, CA",261,1:50:48,8:28,F 30-34/20,F-33,99,1:51:08,59.00%
373,Norman Longaza,"Anchorage, AK",1037,1:50:48,8:28,M 35-39/37,M-35,274,1:51:11,53.43%
374,Erik Mora,"Ladera Ranch, CA",1193,1:50:49,8:28,M 30-34/31,M-32,275,1:53:28,52.80%
375,Jill Carter,"Newport Beach, CA",276,1:50:50,8:28,F 40-44/24,F-40,100,1:50:55,62.29%
376,Caren Atkins,"Newport Beach, CA",75,1:50:57,8:28,F 30-34/21,F-34,101,1:51:55,59.27%
377,James Morris,"Aliso Viejo, CA",1203,1:51:01,8:29,M 70-74/1,M-70,276,1:51:07,71.70%
378,Joseph Damelia,"Fullerton, CA",376,1:51:05,8:29,M 35-39/38,M-35,277,1:52:12,53.30%
379,Joe Kubicki,"San Diego, CA",2724,1:51:05,8:29,M 30-34/32,M-32,278,1:52:04,52.68%
380,Tom Neill,"Laguna Beach, CA",2552,1:51:07,8:29,M 40-44/50,M-42,279,1:51:26,55.64%
381,Jeffrey Bristow,"Laguna Niguel, CA",2616,1:51:08,8:29,M 55-59/15,M-59,280,1:51:12,63.45%
382,Juan Vaca,"Long Beach, CA",1749,1:51:13,8:30,M 30-34/33,M-31,281,1:51:47,52.61%
383,Kelly Atlas,"Coto De Caza, CA",78,1:51:15,8:30,F 13-18/4,F-17,102,1:51:30,63.18%
384,Christian Reed,"Alhambra, CA",1434,1:51:17,8:30,M 35-39/39,M-35,282,1:52:16,53.20%
385,Hiu Chung So,"Arcadia, CA",1624,1:51:20,8:30,M 25-29/31,M-25,283,1:52:05,52.56%
386,Travis Baron,"Irvine, CA",107,1:51:20,8:30,M 35-39/40,M-35,284,1:52:18,53.18%
387,James Llamas,"Arcadia, CA",1029,1:51:22,8:30,M 45-49/53,M-48,285,1:51:38,57.85%
388,Jeff Hubeli,"La Quinta, CA",808,1:51:22,8:30,M 50-54/32,M-50,286,1:51:40,58.71%
389,Kristi Walters,"Laguna Hills, CA",1797,1:51:23,8:30,F 35-39/18,F-39,103,1:52:24,61.46%
390,Joshua Charles,"Aliso Viejo, CA",301,1:51:26,8:30,M 30-34/34,M-33,287,1:51:37,52.51%
391,Christina Gackstetter,"Pomona, CA",567,1:51:26,8:30,F 19-24/7,F-24,104,1:52:19,58.67%
392,Bill Trapp,"Orange, CA",1725,1:51:26,8:31,M 60-64/3,M-61,288,1:51:50,64.50%
393,Martha Szufnarowski,"Ladera Ranch, CA",1682,1:51:29,8:31,F 40-44/25,F-42,105,1:51:41,62.99%
394,Sokha Chhun-Dugger,"Laguna Hills, CA",314,1:51:29,8:31,F 35-39/19,F-39,106,1:51:51,61.41%
395,Todd Bisbocci,"Ladera Ranch, CA",2214,1:51:30,8:31,M 40-44/51,M-42,289,1:51:51,55.45%
396,Leslie Clarke,"Trabuco Canyon, CA",328,1:51:31,8:31,F 35-39/20,F-37,107,1:51:46,60.39%
397,Paul Lehmann,"Laguna Niguel, CA",1004,1:51:33,8:31,M 35-39/41,M-39,290,1:52:22,54.38%
398,Kristen Comer,"Irvine, CA",343,1:51:33,8:31,F 35-39/21,F-36,108,1:52:30,59.89%
399,Colleen Nettekoven,"Aliso Viejo, CA",1249,1:51:34,8:31,F 35-39/22,F-38,109,1:52:22,60.86%
400,Philip Sanchez,"Whittier, CA",1523,1:51:36,8:31,M 35-39/42,M-37,291,1:52:52,53.69%
401,Diana McDonald,"San Clemente, CA",1131,1:51:39,8:31,F 30-34/22,F-33,110,1:51:41,58.55%
402,Maureen Fakinos,"San Clemente, CA",505,1:51:40,8:32,F 45-49/14,F-46,111,1:51:42,65.19%
403,Ron Aristondo,"Aliso Viejo, CA",62,1:51:40,8:32,M 30-34/35,M-32,292,1:52:27,52.40%
404,Brenda Navayan,"Laguna Niguel, CA",1242,1:51:42,8:32,F 40-44/26,F-42,112,1:52:39,62.87%
405,Villalobos Raul,"Lake Forest, CA",2727,1:51:43,8:32,M 40-44/52,M-43,293,1:52:29,55.71%
406,John Rosenbaum,"Laguna Hills, CA",1489,1:51:50,8:32,M 50-54/33,M-54,294,1:52:12,60.34%
407,Kevin Hastin,"Fullerton, CA",715,1:51:51,8:32,M 25-29/32,M-28,295,1:52:59,52.32%
408,David St Clair,"Fullerton, CA",1636,1:51:53,8:33,M 35-39/43,M-39,296,1:53:01,54.22%
409,Eve Parsons,"Anaheim, CA",1331,1:51:59,8:33,F 35-39/23,F-38,113,1:53:25,60.63%
410,Helan Park,"Huntington Beach, CA",1319,1:52:00,8:33,F 35-39/24,F-37,114,1:52:10,60.13%
411,Larry Herschler,"Anaheim, CA",755,1:52:03,8:33,M 50-54/34,M-52,297,1:52:14,59.26%
412,German Saenz,"Lakewood, CA",1508,1:52:05,8:33,M 35-39/44,M-39,298,1:54:22,54.12%
413,Jay Lennon,"San Clemente, CA",2603,1:52:06,8:34,M 45-49/54,M-49,299,1:54:10,57.89%
414,Klim Granovsky,"Aliso Viejo, CA",2032,1:52:09,8:34,M 55-59/16,M-58,300,1:53:03,62.30%
415,Tecla Baker,"Huntington Beach, CA",88,1:52:09,8:34,F 35-39/25,F-38,115,1:53:14,60.54%
416,Frank Lozier,"Los Angeles, CA",1047,1:52:11,8:34,M 30-34/36,M-31,301,1:52:30,52.16%
417,Sheila Nicholas,"Laguna Hills, CA",1259,1:52:14,8:34,F 55-59/2,F-56,116,1:52:26,71.88%
418,Marta Abello,"Silverado, CA",2468,1:52:21,8:35,F 40-44/27,F-41,117,1:53:25,61.97%
419,Mary Talavera,"Laguna Beach, CA",2550,1:52:22,8:35,F 40-44/28,F-40,118,1:52:41,61.44%
420,Laura Chaides,"Long Beach, CA",2383,1:52:25,8:35,F 45-49/15,F-49,119,1:56:05,66.64%
421,Jacob Gronberg,"Aliso Viejo, CA",646,1:52:27,8:35,M 13-18/18,M-14,302,1:52:52,58.89%
422,Stephanie Cole,"Ladera Ranch, CA",340,1:52:28,8:35,F 30-34/23,F-32,120,1:53:16,58.13%
423,Vickie Adams,"Pinon Hills, CA",25,1:52:30,8:35,F 45-49/16,F-47,121,1:52:47,65.32%
424,Lindsey Speirs,"Irvine, CA",1630,1:52:30,8:35,F 25-29/13,F-29,122,1:57:28,58.11%
425,Beverly Kui,"Monterey Park, CA",955,1:52:31,8:35,F 40-44/29,F-40,123,1:52:43,61.35%
426,Ernest Chavez,"Garden Grove, CA",305,1:52:32,8:35,M 50-54/35,M-50,303,1:53:39,58.10%
427,Kymberli Masterson,"Encinitas, CA",1102,1:52:32,8:35,F 35-39/26,F-38,124,1:52:37,60.34%
428,Megan Kelly,"Encinitas, CA",903,1:52:32,8:35,F 40-44/30,F-40,125,1:52:37,61.35%
429,Georgeann Barclay,"Thousand Oaks, CA",94,1:52:36,8:36,F 40-44/31,F-40,126,1:53:06,61.31%
430,Ken Watson,"Pasadena, CA",1808,1:52:40,8:36,M 25-29/33,M-25,304,1:53:42,51.94%
431,Sandi Hill,"Long Beach, CA",770,1:52:43,8:36,F 40-44/32,F-42,127,1:53:51,62.30%
432,David McCracken,"Corona, CA",1128,1:52:45,8:36,M 30-34/37,M-31,305,1:54:02,51.90%
433,Lisa Niederland,"Huntington Beach, CA",1263,1:52:48,8:37,F 40-44/33,F-43,128,1:53:35,62.80%
434,Joan Nichols,"San Diego, CA",1260,1:52:54,8:37,F 40-44/34,F-42,129,1:53:39,62.20%
435,Charles Stucki,"Trabuco Canyon, CA",2714,1:52:54,8:37,M 40-44/53,M-44,306,1:53:27,55.49%
436,Tiffany Jameson,"Irvine, CA",853,1:52:55,8:37,F 30-34/24,F-33,130,1:53:13,57.90%
437,Jason Bolanos,"Aliso Viejo, CA",171,1:52:58,8:38,M 13-18/19,M-16,307,1:53:24,56.34%
438,Kele Dobrinski,"San Francisco, CA",2803,1:53:03,8:38,M 25-29/34,M-25,308,1:53:51,51.76%
439,Kenneth Coleman,"Chula Vista, CA",341,1:53:04,8:38,M 40-44/54,M-41,309,1:53:53,54.33%
440,Logan Walker,"Irvine, CA",1792,1:53:04,8:38,M 19-24/11,M-21,310,1:53:53,52.71%
441,Linda Chatham,"Newport Beach, CA",303,1:53:14,8:39,F 50-54/5,F-52,131,1:53:29,68.20%
442,Peter Yee,"San Gabriel, CA",1887,1:53:16,8:39,M 35-39/45,M-36,311,1:57:53,52.58%
443,Kim Byce,"Los Angeles, CA",2233,1:53:16,8:39,F 35-39/27,F-35,132,1:54:38,58.52%
444,Grant Earl,"Rancho Santa Margarita, CA",464,1:53:20,8:39,M 30-34/38,M-31,312,1:53:37,51.63%
445,Jerry Mazenko,"Corona, CA",2716,1:53:29,8:40,M 50-54/36,M-54,313,1:53:51,59.47%
446,Valerie Moran,"Cypress, CA",1194,1:53:30,8:40,F 40-44/35,F-40,133,1:54:15,60.81%
447,Hugh Marley,"Mission Viejo, CA",2734,1:53:35,8:40,M 45-49/55,M-46,314,1:53:46,55.92%
448,Kendra Hada,"Rancho Santa Margarita, CA",671,1:53:40,8:41,F 30-34/25,F-30,134,1:53:53,57.51%
449,Jose J Gutierrez,"Hawthorne, CA",2362,1:53:42,8:41,M 40-44/55,M-40,315,1:54:09,53.68%
450,Cindy Verne,"Lake Elsinore, CA",1770,1:53:43,8:41,F 55-59/3,F-55,135,1:54:36,70.15%
451,Traci La Brie,"Arcadia, CA",962,1:53:47,8:41,F 19-24/8,F-22,136,1:54:34,58.30%
452,Gloria Rendon Thomas,"Laguna Hills, CA",1441,1:53:50,8:41,F 40-44/36,F-42,137,1:53:59,61.69%
453,Karen Hoffman,"Mission Viejo, CA",784,1:53:54,8:42,F 35-39/28,F-35,138,1:54:07,58.19%
454,Herme Sotelo,"Anaheim, CA",2712,1:53:55,8:42,F 45-49/17,F-47,139,1:53:59,64.50%
455,Grenda Lee,"Brea, CA",998,1:53:57,8:42,F 35-39/29,F-37,140,1:54:58,59.10%
456,Helen Matsuno,"Wilmington, CA",1110,1:54:01,8:42,F 40-44/37,F-44,141,1:55:02,62.69%
457,Scott Dugger,"Laguna Hills, CA",453,1:54:01,8:42,M 45-49/56,M-46,316,1:54:23,55.71%
458,Fritz Alt,"Irvine, CA",44,1:54:02,8:42,M 55-59/17,M-55,317,1:54:20,59.68%
459,Sabrina Ahmad,"Irvine, CA",26,1:54:09,8:43,F 25-29/14,F-27,142,1:54:31,57.27%
460,Jeremiah Aiken,"San Diego, CA",29,1:54:11,8:43,M 30-34/39,M-31,318,1:54:28,51.25%
461,John Steed,"Newport Beach, CA",2026,1:54:15,8:43,M 35-39/46,M-36,319,1:54:45,52.13%
462,Elgan Edwards,"Newport Beach, CA",475,1:54:24,8:44,M 45-49/57,M-46,320,1:55:17,55.52%
463,Kirsti McCleary,"San Clemente, CA",1122,1:54:25,8:44,F 35-39/30,F-37,143,1:54:29,58.86%
464,Jeff Webster,"Lake Forest, CA",1815,1:54:30,8:44,M 50-54/37,M-51,321,1:54:47,57.54%
465,Dana Chaney,"Huntington Beach, CA",296,1:54:30,8:45,F 25-29/15,F-29,144,1:55:19,57.10%
466,Jessica Langenhan,"Costa Mesa, CA",981,1:54:30,8:45,F 25-29/16,F-29,145,1:54:43,57.10%
467,Lindsay Moss,"Trabuco Canyon, CA",1212,1:54:31,8:45,F 30-34/26,F-34,146,1:55:25,57.43%
468,Karoline Harrison,"Irvine, CA",709,1:54:36,8:45,F 30-34/27,F-33,147,1:54:54,57.05%
469,Kyle Caruso,"Santa Barbara, CA",278,1:54:38,8:45,M 19-24/12,M-23,322,1:55:27,51.10%
470,Wendy Baugh,"Huntington Beach, CA",121,1:54:40,8:45,F 40-44/38,F-41,148,1:54:50,60.72%
471,Kelly Achee,"Mission Viejo, CA",14,1:54:46,8:46,F 50-54/6,F-51,149,1:55:18,66.60%
472,Carin Patterson,"Mission Viejo, CA",1333,1:54:46,8:46,F 45-49/18,F-45,150,1:55:06,62.85%
473,Paul Loescher,"Anaheim, CA",1034,1:54:53,8:46,M 50-54/38,M-53,323,1:54:56,58.26%
474,Steve Kan,"Irvine, CA",895,1:54:54,8:46,M 50-54/39,M-53,324,1:55:15,58.26%
475,Patrick Pollock,"Aliso Viejo, CA",1385,1:54:59,8:47,M 35-39/47,M-35,325,1:55:49,51.49%
476,Javier Santos,"Laguna Hills, CA",2555,1:55:03,8:47,M 40-44/56,M-42,326,1:55:32,53.74%
477,Karla Miller,"Encinitas, CA",1167,1:55:04,8:47,F 35-39/31,F-38,151,1:55:47,59.01%
478,Jose Escobedo,"Laguna Hills, CA",2640,1:55:07,8:47,M 30-34/40,M-31,327,1:55:08,50.83%
479,Matthew Keneley,"Henderson, NV",906,1:55:12,8:48,M 30-34/41,M-34,328,1:55:20,51.09%
480,Darol Caster,"Escondido, CA",283,1:55:17,8:48,M 55-59/18,M-59,329,1:56:04,61.17%
481,Michelle Skitco,"Huntington Beach, CA",1601,1:55:19,8:48,F 40-44/39,F-40,152,1:56:23,59.86%
482,Matt Hughes,"Laguna Hills, CA",814,1:55:24,8:49,M 25-29/35,M-28,330,1:56:15,50.71%
483,Erik Hanson,"Rancho Santa Margarita, CA",698,1:55:25,8:49,M 30-34/42,M-34,331,1:56:11,50.99%
484,Traci Morrow,"Glendora, CA",1205,1:55:29,8:49,F 35-39/32,F-38,153,1:56:16,58.79%
485,Linda Giar,"Rancho Santa Margarita, CA",593,1:55:31,8:49,F 45-49/19,F-45,154,1:55:57,62.44%
486,Haroon Khan,"San Clemente, CA",915,1:55:39,8:50,M 35-39/48,M-36,332,1:56:05,51.50%
487,Miguel Zambrano,"Los Angeles, CA",2368,1:55:41,8:50,M 30-34/43,M-33,333,1:55:56,50.58%
488,Steven Fry,"Laguna Niguel, CA",560,1:55:47,8:50,M 55-59/19,M-57,334,1:56:04,59.80%
489,Erin Wetherald,"Ladera Ranch, CA",1836,1:55:50,8:51,F 40-44/40,F-42,155,1:55:56,60.63%
490,Bryon Woodworth,"San Diego, CA",1876,1:55:58,8:51,M 35-39/49,M-36,335,1:57:11,51.36%
491,Tina Pauley,"Tustin, CA",1337,1:56:00,8:51,F 35-39/33,F-38,156,1:56:21,58.53%
492,Susan Kha,"Foothill Ranch, CA",2438,1:56:03,8:52,F 19-24/9,F-20,157,1:56:17,58.34%
493,Amy Hacker,"Rancho Santa Margarita, CA",670,1:56:03,8:52,F 35-39/34,F-38,158,1:56:30,58.51%
494,Yukiko Uchida,"San Diego, CA",1742,1:56:16,8:53,F 25-29/17,F-25,159,1:56:23,56.22%
495,Jennifer Yeh,"Ladera Ranch, CA",2345,1:56:18,8:53,F 30-34/28,F-31,160,1:57:06,56.21%
496,Nichole Buck,"Aliso Viejo, CA",2553,1:56:19,8:53,F 13-18/5,F-17,161,1:56:24,60.43%
497,Amy Jaggi,"Kaysville, UT",850,1:56:19,8:53,F 19-24/10,F-21,162,1:57:22,57.60%
498,Eleanor Tsark,"Glendora, CA",1983,1:56:23,8:53,F 35-39/35,F-39,163,1:56:52,58.82%
499,Brandon Leiplein,"Huntington Beach, CA",2452,1:56:28,8:54,M 25-29/36,M-27,336,1:56:48,50.24%
500,Teresa Risi,"Mission Viejo, CA",1458,1:56:29,8:54,F 40-44/41,F-40,164,1:56:37,59.26%
501,Adalberto Altamirano,"Aliso Viejo, CA",45,1:56:30,8:54,M 35-39/50,M-38,337,1:56:50,51.75%
502,Victor Oviedo,"Laguna Hills, CA",1302,1:56:30,8:54,M 35-39/51,M-38,338,1:57:28,51.75%
503,Danielle Vallome,"Laguna Hills, CA",1757,1:56:43,8:55,F 30-34/29,F-30,165,1:57:23,56.01%
504,Kevin Mullen,"Huntington Beach, CA",2520,1:56:44,8:55,M 40-44/57,M-42,339,1:57:28,52.96%
505,Jeff Hallock,"La Habra, CA",683,1:56:46,8:55,M 30-34/44,M-32,340,1:57:44,50.11%
506,Jason Park,"San Juan Capistrano, CA",2718,1:56:47,8:55,M 35-39/52,M-37,341,1:57:46,51.31%
507,Kim Moncrief,"Rancho Santa Margarita, CA",1177,1:56:48,8:55,F 35-39/36,F-37,166,1:57:42,57.66%
508,Charles Bray,"Green Bay, WI",2759,1:56:49,8:55,M 50-54/40,M-50,342,2:02:28,55.97%
509,Evan McAdams,"Huntington Beach, CA",1119,1:56:50,8:55,M 19-24/13,M-22,343,1:57:09,50.54%
510,Faith Dang,"Irvine, CA",379,1:56:55,8:56,F 25-29/18,F-26,167,1:56:59,55.92%
511,Alisa Robinson,"Carlsbad, CA",2353,1:56:56,8:56,F 30-34/30,F-32,168,1:57:13,55.91%
512,Teresa Labrie,"Arcadia, CA",965,1:57:01,8:56,F 45-49/20,F-48,169,1:57:49,63.40%
513,Rosemarie Jeanpierre,"Los Angeles, CA",2478,1:57:02,8:56,F 40-44/42,F-44,170,1:57:39,61.07%
514,Gerard Mangan,"Huntington Beach, CA",2501,1:57:04,8:56,M 50-54/41,M-54,344,1:57:11,57.65%
515,Jennifer Rojas,"San Bernardino, CA",2807,1:57:04,8:56,F 19-24/11,F-21,171,1:57:45,57.23%
516,Julie Duong,"Rosemead, CA",459,1:57:05,8:56,F 19-24/12,F-23,172,1:57:56,56.14%
517,Ingrid Hughes,"Long Beach, CA",813,1:57:07,8:57,F 35-39/37,F-36,173,1:57:57,57.04%
518,Ana Leiva,"Glendale, CA",2114,1:57:15,8:57,F 25-29/19,F-29,174,1:57:27,55.76%
519,Jaime Kurtz,"Claremont, CA",2466,1:57:16,8:57,F 30-34/31,F-30,175,1:57:30,55.75%
520,Lindsay Holloway,"Corona Del Mar, CA",2317,1:57:19,8:57,F 25-29/20,F-25,176,1:57:29,55.72%
521,Chris Najera,"Newport Beach, CA",2436,1:57:22,8:58,M 19-24/14,M-23,345,1:57:39,49.91%
522,Ward Wright,"Redondo Beach, CA",1880,1:57:24,8:58,M 65-69/1,M-67,346,1:57:46,65.33%
523,George Morse,"Chula Vista, CA",2508,1:57:31,8:58,M 30-34/45,M-31,347,1:58:44,49.79%
524,Michael Ruiz,"Orange, CA",1501,1:57:32,8:58,M 30-34/46,M-33,348,1:57:53,49.79%
525,Marta Medina,"Los Angeles, CA",2739,1:57:35,8:59,F 45-49/21,F-49,177,1:57:49,63.71%
526,Jill Weisman,"Santa Monica, CA",2259,1:57:35,8:59,F 50-54/7,F-51,178,1:58:10,65.00%
527,Chris Carlos,"Santa Monica, CA",259,1:57:36,8:59,F 45-49/22,F-47,179,1:58:10,62.48%
528,Alanna Snedigar,"Glendora, CA",1622,1:57:39,8:59,F 19-24/13,F-21,180,1:58:54,56.94%
529,Louis Mo,"La Crescenta, CA",2561,1:57:41,8:59,M 40-44/58,M-44,349,1:57:49,53.23%
530,Wendy Norris,"Rancho Palos Verdes, CA",2916,1:57:42,8:59,F 50-54/8,F-51,181,1:58:16,64.94%
531,Esther Barton,"Downey, CA",114,1:57:42,8:59,F 45-49/23,F-47,182,1:58:04,62.43%
532,Emil Cheng,"Diamond Bar, CA",309,1:57:44,8:59,M 30-34/47,M-33,350,1:58:10,49.69%
533,Gail Glass,"Claremont, CA",602,1:57:45,8:59,F 45-49/24,F-49,183,1:58:41,63.62%
534,Michelle Smith,"Huntington Beach, CA",1619,1:57:48,9:00,F 40-44/43,F-40,184,1:58:14,58.60%
535,Alyssa Gravley,"Huntington Beach, CA",631,1:57:50,9:00,F 35-39/38,F-36,185,1:58:14,56.70%
536,Mariela Hidalgo,"Covina, CA",765,1:57:51,9:00,F 19-24/14,F-24,186,1:58:00,55.47%
537,Hideo Iijima,"Mission Viejo, CA",833,1:57:51,9:00,M 55-59/20,M-57,351,1:58:11,58.76%
538,Sara Dean,"Valencia, CA",403,1:57:54,9:00,F 25-29/21,F-25,187,1:58:06,55.45%
539,Diana Mego,"Long Beach, CA",2308,1:57:54,9:00,F 35-39/39,F-35,188,1:58:07,56.22%
540,Carly Caldaronello,"Valencia, CA",237,1:57:55,9:00,F 25-29/22,F-25,189,1:58:07,55.44%
541,Paul Haupert,"Anaheim, CA",1941,1:57:55,9:00,M 40-44/59,M-44,352,1:58:41,53.13%
542,Candace Boyd,"Mission Viejo, CA",185,1:57:58,9:00,F 45-49/25,F-48,190,1:58:12,62.89%
543,Ross Surrency,"Huntington Beach, CA",1671,1:57:59,9:00,M 40-44/60,M-41,353,1:58:12,52.06%
544,Joe Labrie,"Arcadia, CA",964,1:58:06,9:01,M 45-49/58,M-47,354,1:58:55,54.16%
545,Jean Schlesinger,"Laguna Niguel, CA",1541,1:58:06,9:01,F 55-59/4,F-58,191,1:58:12,69.93%
546,Darren Payne,"Aliso Viejo, CA",2226,1:58:07,9:01,M 40-44/61,M-42,355,1:58:31,52.34%
547,Jack Haley,"Orange, CA",2549,1:58:07,9:01,M 35-39/53,M-39,356,1:58:24,51.35%
548,Carrie Holzman-Little,"Pasadena, CA",795,1:58:08,9:01,F 50-54/9,F-51,192,1:58:28,64.70%
549,Jeff Hamen,"Mission Viejo, CA",2513,1:58:09,9:01,M 40-44/62,M-40,357,1:58:31,51.66%
550,Inger Nelson,"Long Beach, CA",1247,1:58:09,9:01,F 40-44/44,F-42,193,1:58:39,59.44%
551,Feliciano Rodriguez,"Los Angeles, CA",1475,1:58:13,9:02,M 40-44/63,M-40,358,1:58:14,51.63%
552,Eric Dangott,"Tustin, CA",382,1:58:14,9:02,M 30-34/48,M-34,359,1:58:42,49.78%
553,Evonne Williams,"Irvine, CA",2563,1:58:16,9:02,F 45-49/26,F-49,194,1:59:59,63.34%
554,Dylan Tai,"Huntington Beach, CA",1685,1:58:17,9:02,M 55-59/21,M-57,360,1:58:48,58.54%
555,Bradford Berling,"Los Angeles, CA",139,1:58:28,9:03,M 30-34/49,M-30,361,2:01:14,49.39%
556,Robin Potts,"Los Angeles, CA",1395,1:58:29,9:03,F 25-29/23,F-25,195,2:01:15,55.18%
557,John Strand,"Orange, CA",1662,1:58:33,9:03,M 70-74/2,M-73,362,1:58:55,69.95%
558,Stacy Theobald,"St George, UT",1706,1:58:33,9:03,F 35-39/40,F-39,196,1:59:21,57.75%
559,Ronald Luque,"Lamirada, CA",1053,1:58:35,9:03,M 40-44/64,M-42,363,1:59:01,52.14%
560,Brad Gilmer,"Orange, CA",600,1:58:36,9:03,M 35-39/54,M-36,364,1:59:44,50.22%
561,Dutch Ohoy,"Dana Point, CA",2514,1:58:38,9:03,M 65-69/2,M-69,365,1:59:07,66.24%
562,Carol Ofenstein,"Yorba Linda, CA",1281,1:58:41,9:04,F 30-34/32,F-33,197,1:59:41,55.08%
563,Blane Bardsley,"Rancho Santa Margarita, CA",95,1:58:44,9:04,M 55-59/22,M-55,366,1:59:16,57.31%
564,Jose Guadarrama,"Santa Ana, CA",655,1:58:44,9:04,M 40-44/65,M-44,367,1:58:58,52.76%
565,David Rodriguez,"Placentia, CA",1474,1:58:49,9:04,M 25-29/37,M-27,368,2:01:08,49.25%
566,Paul Landazuri,"Los Angeles, CA",973,1:58:56,9:05,M 40-44/66,M-40,369,1:59:45,51.32%
567,Jose M Bermudez,"Fontana, CA",2822,1:59:03,9:05,M 45-49/59,M-46,370,1:59:26,53.35%
568,Dan Sciortino,"Mission Viejo, CA",1554,1:59:04,9:05,M 30-34/50,M-30,371,1:59:48,49.14%
569,Forrest Bagacina,"Aliso Viejo, CA",86,1:59:09,9:06,M 1-12/1,M-12,372,1:59:33,58.53%
570,Janet Dobbs,"Laguna Hills, CA",2522,1:59:09,9:06,F 45-49/27,F-49,198,1:59:24,62.87%
571,Betti Bliss,"Costa Mesa, CA",2830,1:59:12,9:06,F 35-39/41,F-36,199,1:59:28,56.05%
572,Chris Leffler,"Aliso Viejo, CA",1002,1:59:14,9:06,M 13-18/20,M-13,373,1:59:39,56.89%
573,Sonja Ramirez,"Whittier, CA",1423,1:59:14,9:06,F 25-29/24,F-29,200,1:59:15,54.83%
574,Randy Keyes,"Mission Viejo, CA",914,1:59:16,9:06,M 50-54/42,M-53,374,2:00:00,56.12%
575,Andrew Boganwright,"Riverside, CA",2248,1:59:16,9:06,M 25-29/38,M-28,375,2:00:17,49.06%
576,Barry Teats,"Mission Viejo, CA",1699,1:59:16,9:06,M 60-64/4,M-61,376,1:59:33,60.27%
577,Michelle Mecham,"Huntington Beach, CA",2123,1:59:19,9:07,F 30-34/33,F-30,201,1:59:41,54.79%
578,Sally Lachman,"Corona, CA",2351,1:59:20,9:07,F 45-49/28,F-45,202,1:59:42,60.44%
579,Michelle Landrith,"Orange, CA",976,1:59:24,9:07,F 35-39/42,F-38,203,1:59:34,56.87%
580,John Ball,"Whittier, CA",91,1:59:26,9:07,M 60-64/5,M-64,377,2:00:41,62.08%
581,Lou Franson,"Rancho Santa Margarita, CA",547,1:59:28,9:07,M 55-59/23,M-56,378,1:59:42,57.45%
582,Emily Lehman,"Pasadena, CA",1003,1:59:36,9:08,F 19-24/15,F-24,204,2:00:09,54.65%
583,Tom Weinum,"Rancho Santa Margarita, CA",1820,1:59:37,9:08,M 55-59/24,M-58,379,2:00:48,58.41%
584,Tamara Rasmussen,"Tustin, CA",1424,1:59:41,9:08,F 19-24/16,F-23,205,2:01:52,54.92%
585,Paul Avedian,"Lake Forest, CA",2947,1:59:45,9:09,M 45-49/60,M-45,380,2:00:04,52.67%
586,Elizabeth Mastro,"Tustin, CA",1103,1:59:46,9:09,F 40-44/45,F-40,206,2:00:09,57.64%
587,Warren Mullisen,"Culver City, CA",1222,1:59:52,9:09,M 60-64/6,M-64,381,2:00:01,61.86%
588,Nancy Gertler,"Villa Park, CA",2354,1:59:53,9:09,F 55-59/5,F-55,207,2:00:06,66.53%
589,Mark Sanquist,"Laguna Hills, CA",1528,1:59:54,9:09,M 45-49/61,M-46,382,2:00:10,52.97%
590,Srinivas Saldi,"Foothill Ranch, CA",1517,1:59:54,9:09,M 35-39/55,M-36,383,2:00:04,49.67%
591,John O'Connor,"Pasadena, CA",1279,1:59:59,9:10,M 55-59/25,M-57,384,2:01:01,57.71%
592,Christine Mayfield,"Placentia, CA",1115,2:00:02,9:10,F 40-44/46,F-41,208,2:00:17,58.00%
593,Cj Hsu,"Irvine, CA",805,2:00:05,9:10,M 45-49/62,M-48,385,2:01:38,53.65%
594,Nancy Gwilliam,"Trabuco Canyon, CA",669,2:00:06,9:10,F 40-44/47,F-40,209,2:00:21,57.48%
595,Michele Landry,"Newport Beach, CA",978,2:00:09,9:10,F 30-34/34,F-34,210,2:00:24,54.73%
596,Brian Bengelsdorf,"San Clemente, CA",2319,2:00:10,9:10,M 35-39/56,M-36,386,2:00:38,49.56%
597,Evelyn Howard,"Canyon Country, CA",2754,2:00:11,9:11,F 40-44/48,F-43,211,2:04:11,58.94%
598,Irene Westre,"Corona, CA",1835,2:00:16,9:11,F 35-39/43,F-36,212,2:00:45,55.55%
599,Holly Alegre,"Tustin, CA",33,2:00:16,9:11,F 35-39/44,F-36,213,2:00:45,55.54%
600,Jennifer Bamford,"Laguna Niguel, CA",2567,2:00:20,9:11,F 45-49/29,F-45,214,2:00:35,59.94%
601,Jerry Russell,"Costa Mesa, CA",2360,2:00:25,9:12,M 50-54/43,M-53,387,2:00:37,55.59%
602,Toni Hynes,"Irvine, CA",829,2:00:25,9:12,F 30-34/35,F-33,215,2:01:12,54.29%
603,Anna Brenning,"Aurora, CO",199,2:00:26,9:12,F 25-29/25,F-26,216,2:00:41,54.28%
604,Rachel Kravitz,"Ladera Ranch, CA",949,2:00:32,9:12,F 35-39/45,F-38,217,2:00:37,56.33%
605,Sheri Corlett,"Mission Viejo, CA",351,2:00:32,9:12,F 50-54/10,F-50,218,2:01:19,62.77%
606,Deborah Parks,"Manhattan Beach, CA",1326,2:00:35,9:12,F 40-44/49,F-41,219,2:00:41,57.74%
607,Steve Gates,"Fountain Valley, CA",587,2:00:36,9:12,M 45-49/63,M-48,388,2:03:49,53.42%
608,Juan Patricio,"Laguna Hills, CA",1332,2:00:36,9:12,M 50-54/44,M-51,389,2:00:53,54.63%
609,Avery Miyahara,"Rancho Santa Margarita, CA",2933,2:00:36,9:12,F 13-18/6,F-15,220,2:01:38,60.12%
610,Christopher Barney,"Riverside, CA",105,2:00:42,9:13,M 30-34/51,M-30,390,2:01:30,48.48%
611,Patti Abrecht,"Aliso Viejo, CA",2432,2:00:42,9:13,F 45-49/30,F-49,221,2:01:37,62.06%
612,Andrea Kooiman,"Mission Viejo, CA",937,2:00:42,9:13,F 30-34/36,F-33,222,2:00:52,54.16%
613,Don Hassett,"Costa Mesa, CA",2407,2:00:47,9:13,M 50-54/45,M-54,391,2:01:53,55.87%
614,Tom Hewko,"Huntington Beach, CA",2968,2:00:47,9:13,M 50-54/46,M-53,392,2:00:47,55.42%
615,Christina Valencia,"San Francisco, CA",2249,2:00:51,9:14,F 19-24/17,F-24,223,2:01:38,54.10%
616,Thomas Jackson,"Aliso Viejo, CA",847,2:00:52,9:14,M 35-39/57,M-36,393,2:01:50,49.28%
617,Dennis Towgood,"Huntington Beach, CA",2356,2:00:53,9:14,M 70-74/3,M-71,394,2:01:12,66.72%
618,Carla Arzubiaga,"Huntington Beach, CA",71,2:01:01,9:14,F 35-39/46,F-36,224,2:01:07,55.21%
619,Andrew Omelia,"Silverado, CA",2363,2:01:02,9:14,M 30-34/52,M-32,395,2:02:06,48.35%
620,Karen Steincueva,"Lake Forest, CA",2695,2:01:03,9:14,F 40-44/50,F-43,225,2:01:54,58.52%
621,Leigh Sandlin,"Long Beach, CA",1527,2:01:16,9:15,F 45-49/31,F-47,226,2:02:21,60.59%
622,Erin Jones,"El Cajon, CA",876,2:01:21,9:16,F 30-34/37,F-31,227,2:01:57,53.87%
623,Mark Podolski,"Mission Viejo, CA",1382,2:01:25,9:16,M 50-54/47,M-50,396,2:02:07,53.85%
624,Christopher Gonzales,"San Marcos, CA",614,2:01:25,9:16,M 30-34/53,M-31,397,2:02:38,48.19%
625,Tony Rios,"Yorba Linda, CA",1456,2:01:30,9:17,M 30-34/54,M-34,398,2:02:36,48.44%
626,Hazel Perez,"Yorba Linda, CA",1355,2:01:30,9:17,F 25-29/26,F-27,228,2:02:36,53.81%
627,Albert Kwan,"Los Angeles, CA",961,2:01:30,9:17,M 25-29/39,M-25,399,2:02:25,48.16%
628,Laura Bohlken,"Orange, CA",169,2:01:32,9:17,F 25-29/27,F-28,229,2:02:20,53.79%
629,Steve Halligan,"Corona, CA",682,2:01:32,9:17,M 50-54/48,M-53,400,2:02:20,55.08%
630,Michelle Tillman,"Aliso Viejo, CA",2509,2:01:36,9:17,F 30-34/38,F-31,230,2:02:08,53.76%
631,Mike Moon,"Long Beach, CA",1184,2:01:41,9:17,M 40-44/67,M-42,401,2:02:34,50.81%
632,Elize Kikkert,"Mission Viejo, CA",918,2:01:44,9:18,F 50-54/11,F-53,231,2:01:59,64.11%
633,Jim Pijloo,"Orange, CA",1375,2:01:47,9:18,M 45-49/64,M-48,402,2:02:21,52.90%
634,Maureen Hendricks,"Los Angeles, CA",744,2:01:48,9:18,F 35-39/47,F-36,232,2:02:08,54.85%
635,Michael Placido,"Alhambra, CA",1380,2:01:51,9:18,M 45-49/65,M-45,403,2:02:47,51.76%
636,Lou Penrose,"Capistrano Beach, CA",1350,2:01:52,9:18,M 35-39/58,M-39,404,2:02:15,49.77%
637,Jonathan Shelton,"Los Angeles, CA",1572,2:01:53,9:18,M 19-24/15,M-23,405,2:02:55,48.06%
638,Kristine Miller,"Laguna Hills, CA",2564,2:01:53,9:18,F 50-54/12,F-53,233,2:02:03,64.03%
639,Chester Gucwa,"Poway, CA",658,2:02:08,9:19,M 50-54/49,M-53,406,2:02:51,54.81%
640,Natalie Dillon,"Ladera Ranch, CA",426,2:02:16,9:20,F 25-29/28,F-29,234,2:03:03,53.47%
641,Maria Palmer,"Gardena, CA",1312,2:02:20,9:20,F 45-49/32,F-46,235,2:02:32,59.50%
642,Katherine Keenan,"Highland, CA",1944,2:02:20,9:20,F 19-24/18,F-24,236,2:03:02,53.44%
643,Felicity May,"Oceanside, CA",1113,2:02:22,9:21,F 25-29/29,F-28,237,2:04:02,53.43%
644,Leanne Harris,"Oceanside, CA",703,2:02:23,9:21,F 25-29/30,F-29,238,2:04:03,53.42%
645,James Wang,"Tustin, CA",2699,2:02:25,9:21,M 19-24/16,M-21,407,2:02:57,48.68%
646,Mark Kuwahara,"Laguna Niguel, CA",2904,2:02:28,9:21,M 50-54/50,M-50,408,2:02:59,53.39%
647,Anthony Nahale,"Ladera Ranch, CA",1236,2:02:29,9:21,M 55-59/26,M-58,409,2:03:00,57.04%
648,Megan Lyman,"Los Angeles, CA",1056,2:02:32,9:21,F 19-24/19,F-24,239,2:03:23,53.35%
649,Susan Khorashadi,"Irvine, CA",916,2:02:41,9:22,F 35-39/48,F-39,240,2:03:38,55.80%
650,Ronalie Alonzo,"Irvine, CA",43,2:02:42,9:22,F 40-44/51,F-43,241,2:03:16,57.74%
651,John Backman,"Encinitas, CA",2726,2:02:47,9:22,M 60-64/7,M-61,410,2:03:08,58.55%
652,Steven Be Cotte,"Long Beach, CA",126,2:02:57,9:23,M 40-44/68,M-40,411,2:03:38,49.64%
653,Maddy Dapper,"Rancho Santa Margarita, CA",2932,2:03:03,9:24,F 13-18/7,F-16,242,2:04:04,57.97%
654,Susan Pelletier,"Cardiff, CA",1348,2:03:05,9:24,F 45-49/33,F-48,243,2:03:57,60.27%
655,Erin Reasoner,"Ladera Ranch, CA",1429,2:03:10,9:24,F 30-34/39,F-34,244,2:03:48,53.39%
656,Carolyn McPhail,"Lakewood, CA",2723,2:03:12,9:24,F 25-29/31,F-27,245,2:03:32,53.06%
657,Greg Ackerman,"Aliso Viejo, CA",16,2:03:12,9:24,M 40-44/69,M-43,412,2:03:37,50.51%
658,Juanita Gomez,"Huntington Beach, CA",613,2:03:13,9:24,F 25-29/32,F-25,246,2:04:00,53.06%
659,Elizabeth Ackerman,"Aliso Viejo, CA",15,2:03:13,9:24,F 01-12/1,F-12,247,2:03:37,62.55%
660,Renee Herrera,"Aliso Viejo, CA",751,2:03:15,9:25,F 40-44/52,F-41,248,2:03:26,56.49%
661,Gina Roxas,"San Diego, CA",1496,2:03:16,9:25,F 40-44/53,F-42,249,2:03:28,56.97%
662,Arthur Salindong,"San Diego, CA",1519,2:03:16,9:25,M 45-49/66,M-47,413,2:03:29,51.89%
663,Brien Dodd,"Orange, CA",432,2:03:16,9:25,M 50-54/51,M-52,414,2:03:51,53.87%
664,Josh Knabb,"Corona, CA",2454,2:03:18,9:25,M 30-34/55,M-30,415,2:04:20,47.46%
665,Paul Bribiesca,"Murrieta, CA",2124,2:03:25,9:25,M 19-24/17,M-24,416,2:04:31,47.41%
666,Wendy Yates,"Riverside, CA",1885,2:03:28,9:26,F 55-59/6,F-56,250,2:04:01,65.34%
667,Julio Sanchez,"Aliso Viejo, CA",2948,2:03:32,9:26,M 45-49/67,M-46,417,2:05:09,51.41%
668,Christina Krusiewicz,"Lake Forest, CA",953,2:03:32,9:26,F 25-29/33,F-29,251,2:03:46,52.92%
669,Raina Bayas,"Santa Monica, CA",125,2:03:33,9:26,F 25-29/34,F-29,252,2:03:58,52.91%
670,Eileen Weierbach,"Lake Forest, CA",1817,2:03:34,9:26,F 45-49/34,F-48,253,2:03:48,60.04%
671,David Diemer,"San Clemente, CA",423,2:03:34,9:26,M 30-34/56,M-33,418,2:03:41,47.35%
672,Tammy Niemann,"Costa Mesa, CA",2530,2:03:35,9:26,F 19-24/20,F-24,254,2:08:33,52.90%
673,Bryon Verne,"Lake Elsinore, CA",1769,2:03:39,9:26,M 30-34/57,M-32,419,2:04:33,47.32%
674,Brian Hazard,"Huntington Beach, CA",728,2:03:41,9:27,M 35-39/59,M-38,420,2:06:28,48.74%
675,Steve Rader,"Dana Point, CA",1415,2:03:54,9:28,M 45-49/68,M-45,421,2:04:17,50.91%
676,Pamela Costes,"Lake Forest, CA",355,2:03:56,9:28,F 40-44/54,F-42,255,2:04:28,56.66%
677,Robyn Holland,"Santa Ana, CA",790,2:03:59,9:28,F 19-24/21,F-23,256,2:05:01,53.02%
678,Mindy Magee,"Dana Point, CA",1073,2:04:12,9:29,F 40-44/55,F-40,257,2:04:48,55.58%
679,Chris Rodarte,"San Clemente, CA",1472,2:04:13,9:29,F 50-54/13,F-51,258,2:04:41,61.53%
680,Erin Lurker,"San Clemente, CA",1054,2:04:13,9:29,F 25-29/35,F-27,259,2:05:03,52.63%
681,Barbara Warren,"San Diego, CA",2811,2:04:18,9:29,F 65-69/1,F-65,260,2:04:27,72.82%
682,Ernie Myers,"San Clemente, CA",1231,2:04:22,9:30,M 60-64/8,M-60,422,2:05:01,57.24%
683,Rosa Garcia,"San Clemente, CA",579,2:04:23,9:30,F 45-49/35,F-45,261,2:04:39,57.99%
684,Nick Seifrit,"San Diego, CA",1558,2:04:25,9:30,M 25-29/40,M-27,423,2:04:31,47.03%
685,Elizabeth Willey,"Glendale, CA",1852,2:04:26,9:30,F 19-24/22,F-21,262,2:05:29,53.84%
686,Tracy Richardson,"Canyon Lake, CA",1449,2:04:35,9:31,F 40-44/56,F-41,263,2:04:50,55.88%
687,Tatiana Freitas,"Huntington Beach, CA",552,2:04:36,9:31,F 35-39/49,F-37,264,2:05:33,54.05%
688,Troy Gregory,"Aliso Viejo, CA",638,2:04:36,9:31,M 40-44/70,M-44,424,2:04:53,50.28%
689,Ann Shin,"Carlsbad, CA",1579,2:04:40,9:31,F 40-44/57,F-41,265,2:05:05,55.85%
690,Teresa Hess,"Mission Viejo, CA",759,2:04:42,9:31,F 45-49/36,F-47,266,2:05:19,58.92%
691,Wendy Jung,"Corona Del Mar, CA",890,2:04:42,9:31,F 25-29/36,F-25,267,2:05:41,52.43%
692,Steve Bean,"San Diego, CA",127,2:04:55,9:32,M 60-64/9,M-64,425,2:05:20,59.36%
693,Rebecca Vanderveen,"Fountain Valley, CA",1763,2:05:04,9:33,F 40-44/58,F-40,268,2:06:07,55.20%
694,Emmanuel Sanvictor,"Aliso Viejo, CA",2274,2:05:04,9:33,M 45-49/69,M-49,426,2:06:17,51.89%
695,Robert Valentine,"Cerritos, CA",1756,2:05:07,9:33,M 55-59/27,M-59,427,2:05:46,56.36%
696,Sam Su,"Irvine, CA",1667,2:05:09,9:33,M 45-49/70,M-47,428,2:05:39,51.11%
697,Rose Bennahmias,"Ladera Ranch, CA",133,2:05:22,9:34,F 45-49/37,F-47,269,2:05:33,58.61%
698,Laura Vertun,"Coto De Caza, CA",1773,2:05:23,9:34,F 45-49/38,F-47,270,2:05:32,58.60%
699,Karri Urode-Abe,"Irvine, CA",1746,2:05:24,9:34,F 40-44/59,F-40,271,2:06:28,55.05%
700,Jackie Dao,"Lake Forest, CA",386,2:05:29,9:35,F 25-29/37,F-29,272,2:06:29,52.10%
701,David Cliff,"Escondido, CA",332,2:05:29,9:35,M 35-39/60,M-36,429,2:06:29,47.46%
702,Mark Gerard,"Newport Beach, CA",590,2:05:30,9:35,M 45-49/71,M-48,430,2:06:05,51.33%
703,Tiffnie Hatton,"Derby, DE",717,2:05:33,9:35,F 30-34/40,F-34,273,2:05:44,52.38%
704,Kurt Hesse,"Irvine, CA",2557,2:05:33,9:35,M 30-34/58,M-32,431,2:06:15,46.60%
705,Chris Edwards,"Palmdale, CA",2015,2:05:37,9:35,M 40-44/71,M-40,432,2:06:41,48.58%
706,Leeann Swigart,"Ladera Ranch, CA",1679,2:05:42,9:36,F 35-39/50,F-37,274,2:06:51,53.58%
707,Lillian Mrdjanov,"Huntington Beach, CA",1214,2:05:44,9:36,F 25-29/38,F-27,275,2:06:41,51.99%
708,Sue Prosser,"Mission Viejo, CA",1404,2:05:46,9:36,F 35-39/51,F-38,276,2:06:01,53.99%
709,Ken Wilhelm,"Cerritos, CA",1848,2:05:50,9:36,M 50-54/52,M-53,433,2:06:59,53.19%
710,Greta Boris,"Mission Viejo, CA",175,2:05:52,9:37,F 45-49/39,F-49,277,2:06:35,59.52%
711,David Marsh,"Foothill Ranch, CA",1089,2:05:54,9:37,M 30-34/59,M-34,434,2:06:27,46.75%
712,Louis Hewitt,"Los Angeles, CA",761,2:05:55,9:37,M 60-64/10,M-62,435,2:06:10,57.67%
713,Joyce Murray,"San Clemente, CA",1229,2:06:00,9:37,F 50-54/14,F-50,278,2:06:25,60.05%
714,Christina Ennen,"Huntington Beach, CA",486,2:06:04,9:37,F 30-34/41,F-31,279,2:06:09,51.86%
715,Pattie Nickel,"San Clemente, CA",1261,2:06:06,9:38,F 45-49/40,F-49,280,2:06:51,59.41%
716,Kelly Seim,"Huntington Beach, CA",1559,2:06:10,9:38,F 40-44/60,F-43,281,2:07:21,56.15%
717,Jane Welgan,"Laguna Beach, CA",1823,2:06:11,9:38,F 60-64/1,F-61,282,2:06:30,67.93%
718,Lourdes Biancardi,"Huntington Beach, CA",146,2:06:11,9:38,F 40-44/61,F-41,283,2:06:16,55.17%
719,Judy Harrison,"Mission Viejo, CA",708,2:06:11,9:38,F 45-49/41,F-45,284,2:06:22,57.16%
720,Juan Maldonado,"Garden Grove, CA",1082,2:06:12,9:38,M 35-39/61,M-37,436,2:07:16,47.48%
721,Traci Kirsten,"Anaheim, CA",929,2:06:19,9:39,F 40-44/62,F-41,285,2:06:53,55.12%
722,Connie Sardo,"Anaheim, CA",2013,2:06:20,9:39,F 40-44/63,F-40,286,2:06:54,54.64%
723,Mark Burke,"Lake Forest, CA",2385,2:06:21,9:39,M 35-39/62,M-36,437,2:07:33,47.14%
724,Rochelle Backman,"San Diego, CA",81,2:06:22,9:39,F 30-34/42,F-30,287,2:06:38,51.73%
725,Ken Atterholt,"Irvine, CA",2266,2:06:23,9:39,M 45-49/72,M-48,438,2:07:06,50.97%
726,Cathy Shargay,"Irvine, CA",2029,2:06:23,9:39,F 45-49/42,F-49,288,2:07:06,59.27%
727,Kristian Larsen,"Ladera Ranch, CA",986,2:06:25,9:39,M 35-39/63,M-38,439,2:07:41,47.69%
728,Andrea Chinchilla,"Anaheim, CA",317,2:06:27,9:39,F 19-24/23,F-24,289,2:07:02,51.69%
729,Jerry Klien,"Fountain Valley, CA",2310,2:06:39,9:40,M 35-39/64,M-38,440,2:07:16,47.60%
730,Thomas Kim,"Aliso Viejo, CA",923,2:06:41,9:40,M 40-44/72,M-40,441,2:07:57,48.18%
731,Eddie Culin,"Riverside, CA",2247,2:06:44,9:41,M 25-29/41,M-26,442,2:07:46,46.17%
732,Miyoko Houda,"Laguna Hills, CA",2386,2:06:45,9:41,F 55-59/7,F-59,290,2:08:27,65.95%
733,Glen Tsurudome,"Emeryville, CA",1733,2:06:46,9:41,M 25-29/42,M-29,443,2:07:16,46.16%
734,Mara Paul,"Aliso Viejo, CA",1336,2:06:55,9:41,F 45-49/43,F-46,291,2:07:38,57.35%
735,Leon Ren,"Laguna Beach, CA",2658,2:06:57,9:41,M 40-44/73,M-44,444,2:07:02,49.35%
736,Cora Chan,"Fullerton, CA",293,2:07:00,9:42,F 30-34/43,F-32,292,2:08:06,51.48%
737,Stephanie Brandt,"Huntington Beach, CA",195,2:07:01,9:42,F 35-39/52,F-39,293,2:07:48,53.90%
738,Catharine Hasle,"Temecula, CA",714,2:07:03,9:42,F 35-39/53,F-37,294,2:07:34,53.01%
739,Daniel Mergil,"Pomona, CA",1158,2:07:05,9:42,M 60-64/11,M-61,445,2:07:34,56.57%
740,Allen Doezie,"Ladera Ranch, CA",433,2:07:07,9:42,M 35-39/65,M-38,446,2:07:59,47.42%
741,Gary Bohamed,"Valencia, CA",168,2:07:07,9:42,M 45-49/73,M-47,447,2:08:23,50.32%
742,Robert Acosta,"Lake Forest, CA",19,2:07:13,9:43,M 45-49/74,M-48,448,2:07:33,50.64%
743,Julie Lundquist,"Temecula, CA",1051,2:07:22,9:43,F 30-34/44,F-32,295,2:07:38,51.33%
744,Meko Price,"Dove Canyon, CA",1400,2:07:28,9:44,F 35-39/54,F-35,296,2:08:33,52.00%
745,Paul Josenhans,"Huntington Beach, CA",884,2:07:29,9:44,M 25-29/43,M-29,449,2:08:00,45.90%
746,Ross Dapper,", CA",2934,2:07:33,9:44,M 45-49/75,M-45,450,2:08:38,49.45%
747,Reyna Akers,"Long Beach, CA",31,2:07:34,9:44,F 25-29/39,F-29,297,2:08:38,51.25%
748,Rhonda Parks,"Capistrano Beach, CA",1327,2:07:34,9:44,F 40-44/64,F-41,298,2:08:37,54.58%
749,Mark Tsai,"Ladera Ranch, CA",1730,2:07:38,9:45,M 35-39/66,M-38,451,2:08:11,47.23%
750,Robert Gensler,"Santa Ana, CA",2602,2:07:44,9:45,M 35-39/67,M-36,452,2:08:34,46.63%
751,Stephen Peeler,"San Juan Capistrano, CA",1346,2:07:44,9:45,M 50-54/53,M-54,453,2:07:57,52.83%
752,Yoshi Hiranuma,"Oceanside, CA",777,2:07:45,9:45,M 50-54/54,M-53,454,2:09:20,52.40%
753,Dolores Wirth,"Lake Forest, CA",1864,2:07:46,9:45,F 35-39/55,F-38,299,2:08:49,53.14%
754,Jeff Dorsz,"Trabuco Canyon, CA",2112,2:07:46,9:45,M 35-39/68,M-35,455,2:08:57,46.34%
755,Thomas Miller,"Ladera Ranch, CA",2405,2:07:47,9:45,M 45-49/76,M-45,456,2:08:20,49.36%
756,Becky Kooyman,"San Diego, CA",939,2:07:57,9:46,F 40-44/65,F-40,300,2:08:42,53.95%
757,Tom Stafford,"Rancho Santa Margarita, CA",1641,2:07:58,9:46,M 35-39/69,M-35,457,2:08:43,46.27%
758,Joseph Silver,"San Francisco, CA",1589,2:07:58,9:46,M 40-44/74,M-44,458,2:08:34,48.96%
759,Julie Mullican,"Yorba Linda, CA",1221,2:08:00,9:46,F 50-54/15,F-51,301,2:08:59,59.71%
760,Jennifer Lieser,"Mission Viejo, CA",1021,2:08:05,9:47,F 19-24/24,F-24,302,2:08:25,51.04%
761,Roy Bennett,"Carlsbad, CA",2022,2:08:06,9:47,M 1-12/2,M-12,459,2:09:16,54.44%
762,Sue Landazuri,"Los Angeles, CA",974,2:08:09,9:47,F 50-54/16,F-50,303,2:08:55,59.04%
763,Stephanie Hathaway,"Laguna Beach, CA",2364,2:08:11,9:47,F 30-34/45,F-30,304,2:13:08,51.00%
764,Jose Renteria,"Lomita, CA",1442,2:08:12,9:47,M 50-54/55,M-50,460,2:09:21,51.00%
765,Darren Bennett,"Carlsbad, CA",2021,2:08:12,9:47,M 35-39/70,M-39,461,2:09:22,47.31%
766,Edward Salkin,"Corona Del Mar, CA",1520,2:08:15,9:47,M 75-79/1,M-75,462,2:08:16,66.63%
767,Carrie Hale,"Anaheim, CA",673,2:08:21,9:48,F 30-34/46,F-33,305,2:08:45,50.93%
768,Craig Gutjahr,"Mission Viejo, CA",665,2:08:21,9:48,M 30-34/60,M-33,463,2:08:45,45.59%
769,Nicol Tushla,"La Habra, CA",1739,2:08:21,9:48,F 35-39/56,F-39,306,2:08:44,53.34%
770,Cindee Gaspari,"Foothill Ranch, CA",2472,2:08:29,9:49,F 35-39/57,F-39,307,2:08:43,53.28%
771,Zia Fuentes,"Dana Point, CA",561,2:08:36,9:49,F 35-39/58,F-36,308,2:09:03,51.95%
772,Rebecca York,"Farmington Hills, MI",1896,2:08:38,9:49,F 19-24/25,F-23,309,2:09:03,51.10%
773,Brennan Todd,"Anaheim, CA",2908,2:08:44,9:50,M 1-12/3,M-12,464,2:09:32,54.17%
774,Michael Todd,"Anaheim, CA",2909,2:08:45,9:50,M 40-44/75,M-41,465,2:09:34,47.71%
775,Hans Duncan,"Mission Viejo, CA",455,2:08:46,9:50,M 55-59/28,M-55,466,2:08:57,52.84%
776,Melissa Berry,"Ladera Ranch, CA",143,2:08:47,9:50,F 35-39/59,F-39,310,2:09:21,53.16%
777,Michelle Carmo,"Ladera Ranch, CA",262,2:08:48,9:50,F 35-39/60,F-35,311,2:09:22,51.46%
778,Gary Amundson,"Anaheim, CA",47,2:08:51,9:50,M 45-49/77,M-47,467,2:09:16,49.64%
779,Dianne Area,"Santa Ana, CA",2815,2:08:54,9:50,F 45-49/44,F-48,312,2:09:53,57.55%
780,Rick Hicksted,"Laguna Niguel, CA",764,2:08:56,9:51,M 35-39/71,M-37,468,2:09:58,46.47%
781,Joe Cleland,"Laguna Hills, CA",2556,2:08:57,9:51,M 45-49/78,M-48,469,2:09:21,49.96%
782,Mike Mullerleile,"Anaheim, CA",1219,2:08:58,9:51,M 19-24/18,M-19,470,2:09:23,47.23%
783,Andrea Lang,"Calabasas, CA",979,2:09:03,9:51,F 30-34/47,F-30,313,2:10:14,50.66%
784,Bob Turrietta,"Anaheim, CA",2653,2:09:12,9:52,M 60-64/12,M-61,471,2:09:53,55.64%
785,Joseph Reilly,"Orange, CA",1440,2:09:15,9:52,M 60-64/13,M-64,472,2:09:37,57.37%
786,George Vellas,"Fountain Valley, CA",2023,2:09:17,9:52,M 50-54/56,M-54,473,2:10:14,52.20%
787,Jennifer D'Amato,"Redondo Beach, CA",371,2:09:25,9:53,F 25-29/40,F-29,314,2:09:48,50.51%
788,Ralph Oh,"Rancho Cucamonga, CA",1282,2:09:26,9:53,M 35-39/72,M-37,474,2:10:01,46.29%
789,David Tobia,"Ladera Ranch, CA",2305,2:09:27,9:53,M 45-49/79,M-48,475,2:10:34,49.77%
790,Kristen Claussen,"Salem, OR",1924,2:09:28,9:53,F 25-29/41,F-26,315,2:10:19,50.49%
791,Robert Clippinger,"Dana Point, CA",333,2:09:29,9:53,M 45-49/80,M-46,476,2:09:56,49.05%
792,Holly Quasem,"Aliso Viejo, CA",1411,2:09:29,9:53,F 40-44/66,F-42,316,2:10:49,54.23%
793,Prabodh Mathur,"Laguna Niguel, CA",1109,2:09:31,9:53,M 45-49/81,M-48,477,2:09:44,49.73%
794,Jennifer Nance,"San Diego, CA",2103,2:09:35,9:54,F 25-29/42,F-25,317,2:12:58,50.45%
795,Robin Long,"Santa Barbara, CA",1036,2:09:43,9:54,F 19-24/26,F-24,318,2:10:33,50.40%
796,Joan Atlas,"Coto De Caza, CA",77,2:09:54,9:55,F 45-49/45,F-47,319,2:10:09,56.57%
797,Aileen Slivkoff,"Aliso Viejo, CA",1605,2:09:56,9:55,F 35-39/61,F-36,320,2:11:03,51.42%
798,Steve Vaccaro,"Yorba Linda, CA",1751,2:09:57,9:55,M 45-49/82,M-45,478,2:10:01,48.54%
799,Becky Mudd,"Irvine, CA",1215,2:10:02,9:56,F 50-54/17,F-50,321,2:10:19,58.18%
800,Sofia Calle,"Irvine, CA",240,2:10:02,9:56,F 19-24/27,F-24,322,2:10:14,50.27%
801,Malorie Zurita,"Tustin, CA",1914,2:10:05,9:56,F 19-24/28,F-23,323,2:10:39,50.53%
802,Cassie Skiles,"Aliso Viejo, CA",1598,2:10:08,9:56,F 25-29/43,F-27,324,2:10:56,50.24%
803,Ben Skiles,"Aliso Viejo, CA",1597,2:10:09,9:56,M 25-29/44,M-27,479,2:10:56,44.96%
804,Scott Morgan,"Hawthorne, CA",1197,2:10:19,9:57,M 40-44/76,M-44,480,2:11:25,48.07%
805,Heggi Hoda,"Newport Coast, CA",2644,2:10:24,9:57,F 30-34/48,F-32,325,2:10:55,50.13%
806,Carlos Hernandez,"Chino Hills, CA",747,2:10:28,9:58,M 35-39/73,M-37,481,2:10:55,45.93%
807,Julie Copenhaver,"San Diego, CA",350,2:10:28,9:58,F 19-24/29,F-22,326,2:10:40,50.84%
808,Carmela Toth,"Anaheim, CA",1720,2:10:29,9:58,F 35-39/62,F-37,327,2:10:32,51.61%
809,Nikki Sahagun,"Rancho Santa Margarita, CA",1513,2:10:33,9:58,F 35-39/63,F-35,328,2:11:26,50.77%
810,Theresa Gaacia,"Long Beach, CA",2370,2:10:33,9:58,F 30-34/49,F-30,329,2:10:53,50.08%
811,Allison Breig,"Aliso Viejo, CA",198,2:10:41,9:59,F 25-29/44,F-29,330,2:12:11,50.02%
812,Tin Zaw,"Aliso Viejo, CA",1907,2:10:42,9:59,M 40-44/77,M-44,482,2:15:45,47.93%
813,Jon Doll,"Ladera Ranch, CA",2942,2:10:48,9:59,M 30-34/61,M-33,483,2:11:56,44.74%
814,Eye Savant,"Trabuco Canyon, CA",2649,2:10:53,9:59,M 50-54/57,M-50,484,2:11:02,49.96%
815,Kimberly Ready,"Mission Viejo, CA",1427,2:10:53,10:00,F 35-39/64,F-35,331,2:11:06,50.64%
816,Michelle Jackson,"Mission Viejo, CA",846,2:10:53,10:00,F 35-39/65,F-36,332,2:11:06,51.04%
817,Carl Rogers,"Norwalk, CA",1477,2:10:55,10:00,M 50-54/58,M-54,485,2:11:27,51.55%
818,Dee Dee Keuning,"Mission Viejo, CA",913,2:10:55,10:00,F 40-44/67,F-43,333,2:11:02,54.11%
819,Glenn Orocio,"Los Angeles, CA",1289,2:11:07,10:01,M 35-39/74,M-35,486,2:20:59,45.15%
820,Phyllis Bourgault,"Mission Viejo, CA",178,2:11:08,10:01,F 50-54/18,F-53,334,2:11:20,59.52%
821,Bryan Bostic,"Orange, CA",177,2:11:08,10:01,M 30-34/62,M-34,487,2:12:02,44.88%
822,Bill Demauro,"Mission Viejo, CA",413,2:11:11,10:01,M 45-49/83,M-48,488,2:11:52,49.11%
823,Gina Crone,"Mission Viejo, CA",365,2:11:15,10:01,F 25-29/45,F-28,335,2:11:40,49.80%
824,Teresa Risch,"Laguna Niguel, CA",1457,2:11:16,10:01,F 30-34/50,F-30,336,2:11:40,49.80%
825,Annette Miyashiro,"Laguna Niguel, CA",1174,2:11:16,10:01,F 35-39/66,F-37,337,2:12:00,51.30%
826,Erinkay Griffiths,"Yorba Linda, CA",640,2:11:21,10:02,F 25-29/46,F-25,338,2:12:31,49.77%
827,Leanne Hoffman,"Anaheim, CA",785,2:11:26,10:02,F 30-34/51,F-34,339,2:11:47,50.04%
828,Kristine Kuppens-Geurts,"Claremont, CA",960,2:11:35,10:03,F 40-44/68,F-40,340,2:13:19,52.46%
829,Nanette Jensen,"San Clemente, CA",863,2:11:42,10:03,F 40-44/69,F-43,341,2:12:45,53.79%
830,Matt Davenport,"Ladera Ranch, CA",2666,2:11:50,10:04,M 30-34/63,M-30,489,2:12:36,44.38%
831,Heather Davenport,"Ladera Ranch, CA",2665,2:11:50,10:04,F 30-34/52,F-30,342,2:12:36,49.59%
832,Carole Gass,"Diamond Bar, CA",2742,2:11:59,10:05,F 60-64/2,F-63,343,2:12:53,66.69%
833,Chris Shinar,"Cypress, CA",2464,2:11:59,10:05,M 50-54/59,M-53,490,2:12:21,50.71%
834,Douglas Yeoman,"Irvine, CA",1893,2:12:12,10:06,M 50-54/60,M-52,491,2:13:18,50.23%
835,Gary Mullican,"Yorba Linda, CA",2115,2:12:13,10:06,M 50-54/61,M-54,492,2:13:12,51.04%
836,Lynn Barnard,"Laguna Niguel, CA",2303,2:12:15,10:06,M 60-64/14,M-61,493,2:12:25,54.36%
837,Catherine Erlinger,"Woodland Hills, CA",489,2:12:16,10:06,F 25-29/47,F-29,344,2:12:55,49.43%
838,Mark Rocco,"Laguna Beach, CA",1467,2:12:26,10:07,M 60-64/15,M-60,494,2:12:32,53.75%
839,Miguel Alonso,"Garden Grove, CA",2325,2:12:28,10:07,M 55-59/29,M-59,495,2:12:28,53.23%
840,Derek Imai,"Riverside, CA",2902,2:12:28,10:07,M 25-29/45,M-25,496,2:13:29,44.17%
841,Heather Arciniega,"Whittier, CA",61,2:12:30,10:07,F 35-39/67,F-38,345,2:13:40,51.24%
842,Ryan Smith,"Irvine, CA",1621,2:12:37,10:07,M 25-29/46,M-28,497,2:12:59,44.12%
843,Pernilla Svensson,"Rancho Santa Margari, CA",2611,2:12:41,10:08,F 40-44/70,F-41,346,2:13:54,52.46%
844,Julie Puraty,"Bellflower, CA",2414,2:13:05,10:10,F 55-59/8,F-55,347,2:13:24,59.94%
845,James Sage,"Costa Mesa, CA",1512,2:13:10,10:10,M 40-44/78,M-43,498,2:13:48,46.73%
846,Michelle Kosky,"Newport Beach, CA",940,2:13:11,10:10,F 25-29/48,F-27,348,2:14:20,49.08%
847,Brandi Heise,"Lake Elsinore, CA",738,2:13:17,10:11,F 30-34/53,F-32,349,2:14:13,49.05%
848,Silke Turner,"Laguna Niguel, CA",1738,2:13:24,10:11,F 35-39/68,F-38,350,2:14:02,50.90%
849,Tina Baron,"Irvine, CA",106,2:13:26,10:11,F 30-34/54,F-34,351,2:14:24,49.29%
850,Michael Carbuto,"Long Beach, CA",2913,2:13:35,10:12,M 55-59/30,M-55,499,2:13:45,50.94%
851,Rebecca Voisin,"Laguna Niguel, CA",1784,2:13:39,10:12,F 35-39/69,F-36,352,2:14:43,49.99%
852,Jack Baumann,"Laguna Niguel, CA",122,2:13:44,10:13,M 50-54/62,M-53,500,2:14:22,50.05%
853,Herbert Perer,"Aliso Viejo, CA",1351,2:13:45,10:13,M 55-59/31,M-55,501,2:14:30,50.88%
854,Arneed Bledsoe,"Tustin, CA",163,2:13:54,10:13,F 50-54/19,F-50,353,2:14:31,56.50%
855,Jennifer Torres,"Glendale, CA",1719,2:13:54,10:13,F 19-24/30,F-22,354,2:14:53,49.54%
856,Isaac Shepard,"Ladera Ranch, CA",2505,2:13:56,10:13,M 30-34/64,M-30,502,2:14:29,43.69%
857,Sandy Shepard,"Ladera Ranch, CA",2506,2:13:56,10:13,F 25-29/49,F-29,355,2:14:29,48.81%
858,Daniel Tarantine,"Irvine, CA",1692,2:13:56,10:13,M 60-64/16,M-61,503,2:14:39,53.67%
859,Bonnie Baeza,"Irvine, CA",85,2:13:56,10:13,F 35-39/70,F-38,356,2:14:39,50.69%
860,Jenifer Swann,"San Clemente, CA",1674,2:13:57,10:14,F 45-49/46,F-46,357,2:14:57,54.34%
861,Julie Hirschey,"Aliso Viejo, CA",778,2:14:00,10:14,F 25-29/50,F-26,358,2:14:09,48.79%
862,Jessica Sedgwick,"San Juan Capistrano, CA",1557,2:14:03,10:14,F 30-34/55,F-30,359,2:14:59,48.77%
863,Danielle Labrie,"Arcadia, CA",963,2:14:04,10:14,F 13-18/8,F-17,360,2:14:52,52.43%
864,Jose Campos,"Costa Mesa, CA",251,2:14:08,10:14,M 25-29/47,M-29,504,2:14:58,43.62%
865,Tina Gray,"Mission Viejo, CA",633,2:14:09,10:14,F 45-49/47,F-49,361,2:14:09,55.84%
866,Suzanne Benko,"Laguna Hills, CA",132,2:14:17,10:15,F 45-49/48,F-46,362,2:14:38,54.21%
867,Mahoud Kebraei,"Carlsbad, CA",2937,2:14:21,10:15,M 55-59/32,M-57,505,2:14:21,51.54%
868,Lindsay Dolan,"Mission Viejo, CA",435,2:14:21,10:15,F 13-18/9,F-15,363,2:14:58,53.97%
869,Cliff Abbasi,"Laguna Hills, CA",12,2:14:24,10:16,M 25-29/48,M-26,506,2:15:13,43.54%
870,Mary McGibbons,"Encinitas, CA",1136,2:14:24,10:16,F 40-44/71,F-42,364,2:15:20,52.25%
871,Lorena Quezada,"Pico Rivera, CA",1412,2:14:25,10:16,F 25-29/51,F-27,365,2:15:27,48.64%
872,Angela Peebles,"Laguna Niguel, CA",1344,2:14:28,10:16,F 35-39/71,F-35,366,2:19:03,49.29%
873,Kelly Garriott,"San Clemente, CA",585,2:14:28,10:16,F 30-34/56,F-34,367,2:19:03,48.91%
874,David Harrison Jr,"Huntington Beach, CA",711,2:14:32,10:16,M 30-34/65,M-31,507,2:14:51,43.49%
875,Jackie Brown,"Westminster, CA",209,2:14:32,10:16,F 25-29/52,F-25,368,2:14:51,48.59%
876,Mary Reeves,"San Clemente, CA",1436,2:14:36,10:17,F 25-29/53,F-28,369,2:15:48,48.57%
877,Ryan Macy,"Murrieta, CA",1065,2:14:40,10:17,M 30-34/66,M-33,508,2:15:21,43.45%
878,Kevin Turner,"Orange, CA",1735,2:14:41,10:17,M 40-44/79,M-44,509,2:15:09,46.51%
879,Andrew Frerk,"Laguna Hills, CA",553,2:14:46,10:17,M 13-18/21,M-13,510,2:16:02,50.33%
880,Tracie Wayne,"Ladera Ranch, CA",2423,2:14:51,10:18,F 35-39/72,F-36,370,2:15:43,49.54%
881,John Ruiz,"Redlands, CA",1500,2:14:56,10:18,M 55-59/33,M-58,511,2:15:47,51.78%
882,C Vallejo,"Laguna Niguel, CA",2242,2:15:01,10:18,F 50-54/20,F-50,371,2:15:23,56.04%
883,Mike Schepens,"Huntington Beach, CA",1536,2:15:05,10:19,M 50-54/63,M-54,512,2:16:00,49.96%
884,Kate Eder,"Laguna Niguel, CA",473,2:15:20,10:20,F 35-39/73,F-37,372,2:15:46,49.76%
885,Julie Smith,"Trabuco Canyon, CA",2945,2:15:22,10:20,F 40-44/72,F-40,373,2:16:26,51.00%
886,Caitlan Greubel,"Trabuco Canyon, CA",639,2:15:29,10:21,F 13-18/10,F-18,374,2:15:52,51.18%
887,Jaclyn Wickham,"Coto De Caza, CA",1845,2:15:29,10:21,F 13-18/11,F-17,375,2:15:52,51.88%
888,Rose Goodson,"Rialto, CA",624,2:15:47,10:22,F 40-44/73,F-41,376,2:16:28,51.27%
889,Mimi Vong,"Midway City, CA",1787,2:15:53,10:22,F 19-24/31,F-20,377,2:16:40,49.83%
890,Eduardo Martinez,"Midway City, CA",1093,2:16:03,10:23,M 13-18/22,M-15,513,2:16:41,47.65%
891,Monica Grim,"Rancho Santa Margarita, CA",642,2:16:09,10:24,F 35-39/74,F-35,378,2:16:37,48.68%
892,Dartagnan Frank,"Rancho Santa Margarita, CA",545,2:16:09,10:24,M 50-54/64,M-50,514,2:16:24,48.02%
893,Jennifer Wilson,"Laguna Beach, CA",1986,2:16:16,10:24,F 45-49/49,F-46,379,2:16:54,53.42%
894,Michel Olsen,"Laguna Beach, CA",1966,2:16:17,10:24,F 45-49/50,F-47,380,2:16:54,53.92%
895,Norma Figueroa,"Irvine, CA",522,2:16:19,10:24,F 55-59/9,F-58,381,2:16:44,60.58%
896,Anna Cappocchi,"Burbank, CA",254,2:16:36,10:26,F 30-34/57,F-34,382,2:17:11,48.14%
897,Denise Bardsley,"Rancho Santa Margarita, CA",96,2:16:47,10:26,F 50-54/21,F-52,383,2:17:20,56.46%
898,Brian Helstien,"Laguna Hills, CA",742,2:16:48,10:27,M 55-59/34,M-59,515,2:17:13,51.55%
899,Stacey Stafford,"Rancho Santa Margarita, CA",1640,2:16:56,10:27,F 35-39/75,F-35,384,2:17:46,48.40%
900,Kirsten Stafford,"Dana Point, CA",1639,2:17:03,10:28,F 35-39/76,F-38,385,2:17:53,49.54%
1001,Jennifer Bedford,"San Diego, CA",2020,2:25:14,11:05,F 19-24/36,F-23,447,2:25:24,45.26%
1002,Ryan Fox,"Laguna Hills, CA",543,2:25:15,11:05,M 25-29/52,M-29,555,2:26:19,40.28%
1003,Wendy Goshai,"Oceanside, CA",626,2:25:28,11:06,F 30-34/67,F-34,448,2:25:43,45.21%
1004,David Wesley,"Rancho Santa Margarita, CA",1832,2:25:37,11:07,M 40-44/85,M-41,556,2:26:06,42.18%
1005,Stephanie Born,"Los Alamitos, CA",176,2:25:39,11:07,F 30-34/68,F-34,449,2:26:28,45.15%
1006,Joe Perez,"Capistrano Beach, CA",1357,2:25:48,11:08,M 50-54/68,M-51,557,2:25:51,45.19%
1007,Gerry Ahern,"Laguna Niguel, CA",2431,2:25:52,11:08,M 55-59/36,M-57,558,2:26:33,47.47%
1008,Laura Richie,"Riverside, CA",1451,2:26:02,11:09,F 45-49/55,F-46,450,2:26:58,49.85%
1009,Katie Gaddini,"Santa Barbara, CA",568,2:26:27,11:11,F 19-24/37,F-23,451,2:27:16,44.88%
1010,Aurora Maldonado,"Garden Grove, CA",1081,2:26:33,11:11,F 30-34/69,F-31,452,2:27:37,44.61%
1011,Jennifer Phenix,"Mission Viejo, CA",1368,2:26:33,11:11,F 30-34/70,F-33,453,2:27:13,44.61%
1012,Kristina Vandemore,"Huntington Beach, CA",1760,2:26:48,11:12,F 35-39/84,F-39,454,2:27:30,46.63%
1013,Lauren Fukuda,"Aliso Viejo, CA",563,2:26:48,11:12,F 13-18/14,F-14,455,2:27:15,50.29%
1014,Brooke O'Farrell,"Aliso Viejo, CA",1277,2:26:48,11:12,F 25-29/65,F-29,456,2:27:57,44.53%
1015,Patricia Farr,"Aliso Viejo, CA",507,2:26:54,11:13,F 40-44/88,F-43,457,2:27:40,48.22%
1016,Sherly Rahni,"San Diego, CA",1416,2:27:04,11:14,F 40-44/89,F-42,458,2:27:46,47.75%
1017,Karen McKenna,"Costa Mesa, CA",1140,2:27:07,11:14,F 50-54/26,F-52,459,2:27:19,52.49%
1018,Rajan Christian,"Mira Loma, CA",320,2:27:09,11:14,M 35-39/80,M-38,559,2:28:03,40.97%
1019,Moses Christian,"Loma Linda, CA",319,2:27:09,11:14,M 75-79/2,M-76,560,2:28:04,58.99%
1020,Kristen Hanamaikai,"Saugus, CA",694,2:27:13,11:14,F 35-39/85,F-35,460,2:30:50,45.02%
1021,Joan Hanson,"Fountain Valley, CA",2369,2:27:13,11:14,F 45-49/56,F-49,461,2:28:17,50.88%
1022,Paige Denholm,"Aliso Viejo, CA",416,2:27:15,11:14,F 01-12/3,F-12,462,2:27:33,52.34%
1023,Audrey Wallingford,"Laguna Niguel, CA",1794,2:27:16,11:14,F 13-18/15,F-14,463,2:27:33,50.13%
1024,Nicole Davis,"Orange, CA",391,2:27:21,11:15,F 30-34/71,F-30,464,2:27:40,44.37%
1025,Josh Mangahis,"Cerritos, CA",1084,2:27:23,11:15,M 19-24/24,M-23,561,2:27:45,39.74%
1026,Allison Straus,"Mission Viejo, CA",1665,2:27:35,11:16,F 35-39/86,F-39,465,2:28:21,46.39%
1027,Theresa Delossantos,"Lake Forest, CA",411,2:27:36,11:16,F 35-39/87,F-39,466,2:28:39,46.38%
1028,Francis Kim,"Arcadia, CA",920,2:27:42,11:16,M 40-44/86,M-42,562,2:31:31,41.86%
1029,Leilani Albano,"Reseda, CA",1745,2:27:52,11:17,F 35-39/88,F-37,467,2:29:00,45.54%
1030,Alice Stotler,"Yorba Linda, CA",1659,2:27:55,11:17,F 65-69/2,F-65,468,2:30:55,61.19%
1031,Greg Christian,"Mission Viejo, CA",318,2:28:02,11:18,M 45-49/89,M-47,563,2:28:40,43.21%
1032,Sharre Robbins,"Mission Viejo, CA",1463,2:28:10,11:19,F 40-44/90,F-41,469,2:28:52,46.99%
1033,Nina Savlov,"Mission Viejo, CA",1531,2:28:10,11:19,F 50-54/27,F-51,470,2:28:52,51.58%
1034,Kris Bowen,"Mission Viejo, CA",181,2:28:10,11:19,F 40-44/91,F-41,471,2:28:52,46.99%
1035,Nancy Valencia,"Solana Beach, CA",1754,2:28:11,11:19,F 50-54/28,F-51,472,2:28:58,51.58%
1036,Maggie Moormeier,"San Diego, CA",1190,2:28:27,11:20,F 19-24/38,F-22,473,2:28:44,44.68%
1037,Denise Morris,"Anaheim, CA",1202,2:28:35,11:21,F 45-49/57,F-45,474,2:29:19,48.54%
1038,Bruce Vannatta,"Seal Beach, CA",2273,2:28:36,11:21,M 55-59/37,M-55,564,2:29:48,45.79%
1039,Caroline Rainaud,"Claremont, CA",1418,2:28:42,11:21,F 40-44/92,F-40,475,2:29:11,46.42%
1040,Catharine Fix,"Lakewood, CA",2605,2:28:58,11:22,F 25-29/66,F-26,476,2:29:16,43.88%
1041,Rachelle Sentner,"Mira Loma, CA",1561,2:29:08,11:23,F 25-29/67,F-25,477,2:29:59,43.84%
1042,David Keenan,"Pinon Hills, CA",2252,2:29:19,11:24,M 25-29/53,M-25,565,2:32:11,39.19%
1043,James Quigley,"Laguna Niguel, CA",1413,2:29:23,11:24,M 45-49/90,M-46,566,2:30:34,42.52%
1044,Mike McVeigh,"Irvine, CA",2518,2:29:25,11:24,M 60-64/18,M-64,567,2:30:29,49.62%
1045,Jeff Knowles,"Livermore, CA",934,2:29:25,11:24,M 45-49/91,M-49,568,2:30:20,43.43%
1046,Juli Buckenberger,"Ladera Ranch, CA",217,2:29:31,11:25,F 30-34/72,F-34,478,2:33:49,43.98%
1047,Allison Murphy,"Los Alamitos, CA",1223,2:29:32,11:25,F 19-24/39,F-24,479,2:33:50,43.72%
1048,Ken Bishop,"Westminster, CA",2118,2:29:33,11:25,M 25-29/54,M-28,569,2:30:43,39.13%
1049,Christopher Beck,"Rsm, CA",130,2:29:35,11:25,M 30-34/75,M-32,570,2:30:46,39.12%
1050,Kelly Bishop,"Westminster, CA",152,2:29:36,11:25,F 25-29/68,F-25,480,2:30:46,43.70%
1051,Linda Carpenter,"Bonsall, CA",267,2:29:46,11:26,F 45-49/58,F-46,481,2:30:09,48.60%
1052,Henderson Cleaves,"Hemet, CA",2752,2:29:52,11:26,M 75-79/3,M-76,571,2:30:47,57.92%
1053,Karen Blais-Von Zabern,"Canyon Lake, CA",157,2:29:57,11:27,F 45-49/59,F-46,482,2:30:28,48.54%
1054,Sharon Gibby,"Laguna Niguel, CA",2551,2:30:09,11:28,F 45-49/60,F-49,483,2:30:47,49.89%
1055,Carrie Helferich,"Irvine, CA",739,2:30:31,11:29,F 25-29/69,F-25,484,2:31:05,43.43%
1056,Steve Helferich,"Huntington Beach, CA",740,2:30:32,11:29,M 30-34/76,M-30,572,2:31:05,38.87%
1057,Pat Herr,"Mission Viejo, CA",750,2:30:33,11:30,F 70-74/2,F-70,485,2:31:17,64.95%
1058,Carlos Lucas,"Rialto, CA",2711,2:30:40,11:30,M 25-29/55,M-29,573,2:30:41,38.84%
1059,Patty Ortega,"Whittier, CA",1290,2:30:44,11:30,F 35-39/89,F-38,486,2:31:25,45.04%
1060,Lloyd Grim,"Rancho Santa Margarita, CA",641,2:30:52,11:31,M 35-39/81,M-38,574,2:31:20,39.96%
1061,Yasmin Wood,"Mission Viejo, CA",1874,2:31:12,11:33,F 25-29/70,F-29,487,2:32:03,43.24%
1062,Stacy Peterson,"Covina, CA",1363,2:31:16,11:33,F 30-34/73,F-34,488,2:32:17,43.47%
1063,Molly Peterson,"Mission Viejo, CA",1362,2:31:19,11:33,F 45-49/61,F-48,489,2:31:45,49.02%
1064,Michael Bernard,"Cerritos, CA",141,2:31:22,11:33,M 35-39/82,M-36,575,2:32:01,39.35%
1065,Joseph Hinds,"Inglewood, CA",775,2:31:42,11:35,M 65-69/4,M-66,576,2:32:51,49.97%
1066,Nuria Guzman,"Glendale, CA",668,2:31:54,11:36,F 30-34/74,F-32,490,2:32:52,43.04%
1067,Joan Smith,"Aliso Viejo, CA",1613,2:32:03,11:36,F 40-44/93,F-43,491,2:32:38,46.59%
1068,Cindi Tate,"Calabasas, CA",1694,2:32:04,11:36,F 50-54/29,F-54,492,2:32:29,51.88%
1069,Daniel Tran,"Fountain Valley, CA",1722,2:32:05,11:36,M 40-44/87,M-42,577,2:32:53,40.65%
1070,Annadelle Abad,"Laguna Niguel, CA",10,2:32:16,11:37,F 35-39/90,F-37,493,2:33:11,44.23%
1071,Cindy Boyd,"Laguna Hills, CA",2565,2:32:28,11:38,F 40-44/94,F-43,494,2:33:29,46.46%
1072,Homero Ortiz,"Santa Ana, CA",1292,2:32:38,11:39,M 30-34/77,M-30,578,2:33:22,38.34%
1073,Bernard Macaya,"Aliso Viejo, CA",1059,2:32:38,11:39,M 13-18/23,M-14,579,2:33:07,43.38%
1074,Mari Schreder,"Oceanside, CA",1546,2:32:43,11:39,F 35-39/91,F-37,495,2:33:01,44.10%
1075,Colleen Bechtel,"Del Mar, CA",129,2:32:43,11:39,F 45-49/62,F-46,496,2:33:01,47.66%
1076,Jacqueline Greger,"Aliso Viejo, CA",635,2:32:47,11:40,F 13-18/16,F-14,497,2:33:12,48.32%
1077,Colleen Lasalle,"Long Beach, CA",989,2:32:54,11:40,F 40-44/95,F-44,498,2:33:48,46.74%
1078,Massiel Perez,"Laguna Beach, CA",1358,2:33:29,11:43,F 30-34/75,F-31,499,2:34:38,42.59%
1079,Vera Morua,"Corona, CA",1208,2:33:32,11:43,F 50-54/30,F-53,500,2:33:54,50.83%
1080,Steve Hwang,"Santa Ana, CA",2349,2:33:48,11:44,M 65-69/5,M-65,580,2:34:04,48.74%
1081,Andy Nation,"Rancho Santa Margari, CA",2663,2:33:52,11:45,M 40-44/88,M-42,581,2:34:24,40.18%
1082,Catherine Magana,"Redlands, CA",1071,2:34:07,11:46,F 55-59/12,F-56,501,2:34:59,52.34%
1083,Darren Hume,"Rancho Santa Margarita, CA",816,2:34:08,11:46,M 30-34/78,M-34,582,2:35:10,38.18%
1084,Meghan Heran,"Rancho Palos Verdes, CA",2323,2:34:17,11:47,F 25-29/71,F-27,502,2:35:23,42.37%
1085,Barbara Werth,"Mission Viejo, CA",1831,2:34:46,11:49,F 40-44/96,F-42,503,2:35:25,45.37%
1086,Joy Krause,"Las Vegas, NV",947,2:35:00,11:50,F 50-54/31,F-52,504,2:35:57,49.82%
1087,Alan Krause,"Las Vegas, NV",946,2:35:00,11:50,M 19-24/25,M-24,583,2:35:57,37.75%
1088,Gail Scheuer,"Glendora, CA",1538,2:35:01,11:50,F 50-54/32,F-53,505,2:35:57,50.35%
1089,Jim Stebbins,"San Juan Capistrano, CA",1648,2:35:02,11:50,M 60-64/19,M-60,584,2:35:23,45.92%
1090,Jay Adams,"Fountain Valley, CA",24,2:35:08,11:51,F 35-39/92,F-37,506,2:35:31,43.41%
1091,Jay De Leon,"Palos Verdes Estates, CA",395,2:35:10,11:51,M 35-39/83,M-36,585,2:35:48,38.38%
1092,Krystal Park,"West Covina, CA",1320,2:35:10,11:51,F 19-24/40,F-23,507,2:35:37,42.36%
1093,Brooke Camp,"Corona, CA",245,2:35:12,11:51,F 30-34/76,F-32,508,2:36:18,42.12%
1094,Joby Doffek,"Irvine, CA",434,2:35:40,11:53,F 45-49/63,F-45,509,2:36:29,46.33%
1095,Traci Nagel,"Tustin, CA",1233,2:35:40,11:53,F 40-44/97,F-43,510,2:36:29,45.51%
1096,Kelly Wood,"Aliso Viejo, CA",2646,2:35:57,11:54,F 35-39/93,F-36,511,2:36:20,42.83%
1097,Carolyn Hickey,"Coto De Caza, CA",763,2:36:13,11:55,F 65-69/3,F-69,512,2:36:27,61.58%
1098,Mary McEvers,"Mission Viejo, CA",1133,2:36:20,11:56,F 55-59/13,F-56,513,2:37:28,51.60%
1099,Jorge Ortiz,"Stanton, CA",1293,2:36:35,11:57,M 25-29/56,M-26,586,2:37:18,37.37%
1100,Maria Fernandez,"Santa Ana, CA",517,2:36:35,11:57,F 25-29/72,F-29,514,2:37:20,41.75%
1201,Jake Mooney,"Aliso Viejo, CA",1185,2:57:06,13:31,M 13-18/26,M-13,609,2:57:34,38.30%
1202,Katrina Wyatt,"Redlands, CA",1881,2:57:37,13:33,F 25-29/76,F-28,593,2:58:10,36.80%
1203,Eva Webster,"Redlands, CA",1814,2:57:39,13:34,F 25-29/77,F-29,594,2:58:11,36.80%
1204,Taylor Newcomb,"Irvine, CA",1254,2:57:39,13:34,F 13-18/25,F-13,595,2:58:10,42.41%
1205,Paul Yee,"San Marino, CA",1886,2:57:49,13:34,M 40-44/91,M-40,610,3:02:48,34.33%
1206,Rick Bingham,"Lake Elsinore, CA",151,2:58:20,13:37,M 70-74/6,M-70,611,2:58:31,44.63%
1207,Sarah Ring,"Littleton, CO",1455,2:58:34,13:38,F 19-24/48,F-24,596,2:59:36,36.61%
1208,Gina Masini,"Irvine, CA",1097,2:58:34,13:38,F 19-24/49,F-24,597,2:59:35,36.61%
1209,Michelle Buck,"Orange, CA",216,2:59:01,13:40,F 30-34/86,F-33,598,3:00:01,36.52%
1210,Melissa Brotherton,"Aliso Viejo, CA",204,2:59:35,13:42,F 13-18/26,F-13,599,2:59:53,41.95%
1211,Rhoda Frame,"Lake Elsinore, CA",544,2:59:54,13:44,F 50-54/39,F-54,600,3:00:50,43.85%
1212,David Shostak,"Huntington Beach, CA",1582,3:00:14,13:45,M 55-59/40,M-55,612,3:00:57,37.76%
1213,Eric Verne,"Brea, CA",1771,3:00:15,13:45,M 30-34/79,M-30,613,3:01:11,32.46%
1214,Florence Dabney,"Redlands, CA",2810,3:00:41,13:47,F 50-54/40,F-50,601,3:01:46,41.87%
1215,Tina Ray,"Long Beach, CA",2819,3:01:42,13:52,F 40-44/107,F-41,602,3:02:57,38.31%
1216,Mary Wright,"Long Beach, CA",1879,3:02:27,13:56,F 55-59/18,F-58,603,3:03:11,45.26%
1217,Pasha Mazboudi,"Mission Viejo, CA",1117,3:03:05,13:58,M 1-12/4,M-12,614,3:03:25,38.09%
1218,Susan Anderson,"Fountain Valley, CA",53,3:04:06,14:03,F 45-49/78,F-48,604,3:05:04,40.29%
1219,Richard Caruvana,"Laguna Hills, CA",279,3:04:19,14:04,M 60-64/22,M-64,615,3:05:09,40.23%
1220,Sydney Balsamo,"Aliso Viejo, CA",93,3:04:25,14:05,F 13-18/27,F-13,605,3:04:50,40.85%
1221,Claire Arata,"Aliso Viejo, CA",57,3:04:25,14:05,F 01-12/8,F-12,606,3:04:50,41.79%
1222,Carol Jackson,"Los Angeles, CA",844,3:04:32,14:05,F 60-64/7,F-61,607,3:04:34,46.45%
1223,Shannon Dempsey,"Huntington Beach, CA",415,3:04:48,14:06,F 30-34/87,F-31,608,3:05:45,35.37%
1224,Rick Stebbins,"San Juan Capistrano, CA",1649,3:04:50,14:06,M 13-18/27,M-17,616,3:06:04,33.87%
1225,Jenna Thornbloom,"Irvine, CA",1715,3:04:58,14:07,F 30-34/88,F-34,609,3:05:15,35.55%
1226,Violeta Mo,"La Crescenta, CA",2562,3:05:36,14:10,F 35-39/104,F-38,610,3:05:43,36.58%
1227,Diane Hamacek,"Huntington Beach, CA",684,3:05:41,14:10,F 50-54/41,F-53,611,3:06:51,42.03%
1228,Lauren Pace,"Trabuco Canyon, CA",1304,3:05:57,14:12,F 13-18/28,F-13,612,3:06:27,40.51%
1229,Jordan Rodarte,"San Clemente, CA",1473,3:05:57,14:12,F 13-18/29,F-13,613,3:06:27,40.51%
1230,Lynn Bent,"Laguna Niguel, CA",134,3:06:45,14:15,F 50-54/42,F-53,614,3:07:38,41.79%
1231,Jennifer Shramo,"Mission Viejo, CA",2680,3:06:45,14:15,F 50-54/43,F-50,615,3:07:38,40.51%
1232,Janet Bica,"Cypress, CA",2931,3:08:18,14:22,F 40-44/108,F-43,616,3:09:18,37.62%
1233,Sharon Hamill,"Vista, CA",689,3:08:19,14:22,F 45-49/79,F-46,617,3:09:17,38.65%
1234,Toni Bushong,"Costa Mesa, CA",231,3:08:20,14:22,F 50-54/44,F-52,618,3:08:40,41.00%
1235,Wendy Wong,"Irvine, CA",1872,3:08:55,14:25,F 40-44/109,F-41,619,3:09:40,36.85%
1236,Brenda Wong,"Torrance, CA",1869,3:09:17,14:27,F 35-39/105,F-37,620,3:10:02,35.58%
1237,Sybil Carey,"Dana Point, CA",258,3:09:34,14:28,F 60-64/8,F-63,621,3:10:40,46.43%
1238,Robert Lopez,"Midway City, CA",1040,3:10:24,14:32,M 13-18/28,M-14,617,3:11:02,34.78%
1239,Darki Jarkin,"Midway City, CA",858,3:10:25,14:32,M 13-18/29,M-14,618,3:11:03,34.77%
1240,Samantha Jarkin,"Fountain Valley, CA",2311,3:10:38,14:33,F 01-12/9,F-12,622,3:11:14,40.43%
1241,Christen Willis,"Mission Viejo, CA",1855,3:10:50,14:34,F 40-44/110,F-40,623,3:11:31,36.17%
1242,Darnell Owens,"Corona, CA",1303,3:11:07,14:35,F 65-69/6,F-67,624,3:11:44,48.78%
1243,Jaclyn Rubio,"Wilmington, CA",2715,3:11:22,14:36,F 35-39/106,F-37,625,3:12:27,35.19%
1244,April House,"Playa Del Rey, CA",799,3:11:51,14:39,F 40-44/111,F-40,626,3:12:44,35.98%
1245,Christopher House,"Playa Del Rey, CA",800,3:11:52,14:39,M 35-39/85,M-38,619,3:12:44,31.42%
1246,Lori Pritchett,"Valencia, CA",1403,3:12:09,14:40,F 35-39/107,F-39,627,3:12:55,35.63%
1247,Kayla Smith,"Castaic, CA",1615,3:12:09,14:40,F 35-39/108,F-38,628,3:12:55,35.33%
1248,Jane Baldwin,"Sun Valley, CA",90,3:12:56,14:44,F 45-49/80,F-45,629,3:13:50,37.38%
1249,Vicki Harris-Walker,"Santa Ana, CA",706,3:13:08,14:44,F 60-64/9,F-64,630,3:13:53,46.20%
1250,Peggy Farner,"Anaheim, CA",506,3:13:27,14:46,F 50-54/45,F-51,631,3:14:25,39.51%
1251,Denise Sawicz,"Tustin, CA",1532,3:13:27,14:46,F 45-49/81,F-48,632,3:14:25,38.34%
1252,Kyoko Adachi,"Mission Viejo, CA",20,3:13:59,14:48,F 60-64/10,F-60,633,3:14:44,43.63%
1253,Haley Kool,"San Clemente, CA",938,3:14:14,14:49,F 01-12/10,F-12,634,3:14:26,39.68%
1254,Maria Rodriguez,"Los Angeles, CA",1476,3:14:19,14:50,F 40-44/112,F-44,635,3:14:20,36.78%
1255,Marizol Villa,"Los Angeles, CA",1776,3:14:19,14:50,F 13-18/30,F-16,636,3:14:20,36.71%
1256,Lisa Kerr,"San Clemente, CA",2645,3:14:50,14:52,F 50-54/46,F-50,637,3:15:20,38.83%
1257,Deanne Yeilding,"San Clemente, CA",1889,3:14:50,14:52,F 55-59/19,F-56,638,3:15:20,41.40%
1258,Eileen Shew,"Anaheim, CA",1578,3:14:51,14:52,F 35-39/109,F-39,639,3:15:56,35.13%
1259,Nina Healy,"San Clemente, CA",730,3:14:52,14:52,F 55-59/20,F-56,640,3:15:20,41.40%
1260,Re Grams,"Laguna Hills, CA",1744,3:14:54,14:52,M 55-59/41,M-56,620,3:15:14,35.21%
1261,Lesily Davis,"Ladera Ranch, CA",390,3:14:54,14:53,F 30-34/89,F-32,641,3:15:14,33.54%
1262,Heather Peay,"San Clemente, CA",1340,3:14:55,14:53,F 30-34/90,F-33,642,3:15:14,33.54%
1263,Juliet Hogan,"Rancho Santa Margari, CA",788,3:14:55,14:53,F NoAge/0,F-0,643,3:15:14, 0.00%
1264,Christina Branch,"Mission Viejo, CA",2581,3:15:00,14:53,F 55-59/21,F-55,644,3:15:28,40.90%
1265,Ann Fitzgerald,"San Diego, CA",531,3:15:21,14:55,F 50-54/47,F-50,645,3:16:21,38.73%
1266,Carol Harrison,"San Clemente, CA",707,3:15:22,14:55,F 45-49/82,F-48,646,3:15:51,37.97%
1267,Denise Wishney,"San Clemente, CA",1865,3:15:22,14:55,F 45-49/83,F-45,647,3:15:51,36.92%
1268,Kristina Eberly,"Yorba Linda, CA",465,3:15:36,14:56,F 35-39/110,F-39,648,3:16:42,35.00%
1269,Billie Henry,"Corona, CA",745,3:16:05,14:58,F 40-44/113,F-40,649,3:16:45,35.20%
1270,Raquel Bruno,"Laguna Hills, CA",212,3:16:05,14:58,F 60-64/11,F-64,650,3:16:45,45.51%
1271,Melissa Paget,"Rancho Santa Margarita, CA",1308,3:16:49,15:01,F 35-39/111,F-36,651,3:17:32,33.94%
1272,B Hamill,"Vista, CA",688,3:17:19,15:04,M 50-54/72,M-50,621,3:18:33,33.14%
1273,Gabrielle Gallina,"Foothill Ranch, CA",573,3:17:52,15:06,F 40-44/114,F-43,652,3:18:31,35.80%
1274,Danielle Fockler,"Mission Viejo, CA",539,3:18:01,15:07,F 13-18/31,F-13,653,3:18:13,38.04%
1275,Chuck Kalberg,"Laguna Hills, CA",2302,3:18:28,15:09,M 60-64/23,M-61,622,3:19:20,36.22%
1276,Matryona Fung,"Irvine, CA",564,3:19:03,15:12,F 40-44/115,F-42,654,3:19:43,35.28%
1277,Virginia Richie,"Laguna Woods, CA",4031,3:19:49,15:15,F 70-74/3,F-73,655,3:20:28,51.58%
1278,Irazmi Perez,"Fountain Valley, CA",1356,3:20:02,15:16,F 25-29/78,F-28,656,3:22:58,32.68%
1279,Ruthie Horner,"Rancho Santa Margari, CA",2604,3:20:21,15:17,F 50-54/48,F-50,657,3:20:29,37.76%
1280,Angela Belagardi,"La Habra, CA",2545,3:20:23,15:18,F 50-54/49,F-52,658,3:20:31,38.54%
1281,Jana Garrett,"San Clemente, CA",584,3:21:06,15:21,F 50-54/50,F-54,659,3:21:36,39.23%
1282,Ute Watson,"San Dimas, CA",1809,3:21:08,15:21,F 65-69/7,F-66,660,3:21:36,45.66%
1283,Judi Almuena,"Foothill Ranch, CA",40,3:21:29,15:23,F 40-44/116,F-42,661,3:22:02,34.85%
1284,Ozetta Pollard,"Corona, CA",2656,3:23:02,15:30,F 45-49/84,F-49,662,3:23:38,36.89%
1285,Deserie Bradvica,"Whittier, CA",194,3:23:04,15:30,F 35-39/112,F-38,663,3:23:41,33.43%
1286,Patricia Rockwood,"Lakewood, CA",1471,3:23:04,15:30,F 40-44/117,F-42,664,3:23:41,34.58%
1287,Marian Anderson,"Whittier, CA",52,3:23:04,15:30,F 40-44/118,F-43,665,3:23:41,34.88%
1288,Lisa Renzi,"Lakewood, CA",1443,3:23:05,15:30,F 40-44/119,F-41,666,3:23:41,34.28%
1289,Jessicka Maldonako,"Aliso Viejo, CA",1083,3:23:25,15:32,F 13-18/32,F-14,667,3:23:54,36.29%
1290,Samantha Mooney,"Aliso Viejo, CA",1186,3:23:42,15:33,F 13-18/33,F-14,668,3:24:12,36.24%
1291,Beth Fotch,"San Clemente, CA",2674,3:24:00,15:34,F 40-44/120,F-41,669,3:24:30,34.13%
1292,Cindy Anderson,"San Clemente, CA",49,3:24:00,15:34,F 40-44/121,F-44,670,3:24:30,35.03%
1293,Jeffrey Fahy,"Aliso Viejo, CA",501,3:24:01,15:34,M 13-18/30,M-15,623,3:24:28,31.77%
1294,Erin Fahy,"Aliso Viejo, CA",500,3:24:02,15:34,F 13-18/34,F-17,671,3:24:28,34.45%
1295,Sara Fahy,"Aliso Viejo, CA",502,3:24:02,15:34,F 13-18/35,F-14,672,3:24:29,36.18%
1296,Lee Ann Nicolosi,"Santa Ana, CA",1262,3:24:51,15:38,F 35-39/113,F-35,673,3:25:31,32.35%
1297,Priscilla Anchondo,"Encino, CA",48,3:25:30,15:41,F 55-59/22,F-58,674,3:26:46,40.18%
1298,Deborah Marrs,"Irvine, CA",1088,3:26:48,15:47,F 40-44/122,F-42,675,3:27:34,33.96%
1299,Kelly Arshi,"Mission Viejo, CA",69,3:27:00,15:48,M 50-54/73,M-50,624,3:27:41,31.58%
1300,Pramil Kumar,"Mission Viejo, CA",959,3:27:01,15:48,M 55-59/42,M-58,625,3:27:41,33.75%
1301,Kathleen Davidson,"Aliso Viejo, CA",387,3:27:14,15:49,F 13-18/36,F-13,676,3:27:29,36.35%
1302,Claudia Norris,"Laguna Beach, CA",1268,3:27:23,15:50,F 60-64/12,F-62,677,3:28:07,41.87%
1303,Emma Donofrio,"Placentia, CA",439,3:27:33,15:50,F 25-29/79,F-26,678,3:28:21,31.50%
1304,Susan Donofrio,"Placentia, CA",440,3:27:33,15:50,F 55-59/23,F-59,679,3:28:21,40.27%
1305,Theresa Blanchart,"Aliso Viejo, CA",161,3:27:47,15:51,F 40-44/123,F-44,680,3:28:19,34.40%
1306,Terri Barnum,"Laguna Beach, CA",2747,3:28:34,15:55,F 55-59/24,F-58,681,3:31:34,39.59%
1307,Pam Daily,"Dana Point, CA",2748,3:28:34,15:55,F 55-59/25,F-57,682,3:31:34,39.13%
1308,Lauren Azarvand,"Mission Viejo, CA",80,3:30:03,16:02,F 13-18/37,F-14,683,3:30:32,35.15%
1309,Jennifer Fairbanks,"San Clemente, CA",504,3:33:39,16:18,F 30-34/91,F-33,684,3:34:21,30.60%
1310,Georgene Fairbanks,"San Clemente, CA",503,3:33:40,16:18,F 55-59/26,F-55,685,3:34:21,37.33%
1311,Bobbie Sterbins,"Long Beach, CA",2901,3:33:47,16:19,F 35-39/114,F-37,686,3:33:47,31.50%
1312,Cricket Hong,"Tustin, CA",797,3:36:58,16:34,F 50-54/51,F-50,687,3:37:49,34.87%
1313,Karen Menees,"Long Beach, CA",1157,3:37:02,16:34,F 65-69/8,F-65,688,3:37:53,41.70%
1314,Shirley Trosino,"Aliso Viejo, CA",1727,3:37:25,16:36,F 75-79/1,F-76,689,3:38:15,50.24%
1315,Marilyn Diebold,"Mission Viejo, CA",421,3:40:06,16:48,F 45-49/85,F-46,690,3:40:27,33.07%
1316,Sevi Milano,"Lake Forest, CA",2504,3:45:35,17:13,F 50-54/52,F-54,691,3:46:38,34.97%
1317,Barbara Steyn,"Rancho Santa Margarita, CA",1653,3:49:16,17:30,F 55-59/27,F-55,692,3:50:01,34.79%
1318,Valli Gideons,"San Clemente, CA",597,3:50:00,17:33,F 35-39/115,F-38,693,3:50:45,29.52%
1319,Anita Kumar,"Mission Viejo, CA",958,3:50:00,17:33,F 50-54/53,F-54,694,3:50:46,34.30%
1320,Kiersten Hale,"Mission Viejo, CA",675,3:50:01,17:33,F 35-39/116,F-39,695,3:50:47,29.76%
1321,Stan Peacock,"Long Beach, CA",2735,3:55:44,17:59,M 75-79/5,M-75,626,3:56:49,36.25%
