Place,Name,Location,Bib,Net Time,Pace,Division/Place,Sex-Age,Sex-Place,Gun Time,Age Grade
1,Humberto Rojas,"Garden Grove, CA",1285,1:09:30,5:19,M 25-29/1,M-27,1,1:09:30,85.22%
2,Ryan Herson,"Foothill Ranch, CA",466,1:14:06,5:40,M 13-18/1,M-18,2,1:14:06,82.96%
3,Stephen Johnson,"San Diego, CA",1602,1:18:25,5:59,M 35-39/1,M-39,3,1:18:25,78.13%
4,Kevin Chindlund,"San Diego, CA",1601,1:19:34,6:05,M 30-34/1,M-32,4,1:19:39,74.46%
5,Jason Vick,"San Clemente, CA",1112,1:20:18,6:08,M 19-24/1,M-24,5,1:20:20,73.76%
6,Jacob Llorente,"Surprise, AZ",1457,1:21:36,6:14,M 25-29/2,M-28,6,1:21:42,72.58%
7,Abigail Swift,"Huntington Beach, CA",1027,1:22:04,6:16,F 19-24/1,F-23,1,1:22:04,80.24%
8,Jace Hinesly,"Trabuco Canyon, CA",484,1:22:52,6:20,M 19-24/2,M-22,7,1:22:55,71.51%
9,Jason Bosinski,"Huntington Beach, CA",111,1:23:58,6:25,M 30-34/2,M-32,8,1:23:59,70.56%
10,Alex Decino,"Carlsbad, CA",234,1:24:10,6:26,M 19-24/3,M-22,9,1:24:12,70.41%
11,Sarah Hart,"San Marcos, CA",448,1:24:42,6:28,F 30-34/1,F-34,2,1:24:42,78.25%
12,Jason Ray,"Yorba Linda, CA",1352,1:25:11,6:30,M 30-34/3,M-30,10,1:25:11,69.53%
13,Connor Tribole,"Seal Beach, CA",1365,1:25:31,6:32,M 13-18/2,M-17,11,1:25:33,72.81%
14,Emily Belli,"San Diego, CA",90,1:25:36,6:32,F 30-34/2,F-33,3,1:25:36,77.27%
15,Andy Schmidt,"San Marcos, CA",1615,1:25:51,6:33,M 40-44/1,M-43,12,1:25:56,73.61%
16,Paul Myer,"Laguna Niguel, CA",1521,1:26:14,6:35,M 45-49/1,M-48,13,1:26:23,76.36%
17,Mark Martinez,"Santa Ana, CA",3555,1:27:10,6:39,M 30-34/4,M-33,14,1:27:22,68.06%
18,Eric Koch,"Laguna Hills, CA",1526,1:27:21,6:40,M 13-18/3,M-16,15,1:27:38,72.35%
19,James McManus IV,"Apple Valley, CA",707,1:27:42,6:42,M 19-24/4,M-19,16,1:27:51,69.11%
20,Chad Ross,"Mission Viejo, CA",913,1:27:56,6:43,M 13-18/4,M-17,17,1:28:13,70.81%
21,Jason Baden,", ",1480,1:27:59,6:43,M 35-39/2,M-35,18,1:28:13,67.83%
22,William Carey,"San Diego, CA",156,1:28:01,6:43,M 40-44/2,M-42,19,1:28:07,71.23%
23,Joe Bowman,"Mission Viejo, CA",1463,1:28:17,6:45,M 50-54/1,M-52,20,1:28:17,77.17%
24,Jacob Bera,"Chugiak, AK",94,1:28:43,6:47,M 30-34/5,M-33,21,1:28:48,66.87%
25,Matt Kossoff,"Mission Viejo, CA",595,1:28:54,6:47,M 25-29/3,M-29,22,1:28:58,66.62%
26,James Harrington,"Las Vegas, NV",1558,1:28:55,6:47,M 35-39/3,M-35,23,1:29:01,67.12%
27,Leo Dela Cruz,"Gardena, CA",1441,1:29:01,6:48,M 45-49/2,M-47,24,1:29:08,73.35%
28,Taylor Hooten,"Mission Viejo, CA",495,1:29:14,6:49,M 19-24/5,M-23,25,1:29:29,66.37%
29,Ray Mena,"Long Beach, CA",714,1:29:16,6:49,M 55-59/1,M-55,26,1:29:18,78.36%
30,Jeff Miller,"Huntington Beach, CA",723,1:29:23,6:50,M 45-49/3,M-46,27,1:29:34,72.45%
31,Chris Davis,"Huntington Beach, CA",1214,1:29:30,6:50,M 35-39/4,M-38,28,1:29:32,67.87%
32,Mike Cozza,"Downers Grove, IL",212,1:29:31,6:50,M 19-24/6,M-24,29,1:29:36,66.16%
33,Pablo Hernandez,"Compton, CA",1763,1:29:45,6:51,M 45-49/4,M-46,30,1:30:08,72.16%
34,Collin Wasley,"Laguna Hills, CA",1310,1:29:52,6:52,M 13-18/5,M-16,31,1:30:10,70.32%
35,Jeff Carter,"Laguna Hills, CA",159,1:29:53,6:52,M 45-49/5,M-49,32,1:29:54,73.87%
36,Zackery Castor,"Menifee, CA",163,1:30:08,6:53,M 13-18/6,M-15,33,1:30:18,71.35%
37,Torrey Radcliffe,"Torrance, CA",1400,1:30:15,6:53,M 35-39/5,M-36,34,1:30:20,66.44%
38,Erick Gonzalez,"San Juan Capistrano, CA",1489,1:30:15,6:54,M 30-34/6,M-32,35,1:30:15,65.64%
39,Brian McDonnell,"Rancho Santa Margarita, CA",698,1:30:19,6:54,M 35-39/6,M-39,36,1:30:21,67.76%
40,Jose Figueroa,"La Mirada, CA",319,1:30:31,6:55,M 40-44/3,M-41,37,1:30:37,68.71%
41,Rufus Fuller,"Long Beach, CA",356,1:30:35,6:55,M 30-34/7,M-33,38,1:30:40,65.50%
42,Jeval De Jesus,"Rowland Heights, CA",1215,1:30:37,6:55,M 25-29/4,M-26,39,1:30:37,65.36%
43,Ben Turrietta,"Whittier, CA",1538,1:31:06,6:57,M 35-39/7,M-35,40,1:31:12,65.51%
44,Telan Nichols,"Rancho Santa Margarita, CA",777,1:31:07,6:57,M 35-39/8,M-37,41,1:31:11,66.19%
45,Greg Beck,"Laguna Hills, CA",86,1:31:15,6:58,M 55-59/2,M-55,42,1:31:23,76.65%
46,Shawn Tydlaska,"Carlsbad, CA",1080,1:31:18,6:58,M 25-29/5,M-29,43,1:31:20,64.87%
47,John Loftus,"Laguna Beach, CA",643,1:31:24,6:59,M 50-54/2,M-53,44,1:31:29,75.20%
48,Beth Hibbard,"Huntington Beach, CA",472,1:31:24,6:59,F 35-39/1,F-38,4,1:31:29,73.63%
49,Christopher Rosario,"Cerritos, CA",907,1:31:35,7:00,M 35-39/9,M-39,45,1:31:43,66.84%
50,Ryan Galliher,"Murrieta, CA",362,1:31:58,7:01,M 30-34/8,M-30,46,1:31:59,64.40%
51,Chuck Barstow,"Walnut, CA",1194,1:31:58,7:01,M 50-54/3,M-53,47,1:32:02,74.73%
52,Hunter Bliss,"San Diego, CA",105,1:32:20,7:03,M 25-29/6,M-28,48,1:32:30,64.15%
53,Edith Martinez,"Brea, CA",675,1:32:24,7:03,F 40-44/1,F-43,5,1:32:24,75.18%
54,Roman Mendoza,"Buena Park, CA",1660,1:32:48,7:05,M 40-44/4,M-44,49,1:33:26,68.65%
55,Brenda Zizzo,"Laguna Niguel, CA",1185,1:33:07,7:07,F 35-39/2,F-39,6,1:33:13,72.65%
56,Sue Zihlmann,"Long Beach, CA",1182,1:33:11,7:07,F 45-49/1,F-47,7,1:33:16,77.32%
57,Thomas Zaide,"Aliso Viejo, CA",1680,1:33:24,7:08,M 30-34/9,M-33,50,1:33:34,63.52%
58,Richard Stepowski,"Torrance, CA",1604,1:33:25,7:08,M 40-44/5,M-42,51,1:33:31,67.11%
59,Pedro Avalos,"Tustin, CA",49,1:34:05,7:11,M 50-54/4,M-51,52,1:34:05,71.79%
60,Robin McDearmon,"Laguna Beach, CA",690,1:34:05,7:11,M 40-44/6,M-40,53,1:34:17,65.57%
61,Joel Lozano,"Lancaster, CA",653,1:34:08,7:11,M 25-29/7,M-26,54,1:34:15,62.92%
62,Mike Catanzano,"Aliso Viejo, CA",1436,1:34:18,7:12,M 35-39/10,M-38,55,1:34:48,64.42%
63,Tu Tran,"Carlsbad, CA",1297,1:34:20,7:12,M 25-29/8,M-29,56,1:35:12,62.78%
64,Tim Sullivan,"Lake Forest, CA",1515,1:34:27,7:13,M 45-49/6,M-45,57,1:34:31,68.00%
65,Keven Williams,"Orange, CA",1151,1:34:33,7:13,M 25-29/9,M-29,58,1:34:45,62.64%
66,Don Waggett,"Carlsbad, CA",1121,1:34:34,7:13,M 60-64/1,M-62,59,1:34:38,78.88%
67,Kevin Kong,"Irvine, CA",587,1:34:42,7:14,M 45-49/7,M-48,60,1:34:46,69.53%
68,Brian White,"Aliso Viejo, CA",1142,1:34:45,7:14,M 35-39/11,M-38,61,1:35:12,64.11%
69,Rick Pinarija,"Aliso Viejo, CA",1541,1:34:54,7:15,M 45-49/8,M-48,62,1:34:56,69.38%
70,Richard Aguilar,"San Clemente, CA",14,1:35:00,7:15,M 35-39/12,M-39,63,1:35:07,64.43%
71,Bill Denton,"Irvine, CA",1535,1:35:38,7:18,M 50-54/5,M-54,64,1:35:50,72.49%
72,Ken Sayles,"Laguna Niguel, CA",1527,1:35:44,7:19,M 60-64/2,M-60,65,1:35:50,76.48%
73,Neil Quach,"Calabasas, CA",864,1:35:48,7:19,M 35-39/13,M-38,66,1:36:58,63.41%
74,Nico Echeverria,"Anaheim, CA",1669,1:35:52,7:19,M 35-39/14,M-36,67,1:35:55,62.55%
75,David Roach,"Irvine, CA",891,1:35:52,7:19,M 35-39/15,M-36,68,1:36:00,62.55%
76,Grace McManus,"Apple Valley, CA",705,1:36:02,7:20,F 13-18/1,F-17,8,1:36:11,70.66%
77,Shaun Lagos,"Newport Beach, CA",606,1:36:05,7:20,M 25-29/10,M-28,69,1:36:15,61.64%
78,Ginny Story,"San Juan Capistrano, CA",1019,1:36:08,7:20,F 40-44/2,F-42,9,1:36:30,71.72%
79,David Puente,"Fallbrook, CA",860,1:36:17,7:21,M 30-34/10,M-33,70,1:36:46,61.62%
80,Tyler Cook,"Ladera Ranch, CA",201,1:36:17,7:21,M 30-34/11,M-34,71,1:36:28,61.76%
81,Paul Pietsch,"Orange, CA",843,1:36:20,7:21,M 40-44/7,M-41,72,1:36:25,64.56%
82,Kara Perez,"Newport Beach, CA",829,1:36:22,7:22,F 25-29/1,F-26,10,1:36:32,68.33%
83,Stanford Gertler,"Villa Park, CA",376,1:36:41,7:23,M 55-59/3,M-59,73,1:36:44,75.03%
84,Susan Sloan,"Aliso Viejo, CA",988,1:36:56,7:24,F 45-49/2,F-48,11,1:37:24,75.13%
85,Peter Algazi,"Newport Beach, CA",1188,1:37:01,7:24,M 40-44/8,M-43,74,1:37:21,65.14%
86,Andrew Carrol,"Mission Viejo, CA",157,1:37:02,7:25,M 13-18/7,M-14,75,1:37:15,67.63%
87,Bruce Dosier,"Aliso Viejo, CA",1219,1:37:10,7:25,M 50-54/6,M-50,76,1:37:14,68.91%
88,Jonathan Fabian,"Laguna Niguel, CA",303,1:37:13,7:25,M 19-24/7,M-22,77,1:37:19,60.96%
89,Kelly Leonard,"Newport Beach, CA",630,1:37:15,7:26,F 30-34/3,F-33,12,1:37:15,68.00%
90,Jonathan Persinger,"Twentynine Palms McAgcc, CA",835,1:37:17,7:26,M 19-24/8,M-20,78,1:39:05,61.60%
91,Josef Cuneo,"La Jolla, CA",1575,1:37:17,7:26,M 30-34/12,M-33,79,1:38:56,60.98%
92,Thomas Baker,"Lancaster, CA",64,1:37:19,7:26,M 50-54/7,M-51,80,1:37:42,69.41%
93,Ryan Dalrymple,"Costa Mesa, CA",226,1:37:28,7:27,M 35-39/16,M-37,81,1:37:33,61.88%
94,Selina Nordberg,"La Habra, CA",781,1:37:29,7:27,F 40-44/3,F-43,13,1:37:37,71.26%
95,Jose Escobedo,"Laguna Hills, CA",1410,1:37:38,7:27,M 30-34/13,M-34,82,1:37:38,60.89%
96,Lesley Rolland,"Laguna Hills, CA",1540,1:37:41,7:28,F 30-34/4,F-31,14,1:39:37,67.47%
97,Jason Remley,"Burbank, CA",875,1:37:46,7:28,M 30-34/14,M-34,83,1:40:18,60.82%
98,Nathan Murray,"Laguna Niguel, CA",759,1:37:49,7:28,M 30-34/15,M-34,84,1:37:58,60.79%
99,Jacob King,"Mission Viejo, CA",571,1:37:56,7:29,M 13-18/8,M-14,85,1:38:02,67.01%
100,Leslie Buehler,"Laguna Niguel, CA",135,1:37:57,7:29,F 40-44/4,F-42,15,1:38:13,70.39%
101,John Bobo,", ",1317,1:37:58,7:29,M 35-39/17,M-38,86,1:37:58,62.00%
102,James Wang,"Tustin, CA",1125,1:38:01,7:29,M 19-24/9,M-24,87,1:38:16,60.43%
103,Joe Sotelo,"Anaheim, CA",1000,1:38:09,7:30,M 50-54/8,M-50,88,1:38:14,68.22%
104,Brian Walker,"Tustin, CA",1523,1:38:26,7:31,M 30-34/16,M-34,89,1:38:35,60.41%
105,Wade Hunt,"Laguna Niguel, CA",1406,1:38:28,7:31,M 30-34/17,M-32,90,1:38:36,60.17%
106,Nick Newkirk,"Temecula, CA",1484,1:38:29,7:31,M 25-29/11,M-28,91,1:38:32,60.14%
107,Jamie Myers,"San Clemente, CA",760,1:38:31,7:31,M 40-44/9,M-40,92,1:38:31,62.62%
108,Alex Mercado,"Laguna Hills, CA",717,1:38:33,7:31,M 19-24/10,M-19,93,1:38:39,61.50%
109,Tom Dubin,"Wilmette, IL",269,1:38:36,7:32,M 45-49/9,M-48,94,1:38:47,66.78%
110,Eric Olson,", ",1328,1:38:36,7:32,M 35-39/18,M-36,95,1:38:38,60.81%
111,James Mayville,"Mission Viejo, CA",688,1:38:39,7:32,M 50-54/9,M-53,96,1:38:53,69.67%
112,Shigeo Ogino,"Monterey Park, CA",1654,1:38:39,7:32,M 45-49/10,M-48,97,1:38:51,66.75%
113,Mark Lee,"San Francisco, CA",622,1:38:40,7:32,M 19-24/11,M-24,98,1:38:54,60.03%
114,Jenny Fritzsche,"Costa Mesa, CA",1679,1:38:45,7:32,F 45-49/3,F-45,16,1:38:59,71.56%
115,Simon Goss,"Buena Park, CA",411,1:38:49,7:33,M 45-49/11,M-47,99,1:39:58,66.08%
116,Philip Beh,"San Clemente, CA",88,1:38:49,7:33,M 40-44/10,M-42,100,1:38:56,63.44%
117,Rhoda Shaver,"Irvine, CA",1291,1:38:51,7:33,F 35-39/3,F-39,17,1:38:56,68.43%
118,Christina Krusiewicz,"Lake Forest, CA",598,1:38:53,7:33,F 30-34/5,F-32,18,1:39:05,66.76%
119,Juliet Wisdom,"Aliso Viejo, CA",1551,1:38:54,7:33,F 35-39/4,F-37,19,1:39:05,67.72%
120,Trevor Huckins,"Bellflower, CA",505,1:38:56,7:33,M 19-24/12,M-19,101,1:39:11,61.26%
121,Jerry Dinowitz,"Northridge, CA",254,1:38:57,7:33,M 50-54/10,M-54,102,1:38:57,70.06%
122,Mason Fisher,"Rancho Santa Margarita, CA",324,1:39:02,7:34,M 13-18/9,M-17,103,1:39:16,62.87%
123,Ryan Ellis,"Irvine, CA",1501,1:39:02,7:34,M 35-39/19,M-39,104,1:39:11,61.81%
124,Coleen Reinertson,", ",1574,1:39:06,7:34,F 45-49/4,F-45,20,1:39:27,71.30%
125,Kurtis Kuramoto,"Aurora, CO",1246,1:39:08,7:34,M 30-34/18,M-32,105,1:41:33,59.76%
126,Chris Barrier,"Laguna Beach, CA",1683,1:39:09,7:34,M 50-54/11,M-50,106,1:39:30,67.54%
127,Larry Trampel,"Oceanside, CA",1061,1:39:11,7:34,M 30-34/19,M-30,107,1:40:03,59.71%
128,P J Quealy,"Aliso Viejo, CA",1655,1:39:12,7:34,M 35-39/20,M-35,108,1:39:40,60.16%
129,Nicole Pederson,"San Clemente, CA",823,1:39:16,7:35,F 19-24/2,F-24,21,1:39:22,66.33%
130,David O'Hair,"Vista, CA",1276,1:39:19,7:35,M 13-18/10,M-17,109,1:39:24,62.69%
131,Craig Ames,"Laguna Niguel, CA",1536,1:39:23,7:35,M 35-39/21,M-37,110,1:39:30,60.68%
132,Robert Allen,"Walnut, CA",24,1:39:27,7:36,M 45-49/12,M-49,111,1:39:31,66.76%
133,Tawnee Prazak,"Laguna Beach, CA",1621,1:39:30,7:36,F 25-29/2,F-26,22,1:39:36,66.18%
134,Karen Duncanson,"Trabuco Canyon, CA",274,1:39:32,7:36,F 45-49/5,F-46,23,1:39:40,71.66%
135,Tonson Tong,"Newport Beach, CA",1057,1:39:36,7:36,M 40-44/11,M-44,112,1:39:47,63.97%
136,Meleah Shank,"Lake Forest, CA",970,1:39:37,7:36,F 35-39/5,F-38,24,1:39:48,67.55%
137,Joel Van Soelen,"Anaheim, CA",1101,1:39:38,7:36,M 30-34/20,M-33,113,1:40:12,59.54%
138,Alex Thurman,"Laguna Niguel, CA",1049,1:39:46,7:37,M 40-44/12,M-41,114,1:39:54,62.34%
139,Valentin Leyva,"Newport Beach, CA",633,1:39:52,7:38,M 30-34/21,M-30,115,1:40:07,59.31%
140,Preston Switzer,"Huntington Beach, CA",1028,1:39:58,7:38,M 19-24/13,M-23,116,1:41:10,59.25%
141,Matt Himmelman,"Aliso Viejo, CA",1663,1:40:01,7:38,M 40-44/13,M-41,117,1:40:10,62.18%
142,Jeffrey Katz,"Anaheim, CA",554,1:40:10,7:39,M 50-54/12,M-54,118,1:40:36,69.21%
143,Ian Farrell,"Fountain Valley, CA",1496,1:40:13,7:39,M 35-39/22,M-37,119,1:40:37,60.18%
144,Swava Stengel,"Temple City, CA",1013,1:40:16,7:39,F 30-34/6,F-31,25,1:40:17,65.74%
145,Scott Applegate,"Chino Hills, CA",35,1:40:20,7:40,M 40-44/14,M-42,120,1:40:35,62.49%
146,Elizabeth Anderson,"Brea, CA",32,1:40:21,7:40,F 30-34/7,F-30,26,1:40:37,65.63%
147,Mark Eger,"Rocklin, CA",1452,1:40:23,7:40,M 35-39/23,M-39,121,1:40:52,60.98%
148,Marc Napolitano,"La Verne, CA",1568,1:40:34,7:41,M 40-44/15,M-41,122,1:40:53,61.84%
149,Mari Russell,"San Clemente, CA",1665,1:40:41,7:41,F 45-49/6,F-46,27,1:41:09,70.84%
150,Pamela Galambos,"Laguna Niguel, CA",358,1:40:51,7:42,F 35-39/6,F-37,28,1:41:03,66.41%
151,Satoshi Miura,"Lake Forest, CA",1506,1:40:53,7:42,M 40-44/16,M-43,123,1:41:21,62.64%
152,John Higgins,"Minneapolis, MN",1424,1:41:06,7:43,M 50-54/13,M-51,124,1:41:15,66.81%
153,Pat Murray,", ",1327,1:41:09,7:43,M 30-34/22,M-30,125,1:41:09,58.55%
154,David Troutman,"Huntington Beach, CA",1066,1:41:12,7:44,M 30-34/23,M-31,126,1:41:29,58.52%
155,Mike Blixt,"Rancho Santa Margarita, CA",1200,1:41:16,7:44,M 45-49/13,M-49,127,1:44:36,65.56%
156,Felipe Villalobos,"Lake Forest, CA",1302,1:41:28,7:45,M 13-18/11,M-15,128,1:41:47,63.38%
157,Dale Hutchinson,"Irvine, CA",514,1:41:52,7:47,M 50-54/14,M-50,129,1:41:55,65.73%
158,Maya Kass,"Irvine, CA",553,1:41:57,7:47,F 40-44/5,F-41,29,1:42:14,67.15%
159,K Brooke Billeter,"Ladera Ranch, CA",103,1:41:59,7:47,F 30-34/8,F-31,30,1:44:26,64.63%
160,Dolores Castro,"Santa Ana, CA",1760,1:42:05,7:48,F 40-44/6,F-40,31,1:42:17,66.64%
161,Amado Hernandez,"Murrieta, CA",1359,1:42:09,7:48,M 50-54/15,M-53,130,1:42:33,67.28%
162,Heather Hill,"Huntington Beach, CA",478,1:42:23,7:49,F 35-39/7,F-36,32,1:42:59,65.16%
163,Beth Walter,"Aliso Viejo, CA",1122,1:42:26,7:49,F 50-54/1,F-51,33,1:42:39,73.72%
164,Edward Murphy,"Newport Beach, CA",1571,1:42:34,7:50,M 45-49/14,M-48,131,1:42:51,64.20%
165,Aaron Brownell,"Lancaster, CA",130,1:42:35,7:50,M 30-34/24,M-31,132,1:42:42,57.73%
166,Matthew Hunter,"Aliso Viejo, CA",1553,1:42:40,7:50,M 13-18/12,M-16,133,1:43:17,61.55%
167,Amy King,"Foothill Ranch, CA",569,1:42:44,7:51,F 13-18/2,F-18,34,1:43:47,65.08%
168,Arnold Burke,"Lake Forest, CA",1557,1:42:44,7:51,M 45-49/15,M-47,134,1:42:59,63.56%
169,Matthew Lansing,"Mission Viejo, CA",613,1:42:52,7:51,M 13-18/13,M-14,135,1:42:58,63.80%
170,Alan Mariconda,"Coto De Caza, CA",668,1:42:53,7:51,M 50-54/16,M-54,136,1:43:01,67.38%
171,Derek Garland,"Winchester, CA",1231,1:43:00,7:52,M 25-29/12,M-25,137,1:43:36,57.50%
172,Chris Futterer,"Yorba Linda, CA",1561,1:43:01,7:52,M 40-44/17,M-44,138,1:43:15,61.84%
173,Cody Knoll,"Menifee, CA",583,1:43:04,7:52,M 13-18/14,M-15,139,1:43:23,62.40%
174,Christian Webster,"Long Beach, CA",1567,1:43:08,7:52,M 25-29/13,M-29,140,1:46:29,57.43%
175,Robin Lee Wilhelm,"Cerritos, CA",1149,1:43:10,7:53,F 50-54/2,F-51,35,1:43:28,73.19%
176,Chris Oswalt,"Tustin, CA",1428,1:43:10,7:53,M 30-34/25,M-31,141,1:43:13,57.41%
177,David Grant,"Newport Beach, CA",1232,1:43:19,7:53,M 35-39/24,M-35,142,1:43:32,57.76%
178,Lee Rosenblum,"Jupiter, FL",910,1:43:20,7:53,M 55-59/4,M-56,143,1:43:33,68.30%
179,Craig Holloway,"San Juan Capistrano, CA",1555,1:43:30,7:54,M 55-59/5,M-58,144,1:43:42,69.43%
180,Chad Hanchett,"Huntington Beach, CA",1363,1:43:41,7:55,M 30-34/26,M-34,145,1:44:52,57.35%
181,Erin Earlywine,"Long Beach, CA",280,1:43:46,7:55,F 30-34/9,F-30,36,1:44:03,63.47%
182,Sabrina Ahmad,"Irvine, CA",16,1:43:49,7:56,F 30-34/10,F-30,37,1:44:01,63.44%
183,Michael Garcia,"Orange, CA",366,1:43:52,7:56,M 30-34/27,M-31,146,1:44:16,57.02%
184,Hayden Flores,"Vista, CA",1228,1:43:52,7:56,M 19-24/14,M-21,147,1:44:16,57.26%
185,Haroon Khan,"Aliso Viejo, CA",565,1:43:54,7:56,M 35-39/25,M-39,148,1:44:07,58.91%
186,Tom Frost,"Rancho Santa Margarita, CA",1670,1:43:54,7:56,M 55-59/6,M-58,149,1:44:01,69.16%
187,Jonathan Brown,"March Arb, CA",127,1:43:55,7:56,M 25-29/14,M-27,150,1:44:11,56.99%
188,Peter Lew,"Laguna Hills, CA",1432,1:43:56,7:56,M 50-54/17,M-50,151,1:44:11,64.43%
189,Ryan Young,"Irvine, CA",1177,1:43:56,7:56,M 30-34/28,M-33,152,1:45:53,57.08%
190,Darin Lenyi,"Laguna Hills, CA",1413,1:43:58,7:56,M 40-44/18,M-44,153,1:44:33,61.28%
191,Tim Dixon,"Rancho Cucamonga, CA",255,1:43:59,7:56,M 35-39/26,M-35,154,1:44:06,57.39%
192,Raymond Soquena,"Buena Park, CA",1658,1:43:59,7:56,M 25-29/15,M-27,155,1:44:09,56.96%
193,Norm Smith,"Oceanside, CA",993,1:44:10,7:57,M 35-39/27,M-39,156,1:44:26,58.76%
194,Madison Duong,"Irvine, CA",277,1:44:10,7:57,F 30-34/11,F-33,38,1:44:26,63.48%
195,Shana Ostrovitz,"Corona Del Mar, CA",808,1:44:10,7:57,F 19-24/3,F-24,39,1:45:01,63.21%
196,Deeann Smith,"Oceanside, CA",990,1:44:10,7:57,F 40-44/7,F-41,40,1:44:25,65.72%
197,Curt Jalani,"Las Vegas, NV",1361,1:44:12,7:57,M 40-44/19,M-43,157,1:44:22,60.65%
198,Daniel Sterns,"San Juan Capistrano, CA",1015,1:44:17,7:58,M 45-49/16,M-46,158,1:44:23,62.10%
199,Linda Manion,"Orange, CA",665,1:44:21,7:58,F 35-39/8,F-38,41,1:44:42,64.49%
200,Lauren Vogt,"Newport Beach, CA",1308,1:44:24,7:58,F 25-29/3,F-27,42,1:44:39,63.07%
1201,Dee Dee Urquhart,"West Hills, CA",1083,2:40:46,12:16,F 50-54/44,F-52,548,2:42:15,47.57%
1202,Esther Marroquin,"Monrovia, CA",670,2:40:57,12:17,F 35-39/92,F-36,549,2:42:03,41.45%
1203,Tj Crockett,"Mission Viejo, CA",217,2:41:00,12:17,M 13-18/31,M-14,654,2:41:50,40.76%
1204,Hunter Stoffel,"Mission Viejo, CA",1017,2:41:01,12:17,M 13-18/32,M-14,655,2:41:50,40.76%
1205,Xuan-Mai Vo,"Los Angeles, CA",1119,2:41:03,12:18,F 35-39/93,F-35,550,2:41:27,41.28%
1206,Connie Visconte,"Mission Viejo, CA",1117,2:41:06,12:18,F 55-59/14,F-58,551,2:42:20,51.37%
1207,Miriam Hernandez,"Whittier, CA",1238,2:41:13,12:18,F 30-34/91,F-31,552,2:42:20,40.88%
1208,Edward Salkin,"Corona Del Mar, CA",936,2:41:32,12:20,M 75-79/4,M-78,656,2:41:36,56.48%
1209,Ryan Gilbertson,"Simi Valley, CA",382,2:41:38,12:20,M 30-34/96,M-30,657,2:41:38,36.64%
1210,Julius Nam,"Loma Linda, CA",762,2:41:39,12:20,M 40-44/97,M-42,658,2:42:30,38.78%
1211,Lily Kennedy,"Orange, CA",562,2:41:49,12:21,F 25-29/69,F-28,553,2:42:36,40.69%
1212,Sarah Rowley,"Redlands, CA",1562,2:41:58,12:22,F 13-18/18,F-18,554,2:46:52,41.28%
1213,Shannon Shima,"Redondo Beach, CA",977,2:42:00,12:22,F 40-44/93,F-42,555,2:42:53,42.56%
1214,Guerin Butterworth,"Long Beach, CA",145,2:42:00,12:22,F 55-59/15,F-55,556,2:43:18,49.07%
1215,Gwen Beaver-Kieslich,"Rancho Santa Margarita, CA",81,2:42:01,12:22,F 01-12/3,F-9,557,2:42:43,51.13%
1216,Sandra Bobadilla,"South Gate, CA",1453,2:42:15,12:23,F 40-44/94,F-44,558,2:43:14,43.16%
1217,Maggie Burnside,"Redondo Beach, CA",143,2:42:16,12:23,F 25-29/70,F-26,559,2:43:09,40.58%
1218,Mitchell Burdorf,"Pacific Palisades, CA",1205,2:42:26,12:24,M 01-12/7,M-12,659,2:44:15,42.45%
1219,Rachel Burdorf,"Pacific Palisades, CA",1206,2:42:26,12:24,F 13-18/19,F-14,560,2:44:15,44.15%
1220,Ryan Kieslich,"Rancho Santa Margarita, CA",567,2:42:27,12:24,M 30-34/97,M-30,660,2:43:10,36.46%
1221,Sharon Kubisch,"Ladera Ranch, CA",600,2:42:45,12:25,F 35-39/94,F-39,561,2:43:55,41.56%
1222,Megan Beaver,"Rancho Santa Margarita, CA",80,2:42:48,12:26,F 30-34/92,F-31,562,2:43:30,40.48%
1223,Erich Thaler,"Long Beach, CA",1041,2:42:54,12:26,M 45-49/77,M-45,661,2:44:40,39.42%
1224,Jeff Brown,"Bismarck, ND",126,2:42:56,12:26,M 30-34/98,M-32,662,2:43:54,36.36%
1225,Dina Cuppinger,"Fountain Valley, CA",222,2:43:09,12:27,F 45-49/74,F-47,563,2:45:40,44.16%
1226,Stephanie White,"Diamond Bar, CA",1311,2:43:31,12:29,F 35-39/95,F-37,564,2:44:03,40.96%
1227,Nichole Leveille,"Redondo Beach, CA",631,2:43:42,12:30,F 35-39/96,F-38,565,2:44:38,41.11%
1228,Kyle Sidoti,"Aliso Viejo, CA",979,2:43:50,12:30,M 13-18/33,M-13,663,2:44:44,41.00%
1229,Nadia Flores,"Santa Ana, CA",334,2:43:55,12:31,F 30-34/93,F-30,566,2:45:06,40.18%
1230,Kathleen Woolsey,"Yucaipa, CA",1166,2:44:01,12:31,F 50-54/45,F-52,567,2:44:12,46.63%
1231,Ryan Evans,"Laguna Hills, CA",301,2:44:11,12:32,M 13-18/34,M-13,664,2:45:22,40.91%
1232,Kathleen Iwanaga,"Diamond Bar, CA",526,2:44:12,12:32,F 55-59/16,F-58,568,2:44:47,50.40%
1233,Marcela Martinez,"Los Angeles, CA",676,2:44:19,12:32,F 25-29/71,F-28,569,2:46:25,40.07%
1234,Charlene Lopez,"Bellflower, CA",647,2:44:27,12:33,F 25-29/72,F-26,570,2:46:02,40.04%
1235,Alex Alcantar,"Norwalk, CA",18,2:44:27,12:33,M 40-44/98,M-43,665,2:46:02,38.42%
1236,Dione Mack,"Yorba Linda, CA",1349,2:44:34,12:34,F 50-54/46,F-54,571,2:46:01,47.68%
1237,Jean Gardner,"Anaheim, CA",370,2:44:37,12:34,F 65-69/3,F-67,572,2:46:01,57.34%
1238,Aaron Miranda,"Aliso Viejo, CA",727,2:44:41,12:34,M 13-18/35,M-14,666,2:45:39,39.85%
1239,Marisa Solomon,"Carson, CA",998,2:44:45,12:35,F 50-54/47,F-54,573,2:48:31,47.62%
1240,Grace Innis,"Rancho Santa Margarita, CA",520,2:44:51,12:35,F 50-54/48,F-50,574,2:45:58,45.24%
1241,Gabriela Castro,"Laguna Hills, CA",164,2:44:51,12:35,F 35-39/97,F-36,575,2:45:58,40.47%
1242,Chester Gucwa,"Poway, CA",423,2:45:05,12:36,M 55-59/36,M-56,667,2:46:18,42.75%
1243,Jory Bentley,"Long Beach, CA",1678,2:45:11,12:37,F 25-29/73,F-25,576,2:49:25,39.86%
1244,Jessica Bentley,"Long Beach, CA",1677,2:45:11,12:37,F 25-29/74,F-29,577,2:49:25,39.86%
1245,Mary Torres Noonan,"Redondo Beach, CA",1295,2:45:14,12:37,F 45-49/75,F-49,578,2:46:30,44.59%
1246,Carrie Mortensen,"Lake Forest, CA",748,2:45:30,12:38,F 45-49/76,F-47,579,2:49:18,43.53%
1247,Isabel Villalobos,"Lake Forest, CA",1304,2:45:31,12:38,F 50-54/49,F-50,580,2:45:53,45.06%
1248,Arin Kritzmire,"Los Alamitos, CA",1466,2:45:37,12:38,F 35-39/98,F-36,581,2:47:29,40.28%
1249,Karen Klein,"Lake Forest, CA",581,2:46:10,12:41,F 50-54/50,F-54,582,2:47:37,47.22%
1250,Julie Gomez,"San Juan Capistrano, CA",397,2:46:16,12:41,F 13-18/20,F-16,583,2:46:28,41.54%
1251,Susan Schlepp,"Wildomar, CA",953,2:46:28,12:42,F 50-54/51,F-53,584,2:46:36,46.53%
1252,Joelle Schlepp,"Wildomar, CA",952,2:46:29,12:42,F 19-24/49,F-23,585,2:46:36,39.55%
1253,Kathleen Fisher,"Long Beach, CA",323,2:46:31,12:43,F 50-54/52,F-51,586,2:47:40,45.35%
1254,Kim Gonthier,"Chandler, AZ",398,2:46:42,12:43,F 35-39/99,F-35,587,2:47:58,39.88%
1255,Leo Verdugo,"Anaheim, CA",1110,2:46:42,12:43,M 60-64/18,M-60,668,2:46:54,43.92%
1256,Ingrid Chung,"La Habra, CA",180,2:46:45,12:44,F 25-29/75,F-28,588,2:50:00,39.48%
1257,Melanie Cariaso,"Apple Valley, CA",1446,2:46:56,12:44,F 40-44/95,F-41,589,2:48:48,41.01%
1258,Isabel Villalobos,"Lake Forest, CA",1305,2:47:22,12:47,F 01-12/4,F-11,590,2:47:45,46.24%
1259,Douglas Northcott,"Costa Mesa, CA",1271,2:47:37,12:48,M 30-34/99,M-32,669,2:49:43,35.34%
1260,Kaylee Rieth,"Stevenson Ranch, CA",888,2:47:56,12:49,F 19-24/50,F-24,591,2:49:47,39.21%
1261,Jerry Mero,"Santa Ana, CA",718,2:47:58,12:49,M 55-59/37,M-59,670,2:48:17,43.19%
1262,David Brock,"Claremont, CA",124,2:48:24,12:51,M 55-59/38,M-56,671,2:49:27,41.91%
1263,Trevor Hassel,"Trabuco Canyon, CA",449,2:48:43,12:53,M 13-18/36,M-13,672,2:49:05,39.81%
1264,Jim Grimes,"Huntington Beach, CA",420,2:48:54,12:54,M 60-64/19,M-62,673,2:49:59,44.16%
1265,Rebecca Hamm,"Claremont, CA",438,2:49:05,12:54,F 50-54/53,F-50,592,2:50:08,44.10%
1266,Gena Kirk,"Aliso Viejo, CA",576,2:49:09,12:55,M 40-44/99,M-43,674,2:51:05,37.36%
1267,Santiago Enriquez Jr,"La Puente, CA",293,2:49:30,12:56,M 40-44/100,M-42,675,2:50:30,36.98%
1268,Greg White,"Diamond Bar, CA",1762,2:50:04,12:59,M 13-18/37,M-15,676,2:50:35,37.81%
1269,Tracy Vasquez,"Brea, CA",1107,2:50:24,13:00,F 50-54/54,F-53,593,2:51:30,45.46%
1270,Summer Plummer,"Lake Forest, CA",847,2:50:26,13:00,F 35-39/100,F-38,594,2:51:38,39.48%
1271,Sharon Gick,"Laguna Niguel, CA",379,2:50:28,13:01,F 30-34/94,F-33,595,2:51:46,38.79%
1272,Jana Alva,"Bakersfield, CA",26,2:50:29,13:01,F 50-54/55,F-54,596,2:51:47,46.02%
1273,Devan Gardner,"Scottsdale, AZ",1573,2:51:10,13:04,F 25-29/76,F-25,597,2:52:04,38.47%
1274,Heather Stolte,"Corona Del Mar, CA",1766,2:51:26,13:05,F 35-39/101,F-38,598,2:53:20,39.25%
1275,Kelly Wright,"Mission Viejo, CA",1312,2:51:45,13:07,F 40-44/96,F-42,599,2:52:26,40.14%
1276,Dianna Thompson,"Trabuco Canyon, CA",1617,2:51:59,13:08,F 45-49/77,F-49,600,2:53:59,42.84%
1277,Jolene Hancock,"Riverside, CA",441,2:52:38,13:11,F 45-49/78,F-48,601,2:54:02,42.18%
1278,Joseph Jasik,"Newhall, CA",532,2:52:51,13:12,M 65-69/7,M-68,677,2:53:56,45.77%
1279,Dorothy Strand,"Orange, CA",1021,2:53:29,13:14,F 70-74/2,F-71,602,2:54:54,58.04%
1280,June Sabo,"Foothill Ranch, CA",928,2:53:30,13:15,F 45-49/79,F-45,603,2:54:49,40.72%
1281,Jose Bacala,"North Las Vegas, NV",55,2:53:32,13:15,M 25-29/62,M-28,678,2:55:02,34.13%
1282,Heather Leon,"North Las Vegas, NV",629,2:53:32,13:15,F 25-29/77,F-25,604,2:55:03,37.94%
1283,Kara Johan,"Orange, CA",1509,2:53:44,13:16,F 60-64/8,F-61,605,2:55:08,49.68%
1284,Tanya Mansell,", ",1477,2:53:44,13:16,F 40-44/97,F-41,606,2:55:01,39.40%
1285,Rosheen Erangey,"Redondo Beach, CA",295,2:54:00,13:17,F 40-44/98,F-44,607,2:55:47,40.24%
1286,Gilda Buyze,"Artesia, CA",146,2:54:07,13:17,F 25-29/78,F-26,608,2:54:51,37.81%
1287,Catey Grundy,"Rancho Cucamonga, CA",1974,2:54:21,13:18,F 50-54/56,F-53,609,2:56:15,44.43%
1288,Linda Weidner,"Placentia, CA",1341,2:54:51,13:21,F 60-64/9,F-61,610,2:55:32,49.36%
1289,Michael Urratio,"Mission Viejo, CA",1084,2:54:53,13:21,M 50-54/69,M-51,679,2:55:21,38.62%
1290,Tyler Jenkins,"Escondido, CA",534,2:54:53,13:21,M 25-29/63,M-28,680,2:56:02,33.86%
1291,Maria Kallas,"Mission Viejo, CA",551,2:55:29,13:24,F 50-54/57,F-53,611,2:55:54,44.14%
1292,Ilian Mondragon,"Canyon Country, CA",732,2:55:35,13:24,F 13-18/21,F-18,612,2:55:35,38.08%
1293,Donna Bernstein,"Torrance, CA",99,2:55:40,13:24,F 50-54/58,F-52,613,2:56:59,43.53%
1294,David Cessor,"Torrance, CA",168,2:55:40,13:24,M 13-18/38,M-17,681,2:56:59,35.44%
1295,Patricia Bejarano,"Diamond Bar, CA",1450,2:55:54,13:26,F 45-49/80,F-47,614,2:57:26,40.96%
1296,Tami Truong,"Rancho Cordova, CA",1068,2:56:07,13:26,F 19-24/51,F-24,615,2:57:49,37.38%
1297,Julie Hill,"Coto De Caza, CA",480,2:56:12,13:27,F 50-54/59,F-52,616,2:58:13,43.40%
1298,Jodeen Howes,"Mission Viejo, CA",501,2:56:19,13:27,F 35-39/102,F-36,617,2:57:05,37.83%
1299,Brian Matsuno,"Milpitas, CA",682,2:56:27,13:28,M 25-29/64,M-26,682,2:58:10,33.56%
1300,Trinity Truong,"Chino, CA",1069,2:56:28,13:28,F 25-29/79,F-26,618,2:58:11,37.31%
1301,Stacey Sturzenacker,"Canoga Park, CA",1023,2:56:29,13:28,F 19-24/52,F-23,619,2:58:14,37.31%
1302,Kendra Bailey,"La Habra, CA",60,2:57:00,13:31,F 25-29/80,F-27,620,2:58:45,37.20%
1303,Debbie Peters,"Ontario, CA",839,2:57:04,13:31,F 35-39/103,F-36,621,2:58:47,37.67%
1304,Mike Segura,"Los Angeles, CA",961,2:57:17,13:32,M 30-34/100,M-32,683,3:01:55,33.41%
1305,Eric Dangott,"Tustin, CA",1343,2:57:35,13:33,M 35-39/107,M-37,684,2:58:53,33.96%
1306,Mary Metzner,"Fullerton, CA",720,2:57:40,13:34,F 55-59/17,F-56,622,2:58:48,45.33%
1307,Kristin Kirstenpfad,"Chino Hills, CA",579,2:57:42,13:34,F 35-39/104,F-39,623,2:58:50,38.06%
1308,Jeremiah Blackburn,"Los Angeles, CA",1199,2:57:52,13:35,M 19-24/51,M-24,685,2:58:33,33.30%
1309,Hal Custance,"Laguna Woods, CA",225,2:57:56,13:35,M 60-64/20,M-60,686,2:59:13,41.14%
1310,Karen Galati,"Palos Verdes Estates, CA",359,2:57:58,13:35,F 60-64/10,F-63,624,2:58:50,49.92%
1311,Linda Visoutsri-Kwak,"Anaheim, CA",1118,2:57:58,13:35,F 25-29/81,F-28,625,2:58:49,37.00%
1312,Alicia Ponce,"Placentia, CA",849,2:57:58,13:35,F 50-54/60,F-50,626,2:59:22,41.90%
1313,Colla V-Fujita,"Corona, CA",1111,2:57:58,13:35,F 30-34/95,F-32,627,2:58:49,37.09%
1314,Marissa Mallari,"El Monte, CA",664,2:58:00,13:35,F 40-44/99,F-44,628,2:58:22,39.34%
1315,Vera Sandoval,"Corona, CA",942,2:58:01,13:35,F 55-59/18,F-56,629,3:00:01,45.24%
1316,Lolita Lopez,"Pomona, CA",1409,2:58:02,13:35,F 45-49/81,F-49,630,2:58:09,41.38%
1317,Sandy Kellenberger,"Rancho Palos Verdes, CA",560,2:58:19,13:37,F 45-49/82,F-49,631,2:59:59,41.32%
1318,Amanda Latham,"Long Beach, CA",616,2:58:35,13:38,F 35-39/105,F-38,632,2:59:14,37.68%
1319,Shaun Latham,"Long Beach, CA",617,2:58:36,13:38,M 35-39/108,M-39,687,2:59:13,34.27%
1320,Patricia Alcantar,"Rancho Santa Margarita, CA",19,2:59:36,13:42,F 40-44/100,F-40,633,3:00:50,37.87%
1321,Gerardo Figueroa,"National City, CA",318,2:59:42,13:43,M 35-39/109,M-35,688,3:01:10,33.21%
1322,Andrew Rico,"West Covina, CA",883,3:00:08,13:45,M 19-24/52,M-20,689,3:02:22,33.27%
1323,Susan Begay,"Brea, CA",87,3:00:12,13:45,F 50-54/61,F-50,634,3:01:39,41.38%
1324,Stephen Okiyama,"Upland, CA",1625,3:00:14,13:45,M 50-54/70,M-53,690,3:02:17,38.13%
1325,Deborah Gobins,"Phoenix, AZ",392,3:00:26,13:46,F 50-54/62,F-53,635,3:01:20,42.93%
1326,Hannah Serrano,"Corona, CA",965,3:00:28,13:46,F 13-18/22,F-17,636,3:01:06,37.60%
1327,Michelle Strazzeri,"Laguna Hills, CA",1628,3:00:41,13:47,F 25-29/82,F-27,637,3:05:19,36.44%
1328,Sharon Hamill,"Vista, CA",436,3:01:20,13:50,F 45-49/83,F-49,638,3:03:01,40.63%
1329,Janet Bica,"Cypress, CA",1622,3:01:20,13:50,F 45-49/84,F-46,639,3:03:01,39.33%
1330,Maria Roberta Serrano,"Corona, CA",966,3:01:49,13:53,F 40-44/101,F-41,640,3:02:28,37.65%
1331,Salemiz Sandvoal,"Los Angeles, CA",943,3:01:55,13:53,F 30-34/96,F-33,641,3:01:55,36.35%
1332,Jesus Mondragon,"Canyon Country, CA",733,3:02:59,13:58,M 25-29/65,M-26,691,3:04:25,32.36%
1333,James Hong,"Cerritos, CA",492,3:02:59,13:58,M 40-44/101,M-40,692,3:03:55,33.71%
1334,Tiffany Hong,"Cerritos, CA",493,3:02:59,13:58,F 40-44/102,F-41,642,3:03:55,37.41%
1335,Alison Rowley,"Orange, CA",916,3:03:04,13:58,F 25-29/83,F-28,643,3:05:02,35.96%
1336,Matt Glidden,"Mission Viejo, CA",390,3:03:19,13:59,M 13-18/39,M-13,693,3:04:23,36.64%
1337,Joe Aldana,"La Verne, CA",1487,3:03:20,14:00,M 50-54/71,M-51,694,3:05:24,36.84%
1338,David Glidden,"Mission Viejo, CA",389,3:03:22,14:00,M 45-49/78,M-49,695,3:04:25,36.21%
1339,Rosemary Aldana,", ",1486,3:03:23,14:00,F 50-54/63,F-50,644,3:05:24,40.67%
1340,Brad Duke,"Costa Mesa, CA",271,3:03:33,14:01,M 40-44/102,M-42,696,3:04:56,34.15%
1341,Katherine Howe,"Mission Viejo, CA",1348,3:03:36,14:01,F 35-39/106,F-38,645,3:04:28,36.65%
1342,Cindy Gleason,"Huntington Beach, CA",386,3:03:41,14:01,F 40-44/103,F-44,646,3:03:41,38.12%
1343,Hilary Marpert,"Upland, CA",669,3:03:47,14:02,F 13-18/23,F-18,647,3:04:10,36.38%
1344,Kristen Van Dyke,"Burbank, CA",1100,3:04:57,14:07,F 30-34/97,F-32,648,3:07:06,35.69%
1345,Hannah Thomson,"Glendale, CA",1047,3:04:58,14:07,F 25-29/84,F-29,649,3:07:06,35.60%
1346,Mindy Zink,"San Diego, CA",1184,3:05:40,14:10,F 40-44/104,F-41,650,3:06:26,36.87%
1347,Ken Takeda,"Aliso Viejo, CA",1294,3:07:54,14:20,M 60-64/21,M-62,697,3:09:02,39.70%
1348,Whitney Neibaur,"Coto De Caza, CA",764,3:07:58,14:21,F 19-24/53,F-23,651,3:10:03,35.03%
1349,Stephen Hill,"Coto De Caza, CA",483,3:07:58,14:21,M 19-24/53,M-23,698,3:10:03,31.51%
1350,Bob Kohler,"Irvine, CA",1491,3:08:30,14:23,M 80-84/1,M-80,699,3:10:47,50.58%
1351,Blake Murdock,"Aliso Viejo, CA",758,3:08:40,14:24,M 25-29/66,M-26,700,3:08:47,31.39%
1352,Dianna Kubasek,"Orange, CA",599,3:09:10,14:26,F 19-24/54,F-19,652,3:10:15,35.00%
1353,Christina Tinz,"Rancho Santa Margarita, CA",1051,3:09:15,14:27,F 40-44/105,F-41,653,3:10:10,36.17%
1354,Sarah Atkinson,"Seal Beach, CA",1189,3:09:16,14:27,F 50-54/64,F-54,654,3:10:43,41.45%
1355,Jennifer Shramo,"Mission Viejo, CA",1572,3:09:17,14:27,F 50-54/65,F-53,655,3:10:43,40.92%
1356,Miriam Young,"Valencia, CA",1175,3:09:20,14:27,F 25-29/85,F-26,656,3:10:01,34.77%
1357,Victor Ou,"Irvine, CA",1278,3:09:44,14:29,M 35-39/110,M-38,701,3:11:20,32.01%
1358,Cecilia Rico-Paja,"West Covina, CA",885,3:10:21,14:32,F 35-39/107,F-38,657,3:12:34,35.35%
1359,Annette Flores,"Covina, CA",327,3:10:21,14:32,F 35-39/108,F-38,658,3:12:34,35.35%
1360,Bonnie Nourse,"Laguna Hills, CA",785,3:10:55,14:34,F 25-29/86,F-28,659,3:15:41,34.49%
1361,Chelsea Jenkins,"Mesa, AZ",533,3:11:20,14:36,F 25-29/87,F-27,660,3:12:15,34.41%
1362,Amal Khalil,"Dana Point, CA",564,3:11:33,14:37,F 40-44/106,F-43,661,3:11:46,36.26%
1363,Susan Dennis,"Mission Viejo, CA",243,3:11:38,14:38,F 50-54/66,F-51,662,3:12:52,39.40%
1364,Nathan Ong,"Aliso Viejo, CA",1530,3:11:42,14:38,M 13-18/40,M-15,702,3:12:55,33.54%
1365,Elizabeth Ortega,"South Pasadena, CA",1277,3:14:36,14:51,F 30-34/98,F-32,663,3:16:42,33.92%
1366,Gary Horn,"Riverside, CA",1657,3:16:08,14:58,M 55-59/39,M-56,703,3:17:55,35.98%
1367,Eileen Jimenez,"West Covina, CA",536,3:18:31,15:09,F 40-44/107,F-42,664,3:21:39,34.73%
1368,Mireya Vela,"Los Angeles, CA",1109,3:18:52,15:11,F 35-39/109,F-38,665,3:20:58,33.84%
1369,Ann Fitzgerald,"San Diego, CA",325,3:19:16,15:12,F 50-54/67,F-53,666,3:20:30,38.87%
1370,Elizabeth Schoettger,"Laguna Niguel, CA",955,3:19:18,15:13,F 40-44/108,F-42,667,3:20:51,34.59%
1371,Jan Newton,"Thousand Oaks, CA",772,3:19:19,15:13,F 45-49/85,F-45,668,3:20:51,35.45%
1372,Kathryn Montiel-Verdugo,"Anaheim, CA",737,3:19:36,15:14,F 60-64/11,F-61,669,3:19:50,43.24%
1373,Jolene Taylor,"Glendale, CA",1034,3:20:44,15:19,F 40-44/109,F-44,670,3:22:29,34.88%
1374,Victoria Spencer,"Glendora, CA",1003,3:20:44,15:19,F 40-44/110,F-44,671,3:22:30,34.88%
1375,Lauren Gorden,"Chino, CA",410,3:21:18,15:22,F 30-34/99,F-33,672,3:22:34,32.85%
1376,Rosa Robles,"West Covina, CA",895,3:21:39,15:23,F 40-44/111,F-40,673,3:21:39,33.73%
1377,Alba Lewis,"West Covina, CA",632,3:21:39,15:23,F 45-49/86,F-45,674,3:21:39,35.04%
1378,Judith Besteman,"Chino, CA",102,3:21:44,15:24,F 60-64/12,F-60,675,3:23:26,42.18%
1379,Jennifer Pernaitis,"Anaheim, CA",833,3:21:58,15:25,F 30-34/100,F-31,676,3:22:30,32.63%
1380,Allyson Clark,"Long Beach, CA",1211,3:24:06,15:35,F 30-34/101,F-31,677,3:25:34,32.29%
1381,Daria Kelley,"Encino, CA",1676,3:24:28,15:36,F 60-64/13,F-62,678,3:27:10,42.82%
1382,Suzanne Murphy,"Irvine, CA",1267,3:25:03,15:39,F 30-34/102,F-32,679,3:26:31,32.19%
1383,Irma Hernandez,"Los Angeles, CA",1416,3:25:23,15:40,F 40-44/112,F-40,680,3:27:29,33.12%
1384,Rashelle Nye,"Rancho Santa Margarita, CA",1272,3:25:44,15:42,F 30-34/103,F-33,681,3:27:12,32.14%
1385,Mary Steiner,"Signal Hill, CA",1012,3:27:59,15:52,F 55-59/19,F-58,682,3:30:29,39.79%
1386,Ann Steiner,"Yucaipa, CA",1011,3:28:00,15:52,F 60-64/14,F-63,683,3:30:29,42.71%
1387,Daniel Oh,"Laguna Hills, CA",798,3:29:02,15:57,M 65-69/8,M-67,704,3:30:12,37.47%
1388,Shirley Martinez,"Huntington Beach, CA",677,3:29:10,15:58,F 45-49/87,F-48,684,3:30:32,34.82%
1389,Adrieanna Prickett,"Anaheim, CA",856,3:29:10,15:58,F 30-34/104,F-31,685,3:30:31,31.51%
1390,Pegi Sadler,"Mission Viejo, CA",930,3:30:46,16:05,F 60-64/15,F-64,686,3:32:28,42.78%
1391,Mike Sadler,"Mission Viejo, CA",929,3:30:56,16:06,M 35-39/111,M-36,705,3:32:39,28.42%
1392,Susanne Wilson,"Los Angeles, CA",1159,3:32:44,16:14,F 50-54/68,F-52,687,3:35:15,35.95%
1393,Karen Torres,"Mission Viejo, CA",1059,3:32:57,16:15,F 55-59/20,F-58,688,3:34:24,38.86%
1394,Nancy De Lazzaro,"Glendora, CA",232,3:33:01,16:15,F 30-34/105,F-34,689,3:33:38,31.11%
1395,Jackie Mantz,"Rancho Mirage, CA",667,3:33:04,16:16,F 35-39/110,F-39,690,3:35:18,31.75%
1396,Christy Cellier,"Chino Hills, CA",167,3:33:23,16:17,F 45-49/88,F-45,691,3:35:04,33.11%
1397,Reza Azadgan,"Laguna Niguel, CA",1191,3:34:29,16:22,M 70-74/4,M-71,706,3:35:38,38.07%
1398,Shahla Azadgan,"Laguna Niguel, CA",1192,3:34:31,16:22,F 60-64/16,F-64,692,3:35:39,42.03%
1399,Harry Wilson,"Los Angeles, CA",1156,3:34:39,16:23,M 55-59/40,M-59,707,3:37:11,33.79%
1400,Virginia Richie,"Laguna Woods, CA",882,3:34:56,16:24,F 75-79/1,F-76,693,3:36:53,51.11%
1401,Than Duong,"Lake Forest, CA",278,3:36:59,16:34,M 35-39/112,M-35,708,3:38:39,27.50%
1402,Bobo Bryant,"Ontario, CA",131,3:38:09,16:39,F 65-69/4,F-66,694,3:39:50,42.60%
1403,Sherry Farr,"Chino Hills, CA",306,3:38:09,16:39,F 55-59/21,F-55,695,3:39:50,36.44%
1404,Allison Finch,"Mission Viejo, CA",321,3:39:35,16:45,F 13-18/24,F-16,696,3:39:48,31.46%
1405,Taylor Thomas,"Mission Viejo, CA",1044,3:39:37,16:46,F 13-18/25,F-17,697,3:39:49,30.90%
1406,Holly King,"Pomona, CA",570,3:40:19,16:49,F 30-34/106,F-32,698,3:40:55,29.96%
1407,Christine Marie Vinluan,"Corona, CA",1115,3:40:19,16:49,F 35-39/111,F-35,699,3:40:55,30.17%
1408,Melvin Vinluan,"Corona, CA",1116,3:40:30,16:50,M 35-39/113,M-38,709,3:41:07,27.55%
1409,Mario Ayala,"La Puente, CA",52,3:41:44,16:55,M 70-74/5,M-72,710,3:43:18,37.27%
1410,Dana Kosian,"Tustin, CA",594,3:41:48,16:56,F 30-34/107,F-32,700,3:42:30,29.76%
1411,Gordon Travis,"Marina Del Rey, CA",1062,3:44:21,17:07,M 75-79/5,M-75,711,3:45:46,38.48%
1412,Tieu Nguyen,"Redlands, CA",1579,3:46:13,17:16,F 35-39/112,F-35,701,3:47:55,29.38%
1413,Craig Willems,"Laguna Niguel, CA",1578,3:46:17,17:16,M 35-39/114,M-38,712,3:47:59,26.84%
1414,Barbara Sims,"Long Beach, CA",982,3:48:16,17:25,F 50-54/69,F-51,702,3:50:33,33.08%
1415,Cathy Baham,"Chino Hills, CA",59,4:01:19,18:25,F 55-59/22,F-55,703,4:02:00,32.94%
1416,Vrinkley Pruna,"Fullerton, CA",1629,4:02:45,18:31,F 13-18/26,F-18,704,4:07:22,27.54%
1417,Mary Barry,"Tustin, CA",71,4:03:28,18:35,F 60-64/17,F-62,705,4:05:08,35.96%
1418,Beth Wilson,"Laguna Hills, CA",1154,4:03:28,18:35,F 55-59/23,F-59,706,4:05:08,34.46%
1419,Tineke Martina Livingston,"Anaheim, CA",639,4:10:48,19:08,F 55-59/24,F-55,707,4:12:14,31.69%
1420,Sue Berkman,"Claremont, CA",95,4:10:49,19:08,F 60-64/18,F-60,708,4:12:14,33.92%
