Bib,Name,Gender,Age,Hometown,Overall,Men,M 30-34,Age/Grade,Finish,Chip Time,Gun Time,5.33 Mile,21.5 Mile,23.5 Mile
30,Shane Logan,M,30,"Pontiac, MI",1 out of 339,1 out of 236,1 out of 14, 79.19% Place: 2,2:37:48 Pace: 6:02,2:37:46,2:37:48,32:02 Pace: 6:01,2:07:54 Pace: 5:57,2:19:31 Pace: 5:57
402,Blue Benadum,M,28,"Malibu, CA",2 out of 339,2 out of 236,1 out of 10, 73.94% Place: 8,2:49:01 Pace: 6:27,2:48:57,2:49:01,34:43 Pace: 6:31,2:15:25 Pace: 6:18,2:28:12 Pace: 6:19
338,Raul Merino,M,31,"Santa Maria, CA",3 out of 339,3 out of 236,2 out of 14, 72.72% Place: 10,2:51:52 Pace: 6:34,2:51:48,2:51:52,35:52 Pace: 6:44,2:20:13 Pace: 6:32,2:32:31 Pace: 6:30
3,Chuck Teixeira,M,49,"Canyon Country, CA",4 out of 339,4 out of 236,1 out of 44, 80.13% Place: 1,2:52:30 Pace: 6:35,2:52:30,2:52:33,35:00 Pace: 6:34,2:19:30 Pace: 6:30,2:32:05 Pace: 6:29
36,Ricardo Ramirez,M,37,"Sun Valley, CA",5 out of 339,5 out of 236,1 out of 41, 71.04% Place: 13,2:56:34 Pace: 6:45,2:56:34,2:56:36,34:33 Pace: 6:29,2:20:54 Pace: 6:34,2:34:34 Pace: 6:35
262,Greg Garman,M,48,"Valencia, CA",6 out of 339,6 out of 236,2 out of 44, 76.52% Place: 5,2:59:03 Pace: 6:50,2:59:03,2:59:07,35:16 Pace: 6:37,2:23:52 Pace: 6:42,2:37:20 Pace: 6:42
85,Dino Cusumano,M,34,"New York, NY",7 out of 339,7 out of 236,3 out of 14, 69.15% Place: 20,3:00:39 Pace: 6:54,3:00:39,3:01:02,38:53 Pace: 7:18,2:26:45 Pace: 6:50,2:39:46 Pace: 6:48
145,Brandon Adame,M,30,"Hacienda Heights, CA",8 out of 339,8 out of 236,4 out of 14, 67.68% Place: 31,3:04:35 Pace: 7:03,3:04:35,3:04:42,36:31 Pace: 6:51,2:28:58 Pace: 6:56,2:42:35 Pace: 6:56
209,Glenn Racz,M,28,"Valencia, CA",9 out of 339,9 out of 236,2 out of 10, 66.99% Place: 35,3:06:29 Pace: 7:07,3:06:29,3:06:33,34:32 Pace: 6:29,2:32:10 Pace: 7:05,2:45:10 Pace: 7:02
281,Bear Wallman,M,56,"Santa Rosa Valley, CA",10 out of 339,10 out of 236,1 out of 23, 78.81% Place: 3,3:07:01 Pace: 7:08,3:07:01,3:07:01,            Pace:            ,            Pace:            ,            Pace:            
359,Dane Rauschenberg,M,32,"Salt Lake City, UT",11 out of 339,11 out of 236,5 out of 14, 66.50% Place: 40,3:07:51 Pace: 7:10,3:07:51,3:07:54,36:13 Pace: 6:48,2:30:32 Pace: 7:01,2:44:54 Pace: 7:01
199,Mary Jones,F,38,"Ventura, CA",12 out of 339,1 out of 103,1 out of 17, 74.38% Place: 7,3:08:11 Pace: 7:11,3:08:04,3:08:11,39:05 Pace: 7:20,2:31:34 Pace: 7:03,2:45:23 Pace: 7:03
4,Cesar Rojas,M,34,"Sylmar, CA",13 out of 339,12 out of 236,6 out of 14, 65.98% Place: 46,3:09:20 Pace: 7:14,3:09:20,3:09:24,35:17 Pace: 6:38,2:28:04 Pace: 6:54,2:43:18 Pace: 6:57
133,Chulseung Lee,M,46,"Glendale, CA",14 out of 339,13 out of 236,3 out of 44, 71.10% Place: 11,3:09:23 Pace: 7:14,3:09:23,3:09:29,35:29 Pace: 6:40,2:28:26 Pace: 6:55,2:44:20 Pace: 7:00
365,Alex Suchey,M,40,"Rancho Cucamonga, CA",15 out of 339,14 out of 236,1 out of 36, 67.47% Place: 33,3:09:43 Pace: 7:15,3:09:43,3:09:49,36:30 Pace: 6:51,2:30:21 Pace: 7:00,2:45:20 Pace: 7:03
243,Ralph Obrist,M,42,"Los Angeles, CA",16 out of 339,15 out of 236,2 out of 36, 68.22% Place: 25,3:10:46 Pace: 7:17,3:10:46,3:11:26,35:50 Pace: 6:44,2:30:19 Pace: 7:00,2:45:05 Pace: 7:02
400,Adrian De Leon,M,35,"Canoga Park, CA",17 out of 339,16 out of 236,2 out of 41, 64.87% Place: 57,3:12:35 Pace: 7:21,3:12:35,3:12:45,35:45 Pace: 6:43,2:31:34 Pace: 7:03,2:47:36 Pace: 7:08
184,Laura Conley,F,26,"Malibu, CA",18 out of 339,2 out of 103,1 out of 13, 70.33% Place: 17,3:12:46 Pace: 7:22,3:12:34,3:12:46,40:05 Pace: 7:32,2:37:59 Pace: 7:21,2:51:23 Pace: 7:18
129,Naoki Kato,M,36,"Torrance, CA",19 out of 339,17 out of 236,3 out of 41, 64.60% Place: 60,3:13:36 Pace: 7:24,3:13:36,3:14:02,40:44 Pace: 7:39,2:39:16 Pace: 7:25,2:52:30 Pace: 7:21
165,Rytis Zajanckauskas,M,38,"Vilnius, ",20 out of 339,18 out of 236,4 out of 41, 64.94% Place: 55,3:14:08 Pace: 7:25,3:14:08,3:14:12,35:53 Pace: 6:44,2:32:49 Pace: 7:07,2:48:32 Pace: 7:11
287,Rob Hennick,M,45,"Moorpark, CA",21 out of 339,19 out of 236,4 out of 44, 68.73% Place: 22,3:14:13 Pace: 7:25,3:14:13,3:14:15,37:11 Pace: 6:59,2:34:59 Pace: 7:13,2:50:20 Pace: 7:15
344,Kevin McSweeney,M,41,"Newhall, CA",22 out of 339,20 out of 236,3 out of 36, 66.30% Place: 44,3:14:41 Pace: 7:26,3:14:41,3:15:17,40:18 Pace: 7:34,2:41:44 Pace: 7:32,2:54:08 Pace: 7:25
20,Joey Whiting,M,20,"Palmdale, CA",23 out of 339,21 out of 236,1 out of 7, 64.98% Place: 54,3:14:41 Pace: 7:26,3:14:41,3:14:46,35:20 Pace: 6:38,2:28:32 Pace: 6:55,2:44:35 Pace: 7:01
180,Keundong Chung,M,48,"Montrose, CA",24 out of 339,22 out of 236,5 out of 44, 69.92% Place: 18,3:15:58 Pace: 7:29,3:15:58,3:16:06,40:39 Pace: 7:38,2:37:53 Pace: 7:21,2:52:10 Pace: 7:20
345,Dennis Olsen,M,46,"Valencia, CA",25 out of 339,23 out of 236,6 out of 44, 68.63% Place: 23,3:16:12 Pace: 7:29,3:16:12,3:16:49,41:45 Pace: 7:50,2:42:58 Pace: 7:35,2:55:38 Pace: 7:29
315,Morgan Boren,M,42,"Newbury Park, CA",26 out of 339,24 out of 236,4 out of 36, 66.06% Place: 45,3:17:00 Pace: 7:31,3:17:00,3:17:05,37:11 Pace: 6:59,2:38:15 Pace: 7:22,2:53:31 Pace: 7:23
237,Jim Gould,M,39,"Valencia, CA",27 out of 339,25 out of 236,5 out of 41, 64.34% Place: 63,3:17:19 Pace: 7:32,3:17:19,3:17:33,38:09 Pace: 7:10,2:37:15 Pace: 7:19,2:52:21 Pace: 7:21
11,Steven Watanabe,M,55,"Santa Clarita, CA",28 out of 339,26 out of 236,2 out of 23, 73.81% Place: 9,3:17:50 Pace: 7:33,3:17:50,3:18:27,41:46 Pace: 7:51,2:43:28 Pace: 7:37,2:56:41 Pace: 7:32
93,Julia Metcalfe,F,21,"Los Angeles, CA",29 out of 339,3 out of 103,1 out of 5, 67.91% Place: 28,3:19:39 Pace: 7:37,3:19:26,3:19:39,38:52 Pace: 7:18,2:40:04 Pace: 7:27,2:55:02 Pace: 7:27
220,Lisa Yokoyama,F,39,"Huntington Beach, CA",30 out of 339,4 out of 103,2 out of 17, 70.38% Place: 16,3:20:15 Pace: 7:39,3:20:15,3:20:23,39:05 Pace: 7:20,2:40:54 Pace: 7:29,2:55:58 Pace: 7:30
317,Woody Woodburn,M,48,"Ventura, CA",31 out of 339,27 out of 236,7 out of 44, 68.20% Place: 26,3:20:53 Pace: 7:40,3:20:53,3:28:22,39:48 Pace: 7:28,2:41:04 Pace: 7:30,2:56:09 Pace: 7:30
390,Jeff Gillin,M,37,"Ottawa, ON",32 out of 339,28 out of 236,6 out of 41, 62.29% Place: 77,3:21:22 Pace: 7:41,3:21:22,3:21:41,42:36 Pace: 8:00,2:44:50 Pace: 7:40,2:59:01 Pace: 7:38
297,Ted Salazar,M,51,"Fontana, CA",33 out of 339,29 out of 236,1 out of 37, 69.66% Place: 19,3:22:01 Pace: 7:43,3:22:01,3:22:09,37:37 Pace: 7:04,2:39:30 Pace: 7:26,2:55:22 Pace: 7:28
351,Lon Richardson,M,45,"Santa Clarita, CA",34 out of 339,30 out of 236,8 out of 44, 65.90% Place: 50,3:22:34 Pace: 7:44,3:22:34,3:23:08,41:50 Pace: 7:51,2:43:57 Pace: 7:38,            Pace:            
378,Ismael Ortiz,M,40,"Los Angeles, CA",35 out of 339,31 out of 236,5 out of 36, 62.96% Place: 73,3:23:19 Pace: 7:46,3:23:19,3:23:21,41:03 Pace: 7:42,2:45:07 Pace: 7:41,2:59:46 Pace: 7:39
37,Tracy Dimino,F,37,"Ramona, CA",36 out of 339,5 out of 103,3 out of 17, 67.74% Place: 30,3:25:04 Pace: 7:50,3:25:04,3:25:10,39:15 Pace: 7:22,2:41:39 Pace: 7:32,2:58:19 Pace: 7:36
218,Chris Di Stefano,F,47,"Saugus, CA",37 out of 339,6 out of 103,1 out of 19, 74.94% Place: 6,3:25:27 Pace: 7:51,3:25:27,3:26:44,43:12 Pace: 8:07,2:46:17 Pace: 7:45,3:01:14 Pace: 7:43
304,Toan Nguyen,M,45,"Calabasas, CA",38 out of 339,32 out of 236,9 out of 44, 64.68% Place: 59,3:26:24 Pace: 7:53,3:26:24,3:26:29,41:38 Pace: 7:49,2:46:47 Pace: 7:46,3:01:51 Pace: 7:45
50,Allen Smith,M,50,"Sun Valley, CA",39 out of 339,33 out of 236,2 out of 37, 67.16% Place: 34,3:27:40 Pace: 7:56,3:27:40,3:27:53,40:44 Pace: 7:39,2:47:33 Pace: 7:48,3:03:05 Pace: 7:48
327,Nigel Toates,M,48,"Stevenson Ranch, CA",40 out of 339,34 out of 236,10 out of 44, 65.97% Place: 47,3:27:41 Pace: 7:56,3:27:41,3:28:58,43:27 Pace: 8:09,2:47:39 Pace: 7:48,3:02:41 Pace: 7:47
195,David Keck,M,48,"Rancho Cucamonga, CA",41 out of 339,35 out of 236,11 out of 44, 65.94% Place: 49,3:27:47 Pace: 7:56,3:27:47,3:27:55,40:49 Pace: 7:40,2:46:44 Pace: 7:46,3:02:38 Pace: 7:47
46,Miguel Rodriguez,M,46,"La Puente, CA",42 out of 339,36 out of 236,12 out of 44, 64.76% Place: 58,3:27:54 Pace: 7:56,3:27:54,3:27:55,37:14 Pace: 7:00,2:42:40 Pace: 7:34,2:58:55 Pace: 7:37
8,Mike Stephens,M,50,"Simi Valley, CA",43 out of 339,37 out of 236,3 out of 37, 66.97% Place: 36,3:28:16 Pace: 7:57,3:28:16,3:28:30,39:19 Pace: 7:23,2:48:09 Pace: 7:50,3:03:59 Pace: 7:50
266,Richard Hillestad,M,66,"Topanga, CA",44 out of 339,38 out of 236,1 out of 6, 78.11% Place: 4,3:28:25 Pace: 7:57,3:28:25,3:28:32,39:54 Pace: 7:30,2:45:52 Pace: 7:43,3:02:04 Pace: 7:45
319,Eirik Haenschke,M,46,"North Hills, CA",45 out of 339,39 out of 236,13 out of 44, 64.58% Place: 61,3:28:30 Pace: 7:58,3:28:30,3:28:42,40:23 Pace: 7:35,2:47:30 Pace: 7:48,3:03:06 Pace: 7:48
253,Rachel Boyd,F,28,"Westminster, CA",46 out of 339,7 out of 103,2 out of 13, 64.92% Place: 56,3:28:36 Pace: 7:58,3:28:36,3:28:45,42:13 Pace: 7:56,2:48:29 Pace: 7:51,3:03:58 Pace: 7:50
247,Scott Blietz,M,37,"Santa Clarita, CA",47 out of 339,40 out of 236,7 out of 41, 59.91% Place: 92,3:29:21 Pace: 8:00,3:29:21,3:29:44,43:01 Pace: 8:05,2:48:43 Pace: 7:51,3:03:51 Pace: 7:50
223,Tim Crowley,M,50,"Morro Bay, CA",48 out of 339,41 out of 236,4 out of 37, 66.44% Place: 41,3:29:56 Pace: 8:01,3:29:56,3:30:21,43:12 Pace: 8:07,2:50:49 Pace: 7:57,3:06:04 Pace: 7:56
320,Mary Nelson,F,38,"San Diego, CA",49 out of 339,8 out of 103,4 out of 17, 66.38% Place: 42,3:30:43 Pace: 8:03,3:30:43,3:30:49,41:02 Pace: 7:42,2:48:48 Pace: 7:52,3:04:54 Pace: 7:53
329,Derek Frank,M,35,"Burbank, CA",50 out of 339,42 out of 236,8 out of 41, 59.23% Place: 100,3:30:55 Pace: 8:03,3:30:55,3:31:00,39:31 Pace: 7:25,2:48:32 Pace: 7:51,3:04:28 Pace: 7:51
116,Yi Feng,M,51,"Claremont, CA",51 out of 339,43 out of 236,5 out of 37, 66.56% Place: 39,3:31:26 Pace: 8:04,3:31:26,3:31:54,42:51 Pace: 8:03,2:48:47 Pace: 7:51,3:05:28 Pace: 7:54
239,Carrie Blakemore,F,45,"Carpinteria, CA",52 out of 339,9 out of 103,2 out of 19, 70.89% Place: 14,3:31:56 Pace: 8:05,3:31:56,3:32:04,39:31 Pace: 7:25,2:49:47 Pace: 7:54,3:05:59 Pace: 7:55
157,Charles Poole,M,38,"Palmdale, CA",53 out of 339,44 out of 236,9 out of 41, 59.43% Place: 97,3:32:06 Pace: 8:06,3:32:06,3:32:32,39:46 Pace: 7:28,2:49:47 Pace: 7:54,3:06:14 Pace: 7:56
343,Trevor Kimball,M,42,"Valencia, CA",54 out of 339,45 out of 236,6 out of 36, 61.27% Place: 82,3:32:24 Pace: 8:07,3:32:24,3:33:06,42:25 Pace: 7:58,2:50:12 Pace: 7:55,3:06:12 Pace: 7:56
301,Whitney Lund,F,22,"Basalt, CO",55 out of 339,10 out of 103,2 out of 5, 63.46% Place: 68,3:33:24 Pace: 8:09,3:33:24,3:33:35,42:22 Pace: 7:57,2:48:21 Pace: 7:50,3:04:37 Pace: 7:52
300,Ron Lund,M,51,"Basalt, CO",56 out of 339,46 out of 236,6 out of 37, 65.94% Place: 48,3:33:25 Pace: 8:09,3:33:25,3:33:35,42:23 Pace: 7:57,2:48:21 Pace: 7:50,3:04:36 Pace: 7:52
388,Patrick Tighe,M,42,"Santa Barbara, CA",57 out of 339,47 out of 236,7 out of 36, 60.67% Place: 88,3:34:30 Pace: 8:11,3:34:30,3:34:38,40:16 Pace: 7:34,2:50:29 Pace: 7:56,3:06:49 Pace: 7:57
366,Jeff Urbina,M,36,"Valencia, CA",58 out of 339,48 out of 236,10 out of 41, 58.29% Place: 109,3:34:33 Pace: 8:11,3:34:33,3:34:40,45:10 Pace: 8:29,2:56:38 Pace: 8:13,3:11:18 Pace: 8:09
173,Arturo Valdez,M,45,"Panorama City, CA",59 out of 339,49 out of 236,14 out of 44, 61.81% Place: 80,3:35:59 Pace: 8:15,3:35:59,3:36:03,40:32 Pace: 7:37,2:48:27 Pace: 7:51,3:06:25 Pace: 7:56
331,Manuel Calzada,M,41,"Sun Valley, CA",60 out of 339,50 out of 236,8 out of 36, 59.76% Place: 93,3:36:00 Pace: 8:15,3:36:00,3:36:11,42:56 Pace: 8:04,2:53:48 Pace: 8:06,3:10:01 Pace: 8:06
362,Lara McGillicuddy,F,35,"Santa Clarita, CA",61 out of 339,11 out of 103,5 out of 17, 63.23% Place: 71,3:37:14 Pace: 8:18,3:37:14,3:37:14,1:15:07 Pace: 14:06,2:51:10 Pace: 7:58,3:08:40 Pace: 8:02
189,Jack Cheng,M,37,"Temple City, CA",62 out of 339,51 out of 236,11 out of 41, 57.62% Place: 115,3:37:40 Pace: 8:19,3:37:40,3:37:55,44:35 Pace: 8:22,2:56:54 Pace: 8:14,3:13:14 Pace: 8:14
358,Bill Kissell,M,55,"Covina, CA",63 out of 339,52 out of 236,3 out of 23, 66.80% Place: 38,3:38:35 Pace: 8:21,3:38:35,3:38:59,43:59 Pace: 8:16,2:58:41 Pace: 8:19,3:14:20 Pace: 8:17
135,Cesar Carbajal,M,37,"North Hills, CA",64 out of 339,53 out of 236,12 out of 41, 57.10% Place: 121,3:39:39 Pace: 8:23,3:39:39,3:39:43,41:07 Pace: 7:43,2:51:34 Pace: 7:59,3:11:59 Pace: 8:11
227,Jesus Garcia,M,62,"Azusa, CA",65 out of 339,54 out of 236,1 out of 16, 71.07% Place: 12,3:39:53 Pace: 8:24,3:39:53,3:45:40,43:42 Pace: 8:12,2:57:07 Pace: 8:15,3:13:30 Pace: 8:15
171,Wilson Liu,M,50,"Arcadia, CA",66 out of 339,55 out of 236,7 out of 37, 63.40% Place: 69,3:39:59 Pace: 8:24,3:39:59,3:40:15,44:36 Pace: 8:22,2:56:34 Pace: 8:13,3:13:14 Pace: 8:14
215,Andrew Minin,M,46,"Los Angeles, CA",67 out of 339,56 out of 236,15 out of 44, 61.19% Place: 83,3:40:03 Pace: 8:24,3:40:03,3:40:12,37:50 Pace: 7:06,2:44:03 Pace: 7:38,3:05:03 Pace: 7:53
194,Stuart Banner,M,44,"Santa Monica, CA",68 out of 339,57 out of 236,9 out of 36, 60.14% Place: 89,3:40:04 Pace: 8:24,3:40:04,3:40:26,43:15 Pace: 8:07,2:55:12 Pace: 8:09,3:11:14 Pace: 8:09
56,Ricardo Lopez,M,56,"Queretaro, ",69 out of 339,58 out of 236,4 out of 23, 66.94% Place: 37,3:40:12 Pace: 8:24,3:40:12,3:40:41,44:50 Pace: 8:25,2:59:58 Pace: 8:23,3:15:37 Pace: 8:20
96,Donald Sevesind,M,34,"Covina, CA",70 out of 339,59 out of 236,7 out of 14, 56.64% Place: 128,3:40:33 Pace: 8:25,3:40:33,3:40:45,42:55 Pace: 8:04,2:56:38 Pace: 8:13,3:13:54 Pace: 8:16
318,Brian Harville,M,39,"Goodrich, MI",71 out of 339,60 out of 236,13 out of 41, 57.03% Place: 123,3:42:36 Pace: 8:30,3:42:36,3:42:38,41:08 Pace: 7:44,2:55:35 Pace: 8:10,3:13:50 Pace: 8:15
340,James Moore,M,40,"Oceanside, CA",72 out of 339,61 out of 236,10 out of 36, 57.49% Place: 117,3:42:39 Pace: 8:30,3:42:39,3:42:45,44:16 Pace: 8:19,2:57:16 Pace: 8:15,3:14:35 Pace: 8:17
298,Robin Krueger,F,40,"Pueblo West, CO",73 out of 339,12 out of 103,1 out of 13, 63.65% Place: 67,3:43:20 Pace: 8:32,3:43:20,3:43:29,44:33 Pace: 8:22,2:59:42 Pace: 8:22,3:16:13 Pace: 8:21
42,Raul Guzman,M,42,"Glendora, CA",74 out of 339,62 out of 236,11 out of 36, 57.89% Place: 111,3:44:48 Pace: 8:35,3:44:48,3:45:08,44:32 Pace: 8:22,3:01:14 Pace: 8:26,3:17:40 Pace: 8:25
291,Colleen Canan,F,38,"Valencia, CA",75 out of 339,13 out of 103,6 out of 17, 61.98% Place: 78,3:45:40 Pace: 8:37,3:45:40,3:46:06,43:48 Pace: 8:13,3:00:54 Pace: 8:25,3:18:12 Pace: 8:27
397,Delfino Rodriguez,M,61,"Los Angeles, CA",76 out of 339,63 out of 236,2 out of 16, 68.55% Place: 24,3:45:42 Pace: 8:37,3:45:42,3:45:45,43:11 Pace: 8:07,3:01:15 Pace: 8:26,3:18:12 Pace: 8:27
69,Keitha Roth,F,35,"Valencia, CA",77 out of 339,14 out of 103,7 out of 17, 60.85% Place: 85,3:45:45 Pace: 8:37,3:45:45,3:46:10,43:01 Pace: 8:05,2:59:04 Pace: 8:20,3:15:57 Pace: 8:21
328,Brad Bleiweis,M,52,"Newport Beach, CA",78 out of 339,64 out of 236,8 out of 37, 62.88% Place: 74,3:45:50 Pace: 8:37,3:45:50,3:46:19,47:36 Pace: 8:56,3:03:02 Pace: 8:31,3:19:16 Pace: 8:29
360,Julie Jaross,F,45,"La Canada Flintridge, CA",79 out of 339,15 out of 103,3 out of 19, 66.30% Place: 43,3:46:36 Pace: 8:39,3:46:36,3:47:14,43:31 Pace: 8:10,2:59:30 Pace: 8:21,3:16:41 Pace: 8:23
391,Alan Singleton,M,43,"Lake Balboa, CA",80 out of 339,65 out of 236,12 out of 36, 57.82% Place: 112,3:47:00 Pace: 8:40,3:47:00,3:47:30,42:24 Pace: 7:58,3:00:01 Pace: 8:23,3:17:51 Pace: 8:26
143,Roger Guerrero,M,46,"Phoenix, AZ",81 out of 339,66 out of 236,16 out of 44, 59.09% Place: 101,3:47:51 Pace: 8:42,3:47:51,3:48:02,41:22 Pace: 7:46,3:00:00 Pace: 8:23,3:18:46 Pace: 8:28
274,Caleb Nelson,M,38,"Los Angeles, CA",82 out of 339,67 out of 236,14 out of 41, 55.28% Place: 138,3:48:01 Pace: 8:42,3:48:01,3:48:49,46:12 Pace: 8:40,3:03:05 Pace: 8:31,3:20:33 Pace: 8:33
372,Alfredo Reina,M,50,"Long Beach, CA",83 out of 339,68 out of 236,9 out of 37, 61.10% Place: 84,3:48:16 Pace: 8:43,3:48:16,3:48:18,44:06 Pace: 8:17,3:02:46 Pace: 8:31,3:20:34 Pace: 8:33
213,Eric Ostendorff,M,47,"Torrance, CA",84 out of 339,69 out of 236,17 out of 44, 59.47% Place: 96,3:48:23 Pace: 8:43,3:48:23,3:48:33,45:48 Pace: 8:36,3:04:52 Pace: 8:36,3:21:33 Pace: 8:35
132,Aaron Wagner,M,26,"Palmdale, CA",85 out of 339,70 out of 236,3 out of 10, 54.47% Place: 144,3:49:20 Pace: 8:45,3:49:20,3:49:36,44:36 Pace: 8:22,2:58:47 Pace: 8:19,3:17:18 Pace: 8:24
191,Vickie Adams,F,48,"Pinon Hills, CA",86 out of 339,16 out of 103,4 out of 19, 67.80% Place: 29,3:49:55 Pace: 8:47,3:49:55,3:50:07,44:07 Pace: 8:17,3:06:03 Pace: 8:40,3:23:02 Pace: 8:39
34,Mara Stegemann,F,34,"Valencia, CA",87 out of 339,17 out of 103,1 out of 12, 59.35% Place: 98,3:50:25 Pace: 8:48,3:50:25,3:51:37,42:23 Pace: 7:58,3:03:41 Pace: 8:33,3:22:30 Pace: 8:38
197,Joe Ogata,M,59,"Pacoima, CA",88 out of 339,71 out of 236,5 out of 23, 65.76% Place: 51,3:50:40 Pace: 8:48,3:50:40,3:50:42,44:10 Pace: 8:18,3:02:44 Pace: 8:30,3:20:47 Pace: 8:33
296,Chris Older,M,40,"Canyon Country, CA",89 out of 339,72 out of 236,13 out of 36, 55.36% Place: 136,3:51:14 Pace: 8:50,3:51:14,3:51:42,44:11 Pace: 8:18,3:02:29 Pace: 8:30,3:20:45 Pace: 8:33
302,Neil Quach,M,36,"Woodland Hills, CA",90 out of 339,73 out of 236,15 out of 41, 54.08% Place: 152,3:51:15 Pace: 8:50,3:51:15,3:51:42,44:12 Pace: 8:18,3:02:30 Pace: 8:30,3:20:46 Pace: 8:33
113,Silverio Rivas,M,51,"Alta Loma, CA",91 out of 339,74 out of 236,10 out of 37, 60.81% Place: 86,3:51:26 Pace: 8:50,3:51:26,3:51:46,49:15 Pace: 9:15,3:10:44 Pace: 8:53,3:26:14 Pace: 8:47
63,Dr Beli Thakur,M,45,"Stevenson Ranch, CA",92 out of 339,75 out of 236,18 out of 44, 56.86% Place: 124,3:54:46 Pace: 8:58,3:54:46,3:55:22,53:00 Pace: 9:57,3:09:52 Pace: 8:50,3:26:25 Pace: 8:47
190,Dan Adams,M,60,"Pinon Hills, CA",93 out of 339,76 out of 236,3 out of 16, 65.20% Place: 52,3:54:57 Pace: 8:58,3:54:57,3:55:09,45:51 Pace: 8:37,3:07:07 Pace: 8:43,3:25:22 Pace: 8:45
324,David Lee,M,30,"Manhattan Beach, CA",94 out of 339,77 out of 236,8 out of 14, 53.15% Place: 166,3:55:03 Pace: 8:58,3:55:03,3:55:25,46:06 Pace: 8:39,3:06:41 Pace: 8:41,3:25:53 Pace: 8:46
181,Matthew Benice,M,45,"Rancho Santa Margarita, CA",95 out of 339,78 out of 236,19 out of 44, 56.76% Place: 125,3:55:12 Pace: 8:59,3:55:12,3:55:48,43:46 Pace: 8:13,3:03:20 Pace: 8:32,3:22:40 Pace: 8:38
168,Christopher Johnson,M,38,"Canyon Country, CA",96 out of 339,79 out of 236,16 out of 41, 53.54% Place: 161,3:55:28 Pace: 8:59,3:55:28,3:55:56,44:12 Pace: 8:18,3:05:33 Pace: 8:38,3:24:05 Pace: 8:42
45,Kristy Howell,F,45,"Palmdale, CA",97 out of 339,18 out of 103,5 out of 19, 63.77% Place: 66,3:55:36 Pace: 9:00,3:55:36,3:56:21,44:29 Pace: 8:21,3:08:41 Pace: 8:47,3:26:47 Pace: 8:48
196,Dan Boyle,M,54,"Canyon Country, CA",98 out of 339,80 out of 236,11 out of 37, 61.28% Place: 81,3:56:02 Pace: 9:01,3:56:02,3:56:53,46:16 Pace: 8:41,3:09:26 Pace: 8:49,3:27:48 Pace: 8:51
261,Hiromi Fujita,F,32,"Los Angeles, CA",99 out of 339,19 out of 103,2 out of 12, 57.56% Place: 116,3:56:07 Pace: 9:01,3:56:07,3:56:55,45:01 Pace: 8:27,3:05:32 Pace: 8:38,3:23:53 Pace: 8:41
31,Pamela Bercovici,F,47,"Santa Clarita, CA",100 out of 339,20 out of 103,6 out of 19, 65.20% Place: 53,3:56:09 Pace: 9:01,3:56:09,3:57:27,44:44 Pace: 8:24,3:07:42 Pace: 8:44,3:26:05 Pace: 8:47
118,Dean Rossi,M,45,"Ottawa, KS",101 out of 339,81 out of 236,20 out of 44, 56.52% Place: 129,3:56:11 Pace: 9:01,3:56:11,3:57:04,46:41 Pace: 8:46,3:07:30 Pace: 8:44,3:25:35 Pace: 8:45
259,Jeffrey Farrier,M,38,"San Diego, CA",102 out of 339,82 out of 236,17 out of 41, 53.34% Place: 163,3:56:20 Pace: 9:01,3:56:20,3:56:39,46:14 Pace: 8:41,3:08:55 Pace: 8:48,3:26:58 Pace: 8:49
39,Kerry Vines,F,39,"Castaic, CA",103 out of 339,21 out of 103,8 out of 17, 59.52% Place: 95,3:56:49 Pace: 9:02,3:56:49,3:57:07,46:13 Pace: 8:41,3:08:31 Pace: 8:47,3:26:15 Pace: 8:47
354,Agustin Barroso,M,36,"Thousand Oaks, CA",104 out of 339,83 out of 236,18 out of 41, 52.63% Place: 172,3:57:38 Pace: 9:04,3:57:38,3:58:46,50:15 Pace: 9:26,3:09:58 Pace: 8:51,3:28:45 Pace: 8:53
263,Lorraine Gersitz,F,54,"Fullerton, CA",105 out of 339,22 out of 103,1 out of 15, 70.69% Place: 15,3:58:29 Pace: 9:06,3:58:29,3:58:40,47:24 Pace: 8:54,3:13:14 Pace: 9:00,3:30:43 Pace: 8:58
186,Jeff Dierksen,M,53,"Yucca Valley, CA",106 out of 339,84 out of 236,12 out of 37, 60.04% Place: 91,3:58:41 Pace: 9:07,3:58:41,3:59:16,46:03 Pace: 8:39,3:10:29 Pace: 8:52,3:28:29 Pace: 8:53
368,Marcos Nami,M,37,"Pacoima, CA",107 out of 339,85 out of 236,19 out of 41, 52.36% Place: 176,3:59:33 Pace: 9:09,3:59:33,3:59:38,48:39 Pace: 9:08,3:10:26 Pace: 8:52,3:31:26 Pace: 9:00
81,Vladimir Pajcin,M,38,"Valencia, CA",108 out of 339,86 out of 236,20 out of 41, 52.60% Place: 173,3:59:39 Pace: 9:09,3:59:39,4:00:36,49:31 Pace: 9:18,3:13:14 Pace: 9:00,3:30:49 Pace: 8:59
101,Robert Hammons,M,45,"Valencia, CA",109 out of 339,87 out of 236,21 out of 44, 55.68% Place: 133,3:59:44 Pace: 9:09,3:59:44,4:00:18,43:44 Pace: 8:13,3:06:54 Pace: 8:42,3:27:35 Pace: 8:50
77,Nicholas Arias Iii,M,46,"Moorpark, CA",110 out of 339,88 out of 236,22 out of 44, 56.13% Place: 130,3:59:53 Pace: 9:09,3:59:53,4:00:17,51:19 Pace: 9:38,            Pace:            ,3:30:18 Pace: 8:57
176,Jin Taik Chung,M,61,"Los Angeles, CA",111 out of 339,89 out of 236,4 out of 16, 64.40% Place: 62,4:00:14 Pace: 9:10,4:00:14,4:02:09,49:03 Pace: 9:12,3:12:42 Pace: 8:58,3:30:32 Pace: 8:58
241,Ronald Kim,M,39,"Valencia, CA",112 out of 339,90 out of 236,21 out of 41, 52.58% Place: 174,4:01:27 Pace: 9:13,4:01:27,4:02:13,47:48 Pace: 8:59,3:13:46 Pace: 9:01,3:32:25 Pace: 9:03
200,Karl Fest,M,42,"Northridge, CA",113 out of 339,91 out of 236,14 out of 36, 53.76% Place: 158,4:02:05 Pace: 9:14,4:02:05,4:02:21,42:07 Pace: 7:54,3:09:24 Pace: 8:49,3:30:04 Pace: 8:57
15,Jeff Smith,M,52,"San Bernardino, CA",114 out of 339,92 out of 236,13 out of 37, 58.62% Place: 103,4:02:15 Pace: 9:15,4:02:15,4:02:26,44:56 Pace: 8:26,3:12:08 Pace: 8:57,3:30:15 Pace: 8:57
108,Darcy Papp,F,40,"Mission Viejo, CA",115 out of 339,23 out of 103,2 out of 13, 58.57% Place: 104,4:02:44 Pace: 9:16,4:02:44,4:03:33,46:13 Pace: 8:41,3:15:17 Pace: 9:05,3:33:15 Pace: 9:05
166,Todd Stevens,M,41,"Santa Clarita, CA",116 out of 339,93 out of 236,15 out of 36, 52.98% Place: 168,4:03:38 Pace: 9:18,4:03:38,4:04:11,43:56 Pace: 8:15,3:07:12 Pace: 8:43,3:28:11 Pace: 8:52
203,Jonathan Lewis,M,54,"Carpinteria, CA",117 out of 339,94 out of 236,14 out of 37, 59.29% Place: 99,4:03:57 Pace: 9:19,4:03:57,4:04:42,46:33 Pace: 8:44,3:12:34 Pace: 8:58,3:31:54 Pace: 9:02
321,Alfredo Rubalcava,M,34,"Sylmar, CA",118 out of 339,95 out of 236,9 out of 14, 51.17% Place: 197,4:04:07 Pace: 9:19,4:04:07,4:04:25,48:26 Pace: 9:06,3:14:13 Pace: 9:02,3:33:33 Pace: 9:06
225,Rodolfo Yela,M,50,"Fontana, CA",119 out of 339,96 out of 236,15 out of 37, 57.11% Place: 120,4:04:14 Pace: 9:19,4:04:14,4:04:18,46:26 Pace: 8:43,3:13:17 Pace: 9:00,3:33:22 Pace: 9:05
212,Everildo Mendez,M,51,"Santa Barbara, CA",120 out of 339,97 out of 236,16 out of 37, 57.45% Place: 118,4:04:58 Pace: 9:21,4:04:58,4:05:03,46:22 Pace: 8:42,3:15:36 Pace: 9:06,3:34:22 Pace: 9:08
130,Neil Tuber,M,30,"Granada Hills, CA",121 out of 339,98 out of 236,10 out of 14, 50.92% Place: 204,4:05:19 Pace: 9:22,4:05:19,4:05:39,44:26 Pace: 8:21,3:07:01 Pace: 8:42,3:29:43 Pace: 8:56
126,Thompson Haskins,M,54,"Los Angeles, CA",122 out of 339,99 out of 236,17 out of 37, 58.91% Place: 102,4:05:32 Pace: 9:22,4:05:32,4:08:34,45:57 Pace: 8:38,3:18:07 Pace: 9:13,3:36:47 Pace: 9:14
149,Mike Weinstein,M,26,"Valencia, CA",123 out of 339,100 out of 236,4 out of 10, 50.84% Place: 206,4:05:42 Pace: 9:23,4:05:42,4:06:46,45:55 Pace: 8:37,3:11:32 Pace: 8:55,3:31:49 Pace: 9:01
399,Josh Possell,M,37,"Canyon Country, CA",124 out of 339,101 out of 236,22 out of 41, 50.88% Place: 205,4:06:31 Pace: 9:25,4:06:31,4:06:31,            Pace:            ,            Pace:            ,            Pace:            
370,Deo Jaravata,M,43,"Granada Hills, CA",125 out of 339,102 out of 236,16 out of 36, 53.17% Place: 164,4:06:50 Pace: 9:25,4:06:50,4:07:29,46:40 Pace: 8:46,3:17:38 Pace: 9:12,3:36:14 Pace: 9:13
363,Michael Larkin,M,61,"Fountain Valley, CA",126 out of 339,103 out of 236,5 out of 16, 62.64% Place: 75,4:07:00 Pace: 9:26,4:07:00,4:07:20,49:15 Pace: 9:15,3:18:32 Pace: 9:15,3:37:14 Pace: 9:15
43,Ross Lakin,M,43,"Valencia, CA",127 out of 339,104 out of 236,17 out of 36, 53.03% Place: 167,4:07:28 Pace: 9:27,4:07:28,4:07:58,53:25 Pace: 10:02,3:25:13 Pace: 9:33,3:41:42 Pace: 9:27
202,Sue Beatty,F,45,"Carpinteria, CA",128 out of 339,24 out of 103,7 out of 19, 60.68% Place: 87,4:07:36 Pace: 9:27,4:07:36,4:08:20,46:33 Pace: 8:44,3:15:53 Pace: 9:07,3:35:15 Pace: 9:10
64,Alberto Zavala,M,57,"Oxnard, CA",129 out of 339,105 out of 236,6 out of 23, 60.07% Place: 90,4:07:43 Pace: 9:27,4:07:43,4:07:56,45:22 Pace: 8:31,3:15:31 Pace: 9:06,3:35:47 Pace: 9:11
169,Paul Arevalo,M,47,"Pasadena, CA",130 out of 339,106 out of 236,23 out of 44, 54.46% Place: 145,4:09:23 Pace: 9:31,4:09:23,4:10:25,44:50 Pace: 8:25,3:11:46 Pace: 8:56,3:33:19 Pace: 9:05
224,Leah Yela,F,37,"Fontana, CA",131 out of 339,25 out of 103,9 out of 17, 55.62% Place: 134,4:09:46 Pace: 9:32,4:09:46,4:09:50,46:27 Pace: 8:43,3:16:44 Pace: 9:10,3:38:33 Pace: 9:18
151,Kira Krayk,F,26,"Bear Valley, CA",132 out of 339,26 out of 103,3 out of 13, 54.22% Place: 149,4:09:47 Pace: 9:32,4:09:47,4:10:15,50:32 Pace: 9:29,3:17:05 Pace: 9:10,3:38:08 Pace: 9:17
89,Jean Laroche,M,55,"Santa Monica, CA",133 out of 339,107 out of 236,7 out of 23, 58.33% Place: 107,4:10:20 Pace: 9:33,4:10:20,4:10:33,48:19 Pace: 9:04,3:19:21 Pace: 9:17,3:39:15 Pace: 9:20
161,Edward Indvik,M,53,"Newport Beach, CA",134 out of 339,108 out of 236,18 out of 37, 57.10% Place: 122,4:11:00 Pace: 9:35,4:11:00,4:11:34,49:00 Pace: 9:12,3:23:56 Pace: 9:30,3:42:07 Pace: 9:28
12,Gary Powell,M,45,"Lompoc, CA",135 out of 339,109 out of 236,24 out of 44, 52.91% Place: 170,4:12:18 Pace: 9:38,4:12:18,4:13:23,42:17 Pace: 7:56,3:08:55 Pace: 8:48,3:32:41 Pace: 9:03
82,James Sohn,M,42,"Pasadena, CA",136 out of 339,110 out of 236,18 out of 36, 51.57% Place: 190,4:12:23 Pace: 9:38,4:12:23,4:12:48,58:07 Pace: 10:55,3:26:07 Pace: 9:36,3:44:39 Pace: 9:34
154,Dwayne Cooper,M,42,"Valencia, CA",137 out of 339,111 out of 236,19 out of 36, 51.56% Place: 191,4:12:24 Pace: 9:38,4:12:24,4:13:30,48:22 Pace: 9:05,3:14:54 Pace: 9:04,3:36:13 Pace: 9:13
395,Laura Urish,F,50,"Mission Viejo, CA",138 out of 339,27 out of 103,2 out of 15, 63.35% Place: 70,4:12:25 Pace: 9:38,4:12:25,4:12:36,48:05 Pace: 9:02,3:21:30 Pace: 9:23,3:40:41 Pace: 9:24
286,John Teobaldi,M,41,"Thousand Oaks, CA",139 out of 339,112 out of 236,20 out of 36, 51.05% Place: 200,4:12:50 Pace: 9:39,4:12:50,4:13:10,48:52 Pace: 9:10,3:16:28 Pace: 9:09,3:35:54 Pace: 9:12
98,Ben Palomares,M,43,"Los Angeles, CA",140 out of 339,113 out of 236,21 out of 36, 51.82% Place: 182,4:13:17 Pace: 9:40,4:13:17,4:14:00,48:51 Pace: 9:10,3:15:34 Pace: 9:06,3:38:51 Pace: 9:19
380,Jc Mejia,M,41,"Valencia, CA",141 out of 339,114 out of 236,22 out of 36, 50.95% Place: 203,4:13:21 Pace: 9:40,4:13:21,4:13:34,41:18 Pace: 7:45,3:12:20 Pace: 8:57,3:34:46 Pace: 9:09
178,Patrick O'Kelley,M,49,"Canyon Country, CA",142 out of 339,115 out of 236,25 out of 44, 54.45% Place: 147,4:13:51 Pace: 9:41,4:13:51,4:14:37,47:45 Pace: 8:58,3:15:01 Pace: 9:05,3:38:10 Pace: 9:18
271,Daeheum Kim,M,48,"San Gabriel, CA",143 out of 339,116 out of 236,26 out of 44, 53.96% Place: 155,4:13:55 Pace: 9:42,4:13:55,4:14:43,50:26 Pace: 9:28,3:26:47 Pace: 9:38,3:45:44 Pace: 9:37
310,Ben Gaetos,M,51,"Los Angeles, CA",144 out of 339,117 out of 236,19 out of 37, 55.39% Place: 135,4:14:05 Pace: 9:42,4:14:05,4:14:38,50:21 Pace: 9:27,3:23:10 Pace: 9:27,3:42:46 Pace: 9:29
137,David Moore,M,42,"Acton, CA",145 out of 339,118 out of 236,23 out of 36, 51.21% Place: 195,4:14:08 Pace: 9:42,4:14:08,4:14:33,44:41 Pace: 8:23,3:14:39 Pace: 9:04,3:36:15 Pace: 9:13
278,Juan Puerto,M,37,"West Hollywood, CA",146 out of 339,119 out of 236,23 out of 41, 49.35% Place: 227,4:14:10 Pace: 9:42,4:14:10,4:14:32,43:20 Pace: 8:08,3:17:00 Pace: 9:10,3:41:20 Pace: 9:26
72,Alejandro Lopez,M,36,"Mission Hills, CA",147 out of 339,120 out of 236,24 out of 41, 49.12% Place: 231,4:14:36 Pace: 9:43,4:14:36,4:15:43,43:10 Pace: 8:06,3:19:24 Pace: 9:17,3:41:20 Pace: 9:26
207,Myung Park,M,66,"Pasadena, CA",148 out of 339,121 out of 236,2 out of 6, 63.93% Place: 64,4:14:38 Pace: 9:43,4:14:38,4:14:47,48:40 Pace: 9:08,3:25:47 Pace: 9:35,3:44:43 Pace: 9:34
193,Kurt Gardner,M,41,"Northridge, CA",149 out of 339,122 out of 236,24 out of 36, 50.62% Place: 210,4:14:58 Pace: 9:44,4:14:58,4:15:08,44:01 Pace: 8:16,3:18:49 Pace: 9:15,3:40:31 Pace: 9:23
88,Mark Haley,M,38,"San Clemente, CA",150 out of 339,123 out of 236,25 out of 41, 49.27% Place: 228,4:15:51 Pace: 9:46,4:15:51,4:16:20,44:21 Pace: 8:20,3:13:47 Pace: 9:01,3:35:42 Pace: 9:11
100,John Ruiz Sr,M,45,"Bellflower, CA",151 out of 339,124 out of 236,27 out of 44, 52.11% Place: 180,4:16:10 Pace: 9:47,4:16:10,4:16:24,49:34 Pace: 9:18,3:26:20 Pace: 9:36,3:45:43 Pace: 9:37
316,Julie Taschetta,F,41,"Los Angeles, CA",152 out of 339,28 out of 103,3 out of 13, 55.90% Place: 132,4:16:48 Pace: 9:48,4:16:48,4:17:19,53:29 Pace: 10:02,3:29:07 Pace: 9:44,3:47:37 Pace: 9:42
257,Stephen Coffman,M,57,"Ventura, CA",153 out of 339,125 out of 236,8 out of 23, 57.75% Place: 114,4:17:38 Pace: 9:50,4:17:38,4:17:46,49:22 Pace: 9:16,3:27:37 Pace: 9:40,3:46:45 Pace: 9:39
153,William Povletich,M,36,"Stevenson Ranch, CA",154 out of 339,126 out of 236,26 out of 41, 48.38% Place: 242,4:18:30 Pace: 9:52,4:18:30,4:19:25,49:20 Pace: 9:16,3:20:42 Pace: 9:21,3:40:39 Pace: 9:24
102,Aaron Baker,M,36,"Camarillo, CA",155 out of 339,127 out of 236,27 out of 41, 48.30% Place: 244,4:18:56 Pace: 9:53,4:18:56,4:19:35,47:33 Pace: 8:56,3:17:32 Pace: 9:12,3:41:23 Pace: 9:26
140,Allyne Winderman,F,57,"Los Angeles, CA",156 out of 339,29 out of 103,1 out of 2, 67.54% Place: 32,4:20:12 Pace: 9:56,4:20:12,4:21:19,50:35 Pace: 9:30,3:28:19 Pace: 9:42,3:47:46 Pace: 9:42
407,Tony Buonbssissi,M,47,"Valencia, CA",157 out of 339,128 out of 236,28 out of 44, 52.17% Place: 179,4:20:20 Pace: 9:56,4:20:20,4:21:28,52:43 Pace: 9:54,3:30:51 Pace: 9:49,3:49:55 Pace: 9:47
122,Darryl Wells,M,46,"Valencia, CA",158 out of 339,129 out of 236,29 out of 44, 51.63% Place: 187,4:20:47 Pace: 9:57,4:20:47,4:21:48,51:59 Pace: 9:46,3:29:31 Pace: 9:45,3:49:12 Pace: 9:46
265,Richard Hermann,M,29,"Woodland Hills, CA",159 out of 339,130 out of 236,5 out of 10, 47.84% Place: 249,4:21:07 Pace: 9:58,4:21:07,4:22:06,50:46 Pace: 9:32,3:26:57 Pace: 9:38,3:46:44 Pace: 9:39
71,James Wilkerson,M,36,"Phoenix, AZ",160 out of 339,131 out of 236,28 out of 41, 47.79% Place: 250,4:21:41 Pace: 9:59,4:21:41,4:22:16,42:15 Pace: 7:56,3:14:02 Pace: 9:02,3:38:25 Pace: 9:18
341,Christy Hotaling,F,28,"Venice, CA",161 out of 339,30 out of 103,4 out of 13, 51.74% Place: 183,4:21:46 Pace: 10:00,4:21:46,4:21:56,44:01 Pace: 8:16,3:23:06 Pace: 9:27,3:46:39 Pace: 9:39
141,Laura Stone,F,22,"Valencia, CA",162 out of 339,31 out of 103,3 out of 5, 51.71% Place: 184,4:21:55 Pace: 10:00,4:21:55,4:22:42,50:00 Pace: 9:23,3:27:57 Pace: 9:41,3:49:13 Pace: 9:46
182,Lynette Willis,F,29,"Valencia, CA",163 out of 339,32 out of 103,5 out of 13, 51.70% Place: 185,4:21:56 Pace: 10:00,4:21:56,4:22:42,50:01 Pace: 9:23,3:27:55 Pace: 9:41,3:49:15 Pace: 9:46
192,Jason Abner,M,36,"Valencia, CA",164 out of 339,132 out of 236,29 out of 41, 47.74% Place: 251,4:21:58 Pace: 10:00,4:21:58,4:23:05,49:37 Pace: 9:19,3:26:02 Pace: 9:35,3:46:10 Pace: 9:38
183,Thomas Herrera,M,22,"Long Beach, CA",165 out of 339,133 out of 236,2 out of 7, 47.65% Place: 252,4:22:18 Pace: 10:01,4:22:18,4:22:22,39:59 Pace: 7:30,3:23:42 Pace: 9:29,3:47:07 Pace: 9:40
231,Philip Rive,M,60,"Long Beach, CA",166 out of 339,134 out of 236,6 out of 16, 58.40% Place: 106,4:22:18 Pace: 10:01,4:22:18,4:22:35,44:31 Pace: 8:22,3:18:59 Pace: 9:16,3:43:03 Pace: 9:30
144,James McCone,M,50,"Torrance, CA",167 out of 339,135 out of 236,20 out of 37, 53.15% Place: 165,4:22:25 Pace: 10:01,4:22:25,4:23:16,53:55 Pace: 10:07,3:33:20 Pace: 9:56,3:52:11 Pace: 9:53
198,Shannon Hunt,F,37,"Redondo Beach, CA",168 out of 339,33 out of 103,10 out of 17, 52.93% Place: 169,4:22:26 Pace: 10:01,4:22:26,4:23:16,53:56 Pace: 10:07,3:33:20 Pace: 9:56,3:52:11 Pace: 9:53
381,Stuart Posnock,M,48,"La Jolla, CA",169 out of 339,136 out of 236,30 out of 44, 52.19% Place: 178,4:22:30 Pace: 10:01,4:22:30,4:22:41,51:48 Pace: 9:44,3:30:03 Pace: 9:47,3:49:53 Pace: 9:47
309,Brett Robinson,M,47,"Simi Valley, CA",170 out of 339,137 out of 236,31 out of 44, 51.66% Place: 186,4:22:54 Pace: 10:02,4:22:54,4:23:46,51:35 Pace: 9:41,3:29:03 Pace: 9:44,3:48:47 Pace: 9:45
376,Polly Melideo,F,37,"Valencia, CA",171 out of 339,34 out of 103,11 out of 17, 52.81% Place: 171,4:23:01 Pace: 10:02,4:23:01,4:23:56,51:21 Pace: 9:39,3:32:53 Pace: 9:55,3:52:42 Pace: 9:55
398,Debbie Caracciolo,F,35,"Valencia, CA",172 out of 339,35 out of 103,12 out of 17, 52.22% Place: 177,4:23:01 Pace: 10:02,4:23:01,4:23:56,51:22 Pace: 9:39,3:32:50 Pace: 9:54,3:52:41 Pace: 9:55
256,Mary Bowes,F,46,"Agoura Hills, CA",173 out of 339,36 out of 103,8 out of 19, 57.80% Place: 113,4:23:07 Pace: 10:03,4:23:07,4:23:59,46:28 Pace: 8:43,3:22:39 Pace: 9:26,3:45:39 Pace: 9:37
326,Arlene Lewis,F,53,"Granada Hills, CA",174 out of 339,37 out of 103,3 out of 15, 63.18% Place: 72,4:23:15 Pace: 10:03,4:23:15,4:23:49,50:10 Pace: 9:25,3:30:45 Pace: 9:49,3:50:34 Pace: 9:49
244,Brent Fowler,M,43,"Bakersfield, CA",175 out of 339,138 out of 236,25 out of 36, 49.75% Place: 224,4:23:48 Pace: 10:04,4:23:48,4:24:18,48:40 Pace: 9:08,3:26:30 Pace: 9:37,3:46:53 Pace: 9:40
54,Mary Hurst,F,54,"O Fallon, IL",176 out of 339,38 out of 103,4 out of 15, 63.80% Place: 65,4:24:14 Pace: 10:05,4:24:14,4:25:29,53:52 Pace: 10:07,3:32:53 Pace: 9:55,3:52:44 Pace: 9:55
258,Michele Early,F,42,"Long Beach, CA",177 out of 339,39 out of 103,4 out of 13, 54.79% Place: 140,4:24:44 Pace: 10:06,4:24:44,4:25:35,46:29 Pace: 8:44,3:26:33 Pace: 9:37,3:47:16 Pace: 9:41
270,Paula Jonson,F,45,"Corona, CA",178 out of 339,40 out of 103,9 out of 19, 56.73% Place: 126,4:24:50 Pace: 10:07,4:24:50,4:25:33,46:10 Pace: 8:40,3:27:19 Pace: 9:39,3:49:35 Pace: 9:47
139,Josie Martin,F,52,"Bakersfield, CA",179 out of 339,41 out of 103,5 out of 15, 61.88% Place: 79,4:25:14 Pace: 10:07,4:25:14,4:25:36,50:57 Pace: 9:34,            Pace:            ,3:51:50 Pace: 9:52
94,Mitchell Chan,M,32,"Costa Mesa, CA",180 out of 339,139 out of 236,11 out of 14, 47.04% Place: 258,4:25:34 Pace: 10:08,4:25:34,4:25:53,50:03 Pace: 9:24,3:32:22 Pace: 9:53,3:52:31 Pace: 9:54
142,Ally Deutsch,F,22,"Simi Valley, CA",181 out of 339,42 out of 103,4 out of 5, 50.98% Place: 202,4:25:40 Pace: 10:08,4:25:40,4:26:14,49:14 Pace: 9:15,3:30:35 Pace: 9:48,3:51:23 Pace: 9:51
201,Lauren Destino,F,31,"Palo Alto, CA",182 out of 339,43 out of 103,3 out of 12, 51.04% Place: 201,4:25:44 Pace: 10:09,4:25:44,4:26:37,45:04 Pace: 8:28,3:16:07 Pace: 9:08,3:37:21 Pace: 9:15
283,Tim Hurst,M,54,"O Fallon, IL",183 out of 339,140 out of 236,21 out of 37, 54.18% Place: 150,4:26:58 Pace: 10:11,4:26:58,4:28:14,53:51 Pace: 10:07,3:32:54 Pace: 9:55,3:52:41 Pace: 9:55
205,Scott Zierman,M,55,"Lancaster, CA",184 out of 339,141 out of 236,9 out of 23, 54.60% Place: 142,4:27:25 Pace: 10:12,4:27:25,4:28:41,52:38 Pace: 9:53,3:32:50 Pace: 9:54,3:51:37 Pace: 9:52
110,Henry Lee,M,55,"Three Rivers, CA",185 out of 339,142 out of 236,10 out of 23, 54.59% Place: 143,4:27:28 Pace: 10:13,4:27:28,4:27:46,44:08 Pace: 8:17,3:21:06 Pace: 9:22,3:45:15 Pace: 9:36
387,Salah Adenkhalif,M,25,"Port Hueneme Cbc Base, CA",186 out of 339,143 out of 236,6 out of 10, 46.66% Place: 261,4:27:43 Pace: 10:13,4:27:43,4:28:26,46:43 Pace: 8:46,3:21:04 Pace: 9:22,3:46:37 Pace: 9:39
408,Matt Baron,M,37,"Los Angeles, CA",187 out of 339,144 out of 236,30 out of 41, 46.69% Place: 260,4:28:39 Pace: 10:15,4:28:39,4:29:12,47:41 Pace: 8:57,3:29:45 Pace: 9:46,3:52:11 Pace: 9:53
232,Louis Mo,M,44,"La Crescenta, CA",188 out of 339,145 out of 236,26 out of 36, 49.25% Place: 229,4:28:42 Pace: 10:15,4:28:42,4:28:58,52:11 Pace: 9:48,3:32:30 Pace: 9:54,3:53:51 Pace: 9:58
404,Stephanie Franks,F,33,"Bakersfield, CA",189 out of 339,44 out of 103,4 out of 12, 50.62% Place: 211,4:29:14 Pace: 10:17,4:29:14,4:29:39,54:36 Pace: 10:15,3:41:06 Pace: 10:18,3:59:32 Pace: 10:12
147,Trent Miller,M,40,"Long Beach, CA",190 out of 339,146 out of 236,27 out of 36, 47.49% Place: 254,4:29:32 Pace: 10:17,4:29:32,4:30:23,49:31 Pace: 9:18,3:34:25 Pace: 9:59,3:56:38 Pace: 10:05
246,Michael Everroad,M,27,"Ridgecrest, CA",191 out of 339,147 out of 236,7 out of 10, 46.23% Place: 266,4:30:13 Pace: 10:19,4:30:13,4:30:43,39:59 Pace: 7:31,3:26:25 Pace: 9:37,3:51:57 Pace: 9:53
396,Lora Tang,F,42,"Riverside, CA",192 out of 339,45 out of 103,5 out of 13, 53.63% Place: 160,4:30:26 Pace: 10:19,4:30:26,4:30:43,46:54 Pace: 8:48,3:23:19 Pace: 9:28,3:46:51 Pace: 9:40
355,Jen Whitcomb,F,34,"Valencia, CA",193 out of 339,46 out of 103,5 out of 12, 50.43% Place: 216,4:31:11 Pace: 10:21,4:31:11,4:31:40,52:59 Pace: 9:57,3:35:39 Pace: 10:02,3:57:39 Pace: 10:07
373,Jessica Held,F,34,"Canyon Country, CA",194 out of 339,47 out of 103,6 out of 12, 50.41% Place: 217,4:31:16 Pace: 10:21,4:31:16,4:31:34,49:30 Pace: 9:18,3:32:56 Pace: 9:55,3:54:35 Pace: 9:59
146,Janette Folks,F,39,"Santa Clarita, CA",195 out of 339,48 out of 103,13 out of 17, 51.88% Place: 181,4:31:41 Pace: 10:22,4:31:41,4:32:30,49:44 Pace: 9:20,3:39:17 Pace: 10:12,4:01:13 Pace: 10:16
275,Nancy Ottmann,F,49,"Henderson, NV",196 out of 339,49 out of 103,10 out of 19, 57.95% Place: 110,4:32:25 Pace: 10:24,4:32:25,4:32:37,45:39 Pace: 8:34,3:31:59 Pace: 9:52,3:54:43 Pace: 10:00
277,Roy Pierucci,M,58,"Bakersfield, CA",197 out of 339,148 out of 236,11 out of 23, 54.83% Place: 139,4:33:58 Pace: 10:27,4:33:58,4:34:20,50:55 Pace: 9:34,3:36:00 Pace: 10:03,3:58:11 Pace: 10:09
367,Keith Lynn,M,56,"Valencia, CA",198 out of 339,149 out of 236,12 out of 23, 53.76% Place: 159,4:34:11 Pace: 10:28,4:34:11,4:35:01,54:56 Pace: 10:19,3:46:22 Pace: 10:32,4:05:20 Pace: 10:27
219,Sue Reinhardt,F,62,"Rancho Palos Verdes, CA",199 out of 339,50 out of 103,1 out of 3, 69.04% Place: 21,4:34:19 Pace: 10:28,4:34:19,4:34:33,50:37 Pace: 9:30,3:39:46 Pace: 10:14,4:00:57 Pace: 10:16
382,Bahman Janka,M,52,"Santa Clarita, CA",200 out of 339,150 out of 236,22 out of 37, 51.57% Place: 189,4:35:21 Pace: 10:31,4:35:21,4:35:42,54:17 Pace: 10:12,3:37:51 Pace: 10:08,4:00:06 Pace: 10:13
6,Rawlins Jordan,M,65,"Canyon Country, CA",201 out of 339,151 out of 236,3 out of 6, 58.43% Place: 105,4:35:44 Pace: 10:31,4:35:44,4:36:54,52:57 Pace: 9:56,3:37:59 Pace: 10:09,4:00:27 Pace: 10:14
295,Rob Baldwin,M,45,"Valencia, CA",202 out of 339,152 out of 236,32 out of 44, 48.30% Place: 245,4:36:24 Pace: 10:33,4:36:24,4:37:51,51:14 Pace: 9:37,3:34:18 Pace: 9:59,3:55:09 Pace: 10:01
47,Mario Carranza,M,47,"Chatsworth, CA",203 out of 339,153 out of 236,33 out of 44, 49.13% Place: 230,4:36:26 Pace: 10:33,4:36:26,4:37:14,49:54 Pace: 9:22,3:31:55 Pace: 9:52,3:53:03 Pace: 9:55
307,Cimitrio Cervantes,M,40,"Mission Hills, CA",204 out of 339,154 out of 236,28 out of 36, 46.24% Place: 265,4:36:51 Pace: 10:34,4:36:51,4:37:03,40:53 Pace: 7:41,3:32:25 Pace: 9:53,3:54:48 Pace: 10:00
221,Fred Preston,M,53,"San Dimas, CA",205 out of 339,155 out of 236,23 out of 37, 51.59% Place: 188,4:37:48 Pace: 10:36,4:37:48,4:38:03,49:10 Pace: 9:14,3:38:20 Pace: 10:10,4:00:55 Pace: 10:16
330,Norman Baculinao,M,46,"Valencia, CA",206 out of 339,156 out of 236,34 out of 44, 48.44% Place: 240,4:37:56 Pace: 10:37,4:37:56,4:38:36,53:06 Pace: 9:58,3:38:18 Pace: 10:10,4:00:23 Pace: 10:14
25,Sarah Jones,F,25,"Los Angeles, CA",207 out of 339,51 out of 103,6 out of 13, 48.71% Place: 235,4:38:00 Pace: 10:37,4:38:00,4:38:00,            Pace:            ,            Pace:            ,            Pace:            
409,Kim Schneeberger,F,30,"Santa Monica, CA",208 out of 339,52 out of 103,7 out of 12, 48.54% Place: 237,4:39:06 Pace: 10:39,4:39:06,4:40:05,51:36 Pace: 9:41,3:41:23 Pace: 10:18,4:03:52 Pace: 10:23
27,Kelly Steele,F,27,"Valencia, CA",209 out of 339,53 out of 103,7 out of 13, 48.49% Place: 238,4:39:17 Pace: 10:40,4:39:17,4:40:02,51:49 Pace: 9:44,3:42:46 Pace: 10:22,4:04:27 Pace: 10:25
124,Tammy Garcia,F,41,"Bakersfield, CA",210 out of 339,54 out of 103,6 out of 13, 51.27% Place: 194,4:39:59 Pace: 10:41,4:39:59,4:40:23,54:35 Pace: 10:15,3:46:25 Pace: 10:32,4:07:08 Pace: 10:31
333,Lawrence Gregge,M,53,"Moreno Valley, CA",211 out of 339,157 out of 236,24 out of 37, 51.16% Place: 198,4:40:08 Pace: 10:42,4:40:08,4:40:29,46:55 Pace: 8:49,3:40:50 Pace: 10:17,4:05:52 Pace: 10:28
361,Graeme McRae,M,50,"Palmdale, CA",212 out of 339,158 out of 236,25 out of 37, 49.76% Place: 223,4:40:18 Pace: 10:42,4:40:18,4:41:15,49:20 Pace: 9:16,3:41:37 Pace: 10:19,4:03:00 Pace: 10:21
339,Luis J Garcia,M,40,"Northridge, CA",213 out of 339,159 out of 236,29 out of 36, 45.58% Place: 274,4:40:52 Pace: 10:43,4:40:52,4:41:27,50:30 Pace: 9:29,3:40:40 Pace: 10:16,4:04:02 Pace: 10:24
174,Richard Valdez,M,39,"North Hollywood, CA",214 out of 339,160 out of 236,31 out of 41, 45.17% Place: 276,4:41:05 Pace: 10:44,4:41:05,4:46:12,47:22 Pace: 8:54,3:25:13 Pace: 9:33,3:52:25 Pace: 9:54
58,Ed Burke,M,58,"Canyon Country, CA",215 out of 339,161 out of 236,13 out of 23, 53.44% Place: 162,4:41:08 Pace: 10:44,4:41:08,4:41:49,48:28 Pace: 9:06,3:40:16 Pace: 10:15,4:04:04 Pace: 10:24
111,Kil Soo Kim,M,60,"Visalia, CA",216 out of 339,162 out of 236,7 out of 16, 54.45% Place: 146,4:41:20 Pace: 10:44,4:41:20,4:41:39,54:55 Pace: 10:19,3:48:45 Pace: 10:39,4:09:10 Pace: 10:37
158,Holly Julien,F,47,"Valencia, CA",217 out of 339,55 out of 103,11 out of 19, 54.70% Place: 141,4:41:29 Pace: 10:45,4:41:29,4:42:19,49:26 Pace: 9:17,3:37:38 Pace: 10:08,4:01:58 Pace: 10:18
106,Mike McGinnis,M,35,"Pine Mountain Club, CA",218 out of 339,163 out of 236,32 out of 41, 44.35% Place: 283,4:41:40 Pace: 10:45,4:41:40,4:42:51,54:40 Pace: 10:16,3:47:55 Pace: 10:37,4:08:18 Pace: 10:34
105,Robert Godfrey,M,43,"Pine Mountain Club, CA",219 out of 339,164 out of 236,30 out of 36, 46.58% Place: 262,4:41:46 Pace: 10:45,4:41:46,4:42:56,54:40 Pace: 10:16,3:47:53 Pace: 10:36,4:08:16 Pace: 10:34
155,Yong J Kim,M,59,"Canoga Park, CA",220 out of 339,165 out of 236,14 out of 23, 53.76% Place: 157,4:42:07 Pace: 10:46,4:42:07,4:42:14,48:56 Pace: 9:11,3:41:08 Pace: 10:18,4:04:31 Pace: 10:25
334,Vic Trippetti,M,60,"Los Angeles, CA",221 out of 339,166 out of 236,8 out of 16, 54.26% Place: 148,4:42:21 Pace: 10:47,4:42:21,4:42:45,50:52 Pace: 9:33,3:42:52 Pace: 10:22,4:06:57 Pace: 10:31
32,Shana Erickson,F,31,"San Diego, CA",222 out of 339,56 out of 103,8 out of 12, 47.89% Place: 248,4:43:13 Pace: 10:49,4:43:13,4:43:50,58:29 Pace: 10:59,3:49:49 Pace: 10:42,4:10:09 Pace: 10:39
167,Karen Stevens,F,41,"Santa Clarita, CA",223 out of 339,57 out of 103,7 out of 13, 50.58% Place: 213,4:43:49 Pace: 10:50,4:43:49,4:44:26,50:43 Pace: 9:31,3:42:22 Pace: 10:21,4:05:49 Pace: 10:28
305,Robert Hafner,M,46,"Corona, CA",224 out of 339,167 out of 236,35 out of 44, 47.43% Place: 255,4:43:51 Pace: 10:50,4:43:51,4:44:55,50:52 Pace: 9:33,3:36:17 Pace: 10:04,4:01:07 Pace: 10:16
97,Nicole Downing,F,31,"Santa Clarita, CA",225 out of 339,58 out of 103,9 out of 12, 47.63% Place: 253,4:44:47 Pace: 10:52,4:44:47,4:45:11,49:13 Pace: 9:15,3:41:41 Pace: 10:19,4:07:02 Pace: 10:31
136,Teri Lovano,F,47,"Redondo Beach, CA",226 out of 339,59 out of 103,12 out of 19, 54.02% Place: 153,4:44:59 Pace: 10:53,4:44:59,4:45:27,51:42 Pace: 9:42,3:48:45 Pace: 10:39,4:09:53 Pace: 10:38
312,John Murray Ii,M,20,"Canyon Country, CA",227 out of 339,168 out of 236,3 out of 7, 44.38% Place: 282,4:45:03 Pace: 10:53,4:45:03,4:45:21,49:14 Pace: 9:15,3:39:35 Pace: 10:13,4:05:26 Pace: 10:27
276,Tom Pelsor,M,63,"Ashland, OR",228 out of 339,169 out of 236,9 out of 16, 55.31% Place: 137,4:45:22 Pace: 10:54,4:45:22,4:46:03,52:50 Pace: 9:55,3:48:01 Pace: 10:37,4:11:10 Pace: 10:42
403,Alberto Perusset,M,50,"Malibu, CA",229 out of 339,170 out of 236,26 out of 37, 48.82% Place: 233,4:45:42 Pace: 10:54,4:45:42,4:45:47,52:46 Pace: 9:54,3:50:19 Pace: 10:43,4:11:59 Pace: 10:44
226,Gregg George,M,49,"Oro Valley, AZ",230 out of 339,171 out of 236,36 out of 44, 48.31% Place: 243,4:46:08 Pace: 10:55,4:46:08,4:47:27,45:05 Pace: 8:28,3:20:49 Pace: 9:21,3:54:43 Pace: 10:00
179,Vicente Herrera,M,25,"Los Angeles, CA",231 out of 339,172 out of 236,8 out of 10, 43.57% Place: 289,4:46:42 Pace: 10:57,4:46:42,4:47:05,42:35 Pace: 8:00,3:42:18 Pace: 10:21,4:05:50 Pace: 10:28
210,Steven Reti,M,45,"Santa Clarita, CA",232 out of 339,173 out of 236,37 out of 44, 46.53% Place: 263,4:46:54 Pace: 10:57,4:46:54,4:47:58,58:47 Pace: 11:02,3:44:20 Pace: 10:27,4:09:37 Pace: 10:38
285,Levi Rizk,M,24,"Henderson, NV",233 out of 339,174 out of 236,4 out of 7, 43.39% Place: 295,4:47:55 Pace: 10:59,4:47:55,4:48:21,44:46 Pace: 8:24,3:40:25 Pace: 10:16,4:04:25 Pace: 10:25
254,Daniel Gore,M,36,"Lancaster, CA",234 out of 339,175 out of 236,33 out of 41, 43.40% Place: 293,4:48:09 Pace: 11:00,4:48:09,4:48:31,54:49 Pace: 10:17,3:49:05 Pace: 10:40,4:11:40 Pace: 10:43
272,Michael McCormick,M,36,"Palmdale, CA",235 out of 339,176 out of 236,34 out of 41, 43.40% Place: 294,4:48:11 Pace: 11:00,4:48:11,4:48:32,54:50 Pace: 10:18,3:49:07 Pace: 10:40,4:11:40 Pace: 10:43
29,Gretchen Warner,F,29,"Stevenson Ranch, CA",236 out of 339,60 out of 103,8 out of 13, 46.92% Place: 259,4:48:39 Pace: 11:01,4:48:39,4:48:58,50:53 Pace: 9:33,3:46:11 Pace: 10:32,4:11:00 Pace: 10:41
16,Scott Slatem,M,45,"Los Angeles, CA",237 out of 339,177 out of 236,38 out of 44, 46.23% Place: 268,4:48:47 Pace: 11:01,4:48:47,4:50:01,47:08 Pace: 8:51,3:47:57 Pace: 10:37,4:11:21 Pace: 10:42
10,Ronald Eichler,M,62,"Valencia, CA",238 out of 339,178 out of 236,10 out of 16, 53.94% Place: 156,4:49:42 Pace: 11:03,4:49:42,4:49:48,49:23 Pace: 9:16,3:39:24 Pace: 10:13,4:04:09 Pace: 10:24
51,Christopher Boyle,M,51,"Glendale, AZ",239 out of 339,179 out of 236,27 out of 37, 48.42% Place: 241,4:50:37 Pace: 11:06,4:50:37,4:51:28,58:14 Pace: 10:56,3:50:59 Pace: 10:45,4:13:35 Pace: 10:48
353,Daniel Hammerand,M,37,"Rio Rancho, NM",240 out of 339,180 out of 236,35 out of 41, 43.08% Place: 298,4:51:10 Pace: 11:07,4:51:10,4:52:08,47:38 Pace: 8:57,3:50:50 Pace: 10:45,4:17:55 Pace: 10:59
70,Philo Short,M,70,"Monterey, CA",241 out of 339,181 out of 236,1 out of 2, 58.29% Place: 108,4:51:27 Pace: 11:07,4:51:27,4:51:37,50:20 Pace: 9:27,3:51:15 Pace: 10:46,4:14:35 Pace: 10:50
156,Mark Dannerth,M,39,"Santa Clarita, CA",242 out of 339,182 out of 236,36 out of 41, 43.53% Place: 292,4:51:39 Pace: 11:08,4:51:39,4:52:35,53:30 Pace: 10:03,3:49:22 Pace: 10:41,4:16:23 Pace: 10:55
314,Stina Tjaden,F,44,"Simi Valley, CA",243 out of 339,61 out of 103,8 out of 13, 50.70% Place: 209,4:52:47 Pace: 11:11,4:52:47,4:54:07,57:06 Pace: 10:43,3:54:27 Pace: 10:55,4:16:55 Pace: 10:56
187,Ingrid Hughes,F,37,"Long Beach, CA",244 out of 339,62 out of 103,14 out of 17, 47.22% Place: 256,4:54:11 Pace: 11:14,4:54:11,4:54:21,47:11 Pace: 8:52,3:47:16 Pace: 10:35,4:11:36 Pace: 10:43
112,Melanie Buto,F,44,"Camarillo, CA",245 out of 339,63 out of 103,9 out of 13, 50.45% Place: 215,4:54:14 Pace: 11:14,4:54:14,4:54:43,49:28 Pace: 9:17,3:46:43 Pace: 10:33,4:12:08 Pace: 10:44
55,Nabih Balady,M,55,"Santa Clarita, CA",246 out of 339,183 out of 236,15 out of 23, 49.62% Place: 226,4:54:16 Pace: 11:14,4:54:16,4:54:39,54:15 Pace: 10:11,3:57:58 Pace: 11:05,4:20:49 Pace: 11:06
236,Jean Cooper,F,57,"Tarzana, CA",247 out of 339,64 out of 103,2 out of 2, 59.61% Place: 94,4:54:49 Pace: 11:15,4:54:49,4:55:39,53:15 Pace: 10:00,3:53:14 Pace: 10:51,4:16:16 Pace: 10:55
14,Sam Inda,M,53,"San Jose, CA",248 out of 339,184 out of 236,28 out of 37, 48.54% Place: 236,4:55:13 Pace: 11:16,4:55:13,4:56:12,49:47 Pace: 9:21,3:47:37 Pace: 10:36,4:16:01 Pace: 10:54
384,Martha Izazaga,F,40,"Pacoima, CA",249 out of 339,65 out of 103,10 out of 13, 48.00% Place: 247,4:56:10 Pace: 11:18,4:56:10,4:56:15,48:48 Pace: 9:10,3:43:52 Pace: 10:25,4:11:28 Pace: 10:43
385,Tina Montiel,F,50,"Pacoima, CA",250 out of 339,66 out of 103,6 out of 15, 53.99% Place: 154,4:56:10 Pace: 11:18,4:56:10,4:56:15,48:48 Pace: 9:10,3:48:15 Pace: 10:37,4:11:28 Pace: 10:43
35,Todd Gustafson,M,35,"San Diego, CA",251 out of 339,185 out of 236,37 out of 41, 42.13% Place: 304,4:56:33 Pace: 11:19,4:56:33,4:56:49,50:05 Pace: 9:24,3:48:34 Pace: 10:38,4:14:36 Pace: 10:51
245,Araceli Heredia,F,28,"Saugus, CA",252 out of 339,67 out of 103,9 out of 13, 45.65% Place: 272,4:56:39 Pace: 11:19,4:56:39,4:56:50,52:52 Pace: 9:55,3:43:41 Pace: 10:25,4:10:59 Pace: 10:41
282,Janet Willard,F,53,"Riverside, CA",253 out of 339,68 out of 103,7 out of 15, 55.95% Place: 131,4:57:16 Pace: 11:21,4:57:16,4:57:33,55:10 Pace: 10:21,3:57:41 Pace: 11:04,4:21:15 Pace: 11:07
386,Douglass Farrar,M,28,"Ventura, CA",254 out of 339,186 out of 236,9 out of 10, 41.92% Place: 306,4:58:02 Pace: 11:23,4:58:02,4:58:46,46:42 Pace: 8:46,3:48:47 Pace: 10:39,4:16:19 Pace: 10:55
279,Charles Schwarz,M,58,"Los Angeles, CA",255 out of 339,187 out of 236,16 out of 23, 50.39% Place: 218,4:58:07 Pace: 11:23,4:58:07,4:58:34,59:11 Pace: 11:07,3:59:28 Pace: 11:09,4:22:28 Pace: 11:11
79,Beverly Schulz,F,66,"Saddlebrooke, AZ",256 out of 339,69 out of 103,1 out of 3, 68.09% Place: 27,4:58:09 Pace: 11:23,4:58:09,4:58:37,53:27 Pace: 10:02,3:52:17 Pace: 10:49,4:17:06 Pace: 10:57
323,Jong Man Hong,M,51,"Garden Grove, CA",257 out of 339,188 out of 236,29 out of 37, 47.08% Place: 257,4:58:53 Pace: 11:24,4:58:53,4:59:06,47:15 Pace: 8:52,3:51:09 Pace: 10:46,4:17:43 Pace: 10:58
5,Donald Lieu,M,57,"San Gabriel, CA",258 out of 339,189 out of 236,17 out of 23, 49.66% Place: 225,4:59:38 Pace: 11:26,4:59:38,5:00:20,51:33 Pace: 9:41,3:57:27 Pace: 11:03,4:21:23 Pace: 11:08
117,J Taniguchi,M,48,"Huntington Beach, CA",259 out of 339,190 out of 236,39 out of 44, 45.68% Place: 270,4:59:57 Pace: 11:27,4:59:57,5:03:09,53:32 Pace: 10:03,4:04:46 Pace: 11:24,4:26:55 Pace: 11:22
38,David Dacio,M,38,"San Diego, CA",260 out of 339,191 out of 236,38 out of 41, 42.01% Place: 305,5:00:04 Pace: 11:27,5:00:04,5:00:57,55:50 Pace: 10:29,3:58:44 Pace: 11:07,4:22:28 Pace: 11:11
170,Maryann Redmond,F,34,"Bakersfield, CA",261 out of 339,70 out of 103,10 out of 12, 45.53% Place: 275,5:00:21 Pace: 11:28,5:00:21,5:00:46,54:35 Pace: 10:15,3:56:36 Pace: 11:01,4:21:10 Pace: 11:07
59,Michael Garcia,M,59,"Bakersfield, CA",262 out of 339,192 out of 236,18 out of 23, 50.49% Place: 214,5:00:24 Pace: 11:28,5:00:24,5:00:46,54:36 Pace: 10:15,3:56:04 Pace: 10:59,4:20:59 Pace: 11:07
401,Gurcharan Gill,M,55,"Clovis, CA",263 out of 339,193 out of 236,19 out of 23, 48.48% Place: 239,5:01:10 Pace: 11:30,5:01:10,5:02:18,57:04 Pace: 10:43,4:01:30 Pace: 11:14,4:24:19 Pace: 11:15
230,Lidia Ontiveros,F,46,"San Fernando, CA",264 out of 339,71 out of 103,13 out of 19, 50.26% Place: 219,5:02:36 Pace: 11:33,5:02:36,5:02:52,48:42 Pace: 9:09,3:56:08 Pace: 10:59,4:24:31 Pace: 11:16
62,Joanne Marmon,F,62,"Tucson, AZ",265 out of 339,72 out of 103,2 out of 3, 62.42% Place: 76,5:03:24 Pace: 11:35,5:03:24,5:03:53,58:49 Pace: 11:03,4:03:16 Pace: 11:19,4:26:32 Pace: 11:21
7,Don Seibert,M,59,"Canyon Country, CA",266 out of 339,194 out of 236,20 out of 23, 49.88% Place: 221,5:04:05 Pace: 11:36,5:04:05,5:04:40,55:18 Pace: 10:23,4:00:32 Pace: 11:12,4:24:53 Pace: 11:17
342,Gene Borrelli,M,59,"Valencia, CA",267 out of 339,195 out of 236,21 out of 23, 49.88% Place: 222,5:04:06 Pace: 11:36,5:04:06,5:04:40,55:18 Pace: 10:23,4:00:09 Pace: 11:11,4:24:50 Pace: 11:17
53,Domitilia Dos Santos,F,53,"New York, NY",268 out of 339,73 out of 103,8 out of 15, 54.15% Place: 151,5:07:09 Pace: 11:43,5:07:09,5:07:09,40:36 Pace: 7:37,4:00:17 Pace: 11:11,4:24:42 Pace: 11:16
107,Marlene Findling,F,49,"Portland, OR",269 out of 339,74 out of 103,14 out of 19, 51.34% Place: 193,5:07:31 Pace: 11:44,5:07:31,5:08:52,58:43 Pace: 11:01,4:06:18 Pace: 11:28,4:29:34 Pace: 11:29
375,Christine Eng,F,44,"Arcadia, CA",270 out of 339,75 out of 103,11 out of 13, 48.00% Place: 246,5:09:14 Pace: 11:48,5:09:14,5:10:16,53:54 Pace: 10:07,4:03:27 Pace: 11:20,4:28:42 Pace: 11:27
160,Scott Mathews,M,49,"Newhall, CA",271 out of 339,196 out of 236,40 out of 44, 44.60% Place: 279,5:09:56 Pace: 11:50,5:09:56,5:11:07,58:14 Pace: 10:56,4:06:58 Pace: 11:30,4:30:34 Pace: 11:31
383,Anne Brakeman,F,46,"Saugus, CA",272 out of 339,76 out of 103,15 out of 19, 48.97% Place: 232,5:10:32 Pace: 11:51,5:10:32,5:11:23,58:33 Pace: 11:00,4:05:53 Pace: 11:27,4:32:28 Pace: 11:36
313,John F Montgomery Ii,M,27,"San Francisco, CA",273 out of 339,197 out of 236,10 out of 10, 40.21% Place: 318,5:10:40 Pace: 11:51,5:10:40,5:11:23,47:46 Pace: 8:58,4:03:20 Pace: 11:20,4:30:14 Pace: 11:30
28,Kristin Mallon,F,28,"Brooklyn, NY",274 out of 339,77 out of 103,10 out of 13, 43.56% Place: 291,5:10:55 Pace: 11:52,5:10:55,5:12:00,56:51 Pace: 10:40,4:05:13 Pace: 11:25,4:31:01 Pace: 11:32
204,Eddie Schiffer,M,52,"Elmont, NY",275 out of 339,198 out of 236,30 out of 37, 45.67% Place: 271,5:10:55 Pace: 11:52,5:10:55,5:12:00,56:51 Pace: 10:40,4:05:11 Pace: 11:25,4:31:01 Pace: 11:32
114,Norman Suguitan,M,43,"San Diego, CA",276 out of 339,199 out of 236,31 out of 36, 42.14% Place: 303,5:11:27 Pace: 11:53,5:11:27,5:12:15,57:06 Pace: 10:43,4:05:51 Pace: 11:27,4:29:31 Pace: 11:29
293,Charlie Alewine,M,63,"Diamond Bar, CA",277 out of 339,200 out of 236,11 out of 16, 50.59% Place: 212,5:11:57 Pace: 11:54,5:11:57,5:12:58,58:42 Pace: 11:01,4:11:57 Pace: 11:44,4:34:41 Pace: 11:42
374,Tasha Riley,F,34,"Valencia, CA",278 out of 339,78 out of 103,11 out of 12, 43.74% Place: 288,5:12:38 Pace: 11:56,5:12:38,5:13:17,53:06 Pace: 9:58,4:04:15 Pace: 11:22,4:32:11 Pace: 11:35
208,Paul Kim,M,64,"Van Nuys, CA",279 out of 339,201 out of 236,12 out of 16, 50.76% Place: 208,5:14:07 Pace: 11:59,5:14:07,5:14:15,58:37 Pace: 11:00,4:12:46 Pace: 11:46,4:35:51 Pace: 11:45
371,Mary Jellison,F,50,"Newhall, CA",280 out of 339,79 out of 103,9 out of 15, 50.76% Place: 207,5:15:02 Pace: 12:01,5:15:02,5:16:32,59:55 Pace: 11:15,4:08:05 Pace: 11:33,4:32:09 Pace: 11:35
125,Emily Wandel,F,26,"Valencia, CA",281 out of 339,80 out of 103,11 out of 13, 42.93% Place: 300,5:15:26 Pace: 12:02,5:15:26,5:15:45,50:53 Pace: 9:33,3:54:18 Pace: 10:54,4:26:57 Pace: 11:22
152,Kevin Sarkissian,M,41,"Valencia, CA",282 out of 339,202 out of 236,32 out of 36, 40.85% Place: 312,5:15:58 Pace: 12:04,5:15:58,5:16:29,53:24 Pace: 10:02,4:03:30 Pace: 11:20,4:30:57 Pace: 11:32
127,Janet Aguilar,F,51,"Stevenson Ranch, CA",283 out of 339,81 out of 103,10 out of 15, 51.20% Place: 196,5:16:24 Pace: 12:05,5:16:24,5:16:46,1:01:17 Pace: 11:30,4:10:15 Pace: 11:39,4:35:32 Pace: 11:44
311,Doug Meadows,M,56,"Ft Collins, CO",284 out of 339,203 out of 236,22 out of 23, 46.25% Place: 264,5:18:41 Pace: 12:10,5:18:41,5:18:55,1:01:25 Pace: 11:32,4:15:54 Pace: 11:55,4:40:05 Pace: 11:56
41,Christine Summerell,F,41,"Stevenson Ranch, CA",285 out of 339,82 out of 103,12 out of 13, 44.79% Place: 277,5:20:30 Pace: 12:14,5:20:30,5:21:41,58:11 Pace: 10:55,4:17:51 Pace: 12:00,4:41:54 Pace: 12:00
242,Steven Be Cotte,M,41,"Long Beach, CA",286 out of 339,204 out of 236,33 out of 36, 40.27% Place: 316,5:20:31 Pace: 12:14,5:20:31,5:21:41,58:12 Pace: 10:55,4:17:20 Pace: 11:59,4:41:32 Pace: 11:59
252,Pete Dowling,M,44,"Valencia, CA",287 out of 339,205 out of 236,34 out of 36, 41.18% Place: 310,5:21:23 Pace: 12:16,5:21:23,5:22:20,51:53 Pace: 9:44,4:13:10 Pace: 11:47,4:40:07 Pace: 11:56
138,Carl Rogers,M,53,"Norwalk, CA",288 out of 339,206 out of 236,31 out of 37, 44.42% Place: 281,5:22:37 Pace: 12:19,5:22:37,5:23:20,52:53 Pace: 9:56,4:13:25 Pace: 11:48,4:40:23 Pace: 11:56
299,Guillermo Rios,M,49,"Ventura, CA",289 out of 339,207 out of 236,41 out of 44, 42.84% Place: 301,5:22:37 Pace: 12:19,5:22:37,5:26:00,1:01:15 Pace: 11:30,4:20:28 Pace: 12:07,4:49:38 Pace: 12:20
188,Jack Hanna,M,53,"Laguna Hills, CA",290 out of 339,208 out of 236,32 out of 37, 44.25% Place: 284,5:23:52 Pace: 12:22,5:23:52,5:24:48,51:33 Pace: 9:41,4:16:07 Pace: 11:55,4:41:43 Pace: 12:00
306,Neil Sanchez,M,38,"Newhall, CA",291 out of 339,209 out of 236,39 out of 41, 38.90% Place: 324,5:24:01 Pace: 12:22,5:24:01,5:24:33,58:31 Pace: 10:59,4:13:18 Pace: 11:47,4:40:34 Pace: 11:57
90,Tracy Lawrence,F,45,"Castaic, CA",292 out of 339,83 out of 103,16 out of 19, 46.23% Place: 267,5:24:59 Pace: 12:24,5:24:59,5:25:24,59:43 Pace: 11:13,4:18:14 Pace: 12:01,4:43:07 Pace: 12:03
92,Rebecca Erickson,F,31,"San Diego, CA",293 out of 339,84 out of 103,12 out of 12, 41.64% Place: 308,5:25:46 Pace: 12:26,5:25:46,5:26:23,58:29 Pace: 10:59,4:15:04 Pace: 11:52,4:40:58 Pace: 11:58
222,Gabriel Aguilera,M,32,"Sylmar, CA",294 out of 339,210 out of 236,12 out of 14, 38.32% Place: 329,5:25:59 Pace: 12:26,5:25:59,5:26:21,47:17 Pace: 8:53,4:22:15 Pace: 12:12,4:47:15 Pace: 12:14
240,Dave Bourne,M,64,"San Luis Obispo, CA",295 out of 339,211 out of 236,13 out of 16, 48.81% Place: 234,5:26:38 Pace: 12:28,5:26:38,5:28:09,1:00:18 Pace: 11:19,4:20:00 Pace: 12:06,4:45:55 Pace: 12:10
255,Jennifer Biddulph,F,54,"Arcadia, CA",296 out of 339,85 out of 103,11 out of 15, 51.48% Place: 192,5:27:28 Pace: 12:30,5:27:28,5:28:04,54:07 Pace: 10:10,4:16:56 Pace: 11:58,4:44:11 Pace: 12:06
52,Nancy Duncan,F,52,"Santa Clarita, CA",297 out of 339,86 out of 103,12 out of 15, 50.09% Place: 220,5:27:38 Pace: 12:30,5:27:38,5:29:24,52:43 Pace: 9:54,4:12:11 Pace: 11:44,4:40:03 Pace: 11:55
336,Carol Levine,F,0,"Tucson, AZ",298 out of 339,87 out of 103,0 out of 0,5:29:09 Pace: 12:34,5:29:09,5:29:38,56:41 Pace: 10:39,4:16:20 Pace: 11:56,4:44:16 Pace: 12:06
9,Sr Frank Contreraz,M,53,"Saugus, CA",299 out of 339,212 out of 236,33 out of 37, 43.16% Place: 296,5:32:00 Pace: 12:40,5:32:00,5:32:00,            Pace:            ,            Pace:            ,            Pace:            
104,Jann Liang,M,70,"Chatsworth, CA",300 out of 339,213 out of 236,2 out of 2, 51.13% Place: 199,5:32:16 Pace: 12:41,5:32:16,5:33:06,1:00:41 Pace: 11:24,4:24:43 Pace: 12:19,4:49:56 Pace: 12:21
57,Walter Schuttler,M,57,"Seymour, CT",301 out of 339,214 out of 236,23 out of 23, 44.74% Place: 278,5:32:32 Pace: 12:41,5:32:32,5:32:57,59:35 Pace: 11:11,4:24:25 Pace: 12:18,4:49:55 Pace: 12:21
406,Steven Kenedy,M,21,"Valencia, CA",302 out of 339,215 out of 236,5 out of 7, 37.60% Place: 330,5:33:45 Pace: 12:44,5:33:45,5:34:14,55:07 Pace: 10:21,4:19:35 Pace: 12:05,4:46:11 Pace: 12:11
19,Brittany Carlisle,F,19,"Clovis, CA",303 out of 339,88 out of 103,5 out of 5, 40.38% Place: 315,5:37:31 Pace: 12:53,5:37:31,5:38:33,57:02 Pace: 10:42,4:29:49 Pace: 12:33,4:56:31 Pace: 12:38
121,Ernest Fisco,M,44,"Santa Clarita, CA",304 out of 339,216 out of 236,35 out of 36, 38.86% Place: 325,5:40:35 Pace: 13:00,5:40:35,5:41:04,52:46 Pace: 9:54,4:19:31 Pace: 12:05,4:53:03 Pace: 12:29
148,Stephanie Richardson,F,35,"Long Beach, CA",305 out of 339,89 out of 103,15 out of 17, 40.05% Place: 321,5:42:58 Pace: 13:05,5:42:58,5:43:49,1:04:59 Pace: 12:12,4:35:04 Pace: 12:48,5:01:37 Pace: 12:51
216,Terry Harikul,M,53,"Valencia, CA",306 out of 339,217 out of 236,34 out of 37, 41.77% Place: 307,5:43:07 Pace: 13:06,5:43:07,5:44:15,58:14 Pace: 10:56,4:31:17 Pace: 12:38,5:00:29 Pace: 12:48
269,Jay Jenkins,M,46,"Valencia, CA",307 out of 339,218 out of 236,42 out of 44, 39.07% Place: 323,5:44:39 Pace: 13:09,5:44:39,5:45:26,53:55 Pace: 10:07,4:24:56 Pace: 12:20,4:55:53 Pace: 12:36
159,Theresa Simpson,F,38,"Canyon Country, CA",308 out of 339,90 out of 103,16 out of 17, 40.46% Place: 313,5:45:42 Pace: 13:12,5:45:42,5:47:02,1:04:17 Pace: 12:04,4:36:23 Pace: 12:52,5:02:40 Pace: 12:53
99,Justo Rivera,M,60,"Palmdale, CA",309 out of 339,219 out of 236,14 out of 16, 44.23% Place: 285,5:46:21 Pace: 13:13,5:46:21,5:47:04,1:00:21 Pace: 11:20,4:36:19 Pace: 12:52,5:03:28 Pace: 12:55
248,Sandra Jackson,F,45,"Oxnard, CA",310 out of 339,91 out of 103,17 out of 19, 43.16% Place: 297,5:48:06 Pace: 13:17,5:48:06,5:48:57,59:13 Pace: 11:07,4:37:27 Pace: 12:55,5:00:57 Pace: 12:49
249,Jesse Soto,M,50,"Oxnard, CA",311 out of 339,220 out of 236,35 out of 37, 40.06% Place: 320,5:48:08 Pace: 13:17,5:48:08,5:48:59,59:13 Pace: 11:07,4:37:26 Pace: 12:55,5:00:57 Pace: 12:49
87,Armando Soto,M,64,"Granada Hills, CA",312 out of 339,221 out of 236,15 out of 16, 45.77% Place: 269,5:48:23 Pace: 13:18,5:48:23,5:48:30,1:06:39 Pace: 12:31,4:36:16 Pace: 12:51,5:06:56 Pace: 13:04
48,Joe Winter,M,48,"Santa Clarita, CA",313 out of 339,222 out of 236,43 out of 44, 39.25% Place: 322,5:49:04 Pace: 13:19,5:49:04,5:49:27,59:48 Pace: 11:14,4:37:28 Pace: 12:55,5:03:42 Pace: 12:56
131,Kenneth Dailey,M,43,"Thousand Oaks, CA",314 out of 339,223 out of 236,36 out of 36, 37.57% Place: 331,5:49:17 Pace: 13:20,5:49:17,5:50:44,59:41 Pace: 11:12,4:26:09 Pace: 12:23,4:59:47 Pace: 12:46
346,Clara Garcia,F,28,"Canyon Country, CA",315 out of 339,92 out of 103,12 out of 13, 38.77% Place: 326,5:49:19 Pace: 13:20,5:49:19,5:50:20,53:12 Pace: 9:59,4:32:56 Pace: 12:42,4:59:46 Pace: 12:46
335,Tessa Lucero,F,45,"Canyon Country, CA",316 out of 339,93 out of 103,18 out of 19, 43.01% Place: 299,5:49:21 Pace: 13:20,5:49:21,5:50:42,1:04:22 Pace: 12:05,4:40:00 Pace: 13:02,5:07:07 Pace: 13:05
115,Mg Montgomery,F,39,"Bakersfield, CA",317 out of 339,94 out of 103,17 out of 17, 40.19% Place: 319,5:50:38 Pace: 13:23,5:50:38,5:51:27,1:08:46 Pace: 12:55,4:41:50 Pace: 13:07,5:08:24 Pace: 13:08
268,Yolanda Holder,F,50,"Corona, CA",318 out of 339,95 out of 103,13 out of 15, 45.59% Place: 273,5:50:46 Pace: 13:23,5:50:46,5:51:35,1:08:47 Pace: 12:55,4:41:50 Pace: 13:07,5:08:26 Pace: 13:08
377,Bonnie Coulehan,F,29,"Bakersfield, CA",319 out of 339,96 out of 103,13 out of 13, 38.60% Place: 327,5:50:52 Pace: 13:23,5:50:52,5:52:12,57:42 Pace: 10:50,4:22:47 Pace: 12:14,4:54:50 Pace: 12:33
389,Juan Baello,M,52,"Canyon Country, CA",320 out of 339,224 out of 236,36 out of 37, 40.23% Place: 317,5:52:59 Pace: 13:28,5:52:59,5:53:34,1:00:37 Pace: 11:23,4:43:51 Pace: 13:13,5:12:16 Pace: 13:18
289,Millie Baello,F,48,"Santa Clarita, CA",321 out of 339,97 out of 103,19 out of 19, 44.16% Place: 286,5:53:00 Pace: 13:28,5:53:00,5:53:34,1:00:38 Pace: 11:23,4:43:50 Pace: 13:13,5:12:21 Pace: 13:18
66,Jeannette Roostai,F,66,"Yucaipa, CA",322 out of 339,98 out of 103,2 out of 3, 57.42% Place: 119,5:53:32 Pace: 13:30,5:53:32,5:54:47,1:06:56 Pace: 12:34,4:49:31 Pace: 13:28,5:14:46 Pace: 13:24
61,Gail Campofiore,F,61,"Walnut, CA",323 out of 339,99 out of 103,3 out of 3, 52.52% Place: 175,5:54:57 Pace: 13:33,5:54:57,5:56:04,1:04:10 Pace: 12:03,4:40:42 Pace: 13:04,5:10:38 Pace: 13:14
217,Orlando Rivera,M,54,"Castaic, CA",324 out of 339,225 out of 236,37 out of 37, 40.45% Place: 314,5:57:35 Pace: 13:39,5:57:35,5:59:00,1:11:20 Pace: 13:23,4:36:11 Pace: 12:51,5:06:13 Pace: 13:02
290,Jeff Fishkin,M,33,"Newhall, CA",325 out of 339,226 out of 236,13 out of 14, 34.84% Place: 333,5:58:33 Pace: 13:41,5:58:33,6:00:01,1:04:58 Pace: 12:12,4:41:03 Pace: 13:05,5:13:43 Pace: 13:21
405,Cayetano Santanero,M,49,"Castaic, CA",326 out of 339,227 out of 236,44 out of 44, 37.50% Place: 332,6:08:34 Pace: 14:04,6:08:34,6:10:03,50:36 Pace: 9:30,4:48:30 Pace: 13:26,5:20:24 Pace: 13:39
65,Nicholas Karem,M,65,"Louisville, KY",327 out of 339,228 out of 236,4 out of 6, 43.57% Place: 290,6:09:45 Pace: 14:07,6:09:45,6:11:15,1:08:29 Pace: 12:51,4:54:53 Pace: 13:43,5:23:53 Pace: 13:47
40,Vicky Minniss,F,40,"Valencia, CA",328 out of 339,100 out of 103,13 out of 13, 38.43% Place: 328,6:09:54 Pace: 14:07,6:09:54,6:10:19,1:04:50 Pace: 12:10,4:55:58 Pace: 13:46,5:24:58 Pace: 13:50
369,Kathy Kusner,F,68,"Playa Vista, CA",329 out of 339,101 out of 103,3 out of 3, 56.69% Place: 127,6:12:18 Pace: 14:12,6:12:18,6:13:08,1:03:05 Pace: 11:51,4:59:14 Pace: 13:56,5:28:23 Pace: 13:59
68,Bob Livitz,M,68,"Houston, TX",330 out of 339,229 out of 236,5 out of 6, 44.52% Place: 280,6:13:26 Pace: 14:15,6:13:26,6:14:20,1:01:56 Pace: 11:38,4:56:37 Pace: 13:48,5:27:56 Pace: 13:58
394,Miguel Coronado,M,35,"Lancaster, CA",331 out of 339,230 out of 236,40 out of 41, 33.32% Place: 335,6:14:54 Pace: 14:18,6:14:54,6:14:56,1:09:08 Pace: 12:59,5:03:37 Pace: 14:08,5:29:14 Pace: 14:01
393,Salvador Suarez,M,31,"Lancaster, CA",332 out of 339,231 out of 236,14 out of 14, 33.32% Place: 336,6:14:55 Pace: 14:18,6:14:55,6:14:57,1:09:08 Pace: 12:59,5:03:32 Pace: 14:08,5:29:15 Pace: 14:01
292,Abigail Abbott-Perez,F,53,"Simi Valley, CA",333 out of 339,102 out of 103,14 out of 15, 43.94% Place: 287,6:18:30 Pace: 14:27,6:18:30,6:19:57,1:15:59 Pace: 14:16,5:01:29 Pace: 14:02,5:30:25 Pace: 14:04
273,Jim McIntosh,M,61,"Simi Valley, CA",334 out of 339,232 out of 236,16 out of 16, 40.87% Place: 311,6:18:31 Pace: 14:27,6:18:31,6:19:58,1:16:00 Pace: 14:16,5:01:32 Pace: 14:02,5:30:28 Pace: 14:04
18,Christopher Wakamatsu,M,18,"Chatsworth, CA",335 out of 339,233 out of 236,6 out of 7, 34.15% Place: 334,6:20:26 Pace: 14:31,6:20:26,6:21:18,48:01 Pace: 9:01,4:46:53 Pace: 13:21,5:18:43 Pace: 13:34
74,Miriam Saravia,F,51,"Chatsworth, CA",336 out of 339,103 out of 103,15 out of 15, 42.18% Place: 302,6:24:00 Pace: 14:39,6:24:00,6:24:48,59:46 Pace: 11:13,5:03:44 Pace: 14:08,5:35:56 Pace: 14:18
303,Haywood Crowder,M,66,"Compton, CA",337 out of 339,234 out of 236,6 out of 6, 41.31% Place: 309,6:34:06 Pace: 15:02,6:34:06,6:34:12,1:00:20 Pace: 11:20,5:16:25 Pace: 14:43,5:48:05 Pace: 14:49
163,Jeff Ballard,M,36,"Saugus, CA",338 out of 339,235 out of 236,41 out of 41, 30.73% Place: 337,6:46:53 Pace: 15:32,6:46:53,6:47:36,1:07:20 Pace: 12:38,5:14:36 Pace: 14:38,5:50:41 Pace: 14:56
73,Carlos Saravia,M,21,"Chatsworth, CA",339 out of 339,236 out of 236,7 out of 7, 30.72% Place: 338,6:48:33 Pace: 15:35,6:48:33,6:49:25,58:33 Pace: 11:00,5:09:00 Pace: 14:23,5:40:49 Pace: 14:31
