Place,Name,Location,Bib,Net Time,Pace,Division/Place,Sex-Age,Sex-Place,Gun Time,Age Grade
1,Victor Martinez,"Los Angeles, CA",220,2:46:24,6:21,M 30-34/1,M-30,1,2:46:24,73.90%
2,Jose Morales,"King City, CA",198,2:47:50,6:25,M 30-34/2,M-32,2,2:47:50,73.27%
3,Ravi Sharma,"Arcadia, CA",312,2:54:08,6:39,M 16-24/1,M-18,3,2:54:08,70.66%
4,Nico Colin,"Lancaster, CA",71,2:54:34,6:40,M 30-34/3,M-30,4,2:54:43,70.44%
5,Daniel Cantu,"Anaheim, CA",60,2:56:08,6:44,M 25-29/1,M-29,5,2:56:08,69.81%
6,Solomon Yohannes,"Valencia, CA",258,2:59:29,6:51,M 45-49/1,M-47,6,2:59:33,74.51%
7,Oscar Valdes,"Carmel By The Sea, CA",358,3:02:47,6:59,M 25-29/2,M-26,7,3:02:47,67.27%
8,Joshua Sharp,"Oxnard, CA",313,3:06:24,7:07,M 35-39/1,M-35,8,3:06:25,66.30%
9,Javier Bautista,"Santa Clarita, CA",36,3:08:10,7:11,M 25-29/3,M-29,9,3:08:21,65.35%
10,Tony Cota,"Valencia, CA",259,3:09:00,7:13,M 45-49/2,M-46,10,3:09:05,70.16%
11,Kris McFarren,"Valencia, CA",224,3:09:41,7:15,M 35-39/2,M-36,11,3:09:41,65.34%
12,Erick Tzic,"Sun Valley, CA",462,3:13:44,7:24,M 16-24/2,M-24,12,3:13:45,63.47%
13,Corey Jones,"Los Angeles, CA",156,3:14:05,7:25,M 30-34/4,M-32,13,3:14:32,63.36%
14,Trent Hilton,"Santa Clarita, CA",144,3:14:25,7:25,M 35-39/3,M-35,14,3:14:26,63.56%
15,Max Tiemann,"Los Angeles, CA",347,3:16:57,7:31,M 25-29/4,M-29,15,3:17:00,62.43%
16,Alfredo Korzenik,"Santa Monica, CA",182,3:17:16,7:32,M 50-54/1,M-51,16,3:17:16,70.16%
17,Angela Reynolds,"Valencia, CA",286,3:18:05,7:34,F 35-39/1,F-36,1,3:18:05,69.11%
18,Dan Stefanson,"CA, ",331,3:19:12,7:36,M 45-49/3,M-49,17,3:19:16,68.29%
19,Michael Fang,"Pasadena, CA",104,3:22:46,7:44,M 16-24/3,M-23,18,3:23:12,60.64%
20,Ignacio Anaya,"San Ysidro, CA",24,3:25:16,7:50,M 45-49/4,M-49,19,3:25:16,66.27%
21,Sara Hanna,"Saugus, CA",437,3:25:27,7:51,F 30-34/1,F-34,2,3:25:30,66.23%
22,Jorge Lemus,"Canyon Country, CA",470,3:25:36,7:51,M 35-39/4,M-36,20,3:25:44,60.28%
23,Emmanuel Maximo,"Inglewood, CA",223,3:25:46,7:51,M 30-34/5,M-34,21,3:26:17,59.92%
24,Lauri Luik,"Sherman Oaks, CA",204,3:27:19,7:55,M 40-44/1,M-43,22,3:27:30,62.39%
25,Roberto Chavez,"Montebello, CA",65,3:27:30,7:55,M 40-44/2,M-43,23,3:27:30,62.33%
26,Michel Maokhampio,"Los Angeles, CA",213,3:27:40,7:56,M 35-39/5,M-36,24,3:27:40,59.68%
27,Jose Reyna,"Palmdale, CA",459,3:28:19,7:57,M 35-39/6,M-38,25,3:28:19,60.00%
28,Keegan Zehr,"Tehachapi, CA",376,3:28:41,7:58,M 16-24/4,M-21,26,3:28:55,58.92%
29,Trevor Kent,"North Hollywood, CA",165,3:29:24,8:00,M 16-24/5,M-24,27,3:29:49,58.72%
30,Remy Viehoff,"Lancaster, CA",362,3:29:35,8:00,M 25-29/5,M-28,28,3:30:09,58.67%
31,Andrew Moody,"Culver City, CA",241,3:29:36,8:00,M 30-34/6,M-32,29,3:29:59,58.67%
32,Gregg Horwitz,"Valencia, CA",145,3:29:37,8:00,M 45-49/5,M-45,30,3:29:57,62.74%
33,Jose Estrada,"Valencia, CA",101,3:29:52,8:01,M 40-44/3,M-40,31,3:30:02,60.25%
34,Will Caplenor,", ",379,3:29:53,8:01,M 30-34/7,M-31,32,3:30:03,58.58%
35,Jonathan Morse,"Castaic, CA",330,3:29:53,8:01,M 25-29/6,M-27,33,3:30:02,58.58%
36,Soohan Kim,"Tujunga, CA",171,3:30:31,8:02,M 60-64/1,M-61,34,3:30:31,72.06%
37,Francisco Meza,"Alhambra, CA",232,3:31:25,8:04,M 35-39/7,M-39,35,3:31:37,59.44%
38,George Mount,"Palo Alto, CA",248,3:34:06,8:10,M 40-44/4,M-44,36,3:34:33,60.92%
39,Marco Ochoa,"El Monte, CA",438,3:35:23,8:13,M 45-49/6,M-45,37,3:35:24,61.06%
40,Casey Slowiak,"Hudson, WI",317,3:35:59,8:15,M 16-24/6,M-20,38,3:36:15,56.93%
41,Kassandra Randazzo,"Los Angeles, CA",280,3:36:12,8:15,F 25-29/1,F-26,3,3:36:34,62.64%
42,Wayne Lee,"Stevenson Rn, CA",446,3:36:15,8:15,M 45-49/7,M-48,39,3:36:21,62.36%
43,Jamie Johnson,"Rancho Palos Verdes, CA",155,3:36:37,8:16,M 35-39/8,M-35,40,3:36:41,57.05%
44,Peter Mendoza,"San Diego, CA",230,3:37:36,8:18,M 45-49/8,M-46,41,3:37:36,60.93%
45,Erick Pitsker,"Burbank, CA",272,3:37:57,8:19,M 40-44/5,M-44,42,3:38:21,59.84%
46,John Ellis,"Long Beach, CA",97,3:38:42,8:21,M 35-39/9,M-38,43,3:38:57,57.15%
47,Mark Valbuena,"Valencia, CA",340,3:39:24,8:23,M 35-39/10,M-35,44,3:39:26,56.32%
48,Daniel Petley,"Lebanon, PA",268,3:40:13,8:24,M 50-54/2,M-53,45,3:40:23,63.97%
49,Roger Desesa,"Valencia, CA",86,3:42:19,8:29,M 45-49/9,M-49,46,3:42:22,61.19%
50,Danilo Razon,"Glendale, CA",282,3:42:44,8:30,M 60-64/2,M-61,47,3:43:14,68.11%
51,Michael Schwartz,"Lake Forest, CA",309,3:43:25,8:32,M 55-59/1,M-58,48,3:43:43,66.00%
52,Rosalia Martinez,"Santa Clarita, CA",219,3:44:25,8:34,F 30-34/2,F-33,4,3:44:30,60.50%
53,Mike Stephens,"Simi Valley, CA",8,3:44:31,8:34,M 55-59/2,M-58,49,3:44:39,65.67%
54,Michael Johnson,"Valencia, CA",440,3:46:26,8:39,M 55-59/3,M-55,50,3:46:30,63.35%
55,Brian Frank,"Valencia, CA",378,3:48:08,8:43,M 55-59/4,M-57,51,3:48:23,64.03%
56,Kelsey Almendariz,"Los Angeles, CA",22,3:48:27,8:43,F 25-29/2,F-26,5,3:48:35,59.28%
57,Grant Barnett,"Palmdale, CA",350,3:50:00,8:47,M 40-44/6,M-40,52,3:50:18,54.97%
58,Jose Pablo Morales,"Pacoima, CA",242,3:50:01,8:47,M 50-54/3,M-52,53,3:50:01,60.70%
59,Eric Esby,"Agoura Hills, CA",98,3:50:07,8:47,M 40-44/7,M-40,54,3:50:18,54.95%
60,Peter Bolton,"Santa Monica, CA",467,3:50:20,8:48,M 25-29/7,M-26,55,3:50:54,53.38%
61,Joe Strauss,"Mission Viejo, CA",333,3:50:34,8:48,M 50-54/4,M-50,56,3:50:38,59.51%
62,Balderas Adriana,"Irvine, CA",14,3:51:19,8:50,F 35-39/2,F-36,6,3:51:19,59.18%
63,June Lee,"Montebello, CA",189,3:51:44,8:51,F 55-59/1,F-57,7,3:52:03,72.81%
64,Stefano Cois,"San Jose, CA",69,3:51:47,8:51,M 60-64/3,M-63,57,3:52:15,66.73%
65,Lisa Lederman Vandyke,"Valencia, CA",187,3:52:01,8:51,F 40-44/1,F-40,8,3:52:18,60.18%
66,Manuel Calzadavillagomez,"Sun Valley, CA",436,3:52:09,8:52,M 45-49/10,M-49,58,3:52:09,58.59%
67,Jose Vara,"Montebello, CA",360,3:52:19,8:52,M 50-54/5,M-50,59,3:52:25,59.06%
68,Alberto Cabrera,"Tustin, CA",58,3:53:07,8:54,M 30-34/8,M-31,60,3:53:30,52.75%
69,Erika Lilley,"Santa Barbara, CA",195,3:54:13,8:56,F 35-39/3,F-37,9,3:54:17,58.67%
70,Raeanne Grabowski,"Encinitas, CA",124,3:55:14,8:59,F 30-34/3,F-30,10,3:55:31,57.57%
71,Miranda Westfall,"Los Angeles, CA",367,3:56:52,9:03,F 25-29/3,F-27,11,3:57:50,57.17%
72,Thanh Dang,"Ridgecrest, CA",80,3:57:03,9:03,M 35-39/11,M-38,61,3:57:06,52.73%
73,William Ramirez-Watson,"Los Angeles, CA",279,3:57:08,9:03,M 25-29/8,M-26,62,3:57:18,51.85%
74,Hunter Kenyon,"Tehachapi, CA",166,3:57:26,9:04,M 16-24/7,M-21,63,3:57:50,51.79%
75,Jennifer Huckleberry,"La Jolla, CA",147,3:57:40,9:04,F 16-24/1,F-24,12,3:57:55,56.98%
76,Corey Albert,"Pasadena, CA",20,3:57:47,9:05,M 45-49/11,M-47,64,3:57:47,56.24%
77,Diego Feo-Mendez,"Webster, TX",105,3:57:52,9:05,M 35-39/12,M-37,65,3:59:35,52.31%
78,Jonathan Kahn,"Twentynine Palms, CA",159,3:58:16,9:06,M 30-34/9,M-34,66,3:58:53,51.75%
79,Jose Loreto,"Newhall, CA",464,3:58:30,9:06,M 25-29/9,M-27,67,3:58:31,51.55%
80,Michael Sim,"Lakewood, CA",315,3:59:06,9:08,M 25-29/10,M-28,68,3:59:44,51.43%
81,Tessa Komine,"Claremont, CA",179,3:59:48,9:09,F 25-29/4,F-25,13,3:59:58,56.47%
82,Theodore Slowiak,"Hudson, WI",318,3:59:51,9:09,M 50-54/6,M-50,69,4:00:06,57.21%
83,Oksana Polukhowich,", ",399,3:59:52,9:09,F 35-39/4,F-36,14,3:59:56,57.07%
84,Nigel Toates,", ",400,3:59:52,9:09,M 55-59/5,M-56,70,3:59:57,60.34%
85,Laurene Box,"Sherman Oaks, CA",450,4:00:45,9:11,F 40-44/2,F-40,15,4:00:51,58.00%
86,Ralph Lufkin,"San Diego, CA",203,4:01:59,9:14,M 30-34/10,M-33,71,4:01:59,50.87%
87,Shigeo Ogino,"Monterey Park, CA",372,4:02:26,9:15,M 50-54/7,M-54,72,4:02:31,58.63%
88,Fermin Lemus,"Palmdale, CA",469,4:02:48,9:16,M 45-49/12,M-46,73,4:02:57,54.61%
89,Richard Uranga,"Chino Hills, CA",356,4:02:49,9:16,M 35-39/13,M-35,74,4:04:15,50.89%
90,Julie Garcia,"Santa Clarita, CA",116,4:02:59,9:17,F 35-39/5,F-39,16,4:03:12,57.12%
91,Dan Walker,"Simi Valley, CA",453,4:03:13,9:17,M 55-59/6,M-57,75,4:03:16,60.06%
92,Chris Toh,"Los Angeles, CA",352,4:04:14,9:19,M 16-24/8,M-21,76,4:04:38,50.34%
93,Michael Barber,"Valencia, CA",33,4:04:27,9:20,M 40-44/8,M-43,77,4:04:48,52.91%
94,Rodvé Lewis,"Los Angeles, CA",194,4:04:48,9:21,M 25-29/11,M-27,78,4:06:06,50.23%
95,Paul Cole,"Menifee, CA",70,4:06:50,9:25,M 50-54/8,M-50,79,4:07:11,55.59%
96,Fernando Santana,"Tarzana, CA",495,4:07:16,9:26,M 45-49/13,M-45,80,4:08:36,53.19%
97,Dan Adams,"Pinon Hills, CA",11,4:07:19,9:26,M 65-69/1,M-68,81,4:07:33,65.76%
98,Gregory Boytos,"Lake Balboa, CA",47,4:07:38,9:27,M 30-34/11,M-32,82,4:08:23,49.66%
99,Vincent Arambula,"Arleta, CA",25,4:07:43,9:27,M 35-39/14,M-35,83,4:07:45,49.89%
100,Maggie Beach,"Pasadena, CA",38,4:09:28,9:31,F 45-49/1,F-45,17,4:10:51,58.26%
101,Yeong Woo,"Glendale, CA",370,4:09:46,9:32,M 55-59/7,M-55,84,4:11:12,57.43%
102,Andrew Kim,"Cerritos, CA",167,4:09:46,9:32,M 50-54/9,M-53,85,4:11:12,56.40%
103,Anthony Castaneda,"Green Valley, CA",62,4:10:10,9:33,M 30-34/12,M-31,86,4:10:50,49.15%
104,Donovan Kim,"Los Angeles, CA",168,4:10:13,9:33,M 40-44/9,M-44,87,4:11:42,52.12%
105,Michael Rafferty,"Stevenson Ranch, CA",410,4:10:18,9:33,M 35-39/15,M-39,88,4:10:58,50.21%
106,Raul Engle,"Canyon Country, CA",409,4:10:19,9:33,M 35-39/16,M-36,89,4:10:59,49.51%
107,Jae Hoon Lee,"La Crescenta, CA",188,4:10:23,9:33,M 50-54/10,M-50,90,4:11:52,54.80%
108,Arturo Martinez,"Santa Clarita, CA",218,4:10:30,9:34,M 40-44/10,M-40,91,4:10:34,50.48%
109,Luis Moreira,"Sherman Oaks, CA",245,4:10:43,9:34,M 35-39/17,M-37,92,4:10:54,49.63%
110,Elizabeth Bonin-Guzman,"Canyon Country, CA",45,4:10:52,9:35,F 45-49/2,F-48,18,4:12:14,59.87%
111,Michele Franco,"Sun Valley, CA",472,4:11:02,9:35,F 25-29/5,F-28,19,4:11:16,53.95%
112,Barry Levine,"Woodland Hills, CA",193,4:11:54,9:37,M 55-59/8,M-55,93,4:12:00,56.94%
113,Jose Son,"Van Nuys, CA",323,4:12:21,9:38,M 60-64/4,M-62,94,4:12:23,60.69%
114,Tom Nieblas,"Corona, CA",256,4:13:56,9:42,M 55-59/9,M-59,95,4:14:32,58.62%
115,Heonman Park,"Duarte, CA",263,4:15:11,9:44,M 50-54/11,M-54,96,4:16:38,55.70%
116,Don Benedicto,"Colton, CA",40,4:15:38,9:45,M 55-59/10,M-59,97,4:15:44,58.23%
117,Blair Hansen,"Pasadena, CA",131,4:15:49,9:46,F 50-54/1,F-50,20,4:17:11,60.18%
118,Henry Tien,"Corona, CA",442,4:17:02,9:49,M 50-54/12,M-53,98,4:18:10,54.81%
119,Alejandro Cortez,"Van Nuys, CA",74,4:17:55,9:51,M 16-24/9,M-22,99,4:18:38,47.67%
120,Andrew Jorgensen,"Sandy, UT",157,4:17:56,9:51,M 50-54/13,M-50,100,4:18:20,53.20%
121,Emily Bucago,"Anaheim, CA",52,4:18:31,9:52,F 30-34/4,F-34,21,4:19:00,52.63%
122,Rebecca Ware,"Los Angeles, CA",365,4:20:09,9:56,F 30-34/5,F-31,22,4:20:25,52.07%
123,Jonathan Sandoval,"Canyon Country, CA",305,4:20:20,9:56,M 30-34/13,M-34,101,4:20:58,47.36%
124,Wing Lo,"West Covina, CA",200,4:20:26,9:56,M 55-59/11,M-55,102,4:21:23,55.08%
125,Armando Hernandez,"Rancho Cucamonga, CA",140,4:21:14,9:58,M 40-44/11,M-40,103,4:22:33,48.40%
126,Jonathan Nez,"Valencia, CA",435,4:21:19,9:58,M 35-39/18,M-39,104,4:21:40,48.09%
127,Julie Benway,"Cambridge, MA",41,4:21:58,10:00,F 25-29/6,F-28,23,4:22:42,51.70%
128,Beth Townsend,"Santa Clarita, CA",354,4:22:20,10:01,F 40-44/3,F-40,24,4:23:27,53.22%
129,Tanguy De Courson,"Canyon Country, CA",82,4:23:55,10:04,M 40-44/12,M-40,105,4:24:02,47.91%
130,Jayme Harrold,"Creswell, OR",133,4:23:58,10:05,F 25-29/7,F-27,25,4:25:16,51.30%
131,Frank Seres Jr,"La Crescenta, CA",310,4:24:11,10:05,M 35-39/19,M-39,106,4:25:17,47.57%
132,Evelyn Torres,"Canyon Cntry, CA",448,4:25:08,10:07,F 40-44/4,F-40,26,4:25:44,52.66%
133,Lorenzo Cruz,"Newhall, CA",447,4:25:39,10:08,M 60-64/5,M-60,107,4:25:39,56.56%
134,Alejandro Escobedo,"Panorama City, CA",99,4:26:21,10:10,M 50-54/14,M-51,108,4:26:58,51.96%
135,Philippe Toudret,"FR, ",353,4:26:54,10:11,M 50-54/15,M-54,109,4:27:57,53.26%
136,Veronica Salinas,"Saugus, CA",304,4:27:10,10:12,F 35-39/6,F-38,27,4:28:28,51.68%
137,Hector Salinas,"Saugus, CA",303,4:27:10,10:12,M 40-44/13,M-42,110,4:28:28,48.02%
138,Mark Dannerth,"Santa Clarita, CA",81,4:27:21,10:12,M 45-49/14,M-47,111,4:28:35,50.02%
139,Adrienne Teter,"Glendale, CA",346,4:27:21,10:12,F 16-24/2,F-24,28,4:28:33,50.65%
140,Katharine Rietta,"Stevenson Ranch, CA",287,4:27:27,10:13,F 45-49/3,F-46,29,4:27:34,54.90%
141,Yeni Estrada,"Valencia, CA",102,4:28:41,10:15,F 35-39/7,F-37,30,4:29:36,51.15%
142,Kimberly Slagle,"Upland, CA",316,4:29:01,10:16,F 35-39/8,F-36,31,4:29:24,50.89%
143,Jen Francis,"Victorville, CA",430,4:29:16,10:17,F 40-44/5,F-42,32,4:30:22,52.58%
144,Brien Dodd,"Orange, CA",89,4:29:21,10:17,M 60-64/6,M-60,112,4:30:14,55.79%
145,Michael Dinicola,"Valencia, CA",445,4:29:39,10:18,M 35-39/20,M-37,113,4:30:29,46.14%
146,Juan Flores,"Castaic, CA",111,4:29:45,10:18,M 40-44/14,M-44,114,4:29:53,48.35%
147,Katherine Guerrero,"Glendale, CA",126,4:30:16,10:19,F 16-24/3,F-22,33,4:31:26,50.11%
148,Elijah Smith,"Burbank, CA",320,4:31:06,10:21,M 16-24/10,M-21,115,4:31:12,45.36%
149,Fred Salinas,"Canyon Country, CA",302,4:31:40,10:22,M 45-49/15,M-48,116,4:32:58,49.64%
150,Cyndi Sniezek,"Kenosha, WI",322,4:31:50,10:23,F 50-54/2,F-53,34,4:32:56,58.84%
151,Brenda Starkins,"Mentone, CA",328,4:32:05,10:23,F 40-44/6,F-43,35,4:32:37,52.46%
152,Mel Sandvig,"Chatsworth, CA",306,4:33:28,10:26,M 70-99/1,M-70,117,4:36:39,60.72%
153,Stephanie Fraser,"La Crescenta, CA",112,4:34:15,10:28,F 25-29/8,F-27,36,4:35:22,49.38%
154,Cindy Hendrix,"Palmdale, CA",139,4:35:09,10:30,F 50-54/3,F-51,37,4:36:11,56.66%
155,Rachel Costello,"Santa Clarita, CA",75,4:35:11,10:30,F 40-44/7,F-40,38,4:35:21,50.74%
156,Steven Butensky,"Los Angeles, CA",57,4:35:38,10:31,M 50-54/16,M-50,118,4:36:52,49.78%
157,Angela Grosvenor,"Huntington Beach, CA",125,4:35:49,10:32,F 45-49/4,F-47,39,4:37:15,53.83%
158,Veronica Pineda,"Valencia, CA",271,4:37:20,10:35,F 50-54/4,F-51,40,4:38:45,56.22%
159,Isabel Hernandez,"Van Nuys, CA",142,4:37:54,10:36,F 35-39/9,F-35,41,4:37:55,49.10%
160,Jeffrey Akers,"Benbrook, TX",17,4:38:51,10:39,M 45-49/16,M-45,119,4:40:27,47.16%
161,Patrick Kingsbury,"San Diego, CA",174,4:39:13,10:39,M 60-64/7,M-62,120,4:39:34,54.85%
162,Matt Meza,"Canyon Country, CA",233,4:40:17,10:42,M 30-34/14,M-33,121,4:40:31,43.92%
163,Robert Stewart,"Canyon Country, CA",332,4:40:27,10:42,M 50-54/17,M-51,122,4:40:32,49.35%
164,Min Chae,"Buena Park, CA",64,4:41:17,10:44,M 60-64/8,M-60,123,4:41:53,53.42%
165,Vickie Adams,"Pinon Hills, CA",13,4:42:16,10:46,F 55-59/2,F-56,42,4:42:29,58.97%
166,Julie Mabry,"Pasadena, CA",207,4:42:21,10:47,F 25-29/9,F-28,43,4:42:55,47.96%
167,Tiffany Moreno,"Altadena, CA",246,4:42:22,10:47,F 25-29/10,F-28,44,4:42:57,47.96%
168,Nic Montebon,"Stevenson Ranch, CA",240,4:42:30,10:47,M 40-44/15,M-44,124,4:45:06,46.17%
169,Danny Csiszar,"Santa Clarita, CA",78,4:42:31,10:47,M 25-29/12,M-27,125,4:43:39,43.52%
170,Erin Kahn,"Twentynine Palms, CA",158,4:42:38,10:47,F 35-39/10,F-35,45,4:43:14,48.28%
171,Lora Tang,"Riverside, CA",342,4:43:17,10:49,F 50-54/5,F-50,46,4:44:30,54.35%
172,Felipe Sattler,"North Hollywood, CA",307,4:43:36,10:49,M 35-39/21,M-38,126,4:43:36,44.07%
173,Christopher Boyle,"Glendale, AZ",46,4:43:40,10:50,M 55-59/12,M-59,127,4:44:56,52.47%
174,Anthony Lomeli,"Palmdale, CA",202,4:44:24,10:51,M 25-29/13,M-27,128,4:44:29,43.23%
175,Tony Mims,"Santa Clarita, CA",236,4:44:42,10:52,M 40-44/16,M-40,129,4:47:21,44.41%
176,Paul Berens,"Santa Clarita, CA",42,4:45:08,10:53,M 50-54/18,M-51,130,4:45:40,48.54%
177,Salenri Rau,"Redlands, CA",471,4:45:54,10:55,F 35-39/11,F-39,47,4:46:16,48.55%
178,Nadirah Nayo,"Pasadena, CA",254,4:46:08,10:55,F 45-49/5,F-49,48,4:47:27,53.14%
179,David Riding,"Lewiston, CA",454,4:46:23,10:56,M 50-54/19,M-54,131,4:47:00,49.63%
180,Ezequiel Cuitino,"Los Angeles, CA",79,4:46:29,10:56,M 40-44/17,M-41,132,4:46:39,44.44%
181,Jose Bermudez,"Fontana, CA",43,4:46:43,10:57,M 50-54/20,M-54,133,4:47:00,49.58%
182,Steven Barros,"San Diego, CA",34,4:46:55,10:57,M 55-59/13,M-59,134,4:47:20,51.88%
183,Hector Hernandez,"Canyon Country, CA",141,4:47:58,10:59,M 55-59/14,M-57,135,4:48:40,50.73%
184,Lukas Mendoza,"Culver City, CA",229,4:48:56,11:02,M 30-34/15,M-31,136,4:49:31,42.56%
185,Ruby Morales,"Los Angeles, CA",244,4:48:57,11:02,F 35-39/12,F-37,49,4:49:15,47.56%
186,Celina Mojica,"Aliso Viejo, CA",451,4:48:58,11:02,F 30-34/6,F-34,50,4:50:17,47.08%
187,Mark Hurwitz,"North Hollywood, CA",148,4:48:58,11:02,M 45-49/17,M-49,137,4:49:54,47.07%
188,Li Xu,"CN, ",371,4:49:29,11:03,M 40-44/18,M-41,138,4:49:47,43.98%
189,Alex Bryer,"Chatsworth, CA",51,4:50:35,11:05,M 55-59/15,M-56,139,4:51:43,49.81%
190,Thomas O'Dell,"Los Angeles, CA",257,4:50:45,11:06,M 55-59/16,M-56,140,4:51:59,49.78%
191,Vincent Alioto,"Villa Park, IL",21,4:51:35,11:08,M 30-34/16,M-32,141,4:52:01,42.17%
192,Alex Cinus,"San Jose, CA",68,4:52:08,11:09,M 30-34/17,M-33,142,4:52:36,42.13%
193,Ashot Mirzoyan,"La Crescenta, CA",238,4:52:09,11:09,M 55-59/17,M-59,143,4:53:39,50.95%
194,Jose Perez,"San Marino, CA",265,4:52:31,11:10,M 45-49/18,M-49,144,4:53:11,46.50%
195,Colleen Sproul,"Apple Valley, CA",325,4:53:17,11:12,F 55-59/3,F-56,51,4:54:06,56.75%
196,Edgar Arroyo,"Los Angeles, CA",455,4:54:23,11:14,M 30-34/18,M-30,145,4:54:53,41.77%
197,Geoff Bell,"Santa Clarita, CA",39,4:55:06,11:16,M 35-39/22,M-37,146,4:56:18,42.16%
198,Katie Smith,"Coalville, UT",321,4:55:40,11:17,F 35-39/13,F-36,52,4:57:25,46.30%
199,Jimmy Estrella,"Burbank, CA",103,4:56:14,11:18,M 45-49/19,M-45,147,4:57:00,44.39%
200,Greg Conley,"Palmdale, CA",72,4:56:21,11:19,M 60-64/9,M-62,148,4:58:57,51.68%
