Place,Name,Location,Bib,Net Time,Pace,Division/Place,Sex-Age,Sex-Place,Gun Time,Age Grade
1,Ricardo Ramirez,"Sun Valley, CA",475,2:37:08,6:00,M 40-44/1,M-42,1,2:37:08,82.83%
2,Jose Reyes,"Newhall, CA",505,2:50:48,6:31,M 40-44/2,M-40,2,2:51:13,74.95%
3,Erik Ohler,"Harbor City, CA",284,2:51:31,6:33,M 30-34/1,M-31,3,2:51:38,72.84%
4,Kyle Robinson,"Newhall, CA",334,3:00:39,6:54,M 25-29/1,M-28,4,3:00:47,69.15%
5,Ryan Niehaus,"Farmington, NM",281,3:01:15,6:55,M 25-29/2,M-29,5,3:01:24,68.93%
6,Tim Christoni,"Rancho Cucamonga, CA",92,3:04:41,7:03,M 40-44/3,M-44,6,3:04:43,71.66%
7,Frank Meza,"S Pasadena, CA",441,3:06:03,7:06,M 60-64/1,M-64,7,3:08:43,85.70%
8,Charles Poole,"Palmdale, CA",308,3:06:58,7:08,M 40-44/4,M-43,8,3:07:12,70.20%
9,Jose Renteria,"Palmdale, CA",457,3:07:44,7:10,M 50-54/1,M-54,9,3:07:51,77.05%
10,Peter Zeff,"Reno, NV",426,3:08:15,7:11,M 35-39/1,M-37,10,3:08:27,66.63%
11,Berne Dominguez,"Tehachapi, CA",118,3:08:15,7:11,M 25-29/3,M-29,11,3:08:30,66.36%
12,Mark Ellis,"Long Beach, CA",128,3:09:51,7:15,M 30-34/2,M-33,12,3:10:03,65.80%
13,Dolores Valencia,"Chino Hills, CA",440,3:11:10,7:18,F 45-49/1,F-49,1,3:11:10,83.14%
14,John Ellis,"Long Beach, CA",129,3:12:06,7:20,M 35-39/2,M-35,13,3:12:18,65.03%
15,Cory Stigile,"Los Angeles, CA",380,3:13:31,7:23,M 35-39/3,M-37,14,3:13:32,64.81%
16,Glimber Ayala,"Santa Ana, CA",34,3:13:41,7:24,M 30-34/3,M-32,15,3:13:44,64.50%
17,Benjamin Caro,"South Gate, CA",488,3:15:08,7:27,M 65-69/1,M-68,16,3:15:17,85.21%
18,Robbie Simpson,"San Diego, CA",469,3:15:53,7:29,M 35-39/4,M-36,17,3:16:23,63.84%
19,Lisa Reichmann,"Gaithersburg, MD",483,3:16:35,7:30,F 35-39/1,F-39,2,3:16:41,71.90%
20,Aaron Kohen,"Sherman Oaks, CA",511,3:16:41,7:31,M 40-44/5,M-40,18,3:17:10,65.08%
21,Alexander Rossetti,"Fairfield, CT",344,3:17:03,7:31,M 16-24/1,M-20,19,3:17:10,64.20%
22,Zachary Brenner,"West Hollywood, CA",58,3:20:52,7:40,M 30-34/4,M-32,20,3:21:35,62.19%
23,Mike Richey,"Bakersfield, CA",326,3:21:34,7:42,M 40-44/6,M-40,21,3:21:57,63.51%
24,Matthew Evans,"Rancho Cucamonga, CA",132,3:21:56,7:43,M 35-39/5,M-38,22,3:22:11,62.43%
25,Keng Hong Ho,"Los Angeles, CA",172,3:22:29,7:44,M 35-39/6,M-37,23,3:22:49,61.94%
26,Marvin Fong,"Arcadia, CA",137,3:22:38,7:44,M 45-49/1,M-46,24,3:22:51,66.45%
27,Kelley Puckett,"Los Angeles, CA",510,3:23:19,7:46,F 30-34/1,F-32,3,3:24:18,66.86%
28,Wesley Collier,"Lancaster, CA",509,3:24:53,7:49,M 35-39/7,M-35,25,3:25:32,60.97%
29,Julio Herrarte,"Palmdale, CA",599,3:24:55,7:49,M 45-49/2,M-46,26,3:24:57,65.71%
30,Bekki Manville,"Colorado Springs, CO",237,3:26:03,7:52,F 40-44/1,F-40,4,3:26:20,69.24%
31,David Gerharter,"Burbank, CA",142,3:26:37,7:53,M 50-54/2,M-50,27,3:26:48,67.51%
32,Tennille Taylor,"Farmington, NM",385,3:26:46,7:54,F 35-39/2,F-35,5,3:26:56,66.51%
33,Scott Deboer,"Los Angeles, CA",113,3:26:53,7:54,M 40-44/7,M-43,28,3:27:11,63.44%
34,Myungsoo Kang,"La Crescenta, CA",190,3:28:15,7:57,M 35-39/8,M-36,29,3:28:55,60.05%
35,Matthew Domsalla,"Palmdale, CA",446,3:28:48,7:58,M 35-39/9,M-39,30,3:29:09,60.80%
36,Daniel Leventhal,"Los Angeles, CA",25,3:28:50,7:58,M 25-29/4,M-25,31,3:28:57,59.82%
37,Alfred Scaletta,"Lake Zurich, IL",580,3:29:10,7:59,M 50-54/3,M-52,32,3:29:18,67.89%
38,Wing Lo,"West Covina, CA",227,3:29:15,7:59,M 50-54/4,M-52,33,3:29:52,67.87%
39,William Caplenor,"Reseda, CA",329,3:29:20,8:00,M 25-29/5,M-28,34,3:29:39,59.68%
40,Jawn Morse,"Castaic, CA",330,3:29:20,8:00,M 16-24/2,M-24,35,3:29:39,59.68%
41,Henrik Larsen,"DNK, ",214,3:29:26,8:00,M 30-34/5,M-30,36,3:29:44,59.65%
42,Taryn Spates,"Granada Hills, CA",375,3:30:19,8:02,F 30-34/2,F-34,6,3:30:19,65.07%
43,James Weagley,"Porter Ranch, CA",413,3:31:35,8:05,M 50-54/5,M-53,37,3:31:54,67.73%
44,Leanne Mohr,"Camarillo, CA",263,3:32:06,8:06,F 25-29/1,F-27,7,3:32:11,63.85%
45,Jonathan Powers,"Tucson, AZ",491,3:33:05,8:08,M 30-34/6,M-31,38,3:33:34,58.63%
46,Shigeo Ogino,"Monterey Par, CA",435,3:33:20,8:09,M 50-54/6,M-51,39,3:33:51,65.97%
47,James Pobanz,"Stevenson Rn, CA",451,3:33:45,8:10,M 45-49/3,M-46,40,3:34:19,62.99%
48,Fred Winkler,"Victorville, CA",416,3:33:45,8:10,M 50-54/7,M-53,41,3:34:07,67.05%
49,Lisa Yokoyama,"Huntington Beach, CA",423,3:33:54,8:10,F 40-44/2,F-44,8,3:34:06,69.77%
50,Oksana Barba,"Valencia, CA",37,3:34:15,8:11,F 30-34/3,F-30,9,3:34:26,63.23%
51,Nadia Ruiz,"Santa Fe Springs, CA",335,3:35:01,8:13,F 25-29/2,F-29,10,3:35:22,62.98%
52,Gregory Paggi,"Northridge, CA",292,3:35:06,8:13,M 35-39/10,M-35,42,3:35:26,58.08%
53,Mike Stephens,"Simi Valley, CA",8,3:35:22,8:13,M 55-59/1,M-55,43,3:38:49,67.80%
54,John Stevenson,"Santa Clarita, CA",379,3:35:37,8:14,M 45-49/4,M-46,44,3:35:57,62.45%
55,Dennis Lebman,"Saugus, CA",50,3:36:27,8:16,M 50-54/8,M-50,45,3:36:29,64.44%
56,Scott Douglas,"Santa Clarita, CA",120,3:36:36,8:16,M 35-39/11,M-38,46,3:36:57,58.20%
57,Michael Kang,"Los Angeles, CA",191,3:37:17,8:18,M 45-49/5,M-49,47,3:37:58,63.62%
58,Camille Celada,"Monterey Park, CA",84,3:37:34,8:18,F 35-39/3,F-39,11,3:40:08,64.97%
59,Armando Murillo,"Long Beach, CA",508,3:37:50,8:19,M 40-44/8,M-43,48,3:37:58,60.25%
60,Adrian Hernandez,"Indio, CA",165,3:38:05,8:20,M 35-39/12,M-35,49,3:38:39,57.28%
61,Toccoa Kahovec,"Saugus, CA",189,3:38:12,8:20,F 16-24/1,F-23,12,3:38:23,62.07%
62,David Ventura,"Granada Hills, CA",406,3:38:32,8:21,M 16-24/3,M-24,50,3:39:59,57.17%
63,Joe Toth,"Bakersfield, CA",392,3:38:41,8:21,M 45-49/6,M-45,51,3:39:15,61.04%
64,Terry Schultz,"Santa Clarita, CA",357,3:38:43,8:21,M 45-49/7,M-46,52,3:39:01,61.56%
65,Rick Morales,"Stevenson Ranch, CA",269,3:38:47,8:21,M 40-44/9,M-44,53,3:39:15,60.49%
66,Mike Rafferty,"Valencia, CA",339,3:38:51,8:21,M 35-39/13,M-36,54,3:39:23,57.14%
67,Tony Cota,"Valencia, CA",340,3:38:51,8:21,M 40-44/10,M-43,55,3:39:23,59.97%
68,Myles Allen,"Corona, CA",26,3:39:06,8:22,M 25-29/6,M-26,56,3:39:42,57.02%
69,Tristan Terraciano,"Valley Glen, CA",386,3:39:14,8:22,M 16-24/4,M-16,57,3:39:21,61.11%
70,Lino Torres,"Los Angeles, CA",391,3:40:03,8:24,M 40-44/11,M-43,58,3:40:07,59.64%
71,Cody Allen,"Santa Clarita, CA",28,3:40:56,8:26,M 16-24/5,M-16,59,3:41:39,60.64%
72,Juan Camacho,"Pacoima, CA",76,3:41:00,8:26,M 50-54/9,M-51,60,3:41:17,63.68%
73,Soohan Kim,"Tujunga, CA",197,3:41:43,8:28,M 55-59/2,M-58,61,3:42:26,67.76%
74,Andrew Kim,"Cerritos, CA",195,3:41:56,8:28,M 50-54/10,M-50,62,3:42:40,62.85%
75,Steve Jacobson,"Boca Raton, FL",182,3:42:04,8:29,M 50-54/11,M-51,63,3:42:18,63.37%
76,Courtney Chiasson,"Santa Clarita, CA",89,3:43:00,8:31,M 30-34/7,M-33,64,3:43:29,56.02%
77,Joe Ogata,"Pacoima, CA",283,3:43:07,8:31,M 60-64/2,M-64,65,3:43:58,71.46%
78,Steven Brenner,"Wrightwood, CA",59,3:43:08,8:31,M 40-44/12,M-42,66,3:43:34,58.33%
79,Roger De Sesa,"Valencia, CA",46,3:43:38,8:32,M 45-49/8,M-46,67,3:44:03,60.21%
80,Sergio Delatorre,"Sylmar, CA",477,3:44:05,8:33,M 45-49/9,M-47,68,3:44:07,60.61%
81,Brad Beal,"Lompoc, CA",40,3:44:06,8:33,M 30-34/8,M-32,69,3:45:51,55.75%
82,Berith Toledo,"San Fernando, CA",390,3:44:08,8:33,M 55-59/3,M-58,70,3:44:09,67.03%
83,Elizabeth Bonin-Guzman,"Canyon Country, CA",53,3:44:35,8:34,F 45-49/2,F-45,13,3:46:29,67.26%
84,Kirsten McCay-Smith,"Riverside, CA",245,3:44:50,8:35,F 40-44/3,F-40,14,3:45:40,63.45%
85,Jonathan Davison,"Vista, CA",111,3:45:18,8:36,M 25-29/7,M-29,71,3:46:33,55.45%
86,Devon Terraciano,"Valley Glen, CA",387,3:45:21,8:36,M 16-24/6,M-20,72,3:45:27,56.14%
87,Recaredo Torres,"La Crescenta, CA",445,3:45:50,8:37,M 40-44/13,M-43,73,3:46:45,58.11%
88,Jaclyn Garcia,"Redondo Beac, CA",502,3:45:51,8:37,F 30-34/4,F-31,15,3:46:23,60.07%
89,Arturo Valdez,"Panorama City, CA",401,3:45:53,8:37,M 55-59/4,M-58,74,3:45:55,66.51%
90,June Lee,"Montebello, CA",219,3:45:54,8:37,F 50-54/1,F-54,16,3:47:34,75.09%
91,Collin Ireton,"Edwards, CA",181,3:46:55,8:40,M 40-44/14,M-43,75,3:47:28,57.84%
92,Avril Cross,"Carlsbad, CA",105,3:47:02,8:40,F 35-39/4,F-38,17,3:47:13,61.75%
93,Amanda Nesheim,"Stevenson Rn, CA",455,3:48:02,8:42,F 16-24/2,F-17,18,3:49:08,61.55%
94,Jorge Lemus,"Palmdale, CA",221,3:48:35,8:44,M 30-34/9,M-33,76,3:49:19,54.65%
95,Deo Jaravata,"Granada Hills, CA",185,3:48:51,8:44,M 45-49/10,M-48,77,3:50:42,59.87%
96,Craig Anderson,"Corona, CA",27,3:48:51,8:44,M 45-49/11,M-48,78,3:48:57,59.87%
97,Joel White,"San Diego, CA",350,3:49:31,8:46,M 25-29/8,M-25,79,3:50:13,54.43%
98,Miguel Silva,"Pacoima, CA",367,3:49:42,8:46,M 25-29/9,M-26,80,3:50:31,54.39%
99,Gustavo Marks,"West Hills, CA",238,3:50:06,8:47,M 50-54/12,M-51,81,3:50:48,61.16%
100,Daniel Guzman,"Canyon Country, CA",153,3:50:12,8:47,M 45-49/12,M-47,82,3:52:07,59.00%
101,Oksuk Lee,"Buena Park, CA",218,3:50:23,8:48,F 45-49/3,F-48,19,3:51:06,68.05%
102,Amy Chavez,"Santa Monica, CA",86,3:50:25,8:48,F 45-49/4,F-48,20,3:51:08,68.04%
103,Carolyn Sion,"Glendale, CA",371,3:50:25,8:48,F 40-44/4,F-44,21,3:50:34,64.77%
104,Ryan Dugan,"Fullerton, CA",121,3:50:27,8:48,M 30-34/10,M-31,83,3:51:31,54.21%
105,Olivier Moratin,"Sylmar, CA",273,3:50:57,8:49,M 40-44/15,M-40,84,3:51:39,55.43%
106,Megan Ditolla,"Torrance, CA",116,3:51:35,8:50,F 35-39/5,F-37,22,3:52:10,60.09%
107,John McCormick,"Canyon Country, CA",246,3:51:40,8:51,M 35-39/14,M-36,85,3:52:03,53.98%
108,Joanna Moore,"Los Angeles, CA",267,3:51:44,8:51,F 45-49/5,F-45,23,3:51:50,65.19%
109,Michael Kulinski,"Springfield, VA",209,3:51:47,8:51,M 30-34/11,M-31,86,3:52:01,53.90%
110,Tom Grady,"Palmdale, CA",147,3:51:53,8:51,M 55-59/5,M-59,87,3:52:32,65.41%
111,Jesse Aranda,"Pacoima, CA",23,3:52:04,8:52,M 16-24/7,M-23,88,3:52:18,53.83%
112,David Liston,"Simi Valley, CA",461,3:52:24,8:52,M 55-59/6,M-56,89,3:53:04,63.42%
113,Tony Yeates,"Moorpark, CA",422,3:52:52,8:53,M 45-49/13,M-48,90,3:53:29,58.84%
114,Valentina Korchagina,"Valencia, CA",203,3:53:36,8:55,F 30-34/5,F-34,24,3:54:03,58.59%
115,Paolo Gatchalian,"San Diego, CA",141,3:53:44,8:55,M 25-29/10,M-29,91,3:54:25,53.45%
116,Lauren Hickey,"Valencia, CA",24,3:54:45,8:58,F 16-24/3,F-24,25,3:55:05,57.69%
117,Carlos Hernandez,"Monrovia, CA",166,3:55:03,8:58,M 45-49/14,M-48,92,3:55:34,58.29%
118,Deysi Osegueda,"North Hollywood, CA",290,3:55:27,8:59,F 30-34/6,F-31,26,3:55:54,57.62%
119,Molly Lepter,"San Diego, CA",222,3:56:12,9:01,F 16-24/4,F-22,27,3:56:51,57.34%
120,Brian Tomita,"Los Angeles, CA",490,3:56:16,9:01,M 35-39/15,M-39,93,3:57:02,53.74%
121,Dave Lane,"Riverside, CA",212,3:56:35,9:02,M 55-59/7,M-56,94,3:56:47,62.30%
122,Jose Loreto,"Newhall, CA",520,3:56:38,9:02,M 25-29/11,M-25,95,3:57:13,52.79%
123,Brian Crowley,"Santa Clarita, CA",106,3:57:08,9:03,M 55-59/8,M-55,96,3:57:23,61.57%
124,Rob Harris,"Long Beach, CA",159,3:57:22,9:04,M 45-49/15,M-47,97,3:57:35,57.22%
125,Nicol Tushla,"Brea, CA",395,3:57:26,9:04,F 40-44/5,F-44,28,3:58:29,62.86%
126,Eric Ostendorff,"Torrance, CA",291,3:57:40,9:04,M 50-54/13,M-52,98,3:58:41,59.75%
127,Anthony Schubert,"Pasadena, CA",356,3:57:44,9:05,M 30-34/12,M-33,99,3:59:11,52.55%
128,Rachelle Valdez,"Rancho Cucamonga, CA",399,3:58:19,9:06,F 50-54/2,F-53,29,3:58:36,70.22%
129,Jeremy Campbell,"Torrance, CA",82,3:58:22,9:06,M 35-39/16,M-38,100,3:59:03,52.88%
130,Eric Huezo,"Santa Clarita, CA",179,3:58:25,9:06,M 25-29/12,M-25,101,3:58:45,52.40%
131,Richard Benavidez,"Santa Clarita, CA",462,3:58:36,9:06,M 16-24/8,M-16,102,3:59:17,56.15%
132,Melinda Johnson,"Redondo Beach, CA",188,3:58:44,9:07,F 30-34/7,F-31,30,3:59:30,56.82%
133,Mayumi Kimura,"Los Angeles, CA",199,3:58:49,9:07,F 40-44/6,F-42,31,3:59:21,61.03%
134,Gerardo Perez,"Valencia, CA",301,3:58:53,9:07,M 35-39/17,M-38,103,3:59:10,52.77%
135,Tyra Smith-Mackinnon,"Juneau, AK",373,3:59:09,9:08,F 40-44/7,F-41,32,3:59:26,60.27%
136,Marwan Ataya,"Glendale, CA",32,3:59:09,9:08,M 50-54/14,M-52,104,3:59:18,59.38%
137,John Clarke,"Newhall, CA",19,3:59:24,9:08,M 50-54/15,M-50,105,3:59:44,58.26%
138,April Larson,"Saugus, CA",215,3:59:25,9:08,F 45-49/6,F-49,33,3:59:51,66.32%
139,Jonathan Nez,"Woodland Hills, CA",278,3:59:25,9:08,M 35-39/18,M-36,106,3:59:49,52.23%
140,W Werthmannchristopher Bl,"Plano, TX",458,3:59:29,9:09,M 25-29/13,M-26,107,3:59:59,52.16%
141,Terry Kloepfer,"Reseda, CA",201,3:59:41,9:09,M 45-49/16,M-49,108,3:59:57,57.67%
142,Nigel Toates,"Saugus, CA",400,3:59:44,9:09,M 50-54/16,M-53,109,3:59:59,59.78%
143,Vivian Bonner,"Stevenson Ranch, CA",359,3:59:44,9:09,F 35-39/6,F-37,34,3:59:59,58.05%
144,Greg Gilbert,"Glendale, CA",143,4:00:02,9:10,M 35-39/19,M-39,110,4:01:06,52.89%
145,Edmund Reyes,"Panorama City, CA",324,4:00:05,9:10,M 40-44/16,M-40,111,4:01:18,53.32%
146,Marialuisa Vanore,"Camarillo, CA",402,4:00:47,9:11,F 40-44/8,F-42,35,4:00:51,60.53%
147,Rachel Linonis,"Santa Monica, CA",225,4:00:48,9:12,F 25-29/3,F-26,36,4:01:22,56.24%
148,Kelly Bugarin,"Moreno Valley, CA",72,4:01:12,9:12,F 30-34/8,F-31,37,4:02:30,56.24%
149,Dan Adams,"Pinon Hills, CA",17,4:01:18,9:13,M 65-69/2,M-65,112,4:01:33,66.77%
150,In Chun Lee,"Los Angeles, CA",220,4:01:29,9:13,M 55-59/9,M-56,113,4:03:15,61.04%
151,Adam Hilton,"Shasta Lake, CA",171,4:02:15,9:15,M 25-29/14,M-28,114,4:02:45,51.57%
152,Bill Haffey,"Coronado, CA",155,4:02:16,9:15,M 65-69/3,M-66,115,4:03:01,67.20%
153,Michael Dunn,"Castaic, CA",123,4:02:54,9:16,M 40-44/17,M-40,116,4:03:34,52.70%
154,Dan Boyle,"Santa Clarita, CA",54,4:03:27,9:18,M 55-59/10,M-59,117,4:05:36,62.30%
155,Rafael Cortada,"Yacolt, WA",103,4:03:31,9:18,M 45-49/17,M-48,118,4:04:56,56.26%
156,Dave Douglas,"Saugus, CA",119,4:03:48,9:18,M 35-39/20,M-36,119,4:04:43,51.30%
157,Jennifer Walt,"Huntington Beach, CA",411,4:04:17,9:20,F 45-49/7,F-49,38,4:04:30,65.00%
158,Robert Noma,"Los Angeles, CA",519,4:04:35,9:20,M 40-44/18,M-41,120,4:06:30,52.77%
159,Curtis Bennett,"Culver City, CA",47,4:04:59,9:21,M 50-54/17,M-50,121,4:05:52,56.93%
160,Joshua Fadriquela,"Sylmar, CA",134,4:05:03,9:21,M 25-29/15,M-27,122,4:06:19,50.98%
161,Danica Newon,"Lakewood, CA",277,4:05:07,9:21,F 25-29/4,F-28,39,4:06:22,55.25%
162,Kyle Thomas,"San Jose, CA",389,4:05:27,9:22,M 40-44/19,M-44,123,4:06:13,53.92%
163,Jaime Rudyk,"Loma Linda, CA",346,4:05:38,9:23,F 16-24/5,F-20,40,4:06:11,55.17%
164,Chooran Kim,"Gardena, CA",472,4:05:43,9:23,F 50-54/3,F-51,41,4:06:09,66.31%
165,Sy Vu,"Orange, CA",410,4:06:22,9:24,M 45-49/18,M-45,124,4:06:56,54.18%
166,Suresh Pullela,"San Francisco, CA",315,4:07:00,9:26,M 35-39/21,M-38,125,4:11:14,51.04%
167,Manuel Calzada,"Sun Valley, CA",448,4:07:01,9:26,M 45-49/19,M-46,126,4:07:13,54.51%
168,Rosa Mancilla,"Upland, CA",236,4:07:51,9:28,F 45-49/8,F-48,42,4:09:13,63.25%
169,Kevin Mancilla,"Upland, CA",486,4:07:52,9:28,M 16-24/9,M-23,127,4:09:13,50.40%
170,Benjamin Singh,"Reseda, CA",370,4:08:02,9:28,M 16-24/10,M-22,128,4:09:25,50.39%
171,Andreina Chimal,"Sylmar, CA",90,4:08:28,9:29,F 16-24/6,F-20,43,4:09:57,54.54%
172,Paul Cooney,"Fountain Valley, CA",167,4:08:38,9:29,M 50-54/18,M-50,129,4:09:34,56.10%
173,Delfino Rodriguez,"Culver City, CA",337,4:08:39,9:29,M 65-69/4,M-66,130,4:08:43,65.47%
174,Francisca Tan-Malecki,"Westlake Village, CA",384,4:09:01,9:30,F 30-34/9,F-33,44,4:09:34,54.75%
175,David Lochner,"Redondo Beach, CA",228,4:09:21,9:31,M 30-34/13,M-33,131,4:10:23,50.10%
176,Qiong Zhang,"Pasadena, CA",427,4:09:25,9:31,M 16-24/11,M-23,132,4:10:32,50.09%
177,Vanessa Kline,"Hesperia, CA",20,4:09:35,9:32,F 30-34/10,F-32,45,4:10:28,54.47%
178,Jared Scardina,"Valencia, CA",468,4:09:39,9:32,M 40-44/20,M-42,133,4:10:11,52.13%
179,Michael Dominguez,"Pacoima, CA",470,4:09:56,9:32,M 35-39/22,M-38,134,4:11:47,50.44%
180,Mari Mims,"Santa Clarita, CA",256,4:10:01,9:33,F 30-34/11,F-34,46,4:11:35,54.74%
181,Sug Jeong,"Woodland Hls, CA",465,4:10:06,9:33,M 50-54/19,M-52,135,4:10:48,56.78%
182,Dukho Kim,"Los Angeles, CA",194,4:10:18,9:33,M 40-44/21,M-41,136,4:11:12,51.57%
183,Deven Sakamoto,"San Francisco, CA",348,4:10:30,9:34,M 35-39/23,M-36,137,4:10:38,49.92%
184,Gary Niebergall,"Ventura, CA",453,4:10:55,9:35,M 50-54/20,M-50,138,4:11:45,55.59%
185,Kim Elliott,"Playa Del Rey, CA",478,4:11:33,9:36,F 45-49/9,F-46,47,4:12:05,60.79%
186,Jesus Castellanos,"Arleta, CA",83,4:11:36,9:36,M 45-49/20,M-46,139,4:11:38,53.51%
187,Marykate McHardy,"Long Beach, CA",247,4:12:09,9:38,F 25-29/5,F-25,48,4:13:24,53.71%
188,Ramon Magdaleno,"Los Angeles, CA",234,4:12:11,9:38,M 35-39/24,M-35,140,4:12:16,49.54%
189,Vickie Adams,"Pinon Hills, CA",16,4:12:36,9:39,F 50-54/4,F-53,49,4:12:52,66.25%
190,Frank Seres,"Pasadena, CA",361,4:13:06,9:40,M 35-39/25,M-36,141,4:14:33,49.41%
191,Kym Rangel,"Woodland Hills, CA",319,4:13:29,9:41,F 40-44/9,F-40,50,4:14:09,56.28%
192,Kevin Grant,"Stevenson Ranch, CA",148,4:13:33,9:41,M 45-49/21,M-49,142,4:13:57,54.52%
193,Jason Mock,"Valencia, CA",13,4:13:40,9:41,M 40-44/22,M-41,143,4:13:54,50.88%
194,Jayro Orellana,"Sun Valley, CA",287,4:13:52,9:41,M 35-39/26,M-39,144,4:15:31,50.01%
195,Ashley Gazzaniga Cinar,"Encino, CA",437,4:14:35,9:43,F 25-29/6,F-28,51,4:16:48,53.19%
196,Michael Dinicola,"Valencia, CA",115,4:16:08,9:47,M 30-34/14,M-34,145,4:16:41,48.77%
197,Patty Kroppe,"Wyomissing, PA",206,4:16:20,9:47,F 45-49/10,F-46,52,4:17:32,59.66%
198,Jeff Moore,"Red Bluff, CA",268,4:16:52,9:48,M 45-49/22,M-47,146,4:17:09,52.88%
199,Gustavo Terraciano,"Valley Glen, CA",388,4:17:00,9:49,M 45-49/23,M-45,147,4:17:07,51.94%
200,Sayoko Fujii,"Pasadena, CA",138,4:17:28,9:50,F 50-54/5,F-54,53,4:18:15,65.88%
401,Rawlins Jordan,"Canyon Country, CA",6,5:58:14,13:40,M 70-99/4,M-70,277,5:59:02,47.42%
402,Louis Kwan,"Monterey Park, CA",210,5:59:00,13:42,M 35-39/40,M-35,278,6:00:28,34.80%
403,Lydia Mims,"Hawthorne, CA",259,6:02:04,13:49,F 40-44/29,F-43,125,6:03:47,40.73%
404,Martin Sultan,"Los Angeles, CA",449,6:02:19,13:50,M 60-64/9,M-64,279,6:04:08,44.01%
405,Alejandra Turcios,"Canyon Country, CA",393,6:03:22,13:52,F 16-24/15,F-24,126,6:04:20,37.27%
406,Cyndie Merten,"Corvallis, OR",254,6:03:48,13:53,F 55-59/4,F-57,127,6:06:19,48.61%
407,Chris Park,"Chino Hills, CA",293,6:04:03,13:54,M 45-49/48,M-45,280,6:04:23,36.67%
408,Esteban Miranda,"Van Nuys, CA",261,6:05:11,13:56,M 40-44/40,M-40,281,6:05:57,35.05%
409,Jill Vernon,"Colorado Springs, CO",407,6:05:45,13:57,F 50-54/12,F-53,128,6:08:09,45.75%
410,Randy Vernon,"Colorado Springs, CO",408,6:05:45,13:57,M 60-64/10,M-60,282,6:08:09,41.88%
411,Doug Quintanilla,"Sun Valley, CA",316,6:06:12,13:59,M 30-34/31,M-33,283,6:08:19,34.11%
412,Ali Jamshidinia,"Simi Valley, CA",507,6:11:08,14:10,M 30-34/32,M-30,284,6:12:10,33.66%
413,Ronald Simmons,"Monroe, WA",66,6:12:59,14:14,M 65-69/11,M-66,285,6:15:14,43.65%
414,David Bourne,"San Luis Obispo, CA",262,6:14:03,14:16,M 65-69/12,M-69,286,6:16:11,44.92%
415,Gary Cooper,"Sylmar, CA",517,6:15:31,14:20,M 50-54/39,M-50,287,6:17:15,37.14%
416,Frank Contreraz,"Saugus, CA",9,6:15:44,14:20,M 55-59/20,M-58,288,6:15:47,39.98%
417,Leah Schulman,"Santa Clarita, CA",464,6:15:45,14:20,F 25-29/10,F-25,129,6:18:07,36.04%
418,Tessa Lucero,"Canyon Country, CA",231,6:15:52,14:21,F 50-54/13,F-50,130,6:18:13,42.79%
419,Rosa Nelly Garza,"Rowland Heights, CA",140,6:15:56,14:21,F 60-64/4,F-61,131,6:16:48,49.89%
420,Dana Mosell,"Walnut, CA",274,6:18:26,14:27,M 60-64/11,M-61,289,6:20:33,40.88%
421,Mary Maiocco,"Palmdale, CA",500,6:21:12,14:33,F 45-49/16,F-49,132,6:21:18,41.65%
422,Blanca Morales,"Van Nuys, CA",270,6:23:26,14:38,F 45-49/17,F-48,133,6:25:10,40.89%
423,Diana Becerra,"Torrance, CA",42,6:24:03,14:39,F 30-34/19,F-34,134,6:24:33,35.63%
424,Carl Rogers,"Norwalk, CA",341,6:24:06,14:39,M 60-64/12,M-60,290,6:24:47,39.88%
425,Hope Rektorik,"Valencia, CA",433,6:29:57,14:53,F 55-59/5,F-57,135,6:30:00,45.35%
426,Edward Rektorik,"Valencia, CA",434,6:29:57,14:53,M 55-59/21,M-58,291,6:29:59,38.52%
427,Brenda Prackup,"Riverside, CA",311,6:33:09,15:00,F 45-49/18,F-49,136,6:35:33,40.38%
428,Alberto Perusset,"Malibu, CA",501,6:37:30,15:10,M 55-59/22,M-55,292,6:37:32,36.73%
429,Alison Riley,"Los Angeles, CA",333,6:38:22,15:12,F 30-34/20,F-31,137,6:38:38,34.05%
430,James Ngugi,"Santa Clarita, CA",280,6:42:06,15:21,M 35-39/41,M-38,293,6:44:06,31.35%
431,Dale Roberts,"Trabuco Canyon, CA",332,6:43:45,15:24,M 55-59/23,M-58,294,6:45:41,37.21%
432,Jeannine Zetino,"Valencia, CA",581,6:44:24,15:26,F 16-24/16,F-24,138,6:45:46,33.49%
433,Carol Bautista,"Hacienda Heights, CA",64,6:44:52,15:27,F 60-64/5,F-64,139,6:44:52,48.52%
