Place,Name,Location,Bib,Net Time,Pace,Division/Place,Sex-Age,Sex-Place,Gun Time,Age Grade
1,Mj Engle,"COOS BAY, OR",316,2:35:07,5:55,M 40-44/1,M-40,1,2:35:07,82.57%
2,Ricardo Ramirez,"SUN VALLEY, CA",452,2:54:14,6:39,M 40-44/2,M-40,2,2:54:14,73.48%
3,Nathan Campeau,"MINNEAPOLIS, MN",193,2:58:16,6:48,M 30-34/1,M-32,3,2:58:16,70.11%
4,Chulseung Lee,"GLENDALE, CA",417,2:58:10,6:48,M 45-49/1,M-49,4,2:58:20,77.58%
5,Jesus Navarro,"EL MONTE, CA",362,3:01:14,6:55,M 45-49/2,M-49,5,3:01:18,76.27%
6,Dominic Lafayette,"LAKE HUGHES, CA",383,3:03:44,7:01,M 25-29/1,M-26,6,3:04:03,67.99%
7,Wes Hinson,"CANYON COUNTRY, CA",278,3:05:39,7:05,M 35-39/1,M-39,7,3:05:50,68.39%
8,Trevor Kusiak,"SANTA FE, NM",29,3:06:06,7:06,M 25-29/2,M-29,8,3:06:34,67.13%
9,Mark Lindberg,"FAIRBANKS, AK",269,3:07:14,7:09,M 45-49/3,M-48,9,3:07:21,73.18%
10,Jesus Lopez,"HUNTINGTON PARK, CA",404,3:10:59,7:18,M 45-49/4,M-45,10,3:11:01,69.90%
11,Jose Reyes,"NEWHALL, CA",419,3:11:13,7:18,M 35-39/2,M-38,11,3:11:22,65.93%
12,Frank Meza,"SOUTH PASADENA, CA",405,3:11:25,7:19,M 60-64/1,M-62,12,3:13:31,81.64%
13,Mike Woginrich,"OAKLAND, CA",178,3:11:33,7:19,M 40-44/3,M-42,13,3:11:47,67.94%
14,Julio Lopez,"MEX, ",43,3:11:36,7:19,M 40-44/4,M-43,14,3:11:53,68.50%
15,Jonathan Ferrin,"PALMDALE, CA",239,3:11:58,7:20,M 16-24/1,M-18,15,3:12:03,67.68%
16,John Ellis,"VALENCIA, CA",428,3:12:26,7:21,M 30-34/2,M-33,16,3:12:35,64.92%
17,Wayne Lee,"STEVENSON RANCH, CA",458,3:13:49,7:24,M 40-44/5,M-43,17,3:14:01,67.72%
18,Arnie Aguila,"PASADENA, CA",296,3:14:18,7:25,M 35-39/3,M-35,18,3:14:27,64.30%
19,Anton Aguila,"PASADENA, CA",295,3:14:18,7:25,M 35-39/4,M-36,19,3:14:27,64.36%
20,Stephen Herczeg,"VALENCIA, CA",408,3:17:52,7:33,M 16-24/2,M-23,20,3:18:41,63.14%
21,Jerry Knox,"CHINO HILLS, CA",449,3:18:14,7:34,M 40-44/6,M-42,21,3:18:22,65.65%
22,Jonathan Morse,"CASTAIC, CA",22,3:18:43,7:35,M 16-24/3,M-22,22,3:18:50,62.90%
23,Alejandro Estrada,"VAN NUYS, CA",455,3:19:14,7:36,M 40-44/7,M-42,23,3:19:17,65.32%
24,Alex Giron,"CANYON COUNTRY, CA",272,3:20:07,7:38,M 30-34/3,M-33,24,3:20:43,62.43%
25,David Kent,"LOS ANGELES, CA",299,3:20:09,7:39,M 45-49/5,M-49,25,3:20:14,69.06%
26,Robert Brown,"LOS ANGELES, CA",253,3:20:10,7:39,M 45-49/6,M-47,26,3:20:14,67.86%
27,Juan Arena,"MEX, ",28,3:21:15,7:41,M 25-29/3,M-28,27,3:21:29,62.08%
28,David Keck,"RANCHO CUCAMONGA, CA",136,3:21:22,7:41,M 50-54/1,M-51,28,3:21:39,69.89%
29,Tony Cota,"VALENCIA, CA",41,3:22:13,7:43,M 40-44/8,M-41,29,3:22:18,63.83%
30,Lenin Lopez,"SYLMAR, CA",420,3:22:28,7:44,M 40-44/9,M-40,30,3:22:35,63.23%
31,Tamas Horvath,"NORTH HILLS, CA",235,3:22:32,7:44,M 35-39/5,M-38,31,3:22:37,62.24%
32,Brian Frank,"VALENCIA, CA",12,3:23:21,7:46,M 50-54/2,M-52,32,3:23:29,69.84%
33,Charles Poole,"PALMDALE, CA",390,3:23:46,7:47,M 40-44/10,M-41,33,3:24:05,63.35%
34,Abel Ibarra,"PACOIMA, CA",414,3:23:55,7:47,M 55-59/1,M-58,34,3:23:58,73.67%
35,Francisco Flores,"NORTH HOLLYWOOD, CA",264,3:24:09,7:48,M 25-29/4,M-26,35,3:24:27,61.19%
36,Darryl Scroggins,"SAN BERNARDINO, CA",370,3:25:26,7:51,M 50-54/3,M-50,36,3:25:39,67.89%
37,Fernando Domingo,"SANTA CLARITA, CA",145,3:27:16,7:55,M 35-39/6,M-36,37,3:27:42,60.34%
38,Brian Kahovec,"SANTA CLARITA, CA",23,3:27:46,7:56,M 16-24/4,M-23,38,3:28:17,60.13%
39,Thelonious Johnson,"BROOKLYN, NY",361,3:28:18,7:57,M 30-34/4,M-31,39,3:28:23,59.97%
40,David Thomson,"CASTAIC, CA",16,3:28:40,7:58,M 16-24/5,M-16,40,3:28:58,64.21%
41,Mike Stephens,"SIMI VALLEY, CA",8,3:28:43,7:58,M 50-54/4,M-53,41,3:29:13,68.66%
42,Greg Parks,"THOUSAND OAKS, CA",280,3:29:16,7:59,M 40-44/11,M-41,42,3:29:23,61.68%
43,Ernesto Guijarro,"FONTANA, CA",454,3:29:33,8:00,M 35-39/7,M-37,43,3:29:41,59.86%
44,Lee Choo-Kang,"SAINT LOUIS, MO",456,3:29:51,8:01,M 40-44/12,M-42,44,3:30:01,62.02%
45,Alberto Ramirez,"MEX, ",48,3:30:18,8:02,M 45-49/7,M-48,45,3:30:34,65.15%
46,Travis Hobbs,"VALENCIA, CA",25,3:30:56,8:03,M 25-29/5,M-25,46,3:31:02,59.23%
47,Stuart Barrington,"THOUSAND OAKS, CA",191,3:31:07,8:04,M 40-44/13,M-44,47,3:31:17,62.69%
48,Jana-Rose Whatley,"SANTA CLARITA, CA",451,3:31:28,8:04,F 16-24/1,F-22,1,3:31:28,64.14%
49,Dolores Valencia,"CHINO HILLS, CA",360,3:31:40,8:05,F 45-49/1,F-47,2,3:31:40,73.21%
50,John Halley,"PASADENA, CA",236,3:32:13,8:06,M 25-29/6,M-27,48,3:32:32,58.87%
51,John Barrios,"POMONA, CA",331,3:32:24,8:07,M 45-49/8,M-49,49,3:32:33,65.08%
52,Katie Tapia,"VENTURA, CA",376,3:32:53,8:08,F 45-49/2,F-49,3,3:32:53,74.69%
53,Cody See,"CHINO, CA",27,3:33:37,8:09,M 25-29/7,M-27,50,3:34:39,58.48%
54,Jack Cheng,"TEMPLE CITY, CA",301,3:34:10,8:11,M 40-44/14,M-40,51,3:34:18,59.77%
55,Ryan Campbell,"ORANGE, CA",171,3:35:04,8:13,M 35-39/8,M-38,52,3:35:19,58.61%
56,Andrew Pupa,"LOWELL, MA",24,3:35:38,8:14,M 16-24/6,M-24,53,3:35:43,57.93%
57,Nigel Rini,"SIERRA MADRE, CA",273,3:36:14,8:15,M 50-54/5,M-51,54,3:36:22,65.08%
58,Dennis Lebman,"SANTA CLARITA, CA",55,3:37:37,8:18,M 45-49/9,M-48,55,3:37:40,62.96%
59,Jay Dobrowalski,"MOORPARK, CA",426,3:37:37,8:18,M 30-34/5,M-32,56,3:37:57,57.41%
60,Jim Gowland,"VALENCIA, CA",52,3:37:41,8:19,M 40-44/15,M-40,57,3:38:39,58.81%
61,Fred Winkler,"VICTORVILLE, CA",258,3:37:41,8:19,M 50-54/6,M-51,58,3:38:23,64.65%
62,Jose Guardado,"SIMI VALLEY, CA",424,3:37:56,8:19,M 30-34/6,M-33,59,3:38:21,57.32%
63,John Clarke,"NEWHALL, CA",286,3:38:18,8:20,M 45-49/10,M-48,60,3:38:53,62.76%
64,Brian Lee,"BAKERSFIELD, CA",381,3:40:20,8:25,M 45-49/11,M-47,61,3:40:37,61.65%
65,Michael Feraldi,"APACHE JUNCTION, AZ",346,3:41:00,8:26,M 35-39/9,M-35,62,3:41:13,56.53%
66,Tim Spence,"CAMARILLO, CA",387,3:41:07,8:27,M 35-39/10,M-37,63,3:41:29,56.72%
67,Eric Chase,"MANHATTAN BEACH, CA",268,3:41:29,8:27,M 40-44/16,M-40,64,3:41:38,57.80%
68,Devon Terraciano,"VAN NUYS, CA",333,3:41:39,8:28,M 16-24/7,M-18,65,3:41:45,58.62%
69,Allen Smith,"LOS ANGELES, CA",137,3:41:43,8:28,M 50-54/7,M-53,66,3:41:49,64.64%
70,Wing Lo,"ARCADIA, CA",154,3:43:17,8:31,M 50-54/8,M-50,67,3:43:33,62.47%
71,Juan Camacho,"PACOIMA, CA",416,3:44:17,8:34,M 45-49/12,M-49,68,3:44:21,61.63%
72,Manuel Calzadavillagomez,"SUN VALLEY, CA",412,3:44:25,8:34,M 40-44/17,M-44,69,3:44:31,58.97%
73,Iyob Tessema,"LOS ANGELES, CA",276,3:44:29,8:34,M 45-49/13,M-48,70,3:44:37,61.03%
74,Jackson Petry,"SAN DIEGO, CA",353,3:44:33,8:34,M 30-34/7,M-31,71,3:45:15,55.63%
75,Hendrix Caudill,"HAWTHORNE, CA",132,3:44:35,8:34,M 40-44/18,M-40,72,3:45:57,57.00%
76,Jet Aguilar III,"SUNLAND, CA",356,3:44:35,8:34,M 35-39/11,M-38,73,3:44:39,56.13%
77,Michael Caputo,"SIMI VALLEY, CA",277,3:44:49,8:35,M 45-49/14,M-46,74,3:45:49,59.89%
78,Lenin H Lopez,"SYLMAR, CA",421,3:44:55,8:35,M 16-24/8,M-18,75,3:45:02,57.77%
79,Jason Kivi,"NEWHALL, CA",228,3:45:40,8:37,M 16-24/9,M-24,76,3:47:02,55.36%
80,Rebecca Korb,"THOUSAND OAKS, CA",305,3:46:04,8:38,F 35-39/1,F-36,4,3:46:16,61.16%
81,Yasushi Tobita,"TORRANCE, CA",242,3:46:30,8:39,M 50-54/9,M-52,77,3:47:11,62.70%
82,Kelly Bugarin,"MORENO VALLEY, CA",366,3:48:04,8:42,F 25-29/1,F-29,5,3:49:50,59.38%
83,Christopher Casner,"ADELANTO, CA",218,3:48:09,8:43,M 30-34/8,M-34,78,3:48:16,54.76%
84,Joe Ogata,"PACOIMA, CA",62,3:48:35,8:44,M 60-64/2,M-62,79,3:48:56,68.36%
85,John Evarts,"VALENCIA, CA",311,3:48:38,8:44,M 35-39/12,M-37,80,3:49:02,54.86%
86,Andrew Minin,"LOS ANGELES, CA",340,3:48:58,8:44,M 45-49/15,M-49,81,3:49:17,60.37%
87,Michelle West,"SANTA MONICA, CA",217,3:48:58,8:44,F 35-39/2,F-39,6,3:49:22,61.73%
88,Edward Wilkinson,"SANTA MONICA, CA",384,3:49:00,8:45,M 30-34/9,M-34,82,3:49:33,54.55%
89,Luis Valdez,"BONITA, CA",112,3:49:08,8:45,M 40-44/19,M-41,83,3:49:21,56.33%
90,Beli Thakur,"STEVENSON RANCH, CA",142,3:49:12,8:45,M 45-49/16,M-48,84,3:49:53,59.78%
91,Miguel Rodriguez,"LA PUENTE, CA",467,3:49:13,8:45,M 45-49/17,M-49,85,3:49:55,60.30%
92,Daniel Valles,"NORTH HOLLYWOOD, CA",265,3:49:31,8:46,M 35-39/13,M-39,86,3:49:48,55.32%
93,Carlos Hernandez,"MONROVIA, CA",352,3:49:33,8:46,M 45-49/18,M-46,87,3:49:41,58.66%
94,Sergio Delatorre,"SYLMAR, CA",413,3:50:15,8:47,M 45-49/19,M-45,88,3:51:47,57.98%
95,Aaron Dilks,"SAINT CLAIR, MO",600,3:50:16,8:47,M 30-34/10,M-33,89,3:51:36,54.25%
96,Vivian Chin Bonner,"VALENCIA, CA",35,3:50:16,8:47,F 35-39/3,F-35,7,3:50:42,59.72%
97,David Liston,"SIMI VALLEY, CA",411,3:50:44,8:48,M 50-54/10,M-54,90,3:51:52,62.69%
98,Jesus Castellanos,"PACOIMA, CA",368,3:51:17,8:50,M 40-44/20,M-44,91,3:51:20,57.22%
99,Shigeo Ogino,"MONTEREY PARK, CA",401,3:51:26,8:50,M 45-49/20,M-49,92,3:51:39,59.73%
100,Mike Fino,"SAN DIEGO, CA",255,3:51:36,8:50,M 35-39/14,M-36,93,3:52:38,54.00%
101,David Hong,"LA HABRA, CA",254,3:52:33,8:53,M 45-49/21,M-46,94,3:54:27,57.90%
102,Paul Arevalo,"PASADENA, CA",317,3:52:34,8:53,M 50-54/11,M-50,95,3:52:57,59.97%
103,Robert Dell Angelo,"ALTADENA, CA",407,3:52:42,8:53,M 50-54/12,M-50,96,3:53:27,59.94%
104,Tianyang Jiang,"SAN JOSE, CA",363,3:52:59,8:54,M 50-54/13,M-51,97,3:53:07,60.40%
105,Andrew West,"LOS ANGELES, CA",209,3:53:21,8:54,M 30-34/11,M-31,98,3:53:45,53.54%
106,Luis Leal,"REDONDO BEACH, CA",304,3:53:38,8:55,M 45-49/22,M-47,99,3:53:51,58.14%
107,Cimitrio Cervantes,"MISSION HILLS, CA",91,3:53:50,8:56,M 40-44/21,M-43,100,3:53:56,56.13%
108,Chris Jensen,"PALMDALE, CA",241,3:54:26,8:57,M 45-49/23,M-47,101,3:54:54,57.94%
109,Matt Authier,"LEMON GROVE, CA",322,3:55:02,8:58,M 35-39/15,M-36,102,3:55:40,53.21%
110,Laura McDonald,"LOS ANGELES, CA",122,3:55:11,8:59,F 25-29/2,F-29,8,3:55:18,57.58%
111,Fernando Santana,"RESEDA, CA",469,3:55:55,9:00,M 40-44/22,M-40,103,3:56:34,54.26%
112,Janell Fanger,"MOORPARK, CA",354,3:56:29,9:02,F 30-34/1,F-32,9,3:57:37,57.49%
113,Rusty Hagen,"SAN BERNARDINO, CA",187,3:56:40,9:02,M 30-34/12,M-30,104,3:57:28,52.79%
114,Kirby Mills,"SAN CLEMENTE, CA",328,3:57:09,9:03,M 25-29/8,M-26,105,3:57:19,52.68%
115,Marwan Ataya,"GLENDALE, CA",198,3:57:36,9:04,M 50-54/14,M-50,106,3:58:14,58.70%
116,Dan Wilson,"SIMI VALLEY, CA",289,3:57:39,9:04,M 25-29/9,M-27,107,3:58:43,52.57%
117,Adam Shay,"REDLANDS, CA",474,3:57:42,9:04,M 45-49/24,M-46,108,3:58:23,56.64%
118,Christien Di Stefano,"SANTA CLARITA, CA",40,3:57:49,9:05,F 50-54/1,F-50,10,3:58:54,67.63%
119,Blaze Patricio,"NEWHALL, CA",287,3:58:16,9:06,M 25-29/10,M-26,109,3:59:27,52.43%
120,Darren Slotsve,"LOS ANGELES, CA",395,3:58:26,9:06,M 40-44/23,M-44,110,3:59:07,55.51%
121,Robert Sklenar,"STEVENSON RANCH, CA",13,3:58:28,9:06,M 40-44/24,M-41,111,3:59:33,54.13%
122,Nicol Tushla,"LA HABRA, CA",339,3:58:47,9:07,F 40-44/1,F-42,11,3:59:00,61.04%
123,Derek Pool,"NORCO, CA",430,3:59:11,9:08,M 35-39/16,M-37,112,4:00:13,52.44%
124,Diana Sjol,"LA VERNE, CA",108,3:59:48,9:09,F 30-34/2,F-32,12,4:00:27,56.69%
125,Howard Roth,"PORTER RANCH, CA",83,4:00:13,9:10,M 50-54/15,M-54,113,4:02:14,60.21%
126,Yukiko Uchida,"SAN DIEGO, CA",293,4:00:52,9:12,F 25-29/3,F-28,13,4:00:52,56.22%
127,Chooran Kim,"LOMITA, CA",123,4:01:21,9:13,F 45-49/3,F-49,14,4:01:39,65.79%
128,Dan Boyle,"CANYON COUNTRY, CA",130,4:01:27,9:13,M 55-59/2,M-57,114,4:02:27,61.63%
129,Lorraine Medina,"WHITTIER, CA",74,4:01:31,9:13,F 35-39/4,F-37,15,4:02:31,57.62%
130,Jose Sanchez,"BAKERSFIELD, CA",226,4:01:41,9:14,M 25-29/11,M-27,115,4:02:47,51.69%
131,Jeff Smith,"SAN BERNARDINO, CA",256,4:01:51,9:14,M 55-59/3,M-55,116,4:01:51,60.37%
132,Simon Fortier,"CAN, ",36,4:02:03,9:14,M 35-39/17,M-36,117,4:02:14,51.67%
133,Roger Biggs,"GBR, ",63,4:02:08,9:15,M 60-64/3,M-63,118,4:02:33,65.18%
134,Brian League,"ALTADENA, CA",372,4:02:18,9:15,M 45-49/25,M-48,119,4:02:41,56.55%
135,Edwin Ettinghausen,"MURRIETA, CA",444,4:03:39,9:18,M 45-49/26,M-49,120,4:10:34,56.73%
136,Michael Hendrick,"SACRAMENTO, CA",179,4:03:44,9:18,M 35-39/18,M-38,121,4:05:10,51.72%
137,Hyunchan Choi,"LOMITA, CA",58,4:04:05,9:19,M 55-59/4,M-58,122,4:04:43,61.55%
138,Delfino Rodriguez,"LOS ANGELES, CA",399,4:04:10,9:19,M 60-64/4,M-64,123,4:04:15,65.30%
139,Rachelle Valdez,"RANCHO CUCAMONGA, CA",312,4:04:21,9:20,F 50-54/2,F-51,16,4:04:28,66.68%
140,Alfredo Reina,"LONG BEACH, CA",202,4:04:47,9:21,M 50-54/16,M-53,124,4:11:19,58.55%
141,Matthew Shaxton,"VALENCIA, CA",174,4:05:16,9:22,M 16-24/10,M-24,125,4:06:13,50.93%
142,Vincent Meade,"SAN DIEGO, CA",355,4:05:31,9:22,M 30-34/13,M-34,126,4:06:54,50.88%
143,Robert Bishton,"FORT MYERS BEACH, FL",470,4:05:54,9:23,M 60-64/5,M-61,127,4:06:18,62.92%
144,Eric Serrano,"CORONA, CA",308,4:05:58,9:23,M 30-34/14,M-34,128,4:06:18,50.79%
145,Sabine Thier,"OAK PARK, CA",146,4:06:01,9:23,F 35-39/5,F-36,17,4:07:35,56.20%
146,Jerry Vicich,"WOODLAND HILLS, CA",215,4:06:03,9:24,M 50-54/17,M-53,129,4:07:08,58.24%
147,Marcia Valenzuela,"PASADENA, CA",185,4:06:03,9:24,F 30-34/3,F-32,18,4:06:46,55.25%
148,Thomas Scheefer,"THOUSAND PALMS, CA",180,4:06:19,9:24,M 55-59/5,M-58,130,4:07:37,60.99%
149,Marisela Mims,"CASTAIC, CA",151,4:06:21,9:24,F 30-34/4,F-32,19,4:13:28,55.18%
150,Bruce McVicker,"OAK PARK, CA",357,4:06:41,9:25,M 45-49/27,M-49,131,4:06:53,56.03%
151,Raudel Banuelos,"RANCHO CUCAMONGA, CA",227,4:06:47,9:25,M 35-39/19,M-37,132,4:07:14,50.82%
152,Jesus Garcia,"UPLAND, CA",309,4:07:05,9:26,M 65-69/1,M-65,133,4:07:41,65.21%
153,Frances Padilla,"VAN NUYS, CA",473,4:07:16,9:26,F 40-44/2,F-44,20,4:07:24,60.36%
154,Dale Martinez,"PALMDALE, CA",188,4:07:32,9:27,M 45-49/28,M-45,134,4:07:39,53.93%
155,Maura Correas,"SYLMAR, CA",302,4:07:41,9:27,F 25-29/4,F-26,21,4:09:01,54.68%
156,James Nussbeck,"SAN DIEGO, CA",344,4:07:57,9:28,M 30-34/15,M-30,135,4:08:35,50.38%
157,Juan Sanchez,"MEX, ",51,4:08:18,9:29,M 50-54/18,M-51,136,4:08:36,56.68%
158,Norm Lopez,"SAN BERNARDINO, CA",60,4:08:31,9:29,M 60-64/6,M-60,137,4:09:19,61.64%
159,Bob Jonsen,"CANYON COUNTRY, CA",371,4:09:01,9:30,M 45-49/29,M-49,138,4:10:32,55.51%
160,Beth Richie,"LAS VEGAS, NV",200,4:09:02,9:30,F 25-29/5,F-27,22,4:10:41,54.38%
161,Francis Mulhare,"LOS ANGELES, CA",249,4:09:40,9:32,M 50-54/19,M-53,139,4:10:13,57.40%
162,Steven Reti,"SANTA CLARITA, CA",208,4:10:21,9:33,M 45-49/30,M-48,140,4:11:36,54.73%
163,Edward Bryan,"DENVER, CO",121,4:10:59,9:35,M 25-29/12,M-26,141,4:12:34,49.77%
164,Sherry Mahoney,"PALM DESERT, CA",85,4:11:12,9:35,F 45-49/4,F-47,23,4:13:53,61.63%
165,John Mahoney,"PALM DESERT, CA",84,4:11:12,9:35,M 55-59/6,M-59,142,4:13:53,60.38%
166,Dan Adams,"PINON HILLS, CA",243,4:11:14,9:35,M 60-64/7,M-63,143,4:11:27,62.82%
167,Tamera Brown,"PASADENA, CA",292,4:11:26,9:36,F 40-44/3,F-44,24,4:13:23,59.36%
168,Elizabeth Bonin-Guzman,"CANYON COUNTRY, CA",206,4:11:27,9:36,F 40-44/4,F-43,25,4:12:35,58.65%
169,Eduardo Camacho,"GLENDALE, CA",472,4:11:39,9:36,M 30-34/16,M-31,144,4:11:48,49.64%
170,Young Pipan,"HARBOR CITY, CA",141,4:12:39,9:39,F 50-54/3,F-54,26,4:12:55,67.14%
171,Armen Anassian,"BURBANK, CA",176,4:12:45,9:39,M 45-49/31,M-48,145,4:13:48,54.21%
172,Jennifer Magallon,"SAN FERNANDO, CA",92,4:13:04,9:40,F 16-24/2,F-24,27,4:14:09,53.51%
173,Jessica Anderson,"SANTA CLARITA, CA",129,4:13:38,9:41,F 16-24/3,F-22,28,4:14:23,53.39%
174,Gerald Odocayen,"CHULA VISTA, CA",103,4:14:31,9:43,M 30-34/17,M-33,146,4:15:03,49.08%
175,Drew Ervin,"SANTA BARBARA, CA",78,4:14:31,9:43,M 25-29/13,M-28,147,4:15:24,49.08%
176,Wilson Liu,"ARCADIA, CA",158,4:14:44,9:43,M 50-54/20,M-53,148,4:14:59,56.26%
177,Aaron Nash,"LAKEWOOD, CA",378,4:15:07,9:44,M 35-39/20,M-38,149,4:16:06,49.41%
178,Vickie Adams,"PINON HILLS, CA",244,4:15:13,9:45,F 50-54/4,F-51,29,4:15:27,63.85%
179,Scot Mahotz,"CANYON COUNTRY, CA",418,4:15:15,9:45,M 40-44/25,M-42,150,4:15:33,50.99%
180,Mel Sandvig,"CHATSWORTH, CA",433,4:15:30,9:45,M 65-69/2,M-65,151,4:15:45,63.06%
181,Jose De La Cruz,"CHULA VISTA, CA",599,4:15:35,9:45,M 35-39/21,M-39,152,4:15:49,49.67%
182,Julia Elaine,"LOS ANGELES, CA",44,4:15:49,9:46,F 40-44/5,F-44,30,4:16:20,58.34%
183,Lindsay Flammer,"SANTA CLARITA, CA",15,4:17:29,9:50,F 50-54/5,F-51,31,4:20:13,63.28%
184,Molly Eledge,"SANTA CLARITA, CA",443,4:17:44,9:50,F 16-24/4,F-22,32,4:19:02,52.54%
185,Brendan Morad,"CANYON COUNTRY, CA",26,4:18:29,9:52,M 25-29/14,M-26,153,4:19:10,48.33%
186,Allyne Winderman,"LOS ANGELES, CA",345,4:18:37,9:52,F 60-64/1,F-60,33,4:19:50,71.44%
187,Eddie Schiffer,"RAHWAY, NJ",427,4:18:59,9:53,M 55-59/7,M-55,154,4:19:34,56.38%
188,Michele Aronson,"LOS ANGELES, CA",310,4:20:02,9:56,F 40-44/6,F-41,34,4:20:55,55.43%
189,Danielle Schlegel,"CARDIFF BY THE SEA, CA",147,4:20:38,9:57,F 30-34/5,F-30,35,4:22:01,51.98%
190,Martin Gonzalez,"CANYON COUNTRY, CA",338,4:20:58,9:58,M 45-49/32,M-47,155,4:21:20,52.05%
191,Nathan Grimes,"LANCASTER, CA",281,4:21:06,9:58,M 35-39/22,M-37,156,4:21:37,48.04%
192,William Povletich,"STEVENSON RANCH, CA",94,4:22:11,10:00,M 35-39/23,M-39,157,4:23:45,48.42%
193,Michael Older,"HOUSTON, TX",439,4:22:14,10:01,M 16-24/11,M-24,158,4:40:47,47.64%
194,Rebekah Kolstad,"NEWHALL, CA",163,4:22:29,10:01,F 16-24/5,F-24,36,4:23:14,51.59%
195,Angela Gonzalez,"CANYON COUNTRY, CA",434,4:22:29,10:01,F 25-29/6,F-29,37,4:39:08,51.59%
196,Letty Ramirez,"CANYON COUNTRY, CA",329,4:22:30,10:01,F 25-29/7,F-29,38,4:39:08,51.59%
197,Miguel Martinez,"SANTA FE SPRINGS, CA",266,4:22:30,10:01,M 40-44/26,M-43,159,4:23:05,50.00%
198,Sofia Rodriguez,"LA PUENTE, CA",466,4:22:34,10:01,F 40-44/7,F-41,39,4:23:17,54.89%
199,Felix De Castro,"NORTH HOLLYWOOD, CA",248,4:22:42,10:02,M 40-44/27,M-41,160,4:23:10,49.13%
200,Brenda Starkins,"MENTONE, CA",323,4:23:58,10:05,F 35-39/6,F-38,40,4:24:11,53.11%
401,Haywood Crowder,"COMPTON, CA",437,7:01:17,16:05,M 65-69/13,M-69,292,7:01:38,39.89%
