Place,Name,Location,Bib,Net Time,Pace,Division/Place,Sex-Age,Sex-Place,Gun Time,Age Grade
1,Jeffrey Jackson,"Valencia, CA",356,2:30:52,5:46,M 25-29/1,M-25,1,2:30:52,82.81%
2,Ryland Del Valle,"Canyon Country, CA",117,2:34:30,5:54,M 16-24/1,M-22,2,2:34:30,80.90%
3,Ricardo Ramirez,"Sun Valley, CA",41,2:40:11,6:07,M 40-44/1,M-41,3,2:40:11,80.58%
4,Naoki Kato,"Torrance, CA",173,2:51:35,6:33,M 40-44/2,M-40,4,2:51:37,74.61%
5,Charles Toillion,"Spokane, WA",333,2:53:25,6:37,M 40-44/3,M-41,5,2:53:25,74.43%
6,Mario Martinez,"San Fernando, CA",379,2:55:53,6:43,M 35-39/1,M-37,6,2:55:54,71.31%
7,Rony Sanchez,"Reseda, CA",265,2:57:25,6:46,M 25-29/2,M-29,7,2:57:25,70.42%
8,Jose Renteria,"Palmdale, CA",386,3:01:52,6:57,M 50-54/1,M-53,8,3:01:54,78.80%
9,Greg Garman,"Valencia, CA",52,3:02:08,6:57,M 50-54/2,M-52,9,3:02:24,77.97%
10,Timothy Buse,"Palmdale, CA",88,3:05:53,7:06,M 25-29/3,M-28,10,3:06:02,67.21%
11,Jose Reyes-Gomez,"Newhall, CA",418,3:06:34,7:07,M 35-39/2,M-39,11,3:07:22,68.05%
12,Jorge Martinez,"Los Angeles, CA",359,3:07:43,7:10,M 35-39/3,M-39,12,3:07:47,67.63%
13,Petra Mullers,"GTM, ",26,3:08:55,7:13,F 25-29/1,F-26,1,3:08:55,71.69%
14,Andrew Block,"Encinitas, CA",412,3:09:45,7:15,M 40-44/4,M-43,13,3:09:54,69.17%
15,Frank Meza,"S Pasadena, CA",380,3:09:51,7:15,M 60-64/1,M-63,14,3:11:36,83.13%
16,Jorge Ruiz,"Pacoima, CA",40,3:10:14,7:16,M 40-44/5,M-40,15,3:10:15,67.29%
17,Roberto Chavez,"Montebello, CA",99,3:11:15,7:18,M 35-39/4,M-39,16,3:11:19,66.38%
18,Dane Evans,"Canyon Country, CA",411,3:12:26,7:21,M 25-29/4,M-28,17,3:12:30,64.92%
19,John Connelly,"River Forest, IL",416,3:13:54,7:24,M 45-49/1,M-47,18,3:13:57,70.05%
20,James Isakson,"Lakewood, CA",167,3:13:59,7:24,M 40-44/6,M-43,19,3:14:02,67.66%
21,Alejandro Estrada,"Van Nuys, CA",367,3:14:29,7:26,M 40-44/7,M-43,20,3:14:31,67.48%
22,Jose Vara,"Montebello, CA",300,3:14:35,7:26,M 45-49/2,M-46,21,3:15:09,69.20%
23,Sarah Moore,"Aliso Viejo, CA",414,3:17:41,7:33,F 25-29/2,F-29,2,3:17:55,68.51%
24,Tony Cota,"Valencia, CA",42,3:17:58,7:34,M 40-44/8,M-42,22,3:18:14,65.74%
25,Scott Blietz,"Santa Clarita, CA",78,3:18:19,7:34,M 40-44/9,M-41,23,3:18:22,65.09%
26,Dennis Cain,"Santa Clarita, CA",407,3:18:25,7:35,M 50-54/3,M-53,24,3:18:32,72.23%
27,John Ellis,"Long Beach, CA",20547,3:19:51,7:38,M 30-34/1,M-34,25,3:19:51,62.51%
28,Charles Poole,"Palmdale, CA",242,3:20:29,7:39,M 40-44/10,M-42,26,3:20:41,64.92%
29,Bill Gearhart,"Simi Valley, CA",144,3:21:18,7:41,M 55-59/1,M-56,27,3:21:36,73.22%
30,Jonathan Morse,"Santa Clarita, CA",23,3:23:21,7:46,M 16-24/2,M-23,28,3:23:41,61.43%
31,Daniel Maldonado,"Canyon Country, CA",199,3:23:22,7:46,M 16-24/3,M-21,29,3:23:26,61.71%
32,Chad Hess,"Valencia, CA",159,3:23:22,7:46,M 35-39/5,M-35,30,3:23:41,61.43%
33,Mike Stephens,"Simi Valley, CA",8,3:24:21,7:48,M 50-54/4,M-54,31,3:24:39,70.78%
34,Robbie Simpson,"San Diego, CA",423,3:24:36,7:49,M 35-39/6,M-35,32,3:24:47,61.06%
35,Toccoa Kahovec,"Santa Clarita, CA",171,3:24:37,7:49,F 16-24/1,F-22,3,3:24:48,66.19%
36,Alex Shterenberg,"Burbank, CA",270,3:25:00,7:50,M 35-39/7,M-39,33,3:25:11,61.93%
37,Anan Abu-Taleb,"Oak Park, IL",415,3:25:03,7:50,M 50-54/5,M-53,34,3:25:03,69.89%
38,Jason Nieuwsma,"Chapel Hill, NC",223,3:25:32,7:51,M 30-34/2,M-31,35,3:25:38,60.78%
39,Andrew Wilson,"Canyon Country, CA",318,3:25:54,7:52,M 16-24/4,M-20,36,3:26:05,61.44%
40,Travis Wimer,"El Segundo, CA",319,3:27:26,7:55,M 30-34/3,M-30,37,3:27:34,60.22%
41,Taryn Spates,"Granada Hills, CA",277,3:27:54,7:56,F 30-34/1,F-33,4,3:28:20,65.58%
42,Connie Shieh,"Valencia, CA",20549,3:28:11,7:57,F 16-24/2,F-24,5,3:28:27,65.05%
43,Lisa Yokoyama,"Huntington Beach, CA",326,3:29:10,7:59,F 40-44/1,F-43,6,3:29:18,70.51%
44,Matt Simons,"Carlsbad, CA",417,3:29:17,7:59,M 40-44/11,M-41,38,3:29:30,61.68%
45,Manuel Alas,"Burbank, CA",392,3:29:44,8:00,M 40-44/12,M-40,39,3:29:54,61.03%
46,Wendy Cohen,"Valencia, CA",105,3:29:50,8:01,F 16-24/3,F-22,7,3:29:50,64.54%
47,Pat Hoey,"Alamo, CA",161,3:30:51,8:03,M 40-44/13,M-43,40,3:31:04,62.25%
48,Jackson Petry,"San Diego, CA",237,3:32:14,8:06,M 30-34/4,M-32,41,3:32:21,58.86%
49,Gregory Kovacs,"Los Angeles, CA",180,3:32:19,8:06,M 40-44/14,M-44,42,3:32:23,62.33%
50,Christie Buse,"Palmdale, CA",89,3:32:51,8:08,F 25-29/3,F-27,8,3:32:59,63.63%
51,Cesar Rojas,"Sylmar, CA",369,3:32:56,8:08,M 35-39/8,M-38,43,3:33:13,59.20%
52,Jana-Rose Whatley,", ",1,3:33:18,8:09,F 16-24/4,F-23,9,3:33:18,63.49%
53,Dennis Lebman,"Santa Clarita, CA",50,3:33:24,8:09,M 45-49/3,M-49,44,3:33:40,64.77%
54,Tim Calimlin,"Carlsbad, CA",91,3:33:43,8:10,M 30-34/5,M-32,45,3:34:21,58.45%
55,Kathy Davis,"Black Hawk, CO",336,3:33:51,8:10,F 40-44/2,F-44,10,3:33:59,69.79%
56,Michael Stimson,"Tustin, CA",284,3:33:59,8:10,M 40-44/15,M-42,46,3:34:19,60.82%
57,Tyler Strang,"Valencia, CA",37,3:34:38,8:12,M 35-39/9,M-37,47,3:35:48,58.44%
58,Justin Vong,"Santa Clarita, CA",309,3:34:59,8:12,M 16-24/5,M-16,48,3:35:01,62.32%
59,Stephanie Semple,"Omaha, NE",371,3:35:04,8:13,F 30-34/2,F-33,11,3:35:15,63.40%
60,Shae Mills,"San Diego, CA",210,3:35:35,8:14,M 35-39/10,M-39,49,3:35:42,58.89%
61,Charles Steele,"Hawthorne, CA",281,3:35:42,8:14,M 45-49/4,M-49,50,3:36:11,64.08%
62,Scot Mahotz,"Canyon Country, CA",43,3:35:43,8:14,M 40-44/16,M-43,51,3:35:55,60.84%
63,Eric Guzman,"Glendora, CA",150,3:35:47,8:14,M 45-49/5,M-46,52,3:36:12,62.40%
64,Matthew Domsalla,"Palmdale, CA",405,3:36:06,8:15,M 35-39/11,M-38,53,3:36:23,58.33%
65,Eric Smith,"Encinitas, CA",413,3:36:21,8:16,M 30-34/6,M-33,54,3:36:30,57.74%
66,Joshua Talley,"Santa Monica, CA",376,3:36:35,8:16,M 40-44/17,M-40,55,3:36:47,59.10%
67,Giovanni Granados,"Los Angeles, CA",391,3:36:47,8:17,M 16-24/6,M-17,56,3:36:56,60.82%
68,Dottie Wilmeth,"La Quinta, CA",317,3:39:46,8:23,F 45-49/1,F-47,12,3:39:59,70.45%
69,Wing Lo,"West Covina, CA",188,3:39:50,8:24,M 50-54/6,M-51,57,3:40:05,64.02%
70,Colleen Canan,"Valencia, CA",93,3:40:22,8:25,F 40-44/3,F-42,13,3:41:31,66.14%
71,Michelle West,"Santa Monica, CA",377,3:40:52,8:26,F 40-44/4,F-40,14,3:41:03,64.59%
72,Matt Semple,"Omaha, NE",370,3:40:59,8:26,M 30-34/7,M-34,58,3:41:10,56.53%
73,Shigeo Ogino,"Monterey Park, CA",227,3:41:19,8:27,M 50-54/7,M-50,59,3:41:33,63.02%
74,Jay Dobrowalski,"Moorpark, CA",339,3:42:39,8:30,M 30-34/8,M-33,60,3:42:39,56.11%
75,Corey Dantzler,"Santa Clarita, CA",20535,3:43:05,8:31,M 40-44/18,M-43,61,3:44:39,58.83%
76,Beli Thakur,"Stevenson Rn, CA",393,3:43:21,8:32,M 45-49/6,M-49,62,3:44:35,61.89%
77,Kevin Silacci,"Santa Paula, CA",394,3:44:05,8:33,M 35-39/12,M-37,63,3:44:16,55.97%
78,Jeffrey Phelps,"West Hollywood, CA",238,3:44:16,8:34,M 35-39/13,M-35,64,3:45:15,55.70%
79,Kyla Dickerson,"Sherman Oaks, CA",401,3:44:19,8:34,F 30-34/3,F-32,15,3:44:43,60.60%
80,Jose Guardado,"Simi Valley, CA",20566,3:44:25,8:34,M 30-34/9,M-34,65,3:45:03,55.67%
81,Armando Murillo,"Long Beach, CA",408,3:44:34,8:34,M 40-44/19,M-42,66,3:44:36,57.95%
82,Lino Torres,"Los Angeles, CA",291,3:44:45,8:35,M 40-44/20,M-42,67,3:44:52,57.91%
83,Augustina Hansen,"Valencia, CA",343,3:44:54,8:35,F 16-24/5,F-16,16,3:45:11,63.72%
84,Tyler Carr,"Ridgefield, CT",334,3:44:59,8:35,M 45-49/7,M-48,68,3:45:21,60.90%
85,James Weagley,"Porter Ranch, CA",313,3:45:10,8:36,M 50-54/8,M-52,69,3:45:20,63.07%
86,Kevin Hansen,"Portola Hills, CA",154,3:45:27,8:36,M 25-29/5,M-29,70,3:45:41,55.41%
87,Connor Gilmore,"Chatsworth, CA",145,3:45:42,8:37,M 16-24/7,M-16,71,3:47:07,59.36%
88,Mark Fitzpatrick,"Glendale, CA",134,3:45:44,8:37,M 40-44/21,M-42,72,3:45:51,57.65%
89,Deo Jaravata,"Granada Hilss, CA",169,3:46:26,8:39,M 45-49/8,M-47,73,3:47:00,59.99%
90,Jeremy Schwartz,"Calabasas, CA",397,3:47:11,8:40,M 35-39/14,M-39,74,3:47:17,55.88%
91,Matthew Perez,"Walnut Creek, CA",236,3:48:09,8:43,M 25-29/6,M-25,75,3:48:20,54.76%
92,Thomas Barbano,"Seattle, WA",73,3:48:34,8:44,M 50-54/9,M-50,76,3:48:53,61.02%
93,Keng Hong Ho,"Los Angeles, CA",160,3:48:40,8:44,M 35-39/15,M-36,77,3:48:40,54.69%
94,Terry Schultz,"Santa Clarita, CA",269,3:49:09,8:45,M 45-49/9,M-45,78,3:49:19,58.26%
95,Joseph Dominguez,"Fullerton, CA",123,3:49:21,8:45,M 35-39/16,M-36,79,3:49:53,54.53%
96,Jonathan Davison,"Carlsbad, CA",115,3:49:37,8:46,M 25-29/7,M-28,80,3:50:04,54.41%
97,Andrew Fan,"San Gabriel, CA",28,3:49:41,8:46,M 25-29/8,M-28,81,3:50:18,54.39%
98,Ryan Dugan,"Fullerton, CA",125,3:49:43,8:46,M 30-34/10,M-30,82,3:50:00,54.38%
99,Chris Kollmeyer,"San Diego, CA",179,3:49:56,8:47,M 40-44/22,M-40,83,3:50:06,55.67%
100,Erika Lilley,"Oakland, CA",20545,3:49:57,8:47,F 30-34/4,F-33,17,3:50:14,59.29%
