Place,Name,Location,Bib,Net Time,Pace,Division/Place,Sex-Age,Sex-Place,Gun Time,Age Grade
1,Colin Fitz Gerald,"Rosemont, ",338,6:45,5:26,M 13-99/1,M-14,1,6:45, 0.00%
2,Logan Neil,"Rosemont, ",349,6:58,5:37,M 13-99/2,M-14,2,7:00, 0.00%
3,Javier Gonzalez,"Haskell, ",366,7:02,5:40,M 13-99/3,M-14,3,7:06, 0.00%
4,Christian Hernandez,"Belvedere, ",723,7:04,5:42,M 13-99/4,M-13,4,7:06, 0.00%
5,Robert Chavez,"Millikan, ",89,7:05,5:42,M 13-99/5,M-14,5,7:13, 0.00%
6,Hector Hernandez,"Bell Gardens, ",370,7:20,5:54,M 13-99/6,M-14,6,7:26, 0.00%
7,Jose Sepulveda,"Henry, ",683,7:22,5:56,M 13-99/7,M-13,7,7:29, 0.00%
8,Zachary Johnson,"Rosemont, ",343,7:22,5:56,M 13-99/8,M-13,8,7:25, 0.00%
9,Ashwin Mills,"Millikan, ",153,7:22,5:56,M 13-99/9,M-14,9,7:29, 0.00%
10,David Rojas,"Torch, ",324,7:24,5:57,M 13-99/10,M-14,10,7:26, 0.00%
11,Connor Guiltinan,"Rosemont, ",341,7:24,5:57,M 13-99/11,M-13,11,7:25, 0.00%
12,Diego Guma,"Millikan, ",117,7:24,5:58,M 13-99/12,M-13,12,7:32, 0.00%
13,Matthew Bomar,"Rosemont, ",331,7:29,6:01,M 13-99/13,M-14,13,7:31, 0.00%
14,Moses Merino,"Millikan, ",152,7:29,6:02,M 13-99/14,M-13,14,7:40, 0.00%
15,Joshua Hernandez,"Torch, ",315,7:30,6:02,M 13-99/15,M-14,15,7:32, 0.00%
16,Taylor Davila,"Millikan, ",96,7:30,6:02,M 13-99/16,M-13,16,7:38, 0.00%
17,Carlos Cruz,"Northridge, ",209,7:31,6:03,M 13-99/17,M-13,17,7:32, 0.00%
18,Andres Macias,"Frost, ",30,7:31,6:03,M 13-99/18,M-13,18,7:34, 0.00%
19,Henry Mencia,"Rosemont, ",347,7:32,6:04,M 13-99/19,M-13,19,7:34, 0.00%
20,Sean Larsaoui,"Frost, ",29,7:34,6:05,M 13-99/20,M-13,20,7:37, 0.00%
21,Ethan Brown,"Millikan, ",80,7:35,6:06,M 13-99/21,M-13,21,7:41, 0.00%
22,Carmelo Pelais,"Northridge, ",213,7:36,6:07,M 13-99/22,M-13,22,7:38, 0.00%
23,Joey Curreri,"Palms, ",511,7:37,6:08,M 13-99/23,M-13,23,7:42, 0.00%
24,Louis Gosart,"Palms, ",522,7:37,6:08,M 13-99/24,M-14,24,7:43, 0.00%
25,Kenzo Abdi,"Palms, ",496,7:38,6:08,M 13-99/25,M-13,25,7:43, 0.00%
26,Ruis E Alvarez,"Roosevelt, ",252,7:39,6:09,M 13-99/26,M-13,26,7:50, 0.00%
27,Christian Ponce,"Millikan, ",170,7:40,6:10,M 13-99/27,M-13,27,7:48, 0.00%
28,Luke Minek,"Millikan, ",154,7:40,6:10,M 13-99/28,M-14,28,7:49, 0.00%
29,Grant Bolstad,"Rosemont, ",330,7:42,6:12,M 13-99/29,M-13,29,7:44, 0.00%
30,Irvin Valverde,"Berendo, ",414,7:44,6:13,M 13-99/30,M-13,30,7:47, 0.00%
31,Stanzik Hayes,"Palms, ",526,7:46,6:15,M 13-99/31,M-13,31,7:52, 0.00%
32,Rafael Rojas,"Torch, ",326,7:47,6:16,M 13-99/32,M-14,32,7:49, 0.00%
33,Robert Bracamnte,"Byrd, ",602,7:48,6:17,M 13-99/33,M-13,33,7:53, 0.00%
34,Khaliq Black,"Palms, ",503,7:50,6:18,M 13-99/34,M-13,34,7:55, 0.00%
35,Kevin Faeustle,"Rosemont, ",336,7:50,6:18,M 13-99/35,M-13,35,7:51, 0.00%
36,Carlos Pedraza,"Roosevelt, ",286,7:50,6:18,M 13-99/36,M-13,36,8:02, 0.00%
37,Adam Taragano,"Millikan, ",187,7:51,6:19,M 13-99/37,M-13,37,7:59, 0.00%
38,Michael Whiteside,"Millikan, ",200,7:52,6:20,M 13-99/38,M-13,38,8:00, 0.00%
39,Roberto Alcoser,"Millikan, ",59,7:55,6:23,M 13-99/39,M-13,39,8:03, 0.00%
40,Vicente Melchor,"Pio Pico, ",585,7:55,6:23,M 13-99/40,M-14,40,8:00, 0.00%
41,Goltse Motloba,"Burroughs, ",469,7:56,6:23,M 13-99/41,M-13,41,7:58, 0.00%
42,Brandon Guzman,"Roosevelt, ",265,7:58,6:25,M 13-99/42,M-14,42,8:09, 0.00%
43,Sabino Villegas,"Fleming, ",228,7:59,6:26,M 13-99/43,M-13,43,8:06, 0.00%
44,Joshua Upperman,"Millikan, ",191,8:01,6:27,M 13-99/44,M-13,44,8:11, 0.00%
45,Armando Mejia,"LA Academy, ",695,8:04,6:29,M 13-99/45,M-14,45,8:11, 0.00%
46,Branden Aldana,"Berendo, ",407,8:04,6:29,M 13-99/46,M-14,46,8:07, 0.00%
47,Armando Gonzalez Flores,"Madrid, ",375,8:06,6:31,M 13-99/47,M-14,47,8:07, 0.00%
48,Luis Munoz,"South East, ",740,8:06,6:31,M 13-99/48,M-13,48,8:11, 0.00%
49,Michael Zahariaie,"Millikan, ",201,8:06,6:31,M 13-99/49,M-13,49,8:14, 0.00%
50,Michael Casian,"Rosemont, ",333,8:07,6:32,M 13-99/50,M-13,50,8:09, 0.00%
51,Victor Robles,"South East, ",745,8:07,6:32,M 13-99/51,M-13,51,8:13, 0.00%
52,Jesus Mendoza,"Roosevelt, ",281,8:09,6:33,M 13-99/52,M-13,52,8:18, 0.00%
53,Nico De La Fuente,"Frost, ",17,8:09,6:34,M 13-99/53,M-13,53,8:12, 0.00%
54,Luis Avelino,"Palms, ",500,8:10,6:34,M 13-99/54,M-13,54,8:16, 0.00%
55,Spencer Geck,"Rosemont, ",340,8:10,6:35,M 13-99/55,M-13,55,8:12, 0.00%
56,Christopher De La Torre,"Torch, ",312,8:11,6:36,M 13-99/56,M-13,56,8:13, 0.00%
57,Jesus Calderon,"Frost, ",14,8:12,6:36,M 13-99/57,M-14,57,8:15, 0.00%
58,Karen Shirvonyan,"Roosevelt, ",293,8:13,6:37,F 13-99/1,F-13,1,8:13, 0.00%
59,David McNelis,"Rosemont, ",346,8:13,6:37,M 13-99/58,M-13,58,8:15, 0.00%
60,Miguel Salazar,"LA Academy, ",698,8:14,6:38,M 13-99/59,M-13,59,8:21, 0.00%
61,Toshak Guamuch,"LA Academy, ",690,8:15,6:39,M 13-99/60,M-13,60,8:23, 0.00%
62,Victor Moreno,"South East, ",739,8:17,6:40,M 13-99/61,M-13,61,8:23, 0.00%
63,Juan Pedro Mendez,"Palms, ",542,8:19,6:41,M 13-99/62,M-13,62,8:28, 0.00%
64,Urim Mousa Khari,"Roosevelt, ",283,8:20,6:42,M 13-99/63,M-13,63,8:31, 0.00%
65,Erick Quezada,"South East, ",743,8:20,6:42,M 13-99/64,M-13,64,8:26, 0.00%
66,William Huinil Yoc,"Fleming, ",223,8:20,6:43,M 13-99/65,M-13,65,8:27, 0.00%
67,Luis Gomez,"Montebello, ",655,8:21,6:43,M 13-99/66,M-13,66,8:25, 0.00%
68,Jacky Dam,"Nightingale, ",450,8:22,6:44,M 13-99/67,M-13,67,8:25, 0.00%
69,Anthony Hoang,"Haskell, ",365,8:22,6:44,M 13-99/68,M-13,68,8:26, 0.00%
70,David Zie Gwan,"Nightingale, ",457,8:22,6:44,M 13-99/69,M-14,69,8:26, 0.00%
71,Franklin Bertellotii,"Millikan, ",74,8:23,6:45,M 13-99/70,M-14,70,8:31, 0.00%
72,Joshua Abarca,"Montebello, ",646,8:23,6:45,M 13-99/71,M-14,71,8:26, 0.00%
73,Henry Gomez,"Liechty, ",431,8:24,6:46,M 13-99/72,M-13,72,8:31, 0.00%
74,Ezequiel Gomez,"Mulholland, ",237,8:25,6:47,M 13-99/73,M-13,73,8:28, 0.00%
75,Jacob Ralston,"Rosemont, ",350,8:26,6:47,M 13-99/74,M-13,74,8:28, 0.00%
76,Nigel Evans,"Nelson Acad, ",305,8:26,6:48,M 13-99/75,M-14,75,8:29, 0.00%
77,Elmer Lazo,"Bethune, ",592,8:28,6:49,M 13-99/76,M-13,76,8:30, 0.00%
78,Gary Miron,"Holmes, ",633,8:29,6:50,M 13-99/77,M-13,77,8:33, 0.00%
79,Brandon Juarez,"Madrid, ",382,8:29,6:50,M 13-99/78,M-13,78,8:30, 0.00%
80,Carter Walch,"Rosemont, ",353,8:29,6:50,M 13-99/79,M-13,79,8:31, 0.00%
81,Horsep Osikian,"Roosevelt, ",285,8:30,6:50,M 13-99/80,M-13,80,8:38, 0.00%
82,Joshua Giron,"Millikan, ",115,8:30,6:50,M 13-99/81,M-13,81,8:37, 0.00%
83,Cesar Barajas,"Frost, ",13,8:30,6:51,M 13-99/82,M-13,82,8:33, 0.00%
84,Tayler Dorch,"Henry, ",678,8:30,6:51,M 13-99/83,M-13,83,8:39, 0.00%
85,Salvador Gomez,"South East, ",729,8:31,6:51,M 13-99/84,M-13,84,8:35, 0.00%
86,Christopher Meany,"Millikan, ",149,8:32,6:52,M 13-99/85,M-13,85,8:39, 0.00%
87,Damon Davis Jr,"Marshall Acad, ",356,8:33,6:53,M 13-99/86,M-14,86,8:38, 0.00%
88,Danny Tzuc,"Montebello, ",673,8:35,6:55,M 13-99/87,M-13,87,8:40, 0.00%
89,Ryan Ohkawahira,"Palms, ",556,8:38,6:57,M 13-99/88,M-13,88,8:43, 0.00%
90,Giovanni Argueta,"Montebello, ",649,8:40,6:59,M 13-99/89,M-13,89,8:44, 0.00%
91,Nathaniel Torres,"Torch, ",327,8:43,7:01,M 13-99/90,M-13,90,8:45, 0.00%
92,Daniel Sasson,"Millikan, ",179,8:43,7:01,M 13-99/91,M-13,91,8:52, 0.00%
93,Yuki Ifo,"Palms, ",531,8:44,7:02,M 13-99/92,M-13,92,8:49, 0.00%
94,Moises Manzo,"Fleming, ",224,8:44,7:02,M 13-99/93,M-14,93,8:51, 0.00%
95,Diego Guevara,"Henry, ",680,8:44,7:02,M 13-99/94,M-13,94,8:53, 0.00%
96,Cameron Taylor,"Millikan, ",188,8:45,7:02,M 13-99/95,M-14,95,8:54, 0.00%
97,Harout Arteen,"Roosevelt, ",255,8:46,7:03,M 13-99/96,M-13,96,8:56, 0.00%
98,Gabriel Torres,"Olive Vista, ",615,8:47,7:04,M 13-99/97,M-14,97,8:56, 0.00%
99,Angel Rios,"Montebello, ",667,8:47,7:04,M 13-99/98,M-13,98,8:51, 0.00%
100,Pedro Simon,"Adams, ",405,8:49,7:06,M 13-99/99,M-13,99,8:54, 0.00%
101,Karen Zakaryan,"Roosevelt, ",301,8:49,7:06,M 13-99/100,M-13,100,8:57, 0.00%
102,Joshua Thomas,"Millikan, ",189,8:49,7:06,M 13-99/101,M-13,101,8:58, 0.00%
103,Marlon Peralta,"Northridge, ",214,8:50,7:06,M 13-99/102,M-13,102,8:52, 0.00%
104,Carlos Herrera,"Roosevelt, ",269,8:50,7:07,M 13-99/103,M-15,103,9:01, 0.00%
105,Justin Galvan,"Rosemont, ",339,8:50,7:07,M 13-99/104,M-14,104,8:53, 0.00%
106,Mario Marroquin,"Millikan, ",146,8:51,7:08,M 13-99/105,M-13,105,8:59, 0.00%
107,Geovani Estrada,"Olive Vista, ",612,8:53,7:09,M 13-99/106,M-13,106,9:03, 0.00%
108,Joseph Langley,"Rosemont, ",345,8:54,7:10,M 13-99/107,M-13,107,8:56, 0.00%
109,Adrian Hernandez,"South East, ",730,8:54,7:10,M 13-99/108,M-14,108,9:00, 0.00%
110,Carlos Ajtun,"Montebello, ",648,8:54,7:10,M 13-99/109,M-13,109,8:58, 0.00%
111,Tiber Seireeni,"Millikan, ",181,8:54,7:10,M 13-99/110,M-13,110,9:02, 0.00%
112,Walter Villata,"Mann, ",710,8:54,7:10,M 13-99/111,M-14,111,8:57, 0.00%
113,Adriel Azero,"Millikan, ",66,8:55,7:11,M 13-99/112,M-13,112,9:04, 0.00%
114,Arthur Gutierrez,"Olive Vista, ",613,8:55,7:11,M 13-99/113,M-13,113,9:05, 0.00%
115,Adan Esparza,"South East, ",728,8:55,7:11,M 13-99/114,M-13,114,9:01, 0.00%
116,Spencer Towne,"Palms, ",574,8:57,7:12,M 13-99/115,M-13,115,9:04, 0.00%
117,Aleus Melkunyan,"Roosevelt, ",280,8:57,7:12,M 13-99/116,M-13,116,9:08, 0.00%
118,Joshua Reyes,"Pacoima, ",644,8:57,7:12,M 13-99/117,M-13,117,9:02, 0.00%
119,Ramon Racimo,"Millikan, ",171,8:59,7:14,M 13-99/118,M-14,118,9:06, 0.00%
120,Jarod Hendrickson,"Rosemont, ",342,8:59,7:14,M 13-99/119,M-13,119,9:02, 0.00%
121,Albert Hernandez,"Roosevelt, ",267,8:59,7:14,M 13-99/120,M-13,120,9:09, 0.00%
122,Enrique Salazar,"Roosevelt, ",290,9:00,7:14,M 13-99/121,M-13,121,9:09, 0.00%
123,Morgan Faunce,"Rosemont, ",337,9:00,7:15,M 13-99/122,M-13,122,9:02, 0.00%
124,Tomer Alfandari,"Millikan, ",60,9:03,7:17,M 13-99/123,M-13,123,9:11, 0.00%
125,Vinnie Xe,"Nightingale, ",456,9:04,7:18,M 13-99/124,M-13,124,9:08, 0.00%
126,Ulises Martinez,"Pacoima, ",642,9:04,7:18,M 13-99/125,M-13,125,9:09, 0.00%
127,Jerel Orejuela,"Millikan, ",158,9:05,7:19,M 13-99/126,M-13,126,9:14, 0.00%
128,David Garcia,"Torch, ",313,9:07,7:20,M 13-99/127,M-15,127,9:09, 0.00%
129,Daniel Park,"Millikan, ",161,9:07,7:20,M 13-99/128,M-13,128,9:16, 0.00%
130,Khou Chhay Houth,"Torch, ",311,9:08,7:21,M 13-99/129,M-14,129,9:10, 0.00%
131,Henry Barradas,"LA Academy, ",686,9:11,7:23,M 13-99/130,M-13,130,9:18, 0.00%
132,Christopher Benitez,"LA Academy, ",687,9:11,7:23,M 13-99/131,M-13,131,9:18, 0.00%
133,Josh Berman,"Palms, ",502,9:13,7:25,M 13-99/132,M-14,132,9:19, 0.00%
134,Tariqq Muhammad,"Millikan, ",155,9:13,7:25,M 13-99/133,M-13,133,9:21, 0.00%
135,Jose Tec,"Y.O.K.A., ",460,9:15,7:26,M 13-99/134,M-13,134,9:23, 0.00%
136,Victor Valenzuela,"Millikan, ",193,9:16,7:27,M 13-99/135,M-13,135,9:25, 0.00%
137,Edward Morales,"Liechty, ",436,9:17,7:28,M 13-99/136,M-13,136,9:22, 0.00%
138,Daniel Garcia,"Frost, ",22,9:17,7:28,M 13-99/137,M-13,137,9:20, 0.00%
139,Justin Archila,"Millikan, ",62,9:17,7:29,M 13-99/138,M-13,138,9:25, 0.00%
140,Benjamin Taylor,"Palms, ",571,9:18,7:29,M 13-99/139,M-13,139,9:24, 0.00%
141,Efrain Hinojosa,"Frost, ",25,9:18,7:29,M 13-99/140,M-13,140,9:21, 0.00%
142,Keven Perez,"Liechty, ",440,9:18,7:29,M 13-99/141,M-14,141,9:23, 0.00%
143,Steven Malko,"Roosevelt, ",275,9:19,7:30,M 13-99/142,M-14,142,9:32, 0.00%
144,Kevin Park,"Millikan, ",162,9:19,7:30,M 13-99/143,M-13,143,9:29, 0.00%
145,Mitchel Templos,"Rosemont, ",352,9:20,7:31,M 13-99/144,M-13,144,9:23, 0.00%
146,Osvaldo Tepal Rodriguez,"Griffith, ",418,9:21,7:32,M 13-99/145,M-14,145,9:31, 0.00%
147,Aaron Cruz,"Palms, ",509,9:21,7:32,M 13-99/146,M-13,146,9:29, 0.00%
148,Minkee Kim,"Millikan, ",132,9:22,7:32,M 13-99/147,M-13,147,9:31, 0.00%
149,Pablo Quintana,"Torch, ",322,9:23,7:33,M 13-99/148,M-13,148,9:25, 0.00%
150,Nicholas Nathan,"Palms, ",550,9:24,7:34,M 13-99/149,M-13,149,9:31, 0.00%
151,Steve Flores,"Roosevelt, ",262,9:25,7:35,M 13-99/150,M-13,150,9:35, 0.00%
152,Palente Henry Jr,"Millikan, ",120,9:26,7:35,M 13-99/151,M-13,151,9:33, 0.00%
153,Luis Servekkin,"Foshay, ",483,9:26,7:36,M 13-99/152,M-13,152,9:29, 0.00%
154,Jahe Levey,"Palms, ",541,9:26,7:36,M 13-99/153,M-13,153,9:26, 0.00%
155,Tigon Howard,"Foshay, ",480,9:29,7:38,M 13-99/154,M-14,154,9:29, 0.00%
156,Samuel Muela,"Torch, ",319,9:29,7:38,M 13-99/155,M-13,155,9:31, 0.00%
157,Joshua Kim,"Millikan, ",131,9:32,7:40,M 13-99/156,M-13,156,9:41, 0.00%
158,Noe Gomez,"Roosevelt, ",264,9:32,7:41,M 13-99/157,M-13,157,9:41, 0.00%
159,Matthew Bernard,"Millikan, ",73,9:33,7:41,M 13-99/158,M-13,158,9:43, 0.00%
160,Alex Ramirez,"Palms, ",562,9:33,7:41,M 13-99/159,M-13,159,9:41, 0.00%
161,Manuel Silva,"White, ",601,9:33,7:42,M 13-99/160,M-13,160,9:36, 0.00%
162,Julian Nunez,"Curtiss, ",600,9:35,7:42,M 13-99/161,M-13,161,9:38, 0.00%
163,Berjamin Raanan,"Palms, ",561,9:36,7:44,M 13-99/162,M-13,162,9:44, 0.00%
164,Sebastian Hernandez,"Palms, ",528,9:38,7:45,M 13-99/163,M-13,163,9:47, 0.00%
165,Gage Vankirk,"Frost, ",50,9:41,7:48,M 13-99/164,M-13,164,9:44, 0.00%
166,Astin Sasaki,"Palms, ",568,9:42,7:49,M 13-99/165,M-13,165,9:48, 0.00%
167,Tevin Pak,"Palms, ",558,9:43,7:49,M 13-99/166,M-13,166,9:43, 0.00%
168,Francisco Ramirez,"Liechty, ",443,9:44,7:50,M 13-99/167,M-13,167,9:50, 0.00%
169,Isaac Grey,"Audubon, ",464,9:44,7:50,M 13-99/168,M-13,168,9:53, 0.00%
170,Anthony Morales,"Palms, ",547,9:44,7:50,M 13-99/169,M-13,169,9:45, 0.00%
171,Ryo Shiratori,"Palms, ",569,9:46,7:52,M 13-99/170,M-13,170,9:47, 0.00%
172,Gilbert Baldenegro,"Torch, ",307,9:48,7:53,M 13-99/171,M-14,171,9:50, 0.00%
173,Adriana Hernandez,"Stevenson, ",231,9:49,7:54,F 13-99/2,F-13,2,9:49, 0.00%
174,Fernando Mendoza,"Madrid, ",389,9:50,7:55,M 13-99/172,M-13,172,9:51, 0.00%
175,Benijno Rios,"Madrid, ",395,9:55,7:59,M 13-99/173,M-13,173,9:56, 0.00%
176,Matthew Diaz,"Millikan, ",100,9:58,8:01,M 13-99/174,M-13,174,10:06, 0.00%
177,Steven Fein,"Frost, ",19,9:59,8:02,M 13-99/175,M-13,175,10:03, 0.00%
178,Andy Guerrero,"Ochoa, ",492,9:59,8:02,M 13-99/176,M-13,176,10:02, 0.00%
179,Dylan Caballero,"Millikan, ",83,10:00,8:03,M 13-99/177,M-13,177,10:10, 0.00%
180,Jossmar Ledezma,"Y.O.K.A., ",459,10:00,8:03,M 13-99/178,M-13,178,10:09, 0.00%
181,Leo Ortiz,"South East, ",741,10:00,8:03,M 13-99/179,M-13,179,10:08, 0.00%
182,Raul Andre Hernandez,"Roosevelt, ",268,10:02,8:04,M 13-99/180,M-13,180,10:12, 0.00%
183,Jose Martinez,"Millikan, ",147,10:03,8:05,M 13-99/181,M-13,181,10:14, 0.00%
184,Mark Cuevas,"Mulholland, ",235,10:04,8:06,M 13-99/182,M-13,182,10:08, 0.00%
185,Ricardo Covarrubias,"Pacoima, ",639,10:05,8:07,M 13-99/183,M-13,183,10:10, 0.00%
186,Cristofer Alcocer,"Fleming, ",221,10:06,8:08,M 13-99/184,M-13,184,10:12, 0.00%
187,Josue Arriola,"Frost, ",12,10:07,8:09,M 13-99/185,M-13,185,10:10, 0.00%
188,Liad Ozulay,"Millikan, ",160,10:09,8:10,M 13-99/186,M-13,186,10:17, 0.00%
189,Sidney Rodriguez,"Foshay, ",482,10:11,8:12,M 13-99/187,M-13,187,10:15, 0.00%
190,Enrique Chavarria,"Foshay, ",478,10:13,8:14,M 13-99/188,M-13,188,10:17, 0.00%
191,Paul Mar,"Millikan, ",145,10:15,8:15,M 13-99/189,M-14,189,10:24, 0.00%
192,Brian Solano,"Millikan, ",183,10:16,8:16,M 13-99/190,M-13,190,10:25, 0.00%
193,Robert Schreck,"Millikan, ",180,10:17,8:16,M 13-99/191,M-13,191,10:26, 0.00%
194,Jose Landa,"Millikan, ",135,10:19,8:18,M 13-99/192,M-13,192,10:19, 0.00%
195,Sean Petersen,"Fleming, ",225,10:20,8:19,M 13-99/193,M-13,193,10:27, 0.00%
196,Manuel Maeilian,"Roosevelt, ",274,10:24,8:22,M 13-99/194,M-13,194,10:34, 0.00%
197,Alex Khachaturian,"Roosevelt, ",271,10:26,8:24,M 13-99/195,M-13,195,10:36, 0.00%
198,Miguel Moran,"South East, ",738,10:31,8:28,M 13-99/196,M-13,196,10:37, 0.00%
199,Noah Nathan,"Palms, ",551,10:34,8:30,M 13-99/197,M-13,197,10:41, 0.00%
200,Jose Zambrano,"Montebello, ",676,10:36,8:32,M 13-99/198,M-14,198,10:40, 0.00%
