Place,Name,Location,Bib,Net Time,Pace,Division/Place,Sex-Age,Sex-Place,Gun Time,Age Grade
1,Christopher Zablocki,"Essex, CT",3,2:20:10,5:21,M 25-29/0,M-28,1,2:20:10,87.73%
2,Japhet Kipkoech,"Louisville, KY",5,2:23:26,5:29,M 25-29/0,M-26,2,2:23:26,85.73%
3,Fernando Blanco,"Vista, CA",29,2:42:06,6:11,M 35-39/0,M-37,3,2:42:06,76.75%
4,Kyle Hummel,"San Diego, CA",531,2:47:47,6:24,M 35-39/1,M-36,4,2:47:48,73.87%
5,Nik Shalygin,"La Jolla, CA",992,2:48:52,6:27,M 30-34/1,M-31,5,2:48:53,72.82%
6,Jill Deering,"Santa Barbara, CA",27,2:54:06,6:39,F 30-34/0,F-32,1,2:54:06,77.87%
7,Dani Steinbacher,"Ann Arbor, MI",23,2:54:51,6:41,F 30-34/0,F-31,2,2:54:51,77.48%
8,Maggie Yount,"San Mateo, CA",25,2:55:49,6:43,F 30-34/0,F-33,3,2:55:49,77.23%
9,Matt Segebart,"Washington, IL",1285,2:56:24,6:44,M 40-44/1,M-42,6,2:56:24,72.73%
10,Christopher Allen,"Ventura, CA",115,2:57:13,6:46,M 25-29/1,M-27,7,2:57:13,69.38%
11,Tim Glickman,"Marlborough, MA",443,2:59:15,6:51,M 25-29/2,M-28,8,2:59:17,68.60%
12,Brent Shirley,"San Diego, CA",1002,2:59:32,6:51,M 30-34/2,M-31,9,2:59:35,68.49%
13,Juan Carlos Ayala Castro,"Chula Vista, CA",142,3:00:02,6:52,M 40-44/2,M-43,10,3:00:03,71.85%
14,Heath Thurston,"Orem, UT",1075,3:04:10,7:02,M 35-39/2,M-38,11,3:04:11,67.87%
15,Aaron Truesdale,"San Diego, CA",1293,3:04:39,7:03,M 30-34/3,M-32,12,3:04:41,66.60%
16,Slava Kolpakov,"Newton, MA",601,3:05:58,7:06,M 40-44/3,M-40,13,3:05:59,67.99%
17,Matthew Underwood,"Yucaipa, CA",1295,3:07:06,7:09,M 50-54/1,M-50,14,3:07:06,73.34%
18,Neela D'Souza,"CA, ",1339,3:07:25,7:09,F 35-39/1,F-39,4,3:07:27,74.06%
19,Michael Nelson,"Grand Rapids, MI",796,3:08:00,7:11,M 45-49/1,M-48,15,3:08:01,71.74%
20,Stefan Asbock,"Carlsbad, CA",138,3:10:27,7:16,M 40-44/4,M-40,16,3:10:28,66.39%
21,Eric Choudhary,"Minneapolis, MN",286,3:10:27,7:16,M 30-34/4,M-30,17,3:10:28,64.56%
22,Brock Whitaker,"Murrieta, CA",1301,3:11:24,7:18,M 35-39/3,M-37,18,3:11:26,65.01%
23,Wilmer Gange,"Chula Vista, CA",421,3:11:43,7:19,M 40-44/5,M-42,19,3:11:47,66.92%
24,Gerad Mead,"Minneapolis, MN",740,3:11:50,7:19,M 35-39/4,M-37,20,3:11:51,64.86%
25,Gabriel Meyerson,"Los Angeles, CA",1254,3:12:10,7:20,M 35-39/5,M-35,21,3:12:12,64.31%
26,Chuck Wilson,"Carlsbad, CA",1148,3:13:13,7:23,M 40-44/6,M-41,22,3:13:14,65.89%
27,Joseph Beckerley,"Santee, CA",171,3:14:23,7:25,M 35-39/6,M-38,23,3:14:23,64.30%
28,Roger Leszczynski,"San Diego, CA",1243,3:14:48,7:26,M 35-39/7,M-35,24,3:14:50,63.44%
29,Piotr Cygan,"PL, ",320,3:14:51,7:26,M 45-49/2,M-47,25,3:14:53,68.63%
30,Kevin Hopp,"San Marcos, CA",520,3:15:03,7:27,M 45-49/3,M-45,26,3:15:08,67.42%
31,Janis Actins,"LV, ",103,3:15:28,7:28,M 40-44/7,M-44,27,3:15:28,66.73%
32,Merissa Kado,"Santa Clarita, CA",573,3:15:31,7:28,F 18-24/1,F-23,5,3:15:36,69.27%
33,Frank Biess,"San Diego, CA",181,3:15:52,7:29,M 50-54/2,M-50,28,3:15:54,70.05%
34,Timothy Wright,"San Marcos, CA",1403,3:16:17,7:30,M 30-34/5,M-31,29,3:16:21,62.64%
35,Brian Jackson,"La Mesa, CA",544,3:16:38,7:30,M 40-44/8,M-42,30,3:16:38,65.25%
36,Eric Burnheimer,"Los Angeles, CA",230,3:17:15,7:32,M 35-39/8,M-35,31,3:17:18,62.65%
37,Alexander Schulz,"Ukiah, CA",977,3:17:18,7:32,M 45-49/4,M-47,32,3:17:19,67.78%
38,Daniel Poersch,"Palmdale, CA",1272,3:18:15,7:34,M 50-54/3,M-52,33,3:18:16,70.43%
39,Loren Nelson,"CA, ",795,3:19:02,7:36,M 18-24/1,M-23,34,3:19:04,61.78%
40,Zhaoshi Zheng,"San Diego, CA",1173,3:19:24,7:37,M 30-34/6,M-30,35,3:19:27,61.67%
41,Casey Kim,"Palm Desert, CA",590,3:19:44,7:38,M 40-44/9,M-42,36,3:19:48,64.23%
42,Efren Limbag,"San Diego, CA",1244,3:20:24,7:39,M 45-49/5,M-45,37,3:20:27,65.62%
43,Alexander Juden,"Chula Vista, CA",569,3:21:32,7:42,M 45-49/6,M-47,38,3:21:39,66.36%
44,Philip Blechertas,"Oceanside, CA",1341,3:21:33,7:42,M 30-34/7,M-30,39,3:21:43,61.01%
45,Chris Moreland,"San Diego, CA",1326,3:21:52,7:42,M 30-34/8,M-34,40,3:21:58,61.08%
46,Jordan Redmon,"New Orleans, LA",1331,3:21:56,7:43,M 25-29/3,M-26,41,3:22:01,60.89%
47,Ronald Castillo,"Chino Hills, CA",259,3:22:28,7:44,M 55-59/1,M-55,42,3:22:30,70.85%
48,Matthew Phillips,"Solana Beach, CA",863,3:22:30,7:44,M 30-34/9,M-32,43,3:22:35,60.73%
49,Tinh Khuong,"Chula Vista, CA",587,3:22:32,7:44,M 40-44/10,M-41,44,3:22:32,62.86%
50,Timothy Wilson,"Vista, CA",1150,3:22:44,7:44,M 50-54/4,M-50,45,3:22:47,67.68%
51,Robert Morse,"San Diego, CA",772,3:23:29,7:46,M 30-34/10,M-30,46,3:23:29,60.43%
52,Joel Fenlason,"Santa Maria, CA",391,3:23:45,7:47,M 40-44/11,M-43,47,3:23:50,63.48%
53,Sean Flock,"Chula Vista, CA",401,3:24:08,7:48,M 45-49/7,M-46,48,3:24:15,64.95%
54,Jeff Chirdon,"Westerville, OH",283,3:24:13,7:48,M 50-54/5,M-51,49,3:24:16,67.78%
55,Erik Zeitlow,"Arvada, CO",1171,3:24:15,7:48,M 45-49/8,M-49,50,3:24:22,66.60%
56,James Haffner,"Chula Vista, CA",464,3:24:55,7:49,M 45-49/9,M-47,51,3:24:57,65.26%
57,Jesse Sjoberg,"San Diego, CA",1014,3:24:56,7:49,M 40-44/12,M-44,52,3:25:02,63.64%
58,Joao Miranda,"San Clemente, CA",1357,3:25:15,7:50,M 35-39/9,M-39,53,3:25:21,61.23%
59,Suhua Li,"San Diego, CA",658,3:25:20,7:50,M 30-34/11,M-33,54,3:25:24,59.95%
60,John Reed,"Laguna Niguel, CA",897,3:26:16,7:53,M 55-59/2,M-58,55,3:26:24,71.48%
61,Nadia Ruiz,"Santa Fe Springs, CA",947,3:26:19,7:53,F 30-34/1,F-32,6,3:26:24,65.71%
62,Rhoda Shaver,"Irvine, CA",995,3:26:23,7:53,F 45-49/1,F-45,7,3:26:29,70.42%
63,Kurt Goetz,"Beverly Hills, CA",444,3:26:37,7:53,M 35-39/10,M-38,56,3:26:37,60.50%
64,Laura McDonald,"Castle Pines, CO",730,3:26:38,7:53,F 30-34/2,F-34,8,3:26:39,65.85%
65,Brian Moeller,"Carlsbad, CA",759,3:27:31,7:55,M 30-34/12,M-30,57,3:27:33,59.25%
66,Sage Bassett,"San Diego, CA",162,3:27:35,7:56,M 35-39/11,M-36,58,3:28:00,59.71%
67,Robert Muth,"Carlsbad, CA",1257,3:27:37,7:56,M 35-39/12,M-36,59,3:27:51,59.70%
68,Nichole Sterioti,"San Diego, CA",1040,3:28:03,7:57,F 35-39/2,F-38,9,3:28:10,66.37%
69,Ashley Boots,"San Francisco, CA",195,3:28:10,7:57,F 25-29/1,F-26,10,3:28:17,65.06%
70,Evan Dorward,"CA, ",356,3:29:00,7:59,M 55-59/3,M-55,60,3:29:05,68.63%
71,Meghan Baird,"Pasadena, CA",149,3:29:05,7:59,F 25-29/2,F-27,11,3:29:11,64.77%
72,Hiro Konishi,"Aliso Viejo, CA",604,3:29:11,7:59,M 50-54/6,M-53,61,3:29:39,67.35%
73,Crystal Waterman,"San Marcos, CA",1125,3:29:15,7:59,F 35-39/3,F-37,12,3:29:19,65.68%
74,John Famulare,"Carlsbad, CA",386,3:29:17,7:59,M 50-54/7,M-54,62,3:29:24,67.92%
75,Federico Garcia,"San Diego, CA",423,3:29:23,8:00,M 45-49/10,M-46,63,3:29:27,63.33%
76,Carlos Arreola,"San Diego, CA",136,3:29:48,8:01,M 40-44/13,M-42,64,3:29:58,61.15%
77,Hayato Yamamoto,"San Diego, CA",1162,3:29:50,8:01,M 35-39/13,M-37,65,3:29:55,59.30%
78,Patrick Keller,"Charlottesville, VA",1349,3:29:52,8:01,M 45-49/11,M-46,66,3:29:59,63.18%
79,Deborah Cosmetis,"San Diego, CA",1353,3:30:24,8:02,F 35-39/4,F-39,13,3:30:30,65.97%
80,Jordan Wight,"Longmont, CO",1371,3:30:41,8:03,M 30-34/13,M-34,67,3:30:53,58.52%
81,John Cox,"San Diego, CA",309,3:30:43,8:03,M 55-59/4,M-58,68,3:30:46,69.97%
82,Nicholas Roshon,"La Jolla, CA",939,3:31:09,8:04,M 30-34/14,M-32,69,3:31:15,58.24%
83,Carolyn Tallman,"Oceanside, CA",1066,3:31:15,8:04,F 30-34/3,F-30,14,3:31:18,64.11%
84,Paul Malz,"Escondido, CA",704,3:31:31,8:05,M 40-44/14,M-41,70,3:31:35,60.19%
85,Kelli Khuong,"Chula Vista, CA",586,3:31:32,8:05,F 35-39/5,F-38,15,3:31:38,65.27%
86,Ezequiel De La Rosa,"Hawaiian Gardens, CA",1311,3:32:51,8:08,M 40-44/15,M-42,71,3:32:58,60.27%
87,Kaori Blood,"Redlands, CA",1195,3:33:08,8:08,F 50-54/1,F-51,16,3:33:17,73.15%
88,Albert Ihle,"Mission Viej, CA",1356,3:33:12,8:08,M 45-49/12,M-46,72,3:33:24,62.19%
89,Michael Balla,"Rancho Mission Viejo, CA",153,3:33:13,8:08,M 30-34/15,M-32,73,3:33:24,57.68%
90,Michael Rogers,"Encinitas, CA",929,3:33:31,8:09,M 30-34/16,M-32,74,3:33:38,57.60%
91,Curtis Bennett,"Culver City, CA",1192,3:33:35,8:09,M 50-54/8,M-53,75,3:33:44,65.96%
92,Kimberley Bandy,"San Diego, CA",1187,3:33:40,8:09,F 45-49/2,F-45,17,3:33:48,68.02%
93,Christian Groom,"Huntington Beach, CA",454,3:34:12,8:11,M 18-24/2,M-24,76,3:34:20,57.40%
94,Laura Willoughby,"Bakersfield, CA",1146,3:34:34,8:12,F 45-49/3,F-49,18,3:34:37,70.87%
95,Trevor Neeb,"San Diego, CA",1405,3:34:44,8:12,M 35-39/14,M-37,77,3:34:51,57.94%
96,Ardy Azadgan,"Laguna Niguel, CA",1185,3:34:50,8:12,M 30-34/17,M-34,78,3:34:57,57.39%
97,Dan Harvey,"Lake Mills, WI",489,3:35:09,8:13,M 65-69/1,M-69,79,3:37:05,76.37%
98,Edgardo Ferrer,"Oceanside, CA",394,3:35:11,8:13,M 45-49/13,M-46,80,3:35:23,61.62%
99,Walker Mills,"San Clemente, CA",754,3:35:22,8:13,M 18-24/3,M-24,81,3:35:39,57.09%
100,Jesse Chan,"Carlsbad, CA",270,3:35:40,8:14,M 40-44/16,M-40,82,3:35:45,58.63%
101,Richard Hoopes,"Oceanside, CA",1343,3:35:49,8:14,M 60-64/1,M-62,83,3:35:56,70.97%
102,Whitney Carpenter,"Carlsbad, CA",253,3:36:07,8:15,F 30-34/4,F-30,19,3:36:07,62.66%
103,Angie Hart,"Davis, CA",484,3:36:46,8:17,F 50-54/2,F-51,20,3:36:56,71.93%
104,Brian Lagrua,"Holmdel, NJ",624,3:37:17,8:18,M 50-54/9,M-52,84,3:37:22,64.26%
105,Ryne Adams,"San Francisco, CA",1179,3:37:32,8:18,M 18-24/4,M-24,85,3:37:48,56.52%
106,Amanda Cola,"Santa Fe, NM",297,3:37:38,8:19,F 40-44/1,F-40,21,3:37:44,64.16%
107,Bernadette Sidney,"San Diego, CA",1012,3:37:50,8:19,F 50-54/3,F-53,22,3:37:58,73.43%
108,Bill Carlson,"La Quinta, CA",251,3:38:11,8:20,M 55-59/5,M-56,86,3:38:21,66.34%
109,Dustin Wallace,"San Diego, CA",1123,3:38:32,8:21,M 40-44/17,M-41,87,3:38:38,58.26%
110,Martin Bo Frederiksen,"DK, ",412,3:38:33,8:21,M 50-54/10,M-53,88,3:38:43,64.46%
111,Peter Krumbhaar,"Oreland, PA",614,3:39:10,8:22,M 25-29/4,M-29,89,3:39:15,56.10%
112,Kai Nakamura,"San Diego, CA",786,3:39:18,8:22,M 40-44/18,M-42,90,3:39:23,58.50%
113,Shawn Harrison,"San Diego, CA",1231,3:39:52,8:24,M 40-44/19,M-44,91,3:40:07,59.32%
114,Matthew Vasquez,"La Jolla, CA",1103,3:40:13,8:24,M 18-24/5,M-21,92,3:40:14,55.84%
115,Lucia Foglia,"San Diego, CA",403,3:40:20,8:25,F 35-39/6,F-39,23,3:40:29,62.99%
116,Max Butterfield,"San Diego, CA",233,3:40:24,8:25,M 30-34/18,M-34,93,3:40:33,55.94%
117,Lauren Kearney,"Carlsbad, CA",580,3:40:31,8:25,F 50-54/4,F-50,24,3:40:35,69.82%
118,Kat Gunsur,"San Diego, CA",1228,3:40:31,8:25,F 30-34/5,F-33,25,3:42:22,61.57%
119,Francisco Ruiz Torrez,"San Diego, CA",948,3:41:10,8:27,M 45-49/14,M-48,94,3:41:13,60.98%
120,Paul Oostra,"CA, ",820,3:41:20,8:27,M 50-54/11,M-52,95,3:41:29,63.08%
121,David Marshall,"Oceanside, CA",714,3:41:30,8:27,M 25-29/5,M-28,96,3:41:37,55.51%
122,Kevin Ronayne,"Billerica, MA",932,3:41:39,8:28,M 45-49/15,M-45,97,3:41:46,59.33%
123,Matt Myers,"San Diego, CA",782,3:41:50,8:28,M 40-44/20,M-42,98,3:41:56,57.83%
124,Rick Lopez,"San Diego, CA",1247,3:42:02,8:29,M 45-49/16,M-47,99,3:42:10,60.23%
125,Torrey Short,"Homer, AK",1005,3:42:14,8:29,M 30-34/19,M-31,100,3:42:22,55.33%
126,Sam Rix,"Encinitas, CA",921,3:42:17,8:29,F 18-24/2,F-23,26,3:42:26,60.93%
127,Jay Colwell,"Lincoln, NE",1206,3:42:39,8:30,M 18-24/6,M-24,101,3:42:43,55.23%
128,David Yu,"San Diego, CA",1169,3:42:53,8:31,M 45-49/17,M-48,102,3:42:55,60.51%
129,Hector Orozco Mendoza,", ",825,3:42:57,8:31,M 55-59/6,M-55,103,3:42:59,64.34%
130,Natalie Sanger,"Yorba Linda, CA",962,3:43:04,8:31,F 25-29/3,F-29,27,3:43:13,60.71%
131,Bingbiao Fang,"Davis, CA",387,3:43:20,8:32,M 50-54/12,M-50,104,3:43:29,61.44%
132,Lindsay Schartz,"San Diego, CA",969,3:43:33,8:32,F 30-34/6,F-32,28,3:43:48,60.65%
133,Stephan Gaspar,"San Diego, CA",431,3:43:40,8:32,M 25-29/6,M-25,105,3:43:58,54.97%
134,Doug Riemer,"Petersburg, AK",915,3:43:51,8:33,M 55-59/7,M-56,106,3:44:13,64.66%
135,Adam Welcome,"Lafayette, CA",1130,3:43:51,8:33,M 35-39/15,M-37,107,3:43:59,55.58%
136,Ryan Hynes,"Los Angeles, CA",537,3:43:57,8:33,M 25-29/7,M-26,108,3:44:01,54.90%
137,Adam Buckley,"Oceanside, CA",225,3:43:57,8:33,M 35-39/16,M-39,109,3:44:12,56.12%
138,James Perfect,"Loma Linda, CA",1328,3:43:59,8:33,M 25-29/8,M-28,110,3:44:08,54.90%
139,Kristi Gadalla,"San Diego, CA",1219,3:44:10,8:33,F 18-24/3,F-24,29,3:44:21,60.41%
140,Dayna Dumont,"San Diego, CA",368,3:44:12,8:34,F 30-34/7,F-30,30,3:44:24,60.40%
141,Grant Barnett,"Palmdale, CA",1189,3:44:38,8:35,M 40-44/21,M-40,111,3:44:47,56.29%
142,Scott Perkins,"Pasadena, CA",1267,3:44:38,8:35,M 25-29/9,M-29,112,3:44:47,54.74%
143,Manuel Homeier,"DE, ",518,3:44:49,8:35,M 25-29/10,M-25,113,3:44:54,54.69%
144,Justin Wodarck,"Quartz Hill, CA",1156,3:44:54,8:35,M 35-39/17,M-35,114,3:45:00,54.95%
145,Genevieve Kim,"Temecula, CA",591,3:44:58,8:35,F 30-34/8,F-34,31,3:45:06,60.48%
146,Mark Cunningham,"San Diego, CA",317,3:45:13,8:36,M 45-49/18,M-49,115,3:45:52,60.40%
147,Richard Hanano,"Brooklyn, NY",466,3:45:20,8:36,M 45-49/19,M-48,116,3:45:32,59.85%
148,Cecilia Mitchell,"Escondido, CA",756,3:45:34,8:37,F 30-34/9,F-33,32,4:02:48,60.19%
149,Andrew Baldwin,"Alexandria, VA",1186,3:45:36,8:37,M 35-39/18,M-39,117,3:45:46,55.71%
150,Christian Anderson,"Carlsbad, CA",123,3:45:39,8:37,M 35-39/19,M-36,118,3:46:06,54.93%
151,Kellen Arno,"Gold River, CA",135,3:45:39,8:37,M 30-34/20,M-34,119,3:45:44,54.64%
152,Jose Delgado,"Carlsbad, CA",339,3:46:14,8:38,M 35-39/20,M-35,120,3:46:48,54.62%
153,Christopher Duff,"Carlsbad, CA",366,3:46:26,8:39,M 25-29/11,M-27,121,3:46:36,54.30%
154,Yumin Tang,"San Diego, CA",1068,3:46:53,8:40,M 55-59/8,M-56,122,3:47:06,63.80%
155,Racquel Kolsrud,"San Diego, CA",602,3:47:18,8:41,F 40-44/2,F-41,33,3:47:28,61.84%
156,Katie Busch-Sorensen,"San Diego, CA",231,3:47:24,8:41,F 45-49/4,F-45,34,3:47:31,63.92%
157,Steven Isaacson,"ZA, ",1235,3:47:35,8:41,M 40-44/22,M-44,123,3:47:37,57.31%
158,Kaveh Bastani,"Carlsbad, CA",1190,3:47:52,8:42,M 25-29/12,M-28,124,3:48:02,53.96%
159,Kevin Lyden,"Philadelphia, PA",687,3:48:07,8:42,M 30-34/21,M-30,125,3:48:20,53.90%
160,Jonathan Flavin,"Menifee, CA",398,3:48:13,8:43,M 45-49/20,M-48,126,3:48:26,59.09%
161,Monte Mills,"Philadelphia, PA",753,3:48:16,8:43,M 55-59/9,M-55,127,3:48:33,62.84%
162,Christopher Bullock,"Alpena, MI",227,3:48:41,8:44,M 50-54/13,M-54,128,3:48:45,62.16%
163,Vanessa Korinek,"Temecula, CA",605,3:48:54,8:44,F 40-44/3,F-42,35,3:49:19,61.85%
164,Kevin Arrogante,"Chicago, IL",1183,3:49:01,8:45,M 30-34/22,M-32,129,3:49:06,53.70%
165,Patrick Falley,"Encinitas, CA",384,3:49:02,8:45,M 55-59/10,M-55,130,3:49:11,62.63%
166,Kenneth Baldwin,"San Diego, CA",152,3:49:26,8:46,M 25-29/13,M-28,131,3:49:50,53.59%
167,Jackson Petry,"San Diego, CA",857,3:49:29,8:46,M 35-39/21,M-36,132,3:49:35,54.01%
168,Justin Jones,"Fallbrook, CA",561,3:49:57,8:47,M 35-39/22,M-37,133,3:50:05,54.11%
169,Alicia Phillips,"Temecula, CA",862,3:50:03,8:47,F 18-24/4,F-24,36,3:50:17,58.87%
170,Tim Young,"San Diego, CA",1167,3:50:08,8:47,M 45-49/21,M-45,134,3:50:13,57.14%
171,Dean Tan,"Irvine, CA",1067,3:50:15,8:47,M 50-54/14,M-53,135,3:50:32,61.18%
172,Joseph Piccirilli,"Carlsbad, CA",1329,3:50:41,8:48,M 18-24/7,M-24,136,3:50:51,53.30%
173,Mitchell Blevins,"San Diego, CA",185,3:50:44,8:49,M 25-29/14,M-26,137,3:51:03,53.29%
174,Peter Sibley,"San Diego, CA",1011,3:50:45,8:49,M 25-29/15,M-26,138,3:51:03,53.29%
175,Geping Cai,"San Diego, CA",237,3:50:46,8:49,M 30-34/23,M-33,139,3:51:01,53.34%
176,Sutai Tsaowimonsiri,"Oceanside, CA",1083,3:50:50,8:49,M 45-49/22,M-46,140,3:51:17,57.44%
177,Abhijit Patil,"San Diego, CA",849,3:50:56,8:49,M 35-39/23,M-39,141,3:52:01,54.42%
178,Mark Preston,"San Diego, CA",876,3:51:01,8:49,M 45-49/23,M-47,142,3:51:07,57.89%
179,Meili Mathuren,"Rosamond, CA",1324,3:51:01,8:49,F 40-44/4,F-42,37,3:51:08,61.29%
180,Nestor Jimenez Jr,"San Diego, CA",1319,3:51:08,8:49,M 50-54/15,M-50,143,3:52:15,59.36%
181,Matt La Bounty,"Carlsbad, CA",622,3:51:10,8:49,M 18-24/8,M-20,144,3:51:18,53.19%
182,Mia Gonzalez,"La Jolla, CA",1317,3:51:15,8:50,F 18-24/5,F-20,38,3:51:45,58.56%
183,Darci Kruse,"Fallbrook, CA",1240,3:51:21,8:50,F 30-34/10,F-31,39,3:51:31,58.55%
184,Noah Sandler,"Hopkins, MN",960,3:51:59,8:51,M 50-54/16,M-51,145,3:52:04,59.66%
185,Marissa Tarbell,"Los Angeles, CA",1070,3:52:16,8:52,F 30-34/11,F-30,40,3:52:34,58.31%
186,Angelica Ibanez,"San Ysidro, CA",538,3:52:25,8:52,F 35-39/7,F-35,41,3:52:53,58.71%
187,Laurelee Nelson,"CA, ",794,3:52:38,8:53,F 60-64/1,F-62,42,3:52:55,77.87%
188,David Altman,"Vancouver, WA",1307,3:52:40,8:53,M 25-29/16,M-27,146,3:52:49,52.85%
189,Ana Rubio,"San Diego, CA",945,3:52:44,8:53,F 35-39/8,F-35,43,3:52:55,58.63%
190,Gary Russell,"San Diego, CA",951,3:53:00,8:54,M 40-44/23,M-44,147,3:53:12,55.98%
191,Amy Lyons,"Murrieta, CA",1322,3:53:06,8:54,F 30-34/12,F-30,44,3:53:32,58.10%
192,Stephen Phillips,"Encinitas, CA",1271,3:53:09,8:54,M 30-34/24,M-30,148,3:53:26,52.74%
193,Michael Arena,"San Diego, CA",133,3:53:12,8:54,M 35-39/24,M-38,149,3:53:15,53.60%
194,Jason Maune,"San Diego, CA",725,3:53:12,8:54,M 40-44/24,M-42,150,3:53:21,55.01%
195,Jack Molitor,"Greenfield, IN",1256,3:53:38,8:55,M 30-34/25,M-32,151,3:53:40,52.64%
196,Bradford Lombardi,"Death Valley, CA",1347,3:53:42,8:55,M 45-49/24,M-47,152,3:53:53,57.22%
197,Jason Lemoine,"Lakeside, CA",650,3:53:44,8:55,M 40-44/25,M-41,153,3:54:25,54.47%
198,Kevin George,"CA, ",1222,3:53:48,8:56,M 55-59/11,M-55,154,3:54:20,61.35%
199,Breanne Reid,"San Diego, CA",900,3:53:52,8:56,F 35-39/9,F-37,45,3:54:01,58.76%
200,William Kullback,"San Diego, CA",618,3:54:03,8:56,M 55-59/12,M-57,155,3:54:04,62.41%
201,Sharon Gables,"San Diego, CA",418,3:54:17,8:57,F 25-29/4,F-29,46,3:54:21,57.80%
202,Christopher Brower,"San Diego, CA",1198,3:54:19,8:57,M 55-59/13,M-57,156,3:54:26,62.34%
203,Sarah Greenlee,"San Diego, CA",1346,3:54:23,8:57,F 30-34/13,F-32,47,3:54:38,57.84%
204,Sai Kwok,"Escondido, CA",621,3:54:25,8:57,M 50-54/17,M-53,157,3:54:36,60.10%
205,Christine Alvarado,"La Jolla, CA",118,3:54:45,8:58,F 40-44/5,F-40,48,3:54:56,59.48%
206,Lynda Groocock,"Del Mar, CA",453,3:54:51,8:58,F 30-34/14,F-32,49,3:55:18,57.73%
207,Richard Whitelaw,"Beryl, UT",1139,3:55:01,8:58,M 45-49/25,M-45,158,3:55:26,55.95%
208,Daniel Perez,"Escondido, CA",1265,3:55:12,8:59,M 25-29/17,M-25,159,3:55:16,52.28%
209,Taylor Gill,"Philadelphia, PA",438,3:55:44,9:00,F 30-34/15,F-32,50,3:55:58,57.51%
210,Brody Johnson,"Carlsbad, CA",553,3:55:47,9:00,M 18-24/9,M-22,160,3:55:53,52.15%
211,Doug Beagle,"Houston, TX",1308,3:55:52,9:00,M 65-69/2,M-66,161,3:56:08,67.55%
212,Judy Shanley,"Campbell, CA",993,3:55:55,9:00,F 55-59/1,F-55,51,3:56:03,69.61%
213,David McKinsey,"Leawood, KS",737,3:56:05,9:01,M 60-64/2,M-61,162,3:56:19,64.25%
214,Jacob Smith,"Carlsbad, CA",1289,3:56:10,9:01,M 35-39/25,M-35,163,3:56:29,52.33%
215,Brendan Loucas,"San Diego, CA",1248,3:56:15,9:01,M 40-44/26,M-40,164,3:56:27,53.52%
216,Johan Otter,"Escondido, CA",830,3:56:25,9:02,M 55-59/14,M-55,165,3:56:34,60.67%
217,Kevin Lewis,"San Diego, CA",656,3:56:40,9:02,M 30-34/26,M-33,166,3:56:51,52.01%
218,Emma Johnston,"Fremont, CA",559,3:56:48,9:02,F 18-24/6,F-22,52,3:56:59,57.19%
219,Edmund Ko,"Loma Linda, CA",597,3:57:10,9:03,M 35-39/26,M-38,167,3:57:35,52.70%
220,Richard Lai Fatt,"Encinitas, CA",628,3:57:18,9:04,M 60-64/3,M-60,168,3:57:39,63.32%
221,Kelly Diedrich,"Fresno, CA",349,3:57:21,9:04,F 25-29/5,F-28,53,3:57:32,57.06%
222,Martha Rodarte,"MX, ",1279,3:57:31,9:04,F 50-54/5,F-53,54,3:57:36,67.35%
223,Aileen Cuellar,"Chula Vista, CA",315,3:57:34,9:04,F 30-34/16,F-33,55,3:57:44,57.15%
224,Brian Kraje,"San Jose, CA",1362,3:57:38,9:04,M 45-49/26,M-46,169,3:57:47,55.80%
225,Insa Prochnow-Sturm,"Spring Valley, CA",883,3:57:42,9:04,F 35-39/10,F-35,56,3:58:00,57.40%
226,Kathryn Reiter,"Solana Beach, CA",906,3:58:04,9:05,F 30-34/17,F-32,57,3:58:28,56.95%
227,Ryan Cooper,"Henderson, NV",1207,3:58:08,9:05,M 35-39/27,M-36,170,3:58:10,52.05%
228,Max Pinna,"San Diego, CA",868,3:58:23,9:06,M 50-54/18,M-52,171,3:58:33,58.57%
229,Casey Wollbrinck,"Encinitas, CA",1157,3:58:32,9:06,F 25-29/6,F-26,58,3:59:01,56.77%
230,Ryan Taylor,"Norfolk, VA",1360,3:58:34,9:06,M 30-34/27,M-31,172,3:58:40,51.54%
231,Claudia Brooking,"Vista, CA",215,3:58:37,9:07,F 30-34/18,F-32,59,3:58:49,56.82%
232,Brian Scarbrough,"Temecula, CA",967,3:58:43,9:07,M 50-54/19,M-51,173,3:58:48,57.98%
233,Randy Whitelaw,"Cedar City, UT",1138,3:58:43,9:07,M 35-39/28,M-36,174,3:59:07,51.92%
234,Maria L Leon,"Bakersfield, CA",652,3:58:44,9:07,F 35-39/11,F-38,60,3:59:04,57.84%
235,Josh Frazier,"Coronado, CA",411,3:58:50,9:07,M 40-44/27,M-40,175,3:59:23,52.94%
236,Daniel Luna Arellano,"San Diego, CA",1249,3:59:00,9:07,M 40-44/28,M-44,176,3:59:11,54.57%
237,Tetiana Tanya Johnson,"San Diego, CA",558,3:59:11,9:08,F 30-34/19,F-31,61,3:59:15,56.63%
238,Kelly Gilson,"Temecula, CA",439,3:59:13,9:08,M 30-34/28,M-30,177,3:59:13,51.40%
239,Spring Vick,"La Mesa, CA",1338,3:59:20,9:08,F 40-44/6,F-40,62,3:59:32,58.34%
240,Joel White,"San Diego, CA",1345,3:59:22,9:08,M 25-29/18,M-28,178,3:59:33,51.37%
241,Hunter Bodycott,"San Diego, CA",190,3:59:28,9:09,M 30-34/29,M-34,179,3:59:35,51.49%
242,Javier Lopez,"San Diego, CA",1246,3:59:29,9:09,M 25-29/19,M-26,180,3:59:50,51.34%
243,Brian Pratschner,"Carlsbad, CA",873,3:59:44,9:09,M 45-49/27,M-49,181,3:59:59,56.74%
244,Patricia K Joyce,"El Cajon, CA",568,3:59:45,9:09,F 45-49/5,F-48,63,3:59:52,62.65%
245,Eddie Hahn,"Crestline, CA",1230,3:59:49,9:09,M 50-54/20,M-51,182,4:00:00,57.71%
246,Nicholas Saunders,"Carlsbad, CA",1283,3:59:49,9:09,M 30-34/30,M-30,183,4:00:00,51.27%
247,Tai Quach,"Houston, TX",885,3:59:53,9:09,M 35-39/29,M-39,184,4:00:11,52.39%
248,Carolyn Fine,"San Diego, CA",395,3:59:54,9:09,F 18-24/7,F-23,64,3:59:56,56.45%
249,Janey John,"Sacramento, CA",552,3:59:55,9:10,F 50-54/6,F-54,65,4:00:15,67.56%
250,Stephen Harman,"GB, ",480,4:00:06,9:10,M 50-54/21,M-51,185,4:00:09,57.65%
251,Denise Lynn Jones,"Portland, OR",560,4:00:23,9:11,F 50-54/7,F-51,66,4:00:34,64.86%
252,Keith Abayasiriwardana,"La Jolla, CA",101,4:00:23,9:11,M 35-39/30,M-39,186,4:00:31,52.28%
253,David Pratschner,"Camptonville, CA",874,4:00:25,9:11,M 50-54/22,M-51,187,4:00:41,57.57%
254,Britnie Priest,"Oceanside, CA",880,4:00:32,9:11,F 25-29/7,F-27,67,4:01:11,56.30%
255,Michael Rodriguez,"San Diego, CA",928,4:00:49,9:12,M 25-29/20,M-25,188,4:01:06,51.06%
256,Penelope Gully,"Lake Elsinore, CA",457,4:00:50,9:12,F 50-54/8,F-53,68,4:01:15,66.42%
257,Chad Reutzel,"Boerne, TX",907,4:01:07,9:12,M 35-39/31,M-37,189,4:01:25,51.60%
258,Patti Betts,"San Diego, CA",179,4:01:10,9:12,F 25-29/8,F-29,69,4:01:36,56.15%
259,Bethany Schramm,"Bakersfield, CA",1284,4:01:16,9:13,F 40-44/7,F-44,70,4:01:49,59.68%
260,Max Miller,"Carlsbad, CA",752,4:01:22,9:13,M 25-29/21,M-25,190,4:01:45,50.94%
261,Jeffrey Kay,"La Jolla, CA",579,4:01:34,9:13,M 30-34/31,M-32,191,4:01:58,50.91%
262,Irene Medina,"San Diego, CA",1253,4:01:36,9:13,F 40-44/8,F-42,71,4:01:50,58.61%
263,Joe Ogata,"Pacoima, CA",1261,4:01:42,9:14,M 65-69/3,M-68,192,4:01:42,67.29%
264,Brandon Nelson,"San Diego, CA",793,4:01:42,9:14,M 40-44/29,M-44,193,4:01:55,53.96%
265,Monica Byerly,"Snohomish, WA",234,4:01:59,9:14,F 40-44/9,F-42,72,4:02:19,58.51%
266,Tony Gaspar,"Paso Robles, CA",432,4:02:21,9:15,M 50-54/23,M-52,194,4:02:39,57.61%
267,Andrea Sperduto,"San Diego, CA",1032,4:02:22,9:15,F 45-49/6,F-45,73,4:03:30,59.97%
268,Ted Markus,"San Diego, CA",711,4:02:25,9:15,M 45-49/28,M-48,195,4:02:27,55.63%
269,David Young,"Reno, NV",1166,4:02:36,9:16,M 40-44/30,M-41,196,4:02:46,52.48%
270,Pamela Keller,"San Diego, CA",584,4:02:49,9:16,F 30-34/20,F-30,74,4:02:56,55.77%
271,Brian Barrozo,"San Diego, CA",160,4:02:51,9:16,M 40-44/31,M-41,197,4:02:55,52.42%
272,Daniel Schroeder,"Chula Vista, CA",974,4:02:52,9:16,M 35-39/32,M-37,198,4:03:12,51.23%
273,Erin Tinsley,"AU, ",1292,4:02:56,9:16,F 30-34/21,F-32,75,4:03:10,55.81%
274,Tim Jones,"Portland, OR",566,4:03:11,9:17,M 50-54/24,M-53,199,4:03:11,57.93%
275,Sarawut Deajakoom,"San Diego, CA",335,4:03:18,9:17,M 45-49/29,M-45,200,4:03:24,54.05%
276,Alan Stovesand,"Laguna Niguel, CA",1045,4:03:21,9:17,M 45-49/30,M-46,201,4:03:39,54.49%
277,Keenan Kribs,"La Jolla, CA",610,4:03:26,9:18,M 18-24/10,M-24,202,4:03:34,50.51%
278,Kyle Martter,"San Diego, CA",721,4:03:29,9:18,F 25-29/9,F-26,76,4:03:42,55.62%
279,Jamie Tajii,"San Ramon, CA",1063,4:03:43,9:18,F 35-39/12,F-36,77,4:03:54,56.17%
280,Lindsey Lewis,"Carlsbad, CA",657,4:03:49,9:18,F 35-39/13,F-36,78,4:04:56,56.15%
281,Ely Yaron,"Studio City, CA",1163,4:03:50,9:18,M 45-49/31,M-46,203,4:04:02,54.38%
282,Tara Whitelaw,"Cedar City, UT",1140,4:04:02,9:19,F 35-39/14,F-36,79,4:04:27,56.09%
283,Nachiket Bapat,"San Diego, CA",154,4:04:07,9:19,M 35-39/33,M-37,204,4:04:27,50.97%
284,Lori Panduro,"Escondido, CA",838,4:04:10,9:19,F 35-39/15,F-39,80,4:04:28,56.84%
285,Janelle Waterman,"San Diego, CA",1126,4:04:14,9:19,F 35-39/16,F-39,81,4:04:25,56.83%
286,Sy Vu,"Orange, CA",1118,4:04:30,9:20,M 45-49/32,M-49,205,4:04:33,55.63%
287,Brendan Morad,"Playa Vista, CA",766,4:05:36,9:23,M 30-34/32,M-31,206,4:06:17,50.06%
288,Megan Christianson,"Oxnard, CA",1203,4:05:41,9:23,F 25-29/10,F-25,82,4:05:52,55.12%
289,Claudia Horta,"San Ysidro, CA",526,4:06:08,9:24,F 45-49/7,F-46,83,4:06:35,59.65%
290,Anthony Slay,"San Diego, CA",1018,4:06:15,9:24,M 40-44/32,M-41,207,4:06:28,51.70%
291,Gary Henderson,"CA, ",498,4:06:20,9:24,M 60-64/4,M-64,208,4:06:50,63.41%
292,Emilie Reas,"San Diego, CA",894,4:06:21,9:24,F 30-34/22,F-34,84,4:06:39,55.23%
293,Gaetano Bologna,"San Diego, CA",193,4:06:40,9:25,M 30-34/33,M-30,209,4:06:47,49.85%
294,Danny Jessup,"NC, ",1237,4:06:48,9:25,M 50-54/25,M-54,210,4:07:00,57.59%
295,Elizabeth Cummings,"Carlsbad, CA",316,4:07:05,9:26,F 25-29/11,F-28,85,4:07:24,54.81%
296,Roger Nelson,"CA, ",797,4:07:09,9:26,M 55-59/15,M-56,211,4:07:16,58.56%
297,Yelena Tatarintseva,"Rancho Palos Verdes, CA",1290,4:07:29,9:27,F 40-44/10,F-41,86,4:08:23,56.80%
298,Stephanie Shibley,"Murrieta, CA",1367,4:07:39,9:27,F 45-49/8,F-45,87,4:08:16,58.69%
299,Erick Zumaya,"Chula Vista, CA",1306,4:07:55,9:28,M 40-44/33,M-43,212,4:08:31,52.17%
300,David Fitzgerald,"San Diego, CA",396,4:07:56,9:28,M 40-44/34,M-44,213,4:08:10,52.61%
301,Andrew Cliffe,"Santee, CA",1350,4:08:10,9:28,M 50-54/26,M-51,214,4:08:25,55.77%
302,Daniele Pelessone,"San Diego, CA",1263,4:08:12,9:28,M 60-64/5,M-64,215,4:08:49,62.93%
303,John Sandberg,"Denver, CO",959,4:08:19,9:29,M 25-29/22,M-25,216,4:08:36,49.52%
304,Bernardo Mandujano,"El Centro, CA",1323,4:08:34,9:29,M 35-39/34,M-37,217,4:09:55,50.06%
305,John Templer,"San Diego, CA",1291,4:08:35,9:29,M 45-49/33,M-46,218,4:08:54,53.34%
306,Albert Espino,"San Diego, CA",377,4:08:42,9:30,M 30-34/34,M-32,219,4:08:53,49.45%
307,Alice Correa,"San Diego, CA",305,4:08:55,9:30,F 45-49/9,F-47,88,4:09:01,59.64%
308,Rosy Castro,"Chula Vista, CA",263,4:09:31,9:31,F 45-49/10,F-46,89,4:09:47,58.84%
309,Jackie Nguyen,"Fremont, CA",801,4:09:50,9:32,F 18-24/8,F-21,90,4:10:01,54.21%
310,Guillermina Garcia,"San Diego, CA",424,4:10:26,9:34,F 45-49/11,F-45,91,4:10:40,58.04%
311,Austin Hughes,"San Diego, CA",530,4:10:35,9:34,M 25-29/23,M-27,220,4:10:41,49.07%
312,Steven Brandt,"Carlsbad, CA",202,4:10:53,9:35,M 50-54/27,M-50,221,4:11:03,54.69%
313,Matt Fletcher,"San Marcos, CA",400,4:10:58,9:35,M 40-44/35,M-42,222,4:11:12,51.12%
314,Blake Hanley,"Bellevue, WA",469,4:10:58,9:35,M 30-34/35,M-31,223,4:11:30,48.99%
315,Christine Desrochers,"Ramona, CA",343,4:11:27,9:36,F 45-49/12,F-49,92,4:11:38,60.47%
316,Robert McCurdy,"Poway, CA",727,4:11:31,9:36,M 50-54/28,M-50,224,4:11:48,54.55%
317,Ed Ettinghausen,"Wildomar, CA",1312,4:11:39,9:36,M 50-54/29,M-54,225,4:19:32,56.48%
318,John Maultsby,"Las Vegas, NV",724,4:11:41,9:36,M 70-74/1,M-74,226,4:11:50,69.42%
319,David Drake,"San Diego, CA",359,4:11:45,9:37,M 35-39/35,M-37,227,4:12:20,49.42%
320,Matthew Keffler,"Plymouth, MI",1320,4:11:56,9:37,M 25-29/24,M-29,228,4:12:04,48.81%
321,Kelley Gilster,"Costa Mesa, CA",440,4:11:59,9:37,F 25-29/12,F-27,93,4:12:22,53.74%
322,Sandra Nunez,"Rowland Hts, CA",1340,4:12:02,9:37,F 40-44/11,F-44,94,4:12:21,57.13%
323,Margaret Stephens,"Carlsbad, CA",1039,4:12:03,9:37,F 45-49/13,F-48,95,4:12:14,59.60%
324,Phil Clark,"Carlsbad, CA",1205,4:12:06,9:37,M 50-54/30,M-50,229,4:12:36,54.43%
325,Michael Johansen,"DK, ",1238,4:12:11,9:38,M 50-54/31,M-53,230,4:12:23,55.86%
326,Karl Dearie,"Armstrong, IA",336,4:12:14,9:38,M 55-59/16,M-56,231,4:12:34,57.38%
327,Sheryl Bode,"Encinitas, CA",189,4:12:28,9:38,F 45-49/14,F-49,96,4:12:36,60.23%
328,Colin Maehler,"Vista, CA",695,4:12:34,9:38,M 18-24/11,M-23,232,4:12:56,48.68%
329,Scott Crosby,"San Diego, CA",313,4:12:43,9:39,M 45-49/34,M-47,233,4:13:24,52.92%
330,Linda Drosky,"Mission Viejo, CA",361,4:12:51,9:39,F 50-54/9,F-53,97,4:12:53,63.26%
331,Rachelle Jumper,"San Diego, CA",570,4:12:56,9:39,F 25-29/13,F-28,98,4:13:25,53.54%
332,David Weiss,"Coronado, CA",1299,4:12:56,9:39,M 50-54/32,M-51,234,4:13:06,54.72%
333,William Haffey,"Coronado, CA",463,4:13:00,9:39,M 65-69/4,M-69,235,4:13:11,64.94%
334,Branden Barnett,"San Diego, CA",157,4:13:01,9:39,M 30-34/36,M-33,236,4:13:39,48.65%
335,Tim McCurry,"Denton, TX",728,4:13:06,9:40,M 25-29/25,M-25,237,4:13:44,48.58%
336,Krzysztof Koczwara,"San Diego, CA",599,4:13:31,9:41,M 40-44/36,M-40,238,4:13:47,49.88%
337,Jarrod Liston,"Carlsbad, CA",663,4:13:35,9:41,M 25-29/26,M-25,239,4:13:56,48.49%
338,Peter Le,"San Diego, CA",642,4:13:38,9:41,M 45-49/35,M-46,240,4:13:46,52.28%
339,Brian Linden,"San Marcos, CA",661,4:13:48,9:41,M 40-44/37,M-44,241,4:14:11,51.39%
340,Patrick Ramos,"Murrieta, CA",1274,4:13:50,9:41,M 30-34/37,M-30,242,4:14:02,48.44%
341,Kyra Oliver,"Cardiff, CA",1348,4:14:15,9:42,F 45-49/15,F-49,99,4:14:34,59.81%
342,Eduwin Rodriguez Moreno,"Oceanside, CA",1332,4:14:15,9:42,M 30-34/38,M-34,243,4:14:35,48.49%
343,Sean Sullivan,"Saint Joseph, MI",1050,4:14:17,9:42,M 45-49/36,M-46,244,4:14:56,52.14%
344,Nancy Switzler,"Oxnard, CA",1059,4:14:20,9:43,F 50-54/10,F-53,100,4:14:31,62.89%
345,Margaret Seymour,"San Diego, CA",989,4:14:26,9:43,F 30-34/23,F-30,101,4:14:28,53.23%
346,David Leonard,"San Diego, CA",653,4:14:48,9:44,M 55-59/17,M-56,245,4:15:07,56.81%
347,Eric Ratcliff,"Visalia, CA",892,4:14:58,9:44,M 35-39/36,M-38,246,4:15:12,49.02%
348,Christy Bantugan-Bohan,"Encinitas, CA",1188,4:15:05,9:44,F 50-54/11,F-53,102,4:15:18,62.71%
349,Angelo Sanabria Jr,"San Diego, CA",956,4:15:23,9:45,M 45-49/37,M-48,247,4:15:57,52.81%
350,Jianhua Ding,"San Diego, CA",1213,4:15:40,9:46,M 50-54/33,M-53,248,4:16:24,55.10%
351,Allison Garcia,"La Jolla, CA",1220,4:15:46,9:46,F 40-44/12,F-42,103,4:15:59,55.36%
352,Stephanie Dawes,"San Diego, CA",333,4:15:49,9:46,F 25-29/14,F-29,104,4:16:11,52.94%
353,Steven Shackford,"Coronado, CA",990,4:15:50,9:46,M 70-74/2,M-71,249,4:16:10,65.62%
354,Ken Walker,"Long Beach, CA",1122,4:16:20,9:47,M 60-64/6,M-60,250,4:16:31,58.62%
355,Christopher Zures,"San Diego, CA",1177,4:16:36,9:48,M 25-29/27,M-29,251,4:16:51,47.92%
356,Jimmy Hwang,"La Mesa, CA",536,4:16:41,9:48,M 65-69/5,M-65,252,4:17:06,61.46%
357,Michael Lemaire,"Woodland, CA",648,4:16:44,9:48,M 60-64/7,M-61,253,4:17:02,59.09%
358,Cheri Perez,"Port Hueneme, CA",854,4:16:58,9:49,F 30-34/24,F-32,105,4:17:32,52.76%
359,John Hayes,"Reno, NV",492,4:17:00,9:49,M 45-49/38,M-49,254,4:17:13,52.93%
360,Marc Dieterle,"Carmel, CA",1212,4:17:05,9:49,M 35-39/37,M-38,255,4:17:33,48.62%
361,Maureen Wachter,"Temecula, CA",1119,4:17:11,9:49,F 30-34/25,F-33,106,4:18:15,52.79%
362,Ramon Betancourt,"San Diego, CA",177,4:17:51,9:51,M 60-64/8,M-63,256,4:18:03,59.98%
363,Paul Whittier,"Yarrow Point, WA",1142,4:18:06,9:51,M 45-49/39,M-48,257,4:18:18,52.25%
364,James Abeyta,"Escondido, CA",102,4:18:20,9:52,M 18-24/12,M-19,258,4:18:26,47.60%
365,Steven Sims,"Carlsbad, CA",1013,4:18:44,9:53,M 40-44/38,M-44,259,4:19:12,50.41%
366,Matt Haide,"Temecula, CA",465,4:18:51,9:53,M 25-29/28,M-29,260,4:19:04,47.50%
367,Manmadh Rebba,"San Diego, CA",1365,4:18:57,9:53,M 35-39/38,M-37,261,4:19:14,48.05%
368,Arturo Chayet Kahan,"MX, ",277,4:19:03,9:53,M 45-49/40,M-45,262,4:19:19,50.77%
369,Juan Sanchez,"Vista, CA",1366,4:19:07,9:53,M 35-39/39,M-36,263,4:19:20,47.83%
370,Sean Daley,"Fallbrook, CA",1368,4:19:08,9:53,M 35-39/40,M-36,264,4:19:20,47.83%
371,Brynn Hansson,"Wilton, CT",472,4:19:24,9:54,F 18-24/9,F-23,107,4:19:57,52.21%
372,Luke Herr,"Libertyville, IL",503,4:19:46,9:55,M 01-17/1,M-16,265,4:20:06,48.32%
373,Seanha Choi,"San Diego, CA",284,4:19:54,9:55,F 45-49/16,F-46,108,4:20:31,56.49%
374,Nicol Tushla,"Brea, CA",1089,4:20:19,9:56,F 45-49/17,F-47,109,4:20:54,57.03%
375,Elvira Valera,"San Diego, CA",1097,4:20:23,9:56,F 35-39/17,F-39,110,4:20:36,53.30%
376,David Capuno,"Chula Vista, CA",248,4:21:25,9:59,M 45-49/41,M-45,266,4:21:56,50.31%
377,Jobel Capuno,"Chula Vista, CA",1201,4:21:27,9:59,F 40-44/13,F-44,111,4:21:56,55.07%
378,Sara Cates,"San Diego, CA",1202,4:21:42,9:59,F 30-34/26,F-31,112,4:22:04,51.76%
379,Carmen Bravo,"Brawley, CA",203,4:21:45,9:59,F 35-39/18,F-35,113,4:22:11,52.13%
380,Andrew Scott,"San Diego, CA",979,4:22:07,10:00,M 40-44/39,M-43,267,4:22:17,49.35%
381,Duyen Nguyen,"San Diego, CA",800,4:22:10,10:00,F 35-39/19,F-39,114,4:22:21,52.94%
382,Brian Wiese,"San Diego, CA",1361,4:22:11,10:00,M 30-34/39,M-32,268,4:22:29,46.90%
383,Ilian Moctezuma,"Bonsall, CA",1255,4:22:12,10:01,F 45-49/18,F-48,115,4:22:26,57.29%
384,Faith Dumke,"Rancho Santa Margarita, CA",367,4:22:13,10:01,F 40-44/14,F-43,116,4:22:26,54.43%
385,Raquel Read,"San Diego, CA",1275,4:22:34,10:01,F 40-44/15,F-40,117,4:22:53,53.18%
386,Achim Krotz,"San Diego, CA",612,4:22:36,10:01,M 55-59/18,M-55,269,4:22:49,54.62%
387,Daniel Winters,"Chula Vista, CA",1151,4:22:42,10:02,M 50-54/34,M-54,270,4:23:10,54.11%
388,Erin Schroeder,"Chula Vista, CA",975,4:22:42,10:02,F 35-39/20,F-36,118,4:23:03,52.11%
389,Chad Vogtman,"San Clemente, CA",1115,4:22:51,10:02,M 35-39/41,M-36,271,4:24:01,47.15%
390,Joan Baxter,"Pittsburgh, PA",169,4:22:52,10:02,F 55-59/2,F-55,119,4:23:24,62.48%
391,Ashley Chatham,"Las Vegas, NV",275,4:23:00,10:02,F 35-39/21,F-39,120,4:23:17,52.77%
392,Jeff Parshall,"San Jose, CA",842,4:23:20,10:03,M 50-54/35,M-52,272,4:23:31,53.02%
393,Amanda Gunter,"Jupiter, FL",458,4:23:21,10:03,F 45-49/19,F-48,121,4:23:31,57.04%
394,Tom Hosner,"Trabuco Canyon, CA",527,4:23:24,10:03,M 65-69/6,M-66,273,4:23:38,60.49%
395,Jacqueline Gomez,"Vista, CA",1224,4:23:49,10:04,F 18-24/10,F-23,122,4:24:19,51.33%
396,Leon Drouin,"CA, ",363,4:23:50,10:04,M 55-59/19,M-56,274,4:24:47,54.86%
397,Lacey Jones,"San Diego, CA",562,4:23:54,10:04,F 30-34/27,F-32,123,4:24:25,51.37%
398,Amy Cook,"Costa Mesa, CA",302,4:23:55,10:04,F 45-49/20,F-45,124,4:24:17,55.07%
399,Sean Park,"CA, ",840,4:24:07,10:05,M 45-49/42,M-45,275,4:24:18,49.79%
400,Kristina Maroudis,"La Mesa, CA",712,4:24:07,10:05,F 40-44/16,F-41,125,4:25:07,53.22%
401,Whitney Reynolds,"CA, ",910,4:24:09,10:05,F 40-44/17,F-43,126,4:24:28,54.03%
402,Terri Ujifusa,"Lake Stevens, WA",1294,4:24:22,10:05,F 45-49/21,F-48,127,4:24:47,56.82%
403,Keenan Lineback,"Lawndale, CA",662,4:24:23,10:06,F 18-24/11,F-24,128,4:24:44,51.22%
404,Sarah Hugar,"Pittsburgh, PA",529,4:24:24,10:06,F 25-29/15,F-29,129,4:24:35,51.22%
405,Billy Masullo,"Lawndale, CA",723,4:24:24,10:06,M 18-24/13,M-23,276,4:24:43,46.50%
406,Reginald Louis,"Murrieta, CA",1358,4:24:25,10:06,M 40-44/40,M-42,277,4:41:35,48.52%
407,Michael Teply,"San Diego, CA",1073,4:24:29,10:06,M 25-29/29,M-29,278,4:24:54,46.49%
408,Heather Nofziger,"Carlsbad, CA",810,4:24:39,10:06,F 30-34/28,F-30,130,4:25:07,51.17%
409,Ryan McMartin,"San Diego, CA",738,4:24:41,10:06,M 30-34/40,M-33,279,4:24:46,46.51%
410,Hannah Sazon,"San Marcos, CA",966,4:24:45,10:06,F 18-24/12,F-22,131,4:25:16,51.15%
411,Nancy Lara,"Carlsbad, CA",634,4:25:15,10:08,F 50-54/12,F-51,132,4:25:21,58.78%
412,Luke Walton,"Carlsbad, CA",1124,4:25:16,10:08,M 25-29/30,M-25,280,4:25:38,46.35%
413,Jeff Jensen,"West Dundee, IL",547,4:25:32,10:08,M 50-54/36,M-54,281,4:25:53,53.53%
414,Erin Kahn,"Twentynine Palms, CA",574,4:25:39,10:08,F 35-39/22,F-35,133,4:26:30,51.36%
415,Bryan Nahodil,"Mission Viejo, CA",785,4:25:40,10:08,M 35-39/42,M-38,282,4:25:56,47.05%
416,Joseph Chateauneuf,"San Diego, CA",274,4:25:44,10:09,M 30-34/41,M-31,283,4:25:52,46.27%
417,Chris Fahlsing,"Coronado, CA",383,4:25:45,10:09,M 18-24/14,M-24,284,4:26:22,46.27%
418,Michael Camara,"San Diego, CA",243,4:25:46,10:09,M 25-29/31,M-25,285,4:26:06,46.27%
419,Cynthia Gacnik,"Arvada, CO",419,4:25:51,10:09,F 50-54/13,F-53,134,4:26:43,60.17%
420,Tom Whitley,"San Diego, CA",1141,4:26:24,10:10,M 50-54/37,M-53,286,4:26:33,52.88%
421,Gem Pham,"Poway, CA",1270,4:26:27,10:10,M 45-49/43,M-47,287,4:26:39,50.19%
422,Tom Le,"San Diego, CA",643,4:26:28,10:10,M 45-49/44,M-46,288,4:26:39,49.76%
423,Rao Challagulla,"San Diego, CA",269,4:26:36,10:11,M 45-49/45,M-47,289,4:26:48,50.16%
424,Brandon Huntley,"Chandler, AZ",533,4:26:42,10:11,M 45-49/46,M-46,290,4:27:02,49.72%
425,Vitor Lima,"Santa Barbara, CA",660,4:26:46,10:11,M 35-39/43,M-37,291,4:27:53,46.64%
426,Howard Mayson,"Breckenridge, CO",1351,4:26:55,10:11,M 60-64/9,M-64,292,4:27:21,58.52%
427,Amin Khalek,"San Diego, CA",1321,4:26:58,10:11,M 30-34/42,M-30,293,4:27:10,46.06%
428,Erin Nash Fairfax,"Murrieta, CA",789,4:27:02,10:12,F 35-39/23,F-38,135,4:27:28,51.71%
429,Rodrigo Farias,"BR, ",389,4:27:13,10:12,M 40-44/41,M-40,294,4:27:47,47.32%
430,Nicholas Sabitus,"Carlsbad, CA",952,4:27:14,10:12,M 30-34/43,M-31,295,4:27:26,46.01%
431,Stephanie Cowen,"Carlsbad, CA",308,4:27:15,10:12,F 40-44/18,F-42,136,4:27:48,52.98%
432,Matthew Hartnett,"San Diego, CA",1232,4:27:21,10:12,M 30-34/44,M-31,296,4:27:43,45.99%
433,Phoebe Sherman,"Flagstaff, AZ",999,4:27:30,10:13,F 18-24/13,F-20,137,4:27:50,50.63%
434,Robin Reed,"Encinitas, CA",1276,4:27:32,10:13,M 45-49/47,M-45,297,4:27:58,49.16%
435,Jill Gibson,"Carlsbad, CA",437,4:27:35,10:13,F 40-44/19,F-42,138,4:27:51,52.92%
436,Regina Peters,"San Diego, CA",1269,4:27:51,10:13,F 50-54/14,F-52,139,4:28:18,58.95%
437,Linda Price,"Ladera Ranch, CA",1273,4:27:53,10:14,F 35-39/24,F-37,140,4:28:18,51.30%
438,Rongbin Cai,"San Diego, CA",238,4:28:08,10:14,F 55-59/3,F-55,141,4:28:28,61.25%
439,Douglas Webb,"Carlsbad, CA",1129,4:28:18,10:14,M 30-34/45,M-34,298,4:28:36,45.95%
440,Michele O'Brien,"Oro Valley, AZ",813,4:28:33,10:15,F 50-54/15,F-52,142,4:28:50,58.80%
441,Tania Fiero,"La Mesa, CA",1354,4:28:33,10:15,F 45-49/22,F-47,143,4:29:02,55.28%
442,Chris Langel,"Berkeley, CA",632,4:28:34,10:15,M 25-29/32,M-27,299,4:28:57,45.78%
443,John Hinman,"Carlsbad, CA",508,4:28:35,10:15,M 60-64/10,M-62,300,4:29:05,57.02%
444,Spencer Cadden,"San Diego, CA",236,4:28:37,10:15,M 18-24/15,M-24,301,4:28:51,45.77%
445,Tammy Hartley,"Henderson, NV",488,4:28:44,10:15,F 40-44/20,F-43,144,4:29:44,53.11%
446,Kendall Hartley,"Henderson, NV",487,4:28:44,10:15,M 45-49/48,M-46,302,4:29:44,49.34%
447,Brian Ashford,"Oceanside, CA",139,4:28:49,10:16,M 40-44/42,M-43,303,4:29:04,48.12%
448,Aaron Pocklington,"Lake Oswego, OR",869,4:28:51,10:16,M 35-39/44,M-38,304,4:29:30,46.49%
449,Donald Markel,"Chicago, IL",710,4:28:52,10:16,M 45-49/49,M-47,305,4:29:30,49.74%
450,Andrea Stofko,"Fallbrook, CA",1043,4:29:00,10:16,F 18-24/14,F-21,145,4:29:29,50.34%
451,Ellen Buckley,"Charlottesville, VA",226,4:29:18,10:17,F 18-24/15,F-24,146,4:29:45,50.29%
452,Kathy Hoekman,"Ripon, CA",511,4:29:20,10:17,F 35-39/25,F-37,147,4:30:04,51.02%
453,Brooke Gomez,"San Diego, CA",1315,4:29:21,10:17,F 25-29/16,F-29,148,4:29:54,50.28%
454,Nate Mach,"La Quinta, CA",692,4:29:45,10:18,M 30-34/46,M-33,306,4:30:13,45.63%
455,Jonathan Seigle,"Las Vegas, NV",987,4:30:09,10:19,M 45-49/50,M-46,307,4:30:18,49.08%
456,J Taniguchi,"Huntington Beach, CA",1069,4:30:09,10:19,M 55-59/20,M-57,308,4:31:17,54.07%
457,Robert Merollis,"Portland, OR",748,4:30:13,10:19,M 35-39/45,M-35,309,4:31:03,45.73%
458,Michael Roy,"San Diego, CA",943,4:30:20,10:19,M 40-44/43,M-43,310,4:31:32,47.85%
459,Sam Williams,"Escondido, CA",1302,4:30:37,10:20,M 60-64/11,M-61,311,4:31:34,56.05%
460,Linda Hayes,"Reno, NV",494,4:30:41,10:20,F 55-59/4,F-56,149,4:30:54,61.49%
461,Darren Driedger,"CA, ",360,4:30:56,10:20,M 50-54/38,M-54,312,4:31:41,52.46%
462,Hector Lozano,"Lake Elsinore, CA",680,4:31:04,10:21,M 40-44/44,M-44,313,4:31:24,48.12%
463,Ling Dao,"Fairfax, VA",1209,4:31:23,10:22,M 35-39/46,M-39,314,4:31:37,46.31%
464,Matt Gelvin,"San Marcos, CA",434,4:31:38,10:22,M 35-39/47,M-35,315,4:32:05,45.49%
465,Glaser Jurado,"San Diego, CA",571,4:31:45,10:22,M 35-39/48,M-39,316,4:32:10,46.25%
466,Mary Herd,"San Diego, CA",499,4:31:54,10:23,F 40-44/21,F-44,150,4:32:14,52.95%
467,Jennifer Baldwin,"Rancho Santa Margarita, CA",151,4:31:58,10:23,F 40-44/22,F-44,151,4:32:12,52.94%
468,Ashley Horschel,"Vista, CA",524,4:32:01,10:23,F 30-34/29,F-30,152,4:33:03,49.79%
469,Amber Sanchez,"Oceanside, CA",957,4:32:01,10:23,F 35-39/26,F-35,153,4:33:03,50.16%
470,Celine Cutter,"Sacramento, CA",318,4:32:08,10:23,F 25-29/17,F-28,154,4:32:31,49.76%
471,Nathan Anderson,"Berkeley, CA",125,4:32:08,10:23,M 25-29/33,M-27,317,4:32:31,45.18%
472,Sophia Busacca,"Bakersfield, CA",1199,4:32:17,10:24,F 18-24/16,F-20,155,4:32:17,49.74%
473,Abel Salinas,"West Covina, CA",1282,4:32:20,10:24,M 45-49/51,M-47,318,4:32:54,49.10%
474,Kelsey Sundby,"La Jolla, CA",1054,4:32:54,10:25,F 25-29/18,F-25,156,4:33:22,49.62%
475,Mark Omundson,"Oceanside, CA",818,4:32:57,10:25,M 30-34/47,M-32,319,4:33:19,45.05%
476,Michelle Hancock,"Lakewood, CO",467,4:33:01,10:25,F 45-49/23,F-48,157,4:33:40,55.02%
477,Emily Cheng,"Carlsbad, CA",280,4:33:22,10:26,F 18-24/17,F-24,158,4:33:52,49.54%
478,Robert Fenerty,"San Jose, CA",390,4:33:24,10:26,M 55-59/21,M-55,320,4:33:52,52.47%
479,Danielle Monette,"Mesa, AZ",761,4:33:37,10:27,F 30-34/30,F-30,159,4:33:56,49.49%
480,Hannah Johnson,"Murrieta, CA",556,4:33:41,10:27,F 25-29/19,F-29,160,4:34:12,49.48%
481,Rafael Lopez,"Garden Grove, CA",673,4:33:48,10:27,M 45-49/52,M-45,321,4:34:07,48.03%
482,Katharine Langel,"San Diego, CA",633,4:34:01,10:28,F 18-24/18,F-24,161,4:34:25,49.42%
483,Alex Cantu,"Escondido, CA",246,4:34:03,10:28,M 50-54/39,M-50,322,4:34:37,50.07%
484,Chuck Stempler,"Seattle, WA",1037,4:34:06,10:28,M 55-59/22,M-58,323,4:34:24,53.79%
485,Janette Beach,"Carlsbad, CA",1404,4:34:07,10:28,F 25-29/20,F-28,162,4:34:24,49.40%
486,Gino Perez,"Chula Vista, CA",1327,4:34:22,10:28,M 50-54/40,M-51,324,4:34:38,50.45%
487,Justin Hollis,"Oceanside, CA",516,4:34:54,10:30,M 25-29/34,M-27,325,4:34:58,44.73%
488,Hannah Chou,"San Diego, CA",285,4:35:02,10:30,F 50-54/16,F-50,163,4:35:19,55.98%
489,Andrea Coakley,"San Diego, CA",292,4:35:05,10:30,F 40-44/23,F-42,164,4:35:39,51.47%
490,Daniel Loder,"Manhattan Beach, CA",1245,4:35:24,10:31,M 40-44/45,M-41,326,4:37:22,46.23%
491,Carolina Aguero,"San Marcos, CA",106,4:35:25,10:31,F 40-44/24,F-43,165,4:35:27,51.82%
492,Jason Stewart,"Carlsbad, CA",1041,4:35:45,10:32,M 45-49/53,M-45,327,4:36:12,47.69%
493,Brien Dodd,"Orange, CA",1402,4:35:54,10:32,M 60-64/12,M-60,328,4:36:23,54.46%
494,Andrew Bohnert,"Carlsbad, CA",191,4:36:04,10:32,M 45-49/54,M-46,329,4:36:28,48.03%
495,Luke Lauer,"La Jolla, CA",637,4:36:22,10:33,M 40-44/46,M-42,330,4:36:33,46.42%
496,Kara Wilson,"East Atlantic Beach, NY",1149,4:36:24,10:33,F 40-44/25,F-41,166,4:36:49,50.85%
497,Sri Rao,"San Diego, CA",890,4:36:29,10:33,M 45-49/55,M-45,331,4:37:00,47.56%
498,Louis Altieri,"San Diego, CA",117,4:36:31,10:33,M 35-39/49,M-36,332,4:36:53,44.82%
499,Paul Garcia,"San Diego, CA",428,4:36:39,10:34,M 45-49/56,M-46,333,4:37:40,47.93%
500,Lauren Barefoot,"San Diego, CA",156,4:36:40,10:34,F 40-44/26,F-40,167,4:36:53,50.47%
501,Guadalupe Mendoza,"Chula Vista, CA",747,4:36:44,10:34,F 35-39/27,F-36,168,4:36:55,49.47%
502,Baya Oscolai,"San Diego, CA",827,4:36:47,10:34,F 45-49/24,F-45,169,4:37:06,52.51%
503,Christopher Rodney,"Oceanside, CA",926,4:37:03,10:34,M 30-34/48,M-34,334,4:37:49,44.50%
504,Rob Bethea,"San Diego, CA",178,4:37:05,10:35,M 30-34/49,M-31,335,4:37:09,44.38%
505,Michael Pfeifer,"Barrington, IL",859,4:37:09,10:35,M 25-29/35,M-26,336,4:37:31,44.36%
506,Eugene Vivino,"La Jolla, CA",1112,4:37:44,10:36,M 18-24/16,M-22,337,4:37:58,44.27%
507,Matthew Schartz,"San Diego, CA",970,4:38:02,10:37,M 30-34/50,M-31,338,4:38:17,44.22%
508,Megan Ledoux,"Camarillo, CA",644,4:38:06,10:37,F 25-29/21,F-25,170,4:38:30,48.70%
509,Lucy Ainsman,"San Diego, CA",111,4:38:07,10:37,F 25-29/22,F-26,171,4:38:31,48.69%
510,Anna Chrisman,"Carlsbad, CA",287,4:38:10,10:37,F 35-39/28,F-37,172,4:38:31,49.40%
511,Rob Reape,"San Marcos, CA",893,4:38:12,10:37,M 45-49/57,M-45,339,4:38:44,47.27%
512,Glen Van Peski,"Carlsbad, CA",1101,4:38:15,10:37,M 55-59/23,M-58,340,4:38:42,52.99%
513,Gil Tuquero,"San Diego, CA",1088,4:38:19,10:37,M 50-54/41,M-53,341,4:38:49,50.62%
514,Armando Benny,"San Diego, CA",1193,4:38:41,10:38,M 45-49/58,M-47,342,4:38:55,47.98%
515,Carrie McNish,"Yardley, PA",739,4:38:54,10:39,F 40-44/27,F-44,173,4:39:22,51.62%
516,Nadirah Nayo,"Pasadena, CA",792,4:39:04,10:39,F 45-49/25,F-49,174,4:39:39,54.49%
517,Jennifer Gifford,"San Diego, CA",1401,4:39:04,10:39,F 35-39/29,F-35,175,4:39:23,48.89%
518,Elias Boddy,"Oceanside, CA",1196,4:39:25,10:40,M 35-39/50,M-36,343,4:39:44,44.36%
519,Shawn O'Neill,"Alta Loma, CA",819,4:39:32,10:40,M 45-49/59,M-47,344,4:39:54,47.84%
520,Cecelia Hollis,"San Diego, CA",515,4:39:35,10:40,F 25-29/23,F-26,176,4:39:47,48.44%
521,Heather Schafer,"Encinitas, CA",968,4:39:44,10:41,F 50-54/17,F-54,177,4:40:04,57.94%
522,William Hunter,"San Diego, CA",532,4:40:03,10:41,M 55-59/24,M-58,345,4:40:32,52.65%
523,Eb Sladek,"Carlsbad, CA",1016,4:40:12,10:42,F 35-39/30,F-35,178,4:40:34,48.69%
524,Kelly Conrad,"San Diego, CA",300,4:40:22,10:42,F 35-39/31,F-39,179,4:40:35,49.50%
525,Jacob Haproff,"Vista, CA",474,4:40:23,10:42,M 18-24/17,M-24,346,4:40:45,43.85%
526,Peter Diaz,"Vista, CA",347,4:40:23,10:42,M 18-24/18,M-24,347,4:40:46,43.85%
527,Kristina Bjorksten,"San Diego, CA",183,4:40:27,10:42,F 18-24/19,F-21,180,4:40:57,48.29%
528,Ian Jimeno,"Poway, CA",549,4:40:31,10:42,M 25-29/36,M-28,348,4:40:53,43.83%
529,Jeremy Briggs,"Carlsbad, CA",213,4:40:33,10:43,M 40-44/47,M-40,349,4:41:05,45.07%
530,Rosa Cameron,"Oxnard, CA",244,4:40:49,10:43,F 55-59/5,F-55,181,4:44:01,58.48%
531,Nicole D'Alessandro,"Studio City, CA",322,4:40:53,10:43,F 45-49/26,F-46,182,4:41:12,52.27%
532,Cindy McKenzie,"Los Angeles, CA",735,4:40:59,10:44,F 55-59/6,F-57,183,4:41:26,60.05%
533,Ryan Chaney,"Corona, CA",1309,4:41:04,10:44,M 40-44/48,M-41,350,4:41:39,45.29%
534,Cindy Nissen,"San Diego, CA",809,4:41:06,10:44,F 30-34/31,F-30,184,4:41:28,48.18%
535,Debbie Lustigson,"San Diego, CA",684,4:41:07,10:44,F 60-64/2,F-60,185,4:42:19,62.59%
536,Octavio Armas,"La Mesa, CA",134,4:41:09,10:44,M 55-59/25,M-56,351,4:41:27,51.48%
537,Elizabeth Dondero,"Durham, NC",353,4:41:19,10:44,F 40-44/28,F-40,186,4:41:53,49.63%
538,Sarah Viczorek,"Dana Point, CA",1107,4:41:19,10:44,F 35-39/32,F-38,187,4:41:54,49.08%
539,Jason Bernaldo,"Chula Vista, CA",1194,4:41:20,10:44,M 30-34/51,M-33,352,4:41:58,43.75%
540,Suzie Bunk,"La Mesa, CA",228,4:41:27,10:45,F 25-29/24,F-29,188,4:41:50,48.12%
541,Claudia Cavalcanti,"BR, ",265,4:41:28,10:45,F 45-49/27,F-48,189,4:42:00,53.37%
542,Brenda Corona,"Escondido, CA",1310,4:41:43,10:45,F 55-59/7,F-55,190,4:42:03,58.29%
543,Jeff Rovner,"Danville, CA",941,4:41:48,10:45,M 50-54/42,M-53,353,4:42:13,49.99%
544,Matthew Jurado,"Los Angeles, CA",572,4:41:51,10:45,M 45-49/60,M-45,354,4:43:09,46.66%
545,Lara Joa,"Coronado, CA",550,4:41:54,10:46,F 40-44/29,F-40,191,4:42:31,49.53%
546,Brian Belasco,"Vista, CA",172,4:42:00,10:46,M 35-39/51,M-38,355,4:42:33,44.32%
547,Jain Krotz,"San Diego, CA",613,4:42:01,10:46,F 50-54/18,F-54,192,4:42:13,57.47%
548,Keizo Amakawa,"Encinitas, CA",120,4:42:02,10:46,M 55-59/26,M-57,356,4:42:24,51.79%
549,Tanner Patoni,"Gilbert, AZ",1262,4:42:04,10:46,M 01-17/2,M-14,357,4:42:35,46.00%
550,Debbie Zockoll,"St George, UT",1175,4:42:13,10:46,F 60-64/3,F-60,193,4:42:29,62.35%
551,Rose Harrington,"La Jolla, CA",481,4:42:31,10:47,F 25-29/25,F-29,194,4:42:38,47.94%
552,Bob Venter,"Oceanside, CA",1105,4:42:47,10:48,M 45-49/61,M-47,358,4:43:15,47.29%
553,Berta Raposo,"San Jose, CA",891,4:43:11,10:49,F 50-54/19,F-53,195,4:43:19,56.49%
554,Alan Lewis,"Carlsbad, CA",1335,4:43:11,10:49,M 50-54/43,M-54,359,4:43:43,50.19%
555,Greg McClure,"San Diego, CA",726,4:43:18,10:49,M 40-44/49,M-42,360,4:43:34,45.28%
556,Rommel Hare,"Coronado, CA",478,4:43:32,10:49,M 30-34/52,M-34,361,4:48:45,43.48%
557,Todd Brehm,"Oceanside, CA",204,4:43:39,10:50,M 35-39/52,M-36,362,4:43:39,43.69%
558,Chris Araracap,"Long Beach, CA",131,4:43:42,10:50,M 40-44/50,M-43,363,4:43:58,45.59%
559,Angelica Lagunas,"San Diego, CA",625,4:43:49,10:50,F 45-49/28,F-46,196,4:44:17,51.73%
560,Jami Callahan-Brill,"Hampton, VA",241,4:43:55,10:50,F 50-54/20,F-50,197,4:44:09,54.23%
561,Eduardo Salamonovitz,"MX, ",954,4:43:58,10:50,M 45-49/62,M-48,364,4:44:16,47.49%
562,John Bick,"Newport Coast, CA",180,4:44:04,10:51,M 18-24/19,M-20,365,4:44:12,43.28%
563,Jeffrey Daniels,"Carlsbad, CA",325,4:44:07,10:51,M 35-39/53,M-39,366,4:44:22,44.23%
564,Sandra Villalobos,"Vista, CA",1110,4:44:10,10:51,F 45-49/29,F-48,198,4:45:22,52.86%
565,Jen Francis,"Victorville, CA",1217,4:44:21,10:51,F 40-44/30,F-42,199,4:44:56,49.79%
566,Kimberly Luu,"San Diego, CA",686,4:44:39,10:52,F 40-44/31,F-40,200,4:45:03,49.05%
567,Benjamin Reekes,"Oceanside, CA",1277,4:44:41,10:52,M 30-34/53,M-30,367,4:45:26,43.19%
568,Courtney Chui,"Oceanside, CA",1204,4:44:52,10:52,F 18-24/20,F-24,201,4:44:52,47.54%
569,Christal Sohl,"San Diego, CA",1026,4:45:04,10:53,F 30-34/32,F-34,202,4:45:32,47.73%
570,Denise Flynn,"Poway, CA",402,4:45:05,10:53,F 35-39/33,F-38,203,4:45:33,48.43%
571,Dedrick Girley,"Carlsbad, CA",441,4:46:09,10:55,M 45-49/63,M-45,368,4:46:13,45.96%
572,Gudoor Reddy,"San Diego, CA",895,4:46:10,10:55,M 45-49/64,M-49,369,4:46:55,47.53%
573,Gene Arguelles,"Aldie, VA",1182,4:46:33,10:56,M 45-49/65,M-49,370,4:48:08,47.47%
574,Luis Gomez,"Laguna Hills, CA",1225,4:46:36,10:56,M 45-49/66,M-45,371,4:47:41,45.89%
575,Tatiana Caicedo,"Laguna Hills, CA",1200,4:46:37,10:56,F 25-29/26,F-26,204,4:47:41,47.25%
576,Albert Lee,"Redlands, CA",1241,4:46:40,10:57,M 55-59/27,M-59,372,4:48:49,51.92%
577,April Coyle,"San Diego, CA",310,4:46:40,10:57,F 30-34/33,F-30,205,4:46:49,47.24%
578,Michelle Aquino,"Chula Vista, CA",129,4:46:41,10:57,F 35-39/34,F-39,206,4:46:50,48.41%
579,Glenn Busse,"Carlsbad, CA",232,4:46:47,10:57,M 50-54/44,M-54,373,4:47:13,49.56%
580,Donald Sevesind,"Covina, CA",988,4:46:54,10:57,M 40-44/51,M-42,374,4:47:24,44.72%
581,Randi Spence,"Fort Worth, TX",1030,4:47:09,10:58,F 25-29/27,F-28,207,4:47:47,47.16%
582,Frederick Hanhauser,"Mission Viejo, CA",468,4:47:13,10:58,M 65-69/7,M-69,375,4:47:46,57.21%
583,Rivkah Afriat,"Los Angeles, CA",1180,4:47:51,10:59,F 35-39/35,F-39,208,4:48:11,48.22%
584,Bryan Symons,"San Diego, CA",1062,4:47:59,11:00,M 55-59/28,M-57,376,4:48:21,50.72%
585,Maggie Barone,"Murrieta, CA",159,4:48:01,11:00,F 40-44/32,F-40,209,4:48:26,48.48%
586,Judy Gallardo,"Chula Vista, CA",420,4:48:15,11:00,F 40-44/33,F-41,210,4:48:41,48.76%
587,William Nicotera,"San Diego, CA",804,4:48:32,11:01,M 45-49/67,M-45,377,4:49:03,45.58%
588,Henry Magalong,"Panorama City, CA",696,4:48:40,11:01,M 35-39/54,M-38,378,4:48:46,43.30%
589,Armand Cognetta,"La Jolla, CA",294,4:48:45,11:01,M 25-29/37,M-28,379,4:50:42,42.58%
590,Owen Lau,"Artesia, CA",636,4:48:48,11:01,M 40-44/52,M-40,380,4:49:13,43.78%
591,Todd Snyder,"Saint Louis, MO",1336,4:48:51,11:01,M 45-49/68,M-48,381,4:48:56,46.69%
592,Arnold Aradanas,"San Diego, CA",130,4:49:14,11:02,M 30-34/54,M-34,382,4:49:50,42.63%
593,Horacio Osuna,"San Diego, CA",829,4:49:25,11:03,M 35-39/55,M-37,383,4:49:53,42.99%
594,Sharon Boles,"Mission Viejo, CA",192,4:49:35,11:03,F 45-49/30,F-49,211,4:49:43,52.51%
595,Kathryn Korn,"San Diego, CA",606,4:49:44,11:04,F 30-34/34,F-31,212,4:50:08,46.75%
596,Stacy Snow,"El Cajon, CA",1024,4:49:54,11:04,F 40-44/34,F-44,213,4:50:32,49.66%
597,Steven Hemple,"Vista, CA",497,4:49:55,11:04,M 40-44/53,M-43,384,4:50:08,44.61%
598,Emily From,"San Diego, CA",416,4:50:05,11:04,F 35-39/36,F-36,214,4:50:40,47.19%
599,Michele Perry,"Sacramento, CA",856,4:50:30,11:05,F 25-29/28,F-26,215,4:51:16,46.62%
600,Naji Ucyildiz,"San Diego, CA",1092,4:50:30,11:05,M 55-59/29,M-56,385,4:50:36,49.83%
601,Sydney Leibel,"Solana Beach, CA",647,4:50:32,11:05,M 35-39/56,M-37,386,4:51:26,42.83%
602,Patricia Hernandez,"San Diego, CA",502,4:50:34,11:05,F 50-54/21,F-52,216,4:52:02,54.35%
603,Matthew Eric Viernes,"Carlsbad, CA",1108,4:50:36,11:05,M 45-49/69,M-47,387,4:51:06,46.02%
604,Andrea Garro,"Vista, CA",1314,4:50:36,11:05,F 40-44/35,F-40,217,4:51:06,48.05%
605,Caitlin Johnson,"Hemet, CA",554,4:51:02,11:06,F 25-29/29,F-26,218,4:51:28,46.53%
606,Heidi Meineke,"Wildomar, CA",743,4:51:04,11:07,F 30-34/35,F-32,219,4:51:29,46.58%
607,Ashley White,"Lakeside, CA",1137,4:51:12,11:07,F 35-39/37,F-36,220,4:51:33,47.01%
608,Patty Chen,"Diamond Bar, CA",279,4:51:25,11:07,F 40-44/36,F-43,221,4:52:00,48.98%
609,Brooke Oliver,"Conway, AR",816,4:51:37,11:08,F 25-29/30,F-26,222,4:52:06,46.44%
610,Vaughan Watson,"Encinitas, CA",1128,4:52:05,11:09,M 50-54/45,M-51,388,4:52:26,47.39%
611,Jill McKenzie,"San Diego, CA",736,4:52:08,11:09,F 55-59/8,F-57,223,4:52:40,57.76%
612,Rebekah Ewig,"Oceanside, CA",382,4:52:18,11:09,F 30-34/36,F-32,224,4:52:57,46.38%
613,Bridgette Tuquero,"San Diego, CA",1087,4:52:27,11:10,F 25-29/31,F-29,225,4:52:58,46.31%
614,Trang Pham,"Union City, CA",860,4:52:28,11:10,F 18-24/21,F-23,226,4:53:06,46.30%
615,Doug Carsten,"San Diego, CA",256,4:52:51,11:11,M 45-49/70,M-47,389,4:53:25,45.66%
616,Hannah Zulueta,"San Diego, CA",1176,4:52:54,11:11,F 40-44/37,F-43,227,4:53:17,48.73%
617,Banafsheh Alai,"Escondido, CA",113,4:52:54,11:11,F 40-44/38,F-43,228,4:53:10,48.73%
618,Matt Hannula,"San Diego, CA",471,4:53:16,11:12,M 30-34/55,M-30,390,4:53:46,41.93%
619,Kelly Lancaster,"San Diego, CA",629,4:53:31,11:12,F 40-44/39,F-42,229,4:54:24,48.24%
620,Linda McFadden,"Modesto, CA",1252,4:53:42,11:13,F 50-54/22,F-54,230,4:54:13,55.18%
621,Stephanie Moore,"Manteca, CA",765,4:53:47,11:13,F 45-49/31,F-47,231,4:54:36,50.53%
622,Joseph Bainum,"Encinitas, CA",148,4:53:47,11:13,M 60-64/13,M-64,391,4:54:17,53.17%
623,Susie Ro,"Seattle, WA",922,4:53:57,11:13,F 45-49/32,F-46,232,4:54:16,49.95%
624,Wendy Roy,"Rosemead, CA",944,4:54:05,11:13,F 35-39/38,F-39,233,4:54:22,47.19%
625,Sherry Mahoney,"CA, ",698,4:54:09,11:14,F 50-54/23,F-52,234,4:54:35,53.68%
626,Jon Mahoney,"CA, ",697,4:54:10,11:14,M 60-64/14,M-64,392,4:54:35,53.10%
627,Jorge Marquez,"Venice, CA",713,4:54:12,11:14,M 35-39/57,M-36,393,4:59:24,42.13%
628,Morrie Ripley,"CA, ",919,4:54:26,11:14,M 40-44/54,M-42,394,4:54:28,43.57%
629,Chandra Round,"CA, ",9135,4:54:29,11:14,F 30-34/37,F-32,235,4:54:31,46.04%
630,Amanda Swartzlander,"San Diego, CA",1058,4:54:29,11:14,F 25-29/32,F-26,236,4:54:52,45.99%
631,Ethan Lucchesi,"Sacramento, CA",681,4:54:30,11:14,M 18-24/20,M-20,395,4:54:46,41.75%
632,Rachel Shebert,"Folsom, CA",996,4:54:30,11:14,F 18-24/22,F-22,237,4:54:46,45.98%
633,Christopher Garcia,"San Diego, CA",1221,4:54:33,11:15,M 35-39/58,M-36,396,4:54:56,42.08%
634,David Green,"Poway, CA",1227,4:54:44,11:15,M 45-49/71,M-47,397,4:55:12,45.37%
635,Christopher Macaluso,"San Diego, CA",691,4:54:50,11:15,M 35-39/59,M-38,398,4:55:05,42.39%
636,Patricia Garcia,"Chula Vista, CA",426,4:54:53,11:15,F 35-39/39,F-37,238,4:56:22,46.60%
637,Mary Frost,"San Diego, CA",1352,4:55:07,11:16,F 45-49/33,F-46,239,4:56:07,49.75%
638,Zeke Zatyko,"San Diego, CA",1344,4:55:09,11:16,M 45-49/72,M-47,399,4:56:09,45.31%
639,Amy Satter,"San Diego, CA",965,4:55:11,11:16,F 35-39/40,F-38,240,4:55:24,46.78%
640,Jennifer Werner,"San Diego, CA",1132,4:55:11,11:16,F 35-39/41,F-39,241,4:55:24,47.02%
641,Ana Pazos,"Carlsbad, CA",851,4:55:13,11:16,F 45-49/34,F-46,242,4:55:48,49.73%
642,Oscar Martinez,"Oxnard, CA",720,4:55:30,11:17,M 30-34/56,M-32,400,4:56:04,41.62%
643,Katie Sullivan,"Saint Joseph, MI",1049,4:55:36,11:17,F 01-17/1,F-17,243,4:56:26,46.94%
644,Carly Segar,"Stevensville, MI",984,4:55:36,11:17,F 01-17/2,F-15,244,4:56:26,48.53%
645,Lielei Wahlmann,"San Diego, CA",1120,4:55:37,11:17,F 45-49/35,F-45,245,4:55:56,49.17%
646,Maureen Dawson,"San Diego, CA",334,4:55:37,11:17,F 35-39/42,F-39,246,4:56:02,46.95%
647,Jackson Chia,"San Gabriel, CA",282,4:55:49,11:17,M 45-49/73,M-47,401,4:56:21,45.21%
648,William Bachicha,"Rocklin, CA",144,4:55:53,11:18,M 50-54/46,M-53,402,4:55:53,47.61%
649,Maaike Rutten,"Thousand Oaks, CA",1280,4:55:53,11:18,F 35-39/43,F-36,247,4:57:17,46.27%
650,Drew Keating-Hudson,"Carlsbad, CA",581,4:56:02,11:18,M 50-54/47,M-52,403,4:56:31,47.17%
651,Susan Vincent,"Tucson, AZ",1111,4:56:15,11:18,F 55-59/9,F-55,248,4:56:31,55.43%
652,Dennis Orosa,"San Diego, CA",824,4:56:34,11:19,M 40-44/55,M-44,404,4:56:59,43.98%
653,Kuanfu Chen,"San Diego, CA",278,4:56:48,11:20,M 40-44/56,M-40,405,4:57:02,42.60%
654,David Montgomery,"San Diego, CA",762,4:57:04,11:20,M 45-49/74,M-45,406,4:57:12,44.27%
655,Lynda Chang,"San Diego, CA",271,4:57:07,11:20,F 40-44/40,F-41,249,4:57:24,47.31%
656,Martha Madero,"San Diego, CA",694,4:57:13,11:21,F 50-54/24,F-51,250,4:57:23,52.46%
657,David Field,"Murrieta, CA",1215,4:57:41,11:22,M 50-54/48,M-51,407,4:58:13,46.49%
658,Tyra Holt,"San Diego, CA",517,4:57:47,11:22,F 18-24/23,F-21,251,4:58:36,45.48%
659,Brian Bacardi,"San Marcos, CA",143,4:57:58,11:22,M 50-54/49,M-50,408,4:59:28,46.05%
660,William Breitenbach,"San Diego, CA",1370,4:58:02,11:23,M 30-34/57,M-31,409,4:58:58,41.26%
661,Melinda Krupcyznski,"San Marcos, CA",615,4:58:07,11:23,F 45-49/36,F-45,252,4:58:46,48.75%
662,Janine Benedict,"Campbell, CA",175,4:58:07,11:23,F 55-59/10,F-57,253,4:58:46,56.60%
663,Richard Lusk,"Oceanside, CA",683,4:58:22,11:23,M 18-24/21,M-22,410,4:58:30,41.21%
664,Lianne Greenlaw,"San Diego, CA",450,4:58:24,11:23,F 40-44/41,F-40,254,4:58:49,46.79%
665,Heather Clark,"San Diego, CA",290,4:58:24,11:23,F 40-44/42,F-41,255,4:59:04,47.10%
666,William Fang,"Escondido, CA",388,4:58:26,11:23,M 45-49/75,M-48,411,4:58:31,45.19%
667,Charlie Itchko,"San Diego, CA",542,4:58:35,11:24,M 60-64/15,M-62,412,4:58:49,51.30%
668,Cynthia Horner,"CA, ",523,4:58:45,11:24,F 35-39/44,F-38,256,4:59:33,46.22%
669,John Sylvester,"San Diego, CA",1061,4:58:47,11:24,M 30-34/58,M-30,413,4:59:25,41.15%
670,Michael David,"San Diego, CA",328,4:58:49,11:24,M 55-59/30,M-55,414,4:59:30,48.00%
671,Arthur Charrow,"Los Angeles, CA",273,4:58:54,11:25,M 60-64/16,M-64,415,4:59:33,52.26%
672,Robert Sw Jones,"San Leandro, CA",565,4:58:55,11:25,M 45-49/76,M-48,416,4:58:59,45.12%
673,Sarah Stover,"Colorado Springs, CO",1044,4:58:58,11:25,F 35-39/45,F-35,257,4:59:17,45.64%
674,Gail Root,"Rancho Santa Fe, CA",934,4:58:58,11:25,F 65-69/1,F-65,258,4:59:51,63.39%
675,Steven Daniel,"Escondido, CA",1208,4:59:01,11:25,M 50-54/50,M-53,417,4:59:13,47.11%
676,Maureen Smith,"Chula Vista, CA",1022,4:59:04,11:25,F 40-44/43,F-42,259,4:59:30,47.34%
677,David Smith,"Encinitas, CA",1020,4:59:17,11:25,M 60-64/17,M-63,418,4:59:29,51.68%
678,Shawn Boudreau,"Oceanside, CA",197,4:59:23,11:26,M 45-49/77,M-45,419,4:59:36,43.93%
679,Loida Morrison,"San Diego, CA",771,4:59:26,11:26,F 50-54/25,F-54,260,4:59:37,54.13%
680,Lisa Futa,"San Diego, CA",417,4:59:31,11:26,F 40-44/44,F-41,261,4:59:48,46.93%
681,Eric Zeider,"Bonita, CA",1305,4:59:33,11:26,M 40-44/57,M-41,420,5:00:21,42.50%
682,Tomy Cortez-Ramos,"Oceanside, CA",307,4:59:41,11:26,M 30-34/59,M-32,421,5:00:17,41.03%
683,Jonathan Rance,"Oceanside, CA",889,4:59:51,11:27,M 40-44/58,M-41,422,5:00:17,42.46%
684,Robin Wheatley,"Lakewood, CO",1135,5:00:09,11:27,F 45-49/37,F-49,262,5:00:49,50.66%
685,Mary Primrose,"Richfield, OH",881,5:00:14,11:28,F 55-59/11,F-56,263,5:00:29,55.44%
686,Megan Seidel,"San Diego, CA",1286,5:00:44,11:29,F 30-34/38,F-31,264,5:00:44,45.04%
687,Victoria Maidhof,"La Mesa, CA",699,5:00:51,11:29,F 30-34/39,F-32,265,5:01:22,45.06%
688,Ina Deras,"San Diego, CA",341,5:01:10,11:30,F 45-49/38,F-49,266,5:01:41,50.49%
689,Michael Deras,"San Diego, CA",342,5:01:11,11:30,M 45-49/78,M-48,423,5:01:41,44.78%
690,Judy Nishi,"San Diego, CA",808,5:01:34,11:31,F 55-59/12,F-56,267,5:02:09,55.19%
691,Jeff Brennecke,"Encinitas, CA",205,5:01:34,11:31,M 30-34/60,M-34,424,5:01:36,40.88%
692,Cathal Oscolai,"Encinitas, CA",828,5:03:12,11:34,M 45-49/79,M-45,425,5:03:31,43.37%
693,Nicole Martin,"Lakeside, CA",716,5:03:41,11:35,F 30-34/40,F-34,268,5:03:56,44.80%
694,Cullen Goodyear,"CA, ",445,5:03:45,11:36,F 65-69/2,F-68,269,5:04:03,65.41%
695,Yangyang Sun,"San Diego, CA",1052,5:04:14,11:37,F 35-39/46,F-39,270,5:04:17,45.62%
696,Lindsay Shepherd,"Modesto, CA",998,5:04:28,11:37,F 30-34/41,F-31,271,5:05:11,44.49%
697,Jeffrey Chao,"Temecula, CA",272,5:04:31,11:37,M 40-44/59,M-41,426,5:05:02,41.81%
698,Dashka Celestin,"Chula Vista, CA",268,5:04:57,11:38,F 30-34/42,F-34,272,5:05:26,44.62%
699,Christian Riegel,"CA, ",914,5:05:06,11:39,M 45-49/80,M-48,427,5:05:53,44.20%
700,Katherine Robinson,"CA, ",924,5:05:06,11:39,F 45-49/39,F-48,273,5:05:53,49.23%
701,Patty Hardesty,"29 Palms, CA",476,5:05:36,11:40,F 30-34/43,F-30,274,5:06:29,44.31%
702,John Mason,"Bermuda Dunes, CA",722,5:06:06,11:41,M 18-24/22,M-22,428,5:06:23,40.17%
703,Brett Robinson,"Simi Valley, CA",923,5:06:10,11:41,M 55-59/31,M-55,429,5:06:34,46.85%
704,Kate Nied,"Corona, CA",806,5:06:16,11:41,F 40-44/45,F-41,275,5:06:46,45.89%
705,John Kim,"Hoffman Estates, IL",592,5:06:47,11:43,M 50-54/51,M-54,430,5:07:09,46.33%
706,Brian Villacarlos,"Escondido, CA",1109,5:07:01,11:43,M 25-29/38,M-29,431,5:07:15,40.05%
707,Samantha Cutting,"San Diego, CA",319,5:07:15,11:44,F 35-39/47,F-35,276,5:07:43,44.41%
708,Tatsuya Kato,"Imperial, CA",577,5:07:18,11:44,M 60-64/18,M-63,432,5:08:08,50.33%
709,Juan Mendez,"Vista, CA",746,5:07:18,11:44,M 55-59/32,M-55,433,5:07:39,46.68%
710,Melissa Herder,"San Diego, CA",500,5:08:22,11:46,F 18-24/24,F-24,277,5:08:36,43.92%
711,Jeremy Sy,"Merced, CA",1060,5:08:26,11:46,F 40-44/46,F-41,278,5:08:59,45.57%
712,Chaz Fitzhugh,"Woodland Hills, CA",1216,5:08:36,11:47,M 60-64/19,M-61,434,5:09:11,49.15%
713,Reema Krichati,"San Diego, CA",611,5:09:04,11:48,F 18-24/25,F-21,279,5:09:37,43.82%
714,Christopher Caires,"Berkeley, CA",239,5:09:24,11:49,M 35-39/60,M-38,435,5:09:44,40.40%
715,Jo May,"Houston, TX",1325,5:09:29,11:49,F 65-69/3,F-68,280,5:10:01,64.20%
716,Dr Lunide Louis,"San Diego, CA",675,5:09:35,11:49,F 30-34/44,F-31,281,5:09:37,43.75%
717,Maria Lai,"El Cajon, CA",627,5:09:37,11:49,F 40-44/47,F-43,282,5:10:33,46.10%
718,Mary Reiser,"Fallbrook, CA",905,5:09:45,11:49,F 50-54/26,F-54,283,5:10:49,52.32%
719,Jorge Ruiz Sr,"Santa Fe Springs, CA",949,5:09:46,11:49,M 55-59/33,M-59,436,5:09:54,48.05%
720,C Edward Clemmer,"CA, ",291,5:10:07,11:50,M 65-69/8,M-65,437,5:10:47,50.87%
721,Rebecca Bloom,"Sacramento, CA",187,5:10:26,11:51,F 50-54/27,F-52,284,5:10:54,50.87%
722,Alfonse Nikolaus,"Fallbrook, CA",807,5:11:25,11:53,M 55-59/34,M-58,438,5:12:04,47.35%
723,Steven Darvin,"San Diego, CA",1210,5:11:31,11:53,M 30-34/61,M-31,439,5:12:10,39.47%
724,Bill Gosch,"Deltona, FL",447,5:11:47,11:54,M 45-49/81,M-49,440,5:12:07,43.63%
725,Mike Evans,"San Diego, CA",380,5:12:09,11:55,M 55-59/35,M-58,441,5:12:56,47.23%
726,Kim Lai,"San Diego, CA",626,5:12:52,11:56,F 40-44/48,F-44,285,5:14:01,46.02%
727,Young Duong,"San Diego, CA",369,5:13:02,11:57,M 35-39/61,M-35,442,5:13:51,39.48%
728,Armen Anassian,"Burbank, CA",121,5:13:53,11:59,M 50-54/52,M-53,443,5:14:40,44.88%
729,Ubaldo Riboni,"San Diego, CA",912,5:14:02,11:59,M 40-44/60,M-42,444,5:15:04,40.85%
730,Jenna Becerra,"Chino, CA",170,5:15:09,12:02,F 18-24/26,F-21,286,5:15:42,42.97%
731,Dennis Herris,"Canton, OH",504,5:15:11,12:02,M 65-69/9,M-66,445,5:15:39,50.55%
732,David Mueller,"Long Beach, CA",777,5:15:34,12:03,M 50-54/53,M-53,446,5:16:06,44.64%
733,Daisy Melendez,"Oxnard, CA",744,5:15:40,12:03,F 45-49/40,F-48,287,5:16:19,47.58%
734,Brett Bookser,"San Diego, CA",1197,5:15:56,12:03,M 50-54/54,M-54,447,5:16:22,44.99%
735,Chioke Nayo,"Pasadena, CA",791,5:16:01,12:04,M 50-54/55,M-53,448,5:16:36,44.58%
736,Andrea Hester,"Encinitas, CA",507,5:16:03,12:04,F 50-54/28,F-52,288,5:16:47,49.96%
737,Katie Longardner,"San Diego, CA",668,5:16:13,12:04,F 25-29/33,F-29,289,5:16:43,42.83%
738,Westley Dangles,"San Diego, CA",324,5:16:21,12:04,M 25-29/39,M-25,449,5:17:03,38.87%
739,Jennifer Seifert,"San Diego, CA",986,5:16:24,12:05,F 25-29/34,F-25,290,5:16:53,42.80%
740,Jorge Carrillo,"Davis, CA",254,5:16:40,12:05,M 65-69/10,M-66,450,5:17:18,50.31%
741,Mike Peck,"Escondido, CA",852,5:16:43,12:05,M 30-34/62,M-33,451,5:20:34,38.86%
742,David Baum,"San Diego, CA",166,5:16:47,12:05,M 60-64/20,M-62,452,5:17:43,48.35%
743,Vinod Kaushik,"San Diego, CA",578,5:17:00,12:06,M 35-39/62,M-36,453,5:17:36,39.10%
744,Violeta Heisler,"Victorville, CA",1233,5:17:04,12:06,F 40-44/49,F-42,291,5:17:13,44.66%
745,Joseph Valeska,"La Mesa, CA",1098,5:17:27,12:07,M 30-34/63,M-31,454,5:17:40,38.73%
746,Gerardo Castro,"MX, ",262,5:17:41,12:07,M 60-64/21,M-60,455,5:18:22,47.30%
747,Ronly Schlenk,"Oceanside, CA",971,5:17:57,12:08,F 50-54/29,F-53,292,5:18:45,50.31%
748,Sharon Nardozza,"Encinitas, CA",787,5:17:57,12:08,F 55-59/13,F-55,293,5:18:46,51.65%
749,Patti Johnson,"San Diego, CA",557,5:17:58,12:08,F 55-59/14,F-59,294,5:18:45,54.56%
750,Ashton Votaw,"Escondido, CA",1116,5:18:10,12:09,F 25-29/35,F-26,295,5:18:31,42.56%
751,Ron Kofron,"Ramona, CA",600,5:18:15,12:09,M 55-59/36,M-57,456,5:19:12,45.90%
752,Kelly Revell,"Carlsbad, CA",908,5:18:54,12:10,M 55-59/37,M-58,457,5:19:14,46.23%
753,Nicole Ventrone,"La Mesa, CA",1355,5:19:17,12:11,F 40-44/50,F-44,296,5:19:46,45.09%
754,Orbary Walker Jr,"Oceanside, CA",1298,5:19:17,12:11,M 35-39/63,M-38,458,5:20:17,39.15%
755,David Garrett,"La Mesa, CA",430,5:19:28,12:12,M 45-49/82,M-49,459,5:19:43,42.58%
756,Douglas Bobeck,"Carlsbad, CA",188,5:19:35,12:12,M 40-44/61,M-44,460,5:19:59,40.81%
757,Marappa Gopinath,"Irvine, CA",446,5:19:45,12:12,M 65-69/11,M-69,461,5:20:23,51.39%
758,Kathleen Toohill,"Billings, MT",1076,5:19:51,12:12,F 40-44/51,F-44,297,5:20:12,45.01%
759,Ryan Brett,"Lake Elsinore, CA",209,5:20:08,12:13,M 40-44/62,M-42,462,5:20:44,40.07%
760,Heather Brett,"Lake Elsinore, CA",207,5:20:09,12:13,F 35-39/48,F-39,298,5:20:46,43.35%
761,Karla Jorgensen,"Chula Vista, CA",567,5:20:27,12:14,F 25-29/36,F-27,299,5:20:53,42.26%
762,Jennifer Duroy,"Yukon, OK",370,5:20:30,12:14,F 30-34/45,F-32,300,5:20:41,42.30%
763,Tanna Hoopingarner,"Enid, OK",519,5:20:30,12:14,F 45-49/41,F-46,301,5:20:41,45.81%
764,Lorrie Lorell,"Antelope, CA",674,5:20:41,12:14,F 45-49/42,F-46,302,5:21:10,45.78%
765,Connor Guy,"San Jose, CA",461,5:21:01,12:15,M 18-24/23,M-21,463,5:21:24,38.30%
766,Alex Newman,"Carlsbad, CA",1259,5:21:05,12:15,M 25-29/40,M-26,464,5:21:38,38.29%
767,Ash Shah,"Carlsbad, CA",991,5:21:18,12:16,M 50-54/56,M-52,465,5:21:59,43.46%
768,Don Lemmex,"Redmond, WA",649,5:21:23,12:16,M 60-64/22,M-63,466,5:21:37,48.12%
769,Michael Janovici,"Agoura Hills, CA",546,5:21:26,12:16,M 40-44/63,M-40,467,5:22:03,39.34%
770,Josh Garcia,"Vista, CA",425,5:21:35,12:16,M 35-39/64,M-39,468,5:22:01,39.08%
771,Kiyen Williams,"San Diego, CA",1144,5:21:36,12:16,F 40-44/52,F-44,303,5:21:47,44.77%
772,Shelley Perkins,"San Diego, CA",855,5:21:54,12:17,F 45-49/43,F-48,304,5:22:26,46.66%
773,Kratin Kumar,"San Diego, CA",619,5:22:03,12:17,M 01-17/3,M-16,469,5:22:14,38.98%
774,Edwin Pampo,"San Diego, CA",837,5:22:25,12:18,M 40-44/64,M-43,470,5:23:13,40.12%
775,Naomi Shimasaki,"San Diego, CA",1001,5:22:42,12:19,F 55-59/15,F-57,305,5:23:22,52.29%
776,Jd Crandell,"Oceanside, CA",312,5:22:59,12:20,M 25-29/41,M-29,471,5:23:21,38.07%
777,Michael Angelo Laurente,"San Diego, CA",638,5:23:15,12:20,M 25-29/42,M-28,472,5:24:04,38.04%
778,Garnet Bartel,"CA, ",161,5:23:53,12:22,M 50-54/57,M-51,473,5:24:02,42.73%
779,Luke Shumard,"Quartz Hill, CA",1007,5:23:56,12:22,M 40-44/65,M-42,474,5:24:42,39.60%
780,Nancy Shumard,"Quartz Hill, CA",1008,5:23:56,12:22,F 45-49/44,F-45,306,5:24:42,44.87%
781,Carmen Manriquez,"San Diego, CA",707,5:24:04,12:22,F 40-44/53,F-43,307,5:24:44,44.04%
782,Josh Owens,"Chula Vista, CA",832,5:24:13,12:22,M 18-24/24,M-21,475,5:24:36,37.92%
783,Vida Sajedi,"San Diego, CA",1281,5:25:30,12:25,F 50-54/30,F-54,308,5:26:19,49.79%
784,Gloria Foss,"Cameron, WI",406,5:25:51,12:26,F 40-44/54,F-44,309,5:26:26,44.18%
785,Venkat Shashank,"Irvine, CA",994,5:27:06,12:29,M 30-34/64,M-31,476,5:27:38,37.59%
786,Jane Perez,"San Diego, CA",1266,5:27:12,12:29,F 35-39/49,F-35,310,5:27:37,41.70%
787,Michelle Breyer,"Oceanside, CA",210,5:27:36,12:30,F 35-39/50,F-37,311,5:28:36,41.95%
788,Edward Seda,"Escondido, CA",983,5:27:38,12:30,M 30-34/65,M-34,477,5:27:40,37.63%
789,Long Phan,"Corona, CA",861,5:27:40,12:30,M 45-49/83,M-47,478,5:27:57,40.81%
790,Margaret Rolfe,"Coronado, CA",930,5:27:52,12:31,F 45-49/45,F-49,312,5:28:24,46.38%
791,Sandy Hubble,"Gig Harbor, WA",1318,5:28:04,12:31,F 50-54/31,F-54,313,5:28:33,49.40%
792,Natalie Lukaesko,"San Diego, CA",682,5:28:23,12:32,F 40-44/55,F-42,314,5:29:15,43.12%
793,Gedeon Pagarigan,"Redlands, CA",835,5:28:52,12:33,M 45-49/84,M-46,479,5:29:11,40.32%
794,Jesse Guadiz,"Redlands, CA",455,5:28:52,12:33,M 60-64/23,M-61,480,5:29:11,46.13%
795,Jessica Skinner,"Chula Vista, CA",1015,5:29:03,12:33,F 40-44/56,F-41,315,5:29:29,42.72%
796,Christopher Penaflor,"Anaheim, CA",1264,5:29:47,12:35,M 25-29/43,M-28,481,5:30:08,37.28%
797,Me Gauuan,"Castro Valley, CA",433,5:29:47,12:35,F 45-49/46,F-45,316,5:30:08,44.07%
798,Megan Johnston,"Chino, CA",1239,5:29:55,12:35,F 30-34/46,F-31,317,5:30:43,41.06%
799,Diana Lee,"San Diego, CA",645,5:30:26,12:37,F 50-54/32,F-50,318,5:31:20,46.59%
800,Torsten Stieren,"Lompoc, CA",1042,5:30:30,12:37,M 45-49/85,M-49,482,5:30:42,41.16%
801,Trang Nguyen,"Owings, MD",803,5:31:19,12:39,F 40-44/57,F-41,319,5:34:04,42.42%
802,Kevin Nguyen,"Oceanside, CA",802,5:31:21,12:39,M 30-34/66,M-31,483,5:34:06,37.11%
803,Alejandro Ibarra,"San Diego, CA",1234,5:31:24,12:39,M 25-29/44,M-28,484,5:36:53,37.10%
804,Saurabh Jogi,"San Diego, CA",551,5:31:44,12:40,M 40-44/66,M-41,485,5:32:05,38.38%
805,Christian Devila,"Fontana, CA",344,5:31:47,12:40,M 01-17/4,M-15,486,5:32:09,38.38%
806,Marcel Devila,"Fontana, CA",345,5:31:47,12:40,M 45-49/86,M-45,487,5:32:09,39.64%
807,Kaila Harter,"Vista, CA",486,5:32:50,12:42,F 18-24/27,F-23,320,5:33:28,40.69%
808,Todd Sumner,"Escondido, CA",1051,5:33:11,12:43,M 50-54/58,M-50,488,5:33:39,41.18%
809,Mary Ann Sandomir,"Chula Vista, CA",961,5:34:56,12:47,F 30-34/47,F-32,321,5:35:32,40.48%
810,Jennifer Tourtelotte,"San Diego, CA",1080,5:34:57,12:47,F 30-34/48,F-34,322,5:35:32,40.62%
811,Bryon Solberg,"San Diego, CA",1027,5:35:02,12:47,M 55-59/38,M-55,489,5:35:26,42.81%
812,Roselyn Kakai,"San Diego, CA",575,5:35:12,12:48,F 35-39/51,F-36,323,5:35:48,40.84%
813,Gene Overly,"Edmonds, WA",831,5:35:16,12:48,M 55-59/39,M-56,490,5:35:38,43.17%
814,Carol Bautista,"Hacienda Heights, CA",167,5:35:34,12:48,F 65-69/4,F-67,324,5:35:34,58.27%
815,Brigid Hitalla,"San Diego, CA",510,5:35:39,12:49,F 25-29/37,F-26,325,5:36:48,40.35%
816,Jarvais Roco,"Redondo Beach, CA",1278,5:36:06,12:50,M 30-34/67,M-32,491,5:36:18,36.59%
817,Ruben Rios,"San Diego, CA",918,5:36:38,12:51,M 60-64/24,M-60,492,5:37:02,44.64%
818,Josephine Brydon,"Long Beach, CA",222,5:36:58,12:52,F 55-59/16,F-55,326,5:37:48,48.74%
819,Elayne Knauer,"San Diego, CA",596,5:37:09,12:52,F 60-64/4,F-61,327,5:37:47,52.95%
820,Jeremy Griem,"Vestavia, AL",451,5:37:11,12:52,M 45-49/87,M-48,493,5:37:47,40.00%
821,Dorothy Sorensen,"San Diego, CA",1029,5:37:16,12:52,F 55-59/17,F-55,328,5:37:25,48.69%
822,Kathy Spencer,"San Diego, CA",1031,5:37:25,12:53,F 40-44/58,F-41,329,5:37:45,41.66%
823,Wendy Crandall,"Fort Collins, CO",311,5:37:29,12:53,F 65-69/5,F-65,330,5:37:51,56.15%
824,Peter Nolan,"Oceanside, CA",811,5:37:36,12:53,M 45-49/88,M-48,494,5:38:17,39.95%
825,Monique Duarte,"San Diego, CA",364,5:37:39,12:53,F 35-39/52,F-36,331,5:38:06,40.54%
826,Devon Franco,"Chula Vista, CA",408,5:37:53,12:54,F 35-39/53,F-35,332,5:38:19,40.38%
827,Lisa Barlow,"Santee, CA",1359,5:38:10,12:54,F 40-44/59,F-42,333,5:38:17,41.87%
828,Melanie Vizon,"Chula Vista, CA",1113,5:38:43,12:56,F 40-44/60,F-40,334,5:39:24,41.22%
829,Timothy Zacharyasz,"Poway, CA",1304,5:39:33,12:58,M 60-64/25,M-61,495,5:40:38,44.67%
830,Chris Lloyd,"Denver, CO",665,5:39:38,12:58,M 50-54/59,M-54,496,5:39:54,41.85%
831,Tom Nieblas,"Corona, CA",805,5:39:41,12:58,M 55-59/40,M-59,497,5:40:23,43.82%
832,Katrina Kuchta,"Minnetonka, MN",616,5:39:52,12:58,F 25-29/38,F-25,335,5:40:31,39.85%
833,Michelle Wick,"Valley Center, CA",1143,5:40:00,12:59,F 45-49/47,F-49,336,5:40:37,44.72%
834,Chris Thompson,"Indian Wells, CA",1074,5:40:05,12:59,M 60-64/26,M-64,498,5:40:30,45.93%
835,Mark Agulto,"Chula Vista, CA",110,5:40:13,12:59,M 30-34/68,M-32,499,5:40:17,36.15%
836,Mary Beth Tucker,"Carlsbad, CA",1085,5:40:28,13:00,F 50-54/33,F-51,337,5:41:07,45.79%
837,Fred Fernandez,"San Diego, CA",392,5:40:48,13:00,M 35-39/65,M-39,500,5:41:05,36.88%
838,Christina Manela Zepeda,"San Diego, CA",705,5:41:23,13:02,F 25-29/39,F-28,338,5:41:24,39.67%
839,Dannielle Ivey,"Redlands, CA",543,5:42:02,13:03,F 35-39/54,F-38,339,5:42:45,40.37%
840,Dave Vinluan,"San Diego, CA",1296,5:42:39,13:05,M 25-29/45,M-28,501,5:43:02,35.88%
841,Marcela Calimlim,"San Diego, CA",240,5:43:11,13:06,F 35-39/55,F-39,340,5:44:03,40.44%
842,Betsy Watson,"Oxnard, CA",1127,5:43:19,13:06,F 45-49/48,F-45,341,5:44:07,42.33%
843,Angela Castro,"Vista, CA",260,5:43:27,13:06,F 25-29/40,F-28,342,5:44:02,39.43%
844,Jennifer Harris,"San Diego, CA",483,5:43:37,13:07,F 35-39/56,F-39,343,5:44:30,40.39%
845,John Vinson,"Snohomish, WA",1297,5:43:39,13:07,M 45-49/89,M-45,502,5:44:27,38.27%
846,Ronald Lawson,"Spring Valley, CA",641,5:44:06,13:08,M 55-59/41,M-57,503,5:44:27,42.45%
847,Lise Herrera,"Bonita, CA",1363,5:44:27,13:09,F 60-64/5,F-63,344,5:48:07,53.37%
848,Raquel Salazar-Carrillo,"Davis, CA",955,5:45:46,13:12,F 65-69/6,F-68,345,5:46:23,57.46%
849,Karen Shields,"San Diego, CA",1000,5:46:05,13:12,F 60-64/6,F-61,346,5:46:59,51.58%
850,Gina Grant,"Oceanside, CA",1226,5:46:13,13:13,F 50-54/34,F-54,347,5:46:51,46.81%
851,Norman Suguitan,"San Diego, CA",1047,5:47:21,13:15,M 50-54/60,M-51,504,5:47:40,39.85%
852,Angge McDonald,"Escondido, CA",729,5:47:59,13:17,F 45-49/49,F-47,348,5:48:32,42.66%
853,Tyler Brown,"La Quinta, CA",218,5:48:01,13:17,M 18-24/25,M-23,505,5:48:18,35.33%
854,Robert Doughman,"Poway, CA",357,5:48:23,13:18,M 50-54/61,M-53,506,5:48:33,40.44%
855,Joseph Reilly,"Orange, CA",902,5:48:39,13:18,M 70-74/3,M-73,507,5:48:55,49.39%
856,Capt Joe Cacciola,"Oceanside, CA",235,5:49:02,13:19,M 65-69/12,M-69,508,5:49:53,47.08%
857,Cristina Castro,"Chula Vista, CA",261,5:49:26,13:20,F 40-44/61,F-42,349,5:50:15,40.52%
858,Barbara Lomax,"Vista, CA",666,5:50:38,13:23,F 50-54/35,F-50,350,5:51:18,43.91%
859,Shannon Enright,"La Crescenta, CA",374,5:50:50,13:23,F 40-44/62,F-43,351,5:51:21,40.68%
860,Sherry Owens,"Glendale, CA",834,5:50:50,13:23,F 50-54/36,F-50,352,5:51:21,43.88%
861,Barry Peters,"San Diego, CA",1268,5:53:04,13:28,M 55-59/42,M-59,509,5:53:04,42.16%
862,Tina Conlee,"Santee, CA",298,5:54:06,13:31,F 55-59/18,F-59,353,5:55:00,49.00%
863,Margaret Lopez,"Del Mar, CA",672,5:54:06,13:31,F 50-54/37,F-52,354,5:54:42,44.59%
864,Randy Wolman,"San Diego, CA",1158,5:54:08,13:31,M 60-64/27,M-62,510,5:55:02,43.25%
865,Marlith Austin,"Chula Vista, CA",141,5:55:03,13:33,F 35-39/57,F-35,355,5:55:29,38.43%
866,Praveen Aravapalli,"Redmond, WA",132,5:55:50,13:35,M 25-29/46,M-29,511,5:56:41,34.55%
867,Caitlyn Smith,"San Diego, CA",1019,5:55:55,13:35,F 18-24/28,F-24,356,5:56:44,38.05%
868,Rainier Dela Fuente,"Rancho Cucamonga, CA",337,5:56:06,13:35,M 55-59/43,M-58,512,5:56:32,41.40%
869,Nitin Batchu,"Carlsbad, CA",165,5:56:13,13:36,M 30-34/69,M-31,513,5:57:03,34.52%
870,Jerry Brummet,"Carlsbad, CA",221,5:56:47,13:37,M 50-54/62,M-53,514,5:57:37,39.48%
871,Phillip Ma,"Diamond Bar, CA",690,5:57:24,13:38,M 25-29/47,M-25,515,5:57:58,34.40%
872,John Conner,"Lake Village, AR",299,5:57:26,13:38,M 35-39/66,M-37,516,5:57:54,34.81%
873,Shelley Kincaid,"Huntington Beach, CA",593,5:57:50,13:39,F 50-54/38,F-52,357,5:58:14,44.13%
874,Lindsay Hardaway,"San Diego, CA",475,5:58:57,13:42,F 25-29/41,F-27,358,5:59:26,37.73%
875,Krissie Hermida,"Chula Vista, CA",501,5:59:21,13:43,F 50-54/39,F-52,359,5:59:58,43.94%
876,Michelle Iiyama,"Oceanside, CA",541,5:59:52,13:44,F 45-49/50,F-49,360,6:00:48,42.25%
877,Pamela Tsui,"San Diego, CA",1084,5:59:52,13:44,F 35-39/58,F-39,361,6:00:48,38.57%
878,Gretchen Donndelinger,"Carlsbad, CA",355,6:00:52,13:46,F 60-64/7,F-64,362,6:01:29,51.72%
879,Lorealle-Jade Ordinario,"San Diego, CA",821,6:00:55,13:46,F 25-29/42,F-26,363,6:01:55,37.52%
880,Mark Holborn,"San Marcos, CA",514,6:01:21,13:47,M 55-59/44,M-56,517,6:02:37,40.06%
881,Dawn Frazier,"Marietta, GA",1313,6:01:53,13:49,F 45-49/51,F-48,364,6:02:43,41.51%
882,Robert Shumway,"San Diego, CA",1369,6:02:47,13:51,M 60-64/28,M-60,518,6:02:47,41.42%
883,Raquel Diaz,"29 Palms, CA",1211,6:02:56,13:51,F 35-39/59,F-35,365,6:03:49,37.59%
884,Michael Komai,"San Diego, CA",603,6:04:38,13:55,M 35-39/67,M-39,519,6:05:11,34.47%
885,Christina Tran,"Yuba City, CA",1082,6:04:55,13:56,F 18-24/29,F-21,366,6:05:31,37.11%
886,Vijay Nadig,"San Diego, CA",784,6:05:27,13:57,M 45-49/90,M-49,520,6:05:40,37.22%
887,Daniel Oliver,"Encinitas, CA",817,6:05:29,13:57,M 75-79/1,M-78,521,6:05:41,51.29%
888,Jessica Reynolds,"Chula Vista, CA",909,6:07:02,14:00,F 35-39/60,F-39,367,6:07:55,37.81%
889,Steve Rovner,"Alamo, CA",942,6:08:24,14:04,M 50-54/63,M-51,522,6:09:04,37.57%
890,Carolina Obmina,"Hemet, CA",814,6:10:40,14:09,F 40-44/63,F-41,368,6:11:24,37.92%
891,David Denicholas,"El Cajon, CA",340,6:13:37,14:15,M 45-49/91,M-47,523,6:14:40,35.79%
892,Claudia Aguilar,"San Diego, CA",1181,6:15:22,14:19,F 45-49/52,F-48,369,6:16:21,40.02%
893,Leticia Tena Sprague,"Spring Valley, CA",1072,6:15:22,14:19,F 40-44/64,F-41,370,6:16:21,37.45%
894,Dana Mosell,"Rancho Cucamonga, CA",775,6:17:59,14:25,M 65-69/13,M-65,524,6:18:52,41.74%
895,Philo Short,"Monterey, CA",1004,6:18:12,14:26,M 75-79/2,M-78,525,6:18:24,49.57%
896,Kim Kranz,"Riverside, CA",609,6:18:21,14:26,F 50-54/40,F-52,371,6:19:08,41.74%
897,Michele Tutt,"San Diego, CA",1090,6:19:56,14:30,F 45-49/53,F-46,372,6:20:18,38.64%
898,Marvin Errickson,"San Diego, CA",375,6:20:51,14:32,M 70-74/4,M-73,526,6:20:56,45.22%
899,Kenneth Brydon,"Long Beach, CA",223,6:21:52,14:34,M 55-59/45,M-55,527,6:22:42,37.56%
900,Sawyer Cirillo,"Julian, CA",288,6:26:55,14:46,M 18-24/26,M-22,528,6:27:45,31.78%
901,Nina Hess,"San Marcos, CA",506,6:28:17,14:49,F 55-59/19,F-58,374,6:28:55,44.06%
902,Sheri Morton,"Escondido, CA",773,6:28:17,14:49,F 50-54/41,F-51,373,6:28:55,40.15%
903,Ana Yeager,"Chula Vista, CA",1165,6:28:54,14:50,F 45-49/54,F-48,375,6:29:42,38.62%
904,Linda Horst,"Chula Vista, CA",525,6:29:21,14:51,F 40-44/65,F-42,376,6:30:09,36.37%
905,Julie Harlow,"Imperial Beach, CA",479,6:29:28,14:52,F 30-34/49,F-34,377,6:30:01,34.93%
906,Carmen Roup,"Menifee, CA",940,6:29:36,14:52,F 55-59/20,F-57,378,6:30:13,43.31%
907,Shaina Lauria,"San Diego, CA",639,6:31:36,14:57,F 30-34/50,F-30,379,6:32:11,34.58%
908,Diane Mindrum,"Rancho Cucamonga, CA",755,6:32:03,14:58,F 55-59/21,F-58,380,6:32:08,43.64%
909,Karen Massey,"San Diego, CA",1251,6:33:32,15:01,F 45-49/55,F-47,381,6:34:29,37.72%
910,David Lowther,"San Diego, CA",679,6:33:32,15:01,M 55-59/46,M-57,529,6:34:29,37.12%
911,Dennis Mori,"San Leandro, CA",768,6:34:27,15:03,M 70-74/5,M-70,530,6:34:27,42.09%
912,William Scott,"Long Beach, CA",981,6:37:06,15:09,M 65-69/14,M-66,531,6:37:34,40.12%
913,Jim Partridge,"San Diego, CA",844,6:38:20,15:12,M 65-69/15,M-68,532,6:38:57,40.83%
914,Carlo Pineda,"Alhambra, CA",1330,6:38:35,15:13,M 40-44/67,M-43,533,6:40:02,32.45%
915,Itzel Gutierrez,"Irvine, CA",460,6:40:02,15:16,F 18-24/30,F-22,382,6:40:02,33.85%
916,Judy Zettle,"Saint Louis, MO",1337,6:46:25,15:31,F 50-54/42,F-52,383,6:46:31,38.85%
917,Tim Stanislawski,"Redondo Beach, CA",1034,6:46:26,15:31,M 50-54/64,M-52,534,6:47:32,34.35%
918,Diane Durden,"Twentynine Palms, CA",1214,6:46:43,15:31,F 50-54/43,F-51,384,6:47:10,38.33%
919,Lane Weiss,"Sloughhouse, CA",1300,7:01:28,16:05,M 60-64/29,M-61,535,7:02:19,35.99%
920,Jeff Palmquist,"Lodi, CA",2984,7:01:28,16:05,M 40-44/68,M-41,536,7:02:19,30.21%
921,Mary Balce,"San Diego, CA",150,7:03:44,16:10,F 40-44/66,F-44,385,7:03:49,33.98%
922,Renee Bailey,"Tucson, AZ",147,7:11:03,16:27,F 40-44/67,F-40,386,7:11:51,32.39%
923,Kristy Macmurray,"Twentynine Palms, CA",693,7:11:09,16:27,F 35-39/61,F-39,387,7:12:01,32.19%
924,Lane Brown,"Twentynine Palms, CA",1364,7:11:11,16:27,F 35-39/62,F-36,388,7:12:03,31.75%
