Place,Name,Location,Bib,Net Time,Pace,Division/Place,Sex-Age,Sex-Place,Gun Time,Age Grade
1,Demesse Tefera,"Ethiopia, ",36,2:27:28,5:38,M 25-29/0,M-28,1,2:27:28,84.72%
2,Shingirai Badza,"Zimbabwe, ",6,2:29:11,5:42,M 35-39/0,M-36,2,2:29:11,83.83%
3,Sergio Gonzalez,"San Marcos, CA",22,2:30:28,5:45,M 18-24/0,M-24,3,2:30:28,83.03%
4,David Kloz,"Oceanside, CA",18,2:37:47,6:02,M 35-39/1,M-35,4,2:37:49,79.18%
5,Goncalino Almeida,"Arcadia, CA",30,2:42:04,6:11,M 18-24/1,M-24,5,2:42:05,77.09%
6,Jonathan Macneil,"Monrovia, CA",1036,2:42:48,6:13,M 18-24/2,M-24,6,2:42:49,76.74%
7,Mary Akor,"Hawthorne, CA",32,2:45:51,6:20,F 30-34/0,F-34,1,2:45:51,82.52%
8,Emily Belli,"San Diego, CA",14,2:46:18,6:21,F 30-34/0,F-33,2,2:46:18,81.99%
9,Philip Tinstman,"San Marcos, CA",1619,2:46:44,6:22,M 35-39/2,M-36,7,2:46:47,75.01%
10,Tim Gunther,"Carlsbad, CA",747,2:47:01,6:23,M 30-34/1,M-32,8,2:47:03,74.80%
11,Robert Hilton,"Oceanside, CA",817,2:47:10,6:23,M 35-39/3,M-37,9,2:47:12,75.03%
12,Rejean Bourgouin,"CANADA, ",347,2:47:53,6:25,M 50-54/1,M-53,10,2:47:55,85.36%
13,Joey Bonfiglio,"Carlsbad, CA",20,2:48:53,6:27,F 30-34/0,F-34,3,2:48:53,81.04%
14,Nick Spicuzza,"El Cajon, CA",1544,2:49:14,6:28,M 35-39/4,M-39,11,2:49:16,75.02%
15,Andrew Marchi,"Carlsbad, CA",1056,2:53:08,6:37,M 30-34/2,M-33,12,2:53:09,72.16%
16,Joe Buckentine,"Saint Cloud, MN",383,2:55:22,6:42,M 45-49/1,M-47,13,2:55:25,77.45%
17,Alexander Fan,"Arcadia, CA",618,2:57:41,6:47,M 18-24/3,M-24,14,2:57:43,70.31%
18,Haley Cooper-Scott,"Spokane, WA",34,2:58:28,6:49,F 30-34/1,F-30,4,2:58:30,75.91%
19,Christine Kenney,"New York, NY",910,2:59:30,6:51,F 30-34/2,F-32,5,2:59:32,75.74%
20,Andrew Minck,"Brooklyn, NY",1135,2:59:42,6:52,M 25-29/1,M-26,15,2:59:46,69.52%
21,Jeffrey Scudder,"San Diego, CA",1479,2:59:52,6:52,M 35-39/5,M-39,16,2:59:57,70.59%
22,Randy Lum,"San Diego, CA",1847,2:59:53,6:52,M 30-34/3,M-31,17,2:59:56,69.45%
23,Ross Dammann,"San Diego, CA",1820,3:00:00,6:52,M 30-34/4,M-34,18,3:00:00,69.40%
24,Dan Rusert,"Solana Beach, CA",1430,3:02:08,6:57,M 30-34/5,M-31,19,3:02:11,68.59%
25,Adam Forman,"Seattle, WA",1790,3:02:29,6:58,M 25-29/2,M-26,20,3:02:31,68.46%
26,Julie Brekke,"San Diego, CA",16,3:03:16,7:00,F 35-39/1,F-37,6,3:03:19,75.93%
27,Brian Banko,"Spring Valley, CA",287,3:03:53,7:01,M 25-29/3,M-29,21,3:03:57,67.93%
28,Robert Bender,"Encinitas, CA",313,3:04:16,7:02,M 25-29/4,M-25,22,3:04:21,67.80%
29,Sung Ho Choi,"Jacksonville, FL",457,3:05:17,7:05,M 30-34/6,M-34,23,3:05:19,67.43%
30,David Easa,"Encinitas, CA",24,3:05:44,7:06,M 35-39/6,M-36,24,3:05:47,67.33%
31,Morgan Sjogren,"San Marcos, CA",26,3:05:44,7:06,F 18-24/1,F-24,7,3:05:47,72.92%
32,David Li,"San Francisco, CA",993,3:05:59,7:06,M 25-29/5,M-26,25,3:06:01,67.17%
33,Joseph Beckerley,"San Diego, CA",306,3:06:05,7:06,M 30-34/7,M-32,26,3:06:07,67.14%
34,Ethan Senturia,"Solana Beach, CA",1486,3:06:33,7:07,M 25-29/6,M-25,27,3:06:40,66.97%
35,Ritanne O'Brien,"Philadelphia, PA",1214,3:07:39,7:10,F 30-34/3,F-32,8,3:07:43,72.45%
36,Tom Macrae,"Coronado, CA",1039,3:07:41,7:10,M 45-49/2,M-45,28,3:07:46,71.13%
37,John Heisner,"Oceanside, CA",792,3:08:45,7:12,M 45-49/3,M-45,29,3:08:47,70.73%
38,Christian Vanblommestein,"San Diego, CA",1840,3:08:48,7:13,M 25-29/7,M-29,30,3:08:48,66.17%
39,Gregory Benson,"San Francisco, CA",316,3:08:51,7:13,M 25-29/8,M-27,31,3:08:57,66.15%
40,Ernest Remillard,"San Diego, CA",1370,3:09:17,7:14,M 30-34/8,M-30,32,3:09:20,66.00%
41,Jolene Vanyo,"San Diego, CA",28,3:09:25,7:14,F 30-34/4,F-33,9,3:09:27,71.98%
42,Garrett Sheehan,"San Diego, CA",1495,3:09:31,7:14,M 25-29/9,M-28,33,3:09:33,65.92%
43,Darinel Lopez,"Carlsbad, CA",1007,3:10:00,7:15,M 18-24/4,M-22,34,3:10:18,65.79%
44,Mosi Smith,"Annapolis, MD",1526,3:10:00,7:15,M 25-29/10,M-28,35,3:10:05,65.75%
45,Terry Mattoon,"San Diego, CA",1072,3:10:01,7:15,M 50-54/2,M-54,36,3:10:05,76.12%
46,Dale Haas,"San Diego, CA",750,3:10:56,7:17,M 55-59/1,M-56,37,3:10:59,77.20%
47,Roger Saenz,"Cardiff, CA",1440,3:11:09,7:18,M 45-49/4,M-48,38,3:11:13,71.68%
48,Michael Phillippi,"San Diego, CA",1301,3:11:26,7:19,M 40-44/1,M-43,39,3:11:29,68.56%
49,Cody Silva,"San Diego, CA",1508,3:12:19,7:21,M 25-29/11,M-25,40,3:12:24,64.96%
50,Michael Stange,"San Diego, CA",1549,3:12:29,7:21,M 40-44/2,M-40,41,3:12:32,66.51%
51,Marvin Rodriguez,"N Hollywood, CA",1399,3:12:31,7:21,M 30-34/9,M-31,42,3:12:34,64.89%
52,Michael Brown,"San Marcos, CA",373,3:13:09,7:22,M 25-29/12,M-29,43,3:13:14,64.68%
53,Keith Burns,"El Cajon, CA",394,3:13:09,7:23,M 60-64/1,M-60,44,3:13:14,79.31%
54,Hans Ouellet,"San Diego, CA",1238,3:13:14,7:23,M 40-44/3,M-42,45,3:13:17,67.35%
55,Thomas Stratton,"Carlsbad, CA",1811,3:13:48,7:24,M 50-54/3,M-50,46,3:13:52,71.97%
56,Brendan Purdy,"Camarillo, CA",1345,3:14:17,7:25,M 30-34/10,M-32,47,3:14:20,64.30%
57,Darren Brown,"Carlsbad, CA",371,3:14:26,7:25,M 35-39/7,M-37,48,3:14:31,64.51%
58,Christopher Mosunic,"Easton, CT",1165,3:14:33,7:26,M 35-39/8,M-38,49,3:14:37,64.80%
59,Glenn Racz,"Carlsbad, CA",1836,3:15:00,7:27,M 30-34/11,M-31,50,3:15:00,64.07%
60,Buddy Carr,"Carlsbad, CA",422,3:15:10,7:27,M 40-44/4,M-44,51,3:15:48,67.81%
61,Jon Rust,"Camarillo, CA",1432,3:15:26,7:28,M 40-44/5,M-40,52,3:15:29,65.50%
62,Rob Gattis,"Ladera Ranch, CA",691,3:15:27,7:28,M 35-39/9,M-39,53,3:15:30,64.96%
63,Lindsey McKown,"Pacifica, CA",1108,3:15:53,7:29,F 18-24/2,F-23,10,3:16:00,69.14%
64,Jake Moore,"Winston Salem, NC",1150,3:16:13,7:30,M 40-44/6,M-42,54,3:16:17,66.33%
65,Denis McDaniel,"San Diego, CA",1091,3:17:04,7:31,M 50-54/4,M-50,55,3:17:07,70.78%
66,Ingrid Walters,"Santa Monica, CA",1698,3:17:06,7:32,F 35-39/2,F-39,11,3:17:10,71.71%
67,Jean Hyde,"Monterey, CA",849,3:17:07,7:32,F 25-29/1,F-27,12,3:17:10,68.70%
68,John Korfmacher,"Fort Collins, CO",941,3:17:25,7:32,M 45-49/5,M-45,56,3:17:28,67.62%
69,Colin Truex,"San Diego, CA",1637,3:17:49,7:33,M 30-34/12,M-32,57,3:17:55,63.15%
70,Michael Rubio,"Pine Mountain Club, CA",1427,3:18:25,7:35,M 40-44/7,M-40,58,3:18:32,64.52%
71,Robert Dush,"San Diego, CA",580,3:18:45,7:35,M 30-34/13,M-32,59,3:19:01,62.86%
72,David Pfeiffer,"San Juan Capistrano, CA",1299,3:19:35,7:37,M 45-49/6,M-45,60,3:19:39,66.89%
73,John Derose,"Boulder, CO",537,3:19:35,7:37,M 40-44/8,M-40,61,3:19:38,64.14%
74,Casper Shih,"Arcadia, CA",1497,3:19:59,7:38,M 18-24/5,M-24,62,3:20:01,62.47%
75,David Raigoza,"Vista, CA",1350,3:20:16,7:39,M 40-44/9,M-44,63,3:20:20,66.08%
76,Neil Barry,"San Marcos, CA",296,3:20:24,7:39,M 30-34/14,M-32,64,3:20:28,62.34%
77,Jaime Perez,"Claremont, CA",1287,3:20:35,7:40,M 40-44/10,M-42,65,3:20:40,64.88%
78,Jim McNevin,"Escondido, CA",1832,3:20:45,7:40,M 50-54/5,M-53,66,3:20:45,71.39%
79,Jaime Molyneux,"Philadelphia, PA",1142,3:22:08,7:43,F 30-34/5,F-31,13,3:22:11,67.11%
80,Shannon Orr,"San Diego, CA",1232,3:22:18,7:43,F 30-34/6,F-33,14,3:22:20,67.40%
81,Jennifer Matthews,"Carlsbad, CA",1071,3:22:29,7:44,F 35-39/3,F-37,15,3:22:37,68.73%
82,Tim Jakubek,"Neenah, WI",867,3:23:09,7:45,M 30-34/15,M-31,67,3:23:15,61.49%
83,Ryan Coughlin,"San Diego, CA",490,3:23:14,7:46,M 30-34/16,M-30,68,3:23:20,61.47%
84,Jacob Morris,"San Diego, CA",1159,3:23:29,7:46,M 25-29/13,M-29,69,3:23:36,61.39%
85,Leigh Adams,"San Marcos, CA",208,3:23:31,7:46,F 30-34/7,F-33,16,3:23:34,66.99%
86,Tony Donagrechia,"Redondo Beach, CA",557,3:24:09,7:48,M 50-54/6,M-54,70,3:24:13,70.85%
87,Marc Frommer,"Portland, OR",672,3:24:17,7:48,M 55-59/2,M-58,71,3:24:32,73.54%
88,Kevin Dougherty,"San Diego, CA",561,3:24:22,7:48,M 30-34/17,M-33,72,3:24:29,61.13%
89,Doug Hanson,"Solana Beach, CA",768,3:24:39,7:49,M 30-34/18,M-34,73,3:24:43,61.04%
90,Erin Burhans,"San Marcos, CA",392,3:25:25,7:51,F 35-39/4,F-38,17,3:25:31,68.25%
91,Kendall Combs,"Hollister, MO",1786,3:25:36,7:51,M 50-54/7,M-52,74,3:29:41,69.07%
92,Craig Stoller,"Amherst, NH",1561,3:26:24,7:53,M 50-54/8,M-50,75,3:26:34,67.58%
93,Conor Drake,"San Diego, CA",564,3:26:26,7:53,M 25-29/14,M-25,76,3:26:34,60.52%
94,Michael Stowers,"El Cajon, CA",1564,3:26:30,7:53,M 40-44/11,M-43,77,3:26:35,63.56%
95,Richard Sachs,"Thousand Oaks, CA",1437,3:26:38,7:53,M 25-29/15,M-28,78,3:26:42,60.46%
96,Oren Petranker,"New York, NY",1296,3:26:48,7:54,M 25-29/16,M-29,79,3:26:54,60.41%
97,Eric Heiser,"San Diego, CA",1793,3:27:27,7:55,M 35-39/10,M-37,80,3:27:32,60.46%
98,Robert Shackelford,"San Diego, CA",1488,3:27:41,7:56,M 40-44/12,M-42,81,3:27:49,62.66%
99,Colin Eckelman,"San Diego, CA",584,3:27:42,7:56,M 45-49/7,M-49,82,3:27:45,66.55%
100,Chris Hansen,"Escondido, CA",765,3:27:47,7:56,M 35-39/11,M-36,83,3:27:51,60.19%
1001,Allison Shultz,"San Diego, CA",1505,5:19:45,12:12,F 25-29/54,F-25,391,5:20:11,42.35%
1002,Maia Youngbrandt,"San Clemente, CA",1768,5:19:46,12:12,F 30-34/83,F-32,392,5:20:23,42.51%
1003,Gregory Dowell,"Carlsbad, CA",562,5:20:25,12:14,M 55-59/30,M-57,611,5:20:44,46.44%
1004,Marla Wheeler,"Hanford, CA",1712,5:20:59,12:15,F 35-39/85,F-35,393,5:21:34,42.84%
1005,Joshua Wheeler,"Hanford, CA",1711,5:20:59,12:15,M 35-39/100,M-37,612,5:21:34,39.07%
1006,Daniel Cichasky,"Carlsbad, CA",461,5:21:36,12:16,M 55-59/31,M-55,613,5:22:18,45.40%
1007,Jerry Nairn,"Chandler, AZ",1183,5:21:49,12:17,M 50-54/45,M-51,614,5:22:14,43.73%
1008,Mary Ann Ayson,"Lynnwood, WA",265,5:22:00,12:17,F 30-34/84,F-34,394,5:22:40,42.50%
1009,Mike Wood,"San Diego, CA",1749,5:22:00,12:17,M 65-69/6,M-68,615,5:22:47,51.63%
1010,Thomas Cunningham,"Altadena, CA",503,5:22:15,12:18,M 25-29/87,M-28,616,5:22:29,38.77%
1011,Jason Rosete,"Chula Vista, CA",1416,5:22:34,12:19,M 18-24/27,M-24,617,5:22:57,38.73%
1012,Jennifer Valentine,"Vista, CA",1656,5:23:06,12:20,F 30-34/85,F-31,395,5:23:25,41.99%
1013,Curtis Marshall,"Papaikou, HI",1059,5:23:55,12:22,M 60-64/23,M-61,618,5:24:27,47.76%
1014,Sabrina Lamb,"Oceanside, CA",1843,5:23:57,12:22,F 30-34/86,F-32,396,5:24:34,41.96%
1015,Ryan Bohan,"Santee, CA",336,5:24:06,12:22,M 25-29/88,M-29,619,5:24:41,38.54%
1016,Tami Mousty,"San Diego, CA",1168,5:24:21,12:23,F 45-49/45,F-49,397,5:24:59,48.95%
1017,Ji Chae,"Orange, CA",437,5:25:13,12:25,F 35-39/86,F-35,398,5:25:36,42.28%
1018,Jennifer Felker,"San Diego, CA",627,5:25:27,12:25,F 35-39/87,F-38,399,5:25:59,43.08%
1019,Dan Weeks,"Poway, CA",1702,5:25:42,12:26,M 50-54/46,M-51,620,5:26:23,43.21%
1020,Sherri Vanwey,"Leavenworth, KS",1667,5:26:02,12:27,F 45-49/46,F-49,400,5:26:44,48.70%
1021,Matthew Williams,"San Diego, CA",1732,5:26:16,12:27,M 25-29/89,M-28,621,5:26:56,38.29%
1022,Barbara Lomax,"Vista, CA",1005,5:26:36,12:28,F 40-44/56,F-44,401,5:27:21,45.70%
1023,Ericka Ackeret,"Walnut Creek, CA",206,5:26:49,12:28,F 25-29/55,F-27,402,5:27:06,41.44%
1024,Barry Morrell,"CANADA, ",1158,5:27:38,12:30,M 50-54/47,M-50,622,5:28:05,42.57%
1025,Kellie Herndon,"San Jose, CA",804,5:27:49,12:31,F 25-29/56,F-29,403,5:28:13,41.31%
1026,Terry Spann,"Carlsbad, CA",1540,5:28:00,12:31,F 45-49/47,F-45,404,5:28:51,46.05%
1027,Kim Hilliard,"Carlsbad, CA",816,5:28:00,12:31,F 45-49/48,F-45,405,5:28:52,46.05%
1028,Stephen Vasquez,"Oceanside, CA",1669,5:28:20,12:32,M 25-29/90,M-27,623,5:28:48,38.05%
1029,Susan Schaffer-Mualin,"San Diego, CA",1457,5:28:26,12:32,F 40-44/57,F-40,406,5:28:54,43.44%
1030,Eva Caceres,"San Diego, CA",408,5:28:29,12:32,F 55-59/7,F-55,407,5:28:57,52.35%
1031,Alfonso Gomez,"La Mesa, CA",714,5:28:35,12:32,M 40-44/113,M-44,624,5:28:57,40.28%
1032,Khalil Ashtari,"San Diego, CA",261,5:29:25,12:34,M 55-59/32,M-58,625,5:29:37,45.60%
1033,Gerardo Castro,"MEXICO, ",431,5:29:30,12:35,M 50-54/48,M-54,626,5:30:13,43.90%
1034,Mary Oyster,"Laguna Beach, CA",1245,5:30:00,12:36,F 25-29/57,F-29,408,5:30:44,41.04%
1035,Paul Schmeling,"San Diego, CA",1463,5:30:06,12:36,M 40-44/114,M-41,627,5:30:36,39.10%
1036,Trina Limberg,"San Diego, CA",997,5:30:07,12:36,F 50-54/24,F-51,409,5:30:50,49.36%
1037,Candida Granillo,"San Diego, CA",728,5:30:53,12:38,F 25-29/58,F-28,410,5:31:18,40.93%
1038,Kiki Rich,"Salt Lake City, UT",1374,5:31:18,12:39,F 35-39/88,F-37,411,5:31:40,42.00%
1039,Gedeon Pagarigan,"Redlands, CA",1248,5:31:49,12:40,M 40-44/115,M-40,628,5:32:08,38.58%
1040,Malee Tobias,"Carlsbad, CA",1621,5:31:59,12:40,F 40-44/58,F-40,412,5:32:39,42.97%
1041,Greg Nagy,"San Diego, CA",1182,5:32:15,12:41,M 45-49/75,M-47,629,5:32:42,40.88%
1042,Ubaldo Riboni,"San Diego, CA",1373,5:32:30,12:41,M 35-39/101,M-36,630,5:33:02,37.61%
1043,Leo Riboni,"San Diego, CA",1372,5:32:31,12:41,M 40-44/116,M-40,631,5:33:02,38.50%
1044,Kenneth Edwards,"Alpine, CA",587,5:32:45,12:42,M 55-59/33,M-58,632,5:32:45,45.15%
1045,Brian Towle,"San Diego, CA",1625,5:33:12,12:43,M 50-54/49,M-53,633,5:33:17,43.01%
1046,Lynette Rogers,"Glendale, AZ",1404,5:33:14,12:43,F 35-39/89,F-38,413,5:33:37,42.07%
1047,Antonio Pena,"Victorville, CA",1281,5:33:20,12:43,M 45-49/76,M-47,634,5:33:56,40.75%
1048,Murat Ertas,"San Diego, CA",606,5:33:30,12:44,M 45-49/77,M-48,635,5:34:04,41.08%
1049,Wendy Brann,"Vista, CA",356,5:33:53,12:45,F 40-44/59,F-41,414,5:34:11,43.17%
1050,Marla Wagner,"Escondido, CA",1689,5:34:08,12:45,F 40-44/60,F-41,415,5:34:46,43.13%
1051,Amy Jamison,"Lake Elsinore, CA",868,5:34:34,12:46,F 35-39/90,F-39,416,5:35:08,42.25%
1052,Matt Schmidt,"Rockton, IL",1466,5:35:03,12:47,M 50-54/50,M-54,636,5:35:46,43.17%
1053,Chelsea Marti,"San Diego, CA",1062,5:35:16,12:48,F 25-29/59,F-28,417,5:35:16,40.39%
1054,Leticia Tena,"San Diego, CA",1602,5:36:20,12:50,F 35-39/91,F-35,418,5:37:01,40.88%
1055,Smita Kolhatkar,"Palo Alto, CA",937,5:36:44,12:51,F 45-49/49,F-45,419,5:37:20,44.86%
1056,Cyndy Collins,"San Diego, CA",474,5:36:45,12:51,F 50-54/25,F-51,420,5:37:11,48.39%
1057,Judith Silberman,"San Diego, CA",1507,5:37:06,12:52,F 55-59/8,F-57,421,5:37:51,52.46%
1058,Michael Tilton,"Costa Mesa, CA",1615,5:37:59,12:54,M 25-29/91,M-29,637,5:38:20,36.96%
1059,Mitch Cullins,"San Marcos, CA",501,5:38:45,12:56,M 40-44/117,M-42,638,5:39:24,38.42%
1060,Nicole Even,"San Diego, CA",615,5:38:53,12:56,F 25-29/60,F-26,422,5:39:34,39.96%
1061,Shalini Nageswaran,"La Jolla, CA",1181,5:39:08,12:57,F 18-24/31,F-24,423,5:39:31,39.93%
1062,John McGuigan,"San Diego, CA",1102,5:39:17,12:57,M 35-39/102,M-39,639,5:39:39,37.42%
1063,Jacklyn Lowe,"San Diego, CA",1014,5:39:37,12:58,F 45-49/50,F-47,424,5:40:22,45.59%
1064,Erin Kilpatrick,"San Diego, CA",918,5:39:47,12:58,F 30-34/87,F-30,425,5:43:33,39.87%
1065,Greg Tolle,"Murrieta, CA",1623,5:39:50,12:58,M 50-54/51,M-50,640,5:40:16,41.04%
1066,Edward Macphee,"San Diego, CA",1037,5:40:29,13:00,M 25-29/92,M-27,641,5:40:56,36.69%
1067,Karen Neitzel,"Hood River, OR",1191,5:41:31,13:02,F 40-44/61,F-41,426,5:42:03,42.20%
1068,Captain Joe Cacciola,"Oceanside, CA",407,5:41:37,13:02,M 60-64/24,M-63,642,5:42:29,46.20%
1069,Samantha Peskuski,"Oceanside, CA",1290,5:42:47,13:05,F 25-29/61,F-26,427,5:45:28,39.51%
1070,Bianca Robinson,"Oceanside, CA",1394,5:42:51,13:05,F 18-24/32,F-21,428,5:45:29,39.50%
1071,Li Tai,"San Diego, CA",1589,5:43:08,13:06,F 40-44/62,F-41,429,5:43:33,42.00%
1072,Aaron Olbur,"San Diego, CA",1227,5:43:43,13:07,M 25-29/93,M-25,643,5:44:53,36.34%
1073,Jeremiah Timog,"National City, CA",1618,5:44:06,13:08,M 35-39/103,M-37,644,5:44:35,36.45%
1074,Antonette Antonio,"San Diego, CA",245,5:44:24,13:09,F 25-29/62,F-25,430,5:45:12,39.32%
1075,Nathaniel Panis,"San Diego, CA",1254,5:44:27,13:09,M 18-24/28,M-23,645,5:45:15,36.27%
1076,Patrick Van Horne,"Cardiff, CA",1659,5:44:34,13:09,M 25-29/94,M-27,646,5:45:27,36.26%
1077,Nathan Lynch,"Hemet, CA",1025,5:44:39,13:09,M 30-34/103,M-33,647,5:45:32,36.25%
1078,James Carey,"Silverado, CA",416,5:44:39,13:09,M 18-24/29,M-23,648,5:45:32,36.25%
1079,Fernando Abundis,"Murrieta, CA",204,5:44:42,13:09,M 30-34/104,M-30,649,5:45:35,36.24%
1080,Dawn Levine,"Vista, CA",990,5:44:47,13:09,F 45-49/51,F-48,431,5:45:32,45.47%
1081,Laura McGrady,"Carlsbad, CA",1101,5:44:48,13:10,F 45-49/52,F-49,432,5:45:33,46.05%
1082,Daniel Hill,"Oceanside, CA",815,5:44:48,13:10,M 25-29/95,M-26,650,5:45:41,36.23%
1083,Denise Hanson,"Newport Beach, CA",767,5:45:06,13:10,F 35-39/92,F-35,433,5:45:34,39.85%
1084,Mary Anderson,"Jamul, CA",237,5:45:17,13:11,F 50-54/26,F-52,434,5:45:58,47.82%
1085,Randy Wolman,"San Diego, CA",1744,5:45:30,13:11,M 55-59/34,M-56,651,5:46:07,42.66%
1086,Shane Huckabee,"San Diego, CA",834,5:45:31,13:11,F 50-54/27,F-52,435,5:46:08,47.79%
1087,Tim Hampton,"El Cajon, CA",761,5:45:39,13:11,M 60-64/25,M-61,652,5:46:16,44.76%
1088,Joseph Taricani,"Newport Beach, CA",1595,5:45:46,13:12,M 50-54/52,M-52,653,5:48:08,41.07%
1089,Kiet Ly,"San Marcos, CA",1024,5:46:03,13:12,M 35-39/104,M-39,654,5:46:28,36.69%
1090,Kendall Chuang,"San Diego, CA",460,5:46:59,13:15,M 25-29/96,M-28,655,5:47:42,36.00%
1091,Michalyn Harbison,"San Diego, CA",769,5:46:59,13:15,F 25-29/63,F-27,436,5:47:41,39.03%
1092,Jeannette Macmillan,"San Francisco, CA",1035,5:47:03,13:15,F 30-34/88,F-30,437,5:47:26,39.04%
1093,Amy Donarico,"San Diego, CA",558,5:47:10,13:15,F 40-44/63,F-43,438,5:47:59,42.48%
1094,Joan Mimnaugh,"San Diego, CA",1133,5:47:12,13:15,F 50-54/28,F-53,439,5:47:54,48.20%
1095,John Lally,"Imperial Beach, CA",959,5:47:12,13:15,M 40-44/118,M-42,656,5:47:54,37.48%
1096,Amy Seiberlich,"San Diego, CA",1483,5:47:56,13:17,F 25-29/64,F-27,440,5:48:41,38.92%
1097,Jan Baker,"Seguin, TX",277,5:48:09,13:17,F 50-54/29,F-51,441,5:48:42,46.80%
1098,Jen Richardson,"San Diego, CA",1377,5:48:14,13:17,F 35-39/93,F-35,442,5:48:57,39.49%
1099,Richard Gardner,"San Diego, CA",685,5:49:56,13:21,M 75-79/1,M-76,657,5:50:25,52.76%
1100,Yvonne Rico,"Lemon Grove, CA",1381,5:50:13,13:22,F 30-34/89,F-32,443,5:50:55,38.82%
1101,Mary Schlunsen,"San Diego, CA",1462,5:50:13,13:22,F 25-29/65,F-28,444,5:50:55,38.67%
1102,Hemang Shah,"San Diego, CA",1490,5:51:02,13:24,M 30-34/105,M-30,658,5:51:29,35.59%
1103,Katie Bringe,"Scottsdale, AZ",363,5:51:11,13:24,F 30-34/90,F-30,445,5:51:45,38.58%
1104,Harrell Jones,"Carlsbad, CA",887,5:51:36,13:25,M 55-59/35,M-56,659,5:52:02,41.92%
1105,Satoshi Kiyokawa,"Carlsbad, CA",929,5:52:33,13:27,M 35-39/105,M-37,660,5:53:16,35.58%
1106,Angela Townsend,"Oceanside, CA",1628,5:52:52,13:28,F 35-39/94,F-36,446,5:53:13,39.18%
1107,Shenandoah Turner,"Imperial Beach, CA",1646,5:52:55,13:28,F 35-39/95,F-39,447,5:53:13,40.05%
1108,Bryon Solberg,"San Diego, CA",1531,5:53:02,13:28,M 45-49/78,M-49,661,5:53:25,39.15%
1109,Rachel Russell,"Lake Forest, CA",1431,5:53:20,13:29,F 30-34/91,F-32,448,5:53:53,38.47%
1110,Amy Perez,"San Diego, CA",1286,5:53:34,13:30,F 35-39/96,F-39,449,5:53:34,39.98%
1111,Matthew Deskin,"Carlsbad, CA",538,5:53:39,13:30,M 55-59/36,M-56,662,5:54:17,41.68%
1112,Abbey Arechiga,"Oceanside, CA",249,5:53:53,13:30,F 18-24/33,F-22,450,5:56:28,38.27%
1113,Kim Leight,"Tempe, AZ",984,5:54:14,13:31,F 50-54/30,F-53,451,5:55:00,47.24%
1114,Rachel Gloria,"San Diego, CA",709,5:54:48,13:32,F 18-24/34,F-23,452,5:57:35,38.17%
1115,Michelle Palmer,"Irvine, CA",1252,5:54:57,13:33,F 60-64/7,F-60,453,5:55:31,52.05%
1116,Joseph Reilly,"Orange, CA",1365,5:54:57,13:33,M 65-69/7,M-67,663,5:55:31,46.35%
1117,Rebecca Lopez,"Riverside, CA",1010,5:55:54,13:35,F 30-34/92,F-31,454,5:56:37,38.12%
1118,Dennis Mori,"San Leandro, CA",1157,5:56:55,13:37,M 60-64/26,M-64,664,5:57:36,44.67%
1119,Tim Rizor,"San Pedro, CA",1390,5:56:55,13:37,M 30-34/106,M-34,665,5:57:43,35.00%
1120,Virginia Panter,"Rio Rancho, NM",1257,5:57:28,13:39,F 50-54/31,F-53,455,5:58:11,46.81%
1121,Nancy Wright,"Camp Pendleton, CA",1756,5:57:28,13:39,F 30-34/93,F-31,456,5:58:11,37.95%
1122,Khirstine Lumban,"Ontario, CA",1021,5:57:46,13:39,F 25-29/66,F-27,457,5:58:35,37.85%
1123,Brad McGee,"Vista, CA",1099,5:58:05,13:40,M 50-54/53,M-50,666,5:58:54,38.95%
1124,Xico Alarcon,"El Cajon, CA",222,5:58:14,13:40,M 25-29/97,M-27,667,5:58:34,34.87%
1125,Sergio Lopez Garcia,"MEXICO, ",1012,5:58:46,13:41,M 65-69/8,M-66,668,5:59:30,45.38%
1126,Gail Campofiore,"Walnut, CA",412,5:58:52,13:42,F 60-64/8,F-63,458,5:59:36,53.89%
1127,Dana Mosell,"Walnut, CA",1163,5:58:55,13:42,M 55-59/37,M-59,669,5:59:34,42.26%
1128,Paul Davies,"Temecula, CA",517,5:59:01,13:42,M 45-49/79,M-48,670,5:59:15,38.16%
1129,Ruth Roth,"GERMANY, ",1420,5:59:10,13:42,F 55-59/9,F-58,459,5:59:50,49.95%
1130,Janice Crawford,"Chandler, AZ",496,5:59:13,13:43,F 50-54/32,F-54,460,5:59:59,47.22%
1131,Beth Belk,"San Diego, CA",310,6:00:01,13:44,F 30-34/94,F-31,461,6:00:43,37.68%
1132,Allison Flanigan,"San Diego, CA",644,6:00:44,13:46,F 25-29/67,F-25,462,6:01:12,37.54%
1133,William Rodriguez,"Lakeside, CA",1400,6:01:03,13:47,M 25-29/98,M-29,671,6:01:31,34.60%
1134,Marjorie Francisco,"San Diego, CA",661,6:03:10,13:52,F 25-29/68,F-25,463,6:03:56,37.29%
1135,Phillip Unthank,"San Diego, CA",1652,6:03:20,13:52,M 35-39/106,M-37,672,6:03:55,34.52%
1136,Prescott Unutoa,"San Marcos, CA",1653,6:07:35,14:02,M 35-39/107,M-35,673,6:08:16,33.98%
1137,Mary Gallagher,"Florissant, MO",679,6:08:17,14:03,F 45-49/53,F-47,464,6:08:59,42.04%
1138,Dusty Dunn,"Aliso Viejo, CA",574,6:09:40,14:06,M 35-39/108,M-35,674,6:10:02,33.79%
1139,Belinda Walker,"Riverside, CA",1690,6:11:22,14:10,F 50-54/33,F-51,465,6:11:48,43.88%
1140,Josie Babin,"San Diego, CA",268,6:12:53,14:14,F 35-39/97,F-39,466,6:13:35,37.90%
1141,Romina Rivera,"Oceanside, CA",1387,6:16:37,14:22,F 30-34/95,F-31,467,6:19:11,36.02%
1142,Erica Inderwick,"Poway, CA",855,6:18:16,14:26,F 30-34/96,F-33,468,6:18:53,36.04%
1143,Xanthe Belsky,"Campo, CA",311,6:20:19,14:31,F 40-44/64,F-40,469,6:22:38,37.51%
1144,Susan Ryan,"Escondido, CA",1434,6:23:55,14:39,F 50-54/34,F-54,470,6:24:39,44.18%
1145,Jim Stam,"Encinitas, CA",1809,6:24:40,14:41,M 55-59/38,M-58,675,6:25:37,39.05%
1146,Sherry Tapia,"San Diego, CA",1594,6:24:43,14:41,F 40-44/65,F-43,471,6:25:21,38.33%
1147,Patricia Castillo,"Carlsbad, CA",428,6:30:22,14:54,F 35-39/98,F-36,472,6:31:04,35.42%
1148,Zsane' Williams,"Murrieta, CA",1734,6:33:17,15:00,F 30-34/97,F-30,473,6:34:00,34.45%
1149,Gretchen Marsa,"Carlsbad, CA",1058,6:33:26,15:01,F 25-29/69,F-29,474,6:34:11,34.42%
1150,Mei-Ling Marshall,"San Diego, CA",1060,6:33:32,15:01,F 35-39/99,F-39,475,6:34:03,35.92%
1151,Sarah Marshall,"Papaikou, HI",1061,6:33:33,15:01,F 35-39/100,F-35,476,6:34:04,34.94%
1152,Rommel Tawatao,"Carlsbad, CA",1597,6:34:38,15:04,M 30-34/107,M-33,676,6:35:35,31.66%
1153,Sara Mettlen,"Leavenworth, KS",1124,6:34:54,15:04,F 25-29/70,F-25,477,6:35:35,34.29%
1154,Jina Lee,"San Diego, CA",978,6:35:37,15:06,F 30-34/98,F-34,478,6:36:10,34.59%
1155,Andrew Hudson,"San Diego, CA",835,6:35:37,15:06,M 45-49/80,M-47,677,6:36:11,34.33%
1156,Trudy Morehart,"Glendora, CA",1153,6:35:38,15:06,F 45-49/54,F-46,479,6:36:11,38.65%
1157,Rita Rizor,"San Pedro, CA",1389,6:38:14,15:12,F 30-34/99,F-34,480,6:39:00,34.37%
1158,Lou Wilson,"The Woodlands, TX",1737,6:42:04,15:21,M 70-74/4,M-74,678,6:42:59,44.45%
1159,Carol Ritchie,"El Cajon, CA",1384,6:44:07,15:25,F 45-49/55,F-49,481,6:44:59,39.29%
1160,Michael Ritchie,"El Cajon, CA",1385,6:44:07,15:25,M 45-49/81,M-45,679,6:45:00,33.03%
1161,Loretta Baca,"North Platte, NE",269,6:47:15,15:32,F 55-59/10,F-57,482,6:48:01,43.43%
1162,Joseph Anselmo,"Temecula, CA",242,6:48:33,15:35,M 65-69/9,M-68,680,6:49:17,40.69%
1163,Michael Dipippo,"San Diego, CA",549,7:03:00,16:08,M 55-59/39,M-56,681,7:03:06,34.84%
1164,Melissa Lopez,"San Diego, CA",1009,7:05:09,16:13,F 30-34/100,F-31,483,7:05:54,31.91%
1165,Jacquie Dutchover,"San Diego, CA",581,7:06:53,16:17,F 50-54/35,F-50,484,7:07:14,37.68%
1166,John O'Shea,"Greenwood Village, CO",1235,7:09:29,16:23,M 65-69/10,M-67,682,7:10:20,38.30%
1167,Eugene Defronzo,"Cheshire, CT",527,7:16:30,16:39,M 75-79/2,M-75,683,7:17:08,41.59%
1168,Betsy Polacheck,"San Diego, CA",1315,7:19:05,16:45,F 35-39/101,F-39,485,7:19:32,32.19%
1169,Kelly Moncure,"San Diego, CA",1144,7:23:59,16:56,F 40-44/66,F-40,486,7:24:26,32.13%
1170,Sabrina Ulmer,"Oceanside, CA",1651,7:25:31,17:00,F 35-39/102,F-38,487,7:26:12,31.47%
1171,Kelly Garbers,"San Diego, CA",680,7:28:20,17:06,F 50-54/36,F-50,488,7:29:01,35.87%
1172,Kim Hassenplug,"Tustin, CA",782,7:33:11,17:18,F 40-44/67,F-40,489,7:34:10,31.48%
1173,Stacey Escalante,"Las Vegas, NV",607,7:33:11,17:18,F 35-39/103,F-39,490,7:34:10,31.19%
