Place,Name,Location,Bib,Net Time,Pace,Division/Place,Sex-Age,Sex-Place,Gun Time,Age Grade
1,Zachary Komen,"San Diego, CA",84,41:05,6:37,M Open/0,M-36,1,41:05,67.21%
2,Michael Stange,"San Diego, CA",154,41:12,6:38,M Open/0,M-40,2,41:12,69.00%
3,John Miles,"Lakeside, CA",253,42:50,6:54,M Open/0,M-20,3,42:50,63.37%
4,Allison Spies,"San Diego, CA",152,43:14,6:58,F Open/0,F-23,1,43:14,70.19%
5,Adam Bernot,"San Diego, CA",23,44:10,7:07,M Open/0,M-24,4,44:10,60.82%
6,Jessica Hartung,"San Diego, CA",239,49:24,7:57,F Open/0,F-22,2,49:24,61.42%
7,Marion Webb,"San Diego, CA",167,49:45,8:01,F Open/0,F-45,3,49:45,65.45%
8,Rhonda Correia,"Santee, CA",36,50:36,8:09,F Open/0,F-37,4,50:36,60.99%
9,Chris Lucero,"Bakersfield, CA",92,52:09,8:24,M Open/0,M-24,5,52:09,51.50%
10,Katherine Lamons,"San Diego, CA",187,54:06,8:43,F Open/0,F-28,5,54:06,56.09%
11,Sarah Hartung,"San Diego, CA",65,54:54,8:51,F Open/0,F-27,6,54:54,55.27%
12,Rachel Hartung,"La Quinta, CA",230,55:28,8:56,F Open/0,F-25,7,55:28,54.70%
13,Emily Adamiec,"Poway, CA",14,56:12,9:03,F Open/0,F-35,8,56:12,54.52%
14,Joanna Flavin,"San Diego, CA",56,56:31,9:06,F Open/0,F-25,9,56:31,53.69%
15,Timothy Ganter,"Pasadena, CA",57,56:48,9:09,M Open/0,M-33,6,56:48,47.84%
16,Rachel Prince,"Solana Beach, CA",233,56:54,9:10,F Open/0,F-23,10,56:54,53.33%
17,Jason Lewko,"San Diego, CA",87,57:22,9:14,M Open/0,M-29,7,57:22,46.85%
18,Nicholas Harvey,"La Mesa, CA",189,58:08,9:22,M Open/0,M-30,8,58:08,46.31%
19,steve norton,"san diego, CA",193,58:45,9:28,M Open/0,M-55,9,58:45,54.46%
20,Amanda Williamson,"San Diego, CA",169,58:46,9:28,F Open/0,F-34,11,58:46,51.97%
21,Aly Vickery,"Bakersfield, CA",162,58:48,9:28,F Open/0,F-24,12,58:48,51.60%
22,Mike Brodeur,"San Diego, CA",207,59:20,9:33,M Open/0,M-41,10,59:20,48.24%
23,Jen Goodhue,"San Diego, CA",208,59:20,9:33,F Open/0,F-42,13,59:20,53.55%
24,Sheila Redfern,"San Diego, CA",138,59:22,9:34,F Open/0,F-50,14,59:22,57.91%
25,Jacqueline Montgomery,"CA, ",112,59:45,9:37,F Open/0,F-40,15,59:45,52.48%
26,Joe Dominguez,"San Diego, CA",50,59:55,9:39,M Open/0,M-47,11,59:55,50.03%
27,Frances Ber,"San Diego, CA",21,59:59,9:40,F Open/0,F-36,16,59:59,51.25%
28,Daniel Perry,"Holtville, CA",124,1:00:09,9:41,M Open/0,M-47,12,1:00:09,49.83%
29,Chelsea Long,"San Diego, CA",89,1:00:16,9:42,F Open/0,F-29,17,1:00:16,50.35%
30,Dana Macaloney,"San Diego, CA",98,1:00:18,9:43,F Open/0,F-30,18,1:00:18,50.35%
31,Karme Sheridan,"San Diego, CA",144,1:00:20,9:43,F Open/0,F-35,19,1:00:20,50.79%
32,Diana Anderson,"San Diego, CA",238,1:00:32,9:45,F Open/0,F-39,20,1:00:32,51.50%
33,Aileen Abad,"San Diego, CA",11,1:00:38,9:46,F Open/0,F-36,21,1:00:38,50.70%
34,Andrew Flavin,"San Diego, CA",55,1:00:47,9:47,M Open/0,M-25,13,1:00:47,44.19%
35,Chelsea Tysdal,"San Diego, CA",236,1:00:54,9:48,F Open/0,F-24,22,1:00:54,49.82%
36,Jessica Palma,"Fontana, CA",123,1:01:15,9:52,F Open/0,F-30,23,1:01:15,49.55%
37,Carissa Cardenas,", ",240,1:01:16,9:52,F Open/0,F-0,24,1:01:16, 0.00%
38,Karen Abruscato,"San Diego, CA",12,1:01:49,9:57,F Open/0,F-31,25,1:01:49,49.14%
39,Emily Schill,"Encinitas, CA",142,1:02:10,10:01,F Open/0,F-25,26,1:02:10,48.81%
40,Bethany McMahon,"San Diego, CA",108,1:02:11,10:01,F Open/0,F-29,27,1:02:11,48.79%
41,Bryan Morgan,"Ramona, CA",114,1:02:18,10:02,M Open/0,M-41,14,1:02:18,45.95%
42,Janice Hong,"San Diego, CA",73,1:02:23,10:03,F Open/0,F-34,28,1:02:23,48.96%
43,Mike Webb,"San Diego, CA",168,1:03:42,10:16,M Open/0,M-36,15,1:03:42,43.34%
44,Christine Ziegler,"San Diego, CA",180,1:04:37,10:24,F Open/0,F-26,29,1:04:37,46.96%
45,Marina Perry,"Holtville, CA",126,1:04:55,10:27,F Open/0,F-19,30,1:04:55,46.92%
46,Alma Lopez,", ",229,1:05:05,10:29,F Open/0,F-0,31,1:05:05, 0.00%
47,Lynn Schubert,"UM, ",143,1:05:14,10:30,F Open/0,F-50,32,1:05:14,52.70%
48,Jessie Colburn,"Cardiff By The Sea, CA",33,1:07:09,10:49,F Open/0,F-27,33,1:07:09,45.18%
49,Meagan Peterson,", ",247,1:07:13,10:49,F Open/0,F-0,34,1:07:13, 0.00%
50,Tracy Miller,", ",257,1:07:13,10:49,F Open/0,F-0,35,1:07:13, 0.00%
51,Stephanie Smith,"San Diego, CA",147,1:07:38,10:53,F Open/0,F-40,36,1:07:38,46.36%
52,Chris Evans,", ",221,1:07:46,10:55,F Open/0,F-41,37,1:07:46,46.54%
53,Tanya Degregorio,"Carlsbad, CA",43,1:08:40,11:03,F Open/0,F-34,38,1:08:40,44.48%
54,Michael Morgan,"San Diego, CA",115,1:08:43,11:04,M Open/0,M-39,16,1:08:43,41.05%
55,Patricia Murray,"San Diego, CA",117,1:09:05,11:08,F Open/0,F-45,39,1:09:05,47.13%
56,Derek Perry,"Holtville, CA",125,1:11:54,11:35,M Open/0,M-23,17,1:11:54,37.35%
57,Robert Ilko,"San Diego, CA",77,1:13:17,11:48,M Open/0,M-46,18,1:13:17,40.58%
58,Katherine Alvarado,"Chula Vista, CA",205,1:15:00,12:05,F Open/0,F-30,40,1:15:00,40.47%
59,Alana Butler,"San Diego, CA",27,1:15:12,12:07,F Open/0,F-37,41,1:15:12,41.03%
60,Karen Putnam,"Santee, CA",133,1:17:31,12:29,F Open/0,F-51,42,1:17:31,44.88%
61,Molly Younts,"Lemoore, CA",179,1:17:46,12:31,F Open/0,F-24,43,1:17:46,39.01%
62,Savina Alvarado,", ",237,1:17:59,12:33,F Open/0,F-0,44,1:17:59, 0.00%
63,Lizette Sornia,"Imperial, CA",149,1:18:14,12:36,F Open/0,F-22,45,1:18:14,38.78%
64,Son Vo,"San Diego, CA",163,1:19:27,12:48,M Open/0,M-26,19,1:19:27,33.80%
65,Mark Hamel,"El Cajon, CA",63,1:19:33,12:48,M Open/0,M-51,20,1:19:33,38.91%
66,Amanda Hilligrass,"Lemoore, CA",71,1:21:20,13:06,F Open/0,F-24,46,1:21:20,37.30%
