Bib,Name,Gender,Age,Hometown,Overall,Men,M 25-29,Finish,Chip Time,Gun Time
1326,Haydn Tierney,M,26,"Carlsbad, CA",1 out of 66,1 out of 66,0 out of 1,20:03 Pace: 20:03,20:03,20:03
1335,Wil Whaley,M,19,"San Juan Capistrano, CA",2 out of 66,2 out of 66,0 out of 5,20:37 Pace: 20:37,20:37,20:37
1251,Andrew Godbe,M,18,"Mission Viejo, CA",3 out of 66,3 out of 66,0 out of 5,20:37 Pace: 20:37,20:37,20:37
1275,Lucas Norman,M,14,"San Juan Capistrano, CA",4 out of 66,4 out of 66,1 out of 12,21:06 Pace: 21:06,21:06,21:06
1261,Daniel Hofstedt,M,17,"Trabuco Canyon, CA",5 out of 66,5 out of 66,1 out of 5,21:57 Pace: 21:57,21:57,21:57
1232,John Criste,M,18,"Trabuco Canyon, CA",6 out of 66,6 out of 66,2 out of 5,21:59 Pace: 21:59,21:59,21:59
1304,Logan Redondo,M,13,"Lake Forest, CA",7 out of 66,7 out of 66,2 out of 12,22:09 Pace: 22:09,22:09,22:09
1356,Tyler Deshon,M,16,"Mission Viejo, CA",8 out of 66,8 out of 66,3 out of 5,22:11 Pace: 22:11,22:11,22:11
1252,Adam Gonzalez,M,17,"Lake Forest, CA",9 out of 66,9 out of 66,4 out of 5,22:42 Pace: 22:42,22:42,22:42
1257,Matthew Hammer,M,12,"Culver City, CA",10 out of 66,10 out of 66,3 out of 12,22:48 Pace: 22:48,22:48,22:48
1338,Derek Young,M,13,"Mission Viejo, CA",11 out of 66,11 out of 66,4 out of 12,23:23 Pace: 23:23,23:23,23:23
1353,Tegze (Tex) Haraszti,M,65,"Newport Beach, CA",12 out of 66,12 out of 66,1 out of 1,24:13 Pace: 24:13,24:13,24:13
1305,Zach Ridout,M,13,"Dana Point, CA",13 out of 66,13 out of 66,5 out of 12,24:38 Pace: 24:38,24:38,24:38
1336,Cameron Willment,M,12,"Mission Viejo, CA",14 out of 66,14 out of 66,6 out of 12,24:38 Pace: 24:38,24:38,24:38
1321,Jason Smith,M,36,"Claremont, CA",15 out of 66,15 out of 66,1 out of 8,24:41 Pace: 24:41,24:41,24:41
1221,Mathew Chalcarz,M,10,"Mission Viejo, CA",16 out of 66,16 out of 66,7 out of 12,24:48 Pace: 24:48,24:48,24:48
1213,Doug Boswell,M,53,"Redondo Beach, CA",17 out of 66,17 out of 66,1 out of 9,25:16 Pace: 25:16,25:16,25:16
1368,Huble Kerns,M,57,"Pacific Palisades, CA",18 out of 66,18 out of 66,1 out of 3,25:26 Pace: 25:26,25:26,25:26
1359,Alex Duncan,M,17,"Mission Viejo, CA",19 out of 66,19 out of 66,5 out of 5,25:33 Pace: 25:33,25:33,25:33
1351,Steve Willment,M,48,"Mission Viejo, CA",20 out of 66,20 out of 66,1 out of 6,25:38 Pace: 25:38,25:38,25:38
1343,Joseph Wu,M,14,"Mission Viejo, CA",21 out of 66,21 out of 66,8 out of 12,26:11 Pace: 26:11,26:11,26:11
1223,John Chetwyn,M,11,"San Clemente, CA",22 out of 66,22 out of 66,9 out of 12,26:35 Pace: 26:35,26:35,26:35
1231,Chris Cosner,M,45,"Manhattan Beach, CA",23 out of 66,23 out of 66,2 out of 6,27:01 Pace: 27:01,27:01,27:01
1294,David Neilan,M,41,"Los Angeles, CA",24 out of 66,24 out of 66,1 out of 11,27:30 Pace: 27:30,27:30,27:30
1364,Joe Burschinger,M,40,"Los Angeles, CA",25 out of 66,25 out of 66,2 out of 11,27:44 Pace: 27:44,27:44,27:44
1264,Alexander Karn,M,37,"Los Angeles, CA",26 out of 66,26 out of 66,2 out of 8,28:13 Pace: 28:13,28:13,28:13
1357,Mike Pawloski,M,50,"Yorba Linda, CA",27 out of 66,27 out of 66,2 out of 9,28:23 Pace: 28:23,28:23,28:23
1279,Jeff Matlow,M,40,"Santa Monica, CA",28 out of 66,28 out of 66,3 out of 11,28:26 Pace: 28:26,28:26,28:26
1287,Mike Mitchell,M,50,"Laguna Niguel, CA",29 out of 66,29 out of 66,3 out of 9,28:34 Pace: 28:34,28:34,28:34
1205,David Aprea,M,40,"Irvine, CA",30 out of 66,30 out of 66,4 out of 11,28:50 Pace: 28:50,28:50,28:50
1258,Terry Henderson,M,53,"Pacific Palisades, CA",31 out of 66,31 out of 66,4 out of 9,29:05 Pace: 29:05,29:05,29:05
1342,Warren Booth,M,42,"Laguna Hills, CA",32 out of 66,32 out of 66,5 out of 11,29:13 Pace: 29:13,29:13,29:13
1377,Jonathan Lantz,M,14,"Fullerton, CA",33 out of 66,33 out of 66,10 out of 12,29:14 Pace: 29:14,29:14,29:14
1347,Matthew Hormatz,M,12,"San Pedro, CA",34 out of 66,34 out of 66,11 out of 12,29:15 Pace: 29:15,29:15,29:15
1352,Martin Risley,M,53,"Long Beach, CA",35 out of 66,35 out of 66,5 out of 9,29:38 Pace: 29:38,29:38,29:38
1369,Thomas Hughes,M,48,"Laguna Hills, CA",36 out of 66,36 out of 66,3 out of 6,30:40 Pace: 30:40,30:40,30:40
1296,Nicholas Norman,M,10,"San Juan Capistrano, CA",37 out of 66,37 out of 66,12 out of 12,30:48 Pace: 30:48,30:48,30:48
1362,John Gorman,M,58,"Redlands, CA",38 out of 66,38 out of 66,2 out of 3,31:04 Pace: 31:04,31:04,31:04
1375,Bill Roberts,M,31,"Long Beach, CA",39 out of 66,39 out of 66,1 out of 3,31:04 Pace: 31:04,31:04,31:04
1363,Brian Koenemann,M,47,"La Mirada, CA",40 out of 66,40 out of 66,4 out of 6,31:13 Pace: 31:13,31:13,31:13
1345,Thomas Taylor,M,39,"Long Beach, CA",41 out of 66,41 out of 66,3 out of 8,31:29 Pace: 31:29,31:29,31:29
1341,Steve Cook,M,47,"Glendora, CA",42 out of 66,42 out of 66,5 out of 6,32:05 Pace: 32:05,32:05,32:05
1374,Michael Mourey,M,23,"San Diego, CA",43 out of 66,43 out of 66,1 out of 1,32:12 Pace: 32:12,32:12,32:12
1327,Ken Tolar,M,58,"Redlands, CA",44 out of 66,44 out of 66,3 out of 3,32:31 Pace: 32:31,32:31,32:31
1235,Jeff Drake,M,44,"San Juan Capistrano, CA",45 out of 66,45 out of 66,6 out of 11,34:11 Pace: 34:11,34:11,34:11
1348,Mike Kramer,M,42,"Huntington Beach, CA",46 out of 66,46 out of 66,7 out of 11,34:19 Pace: 34:19,34:19,34:19
1330,John Uribe,M,43,"Los Angeles, CA",47 out of 66,47 out of 66,8 out of 11,34:36 Pace: 34:36,34:36,34:36
1206,Frankie Ayes,M,44,"Simi Valley, CA",48 out of 66,48 out of 66,9 out of 11,34:45 Pace: 34:45,34:45,34:45
1329,Shaun Uebelhor,M,40,"Encinitas, CA",49 out of 66,49 out of 66,10 out of 11,34:58 Pace: 34:58,34:58,34:58
1370,Benjamin Chi,M,29,"Los Angeles, CA",50 out of 66,50 out of 66,1 out of 1,35:01 Pace: 35:01,35:01,35:01
1249,Patrick Gilbert,M,46,"Tustin, CA",51 out of 66,51 out of 66,6 out of 6,35:36 Pace: 35:36,35:36,35:36
1367,Chris Oconnell,M,61,"Long Beach, CA",52 out of 66,52 out of 66,1 out of 3,35:42 Pace: 35:42,35:42,35:42
1259,Toshinori Hinoue,M,32,"Los Angeles, CA",53 out of 66,53 out of 66,2 out of 3,35:45 Pace: 35:45,35:45,35:45
1253,Bob Goodis,M,50,"Beverly Hills, CA",54 out of 66,54 out of 66,6 out of 9,36:03 Pace: 36:03,36:03,36:03
1209,Scott Beyma,M,37,"Long Beach, CA",55 out of 66,55 out of 66,4 out of 8,36:05 Pace: 36:05,36:05,36:05
1244,Grant Fontan,M,53,"Huntington Beach, CA",56 out of 66,56 out of 66,7 out of 9,36:15 Pace: 36:15,36:15,36:15
1346,Sang Yoon,M,35,"Loma Linda, CA",57 out of 66,57 out of 66,5 out of 8,37:02 Pace: 37:02,37:02,37:02
1254,Bob Gresl,M,44,"Downey, CA",58 out of 66,58 out of 66,11 out of 11,37:12 Pace: 37:12,37:12,37:12
1320,James Siler,M,37,"Torrance, CA",59 out of 66,59 out of 66,6 out of 8,37:21 Pace: 37:21,37:21,37:21
1274,Sergey Lototsky,M,37,"San Pedro, CA",60 out of 66,60 out of 66,7 out of 8,37:48 Pace: 37:48,37:48,37:48
1361,Harvy Vevni,M,53,"Long Beach, CA",61 out of 66,61 out of 66,8 out of 9,38:29 Pace: 38:29,38:29,38:29
1325,Fabio Taglieri,M,60,"Mission Viejo, CA",62 out of 66,62 out of 66,2 out of 3,38:59 Pace: 38:59,38:59,38:59
1373,Michael Resk,M,35,"Newport Beach, CA",63 out of 66,63 out of 66,8 out of 8,41:27 Pace: 41:27,41:27,41:27
1207,John Barthelmass,M,53,"Huntington Beach, CA",64 out of 66,64 out of 66,9 out of 9,47:32 Pace: 47:32,47:32,47:32
1303,Laurentiu Popescu,M,34,"Redlands, CA",65 out of 66,65 out of 66,3 out of 3,51:12 Pace: 51:12,51:12,51:12
1281,Richard May,M,60,"Bellflower, CA",66 out of 66,66 out of 66,3 out of 3,1:00:58 Pace: 1:00:58,1:00:58,1:00:58
