Bib,Name,Gender,Age,Hometown,Overall,Men,M 1-15,Finish,Chip Time,Gun Time
1261,Jon Norman,M,15,"San Juan Capistrano, CA",1 out of 79,1 out of 79,0 out of 9,30:48 Pace: 30:48,30:48,30:48
1307,Shane Tusup,M,20,"Los Angeles, CA",2 out of 79,2 out of 79,0 out of 1,30:56 Pace: 30:56,30:56,30:56
1304,Eric Erenstoft,M,38,"Los Angeles, CA",3 out of 79,3 out of 79,0 out of 10,31:38 Pace: 31:38,31:38,31:38
1312,Derek Young,M,14,"Mission Viejo, CA",4 out of 79,4 out of 79,1 out of 9,31:50 Pace: 31:50,31:50,31:50
1277,George Schnaars,M,13,"Rancho Santa Margarita, CA",5 out of 79,5 out of 79,2 out of 9,31:50 Pace: 31:50,31:50,31:50
1234,Matthew Hammer,M,13,"Culver City, CA",6 out of 79,6 out of 79,3 out of 9,31:57 Pace: 31:57,31:57,31:57
1318,Robby Wyatt,M,46,"Costa Mesa, CA",7 out of 79,7 out of 79,1 out of 14,32:18 Pace: 32:18,32:18,32:18
1284,Jason Smith,M,37,"Claremont, CA",8 out of 79,8 out of 79,1 out of 10,32:48 Pace: 32:48,32:48,32:48
1329,Hubie Kerns,M,58,"Pacific Palisades, CA",9 out of 79,9 out of 79,1 out of 10,33:51 Pace: 33:51,33:51,33:51
1275,Jayson Sandhu,M,31,"La Verne, CA",10 out of 79,10 out of 79,1 out of 8,34:30 Pace: 34:30,34:30,34:30
1305,Tom Ettinger,M,59,"La Crescenta, CA",11 out of 79,11 out of 79,2 out of 10,35:46 Pace: 35:46,35:46,35:46
1298,Jeffrey Wynkoop,M,12,"Rancho Santa Margarita, CA",12 out of 79,12 out of 79,4 out of 9,35:49 Pace: 35:49,35:49,35:49
1269,Weston Redd,M,13,"Rancho Santa Margarita, CA",13 out of 79,13 out of 79,5 out of 9,36:22 Pace: 36:22,36:22,36:22
1202,Matt Ault,M,14,"Wahiawa, HI",14 out of 79,14 out of 79,6 out of 9,36:26 Pace: 36:26,36:26,36:26
1204,Ryan Ault,M,16,"Wahiawa, HI",15 out of 79,15 out of 79,1 out of 2,37:06 Pace: 37:06,37:06,37:06
1403,Craig Gutjale,M,33,"Mission Viejo, CA",16 out of 79,16 out of 79,2 out of 8,37:18 Pace: 37:18,37:18,37:18
1301,Michael Pawloski,M,51,"Yorba Linda, CA",17 out of 79,17 out of 79,1 out of 7,37:19 Pace: 37:19,37:19,37:19
1308,Tegze Haraszti,M,66,"Newport Beach, CA",18 out of 79,18 out of 79,1 out of 1,37:33 Pace: 37:33,37:33,37:33
1252,Christopher Menjou,M,41,"Torrance, CA",19 out of 79,19 out of 79,1 out of 9,37:34 Pace: 37:34,37:34,37:34
1207,Stephen Benjamin,M,25,"Los Angeles, CA",20 out of 79,20 out of 79,1 out of 3,38:40 Pace: 38:40,38:40,38:40
1330,Bob Feinberg,M,52,"San Diego, CA",21 out of 79,21 out of 79,2 out of 7,39:15 Pace: 39:15,39:15,39:15
1334,Bill Roberts,M,32,"Long Beach, CA",22 out of 79,22 out of 79,3 out of 8,39:30 Pace: 39:30,39:30,39:30
1309,Allen Todd,M,59,"Huntington Beach, CA",23 out of 79,23 out of 79,3 out of 10,39:31 Pace: 39:31,39:31,39:31
1218,Jeff Davis,M,49,"Long Beach, CA",24 out of 79,24 out of 79,2 out of 14,39:37 Pace: 39:37,39:37,39:37
1341,David Neilson,M,42,"Los Angeles, CA",25 out of 79,25 out of 79,2 out of 9,39:40 Pace: 39:40,39:40,39:40
1274,Jasper Sandhu,M,26,"La Verne, CA",26 out of 79,26 out of 79,2 out of 3,39:43 Pace: 39:43,39:43,39:43
1262,Nicholas Norman,M,11,"San Juan Capistrano, CA",27 out of 79,27 out of 79,7 out of 9,39:47 Pace: 39:47,39:47,39:47
1239,Thomas Hughes,M,49,"Lake Forest, CA",28 out of 79,28 out of 79,3 out of 14,39:57 Pace: 39:57,39:57,39:57
1215,Craig Coffin,M,60,"Laguna Beach, CA",29 out of 79,29 out of 79,1 out of 2,40:05 Pace: 40:05,40:05,40:05
1315,Jon Knight,M,39,"San Clemente, CA",30 out of 79,30 out of 79,2 out of 10,40:06 Pace: 40:06,40:06,40:06
1246,Erik Loomis,M,39,"Los Angeles, CA",31 out of 79,31 out of 79,3 out of 10,40:26 Pace: 40:26,40:26,40:26
1321,Gary McMurtrey,M,44,"Glendora, CA",32 out of 79,32 out of 79,3 out of 9,41:18 Pace: 41:18,41:18,41:18
1245,Uldis Liepins,M,28,"Long Beach, CA",33 out of 79,33 out of 79,3 out of 3,41:27 Pace: 41:27,41:27,41:27
1310,Timothy Wilson,M,41,"Vista, CA",34 out of 79,34 out of 79,4 out of 9,41:32 Pace: 41:32,41:32,41:32
1402,Jeff Matlow,M,41,"Santa Monica, CA",35 out of 79,35 out of 79,5 out of 9,41:58 Pace: 41:58,41:58,41:58
1311,Brian Kochemann,M,48,"La Mirada, CA",36 out of 79,36 out of 79,4 out of 14,42:24 Pace: 42:24,42:24,42:24
1279,Jeff Sheldon,M,48,"Claremont, CA",37 out of 79,37 out of 79,5 out of 14,42:34 Pace: 42:34,42:34,42:34
1328,Ben Turrietta,M,33,"Whittier, CA",38 out of 79,38 out of 79,4 out of 8,42:46 Pace: 42:46,42:46,42:46
1223,Joshua Elder,M,24,"Los Angeles, CA",39 out of 79,39 out of 79,1 out of 1,42:53 Pace: 42:53,42:53,42:53
1289,Ken Tolar,M,59,"Redlands, CA",40 out of 79,40 out of 79,4 out of 10,43:46 Pace: 43:46,43:46,43:46
1268,Darian Primer,M,10,"Mission Viejo, CA",41 out of 79,41 out of 79,8 out of 9,44:18 Pace: 44:18,44:18,44:18
1270,Martin Risley,M,54,"Long Beach, CA",42 out of 79,42 out of 79,3 out of 7,44:22 Pace: 44:22,44:22,44:22
1210,Blake Bogin,M,14,"Dove Canyon, CA",43 out of 79,43 out of 79,9 out of 9,44:36 Pace: 44:36,44:36,44:36
1282,John Silvis,M,32,"Upland, CA",44 out of 79,44 out of 79,5 out of 8,45:10 Pace: 45:10,45:10,45:10
1248,Steve Mackel,M,46,"South Pasadena, CA",45 out of 79,45 out of 79,6 out of 14,45:31 Pace: 45:31,45:31,45:31
1203,Robert Ault,M,41,"Wahiawa, HI",46 out of 79,46 out of 79,6 out of 9,46:32 Pace: 46:32,46:32,46:32
1249,Edward Malphus,M,57,"Santa Monica, CA",47 out of 79,47 out of 79,5 out of 10,46:42 Pace: 46:42,46:42,46:42
1288,Sol Sulanchupakorn,M,30,"Rancho Cucamonga, CA",48 out of 79,48 out of 79,6 out of 8,46:53 Pace: 46:53,46:53,46:53
1306,Robert Kelman,M,36,"Los Alamitos, CA",49 out of 79,49 out of 79,4 out of 10,47:20 Pace: 47:20,47:20,47:20
1217,Steve Cook,M,48,"Glendora, CA",50 out of 79,50 out of 79,7 out of 14,47:28 Pace: 47:28,47:28,47:28
1320,Richard Winchester,M,45,"San Diego, CA",51 out of 79,51 out of 79,8 out of 14,47:36 Pace: 47:36,47:36,47:36
1285,Alan Solomon,M,59,"Woodbridge, CT",52 out of 79,52 out of 79,6 out of 10,47:52 Pace: 47:52,47:52,47:52
1337,Rick Sterger,M,39,"San Diego, CA",53 out of 79,53 out of 79,5 out of 10,48:33 Pace: 48:33,48:33,48:33
1258,David Nealey,M,55,"Newport Beach, CA",54 out of 79,54 out of 79,7 out of 10,48:52 Pace: 48:52,48:52,48:52
1205,Crescantino Azcueta,M,46,"Huntington Beach, CA",55 out of 79,55 out of 79,9 out of 14,49:34 Pace: 49:34,49:34,49:34
1316,Dennis Porcher,M,38,"Long Beach, CA",56 out of 79,56 out of 79,6 out of 10,49:51 Pace: 49:51,49:51,49:51
1292,Adriaan Van Der Capellen,M,53,"Huntington Beach, CA",57 out of 79,57 out of 79,4 out of 7,49:59 Pace: 49:59,49:59,49:59
1201,Michael Angelos,M,47,"Santa Monica, CA",58 out of 79,58 out of 79,10 out of 14,50:11 Pace: 50:11,50:11,50:11
1340,Mark Goldsmith,M,43,"Rossmoor, CA",59 out of 79,59 out of 79,7 out of 9,50:47 Pace: 50:47,50:47,50:47
1221,Dino Edwards,M,17,"Long Beach, CA",60 out of 79,60 out of 79,2 out of 2,51:12 Pace: 51:12,51:12,51:12
1319,Chris Oconnell,M,62,"Long Beach, CA",61 out of 79,61 out of 79,2 out of 2,51:28 Pace: 51:28,51:28,51:28
1276,Fred Schiel,M,58,"Huntington Beach, CA",62 out of 79,62 out of 79,8 out of 10,52:42 Pace: 52:42,52:42,52:42
1313,Larry Hopp,M,50,"Beverly Hills, CA",63 out of 79,63 out of 79,5 out of 7,52:50 Pace: 52:50,52:50,52:50
1281,James Siler,M,38,"Torrance, CA",64 out of 79,64 out of 79,7 out of 10,53:29 Pace: 53:29,53:29,53:29
1326,Humberto Ochoa,M,36,"Long Beach, CA",65 out of 79,65 out of 79,8 out of 10,54:23 Pace: 54:23,54:23,54:23
1325,Mike Nelson,M,49,"Ontario, CA",66 out of 79,66 out of 79,11 out of 14,55:35 Pace: 55:35,55:35,55:35
1336,Robert Smazenka,M,58,"Long Beach, CA",67 out of 79,67 out of 79,9 out of 10,55:59 Pace: 55:59,55:59,55:59
1242,Bjorn Kampmann,M,35,"Fullerton, CA",68 out of 79,68 out of 79,9 out of 10,57:24 Pace: 57:24,57:24,57:24
1299,Thomas Zaide,M,30,"La Verne, CA",69 out of 79,69 out of 79,7 out of 8,57:48 Pace: 57:48,57:48,57:48
1219,Chris Devirgilio,M,46,"Manhattan Beach, CA",70 out of 79,70 out of 79,12 out of 14,58:58 Pace: 58:58,58:58,58:58
1220,Jim Donlan,M,55,"Manhattan Beach, CA",71 out of 79,71 out of 79,10 out of 10,59:04 Pace: 59:04,59:04,59:04
1243,Brandon Kirk,M,39,"Los Angeles, CA",72 out of 79,72 out of 79,10 out of 10,1:00:16 Pace: 1:00:16,1:00:16,1:00:16
1211,Charles Borlase,M,43,"Lake Forest, CA",73 out of 79,73 out of 79,8 out of 9,1:00:26 Pace: 1:00:26,1:00:26,1:00:26
1222,Mike Edwards,M,47,"Long Beach, CA",74 out of 79,74 out of 79,13 out of 14,1:01:57 Pace: 1:01:57,1:01:57,1:01:57
1226,Donald Fong,M,46,"Playa Del Rey, CA",75 out of 79,75 out of 79,14 out of 14,1:03:56 Pace: 1:03:56,1:03:56,1:03:56
1323,Jon Boudreau,M,41,"Huntington Beach, CA",76 out of 79,76 out of 79,9 out of 9,1:04:14 Pace: 1:04:14,1:04:14,1:04:14
1327,Anthony Salas,M,32,"Rialto, CA",77 out of 79,77 out of 79,8 out of 8,1:04:37 Pace: 1:04:37,1:04:37,1:04:37
1332,Gerard Melling,M,51,"Rancho Palos Verdes, CA",78 out of 79,78 out of 79,6 out of 7,1:26:45 Pace: 1:26:45,1:26:45,1:26:45
1335,Tom Granoff,M,50,"El Segundo, CA",79 out of 79,79 out of 79,7 out of 7,1:31:00 Pace: 1:31:00,1:31:00,1:31:00
