Place,Name,Location,Bib,Net Time,Pace,Division/Place,Sex-Age,Sex-Place,Gun Time,Age Grade
1,Jon Norman,"San Juan Capistrano, CA",1261,30:48,30:48,M 1-15/0,M-15,1,30:48, 0.00%
2,Shane Tusup,"Los Angeles, CA",1307,30:56,30:56,M 20-24/0,M-20,2,30:56, 0.00%
3,Eric Erenstoft,"Los Angeles, CA",1304,31:38,31:38,M 35-39/0,M-38,3,31:38, 0.00%
4,Derek Young,"Mission Viejo, CA",1312,31:50,31:50,M 1-15/1,M-14,4,31:50, 0.00%
5,George Schnaars,"Rancho Santa Margarita, CA",1277,31:50,31:50,M 1-15/2,M-13,5,31:50, 0.00%
6,Matthew Hammer,"Culver City, CA",1234,31:57,31:57,M 1-15/3,M-13,6,31:57, 0.00%
7,Robby Wyatt,"Costa Mesa, CA",1318,32:18,32:18,M 45-49/1,M-46,7,32:18, 0.00%
8,Jason Smith,"Claremont, CA",1284,32:48,32:48,M 35-39/1,M-37,8,32:48, 0.00%
9,Hubie Kerns,"Pacific Palisades, CA",1329,33:51,33:51,M 55-59/1,M-58,9,33:51, 0.00%
10,Jayson Sandhu,"La Verne, CA",1275,34:30,34:30,M 30-34/1,M-31,10,34:30, 0.00%
11,Tom Ettinger,"La Crescenta, CA",1305,35:46,35:46,M 55-59/2,M-59,11,35:46, 0.00%
12,Jeffrey Wynkoop,"Rancho Santa Margarita, CA",1298,35:49,35:49,M 1-15/4,M-12,12,35:49, 0.00%
13,Weston Redd,"Rancho Santa Margarita, CA",1269,36:22,36:22,M 1-15/5,M-13,13,36:22, 0.00%
14,Matt Ault,"Wahiawa, HI",1202,36:26,36:26,M 1-15/6,M-14,14,36:26, 0.00%
15,Ryan Ault,"Wahiawa, HI",1204,37:06,37:06,M 16-19/1,M-16,15,37:06, 0.00%
16,Craig Gutjale,"Mission Viejo, CA",1403,37:18,37:18,M 30-34/2,M-33,16,37:18, 0.00%
17,Michael Pawloski,"Yorba Linda, CA",1301,37:19,37:19,M 50-54/1,M-51,17,37:19, 0.00%
18,Tegze Haraszti,"Newport Beach, CA",1308,37:33,37:33,M 65-69/1,M-66,18,37:33, 0.00%
19,Christopher Menjou,"Torrance, CA",1252,37:34,37:34,M 40-44/1,M-41,19,37:34, 0.00%
20,Stephen Benjamin,"Los Angeles, CA",1207,38:40,38:40,M 25-29/1,M-25,20,38:40, 0.00%
21,Bob Feinberg,"San Diego, CA",1330,39:15,39:15,M 50-54/2,M-52,21,39:15, 0.00%
22,Bill Roberts,"Long Beach, CA",1334,39:30,39:30,M 30-34/3,M-32,22,39:30, 0.00%
23,Allen Todd,"Huntington Beach, CA",1309,39:31,39:31,M 55-59/3,M-59,23,39:31, 0.00%
24,Jeff Davis,"Long Beach, CA",1218,39:37,39:37,M 45-49/2,M-49,24,39:37, 0.00%
25,David Neilson,"Los Angeles, CA",1341,39:40,39:40,M 40-44/2,M-42,25,39:40, 0.00%
26,Jasper Sandhu,"La Verne, CA",1274,39:43,39:43,M 25-29/2,M-26,26,39:43, 0.00%
27,Nicholas Norman,"San Juan Capistrano, CA",1262,39:47,39:47,M 1-15/7,M-11,27,39:47, 0.00%
28,Thomas Hughes,"Lake Forest, CA",1239,39:57,39:57,M 45-49/3,M-49,28,39:57, 0.00%
29,Craig Coffin,"Laguna Beach, CA",1215,40:05,40:05,M 60-64/1,M-60,29,40:05, 0.00%
30,Jon Knight,"San Clemente, CA",1315,40:06,40:06,M 35-39/2,M-39,30,40:06, 0.00%
31,Erik Loomis,"Los Angeles, CA",1246,40:26,40:26,M 35-39/3,M-39,31,40:26, 0.00%
32,Gary McMurtrey,"Glendora, CA",1321,41:18,41:18,M 40-44/3,M-44,32,41:18, 0.00%
33,Uldis Liepins,"Long Beach, CA",1245,41:27,41:27,M 25-29/3,M-28,33,41:27, 0.00%
34,Timothy Wilson,"Vista, CA",1310,41:32,41:32,M 40-44/4,M-41,34,41:32, 0.00%
35,Jeff Matlow,"Santa Monica, CA",1402,41:58,41:58,M 40-44/5,M-41,35,41:58, 0.00%
36,Brian Kochemann,"La Mirada, CA",1311,42:24,42:24,M 45-49/4,M-48,36,42:24, 0.00%
37,Jeff Sheldon,"Claremont, CA",1279,42:34,42:34,M 45-49/5,M-48,37,42:34, 0.00%
38,Ben Turrietta,"Whittier, CA",1328,42:46,42:46,M 30-34/4,M-33,38,42:46, 0.00%
39,Joshua Elder,"Los Angeles, CA",1223,42:53,42:53,M 20-24/1,M-24,39,42:53, 0.00%
40,Ken Tolar,"Redlands, CA",1289,43:46,43:46,M 55-59/4,M-59,40,43:46, 0.00%
41,Darian Primer,"Mission Viejo, CA",1268,44:18,44:18,M 1-15/8,M-10,41,44:18, 0.00%
42,Martin Risley,"Long Beach, CA",1270,44:22,44:22,M 50-54/3,M-54,42,44:22, 0.00%
43,Blake Bogin,"Dove Canyon, CA",1210,44:36,44:36,M 1-15/9,M-14,43,44:36, 0.00%
44,John Silvis,"Upland, CA",1282,45:10,45:10,M 30-34/5,M-32,44,45:10, 0.00%
45,Steve Mackel,"South Pasadena, CA",1248,45:31,45:31,M 45-49/6,M-46,45,45:31, 0.00%
46,Robert Ault,"Wahiawa, HI",1203,46:32,46:32,M 40-44/6,M-41,46,46:32, 0.00%
47,Edward Malphus,"Santa Monica, CA",1249,46:42,46:42,M 55-59/5,M-57,47,46:42, 0.00%
48,Sol Sulanchupakorn,"Rancho Cucamonga, CA",1288,46:53,46:53,M 30-34/6,M-30,48,46:53, 0.00%
49,Robert Kelman,"Los Alamitos, CA",1306,47:20,47:20,M 35-39/4,M-36,49,47:20, 0.00%
50,Steve Cook,"Glendora, CA",1217,47:28,47:28,M 45-49/7,M-48,50,47:28, 0.00%
51,Richard Winchester,"San Diego, CA",1320,47:36,47:36,M 45-49/8,M-45,51,47:36, 0.00%
52,Alan Solomon,"Woodbridge, CT",1285,47:52,47:52,M 55-59/6,M-59,52,47:52, 0.00%
53,Rick Sterger,"San Diego, CA",1337,48:33,48:33,M 35-39/5,M-39,53,48:33, 0.00%
54,David Nealey,"Newport Beach, CA",1258,48:52,48:52,M 55-59/7,M-55,54,48:52, 0.00%
55,Crescantino Azcueta,"Huntington Beach, CA",1205,49:34,49:34,M 45-49/9,M-46,55,49:34, 0.00%
56,Dennis Porcher,"Long Beach, CA",1316,49:51,49:51,M 35-39/6,M-38,56,49:51, 0.00%
57,Adriaan Van Der Capellen,"Huntington Beach, CA",1292,49:59,49:59,M 50-54/4,M-53,57,49:59, 0.00%
58,Michael Angelos,"Santa Monica, CA",1201,50:11,50:11,M 45-49/10,M-47,58,50:11, 0.00%
59,Mark Goldsmith,"Rossmoor, CA",1340,50:47,50:47,M 40-44/7,M-43,59,50:47, 0.00%
60,Dino Edwards,"Long Beach, CA",1221,51:12,51:12,M 16-19/2,M-17,60,51:12, 0.00%
61,Chris Oconnell,"Long Beach, CA",1319,51:28,51:28,M 60-64/2,M-62,61,51:28, 0.00%
62,Fred Schiel,"Huntington Beach, CA",1276,52:42,52:42,M 55-59/8,M-58,62,52:42, 0.00%
63,Larry Hopp,"Beverly Hills, CA",1313,52:50,52:50,M 50-54/5,M-50,63,52:50, 0.00%
64,James Siler,"Torrance, CA",1281,53:29,53:29,M 35-39/7,M-38,64,53:29, 0.00%
65,Humberto Ochoa,"Long Beach, CA",1326,54:23,54:23,M 35-39/8,M-36,65,54:23, 0.00%
66,Mike Nelson,"Ontario, CA",1325,55:35,55:35,M 45-49/11,M-49,66,55:35, 0.00%
67,Robert Smazenka,"Long Beach, CA",1336,55:59,55:59,M 55-59/9,M-58,67,55:59, 0.00%
68,Bjorn Kampmann,"Fullerton, CA",1242,57:24,57:24,M 35-39/9,M-35,68,57:24, 0.00%
69,Thomas Zaide,"La Verne, CA",1299,57:48,57:48,M 30-34/7,M-30,69,57:48, 0.00%
70,Chris Devirgilio,"Manhattan Beach, CA",1219,58:58,58:58,M 45-49/12,M-46,70,58:58, 0.00%
71,Jim Donlan,"Manhattan Beach, CA",1220,59:04,59:04,M 55-59/10,M-55,71,59:04, 0.00%
72,Brandon Kirk,"Los Angeles, CA",1243,1:00:16,1:00:16,M 35-39/10,M-39,72,1:00:16, 0.00%
73,Charles Borlase,"Lake Forest, CA",1211,1:00:26,1:00:26,M 40-44/8,M-43,73,1:00:26, 0.00%
74,Mike Edwards,"Long Beach, CA",1222,1:01:57,1:01:57,M 45-49/13,M-47,74,1:01:57, 0.00%
75,Donald Fong,"Playa Del Rey, CA",1226,1:03:56,1:03:56,M 45-49/14,M-46,75,1:03:56, 0.00%
76,Jon Boudreau,"Huntington Beach, CA",1323,1:04:14,1:04:14,M 40-44/9,M-41,76,1:04:14, 0.00%
77,Anthony Salas,"Rialto, CA",1327,1:04:37,1:04:37,M 30-34/8,M-32,77,1:04:37, 0.00%
78,Gerard Melling,"Rancho Palos Verdes, CA",1332,1:26:45,1:26:45,M 50-54/6,M-51,78,1:26:45, 0.00%
79,Tom Granoff,"El Segundo, CA",1335,1:31:00,1:31:00,M 50-54/7,M-50,79,1:31:00, 0.00%
