Place,Name,Location,Bib,Net Time,Pace,Division/Place,Sex-Age,Sex-Place,Gun Time,Age Grade
1,Daniel Farmer,"ESCONDIDO, CA",1655,16:20,5:16,M 25-29/0,M-26,1,16:20,79.06%
2,Ciro Pluma-Melendez,"San Diego, CA",1632,16:55,5:27,M 40-44/0,M-41,2,16:55, 0.00%
3,Bryan Johnson,"Cardiff, CA",1104,17:08,5:31,M 13-17/0,M-15,3,17:08,81.38%
4,Noah Potts,"La Mesa, CA",1101,17:14,5:33,M 13-17/1,M-15,4,17:16,80.83%
5,David Mitchell,"San Diego, CA",1485,17:21,5:35,M 25-29/1,M-29,5,17:21,74.52%
6,Paul Justice,"San Diego, CA",1256,17:45,5:43,M 45-49/1,M-46,6,17:45,80.47%
7,Omar Aguilar,"San Diego, CA",1625,17:57,5:47,M 35-39/1,M-35,7,17:58,73.51%
8,Dmitri Journist,"Escondido, CA",1633,18:04,5:49,M 18-24/1,M-24,8,18:06,71.47%
9,Bryan Wallbank,"Chula Vista, CA",1602,18:27,5:57,M 40-44/1,M-44,9,18:27,76.31%
10,Jose Moreno,"San Diego, CA",1202,18:36,6:00,M 18-24/2,M-18,10,18:37,71.75%
11,Zachary Lewis,"San Diego, CA",1146,18:47,6:03,M 25-29/2,M-25,11,24:16,68.74%
12,Steve Hlavacek,"San Diego, CA",1139,19:23,6:15,M 45-49/2,M-46,12,19:24,73.75%
13,Devin Sattelberg,"San Diego, CA",1541,19:47,6:22,M 18-24/3,M-24,13,19:47,65.26%
14,Christopher Mefford,"San Diego, CA",1534,19:47,6:22,M 35-39/2,M-35,14,19:47,66.69%
15,Jennifer Mitchell,"Fallbrook, CA",1063,20:01,6:27,F 25-29/0,F-28,1,20:01,74.06%
16,Matthew Johnson,"Santee, CA",1507,20:04,6:28,M 30-34/1,M-30,15,20:08,64.51%
17,Alex Stewart,"Santee, CA",1635,20:13,6:31,M 30-34/2,M-32,16,20:19,64.36%
18,Julie Bosch,"BISMARCK, ND",1653,20:17,6:32,F 50-54/0,F-51,2,20:17,83.86%
19,Jordana Henderson,"La Jolla, CA",1519,20:28,6:36,F 18-24/0,F-24,3,20:28,72.43%
20,William Schneider,"San Diego, CA",1191,20:30,6:36,M 35-39/3,M-35,17,20:34,64.36%
21,Clay Cardozo,"San Diego, CA",1556,20:35,6:38,M 25-29/3,M-27,18,20:37,62.72%
22,John Loomis,"Chula Vista, CA",1589,20:35,6:38,M 35-39/4,M-37,19,20:37,64.91%
23,Liam Lau,"San Diego, CA",1396,20:35,6:38,M 13-17/2,M-14,20,20:39,68.96%
24,Jeff Galford,", ",1658,20:44,6:41,M 30-34/3,M-30,21,20:45,62.43%
25,Heidi Nevin,"San Diego, CA",1258,20:46,6:41,F 35-39/1,F-39,4,20:51,73.25%
26,Joseph Grimshaw,"San Diego, CA",1049,20:53,6:44,M 25-29/4,M-26,22,20:58,61.82%
27,Ryan White,"Punta Gorda, FL",1603,20:53,6:44,M 18-24/4,M-21,23,20:53,62.06%
28,Guillermo Quintero,"San Diego, CA",1010,20:56,6:45,M 30-34/4,M-31,24,21:01,61.99%
29,Ed Macbean,"San Diego, CA",1197,20:57,6:45,M 40-44/2,M-43,25,20:59,66.72%
30,Felipe Parkins,"NATIONAL CITY, CA",1657,21:00,6:46,M 45-49/3,M-47,26,21:05,68.63%
31,Basil Coronado,"La Mesa, CA",1564,21:04,6:47,M 40-44/3,M-41,27,21:08,65.32%
32,Kevin Vanwanseele,"Lakeside, CA",1511,21:09,6:49,M 30-34/5,M-32,28,21:11,61.51%
33,Stan Ideker,"San Diego, CA",1388,21:13,6:50,M 55-59/1,M-59,29,21:15,75.00%
34,Corey Gray,"Poway, CA",1106,21:15,6:51,M 13-17/3,M-13,30,21:16,68.29%
35,Michael Deras,"San Diego, CA",1185,21:16,6:51,M 40-44/4,M-44,31,21:19,66.20%
36,Zachary Spafford,"San Marcos, CA",1336,21:18,6:52,M 01-12/1,M-11,32,21:18,71.89%
37,Bryan Bauerle,"Lakeside, CA",1238,21:22,6:53,M 30-34/6,M-30,33,21:24,60.58%
38,Marcella Teran,"San Diego, CA",1600,21:23,6:53,F 55-59/1,F-57,5,21:23,85.88%
39,Chris Costales,"San Diego, CA",1115,21:23,6:53,M 30-34/7,M-34,34,21:27,61.39%
40,Steve Lathrop,"San Diego, CA",1483,21:32,6:56,M 35-39/5,M-38,35,21:36,62.51%
41,Dmitri Soloviev,"San Diego, CA",1011,21:37,6:58,M 35-39/6,M-38,36,21:40,62.22%
42,Mitchell Danford,"San Diego, CA",1515,21:39,6:58,M 18-24/5,M-19,37,21:41,60.94%
43,Lise Cartoni,"San Diego, CA",1180,21:43,7:00,F 40-44/1,F-44,6,21:45,72.50%
44,Russ Osborn,"Carlsbad, CA",1610,21:47,7:01,M 50-54/1,M-53,38,21:50,69.45%
45,Christopher Frost,"San Diego, CA",1322,21:48,7:01,M 13-17/4,M-15,39,21:48,63.89%
46,Mikhael Harris,"San Diego, CA",1384,21:48,7:01,M 18-24/6,M-23,40,21:49,59.22%
47,Tyler Yamamoto,"San Diego, CA",1461,21:56,7:04,M 13-17/5,M-17,41,21:57,61.60%
48,Reis Rosenbledt,"San Diego, CA",1557,21:57,7:04,M 25-29/5,M-27,42,22:00,58.81%
49,John Nell,"Midlothian, VA",1416,22:01,7:05,M 45-49/4,M-46,43,22:04,64.92%
50,Lukas Zvers,"San Diego, CA",1251,22:10,7:08,M 25-29/6,M-25,44,26:44,58.24%
51,Anthony Cafiso,"San Diego, CA",1614,22:15,7:10,M 35-39/7,M-37,45,22:18,60.04%
52,George Kiefer,"Studio City, CA",1520,22:22,7:12,M 25-29/7,M-27,46,22:25,57.72%
53,Oscar Luna,"San Diego, CA",1007,22:26,7:14,M NoAge/1,M-0,47,22:28, 0.00%
54,Jack Barry,"San Diego, CA",1183,22:29,7:14,M 30-34/8,M-33,48,22:30,58.09%
55,Colin Tedeschi,"San Diego, CA",1448,22:29,7:14,M 18-24/7,M-24,49,22:31,57.42%
56,Joshua James Spann,"Escondido, CA",1437,22:35,7:16,M 30-34/9,M-32,50,22:39,57.61%
57,Mark Fisher,"Coronado, CA",1628,22:38,7:17,M 40-44/5,M-43,51,22:41,61.75%
58,James Hickey,"Chula Vista, CA",1386,22:41,7:18,M 25-29/8,M-26,52,22:45,56.91%
59,Jaime Bradburn,"Spring Valley, CA",1107,22:42,7:19,F 35-39/2,F-35,7,22:43,65.91%
60,Chris Desrochers,"San Diego, CA",811,22:45,7:20,F 45-49/1,F-45,8,22:50,69.87%
61,Sasha Pino,"La Mesa, CA",1422,22:49,7:21,F 25-29/1,F-25,9,27:58,64.91%
62,Christina Irish,"SAN DIEGO, CA",1645,22:51,7:22,F 18-24/1,F-19,10,22:53,65.04%
63,Pete Chacon,"Fallbrook, CA",1031,22:52,7:22,M 30-34/10,M-31,53,22:52,56.75%
64,Carlie Dorostkar,"San Diego, CA",1582,22:53,7:22,F 01-12/1,F-10,11,23:04,74.64%
65,Jason Giavara,"San Diego, CA",1627,22:54,7:23,M 40-44/6,M-44,54,22:55,61.47%
66,Carlos Ochoa,"Chula Vista, CA",1221,22:56,7:23,M 25-29/9,M-29,55,23:00,56.36%
67,Thomas Cano,"El Cajon, CA",1560,22:57,7:23,M 01-12/2,M-11,56,23:00,66.72%
68,Gregory Amorelli,"San Diego, CA",1530,22:57,7:23,M 30-34/11,M-34,57,22:59,57.19%
69,Bijan Dorostkar,"San Diego, CA",1581,22:57,7:24,M 40-44/7,M-44,58,23:09,61.34%
70,Douglas Kenyon,"San Diego, CA",1533,23:11,7:28,M 65-69/1,M-69,59,23:19,75.25%
71,Nena Jackson,"SAN DIEGO, CA",1639,23:13,7:29,F 30-34/1,F-30,12,23:18,63.79%
72,Michael Jones,"Oakland, CA",1241,23:14,7:29,M 40-44/8,M-44,60,23:19,60.59%
73,Ken Mitchell,"San Diego, CA",1413,23:14,7:29,M 60-64/1,M-60,61,23:16,69.06%
74,Melanie Malski,"SAN DIEGO, CA",1638,23:18,7:30,F 25-29/2,F-28,13,23:20,63.56%
75,Sofia Loomis,"Chula Vista, CA",1590,23:18,7:30,F 35-39/3,F-37,14,23:21,64.64%
76,Nathan Orenstein,"San Diego, CA",1662,23:20,7:31,M 13-17/6,M-14,62,23:21,60.83%
77,Divina Meng,"Chula Vista, CA",1469,23:20,7:31,F 30-34/2,F-33,15,23:23,63.76%
78,Aaron Adamson,"San Diego, CA",1319,23:20,7:31,M 13-17/7,M-14,63,23:22,60.83%
79,Tracy Pompeo,"Encinitas, CA",1423,23:26,7:33,F 45-49/2,F-46,16,23:27,68.47%
80,Cheryl Southwick,"San Diego, CA",1436,23:37,7:36,F 50-54/1,F-50,17,23:39,71.05%
81,Edward Federman,"San Diego, CA",1585,23:41,7:38,M 55-59/2,M-55,64,23:42,64.93%
82,Sheila Schneider,"San Diego, CA",1208,23:42,7:38,F 40-44/2,F-43,18,23:43,65.94%
83,Paul Nutting,"San Diego, CA",1592,23:56,7:42,M 18-24/8,M-24,65,23:58,53.94%
84,Delaney Alonso,"San Diego, CA",1020,24:02,7:44,F 01-12/2,F-7,19,24:03,78.14%
85,Jennifer Alonso,"San Diego, CA",1021,24:03,7:45,F 40-44/3,F-40,20,24:03,63.66%
86,Danika Lau,"San Diego, CA",1395,24:04,7:45,F 13-17/1,F-16,21,24:06,63.62%
87,Thomas Karins,"Bonita, CA",1391,24:04,7:45,M 40-44/9,M-43,66,24:10,58.07%
88,Alex Silva,"Imperial Beach, CA",1175,24:06,7:46,M 18-24/9,M-23,67,24:14,53.56%
89,Carissa Finch,"San Diego, CA",1630,24:12,7:48,F 18-24/2,F-22,22,24:18,61.20%
90,Suzzana George,"San Diego, CA",1113,24:15,7:49,F 30-34/3,F-32,23,24:22,61.21%
91,Everardo Gutierez,"NATIONAL CITY, CA",1661,24:20,7:50,M 35-39/8,M-35,68,24:24,54.22%
92,Patrick Nevin,"San Diego, CA",1259,24:22,7:51,M 45-49/5,M-46,69,25:56,58.66%
93,Julia Sinsay,"San Diego, CA",1281,24:29,7:53,F 13-17/2,F-16,24,24:30,62.53%
94,Brian Maskiewicz,"SAN DIEGO, CA",1656,24:30,7:53,M 50-54/2,M-50,70,24:31,60.25%
95,Jimena Perez-Vargas,"San Diego, CA",8801,24:35,7:55,F 35-39/4,F-38,25,34:33,61.60%
96,Nikki La Scala,"San Diego, CA",1394,24:39,7:56,F 13-17/3,F-17,26,24:45,61.37%
97,Edward Dugbailay,"SAN DIEGO, CA",1647,24:41,7:57,M 30-34/12,M-31,71,24:41,52.57%
98,Kai Delman,"San Diego, CA",1195,24:46,7:59,F 01-12/3,F-12,27,26:06,65.79%
99,Christine Barreras,"San Diego, CA",1349,24:47,7:59,F 25-29/3,F-27,28,24:55,59.76%
100,Adam Barreras,"San Diego, CA",1348,24:47,7:59,M 25-29/10,M-27,72,24:55,52.09%
101,David White,"San Diego, CA",1636,24:47,7:59,M 65-69/2,M-65,73,24:55,67.70%
102,Jamie Harris,"LA MESA, CA",1659,24:48,7:59,F 25-29/4,F-26,29,28:06,59.72%
103,Elaine Hill,"Solana Beach, CA",1563,24:54,8:01,F 55-59/2,F-55,30,25:00,71.80%
104,Aaron Dockter,"San Diego, CA",1186,24:55,8:02,M 01-12/3,M-12,74,24:56,59.71%
105,Sam Derenne,"San Diego, CA",1170,24:55,8:02,M 18-24/10,M-24,75,25:02,51.81%
106,Bill Manders,"CHULA VISTA, CA",1644,25:00,8:03,M 55-59/3,M-59,76,25:04,63.64%
107,Jim Wink,"Coronado, CA",1459,25:00,8:03,M 45-49/6,M-48,77,25:07,58.11%
108,Brendan McGunigle,"San Diego, CA",1409,25:01,8:04,M 25-29/11,M-28,78,25:10,51.60%
109,Duane Thompson,"Chula Vista, CA",1529,25:06,8:05,M 45-49/7,M-47,79,25:17,57.41%
110,Brady Aiken,"Jamul, CA",1566,25:07,8:05,M 13-17/8,M-16,80,25:14,54.58%
111,Kristina Black,"San Diego, CA",1571,25:07,8:05,F 25-29/5,F-27,31,25:13,58.96%
112,Whitney Shryock,"San Diego, CA",1329,25:12,8:07,F 18-24/3,F-24,32,25:15,58.77%
113,Lourdes Barnes,"Chula Vista, CA",1570,25:14,8:08,F 50-54/2,F-51,33,25:17,67.28%
114,Rosina Campos,"San Diego, CA",1360,25:16,8:08,F 35-39/5,F-37,34,25:22,59.60%
115,Jennifer Syler,"El Cajon, CA",1446,25:18,8:09,F 25-29/6,F-28,35,25:25,58.54%
116,Joseph Yeats,"El Cajon, CA",1605,25:20,8:10,M 25-29/12,M-26,81,25:22,50.95%
117,Ina Deras,"San Diego, CA",803,25:22,8:10,F 45-49/3,F-45,36,25:26,62.66%
118,Kyle Carlstrom,"Imperial Beach, CA",1362,25:23,8:10,M 25-29/13,M-26,82,40:25,50.85%
119,Jacqueline Celi,"San Diego, CA",1363,25:25,8:11,F 45-49/4,F-47,37,25:30,63.78%
120,Richard Muscio,"San Diego, CA",1415,25:25,8:11,M 50-54/3,M-54,83,25:28,59.97%
121,Jaden Herrera,"San Diego, CA",1001,25:27,8:12,M 01-12/4,M-7,84,25:32,69.99%
122,Janine Bailey,"Coronado, CA",1344,25:28,8:12,F 35-39/6,F-36,38,25:37,58.94%
123,Christopher Bailey,"Coronado, CA",1343,25:29,8:13,M 35-39/9,M-39,85,25:38,53.21%
124,Sandi Briner,"San Diego, CA",1292,25:32,8:14,F 40-44/4,F-43,39,25:43,61.20%
125,Danilo Bautista,"San Diego, CA",1352,25:33,8:14,M 45-49/8,M-49,86,25:38,57.31%
126,Kim Schaeffer,"San Diego, CA",1328,25:33,8:14,M 50-54/4,M-53,87,25:37,59.20%
127,Luis Scheibe,"Carlsbad, CA",1526,25:37,8:15,M 01-12/5,M-9,88,26:12,63.87%
128,Luke Thomas,"San Diego, CA",1449,25:38,8:15,M 25-29/14,M-29,89,25:45,50.42%
129,Matt Thompson,"San Diego, CA",1467,25:39,8:16,M 30-34/13,M-32,90,27:00,50.72%
130,Chase Amos,"San Diego, CA",1466,25:40,8:16,M 18-24/11,M-24,91,27:00,50.29%
131,Ellis Slack,"San Diego, CA",1435,25:46,8:18,M 55-59/4,M-56,92,25:54,60.19%
132,Gary Rotto,"San Diego, CA",1147,25:56,8:21,M 50-54/5,M-52,93,25:58,57.81%
133,Jesse Herrera,"San Diego, CA",1003,25:59,8:22,M 40-44/10,M-40,94,26:04,52.57%
134,David Magana,"Chula Vista, CA",1230,26:03,8:24,M 35-39/10,M-36,95,26:08,50.96%
135,Greg Duenas,"San Diego, CA",1274,26:04,8:24,M 35-39/11,M-38,96,26:09,51.63%
136,Jason Udan,"Chula Vista, CA",1624,26:04,8:24,M 30-34/14,M-33,97,26:04,50.10%
137,Michael Chambrello,"SAN DIEGO, CA",1648,26:05,8:24,M 25-29/15,M-25,98,34:17,49.49%
138,Pedro Garcia,"San Diego, CA",1174,26:06,8:24,M 35-39/12,M-37,99,26:12,51.18%
139,Tanya Spenst,"Encinitas, CA",1484,26:08,8:25,F 30-34/4,F-33,40,26:10,56.92%
140,Joey Izidorc,"SAN DIEGO, CA",1641,26:08,8:25,M 55-59/5,M-56,100,26:11,59.35%
141,Kiyomi Powers,"Chula Vista, CA",1233,26:14,8:27,F 40-44/5,F-41,41,26:21,58.68%
142,Eric Villhauer,"San Diego, CA",1474,26:15,8:27,M 25-29/16,M-27,101,26:23,49.17%
143,Cybele Thompson,"San Diego, CA",1450,26:16,8:28,F 45-49/5,F-45,42,26:20,60.51%
144,Walter Bateman,"SAN DIEGO, CA",1646,26:17,8:28,M 60-64/2,M-63,102,26:25,62.69%
145,Becky Yzaguirre,"San Diego, CA",1232,26:19,8:28,F 45-49/6,F-47,43,26:23,61.60%
146,Brad Cano,"El Cajon, CA",1561,26:24,8:30,M 55-59/6,M-55,103,26:28,58.24%
147,Karla Onstott,"San Diego, CA",1168,26:25,8:30,F 35-39/7,F-36,44,26:34,56.82%
148,Tracy White,"San Diego, CA",1116,26:28,8:32,F 18-24/4,F-22,45,26:28,55.95%
149,Dennis Nelson,"San Diego, CA",1522,26:33,8:33,M 35-39/13,M-38,104,26:36,50.69%
150,Peggy Yamamoto,"San Diego, CA",1460,26:40,8:35,F 45-49/7,F-47,46,26:42,60.79%
151,Ryan Gilbert,"Escondido, CA",1179,26:43,8:36,M 40-44/11,M-42,105,26:53,51.87%
152,Christine Antonelli,"Solana Beach, CA",1199,26:45,8:37,F 50-54/3,F-50,47,27:34,62.72%
153,Don Counts,"San Diego, CA",1134,26:47,8:38,M 45-49/9,M-47,106,26:49,53.80%
154,Blake Duplass,"San Diego, CA",1037,26:50,8:38,M 25-29/17,M-27,107,35:41,48.10%
155,Elizabeth Byrnes,"Carlsbad, CA",1573,26:53,8:40,F 55-59/3,F-59,48,26:59,70.22%
156,Kelli Barrett,"Santa Barbara, CA",1137,26:56,8:40,F 50-54/4,F-50,49,27:01,62.29%
157,Morgan Vanderpool,"Costa Mesa, CA",1453,26:58,8:41,M 35-39/14,M-35,108,27:04,48.92%
158,Jim Aiken,"Jamul, CA",1567,26:59,8:41,M 50-54/6,M-50,109,27:07,54.70%
159,Christopher Cooke,"San Diego, CA",1275,27:01,8:42,M 30-34/15,M-33,110,27:07,48.33%
160,Pete Gutana,"San Diego, CA",1216,27:02,8:42,M 35-39/15,M-38,111,27:13,49.78%
161,John Parker,"Costa Mesa, CA",1419,27:05,8:43,M 35-39/16,M-39,112,32:49,50.06%
162,Kelley Smith,"La Jolla, CA",1555,27:07,8:44,F 50-54/5,F-50,50,30:42,61.87%
163,Sara Kenniston,"San Diego, CA",1171,27:08,8:44,F 25-29/7,F-26,51,27:15,54.58%
164,Joshua Garrett,"San Diego, CA",1380,27:15,8:47,M 30-34/16,M-34,113,27:23,48.16%
165,Mark Wurtenberger,"San Diego, CA",1192,27:16,8:47,M 30-34/17,M-30,114,27:20,47.46%
166,Judy Galindo,"Lemon Grove, CA",1586,27:19,8:48,F 30-34/5,F-30,52,27:26,54.21%
167,David Pradel,"San Diego, CA",1310,27:19,8:48,M 18-24/12,M-18,115,27:27,48.84%
168,Jennifer Cooper,"San Diego, CA",1247,27:20,8:48,F 25-29/8,F-29,53,29:30,54.18%
169,Hayden Moore,"Spring Valley, CA",1065,27:21,8:49,M 01-12/6,M-12,116,27:57,54.39%
170,Eric Hollister,"San Diego, CA",1587,27:29,8:51,M 30-34/18,M-30,117,27:31,47.09%
171,Lan Jefferson,"San Diego, CA",1389,27:30,8:52,F 40-44/6,F-43,54,27:40,56.82%
172,Justin Couvignor,"SAN DIEGO, CA",1643,27:34,8:53,M 13-17/9,M-15,118,27:38,50.51%
173,Allison McClung,"San Diego, CA",1008,27:38,8:54,F 18-24/5,F-24,55,27:43,53.59%
174,Richard Bromley,"National City, CA",1229,27:40,8:55,M 50-54/7,M-50,119,27:46,53.35%
175,Michael Mateo,"Liverpool, NY",1407,27:40,8:55,M 18-24/13,M-23,120,27:40,46.65%
176,Amanda Vraga,"San Diego, CA",1012,27:42,8:55,F 25-29/9,F-26,56,27:48,53.46%
177,David Blumberg,"San Diego, CA",1481,27:44,8:56,M 40-44/12,M-43,121,27:46,50.39%
178,Jerri Brown,"San Diego, CA",806,27:46,8:57,F 55-59/4,F-57,57,27:56,66.13%
179,Adriana Bernal,"San Diego, CA",1487,27:47,8:57,F 18-24/6,F-23,58,27:50,53.30%
180,Gia Kengott,"San Diego, CA",1135,27:48,8:57,F 18-24/7,F-23,59,27:53,53.27%
181,Aaran Lutz,"EL CAJON, CA",1637,27:52,8:58,M 18-24/14,M-24,122,27:52,46.32%
182,Jessica Kasl,"El Cajon, CA",1054,27:52,8:59,F 01-12/4,F-12,60,31:48,58.47%
183,Millie Van Horn,"Santee, CA",1017,28:00,9:01,F 13-17/4,F-13,61,28:01,57.06%
184,Matthew Frost,"San Diego, CA",1324,28:06,9:03,M 13-17/10,M-14,123,28:07,50.50%
185,Jackie Meyer,"San Diego, CA",1412,28:07,9:03,F 50-54/6,F-50,62,28:14,59.67%
186,Lana Tiley,"San Diego, CA",1172,28:09,9:04,F 18-24/8,F-23,63,28:15,52.61%
187,Lawrence Barnett,"Carlsbad, CA",1346,28:12,9:05,M 55-59/7,M-59,124,28:19,56.42%
188,Nany McMichael,"NATIONAL CITY, CA",1642,28:18,9:07,F 35-39/8,F-38,64,28:21,53.51%
189,Michelle Nichols,"El Cajon, CA",1468,28:21,9:08,F 40-44/7,F-43,65,28:21,55.12%
190,Rheesa Eddings,"San Diego, CA",1122,28:22,9:08,F 40-44/8,F-42,66,28:25,54.67%
191,Chelsea Zendejas,"Escondido, CA",1316,28:24,9:09,F 13-17/5,F-14,67,29:17,55.37%
192,Kelly Wood,"San Diego, CA",1231,28:26,9:09,F 40-44/9,F-43,68,28:30,54.96%
193,Lynn Scozzari,"Vista, CA",816,28:32,9:11,F 50-54/7,F-52,69,28:37,60.26%
194,Martha De Leon,"Coronado, CA",1369,28:34,9:12,F 45-49/8,F-48,70,28:38,57.33%
195,Bev Coalson,"San Diego, CA",1580,28:40,9:14,F 65-69/1,F-66,71,28:49,72.95%
196,Patricia Betts,"San Diego, CA",1024,28:46,9:16,F 25-29/10,F-25,72,37:31,51.48%
197,Vicki Moore,"Fallbrook, CA",1140,28:49,9:17,F 55-59/5,F-57,73,28:55,63.72%
198,Marianne McLean,"Lakeside, CA",809,28:50,9:17,F 50-54/8,F-52,74,28:53,59.63%
199,Petrea Hodge,"Jamul, CA",1189,28:52,9:18,F 40-44/10,F-43,75,28:55,54.13%
200,Flora Li,"La Jolla, CA",1311,29:02,9:21,F 18-24/9,F-23,76,39:06,51.01%
501,Melissa Lambertus,"San Deigo, CA",1472,1:13:33,23:41,F 25-29/42,F-25,265,1:27:00,20.13%
502,Maggie Barritt,"Santee, CA",1495,1:15:36,24:20,F 13-17/12,F-16,266,1:24:44,20.24%
503,Marty Barritt,"Santee, CA",1496,1:15:37,24:21,F 50-54/22,F-51,267,1:24:45,22.44%
504,Sarah English,"Santee, CA",1501,1:15:37,24:21,F 25-29/43,F-26,268,1:24:45,19.58%
505,Dimple Talisetty,"San Diego, CA",1447,1:16:04,24:29,F 35-39/37,F-39,269,1:19:15,19.99%
506,Abby Riordan,"San Diego, CA",7350,1:16:06,24:30,F 01-12/15,F-8,270,1:19:48,23.81%
507,Celia Macbean,"San Diego, CA",1196,1:16:13,24:32,F 01-12/16,F-11,271,1:20:24,21.83%
508,Khristy Rodriguez,"Escondido, CA",1315,1:16:51,24:45,F 13-17/13,F-13,272,1:20:44,20.78%
509,Ozzie Desantiago,"San Diego, CA",1212,1:17:26,24:56,M 35-39/31,M-35,237,1:17:26,17.03%
510,Bonny Garza,"San Diego, CA",1476,1:17:44,25:02,F 30-34/33,F-34,273,1:24:24,19.17%
511,Clemente Valdez,"San Diego, CA",1478,1:17:44,25:02,M 25-29/31,M-27,238,1:24:24,16.60%
512,Paige Edwards,"San Diego, CA",1475,1:17:45,25:02,F 25-29/44,F-26,274,1:24:25,19.04%
513,Paul Gasper,"San Diego, CA",1471,1:18:13,25:11,M 25-29/32,M-29,239,1:22:48,16.52%
514,Robert Carmichael,"Poway, CA",1576,1:18:24,25:14,M 01-12/16,M-11,240,1:18:24,19.52%
515,Veronica Navarro,"El Cajon, CA",1285,1:19:05,25:28,F 40-44/39,F-44,275,1:19:05,19.90%
516,Jessica Rodriguez,"Mexicali, ",1488,1:19:20,25:32,F 30-34/34,F-30,276,1:20:51,18.66%
517,Sandra Mora,"San Diego, CA",9156,1:19:59,25:45,F 18-24/25,F-23,277,1:19:59,18.51%
518,Cindy Salonga,"San Marcos, CA",1078,1:20:08,25:48,F 30-34/35,F-31,278,1:38:57,18.49%
519,Kathy Hewitt,"Rancho Santa Fe, CA",1532,1:20:11,25:49,F 50-54/23,F-54,279,1:20:11,22.00%
520,Julie Hile,"Aliso Viejo, CA",1184,1:20:16,25:51,F 50-54/24,F-53,280,1:20:16,21.70%
521,Tyler Epp,"San Diego, CA",1286,1:21:11,26:08,M 35-39/32,M-35,241,1:27:03,16.24%
522,Lisa Cox,"Oceanside, CA",1308,1:22:03,26:25,F 40-44/40,F-44,281,1:26:09,19.18%
523,Jackie West,"San Diego, CA",1133,1:23:20,26:50,F 30-34/36,F-32,282,1:36:46,17.80%
524,Ericka Dunning,"San Diego, CA",1124,1:23:20,26:50,F 30-34/37,F-32,283,1:36:48,17.80%
525,Mary Gay,"San Diego, CA",1125,1:23:20,26:50,F 30-34/38,F-33,284,1:36:44,17.84%
526,Alexander Golu,"El Cajon, CA",1309,1:23:40,26:56,M 01-12/17,M-7,242,1:27:46,21.28%
527,Cristiana Golu,"El Cajon, CA",805,1:23:41,26:56,F 45-49/20,F-47,285,1:27:46,19.36%
528,Fisher Cherney,"San Diego, CA",1579,1:25:40,27:35,M 01-12/18,M-10,243,1:31:57,18.43%
529,Jonathan Garcia,"San Diego, CA",1161,1:26:59,28:00,F 13-17/14,F-13,286,1:36:07,18.36%
530,David Vasquez,"San Diego, CA",1159,1:27:24,28:08,M 55-59/11,M-59,244,1:34:39,18.20%
531,Sara Guerra,"San Diego, CA",1155,1:27:24,28:08,F 30-34/39,F-33,287,1:34:39,17.01%
532,Paul Vasquez,"San Diego, CA",1160,1:27:25,28:08,M 40-44/26,M-40,245,1:34:40,15.62%
533,Carmen Vasquez,"San Diego, CA",1158,1:27:26,28:09,F 55-59/15,F-55,288,1:34:37,20.44%
534,Ryan Kelleher,"San Diego, CA",1157,1:27:27,28:09,M 25-29/33,M-29,246,1:34:39,14.77%
535,Tiba Farahani,"San Diego, CA",1237,1:27:29,28:10,F 30-34/40,F-33,289,1:27:29,17.00%
536,Alexander Palazuelos,"El Cajon, CA",1068,1:28:28,28:29,M 01-12/19,M-8,247,1:41:43,19.24%
537,Kristen Palazuelos,"El Cajon, CA",1069,1:28:34,28:31,F 30-34/41,F-31,290,1:41:48,16.73%
538,Guy Shobe,"Encinitas, CA",1193,1:29:33,28:50,M 45-49/25,M-46,248,1:29:33,15.95%
539,Camille Hughes,"Poway, CA",20081,1:30:29,29:08,M 50-54/14,M-51,249,1:30:29,16.43%
540,Morgan Spangler,"San Diego, CA",1084,1:31:36,29:29,F 25-29/45,F-26,291,1:31:36,16.16%
541,Heidi Klein,"San Diego, CA",1056,1:31:38,29:30,F 01-12/17,F-6,292,1:31:38,21.32%
542,Alexis Mullard,"La Jolla, CA",1149,1:37:20,31:20,F 01-12/18,F-11,293,1:37:20,17.09%
543,Kurt Krummel,"San Diego, CA",1393,1:38:06,31:35,M 35-39/33,M-38,250,1:42:53,13.71%
544,Isabella Bowles,"San Diego, CA",1029,1:38:48,31:48,F 01-12/19,F-5,294,1:38:48,20.67%
545,Cassidy Sitter,"San Diego, CA",1083,1:42:33,33:01,F 45-49/21,F-48,295,1:42:33,15.96%
546,Natasha McKown,"Poway, CA",1410,1:45:24,33:56,F 01-12/20,F-8,296,1:45:24,17.19%
