Place,Name,Location,Bib,Net Time,Pace,Division/Place,Sex-Age,Sex-Place,Gun Time,Age Grade
1,Robert Rust,"Garden Grove, CA",157,30:36,7:39,M 40-44/1,M-42,1,1:38:37,59.18%
2,Jonathan Cordero,"Irvine, CA",647,31:24,7:51,M 30-34/1,M-32,2,56:03,54.12%
3,Anthony Giove,"Fountain Valley, CA",707,31:52,7:58,M 13-19/1,M-17,3,31:52,55.42%
4,Andrew Newfer,"Eastvale, CA",47,31:53,7:59,M 13-19/2,M-16,4,31:54,56.12%
5,Dylan Kent,"Irvine, CA",1393,32:01,8:01,M 20-24/1,M-23,5,39:00,52.66%
6,Scott Van Horn,"Aliso Viejo, CA",1844,32:45,8:12,M 45-49/1,M-45,6,32:45,56.57%
7,Cody Foster,"Anaheim, CA",963,32:47,8:12,M 13-19/3,M-18,7,32:48,53.20%
8,Michelle Barton,"Laguna Niguel, CA",1951,33:27,8:22,F 40-44/1,F-40,1,50:10,59.42%
9,Harry Lopez,"La Mirada, CA",138,35:06,8:47,M 30-34/2,M-33,8,35:08,48.60%
10,David Wyatt,"Santa Ana, CA",1032,35:13,8:49,M 50-54/1,M-51,9,35:13,55.16%
11,Partick Amato,"Santa Monica, CA",1823,35:15,8:49,M 30-34/3,M-30,10,1:33:47,47.97%
12,Jon Pribaz,"Santa Monica, CA",1826,35:15,8:49,M 25-29/1,M-29,11,1:33:47,47.87%
13,Christian Martinez,"Santa Ana, CA",64,35:20,8:50,M 25-29/2,M-28,12,1:03:16,47.71%
14,Vincent Valenzuela,"Lake Forest, CA",1209,35:34,8:54,M 30-34/4,M-34,13,1:00:16,48.15%
15,Jeff Snyder,"Tustin, CA",344,36:08,9:02,M 45-49/2,M-48,14,5:29:47,52.47%
16,Matt Smith,"Los Angeles, CA",769,36:25,9:07,M 30-34/5,M-32,15,1:00:31,46.66%
17,Garen Bostanian,"Granada Hills, CA",1711,36:25,9:07,M 13-19/4,M-17,16,36:25,48.49%
18,Keanu Moreno,"Corona, CA",1197,36:33,9:09,M 13-19/5,M-14,17,36:35,50.73%
19,Paul Vujovich,"Laguna Niguel, CA",679,36:59,9:15,M 45-49/3,M-48,18,1:51:41,51.26%
20,Arlene Ishino,"Santa Ana, CA",1518,37:09,9:18,F 60-99/1,F-60,2,57:45,66.92%
21,Jen Hollingsworth,"Laguna Hills, CA",198,37:24,9:21,F 25-29/1,F-28,3,38:35,51.43%
22,Melanie Bever,"Huntington Beach, CA",1682,37:28,9:22,F 25-29/2,F-29,4,1:05:22,51.36%
23,Daniel Perez,"Whittier, CA",1909,37:55,9:29,M 30-34/6,M-30,19,1:22:56,44.59%
24,Ryan Sanner,"Riverside, CA",158,38:03,9:31,M 30-34/7,M-32,20,1:05:58,44.65%
25,Sabrina Ikalowych,"Mission Viejo, CA",629,38:09,9:33,F 45-49/1,F-46,5,1:55:51,54.63%
26,Bhishma Donnelly,"Costa Mesa, CA",330,38:14,9:34,M 25-29/3,M-27,21,58:48,44.09%
27,Robert Pittman,"Cypress, CA",2316,38:27,9:37,M 13-19/6,M-19,22,5:32:04,44.80%
28,Tanner James,"Anaheim, CA",960,38:32,9:38,M 13-19/7,M-17,23,38:34,45.82%
29,Shawnt Karakozian,"Northridge, CA",1791,38:58,9:45,M 13-19/8,M-14,24,38:58,47.58%
30,Michael Aguilar,"Costa Mesa, CA",1427,39:04,9:46,M 45-49/4,M-49,25,1:32:28,48.95%
31,Arizona Dalman,"Hacienda Heights, CA",875,39:09,9:48,M 13-19/9,M-13,26,39:09,48.42%
32,Matthew Larmon,"Irvine, CA",5742,39:09,9:48,M 30-34/8,M-33,27,39:09,43.57%
33,Anthony Sahagun,"San Jacinto, CA",1138,39:10,9:48,M 20-24/2,M-21,28,1:03:50,43.21%
34,Nic Neuville,"Trabuco Canyon, CA",100,39:30,9:53,M 13-19/10,M-13,29,39:31,47.99%
35,Norma Lantzsch,"Corona, CA",1070,39:32,9:53,F 40-44/2,F-43,6,39:34,51.33%
36,Todd Garrett,"Los Angeles, CA",2140,39:36,9:54,M 45-49/5,M-46,30,1:54:17,47.16%
37,Sal Sanchez,"Irvine, CA",46,39:39,9:55,M 25-29/4,M-26,31,1:47:42,42.51%
38,Manuel Gonzalez,"Anaheim, CA",1076,39:42,9:56,M 20-24/3,M-24,32,46:40,42.46%
39,James Bewley,"La Habra, CA",2328,40:00,10:00,M 13-19/11,M-18,33,6:40:22,43.60%
40,Michael Molina,"Lake Forest, CA",1837,40:03,10:01,M 30-34/9,M-30,34,1:07:58,42.21%
41,Andy King,"Corona, CA",276,40:06,10:02,M 40-44/2,M-42,35,1:48:07,45.16%
42,Sean Watson,"Pasadena, CA",741,40:12,10:03,M 35-39/1,M-35,36,1:41:03,42.85%
43,Elizabeth Hoss,"Aliso Viejo, CA",54,40:15,10:04,F 30-34/1,F-34,7,1:38:44,48.14%
44,Paul Lucero,"Costa Mesa, CA",111,40:27,10:07,M 40-44/3,M-44,37,1:05:07,45.47%
45,Timothy Stelter,"Trabuco Canyon, CA",94,40:55,10:14,M 45-49/6,M-47,38,40:57,46.01%
46,Tim Rand,"Mission Viejo, CA",1481,41:04,10:16,M 40-44/4,M-43,39,1:49:07,44.42%
47,Andrew Wu,"San Diego, CA",925,41:20,10:20,M 20-24/4,M-22,40,2:11:59,40.78%
48,David Michaels,"Long Beach, CA",1356,41:25,10:22,M 35-39/2,M-36,41,1:02:03,41.83%
49,Aaron Chavira,"Las Vegas, NV",1557,41:30,10:23,M 30-34/10,M-32,42,1:09:26,40.94%
50,Jeff Parks,"Mission Viejo, CA",562,41:38,10:25,M 50-54/2,M-50,43,53:48,46.30%
51,Paul Stine,"Murrieta, CA",1272,41:40,10:25,M 25-29/5,M-29,44,1:02:15,40.50%
52,Mat Castaneda,"Orange, CA",1793,41:46,10:27,M 45-49/7,M-46,45,2:29:00,44.71%
53,Elizabeth Majewski,"Lake Forest, CA",1176,41:53,10:29,F 30-34/2,F-31,8,1:37:53,45.98%
54,Meredith Church,"Santa Ana, CA",1397,41:55,10:29,F 35-39/1,F-38,9,1:47:46,46.90%
55,Artin Vartanian,"Granada Hills, CA",1878,41:57,10:30,M 13-19/12,M-15,46,41:57,43.36%
56,Jose Gallegos,"La Puente, CA",5710,42:07,10:32,M 30-34/11,M-33,47,1:10:03,40.50%
57,Keenan Small,"Riverside, CA",561,42:08,10:32,M 13-19/13,M-19,48,58:52,40.88%
58,Scooter Takacs,"Laguna Hills, CA",761,42:12,10:33,M 20-24/5,M-24,49,49:11,39.94%
59,Steven Sheu,"South El Monte, CA",1452,42:18,10:35,M 30-34/12,M-32,50,1:10:13,40.17%
60,Courtney Alexander,"Irvine, CA",488,42:18,10:35,F 25-29/3,F-28,10,1:20:17,45.49%
61,Arman Amin,"Granada Hills, CA",1789,42:41,10:41,M 13-19/14,M-15,51,42:41,42.62%
62,Mark Chavez,"Pasadena, CA",1352,42:43,10:41,M 55-59/1,M-55,52,1:57:24,46.99%
63,Arland Van Horn,"Aliso Viejo, CA",1846,42:45,10:42,F 40-44/3,F-42,11,1:50:47,47.11%
64,Rick Simon,"Rancho Cucamonga, CA",966,42:49,10:43,M 35-39/3,M-35,53,1:43:41,40.23%
65,Cesar Suarez,"Long Beach, CA",903,42:50,10:43,M 35-39/4,M-37,54,1:43:41,40.72%
66,Jersain Renteria,"Santa Ana, CA",918,42:51,10:43,M 25-29/6,M-27,55,42:51,39.34%
67,Dave Whiting,"Mission Viejo, CA",2164,42:52,10:43,M 55-59/2,M-56,56,54:16,47.26%
68,Michael Chorlian,"Northridge, CA",5009,42:57,10:45,M 13-19/15,M-16,57,42:57,41.65%
69,Brian Nguyen,"Tustin, CA",1517,43:01,10:46,M 25-29/7,M-27,58,1:03:36,39.19%
70,Rito Muro,"Rancho Cucamonga, CA",1858,43:02,10:46,M 35-39/5,M-35,59,1:43:55,40.02%
71,Josh Oskins,"Orange, CA",243,43:04,10:46,M 25-29/8,M-28,60,1:07:44,39.14%
72,Jennifer Lesher,"Corona Del Mar, CA",1631,43:09,10:48,F 25-29/4,F-25,12,1:11:03,44.59%
73,Kristina Dennis,"Murrieta, CA",1680,43:12,10:48,F 25-29/5,F-29,13,1:25:02,44.54%
74,Luis Araujo,"Long Beach, CA",162,43:15,10:49,M 25-29/9,M-25,61,1:41:47,38.97%
75,Antranig Shahmelikian,"Reseda, CA",1641,43:17,10:50,M 13-19/16,M-16,62,43:18,41.33%
76,Danvy Le,"Corona Del Mar, CA",1339,43:21,10:51,F 25-29/6,F-29,14,1:25:12,44.38%
77,Garo Kaprielian,"Granada Hills, CA",5062,43:23,10:51,M 13-19/17,M-14,63,43:23,42.74%
78,Nykeia Harris,"Riverside, CA",613,43:33,10:54,F 30-34/3,F-31,15,46:45,44.22%
79,Adan Mendoza,"Orange, CA",814,43:33,10:54,M 35-39/6,M-35,64,1:42:03,39.55%
80,Danny O'Malley,"Lake Forest, CA",1747,43:38,10:55,M 45-49/8,M-48,65,1:04:14,43.45%
81,Joey Flores,"Garden Grove, CA",713,43:41,10:56,M 30-34/13,M-34,66,1:42:11,39.20%
82,Kelly Williams,"Rancho Santa Margarita, CA",1234,43:50,10:58,F 35-39/2,F-39,16,47:02,45.11%
83,Scott Filbin,"Huntington Beach, CA",247,43:54,10:59,M 25-29/10,M-27,67,1:08:34,38.40%
84,Joel Sanchez,"South El Monte, CA",751,43:56,10:59,M 25-29/11,M-27,68,1:04:31,38.37%
85,Tim Neuville,"Trabuco Canyon, CA",99,44:01,11:01,M 45-49/9,M-48,69,44:03,43.07%
86,Jim Phibbs,"Riverside, CA",343,44:09,11:03,M 35-39/7,M-36,70,1:45:00,39.24%
87,Keith Romero,"Long Beach, CA",225,44:09,11:03,M 13-19/18,M-18,71,44:11,39.50%
88,Ashley Carrillo,"Lancaster, CA",1928,44:10,11:03,F 20-24/1,F-21,17,56:20,43.56%
89,Joe Piscotty,"Irvine, CA",375,44:12,11:03,M 25-29/12,M-28,72,1:18:46,38.14%
90,Zelek Kebede,"Pacific Palisades, CA",1559,44:23,11:06,M 25-29/13,M-25,73,1:04:58,37.98%
91,Areg Demirjian,"Studio City, CA",1700,44:24,11:06,M 13-19/19,M-15,74,44:24,40.97%
92,Brian Stewart,"Anaheim, CA",1362,44:29,11:08,M 25-29/14,M-29,75,1:05:08,37.93%
93,Mario Perez,"Los Angeles, CA",798,44:31,11:08,M 25-29/15,M-26,76,1:09:11,37.87%
94,Matt Briones,"Alta Loma, CA",992,44:34,11:09,M 40-44/5,M-41,77,1:40:40,40.33%
95,Daniel Barrera,"Bloomington, CA",1811,44:38,11:10,M 25-29/16,M-27,78,1:05:12,37.77%
96,Emylee King,"Corona, CA",277,44:42,11:11,F 13-19/1,F-13,18,47:53,46.44%
97,Alex Rodriguez,"Anaheim, CA",486,44:44,11:11,M 20-24/6,M-24,79,51:42,37.68%
98,Louis Astbury,"Pleasanton, CA",2306,44:55,11:14,M 25-29/17,M-25,80,5:55:28,37.53%
99,Rolando Velasco,"Maywood, CA",910,44:58,11:15,M 25-29/18,M-28,81,1:05:34,37.49%
100,Teri Jones,"Yorba Linda, CA",405,45:03,11:16,F 40-44/4,F-42,19,1:53:05,44.71%
