Place,Name,Location,Bib,Net Time,Pace,Division/Place,Sex-Age,Sex-Place,Gun Time,Age Grade
1,Ricky Barnes,"Trabuco Canyon, CA",6427,20:00,5:00,M 25-29/1,M-26,1,20:01,84.32%
2,Jon Clark,"Rancho Santa Margarita, CA",7085,20:49,5:13,M 35-39/1,M-36,2,20:50,83.25%
3,Billy Gaudreau,"Dana Point, CA",9250,21:12,5:18,M 13-19/1,M-16,3,21:12,84.42%
4,*junior Rosas,"Escondido, CA",6141,22:12,5:33,M 13-19/2,M-18,4,22:13,78.59%
5,John Evans,"Costa Mesa, CA",6502,25:03,6:16,M 20-24/1,M-24,5,25:07,67.31%
6,Brett Harnish,"El Cajon, CA",6534,25:16,6:19,M 13-19/3,M-19,6,25:18,68.18%
7,Vincent Valenzuela,", ",9329,25:54,6:29,M 30-34/1,M-33,7,34:04,65.87%
8,*jason Johnson,"Canoga Park, CA",6078,26:18,6:35,M 35-39/2,M-35,8,30:19,65.50%
9,Tom Albright,"Newport Beach, CA",6403,26:47,6:42,M 50-54/1,M-54,9,26:49,74.35%
10,Robert Gilmore,"Chino, CA",6519,26:48,6:42,M 25-29/2,M-26,10,30:50,62.91%
11,Sarah Paddow,", ",9321,26:48,6:42,F 13-19/1,F-18,1,26:50,72.56%
12,Adam Alcaraz,"Mission Viejo, CA",6404,27:00,6:45,M 35-39/3,M-35,11,27:02,63.80%
13,*anthony Maldonado,"San Dimas, CA",6109,27:04,6:46,M 30-34/2,M-30,12,31:06,62.48%
14,*jessie Rosas,"Escondido, CA",6140,27:25,6:52,F 13-19/2,F-18,2,27:26,70.92%
15,*kathleen Schultz,"Santa Ana, CA",6154,27:30,6:53,F 13-19/3,F-16,3,31:31,72.35%
16,Kevin Dunning,"Rancho Santa Margarita, CA",6493,27:40,6:55,M 35-39/4,M-35,13,50:39,62.27%
17,Theodore Lin,"Irvine, CA",6570,27:49,6:58,M 20-24/2,M-22,14,31:50,60.61%
18,Spencer Wong,"Saratoga, CA",6733,27:49,6:58,M 20-24/3,M-22,15,31:51,60.61%
19,*sarah Attar,"Escondido, CA",6010,27:52,6:58,F 13-19/4,F-17,4,27:53,70.56%
20,Joshua Almazan,"Campbell, CA",6405,27:57,7:00,M 20-24/4,M-22,16,31:59,60.32%
21,Clemente Coronado Jr,"Lancaster, CA",7086,28:04,7:01,M 30-34/3,M-30,17,32:10,60.25%
22,Brian Fahmie,"San Diego, CA",9249,28:13,7:04,M 20-24/5,M-24,18,28:14,59.75%
23,*jacob Cunningham,"Aliso Viejo, CA",6039,28:17,7:05,M 20-24/6,M-23,19,36:30,59.61%
24,Jocie Seaton,"Newport Beach, CA",6674,28:21,7:06,F 13-19/5,F-16,5,36:34,70.18%
25,Ben Delaney,"Orange, CA",7207,28:52,7:13,M 35-39/5,M-35,20,28:57,59.68%
26,*roberto Salamanca,"Hawthorne, CA",6150,28:58,7:15,M 25-29/3,M-28,21,29:01,58.20%
27,Mikael Lode,"Mission Viejo, CA",6574,29:18,7:20,M 13-19/4,M-16,22,29:22,61.07%
28,Lisa Thuer,"Long Beach, CA",7229,29:27,7:22,F 25-29/1,F-29,6,52:24,65.35%
29,Aiko Araki,"Garden Grove, CA",6416,29:29,7:23,F 13-19/6,F-19,7,37:39,65.55%
30,Juan Moreno,"Highland Park, CA",6604,29:29,7:23,M 45-49/1,M-45,23,52:26,62.84%
31,Kelly Caulfield,"Garden Grove, CA",6470,29:29,7:23,F 13-19/7,F-17,8,37:39,66.69%
32,Salvador Noyola,"9336 San Miguel Ave, CA",6618,29:30,7:23,M 20-24/7,M-24,24,1:19:06,57.15%
33,James Holguin,"Chino, CA",6547,29:36,7:24,M 25-29/4,M-26,25,33:38,56.96%
34,Dale Giernet,"San Diego, CA",6518,29:40,7:25,M 45-49/2,M-46,26,33:43,62.96%
35,Cris Phelps,"Temecula, CA",6637,29:46,7:27,M 35-39/6,M-35,27,33:49,57.87%
36,Erica Tenwalde,"Huntington Beach, CA",6699,29:46,7:27,F 20-24/1,F-23,9,29:49,64.65%
37,Paul Delgado,"Corona, CA",6479,29:51,7:28,M 35-39/7,M-38,28,33:54,58.88%
38,Jen Hollingsworth,"Laguna Hills, CA",6548,29:52,7:28,F 25-29/2,F-28,10,33:55,64.43%
39,Elena Andrade,"Compton, CA",7215,29:54,7:29,F 30-34/1,F-32,11,33:57,64.53%
40,Tom Poulin,"Irvine, CA",7098,30:27,7:37,M 30-34/4,M-33,29,30:29,56.02%
41,Timothy Stelter,"Trabuco Canyon, CA",6691,30:37,7:40,M 45-49/3,M-46,30,30:41,61.00%
42,Josh Breazile,"Long Beach, CA",9238,30:43,7:41,M 25-29/5,M-29,31,1:02:07,54.94%
43,Richie Reyna,"Long Beach, CA",9237,30:43,7:41,M 30-34/5,M-32,32,1:02:07,55.32%
44,Joven Almazan,"Sun City, CA",7081,30:53,7:44,M 25-29/6,M-28,33,34:59,54.59%
45,Rebecca Prentice,"Newport Beach, CA",6640,30:55,7:44,F 25-29/3,F-25,12,34:56,62.24%
46,Daniel Barraza,", ",9332,31:08,7:47,M 35-39/8,M-35,34,1:20:41,55.33%
47,Maureen Lode,"Mission Viejo, CA",6573,31:25,7:52,F 40-44/1,F-43,13,31:28,64.92%
48,*lynne Castillo,"Thousand Oaks, CA",6033,31:44,7:56,F 45-49/1,F-49,14,59:12,68.47%
49,*eddie Martinez,"Long Beach, CA",6111,31:53,7:59,M 30-34/6,M-33,35,1:07:49,53.50%
50,Dylan Van Iwaarden,"Chino Hills, CA",6711,32:01,8:01,M 40-44/1,M-41,36,1:14:25,56.15%
51,Greg Hass,"Huntington Beach, CA",6536,32:02,8:01,M 13-19/5,M-13,37,32:05,59.19%
52,Carolyn Smuts,"Huntington Beach, CA",6685,32:02,8:01,F 35-39/1,F-36,15,32:05,60.96%
53,Ward Strona,"Mira Loma, CA",6693,32:02,8:01,M 55-59/1,M-57,38,59:30,63.77%
54,David Barrows,"Irvine, CA",6429,32:17,8:05,M 40-44/2,M-41,39,59:47,55.68%
55,*kent Roberts,"Costa Mesa, CA",6136,32:21,8:06,M 30-34/7,M-32,40,36:26,52.53%
56,Karen Knighton,"Tustin, CA",6559,32:22,8:06,F 30-34/2,F-33,16,36:26,59.71%
57,Josh Nessa,"Mission Viejo, CA",6612,32:25,8:07,M 25-29/7,M-28,41,32:26,52.01%
58,*paul Stine,"Murrieta, CA",6161,32:35,8:09,M 25-29/8,M-28,42,45:38,51.74%
59,Danny Bouz,"San Dimas, CA",6440,32:43,8:11,M 20-24/8,M-23,43,40:56,51.53%
60,Refugio Marquez,"Long Beach, CA",6590,32:45,8:12,M 20-24/9,M-24,44,32:50,51.48%
61,Caley Strong,"Long Beach, CA",7171,33:06,8:17,M 25-29/9,M-26,45,37:11,50.93%
62,James Canepa,"Corona, CA",6461,33:08,8:17,M 30-34/8,M-31,46,37:12,51.13%
63,Mike Brown,"La Habra, CA",6448,33:16,8:19,M 25-29/10,M-25,47,37:22,50.68%
64,*eric Lisker,"Newport Beach, CA",6097,33:17,8:20,M 30-34/9,M-30,48,37:20,50.80%
65,Alex Caracciolo,"La Verne, CA",6462,33:22,8:21,F 20-24/2,F-23,17,41:35,57.67%
66,Sean Coolidge,"Santa Ana, CA",6475,33:25,8:22,M 30-34/10,M-31,49,37:28,50.70%
67,Devon Caracciolo,"La Verne, CA",6463,33:28,8:22,F 20-24/3,F-23,18,41:40,57.50%
68,Cynthia Gonzales,"Murrieta, CA",7089,33:33,8:24,F 30-34/3,F-30,19,46:34,57.36%
69,Amy Gray,"Riverside, CA",9260,33:33,8:24,F 25-29/4,F-29,20,46:37,57.36%
70,lisa biscan,"riverside, CA",9259,33:33,8:24,F 25-29/5,F-29,21,46:37,57.36%
71,Ryan Sandburg,"Orange, CA",7220,33:35,8:24,M 20-24/10,M-23,50,37:37,50.20%
72,Scott Hohenstein,"Anaheim, CA",9216,33:35,8:24,M 20-24/11,M-23,51,37:37,50.20%
73,Alejandro Mejia,"Temecula, CA",7095,33:47,8:27,M 35-39/9,M-39,52,37:52,52.42%
74,Autumn Chavez,"Laguna Hills, CA",6473,33:51,8:28,F 13-19/8,F-16,22,42:04,58.77%
75,Kathryn Glaser,"Long Beach, CA",6521,33:51,8:28,F 20-24/4,F-22,23,42:05,56.85%
76,Jessica Nevarez,"Downey, CA",6615,33:52,8:28,F 20-24/5,F-20,24,42:05,56.82%
77,*deborah McCraney,"La Verne, CA",6114,33:53,8:29,F 45-49/2,F-45,25,37:57,61.27%
78,James Diaz,"Long Beach, CA",6481,33:55,8:29,M 30-34/11,M-30,53,42:13,49.85%
79,Daniel Njogu,"Anaheim, CA",6617,33:56,8:29,M 30-34/12,M-31,54,1:05:20,49.93%
80,Scooter Takacs,"Laguna Hills, CA",6696,33:56,8:29,M 20-24/12,M-24,55,33:59,49.68%
81,Kenny Elifritz,"Riverside, CA",6496,34:08,8:32,M 20-24/13,M-22,56,34:10,49.39%
82,Tim Neuville,"Trabuco Canyon, CA",6614,34:09,8:33,M 45-49/4,M-48,57,34:12,55.52%
83,reymundo zapata,"imperial beach, CA",9240,34:21,8:36,M 25-29/11,M-28,58,38:27,49.08%
84,Hunter Hagenbuch,"Newport Beach, CA",9239,34:23,8:36,M 20-24/14,M-24,59,1:16:49,49.03%
85,*matthew Liu,"Pasadena, CA",6100,34:23,8:36,M 13-19/6,M-16,60,38:27,52.04%
86,Mike Silva,"Long Beach, CA",6680,34:26,8:37,M 30-34/13,M-30,61,42:44,49.10%
87,*kelli Liu,"Pasadena, CA",6101,34:30,8:38,F 13-19/9,F-15,26,38:34,58.39%
88,*eric Hermann,"Orange, CA",6069,34:34,8:39,M 40-44/3,M-41,62,51:46,52.00%
89,*joe Vermilyer,"Orange, CA",6175,34:34,8:39,M 30-34/14,M-30,63,51:47,48.91%
90,Nick Cilic,"Newport Beach, CA",6474,34:36,8:39,M 25-29/12,M-28,64,34:38,48.72%
91,Nicole Robinson,"Chino, CA",6662,34:37,8:40,F 30-34/4,F-32,27,51:47,55.73%
92,*ryan Rhea,"Aliso Viejo, CA",6134,34:38,8:40,M 25-29/13,M-29,65,42:51,48.72%
93,Lizzie Valentine,"Laguna Hills, CA",6709,34:44,8:41,F 13-19/10,F-15,28,42:57,57.99%
94,Jananda Hill,"Santa Monica, CA",9248,34:49,8:43,F 20-24/6,F-21,29,1:38:25,55.27%
95,duncs burns,"santa monica, CA",9247,34:49,8:43,M 35-39/10,M-35,66,1:38:25,49.47%
96,Erin Amico,"Costa Mesa, CA",6408,34:50,8:43,F 20-24/7,F-23,30,47:51,55.24%
97,Larry Holmes,"Fullerton, CA",6549,34:51,8:43,M 40-44/4,M-44,67,38:57,52.78%
98,David Prescott,"Chino, CA",6641,34:51,8:43,M 20-24/15,M-20,68,38:56,48.90%
99,Jessica Prescott,"Chino, CA",6642,34:51,8:43,F 20-24/8,F-24,31,38:57,55.22%
100,Heather Phelps,"Temecula, CA",6638,34:54,8:44,F 30-34/5,F-34,32,52:05,55.52%
101,Jeff Aguilar,"Portola Hills, CA",7217,34:55,8:44,M 30-34/15,M-34,69,43:08,49.04%
102,*brian Grieser,"Wildomar, CA",6061,34:58,8:45,M 30-34/16,M-33,70,43:15,48.78%
103,*shane Birdsill,"Northridge, CA",6022,35:04,8:46,M 35-39/11,M-36,71,39:06,49.41%
104,Bj Haeck,"San diego, CA",9258,35:11,8:48,M 40-44/5,M-40,72,1:02:40,50.71%
105,Juan Muniz,", ",9334,35:14,8:49,M 25-29/14,M-27,73,1:17:38,47.85%
106,Jacqueline Ocariz,"Long Beach, CA",6621,35:14,8:49,F 20-24/9,F-24,33,39:18,54.61%
107,*lee Kennedy,"Woodland Hills, CA",6081,35:18,8:50,M 25-29/15,M-29,74,52:30,47.80%
108,Eric Schow,"Anaheim, CA",6671,35:21,8:51,M 35-39/12,M-36,75,39:23,49.01%
109,*christopher Murphy,"Pomona, CA",6120,35:34,8:54,M 50-54/2,M-54,76,58:28,55.98%
110,Mike Zerkel,"Irvine, CA",9229,35:41,8:56,M 40-44/6,M-42,77,48:46,50.75%
111,Sven Lode,"Mission Viejo, CA",6575,36:09,9:03,M 45-49/5,M-45,78,36:12,51.25%
112,Ryan Shackleford,"Santa Ana, CA",6677,36:19,9:05,M 35-39/13,M-36,79,40:21,47.70%
113,Will Hemsley,"Laguna Beach, CA",6538,36:35,9:09,M 30-34/17,M-30,80,49:37,46.22%
114,*elizabeth Benson,"San Diego, CA",9301,36:52,9:13,F 30-34/6,F-31,34,59:46,52.24%
115,Edwin Rodriguez,"Whittier, CA",9217,37:02,9:16,M 35-39/14,M-39,81,37:04,47.82%
116,Villie London,"Los Angeles, CA",6577,37:07,9:17,F 40-44/2,F-41,35,1:13:01,54.09%
117,Kenton Case,"Santa Ana, CA",6465,37:09,9:18,M 13-19/7,M-13,82,37:14,51.03%
118,*bernice Maldonado,"San Dimas, CA",6108,37:11,9:18,F 30-34/7,F-32,36,54:21,51.88%
119,Hans Famularo,"Mission Viejo, CA",6505,37:24,9:21,M 35-39/15,M-37,83,1:00:21,46.63%
120,Breana Famularo,"Mission Viejo, CA",6504,37:25,9:22,F 35-39/2,F-35,37,1:00:22,51.96%
121,Kyle Nakayama,"Los Angeles, CA",6611,37:26,9:22,M 20-24/16,M-24,84,37:28,45.03%
122,Brent Harrison,"Huntington Beach, CA",6535,37:30,9:23,M 25-29/16,M-28,85,41:33,44.95%
123,Jeff Dowding,"Mission Viejo, CA",6487,37:34,9:24,M 55-59/2,M-55,86,45:45,53.44%
124,Frank Bravo,"Corona Del  Mar, CA",7084,37:39,9:25,M 55-59/3,M-58,87,1:05:09,54.69%
125,Jessica Barnes,"Trabuco Canyon, CA",6426,37:44,9:26,F 25-29/6,F-28,38,50:46,50.99%
126,David Goldenberg,"Foothill Ranch, CA",9234,37:52,9:28,M 35-39/16,M-35,88,41:57,45.49%
127,*ann Beatty,"Oceanside, CA",6019,38:01,9:31,F 30-34/8,F-34,39,46:15,50.96%
128,*chris Beatty,"Oceanside, CA",6020,38:01,9:31,M 40-44/7,M-41,89,46:15,47.28%
129,Jessica Magadan,"Baldwin Park, CA",6586,38:06,9:32,F 20-24/10,F-23,40,42:08,50.48%
130,Victor Woody Luna,"El Monte, CA",6582,38:07,9:32,M 30-34/18,M-32,90,42:08,44.58%
131,Christopher Poulin,"San Diego, CA",7097,38:10,9:33,M 20-24/17,M-24,91,38:11,44.17%
132,Doug Remington,"Burbank, CA",6656,38:17,9:35,M 60-99/1,M-60,92,1:05:46,54.75%
133,Kevin Stiles,"Ladera Ranch, CA",6692,38:17,9:35,M 40-44/8,M-42,93,1:05:46,47.30%
134,Kristin Perkoski,"Laguna Niguel, CA",6636,38:17,9:35,F 20-24/11,F-20,41,46:29,50.26%
135,Jenny Foca,"Laguna Niguel, CA",6514,38:17,9:35,F 13-19/11,F-17,42,46:29,51.35%
136,Gelbert De Guzman,"Walnut, CA",7087,38:20,9:35,M 25-29/17,M-26,94,38:22,43.98%
137,Ethan Ignoffo,"Mission Viejo, CA",6550,38:23,9:36,M 13-19/8,M-13,95,51:25,49.39%
138,Tia Shields,"Mission Viejo, CA",6679,38:23,9:36,F 30-34/9,F-33,43,51:25,50.35%
139,Stacy cornejo,"palmdale, CA",9265,38:28,9:37,F 20-24/12,F-22,44,38:30,50.02%
140,*jonathan Rehm,"La Verne, CA",6133,38:30,9:38,M 20-24/18,M-23,96,46:44,43.79%
141,*william O'Connor,"San Diego, CA",6123,38:34,9:39,M 30-34/19,M-34,97,46:48,44.40%
142,*terren O'Reilly,"San Diego, CA",6124,38:34,9:39,F 25-29/7,F-26,45,46:47,49.89%
143,*kris Murphy,"Palm Springs, CA",6121,38:44,9:41,F 40-44/3,F-40,46,1:01:41,51.44%
144,*alfredo Lopez,"Granada Hills, CA",6104,38:48,9:42,M 50-54/3,M-53,98,46:59,50.88%
145,Philippe Kahn,"Redondo Beach, CA",9235,38:54,9:44,M 35-39/17,M-35,99,1:10:18,44.28%
146,Russell Buniel,"Redondo Beach, CA",9236,38:55,9:44,M 13-19/9,M-18,100,1:10:19,44.82%
147,Paul Felix,"La Puente, CA",6506,38:58,9:45,M 20-24/19,M-21,101,1:10:24,43.43%
148,Gerardo Limon,"Pomona, CA",6569,39:01,9:46,M 20-24/20,M-21,102,1:10:27,43.38%
149,Memory Lesaca,"long beach, CA",9243,39:05,9:47,F 20-24/13,F-24,47,47:15,49.23%
150,Kristin Raub,"Irvine, CA",6653,39:07,9:47,F 25-29/8,F-25,48,52:11,49.19%
151,Noel Boon,"Sherman Oaks, CA",6438,39:09,9:48,M 35-39/18,M-35,103,52:13,43.99%
152,Mel Lexus Abellon,"Walnut, CA",7080,39:10,9:48,M 13-19/10,M-18,104,39:11,44.53%
153,Athena Keller,"Sherman Oaks, CA",6555,39:11,9:48,F 35-39/3,F-37,49,52:15,50.04%
154,Saleem Razaqui,"Aliso Viejo, CA",6654,39:14,9:49,M 35-39/19,M-36,105,43:16,44.16%
155,Oscar Ruiz,"Tustin, CA",6665,39:16,9:49,M 25-29/18,M-29,106,52:23,42.97%
156,Francisco Arellano,"Fullerton, CA",6417,39:17,9:50,M 25-29/19,M-26,107,52:23,42.91%
157,reynaldo garcia,"fullerton, CA",9222,39:18,9:50,M 25-29/20,M-27,108,52:23,42.89%
158,Nicolas Neuville,"Trabuco Canyon, CA",6613,39:18,9:50,M 13-19/11,M-13,109,39:22,48.24%
159,Darin Hallstrom,"Santa Ana, CA",9205,39:25,9:52,M 40-44/9,M-43,110,43:29,46.28%
160,Jordan Paige,"long beach, CA",9242,39:26,9:52,M 25-29/21,M-28,111,47:36,42.75%
161,Falyn Wilson,"Costa Mesa, CA",6731,39:36,9:54,F 20-24/14,F-24,50,52:38,48.59%
162,*johnpaul K Mbuya,"Anaheim, CA",6113,39:42,9:56,M 30-34/20,M-30,112,1:11:06,42.59%
163,Justin Thompson,"Anaheim, CA",9246,39:48,9:57,M 25-29/22,M-29,113,47:58,42.40%
164,Nichole Johnson,"Yorba Linda, CA",6552,39:50,9:58,F 20-24/15,F-23,51,52:57,48.30%
165,Andra McAdams,"Vista, CA",6594,39:50,9:58,F 20-24/16,F-22,52,52:56,48.30%
166,Sara Ancich,"La Mirada, CA",6410,40:05,10:02,F 35-39/4,F-35,53,53:07,48.50%
167,JON TORRES,"Los Angeles, CA",9207,40:05,10:02,M 20-24/21,M-24,114,1:54:15,42.05%
168,Dusan Ancich,"La Mirada, CA",6409,40:05,10:02,M 35-39/20,M-36,115,53:07,43.22%
169,Joseph Fink,"Newport Beach, CA",7088,40:06,10:02,M 20-24/22,M-21,116,1:07:33,42.20%
170,Lauren Bissell,"Torrance, CA",7083,40:06,10:02,F 13-19/12,F-19,54,1:07:32,48.19%
171,Pauline Minns,"Trabuco Canyon, CA",6601,40:12,10:03,F 50-54/1,F-50,55,1:07:39,54.71%
172,Karen Brackley,"Trabuco Canyon, CA",6444,40:12,10:03,F 45-49/3,F-46,56,1:07:39,52.18%
173,*brenda Barba,"Rancho Cucamonga, CA",6014,40:16,10:04,F 30-34/10,F-33,57,44:18,47.99%
174,Gladys Castillo,"Chino, CA",6467,40:17,10:05,F 25-29/9,F-27,58,44:20,47.76%
175,Jamie Parrott,"Huntington Beach, CA",7235,40:20,10:05,F 25-29/10,F-25,59,1:03:13,47.71%
176,*lauren Gravatt,"San Diego, CA",6060,40:23,10:06,F 20-24/17,F-24,60,48:34,47.65%
177,*cristin Morton,"Fresno, CA",6118,40:24,10:06,F 25-29/11,F-27,61,48:34,47.63%
178,Lysset Tapia,"Rancho Santa Margarita, CA",9320,40:31,10:08,F NoAge/0,F-0,62,53:37, 0.00%
179,Selin Cacao,"Orange, CA",6456,40:32,10:08,M 35-39/21,M-35,117,44:35,42.49%
180,*jennifer Delatorre,"Rancho Santa Margarita, CA",6042,40:33,10:09,F 20-24/18,F-21,63,53:38,47.45%
181,Alyssa Dowding,"Santa Ana, CA",6486,40:33,10:09,F 25-29/12,F-27,64,48:44,47.45%
182,Cynthia Aquino,"Mira Loma, CA",6415,40:33,10:09,F 30-34/11,F-32,65,57:43,47.57%
183,*jennifer Widney,"Rancho Cucamonga, CA",6184,40:37,10:10,F 30-34/12,F-33,66,44:39,47.58%
184,*rebecca Lopez,"Burbank, CA",6102,40:43,10:11,F 25-29/13,F-26,67,48:57,47.26%
185,Debra Douglass,"Coto de Caza, CA",9256,40:45,10:12,F 35-39/5,F-35,68,1:08:15,47.71%
186,*melissa Lopez,"Granada Hills, CA",6103,40:47,10:12,F 20-24/19,F-23,69,48:57,47.18%
187,*allison Hewitt,"Granada Hills, CA",6071,40:48,10:12,F 20-24/20,F-24,70,48:58,47.16%
188,*dawn Walters,"Los Angeles, CA",6180,40:50,10:13,F 40-44/4,F-40,71,1:03:45,48.80%
189,Jessica Van Iwaarden,"Chino Hills, CA",6712,40:58,10:15,F 13-19/13,F-14,72,1:23:22,49.86%
190,*lisa Krutak,"Canyon Country, CA",6089,40:58,10:15,F 30-34/13,F-30,73,54:00,46.97%
191,Candice London,"Costa Mesa, CA",6576,40:58,10:15,F 30-34/14,F-32,74,54:01,47.09%
192,Michelle Estrada,"Phillips Ranch, CA",6501,40:58,10:15,F 25-29/14,F-26,75,54:02,46.97%
193,*cathy Roxas,"San Bernardino, CA",6145,40:59,10:15,F 35-39/6,F-36,76,54:01,47.64%
194,*eric Scheel,"Granada Hills, CA",6153,41:00,10:15,M 30-34/21,M-30,118,45:05,41.24%
195,*danny Frias,"Northridge, CA",6054,41:08,10:17,M 30-34/22,M-32,119,45:12,41.31%
196,Annechristine Lode,"Mission Viejo, CA",6572,41:09,10:18,F 13-19/14,F-14,77,41:13,49.64%
197,*sherae Van Hoosen,"Perris, CA",6171,41:13,10:19,F 30-34/15,F-31,78,58:22,46.72%
198,Johana Leon,"El Monte, CA",7093,41:15,10:19,F 25-29/15,F-29,79,58:24,46.65%
199,Erica Hernandez,"Pico Rivera, CA",7091,41:17,10:20,F 30-34/16,F-30,80,58:24,46.61%
200,Tom Valenti,"Aliso Viejo, CA",9252,41:19,10:20,M 20-24/23,M-24,120,1:30:54,40.80%
