
191,Ashley Elston-Hurdle,F,30,"Redlands, CA",37 out of 262,10 out of 145,3 out of 24, 58.87% Place: 47,1:50:48 Pace: 8:28,1:50:48,1:50:58,24:10 Pace: 7:47,56:24 Pace: 8:11,1:23:12 Pace: 8:20
204,April McElfish,F,30,"Redlands, CA",44 out of 262,13 out of 145,4 out of 24, 58.19% Place: 53,1:52:05 Pace: 8:33,1:52:05,1:53:31,24:22 Pace: 7:51,57:35 Pace: 8:21,1:25:31 Pace: 8:34
357,Suong Thai,F,30,"Loma Linda, CA",63 out of 262,22 out of 145,6 out of 24, 55.00% Place: 73,1:58:35 Pace: 9:03,1:58:35,1:58:56,26:44 Pace: 8:36,1:00:37 Pace: 8:48,1:29:53 Pace: 9:00
399,Tania McCracken,F,41,"Mentone, CA",75 out of 262,29 out of 145,3 out of 17, 56.49% Place: 61,2:00:13 Pace: 9:11,2:00:13,2:00:26,27:51 Pace: 8:58,1:03:44 Pace: 9:15,1:33:14 Pace: 9:20
307,Carol Cronk,F,52,"Apple Valley, CA",85 out of 262,33 out of 145,5 out of 17, 62.16% Place: 26,2:02:14 Pace: 9:20,2:02:14,2:02:23,28:38 Pace: 9:13,1:03:45 Pace: 9:15,1:33:03 Pace: 9:19
274,Cristina Gonzalez,F,28,"Rialto, CA",119 out of 262,53 out of 145,16 out of 24, 49.00% Place: 132,2:13:04 Pace: 10:10,2:13:04,2:13:18,30:40 Pace: 9:53,1:10:21 Pace: 10:12,1:42:31 Pace: 10:16
299,Ernesto Arauza,M,24,"Los Angeles, CA",120 out of 262,67 out of 117,2 out of 4, 43.85% Place: 183,2:13:10 Pace: 10:10,2:13:10,2:13:32,31:17 Pace: 10:04,1:10:17 Pace: 10:12,1:42:19 Pace: 10:14
364,Dannielle Ivey,F,37,"Redlands, CA",125 out of 262,56 out of 145,4 out of 12, 49.55% Place: 124,2:13:57 Pace: 10:14,2:13:57,2:15:03,32:52 Pace: 10:35,1:12:53 Pace: 10:34,1:43:37 Pace: 10:22
