Bib,Name,Gender,Age,Hometown,Overall,Men,M 20-24,Age/Grade,Finish,Chip Time,Gun Time
162,Matt Linman,M,24,"Riverside, CA",1 out of 354,1 out of 195,1 out of 16, 80.49% Place: 4,15:44 Pace: 5:04,15:42,15:44
493,Phil Orr,M,44,"Riverside, CA",2 out of 354,2 out of 195,1 out of 12, 84.34% Place: 3,16:23 Pace: 5:17,16:19,16:23
217,Aaron Olswanger,M,26,"Carlsbad, CA",3 out of 354,3 out of 195,1 out of 9, 76.28% Place: 9,16:37 Pace: 5:21,16:34,16:37
515,Gengyzkan Martinez,M,21,"Highland, CA",4 out of 354,4 out of 195,2 out of 16, 75.98% Place: 10,16:38 Pace: 5:22,16:38,16:41
710,Alec Fillmore,M,18,"Riverside, CA",5 out of 354,5 out of 195,1 out of 17, 76.84% Place: 7,16:58 Pace: 5:28,16:58,16:59
609,Marco Arteaga,M,43,"Colton, CA",6 out of 354,6 out of 195,2 out of 12, 79.11% Place: 5,17:15 Pace: 5:34,17:15,17:17
720,Trevor Smith,M,17,"Riverside, CA",7 out of 354,7 out of 195,2 out of 17, 75.70% Place: 11,17:27 Pace: 5:37,17:27,17:33
719,Thomas Beyer,M,38,"Murrieta, CA",8 out of 354,8 out of 195,1 out of 18, 75.17% Place: 13,17:33 Pace: 5:39,17:33,17:36
513,Ryan Grover,M,32,"Loma Linda, CA",9 out of 354,9 out of 195,1 out of 10, 69.03% Place: 23,18:23 Pace: 5:55,18:23,18:25
52,Kelsey Deforge,F,22,"Redlands, CA",10 out of 354,1 out of 159,1 out of 7, 76.35% Place: 8,18:30 Pace: 5:58,18:26,18:30
527,Eric Guerrero,M,18,"Rialto, CA",11 out of 354,10 out of 195,3 out of 17, 70.27% Place: 20,18:33 Pace: 5:58,18:33,20:17
612,Andrew Benavidez,M,50,"Riverside, CA",12 out of 354,11 out of 195,1 out of 13, 77.74% Place: 6,18:33 Pace: 5:59,18:33,18:41
709,Ryan Freeman,M,14,"Highland, CA",13 out of 354,12 out of 195,1 out of 25, 74.56% Place: 14,18:41 Pace: 6:01,18:41,18:44
492,Michelle Prowse,F,25,"Loma Linda, CA",14 out of 354,2 out of 159,1 out of 11, 75.53% Place: 12,18:42 Pace: 6:02,18:38,18:42
738,David Parke,M,61,"San Bernardino, CA",15 out of 354,13 out of 195,1 out of 9, 84.79% Place: 2,18:52 Pace: 6:05,18:52,18:55
497,Fred Lindsley,M,62,"Grand Terrace, CA",16 out of 354,14 out of 195,2 out of 9, 85.65% Place: 1,18:53 Pace: 6:05,18:53,18:56
75,Robert Gates Sr,M,39,"Banning, CA",17 out of 354,15 out of 195,2 out of 18, 68.33% Place: 26,19:26 Pace: 6:16,19:26,19:30
630,Mark Hawkins,M,14,"Riverside, CA",18 out of 354,16 out of 195,2 out of 25, 69.88% Place: 21,19:56 Pace: 6:25,19:56,19:59
137,Clara Kerley,F,25,"Murray, UT",19 out of 354,3 out of 159,2 out of 11, 70.43% Place: 18,20:03 Pace: 6:27,19:59,20:03
247,Oscar Reyes,M,28,"Rialto, CA",20 out of 354,17 out of 195,2 out of 9, 62.14% Place: 52,20:20 Pace: 6:33,20:20,20:25
614,Saul Tello,M,13,"Rialto, CA",21 out of 354,18 out of 195,3 out of 25, 69.34% Place: 22,20:34 Pace: 6:38,20:34,20:37
713,Brandon Berz,M,12,"Riverside, CA",22 out of 354,19 out of 195,1 out of 25, 71.11% Place: 17,20:37 Pace: 6:39,20:37,20:41
418,Marvin Barragan,M,17,"San Bernardino, CA",23 out of 354,20 out of 195,4 out of 17, 63.25% Place: 46,20:53 Pace: 6:44,20:53,20:59
520,Danniel Patton,M,25,"Loma Linda, CA",24 out of 354,21 out of 195,3 out of 9, 60.26% Place: 67,20:58 Pace: 6:45,20:58,21:43
204,Luis Motta,M,33,"San Bernardino, CA",25 out of 354,22 out of 195,2 out of 10, 60.80% Place: 61,21:00 Pace: 6:46,21:00,21:04
749,Enrique Lopez,M,44,"Rialto, CA",26 out of 354,23 out of 195,3 out of 12, 65.20% Place: 40,21:06 Pace: 6:48,21:06,22:50
126,Peter Jaramillo,M,18,"Riverside, CA",27 out of 354,24 out of 195,5 out of 17, 61.72% Place: 55,21:07 Pace: 6:48,21:07,21:14
458,Matthew Neria,M,25,"Moreno Valley, CA",28 out of 354,25 out of 195,4 out of 9, 59.78% Place: 70,21:08 Pace: 6:48,21:08,21:19
475,Michael Pecaut,M,38,"Redlands, CA",29 out of 354,26 out of 195,3 out of 18, 62.07% Place: 53,21:15 Pace: 6:51,21:15,21:31
506,David Martinez,M,32,"Riverside, CA",30 out of 354,27 out of 195,3 out of 10, 59.43% Place: 71,21:21 Pace: 6:53,21:21,21:45
409,Alex Clark,M,34,"Redlands, CA",31 out of 354,28 out of 195,4 out of 10, 60.00% Place: 68,21:25 Pace: 6:54,21:25,21:48
160,Robin Lie,M,36,"Loma Linda, CA",32 out of 354,29 out of 195,4 out of 18, 60.45% Place: 65,21:32 Pace: 6:56,21:32,21:35
459,Terrance Sims,M,13,"Rialto, CA",33 out of 354,30 out of 195,4 out of 25, 66.18% Place: 36,21:33 Pace: 6:56,21:33,21:37
1261,Melia Mandujano,M,31,", CA",34 out of 354,31 out of 195,5 out of 10, 58.09% Place: 77,21:45 Pace: 7:00,21:45,22:26
67,Adam Fernandez,M,12,"Loma Linda, CA",35 out of 354,32 out of 195,2 out of 25, 67.30% Place: 30,21:47 Pace: 7:01,21:47,21:52
25,Brian Baur,M,51,"Moreno Valley, CA",36 out of 354,33 out of 195,2 out of 13, 66.55% Place: 32,21:51 Pace: 7:02,21:51,21:58
457,Tony Allison,M,45,"Upland, CA",37 out of 354,34 out of 195,1 out of 16, 63.29% Place: 45,21:54 Pace: 7:03,21:54,21:58
74,Robert Gates Jr,M,16,"Banning, CA",38 out of 354,35 out of 195,6 out of 17, 61.00% Place: 58,21:59 Pace: 7:05,21:59,22:26
734,Maurice Beidler,M,60,"Temecula, CA",39 out of 354,36 out of 195,3 out of 9, 71.83% Place: 16,22:02 Pace: 7:06,22:02,22:13
512,Stewart Boden,M,52,"San Bernardino, CA",40 out of 354,37 out of 195,3 out of 13, 66.11% Place: 37,22:11 Pace: 7:09,22:11,22:44
434,Timothy Lane,M,31,"Corona, CA",41 out of 354,38 out of 195,6 out of 10, 56.78% Place: 90,22:15 Pace: 7:10,22:15,22:23
124,Jason Jaramillo,M,23,"Riverside, CA",43 out of 354,40 out of 195,3 out of 16, 56.61% Place: 91,22:19 Pace: 7:11,22:19,22:25
234,Chadwick Pfortmiller,M,13,"Sun City, CA",44 out of 354,41 out of 195,6 out of 25, 63.81% Place: 42,22:21 Pace: 7:12,22:21,22:29
119,Jessi Jaech,F,16,"Moreno Valley, CA",45 out of 354,4 out of 159,1 out of 8, 65.49% Place: 39,22:21 Pace: 7:12,22:21,22:25
139,Kurt Kirouac,M,15,"San Bernardino, CA",46 out of 354,42 out of 195,7 out of 25, 61.02% Place: 57,22:22 Pace: 7:12,22:22,22:26
412,Mark Deboer,M,45,"Redlands, CA",47 out of 354,43 out of 195,2 out of 16, 61.97% Place: 54,22:22 Pace: 7:12,22:22,22:29
618,Nathan Meier,M,13,"Riverside, CA",48 out of 354,44 out of 195,8 out of 25, 63.38% Place: 44,22:30 Pace: 7:15,22:30,22:34
706,Adrianna Robles,F,14,"Grand Terrace, CA",49 out of 354,5 out of 159,1 out of 15, 66.83% Place: 31,22:31 Pace: 7:15,22:31,22:35
14,Esteban Alvarez,M,47,"San Bernardino, CA",50 out of 354,45 out of 195,3 out of 16, 62.37% Place: 51,22:34 Pace: 7:16,22:34,22:41
718,Mike Bonney,M,13,"Redlands, CA",51 out of 354,46 out of 195,9 out of 25, 63.15% Place: 48,22:35 Pace: 7:16,22:35,22:38
22,Omar Arroyo,M,13,"Loma Linda, CA",52 out of 354,47 out of 195,10 out of 25, 62.73% Place: 50,22:44 Pace: 7:19,22:44,22:50
146,Robert Lachausse,M,37,"San Bernardino, CA",53 out of 354,48 out of 195,5 out of 18, 57.59% Place: 81,22:45 Pace: 7:20,22:45,23:44
472,Angel Greencorral,M,11,"San Bernardino, CA",54 out of 354,49 out of 195,3 out of 25, 66.31% Place: 35,22:50 Pace: 7:21,22:50,23:46
514,Chase Keegan,M,14,", CA",55 out of 354,50 out of 195,11 out of 25, 60.82% Place: 60,22:54 Pace: 7:23,22:54,22:56
194,Bob Millar,M,56,"Palm Desert, CA",56 out of 354,51 out of 195,1 out of 7, 66.36% Place: 33,22:55 Pace: 7:23,22:55,23:02
195,Cindy Millar,F,55,"Palm Desert, CA",57 out of 354,6 out of 159,1 out of 8, 73.50% Place: 15,22:55 Pace: 7:23,22:55,23:01
21,Eric Arnott,M,37,"Yucaipa, CA",58 out of 354,52 out of 195,6 out of 18, 57.04% Place: 86,22:58 Pace: 7:24,22:58,22:58
47,Brandon Cota,M,29,"Riverside, CA",59 out of 354,53 out of 195,5 out of 9, 54.69% Place: 105,23:06 Pace: 7:27,23:06,24:03
504,Cynthia Guzman,F,23,"Fontana, CA",60 out of 354,7 out of 159,2 out of 7, 60.87% Place: 59,23:07 Pace: 7:27,23:07,23:19
76,Kevin Giron,M,12,"Loma Linda, CA",61 out of 354,54 out of 195,4 out of 25, 63.05% Place: 49,23:15 Pace: 7:29,23:15,23:22
108,Michael Hornsby,M,18,"Moreno Valley, CA",62 out of 354,55 out of 195,7 out of 17, 56.02% Place: 94,23:16 Pace: 7:30,23:16,23:38
138,David Kirouac,M,43,"San Bernardino, CA",63 out of 354,56 out of 195,4 out of 12, 58.23% Place: 76,23:27 Pace: 7:33,23:27,23:29
189,Kendall McCarthy,M,10,"Redlands, CA",64 out of 354,57 out of 195,5 out of 25, 66.35% Place: 34,23:43 Pace: 7:38,23:43,23:53
180,Alondra Martinez,F,12,"Loma Linda, CA",65 out of 354,8 out of 159,1 out of 12, 65.77% Place: 38,23:48 Pace: 7:40,23:48,23:56
433,Dale Vander Tuig,M,62,"Riverside, CA",66 out of 354,58 out of 195,4 out of 9, 67.56% Place: 29,23:56 Pace: 7:43,23:56,24:04
484,Ben Kumler,M,12,"Redlands, CA",67 out of 354,59 out of 195,6 out of 25, 60.61% Place: 63,24:11 Pace: 7:47,24:11,24:26
410,Mitchel Cleland,M,13,"Riverside, CA",68 out of 354,60 out of 195,12 out of 25, 58.60% Place: 74,24:20 Pace: 7:50,24:20,24:44
1260,Mikey Arbour,M,17,", CA",69 out of 354,61 out of 195,8 out of 17, 54.24% Place: 108,24:21 Pace: 7:51,24:21,25:01
604,James Luna,M,45,"Riverside, CA",70 out of 354,62 out of 195,4 out of 16, 56.80% Place: 89,24:24 Pace: 7:52,24:24,24:49
98,Roger Handysides,M,58,"Redlands, CA",71 out of 354,63 out of 195,2 out of 7, 63.46% Place: 43,24:26 Pace: 7:52,24:26,24:34
86,Carolyn Groeneveld,F,42,"Rialto, CA",72 out of 354,9 out of 159,1 out of 20, 60.30% Place: 66,24:35 Pace: 7:55,24:35,24:51
477,Rod Walters,M,38,"Yucaipa, CA",73 out of 354,64 out of 195,7 out of 18, 53.61% Place: 118,24:36 Pace: 7:55,24:36,24:43
711,Priscilla Grijalva,F,28,"Ontario, CA",74 out of 354,10 out of 159,3 out of 11, 57.01% Place: 87,24:41 Pace: 7:57,24:41,24:56
416,Zachary Martines,M,14,"Beaumont, CA",75 out of 354,65 out of 195,13 out of 25, 55.86% Place: 98,24:56 Pace: 8:02,24:56,25:01
432,Chris Beck,M,32,"Fontana, CA",76 out of 354,66 out of 195,7 out of 10, 50.89% Place: 136,24:56 Pace: 8:02,24:56,25:16
79,Anthony Gomez,M,69,"Redlands, CA",77 out of 354,67 out of 195,1 out of 1, 70.33% Place: 19,25:03 Pace: 8:04,25:03,25:09
270,Jeff Semmens,M,42,"Murrieta, CA",78 out of 354,68 out of 195,5 out of 12, 54.09% Place: 112,25:04 Pace: 8:05,25:04,25:44
293,Jeannie Thompson,F,51,"Highland, CA",79 out of 354,11 out of 159,1 out of 10, 64.04% Place: 41,25:07 Pace: 8:05,25:07,25:15
419,Kevin Jackson,M,12,"Highland, CA",80 out of 354,69 out of 195,7 out of 25, 58.01% Place: 78,25:16 Pace: 8:08,25:16,25:55
80,Ramiro Gomez,M,47,"Highland, CA",81 out of 354,70 out of 195,5 out of 16, 55.51% Place: 102,25:21 Pace: 8:10,25:21,25:27
507,Jordan Underwood,M,12,"Yucaipa, CA",82 out of 354,71 out of 195,8 out of 25, 57.71% Place: 80,25:24 Pace: 8:11,25:24,25:42
746,Eric Arnott,M,54,"Yucaipa, CA",83 out of 354,72 out of 195,4 out of 13, 58.57% Place: 75,25:29 Pace: 8:13,25:29,25:33
301,Skyler Valantine,M,13,"Moreno Valley, CA",84 out of 354,73 out of 195,14 out of 25, 55.88% Place: 97,25:31 Pace: 8:13,25:31,25:53
456,Ryan Gallagner,M,22,"Redlands, CA",85 out of 354,74 out of 195,4 out of 16, 49.44% Place: 152,25:33 Pace: 8:14,25:33,26:38
501,John Perry,M,49,"Chino Hills, CA",86 out of 354,75 out of 195,6 out of 16, 55.86% Place: 99,25:35 Pace: 8:15,25:35,26:17
59,Kipp Duran,M,45,"Redlands, CA",87 out of 354,76 out of 195,7 out of 16, 53.99% Place: 113,25:40 Pace: 8:16,25:40,26:26
1168,Edgar Orozco,M,18,", CA",88 out of 354,77 out of 195,9 out of 17, 50.58% Place: 138,25:45 Pace: 8:18,25:45,26:25
1130,Michael Lim,M,21,"Loma Linda, CA",89 out of 354,78 out of 195,5 out of 16, 48.83% Place: 158,25:54 Pace: 8:21,25:54,25:59
473,Paul Vaccarello,M,51,"Cherry Valley, CA",90 out of 354,79 out of 195,5 out of 13, 55.53% Place: 101,26:11 Pace: 8:26,26:11,26:29
721,Alex Sotelo,M,33,"Riverside, CA",91 out of 354,80 out of 195,8 out of 10, 48.42% Place: 159,26:22 Pace: 8:30,26:22,26:29
505,Janine Ledoux,F,45,"Redlands, CA",92 out of 354,12 out of 159,1 out of 16, 57.47% Place: 82,26:25 Pace: 8:30,26:25,26:42
408,Olivia McKenzie,F,8,"Redlands, CA",93 out of 354,13 out of 159,1 out of 14, 68.70% Place: 24,26:25 Pace: 8:30,26:25,26:50
615,Israel Beltran,M,13,"Rialto, CA",94 out of 354,81 out of 195,15 out of 25, 53.84% Place: 115,26:29 Pace: 8:32,26:29,27:24
610,Jennifer Pehanich,F,31,"Corona, CA",95 out of 354,14 out of 159,1 out of 19, 53.10% Place: 122,26:30 Pace: 8:32,26:30,26:51
733,Fernando Vazquez,M,16,"San Bernardino, CA",96 out of 354,82 out of 195,10 out of 17, 50.54% Place: 140,26:32 Pace: 8:33,26:32,26:40
57,Erin Doolittle,F,8,"Redlands, CA",97 out of 354,15 out of 159,2 out of 14, 68.23% Place: 28,26:36 Pace: 8:34,26:36,26:50
93,Mitchell Hale,M,11,"Loma Linda, CA",98 out of 354,83 out of 195,9 out of 25, 56.88% Place: 88,26:37 Pace: 8:35,26:37,26:42
280,Doug Stephens,M,57,"Temecula, CA",99 out of 354,84 out of 195,3 out of 7, 57.36% Place: 83,26:46 Pace: 8:37,26:46,26:59
291,Beth Thomas,F,44,"Riverside, CA",100 out of 354,16 out of 159,2 out of 20, 55.93% Place: 96,26:55 Pace: 8:40,26:55,27:41
724,Eric Bentley,M,20,"Riverside, CA",101 out of 354,85 out of 195,6 out of 16, 47.36% Place: 173,26:56 Pace: 8:40,26:56,28:10
448,Ben Wesley,M,18,"Redlands, CA",102 out of 354,86 out of 195,11 out of 17, 48.33% Place: 161,26:58 Pace: 8:41,26:58,28:09
446,Morgan Dent,M,20,"Redlands, CA",103 out of 354,87 out of 195,7 out of 16, 47.12% Place: 178,27:04 Pace: 8:43,27:04,27:59
474,Lin Vaccarello,F,50,"Cherry Valley, CA",104 out of 354,17 out of 159,2 out of 10, 58.76% Place: 73,27:05 Pace: 8:43,27:05,27:21
636,Gene Shymanski,M,48,"Redlands, CA",105 out of 354,88 out of 195,8 out of 16, 52.21% Place: 127,27:10 Pace: 8:45,27:10,28:11
191,Mariah McCarthy,F,13,"Redlands, CA",106 out of 354,18 out of 159,2 out of 15, 56.35% Place: 92,27:11 Pace: 8:45,27:11,27:21
626,Mason Gaw,M,9,"Redlands, CA",107 out of 354,89 out of 195,1 out of 12, 60.56% Place: 64,27:13 Pace: 8:46,27:13,27:27
627,Katie Gaw,F,32,"Redlands, CA",108 out of 354,19 out of 159,2 out of 19, 51.70% Place: 130,27:13 Pace: 8:46,27:13,27:27
286,Michael Sylvia,M,37,"Murrieta, CA",109 out of 354,90 out of 195,8 out of 18, 47.87% Place: 164,27:22 Pace: 8:49,27:22,27:41
64,Fred Estrosos,M,57,"San Bernardino, CA",110 out of 354,91 out of 195,4 out of 7, 56.03% Place: 93,27:24 Pace: 8:49,27:24,27:42
32,Kimberly Boehler,F,25,"Riverside, CA",111 out of 354,20 out of 159,4 out of 11, 51.35% Place: 134,27:24 Pace: 8:50,27:24,27:43
219,Eli Opsahl,M,7,"Redlands, CA",112 out of 354,92 out of 195,2 out of 12, 68.30% Place: 27,27:24 Pace: 8:50,27:24,27:38
220,Michelle Opsahl,F,40,"Redlands, CA",113 out of 354,21 out of 159,3 out of 20, 53.31% Place: 120,27:25 Pace: 8:50,27:25,27:38
509,Jeff Boehler,M,53,"Loma Linda, CA",114 out of 354,93 out of 195,6 out of 13, 53.95% Place: 114,27:25 Pace: 8:50,27:25,27:44
113,Joseph Hwang,M,35,"Loma Linda, CA",115 out of 354,94 out of 195,9 out of 18, 47.08% Place: 179,27:28 Pace: 8:51,27:28,27:40
611,Fernando Larios,M,28,"Riverside, CA",116 out of 354,95 out of 195,6 out of 9, 45.99% Place: 188,27:28 Pace: 8:51,27:28,27:40
132,Jo Ann Josephson,F,49,"Colton, CA",117 out of 354,22 out of 159,2 out of 16, 57.18% Place: 85,27:33 Pace: 8:52,27:33,28:26
133,Mark Josephson,M,51,"Colton, CA",118 out of 354,96 out of 195,7 out of 13, 52.74% Place: 124,27:34 Pace: 8:53,27:34,28:26
215,Jim Olson,M,57,"Rancho Cucamonga, CA",119 out of 354,97 out of 195,5 out of 7, 55.66% Place: 100,27:35 Pace: 8:53,27:35,27:44
122,Jim James,M,60,"Redlands, CA",120 out of 354,98 out of 195,5 out of 9, 57.20% Place: 84,27:40 Pace: 8:55,27:40,28:02
99,Aimee Hechanova,F,23,"Loma Linda, CA",121 out of 354,23 out of 159,3 out of 7, 50.46% Place: 142,27:53 Pace: 8:59,27:53,28:42
116,Peter Jackson,M,64,"Moreno Valley, CA",122 out of 354,99 out of 195,6 out of 9, 58.80% Place: 72,28:08 Pace: 9:04,28:08,28:30
315,Bradley Wilson,M,11,"Grand Terrace, CA",123 out of 354,100 out of 195,10 out of 25, 53.69% Place: 116,28:12 Pace: 9:05,28:12,28:58
723,Adam Verharst,M,16,"Azusa, CA",124 out of 354,101 out of 195,12 out of 17, 47.46% Place: 171,28:15 Pace: 9:06,28:15,28:21
265,Arturo Santos Jr,M,48,"Loma Linda, CA",125 out of 354,102 out of 195,9 out of 16, 50.18% Place: 146,28:16 Pace: 9:06,28:16,28:19
714,David Stringer,M,60,"San Bernardino, CA",126 out of 354,103 out of 195,7 out of 9, 55.98% Place: 95,28:16 Pace: 9:06,28:16,28:33
152,Joyce Lazalde,F,57,"Rancho Cucamonga, CA",127 out of 354,24 out of 159,2 out of 8, 60.80% Place: 62,28:25 Pace: 9:09,28:25,29:00
197,Maria Moreno,F,43,"Colton, CA",128 out of 354,25 out of 159,4 out of 20, 52.53% Place: 125,28:26 Pace: 9:09,28:26,28:31
466,Lillian Larsen,F,44,"Redlands, CA",129 out of 354,26 out of 159,5 out of 20, 52.92% Place: 123,28:27 Pace: 9:10,28:27,29:03
212,Russ Nymeyer,M,50,"Mentone, CA",130 out of 354,104 out of 195,8 out of 13, 50.55% Place: 139,28:31 Pace: 9:11,28:31,28:57
102,Pattie Hoffman,F,42,"Highland, CA",131 out of 354,27 out of 159,6 out of 20, 51.89% Place: 129,28:34 Pace: 9:12,28:34,28:43
629,Bill Kennedy,M,76,"Riverside, CA",132 out of 354,105 out of 195,1 out of 1, 68.56% Place: 25,28:36 Pace: 9:13,28:36,29:16
453,Scott Durkin,M,23,"Redlands, CA",133 out of 354,106 out of 195,8 out of 16, 44.01% Place: 213,28:42 Pace: 9:15,28:42,29:48
417,Jessica Johnson,F,13,"Banning, CA",134 out of 354,28 out of 159,3 out of 15, 53.28% Place: 121,28:45 Pace: 9:16,28:45,28:50
127,Jason Jaurigue,M,29,"Redlands, CA",135 out of 354,107 out of 195,7 out of 9, 43.83% Place: 217,28:49 Pace: 9:17,28:49,29:09
438,Ed Quiambao,M,36,"Riverside, CA",136 out of 354,108 out of 195,10 out of 18, 45.11% Place: 196,28:51 Pace: 9:18,28:51,29:03
198,Justin Morin,M,11,"Oak Hills, CA",137 out of 354,109 out of 195,11 out of 25, 52.39% Place: 126,28:54 Pace: 9:19,28:54,29:47
624,Joey Phillips,M,13,"Yucaipa, CA",138 out of 354,110 out of 195,16 out of 25, 49.25% Place: 153,28:57 Pace: 9:19,28:57,29:15
267,Zach Schrier,M,10,"Redlands, CA",139 out of 354,111 out of 195,12 out of 25, 54.22% Place: 109,29:01 Pace: 9:21,29:01,29:08
266,Alex Schrier,M,10,"Redlands, CA",140 out of 354,112 out of 195,13 out of 25, 54.16% Place: 110,29:03 Pace: 9:21,29:03,29:09
623,Tyler Phillips,M,13,"Yucaipa, CA",141 out of 354,113 out of 195,17 out of 25, 49.03% Place: 157,29:05 Pace: 9:22,29:05,29:24
182,Kathleen Martinez,F,38,"Irvine, CA",142 out of 354,29 out of 159,1 out of 15, 49.60% Place: 150,29:05 Pace: 9:22,29:05,29:38
324,Araceli Zaragoza,F,15,", CA",143 out of 354,30 out of 159,4 out of 15, 50.58% Place: 137,29:18 Pace: 9:26,29:18,29:57
525,Jose Juarez,M,50,"Ontario, CA",144 out of 354,114 out of 195,9 out of 13, 49.14% Place: 154,29:20 Pace: 9:27,29:20,30:52
211,Allison Nymeyer,F,23,"Mentone, CA",145 out of 354,31 out of 159,4 out of 7, 47.77% Place: 166,29:27 Pace: 9:29,29:27,29:53
245,Austim Reimer,M,11,"Loma Linda, CA",146 out of 354,115 out of 195,14 out of 25, 51.38% Place: 133,29:28 Pace: 9:29,29:28,29:32
136,Jill Kemock,F,41,"Redlands, CA",147 out of 354,32 out of 159,7 out of 20, 49.66% Place: 149,29:38 Pace: 9:32,29:38,30:26
462,Ryan Padilla,M,15,"San Jacinto, CA",148 out of 354,116 out of 195,18 out of 25, 45.95% Place: 189,29:42 Pace: 9:34,29:42,30:31
478,Maggie King,F,40,"Redlands, CA",149 out of 354,33 out of 159,8 out of 20, 49.07% Place: 155,29:47 Pace: 9:35,29:47,30:57
94,Rachel Hale,F,13,"Loma Linda, CA",150 out of 354,34 out of 159,5 out of 15, 51.40% Place: 132,29:48 Pace: 9:36,29:48,29:52
268,Carolyn Seager,F,36,"Loma Linda, CA",151 out of 354,35 out of 159,2 out of 15, 47.85% Place: 165,29:50 Pace: 9:36,29:50,30:07
705,Jorge Ubeda,M,15,"Rialto, CA",152 out of 354,117 out of 195,19 out of 25, 45.71% Place: 192,29:51 Pace: 9:37,29:51,30:14
712,Rodolfo Felix,M,9,"Highland, CA",153 out of 354,118 out of 195,3 out of 12, 55.18% Place: 104,29:52 Pace: 9:37,29:52,30:33
737,Cesar Romero,M,14,"Moreno Valley, CA",154 out of 354,119 out of 195,20 out of 25, 46.63% Place: 182,29:52 Pace: 9:37,29:52,30:34
463,Eric Padilla,M,40,"San Jacinto, CA",155 out of 354,120 out of 195,6 out of 12, 44.66% Place: 202,29:56 Pace: 9:39,29:56,30:46
326,Holly Humphrey,F,22,"Redlands, CA",156 out of 354,36 out of 159,5 out of 7, 46.90% Place: 180,30:00 Pace: 9:40,30:00,30:47
707,Ligia Ubeda,F,39,"Rialto, CA",157 out of 354,37 out of 159,3 out of 15, 48.38% Place: 160,30:01 Pace: 9:40,30:01,30:24
181,James Martinez,M,37,"San Bernardino, CA",158 out of 354,121 out of 195,11 out of 18, 43.47% Place: 221,30:08 Pace: 9:42,30:08,31:07
88,Martin Gutierrez,M,21,"Highland, CA",159 out of 354,122 out of 195,9 out of 16, 41.94% Place: 236,30:09 Pace: 9:43,30:09,33:05
114,Elisha Ilio,F,19,"Highland, CA",160 out of 354,38 out of 159,2 out of 8, 47.23% Place: 176,30:10 Pace: 9:43,30:10,33:05
153,Steve Lazalde,M,54,"Rancho Cucamonga, CA",161 out of 354,123 out of 195,10 out of 13, 49.47% Place: 151,30:10 Pace: 9:43,30:10,30:44
69,Gabriela Florido,F,17,"Riverside, CA",162 out of 354,39 out of 159,3 out of 8, 47.92% Place: 163,30:13 Pace: 9:44,30:13,30:43
103,Connie Hohmann,F,52,"Riverside, CA",163 out of 354,40 out of 159,3 out of 10, 53.51% Place: 119,30:23 Pace: 9:47,30:23,31:36
183,Rodrigo Martinez,M,9,"Loma Linda, CA",164 out of 354,124 out of 195,4 out of 12, 54.09% Place: 111,30:28 Pace: 9:49,30:28,30:35
11,Delia Adair,F,55,"Rancho Cucamonga, CA",165 out of 354,41 out of 159,3 out of 8, 55.25% Place: 103,30:29 Pace: 9:49,30:29,30:38
486,Mark Kumler,M,43,"Redlands, CA",166 out of 354,125 out of 195,7 out of 12, 44.67% Place: 201,30:34 Pace: 9:51,30:34,30:50
482,Margaret Kumler,F,7,"Redlands, CA",167 out of 354,42 out of 159,3 out of 14, 63.24% Place: 47,30:36 Pace: 9:51,30:36,30:48
620,Gabe Sitowski,M,29,"Loma Linda, CA",168 out of 354,126 out of 195,8 out of 9, 41.14% Place: 244,30:42 Pace: 9:53,30:42,32:05
455,Brian Wise,M,19,"Redlands, CA",169 out of 354,127 out of 195,13 out of 17, 41.94% Place: 237,30:43 Pace: 9:54,30:43,31:54
411,Mary Gonzales,F,54,"Riverside, CA",170 out of 354,43 out of 159,4 out of 10, 53.64% Place: 117,31:01 Pace: 9:59,31:01,31:37
177,Robert Manning,M,51,"Yucaipa, CA",171 out of 354,128 out of 195,11 out of 13, 46.74% Place: 181,31:06 Pace: 10:01,31:06,32:09
34,Melissa Bowie,F,28,"Redlands, CA",172 out of 354,44 out of 159,5 out of 11, 44.97% Place: 198,31:17 Pace: 10:04,31:17,31:55
426,Kimberly Gross,F,49,"Carlsbad, CA",173 out of 354,45 out of 159,3 out of 16, 50.24% Place: 145,31:21 Pace: 10:06,31:21,31:57
402,Yesenia Solis,F,11,"Yucaipa, CA",174 out of 354,46 out of 159,2 out of 12, 51.09% Place: 135,31:27 Pace: 10:08,31:27,31:31
320,Johnnie Ybarra,F,63,"Ontario, CA",175 out of 354,47 out of 159,1 out of 1, 59.86% Place: 69,31:29 Pace: 10:08,31:29,31:39
264,Roy Santos,M,45,"Corona, CA",176 out of 354,129 out of 195,10 out of 16, 43.87% Place: 216,31:35 Pace: 10:10,31:35,33:08
82,Laura Gonser,F,23,"Chino Hills, CA",177 out of 354,48 out of 159,6 out of 7, 44.55% Place: 205,31:35 Pace: 10:10,31:35,32:25
225,Kristin Parker,F,24,"Claremont, CA",178 out of 354,49 out of 159,7 out of 7, 44.48% Place: 208,31:38 Pace: 10:11,31:38,32:26
26,Alice Bechtel,F,0,"Riverside, CA",179 out of 354,50 out of 159,0 out of 0,31:43 Pace: 10:13,31:43,32:40
519,Emily Martin,F,10,"Irvine, CA",180 out of 354,51 out of 159,3 out of 12, 52.20% Place: 128,31:47 Pace: 10:14,31:47,32:21
151,Ramona Lawrence,F,44,"San Bernardino, CA",181 out of 354,52 out of 159,9 out of 20, 47.31% Place: 174,31:49 Pace: 10:15,31:49,33:16
303,Kimberly Van Dyke,F,33,"Redlands, CA",182 out of 354,53 out of 159,3 out of 19, 44.27% Place: 211,31:49 Pace: 10:15,31:49,32:28
226,David Parral Iii,M,41,"Grand Terrace, CA",183 out of 354,130 out of 195,8 out of 12, 42.28% Place: 234,31:50 Pace: 10:15,31:50,32:37
282,Kim Stover,F,13,"Riverside, CA",184 out of 354,54 out of 159,6 out of 15, 48.09% Place: 162,31:51 Pace: 10:15,31:51,32:17
452,Carl Sade,M,19,"Redlands, CA",185 out of 354,131 out of 195,14 out of 17, 40.32% Place: 251,31:57 Pace: 10:17,31:57,33:06
154,Susan Le,F,31,"Loma Linda, CA",186 out of 354,55 out of 159,4 out of 19, 43.76% Place: 218,32:09 Pace: 10:21,32:09,32:15
305,Adriana Verdusco,F,13,"Loma Linda, CA",187 out of 354,56 out of 159,7 out of 15, 47.49% Place: 170,32:14 Pace: 10:23,32:14,32:21
476,Joelle Walters,F,38,"Yucaipa, CA",188 out of 354,57 out of 159,4 out of 15, 44.70% Place: 200,32:17 Pace: 10:24,32:17,32:24
192,Scott McFeeters,M,32,"San Diego, CA",189 out of 354,132 out of 195,9 out of 10, 39.19% Place: 264,32:22 Pace: 10:26,32:22,33:28
471,Susan Corral,F,31,"San Bernardino, CA",190 out of 354,58 out of 159,5 out of 19, 43.36% Place: 223,32:27 Pace: 10:27,32:27,33:33
500,Christian Thompson,M,22,"Moreno Valley, CA",191 out of 354,133 out of 195,10 out of 16, 38.70% Place: 270,32:38 Pace: 10:31,32:38,32:43
743,Trina Maia,F,32,"Loma Linda, CA",192 out of 354,59 out of 159,6 out of 19, 43.07% Place: 227,32:40 Pace: 10:31,32:40,33:56
56,Beth Doolittle,F,41,"Redlands, CA",193 out of 354,60 out of 159,10 out of 20, 45.02% Place: 197,32:41 Pace: 10:32,32:41,33:18
199,Melissa Morin,F,47,"Oak Hills, CA",194 out of 354,61 out of 159,4 out of 16, 47.25% Place: 175,32:42 Pace: 10:32,32:42,33:36
84,Deborah Gray,F,53,"Moreno Valley, CA",195 out of 354,62 out of 159,5 out of 10, 50.26% Place: 144,32:43 Pace: 10:32,32:43,33:20
277,Janet Sodders,F,48,"Moreno Valley, CA",196 out of 354,63 out of 159,5 out of 16, 47.50% Place: 168,32:50 Pace: 10:34,32:50,34:03
278,Jennifer Sodders,F,17,"Moreno Valley, CA",197 out of 354,64 out of 159,4 out of 8, 44.10% Place: 212,32:50 Pace: 10:35,32:50,34:02
27,Brent Bechtel,M,0,"Riverside, CA",198 out of 354,134 out of 195,0 out of 0,32:53 Pace: 10:35,32:53,33:50
628,Mohammed Kamanta,M,15,"Walnut, CA",199 out of 354,135 out of 195,21 out of 25, 41.47% Place: 240,32:54 Pace: 10:36,32:54,33:21
96,Stephen Halles,M,28,"Claremont, CA",200 out of 354,136 out of 195,9 out of 9, 38.35% Place: 275,32:56 Pace: 10:36,32:56,33:47
321,Irene Yeoh,F,41,"Grand Terrace, CA",201 out of 354,65 out of 159,11 out of 20, 44.63% Place: 203,32:58 Pace: 10:37,32:58,33:50
316,Brendon Wilson,M,9,"Grand Terrace, CA",202 out of 354,137 out of 195,5 out of 12, 49.99% Place: 148,32:58 Pace: 10:37,32:58,33:50
233,Brandon Pfortmiller,M,13,"Sun City, CA",203 out of 354,138 out of 195,22 out of 25, 43.23% Place: 226,32:59 Pace: 10:37,32:59,33:07
68,Susan Fitzsimmons-Ralph,F,42,"Norco, CA",204 out of 354,66 out of 159,12 out of 20, 44.49% Place: 207,33:19 Pace: 10:44,33:19,33:35
435,Steven Lanedarden,M,10,"Corona, CA",205 out of 354,139 out of 195,15 out of 25, 47.15% Place: 177,33:22 Pace: 10:45,33:22,33:30
401,Marisa Bline,F,37,"Highland, CA",206 out of 354,67 out of 159,5 out of 15, 42.96% Place: 229,33:24 Pace: 10:45,33:24,34:55
605,Rolando Atiga,M,39,"Redlands, CA",207 out of 354,140 out of 195,12 out of 18, 39.47% Place: 259,33:38 Pace: 10:50,33:38,33:44
276,James Smith,M,59,"Riverside, CA",208 out of 354,141 out of 195,6 out of 7, 46.33% Place: 186,33:48 Pace: 10:53,33:48,34:57
445,Greg Burks,M,39,"Redlands, CA",209 out of 354,142 out of 195,13 out of 18, 39.22% Place: 263,33:51 Pace: 10:54,33:51,34:58
508,Wendy Wolfer,F,37,"Moreno Valley, CA",210 out of 354,68 out of 159,6 out of 15, 42.02% Place: 235,34:09 Pace: 11:00,34:09,34:46
480,Adela Cardenas,F,45,"Perris, CA",211 out of 354,69 out of 159,6 out of 16, 44.38% Place: 209,34:12 Pace: 11:01,34:12,34:15
281,Julie Stover,F,44,"Riverside, CA",212 out of 354,70 out of 159,13 out of 20, 43.99% Place: 215,34:13 Pace: 11:01,34:13,34:38
1139,Maria Luna,F,57,"Rialto, CA",213 out of 354,71 out of 159,4 out of 8, 50.49% Place: 141,34:13 Pace: 11:01,34:13,34:13
174,Brittany Malouff,F,15,"Riverside, CA",214 out of 354,72 out of 159,8 out of 15, 43.29% Place: 225,34:14 Pace: 11:01,34:14,35:10
263,Christina Sandoval,F,12,"Loma Linda, CA",215 out of 354,73 out of 159,4 out of 12, 45.52% Place: 194,34:23 Pace: 11:04,34:23,34:30
42,Yvonne Carter,F,43,"Riverside, CA",216 out of 354,74 out of 159,14 out of 20, 43.35% Place: 224,34:27 Pace: 11:06,34:27,35:01
275,Claudia Smith,F,50,"Riverside, CA",217 out of 354,75 out of 159,6 out of 10, 46.14% Place: 187,34:29 Pace: 11:06,34:29,35:45
97,Queen Hamilton,F,59,"Grand Terrace, CA",218 out of 354,76 out of 159,5 out of 8, 51.45% Place: 131,34:29 Pace: 11:06,34:29,35:45
424,Anthony Gallegos,M,10,"Highland, CA",219 out of 354,143 out of 195,16 out of 25, 45.56% Place: 193,34:31 Pace: 11:07,34:31,34:42
208,Jessica Newstrom,F,32,"Riverside, CA",220 out of 354,77 out of 159,7 out of 19, 40.74% Place: 248,34:32 Pace: 11:07,34:32,35:28
129,Glen Johnsen,M,53,"Moreno Valley, CA",221 out of 354,144 out of 195,12 out of 13, 42.81% Place: 230,34:33 Pace: 11:07,34:33,35:28
44,Donna Celso,F,51,"Redlands, CA",222 out of 354,78 out of 159,7 out of 10, 46.50% Place: 185,34:34 Pace: 11:08,34:34,34:50
489,Celeste Dunlap,F,37,"San Bernardino, CA",223 out of 354,79 out of 159,7 out of 15, 41.45% Place: 241,34:37 Pace: 11:09,34:37,35:27
607,Pamela Nakashima,F,39,"Riverside, CA",224 out of 354,80 out of 159,8 out of 15, 41.86% Place: 238,34:41 Pace: 11:10,34:41,35:33
606,Kerry Siglar,F,37,"Riverside, CA",225 out of 354,81 out of 159,9 out of 15, 41.35% Place: 242,34:42 Pace: 11:11,34:42,35:33
422,Tamera Harris,F,10,"Highland, CA",226 out of 354,82 out of 159,5 out of 12, 47.76% Place: 167,34:44 Pace: 11:11,34:44,34:54
244,Tera Rawls,F,32,"San Bernardino, CA",227 out of 354,83 out of 159,8 out of 19, 40.48% Place: 250,34:45 Pace: 11:11,34:45,34:57
317,Kenny Woodward,M,15,"Corona, CA",228 out of 354,145 out of 195,23 out of 25, 39.23% Place: 262,34:47 Pace: 11:12,34:47,35:34
1177,Denise Petersen,F,34,"Redlands, CA",229 out of 354,84 out of 159,9 out of 19, 40.63% Place: 249,34:48 Pace: 11:13,34:48,36:02
603,Mac Macfarlane,M,64,"Riverside, CA",230 out of 354,146 out of 195,8 out of 9, 47.50% Place: 169,34:49 Pace: 11:13,34:49,36:03
1113,Pamela James,F,47,"Moreno Valley, CA",231 out of 354,85 out of 159,7 out of 16, 44.33% Place: 210,34:51 Pace: 11:13,34:51,35:40
483,William Kumler,M,10,"Redlands, CA",232 out of 354,147 out of 195,17 out of 25, 44.97% Place: 199,34:59 Pace: 11:16,34:59,35:38
318,Nanette Woodward,F,48,"Corona, CA",233 out of 354,86 out of 159,8 out of 16, 44.54% Place: 206,35:01 Pace: 11:17,35:01,35:44
190,Kennedy McCarthy,F,7,"Redlands, CA",234 out of 354,87 out of 159,4 out of 14, 54.61% Place: 106,35:26 Pace: 11:25,35:26,35:35
617,Holly Hansen,F,28,"San Bernardino, CA",235 out of 354,88 out of 159,6 out of 11, 39.52% Place: 258,35:36 Pace: 11:28,35:36,36:31
274,Dominic Sitowski,M,11,"Redlands, CA",236 out of 354,148 out of 195,18 out of 25, 42.52% Place: 231,35:36 Pace: 11:28,35:36,36:58
73,Genevieve Gaede,F,19,"La Habra, CA",237 out of 354,89 out of 159,5 out of 8, 39.70% Place: 256,35:53 Pace: 11:33,35:53,36:21
300,Duane Valantine,M,44,"Moreno Valley, CA",238 out of 354,149 out of 195,9 out of 12, 38.31% Place: 276,35:54 Pace: 11:34,35:54,36:16
441,Eric Boughner,M,24,"Redlands, CA",239 out of 354,150 out of 195,11 out of 16, 34.91% Place: 301,36:11 Pace: 11:39,36:11,37:22
625,Joanne Phillips,F,53,"Yucaipa, CA",240 out of 354,90 out of 159,8 out of 10, 45.30% Place: 195,36:18 Pace: 11:41,36:18,36:36
1322,Alex Schwartz,M,22,"Redlands, CA",241 out of 354,151 out of 195,12 out of 16, 34.78% Place: 304,36:19 Pace: 11:42,36:19,37:22
242,Gary Radtke,M,60,"Barstow, CA",242 out of 354,152 out of 195,9 out of 9, 43.51% Place: 220,36:22 Pace: 11:43,36:22,36:38
736,Gabriel Bowker,M,13,"Highland, CA",243 out of 354,153 out of 195,24 out of 25, 39.17% Place: 265,36:24 Pace: 11:43,36:24,37:18
608,Ellsa Bryant,F,38,"Riverside, CA",244 out of 354,91 out of 159,10 out of 15, 39.61% Place: 257,36:26 Pace: 11:44,36:26,37:17
460,Harold Willis,M,80,"Redlands, CA",245 out of 354,154 out of 195,1 out of 2, 57.77% Place: 79,36:34 Pace: 11:47,36:34,36:40
209,Bryan Nguyn,M,12,", CA",246 out of 354,155 out of 195,19 out of 25, 40.04% Place: 254,36:36 Pace: 11:47,36:36,37:16
440,Matthew Desesa,M,20,"Redlands, CA",247 out of 354,156 out of 195,13 out of 16, 34.80% Place: 302,36:39 Pace: 11:48,36:39,37:48
518,Miranda Kore,F,15,"Loma Linda, CA",248 out of 354,92 out of 159,9 out of 15, 40.30% Place: 252,36:46 Pace: 11:50,36:46,37:15
450,Eddie Pelham,M,19,"Redlands, CA",249 out of 354,157 out of 195,15 out of 17, 34.92% Place: 300,36:53 Pace: 11:53,36:53,38:08
17,Serguei Antonov,M,39,"Beaumont, CA",250 out of 354,158 out of 195,14 out of 18, 35.91% Place: 298,36:57 Pace: 11:54,36:57,37:41
735,Amanda Jimenez,F,8,"Highland, CA",251 out of 354,93 out of 159,5 out of 14, 49.06% Place: 156,36:59 Pace: 11:55,36:59,37:53
283,Jessica Strauss,F,36,"San Bernardino, CA",252 out of 354,94 out of 159,11 out of 15, 38.56% Place: 274,37:01 Pace: 11:55,37:01,38:15
420,Dorian Cole,M,11,"Highland, CA",253 out of 354,159 out of 195,20 out of 25, 40.89% Place: 246,37:01 Pace: 11:55,37:01,37:43
16,Kate Antonov,F,9,"Beaumont, CA",254 out of 354,95 out of 159,6 out of 14, 46.57% Place: 183,37:04 Pace: 11:56,37:04,37:48
485,Brigid Kumler,F,43,"Redlands, CA",255 out of 354,96 out of 159,15 out of 20, 40.27% Place: 253,37:05 Pace: 11:57,37:05,37:43
442,Kory Farmer,M,21,"Redlands, CA",256 out of 354,160 out of 195,14 out of 16, 34.03% Place: 319,37:09 Pace: 11:58,37:09,38:19
224,Evelyn Park,F,10,"Redlands, CA",257 out of 354,97 out of 159,6 out of 12, 44.59% Place: 204,37:12 Pace: 11:59,37:12,38:30
443,Mary Rudzinska,F,18,"Redlands, CA",258 out of 354,98 out of 159,6 out of 8, 38.56% Place: 272,37:13 Pace: 11:59,37:13,38:21
524,Paz Juarez,M,46,"Ontario, CA",259 out of 354,161 out of 195,11 out of 16, 37.33% Place: 282,37:24 Pace: 12:03,37:24,38:41
631,Brandon Park,M,8,"Loma Linda, CA",260 out of 354,162 out of 195,6 out of 12, 46.51% Place: 184,37:30 Pace: 12:04,37:30,38:49
312,Timothy Wheeler,M,10,"Redlands, CA",261 out of 354,163 out of 195,21 out of 25, 41.58% Place: 239,37:49 Pace: 12:11,37:49,39:16
701,Chole Debanff,M,8,"San Bernardino, CA",262 out of 354,164 out of 195,7 out of 12, 45.92% Place: 190,37:59 Pace: 12:14,37:59,38:42
164,Anayanci Lopez,F,18,", CA",263 out of 354,99 out of 159,7 out of 8, 37.77% Place: 279,38:00 Pace: 12:14,38:00,38:41
165,Lizette Lopez,F,15,", CA",264 out of 354,100 out of 159,10 out of 15, 38.98% Place: 269,38:01 Pace: 12:14,38:01,38:40
156,Elena Lechuga,F,26,"Yucaipa, CA",265 out of 354,101 out of 159,7 out of 11, 36.89% Place: 285,38:08 Pace: 12:17,38:08,38:55
299,Amber Utley,F,28,"San Bernardino, CA",266 out of 354,102 out of 159,8 out of 11, 36.60% Place: 290,38:25 Pace: 12:22,38:25,39:25
487,Jacob Logsdon,M,12,"Redlands, CA",267 out of 354,165 out of 195,22 out of 25, 38.01% Place: 278,38:32 Pace: 12:25,38:32,39:23
188,Damaris Matthews,F,55,"Calimesa, CA",268 out of 354,103 out of 159,6 out of 8, 43.55% Place: 219,38:40 Pace: 12:27,38:40,40:13
488,Kasandra Reid,F,35,"Redlands, CA",269 out of 354,104 out of 159,12 out of 15, 36.72% Place: 287,38:41 Pace: 12:27,38:41,39:32
296,Mario Torres,M,54,"Grand Terrace, CA",270 out of 354,166 out of 195,13 out of 13, 38.56% Place: 273,38:42 Pace: 12:28,38:42,39:43
241,Denise Pupo,F,25,"Alta Loma, CA",271 out of 354,105 out of 159,9 out of 11, 36.33% Place: 294,38:43 Pace: 12:28,38:43,39:44
702,Nova Michaelides,F,36,"Norco, CA",272 out of 354,106 out of 159,13 out of 15, 36.58% Place: 291,39:01 Pace: 12:34,39:01,39:13
207,Carey Moya,F,29,"San Diego, CA",273 out of 354,107 out of 159,10 out of 11, 35.98% Place: 295,39:05 Pace: 12:35,39:05,40:09
238,Todd Pittenger,M,43,"Grand Terrace, CA",274 out of 354,167 out of 195,10 out of 12, 34.78% Place: 303,39:15 Pace: 12:38,39:15,39:52
150,Joshua Lawrence,M,18,"San Bernardino, CA",275 out of 354,168 out of 195,16 out of 17, 33.20% Place: 326,39:15 Pace: 12:38,39:15,40:27
306,Ai Mae Watkins,F,38,"Redlands, CA",276 out of 354,108 out of 159,14 out of 15, 36.56% Place: 292,39:28 Pace: 12:42,39:28,40:49
307,Jason Watkins,M,7,"Redlands, CA",277 out of 354,169 out of 195,8 out of 12, 47.40% Place: 172,39:30 Pace: 12:43,39:30,40:52
431,David Thams,M,21,"Alta Loma, CA",278 out of 354,170 out of 195,15 out of 16, 31.98% Place: 337,39:32 Pace: 12:44,39:32,40:08
205,Joelle Mouawad,F,15,"Walnut, CA",279 out of 354,109 out of 159,11 out of 15, 37.40% Place: 281,39:37 Pace: 12:45,39:37,40:37
186,Timmy Mason,M,8,"Highland, CA",280 out of 354,171 out of 195,9 out of 12, 44.00% Place: 214,39:38 Pace: 12:46,39:38,39:59
206,Karen Mouawad,F,48,"Walnut, CA",281 out of 354,110 out of 159,9 out of 16, 39.33% Place: 261,39:39 Pace: 12:46,39:39,40:38
185,Shelly Mason,F,45,"Highland, CA",282 out of 354,111 out of 159,10 out of 16, 38.26% Place: 277,39:40 Pace: 12:46,39:40,40:00
461,Veronica Kingsbury,F,40,"Perris, CA",283 out of 354,112 out of 159,16 out of 20, 36.55% Place: 293,39:59 Pace: 12:53,39:59,40:32
465,David Klein,M,35,"North Hollywood, CA",284 out of 354,172 out of 195,15 out of 18, 32.10% Place: 335,40:16 Pace: 12:58,40:16,40:55
464,Stephen Klein,M,38,"Redlands, CA",285 out of 354,173 out of 195,16 out of 18, 32.73% Place: 330,40:17 Pace: 12:58,40:17,40:55
66,Jessica Feldkamp,F,29,"Redlands, CA",286 out of 354,113 out of 159,11 out of 11, 34.72% Place: 305,40:31 Pace: 13:03,40:31,41:05
115,Tristan Issa,M,10,"Redlands, CA",287 out of 354,174 out of 195,23 out of 25, 38.67% Place: 271,40:41 Pace: 13:06,40:41,42:09
437,Georgann Crane,F,58,"Redlands, CA",288 out of 354,114 out of 159,7 out of 8, 43.01% Place: 228,40:42 Pace: 13:06,40:42,40:52
50,Carrie Davais,F,31,"Redlands, CA",289 out of 354,115 out of 159,10 out of 19, 34.54% Place: 308,40:44 Pace: 13:07,40:44,42:09
41,Madeline Carritte,F,9,"Redlands, CA",290 out of 354,116 out of 159,7 out of 14, 42.36% Place: 232,40:45 Pace: 13:07,40:45,42:09
298,Audrey Ray Turner,F,9,"Redlands, CA",291 out of 354,117 out of 159,8 out of 14, 42.34% Place: 233,40:46 Pace: 13:08,40:46,42:10
745,J Saeger,M,35,"Loma Linda, CA",292 out of 354,175 out of 195,17 out of 18, 31.70% Place: 339,40:47 Pace: 13:08,40:47,41:33
744,Shawn Plafker,F,33,"Loma Linda, CA",293 out of 354,118 out of 159,11 out of 19, 34.53% Place: 310,40:47 Pace: 13:08,40:47,41:33
403,Laurie Bruton,F,50,"Running Springs, CA",294 out of 354,119 out of 159,9 out of 10, 38.98% Place: 268,40:49 Pace: 13:09,40:49,41:56
715,Jeanette Romandetti,F,14,"Riverside, CA",295 out of 354,120 out of 159,12 out of 15, 36.84% Place: 286,40:50 Pace: 13:09,40:50,41:59
246,Kelsey Reimer,F,13,"Loma Linda, CA",296 out of 354,121 out of 159,13 out of 15, 37.43% Place: 280,40:55 Pace: 13:10,40:55,41:26
40,Leticia Cardinal,F,33,"Rialto, CA",297 out of 354,122 out of 159,12 out of 19, 34.35% Place: 314,41:00 Pace: 13:12,41:00,41:09
229,Nora Pedroza,F,34,"Bloomington, CA",298 out of 354,123 out of 159,13 out of 19, 34.49% Place: 312,41:00 Pace: 13:12,41:00,41:09
613,Anita Chavez,F,13,"Rialto, CA",299 out of 354,124 out of 159,14 out of 15, 36.71% Place: 288,41:43 Pace: 13:26,41:43,42:38
203,Esperanza Mortsole,F,33,"San Bernardino, CA",300 out of 354,125 out of 159,14 out of 19, 33.73% Place: 321,41:45 Pace: 13:27,41:45,42:27
616,Ricardo Santos,M,14,"Rialto, CA",301 out of 354,176 out of 195,25 out of 25, 33.31% Place: 324,41:48 Pace: 13:28,41:48,42:38
178,Martha Marca,F,69,"Redlands, CA",302 out of 354,126 out of 159,1 out of 1, 50.06% Place: 147,41:49 Pace: 13:28,41:49,42:16
43,Patrick Casady,M,48,"San Bernardino, CA",303 out of 354,177 out of 195,12 out of 16, 33.87% Place: 320,41:52 Pace: 13:29,41:52,42:24
498,Carla Leon,F,33,"Colton, CA",304 out of 354,127 out of 159,15 out of 19, 33.57% Place: 323,41:57 Pace: 13:30,41:57,43:00
469,Sarah Hernandez,F,10,"San Bernardino, CA",305 out of 354,128 out of 159,7 out of 12, 39.40% Place: 260,42:06 Pace: 13:33,42:06,43:00
90,Audrey Hadnagy,F,48,"Moreno Valley, CA",306 out of 354,129 out of 159,11 out of 16, 37.03% Place: 283,42:07 Pace: 13:34,42:07,42:33
106,Arnita Hornsby,F,40,"Moreno Valley, CA",307 out of 354,130 out of 159,17 out of 20, 34.68% Place: 306,42:08 Pace: 13:34,42:08,42:33
65,Audrey Fankhanel,F,9,"Redlands, CA",308 out of 354,131 out of 159,9 out of 14, 40.93% Place: 245,42:10 Pace: 13:35,42:10,43:35
149,Mike Lamoureux,M,45,"Corona, CA",309 out of 354,178 out of 195,13 out of 16, 32.83% Place: 328,42:12 Pace: 13:35,42:12,42:41
159,Katie Lemoureux,F,7,"Corona, CA",310 out of 354,132 out of 159,10 out of 14, 45.83% Place: 191,42:13 Pace: 13:36,42:13,42:41
481,Atonio Gutierrez,M,8,"Highland, CA",311 out of 354,179 out of 195,10 out of 12, 41.16% Place: 243,42:22 Pace: 13:39,42:22,43:15
248,Donald Rhea,M,47,"Redlands, CA",312 out of 354,180 out of 195,14 out of 16, 33.06% Place: 327,42:33 Pace: 13:42,42:33,43:21
249,Pamela Rhea,F,48,"Redlands, CA",313 out of 354,133 out of 159,12 out of 16, 36.64% Place: 289,42:34 Pace: 13:42,42:34,43:21
111,Gregory Hornsby Sr,M,43,"Moreno Valley, CA",314 out of 354,181 out of 195,11 out of 12, 31.92% Place: 338,42:46 Pace: 13:46,42:46,43:10
107,Justin Hornsby,M,12,"Moreno Valley, CA",315 out of 354,182 out of 195,24 out of 25, 34.26% Place: 316,42:46 Pace: 13:46,42:46,43:10
104,Priscilla Jane Holgado,F,55,"Rialto, CA",316 out of 354,134 out of 159,8 out of 8, 39.07% Place: 266,43:06 Pace: 13:53,43:06,44:22
704,Kim Pontremoli,F,32,"Riverside, CA",317 out of 354,135 out of 159,16 out of 19, 32.24% Place: 332,43:38 Pace: 14:03,43:38,44:15
716,Linda Romandetti,F,43,"Riverside, CA",318 out of 354,136 out of 159,18 out of 20, 34.21% Place: 317,43:39 Pace: 14:03,43:39,44:48
1293,Gary Ferreri,M,47,"Riverside, CA",319 out of 354,183 out of 195,15 out of 16, 32.18% Place: 334,43:43 Pace: 14:05,43:43,44:13
1292,Nora Aghassi,F,34,"Riverside, CA",320 out of 354,137 out of 159,17 out of 19, 32.32% Place: 331,43:45 Pace: 14:05,43:45,44:15
49,Michelle Cremer,F,32,"Indio, CA",321 out of 354,138 out of 159,18 out of 19, 32.09% Place: 336,43:50 Pace: 14:07,43:50,44:28
495,Andrew Villages Jr,M,42,"Colton, CA",322 out of 354,184 out of 195,12 out of 12, 30.41% Place: 342,44:34 Pace: 14:21,44:34,45:46
496,Sylvia Villegas,F,37,"Colton, CA",323 out of 354,139 out of 159,15 out of 15, 32.18% Place: 333,44:35 Pace: 14:21,44:35,45:46
602,Christy Ivory,F,16,"Moreno Valley, CA",324 out of 354,140 out of 159,8 out of 8, 32.77% Place: 329,44:39 Pace: 14:23,44:39,45:52
601,Karl Ivory,M,47,"Moreno Valley, CA",325 out of 354,185 out of 195,16 out of 16, 31.51% Place: 340,44:39 Pace: 14:23,44:39,45:52
78,Jack Goertzen,M,83,"Riverside, CA",326 out of 354,186 out of 195,2 out of 2, 50.45% Place: 143,44:40 Pace: 14:23,44:40,48:48
421,Katie Easton,F,11,"Highland, CA",327 out of 354,141 out of 159,8 out of 12, 35.94% Place: 296,44:41 Pace: 14:23,44:41,44:56
423,Cheyann Glaser,F,11,"Highland, CA",328 out of 354,142 out of 159,9 out of 12, 35.92% Place: 297,44:43 Pace: 14:24,44:43,44:56
1191,Tammy Rones,F,47,"Corona, CA",329 out of 354,143 out of 159,13 out of 16, 34.52% Place: 311,44:45 Pace: 14:25,44:45,45:22
48,Dan Crain,M,57,"San Bernardino, CA",330 out of 354,187 out of 195,7 out of 7, 34.11% Place: 318,45:00 Pace: 14:29,45:00,45:56
39,Kathy Calendar,F,47,"Highland, CA",331 out of 354,144 out of 159,14 out of 16, 34.31% Place: 315,45:02 Pace: 14:30,45:02,45:22
91,Bree Haigler,F,13,", CA",332 out of 354,145 out of 159,15 out of 15, 33.25% Place: 325,46:03 Pace: 14:50,46:03,47:10
166,Magdalina Lopez,F,11,", CA",333 out of 354,146 out of 159,10 out of 12, 34.53% Place: 309,46:30 Pace: 14:59,46:30,47:10
145,Rohan Kubba,M,6,"Redlands, CA",334 out of 354,189 out of 195,1 out of 1, 43.41% Place: 222,47:15 Pace: 15:13,47:15,47:56
135,Sameer Kejriwal,M,8,"Loma Linda, CA",335 out of 354,188 out of 195,11 out of 12, 36.91% Place: 284,47:15 Pace: 15:13,47:15,47:55
144,Mira Kubba,F,7,"Redlands, CA",336 out of 354,147 out of 159,11 out of 14, 40.74% Place: 247,47:29 Pace: 15:17,47:29,48:10
87,Sylvia Guillen,F,40,"Rialto, CA",337 out of 354,148 out of 159,19 out of 20, 30.55% Place: 341,47:50 Pace: 15:24,47:50,48:17
38,Donna Cale,F,54,"Banning, CA",338 out of 354,149 out of 159,10 out of 10, 34.57% Place: 307,48:07 Pace: 15:30,48:07,48:12
110,Gregory Hornsby Jr,M,16,"Moreno Valley, CA",339 out of 354,190 out of 195,17 out of 17, 27.85% Place: 347,48:08 Pace: 15:30,48:08,48:32
105,Alexsys Hornsby,F,10,"Moreno Valley, CA",340 out of 354,150 out of 159,11 out of 12, 34.46% Place: 313,48:08 Pace: 15:30,48:08,48:32
147,Brigid Lamoureux,F,7,"Corona, CA",341 out of 354,151 out of 159,12 out of 14, 39.82% Place: 255,48:35 Pace: 15:39,48:35,49:03
637,Adriana Sovsa,F,10,"Riverside, CA",342 out of 354,152 out of 159,12 out of 12, 33.63% Place: 322,49:19 Pace: 15:53,49:19,50:04
175,Samantha Malouff,F,9,"Riverside, CA",343 out of 354,153 out of 159,13 out of 14, 34.98% Place: 299,49:20 Pace: 15:53,49:20,50:04
415,Sahiba Khera,F,7,"Redlands, CA",344 out of 354,154 out of 159,14 out of 14, 39.01% Place: 267,49:35 Pace: 15:58,49:35,50:16
619,Iberay Fisher,F,45,"Redlands, CA",345 out of 354,155 out of 159,15 out of 16, 30.01% Place: 343,50:33 Pace: 16:17,50:33,50:40
55,Frenalyn Domingo,F,33,"Loma Linda, CA",346 out of 354,156 out of 159,19 out of 19, 27.42% Place: 348,51:20 Pace: 16:32,51:20,51:45
15,Christian Aniag,M,34,"Grand Terrace, CA",347 out of 354,191 out of 195,10 out of 10, 25.00% Place: 350,51:22 Pace: 16:32,51:22,51:47
169,Travis Low,M,11,"Redlands, CA",348 out of 354,192 out of 195,25 out of 25, 28.93% Place: 346,52:19 Pace: 16:51,52:19,53:43
454,Casey Jasper,M,22,"Redlands, CA",349 out of 354,193 out of 195,16 out of 16, 23.95% Place: 352,52:43 Pace: 16:58,52:43,53:50
257,Luz Rodriguez,F,49,"Rancho Cucamonga, CA",350 out of 354,157 out of 159,16 out of 16, 29.50% Place: 345,53:23 Pace: 17:11,53:23,53:32
325,Christopher Ziegman,M,35,"Corona, CA",351 out of 354,194 out of 195,18 out of 18, 24.14% Place: 351,53:33 Pace: 17:15,53:33,54:20
168,Ryan Low,M,9,"Redlands, CA",352 out of 354,195 out of 195,12 out of 12, 29.81% Place: 344,55:16 Pace: 17:47,55:16,56:40
167,Jo Ann Low,F,43,"Moreno Valley, CA",353 out of 354,158 out of 159,20 out of 20, 27.01% Place: 349,55:17 Pace: 17:48,55:17,56:40
187,Gladys Mathes,F,84,"Redlands, CA",354 out of 354,159 out of 159,1 out of 1, 54.33% Place: 107,56:12 Pace: 18:06,56:12,56:59
