Place,Name,Location,Bib,Net Time,Pace,Division/Place,Sex-Age,Sex-Place,Gun Time,Age Grade
1,Geronimo A Larios De La Mora,"Redlands, CA",111,1:20:07,6:07,M 30-34/1,M-32,1,1:20:07,72.97%
2,Matt Underwood,"Yucaipa, CA",281,1:24:21,6:26,M 50-54/1,M-50,2,1:24:21,77.28%
3,Miguel Lopez,", ",97,1:25:32,6:32,M 01-17/1,M-16,3,1:25:32,69.69%
4,Matt Payne,"Redlands, CA",22,1:26:09,6:35,M 25-29/1,M-28,4,1:26:15,67.78%
5,Alex Nelson,"Redlands, CA",143,1:28:01,6:43,M 01-17/2,M-17,5,1:28:06,66.91%
6,Daniel Long,"Fort Irwin, CA",199,1:28:10,6:44,M 35-39/1,M-35,6,1:28:10,66.57%
7,Herman Schreven,"Cheney, WA",260,1:30:37,6:55,M 50-54/2,M-52,7,1:30:38,73.18%
8,Bryan Rocha,"Chino Hills, CA",296,1:31:57,7:01,M 25-29/2,M-27,8,1:31:58,63.51%
9,Dan Flaming,"Redlands, CA",126,1:32:22,7:03,M 40-44/1,M-43,9,1:32:28,66.50%
10,Jess Aguilar,"Yucaipa, CA",268,1:34:35,7:13,F 18-24/1,F-20,1,1:34:35,69.54%
11,Scott Nelson,"Redlands, CA",142,1:34:52,7:15,M 45-49/1,M-46,10,1:34:57,66.39%
12,Sydney Vollhardt,"Yucaipa, CA",269,1:36:26,7:22,F 18-24/2,F-19,2,1:36:26,68.85%
13,Jack Davis,"Redlands, CA",148,1:36:33,7:22,M 40-44/2,M-43,11,1:36:35,63.62%
14,Leeann Gonzales,"Yucaipa, CA",195,1:36:54,7:24,F 30-34/1,F-34,3,1:36:54,67.84%
15,Geoff Roche,"Redlands, CA",179,1:37:56,7:29,M 40-44/3,M-42,12,1:38:06,62.21%
16,Daniel Herrera-Salais,"Loma Linda, CA",205,1:38:30,7:31,M 25-29/3,M-28,13,1:38:30,59.28%
17,Farzin Farajzadeh,"Anaheim, CA",157,1:39:57,7:38,M 35-39/2,M-39,14,1:39:58,59.71%
18,Tim Janes,", ",98,1:40:20,7:40,M 45-49/2,M-49,15,1:40:22,64.38%
19,Fred Winkler,"Victorville, CA",291,1:42:02,7:47,M 55-59/1,M-56,16,1:42:08,67.37%
20,Nicole Sumnicht,"Loma Linda, CA",204,1:43:11,7:53,F 18-24/3,F-23,4,1:43:13,63.20%
21,Mindy Woodruff,"Loma Linda, CA",266,1:43:58,7:56,F 25-29/1,F-26,5,1:43:59,62.72%
22,Lorenzo Morales Jr,"Fontana, CA",278,1:44:07,7:57,M 25-29/4,M-27,17,1:44:26,56.08%
23,Justin McLarty,"Redlands, CA",17,1:44:46,8:00,M 35-39/3,M-39,18,1:45:27,56.96%
24,Kristin Smith,"Yucaipa, CA",136,1:44:47,8:00,F 35-39/1,F-37,6,1:44:48,63.35%
25,kathy hernandez,"Riverside, CA",24,1:45:40,8:04,F 50-54/1,F-53,7,1:45:46,72.79%
26,Yi Wei Ng,"Hacienda Heights, CA",293,1:45:58,8:05,M 18-24/1,M-22,19,1:46:05,55.10%
27,Joe Zini,"Victorville, CA",131,1:46:02,8:06,M 45-49/3,M-47,20,1:46:43,59.90%
28,Dan Berry,"Yucaipa, CA",188,1:46:24,8:07,M 45-49/4,M-47,21,1:46:27,59.69%
29,Jason Newstrom,"Santa Ana, CA",13,1:47:35,8:13,M 30-34/2,M-33,22,1:48:18,54.34%
30,Gareit Newstrom,"Santa Ana, CA",12,1:48:36,8:17,F 35-39/2,F-35,8,1:49:15,60.64%
31,Elizabeth Hausmann,"Fallbrook, CA",190,1:49:03,8:20,F 25-29/2,F-28,9,1:50:01,59.80%
32,Chris Cox,"Highland, CA",192,1:49:34,8:22,M 55-59/2,M-57,23,1:49:48,63.32%
33,Lindsay Shadle,"Loma Linda, CA",259,1:51:48,8:32,F 30-34/2,F-31,10,1:52:57,58.39%
34,April McElfish,"Redlands, CA",286,1:51:51,8:32,F 30-34/3,F-31,11,1:53:00,58.36%
35,Douglas Schuessler,"Highland, CA",254,1:51:57,8:33,M 60-64/1,M-62,24,1:52:03,64.96%
36,Alexander Min,"Loma Linda, CA",149,1:52:15,8:34,M 25-29/5,M-28,25,1:52:44,52.02%
37,Anastasia (stacey) Belliard,"Loma Linda, CA",212,1:52:46,8:37,F 40-44/1,F-44,12,1:53:14,61.66%
38,Makenzi Hoff,"Loma Linda, CA",115,1:52:49,8:37,F 25-29/3,F-28,13,1:53:29,57.80%
39,Dave Lane,"Riverside, CA",285,1:53:41,8:41,M 55-59/3,M-59,26,1:53:47,62.17%
40,Mike Calendar,"Highland, CA",191,1:53:48,8:41,M 55-59/4,M-55,27,1:55:09,59.87%
41,Ron Pelton,"Freeport, ME",233,1:54:41,8:45,M 60-64/2,M-63,28,1:54:50,64.04%
42,Erika Layne,"Madison Heights, VA",292,1:54:48,8:46,F 18-24/4,F-23,14,1:56:25,56.80%
43,Samir Kubba,"Colton, CA",134,1:55:03,8:47,M 50-54/3,M-52,29,1:55:24,57.64%
44,Eriks Galenieks,"Redlands, CA",261,1:55:54,8:51,M 65-69/1,M-66,30,1:55:57,65.28%
45,Ashley Schelling,"Anaheim, CA",124,1:56:28,8:53,F 25-29/4,F-26,15,1:56:45,55.99%
46,Sunder Nambiar,"Loma Linda, CA",272,1:56:52,8:55,M 55-59/5,M-59,31,1:56:54,60.48%
47,Vicki Fontoura,"Loma Linda, CA",156,1:58:02,9:01,F 45-49/1,F-46,16,1:58:26,60.05%
48,Deanna Lo,"Loma Linda, CA",237,1:59:24,9:07,F 25-29/5,F-25,17,2:00:15,54.61%
49,Suong Thai,"Redlands, CA",18,2:01:19,9:16,F 25-29/6,F-28,18,2:02:37,53.75%
50,V R Paladugu,"Redlands, CA",28,2:01:37,9:17,M 50-54/4,M-50,32,2:01:59,53.58%
51,Christina Miller,"Colton, CA",214,2:01:55,9:18,F 30-34/4,F-30,19,2:02:54,53.50%
52,Cherilyn Simpson,"Redlands, CA",290,2:02:20,9:20,F 40-44/2,F-44,20,2:02:28,56.83%
53,Lauren Deshay,"Chino Hills, CA",249,2:02:23,9:21,F 25-29/7,F-27,21,2:03:07,53.28%
54,Rosa Cameron,"Oxnard, CA",280,2:03:08,9:24,F 55-59/1,F-55,22,2:04:00,64.04%
55,Adela Aidoo,"Redlands, CA",267,2:06:14,9:38,F 40-44/3,F-44,23,2:06:42,55.08%
56,Teresa Morris,"Yucaipa, CA",255,2:06:34,9:40,F 55-59/2,F-57,24,2:07:29,63.94%
57,Abby Hibma,"Loma Linda, CA",185,2:06:49,9:41,F 25-29/8,F-26,25,2:07:05,51.42%
58,Molly Cohn,"Redlands, CA",163,2:06:50,9:41,F 25-29/9,F-29,26,2:07:05,51.41%
59,Andrew Krumwiede,"Crestline, CA",138,2:07:02,9:42,M 18-24/2,M-24,33,2:08:18,45.97%
60,Angelina Manuel,"Loma Linda, CA",183,2:07:03,9:42,F 30-34/5,F-30,27,2:08:04,51.34%
61,Alan Alvarado,"Loma Linda, CA",206,2:07:06,9:42,M 30-34/3,M-31,34,2:07:25,45.94%
62,Michael Gunther,"Redlands, CA",287,2:07:16,9:43,M 30-34/4,M-34,35,2:07:44,46.00%
63,Luis Bueno,"Riverside, CA",275,2:07:40,9:45,M 40-44/4,M-41,36,2:07:59,47.36%
64,Jay Sandhu,"Redlands, CA",231,2:07:47,9:45,M 55-59/6,M-55,37,2:08:08,53.31%
65,Beth Elwell,"Menifee, CA",169,2:08:59,9:51,F 45-49/2,F-48,28,2:09:35,56.15%
66,Randy Culler,"Redlands, CA",277,2:09:00,9:51,M 30-34/5,M-32,38,2:09:35,45.28%
67,Alexandria Silvestrin,"Loma Linda, CA",130,2:09:13,9:52,F 30-34/6,F-30,29,2:10:06,50.48%
68,Nicolle Hartz,"Colton, CA",20,2:09:40,9:54,F 45-49/3,F-49,30,2:09:56,56.51%
69,Jarred Rhodes,"Loma Linda, CA",202,2:10:49,9:59,M 25-29/6,M-25,39,2:12:37,44.64%
70,Angelica Rhodes,"Loma Linda, CA",201,2:10:49,9:59,F 18-24/5,F-24,31,2:12:37,49.85%
71,John Lohr Jr,"Yucaipa, CA",262,2:11:36,10:03,M 45-49/5,M-45,40,2:12:11,47.46%
72,Barbara Eck,"Mentone, CA",168,2:12:21,10:06,F 55-59/3,F-55,32,2:13:01,59.58%
73,Amanda Haney,"Highland, CA",162,2:12:22,10:06,F 25-29/10,F-27,33,2:13:01,49.26%
74,olivia guerrero,"Riverside, CA",25,2:13:00,10:09,F 50-54/2,F-53,34,2:13:18,57.83%
75,Chelsea Enderson,"Castle Rock, CO",203,2:13:10,10:10,F 18-24/6,F-24,35,2:13:15,48.97%
76,Albert Lee,"Redlands, CA",161,2:13:30,10:11,M 55-59/7,M-59,41,2:15:17,52.94%
77,Shelly Mason,"Highland, CA",271,2:14:09,10:14,F 50-54/3,F-54,36,2:14:30,58.05%
78,Ali Vahdati,"Redlands, CA",132,2:14:22,10:15,M 35-39/4,M-35,42,2:14:48,43.68%
79,Jonathan Min,"Loma Linda, CA",150,2:14:43,10:17,M 25-29/7,M-25,43,2:15:12,43.34%
80,Jessica Hernandez,"Whitewater, CA",211,2:14:53,10:18,F 25-29/11,F-26,37,2:16:25,48.34%
81,Florin Moldovan,"Yucaipa, CA",155,2:15:05,10:19,M 25-29/8,M-25,44,2:16:26,43.23%
82,Ronela Tavoc,"Redlands, CA",125,2:15:05,10:19,F 18-24/7,F-24,38,2:16:26,48.27%
83,Bates Moses,"Loma Linda, CA",196,2:15:38,10:21,M 40-44/5,M-44,45,2:15:58,45.67%
84,Joseph Han,"Highland, CA",127,2:16:56,10:27,M 25-29/9,M-28,46,2:36:53,42.64%
85,Hayley Essex,"Battle Creek, MI",159,2:17:10,10:28,F 18-24/8,F-23,39,2:17:15,47.54%
86,Cynthia Horner,"CA, ",263,2:17:16,10:29,F 35-39/3,F-38,40,2:17:57,48.60%
87,John Arroyo,"Colton, CA",265,2:19:10,10:37,M 40-44/6,M-40,47,2:22:11,43.14%
88,Samantha Piper,"Loma Linda, CA",240,2:19:17,10:38,F 30-34/7,F-30,41,2:21:27,46.83%
89,Andrew Piper,"Loma Linda, CA",239,2:19:18,10:38,M 30-34/6,M-32,48,2:21:27,41.93%
90,John Matunas,"Beaumont, CA",128,2:19:26,10:39,M 60-64/3,M-63,49,2:20:30,52.67%
91,Dannielle Ivey,"Redlands, CA",229,2:19:41,10:40,F 35-39/4,F-38,42,2:20:31,47.76%
92,Lourdes Santiago,"West Sacramento, CA",289,2:20:03,10:41,F 25-29/12,F-25,43,2:20:09,46.56%
93,Gedeon Pagarigan,"Redlands, CA",223,2:20:21,10:43,M 45-49/6,M-46,50,2:21:10,44.87%
94,Katrina Grant,"Taylorsville, NC",154,2:20:31,10:44,F 18-24/9,F-21,44,2:21:18,46.49%
95,Nicholas Reksten,"Redlands, CA",178,2:20:43,10:45,M 30-34/7,M-31,51,2:22:08,41.49%
96,Heather Cox,"Beaumont, CA",250,2:20:56,10:45,F 40-44/4,F-40,45,2:21:04,47.87%
97,Mary Grace Cruz,"Redlands, CA",180,2:20:57,10:46,F 35-39/5,F-36,46,2:21:05,46.90%
98,Kristy Valencia,"Menifee, CA",218,2:21:11,10:47,F 18-24/10,F-21,47,2:21:59,46.27%
99,Sarah Millard,"Colton, CA",282,2:21:12,10:47,F 30-34/8,F-30,48,2:22:00,46.19%
100,Linda Ngo,"Riverside, CA",129,2:21:30,10:48,F 35-39/6,F-35,49,2:21:56,46.54%
101,Robin Pisarcek,"Fontana, CA",116,2:21:39,10:49,F 25-29/13,F-29,50,2:23:03,46.03%
102,Joanna Daetwiler,"Loma Linda, CA",137,2:21:56,10:50,F 30-34/9,F-34,51,2:22:04,46.26%
103,Megan Tooker,"Yucaipa, CA",166,2:21:56,10:50,F 35-39/7,F-35,52,2:22:03,46.40%
104,Ted Ling,"Indian Wells, CA",193,2:22:29,10:53,M 30-34/8,M-34,52,2:24:09,41.09%
105,Caroline Janes,", ",99,2:23:18,10:56,F 45-49/4,F-46,53,2:23:51,49.46%
106,Chelsey Kitazawa,"Torrance, CA",144,2:24:12,11:00,F 25-29/14,F-26,54,2:24:46,45.22%
107,Juan Carlos Belliard,"Loma Linda, CA",213,2:25:10,11:05,M 45-49/7,M-48,53,2:25:37,44.12%
108,KENNETH HART,"COLTON, CA",26,2:26:44,11:12,M 70-74/1,M-73,54,2:27:04,55.73%
109,Charles Brantley,"Crestline, CA",274,2:27:23,11:15,M 55-59/8,M-56,55,2:27:32,46.64%
110,Vivien Deleone,"Riverside, CA",16,2:27:37,11:16,F 50-54/4,F-50,55,2:29:18,50.24%
111,Martha Narayanan,"San Diego, CA",135,2:27:48,11:17,F 35-39/8,F-35,56,2:27:53,44.56%
112,B-Dawg Rampton,"Loma Linda, CA",165,2:28:19,11:19,F 30-34/10,F-30,57,2:29:12,43.98%
113,Sophia Cadet,"Redlands, CA",217,2:30:19,11:28,F 35-39/9,F-39,58,2:30:51,44.61%
114,Sue Saputo,"Beaumont, CA",160,2:30:26,11:29,F 60-64/1,F-62,59,2:30:46,57.54%
115,Selena Hovey,"Redlands, CA",288,2:30:52,11:31,F 55-59/4,F-57,60,2:32:34,53.64%
116,Maria Anaya,"Redlands, CA",182,2:31:24,11:33,F 18-24/11,F-23,61,2:32:15,43.07%
117,Patrick Kelley,"Point Marion, PA",21,2:31:25,11:33,M 30-34/9,M-33,56,2:32:15,38.61%
118,Concena Jones,"Hesperia, CA",283,2:31:55,11:36,F 50-54/5,F-53,62,2:32:32,50.63%
119,Giselle Solares,"San Jacinto, CA",216,2:31:56,11:36,F 25-29/15,F-29,63,2:32:29,42.92%
120,Martua Simorangkir,"Redlands, CA",208,2:32:16,11:37,M 30-34/10,M-30,57,2:33:54,38.35%
121,Christopher Moffatt,"Highland, CA",145,2:32:18,11:37,M 30-34/11,M-30,58,2:32:40,38.34%
122,Peter Toller,"Hesperia, CA",120,2:33:24,11:43,M 55-59/9,M-55,59,2:35:14,44.41%
123,Jonathan Greer,"Riverside, CA",167,2:33:37,11:44,M 55-59/10,M-56,60,2:33:44,44.75%
124,Martha Henao,"Loma Linda, CA",242,2:33:42,11:44,F 30-34/11,F-30,64,2:35:24,42.43%
125,Lydia Aye,"Redlands, CA",174,2:34:00,11:45,F 35-39/10,F-37,65,2:34:50,43.10%
126,Kendra Graham,"Loma Linda, CA",100,2:34:32,11:48,F 18-24/12,F-23,66,2:35:29,42.20%
127,Germeen Fargo,"Loma Linda, CA",228,2:36:18,11:56,F 25-29/16,F-26,67,2:36:54,41.72%
128,Dorothy Barnes,"Fontana, CA",1299,2:36:20,11:56,F 50-54/6,F-53,68,2:38:01,49.20%
129,Nancy Stewart,"Calimesa, CA",171,2:36:40,11:57,F 55-59/5,F-56,69,2:38:22,50.98%
130,Andy Sandiford,"Loma Linda, CA",243,2:36:44,11:58,M 55-59/11,M-59,61,2:38:21,45.09%
131,Dan Kelley,"Covina, CA",276,2:37:16,12:00,F 55-59/6,F-55,70,2:37:50,50.14%
132,Patrice Hart,"Loma Linda, CA",122,2:37:53,12:03,F 45-49/5,F-46,71,2:38:17,44.89%
133,Dexter Emoto,"Loma Linda, CA",294,2:38:55,12:08,M 60-64/4,M-62,62,2:40:12,45.76%
134,Jonathan Chin,"Loma Linda, CA",119,2:39:02,12:08,M 60-64/5,M-64,63,2:39:10,46.64%
135,Deirdre Solomon,"Duarte, CA",227,2:39:28,12:10,F 25-29/17,F-29,72,2:40:04,40.89%
136,Jackie Riedell,"Riverside, CA",151,2:39:40,12:11,F 55-59/7,F-56,73,2:41:13,50.03%
137,Joann Labani,"Yucaipa, CA",238,2:39:44,12:12,F 50-54/7,F-51,74,2:41:19,46.99%
138,Doug Rowand,"Highland, CA",173,2:40:31,12:15,M 65-69/2,M-69,64,2:41:56,48.61%
139,Narayanan Lakshmanan,"Redlands, CA",15,2:42:01,12:22,M 40-44/7,M-42,65,2:56:10,37.60%
140,Diane Brantley,"Crestline, CA",273,2:42:38,12:25,F 55-59/8,F-57,75,2:42:45,49.76%
141,Amanda Lopez,"Pomona, CA",158,2:43:26,12:28,F 30-34/12,F-30,76,2:44:50,39.91%
142,Katie Morgan,"Norco, CA",226,2:43:48,12:30,F 35-39/11,F-39,77,2:44:08,40.94%
143,Jescinda Barrett,"Calimesa, CA",14,2:43:53,12:31,F 30-34/13,F-34,78,2:43:53,40.06%
144,Theodis Ward,"Loma Linda, CA",236,2:44:23,12:33,M 60-64/6,M-63,66,2:46:16,44.68%
145,Nirav Mamdani,"Redlands, CA",209,2:45:05,12:36,M 35-39/5,M-38,67,2:45:56,35.96%
146,Haydee Mamdani,"Redlands, CA",210,2:45:07,12:36,F 45-49/6,F-48,79,2:45:57,43.86%
147,Santiago Enriquez Jr,"La Puente, CA",164,2:50:37,13:01,M 45-49/8,M-47,68,2:51:31,37.22%
148,Astrisk Kencana,"Redlands, CA",241,2:52:00,13:08,F 35-39/12,F-37,80,2:53:39,38.59%
149,Tina Cazas,"Loma Linda, OR",247,2:52:41,13:11,F 55-59/9,F-59,81,2:53:44,48.12%
150,Joann encinas,"Bloomington, CA",27,2:55:09,13:22,F 45-49/7,F-48,82,2:56:54,41.35%
151,Salina Scaletta,"Riverside, CA",11,2:55:10,13:22,F 35-39/13,F-36,83,2:56:54,37.74%
152,Jessica Rose,"Rancho Cucamonga, CA",109,2:55:10,13:22,F 55-59/10,F-58,84,2:56:54,46.81%
153,Bali Sandhu,"Redlands, CA",232,2:55:11,13:22,F 50-54/8,F-51,85,2:56:54,42.84%
154,Yuthana Kong,"Bellflower, CA",177,2:55:14,13:23,F 45-49/8,F-45,86,2:55:20,40.05%
155,Al Cazas,"Loma Linda, CA",248,2:55:52,13:25,M 55-59/12,M-59,69,2:57:00,40.19%
156,Liz Estrada,"Fontana, CA",279,2:56:29,13:28,F 45-49/9,F-45,87,2:57:51,39.76%
157,Lisa Braverman,"Beaumont, CA",189,2:57:28,13:33,F 45-49/10,F-47,88,2:58:35,40.36%
158,Anna Quigley,"Yucaipa, CA",234,3:00:28,13:46,F 60-64/2,F-60,89,3:02:03,46.66%
159,Mary Llaurado,"Yucaipa, CA",235,3:00:29,13:47,F 50-54/9,F-52,90,3:02:03,42.09%
160,Vivian Navarro,"Chula Vista, CA",175,3:01:31,13:51,F 25-29/18,F-25,91,3:02:02,35.92%
161,Byron Mejia,"La Mesa, CA",176,3:01:34,13:51,M 25-29/10,M-25,70,3:02:03,32.16%
162,Ana Lucero,"San Jacinto, CA",19,3:01:52,13:53,F 35-39/14,F-37,92,3:03:28,36.50%
163,Jeff Gilchrist,"Colton, CA",230,3:03:42,14:01,M 60-64/7,M-63,71,3:05:27,39.98%
164,David Burt,"Alta Loma, CA",23,3:03:45,14:01,M 50-54/5,M-53,72,3:04:24,36.41%
165,Jenifer Jesson,"Loma Linda, CA",215,3:05:37,14:10,F 25-29/19,F-27,93,3:07:13,35.13%
166,Rubicelia Perez,"Loma Linda, CA",219,3:05:50,14:11,F 25-29/20,F-27,94,3:07:26,35.09%
167,Roxie Escamilla,"San Bernardino, CA",270,3:07:09,14:17,F 30-34/14,F-32,95,3:07:27,34.93%
168,Jodi Buckley,"San Bernardino, CA",181,3:07:39,14:19,F 30-34/15,F-34,96,3:09:30,34.99%
169,Carol Key,"Rialto, CA",197,3:09:13,14:26,F 65-69/1,F-69,97,3:10:20,50.70%
170,Elizabeth Magee-Thomsen,"San Bernardino, CA",112,3:13:26,14:46,F 50-54/10,F-54,98,3:14:33,40.26%
171,James Babcock,"San Bernardino, CA",104,3:15:54,14:57,M 60-64/8,M-63,73,3:17:22,37.49%
172,Lucy Tobing,"Loma Linda, CA",225,3:16:24,14:59,F 50-54/11,F-51,99,3:16:46,38.22%
173,David Riedell,"Riverside, CA",152,3:17:45,15:06,M 55-59/13,M-57,74,3:19:25,35.08%
174,Jane Adams,"Riverside, CA",184,3:22:17,15:26,F 60-64/3,F-64,100,3:22:46,44.02%
175,Constance Koenig,"San Bernardino, CA",222,3:22:18,15:26,F 55-59/11,F-57,101,3:22:47,40.00%
176,Angelica Gonzalez,"Fontana, CA",224,3:22:38,15:28,F 40-44/5,F-40,102,3:23:19,33.29%
177,Aloysius Casey,"Redlands, CA",153,3:32:35,16:13,M 80-99/1,M-84,75,3:33:01,48.78%
178,Liana Morino,"Grand Terrace, CA",258,3:34:36,16:23,F 35-39/15,F-39,103,3:34:53,31.25%
179,Beverley Coffin,"Yucaipa, CA",172,3:35:23,16:26,F 80-99/1,F-81,104,3:35:41,56.05%
180,Valerie Hwang,"Redlands, CA",220,3:35:39,16:27,F 50-54/12,F-54,105,3:36:01,36.11%
181,Kristen Hwang,"Redlands, CA",221,3:35:39,16:27,F 18-24/13,F-23,106,3:36:01,30.24%
182,Casey Oesterlein,"Beaumont, CA",256,3:37:03,16:34,F 45-49/11,F-47,107,3:37:48,33.00%
183,Bill Oesterlein,"Redlands, CA",257,3:37:04,16:34,M 55-59/14,M-56,76,3:37:47,31.67%
184,Lilian Deshay,"Chino Hills, CA",251,3:40:27,16:49,F 01-17/1,F-13,108,3:41:11,33.95%
185,Lauren Deshay,"Chino Hills, CA",252,3:41:06,16:52,F 55-59/12,F-59,109,3:41:48,37.58%
186,Sunil Nowrangi,"Loma Linda, CA",29,3:49:02,17:29,M 65-69/3,M-66,77,3:49:57,33.03%
187,Anita Pai,"Redlands, CA",200,4:00:35,18:22,F 50-54/13,F-52,110,4:12:30,31.58%
