Place,Name,Location,Bib,Net Time,Pace,Division/Place,Sex-Age,Sex-Place,Gun Time,Age Grade
1,Matt Linman,"Riverside, CA",162,15:44,5:04,M 20-24/1,M-24,1,15:44,80.49%
2,Phil Orr,"Riverside, CA",493,16:23,5:17,M 40-44/1,M-44,2,16:23,84.34%
3,Aaron Olswanger,"Carlsbad, CA",217,16:37,5:21,M 25-29/1,M-26,3,16:37,76.28%
4,Gengyzkan Martinez,"Highland, CA",515,16:38,5:22,M 20-24/2,M-21,4,16:41,75.98%
5,Alec Fillmore,"Riverside, CA",710,16:58,5:28,M 16-19/1,M-18,5,16:59,76.84%
6,Marco Arteaga,"Colton, CA",609,17:15,5:34,M 40-44/2,M-43,6,17:17,79.11%
7,Trevor Smith,"Riverside, CA",720,17:27,5:37,M 16-19/2,M-17,7,17:33,75.70%
8,Thomas Beyer,"Murrieta, CA",719,17:33,5:39,M 35-39/1,M-38,8,17:36,75.17%
9,Ryan Grover,"Loma Linda, CA",513,18:23,5:55,M 30-34/1,M-32,9,18:25,69.03%
10,Kelsey Deforge,"Redlands, CA",52,18:30,5:58,F 20-24/1,F-22,1,18:30,76.35%
11,Eric Guerrero,"Rialto, CA",527,18:33,5:58,M 16-19/3,M-18,10,20:17,70.27%
12,Andrew Benavidez,"Riverside, CA",612,18:33,5:59,M 50-54/1,M-50,11,18:41,77.74%
13,Ryan Freeman,"Highland, CA",709,18:41,6:01,M 13-15/1,M-14,12,18:44,74.56%
14,Michelle Prowse,"Loma Linda, CA",492,18:42,6:02,F 25-29/1,F-25,2,18:42,75.53%
15,David Parke,"San Bernardino, CA",738,18:52,6:05,M 60-64/1,M-61,13,18:55,84.79%
16,Fred Lindsley,"Grand Terrace, CA",497,18:53,6:05,M 60-64/2,M-62,14,18:56,85.65%
17,Robert Gates Sr,"Banning, CA",75,19:26,6:16,M 35-39/2,M-39,15,19:30,68.33%
18,Mark Hawkins,"Riverside, CA",630,19:56,6:25,M 13-15/2,M-14,16,19:59,69.88%
19,Clara Kerley,"Murray, UT",137,20:03,6:27,F 25-29/2,F-25,3,20:03,70.43%
20,Oscar Reyes,"Rialto, CA",247,20:20,6:33,M 25-29/2,M-28,17,20:25,62.14%
21,Saul Tello,"Rialto, CA",614,20:34,6:38,M 13-15/3,M-13,18,20:37,69.34%
22,Brandon Berz,"Riverside, CA",713,20:37,6:39,M 10-12/1,M-12,19,20:41,71.11%
23,Marvin Barragan,"San Bernardino, CA",418,20:53,6:44,M 16-19/4,M-17,20,20:59,63.25%
24,Danniel Patton,"Loma Linda, CA",520,20:58,6:45,M 25-29/3,M-25,21,21:43,60.26%
25,Luis Motta,"San Bernardino, CA",204,21:00,6:46,M 30-34/2,M-33,22,21:04,60.80%
26,Enrique Lopez,"Rialto, CA",749,21:06,6:48,M 40-44/3,M-44,23,22:50,65.20%
27,Peter Jaramillo,"Riverside, CA",126,21:07,6:48,M 16-19/5,M-18,24,21:14,61.72%
28,Matthew Neria,"Moreno Valley, CA",458,21:08,6:48,M 25-29/4,M-25,25,21:19,59.78%
29,Michael Pecaut,"Redlands, CA",475,21:15,6:51,M 35-39/3,M-38,26,21:31,62.07%
30,David Martinez,"Riverside, CA",506,21:21,6:53,M 30-34/3,M-32,27,21:45,59.43%
31,Alex Clark,"Redlands, CA",409,21:25,6:54,M 30-34/4,M-34,28,21:48,60.00%
32,Robin Lie,"Loma Linda, CA",160,21:32,6:56,M 35-39/4,M-36,29,21:35,60.45%
33,Terrance Sims,"Rialto, CA",459,21:33,6:56,M 13-15/4,M-13,30,21:37,66.18%
34,Melia Mandujano,", CA",1261,21:45,7:00,M 30-34/5,M-31,31,22:26,58.09%
35,Adam Fernandez,"Loma Linda, CA",67,21:47,7:01,M 10-12/2,M-12,32,21:52,67.30%
36,Brian Baur,"Moreno Valley, CA",25,21:51,7:02,M 50-54/2,M-51,33,21:58,66.55%
37,Tony Allison,"Upland, CA",457,21:54,7:03,M 45-49/1,M-45,34,21:58,63.29%
38,Robert Gates Jr,"Banning, CA",74,21:59,7:05,M 16-19/6,M-16,35,22:26,61.00%
39,Maurice Beidler,"Temecula, CA",734,22:02,7:06,M 60-64/3,M-60,36,22:13,71.83%
40,Stewart Boden,"San Bernardino, CA",512,22:11,7:09,M 50-54/3,M-52,37,22:44,66.11%
41,Timothy Lane,"Corona, CA",434,22:15,7:10,M 30-34/6,M-31,38,22:23,56.78%
43,Jason Jaramillo,"Riverside, CA",124,22:19,7:11,M 20-24/3,M-23,40,22:25,56.61%
44,Chadwick Pfortmiller,"Sun City, CA",234,22:21,7:12,M 13-15/6,M-13,41,22:29,63.81%
45,Jessi Jaech,"Moreno Valley, CA",119,22:21,7:12,F 16-19/1,F-16,4,22:25,65.49%
46,Kurt Kirouac,"San Bernardino, CA",139,22:22,7:12,M 13-15/7,M-15,42,22:26,61.02%
47,Mark Deboer,"Redlands, CA",412,22:22,7:12,M 45-49/2,M-45,43,22:29,61.97%
48,Nathan Meier,"Riverside, CA",618,22:30,7:15,M 13-15/8,M-13,44,22:34,63.38%
49,Adrianna Robles,"Grand Terrace, CA",706,22:31,7:15,F 13-15/1,F-14,5,22:35,66.83%
50,Esteban Alvarez,"San Bernardino, CA",14,22:34,7:16,M 45-49/3,M-47,45,22:41,62.37%
51,Mike Bonney,"Redlands, CA",718,22:35,7:16,M 13-15/9,M-13,46,22:38,63.15%
52,Omar Arroyo,"Loma Linda, CA",22,22:44,7:19,M 13-15/10,M-13,47,22:50,62.73%
53,Robert Lachausse,"San Bernardino, CA",146,22:45,7:20,M 35-39/5,M-37,48,23:44,57.59%
54,Angel Greencorral,"San Bernardino, CA",472,22:50,7:21,M 10-12/3,M-11,49,23:46,66.31%
55,Chase Keegan,", CA",514,22:54,7:23,M 13-15/11,M-14,50,22:56,60.82%
56,Bob Millar,"Palm Desert, CA",194,22:55,7:23,M 55-59/1,M-56,51,23:02,66.36%
57,Cindy Millar,"Palm Desert, CA",195,22:55,7:23,F 55-59/1,F-55,6,23:01,73.50%
58,Eric Arnott,"Yucaipa, CA",21,22:58,7:24,M 35-39/6,M-37,52,22:58,57.04%
59,Brandon Cota,"Riverside, CA",47,23:06,7:27,M 25-29/5,M-29,53,24:03,54.69%
60,Cynthia Guzman,"Fontana, CA",504,23:07,7:27,F 20-24/2,F-23,7,23:19,60.87%
61,Kevin Giron,"Loma Linda, CA",76,23:15,7:29,M 10-12/4,M-12,54,23:22,63.05%
62,Michael Hornsby,"Moreno Valley, CA",108,23:16,7:30,M 16-19/7,M-18,55,23:38,56.02%
63,David Kirouac,"San Bernardino, CA",138,23:27,7:33,M 40-44/4,M-43,56,23:29,58.23%
64,Kendall McCarthy,"Redlands, CA",189,23:43,7:38,M 10-12/5,M-10,57,23:53,66.35%
65,Alondra Martinez,"Loma Linda, CA",180,23:48,7:40,F 10-12/1,F-12,8,23:56,65.77%
66,Dale Vander Tuig,"Riverside, CA",433,23:56,7:43,M 60-64/4,M-62,58,24:04,67.56%
67,Ben Kumler,"Redlands, CA",484,24:11,7:47,M 10-12/6,M-12,59,24:26,60.61%
68,Mitchel Cleland,"Riverside, CA",410,24:20,7:50,M 13-15/12,M-13,60,24:44,58.60%
69,Mikey Arbour,", CA",1260,24:21,7:51,M 16-19/8,M-17,61,25:01,54.24%
70,James Luna,"Riverside, CA",604,24:24,7:52,M 45-49/4,M-45,62,24:49,56.80%
71,Roger Handysides,"Redlands, CA",98,24:26,7:52,M 55-59/2,M-58,63,24:34,63.46%
72,Carolyn Groeneveld,"Rialto, CA",86,24:35,7:55,F 40-44/1,F-42,9,24:51,60.30%
73,Rod Walters,"Yucaipa, CA",477,24:36,7:55,M 35-39/7,M-38,64,24:43,53.61%
74,Priscilla Grijalva,"Ontario, CA",711,24:41,7:57,F 25-29/3,F-28,10,24:56,57.01%
75,Zachary Martines,"Beaumont, CA",416,24:56,8:02,M 13-15/13,M-14,65,25:01,55.86%
76,Chris Beck,"Fontana, CA",432,24:56,8:02,M 30-34/7,M-32,66,25:16,50.89%
77,Anthony Gomez,"Redlands, CA",79,25:03,8:04,M 65-69/1,M-69,67,25:09,70.33%
78,Jeff Semmens,"Murrieta, CA",270,25:04,8:05,M 40-44/5,M-42,68,25:44,54.09%
79,Jeannie Thompson,"Highland, CA",293,25:07,8:05,F 50-54/1,F-51,11,25:15,64.04%
80,Kevin Jackson,"Highland, CA",419,25:16,8:08,M 10-12/7,M-12,69,25:55,58.01%
81,Ramiro Gomez,"Highland, CA",80,25:21,8:10,M 45-49/5,M-47,70,25:27,55.51%
82,Jordan Underwood,"Yucaipa, CA",507,25:24,8:11,M 10-12/8,M-12,71,25:42,57.71%
83,Eric Arnott,"Yucaipa, CA",746,25:29,8:13,M 50-54/4,M-54,72,25:33,58.57%
84,Skyler Valantine,"Moreno Valley, CA",301,25:31,8:13,M 13-15/14,M-13,73,25:53,55.88%
85,Ryan Gallagner,"Redlands, CA",456,25:33,8:14,M 20-24/4,M-22,74,26:38,49.44%
86,John Perry,"Chino Hills, CA",501,25:35,8:15,M 45-49/6,M-49,75,26:17,55.86%
87,Kipp Duran,"Redlands, CA",59,25:40,8:16,M 45-49/7,M-45,76,26:26,53.99%
88,Edgar Orozco,", CA",1168,25:45,8:18,M 16-19/9,M-18,77,26:25,50.58%
89,Michael Lim,"Loma Linda, CA",1130,25:54,8:21,M 20-24/5,M-21,78,25:59,48.83%
90,Paul Vaccarello,"Cherry Valley, CA",473,26:11,8:26,M 50-54/5,M-51,79,26:29,55.53%
91,Alex Sotelo,"Riverside, CA",721,26:22,8:30,M 30-34/8,M-33,80,26:29,48.42%
92,Janine Ledoux,"Redlands, CA",505,26:25,8:30,F 45-49/1,F-45,12,26:42,57.47%
93,Olivia McKenzie,"Redlands, CA",408,26:25,8:30,F 07-09/1,F-8,13,26:50,68.70%
94,Israel Beltran,"Rialto, CA",615,26:29,8:32,M 13-15/15,M-13,81,27:24,53.84%
95,Jennifer Pehanich,"Corona, CA",610,26:30,8:32,F 30-34/1,F-31,14,26:51,53.10%
96,Fernando Vazquez,"San Bernardino, CA",733,26:32,8:33,M 16-19/10,M-16,82,26:40,50.54%
97,Erin Doolittle,"Redlands, CA",57,26:36,8:34,F 07-09/2,F-8,15,26:50,68.23%
98,Mitchell Hale,"Loma Linda, CA",93,26:37,8:35,M 10-12/9,M-11,83,26:42,56.88%
99,Doug Stephens,"Temecula, CA",280,26:46,8:37,M 55-59/3,M-57,84,26:59,57.36%
100,Beth Thomas,"Riverside, CA",291,26:55,8:40,F 40-44/2,F-44,16,27:41,55.93%
101,Eric Bentley,"Riverside, CA",724,26:56,8:40,M 20-24/6,M-20,85,28:10,47.36%
102,Ben Wesley,"Redlands, CA",448,26:58,8:41,M 16-19/11,M-18,86,28:09,48.33%
103,Morgan Dent,"Redlands, CA",446,27:04,8:43,M 20-24/7,M-20,87,27:59,47.12%
104,Lin Vaccarello,"Cherry Valley, CA",474,27:05,8:43,F 50-54/2,F-50,17,27:21,58.76%
105,Gene Shymanski,"Redlands, CA",636,27:10,8:45,M 45-49/8,M-48,88,28:11,52.21%
106,Mariah McCarthy,"Redlands, CA",191,27:11,8:45,F 13-15/2,F-13,18,27:21,56.35%
107,Mason Gaw,"Redlands, CA",626,27:13,8:46,M 7-9/1,M-9,89,27:27,60.56%
108,Katie Gaw,"Redlands, CA",627,27:13,8:46,F 30-34/2,F-32,19,27:27,51.70%
109,Michael Sylvia,"Murrieta, CA",286,27:22,8:49,M 35-39/8,M-37,90,27:41,47.87%
110,Fred Estrosos,"San Bernardino, CA",64,27:24,8:49,M 55-59/4,M-57,91,27:42,56.03%
111,Kimberly Boehler,"Riverside, CA",32,27:24,8:50,F 25-29/4,F-25,20,27:43,51.35%
112,Eli Opsahl,"Redlands, CA",219,27:24,8:50,M 7-9/2,M-7,92,27:38,68.30%
113,Michelle Opsahl,"Redlands, CA",220,27:25,8:50,F 40-44/3,F-40,21,27:38,53.31%
114,Jeff Boehler,"Loma Linda, CA",509,27:25,8:50,M 50-54/6,M-53,93,27:44,53.95%
115,Joseph Hwang,"Loma Linda, CA",113,27:28,8:51,M 35-39/9,M-35,94,27:40,47.08%
116,Fernando Larios,"Riverside, CA",611,27:28,8:51,M 25-29/6,M-28,95,27:40,45.99%
117,Jo Ann Josephson,"Colton, CA",132,27:33,8:52,F 45-49/2,F-49,22,28:26,57.18%
118,Mark Josephson,"Colton, CA",133,27:34,8:53,M 50-54/7,M-51,96,28:26,52.74%
119,Jim Olson,"Rancho Cucamonga, CA",215,27:35,8:53,M 55-59/5,M-57,97,27:44,55.66%
120,Jim James,"Redlands, CA",122,27:40,8:55,M 60-64/5,M-60,98,28:02,57.20%
121,Aimee Hechanova,"Loma Linda, CA",99,27:53,8:59,F 20-24/3,F-23,23,28:42,50.46%
122,Peter Jackson,"Moreno Valley, CA",116,28:08,9:04,M 60-64/6,M-64,99,28:30,58.80%
123,Bradley Wilson,"Grand Terrace, CA",315,28:12,9:05,M 10-12/10,M-11,100,28:58,53.69%
124,Adam Verharst,"Azusa, CA",723,28:15,9:06,M 16-19/12,M-16,101,28:21,47.46%
125,Arturo Santos Jr,"Loma Linda, CA",265,28:16,9:06,M 45-49/9,M-48,102,28:19,50.18%
126,David Stringer,"San Bernardino, CA",714,28:16,9:06,M 60-64/7,M-60,103,28:33,55.98%
127,Joyce Lazalde,"Rancho Cucamonga, CA",152,28:25,9:09,F 55-59/2,F-57,24,29:00,60.80%
128,Maria Moreno,"Colton, CA",197,28:26,9:09,F 40-44/4,F-43,25,28:31,52.53%
129,Lillian Larsen,"Redlands, CA",466,28:27,9:10,F 40-44/5,F-44,26,29:03,52.92%
130,Russ Nymeyer,"Mentone, CA",212,28:31,9:11,M 50-54/8,M-50,104,28:57,50.55%
131,Pattie Hoffman,"Highland, CA",102,28:34,9:12,F 40-44/6,F-42,27,28:43,51.89%
132,Bill Kennedy,"Riverside, CA",629,28:36,9:13,M 75-79/1,M-76,105,29:16,68.56%
133,Scott Durkin,"Redlands, CA",453,28:42,9:15,M 20-24/8,M-23,106,29:48,44.01%
134,Jessica Johnson,"Banning, CA",417,28:45,9:16,F 13-15/3,F-13,28,28:50,53.28%
135,Jason Jaurigue,"Redlands, CA",127,28:49,9:17,M 25-29/7,M-29,107,29:09,43.83%
136,Ed Quiambao,"Riverside, CA",438,28:51,9:18,M 35-39/10,M-36,108,29:03,45.11%
137,Justin Morin,"Oak Hills, CA",198,28:54,9:19,M 10-12/11,M-11,109,29:47,52.39%
138,Joey Phillips,"Yucaipa, CA",624,28:57,9:19,M 13-15/16,M-13,110,29:15,49.25%
139,Zach Schrier,"Redlands, CA",267,29:01,9:21,M 10-12/12,M-10,111,29:08,54.22%
140,Alex Schrier,"Redlands, CA",266,29:03,9:21,M 10-12/13,M-10,112,29:09,54.16%
141,Tyler Phillips,"Yucaipa, CA",623,29:05,9:22,M 13-15/17,M-13,113,29:24,49.03%
142,Kathleen Martinez,"Irvine, CA",182,29:05,9:22,F 35-39/1,F-38,29,29:38,49.60%
143,Araceli Zaragoza,", CA",324,29:18,9:26,F 13-15/4,F-15,30,29:57,50.58%
144,Jose Juarez,"Ontario, CA",525,29:20,9:27,M 50-54/9,M-50,114,30:52,49.14%
145,Allison Nymeyer,"Mentone, CA",211,29:27,9:29,F 20-24/4,F-23,31,29:53,47.77%
146,Austim Reimer,"Loma Linda, CA",245,29:28,9:29,M 10-12/14,M-11,115,29:32,51.38%
147,Jill Kemock,"Redlands, CA",136,29:38,9:32,F 40-44/7,F-41,32,30:26,49.66%
148,Ryan Padilla,"San Jacinto, CA",462,29:42,9:34,M 13-15/18,M-15,116,30:31,45.95%
149,Maggie King,"Redlands, CA",478,29:47,9:35,F 40-44/8,F-40,33,30:57,49.07%
150,Rachel Hale,"Loma Linda, CA",94,29:48,9:36,F 13-15/5,F-13,34,29:52,51.40%
151,Carolyn Seager,"Loma Linda, CA",268,29:50,9:36,F 35-39/2,F-36,35,30:07,47.85%
152,Jorge Ubeda,"Rialto, CA",705,29:51,9:37,M 13-15/19,M-15,117,30:14,45.71%
153,Rodolfo Felix,"Highland, CA",712,29:52,9:37,M 7-9/3,M-9,118,30:33,55.18%
154,Cesar Romero,"Moreno Valley, CA",737,29:52,9:37,M 13-15/20,M-14,119,30:34,46.63%
155,Eric Padilla,"San Jacinto, CA",463,29:56,9:39,M 40-44/6,M-40,120,30:46,44.66%
156,Holly Humphrey,"Redlands, CA",326,30:00,9:40,F 20-24/5,F-22,36,30:47,46.90%
157,Ligia Ubeda,"Rialto, CA",707,30:01,9:40,F 35-39/3,F-39,37,30:24,48.38%
158,James Martinez,"San Bernardino, CA",181,30:08,9:42,M 35-39/11,M-37,121,31:07,43.47%
159,Martin Gutierrez,"Highland, CA",88,30:09,9:43,M 20-24/9,M-21,122,33:05,41.94%
160,Elisha Ilio,"Highland, CA",114,30:10,9:43,F 16-19/2,F-19,38,33:05,47.23%
161,Steve Lazalde,"Rancho Cucamonga, CA",153,30:10,9:43,M 50-54/10,M-54,123,30:44,49.47%
162,Gabriela Florido,"Riverside, CA",69,30:13,9:44,F 16-19/3,F-17,39,30:43,47.92%
163,Connie Hohmann,"Riverside, CA",103,30:23,9:47,F 50-54/3,F-52,40,31:36,53.51%
164,Rodrigo Martinez,"Loma Linda, CA",183,30:28,9:49,M 7-9/4,M-9,124,30:35,54.09%
165,Delia Adair,"Rancho Cucamonga, CA",11,30:29,9:49,F 55-59/3,F-55,41,30:38,55.25%
166,Mark Kumler,"Redlands, CA",486,30:34,9:51,M 40-44/7,M-43,125,30:50,44.67%
167,Margaret Kumler,"Redlands, CA",482,30:36,9:51,F 07-09/3,F-7,42,30:48,63.24%
168,Gabe Sitowski,"Loma Linda, CA",620,30:42,9:53,M 25-29/8,M-29,126,32:05,41.14%
169,Brian Wise,"Redlands, CA",455,30:43,9:54,M 16-19/13,M-19,127,31:54,41.94%
170,Mary Gonzales,"Riverside, CA",411,31:01,9:59,F 50-54/4,F-54,43,31:37,53.64%
171,Robert Manning,"Yucaipa, CA",177,31:06,10:01,M 50-54/11,M-51,128,32:09,46.74%
172,Melissa Bowie,"Redlands, CA",34,31:17,10:04,F 25-29/5,F-28,44,31:55,44.97%
173,Kimberly Gross,"Carlsbad, CA",426,31:21,10:06,F 45-49/3,F-49,45,31:57,50.24%
174,Yesenia Solis,"Yucaipa, CA",402,31:27,10:08,F 10-12/2,F-11,46,31:31,51.09%
175,Johnnie Ybarra,"Ontario, CA",320,31:29,10:08,F 60-64/1,F-63,47,31:39,59.86%
176,Roy Santos,"Corona, CA",264,31:35,10:10,M 45-49/10,M-45,129,33:08,43.87%
177,Laura Gonser,"Chino Hills, CA",82,31:35,10:10,F 20-24/6,F-23,48,32:25,44.55%
178,Kristin Parker,"Claremont, CA",225,31:38,10:11,F 20-24/7,F-24,49,32:26,44.48%
179,Alice Bechtel,"Riverside, CA",26,31:43,10:13,F NoAge/0,F-0,50,32:40, 0.00%
180,Emily Martin,"Irvine, CA",519,31:47,10:14,F 10-12/3,F-10,51,32:21,52.20%
181,Ramona Lawrence,"San Bernardino, CA",151,31:49,10:15,F 40-44/9,F-44,52,33:16,47.31%
182,Kimberly Van Dyke,"Redlands, CA",303,31:49,10:15,F 30-34/3,F-33,53,32:28,44.27%
183,David Parral Iii,"Grand Terrace, CA",226,31:50,10:15,M 40-44/8,M-41,130,32:37,42.28%
184,Kim Stover,"Riverside, CA",282,31:51,10:15,F 13-15/6,F-13,54,32:17,48.09%
185,Carl Sade,"Redlands, CA",452,31:57,10:17,M 16-19/14,M-19,131,33:06,40.32%
186,Susan Le,"Loma Linda, CA",154,32:09,10:21,F 30-34/4,F-31,55,32:15,43.76%
187,Adriana Verdusco,"Loma Linda, CA",305,32:14,10:23,F 13-15/7,F-13,56,32:21,47.49%
188,Joelle Walters,"Yucaipa, CA",476,32:17,10:24,F 35-39/4,F-38,57,32:24,44.70%
189,Scott McFeeters,"San Diego, CA",192,32:22,10:26,M 30-34/9,M-32,132,33:28,39.19%
190,Susan Corral,"San Bernardino, CA",471,32:27,10:27,F 30-34/5,F-31,58,33:33,43.36%
191,Christian Thompson,"Moreno Valley, CA",500,32:38,10:31,M 20-24/10,M-22,133,32:43,38.70%
192,Trina Maia,"Loma Linda, CA",743,32:40,10:31,F 30-34/6,F-32,59,33:56,43.07%
193,Beth Doolittle,"Redlands, CA",56,32:41,10:32,F 40-44/10,F-41,60,33:18,45.02%
194,Melissa Morin,"Oak Hills, CA",199,32:42,10:32,F 45-49/4,F-47,61,33:36,47.25%
195,Deborah Gray,"Moreno Valley, CA",84,32:43,10:32,F 50-54/5,F-53,62,33:20,50.26%
196,Janet Sodders,"Moreno Valley, CA",277,32:50,10:34,F 45-49/5,F-48,63,34:03,47.50%
197,Jennifer Sodders,"Moreno Valley, CA",278,32:50,10:35,F 16-19/4,F-17,64,34:02,44.10%
198,Brent Bechtel,"Riverside, CA",27,32:53,10:35,M NoAge/0,M-0,134,33:50, 0.00%
199,Mohammed Kamanta,"Walnut, CA",628,32:54,10:36,M 13-15/21,M-15,135,33:21,41.47%
200,Stephen Halles,"Claremont, CA",96,32:56,10:36,M 25-29/9,M-28,136,33:47,38.35%
201,Irene Yeoh,"Grand Terrace, CA",321,32:58,10:37,F 40-44/11,F-41,65,33:50,44.63%
202,Brendon Wilson,"Grand Terrace, CA",316,32:58,10:37,M 7-9/5,M-9,137,33:50,49.99%
203,Brandon Pfortmiller,"Sun City, CA",233,32:59,10:37,M 13-15/22,M-13,138,33:07,43.23%
204,Susan Fitzsimmons-Ralph,"Norco, CA",68,33:19,10:44,F 40-44/12,F-42,66,33:35,44.49%
205,Steven Lanedarden,"Corona, CA",435,33:22,10:45,M 10-12/15,M-10,139,33:30,47.15%
206,Marisa Bline,"Highland, CA",401,33:24,10:45,F 35-39/5,F-37,67,34:55,42.96%
207,Rolando Atiga,"Redlands, CA",605,33:38,10:50,M 35-39/12,M-39,140,33:44,39.47%
208,James Smith,"Riverside, CA",276,33:48,10:53,M 55-59/6,M-59,141,34:57,46.33%
209,Greg Burks,"Redlands, CA",445,33:51,10:54,M 35-39/13,M-39,142,34:58,39.22%
210,Wendy Wolfer,"Moreno Valley, CA",508,34:09,11:00,F 35-39/6,F-37,68,34:46,42.02%
211,Adela Cardenas,"Perris, CA",480,34:12,11:01,F 45-49/6,F-45,69,34:15,44.38%
212,Julie Stover,"Riverside, CA",281,34:13,11:01,F 40-44/13,F-44,70,34:38,43.99%
213,Maria Luna,"Rialto, CA",1139,34:13,11:01,F 55-59/4,F-57,71,34:13,50.49%
214,Brittany Malouff,"Riverside, CA",174,34:14,11:01,F 13-15/8,F-15,72,35:10,43.29%
215,Christina Sandoval,"Loma Linda, CA",263,34:23,11:04,F 10-12/4,F-12,73,34:30,45.52%
216,Yvonne Carter,"Riverside, CA",42,34:27,11:06,F 40-44/14,F-43,74,35:01,43.35%
217,Claudia Smith,"Riverside, CA",275,34:29,11:06,F 50-54/6,F-50,75,35:45,46.14%
218,Queen Hamilton,"Grand Terrace, CA",97,34:29,11:06,F 55-59/5,F-59,76,35:45,51.45%
219,Anthony Gallegos,"Highland, CA",424,34:31,11:07,M 10-12/16,M-10,143,34:42,45.56%
220,Jessica Newstrom,"Riverside, CA",208,34:32,11:07,F 30-34/7,F-32,77,35:28,40.74%
221,Glen Johnsen,"Moreno Valley, CA",129,34:33,11:07,M 50-54/12,M-53,144,35:28,42.81%
222,Donna Celso,"Redlands, CA",44,34:34,11:08,F 50-54/7,F-51,78,34:50,46.50%
223,Celeste Dunlap,"San Bernardino, CA",489,34:37,11:09,F 35-39/7,F-37,79,35:27,41.45%
224,Pamela Nakashima,"Riverside, CA",607,34:41,11:10,F 35-39/8,F-39,80,35:33,41.86%
225,Kerry Siglar,"Riverside, CA",606,34:42,11:11,F 35-39/9,F-37,81,35:33,41.35%
226,Tamera Harris,"Highland, CA",422,34:44,11:11,F 10-12/5,F-10,82,34:54,47.76%
227,Tera Rawls,"San Bernardino, CA",244,34:45,11:11,F 30-34/8,F-32,83,34:57,40.48%
228,Kenny Woodward,"Corona, CA",317,34:47,11:12,M 13-15/23,M-15,145,35:34,39.23%
229,Denise Petersen,"Redlands, CA",1177,34:48,11:13,F 30-34/9,F-34,84,36:02,40.63%
230,Mac Macfarlane,"Riverside, CA",603,34:49,11:13,M 60-64/8,M-64,146,36:03,47.50%
231,Pamela James,"Moreno Valley, CA",1113,34:51,11:13,F 45-49/7,F-47,85,35:40,44.33%
232,William Kumler,"Redlands, CA",483,34:59,11:16,M 10-12/17,M-10,147,35:38,44.97%
233,Nanette Woodward,"Corona, CA",318,35:01,11:17,F 45-49/8,F-48,86,35:44,44.54%
234,Kennedy McCarthy,"Redlands, CA",190,35:26,11:25,F 07-09/4,F-7,87,35:35,54.61%
235,Holly Hansen,"San Bernardino, CA",617,35:36,11:28,F 25-29/6,F-28,88,36:31,39.52%
236,Dominic Sitowski,"Redlands, CA",274,35:36,11:28,M 10-12/18,M-11,148,36:58,42.52%
237,Genevieve Gaede,"La Habra, CA",73,35:53,11:33,F 16-19/5,F-19,89,36:21,39.70%
238,Duane Valantine,"Moreno Valley, CA",300,35:54,11:34,M 40-44/9,M-44,149,36:16,38.31%
239,Eric Boughner,"Redlands, CA",441,36:11,11:39,M 20-24/11,M-24,150,37:22,34.91%
240,Joanne Phillips,"Yucaipa, CA",625,36:18,11:41,F 50-54/8,F-53,90,36:36,45.30%
241,Alex Schwartz,"Redlands, CA",1322,36:19,11:42,M 20-24/12,M-22,151,37:22,34.78%
242,Gary Radtke,"Barstow, CA",242,36:22,11:43,M 60-64/9,M-60,152,36:38,43.51%
243,Gabriel Bowker,"Highland, CA",736,36:24,11:43,M 13-15/24,M-13,153,37:18,39.17%
244,Ellsa Bryant,"Riverside, CA",608,36:26,11:44,F 35-39/10,F-38,91,37:17,39.61%
245,Harold Willis,"Redlands, CA",460,36:34,11:47,M 80-99/1,M-80,154,36:40,57.77%
246,Bryan Nguyn,", CA",209,36:36,11:47,M 10-12/19,M-12,155,37:16,40.04%
247,Matthew Desesa,"Redlands, CA",440,36:39,11:48,M 20-24/13,M-20,156,37:48,34.80%
248,Miranda Kore,"Loma Linda, CA",518,36:46,11:50,F 13-15/9,F-15,92,37:15,40.30%
249,Eddie Pelham,"Redlands, CA",450,36:53,11:53,M 16-19/15,M-19,157,38:08,34.92%
250,Serguei Antonov,"Beaumont, CA",17,36:57,11:54,M 35-39/14,M-39,158,37:41,35.91%
251,Amanda Jimenez,"Highland, CA",735,36:59,11:55,F 07-09/5,F-8,93,37:53,49.06%
252,Jessica Strauss,"San Bernardino, CA",283,37:01,11:55,F 35-39/11,F-36,94,38:15,38.56%
253,Dorian Cole,"Highland, CA",420,37:01,11:55,M 10-12/20,M-11,159,37:43,40.89%
254,Kate Antonov,"Beaumont, CA",16,37:04,11:56,F 07-09/6,F-9,95,37:48,46.57%
255,Brigid Kumler,"Redlands, CA",485,37:05,11:57,F 40-44/15,F-43,96,37:43,40.27%
256,Kory Farmer,"Redlands, CA",442,37:09,11:58,M 20-24/14,M-21,160,38:19,34.03%
257,Evelyn Park,"Redlands, CA",224,37:12,11:59,F 10-12/6,F-10,97,38:30,44.59%
258,Mary Rudzinska,"Redlands, CA",443,37:13,11:59,F 16-19/6,F-18,98,38:21,38.56%
259,Paz Juarez,"Ontario, CA",524,37:24,12:03,M 45-49/11,M-46,161,38:41,37.33%
260,Brandon Park,"Loma Linda, CA",631,37:30,12:04,M 7-9/6,M-8,162,38:49,46.51%
261,Timothy Wheeler,"Redlands, CA",312,37:49,12:11,M 10-12/21,M-10,163,39:16,41.58%
262,Chole Debanff,"San Bernardino, CA",701,37:59,12:14,M 7-9/7,M-8,164,38:42,45.92%
263,Anayanci Lopez,", CA",164,38:00,12:14,F 16-19/7,F-18,99,38:41,37.77%
264,Lizette Lopez,", CA",165,38:01,12:14,F 13-15/10,F-15,100,38:40,38.98%
265,Elena Lechuga,"Yucaipa, CA",156,38:08,12:17,F 25-29/7,F-26,101,38:55,36.89%
266,Amber Utley,"San Bernardino, CA",299,38:25,12:22,F 25-29/8,F-28,102,39:25,36.60%
267,Jacob Logsdon,"Redlands, CA",487,38:32,12:25,M 10-12/22,M-12,165,39:23,38.01%
268,Damaris Matthews,"Calimesa, CA",188,38:40,12:27,F 55-59/6,F-55,103,40:13,43.55%
269,Kasandra Reid,"Redlands, CA",488,38:41,12:27,F 35-39/12,F-35,104,39:32,36.72%
270,Mario Torres,"Grand Terrace, CA",296,38:42,12:28,M 50-54/13,M-54,166,39:43,38.56%
271,Denise Pupo,"Alta Loma, CA",241,38:43,12:28,F 25-29/9,F-25,105,39:44,36.33%
272,Nova Michaelides,"Norco, CA",702,39:01,12:34,F 35-39/13,F-36,106,39:13,36.58%
273,Carey Moya,"San Diego, CA",207,39:05,12:35,F 25-29/10,F-29,107,40:09,35.98%
274,Todd Pittenger,"Grand Terrace, CA",238,39:15,12:38,M 40-44/10,M-43,167,39:52,34.78%
275,Joshua Lawrence,"San Bernardino, CA",150,39:15,12:38,M 16-19/16,M-18,168,40:27,33.20%
276,Ai Mae Watkins,"Redlands, CA",306,39:28,12:42,F 35-39/14,F-38,108,40:49,36.56%
277,Jason Watkins,"Redlands, CA",307,39:30,12:43,M 7-9/8,M-7,169,40:52,47.40%
278,David Thams,"Alta Loma, CA",431,39:32,12:44,M 20-24/15,M-21,170,40:08,31.98%
279,Joelle Mouawad,"Walnut, CA",205,39:37,12:45,F 13-15/11,F-15,109,40:37,37.40%
280,Timmy Mason,"Highland, CA",186,39:38,12:46,M 7-9/9,M-8,171,39:59,44.00%
281,Karen Mouawad,"Walnut, CA",206,39:39,12:46,F 45-49/9,F-48,110,40:38,39.33%
282,Shelly Mason,"Highland, CA",185,39:40,12:46,F 45-49/10,F-45,111,40:00,38.26%
283,Veronica Kingsbury,"Perris, CA",461,39:59,12:53,F 40-44/16,F-40,112,40:32,36.55%
284,David Klein,"North Hollywood, CA",465,40:16,12:58,M 35-39/15,M-35,172,40:55,32.10%
285,Stephen Klein,"Redlands, CA",464,40:17,12:58,M 35-39/16,M-38,173,40:55,32.73%
286,Jessica Feldkamp,"Redlands, CA",66,40:31,13:03,F 25-29/11,F-29,113,41:05,34.72%
287,Tristan Issa,"Redlands, CA",115,40:41,13:06,M 10-12/23,M-10,174,42:09,38.67%
288,Georgann Crane,"Redlands, CA",437,40:42,13:06,F 55-59/7,F-58,114,40:52,43.01%
289,Carrie Davais,"Redlands, CA",50,40:44,13:07,F 30-34/10,F-31,115,42:09,34.54%
290,Madeline Carritte,"Redlands, CA",41,40:45,13:07,F 07-09/7,F-9,116,42:09,42.36%
291,Audrey Ray Turner,"Redlands, CA",298,40:46,13:08,F 07-09/8,F-9,117,42:10,42.34%
292,J Saeger,"Loma Linda, CA",745,40:47,13:08,M 35-39/17,M-35,175,41:33,31.70%
293,Shawn Plafker,"Loma Linda, CA",744,40:47,13:08,F 30-34/11,F-33,118,41:33,34.53%
294,Laurie Bruton,"Running Springs, CA",403,40:49,13:09,F 50-54/9,F-50,119,41:56,38.98%
295,Jeanette Romandetti,"Riverside, CA",715,40:50,13:09,F 13-15/12,F-14,120,41:59,36.84%
296,Kelsey Reimer,"Loma Linda, CA",246,40:55,13:10,F 13-15/13,F-13,121,41:26,37.43%
297,Leticia Cardinal,"Rialto, CA",40,41:00,13:12,F 30-34/12,F-33,122,41:09,34.35%
298,Nora Pedroza,"Bloomington, CA",229,41:00,13:12,F 30-34/13,F-34,123,41:09,34.49%
299,Anita Chavez,"Rialto, CA",613,41:43,13:26,F 13-15/14,F-13,124,42:38,36.71%
300,Esperanza Mortsole,"San Bernardino, CA",203,41:45,13:27,F 30-34/14,F-33,125,42:27,33.73%
301,Ricardo Santos,"Rialto, CA",616,41:48,13:28,M 13-15/25,M-14,176,42:38,33.31%
302,Martha Marca,"Redlands, CA",178,41:49,13:28,F 65-69/1,F-69,126,42:16,50.06%
303,Patrick Casady,"San Bernardino, CA",43,41:52,13:29,M 45-49/12,M-48,177,42:24,33.87%
304,Carla Leon,"Colton, CA",498,41:57,13:30,F 30-34/15,F-33,127,43:00,33.57%
305,Sarah Hernandez,"San Bernardino, CA",469,42:06,13:33,F 10-12/7,F-10,128,43:00,39.40%
306,Audrey Hadnagy,"Moreno Valley, CA",90,42:07,13:34,F 45-49/11,F-48,129,42:33,37.03%
307,Arnita Hornsby,"Moreno Valley, CA",106,42:08,13:34,F 40-44/17,F-40,130,42:33,34.68%
308,Audrey Fankhanel,"Redlands, CA",65,42:10,13:35,F 07-09/9,F-9,131,43:35,40.93%
309,Mike Lamoureux,"Corona, CA",149,42:12,13:35,M 45-49/13,M-45,178,42:41,32.83%
310,Katie Lemoureux,"Corona, CA",159,42:13,13:36,F 07-09/10,F-7,132,42:41,45.83%
311,Atonio Gutierrez,"Highland, CA",481,42:22,13:39,M 7-9/10,M-8,179,43:15,41.16%
312,Donald Rhea,"Redlands, CA",248,42:33,13:42,M 45-49/14,M-47,180,43:21,33.06%
313,Pamela Rhea,"Redlands, CA",249,42:34,13:42,F 45-49/12,F-48,133,43:21,36.64%
314,Gregory Hornsby Sr,"Moreno Valley, CA",111,42:46,13:46,M 40-44/11,M-43,181,43:10,31.92%
315,Justin Hornsby,"Moreno Valley, CA",107,42:46,13:46,M 10-12/24,M-12,182,43:10,34.26%
316,Priscilla Jane Holgado,"Rialto, CA",104,43:06,13:53,F 55-59/8,F-55,134,44:22,39.07%
317,Kim Pontremoli,"Riverside, CA",704,43:38,14:03,F 30-34/16,F-32,135,44:15,32.24%
318,Linda Romandetti,"Riverside, CA",716,43:39,14:03,F 40-44/18,F-43,136,44:48,34.21%
319,Gary Ferreri,"Riverside, CA",1293,43:43,14:05,M 45-49/15,M-47,183,44:13,32.18%
320,Nora Aghassi,"Riverside, CA",1292,43:45,14:05,F 30-34/17,F-34,137,44:15,32.32%
321,Michelle Cremer,"Indio, CA",49,43:50,14:07,F 30-34/18,F-32,138,44:28,32.09%
322,Andrew Villages Jr,"Colton, CA",495,44:34,14:21,M 40-44/12,M-42,184,45:46,30.41%
323,Sylvia Villegas,"Colton, CA",496,44:35,14:21,F 35-39/15,F-37,139,45:46,32.18%
324,Christy Ivory,"Moreno Valley, CA",602,44:39,14:23,F 16-19/8,F-16,140,45:52,32.77%
325,Karl Ivory,"Moreno Valley, CA",601,44:39,14:23,M 45-49/16,M-47,185,45:52,31.51%
326,Jack Goertzen,"Riverside, CA",78,44:40,14:23,M 80-99/2,M-83,186,48:48,50.45%
327,Katie Easton,"Highland, CA",421,44:41,14:23,F 10-12/8,F-11,141,44:56,35.94%
328,Cheyann Glaser,"Highland, CA",423,44:43,14:24,F 10-12/9,F-11,142,44:56,35.92%
329,Tammy Rones,"Corona, CA",1191,44:45,14:25,F 45-49/13,F-47,143,45:22,34.52%
330,Dan Crain,"San Bernardino, CA",48,45:00,14:29,M 55-59/7,M-57,187,45:56,34.11%
331,Kathy Calendar,"Highland, CA",39,45:02,14:30,F 45-49/14,F-47,144,45:22,34.31%
332,Bree Haigler,", CA",91,46:03,14:50,F 13-15/15,F-13,145,47:10,33.25%
333,Magdalina Lopez,", CA",166,46:30,14:59,F 10-12/10,F-11,146,47:10,34.53%
334,Rohan Kubba,"Redlands, CA",145,47:15,15:13,M 1-6/1,M-6,189,47:56,43.41%
335,Sameer Kejriwal,"Loma Linda, CA",135,47:15,15:13,M 7-9/11,M-8,188,47:55,36.91%
336,Mira Kubba,"Redlands, CA",144,47:29,15:17,F 07-09/11,F-7,147,48:10,40.74%
337,Sylvia Guillen,"Rialto, CA",87,47:50,15:24,F 40-44/19,F-40,148,48:17,30.55%
338,Donna Cale,"Banning, CA",38,48:07,15:30,F 50-54/10,F-54,149,48:12,34.57%
339,Gregory Hornsby Jr,"Moreno Valley, CA",110,48:08,15:30,M 16-19/17,M-16,190,48:32,27.85%
340,Alexsys Hornsby,"Moreno Valley, CA",105,48:08,15:30,F 10-12/11,F-10,150,48:32,34.46%
341,Brigid Lamoureux,"Corona, CA",147,48:35,15:39,F 07-09/12,F-7,151,49:03,39.82%
342,Adriana Sovsa,"Riverside, CA",637,49:19,15:53,F 10-12/12,F-10,152,50:04,33.63%
343,Samantha Malouff,"Riverside, CA",175,49:20,15:53,F 07-09/13,F-9,153,50:04,34.98%
344,Sahiba Khera,"Redlands, CA",415,49:35,15:58,F 07-09/14,F-7,154,50:16,39.01%
345,Iberay Fisher,"Redlands, CA",619,50:33,16:17,F 45-49/15,F-45,155,50:40,30.01%
346,Frenalyn Domingo,"Loma Linda, CA",55,51:20,16:32,F 30-34/19,F-33,156,51:45,27.42%
347,Christian Aniag,"Grand Terrace, CA",15,51:22,16:32,M 30-34/10,M-34,191,51:47,25.00%
348,Travis Low,"Redlands, CA",169,52:19,16:51,M 10-12/25,M-11,192,53:43,28.93%
349,Casey Jasper,"Redlands, CA",454,52:43,16:58,M 20-24/16,M-22,193,53:50,23.95%
350,Luz Rodriguez,"Rancho Cucamonga, CA",257,53:23,17:11,F 45-49/16,F-49,157,53:32,29.50%
351,Christopher Ziegman,"Corona, CA",325,53:33,17:15,M 35-39/18,M-35,194,54:20,24.14%
352,Ryan Low,"Redlands, CA",168,55:16,17:47,M 7-9/12,M-9,195,56:40,29.81%
353,Jo Ann Low,"Moreno Valley, CA",167,55:17,17:48,F 40-44/20,F-43,158,56:40,27.01%
354,Gladys Mathes,"Redlands, CA",187,56:12,18:06,F 80-99/1,F-84,159,56:59,54.33%
