Place,Name,Location,Bib,Net Time,Pace,Division/Place,Sex-Age,Sex-Place,Gun Time,Age Grade
1,Stephen Clarke,"Cedar Crest, NM",84,2:39:49,6:06,M 40-44/1,M-44,1,2:39:51,82.81%
2,Matt Desmond-Okari,"Santa Fe, NM",276,2:42:23,6:12,M 35-39/1,M-38,2,2:42:25,77.63%
3,Loren Wohletz,"Los Alamos, NM",379,2:48:44,6:27,M 20-24/1,M-24,3,2:48:47,74.04%
4,Eric Pope,"Albuquerque, NM",341,2:59:44,6:52,M 45-49/1,m-46,4,2:59:46,74.91%
5,Matt Charles,"Albuquerque, NM",78,3:00:27,6:53,M 30-34/1,M-32,5,3:00:29,69.23%
6,Matt Dauphinee,"Englewood, CO",93,3:03:14,7:00,M 25-29/1,M-29,6,3:03:18,68.18%
7,Kevin Anderson,"Albuquerque, NM",4,3:04:41,7:03,M 20-24/2,M-20,7,3:04:48,68.50%
8,Vinnie Kelley,"Santa Fe, NM",26,3:06:46,7:08,M 55-59/1,M-58,8,3:06:47,80.44%
9,Joseph Weiss,"Albuquerque, NM",376,3:08:25,7:12,M 35-39/2,M-35,9,3:08:32,66.30%
10,Mark Crowley,", ",274,3:09:12,7:13,M 50-54/1,M-53,10,3:09:16,75.75%
11,Mike Donovan,"Rio Rancho, NM",107,3:09:22,7:14,M 55-59/2,M-57,11,3:09:26,78.58%
12,Raul Manzanares,"Abiquiu, NM",165,3:11:24,7:18,M 30-34/2,M-33,12,3:11:28,65.27%
13,Shawn Cummings,"Rio Rancho, NM",275,3:11:26,7:19,M 30-34/3,M-30,13,3:11:32,65.26%
14,Mike Cushing,"Albuquerque, NM",91,3:16:04,7:29,M 55-59/3,M-56,14,3:16:13,75.18%
15,Brian Starr,"Albuquerque, NM",216,3:16:09,7:29,M 30-34/4,M-34,15,3:16:11,63.69%
16,Neil Blake,"Rio Rancho, NM",261,3:16:31,7:30,M 40-44/2,M-44,16,3:16:37,67.35%
17,Richard Kabanuck,"Usaf Academy, CO",143,3:18:17,7:34,M 25-29/2,M-25,17,3:18:33,63.00%
18,Michael Malone,"Farmington, NM",164,3:18:29,7:35,M 35-39/3,M-39,18,3:18:53,63.97%
19,Tony Gallegos,"Espanola, NM",19,3:18:55,7:36,M 45-49/2,M-46,19,3:18:57,67.69%
20,Gerry Garcia,"Albuquerque, NM",292,3:19:10,7:36,M 60-64/1,m-60,20,3:19:13,76.92%
21,Christian Krueger,"Hurley, NM",148,3:19:11,7:36,M 40-44/3,M-41,21,3:19:23,64.80%
22,Max Mujynya,"Santa Fe, NM",332,3:21:02,7:41,M 40-44/4,M-42,22,3:21:04,64.74%
23,Clark Smith,"Colorado Springs, CO",213,3:21:12,7:41,M 20-24/3,M-23,23,3:21:34,62.09%
24,Darrick Coriz,"Casa Blanca, NM",272,3:22:52,7:45,M 30-34/5,M-31,24,3:23:04,61.58%
25,Rick Balthaser,"Albuquerque, NM",53,3:24:27,7:48,M 45-49/3,M-48,25,3:24:36,67.01%
26,Andrew Lande,"Silver City, NM",151,3:25:14,7:50,M 45-49/4,M-47,26,3:25:19,66.18%
27,Russ McInnis,"Rio Rancho, NM",326,3:26:27,7:53,M 45-49/5,M-48,27,3:26:39,66.37%
28,Oscar Uribe Cervantes,"Albuquerque, NM",371,3:27:34,7:55,M 25-29/3,M-25,28,3:27:39,60.19%
29,Scott N Valdez,"Dixon, NM",231,3:28:07,7:57,M 30-34/6,M-34,29,3:28:10,60.03%
30,Brian Reardon,"Jemez Springs, NM",193,3:28:19,7:57,M 35-39/4,M-39,30,3:28:29,60.95%
31,Evan Reimondo,"Collins, NY",196,3:28:44,7:58,M 20-24/4,M-23,31,3:29:02,59.85%
32,Cameron Hoffer,"Farmington, NM",7,3:29:07,7:59,M 25-29/4,M-25,32,3:29:19,59.74%
33,Robert Moore,"Elmira, NY",176,3:29:35,8:00,M 45-49/6,M-48,33,3:29:39,65.37%
34,Roosevelt Hernton,"Albuquerque, NM",307,3:29:50,8:01,M 50-54/2,M-52,34,3:30:04,67.68%
35,Chris Chavez,"Santa Fe, NM",81,3:30:08,8:01,M 50-54/3,M-50,35,3:30:12,66.38%
36,Darrell Guzman,"Albuquerque, NM",301,3:30:10,8:01,M 35-39/5,m-39,36,3:30:19,60.41%
37,Bobby Biles,"Tijeras, NM",258,3:30:52,8:03,M 40-44/5,m-43,37,3:30:58,62.24%
38,Robert Tsinnajinnie,"Cuba, NM",369,3:32:01,8:06,M 35-39/6,M-35,38,3:32:04,58.92%
39,Darrell Armstrong,"Albuquerque, NM",251,3:33:16,8:09,M 50-54/4,M-53,39,3:33:29,67.20%
40,Keith Straw,"Malvern, PA",219,3:33:44,8:10,M 50-54/5,M-54,40,3:34:06,67.68%
41,Dave Williams,"Albuquerque, NM",239,3:33:53,8:10,M 35-39/7,M-37,41,3:33:57,58.64%
42,Pat Scott,"Albuquerque, NM",352,3:34:44,8:12,M 55-59/4,m-56,42,3:34:55,68.64%
43,Jordan Lujan,"Rio Rancho, NM",162,3:36:07,8:15,M 30-34/7,M-33,43,3:36:11,57.81%
44,Jerry Martinez,"Velarde, NM",30,3:36:38,8:16,M 55-59/5,M-59,44,3:36:42,70.02%
45,Andrew Green,"Los Alamos, NM",295,3:36:57,8:17,M 45-49/7,m-48,45,3:37:10,63.15%
46,Jeff Melvin,"Albuquerque, NM",173,3:37:48,8:19,M 40-44/6,M-41,46,3:37:54,59.26%
47,Curtis Wadsworth,"Albuquerque, NM",374,3:37:54,8:19,M 30-34/8,M-31,47,3:38:01,57.33%
48,Richard Sena,"Albuquerque, NM",210,3:39:03,8:22,M 35-39/8,M-35,48,3:39:09,57.03%
49,Louie Telles,"La Luz, NM",362,3:39:37,8:23,M 45-49/8,M-49,49,3:39:44,62.94%
50,Greg Mellor,"Chicago, IL",172,3:40:33,8:25,M 25-29/5,M-27,50,3:40:42,56.64%
51,Jennifer Valdez,"Santa Fe, NM",230,3:41:05,8:26,F 25-29/1,F-27,1,3:41:17,61.26%
52,Jorge Islas,"Chihuahua, MX",136,3:41:12,8:27,M 40-44/7,M-42,51,3:41:28,58.84%
53,John Aragon,"Fort Worth, TX",45,3:41:15,8:27,M 35-39/9,M-39,52,3:41:20,57.38%
54,Sean Murphy,"Rio Rancho, NM",333,3:41:56,8:28,M 20-24/5,M-22,53,3:42:03,56.32%
55,Manuel Chavez,"Albuquerque, NM",82,3:41:58,8:28,M 40-44/8,M-44,54,3:42:14,59.62%
56,Rick Ruby,"Denver, CO",201,3:42:41,8:30,M 35-39/10,M-37,55,3:42:50,56.32%
57,Eric Engberg,"Albuquerque, NM",113,3:42:58,8:31,M 35-39/11,M-35,56,3:43:13,56.03%
58,Donavon Candelaria,"Albuquerque, NM",264,3:43:04,8:31,M 15-19/1,M-19,57,3:43:10,57.41%
59,David Bixler,"Hanover, PA",63,3:43:36,8:32,M 55-59/6,M-57,58,3:43:49,66.54%
60,Sarah Ramsey,"Colorado Springs, CO",191,3:43:48,8:33,F 35-39/1,F-35,2,3:43:59,61.38%
61,Constance Wannamaker,"El Paso, TX",234,3:45:22,8:36,F 35-39/2,F-37,3,3:45:38,61.64%
62,Wendy Jacobsen,"Colorado Springs, CO",137,3:45:34,8:37,F 30-34/1,F-34,4,3:45:45,60.63%
63,Amy Cole,"Silver City, NM",86,3:45:51,8:37,F 25-29/2,F-25,5,3:46:01,59.96%
64,Greg Lujan,"Albuquerque, NM",161,3:46:16,8:38,M 35-39/12,M-39,59,3:46:28,56.11%
65,Brodie Ayers,"Denver, CO",48,3:48:37,8:44,M 30-34/9,M-30,60,3:48:54,54.64%
66,Tony Allison,"The Woodlands, TX",11,3:48:51,8:44,M 50-54/6,M-54,61,3:48:56,63.20%
67,Brandon Gurule,"Albuquerque, NM",298,3:48:53,8:44,M 25-29/6,M-27,62,3:48:56,54.58%
68,Keith Boucher,"El Paso, TX",68,3:49:15,8:45,M 40-44/9,M-43,63,3:50:00,57.25%
69,Richard Cripps,"Albuquerque, NM",3,3:50:09,8:47,M 40-44/10,M-43,64,3:50:33,57.02%
70,Kyle Webb,"Albuquerque, NM",236,3:51:19,8:50,M 35-39/13,M-39,65,3:51:25,54.89%
71,Pat Wicketts,"Albuquerque, NM",378,3:51:48,8:51,M 20-24/6,M-22,66,3:52:04,53.92%
72,Michael Sanchez,"Albuquerque, NM",202,3:52:21,8:52,M 25-29/7,M-27,67,3:52:45,53.77%
73,Mark Trejtnar,"Albuquerque, NM",367,3:52:36,8:53,M 35-39/14,M-38,68,3:53:04,54.20%
74,Michael Wirstrom,"Albuquerque, NM",241,3:53:15,8:54,M 45-49/9,M-46,69,3:53:33,57.72%
75,Michael Courtney,"Albuquerque, NM",273,3:53:22,8:55,M 50-54/7,M-53,70,3:53:40,61.41%
76,Matthew Tandy,"Albuquerque, NM",222,3:53:55,8:56,M 40-44/11,M-40,71,3:54:03,54.72%
77,Ben Neujahr,"Santa Ana, CA",179,3:53:59,8:56,M 30-34/10,M-34,72,3:54:09,53.39%
78,Jeff Haberly,"Tucson, AZ",302,3:54:07,8:56,M 30-34/11,M-32,73,3:54:18,53.36%
79,Kurt Civilette,"Albuquerque, NM",270,3:55:18,8:59,M 45-49/10,M-45,74,3:55:31,56.73%
80,Richard Adam,"Durham, NC",2,3:55:23,8:59,M 60-64/2,M-60,75,3:55:26,65.08%
81,Jason Hoy,"Albuquerque, NM",133,3:55:54,9:00,M 40-44/12,M-40,76,3:56:05,54.26%
82,Sylvia Depauli,"Gallup, NM",99,3:56:16,9:01,F 45-49/1,F-47,6,3:56:29,65.16%
83,Michael Ross,"Albuquerque, NM",346,3:56:26,9:02,M 40-44/13,M-43,77,3:56:51,55.51%
84,Andy Wright,"Albuquerque, NM",380,3:56:27,9:02,M 45-49/11,M-48,78,3:56:38,57.94%
85,Benny Ortega,"Miami, FL",182,3:56:50,9:02,M 30-34/12,M-33,79,3:57:07,52.75%
86,Vern Wood,"Edgewood, NM",243,3:57:02,9:03,M 45-49/12,M-47,80,3:57:17,57.30%
87,Teresa Ledwitch,"Aztec, NM",153,3:57:29,9:04,F 40-44/1,F-43,7,3:57:48,61.77%
88,Sarah Gross,"Albuquerque, NM",297,3:58:40,9:07,F 25-29/3,F-29,8,3:58:50,56.74%
89,Lisa Duncan,"Albuquerque, NM",111,3:58:40,9:07,F 25-29/4,F-28,9,3:58:50,56.74%
90,Frank Vanlandingham,"Montrose, CO",36,3:58:46,9:07,M 55-59/7,M-59,81,3:58:59,63.53%
91,Terry Moore,"Las Cruces, NM",177,3:58:52,9:07,F 30-34/2,F-30,10,3:59:12,56.72%
92,Adam Espinoza,"Rio Rancho, NM",282,3:59:14,9:08,M 25-29/8,M-27,82,3:59:24,52.22%
93,Larry Cawthon,"Rio Rancho, NM",267,3:59:58,9:10,M 60-64/3,M-62,83,4:00:15,65.12%
94,Therese Hallada,"Albuquerque, NM",303,3:59:59,9:10,F 20-24/1,F-20,11,4:00:05,56.47%
95,Tom Fite,"Trinidad, CO",21213,4:00:00,9:10,M 35-39/15,M-36,84,4:00:00,52.10%
96,Charles Dawe,"Roswell, NM",97,4:00:29,9:11,M 45-49/13,M-45,85,4:00:35,55.51%
97,Kathy Jacob,"Sandia Park, NM",311,4:00:38,9:11,F 35-39/3,F-36,12,4:00:56,57.38%
98,Christina Dumars,"Albuquerque, NM",280,4:00:46,9:11,F NoAge/0,F-0,13,4:00:55, 0.00%
99,Bernadine Perea,"Albuquerque, NM",338,4:01:03,9:12,F 30-34/3,F-31,14,4:01:10,56.27%
100,Bill Schum,"Albuquerque, NM",208,4:01:08,9:12,M 35-39/16,M-37,86,4:01:13,52.01%
101,Ethan Watson,"Albuquerque, NM",375,4:01:09,9:12,M 25-29/9,M-26,87,4:01:27,51.80%
102,Floyd Morelos,"Santa Fe, NM",330,4:01:48,9:14,M 45-49/14,M-48,88,4:02:03,56.66%
103,Lenore Tsattie,"Gallup, NM",368,4:01:54,9:14,F 40-44/2,F-41,15,4:01:59,59.34%
104,Markus Bugge,"Alamogordo, NM",73,4:02:07,9:15,M 30-34/13,M-30,89,4:02:11,51.60%
105,Penny Dudley,"Albuquerque, NM",279,4:02:43,9:16,F 30-34/4,F-34,16,4:03:02,56.35%
106,Dan Williams,"Las Cruces, NM",238,4:03:25,9:18,M 60-64/4,M-60,90,4:03:33,62.93%
107,Steven Madrid,"Albuquerque, NM",163,4:03:30,9:18,M 45-49/15,M-49,91,4:03:48,56.77%
108,Emeline Abeita,"Atlanta, GA",38,4:04:21,9:20,F 30-34/5,F-32,17,4:04:42,55.62%
109,Mark Schluter,"Sebastopol, CA",206,4:04:38,9:20,M 50-54/8,M-50,92,4:05:11,57.01%
110,Christopher Henrich,"Albuquerque, NM",22,4:05:04,9:21,M 20-24/7,M-22,93,4:05:07,51.00%
111,Darrell Bache,"Tucson, AZ",51,4:06:13,9:24,M 45-49/16,M-46,94,4:06:18,54.68%
112,David Kolman,"Los Alamos, NM",27,4:06:14,9:24,M 40-44/14,M-42,95,4:06:46,52.85%
113,Rebecca Bell,"Albuquerque, NM",58,4:06:25,9:24,F 25-29/5,F-27,18,4:06:46,54.96%
114,Coreta Keeto,"Window Rock, AZ",316,4:06:46,9:25,F 40-44/3,F-44,19,4:06:54,60.16%
115,Kevin Moore,"Minneapolis, MN",174,4:06:59,9:26,M 35-39/17,M-37,96,4:07:19,50.78%
116,Peter Martinez,"Albuquerque, NM",167,4:07:09,9:26,M 20-24/8,M-24,97,4:07:26,50.55%
117,Patrick Duffy,"Albuquerque, NM",109,4:07:21,9:27,M 25-29/10,M-29,98,4:07:30,50.51%
118,Katrin Silva,"Las Vegas, NM",355,4:07:22,9:27,F 35-39/4,F-39,20,4:07:44,56.98%
119,Monica Sutter,"Las Cruces, NM",35,4:07:26,9:27,F 35-39/5,F-39,21,4:07:43,56.96%
120,Scott Pettinger,"Albuquerque, NM",187,4:07:57,9:28,M 40-44/15,M-41,99,4:08:05,52.06%
121,Clifton Trujillo,"Mesilla Park, NM",227,4:07:58,9:28,M 25-29/11,M-26,100,4:08:28,50.38%
122,David Dogruel,"Santa Fe, NM",105,4:08:22,9:29,M 40-44/16,M-41,101,4:08:46,51.97%
123,Amy Phillips,"Tucson, AZ",33,4:08:25,9:29,F 30-34/6,F-33,22,4:08:38,54.86%
124,Katherine Blagden,"Albuququerque, NM",259,4:08:46,9:30,F 20-24/2,F-24,23,4:08:55,54.44%
125,Kimberly Ortega,"Los Alamos, NM",183,4:09:01,9:30,F 35-39/6,F-37,24,4:09:14,55.78%
126,Kathleen Semerad,"Taos, NM",209,4:09:20,9:31,F 25-29/6,F-26,25,4:09:30,54.32%
127,Peter Hoagland,"El Prado, NM",23,4:09:21,9:31,M 25-29/12,M-26,102,4:09:31,50.10%
128,Roy Salazar,"Albuquerque, NM",349,4:09:28,9:31,M 40-44/17,M-42,103,4:09:32,52.17%
129,Judith Blake,"Rio Rancho, NM",260,4:09:40,9:32,F 40-44/4,F-44,26,4:09:55,59.46%
130,Ross Coomber,"Toronto, ON",88,4:09:43,9:32,M 60-64/5,M-61,104,4:09:57,61.95%
131,Evelyn Rangel,"Gallup, NM",192,4:10:13,9:33,F 50-54/1,F-54,27,4:10:37,67.38%
132,Laurie McCarthy,"Albuquerque, NM",324,4:11:46,9:37,F 35-39/7,F-37,28,4:12:09,55.17%
133,Beth Ulibari,"Albuquerque, NM",370,4:13:41,9:41,F 35-39/8,F-38,29,4:13:55,55.14%
134,Odilia Rodriguez,"Albuquerque, NM",199,4:13:53,9:41,F 40-44/5,F-41,30,4:14:17,56.54%
135,Jeff Christensen,"Albuquerque, NM",83,4:13:58,9:42,M 50-54/9,M-54,105,4:14:27,56.95%
136,Niles Woods,"Anchorage, AK",244,4:14:07,9:42,M 55-59/8,M-56,106,4:14:26,58.00%
137,Heather King,"Farmington, NM",145,4:14:23,9:43,F 35-39/9,F-37,31,4:14:48,54.61%
138,Frank Trowbridge,"Albuquerque, NM",226,4:15:01,9:44,M 60-64/6,M-60,107,4:15:08,60.07%
139,Huberto Arrieta,"Albuquerque, NM",21204,4:15:10,9:44,M 55-59/9,M-55,108,4:15:10,57.22%
140,Thomas Chaves,"Norristown, PA",80,4:15:21,9:45,M 45-49/17,M-46,109,4:15:39,52.73%
141,Matthew Fuemmeler,"Albuquerque, NM",290,4:15:37,9:45,M 25-29/13,M-26,110,4:15:51,48.87%
142,Joe Fuemmeler,"Albuquerque, NM",289,4:15:38,9:45,M 30-34/14,M-31,111,4:15:51,48.87%
143,Marishka Yazzie,"Kirtland, NM",245,4:15:38,9:45,F 20-24/3,F-24,32,4:16:04,52.98%
144,Andrew Kaufman,"Boulder, CO",144,4:18:34,9:52,M 35-39/18,M-38,112,4:18:46,48.75%
145,Frederica Bermudez,"Albuquerque, NM",59,4:18:59,9:53,M 40-44/18,M-43,113,4:19:12,50.68%
146,Doug Lockwood,"Storm Lake, IA",320,4:19:23,9:54,M 50-54/10,m-53,114,4:19:50,55.25%
147,David Thomas,"Albuquerque, NM",224,4:19:38,9:55,M 45-49/18,M-47,115,4:19:58,52.31%
148,Eli Lee,"Albuquerque, NM",154,4:19:44,9:55,M 40-44/19,M-42,116,4:20:06,50.11%
149,Paul Bast,"New Berlin, WI",57,4:20:43,9:57,M 55-59/10,M-56,117,4:20:51,56.53%
150,Jim Peacock,"Paradise, UT",337,4:20:58,9:58,M 45-49/19,M-45,118,4:21:15,51.15%
151,Juanita Najera,"Albuquerque, NM",335,4:21:03,9:58,F 25-29/7,F-28,33,4:21:19,51.88%
152,Jon Rogers,"Rio Rancho, NM",344,4:21:12,9:58,M 30-34/15,M-31,119,4:21:20,47.83%
153,Beth Yip,"Albuquerque, NM",9,4:21:17,9:58,F 35-39/10,F-35,34,4:21:33,52.57%
154,Lynn Trujillo,"Bernalillo, NM",228,4:21:55,10:00,F 35-39/11,F-37,35,4:22:23,53.04%
155,Carma Slim,"Aztec, NM",360,4:22:00,10:00,F 35-39/12,F-38,36,4:22:22,53.39%
156,Sylvia Tazbir,"Albuquerque, NM",223,4:22:09,10:00,F 55-59/1,F-57,37,4:22:24,67.04%
157,Raymond Chung,"Santa Fe, NM",269,4:22:29,10:01,M 35-39/19,M-39,120,4:22:42,48.37%
158,Jennifer Johnson,"Fairfield, CA",139,4:22:49,10:02,F 25-29/8,F-29,38,4:22:49,51.53%
159,Cindy Schmitz,"Highland, CA",34,4:23:20,10:03,F 50-54/2,F-50,39,4:23:35,60.73%
160,Rex Walter,"Hanover, PA",233,4:23:51,10:04,M 45-49/20,M-49,121,4:24:04,52.39%
161,Melissa Lee,"Chinle, AZ",318,4:24:02,10:05,F 30-34/7,F-33,40,4:24:19,51.62%
162,Lee Pattison,"Albuquerque, NM",185,4:24:10,10:05,M 60-64/7,M-62,122,4:24:31,59.15%
163,Kara Dunn,"Tucson, AZ",112,4:24:36,10:06,F 30-34/8,F-30,41,4:24:56,51.20%
164,Rene Grobecker,"Albuquerque, NM",122,4:24:39,10:06,F 40-44/6,F-41,42,4:24:54,54.24%
165,Joe Hokhold,"Plano, TX",131,4:25:07,10:07,M 40-44/20,M-44,123,4:25:26,49.92%
166,Cara Gallegos,"Corrales, NM",291,4:25:08,10:07,F 45-49/2,F-46,43,4:25:44,57.36%
167,Richard Schiek,"Albuquerque, NM",205,4:25:22,10:08,M 40-44/21,M-41,124,4:25:44,48.64%
168,Judy Lewis,"Riverside, CA",29,4:25:37,10:08,F 45-49/3,F-48,44,4:25:52,58.69%
169,Laura Biedermann,"Albuquerque, NM",61,4:25:37,10:08,F 25-29/9,F-27,45,4:26:02,50.99%
170,Eric Biedermann,"Albuquerque, NM",60,4:25:37,10:08,M 30-34/16,M-30,125,4:26:02,47.03%
171,Joseph Marino,"Rio Rancho, NM",322,4:26:21,10:10,M 35-39/20,M-36,126,4:26:55,46.95%
172,Lauren Schaefer,"Libertyville, IL",203,4:26:39,10:11,F 20-24/4,F-22,46,4:26:57,50.79%
173,Drake Davidson,"Clovis, NM",95,4:27:06,10:12,M 40-44/22,M-44,127,4:27:23,49.55%
174,Ginny Morriss,"Albuquerque, NM",178,4:27:20,10:12,F 20-24/5,F-24,47,4:27:45,50.66%
175,Brandon Thornton,"Albuquerque, NM",365,4:27:22,10:12,M 25-29/14,M-29,128,4:27:36,46.72%
176,Jason Welch,"El Paso, TX",377,4:28:08,10:14,M 25-29/15,M-27,129,4:28:37,46.59%
177,Bruce Vanlokeren,"Tucson, AZ",372,4:28:12,10:14,M 45-49/21,m-49,130,4:28:24,51.54%
178,Gilbert Baca,"Albuquerque, NM",49,4:28:12,10:14,M 30-34/17,M-34,131,4:28:21,46.58%
179,Alicia Arguelles,"Albuquerque, NM",250,4:28:17,10:14,F 25-29/10,f-25,48,4:28:43,50.48%
180,Jesson Hutchinson,"Los Alamos, NM",5139,4:28:25,10:15,M 25-29/16,M-28,132,4:28:41,46.54%
181,Brandon Forshaw,"Albuquerque, NM",288,4:29:25,10:17,M 25-29/17,M-26,133,4:29:58,46.37%
182,Steven Flores,"Albuquerque, NM",21202,4:30:00,10:18,M 20-24/9,M-23,134,4:30:00,46.27%
183,Matthew Aguilar,"Albuquerque, NM",248,4:30:13,10:19,M 40-44/23,M-43,135,4:30:30,48.57%
184,Bob Yazzie,"Kirtland, NM",8,4:30:39,10:20,M 60-64/8,M-64,136,4:30:50,58.91%
185,Helga Gladik,"Albuquerque, NM",294,4:31:16,10:21,F 35-39/13,F-37,49,4:31:49,51.21%
186,Roger Kramer,"Albuquerque, NM",317,4:31:50,10:23,M 60-64/9,m-63,137,4:32:30,58.06%
187,Ryan Morgan,"Albuquerque, NM",21214,4:32:00,10:23,M 15-19/2,M-16,138,4:32:00,49.25%
188,Eric Montgomery,"Santa Fe, NM",328,4:32:12,10:23,M 35-39/21,m-38,139,4:32:27,46.31%
189,Kelle Pido,"Seabrook, TX",340,4:32:16,10:24,F 40-44/7,f-43,50,4:32:33,53.88%
190,Angela Infante,"Albuquerque, NM",310,4:32:32,10:24,F 30-34/9,f-31,51,4:32:58,49.77%
191,Matts Moore,"Minneapolis, MN",175,4:32:43,10:25,M 50-54/11,M-54,140,4:33:00,53.04%
192,Howard Dunbar,"Las Vegas, NM",110,4:32:55,10:25,M 60-64/10,M-61,141,4:33:05,56.69%
193,Kenneth Sirois,"Clinton, TN",357,4:33:55,10:27,M 60-64/11,M-62,142,4:34:15,57.05%
194,Ray Sykes,"Albuquerque, NM",221,4:34:03,10:28,M 30-34/18,M-31,143,4:34:26,45.58%
195,Catherine Gomez,"Pueblo, CO",119,4:35:38,10:31,F 50-54/3,F-53,52,4:36:07,60.34%
196,Audrey Ryan,"Albuquerque, NM",348,4:35:50,10:32,F 25-29/11,F-27,53,4:35:59,49.10%
197,Mikey Barthelemy,"Albuquerque, NM",256,4:35:56,10:32,M 15-19/3,M-19,144,4:36:11,46.41%
198,Christopher Wentz,"Corrales, NM",237,4:35:58,10:32,M 50-54/12,M-54,145,4:37:22,52.41%
199,Robert Moss,"Albuquerque, NM",331,4:36:43,10:34,M 20-24/10,M-23,146,4:37:12,45.15%
200,Ashlee Aragon,"Albuquerque, NM",249,4:36:43,10:34,F 20-24/6,F-23,54,4:37:12,48.94%
