Bib,Name,Gender,Age,Hometown,Overall,Men,M 50-54,Finish,Chip Time,Gun Time
852,Nestor Ayala,M,50,"Fowler, CA",1 out of 394,1 out of 174,1 out of 16,10:35 Pace: 5:18,10:35,10:37
905,Kevin Chavira,M,14,"Fresno, CA",2 out of 394,2 out of 174,1 out of 10,10:52 Pace: 5:26,10:52,10:55
850,Santiago Tenorio,M,40,"Fowler, CA",3 out of 394,3 out of 174,1 out of 15,10:57 Pace: 5:29,10:57,10:59
432,Teagan McNair,M,12,"Clovis, CA",4 out of 394,4 out of 174,1 out of 23,11:12 Pace: 5:36,11:11,11:11
454,Taylor Morris,M,15,"Clovis, CA",5 out of 394,5 out of 174,2 out of 10,11:20 Pace: 5:40,11:20,11:21
187,Daniel Evangelista III,M,14,"Madera, CA",6 out of 394,6 out of 174,3 out of 10,11:21 Pace: 5:41,11:21,11:23
365,Matt Lamb,M,12,", ",7 out of 394,7 out of 174,2 out of 23,11:38 Pace: 5:49,11:38,11:39
848,Elisa Angulo,F,29,"Fowler, CA",8 out of 394,1 out of 220,1 out of 22,11:47 Pace: 5:54,11:47,11:48
845,Joseph Angulo,M,42,"Fowler, CA",9 out of 394,8 out of 174,2 out of 15,11:49 Pace: 5:55,11:49,11:51
918,Joe Ordaz,M,43,"Fresno, CA",10 out of 394,9 out of 174,3 out of 15,11:53 Pace: 5:57,11:53,11:55
1048,Jojo Zorn,F,13,"Porterville, CA",11 out of 394,2 out of 220,1 out of 18,11:53 Pace: 5:57,11:53,11:54
350,Lexi Kincade,F,13,"Fresno, CA",12 out of 394,3 out of 220,2 out of 18,12:19 Pace: 6:10,12:19,12:29
455,Jordan Morris,M,12,"Clovis, CA",13 out of 394,10 out of 174,3 out of 23,12:20 Pace: 6:10,12:20,12:21
1001,Josh Guzman,M,13,"Hanford, CA",14 out of 394,11 out of 174,4 out of 23,12:29 Pace: 6:15,12:29,12:31
998,Saul Rodriguez,M,39,"Visalia, CA",15 out of 394,12 out of 174,1 out of 12,12:33 Pace: 6:17,12:33,12:34
802,Pragedis Santana,M,29,"Fresno, CA",16 out of 394,13 out of 174,1 out of 16,12:34 Pace: 6:17,12:34,12:37
800,Richie Shehadey,M,36,"Fresno, CA",17 out of 394,14 out of 174,2 out of 12,12:35 Pace: 6:18,12:35,12:39
849,Joe Ruiz,M,36,"Fowler, CA",18 out of 394,15 out of 174,3 out of 12,12:38 Pace: 6:19,12:38,12:40
851,Jason Sadoian,M,25,"Fowler, CA",19 out of 394,16 out of 174,2 out of 16,12:40 Pace: 6:20,12:40,12:43
1020,Jurnee Fernandez,F,13,"Fresno, CA",20 out of 394,4 out of 220,3 out of 18,12:43 Pace: 6:22,12:43,12:44
986,David Alaniz,M,24,"Fresno, CA",21 out of 394,17 out of 174,1 out of 7,12:45 Pace: 6:23,12:45,12:45
445,Ray Mirelez,M,30,"Madera, CA",22 out of 394,18 out of 174,1 out of 21,12:49 Pace: 6:25,12:49,12:51
339,Ryan Kalmbach,M,33,"Fresno, CA",23 out of 394,19 out of 174,2 out of 21,12:50 Pace: 6:25,12:50,12:52
963,Cody Nelson,M,12,"Clovis, CA",24 out of 394,20 out of 174,5 out of 23,13:00 Pace: 6:30,13:00,13:02
769,Terrell Little,M,13,"Fresno, CA",25 out of 394,21 out of 174,6 out of 23,13:02 Pace: 6:31,13:02,13:08
726,Craig Arkelian,M,50,"Clovis, CA",26 out of 394,22 out of 174,2 out of 16,13:02 Pace: 6:31,13:02,13:05
772,David Esqueda,M,12,"Fresno, CA",27 out of 394,23 out of 174,7 out of 23,13:02 Pace: 6:31,13:02,13:09
349,Adam Kincade,M,34,"Fresno, CA",28 out of 394,24 out of 174,3 out of 21,13:05 Pace: 6:33,13:05,13:16
156,Francisco Daza,M,27,"Madera, CA",29 out of 394,25 out of 174,3 out of 16,13:15 Pace: 6:38,13:15,13:17
166,Alyssa Destasio,F,10,"Fresno, CA",30 out of 394,5 out of 220,4 out of 18,13:16 Pace: 6:38,13:16,13:17
991,Jonathan Akers,M,38,"Clovis, CA",31 out of 394,26 out of 174,4 out of 12,13:17 Pace: 6:39,13:17,13:21
1047,Anais Gonzalez,F,12,"Hanford, CA",32 out of 394,6 out of 220,5 out of 18,13:24 Pace: 6:42,13:24,13:25
237,Manuel Garcia,M,46,"Fresno, CA",33 out of 394,27 out of 174,1 out of 11,13:30 Pace: 6:45,13:30,13:32
774,Bladimir Mireles,M,12,"Fresno, CA",34 out of 394,28 out of 174,8 out of 23,13:35 Pace: 6:48,13:35,14:04
862,Domingo Avlia,M,49,"Reedley, CA",35 out of 394,29 out of 174,2 out of 11,13:37 Pace: 6:49,13:37,13:39
144,Marcus Cuiriz,M,11,"Clovis, CA",36 out of 394,30 out of 174,9 out of 23,13:37 Pace: 6:49,13:37,13:39
853,Miguel Rivera,M,26,"Fowler, CA",37 out of 394,31 out of 174,4 out of 16,13:49 Pace: 6:55,13:49,13:52
257,Blake Hall,M,11,"Fresno, CA",38 out of 394,32 out of 174,10 out of 23,13:54 Pace: 6:57,13:54,13:56
858,Izaiah Flores,M,11,"Clovis, CA",39 out of 394,33 out of 174,11 out of 23,13:57 Pace: 6:59,13:57,13:58
950,Macie Veneman,F,11,"Clovis, CA",40 out of 394,7 out of 220,6 out of 18,14:03 Pace: 7:02,14:03,14:05
1008,Karen Jimenez,F,18,"Fresno, CA",41 out of 394,8 out of 220,1 out of 15,14:17 Pace: 7:09,14:17,14:20
473,Pedro Naranjo,M,41,"Selma, CA",42 out of 394,34 out of 174,4 out of 15,14:19 Pace: 7:10,14:19,14:22
767,Jasmine Cavazos,F,13,"Fresno, CA",43 out of 394,9 out of 220,7 out of 18,14:21 Pace: 7:11,14:21,14:29
526,Julia Reese,F,14,"Clovis, CA",44 out of 394,10 out of 220,2 out of 15,14:22 Pace: 7:11,14:22,14:27
949,David Navarro,M,42,"Clovis, CA",45 out of 394,35 out of 174,5 out of 15,14:22 Pace: 7:11,14:22,14:31
789,Dion Dsouza,M,28,"Fresno, CA",46 out of 394,36 out of 174,5 out of 16,14:27 Pace: 7:14,14:27,14:32
645,Rachel Urquizu,F,10,", ",47 out of 394,11 out of 220,8 out of 18,14:29 Pace: 7:15,14:29,14:36
660,Megan Walaitis,F,11,", ",48 out of 394,12 out of 220,9 out of 18,14:30 Pace: 7:15,14:30,14:32
24,Ryan Arkelian,M,17,", ",49 out of 394,37 out of 174,4 out of 10,14:32 Pace: 7:16,14:32,14:34
976,Michelle Wooten,F,44,"Fresno, CA",50 out of 394,13 out of 220,1 out of 19,14:34 Pace: 7:17,14:34,14:40
1055,Joe Castillo,M,27,"Fresno, CA",51 out of 394,38 out of 174,6 out of 16,14:35 Pace: 7:18,14:35,14:43
17,Leonard Amezola,M,47,"Madera, CA",52 out of 394,39 out of 174,3 out of 11,14:43 Pace: 7:22,14:43,14:48
26,Christian Asprec,M,17,"Fresno, CA",53 out of 394,40 out of 174,5 out of 10,14:46 Pace: 7:23,14:46,15:11
768,Michael Quintero,M,13,"Fresno, CA",54 out of 394,41 out of 174,12 out of 23,14:46 Pace: 7:23,14:46,14:53
1000,Erika Guzman,F,8,"Hanford, CA",55 out of 394,14 out of 220,1 out of 5,14:54 Pace: 7:27,14:54,14:55
216,Janessa Garcia,F,18,", ",56 out of 394,15 out of 220,3 out of 15,14:58 Pace: 7:29,14:58,20:33
215,Armando Garcia,M,46,"Madera, CA",57 out of 394,42 out of 174,4 out of 11,15:04 Pace: 7:32,15:04,15:08
188,Annie Fagundes,F,28,"Fresno, CA",58 out of 394,16 out of 220,2 out of 22,15:05 Pace: 7:33,15:05,15:15
710,Joe Valdivia,M,40,"Kerman, CA",59 out of 394,43 out of 174,6 out of 15,15:07 Pace: 7:34,15:07,15:33
195,Michele Figueroa,F,47,"Visalia, CA",60 out of 394,17 out of 220,1 out of 23,15:14 Pace: 7:37,15:14,15:19
255,Rico Guerrero,M,35,", ",61 out of 394,44 out of 174,5 out of 12,15:17 Pace: 7:39,15:17,15:29
385,Christine Locey,F,47,"Visalia, CA",62 out of 394,18 out of 220,2 out of 23,15:20 Pace: 7:40,15:20,15:25
572,Bobby Santoyo,M,51,", ",63 out of 394,45 out of 174,3 out of 16,15:22 Pace: 7:41,15:22,15:26
258,Jacob Hall,M,9,"Fresno, CA",64 out of 394,46 out of 174,1 out of 5,15:23 Pace: 7:42,15:23,15:25
859,Ernesto Flores,M,13,"Clovis, CA",65 out of 394,47 out of 174,13 out of 23,15:26 Pace: 7:43,15:26,15:27
425,Steve Mata,M,40,"Madera, CA",66 out of 394,48 out of 174,7 out of 15,15:28 Pace: 7:44,15:28,15:30
798,David Gonzalez,M,17,"Madera, CA",67 out of 394,49 out of 174,6 out of 10,15:29 Pace: 7:45,15:29,15:32
318,Eric Johnson,M,33,"Fresno, CA",68 out of 394,50 out of 174,4 out of 21,15:33 Pace: 7:47,15:33,15:43
817,Jeese Toledo,M,30,"Fresno, CA",69 out of 394,51 out of 174,5 out of 21,15:39 Pace: 7:50,15:39,15:43
786,Xavier Coreno,M,11,"Fresno, CA",70 out of 394,52 out of 174,14 out of 23,15:39 Pace: 7:50,15:39,15:52
778,Nathalie Mercado,F,13,"Fresno, CA",71 out of 394,19 out of 220,10 out of 18,15:40 Pace: 7:50,15:40,15:40
366,Mike Lamb,M,44,", ",72 out of 394,53 out of 174,8 out of 15,15:55 Pace: 7:58,15:55,16:03
128,Morgan Cornell,F,20,"Fresno, CA",73 out of 394,20 out of 220,1 out of 14,15:56 Pace: 7:58,15:56,15:59
960,Mikel Giles,M,34,"Clovis, CA",74 out of 394,54 out of 174,6 out of 21,15:56 Pace: 7:58,15:56,16:00
364,Cathy Lamb,F,43,", ",75 out of 394,21 out of 220,2 out of 19,15:59 Pace: 8:00,15:59,16:05
42,Anna Bautista,F,25,", ",76 out of 394,22 out of 220,3 out of 22,16:06 Pace: 8:03,16:06,16:21
384,Acia Locey,F,24,"Visalia, CA",77 out of 394,23 out of 220,2 out of 14,16:06 Pace: 8:03,16:06,16:11
176,Alicia Elizondo,F,22,"Fresno, CA",78 out of 394,24 out of 220,3 out of 14,16:07 Pace: 8:04,16:07,16:14
427,Jacob Mayfield,M,21,"Fresno, CA",79 out of 394,55 out of 174,2 out of 7,16:08 Pace: 8:04,16:08,16:38
847,James Sherwood,M,45,"Fowler, CA",80 out of 394,56 out of 174,5 out of 11,16:10 Pace: 8:05,16:10,16:12
993,Eusebio Blanco,M,69,"Fresno, CA",81 out of 394,57 out of 174,1 out of 7,16:16 Pace: 8:08,16:16,16:23
450,Sisto Montoya,M,56,"Fresno, CA",82 out of 394,58 out of 174,1 out of 13,16:17 Pace: 8:09,16:17,16:24
946,Erika Cline,F,19,"Fresno, CA",83 out of 394,25 out of 220,4 out of 15,16:18 Pace: 8:09,16:18,16:20
142,David Cuevas,M,56,"Parlier, CA",84 out of 394,59 out of 174,2 out of 13,16:38 Pace: 8:19,16:38,16:51
553,Shellie Roth,F,39,"Madera, CA",85 out of 394,26 out of 220,1 out of 25,16:39 Pace: 8:20,16:39,16:48
37,Omar Barraza,M,18,", ",86 out of 394,60 out of 174,7 out of 10,16:47 Pace: 8:24,16:47,17:04
804,Ken Gauer,M,43,"Fresno, CA",87 out of 394,61 out of 174,9 out of 15,16:51 Pace: 8:26,16:51,17:02
426,Geoff Mateo,M,20,"Fresno, CA",88 out of 394,62 out of 174,3 out of 7,16:51 Pace: 8:26,16:51,16:57
590,Christian Shehadey,M,10,"Fresno, CA",89 out of 394,63 out of 174,15 out of 23,16:51 Pace: 8:26,16:51,17:00
387,Bill Logan,M,52,", ",90 out of 394,64 out of 174,4 out of 16,16:51 Pace: 8:26,16:51,17:04
810,Devon Shehadey,F,37,"Fresno, CA",91 out of 394,27 out of 220,2 out of 25,16:54 Pace: 8:27,16:54,17:02
875,Mark Overholtzer,M,32,"Clovis, CA",92 out of 394,65 out of 174,7 out of 21,16:55 Pace: 8:28,16:55,17:00
326,Tamara Jones,F,50,"Fresno, CA",93 out of 394,28 out of 220,1 out of 15,16:59 Pace: 8:30,16:59,17:19
788,Jacob Troy Coreno,M,7,"Fresno, CA",94 out of 394,66 out of 174,2 out of 5,16:59 Pace: 8:30,16:59,17:13
854,Rudy Quinonez,M,27,"Fowler, CA",95 out of 394,67 out of 174,7 out of 16,17:04 Pace: 8:32,17:04,17:06
795,Michael Wolf,M,54,"Kingsburg, CA",96 out of 394,68 out of 174,5 out of 16,17:05 Pace: 8:33,17:05,17:18
235,Christy Gorden,F,49,", ",97 out of 394,29 out of 220,3 out of 23,17:05 Pace: 8:33,17:05,17:13
27,Isaiah Asprec,M,12,"Fresno, CA",98 out of 394,69 out of 174,16 out of 23,17:09 Pace: 8:35,17:09,17:21
338,Emma Kalmbach,F,32,"Fresno, CA",99 out of 394,30 out of 220,1 out of 25,17:11 Pace: 8:36,17:11,17:14
631,Jovan Tamayo,M,20,"Fresno, CA",100 out of 394,70 out of 174,4 out of 7,17:13 Pace: 8:37,17:13,17:21
177,Rachel Elizondo,F,20,"Fresno, CA",101 out of 394,31 out of 220,4 out of 14,17:17 Pace: 8:39,17:17,17:24
750,Marti Ambriz,F,52,"Fresno, CA",102 out of 394,32 out of 220,2 out of 15,17:19 Pace: 8:40,17:19,17:23
179,Tonatiuh Elizondo,M,57,"Fresno, CA",103 out of 394,71 out of 174,3 out of 13,17:20 Pace: 8:40,17:20,17:27
884,Christine Tessler,F,46,"Fresno, CA",104 out of 394,33 out of 220,4 out of 23,17:28 Pace: 8:44,17:28,17:40
644,Holly Urquizu,F,47,", ",105 out of 394,34 out of 220,5 out of 23,17:29 Pace: 8:45,17:29,17:37
1068,Eliani Sinco,M,10,"Fresno, CA",106 out of 394,72 out of 174,17 out of 23,17:30 Pace: 8:45,17:30,17:43
982,Hector Rios,M,49,"Merced, CA",107 out of 394,73 out of 174,6 out of 11,17:31 Pace: 8:46,17:31,17:34
1067,Thomas Tillery,M,50,"Fresno, CA",108 out of 394,74 out of 174,6 out of 16,17:32 Pace: 8:46,17:32,17:44
379,Derek Lemyre,m,27,"Fresno, CA",109 out of 394,75 out of 174,8 out of 16,17:33 Pace: 8:47,17:33,17:44
745,Deleon Rojas,M,25,"Fresno, CA",110 out of 394,76 out of 174,9 out of 16,17:35 Pace: 8:48,17:35,17:40
887,Joel Villar,M,47,"Fresno, CA",111 out of 394,77 out of 174,7 out of 11,17:39 Pace: 8:50,17:39,17:51
510,Juanita Pries,F,37,"Fresno, CA",112 out of 394,35 out of 220,3 out of 25,17:39 Pace: 8:50,17:39,17:54
548,Chito Romero,M,44,"Madera, CA",113 out of 394,78 out of 174,10 out of 15,17:57 Pace: 8:59,17:57,18:16
530,John Reynolds,M,40,"Fresno, CA",114 out of 394,79 out of 174,11 out of 15,18:00 Pace: 9:00,18:00,18:11
632,Ashley Tang,F,14,"Clovis, CA",115 out of 394,36 out of 220,5 out of 15,18:00 Pace: 9:00,18:00,18:05
245,Tom Gray,M,49,"Fresno, CA",116 out of 394,80 out of 174,8 out of 11,18:01 Pace: 9:01,18:01,18:12
383,Tracy Liu,F,14,"Clovis, CA",117 out of 394,37 out of 220,6 out of 15,18:02 Pace: 9:01,18:02,18:06
1023,Marielle Desrosiers,F,20,"Fresno, CA",118 out of 394,38 out of 220,5 out of 14,18:03 Pace: 9:02,18:03,18:14
33,Alexis Baldis,F,15,"Fresno, CA",119 out of 394,39 out of 220,7 out of 15,18:05 Pace: 9:03,18:05,18:12
34,Clara Baldis,F,11,", ",120 out of 394,40 out of 220,11 out of 18,18:05 Pace: 9:03,18:05,18:12
989,Steve Deedon,M,38,"Clovis, CA",121 out of 394,81 out of 174,6 out of 12,18:06 Pace: 9:03,18:06,18:14
158,Elizabeth Deedon,F,12,"Fresno, CA",122 out of 394,41 out of 220,12 out of 18,18:06 Pace: 9:03,18:06,18:14
39,Mario Barron,M,53,"Selma, CA",123 out of 394,82 out of 174,7 out of 16,18:16 Pace: 9:08,18:16,18:24
438,Joey Miller,M,28,"Fresno, CA",124 out of 394,83 out of 174,10 out of 16,18:17 Pace: 9:09,18:17,18:26
689,Kelly Yost,M,46,"Fresno, CA",125 out of 394,84 out of 174,9 out of 11,18:18 Pace: 9:09,18:18,18:36
328,Paula Jordan,F,53,"Fresno, CA",126 out of 394,42 out of 220,3 out of 15,18:24 Pace: 9:12,18:24,18:36
962,Erik Giles,M,9,"Clovis, CA",127 out of 394,85 out of 174,3 out of 5,18:25 Pace: 9:13,18:25,18:31
85,Julie Cade,F,47,"Fresno, CA",128 out of 394,43 out of 220,6 out of 23,18:25 Pace: 9:13,18:25,18:28
842,Diana Foster,F,36,"Fresno, CA",129 out of 394,44 out of 220,4 out of 25,18:29 Pace: 9:15,18:29,18:33
1002,Seth Gamble,M,31,"Fresno, CA",130 out of 394,86 out of 174,8 out of 21,18:30 Pace: 9:15,18:30,18:35
378,William Leffall,M,75,"Fresno, CA",131 out of 394,87 out of 174,1 out of 6,18:31 Pace: 9:16,18:31,18:42
1003,Evelyn Gamble,F,8,"Fresno, CA",132 out of 394,45 out of 220,2 out of 5,18:31 Pace: 9:16,18:31,18:35
394,Johnny Luna,M,54,"Madera, CA",133 out of 394,88 out of 174,8 out of 16,18:31 Pace: 9:16,18:31,18:58
399,Steven Macillas,M,53,"Dos Palos, CA",134 out of 394,89 out of 174,9 out of 16,18:32 Pace: 9:16,18:32,18:42
809,Mariah Shehadey,F,17,"Fresno, CA",135 out of 394,46 out of 220,8 out of 15,18:34 Pace: 9:17,18:34,18:43
646,Howard Uyeno,M,57,"Fresno, CA",136 out of 394,90 out of 174,4 out of 13,18:35 Pace: 9:18,18:35,18:43
271,Kelli Hassett,F,48,"Fresno, CA",137 out of 394,47 out of 220,7 out of 23,18:37 Pace: 9:19,18:37,18:44
1019,Julie Gonzales,F,28,"Fresno, CA",138 out of 394,48 out of 220,4 out of 22,18:40 Pace: 9:20,18:40,18:52
527,Christopher Regalado,M,30,"Fresno, CA",139 out of 394,91 out of 174,9 out of 21,18:46 Pace: 9:23,18:46,19:04
797,Christina Valdez,F,31,"Fresno, CA",140 out of 394,49 out of 220,2 out of 25,18:48 Pace: 9:24,18:48,18:52
288,Roy Hernandez,M,34,"Fresno, CA",141 out of 394,92 out of 174,10 out of 21,18:50 Pace: 9:25,18:50,19:12
919,Kaylah Coreno,F,10,"Fresno, CA",142 out of 394,50 out of 220,13 out of 18,18:59 Pace: 9:30,18:59,19:14
964,Bailey Nelson,F,9,"Clovis, CA",143 out of 394,51 out of 220,3 out of 5,19:00 Pace: 9:30,19:00,19:05
593,Izaak Shipp,M,14,"Fresno, CA",144 out of 394,93 out of 174,8 out of 10,19:03 Pace: 9:32,19:03,19:15
132,Julia Costa,F,27,"Fresno, CA",145 out of 394,52 out of 220,5 out of 22,19:05 Pace: 9:33,19:05,19:24
808,Kevin Shehadey,M,43,"Fresno, CA",146 out of 394,94 out of 174,12 out of 15,19:06 Pace: 9:33,19:06,19:18
435,Linda Melo,F,53,"Fresno, CA",147 out of 394,53 out of 220,4 out of 15,19:12 Pace: 9:36,19:12,19:23
921,Luzana Coria,F,34,"Fresno, CA",148 out of 394,54 out of 220,3 out of 25,19:17 Pace: 9:39,19:17,19:20
777,Michael Juarez,M,37,"Clovis, CA",149 out of 394,95 out of 174,7 out of 12,19:19 Pace: 9:40,19:19,19:49
252,Agapito Guerra,M,66,"Fresno, CA",150 out of 394,96 out of 174,2 out of 7,19:21 Pace: 9:41,19:21,19:24
947,Melody Gonzales,F,19,"Lindsay, CA",151 out of 394,55 out of 220,9 out of 15,19:24 Pace: 9:42,19:24,19:31
334,Kari Jue,F,35,"Fresno, CA",152 out of 394,56 out of 220,5 out of 25,19:25 Pace: 9:43,19:25,19:44
735,Will Blackwell,M,38,"Hanford, CA",153 out of 394,97 out of 174,8 out of 12,19:25 Pace: 9:43,19:25,19:35
562,Benito Sanchez,M,40,"Madera, CA",154 out of 394,98 out of 174,13 out of 15,19:31 Pace: 9:46,19:31,19:57
14,Kevin Alvey,M,51,"Madera, CA",155 out of 394,99 out of 174,10 out of 16,19:33 Pace: 9:47,19:33,19:42
15,Lisa Alvey,F,43,"Madera, CA",156 out of 394,57 out of 220,3 out of 19,19:33 Pace: 9:47,19:33,19:42
801,Richard Williamson,M,59,"Fresno, CA",157 out of 394,100 out of 174,5 out of 13,19:33 Pace: 9:47,19:33,19:41
147,Pardeep Dabb,M,0,"Fresno, CA",158 out of 394,101 out of 174,0 out of 0,19:40 Pace: 9:50,19:40,19:46
640,Colleen Tudman,F,30,"Fresno, CA",159 out of 394,58 out of 220,4 out of 25,19:53 Pace: 9:57,19:53,20:06
1077,Shayla Tavarez Tavarez,F,18,"Visalia, CA",160 out of 394,59 out of 220,10 out of 15,20:00 Pace: 10:00,20:00,20:05
779,Vicki Juarez,F,36,"Clovis, CA",161 out of 394,60 out of 220,6 out of 25,20:01 Pace: 10:01,20:01,20:33
230,Cecil Gongora,M,48,"Fresno, CA",162 out of 394,102 out of 174,10 out of 11,20:03 Pace: 10:02,20:03,20:27
405,John Manasselian,M,59,"Fresno, CA",163 out of 394,103 out of 174,6 out of 13,20:05 Pace: 10:03,20:05,20:27
860,Patricia Fenton,F,59,"Fresno, CA",164 out of 394,61 out of 220,1 out of 17,20:06 Pace: 10:03,20:06,20:18
178,Rose Elizondo,F,57,"Fresno, CA",165 out of 394,62 out of 220,2 out of 17,20:10 Pace: 10:05,20:10,20:19
1011,Claudia Munguia,F,38,"Porterville, CA",166 out of 394,63 out of 220,7 out of 25,20:13 Pace: 10:07,20:13,20:30
656,Adriana Vilanova,F,31,"Fresno, CA",167 out of 394,64 out of 220,5 out of 25,20:16 Pace: 10:08,20:16,20:38
1091,Nash Lucero,M,31,"Sanger, CA",168 out of 394,104 out of 174,11 out of 21,20:37 Pace: 10:19,20:37,21:04
1090,Corina Lucero,F,29,"Sanger, CA",169 out of 394,65 out of 220,6 out of 22,20:37 Pace: 10:19,20:37,21:05
163,Christopher Denny,M,78,"Fresno, CA",170 out of 394,105 out of 174,2 out of 6,20:50 Pace: 10:25,20:50,20:57
941,Celia Delozier,F,57,"Fresno, CA",171 out of 394,66 out of 220,3 out of 17,20:58 Pace: 10:29,20:58,21:07
35,Lisa Baldis,F,45,"Fresno, CA",172 out of 394,67 out of 220,8 out of 23,21:01 Pace: 10:31,21:01,21:10
336,Mickey Kaitangian,M,75,"Fresno, CA",173 out of 394,106 out of 174,3 out of 6,21:03 Pace: 10:32,21:03,21:10
466,Monica Munoz,F,36,"Kerman, CA",174 out of 394,68 out of 220,8 out of 25,21:04 Pace: 10:32,21:04,21:09
323,Julia Jones,F,36,"Madera, CA",175 out of 394,69 out of 220,9 out of 25,21:06 Pace: 10:33,21:06,21:16
200,Rogelio Flores,M,57,"Fresno, CA",176 out of 394,107 out of 174,7 out of 13,21:08 Pace: 10:34,21:08,21:14
152,Jonquisha Damon,F,24,", ",177 out of 394,70 out of 220,6 out of 14,21:23 Pace: 10:42,21:23,21:33
603,Jill Skinner,F,33,"Fresno, CA",178 out of 394,71 out of 220,6 out of 25,21:26 Pace: 10:43,21:26,21:35
397,Cuong Luu,M,26,"Fresno, CA",179 out of 394,108 out of 174,11 out of 16,21:42 Pace: 10:51,21:42,22:12
1040,Jorydn Winter,F,13,"Kerman, CA",180 out of 394,72 out of 220,14 out of 18,21:46 Pace: 10:53,21:46,21:57
1039,Savannah Stoeckle,F,14,"Kerman, CA",181 out of 394,73 out of 220,11 out of 15,21:46 Pace: 10:53,21:46,21:57
285,Georgie Hernandez,M,34,"Clovis, CA",182 out of 394,109 out of 174,12 out of 21,22:13 Pace: 11:07,22:13,22:19
1049,Pete Valdez,M,50,"Clovis, CA",183 out of 394,110 out of 174,11 out of 16,22:13 Pace: 11:07,22:13,22:40
1037,Mike Montoya,M,63,"Kerman, CA",184 out of 394,111 out of 174,1 out of 8,22:13 Pace: 11:07,22:13,22:26
1046,Savannah Brandle,F,21,"Clovis, CA",185 out of 394,74 out of 220,7 out of 14,22:19 Pace: 11:10,22:19,22:46
232,Bonnie Gonzales,F,0,"Fresno, CA",186 out of 394,75 out of 220,0 out of 0,22:21 Pace: 11:11,22:21,22:26
1086,Elizabeth Navarro,F,33,"Dinuba, CA",187 out of 394,76 out of 220,7 out of 25,22:24 Pace: 11:12,22:24,22:46
66,Darin Bratvold,M,32,", ",188 out of 394,112 out of 174,13 out of 21,22:37 Pace: 11:19,22:37,22:58
12,Anderson Altice,M,13,"Madera, CA",189 out of 394,113 out of 174,18 out of 23,22:37 Pace: 11:19,22:37,22:58
1065,Lacey Huntington,F,30,"Fresno, CA",190 out of 394,77 out of 220,8 out of 25,22:42 Pace: 11:21,22:42,23:04
525,Jenny Reasch,F,25,"Clovis, CA",191 out of 394,78 out of 220,7 out of 22,22:42 Pace: 11:21,22:42,22:51
1064,Micah Abney,M,13,"Fresno, CA",192 out of 394,114 out of 174,19 out of 23,22:42 Pace: 11:21,22:42,22:46
217,Olga Garcia,F,0,"Fresno, CA",193 out of 394,79 out of 220,0 out of 0,22:47 Pace: 11:24,22:47,22:51
28,Lemuel Asprec,M,37,"Fresno, CA",194 out of 394,115 out of 174,9 out of 12,22:50 Pace: 11:25,22:50,23:13
1072,Edward Kim,M,30,"Fresno, CA",195 out of 394,116 out of 174,14 out of 21,22:55 Pace: 11:28,22:55,23:30
1062,Diana Llerenas,F,27,"Tulare, CA",196 out of 394,80 out of 220,8 out of 22,22:57 Pace: 11:29,22:57,23:30
189,Frank Fagundes,M,62,"Atwater, CA",197 out of 394,117 out of 174,2 out of 8,23:01 Pace: 11:31,23:01,23:12
528,Sue Regalado,F,55,"Fresno, CA",198 out of 394,81 out of 220,4 out of 17,23:16 Pace: 11:38,23:16,23:34
262,Kathleen Halvorsen,F,41,"Tulare, CA",199 out of 394,82 out of 220,4 out of 19,23:17 Pace: 11:39,23:17,23:25
307,Nathan Ingram,M,13,"Templeton, CA",200 out of 394,118 out of 174,20 out of 23,23:21 Pace: 11:41,23:21,23:55
355,Karyn Klatt,F,42,"Clovis, CA",201 out of 394,83 out of 220,5 out of 19,23:22 Pace: 11:41,23:22,23:56
744,Art Rojas,M,58,"Fresno, CA",202 out of 394,119 out of 174,8 out of 13,23:37 Pace: 11:49,23:37,23:42
746,Soleil Rojas,F,20,"Fresno, CA",203 out of 394,84 out of 220,8 out of 14,23:39 Pace: 11:50,23:39,23:43
99,Jim Castle,M,0,"Fresno, CA",204 out of 394,120 out of 174,0 out of 0,23:42 Pace: 11:51,23:42,24:13
837,Michael Castle,M,12,"Clovis, CA",205 out of 394,121 out of 174,21 out of 23,23:42 Pace: 11:51,23:42,24:12
1066,Krissann Samaniego,F,20,"Madera, CA",206 out of 394,85 out of 220,9 out of 14,23:44 Pace: 11:52,23:44,24:00
793,Erica Casillas,F,29,"Fresno, CA",207 out of 394,86 out of 220,9 out of 22,23:45 Pace: 11:53,23:45,24:01
436,A Mendoza,F,34,"Fresno, CA",208 out of 394,87 out of 220,9 out of 25,23:56 Pace: 11:58,23:56,25:56
1083,Amanda Esquivel,F,14,"Fresno, CA",209 out of 394,88 out of 220,12 out of 15,23:59 Pace: 12:00,23:59,25:58
737,Charlotte Mackay,F,15,"Clovis, CA",210 out of 394,89 out of 220,13 out of 15,24:01 Pace: 12:01,24:01,24:23
743,Ruby Rojas,F,55,"Fresno, CA",211 out of 394,90 out of 220,5 out of 17,24:03 Pace: 12:02,24:03,24:07
1018,Marisa Garcia,F,34,"Strathmore, CA",212 out of 394,91 out of 220,10 out of 25,24:16 Pace: 12:08,24:16,24:36
818,Lucy Montes,F,44,"Fresno, CA",213 out of 394,92 out of 220,6 out of 19,24:46 Pace: 12:23,24:46,25:00
1060,Zinnia Mendez,F,33,"Porterville, CA",214 out of 394,93 out of 220,11 out of 25,24:51 Pace: 12:26,24:51,25:11
1012,Gina Ballesteros,F,33,"Tulare, CA",215 out of 394,94 out of 220,12 out of 25,24:51 Pace: 12:26,24:51,25:11
357,James Koch,M,67,"Fresno, CA",216 out of 394,122 out of 174,3 out of 7,24:52 Pace: 12:26,24:52,25:02
61,Mona Borjas,F,60,"Clovis, CA",217 out of 394,95 out of 220,1 out of 7,24:59 Pace: 12:30,24:59,25:04
680,Mary Wolff,F,54,", ",218 out of 394,96 out of 220,5 out of 15,25:00 Pace: 12:30,25:00,25:06
816,Martha Toledo,F,47,"Fresno, CA",219 out of 394,97 out of 220,9 out of 23,25:00 Pace: 12:30,25:00,25:15
18,Jeff Andrews,M,0,"Fresno, CA",220 out of 394,123 out of 174,0 out of 0,25:07 Pace: 12:34,25:07,25:13
983,Sandra Soto,F,59,"Fresno, CA",221 out of 394,98 out of 220,6 out of 17,25:23 Pace: 12:42,25:23,25:33
447,Yvonne Mizner,F,46,"Fresno, CA",222 out of 394,99 out of 220,10 out of 23,25:24 Pace: 12:42,25:24,25:54
782,Erica Juarez,F,25,"Clovis, CA",223 out of 394,100 out of 220,10 out of 22,25:28 Pace: 12:44,25:28,25:59
1027,John Minney,M,60,"Madera, CA",224 out of 394,124 out of 174,3 out of 8,25:30 Pace: 12:45,25:30,25:49
783,Laura Duncan,F,35,"Clovis, CA",225 out of 394,101 out of 220,10 out of 25,25:38 Pace: 12:49,25:38,26:09
984,Rosalina Belmont,F,55,"Clovis, CA",226 out of 394,102 out of 220,7 out of 17,25:42 Pace: 12:51,25:42,25:53
741,Mike Conklin,M,32,"Fresno, CA",227 out of 394,125 out of 174,15 out of 21,25:47 Pace: 12:54,25:47,25:47
1033,Tom Neumeier,M,58,"Fresno, CA",228 out of 394,126 out of 174,9 out of 13,26:01 Pace: 13:01,26:01,27:23
486,Elizabeth Orozco,F,42,"Kingsburg, CA",229 out of 394,103 out of 220,7 out of 19,26:05 Pace: 13:03,26:05,26:17
1031,Emmanuel Torres,M,22,"Fresno, CA",230 out of 394,127 out of 174,5 out of 7,26:10 Pace: 13:05,26:10,27:20
1053,Sokha Kauv,M,30,"Fresno, CA",231 out of 394,128 out of 174,16 out of 21,26:14 Pace: 13:07,26:14,27:20
358,Shirley Kovacs,F,63,"Fresno, CA",232 out of 394,104 out of 220,2 out of 7,26:16 Pace: 13:08,26:16,26:31
597,Stefani Silva,F,22,"Fresno, CA",233 out of 394,105 out of 220,10 out of 14,27:04 Pace: 13:32,27:04,27:40
1030,Damian Garza,M,12,"Bakersfield, CA",234 out of 394,129 out of 174,22 out of 23,27:26 Pace: 13:43,27:26,27:38
369,Danny Laubly,M,29,"Clovis, CA",235 out of 394,130 out of 174,12 out of 16,27:30 Pace: 13:45,27:30,27:41
938,Robert Rhyne,M,51,"Clovis, CA",236 out of 394,131 out of 174,12 out of 16,27:32 Pace: 13:46,27:32,27:48
773,Emily Lang,F,13,"Fresno, CA",237 out of 394,106 out of 220,15 out of 18,27:36 Pace: 13:48,27:36,27:51
718,Denise Carreno,F,41,"Fresno, CA",238 out of 394,107 out of 220,8 out of 19,27:43 Pace: 13:52,27:43,27:54
537,Sherrie Rippee,F,54,"Prather, CA",239 out of 394,108 out of 220,6 out of 15,27:45 Pace: 13:53,27:45,28:08
81,Joni Bunnell,F,59,"Clovis, CA",240 out of 394,109 out of 220,8 out of 17,27:50 Pace: 13:55,27:50,28:13
965,Adrienne Nelson,F,32,"Clovis, CA",241 out of 394,110 out of 220,13 out of 25,27:51 Pace: 13:56,27:51,27:56
961,Kenzie Giles,F,6,"Clovis, CA",242 out of 394,111 out of 220,4 out of 5,27:51 Pace: 13:56,27:51,27:56
140,Susan Crosno,F,56,"Fresno, CA",243 out of 394,112 out of 220,9 out of 17,28:07 Pace: 14:04,28:07,28:28
154,Seth Davis,M,29,"Fresno, CA",244 out of 394,132 out of 174,13 out of 16,28:14 Pace: 14:07,28:14,28:45
790,Rafael Silva,M,82,"Fresno, CA",245 out of 394,133 out of 174,4 out of 6,28:15 Pace: 14:08,28:15,28:20
628,Bridget Stuart,F,27,"Fresno, CA",246 out of 394,113 out of 220,11 out of 22,28:15 Pace: 14:08,28:15,28:45
251,Jennie Guadagno,F,55,"Fresno, CA",247 out of 394,114 out of 220,10 out of 17,28:21 Pace: 14:11,28:21,28:31
492,John Paredes,M,86,"Selma, CA",248 out of 394,134 out of 174,5 out of 6,28:32 Pace: 14:16,28:32,28:45
173,Joseph Ebright,M,37,"Clovis, CA",249 out of 394,135 out of 174,10 out of 12,28:56 Pace: 14:28,28:56,29:14
174,Lisa Ebright,F,37,"Clovis, CA",250 out of 394,115 out of 220,11 out of 25,28:56 Pace: 14:28,28:56,29:14
922,Elizabeth Sauseda,F,57,"Clovis, CA",251 out of 394,116 out of 220,11 out of 17,28:57 Pace: 14:29,28:57,29:14
380,Jermaine Lewis,M,35,", ",252 out of 394,136 out of 174,11 out of 12,29:09 Pace: 14:35,29:09,29:21
785,Peter Coreno,M,64,"Fresno, CA",253 out of 394,137 out of 174,4 out of 8,29:13 Pace: 14:37,29:13,29:36
985,Cherida Dsouza,F,32,"Fresno, CA",254 out of 394,117 out of 220,14 out of 25,29:17 Pace: 14:39,29:17,29:23
662,Sarah Warner,F,28,"Fresno, CA",255 out of 394,118 out of 220,12 out of 22,29:27 Pace: 14:44,29:27,29:41
120,Ashley Coakley,F,26,"Fresno, CA",256 out of 394,119 out of 220,13 out of 22,29:28 Pace: 14:44,29:28,29:42
265,Debra Hardesty,F,46,"Madera, CA",257 out of 394,120 out of 220,11 out of 23,29:28 Pace: 14:44,29:28,29:54
117,Elise Cisneros,F,39,"Fresno, CA",258 out of 394,121 out of 220,12 out of 25,29:45 Pace: 14:53,29:45,29:54
194,Douglas Fesler,M,63,"Hanford, CA",259 out of 394,138 out of 174,5 out of 8,29:45 Pace: 14:53,29:45,29:54
201,Emily Florez,F,50,"Fresno, CA",260 out of 394,122 out of 220,7 out of 15,30:04 Pace: 15:02,30:04,30:31
196,Angie Flores,F,65,"Fresno, CA",261 out of 394,123 out of 220,1 out of 2,30:04 Pace: 15:02,30:04,30:31
1093,Lalonnie Calderon,F,29,"Fresno, CA",262 out of 394,124 out of 220,14 out of 22,30:06 Pace: 15:03,30:06,31:49
636,Esmi Thephommy,F,35,"Fresno, CA",263 out of 394,125 out of 220,13 out of 25,30:13 Pace: 15:07,30:13,31:08
834,Lisa Matson,F,44,"Fresno, CA",264 out of 394,126 out of 220,9 out of 19,30:29 Pace: 15:15,30:29,31:59
249,William Gray Jr,M,63,"Clovis, CA",265 out of 394,139 out of 174,6 out of 8,30:35 Pace: 15:18,30:35,31:00
241,Cathy Gray,F,0,", ",266 out of 394,127 out of 220,0 out of 0,30:35 Pace: 15:18,30:35,31:00
539,Kirk Robinson,M,55,"Yosemite National Park, CA",267 out of 394,140 out of 174,10 out of 13,30:37 Pace: 15:19,30:37,30:54
835,Delaney Matson,F,21,"Fresno, CA",268 out of 394,128 out of 220,11 out of 14,30:38 Pace: 15:19,30:38,31:52
266,Zack Hardesty,M,20,"Madera, CA",269 out of 394,141 out of 174,6 out of 7,30:40 Pace: 15:20,30:40,31:05
246,Raquel Gray,F,41,"Madera, CA",270 out of 394,129 out of 220,10 out of 19,30:41 Pace: 15:21,30:41,31:06
547,Jamie Rohrer,F,0,", ",271 out of 394,130 out of 220,0 out of 0,30:43 Pace: 15:22,30:43,30:59
381,Maureen Lewis,F,0,", ",272 out of 394,131 out of 220,0 out of 0,30:43 Pace: 15:22,30:43,31:00
440,Kristen Miller,F,37,"Clovis, CA",273 out of 394,132 out of 220,14 out of 25,30:44 Pace: 15:22,30:44,30:50
538,David Rivera Jr,M,54,"Clovis, CA",274 out of 394,142 out of 174,13 out of 16,30:51 Pace: 15:26,30:51,31:12
957,Alexander Bryant,M,18,"Fresno, CA",275 out of 394,143 out of 174,9 out of 10,30:53 Pace: 15:27,30:53,31:10
382,Sharon Liggett,F,68,"Laton, CA",276 out of 394,133 out of 220,2 out of 2,30:55 Pace: 15:28,30:55,32:25
377,Young Lee,M,67,"Fresno, CA",277 out of 394,144 out of 174,4 out of 7,31:26 Pace: 15:43,31:26,31:50
374,Alex Lee,M,32,"Fresno, CA",278 out of 394,145 out of 174,17 out of 21,31:27 Pace: 15:44,31:27,31:51
1063,Claudia Valtierra,F,23,"Hanford, CA",279 out of 394,134 out of 220,12 out of 14,31:41 Pace: 15:51,31:41,32:14
1058,Cathe Rich,F,30,"Hanford, CA",280 out of 394,135 out of 220,15 out of 25,31:43 Pace: 15:52,31:43,32:16
654,Monica Velencia,F,35,"Fresno, CA",281 out of 394,136 out of 220,15 out of 25,31:45 Pace: 15:53,31:45,32:14
303,Gary Huss,M,63,"Fresno, CA",282 out of 394,146 out of 174,7 out of 8,31:48 Pace: 15:54,31:48,32:25
532,Carolyn Rhyne,F,53,"Lafayette, CA",283 out of 394,137 out of 220,8 out of 15,31:49 Pace: 15:55,31:49,32:06
370,Carole Laval,F,62,"Fresno, CA",284 out of 394,138 out of 220,3 out of 7,31:54 Pace: 15:57,31:54,32:04
1026,Emelia Ebendick,F,58,"Lemoore, CA",285 out of 394,139 out of 220,12 out of 17,31:58 Pace: 15:59,31:58,32:08
1041,Nancy Davis,F,51,"Clovis, CA",286 out of 394,140 out of 220,9 out of 15,31:58 Pace: 15:59,31:58,32:08
302,Diane Huss,F,63,"Fresno, CA",287 out of 394,141 out of 220,4 out of 7,32:00 Pace: 16:00,32:00,32:36
595,Gloria Silva,F,55,"Fresno, CA",288 out of 394,142 out of 220,13 out of 17,32:20 Pace: 16:10,32:20,33:00
1036,Patti Montoya,F,39,"Kerman, CA",289 out of 394,143 out of 220,16 out of 25,32:20 Pace: 16:10,32:20,32:45
1038,Andrea Garvey,F,41,"Kerman, CA",290 out of 394,144 out of 220,11 out of 19,32:21 Pace: 16:11,32:21,32:46
878,Kendall Avila,F,15,"Fresno, CA",291 out of 394,145 out of 220,14 out of 15,32:28 Pace: 16:14,32:28,36:22
877,Michelle Avila,F,46,"Fresno, CA",292 out of 394,146 out of 220,12 out of 23,32:28 Pace: 16:14,32:28,36:22
270,Rod Harris,M,67,"Fresno, CA",293 out of 394,147 out of 174,5 out of 7,32:35 Pace: 16:18,32:35,32:52
269,Rhonnie Harris,F,0,"Fresno, CA",294 out of 394,147 out of 220,0 out of 0,32:37 Pace: 16:19,32:37,32:53
101,Betty Castro,F,32,"Fresno, CA",295 out of 394,148 out of 220,16 out of 25,32:37 Pace: 16:19,32:37,33:06
1035,Doris Blanton,F,47,"Fresno, CA",296 out of 394,149 out of 220,13 out of 23,32:52 Pace: 16:26,32:52,33:14
226,Christine Goedhart-Humphrey,F,42,"Bakersfield, CA",297 out of 394,150 out of 220,12 out of 19,32:52 Pace: 16:26,32:52,33:14
220,Doug Geisler,M,47,"Clovis, CA",298 out of 394,148 out of 174,11 out of 11,33:04 Pace: 16:32,33:04,33:24
344,Virgina Kevorkian,F,85,"Fresno, CA",299 out of 394,151 out of 220,1 out of 2,33:08 Pace: 16:34,33:08,33:48
456,Don Morrison,M,50,"Fresno, CA",300 out of 394,149 out of 174,14 out of 16,33:19 Pace: 16:40,33:19,33:39
457,Janet Morrison,F,49,"Fresno, CA",301 out of 394,152 out of 220,14 out of 23,33:20 Pace: 16:40,33:20,33:39
3,Jill Agellon,F,31,"Fresno, CA",302 out of 394,153 out of 220,17 out of 25,33:31 Pace: 16:46,33:31,34:07
84,Barbara Burns,F,0,", ",303 out of 394,154 out of 220,0 out of 0,33:39 Pace: 16:50,33:39,34:00
1075,Jozette Martinez,F,27,"Fresno, CA",304 out of 394,155 out of 220,15 out of 22,33:48 Pace: 16:54,33:48,36:41
1073,Stephanie Wettlaufer,F,32,"Fresno, CA",305 out of 394,156 out of 220,18 out of 25,33:49 Pace: 16:55,33:49,36:41
219,Sam Geil,M,57,"Fresno, CA",306 out of 394,150 out of 174,11 out of 13,33:52 Pace: 16:56,33:52,34:34
278,Sherrie Heinz,F,46,"Fresno, CA",307 out of 394,157 out of 220,15 out of 23,33:54 Pace: 16:57,33:54,34:32
343,Sandy Kevorkian,F,62,"Fresno, CA",308 out of 394,158 out of 220,5 out of 7,33:55 Pace: 16:58,33:55,34:33
122,Janet Cole,F,43,"Los Banos, CA",309 out of 394,159 out of 220,13 out of 19,34:05 Pace: 17:03,34:05,34:21
123,Kristina Cole,F,11,"Los Banos, CA",310 out of 394,160 out of 220,16 out of 18,34:05 Pace: 17:03,34:05,34:21
398,Mary Macillas,F,51,"Dos Palos, CA",311 out of 394,161 out of 220,10 out of 15,34:05 Pace: 17:03,34:05,34:21
518,Nicole Radke,F,38,"Fresno, CA",312 out of 394,162 out of 220,17 out of 25,34:07 Pace: 17:04,34:07,34:28
634,Fred Temby,M,81,"Fresno, CA",313 out of 394,151 out of 174,6 out of 6,34:08 Pace: 17:04,34:08,34:27
75,Miles Brosseau,M,5,"Hanford, CA",314 out of 394,152 out of 174,4 out of 5,34:08 Pace: 17:04,34:08,34:27
1014,Heliodoro Ruvalcaba,M,50,"Fresno, CA",315 out of 394,153 out of 174,15 out of 16,34:09 Pace: 17:05,34:09,34:24
276,John Heffron,M,0,", ",316 out of 394,154 out of 174,0 out of 0,34:10 Pace: 17:05,34:10,34:28
624,Jodie Stickney,F,36,"Fresno, CA",317 out of 394,163 out of 220,18 out of 25,34:10 Pace: 17:05,34:10,34:28
1080,Morong Yom,M,25,"Fresno, CA",318 out of 394,155 out of 174,14 out of 16,34:16 Pace: 17:08,34:16,38:03
896,Frank Vargas,M,57,"Fresno, CA",319 out of 394,156 out of 174,12 out of 13,34:22 Pace: 17:11,34:22,34:47
589,Jennifer Shamoon,F,0,", ",320 out of 394,164 out of 220,0 out of 0,34:23 Pace: 17:12,34:23,34:50
765,Kellie Frasher,F,45,"Fresno, CA",321 out of 394,165 out of 220,16 out of 23,34:24 Pace: 17:12,34:24,34:49
764,Angela Villanuevo,F,38,"Fresno, CA",322 out of 394,166 out of 220,19 out of 25,34:24 Pace: 17:12,34:24,34:47
761,Sally Gallaher,F,48,"Fresno, CA",323 out of 394,167 out of 220,17 out of 23,34:26 Pace: 17:13,34:26,34:49
882,Leena Basurto,F,28,"Madera, CA",324 out of 394,168 out of 220,16 out of 22,34:28 Pace: 17:14,34:28,34:28
578,Tracy Schlotherback,F,45,"Clovis, CA",325 out of 394,169 out of 220,18 out of 23,34:35 Pace: 17:18,34:35,34:56
749,Brigette Wiens,F,33,"Fresno, CA",326 out of 394,170 out of 220,19 out of 25,34:38 Pace: 17:19,34:38,35:32
672,Eric Wiens,M,33,"Fresno, CA",327 out of 394,157 out of 174,18 out of 21,34:38 Pace: 17:19,34:38,35:32
76,Teri Brosseau,F,37,"Hanford, CA",328 out of 394,171 out of 220,20 out of 25,34:38 Pace: 17:19,34:38,34:57
74,Mason Brosseau,M,7,"Hanford, CA",329 out of 394,158 out of 174,5 out of 5,34:39 Pace: 17:20,34:39,34:59
64,Mkay Boyajian,F,64,"Reedley, CA",330 out of 394,172 out of 220,6 out of 7,34:45 Pace: 17:23,34:45,35:06
63,Gregory Boyajian,M,69,"Reedley, CA",331 out of 394,159 out of 174,6 out of 7,34:48 Pace: 17:24,34:48,35:07
493,Mariah Parker,F,27,"Fresno, CA",332 out of 394,173 out of 220,17 out of 22,34:53 Pace: 17:27,34:53,35:17
536,David Rippee,M,31,"Fresno, CA",333 out of 394,160 out of 174,19 out of 21,34:53 Pace: 17:27,34:53,35:18
213,Kevin Gaither,M,30,"Clovis, CA",334 out of 394,161 out of 174,20 out of 21,35:01 Pace: 17:31,35:01,36:46
212,Anna Gaither,F,27,"Clovis, CA",335 out of 394,174 out of 220,18 out of 22,35:01 Pace: 17:31,35:01,36:46
508,Alexandria Prather-Sellers,F,20,"Fresno, CA",336 out of 394,175 out of 220,13 out of 14,35:03 Pace: 17:32,35:03,35:26
311,George Islas,M,43,"Fresno, CA",337 out of 394,162 out of 174,14 out of 15,35:03 Pace: 17:32,35:03,35:27
1071,Bonita Shaver,F,61,"Hanford, CA",338 out of 394,176 out of 220,7 out of 7,35:09 Pace: 17:35,35:09,37:00
1081,Leanne Brown,F,50,"Hanford, CA",339 out of 394,177 out of 220,11 out of 15,35:10 Pace: 17:35,35:10,37:01
981,Sylvia Rios,F,50,"Merced, CA",340 out of 394,178 out of 220,12 out of 15,35:11 Pace: 17:36,35:11,35:26
559,Helena Rutherford,F,30,"Madera, CA",341 out of 394,179 out of 220,20 out of 25,35:22 Pace: 17:41,35:22,35:40
1054,Lillian Fillpot,F,57,"Fresno, CA",342 out of 394,180 out of 220,14 out of 17,35:22 Pace: 17:41,35:22,36:03
1070,Sandra Davis,F,56,"Stockton, CA",343 out of 394,181 out of 220,15 out of 17,35:24 Pace: 17:42,35:24,35:45
49,Mike Belman,M,55,"Fresno, CA",344 out of 394,163 out of 174,13 out of 13,35:25 Pace: 17:43,35:25,35:44
308,Nichole Ingram,F,9,"Templeton, CA",345 out of 394,182 out of 220,5 out of 5,35:26 Pace: 17:43,35:26,36:01
306,Cher Ingram,F,39,"Templeton, CA",346 out of 394,183 out of 220,21 out of 25,35:26 Pace: 17:43,35:26,36:01
591,Michael Shimmer,M,21,"Fresno, CA",347 out of 394,164 out of 174,7 out of 7,35:26 Pace: 17:43,35:26,35:26
653,Trey Vasquez,F,34,"Fresno, CA",348 out of 394,184 out of 220,21 out of 25,35:32 Pace: 17:46,35:32,38:09
651,Allison Vasquez,F,32,"Fresno, CA",349 out of 394,185 out of 220,22 out of 25,35:32 Pace: 17:46,35:32,38:10
649,Joshua Valenzuela,M,12,"Sanger, CA",350 out of 394,165 out of 174,23 out of 23,35:34 Pace: 17:47,35:34,37:14
650,Letitia Valenzuela,F,39,"Sanger, CA",351 out of 394,186 out of 220,22 out of 25,35:34 Pace: 17:47,35:34,37:15
648,Jaime Valenzuela,M,41,"Sanger, CA",352 out of 394,166 out of 174,15 out of 15,35:35 Pace: 17:48,35:35,37:16
647,Aurelio Valenzuela,M,14,"Sanger, CA",353 out of 394,167 out of 174,10 out of 10,35:35 Pace: 17:48,35:35,37:15
614,Dave Spaulding,M,62,"Fresno, CA",354 out of 394,168 out of 174,8 out of 8,35:37 Pace: 17:49,35:37,38:14
286,Irene Hernandez,F,29,"Fresno, CA",355 out of 394,187 out of 220,19 out of 22,35:39 Pace: 17:50,35:39,36:14
615,Karen Spaulding,F,52,"Fresno, CA",356 out of 394,188 out of 220,13 out of 15,35:39 Pace: 17:50,35:39,38:15
388,Ruth Logan,F,81,", ",357 out of 394,189 out of 220,2 out of 2,35:51 Pace: 17:56,35:51,36:14
666,Tricia Wathen,F,40,", ",358 out of 394,190 out of 220,14 out of 19,35:53 Pace: 17:57,35:53,36:21
980,Kristi Wathen,F,46,"Fresno, CA",359 out of 394,191 out of 220,19 out of 23,35:54 Pace: 17:57,35:54,36:21
600,Betty Singh,F,0,"Fresno, CA",360 out of 394,192 out of 220,0 out of 0,36:08 Pace: 18:04,36:08,36:12
2,Anne Adamson,F,50,"Fresno, CA",361 out of 394,193 out of 220,14 out of 15,36:10 Pace: 18:05,36:10,36:31
393,Sharon Loving,F,49,"Clovis, CA",362 out of 394,194 out of 220,20 out of 23,36:30 Pace: 18:15,36:30,36:50
139,Catherine Crosby,F,55,"Fresno, CA",363 out of 394,195 out of 220,16 out of 17,36:31 Pace: 18:16,36:31,36:50
567,Alice Sano,F,44,"Fresno, CA",364 out of 394,196 out of 220,15 out of 19,36:37 Pace: 18:19,36:37,36:37
568,Bobby Sano,M,50,"Fresno, CA",365 out of 394,169 out of 174,16 out of 16,36:37 Pace: 18:19,36:37,36:37
332,Patsy Juarez,F,59,"Fresno, CA",366 out of 394,197 out of 220,17 out of 17,36:46 Pace: 18:23,36:46,37:49
333,Paul Juarez,M,67,"Fresno, CA",367 out of 394,170 out of 174,7 out of 7,36:47 Pace: 18:24,36:47,37:50
1082,Fernando Ayala,M,28,"Fresno, CA",368 out of 394,171 out of 174,15 out of 16,36:56 Pace: 18:28,36:56,38:01
996,Jacqueline Morales,F,33,"Livingston, CA",369 out of 394,198 out of 220,23 out of 25,37:05 Pace: 18:33,37:05,38:00
1015,Veronica Meza,F,29,"Fresno, CA",370 out of 394,199 out of 220,20 out of 22,37:05 Pace: 18:33,37:05,38:00
627,Carrie Stroud,F,0,", ",371 out of 394,200 out of 220,0 out of 0,37:05 Pace: 18:33,37:05,37:05
1016,Leticia Deltoro,F,25,"Madera, CA",372 out of 394,201 out of 220,21 out of 22,37:06 Pace: 18:33,37:06,38:01
1017,Veronica Cabrera,F,22,"Madera, CA",373 out of 394,202 out of 220,14 out of 14,37:06 Pace: 18:33,37:06,38:02
898,Kim Tirapelle,F,31,"Fresno, CA",374 out of 394,203 out of 220,24 out of 25,37:08 Pace: 18:34,37:08,37:41
894,Chris Conner,M,35,"Fresno, CA",375 out of 394,172 out of 174,12 out of 12,37:09 Pace: 18:35,37:09,37:43
895,Adam Tirapella,M,32,"Fresno, CA",376 out of 394,173 out of 174,21 out of 21,37:13 Pace: 18:37,37:13,37:45
1084,Amanda Esquivel,F,14,"Fresno, CA",377 out of 394,204 out of 220,15 out of 15,37:15 Pace: 18:38,37:15,37:45
1074,Denise Esquivel,F,46,"Fresno, CA",378 out of 394,205 out of 220,21 out of 23,37:18 Pace: 18:39,37:18,37:47
613,Monica Soublet,F,40,"Fresno, CA",379 out of 394,206 out of 220,16 out of 19,37:31 Pace: 18:46,37:31,38:02
319,Jeanne Johnson,F,70,"Clovis, CA",380 out of 394,207 out of 220,1 out of 1,37:32 Pace: 18:46,37:32,38:02
79,Michelle Brown,F,37,"Fresno, CA",381 out of 394,208 out of 220,23 out of 25,37:33 Pace: 18:47,37:33,38:03
1034,Michelle Booker,F,27,"Fresno, CA",382 out of 394,209 out of 220,22 out of 22,37:56 Pace: 18:58,37:56,39:04
1005,Joy Graves,F,43,"Fresno, CA",383 out of 394,210 out of 220,17 out of 19,38:11 Pace: 19:06,38:11,38:35
159,Shelli Deedon,F,40,"Fresno, CA",384 out of 394,211 out of 220,18 out of 19,38:40 Pace: 19:20,38:40,38:55
157,Diana Deedon,F,13,"Fresno, CA",385 out of 394,212 out of 220,17 out of 18,38:40 Pace: 19:20,38:40,38:57
151,Teresa D'Alessio,F,43,"Fresno, CA",386 out of 394,213 out of 220,19 out of 19,38:41 Pace: 19:21,38:41,39:10
21,Enedelia Antonio,F,50,"Fresno, CA",387 out of 394,214 out of 220,15 out of 15,38:43 Pace: 19:22,38:43,39:16
22,Estefana Antonio,M,26,"Fresno, CA",388 out of 394,174 out of 174,16 out of 16,38:44 Pace: 19:22,38:44,39:17
254,Denise Guerrero,F,37,"Fresno, CA",389 out of 394,215 out of 220,24 out of 25,39:18 Pace: 19:39,39:18,39:58
490,Lorraine Palma,F,32,"Fresno, CA",390 out of 394,216 out of 220,25 out of 25,39:19 Pace: 19:40,39:19,39:57
598,Mae Silverio,F,37,"Fresno, CA",391 out of 394,217 out of 220,25 out of 25,39:22 Pace: 19:41,39:22,39:58
776,Anna Garcia,F,12,"Fresno, CA",392 out of 394,218 out of 220,18 out of 18,1:00:15 Pace: 30:08,1:00:15,1:53:49
512,Melissa Prothro,F,47,"Fresno, CA",393 out of 394,219 out of 220,22 out of 23,1:04:38 Pace: 32:19,1:04:38,1:58:35
665,Kelli Wathen,F,47,"Fresno, CA",394 out of 394,220 out of 220,23 out of 23,2:53:31 Pace: 1:26:46,2:53:31,2:53:31
