Bib,Name,Gender,Age,Hometown,Overall,Men,M 50-54,Age/Grade,Finish,Chip Time,Gun Time
774,Peter Magill,M,50,"S Pasadena, CA",1 out of 317,1 out of 177,1 out of 22, 95.88% Place: 1,15:24 Pace: 4:58,15:24,15:24
852,Christian Cushing-Murray,M,43,"Santa Ana, CA",2 out of 317,2 out of 177,1 out of 13, 82.48% Place: 2,16:57 Pace: 5:28,16:57,16:57
559,Jimmy Duong,M,17,"United States, ",3 out of 317,3 out of 177,1 out of 17, 77.29% Place: 6,17:29 Pace: 5:38,17:29,17:29
828,Robert Miyoshi,M,16,"Buena Park, CA",4 out of 317,4 out of 177,2 out of 17, 77.69% Place: 5,17:39 Pace: 5:41,17:39,17:39
697,Robert Rust,M,42,"United States, ",5 out of 317,5 out of 177,2 out of 13, 77.88% Place: 4,17:47 Pace: 5:44,17:47,17:47
795,Edward Martinez,M,18,"Buena Park, CA",6 out of 317,6 out of 177,1 out of 15, 72.40% Place: 10,18:26 Pace: 5:56,18:26,18:26
620,Masa Kinoshita,M,24,"United Kingdom, ",7 out of 317,7 out of 177,2 out of 15, 69.67% Place: 18,18:32 Pace: 5:58,18:32,18:32
861,Aaron Ridder,M,17,"Cypress, CA",8 out of 317,8 out of 177,3 out of 17, 70.50% Place: 16,19:10 Pace: 6:11,19:10,19:10
794,Edward Davis,M,55,"Buena Park, CA",9 out of 317,9 out of 177,1 out of 12, 79.55% Place: 3,19:20 Pace: 6:14,19:20,19:20
701,Daniel Sanchez,M,17,"United States, ",10 out of 317,10 out of 177,4 out of 17, 68.47% Place: 21,19:44 Pace: 6:21,19:44,19:44
866,Aaron Benjamin,M,35,"Rowland Heights, CA",11 out of 317,11 out of 177,1 out of 22, 65.59% Place: 28,20:07 Pace: 6:29,20:07,20:07
514,Mat Astengo,M,22,"United States, ",12 out of 317,12 out of 177,3 out of 15, 62.98% Place: 36,20:30 Pace: 6:36,20:30,20:30
864,Ruben Vargas,M,33,"Garden Grove, CA",13 out of 317,13 out of 177,1 out of 5, 63.45% Place: 34,20:35 Pace: 6:38,20:35,20:35
816,Rosalinda Alcala,F,42,"Anaheim, CA",14 out of 317,1 out of 140,1 out of 18, 74.82% Place: 8,20:44 Pace: 6:41,20:44,20:44
798,Michael Roy,M,23,"Whittier, CA",15 out of 317,14 out of 177,4 out of 15, 62.02% Place: 42,20:49 Pace: 6:42,20:49,20:49
778,Dave Kelly,M,52,"Irvine, CA",16 out of 317,15 out of 177,2 out of 22, 71.52% Place: 11,20:58 Pace: 6:45,20:58,20:58
779,Kiana Miyamoto,F,16,"Buena Park, CA",17 out of 317,2 out of 140,1 out of 7, 70.78% Place: 14,21:38 Pace: 6:58,21:38,21:38
870,Max Vasquez,M,49,"Compton, CA",18 out of 317,16 out of 177,1 out of 20, 66.92% Place: 22,21:53 Pace: 7:03,21:53,21:53
837,Kelly Motyka,F,36,"Long Beach, CA",19 out of 317,3 out of 140,1 out of 16, 68.60% Place: 20,21:53 Pace: 7:03,21:53,21:53
763,Phil Zamorano,M,49,"United States, ",20 out of 317,17 out of 177,2 out of 20, 66.62% Place: 23,21:59 Pace: 7:05,21:59,21:59
821,Amber Cornelious,F,15,"Usa, ",21 out of 317,4 out of 140,2 out of 7, 70.08% Place: 17,22:08 Pace: 7:08,22:08,22:08
755,John Woscek,M,22,"United States, ",22 out of 317,18 out of 177,5 out of 15, 58.24% Place: 59,22:10 Pace: 7:08,22:10,22:10
653,Brooke Montgomery,F,15,"United States, ",23 out of 317,5 out of 140,3 out of 7, 69.61% Place: 19,22:16 Pace: 7:11,22:16,22:16
819,Eddie Evans,M,40,"Saint Petersburg, FL",24 out of 317,19 out of 177,3 out of 13, 61.30% Place: 46,22:17 Pace: 7:11,22:17,22:17
797,Drew Myers,M,10,"Fullerton, CA",25 out of 317,20 out of 177,1 out of 15, 70.72% Place: 15,22:20 Pace: 7:12,22:20,22:20
834,Lorenzo Herrera,M,59,"Buena Park, CA",26 out of 317,21 out of 177,2 out of 12, 71.19% Place: 13,22:21 Pace: 7:12,22:21,22:21
773,Brendon Spencer,M,15,"La Palma, CA",27 out of 317,22 out of 177,5 out of 17, 62.08% Place: 41,22:26 Pace: 7:13,22:26,22:26
815,Ron Shranko,M,51,"Lakewood, CA",28 out of 317,23 out of 177,3 out of 22, 65.88% Place: 27,22:35 Pace: 7:17,22:35,22:35
873,Jesus Ramos,M,49,"Buena Park, CA",29 out of 317,24 out of 177,3 out of 20, 64.37% Place: 31,22:45 Pace: 7:20,22:45,22:45
770,Patrick Martin,M,15,"Buena Park, CA",30 out of 317,25 out of 177,6 out of 17, 60.82% Place: 51,22:54 Pace: 7:23,22:54,22:54
836,Kristina Galias,F,20,"Long Beach, CA",31 out of 317,6 out of 140,1 out of 11, 64.35% Place: 32,23:01 Pace: 7:25,23:01,23:01
801,Michael Roy,M,54,"Whittier, CA",32 out of 317,26 out of 177,4 out of 22, 66.04% Place: 26,23:05 Pace: 7:26,23:05,23:05
829,Greg Hass,M,11,"Huntington Beach, CA",33 out of 317,27 out of 177,2 out of 15, 66.19% Place: 25,23:08 Pace: 7:27,23:08,23:08
599,Kyle Hordyk,M,14,"United States, ",34 out of 317,28 out of 177,7 out of 17, 60.96% Place: 49,23:17 Pace: 7:30,23:17,23:17
689,Sinead Reyes,F,10,"United States, ",35 out of 317,7 out of 140,1 out of 13, 72.99% Place: 9,23:24 Pace: 7:32,23:24,23:24
664,Gilda Ochoa,F,43,"United States, ",36 out of 317,8 out of 140,2 out of 18, 66.45% Place: 24,23:31 Pace: 7:34,23:31,23:31
550,Thomas Kyle Cuevas,M,17,"United States, ",37 out of 317,29 out of 177,8 out of 17, 57.41% Place: 64,23:32 Pace: 7:35,23:32,23:32
610,Jessica Jamora,F,29,"United States, ",38 out of 317,9 out of 140,1 out of 16, 62.93% Place: 37,23:32 Pace: 7:35,23:32,23:32
654,Taylor Morico,F,16,"United States, ",39 out of 317,10 out of 140,4 out of 7, 64.88% Place: 29,23:36 Pace: 7:36,23:36,23:36
723,Mark Standen,M,47,"United States, ",40 out of 317,30 out of 177,4 out of 20, 60.93% Place: 50,23:39 Pace: 7:37,23:39,23:39
822,Ryan Carey,M,37,"Lakewood, CA",41 out of 317,31 out of 177,2 out of 22, 55.74% Place: 71,23:58 Pace: 7:43,23:58,23:58
648,Shaun Merritt,M,40,"United States, ",42 out of 317,32 out of 177,4 out of 13, 56.02% Place: 69,24:23 Pace: 7:51,24:23,24:23
616,Kevin Keizer,M,21,"United States, ",43 out of 317,33 out of 177,6 out of 15, 53.00% Place: 97,24:27 Pace: 7:53,24:27,24:27
856,Brett Schickling,M,24,"Brea, CA",44 out of 317,34 out of 177,7 out of 15, 52.47% Place: 101,24:36 Pace: 7:55,24:36,24:36
855,Sam Schickling,M,20,"Brea, CA",45 out of 317,35 out of 177,8 out of 15, 52.91% Place: 99,24:39 Pace: 7:56,24:39,24:39
857,Dave Schickling,M,53,"Brea, CA",46 out of 317,36 out of 177,5 out of 22, 61.28% Place: 47,24:41 Pace: 7:57,24:41,24:41
638,Kieran Matias,M,18,"United States, ",47 out of 317,37 out of 177,9 out of 15, 53.91% Place: 91,24:45 Pace: 7:58,24:45,24:45
742,Eric Volivitch,M,21,"United States, ",48 out of 317,38 out of 177,10 out of 15, 52.25% Place: 104,24:48 Pace: 7:59,24:48,24:48
776,Cristina Bracamonte,F,26,"Bell, CA",49 out of 317,11 out of 140,2 out of 16, 59.32% Place: 55,24:58 Pace: 8:02,24:58,24:58
756,Thomas Woscek,M,54,"United States, ",50 out of 317,39 out of 177,6 out of 22, 60.97% Place: 48,25:00 Pace: 8:03,25:00,25:00
606,Cathy Imai,F,39,"United States, ",51 out of 317,12 out of 140,2 out of 16, 60.68% Place: 52,25:04 Pace: 8:04,25:04,25:04
835,Danny Chavez,M,49,"Long Beach, CA",52 out of 317,40 out of 177,5 out of 20, 58.38% Place: 58,25:05 Pace: 8:05,25:05,25:05
862,Denis Plambeck,M,44,"La Palma, CA",53 out of 317,41 out of 177,5 out of 13, 55.67% Place: 72,25:17 Pace: 8:08,25:17,25:17
692,Pat Rojas,M,60,"United States, ",54 out of 317,42 out of 177,1 out of 13, 62.88% Place: 38,25:31 Pace: 8:13,25:31,25:31
792,Kenneth Gunderson,M,60,"Whittier, CA",55 out of 317,43 out of 177,2 out of 13, 62.67% Place: 39,25:36 Pace: 8:15,25:36,25:36
546,Nathan Corkhill,M,20,"United States, ",56 out of 317,44 out of 177,11 out of 15, 50.85% Place: 119,25:39 Pace: 8:16,25:39,25:39
631,Blair Madison,F,28,"United States, ",57 out of 317,13 out of 140,3 out of 16, 57.59% Place: 60,25:43 Pace: 8:17,25:43,25:43
696,Lance Rust,M,15,"United States, ",58 out of 317,45 out of 177,9 out of 17, 53.87% Place: 92,25:51 Pace: 8:20,25:51,25:51
998,Steven Coler,M,63,"United States, ",59 out of 317,46 out of 177,3 out of 13, 63.01% Place: 35,26:09 Pace: 8:25,26:09,26:09
791,John Bales,M,66,"Glendale, CA",60 out of 317,47 out of 177,1 out of 10, 64.51% Place: 30,26:16 Pace: 8:27,26:16,26:16
880,Cheyenne Paningsoro,F,18,"La Palma, CA",61 out of 317,14 out of 140,2 out of 11, 56.84% Place: 67,26:21 Pace: 8:29,26:21,26:21
759,Wayne Yada,M,45,"United States, ",62 out of 317,48 out of 177,6 out of 20, 53.69% Place: 93,26:26 Pace: 8:31,26:26,26:26
859,Sharon Hennessey,F,48,"Norwalk, CA",63 out of 317,15 out of 140,1 out of 19, 61.64% Place: 44,26:34 Pace: 8:33,26:34,26:34
841,Steven Chavez,M,27,"Galt, CA",64 out of 317,49 out of 177,1 out of 4, 48.59% Place: 145,26:34 Pace: 8:34,26:34,26:34
847,David Chavez,M,38,"Torrance, CA",65 out of 317,50 out of 177,3 out of 22, 50.44% Place: 123,26:40 Pace: 8:35,26:40,26:40
516,Joe Astengo III,M,50,"United States, ",66 out of 317,51 out of 177,7 out of 22, 55.31% Place: 77,26:41 Pace: 8:36,26:41,26:41
674,Mike Payne,M,39,"United States, ",67 out of 317,52 out of 177,4 out of 22, 50.75% Place: 120,26:43 Pace: 8:36,26:43,26:43
680,Rosalie Pitts,F,65,"United States, ",68 out of 317,16 out of 140,1 out of 1, 76.80% Place: 7,26:49 Pace: 8:38,26:49,26:49
617,Ty Keizer,M,53,"United States, ",69 out of 317,53 out of 177,8 out of 22, 56.37% Place: 68,26:50 Pace: 8:38,26:50,26:50
679,Lee Pitts,M,68,"United States, ",70 out of 317,54 out of 177,2 out of 10, 64.33% Place: 33,26:50 Pace: 8:39,26:50,26:50
659,Jason Nakamura,M,15,"United States, ",71 out of 317,55 out of 177,10 out of 17, 51.83% Place: 111,26:52 Pace: 8:39,26:52,26:52
557,Ben Draper,M,36,"United States, ",72 out of 317,56 out of 177,5 out of 22, 49.32% Place: 137,26:55 Pace: 8:40,26:55,26:55
806,Cole Rogers,M,14,"Lakewood, CA",73 out of 317,57 out of 177,11 out of 17, 52.66% Place: 100,26:57 Pace: 8:41,26:57,26:57
558,Brett Duncan,M,50,"United States, ",74 out of 317,58 out of 177,9 out of 22, 54.73% Place: 81,26:58 Pace: 8:41,26:58,26:58
830,Jeff Hass,M,9,"Huntington Beach, CA",75 out of 317,59 out of 177,3 out of 15, 60.37% Place: 53,27:06 Pace: 8:44,27:06,27:06
675,Tami Payne,F,37,"United States, ",76 out of 317,17 out of 140,3 out of 16, 55.50% Place: 74,27:08 Pace: 8:44,27:08,27:08
588,David Hacker,M,16,"United States, ",77 out of 317,60 out of 177,12 out of 17, 50.43% Place: 124,27:11 Pace: 8:45,27:11,27:11
787,Janine Roach,F,33,"Los Angeles, CA",78 out of 317,18 out of 140,1 out of 15, 54.66% Place: 83,27:13 Pace: 8:46,27:13,27:13
832,William Rogers,M,52,"Cypress, CA",79 out of 317,61 out of 177,10 out of 22, 54.98% Place: 79,27:16 Pace: 8:47,27:16,27:16
848,Juventino Luna,M,67,"Norwalk, CA",80 out of 317,62 out of 177,3 out of 10, 62.58% Place: 40,27:19 Pace: 8:48,27:19,27:19
745,Rithy Vu,M,30,"United States, ",81 out of 317,63 out of 177,2 out of 5, 47.26% Place: 159,27:23 Pace: 8:49,27:23,27:23
760,Cynthia Yamaguchi,F,40,"United States, ",82 out of 317,19 out of 140,3 out of 18, 55.50% Place: 73,27:35 Pace: 8:53,27:35,27:35
768,Timothy Duenas,M,50,"Downey, CA",83 out of 317,64 out of 177,11 out of 22, 53.47% Place: 95,27:36 Pace: 8:53,27:36,27:36
607,Marc Imai,M,47,"United States, ",84 out of 317,65 out of 177,7 out of 20, 52.17% Place: 105,27:37 Pace: 8:54,27:37,27:37
681,Samuel Plambeck,M,40,"United States, ",85 out of 317,66 out of 177,6 out of 13, 49.37% Place: 135,27:40 Pace: 8:55,27:40,27:40
758,Kyle Yada,M,13,"United States, ",86 out of 317,67 out of 177,4 out of 15, 52.28% Place: 102,27:45 Pace: 8:56,27:45,27:45
687,Jeanna Ramirez,F,27,"United States, ",87 out of 317,20 out of 140,4 out of 16, 53.27% Place: 96,27:48 Pace: 8:57,27:48,27:48
622,Gene Kuwahara,M,48,"United States, ",88 out of 317,68 out of 177,8 out of 20, 51.85% Place: 110,28:01 Pace: 9:02,28:01,28:01
810,Julian Hays,M,14,"Lakewood, CA",89 out of 317,69 out of 177,13 out of 17, 50.44% Place: 122,28:08 Pace: 9:04,28:08,28:08
540,Terry Cheng,M,37,"United States, ",90 out of 317,70 out of 177,6 out of 22, 47.45% Place: 157,28:09 Pace: 9:04,28:09,28:09
799,John Harper,M,78,"Seal Beach, CA",91 out of 317,71 out of 177,1 out of 3, 71.22% Place: 12,28:13 Pace: 9:05,28:13,28:13
663,Ed Nepomuceno,M,34,"United States, ",92 out of 317,72 out of 177,3 out of 5, 46.46% Place: 168,28:15 Pace: 9:06,28:15,28:15
844,Jake Edwards,M,14,"Cumming, GA",93 out of 317,73 out of 177,14 out of 17, 50.06% Place: 125,28:21 Pace: 9:08,28:21,28:21
652,Guille Montanchez,F,42,"United States, ",94 out of 317,21 out of 140,4 out of 18, 54.67% Place: 82,28:22 Pace: 9:08,28:22,28:22
737,Roberto Velasco,M,66,"United States, ",95 out of 317,74 out of 177,4 out of 10, 59.66% Place: 54,28:24 Pace: 9:09,28:24,28:24
596,Matthew Herrera,M,15,"United States, ",96 out of 317,75 out of 177,15 out of 17, 48.94% Place: 143,28:27 Pace: 9:10,28:27,28:27
515,Nicholle Astengo,F,25,"United States, ",97 out of 317,22 out of 140,5 out of 16, 51.90% Place: 109,28:32 Pace: 9:11,28:32,28:32
728,Rich Tamaki,M,46,"United States, ",98 out of 317,76 out of 177,9 out of 20, 49.80% Place: 131,28:42 Pace: 9:15,28:42,28:42
640,Eric Mayer,M,10,"United States, ",99 out of 317,77 out of 177,5 out of 15, 55.03% Place: 78,28:42 Pace: 9:15,28:42,28:42
718,Ron Snyder,M,58,"United States, ",100 out of 317,78 out of 177,3 out of 12, 54.90% Place: 80,28:44 Pace: 9:15,28:44,28:44
642,Lucia Mayer,F,42,"United States, ",101 out of 317,23 out of 140,5 out of 18, 53.94% Place: 90,28:45 Pace: 9:16,28:45,28:45
518,Robert Baird,M,29,"United States, ",102 out of 317,79 out of 177,2 out of 4, 44.77% Place: 191,28:52 Pace: 9:18,28:52,28:52
529,Ed Buch,M,60,"United States, ",103 out of 317,80 out of 177,4 out of 13, 55.48% Place: 75,28:55 Pace: 9:19,28:55,28:55
833,Brenda Lofton,F,55,"Leawood, KS",104 out of 317,24 out of 140,1 out of 5, 61.75% Place: 43,28:57 Pace: 9:19,28:57,28:57
840,Clifford Wiley,M,56,"Kansas City, KS",105 out of 317,81 out of 177,4 out of 12, 53.57% Place: 94,28:57 Pace: 9:20,28:57,28:57
576,Shawn Goldenberg,M,34,"United States, ",106 out of 317,82 out of 177,4 out of 5, 44.95% Place: 187,29:12 Pace: 9:24,29:12,29:12
571,Joseph Galindo,M,27,"United States, ",107 out of 317,83 out of 177,3 out of 4, 44.13% Place: 200,29:15 Pace: 9:25,29:15,29:15
826,Mark Whalen,M,56,"Downey, CA",108 out of 317,84 out of 177,5 out of 12, 52.96% Place: 98,29:17 Pace: 9:26,29:17,29:17
564,Robert Fode,M,66,"United States, ",109 out of 317,85 out of 177,5 out of 10, 57.53% Place: 62,29:27 Pace: 9:29,29:27,29:27
673,Mary Parsons,F,48,"United States, ",110 out of 317,25 out of 140,2 out of 19, 55.42% Place: 76,29:33 Pace: 9:31,29:33,29:33
766,Raquel Valadez,F,22,"Fullerton, CA",111 out of 317,26 out of 140,3 out of 11, 49.92% Place: 128,29:40 Pace: 9:33,29:40,29:40
872,Ron Webber,M,56,"Los Alamitos, CA",112 out of 317,86 out of 177,6 out of 12, 52.01% Place: 107,29:49 Pace: 9:36,29:49,29:49
863,Zachary Snyder,M,19,"Cypress, CA",113 out of 317,87 out of 177,12 out of 15, 44.12% Place: 201,29:54 Pace: 9:38,29:54,29:54
868,Scott Rath,M,45,"La Palma, CA",114 out of 317,88 out of 177,10 out of 20, 47.38% Place: 158,29:57 Pace: 9:39,29:57,29:57
627,Alycia Leatherby,F,16,"United States, ",115 out of 317,27 out of 140,5 out of 7, 51.03% Place: 117,30:00 Pace: 9:40,30:00,30:00
619,Jessica Kim,F,24,"United States, ",116 out of 317,28 out of 140,4 out of 11, 49.36% Place: 136,30:00 Pace: 9:40,30:00,30:00
879,Sabrina Gastelum,F,18,"Brea, CA",117 out of 317,29 out of 140,5 out of 11, 49.89% Place: 130,30:01 Pace: 9:40,30:01,30:01
1276,Richard West,M,61,"United States, ",118 out of 317,89 out of 177,5 out of 13, 53.94% Place: 89,30:01 Pace: 9:40,30:01,30:01
851,Krista Applegate,F,32,"La Mirada, CA",119 out of 317,30 out of 140,2 out of 15, 49.44% Place: 133,30:01 Pace: 9:40,30:01,30:01
575,Ron Glassman,M,70,"United States, ",120 out of 317,90 out of 177,1 out of 6, 58.65% Place: 56,30:05 Pace: 9:41,30:05,30:05
811,Charisse Panganiban,F,24,"Cypress, CA",121 out of 317,31 out of 140,6 out of 11, 49.17% Place: 139,30:07 Pace: 9:42,30:07,30:07
839,Allison McComas,F,24,"Galt, CA",122 out of 317,32 out of 140,7 out of 11, 48.98% Place: 141,30:14 Pace: 9:44,30:14,30:14
545,Danielle Corkhill,F,23,"United States, ",123 out of 317,33 out of 140,8 out of 11, 48.90% Place: 144,30:17 Pace: 9:45,30:17,30:17
623,Keiley Kuwahara,F,11,"United States, ",124 out of 317,34 out of 140,2 out of 13, 54.45% Place: 85,30:34 Pace: 9:51,30:34,30:34
657,Alyssa Movchan,F,13,"United States, ",125 out of 317,35 out of 140,3 out of 13, 52.26% Place: 103,30:34 Pace: 9:51,30:34,30:34
769,Zack Rose,M,19,"Buena Park, CA",126 out of 317,91 out of 177,13 out of 15, 43.06% Place: 213,30:38 Pace: 9:52,30:38,30:38
554,Ted Do,M,39,"United States, ",127 out of 317,92 out of 177,7 out of 22, 44.21% Place: 197,30:40 Pace: 9:53,30:40,30:40
691,Ralph Rodriguez,M,50,"United States, ",128 out of 317,93 out of 177,12 out of 22, 47.92% Place: 152,30:48 Pace: 9:55,30:48,30:48
549,Chuck Cuevas,M,48,"United States, ",129 out of 317,94 out of 177,11 out of 20, 46.93% Place: 165,30:57 Pace: 9:58,30:57,30:57
551,Tom Cuevas,M,72,"United States, ",130 out of 317,95 out of 177,2 out of 6, 58.46% Place: 57,30:57 Pace: 9:58,30:57,30:57
611,Samantha Jimenez,F,26,"United States, ",131 out of 317,36 out of 140,6 out of 16, 47.82% Place: 153,30:58 Pace: 9:58,30:58,30:58
656,William Mosceni,M,70,"United States, ",132 out of 317,96 out of 177,3 out of 6, 56.85% Place: 66,31:02 Pace: 10:00,31:02,31:02
732,Harsha Upadhyay,M,35,"United States, ",133 out of 317,97 out of 177,8 out of 22, 42.46% Place: 220,31:04 Pace: 10:00,31:04,31:04
767,Kathryn Jackson,F,18,"Fullerton, CA",134 out of 317,37 out of 140,9 out of 11, 48.05% Place: 151,31:10 Pace: 10:02,31:10,31:10
524,Pamela Borrelli,F,60,"United States, ",135 out of 317,38 out of 140,1 out of 5, 61.42% Place: 45,31:10 Pace: 10:02,31:10,31:10
699,Cheryl-Lynn Salamanca,F,32,"United States, ",136 out of 317,39 out of 140,3 out of 15, 47.59% Place: 156,31:11 Pace: 10:03,31:11,31:11
877,Janice Gastelum,F,38,"Brea, CA",137 out of 317,40 out of 140,4 out of 16, 48.53% Place: 146,31:12 Pace: 10:03,31:12,31:12
595,Kelsey Herrera,F,17,"United States, ",138 out of 317,41 out of 140,6 out of 7, 48.42% Place: 147,31:14 Pace: 10:04,31:14,31:14
520,Austin Batugal,M,13,"United States, ",139 out of 317,98 out of 177,6 out of 15, 46.40% Place: 170,31:16 Pace: 10:04,31:16,31:16
615,Bonnie Keizer,F,51,"United States, ",140 out of 317,42 out of 140,1 out of 11, 54.24% Place: 87,31:18 Pace: 10:05,31:18,31:18
786,Wendy Yokoyama,F,41,"Harbor City, CA",141 out of 317,43 out of 140,6 out of 18, 49.04% Place: 140,31:23 Pace: 10:06,31:23,31:23
643,Randall Mayer,M,62,"United States, ",142 out of 317,99 out of 177,6 out of 13, 51.94% Place: 108,31:26 Pace: 10:07,31:26,31:26
777,Derrick Deese,M,41,"La Palma, CA",143 out of 317,100 out of 177,7 out of 13, 43.67% Place: 206,31:30 Pace: 10:09,31:30,31:30
805,Nikos Medenas,M,47,"Villa Park, CA",144 out of 317,101 out of 177,12 out of 20, 45.74% Place: 180,31:30 Pace: 10:09,31:30,31:30
655,Jennifer Morris,F,36,"United States, ",145 out of 317,44 out of 140,5 out of 16, 47.62% Place: 155,31:31 Pace: 10:09,31:31,31:31
762,James Yoshioka,M,68,"United States, ",146 out of 317,102 out of 177,6 out of 10, 54.62% Place: 84,31:36 Pace: 10:11,31:36,31:36
875,Chuck Laine,M,67,"Whittier, CA",147 out of 317,103 out of 177,7 out of 10, 53.98% Place: 88,31:40 Pace: 10:12,31:40,31:40
720,David Souza,M,28,"United States, ",148 out of 317,104 out of 177,4 out of 4, 40.74% Place: 235,31:41 Pace: 10:12,31:41,31:41
612,Julie Johnson,F,33,"United States, ",149 out of 317,45 out of 140,4 out of 15, 46.95% Place: 164,31:41 Pace: 10:12,31:41,31:41
846,Marcia Raymondo,F,29,"La Mirada, CA",150 out of 317,46 out of 140,7 out of 16, 46.23% Place: 174,32:02 Pace: 10:19,32:02,32:02
1301,Anthony Marvin,M,12,"United States, ",151 out of 317,105 out of 177,7 out of 15, 46.31% Place: 173,32:07 Pace: 10:21,32:07,32:07
871,Hector Salcedo,M,60,"Buena Park, CA",152 out of 317,106 out of 177,7 out of 13, 49.66% Place: 132,32:18 Pace: 10:24,32:18,32:18
808,Pam Shranko,F,56,"Lakewood, CA",153 out of 317,47 out of 140,2 out of 5, 55.98% Place: 70,32:21 Pace: 10:25,32:21,32:21
807,Dennis Boersma,M,54,"Bellflower, CA",154 out of 317,107 out of 177,13 out of 22, 47.11% Place: 162,32:21 Pace: 10:25,32:21,32:21
813,William Nordlie,M,46,"Scottsdale, AZ",155 out of 317,108 out of 177,13 out of 20, 44.15% Place: 199,32:22 Pace: 10:25,32:22,32:22
814,Olivia Nordlie,F,11,"Scottsdale, AZ",156 out of 317,48 out of 140,4 out of 13, 51.39% Place: 113,32:23 Pace: 10:26,32:23,32:23
624,Thomas Kwan,M,43,"United States, ",157 out of 317,109 out of 177,8 out of 13, 43.11% Place: 212,32:25 Pace: 10:27,32:25,32:25
865,Victoria Camp,F,39,"Buena Park, CA",158 out of 317,49 out of 140,6 out of 16, 46.79% Place: 166,32:30 Pace: 10:28,32:30,32:30
685,Al Ramirez,M,65,"United States, ",160 out of 317,111 out of 177,8 out of 10, 51.43% Place: 112,32:37 Pace: 10:30,32:37,32:37
867,Gisela Salcedo,F,58,"Buena Park, CA",161 out of 317,50 out of 140,3 out of 5, 56.91% Place: 65,32:42 Pace: 10:32,32:42,32:42
539,Linda Chavez,F,50,"United States, ",162 out of 317,51 out of 140,2 out of 11, 51.27% Place: 116,32:43 Pace: 10:32,32:43,32:43
803,Ashley Herrera,F,20,"La Palma, CA",163 out of 317,52 out of 140,10 out of 11, 45.21% Place: 183,32:45 Pace: 10:33,32:45,32:45
789,Abner Herrera,M,9,"Pomona, CA",164 out of 317,112 out of 177,8 out of 15, 49.90% Place: 129,32:47 Pace: 10:33,32:47,32:47
997,Milissa Kirby,F,28,"United States, ",165 out of 317,53 out of 140,8 out of 16, 44.76% Place: 192,33:05 Pace: 10:39,33:05,33:05
666,Ty Oshiro,M,52,"United States, ",166 out of 317,113 out of 177,14 out of 22, 45.20% Place: 184,33:10 Pace: 10:41,33:10,33:10
721,Jason Spessert,M,39,"United States, ",167 out of 317,114 out of 177,9 out of 22, 40.83% Place: 234,33:12 Pace: 10:42,33:12,33:12
722,Joshua Spessert,M,9,"United States, ",168 out of 317,115 out of 177,9 out of 15, 49.27% Place: 138,33:12 Pace: 10:42,33:12,33:12
665,Eric Oda,M,36,"United States, ",169 out of 317,116 out of 177,10 out of 22, 39.92% Place: 243,33:15 Pace: 10:42,33:15,33:15
761,Kathryn Yang,F,34,"United States, ",170 out of 317,54 out of 140,5 out of 15, 44.83% Place: 189,33:15 Pace: 10:42,33:15,33:15
677,Kathy Peters,F,51,"United States, ",171 out of 317,55 out of 140,3 out of 11, 50.98% Place: 118,33:18 Pace: 10:43,33:18,33:18
633,Kris Mar,F,60,"United States, ",172 out of 317,56 out of 140,2 out of 5, 57.43% Place: 63,33:20 Pace: 10:44,33:20,33:20
1236,Jordan Joseph,M,11,"United States, ",173 out of 317,117 out of 177,10 out of 15, 45.74% Place: 179,33:28 Pace: 10:47,33:28,33:28
713,Florence Shih,F,41,"United States, ",174 out of 317,57 out of 140,7 out of 18, 45.92% Place: 176,33:31 Pace: 10:48,33:31,33:31
512,Cindy Astengo,F,47,"United States, ",175 out of 317,58 out of 140,3 out of 19, 48.26% Place: 148,33:35 Pace: 10:49,33:35,33:35
793,Monica Walton,F,40,"Cypress, CA",176 out of 317,59 out of 140,8 out of 18, 45.49% Place: 181,33:39 Pace: 10:50,33:39,33:39
818,Stephanie Rodriguez,F,38,"Cypress, CA",177 out of 317,60 out of 140,7 out of 16, 45.00% Place: 185,33:39 Pace: 10:50,33:39,33:39
743,Joseph Volivitch,M,51,"United States, ",178 out of 317,118 out of 177,15 out of 22, 44.18% Place: 198,33:40 Pace: 10:50,33:40,33:40
661,Wesley Nakamura,M,52,"United States, ",179 out of 317,119 out of 177,16 out of 22, 44.22% Place: 196,33:54 Pace: 10:55,33:54,33:54
746,Garry Wada,M,47,"United States, ",180 out of 317,120 out of 177,14 out of 20, 42.48% Place: 219,33:55 Pace: 10:55,33:55,33:55
790,Roger Long,M,60,"Corona, CA",181 out of 317,121 out of 177,8 out of 13, 47.16% Place: 161,34:01 Pace: 10:57,34:01,34:01
517,Jeff Baird,M,58,"United States, ",182 out of 317,122 out of 177,7 out of 12, 46.35% Place: 171,34:02 Pace: 10:58,34:02,34:02
716,Princess Snyder,F,36,"United States, ",183 out of 317,61 out of 140,8 out of 16, 43.92% Place: 202,34:10 Pace: 11:00,34:10,34:10
860,Lynn Story,F,62,"Long Beach, CA",184 out of 317,62 out of 140,3 out of 5, 57.58% Place: 61,34:12 Pace: 11:01,34:12,34:12
780,Jennifer Kellam,F,45,"La Mirada, CA",185 out of 317,63 out of 140,4 out of 19, 46.47% Place: 167,34:12 Pace: 11:01,34:12,34:12
820,Thuy Groner,F,48,"Seal Beach, CA",186 out of 317,64 out of 140,5 out of 19, 47.69% Place: 154,34:20 Pace: 11:03,34:20,34:20
108,Diane Swanson,F,49,"United States, ",187 out of 317,65 out of 140,6 out of 19, 48.23% Place: 149,34:22 Pace: 11:04,34:22,34:22
771,Rodger Reyes,M,52,"Buena Park, CA",188 out of 317,123 out of 177,17 out of 22, 43.58% Place: 208,34:24 Pace: 11:05,34:24,34:24
605,Brandon Imai,M,8,"United States, ",189 out of 317,124 out of 177,11 out of 15, 49.44% Place: 134,34:26 Pace: 11:05,34:26,34:26
608,Ryokei Imai,M,40,"United States, ",190 out of 317,125 out of 177,9 out of 13, 39.66% Place: 247,34:26 Pace: 11:05,34:26,34:26
858,Ernest Rivera,M,64,"Cerritos, CA",191 out of 317,126 out of 177,9 out of 13, 48.12% Place: 150,34:33 Pace: 11:08,34:33,34:33
600,Catherine Huang,F,26,"United States, ",192 out of 317,66 out of 140,9 out of 16, 42.67% Place: 216,34:42 Pace: 11:10,34:42,34:42
523,Lian Boc,F,26,"United States, ",193 out of 317,67 out of 140,10 out of 16, 42.65% Place: 217,34:43 Pace: 11:11,34:43,34:43
705,Maria Seville,F,39,"United States, ",194 out of 317,68 out of 140,9 out of 16, 43.53% Place: 209,34:56 Pace: 11:15,34:56,34:56
541,William Choi,M,24,"United States, ",195 out of 317,127 out of 177,14 out of 15, 36.93% Place: 272,34:57 Pace: 11:15,34:57,34:57
703,Lm Scammahorn,F,45,"United States, ",196 out of 317,69 out of 140,7 out of 19, 45.45% Place: 182,34:58 Pace: 11:16,34:58,34:58
1303,Lukas Marvin,M,9,"United States, ",197 out of 317,128 out of 177,12 out of 15, 46.43% Place: 169,35:14 Pace: 11:21,35:14,35:14
878,Gustavo Gastelum,M,38,"Brea, CA",198 out of 317,129 out of 177,11 out of 22, 38.17% Place: 261,35:15 Pace: 11:21,35:15,35:15
715,John Singer,M,70,"United States, ",199 out of 317,130 out of 177,4 out of 6, 50.00% Place: 127,35:17 Pace: 11:22,35:17,35:17
532,Merry Cariaga,F,34,"United States, ",200 out of 317,70 out of 140,6 out of 15, 42.21% Place: 221,35:19 Pace: 11:22,35:19,35:19
704,Allyson Sera-Movchan,F,45,"United States, ",201 out of 317,71 out of 140,8 out of 19, 44.93% Place: 188,35:22 Pace: 11:23,35:22,35:22
509,Jessica Andrews,F,29,"United States, ",202 out of 317,72 out of 140,11 out of 16, 41.85% Place: 227,35:23 Pace: 11:24,35:23,35:23
809,Andy Hilbert,M,45,"La Palma, CA",203 out of 317,131 out of 177,15 out of 20, 40.07% Place: 241,35:25 Pace: 11:24,35:25,35:25
682,Don Plapp,M,76,"United States, ",204 out of 317,132 out of 177,2 out of 3, 54.42% Place: 86,35:27 Pace: 11:25,35:27,35:27
1302,Krista Marvin,F,34,"United States, ",205 out of 317,73 out of 140,7 out of 15, 41.93% Place: 226,35:33 Pace: 11:27,35:33,35:33
592,Joan Hernandez,F,50,"United States, ",206 out of 317,74 out of 140,4 out of 11, 47.16% Place: 160,35:34 Pace: 11:27,35:34,35:34
593,Marissa Hernandez,F,12,"United States, ",207 out of 317,75 out of 140,5 out of 13, 45.80% Place: 177,35:34 Pace: 11:27,35:34,35:34
621,Brian Kluck,M,35,"United States, ",208 out of 317,133 out of 177,12 out of 22, 37.01% Place: 271,35:38 Pace: 11:28,35:38,35:38
582,John Grace,M,52,"United States, ",209 out of 317,134 out of 177,18 out of 22, 42.03% Place: 224,35:40 Pace: 11:29,35:40,35:40
583,Ryan Grace,M,14,"United States, ",210 out of 317,135 out of 177,17 out of 17, 39.78% Place: 245,35:40 Pace: 11:29,35:40,35:40
570,Teresa Gagnon,F,46,"United States, ",211 out of 317,76 out of 140,9 out of 19, 44.95% Place: 186,35:41 Pace: 11:30,35:41,35:41
601,James Huang,M,57,"United States, ",212 out of 317,136 out of 177,8 out of 12, 43.71% Place: 205,35:47 Pace: 11:31,35:47,35:47
574,Charlene Geppert,F,44,"United States, ",213 out of 317,77 out of 140,9 out of 18, 43.76% Place: 204,35:58 Pace: 11:35,35:58,35:58
670,Greg Parker,M,50,"United States, ",214 out of 317,137 out of 177,19 out of 22, 40.93% Place: 233,36:03 Pace: 11:37,36:03,36:03
639,Marianne Matsuguma,F,46,"United States, ",215 out of 317,78 out of 140,10 out of 19, 44.50% Place: 194,36:03 Pace: 11:37,36:03,36:03
726,Den Sun,M,47,"United States, ",216 out of 317,138 out of 177,16 out of 20, 39.89% Place: 244,36:07 Pace: 11:38,36:07,36:07
646,Joe Mendoza,M,58,"United States, ",217 out of 317,139 out of 177,9 out of 12, 43.61% Place: 207,36:10 Pace: 11:39,36:10,36:10
568,Patty Fung,F,47,"United States, ",218 out of 317,79 out of 140,11 out of 19, 44.79% Place: 190,36:11 Pace: 11:39,36:11,36:11
513,Kimberlee Astengo,F,50,"United States, ",219 out of 317,80 out of 140,5 out of 11, 46.13% Place: 175,36:22 Pace: 11:43,36:22,36:22
566,Jennifer Frembling,F,37,"United States, ",220 out of 317,81 out of 140,10 out of 16, 41.33% Place: 229,36:26 Pace: 11:44,36:26,36:26
785,Marina Grijalva,F,34,"Los Angeles, CA",221 out of 317,82 out of 140,8 out of 15, 40.64% Place: 236,36:41 Pace: 11:49,36:41,36:41
854,Diana Rivera,F,34,"Los Angeles, CA",222 out of 317,83 out of 140,9 out of 15, 40.49% Place: 238,36:49 Pace: 11:51,36:49,36:49
824,John Carrillo,M,47,"Long Beach, CA",223 out of 317,140 out of 177,17 out of 20, 39.06% Place: 252,36:53 Pace: 11:53,36:53,36:53
825,Jennifer Carrillo,F,46,"Long Beach, CA",224 out of 317,84 out of 140,12 out of 19, 43.49% Place: 210,36:53 Pace: 11:53,36:53,36:53
618,James Kim,M,74,"United States, ",225 out of 317,141 out of 177,5 out of 6, 50.45% Place: 121,36:57 Pace: 11:54,36:57,36:57
676,Beth Perez,F,40,"United States, ",226 out of 317,85 out of 140,10 out of 18, 41.31% Place: 230,37:03 Pace: 11:56,37:03,37:03
757,Matthew Yacono,M,36,"United States, ",227 out of 317,142 out of 177,13 out of 22, 35.70% Place: 281,37:11 Pace: 11:59,37:11,37:11
686,James Ramirez,M,31,"United States, ",228 out of 317,143 out of 177,5 out of 5, 34.81% Place: 286,37:16 Pace: 12:00,37:16,37:16
741,Allison Volivitch,F,20,"United States, ",229 out of 317,86 out of 140,11 out of 11, 39.64% Place: 249,37:21 Pace: 12:01,37:21,37:21
796,Brett Myers,M,6,"Fullerton, CA",230 out of 317,144 out of 177,13 out of 15, 50.04% Place: 126,37:23 Pace: 12:02,37:23,37:23
569,Bill Gagnon,M,44,"United States, ",231 out of 317,145 out of 177,10 out of 13, 37.56% Place: 268,37:28 Pace: 12:04,37:28,37:28
117,Evelyn Wieland,F,25,"United States, ",232 out of 317,87 out of 140,12 out of 16, 39.50% Place: 251,37:28 Pace: 12:04,37:28,37:28
577,Kristy Gomes,F,34,"United States, ",233 out of 317,88 out of 140,10 out of 15, 39.77% Place: 246,37:29 Pace: 12:04,37:29,37:29
688,Anthony Reyes,M,13,"United States, ",234 out of 317,146 out of 177,14 out of 15, 38.65% Place: 255,37:32 Pace: 12:05,37:32,37:32
781,Jeff Giron,M,36,"Fullerton, CA",235 out of 317,147 out of 177,14 out of 22, 35.36% Place: 282,37:32 Pace: 12:05,37:32,37:32
775,Juan Urista,M,54,"South Pasadena, CA",236 out of 317,148 out of 177,20 out of 22, 40.35% Place: 239,37:46 Pace: 12:10,37:46,37:46
613,Ani Joseph,F,50,"United States, ",237 out of 317,89 out of 140,6 out of 11, 44.32% Place: 195,37:51 Pace: 12:11,37:51,37:51
503,Allan Adams,M,57,"United States, ",238 out of 317,149 out of 177,10 out of 12, 41.18% Place: 231,37:59 Pace: 12:14,37:59,37:59
702,Violet Sapkin,F,53,"United States, ",239 out of 317,90 out of 140,7 out of 11, 45.79% Place: 178,38:03 Pace: 12:15,38:03,38:03
827,Lia Barnes,F,8,"La Palma, CA",240 out of 317,91 out of 140,6 out of 13, 46.97% Place: 163,38:35 Pace: 12:25,38:35,38:35
695,Jt Roth,M,60,"United States, ",241 out of 317,150 out of 177,10 out of 13, 41.50% Place: 228,38:39 Pace: 12:27,38:39,38:39
693,Hannah Rose,F,10,"United States, ",242 out of 317,92 out of 140,7 out of 13, 43.84% Place: 203,38:57 Pace: 12:32,38:57,38:57
719,Sarah Snyder,F,31,"United States, ",243 out of 317,93 out of 140,11 out of 15, 37.93% Place: 264,39:05 Pace: 12:35,39:05,39:05
845,Amanda Edwards,F,8,"Cumming, GA",244 out of 317,94 out of 140,8 out of 13, 46.33% Place: 172,39:07 Pace: 12:36,39:07,39:07
842,Jake Edwards,M,37,"Cumming, GA",245 out of 317,151 out of 177,15 out of 22, 34.13% Place: 289,39:08 Pace: 12:36,39:08,39:08
71,Debra Lujan,F,45,"United States, ",246 out of 317,95 out of 140,13 out of 19, 40.55% Place: 237,39:11 Pace: 12:37,39:11,39:11
874,Joe Carrillo,M,78,"Buena Park, CA",247 out of 317,152 out of 177,3 out of 3, 51.28% Place: 115,39:11 Pace: 12:37,39:11,39:11
669,Emily Parker,F,14,"United States, ",248 out of 317,96 out of 140,7 out of 7, 39.96% Place: 242,39:21 Pace: 12:40,39:21,39:21
581,Sae Ok Goo,F,61,"United States, ",249 out of 317,97 out of 140,4 out of 5, 48.97% Place: 142,39:37 Pace: 12:46,39:37,39:37
727,Julie Sun,F,44,"United States, ",250 out of 317,98 out of 140,11 out of 18, 39.63% Place: 250,39:43 Pace: 12:47,39:43,39:43
649,Len Metcalf,M,62,"United States, ",251 out of 317,153 out of 177,11 out of 13, 40.98% Place: 232,39:50 Pace: 12:49,39:50,39:50
694,Teresa Rose,F,41,"United States, ",252 out of 317,99 out of 140,12 out of 18, 38.62% Place: 256,39:51 Pace: 12:50,39:51,39:51
838,Christine Lazzaretto,F,40,"Altadena, CA",253 out of 317,100 out of 140,13 out of 18, 38.39% Place: 260,39:52 Pace: 12:50,39:52,39:52
788,Yong Kim,M,35,"Long Beach, CA",254 out of 317,154 out of 177,16 out of 22, 33.05% Place: 295,39:54 Pace: 12:51,39:54,39:54
729,Brenda Teng,F,38,"United States, ",255 out of 317,101 out of 140,11 out of 16, 37.80% Place: 266,40:03 Pace: 12:54,40:03,40:03
547,Tony Corkhill,M,51,"United States, ",256 out of 317,155 out of 177,21 out of 22, 36.91% Place: 273,40:18 Pace: 12:59,40:18,40:18
506,Kim Alexander,F,41,"United States, ",257 out of 317,102 out of 140,14 out of 18, 38.16% Place: 262,40:20 Pace: 12:59,40:20,40:20
782,Mark Cheney,M,54,"Huntington Beach, CA",258 out of 317,156 out of 177,22 out of 22, 37.75% Place: 267,40:22 Pace: 13:00,40:22,40:22
522,Wilinda Bibera,F,44,"United States, ",259 out of 317,103 out of 140,15 out of 18, 38.94% Place: 253,40:25 Pace: 13:01,40:25,40:25
658,Ronald Nagle,M,57,"United States, ",260 out of 317,157 out of 177,11 out of 12, 38.60% Place: 257,40:31 Pace: 13:03,40:31,40:31
850,Jeremy Mendoza,M,19,"Cerritos, CA",261 out of 317,158 out of 177,15 out of 15, 32.52% Place: 299,40:33 Pace: 13:03,40:33,40:33
585,Rita Guerrero,F,31,"United States, ",262 out of 317,104 out of 140,12 out of 15, 36.51% Place: 275,40:36 Pace: 13:05,40:36,40:36
784,Dave Martyn,M,46,"Cypress, CA",263 out of 317,159 out of 177,18 out of 20, 35.12% Place: 285,40:41 Pace: 13:06,40:41,40:41
783,Rebecca Martyn,F,9,"Cypress, CA",264 out of 317,105 out of 140,9 out of 13, 43.14% Place: 211,40:42 Pace: 13:06,40:42,40:42
678,Gina Phillips,F,52,"United States, ",265 out of 317,106 out of 140,8 out of 11, 42.08% Place: 223,40:51 Pace: 13:09,40:51,40:51
804,Joe Venegas,M,63,"Buena Park, CA",266 out of 317,160 out of 177,12 out of 13, 40.21% Place: 240,40:58 Pace: 13:11,40:58,40:58
1341,Jennifer Vigueria,F,34,"Anaheim, CA",267 out of 317,107 out of 140,13 out of 15, 36.27% Place: 277,41:06 Pace: 13:14,41:06,41:06
579,Jane Goo,F,26,"United States, ",268 out of 317,108 out of 140,13 out of 16, 36.00% Place: 278,41:08 Pace: 13:15,41:08,41:08
580,Jieae Goo,F,29,"United States, ",269 out of 317,109 out of 140,14 out of 16, 35.98% Place: 279,41:09 Pace: 13:15,41:09,41:09
802,Michael Bond,M,44,"Covina, CA",270 out of 317,161 out of 177,11 out of 13, 34.06% Place: 290,41:19 Pace: 13:18,41:19,41:19
738,Larry Verne,M,55,"United States, ",271 out of 317,162 out of 177,12 out of 12, 36.73% Place: 274,41:51 Pace: 13:28,41:51,41:51
614,Bong Kang,M,35,"United States, ",272 out of 317,163 out of 177,17 out of 22, 31.25% Place: 302,42:12 Pace: 13:35,42:12,42:12
553,Katie Degraffenreid,F,36,"United States, ",273 out of 317,110 out of 140,12 out of 16, 35.24% Place: 284,42:35 Pace: 13:43,42:35,42:35
629,Pam Loo,F,45,"United States, ",274 out of 317,111 out of 140,14 out of 19, 37.30% Place: 270,42:36 Pace: 13:43,42:36,42:36
527,Harold Brown,M,66,"United States, ",275 out of 317,164 out of 177,9 out of 10, 39.66% Place: 248,42:43 Pace: 13:45,42:43,42:43
604,Mikayla Hunt,F,12,"United States, ",276 out of 317,112 out of 140,10 out of 13, 38.06% Place: 263,42:48 Pace: 13:47,42:48,42:48
603,Kristi Hunt,F,43,"United States, ",277 out of 317,113 out of 140,16 out of 18, 36.37% Place: 276,42:57 Pace: 13:50,42:57,42:57
1238,Claudia Junge,F,35,"United States, ",278 out of 317,114 out of 140,13 out of 16, 34.71% Place: 287,43:05 Pace: 13:52,43:05,43:05
533,Eloisa Casares-Kanter,F,71,"United States, ",279 out of 317,115 out of 140,1 out of 1, 52.05% Place: 106,43:30 Pace: 14:01,43:30,43:30
672,Sarah Parks,F,29,"United States, ",280 out of 317,116 out of 140,15 out of 16, 34.01% Place: 291,43:32 Pace: 14:01,43:32,43:32
630,Mary Maddock,F,58,"United States, ",281 out of 317,117 out of 140,4 out of 5, 42.71% Place: 215,43:34 Pace: 14:02,43:34,43:34
544,Cathy Corkhill,F,50,"United States, ",282 out of 317,118 out of 140,9 out of 11, 38.49% Place: 258,43:35 Pace: 14:02,43:35,43:35
690,Manuel Rivas,M,38,", ",283 out of 317,165 out of 177,18 out of 22, 30.85% Place: 305,43:37 Pace: 14:03,43:37,43:37
812,Thomas Timm,M,65,"La Palma, CA",284 out of 317,166 out of 177,10 out of 10, 38.44% Place: 259,43:38 Pace: 14:03,43:38,43:38
591,Diana Harari,F,28,"United States, ",285 out of 317,119 out of 140,16 out of 16, 33.85% Place: 292,43:44 Pace: 14:05,43:44,43:44
717,Rae Snyder,F,58,"United States, ",286 out of 317,120 out of 140,5 out of 5, 42.51% Place: 218,43:46 Pace: 14:06,43:46,43:46
641,Linda Mayer,F,62,"United States, ",287 out of 317,121 out of 140,5 out of 5, 44.62% Place: 193,44:08 Pace: 14:12,44:08,44:08
739,Alexis Villegas,F,7,"United States, ",288 out of 317,122 out of 140,11 out of 13, 41.95% Place: 225,44:45 Pace: 14:24,44:45,44:45
740,Ocatavio Villegas,M,37,"United States, ",289 out of 317,167 out of 177,19 out of 22, 29.84% Place: 307,44:45 Pace: 14:25,44:45,44:45
800,William Ishii,M,60,"La Palma, CA",290 out of 317,168 out of 177,13 out of 13, 35.78% Place: 280,44:50 Pace: 14:26,44:50,44:50
602,Wan-Fen Huang,F,53,"United States, ",291 out of 317,123 out of 140,10 out of 11, 38.79% Place: 254,44:55 Pace: 14:28,44:55,44:55
754,Chris Willette,M,37,"United States, ",292 out of 317,169 out of 177,20 out of 22, 29.60% Place: 308,45:07 Pace: 14:31,45:07,45:07
714,Rishi Singh,M,35,"United States, ",293 out of 317,170 out of 177,21 out of 22, 29.08% Place: 309,45:21 Pace: 14:36,45:21,45:21
597,Leah Holmes,F,35,"United States, ",294 out of 317,124 out of 140,14 out of 16, 32.97% Place: 296,45:22 Pace: 14:36,45:22,45:22
823,Masako Chung,F,51,"Anaheim, CA",295 out of 317,125 out of 140,11 out of 11, 37.40% Place: 269,45:23 Pace: 14:37,45:23,45:23
628,Michelle Lo,F,37,"United States, ",296 out of 317,126 out of 140,15 out of 16, 33.17% Place: 294,45:23 Pace: 14:37,45:23,45:23
586,Becky Gutierrez,F,44,"United States, ",297 out of 317,127 out of 140,17 out of 18, 34.54% Place: 288,45:34 Pace: 14:40,45:34,45:34
542,Debbi Clark,F,34,"United States, ",298 out of 317,128 out of 140,14 out of 15, 32.65% Place: 298,45:39 Pace: 14:42,45:39,45:39
221,Pamela Dizon,F,48,"La Palma, CA",299 out of 317,129 out of 140,15 out of 19, 35.31% Place: 283,46:22 Pace: 14:56,46:22,46:22
853,Takeshi Komiyama,M,47,"Rncho Pls Vrd, CA",300 out of 317,171 out of 177,19 out of 20, 30.91% Place: 303,46:36 Pace: 15:00,46:36,46:36
1339,Glenn Hundley,M,71,"La Palma, CA",301 out of 317,172 out of 177,6 out of 6, 37.87% Place: 265,47:09 Pace: 15:11,47:09,47:09
843,Cristy Edwards,F,35,"Cumming, GA",302 out of 317,130 out of 140,16 out of 16, 30.31% Place: 306,49:20 Pace: 15:53,49:20,49:20
772,Lee Digregorio,F,78,"Anaheim, CA",303 out of 317,131 out of 140,1 out of 2, 51.37% Place: 114,49:53 Pace: 16:04,49:53,49:53
563,Eddison Esteban,M,43,", ",304 out of 317,173 out of 177,12 out of 13, 27.56% Place: 311,50:42 Pace: 16:19,50:42,50:42
521,Michael Bernardo,M,39,"United States, ",305 out of 317,174 out of 177,22 out of 22, 26.72% Place: 312,50:44 Pace: 16:20,50:44,50:44
567,Joann Fujihiro,F,49,"United States, ",306 out of 317,132 out of 140,16 out of 19, 32.65% Place: 297,50:45 Pace: 16:20,50:45,50:45
660,Sharon Nakamura,F,48,"United States, ",307 out of 317,133 out of 140,17 out of 19, 32.25% Place: 301,50:46 Pace: 16:21,50:46,50:46
849,Emmslyn Metivier,F,44,"Long Beach, CA",308 out of 317,134 out of 140,18 out of 18, 30.85% Place: 304,51:01 Pace: 16:26,51:01,51:01
1218,Grace Edwards,F,8,"United States, ",309 out of 317,135 out of 140,12 out of 13, 33.83% Place: 293,53:34 Pace: 17:15,53:34,53:34
869,Aiden Pearson,M,4,"Huntington Beach, CA",310 out of 317,175 out of 177,15 out of 15,57:11 Pace: 18:25,57:11,57:11
125,Gimenez Emilio,M,44,"United States, ",311 out of 317,176 out of 177,13 out of 13, 24.46% Place: 315,57:31 Pace: 18:31,57:31,57:31
584,Ann Green,F,75,"United States, ",312 out of 317,136 out of 140,2 out of 2, 42.13% Place: 222,57:35 Pace: 18:32,57:35,57:35
157,David Chavez,M,45,"Whittier, CA",313 out of 317,177 out of 177,20 out of 20, 24.49% Place: 314,57:56 Pace: 18:39,57:56,57:56
626,Annette Larson Eckel,F,47,"United States, ",314 out of 317,137 out of 140,18 out of 19, 27.90% Place: 310,58:05 Pace: 18:42,58:05,58:05
625,Sabrina Larson,F,7,"United States, ",315 out of 317,138 out of 140,13 out of 13, 32.31% Place: 300,58:06 Pace: 18:42,58:06,58:06
651,Jaynee Meyer,F,49,"United States, ",316 out of 317,139 out of 140,19 out of 19, 26.16% Place: 313,1:03:20 Pace: 20:23,1:03:20,1:03:20
1299,Vanessa Gomez,F,30,"United States, ",317 out of 317,140 out of 140,15 out of 15, 18.85% Place: 316,1:18:31 Pace: 25:16,1:18:31,1:18:31
