Place,Name,Location,Bib,Net Time,Pace,Division/Place,Sex-Age,Sex-Place,Gun Time,Age Grade
1,Ricki Gilmour,"Murrieta, CA",1513,36:46,9:30,M 25-29/1,M-29,1,50:44, 0.00%
2,Glenn Hobson,"Corona, CA",1512,37:43,9:45,M 25-29/2,M-28,2,51:41, 0.00%
3,Maria Colin,"South Gate, CA",2048,37:50,9:47,F 20-24/1,F-24,1,1:51:11, 0.00%
4,Sam Brandt,"Oceanside, CA",3196,39:44,10:16,M 20-24/1,M-20,3,4:08:16, 0.00%
5,Cesar Ramirez,"Corona, CA",3166,39:53,10:19,M 20-24/2,M-23,4,4:08:23, 0.00%
6,Angel Quinonez,"Encino, CA",182,39:59,10:20,M 35-39/1,M-35,5,40:20, 0.00%
7,Dan Mammano,"North Hollywood, CA",1873,40:15,10:24,M 25-29/3,M-28,6,2:22:49, 0.00%
8,Julian Vidaurri,"Los Angeles, CA",2721,40:28,10:28,M 14-19/1,M-18,7,3:23:45, 0.00%
9,Alex Greenberg,"Malibu, CA",544,40:39,10:30,M 20-24/3,M-20,8,40:40, 0.00%
10,Dave Learned,"San Pedro, CA",2990,40:39,10:30,M 40-44/1,M-41,9,2:53:50, 0.00%
11,Ryan Naumann,"Los Angeles, CA",27,40:50,10:34,M 30-34/1,M-31,10,3:39:07, 0.00%
12,David Curiel,"Corona, CA",1938,40:58,10:36,M 25-29/4,M-25,11,2:23:31, 0.00%
13,Steve Boatright,"Corona, CA",627,41:02,10:37,M 50-54/1,M-50,12,41:03, 0.00%
14,Ryan Warrell,"Nuevo, CA",1552,41:08,10:38,M 14-19/2,M-15,13,1:24:16, 0.00%
15,Lorenzo Ruiz,"Glendora, CA",1637,41:19,10:41,M 35-39/2,M-39,14,41:20, 0.00%
16,Greg Petry,"Upland, CA",525,41:26,10:43,M 14-19/3,M-16,15,1:39:22, 0.00%
17,Joshua Buck,"Perris, CA",2646,41:40,10:46,M 30-34/2,M-32,16,3:24:55, 0.00%
18,Jennifer Trinidad,"Moreno Valley, CA",1186,41:44,10:47,F 35-39/1,F-39,2,55:52, 0.00%
19,Adan Pulido,"Perris, CA",3076,41:49,10:49,M 20-24/4,M-22,17,4:55:34, 0.00%
20,Scott Chaplin,"Villa Park, CA",456,41:49,10:49,M 40-44/2,M-42,18,1:39:40, 0.00%
21,Steven Waterbury,"Temecula, CA",2474,41:51,10:49,M 35-39/3,M-36,19,4:55:37, 0.00%
22,Trevor Newhouse,"Temecula, CA",2337,41:59,10:51,M 30-34/3,M-30,20,2:55:33, 0.00%
23,Daniel Villarruel,"Bell Gardens, CA",2908,42:02,10:52,M 30-34/4,M-34,21,1:39:23, 0.00%
24,Kendra Herbst,"Oceanside, CA",1046,42:33,11:00,F 25-29/1,F-25,3,1:09:40, 0.00%
25,Marc Pokrajac,"Monrovia, CA",2594,42:49,11:04,M 20-24/5,M-24,22,4:11:29, 0.00%
26,Allison Robar,"Newport Beach, CA",269,42:56,11:06,F 40-44/1,F-44,4,42:58, 0.00%
27,Victor Centina,"Carpinteria, CA",2084,42:56,11:06,M 40-44/3,M-43,23,2:25:28, 0.00%
28,Spencer Lauritzen,"Sun City, CA",2274,43:10,11:10,M 25-29/5,M-27,24,3:11:34, 0.00%
29,Noah Martinez,"Upland, CA",3159,43:25,11:14,M 20-24/6,M-21,25,3:56:19, 0.00%
30,Mathew Wessels,"Torrance, CA",2836,43:30,11:15,M 30-34/5,M-30,26,2:30:13, 0.00%
31,Aaron McManus,"Lake Elsinore, CA",953,43:34,11:16,M 30-34/6,M-31,27,43:40, 0.00%
32,Rory Fagan,"San Diego, CA",2266,43:40,11:17,M 25-29/6,M-25,28,2:57:16, 0.00%
33,Darrian Heslip,"Huntington Beach, CA",319,43:44,11:18,M 35-39/4,M-36,29,43:45, 0.00%
34,Griffin Lemaster,"Murrieta, CA",2809,43:46,11:19,M 25-29/7,M-26,30,3:56:37, 0.00%
35,Jason Garchie,"La Mesa, CA",760,43:48,11:19,M 25-29/8,M-26,31,1:41:47, 0.00%
36,Brandon Schneider,"Fallbrook, CA",1991,43:50,11:20,M 14-19/4,M-15,32,4:12:24, 0.00%
37,Armand Bashar,"Burbank, CA",928,43:55,11:21,M 40-44/4,M-43,33,3:12:19, 0.00%
38,Braden Trainor,"San Marcos, CA",1320,43:58,11:22,M 30-34/7,M-33,34,3:12:42, 0.00%
39,Spencer Olson,"Lake Elsinore, CA",2142,44:04,11:23,M 20-24/7,M-22,35,3:12:27, 0.00%
40,Chad Bland,"Glendora, CA",403,44:06,11:24,M 25-29/9,M-29,36,3:42:11, 0.00%
41,Jonathan Valenzuela,"Baldwin Park, CA",1545,44:11,11:25,M 25-29/10,M-26,37,1:27:27, 0.00%
42,Charles Stone,"San Diego, CA",1645,44:18,11:27,M 20-24/8,M-23,38,2:12:31, 0.00%
43,Neil Bonsteel,"Culver City, CA",1971,44:18,11:27,M 25-29/11,M-26,39,2:57:41, 0.00%
44,Tyla Rattray,"Wildomar, CA",1714,44:30,11:30,M 25-29/12,M-25,40,1:42:20, 0.00%
45,Ryan Groen,"Chino, CA",1847,44:33,11:31,M 35-39/5,M-38,41,1:11:36, 0.00%
46,Alex Patterson,"Menifee, CA",2878,44:40,11:33,M 14-19/5,M-15,42,4:12:23, 0.00%
47,Christopher Baker,"Granada Hills, CA",1363,44:41,11:33,M 20-24/9,M-23,43,2:12:54, 0.00%
48,David Nichols,"Winchester, CA",2860,44:44,11:34,M 30-34/8,M-34,44,3:57:36, 0.00%
49,Michael Wiersma,"Ontario, CA",452,44:45,11:34,M 35-39/6,M-36,45,1:11:48, 0.00%
50,Amir Bashar,"La Crescenta, CA",930,44:52,11:36,M 45-49/1,M-45,46,3:13:15, 0.00%
51,Kristen Young,"Menifee, CA",1658,44:56,11:37,F 30-34/1,F-30,5,1:42:44, 0.00%
52,Peter Van Zitter,"Cerritos, CA",1029,45:05,11:39,M 55-59/1,M-57,47,45:07, 0.00%
53,Michael Ramirez Jr,"Wildomar, CA",2511,45:05,11:39,M 30-34/9,M-30,48,3:43:06, 0.00%
54,Matthew Minnick,"Ridgecrest, CA",2200,45:19,11:43,M 25-29/13,M-25,49,2:58:36, 0.00%
55,Ashley Jensen,"Simi Valley, CA",104,45:22,11:44,F 20-24/2,F-22,6,45:22, 0.00%
56,Brandon Nelson,"San Diego, CA",1355,45:22,11:44,M 35-39/7,M-39,50,45:23, 0.00%
57,Nathan Kok,"Ontario, CA",644,45:23,11:44,M 30-34/10,M-30,51,1:12:26, 0.00%
58,Stan Noble,"Castaic, CA",376,45:24,11:44,M 40-44/5,M-41,52,45:33, 0.00%
59,David Avalos,"Los Angeles, CA",2811,45:31,11:46,M 25-29/14,M-27,53,4:28:50, 0.00%
60,Steven Rasmussen,"Perris, CA",3213,45:35,11:47,M 20-24/10,M-23,54,1:12:41, 0.00%
61,Kyle Romine,"Aliso Viejo, CA",550,45:45,11:50,M 30-34/11,M-30,55,3:43:51, 0.00%
62,Fabio Silveira,"Upland, CA",2521,45:46,11:50,M 35-39/8,M-39,56,3:29:01, 0.00%
63,Michael Cunningham,"California City, CA",1946,45:53,11:52,M 20-24/11,M-23,57,3:44:04, 0.00%
64,Ryan Villopoto,"Menifee, CA",2,46:01,11:54,M 20-24/12,M-23,58,1:43:49, 0.00%
65,Marlin Horton,"Oceanside, CA",1403,46:03,11:54,M 25-29/15,M-29,59,2:14:20, 0.00%
66,Ty Loza,"Chino, CA",266,46:04,11:55,M 14-19/6,M-16,60,3:44:08, 0.00%
67,Jessica Sparrow,"Fort Irwin, CA",2656,46:17,11:58,F 25-29/2,F-25,7,3:29:37, 0.00%
68,Jake Fink,"Temecula, CA",1147,46:17,11:58,M 14-19/7,M-14,61,1:00:24, 0.00%
69,Marcin Sobczyk,"Lake Elsinore, CA",2212,46:18,11:58,M 35-39/9,M-36,62,2:59:35, 0.00%
70,Zachary Tuggle,"Oceanside, CA",2647,46:25,12:00,M 25-29/16,M-25,63,3:29:40, 0.00%
71,Gene Williams,"La Quinta, CA",1341,46:26,12:00,M 30-34/12,M-32,64,1:13:28, 0.00%
72,Steven Lerer,"Riverside, CA",289,46:28,12:01,M 25-29/17,M-28,65,46:55, 0.00%
73,Monica Orozco,"Whittier, CA",1829,46:30,12:01,F 30-34/2,F-33,8,2:59:44, 0.00%
74,Manuel Gomez,"Valley Center, CA",2539,46:32,12:02,M 25-29/18,M-25,66,3:59:31, 0.00%
75,Brian Lee,"Los Angeles, CA",2286,46:32,12:02,M 25-29/19,M-27,67,3:30:03, 0.00%
76,Kerri Lauritzen,"Sun City, CA",2273,46:33,12:02,F 25-29/3,F-28,9,3:12:49, 0.00%
77,Alma Reyes,"Palm Springs, CA",2618,46:38,12:03,F 30-34/3,F-32,10,3:29:53, 0.00%
78,Jamie Engle,"Pomona, CA",2152,46:46,12:05,F 20-24/3,F-20,11,3:00:01, 0.00%
79,Anthony Jones,"Victorville, CA",2907,46:48,12:06,M 40-44/6,M-41,68,3:59:37, 0.00%
80,Ryan Hall,"Oceanside, CA",2650,46:56,12:08,M 20-24/13,M-24,69,4:15:29, 0.00%
81,Chris Gonzales,"Downey, CA",402,47:02,12:10,M 30-34/13,M-31,70,1:44:52, 0.00%
82,Julian Martinez,"Long Beach, CA",920,47:06,12:11,M 40-44/7,M-41,71,47:14, 0.00%
83,Mira Lenzini,"Los Angeles, CA",337,47:09,12:11,F 35-39/2,F-35,12,3:15:31, 0.00%
84,Chelsea Kendrick,"Lake Elsinore, CA",3220,47:11,12:12,F 20-24/4,F-21,13,47:24, 0.00%
85,Dusty Brackley,"Redlands, CA",2942,47:17,12:14,M 20-24/14,M-20,72,47:26, 0.00%
86,Michael Pokrajac,"San Jacinto, CA",2597,47:17,12:14,M 30-34/14,M-30,73,4:15:58, 0.00%
87,Mike Gambino,"Murrieta, CA",2201,47:18,12:14,M 35-39/10,M-38,74,3:00:32, 0.00%
88,Jessica Roberts,"Rancho Cucamonga, CA",1519,47:20,12:14,F 25-29/4,F-29,14,2:15:33, 0.00%
89,Richard Martinez,"Hacienda Heights, CA",3109,47:23,12:15,M 20-24/15,M-22,75,4:15:58, 0.00%
90,Karen Banker,"Rancho Cucamonga, CA",1157,47:25,12:16,F 40-44/2,F-43,15,1:14:28, 0.00%
91,Bob Stubbs,"Huntington Beach, CA",1169,47:25,12:16,M 45-49/2,M-49,76,47:28, 0.00%
92,Adam Craighead,"Winchester, CA",877,47:29,12:17,M 30-34/15,M-30,77,2:45:21, 0.00%
93,Dean Mesman,"Ontario, CA",704,47:30,12:17,M 45-49/3,M-45,78,1:14:29, 0.00%
94,Kristoffer Rasmussen,"Fort Irwin, CA",1924,47:31,12:17,M 25-29/20,M-26,79,1:30:40, 0.00%
95,Matthew Wadsworth,"Lakeside, CA",2799,47:33,12:18,M 14-19/8,M-18,80,4:16:02, 0.00%
96,Fernando Ojeda,"Glendora, CA",2779,47:35,12:18,M 20-24/16,M-21,81,4:00:26, 0.00%
97,Daniel Ortega,"El Monte, CA",320,47:36,12:18,M 25-29/21,M-26,82,47:42, 0.00%
98,Stephen Kane,"Oceanside, CA",435,47:37,12:18,M 40-44/8,M-44,83,3:16:07, 0.00%
99,James Moreno,"Montebello, CA",2454,47:41,12:20,M 20-24/17,M-21,84,3:46:03, 0.00%
100,Leobardo Rebollar,"Palm Springs, CA",2619,47:41,12:20,M 30-34/16,M-32,85,3:29:53, 0.00%
1201,Mary Douglas Bunting,"Los Angeles, CA",2515,1:14:48,19:20,F 20-24/81,F-22,494,3:01:32, 0.00%
1202,Ronald Campbell,"La Mirada, CA",3172,1:14:49,19:20,M 30-34/141,M-31,708,3:43:28, 0.00%
1203,Melissa Flint,"Victorville, CA",2934,1:14:49,19:20,F 25-29/131,F-28,495,3:58:11, 0.00%
1204,Ginger Dagnall,"Idyllwild, CA",2909,1:14:51,19:21,F 35-39/69,F-37,496,4:27:44, 0.00%
1205,Tiffany Dorin,"Temecula, CA",2391,1:14:51,19:21,F 20-24/82,F-24,497,3:43:10, 0.00%
1206,Cecelia Varela,"Mission Viejo, CA",867,1:14:53,19:21,F 40-44/51,F-40,498,1:15:06, 0.00%
1207,Chasen Goudeau,"North Hollywood, CA",2209,1:14:53,19:21,M 25-29/162,M-26,709,3:58:23, 0.00%
1208,Bo Dagnall,"Idyllwild, CA",2910,1:14:53,19:21,M 35-39/95,M-37,710,4:27:44, 0.00%
1209,Laura Ruffo,"Los Angeles, CA",1206,1:14:54,19:22,F 20-24/83,F-23,499,2:57:41, 0.00%
1210,Timothy McNees,"Lake Elsinore, CA",2051,1:14:54,19:22,M 30-34/142,M-33,711,4:13:12, 0.00%
1211,Steven Kong,"Irvine, CA",1227,1:14:57,19:22,M 25-29/163,M-26,712,2:57:42, 0.00%
1212,Denise Rodriguez,"Oceanside, CA",2902,1:14:59,19:23,F 30-34/102,F-30,500,4:27:49, 0.00%
1213,Katia Radillo,"Soledad, CA",1719,1:15:00,19:23,F 25-29/132,F-26,501,1:58:14, 0.00%
1214,Tamra Wills,"Lemon Grove, CA",762,1:15:00,19:23,F 25-29/133,F-25,502,2:12:59, 0.00%
1215,Judy Ho,"Los Angeles, CA",990,1:15:01,19:23,F 30-34/103,F-32,503,4:13:17, 0.00%
1216,Jorge Hernandez,"Soledad, CA",1720,1:15:02,19:24,M 40-44/80,M-40,713,1:58:17, 0.00%
1217,Jennifer Crutcher,"Glendale, CA",1015,1:15:03,19:24,F 25-29/134,F-28,504,1:42:38, 0.00%
1218,Daniel Wills,"Lemon Grove, CA",763,1:15:04,19:24,M 20-24/96,M-22,714,2:12:59, 0.00%
1219,Heather Litton,"San Jacinto, CA",691,1:15:06,19:25,F 35-39/70,F-39,505,1:15:26, 0.00%
1220,Erin Sawhill-Delmar,"San Jacinto, CA",695,1:15:07,19:25,F 35-39/71,F-37,506,1:15:27, 0.00%
1221,Alan Raney,"Fontana, CA",862,1:15:09,19:25,M 60-64/6,M-61,715,1:15:13, 0.00%
1222,Kimberly Raney,"San Jose, CA",861,1:15:09,19:25,F 35-39/72,F-36,507,1:15:14, 0.00%
1223,Jennifer Sturges,"Perris, CA",2655,1:15:12,19:26,F 40-44/52,F-44,508,4:13:28, 0.00%
1224,John Dale Erickson,"San Diego, CA",2225,1:15:13,19:27,M 45-49/51,M-48,716,3:28:32, 0.00%
1225,David Torres,"Chino, CA",2017,1:15:15,19:27,M 30-34/143,M-30,717,2:57:55, 0.00%
1226,Darin Hunt,"San Diego, CA",2224,1:15:15,19:27,M 40-44/81,M-41,718,3:28:34, 0.00%
1227,Daniel Gomez,"Wilmington, CA",2932,1:15:17,19:28,M 25-29/164,M-25,719,4:43:53, 0.00%
1228,Francine Ortiz,"Redlands, CA",2775,1:15:17,19:28,F 25-29/135,F-28,509,4:28:20, 0.00%
1229,Crystal Valenzuela,"Ontario, CA",2018,1:15:19,19:28,F 25-29/136,F-28,510,2:57:55, 0.00%
1230,Julien Araiza,"Downey, CA",2313,1:15:19,19:28,M 20-24/97,M-22,720,3:28:42, 0.00%
1231,Loretta Gibson,"Fontana, CA",896,1:15:20,19:28,F 55-59/2,F-55,511,1:15:20, 0.00%
1232,Brenda Sixto,"Bellflower, CA",711,1:15:21,19:28,F 20-24/84,F-24,512,2:13:34, 0.00%
1233,Jamie Raney,"Fontana, CA",860,1:15:21,19:28,F 35-39/73,F-35,513,1:15:23, 0.00%
1234,Julie Tomlinson,"Santa Ana, CA",545,1:15:21,19:29,F 40-44/53,F-42,514,2:13:35, 0.00%
1235,Melissa Martinez,"Downey, CA",2312,1:15:21,19:29,F 20-24/85,F-23,515,3:28:43, 0.00%
1236,Sharon Sardina,"Temecula, CA",2446,1:15:22,19:29,F 30-34/104,F-31,516,3:13:10, 0.00%
1237,Jessica Margolin,"Murrieta, CA",2242,1:15:22,19:29,F 30-34/105,F-31,517,3:13:11, 0.00%
1238,Robert Patterson,"Menifee, CA",2877,1:15:24,19:29,M 45-49/52,M-46,721,4:43:55, 0.00%
1239,Mark Swangel,"Corona, CA",940,1:15:27,19:30,M 35-39/96,M-39,722,1:46:11, 0.00%
1240,Daniel Palacios,"Santa Ana, CA",1266,1:15:27,19:30,M 45-49/53,M-46,723,1:15:37, 0.00%
1241,Bella Guevara-Ludt,"Aliso Viejo, CA",2657,1:15:33,19:32,F 35-39/74,F-37,518,4:13:48, 0.00%
1242,Kevin Beacham,"Temecula, CA",1330,1:15:35,19:32,M 20-24/98,M-21,724,2:28:58, 0.00%
1243,Emily Lund,"Murrieta, CA",524,1:15:36,19:32,F 30-34/106,F-34,519,1:42:42, 0.00%
1244,Steve Schechtman,"Riverside, CA",1392,1:15:39,19:33,M 50-54/21,M-51,725,1:29:47, 0.00%
1245,Matthew Smith,"Menifee, CA",1841,1:15:43,19:34,M 50-54/22,M-50,726,3:14:29, 0.00%
1246,Ed Andrade,"Temecula, CA",1834,1:15:43,19:34,M 35-39/97,M-37,727,3:14:29, 0.00%
1247,Erica Pyles,"Temecula, CA",2729,1:15:45,19:35,F 25-29/137,F-26,520,4:59:54, 0.00%
1248,Michelle Montero,"Cerritos, CA",496,1:15:45,19:35,F 14-19/26,F-15,521,2:13:34, 0.00%
1249,Dora Guereca,"Temecula, CA",824,1:15:46,19:35,F 30-34/107,F-34,522,1:43:01, 0.00%
1250,Cody Browning,"Murrieta, CA",1892,1:15:46,19:35,M 14-19/55,M-14,728,3:14:25, 0.00%
1251,Mark Baker,"Canyon Country, CA",493,1:15:47,19:35,M 35-39/98,M-36,729,4:14:09, 0.00%
1252,Christina Garcia,"Riverside, CA",3224,1:15:47,19:35,F 30-34/108,F-34,523,2:13:49, 0.00%
1253,Colleen Longden,"Riverside, CA",3007,1:15:48,19:36,F 35-39/75,F-35,524,4:28:41, 0.00%
1254,Ray Ontiveros,"Anaheim, CA",1011,1:15:53,19:37,M 50-54/23,M-53,730,2:29:27, 0.00%
1255,Morgan Vine,"Oxnard, CA",743,1:15:54,19:37,M 40-44/82,M-42,731,4:45:49, 0.00%
1256,Molly Teron,"Tollhouse, CA",742,1:15:58,19:38,F 35-39/76,F-37,525,4:45:55, 0.00%
1257,Russel Finley,"Placentia, CA",919,1:15:58,19:38,M 35-39/99,M-38,732,1:16:26, 0.00%
1258,Mona Ibrahim,"Los Angeles, CA",2969,1:15:58,19:38,F 45-49/31,F-45,526,1:15:59, 0.00%
1259,Mark Keif,"Temecula, CA",803,1:16:00,19:39,M 40-44/83,M-41,733,1:43:21, 0.00%
1260,Fernando Garcia,"Los Angeles, CA",232,1:16:00,19:39,M 20-24/99,M-21,734,2:29:29, 0.00%
1261,Ryan Vanderbeck,"Ontario, CA",1752,1:16:05,19:40,M 20-24/100,M-23,735,2:58:59, 0.00%
1262,Ramon Rodriguez,"Cathedral City, CA",3116,1:16:14,19:42,M 35-39/100,M-36,736,4:44:53, 0.00%
1263,Dan Paige,"Temecula, CA",148,1:16:17,19:43,M 50-54/24,M-50,737,1:16:49, 0.00%
1264,Beth Paige,"Temecula, CA",149,1:16:18,19:43,F 45-49/32,F-46,527,1:16:49, 0.00%
1265,Leticia Weatrowski,"Corona, CA",1233,1:16:19,19:44,F 40-44/54,F-44,528,2:59:10, 0.00%
1266,Dulce Arias,"La Puente, CA",474,1:16:19,19:44,F 25-29/138,F-25,529,2:14:09, 0.00%
1267,Luis Olmos,"Lakewood, CA",584,1:16:20,19:44,M 30-34/144,M-32,738,2:14:45, 0.00%
1268,Nick Carter,"Tempe, AZ",3050,1:16:20,19:44,M 25-29/165,M-26,739,4:45:07, 0.00%
1269,Michael Galvin,"Los Angeles, CA",2653,1:16:24,19:45,M 40-44/84,M-41,740,3:59:42, 0.00%
1270,Chelsea Lacatena,"Los Angeles, CA",2652,1:16:24,19:45,F 35-39/77,F-37,530,3:59:42, 0.00%
1271,Kale Flordelis,"Yucaipa, CA",840,1:16:25,19:45,F 35-39/78,F-35,531,1:30:39, 0.00%
1272,Timothy Gutierrez,"San Pedro, CA",575,1:16:26,19:45,M 30-34/145,M-32,741,2:14:48, 0.00%
1273,Amanda Jones,"San Diego, CA",3043,1:16:26,19:45,F 25-29/139,F-26,532,4:45:09, 0.00%
1274,Rachel Teeguarden,"Idyllwild, CA",2673,1:16:28,19:46,F 30-34/109,F-34,533,3:59:49, 0.00%
1275,Jennifer Carney,"Carlsbad, CA",136,1:16:28,19:46,F 35-39/79,F-38,534,2:44:44, 0.00%
1276,Angela Grahovac,"Ventura, CA",236,1:16:28,19:46,F 50-54/9,F-50,535,2:14:36, 0.00%
1277,Stephanie Moreland,"Lake Elsinore, CA",144,1:16:28,19:46,F 30-34/110,F-34,536,2:44:45, 0.00%
1278,Paige Beckman,"San Diego, CA",2921,1:16:29,19:46,F 14-19/27,F-16,537,4:29:13, 0.00%
1279,Nicholas Parra,"Redlands, CA",161,1:16:31,19:47,M 20-24/101,M-24,742,1:30:40, 0.00%
1280,Jennifer Dileo,"Redlands, CA",160,1:16:31,19:47,F 25-29/140,F-25,538,1:30:44, 0.00%
1281,Kristen Schechtman,"Riverside, CA",1391,1:16:32,19:47,F 45-49/33,F-46,539,1:30:29, 0.00%
1282,Lori Ferro,"Idyllwild, CA",2671,1:16:34,19:48,F 40-44/55,F-43,540,3:59:52, 0.00%
1283,Tamara Morts,"Canyon Country, CA",2730,1:16:35,19:48,F 40-44/56,F-40,541,4:59:55, 0.00%
1284,Selena Gallardo,"Murrieta, CA",1163,1:16:36,19:48,F 14-19/28,F-18,542,3:30:02, 0.00%
1285,Rachel Nowacky,"Temecula, CA",799,1:16:36,19:48,F 30-34/111,F-31,543,1:43:55, 0.00%
1286,Charlscie Carter,"Tempe, AZ",3049,1:16:38,19:48,F 25-29/141,F-28,544,4:45:23, 0.00%
1287,Kevin Gonzales,"UM, ",2945,1:16:38,19:49,M 20-24/102,M-20,743,2:30:10, 0.00%
1288,Caroline Haldeman,"Lake Elsinore, CA",3102,1:16:39,19:49,F 40-44/57,F-41,545,5:14:29, 0.00%
1289,Tiffany Montero,"Artesia, CA",473,1:16:44,19:50,F 25-29/142,F-25,546,2:14:32, 0.00%
1290,Erika Hexter,"Encino, CA",347,1:16:44,19:50,F 25-29/143,F-27,547,3:30:02, 0.00%
1291,Sean Barney,"Loma Linda, CA",2388,1:16:45,19:50,M 30-34/146,M-33,744,3:45:18, 0.00%
1292,Heather Grow,"Huntington Beach, CA",656,1:16:46,19:51,F 35-39/80,F-38,548,3:00:36, 0.00%
1293,Brian Jones,"Costa Mesa, CA",3069,1:16:48,19:51,M 30-34/147,M-31,745,2:30:20, 0.00%
1294,Andrea Jones,"Huntington Beach, CA",683,1:16:49,19:51,F 35-39/81,F-38,549,3:00:38, 0.00%
1295,Michael Hexter,"Encino, CA",348,1:16:49,19:51,M 30-34/148,M-30,746,3:30:05, 0.00%
1296,Priscilla Malone,"San Diego, CA",3051,1:16:52,19:52,F 20-24/86,F-23,550,4:45:37, 0.00%
1297,Rodrick Rainey,"Hawthorne, CA",1494,1:16:52,19:52,M 50-54/25,M-50,747,2:45:05, 0.00%
1298,Jason Krey,"San Bernardino, CA",2397,1:16:56,19:53,M 35-39/101,M-37,748,3:45:29, 0.00%
1299,Derek Tantisalidchai,"Temecula, CA",3063,1:16:58,19:54,M 14-19/56,M-15,749,5:30:44, 0.00%
1300,Lindsay Barney,"Loma Linda, CA",2389,1:16:58,19:54,F 30-34/112,F-30,551,3:45:32, 0.00%
1301,Lesa Serrano,"Winchester, CA",2580,1:16:58,19:54,F 25-29/144,F-29,552,3:45:29, 0.00%
1302,Brooke Kendall,"Lake Elsinore, CA",774,1:16:58,19:54,F 30-34/113,F-34,553,3:14:51, 0.00%
1303,Clinton Smith,"Hemet, CA",700,1:17:02,19:55,M 30-34/149,M-33,750,3:30:19, 0.00%
1304,Ray Kolb,"Bonsall, CA",2383,1:17:03,19:55,M 55-59/8,M-56,751,3:45:38, 0.00%
1305,Isaac Diaz,"Hemet, CA",2317,1:17:04,19:55,M 30-34/150,M-30,752,3:30:21, 0.00%
1306,Jacob Burkhouse,"Hemet, CA",699,1:17:05,19:56,M 25-29/166,M-27,753,3:30:22, 0.00%
1307,America Padilla,"Murrieta, CA",3158,1:17:12,19:57,F 35-39/82,F-35,554,4:45:42, 0.00%
1308,Alejandro Cuara,"Lake Elsinore, CA",2998,1:17:12,19:57,M 20-24/103,M-20,754,2:30:44, 0.00%
1309,Abraham Esquer,"UM, ",2946,1:17:13,19:57,M 14-19/57,M-19,755,2:30:44, 0.00%
1310,Monica Torres,"Downey, CA",1222,1:17:15,19:58,F 25-29/145,F-28,555,2:45:34, 0.00%
1311,Eric Roth,"UM, ",2944,1:17:17,19:58,M 20-24/104,M-24,756,2:30:44, 0.00%
1312,Anthony Papa,"Corona, CA",1872,1:17:18,19:59,M 35-39/102,M-37,757,3:30:39, 0.00%
1313,Lisa Shakoor,"Ventura, CA",237,1:17:18,19:59,F 45-49/34,F-47,556,2:15:26, 0.00%
1314,Melissa Cansino,"Corona, CA",1871,1:17:19,19:59,F 30-34/114,F-32,557,3:30:39, 0.00%
1315,Brittany Scott,"Carpinteria, CA",3021,1:17:21,20:00,F 25-29/146,F-27,558,3:00:03, 0.00%
1316,Jaclyn Myers,"Santa Barbara, CA",3022,1:17:22,20:00,F 25-29/147,F-26,559,3:00:04, 0.00%
1317,Daniel Wilson,"Norco, CA",261,1:17:23,20:00,M 30-34/151,M-32,758,1:17:46, 0.00%
1318,Katie Bun,"Los Angeles, CA",515,1:17:24,20:00,F 25-29/148,F-29,560,2:15:31, 0.00%
1319,Hanna Pearson,"Lake Elsinore, CA",4,1:17:26,20:01,F 14-19/29,F-15,561,1:17:30, 0.00%
1320,Madie Marish,"Lake Elsinore, CA",6,1:17:27,20:01,F 14-19/30,F-15,562,1:17:31, 0.00%
1321,Chelsea Kovach,"Corona, CA",150,1:17:28,20:01,F 20-24/87,F-21,563,2:30:57, 0.00%
1322,Allison Leach,"Lake Elsinore, CA",7,1:17:31,20:02,F 14-19/31,F-14,564,1:17:34, 0.00%
1323,Noah Daniels,"Rancho Cucamonga, CA",1168,1:17:31,20:02,M 25-29/167,M-25,759,2:00:52, 0.00%
1324,Brian Carter,"Santa Barbara, CA",1782,1:17:32,20:02,M 20-24/105,M-24,760,3:30:50, 0.00%
1325,Shelly Essex,"Lake Elsinore, CA",3037,1:17:32,20:02,F 40-44/58,F-42,565,4:30:51, 0.00%
1326,Lydia Bederka,"Irvine, CA",1781,1:17:34,20:03,F 25-29/149,F-29,566,3:30:51, 0.00%
1327,Scott Schneider,"Claret, CA",2308,1:17:35,20:03,M 35-39/103,M-35,761,3:30:49, 0.00%
1328,David Essex,"Lake Elsinore, CA",3038,1:17:35,20:03,M 40-44/85,M-43,762,4:30:51, 0.00%
1329,Olga Flores,"Sylmar, CA",1223,1:17:36,20:04,F 25-29/150,F-27,567,2:45:57, 0.00%
1330,Tara Wilson,"Norco, CA",260,1:17:37,20:04,F 30-34/115,F-32,568,1:18:00, 0.00%
1331,Michelle Killeen,"Norco, CA",520,1:17:37,20:04,F 30-34/116,F-32,569,1:18:00, 0.00%
1332,Dashay Joe Fields,"Grand Terrace, CA",23,1:17:37,20:04,M 30-34/152,M-34,763,4:15:36, 0.00%
1333,Kathryn Gutierrez,"Rancho Cucamonga, CA",3207,1:17:37,20:04,F 25-29/151,F-25,570,2:00:58, 0.00%
1334,Nicole Macias,"Rancho Cucamonga, CA",1217,1:17:38,20:04,F 20-24/88,F-22,571,2:00:57, 0.00%
1335,Valerie Goodin,"Menifee, CA",2041,1:17:40,20:04,F 45-49/35,F-48,572,2:31:13, 0.00%
1336,Dennis Northington,"Moreno Valley, CA",25,1:17:41,20:05,M 25-29/168,M-27,764,4:15:45, 0.00%
1337,Jesse Gonzales,"Fallbrook, CA",2845,1:17:41,20:05,M 14-19/58,M-19,765,4:30:43, 0.00%
1338,Nikki Schooley,"Oceanside, CA",2042,1:17:43,20:05,F 35-39/83,F-39,573,2:31:13, 0.00%
1339,Joe Vidaurri,"Los Angeles, CA",2717,1:17:43,20:05,M 45-49/54,M-49,766,4:01:01, 0.00%
1340,Robert Alvarez,"Riverside, CA",2144,1:17:45,20:06,M 30-34/153,M-33,767,4:01:14, 0.00%
1341,Brett Lady,"Huntington Beach, CA",1711,1:17:45,20:06,M 35-39/104,M-37,768,2:46:24, 0.00%
1342,Elain Finley,"Menifee, CA",1712,1:17:46,20:06,F 40-44/59,F-40,574,2:46:24, 0.00%
1343,Patrick Curran,"Murrieta, CA",2744,1:17:46,20:06,M 25-29/169,M-28,769,4:01:18, 0.00%
1344,Eddie Gutierrez,"San Dimas, CA",2720,1:17:47,20:06,M 14-19/59,M-17,770,4:01:05, 0.00%
1345,Crystal Coleman,"Murrieta, CA",2745,1:17:48,20:07,F 20-24/89,F-23,575,4:01:19, 0.00%
1346,Cristal Cosme,"Los Angeles, CA",1224,1:17:48,20:07,F 25-29/152,F-28,576,2:46:08, 0.00%
1347,Edward Gutierrez,"San Dimas, CA",2716,1:17:49,20:07,M 40-44/86,M-41,771,4:01:08, 0.00%
1348,Katia Carranza,"Riverside, CA",2143,1:17:50,20:07,F 30-34/117,F-33,577,4:01:19, 0.00%
1349,Kim Ramirez,"Lakewood, CA",1996,1:17:52,20:07,F 35-39/84,F-35,578,1:18:06, 0.00%
1350,Wendy Rios,"La Crescenta, CA",3174,1:17:54,20:08,F 35-39/85,F-38,579,3:00:42, 0.00%
1351,Mariana Luna,"Glendale, CA",3179,1:17:56,20:09,F 25-29/153,F-26,580,3:00:43, 0.00%
1352,Ed Hawkins,"Rancho Cucamonga, CA",1371,1:17:59,20:09,M 35-39/105,M-37,772,2:01:20, 0.00%
1353,Ines Benitez De Miranda,"Corona, CA",1741,1:17:59,20:09,F 30-34/118,F-34,581,2:31:34, 0.00%
1354,Cassia Walton,"Valley Village, CA",364,1:17:59,20:10,F 25-29/154,F-28,582,4:16:07, 0.00%
1355,Damien Miranda,"Corona, CA",1742,1:17:59,20:10,M 40-44/87,M-42,773,2:31:34, 0.00%
1356,Christopher Ayangco,"San Diego, CA",2062,1:18:01,20:10,M 25-29/170,M-28,774,3:00:38, 0.00%
1357,Lisa Wu,"San Francisco, CA",1883,1:18:02,20:10,F 25-29/155,F-29,583,2:47:11, 0.00%
1358,Digna Santillan,"Fontana, CA",1433,1:18:03,20:10,F 25-29/156,F-26,584,4:16:07, 0.00%
1359,James Vogel,"Irvine, CA",1284,1:18:04,20:11,M 30-34/154,M-33,775,1:45:15, 0.00%
1360,Eamon Crawford,"Carpinteria, CA",1813,1:18:04,20:11,M 30-34/155,M-33,776,3:00:46, 0.00%
1361,Frank Vidaure,"Rancho Cucamonga, CA",2818,1:18:07,20:12,M 30-34/156,M-31,777,4:16:16, 0.00%
1362,Justin Bryant,"Temecula, CA",1973,1:18:09,20:12,M 30-34/157,M-32,778,3:00:53, 0.00%
1363,Jim Lewis,"Chino Hills, CA",1131,1:18:10,20:12,M 40-44/88,M-41,779,1:18:25, 0.00%
1364,Genevieve Zubia,"Monterey Park, CA",413,1:18:12,20:13,F 30-34/119,F-30,585,1:18:21, 0.00%
1365,Sussy Diaz,"Loma Linda, CA",3183,1:18:12,20:13,F 25-29/157,F-26,586,4:46:55, 0.00%
1366,Marcy Mendoza,"Valley Village, CA",365,1:18:13,20:13,F 30-34/120,F-33,587,4:16:18, 0.00%
1367,Melissa Lewis,"Chino Hills, CA",1132,1:18:15,20:14,F 30-34/121,F-33,588,1:18:30, 0.00%
1368,Jennifer Cruz,"Glendora, CA",3106,1:18:15,20:14,F 25-29/158,F-25,589,4:31:25, 0.00%
1369,Dante Chocobar,"Murrieta, CA",2037,1:18:17,20:14,M 50-54/26,M-51,780,3:01:05, 0.00%
1370,Ryan Bolduc,"Anaheim, CA",404,1:18:18,20:14,M 30-34/158,M-30,781,2:16:21, 0.00%
1371,Patricia Almanza,"La Puente, CA",3108,1:18:20,20:15,F 20-24/90,F-24,590,4:31:29, 0.00%
1372,Marta Medina,"Los Angeles, CA",414,1:18:22,20:15,F 50-54/10,F-52,591,1:18:22, 0.00%
1373,Jean-Pierre Ring,"Riverside, CA",1288,1:18:23,20:15,M 35-39/106,M-35,782,1:18:42, 0.00%
1374,Janette Tran,"El Monte, CA",312,1:18:23,20:16,F 25-29/159,F-29,592,2:47:33, 0.00%
1375,Alfredo Cardenas,"Los Angeles, CA",1796,1:18:24,20:16,M 25-29/171,M-25,783,2:47:33, 0.00%
1376,Matthew Payawal,"Chino, CA",675,1:18:25,20:16,M 14-19/60,M-17,784,2:31:45, 0.00%
1377,Rachel Otero,"Irvine, CA",1282,1:18:25,20:16,F 30-34/122,F-32,593,1:45:37, 0.00%
1378,Rebecca Van Wingerden,"Carpinteria, CA",1812,1:18:30,20:17,F 25-29/160,F-29,594,3:01:10, 0.00%
1379,Dekock James,"Yucaipa, CA",2078,1:18:31,20:18,M 20-24/106,M-20,785,3:01:28, 0.00%
1380,Laura Scovel,"Ontario, CA",168,1:18:33,20:18,F 45-49/36,F-45,595,1:32:12, 0.00%
1381,Keshni Krisithika,"Los Angeles, CA",1762,1:18:34,20:18,F 35-39/86,F-35,596,3:31:54, 0.00%
1382,Michael Young,"Fallbrook, CA",2010,1:18:34,20:18,M 35-39/107,M-39,786,4:31:37, 0.00%
1383,Rick Gutierrez,"Rancho Cucamonga, CA",3206,1:18:35,20:19,M 25-29/172,M-27,787,2:01:54, 0.00%
1384,Sonnet McClure,"Hemet, CA",1283,1:18:35,20:19,F 25-29/161,F-25,597,1:45:43, 0.00%
1385,Tanya Prokopin-Gill,"Riverside, CA",2399,1:18:36,20:19,F 30-34/123,F-30,598,3:47:12, 0.00%
1386,Sean Gibson,"Murrieta, CA",1456,1:18:36,20:19,M 45-49/55,M-46,788,4:15:47, 0.00%
1387,Luis Sifuentes,"Mira Loma, CA",181,1:18:38,20:19,M 30-34/159,M-32,789,1:18:54, 0.00%
1388,Brenda Diaz,"Fontana, CA",3056,1:18:39,20:20,F 25-29/162,F-25,599,3:47:04, 0.00%
1389,Alicia Wynn,"Hesperia, CA",185,1:18:42,20:20,F 45-49/37,F-45,600,3:16:33, 0.00%
1390,Nyla Hassell,"Van Nuys, CA",1083,1:18:42,20:21,F 35-39/87,F-36,601,2:32:11, 0.00%
1391,Jesus A Vitug,"Pomona, CA",676,1:18:43,20:21,M 35-39/108,M-35,790,2:32:04, 0.00%
1392,Eric Boarman,"San Diego, CA",2361,1:18:46,20:22,M 25-29/173,M-28,791,4:47:33, 0.00%
1393,Fred Henning,"Murrieta, CA",2844,1:18:47,20:22,M 30-34/160,M-34,792,4:31:46, 0.00%
1394,Randy Payawal,"Chino, CA",674,1:18:47,20:22,M 35-39/109,M-36,793,2:32:01, 0.00%
1395,Amber Santiago,"Menifee, CA",2604,1:18:49,20:22,F 35-39/88,F-35,602,3:01:32, 0.00%
1396,John Hassell,"Van Nuys, CA",1082,1:18:50,20:23,M 40-44/89,M-40,794,2:32:16, 0.00%
1397,Anita Chavez,"Fontana, CA",2318,1:18:50,20:23,F 20-24/91,F-24,603,3:47:17, 0.00%
1398,Marcea Croxton,"Sun City, CA",3218,1:18:52,20:23,F 25-29/163,F-28,604,3:01:32, 0.00%
1399,Va Ly,"Winchester, CA",106,1:18:55,20:24,M 30-34/161,M-34,795,1:46:04, 0.00%
1400,Sandra Sosa,"Redlands, CA",631,1:18:57,20:24,F 35-39/89,F-36,605,2:16:44, 0.00%
1601,Keisha Hosea,"Chino Hills, CA",1509,1:23:38,21:37,F 40-44/72,F-42,731,1:39:02, 0.00%
1602,Edwin Diaz,"Upland, CA",1530,1:23:38,21:37,M 35-39/119,M-35,871,3:21:49, 0.00%
1603,Javier Guerrero,"Perris, CA",2905,1:23:38,21:37,M 35-39/120,M-39,872,4:52:08, 0.00%
1604,Salvador Garcia,"Upland, CA",1531,1:23:39,21:37,M 30-34/176,M-34,873,3:21:49, 0.00%
1605,Ryyn Chua,"North Hollywood, CA",2840,1:23:39,21:37,M 25-29/187,M-29,874,5:21:32, 0.00%
1606,Daniel Vanderkallen,"Corona, CA",2737,1:23:39,21:37,M 20-24/115,M-24,875,4:22:07, 0.00%
1607,Marissa Ayon,"Upland, CA",1769,1:23:40,21:38,F 30-34/150,F-32,732,3:21:51, 0.00%
1608,Marco Ruiz,"Garden Grove, CA",2700,1:23:40,21:38,M 40-44/103,M-42,876,5:37:28, 0.00%
1609,Aileen Lanuza,"Torrance, CA",1614,1:23:40,21:38,F 40-44/73,F-41,733,3:52:11, 0.00%
1610,Anna-Melissa McCarthy,"Riverside, CA",1275,1:23:41,21:38,F 35-39/110,F-37,734,1:37:50, 0.00%
1611,Heather Hall,"Garden Grove, CA",2699,1:23:41,21:38,F 35-39/111,F-36,735,5:37:28, 0.00%
1612,Ryan Baer,"Wildomar, CA",2339,1:23:41,21:38,M 25-29/188,M-25,877,4:22:07, 0.00%
1613,Damaris Orozco,"Los Angeles, CA",220,1:23:42,21:38,F 25-29/198,F-25,736,2:37:05, 0.00%
1614,Samantha Ruiz,"Wildomar, CA",2340,1:23:42,21:38,F 25-29/199,F-25,737,4:22:07, 0.00%
1615,Annelyn Drollinger,"Gardena, CA",1613,1:23:44,21:39,F 40-44/74,F-40,738,3:52:13, 0.00%
1616,Sheila Cabrera,"Temecula, CA",1260,1:23:46,21:39,F 40-44/75,F-43,739,2:52:09, 0.00%
1617,Rachel Estrada,"Fontana, CA",1535,1:23:48,21:40,F 40-44/76,F-41,740,1:37:55, 0.00%
1618,Gregory Wenzel,"Murrieta, CA",2888,1:23:49,21:40,M 25-29/189,M-27,878,5:21:44, 0.00%
1619,Iesha Shabazz,"Moreno Valley, CA",201,1:23:52,21:41,F 30-34/151,F-31,741,2:21:42, 0.00%
1620,Jennifer Abel,"Pasadena, CA",1300,1:23:52,21:41,F 35-39/112,F-39,742,1:39:17, 0.00%
1621,Vanessa Mendoza,"Santa Ana, CA",568,1:23:56,21:42,F 25-29/200,F-29,743,2:22:36, 0.00%
1622,Daniel Mendoza,"Santa Ana, CA",569,1:23:58,21:42,M 30-34/177,M-30,879,2:22:37, 0.00%
1623,Amanda Pardo,"Los Altos, CA",1524,1:23:59,21:43,F 14-19/37,F-19,744,2:37:22, 0.00%
1624,Autumn Wenzel,"Murrieta, CA",2887,1:24:00,21:43,F 25-29/201,F-27,745,5:21:55, 0.00%
1625,Rholly Rivera,"Los Angeles, CA",2581,1:24:01,21:43,M 25-29/190,M-29,880,5:21:53, 0.00%
1626,Peri Smith,"Sunnyvale, CA",1523,1:24:02,21:43,F 20-24/107,F-20,746,2:37:22, 0.00%
1627,Jaclyn Castello,"Lakeside, CA",1247,1:24:08,21:45,F 20-24/108,F-22,747,3:22:19, 0.00%
1628,Stefanie Nunez,"Los Angeles, CA",1205,1:24:08,21:45,F 20-24/109,F-23,748,3:22:20, 0.00%
1629,Carletta Stokes,"Anza, CA",2993,1:24:10,21:45,F 45-49/46,F-46,749,4:37:16, 0.00%
1630,Sierra Mitchell,"Lake Elsinore, CA",3113,1:24:10,21:45,F NoAge/2,F-0,750,4:37:16, 0.00%
1631,Veronica Fabrigas,"Los Angeles, CA",3162,1:24:10,21:45,F 20-24/110,F-21,751,3:22:21, 0.00%
1632,Christine Barker,"Rialto, CA",1733,1:24:12,21:46,F 25-29/202,F-26,752,2:07:25, 0.00%
1633,Samantha Madrid,"Pomona, CA",2063,1:24:13,21:46,F 20-24/111,F-23,753,2:07:25, 0.00%
1634,Carolyn Sanders,"Murrieta, CA",2702,1:24:14,21:46,F 40-44/77,F-43,754,4:22:28, 0.00%
1635,Natalie Shultz,"Escondido, CA",2611,1:24:17,21:47,F 20-24/112,F-23,755,2:52:48, 0.00%
1636,Clifford Johnson,"Moreno Valley, CA",202,1:24:18,21:47,M 30-34/178,M-32,881,2:21:42, 0.00%
1637,Shelby Naake,"Sacramento, CA",2038,1:24:19,21:48,F 20-24/113,F-22,756,4:22:24, 0.00%
1638,Tim Jimenez,"Bellflower, CA",1579,1:24:22,21:48,M 35-39/121,M-38,882,2:07:59, 0.00%
1639,Jeanine Vaughn,"Westlake Village, CA",2766,1:24:24,21:49,F 35-39/113,F-38,757,4:37:32, 0.00%
1640,Tiffani Fardad,"Thousand Oaks, CA",2785,1:24:29,21:50,F 35-39/114,F-36,758,4:37:32, 0.00%
1641,Elena Summerlin,"Temecula, CA",1258,1:24:36,21:52,F 40-44/78,F-41,759,2:52:59, 0.00%
1642,Tom Martinez,"Chino Hills, CA",1689,1:24:37,21:52,M 40-44/104,M-43,883,3:22:40, 0.00%
1643,Rafael Alegria,"Los Angeles, CA",225,1:24:38,21:53,M 30-34/179,M-34,884,2:38:00, 0.00%
1644,Janeen Samuelian,"Monrovia, CA",483,1:24:38,21:53,F 30-34/152,F-30,760,1:52:12, 0.00%
1645,Jeremy Sanders,"Murrieta, CA",2701,1:24:39,21:53,M 30-34/180,M-33,885,4:22:54, 0.00%
1646,Michelle Aspeytia,"Vista, CA",2645,1:24:39,21:53,F 30-34/153,F-33,761,4:22:48, 0.00%
1647,Tiffany Santa Maria,"Grand Terrace, CA",2416,1:24:39,21:53,F 30-34/154,F-31,762,4:22:49, 0.00%
1648,Lynette Lansford,"Monrovia, CA",988,1:24:40,21:53,F 25-29/203,F-28,763,1:52:12, 0.00%
1649,Kelly McArthur,"Monrovia, CA",987,1:24:40,21:53,M 30-34/181,M-34,886,1:52:11, 0.00%
1650,Jason Samuelian,"Monrovia, CA",375,1:24:41,21:53,M 30-34/182,M-32,887,1:52:12, 0.00%
1651,Bunvandy Mok,"Long Beach, CA",308,1:24:42,21:53,F 25-29/204,F-29,764,1:25:16, 0.00%
1652,Larry Pham,"Westminster, CA",307,1:24:43,21:54,M 30-34/183,M-31,888,1:25:16, 0.00%
1653,Sandra McKimson,"Idyllwild, CA",2675,1:24:43,21:54,F 45-49/47,F-45,765,4:08:06, 0.00%
1654,Darla Herring,"Murrieta, CA",3129,1:24:46,21:55,F 45-49/48,F-47,766,3:23:31, 0.00%
1655,Antionette Winston,"Riverside, CA",1849,1:24:46,21:55,F 50-54/15,F-50,767,3:07:26, 0.00%
1656,Tatiana McDowell,"Inglewood, CA",1198,1:24:47,21:55,F 30-34/155,F-30,768,2:53:08, 0.00%
1657,Anthony Townsend,"Hemet, CA",1699,1:24:48,21:55,M 40-44/105,M-42,889,3:22:51, 0.00%
1658,Melinda Choi,"Rancho Palos Verdes, CA",1195,1:24:49,21:55,F 35-39/115,F-36,769,2:53:09, 0.00%
1659,Jeremy Horton,"Carlsbad, CA",421,1:24:50,21:56,M 40-44/106,M-41,890,3:53:28, 0.00%
1660,Amanda Wilson,"Fullerton, CA",1864,1:24:52,21:56,F 25-29/205,F-29,770,3:07:30, 0.00%
1661,Karina Sohn,"Carlsbad, CA",423,1:25:01,21:58,F 30-34/156,F-32,771,3:53:38, 0.00%
1662,David Valenzuela,"Rancho Cucamonga, CA",1868,1:25:04,21:59,M 25-29/191,M-26,891,3:38:24, 0.00%
1663,Bobbie Sue Reece,"Murrieta, CA",1162,1:25:05,22:00,F 40-44/79,F-40,772,3:38:33, 0.00%
1664,Andrew Moreno,"Chula Vista, CA",3144,1:25:06,22:00,M 40-44/107,M-41,892,5:08:27, 0.00%
1665,Karla Mendoza,"San Diego, CA",3127,1:25:06,22:00,F 25-29/206,F-27,773,5:08:26, 0.00%
1666,Michael Cardosi,"Imperial Beach, CA",3128,1:25:07,22:00,M 35-39/122,M-38,893,5:08:27, 0.00%
1667,Martha Moreno,"Chula Vista, CA",3143,1:25:08,22:00,F 40-44/80,F-41,774,5:08:29, 0.00%
1668,Linda Sauceda,"San Bernardino, CA",815,1:25:09,22:00,F 30-34/157,F-32,775,1:39:19, 0.00%
1669,Naela Cansino,"Rancho Cucamonga, CA",1867,1:25:09,22:01,M 25-29/192,M-27,894,3:38:29, 0.00%
1670,Ralph Casal,"Lake Elsinore, CA",1903,1:25:11,22:01,M 35-39/123,M-38,895,3:07:43, 0.00%
1671,Dimitry Garcia,"Long Beach, CA",2912,1:25:11,22:01,M 30-34/184,M-31,896,1:52:37, 0.00%
1672,Todd Ross,"Sun City, CA",1408,1:25:11,22:01,M 50-54/29,M-50,897,2:53:30, 0.00%
1673,Maria Dougan,"Lake Elsinore, CA",1902,1:25:14,22:02,F 35-39/116,F-38,776,3:07:46, 0.00%
1674,Tiffany Keys,"Los Angeles, CA",980,1:25:14,22:02,F 20-24/114,F-23,777,1:25:35, 0.00%
1675,Maria Dean,"Murrieta, CA",3112,1:25:15,22:02,F 25-29/207,F-26,778,4:53:52, 0.00%
1676,Zack Buchanan,"San Marcos, CA",1268,1:25:18,22:03,M 25-29/193,M-26,898,2:53:30, 0.00%
1677,Tayra Martinez,"Winchester, CA",2925,1:25:18,22:03,F 25-29/208,F-26,779,4:53:55, 0.00%
1678,Johnny Perez,"Rancho Cucamonga, CA",3126,1:25:19,22:03,M 35-39/124,M-35,899,3:23:18, 0.00%
1679,Juan Garcia,"Whittier, CA",1075,1:25:19,22:03,M 35-39/125,M-35,900,1:52:32, 0.00%
1680,Robert Paetz,"Riverside, CA",663,1:25:19,22:03,M 55-59/10,M-55,901,1:52:28, 0.00%
1681,Carl Capitano,"La Verne, CA",3123,1:25:19,22:03,M 30-34/185,M-34,902,3:23:19, 0.00%
1682,Shanel Inigo,"Huntington Beach, CA",1346,1:25:22,22:04,F 25-29/209,F-26,780,3:23:35, 0.00%
1683,Edrick Javier,"Lake Elsinore, CA",20,1:25:23,22:04,M 35-39/126,M-35,903,3:23:36, 0.00%
1684,Charles Shattuck,"Bonsall, CA",2217,1:25:23,22:04,M 20-24/116,M-23,904,3:39:04, 0.00%
1685,David Urban,"Vista, CA",2235,1:25:23,22:04,M 25-29/194,M-29,905,3:39:04, 0.00%
1686,Sosefo Mailangi,"Inglewood, CA",2678,1:25:24,22:04,M 30-34/186,M-30,906,4:08:39, 0.00%
1687,Erika Javier,"Huntington Beach, CA",2386,1:25:25,22:05,F 25-29/210,F-29,781,3:23:38, 0.00%
1688,Monica Villanueva,"Corona, CA",197,1:25:25,22:05,F 35-39/117,F-37,782,1:25:46, 0.00%
1689,James Deuling,"Fallbrook, CA",2367,1:25:25,22:05,M 20-24/117,M-22,907,3:39:06, 0.00%
1690,Michelle Centeno,"Rialto, CA",816,1:25:26,22:05,F 30-34/158,F-31,783,1:39:36, 0.00%
1691,Sarah Jacob,"Rancho Cucamonga, CA",3125,1:25:26,22:05,F 30-34/159,F-34,784,3:23:23, 0.00%
1692,Arika Senecal,"Rancho Cucamonga, CA",2815,1:25:28,22:05,F 40-44/81,F-42,785,4:54:17, 0.00%
1693,Jennifer Lisignoli,"Temecula, CA",3181,1:25:29,22:06,F 25-29/211,F-25,786,5:08:48, 0.00%
1694,Victoria Serrato,"Rialto, CA",1969,1:25:29,22:06,F 14-19/38,F-16,787,2:23:20, 0.00%
1695,Karen Shiinoki,"San Bernardino, CA",820,1:25:30,22:06,F 35-39/118,F-35,788,1:39:39, 0.00%
1696,Elizabeth Giraldo,"Long Beach, CA",34,1:25:31,22:06,F 25-29/212,F-26,789,5:08:50, 0.00%
1697,Ryan Miller,"Banning, CA",2192,1:25:31,22:06,M 25-29/195,M-26,908,4:23:50, 0.00%
1698,Valerie Lancaster,"Covina, CA",2724,1:25:32,22:06,F 25-29/213,F-29,790,4:08:56, 0.00%
1699,Michelle Rivera,"Los Angeles, CA",1887,1:25:34,22:07,F 25-29/214,F-29,791,3:08:13, 0.00%
1700,Anthony Garcia,"Apple Valley, CA",1870,1:25:34,22:07,M 35-39/127,M-36,909,3:38:55, 0.00%
1701,Joe Molina,"Signal Hill, CA",2331,1:25:36,22:07,M 30-34/187,M-33,910,4:38:31, 0.00%
1702,Sebastian Lieu,"Lake Elsinore, CA",2582,1:25:36,22:07,M 35-39/128,M-36,911,4:23:54, 0.00%
1703,Edgar Flores,"Lake Elsinore, CA",1567,1:25:36,22:08,M 35-39/129,M-36,912,4:23:50, 0.00%
1704,Jennifer Moosa,"Fallbrook, CA",2221,1:25:36,22:08,F 20-24/115,F-23,792,3:39:16, 0.00%
1705,Joe Stark,"Temecula, CA",1151,1:25:36,22:08,M 45-49/62,M-45,913,2:09:04, 0.00%
1706,Jennifer Cohen,"Inglewood, CA",2679,1:25:36,22:08,F 25-29/215,F-29,793,4:08:58, 0.00%
1707,Ana Conrique,"La Mirada, CA",2685,1:25:38,22:08,F 40-44/82,F-42,794,3:23:21, 0.00%
1708,Nora Morris,"Lake Elsinore, CA",2035,1:25:40,22:09,F 50-54/16,F-54,795,3:08:28, 0.00%
1709,Shelly Robbins,"Anaheim, CA",880,1:25:41,22:09,F 20-24/116,F-24,796,1:25:43, 0.00%
1710,Jessica Balchak,"Lake Elsinore, CA",472,1:25:41,22:09,F 30-34/160,F-33,797,1:26:46, 0.00%
1711,Matthew Kreg,"Corona, CA",788,1:25:41,22:09,M 40-44/108,M-40,914,3:23:48, 0.00%
1712,Sarah Spicer,"Fontana, CA",655,1:25:42,22:09,F 30-34/161,F-33,798,1:26:47, 0.00%
1713,Sandy Chocobar,"Murrieta, CA",2036,1:25:45,22:10,F 40-44/83,F-42,799,3:08:28, 0.00%
1714,Johnny Dominguez,"Whittier, CA",229,1:25:48,22:11,M 35-39/130,M-36,915,2:39:14, 0.00%
1715,Julie Erickson,"San Marcos, CA",1437,1:25:48,22:11,F 35-39/119,F-36,800,1:26:16, 0.00%
1716,Susan Higgs,"Menifee, CA",1360,1:25:48,22:11,F 40-44/84,F-43,801,2:54:11, 0.00%
1717,Vanessa Garcia,"Whittier, CA",1076,1:25:50,22:11,F 35-39/120,F-35,802,1:53:04, 0.00%
1718,Nicole King,"Temecula, CA",370,1:25:51,22:11,F 35-39/121,F-37,803,1:26:15, 0.00%
1719,Eileen Conrique,"La Mirada, CA",2686,1:25:53,22:12,F 25-29/216,F-29,804,3:23:34, 0.00%
1720,Leian Saraphanh,"Temecula, CA",2307,1:25:57,22:13,F 14-19/39,F-15,805,3:39:21, 0.00%
1721,Breanna Javier,"Temecula, CA",2567,1:25:57,22:13,F 14-19/40,F-16,806,3:39:21, 0.00%
1722,John Conrique,"La Mirada, CA",2684,1:25:57,22:13,M 45-49/63,M-45,916,3:23:41, 0.00%
1723,William Page,"Menifee, CA",1110,1:25:58,22:13,M 45-49/64,M-47,917,1:53:32, 0.00%
1724,Mimi Chen,"Long Beach, CA",401,1:25:58,22:13,F 25-29/217,F-27,807,2:24:12, 0.00%
1725,David Bonanno,"Rancho Cucamonga, CA",3200,1:25:58,22:13,M 40-44/109,M-41,918,4:54:51, 0.00%
1726,Maria Serrano,"Downey, CA",1581,1:26:00,22:14,F 40-44/85,F-44,808,2:09:33, 0.00%
1727,Sean Forge,"Tustin, CA",1673,1:26:00,22:14,M 40-44/110,M-40,919,1:53:27, 0.00%
1728,Nim Ekgasit,"Irvine, CA",2211,1:26:00,22:14,F 40-44/86,F-43,809,1:53:24, 0.00%
1729,Nasstajjia Martell,"Los Angeles, CA",353,1:26:00,22:14,F 25-29/218,F-25,810,2:24:13, 0.00%
1730,Karla Artavia,"San Pedro, CA",341,1:26:01,22:14,F 25-29/219,F-28,811,2:24:15, 0.00%
1731,Roy Lahi,"Murrieta, CA",751,1:26:01,22:14,M 45-49/65,M-46,920,2:09:16, 0.00%
1732,Michael Zapata,"Aliso Viejo, CA",1675,1:26:02,22:14,M 45-49/66,M-49,921,1:53:28, 0.00%
1733,Taryn Parrish,"Chatsworth, CA",2968,1:26:02,22:14,F 20-24/117,F-24,812,2:54:16, 0.00%
1734,Marilyn Lahi,"Murrieta, CA",752,1:26:02,22:14,F 45-49/49,F-48,813,2:09:16, 0.00%
1735,Amy Frahn,"Menifee, CA",1406,1:26:03,22:14,F 35-39/122,F-38,814,2:54:20, 0.00%
1736,Laura Sklov,"Chatsworth, CA",2626,1:26:04,22:15,F 20-24/118,F-23,815,2:54:18, 0.00%
1737,Jaime Mercado,"Murrieta, CA",2939,1:26:13,22:17,M 45-49/67,M-46,922,5:24:04, 0.00%
1738,Wes Foley,"Riverside, CA",166,1:26:14,22:17,M 35-39/131,M-36,923,2:24:24, 0.00%
1739,Jacqueline Vazquez,"Corona, CA",2134,1:26:24,22:20,F 50-54/17,F-50,816,1:26:46, 0.00%
1740,Ashleigh Lutes,"Riverside, CA",2245,1:26:30,22:21,F 20-24/119,F-23,817,3:39:44, 0.00%
1741,Bryan Case,"Riverside, CA",1445,1:26:32,22:22,M 45-49/68,M-45,924,1:53:49, 0.00%
1742,Aubrey Harms,"Burbank, CA",1025,1:26:34,22:23,F 30-34/162,F-33,818,2:39:55, 0.00%
1743,Debra Foley,"Riverside, CA",165,1:26:36,22:23,F 30-34/163,F-32,819,2:24:48, 0.00%
1744,Keri Jantz,"Menifee, CA",1688,1:26:39,22:24,F 20-24/120,F-23,820,2:10:04, 0.00%
1745,Hayden Mercado,"Murrieta, CA",2940,1:26:40,22:24,M 14-19/69,M-15,925,5:24:14, 0.00%
1746,Debbie Laird,"Riverside, CA",667,1:26:41,22:24,F 55-59/3,F-55,821,1:53:49, 0.00%
1747,Jenna Bouris,"Menifee, CA",1717,1:26:42,22:25,F 20-24/121,F-22,822,2:10:07, 0.00%
1748,Alex Caro,"Corona, CA",1311,1:26:43,22:25,M 30-34/188,M-30,926,1:40:58, 0.00%
1749,Greg Robledo,"Costa Mesa, CA",1126,1:26:47,22:26,M 25-29/196,M-29,927,1:54:16, 0.00%
1750,Jennifer Madriaga,"Riverside, CA",3149,1:26:50,22:27,F 35-39/123,F-35,823,1:54:13, 0.00%
1751,Khrystyn Pamintuan,"San Diego, CA",1830,1:26:50,22:27,F 20-24/122,F-23,824,2:24:42, 0.00%
1752,Summer Castillo,"Lake Elsinore, CA",3119,1:26:51,22:27,F 30-34/164,F-33,825,4:40:01, 0.00%
1753,Rachel Lam,"San Diego, CA",1737,1:26:52,22:27,F 35-39/124,F-35,826,2:24:44, 0.00%
1754,Tony Islas,"Riverside, CA",1343,1:26:57,22:28,M 25-29/197,M-29,928,1:41:12, 0.00%
1755,Lucy Cervantes,"Lynwood, CA",2658,1:26:57,22:28,F 20-24/123,F-23,827,4:39:50, 0.00%
1756,Sade Johnson,"Los Angeles, CA",2417,1:26:59,22:29,F 25-29/220,F-25,828,4:10:28, 0.00%
1757,Laura Richardson,"Wildomar, CA",2393,1:26:59,22:29,F 20-24/124,F-24,829,4:25:24, 0.00%
1758,Sandy De Leon,"Bellflower, CA",2865,1:27:00,22:29,F 20-24/125,F-23,830,4:39:53, 0.00%
1759,Ruby Ledezma,"Riverside, CA",2558,1:27:02,22:30,F 30-34/165,F-34,831,4:55:34, 0.00%
1760,David Lillie,"Temecula, CA",1149,1:27:02,22:30,M 45-49/69,M-49,929,2:10:25, 0.00%
1761,Greg Taylor,"Manhattan Beach, CA",3188,1:27:02,22:30,M 30-34/189,M-31,930,4:55:49, 0.00%
1762,Yadhira Lomeli,"Riverside, CA",2559,1:27:02,22:30,F 30-34/166,F-32,832,4:55:36, 0.00%
1763,Terri Van Houten,"Burbank, CA",984,1:27:03,22:30,F 40-44/87,F-41,833,2:40:27, 0.00%
1764,Cecilia Pineda,"South Gate, CA",2659,1:27:05,22:31,F 20-24/126,F-22,834,4:39:58, 0.00%
1765,David Yaeger,"Santee, CA",1877,1:27:06,22:31,M 35-39/132,M-39,931,3:25:00, 0.00%
1766,Silvia Ramos,"Montclair, CA",2327,1:27:09,22:32,F 35-39/125,F-37,835,3:55:35, 0.00%
1767,Robert Azemikhah,"San Diego, CA",1875,1:27:11,22:32,M 20-24/118,M-23,932,3:25:02, 0.00%
1768,Amber Cervantes,"Corona, CA",314,1:27:15,22:33,F 25-29/221,F-26,836,1:27:19, 0.00%
1769,Casey Goble,"Corona, CA",1422,1:27:16,22:33,F 20-24/127,F-21,837,1:41:22, 0.00%
1770,Crystal Ambrose,"Mira Loma, CA",1419,1:27:16,22:33,F 30-34/167,F-32,838,1:41:23, 0.00%
1771,Sheri Simkin,"Sherman Oaks, CA",3165,1:27:21,22:35,F 35-39/126,F-39,839,4:56:10, 0.00%
1772,Michelle Pamintuan,"San Diego, CA",1738,1:27:28,22:36,F 35-39/127,F-35,840,2:25:19, 0.00%
1773,Srijay Zamano,"Colton, CA",661,1:27:30,22:37,F 30-34/168,F-32,841,2:25:36, 0.00%
1774,Cinthya Aguirre,"San Bernardino, CA",664,1:27:30,22:37,F 30-34/169,F-30,842,2:25:37, 0.00%
1775,Margarita Chase,"Stanton, CA",918,1:27:31,22:37,F 30-34/170,F-33,843,1:27:58, 0.00%
1776,Pamela Pulanco,"Murrieta, CA",3121,1:27:31,22:37,F 30-34/171,F-30,844,4:40:38, 0.00%
1777,Stephanie Leon,"Newport Beach, CA",1127,1:27:31,22:37,F 35-39/128,F-37,845,1:55:00, 0.00%
1778,Lysa Smith,"Ladera Ranch, CA",1607,1:27:38,22:39,F 35-39/129,F-39,846,2:56:09, 0.00%
1779,Kate Lennon,"Roseville, CA",1974,1:27:38,22:39,F 35-39/130,F-37,847,1:41:44, 0.00%
1780,Tiffany Villanueva,"Irvine, CA",1124,1:27:39,22:39,F 25-29/222,F-25,848,1:55:06, 0.00%
1781,Cynthia Joseph,"Redlands, CA",2320,1:27:39,22:39,F 35-39/131,F-39,849,1:55:06, 0.00%
1782,Kathy Rabago,"Irvine, CA",1065,1:27:42,22:40,F 35-39/132,F-37,850,1:55:05, 0.00%
1783,Katelyn Brady,"Sun City, CA",2508,1:27:42,22:40,F 14-19/41,F-14,851,4:40:44, 0.00%
1784,Daniel D'Alessandro,"Lake Elsinore, CA",1936,1:27:43,22:40,M 25-29/198,M-29,933,3:25:22, 0.00%
1785,Jennifer Anderson,"Aguanga, CA",156,1:27:45,22:41,F 45-49/50,F-49,852,3:26:30, 0.00%
1786,Mari Orita,"Fresno, CA",2989,1:27:46,22:41,F 25-29/223,F-27,853,2:56:01, 0.00%
1787,Stephanie Ochoa,"Murrieta, CA",2091,1:27:50,22:42,F 20-24/128,F-24,854,3:10:35, 0.00%
1788,Rachel Partida,"Riverside, CA",2101,1:27:52,22:43,F 20-24/129,F-24,855,4:26:09, 0.00%
1789,Gina Gonzalez,"Wildomar, CA",1003,1:27:54,22:43,F 20-24/130,F-23,856,2:56:07, 0.00%
1790,Andrew Rice,"La Verne, CA",2523,1:27:59,22:44,M 20-24/119,M-24,934,4:26:03, 0.00%
1791,Allison Castrejon,"Berkeley, CA",1803,1:28:01,22:45,F 25-29/224,F-26,857,3:26:23, 0.00%
1792,Louie Ochoa,"Corona, CA",776,1:28:03,22:45,M 40-44/111,M-42,935,1:55:27, 0.00%
1793,Ruben Castorena,"Cypress, CA",305,1:28:04,22:46,M 30-34/190,M-33,936,1:42:20, 0.00%
1794,Carlos Castrejon,"Los Angeles, CA",1802,1:28:05,22:46,M 25-29/199,M-27,937,3:26:27, 0.00%
1795,Lisa Quick,"Murrieta, CA",767,1:28:05,22:46,F 40-44/88,F-43,858,4:56:43, 0.00%
1796,Nicole Gonzalez,"Monrovia, CA",532,1:28:07,22:46,F 25-29/225,F-25,859,1:55:11, 0.00%
1797,Melissa Hendricks,"Redlands, CA",514,1:28:07,22:47,F 25-29/226,F-27,860,1:55:11, 0.00%
1798,Hasarreong Cillpame,"Redlands, CA",2376,1:28:09,22:47,M 25-29/200,M-28,938,4:56:51, 0.00%
1799,Anthony Aranda,"Winchester, CA",1100,1:28:11,22:47,M 25-29/201,M-29,939,2:56:25, 0.00%
1800,Jacqueline Aranda,"Winchester, CA",1101,1:28:11,22:48,F 25-29/227,F-28,861,2:56:25, 0.00%
2101,Lani Allenegui,"Torrance, CA",2149,1:39:23,25:41,F 25-29/274,F-29,1054,3:26:09, 0.00%
2102,Brenda Benitez,"Lake Elsinore, CA",2364,1:39:24,25:41,F 35-39/157,F-35,1055,3:37:08, 0.00%
2103,Tracy Zabaleta,"Chino, CA",248,1:39:24,25:42,F 40-44/108,F-41,1056,1:39:52, 0.00%
2104,Laura Sanchez,"Lake Elsinore, CA",2396,1:39:26,25:42,F 35-39/158,F-38,1057,3:37:11, 0.00%
2105,Sherwin Vazquez,"Pomona, CA",243,1:39:28,25:42,M 35-39/150,M-37,1048,1:39:54, 0.00%
2106,Irma Vazquez,"Pomona, CA",242,1:39:30,25:43,F 35-39/159,F-35,1058,1:39:56, 0.00%
2107,Rosa Lopez,"Escondido, CA",1962,1:39:32,25:43,F 20-24/161,F-21,1059,3:21:14, 0.00%
2108,Cynthia Herrera,"Downey, CA",2525,1:39:34,25:44,F 30-34/213,F-34,1060,4:22:59, 0.00%
2109,Gabriela Zamora,"Paramount, CA",2526,1:39:34,25:44,F 25-29/275,F-29,1061,4:23:00, 0.00%
2110,Sarah Casna,"Ramona, CA",507,1:39:39,25:45,F 25-29/276,F-26,1062,4:08:14, 0.00%
2111,Kenneth Nickols,"Los Angeles, CA",1023,1:39:42,25:46,M 25-29/231,M-27,1049,2:06:53, 0.00%
2112,Patricia Landes,"Claremont, CA",1893,1:39:45,25:47,F 35-39/160,F-37,1063,3:37:53, 0.00%
2113,Heidi Pykkonen,"Vista, CA",2497,1:39:45,25:47,F 35-39/161,F-38,1064,5:53:32, 0.00%
2114,Dennis Chavez,"Claremont, CA",1894,1:39:45,25:47,M 45-49/73,M-45,1050,3:37:52, 0.00%
2115,Lynda Woolley,"Palmdale, CA",1898,1:39:46,25:47,F 45-49/56,F-48,1065,3:37:53, 0.00%
2116,Melissa Hall,"Huntington Beach, CA",1554,1:39:46,25:47,F 30-34/214,F-32,1066,3:37:58, 0.00%
2117,Jorge Cairas,"Gardena, CA",205,1:39:53,25:49,M 25-29/232,M-25,1051,2:53:19, 0.00%
2118,Shawn Strickland,"Temecula, CA",1448,1:39:55,25:49,M 40-44/120,M-40,1052,1:47:16, 0.00%
2119,Monasue Crites,"Corona, CA",775,1:39:56,25:50,F 40-44/109,F-43,1067,2:07:19, 0.00%
2120,Jenny Ramirez,"Perris, CA",2460,1:39:56,25:50,F 25-29/277,F-28,1068,4:23:18, 0.00%
2121,Hollan Whitlock,"Rialto, CA",1507,1:39:59,25:50,M 20-24/130,M-23,1053,2:07:31, 0.00%
2122,Katie Sipes,"Vista, CA",2495,1:39:59,25:51,F 35-39/162,F-35,1069,5:53:46, 0.00%
2123,Sandra Crowder,"Murrieta, CA",1281,1:40:06,25:52,F 45-49/57,F-49,1070,2:07:20, 0.00%
2124,Erica Gremminger,"Hemet, CA",446,1:40:09,25:53,F 25-29/278,F-29,1071,3:08:31, 0.00%
2125,Rebecca Wynn,"Hesperia, CA",186,1:40:15,25:55,F 45-49/58,F-47,1072,3:38:07, 0.00%
2126,Rosa Santana,"Covina, CA",466,1:40:16,25:55,F 30-34/215,F-32,1073,1:40:18, 0.00%
2127,Margarita Khachatryan,"Los Angeles, CA",3134,1:40:23,25:57,F 25-29/279,F-26,1074,1:40:51, 0.00%
2128,Carlos Falcon,"Pasadena, CA",967,1:40:23,25:57,M 35-39/151,M-37,1054,1:40:50, 0.00%
2129,Karina Boiles,"Los Angeles, CA",3133,1:40:25,25:57,F 25-29/280,F-29,1075,1:40:51, 0.00%
2130,Sarah Delabahan,"Fontana, CA",3178,1:40:26,25:58,F 20-24/162,F-24,1076,5:54:13, 0.00%
2131,Scott Si,"Torrance, CA",2846,1:40:28,25:58,M 25-29/233,M-28,1055,3:38:10, 0.00%
2132,Hana Ryuman,"Los Angeles, CA",3070,1:40:29,25:58,F 25-29/281,F-28,1077,3:38:12, 0.00%
2133,Robin Bell,"Moreno Valley, CA",1814,1:40:32,25:59,F 45-49/59,F-47,1078,3:23:27, 0.00%
2134,Jennifer Tran,"Irvine, CA",1356,1:40:36,26:00,F 25-29/282,F-28,1079,1:41:12, 0.00%
2135,Haley Walsh,"Irvine, CA",1336,1:40:37,26:00,F 25-29/283,F-25,1080,1:41:13, 0.00%
2136,Angela Hines,"Redlands, CA",1817,1:40:38,26:01,F 35-39/163,F-37,1081,3:23:34, 0.00%
2137,Angela Cooper,"Mentone, CA",173,1:40:40,26:01,F 30-34/216,F-33,1082,2:08:16, 0.00%
2138,Tory Whitlock,"Redlands, CA",157,1:40:40,26:01,F 25-29/284,F-27,1083,2:08:15, 0.00%
2139,Amy Lucero,"Sun City, CA",834,1:40:42,26:02,F 25-29/285,F-27,1084,2:08:11, 0.00%
2140,Sandy Whitt,"Riverside, CA",1703,1:40:44,26:02,F 45-49/60,F-49,1085,3:23:39, 0.00%
2141,Daniel Dicarlo,"Temecula, CA",773,1:40:51,26:04,M 25-29/234,M-25,1056,3:38:43, 0.00%
2142,Melissa Blenkarn,"Corona, CA",445,1:40:53,26:04,F 30-34/217,F-31,1086,3:09:14, 0.00%
2143,Julie Melton,"Hemet, CA",444,1:40:53,26:04,F 30-34/218,F-34,1087,3:09:12, 0.00%
2144,Greg Vanden Berg,"Orange, CA",608,1:40:54,26:05,M 30-34/214,M-33,1057,1:40:54, 0.00%
2145,Michelle Mead-Hogan,"Santee, CA",3013,1:40:58,26:06,F 35-39/164,F-39,1088,4:53:56, 0.00%
2146,Tiffany Prelle,"Mission Viejo, CA",311,1:40:58,26:06,F 30-34/219,F-33,1089,2:38:59, 0.00%
2147,Eric Hogan,"Santee, CA",3012,1:41:02,26:07,M 40-44/121,M-42,1058,4:54:01, 0.00%
2148,Angelina Morfin,"Hesperia, CA",392,1:41:15,26:10,F 35-39/165,F-39,1090,2:08:25, 0.00%
2149,Jazmin Barrios,"Fullerton, CA",766,1:41:18,26:11,F 30-34/220,F-31,1091,2:08:25, 0.00%
2150,Colita Peleo,"Chino, CA",703,1:41:19,26:11,F 35-39/166,F-35,1092,3:09:53, 0.00%
2151,Rick Lacava,"Buena Park, CA",978,1:41:22,26:12,M 45-49/74,M-46,1059,2:08:31, 0.00%
2152,Vana Bell,"San Pedro, CA",1516,1:41:23,26:12,F 20-24/163,F-24,1093,3:39:13, 0.00%
2153,Marina Magana,"Victorville, CA",2917,1:41:23,26:12,F 45-49/61,F-46,1094,5:09:55, 0.00%
2154,Timothy Macias,"Victorville, CA",2918,1:41:23,26:12,M 50-54/37,M-51,1060,5:09:55, 0.00%
2155,Kit Inthong,"Lawndale, CA",1880,1:41:24,26:12,M 30-34/215,M-30,1061,2:08:32, 0.00%
2156,Jacki Dool,"Corona, CA",1038,1:41:26,26:13,F 40-44/110,F-41,1095,2:08:55, 0.00%
2157,Marie-Antoinette McPhee,"Riverside, CA",2249,1:41:34,26:15,F 40-44/111,F-42,1096,4:54:48, 0.00%
2158,Giulia Dattilo,"Hemet, CA",2382,1:41:34,26:15,F 14-19/55,F-17,1097,4:54:50, 0.00%
2159,Fernando Gonzalez,"Sun City, CA",835,1:41:35,26:15,M 25-29/235,M-29,1062,2:09:08, 0.00%
2160,Michael P Rosas,"Murrieta, CA",2160,1:41:45,26:18,M 14-19/76,M-19,1063,4:10:22, 0.00%
2161,Carol Rosas,"Murrieta, CA",2159,1:41:46,26:18,F 40-44/112,F-42,1098,4:10:23, 0.00%
2162,Roxanne Lacava,"Buena Park, CA",979,1:41:49,26:19,F 45-49/62,F-46,1099,2:08:58, 0.00%
2163,Kathleen Rosas,"Murrieta, CA",2161,1:41:50,26:19,F 14-19/56,F-14,1100,4:10:26, 0.00%
2164,Josielyne Angeles,"Glendale, CA",718,1:41:50,26:19,F 35-39/167,F-36,1101,3:10:26, 0.00%
2165,Pamela Alcantar,"Moreno Valley, CA",2302,1:41:58,26:21,F 20-24/164,F-23,1102,4:10:30, 0.00%
2166,Nora Alcantar,"Pomona, CA",1997,1:42:01,26:22,F 25-29/286,F-27,1103,4:10:32, 0.00%
2167,Bethany Jara,"Moreno Valley, CA",2303,1:42:03,26:22,F 20-24/165,F-23,1104,4:10:34, 0.00%
2168,Randi Gates,"Moreno Valley, CA",625,1:42:08,26:24,F 30-34/221,F-31,1105,2:40:02, 0.00%
2169,Karen Ramos,"Covina, CA",542,1:42:11,26:25,F 30-34/222,F-34,1106,2:40:05, 0.00%
2170,Warren Gates,"Moreno Valley, CA",626,1:42:12,26:25,M 25-29/236,M-29,1064,2:40:05, 0.00%
2171,Melissa Kim Ramos,"Covina, CA",543,1:42:13,26:25,F 30-34/223,F-31,1107,2:40:06, 0.00%
2172,Christopher Stokes,"Anza, CA",2994,1:42:13,26:25,M 40-44/122,M-44,1065,4:54:58, 0.00%
2173,Andrea Call,"Santa Ana, CA",1917,1:42:16,26:26,F 30-34/224,F-31,1108,3:55:35, 0.00%
2174,Divita Elliott,"Huntington Beach, CA",2651,1:42:18,26:26,F 35-39/168,F-39,1109,4:55:25, 0.00%
2175,April Russell,"Huntington Beach, CA",2781,1:42:19,26:27,F 35-39/169,F-36,1110,4:55:25, 0.00%
2176,Alexis Johnson,"El Cajon, CA",2326,1:42:26,26:28,F 20-24/166,F-23,1111,3:55:44, 0.00%
2177,Kathy Murphy,"Portola Hills, CA",898,1:42:27,26:29,F 35-39/170,F-38,1112,3:25:19, 0.00%
2178,Maria Dang,"Monterey Park, CA",2763,1:42:39,26:32,F 25-29/287,F-29,1113,4:11:21, 0.00%
2179,Bobbi Collins,"Hemet, CA",1650,1:42:41,26:32,F 30-34/225,F-31,1114,3:25:35, 0.00%
2180,Greg Murphy,"Portola Hills, CA",897,1:42:42,26:33,M 35-39/152,M-39,1066,3:25:35, 0.00%
2181,Joleen Frohman,"Murrieta, CA",2462,1:42:42,26:33,F 25-29/288,F-29,1115,4:26:50, 0.00%
2182,Josh Frohman,"Murrieta, CA",2463,1:42:42,26:33,M 35-39/153,M-36,1067,4:26:50, 0.00%
2183,Darlene Danh,"Baldwin Park, CA",2113,1:42:45,26:33,F 20-24/167,F-21,1116,4:11:16, 0.00%
2184,Joe Tee,"Monrovia, CA",1716,1:42:45,26:34,M 35-39/154,M-35,1068,4:11:18, 0.00%
2185,Diana Le,"San Diego, CA",2748,1:42:45,26:34,F 30-34/226,F-30,1117,2:40:36, 0.00%
2186,Jesika Go,"Covina, CA",559,1:42:58,26:37,F 25-29/289,F-26,1118,2:40:52, 0.00%
2187,Isaac Prescott,"Menifee, CA",786,1:42:58,26:37,M 14-19/77,M-14,1069,3:41:01, 0.00%
2188,Phuc Nguyen,"San Diego, CA",2749,1:42:59,26:37,M 30-34/216,M-31,1070,2:40:35, 0.00%
2189,Angela Yee,"Los Angeles, CA",701,1:43:03,26:38,F 25-29/290,F-27,1119,3:42:59, 0.00%
2190,Erik Collins,"Hemet, CA",1649,1:43:03,26:38,M 30-34/217,M-31,1071,3:25:57, 0.00%
2191,Carrie Ko,"Los Angeles, CA",589,1:43:06,26:39,F 30-34/227,F-31,1120,3:43:01, 0.00%
2192,Ana Dayoub,"Lancaster, CA",2727,1:43:07,26:39,F 35-39/171,F-36,1121,4:26:31, 0.00%
2193,Elva Limon,"Bullhead City, AZ",2728,1:43:08,26:39,F 35-39/172,F-36,1122,4:26:37, 0.00%
2194,Matthew Corral,"Corona, CA",2483,1:43:09,26:40,M 20-24/131,M-22,1072,4:41:23, 0.00%
2195,Tanner Dodge,"Lake Elsinore, CA",2473,1:43:10,26:40,M 20-24/132,M-21,1073,4:41:23, 0.00%
2196,Eugene Izumo,"Los Angeles, CA",698,1:43:12,26:40,M 25-29/237,M-29,1074,3:43:08, 0.00%
2197,Jimmy Trac,"Arcadia, CA",2115,1:43:14,26:41,M 25-29/238,M-27,1075,4:11:58, 0.00%
2198,Kyle Fontenot,"Riverside, CA",2634,1:43:17,26:42,M 20-24/133,M-20,1076,4:41:32, 0.00%
2199,Alex Hill,"Victorville, CA",1432,1:43:17,26:42,F 20-24/168,F-24,1123,4:41:32, 0.00%
2200,G Daniel Hernandez,"Corona, CA",2677,1:43:20,26:43,M 20-24/134,M-20,1077,4:41:35, 0.00%
2401,Bertha Leony,"Whittier, CA",3153,4:55:51,1:16:27,F 40-44/130,F-43,1265,4:55:51, 0.00%
2402,Maxwell Georges,"San Diego, CA",2950,5:02:38,1:18:12,M 14-19/86,M-17,1137,5:02:38, 0.00%
2403,Melissa Sullivan,"Fullerton, CA",2043,5:03:13,1:18:21,F 20-24/193,F-22,1266,5:03:13, 0.00%
2404,Joshua Waite,"Corona, CA",2951,5:03:37,1:18:28,M 14-19/87,M-16,1138,5:03:37, 0.00%
2405,Nicole Myers,"Barstow, CA",3146,5:32:31,1:25:56,F 20-24/194,F-23,1267,5:32:31, 0.00%
