Place,Name,Location,Bib,Net Time,Pace,Division/Place,Sex-Age,Sex-Place,Gun Time,Age Grade
1,Stephen Lopez,"Valley Center, CA",1184,16:56,5:27,M 13-17/1,M-17,1,16:57,79.80%
2,Roberto Suarez,"Oceanside, CA",1257,17:06,5:31,M 13-17/2,M-17,2,17:07,79.02%
3,Carlos Flores,"Brawley, CA",405,17:45,5:43,M 13-17/3,M-16,3,17:47,77.26%
4,Chris Tharp,"San Diego, CA",1078,17:49,5:44,M 30-34/1,M-31,4,17:50,72.85%
5,Jeff Ruland,"Ramona, CA",792,17:54,5:46,M NoAge/0,M-0,5,17:56, 0.00%
6,Cameron Ruland,"Ramona, CA",793,17:58,5:47,M 13-17/4,M-17,6,18:01,75.21%
7,Wayne Cottrell,"Pittsburg, CA",1020,18:22,5:55,M 45-49/1,M-48,7,18:24,79.11%
8,Dave Platfoot,"San Diego, CA",910,18:26,5:56,M 35-39/1,M-35,8,18:28,71.58%
9,Kraig Willett,"Fallbrook, CA",397,18:33,5:59,M 35-39/2,M-38,9,18:36,72.57%
10,Trenton Saunders,"San Diego, CA",1167,18:42,6:01,M 13-17/5,M-15,10,18:47,74.49%
11,Mitchell Nodland,"San Diego, CA",289,18:54,6:05,M 18-24/1,M-21,11,18:55,68.58%
12,Heidi Hullinger,"New York, NY",1304,18:55,6:06,F 25-29/1,F-28,1,18:57,78.31%
13,Tyler Ortiz,"Poway, CA",1225,18:55,6:06,M 13-17/6,M-16,12,18:56,72.49%
14,Ron Wells,"Alpine, CA",696,18:56,6:06,M 60-64/1,M-64,13,18:57,87.84%
15,Rory Pendergast,"San Diego, CA",1049,18:56,6:06,M 30-34/2,M-31,14,19:02,68.55%
16,Cody Morales,"Poway, CA",1200,19:02,6:08,M 13-17/7,M-14,15,19:03,74.58%
17,Eric Mackie,"San Diego, CA",490,19:03,6:08,M 25-29/1,M-29,16,19:05,67.86%
18,David Sanford,"San Diego, CA",531,19:08,6:10,M 45-49/2,M-47,17,19:10,75.33%
19,Jason Chimienti,"Upton, MA",1287,19:08,6:10,M 40-44/1,M-44,18,19:11,73.58%
20,Les Shibata,"Poway, CA",11,19:13,6:11,M 55-59/1,M-55,19,19:15,80.03%
21,Ben Wilde,"San Diego, CA",1206,19:26,6:16,M 30-34/3,M-34,20,19:27,67.55%
22,Jonathan Biltucci,"San Diego, CA",813,19:30,6:17,M 18-24/2,M-23,21,19:32,66.21%
23,Luis Orellana,"San Marcos, CA",261,19:32,6:18,M 30-34/4,M-33,22,19:38,66.87%
24,Andrew Reynolds,"Poway, CA",1229,19:33,6:18,M 13-17/8,M-16,23,19:34,70.14%
25,Al Mayer,"Coeur D Alene, ID",1191,19:37,6:19,M 55-59/2,M-55,24,19:39,78.40%
26,Eric Heiser,"San Diego, CA",150,19:38,6:19,M 35-39/3,M-37,25,19:41,68.05%
27,Michael Baker,"San Diego, CA",35,19:39,6:20,M 45-49/3,M-47,26,19:43,73.34%
28,Maria Isabel Perez,"San Diego, CA",552,19:40,6:20,F 25-29/2,F-29,2,19:42,75.32%
29,Kayleen Walsh,"Encinitas, CA",999,19:41,6:20,F 25-29/3,F-27,3,19:47,75.25%
30,John Gutheil,"La Jolla, CA",221,19:41,6:20,M 50-54/1,M-54,27,19:45,77.46%
31,Efren Limbag,"San Diego, CA",789,19:43,6:21,M 35-39/4,M-39,28,19:52,68.78%
32,Colin Keeney,"San Diego, CA",1302,19:44,6:21,M 01-12/1,M-10,29,19:44,80.05%
33,Andy Thacher,"San Diego, CA",406,19:45,6:22,M 45-49/4,M-47,30,19:46,72.97%
34,Melissa Fischer,"Santee, CA",147,19:48,6:23,F 25-29/4,F-27,4,19:52,74.81%
35,Gerry De Ocampo,"San Marcos, CA",179,19:56,6:25,M 40-44/2,M-44,31,19:57,70.63%
36,M Decker,"San Diego, CA",41,19:58,6:26,M 35-39/5,M-36,32,20:00,66.50%
37,Ricardo Abril,"Spring Valley, CA",1205,20:00,6:26,M 45-49/5,M-49,33,20:03,73.23%
38,Ken Tachikawa,"San Diego, CA",667,20:00,6:27,M 35-39/6,M-37,34,20:05,66.81%
39,Jamey Friel,"San Diego, CA",924,20:01,6:27,M 30-34/5,M-33,35,20:15,65.25%
40,Samuel Diaz-Munoz,"San Diego, CA",1072,20:02,6:27,M 25-29/2,M-29,36,20:04,64.53%
41,Suzi Morris,"Solana Beach, CA",786,20:04,6:28,F 50-54/1,F-53,5,20:08,86.87%
42,Al Kirsininkas,"Escondido, CA",1084,20:04,6:28,M 50-54/2,M-51,37,20:06,74.15%
43,Ryan Morgan,"Rancho Santa Fe, CA",503,20:05,6:28,M 18-24/3,M-22,38,20:56,64.29%
44,Birgit Wester,"La Jolla, CA",56,20:07,6:29,F 40-44/1,F-43,6,20:09,77.69%
45,Don Waggett,"Carlsbad, CA",336,20:12,6:30,M 60-64/2,M-61,39,20:17,80.18%
46,Jeff Perham,"San Diego, CA",915,20:13,6:31,M 30-34/6,M-30,40,21:09,64.03%
47,Christopher Hume,"Poway, CA",1220,20:22,6:34,M 13-17/9,M-16,41,20:23,67.32%
48,Nick Morganti,"Carlsbad, CA",204,20:26,6:35,M 50-54/3,M-54,42,20:30,74.61%
49,Bryan Hill,"San Diego, CA",14,20:32,6:37,M 30-34/7,M-34,43,21:19,63.93%
50,Karl Kappenhan,"San Marcos, CA",672,20:35,6:38,M 45-49/6,M-49,44,20:41,71.15%
51,Brandan Ruland,"Ramona, CA",791,20:38,6:39,M 01-12/2,M-10,45,20:41,76.56%
52,Jan Kafka,"San Diego, CA",532,20:39,6:39,M 60-64/3,M-63,46,20:41,79.81%
53,Rodolfo Delatorre,"Chula Vista, CA",539,20:42,6:40,M 25-29/3,M-29,47,21:20,62.45%
54,John Serocki,"Del Mar, CA",1279,20:45,6:41,M 50-54/4,M-54,48,20:48,73.47%
55,Al Torre,"San Diego, CA",1106,20:47,6:42,M 50-54/5,M-51,49,20:52,71.59%
56,Glan Andrews,"San Diego, CA",686,20:48,6:42,M 45-49/7,M-49,50,20:58,70.41%
57,Michael Wester,"San Diego, CA",673,20:53,6:44,M 40-44/3,M-42,51,21:04,66.37%
58,Timothy Collins,"La Jolla, CA",169,20:55,6:44,M 30-34/8,M-32,52,21:51,62.20%
59,Phillip Anderson,"Dublin, OH",1058,20:57,6:45,M 25-29/4,M-26,53,21:19,61.62%
60,Tim Helmbrecht,"San Diego, CA",491,21:00,6:46,M 35-39/7,M-39,54,21:08,64.58%
61,Wes Udwin,"Encinitas, CA",1059,21:05,6:47,M 25-29/5,M-27,55,21:12,61.23%
62,Kellen Delaney,"San Diego, CA",1142,21:06,6:48,M 25-29/6,M-25,56,21:56,61.19%
63,Teri Fitzgibbons,"Carlsbad, CA",1216,21:07,6:48,F 60-64/1,F-61,7,21:11,91.94%
64,Maxwell Wilson,"Carlsbad, CA",1057,21:10,6:49,M 01-12/3,M-8,57,22:12,80.46%
65,Richard Gauntner,"San Diego, CA",51,21:12,6:50,M 70-74/1,M-70,58,21:16,83.24%
66,Joel Chrisco,"San Diego, CA",1006,21:17,6:51,M 25-29/7,M-26,59,21:49,60.66%
67,Johny Infante,"San Diego, CA",1051,21:18,6:52,M 50-54/6,M-51,60,21:24,69.85%
68,Jennifer Pollock,"San Diego, CA",1271,21:20,6:52,F 30-34/1,F-32,8,21:22,69.59%
69,Dennis Lang,"Chula Vista, CA",990,21:22,6:53,M 35-39/8,M-35,61,21:32,61.75%
70,Nancy Wilkins-Diehr,"San Diego, CA",700,21:28,6:55,F 45-49/1,F-48,9,21:28,76.30%
71,Mark Lesch,"Carlsbad, CA",681,21:29,6:55,M 55-59/3,M-55,62,21:37,71.58%
72,Aaron Shapiro,"Poway, CA",1227,21:29,6:55,M 13-17/10,M-17,63,21:31,62.89%
73,Marissa Strawbridge,"Annapolis, MD",469,21:30,6:55,F 25-29/5,F-26,10,21:44,68.89%
74,Terrence Coleman,"San Diego, CA",669,21:30,6:56,M 30-34/9,M-30,64,21:37,60.20%
75,Ted Bremer,"San Diego, CA",618,21:31,6:56,M 45-49/8,M-48,65,21:33,67.52%
76,Samuel Carrick,"San Diego, CA",864,21:32,6:56,M 35-39/9,M-35,66,21:32,61.27%
77,Jessi Dean,"Cardiff, CA",701,21:33,6:56,F 25-29/6,F-29,11,21:45,68.73%
78,Julius Diehr,"San Diego, CA",699,21:34,6:57,M 13-17/11,M-13,67,21:40,67.29%
79,Paul Baumhoefner,"San Diego, CA",400,21:37,6:58,M 55-59/4,M-58,68,21:41,72.99%
80,Alexander Gigglberger,"San Diego, CA",1274,21:39,6:58,M 35-39/10,M-39,69,21:43,62.63%
81,Ryan Gelardi,"San Diego, CA",1247,21:41,6:59,M 30-34/10,M-34,70,22:03,60.54%
82,Julia Jankot,"San Diego, CA",912,21:42,6:59,F 30-34/2,F-31,12,21:53,68.33%
83,Christopher Yturralde,"El Centro, CA",1212,21:46,7:01,M 45-49/9,M-45,71,21:54,65.21%
84,Jim Schraefel,"San Diego, CA",97,21:51,7:02,M 60-64/4,M-62,72,21:55,74.73%
85,John Nonzeta,"San Diego, CA",857,21:55,7:04,M 50-54/7,M-54,73,21:59,69.56%
86,Aidan Ogot,"San Diego, CA",496,21:58,7:05,M 01-12/4,M-12,74,22:25,67.73%
87,Raul Perez,"San Diego, CA",572,21:59,7:05,M 40-44/4,M-44,75,22:01,64.04%
88,Matthew Catanese,"Coronado, CA",1013,22:07,7:07,M 25-29/8,M-29,76,22:16,58.45%
89,Maria Hedlund,", ",1399,22:14,7:10,F 40-44/2,F-41,13,22:22,69.24%
90,Joel Soper,"San Diego, CA",1127,22:15,7:10,M 35-39/11,M-39,77,22:22,60.94%
91,Don Cherf,"San Diego, CA",25,22:19,7:11,M 50-54/8,M-51,78,24:04,66.67%
92,Angela Guerrero,"San Diego, CA",290,22:20,7:12,F 30-34/3,F-33,14,22:50,66.62%
93,Tomas Ryan,"San Diego, CA",162,22:20,7:12,M 40-44/5,M-41,79,22:44,61.61%
94,Daniel Diehr,"San Diego, CA",698,22:25,7:13,M 60-64/5,M-61,80,22:31,72.25%
95,David Milem,"San Diego, CA",260,22:26,7:14,M 35-39/12,M-35,81,22:38,58.81%
96,Tony Serrano,"La Mesa, CA",149,22:29,7:15,M 40-44/6,M-44,82,22:32,62.61%
97,Wendy Miki Glaus,"Honolulu, HI",1233,22:30,7:15,F 45-49/2,F-48,15,22:34,72.79%
98,Peter Jones,"Escondido, CA",1024,22:31,7:15,M 70-74/2,M-70,83,22:36,78.37%
99,Cameron Harper,"San Diego, CA",27,22:32,7:16,M 18-24/4,M-24,84,23:30,57.29%
100,Scott Huffman,"San Diego, CA",1157,22:35,7:16,M 25-29/9,M-29,85,23:37,57.24%
101,Vansavat Keodara,"San Diego, CA",861,22:36,7:17,M 35-39/13,M-36,86,22:44,58.75%
102,Tony Romane,"San Diego, CA",1330,22:42,7:19,M 40-44/7,M-43,87,23:23,61.57%
103,Heather Ablog,"Chula Vista, CA",963,22:42,7:19,F 30-34/4,F-30,16,23:33,65.25%
104,Kate Reese,"San Diego, CA",1085,22:45,7:20,F 18-24/1,F-18,17,23:34,65.84%
105,Richard Morales,"San Diego, CA",1196,22:46,7:20,M 40-44/8,M-42,88,22:53,60.88%
106,Greg Turi,"San Diego, CA",310,22:46,7:20,M 30-34/11,M-34,89,23:11,57.66%
107,Ron Hemphill,"La Jolla, CA",1073,22:46,7:20,M 35-39/14,M-38,90,23:21,59.12%
108,Ben Cerniglia,"Carlsbad, CA",467,22:48,7:21,M 25-29/10,M-29,91,22:52,56.69%
109,Mike Madigan,"San Diego, CA",158,22:49,7:21,M 65-69/1,M-67,92,22:57,74.93%
110,George Zinkosky,"San Diego, CA",1080,22:50,7:21,M 25-29/11,M-29,93,24:00,56.61%
111,Erynne Hill,"San Diego, CA",1325,22:54,7:23,F 30-34/5,F-30,18,23:43,64.68%
112,Nicole Hill,"San Diego, CA",15,22:54,7:23,F 30-34/6,F-34,19,23:43,65.11%
113,Chris Hemphill,"San Diego, CA",521,22:58,7:24,M 35-39/15,M-38,94,23:26,58.61%
114,Jeffrey Southerton,"Del Mar, CA",685,23:00,7:24,M 45-49/10,M-47,95,23:12,62.65%
115,Tim Penning,"Spring Lake, MI",58,23:03,7:25,M 45-49/11,M-46,96,23:09,62.01%
116,Cindy Kikkert-Penning,"Spring Lake, MI",57,23:04,7:26,F 40-44/3,F-44,20,23:09,68.26%
117,David Krisch,"San Diego, CA",516,23:06,7:26,M 30-34/12,M-30,97,23:35,56.03%
118,Jim Freeman,"Santee, CA",224,23:06,7:26,M 45-49/12,M-48,98,23:42,62.89%
119,John Kettnich,"La Jolla, CA",1326,23:08,7:27,M 25-29/12,M-28,99,24:25,55.80%
120,David Oldham,"San Diego, CA",1183,23:11,7:28,M 40-44/9,M-43,100,23:23,60.29%
121,Jason Pence,"San Diego, CA",1126,23:12,7:29,M 35-39/16,M-38,101,23:28,58.02%
122,Chris Karem,"Chula Vista, CA",251,23:18,7:30,M 30-34/13,M-30,102,23:22,55.55%
123,Rodney Marquez,"San Diego, CA",810,23:19,7:31,M 18-24/5,M-22,103,23:44,55.36%
124,Ai Dang,"La Mesa, CA",1148,23:25,7:32,M 18-24/6,M-23,104,25:09,55.13%
125,Bristol Hartlage,"San Diego, CA",265,23:26,7:33,F 25-29/7,F-29,21,23:57,63.20%
126,Jacqui Hoffman,"San Diego, CA",680,23:27,7:33,F 30-34/7,F-31,22,23:37,63.23%
127,James Ball,"San Diego, CA",926,23:31,7:35,M 30-34/14,M-30,105,23:50,55.04%
128,Sheila Carlson,"San Diego, CA",382,23:33,7:35,F 45-49/3,F-46,23,23:36,68.13%
129,Troy Tremain,"San Diego, CA",23,23:33,7:35,M 45-49/13,M-46,106,23:40,60.69%
130,Jonathan Bell,"San Diego, CA",463,23:34,7:36,M 30-34/15,M-30,107,24:27,54.92%
131,Gary Schlierf,"San Diego, CA",60,23:37,7:36,M 65-69/2,M-66,108,23:44,71.75%
132,Jennifer Hart,"San Diego, CA",1173,23:41,7:38,F 30-34/8,F-33,24,24:01,62.82%
133,Bob Levine,"San Diego, CA",559,23:41,7:38,M 55-59/5,M-55,109,23:46,64.88%
134,Connor Torre,"San Diego, CA",1108,23:43,7:38,M 13-17/12,M-17,110,23:46,56.96%
135,Katherine Krochina,"San Diego, CA",1288,23:43,7:38,F 25-29/8,F-26,25,24:22,62.45%
136,Gil Gonzalez,"San Diego, CA",508,23:44,7:39,M 55-59/6,M-57,111,23:46,65.92%
137,Carolyn Levenberg,"San Diego, CA",93,23:45,7:39,F 35-39/1,F-39,26,24:48,64.04%
138,Julie Turner,"Encinitas, CA",1285,23:45,7:39,F 45-49/4,F-45,27,23:58,66.92%
139,Kristin Schulz,"Santee, CA",887,23:46,7:39,F 35-39/2,F-38,28,23:56,63.72%
140,Joe Tran,"San Marcos, CA",732,23:47,7:40,M 40-44/10,M-41,112,24:06,57.85%
141,Collin Regan,"Encinitas, CA",874,23:47,7:40,M 35-39/17,M-35,113,24:06,55.47%
142,Kara Kersjes,"San Diego, CA",348,23:49,7:40,F 30-34/9,F-31,29,23:59,62.25%
143,Chris Hood,"San Diego, CA",476,23:54,7:42,M 25-29/13,M-28,114,24:04,54.01%
144,Glen D Fisher,"San Diego, CA",543,23:55,7:42,M 65-69/3,M-66,115,24:05,70.85%
145,Jeanine Faria,"Bend, OR",140,23:57,7:43,F 55-59/1,F-58,30,24:12,77.72%
146,Michael Garvey,"San Diego, CA",1209,23:57,7:43,M 45-49/14,M-47,116,24:00,60.17%
147,Ryan Boslego,"San Diego, CA",1046,24:00,7:44,M 30-34/16,M-31,117,24:10,54.07%
148,Cooper Sherman,"Fallbrook, CA",239,24:00,7:44,M 01-12/5,M-8,118,24:18,70.95%
149,Steve Kleinstuber,"El Cajon, CA",643,24:03,7:45,M 50-54/9,M-54,119,24:25,63.38%
150,Lynn Wilson,"San Diego, CA",432,24:04,7:45,F 50-54/2,F-54,31,24:13,73.32%
151,Sarah Overton,"San Diego, CA",1294,24:04,7:45,F 30-34/10,F-30,32,24:49,61.54%
152,Alan Chin,"San Diego, CA",1086,24:06,7:46,M 18-24/7,M-22,120,24:16,53.56%
153,David Haycock,"Escondido, CA",207,24:07,7:46,M 30-34/17,M-33,121,24:55,54.15%
154,Jeff Fenster,"San Marcos, CA",137,24:07,7:46,M 25-29/14,M-27,122,24:14,53.53%
155,Kathryn Spencer,"San Diego, CA",365,24:08,7:46,F 40-44/4,F-44,33,24:14,65.24%
156,Rick Last,"San Diego, CA",1008,24:08,7:46,M 45-49/15,M-46,123,24:18,59.23%
157,Paul Shigley,"San Diego, CA",997,24:09,7:47,M 45-49/16,M-49,124,25:41,60.64%
158,Sam Carnibucci,"San Diego, CA",943,24:10,7:47,M 40-44/11,M-43,125,24:41,57.83%
159,Bob Stamp,"Chula Vista, CA",763,24:16,7:49,M 60-64/6,M-61,126,24:22,66.74%
160,Ed Joyce,"San Diego, CA",95,24:18,7:50,M 55-59/7,M-55,127,24:23,63.28%
161,Jeff Coon,"Carlsbad, CA",1238,24:18,7:50,M 50-54/10,M-53,128,24:27,62.25%
162,Steve Shulman,"San Diego, CA",427,24:19,7:50,M 35-39/18,M-38,129,25:12,55.35%
163,Brandy Madrid,"San Diego, CA",1012,24:23,7:51,F 25-29/9,F-27,34,24:43,60.74%
164,Monte Murbach,"San Diego, CA",1210,24:24,7:51,M 50-54/11,M-50,130,24:47,60.49%
165,Takeshi Sumida,"San Diego, CA",850,24:27,7:52,M 30-34/18,M-33,131,25:15,53.41%
166,Richard Rael,"San Ysidro, CA",401,24:30,7:54,M 40-44/12,M-42,132,24:45,56.57%
167,Arthur Salindong,"San Diego, CA",292,24:32,7:54,M 45-49/17,M-49,133,24:42,59.69%
168,Tyler Henschel,"San Diego, CA",46,24:33,7:54,M 13-17/13,M-13,134,26:53,59.10%
169,David Robinson,"San Diego, CA",1054,24:33,7:54,M 18-24/8,M-23,135,25:04,52.58%
170,Matt Wiedlin,"San Diego, CA",78,24:34,7:55,M 50-54/12,M-53,136,25:27,61.58%
171,Kevin Doherty,"San Diego, CA",968,24:36,7:55,M 35-39/19,M-35,137,25:10,53.63%
172,Gregory Harrison,"Cobden, IL",105,24:39,7:56,M 55-59/8,M-56,138,24:42,62.92%
173,Omar Gonsenheim,"Coronado, CA",1278,24:40,7:57,M 50-54/13,M-54,139,26:12,61.80%
174,Suzanne Garoian,"Cobden, IL",106,24:40,7:57,F 45-49/5,F-47,35,24:43,65.72%
175,Nels Dahlgard,"San Diego, CA",442,24:41,7:57,M 30-34/19,M-30,140,25:37,52.43%
176,Andrew Gallaher,"San Diego, CA",1045,24:43,7:58,M 25-29/15,M-28,141,24:49,52.23%
177,Lara Nosworthy,"La Jolla, CA",234,24:45,7:58,F 18-24/2,F-24,36,25:01,59.84%
178,Ryan Bjarnson,"Lakeside, CA",760,24:45,7:58,M 18-24/9,M-18,142,25:40,53.91%
179,Sean Hennessy,"La Mesa, CA",395,24:46,7:59,M 50-54/14,M-52,143,24:52,60.54%
180,Kim Staninger,"San Diego, CA",751,24:47,7:59,F 40-44/5,F-43,37,25:01,63.06%
181,Karla Sanchez,"San Diego, CA",1128,24:47,7:59,F 35-39/3,F-36,38,24:53,60.57%
182,Leslie Mitchell,"Denver, CO",430,24:51,8:00,F 45-49/6,F-49,39,25:02,66.71%
183,Ernestina P Martin,"Chula Vista, CA",37,24:52,8:01,F 55-59/2,F-56,40,24:57,72.84%
184,Joe Sherman,"Fallbrook, CA",238,24:55,8:02,M 40-44/13,M-40,144,25:14,54.82%
185,Ashley Hermsmeier,"San Diego, CA",277,24:57,8:02,F 25-29/10,F-29,41,24:57,59.36%
186,Susan Armstrong,"Encinitas, CA",126,24:57,8:02,F 50-54/3,F-51,42,25:04,68.05%
187,Richard Williams,"Imperial Beach, CA",71,24:58,8:02,M 70-74/3,M-74,145,25:03,74.68%
188,Timothy Scheidler,"Pace, CA",1324,24:58,8:02,M 25-29/16,M-28,146,26:36,51.70%
189,Lynda Shuker,"San Diego, CA",854,24:59,8:03,F 25-29/11,F-25,43,26:35,59.28%
190,Liza Anderson,"San Diego, CA",638,25:00,8:03,F 30-34/11,F-33,44,26:14,59.51%
191,Taryn Josselyn,"San Diego, CA",1203,25:01,8:03,F 30-34/12,F-31,45,25:08,59.27%
192,Deanna Gustine,"Valley Center, CA",1188,25:01,8:03,F 35-39/4,F-37,46,25:08,60.20%
193,Jose Flores,"Brawley, CA",403,25:01,8:03,M 40-44/14,M-42,147,25:26,55.40%
194,Caryl Weir,"San Diego, CA",815,25:01,8:04,F 45-49/7,F-47,47,26:16,64.76%
195,Dustin Hein,"San Marcos, CA",1050,25:03,8:04,M 25-29/17,M-28,148,25:28,51.53%
196,Elva Arredondo,"San Diego, CA",466,25:05,8:05,F 35-39/5,F-39,48,26:11,60.64%
197,Lilian Rodriguez,"San Diego, CA",226,25:05,8:05,F 25-29/12,F-25,49,25:54,59.04%
198,Heidi Schlageter,"San Diego, CA",335,25:07,8:05,F 45-49/8,F-47,50,25:07,64.54%
199,Andrea Davies,"San Diego, CA",1098,25:07,8:05,F 35-39/6,F-38,51,25:39,60.29%
200,Robert Wolf,"Oceanside, CA",1239,25:09,8:06,M 60-64/7,M-61,149,25:14,64.39%
201,Frank Cavanagh,"San Diego, CA",621,25:09,8:06,M 55-59/9,M-57,150,25:20,62.20%
202,Levi Moses,"San Diego, CA",827,25:11,8:07,M 40-44/15,M-43,151,26:39,55.50%
203,Michelle Muniz,"San Diego, CA",1026,25:14,8:08,F 30-34/13,F-30,52,25:25,58.69%
204,Henry Cheng,"San Diego, CA",676,25:14,8:08,M 45-49/18,M-46,152,25:24,56.64%
205,Julio Morin,"La Jolla, CA",1305,25:15,8:08,M 35-39/20,M-35,153,26:49,52.25%
206,Lynn Young,"San Diego, CA",79,25:16,8:08,F 40-44/6,F-44,53,25:20,62.31%
207,Dick Konopasek,"Poway, CA",604,25:17,8:09,M 65-69/4,M-68,154,26:26,68.27%
208,Angela De Alva,"Chula Vista, CA",252,25:17,8:09,F 35-39/7,F-39,54,25:21,60.16%
209,Barry Rubin,"Long Beach, CA",337,25:17,8:09,M 50-54/15,M-52,155,25:23,59.30%
210,Debra Rosario,"San Diego, CA",1129,25:17,8:09,F 30-34/14,F-33,55,26:54,58.84%
211,Robert Scott,"San Diego, CA",839,25:18,8:09,M 35-39/21,M-39,156,25:41,53.59%
212,Zachary Cookson,"San Diego, CA",1132,25:18,8:09,M 30-34/20,M-33,157,26:54,51.62%
213,Greg Giacopuzsi,"Cedar Glen, CA",565,25:20,8:10,M 18-24/10,M-22,158,26:37,50.95%
214,Kevin Prejean,"San Diego, CA",470,25:20,8:10,M 45-49/19,M-45,159,25:24,56.02%
215,Donnalee Hicks,"San Diego, CA",424,25:21,8:10,F 60-64/2,F-60,56,25:29,75.53%
216,Michael Romines,"San Diego, CA",228,25:21,8:10,M 25-29/18,M-28,160,26:37,50.92%
217,Jessica Ryan,"San Diego, CA",161,25:21,8:10,F 35-39/8,F-38,57,25:45,59.74%
218,Chad Gustine,"Valley Center, CA",1189,25:22,8:10,M 40-44/16,M-40,161,25:55,53.85%
219,Francesca McGuffie,"San Diego, CA",285,25:26,8:12,F 25-29/13,F-28,58,26:05,58.23%
220,Bob Rice,"Long Beach, CA",73,25:26,8:12,M 75-79/1,M-75,162,25:34,74.56%
221,Leslie Morsek,"San Diego, CA",758,25:27,8:12,F 30-34/15,F-34,59,26:34,58.58%
222,Marco Baca,"San Diego, CA",925,25:27,8:12,M 40-44/17,M-40,163,26:01,53.67%
223,Robert Pettman,"San Diego, CA",1043,25:28,8:12,M 30-34/21,M-31,164,25:40,50.95%
224,Colin Craver,"San Diego, CA",1052,25:28,8:12,M 30-34/22,M-31,165,26:42,50.95%
225,Aj Steger,"San Diego, CA",320,25:29,8:12,M 45-49/20,M-48,166,26:40,57.00%
226,Steven Phelps,"La Mesa, CA",1273,25:31,8:13,M 35-39/22,M-35,167,26:32,51.70%
227,Nicholas Miller,"San Diego, CA",128,25:33,8:14,M 30-34/23,M-30,168,25:45,50.62%
228,Landen Saunders,"San Diego, CA",1169,25:34,8:14,M 01-12/6,M-9,169,25:50,63.99%
229,Yun Yung,"Long Beach, CA",211,25:34,8:14,M 30-34/24,M-33,170,26:33,51.08%
230,Ronaldo Ortiguerra,"San Diego, CA",246,25:34,8:14,M 25-29/19,M-26,171,25:46,50.49%
231,Ryan Quigley,"San Diego, CA",286,25:35,8:15,M 30-34/25,M-31,172,26:15,50.68%
232,Stuart Warren,"San Diego, CA",768,25:38,8:15,M 35-39/23,M-36,173,27:02,51.79%
233,Andrew Arnold,"Vista, CA",1062,25:39,8:16,M 35-39/24,M-36,174,27:06,51.76%
234,Doreen Karp,"San Diego, CA",232,25:41,8:16,F 60-64/3,F-62,60,25:57,76.69%
235,Christine Aurigemma,"Carlsbad, CA",692,25:41,8:16,F 45-49/9,F-45,61,25:58,61.88%
236,Sebastian Matheis,"San Diego, CA",937,25:45,8:18,M 18-24/11,M-24,175,27:27,50.13%
237,James Grant,"San Diego, CA",907,25:47,8:18,M 25-29/20,M-25,176,26:44,50.06%
238,Diane Murbach,"San Diego, CA",1213,25:47,8:18,F 50-54/4,F-51,62,26:10,65.85%
239,Debra Jackson,"Escondido, CA",644,25:48,8:19,F 40-44/7,F-44,63,26:16,61.02%
240,James Magill,"San Diego, CA",547,25:49,8:19,M 45-49/21,M-49,177,26:00,56.72%
241,Paul Martinez,"Coronado, CA",1280,25:50,8:19,M 40-44/18,M-42,178,27:23,53.65%
242,Ron Burke,"Valley Center, CA",1186,25:50,8:19,M 45-49/22,M-49,179,26:27,56.65%
243,Christina Bremer,"San Diego, CA",812,25:51,8:19,F 35-39/9,F-35,64,26:00,57.87%
244,Pete Lepore,"San Diego, CA",428,25:51,8:19,M 45-49/23,M-45,180,26:00,54.90%
245,Kellen Sandvik,"Encinitas, CA",736,25:53,8:20,M 01-12/7,M-12,181,26:34,57.47%
246,Gary Sandvik,"Encinitas, CA",737,25:53,8:20,M 45-49/24,M-49,182,26:35,56.57%
247,Salina Plutchok,"San Diego, CA",1141,25:54,8:21,F 25-29/14,F-29,65,26:21,57.18%
248,Angela Hansen,"San Diego, CA",1299,25:55,8:21,F 30-34/16,F-33,66,26:21,57.40%
249,Samorn Baker,"San Diego, CA",36,25:55,8:21,M 01-12/8,M-10,183,26:00,60.94%
250,Kirsten Uryu,"San Diego, CA",259,25:56,8:21,F 30-34/17,F-32,67,26:08,57.23%
251,Gerald Horna Jr,"San Diego, CA",34,25:57,8:22,M 45-49/25,M-46,184,26:24,55.08%
252,Ruth Chappell,"San Diego, CA",976,26:01,8:23,F 25-29/15,F-25,68,26:14,56.92%
253,Jose Muniz,"San Diego, CA",1027,26:02,8:23,M 25-29/21,M-27,185,26:13,49.58%
254,Magill Kelley,"San Diego, CA",548,26:02,8:23,F 45-49/10,F-47,69,26:13,62.27%
255,Stephanie Hendershot,"San Diego, CA",972,26:02,8:23,F 25-29/16,F-27,70,26:31,56.89%
256,Morgan Rosinia,"San Diego, CA",353,26:03,8:24,F 25-29/17,F-26,71,26:36,56.85%
257,Shannon Elias,"San Diego, CA",1150,26:09,8:25,M 30-34/26,M-34,186,26:40,50.19%
258,James Harvey,"Santee, CA",652,26:10,8:26,M 50-54/16,M-53,187,27:09,57.81%
259,Ashley Peters,"San Diego, CA",1053,26:13,8:27,F 25-29/18,F-28,72,27:27,56.49%
260,Nancy Espinoza,"San Diego, CA",527,26:13,8:27,F 30-34/18,F-31,73,29:25,56.55%
261,Nina Caballero,"San Diego, CA",396,26:14,8:27,F 30-34/19,F-30,74,26:23,56.45%
262,Omar Pintos,"El Cajon, CA",776,26:14,8:27,M 35-39/25,M-36,188,27:10,50.60%
263,Sue Hodges,"San Diego, CA",740,26:14,8:27,F 60-64/4,F-60,75,26:22,72.98%
264,Joyce Lilya,"San Diego, CA",1064,26:16,8:27,F 50-54/5,F-50,76,26:19,63.87%
265,Dave Baum,"San Diego, CA",113,26:17,8:28,M 55-59/10,M-56,189,27:00,59.01%
266,Christopher Semilla,"San Diego, CA",448,26:20,8:29,M 30-34/27,M-30,190,27:00,49.15%
267,Carol Pierotti,"San Diego, CA",1327,26:21,8:29,F 35-39/10,F-38,77,27:02,57.47%
268,Daryl Whitaker,"San Clemente, CA",711,26:21,8:29,F 55-59/3,F-56,78,27:23,68.73%
269,Travis Henschel,"El Cajon, CA",47,26:21,8:29,M 30-34/28,M-34,191,28:42,49.81%
270,Leeann Howe,"Encinitas, CA",753,26:21,8:29,F 45-49/11,F-49,79,26:42,62.91%
271,Nicole McMurray,"San Diego, CA",1262,26:22,8:29,F 30-34/20,F-34,80,26:37,56.55%
272,Benjamin Thomas,"San Diego, CA",1291,26:23,8:30,M 25-29/22,M-29,192,27:02,48.99%
273,Michael Harris,"La Mesa, CA",445,26:23,8:30,M 45-49/26,M-48,193,26:44,55.06%
274,Tishmari Lewis,"Escondido, CA",627,26:24,8:30,F 35-39/11,F-35,81,26:46,56.66%
275,Rich Merritt,"National City, CA",750,26:25,8:31,M 45-49/27,M-49,194,26:39,55.43%
276,Mark Garcia,"Chula Vista, CA",605,26:25,8:31,M 13-17/14,M-15,195,27:52,52.71%
277,Yasuko Downey,"San Diego, CA",794,26:26,8:31,F 45-49/12,F-45,82,26:39,60.13%
278,Rob Insinger,"La Jolla, CA",431,26:26,8:31,M 55-59/11,M-56,196,26:37,58.68%
279,Michelle Lee,"San Diego, CA",687,26:31,8:32,F 25-29/19,F-29,83,26:50,55.85%
280,Mary Ball,"San Diego, CA",931,26:32,8:33,F 30-34/21,F-30,84,27:52,55.81%
281,Max Robson,"San Diego, CA",1088,26:36,8:34,M 01-12/9,M-10,197,27:17,59.37%
282,Ronald Lewis II,"San Diego, CA",675,26:37,8:34,M 40-44/19,M-42,198,26:53,52.07%
283,Martha Ornelas,"San Diego, CA",682,26:37,8:34,F 40-44/8,F-42,85,26:52,58.27%
284,Brandee Smith,"San Diego, CA",562,26:39,8:35,F 25-29/20,F-29,86,27:43,55.57%
285,Katherine Janewtzky,"Escondio, CA",799,26:40,8:35,F 40-44/9,F-43,87,27:10,58.60%
286,Anne Garrett,"Oceanside, CA",85,26:42,8:36,F 75-79/1,F-76,88,26:58,92.50%
287,Javier Saunders,"San Diego, CA",1166,26:43,8:36,M 50-54/17,M-52,199,26:58,56.12%
288,Michael Tam,"San Diego, CA",1060,26:43,8:36,M 25-29/23,M-28,200,26:43,48.31%
289,Jack Robson,"San Diego, CA",1089,26:43,8:36,M 55-59/12,M-55,201,27:22,57.55%
290,Melissa Blando,"San Diego, CA",809,26:43,8:36,F 18-24/3,F-22,89,27:07,55.43%
291,Sandy Virissimo,"San Diego, CA",577,26:44,8:36,F 40-44/10,F-44,90,27:43,58.89%
292,Heather Galloway,"San Diego, CA",135,26:45,8:37,F 40-44/11,F-40,91,27:32,57.23%
293,Michael Meeker,"San Diego, CA",733,26:45,8:37,M 35-39/26,M-38,202,37:31,50.31%
294,Joshua Deal,"San Diego, CA",1153,26:45,8:37,M 13-17/15,M-17,203,27:40,50.50%
295,Frank Saragosa,"San Diego, CA",734,26:45,8:37,M 40-44/20,M-44,204,37:31,52.62%
296,Julia Homan,"Escondido, CA",1316,26:46,8:37,F 45-49/13,F-47,92,27:10,60.56%
297,Katie Zumwalt,"Coronado, CA",1159,26:49,8:38,F 25-29/21,F-26,93,28:31,55.22%
298,Merilyn McGirr,"La Jolla, CA",749,26:51,8:39,F 60-64/5,F-61,94,26:58,72.30%
299,Stephen Hinckley,"Carlsbad, CA",357,26:52,8:39,M 25-29/24,M-28,205,28:45,48.04%
300,Michiko Kitagawa,"San Diego, CA",780,26:53,8:40,F 40-44/12,F-40,95,27:16,56.91%
501,Christina Ellis,"San Diego, CA",624,30:06,9:42,F 25-29/42,F-28,221,31:00,49.20%
502,Kristen Knightly,"San Diego, CA",116,30:07,9:42,F 25-29/43,F-25,222,31:47,49.17%
503,Jennifer Carmona,"San Diego, CA",546,30:08,9:42,F 40-44/35,F-41,223,30:40,51.08%
504,Josiah Rodriguez,"San Diego, CA",729,30:08,9:42,M 01-12/16,M-11,281,30:30,50.80%
505,Jeffrey Pinto,"San Diego, CA",1028,30:10,9:43,M 40-44/27,M-41,282,30:53,45.61%
506,Michael Morton,"San Diego, CA",220,30:10,9:43,M 50-54/26,M-52,283,30:27,49.70%
507,Cindi Phallen,"San Diego, CA",1297,30:10,9:43,F 50-54/15,F-50,224,31:26,55.61%
508,Patty Maldonado,"Spring Valley, CA",656,30:10,9:43,F 30-34/43,F-31,225,31:31,49.14%
509,Scott Hendrickson,"Bellingham, WA",108,30:10,9:43,M 55-59/16,M-56,284,31:09,51.41%
510,Jennifer Ryan,"Bellingham, WA",109,30:13,9:44,F 45-49/29,F-48,226,31:10,54.19%
511,Herb Stern,"San Diego, CA",380,30:14,9:44,M 70-74/5,M-73,285,30:41,60.73%
512,Ben Smith,", ",1180,30:14,9:44,M 01-12/17,M-11,286,30:59,50.63%
513,Jennifer Smith,", ",1179,30:16,9:45,F 40-44/36,F-41,227,31:05,50.85%
514,Craig Durham,"Escondido, CA",460,30:16,9:45,M 40-44/28,M-43,287,31:18,46.17%
515,Jennifer Comeau,"San Diego, CA",1234,30:20,9:46,F 25-29/44,F-27,228,31:17,48.82%
516,Merissa Roush,"San Diego, CA",1039,30:20,9:46,F 18-24/15,F-22,229,32:01,48.82%
517,Roxanne Morganti,"Carlsbad, CA",205,30:20,9:46,F 50-54/16,F-50,230,30:38,55.31%
518,Regimald Claiborne,"San Diego, CA",48,30:22,9:47,M 30-34/42,M-32,288,30:30,42.83%
519,Amy Allen,"San Diego, CA",39,30:24,9:47,F 65-69/1,F-65,231,30:39,67.75%
520,Hilary Dufour,"San Diego, CA",352,30:27,9:48,F 18-24/16,F-21,232,30:55,48.63%
521,Evelyn Valdez,"Chula Vista, CA",883,30:27,9:48,F 35-39/26,F-37,233,30:27,49.45%
522,Lindsey Nally,"San Diego, CA",314,30:28,9:49,F 25-29/45,F-26,234,31:40,48.60%
523,Christie Dowd,"San Diego, CA",313,30:28,9:49,F 25-29/46,F-25,235,31:40,48.60%
524,Heather Ablog,"Chula Vista, CA",914,30:29,9:49,F 30-34/44,F-30,236,31:19,48.58%
525,Meredith Good,"San Diego, CA",465,30:29,9:49,F 25-29/47,F-29,237,31:40,48.58%
526,Moises Gamboa,"San Diego, CA",651,30:29,9:49,M 45-49/35,M-49,289,37:26,48.03%
527,Kevin Bollman,"La Mesa, CA",891,30:30,9:49,M 30-34/43,M-31,290,31:12,42.54%
528,Leonard Burgess,"San Diego, CA",726,30:33,9:50,M 45-49/36,M-48,291,31:53,47.54%
529,Amy Kelley,"San Diego, CA",361,30:34,9:51,F 35-39/27,F-35,238,31:03,48.94%
530,Kevin Kozak,"San Diego, CA",922,30:34,9:51,M 40-44/29,M-42,292,31:07,45.34%
531,Ashley Nodalo,", ",1177,30:35,9:51,F 18-24/17,F-24,239,30:55,48.42%
532,Malia Kozak,"San Diego, CA",923,30:35,9:51,F 01-12/6,F-10,240,31:07,55.83%
533,Joy Gorback,"San Diego, CA",538,30:35,9:51,F 50-54/17,F-53,241,31:47,56.98%
534,Alan Deicas,"San Diego, CA",865,30:37,9:52,M 30-34/44,M-33,293,32:14,42.65%
535,Stephanie Eppig,"San Diego, CA",991,30:37,9:52,F 25-29/48,F-26,242,32:14,48.37%
536,Libby Rogers16770,"San Diego, CA",1301,30:39,9:52,M 45-49/37,M-49,294,31:56,47.77%
537,Trevor Swank,"San Diego, CA",471,30:41,9:53,M 30-34/45,M-34,295,31:41,42.77%
538,Michelle Feiock,"Lakeside, CA",802,30:41,9:53,F 35-39/28,F-37,243,31:33,49.08%
539,Julie Shryock,"San Diego, CA",707,30:43,9:54,F 50-54/18,F-52,244,32:16,55.97%
540,Margaret Jones,"Escondido, CA",1023,30:45,9:54,F 60-64/7,F-63,245,31:13,64.97%
541,Stephanie Correll,"Beverly Hills, CA",1286,30:47,9:55,F 13-17/6,F-14,246,31:34,51.08%
542,Kevin Sharp,"San Diego, CA",811,30:47,9:55,M 30-34/46,M-33,296,32:12,42.42%
543,Robin Torre,"San Diego, CA",1104,30:48,9:55,F 45-49/30,F-48,247,30:54,53.17%
544,Rick Bostock,"Alpine, CA",1010,30:49,9:56,M 45-49/38,M-46,297,31:28,46.37%
545,Allison Schmitt,"San Diego, CA",88,30:50,9:56,F 18-24/18,F-24,248,31:52,48.03%
546,Mandy Mills,"San Diego, CA",100,30:53,9:57,F 40-44/37,F-40,249,32:08,49.57%
547,Lauren Dimmitt,"San Diego, CA",1309,30:53,9:57,F 25-29/49,F-27,250,31:50,47.95%
548,Shannon Leblanc,"Coronado, CA",1161,30:54,9:57,F 25-29/50,F-26,251,32:36,47.92%
549,Joseph Foley,"San Diego, CA",1194,30:54,9:57,M 50-54/27,M-51,298,32:38,48.14%
550,Holly Carlson Mitchiner,"San Diego, CA",383,30:56,9:58,F 01-12/7,F-8,252,32:00,58.60%
551,Mark Mitchiner,"San Diego, CA",381,30:56,9:58,M 40-44/30,M-44,299,32:01,45.50%
552,Mitchel Karp,"San Diego, CA",233,30:58,9:58,M 70-74/6,M-74,300,31:15,60.20%
553,Stephen Espiritu,"Chula Vista, CA",831,30:59,9:59,M 35-39/38,M-37,301,32:49,43.11%
554,Waldo Jimenez,"San Diego, CA",138,31:00,9:59,M 40-44/31,M-41,302,32:49,44.38%
555,Bryanna Lamberjack,"San Diego, CA",1308,31:02,10:00,F 25-29/51,F-28,253,31:59,47.72%
556,Suzanne Arena,"San Diego, CA",376,31:04,10:00,F 25-29/52,F-29,254,31:24,47.67%
557,Deidre Romines,"San Diego, CA",229,31:05,10:01,F 30-34/45,F-31,255,32:16,47.69%
558,Shaun Edwards,"San Diego, CA",553,31:05,10:01,M 18-24/14,M-23,303,31:05,41.52%
559,Anna Grant,"San Diego, CA",908,31:05,10:01,F 25-29/53,F-27,256,32:04,47.64%
560,Yaeko Masuchi,"Oceanside, CA",645,31:06,10:01,F 55-59/6,F-55,257,31:21,57.48%
561,Rachel Wilkerson,"San Diego, CA",549,31:06,10:01,F 25-29/54,F-28,258,31:06,47.61%
562,Chiharu Goga-Kanervisto,"San Diego, CA",779,31:06,10:01,F 45-49/31,F-45,259,31:30,51.10%
563,Betsy Polacheck,"San Diego, CA",200,31:11,10:03,F 35-39/29,F-39,260,32:09,48.77%
564,Kathleen Allenbach,"Encinitas, CA",757,31:13,10:03,F 55-59/7,F-57,261,31:25,58.81%
565,Carrie Sandelin,"Newport Beach, CA",1134,31:14,10:03,F 30-34/46,F-32,262,33:01,47.52%
566,Angela Correll,"Spring Valley, CA",420,31:16,10:04,F 40-44/38,F-42,263,32:03,49.60%
567,Vanessa Bowman,", ",1175,31:19,10:05,F 40-44/39,f-40,264,32:08,48.88%
568,Larry Yazzie,"Escondido, CA",240,31:19,10:05,M 60-64/10,M-60,304,32:09,51.22%
569,Natalie Mitch,"San Diego, CA",504,31:19,10:05,F 18-24/19,F-24,265,31:43,47.28%
570,Bonita Paysour,"La Jolla, CA",145,31:20,10:05,F 35-39/30,F-39,266,33:07,48.54%
571,Pinkie Rice,"Long Beach, CA",70,31:21,10:06,F 70-74/1,F-74,267,31:35,76.01%
572,Fred Ansfield,"San Diego, CA",888,31:22,10:06,M 40-44/32,M-41,305,31:22,43.86%
573,Jenna Hozeska,"San Diego, CA",433,31:24,10:07,F 18-24/20,F-24,268,32:10,47.16%
574,Michelle Harris,"San Diego, CA",196,31:25,10:07,F 35-39/31,F-35,269,32:10,47.61%
575,Luis Fernandez,"San Diego, CA",920,31:27,10:08,M 45-49/39,M-46,306,31:36,45.44%
576,Eric Sy,"San Diego, CA",392,31:27,10:08,M 01-12/18,M-9,307,31:49,52.01%
577,Joel Ivan Hernandez,"San Diego, CA",616,31:29,10:08,M 13-17/18,M-17,308,31:31,42.90%
578,Ismael Hernandez,"San Diego, CA",617,31:30,10:09,M 13-17/19,M-17,309,31:32,42.88%
579,Chris Kelly,"San Diego, CA",464,31:31,10:09,M 35-39/39,M-38,310,32:51,42.70%
580,Nicholas Iacuaniello,"Hermosa Beach, CA",975,31:33,10:10,M 25-29/34,M-25,311,33:12,40.91%
581,Jennifer Fernandez,"San Diego, CA",917,31:33,10:10,F 25-29/55,F-25,270,33:12,46.93%
582,Rachel Kim,"Carlsbad, CA",1146,31:34,10:10,F 18-24/21,F-21,271,33:09,46.91%
583,Michael Thornton,"San Diego, CA",1032,31:34,10:10,M 55-59/17,M-59,312,31:59,50.40%
584,Arlene Hady,"San Diego, CA",87,31:37,10:11,F 25-29/56,F-25,272,32:39,46.84%
585,Lisa Langlais,"Oceanside, CA",86,31:37,10:11,F 25-29/57,F-26,273,32:39,46.84%
586,Emily Cornell,"Encinitas, CA",356,31:39,10:12,F 25-29/58,F-28,274,33:31,46.79%
587,Jody Stell,"San Diego, CA",33,31:41,10:12,F 35-39/32,F-35,275,32:11,47.21%
588,Sandra Reed,"Warner Springs, CA",168,31:42,10:13,F 65-69/2,F-68,276,32:21,68.02%
589,Heidi Trent,"San Diego, CA",386,31:43,10:13,F 25-29/59,F-26,277,32:09,46.69%
590,Jeanne Fleming,"San Diego, CA",493,31:43,10:13,F 45-49/32,F-45,278,32:42,50.11%
591,Jennifer Oh,"San Diego, CA",342,31:47,10:14,F 40-44/40,F-42,279,31:47,48.79%
592,Kim Eudy,"San Diego, CA",816,31:50,10:15,F 30-34/47,F-32,280,32:38,46.62%
593,Nick Miller,"Chula Vista, CA",98,31:51,10:15,M 60-64/11,M-63,313,32:22,51.73%
594,Erin Tozier,"San Diego, CA",817,31:51,10:16,F 30-34/48,F-30,281,32:38,46.49%
595,John Richardson,"Murrieta, CA",1259,31:51,10:16,M 55-59/18,M-55,314,32:24,48.27%
596,Carmena Altamirano,"San Diego, CA",939,31:52,10:16,F 45-49/33,F-46,282,33:30,50.34%
597,John Schierer,"Escondido, CA",146,31:52,10:16,M 50-54/28,M-52,315,32:56,47.04%
598,Terri Yurek,"San Diego, CA",1041,31:54,10:16,F 40-44/41,F-43,283,32:07,48.98%
599,Arlene Pascual,"Escondido, CA",1223,31:54,10:16,F 35-39/33,F-39,284,32:41,47.67%
600,Jenny Bateman,"San Diego, CA",764,31:55,10:17,F 30-34/49,F-33,285,32:41,46.60%
601,Kristi Stockton,"San Diego, CA",423,31:55,10:17,F 45-49/34,F-45,286,33:15,49.79%
602,Jason Teno,"La Mesa, CA",1380,31:55,10:17,M 35-39/40,M-36,316,33:14,41.59%
603,Jonny Braun,"San Diego, CA",1133,31:56,10:17,M 60-64/12,M-61,317,32:48,50.70%
604,Maryrose Griffith,"San Diego, CA",332,31:58,10:18,F 40-44/42,F-40,287,32:25,47.89%
605,Christine Casagrand,"San Diego, CA",798,31:59,10:18,F 50-54/19,F-51,288,32:40,53.08%
606,Jenn Bissonnette,"San Diego, CA",893,32:01,10:19,F 30-34/50,F-31,289,32:49,46.30%
607,Melissa Moore,"San Diego, CA",869,32:02,10:19,F 30-34/51,F-31,290,32:49,46.28%
608,Vila Douangpanya,"La Mesa, CA",560,32:02,10:19,M 35-39/41,M-37,318,32:58,41.70%
609,Sarah Ligman,"San Diego, CA",1139,32:03,10:19,F 30-34/52,F-30,291,32:20,46.20%
610,Robyn Ramsey,"San Diego, CA",1138,32:03,10:19,F 30-34/53,F-33,292,32:21,46.41%
611,Ginny Mugg,"San Marcos, CA",411,32:03,10:19,F 60-64/8,F-63,293,32:31,62.33%
612,Linda Anderson,"San Diego, CA",1114,32:05,10:20,F 55-59/8,F-58,294,34:10,58.00%
613,Chihiro Zavala,"San Diego, CA",853,32:06,10:20,F 18-24/22,F-24,295,32:54,46.13%
614,Timm Sachariason,"La Mesa, CA",715,32:06,10:20,M 45-49/40,M-45,319,32:58,44.21%
615,Yadira Ramirez,"San Diego, CA",890,32:09,10:21,F 25-29/60,F-29,296,33:13,46.06%
616,Charlene Bacon,"San Diego, CA",94,32:09,10:21,F 40-44/43,F-42,297,33:47,48.24%
617,Varessa Lebsack,", ",1193,32:09,10:21,F 30-34/54,F-33,298,33:53,46.27%
618,Gabriela Javier,"San Diego, CA",1204,32:10,10:22,F 50-54/20,F-52,299,33:08,53.45%
619,Cheri Husted,"San Diego, CA",820,32:11,10:22,F 50-54/21,F-54,300,32:31,54.82%
620,Joanne Arena,"San Diego, CA",375,32:13,10:23,F 35-39/34,F-35,301,32:34,46.43%
621,Christopher Semilla,"San Diego, CA",512,32:14,10:23,M 30-34/47,M-30,320,32:54,40.14%
622,Susanne Schaible,"San Diego, CA",1214,32:14,10:23,F 35-39/35,F-36,302,32:27,46.56%
623,Melissa Stjames,"La Jolla, CA",122,32:15,10:23,F 45-49/35,F-46,303,33:02,49.74%
624,Lisa Chapman,"San Diego, CA",693,32:15,10:23,F 30-34/55,F-34,304,33:08,46.23%
625,Stephanie Eisenhower,"San Diego, CA",119,32:15,10:23,F 35-39/36,F-39,305,33:02,47.16%
626,Marnon Tintiangco,"San Diego, CA",328,32:21,10:25,F 45-49/36,F-46,306,33:47,49.59%
627,Alex Landon,"San Diego, CA",1083,32:23,10:26,F 18-24/23,F-18,307,33:13,46.24%
628,Carol Stamp,"Chula Vista, CA",762,32:24,10:26,F 60-64/9,F-60,308,32:24,59.08%
629,Christine Yusi,"San Diego, CA",410,32:25,10:26,F 30-34/56,F-31,309,33:25,45.73%
630,Robert Koons,"San Diego, CA",871,32:25,10:26,M 60-64/13,M-64,321,33:28,51.29%
631,Kristin Wyman,"San Diego, CA",803,32:27,10:27,F 40-44/44,F-42,310,33:27,47.79%
632,Joyce Kim,"Carlsbad, CA",1147,32:27,10:27,F 13-17/7,F-17,311,34:03,46.61%
633,Kathlene Stakely,"San Diego, CA",855,32:28,10:27,F 25-29/61,F-27,312,33:57,45.61%
634,Thuba Nguyen,"San Diego, CA",971,32:29,10:28,F 25-29/62,F-27,313,33:03,45.59%
635,Shuyan Lu,"San Diego, CA",679,32:29,10:28,F 35-39/37,F-39,314,32:44,46.82%
636,Tevy Tith,"Long Beach, CA",366,32:30,10:28,F 30-34/57,F-30,315,33:29,45.56%
637,Michelle McGraw,"San Diego, CA",1038,32:33,10:29,F 35-39/38,F-37,316,34:14,46.26%
638,David McGraw,"San Diego, CA",946,32:33,10:29,M 35-39/42,M-38,322,34:14,41.34%
639,Fleurette Medie,"San Diego, CA",1137,32:33,10:29,F 40-44/45,F-40,317,34:24,47.03%
640,Cassie Gonzales,"San Diego, CA",790,32:34,10:29,F 30-34/58,F-30,318,33:24,45.47%
641,Taylor Hoang,"San Diego, CA",1124,32:34,10:29,F 30-34/59,F-33,319,33:26,45.67%
642,James Van Houten,"San Diego, CA",535,32:34,10:29,M 60-64/14,M-62,323,33:35,50.13%
643,Rose-Marie Chagoya,"San Diego, CA",65,32:35,10:29,F 30-34/60,F-32,320,33:10,45.55%
644,Fritz McNair,"San Diego, CA",1136,32:35,10:29,M 40-44/33,M-41,324,34:26,42.22%
645,Anne Howard,"San Diego, CA",1293,32:35,10:30,F 30-34/61,F-33,321,34:38,45.65%
646,Lester Cole,"San Diego, CA",171,32:36,10:30,M 40-44/34,M-40,325,33:11,41.89%
647,Emily Jacobs,"San Diego, CA",42,32:38,10:31,F 60-64/10,F-61,322,34:15,59.48%
648,Stephen Acuna,"San Marcos, CA",856,32:40,10:31,M 45-49/41,M-46,326,45:16,43.75%
649,Elizabeth Hartung,"San Diego, CA",127,32:40,10:31,F 25-29/63,F-28,323,33:04,45.33%
650,Angelina Downing,"San Diego, CA",263,32:41,10:32,F 30-34/62,F-32,324,33:18,45.41%
651,Yoni Breziner,"San Diego, CA",804,32:45,10:33,M 30-34/48,M-33,327,34:23,39.87%
652,Sarah Holdridge,"San Diego, CA",928,32:46,10:33,F 18-24/24,F-24,325,34:22,45.19%
653,Charlene Callahan,"San Diego, CA",247,32:48,10:34,F 30-34/63,F-30,326,33:12,45.14%
654,Cassidy Sitter,"San Diego, CA",136,32:52,10:35,F 45-49/37,F-46,327,33:58,48.81%
655,Josh Levy,"San Diego, CA",1123,32:53,10:35,M 30-34/49,M-31,328,33:47,39.45%
656,Isaiah Mitchell,"San Diego, CA",276,32:55,10:36,M 30-34/50,M-32,329,34:03,39.51%
657,Andrea Baldwin,"Escondido, CA",1317,32:56,10:36,F 40-44/46,F-41,328,33:31,46.73%
658,Rebecca Decker,"Santee, CA",40,32:56,10:36,F 35-39/39,F-36,329,33:18,45.57%
659,Maxwell Douangpanya,"El Cajon, CA",542,32:58,10:37,M 01-12/19,M-10,330,32:58,47.90%
660,Christina Torres,"Escondido, CA",697,33:00,10:37,F 35-39/40,F-35,330,33:31,45.33%
661,Suzanne Saunders,"San Diego, CA",1170,33:00,10:38,F 45-49/38,F-45,331,33:16,48.16%
662,Tracy Parsons,"Lakeside, CA",272,33:03,10:38,F 35-39/41,F-39,332,34:49,46.01%
663,Ruby Ruiz,"San Diego, CA",884,33:03,10:39,F 18-24/25,F-24,333,33:27,44.80%
664,Mike O'Connor,"San Diego, CA",1004,33:05,10:39,M 35-39/43,M-36,331,34:45,40.12%
665,Elizabeth Votra,"San Diego, CA",468,33:08,10:40,F 25-29/64,F-25,334,34:05,44.69%
666,David Haddad,"San Diego, CA",1063,33:08,10:40,M 30-34/51,M-31,332,33:35,39.15%
667,Baylea Norman,"San Diego, CA",1005,33:08,10:40,F 30-34/64,F-30,335,34:47,44.69%
668,Brice Saunders,"San Diego, CA",1168,33:09,10:41,M 13-17/20,M-14,333,33:25,42.81%
669,Lauren Mitchell,"San Diego, CA",275,33:11,10:41,F 25-29/65,F-29,336,34:19,44.62%
670,Burton Sue,"San Diego, CA",83,33:12,10:41,M 35-39/44,M-38,334,33:56,40.53%
671,Merlinda Conyne,"San Diego, CA",1275,33:14,10:42,F 35-39/42,F-37,337,34:40,45.31%
672,Marc Argoud,"San Diego, CA",947,33:14,10:42,M 30-34/52,M-33,335,34:50,39.29%
673,Edwin Gookin,"San Diego, CA",1202,33:17,10:43,M 75-79/2,M-76,336,35:04,57.97%
674,Sherry Ewert,"Spring Valley, CA",287,33:19,10:44,F 45-49/39,F-45,338,34:53,47.70%
675,Ginger Marquez,"National City, CA",735,33:20,10:44,F 50-54/22,F-52,339,33:57,51.58%
676,Kayoko Barr,"Escondido, CA",212,33:22,10:45,F 55-59/9,F-56,340,33:35,54.27%
677,Patrick Denis,"La Mesa, CA",457,33:22,10:45,M 60-64/15,M-61,337,33:57,48.53%
678,Danielle Kovacich,"San Diego, CA",805,33:23,10:45,F 25-29/66,F-29,341,34:12,44.36%
679,Lowell Pettersen,"San Diego, CA",72,33:29,10:47,M 55-59/19,M-59,338,35:11,47.51%
680,Megan Hall,"San Diego, CA",349,33:30,10:47,F 25-29/67,F-26,342,33:30,44.20%
681,Naomi Shibata,"Poway, CA",12,33:30,10:47,F 50-54/23,F-54,343,34:01,52.66%
682,Lisa Linke,"San Diego, CA",1320,33:32,10:48,F 30-34/65,F-34,344,33:50,44.46%
683,Anabel Barbosa,"San Diego, CA",1122,33:35,10:49,F 35-39/43,F-36,345,34:27,44.69%
684,Shogo Kawaraguchi,"San Diego, CA",835,33:39,10:50,M 01-12/20,M-7,339,34:46,52.92%
685,Kimiko Simms,"San Diego, CA",782,33:40,10:50,F 35-39/44,F-39,346,34:09,45.17%
686,Jayraan Badiee,"San Diego, CA",216,33:41,10:51,F 18-24/26,F-24,347,33:56,43.96%
687,Kanako Kawaraguchi,"San Diego, CA",834,33:41,10:51,F 35-39/45,F-36,348,34:47,44.55%
688,Hannah Zulueta,"San Diego, CA",1125,33:42,10:51,F 35-39/46,F-37,349,33:58,44.68%
689,Isaac Szmuilowicz,"San Diego, CA",488,33:42,10:51,M 50-54/29,M-54,340,34:37,45.23%
690,Jennifer Flading,"San Diego, CA",50,33:45,10:52,F 35-39/47,F-36,350,35:09,44.47%
691,Maegan Rey,"San Diego, CA",1266,33:45,10:52,F 35-39/48,F-36,351,35:06,44.47%
692,Adam Powers,"El Cajon, CA",717,33:50,10:54,M 25-29/35,M-29,341,34:40,38.20%
693,Flor Valencia,"El Cajon, CA",716,33:50,10:54,F 30-34/66,F-30,352,34:41,43.77%
694,Dana Quinn,"San Diego, CA",821,33:54,10:55,F 30-34/67,F-32,353,35:19,43.78%
695,Sherry Shigley,"San Diego, CA",998,33:54,10:55,F 45-49/40,F-46,354,35:26,47.32%
696,Joshua Brown,"San Diego, CA",581,33:57,10:56,M 18-24/15,M-23,342,35:17,38.02%
697,Christine Gutheil,"La Jolla, CA",222,33:57,10:56,F 45-49/41,F-47,355,34:53,47.74%
698,Amanda Clifford,"San Diego, CA",271,33:59,10:57,F 25-29/68,F-29,356,35:21,43.57%
699,Chantel Hood,"San Diego, CA",475,33:59,10:57,F 25-29/69,F-27,357,34:20,43.57%
700,Ann Roque,"San Diego, CA",1007,33:59,10:57,F 35-39/49,F-39,358,34:20,44.75%
701,Sarah Stinson,"San Diego, CA",1105,34:00,10:57,F 18-24/27,F-22,359,34:28,43.55%
702,Diana Galvan,"Chula Vista, CA",166,34:08,11:00,F 25-29/70,F-29,360,34:30,43.38%
703,Audrey Stratz,"San Diego, CA",1081,34:10,11:00,F 25-29/71,F-29,361,35:25,43.34%
704,Patricia Conniff,"San Diego, CA",63,34:11,11:00,F 60-64/11,F-63,362,34:11,58.44%
705,Sharon Vaughn,"San Diego, CA",858,34:12,11:01,F 45-49/42,F-48,363,35:01,47.88%
706,Nanette Tintiangco,"San Diego, CA",327,34:16,11:02,F 40-44/47,F-44,364,35:41,45.94%
707,Dave Mugg,"San Marcos, CA",412,34:16,11:02,M 60-64/16,M-63,343,34:43,48.08%
708,Tiffany Whipple,"San Diego, CA",641,34:17,11:03,F 30-34/68,F-30,365,35:16,43.19%
709,Kathy Basquil,"San Diego, CA",358,34:18,11:03,F 50-54/24,F-51,366,34:35,49.49%
710,Lynette Alves,"Escondido, CA",825,34:21,11:04,F 40-44/48,F-42,367,35:25,45.15%
711,John Alves,"Escondido, CA",826,34:22,11:04,M 35-39/45,M-38,344,35:25,39.16%
712,Mary Venables,"San Diego, CA",828,34:24,11:05,F 55-59/10,F-55,368,35:37,51.96%
713,Barbara Blanton,"Escondido, CA",754,34:25,11:05,F 25-29/72,F-27,369,35:03,43.02%
714,Ryan Shaw,"San Diego, CA",663,34:27,11:06,M 25-29/36,M-28,345,35:42,37.46%
715,Amy Symons,"San Diego, CA",664,34:27,11:06,F 25-29/73,F-27,370,35:42,42.98%
716,Michael Villacorta,"San Diego, CA",936,34:27,11:06,M 40-44/35,M-40,346,36:09,39.64%
717,Serena Revoredo,"San Diego, CA",1158,34:34,11:08,F 40-44/49,F-41,371,35:50,44.52%
718,Nickie Bergvall,"San Diego, CA",69,34:36,11:09,F 25-29/74,F-26,372,35:50,42.80%
719,Nina Dixon,"San Diego, CA",55,34:37,11:09,F 30-34/69,F-33,373,35:50,42.97%
720,Glenn Batuyong,"Chula Vista, CA",988,34:44,11:11,M 35-39/46,M-38,347,36:03,38.74%
721,Brianne Ice,"San Diego, CA",1156,34:45,11:11,F 30-34/70,F-31,374,35:57,42.66%
722,Michael Ayala,"San Diego, CA",371,34:45,11:12,M 30-34/53,M-31,348,34:57,37.33%
723,Matt Katka,"San Diego, CA",533,34:48,11:13,M 70-74/7,M-72,349,34:48,51.99%
724,Robin McKinney,"La Mesa, CA",288,34:51,11:14,F 50-54/25,F-54,375,36:25,50.62%
725,Shauna Davies,"San Diego, CA",1290,34:52,11:14,F 35-39/50,F-38,376,35:27,43.42%
726,Marv Coppess,"Glendale, CA",1300,34:53,11:14,M 55-59/20,M-58,350,35:49,45.22%
727,Tiffany Butler,"San Diego, CA",1099,34:53,11:14,F 30-34/71,F-32,377,35:47,42.54%
728,Sabrina Shore,"San Diego, CA",1021,34:58,11:15,F 30-34/72,F-30,378,36:10,42.35%
729,Anna Weiss,"San Diego, CA",388,34:58,11:16,F 25-29/75,F-28,379,35:49,42.35%
730,Jennifer Berumen,"San Diego, CA",1251,35:03,11:17,F 25-29/76,F-29,380,35:53,42.25%
731,David Grayeb,"Cardiff By The Sea, CA",1283,35:07,11:18,M 18-24/16,M-24,351,36:11,36.75%
732,Tracey Grayeb,"Cardiff By The Sea, CA",1282,35:07,11:18,F 55-59/11,F-58,381,36:11,52.99%
733,Mary Jardin,"Vista, CA",360,35:07,11:19,F 50-54/26,F-51,382,36:42,48.34%
734,Alexandria Dirocco,"San Diego, CA",619,35:09,11:19,F 13-17/8,F-15,383,35:09,44.12%
735,John Goodman,"Phoenix, AZ",1002,35:13,11:21,M 45-49/42,M-46,352,36:25,40.58%
736,Michelle Guadagnolo,"San Diego, CA",458,35:14,11:21,F 25-29/77,F-27,384,35:50,42.03%
737,Christine Carr,"Phoenix, AZ",1001,35:15,11:21,F 40-44/50,F-43,385,36:25,44.32%
738,Gail Pride,"Poway, CA",1244,35:18,11:22,F 50-54/27,F-54,386,36:38,49.98%
739,Joan Ann Kowalczyk-Beckworth,"Coronado, CA",1143,35:19,11:22,F 65-69/3,F-66,387,35:38,59.21%
740,Dana Pride,"Poway, CA",1243,35:19,11:22,F 30-34/73,F-30,388,36:38,41.93%
741,Elaine Sanders,"San Diego, CA",889,35:19,11:22,F 25-29/78,F-28,389,36:24,41.93%
742,Matthew Garrett Garrett,"San Diego, CA",507,35:22,11:23,M 30-34/54,M-32,353,36:28,36.78%
743,David Lance,"Cerritos, CA",53,35:23,11:24,M 65-69/10,M-65,354,35:36,47.41%
744,Henry Friedman,"San Diego, CA",1061,35:24,11:24,M 65-69/11,M-67,355,36:22,48.28%
745,Tori Olsen,"Escondido, CA",237,35:25,11:24,F 40-44/51,F-40,390,35:58,43.22%
746,Desiree Cano,"Lemon Grove, CA",1226,35:25,11:24,F 13-17/9,F-15,391,35:25,43.79%
747,Armando Cano,"Lemon Grove, CA",1228,35:26,11:25,M 01-12/21,M-11,356,35:26,43.20%
748,Penny Maus,"San Diego, CA",115,35:26,11:25,F 35-39/51,F-35,392,35:58,42.21%
749,Dell Kronewitter,"San Diego, CA",797,35:26,11:25,M 40-44/36,M-43,357,37:00,39.44%
750,Dawn Kronewitter,"San Diego, CA",796,35:26,11:25,F 40-44/52,F-41,393,37:01,43.44%
751,George Camp,"La Jolla, CA",418,35:29,11:26,M 70-74/8,M-71,358,35:37,50.33%
752,Loreen Dirocco,"San Diego, CA",620,35:30,11:26,F 45-49/43,F-46,394,35:30,45.19%
753,Janet Jones,"San Diego, CA",1250,35:37,11:28,F 55-59/12,F-56,395,36:55,50.84%
754,Kathryn Sue,"San Diego, CA",84,35:41,11:30,F 30-34/74,F-31,396,36:25,41.54%
755,Alfredo R Higuera,"San Diego, CA",948,35:45,11:31,M 35-39/47,M-35,359,37:31,36.89%
756,James Wallace,"La Mesa, CA",82,35:46,11:31,M 45-49/43,M-47,360,37:12,40.28%
757,Nancy Morishita,"Gardena, CA",435,35:47,11:31,F 60-64/12,F-60,397,36:29,53.49%
758,Donna Gookin,"San Diego, CA",1201,35:51,11:33,F 70-74/2,F-74,398,37:39,66.47%
759,Christina Holub,"San Diego, CA",250,35:52,11:33,F 30-34/75,F-30,399,37:33,41.28%
760,Sandra Henschel,"El Cajon, CA",45,35:54,11:34,F 30-34/76,F-34,400,38:06,41.52%
761,Caryn Nowak,"San Diego, CA",848,35:56,11:34,F 30-34/77,F-33,401,36:39,41.39%
762,Suzi Merritt,"La Mesa, CA",814,35:57,11:35,F 50-54/28,F-52,402,36:39,47.82%
763,Jo Carothers,"La Jolla, CA",355,35:57,11:35,F 45-49/44,F-47,403,36:02,45.08%
764,Emily Bennett,"San Diego, CA",1068,35:59,11:35,F 18-24/28,F-23,404,37:33,41.15%
765,Cecile Custodio,"San Diego, CA",1066,36:00,11:36,F 35-39/52,F-37,405,36:34,41.82%
766,Sabrina Copeland,"El Cajon, CA",1056,36:00,11:36,F 30-34/78,F-34,406,37:34,41.41%
767,Martin Molina,"San Diego, CA",955,36:04,11:37,M 40-44/37,M-42,361,37:05,38.42%
768,Sasha Del Principe,"Bonita, CA",1102,36:07,11:38,F 01-12/8,F-9,407,37:56,48.61%
769,Ellery Holdridge,"San Diego, CA",934,36:07,11:38,M 55-59/21,M-55,362,37:44,42.57%
770,Reiko Lange,"San Diego, CA",1110,36:09,11:38,F 45-49/45,F-49,408,36:35,45.85%
771,Lynn Traylor,"San Diego, CA",174,36:12,11:39,F 50-54/29,F-54,409,36:58,48.73%
772,Josh Mack,"San Diego, CA",1047,36:12,11:40,M 30-34/55,M-34,363,38:36,36.25%
773,Aubrey Haddach,"San Diego, CA",180,36:12,11:40,F 30-34/79,F-34,410,38:36,41.18%
774,Genevieve Del Principe,"Bonita, CA",1101,36:13,11:40,F 40-44/53,F-41,411,38:04,42.50%
775,Lyndi Parrett,", ",1182,36:15,11:40,F 35-39/53,F-35,412,36:40,41.26%
776,Stephen Huff,"San Diego, CA",1306,36:18,11:41,M 45-49/44,M-49,364,37:46,40.33%
777,Phyllis Freeman,"Santee, CA",223,36:19,11:42,F 50-54/30,F-50,413,37:02,46.19%
778,Casey Ateah,"Springfield, VA",1289,36:22,11:43,F 45-49/46,F-47,414,36:37,44.57%
779,Michele Hardy,"Escondido, CA",186,36:23,11:43,F 65-69/4,F-68,415,37:06,59.26%
780,Lauren Kessler,"Encinitas, CA",756,36:25,11:44,F 18-24/29,F-23,416,36:36,40.66%
781,David Long,"San Diego, CA",30,36:25,11:44,M 70-74/9,M-73,365,37:17,50.41%
782,Saki Miyoshi,"San Diego, CA",282,36:26,11:44,F 01-12/9,F-10,417,36:55,46.86%
783,Dawn Williams,"El Cajon, CA",134,36:26,11:44,F 40-44/54,F-40,418,38:06,42.01%
784,Kazumasa Miyoshi,"San Diego, CA",278,36:26,11:44,M 40-44/38,M-44,366,36:55,38.63%
785,Dara Garrett,"San Diego, CA",506,36:31,11:46,F 30-34/80,F-34,419,37:40,40.82%
786,Jeffrey Howard,"San Diego, CA",1292,36:32,11:46,M 30-34/56,M-33,367,38:34,35.74%
787,Ryan Delong,"San Diego, CA",886,36:36,11:47,M 25-29/37,M-29,368,38:07,35.31%
788,Clarissa Garcia,"Chula Vista, CA",787,36:36,11:47,F 01-12/10,F-12,420,38:09,44.51%
789,Kimberly Synn,"San Diego, CA",969,36:36,11:47,F 25-29/79,F-26,421,38:07,40.46%
790,Alison Warren,"San Diego, CA",966,36:36,11:47,F 30-34/81,F-30,422,36:36,40.44%
791,Lisa Williamson,"San Diego, CA",176,36:37,11:47,F 45-49/47,F-46,423,38:04,43.81%
792,Susan Ritter,"San Diego, CA",1207,36:41,11:49,F 45-49/48,F-47,424,37:19,44.18%
793,Christina Garcia,"Chula Vista, CA",589,36:42,11:49,F 18-24/30,F-18,425,38:15,40.80%
794,Jasmine Hernandez,"San Diego, CA",267,36:47,11:51,F 25-29/80,F-29,426,37:52,40.25%
795,Deniz Saribal,"San Diego, CA",268,36:47,11:51,F 25-29/81,F-28,427,37:52,40.25%
796,Francesca Thiem,"San Diego, CA",188,36:53,11:53,F 50-54/31,F-51,428,38:06,46.02%
797,Liz Thomas,"Carlsbad, CA",665,36:55,11:53,F 30-34/82,F-31,429,38:40,40.15%
798,Erin Combs,"Encinitas, CA",1267,36:57,11:54,F 55-59/13,F-58,430,38:09,50.36%
799,Adriana Ramirez,"Chula Vista, CA",502,36:58,11:54,F 35-39/54,F-37,431,37:18,40.73%
800,Flor Hildenbrand,"El Cajon, CA",774,37:01,11:55,F 50-54/32,F-52,432,37:54,46.44%
801,Corban Sy,"San Diego, CA",1215,37:05,11:56,M 01-12/22,M-8,369,37:28,45.91%
802,Cindy Alfonso,"San Diego, CA",163,37:06,11:57,F 40-44/55,F-44,433,38:33,42.43%
803,Stacey Burke,"Valley Center, CA",1187,37:08,11:57,F 40-44/56,F-40,434,37:42,41.22%
804,Joan Sy,"San Diego, CA",391,37:10,11:58,F 40-44/57,F-41,435,37:32,41.41%
805,Lee Harstad,"San Diego, CA",253,37:16,12:00,M 30-34/57,M-31,370,38:48,34.81%
806,Kristen Harstad,"San Diego, CA",254,37:17,12:00,F 25-29/82,F-26,436,38:48,39.71%
807,Una Pierce,"San Diego, CA",385,37:18,12:01,F 70-74/3,F-72,437,37:47,61.73%
808,Cameron Morales,"Poway, CA",1197,37:21,12:02,M 13-17/21,M-14,371,37:28,37.99%
809,Frank Chesney,"Oceanside, CA",1241,37:22,12:02,M 50-54/30,M-53,372,38:06,40.47%
810,Chrisanne Pettman,"San Diego, CA",1042,37:31,12:05,F 30-34/83,F-31,438,37:56,39.51%
811,Alexandra Cater,"San Diego, CA",851,37:31,12:05,F 45-49/49,F-46,439,37:57,42.76%
812,Bobbi Prevost,"San Diego, CA",178,37:34,12:06,F 40-44/58,F-41,440,38:48,40.97%
813,Cynthia Reyes,"San Diego, CA",177,37:34,12:06,F 35-39/55,F-39,441,38:48,40.48%
814,Lana Patel,"San Diego, CA",258,37:34,12:06,F 35-39/56,F-38,442,41:14,40.30%
815,Dave Patel,"San Diego, CA",257,37:34,12:06,M 40-44/39,M-41,373,41:14,36.62%
816,Sealiitu Fanua,"San Diego, CA",1268,37:34,12:06,M 35-39/48,M-36,374,38:06,35.33%
817,Krista Hansen,"San Diego, CA",510,37:35,12:06,F 40-44/59,F-40,443,39:24,40.73%
818,Tracylee Fanua,"San Diego, CA",1265,37:35,12:06,F 35-39/57,F-35,444,38:06,39.80%
819,Michael Heuschele,"San Diego, CA",511,37:41,12:08,M 40-44/40,M-44,375,39:32,37.35%
820,Mary Ann Labitan,"La Jolla, CA",194,37:43,12:09,F 40-44/60,F-44,445,39:08,41.73%
821,Megan Archer,"San Diego, AS",354,37:43,12:09,F 25-29/83,F-27,446,38:28,39.26%
822,Melissa Eckmann,"San Diego, CA",662,37:46,12:10,F 30-34/84,F-31,447,39:32,39.25%
823,Brett Matthews,"San Diego, CA",678,37:48,12:10,M 01-12/23,M-7,376,38:08,47.11%
824,Jean Matthews,"San Diego, CA",677,37:49,12:11,F 35-39/58,F-39,448,38:08,40.21%
825,Maria Diaz,"San Diego, CA",305,37:50,12:11,F 35-39/59,F-35,449,38:12,39.53%
826,Nicole Tamson,"La Jolla, CA",1329,37:52,12:11,F 40-44/61,F-41,450,39:08,40.64%
827,Erin Shean,"San Diego, CA",66,37:54,12:12,F 40-44/62,F-43,451,38:57,41.22%
828,Carrie Stantz,"Sun City, CA",170,37:54,12:12,F 40-44/63,F-42,452,39:46,40.92%
829,Shannon Shean,"San Diego, CA",67,37:54,12:12,F 40-44/64,F-42,453,38:56,40.92%
830,Kelly Moncure,"San Diego, CA",346,37:55,12:13,F 35-39/60,F-39,454,38:49,40.11%
831,Dawn Sanders,"San Diego, CA",1094,37:56,12:13,F 35-39/61,F-39,455,39:46,40.09%
832,Kazumi Ikeda,"La Jolla, CA",840,38:00,12:14,F 35-39/62,F-37,456,39:09,39.62%
833,Mana Ikeda,"La Jolla, CA",841,38:00,12:14,F 01-12/11,F-7,457,39:09,49.41%
834,Maribeth Reyes,"San Marcos, CA",983,38:01,12:14,F 40-44/65,F-41,458,39:14,40.48%
835,Emma Reinhardt,"La Mesa, CA",414,38:08,12:17,F 01-12/12,F-10,459,39:38,44.77%
836,Kathy Rebollido,"San Diego, CA",982,38:17,12:20,F 40-44/66,F-42,460,40:04,40.51%
837,Billy Beckworth,"Court, CA",1144,38:20,12:21,M 60-64/17,M-64,377,38:40,43.37%
838,Laura Parrisn,"San Diego, CA",772,38:21,12:21,F 40-44/67,F-40,461,39:45,39.91%
839,Ernesto Pallares,"San Diego, CA",537,38:22,12:21,M 35-39/49,M-36,378,38:31,34.59%
840,Rosalie Bobadilla,"San Diego, CA",487,38:24,12:22,F 30-34/85,F-32,462,39:48,38.65%
841,Joan McCurry,"El Centro, CA",315,38:25,12:22,F 55-59/14,F-55,463,39:57,46.53%
842,Natalie Flinn,"Carlsbad, CA",243,38:32,12:24,F 25-29/84,F-25,464,38:58,38.42%
843,Jenny Van Houten,"El Cajon, CA",534,38:46,12:29,F 40-44/68,F-40,465,39:47,39.48%
844,Jocelyn Navarro-Allen,"Chula Vista, CA",748,38:56,12:32,F 40-44/69,F-41,466,40:17,39.53%
845,Katie White,"San Diego, CA",217,38:59,12:33,F 50-54/33,F-50,467,39:12,43.03%
846,Kek Keodara,"San Diego, CA",862,39:01,12:34,F 30-34/86,F-32,468,39:44,38.03%
847,Richard Scranton,"Miamisburg, OH",182,39:05,12:35,M 70-74/10,M-73,379,40:22,46.97%
848,Jessyca Andrews,"San Diego, CA",273,39:06,12:35,F 30-34/87,F-33,469,40:26,38.04%
849,Jenna Andrews,"San Diego, CA",1284,39:06,12:35,F 01-12/13,F-7,470,40:26,48.02%
850,Brandi Johnson,"Muncie, IN",769,39:10,12:37,F 40-44/70,F-41,471,40:35,39.29%
851,Michelle Washington,"San Diego, CA",1031,39:11,12:37,F 35-39/63,F-35,472,40:07,38.17%
852,Hideaki Matsumoto,"San Diego, CA",898,39:19,12:40,M 45-49/45,M-46,380,40:24,36.34%
853,Takenari Matsumoto,"San Diego, CA",900,39:19,12:40,M 01-12/24,M-7,381,40:24,45.29%
854,Carrie Pile,"Chula Vista, CA",193,39:22,12:40,F 30-34/88,F-34,473,40:16,37.87%
855,Evan Brown,"San Diego, CA",725,39:23,12:41,M 55-59/22,M-55,382,40:43,39.03%
856,Rebecca Brown,"San Diego, CA",724,39:23,12:41,F 50-54/34,F-51,474,40:42,43.10%
857,Shauna Beaston,"San Diego, CA",160,39:31,12:43,F 30-34/89,F-32,475,40:11,37.55%
858,Jacquelyn Clites,"San Diego, CA",304,39:31,12:43,F 30-34/90,F-31,476,40:12,37.51%
859,Carolyn Krisch,"San Diego, CA",515,39:31,12:43,F 30-34/91,F-34,477,40:14,37.72%
860,Joy Silveri,"Poway, CA",165,39:32,12:44,F 30-34/92,F-33,478,40:11,37.62%
861,Carolyn Krisch,"San Diego, CA",625,39:32,12:44,F 30-34/93,F-34,479,40:15,37.71%
862,Robert Herndon,"Encinitas, CA",1240,39:33,12:44,M 60-64/18,M-62,383,39:38,41.27%
863,Thomas Mills,"Encinitas, CA",661,39:34,12:44,M 60-64/19,M-62,384,40:14,41.26%
864,Bernadine Kinopasek,"Poway, CA",603,39:35,12:45,F 60-64/13,F-64,480,40:45,51.22%
865,Barbara Camp,"La Jolla, CA",417,39:44,12:48,F 70-74/4,F-71,481,39:44,56.99%
866,Marco Garcia,"Chula Vista, CA",788,39:48,12:49,M 40-44/41,M-40,385,41:22,34.31%
867,Olga Garcia,"Chula Vista, CA",606,39:48,12:49,F 40-44/71,F-40,482,41:23,38.46%
868,Vivian Aguilar,"El Cajon City, CA",152,39:58,12:52,F 35-39/64,F-37,483,40:31,37.67%
869,Isarel Reinhardt,"La Mesa, CA",415,40:01,12:53,F 40-44/72,F-44,484,41:32,39.33%
870,Dean Cornell,"Escondido, CA",745,40:06,12:55,M 55-59/23,M-55,386,41:59,38.34%
871,Madalyn Cornell,"Escondido, CA",744,40:07,12:55,F 50-54/35,F-51,485,42:00,42.31%
872,Gordon Sturm,"San Diego, CA",303,40:09,12:56,M 30-34/58,M-32,387,40:41,32.39%
873,Megan Sturm,"Caucasian, CA",302,40:09,12:56,F 25-29/85,F-29,486,40:41,36.88%
874,Amanda Salindong,"San Diego, CA",683,40:11,12:56,F 18-24/31,F-24,487,40:32,36.85%
875,Kimberly Palacio,"La Jolla, CA",691,40:11,12:57,F 35-39/65,F-36,488,40:32,37.34%
876,Corey Cydell,"El Cajon, CA",554,40:13,12:57,M 18-24/17,M-21,388,41:44,32.21%
877,Michael Fechter,"Chula Vista, CA",949,40:16,12:58,M 30-34/59,M-33,389,40:16,32.42%
878,Kris Evans,"San Diego, CA",555,40:23,13:00,M 25-29/38,M-29,390,41:52,32.00%
879,Kelly Arnold,"Hemet, CA",1252,40:24,13:01,F 35-39/66,F-37,489,41:52,37.27%
880,Danielle Eagle,"San Diego, CA",558,40:30,13:02,F 25-29/86,F-25,490,41:47,36.56%
881,Sharon Blanton,"Excondido, CA",13,40:45,13:07,F 60-64/14,F-60,491,41:23,46.97%
882,Taku Inoue,"San Diego, CA",843,41:00,13:12,M 35-39/50,M-36,391,42:09,32.37%
883,Tatsuki Inoue,"San Diego, CA",844,41:00,13:12,M 01-12/25,M-7,392,42:09,43.43%
884,Hyeri Lee,"San Diego, CA",877,41:03,13:13,F 01-12/14,F-7,492,42:10,45.74%
885,Junko Hirane,"San Diego, CA",876,41:03,13:13,F 35-39/67,F-36,493,42:10,36.56%
886,Jillann Malabanan,"San Diego, CA",489,41:07,13:15,F 25-29/87,F-26,494,42:32,36.01%
887,Mona Sagerian,"San Diego, CA",1100,41:08,13:15,F 50-54/36,F-50,495,41:15,40.78%
888,Jennifer Lin,"San Diego, CA",236,41:11,13:16,F 30-34/94,F-31,496,43:15,35.99%
889,Amalia Dimartino,"San Diego, CA",767,41:11,13:16,F 25-29/88,F-25,497,42:15,35.95%
890,Emilio Ulloa,"La Mesa, CA",712,41:12,13:16,M 35-39/51,M-35,393,42:42,32.01%
891,Tony Lin,"San Diego, CA",235,41:13,13:16,M 35-39/52,M-37,394,43:17,32.40%
892,Myra Casillas,"San Diego, CA",933,41:14,13:17,F 30-34/95,F-31,498,43:00,35.95%
893,Nancy Baum,"San Diego, CA",112,41:19,13:18,F 50-54/37,F-50,499,42:06,40.60%
894,Hiroko Takasusuki,"San Diego, CA",1208,41:20,13:19,F 30-34/96,F-31,500,42:28,35.86%
895,Kana Takasusuki,"San Diego, CA",1211,41:23,13:20,F 01-12/15,F-7,501,42:30,45.37%
896,Andrea Hoff,"Escondido, CA",1185,41:31,13:22,F 35-39/68,F-36,502,42:07,36.14%
897,Janeece Tanaka,"Chula Vista, CA",540,41:35,13:23,F 25-29/89,F-29,503,42:20,35.61%
898,Katherine Deal,"San Diego, CA",1154,41:41,13:25,F 13-17/10,F-15,504,42:36,37.20%
899,Darla Morgan,"La Mesa, CA",1199,41:42,13:26,F 45-49/50,F-46,505,42:44,38.46%
900,Jessica Hart,"El Cajon, CA",1315,41:55,13:30,F 30-34/97,F-34,506,43:03,35.56%
901,Sorita Cetnar,"Chula Vista, CA",103,41:58,13:31,F 45-49/51,F-46,507,43:52,38.22%
902,Jessica Elizalde,"La Mesa, CA",326,42:03,13:33,F 30-34/98,F-30,508,43:38,35.21%
903,Robert Lankston,"San Diego, CA",1035,42:11,13:35,M 25-29/39,M-28,395,43:06,30.59%
904,Jessica Hart,"El Cajon, CA",1076,42:15,13:36,F 30-34/99,F-34,509,43:25,35.28%
905,Deanna McGaughran,"El Cajon, CA",761,42:15,13:36,F 13-17/11,F-17,510,43:22,35.79%
906,Macy Marquez,"San Diego, CA",940,42:31,13:42,F 40-44/73,F-44,511,43:13,37.02%
907,Cindy Cameron,"Alpine, CA",241,42:32,13:42,F 50-54/38,F-52,512,43:43,40.42%
908,Beverly Flinn,"Carlsbad, CA",242,42:38,13:44,F 55-59/15,F-59,513,43:03,44.27%
909,Le Hua,"San Diego, CA",372,42:43,13:45,F 25-29/90,F-29,514,43:58,34.66%
910,Monica Thukral,"Los Angeles, CA",308,42:48,13:47,F 25-29/91,F-25,515,43:05,34.59%
911,Alan Shahtaji,"San Diego, CA",29,42:48,13:47,M 25-29/40,M-29,396,44:29,30.19%
912,Agnieszka Letts,"Poway, CA",131,42:51,13:48,F 01-12/16,F-11,516,44:30,38.83%
913,Joanna Bolger,"Poway, CA",130,42:52,13:48,F 35-39/69,F-36,517,44:31,35.01%
914,Steven Lindbeck,"San Diego, CA",544,42:59,13:51,M 01-12/26,M-11,397,44:45,35.61%
915,Theresa Lindsey,"San Diego, CA",154,43:01,13:51,F 50-54/39,F-52,518,43:35,39.96%
916,Grace Martey,"Vista, CA",155,43:01,13:51,F 50-54/40,F-50,519,43:35,38.99%
917,Marsha Lindbeck,"San Diego, CA",545,43:03,13:52,F 45-49/52,F-49,520,44:48,38.50%
918,Deidre Luts,"Escondido, CA",873,43:03,13:52,F 45-49/53,F-47,521,43:38,37.65%
919,Kimberly Handy,"Valley Center, CA",1321,43:03,13:52,F 45-49/54,F-45,522,43:38,36.91%
920,Elise Botch,"Poway, CA",96,43:04,13:52,F 50-54/41,F-52,523,43:41,39.91%
921,Bill Caylor,"Solana Beach, CA",892,43:08,13:53,M 60-64/20,M-63,398,44:25,38.19%
922,Analyn Cota,"San Diego, CA",1171,43:09,13:54,F 40-44/74,F-44,524,43:50,36.48%
923,Annika Butler,"Spring Valley, CA",703,43:09,13:54,F 01-12/17,F-10,525,44:44,39.57%
924,Leslyn Butler,"Spring Valley, CA",702,43:10,13:54,F 35-39/70,F-38,526,44:45,35.07%
925,Patty Maldonado,"Spring Valley, CA",727,43:18,13:57,F 30-34/100,F-31,527,44:39,34.23%
926,Cathy Perry,"San Diego, CA",81,43:20,13:57,F 60-64/15,F-61,528,44:11,44.79%
927,Karl McNeill,"San Diego, CA",80,43:25,13:59,M 70-74/11,M-71,399,44:14,41.13%
928,Carol Chambers,"Long Beach, CA",52,43:26,13:59,F 60-64/16,F-61,529,44:10,44.68%
929,Jose Arriaga,"San Diego, CA",607,43:30,14:00,M 35-39/53,M-38,400,45:14,30.93%
930,Rebecca Allen,"San Diego, CA",608,43:30,14:00,F 25-29/92,F-28,530,45:14,34.04%
931,Kai Post,"San Diego, CA",107,43:32,14:01,M 40-44/42,M-40,401,44:08,31.37%
932,Laurie Madigan,"San Diego, CA",159,43:35,14:02,F 55-59/16,F-59,531,44:21,43.31%
933,Blesilda Segaya,"Chula Vista, CA",881,43:39,14:03,F 45-49/55,F-46,532,43:52,36.75%
934,Laura Sullivan,"Vista, CA",322,43:45,14:05,F 25-29/93,F-29,533,44:19,33.84%
935,Micah Lenz,"San Diego, CA",1312,43:49,14:07,M 30-34/60,M-33,402,45:13,29.79%
936,Jill Eastman,"San Diego, CA",1261,43:49,14:07,F 45-49/56,F-48,534,43:58,37.37%
937,Cassandra Lenz,"San Diego, CA",1311,43:49,14:07,F 30-34/101,F-32,535,45:13,33.87%
938,Tiffani Jones,"Chula Vista, CA",1025,43:52,14:08,F 25-29/94,F-29,536,45:32,33.75%
939,Beverly Schmitt,"Temecula, CA",89,43:58,14:09,F 60-64/17,F-60,537,45:00,43.53%
940,Anna Cetnar,"Chula Vista, CA",104,44:05,14:12,F 01-12/18,F-7,538,45:59,42.59%
941,Fred Cetnar,"Chula Vista, CA",102,44:06,14:12,M 50-54/31,M-50,403,46:00,33.46%
942,Susie Yetter,"San Diego, CA",1254,44:10,14:13,F 45-49/57,F-46,539,44:27,36.32%
943,Molly Boarman,"San Diego, CA",269,44:23,14:18,F 40-44/75,F-42,540,45:46,34.92%
944,Ann Geery,"Encinitas, CA",896,44:24,14:18,F 50-54/42,F-50,541,45:18,37.78%
945,Marie Nang,"Carlsbad, CA",1319,44:26,14:19,F 40-44/76,F-40,542,44:43,34.43%
946,Joni Demich,"Rancho Santa Fe, CA",1248,44:27,14:19,F 45-49/58,F-46,543,44:27,36.08%
947,Amy Konopasek,"San Diego, CA",602,44:27,14:19,F 50-54/43,F-54,544,45:37,39.68%
948,Kevin Konopasek,"San Diego, CA",601,44:29,14:19,M 55-59/24,M-59,404,45:38,35.76%
949,Mig Hunter,"Spring Valley, CA",785,44:32,14:20,F 70-74/5,F-70,545,45:40,50.02%
950,Lizeth Lopez,"San Ysidro, CA",1069,44:37,14:22,F 25-29/95,F-29,546,46:16,33.18%
951,Jennifer Esquivel-Parker,"Coronado, CA",1065,44:38,14:22,F 35-39/71,F-36,547,45:38,33.62%
952,Michelle Adams,"San Diego, CA",1253,44:39,14:22,F 25-29/96,F-25,548,45:38,33.16%
953,Jonathan Walker,"San Diego, CA",818,44:44,14:24,M 25-29/41,M-28,405,46:39,28.85%
954,Amanda Walker,"San Diego, CA",1140,44:44,14:24,F 25-29/97,F-28,549,46:39,33.10%
955,Jeanine Hillis,"Spring Valley, CA",784,44:47,14:25,F 55-59/17,F-55,550,45:11,39.91%
956,Gervasio Tirigall,"La Jolla, CA",256,44:50,14:26,M 25-29/42,M-28,406,45:27,28.78%
957,Courtney Neitzke,"La Jolla, CA",255,44:51,14:26,F 25-29/98,F-27,551,45:27,33.01%
958,Craig Ledebur,"San Diego, CA",197,44:51,14:27,M 40-44/43,M-44,407,46:42,31.38%
959,Rosie Silva-De Leon,"National City, CA",770,45:10,14:32,F 35-39/72,F-37,552,46:35,33.33%
960,Nozomi Matsumoto,"San Diego, CA",901,45:15,14:34,F 01-12/19,F-4,553,46:19, 0.00%
961,Ayumi Matsumoto,"San Diego, CA",899,45:15,14:34,M 30-34/61,M-33,408,46:20,28.85%
962,Risa Kusumoto,"San Diego, CA",837,45:17,14:35,F 30-34/102,F-33,554,46:22,32.84%
963,Sara Kusumoto,"San Diego, CA",838,45:17,14:35,F 01-12/20,F-5,555,46:22,45.10%
964,Patricia Hennessy,"Poway, CA",658,45:17,14:35,F 50-54/44,F-51,556,46:53,37.48%
965,Josephine Romero,"San Diego, CA",425,45:17,14:35,F 80-99/1,F-80,557,45:26,58.87%
966,Susan O'Brien,"San Diego, CA",1019,45:19,14:35,F 45-49/59,F-47,558,46:55,35.76%
967,Elizabeth Conner,"San Diego, CA",894,45:19,14:36,F 50-54/45,F-52,559,46:55,37.93%
968,Thomas Hardy,"Escindido, CA",185,45:20,14:36,M 60-64/21,M-60,409,46:05,35.38%
969,Lynn Campbell,"San Diego, CA",800,45:21,14:36,F 40-44/77,F-42,560,46:56,34.19%
970,Aletta Bostock,"Alpine, CA",1011,45:25,14:37,F 45-49/60,F-46,561,46:52,35.32%
971,Maureen O'Regan,"San Diego, CA",867,45:34,14:40,F 55-59/18,F-55,562,46:58,39.22%
972,Hannah O'Regan,"San Diego, CA",868,45:34,14:40,F 01-12/21,F-11,563,46:58,36.52%
973,Abby Lopez,"South San Francisco, CA",298,45:35,14:41,F 30-34/103,F-31,564,46:45,32.52%
974,Sherry Lankston,"San Diego, CA",1034,45:36,14:41,F 25-29/99,F-29,565,46:30,32.47%
975,Jamie Webb,"El Cajon, CA",77,45:45,14:44,F 45-49/61,F-47,566,47:35,35.42%
976,Theresa Wheeler,"Carlsbad, CA",173,45:48,14:45,F 50-54/46,F-54,567,47:38,38.51%
977,Veronica Puentes,"La Jolla, CA",739,45:50,14:46,F 25-29/100,F-25,568,46:08,32.30%
978,Barbara Atkins,"San Diego, CA",76,45:56,14:47,F 45-49/62,F-47,569,47:05,35.28%
979,Peggy Meredith,"El Cajon, CA",1307,45:56,14:47,F 45-49/63,F-47,570,47:05,35.28%
980,Jason Paquette,"San Diego, CA",203,45:58,14:48,M 25-29/43,M-26,410,46:40,28.07%
981,Christina Vasquez,"San Diego, CA",1055,46:14,14:53,F 35-39/73,F-39,571,48:18,32.89%
982,Joanna Clark,"San Diego, CA",368,46:15,14:54,F 35-39/74,F-39,572,48:18,32.88%
983,Yolanda Ambriz,"Chula Vista, CA",208,46:17,14:54,F 40-44/78,F-44,573,48:15,34.01%
984,Gabriela Flanagan,"Cardiff By The Sea, CA",1277,46:17,14:54,F 30-34/104,F-33,574,47:34,32.13%
985,Lesley Wilkins,"La Jolla, CA",1281,46:17,14:54,F 35-39/75,F-39,575,47:33,32.85%
986,Lalo Espinoza,"National City, CA",595,46:18,14:54,M 45-49/46,M-49,411,46:22,31.62%
987,Fran Mingura,"San Diego, CA",904,46:18,14:55,F 55-59/19,F-55,576,47:50,38.60%
988,Marie Cole,"Lemon Grove, CA",594,46:25,14:57,F 35-39/76,F-38,577,47:39,32.61%
989,Robyn Howard,"Chino, CA",32,46:27,14:57,F 55-59/20,F-58,578,47:05,40.06%
990,Mike Howard,"Chino, CA",31,46:27,14:57,M 55-59/25,M-59,412,47:05,34.24%
991,Kenneth Overton,"San Diego, CA",1295,46:31,14:59,M 35-39/54,M-39,413,47:18,29.14%
992,Tiffany Jacobs,"San Diego, CA",1222,46:49,15:04,F 25-29/101,F-27,579,47:28,31.62%
993,Walwin McKenzie,"San Diego, CA",880,46:49,15:04,M 50-54/32,M-52,414,47:48,32.02%
994,Nicholas Wilson,"San Diego, CA",1218,46:49,15:04,M 25-29/44,M-27,415,47:27,27.56%
995,Mary Caldwell,"San Diego, CA",846,46:50,15:05,F 70-74/6,F-70,580,47:48,47.56%
996,Charmaine Farquar,"San Diego, CA",909,46:51,15:05,F 40-44/79,F-43,581,48:14,33.35%
997,Kira Farquar,"Rancho Bernardo, CA",913,46:52,15:05,F 01-12/22,F-11,582,48:14,35.50%
998,Ana Stern,"San Diego, CA",379,46:55,15:06,F 70-74/7,F-72,583,47:48,49.08%
999,Bill Prichard,"San Diego, CA",660,47:01,15:08,M 80-99/1,M-83,416,47:23,48.48%
1000,John Cross,", ",958,47:02,15:09,M 80-99/2,M-86,417,48:50,53.56%
1001,Marci Flaster,"San Diego, CA",623,47:11,15:12,F 30-34/105,F-32,584,47:59,31.45%
1002,Jennifer Harris,"San Diego, CA",622,47:12,15:12,F 30-34/106,F-32,585,47:59,31.44%
1003,Jan Armstrong,"San Diego, CA",743,47:26,15:16,F 50-54/47,F-54,586,56:09,37.19%
1004,Shawna Duncan,"San Diego, CA",885,47:57,15:26,F 40-44/80,F-41,587,49:03,32.09%
1005,Kathryn Minor,"San Diego, CA",872,47:57,15:26,F 45-49/64,F-47,588,49:03,33.80%
1006,Delaney Smith,", ",1181,48:02,15:28,F 13-17/12,F-13,589,48:48,33.25%
1007,Sofia D'Alessio,"Chula Vista, CA",984,48:03,15:28,F 01-12/23,F-10,590,48:48,35.53%
1008,Anthony D'Alessio,"Chula Vista, CA",986,48:04,15:28,M 45-49/47,M-45,418,48:49,29.52%
1009,Lisa D'Alessio,"Chula Vista, CA",985,48:08,15:30,F 45-49/65,F-45,591,48:52,33.01%
1010,Alexander Clark Young,"San Diego, CA",1087,48:13,15:32,M 18-24/18,M-20,419,50:01,27.04%
1011,Jennifer Storch,"San Diego, CA",639,48:28,15:36,F 30-34/107,F-30,592,1:01:41,30.55%
1012,Julie Miyamasu,"Berwyn, IL",646,48:30,15:37,F 30-34/108,F-30,593,1:01:41,30.53%
1013,Ebony Wingfield,"San Diego, CA",561,48:31,15:37,F 18-24/32,F-23,594,50:02,30.52%
1014,Brittany Pizzurro,"San Diego, CA",556,48:31,15:37,F 18-24/33,F-24,595,50:02,30.52%
1015,James Iyampillai,"San Marcos, CA",323,48:33,15:38,M 18-24/19,M-20,420,49:07,26.85%
1016,Lisa Gipson,"San Diego, CA",609,48:37,15:39,F 18-24/34,F-23,596,51:07,30.45%
1017,Erin Hauser,"San Diego, CA",657,48:37,15:39,F 18-24/35,F-24,597,51:08,30.45%
1018,Danica Finch,"San Diego, CA",324,48:37,15:39,F 18-24/36,F-24,598,51:07,30.45%
1019,Adeliz Ulloa,"La Mesa, CA",714,48:46,15:42,F 01-12/24,F-7,599,50:16,38.50%
1020,Jody Applebaum,"San Diego, CA",773,48:49,15:43,F 50-54/48,F-52,600,50:12,35.21%
1021,Rosie Ulloa,"El Centro, CA",526,48:53,15:44,F 60-64/18,F-63,601,50:16,40.86%
1022,Sonia Hoener,"Chula Vista, CA",473,48:58,15:46,F 35-39/77,F-38,602,50:16,30.92%
1023,Sara Dodd,"San Diego, CA",992,49:00,15:46,F 18-24/37,F-23,603,51:32,30.21%
1024,Brittany Haskell,"San Diego, CA",1318,49:00,15:47,F 18-24/38,F-24,604,51:32,30.21%
1025,Savannah Dillon,"San Diego, CA",610,49:01,15:47,F 18-24/39,F-24,605,51:32,30.20%
1026,Guillermina Suzuki,"Chula Vista, CA",574,49:08,15:49,F 60-64/19,F-61,606,49:26,39.50%
1027,Linda Kooons,"San Diego, CA",870,49:15,15:51,F 55-59/21,F-59,607,50:22,38.32%
1028,Juan Ulloa,"El Centro, CA",632,49:38,15:59,M 60-64/22,M-60,421,51:10,32.31%
1029,Paula Garner,"San Diego, CA",206,49:38,15:59,F 55-59/22,F-57,608,50:57,36.98%
1030,Wendy Welch,"Las Vegas, NV",345,49:41,16:00,F 50-54/49,F-50,609,1:03:03,33.76%
1031,Najhmi Doer,"El Cajon, CA",775,49:41,16:00,F 35-39/78,F-35,610,50:44,30.10%
1032,Gabriela Collazo,"Santee, CA",1237,49:42,16:00,F 50-54/50,F-50,611,50:44,33.75%
1033,Lee Bacon,"Vista, CA",399,49:45,16:01,F 55-59/23,F-55,612,50:12,35.92%
1034,Delia Lopez,"San Diego, CA",413,49:48,16:02,F 40-44/81,F-41,613,1:02:24,30.90%
1035,Jeanine Clark,"Poway, CA",1230,49:49,16:03,F 45-49/66,F-45,614,50:21,31.89%
1036,Amy Storey,"San Diego, CA",141,49:50,16:03,F 35-39/79,F-35,615,56:12,30.01%
1037,Shirley Teel,"San Diego, CA",1236,49:50,16:03,F 80-99/2,F-80,616,50:20,53.50%
1038,Emerson Bartolome,"San Diego, CA",167,49:55,16:04,M 30-34/62,M-31,422,49:55,25.99%
1039,Tonya Taylor,"Lemon Grove, CA",593,49:56,16:05,F 30-34/109,F-33,617,51:10,29.78%
1040,Juan Becerra,"San Diego, CA",584,49:58,16:05,M 30-34/63,M-34,423,54:51,26.26%
1041,Matthew Mace,"San Diego, CA",996,50:01,16:06,M 35-39/55,M-36,424,52:03,26.53%
1042,Monica Ulibarri,"La Mesa, CA",713,50:10,16:09,F 35-39/80,F-37,618,51:40,30.01%
1043,Charles Deal,"San Diego, CA",1152,50:11,16:09,M 40-44/44,M-44,425,51:06,28.04%
1044,Rebecca Deal,"San Diego, CA",1151,50:13,16:10,F 40-44/82,F-43,619,51:09,31.11%
1045,Micheal Mullaney,"San Diego, CA",1323,50:17,16:12,M 25-29/45,M-26,426,51:21,25.66%
1046,Kim Pavel,"La Jolla, CA",1255,50:23,16:13,F 50-54/51,F-50,620,52:20,33.29%
1047,Alice Correll,"Spring Valley, CA",419,50:25,16:14,F 65-69/5,F-69,621,51:21,43.45%
1048,Guy McClellan,"San Diego, CA",264,50:27,16:15,M 30-34/64,M-31,427,51:06,25.71%
1049,Jim McNulty,"La Mesa, CA",541,50:30,16:16,M 40-44/45,M-44,428,51:30,27.86%
1050,Chip Harrison,"La Jolla, CA",1245,50:35,16:17,M 50-54/33,M-51,429,52:33,29.40%
1051,Rex Harrison,"La Jolla, CA",1256,50:36,16:17,M 01-12/27,M-5,430,52:32,39.08%
1052,Jim Correll,"San Diego, CA",1036,50:53,16:23,M 45-49/48,M-45,431,51:46,27.88%
1053,Annette Correll,"Chula Vista, CA",422,50:55,16:24,F 40-44/83,F-41,622,51:47,30.22%
1054,Janet Lancaster,"La Mesa, CA",54,50:59,16:25,F 40-44/84,F-41,623,52:31,30.18%
1055,Irma Rosas,"San Diego, CA",573,51:07,16:27,F 18-24/40,F-20,624,51:27,28.96%
1056,Patricia Castellanos,"Chula Vista, CA",576,51:08,16:28,F 35-39/81,F-35,625,51:27,29.25%
1057,Alicia Isabela Miller,"Chula Vista, CA",575,51:09,16:28,F 30-34/110,F-34,626,51:27,29.14%
1058,John Weaver,"Coto De Caza, CA",462,51:14,16:30,M 25-29/46,M-28,432,52:48,25.19%
1059,Gerilynne Jardin,"Vista, CA",359,51:14,16:30,F 18-24/41,F-24,627,52:48,28.90%
1060,Marco Valenzuela,"Chula Vista, CA",209,51:18,16:31,M 45-49/49,M-47,433,53:17,28.08%
1061,Corissa Pelletier,"San Diego, CA",1044,51:21,16:32,F 25-29/102,F-25,628,51:21,28.83%
1062,Michael Hoener,"Chula Vista, CA",472,51:32,16:36,M 50-54/34,M-52,434,51:32,29.08%
1063,Dale Wentzel,"Lakeside, CA",536,51:34,16:36,M 70-74/12,M-72,435,51:48,35.08%
1064,Larry Cunningham,"San Diego, CA",16,51:39,16:38,M 65-69/12,M-67,436,52:43,33.09%
1065,Marilyn Cunningham,"San Diego, CA",17,51:40,16:38,F 65-69/6,F-66,629,52:43,40.46%
1066,Robert Krone,"Lakeside, CA",394,51:48,16:41,M 60-64/23,M-64,437,51:48,32.09%
1067,William Tritchler,"Poway, CA",118,51:52,16:42,M 30-34/65,M-30,438,54:04,24.94%
1068,Anny Lin,"Poway, CA",117,51:52,16:42,F 25-29/103,F-29,630,54:03,28.54%
1069,Sandra Dredla,"Chula Vista, CA",523,51:55,16:43,F 45-49/67,F-49,631,53:54,31.92%
1070,Joyce Lin,"San Diego, CA",231,52:00,16:44,F 25-29/104,F-25,632,54:02,28.47%
1071,Laura Agey,"San Diego, CA",823,52:05,16:46,F 40-44/85,F-40,633,54:00,29.39%
1072,Theo Agey,"San Diego, CA",822,52:08,16:47,M 45-49/50,M-45,439,54:00,27.21%
1073,Ralph McCarty,"Bonita, CA",752,52:09,16:48,M 65-69/13,M-65,440,54:01,32.16%
1074,Morgan Siegel,"El Cajon, CA",111,52:25,16:53,F 18-24/42,F-23,634,54:18,28.24%
1075,Valerie Arriola,"San Diego, CA",110,52:25,16:53,F 18-24/43,F-23,635,54:18,28.24%
1076,Tom Ruff,"San Diego, CA",1332,52:40,16:57,M 35-39/56,M-38,441,56:29,25.55%
1077,Joe Warren,"San Diego, CA",1075,52:41,16:58,M 50-54/35,M-50,442,54:08,28.01%
1078,Ingrid Chappell,"San Diego, CA",75,52:42,16:58,F 25-29/105,F-27,636,54:02,28.09%
1079,Courtney Mahoney,"San Diego, CA",74,52:42,16:58,F 35-39/82,F-35,637,54:03,28.38%
1080,Julita Lopez,"South San Francisco, CA",299,52:46,16:59,F 65-69/7,F-65,638,53:55,39.02%
1081,Patti Waterman,"Vista, CA",806,53:00,17:04,F 55-59/24,F-59,639,54:48,35.61%
1082,Bonnie Plein,"Oceanside, CA",210,53:00,17:04,F 65-69/8,F-68,640,54:49,40.67%
1083,Ande Cogsdill,"San Diego, CA",611,53:00,17:04,M 30-34/66,M-32,443,55:01,24.54%
1084,Humberto Rivero,"San Diego, CA",590,53:01,17:04,M 18-24/20,M-23,444,55:00,24.34%
1085,Sheri Spinazzola,"San Diego, CA",612,53:01,17:04,F 40-44/86,F-43,641,55:00,29.47%
1086,Vanessa Borio,"San Diego, CA",588,53:03,17:05,F 18-24/44,F-24,642,55:01,27.91%
1087,Jeremy Kietzke,"San Diego, CA",613,53:07,17:06,M 30-34/67,M-30,445,55:04,24.36%
1088,Alexandra Onvieros,"Chula Vista, CA",1310,53:08,17:07,F 01-12/25,F-5,643,53:08,38.44%
1089,Gigi Savile,"San Diego, CA",99,53:10,17:07,F 55-59/25,F-58,644,54:09,35.00%
1090,Connie Henry,"Pomona, CA",389,53:10,17:07,F 55-59/26,F-56,645,54:09,34.05%
1091,Ana Alcantar,"Chula Vista, CA",1090,53:10,17:07,F 50-54/52,F-52,646,53:10,32.33%
1092,Susan Legaspi,"Los Angeles, CA",629,53:10,17:07,F 55-59/27,F-56,647,54:09,34.05%
1093,Cynthia Cohen,"Pomona, CA",801,53:11,17:07,F 55-59/28,F-57,648,54:09,34.51%
1094,Narciso Vasquez,"San Diego, CA",649,53:12,17:08,M 25-29/47,M-29,446,1:00:09,24.28%
1095,Melissa Garibay,"San Diego, CA",1103,53:15,17:09,F 25-29/106,F-28,649,1:02:15,27.80%
1096,Oscar Garibay,"San Diego, CA",1095,53:15,17:09,M 30-34/68,M-32,447,1:02:14,24.42%
1097,Martha Morris,"San Diego, CA",755,53:16,17:09,F 75-79/2,F-75,650,54:16,45.54%
1098,Hailey Garibay,"San Diego, CA",1096,53:19,17:10,F 01-12/26,F-6,651,1:02:18,36.65%
1099,Erik Al Balooshi,"Encinitas, CA",592,53:25,17:12,M 40-44/46,M-43,448,55:04,26.15%
1100,Michelle Al Balooshi,"Encinitas, CA",591,53:26,17:12,F 35-39/83,F-37,652,55:04,28.17%
1101,Allie True,"Alamo, CA",293,53:29,17:13,F 25-29/107,F-26,653,54:44,27.68%
1102,Christinia Ellett,"San Diego, CA",294,53:32,17:14,F 35-39/84,F-39,654,54:46,28.40%
1103,Lynn Ballantyne,"Goleta, CA",479,53:37,17:16,F 45-49/68,F-47,655,59:46,30.22%
1104,Gaby Holley,"San Diego, CA",481,53:39,17:16,F 35-39/85,F-39,656,59:46,28.34%
1105,Dorothy Stock,"La Mesa, CA",695,54:00,17:23,F 75-79/3,F-78,657,54:29,47.45%
1106,Francisca Ramirez,"San Diego, CA",731,54:00,17:23,F 50-54/53,F-54,658,1:00:55,32.66%
1107,Eve McElrath,"Carlsbad, CA",244,55:02,17:43,F 40-44/87,F-44,659,57:03,28.59%
1108,Julie Hennes,"San Diego, CA",245,55:03,17:44,F 45-49/69,F-47,660,57:03,29.44%
1109,Margaret Scranton,"Miamisburg, OH",181,55:06,17:44,F 70-74/8,F-71,661,56:22,41.09%
1110,James Stout,"San Diego, CA",945,55:16,17:48,M 35-39/57,M-35,449,1:01:02,23.86%
1111,Jennifer Guzman,"San Diego, CA",941,55:16,17:48,F 30-34/111,F-34,662,1:01:02,26.97%
1112,Chieko McCann,"San Diego, CA",778,55:22,17:49,F 30-34/112,F-33,663,55:52,26.86%
1113,Hitomi Conrady,"San Diego, CA",783,55:23,17:50,F 50-54/54,F-50,664,55:51,30.28%
1114,Teresa Ondre,"San Diego, CA",1335,56:25,18:10,F 35-39/86,F-39,665,1:05:58,26.95%
1115,Jennifer Roy,"San Diego, CA",1334,56:29,18:11,F 40-44/88,F-41,666,1:05:55,27.24%
1116,Stephanie Nisan,"La Jolla, CA",300,56:29,18:11,F 25-29/108,F-27,667,57:51,26.21%
1117,Christine Kaussen,"San Diego, CA",144,56:29,18:11,F NoAge/0,F-0,668,57:51, 0.00%
1118,Frances Shore,"San Diego, CA",1022,56:33,18:12,F 70-74/9,F-72,669,57:59,40.71%
1119,Jennifer Rimer,"San Diego, CA",668,56:53,18:19,F 35-39/87,F-37,670,1:06:13,26.47%
1120,Liz Carvalho,"Chula Vista, CA",1111,56:53,18:19,F 35-39/88,F-35,671,1:06:12,26.29%
1121,Akiko Inoue,"San Diego, CA",842,57:05,18:23,F 35-39/89,F-35,672,58:15,26.20%
1122,Minori Inoue,"San Diego, CA",845,57:05,18:23,F 01-12/27,F-4,673,58:15, 0.00%
1123,Maureen Hennessey,"San Diego, CA",486,57:18,18:27,F 55-59/29,F-57,674,58:55,32.03%
1124,Brian Slaughter,"San Diego, CA",1113,57:26,18:30,M 40-44/47,M-42,450,59:18,24.12%
1125,Michael Drummond,"San Diego, CA",585,57:58,18:40,M 13-17/22,M-16,451,59:59,23.64%
1126,David Drummond,"San Diego, CA",597,57:58,18:40,M 50-54/36,M-52,452,1:00:00,25.86%
1127,Jo Capito,"San Diego, CA",1077,58:02,18:41,F 55-59/30,F-56,675,58:25,31.20%
1128,John Durmmond,"San Diego, CA",587,58:03,18:41,M 18-24/21,M-20,453,1:00:01,22.46%
1129,Deb Dimery,"San Diego, CA",1131,58:05,18:42,F 50-54/55,F-54,676,58:27,30.37%
1130,Justin Tracht,"San Diego, CA",563,58:35,18:52,M 35-39/58,M-36,454,1:13:11,22.65%
1131,Ariana Pietroforte,"San Diego, CA",568,58:37,18:52,F 18-24/45,F-20,677,1:13:10,25.26%
1132,Angela Bush,"San Diego, CA",564,58:37,18:52,F 30-34/113,F-31,678,1:13:10,25.28%
1133,Lean Anjo,"San Diego, CA",569,58:37,18:52,F 18-24/46,F-21,679,1:13:10,25.26%
1134,Teresa Wheatley,"San Diego, CA",921,58:38,18:53,F 40-44/89,F-41,680,1:13:10,26.24%
1135,Jenne Geno,"Santee, CA",436,58:42,18:54,F 45-49/70,F-46,681,1:00:38,27.32%
1136,Kathie Stoll,"San Diego, CA",398,58:43,18:54,F 45-49/71,F-46,682,1:00:38,27.31%
1137,Jose Hernandez,"San Diego, CA",615,59:35,19:11,M 40-44/48,M-43,455,59:57,23.45%
1138,Veronica Espinoza,"National City, CA",596,59:36,19:11,F 50-54/56,F-51,683,1:00:01,28.48%
1139,Meagan Deolimpio,"San Diego, CA",482,1:00:04,19:20,F 30-34/114,F-31,684,1:06:25,24.67%
1140,Diane Strohm,"Ramona, CA",747,1:00:07,19:21,F 55-59/31,F-55,685,1:01:43,29.73%
1141,Evelyn Coots,"Ramona, CA",746,1:00:08,19:22,F 45-49/72,F-48,686,1:01:45,27.22%
1142,Rubina Dhani,"San Diego, CA",485,1:00:12,19:23,F 18-24/47,F-23,687,1:06:24,24.59%
1143,Ashley Adams,"San Diego, CA",480,1:00:14,19:24,F 18-24/48,F-22,688,1:06:25,24.58%
1144,Alena Swedeker,"San Diego, CA",483,1:00:14,19:24,F 18-24/49,F-20,689,1:06:25,24.58%
1145,Julie Aimalefoa,"Poway, CA",451,1:01:21,19:45,F 45-49/73,F-48,690,1:03:05,26.68%
1146,Caitlin Aimalefoa,"Poway, CA",455,1:01:23,19:46,F 18-24/50,F-20,691,1:03:06,24.12%
1147,Linda West,"San Diego, CA",408,1:01:34,19:49,F 55-59/32,F-59,692,1:02:42,30.65%
1148,Jayme Wynn,"San Diego, CA",407,1:01:36,19:50,F 25-29/109,F-28,693,1:02:43,24.03%
1149,Teresa Caldwell,"Lemon Grove, CA",847,1:01:46,19:53,F 50-54/57,F-52,694,1:02:43,27.83%
1150,Greg Welch,"Las Vegas, NV",344,1:03:03,20:18,M 45-49/51,M-49,456,1:03:03,23.22%
1151,Juana Napier,"Poway, CA",453,1:03:13,20:21,F 45-49/74,F-48,695,1:04:58,25.90%
1152,Carey Booher,"San Diego, CA",1314,1:06:42,21:28,F 35-39/90,F-37,696,1:08:10,22.57%
1153,Daryl Sutton,"Poway, CA",454,1:07:48,21:50,M 35-39/59,M-37,457,1:09:31,19.70%
1154,Susan Aimalefoa,"Poway, CA",452,1:09:31,22:23,F 45-49/75,F-49,697,1:09:31,23.84%
