Bib,Name,Gender,Age,Hometown,Overall,Men,M 18-99,Age/Grade,Finish,Chip Time,Gun Time,2.7 Mi
3,Sergio Gonzalez,M,24,"San Marcos, CA",1 out of 133,1 out of 78,0 out of 0, 81.82% Place: 1,32:50 Pace: 5:17,32:50,32:50,15:18 Pace: 5:40
2322,Nazario Romero,M,0,", CA",2 out of 133,2 out of 78,0 out of 0,33:02 Pace: 5:19,33:02,33:02,15:30 Pace: 5:45
2304,Brian Masayesva,M,15,"San Diego, CA",4 out of 133,4 out of 78,1 out of 7, 76.31% Place: 3,38:00 Pace: 6:07,38:00,38:01,17:32 Pace: 6:30
2302,Anthony Masayesva,M,15,"San Diego, CA",5 out of 133,5 out of 78,2 out of 7, 76.27% Place: 4,38:01 Pace: 6:08,38:01,38:02,17:31 Pace: 6:30
1270,Alisa Rodgers,F,38,"Poway, CA",7 out of 133,2 out of 55,0 out of 0, 75.76% Place: 6,40:57 Pace: 6:36,40:56,40:57,19:12 Pace: 7:07
2013,Kye Gilder,M,39,"San Diego, CA",9 out of 133,6 out of 78,1 out of 62, 59.62% Place: 11,47:19 Pace: 7:37,47:19,47:20,20:13 Pace: 7:30
1268,Renee Payne,F,22,"San Diego, CA",13 out of 133,4 out of 55,1 out of 48, 60.69% Place: 8,50:00 Pace: 8:03,50:00,50:12,21:59 Pace: 8:09
1228,Robert Frye,M,35,"San Diego, CA",14 out of 133,10 out of 78,4 out of 62, 54.74% Place: 24,50:08 Pace: 8:05,50:08,50:11,22:01 Pace: 8:09
1279,Alex Tamayo,M,45,"San Diego, CA",17 out of 133,12 out of 78,5 out of 62, 57.99% Place: 17,50:55 Pace: 8:12,50:55,50:58,22:47 Pace: 8:26
1207,Johanna Bonfiglio,F,34,"Carlsbad, CA",19 out of 133,7 out of 55,4 out of 48, 59.25% Place: 12,51:33 Pace: 8:18,51:33,51:34,18:52 Pace: 7:00
1266,Joanne Olson,F,36,"Escondido, CA",20 out of 133,8 out of 55,5 out of 48, 58.91% Place: 16,52:11 Pace: 8:24,52:11,52:13,23:11 Pace: 8:35
2019,John McShane,M,35,"Chula Vista, CA",24 out of 133,15 out of 78,7 out of 62, 51.91% Place: 31,52:52 Pace: 8:31,52:52,53:12,22:22 Pace: 8:17
1284,Dean Weese,M,46,"Poway, CA",28 out of 133,18 out of 78,10 out of 62, 54.36% Place: 25,54:43 Pace: 8:49,54:43,54:45,24:10 Pace: 8:58
1227,Bethany Friesen,F,28,"San Diego, CA",30 out of 133,11 out of 55,8 out of 48, 55.00% Place: 23,55:10 Pace: 8:53,55:10,55:15,24:32 Pace: 9:06
1258,Lenin Morales,M,35,"San Diego, CA",31 out of 133,20 out of 78,12 out of 62, 48.89% Place: 45,56:08 Pace: 9:02,56:08,56:10,25:15 Pace: 9:21
2317,Tyler Ortiz,M,17,"Poway, CA",34 out of 133,23 out of 78,4 out of 7, 49.17% Place: 43,57:12 Pace: 9:13,57:12,57:15,25:24 Pace: 9:25
2311,Steven Casey,M,49,"Poway, CA",37 out of 133,25 out of 78,16 out of 62, 52.71% Place: 28,57:47 Pace: 9:18,57:47,58:03,26:41 Pace: 9:53
1216,Orlando Cardoso,M,35,"San Diego, CA",40 out of 133,28 out of 78,19 out of 62, 47.31% Place: 54,58:00 Pace: 9:20,58:00,58:17,24:52 Pace: 9:13
1286,David West,M,41,"San Diego, CA",45 out of 133,33 out of 78,24 out of 62, 48.42% Place: 48,59:07 Pace: 9:31,59:07,59:23,26:33 Pace: 9:50
2015,Sean Hutchinson,M,24,"San Diego, CA",48 out of 133,34 out of 78,25 out of 62, 44.99% Place: 61,59:42 Pace: 9:37,59:42,59:42,27:13 Pace: 10:05
2308,Joseph Ahamirano,M,0,", CA",52 out of 133,37 out of 78,3 out of 6,1:01:00 Pace: 9:49,1:01:00,1:01:03,27:09 Pace: 10:04
1265,Michael Norris,M,29,"San Diego, CA",54 out of 133,39 out of 78,28 out of 62, 43.96% Place: 66,1:01:08 Pace: 9:51,1:01:08,1:01:31,27:04 Pace: 10:02
2323,Rose Limberis,F,0,", CA",56 out of 133,16 out of 55,1 out of 2,1:01:23 Pace: 9:53,1:01:23,1:01:30,27:52 Pace: 10:20
2313,Chenin Chappell,F,25,"Escondido, CA",59 out of 133,18 out of 55,13 out of 48, 49.20% Place: 42,1:01:40 Pace: 9:56,1:01:40,1:01:51,27:35 Pace: 10:13
2315,Staci Benak,F,22,"San Diego, CA",63 out of 133,19 out of 55,14 out of 48, 47.71% Place: 52,1:03:36 Pace: 10:15,1:03:36,1:03:48,27:14 Pace: 10:05
1290,Brian Wilcox,M,36,"Poway, CA",64 out of 133,45 out of 78,33 out of 62, 43.23% Place: 71,1:03:52 Pace: 10:17,1:03:52,1:04:21,28:38 Pace: 10:37
1234,Brad Grimm,M,46,"Carlsbad, CA",71 out of 133,49 out of 78,37 out of 62, 44.56% Place: 62,1:06:45 Pace: 10:45,1:06:45,1:07:13,29:33 Pace: 10:57
1208,Russ Boyer,M,37,"Poway, CA",76 out of 133,54 out of 78,42 out of 62, 41.22% Place: 84,1:07:25 Pace: 10:51,1:07:25,1:07:48,30:01 Pace: 11:07
2018,Doug Jones,M,33,"Chula Vista, CA",78 out of 133,56 out of 78,44 out of 62, 39.88% Place: 88,1:08:08 Pace: 10:58,1:08:08,1:08:25,30:37 Pace: 11:21
1271,Benjamin Rodriguez,M,25,"San Diego, CA",83 out of 133,60 out of 78,48 out of 62, 38.68% Place: 97,1:09:26 Pace: 11:11,1:09:26,1:09:32,29:21 Pace: 10:53
2325,Trisha Kinsman,F,23,"La Jolla, CA",85 out of 133,25 out of 55,20 out of 48, 43.34% Place: 69,1:10:00 Pace: 11:16,1:10:00,1:10:01,25:25 Pace: 9:25
2303,Ian Masayesva,M,38,"San Diego, CA",86 out of 133,61 out of 78,49 out of 62, 38.92% Place: 95,1:11:57 Pace: 11:35,1:11:57,1:11:59,29:18 Pace: 10:52
2014,Granger Hodgson,M,47,"San Diego, CA",88 out of 133,63 out of 78,51 out of 62, 41.10% Place: 85,1:12:56 Pace: 11:45,1:12:56,1:13:17,31:33 Pace: 11:41
1263,Sheryl Nichols,F,50,"El Cajon, CA",90 out of 133,26 out of 55,21 out of 48, 46.96% Place: 56,1:13:12 Pace: 11:47,1:13:12,1:13:27,32:42 Pace: 12:07
1209,Jennifer Brady,F,37,"San Diego, CA",93 out of 133,28 out of 55,23 out of 48, 41.88% Place: 79,1:13:41 Pace: 11:52,1:13:41,1:14:13,32:50 Pace: 12:10
1257,Juan Montano,M,42,"San Diego, CA",94 out of 133,66 out of 78,54 out of 62, 39.10% Place: 93,1:13:45 Pace: 11:53,1:13:45,1:14:08,32:32 Pace: 12:03
1251,Kimberly Marrs,F,46,"Bonsall, CA",98 out of 133,30 out of 55,25 out of 48, 42.76% Place: 77,1:16:50 Pace: 12:22,1:16:50,1:17:01,35:09 Pace: 13:02
1293,Alely Wright,F,33,"San Diego, CA",104 out of 133,34 out of 55,29 out of 48, 38.58% Place: 98,1:18:59 Pace: 12:43,1:18:59,1:19:29,34:47 Pace: 12:53
1242,Katherine Keller,F,38,"San Diego, CA",107 out of 133,37 out of 55,32 out of 48, 38.39% Place: 99,1:20:46 Pace: 13:00,1:20:46,1:21:07,34:43 Pace: 12:52
1237,Emily Hom,F,27,"San Diego, CA",108 out of 133,38 out of 55,33 out of 48, 37.54% Place: 105,1:20:49 Pace: 13:01,1:20:49,1:21:21,35:13 Pace: 13:03
1507,Dave Solliday,M,0,"Virginia Beach, VA",109 out of 133,71 out of 78,5 out of 6,1:20:58 Pace: 13:02,1:20:58,1:21:26,35:38 Pace: 13:12
1294,Melanie Zemberi,F,52,"San Diego, CA",110 out of 133,39 out of 55,34 out of 48, 43.14% Place: 72,1:21:41 Pace: 13:09,1:21:41,1:21:55,36:38 Pace: 13:34
1278,Mary Syto,F,38,"San Diego, CA",111 out of 133,40 out of 55,35 out of 48, 37.94% Place: 103,1:21:44 Pace: 13:10,1:21:44,1:22:05,34:39 Pace: 12:50
1241,Christina Kaye,F,35,"San Diego, CA",112 out of 133,41 out of 55,36 out of 48, 37.49% Place: 106,1:21:44 Pace: 13:10,1:21:44,1:22:05,36:25 Pace: 13:30
1240,Samantha Kaplan,F,32,"San Diego, CA",113 out of 133,42 out of 55,37 out of 48, 37.19% Place: 108,1:21:45 Pace: 13:10,1:21:45,1:22:06,36:19 Pace: 13:27
1502,Robert Waller,M,50,"Poway, CA",114 out of 133,72 out of 78,57 out of 62, 37.42% Place: 107,1:22:04 Pace: 13:13,1:22:04,1:22:37,35:44 Pace: 13:14
1221,Hilary Cuevas-Balanon,F,41,"Poway, CA",115 out of 133,43 out of 55,38 out of 48, 37.97% Place: 102,1:23:04 Pace: 13:23,1:23:04,1:23:13,37:11 Pace: 13:47
1283,Cindy Van Mouwerik,F,54,"El Cajon, CA",116 out of 133,44 out of 55,39 out of 48, 42.96% Place: 75,1:24:10 Pace: 13:33,1:24:10,1:24:37,37:01 Pace: 13:43
1239,Juliana Jorgensen,F,35,"Escondido, CA",117 out of 133,45 out of 55,40 out of 48, 36.25% Place: 113,1:24:31 Pace: 13:36,1:24:31,1:24:49,36:40 Pace: 13:35
1514,Bridget Mendez,F,28,"San Diego, CA",118 out of 133,46 out of 55,41 out of 48, 35.78% Place: 115,1:24:47 Pace: 13:39,1:24:47,1:25:06,38:06 Pace: 14:07
2320,Till Smolan,M,0,"Carlsbad, CA",119 out of 133,73 out of 78,6 out of 6,1:26:16 Pace: 13:53,1:26:16,1:26:20,37:11 Pace: 13:47
2009,Kevin Connelly,M,28,"San Diego, CA",120 out of 133,74 out of 78,58 out of 62, 30.46% Place: 122,1:28:10 Pace: 14:12,1:28:10,1:28:41,39:41 Pace: 14:42
2319,Candelaria Angele,F,0,"Poway, CA",121 out of 133,47 out of 55,2 out of 2,1:28:17 Pace: 14:13,1:28:17,1:28:25,38:13 Pace: 14:10
1509,Veronica Kitts,F,42,"San Diego, CA",122 out of 133,48 out of 55,42 out of 48, 35.91% Place: 114,1:28:29 Pace: 14:15,1:28:29,1:28:38,39:09 Pace: 14:30
1253,Maura Mendoza,F,26,"Escondido, CA",123 out of 133,49 out of 55,43 out of 48, 33.57% Place: 117,1:30:23 Pace: 14:33,1:30:23,1:30:36,38:43 Pace: 14:21
1254,Stephanie Mendoza,F,16,"Escondido, CA",124 out of 133,50 out of 55,2 out of 2, 34.70% Place: 116,1:30:27 Pace: 14:34,1:30:27,1:30:39,39:08 Pace: 14:30
1260,Jennifer Muse,F,52,"Poway, CA",126 out of 133,51 out of 55,44 out of 48, 38.29% Place: 100,1:32:02 Pace: 14:49,1:32:02,1:32:29,40:29 Pace: 15:00
1256,Juana Molina,F,34,"San Diego, CA",128 out of 133,53 out of 55,46 out of 48, 31.16% Place: 119,1:38:00 Pace: 15:47,1:38:00,1:38:09,41:52 Pace: 15:31
2307,Paul Garcia,M,52,"Ramona, CA",131 out of 133,77 out of 78,61 out of 62, 31.17% Place: 118,1:40:07 Pace: 16:07,1:40:07,1:40:10,43:23 Pace: 16:04
2301,Don Merkin,M,75,"San Diego, CA",132 out of 133,78 out of 78,62 out of 62, 36.71% Place: 111,1:47:26 Pace: 17:18,1:47:26,1:47:52,47:28 Pace: 17:35
1225,Blanca Fisher,F,48,"Poway, CA",133 out of 133,55 out of 55,48 out of 48, 30.93% Place: 121,1:48:29 Pace: 17:28,1:48:29,1:48:55,45:12 Pace: 16:45
