Place,Name,Location,Bib,Net Time,Pace,Division/Place,Sex-Age,Sex-Place,Gun Time,Age Grade
1,eric causey,"encinitas, CA",182,16:02,5:10,M 13-17/1,M-17,1,16:02,84.29%
2,Daniel Farmer,"Escondido, CA",316,16:13,5:13,M 18-24/1,M-24,2,16:13,79.63%
3,RHETT BAYNES,"Encinitas, CA",1098,16:48,5:25,M 13-17/2,M-17,3,16:48,80.44%
4,PETER CHENARD,"SAN DIEGO, CA",1265,17:10,5:32,M 40-44/1,M-40,4,17:10,79.59%
5,James Sheremeta,"La Jolla, CA",1309,17:16,5:34,M 45-49/1,M-46,5,17:16,82.80%
6,ALICE SCHMIDT,"coronado, CA",1051,17:25,5:37,F 25-29/1,F-29,1,17:25,85.06%
7,TRAVIS KING,"LOVELAND, CA",1305,17:29,5:38,M 25-29/1,M-25,6,17:31,73.85%
8,sergio ribeiro,"la mesa, CA",768,17:34,5:40,M 40-44/2,M-40,7,17:34,77.78%
9,Jacob Ward,"Santee, CA",981,17:35,5:40,M 25-29/2,M-29,8,17:36,73.53%
10,patrick mckeon,"philadelphia, PA",614,17:40,5:41,M 18-24/2,M-22,9,17:40,73.09%
11,James copp,"san juan capistrano, CA",227,17:47,5:44,M 50-54/1,M-54,10,17:48,85.74%
12,Matt Clifford,", ",1246,18:00,5:48,M 18-24/3,M-23,11,18:00,71.73%
13,Blake Wilson,"San Diego, CA",1005,18:08,5:51,M 13-17/3,M-17,12,18:09,74.52%
14,JASON HABEGER,"Oceanside, CA",1354,18:23,5:55,M 25-29/3,M-27,13,18:24,70.24%
15,Alec Williams,"Coronado, CA",998,18:25,5:56,M 18-24/4,M-23,14,19:04,70.11%
16,OWEN CHEN,"San diego, CA",1181,18:26,5:56,M 13-17/4,M-17,15,18:27,73.30%
17,Victor Stanfield,"Gulfport, MS",1368,18:47,6:03,M 30-34/1,M-30,16,18:49,68.92%
18,Duane WolfBlack,"Chula Vista, CA",1009,19:02,6:08,M 13-17/5,M-15,17,19:04,73.18%
19,Tony Gonzales,"Spring Valley, CA",1337,19:15,6:12,M 18-24/5,M-19,18,19:18,68.54%
20,Perry Wheat,"San Diego, CA",988,19:20,6:14,M 13-17/6,M-16,19,19:20,70.92%
21,SETH GRAHAM,"SAN DIEGO, CA",1345,19:22,6:14,M 30-34/2,M-32,20,19:24,67.18%
22,Matt Barge,"San Diego, CA",67,19:30,6:17,M 13-17/7,M-16,21,19:30,70.32%
23,BRANDON ISAAKS,"Bonita, CA",1077,19:32,6:18,M 13-17/8,M-15,22,19:34,71.31%
24,Chris Everett,"San Diego, CA",312,19:33,6:18,M 13-17/9,M-17,23,19:34,69.11%
25,Kurtis Shaffer,"Carlsbad, CA",846,19:40,6:20,M 13-17/10,M-14,24,19:41,72.18%
26,Arjun Kumar,"San Diego, CA",522,19:40,6:20,M 13-17/11,M-16,25,19:41,69.72%
27,Kelsey Oconnell,"Solana Beach, CA",688,19:41,6:20,F 13-17/1,F-15,2,19:41,78.81%
28,Mandy Braidic,"Carlsbad, CA",110,19:42,6:21,F 40-44/1,F-41,3,19:43,78.15%
29,Andrew Donahue,"Rancho Santa Fe, CA",281,19:46,6:22,M 13-17/12,M-14,26,19:47,71.81%
30,Francisco Villasenor,"Coronado, CA",971,19:48,6:23,M 35-39/1,M-35,27,19:53,66.64%
31,Antonio Hernandez,"San Diego, CA",413,19:54,6:25,M 18-24/6,M-22,28,19:56,64.88%
32,elaine ribeiro,"la mesa, CA",769,20:09,6:30,F 13-17/2,F-15,4,20:10,76.99%
33,Nathan Platt,"San Diego, CA",735,20:13,6:31,M 13-17/13,M-15,29,20:14,68.89%
34,Kentaro Tachikawa,"San Diego, CA",917,20:14,6:31,M 35-39/2,M-37,30,20:16,66.03%
35,Ben Jafek,"San Diego, CA",453,20:14,6:31,M 13-17/14,M-16,31,20:14,67.77%
36,Tal Braude,"San Diego, CA",111,20:15,6:31,M 13-17/15,M-15,32,20:15,68.78%
37,Wade Andrews,"San Diego, CA",1377,20:15,6:31,M 25-29/4,M-29,33,20:24,63.84%
38,nicole mather,"San Diego, CA",604,20:22,6:34,F 25-29/2,F-25,5,20:25,72.73%
39,Efren Limbag,"San Diego, CA",549,20:24,6:34,M 35-39/3,M-39,34,20:40,66.48%
40,Thomas Murray,"Boston, MA",661,20:28,6:36,M 18-24/7,M-24,35,20:38,63.08%
41,Doug Andrews,"Encinitas, CA",1376,20:29,6:36,M 50-54/2,M-52,36,20:38,73.21%
42,BROOKE ROENICKE,"San Diego, CA",1193,20:32,6:37,F 30-34/1,F-33,6,20:36,72.46%
43,Santiago Quintana,"San Diego, CA",752,20:33,6:37,M 13-17/16,M-15,37,20:34,67.78%
44,Cody Morales,"Poway, CA",1331,20:39,6:39,M 13-17/17,M-14,38,20:40,68.74%
45,Steven Norberg,"La Mesa, CA",676,20:41,6:40,M 18-24/8,M-23,39,20:41,62.42%
46,Ryan Kemper,"San Diego, CA",495,20:44,6:41,M 13-17/18,M-14,40,20:46,68.46%
47,Mark Boman,"San Diego, CA",105,20:48,6:42,M 55-59/1,M-55,41,20:50,73.94%
48,Calvin Lee,"San Diego, CA",542,20:57,6:45,M 13-17/19,M-17,42,20:58,64.49%
49,Tori Casella,"Solana Beach, CA",175,20:59,6:46,F 13-17/3,F-15,7,20:59,73.93%
50,Jon Sikute,"El Cajon, CA",857,20:59,6:46,M 40-44/3,M-40,43,21:01,65.10%
51,Gretchen Morgan,"Del Mar, CA",647,21:04,6:47,F 50-54/1,F-50,8,21:06,79.65%
52,Kyle Wilson,"San Diego, CA",1006,21:04,6:47,M 13-17/20,M-17,44,21:05,64.13%
53,Alec Garton,"San Diego, CA",345,21:12,6:50,M 13-17/21,M-16,45,21:13,64.67%
54,tom blanchard,"Oceanside, CA",1374,21:12,6:50,M 50-54/3,M-52,46,21:13,70.73%
55,PAUL PALASZEWSKI,"SAN DIEGO, CA",1266,21:18,6:52,M 45-49/2,M-48,47,21:19,68.21%
56,JAMES CALLAWAY,"Coronado, CA",1139,21:28,6:55,M 65-69/1,M-68,48,21:28,80.42%
57,Yolanda Wagner,"Temecula, CA",977,21:32,6:56,F 25-29/3,F-26,9,21:34,68.78%
58,chris baldwin,"Ann Arbor, MI",61,21:34,6:57,M 35-39/4,M-38,49,21:42,62.41%
59,Mikey Thomas,"Oceanside, CA",932,21:38,6:58,M 01-12/1,M-10,50,21:39,73.01%
60,Andrew Turpin,"Bonita, CA",1341,21:39,6:59,M 13-17/22,M-14,51,21:42,65.56%
61,ian byrne,"san diego, CA",141,21:42,6:59,M 45-49/3,M-49,52,21:45,67.49%
62,ALICK LAU,"SAN DIEGO, CA",1351,21:43,7:00,M 50-54/4,M-50,53,21:47,67.97%
63,roxanne mather,"San Diego, CA",605,21:45,7:00,F 25-29/4,F-25,10,21:48,68.10%
64,Gayle Berretta,"San Diego, CA",92,21:58,7:05,F 45-49/1,F-49,11,22:04,75.47%
65,Jeff Baroni,"San Diego, CA",73,22:07,7:07,M 35-39/5,M-38,54,22:23,60.86%
66,PAUL CLARK,"OLIVENHAIN, CA",1381,22:10,7:08,M 55-59/2,M-56,55,22:19,69.98%
67,JANICE RIEDEL,"San Diego, CA",1033,22:12,7:09,F 45-49/2,F-47,12,22:15,73.03%
68,David Bain,", ",1245,22:13,7:09,M 40-44/4,M-41,56,22:17,61.94%
69,Jason Ferdinand,"Murrieta, CA",319,22:14,7:10,M 25-29/5,M-25,57,22:41,58.06%
70,heather catchpole,"San Diego, CA",1346,22:17,7:11,F 35-39/1,F-35,13,22:20,67.14%
71,David Meland,"San Diego, CA",621,22:21,7:12,M 25-29/6,M-26,58,22:47,57.76%
72,ARTHUR JONES,"San Diego, CA",1046,22:22,7:12,M 45-49/4,M-48,59,22:33,64.95%
73,Suzanne Kocherga,"San Diego, CA",513,22:24,7:13,F 40-44/2,F-41,14,22:26,68.73%
74,Michael Meng,"Chula Vista, CA",624,22:45,7:20,M 30-34/3,M-34,60,23:13,57.70%
75,jeff minark,"san diego, CA",629,22:49,7:21,M 50-54/5,M-54,61,22:53,66.81%
76,Jacob Stanley,"San Diego, CA",902,22:56,7:23,M 25-29/7,M-26,62,23:50,56.29%
77,Joachim Asam,"La Jolla, CA",46,23:00,7:25,M 45-49/5,M-47,63,23:03,62.65%
78,JARED YEN,"San Diego, CA",1180,23:00,7:25,M 13-17/23,M-13,64,23:08,63.09%
79,Sikute Trenton,"El Cajon, CA",947,23:03,7:26,M 01-12/2,M-10,65,23:05,68.52%
80,Philip Sario,"San Diego, CA",1328,23:05,7:26,M 25-29/8,M-27,66,23:30,55.92%
81,ANN MELIN,"San Marcos, CA",1110,23:10,7:28,F 35-39/2,F-37,15,23:28,65.01%
82,Ai Dang,"La Mesa, CA",256,23:13,7:29,M 18-24/9,M-23,67,23:35,55.60%
83,Max Aubain,"San Diego, CA",49,23:19,7:30,F 18-24/1,F-24,16,24:13,63.52%
84,Stacey Sturnot,"Carlsbad, CA",910,23:19,7:31,F 30-34/2,F-32,17,23:21,63.66%
85,KEVIN MCKEAN,"CHULA VISTA, CA",1333,23:20,7:31,M 18-24/10,M-24,68,23:41,55.33%
86,PHIL ROMERO,", CA",1227,23:22,7:32,M 25-29/9,M-28,69,24:12,55.25%
87,Tony Serrano,"La Mesa, CA",844,23:23,7:32,M 40-44/5,M-44,70,23:27,60.20%
88,courtney villalpando,"dexter, NM",966,23:24,7:32,F 13-17/4,F-13,18,23:46,68.28%
89,Leah Pazol,"San Diego, CA",714,23:24,7:32,F 40-44/3,F-44,19,23:46,67.28%
90,Armen Katchiguian,"San Diego, CA",482,23:27,7:33,M 25-29/10,M-25,71,23:46,55.05%
91,Mike Madigan,"San Diego, CA",578,23:28,7:34,M 65-69/2,M-67,72,23:32,72.85%
92,victor redona jr,"Jamul, CA",758,23:30,7:34,M 35-39/6,M-36,73,23:59,56.49%
93,Jonathan Moreno,"San Diego, CA",1414,23:31,7:35,M 25-29/11,M-29,74,24:27,54.96%
94,CAITLIN SELF,"Solana Beach, CA",1034,23:35,7:36,F 18-24/2,F-23,20,23:43,62.80%
95,SCOTT MACDONALD,"SAN DIEGO, CA",1362,23:36,7:36,M 18-24/11,M-24,75,24:52,54.70%
96,Connor Colburn,"San Diego, CA",209,23:43,7:38,M 13-17/24,M-17,76,23:43,56.96%
97,david haycock,"escondido, CA",403,23:46,7:39,M 30-34/4,M-33,77,23:53,54.95%
98,RICHARD MORALES,"San Diego, CA",1342,23:46,7:39,M 40-44/6,M-42,78,23:48,58.32%
99,Ian Beadle,"Carlsbad, CA",76,23:48,7:40,M 25-29/12,M-27,79,23:53,54.24%
100,Joy Parkes,"San Diego, CA",709,23:50,7:41,F 30-34/3,F-34,21,24:03,62.56%
