Place,Name,Location,Bib,Net Time,Pace,Division/Place,Sex-Age,Sex-Place,Gun Time,Age Grade
1,Daniel Farmer,"Escondido, CA",193,35:12,5:40,M 18-24/1,M-24,1,35:12,78.78%
2,Michael Daly,"San Diego, CA",1278,35:17,5:41,M 30-34/1,M-34,2,35:17,77.36%
3,Noah Patterson,"San Diego, CA",235,35:53,5:47,M 35-39/1,M-38,3,35:53,78.07%
4,Eddie Ramos,"San Diego, CA",1272,36:03,5:49,M 18-24/2,M-18,4,36:03,77.02%
5,Wayne Dilly,"San Diego, CA",543,36:18,5:51,M 25-29/1,M-29,5,36:18,74.05%
6,Robert Caughey,"San Diego, CA",1192,36:27,5:52,M 30-34/2,M-31,6,36:28,74.06%
7,Hector Bernal,"Jamul, CA",1331,37:14,6:00,M 25-29/2,M-25,7,37:14,72.15%
8,Miles Lindsay,"Chula Vista, CA",61,37:15,6:00,M 35-39/2,M-39,8,37:15,75.74%
9,Claire Rethmeier,"Escondido, CA",1261,37:44,6:05,F 18-24/1,F-24,1,37:44,80.46%
10,Trevor Neeb,"San Diego, CA",981,38:12,6:09,M 30-34/3,M-31,9,38:12,70.67%
11,Jim McNevin,"Escondido, CA",91,38:23,6:11,M 50-54/1,M-53,10,38:24,81.97%
12,Patrick McBride,"San Diego, CA",934,38:49,6:15,M 35-39/3,M-37,11,38:49,71.61%
13,Artie Ojeda,"San Diego, CA",1250,38:52,6:16,M 45-49/1,M-49,12,38:53,78.38%
14,Chuck Bailey,"San Diego, CA",1291,39:11,6:19,M 45-49/2,M-47,13,39:12,76.51%
15,Robert Martin,"San Diego, CA",504,39:12,6:19,M 40-44/1,M-44,14,39:12,74.73%
16,Mark Gorence,"San Diego, CA",800,39:22,6:21,M 40-44/2,M-43,15,39:23,73.87%
17,Robert Olsen,"Temecula, CA",1312,39:29,6:22,M 45-49/3,M-46,16,39:29,75.34%
18,Ken Chase,"Imperial, CA",11,39:48,6:25,M 40-44/3,M-44,17,39:48,73.61%
19,Stephen Burch,"El Cajon, CA",678,39:56,6:26,M 50-54/2,M-53,18,40:19,78.79%
20,Israel Deltoro,"La Mesa, CA",1357,39:57,6:26,M 25-29/3,M-25,19,39:57,67.24%
21,Todd Broberg,"Carlsbad, CA",1358,40:02,6:27,M 45-49/4,M-45,20,40:03,73.76%
22,Michael Lee,"San Diego, CA",895,40:13,6:29,M 40-44/4,M-44,21,40:13,72.84%
23,Craig Mueller,"St James, MN",262,40:14,6:29,M 55-59/1,M-56,22,40:15,80.19%
24,Alisa Rodgers,"Poway, CA",526,40:32,6:32,F 35-39/1,F-37,2,40:32,76.17%
25,Jason Passchier,"San Diego, CA",1007,40:54,6:35,M 35-39/4,M-36,23,40:55,67.51%
26,Paul Bullock,"Spring Valley, CA",677,41:01,6:36,M 40-44/5,M-42,24,41:01,70.33%
27,Eric Cappell,"San Diego, CA",1650,41:06,6:37,M 25-29/4,M-29,25,41:09,65.40%
28,Joe Unwin,"Oceanside, CA",1146,41:26,6:41,M 40-44/6,M-44,26,41:29,70.70%
29,John Maltby,"San Diego, CA",919,41:27,6:41,M 50-54/3,M-50,27,41:28,74.09%
30,Issac Vallejo,", ",1602,42:00,6:46,M 13-17/1,m-15,28,42:09,69.04%
31,Fernanda De Hoyos-Walther,"Chula Vista, CA",1317,42:05,6:47,F 30-34/1,F-34,3,42:05,72.55%
32,Lucia Muntean,"San Diego, CA",118,42:11,6:48,F 30-34/2,F-31,4,42:11,72.07%
33,Tom Burnett,"Durango, CO",130,42:22,6:50,M 60-64/1,M-62,29,42:28,80.24%
34,Chelsea Mumby,"San Diego, CA",492,42:25,6:50,F 18-24/2,F-20,5,42:25,71.64%
35,Patrick Koranda,"San Diego, CA",1370,42:30,6:51,M 35-39/5,M-35,30,42:36,64.57%
36,Shane Bell,"San Diego, CA",651,42:32,6:51,M 35-39/6,M-36,31,42:35,64.92%
37,Craig Thompson,"San Marcos, CA",1125,42:39,6:52,M 45-49/5,M-46,32,42:42,69.74%
38,Leonard Trinh,"San Diego, CA",1142,42:39,6:52,M 30-34/4,M-30,33,42:41,63.14%
39,Christopher Damoose,"San Diego, CA",140,42:46,6:53,M 35-39/7,M-38,34,42:51,65.50%
40,Alex Tamayo,"San Diego, CA",27,42:50,6:54,M 40-44/7,M-44,35,42:52,68.39%
41,Johny Infante,", ",1599,42:54,6:55,M 50-54/4,m-50,36,42:55,71.59%
42,Tom Berge,"San Diego, CA",653,43:02,6:56,M 45-49/6,M-47,37,43:09,69.66%
43,Marian Holland,"Del Mar, CA",836,43:06,6:57,F 35-39/2,F-38,6,43:08,71.95%
44,Brian Sauerhage,"San Diego, CA",1073,43:13,6:58,M 40-44/8,M-41,38,43:16,66.24%
45,Sean Barr,"La Jolla, CA",640,43:20,6:59,M 35-39/8,M-35,39,43:23,63.33%
46,Glen Raines,"San Diego, CA",1031,43:23,6:59,M 40-44/9,M-43,40,43:35,67.03%
47,Joe Churchman,"San Diego, CA",708,43:28,7:00,M 35-39/9,M-39,41,43:34,64.90%
48,Thomas Skroch,"San Diego, CA",1099,43:35,7:01,M 45-49/7,M-47,42,43:39,68.78%
49,Danielle Duarte,"Carlsbad, CA",753,43:41,7:02,F 25-29/1,F-28,7,43:54,69.47%
50,Alea Stein,"San Diego, CA",1110,43:45,7:03,F 18-24/3,F-24,8,43:47,69.36%
51,Robert Shackelford,"San Diego, CA",187,43:56,7:05,M 40-44/10,M-42,43,44:01,65.65%
52,Jason Klute,"Santee, CA",473,44:03,7:06,M 30-34/5,M-34,44,44:11,61.96%
53,Suzanne Kocherga,"San Diego, CA",879,44:14,7:08,F 40-44/1,F-41,9,44:17,71.32%
54,Chris Halsey,"Santee, CA",513,44:19,7:08,M 13-17/2,M-15,45,44:23,65.43%
55,Teresa Howes,"San Diego, CA",94,44:24,7:09,F 30-34/3,F-34,10,44:31,68.79%
56,Robert Thomson,"San Diego, CA",1127,44:33,7:11,M 45-49/8,M-47,46,44:46,67.29%
57,Lisa Ryan,"San Diego, CA",1061,44:42,7:12,F 30-34/4,F-31,11,44:49,67.96%
58,Elizabeth Berg,"San Diego, CA",652,44:44,7:12,F 40-44/2,F-40,12,44:54,70.11%
59,Tim Helmbrecht,"San Diego, CA",821,44:49,7:13,M 35-39/10,M-39,47,44:53,62.95%
60,Brady Kramer,"San Diego, CA",884,44:49,7:13,M 35-39/11,M-37,48,44:54,62.02%
61,Marc Couillard,"San Diego, CA",719,44:57,7:14,M 35-39/12,M-38,49,44:59,62.31%
62,Eric Navarro,"Chula Vista, CA",979,44:58,7:15,M 30-34/6,M-32,50,45:08,60.22%
63,Espinoza Joel,"San Ysidro, CA",1580,45:01,7:15,M 45-49/9,M-46,51,45:04,66.07%
64,Steve Scott,"Santee, CA",1088,45:01,7:15,M 45-49/10,M-49,52,45:05,67.67%
65,Christopher Graham,"San Diego, CA",241,45:14,7:17,M 35-39/13,M-37,53,45:20,61.44%
66,Vladislav Nodelman,"San Diego, CA",987,45:23,7:19,M 35-39/14,M-39,54,45:27,62.16%
67,Attila Horvath,"La Mesa, CA",840,45:25,7:19,M 40-44/11,M-42,55,45:35,63.51%
68,Ann Armsby,"San Diego, CA",623,45:28,7:19,F 25-29/2,F-26,13,46:03,66.74%
69,Ron Bahra,"Anaheim, CA",463,45:32,7:20,M 45-49/11,M-46,56,45:43,65.32%
70,Larry Hallbick,", CA",12,45:34,7:20,M 50-54/5,M-52,57,45:41,68.50%
71,Cameron Chen,"La Jolla, CA",705,45:38,7:21,M 30-34/7,M-33,58,45:41,59.55%
72,Robert Laporte,"Carlsbad, CA",889,45:49,7:23,M 45-49/12,M-46,59,45:55,64.92%
73,Gary Jacobs,"Lamesa, CA",853,46:02,7:25,M 45-49/13,M-49,60,46:17,66.17%
74,Melissa Vasel,"San Diego, CA",1148,46:03,7:25,F 30-34/5,F-34,14,46:15,66.33%
75,Stacey McClain,"Imperial Beach, CA",935,46:06,7:26,M 40-44/12,M-42,61,46:10,62.57%
76,Caleb Smith,"Santee, CA",1102,46:07,7:26,M 30-34/8,M-30,62,46:18,58.39%
77,Octavio Espinoza,"San Diego, CA",1201,46:12,7:27,M 40-44/13,M-40,63,47:56,61.53%
78,Sharon Gables,"San Diego, CA",778,46:13,7:27,F 18-24/4,F-23,15,46:20,65.66%
79,William Light,"Carlsbad, CA",901,46:18,7:27,M 50-54/6,M-54,64,46:27,68.53%
80,Robert Scalise,"San Diego, CA",180,46:18,7:28,M 35-39/15,M-39,65,46:31,60.93%
81,Miguel Alvarez-Cabanillas,"Chula Vista, CA",613,46:18,7:28,M 50-54/7,M-52,66,46:23,67.41%
82,Gregory Kujawa,"San Diego, CA",886,46:18,7:28,M 45-49/14,M-46,67,46:25,64.24%
83,Brice Baldwin,"Spring Valley, CA",633,46:23,7:28,M 40-44/14,M-44,68,46:51,63.16%
84,James Queenan,"El Cajon, CA",1025,46:24,7:28,M 40-44/15,M-42,69,46:52,62.16%
85,Gil Gonzalez,"San Diego, CA",275,46:28,7:29,M 55-59/2,M-57,70,46:29,70.04%
86,Brent Mannarino,"San Diego, CA",920,46:29,7:29,M 25-29/5,M-25,71,46:46,57.78%
87,Dawna Ertel,"Cardiff, CA",1257,46:33,7:30,F 30-34/6,F-30,16,46:43,65.22%
88,Ryan Espiritu,"San Diego, CA",761,46:33,7:30,M 30-34/9,M-32,72,46:35,58.17%
89,David Swanson,"San Diego, CA",1120,46:33,7:30,M 40-44/16,M-42,73,46:41,61.96%
90,Carrie Adamson,"La Mesa, CA",603,46:33,7:30,F 30-34/7,F-33,17,46:49,65.47%
91,Kenneth Melendez,"San Diego, CA",950,46:34,7:30,M 45-49/15,M-46,74,46:39,63.87%
92,Todd Murphy,"La Jolla, CA",972,46:36,7:30,M 30-34/10,M-31,75,46:59,57.92%
93,Timothy Oleary,"San Diego, CA",993,46:36,7:30,M 25-29/6,M-26,76,47:05,57.64%
94,Paul Baumhoefner,"San Diego, CA",645,46:42,7:31,M 55-59/3,M-58,77,46:43,70.26%
95,Ethan Fisher,"San Diego, CA",274,46:45,7:32,M 30-34/11,M-33,78,46:51,58.13%
96,John Yubeta,"San Diego, CA",1186,46:48,7:32,M 50-54/8,M-53,79,47:05,67.22%
97,Richard Hayhoe,"East Lansing, MI",1360,46:58,7:34,M 55-59/4,M-59,80,47:08,70.50%
98,Simon Smith,"San Diego, CA",1100,47:01,7:34,M 45-49/16,M-47,81,47:08,63.76%
99,Kristen Scanlon,"San Diego, CA",1077,47:03,7:35,F 18-24/5,F-24,18,47:10,64.49%
100,Andrea McGrath,"San Diego, CA",1376,47:04,7:35,F 25-29/3,F-28,19,47:27,64.47%
101,Jason Lee,"San Diego, CA",892,47:05,7:35,M 30-34/12,M-32,82,47:33,57.51%
102,Brian Gilbert,"Escondido, CA",89,47:08,7:36,M 25-29/7,M-28,83,47:09,56.99%
103,Sophie Cheetham,"San Diego, CA",437,47:14,7:37,F 25-29/4,F-27,20,47:51,64.24%
104,Megan Odorisio,"San Diego, CA",990,47:19,7:37,F 25-29/5,F-26,21,47:22,64.13%
105,Carlos Persichetti,"San Diego, CA",1013,47:21,7:38,M 45-49/17,M-48,84,47:36,63.84%
106,Trisha Kinsman,", ",1597,47:24,7:38,F 18-24/6,F-22,22,47:26,64.02%
107,Jameson Rienick,"San Diego, CA",1041,47:26,7:38,M 40-44/17,M-41,85,47:29,60.35%
108,Thomas Younghusband,"El Cajon, CA",1185,47:26,7:38,M 55-59/5,M-56,86,47:58,68.01%
109,Brian Wilk,"Fremont, MI",1368,47:29,7:39,M 25-29/8,M-25,87,47:37,56.57%
110,Doug Morton,"Chula Vista, CA",186,47:31,7:39,M 30-34/13,M-32,88,47:45,56.98%
111,Robert Wood,"San Diego, CA",1301,47:34,7:40,M 30-34/14,M-34,89,47:49,57.38%
112,Joseph Russo,"San Diego, CA",287,47:36,7:40,M 40-44/18,M-40,90,47:38,59.72%
113,Kamran Rahbar,"San Diego, CA",1030,47:37,7:40,M 50-54/9,M-52,91,47:39,65.55%
114,Brandy Madrid,"San Diego, CA",916,47:37,7:40,F 25-29/6,F-27,23,47:41,63.73%
115,Amy McCoy,"San Diego, CA",938,47:38,7:40,F 35-39/3,F-38,24,47:43,65.10%
116,Paige Stout,"San Diego, CA",356,47:39,7:41,F 25-29/7,F-28,25,47:51,63.68%
117,Deanna Lyle,"San Diego, CA",587,47:42,7:41,F 40-44/3,F-44,26,47:55,67.67%
118,Michael Cohen,"San Diego, CA",711,47:48,7:42,M 30-34/15,M-34,92,48:17,57.10%
119,Allison Haney,"San Diego, CA",577,47:57,7:43,F 18-24/7,F-23,27,48:00,63.28%
120,Dannyjr Wedeman,"San Diego, CA",579,47:58,7:44,M 30-34/16,M-31,93,48:01,56.27%
121,Sonya Delle Fave,"Chula Vista, CA",152,47:59,7:44,F 35-39/4,F-37,28,48:22,64.32%
122,Carey Donahue,"San Diego, CA",746,48:00,7:44,F 25-29/8,F-29,29,48:35,63.22%
123,Richard Barber,"Alpine, CA",636,48:00,7:44,M 60-64/2,M-64,94,48:23,72.11%
124,Michael Currington,"Oceanside, CA",242,48:06,7:45,M 35-39/16,M-38,95,48:50,58.23%
125,Josh Hauger,"San Diego, CA",817,48:14,7:46,M 30-34/17,M-31,96,48:49,55.96%
126,Maria Duarte,"San Diego, CA",752,48:22,7:47,F 35-39/5,F-39,30,48:31,64.46%
127,Craig Kean,"San Diego, CA",870,48:26,7:48,M 45-49/18,M-48,97,48:30,62.41%
128,Luis Lopez,"San Diego, CA",223,48:35,7:50,M 35-39/17,M-35,98,49:04,56.49%
129,Nikki Eberle,"San Diego, CA",756,48:37,7:50,F 25-29/9,F-29,31,49:13,62.41%
130,Matt Gilmer,"San Diego, CA",198,48:40,7:50,M 30-34/18,M-30,99,48:45,55.33%
131,Bernard Powers,"San Diego, CA",1021,48:42,7:51,M 35-39/18,M-38,100,48:49,57.51%
132,Dale Balcita,"Lakeside, CA",1191,48:45,7:51,M 25-29/9,M-29,101,49:08,55.11%
133,Jonathan George,"San Diego, CA",1321,48:46,7:51,M 30-34/19,M-33,102,48:48,55.73%
134,Cesar Salas,"San Diego, CA",1064,48:48,7:52,M 35-39/19,M-36,103,49:02,56.58%
135,Cynthia Gibbs,"La Jolla, CA",792,48:51,7:52,F 30-34/8,F-30,32,48:54,62.15%
136,Mike Madigan,"San Diego, CA",196,48:54,7:53,M 65-69/1,M-67,104,48:55,72.76%
137,Anderson Albano,"Chula Vista, CA",607,48:55,7:53,M 30-34/20,M-31,105,49:08,55.18%
138,Tony Aranes,"San Diego, CA",619,49:02,7:54,M 40-44/19,M-44,106,49:16,59.74%
139,Mallory Serbin,"San Diego, CA",1094,49:06,7:54,F 18-24/8,F-24,33,49:41,61.80%
140,Kandice Keller,"San Diego, CA",872,49:14,7:56,F 35-39/6,F-36,34,49:28,62.44%
141,Paul Reyland,"San Clemente, CA",87,49:15,7:56,M 40-44/20,M-44,107,49:33,59.48%
142,Bob Sec,"Oceanside, CA",1089,49:15,7:56,M 35-39/20,M-35,108,49:19,55.72%
143,Lorena Beifuss,"San Diego, CA",650,49:23,7:57,F 40-44/4,F-41,35,49:31,63.88%
144,Kristi Coonfare,"San Diego, CA",1265,49:24,7:57,F 25-29/10,F-25,36,49:36,61.42%
145,Allison Fletcher,"San Diego, CA",1266,49:24,7:57,F 25-29/11,F-29,37,49:36,61.42%
146,Karen Howes,"Point Loma, CA",1320,49:30,7:58,F 35-39/7,F-35,38,49:37,61.91%
147,Vincent Grace,"Temecula, CA",200,49:32,7:59,M 50-54/10,M-50,109,49:32,62.00%
148,Panos Papaconstantinou,"Coronado, CA",1002,49:32,7:59,M 45-49/19,M-49,110,49:52,61.49%
149,Matthew Scott,"San Diego, CA",536,49:32,7:59,M 25-29/10,M-27,111,50:12,54.22%
150,Rolland Van Meter,"Oceanside, CA",1281,49:34,7:59,M 30-34/21,M-30,112,49:39,54.32%
151,John Katavich,"San Diego, CA",129,49:36,7:59,M 18-24/3,M-21,113,49:51,54.35%
152,Francisco Madrigal,"San Diego, CA",1302,49:39,8:00,M 35-39/21,M-37,114,50:20,55.98%
153,Matt McMillan,"San Diego, CA",466,49:40,8:00,M 25-29/11,M-29,115,50:22,54.11%
154,Natalie Hawryluk,"San Diego, CA",476,49:41,8:00,F 35-39/8,F-38,39,49:43,62.42%
155,Ryan Dell,"San Diego, CA",739,49:44,8:01,M 30-34/22,M-34,116,50:05,54.88%
156,Jean Croll,"San Diego, CA",721,49:45,8:01,F 25-29/12,F-26,40,50:05,60.99%
157, Lemuel Larena,"San Diego, CA",21,49:45,8:01,M 35-39/22,M-39,117,49:48,56.70%
158,Rochelle Parker,"Chula Vista, CA",1004,49:49,8:01,F 35-39/9,F-35,41,50:16,61.51%
159,Monica Sattley,"Carlsbad, CA",448,49:50,8:02,F 25-29/13,F-28,42,50:54,60.89%
160,Cuong Phung,"San Diego, CA",1017,49:52,8:02,M 40-44/21,M-43,118,49:55,58.31%
161,Corie Crabtree,"Murrieta, CA",326,49:55,8:02,F 35-39/10,F-36,43,49:55,61.59%
162,Zach Sattley,"Murrieta, CA",266,49:56,8:03,M 25-29/12,M-26,119,49:56,53.79%
163,Scott Lowe,"San Diego, CA",909,49:58,8:03,M 30-34/23,M-31,120,50:15,54.02%
164,Robert Seligman,"San Diego, CA",1092,49:58,8:03,M 50-54/11,M-50,121,50:08,61.46%
165,Alan Phillips,"El Cajon, CA",255,50:03,8:04,M 45-49/20,M-47,122,50:06,59.89%
166,Ryan Bjarnson,"El Cajon, CA",111,50:06,8:04,M 18-24/4,M-18,123,50:35,55.44%
167,Arcelia Cammall,"San Diego, CA",688,50:11,8:05,F 45-49/1,F-49,44,50:35,67.64%
168,Maximillien Wright,"La Mesa, CA",1274,50:11,8:05,M 18-24/5,M-20,124,50:58,54.09%
169,Sandra Glashaw,"Encinitas, CA",795,50:15,8:06,F 40-44/5,F-42,45,50:49,63.24%
170,Leah Nelson,"San Diego, CA",982,50:27,8:07,F 35-39/11,F-38,46,50:33,61.47%
171,Alex Cortes,"El Cajon, CA",515,50:27,8:08,M 40-44/22,M-40,125,50:44,56.35%
172,Jeanine Robertson,"San Diego, CA",1043,50:30,8:08,F 50-54/1,F-50,47,50:48,68.08%
173,Victoria Vincent,"Carlsbad, CA",1153,50:31,8:08,F 25-29/14,F-28,48,51:01,60.07%
174,Bruce Desilva,"Poway, CA",741,50:32,8:08,M 50-54/12,M-51,126,51:00,61.27%
175,Belinda Martinez,"San Diego, CA",1271,50:33,8:08,F 30-34/9,F-31,49,51:14,60.09%
176,Joel Chrisco,"San Diego, CA",1353,50:33,8:09,M 25-29/13,M-26,127,51:14,53.13%
177,Debra Rosario,"San Diego, CA",1051,50:36,8:09,F 30-34/10,F-33,50,51:19,60.23%
178,Glenn Coughlin,"Poway, CA",25,50:37,8:09,M 45-49/21,M-47,128,51:04,59.22%
179,Aaron Benavides,"Murrieta, CA",182,50:39,8:09,M 35-39/23,M-35,129,51:13,54.18%
180,Brooks Stout,"San Diego, CA",232,50:39,8:09,M 25-29/14,M-29,130,50:51,53.06%
181,Karen Baldwin,"San Diego, CA",631,50:39,8:09,F 30-34/11,F-32,51,50:48,60.04%
182,Erik Pichardo,"Chula Vista, CA",1237,50:40,8:10,M 35-39/24,M-36,131,51:09,54.49%
183,Adam Brewer,"San Diego, CA",670,50:42,8:10,M 25-29/15,M-26,132,51:05,52.98%
184,Carolyn Green,"San Diego, CA",375,50:51,8:11,F 40-44/6,F-40,52,51:19,61.67%
185,Joanna Schaefer,"San Diego, CA",1078,50:53,8:12,F 25-29/15,F-26,53,51:13,59.63%
186,Marcia Sattley,"Murrieta, CA",325,50:53,8:12,F 55-59/1,F-59,54,50:53,75.98%
187,Arthur Samot,"San Diego, CA",1243,50:56,8:12,M 25-29/16,M-26,133,51:07,52.73%
188,Adriana Pacheco,"Chula Vista, CA",998,51:02,8:13,F 40-44/7,F-41,55,51:03,61.81%
189,Victor Ravago,"San Diego, CA",1034,51:02,8:13,M 18-24/6,M-22,134,51:21,52.66%
190,Giacomo Strollo,"San Diego, CA",1116,51:03,8:13,M 40-44/23,M-40,135,51:11,55.68%
191,Eric Johnson,"San Diego, CA",1198,51:09,8:14,M 18-24/7,M-22,136,51:18,52.54%
192,Wendy Newman,"Moab, UT",412,51:14,8:15,F 50-54/2,F-50,56,51:26,67.10%
193,Kimberly Staninger,"San Diego, CA",1107,51:18,8:16,F 40-44/8,F-43,57,51:34,62.40%
194,William Wood,"Carlsbad, CA",1181,51:18,8:16,M 50-54/13,M-51,137,51:33,60.35%
195,Eugene Shvetsky,"Anaheim, CA",1241,51:19,8:16,M 35-39/25,M-35,138,51:29,53.48%
196,Mark Koll,"Lakeside, CA",107,51:20,8:16,M 55-59/6,M-56,139,51:33,62.85%
197,Eric Ohler,"Poway, CA",598,51:24,8:17,M 13-17/3,M-14,140,51:37,57.48%
198,Troy West,"Coronado, CA",1170,51:31,8:18,M 45-49/22,M-45,141,51:49,57.31%
199,Abby Strietmann,"Cincinnati, OH",417,51:31,8:18,F 18-24/9,F-24,58,51:40,58.90%
200,Brendan Fenton,"San Diego, CA",191,51:33,8:18,M 25-29/17,M-29,142,52:15,52.13%
201,Gloria King,"Encinitas, CA",364,51:34,8:18,F 35-39/12,F-38,59,51:59,60.14%
202,Bob Kawamoto,"San Diego, CA",1319,51:37,8:19,M 45-49/23,M-48,143,51:45,58.56%
203,Chris Neal,"La Jolla, CA",980,51:37,8:19,M 30-34/24,M-32,144,52:10,52.45%
204,Richard Rael,"San Ysidro, CA",1029,51:41,8:19,M 40-44/24,M-42,145,51:47,55.81%
205,Kelly Woodland,"San Marcos, CA",446,51:43,8:20,F 25-29/16,F-28,60,52:01,58.67%
206,Claudia Gorski,"San Diego, CA",403,51:44,8:20,F 35-39/13,F-37,61,52:20,59.65%
207,David Hymer,"San Diego, CA",844,51:47,8:20,M 45-49/24,M-48,146,52:16,58.37%
208,Dave Wyatt,"Alpine, CA",251,51:47,8:20,M 65-69/2,M-66,147,52:13,68.06%
209,Alexis Cortes,"El Cajon, CA",523,51:52,8:21,F 13-17/1,F-14,62,52:08,62.13%
210,Lara Nosworthy,"La Jolla, CA",988,52:00,8:23,F 25-29/17,F-25,63,52:29,58.35%
211,Richard Hunt,"San Diego, CA",1344,52:03,8:23,M 30-34/25,M-32,148,52:42,52.02%
212,Sean Lotspeich,"San Diego, CA",1242,52:04,8:23,M 30-34/26,M-34,149,52:53,52.42%
213,Rex Garver,"San Diego, CA",785,52:08,8:24,M 40-44/25,M-41,150,52:37,54.91%
214,Lisa Morena,"El Cajon, CA",961,52:11,8:24,F 40-44/9,F-40,64,52:25,60.10%
215,David Robinson,"San Diego, CA",206,52:14,8:25,M 18-24/8,M-23,151,53:02,51.42%
216,Paula Medina,"La Mesa, CA",947,52:16,8:25,F 50-54/3,F-51,65,52:35,66.57%
217,Sajdah Ahmad-Shelton,"Spring Valley, CA",605,52:17,8:25,F 25-29/18,F-29,66,52:52,58.04%
218,Mike Danner,"La Jolla, CA",732,52:19,8:26,M 50-54/14,M-51,152,52:27,59.18%
219,Tiffany Svacina,"San Diego, CA",1235,52:20,8:26,F 30-34/12,F-32,67,52:25,58.11%
220,Dannelly Brown,"San Diego, CA",81,52:24,8:26,F 25-29/19,F-26,68,52:42,57.91%
221,Gilberto Rodriguez,"Bonita, CA",567,52:24,8:26,M 25-29/18,M-29,153,52:49,51.29%
222,Jason Jarvinen,"San Diego, CA",485,52:27,8:27,M 25-29/19,M-29,154,53:09,51.24%
223,Ivan Monserrat,"San Diego, CA",956,52:29,8:27,M 25-29/20,M-25,155,52:52,51.18%
224,Cara Olsen,"San Diego, CA",389,52:33,8:28,F 30-34/13,F-30,69,53:03,57.77%
225,Wendy Tibbetts,"San Diego, CA",1130,52:33,8:28,F 55-59/2,F-57,70,52:42,71.61%
226,Marvin Velastegui,"San Diego, CA",1151,52:35,8:28,M 30-34/27,M-33,156,52:50,51.68%
227,Marla Nelson,"San Diego, CA",983,52:37,8:28,F 45-49/2,F-45,71,52:55,61.88%
228,Gary Rice,"San Marcos, CA",556,52:39,8:29,M 30-34/28,M-34,157,52:50,51.84%
229,Beth Peckham,"San Diego, CA",1010,52:40,8:29,F 35-39/14,F-36,72,53:12,58.37%
230,Kevin Penn,"San Diego, CA",246,52:46,8:30,M 30-34/29,M-33,158,52:55,51.50%
231,Alford Claiborne,"San Diego, CA",13,52:49,8:30,M 65-69/3,M-66,159,52:51,66.73%
232,Keith Burdick,"San Diego, CA",599,52:51,8:31,M 35-39/26,M-39,160,53:14,53.38%
233,Kari Coughlin,"Poway, CA",33,52:52,8:31,F 45-49/3,F-46,73,53:19,62.16%
234,Susan Baldwin,"Spring Valley, CA",632,52:53,8:31,F 35-39/15,F-39,74,53:21,58.95%
235,Richard Konopasek,"Poway, CA",880,52:58,8:32,M 65-69/4,M-68,161,53:21,67.80%
236,Annette Schultz,"San Diego, CA",1085,52:59,8:32,F 35-39/16,F-37,75,53:29,58.24%
237,Robert Newman,"San Diego, CA",985,53:00,8:32,M 50-54/15,M-51,162,53:21,58.41%
238,Stephanie Carpenter,"San Diego, CA",695,53:08,8:33,F 50-54/4,F-53,76,53:13,67.18%
239,Tom Middleton,"Santee, CA",254,53:08,8:34,M 40-44/26,M-41,163,53:48,53.88%
240,Vicki Root,"La Mesa, CA",1050,53:10,8:34,F 50-54/5,F-54,77,53:38,68.02%
241,Joseph Carroll,"La Jolla, CA",271,53:13,8:34,M 01-12/1,M-12,164,53:17,58.18%
242,Jessica Calixto,"San Diego, CA",686,53:19,8:35,F 25-29/20,F-27,78,53:37,56.91%
243,Alison Gregory,"Oceanside, CA",320,53:21,8:36,F 50-54/6,F-54,79,53:41,67.78%
244,Megan Adamson,"San Diego, CA",498,53:23,8:36,F 25-29/21,F-27,80,53:33,56.84%
245,Keith Carmona,"Yorba Linda, CA",252,53:28,8:37,M 30-34/30,M-31,165,53:53,50.48%
246,Maria Yuen,"San Diego, CA",1209,53:40,8:39,F 30-34/14,F-31,81,54:11,56.60%
247,Bill Daly,"San Diego, CA",730,53:42,8:39,M 50-54/16,M-50,166,53:52,57.19%
248,Mark Wintersmith,"San Diego, CA",1178,53:42,8:39,M 40-44/27,M-42,167,53:49,53.71%
249,Marie Gonia,"El Cajon, CA",796,53:45,8:39,F 50-54/7,F-50,82,54:14,63.96%
250,Ryan Boslego,"San Diego, CA",516,53:46,8:40,M 30-34/31,M-31,168,54:16,50.20%
251,Julie Garcia,"San Diego, CA",1202,53:51,8:40,F 40-44/10,F-40,83,54:18,58.24%
252,Zachary Jackson,"San Diego, CA",852,54:00,8:42,M 30-34/32,M-31,169,54:09,49.98%
253,Alicia Lee-Lauduski,"Carlsbad, CA",528,54:05,8:43,F 18-24/10,F-24,84,54:09,56.10%
254,Alfonso Hernandez Garza,"La Jolla, CA",826,54:05,8:43,M 25-29/21,M-28,170,54:43,49.66%
255,Dino Papas,"Imperial Beach, CA",1003,54:05,8:43,M 40-44/28,M-40,171,54:13,52.54%
256,Dave Thornton,"San Diego, CA",1129,54:11,8:44,M 50-54/17,M-51,172,54:23,57.14%
257,Megan Guy,"La Jolla, CA",1203,54:11,8:44,F 25-29/22,F-27,85,54:35,56.00%
258,Jennifer Pirigyi,"San Diego, CA",402,54:13,8:44,F 40-44/11,F-44,86,54:50,59.53%
259,Dulce Zayas-Alvarez,"Chula Vista, CA",1187,54:16,8:44,F 50-54/8,F-54,87,54:35,66.64%
260,Brett Christensen,"San Diego, CA",1262,54:19,8:45,M 40-44/29,M-44,173,54:35,53.93%
261,Julie Maloy,"Encinitas, CA",918,54:30,8:47,F 45-49/4,F-47,88,55:06,60.91%
262,Michelle Desilva,"Poway, CA",742,54:34,8:47,F 50-54/9,F-52,89,55:02,64.59%
263,Samala Johnson-Dawson,"San Diego, CA",1223,54:35,8:47,F 18-24/11,F-24,90,55:12,55.59%
264,Jorgette Chaco,"National City, CA",701,54:35,8:47,F 45-49/5,F-48,91,54:45,61.48%
265,Tina Stillions,"La Mesa, CA",1114,54:41,8:48,F 45-49/6,F-49,92,54:56,62.07%
266,Joseph Garcia,"San Diego, CA",781,54:42,8:49,M 45-49/25,M-49,174,55:16,55.68%
267,Lindsay Flatauer,"San Diego, CA",511,54:42,8:49,F 25-29/23,F-29,93,54:52,55.47%
268,Kellee Waters,"San Diego, CA",1160,54:43,8:49,F 40-44/12,F-40,94,54:48,57.31%
269,Arlene Hady,"San Diego, CA",1318,54:45,8:49,F 25-29/24,F-25,95,55:26,55.42%
270,Julie Draper,"La Jolla, CA",35,54:47,8:49,F 18-24/12,F-19,96,55:04,55.60%
271,Noriel Gonzales,"San Diego, CA",1325,54:48,8:49,M 18-24/9,M-23,175,54:59,49.01%
272,Leo Lopez,"Murrieta, CA",203,54:49,8:50,M 25-29/22,M-29,176,55:22,49.03%
273,Adam Ertel,"Cardiff, CA",1256,54:56,8:51,M 35-39/27,M-36,177,55:07,50.26%
274,Susan Wood,"Carlsbad, CA",60,54:56,8:51,F 55-59/3,F-57,97,55:29,68.50%
275,Joyce Lilya,"San Diego, CA",1330,55:03,8:52,F 50-54/10,F-51,98,55:06,63.20%
276,Vicki Buckingham,"San Diego, CA",674,55:03,8:52,F 50-54/11,F-53,99,55:33,64.84%
277,Anthony Gonzalez,"San Diego, CA",797,55:03,8:52,M 40-44/30,M-40,178,55:34,51.64%
278,Diego Jarrin,"San Diego, CA",855,55:03,8:52,M 45-49/26,M-46,180,55:33,54.03%
279,Brian Buckingham,"San Diego, CA",675,55:03,8:52,M 55-59/7,M-55,179,55:34,58.12%
280,Marissa Wagner,"Cardiff, CA",1155,55:04,8:52,F 25-29/25,F-29,100,55:13,55.10%
281,Sarah Harris,"San Diego, CA",811,55:04,8:52,F 35-39/17,F-39,101,55:39,56.62%
282,Norman Barrett,"San Diego, CA",642,55:07,8:53,M 45-49/27,M-47,181,55:37,54.39%
283,Linda Thornbloom,"Chula Vista, CA",167,55:07,8:53,F 45-49/7,F-48,102,55:14,60.89%
284,Saleem Riaz,"San Diego, CA",1038,55:08,8:53,M 40-44/31,M-40,182,55:23,51.56%
285,Tuyen Tran,"San Diego, CA",1137,55:10,8:53,F 25-29/26,F-28,103,55:30,55.00%
286,Mandelyn McKinley,"San Diego, CA",145,55:11,8:53,F 30-34/15,F-33,104,55:50,55.23%
287,Teresa Schoenfeld,"San Diego, CA",467,55:17,8:54,F 40-44/13,F-43,105,55:32,57.90%
288,Sheila Traficante,"San Diego, CA",1136,55:23,8:55,F 30-34/16,F-34,106,55:52,55.15%
289,Lisa Diaz,"San Diego, CA",524,55:24,8:55,F 30-34/17,F-30,107,56:02,54.80%
290,Simonette Andres,"San Diego, CA",435,55:26,8:56,F 35-39/18,F-35,108,55:59,55.28%
291,Lizzy Loeb-Yeh,"La Jolla, CA",552,55:29,8:56,F 35-39/19,F-35,109,56:19,55.23%
292,Howard Yeh,"La Jolla, CA",553,55:30,8:56,M 35-39/28,M-37,183,56:20,50.08%
293,Bryan Huynh,"San Diego, CA",843,55:31,8:56,M 18-24/10,M-22,184,56:03,48.41%
294,Catherine Holl,"San Diego, CA",835,55:32,8:57,F 55-59/4,F-56,110,55:38,66.86%
295,Richard Sterger,"San Diego, CA",1350,55:33,8:57,M 40-44/32,M-42,185,56:10,51.92%
296,Mark Ohler,"Poway, CA",597,55:34,8:57,M 45-49/28,M-48,186,55:47,54.40%
297,Kristina Wilson,"San Diego, CA",1177,55:36,8:57,F 35-39/20,F-36,111,56:09,55.29%
298,Darryl Klute,"Santee, CA",475,55:41,8:58,M 65-69/5,M-67,187,55:49,63.89%
299,Ellen Speert,"Encinitas, CA",97,55:44,8:59,F 60-64/1,F-61,112,56:17,71.37%
300,Bridget Bailey,"San Diego, CA",128,55:48,8:59,F 18-24/13,F-22,113,56:03,54.38%
301,Scott Evertson,"Chula Vista, CA",209,55:49,8:59,M 45-49/29,M-46,188,55:55,53.29%
302,Roy Jones,"La Mesa, CA",863,55:49,8:59,M 40-44/33,M-43,189,56:15,52.09%
303,Brittany Weinerth,"San Diego, CA",1166,55:52,9:00,F 18-24/14,F-24,114,56:14,54.31%
304,Kathryn Shaw,"San Diego, CA",1097,55:52,9:00,F 25-29/27,F-25,115,56:08,54.31%
305,Jonathan Jefferson,"San Diego, CA",856,55:52,9:00,M 45-49/30,M-46,190,56:26,53.24%
306,Peter Hohnemann,"Alpine, CA",832,55:53,9:00,M 60-64/3,M-62,191,56:17,60.83%
307,Megan Hohnemann,"San Diego, CA",833,55:54,9:00,F 25-29/28,F-25,116,56:16,54.28%
308,Carla Galleta,"San Diego, CA",305,55:55,9:00,F 40-44/14,F-42,117,55:57,56.83%
309,Elaine Deakyne,"San Diego, CA",736,55:56,9:00,F 25-29/29,F-29,118,56:13,54.25%
310,Manuel Muniz,"Chula Vista, CA",479,55:58,9:01,M 30-34/33,M-34,192,55:58,48.76%
311,Suzanne Franklin,"San Diego, CA",776,56:04,9:02,F 35-39/21,F-35,119,56:27,54.65%
312,Katherine Gemmell,"San Diego, CA",1248,56:05,9:02,F 30-34/18,F-30,120,56:42,54.13%
313,Deeann Goudie,"El Centro, CA",149,56:08,9:02,F 45-49/8,F-47,121,56:27,59.13%
314,Joseph Hammack,"San Diego, CA",43,56:08,9:03,M 01-12/2,M-10,193,56:15,58.57%
315,Christina Rosas,"San Diego, CA",1316,56:09,9:03,F 25-29/30,F-28,122,56:45,54.04%
316,Sue Hodges,"San Diego, CA",36,56:11,9:03,F 60-64/2,F-60,123,56:16,69.79%
317,Jennifer Navala,"San Diego, CA",443,56:13,9:03,F 18-24/15,F-24,124,56:47,53.97%
318,Kaitlyn O'Rinn,"Carlsbad, CA",995,56:18,9:04,F 25-29/31,F-25,125,56:42,53.89%
319,Till Eric Smolan,"Carlsbad, CA",1224,56:21,9:04,M 01-12/3,M-7,194,56:36,65.74%
320,Alex Novak,"San Diego, CA",83,56:21,9:05,M 18-24/11,M-20,195,57:09,48.17%
321,Maria Berumen,"San Diego, CA",1352,56:21,9:05,F 35-39/22,F-38,126,56:39,55.03%
322,Jessica Green,"San Diego, CA",413,56:26,9:05,F 18-24/16,F-23,127,56:44,53.77%
323,Nathan Wolfe,"Rancho Santa Margarita, CA",464,56:28,9:06,M 25-29/23,M-29,196,56:39,47.59%
324,James Carroll,"La Mesa, CA",698,56:39,9:08,M 45-49/31,M-46,197,57:19,52.49%
325,Matt Dolmage,"Chula Vista, CA",745,56:40,9:08,M 25-29/24,M-29,198,57:25,47.43%
326,Andrea Ortega,"San Diego, CA",17,56:44,9:08,F 30-34/19,F-34,128,57:02,53.83%
327,Rob Bell,"Fallbrook, CA",580,56:45,9:08,M 35-39/29,M-36,199,57:07,48.65%
328,Julia Keneipp,"San Diego, CA",875,56:47,9:09,F 30-34/20,F-30,129,56:47,53.46%
329,Susan Rathbun,"La Mesa, CA",1033,56:48,9:09,F 45-49/9,F-46,130,57:15,57.85%
330,Gavin Kelly,"San Diego, CA",873,56:54,9:10,M 40-44/34,M-44,200,57:19,51.48%
331,David Brashear,"San Diego, CA",668,56:55,9:10,M 45-49/32,M-48,201,57:21,53.10%
332,Kayla Shirey,"Fallbrook, CA",1270,56:56,9:10,F 18-24/17,F-24,131,57:36,53.29%
333,Krystal Montalvo,"El Cajon, CA",957,57:02,9:11,F 30-34/21,F-31,132,57:24,53.26%
334,Mel Lipsey,"San Diego, CA",24,57:05,9:12,M 60-64/4,M-62,202,57:47,59.55%
335,Nicole Vasil,"San Diego, CA",1149,57:06,9:12,F 30-34/22,F-33,133,57:24,53.37%
336,Camille Caliva,"San Diego, CA",155,57:08,9:12,F 25-29/32,F-29,134,57:11,53.11%
337,Luis Kobayashi,"San Diego, CA",1205,57:08,9:12,M 35-39/30,M-38,203,57:44,49.02%
338,Joy Bonifacio,"San Diego, CA",1577,57:08,9:12,F 35-39/23,F-37,135,57:11,54.01%
339,Steve Norton,"San Diego, CA",1267,57:08,9:12,M 55-59/8,M-55,204,57:24,56.00%
340,Koko Cattran,"San Diego, CA",700,57:10,9:12,F 55-59/5,F-56,136,57:22,64.95%
341,Francis Bernardo,"San Diego, CA",654,57:12,9:13,M 30-34/34,M-33,205,57:44,47.51%
342,Daniel Duncan,"La Mesa, CA",1366,57:15,9:13,M 35-39/31,M-36,206,57:36,48.22%
343,Bobbi Hammack,"San Diego, CA",38,57:20,9:14,F 50-54/12,F-50,137,57:27,59.96%
344,Don Rose,"Valley Center, CA",1052,57:23,9:15,M 50-54/18,M-52,207,58:07,54.39%
345,Fred Fernandez,"San Diego, CA",768,57:25,9:15,M 40-44/35,M-43,208,57:35,50.64%
346,Phong Tran,"San Diego, CA",1138,57:26,9:15,M 35-39/32,M-35,209,57:53,47.78%
347,Lissa Balotro,"San Diego, CA",634,57:27,9:15,F 30-34/23,F-32,138,57:58,52.93%
348,Crystal Dirks,"Cardiff, CA",323,57:28,9:15,F 25-29/33,F-27,139,58:10,52.80%
349,Dustin Dirks,"Cardiff, CA",210,57:28,9:15,M 25-29/25,M-28,210,58:10,46.74%
350,Francisco Velasco,"San Diego, CA",236,57:29,9:15,M 40-44/36,M-42,211,57:47,50.17%
351,Jacob Fischer,"San Diego, CA",770,57:32,9:16,M 30-34/35,M-31,212,57:50,46.91%
352,Bob Garcia,"Sunnyvale, CA",1255,57:32,9:16,M 65-69/6,M-67,213,58:03,61.84%
353,Scott Roesch,"San Diego, CA",195,57:32,9:16,M 40-44/37,M-42,214,58:18,50.13%
354,Jon Freye,"San Diego, CA",509,57:32,9:16,F 30-34/24,F-31,140,58:09,52.80%
355,Debbie Stanley,"San Diego, CA",88,57:34,9:16,F 55-59/6,F-58,141,57:38,66.26%
356,Jason Megraw,"San Diego, CA",948,57:35,9:16,M 45-49/33,M-46,215,58:07,51.65%
357,Frank Barone,"San Diego, CA",639,57:36,9:17,M 35-39/33,M-39,216,57:50,48.97%
358,Jesse Wehrenberg,"San Diego, CA",1165,57:36,9:17,M 30-34/36,M-33,217,58:00,47.18%
359,Sarah Shepard,"Chula Vista, CA",450,57:37,9:17,F 40-44/15,F-40,142,57:58,54.43%
360,Carolyn Smyth,"San Diego, CA",436,57:38,9:17,F 30-34/25,F-33,143,57:46,52.88%
361,Laura Palombo,"San Diego, CA",1001,57:42,9:18,F 25-29/34,F-25,144,57:58,52.59%
362,Amanda Markham,"San Diego, CA",923,57:42,9:18,F 25-29/35,F-27,145,57:58,52.59%
363,Alanna Robertson,"Scotts Valley, CA",1306,57:47,9:18,F 18-24/18,F-20,146,58:22,52.54%
364,Ryan Appleman,"San Diego, CA",617,57:54,9:20,M 25-29/26,M-29,218,58:26,46.42%
365,Troy Tremain,"San Diego, CA",1139,57:56,9:20,M 45-49/34,M-46,219,58:19,51.34%
366,Brent Troyan,"San Diego, CA",1144,57:56,9:20,M 30-34/37,M-34,220,58:22,47.11%
367,Rachel Ferguson,"San Diego, CA",767,57:57,9:20,F 25-29/36,F-29,147,58:29,52.36%
368,Jenni Ceglowski,"La Jolla, CA",65,57:58,9:20,F 25-29/37,F-26,148,58:15,52.34%
369,Mark Ceglowski,"Tucson, AZ",100,57:58,9:20,M 55-59/9,M-56,221,58:15,55.65%
370,Robert Dorr,"La Jolla, CA",64,57:58,9:20,M 25-29/27,M-27,222,58:14,46.33%
371,Susanne Taylor,"San Diego, CA",298,57:59,9:20,F 40-44/16,F-41,149,58:02,54.40%
372,Robert Agundez,"San Diego, CA",604,58:03,9:21,M 35-39/34,M-38,223,58:39,48.25%
373,Thomas Lewis,"San Diego, CA",538,58:06,9:21,M 35-39/35,M-39,224,58:36,48.55%
374,Dominic Koorn,"Chula Vista, CA",16,58:10,9:22,M 30-34/38,M-30,225,58:24,46.29%
375,Paula Patterson,"San Diego, CA",470,58:12,9:22,F 18-24/19,F-24,150,58:39,52.13%
376,Tiffany Choate,"La Jolla, CA",517,58:14,9:23,F 25-29/38,F-25,151,58:34,52.10%
377,Robert Uhl,"San Diego, CA",1216,58:15,9:23,M 55-59/10,M-57,226,58:50,55.87%
378,Richard Burch,"San Diego, CA",679,58:17,9:23,M 75-99/1,M-75,227,58:21,67.68%
379,Christine Brock,"San Diego, CA",312,58:19,9:24,F 25-29/39,F-29,152,58:36,52.03%
380,Robert Mowry,"San Diego, CA",480,58:20,9:24,M 25-29/28,M-25,228,58:47,46.04%
381,Michael Savvas,"San Diego, CA",1076,58:22,9:24,M 18-24/12,M-22,229,58:53,46.04%
382,Michael Vasquez,"San Diego, CA",1150,58:22,9:24,M 30-34/39,M-33,230,58:22,46.56%
383,John Mechling,"Orange, CA",136,58:23,9:24,M 30-34/40,M-30,231,58:34,46.12%
384,Lisa Butner,"Coronado, CA",683,58:25,9:24,F 40-44/17,F-42,153,58:51,54.39%
385,Jomel Fampulme,"San Diego, CA",764,58:25,9:25,M 35-39/36,M-37,232,58:25,47.57%
386,Katie Mucci,"San Diego, CA",1244,58:30,9:25,F 25-29/40,F-25,154,58:56,51.87%
387,Kristine Entwistle,", ",1578,58:30,9:25,F 40-44/18,f-44,155,58:49,55.17%
388,Carlos Mendez,"San Diego, CA",1196,58:30,9:25,M 30-34/41,M-30,233,59:16,46.02%
389,Sarah Peterson,"San Diego, CA",1016,58:34,9:26,F 25-29/41,F-28,156,59:19,51.81%
390,Emily Caballero,"San Diego, CA",684,58:34,9:26,F 25-29/42,F-28,157,59:19,51.81%
391,Chris Thompson,"Escondido, CA",30,58:39,9:27,M 55-59/11,M-58,234,59:05,55.94%
392,Jeanne Bass,"Carlsbad, CA",297,58:40,9:27,F 35-39/24,F-36,158,59:02,52.40%
393,Lori Schwarz,"Berlin, NJ",533,58:45,9:28,F 25-29/43,F-28,159,59:26,51.65%
394,Yasmine Scott,"San Diego, CA",532,58:46,9:28,F 25-29/44,F-27,160,59:26,51.63%
395,Rhett Stroh,"Vista, CA",201,58:51,9:29,M 45-49/35,M-48,235,59:18,51.36%
396,Stephanie Eppig,"San Diego, CA",342,58:52,9:29,F 25-29/45,F-26,161,59:31,51.54%
397,Gregg Whitney,"La Jolla, CA",213,58:53,9:29,M 45-49/36,M-47,236,59:21,50.91%
398,Charlane Deriemer,"La Mesa, CA",740,58:53,9:29,F 45-49/10,F-48,162,59:20,56.99%
399,Sandra Crane,"San Diego, CA",720,58:54,9:29,F 40-44/19,F-42,163,59:13,53.95%
400,Ken Matsuyama,"San Diego, CA",1372,58:54,9:29,M 35-39/37,M-35,237,58:58,46.59%
401,April Riel,"San Diego, CA",1040,58:56,9:29,F 45-49/11,F-45,164,59:17,55.25%
402,Jacelyn Bagtas,"San Diego, CA",627,58:56,9:30,F 25-29/46,F-28,165,59:42,51.49%
403,Dan Cruz,"San Diego, CA",725,58:57,9:30,M 25-29/29,M-29,238,59:45,45.59%
404,Aimee Sando,"San Diego, CA",1068,58:57,9:30,F 25-29/47,F-28,166,59:45,51.47%
405,Lee Rankins,"San Diego, CA",1032,58:58,9:30,M 40-44/38,M-41,239,59:20,48.54%
406,James Tarr,"San Diego, CA",216,59:00,9:30,M 35-39/38,M-36,240,59:00,46.79%
407,Aaron Olsen,"San Diego, CA",286,59:02,9:30,M 30-34/42,M-31,241,1:00:00,45.72%
408,Mary Crosser,"San Diego, CA",724,59:04,9:31,F 35-39/25,F-39,167,59:48,52.78%
409,Eliza Arenas,"La Mesa, CA",621,59:04,9:31,F 18-24/20,F-24,168,59:43,51.37%
410,Bruce Doole,"San Diego, CA",1234,59:05,9:31,M 45-49/37,M-45,242,59:16,49.97%
411,Shannon Lerach,"La Jolla, CA",898,59:08,9:31,F 30-34/26,F-31,169,59:30,51.37%
412,Kathrina Mendez,"San Diego, CA",1195,59:11,9:32,F 25-29/48,F-28,170,59:56,51.27%
413,Lyn Balagtas,"Chula Vista, CA",174,59:12,9:32,F 40-44/20,F-40,171,59:34,52.97%
414,Ray Irwin,"St Louis, MO",237,59:18,9:33,M 65-69/7,M-68,243,59:55,60.56%
415,Mark McGuffey,"San Diego, CA",943,59:19,9:33,M 40-44/39,M-41,244,59:24,48.26%
416,Cecilia Orozco,"San Ysidro, CA",996,59:19,9:33,F 30-34/27,F-33,172,1:00:06,51.38%
417,Lerma Roder,"San Diego, CA",1046,59:22,9:34,F 30-34/28,F-30,173,59:41,51.14%
418,Yvonne Le Mieux,"Chula Vista, CA",891,59:22,9:34,F 40-44/21,F-41,174,59:27,53.13%
419,Ellis Slack,"San Diego, CA",1309,59:24,9:34,M 50-54/19,M-54,245,59:51,53.41%
420,Glendon Guy,"San Diego, CA",527,59:26,9:34,M 55-59/12,M-59,246,59:49,55.71%
421,Christina Douglas,"San Diego, CA",748,59:27,9:34,F 25-29/49,F-25,175,59:59,51.04%
422,Jacqueline Kretzer,"San Diego, CA",885,59:28,9:35,F 18-24/21,F-23,176,1:00:00,51.02%
423,Alison Roy,"Santa Ana, CA",1055,59:29,9:35,F 30-34/29,F-30,177,59:56,51.04%
424,Jerry Albert,"San Diego, CA",77,59:31,9:35,M 70-74/1,M-73,247,59:39,64.17%
425,Amber Irwin,"San Diego, CA",846,59:31,9:35,F 25-29/50,F-26,178,59:53,50.98%
426,Kim Satterlee,"San Diego, CA",75,59:33,9:35,F 60-64/3,F-60,179,59:41,65.85%
427,Mallika Padmanabhan,"San Diego, CA",293,59:34,9:36,F 18-24/22,F-21,180,59:59,50.94%
428,Susan Budiwarman,"Carlsbad, CA",676,59:37,9:36,F 40-44/22,F-42,181,59:50,53.30%
429,Jeff Baker,"San Diego, CA",630,59:40,9:37,M 30-34/43,M-31,248,1:00:08,45.24%
430,Darren Gorski,"San Diego, CA",267,59:43,9:37,M 45-49/38,M-45,249,1:00:19,49.44%
431,Sammi Gaudreau,"Poway, CA",353,59:46,9:38,F 40-44/23,F-40,182,59:53,52.47%
432,Julie Bussey,"Temecula, CA",481,59:48,9:38,F 30-34/30,F-30,183,59:56,50.77%
433,Tessa Mutscheller,"San Diego, CA",974,59:50,9:38,F 25-29/51,F-26,184,1:00:12,50.71%
434,Rogue Shindler,"San Diego, CA",120,59:51,9:38,M 30-34/44,M-34,250,59:54,45.60%
435,Cruz Ponce,"Chula Vista, CA",15,59:53,9:39,F 25-29/52,F-29,185,1:00:07,50.67%
436,Miguel Alcantara,"San Ysidro, CA",1582,59:54,9:39,M 25-29/30,M-26,251,1:00:39,44.84%
437,Janeen Thornton,"San Diego, CA",1128,59:58,9:39,F 45-49/12,F-47,186,1:00:10,55.35%
438,Eileen O'Donoghue,"San Diego, CA",989,1:00:02,9:40,F 40-44/24,F-43,187,1:00:22,53.32%
439,Trinh Chestnut,"Spring Valley, CA",387,1:00:03,9:40,F 35-39/26,F-38,188,1:00:40,51.64%
440,Christine Becker,"Chula Vista, CA",39,1:00:04,9:40,F 60-64/4,F-60,189,1:00:18,65.28%
441,Timothy McCool,"Leucadia, CA",937,1:00:07,9:41,M 50-54/20,M-52,252,1:00:31,51.91%
442,Matthew Wilder,"San Diego, CA",589,1:00:09,9:41,M 30-34/45,M-33,253,1:00:26,45.18%
443,Marc Vigdor,"Spring Valley, CA",1152,1:00:09,9:41,M 45-49/39,M-48,254,1:00:41,50.25%
444,Monora Seth,"San Diego, CA",1375,1:00:21,9:43,F 18-24/23,F-22,190,1:00:58,50.28%
445,Sarah Peevey,"Encinitas, CA",1303,1:00:21,9:43,F 25-29/53,F-28,191,1:00:42,50.28%
446,Fernando Dejesus,"Chula Vista, CA",738,1:00:24,9:44,M 50-54/21,M-50,255,1:00:24,50.84%
447,Jesu-Cristina Claridad,"El Cajon, CA",709,1:00:27,9:44,F 35-39/27,F-38,192,1:00:47,51.30%
448,Fernando Villalbazo,"Chula Vista, CA",272,1:00:27,9:44,M 35-39/39,M-39,256,1:01:13,46.66%
449,James Carraway,"Imperial Beach, CA",137,1:00:29,9:44,M 45-49/40,M-47,257,1:01:16,49.56%
450,Gail Anderson,"Encinitas, CA",41,1:00:32,9:45,F 55-59/7,F-59,193,1:01:04,63.87%
451,Erin Connor,"San Diego, CA",1308,1:00:41,9:46,F 18-24/24,F-23,194,1:01:30,50.00%
452,Pearson Reyes,"Chula Vista, CA",1211,1:00:41,9:46,M 40-44/40,M-40,258,1:01:03,46.84%
453,Jim Fox,"Temecula, CA",265,1:00:42,9:47,M 55-59/13,M-59,259,1:01:02,54.55%
454,Virginia Gilbert,"Escondido, CA",90,1:00:43,9:47,F 30-34/31,F-30,195,1:00:55,50.00%
455,Myke Smith,"San Diego, CA",14,1:00:45,9:47,M 60-64/5,M-62,260,1:01:19,55.95%
456,Elizabeth McIntyre,"Oceanside, CA",1239,1:00:46,9:47,F 40-44/25,F-40,196,1:01:30,51.60%
457,Melissa Minas,"Chula Vista, CA",1218,1:00:47,9:47,F 40-44/26,F-42,197,1:01:08,52.28%
458,Irene Morton,"San Diego, CA",966,1:00:47,9:47,F 50-54/13,F-51,198,1:01:14,57.24%
459,Kevin Aarestad,"San Diego, CA",600,1:00:48,9:48,M 35-39/40,M-35,261,1:01:10,45.13%
460,Marlene Virrey,"San Diego, CA",391,1:00:48,9:48,F 18-24/25,F-23,199,1:01:13,49.89%
461,Wayne Kao,"San Diego, CA",227,1:00:50,9:48,M 35-39/41,M-39,262,1:01:20,46.37%
462,Lisa Anstead,"San Diego, CA",616,1:00:52,9:48,F 30-34/32,F-33,200,1:01:11,50.07%
463,Adrianna Camarena,"San Diego, CA",687,1:00:54,9:48,F 25-29/54,F-29,201,1:01:10,49.82%
464,Patricia Hernandez,"San Diego, CA",824,1:00:57,9:49,F 45-49/13,F-46,202,1:01:17,53.91%
465,Lynne Goldacker,"San Diego, CA",431,1:00:58,9:49,F 45-49/14,F-49,203,1:01:47,55.67%
466,Diana Palacios,"San Diego, CA",334,1:01:01,9:50,F 25-29/55,F-27,204,1:01:17,49.73%
467,Michael Harris,"La Mesa, CA",812,1:01:01,9:50,M 45-49/41,M-48,263,1:01:39,49.54%
468,Barry Lehmer,"Encinitas, CA",1361,1:01:03,9:50,M 55-59/14,M-55,264,1:01:16,52.40%
469,Kenneth Lawrence,"Escondido, CA",890,1:01:06,9:50,M 40-44/41,M-43,265,1:01:48,47.59%
470,Daun Bahr,"San Diego, CA",1227,1:01:07,9:51,F 40-44/27,F-42,205,1:01:42,51.99%
471,Lacy Allen,"San Diego, CA",447,1:01:10,9:51,F 25-29/56,F-25,206,1:01:34,49.60%
472,Jamie Allen,"San Diego, CA",1288,1:01:12,9:51,M 35-39/42,M-35,266,1:02:00,44.84%
473,Marycarla Erausquin,"San Diego, CA",1287,1:01:13,9:51,F 30-34/33,F-32,207,1:02:00,49.67%
474,Stacy Holberg,"San Diego, CA",321,1:01:18,9:52,F 25-29/57,F-28,208,1:01:25,49.50%
475,Hal Mortier,"Ramona, CA",177,1:01:18,9:52,M 55-59/15,M-58,267,1:01:35,53.52%
476,Sheryl Nichols,"El Cajon, CA",110,1:01:20,9:53,F 45-49/15,F-49,209,1:01:49,55.34%
477,Robert Anderson,"Murrieta, CA",141,1:01:20,9:53,M 45-49/42,M-48,268,1:01:46,49.28%
478,Arcenia Kumar,"Chula Vista, CA",166,1:01:21,9:53,F 35-39/28,F-35,210,1:02:11,49.95%
479,Kara Palmer,"Encinitas, CA",999,1:01:22,9:53,F 25-29/58,F-26,211,1:02:04,49.44%
480,Susan Swaner,"San Diego, CA",1119,1:01:23,9:53,F 45-49/16,F-46,212,1:01:49,53.53%
481,Megan Schulte,"San Diego, CA",424,1:01:24,9:53,F 25-29/59,F-26,213,1:01:58,49.42%
482,Michael Marchesini,"San Diego, CA",537,1:01:25,9:53,M 35-39/43,M-38,269,1:01:43,45.60%
483,Abigail Guerrero,"San Diego, CA",802,1:01:27,9:54,F 25-29/60,F-27,214,1:01:48,49.38%
484,Don Resultan,"San Diego, CA",1037,1:01:30,9:54,M 40-44/42,M-41,270,1:01:44,46.54%
485,Angel Philp,"La Mesa, CA",315,1:01:31,9:54,F 45-49/17,F-47,215,1:02:40,53.96%
486,Tanner Florio,"San Diego, CA",56,1:01:32,9:55,M 01-12/4,M-8,271,1:01:49,57.60%
487,Katie Fenton,"San Diego, CA",368,1:01:41,9:56,F 25-29/61,F-27,216,1:02:23,49.19%
488,Kenneth Rose,"La Mesa, CA",1053,1:01:41,9:56,M 25-29/31,M-28,272,1:02:31,43.54%
489,Laura Brodfuehrer,"San Diego, CA",1208,1:01:44,9:57,F 25-29/62,F-25,217,1:02:23,49.15%
490,Kelly O'Neal,"San Diego, CA",994,1:01:47,9:57,F 30-34/34,F-30,218,1:02:16,49.14%
491,Jennifer White,"San Diego, CA",1172,1:01:49,9:57,F 25-29/63,F-27,219,1:02:03,49.08%
492,Tyler Quan,"San Diego, CA",1024,1:01:50,9:57,M 30-34/46,M-33,273,1:02:45,43.95%
493,Carrie Keiter,"San Diego, CA",32,1:01:54,9:58,F 25-29/64,F-28,220,1:02:16,49.02%
494,Cindi Harris,"La Mesa, CA",810,1:01:55,9:58,F 45-49/18,F-48,221,1:02:34,54.20%
495,Felicia Greene,"La Mesa, CA",801,1:01:58,9:59,F 50-54/14,F-50,222,1:02:19,55.47%
496,Andrea Cuizon,"La Jolla, CA",726,1:01:59,9:59,F 45-49/19,F-48,223,1:02:43,54.14%
497,Robin Soehl Lenowsky,"Ramona, CA",34,1:02:05,10:00,F 45-49/20,F-49,224,1:02:25,54.67%
498,Amanda Towey,"San Diego, CA",1135,1:02:05,10:00,F 18-24/26,F-24,225,1:02:37,48.87%
499,Andrea Evans,"San Diego, CA",330,1:02:07,10:00,F 25-29/65,F-29,226,1:02:07,48.85%
500,J Lyerla,"Spring Valley, CA",42,1:02:08,10:00,F 55-59/8,F-59,227,1:02:30,62.22%
601,Gloria Brattich,"San Diego, CA",411,1:07:18,10:50,F 18-24/30,F-23,297,1:07:52,45.08%
602,Janie Jones,"San Diego, CA",862,1:07:22,10:51,F 60-64/6,F-60,298,1:08:09,58.20%
603,Kari Kauper,"San Diego, CA",869,1:07:29,10:52,F 30-34/49,F-31,299,1:08:15,45.01%
604,Linda Levy,"San Diego, CA",899,1:07:39,10:54,F 60-64/7,F-60,300,1:08:01,57.96%
605,Ann Redd,"Fallbrook, CA",153,1:07:44,10:54,F 60-64/8,F-62,301,1:08:24,59.56%
606,Joseph Nolan,"San Diego, CA",142,1:07:50,10:55,M 40-44/46,M-42,305,1:08:35,42.52%
607,David McIntyre,"Oceanside, CA",1279,1:08:06,10:58,M 40-44/47,M-43,306,1:08:48,42.69%
608,Iridia Carre±o,"San Diego, CA",697,1:08:13,10:59,F 35-39/42,F-35,302,1:08:32,44.92%
609,Mark Johnson,"San Diego, CA",569,1:08:24,11:01,M 40-44/48,M-41,307,1:09:10,41.85%
610,Amanda Sookhiram,"Eatonville, CA",362,1:08:25,11:01,F 30-34/50,F-30,303,1:08:45,44.37%
611,Mitchel Karp,"San Diego, CA",867,1:08:26,11:01,M 70-74/3,M-74,308,1:09:06,56.69%
612,Susan Valentino,"San Diego, CA",1305,1:08:27,11:01,F 50-54/20,F-52,304,1:09:07,51.49%
613,Nina Russell,"San Diego, CA",1058,1:08:34,11:02,F 30-34/51,F-32,305,1:08:56,44.35%
614,Cathy Christian,"Escondido, CA",707,1:08:35,11:03,F 50-54/21,F-50,306,1:09:10,50.12%
615,Francis Villamor,"Chula Vista, CA",263,1:08:40,11:03,M 40-44/49,M-40,309,1:09:26,41.39%
616,Shelly Mittrick,"Oceanside, CA",955,1:08:40,11:03,F 45-49/31,F-45,307,1:09:04,47.41%
617,Inez Gonzalez,"San Marcos, CA",798,1:08:46,11:04,F 30-34/52,F-32,308,1:09:10,44.22%
618,Betty Wu,"San Diego, CA",456,1:08:49,11:05,F 25-29/78,F-28,309,1:09:35,44.09%
619,M Mott,"La Jolla, CA",968,1:08:50,11:05,F 40-44/38,F-44,310,1:09:17,46.89%
620,Sarah Rietz,"San Diego, CA",418,1:08:59,11:06,F 25-29/79,F-29,311,1:09:09,43.98%
621,Robyn Freye,"San Diego, CA",505,1:09:01,11:07,F 30-34/53,F-30,312,1:09:39,43.99%
622,Ted Kim,"Fullerton, CA",212,1:09:05,11:07,M 40-44/50,M-41,310,1:09:23,41.43%
623,Julie Shryock,"San Diego, CA",427,1:09:10,11:08,F 50-54/22,F-52,313,1:09:46,50.95%
624,Paula Ann Trevino,"La Mesa, CA",1140,1:09:12,11:09,F 40-44/39,F-44,314,1:09:52,46.64%
625,Amber Garcia,"San Diego, CA",783,1:09:24,11:10,F 25-29/80,F-27,315,1:10:03,43.72%
626,Lynn Lee,"San Diego, CA",896,1:09:26,11:11,F 40-44/40,F-44,316,1:09:50,46.48%
627,Nancy Hurwitz,"Saqn Diego, CA",1207,1:09:46,11:14,F 55-59/9,F-58,317,1:09:57,54.67%
628,Sheryll Gines,"San Diego, CA",337,1:09:47,11:14,F 35-39/43,F-36,318,1:10:32,44.05%
629,Karina Contreras,"San Ysidro, CA",318,1:09:47,11:14,F 30-34/54,F-32,319,1:10:33,43.57%
630,Gustavo Chavarin,"Chula Vista, CA",289,1:09:48,11:14,M 35-39/48,M-39,311,1:10:33,40.41%
631,Carol James,"San Diego, CA",530,1:09:53,11:15,F 40-44/41,F-40,320,1:10:05,44.87%
632,Ginny McKelvy Hubbard,"San Diego, CA",944,1:09:56,11:16,F 35-39/44,F-36,321,1:10:22,43.96%
633,Jon Moore,"San Diego, CA",959,1:10:02,11:17,M 40-44/51,M-41,312,1:10:40,40.87%
634,Margrete Chadwick,"Cardiff By The Sea, CA",702,1:10:03,11:17,F 40-44/42,F-42,322,1:10:27,45.36%
635,Jeannie Sandoval,"San Ysidro, CA",1069,1:10:03,11:17,F 35-39/45,F-38,323,1:10:37,44.26%
636,Maria Defante,"Chula Vista, CA",371,1:10:08,11:18,F 40-44/43,F-42,324,1:10:59,45.31%
637,Theresa Payne,"Santee, CA",1009,1:10:18,11:19,F 40-44/44,F-44,325,1:11:01,45.91%
638,Erin Duffy,"San Diego, CA",754,1:10:26,11:21,F 35-39/46,F-37,326,1:11:08,43.81%
639,Brittany Ruggels,"San Diego, CA",1322,1:10:29,11:21,F 25-29/81,F-25,327,1:10:50,43.05%
640,Hector Santana,"San Ysidro Cal, CA",1581,1:10:32,11:22,M 35-39/49,M-36,313,1:11:21,39.14%
641,Challise Sullivan,"San Diego, CA",165,1:10:37,11:22,F 30-34/55,F-33,328,1:11:02,43.15%
642,Jayraan Badiee,"San Diego, CA",301,1:10:48,11:24,F 25-29/82,F-25,329,1:11:08,42.85%
643,Bob Novak,"San Diego, CA",82,1:10:48,11:24,M 55-59/22,M-55,314,1:11:40,45.18%
644,Thuy Lin,"San Diego, CA",902,1:10:48,11:24,F 30-34/56,F-34,330,1:11:34,43.14%
645,Monica Gibe,"San Diego, CA",1314,1:10:48,11:24,F 25-29/83,F-27,331,1:11:14,42.85%
646,Andrea Fall,"San Diego, CA",290,1:10:59,11:26,F 25-29/84,F-29,332,1:11:52,42.74%
647,Veronica Ortega,", ",1297,1:11:12,11:28,F 60-64/9,F-60,333,1:11:30,55.07%
648,Kara Oien,"San Diego, CA",992,1:11:14,11:28,F 30-34/57,F-32,334,1:11:28,42.69%
649,George Jiracek,"La Mesa, CA",859,1:11:15,11:28,M 70-74/4,M-72,315,1:11:42,52.83%
650,David Holbo,"San Diego, CA",834,1:11:18,11:29,M 65-69/8,M-67,316,1:11:58,49.89%
651,Harvey Yarbrough,"San Marcos, CA",28,1:11:22,11:30,M 45-49/48,M-49,317,1:12:14,42.68%
652,Steve Rasmussen,"Arlington, VA",462,1:11:32,11:31,M 45-49/49,M-45,318,1:11:56,41.27%
653,Sue Rasmussen,"Arlington, VA",459,1:11:33,11:31,F 40-44/45,F-43,335,1:11:56,44.73%
654,Denise Gleavey,"San Diego, CA",531,1:11:36,11:32,F 50-54/23,F-54,336,1:12:00,50.50%
655,Amy Scott,"Murrieta, CA",329,1:11:44,11:33,F 35-39/47,F-38,337,1:12:10,43.23%
656,Leanne Beck,"Poway, CA",1377,1:11:52,11:34,F 30-34/58,F-31,338,1:12:26,42.26%
657,Heather Musni,"San Diego, CA",973,1:11:53,11:35,F 25-29/85,F-28,339,1:12:36,42.21%
658,Sara Danford,"San Diego, CA",731,1:11:54,11:35,F 18-24/31,F-24,340,1:12:27,42.20%
659,Bill Caylor,"Solana Beach, CA",506,1:11:56,11:35,M 60-64/6,M-63,319,1:12:23,47.67%
660,Vuong Le,"Spring Valley, CA",500,1:11:57,11:35,F 30-34/59,F-31,341,1:12:34,42.22%
661,Jasper Stacy,"El Cajon, CA",1311,1:12:06,11:37,M 75-99/2,M-76,320,1:12:33,55.70%
662,Susan Gable,"San Diego, CA",777,1:12:07,11:37,F 60-64/10,F-60,342,1:12:54,54.37%
663,Matthew Roberts,"San Diego, CA",1042,1:12:10,11:37,M 35-39/50,M-36,321,1:13:01,38.25%
664,Bert Million,"Lakeside, CA",953,1:12:10,11:37,M 45-49/50,M-46,322,1:12:42,41.21%
665,Daniel Jackson,"San Diego, CA",851,1:12:51,11:44,M 40-44/52,M-43,323,1:13:22,39.91%
666,Amy Hallman Rice,"San Diego, CA",806,1:12:52,11:44,F 45-49/32,F-48,343,1:13:22,46.05%
667,Sara Carroll,"La Jolla, CA",348,1:13:02,11:46,F 01-12/1,F-9,344,1:13:15,49.30%
668,Matthew Carroll,"La Jolla, CA",230,1:13:03,11:46,M 45-49/51,M-48,324,1:13:16,41.37%
669,Jennifer Benavides,"Murrieta, CA",452,1:13:14,11:48,F 35-39/48,F-36,345,1:13:49,41.98%
670,Jubilee Garner,"San Diego, CA",784,1:13:25,11:49,F 35-39/49,F-36,346,1:14:04,41.87%
671,Marissa Telford,"Austin, TX",344,1:13:28,11:50,F 18-24/32,F-22,347,1:13:53,41.30%
672,Karin Green,"Encinitas, CA",99,1:13:48,11:53,F 55-59/10,F-57,348,1:13:52,50.98%
673,Sally Bedlington,"Poway, CA",648,1:13:51,11:53,F 50-54/24,F-53,349,1:14:17,48.33%
674,Carol Gerald,"San Diego, CA",789,1:13:52,11:54,F 55-59/11,F-57,350,1:14:40,50.94%
675,Alyssa Krauss,"El Cajon, CA",422,1:13:54,11:54,F 35-39/50,F-39,351,1:14:27,42.18%
676,Madelon Gerety,"Poway, CA",791,1:13:55,11:54,F 40-44/46,F-44,352,1:14:25,43.66%
677,Sherry McDonald,"San Diego, CA",519,1:14:05,11:56,F 55-59/12,F-56,353,1:14:37,50.11%
678,Sharon Quindara Penaflor,"San Diego, CA",1027,1:14:16,11:58,F 30-34/60,F-33,354,1:14:59,41.03%
679,Katie McGowan,"La Mesa, CA",416,1:14:37,12:01,F 35-39/51,F-38,355,1:15:05,41.55%
680,Joangrace Espiritu,"San Diego, CA",1323,1:14:37,12:01,F 30-34/61,F-31,356,1:15:20,40.71%
681,Lynn Lee,"Oceanside, CA",893,1:14:39,12:01,F 55-59/13,F-56,357,1:15:02,49.73%
682,David Long,"San Diego, CA",29,1:14:40,12:01,M 70-74/5,M-73,325,1:15:06,51.15%
683,Lisa Ross,"San Diego, CA",1054,1:14:48,12:03,F 25-29/86,F-25,358,1:15:10,40.56%
684,Gerardo Mejia,"San Diego, CA",197,1:15:36,12:10,M 13-17/4,M-16,326,1:15:51,37.71%
685,Trisha Mejia,"San Diego, CA",384,1:15:37,12:11,F 25-29/87,F-27,359,1:15:51,40.12%
686,Amy Hines,"San Diego, CA",830,1:15:45,12:12,F 35-39/52,F-37,360,1:16:16,40.74%
687,Tracey Jordan,"San Diego, CA",864,1:15:50,12:13,F 35-39/53,F-35,361,1:16:27,40.40%
688,Kathy Snell,"Vista, CA",59,1:16:03,12:15,F 45-49/33,F-49,362,1:16:22,44.63%
689,Colleen Karatkiewicz,"El Cajon, CA",866,1:16:14,12:17,F 50-54/25,F-52,363,1:17:08,46.23%
690,Sue Schaffner,"San Diego, CA",1079,1:16:24,12:18,F 50-54/26,F-52,364,1:17:15,46.13%
691,Cassandra Garza,"San Diego, CA",786,1:16:35,12:20,F 25-29/88,F-27,365,1:17:08,39.62%
692,Kim Hardtke,"San Diego, CA",808,1:16:36,12:20,F 45-49/34,F-47,366,1:17:14,43.33%
693,Leslie Hays,"San Diego, CA",818,1:16:39,12:21,F 55-59/14,F-59,367,1:17:19,50.43%
694,Theresa Sawyer,"El Cajon, CA",405,1:16:50,12:22,F 45-49/35,F-45,368,1:17:25,42.37%
695,Amber Seelig,"San Diego, CA",483,1:16:52,12:23,F 25-29/89,F-28,369,1:17:11,39.47%
696,Ladorna Bunt,"Fallbrook, CA",414,1:16:59,12:24,F 60-64/11,F-63,370,1:17:10,53.18%
697,Son Vo,"San Diego, CA",106,1:17:13,12:26,M 25-29/34,M-26,327,1:17:34,34.78%
698,Jennifer Albert,"San Diego, CA",156,1:17:39,12:30,F 35-39/54,F-38,371,1:18:29,39.93%
699,Bryan Acomb,"San Diego, CA",602,1:17:50,12:32,M 30-34/51,M-32,328,1:18:41,34.78%
700,Ralph Chestnut,"Spring Valley, CA",181,1:18:00,12:34,M 40-44/53,M-43,329,1:18:38,37.27%
701,Krissy Redd,"Fallbrook, CA",172,1:18:01,12:34,F 18-24/33,F-23,372,1:18:43,38.89%
702,Christine Hokans,"San Diego, CA",327,1:18:17,12:36,F 50-54/27,F-54,373,1:18:55,46.19%
703,Vicki Nienaber,"San Diego, CA",1307,1:18:20,12:37,F 45-49/36,F-46,374,1:18:57,41.95%
704,Claude Mohler,"Pine Valley, CA",22,1:18:27,12:38,M 55-59/23,M-57,330,1:19:11,41.48%
705,Katherine Arias,"Spring Valley, CA",622,1:19:15,12:46,F 25-29/90,F-27,375,1:19:39,38.28%
706,Gina Gibellina,"San Diego, CA",363,1:19:16,12:46,F 25-29/91,F-29,376,1:20:11,38.28%
707,Melanie Frimmer,"San Diego, CA",303,1:19:16,12:46,F 25-29/92,F-27,377,1:20:11,38.28%
708,Ashleigh Blackwell,"San Diego, CA",661,1:19:21,12:47,F 25-29/93,F-29,378,1:19:52,38.24%
709,Anna Walz,"Chula Vista, CA",1157,1:19:37,12:49,F 30-34/62,F-33,379,1:19:48,38.27%
710,Carol Locken,"Lakeside, CA",903,1:20:21,12:56,F 50-54/28,F-54,380,1:21:11,45.00%
711,Peter Kennedy,"Escondido, CA",1371,1:20:42,13:00,M 55-59/24,M-56,331,1:21:30,39.97%
712,Lucy Contreras,"San Diego, CA",715,1:21:22,13:06,F 30-34/63,F-33,381,1:22:07,37.45%
713,Cristina Bustos,"San Diego, CA",681,1:22:41,13:19,F 30-34/64,F-31,382,1:23:18,36.73%
714,Frank Mejia,"Spring Valley, CA",478,1:24:05,13:32,M 40-44/54,M-40,332,1:24:50,33.80%
715,Melissa Beaumont,"Spring Valley, CA",469,1:24:05,13:32,F 35-39/55,F-36,383,1:24:50,36.56%
716,Joanna Clark,"San Diegp, CA",710,1:26:11,13:53,F 35-39/56,F-39,384,1:27:03,36.17%
717,Rhonda Lorente,"El Cajon, CA",907,1:26:11,13:53,F 45-49/37,F-48,385,1:27:03,38.94%
718,Joey Hart,"El Cajon, CA",1217,1:26:22,13:54,M 01-12/5,M-9,333,1:26:53,39.43%
719,Jessica Hart,"El Cajon, CA",1264,1:26:23,13:54,F 30-34/65,F-34,386,1:26:53,35.35%
720,Carol Gamara,"San Diego, CA",779,1:26:23,13:55,F 35-39/57,F-39,387,1:27:13,36.09%
721,Gigi Blaikie,"San Diego, CA",352,1:26:45,13:58,F 45-49/38,F-49,388,1:27:23,39.12%
722,Vianney Moreno,"San Diego, CA",962,1:27:29,14:05,F 30-34/66,F-33,389,1:27:40,34.83%
723,Art Salcido,"Chula Vista, CA",1066,1:27:35,14:06,M 35-39/51,M-38,334,1:28:31,31.98%
724,Sharon Kennedy,"La Mesa, CA",1247,1:30:50,14:37,F 40-44/47,F-44,390,1:31:40,35.53%
