Place,Name,Location,Bib,Net Time,Pace,Division/Place,Sex-Age,Sex-Place,Gun Time,Age Grade
1,Kevin Havel,"Laguna Niguel, CA",904,2:23:34,5:29,M 20-24/0,M-23,1,2:23:34,87.02%
2,Mohamed Fadil,"Albuquerque, NM",2485,2:25:47,5:34,M 30-34/0,M-31,2,2:25:47,85.70%
3,Eulogio Rodriguez,"Whittier, CA",2570,2:28:30,5:40,M 25-29/0,M-29,3,2:28:30,84.13%
4,Nate Clayson,"American Fork, UT",1176,2:28:43,5:41,M 25-29/1,M-27,4,2:28:44,84.01%
5,Ryan Neely,"Berkeley, CA",1807,2:29:40,5:43,M 20-24/1,M-23,5,2:29:40,83.47%
6,Nick Mosey,"Yorba Linda, CA",774,2:32:44,5:50,M 25-29/2,M-26,6,2:32:44,81.80%
7,Andrew Musuva,"Santa Fe, NM",1798,2:33:05,5:51,M 40-44/1,M-43,7,2:33:05,85.74%
8,Matt Ebiner,"Covina, CA",2482,2:35:10,5:56,M 50-54/1,M-52,8,2:35:10,91.52%
9,Chris Knorzer,"Rocklin, CA",1605,2:36:48,5:59,M 40-44/2,M-44,9,2:36:48,84.41%
10,Oswaldo Hurtado,"South Gate, CA",2351,2:38:11,6:02,M 35-39/1,M-39,10,2:38:11,80.26%
11,Rob Hilton,"Oceanside, CA",2512,2:38:18,6:03,M 35-39/2,M-39,11,2:38:19,80.20%
12,Evan Hitchcock,"Marina, CA",1470,2:41:47,6:11,M 20-24/2,M-23,12,2:41:50,77.22%
13,Philip Bachman,"Cedar Rapids, IA",990,2:43:54,6:16,M 30-34/1,M-30,13,2:43:55,76.22%
14,Kimberly O'Donnell,"Santa Cruz, CA",1838,2:47:13,6:23,F 20-24/0,F-23,1,2:47:13,80.99%
15,Naoki Kato,"Torrance, CA",208,2:47:48,6:24,M 40-44/3,M-41,14,2:47:49,76.92%
16,Cherenet Daba,"Long Beach, CA",2688,2:48:17,6:26,M 45-49/1,M-48,15,2:48:20,81.42%
17,Robert Leonardo,"Lancaster, CA",3,2:48:22,6:26,M 50-54/2,M-50,16,2:48:23,82.84%
18,Tim Harder,"Aliso Viejo, CA",1428,2:50:08,6:30,M 25-29/3,M-27,17,2:50:08,73.43%
19,Adam Dave,"Los Angeles, CA",2314,2:51:34,6:33,M 40-44/4,M-40,18,2:51:35,74.61%
20,Stefan Schweizer,"Oceanside, CA",2056,2:51:53,6:34,M 40-44/5,M-43,19,2:51:54,76.36%
21,Steven Underwood,"Encinitas, CA",2603,2:53:51,6:38,M 25-29/4,M-26,20,2:53:51,71.86%
22,Andrew O'Bannon,"Lake Forest, CA",2388,2:55:32,6:42,M 25-29/5,M-29,21,2:55:36,71.17%
23,Andrew Hahn,"Albuquerque, NM",1413,2:56:23,6:44,M 40-44/6,M-40,22,2:56:37,72.58%
24,Christopher Kelly,"Anaheim, CA",1569,2:56:40,6:45,M 20-24/3,M-21,23,2:56:41,71.04%
25,Ruben Gonzalez,"Anaheim, CA",2693,2:57:09,6:46,M 25-29/6,M-25,24,2:57:41,70.52%
26,Jeff Cohen,"Irvine, CA",1180,2:58:12,6:48,M 35-39/3,M-35,25,2:58:12,70.11%
27,Jorge Martinez,"Los Angeles, CA",647,2:58:18,6:48,M 40-44/7,M-40,26,2:58:19,71.80%
28,Joe Rzepiejewski,"Dana Point, CA",2634,2:59:17,6:51,M 45-49/2,M-47,27,2:59:20,75.76%
29,Tory Silvestrin,"Loma Linda, CA",2078,2:59:30,6:51,M 25-29/7,M-27,28,2:59:42,69.60%
30,Jose Luna,"Rsm, CA",2628,3:00:27,6:53,M 45-49/3,M-47,29,3:00:36,75.27%
31,Guillaume Chanfreau,"Los Angeles, CA",1139,3:00:53,6:54,M 45-49/4,M-45,30,3:00:55,73.80%
32,Michael Siebert,"San Diego, CA",2075,3:01:17,6:55,M 25-29/8,M-25,31,3:01:17,68.91%
33,Mason Vavere,"Costa Mesa, CA",2429,3:02:01,6:57,M 40-44/8,M-44,32,3:02:02,72.71%
34,Peter Metcalfe,"Canada, ",1753,3:02:57,6:59,M 35-39/4,M-39,33,3:02:59,69.40%
35,Matthew Kadowaki,"Irvine, CA",1549,3:03:15,7:00,M 35-39/5,M-35,34,3:03:15,68.17%
36,Brent Jurmu,"Twentynine Palms, CA",1548,3:03:18,7:00,M 25-29/9,M-28,35,3:03:18,68.15%
37,Brandon Fisher,"Phoenix, AZ",1320,3:03:18,7:00,M 30-34/2,M-32,36,3:03:24,68.15%
38,Kris Jensen,"Orange, CA",1525,3:04:25,7:03,M 35-39/6,M-35,37,3:04:27,67.74%
39,Brandon Nakagawa,"Irvine, CA",247,3:05:32,7:05,M 30-34/3,M-30,38,3:05:34,67.33%
40,Satoshi Ono,"Los Angeles, CA",1848,3:05:42,7:05,M 35-39/7,M-38,39,3:05:43,67.88%
41,Brock Whitaker,"Riverside, CA",741,3:06:16,7:07,M 30-34/4,M-33,40,3:06:21,67.07%
42,Jorge Gonzalez,"Yorba Linda, CA",578,3:06:58,7:08,M 35-39/8,M-37,41,3:07:00,67.09%
43,Zhuangrong Xu,"Irvine, CA",2441,3:07:07,7:09,M 40-44/9,M-40,42,3:07:09,68.41%
44,Tyler Burns,"Oakland, CA",1091,3:07:22,7:09,M 30-34/5,M-33,43,3:07:26,66.68%
45,Phil McNeal,"Romeoville, IL",2537,3:07:56,7:11,M 20-24/4,M-23,44,3:07:57,66.47%
46,Hiroshi Yamamoto,"Irvine, CA",2261,3:08:09,7:11,M 45-49/5,M-46,45,3:08:11,71.56%
47,Qinhua He,"San Diego, CA",906,3:08:24,7:12,M 35-39/9,M-36,46,3:08:25,66.38%
48,Jorge Briones,"Whittier, CA",2696,3:08:24,7:12,M 40-44/10,M-41,47,3:09:23,68.51%
49,Kurt Goetz,"Rancho Palos Verdes, CA",1383,3:08:52,7:13,M 30-34/6,M-34,48,3:08:55,66.15%
50,Hans Arnesen,"Newport Beach, CA",981,3:09:08,7:13,M 25-29/10,M-29,49,3:09:13,66.05%
51,Josh Beisel,"Newport Beach, CA",1028,3:09:08,7:13,M 30-34/7,M-30,50,3:09:14,66.05%
52,Eric Hsu,"Colton, CA",1493,3:09:18,7:14,M 20-24/5,M-24,51,3:09:20,65.99%
53,Sanjiv Arora,"Ladera Ranch, CA",982,3:09:20,7:14,M 45-49/6,M-47,52,3:09:25,71.74%
54,Ronald M Booker,"Playa Del Rey, CA",2616,3:09:21,7:14,M 40-44/11,M-40,53,3:09:39,67.61%
55,Kirk Buckley,"Las Vegas, NV",1079,3:09:50,7:15,M 40-44/12,M-44,54,3:09:55,69.72%
56,Ieng Klukken,"Huntington Beach, CA",211,3:09:52,7:15,F 40-44/0,F-41,2,3:09:52,75.92%
57,Greg Jones,"Milton, GA",2524,3:09:52,7:15,M 35-39/10,M-38,55,3:09:55,66.39%
58,Lawrence Distler,"Huntington Beach, CA",766,3:09:53,7:15,M 55-59/1,M-56,56,3:09:55,77.62%
59,David Goddard,"Santa Monica, CA",101,3:10:03,7:15,M 50-54/3,M-53,57,3:10:09,75.41%
60,Peter Barati,"Irvine, CA",1008,3:10:17,7:16,M 35-39/11,M-36,58,3:11:16,65.72%
61,Ben Coyle,"Orange, CA",1204,3:11:15,7:18,M 35-39/12,M-38,59,3:11:17,65.91%
62,Henry Torres,"Alhambra, CA",2172,3:11:15,7:18,M 35-39/13,M-36,60,3:11:19,65.39%
63,Zach Earl,"Toluca Lake, CA",1279,3:12:35,7:21,M 35-39/14,M-37,61,3:12:38,65.13%
64,Keng Hong Ho,"Los Angeles, CA",1474,3:13:02,7:22,M 35-39/15,M-36,62,3:14:19,64.79%
65,Alson Chao,"Irvine, CA",536,3:13:19,7:23,M 45-49/7,M-46,63,3:13:22,69.65%
66,Carri Arrieta,"Moreno Valley, CA",119,3:13:55,7:24,F 45-49/0,F-46,3,3:13:55,78.88%
67,Joshua Osborn,"Yucaipa, CA",676,3:13:58,7:24,M 30-34/8,M-34,64,3:14:01,64.41%
68,Peter Farb,"Redondo Beach, CA",1301,3:15:08,7:27,M 25-29/11,M-27,65,3:15:13,64.02%
69,Ben Salter,"New York, NY",2026,3:15:15,7:27,M 30-34/9,M-32,66,3:15:19,63.98%
70,Yas Arai,"San Pedro, CA",975,3:15:27,7:28,M 40-44/13,M-43,67,3:15:29,67.15%
71,Matthew Popiel,"Tarzana, CA",2559,3:15:27,7:28,M 30-34/10,M-31,68,3:15:33,63.92%
72,Jorge Brambila,"Mexico, ",1065,3:15:39,7:28,M 40-44/14,M-42,69,3:15:43,66.52%
73,Roland Wagner,"San Diego, CA",2217,3:15:39,7:28,M 30-34/11,M-33,70,3:15:46,63.85%
74,Andrew Moore,"Aliso Viejo, CA",1776,3:15:40,7:28,M 25-29/12,M-29,71,3:15:50,63.84%
75,Nathan Richey,"Brea, CA",1966,3:16:16,7:30,M 20-24/6,M-20,72,3:17:02,64.46%
76,Marcell Bassett,"Costa Mesa, CA",1019,3:16:52,7:31,M 35-39/16,M-39,73,3:16:53,64.49%
77,Rob Farmer,"Carmichael, CA",1302,3:17:05,7:31,M 35-39/17,M-35,74,3:17:41,63.39%
78,Stephen Van Der Tang,"Costa Mesa, CA",2203,3:17:20,7:32,M 30-34/12,M-30,75,3:17:21,63.31%
79,Jason Odom,"Newport Beach, CA",1840,3:17:47,7:33,M 25-29/13,M-26,76,3:17:57,63.16%
80,Ryan Bank,"East Providence, RI",1006,3:18:16,7:34,M 30-34/13,M-30,77,3:18:21,63.01%
81,Eric Salgado,"Orange, CA",292,3:18:52,7:36,M 25-29/14,M-25,78,3:18:53,62.82%
82,Frank Chavez,"San Pedro, CA",1145,3:19:06,7:36,M 30-34/14,M-31,79,3:19:09,62.75%
83,Timothy Marcroft,"Salinas, CA",1714,3:19:16,7:36,M 20-24/7,M-24,80,3:19:25,62.69%
84,Sergey Lototsky,"Long Beach, CA",1688,3:19:26,7:37,M 40-44/15,M-43,81,3:19:31,65.81%
85,Michael Williams,"Huntington Beach, CA",783,3:19:38,7:37,M 50-54/4,M-51,82,3:19:42,70.49%
86,Jesse Qiao,"San Antonio, TX",1917,3:19:56,7:38,M 25-29/15,M-28,83,3:20:47,62.48%
87,Andrea Torng,"Playa Del Rey, CA",2166,3:19:57,7:38,F 25-29/1,F-26,4,3:20:03,67.73%
88,Reggie Thomas,"Chino Hills, CA",725,3:19:58,7:38,M 45-49/8,M-49,84,3:20:03,69.13%
89,John Haberstroh,"Gardena, CA",581,3:20:08,7:38,M 20-24/8,M-24,85,3:20:13,62.42%
90,Nitin Bhardwaj,"Portland, OR",1041,3:20:12,7:39,M 30-34/15,M-30,86,3:20:15,62.40%
91,Rolando Phalen,"Riverside, CA",1897,3:20:33,7:39,M 16-19/1,M-16,87,3:22:07,66.81%
92,Carlos Jaugriguy,"Pomona, CA",1520,3:20:49,7:40,M 40-44/16,M-41,88,3:21:22,64.28%
93,Shojiro Imamura,"Japan, ",1509,3:21:13,7:41,M 55-59/2,M-57,89,3:21:16,73.95%
94,Taryn Spates,"Granada Hills, CA",2108,3:21:35,7:42,F 30-34/1,F-33,5,3:22:22,67.64%
95,Herman Tam,"Irvine, CA",2636,3:21:35,7:42,M 40-44/17,M-42,90,3:21:43,64.56%
96,Peter Songnan Zhang,"Hacienda Hts, CA",2278,3:21:57,7:43,M 55-59/3,M-55,91,3:22:05,72.30%
97,Craig Anderson,"Corona, CA",117,3:22:14,7:43,M 45-49/9,M-47,92,3:22:17,67.16%
98,Marshall Hayde,"Temecula, CA",2508,3:22:36,7:44,M 40-44/18,M-43,93,3:22:49,64.78%
99,Aaron Jimenez,"Silverado, CA",1529,3:22:42,7:44,M 30-34/16,M-30,94,3:22:42,61.63%
100,Ali Pavoni,"Laguna Niguel, CA",2553,3:22:57,7:45,F 25-29/2,F-29,6,3:23:13,66.73%
1201,Madeline Treschuk,"San Diego, CA",2180,4:52:30,11:10,F 25-29/69,F-26,397,4:52:51,46.30%
1202,Daniel Trujillo,"Huntington Beach, CA",2186,4:52:32,11:10,M 30-34/118,M-34,805,4:53:42,42.70%
1203,Jung Paik,"La Mirada, CA",1862,4:52:44,11:10,F 45-49/41,F-47,398,4:53:50,52.89%
1204,John Snell,"Palmdale, CA",714,4:52:53,11:11,M 30-34/119,M-34,806,4:53:43,42.65%
1205,Suzie Snell,"Palmdale, CA",2096,4:52:54,11:11,F 30-34/67,F-31,399,4:53:43,46.32%
1206,Ginger Lassy,"Los Angeles, CA",626,4:53:03,11:11,F 70-74/1,F-70,400,4:54:35,74.06%
1207,Jennifer Pebley,"Canyon Country, CA",1883,4:53:04,11:11,F 35-39/66,F-38,401,4:54:05,47.84%
1208,Jenna Clay,"San Pedro, CA",544,4:53:05,11:11,F 25-29/70,F-28,402,4:53:58,46.21%
1209,Ronald Velasquez,"Pasadena, CA",2830,4:53:06,11:11,M 40-44/123,M-42,807,4:54:34,44.40%
1210,Giorgia Diomedes,"La Mirada, CA",2317,4:53:08,11:11,F 35-39/67,F-39,403,4:54:15,48.22%
1211,Do Yeon Kim,"Fullerton, CA",611,4:53:09,11:11,Unknown/15,M-15,808,4:54:40,46.57%
1212,Michael Lemense,"San Pedro, CA",770,4:53:10,11:11,M 55-59/58,M-58,809,4:54:44,51.24%
1213,Lea Reyes,"Laguna Niguel, CA",1963,4:53:11,11:11,F 35-39/68,F-39,404,4:54:22,48.21%
1214,Jim Kennelly,"Long Beach, CA",1573,4:53:12,11:11,M 45-49/111,M-49,810,4:54:35,47.14%
1215,Teresa Dulla,"Mission Viejo, CA",2327,4:53:13,11:12,F 45-49/42,F-48,405,4:55:09,53.47%
1216,Robert Jenkins,"San Clemente, CA",1523,4:53:17,11:12,M 50-54/83,M-53,811,4:54:05,48.86%
1217,Mark Serfas,"Aliso Viejo, CA",2585,4:53:21,11:12,M 45-49/112,M-48,812,4:54:59,46.70%
1218,Alberto Perusset,"Malibu, CA",758,4:53:28,11:12,M 55-59/59,M-55,813,4:53:28,49.75%
1219,Naomi Trias,"La Palma, CA",2181,4:53:32,11:12,F 30-34/68,F-33,406,4:54:49,46.45%
1220,Kathy Young-Orwig,"Riverside, CA",2275,4:53:40,11:13,F 55-59/19,F-57,407,4:54:52,60.22%
1221,Ted Nelson,"Long Beach, CA",663,4:53:41,11:13,M 55-59/60,M-56,814,4:54:27,50.19%
1222,Russell Faulconer,"Castaic, CA",1304,4:53:41,11:13,M 25-29/83,M-25,815,4:55:16,42.54%
1223,Larry Natividad,"Artesia, CA",1805,4:53:49,11:13,M 40-44/124,M-42,816,4:54:56,44.29%
1224,Melinda Ortiz,"Orange, CA",258,4:53:49,11:13,F 50-54/15,F-50,408,4:54:56,54.74%
1225,Sungkwi Park,"Irvine, CA",1873,4:53:50,11:13,M 55-59/61,M-55,817,4:54:40,49.69%
1226,Brett Balint,"Norco, CA",2678,4:53:51,11:13,M 45-49/113,M-48,818,4:55:15,46.63%
1227,Randall Tolosa,"Twentynine Palms, CA",2599,4:54:04,11:13,M 25-29/84,M-26,819,4:56:05,42.48%
1228,Jay Liao,"Hacienda Heights, CA",1672,4:54:07,11:14,M 20-24/54,M-24,820,5:01:46,42.47%
1229,Ken Anderson,"Medford, OR",968,4:54:10,11:14,M 50-54/84,M-53,821,4:55:53,48.72%
1230,Armida Morgan,"Mission Viejo, CA",2384,4:54:15,11:14,F 45-49/43,F-47,409,4:55:49,52.62%
1231,Erika Ordonez,"Woodland Hills, CA",2389,4:54:18,11:14,F 35-39/69,F-38,410,4:56:19,47.64%
1232,John Nowak,"Cypress, CA",2656,4:54:18,11:14,M 45-49/114,M-49,822,4:56:06,46.97%
1233,Scott Shironaka,"Long Beach, CA",2586,4:54:28,11:14,M 20-24/55,M-24,823,5:20:02,42.42%
1234,Chris Corning,"Canoga Park, CA",2312,4:54:28,11:14,M 30-34/120,M-32,824,4:55:59,42.42%
1235,Katharina Menzel,"Long Beach, CA",773,4:54:32,11:15,F 30-34/69,F-34,411,4:56:04,46.47%
1236,Chris Hodge,"Orange, CA",1477,4:54:42,11:15,M 35-39/126,M-35,825,4:56:03,42.39%
1237,Gabriel Dorr,"Aliso Viejo, CA",2320,4:54:44,11:15,Unknown/16,M-13,826,4:55:09,48.50%
1238,Stephanie Simon,"Orange, CA",2080,4:54:47,11:15,F 30-34/70,F-32,412,4:56:13,46.12%
1239,Jeffrey Douglass,"Huntington Beach, CA",1266,4:54:56,11:15,M 40-44/125,M-43,827,4:56:42,44.50%
1240,Matt Shumard,"Santa Clarita, CA",2588,4:54:56,11:15,M 40-44/126,M-44,828,4:56:21,44.87%
1241,Stephanie Crowley,"Newport Beach, CA",1213,4:54:59,11:16,F 35-39/70,F-38,413,4:55:39,47.53%
1242,Chris Papaioanu,"Lompoc, CA",1866,4:54:59,11:16,M 35-39/127,M-38,829,4:55:39,42.73%
1243,Robert Mendoza,"Chino, CA",2378,4:55:04,11:16,M 25-29/85,M-28,830,4:56:02,42.34%
1244,Kok Ching Lim,"Singapore, ",1675,4:55:04,11:16,M 35-39/128,M-39,831,4:56:57,43.03%
1245,Helen McMullin,"El Segundo, CA",653,4:55:14,11:16,F 45-49/44,F-46,414,4:56:48,51.80%
1246,Juan Garcia,"Azusa, CA",1356,4:55:37,11:17,M 50-54/85,M-50,832,4:57:24,47.18%
1247,Thu Pham,"Santa Ana, CA",267,4:55:39,11:17,F 35-39/71,F-39,415,4:56:40,47.81%
1248,Jen Pena,"Helendale, CA",757,4:55:41,11:17,F 30-34/71,F-31,416,4:56:04,45.88%
1249,Wendy Haining,"Brea, CA",1414,4:55:42,11:17,F 40-44/63,F-42,417,4:57:01,49.29%
1250,Jiro Togashi,"Anaheim, CA",322,4:55:44,11:17,M 55-59/62,M-56,833,4:56:46,49.84%
1251,Jack Thurman,"Denver, CO",2160,4:55:48,11:17,M 40-44/127,M-43,834,4:56:36,44.37%
1252,Mark Contreras,"Tustin, CA",1191,4:55:48,11:17,M 30-34/121,M-33,835,4:56:00,42.23%
1253,Jennifer Garza,"Sanger, CA",1366,4:55:54,11:18,F 25-29/71,F-26,418,4:56:49,45.77%
1254,David Hendrick,"Dana Point, CA",1448,4:56:27,11:19,M 25-29/86,M-29,836,4:57:59,42.14%
1255,Jihee Choi,"Cerritos, CA",1160,4:56:34,11:19,F 50-54/16,F-52,419,4:58:05,55.67%
1256,Mamoud Redja,"Laguna Hills, CA",1949,4:56:35,11:19,M 60-64/21,M-60,837,4:57:22,51.65%
1257,Edward Ramos,"Garden Grove, CA",2402,4:56:49,11:20,M 30-34/122,M-32,838,4:58:19,42.09%
1258,William Shin,"Upland, CA",2068,4:56:53,11:20,M 50-54/86,M-52,839,4:58:16,47.83%
1259,Jhoseph Gim,"Colton, CA",1382,4:56:54,11:20,M 50-54/87,M-54,840,4:58:16,48.72%
1260,Kin Hang Tsang,"Chino, CA",729,4:56:54,11:20,M 25-29/87,M-25,841,4:57:52,42.08%
1261,Brett Griswold,"Moorpark, CA",754,4:57:04,11:20,M 30-34/123,M-30,842,4:58:29,42.05%
1262,Jeffrey Michlitsch,"San Pedro, CA",654,4:57:05,11:20,M 35-39/129,M-39,843,4:58:35,42.73%
1263,Kathy Ying,"Danville, CA",2264,4:57:09,11:20,F 25-29/72,F-28,420,4:59:00,45.57%
1264,Ariel Watkins,"Manhattan Beach, CA",2222,4:57:13,11:21,F 20-24/40,F-23,421,4:58:53,45.56%
1265,Joseph Yanez,"Santa Ana, CA",2262,4:57:23,11:21,M 25-29/88,M-27,844,4:58:48,42.01%
1266,Kenneth Kamemoto,"San Pedro, CA",2355,4:57:28,11:21,M 45-49/115,M-48,845,4:59:05,46.06%
1267,Chulsub Song,"Irvine, CA",2101,4:57:29,11:21,M 50-54/88,M-54,846,4:59:08,48.62%
1268,Robert Plunkett,"Lancaster, CA",269,4:57:32,11:21,M 60-64/22,M-61,847,4:57:56,52.00%
1269,Kendall Trinh,"Westminster, CA",2183,4:57:36,11:22,F 30-34/72,F-31,422,4:58:25,45.58%
1270,Liem Sexton,"Irvine, CA",2062,4:57:47,11:22,M 45-49/116,M-47,848,4:59:31,45.61%
1271,Sarah Payne,"San Antonio, TX",2393,4:57:48,11:22,F 30-34/73,F-32,423,4:59:28,45.65%
1272,Kristin Smith,"Mission Viejo, CA",2092,4:57:52,11:22,F 45-49/45,F-48,424,4:59:21,52.63%
1273,Danielle Foley,"Covina, CA",1330,4:57:52,11:22,F 25-29/73,F-27,425,4:59:22,45.46%
1274,Lora Tang,"Riverside, CA",2147,4:57:53,11:22,F 45-49/46,F-46,426,4:59:57,51.34%
1275,Francine Wheat,"Brea, CA",2233,4:57:55,11:22,F 45-49/47,F-48,427,4:59:15,52.62%
1276,Grace Cho,"Fullerton, CA",2618,4:57:57,11:22,F 40-44/64,F-41,428,4:59:16,48.37%
1277,Vivian Pham,"Huntington Beach, CA",2557,4:58:08,11:23,F 20-24/41,F-20,429,4:59:41,45.46%
1278,Moses Huerta,"Cerritos, CA",198,4:58:11,11:23,M 40-44/128,M-43,849,5:10:45,44.01%
1279,Mary Garmshausen,"San Juan Capistrano, CA",178,4:58:15,11:23,F 50-54/17,F-53,430,4:59:27,56.11%
1280,Deniece Hicksted,"Laguna Niguel, CA",2345,4:58:17,11:23,F 40-44/65,F-41,431,4:59:41,48.32%
1281,Julian Gross,"Laguna Niguel, CA",2339,4:58:17,11:23,Unknown/17,M-13,850,4:59:41,47.92%
1282,Desi Ballat-Dyson,"Long Beach, CA",517,4:58:30,11:24,F 30-34/74,F-33,432,4:59:30,45.68%
1283,Dave Dorr,"Aliso Viejo, CA",2319,4:58:32,11:24,M 45-49/117,M-48,851,4:59:57,45.89%
1284,Cyrus Shahpar,"Atlanta, GA",2418,4:58:35,11:24,M 35-39/130,M-38,852,4:58:58,42.22%
1285,Nancy Alvarado,"Garden Grove, CA",957,4:58:41,11:24,F 20-24/42,F-24,433,4:59:39,45.34%
1286,Matthew Taylor,"Laguna Niguel, CA",2424,4:58:41,11:24,M 50-54/89,M-54,853,5:00:27,48.43%
1287,Rick Hicksted,"Laguna Niguel, CA",591,4:58:51,11:24,M 40-44/129,M-42,854,4:59:58,43.55%
1288,Derrick Hicksted,"Laguna Niguel, CA",2346,4:58:52,11:24,Unknown/18,M-12,855,4:59:58,49.18%
1289,Kent Schrock,"Yorba Linda, CA",503,4:58:53,11:24,M 35-39/131,M-39,856,5:00:19,42.48%
1290,Jesus Salvador,"Los Angeles, CA",2027,4:59:06,11:25,M 45-49/118,M-45,857,5:00:27,44.63%
1291,Zayra Torres,"Corona, CA",2600,4:59:11,11:25,F 35-39/72,F-37,434,4:59:35,46.51%
1292,Adam Rodriguez,"Lake Forest, CA",1983,4:59:12,11:25,M 20-24/56,M-24,858,4:59:46,41.75%
1293,Roxana Rodriguez,"Gardena, CA",2650,4:59:16,11:25,F 40-44/66,F-42,435,5:00:13,48.70%
1294,Walter Rodriguez,"Gardena, CA",2649,4:59:16,11:25,M 45-49/119,M-45,859,5:00:14,44.61%
1295,Alex Reich,"Los Angeles, CA",692,4:59:19,11:25,M 40-44/130,M-40,860,5:00:27,42.77%
1296,Philo Short,"Monterey, CA",710,4:59:20,11:25,M 70-74/2,M-74,861,4:59:52,59.70%
1297,Matthew Do,"Huntington Beach, CA",1257,4:59:36,11:26,M 16-19/14,M-17,862,5:00:08,44.01%
1298,Krystle Altenbach,"Yorba Linda, CA",955,4:59:41,11:26,F 30-34/75,F-30,436,5:01:00,45.21%
1299,Polibert Deguzman,"Newark, CA",2477,4:59:41,11:26,M 30-34/124,M-31,863,5:42:15,41.69%
1300,Traci Cuevas,"Lawrence, KS",1214,4:59:48,11:27,F 35-39/73,F-35,437,5:01:16,45.87%
1301,Michael Alcala,"Santa Ana, CA",115,4:59:54,11:27,M 45-49/120,M-46,864,5:02:04,44.90%
1302,Khanh Nguyen,"Newport Beach, CA",1819,4:59:59,11:27,M 35-39/132,M-39,865,5:01:23,42.32%
1303,Jakob Herrmann,"Yorba Linda, CA",192,5:00:08,11:27,M 40-44/131,M-41,866,5:01:55,43.01%
1304,Andrew Cho,"Colton, CA",2471,5:00:09,11:27,M 70-74/3,M-70,867,5:01:32,56.60%
1305,Rich Wunderlich,"Chino Hills, CA",2257,5:00:09,11:27,M 50-54/90,M-51,868,5:01:02,46.88%
1306,Everildo Mendez,"Santa Barbara, CA",1750,5:00:23,11:28,F 55-59/20,F-55,438,5:00:23,57.25%
1307,Owen Lee,"Irvine, CA",1654,5:00:29,11:28,M 40-44/132,M-44,869,5:01:21,44.04%
1308,Jeffrey Hernandez,"Long Beach, CA",2510,5:00:30,11:28,M 25-29/89,M-27,870,5:01:31,41.57%
1309,Hector Aleman,"La Mirada, CA",508,5:00:32,11:28,M 40-44/133,M-40,871,5:01:55,42.59%
1310,Erica Garcia,"Irvine, CA",1353,5:00:41,11:29,F 25-29/74,F-26,439,5:02:01,45.04%
1311,Norma Figueroa,"Irvine, CA",2490,5:00:41,11:29,F 55-59/21,F-58,440,5:01:44,59.67%
1312,Sue Williams,"Huntington Beach, CA",2242,5:00:41,11:29,F 45-49/48,F-49,441,5:02:01,52.80%
1313,Ana Manrique,"Garden Grove, CA",2371,5:00:44,11:29,F 25-29/75,F-29,442,5:02:25,45.03%
1314,Greg Gayman,"Des Moines, IA",1371,5:00:45,11:29,M 25-29/90,M-28,872,5:02:31,41.54%
1315,Christina Jesson,"Peoria, IL",1527,5:00:45,11:29,F 30-34/76,F-30,443,5:02:31,45.05%
1316,Ming Ieong,"West Covina, CA",599,5:00:59,11:29,M 40-44/134,M-43,873,5:02:27,43.60%
1317,Joseph Campbell,"San Dimas, CA",901,5:01:08,11:30,M 40-44/135,M-43,874,5:01:55,43.58%
1318,Karen Roth,"Chandler, AZ",2006,5:01:13,11:30,F 40-44/67,F-43,444,5:02:40,48.96%
1319,Ingrid Sulorzano,"Chino, CA",2132,5:01:20,11:30,F 50-54/18,F-54,445,5:01:57,56.29%
1320,Traian Dragan,"Anaheim, CA",1268,5:01:22,11:30,M 60-64/23,M-64,875,5:01:26,52.91%
1321,Tuan Nguyen,"Mission Viejo, CA",1824,5:01:47,11:31,M 35-39/133,M-37,876,5:02:43,41.56%
1322,Gene Aschoff,"La Verne, CA",984,5:01:48,11:31,M 70-74/4,M-73,877,5:03:17,58.38%
1323,Andrew Wilson,"Aliso Viejo, CA",2438,5:01:55,11:31,Unknown/19,M-14,878,5:03:36,46.20%
1324,Jennifer Marvin,"Long Beach, CA",1722,5:02:07,11:32,F 40-44/68,F-41,446,5:02:59,47.70%
1325,Jack Bentler,"Aliso Viejo, CA",2297,5:02:17,11:32,Unknown/20,M-13,879,5:03:52,47.29%
1326,Barbara Cuarenta,"Wilmington, CA",2655,5:02:19,11:32,F 40-44/69,F-42,447,5:04:16,48.21%
1327,Jason Aguilar,"Costa Mesa, CA",2292,5:02:23,11:32,M 35-39/134,M-38,880,5:02:37,41.69%
1328,Suresh Sharda,"Huntington Beach, CA",304,5:02:27,11:33,M 50-54/91,M-51,881,5:02:27,46.53%
1329,Esmeralda Vicario,"Highland, CA",2430,5:02:27,11:33,F 30-34/77,F-34,448,5:03:55,45.25%
1330,Satiro De Oliveira,"Los Angeles, CA",156,5:02:30,11:33,M 40-44/136,M-41,882,5:03:12,42.67%
1331,Recia Hinojos,"Buellton, CA",1469,5:02:34,11:33,F 40-44/70,F-40,449,5:03:29,47.15%
1332,David Field,"Murrieta, CA",2675,5:02:40,11:33,M 45-49/121,M-47,883,5:04:22,44.88%
1333,Johnny Villa Jr,"Barstow, CA",2431,5:02:48,11:33,M 25-29/91,M-29,884,5:04:24,41.26%
1334,Linda Sanchez,"Riverside, CA",761,5:02:48,11:33,F 45-49/49,F-45,450,5:04:12,49.89%
1335,Christopher San Martin,"Fort Irwin, CA",2413,5:02:48,11:33,M 20-24/57,M-24,885,5:04:24,41.26%
1336,Elena Fukuda,"Placentia, CA",174,5:02:49,11:33,F 50-54/19,F-54,451,5:04:13,56.02%
1337,Bethany Schramm,"Mission Viej, CA",2690,5:03:30,11:35,F 40-44/71,F-40,452,5:05:34,47.00%
1338,Joshua Redmond,"Riverside, CA",1950,5:03:34,11:35,M 30-34/125,M-30,886,5:03:59,41.15%
1339,Annie Brady,"Los Angeles, CA",1062,5:03:39,11:35,F 25-29/76,F-28,453,5:04:21,44.60%
1340,Philip Toomey,"Redondo Beach, CA",728,5:03:40,11:35,M 55-59/63,M-59,887,5:04:30,49.95%
1341,Nicholas Prelesnik,"Riverside, CA",921,5:03:44,11:36,M 35-39/135,M-38,888,5:25:35,41.50%
1342,Warren Scott,"Riverside, CA",2059,5:03:51,11:36,M 50-54/92,M-51,889,5:04:55,46.31%
1343,Lisa Woodard,"Huntington Beach, CA",2248,5:03:56,11:36,F 25-29/77,F-28,454,5:05:51,44.56%
1344,Irma Hernandez,"Downey, CA",1458,5:04:01,11:36,F 45-49/50,F-46,455,5:04:18,50.30%
1345,Andi Kang,"Fountain Valley, CA",207,5:04:02,11:36,F 55-59/22,F-55,456,5:24:47,56.56%
1346,Dean Ludwig,"San Diego, CA",1690,5:04:14,11:37,M 50-54/93,M-50,890,5:04:47,45.84%
1347,Kristal Sandoval,"Bermuda Dunes, CA",2034,5:04:15,11:37,F 25-29/78,F-29,457,5:04:56,44.51%
1348,Nina Reich,"Los Angeles, CA",1958,5:04:22,11:37,F 40-44/72,F-43,458,5:05:07,48.45%
1349,Cj Yamada,"Hawthorne, CA",2260,5:04:27,11:37,M 25-29/92,M-25,891,5:05:37,41.03%
1350,Felipe Ordonez,"Anaheim, CA",1849,5:04:28,11:37,M 30-34/126,M-30,892,5:07:58,41.03%
1351,Robert Reinke,"Barrington, IL",1959,5:04:29,11:37,M 50-54/94,M-50,893,5:05:29,45.81%
1352,Daniel Lee,"Berkeley, CA",1648,5:04:34,11:37,M 20-24/58,M-22,894,5:05:31,41.04%
1353,Alicia Ambroso,"Colorado Springs, CO",511,5:04:35,11:37,F 35-39/74,F-38,459,5:05:16,46.03%
1354,Marcela Rodriguez,"Newport Beach, CA",2406,5:04:42,11:38,F 25-29/79,F-28,460,5:06:03,44.45%
1355,Christina Carver,"Studio City, CA",1121,5:04:42,11:38,F 20-24/43,F-24,461,5:05:13,44.45%
1356,Kathryn Bozzini,"Lafayette, CA",1060,5:04:45,11:38,F 50-54/20,F-53,462,5:06:44,54.91%
1357,Micah Talbot,"Chino, CA",2144,5:04:51,11:38,M 30-34/127,M-30,895,5:05:59,40.98%
1358,Jenna Talbot,"Chino, CA",2143,5:04:52,11:38,F 25-29/80,F-28,463,5:05:59,44.42%
1359,Shiela Gappi,"Camarillo, CA",1351,5:04:52,11:38,F 35-39/75,F-38,464,5:08:30,45.98%
1360,Matt Debord,"Menifee, CA",1234,5:05:29,11:40,M 30-34/128,M-30,896,5:06:13,40.89%
1361,Jamie Sorenson,"Coronado, CA",716,5:05:39,11:40,F 35-39/76,F-35,465,5:06:51,44.99%
1362,Fabiano Tiraboschi,"Lake Forest, CA",2163,5:05:39,11:40,M 40-44/137,M-40,897,5:06:00,41.88%
1363,Donna Kiernan,"Trabuco Canyon, CA",1579,5:05:45,11:40,F 40-44/73,F-41,466,5:07:03,47.14%
1364,Tiffany Berlin,"Trabuco Canyon, CA",1033,5:05:46,11:40,F 45-49/51,F-46,467,5:07:03,50.01%
1365,Alexander Szeto,"San Diego, CA",2138,5:05:48,11:40,M 50-54/95,M-51,898,5:07:31,46.02%
1366,Mike Wattles,"Mission Viejo, CA",2436,5:05:50,11:40,M 35-39/136,M-35,899,5:07:45,40.85%
1367,Helen Park,"Fullerton, CA",260,5:06:03,11:41,F 65-69/2,F-66,468,5:06:05,66.28%
1368,Derek Gibbs,"Long Beach, CA",1379,5:06:09,11:41,M 45-49/122,M-45,900,5:07:22,43.60%
1369,Gedeon Pagarigan,"Redlands, CA",677,5:06:18,11:41,M 40-44/138,M-42,901,5:07:29,42.49%
1370,Khai Ngo,"Hemet, CA",1813,5:06:21,11:42,M 20-24/59,M-21,902,5:07:34,40.96%
1371,Jay Stocker,"Lake Forest, CA",2663,5:06:21,11:42,M 50-54/96,M-52,903,5:08:08,46.35%
1372,Sarah Bosko,"Orange, CA",1056,5:06:40,11:42,F 20-24/44,F-23,469,5:07:59,44.16%
1373,Robert Short,"Orange, CA",2072,5:06:40,11:42,M 20-24/60,M-24,904,5:07:59,40.74%
1374,Bridget Wright,"Irvine, CA",2253,5:06:42,11:42,F 45-49/52,F-46,470,5:07:18,49.86%
1375,Joseph Simbol,"Norwalk, CA",2420,5:06:54,11:43,M 30-34/129,M-30,905,5:07:33,40.70%
1376,Jongwon Kim,"Montrose, CA",1590,5:07:03,11:43,M 45-49/123,M-49,906,5:07:51,45.02%
1377,Brian Van Diest,"Menifee, CA",504,5:07:39,11:45,M 40-44/139,M-40,907,5:09:15,41.61%
1378,Doo Suk Song,"Cerritos, CA",715,5:07:45,11:45,M 50-54/97,M-52,908,5:08:38,46.14%
1379,Tiphany Ruppert,"Mission Viejo, CA",2015,5:07:55,11:45,F 35-39/77,F-39,471,5:09:27,45.90%
1380,Lauren Ellis,"Glendale, AZ",1291,5:07:55,11:45,F 25-29/81,F-26,472,5:09:03,43.98%
1381,Meera Ratnesar,"Newport Beach, CA",1941,5:08:00,11:45,F 30-34/78,F-33,473,5:09:35,44.27%
1382,Joanne Vega,"Temecula, CA",2207,5:08:00,11:45,F 25-29/82,F-29,474,5:09:41,43.97%
1383,Oscar Huerta,"Monterey Park, CA",1496,5:08:01,11:45,M 30-34/130,M-33,909,5:09:22,40.56%
1384,Nelly Aguilar,"Aliso Viejo, CA",939,5:08:06,11:46,F 30-34/79,F-34,475,5:10:02,44.42%
1385,Jeffrey Lemberger,"Los Angeles, CA",1662,5:08:09,11:46,M 30-34/131,M-34,910,5:08:55,40.54%
1386,Nathaniel Aguilar,"Aliso Viejo, CA",938,5:08:09,11:46,M 16-19/15,M-16,911,5:10:02,43.48%
1387,Carolina Gabriel,"San Ramon, CA",573,5:08:23,11:46,F 40-44/74,F-42,476,5:09:17,47.26%
1388,Tanya Bercu,"Temecula, CA",501,5:08:25,11:46,F 35-39/78,F-36,477,5:09:27,44.83%
1389,Jason Nierras,"Los Angeles, CA",1828,5:08:40,11:47,M 35-39/137,M-37,912,5:09:06,40.63%
1390,Jasmin Flores,"Redlands, CA",173,5:08:54,11:47,F 25-29/83,F-28,478,5:10:40,43.84%
1391,Richard Firman,"Walnut, CA",1317,5:08:56,11:47,M 40-44/140,M-40,913,5:10:42,41.44%
1392,Tiphany Hoffman,"Cypress, CA",2349,5:09:05,11:48,F 25-29/84,F-29,479,5:11:27,43.81%
1393,Marcial Naranjo,"Santa Ana, CA",248,5:09:07,11:48,M 45-49/124,M-49,914,5:56:01,44.72%
1394,Kyung Hye Kang,"Buena Park, CA",1559,5:09:17,11:48,F 55-59/23,F-57,480,5:09:36,57.18%
1395,Emi Eddy,"Irvine, CA",161,5:09:18,11:48,F 30-34/80,F-32,481,5:10:56,43.95%
1396,David Eddy,"Irvine, CA",160,5:09:18,11:48,M 40-44/141,M-44,915,5:10:56,42.79%
1397,Brian Brito,"Pico Rivera, CA",532,5:09:21,11:48,M 20-24/61,M-23,916,5:11:37,40.38%
1398,Cyndi Green,"Mission Viejo, CA",356,5:09:22,11:48,F 45-49/53,F-49,482,5:11:18,51.32%
1399,Richard Alexander,"Portland, OR",948,5:09:37,11:49,M 65-69/8,M-68,917,5:11:17,53.70%
1400,Gail Edwards,"Alta Loma, CA",1284,5:09:51,11:50,F 55-59/24,F-59,483,5:11:04,58.75%
1601,Jen Mundl,"Temecula, CA",1794,5:33:55,12:45,F 35-39/83,F-36,568,5:34:42,41.40%
1602,Bradley Fisher,"Scottsdale, AZ",1319,5:34:05,12:45,M 40-44/156,M-40,1034,5:34:21,38.32%
1603,Rod Rivera,"Irvine, CA",694,5:34:17,12:45,M 40-44/157,M-43,1035,5:35:58,39.26%
1604,Brandie Short,"La Habra, CA",2071,5:34:29,12:46,F 40-44/94,F-40,569,5:35:49,42.65%
1605,Forest Hansen,"Hemet, CA",1423,5:34:55,12:47,M 45-49/137,M-47,1036,5:36:50,40.55%
1606,Daniel Conner,"Irvine, CA",2307,5:35:14,12:48,M 20-24/73,M-24,1037,5:35:49,37.26%
1607,Jenny Hermeyer,"San Diego, CA",1454,5:35:22,12:48,F 25-29/98,F-27,570,5:36:52,40.38%
1608,Erwin Custodio,"Bellflower, CA",1219,5:35:42,12:49,M 40-44/158,M-42,1038,5:35:54,38.77%
1609,Arron Percoco,"Huntington Beach, CA",2554,5:35:45,12:49,M 25-29/100,M-26,1039,5:37:08,37.21%
1610,Jim Betts,"Fresno, CA",1040,5:35:48,12:49,M 55-59/73,M-55,1040,5:37:49,43.48%
1611,Josef Oszuscik,"Carlsbad, CA",1856,5:35:52,12:49,M 70-74/9,M-70,1041,5:36:03,50.58%
1612,Dianne Nunez,"Pomona, CA",1836,5:36:22,12:50,F 25-29/99,F-29,571,5:37:16,40.26%
1613,Salvador Martinez,"Los Angeles, CA",2372,5:36:26,12:50,M 55-59/74,M-57,1042,5:37:30,44.23%
1614,Julie Hansen,"Manhattan Beach, CA",1424,5:36:28,12:50,F 55-59/31,F-56,572,5:37:11,51.83%
1615,Ricardo Garcia-Montero,"Anaheim, CA",1364,5:36:34,12:51,M 35-39/153,M-35,1043,5:38:30,37.12%
1616,Steve Laven,"Scottsdale, AZ",2531,5:36:55,12:51,M 60-64/28,M-61,1044,5:38:46,45.92%
1617,Annemarie Zmija,"Foothill Ranch, CA",2284,5:36:56,12:52,F 40-44/95,F-41,573,5:39:05,42.78%
1618,Michael Tompkins Jr,"Corona, CA",2662,5:36:57,12:52,M 30-34/148,M-30,1045,5:38:19,37.07%
1619,Marappa Gopinath,"Irvine, CA",183,5:37:06,12:52,M 65-69/14,M-65,1046,5:38:47,47.79%
1620,Michael Ward,"Santa Monica, CA",336,5:37:09,12:52,M 40-44/159,M-42,1047,5:38:49,38.60%
1621,Jose Marroquin,"Orange, CA",2535,5:37:21,12:52,M 25-29/101,M-28,1048,5:38:58,37.03%
1622,Maricela Ruiz,"Huntington Beach, CA",2577,5:37:21,12:52,F 25-29/100,F-27,574,5:38:58,40.14%
1623,Myling Bordeau,"Menifee, CA",528,5:37:28,12:53,F 35-39/84,F-36,575,5:37:47,40.97%
1624,Alexander Bretana,"Costa Mesa, CA",1070,5:37:28,12:53,M 20-24/74,M-24,1049,5:37:50,37.02%
1625,Brian Bursey,"Mission Viejo, CA",349,5:38:17,12:55,M 50-54/108,M-50,1050,5:40:07,41.23%
1626,Siva Kannan,"Redondo Beach, CA",604,5:38:37,12:55,M 35-39/154,M-35,1051,5:40:22,36.89%
1627,Kishore Subramaniyam,"Cerritos, CA",2129,5:38:37,12:55,M 40-44/160,M-43,1052,5:40:22,38.76%
1628,Patty Montoya,"Gardena, CA",656,5:38:42,12:56,F 40-44/96,F-40,576,5:38:48,42.12%
1629,Paul Apichatskol,"Los Angeles, CA",974,5:38:49,12:56,M 25-29/102,M-27,1053,5:39:34,36.87%
1630,Tyler Simpson,"Santa Monica, CA",307,5:39:16,12:57,M 35-39/155,M-39,1054,5:40:37,37.42%
1631,Tina-Louise Eckert,"Los Angeles, CA",561,5:39:16,12:57,F 35-39/85,F-37,577,5:40:37,41.02%
1632,Ray Avila,"Montebello, CA",988,5:39:19,12:57,M 50-54/109,M-53,1055,5:40:14,42.23%
1633,Carlos De Luna,"Tujunga, CA",1231,5:39:37,12:58,M 16-19/18,M-16,1056,5:40:45,39.45%
1634,Bernadette Wieboldt,"Oceanside, CA",2238,5:39:41,12:58,F 45-49/63,F-49,578,5:41:21,46.74%
1635,Barbara Lomax,"Vista, CA",225,5:39:41,12:58,F 45-49/64,F-47,579,5:41:21,45.58%
1636,Monica Lam,"Walnut, CA",1624,5:39:43,12:58,F 20-24/51,F-22,580,5:41:19,39.86%
1637,Dale Roberts,"Trabuco Canyon, CA",283,5:39:46,12:58,M 55-59/75,M-58,1057,5:41:18,44.21%
1638,Lydia Fitting,"Phoenix, AZ",1321,5:39:58,12:58,F 25-29/101,F-28,581,5:41:20,39.83%
1639,Caitlin Culbertson,"Newport Beach, CA",1215,5:40:07,12:59,F 25-29/102,F-26,582,5:41:10,39.82%
1640,Carolyn Babauta,"Long Beach, CA",2706,5:40:08,12:59,F 35-39/86,F-35,583,5:41:10,40.43%
1641,Lysette Davis,"Rocklin, CA",1226,5:40:08,12:59,F 25-29/103,F-25,584,5:41:10,39.81%
1642,Anya Ostry,"Newport Beach, CA",2390,5:40:09,12:59,F 25-29/104,F-25,585,5:41:10,39.81%
1643,Sharon Zamora,"Cerritos, CA",346,5:40:11,12:59,F 50-54/26,F-54,586,5:41:18,49.86%
1644,Wei-Su Liou,"La Mirada, CA",1678,5:40:15,12:59,M 35-39/156,M-36,1058,5:40:38,36.75%
1645,Josephie Olmedo,"San Clemente, CA",928,5:40:26,13:00,F 25-29/105,F-25,587,5:41:54,39.78%
1646,Sammi Lee,"Irvine, CA",1657,5:40:39,13:00,F 40-44/97,F-43,588,5:41:01,43.29%
1647,Jin Moon Kim,"Cerritos, CA",1589,5:40:52,13:01,M 65-69/15,M-65,1059,5:41:31,47.26%
1648,Mary Frances Makabenta,"San Diego, CA",643,5:41:20,13:02,F 40-44/98,F-43,589,5:42:30,43.21%
1649,David Clarke,"Aliso Viejo, CA",1173,5:42:03,13:03,M 45-49/138,M-45,1060,5:43:06,39.03%
1650,Charlie Alewine,"Diamond Bar, CA",116,5:42:29,13:04,M 65-69/16,M-67,1061,5:42:50,48.03%
1651,Rafael Sanchez,"San Pedro, CA",2030,5:42:42,13:05,M 35-39/157,M-36,1062,5:43:10,36.49%
1652,Joseph Reilly,"Orange, CA",279,5:42:48,13:05,M 65-69/17,M-69,1063,5:43:01,49.02%
1653,Jenna Dulla,"Mission Viejo, CA",2326,5:43:22,13:06,Unknown/29,F-13,590,5:44:57,44.79%
1654,Seth Pulliam,"Mission Viejo, CA",2400,5:43:23,13:06,Unknown/30,M-12,1064,5:44:57,42.80%
1655,Nathaniel Simon,"Compton, CA",2695,5:44:06,13:08,M 16-19/19,M-19,1065,5:45:58,37.21%
1656,Brian Mendelsohn,"Pacific Palisades, CA",914,5:44:26,13:09,M 30-34/149,M-34,1066,5:44:44,36.27%
1657,Connie Sanchez,"Menifee, CA",760,5:44:30,13:09,F 40-44/99,F-41,591,5:44:32,41.84%
1658,Elisabeth Ritz,"Irvine, CA",1976,5:44:47,13:09,F 45-49/65,F-47,592,5:45:03,44.90%
1659,Lori Honeycult,"Glendale, CA",1484,5:45:03,13:10,F 30-34/97,F-31,593,5:46:09,39.32%
1660,Michael Schepens,"Costa Mesa, CA",296,5:45:13,13:10,M 55-59/76,M-59,1067,5:46:17,43.94%
1661,Phillip Obregon,"Downey, CA",2699,5:45:28,13:11,M 40-44/161,M-43,1068,5:47:13,37.99%
1662,Charlotte Wall,"Riverside, CA",2218,5:45:37,13:11,F 35-39/87,F-39,594,5:47:03,40.90%
1663,Patricia Del'Marmol,"Roseville, CA",1238,5:45:46,13:12,F 60-64/10,F-63,595,5:46:24,55.93%
1664,Elmer Hilo,"Rancho Cucamonga, CA",592,5:45:53,13:12,M 25-29/103,M-26,1069,5:59:58,36.12%
1665,Ginger Noble,"Riverside, CA",1832,5:45:55,13:12,F 50-54/27,F-51,596,5:47:20,47.10%
1666,Kristen McManus,"Los Angeles, CA",2377,5:46:08,13:13,F 30-34/98,F-31,597,5:47:24,39.19%
1667,Scotty Benner,"Long Beach, CA",520,5:46:14,13:13,F 30-34/99,F-32,598,5:46:56,39.26%
1668,Danielle Tharp,"Moorpark, CA",2155,5:47:00,13:15,F 20-24/52,F-23,599,5:48:45,39.03%
1669,Noel Nguyen,"Tustin, CA",1822,5:47:07,13:15,M 25-29/104,M-28,1070,5:47:43,35.99%
1670,Andrea Buckman,"Las Vegas, NV",1080,5:47:07,13:15,F 35-39/88,F-36,600,5:48:48,39.83%
1671,Ross Johnson,"Anaheim, CA",2522,5:47:10,13:15,M 45-49/139,M-47,1071,5:47:10,39.12%
1672,Al Barlevy,"Cerritos, CA",1009,5:47:24,13:15,M 40-44/162,M-43,1072,5:48:46,37.78%
1673,Shiphrah Fepulea'I,"Orange, CA",2333,5:48:07,13:17,F 25-29/106,F-27,601,5:49:49,38.90%
1674,Natalia Norman,"Newport Beach, CA",1834,5:48:19,13:18,F 35-39/89,F-37,602,5:50:25,39.95%
1675,Sophia Sandoval,"Pico Rivera, CA",703,5:48:39,13:18,F 40-44/100,F-43,603,5:50:33,42.30%
1676,Jim Grimes,"Huntington Beach, CA",184,5:48:40,13:18,M 60-64/29,M-64,1073,5:50:16,45.73%
1677,Xy Weiss,"Villa Park, CA",2610,5:49:02,13:19,F 50-54/28,F-51,604,5:50:56,46.68%
1678,Ciro Libanati,"Victorville, CA",2366,5:49:12,13:20,M 50-54/110,M-50,1074,5:51:12,39.94%
1679,Leigh-Ann Periard,"San Jose, CA",1891,5:49:13,13:20,F 40-44/101,F-41,605,5:50:30,41.27%
1680,Ginny Lee,"Lake Forest, CA",221,5:49:16,13:20,F 45-49/66,F-48,606,5:49:55,44.89%
1681,Vinoth Kannan Sankaralingam,"San Diego, CA",923,5:49:17,13:20,M 35-39/158,M-36,1075,5:51:08,35.80%
1682,Leslie Contreras,"Downey, CA",546,5:49:31,13:20,F 25-29/107,F-29,607,5:50:31,38.75%
1683,Meg Favreau,"Los Angeles, CA",1306,5:49:32,13:20,F 25-29/108,F-29,608,5:51:24,38.74%
1684,Koryn Delbenes,"Irvine, CA",1241,5:49:53,13:21,F 30-34/100,F-31,609,5:50:55,38.77%
1685,Kevin Chan,"Rowland Heights, CA",1135,5:49:56,13:21,M 25-29/105,M-27,1076,5:57:35,35.70%
1686,Sunja Choi,"Buena Park, CA",1162,5:49:57,13:21,F 35-39/90,F-39,610,5:56:15,40.39%
1687,Chris Park,"Chino Hills, CA",1867,5:49:57,13:21,M 40-44/163,M-44,1077,5:51:02,37.82%
1688,Julie Park,"Chino Hills, CA",1870,5:49:57,13:21,F 45-49/67,F-45,611,5:51:02,43.17%
1689,Lyly Nguyen,"Huntington Beach, CA",1820,5:50:13,13:22,F 45-49/68,F-46,612,5:51:05,43.67%
1690,Stacy Berry,"Cypress, CA",129,5:50:30,13:23,F 45-49/69,F-45,613,5:52:18,43.10%
1691,Stacy Barnes,"Crestline, CA",1011,5:50:47,13:23,F 35-39/91,F-38,614,5:52:28,39.96%
1692,Nancy Hogg,"Maple Valley, WA",1479,5:50:48,13:23,F 30-34/101,F-33,615,5:52:32,38.87%
1693,Jonathan Graham,"Bellevue, WA",1396,5:50:48,13:23,M 30-34/150,M-30,1078,5:51:05,35.61%
1694,Kathy Wong,"San Francisco, CA",341,5:50:54,13:23,F 45-49/70,F-46,616,5:52:38,43.58%
1695,Gail Campofiore,"Walnut, CA",140,5:50:57,13:24,F 65-69/4,F-66,617,5:52:14,57.80%
1696,Vincent Campofiore,"Chicago, IL",1106,5:50:57,13:24,M 55-59/77,M-58,1079,5:52:14,42.80%
1697,Susana Barron,"Garden Grove, CA",2296,5:51:01,13:24,F 30-34/102,F-33,618,5:51:35,38.84%
1698,Cesar Sangalang,"Rancho Cucamonga, CA",2037,5:51:35,13:25,M 30-34/151,M-33,1080,5:53:14,35.53%
1699,Victoria Luong,"Westminster, CA",1693,5:51:51,13:26,F 25-29/109,F-27,619,5:52:44,38.49%
1700,James Rosas,"La Habra, CA",2829,5:51:52,13:26,M 30-34/152,M-34,1081,5:53:43,35.50%
1701,Enrique Rangel,"Rialto, CA",690,5:52:38,13:27,M 30-34/153,M-31,1082,5:54:11,35.43%
1702,Todd Fujimoto,"Irvine, CA",1341,5:52:43,13:28,M 35-39/159,M-39,1083,5:53:25,35.99%
1703,William Akerboom,"Eastvale, CA",114,5:53:01,13:28,M 75-99/3,M-77,1084,5:54:15,53.26%
1704,Daniel Tran,"Fountain Valley, CA",323,5:53:13,13:29,M 45-49/140,M-46,1085,5:57:39,38.12%
1705,Raquel Vigil,"Whittier, CA",2679,5:53:24,13:29,F 40-44/102,F-42,620,5:53:59,41.24%
1706,Joshua Zumkehr,"Orange, CA",2286,5:53:31,13:29,M 25-29/106,M-27,1086,5:54:30,35.34%
1707,Laura Luna,"Burbank, CA",2370,5:53:32,13:30,F 30-34/103,F-30,621,5:54:00,38.32%
1708,Jose Barillas,"Corona, CA",2451,5:53:40,13:30,M 30-34/154,M-32,1087,5:55:05,35.32%
1709,Sophie Stevens,"Laguna Niguel, CA",2423,5:54:13,13:31,Unknown/31,F-12,622,5:56:02,44.71%
1710,Christopher Stevens,"Laguna Niguel, CA",2119,5:54:14,13:31,M 40-44/164,M-41,1088,5:56:03,36.44%
1711,Meghan Barr,"Culver City, CA",1012,5:54:26,13:32,F 35-39/92,F-37,623,6:01:38,39.26%
1712,Pauline Nishida,"Costa Mesa, CA",1829,5:54:33,13:32,F 55-59/32,F-56,624,5:55:59,49.18%
1713,Rico Villavicencio,"North Hollywood, CA",2215,5:54:34,13:32,M 35-39/160,M-38,1089,5:55:53,35.55%
1714,Danielle Soldati,"Culver City, CA",2099,5:54:34,13:32,F 35-39/93,F-38,625,6:01:46,39.54%
1715,Karter Farris,"Mission Viejo, CA",2332,5:54:34,13:32,Unknown/32,F-13,626,5:56:18,43.37%
1716,Jill Britton,"Las Vegas, NV",2648,5:54:37,13:32,F 40-44/103,F-40,627,5:56:07,40.23%
1717,Kevin Hamilton,"Los Angeles, CA",1417,5:54:44,13:32,M 65-69/18,M-65,1090,5:56:45,45.42%
1718,Olivia Delariva,"Mission Viejo, CA",2315,5:55:25,13:34,Unknown/33,F-13,628,5:57:09,43.27%
1719,Karen Morris,"Laguna Niguel, CA",243,5:55:26,13:34,F 50-54/29,F-51,629,6:04:35,45.84%
1720,Kerry Morris,"Laguna Niguel, CA",244,5:55:26,13:34,F 16-19/11,F-18,630,6:04:35,38.79%
1721,Isabella Lares,"Mission Viejo, CA",2364,5:55:26,13:34,Unknown/34,F-13,631,5:57:10,43.27%
1722,Madelyn Upton,"Aliso Viejo, CA",2428,5:55:29,13:34,Unknown/35,F-12,632,5:56:53,44.55%
1723,Michaela Wagner,"Laguna Niguel, CA",2432,5:55:42,13:34,Unknown/36,F-13,633,5:57:06,43.24%
1724,Kent Yamaguchi,"Tustin, CA",342,5:55:46,13:35,M 50-54/111,M-53,1091,5:57:46,40.28%
1725,Maria Abutin,"Buena Park, CA",108,5:57:26,13:38,F 35-39/94,F-38,634,6:22:17,39.22%
1726,Wendy Macy,"Kenwood, CA",229,5:57:31,13:39,F 45-49/71,F-45,635,5:59:12,42.25%
1727,Debrianna C,"Valencia, CA",1098,5:57:33,13:39,F 16-19/12,F-16,636,5:59:12,40.08%
1728,Angela Torres,"Pahrump, NV",2167,5:57:34,13:39,F 35-39/95,F-37,637,5:59:03,38.92%
1729,El Jay Overholt,"Fullerton, CA",1857,5:57:35,13:39,M 70-74/10,M-71,1092,5:59:06,48.04%
1730,Adrian Contreras,"Downey, CA",1190,5:58:00,13:40,M 30-34/155,M-34,1093,5:59:00,34.89%
1731,Adam Nguyen,"Westminster, CA",2698,5:58:01,13:40,M 45-49/141,M-46,1094,6:00:43,37.61%
1732,G M Rumbaoa,"Covina, CA",2578,5:58:08,13:40,F 35-39/96,F-38,638,6:00:12,39.14%
1733,Felix Vigil,"Whittier, CA",2680,5:58:29,13:41,M 40-44/165,M-42,1095,5:59:05,36.30%
1734,Rodney Granderson,"Vancouver, WA",2620,5:58:34,13:41,M 30-34/156,M-34,1096,6:00:10,34.84%
1735,Niem Nguyen,"Irvine, CA",250,5:58:34,13:41,M 45-49/142,M-45,1097,6:00:37,37.23%
1736,Ryan Loberger,"Lake Forest, CA",1682,5:59:15,13:43,M 35-39/161,M-36,1098,6:01:17,34.81%
1737,Thavone Phavivong,"Garden Grove, CA",1900,5:59:19,13:43,M 30-34/157,M-31,1099,6:00:28,34.77%
1738,Erick Hansen,"Covina, CA",1422,5:59:22,13:43,M 40-44/166,M-44,1100,6:01:07,36.83%
1739,Matthew Nicholson,"Riverside, CA",1827,5:59:24,13:43,M 30-34/158,M-30,1101,6:00:32,34.76%
1740,Moses Christian,"Loma Linda, CA",541,5:59:49,13:44,M 75-99/4,M-81,1102,6:02:02,57.05%
1741,Jay Senaratna,"Rancho Palos Verdes, CA",2635,6:00:00,13:44,M 45-49/143,M-48,1103,6:00:16,38.06%
1742,Arsen Shagoian,"Long Beach, CA",2063,6:00:12,13:45,M 35-39/162,M-39,1104,6:00:12,35.25%
1743,David Test,"Yorba Linda, CA",2598,6:00:17,13:45,M 70-74/11,M-73,1105,6:24:04,48.90%
1744,Yolanda Holder,"Corona, CA",193,6:00:35,13:46,F 50-54/30,F-54,639,6:00:56,47.04%
1745,Kathleen Crisp,"Corona, CA",1212,6:00:45,13:46,F 45-49/72,F-47,640,6:01:25,42.92%
1746,Bradley Hakey,"Long Beach, CA",583,6:01:08,13:47,M 45-49/144,M-47,1106,6:01:08,37.61%
1747,Steve Okamoto,"Torrance, CA",1845,6:01:43,13:48,M 55-59/78,M-55,1107,6:06:32,40.36%
1748,David Cheng,"Fountain Valley, CA",2470,6:02:11,13:49,M 20-24/75,M-22,1108,6:04:03,34.51%
1749,Mary Perez,"Long Beach, CA",265,6:02:33,13:50,F 50-54/31,F-51,641,6:03:25,44.94%
1750,Nina Schlesinger,"Guasti, CA",2048,6:03:12,13:52,F 40-44/104,F-42,642,6:04:24,40.13%
1751,Dale Gudani,"Cerritos, CA",580,6:03:45,13:53,M 35-39/163,M-38,1109,6:05:29,34.65%
1752,Sirene Helwani,"Pomona, CA",1447,6:03:46,13:53,F 20-24/53,F-21,643,6:04:38,37.23%
1753,Dave Mueller,"Long Beach, CA",1791,6:04:21,13:54,M 50-54/112,M-50,1110,6:06:08,38.28%
1754,Stephanie Leon-Morris,"Huntington Park, CA",2532,6:04:27,13:55,F 16-19/13,F-16,644,6:06:11,39.32%
1755,Oscar Mora,"Los Angeles, CA",1780,6:04:31,13:55,M 30-34/159,M-31,1111,6:05:32,34.27%
1756,Amy Fujimoto,"Irvine, CA",1340,6:04:36,13:55,F 40-44/105,F-40,645,6:06:35,39.13%
1757,Tessa Arlow,"Chino Hills, CA",2449,6:04:42,13:55,F 20-24/54,F-22,646,6:05:49,37.13%
1758,Hannah Green,"Mission Viejo, CA",357,6:04:43,13:55,Unknown/37,F-14,647,6:06:26,41.08%
1759,Ethan Sandhu,"Mission Viejo, CA",2414,6:04:46,13:55,Unknown/38,M-13,1112,6:06:26,39.19%
1760,Cassie Dulla,"Mission Viejo, CA",2325,6:04:48,13:55,Unknown/39,F-11,648,6:06:27,44.87%
1761,Susana Chavez,"Whittier, CA",538,6:05:54,13:58,F 40-44/106,F-42,649,6:38:57,39.83%
1762,Laura De Santiago,"Pasadena, CA",1233,6:06:04,13:58,F 45-49/73,F-47,650,6:39:05,42.29%
1763,Ashley Leake,"Irvine, CA",1642,6:06:26,13:59,F 25-29/110,F-25,651,6:07:30,36.96%
1764,Drew Rodenbucher,"Irvine, CA",1981,6:06:26,13:59,M 25-29/107,M-28,1113,6:07:30,34.09%
1765,Angela Cassidy,"Fountain Valley, CA",1124,6:06:51,14:00,F 45-49/74,F-46,652,6:08:47,41.69%
1766,Melissa Flores,"La Habra, CA",1326,6:07:00,14:00,F 25-29/111,F-26,653,6:07:57,36.90%
1767,Carlos Torres,"Commerce, CA",2170,6:07:05,14:01,M 30-34/160,M-30,1114,6:08:20,34.03%
1768,Ann Dewitt,"Overland Park, KS",1248,6:07:19,14:01,F 35-39/97,F-35,654,6:08:48,37.44%
1769,Julie Perkins,"Lees Summit, MO",1892,6:07:20,14:01,F 35-39/98,F-35,655,6:08:48,37.43%
1770,Pamela Counts,"Laguna Hills, CA",1200,6:08:08,14:03,F 25-29/112,F-28,656,6:09:21,36.79%
1771,Nathan Counts,"Laguna Hills, CA",1199,6:08:08,14:03,M 30-34/161,M-30,1115,6:09:21,33.93%
1772,Sofronio Basical,"Loma Linda, CA",1017,6:08:28,14:04,M 45-49/145,M-48,1116,6:10:18,37.18%
1773,Kira Basical,"Loma Linda, CA",1016,6:08:28,14:04,F 45-49/75,F-48,657,6:10:19,42.55%
1774,Flas Floresta,"Loma Linda, CA",1328,6:08:29,14:04,M 25-29/108,M-26,1117,6:10:19,33.90%
1775,Jimmy Velez,"Fullerton, CA",332,6:09:02,14:05,M 35-39/164,M-35,1118,6:09:44,33.85%
1776,Jose Arias,"Anaheim, CA",980,6:09:18,14:06,M 30-34/162,M-30,1119,6:12:29,33.83%
1777,Vivian Ruiz,"Anaheim, CA",2014,6:09:18,14:06,F 30-34/104,F-31,658,6:12:29,36.73%
1778,Maria Nemeth,"North Tustin, CA",2545,6:10:07,14:07,F 70-74/2,F-71,659,6:11:58,59.68%
1779,Jong Sung Kim,"Los Angeles, CA",2626,6:11:04,14:10,M 75-99/5,M-84,1120,6:12:35,60.19%
1780,Jose Martinez,"Cerritos, CA",1721,6:11:08,14:10,M 55-59/79,M-56,1121,6:12:05,39.71%
1781,Boo Youl Kim,"Buena Park, CA",1581,6:11:16,14:10,M 55-59/80,M-55,1122,6:11:24,39.33%
1782,Sarah Reinartz,"Riverside, CA",2567,6:12:38,14:13,F 20-24/55,F-22,660,6:13:56,36.34%
1783,Alex Coleman,"Azusa, CA",1183,6:12:41,14:13,M 20-24/76,M-21,1123,6:13:58,33.67%
1784,Roger Arredondo,"Montebello, CA",983,6:13:51,14:16,M 35-39/165,M-38,1124,6:15:25,33.72%
1785,Spring Sendele,"Laguna Beach, CA",2584,6:14:33,14:18,F 30-34/105,F-32,661,6:16:31,36.29%
1786,Young Sook Kim,"Fullerton, CA",617,6:14:46,14:18,F 60-64/11,F-62,662,6:14:49,50.81%
1787,Kyun Ho Kim,"Fullerton, CA",612,6:14:47,14:18,M 60-64/30,M-63,1125,6:14:50,42.11%
1788,Clara Sic Alonzo,"Los Angeles, CA",2074,6:15:01,14:19,F 25-29/113,F-26,663,6:16:44,36.11%
1789,Jose Perez,"San Marino, CA",2556,6:15:14,14:19,M 45-49/146,M-45,1126,6:17:02,35.58%
1790,Selene Perez,"San Marino, CA",778,6:15:14,14:19,F 40-44/107,F-43,664,6:17:02,39.30%
1791,Gabriela Rodriguez,"Los Angeles, CA",2700,6:15:14,14:19,F 25-29/114,F-26,665,6:17:01,36.09%
1792,Scott Goodwin,"Newport Coast, CA",1393,6:15:47,14:20,M 50-54/113,M-50,1127,6:17:42,37.12%
1793,Khoi Pham,"Mission Viejo, CA",683,6:15:50,14:21,M 45-49/147,M-49,1128,6:17:24,36.78%
1794,Chester Reyes,"Los Angeles, CA",382,6:16:23,14:22,M 30-34/163,M-34,1129,6:16:31,33.19%
1795,Nazareno Sestoso,"Lake Forest, CA",301,6:16:46,14:23,M 50-54/114,M-52,1130,6:18:24,37.69%
1796,Sara Croft,"Long Beach, CA",2844,6:16:47,14:23,F 45-49/76,F-47,666,6:17:20,41.09%
1797,Emma Szuksztul,"Anaheim, CA",2592,6:17:26,14:24,F 30-34/106,F-34,667,6:17:26,36.26%
1798,Ryan Rasmussen,"Huntington Beach, CA",1937,6:17:31,14:24,M 30-34/164,M-32,1131,6:19:29,33.09%
1799,Jimmie Garcia,"Huntington Beach, CA",1355,6:17:33,14:24,M 30-34/165,M-33,1132,6:19:31,33.09%
1800,Michele Rafuse,"Grand Terrace, CA",1925,6:18:14,14:26,F 16-19/14,F-18,668,6:19:48,36.46%
