Place,Name,Location,Bib,Net Time,Pace,Division/Place,Sex-Age,Sex-Place,Gun Time,Age Grade
1,James Krawczyk II,"Westminster, CA",1644,2:27:50,5:39,M 25-29/0,M-26,1,2:27:50,84.53%
2,Leonel Avalos,", CA",13,2:28:42,5:41,M Elite/0,M-0,2,2:28:42, 0.00%
3,Ryan Emery,"Newbury Park, CA",1810,2:29:00,5:41,M 25-29/0,M-29,3,2:29:00,83.86%
4,Timothy Aukshunas,"Fountain Vly, CA",1911,2:34:56,5:55,M 25-29/1,M-25,4,2:34:56,80.63%
5,Mike Davies,", CA",14,2:35:24,5:56,M Elite/1,M-0,5,2:35:24, 0.00%
6,Juan Jimenez,"MEX, ",785,2:42:39,6:13,M 40-44/1,M-41,6,2:42:41,79.36%
7,Timur Crone,"Claremont, CA",1421,2:43:34,6:15,M 20-24/1,M-23,7,2:43:37,76.38%
8,Robert Leonardo,"Lancaster, CA",1831,2:44:24,6:17,M 45-49/1,M-47,8,2:44:25,82.62%
9,Ivan Medina,"Hayward, CA",1980,2:44:27,6:17,M 20-24/2,M-24,9,2:44:28,75.97%
10,Daniel Okabe,"Irvine, CA",370,2:46:38,6:22,M 20-24/3,M-24,10,2:46:39,74.97%
11,Jason Vick,"Irvine, CA",653,2:48:41,6:27,M 20-24/4,M-23,11,2:49:49,74.06%
12,Shaun Maguire,"Corona Del Mar, CA",1663,2:48:45,6:27,M 20-24/5,M-24,12,2:48:48,74.03%
13,Jerry Prendergast,"San Clemente, CA",698,2:50:28,6:31,M 45-49/2,M-49,13,2:50:32,81.09%
14,John Loftus,"Laguna Beach, CA",1659,2:50:35,6:31,M 50-54/1,M-52,14,2:50:38,83.25%
15,Bernie Reyes,"West Covina, CA",1997,2:54:07,6:39,M 35-39/1,M-37,15,2:54:10,72.04%
16,Alfredo Rodriguez,", CA",12,2:55:02,6:41,M Elite/2,M-0,16,2:55:02, 0.00%
17,Maika Nelson,"Anaheim, CA",975,2:56:16,6:44,F 25-29/0,F-29,1,2:56:16,76.90%
18,Frederick Herr,"Corona, CA",88,2:56:54,6:45,M 40-44/2,M-43,17,2:57:01,74.19%
19,Simon Mason,"Aliso Viejo, CA",1354,2:57:35,6:47,M 40-44/3,M-40,18,2:57:43,72.09%
20,Jason Baldwin,"Laguna Niguel, CA",644,2:58:39,6:49,M 30-34/1,M-34,19,3:00:25,69.93%
21,Jorge Briones,"Whittier, CA",1925,2:58:40,6:49,M 35-39/2,M-38,20,2:59:28,70.56%
22,Corey Collins,"San Juan Capistrano, CA",348,2:59:09,6:50,M 25-29/2,M-29,21,2:59:11,69.73%
23,Jeff Cate,"Riverside, CA",1548,2:59:28,6:51,M 40-44/4,M-42,22,2:59:33,72.52%
24,Jorge Henriquez,"MEX, ",51,3:01:29,6:56,M 40-44/5,M-40,23,3:01:36,70.54%
25,Zachary Lebo,"Pasadena, CA",1499,3:02:18,6:58,M 25-29/3,M-25,24,3:02:27,68.53%
26,Thomas Thornton III,"San Clemente, CA",1410,3:03:50,7:01,M 20-24/6,M-24,25,3:04:06,67.96%
27,Per Svenningsen,"Los Angeles, CA",1191,3:04:30,7:03,M 30-34/2,M-30,26,3:04:34,67.71%
28,David Alden,"MEX, ",387,3:04:49,7:03,M 30-34/3,M-31,27,3:04:55,67.60%
29,Juan Martinez,"San Bernardino, CA",786,3:05:09,7:04,M 40-44/6,M-43,28,3:05:10,70.89%
30,John Alvarado,"Tustin, CA",731,3:05:30,7:05,M 40-44/7,M-44,29,3:05:34,71.35%
31,Raul Hernandez,"Mexico City, CA",1225,3:05:39,7:05,M 30-34/4,M-31,30,3:05:39,67.29%
32,Phil Willems,"South Pasadena, CA",1199,3:06:27,7:07,M 40-44/8,M-44,31,3:07:11,70.98%
33,Sam Felsenfeld,"Foothill Ranch, CA",1305,3:06:32,7:07,M 35-39/3,M-35,32,3:06:37,66.97%
34,Norm Smith,"Oceanside, CA",1152,3:06:36,7:08,M 35-39/4,M-37,33,3:06:51,67.21%
35,Mark Dorman,"Clovis, CA",1000,3:06:51,7:08,M 35-39/5,M-38,34,3:08:36,67.47%
36,Glimber Ayala,"Santa Ana, CA",556,3:06:55,7:08,M 25-29/4,M-28,35,3:07:01,66.84%
37,Rosalva Bonilla,"Big Bear City, CA",1285,3:06:56,7:08,F 45-49/0,F-47,2,3:06:56,82.83%
38,Ieng Klukken,"Huntington Beach, CA",597,3:06:57,7:08,F 35-39/0,F-38,3,3:06:57,74.99%
39,Michael Wilgus,"Lincoln, CA",1080,3:07:17,7:09,M 35-39/6,M-39,36,3:07:25,67.79%
40,Greg Ratliff,"Ellettsville, IN",563,3:07:41,7:10,M 25-29/5,M-27,37,3:07:49,66.56%
41,Javier Pita,"El Monte, CA",1928,3:08:07,7:11,M 30-34/5,M-30,38,3:09:07,66.41%
42,Sabrina Higashi,"Dana Point, CA",1303,3:08:37,7:12,F 35-39/1,F-35,4,3:08:40,72.91%
43,Jimmy Kelly,"Redondo Beach, CA",1637,3:08:44,7:12,M 20-24/7,M-23,39,3:12:14,66.19%
44,Pedro Villagran,"Simi Valley, CA",1190,3:08:52,7:13,M 40-44/9,M-41,40,3:08:52,68.34%
45,Esteban Lopez,"Whittier, CA",507,3:08:55,7:13,M 30-34/6,M-31,41,3:09:01,66.13%
46,Michael Graham,"Lancaster, CA",1069,3:09:36,7:14,M 35-39/7,M-35,42,3:10:01,65.89%
47,Lewis Diulus III,"Lemoore, CA",923,3:09:47,7:15,M 30-34/7,M-34,43,3:10:16,65.83%
48,Paige Howat,"CAN, ",1157,3:09:49,7:15,F 35-39/2,F-35,5,3:10:05,72.44%
49,Erik Siewertsen,"Boulder, CO",503,3:09:50,7:15,M 35-39/8,M-36,44,3:09:56,65.88%
50,Chad Bell,"San Francisco, CA",291,3:09:50,7:15,M 35-39/9,M-37,45,3:10:06,66.07%
51,Andrew Desposito,"San Diego, CA",1808,3:10:40,7:17,M 25-29/6,M-26,46,3:10:42,65.52%
52,John Haden,"Huntington Beach, CA",741,3:11:53,7:20,M 40-44/10,M-40,47,3:12:09,66.71%
53,Carlos Puerto,"Huntington Beach, CA",275,3:12:07,7:20,M 20-24/8,M-20,48,3:12:24,65.85%
54,Daniel Shean,"Corona Del Mar, CA",373,3:12:20,7:21,M 25-29/7,M-27,49,3:12:49,64.95%
55,Paul Ishimine,"San Diego, CA",1927,3:12:57,7:22,M 35-39/10,M-39,50,3:13:55,65.80%
56,Armando Moran,"Irvine, CA",188,3:13:04,7:22,M 35-39/11,M-38,51,3:13:22,65.29%
57,Zachary Treadwell,"Pacific Palisades, CA",1500,3:13:06,7:22,M 30-34/8,M-34,52,3:14:11,64.70%
58,James Clark,"Edmonton, AB",1935,3:13:23,7:23,M 35-39/12,M-35,53,3:13:28,64.60%
59,Jason Ray,"Yorba Linda, CA",651,3:13:24,7:23,M 25-29/8,M-29,54,3:13:24,64.60%
60,Scott Blietz,"Santa Clarita, CA",1323,3:13:34,7:23,M 35-39/13,M-39,55,3:13:43,65.59%
61,Wesley Carter,"San Diego, CA",1546,3:13:45,7:24,M 25-29/9,M-29,56,3:13:53,64.48%
62,Bonnie Axman,"San Diego, CA",1517,3:13:45,7:24,F 25-29/1,F-25,6,3:13:53,69.89%
63,Joshua Hockel,"Los Angeles, CA",781,3:14:16,7:25,M 20-24/9,M-23,57,3:14:21,64.31%
64,Dion Doshier,"Fresno, CA",443,3:14:19,7:25,M 40-44/11,M-41,58,3:16:04,66.43%
65,Hillary Zator,"Mission Viejo, CA",590,3:14:49,7:26,F 16-19/1,F-19,7,3:15:27,69.96%
66,Jerome Benavides,"San Antonio, TX",693,3:14:49,7:26,M 30-34/9,M-34,59,3:14:59,64.13%
67,Ismael Ortiz,"Sylmar, CA",1846,3:14:56,7:27,M 40-44/12,M-41,60,3:14:56,66.22%
68,Marzena Jarosz,"Hacienda Heights, CA",1626,3:15:42,7:28,F 30-34/1,F-30,8,3:16:01,69.23%
69,Richard Borsini,"Redondo Beach, CA",1797,3:15:46,7:28,M 35-39/14,M-36,61,3:16:34,63.88%
70,Diane Garcia,"West Covina, CA",439,3:16:01,7:29,F 30-34/2,F-30,9,3:16:12,69.12%
71,Teague Gamble,"Chico, CA",1397,3:16:02,7:29,M 25-29/10,M-28,62,3:16:31,63.73%
72,Andres Rivera,"Paramount, CA",1851,3:16:03,7:29,M 16-19/1,M-19,63,3:16:26,65.32%
73,David Brunken,"Moreno Valley, CA",389,3:16:15,7:30,M 45-49/3,M-45,64,3:16:32,68.02%
74,Zachary Earl,"Toluca Lake, CA",1498,3:16:16,7:30,M 30-34/10,M-34,65,3:16:26,63.65%
75,Tracy Bowling,"Sherman Oaks, CA",1798,3:16:25,7:30,F 30-34/3,F-31,10,3:16:35,69.07%
76,Craig Bronstein,"La Mirada, CA",1537,3:16:28,7:30,M 50-54/2,M-54,66,3:16:31,73.62%
77,Christian Burke,"Hermosa Beach, CA",1802,3:16:33,7:30,M 40-44/13,M-43,67,3:16:48,66.77%
78,John Gutheil,"La Jolla, CA",1601,3:16:53,7:31,M 50-54/3,M-53,68,3:17:08,72.79%
79,Apolonio Chacon,"MEX, ",1549,3:16:56,7:31,M 40-44/14,M-40,69,3:17:18,65.00%
80,Jim Rosing,"Sacramento, CA",1723,3:17:01,7:31,M 35-39/15,M-35,70,3:17:16,63.41%
81,Giorgio Ramirez,"San Antonio, TX",1896,3:17:06,7:32,M 20-24/10,M-22,71,3:17:43,63.42%
82,Sergei Kuzin,"Riverside, CA",1335,3:17:29,7:32,M 25-29/11,M-28,72,3:17:51,63.26%
83,Russell Bowers,"Los Alamitos, CA",1535,3:17:46,7:33,M 40-44/15,M-42,73,3:18:16,65.81%
84,Sam Yourd,"Dana Point, CA",1307,3:17:47,7:33,M 55-59/1,M-55,74,3:17:55,73.82%
85,Dhaneshwar Kumar,"West Hollywood, CA",1899,3:17:52,7:33,M NoAge/1,M-0,75,3:17:52, 0.00%
86,William Bartolomea,"Oceanside, CA",1482,3:18:02,7:34,M 35-39/16,M-38,76,3:22:45,63.66%
87,Tracye Vaughan,"Orange, CA",1766,3:18:03,7:34,F 35-39/3,F-39,11,3:18:17,71.37%
88,Kris Jensen,"Orange, CA",870,3:18:09,7:34,M 30-34/11,M-32,77,3:18:14,63.05%
89,Selina Nordberg,"La Habra, CA",1332,3:18:19,7:34,F 40-44/1,F-42,12,3:18:32,73.49%
90,Mark Padien,"Irvine, CA",1701,3:18:36,7:35,M 30-34/12,M-30,78,3:19:42,62.90%
91,Jeff Williams,"Lees Summit, MO",667,3:18:44,7:35,M 30-34/13,M-32,79,3:19:18,62.86%
92,David Levray,"San Gabriel, CA",396,3:18:48,7:35,M 45-49/4,M-45,80,3:19:30,67.15%
93,Brenda Zizzo,"Laguna Niguel, CA",1783,3:19:00,7:36,F 35-39/4,F-38,13,3:19:37,70.45%
94,Barret Schlegelmilch,"Hilo, HI",1734,3:19:02,7:36,M 20-24/11,M-20,81,3:19:21,63.56%
95,Steve Schumacher,"Irvine, CA",1942,3:19:06,7:36,M 50-54/4,M-52,82,3:19:10,71.33%
96,Chris Ela,"Usaf Academy, CO",307,3:19:08,7:36,M 20-24/12,M-20,83,3:19:23,63.53%
97,Gregory Jones,"Irvine, CA",1907,3:19:23,7:37,M 35-39/17,M-35,84,3:19:40,62.66%
98,Matt Hood,"Irvine, CA",1616,3:19:23,7:37,M 40-44/16,M-40,85,3:19:40,64.20%
99,Steve McMillin,"Glendale, CA",1839,3:19:27,7:37,M 45-49/5,M-48,86,3:19:56,68.69%
100,Daniel Sonenshine,"Newport Beach, CA",1742,3:19:43,7:38,M 35-39/18,M-37,87,3:20:01,62.80%
101,Jerrold Deleget,"Ladera Ranch, CA",694,3:20:19,7:39,M 40-44/17,M-40,88,3:22:39,63.90%
102,Miguel Canseco,"MEX, ",1098,3:20:42,7:40,M 45-49/6,M-45,89,3:20:48,66.51%
103,Tim Stark,"Chino Hills, CA",1420,3:20:59,7:40,M 40-44/18,M-43,90,3:24:08,65.30%
104,Donald Bailey,"Ladera Ranch, CA",451,3:21:06,7:41,M 40-44/19,M-44,91,3:21:26,65.81%
105,Michael Miller,"Glendale, AZ",1676,3:21:13,7:41,M 45-49/7,M-48,92,3:21:23,68.09%
106,Jack Sessions,"Mission Viejo, CA",609,3:21:17,7:41,M 20-24/13,M-23,93,3:21:20,62.07%
107,Jacob Eggleston,"Camp Pendleton, CA",612,3:21:37,7:42,M 20-24/14,M-22,94,3:21:41,62.00%
108,Hugh Black,"Usaf Academy, CO",593,3:21:56,7:43,M 20-24/15,M-21,95,3:29:13,62.15%
109,Adam Godlove,"San Diego, CA",108,3:22:02,7:43,M 25-29/12,M-29,96,3:22:12,61.83%
110,Ryan Campbell,"Orange, CA",1296,3:22:26,7:44,M 35-39/19,M-37,97,3:23:18,61.96%
111,Eddie Speirs,"Rosamond, CA",467,3:23:37,7:46,M 30-34/14,M-31,98,3:23:58,61.35%
112,Julio Ramirez,"Paramount, CA",1850,3:23:56,7:47,M 16-19/2,M-17,99,3:27:04,64.65%
113,Lora Liu,"Loma Linda, CA",1657,3:23:59,7:47,F 25-29/2,F-27,14,3:25:11,66.39%
114,Susan Mitchell,"Venice, CA",1840,3:24:02,7:47,F 35-39/5,F-35,15,3:24:18,67.40%
115,Ron Slack,"CAN, ",1281,3:24:03,7:47,M 40-44/20,M-40,100,3:24:24,62.73%
116,Samuel Vonderheide,"Templeton, CA",1311,3:24:22,7:48,M 30-34/15,M-32,101,3:25:24,61.13%
117,Istvan Csiki,"Las Vegas, NV",1563,3:24:28,7:48,M 35-39/20,M-38,102,3:26:18,61.65%
118,Rosendo Gonzalez,"Murrieta, CA",1287,3:24:57,7:49,M 35-39/21,M-38,103,3:27:51,61.51%
119,Emily Kalmbach,"Coto De Caza, CA",485,3:24:58,7:50,F 25-29/3,F-25,16,3:25:29,66.07%
120,John Wood,"Huntington Beach, CA",1869,3:25:15,7:50,M 55-59/2,M-56,104,3:26:02,71.81%
121,Dennis Chiu,"San Gabriel, CA",424,3:25:17,7:50,M 20-24/16,M-21,105,3:39:37,61.13%
122,Sarah Nguyen,"Costa Mesa, CA",1320,3:25:18,7:50,F 25-29/4,F-28,17,3:26:02,65.97%
123,Dean Andreuzzi,"San Diego, CA",1788,3:26:06,7:52,M 35-39/22,M-36,106,3:27:14,60.68%
124,Salvador Bravo,"Long Beach, CA",1799,3:26:39,7:53,M 45-49/8,M-49,107,3:27:09,66.89%
125,Graham Lambert,"Tustin, CA",1646,3:26:44,7:54,M 40-44/21,M-43,108,3:27:06,63.48%
126,William Hedin,"Davis, CA",1484,3:26:44,7:54,M 20-24/17,M-24,109,3:27:54,60.43%
127,Paul Miller,"Diamond Bar, CA",1180,3:27:03,7:54,M 40-44/22,M-40,110,3:29:08,61.83%
128,Ming Zhou,"Newport Coast, CA",1108,3:27:20,7:55,M 45-49/9,M-47,111,3:27:36,65.51%
129,Wulun Dai,"Lake Forest, CA",1807,3:27:26,7:55,M 45-49/10,M-45,112,3:28:52,64.36%
130,Steve Castersen,"La Habra, CA",1367,3:27:28,7:55,M 50-54/5,M-52,113,3:27:56,68.45%
131,Renee Williams-Smith,"Hermosa Beach, CA",1238,3:27:58,7:56,F 45-49/1,F-48,18,3:28:16,75.39%
132,Bob Vossoughi,"Scottsdale, AZ",227,3:28:04,7:57,M 35-39/23,M-36,114,3:28:11,60.11%
133,Andy Cole,"San Marcos, CA",167,3:28:09,7:57,M 50-54/6,M-52,115,3:28:41,68.23%
134,Jon Bazansky,"Laguna Niguel, CA",758,3:28:10,7:57,M 40-44/23,M-42,116,3:28:19,62.52%
135,Matthew Hurley,"Hollywood, CA",1967,3:28:50,7:58,M 25-29/13,M-26,117,3:31:24,59.82%
136,Carlos Vasquez,"R S Margarita, CA",1945,3:28:59,7:59,M 45-49/11,M-47,118,3:29:09,64.99%
137,Karen Wester,"Alta Loma, CA",802,3:29:18,7:59,F 35-39/6,F-35,19,3:29:39,65.70%
138,Tetsuya Hiyoshi,"Rolling Hills Estates, CA",1404,3:29:40,8:00,M 40-44/24,M-42,119,3:30:13,62.07%
139,Sam Liu,"Millbrae, CA",1306,3:29:43,8:00,M 35-39/24,M-36,120,3:30:00,59.63%
140,Rikako Takei,"Gardena, CA",1891,3:29:48,8:01,F 45-49/2,F-48,20,3:29:49,74.73%
141,Robert Reynolds,"Tucson, AZ",1265,3:30:24,8:02,M 25-29/14,M-29,121,3:30:36,59.38%
142,Darryl Scroggins,"Sn Bernrdno, CA",1975,3:30:39,8:03,M 45-49/12,M-49,122,3:31:58,65.62%
143,Franco Shamoo,"Huntington Beach, CA",523,3:30:43,8:03,M 40-44/25,M-41,123,3:35:57,61.26%
144,Katharine Nowlan,"Cardiff, CA",1695,3:30:56,8:03,F 30-34/4,F-31,21,3:33:42,64.31%
145,Greg Hart,"Pasadena, CA",1604,3:30:57,8:03,M 50-54/7,M-53,124,3:31:10,67.94%
146,Timothy Giller,"Simi Valley, CA",1816,3:31:09,8:04,M 45-49/13,M-49,125,3:32:02,65.46%
147,Tony Donagrechia,"Redondo Beach, CA",1439,3:31:12,8:04,M 50-54/8,M-53,126,3:31:30,67.86%
148,Alejandro Torres,"Inglewood, CA",124,3:31:27,8:04,M 16-19/3,M-16,127,3:33:30,63.36%
149,Megan Goodson,"Chandler, AZ",1046,3:31:39,8:05,F 35-39/7,F-39,22,3:32:20,66.78%
150,Mike Conlay,"Huntington Beach, CA",1101,3:31:46,8:05,M 30-34/16,M-34,128,3:31:56,58.99%
151,Matthew Finch,"Laguna Hills, CA",1987,3:31:55,8:05,M 20-24/18,M-23,129,3:33:08,58.95%
152,Glen Mason,"GBR, ",1670,3:32:01,8:06,M 45-49/14,M-48,130,3:33:41,64.62%
153,Chuck Gleason,"Costa Mesa, CA",336,3:32:04,8:06,M 45-49/15,M-49,131,3:35:23,65.18%
154,Nicole Pederson,"Irvine, CA",1140,3:32:25,8:07,F 20-24/1,F-23,23,3:33:56,63.76%
155,Randall Yurchak,"Walnut Creek, CA",1780,3:32:52,8:08,M 35-39/25,M-37,132,3:35:12,58.92%
156,Alexander Hess,"Rancho Cordova, CA",130,3:32:59,8:08,M 16-19/4,M-19,133,3:34:03,60.13%
157,Abel Contreras,"Temple City, CA",105,3:33:13,8:08,M 50-54/9,M-53,134,3:33:54,67.21%
158,Jorge Noricumbo,"Visalia, CA",770,3:33:16,8:09,M 40-44/26,M-41,135,3:34:21,60.52%
159,Roberto De Jesus Valldejuli,"Santa Monica, CA",1268,3:33:30,8:09,M 25-29/15,M-28,136,3:34:03,58.51%
160,Chris Borges Da Silva,"Irvine, CA",305,3:33:35,8:09,M 16-19/5,M-19,137,3:42:10,59.96%
161,Duane Saikami,"Irvine, CA",461,3:34:06,8:10,M 50-54/10,M-53,138,3:34:36,66.94%
162,Gayle Boulais,"Irvine, CA",543,3:34:22,8:11,F 45-49/3,F-48,24,3:34:45,73.14%
163,Miwako Yamaguchi,"JPN, ",1112,3:34:23,8:11,F 40-44/2,F-43,25,3:34:29,68.79%
164,John Fischer,"San Clemente, CA",738,3:34:33,8:11,M 40-44/27,M-40,139,3:36:38,59.66%
165,Bryan Salgado,"Ladera Ranch, CA",260,3:34:36,8:12,M 25-29/16,M-28,140,3:34:49,58.21%
166,Ben Hauck,"Hermosa Beach, CA",1605,3:34:37,8:12,M 30-34/17,M-31,141,3:35:31,58.21%
167,Jodie Bates,"Los Angeles, CA",1523,3:34:42,8:12,M 40-44/28,M-41,142,3:39:58,60.12%
168,Jason Slobodnik,"Las Vegas, NV",652,3:34:49,8:12,M 35-39/26,M-38,143,3:39:41,58.68%
169,Rebecca Yi,"Fremont, CA",1230,3:34:49,8:12,F 35-39/8,F-35,26,3:37:07,64.01%
170,Neil Quach,"Woodland Hills, CA",1135,3:34:49,8:12,M 35-39/27,M-37,144,3:37:07,58.39%
171,Craig Anderson,"Costa Mesa, CA",352,3:34:58,8:12,M 40-44/29,M-44,145,3:36:02,61.56%
172,Henry Torres,"Alhambra, CA",1908,3:34:58,8:12,M 30-34/18,M-33,146,3:38:01,58.11%
173,Richard Triquart,"Pasadena, CA",1247,3:35:09,8:13,M 35-39/28,M-37,147,3:47:19,58.30%
174,Larry Wagner,"Laguna Niguel, CA",896,3:35:10,8:13,M 40-44/30,M-41,148,3:40:44,59.99%
175,Daniel Margolis,"Rancho Santa Margarita, CA",369,3:35:17,8:13,M 40-44/31,M-44,149,3:35:29,61.47%
176,Alex Mansfield,"Fullerton, CA",126,3:35:20,8:13,M 40-44/32,M-43,150,3:35:28,60.95%
177,Chuck Fieland,"Palmdale, CA",335,3:35:30,8:14,M 50-54/11,M-51,151,3:35:31,65.30%
178,Jeff Hollenbeck,"Fullerton, CA",663,3:36:01,8:15,M 50-54/12,M-50,152,3:37:53,64.57%
179,Fred Winkler,"Victorville, CA",527,3:36:03,8:15,M 45-49/16,M-49,153,3:36:55,63.98%
180,Bill Kissell,"Covina, CA",1642,3:36:22,8:16,M 55-59/3,M-57,154,3:36:42,68.77%
181,Jessi Moe,"Scottsdale, AZ",700,3:36:26,8:16,F 25-29/5,F-27,27,3:36:35,62.57%
182,Kristen Snider,"Yorba Linda, CA",876,3:36:35,8:16,F 30-34/5,F-31,28,3:37:01,62.64%
183,Rodgers Dorr,"Lake Forest, CA",1273,3:36:39,8:16,M 20-24/19,M-22,155,3:37:56,57.69%
184,Luis Garcia,"Midway City, CA",959,3:36:45,8:16,M 40-44/33,M-44,156,3:44:00,61.06%
185,Edward Moreno,"Long Beach, CA",475,3:36:49,8:17,M 30-34/19,M-31,157,3:37:17,57.62%
186,Katsuyoshi Matsuda,"JPN, ",822,3:36:53,8:17,M 40-44/34,M-43,158,3:38:13,60.51%
187,Michael Luong,"Santa Ana, CA",1071,3:36:55,8:17,M 40-44/35,M-44,159,3:37:28,61.01%
188,Yoshitoshi Takahashi,"Rancho Palos Verdes, CA",1495,3:37:04,8:17,M 50-54/13,M-50,160,3:39:53,64.26%
189,Mark Gerrie,"Lake Forest, CA",1003,3:37:05,8:17,M 50-54/14,M-54,161,3:38:59,66.63%
190,Eric Han,"Hillsboro, OR",493,3:37:14,8:18,M 25-29/17,M-27,162,3:39:14,57.51%
191,David Schaefer,"Irvine, CA",403,3:37:17,8:18,M 45-49/17,M-47,163,3:37:56,62.51%
192,Rick Allan,"Irvine, CA",1248,3:37:21,8:18,M 60-64/1,M-62,164,3:37:46,71.89%
193,Kerry Wagner,"Laguna Niguel, CA",840,3:37:29,8:18,F 35-39/9,F-39,29,3:43:03,64.99%
194,Peter Algazi,"Newport Beach, CA",1785,3:37:36,8:18,M 40-44/36,M-42,165,3:38:20,59.81%
195,Nikki Mosier,"Las Vegas, NV",1144,3:37:41,8:19,F 25-29/6,F-26,30,3:38:06,62.21%
196,Douglas Niles,"Irvine, CA",29,3:37:48,8:19,M 40-44/37,M-43,166,3:39:58,60.26%
197,Dominic Mestas,"Villa Park, CA",445,3:37:49,8:19,M 30-34/20,M-33,167,3:38:00,57.35%
198,Alexandra Knudtzon,"San Diego, CA",1828,3:38:01,8:19,F 20-24/2,F-22,31,3:42:36,62.12%
199,Julie Farrugia,"Thousand Oaks, CA",790,3:38:02,8:19,F 20-24/3,F-22,32,3:38:38,62.11%
200,Dan Beckman,"Los Angeles, CA",363,3:38:05,8:20,M 20-24/20,M-24,168,3:39:56,57.28%
401,Joyce Carey,"La Canada, CA",783,3:58:32,9:06,F 35-39/22,F-39,87,4:00:58,59.26%
402,Robert Dennis,"Beverly Hills, CA",1261,3:58:34,9:06,M 40-44/66,M-43,315,4:01:47,55.01%
403,Khang Le,"Fountain Valley, CA",849,3:58:37,9:07,M 30-34/35,M-33,316,4:05:35,52.35%
404,Anthony Bingham,"Rancho Cucamonga, CA",178,3:58:40,9:07,M 25-29/37,M-29,317,4:09:30,52.34%
405,Chad Eichele,"Irvine, CA",292,3:58:41,9:07,M 30-34/36,M-33,318,4:04:10,52.34%
406,Martin Smith,"Irvine, CA",1013,3:58:43,9:07,M 55-59/10,M-59,319,4:05:36,63.54%
407,Hector Mendez,"Los Angeles, CA",580,3:58:46,9:07,M 35-39/50,M-37,320,3:59:44,52.53%
408,Mike Schneider,"Irvine, CA",1854,3:58:47,9:07,M 60-64/6,M-61,321,4:03:05,64.79%
409,Adam White,"Los Angeles, CA",1774,3:58:48,9:07,M 45-49/37,M-45,322,4:03:49,55.90%
410,Lorraine Gersitz,"Fullerton, CA",1921,3:58:51,9:07,F 55-59/1,F-55,88,4:00:20,72.00%
411,Brian Fitzgerald,"Westlake Village, CA",1811,3:59:06,9:08,M 50-54/32,M-53,323,3:59:11,59.94%
412,Mark Antenucci,"Fullerton, CA",997,3:59:07,9:08,M 45-49/38,M-47,324,4:03:38,56.80%
413,Enrique Martinez,"Costa Mesa, CA",490,3:59:08,9:08,M 25-29/38,M-25,325,3:59:57,52.24%
414,Tyron Forbay,"La Habra, CA",1455,3:59:15,9:08,M 40-44/67,M-44,326,4:06:07,55.32%
415,Linda Drosky,"Mission Viejo, CA",927,3:59:16,9:08,F 45-49/12,F-46,89,3:59:37,63.92%
416,Helen McLendon,"San Francisco, CA",583,3:59:17,9:08,F 25-29/16,F-26,90,4:00:33,56.60%
417,Will Van Trump,"Irvine, CA",1892,3:59:17,9:08,M 25-29/39,M-25,327,4:00:33,52.21%
418,James Wong,"Aliso Viejo, CA",635,3:59:19,9:08,M 35-39/51,M-39,328,4:02:38,53.05%
419,Cheryl Ford,"Rocklin, CA",1587,3:59:20,9:08,F 16-19/2,F-19,91,4:02:49,56.95%
420,Paul Barkmeier,"Huntingtn Bch, CA",1940,3:59:26,9:08,M 35-39/52,M-36,329,4:00:39,52.23%
421,Megan Beard,"Fullerton, CA",1042,3:59:28,9:08,F 20-24/6,F-21,92,4:00:25,56.55%
422,Amie Smith,"Chandler, AZ",1897,3:59:34,9:09,F 35-39/23,F-37,93,4:01:40,58.09%
423,Jin Young Chang,"La Palma, CA",720,3:59:38,9:09,M 35-39/53,M-37,330,4:00:51,52.34%
424,Richard Hummel,"Bakersfield, CA",1242,3:59:41,9:09,M 30-34/37,M-30,331,4:05:06,52.12%
425,Laura Koenig,"Goleta, CA",903,3:59:44,9:09,F 20-24/7,F-21,94,4:00:15,56.49%
426,Romeo Lobedecis,"Long Beach, CA",1278,3:59:46,9:09,M 35-39/54,M-39,332,4:00:58,52.95%
427,Sarah Malkerson,"New York, NY",1319,3:59:47,9:09,F 25-29/17,F-28,95,4:01:58,56.48%
428,Juan Vasquez,"Santa Ana, CA",1765,3:59:53,9:09,M 40-44/68,M-40,333,4:01:30,53.36%
429,Sharlene Chinn,"Burlingame, CA",1343,4:00:00,9:10,F 50-54/2,F-53,96,4:00:35,69.73%
430,Gary Citron,"Tustin, CA",535,4:00:01,9:10,M 50-54/33,M-52,334,4:00:32,59.17%
431,Jaclyn Kronwald,"Gilbert, AZ",1645,4:00:10,9:10,F 25-29/18,F-26,97,4:09:44,56.39%
432,Fabienne Bouton,"Jamul, CA",513,4:00:12,9:10,F 45-49/13,F-47,98,4:01:27,64.46%
433,Cynthia Rodarte,"Phoenix, AZ",1717,4:00:17,9:10,F 35-39/24,F-39,99,4:10:05,58.82%
434,Alberto Perusset,"Malibu, CA",122,4:00:18,9:10,M 50-54/34,M-52,335,4:00:18,59.10%
435,Jason Pecoraro,"Big Bear City, CA",650,4:00:30,9:11,M 35-39/55,M-37,336,4:15:04,52.15%
436,Francisco Perez,"Fontana, CA",521,4:00:33,9:11,M 50-54/35,M-50,337,4:03:20,57.98%
437,Gary Worrall,"Brea, CA",542,4:00:38,9:11,M 40-44/69,M-44,338,4:03:18,55.00%
438,Zanetta Carr,"Huntington Beach, CA",1501,4:00:43,9:11,F 50-54/3,F-53,100,4:01:31,69.52%
439,Elizabeth Malkerson,"Minneapolis, MN",482,4:00:43,9:11,F 60-64/1,F-60,101,4:02:54,76.76%
440,Ward Sullivan,"Long Beach, CA",1748,4:01:07,9:12,M 55-59/11,M-55,339,4:05:06,60.56%
441,Wendy Baugh,"Newport Beach, CA",43,4:01:10,9:12,F 40-44/15,F-43,102,4:01:20,61.15%
442,Louis Mauna,"Ladera Ranch, CA",954,4:01:13,9:12,M 30-34/38,M-34,340,4:11:41,51.79%
443,Debbra Zockoll,"St George, UT",420,4:01:19,9:13,F 50-54/4,F-54,103,4:04:04,70.29%
444,Laura Ouimet,"Laguna Niguel, CA",904,4:01:31,9:13,F 40-44/16,F-40,104,4:05:14,59.07%
445,Rich Lindstrom Jr,"Dana Point, CA",1241,4:01:34,9:13,M 40-44/70,M-42,341,4:06:08,53.87%
446,Tommy Nicola,"Corona, CA",1694,4:01:41,9:14,M 35-39/56,M-35,342,4:04:51,51.69%
447,Jenny Staul,"Oceanside, CA",689,4:01:42,9:14,F 45-49/14,F-46,105,4:03:39,63.27%
448,Rich Coffey,"Dana Point, CA",1240,4:01:56,9:14,M 45-49/39,M-45,343,4:06:31,55.18%
449,Linda Kean,"Orange, CA",928,4:02:05,9:14,F 40-44/17,F-44,106,4:04:18,61.65%
450,Jeffrey Larkin,"Usaf Academy, CO",669,4:02:12,9:15,M 20-24/34,M-22,344,4:09:30,51.61%
451,James Wheeler,"San Diego, CA",1867,4:02:26,9:15,M 40-44/71,M-44,345,4:03:02,54.59%
452,Jeff Campau,"Yorba Linda, CA",1941,4:02:47,9:16,M 35-39/57,M-35,346,4:06:29,51.46%
453,William Lennertz,"Laguna Hills, CA",1485,4:02:48,9:16,M 45-49/40,M-45,347,4:04:52,54.98%
454,Kelly Fukasawa,"Corona, CA",830,4:02:49,9:16,F 35-39/25,F-36,107,4:06:16,56.94%
455,Steve Gerschultz,"Huntington Beach, CA",1370,4:02:52,9:16,M 45-49/41,M-47,348,4:04:31,55.93%
456,Aki Hoshi,"Irvine, CA",115,4:02:59,9:17,F 40-44/18,F-42,108,4:06:23,59.98%
457,Mark Morrissey,"Huntington Beach, CA",1007,4:03:08,9:17,M 45-49/42,M-48,349,4:03:37,56.35%
458,Edward Indvik,"Newport Beach, CA",473,4:03:09,9:17,M 50-54/36,M-54,350,4:06:26,59.49%
459,Carmen Michel,"MEX, ",277,4:03:09,9:17,F 40-44/19,F-43,109,4:04:06,60.65%
460,Johnnie Green,"Perris, CA",756,4:03:10,9:17,M 35-39/58,M-36,351,4:15:35,51.43%
461,Arthur Johnson,"Laguna Niguel, CA",1998,4:03:16,9:17,M 40-44/72,M-43,352,4:05:45,53.95%
462,Phu Nguyen,"San Jose, CA",1842,4:03:20,9:17,M 35-39/59,M-39,353,4:04:49,52.17%
463,Brian Won,"Los Angeles, CA",1779,4:03:24,9:17,M 25-29/40,M-29,354,4:07:18,51.33%
464,Julieann Storm,"San Diego, CA",1745,4:03:31,9:18,F 40-44/20,F-43,110,4:04:27,60.56%
465,Klimenty Granovsky,"Lake Forest, CA",867,4:03:33,9:18,M 55-59/12,M-59,355,4:04:20,62.28%
466,Oscar Quinones Sanchez,"MEX, ",1155,4:03:36,9:18,M 30-34/39,M-31,356,4:11:26,51.28%
467,Zsolt Kiraly,"Ladera Ranch, CA",1503,4:03:40,9:18,M 35-39/60,M-37,357,4:05:03,51.47%
468,Kevin Mora,"Riverside, CA",845,4:04:05,9:19,M 20-24/35,M-22,358,4:08:22,51.21%
469,Armen Anassian,"Burbank, CA",190,4:04:09,9:19,M 45-49/43,M-46,359,4:05:38,55.15%
470,Megan Moore,"Newport Beach, CA",1048,4:04:13,9:19,F 25-29/19,F-28,111,4:05:44,55.45%
471,Lazaro Santos,"Orange, CA",909,4:04:20,9:20,M 40-44/73,M-44,360,4:04:48,54.16%
472,Chris Paino,"Oak Park, CA",311,4:04:23,9:20,M 30-34/40,M-33,361,4:08:00,51.12%
473,Ryan Launder,"Landers, CA",1649,4:04:25,9:20,M 30-34/41,M-33,362,4:13:10,51.11%
474,Jerry Hsien,"Laguna Niguel, CA",697,4:04:28,9:20,M 25-29/41,M-28,363,4:10:23,51.10%
475,Kellie Pulce,"Sherman Oaks, CA",828,4:04:30,9:20,F 30-34/16,F-31,112,4:07:45,55.48%
476,Mel Sandvig,"Agoura Hills, CA",1052,4:04:39,9:20,M 60-64/7,M-64,364,4:04:42,65.17%
477,Rick Strobaugh,"Yucaipa, CA",1251,4:04:44,9:21,M 55-59/13,M-58,365,4:09:25,61.38%
478,Kevin Minegar,"Orange, CA",844,4:04:52,9:21,M 25-29/42,M-26,366,4:13:47,51.02%
479,Ingrid Johnson,"Irvine, CA",600,4:04:53,9:21,F 25-29/20,F-26,113,4:06:42,55.30%
480,Mara Colaizzi,"Culver City, CA",1804,4:04:57,9:21,F 30-34/17,F-34,114,4:09:32,55.87%
481,Paul Coleman,"Laguna Niguel, CA",1559,4:04:59,9:21,M 50-54/37,M-52,367,4:08:19,57.97%
482,Shari Napientek,"Scottsdale, AZ",1341,4:05:09,9:22,F 40-44/21,F-44,115,4:11:57,60.88%
483,Martha Granados,"El Paso, TX",1819,4:05:15,9:22,F 40-44/22,F-41,116,4:06:11,58.77%
484,Luis Dominguez,"Pasadena, CA",1577,4:05:17,9:22,M 50-54/38,M-51,368,4:06:07,57.37%
485,Joel Bocanegra,"Cerritos, CA",1958,4:05:22,9:22,M 40-44/74,M-44,369,4:05:54,53.94%
486,Buffy Davis,"Huntington Beach, CA",261,4:05:26,9:22,F 35-39/26,F-38,117,4:05:51,57.12%
487,Jimmy Hunter,"Villa Park, CA",716,4:05:45,9:23,M 45-49/44,M-48,370,4:11:12,55.75%
488,Makenzie Mettra,"San Diego, CA",976,4:05:52,9:23,F 16-19/3,F-19,118,4:06:59,55.43%
489,Mark Block,"Peyton, CO",1529,4:06:17,9:24,M 40-44/75,M-40,371,4:13:56,51.97%
490,Carlos Gonzalez,"Long Beach, CA",273,4:06:29,9:25,M 35-39/61,M-36,372,4:11:48,50.74%
491,Kum Yu,"Alhambra, CA",882,4:06:31,9:25,M 25-29/43,M-25,373,4:13:51,50.68%
492,Mario Havice,"Whittier, CA",994,4:06:34,9:25,M 35-39/62,M-37,374,4:06:58,50.87%
493,Leah Francis,"San Diego, CA",1813,4:06:37,9:25,F 25-29/21,F-29,119,4:12:31,54.91%
494,Sarah Bortz,"Newport Beach, CA",1533,4:07:01,9:26,F 25-29/22,F-28,120,4:11:02,54.82%
495,Derek Francis,"Usaf Academy, CO",429,4:07:08,9:26,M 20-24/36,M-20,375,4:11:07,51.19%
496,Terry Rabun,"Huntington Beach, CA",1402,4:07:13,9:26,M 55-59/14,M-55,376,4:07:14,59.06%
497,Paula Johnson,"Corona, CA",1629,4:07:14,9:26,F 45-49/15,F-46,121,4:12:23,61.86%
498,William Walsh,"Anaheim, CA",1865,4:07:21,9:27,M 40-44/76,M-41,377,4:09:32,52.18%
499,Pablo Almendaro,"Anaheim, CA",1786,4:07:45,9:27,M 16-19/9,M-19,378,4:10:16,51.69%
500,George Akel,"San Francisco, CA",1507,4:07:50,9:28,M 40-44/77,M-40,379,4:11:46,51.65%
501,Juan Nunez,"Glendale, CA",787,4:07:50,9:28,M 40-44/78,M-42,380,4:19:36,52.51%
502,Shawn O'Neill,"Ontario, CA",1346,4:07:54,9:28,M 40-44/79,M-40,381,4:20:03,51.64%
503,Lindsey Eastman,"Huntington Beach, CA",933,4:08:08,9:28,F 25-29/23,F-25,122,4:15:29,54.58%
504,Sandra Evans,"Bakersfield, CA",1583,4:08:20,9:29,F 45-49/16,F-45,123,4:12:09,60.83%
505,Noel Garibay,"San Diego, CA",1148,4:08:27,9:29,M 40-44/80,M-40,382,4:08:53,51.52%
506,Michael Zurovski,"Coto De Caza, CA",1082,4:08:28,9:29,M 45-49/45,M-45,383,4:16:35,53.73%
507,Alejandro Juarez,"Riverside, CA",1631,4:08:34,9:29,M 40-44/81,M-44,384,4:14:21,53.24%
508,Mary Huth,"Orange, CA",1018,4:08:35,9:29,F 45-49/17,F-48,124,4:09:39,63.07%
509,Jon Nekovar,"Westlake Village, CA",760,4:08:43,9:30,M 30-34/42,M-32,385,4:12:20,50.23%
510,Pam Rivera,"Lamont, CA",1716,4:08:48,9:30,F 35-39/27,F-35,125,4:12:37,55.27%
511,Nicol Tushla,"La Habra, CA",1139,4:08:50,9:30,F 40-44/23,F-41,126,4:21:11,57.92%
512,Christine Porter,"Arcadia, CA",320,4:09:01,9:30,F 40-44/24,F-40,127,4:09:44,57.29%
513,Joe Sachen,"Aliso Viejo, CA",729,4:09:04,9:30,M 40-44/82,M-44,386,4:11:20,53.14%
514,Michael Viscetto,"Boise, ID",1078,4:09:09,9:31,M 45-49/46,M-47,387,4:17:45,54.52%
515,Jorge Acosta,"Salinas, CA",1505,4:09:15,9:31,M 30-34/43,M-32,388,4:10:04,50.12%
516,Matt Benice,"Ladera Ranch, CA",90,4:09:24,9:31,M 45-49/47,M-46,389,4:12:04,53.99%
517,Deo Jaravata,"Granada Hills, CA",1627,4:09:27,9:31,M 45-49/48,M-45,390,4:16:11,53.51%
518,Craig Harrison,"Los Angeles, CA",9680,4:09:35,9:32,M 30-34/44,M-30,391,4:16:14,50.05%
519,Krista Ibanez,"Turlock, CA",873,4:09:41,9:32,F 20-24/8,F-21,128,4:10:35,54.24%
520,Pedro Medrano,"Long Beach, CA",1189,4:09:44,9:32,M 30-34/45,M-31,392,4:18:11,50.02%
521,David Lasky,"Newport Beach, CA",395,4:09:46,9:32,M 45-49/49,M-45,393,4:10:56,53.45%
522,Robert Dell Angelo,"Altadena, CA",1990,4:09:46,9:32,M 45-49/50,M-48,394,4:10:36,54.85%
523,Anthony Guzman,"Los Angeles, CA",1820,4:09:52,9:32,M 30-34/46,M-31,395,4:10:26,50.00%
524,Lynn Scozzari,"Vista, CA",970,4:09:54,9:32,F 45-49/18,F-49,129,4:10:52,63.54%
525,Micheal Parks,"Cimarron, CO",1083,4:09:55,9:32,M 25-29/44,M-28,396,4:15:14,49.99%
526,Ben Delaney,"Orange, CA",216,4:09:57,9:32,M 35-39/63,M-35,397,4:11:19,49.98%
527,Laurie Singer,"Camarillo, CA",908,4:09:57,9:32,F 50-54/5,F-50,130,4:11:08,64.35%
528,Phong Nguyen,"Rancho Palos Verdes, CA",1693,4:09:58,9:33,M 45-49/51,M-45,398,4:17:11,53.40%
529,Kirsten Van Mourick,"Dana Point, CA",1764,4:09:59,9:33,F 25-29/24,F-26,131,4:16:03,54.17%
530,Gary Collins,"Aliso Viejo, CA",536,4:10:01,9:33,M 45-49/52,M-48,399,4:10:30,54.80%
531,James Harrison,"Seal Beach, CA",627,4:10:09,9:33,M 65-69/1,M-65,400,4:14:32,64.41%
532,Becky Mudd,"Irvine, CA",1681,4:10:21,9:33,F 50-54/6,F-52,132,4:12:47,65.95%
533,Roland Castro,"Oceanside, CA",1276,4:10:24,9:34,M 45-49/53,M-48,401,4:15:59,54.72%
534,Gabriel Martinez,"Rio Rancho, NM",1837,4:10:30,9:34,M 20-24/37,M-22,402,4:14:30,49.90%
535,Scotty Walker,"Apple Valley, CA",1904,4:10:39,9:34,M 45-49/54,M-49,403,4:12:44,55.15%
536,Frederick Hanhauser,"Carlsbad, CA",1603,4:10:57,9:35,M 60-64/8,M-62,404,4:15:48,62.27%
537,Lance Jehn,"Waddell, AZ",893,4:10:57,9:35,M 25-29/45,M-29,405,4:19:45,49.78%
538,Lorena Turner,"Los Angeles, CA",946,4:11:00,9:35,F 40-44/25,F-40,133,4:17:27,56.84%
539,Claudia Sales,"San Diego, CA",1726,4:11:03,9:35,F 35-39/28,F-36,134,4:13:38,55.07%
540,Tim Chan,"San Bernardino, CA",1412,4:11:10,9:35,M 25-29/46,M-25,406,4:17:47,49.74%
541,Christopher Okaniwa,"Long Beach, CA",329,4:11:13,9:35,M 30-34/47,M-33,407,4:18:17,49.73%
542,Renee Baker,"Huntington Beach, CA",1237,4:11:13,9:35,F 35-39/29,F-36,135,4:12:01,55.04%
543,Ken Charity,"Fountain Valley, CA",834,4:11:23,9:36,M 35-39/64,M-38,408,4:11:48,50.15%
544,Denis Downey,"CHE, ",423,4:11:36,9:36,M 35-39/65,M-36,409,4:11:59,49.71%
545,Eric Dangott,"Tustin, CA",492,4:11:40,9:36,M 35-39/66,M-36,410,4:13:00,49.69%
546,Hieu Dang,"Fountain Valley, CA",587,4:11:43,9:37,M 30-34/48,M-31,411,4:15:47,49.63%
547,Deatte Engelhardt,"Las Vegas, NV",417,4:11:44,9:37,F 50-54/7,F-52,136,4:20:10,65.59%
548,Dave Lannon,"Aliso Viejo, CA",1829,4:11:44,9:37,M 25-29/47,M-29,412,4:13:35,49.63%
549,Anita See,"Aliso Viejo, CA",1855,4:11:45,9:37,F 25-29/25,F-29,137,4:13:35,53.79%
550,Gary Fujita,"Huntington Beach, CA",537,4:11:47,9:37,M 40-44/83,M-41,413,4:13:27,51.26%
551,Adria Pearson,"Long Beach, CA",113,4:11:52,9:37,F 30-34/18,F-30,138,4:13:18,53.79%
552,Stephen Helm,"CAN, ",1364,4:11:57,9:37,M 20-24/38,M-24,414,4:18:08,49.58%
553,Jason Bonnett,"Anaheim, CA",1530,4:12:00,9:37,M 30-34/49,M-30,415,4:17:20,49.57%
554,Franciso Esparza,"Los Angeles, CA",522,4:12:14,9:38,M 40-44/84,M-43,416,4:12:21,52.03%
555,Lisle Leete,"Los Angeles, CA",943,4:12:31,9:38,M 50-54/39,M-51,417,4:18:13,55.73%
556,Stacy Embretson,"Los Angeles, CA",1964,4:12:36,9:39,F 35-39/30,F-37,139,4:18:15,55.09%
557,Dustin Kegeris,"Livermore, CA",463,4:12:49,9:39,M 20-24/39,M-24,418,4:16:28,49.41%
558,Paul Hernandez,"Santa Ana, CA",1176,4:12:52,9:39,M 50-54/40,M-53,419,4:13:05,56.67%
559,Jason Knight,"Litchfield Park, AZ",1643,4:13:01,9:39,M 35-39/67,M-39,420,4:15:57,50.18%
560,Jaclyn Keese,"Malibu, CA",610,4:13:16,9:40,F 16-19/4,F-19,140,4:14:18,53.81%
561,Alan Shuttleworth,"Colfax, CA",118,4:13:18,9:40,M 65-69/2,M-68,421,4:15:19,65.64%
562,Pedro Camacho,"Inglewood, CA",1188,4:13:20,9:40,M 16-19/10,M-17,422,4:15:04,52.04%
563,Yung Lau,"Downey, CA",1496,4:13:23,9:40,M 60-64/9,M-63,423,4:15:00,62.29%
564,Kelly Carman,"Costa Mesa, CA",829,4:13:36,9:41,F 25-29/26,F-25,141,4:24:12,53.40%
565,Matt Villegas,"Newport Beach, CA",1768,4:13:38,9:41,M 25-29/48,M-29,424,4:17:13,49.25%
566,Joe Panec,"Thousand Oaks, CA",1922,4:13:45,9:41,M 50-54/41,M-53,425,4:14:45,56.48%
567,James Hong,"Cerritos, CA",628,4:13:56,9:42,M 35-39/68,M-39,426,4:14:23,50.00%
568,Angel Perozo,"Mission Viejo, CA",169,4:14:12,9:42,M 45-49/55,M-47,427,4:16:25,53.43%
569,Jeffrey Trevena,"Aliso Viejo, CA",671,4:14:17,9:42,M 55-59/15,M-55,428,4:14:17,57.42%
570,Daniel Bistany,"Newport Beach, CA",366,4:14:20,9:42,M 25-29/49,M-25,429,4:21:44,49.12%
571,Richard Mejia,"Whittier, CA",1243,4:14:21,9:43,M 40-44/85,M-43,430,4:17:19,51.60%
572,Raymond Morales,"Pasadena, CA",1680,4:14:22,9:43,M 35-39/69,M-39,431,4:15:52,49.91%
573,Karla De La Cruz,"Aliso Viejo, CA",1567,4:14:26,9:43,F 30-34/19,F-32,142,4:19:35,53.43%
574,Matt St Pierre,"San Luis Obispo, CA",1030,4:14:35,9:43,M 20-24/40,M-22,432,4:18:14,49.10%
575,Birgitt Walpus,"Alta Loma, CA",223,4:14:41,9:43,F 50-54/8,F-50,143,4:15:54,63.15%
576,Laryssa Grinenko,"Irvine, CA",897,4:14:44,9:43,F 25-29/27,F-26,144,4:17:22,53.16%
577,Amado Carino,"Lakewood, CA",1545,4:14:48,9:44,M 20-24/41,M-24,433,4:22:28,49.03%
578,Tim Clark,"San Diego, CA",1553,4:14:51,9:44,M 45-49/56,M-49,434,4:16:46,54.24%
579,Sher Oba,"Redondo Beach, CA",1696,4:14:54,9:44,F 25-29/28,F-29,145,4:16:17,53.13%
580,Donovan Dorsey,"Irvine, CA",456,4:14:58,9:44,M 25-29/50,M-26,435,4:20:58,49.00%
581,Kelli Prather,"Los Angeles, CA",827,4:15:10,9:44,F 40-44/26,F-43,146,4:17:02,57.80%
582,Chris Green,"Arroyo Grande, CA",309,4:15:12,9:45,M 35-39/70,M-36,436,4:16:37,49.00%
583,Jessica Amthor,"Rancho Cucamonga, CA",701,4:15:15,9:45,F 20-24/9,F-24,147,4:29:01,53.06%
584,Norio Minato,"Newport Beach, CA",1151,4:15:16,9:45,M 50-54/42,M-54,437,4:19:22,56.66%
585,Miyoko Houda,"Laguna Hills, CA",1978,4:15:30,9:45,F 60-64/2,F-61,148,4:21:59,73.40%
586,Kristen Cummins,"Westlake Village, CA",875,4:15:30,9:45,F 35-39/31,F-37,149,4:20:59,54.47%
587,Cj Gazzara,"Huntington Beach, CA",338,4:15:31,9:45,F 20-24/10,F-24,150,4:26:25,53.00%
588,Anna Ascanio,"La Mirada, CA",174,4:15:31,9:45,F 20-24/11,F-21,151,4:18:47,53.00%
589,Tyler Holst,"Huntington Beach, CA",1454,4:15:33,9:45,M 25-29/51,M-29,438,4:18:01,48.88%
590,Doug Janicik,"Tempe, AZ",1625,4:15:34,9:45,M 35-39/71,M-38,439,4:16:12,49.32%
591,Vickie Adams,"Pinon Hills, CA",1462,4:15:46,9:46,F 45-49/19,F-49,152,4:16:39,62.08%
592,Joe Lopez,"Corona, CA",726,4:15:55,9:46,M 50-54/43,M-50,440,4:23:26,54.50%
593,Michael Camarena,"Adelanto, CA",1063,4:15:56,9:46,M 35-39/72,M-36,441,4:16:05,48.86%
594,Jeff Neumeister,"Valley Village, CA",665,4:15:57,9:46,M 30-34/50,M-30,442,4:21:20,48.81%
595,Gary Whightsil,"Fontana, CA",1868,4:15:59,9:46,M 40-44/86,M-41,443,4:20:44,50.42%
596,Jason Morrison,"Lake Forest, CA",649,4:16:13,9:47,M 35-39/73,M-37,444,4:22:47,48.95%
597,Kelley Puckett,"Los Angeles, CA",1710,4:16:14,9:47,F 25-29/29,F-29,153,4:16:14,52.85%
598,James Johnson,"Hillsborough, CA",629,4:16:14,9:47,M 65-69/3,M-65,445,4:26:03,62.88%
599,Arthur Lin,"Arcadia, CA",195,4:16:19,9:47,M 30-34/51,M-30,446,4:30:42,48.74%
600,Lucy Maese,"Chino Hills, CA",957,4:16:25,9:47,F 45-49/20,F-49,154,4:17:01,61.92%
601,Valentine Alberto,"San Diego, CA",1458,4:16:26,9:47,F 40-44/27,F-43,155,4:17:41,57.51%
602,Matthew Newman,"Las Vegas, NV",1034,4:16:31,9:47,M 30-34/52,M-30,447,4:22:11,48.70%
603,Amanda Hastings,"Irvine, CA",144,4:16:33,9:48,F 20-24/12,F-20,156,4:16:33,52.83%
604,Alison Fanchin,"Victorville, CA",135,4:16:35,9:48,F 25-29/30,F-29,157,4:19:37,52.78%
605,Jim Green,"Los Angeles, CA",709,4:16:36,9:48,M 50-54/44,M-50,448,4:27:50,54.36%
606,Blake Trauger,"Brea, CA",1758,4:16:40,9:48,M 25-29/52,M-25,449,4:24:39,48.67%
607,Chunly Nhean,"Long Beach, CA",1947,4:16:48,9:48,M 40-44/87,M-42,450,4:17:41,50.68%
608,Dave Lane,"Riverside, CA",386,4:16:48,9:48,M 50-54/45,M-53,451,4:19:38,55.81%
609,Eric Vonheim,"Irvine, CA",499,4:16:48,9:48,M 30-34/53,M-31,452,4:17:32,48.65%
610,Kim Elliott,"Playa Del Rey, CA",851,4:16:49,9:48,F 40-44/28,F-42,158,4:20:07,56.75%
611,Christopher Suchil,"Yucaipa, CA",333,4:16:56,9:48,M 50-54/46,M-53,453,4:18:23,55.78%
612,Menna Araya,"Irvine, CA",1056,4:16:59,9:49,F 20-24/13,F-21,159,4:25:36,52.70%
613,Steve Christie,"Twentynine Palms, CA",1368,4:17:01,9:49,M 40-44/88,M-40,454,4:36:53,49.81%
614,Michelle Ronga,"La Verne, CA",1096,4:17:06,9:49,F 35-39/32,F-38,160,4:22:49,54.53%
615,Erin Swancutt,"Fountain Valley, CA",505,4:17:18,9:49,F 30-34/20,F-30,161,4:28:32,52.65%
616,Dennis Kato,"Huntington Beach, CA",426,4:17:21,9:49,M 50-54/47,M-51,455,4:18:41,54.68%
617,Paul Liu,"Tustin, CA",1179,4:17:22,9:49,M 40-44/89,M-44,456,4:17:52,51.42%
618,Emmanuel Ferrer,"Long Beach, CA",488,4:17:23,9:49,M 40-44/90,M-42,457,4:18:24,50.56%
619,Don Hassett,"Costa Mesa, CA",1951,4:17:27,9:50,M 55-59/16,M-55,458,4:26:30,56.71%
620,Alfredo Reina,"Long Beach, CA",132,4:17:32,9:50,M 50-54/48,M-51,459,4:18:41,54.64%
621,Amy Becker,"Draper, UT",151,4:17:32,9:50,F 35-39/33,F-35,162,4:31:19,53.39%
622,Kirk Jones,"Lake View Terrace, CA",1630,4:17:52,9:51,M 55-59/17,M-56,460,4:25:55,57.16%
623,James Ma,"Alhambra, CA",631,4:18:11,9:51,M 50-54/49,M-52,461,4:18:11,55.00%
624,Robert Clark,"Fountain Valley, CA",1260,4:18:24,9:52,M 30-34/54,M-33,462,4:24:35,48.35%
625,Jacquelynn Niemi,"Orange, CA",616,4:18:37,9:52,F 30-34/21,F-34,163,4:22:48,52.92%
626,Kathie Mendoza,"Anaheim, CA",810,4:18:37,9:52,F 55-59/2,F-56,164,4:22:48,67.43%
627,Kathryn Hess,"Newport Beach, CA",1612,4:18:38,9:52,F 50-54/9,F-51,165,4:19:06,63.00%
628,Nathalie Baker,"Lake Forest, CA",1130,4:18:44,9:53,F 35-39/34,F-38,166,4:24:04,54.18%
629,Erik Mora,"Ladera Ranch, CA",1890,4:18:53,9:53,M 30-34/55,M-34,463,4:21:50,48.26%
630,Nathan Wood,"Carlsbad, CA",1132,4:18:54,9:53,M 25-29/53,M-27,464,4:30:23,48.25%
631,Myung Keun Park,"Pasadena, CA",1123,4:18:54,9:53,M 65-69/4,M-67,465,4:19:34,63.54%
632,Sally Lovejoy,"Visalia, CA",1304,4:18:54,9:53,F 50-54/10,F-53,167,4:19:42,64.64%
633,Mike Serrin,"Valley Center, CA",1104,4:18:54,9:53,M 50-54/50,M-54,466,4:19:19,55.87%
634,Karri Urode-Abe,"Irvine, CA",805,4:18:56,9:53,F 40-44/29,F-42,168,4:24:30,56.29%
635,Dan Cunningham,"Los Angeles, CA",1564,4:19:07,9:53,M 30-34/56,M-31,467,4:28:20,48.21%
636,Carlos Carney,"Irvine, CA",269,4:19:14,9:54,M 50-54/51,M-54,468,4:19:47,55.80%
637,Blandino Asuncion,"Moreno Valley, CA",224,4:19:14,9:54,M 55-59/18,M-55,469,4:32:54,56.32%
638,Shayla Collie,"Irvine, CA",1347,4:19:18,9:54,F 20-24/14,F-21,169,4:21:39,52.23%
639,Donald Cluff,"San Diego, CA",453,4:19:25,9:54,M 20-24/42,M-23,470,4:20:26,48.16%
640,Sean Moran,"Irvine, CA",1329,4:19:37,9:55,M 25-29/54,M-26,471,4:21:33,48.12%
641,Shannon Grimes,"Studio City, CA",1340,4:19:50,9:55,F 25-29/31,F-26,170,4:25:40,52.12%
642,Carol Sun,"Playa Vista, CA",281,4:19:53,9:55,F 25-29/32,F-29,171,4:30:19,52.11%
643,Hans Ghaffari,"Santa Monica, CA",1981,4:19:53,9:55,M 45-49/57,M-47,472,4:22:27,52.26%
644,Tom Hosner,"Trabuco Canyon, CA",1433,4:19:59,9:55,M 55-59/19,M-59,473,4:28:23,58.34%
645,Colleen Conlin,"Tucson, AZ",342,4:20:01,9:56,F 20-24/15,F-24,172,4:30:54,52.08%
646,Natalie Meyerson,"Santa Ana, CA",1129,4:20:09,9:56,F 40-44/30,F-42,173,4:26:18,56.02%
647,Tim Templeton,"Laguna Beach, CA",1900,4:20:12,9:56,M 45-49/58,M-45,474,4:28:36,51.30%
648,John Cappello,"San Clemente, CA",735,4:20:28,9:57,M 30-34/57,M-31,475,4:23:42,47.96%
649,Alex Trottier,"San Diego, CA",128,4:20:32,9:57,M 25-29/55,M-27,476,4:22:19,47.95%
650,Travis Dietrich,"San Diego, CA",1445,4:20:32,9:57,M 25-29/56,M-28,477,4:22:19,47.95%
651,Marissa Phatipat,"Chino Hills, CA",996,4:20:33,9:57,F 25-29/33,F-26,174,4:29:42,51.98%
652,Raul Herrera Jr,"Rancho Cucamonga, CA",1226,4:20:36,9:57,M 45-49/59,M-49,478,4:28:03,53.04%
653,Zoltan Roth,"Mission Viejo, CA",1502,4:20:40,9:57,M 40-44/91,M-40,479,4:22:44,49.11%
654,Anthony Gregerson,"Fort Irwin, CA",1600,4:20:42,9:57,M 30-34/58,M-33,480,4:21:45,47.92%
655,David Godoy,"Newport Beach, CA",1893,4:20:54,9:58,M 30-34/59,M-30,481,4:25:07,47.88%
656,J Taniguchi,"Huntington Beach, CA",608,4:20:58,9:58,M 50-54/52,M-50,482,4:35:04,53.45%
657,Steve Hernandez,"Temple City, CA",1903,4:20:59,9:58,M 40-44/92,M-42,483,4:31:59,49.87%
658,Kimani Upshur,"Temecula, CA",858,4:21:13,9:58,M 35-39/74,M-38,484,4:22:04,48.26%
659,Tahir Upshur,"Temecula, CA",1394,4:21:13,9:58,M 30-34/60,M-30,485,4:22:04,47.82%
660,Eric Nelson,"Anaheim, CA",1686,4:21:27,9:59,M 20-24/43,M-23,486,4:21:48,47.78%
661,Stephanie Taylor,"Bel Air, MD",1363,4:21:28,9:59,F 20-24/16,F-21,175,4:33:32,51.79%
662,Kelly Rios,"Brea, CA",1714,4:21:35,9:59,F 40-44/31,F-40,176,4:29:32,54.54%
663,Trish Harding,"Brea, CA",1448,4:21:36,9:59,F 35-39/35,F-39,177,4:29:33,54.03%
664,George Hernandez,"Germantown, TN",546,4:21:40,9:59,M 55-59/20,M-57,487,4:33:14,56.86%
665,Michelle Fisher,"Los Angeles, CA",1092,4:21:48,10:00,F 25-29/34,F-27,178,4:25:26,51.73%
666,Satiro De Oliveira,"Los Angeles, CA",1568,4:22:01,10:00,M 35-39/75,M-38,488,4:27:48,48.11%
667,John Patton,"Irvine, CA",749,4:22:04,10:00,M 35-39/76,M-39,489,4:28:14,48.44%
668,Derek Baird,"Fort Irwin, CA",1519,4:22:08,10:00,M 35-39/77,M-35,490,4:23:11,47.66%
669,Max Schaefers,"Los Angeles, CA",1039,4:22:09,10:00,M 40-44/93,M-44,491,4:27:49,50.48%
670,Andres Onetto,"Monterey Park, CA",1845,4:22:10,10:00,M 25-29/57,M-27,492,4:25:27,47.65%
671,Ellize Ergina,"Yorba Linda, CA",1582,4:22:11,10:00,F 20-24/17,F-24,179,4:25:27,51.65%
672,Fausto Rowlan,"La Mirada, CA",515,4:22:20,10:01,M 45-49/60,M-49,493,4:27:28,52.69%
673,Rajan Christian,"Mira Loma, CA",1216,4:22:21,10:01,M 40-44/94,M-40,494,4:28:39,48.79%
674,Min Chae,"Buena Park, CA",1106,4:22:26,10:01,M 50-54/53,M-54,495,4:26:13,55.12%
675,Elizabeth Clark,"Los Angeles, CA",480,4:22:28,10:01,F 16-19/5,F-19,180,4:23:48,51.93%
676,Miguel Muniz,"Lake Forest, CA",1099,4:22:31,10:01,M 35-39/78,M-38,496,4:25:47,48.02%
677,Julie Smith,"Corona, CA",89,4:22:42,10:02,F 45-49/21,F-45,181,4:24:09,57.50%
678,Karen Askenaze,"Fountain Valley, CA",800,4:22:45,10:02,F 35-39/36,F-36,182,4:26:55,52.62%
679,Chuck Coe,"Irvine, CA",334,4:22:55,10:02,M 60-64/10,M-64,497,4:30:47,60.64%
680,Cathy Tische,"Redondo Beach, CA",1753,4:22:56,10:02,F 40-44/32,F-44,183,4:33:49,56.76%
681,Costica Sandu,"Irvine, CA",1895,4:22:57,10:02,M 50-54/54,M-52,498,4:25:22,54.01%
682,Christy Hotaling,"Santa Monica, CA",1620,4:22:58,10:02,F 25-29/35,F-29,184,4:27:09,51.50%
683,Jr Means,"Corona Del Mar, CA",784,4:22:58,10:02,M 40-44/95,M-44,499,4:26:18,50.33%
684,Brand Lemaitre,"Denver, CO",1653,4:23:00,10:02,M 35-39/79,M-35,500,4:28:22,47.50%
685,Mark Lisak,"Olathe, CO",1655,4:23:00,10:02,M 50-54/55,M-53,501,4:28:22,54.49%
686,Brant Stewart,"Marina Del Rey, CA",235,4:23:01,10:02,M 25-29/58,M-29,502,4:26:36,47.50%
687,Kenneth Zimmerman,"Laguna Hills, CA",837,4:23:05,10:03,M 35-39/80,M-36,503,4:25:01,47.54%
688,Cyrus Manuel,"Irvine, CA",1836,4:23:10,10:03,M 25-29/59,M-27,504,4:24:05,47.47%
689,Juho Lee,"Manhattan Beach, CA",1830,4:23:16,10:03,M 55-59/21,M-56,505,4:23:54,55.99%
690,Christopher Begg,"Elk Grove, CA",322,4:23:25,10:03,M 40-44/96,M-40,506,4:28:34,48.60%
691,Charles Massaro,"San Juan Capistrano, CA",296,4:23:32,10:04,M 45-49/61,M-48,507,4:27:37,51.99%
692,Marcella Lamar,"Whittier, CA",981,4:23:35,10:04,F 45-49/22,F-48,185,4:25:10,59.48%
693,Noel Turner,"Aliso Viejo, CA",1149,4:23:36,10:04,M 55-59/22,M-55,508,4:25:23,55.39%
694,Lisa Eisler,"Sherman Oaks, CA",1580,4:23:51,10:04,F 35-39/37,F-39,186,4:25:11,53.57%
695,Stephanie Levine,"Los Angeles, CA",1362,4:23:51,10:04,F 25-29/36,F-28,187,4:29:15,51.33%
696,Tam Nihei,"Los Angeles, CA",1395,4:23:51,10:04,M 35-39/81,M-35,509,4:29:15,47.35%
697,Andrea Brockmeier,"Laguna Niguel, CA",1800,4:23:55,10:04,F 40-44/33,F-41,188,4:26:43,54.61%
698,Kyle Wicks,"Newport Beach, CA",1775,4:24:00,10:05,M 25-29/60,M-28,510,4:29:09,47.32%
699,Kang-Ning Hwang,"Rowland Heights, CA",799,4:24:03,10:05,F 25-29/37,F-29,189,4:29:03,51.29%
700,Don Thomas,"San Diego, CA",1988,4:24:14,10:05,M 50-54/56,M-53,511,4:33:25,54.24%
801,Emmanuel Nsereko,"Anaheim, CA",1944,4:34:31,10:29,M 30-34/68,M-32,571,4:36:37,45.51%
802,Robbie Ladrillono,"San Diego, CA",1952,4:34:31,10:29,M 30-34/69,M-31,572,4:40:07,45.51%
803,Alex Sytnyk,"Corona Del Mar, CA",127,4:34:32,10:29,M 70-74/2,M-72,573,4:40:31,63.33%
804,Corey Towne,"Riverside, CA",349,4:34:38,10:29,M 25-29/67,M-25,574,4:44:28,45.49%
805,Lindsay Deibler,"Buena Park, CA",1953,4:34:44,10:29,F 25-29/44,F-28,231,4:38:54,49.29%
806,Jenna Thielen,"Gilbert, AZ",675,4:34:46,10:29,F 25-29/45,F-25,232,4:41:11,49.29%
807,David Ramirez,"El Segundo, CA",1711,4:34:47,10:29,M 40-44/104,M-41,575,4:46:53,46.97%
808,Herbert Scherl,"Costa Mesa, CA",585,4:34:47,10:29,M 35-39/89,M-39,576,4:42:34,46.20%
809,April Buchner,"Santa Ana, CA",185,4:34:48,10:29,F 45-49/27,F-45,233,4:38:58,54.97%
810,Phat Nguyen,"Santa Ana, CA",1197,4:34:56,10:30,M 60-64/14,M-61,577,4:37:11,56.27%
811,Maria Alfaro,"Buena Park, CA",988,4:35:16,10:30,F 35-39/46,F-39,234,4:37:47,51.35%
812,Gary Regalado,"Santa Ana, CA",541,4:35:31,10:31,M 45-49/69,M-46,578,4:42:15,48.87%
813,Adria Finch,"Mount Vernon, WA",112,4:35:33,10:31,F 20-24/24,F-21,235,4:46:36,49.15%
814,Ivan Pierra,"Yorba Linda, CA",605,4:35:46,10:32,M 40-44/105,M-43,579,4:40:38,47.59%
815,Gary Hill,"Irvine, CA",538,4:35:48,10:32,M 40-44/106,M-41,580,4:37:08,46.80%
816,Kyle Ashby,"Hawthorne, CA",1514,4:35:58,10:32,F 20-24/25,F-24,236,4:40:41,49.07%
817,Stuart Parkes,"New York, NY",1383,4:36:08,10:32,M 30-34/70,M-34,581,4:48:59,45.24%
818,William Cattaneo,"Laguna Niguel, CA",48,4:36:14,10:33,M 45-49/70,M-48,582,4:37:15,49.60%
819,Erica Cattaneo,"Laguna Niguel, CA",49,4:36:15,10:33,F 40-44/39,F-43,237,4:37:16,53.38%
820,Devin Mudge,"Redlands, CA",433,4:36:18,10:33,M 45-49/71,M-49,583,4:49:00,50.03%
821,Craig Reese,"Costa Mesa, CA",353,4:36:18,10:33,M 45-49/72,M-45,584,4:41:59,48.31%
822,Leticia Agado-Rocha,"Oceanside, CA",922,4:36:27,10:33,F 35-39/47,F-39,238,4:39:28,51.13%
823,John Kerr,"Usaf Academy, CO",743,4:36:29,10:33,M 20-24/48,M-21,585,4:43:46,45.39%
824,Leobardo Orona,"Long Beach, CA",1698,4:36:30,10:33,M 30-34/71,M-31,586,4:40:49,45.18%
825,Todd Baesel,"Tustin, CA",1427,4:36:33,10:33,M 35-39/90,M-37,587,4:38:37,45.35%
826,Stanley Choi,"Tujunga, CA",1359,4:36:45,10:34,M 50-54/63,M-52,588,4:40:27,51.31%
827,Santos Beas,"La Mirada, CA",1524,4:36:55,10:34,M 60-64/15,M-60,589,4:37:16,55.32%
828,Michael Ratzlaff,"Huntington Beach, CA",1073,4:37:06,10:35,M 16-19/17,M-18,590,4:47:35,46.89%
829,Arthur Black,"Placentia, CA",194,4:37:20,10:35,M 30-34/72,M-32,591,4:38:33,45.04%
830,Michael Dixon,"Fountain Valley, CA",1067,4:37:31,10:36,M 25-29/68,M-28,592,4:50:07,45.02%
831,Margot Rabbitt,"Tustin, CA",986,4:37:35,10:36,F 45-49/28,F-46,239,4:46:30,55.09%
832,Dean Tan,"Irvine, CA",416,4:37:35,10:36,M NoAge/4,M-0,593,4:50:12, 0.00%
833,Brittani Tran,"Anaheim, CA",16,4:37:40,10:36,F 35-39/48,F-36,240,4:39:53,49.79%
834,Valentin Pedroza,"Anaheim, CA",1457,4:37:47,10:36,M 25-29/69,M-29,594,4:47:00,44.97%
835,John Kulisich,"Orange, CA",744,4:37:53,10:36,M 55-59/28,M-59,595,4:39:37,54.58%
836,Jens Hudson,"Tustin, CA",690,4:37:54,10:36,M 40-44/107,M-42,596,4:46:29,46.83%
837,Victor Duyan,"Yorba Linda, CA",1464,4:38:06,10:37,M 45-49/73,M-45,597,4:38:59,48.00%
838,Dona McBride,"Long Beach, CA",450,4:38:20,10:37,F 55-59/6,F-59,241,4:43:40,65.41%
839,Mary Mallon,"Mission Viejo, CA",1021,4:38:23,10:38,F 35-39/49,F-36,242,4:44:38,49.66%
840,Rebecca Hopeck,"Denver, CO",1617,4:38:23,10:38,F 30-34/27,F-31,243,4:50:24,48.73%
841,Jean Pasco,"Costa Mesa, CA",53,4:38:39,10:38,F 50-54/13,F-53,244,4:40:37,60.06%
842,Chris Herber,"Aliso Viejo, CA",1610,4:38:48,10:39,M 20-24/49,M-21,598,4:40:15,45.01%
843,Yesenia Castillo,"Santa Ana, CA",1493,4:38:49,10:39,F 20-24/26,F-23,245,4:47:28,48.57%
844,Nicole Schumann,"Long Beach, CA",1141,4:38:50,10:39,F 25-29/46,F-28,246,4:46:55,48.57%
845,Tatsuya Hattori,"Torrance, CA",1396,4:38:57,10:39,M 35-39/91,M-39,599,4:45:15,45.51%
846,Kristin Brockshus,"North Las Vegas, NV",879,4:38:59,10:39,F 30-34/28,F-31,247,4:47:45,48.63%
847,Dean Graham,"Henderson, NV",1598,4:39:00,10:39,M 20-24/50,M-23,600,4:47:45,44.78%
848,Miranda Loflin,"Clovis, CA",1109,4:39:01,10:39,F 20-24/27,F-21,248,4:53:35,48.54%
849,Kauitha Bhatia,"Beverly Hills, CA",823,4:39:18,10:40,F 30-34/29,F-33,249,4:46:46,48.82%
850,Sue Bertoldo,"Pueblo West, CO",1384,4:39:30,10:40,F 45-49/29,F-45,250,4:50:22,54.05%
851,Louis Mo,"La Crescenta, CA",955,4:39:33,10:40,M 45-49/74,M-46,601,4:40:24,48.16%
852,Ed Kowalchuk,"Huntington Beach, CA",465,4:39:33,10:40,M 45-49/75,M-47,602,4:45:41,48.59%
853,Rob Freedlander,"Irvine, CA",1255,4:39:33,10:40,M 45-49/76,M-49,603,4:45:41,49.45%
854,Sumalee Sangsurasar,"Pasadena, CA",1386,4:39:36,10:40,M NoAge/5,M-0,604,4:47:42, 0.00%
855,Joseph Taricani,"Newport Beach, CA",779,4:39:46,10:41,M 50-54/64,M-52,605,4:46:24,50.76%
856,Jok Jok,"Los Angeles, CA",1827,4:39:50,10:41,M 45-49/77,M-46,606,4:44:29,48.11%
857,Carol Chen,"Lake Forest, CA",278,4:40:01,10:41,F 30-34/30,F-34,251,4:47:37,48.88%
858,Cara Lewis,"San Clemente, CA",1654,4:40:02,10:41,F 20-24/28,F-21,252,4:43:41,48.36%
859,Gil Corpin,"Corona, CA",1805,4:40:11,10:42,M 35-39/92,M-37,607,4:44:00,44.77%
860,Stephen Sigl,"Venice, CA",1739,4:40:26,10:42,M 30-34/73,M-33,608,4:52:08,44.55%
861,Roy Gamiz,"Oceanside, CA",1970,4:40:27,10:42,M 25-29/70,M-29,609,4:44:24,44.54%
862,Kristi Ritchey,"West Hollywood, CA",878,4:40:27,10:42,F 25-29/47,F-29,253,4:46:49,48.29%
863,Norman Suguitan,"San Diego, CA",1153,4:40:32,10:42,M 45-49/78,M-45,610,4:42:09,47.58%
864,Rick Sanford,"Corona, CA",1250,4:40:37,10:43,M 50-54/65,M-53,611,4:48:22,51.07%
865,Thomas McQueen,"Bakersfield, CA",1409,4:40:44,10:43,M 35-39/93,M-35,612,4:46:10,44.50%
866,Priscilla Fowler,"Trenton, NJ",1209,4:40:45,10:43,F 16-19/7,F-19,254,4:45:57,48.55%
867,Ashley West,"Orange, CA",207,4:40:45,10:43,F 20-24/29,F-22,255,4:45:57,48.24%
868,Jacques Barralon,"Laguna Niguel, CA",617,4:40:48,10:43,M 45-49/79,M-47,613,4:41:22,48.37%
869,Keith Lovendosky,"Santa Monica, CA",38,4:40:49,10:43,M 50-54/66,M-54,614,4:46:09,51.51%
870,Jacob Godfrey,"Irvine, CA",613,4:40:54,10:43,M 30-34/74,M-34,615,4:44:44,44.47%
871,Sharon Rodarte,"San Clemente, CA",1718,4:40:54,10:43,F 45-49/30,F-46,256,4:49:03,54.44%
872,Louise Thornber,"San Clemente, CA",956,4:40:54,10:43,F 40-44/40,F-41,257,4:49:03,51.31%
873,William Walker,"Claremont, CA",1864,4:40:55,10:43,M 55-59/29,M-56,616,4:50:17,52.47%
874,Esther Reynoso,"Santa Ana, CA",508,4:41:10,10:44,F NoAge/2,F-0,258,4:43:05, 0.00%
875,Rachel Lucas,"Corona, CA",1661,4:41:14,10:44,F 35-39/50,F-38,259,4:43:54,49.85%
876,Bridget Zorn,"Saint Louis, MO",250,4:41:24,10:44,F 35-39/51,F-36,260,4:49:28,49.13%
877,Steven Robert,"Georgetown, TX",1381,4:41:26,10:45,M 40-44/108,M-40,617,4:47:20,45.48%
878,Edgar Jauregui,"Placentia, CA",468,4:41:43,10:45,M 30-34/75,M-32,618,5:14:12,44.34%
879,Chuck Stephan,"Irvine, CA",337,4:41:46,10:45,M 45-49/80,M-49,619,4:46:57,49.06%
880,Charles Ginsburg,"Huntington Beach, CA",294,4:41:48,10:45,M 45-49/81,M-46,620,4:44:59,47.78%
881,Chelsea Morawa,"Costa Mesa, CA",300,4:42:01,10:46,F 25-29/48,F-29,261,4:47:01,48.02%
882,Michelle Adrian,"Santa Ana, CA",1086,4:42:08,10:46,F 35-39/52,F-39,262,4:50:34,50.10%
883,Doni Adrian,"Santa Ana, CA",455,4:42:09,10:46,M 35-39/94,M-38,621,4:50:35,44.68%
884,Charles Pearce,"Huntington Beach, CA",297,4:42:19,10:47,M 60-64/16,M-61,622,4:50:44,54.80%
885,Christopher Johnson,"Irvine, CA",326,4:42:22,10:47,M 25-29/71,M-29,623,4:46:59,44.24%
886,Kyle Anderson,"Atlanta, GA",887,4:42:25,10:47,M 25-29/72,M-26,624,4:49:54,44.23%
887,Lena Kobayashi,"Orange, CA",915,4:42:27,10:47,F 40-44/41,F-44,263,4:50:51,52.84%
888,Kristina Hollands,"Highland, CA",881,4:42:29,10:47,F 30-34/31,F-32,264,4:48:06,48.12%
889,Keith Jones,"Visalia, CA",825,4:42:34,10:47,M 35-39/95,M-36,625,4:44:48,44.26%
890,Cale Skagen,"Lake Tapps, WA",1858,4:42:45,10:48,M 16-19/18,M-19,626,4:43:55,45.29%
891,Jeanette Murillo,"Rancho Santa Margarita, CA",660,4:42:50,10:48,F 45-49/31,F-47,265,4:50:27,54.74%
892,Jennie Haak,"Long Beach, CA",676,4:42:51,10:48,F 20-24/30,F-24,266,4:53:09,47.88%
893,Brett Booth,"Las Vegas, NV",239,4:42:54,10:48,M 40-44/109,M-43,627,4:47:49,46.39%
894,Stephen Norton,"San Diego, CA",1901,4:43:01,10:48,M 50-54/67,M-54,628,4:51:07,51.11%
895,Yasu Ozeki,"Long Beach, CA",1491,4:43:02,10:48,M 35-39/96,M-39,629,4:45:21,44.86%
896,Jillian Walls,"Lake Forest, CA",707,4:43:03,10:48,F 20-24/31,F-24,267,4:49:27,47.84%
897,Michelle Mecham,"Placentia, CA",1094,4:43:19,10:49,F 30-34/32,F-32,268,4:45:44,47.98%
898,Bryan Nielsen,"Aliso Viejo, CA",258,4:43:38,10:50,M 35-39/97,M-37,630,4:46:15,44.22%
899,Michael Fettig,"Aliso Viejo, CA",1585,4:43:39,10:50,M 35-39/98,M-36,631,4:46:15,44.09%
900,Jason Pierce,"Santee, CA",1971,4:43:42,10:50,M 30-34/76,M-31,632,4:47:43,44.03%
901,Michael Larkin,"Fountain Valley, CA",1070,4:43:48,10:50,M 60-64/17,M-63,633,4:45:17,55.61%
902,Silverio Rivas,"Alta Loma, CA",1715,4:44:01,10:50,M 50-54/68,M-52,634,4:46:11,50.00%
903,Amy Kelly,"Englewood, CO",153,4:44:22,10:51,F 30-34/33,F-30,269,4:52:39,47.64%
904,Donald Austin,"Laguna Beach, CA",1516,4:44:25,10:51,M 35-39/99,M-39,635,4:50:29,44.64%
905,Nancy Yauo,"Foothill Ranch, CA",1128,4:44:29,10:51,F 45-49/32,F-48,270,4:52:22,55.11%
906,Kim Byce,"Los Angeles, CA",1540,4:44:49,10:52,F 35-39/53,F-37,271,4:49:20,48.86%
907,Jennifer Bagley,"Yorba Linda, CA",1994,4:44:55,10:53,F 20-24/32,F-22,272,4:47:35,47.53%
908,Rodrigo Tamayo,"Oceanside, CA",1275,4:45:02,10:53,M 25-29/73,M-27,636,4:47:13,43.83%
909,Nicole Stone,"Trabuco Canyon, CA",1142,4:45:06,10:53,F 30-34/34,F-32,273,4:52:01,47.68%
910,Melissa Gallagher,"Corona, CA",1590,4:45:15,10:53,F 40-44/42,F-41,274,4:52:20,50.53%
911,Leen Tan,"Los Angeles, CA",913,4:45:17,10:53,F 25-29/49,F-25,275,4:52:32,47.47%
912,Sara Gibbons,"Chino Hills, CA",1316,4:45:23,10:54,F 45-49/33,F-48,276,4:49:50,54.94%
913,Leonardo Sanchez Sanchez,"MEX, ",918,4:45:29,10:54,M 45-49/82,M-49,637,4:51:52,48.42%
914,Carlos Frias,"Escondido, CA",272,4:45:31,10:54,M 25-29/74,M-25,638,4:58:49,43.75%
915,Michael Wan,"Corona Del Mar, CA",1079,4:45:36,10:54,M 55-59/30,M-58,639,4:50:33,52.60%
916,Michael Alcala,"Santa Ana, CA",1057,4:45:36,10:54,M 40-44/110,M-43,640,4:56:39,45.95%
917,Heather Naef-Owen,"San Clemente, CA",578,4:45:47,10:54,F 35-39/54,F-38,277,4:49:32,49.06%
918,Michelle Amescua,"Costa Mesa, CA",1088,4:45:50,10:55,F 30-34/35,F-31,278,4:53:30,47.46%
919,Robert Clark,"Riverside, CA",31,4:45:58,10:55,M 50-54/69,M-54,641,4:50:56,50.58%
920,Darcey Hartigan,"Coto De Caza, CA",377,4:46:01,10:55,F 40-44/43,F-40,279,4:46:44,49.88%
921,Christina Aber-Jehn,"Waddell, AZ",316,4:46:05,10:55,F 25-29/50,F-29,280,4:54:52,47.34%
922,John Babich,"Anaheim, CA",36,4:46:11,10:55,M 40-44/111,M-44,642,4:47:20,46.24%
923,Jimmy Soto,"Cypress, CA",1743,4:46:11,10:55,M 35-39/100,M-37,643,4:46:52,43.83%
924,Marie Clark,"Temecula, CA",993,4:46:12,10:55,F 40-44/44,F-40,281,4:53:40,49.85%
925,Rony Djoenaedi,"Hacienda Heights, CA",1574,4:46:15,10:56,M 35-39/101,M-37,644,4:57:34,43.82%
926,Michael Banks,"Camp Pendelton, CA",1520,4:46:16,10:56,M 20-24/51,M-21,645,4:56:26,43.84%
927,Jakob Herrmann,"Anaheim, CA",624,4:46:28,10:56,M 35-39/102,M-38,646,4:53:11,44.00%
928,Julienne Marie Palbusa,"Irvine, CA",796,4:46:45,10:57,F 25-29/51,F-25,282,4:50:05,47.23%
929,Kelly Joiner,"Tujunga, CA",831,4:46:51,10:57,F 45-49/34,F-48,283,4:56:22,54.65%
930,Ana Marinoff,"Rialto, CA",1666,4:46:55,10:57,F 40-44/45,F-44,284,4:52:13,52.02%
931,Curtis Stephan,"Mission Viejo, CA",357,4:47:05,10:57,M 45-49/83,M-46,647,4:52:18,46.90%
932,Adam Wiley,"Indianapolis, IN",110,4:47:05,10:57,M 25-29/75,M-27,648,4:55:11,43.51%
933,Marwan Ataya,"Glendale, CA",1016,4:47:09,10:58,M 45-49/84,M-48,649,4:48:13,47.71%
934,Caryn Nguyen,"Tustin, CA",286,4:47:18,10:58,F 40-44/46,F-43,285,4:54:50,51.33%
935,Won Young Cho,"Los Angeles, CA",1490,4:47:19,10:58,M 45-49/85,M-47,650,5:00:45,47.27%
936,Jacob Brown,"Wrightsville Beach, NC",611,4:47:24,10:58,M 25-29/76,M-25,651,4:55:29,43.47%
937,Jim Sterling,"Manhattan Beach, CA",713,4:47:28,10:58,M 55-59/31,M-55,652,4:58:44,50.79%
938,Poli Hernandez,"Sunland, CA",1207,4:47:32,10:58,M 60-64/18,M-60,653,4:57:02,53.28%
939,Tom Donahue,"Ladera Ranch, CA",1431,4:47:33,10:59,M 30-34/77,M-32,654,4:56:02,43.44%
940,John Kassabian,"Huntington Beach, CA",1635,4:47:37,10:59,M 60-64/19,M-62,655,4:59:19,54.33%
941,Carolyn Soylular,"Laguna Beach, CA",1860,4:47:43,10:59,F 35-39/55,F-37,286,4:55:27,48.37%
942,Robert Albrecht,"Mission Viejo, CA",1258,4:47:46,10:59,M 45-49/86,M-49,656,4:53:17,48.03%
943,Rama Tampubolon,"Riverside, CA",1749,4:47:58,10:59,M 25-29/77,M-26,657,4:48:14,43.38%
944,Frederick Rozo,"San Juan Capistrano, CA",529,4:48:05,11:00,M 55-59/32,M-59,658,4:49:27,52.65%
945,Ken Duncan,"Los Angeles, CA",1579,4:48:08,11:00,M 30-34/78,M-30,659,4:54:39,43.36%
946,Jason Amar,"Huntington Beach, CA",1511,4:48:13,11:00,M 35-39/103,M-35,660,4:56:21,43.34%
947,Cynthia Mader,"Costa Mesa, CA",358,4:48:15,11:00,F 40-44/47,F-44,287,4:56:49,51.78%
948,Melissa Angert,"Hawthorne, CA",1053,4:48:20,11:00,F 25-29/52,F-26,288,4:58:03,46.97%
949,Darryl Takeda,"Rancho Santa Margarita, CA",383,4:48:28,11:01,M 45-49/87,M-46,661,4:49:40,46.67%
950,Sarkis Defterderian,"Glendale, CA",1321,4:48:28,11:01,M 45-49/88,M-48,662,4:56:30,47.50%
951,Jill La Ferriere,"Coto De Caza, CA",705,4:48:29,11:01,F 35-39/56,F-39,289,4:49:12,48.99%
952,Lan Bui,"Westminster, CA",892,4:48:29,11:01,F 30-34/36,F-34,290,4:53:12,47.44%
953,Carlos Franco,"Dayton, NV",271,4:48:32,11:01,M 30-34/79,M-30,663,4:51:20,43.30%
954,Nancy Degregori,"Laguna Niguel, CA",1931,4:48:37,11:01,F 25-29/53,F-29,291,5:03:03,46.92%
955,Danny McKie,"Huntington Beach, CA",376,4:48:52,11:02,M 25-29/78,M-26,664,4:53:40,43.25%
956,Ashley Santoostaroam,"Goleta, CA",205,4:48:55,11:02,F 20-24/33,F-21,292,4:54:53,46.87%
957,Karen Nelson,"Corvallis, MT",1687,4:49:54,11:04,F 40-44/48,F-40,293,4:58:28,49.21%
958,Bridget Gonzalez,"Capistrano Beach, CA",1595,4:49:56,11:04,F 35-39/57,F-38,294,4:58:08,48.35%
959,Tom Eaton,"Newport, RI",1432,4:50:13,11:05,M 25-29/79,M-28,665,5:02:30,43.05%
960,Todd Johnson,"Costa Mesa, CA",1428,4:50:17,11:05,M 35-39/104,M-36,666,4:58:05,43.08%
961,Andrea Emmons,"Huntington Beach, CA",158,4:50:23,11:05,F 20-24/34,F-23,295,4:59:26,46.64%
962,Anthony Pugliese,"Moorpark, CA",183,4:50:39,11:06,M 30-34/80,M-31,667,4:58:24,42.98%
963,Osmund Nogra,", CA",1156,4:50:53,11:06,M 25-29/80,M-28,668,4:55:27,42.95%
964,Brandy Garma,"Henderson, NV",234,4:51:05,11:07,F 25-29/54,F-28,296,4:59:31,46.52%
965,Gong Liu,"Torrance, CA",557,4:51:18,11:07,M 50-54/70,M-51,669,4:53:00,48.31%
966,Andrew SimcOck,"Aspen, CO",164,4:51:24,11:07,M 55-59/33,M-56,670,4:58:08,50.58%
967,Jason Schauer,"Granada Hills, CA",1731,4:51:25,11:07,M 40-44/112,M-40,671,4:53:58,43.93%
968,Jacquelyn Brown,"Oceanside, CA",615,4:51:44,11:08,F 30-34/37,F-33,297,5:02:09,46.73%
969,Roanna Victorio,"Irvine, CA",1254,4:51:56,11:09,F 35-39/58,F-38,298,5:05:46,48.02%
970,Renato Lopes Junior,"BRA, ",1234,4:52:05,11:09,M 30-34/81,M-34,672,5:00:10,42.77%
971,Han Lin,"Duarte, CA",575,4:52:14,11:09,M 50-54/71,M-51,673,4:55:20,48.15%
972,Ronald Kageyama,"Los Angeles, CA",1965,4:52:14,11:09,M 45-49/89,M-47,674,5:00:22,46.48%
973,Pamela Wade,"Irvine, CA",1163,4:52:23,11:10,F 50-54/14,F-53,299,5:00:08,57.23%
974,Brian Muma,"Fullerton, CA",245,4:52:30,11:10,M 50-54/72,M-50,675,5:03:28,47.68%
975,Heath Clements,"Yorba Linda, CA",1555,4:52:32,11:10,M 40-44/113,M-44,676,4:57:58,45.24%
976,Jimmy Bagley,"Fullerton, CA",1791,4:52:35,11:10,M 20-24/52,M-24,677,4:55:14,42.70%
977,Kirk Cole,"Dana Point, CA",865,4:52:44,11:10,M 50-54/73,M-50,678,4:58:50,47.65%
978,Greg Hunt,"Corona Del Mar, CA",560,4:52:59,11:11,M 40-44/114,M-44,679,5:00:58,45.17%
979,Denise Schulmeyer,"San Diego, CA",1735,4:53:04,11:11,F 45-49/35,F-46,300,5:01:03,52.18%
980,Ashley Castaneda,"Brea, CA",200,4:53:10,11:11,F 25-29/55,F-26,301,4:55:39,46.19%
981,Mark Fiocco,"Irvine, CA",1002,4:53:12,11:11,M 35-39/105,M-36,680,5:05:29,42.65%
982,Carlos Puente,"Inglewood, CA",274,4:53:14,11:12,M 50-54/74,M-50,681,5:03:02,47.56%
983,Charles Oberosler,"Pasadena, CA",1697,4:53:18,11:12,M 30-34/82,M-31,682,4:59:49,42.59%
984,David Eddy,"Irvine, CA",394,4:53:22,11:12,M 40-44/115,M-41,683,5:03:51,44.00%
985,David Walters,"Huntington Beach, CA",409,4:53:22,11:12,M 25-29/81,M-29,684,4:58:45,42.58%
986,Vanessa Dunlap,"Newport Beach, CA",1460,4:53:28,11:12,F 20-24/35,F-24,302,4:56:59,46.15%
987,Edmund Fajardo,"Signal Hill, CA",470,4:53:45,11:13,M 50-54/75,M-53,685,4:56:31,48.79%
988,Jaime Huling Delaye,"Los Angeles, CA",620,4:54:03,11:13,F 25-29/56,F-27,303,5:05:19,46.05%
989,Alicynne Chaney,"Clovis, CA",1550,4:54:11,11:14,F 30-34/38,F-34,304,4:59:59,46.52%
990,Emile Coy,"Corona, CA",484,4:54:19,11:14,M NoAge/6,M-0,686,4:54:38, 0.00%
991,Pattie Hoffman,"Redlands, CA",1171,4:54:23,11:14,F 45-49/36,F-45,305,4:56:33,51.31%
992,Robert Plunkett,"Lancaster, CA",1264,4:54:24,11:14,M 55-59/34,M-58,687,4:54:43,51.03%
993,Thaddeus Puccini,"Glendale, CA",1405,4:54:28,11:14,M 35-39/106,M-38,688,4:59:20,42.81%
994,Daniel Carranza,"Inglewood, CA",367,4:54:37,11:15,M 16-19/19,M-17,689,4:56:20,44.75%
995,Ranilo Tuazon,"Anaheim, CA",1223,4:54:39,11:15,M 40-44/116,M-41,690,4:57:40,43.81%
996,Kim Kerr,"Lake Elsinore, CA",853,4:54:40,11:15,F 30-34/39,F-32,306,5:04:41,46.13%
997,Jennifer McLain,"Monrovia, CA",682,4:54:46,11:15,F 25-29/57,F-27,307,5:05:02,45.94%
998,Lorenzo Flores,"Inglewood, CA",947,4:54:47,11:15,M 16-19/20,M-16,691,4:56:29,45.45%
999,Jason Gonterman,"Huntington Beach, CA",1818,4:54:47,11:15,M 35-39/107,M-36,692,5:02:37,42.42%
1000,Anthony Lucia,"Santa Ana, CA",180,4:55:33,11:17,M 40-44/117,M-44,693,4:56:46,44.78%
1001,Andrew Yu-Chih,"Fullerton, CA",165,4:55:34,11:17,M 16-19/21,M-19,694,5:05:21,43.33%
1002,Michel Mazouz Md,"Los Angeles, CA",1084,4:55:37,11:17,M 50-54/76,M-52,695,4:56:47,48.04%
1003,Carol Hausauer,"Beaverton, OR",279,4:55:39,11:17,F 50-54/15,F-51,308,5:05:11,55.11%
1004,Evelyn Baek,"Fullerton, CA",512,4:55:39,11:17,F 25-29/58,F-25,309,5:05:52,45.81%
1005,Darrah Morgan,"Diamond Bar, CA",380,4:55:42,11:17,F 40-44/49,F-44,310,5:02:15,50.47%
1006,Jodie Kase,"Manhattan Beach, CA",722,4:55:50,11:17,F 35-39/59,F-36,311,5:06:50,46.74%
1007,Gregory Switzer,"Costa Mesa, CA",567,4:55:53,11:18,M 25-29/82,M-26,696,5:00:29,42.22%
1008,Angela Cassidy,"Fountain Valley, CA",170,4:55:56,11:18,F 40-44/50,F-43,312,5:08:02,49.83%
1009,Jill Jan,"El Cajon, CA",1825,4:56:06,11:18,F 45-49/37,F-49,313,5:06:03,53.62%
1010,Spencer Sutherland,"Anaheim, CA",1357,4:56:07,11:18,M 45-49/90,M-45,697,5:06:03,45.08%
1011,Desiree Olivas,"Fullerton, CA",431,4:56:08,11:18,F 45-49/38,F-47,314,5:06:29,52.28%
1012,Joseph Stapleton,"Newport Beach, CA",778,4:56:13,11:18,M 25-29/83,M-26,698,5:03:37,42.17%
1013,Jennifer Ratzlaff,"Newport Beach, CA",685,4:56:19,11:19,F 35-39/60,F-38,315,5:04:38,47.31%
1014,Dan Crowther,"San Dimas, CA",364,4:56:22,11:19,M 35-39/108,M-36,699,5:02:11,42.20%
1015,Meagan McBain,"Tustin, CA",1041,4:56:24,11:19,F 30-34/40,F-33,316,5:00:01,46.00%
1016,Russell Hill,"Irvine, CA",1294,4:56:40,11:19,M 45-49/91,M-45,700,5:02:39,45.00%
1017,Yen Darcy,"Placentia, CA",1492,4:56:42,11:19,F 50-54/16,F-53,317,4:59:07,56.40%
1018,Lee Markley,"Anaheim, CA",912,4:56:48,11:20,M 60-64/20,M-62,701,4:58:54,52.65%
1019,Guillermina Montanchez,"Irvine, CA",569,4:56:49,11:20,F 40-44/51,F-40,318,5:06:56,48.06%
1020,Paul Montanchez,"Irvine, CA",1181,4:56:49,11:20,M 40-44/118,M-42,702,5:06:56,43.85%
1021,Amanda Liberty,"Ukiah, CA",146,4:57:02,11:20,F 20-24/36,F-20,319,5:00:17,45.63%
1022,David Pimblett,"Torrance, CA",399,4:57:02,11:20,M 50-54/77,M-50,703,5:07:21,46.96%
1023,Jimmy Yh,"Los Angeles, CA",718,4:57:11,11:21,M 50-54/78,M-54,704,5:00:53,48.67%
1024,Shannon Devaney,"Culver City, CA",1809,4:57:17,11:21,F 30-34/41,F-30,320,5:11:00,45.57%
1025,Leah Ballecer,"La Puente, CA",910,4:57:25,11:21,F 25-29/59,F-27,321,5:07:46,45.53%
1026,Corea Choi,"Anaheim, CA",347,4:57:50,11:22,M 45-49/92,M-46,705,5:03:21,45.21%
1027,Aurora Nagel,"Redondo Beach, CA",1683,4:57:51,11:22,F 20-24/37,F-23,322,5:05:39,45.47%
1028,Jason Kuo,"Los Angeles, CA",647,4:58:02,11:23,M 25-29/84,M-25,706,5:11:26,41.92%
1029,Arthur Otsuka,"San Pedro, CA",197,4:58:30,11:24,M 50-54/79,M-50,707,5:03:46,46.73%
1030,Gabriela Luebeck,"Temecula, CA",532,4:58:31,11:24,F 40-44/52,F-44,323,5:08:43,49.99%
1031,Rami Zwick,"Riverside, CA",1219,4:58:32,11:24,M 55-59/35,M-57,708,5:06:01,49.84%
1032,Nathaniel Caruso Caruso,"Murrieta, CA",1133,4:58:36,11:24,M 35-39/109,M-35,709,5:01:13,41.84%
1033,Jennifer Kidwell,"La Habra, CA",1639,4:58:49,11:24,F 30-34/42,F-34,324,5:09:19,45.80%
1034,Whitney Fairchild,"La Mirada, CA",1479,4:58:50,11:24,F 20-24/38,F-22,325,5:10:30,45.32%
1035,David Tucker,"Westland, MI",407,4:58:51,11:24,M 60-64/21,M-61,710,5:10:30,51.77%
1036,Grenda Lee,"Brea, CA",1652,4:58:56,11:25,F 35-39/61,F-39,326,5:03:52,47.28%
1037,Marcella Vellanoweth,"La Habra, CA",982,4:59:27,11:26,F 40-44/53,F-44,327,5:10:43,49.84%
1038,Michael Clark,"Fountain Valley, CA",1065,4:59:33,11:26,M 30-34/83,M-31,711,5:05:43,41.70%
1039,Esther Woods,"Monterey Park, CA",509,4:59:34,11:26,F 50-54/17,F-52,328,5:07:38,55.12%
1040,Samuel Gonzalez,"West Hollywood, CA",1596,4:59:42,11:26,M 45-49/93,M-47,712,5:01:33,45.32%
1041,Kris Magpantay,"Van Nuys, CA",871,4:59:42,11:26,M 25-29/85,M-25,713,5:09:58,41.68%
1042,Paula Hamilton,"Ontario, CA",1185,4:59:45,11:26,F 50-54/18,F-54,329,5:09:28,56.59%
1043,Gregory Brown,"San Francisco, CA",566,4:59:51,11:27,M 60-64/22,M-60,714,5:02:15,51.09%
1044,Carol Noble,"Fullerton, CA",280,4:59:52,11:27,F 55-59/7,F-55,330,5:03:13,57.35%
1045,David Trujillo,"Orange, CA",406,4:59:52,11:27,M 45-49/94,M-48,715,5:08:17,45.69%
1046,Malgorzata Sciesinski,"Laguna Niguel, CA",977,4:59:53,11:27,F 45-49/39,F-49,331,5:09:18,52.95%
1047,Myrna Rowland,"Los Angeles, CA",1122,5:00:08,11:27,F 45-49/40,F-49,332,5:00:29,52.90%
1048,Guy Morioka,"Huntington Beach, CA",573,5:00:38,11:28,M 45-49/95,M-48,716,5:04:44,45.57%
1049,Leo Leong,"City Of Industry, CA",917,5:00:40,11:29,M 30-34/84,M-32,717,5:03:08,41.55%
1050,John Doherty,"Los Angeles, CA",1575,5:01:04,11:29,M 45-49/96,M-47,718,5:07:00,45.11%
1051,Reese Ryan,"Round Rock, TX",30,5:01:11,11:30,M 30-34/85,M-34,719,5:07:29,41.48%
1052,Jennifer Genens,"Glendale, CA",679,5:01:18,11:30,F 35-39/62,F-38,333,5:08:34,46.53%
1053,Kelly Ogren,"Lake Elsinore, CA",1843,5:01:27,11:30,M 40-44/119,M-43,720,5:07:10,43.54%
1054,Lindsay Kramer,"Los Angeles, CA",931,5:01:31,11:30,F 20-24/39,F-24,334,5:03:31,44.91%
1055,Ria Rugg,"Glendale, CA",1725,5:01:34,11:31,F 65-69/1,F-65,335,5:09:39,66.19%
1056,Pendrell Hill,"Brea, CA",1946,5:01:45,11:31,M 35-39/110,M-39,721,5:12:16,42.07%
1057,Kris Winemiller,"Riverside, CA",872,5:02:06,11:32,M 30-34/86,M-31,722,5:05:18,41.35%
1058,Monica Flores,"Santa Ana, CA",1114,5:02:06,11:32,F 25-29/60,F-29,336,5:10:50,44.83%
1059,Terry Cope,"Bowie, MD",1401,5:02:10,11:32,M 55-59/36,M-55,723,5:10:29,48.32%
1060,Cynthia Morton,"Anaheim, CA",1991,5:02:13,11:32,F 40-44/54,F-41,337,5:14:23,47.69%
1061,Annette Majoue,"Chandler, AZ",1664,5:02:13,11:32,F 30-34/43,F-30,338,5:11:29,44.83%
1062,Charles Lee,"Irvine, CA",295,5:02:13,11:32,M 55-59/37,M-59,724,5:09:32,50.19%
1063,Melissa Gibson,"Los Angeles, CA",1054,5:02:14,11:32,F 25-29/61,F-27,339,5:04:13,44.81%
1064,Theresa Sanchez,"Long Beach, CA",1728,5:02:15,11:32,F 30-34/44,F-31,340,5:02:55,44.88%
1065,Leo Casco,"Irvine, CA",916,5:02:16,11:32,M 40-44/120,M-42,725,5:05:52,43.05%
1066,Todd King,"West Hills, CA",1641,5:02:31,11:33,M 45-49/97,M-48,726,5:12:07,45.29%
1067,Rachel Mackey,"Saugus, CA",1214,5:02:33,11:33,F 25-29/62,F-26,341,5:10:05,44.76%
1068,Steve Clark,"Costa Mesa, CA",1369,5:02:38,11:33,M 55-59/38,M-58,727,5:10:50,49.64%
1069,David Mueller,"Long Beach, CA",1682,5:02:46,11:33,M 45-49/98,M-46,728,5:08:12,44.47%
1070,Miguel Garcia,"La Puente, CA",1934,5:02:49,11:33,M 55-59/39,M-57,729,5:03:36,49.14%
1071,Rocky Berlanga,"Anaheim, CA",1272,5:03:01,11:34,M 30-34/87,M-33,730,5:09:00,41.23%
1072,Jennifer Ledgerwood,"Rcho Sta Marg, CA",1651,5:03:01,11:34,F 40-44/55,F-41,342,5:08:49,47.56%
1073,Brian Greene,"Anaheim, CA",243,5:03:05,11:34,M 30-34/88,M-32,731,5:09:00,41.22%
1074,Arron Percoco,"Fullerton, CA",1847,5:03:07,11:34,M 20-24/53,M-23,732,5:06:59,41.21%
1075,Moto Watanabe,"Irvine, CA",1119,5:03:08,11:34,M 35-39/111,M-37,733,5:11:20,41.38%
1076,Jerry Ellis,"Los Angeles, CA",696,5:03:43,11:36,M 45-49/99,M-46,734,5:11:28,44.33%
1077,Kathleen Demarjian,"Rancho Santa Margarita, CA",811,5:03:45,11:36,F 45-49/41,F-48,343,5:11:08,51.61%
1078,Vikki Clifford,"San Clemente, CA",1556,5:03:45,11:36,F 40-44/56,F-42,344,5:11:09,47.98%
1079,Ron Harding,"Brea, CA",1279,5:03:46,11:36,M 40-44/121,M-40,735,5:07:33,42.14%
1080,Connie Sanchez,"Huntington Beach, CA",346,5:03:54,11:36,F 35-39/63,F-38,345,5:04:53,46.13%
1081,Guadalupe Cuellar,"Perris, CA",568,5:03:55,11:36,F 35-39/64,F-35,346,5:11:34,45.25%
1082,Jonathon Dunbar,"Brea, CA",764,5:04:03,11:36,M 30-34/89,M-32,736,5:11:29,41.09%
1083,Bruce Owens,"Lawrenceville, GA",1700,5:04:15,11:37,M 60-64/23,M-62,737,5:11:39,51.36%
1084,Christina Cuellar,"Moreno Valley, CA",317,5:04:19,11:37,F 30-34/45,F-32,347,5:11:58,44.67%
1085,Frankie Andrade,"Glendale, CA",1983,5:04:26,11:37,M 30-34/90,M-31,738,5:08:24,41.03%
1086,Steve Neuvenheim,"West Hollywood, CA",1373,5:04:34,11:37,M 40-44/122,M-43,739,5:15:13,43.09%
1087,David Berrios,"Monument, CO",1525,5:04:35,11:38,M 35-39/112,M-35,740,5:11:53,41.01%
1088,Joon Shin,"Hacienda Heights, CA",5059,5:04:38,11:38,M 60-64/24,M-63,741,5:12:13,51.81%
1089,Robert Huber,"Atlanta, GA",1262,5:04:43,11:38,M 50-54/80,M-54,742,5:12:18,47.47%
1090,Kassidi Jeppesen,"San Diego, CA",807,5:04:57,11:38,F 25-29/63,F-25,348,5:07:43,44.41%
1091,Richard Najera,"Riverside, CA",1244,5:04:58,11:38,M 45-49/100,M-49,743,5:15:57,45.32%
1092,Joe Cordova,"La Puente, CA",724,5:04:59,11:38,M 60-64/25,M-61,744,5:12:02,50.73%
1093,Marlene Kogel,"Yucaipa, CA",40,5:05:02,11:39,F 40-44/57,F-40,349,5:06:21,46.77%
1094,Samantha Shawn,"Newark, DE",1309,5:05:04,11:39,F 20-24/40,F-21,350,5:17:08,44.39%
1095,Claudine Root,"Irvine, CA",340,5:05:05,11:39,F 30-34/46,F-34,351,5:18:28,44.86%
1096,Gedeon Pagarigan,"Redlands, CA",544,5:05:25,11:39,M 35-39/113,M-39,745,5:15:42,41.57%
1097,Francis Savengrith,"Santa Ana, CA",519,5:05:26,11:39,M 20-24/54,M-22,746,5:08:22,40.92%
1098,Gerald Killeen,"Ridgecrest, CA",1640,5:05:52,11:40,M 55-59/40,M-58,747,5:09:09,49.11%
1099,Garrick Gallardo,"Fountain Valley, CA",534,5:06:00,11:41,M 35-39/114,M-39,748,5:19:23,41.49%
1100,Leah Laughlin,"Bellingham, WA",911,5:06:05,11:41,F 20-24/41,F-20,352,5:17:08,44.28%
1101,Lysa Nguyen,"Irvine, CA",972,5:06:07,11:41,F 30-34/47,F-34,353,5:12:12,44.71%
1102,Steven Pitargue,"Fontana, CA",1380,5:06:17,11:41,M 25-29/86,M-27,749,5:17:48,40.79%
1103,Colette Evans,"Santa Maria, CA",341,5:06:29,11:42,F 55-59/8,F-55,354,5:11:10,56.11%
1104,Ralph Moy,"CAN, ",52,5:06:30,11:42,M 60-64/26,M-61,750,5:11:17,50.48%
1105,Joe McDonough,"Huntington Beach, CA",727,5:06:36,11:42,M 25-29/87,M-27,751,5:11:24,40.74%
1106,Julie Poore,"Las Vegas, NV",792,5:06:41,11:42,F 35-39/65,F-39,355,5:12:10,46.09%
1107,David Beebe,"Chandler, AZ",388,5:06:53,11:43,M 45-49/101,M-47,752,5:15:18,44.26%
1108,Aimee Le,"Murrieta, CA",1650,5:07:16,11:44,F 35-39/66,F-36,356,5:08:31,45.00%
1109,Phil Clark,"Carlsbad, CA",1198,5:07:36,11:44,M 40-44/123,M-43,753,5:18:09,42.67%
1110,Stacy Berry,"Cypress, CA",1793,5:07:46,11:45,F 40-44/58,F-42,357,5:19:47,47.35%
1111,Geovanna Rodriguez,"Moreno Valley, CA",549,5:07:47,11:45,F 20-24/42,F-22,358,5:14:23,44.00%
1112,Hector Aleman,"La Mirada, CA",579,5:08:32,11:47,M 35-39/115,M-37,754,5:18:01,40.65%
1113,Alain Sie,"Laguna Niguel, CA",1857,5:08:48,11:47,M 50-54/81,M-50,755,5:18:38,45.17%
1114,Pamela Belasco,"Huntington Beach, CA",1161,5:08:51,11:47,F 55-59/9,F-57,359,5:19:22,57.26%
1115,Michael Babb,"Ventura, CA",1058,5:09:02,11:48,M 45-49/102,M-49,756,5:15:10,44.73%
1116,Kathryn Lowe,"Mission Viejo, CA",816,5:09:06,11:48,F 45-49/42,F-47,360,5:19:07,50.09%
1117,Ashley Mello,"Turlock, CA",203,5:09:10,11:48,F 20-24/43,F-24,361,5:11:49,43.80%
1118,Maria Marquez,"Anaheim, CA",990,5:09:11,11:48,F 30-34/48,F-33,362,5:09:34,44.10%
1119,Cat Dengate,"Redlands, CA",28,5:09:12,11:48,F 35-39/67,F-38,363,5:12:15,45.34%
1120,Elaine Chan,"Walnut, CA",477,5:09:17,11:48,F 20-24/44,F-20,364,5:19:04,43.82%
1121,Bert Lyon,"Newport Beach, CA",218,5:09:20,11:48,M 30-34/91,M-33,757,5:12:11,40.38%
1122,Daryl Rodriguez,"Laguna Niguel, CA",384,5:10:07,11:50,M 45-49/103,M-49,758,5:17:06,44.57%
1123,Ying Luu,"San Diego, CA",1494,5:10:20,11:51,F 25-29/64,F-28,365,5:16:45,43.64%
1124,Mimi Cho,"Los Angeles, CA",1105,5:10:21,11:51,F 35-39/68,F-36,366,5:21:37,44.55%
1125,Scott Ageno,"Phoenix, AZ",1322,5:10:25,11:51,M 45-49/104,M-49,759,5:23:24,44.53%
1126,Monica Ponce,"Las Vegas, NV",1708,5:10:25,11:51,F 40-44/59,F-42,367,5:22:44,46.95%
1127,Brian Fleenor,"Long Beach, CA",1586,5:10:40,11:51,M 30-34/92,M-34,760,5:15:00,40.21%
1128,Gabriel Alcaraz,"Oceanside, CA",530,5:10:49,11:52,M 55-59/41,M-55,761,5:13:56,46.98%
1129,Michelle Tumes,"Calabasas Hills, CA",1759,5:10:53,11:52,F 35-39/69,F-39,368,5:15:57,45.46%
1130,Sandip Budhia,", CA",1312,5:11:01,11:52,M 35-39/116,M-37,762,5:18:21,40.33%
1131,Mike Calvitti,"Anaheim, CA",1100,5:11:05,11:52,M 25-29/88,M-28,763,5:21:24,40.16%
1132,Michael Deetz,"San Bernardino, CA",1569,5:11:20,11:53,M 45-49/105,M-49,764,5:18:00,44.40%
1133,Chris Oswalt,"Costa Mesa, CA",1699,5:11:21,11:53,M 30-34/93,M-30,765,5:11:37,40.12%
1134,Rahul Warrior,"Irvine, CA",1215,5:11:24,11:53,M 50-54/82,M-53,766,5:18:21,46.02%
1135,Bo Lee,"Garden Grove, CA",1992,5:11:34,11:53,M 75-99/1,M-77,767,5:17:25,60.35%
1136,M G Montgomery,"Bakersfield, CA",973,5:11:42,11:54,F 40-44/60,F-40,369,5:11:42,45.77%
1137,Ralph Cripe,"Carlsbad, CA",1217,5:11:42,11:54,M 65-69/5,M-69,768,5:11:42,53.91%
1138,Jason Jaffe,"Corona, CA",9638,5:11:46,11:54,M 35-39/117,M-35,769,5:14:58,40.07%
1139,Ruth Jaffe,"Corona, CA",9637,5:11:46,11:54,F 30-34/49,F-32,370,5:14:57,43.60%
1140,Angel Juarez,"Anaheim, CA",1632,5:11:53,11:54,M 45-49/106,M-46,770,5:14:14,43.17%
1141,Amanda Glasshof,"Sugar Land, TX",143,5:12:17,11:55,F 20-24/45,F-23,371,5:20:59,43.37%
1142,Amy Cataline,"Katy, TX",152,5:12:18,11:55,F 30-34/50,F-30,372,5:20:59,43.38%
1143,Brett Byrd,"Corona, CA",240,5:12:21,11:55,M 40-44/124,M-40,771,5:20:39,40.98%
1144,Linda Kedney,"Hemet, CA",929,5:12:23,11:55,F 55-59/10,F-59,373,5:23:16,58.28%
1145,Alejandro Blanco,"Palmdale, CA",1528,5:12:23,11:55,M 45-49/107,M-48,772,5:26:37,43.86%
1146,John Furtado,"Clovis, CA",739,5:12:38,11:56,M 40-44/125,M-40,773,5:18:25,40.94%
1147,Jean Laroche,"Santa Monica, CA",657,5:12:40,11:56,M 55-59/42,M-57,774,5:24:37,47.59%
1148,Donald Flaherty,"Huntington Beach, CA",454,5:12:56,11:57,M 50-54/83,M-54,775,5:25:20,46.22%
1149,Tom La,"Murrieta, CA",1434,5:13:02,11:57,M 35-39/118,M-39,776,5:20:50,40.56%
1150,Jose Sandoval,"Canoga Park, CA",1730,5:13:41,11:58,M 16-19/22,M-16,777,5:17:15,42.71%
1151,Nima Nassiri,"Irvine, CA",1685,5:13:44,11:58,M 20-24/55,M-22,778,5:19:34,39.84%
1152,Steven Labat,"San Clemente, CA",1377,5:13:56,11:59,M 30-34/94,M-30,779,5:15:55,39.79%
1153,Jenn English,"Huntington Beach, CA",674,5:13:59,11:59,F 30-34/51,F-33,374,5:14:58,43.42%
1154,Jennifer Moore,"Las Vegas, NV",1677,5:14:28,12:00,F 35-39/70,F-37,375,5:18:01,44.25%
1155,Alex Gonzalez,"Los Angeles, CA",125,5:14:30,12:00,M 40-44/126,M-41,780,5:21:33,41.04%
1156,Anietie Ekpa,"Diamond Bar, CA",173,5:14:36,12:00,F 30-34/52,F-34,376,5:21:11,43.50%
1157,Nelson Quintanilla,"Los Angeles, CA",1982,5:14:42,12:01,M 35-39/119,M-39,781,5:18:38,40.34%
1158,Jim Brittell,"Santa Ana, CA",708,5:14:52,12:01,M 55-59/43,M-56,782,5:25:33,46.81%
1159,Jeffrey Rooney,"Monrovia, CA",670,5:14:58,12:01,M 40-44/127,M-41,783,5:21:29,40.98%
1160,Maria Nemeth,"North Tustin, CA",1689,5:15:06,12:02,F 65-69/2,F-68,377,5:24:26,66.55%
1161,Amy Lake,"Orange, CA",154,5:15:11,12:02,F 20-24/46,F-22,378,5:27:55,42.97%
1162,Kaitlin Andrews,"Santa Ana, CA",798,5:15:12,12:02,F 20-24/47,F-22,379,5:27:55,42.96%
1163,Juliana Puraty,"Bellflower, CA",1936,5:15:13,12:02,F 55-59/11,F-57,380,5:21:17,56.11%
1164,Darryl Stephenson,"Murrieta, CA",1744,5:15:26,12:02,M 35-39/120,M-39,784,5:18:31,40.25%
1165,Lulu Tyner,"Chino, CA",963,5:15:27,12:02,F 50-54/19,F-51,381,5:20:01,51.65%
1166,Jatin Kayastha,"La Mirada, CA",654,5:15:28,12:02,M 35-39/121,M-36,785,5:20:08,39.64%
1167,Lisa Sachen,"Aliso Viejo, CA",939,5:15:28,12:02,F 45-49/43,F-47,382,5:21:20,49.08%
1168,Jessica Greenfield,"Denton, TX",702,5:15:34,12:03,F 25-29/65,F-27,383,5:20:22,42.91%
1169,Aaron Albin,"Denton, TX",102,5:15:34,12:03,M 25-29/89,M-29,786,5:20:22,39.59%
1170,Monica Sampat,"Foothill Ranch, CA",1116,5:15:56,12:03,F 35-39/71,F-39,384,5:18:27,44.74%
1171,Rosa Thweatt,"Lake View Ter, CA",1284,5:16:05,12:04,F 40-44/61,F-40,385,5:26:56,45.13%
1172,Amanda Roberts,"San Francisco, CA",149,5:16:23,12:04,F 25-29/66,F-25,386,5:17:57,42.80%
1173,Megan Incorvaia,"San Francisco, CA",1047,5:16:23,12:05,F 20-24/48,F-22,387,5:17:57,42.80%
1174,Tony Cuevas,"Garden Grove, CA",1438,5:16:26,12:05,M 20-24/56,M-21,787,5:18:25,39.66%
1175,Edward McGowan,"Rancho Cucamonga, CA",1672,5:16:42,12:05,M 45-49/108,M-47,788,5:23:37,42.89%
1176,Billy McDonald,"Long Island City, NY",44,5:16:51,12:06,M 20-24/57,M-20,789,5:19:08,39.93%
1177,Ashley Andersen,"Placentia, CA",199,5:17:10,12:06,F 25-29/67,F-27,388,5:28:21,42.70%
1178,Barbara Carlyle,"Laguna Niguel, CA",210,5:17:22,12:07,F 45-49/44,F-48,389,5:27:47,49.40%
1179,Oscar Perez Luna,"Chino Hills, CA",1706,5:17:24,12:07,M 45-49/109,M-48,790,5:21:18,43.17%
1180,Wendy Macy,"Huntington Beach, CA",1478,5:17:28,12:07,F 40-44/62,F-42,390,5:24:52,45.91%
1181,Hoang Ngo,"San Jose, CA",1691,5:17:32,12:07,F 40-44/63,F-43,391,5:22:36,46.44%
1182,Nadine Miller,"Yorba Linda, CA",1125,5:17:34,12:07,F 40-44/64,F-44,392,5:26:39,47.00%
1183,John Noskey,"Anaheim, CA",747,5:17:36,12:07,M 45-49/110,M-45,791,5:31:20,42.03%
1184,Julie Wang,"Beverly Hills, CA",1770,5:17:38,12:07,F 30-34/53,F-33,393,5:28:30,42.92%
1185,Christopher Morettini,"Irvine, CA",328,5:17:53,12:08,M 40-44/128,M-40,792,5:30:20,40.27%
1186,Lisa Zecchini,"Costa Mesa, CA",1873,5:18:11,12:09,F 50-54/20,F-50,394,5:19:44,50.55%
1187,Edward Heh,"La Habra, CA",1608,5:18:14,12:09,M 40-44/129,M-40,793,5:29:30,40.22%
1188,Elyssa Pickle,"Normandy Park, WA",483,5:18:22,12:09,F 20-24/49,F-20,395,5:27:06,42.57%
1189,Kelsie Pickle,"Seattle, WA",1849,5:18:22,12:09,F 16-19/8,F-18,396,5:27:06,43.31%
1190,Alyssa Schenone,"San Mateo, CA",45,5:18:35,12:10,F 20-24/50,F-21,397,5:20:52,42.51%
1191,Aaron Michelson,"San Diego, CA",104,5:18:36,12:10,M 50-54/84,M-50,794,5:22:21,43.78%
1192,Kevin Tran,"Reseda, CA",1757,5:18:45,12:10,M 40-44/130,M-40,795,5:19:13,40.16%
1193,Nathan Halprin,"Irvine, CA",47,5:18:56,12:10,M 60-64/27,M-61,796,5:28:15,48.51%
1194,Josef Oszuscik,"Carlsbad, CA",775,5:19:00,12:11,M 65-69/6,M-67,797,5:23:14,51.57%
1195,Graydon Greiwe,"Newport Beach, CA",559,5:19:13,12:11,M 20-24/58,M-23,798,5:19:40,39.13%
1196,John Cornelius,"Los Osos, CA",737,5:19:21,12:11,M 50-54/85,M-54,799,5:33:32,45.29%
1197,Debra Mares,"San Luis Obispo, CA",1665,5:19:21,12:11,F 45-49/45,F-48,398,5:33:32,49.09%
1198,Jeff Cenoz,"Grover Beach, CA",662,5:19:22,12:11,M 55-59/44,M-56,800,5:33:32,46.15%
1199,Stacy Daniel,"Grover Beach, CA",1566,5:19:22,12:11,F 35-39/72,F-37,399,5:33:32,43.57%
1200,Laurie Greco,"Pismo Beach, CA",1599,5:19:24,12:11,F 45-49/46,F-45,400,5:33:36,47.29%
1301,Richard Smith,"El Cajon, CA",1859,5:37:17,12:52,M 50-54/93,M-53,859,5:48:49,42.49%
1302,William Latter,"Tujunga, CA",1648,5:37:26,12:53,M 50-54/94,M-53,860,5:45:20,42.47%
1303,Angel Flores,"Santa Ana, CA",168,5:37:26,12:53,M 20-24/65,M-21,861,5:44:29,37.19%
1304,Wayne Williams,"Redlands, CA",1476,5:37:35,12:53,M 30-34/100,M-32,862,5:48:27,37.01%
1305,Pauline Nishida,"Costa Mesa, CA",1186,5:37:46,12:53,F 50-54/23,F-53,443,5:46:10,49.54%
1306,Patricia Rico,"Whittier, CA",1712,5:37:54,12:54,F 35-39/81,F-36,444,5:43:12,40.92%
1307,Joseph Reilly,"Orange, CA",777,5:37:59,12:54,M 65-69/9,M-66,863,5:40:13,48.17%
1308,Ariadna Cummings,"Fullerton, CA",187,5:38:16,12:55,F 35-39/82,F-36,445,5:51:35,40.87%
1309,Joo Hwa Kim,"Los Angeles, CA",766,5:38:19,12:55,M 50-54/95,M-54,864,5:42:09,42.75%
1310,John Richart,"Victorville, CA",752,5:38:32,12:55,M 40-44/135,M-40,865,5:43:34,37.81%
1311,Matthew Bulrice,"Orange, CA",1032,5:38:36,12:55,M 25-29/101,M-25,866,5:53:10,36.89%
1312,David Test,"Yorba Linda, CA",405,5:38:38,12:55,M 70-74/3,M-70,867,5:44:36,50.17%
1313,Jeff Cottingham,"Chandler, AZ",1560,5:39:30,12:57,M 40-44/136,M-43,868,5:49:48,38.66%
1314,Elizabeth Iacobelli,"Newport Coast, CA",481,5:40:01,12:59,F 45-49/53,F-49,446,5:42:41,46.70%
1315,Meghan Keever,"Placerville, CA",1049,5:40:31,13:00,F 20-24/56,F-21,447,5:45:12,39.77%
1316,Martin Mercado,"Walnut, CA",1011,5:40:48,13:00,M 25-29/102,M-29,869,5:44:20,36.66%
1317,Phuong Huynh,"Riverside, CA",1504,5:41:21,13:02,M 40-44/137,M-40,870,5:43:59,37.50%
1318,Michelle Manibog,"Costa Mesa, CA",1889,5:41:31,13:02,F 30-34/59,F-30,448,5:53:08,39.67%
1319,Keli Fulcher,"Scottsdale, AZ",826,5:42:29,13:04,F 45-49/54,F-45,449,5:52:28,44.11%
1320,Jose De La Vega,"Palmdale, CA",771,5:42:35,13:04,M 50-54/96,M-54,871,5:56:03,42.22%
1321,Kimiko Tsuchiya,"JPN, ",862,5:42:40,13:05,F 40-44/70,F-42,450,5:42:46,42.53%
1322,Shannon Carter,"La Mirada, CA",1339,5:42:51,13:05,F 20-24/57,F-22,451,5:56:15,39.50%
1323,Thomas Soule,"Portage, MI",93,5:43:02,13:05,M 20-24/66,M-23,872,5:46:21,36.42%
1324,Danielle Boinay,"Los Angeles, CA",374,5:43:39,13:07,F 25-29/74,F-26,452,6:02:13,39.41%
1325,Dave Axelgard,"Santa Monica, CA",385,5:43:40,13:07,M 30-34/101,M-30,873,6:02:13,36.35%
1326,Jason Bolanos,"Aliso Viejo, CA",2000,5:44:07,13:08,M 16-19/24,M-18,874,5:55:55,37.76%
1327,William Akerboom,"El Monte, CA",1481,5:44:09,13:08,M 70-74/4,M-74,875,5:54:44,51.93%
1328,Paul Coyne,"Fullerton, CA",1175,5:44:12,13:08,M 75-99/3,M-76,876,5:48:20,53.64%
1329,Lynice Rabun,"Huntington Beach, CA",968,5:44:19,13:08,F 50-54/24,F-52,453,5:49:16,47.95%
1330,Richard Rozman,"Playa Del Rey, CA",1976,5:44:32,13:09,M 55-59/48,M-59,877,5:49:36,44.02%
1331,Linda Vo,"Fountain Valley, CA",930,5:44:39,13:09,F 20-24/58,F-20,454,5:55:27,39.32%
1332,Lewi Rosure,"Port Orchard, WA",1724,5:44:57,13:10,M 20-24/67,M-20,878,5:44:57,36.67%
1333,Carl Rogers,"Norwalk, CA",267,5:45:08,13:10,M 55-59/49,M-56,879,5:53:29,42.71%
1334,Tino Falcis,"Aliso Viejo, CA",1424,5:45:14,13:11,M 50-54/97,M-52,880,5:58:41,41.13%
1335,Maureen Doran,"San Francisco, CA",1038,5:45:16,13:11,F 50-54/25,F-50,455,5:51:05,46.58%
1336,Elaine Thweatt,"Clovis, CA",479,5:45:32,13:11,F 45-49/55,F-46,456,5:55:18,44.26%
1337,Yolanda Holder,"Corona, CA",1615,5:45:40,13:12,F 50-54/26,F-51,457,5:47:56,47.14%
1338,Julie Faster,"Rancho Santa Margarita, CA",791,5:45:43,13:12,F 50-54/27,F-50,458,5:55:43,46.52%
1339,Brill Paet,"Laguna Niguel, CA",251,5:45:58,13:12,M 50-54/98,M-52,881,5:59:25,41.05%
1340,Kathleen Crain,"Temecula, CA",1561,5:46:32,13:14,F 20-24/59,F-24,459,5:56:18,39.08%
1341,Robert Morse,"Pasadena, CA",1263,5:46:45,13:14,M 45-49/119,M-47,882,5:58:20,39.17%
1342,Amanda Morse,"Pasadena, CA",148,5:46:45,13:14,F 16-19/12,F-18,460,5:58:20,39.77%
1343,Miranda Brunker,"West Covina, CA",1801,5:46:53,13:14,F 16-19/13,F-18,461,5:51:33,39.75%
1344,Tristia Fowler,"West Covina, CA",1812,5:46:53,13:14,F 30-34/60,F-32,462,5:51:33,39.19%
1345,Sofie Romero,"Livermore, CA",1919,5:47:03,13:15,F 35-39/83,F-36,463,5:49:36,39.84%
1346,Sue Lee,"Diamond Bar, CA",1887,5:47:03,13:15,F 25-29/75,F-29,464,5:49:37,39.02%
1347,Kimberly Stull,"Seal Beach, CA",861,5:47:03,13:15,F 45-49/56,F-48,465,5:56:40,45.17%
1348,Alisa Macias,"Lakewood, CA",134,5:47:05,13:15,F 30-34/61,F-34,466,5:55:17,39.43%
1349,Janet Willard,"Riverside, CA",640,5:47:38,13:16,F 55-59/14,F-55,467,5:57:15,49.47%
1350,Michael Blosser,"Long Beach, CA",1059,5:48:19,13:18,M 45-49/120,M-46,883,5:55:57,38.65%
1351,Sable Cantus,"Buena Park, CA",1301,5:48:28,13:18,M 35-39/129,M-35,884,5:49:27,35.85%
1352,Lesley-Anne Stone,"Los Angeles, CA",920,5:48:47,13:19,F 30-34/62,F-30,468,5:54:37,38.84%
1353,Fabian Tramkim,"Westminster, CA",1756,5:48:55,13:19,M 35-39/130,M-36,885,5:53:48,35.84%
1354,Rocio Luna,"Tustin, CA",1271,5:48:59,13:19,F 25-29/76,F-29,469,5:52:12,38.81%
1355,Phillip Garbrecht,"Laguna Niguel, CA",1204,5:49:20,13:20,M 16-19/25,M-17,886,5:56:04,37.74%
1356,David Reuter,"Tustin, CA",400,5:49:26,13:20,M 45-49/121,M-47,887,6:02:47,38.87%
1357,Kelly Wright,"Newport Beach, CA",833,5:49:26,13:20,F 40-44/71,F-41,470,5:54:50,41.24%
1358,Kyrsten Beidelman,"Sunland, CA",890,5:49:36,13:21,F 35-39/84,F-39,471,5:59:40,40.43%
1359,Megan Beaver,"Rancho Santa Margarita, CA",1043,5:49:38,13:21,F 30-34/63,F-30,472,5:59:41,38.75%
1360,Diana Macias,"Lakewood, CA",438,5:50:03,13:22,F 45-49/57,F-45,473,5:58:15,43.15%
1361,Gilberto Cardenas,"Costa Mesa, CA",552,5:50:06,13:22,M 25-29/103,M-29,888,5:53:07,35.68%
1362,Jim Grimes,"Huntington Beach, CA",710,5:50:08,13:22,M 60-64/31,M-61,889,6:01:02,44.19%
1363,Ashleigh Romero,"Fontana, CA",198,5:50:14,13:22,F 25-29/77,F-25,474,5:59:22,38.67%
1364,Brianne Mancha,"Fontana, CA",249,5:50:14,13:22,F 25-29/78,F-25,475,5:59:22,38.67%
1365,Patrick Mallon,"Mission Viejo, CA",1168,5:50:27,13:22,M 50-54/99,M-52,890,5:56:42,40.52%
1366,Michelle Strazzeri,"Newport Beach, CA",1097,5:50:29,13:23,F 25-29/79,F-25,476,5:57:35,38.64%
1367,Solomon Shapiro,"Corona, CA",1355,5:50:37,13:23,M 45-49/122,M-48,891,5:52:01,39.08%
1368,Thuy Van Pinto,"Victorville, CA",1411,5:50:38,13:23,F 30-34/64,F-33,477,5:55:37,38.88%
1369,Kathryn Raphael,"Santa Ana, CA",817,5:51:26,13:25,F 20-24/60,F-23,478,5:54:43,38.53%
1370,Ashley Hennessey,"Irvine, CA",202,5:51:43,13:25,F 20-24/61,F-20,479,5:55:28,38.53%
1371,Ronald Gonzales,"Riverside, CA",1282,5:52:43,13:28,M 55-59/50,M-55,892,6:02:20,41.39%
1372,Burrel Magnusson,"Corona Del Mar, CA",262,5:52:43,13:28,M 65-69/10,M-67,893,6:02:56,46.64%
1373,Colleen Taricani,"Newport Beach, CA",344,5:53:01,13:28,F 40-44/72,F-43,480,5:58:28,41.78%
1374,Alison Woolsey,"Orange, CA",136,5:53:09,13:29,F 55-59/15,F-56,481,5:59:21,49.38%
1375,Dexter Emoto,"Loma Linda, CA",435,5:53:13,13:29,M 55-59/51,M-55,894,6:04:40,41.34%
1376,Jasmine Cadavid,"Anaheim, CA",643,5:53:16,13:29,F 20-24/62,F-21,482,6:04:04,38.33%
1377,Spring Jaentsch,"Costa Mesa, CA",1358,5:53:46,13:30,F 30-34/65,F-31,483,6:05:16,38.35%
1378,Michelle Palmer,"Irvine, CA",1095,5:54:10,13:31,F 55-59/16,F-59,484,6:03:10,51.40%
1379,Sara Croft,"Long Beach, CA",1984,5:55:05,13:33,F 40-44/73,F-44,485,6:02:56,42.03%
1380,Dana Mosell,"Walnut, CA",365,5:55:26,13:34,M 55-59/52,M-58,895,6:06:14,42.26%
1381,Niem Nguyen,"Irvine, CA",1143,5:55:41,13:34,M NoAge/7,M-0,896,6:01:51, 0.00%
1382,Jimmy Diep,"Cerritos, CA",715,5:55:46,13:35,M 30-34/102,M-33,897,6:01:53,35.11%
1383,Eric Choi,"Irvine, CA",1552,5:55:49,13:35,M 35-39/131,M-39,898,5:57:23,35.68%
1384,Jennifer Radics,"Orange, CA",684,5:55:49,13:35,F 25-29/80,F-27,486,6:06:55,38.06%
1385,Kurt Mueller,"Aliso Viejo, CA",884,5:55:53,13:35,M 40-44/138,M-41,899,6:08:20,36.27%
1386,Kathleen Munsell,"Fountain Valley, CA",813,5:56:11,13:36,F 45-49/58,F-46,487,6:04:04,42.93%
1387,Won Cha,"Laguna Hills, CA",1929,5:56:30,13:36,M 60-64/32,M-60,900,6:06:26,42.97%
1388,Arnel Arenas,"Burbank, CA",42,5:56:34,13:36,M 40-44/139,M-42,901,5:59:52,36.50%
1389,Timothy Cann,"Foothill Ranch, CA",1417,5:57:02,13:38,M 45-49/123,M-47,902,5:57:02,38.04%
1390,Karin Rautenbach,"Laguna Niguel, CA",803,5:57:04,13:38,F 40-44/74,F-43,488,5:58:57,41.30%
1391,Jeff Dingee,"Laguna Hills, CA",1571,5:57:33,13:39,M 20-24/68,M-24,903,5:59:41,34.94%
1392,Michael Ehner,"Dana Point, CA",1894,5:58:38,13:41,M 65-69/11,M-67,904,6:09:08,45.87%
1393,Tracy Vasquez,"Brea, CA",1443,5:59:01,13:42,F 50-54/28,F-52,489,6:09:38,45.99%
1394,Sonia Petrovski,"Murrieta, CA",1707,5:59:11,13:42,F 35-39/85,F-37,490,6:02:16,38.74%
1395,Rosa Hernandez,"Pasadena, CA",1948,5:59:12,13:42,F 45-49/59,F-45,491,6:05:16,42.05%
1396,Jasmin Flores,"Walnut, CA",642,5:59:14,13:43,F 25-29/81,F-25,492,6:10:00,37.70%
1397,Cristal Torres,"Long Beach, CA",354,5:59:24,13:43,F 25-29/82,F-26,493,6:07:17,37.68%
1398,Bert Scruggs,"Irvine, CA",219,5:59:40,13:44,M 45-49/124,M-45,905,6:06:10,37.11%
1399,Krista Zaloudek,"Long Beach, CA",874,5:59:40,13:44,F 30-34/66,F-34,494,6:06:10,38.05%
1400,Dulce Sorto,"Tustin, CA",462,6:00:56,13:46,F 30-34/67,F-34,495,6:14:50,37.92%
1401,Philip Newberg,"Newport Beach, CA",1202,6:02:01,13:49,M NoAge/8,M-0,906,6:07:12, 0.00%
1402,Roy Benstead,"Seal Beach, CA",1289,6:02:02,13:49,M 70-74/5,M-74,907,6:07:12,49.36%
1403,Jennifer Winford,"Hawaiian Gardens, CA",687,6:02:22,13:50,F 20-24/63,f-23,496,6:14:48,37.37%
1404,Jaqueline Mendoza,"Costa Mesa, CA",1916,6:02:22,13:50,F 30-34/68,F-30,497,6:15:35,37.39%
1405,Dale Cavender,"Garden Grove, CA",1969,6:02:39,13:50,M 45-49/125,M-45,908,6:06:06,36.81%
1406,Mona Reimers,"Fort Wayne, IN",1113,6:03:07,13:51,F 45-49/60,F-48,498,6:14:11,43.17%
1407,Sarah Fontanes,"San Clemente, CA",1318,6:03:09,13:52,F 35-39/86,F-39,499,6:06:44,38.92%
1408,Michael Bunyamanop,"West Hills, CA",1062,6:03:20,13:52,M 30-34/103,M-33,909,6:03:30,34.38%
1409,Steave Savage,"Huntington Beach, CA",1360,6:04:07,13:54,M 45-49/126,M-47,910,6:12:03,37.30%
1410,Mike Parisi,"Newport Beach, CA",1103,6:04:12,13:54,M 55-59/53,M-56,911,6:16:09,40.47%
1411,Jeri Trachtman,"Redondo Beach, CA",1755,6:04:54,13:56,F 45-49/61,F-46,500,6:13:57,41.91%
1412,Thomas Garcia,"Los Angeles, CA",1591,6:05:50,13:58,M 55-59/54,M-56,912,6:22:00,40.29%
1413,Tina Pietsch,"Orange, CA",1422,6:06:22,13:59,F 40-44/75,F-40,501,6:19:13,38.94%
1414,Paul Pietsch,"Orange, CA",1182,6:06:22,13:59,M 40-44/140,M-40,913,6:19:13,34.94%
1415,Amberly Tantee,"Newport Beach, CA",150,6:07:35,14:02,F 25-29/83,F-27,502,6:15:47,36.84%
1416,Carlos Aguilar,"Anaheim, CA",268,6:07:57,14:03,M 40-44/141,M-41,914,6:19:05,35.08%
1417,Michael Tanaka,"Mission Viejo, CA",1077,6:08:56,14:05,M 50-54/100,M-50,915,6:12:45,37.80%
1418,Honglien Nguyen,"San Jose, CA",1692,6:08:59,14:05,F 45-49/62,F-49,503,6:14:02,43.03%
1419,Morgan Mathews,"Laguna Beach, CA",1838,6:10:05,14:07,M 16-19/26,M-16,916,6:12:03,36.20%
1420,Vicson Arcangel,"Santa Ana, CA",1463,6:10:06,14:07,M 40-44/142,M-40,917,6:18:32,34.59%
1421,Ly Ly Ta,"Aliso Viejo, CA",964,6:10:48,14:09,F 35-39/87,F-36,504,6:18:31,37.29%
1422,Nancy Szeto,"San Marino, CA",1862,6:10:48,14:09,F 35-39/88,F-37,505,6:18:31,37.53%
1423,Julie Ruggieri,"Santa Barbara, CA",794,6:11:45,14:11,F 35-39/89,F-37,506,6:21:48,37.43%
1424,Steven Hart,"West Covina, CA",1821,6:12:30,14:13,M 35-39/132,M-39,918,6:17:12,34.08%
1425,Hieu Nguyen,"Rancho Palos Verdes, CA",588,6:13:06,14:14,M 50-54/101,M-54,919,6:15:44,38.77%
1426,Kendra Seiler,"Fullerton, CA",1736,6:13:13,14:15,F 40-44/76,F-40,507,6:21:55,38.22%
1427,Calvin Choi,"La Habra Heights, CA",264,6:13:20,14:15,M 20-24/69,M-20,920,6:23:07,33.89%
1428,Kelly Wong,"Huntington Beach, CA",832,6:13:27,14:15,F 20-24/64,F-21,508,6:23:13,36.26%
1429,Angelica Barrera-Cruz,"San Juan Capistrano, CA",1522,6:15:31,14:20,F 25-29/84,F-27,509,6:21:06,36.06%
1430,Tony Nguyen,"Pasadena, CA",1440,6:16:10,14:21,M 30-34/104,M-31,921,6:22:21,33.21%
1431,Frank Dilauro,"Coto De Caza, CA",524,6:16:52,14:23,M 65-69/12,M-65,922,6:26:27,42.75%
1432,Cecilia Vizon,"Placentia, CA",1769,6:17:01,14:23,F 40-44/77,F-41,510,6:25:58,38.23%
1433,Lori Glantz,"Salem, OR",949,6:17:29,14:24,F 45-49/63,F-47,511,6:25:23,41.01%
1434,Jonathan Kang,"Los Angeles, CA",1634,6:18:07,14:26,M 20-24/70,M-22,923,6:32:01,33.06%
1435,Kurt Schubert,"Encinitas, CA",1930,6:19:48,14:30,M 50-54/102,M-52,924,6:25:34,37.39%
1436,Anup Nair,"Arcadia, CA",1684,6:20:59,14:32,M 35-39/133,M-37,925,6:21:35,32.92%
1437,Laura Castaneda,"Santa Barbara, CA",900,6:21:22,14:33,F 35-39/90,F-35,512,6:31:25,36.06%
1438,Kathrine Weir,"Ladera Ranch, CA",814,6:21:25,14:33,F 30-34/69,F-30,513,6:22:46,35.52%
1439,Mary Johnson,"Antioch, CA",1019,6:22:09,14:35,F 30-34/70,F-33,514,6:31:09,35.68%
1440,Ryan Ta,"Irvine, CA",1863,6:22:48,14:36,M 20-24/71,M-20,926,6:31:25,33.05%
1441,Mario-Alphonse Guereca,"Santa Ana, CA",1949,6:23:09,14:37,M 20-24/72,M-22,927,6:33:14,32.62%
1442,Jessica Montoya,"Fontana, CA",1902,6:23:11,14:37,F 30-34/71,F-32,515,6:29:56,35.48%
1443,Jeannette Roostai,"Yucaipa, CA",661,6:24:00,14:39,F 65-69/3,F-68,516,6:31:18,54.61%
1444,Maria Hernandez,"Fontana, CA",989,6:24:28,14:40,F 25-29/85,F-27,517,6:35:39,35.22%
1445,Stephen Gutierrez,"Anaheim, CA",1956,6:24:36,14:41,M 55-59/55,M-55,928,6:34:49,37.96%
1446,Eric Kischer,"Los Angeles, CA",494,6:26:38,14:45,M 40-44/143,M-43,929,6:36:56,33.94%
1447,Heather Brookens,"Fullerton, CA",1912,6:28:04,14:49,F 25-29/86,F-29,518,6:41:21,34.90%
1448,Kasey Schneider,"Phelan, CA",806,6:28:58,14:51,M 20-24/73,M-24,930,6:34:35,32.12%
1449,Laura Hicks,"Newport Beach, CA",902,6:31:00,14:55,F 25-29/87,F-25,519,6:35:39,34.63%
1450,Peter Sahin,"Costa Mesa, CA",1195,6:31:53,14:57,M 35-39/134,M-35,931,6:36:48,31.88%
1451,Rickey Cole,"Irvine, CA",1252,6:33:14,15:00,M 35-39/135,M-38,932,6:41:32,32.06%
1452,Jason Black,"Huntington Beach, CA",645,6:33:14,15:00,M 35-39/136,M-35,933,6:41:33,31.77%
1453,Shirley Faulkner,"Newport Beach, CA",1352,6:34:02,15:02,F 35-39/91,F-37,520,6:43:49,35.32%
1454,Sara Christian,"Loma Linda, CA",1315,6:34:10,15:02,F 16-19/14,F-18,521,6:40:24,34.98%
1455,Lydia Schiada,"Los Alamitos, CA",965,6:35:27,15:05,F 40-44/78,F-40,522,6:49:01,36.07%
1456,Hannah Wyborski,"Long Beach, CA",576,6:35:28,15:05,F 16-19/15,F-18,523,6:49:01,34.87%
1457,Becky Wyborski,"Long Beach, CA",215,6:35:28,15:05,F 16-19/16,F-16,524,6:49:01,36.24%
1458,Chris Wyrick,"Costa Mesa, CA",313,6:35:49,15:06,M 25-29/104,M-25,934,6:46:10,31.56%
1459,Loren Wyrick,"Costa Mesa, CA",945,6:35:49,15:06,M 50-54/103,M-52,935,6:46:10,35.88%
1460,Isabel Neidl,"San Clemente, CA",603,6:36:31,15:08,F 40-44/79,F-42,525,6:40:06,36.75%
1461,Dena Madriaga,"Anaheim, CA",1910,6:36:39,15:08,F 35-39/92,F-36,526,6:49:57,34.86%
1462,Arnie Smith,"San Clemente, CA",1915,6:36:45,15:08,M 45-49/127,M-49,936,6:49:56,34.84%
1463,Paul Bracewell,"San Pedro, CA",1536,6:37:05,15:09,M 25-29/105,M-29,937,6:40:05,31.46%
1464,Steven Okamoto,"Irvine, CA",1844,6:37:30,15:10,M 50-54/104,M-52,938,6:45:48,35.72%
1465,Christopher Alcudia,"Los Angeles, CA",321,6:40:24,15:17,M 55-59/56,M-57,939,6:48:20,37.16%
1466,Sean Stokes,"Santa Ana, CA",1330,6:41:49,15:20,M 35-39/137,M-37,940,6:51:47,31.21%
1467,George Noa,"Foothill Ranch, CA",548,6:43:41,15:24,M 55-59/57,M-59,941,6:56:35,37.57%
1468,Aracely Torres,"Santa Ana, CA",186,6:44:29,15:26,F 30-34/72,F-33,527,6:49:57,33.71%
1469,Edmund Loy,"Honolulu, HI",471,6:44:35,15:26,M 30-34/105,M-30,942,6:53:39,30.88%
1470,Sharon Zamora,"Cerritos, CA",1344,6:45:13,15:28,F 50-54/29,F-51,528,6:45:13,40.21%
1471,Steve Hwang,"Santa Ana, CA",1371,6:48:12,15:35,M 65-69/13,M-67,943,6:59:32,40.30%
1472,Diane Mindrum,"Rancho Cucamonga, CA",440,6:49:02,15:37,F 50-54/30,F-52,529,6:59:54,40.37%
1473,Jenny Campbell,"San Clemente, CA",1914,6:49:57,15:39,F 50-54/31,F-51,530,6:49:57,39.75%
1474,Ty Colbert,"Orange, CA",1558,6:51:18,15:42,M 65-69/14,M-67,944,6:52:43,40.00%
1475,Deven Shah,"Orange, CA",432,6:52:53,15:45,M 40-44/144,M-43,945,6:59:53,31.79%
1476,Isia Reuter,"Tustin, CA",604,6:58:13,15:58,F 40-44/80,F-44,531,7:11:34,35.68%
1477,Kathryne Jobling,"Costa Mesa, CA",1628,6:58:30,15:58,F 40-44/81,F-42,532,7:11:27,34.82%
1478,Anne Chen,"Cerritos, CA",177,6:59:55,16:01,F 35-39/93,F-39,533,7:10:37,33.66%
1479,Sue Ervin,"San Juan Capistrano, CA",1385,7:00:21,16:02,F 50-54/32,F-51,534,7:12:24,38.76%
1480,Jeremiah Barela,"Hawaiian Gardens, CA",691,7:06:56,16:17,M 35-39/138,M-35,946,7:19:26,29.26%
1481,Vikki Richardson,"West Covina, CA",1470,7:08:35,16:21,F 70-74/1,F-70,535,7:17:22,50.64%
1482,David Shostak,"Huntington Beach, CA",404,7:13:29,16:32,M 55-59/58,M-58,947,7:25:59,34.65%
1483,Barry Parr,"Kalispell, MT",1973,7:15:54,16:38,M 40-44/145,M-44,948,7:16:06,30.36%
1484,Sara Derakhshanian,"Huntington Bh, CA",1972,7:15:56,16:38,F 35-39/94,F-38,536,7:16:07,32.16%
1485,Martha Ruiz,"Anaheim, CA",1913,7:26:42,17:03,F 40-44/82,F-44,537,7:39:59,33.41%
1486,Nima Shafiei,"Tustin, CA",1146,7:29:55,17:10,M 25-29/106,M-29,949,7:31:44,27.77%
1487,Julie Washington,"Anaheim, CA",1886,7:32:33,17:16,F 60-64/3,F-60,538,7:40:06,40.83%
1488,Heywood Crowder,"Compton, CA",586,7:38:16,17:29,M 65-69/15,M-67,950,7:39:40,35.90%
1489,Renu Moon,"Los Alamitos, CA",1239,7:48:52,17:53,F 50-54/33,F-51,539,7:58:29,34.75%
1490,Sandra Wood,"Venice, CA",1314,7:53:29,18:04,F 25-29/88,F-29,540,8:04:41,28.60%
1491,Kim Sobieck,"La Canada, CA",855,7:56:48,18:12,F 50-54/34,F-52,541,8:09:02,34.63%
1492,Peter Morris,"Temple City, CA",1194,7:57:14,18:13,M 55-59/59,M-58,951,7:58:30,31.48%
1493,Patricia Boone,"Huntington Beach, CA",1796,8:24:29,19:15,F 35-39/95,F-38,542,8:31:48,27.79%
1494,Patricia Nelson,"Easthampton, NY",1959,8:26:34,19:20,F 50-54/35,F-51,543,8:39:16,32.17%
1495,Kelli Nicole Crawford,"Lake View Terrace, CA",1806,8:31:33,19:31,F 35-39/96,F-35,544,8:45:01,26.88%
