Place,Name,Location,Bib,Net Time,Pace,Division/Place,Sex-Age,Sex-Place,Gun Time,Age Grade
1,Bryce Sawyer,"Ojai, CA",724,18:41,6:01,M 36-50/0,M-43,1,18:41,74.82%
2,Scott Fitzgerald,"Westlake Village, CA",641,18:50,6:04,M 19-25/1,M-22,2,18:50,68.56%
3,Sean Long,"South Pasadena, CA",681,19:23,6:15,M 26-35/1,M-26,3,19:24,66.61%
4,Hugo Velazquez,"Hawthorne, CA",738,19:34,6:18,M 51-99/1,M-58,4,19:34,80.65%
5,Roger Saenz,"Cardiff By The Sea, CA",784,19:58,6:26,M 36-50/1,M-45,5,19:59,71.09%
6,Sam Buckland,"Encino, CA",623,20:50,6:43,M 01-18/1,M-16,6,20:51,65.81%
7,Keith Noren,"Simi Valley, CA",700,21:26,6:54,M 51-99/2,M-59,7,21:26,74.24%
8,Brian Brummitt,"Los Angeles, CA",777,21:51,7:02,M 26-35/2,M-27,8,21:57,59.08%
9,Arsenio Valenzuela,"Camarillo, CA",792,21:56,7:04,M 19-25/2,M-25,9,21:59,58.86%
10,Paul Vogelsang,"Costa Mesa, CA",742,21:58,7:05,M 51-99/3,M-52,10,21:59,68.26%
11,Christoff Lombard,"Santa Monica, CA",776,22:06,7:07,M 26-35/3,M-28,11,22:07,58.42%
12,Samir Mohan,"Santa Monica, CA",690,22:07,7:07,M 26-35/4,M-26,12,22:07,58.37%
13,Mark Cathy,"Malibu, CA",794,23:00,7:25,M 26-35/5,M-27,13,23:10,56.13%
14,Erich Kreidler,"Costa Mesa, CA",671,23:27,7:33,M 26-35/6,M-32,14,23:28,55.48%
15,Tom Didia,"Santa Monica, CA",1889,23:37,7:36,M 26-35/7,M-28,15,23:37,54.66%
16,Lindsey Benson,"Camarillo, CA",791,23:38,7:37,F 19-25/0,F-22,1,23:38,62.85%
17,Steve Preiss,"Camarillo, CA",763,23:39,7:37,M 51-99/4,M-53,16,23:40,63.96%
18,Zach Green,"Venice, CA",786,23:54,7:42,M 26-35/8,M-30,17,24:03,54.15%
19,Bruce Sandzimier,"Woodland Hills, CA",722,24:09,7:47,M 51-99/5,M-53,18,24:09,62.64%
20,Paul Gift,"Marina Del Rey, CA",773,24:21,7:51,M 26-35/9,M-32,19,24:24,53.42%
21,Garth Baldwin,"Blaine, WA",620,24:27,7:53,M 36-50/2,M-38,20,24:31,55.05%
22,Mindith Rahmat,"Thousand Oaks, CA",789,24:39,7:56,F 26-35/1,F-34,2,24:43,60.49%
23,Joe Norton,"Chatsworth, CA",532,24:40,7:57,M 36-50/3,M-39,21,24:40,54.97%
24,James Dubois,"Malibu, CA",635,24:45,7:58,M 26-35/10,M-26,22,28:31,52.16%
25,Marie Smith,"Malibu, CA",728,24:52,8:01,F 51-99/1,F-54,3,25:05,71.63%
26,Greg Mastoras,"Topanga, CA",793,25:35,8:14,M 36-50/4,M-46,23,26:09,55.87%
27,Therese Gregorio,"Guelph, ON",782,25:48,8:19,F 36-50/1,F-40,4,25:56,59.47%
28,Jim Martinez,"Sherman Oaks, CA",687,26:01,8:23,M 19-25/3,M-24,24,26:11,49.62%
29,Brandon Abo,"Long Beach, CA",614,26:04,8:24,M 26-35/11,M-34,25,26:33,50.35%
30,Sarah Gilchrist,"Oak Park, CA",771,26:15,8:27,F 01-18/1,F-16,5,26:34,58.32%
31,Ben Fieman,"Santa Monica, CA",520,26:22,8:30,M 19-25/4,M-24,26,26:22,48.96%
32,Andrew Wells,"Agoura Hills, CA",748,26:24,8:30,M 19-25/5,M-23,27,26:24,48.89%
33,Yugo Hirano,"Los Angeles, CA",770,26:26,8:31,M 26-35/12,M-29,28,26:30,48.90%
34,Jason Allen,"Los Angeles, CA",775,26:42,8:36,M 26-35/13,M-29,29,26:57,48.41%
35,Jim Smith,"Malibu, CA",727,27:03,8:43,M 51-99/6,M-55,30,27:16,56.84%
36,Julie Nagle,"Santa Monica, CA",698,27:04,8:43,F 26-35/2,F-30,6,27:11,54.71%
37,John Donegan,"Great Falls, VA",529,27:13,8:46,M 26-35/14,M-27,31,27:13,47.43%
38,Dan Zarenkiewicz,"Marina Del Rey, CA",757,27:22,8:49,M 19-25/6,M-25,32,27:26,47.17%
39,Jocelyn Mayer,"Santa Monica, CA",512,27:40,8:55,F 26-35/3,F-27,7,27:55,53.53%
40,Tracy Dockery,"Canoga Park, CA",633,27:55,8:59,F 26-35/4,F-34,8,27:59,53.41%
41,David Zvonec,"Studio City, CA",762,28:11,9:05,M 36-50/5,M-36,33,28:28,47.10%
42,Krista Schnabel,"Studio City, CA",798,28:12,9:05,F 26-35/5,F-32,9,28:30,52.63%
43,Daniel Lattin,"Los Angeles, CA",674,28:14,9:06,M 26-35/15,M-26,34,28:34,45.69%
44,Michael Shapiro,"Los Angeles, CA",726,28:19,9:07,M 36-50/6,M-37,35,28:23,47.17%
45,Peter Robinson,"West Hills, CA",1890,28:20,9:07,M 51-99/7,M-53,36,28:32,53.38%
46,Yokesh Kumar,"Topanga, CA",769,28:35,9:12,M 19-25/7,M-25,37,28:45,45.16%
47,Shannon Kelley,"Santa Monica, CA",667,28:36,9:13,F 36-50/2,F-41,10,28:45,53.99%
48,Marie Joachim,"Tarzana, CA",664,28:36,9:13,F 36-50/3,F-36,11,28:46,52.54%
49,Jb Rizzo,"Santa Monica, CA",715,28:49,9:17,M 36-50/7,M-36,38,28:54,46.06%
50,Lance Yuen,"Los Angeles, CA",755,28:50,9:17,M 26-35/16,M-27,39,28:50,44.77%
51,Tamara Jacobs,"Los Angeles, CA",662,29:01,9:21,F 26-35/6,F-26,12,29:16,51.03%
52,Jason Kanshige,"Los Angeles, CA",665,29:07,9:22,M 26-35/17,M-35,40,29:37,45.30%
53,Maureen Stafford,"Santa Monica, CA",731,29:09,9:23,F 26-35/7,F-28,13,29:13,50.80%
54,Diane Karis,"Sherman Oaks, CA",666,29:10,9:24,F 36-50/4,F-39,14,29:20,52.26%
55,Jason Coller,"Sherman Oaks, CA",526,29:10,9:24,M 26-35/18,M-26,41,29:38,44.25%
56,Michael Roth,"Santa Monica, CA",719,29:15,9:25,M 26-35/19,M-29,42,29:20,44.18%
57,Ona Conte,"Topanga, CA",765,29:21,9:27,F 26-35/8,F-29,15,29:33,50.45%
58,Karen Gift,"Marina Del Rey, CA",774,29:24,9:28,F 26-35/9,F-31,16,29:27,50.40%
59,Dave Fink,"Los Angeles, CA",535,29:30,9:30,M 26-35/20,M-33,43,29:44,44.26%
60,Brook Rhoads,"Santa Monica, CA",534,29:31,9:30,F 26-35/10,F-32,17,29:46,50.28%
61,Chris Aul,"Los Angeles, CA",619,29:34,9:31,M 26-35/21,M-26,44,29:53,43.65%
62,Brian Rabinovitz,"Oak Park, CA",708,29:39,9:33,M 36-50/8,M-40,45,29:42,46.06%
63,April Hill,"Scottsdale, AZ",658,29:39,9:33,F 26-35/11,F-28,18,29:50,49.94%
64,Paula McGhee,"Camarillo, CA",688,29:55,9:38,F 36-50/5,F-40,19,30:12,51.28%
65,Adrienne Cohn,"Malibu, CA",626,29:56,9:38,F 26-35/12,F-27,20,30:00,49.47%
66,Terry Hudson,"Westlake Village, CA",783,29:56,9:38,M 36-50/9,M-45,46,29:58,47.41%
67,Debbie Vardi,"Westlake Village, CA",787,30:00,9:40,F 51-99/2,F-51,21,30:04,57.14%
68,Shannon Garrity,"Venice, CA",647,30:06,9:41,F 26-35/13,F-33,22,30:12,49.42%
69,Jon Ziebarth,"Los Angeles, CA",760,30:22,9:47,M 26-35/22,M-26,47,30:36,42.50%
70,Karl Dzioba,"Venice, CA",521,30:31,9:50,M 26-35/23,M-33,48,30:56,42.79%
71,Sudhir Kumar,"Aliso Viejo, CA",672,30:32,9:50,M 26-35/24,M-32,49,30:34,42.60%
72,Rose Talbert,"Lake Balboa, CA",734,30:34,9:51,F 26-35/14,F-27,23,30:38,48.45%
73,Marla Hudnall,"Burbank, CA",660,30:36,9:51,F 26-35/15,F-31,24,30:39,48.45%
74,Hiroaki Yura,"Los Angeles, CA",756,30:39,9:52,M 26-35/25,M-27,50,30:46,42.11%
75,Lauren Harning,"Santa Monica, CA",657,30:43,9:53,F 26-35/16,F-26,25,30:49,48.21%
76,Billy Poveda,"Los Angeles, CA",706,30:50,9:56,M 36-50/10,M-50,51,31:02,47.86%
77,Leticia Pierce,"Marina Del Rey, CA",522,30:58,9:58,F 19-25/1,F-25,26,31:05,47.82%
78,Adam Zarlengo,"Playa Vista, CA",758,31:10,10:02,M 26-35/26,M-27,52,31:16,41.41%
79,Amber Coffman,"Marina del Rey, CA",523,31:11,10:03,F 26-35/17,F-27,27,31:18,47.49%
80,Anne Lee,"Los Angeles, CA",679,31:23,10:06,F 26-35/18,F-27,28,31:49,47.18%
81,Matthew Fern,"Woodland Hills, CA",764,31:31,10:09,M 36-50/11,M-38,53,31:48,42.70%
82,Barbara Dockery,"Canoga Park, CA",632,31:32,10:09,F 51-99/3,F-60,29,31:36,61.34%
83,Candice Amorim,"Los Angeles, CA",616,31:37,10:11,F 26-35/19,F-29,30,31:45,46.84%
84,Alyssa Zarlengo,"Playa Vista, CA",759,32:00,10:18,F 26-35/20,F-27,31,32:06,46.27%
85,Angel Grant,"Venice, CA",653,32:03,10:19,F 26-35/21,F-32,32,32:10,46.31%
86,Lisa Mazur,"Marina Del Rey, CA",797,32:04,10:19,F 26-35/22,F-26,33,32:17,46.18%
87,Jori Victor,"Los Angeles, CA",739,32:05,10:20,F 26-35/23,F-26,34,32:35,46.15%
88,Matthew Vande Werken,"Malibu, CA",736,32:13,10:23,M 26-35/27,M-30,54,32:36,40.17%
89,Elissia Villanueva,"Culver City, CA",536,32:23,10:26,F 26-35/24,F-31,35,41:31,45.78%
90,Willow Blankenship,"Los Angeles, CA",799,32:24,10:26,F 26-35/25,F-28,36,32:39,45.70%
91,Stacy Smith,"Hermosa Beach, CA",729,32:27,10:27,F 26-35/26,F-27,37,32:37,45.63%
92,Seena Mostafavipour,"Calabasas, CA",691,32:39,10:31,M 26-35/28,M-27,55,33:09,39.53%
93,Helena King,"Santa Monica, CA",779,32:46,10:33,F 26-35/27,F-29,38,32:55,45.19%
94,Ryan Dunner,"Pasadena, CA",778,32:47,10:33,M 26-35/29,M-28,56,32:55,39.37%
95,Aki Miyaji,"Woodland Hills, CA",767,32:51,10:35,M 36-50/12,M-43,57,33:01,42.54%
96,Jessica Leung,"Santa Monica, CA",1787,33:08,10:40,F 19-25/2,F-25,39,33:09,44.69%
97,Virginia Albert,"Covina, CA",615,33:10,10:41,F 26-35/28,F-26,40,33:35,44.65%
98,Craig Wong,"Monterey Park, CA",752,33:12,10:42,M 26-35/30,M-26,58,33:41,38.87%
99,Linda Lee,"Sherman Oaks, CA",680,33:17,10:43,F 26-35/29,F-27,41,33:43,44.49%
100,Nicole Friedrich,"Diamond Bar, CA",644,33:35,10:49,F 26-35/30,F-34,42,34:02,44.39%
101,John Villamar,"Arleta, CA",740,34:28,11:06,M 26-35/31,M-29,59,34:48,37.49%
102,Stephanie Hansen,"Los Angeles, CA",656,34:34,11:08,F 19-25/3,F-25,43,34:41,42.84%
103,April Marquet,"Los Angeles, CA",686,34:45,11:11,F 26-35/31,F-26,44,34:48,42.61%
104,Jaime Fernandez,"Camarillo, CA",637,34:53,11:14,M 26-35/32,M-34,60,35:25,37.62%
105,Yissel Barajas,"Camarillo, CA",621,34:54,11:14,F 26-35/32,F-35,45,35:25,42.86%
106,Brad White,"Marina Del Rey, CA",796,34:58,11:16,M 26-35/33,M-29,61,35:12,36.96%
107,B Blauyo,", CA",800,34:59,11:16,M NoAge/0,M-0,62,35:14, 0.00%
108,Rose Godinez,"Camarillo, CA",650,35:00,11:16,F 36-50/6,F-42,46,35:17,44.45%
109,Joe Benson,"Westminster, CA",622,35:04,11:17,M 26-35/34,M-29,63,35:22,36.85%
110,Vanessa Zoltan,"Encino, CA",761,35:16,11:21,F 26-35/33,F-26,47,35:21,41.99%
111,Lina Alawar,"Canyon Country, CA",531,35:17,11:22,F 36-50/7,F-48,48,35:17,46.83%
112,Kelsey Musgrave,"Los Angeles, CA",697,35:22,11:23,F 19-25/4,F-25,49,35:40,41.87%
113,Rose Gareau,"Redlands, CA",646,35:25,11:24,F 36-50/8,F-49,50,35:37,47.22%
114,Branden Weber,"Los Angeles, CA",746,35:27,11:25,M 26-35/35,M-27,64,35:42,36.41%
115,Michael Gareau,"Redlands, CA",645,35:28,11:25,M 36-50/13,M-47,65,35:38,40.62%
116,Wendy Hoglund,"Northridge, CA",530,35:42,11:30,F 51-99/4,F-59,51,36:09,53.39%
117,Gina Cota,"Newbury Park, CA",627,35:48,11:32,F 26-35/34,F-32,52,35:56,41.45%
118,Caitlin Taylor,"Santa Monica, CA",524,36:00,11:36,F 26-35/35,F-30,53,36:18,41.13%
119,Caitlin Taylor,"Santa Monica, CA",1838,36:00,11:36,F 26-35/36,F-30,54,36:18,41.13%
120,Catherine Cross,", CA",790,36:01,11:36,F 26-35/37,F-32,55,36:19,41.20%
121,K Kateriditer,", CA",788,36:02,11:36,M 26-35/36,M-32,66,36:19,36.09%
122,Tom Crouthers,"Calabasas, CA",510,36:03,11:37,M 26-35/37,M-26,67,36:03,35.80%
123,Erin Evarts,"Santa Monica, CA",511,36:04,11:37,F 26-35/38,F-31,56,36:27,41.10%
124,Lisa Sweet,"Calabasas, CA",519,36:05,11:37,F 26-35/39,F-29,57,36:27,41.04%
125,Christie Hogan,"Simi Valley, CA",659,38:29,12:24,F 26-35/40,F-33,58,38:49,38.65%
126,Brian Posalski,"Beverly Hills, CA",705,39:08,12:36,M 26-35/38,M-31,68,39:24,33.15%
127,Sarah Goodrich,"Beverly Hills, CA",651,39:12,12:37,F 26-35/41,F-26,59,39:23,37.77%
128,Clifton Moseley,"Los Angeles, CA",528,39:22,12:40,M 36-50/14,M-48,69,39:22,36.89%
129,Ashley Warne,"Pacific Palisades, CA",772,39:52,12:50,F 19-25/5,F-24,60,40:22,37.14%
130,Anthony Laurino,"North Hollywood, CA",676,39:54,12:51,M 26-35/39,M-28,70,40:24,32.34%
131,Stephanie Chang,"Malibu, CA",625,39:57,12:52,F 19-25/6,F-25,61,40:27,37.06%
132,Art Lopez,"Salinas, CA",683,40:42,13:06,M 36-50/15,M-39,71,40:51,33.31%
133,Dolores Salguero,"Ventura, CA",721,40:43,13:07,F 26-35/42,F-34,62,40:52,36.61%
134,Tingting He,"Malibu, CA",525,40:44,13:07,M 19-25/8,M-25,72,41:13,31.68%
135,Susan Mak,"Monterey Park, CA",685,41:30,13:22,F 19-25/7,F-25,63,1:05:04,35.68%
136,Luke Kwo,"San Gabriel, CA",673,41:30,13:22,M 26-35/40,M-27,73,1:05:04,31.10%
137,Amy Cathy,"Malibu, CA",795,41:55,13:30,F 19-25/8,F-25,64,42:06,35.32%
138,Eric So,"Norwalk, CA",730,42:09,13:34,M 26-35/41,M-27,74,42:37,30.62%
139,Anna Khoubian,"Los Angeles, CA",670,42:24,13:39,F 26-35/43,F-27,65,42:41,34.92%
140,Christy Shum,"Covina, CA",780,42:27,13:40,F 26-35/44,F-26,66,42:56,34.88%
141,Katy Peterson,"Los Angeles, CA",703,42:27,13:40,F 26-35/45,F-26,67,42:44,34.88%
142,Natalie-Rosanna Rebot,"Santa Monica, CA",710,42:29,13:41,F 26-35/46,F-26,68,42:29,34.85%
143,John McAllister,"Downey, CA",518,42:30,13:41,M 36-50/16,M-42,75,42:58,32.60%
144,Giselle McAllister,"Downey, CA",517,42:32,13:42,F 01-18/2,F-11,69,42:59,39.12%
145,Omegie Oghie,"Gardena, CA",1798,42:37,13:43,F 26-35/47,F-28,70,42:58,34.74%
146,Donna Pozon,"Glendale, CA",1907,42:37,13:43,F 26-35/48,F-29,71,42:58,34.74%
147,Carrie Gilchrist,"Malibu, CA",649,43:04,13:52,F 36-50/9,F-36,72,43:25,34.88%
148,Rhonda Redman,"Granada Hills, CA",711,43:43,14:05,F 51-99/5,F-52,73,44:05,39.70%
149,Sarah Gay,"Santa Monica, CA",648,44:00,14:10,F 19-25/9,F-25,74,44:04,33.65%
150,Christina Connolly,"Calabasas, CA",768,44:02,14:11,F 26-35/49,F-26,75,44:06,33.62%
151,Florie Gordovez,"Winnetka, CA",652,44:29,14:19,M 36-50/17,M-39,76,44:52,30.47%
152,Michael Christensen,"Malibu, CA",1741,44:30,14:20,M 26-35/42,M-27,77,50:04,29.00%
153,Ashley Christensen,"Malibu, CA",1740,44:31,14:20,F 26-35/50,F-26,76,50:03,33.26%
154,Karen Vogelsang,"Costa Mesa, CA",741,45:06,14:31,F 36-50/10,F-50,77,45:20,37.52%
155,Gwen Wahlquist,"Sherman Oaks, CA",1848,45:27,14:38,F 26-35/51,F-29,78,57:19,32.58%
156,Melissa Allen,"Studio City, CA",1717,45:28,14:38,F 26-35/52,F-29,79,57:19,32.56%
157,Jason Wall,"Lancaster, CA",743,45:52,14:46,M 36-50/18,M-36,78,46:27,28.93%
158,Megan Greenmyers,"Santa Monica, CA",1891,47:30,15:18,F 19-25/10,F-22,80,48:02,31.17%
159,Erin Jacobs,"Los Angeles, CA",661,47:31,15:18,F 26-35/53,F-27,81,47:48,31.16%
160,S Gerhardt,"Pasadena, CA",1765,47:51,15:24,M 26-35/43,M-30,79,47:58,27.04%
161,Kwanmada Tongton,"Malibu, CA",735,48:04,15:29,F 26-35/54,F-26,82,48:33,30.80%
162,Alexa Koblick,"Valley Village, CA",785,48:16,15:32,F 26-35/55,F-32,83,48:32,30.74%
163,Rachel Cernogorsky,"Troutman, NC",624,49:06,15:49,F 26-35/56,F-26,84,49:08,30.15%
164,Victoria Finklea,"Pacific Palisades, CA",640,49:37,15:59,F 36-50/11,F-39,85,50:04,30.71%
165,Iman Alami,"Sherman Oaks, CA",516,49:38,15:59,M 26-35/44,M-30,80,49:53,26.07%
166,Caryn Friedenthal,"Encino, CA",643,49:39,15:59,F 51-99/6,F-55,86,49:52,36.37%
167,Renee Walters,"Venice, CA",744,49:39,15:59,F 51-99/7,F-53,87,50:05,35.43%
168,Kathleen Macro,"Chatsworth, CA",684,49:39,15:59,F 36-50/12,F-48,88,49:52,33.28%
169,Vickie Robinson,"West Hills, CA",718,49:44,16:01,F 51-99/8,F-56,89,49:57,36.78%
170,Susan Dossett,"Malibu, CA",634,49:44,16:01,F 36-50/13,F-46,90,50:09,32.45%
171,Sara Robinson,"West Hills, CA",717,49:45,16:01,F 19-25/11,F-22,91,49:59,29.76%
172,Winsome Whittemore,"Malibu, CA",749,49:46,16:01,F 51-99/9,F-56,92,50:10,36.75%
173,Winnie Khoo,"Los Angeles, CA",669,50:11,16:09,F 26-35/57,F-27,93,50:40,29.50%
174,Sandeep Sathyan,"Long Beach, CA",723,50:11,16:10,M 26-35/45,M-32,81,50:36,25.91%
175,Jon D Grant,"Los Angeles, CA",654,50:13,16:10,M 26-35/46,M-27,82,50:30,25.70%
176,Shruthi Rao,"Woodland Hills, CA",709,50:14,16:10,F 19-25/12,F-25,94,50:38,29.47%
177,Shahin Ourian,"Santa Monica, CA",538,50:14,16:11,M 26-35/47,M-26,83,1:02:00,25.69%
178,Elizabeth Wright,"Los Angeles, CA",753,50:18,16:12,F 36-50/14,F-40,95,50:45,30.49%
179,Birthe Lauchengco,"Sherman Oaks, CA",675,50:23,16:13,F 36-50/15,F-40,96,50:43,30.44%
180,Lisa Atiaca,"Torrance, CA",537,50:28,16:15,F 26-35/58,F-26,97,1:02:02,29.34%
181,Jared Rothman,"Beverly Hills, CA",720,50:32,16:16,M 26-35/48,M-27,84,50:49,25.54%
182,Ha Nguyen,"Burbank, CA",1796,50:49,16:22,F 19-25/13,F-23,98,1:06:35,29.13%
183,Brooke Ruytenbeek,"Woodland Hills, CA",1819,52:24,16:52,F 26-35/59,F-32,99,52:31,28.32%
184,Jacob Ruytenbeek,"Woodland Hills, CA",1820,52:24,16:52,M 26-35/49,M-27,85,52:31,24.63%
185,Roya Javadpour,"San Luis Obispo, CA",663,52:45,16:59,F 36-50/16,F-38,100,53:07,28.72%
186,Kumar Lax,"Woodland Hills, CA",677,53:18,17:10,M 26-35/50,M-32,86,53:43,24.40%
187,Erica Rich,"Los Angeles, CA",713,56:58,18:21,F 26-35/60,F-32,101,57:22,26.05%
188,Greg Jones,"Woodland Hills, CA",533,57:01,18:21,M 26-35/51,M-26,87,57:23,22.63%
189,Candace Weber,"Los Angeles, CA",747,57:30,18:31,F 26-35/61,F-27,102,57:50,25.75%
190,Faye Moseley,"Los Angeles, CA",527,57:33,18:32,F 36-50/17,F-48,103,57:53,28.71%
191,Gayle Kirkorian,"Oakland, CA",514,58:17,18:46,F 51-99/10,F-61,104,58:44,33.64%
192,Kirsten Karlen,"Culver City, CA",515,58:17,18:46,F 26-35/62,F-31,105,58:45,25.43%
193,Nicole Elmes,"Los Angeles, CA",513,58:19,18:47,F 26-35/63,F-31,106,58:46,25.41%
194,Andrea Scott,"Malibu, CA",725,59:32,19:10,F 36-50/18,F-38,107,59:32,25.46%
195,Soomin Oh,"Los Angeles, CA",781,59:32,19:10,F 26-35/64,F-34,108,59:32,25.03%
