Bib,Name,Gender,Age,Hometown,Overall,Men,M 36-50,Age/Grade,Finish,Chip Time,Gun Time
724,Bryce Sawyer,M,43,"Ojai, CA",1 out of 195,1 out of 87,0 out of 0, 74.82% Place: 2,18:41 Pace: 6:01,18:41,18:41
641,Scott Fitzgerald,M,22,"Westlake Village, CA",2 out of 195,2 out of 87,1 out of 8, 68.56% Place: 6,18:50 Pace: 6:04,18:50,18:50
681,Sean Long,M,26,"South Pasadena, CA",3 out of 195,3 out of 87,1 out of 51, 66.61% Place: 8,19:23 Pace: 6:15,19:23,19:24
738,Hugo Velazquez,M,58,"Hawthorne, CA",4 out of 195,4 out of 87,1 out of 7, 80.65% Place: 1,19:34 Pace: 6:18,19:34,19:34
784,Roger Saenz,M,45,"Cardiff By The Sea, CA",5 out of 195,5 out of 87,1 out of 18, 71.09% Place: 5,19:58 Pace: 6:26,19:58,19:59
623,Sam Buckland,M,16,"Encino, CA",6 out of 195,6 out of 87,1 out of 1, 65.81% Place: 9,20:50 Pace: 6:43,20:50,20:51
700,Keith Noren,M,59,"Simi Valley, CA",7 out of 195,7 out of 87,2 out of 7, 74.24% Place: 3,21:26 Pace: 6:54,21:26,21:26
777,Brian Brummitt,M,27,"Los Angeles, CA",8 out of 195,8 out of 87,2 out of 51, 59.08% Place: 16,21:51 Pace: 7:02,21:51,21:57
792,Arsenio Valenzuela,M,25,"Camarillo, CA",9 out of 195,9 out of 87,2 out of 8, 58.86% Place: 17,21:56 Pace: 7:04,21:56,21:59
742,Paul Vogelsang,M,52,"Costa Mesa, CA",10 out of 195,10 out of 87,3 out of 7, 68.26% Place: 7,21:58 Pace: 7:05,21:58,21:59
776,Christoff Lombard,M,28,"Santa Monica, CA",11 out of 195,11 out of 87,3 out of 51, 58.42% Place: 18,22:06 Pace: 7:07,22:06,22:07
690,Samir Mohan,M,26,"Santa Monica, CA",12 out of 195,12 out of 87,4 out of 51, 58.37% Place: 19,22:07 Pace: 7:07,22:07,22:07
794,Mark Cathy,M,27,"Malibu, CA",13 out of 195,13 out of 87,5 out of 51, 56.13% Place: 23,23:00 Pace: 7:25,23:00,23:10
671,Erich Kreidler,M,32,"Costa Mesa, CA",14 out of 195,14 out of 87,6 out of 51, 55.48% Place: 25,23:27 Pace: 7:33,23:27,23:28
1889,Tom Didia,M,28,"Santa Monica, CA",15 out of 195,15 out of 87,7 out of 51, 54.66% Place: 29,23:37 Pace: 7:36,23:37,23:37
791,Lindsey Benson,F,22,"Camarillo, CA",16 out of 195,1 out of 108,0 out of 0, 62.85% Place: 11,23:38 Pace: 7:37,23:34,23:38
763,Steve Preiss,M,53,"Camarillo, CA",17 out of 195,16 out of 87,4 out of 7, 63.96% Place: 10,23:39 Pace: 7:37,23:39,23:40
786,Zach Green,M,30,"Venice, CA",18 out of 195,17 out of 87,8 out of 51, 54.15% Place: 30,23:54 Pace: 7:42,23:54,24:03
722,Bruce Sandzimier,M,53,"Woodland Hills, CA",19 out of 195,18 out of 87,5 out of 7, 62.64% Place: 12,24:09 Pace: 7:47,24:09,24:09
773,Paul Gift,M,32,"Marina Del Rey, CA",20 out of 195,19 out of 87,9 out of 51, 53.42% Place: 33,24:21 Pace: 7:51,24:21,24:24
620,Garth Baldwin,M,38,"Blaine, WA",21 out of 195,20 out of 87,2 out of 18, 55.05% Place: 26,24:27 Pace: 7:53,24:27,24:31
789,Mindith Rahmat,F,34,"Thousand Oaks, CA",22 out of 195,2 out of 108,1 out of 64, 60.49% Place: 14,24:39 Pace: 7:56,24:39,24:43
532,Joe Norton,M,39,"Chatsworth, CA",23 out of 195,21 out of 87,3 out of 18, 54.97% Place: 27,24:40 Pace: 7:57,24:40,24:40
635,James Dubois,M,26,"Malibu, CA",24 out of 195,22 out of 87,10 out of 51, 52.16% Place: 40,24:45 Pace: 7:58,24:45,28:31
728,Marie Smith,F,54,"Malibu, CA",25 out of 195,3 out of 108,1 out of 10, 71.63% Place: 4,24:52 Pace: 8:01,24:52,25:05
793,Greg Mastoras,M,46,"Topanga, CA",26 out of 195,23 out of 87,4 out of 18, 55.87% Place: 24,25:35 Pace: 8:14,25:35,26:09
782,Therese Gregorio,F,40,"Guelph, ON",27 out of 195,4 out of 108,1 out of 18, 59.47% Place: 15,25:48 Pace: 8:19,25:48,25:56
687,Jim Martinez,M,24,"Sherman Oaks, CA",28 out of 195,24 out of 87,3 out of 8, 49.62% Place: 49,26:01 Pace: 8:23,26:01,26:11
614,Brandon Abo,M,34,"Long Beach, CA",29 out of 195,25 out of 87,11 out of 51, 50.35% Place: 46,26:04 Pace: 8:24,26:04,26:33
771,Sarah Gilchrist,F,16,"Oak Park, CA",30 out of 195,5 out of 108,1 out of 2, 58.32% Place: 20,26:15 Pace: 8:27,26:15,26:34
520,Ben Fieman,M,24,"Santa Monica, CA",31 out of 195,26 out of 87,4 out of 8, 48.96% Place: 52,26:22 Pace: 8:30,26:22,26:22
748,Andrew Wells,M,23,"Agoura Hills, CA",32 out of 195,27 out of 87,5 out of 8, 48.89% Place: 54,26:24 Pace: 8:30,26:24,26:24
770,Yugo Hirano,M,29,"Los Angeles, CA",33 out of 195,28 out of 87,12 out of 51, 48.90% Place: 53,26:26 Pace: 8:31,26:26,26:30
775,Jason Allen,M,29,"Los Angeles, CA",34 out of 195,29 out of 87,13 out of 51, 48.41% Place: 57,26:42 Pace: 8:36,26:42,26:57
727,Jim Smith,M,55,"Malibu, CA",35 out of 195,30 out of 87,6 out of 7, 56.84% Place: 22,27:03 Pace: 8:43,27:03,27:16
698,Julie Nagle,F,30,"Santa Monica, CA",36 out of 195,6 out of 108,2 out of 64, 54.71% Place: 28,27:04 Pace: 8:43,27:04,27:11
529,John Donegan,M,27,"Great Falls, VA",37 out of 195,31 out of 87,14 out of 51, 47.43% Place: 62,27:13 Pace: 8:46,27:13,27:13
757,Dan Zarenkiewicz,M,25,"Marina Del Rey, CA",38 out of 195,32 out of 87,6 out of 8, 47.17% Place: 67,27:22 Pace: 8:49,27:22,27:26
512,Jocelyn Mayer,F,27,"Santa Monica, CA",39 out of 195,7 out of 108,3 out of 64, 53.53% Place: 32,27:40 Pace: 8:55,27:40,27:55
633,Tracy Dockery,F,34,"Canoga Park, CA",40 out of 195,8 out of 108,4 out of 64, 53.41% Place: 34,27:55 Pace: 8:59,27:55,27:59
762,David Zvonec,M,36,"Studio City, CA",41 out of 195,33 out of 87,5 out of 18, 47.10% Place: 68,28:11 Pace: 9:05,28:11,28:28
798,Krista Schnabel,F,32,"Studio City, CA",42 out of 195,9 out of 108,5 out of 64, 52.63% Place: 37,28:12 Pace: 9:05,28:12,28:30
674,Daniel Lattin,M,26,"Los Angeles, CA",43 out of 195,34 out of 87,15 out of 51, 45.69% Place: 79,28:14 Pace: 9:06,28:14,28:34
726,Michael Shapiro,M,37,"Los Angeles, CA",44 out of 195,35 out of 87,6 out of 18, 47.17% Place: 66,28:19 Pace: 9:07,28:19,28:23
1890,Peter Robinson,M,53,"West Hills, CA",45 out of 195,36 out of 87,7 out of 7, 53.38% Place: 36,28:20 Pace: 9:07,28:20,28:32
769,Yokesh Kumar,M,25,"Topanga, CA",46 out of 195,37 out of 87,7 out of 8, 45.16% Place: 83,28:35 Pace: 9:12,28:35,28:45
667,Shannon Kelley,F,41,"Santa Monica, CA",47 out of 195,10 out of 108,2 out of 18, 53.99% Place: 31,28:36 Pace: 9:13,28:36,28:45
664,Marie Joachim,F,36,"Tarzana, CA",48 out of 195,11 out of 108,3 out of 18, 52.54% Place: 38,28:36 Pace: 9:13,28:36,28:46
715,Jb Rizzo,M,36,"Santa Monica, CA",49 out of 195,38 out of 87,7 out of 18, 46.06% Place: 75,28:49 Pace: 9:17,28:49,28:54
755,Lance Yuen,M,27,"Los Angeles, CA",50 out of 195,39 out of 87,16 out of 51, 44.77% Place: 84,28:50 Pace: 9:17,28:50,28:50
662,Tamara Jacobs,F,26,"Los Angeles, CA",51 out of 195,12 out of 108,6 out of 64, 51.03% Place: 42,29:01 Pace: 9:21,29:01,29:16
665,Jason Kanshige,M,35,"Los Angeles, CA",52 out of 195,40 out of 87,17 out of 51, 45.30% Place: 81,29:07 Pace: 9:22,29:07,29:37
731,Maureen Stafford,F,28,"Santa Monica, CA",53 out of 195,13 out of 108,7 out of 64, 50.80% Place: 43,29:09 Pace: 9:23,29:09,29:13
666,Diane Karis,F,39,"Sherman Oaks, CA",54 out of 195,14 out of 108,4 out of 18, 52.26% Place: 39,29:10 Pace: 9:24,29:10,29:20
526,Jason Coller,M,26,"Sherman Oaks, CA",55 out of 195,41 out of 87,18 out of 51, 44.25% Place: 91,29:10 Pace: 9:24,29:10,29:38
719,Michael Roth,M,29,"Santa Monica, CA",56 out of 195,42 out of 87,19 out of 51, 44.18% Place: 92,29:15 Pace: 9:25,29:15,29:20
765,Ona Conte,F,29,"Topanga, CA",57 out of 195,15 out of 108,8 out of 64, 50.45% Place: 44,29:21 Pace: 9:27,29:21,29:33
774,Karen Gift,F,31,"Marina Del Rey, CA",58 out of 195,16 out of 108,9 out of 64, 50.40% Place: 45,29:24 Pace: 9:28,29:24,29:27
535,Dave Fink,M,33,"Los Angeles, CA",59 out of 195,43 out of 87,20 out of 51, 44.26% Place: 90,29:30 Pace: 9:30,29:30,29:44
534,Brook Rhoads,F,32,"Santa Monica, CA",60 out of 195,17 out of 108,10 out of 64, 50.28% Place: 47,29:31 Pace: 9:30,29:31,29:46
619,Chris Aul,M,26,"Los Angeles, CA",61 out of 195,44 out of 87,21 out of 51, 43.65% Place: 93,29:34 Pace: 9:31,29:34,29:53
708,Brian Rabinovitz,M,40,"Oak Park, CA",62 out of 195,45 out of 87,8 out of 18, 46.06% Place: 76,29:39 Pace: 9:33,29:39,29:42
658,April Hill,F,28,"Scottsdale, AZ",63 out of 195,18 out of 108,11 out of 64, 49.94% Place: 48,29:39 Pace: 9:33,29:39,29:50
688,Paula McGhee,F,40,"Camarillo, CA",64 out of 195,19 out of 108,5 out of 18, 51.28% Place: 41,29:55 Pace: 9:38,29:55,30:12
626,Adrienne Cohn,F,27,"Malibu, CA",65 out of 195,20 out of 108,12 out of 64, 49.47% Place: 50,29:56 Pace: 9:38,29:56,30:00
783,Terry Hudson,M,45,"Westlake Village, CA",66 out of 195,46 out of 87,9 out of 18, 47.41% Place: 63,29:56 Pace: 9:38,29:56,29:58
787,Debbie Vardi,F,51,"Westlake Village, CA",67 out of 195,21 out of 108,2 out of 10, 57.14% Place: 21,30:00 Pace: 9:40,30:00,30:04
647,Shannon Garrity,F,33,"Venice, CA",68 out of 195,22 out of 108,13 out of 64, 49.42% Place: 51,30:06 Pace: 9:41,30:06,30:12
760,Jon Ziebarth,M,26,"Los Angeles, CA",69 out of 195,47 out of 87,22 out of 51, 42.50% Place: 101,30:22 Pace: 9:47,30:22,30:36
521,Karl Dzioba,M,33,"Venice, CA",70 out of 195,48 out of 87,23 out of 51, 42.79% Place: 96,30:31 Pace: 9:50,30:31,30:56
672,Sudhir Kumar,M,32,"Aliso Viejo, CA",71 out of 195,49 out of 87,24 out of 51, 42.60% Place: 99,30:32 Pace: 9:50,30:32,30:34
734,Rose Talbert,F,27,"Lake Balboa, CA",72 out of 195,23 out of 108,14 out of 64, 48.45% Place: 56,30:34 Pace: 9:51,30:34,30:38
660,Marla Hudnall,F,31,"Burbank, CA",73 out of 195,24 out of 108,15 out of 64, 48.45% Place: 55,30:36 Pace: 9:51,30:36,30:39
756,Hiroaki Yura,M,27,"Los Angeles, CA",74 out of 195,50 out of 87,25 out of 51, 42.11% Place: 102,30:39 Pace: 9:52,30:39,30:46
657,Lauren Harning,F,26,"Santa Monica, CA",75 out of 195,25 out of 108,16 out of 64, 48.21% Place: 58,30:43 Pace: 9:53,30:43,30:49
706,Billy Poveda,M,50,"Los Angeles, CA",76 out of 195,51 out of 87,10 out of 18, 47.86% Place: 59,30:50 Pace: 9:56,30:50,31:02
522,Leticia Pierce,F,25,"Marina Del Rey, CA",77 out of 195,26 out of 108,1 out of 13, 47.82% Place: 60,30:58 Pace: 9:58,30:58,31:05
758,Adam Zarlengo,M,27,"Playa Vista, CA",78 out of 195,52 out of 87,26 out of 51, 41.41% Place: 106,31:10 Pace: 10:02,31:10,31:16
523,Amber Coffman,F,27,"Marina del Rey, CA",79 out of 195,27 out of 108,17 out of 64, 47.49% Place: 61,31:11 Pace: 10:03,31:11,31:18
679,Anne Lee,F,27,"Los Angeles, CA",80 out of 195,28 out of 108,18 out of 64, 47.18% Place: 65,31:23 Pace: 10:06,31:23,31:49
764,Matthew Fern,M,38,"Woodland Hills, CA",81 out of 195,53 out of 87,11 out of 18, 42.70% Place: 97,31:31 Pace: 10:09,31:31,31:48
632,Barbara Dockery,F,60,"Canoga Park, CA",82 out of 195,29 out of 108,3 out of 10, 61.34% Place: 13,31:32 Pace: 10:09,31:32,31:36
616,Candice Amorim,F,29,"Los Angeles, CA",83 out of 195,30 out of 108,19 out of 64, 46.84% Place: 69,31:37 Pace: 10:11,31:37,31:45
759,Alyssa Zarlengo,F,27,"Playa Vista, CA",84 out of 195,31 out of 108,20 out of 64, 46.27% Place: 72,32:00 Pace: 10:18,32:00,32:06
653,Angel Grant,F,32,"Venice, CA",85 out of 195,32 out of 108,21 out of 64, 46.31% Place: 71,32:03 Pace: 10:19,32:03,32:10
797,Lisa Mazur,F,26,"Marina Del Rey, CA",86 out of 195,33 out of 108,22 out of 64, 46.18% Place: 73,32:04 Pace: 10:19,32:04,32:17
739,Jori Victor,F,26,"Los Angeles, CA",87 out of 195,34 out of 108,23 out of 64, 46.15% Place: 74,32:05 Pace: 10:20,32:05,32:35
736,Matthew Vande Werken,M,30,"Malibu, CA",88 out of 195,54 out of 87,27 out of 51, 40.17% Place: 113,32:13 Pace: 10:23,32:13,32:36
536,Elissia Villanueva,F,31,"Culver City, CA",89 out of 195,35 out of 108,24 out of 64, 45.78% Place: 77,32:23 Pace: 10:26,32:23,41:31
799,Willow Blankenship,F,28,"Los Angeles, CA",90 out of 195,36 out of 108,25 out of 64, 45.70% Place: 78,32:24 Pace: 10:26,32:24,32:39
729,Stacy Smith,F,27,"Hermosa Beach, CA",91 out of 195,37 out of 108,26 out of 64, 45.63% Place: 80,32:27 Pace: 10:27,32:27,32:37
691,Seena Mostafavipour,M,27,"Calabasas, CA",92 out of 195,55 out of 87,28 out of 51, 39.53% Place: 115,32:39 Pace: 10:31,32:39,33:09
779,Helena King,F,29,"Santa Monica, CA",93 out of 195,38 out of 108,27 out of 64, 45.19% Place: 82,32:46 Pace: 10:33,32:46,32:55
778,Ryan Dunner,M,28,"Pasadena, CA",94 out of 195,56 out of 87,29 out of 51, 39.37% Place: 116,32:47 Pace: 10:33,32:47,32:55
767,Aki Miyaji,M,43,"Woodland Hills, CA",95 out of 195,57 out of 87,12 out of 18, 42.54% Place: 100,32:51 Pace: 10:35,32:51,33:01
1787,Jessica Leung,F,25,"Santa Monica, CA",96 out of 195,39 out of 108,2 out of 13, 44.69% Place: 85,33:08 Pace: 10:40,33:08,33:09
615,Virginia Albert,F,26,"Covina, CA",97 out of 195,40 out of 108,28 out of 64, 44.65% Place: 86,33:10 Pace: 10:41,33:10,33:35
752,Craig Wong,M,26,"Monterey Park, CA",98 out of 195,58 out of 87,30 out of 51, 38.87% Place: 118,33:12 Pace: 10:42,33:12,33:41
680,Linda Lee,F,27,"Sherman Oaks, CA",99 out of 195,41 out of 108,29 out of 64, 44.49% Place: 87,33:17 Pace: 10:43,33:17,33:43
644,Nicole Friedrich,F,34,"Diamond Bar, CA",100 out of 195,42 out of 108,30 out of 64, 44.39% Place: 89,33:35 Pace: 10:49,33:35,34:02
740,John Villamar,M,29,"Arleta, CA",101 out of 195,59 out of 87,31 out of 51, 37.49% Place: 123,34:28 Pace: 11:06,34:28,34:48
656,Stephanie Hansen,F,25,"Los Angeles, CA",102 out of 195,43 out of 108,3 out of 13, 42.84% Place: 95,34:34 Pace: 11:08,34:34,34:41
686,April Marquet,F,26,"Los Angeles, CA",103 out of 195,44 out of 108,31 out of 64, 42.61% Place: 98,34:45 Pace: 11:11,34:45,34:48
637,Jaime Fernandez,M,34,"Camarillo, CA",104 out of 195,60 out of 87,32 out of 51, 37.62% Place: 121,34:53 Pace: 11:14,34:53,35:25
621,Yissel Barajas,F,35,"Camarillo, CA",105 out of 195,45 out of 108,32 out of 64, 42.86% Place: 94,34:54 Pace: 11:14,34:54,35:25
796,Brad White,M,29,"Marina Del Rey, CA",106 out of 195,61 out of 87,33 out of 51, 36.96% Place: 126,34:58 Pace: 11:16,34:58,35:12
800,B Blauyo,M,0,", CA",107 out of 195,62 out of 87,0 out of 0,34:59 Pace: 11:16,34:59,35:14
650,Rose Godinez,F,42,"Camarillo, CA",108 out of 195,46 out of 108,6 out of 18, 44.45% Place: 88,35:00 Pace: 11:16,35:00,35:17
622,Joe Benson,M,29,"Westminster, CA",109 out of 195,63 out of 87,34 out of 51, 36.85% Place: 128,35:04 Pace: 11:17,35:04,35:22
761,Vanessa Zoltan,F,26,"Encino, CA",110 out of 195,47 out of 108,33 out of 64, 41.99% Place: 103,35:16 Pace: 11:21,35:16,35:21
531,Lina Alawar,F,48,"Canyon Country, CA",111 out of 195,48 out of 108,7 out of 18, 46.83% Place: 70,35:17 Pace: 11:22,35:17,35:17
697,Kelsey Musgrave,F,25,"Los Angeles, CA",112 out of 195,49 out of 108,4 out of 13, 41.87% Place: 104,35:22 Pace: 11:23,35:22,35:40
646,Rose Gareau,F,49,"Redlands, CA",113 out of 195,50 out of 108,8 out of 18, 47.22% Place: 64,35:25 Pace: 11:24,35:25,35:37
746,Branden Weber,M,27,"Los Angeles, CA",114 out of 195,64 out of 87,35 out of 51, 36.41% Place: 132,35:27 Pace: 11:25,35:27,35:42
645,Michael Gareau,M,47,"Redlands, CA",115 out of 195,65 out of 87,13 out of 18, 40.62% Place: 112,35:28 Pace: 11:25,35:28,35:38
530,Wendy Hoglund,F,59,"Northridge, CA",116 out of 195,51 out of 108,4 out of 10, 53.39% Place: 35,35:42 Pace: 11:30,35:42,36:09
627,Gina Cota,F,32,"Newbury Park, CA",117 out of 195,52 out of 108,34 out of 64, 41.45% Place: 105,35:48 Pace: 11:32,35:48,35:56
524,Caitlin Taylor,F,30,"Santa Monica, CA",118 out of 195,53 out of 108,35 out of 64, 41.13% Place: 109,36:00 Pace: 11:36,36:00,36:18
1838,Caitlin Taylor,F,30,"Santa Monica, CA",119 out of 195,54 out of 108,36 out of 64, 41.13% Place: 108,36:00 Pace: 11:36,36:00,36:18
790,Catherine Cross,F,32,", CA",120 out of 195,55 out of 108,37 out of 64, 41.20% Place: 107,36:01 Pace: 11:36,36:01,36:19
788,K Kateriditer,M,32,", CA",121 out of 195,66 out of 87,36 out of 51, 36.09% Place: 134,36:02 Pace: 11:36,36:02,36:19
510,Tom Crouthers,M,26,"Calabasas, CA",122 out of 195,67 out of 87,37 out of 51, 35.80% Place: 135,36:03 Pace: 11:37,36:03,36:03
511,Erin Evarts,F,31,"Santa Monica, CA",123 out of 195,56 out of 108,38 out of 64, 41.10% Place: 110,36:04 Pace: 11:37,36:04,36:27
519,Lisa Sweet,F,29,"Calabasas, CA",124 out of 195,57 out of 108,39 out of 64, 41.04% Place: 111,36:05 Pace: 11:37,36:05,36:27
659,Christie Hogan,F,33,"Simi Valley, CA",125 out of 195,58 out of 108,40 out of 64, 38.65% Place: 119,38:29 Pace: 12:24,38:29,38:49
705,Brian Posalski,M,31,"Beverly Hills, CA",126 out of 195,68 out of 87,38 out of 51, 33.15% Place: 152,39:08 Pace: 12:36,39:08,39:24
651,Sarah Goodrich,F,26,"Beverly Hills, CA",127 out of 195,59 out of 108,41 out of 64, 37.77% Place: 120,39:12 Pace: 12:37,39:12,39:23
528,Clifton Moseley,M,48,"Los Angeles, CA",128 out of 195,69 out of 87,14 out of 18, 36.89% Place: 127,39:22 Pace: 12:40,39:22,39:22
772,Ashley Warne,F,24,"Pacific Palisades, CA",129 out of 195,60 out of 108,5 out of 13, 37.14% Place: 124,39:52 Pace: 12:50,39:52,40:22
676,Anthony Laurino,M,28,"North Hollywood, CA",130 out of 195,70 out of 87,39 out of 51, 32.34% Place: 157,39:54 Pace: 12:51,39:54,40:24
625,Stephanie Chang,F,25,"Malibu, CA",131 out of 195,61 out of 108,6 out of 13, 37.06% Place: 125,39:57 Pace: 12:52,39:57,40:27
683,Art Lopez,M,39,"Salinas, CA",132 out of 195,71 out of 87,15 out of 18, 33.31% Place: 149,40:42 Pace: 13:06,40:42,40:51
721,Dolores Salguero,F,34,"Ventura, CA",133 out of 195,62 out of 108,42 out of 64, 36.61% Place: 131,40:43 Pace: 13:07,40:43,40:52
525,Tingting He,M,25,"Malibu, CA",134 out of 195,72 out of 87,8 out of 8, 31.68% Place: 158,40:44 Pace: 13:07,40:44,41:13
685,Susan Mak,F,25,"Monterey Park, CA",135 out of 195,63 out of 108,7 out of 13, 35.68% Place: 136,41:30 Pace: 13:22,41:30,1:05:04
673,Luke Kwo,M,27,"San Gabriel, CA",136 out of 195,73 out of 87,40 out of 51, 31.10% Place: 161,41:30 Pace: 13:22,41:30,1:05:04
795,Amy Cathy,F,25,"Malibu, CA",137 out of 195,64 out of 108,8 out of 13, 35.32% Place: 138,41:55 Pace: 13:30,41:55,42:06
730,Eric So,M,27,"Norwalk, CA",138 out of 195,74 out of 87,41 out of 51, 30.62% Place: 165,42:09 Pace: 13:34,42:09,42:37
670,Anna Khoubian,F,27,"Los Angeles, CA",139 out of 195,65 out of 108,43 out of 64, 34.92% Place: 139,42:24 Pace: 13:39,42:24,42:41
780,Christy Shum,F,26,"Covina, CA",140 out of 195,66 out of 108,44 out of 64, 34.88% Place: 142,42:27 Pace: 13:40,42:27,42:56
703,Katy Peterson,F,26,"Los Angeles, CA",141 out of 195,67 out of 108,45 out of 64, 34.88% Place: 141,42:27 Pace: 13:40,42:27,42:44
710,Natalie-Rosanna Rebot,F,26,"Santa Monica, CA",142 out of 195,68 out of 108,46 out of 64, 34.85% Place: 143,42:29 Pace: 13:41,42:29,42:29
518,John McAllister,M,42,"Downey, CA",143 out of 195,75 out of 87,16 out of 18, 32.60% Place: 153,42:30 Pace: 13:41,42:30,42:58
517,Giselle McAllister,F,11,"Downey, CA",144 out of 195,69 out of 108,2 out of 2, 39.12% Place: 117,42:32 Pace: 13:42,42:32,42:59
1798,Omegie Oghie,F,28,"Gardena, CA",145 out of 195,70 out of 108,47 out of 64, 34.74% Place: 145,42:37 Pace: 13:43,42:37,42:58
1907,Donna Pozon,F,29,"Glendale, CA",146 out of 195,71 out of 108,48 out of 64, 34.74% Place: 144,42:37 Pace: 13:43,42:37,42:58
649,Carrie Gilchrist,F,36,"Malibu, CA",147 out of 195,72 out of 108,9 out of 18, 34.88% Place: 140,43:04 Pace: 13:52,43:04,43:25
711,Rhonda Redman,F,52,"Granada Hills, CA",148 out of 195,73 out of 108,5 out of 10, 39.70% Place: 114,43:43 Pace: 14:05,43:43,44:05
648,Sarah Gay,F,25,"Santa Monica, CA",149 out of 195,74 out of 108,9 out of 13, 33.65% Place: 146,44:00 Pace: 14:10,44:00,44:04
768,Christina Connolly,F,26,"Calabasas, CA",150 out of 195,75 out of 108,49 out of 64, 33.62% Place: 148,44:02 Pace: 14:11,44:02,44:06
652,Florie Gordovez,M,39,"Winnetka, CA",151 out of 195,76 out of 87,17 out of 18, 30.47% Place: 167,44:29 Pace: 14:19,44:29,44:52
1741,Michael Christensen,M,27,"Malibu, CA",152 out of 195,77 out of 87,42 out of 51, 29.00% Place: 175,44:30 Pace: 14:20,44:30,50:04
1740,Ashley Christensen,F,26,"Malibu, CA",153 out of 195,76 out of 108,50 out of 64, 33.26% Place: 151,44:31 Pace: 14:20,44:31,50:03
741,Karen Vogelsang,F,50,"Costa Mesa, CA",154 out of 195,77 out of 108,10 out of 18, 37.52% Place: 122,45:06 Pace: 14:31,45:06,45:20
1848,Gwen Wahlquist,F,29,"Sherman Oaks, CA",155 out of 195,78 out of 108,51 out of 64, 32.58% Place: 154,45:27 Pace: 14:38,45:27,57:19
1717,Melissa Allen,F,29,"Studio City, CA",156 out of 195,79 out of 108,52 out of 64, 32.56% Place: 155,45:28 Pace: 14:38,45:28,57:19
743,Jason Wall,M,36,"Lancaster, CA",157 out of 195,78 out of 87,18 out of 18, 28.93% Place: 176,45:52 Pace: 14:46,45:52,46:27
1891,Megan Greenmyers,F,22,"Santa Monica, CA",158 out of 195,80 out of 108,10 out of 13, 31.17% Place: 159,47:30 Pace: 15:18,47:30,48:02
661,Erin Jacobs,F,27,"Los Angeles, CA",159 out of 195,81 out of 108,53 out of 64, 31.16% Place: 160,47:31 Pace: 15:18,47:31,47:48
1765,S Gerhardt,M,30,"Pasadena, CA",160 out of 195,79 out of 87,43 out of 51, 27.04% Place: 180,47:51 Pace: 15:24,47:51,47:58
735,Kwanmada Tongton,F,26,"Malibu, CA",161 out of 195,82 out of 108,54 out of 64, 30.80% Place: 162,48:04 Pace: 15:29,48:04,48:33
785,Alexa Koblick,F,32,"Valley Village, CA",162 out of 195,83 out of 108,55 out of 64, 30.74% Place: 163,48:16 Pace: 15:32,48:16,48:32
624,Rachel Cernogorsky,F,26,"Troutman, NC",163 out of 195,84 out of 108,56 out of 64, 30.15% Place: 169,49:06 Pace: 15:49,49:06,49:08
640,Victoria Finklea,F,39,"Pacific Palisades, CA",164 out of 195,85 out of 108,11 out of 18, 30.71% Place: 164,49:37 Pace: 15:59,49:37,50:04
516,Iman Alami,M,30,"Sherman Oaks, CA",165 out of 195,80 out of 87,44 out of 51, 26.07% Place: 181,49:38 Pace: 15:59,49:38,49:53
643,Caryn Friedenthal,F,55,"Encino, CA",166 out of 195,86 out of 108,6 out of 10, 36.37% Place: 133,49:39 Pace: 15:59,49:39,49:52
744,Renee Walters,F,53,"Venice, CA",167 out of 195,87 out of 108,7 out of 10, 35.43% Place: 137,49:39 Pace: 15:59,49:39,50:05
684,Kathleen Macro,F,48,"Chatsworth, CA",168 out of 195,88 out of 108,12 out of 18, 33.28% Place: 150,49:39 Pace: 15:59,49:39,49:52
718,Vickie Robinson,F,56,"West Hills, CA",169 out of 195,89 out of 108,8 out of 10, 36.78% Place: 129,49:44 Pace: 16:01,49:44,49:57
634,Susan Dossett,F,46,"Malibu, CA",170 out of 195,90 out of 108,13 out of 18, 32.45% Place: 156,49:44 Pace: 16:01,49:44,50:09
717,Sara Robinson,F,22,"West Hills, CA",171 out of 195,91 out of 108,11 out of 13, 29.76% Place: 170,49:45 Pace: 16:01,49:45,49:59
749,Winsome Whittemore,F,56,"Malibu, CA",172 out of 195,92 out of 108,9 out of 10, 36.75% Place: 130,49:46 Pace: 16:01,49:46,50:10
669,Winnie Khoo,F,27,"Los Angeles, CA",173 out of 195,93 out of 108,57 out of 64, 29.50% Place: 171,50:11 Pace: 16:09,50:11,50:40
723,Sandeep Sathyan,M,32,"Long Beach, CA",174 out of 195,81 out of 87,45 out of 51, 25.91% Place: 183,50:11 Pace: 16:10,50:11,50:36
654,Jon D Grant,M,27,"Los Angeles, CA",175 out of 195,82 out of 87,46 out of 51, 25.70% Place: 185,50:13 Pace: 16:10,50:13,50:30
709,Shruthi Rao,F,25,"Woodland Hills, CA",176 out of 195,94 out of 108,12 out of 13, 29.47% Place: 172,50:14 Pace: 16:10,50:14,50:38
538,Shahin Ourian,M,26,"Santa Monica, CA",177 out of 195,83 out of 87,47 out of 51, 25.69% Place: 186,50:14 Pace: 16:11,50:14,1:02:00
753,Elizabeth Wright,F,40,"Los Angeles, CA",178 out of 195,95 out of 108,14 out of 18, 30.49% Place: 166,50:18 Pace: 16:12,50:18,50:45
675,Birthe Lauchengco,F,40,"Sherman Oaks, CA",179 out of 195,96 out of 108,15 out of 18, 30.44% Place: 168,50:23 Pace: 16:13,50:23,50:43
537,Lisa Atiaca,F,26,"Torrance, CA",180 out of 195,97 out of 108,58 out of 64, 29.34% Place: 173,50:28 Pace: 16:15,50:28,1:02:02
720,Jared Rothman,M,27,"Beverly Hills, CA",181 out of 195,84 out of 87,48 out of 51, 25.54% Place: 187,50:32 Pace: 16:16,50:32,50:49
1796,Ha Nguyen,F,23,"Burbank, CA",182 out of 195,98 out of 108,13 out of 13, 29.13% Place: 174,50:49 Pace: 16:22,50:49,1:06:35
1819,Brooke Ruytenbeek,F,32,"Woodland Hills, CA",183 out of 195,99 out of 108,59 out of 64, 28.32% Place: 179,52:24 Pace: 16:52,52:24,52:31
1820,Jacob Ruytenbeek,M,27,"Woodland Hills, CA",184 out of 195,85 out of 87,49 out of 51, 24.63% Place: 192,52:24 Pace: 16:52,52:24,52:31
663,Roya Javadpour,F,38,"San Luis Obispo, CA",185 out of 195,100 out of 108,16 out of 18, 28.72% Place: 177,52:45 Pace: 16:59,52:45,53:07
677,Kumar Lax,M,32,"Woodland Hills, CA",186 out of 195,86 out of 87,50 out of 51, 24.40% Place: 193,53:18 Pace: 17:10,53:18,53:43
713,Erica Rich,F,32,"Los Angeles, CA",187 out of 195,101 out of 108,60 out of 64, 26.05% Place: 182,56:58 Pace: 18:21,56:58,57:22
533,Greg Jones,M,26,"Woodland Hills, CA",188 out of 195,87 out of 87,51 out of 51, 22.63% Place: 194,57:01 Pace: 18:21,57:01,57:23
747,Candace Weber,F,27,"Los Angeles, CA",189 out of 195,102 out of 108,61 out of 64, 25.75% Place: 184,57:30 Pace: 18:31,57:30,57:50
527,Faye Moseley,F,48,"Los Angeles, CA",190 out of 195,103 out of 108,17 out of 18, 28.71% Place: 178,57:33 Pace: 18:32,57:33,57:53
514,Gayle Kirkorian,F,61,"Oakland, CA",191 out of 195,104 out of 108,10 out of 10, 33.64% Place: 147,58:17 Pace: 18:46,58:17,58:44
515,Kirsten Karlen,F,31,"Culver City, CA",192 out of 195,105 out of 108,62 out of 64, 25.43% Place: 189,58:17 Pace: 18:46,58:17,58:45
513,Nicole Elmes,F,31,"Los Angeles, CA",193 out of 195,106 out of 108,63 out of 64, 25.41% Place: 190,58:19 Pace: 18:47,58:19,58:46
725,Andrea Scott,F,38,"Malibu, CA",194 out of 195,107 out of 108,18 out of 18, 25.46% Place: 188,59:32 Pace: 19:10,59:32,59:32
781,Soomin Oh,F,34,"Los Angeles, CA",195 out of 195,108 out of 108,64 out of 64, 25.03% Place: 191,59:32 Pace: 19:10,59:32,59:32
