
128,Jonathan Leuth,M,34,"Santa Monica, CA",18 out of 124,16 out of 54,11 out of 36, 54.31% Place: 34,24:10 Pace: 7:47,24:10,24:15
87,Dawn Gillam,F,26,"Pasadena, CA",24 out of 124,5 out of 70,1 out of 48, 58.31% Place: 15,25:23 Pace: 8:11,25:23,25:26
89,Leo Goldbard,M,29,"Los Angeles, CA",25 out of 124,20 out of 54,15 out of 36, 50.82% Place: 42,25:26 Pace: 8:12,25:26,25:39
48,Alison Clark,F,22,"Malibu, CA",28 out of 124,7 out of 70,3 out of 48, 57.59% Place: 18,25:43 Pace: 8:17,25:43,25:54
202,Jackie Stahl,F,27,"Los Angeles, CA",30 out of 124,8 out of 70,4 out of 48, 57.22% Place: 20,25:53 Pace: 8:20,25:53,26:12
73,Angela Ferris,F,30,"Santa Clarita, CA",31 out of 124,9 out of 70,5 out of 48, 55.74% Place: 27,26:34 Pace: 8:33,26:34,26:48
191,Rajeshree Shah,F,29,"Sherman Oaks, CA",36 out of 124,13 out of 70,9 out of 48, 53.98% Place: 35,27:26 Pace: 8:50,27:26,27:31
201,Maureen Stafford,F,29,"Santa Monica, CA",44 out of 124,17 out of 70,11 out of 48, 52.51% Place: 39,28:12 Pace: 9:05,28:12,28:20
312,Adrienne Cohn,F,28,"Malibu, CA",46 out of 124,18 out of 70,12 out of 48, 52.39% Place: 40,28:16 Pace: 9:06,28:16,28:24
221,Frankie Warren,M,24,"Rancho Santa Fe, CA",47 out of 124,29 out of 54,18 out of 36, 44.90% Place: 69,28:45 Pace: 9:15,28:45,28:54
361,Stephen Rishoff,M,60,"Agoura Hills, CA",49 out of 124,31 out of 54,12 out of 16, 54.94% Place: 30,29:12 Pace: 9:24,29:12,29:15
169,Mike Ramirez,M,27,"Los Angeles, CA",58 out of 124,38 out of 54,25 out of 36, 42.81% Place: 82,30:09 Pace: 9:43,30:09,30:13
92,Michelle Grinblat,F,22,"Los Angeles, CA",61 out of 124,22 out of 70,15 out of 48, 48.29% Place: 52,30:40 Pace: 9:53,30:40,30:51
25,Janene Bassett,F,37,"Los Angeles, CA",64 out of 124,23 out of 70,5 out of 17, 48.66% Place: 49,31:01 Pace: 9:59,31:01,31:07
115,Phoebe Kiekhofer,F,14,"Santa Monica, CA",66 out of 124,24 out of 70,3 out of 4, 50.54% Place: 43,31:07 Pace: 10:01,31:07,31:09
180,Amanda Rose,F,26,"Los Angeles, CA",67 out of 124,25 out of 70,16 out of 48, 47.59% Place: 54,31:07 Pace: 10:01,31:07,31:11
74,Catherine Fiman,F,24,"Los Angeles, CA",73 out of 124,29 out of 70,20 out of 48, 46.91% Place: 61,31:34 Pace: 10:10,31:34,31:44
210,Kimber Stoutland,F,26,"Northridge, CA",74 out of 124,30 out of 70,21 out of 48, 46.32% Place: 62,31:58 Pace: 10:18,31:58,32:12
216,Brandi Tiemeyer,F,39,"Ventura, CA",76 out of 124,32 out of 70,7 out of 17, 47.21% Place: 55,32:17 Pace: 10:24,32:17,32:33
346,Michelle Chan,F,32,"Winnetka, CA",77 out of 124,33 out of 70,22 out of 48, 45.50% Place: 66,32:36 Pace: 10:30,32:36,32:47
46,Regina Cheung,F,31,"Pasadena, CA",78 out of 124,34 out of 70,23 out of 48, 45.13% Place: 67,32:51 Pace: 10:35,32:51,33:03
176,Lesley Roberts,F,41,"Culver City, CA",79 out of 124,35 out of 70,8 out of 17, 46.93% Place: 60,32:54 Pace: 10:36,32:54,33:04
150,Ken Ng,M,34,"Pasadena, CA",80 out of 124,45 out of 54,31 out of 36, 39.89% Place: 99,32:54 Pace: 10:36,32:54,33:06
17,Abigail Aquino,F,23,"Long Beach, CA",82 out of 124,36 out of 70,24 out of 48, 44.94% Place: 68,32:57 Pace: 10:37,32:57,33:02
105,Allison Irete,F,43,"Newbury Park, CA",85 out of 124,39 out of 70,10 out of 17, 46.31% Place: 63,33:53 Pace: 10:55,33:53,34:07
379,Jennifer Green,F,25,"Santa Monica, CA",88 out of 124,42 out of 70,28 out of 48, 42.82% Place: 81,34:35 Pace: 11:08,34:35,34:42
156,Alicia Oran,F,38,"West Covina, CA",90 out of 124,43 out of 70,11 out of 17, 42.01% Place: 86,36:05 Pace: 11:37,36:05,36:22
205,Sarah Stephens,F,30,"Los Angeles, CA",92 out of 124,45 out of 70,30 out of 48, 40.55% Place: 95,36:31 Pace: 11:46,36:31,36:47
198,Stephanie Smolinski,F,29,"Los Angeles, CA",93 out of 124,46 out of 70,31 out of 48, 40.53% Place: 96,36:32 Pace: 11:46,36:32,36:47
108,Tamara Jacobs,F,27,"Los Angeles, CA",95 out of 124,48 out of 70,33 out of 48, 40.02% Place: 97,37:00 Pace: 11:55,37:00,37:11
127,Robert Lepore,M,58,"Valencia, CA",99 out of 124,48 out of 54,14 out of 16, 40.67% Place: 94,38:47 Pace: 12:29,38:47,38:54
192,Jennifer Siemer,F,26,"Calabasas, CA",104 out of 124,55 out of 70,40 out of 48, 37.34% Place: 109,39:39 Pace: 12:46,39:39,39:46
32,Heather Bowler,F,31,"Simi Valley, CA",106 out of 124,56 out of 70,41 out of 48, 36.98% Place: 111,40:05 Pace: 12:54,40:05,40:05
330,Jackie Lamont,F,23,"La Habra, CA",110 out of 124,59 out of 70,43 out of 48, 36.23% Place: 113,40:52 Pace: 13:10,40:52,41:09
331,Evie Rink,F,3,"Malibu, CA",112 out of 124,60 out of 70,4 out of 4,43:43 Pace: 14:05,43:43,43:43
78,Jamie Fowler,F,26,"Thousand Oaks, CA",114 out of 124,62 out of 70,45 out of 48, 33.04% Place: 114,44:49 Pace: 14:26,44:49,45:02
57,Blanca Cuevas,F,49,"Canyon Country, CA",116 out of 124,64 out of 70,14 out of 17, 37.16% Place: 110,45:00 Pace: 14:29,45:00,45:09
318,Maria Cueva,F,62,"Los Angeles, CA",119 out of 124,66 out of 70,15 out of 17, 42.03% Place: 85,47:22 Pace: 15:15,47:22,47:45
316,Kendra Cueva,F,28,"Hawthorne, CA",120 out of 124,67 out of 70,47 out of 48, 31.22% Place: 120,47:25 Pace: 15:16,47:25,47:47
317,Joanne Grant,F,63,"Los Angeles, CA",121 out of 124,68 out of 70,16 out of 17, 42.06% Place: 84,48:00 Pace: 15:27,48:00,48:12
90,Carole Goldberg,F,62,"Los Angeles, CA",122 out of 124,69 out of 70,17 out of 17, 41.44% Place: 88,48:02 Pace: 15:28,48:02,48:14
159,Shefali Patel,F,28,"Playa Del Rey, CA",123 out of 124,70 out of 70,48 out of 48, 30.45% Place: 121,48:37 Pace: 15:39,48:37,48:59
