Place,Name,Location,Bib,Net Time,Pace,Division/Place,Sex-Age,Sex-Place,Gun Time,Age Grade
1,Sean Kennedy,"Venice, CA",304,16:50,5:25,M 19-35/0,M-25,1,16:50,76.86%
2,Doug Close,"North Hollywood, CA",49,17:51,5:45,M 19-35/1,M-25,2,17:54,72.34%
3,Steve Arce,"Malibu, CA",370,19:55,6:25,M 36-99/1,M-45,3,19:57,71.27%
4,Gregory Doll,"Manhattan Beach, CA",65,21:05,6:48,M 36-99/2,M-38,4,21:07,63.84%
5,Patrick Frontiera,"Westchester, CA",82,21:34,6:57,M 36-99/3,M-36,5,21:38,61.56%
6,Leslie Cohen,"Santa Monica, CA",51,21:41,6:59,F 36-99/0,F-54,1,21:41,82.28%
7,Garrett Miller,"Woodland Hills, CA",141,21:48,7:01,M 19-35/2,M-23,6,22:01,59.22%
8,Barrett Wilson,"Woodland Hills, CA",226,22:24,7:13,M 19-35/3,M-23,7,22:36,57.63%
9,Eric Cohen,"Los Angeles, CA",50,22:36,7:17,M 19-35/4,M-30,8,22:40,57.27%
10,Brady Wilson,"Riverside, CA",227,22:47,7:20,M 19-35/5,M-26,9,23:00,56.66%
11,Matthew Reitmeier,"Los Angeles, CA",350,23:08,7:27,M 19-35/6,M-29,10,23:14,55.88%
12,Paul Gift,"Marina Del Rey, CA",325,23:12,7:28,M 19-35/7,M-33,11,23:17,56.29%
13,Harley Arce,"Malibu, CA",353,23:17,7:30,F 01-18/1,F-18,2,23:19,64.33%
14,Dusty Nabor,"Westlake Village, CA",146,23:20,7:31,M 19-35/8,M-34,12,23:23,56.25%
15,Andrew Agress,"Pasadena, CA",378,23:20,7:31,M 19-35/9,M-34,13,23:25,56.25%
16,Mark Holkey,"San Antonio, TX",101,23:25,7:33,M 36-99/4,M-45,14,23:29,60.57%
17,Darren Quinn,"Agoura Hills, CA",321,23:30,7:34,M 19-35/10,M-27,15,23:36,54.93%
18,Jonathan Leuth,"Santa Monica, CA",128,24:10,7:47,M 19-35/11,M-34,16,24:15,54.31%
19,Travis Brewer,"Santa Monica, CA",34,24:10,7:47,M 19-35/12,M-27,17,24:16,53.42%
20,Roman Chemeris,"Los Angeles, CA",369,24:23,7:51,M 19-35/13,M-23,18,24:27,52.94%
21,John Lobato,"Los Angeles, CA",129,24:44,7:58,M 19-35/14,M-27,19,24:56,52.19%
22,Rachel Kiekhofer,"Santa Monica, CA",116,24:50,8:00,F 01-18/2,F-14,3,24:51,63.33%
23,Kari J Lasser,"Playa Del Rey, CA",124,25:00,8:03,F 36-99/1,F-41,4,25:07,61.77%
24,Dawn Gillam,"Pasadena, CA",87,25:23,8:11,F 19-35/1,F-26,5,25:26,58.31%
25,Leo Goldbard,"Los Angeles, CA",89,25:26,8:12,M 19-35/15,M-29,20,25:39,50.82%
26,Melissa George,"Oak Park, CA",86,25:28,8:12,F 19-35/2,F-29,6,25:32,58.15%
27,Frank Cuevas,"Canyon Country, CA",58,25:28,8:12,M 36-99/5,M-52,21,25:35,58.87%
28,Alison Clark,"Malibu, CA",48,25:43,8:17,F 19-35/3,F-22,7,25:54,57.59%
29,Dan Freeman,"Los Angeles, CA",80,25:49,8:19,M 19-35/16,M-28,22,25:52,50.00%
30,Jackie Stahl,"Los Angeles, CA",202,25:53,8:20,F 19-35/4,F-27,8,26:12,57.22%
31,Angela Ferris,"Santa Clarita, CA",73,26:34,8:33,F 19-35/5,F-30,9,26:48,55.74%
32,Tanya Kiatkulpiboone,"Calabasas, CA",114,26:43,8:36,F 19-35/6,F-27,10,26:53,55.43%
33,Seena Mostafavipour,"Calabasas, CA",142,27:12,8:46,F 19-35/7,F-28,11,27:23,54.45%
34,David Zvonec,"Studio City, CA",233,27:12,8:46,M 36-99/6,M-37,23,27:21,49.11%
35,Rebecca Korb,"Thousand Oaks, CA",118,27:12,8:46,F 19-35/8,F-34,12,27:26,54.81%
36,Rajeshree Shah,"Sherman Oaks, CA",191,27:26,8:50,F 19-35/9,F-29,13,27:31,53.98%
37,Keith Prokop,"Los Angeles, CA",315,27:39,8:54,M 36-99/7,M-37,24,27:47,48.31%
38,Marion Martinez,"Culver City, CA",352,27:43,8:56,F 19-35/10,F-27,14,27:47,53.43%
39,Ronald Korb,"Thousand Oaks, CA",119,27:43,8:56,M 36-99/8,M-43,25,27:57,50.42%
40,Fariba Dadko,"Santa Monica, CA",59,27:44,8:56,F 36-99/2,F-40,15,27:58,55.32%
41,Jason Kanshige,"Los Angeles, CA",111,27:44,8:56,M 36-99/9,M-36,26,28:02,47.87%
42,Leslie Wilson,"Santa Monica, CA",228,27:50,8:58,F 36-99/3,F-42,16,28:05,55.90%
43,Lawrence Browning,"Los Angeles, CA",36,27:58,9:00,M 36-99/10,M-43,27,28:07,49.97%
44,Maureen Stafford,"Santa Monica, CA",201,28:12,9:05,F 19-35/11,F-29,17,28:20,52.51%
45,Dominic Franceschi,"Hermosa Beach, CA",79,28:15,9:06,M 19-35/17,M-29,28,28:18,45.75%
46,Adrienne Cohn,"Malibu, CA",312,28:16,9:06,F 19-35/12,F-28,18,28:24,52.39%
47,Frankie Warren,"Rancho Santa Fe, CA",221,28:45,9:15,M 19-35/18,M-24,29,28:54,44.90%
48,Bill Kennedy,"Riverside, CA",362,28:51,9:18,M 36-99/11,M-79,30,28:56,71.21%
49,Stephen Rishoff,"Agoura Hills, CA",361,29:12,9:24,M 36-99/12,M-60,31,29:15,54.94%
50,Gail Bennett,", CA",397,29:13,9:24,F 36-99/4,F-53,19,29:15,60.22%
51,Josh Glass,"Los Angeles, CA",380,29:26,9:29,M 19-35/19,M-26,32,29:37,43.85%
52,Matthew Vande Werken,"Los Angeles, CA",218,29:36,9:32,M 19-35/20,M-31,33,29:53,43.83%
53,Yaya Zhou,"Agoura Hills, CA",366,29:37,9:32,F 19-35/13,F-21,20,29:42,50.00%
54,Rolando Estrada,"Oxnard, CA",313,29:38,9:33,M 19-35/21,M-29,34,29:46,43.61%
55,Brett Spaulding,"Los Angeles, CA",200,29:44,9:35,M 19-35/22,M-27,35,29:52,43.41%
56,John Murray Jr,"Sherman Oaks, CA",145,29:49,9:36,M 19-35/23,M-30,36,29:59,43.40%
57,Brian Freire,"Newport Beach, CA",81,30:00,9:40,M 19-35/24,M-32,37,30:00,43.33%
58,Mike Ramirez,"Los Angeles, CA",169,30:09,9:43,M 19-35/25,M-27,38,30:13,42.81%
59,Christopher George,"Oak Park, CA",85,30:36,9:51,M 19-35/26,M-34,39,30:42,42.89%
60,Karen Gift,"Marina Del Rey, CA",371,30:38,9:52,F 19-35/14,F-32,21,30:43,48.45%
61,Michelle Grinblat,"Los Angeles, CA",92,30:40,9:53,F 19-35/15,F-22,22,30:51,48.29%
62,Bryan Zirkel,"Marina Del Rey, CA",333,30:45,9:54,M 19-35/27,M-30,40,30:54,42.08%
63,Dan Bowler,"Simi Valley, CA",31,30:46,9:54,M 36-99/13,M-37,41,30:46,43.41%
64,Janene Bassett,"Los Angeles, CA",25,31:01,9:59,F 36-99/5,F-37,23,31:07,48.66%
65,Xerxes Dubash,"Santa Monica, CA",359,31:02,10:00,M 19-35/28,M-29,42,31:06,41.64%
66,Phoebe Kiekhofer,"Santa Monica, CA",115,31:07,10:01,F 01-18/3,F-14,24,31:09,50.54%
67,Amanda Rose,"Los Angeles, CA",180,31:07,10:01,F 19-35/16,F-26,25,31:11,47.59%
68,Lauren Limbert,"Santa Ana, CA",384,31:27,10:08,F 19-35/17,F-25,26,31:33,47.08%
69,Ken Marion,"Los Angeles, CA",135,31:28,10:08,M 19-35/29,M-28,43,31:35,41.02%
70,Sabrina Young,"Los Angeles, CA",230,31:29,10:08,F 19-35/18,F-20,27,31:39,47.03%
71,Kirk Badii,"Pacific Palisades, CA",22,31:31,10:09,M 19-35/30,M-33,44,31:36,41.43%
72,Elisha Agee,"Los Angeles, CA",13,31:33,10:10,F 19-35/19,F-25,28,31:43,46.93%
73,Catherine Fiman,"Los Angeles, CA",74,31:34,10:10,F 19-35/20,F-24,29,31:44,46.91%
74,Kimber Stoutland,"Northridge, CA",210,31:58,10:18,F 19-35/21,F-26,30,32:12,46.32%
75,Yessenia Disla,"West Hollywood, CA",64,32:07,10:21,F 36-99/6,F-37,31,32:17,46.99%
76,Brandi Tiemeyer,"Ventura, CA",216,32:17,10:24,F 36-99/7,F-39,32,32:33,47.21%
77,Michelle Chan,"Winnetka, CA",346,32:36,10:30,F 19-35/22,F-32,33,32:47,45.50%
78,Regina Cheung,"Pasadena, CA",46,32:51,10:35,F 19-35/23,F-31,34,33:03,45.13%
79,Lesley Roberts,"Culver City, CA",176,32:54,10:36,F 36-99/8,F-41,35,33:04,46.93%
80,Ken Ng,"Pasadena, CA",150,32:54,10:36,M 19-35/31,M-34,45,33:06,39.89%
81,Alex Hovsepian,"Glendale, CA",103,32:55,10:36,M 19-35/32,M-25,46,33:18,39.21%
82,Abigail Aquino,"Long Beach, CA",17,32:57,10:37,F 19-35/24,F-23,36,33:02,44.94%
83,Kristren Bardwill,"Los Angeles, CA",381,33:03,10:39,F 19-35/25,F-28,37,33:12,44.80%
84,Tiffany Storms,"Redondo Beach, CA",209,33:18,10:43,F 36-99/9,F-39,38,33:33,45.77%
85,Allison Irete,"Newbury Park, CA",105,33:53,10:55,F 36-99/10,F-43,39,34:07,46.31%
86,Jessica Bardwil,"Santa Monica, CA",382,34:20,11:03,F 19-35/26,F-24,40,34:28,43.13%
87,Meaghan Galindo,"Palm Desert, CA",324,34:34,11:08,F 19-35/27,F-25,41,34:40,42.84%
88,Jennifer Green,"Santa Monica, CA",379,34:35,11:08,F 19-35/28,F-25,42,34:42,42.82%
89,Brad Tiemeyer,"Ventura, CA",215,34:38,11:09,M 19-35/33,M-35,47,34:55,38.08%
90,Alicia Oran,"West Covina, CA",156,36:05,11:37,F 36-99/11,F-38,43,36:22,42.01%
91,Kristen Karanikolas,"Valley Village, CA",112,36:11,11:39,F 19-35/29,F-28,44,36:25,40.92%
92,Sarah Stephens,"Los Angeles, CA",205,36:31,11:46,F 19-35/30,F-30,45,36:47,40.55%
93,Stephanie Smolinski,"Los Angeles, CA",198,36:32,11:46,F 19-35/31,F-29,46,36:47,40.53%
94,Maya Pogoda,"Los Angeles, CA",165,36:44,11:50,F 19-35/32,F-35,47,36:56,40.72%
95,Tamara Jacobs,"Los Angeles, CA",108,37:00,11:55,F 19-35/33,F-27,48,37:11,40.02%
96,Nicole Strober,"Los Angeles, CA",211,37:02,11:55,F 19-35/34,F-27,49,37:13,39.98%
97,Andrea Ambrose,"Los Angeles, CA",15,37:18,12:01,F 19-35/35,F-27,50,37:27,39.70%
98,Erin Jacobs,"Los Angeles, CA",107,38:23,12:22,F 19-35/36,F-28,51,38:33,38.58%
99,Robert Lepore,"Valencia, CA",127,38:47,12:29,M 36-99/14,M-58,48,38:54,40.67%
100,Kaitlin Cullum,"Santa Monica, CA",383,38:51,12:31,F 19-35/37,F-23,52,39:00,38.11%
101,Karla Diaz,"Santa Monica, CA",63,39:11,12:37,F 19-35/38,F-34,53,39:22,38.04%
102,Destri Martino,"Agoura Hills, CA",137,39:11,12:37,F 19-35/39,F-35,54,39:23,38.17%
103,Scott Siemer,"Calabasas, CA",193,39:38,12:46,M 19-35/34,M-28,49,39:46,32.56%
104,Jennifer Siemer,"Calabasas, CA",192,39:39,12:46,F 19-35/40,F-26,55,39:46,37.34%
105,Steven Inocente,"Sun Valley, CA",328,40:03,12:54,M 36-99/15,M-53,50,40:10,37.76%
106,Heather Bowler,"Simi Valley, CA",32,40:05,12:54,F 19-35/41,F-31,56,40:05,36.98%
107,Paul Zagala,"Thousand Oaks, CA",327,40:08,12:55,M 19-35/35,M-35,51,40:19,32.86%
108,Danielle Schrage,"Canyon Country, CA",184,40:10,12:56,F 19-35/42,F-27,57,40:24,36.86%
109,Kathleen Salzer,"Sylmar, CA",181,40:26,13:01,F 36-99/12,F-38,58,40:42,37.48%
110,Jackie Lamont,"La Habra, CA",330,40:52,13:10,F 19-35/43,F-23,59,41:09,36.23%
111,Ivan Stoilkovich,"Malibu, CA",208,43:05,13:52,M 36-99/16,M-44,52,43:05,32.66%
112,Evie Rink,"Malibu, CA",331,43:43,14:05,F 01-18/4,F-3,60,43:43, 0.00%
113,Katharine Peterson,"Santa Monica, CA",160,44:49,14:26,F 19-35/44,F-27,61,45:02,33.04%
114,Jamie Fowler,"Thousand Oaks, CA",78,44:49,14:26,F 19-35/45,F-26,62,45:02,33.04%
115,Lynne Lepore,"Valencia, CA",126,44:59,14:29,F 36-99/13,F-57,63,45:09,41.22%
116,Blanca Cuevas,"Canyon Country, CA",57,45:00,14:29,F 36-99/14,F-49,64,45:09,37.16%
117,Anthony Crowell,"Sylmar, CA",55,47:12,15:12,M 01-18/1,M-17,53,47:29,28.61%
118,Jessica Stanford,"Los Angeles, CA",203,47:13,15:12,F 19-35/46,F-27,65,47:26,31.36%
119,Maria Cueva,"Los Angeles, CA",318,47:22,15:15,F 36-99/15,F-62,66,47:45,42.03%
120,Kendra Cueva,"Hawthorne, CA",316,47:25,15:16,F 19-35/47,F-28,67,47:47,31.22%
121,Joanne Grant,"Los Angeles, CA",317,48:00,15:27,F 36-99/16,F-63,68,48:12,42.06%
122,Carole Goldberg,"Los Angeles, CA",90,48:02,15:28,F 36-99/17,F-62,69,48:14,41.44%
123,Shefali Patel,"Playa Del Rey, CA",159,48:37,15:39,F 19-35/48,F-28,70,48:59,30.45%
124,Jon Grant,"Los Angeles, CA",91,55:02,17:43,M 19-35/36,M-28,54,55:42,23.45%
