Bib,Name,Gender,Age,Hometown,Overall,Men,M 20-29,Finish,Chip Time,Gun Time
82,Kevin Chaves,M,24,"Pasadena, CA",1 out of 274,1 out of 181,1 out of 19,58:50 Pace: 6:51,58:50,58:50
158,John Howard Iii,M,22,"Sacramento, CA",2 out of 274,2 out of 181,2 out of 19,1:08:30 Pace: 7:58,1:08:30,1:08:30
90,Simon Cooper,M,40,"Sierra Madre, CA",3 out of 274,3 out of 181,1 out of 56,1:09:46 Pace: 8:07,1:09:46,1:09:46
33,Sergio Arias,M,26,"Los Angeles, CA",5 out of 274,5 out of 181,3 out of 19,1:11:23 Pace: 8:18,1:11:21,1:11:23
161,Colin Hurlbut,M,20,"Sierra Madre, CA",7 out of 274,7 out of 181,4 out of 19,1:13:14 Pace: 8:31,1:13:14,1:13:14
123,Kevin Finn,M,48,"San Francisco, CA",11 out of 274,11 out of 181,2 out of 56,1:15:20 Pace: 8:46,1:15:20,1:15:20
150,Gary Hefner,M,51,"Long Beach, CA",12 out of 274,12 out of 181,1 out of 33,1:15:30 Pace: 8:47,1:15:30,1:15:31
195,Anthony Maldonado,M,30,"San Dimas, CA",18 out of 274,17 out of 181,5 out of 42,1:21:29 Pace: 9:29,1:21:29,1:21:37
111,Aaron Duda,M,37,"Fort Mill, SC",22 out of 274,21 out of 181,7 out of 42,1:23:10 Pace: 9:41,1:23:10,1:23:14
264,Brent Shields,M,47,"Altadena, CA",23 out of 274,22 out of 181,3 out of 56,1:23:30 Pace: 9:43,1:23:30,1:23:30
297,Joseph Umana-Walker,M,42,"Pasadena, CA",27 out of 274,26 out of 181,5 out of 56,1:23:59 Pace: 9:46,1:23:59,1:24:00
206,Nate Mink,M,34,"Santa Monica, CA",28 out of 274,27 out of 181,9 out of 42,1:24:09 Pace: 9:48,1:24:09,1:24:09
6,Trish Marshall,F,40,"Sierra Madre, CA",29 out of 274,2 out of 93,2 out of 34,1:24:13 Pace: 9:48,1:24:12,1:24:13
98,John Dailey,M,32,"Pasadena, CA",30 out of 274,28 out of 181,10 out of 42,1:24:35 Pace: 9:51,1:24:35,1:24:37
12,Brian Stiver,M,48,"Sierra Madre, CA",32 out of 274,29 out of 181,6 out of 56,1:24:54 Pace: 9:53,1:24:54,1:24:59
8,Jill Liston,F,47,"Sierra Madre, CA",33 out of 274,4 out of 93,3 out of 34,1:25:05 Pace: 9:54,1:25:04,1:25:05
327,Michael Winslow,M,44,"Yucaipa, CA",35 out of 274,31 out of 181,8 out of 56,1:25:14 Pace: 9:55,1:25:14,1:25:16
126,Allan Fletcher,M,57,"Anaheim, CA",36 out of 274,32 out of 181,4 out of 33,1:25:44 Pace: 9:59,1:25:44,1:25:45
36,Tom Augustin,M,42,"Monrovia, CA",37 out of 274,33 out of 181,9 out of 56,1:26:18 Pace: 10:03,1:26:18,1:26:19
83,Andy Chen,M,34,"San Gabriel, CA",39 out of 274,35 out of 181,11 out of 42,1:26:51 Pace: 10:06,1:26:51,1:26:56
3,James Faulkner,M,52,"Pasadena, CA",42 out of 274,38 out of 181,5 out of 33,1:27:47 Pace: 10:13,1:27:47,1:27:47
262,Linda Sereno,F,50,"Salinas, CA",45 out of 274,5 out of 93,1 out of 14,1:28:47 Pace: 10:20,1:28:37,1:28:47
284,Patrick Thomas,M,19,"Arcadia, CA",48 out of 274,41 out of 181,4 out of 6,1:29:46 Pace: 10:27,1:29:46,1:29:56
257,Maria F Salazar,F,44,"La Habra, CA",196 out of 274,56 out of 93,22 out of 34,2:01:01 Pace: 14:05,2:01:01,2:01:14
313,Torey Wahlstrom,F,41,"Sierra Madre, CA",198 out of 274,58 out of 93,23 out of 34,2:01:35 Pace: 14:09,2:01:35,2:01:41
332,Tim DeClerk,M,31,"San Gabriel, CA",199 out of 274,141 out of 181,36 out of 42,2:01:52 Pace: 14:11,2:01:52,2:01:59
309,Raquel Villasenor,F,32,"Burbank, CA",200 out of 274,59 out of 93,17 out of 28,2:01:55 Pace: 14:11,2:01:55,2:02:06
