Place,Name,Location,Bib,Net Time,Pace,Division/Place,Sex-Age,Sex-Place,Gun Time,Age Grade
1,Kevin Chaves,"Pasadena, CA",82,58:50,6:51,M 20-29/1,M-24,1,58:50, 0.00%
2,John Howard Iii,"Sacramento, CA",158,1:08:30,7:58,M 20-29/2,M-22,2,1:08:30, 0.00%
3,Simon Cooper,"Sierra Madre, CA",90,1:09:46,8:07,M 40-49/1,M-40,3,1:09:46, 0.00%
4,C Scott Chaney,"Monrovia, CA",80,1:11:19,8:18,M 30-39/1,M-37,4,1:11:19, 0.00%
5,Sergio Arias,"Los Angeles, CA",33,1:11:23,8:18,M 20-29/3,M-26,5,1:11:23, 0.00%
6,Brian Conroy,"Sierra Madre, CA",89,1:13:03,8:30,M 15-19/1,M-19,6,1:13:03, 0.00%
7,Colin Hurlbut,"Sierra Madre, CA",161,1:13:14,8:31,M 20-29/4,M-20,7,1:13:14, 0.00%
8,Peter Orme,"Sierra Madre, CA",228,1:13:21,8:32,M 15-19/2,M-16,8,1:13:21, 0.00%
9,Troy Putman,"Sierra Madre, CA",237,1:14:20,8:39,M 20-29/5,M-20,9,1:14:21, 0.00%
10,Sean Keane,"Pasadena, CA",173,1:15:04,8:44,M 30-39/2,M-30,10,1:15:06, 0.00%
11,Kevin Finn,"San Francisco, CA",123,1:15:20,8:46,M 40-49/2,M-48,11,1:15:20, 0.00%
12,Gary Hefner,"Long Beach, CA",150,1:15:30,8:47,M 50-59/1,M-51,12,1:15:31, 0.00%
13,Aaron S Zambrano,"Sierra Madre, CA",330,1:15:43,8:49,M 10-14/1,M-14,13,1:15:43, 0.00%
14,Sharon Pevsner,"Sierra Madre, CA",11,1:19:20,9:14,F 40-49/1,F-41,1,1:19:20, 0.00%
15,Nigel Rini,"Sierra Madre, CA",243,1:19:24,9:14,M 50-59/2,M-50,14,1:19:24, 0.00%
16,David Soltis,"Pasadena, CA",269,1:19:56,9:18,M 30-39/3,M-38,15,1:19:58, 0.00%
17,Renee Dorantes,"Pasadena, CA",107,1:20:31,9:22,M 30-39/4,M-34,16,1:20:32, 0.00%
18,Anthony Maldonado,"San Dimas, CA",195,1:21:29,9:29,M 30-39/5,M-30,17,1:21:37, 0.00%
19,John Howard,"Sacramento, CA",157,1:21:54,9:32,M 50-59/3,M-51,18,1:21:56, 0.00%
20,Marc Trotoux,"Los Angeles, CA",291,1:22:24,9:35,M 30-39/6,M-37,19,1:22:25, 0.00%
21,Trent Hilton,"Canyon Country, CA",154,1:22:58,9:39,M 20-29/6,M-28,20,1:22:58, 0.00%
22,Aaron Duda,"Fort Mill, SC",111,1:23:10,9:41,M 30-39/7,M-37,21,1:23:14, 0.00%
23,Brent Shields,"Altadena, CA",264,1:23:30,9:43,M 40-49/3,M-47,22,1:23:30, 0.00%
24,Jeff Nuruki,"Harbor City, CA",216,1:23:37,9:44,M 30-39/8,M-37,23,1:23:44, 0.00%
25,Elias Ellison,"Sierra Madre, CA",116,1:23:50,9:45,M 15-19/3,M-15,24,1:23:55, 0.00%
26,Tom Scoble,"Altadena, CA",261,1:23:55,9:46,M 40-49/4,M-40,25,1:23:56, 0.00%
27,Joseph Umana-Walker,"Pasadena, CA",297,1:23:59,9:46,M 40-49/5,M-42,26,1:24:00, 0.00%
28,Nate Mink,"Santa Monica, CA",206,1:24:09,9:48,M 30-39/9,M-34,27,1:24:09, 0.00%
29,Trish Marshall,"Sierra Madre, CA",6,1:24:13,9:48,F 40-49/2,F-40,2,1:24:13, 0.00%
30,John Dailey,"Pasadena, CA",98,1:24:35,9:51,M 30-39/10,M-32,28,1:24:37, 0.00%
31,Elizabeth Williams,"S Pasadena, CA",325,1:24:54,9:53,F 20-29/1,F-28,3,1:24:54, 0.00%
32,Brian Stiver,"Sierra Madre, CA",12,1:24:54,9:53,M 40-49/6,M-48,29,1:24:59, 0.00%
33,Jill Liston,"Sierra Madre, CA",8,1:25:05,9:54,F 40-49/3,F-47,4,1:25:05, 0.00%
34,Richard Campagna,"Arcadia, CA",65,1:25:08,9:54,M 40-49/7,M-42,30,1:25:10, 0.00%
35,Michael Winslow,"Yucaipa, CA",327,1:25:14,9:55,M 40-49/8,M-44,31,1:25:16, 0.00%
36,Allan Fletcher,"Anaheim, CA",126,1:25:44,9:59,M 50-59/4,M-57,32,1:25:45, 0.00%
37,Tom Augustin,"Monrovia, CA",36,1:26:18,10:03,M 40-49/9,M-42,33,1:26:19, 0.00%
38,Gustavo Tontisi,"Altadena, CA",289,1:26:43,10:05,M 40-49/10,M-43,34,1:26:52, 0.00%
39,Andy Chen,"San Gabriel, CA",83,1:26:51,10:06,M 30-39/11,M-34,35,1:26:56, 0.00%
40,Adrian Aguilar-Guillen,"West Covina, CA",23,1:27:14,10:09,M 30-39/12,M-30,36,1:27:14, 0.00%
41,Robert Filacchione,"Buena Park, CA",122,1:27:36,10:12,M 40-49/11,M-44,37,1:27:40, 0.00%
42,James Faulkner,"Pasadena, CA",3,1:27:47,10:13,M 50-59/5,M-52,38,1:27:47, 0.00%
43,John Grace,"Sierra Madre, CA",4,1:28:04,10:15,M 40-49/12,M-44,39,1:28:06, 0.00%
44,James Flanigan,"Davis, CA",125,1:28:22,10:17,M 60-69/1,M-60,40,1:28:24, 0.00%
45,Linda Sereno,"Salinas, CA",262,1:28:47,10:20,F 50-59/1,F-50,5,1:28:47, 0.00%
46,Ivanka Algorri,"Monrovia, CA",25,1:29:08,10:22,F 30-39/1,F-38,6,1:29:10, 0.00%
47,Lori Zanteson,"Monrovia, CA",331,1:29:21,10:24,F 40-49/4,F-41,7,1:29:24, 0.00%
48,Patrick Thomas,"Arcadia, CA",284,1:29:46,10:27,M 15-19/4,M-19,41,1:29:56, 0.00%
49,Bill Pevsner,"Sierra Madre, CA",10,1:29:56,10:28,M 50-59/6,M-52,42,1:30:00, 0.00%
50,Britt Cole,"Monrovia, CA",85,1:30:06,10:29,M 30-39/13,M-34,43,1:30:09, 0.00%
51,Dan Sprague,"Pomona, CA",273,1:30:07,10:29,M 40-49/13,M-49,44,1:30:14, 0.00%
52,Annette Eickele,"Pasadena, CA",114,1:30:26,10:31,F 40-49/5,F-43,8,1:30:36, 0.00%
53,Dan-Pat Kelley,"Covina, CA",177,1:30:34,10:32,M 40-49/14,M-48,45,1:30:35, 0.00%
54,Scott McGlasson,"Sierra Madre, CA",202,1:30:45,10:34,M 40-49/15,M-46,46,1:30:46, 0.00%
55,Joe Pacilio,"San Gabriel, CA",231,1:30:56,10:35,M 50-59/7,M-52,47,1:30:58, 0.00%
56,Bruce Evans,"Pasadena, CA",119,1:31:04,10:36,M 40-49/16,M-41,48,1:31:12, 0.00%
57,Matthew Duda,"Pasadena, CA",112,1:31:09,10:36,M 30-39/14,M-38,49,1:31:09, 0.00%
58,Bill Wallius,"Altadena, CA",315,1:31:26,10:38,M 40-49/17,M-43,50,1:31:34, 0.00%
59,Vasken Gourdikian,"Sierra Madre, CA",137,1:31:39,10:40,M 40-49/18,M-40,51,1:31:40, 0.00%
60,Craig Kinard,"Pasadena, CA",179,1:32:17,10:44,M 50-59/8,M-59,52,1:32:27, 0.00%
61,Cheri Rich,"Monrovia, CA",240,1:32:24,10:45,F 40-49/6,F-48,9,1:32:26, 0.00%
62,Chip Lavigne,"Laguna Niguel, CA",186,1:32:39,10:47,M 40-49/19,M-49,53,1:32:42, 0.00%
63,Hope Langevin,"Monrovia, CA",184,1:33:02,10:49,F 40-49/7,F-49,10,1:33:07, 0.00%
64,James Richards,"Tujunga, CA",241,1:33:14,10:51,M 40-49/20,M-45,54,1:33:17, 0.00%
65,Bill Connolly,"Monrovia, CA",88,1:33:16,10:51,M 50-59/9,M-52,55,1:33:19, 0.00%
66,Marc Allen,"Pasadena, CA",27,1:33:38,10:54,M 20-29/7,M-27,56,1:33:39, 0.00%
67,Paige Harrison,"Santa Monica, CA",146,1:34:04,10:57,F 30-39/2,F-34,11,1:34:09, 0.00%
68,Miranda Stiver,"Sierra Madre, CA",13,1:34:04,10:57,F 10-14/1,F-13,12,1:34:08, 0.00%
69,Tim Finnegan,"Monrovia, CA",124,1:34:18,10:58,M 40-49/21,M-42,57,1:34:21, 0.00%
70,Aaron Katon,"Monrovia, CA",172,1:34:51,11:02,M 20-29/8,M-29,58,1:34:57, 0.00%
71,Earle Rothwell,"Monrovia, CA",250,1:35:12,11:05,M 40-49/22,M-47,59,1:35:14, 0.00%
72,Kelly Karren,"Calabasas, CA",171,1:35:18,11:05,M 30-39/15,M-36,60,1:35:22, 0.00%
73,Robb Briggs,"Glendale, CA",56,1:36:07,11:11,M 40-49/23,M-41,61,1:36:09, 0.00%
74,Vince Demarzo,"Sierra Madre, CA",100,1:36:45,11:15,M 50-59/10,M-57,62,1:36:45, 0.00%
75,Mickey Woomer,"Granada Hills, CA",328,1:36:50,11:16,F 40-49/8,F-47,13,1:36:56, 0.00%
76,Shannon Franklin,"Burbank, CA",127,1:36:50,11:16,F 40-49/9,F-45,14,1:36:56, 0.00%
77,Vincent Fullerton,"Arcadia, CA",128,1:37:28,11:20,M 20-29/9,M-20,63,1:37:30, 0.00%
78,Heather Heefner,"Sierra Madre, CA",147,1:37:34,11:21,F 20-29/2,F-20,15,1:37:37, 0.00%
79,Max Heefner,"Sierra Madre, CA",149,1:38:00,11:24,M 10-14/2,M-13,64,1:38:02, 0.00%
80,Kendall Grigg,"Sierra Madre, CA",141,1:38:01,11:24,M 30-39/16,M-36,65,1:38:14, 0.00%
81,Mark Vondersaar,"Riverside, CA",311,1:38:12,11:26,M 50-59/11,M-56,66,1:38:21, 0.00%
82,Christopher Sonnenberg,"Sierra Madre, CA",270,1:38:25,11:27,M 40-49/24,M-40,67,1:38:30, 0.00%
83,Michael Keating,"Pasadena, CA",174,1:38:35,11:28,M 40-49/25,M-45,68,1:38:36, 0.00%
84,Murray Wilcox,"Arcadia, CA",322,1:38:36,11:28,M 50-59/12,M-56,69,1:38:44, 0.00%
85,David Pejsa,"Sierra Madre, CA",232,1:38:46,11:29,M 30-39/17,M-38,70,1:39:00, 0.00%
86,Keren Shvarz,"Sunland, CA",265,1:38:58,11:31,F 30-39/3,F-31,16,1:39:04, 0.00%
87,Eric Blumberg,"Altadena, CA",51,1:39:05,11:32,M 40-49/26,M-40,71,1:39:08, 0.00%
88,Lydia Thompson,"Pasadena, CA",285,1:39:29,11:34,F 50-59/2,F-50,17,1:39:34, 0.00%
89,Jim Falkenstein,"North Hollywood, CA",120,1:39:45,11:36,M 40-49/27,M-48,72,1:39:56, 0.00%
90,Lisa Stanton,"Sierra Madre, CA",274,1:39:47,11:37,F 30-39/4,F-32,18,1:39:52, 0.00%
91,Steven Milazzo,"Monrovia, CA",204,1:40:02,11:38,M 30-39/18,M-37,73,1:40:08, 0.00%
92,Juanita Vega,"Alhambra, CA",306,1:40:08,11:39,F 40-49/10,F-46,19,1:40:13, 0.00%
93,John Viray,"Sierra Madre, CA",310,1:40:21,11:41,M 30-39/19,M-32,74,1:40:24, 0.00%
94,Eric Murga,"Altadena, CA",210,1:40:30,11:42,M 30-39/20,M-39,75,1:40:42, 0.00%
95,Jonathan Brier,"Los Angeles, CA",55,1:40:36,11:42,M 30-39/21,M-33,76,1:40:47, 0.00%
96,Donna Wallius,"Altadena, CA",316,1:40:37,11:42,F 40-49/11,F-46,20,1:40:46, 0.00%
97,Irene O'Brien,"Sierra Madre, CA",218,1:40:47,11:44,F 40-49/12,F-42,21,1:40:57, 0.00%
98,Angela Capece,"Pasadena, CA",68,1:40:54,11:44,F 20-29/3,F-26,22,1:41:03, 0.00%
99,Deanne Carnighan,"Monrovia, CA",72,1:41:04,11:46,F 30-39/5,F-33,23,1:41:07, 0.00%
100,Andrew Binns,"Sierra Madre, CA",48,1:41:09,11:46,M 30-39/22,M-38,77,1:41:16, 0.00%
101,Stuart Stephens,"Sierra Madre, CA",275,1:41:30,11:49,M 50-59/13,M-50,78,1:41:34, 0.00%
102,Ward Olson,"Arcadia, CA",226,1:41:39,11:50,M 50-59/14,M-53,79,1:41:48, 0.00%
103,Mason Stout Blackman,"Sierra Madre, CA",276,1:41:59,11:52,M 15-19/5,M-17,80,1:42:07, 0.00%
104,Donna Walters,"Monrovia, CA",317,1:42:28,11:55,F 50-59/3,F-56,24,1:42:33, 0.00%
105,Sarah Penalora,"Pasadena, CA",234,1:42:28,11:55,F 40-49/13,F-43,25,1:42:31, 0.00%
106,Karin Avila,"Arcadia, CA",37,1:42:34,11:56,F 30-39/6,F-38,26,1:42:36, 0.00%
107,Navin Dore,"Monrovia, CA",108,1:42:40,11:57,M 20-29/10,M-27,81,1:42:48, 0.00%
108,Tim Scheidler,"Pasadena, CA",259,1:42:49,11:58,M 30-39/23,M-31,82,1:42:52, 0.00%
109,Debbie Turner,"Pasadena, CA",292,1:42:50,11:58,F 40-49/14,F-41,27,1:42:53, 0.00%
110,Bryan Beal,"West Covina, CA",42,1:42:59,11:59,M 15-19/6,M-16,83,1:43:04, 0.00%
111,Robert Galbraith,"South Pasadena, CA",129,1:43:00,11:59,M 30-39/24,M-37,84,1:43:02, 0.00%
112,Dawn Waldron,"Glendale, CA",314,1:43:01,11:59,F 30-39/7,F-32,28,1:43:04, 0.00%
113,Joe Annino,"Arcadia, CA",31,1:43:11,12:00,M 30-39/25,M-39,85,1:43:22, 0.00%
114,Michael Ochniak,"Sierra Madre, CA",222,1:43:13,12:01,M 40-49/28,M-45,86,1:43:18, 0.00%
115,Luis Raygoza,"San Gabriel, CA",334,1:43:34,12:03,M 30-39/26,M-36,87,1:43:47, 0.00%
116,Prescott Van Leer,"Temple City, CA",302,1:43:34,12:03,M 20-29/11,M-21,88,1:43:36, 0.00%
117,Anibal Corsi,"Duarte, CA",95,1:43:35,12:03,M 40-49/29,M-40,89,1:43:47, 0.00%
118,Thomas Hurrell,"Pasadena, CA",162,1:43:56,12:06,M 50-59/15,M-50,90,1:44:01, 0.00%
119,Jack Twitchell,"Camarillo, CA",294,1:44:03,12:06,M 40-49/30,M-40,91,1:44:08, 0.00%
120,Victor Ortega,"Arcadia, CA",229,1:44:10,12:07,M 20-29/12,M-21,92,1:44:13, 0.00%
121,Matt Abney,"Pasadena, CA",22,1:44:38,12:10,M 20-29/13,M-28,93,1:44:47, 0.00%
122,Krikor Deramerian,"Sierra Madre, CA",101,1:44:45,12:11,M 40-49/31,M-41,94,1:44:52, 0.00%
123,Jim Dowd,"Pasadena, CA",109,1:44:50,12:12,M 40-49/32,M-41,95,1:45:01, 0.00%
124,Edwin Dominguez,"Sierra Madre, CA",104,1:45:15,12:15,M 40-49/33,M-44,96,1:45:20, 0.00%
125,Patrick Amsbry,"Pasadena, CA",29,1:45:48,12:19,M 40-49/34,M-45,97,1:45:53, 0.00%
126,Connie Keith,"Sierra Madre, CA",176,1:46:02,12:20,F 30-39/8,F-35,29,1:46:08, 0.00%
127,Dawn Jackson,"Glendora, CA",163,1:46:04,12:20,F 40-49/15,F-43,30,1:46:15, 0.00%
128,Kenneth Willingham,"Sierra Madre, CA",326,1:46:14,12:22,M 30-39/27,M-39,98,1:46:15, 0.00%
129,Jimmy Downs,"Arcadia, CA",110,1:46:38,12:24,M 40-49/35,M-43,99,1:46:48, 0.00%
130,Hunt Turner,"Pasadena, CA",293,1:46:38,12:24,M 30-39/28,M-38,100,1:46:41, 0.00%
131,Tim Blackman,"Sierra Madre, CA",50,1:46:44,12:25,M 50-59/16,M-55,101,1:46:53, 0.00%
132,Steve Lawton,"Rancho Cucamonga, CA",187,1:46:54,12:26,M 50-59/17,M-54,102,1:47:05, 0.00%
133,Lauren Capoccia,"Sierra Madre, CA",69,1:46:58,12:27,F 20-29/4,F-26,31,1:47:09, 0.00%
134,David Krider,"Pasadena, CA",180,1:47:25,12:30,M 40-49/36,M-41,103,1:47:32, 0.00%
135,Kevin Grandalski,"Burbank, CA",138,1:47:47,12:32,M 40-49/37,M-45,104,1:48:00, 0.00%
136,Robert Nydam,"Sierra Madre, CA",217,1:47:48,12:33,M 40-49/38,M-44,105,1:47:51, 0.00%
137,Shizumi Velazquez,"Covina, CA",307,1:47:55,12:33,F 40-49/16,F-44,32,1:48:06, 0.00%
138,Thomas Byrne,"Pasadena, CA",62,1:48:22,12:37,M 20-29/14,M-29,106,1:48:31, 0.00%
139,Mark Lima,"South Orange, NJ",190,1:48:26,12:37,M 40-49/39,M-44,107,1:48:37, 0.00%
140,Cheryl Galbraith,"Sierra Madre, CA",333,1:48:26,12:37,F 50-59/4,F-56,33,1:48:40, 0.00%
141,Paul Corbin,"Rancho Cucamonga, CA",92,1:48:33,12:38,M 40-49/40,M-43,108,1:48:45, 0.00%
142,Joyce Lau,"Glendale, CA",185,1:49:02,12:41,F 30-39/9,F-31,34,1:49:09, 0.00%
143,Beth Collins,"Arcadia, CA",86,1:49:15,12:43,F 50-59/5,F-51,35,1:49:26, 0.00%
144,Amy Johnston,"Salinas, CA",169,1:49:45,12:46,F 15-19/1,F-17,36,1:49:55, 0.00%
145,Andrew Proctor,"Culver City, CA",236,1:49:46,12:46,M 40-49/41,M-48,109,1:49:52, 0.00%
146,Julie Byrne,"Pasadena, CA",61,1:49:54,12:47,F 20-29/5,F-28,37,1:50:03, 0.00%
147,Ben Rotenberg,"Santa Monica, CA",249,1:50:06,12:49,M 30-39/29,M-39,110,1:50:18, 0.00%
148,James Brennan,"Pasadena, CA",54,1:50:06,12:49,M 60-69/2,M-68,111,1:50:14, 0.00%
149,Julie Hardin,"Encino, CA",144,1:50:18,12:50,F 40-49/17,F-47,38,1:50:28, 0.00%
150,Michael Sheriff,"Monrovia, CA",263,1:50:39,12:52,M 40-49/42,M-46,112,1:50:43, 0.00%
151,George Salas,"Bell, CA",256,1:50:40,12:53,M 20-29/15,M-29,113,1:50:52, 0.00%
152,Nathan Rodriguez,"Temple City, CA",245,1:50:45,12:53,M 30-39/30,M-35,114,1:50:59, 0.00%
153,Ann Byrns,"Altadena, CA",63,1:50:54,12:54,F 50-59/6,F-55,39,1:50:59, 0.00%
154,Forrest Campbell,"Pasadena, CA",66,1:50:56,12:54,M 20-29/16,M-24,115,1:51:00, 0.00%
155,John Helgeson,"Sierra Madre, CA",152,1:51:31,12:58,M 40-49/43,M-46,116,1:51:31, 0.00%
156,Todd Fanady,"Long Beach, CA",121,1:51:40,13:00,M 40-49/44,M-48,117,1:51:54, 0.00%
157,Patrick George,"Glendale, CA",133,1:51:51,13:01,M 20-29/17,M-26,118,1:51:57, 0.00%
158,Sean Terry,"Sierra Madre, CA",283,1:52:24,13:05,M 50-59/18,M-53,119,1:52:24, 0.00%
159,J McCarthy,"Long Beach, CA",200,1:52:33,13:06,M 40-49/45,M-45,120,1:52:38, 0.00%
160,Lauren Rechetnik,"Duarte, CA",238,1:53:05,13:09,F 20-29/6,F-24,40,1:53:11, 0.00%
161,Kenneth Vigilia,"Los Angeles, CA",308,1:53:40,13:13,M 30-39/31,M-31,121,1:53:42, 0.00%
162,Kurt Norwood,"Glendora, CA",215,1:54:07,13:17,M 40-49/46,M-46,122,1:54:13, 0.00%
163,Cyrus Davis,"Upland, CA",99,1:54:07,13:17,M 50-59/19,M-54,123,1:54:15, 0.00%
164,Scott Wadlow,"Pasadena, CA",312,1:54:09,13:17,M 30-39/32,M-31,124,1:54:16, 0.00%
165,Ed Rounds,"Pasadena, CA",251,1:54:40,13:20,M 50-59/20,M-50,125,1:54:53, 0.00%
166,Bryan Littlefield,"Monrovia, CA",191,1:54:43,13:21,M 30-39/33,M-37,126,1:54:57, 0.00%
167,Megan Barr,"Sierra Madre, CA",40,1:54:57,13:22,F 40-49/18,F-43,41,1:55:03, 0.00%
168,Monika Bent,"Pasadena, CA",46,1:55:03,13:23,F 30-39/10,F-39,42,1:55:09, 0.00%
169,Melissa Copeland,"Sierra Madre, CA",91,1:55:05,13:23,F 20-29/7,F-29,43,1:55:09, 0.00%
170,Tai Wutherspoon,"Sierra Madre, CA",329,1:55:05,13:23,F 20-29/8,F-29,44,1:55:09, 0.00%
171,Kathryn Kyaw,"Azusa, CA",183,1:55:19,13:25,F 30-39/11,F-34,45,1:55:27, 0.00%
172,Robert O'Keefe,"Monrovia, CA",221,1:55:43,13:28,M 50-59/21,M-51,127,1:55:52, 0.00%
173,Jeff Ryder,"Westminster, CA",254,1:55:55,13:29,M 50-59/22,M-52,128,1:56:07, 0.00%
174,Ron Littler,"Arcadia, CA",192,1:56:19,13:32,M 50-59/23,M-53,129,1:56:30, 0.00%
175,Valerie Rose,", ",248,1:56:28,13:33,F 20-29/9,F-24,46,1:56:45, 0.00%
176,Raymond Corral,"La Puente, CA",93,1:56:36,13:34,M 30-39/34,M-35,130,1:56:43, 0.00%
177,Bill Wilkie,"Pasadena, CA",323,1:56:39,13:34,M 60-69/3,M-63,131,1:56:41, 0.00%
178,Thomas Cunningham,"San Diego, CA",97,1:56:57,13:36,M 20-29/18,M-28,132,1:57:05, 0.00%
179,Amy Pellman,"Arcadia, CA",233,1:57:04,13:37,F 40-49/19,F-49,47,1:57:10, 0.00%
180,James Carne,"Monrovia, CA",71,1:57:16,13:39,M 50-59/24,M-58,133,1:57:26, 0.00%
181,Dave Oppliger,"Monrovia, CA",227,1:57:20,13:39,M 40-49/47,M-44,134,1:57:26, 0.00%
182,Elvia Petersen,"Sierra Madre, CA",235,1:57:37,13:41,F 30-39/12,F-37,48,1:57:42, 0.00%
183,John Buchanan,"Sierra Madre, CA",1,1:57:39,13:41,M 50-59/25,M-51,135,1:57:48, 0.00%
184,Perla Solis,"Pasadena, CA",268,1:57:58,13:43,F 30-39/13,F-36,49,1:58:10, 0.00%
185,Michael Oliva,"La Verne, CA",223,1:58:02,13:44,M 50-59/26,M-54,136,1:58:11, 0.00%
186,Tobi Nishikawa,"Arcadia, CA",214,1:58:53,13:50,F 30-39/14,F-38,50,1:58:57, 0.00%
187,Liz Burger,"Seal Beach, CA",59,1:59:26,13:54,F 60-69/1,F-62,51,1:59:31, 0.00%
188,Leticia Cervantes,"Norwalk, CA",78,1:59:40,13:55,F 40-49/20,F-42,52,1:59:54, 0.00%
189,Kyle Croxford,"Irvine, CA",96,1:59:40,13:55,M 50-59/27,M-54,137,1:59:50, 0.00%
190,Bernice Maldonado,"San Dimas, CA",196,2:00:08,13:59,F 30-39/15,F-31,53,2:00:16, 0.00%
191,Claudine Tonarely,"Altadena, CA",287,2:00:17,14:00,F 30-39/16,F-39,54,2:00:24, 0.00%
192,Kym Milburn,"San Diego, CA",205,2:00:17,14:00,F 40-49/21,F-47,55,2:00:21, 0.00%
193,Steven Huett,"Pasadena, CA",160,2:00:34,14:02,M 20-29/19,M-29,138,2:00:43, 0.00%
194,Dick Johnson,"Arcadia, CA",166,2:00:41,14:02,M 70-99/1,M-73,139,2:00:45, 0.00%
195,Daniel Valenzuela,"Pasadena, CA",300,2:00:45,14:03,M 30-39/35,M-34,140,2:00:57, 0.00%
196,Maria F Salazar,"La Habra, CA",257,2:01:01,14:05,F 40-49/22,F-44,56,2:01:14, 0.00%
197,Marta Capoccia,"Sierra Madre, CA",70,2:01:13,14:06,F 50-59/7,F-55,57,2:01:29, 0.00%
198,Torey Wahlstrom,"Sierra Madre, CA",313,2:01:35,14:09,F 40-49/23,F-41,58,2:01:41, 0.00%
199,Tim DeClerk,"San Gabriel, CA",332,2:01:52,14:11,M 30-39/36,M-31,141,2:01:59, 0.00%
200,Raquel Villasenor,"Burbank, CA",309,2:01:55,14:11,F 30-39/17,F-32,59,2:02:06, 0.00%
