Place,Name,Location,Bib,Net Time,Pace,Division/Place,Sex-Age,Sex-Place,Gun Time,Age Grade
1,James Timphony,"Arcadia, CA",297,1:01:53,7:12,M 20-29/1,M-20,1,1:01:53,61.46%
2,Victor Rios,"Los Angeles, CA",255,1:07:36,7:52,M 20-29/2,M-22,2,1:07:36,55.22%
3,Johnathan Mitchell,"Los Angeles, CA",218,1:07:44,7:53,M 30-39/1,M-35,3,1:07:44,55.83%
4,Simon Cooper,"Sierra Madre, CA",82,1:09:16,8:04,M 30-39/2,M-38,4,1:09:16,55.64%
5,Nigel Rini,"Sierra Madre, CA",254,1:11:38,8:20,M 40-49/1,M-48,5,1:11:38,57.64%
6,Cory Martinez,"Duarte, CA",205,1:11:39,8:20,M 15-19/1,M-19,6,1:11:39,53.68%
7,Humberto Arredondo,"Azusa, CA",30,1:12:48,8:28,M 20-29/3,M-24,7,1:12:48,51.23%
8,James Grace,"South Pasadena, CA",132,1:13:08,8:31,M 40-49/2,M-40,8,1:13:08,53.38%
9,Rastislav Ivanic,"Altadena, CA",165,1:15:46,8:49,M 30-39/3,M-32,9,1:15:46,49.22%
10,Sean Keane,"Sierra Madre, CA",176,1:16:32,8:54,M 20-29/4,M-28,10,1:16:32,48.73%
11,Rene Dorantes,"Pasadena, CA",99,1:16:51,8:57,M 30-39/4,M-32,11,1:16:51,48.53%
12,John Baxter,"Sierra Madre, CA",40,1:18:01,9:05,M 30-39/5,M-36,12,1:18:01,48.77%
13,Jim Liston,"Sierra Madre, CA",11,1:18:56,9:11,M 40-49/3,M-44,13,1:18:56,50.81%
14,Sergio Arias,"Los Angeles, CA",29,1:19:11,9:13,M 20-29/5,M-24,14,1:19:11,47.10%
15,Colin Hurlbut,"Sierra Madre, CA",163,1:20:04,9:19,M 15-19/2,M-18,15,1:20:04,48.65%
16,Matther Dickie,"Altadena, CA",94,1:21:10,9:27,M 30-39/6,M-32,16,1:21:10,45.95%
17,Jr Mintz,"Concord, CA",215,1:21:25,9:28,M 40-49/4,M-41,17,1:21:25,48.27%
18,Greg Stromberg,"Glendale, CA",287,1:21:29,9:29,M 50-59/1,M-55,18,1:21:29,53.61%
19,Joseph Umana-Walker,"Pasadena, CA",306,1:21:40,9:30,M 40-49/5,M-40,19,1:21:40,47.80%
20,Mireya Vargas,"Pasadena, CA",313,1:21:53,9:32,F 20-29/1,F-23,1,1:21:53,51.00%
21,Michael Keating,"Pasadena, CA",177,1:23:24,9:42,M 40-49/6,M-43,20,1:23:24,47.76%
22,Tom Augustin,"San Marino, CA",345,1:23:36,9:44,M 40-49/7,M-40,21,1:23:36,46.70%
23,Jannifer Heiner,"Sierra Madre, CA",2,1:24:06,9:47,F 20-29/2,F-29,2,1:24:06,49.66%
24,Greg Haddock,"Monrovia, CA",140,1:24:19,9:49,M 30-39/7,M-39,22,1:24:19,46.00%
25,Bilal Ouri,"Glendale, CA",233,1:24:29,9:50,M 30-39/8,M-33,23,1:24:29,44.21%
26,Dave Baumgartner,"Duarte, CA",38,1:24:52,9:52,M 40-49/8,M-48,24,1:24:52,48.65%
27,Jack Cheng,"Temple City, CA",77,1:25:37,9:58,M 30-39/9,M-36,25,1:25:37,44.44%
28,Bradney Boli,"Monrovia, CA",53,1:25:37,9:58,M 40-49/9,M-42,26,1:25:37,46.21%
29,Jill Liston,"Sierra Madre, CA",12,1:26:09,10:01,F 40-49/1,F-45,3,1:26:09,53.23%
30,Garrett O'Hara,"Pasadena, CA",226,1:26:48,10:06,M 40-49/10,M-42,27,1:26:48,45.58%
31,Warren Brown,"Sierra Madre, CA",58,1:27:04,10:08,M 30-39/10,M-37,28,1:27:04,43.98%
32,Robert Galbraith,"South Pasadena, CA",124,1:27:05,10:08,M 30-39/11,M-35,29,1:27:05,43.42%
33,Caesar Cepeda,"Monrovia, CA",71,1:27:13,10:09,M 40-49/11,M-45,30,1:27:13,46.31%
34,Pat Stewart,"Glendora, CA",284,1:27:33,10:11,M 40-49/12,M-45,31,1:27:33,46.13%
35,Rachel Solis,"San Gabriel, CA",273,1:27:46,10:13,F 30-39/1,F-37,4,1:27:46,48.91%
36,Tricia Marshall,"Sierra Madre, CA",204,1:28:26,10:17,F 30-39/2,F-38,5,1:28:26,48.91%
37,Annette Eickele,"Pasadena, CA",109,1:28:28,10:18,F 40-49/2,F-41,6,1:28:28,50.07%
38,Michael Avon,"Encino, CA",35,1:28:30,10:18,M 50-59/2,M-56,32,1:28:30,49.80%
39,Jennifer Castro,"Monterey Park, CA",68,1:28:56,10:21,F 20-29/3,F-25,7,1:28:56,46.96%
40,Carlos Fajardo,"Glendale, CA",114,1:29:08,10:22,M 20-29/6,M-22,33,1:29:08,41.88%
41,Jeff Phillips,"Brea, CA",244,1:29:10,10:23,M 50-59/3,M-56,34,1:29:10,49.43%
42,Pam Smith,"Salem, OR",346,1:29:38,10:26,F 30-39/3,F-33,8,1:29:38,46.59%
43,Dennis Donahue,"Sierra Madre, CA",98,1:29:41,10:26,M 50-59/4,M-53,35,1:29:41,47.89%
44,Frank Kong,"Monterey Park, CA",184,1:29:51,10:27,M 40-49/13,M-45,36,1:29:51,44.95%
45,Robert Penalora,"Pasadena, CA",241,1:30:14,10:30,M 40-49/14,M-46,37,1:30:14,45.08%
46,James Faulkner,"Pasadena, CA",6,1:30:25,10:31,M 50-59/5,M-50,38,1:30:25,46.36%
47,Hope Snyder,"Monrovia, CA",272,1:31:12,10:37,F 40-49/3,F-47,9,1:31:12,51.22%
48,Tim Osti,"Sierra Madre, CA",20,1:31:20,10:38,M 40-49/15,M-40,39,1:31:20,42.74%
49,Larry Grill,"Claremont, CA",134,1:31:42,10:40,M 50-59/6,M-58,40,1:31:42,48.95%
50,Stan Wilcox,"San Gabriel, CA",326,1:31:47,10:41,M 40-49/16,M-45,41,1:31:47,44.01%
51,Jeff Miquelon,"Moreno Valley, CA",216,1:31:54,10:42,M 20-29/7,M-24,42,1:31:54,40.58%
52,Sarah Penalora,"Pasadena, CA",242,1:31:58,10:42,F 40-49/4,F-41,10,1:31:58,48.17%
53,Mike Rewers,"Monrovia, CA",253,1:32:41,10:47,M 40-49/17,M-40,43,1:32:41,42.12%
54,Francisco Garcia,"Temple City, CA",127,1:32:44,10:47,M 50-59/7,M-51,44,1:32:44,45.56%
55,Brian Sorkin,"Pasadena, CA",275,1:33:39,10:54,M 30-39/12,M-35,45,1:33:39,40.38%
56,David Campbell,"Glendale, CA",63,1:33:47,10:55,M 50-59/8,M-52,46,1:33:47,45.42%
57,David Pejsa,"Sierra Madre, CA",239,1:33:51,10:55,M 30-39/13,M-36,47,1:33:51,40.54%
58,Joshua Haines,"Redondo Beach, CA",141,1:34:09,10:57,M 30-39/14,M-35,48,1:34:09,40.16%
59,Joseph Pacilio,"San Gabriel, CA",234,1:34:20,10:59,M 50-59/9,M-50,49,1:34:20,44.44%
60,Michael Winslow,"Yucaipa, CA",333,1:34:40,11:01,M 40-49/18,M-42,50,1:34:40,41.79%
61,Pete Siberell,"Sierra Madre, CA",15,1:34:54,11:03,M 50-59/10,M-50,51,1:34:54,44.17%
62,Brian Bolster,"Pasadena, CA",54,1:35:16,11:05,M 30-39/15,M-34,52,1:35:16,39.45%
63,Nydia Sequeira,"Pasadena, CA",268,1:35:26,11:06,F 30-39/4,F-33,11,1:35:26,43.76%
64,Jim Ward,"Monrovia, CA",321,1:35:36,11:07,M 40-49/19,M-45,53,1:35:36,42.25%
65,Brian Stiver,"Sierra Madre, CA",5,1:35:38,11:08,M 40-49/20,M-46,54,1:35:38,42.54%
66,Matt Wilson,"Pasadena, CA",331,1:35:46,11:09,M 30-39/16,M-36,55,1:35:46,39.73%
67,Amy Denton,"Pasadena, CA",90,1:36:18,11:12,F 30-39/5,F-35,12,1:36:18,43.93%
68,Ohsha Beatty,"Duarte, CA",44,1:36:33,11:14,F 30-39/6,F-37,13,1:36:33,44.46%
69,Laura Wiles,"Monrovia, CA",327,1:37:10,11:18,F 40-49/5,F-45,14,1:37:10,47.19%
70,Bill Fitzgerald,"Sierra Madre, CA",118,1:37:28,11:20,M 40-49/21,M-49,56,1:37:28,42.68%
71,Mason Stout Blackman,"Sierra Madre, CA",286,1:37:38,11:22,M 15-19/3,M-15,57,1:37:38,41.90%
72,Scott McGlasson,"Sierra Madre, CA",208,1:38:00,11:24,M 40-49/22,M-44,58,1:38:00,40.93%
73,Vince Demarzo,"Sierra Madre, CA",89,1:38:10,11:25,M 50-59/11,M-55,59,1:38:10,44.50%
74,Robert Filacchione,"Los Alamitos, CA",116,1:38:37,11:28,M 40-49/23,M-42,60,1:38:37,40.12%
75,Michael Wade,"Duarte, CA",319,1:38:40,11:29,M 50-59/12,M-56,61,1:38:40,44.67%
76,Hunt Turner,"Pasadena, CA",304,1:38:48,11:30,M 30-39/17,M-36,62,1:38:48,38.51%
77,Patrick Grace,"San Dimas, CA",133,1:39:01,11:31,M 40-49/24,M-44,63,1:39:01,40.51%
78,Mark Lima,"Monrovia, CA",198,1:39:20,11:33,M 40-49/25,M-42,64,1:39:20,39.83%
79,Florence Kerns,"Sierra Madre, CA",181,1:39:30,11:35,F 15-19/1,F-17,15,1:39:30,44.53%
80,Lisa Tanner,"Sierra Madre, CA",288,1:39:34,11:35,F 30-39/7,F-38,16,1:39:34,43.44%
81,Stuart Stephens,"Sierra Madre, CA",282,1:39:47,11:37,M 40-49/26,M-48,65,1:39:47,41.37%
82,Larry Miquelon,"Moreno Valley, CA",217,1:40:05,11:39,M 40-49/27,M-46,66,1:40:05,40.65%
83,Michael Rankin,"Pasadena, CA",250,1:40:11,11:39,M 50-59/13,M-53,67,1:40:11,42.87%
84,Paul Corbin,"Rancho Cucamonga, CA",83,1:40:13,11:40,M 40-49/28,M-41,68,1:40:13,39.21%
85,James Kim,"Monterey Park, CA",182,1:40:20,11:40,M 30-39/18,M-38,69,1:40:20,38.41%
86,Debbie Turner,"Pasadena, CA",303,1:40:27,11:41,F 30-39/8,F-39,17,1:40:27,43.39%
87,Francine Austin,"Arcadia, CA",32,1:41:13,11:47,F 30-39/9,F-32,18,1:41:13,41.26%
88,David Adams,"Sierra Madre, CA",21,1:41:29,11:48,M 40-49/29,M-47,70,1:41:29,40.38%
89,Jeff Hulett,"Encinitas, CA",160,1:41:29,11:49,M 40-49/30,M-47,71,1:41:29,40.38%
90,Les Jolly,"Highland, CA",173,1:41:47,11:51,M 40-49/31,M-45,72,1:41:47,39.68%
91,Dave Oppliger,"Monrovia, CA",231,1:42:00,11:52,M 40-49/32,M-42,73,1:42:00,38.78%
92,Murray Wilcox,"Arcadia, CA",325,1:42:01,11:52,M 50-59/14,M-54,74,1:42:01,42.45%
93,Tim Blackman,"Sierra Madre, CA",51,1:42:07,11:53,M 50-59/15,M-53,75,1:42:07,42.06%
94,Andrew Stewart,"Burbank, CA",283,1:42:23,11:55,M 15-19/4,M-16,76,1:42:23,39.23%
95,Phillip Rampagna,"Duarte, CA",248,1:42:30,11:56,M 40-49/33,M-47,77,1:42:30,39.98%
96,Sarah Bartlett,"Los Angeles, CA",37,1:42:33,11:56,F 30-39/10,F-30,19,1:42:33,40.72%
97,Jeff Sketeris,"Monrovia, CA",269,1:43:10,12:00,M 30-39/19,M-32,78,1:43:10,36.15%
98,Angelica Young,"Sierra Madre, CA",341,1:43:23,12:02,F 30-39/11,F-33,20,1:43:23,40.39%
99,Marianne Siberell,"Sierra Madre, CA",14,1:43:34,12:03,F 40-49/6,F-45,21,1:43:34,44.28%
100,Ted Tekippe,"Pasadena, CA",291,1:43:52,12:05,M 30-39/20,M-31,79,1:43:52,35.90%
101,Kyung Hu,"Bradbury, CA",158,1:44:20,12:08,M 40-49/34,M-47,80,1:44:20,39.28%
102,James Flanigan,"Davis, CA",119,1:44:22,12:09,M 50-59/16,M-58,81,1:44:22,43.01%
103,Elizabeth Williams,"South Pasadena, CA",329,1:44:23,12:09,F 20-29/4,F-26,22,1:44:23,40.01%
104,Jays Ostler,"Upland, CA",348,1:44:55,12:12,M 30-39/21,M-38,82,1:44:55,36.73%
105,Bob Buckner,"Sierra Madre, CA",60,1:45:16,12:15,M 50-59/17,M-57,83,1:45:16,42.25%
106,Max Heefner,"Sierra Madre, CA",150,1:45:33,12:17,M 10-14/1,M-11,84,1:45:33,43.06%
107,John Kopcha,"Monrovia, CA",185,1:45:47,12:18,M 40-49/35,M-46,85,1:45:47,38.46%
108,Tommy Marshall,"Sierra Madre, CA",7,1:45:57,12:20,M 30-39/22,M-39,86,1:45:57,36.61%
109,Heather Heefner,"Sierra Madre, CA",148,1:46:01,12:20,F 15-19/2,F-18,23,1:46:01,41.27%
110,Maria Echeverria,"South Pasadena, CA",104,1:46:20,12:22,F 40-49/7,F-45,24,1:46:20,43.13%
111,Craig Kinard,"Pasadena, CA",183,1:46:24,12:23,M 50-59/18,M-57,87,1:46:24,41.80%
112,Suzanne Mackinnon,"Lakewood, CA",202,1:46:38,12:24,F 30-39/12,F-33,25,1:46:38,39.16%
113,Edwin Dominguez,"Sierra Madre, CA",96,1:47:28,12:30,M 40-49/36,M-42,88,1:47:28,36.81%
114,Lauren Cepeda,"Monrovia, CA",72,1:48:11,12:35,F 40-49/8,F-42,26,1:48:11,41.29%
115,Neil Dominguez,"West Covina, CA",97,1:48:11,12:35,M 30-39/23,M-32,89,1:48:11,34.47%
116,Patty Curiel,"Los Angeles, CA",87,1:48:22,12:36,F 30-39/13,F-38,27,1:48:22,39.91%
117,Jay Heefner,"Sierra Madre, CA",149,1:48:36,12:38,M 40-49/37,M-47,90,1:48:36,37.73%
118,Vasken Gourdikian,"Sierra Madre, CA",342,1:48:43,12:39,M 30-39/24,M-38,91,1:48:43,35.44%
119,David Lewis,"Altadena, CA",197,1:48:54,12:40,M 40-49/38,M-43,92,1:48:54,36.57%
120,Monika Bent,"Pasadena, CA",47,1:49:23,12:44,F 30-39/14,F-37,28,1:49:23,39.24%
121,Anthony Stanley,"Monrovia, CA",279,1:49:32,12:45,M 40-49/39,M-41,93,1:49:32,35.88%
122,Julie Sandona,"La Verne, CA",264,1:49:36,12:45,F 50-59/1,F-51,29,1:49:36,44.35%
123,Gus Gomez,"Glendale, CA",130,1:50:21,12:50,M 40-49/40,M-45,94,1:50:21,36.60%
124,Raquel Villasenor,"Burbank, CA",347,1:50:22,12:50,F 30-39/15,F-30,30,1:50:22,37.84%
125,Ryan Hunt,"Monrovia, CA",162,1:50:59,12:55,M 30-39/25,M-38,95,1:50:59,34.72%
126,Jan Jenson,"Palo Alto, CA",169,1:51:00,12:55,F 60-69/1,F-60,31,1:51:00,48.62%
127,Keith Ansell,"Sierra Madre, CA",27,1:51:20,12:57,M 60-69/1,M-65,96,1:51:20,43.33%
128,Matthew Duda,"Pasadena, CA",103,1:51:50,13:01,M 30-39/26,M-36,97,1:51:50,34.02%
129,Robert Stewart,"Burbank, CA",285,1:51:57,13:01,M 50-59/19,M-53,98,1:51:57,38.36%
130,William Wilke,"Pasadena, CA",328,1:51:58,13:02,M 60-69/2,M-61,99,1:51:58,41.28%
131,Sean Terry,"Sierra Madre, CA",293,1:52:05,13:02,M 50-59/20,M-51,100,1:52:05,37.70%
132,Jean Rampagna,"Duarte, CA",247,1:52:09,13:03,F 40-49/9,F-45,32,1:52:09,40.89%
133,Mark Horn,"Altadena, CA",153,1:52:35,13:06,M 50-59/21,M-57,101,1:52:35,39.50%
134,John Buchanan,"Sierra Madre, CA",13,1:52:40,13:06,M 40-49/41,M-49,102,1:52:40,36.92%
135,Greg Beatty,"Duarte, CA",43,1:52:45,13:07,M 40-49/42,M-40,103,1:52:45,34.62%
136,Xeon Lee,"Bradbury, CA",191,1:52:52,13:08,F 40-49/10,F-47,33,1:52:52,41.39%
137,Krikor Deramerian,"Sierra Madre, CA",91,1:53:31,13:12,M 30-39/27,M-39,104,1:53:31,34.16%
138,Alan Foley,"Claremont, CA",120,1:53:40,13:13,M 50-59/22,M-55,105,1:53:40,38.43%
139,Daniel Nolan,"Diamond Bar, CA",224,1:54:03,13:16,M 50-59/23,M-51,106,1:54:03,37.05%
140,Kiley Akers,"La Canada, CA",24,1:55:19,13:25,M 30-39/28,M-35,107,1:55:19,32.79%
141,Michael Oliva,"La Verne, CA",230,1:55:36,13:27,M 50-59/24,M-52,108,1:55:36,36.85%
142,Donna Marovish,"Sierra Madre, CA",203,1:55:46,13:28,F 60-69/2,F-60,34,1:55:46,46.62%
143,Kimberleigh Lundwall,"Glendora, CA",200,1:56:15,13:32,F 20-29/5,F-28,35,1:56:15,35.92%
144,Allen Bursey,"Dana Point, CA",61,1:56:17,13:32,M 40-49/43,M-42,109,1:56:17,34.02%
145,Robert Nydam,"Sierra Madre, CA",225,1:56:22,13:32,M 40-49/44,M-42,110,1:56:22,34.00%
146,Tobi Nishikawa,"Arcadia, CA",223,1:56:25,13:33,F 30-39/16,F-36,36,1:56:25,36.60%
147,Michael Biferno,"Arcadia, CA",48,1:56:41,13:35,M 60-69/3,M-62,111,1:56:41,40.02%
148,Kenneth Hubbert,"Apple Valley, CA",159,1:56:45,13:35,M 50-59/25,M-59,112,1:56:45,38.81%
149,Amy Pellman,"Arcadia, CA",240,1:57:20,13:39,F 40-49/11,F-47,37,1:57:20,39.81%
150,Robert Kemblowski,"Norwalk, CA",180,1:57:25,13:40,M 50-59/26,M-50,113,1:57:25,35.70%
151,Turner Ward,"Monrovia, CA",323,1:57:32,13:40,M 15-19/5,M-16,114,1:57:32,34.17%
152,Rosa Diaz,"La Puente, CA",92,1:57:37,13:41,F 30-39/17,F-31,38,1:57:37,35.50%
153,Dylan Avery,"La Puente, CA",34,1:57:38,13:41,M 30-39/29,M-34,115,1:57:38,31.95%
154,Bob Spears,"Sierra Madre, CA",41,1:58:00,13:44,M 50-59/27,M-59,116,1:58:00,38.40%
155,Cyrus Davis,"Upland, CA",340,1:58:04,13:44,M 50-59/28,M-52,117,1:58:04,36.08%
156,Ivan Buzik,"Arcadia, CA",62,1:58:51,13:50,M 60-69/4,M-63,118,1:58:51,39.71%
157,Ralph West,"Sierra Madre, CA",324,1:59:02,13:51,M 50-59/29,M-55,119,1:59:02,36.70%
158,Patricia Frick,"Glendale, CA",122,1:59:23,13:53,F 40-49/12,F-40,39,1:59:23,36.80%
159,Edwin Ellis,"Topanga, CA",111,2:00:11,13:59,M 60-69/5,M-60,120,2:00:11,38.07%
160,Donna Cunningham,"Sierra Madre, CA",86,2:00:33,14:01,F 60-69/3,F-61,40,2:00:33,45.36%
161,Tawni Cranz,"Pasadena, CA",85,2:01:30,14:08,F 30-39/18,F-33,41,2:01:30,34.37%
162,Elena Gallud,"Sierra Madre, CA",126,2:01:42,14:10,F 30-39/19,F-32,42,2:01:42,34.31%
163,Gaelle Macdonald,"Sierra Madre, CA",201,2:02:27,14:15,F 30-39/20,F-35,43,2:02:27,34.55%
164,Emily Legault,"San Gabriel, CA",192,2:02:51,14:18,F 15-19/3,F-17,44,2:02:51,36.07%
165,Michael Kelly,"Monrovia, CA",178,2:03:09,14:20,M 30-39/30,M-33,121,2:03:09,30.33%
166,Ed Rounds,"Pasadena, CA",260,2:03:25,14:22,M 40-49/45,M-48,122,2:03:25,33.45%
167,Henry Rounds,"Pasadena, CA",261,2:03:26,14:22,M 10-14/2,M-12,123,2:03:26,35.65%
168,Terry Barbour,"Sierra Madre, CA",36,2:03:28,14:22,M 60-69/6,M-62,124,2:03:28,37.82%
169,Dick Johnson,"Arcadia, CA",170,2:03:31,14:22,M 70-99/1,M-71,125,2:03:31,42.10%
170,Cheyenne Wingate,"Sierra Madre, CA",332,2:03:36,14:23,F 15-19/4,F-15,45,2:03:36,36.91%
171,Martin Amundson,"Arcadia, CA",25,2:03:52,14:25,M 40-49/46,M-43,126,2:03:52,32.15%
172,John Caro,"Sylmar, CA",64,2:04:00,14:26,M 40-49/47,M-47,127,2:04:00,33.05%
173,James McCarthy,"Sierra Madre, CA",206,2:04:29,14:29,M 50-59/30,M-59,128,2:04:29,36.40%
174,Jay Gladinus,"Long Beach, CA",349,2:05:19,14:35,M 60-69/7,M-66,129,2:05:19,38.94%
175,Chuck Church,"Palmdale, CA",78,2:05:47,14:38,M 60-69/8,M-63,130,2:05:47,37.52%
176,Andrea Vallejos,"Whittier, CA",309,2:06:07,14:40,F 40-49/13,F-46,46,2:06:07,36.69%
177,Louis Kwan,"Monterey Park, CA",188,2:06:51,14:45,M 30-39/31,M-30,131,2:06:51,29.40%
178,John Blakesley,"Sierra Madre, CA",339,2:07:03,14:47,M 50-59/31,M-51,132,2:07:03,33.26%
179,Clarissa Cassara,"Sierra Madre, CA",10,2:07:06,14:47,F 20-29/6,F-25,47,2:07:06,32.85%
180,Carla Sproule,"Tujunga, CA",277,2:07:20,14:49,F 30-39/21,F-30,48,2:07:20,32.79%
181,Diana Orozco,"Pasadena, CA",232,2:08:34,14:57,F 40-49/14,F-44,49,2:08:34,35.35%
182,Elisa Sequeira,"Los Angeles, CA",267,2:08:45,14:59,F 20-29/7,F-29,50,2:08:45,32.43%
183,Frank Carranza,"Huntington Beach, CA",65,2:09:18,15:03,M 40-49/48,M-40,133,2:09:18,30.19%
184,Ann Eckles,"La Crescenta, CA",105,2:09:24,15:03,F 40-49/15,F-45,51,2:09:24,35.44%
185,Brian Hedrick,"Monrovia, CA",147,2:09:37,15:05,M 20-29/8,M-27,134,2:09:37,28.77%
186,Jennifer Janssen,"Monrovia, CA",168,2:10:30,15:11,F 30-39/22,F-30,52,2:10:30,32.00%
187,Leslie Hallimore,"San Gabriel, CA",142,2:10:48,15:13,F 50-59/2,F-57,53,2:10:48,39.74%
188,Mark Ryne,"La Crescenta, CA",263,2:10:49,15:13,M 50-59/32,M-53,135,2:10:49,32.83%
189,Angelica Dominguez,"West Covina, CA",95,2:11:12,15:16,F 20-29/8,F-28,54,2:11:12,31.83%
190,Lilly Fukui,"San Gabriel, CA",123,2:11:20,15:17,F 60-69/4,F-60,55,2:11:20,41.09%
191,Penny Adams,"Sierra Madre, CA",22,2:11:46,15:20,F 40-49/16,F-47,56,2:11:46,35.45%
192,Melineh Aslanian,"Glendale, CA",31,2:11:51,15:20,F 40-49/17,F-41,57,2:11:51,33.60%
193,Dixie Hambrick,"Burbank, CA",143,2:11:53,15:21,F 40-49/18,F-49,58,2:11:53,36.11%
194,Frank Vanerbaan,"Whittier, CA",312,2:11:55,15:21,M 60-69/9,M-61,136,2:11:55,35.03%
195,Roger Brown,"Sierra Madre, CA",57,2:11:56,15:21,M 60-69/10,M-65,137,2:11:56,36.57%
196,Barbara Ansell,"Sierra Madre, CA",26,2:12:11,15:23,F 60-69/5,F-64,59,2:12:11,43.13%
197,Donna Walters,"Arcadia, CA",320,2:13:58,15:35,F 50-59/3,F-54,60,2:13:58,37.47%
198,Paige Terry,"Sierra Madre, CA",292,2:13:58,15:35,F 50-59/4,F-54,61,2:13:58,37.47%
199,Nancy Tinker,"Monrovia, CA",298,2:14:44,15:40,F 50-59/5,F-56,62,2:14:44,38.12%
200,Marlene Vasquez,"Fontana, CA",315,2:15:49,15:48,F 30-39/23,F-39,63,2:15:49,32.09%
201,Jane Baumgartner,"Duarte, CA",39,2:16:34,15:53,F 40-49/19,F-45,64,2:16:34,33.58%
202,Chuck Tapert,"Monrovia, CA",289,2:17:16,15:58,M 40-49/49,M-46,138,2:17:16,29.63%
203,Russell Varing,"Duarte, CA",314,2:17:16,15:58,M 40-49/50,M-47,139,2:17:16,29.85%
204,Gerald Gutierrez,"San Gabriel, CA",138,2:17:34,16:00,M 60-69/11,M-64,140,2:17:34,34.68%
205,Joanne Kakuda,"Monrovia, CA",174,2:17:38,16:01,F 40-49/20,F-46,65,2:17:38,33.62%
206,Bill Dickey,"Arcadia, CA",93,2:18:13,16:05,M 60-69/12,M-68,141,2:18:13,36.17%
207,Teresa Hutchinson,"Irvine, CA",164,2:19:28,16:13,F 50-59/6,F-50,66,2:19:28,34.50%
208,Pamela Hillard,"Sierra Madre, CA",16,2:19:43,16:15,F 50-59/7,F-53,67,2:19:43,35.54%
209,John Ritchie,"Monrovia, CA",256,2:21:36,16:28,M 70-99/2,M-74,142,2:21:36,38.35%
210,Robert Woods,"Sierra Madre, CA",335,2:21:37,16:28,M 50-59/33,M-57,143,2:21:37,31.40%
211,Carmen Valdes,"Los Angeles, CA",307,2:22:21,16:34,F 40-49/21,F-45,68,2:22:21,32.21%
212,Richard Brown,"Sierra Madre, CA",56,2:24:55,16:52,M 30-39/32,M-39,144,2:24:55,26.76%
213,Mark Austin,"Arcadia, CA",33,2:26:51,17:05,M 30-39/33,M-38,145,2:26:51,26.24%
214,Brian Tiep,"Monrovia, CA",295,2:28:09,17:14,M 60-69/13,M-67,146,2:28:09,33.33%
215,Richard Langstaff,"Altadena, CA",190,2:28:22,17:16,M 50-59/34,M-50,147,2:28:22,28.25%
216,Joshua Chan,"Arcadia, CA",73,2:29:43,17:25,M 20-29/9,M-25,148,2:29:43,24.91%
217,William White,"Arcadia, CA",17,2:33:36,17:52,M 70-99/3,M-72,149,2:33:36,34.33%
218,John Bennett,"Arcadia, CA",46,2:35:33,18:06,M 60-69/14,M-64,150,2:35:33,30.67%
219,Lynn Edlund,"Sierra Madre, CA",107,2:37:07,18:17,F 50-59/8,F-51,69,2:37:07,30.94%
220,David Cavazos,"Carson, CA",70,2:38:23,18:25,M 40-49/51,M-44,151,2:38:23,25.32%
221,Dale Cavazos,"Tustin, CA",69,2:38:23,18:25,M 30-39/34,M-33,152,2:38:23,23.58%
222,Verland Kelly,"Monrovia, CA",179,2:41:58,18:50,M 60-69/15,M-63,153,2:41:58,29.14%
223,Susie Horn,"Altadena, CA",154,2:46:59,19:25,F 50-59/9,F-54,70,2:46:59,30.06%
224,Tom O'Hara,"Arcadia, CA",227,2:57:53,20:41,M 60-69/16,M-66,154,2:57:53,27.43%
225,Eric Leclair,"Sierra Madre, CA",8,2:58:46,20:48,M 30-39/35,M-30,155,2:58:46,20.86%
226,Florence Dabney,"Redlands, CA",88,2:58:58,20:49,F 50-59/10,F-50,71,2:58:58,26.88%
227,Frank Karl,"Sierra Madre, CA",175,3:19:55,23:15,M 60-69/17,M-64,156,3:19:55,23.86%
228,Bill Coburn,"Sierra Madre, CA",19,3:32:16,24:41,M 40-49/52,M-49,157,3:32:16,19.59%
229,Carol Canterbury,"Sierra Madre, CA",18,3:48:05,26:32,F 40-49/22,F-48,72,3:48:05,20.68%
230,Lono Tyson,"Monrovia, CA",3,4:09:00,28:58,M 70-99/4,M-80,158,4:09:00,24.17%
