Bib,Name,Gender,Age,Hometown,Overall,Men,M 20-29,Age/Grade,Finish,Chip Time,Gun Time
297,James Timphony,M,20,"Arcadia, CA",1 out of 230,1 out of 158,1 out of 9, 61.46% Place: 1,1:01:53 Pace: 7:12,1:01:53,1:01:53
255,Victor Rios,M,22,"Los Angeles, CA",2 out of 230,2 out of 158,2 out of 9, 55.22% Place: 5,1:07:36 Pace: 7:52,1:07:36,1:07:36
218,Johnathan Mitchell,M,35,"Los Angeles, CA",3 out of 230,3 out of 158,1 out of 35, 55.83% Place: 3,1:07:44 Pace: 7:53,1:07:44,1:07:44
82,Simon Cooper,M,38,"Sierra Madre, CA",4 out of 230,4 out of 158,2 out of 35, 55.64% Place: 4,1:09:16 Pace: 8:04,1:09:16,1:09:16
254,Nigel Rini,M,48,"Sierra Madre, CA",5 out of 230,5 out of 158,1 out of 52, 57.64% Place: 2,1:11:38 Pace: 8:20,1:11:38,1:11:38
205,Cory Martinez,M,19,"Duarte, CA",6 out of 230,6 out of 158,1 out of 5, 53.68% Place: 6,1:11:39 Pace: 8:20,1:11:39,1:11:39
30,Humberto Arredondo,M,24,"Azusa, CA",7 out of 230,7 out of 158,3 out of 9, 51.23% Place: 10,1:12:48 Pace: 8:28,1:12:48,1:12:48
132,James Grace,M,40,"South Pasadena, CA",8 out of 230,8 out of 158,2 out of 52, 53.38% Place: 8,1:13:08 Pace: 8:31,1:13:08,1:13:08
165,Rastislav Ivanic,M,32,"Altadena, CA",9 out of 230,9 out of 158,3 out of 35, 49.22% Place: 18,1:15:46 Pace: 8:49,1:15:46,1:15:46
176,Sean Keane,M,28,"Sierra Madre, CA",10 out of 230,10 out of 158,4 out of 9, 48.73% Place: 23,1:16:32 Pace: 8:54,1:16:32,1:16:32
99,Rene Dorantes,M,32,"Pasadena, CA",11 out of 230,11 out of 158,4 out of 35, 48.53% Place: 27,1:16:51 Pace: 8:57,1:16:51,1:16:51
40,John Baxter,M,36,"Sierra Madre, CA",12 out of 230,12 out of 158,5 out of 35, 48.77% Place: 22,1:18:01 Pace: 9:05,1:18:01,1:18:01
11,Jim Liston,M,44,"Sierra Madre, CA",13 out of 230,13 out of 158,3 out of 52, 50.81% Place: 13,1:18:56 Pace: 9:11,1:18:56,1:18:56
29,Sergio Arias,M,24,"Los Angeles, CA",14 out of 230,14 out of 158,5 out of 9, 47.10% Place: 34,1:19:11 Pace: 9:13,1:19:11,1:19:11
163,Colin Hurlbut,M,18,"Sierra Madre, CA",15 out of 230,15 out of 158,2 out of 5, 48.65% Place: 24,1:20:04 Pace: 9:19,1:20:04,1:20:04
94,Matther Dickie,M,32,"Altadena, CA",16 out of 230,16 out of 158,6 out of 35, 45.95% Place: 44,1:21:10 Pace: 9:27,1:21:10,1:21:10
215,Jr Mintz,M,41,"Concord, CA",17 out of 230,17 out of 158,4 out of 52, 48.27% Place: 28,1:21:25 Pace: 9:28,1:21:25,1:21:25
287,Greg Stromberg,M,55,"Glendale, CA",18 out of 230,18 out of 158,1 out of 34, 53.61% Place: 7,1:21:29 Pace: 9:29,1:21:29,1:21:29
306,Joseph Umana-Walker,M,40,"Pasadena, CA",19 out of 230,19 out of 158,5 out of 52, 47.80% Place: 31,1:21:40 Pace: 9:30,1:21:40,1:21:40
313,Mireya Vargas,F,23,"Pasadena, CA",20 out of 230,1 out of 72,1 out of 8, 51.00% Place: 12,1:21:53 Pace: 9:32,1:21:53,1:21:53
177,Michael Keating,M,43,"Pasadena, CA",21 out of 230,20 out of 158,6 out of 52, 47.76% Place: 32,1:23:24 Pace: 9:42,1:23:24,1:23:24
345,Tom Augustin,M,40,"San Marino, CA",22 out of 230,21 out of 158,7 out of 52, 46.70% Place: 36,1:23:36 Pace: 9:44,1:23:36,1:23:36
2,Jannifer Heiner,F,29,"Sierra Madre, CA",23 out of 230,2 out of 72,2 out of 8, 49.66% Place: 16,1:24:06 Pace: 9:47,1:24:06,1:24:06
140,Greg Haddock,M,39,"Monrovia, CA",24 out of 230,22 out of 158,7 out of 35, 46.00% Place: 43,1:24:19 Pace: 9:49,1:24:19,1:24:19
233,Bilal Ouri,M,33,"Glendale, CA",25 out of 230,23 out of 158,8 out of 35, 44.21% Place: 59,1:24:29 Pace: 9:50,1:24:29,1:24:29
38,Dave Baumgartner,M,48,"Duarte, CA",26 out of 230,24 out of 158,8 out of 52, 48.65% Place: 25,1:24:52 Pace: 9:52,1:24:52,1:24:52
77,Jack Cheng,M,36,"Temple City, CA",27 out of 230,25 out of 158,9 out of 35, 44.44% Place: 55,1:25:37 Pace: 9:58,1:25:37,1:25:37
53,Bradney Boli,M,42,"Monrovia, CA",28 out of 230,26 out of 158,9 out of 52, 46.21% Place: 41,1:25:37 Pace: 9:58,1:25:37,1:25:37
12,Jill Liston,F,45,"Sierra Madre, CA",29 out of 230,3 out of 72,1 out of 22, 53.23% Place: 9,1:26:09 Pace: 10:01,1:26:09,1:26:09
226,Garrett O'Hara,M,42,"Pasadena, CA",30 out of 230,27 out of 158,10 out of 52, 45.58% Place: 45,1:26:48 Pace: 10:06,1:26:48,1:26:48
58,Warren Brown,M,37,"Sierra Madre, CA",31 out of 230,28 out of 158,10 out of 35, 43.98% Place: 62,1:27:04 Pace: 10:08,1:27:04,1:27:04
124,Robert Galbraith,M,35,"South Pasadena, CA",32 out of 230,29 out of 158,11 out of 35, 43.42% Place: 66,1:27:05 Pace: 10:08,1:27:05,1:27:05
71,Caesar Cepeda,M,45,"Monrovia, CA",33 out of 230,30 out of 158,11 out of 52, 46.31% Place: 40,1:27:13 Pace: 10:09,1:27:13,1:27:13
284,Pat Stewart,M,45,"Glendora, CA",34 out of 230,31 out of 158,12 out of 52, 46.13% Place: 42,1:27:33 Pace: 10:11,1:27:33,1:27:33
273,Rachel Solis,F,37,"San Gabriel, CA",35 out of 230,4 out of 72,1 out of 23, 48.91% Place: 21,1:27:46 Pace: 10:13,1:27:46,1:27:46
204,Tricia Marshall,F,38,"Sierra Madre, CA",36 out of 230,5 out of 72,2 out of 23, 48.91% Place: 20,1:28:26 Pace: 10:17,1:28:26,1:28:26
109,Annette Eickele,F,41,"Pasadena, CA",37 out of 230,6 out of 72,2 out of 22, 50.07% Place: 14,1:28:28 Pace: 10:18,1:28:28,1:28:28
35,Michael Avon,M,56,"Encino, CA",38 out of 230,32 out of 158,2 out of 34, 49.80% Place: 15,1:28:30 Pace: 10:18,1:28:30,1:28:30
68,Jennifer Castro,F,25,"Monterey Park, CA",39 out of 230,7 out of 72,3 out of 8, 46.96% Place: 35,1:28:56 Pace: 10:21,1:28:56,1:28:56
114,Carlos Fajardo,M,22,"Glendale, CA",40 out of 230,33 out of 158,6 out of 9, 41.88% Place: 84,1:29:08 Pace: 10:22,1:29:08,1:29:08
244,Jeff Phillips,M,56,"Brea, CA",41 out of 230,34 out of 158,3 out of 34, 49.43% Place: 17,1:29:10 Pace: 10:23,1:29:10,1:29:10
346,Pam Smith,F,33,"Salem, OR",42 out of 230,8 out of 72,3 out of 23, 46.59% Place: 38,1:29:38 Pace: 10:26,1:29:38,1:29:38
98,Dennis Donahue,M,53,"Sierra Madre, CA",43 out of 230,35 out of 158,4 out of 34, 47.89% Place: 30,1:29:41 Pace: 10:26,1:29:41,1:29:41
184,Frank Kong,M,45,"Monterey Park, CA",44 out of 230,36 out of 158,13 out of 52, 44.95% Place: 50,1:29:51 Pace: 10:27,1:29:51,1:29:51
241,Robert Penalora,M,46,"Pasadena, CA",45 out of 230,37 out of 158,14 out of 52, 45.08% Place: 49,1:30:14 Pace: 10:30,1:30:14,1:30:14
6,James Faulkner,M,50,"Pasadena, CA",46 out of 230,38 out of 158,5 out of 34, 46.36% Place: 39,1:30:25 Pace: 10:31,1:30:25,1:30:25
272,Hope Snyder,F,47,"Monrovia, CA",47 out of 230,9 out of 72,3 out of 22, 51.22% Place: 11,1:31:12 Pace: 10:37,1:31:12,1:31:12
20,Tim Osti,M,40,"Sierra Madre, CA",48 out of 230,39 out of 158,15 out of 52, 42.74% Place: 74,1:31:20 Pace: 10:38,1:31:20,1:31:20
134,Larry Grill,M,58,"Claremont, CA",49 out of 230,40 out of 158,6 out of 34, 48.95% Place: 19,1:31:42 Pace: 10:40,1:31:42,1:31:42
326,Stan Wilcox,M,45,"San Gabriel, CA",50 out of 230,41 out of 158,16 out of 52, 44.01% Place: 61,1:31:47 Pace: 10:41,1:31:47,1:31:47
216,Jeff Miquelon,M,24,"Moreno Valley, CA",51 out of 230,42 out of 158,7 out of 9, 40.58% Place: 98,1:31:54 Pace: 10:42,1:31:54,1:31:54
242,Sarah Penalora,F,41,"Pasadena, CA",52 out of 230,10 out of 72,4 out of 22, 48.17% Place: 29,1:31:58 Pace: 10:42,1:31:58,1:31:58
253,Mike Rewers,M,40,"Monrovia, CA",53 out of 230,43 out of 158,17 out of 52, 42.12% Place: 80,1:32:41 Pace: 10:47,1:32:41,1:32:41
127,Francisco Garcia,M,51,"Temple City, CA",54 out of 230,44 out of 158,7 out of 34, 45.56% Place: 46,1:32:44 Pace: 10:47,1:32:44,1:32:44
275,Brian Sorkin,M,35,"Pasadena, CA",55 out of 230,45 out of 158,12 out of 35, 40.38% Place: 104,1:33:39 Pace: 10:54,1:33:39,1:33:39
63,David Campbell,M,52,"Glendale, CA",56 out of 230,46 out of 158,8 out of 34, 45.42% Place: 47,1:33:47 Pace: 10:55,1:33:47,1:33:47
239,David Pejsa,M,36,"Sierra Madre, CA",57 out of 230,47 out of 158,13 out of 35, 40.54% Place: 99,1:33:51 Pace: 10:55,1:33:51,1:33:51
141,Joshua Haines,M,35,"Redondo Beach, CA",58 out of 230,48 out of 158,14 out of 35, 40.16% Place: 105,1:34:09 Pace: 10:57,1:34:09,1:34:09
234,Joseph Pacilio,M,50,"San Gabriel, CA",59 out of 230,49 out of 158,9 out of 34, 44.44% Place: 56,1:34:20 Pace: 10:59,1:34:20,1:34:20
333,Michael Winslow,M,42,"Yucaipa, CA",60 out of 230,50 out of 158,18 out of 52, 41.79% Place: 86,1:34:40 Pace: 11:01,1:34:40,1:34:40
15,Pete Siberell,M,50,"Sierra Madre, CA",61 out of 230,51 out of 158,10 out of 34, 44.17% Place: 60,1:34:54 Pace: 11:03,1:34:54,1:34:54
54,Brian Bolster,M,34,"Pasadena, CA",62 out of 230,52 out of 158,15 out of 35, 39.45% Place: 118,1:35:16 Pace: 11:05,1:35:16,1:35:16
268,Nydia Sequeira,F,33,"Pasadena, CA",63 out of 230,11 out of 72,4 out of 23, 43.76% Place: 64,1:35:26 Pace: 11:06,1:35:26,1:35:26
321,Jim Ward,M,45,"Monrovia, CA",64 out of 230,53 out of 158,19 out of 52, 42.25% Place: 78,1:35:36 Pace: 11:07,1:35:36,1:35:36
5,Brian Stiver,M,46,"Sierra Madre, CA",65 out of 230,54 out of 158,20 out of 52, 42.54% Place: 76,1:35:38 Pace: 11:08,1:35:38,1:35:38
331,Matt Wilson,M,36,"Pasadena, CA",66 out of 230,55 out of 158,16 out of 35, 39.73% Place: 114,1:35:46 Pace: 11:09,1:35:46,1:35:46
90,Amy Denton,F,35,"Pasadena, CA",67 out of 230,12 out of 72,5 out of 23, 43.93% Place: 63,1:36:18 Pace: 11:12,1:36:18,1:36:18
44,Ohsha Beatty,F,37,"Duarte, CA",68 out of 230,13 out of 72,6 out of 23, 44.46% Place: 54,1:36:33 Pace: 11:14,1:36:33,1:36:33
327,Laura Wiles,F,45,"Monrovia, CA",69 out of 230,14 out of 72,5 out of 22, 47.19% Place: 33,1:37:10 Pace: 11:18,1:37:10,1:37:10
118,Bill Fitzgerald,M,49,"Sierra Madre, CA",70 out of 230,56 out of 158,21 out of 52, 42.68% Place: 75,1:37:28 Pace: 11:20,1:37:28,1:37:28
286,Mason Stout Blackman,M,15,"Sierra Madre, CA",71 out of 230,57 out of 158,3 out of 5, 41.90% Place: 83,1:37:38 Pace: 11:22,1:37:38,1:37:38
208,Scott McGlasson,M,44,"Sierra Madre, CA",72 out of 230,58 out of 158,22 out of 52, 40.93% Place: 94,1:38:00 Pace: 11:24,1:38:00,1:38:00
89,Vince Demarzo,M,55,"Sierra Madre, CA",73 out of 230,59 out of 158,11 out of 34, 44.50% Place: 53,1:38:10 Pace: 11:25,1:38:10,1:38:10
116,Robert Filacchione,M,42,"Los Alamitos, CA",74 out of 230,60 out of 158,23 out of 52, 40.12% Place: 106,1:38:37 Pace: 11:28,1:38:37,1:38:37
319,Michael Wade,M,56,"Duarte, CA",75 out of 230,61 out of 158,12 out of 34, 44.67% Place: 51,1:38:40 Pace: 11:29,1:38:40,1:38:40
304,Hunt Turner,M,36,"Pasadena, CA",76 out of 230,62 out of 158,17 out of 35, 38.51% Place: 127,1:38:48 Pace: 11:30,1:38:48,1:38:48
133,Patrick Grace,M,44,"San Dimas, CA",77 out of 230,63 out of 158,24 out of 52, 40.51% Place: 100,1:39:01 Pace: 11:31,1:39:01,1:39:01
198,Mark Lima,M,42,"Monrovia, CA",78 out of 230,64 out of 158,25 out of 52, 39.83% Place: 111,1:39:20 Pace: 11:33,1:39:20,1:39:20
181,Florence Kerns,F,17,"Sierra Madre, CA",79 out of 230,15 out of 72,1 out of 4, 44.53% Place: 52,1:39:30 Pace: 11:35,1:39:30,1:39:30
288,Lisa Tanner,F,38,"Sierra Madre, CA",80 out of 230,16 out of 72,7 out of 23, 43.44% Place: 65,1:39:34 Pace: 11:35,1:39:34,1:39:34
282,Stuart Stephens,M,48,"Sierra Madre, CA",81 out of 230,65 out of 158,26 out of 52, 41.37% Place: 88,1:39:47 Pace: 11:37,1:39:47,1:39:47
217,Larry Miquelon,M,46,"Moreno Valley, CA",82 out of 230,66 out of 158,27 out of 52, 40.65% Place: 97,1:40:05 Pace: 11:39,1:40:05,1:40:05
250,Michael Rankin,M,53,"Pasadena, CA",83 out of 230,67 out of 158,13 out of 34, 42.87% Place: 73,1:40:11 Pace: 11:39,1:40:11,1:40:11
83,Paul Corbin,M,41,"Rancho Cucamonga, CA",84 out of 230,68 out of 158,28 out of 52, 39.21% Place: 122,1:40:13 Pace: 11:40,1:40:13,1:40:13
182,James Kim,M,38,"Monterey Park, CA",85 out of 230,69 out of 158,18 out of 35, 38.41% Place: 130,1:40:20 Pace: 11:40,1:40:20,1:40:20
303,Debbie Turner,F,39,"Pasadena, CA",86 out of 230,17 out of 72,8 out of 23, 43.39% Place: 67,1:40:27 Pace: 11:41,1:40:27,1:40:27
32,Francine Austin,F,32,"Arcadia, CA",87 out of 230,18 out of 72,9 out of 23, 41.26% Place: 92,1:41:13 Pace: 11:47,1:41:13,1:41:13
21,David Adams,M,47,"Sierra Madre, CA",88 out of 230,70 out of 158,29 out of 52, 40.38% Place: 102,1:41:29 Pace: 11:48,1:41:29,1:41:29
160,Jeff Hulett,M,47,"Encinitas, CA",89 out of 230,71 out of 158,30 out of 52, 40.38% Place: 103,1:41:29 Pace: 11:49,1:41:29,1:41:29
173,Les Jolly,M,45,"Highland, CA",90 out of 230,72 out of 158,31 out of 52, 39.68% Place: 116,1:41:47 Pace: 11:51,1:41:47,1:41:47
231,Dave Oppliger,M,42,"Monrovia, CA",91 out of 230,73 out of 158,32 out of 52, 38.78% Place: 126,1:42:00 Pace: 11:52,1:42:00,1:42:00
325,Murray Wilcox,M,54,"Arcadia, CA",92 out of 230,74 out of 158,14 out of 34, 42.45% Place: 77,1:42:01 Pace: 11:52,1:42:01,1:42:01
51,Tim Blackman,M,53,"Sierra Madre, CA",93 out of 230,75 out of 158,15 out of 34, 42.06% Place: 82,1:42:07 Pace: 11:53,1:42:07,1:42:07
283,Andrew Stewart,M,16,"Burbank, CA",94 out of 230,76 out of 158,4 out of 5, 39.23% Place: 121,1:42:23 Pace: 11:55,1:42:23,1:42:23
248,Phillip Rampagna,M,47,"Duarte, CA",95 out of 230,77 out of 158,33 out of 52, 39.98% Place: 109,1:42:30 Pace: 11:56,1:42:30,1:42:30
37,Sarah Bartlett,F,30,"Los Angeles, CA",96 out of 230,19 out of 72,10 out of 23, 40.72% Place: 96,1:42:33 Pace: 11:56,1:42:33,1:42:33
269,Jeff Sketeris,M,32,"Monrovia, CA",97 out of 230,78 out of 158,19 out of 35, 36.15% Place: 159,1:43:10 Pace: 12:00,1:43:10,1:43:10
341,Angelica Young,F,33,"Sierra Madre, CA",98 out of 230,20 out of 72,11 out of 23, 40.39% Place: 101,1:43:23 Pace: 12:02,1:43:23,1:43:23
14,Marianne Siberell,F,45,"Sierra Madre, CA",99 out of 230,21 out of 72,6 out of 22, 44.28% Place: 58,1:43:34 Pace: 12:03,1:43:34,1:43:34
291,Ted Tekippe,M,31,"Pasadena, CA",100 out of 230,79 out of 158,20 out of 35, 35.90% Place: 164,1:43:52 Pace: 12:05,1:43:52,1:43:52
158,Kyung Hu,M,47,"Bradbury, CA",101 out of 230,80 out of 158,34 out of 52, 39.28% Place: 119,1:44:20 Pace: 12:08,1:44:20,1:44:20
119,James Flanigan,M,58,"Davis, CA",102 out of 230,81 out of 158,16 out of 34, 43.01% Place: 72,1:44:22 Pace: 12:09,1:44:22,1:44:22
329,Elizabeth Williams,F,26,"South Pasadena, CA",103 out of 230,22 out of 72,4 out of 8, 40.01% Place: 108,1:44:23 Pace: 12:09,1:44:23,1:44:23
348,Jays Ostler,M,38,"Upland, CA",104 out of 230,82 out of 158,21 out of 35, 36.73% Place: 149,1:44:55 Pace: 12:12,1:44:55,1:44:55
60,Bob Buckner,M,57,"Sierra Madre, CA",105 out of 230,83 out of 158,17 out of 34, 42.25% Place: 79,1:45:16 Pace: 12:15,1:45:16,1:45:16
150,Max Heefner,M,11,"Sierra Madre, CA",106 out of 230,84 out of 158,1 out of 2, 43.06% Place: 71,1:45:33 Pace: 12:17,1:45:33,1:45:33
185,John Kopcha,M,46,"Monrovia, CA",107 out of 230,85 out of 158,35 out of 52, 38.46% Place: 128,1:45:47 Pace: 12:18,1:45:47,1:45:47
7,Tommy Marshall,M,39,"Sierra Madre, CA",108 out of 230,86 out of 158,22 out of 35, 36.61% Place: 152,1:45:57 Pace: 12:20,1:45:57,1:45:57
148,Heather Heefner,F,18,"Sierra Madre, CA",109 out of 230,23 out of 72,2 out of 4, 41.27% Place: 91,1:46:01 Pace: 12:20,1:46:01,1:46:01
104,Maria Echeverria,F,45,"South Pasadena, CA",110 out of 230,24 out of 72,7 out of 22, 43.13% Place: 70,1:46:20 Pace: 12:22,1:46:20,1:46:20
183,Craig Kinard,M,57,"Pasadena, CA",111 out of 230,87 out of 158,18 out of 34, 41.80% Place: 85,1:46:24 Pace: 12:23,1:46:24,1:46:24
202,Suzanne Mackinnon,F,33,"Lakewood, CA",112 out of 230,25 out of 72,12 out of 23, 39.16% Place: 123,1:46:38 Pace: 12:24,1:46:38,1:46:38
96,Edwin Dominguez,M,42,"Sierra Madre, CA",113 out of 230,88 out of 158,36 out of 52, 36.81% Place: 147,1:47:28 Pace: 12:30,1:47:28,1:47:28
72,Lauren Cepeda,F,42,"Monrovia, CA",114 out of 230,26 out of 72,8 out of 22, 41.29% Place: 89,1:48:11 Pace: 12:35,1:48:11,1:48:11
97,Neil Dominguez,M,32,"West Covina, CA",115 out of 230,89 out of 158,23 out of 35, 34.47% Place: 180,1:48:11 Pace: 12:35,1:48:11,1:48:11
87,Patty Curiel,F,38,"Los Angeles, CA",116 out of 230,27 out of 72,13 out of 23, 39.91% Place: 110,1:48:22 Pace: 12:36,1:48:22,1:48:22
149,Jay Heefner,M,47,"Sierra Madre, CA",117 out of 230,90 out of 158,37 out of 52, 37.73% Place: 138,1:48:36 Pace: 12:38,1:48:36,1:48:36
342,Vasken Gourdikian,M,38,"Sierra Madre, CA",118 out of 230,91 out of 158,24 out of 35, 35.44% Place: 171,1:48:43 Pace: 12:39,1:48:43,1:48:43
197,David Lewis,M,43,"Altadena, CA",119 out of 230,92 out of 158,38 out of 52, 36.57% Place: 155,1:48:54 Pace: 12:40,1:48:54,1:48:54
47,Monika Bent,F,37,"Pasadena, CA",120 out of 230,28 out of 72,14 out of 23, 39.24% Place: 120,1:49:23 Pace: 12:44,1:49:23,1:49:23
279,Anthony Stanley,M,41,"Monrovia, CA",121 out of 230,93 out of 158,39 out of 52, 35.88% Place: 165,1:49:32 Pace: 12:45,1:49:32,1:49:32
264,Julie Sandona,F,51,"La Verne, CA",122 out of 230,29 out of 72,1 out of 10, 44.35% Place: 57,1:49:36 Pace: 12:45,1:49:36,1:49:36
130,Gus Gomez,M,45,"Glendale, CA",123 out of 230,94 out of 158,40 out of 52, 36.60% Place: 153,1:50:21 Pace: 12:50,1:50:21,1:50:21
347,Raquel Villasenor,F,30,"Burbank, CA",124 out of 230,30 out of 72,15 out of 23, 37.84% Place: 136,1:50:22 Pace: 12:50,1:50:22,1:50:22
162,Ryan Hunt,M,38,"Monrovia, CA",125 out of 230,95 out of 158,25 out of 35, 34.72% Place: 175,1:50:59 Pace: 12:55,1:50:59,1:50:59
169,Jan Jenson,F,60,"Palo Alto, CA",126 out of 230,31 out of 72,1 out of 5, 48.62% Place: 26,1:51:00 Pace: 12:55,1:51:00,1:51:00
27,Keith Ansell,M,65,"Sierra Madre, CA",127 out of 230,96 out of 158,1 out of 17, 43.33% Place: 68,1:51:20 Pace: 12:57,1:51:20,1:51:20
103,Matthew Duda,M,36,"Pasadena, CA",128 out of 230,97 out of 158,26 out of 35, 34.02% Place: 186,1:51:50 Pace: 13:01,1:51:50,1:51:50
285,Robert Stewart,M,53,"Burbank, CA",129 out of 230,98 out of 158,19 out of 34, 38.36% Place: 132,1:51:57 Pace: 13:01,1:51:57,1:51:57
328,William Wilke,M,61,"Pasadena, CA",130 out of 230,99 out of 158,2 out of 17, 41.28% Place: 90,1:51:58 Pace: 13:02,1:51:58,1:51:58
293,Sean Terry,M,51,"Sierra Madre, CA",131 out of 230,100 out of 158,20 out of 34, 37.70% Place: 139,1:52:05 Pace: 13:02,1:52:05,1:52:05
247,Jean Rampagna,F,45,"Duarte, CA",132 out of 230,32 out of 72,9 out of 22, 40.89% Place: 95,1:52:09 Pace: 13:03,1:52:09,1:52:09
153,Mark Horn,M,57,"Altadena, CA",133 out of 230,101 out of 158,21 out of 34, 39.50% Place: 117,1:52:35 Pace: 13:06,1:52:35,1:52:35
13,John Buchanan,M,49,"Sierra Madre, CA",134 out of 230,102 out of 158,41 out of 52, 36.92% Place: 144,1:52:40 Pace: 13:06,1:52:40,1:52:40
43,Greg Beatty,M,40,"Duarte, CA",135 out of 230,103 out of 158,42 out of 52, 34.62% Place: 177,1:52:45 Pace: 13:07,1:52:45,1:52:45
191,Xeon Lee,F,47,"Bradbury, CA",136 out of 230,33 out of 72,10 out of 22, 41.39% Place: 87,1:52:52 Pace: 13:08,1:52:52,1:52:52
91,Krikor Deramerian,M,39,"Sierra Madre, CA",137 out of 230,104 out of 158,27 out of 35, 34.16% Place: 185,1:53:31 Pace: 13:12,1:53:31,1:53:31
120,Alan Foley,M,55,"Claremont, CA",138 out of 230,105 out of 158,22 out of 34, 38.43% Place: 129,1:53:40 Pace: 13:13,1:53:40,1:53:40
224,Daniel Nolan,M,51,"Diamond Bar, CA",139 out of 230,106 out of 158,23 out of 34, 37.05% Place: 143,1:54:03 Pace: 13:16,1:54:03,1:54:03
24,Kiley Akers,M,35,"La Canada, CA",140 out of 230,107 out of 158,28 out of 35, 32.79% Place: 199,1:55:19 Pace: 13:25,1:55:19,1:55:19
230,Michael Oliva,M,52,"La Verne, CA",141 out of 230,108 out of 158,24 out of 34, 36.85% Place: 146,1:55:36 Pace: 13:27,1:55:36,1:55:36
203,Donna Marovish,F,60,"Sierra Madre, CA",142 out of 230,34 out of 72,2 out of 5, 46.62% Place: 37,1:55:46 Pace: 13:28,1:55:46,1:55:46
200,Kimberleigh Lundwall,F,28,"Glendora, CA",143 out of 230,35 out of 72,5 out of 8, 35.92% Place: 163,1:56:15 Pace: 13:32,1:56:15,1:56:15
61,Allen Bursey,M,42,"Dana Point, CA",144 out of 230,109 out of 158,43 out of 52, 34.02% Place: 187,1:56:17 Pace: 13:32,1:56:17,1:56:17
225,Robert Nydam,M,42,"Sierra Madre, CA",145 out of 230,110 out of 158,44 out of 52, 34.00% Place: 188,1:56:22 Pace: 13:32,1:56:22,1:56:22
223,Tobi Nishikawa,F,36,"Arcadia, CA",146 out of 230,36 out of 72,16 out of 23, 36.60% Place: 154,1:56:25 Pace: 13:33,1:56:25,1:56:25
48,Michael Biferno,M,62,"Arcadia, CA",147 out of 230,111 out of 158,3 out of 17, 40.02% Place: 107,1:56:41 Pace: 13:35,1:56:41,1:56:41
159,Kenneth Hubbert,M,59,"Apple Valley, CA",148 out of 230,112 out of 158,25 out of 34, 38.81% Place: 125,1:56:45 Pace: 13:35,1:56:45,1:56:45
240,Amy Pellman,F,47,"Arcadia, CA",149 out of 230,37 out of 72,11 out of 22, 39.81% Place: 112,1:57:20 Pace: 13:39,1:57:20,1:57:20
180,Robert Kemblowski,M,50,"Norwalk, CA",150 out of 230,113 out of 158,26 out of 34, 35.70% Place: 166,1:57:25 Pace: 13:40,1:57:25,1:57:25
323,Turner Ward,M,16,"Monrovia, CA",151 out of 230,114 out of 158,5 out of 5, 34.17% Place: 184,1:57:32 Pace: 13:40,1:57:32,1:57:32
92,Rosa Diaz,F,31,"La Puente, CA",152 out of 230,38 out of 72,17 out of 23, 35.50% Place: 169,1:57:37 Pace: 13:41,1:57:37,1:57:37
34,Dylan Avery,M,34,"La Puente, CA",153 out of 230,115 out of 158,29 out of 35, 31.95% Place: 205,1:57:38 Pace: 13:41,1:57:38,1:57:38
41,Bob Spears,M,59,"Sierra Madre, CA",154 out of 230,116 out of 158,27 out of 34, 38.40% Place: 131,1:58:00 Pace: 13:44,1:58:00,1:58:00
340,Cyrus Davis,M,52,"Upland, CA",155 out of 230,117 out of 158,28 out of 34, 36.08% Place: 161,1:58:04 Pace: 13:44,1:58:04,1:58:04
62,Ivan Buzik,M,63,"Arcadia, CA",156 out of 230,118 out of 158,4 out of 17, 39.71% Place: 115,1:58:51 Pace: 13:50,1:58:51,1:58:51
324,Ralph West,M,55,"Sierra Madre, CA",157 out of 230,119 out of 158,29 out of 34, 36.70% Place: 150,1:59:02 Pace: 13:51,1:59:02,1:59:02
122,Patricia Frick,F,40,"Glendale, CA",158 out of 230,39 out of 72,12 out of 22, 36.80% Place: 148,1:59:23 Pace: 13:53,1:59:23,1:59:23
111,Edwin Ellis,M,60,"Topanga, CA",159 out of 230,120 out of 158,5 out of 17, 38.07% Place: 135,2:00:11 Pace: 13:59,2:00:11,2:00:11
86,Donna Cunningham,F,61,"Sierra Madre, CA",160 out of 230,40 out of 72,3 out of 5, 45.36% Place: 48,2:00:33 Pace: 14:01,2:00:33,2:00:33
85,Tawni Cranz,F,33,"Pasadena, CA",161 out of 230,41 out of 72,18 out of 23, 34.37% Place: 181,2:01:30 Pace: 14:08,2:01:30,2:01:30
126,Elena Gallud,F,32,"Sierra Madre, CA",162 out of 230,42 out of 72,19 out of 23, 34.31% Place: 183,2:01:42 Pace: 14:10,2:01:42,2:01:42
201,Gaelle Macdonald,F,35,"Sierra Madre, CA",163 out of 230,43 out of 72,20 out of 23, 34.55% Place: 178,2:02:27 Pace: 14:15,2:02:27,2:02:27
192,Emily Legault,F,17,"San Gabriel, CA",164 out of 230,44 out of 72,3 out of 4, 36.07% Place: 162,2:02:51 Pace: 14:18,2:02:51,2:02:51
178,Michael Kelly,M,33,"Monrovia, CA",165 out of 230,121 out of 158,30 out of 35, 30.33% Place: 210,2:03:09 Pace: 14:20,2:03:09,2:03:09
260,Ed Rounds,M,48,"Pasadena, CA",166 out of 230,122 out of 158,45 out of 52, 33.45% Place: 192,2:03:25 Pace: 14:22,2:03:25,2:03:25
261,Henry Rounds,M,12,"Pasadena, CA",167 out of 230,123 out of 158,2 out of 2, 35.65% Place: 167,2:03:26 Pace: 14:22,2:03:26,2:03:26
36,Terry Barbour,M,62,"Sierra Madre, CA",168 out of 230,124 out of 158,6 out of 17, 37.82% Place: 137,2:03:28 Pace: 14:22,2:03:28,2:03:28
170,Dick Johnson,M,71,"Arcadia, CA",169 out of 230,125 out of 158,1 out of 4, 42.10% Place: 81,2:03:31 Pace: 14:22,2:03:31,2:03:31
332,Cheyenne Wingate,F,15,"Sierra Madre, CA",170 out of 230,45 out of 72,4 out of 4, 36.91% Place: 145,2:03:36 Pace: 14:23,2:03:36,2:03:36
25,Martin Amundson,M,43,"Arcadia, CA",171 out of 230,126 out of 158,46 out of 52, 32.15% Place: 202,2:03:52 Pace: 14:25,2:03:52,2:03:52
64,John Caro,M,47,"Sylmar, CA",172 out of 230,127 out of 158,47 out of 52, 33.05% Place: 195,2:04:00 Pace: 14:26,2:04:00,2:04:00
206,James McCarthy,M,59,"Sierra Madre, CA",173 out of 230,128 out of 158,30 out of 34, 36.40% Place: 157,2:04:29 Pace: 14:29,2:04:29,2:04:29
349,Jay Gladinus,M,66,"Long Beach, CA",174 out of 230,129 out of 158,7 out of 17, 38.94% Place: 124,2:05:19 Pace: 14:35,2:05:19,2:05:19
78,Chuck Church,M,63,"Palmdale, CA",175 out of 230,130 out of 158,8 out of 17, 37.52% Place: 140,2:05:47 Pace: 14:38,2:05:47,2:05:47
309,Andrea Vallejos,F,46,"Whittier, CA",176 out of 230,46 out of 72,13 out of 22, 36.69% Place: 151,2:06:07 Pace: 14:40,2:06:07,2:06:07
188,Louis Kwan,M,30,"Monterey Park, CA",177 out of 230,131 out of 158,31 out of 35, 29.40% Place: 215,2:06:51 Pace: 14:45,2:06:51,2:06:51
339,John Blakesley,M,51,"Sierra Madre, CA",178 out of 230,132 out of 158,31 out of 34, 33.26% Place: 194,2:07:03 Pace: 14:47,2:07:03,2:07:03
10,Clarissa Cassara,F,25,"Sierra Madre, CA",179 out of 230,47 out of 72,6 out of 8, 32.85% Place: 196,2:07:06 Pace: 14:47,2:07:06,2:07:06
277,Carla Sproule,F,30,"Tujunga, CA",180 out of 230,48 out of 72,21 out of 23, 32.79% Place: 198,2:07:20 Pace: 14:49,2:07:20,2:07:20
232,Diana Orozco,F,44,"Pasadena, CA",181 out of 230,49 out of 72,14 out of 22, 35.35% Place: 173,2:08:34 Pace: 14:57,2:08:34,2:08:34
267,Elisa Sequeira,F,29,"Los Angeles, CA",182 out of 230,50 out of 72,7 out of 8, 32.43% Place: 200,2:08:45 Pace: 14:59,2:08:45,2:08:45
65,Frank Carranza,M,40,"Huntington Beach, CA",183 out of 230,133 out of 158,48 out of 52, 30.19% Place: 211,2:09:18 Pace: 15:03,2:09:18,2:09:18
105,Ann Eckles,F,45,"La Crescenta, CA",184 out of 230,51 out of 72,15 out of 22, 35.44% Place: 172,2:09:24 Pace: 15:03,2:09:24,2:09:24
147,Brian Hedrick,M,27,"Monrovia, CA",185 out of 230,134 out of 158,8 out of 9, 28.77% Place: 217,2:09:37 Pace: 15:05,2:09:37,2:09:37
168,Jennifer Janssen,F,30,"Monrovia, CA",186 out of 230,52 out of 72,22 out of 23, 32.00% Place: 204,2:10:30 Pace: 15:11,2:10:30,2:10:30
142,Leslie Hallimore,F,57,"San Gabriel, CA",187 out of 230,53 out of 72,2 out of 10, 39.74% Place: 113,2:10:48 Pace: 15:13,2:10:48,2:10:48
263,Mark Ryne,M,53,"La Crescenta, CA",188 out of 230,135 out of 158,32 out of 34, 32.83% Place: 197,2:10:49 Pace: 15:13,2:10:49,2:10:49
95,Angelica Dominguez,F,28,"West Covina, CA",189 out of 230,54 out of 72,8 out of 8, 31.83% Place: 206,2:11:12 Pace: 15:16,2:11:12,2:11:12
123,Lilly Fukui,F,60,"San Gabriel, CA",190 out of 230,55 out of 72,4 out of 5, 41.09% Place: 93,2:11:20 Pace: 15:17,2:11:20,2:11:20
22,Penny Adams,F,47,"Sierra Madre, CA",191 out of 230,56 out of 72,16 out of 22, 35.45% Place: 170,2:11:46 Pace: 15:20,2:11:46,2:11:46
31,Melineh Aslanian,F,41,"Glendale, CA",192 out of 230,57 out of 72,17 out of 22, 33.60% Place: 190,2:11:51 Pace: 15:20,2:11:51,2:11:51
143,Dixie Hambrick,F,49,"Burbank, CA",193 out of 230,58 out of 72,18 out of 22, 36.11% Place: 160,2:11:53 Pace: 15:21,2:11:53,2:11:53
312,Frank Vanerbaan,M,61,"Whittier, CA",194 out of 230,136 out of 158,9 out of 17, 35.03% Place: 174,2:11:55 Pace: 15:21,2:11:55,2:11:55
57,Roger Brown,M,65,"Sierra Madre, CA",195 out of 230,137 out of 158,10 out of 17, 36.57% Place: 156,2:11:56 Pace: 15:21,2:11:56,2:11:56
26,Barbara Ansell,F,64,"Sierra Madre, CA",196 out of 230,59 out of 72,5 out of 5, 43.13% Place: 69,2:12:11 Pace: 15:23,2:12:11,2:12:11
320,Donna Walters,F,54,"Arcadia, CA",197 out of 230,60 out of 72,3 out of 10, 37.47% Place: 141,2:13:58 Pace: 15:35,2:13:58,2:13:58
292,Paige Terry,F,54,"Sierra Madre, CA",198 out of 230,61 out of 72,4 out of 10, 37.47% Place: 142,2:13:58 Pace: 15:35,2:13:58,2:13:58
298,Nancy Tinker,F,56,"Monrovia, CA",199 out of 230,62 out of 72,5 out of 10, 38.12% Place: 134,2:14:44 Pace: 15:40,2:14:44,2:14:44
315,Marlene Vasquez,F,39,"Fontana, CA",200 out of 230,63 out of 72,23 out of 23, 32.09% Place: 203,2:15:49 Pace: 15:48,2:15:49,2:15:49
39,Jane Baumgartner,F,45,"Duarte, CA",201 out of 230,64 out of 72,19 out of 22, 33.58% Place: 191,2:16:34 Pace: 15:53,2:16:34,2:16:34
289,Chuck Tapert,M,46,"Monrovia, CA",202 out of 230,138 out of 158,49 out of 52, 29.63% Place: 214,2:17:16 Pace: 15:58,2:17:16,2:17:16
314,Russell Varing,M,47,"Duarte, CA",203 out of 230,139 out of 158,50 out of 52, 29.85% Place: 213,2:17:16 Pace: 15:58,2:17:16,2:17:16
138,Gerald Gutierrez,M,64,"San Gabriel, CA",204 out of 230,140 out of 158,11 out of 17, 34.68% Place: 176,2:17:34 Pace: 16:00,2:17:34,2:17:34
174,Joanne Kakuda,F,46,"Monrovia, CA",205 out of 230,65 out of 72,20 out of 22, 33.62% Place: 189,2:17:38 Pace: 16:01,2:17:38,2:17:38
93,Bill Dickey,M,68,"Arcadia, CA",206 out of 230,141 out of 158,12 out of 17, 36.17% Place: 158,2:18:13 Pace: 16:05,2:18:13,2:18:13
164,Teresa Hutchinson,F,50,"Irvine, CA",207 out of 230,66 out of 72,6 out of 10, 34.50% Place: 179,2:19:28 Pace: 16:13,2:19:28,2:19:28
16,Pamela Hillard,F,53,"Sierra Madre, CA",208 out of 230,67 out of 72,7 out of 10, 35.54% Place: 168,2:19:43 Pace: 16:15,2:19:43,2:19:43
256,John Ritchie,M,74,"Monrovia, CA",209 out of 230,142 out of 158,2 out of 4, 38.35% Place: 133,2:21:36 Pace: 16:28,2:21:36,2:21:36
335,Robert Woods,M,57,"Sierra Madre, CA",210 out of 230,143 out of 158,33 out of 34, 31.40% Place: 207,2:21:37 Pace: 16:28,2:21:37,2:21:37
307,Carmen Valdes,F,45,"Los Angeles, CA",211 out of 230,68 out of 72,21 out of 22, 32.21% Place: 201,2:22:21 Pace: 16:34,2:22:21,2:22:21
56,Richard Brown,M,39,"Sierra Madre, CA",212 out of 230,144 out of 158,32 out of 35, 26.76% Place: 221,2:24:55 Pace: 16:52,2:24:55,2:24:55
33,Mark Austin,M,38,"Arcadia, CA",213 out of 230,145 out of 158,33 out of 35, 26.24% Place: 222,2:26:51 Pace: 17:05,2:26:51,2:26:51
295,Brian Tiep,M,67,"Monrovia, CA",214 out of 230,146 out of 158,13 out of 17, 33.33% Place: 193,2:28:09 Pace: 17:14,2:28:09,2:28:09
190,Richard Langstaff,M,50,"Altadena, CA",215 out of 230,147 out of 158,34 out of 34, 28.25% Place: 218,2:28:22 Pace: 17:16,2:28:22,2:28:22
73,Joshua Chan,M,25,"Arcadia, CA",216 out of 230,148 out of 158,9 out of 9, 24.91% Place: 224,2:29:43 Pace: 17:25,2:29:43,2:29:43
17,William White,M,72,"Arcadia, CA",217 out of 230,149 out of 158,3 out of 4, 34.33% Place: 182,2:33:36 Pace: 17:52,2:33:36,2:33:36
46,John Bennett,M,64,"Arcadia, CA",218 out of 230,150 out of 158,14 out of 17, 30.67% Place: 209,2:35:33 Pace: 18:06,2:35:33,2:35:33
107,Lynn Edlund,F,51,"Sierra Madre, CA",219 out of 230,69 out of 72,8 out of 10, 30.94% Place: 208,2:37:07 Pace: 18:17,2:37:07,2:37:07
70,David Cavazos,M,44,"Carson, CA",220 out of 230,151 out of 158,51 out of 52, 25.32% Place: 223,2:38:23 Pace: 18:25,2:38:23,2:38:23
69,Dale Cavazos,M,33,"Tustin, CA",221 out of 230,152 out of 158,34 out of 35, 23.58% Place: 227,2:38:23 Pace: 18:25,2:38:23,2:38:23
179,Verland Kelly,M,63,"Monrovia, CA",222 out of 230,153 out of 158,15 out of 17, 29.14% Place: 216,2:41:58 Pace: 18:50,2:41:58,2:41:58
154,Susie Horn,F,54,"Altadena, CA",223 out of 230,70 out of 72,9 out of 10, 30.06% Place: 212,2:46:59 Pace: 19:25,2:46:59,2:46:59
227,Tom O'Hara,M,66,"Arcadia, CA",224 out of 230,154 out of 158,16 out of 17, 27.43% Place: 219,2:57:53 Pace: 20:41,2:57:53,2:57:53
8,Eric Leclair,M,30,"Sierra Madre, CA",225 out of 230,155 out of 158,35 out of 35, 20.86% Place: 228,2:58:46 Pace: 20:48,2:58:46,2:58:46
88,Florence Dabney,F,50,"Redlands, CA",226 out of 230,71 out of 72,10 out of 10, 26.88% Place: 220,2:58:58 Pace: 20:49,2:58:58,2:58:58
175,Frank Karl,M,64,"Sierra Madre, CA",227 out of 230,156 out of 158,17 out of 17, 23.86% Place: 226,3:19:55 Pace: 23:15,3:19:55,3:19:55
19,Bill Coburn,M,49,"Sierra Madre, CA",228 out of 230,157 out of 158,52 out of 52, 19.59% Place: 230,3:32:16 Pace: 24:41,3:32:16,3:32:16
18,Carol Canterbury,F,48,"Sierra Madre, CA",229 out of 230,72 out of 72,22 out of 22, 20.68% Place: 229,3:48:05 Pace: 26:32,3:48:05,3:48:05
3,Lono Tyson,M,80,"Monrovia, CA",230 out of 230,158 out of 158,4 out of 4, 24.17% Place: 225,4:09:00 Pace: 28:58,4:09:00,4:09:00
