Place,Name,Location,Bib,Net Time,Pace,Division/Place,Sex-Age,Sex-Place,Gun Time,Age Grade
1,Victor Rios,"La Puente, CA",310,1:06:31,7:45,M 20-29/1,M-25,1,1:06:31, 0.00%
2,Kevin Koeper,"SIERRA MADRE, CA",334,1:08:32,7:59,M 30-39/1,M-32,2,1:08:32, 0.00%
3,Alan Reynolds,"Sausalito, CA",302,1:09:36,8:06,M 40-49/1,m-47,3,1:09:36, 0.00%
4,Hannah Briggs,"Monrovia, CA",33,1:10:56,8:15,F 20-29/1,F-27,1,1:10:56, 0.00%
5,Aaron Zambrano,"Sierra Madre, CA",292,1:11:07,8:17,M 15-19/1,M-15,4,1:11:07, 0.00%
6,Rene Dorantes,"PASADENA, CA",324,1:11:54,8:22,M 30-39/2,M-35,5,1:11:54, 0.00%
7,Michael Lopez,"Mill Valley, CA",150,1:15:03,8:44,M 50-59/1,M-53,6,1:15:03, 0.00%
8,Sean Keane,"San Diego, CA",133,1:15:45,8:49,M 30-39/3,M-31,7,1:15:47, 0.00%
9,Morgan Putnam,"Pasadena, CA",193,1:16:04,8:51,M 20-29/2,M-28,8,1:16:09, 0.00%
10,Sean O'Brien,"Los Angeles, CA",177,1:16:26,8:54,M 40-49/2,M-48,9,1:16:39, 0.00%
11,Gary Hefner,"Long Beach, CA",109,1:16:30,8:54,M 50-59/2,M-52,10,1:16:31, 0.00%
12,Jeff Nuruki,"Harbor City, CA",175,1:16:57,8:57,M 30-39/4,M-38,11,1:17:02, 0.00%
13,Tom Augustin,"Monrovia, CA",24,1:17:07,8:59,M 40-49/3,M-43,12,1:17:08, 0.00%
14,Nigel Rini,"Sierra Madre, CA",203,1:17:40,9:02,M 50-59/3,M-51,13,1:17:41, 0.00%
15,Gabriel Morin,"Los Angeles, CA",338,1:18:32,9:08,M 10-14/1,M-14,14,1:18:41, 0.00%
16,Jack Ramirez,"Pasadena, CA",194,1:18:45,9:10,M 30-39/5,M-35,15,1:18:47, 0.00%
17,Sharon Pevsner,"Sierra Madre, CA",12,1:19:15,9:13,F 40-49/1,F-42,2,1:19:15, 0.00%
18,Yonathan Schwarzkopf,"Pasadena, CA",216,1:19:42,9:16,M 30-39/6,M-39,16,1:19:47, 0.00%
19,James Wade,"San Marino, CA",274,1:21:01,9:26,M 15-19/2,M-16,17,1:21:03, 0.00%
20,Jim Liston,"Sierra Madre, CA",11,1:21:26,9:29,M 40-49/4,M-47,18,1:21:29, 0.00%
21,John Howard III,"Sacramento, CA",115,1:21:27,9:29,M 20-29/3,M-23,19,1:21:27, 0.00%
22,Matt Connery,"Pasadena, CA",58,1:21:40,9:30,M 40-49/5,M-47,20,1:21:46, 0.00%
23,Tim Osti,"Sierra Madre, CA",185,1:21:56,9:32,M 40-49/6,M-43,21,1:21:57, 0.00%
24,Joseph Umana-Walker,"Pasadena, CA",263,1:22:06,9:33,M 40-49/7,M-43,22,1:22:11, 0.00%
25,William Prentice,"Pasadena, CA",192,1:22:10,9:34,M 50-59/4,M-53,23,1:22:11, 0.00%
26,Doug Reed,"Ventura, CA",197,1:22:23,9:35,M 40-49/8,M-49,24,1:22:28, 0.00%
27,Turner Ward,"Monrovia, CA",282,1:22:45,9:38,M 15-19/3,M-19,25,1:22:48, 0.00%
28,Max Heefner,"Sierra Madre, CA",108,1:23:30,9:43,M 10-14/2,M-14,26,1:23:35, 0.00%
29,John Grace,"Sierra Madre, CA",7,1:23:55,9:46,M 40-49/9,M-45,27,1:23:56, 0.00%
30,Greg Akmakjian,"Burbank, CA",16,1:24:06,9:47,M 30-39/7,M-38,28,1:24:15, 0.00%
31,Anthony Duynstee,"Pasadena, CA",75,1:25:10,9:55,M 30-39/8,M-34,29,1:25:13, 0.00%
32,Jill Liston,"Sierra Madre, CA",10,1:25:27,9:57,F 40-49/2,F-48,3,1:25:27, 0.00%
33,John Howard,"Sacramento, CA",114,1:25:36,9:58,M 50-59/5,M-52,30,1:25:40, 0.00%
34,James Faulkner,"Pasadena, CA",79,1:26:12,10:02,M 50-59/6,M-53,31,1:26:13, 0.00%
35,Eric Leclair,"Sierra Madre, CA",9,1:26:23,10:03,M 30-39/9,M-33,32,1:26:24, 0.00%
36,Tommie Silva,"Monrovia, CA",228,1:26:41,10:05,M 40-49/10,M-47,33,1:26:43, 0.00%
37,Tom Scoble,"Altadena, CA",217,1:27:06,10:08,M 40-49/11,M-41,34,1:27:07, 0.00%
38,Dan Sprague,"Pomona, CA",234,1:27:41,10:12,M 50-59/7,M-50,35,1:27:49, 0.00%
39,James Flanigan,"Davis, CA",81,1:27:45,10:13,M 60-69/1,M-61,36,1:27:49, 0.00%
40,Jeffrey Sketeris,"Monrovia, CA",229,1:27:55,10:14,M 30-39/10,M-35,37,1:27:57, 0.00%
41,Aaron Duda,"Tega Cay, SC",74,1:27:58,10:14,M 30-39/11,M-38,38,1:28:03, 0.00%
42,Britt Cole,"Monrovia, CA",56,1:28:05,10:15,M 30-39/12,M-35,39,1:28:08, 0.00%
43,Matthew Duda,"Pasadena, CA",2,1:28:06,10:15,M 30-39/13,M-39,40,1:28:09, 0.00%
44,Joseph Pacilio,"San Gabriel, CA",186,1:28:12,10:16,M 50-59/8,M-53,41,1:28:15, 0.00%
45,Bob Nydam,"SIERRA MADRE, CA",332,1:28:35,10:18,M 40-49/12,M-45,42,1:28:37, 0.00%
46,Kendall Grigg,"El Monte, CA",96,1:28:41,10:19,M 30-39/14,M-37,43,1:28:45, 0.00%
47,Tony Vong,"Temple City, CA",306,1:29:00,10:21,M 30-39/15,m-30,44,1:29:03, 0.00%
48,Joyce Lau,"Sun Valley, CA",144,1:29:04,10:22,F 30-39/1,F-32,4,1:29:04, 0.00%
49,Trish Marshall,"Sierra Madre, CA",160,1:29:08,10:22,F 40-49/3,F-41,5,1:29:08, 0.00%
50,Michael Winslow,"Yucaipa, CA",288,1:29:10,10:23,M 40-49/13,M-45,45,1:29:12, 0.00%
51,Lisa Stanton,"Sierra Madre, CA",237,1:29:26,10:24,F 30-39/2,F-33,6,1:29:28, 0.00%
52,Kurt Vasquez,"Sierra Madre, CA",270,1:29:50,10:27,M 30-39/16,M-38,46,1:29:58, 0.00%
53,Dabiel Raygoza,"San Gabriel, CA",195,1:29:55,10:28,M 30-39/17,M-34,47,1:29:58, 0.00%
54,Linda Sereno,"Salinas, CA",304,1:30:24,10:31,F 50-59/1,f-51,7,1:30:36, 0.00%
55,Earle Rothwell,"Monrovia, CA",208,1:30:28,10:32,M 40-49/14,M-48,48,1:30:30, 0.00%
56,James Simpson,"MONROVIA, CA",335,1:30:37,10:33,M 20-29/4,M-24,49,1:30:47, 0.00%
57,Hope Langevin,"Monrovia, CA",143,1:31:00,10:35,F 50-59/2,F-50,8,1:31:07, 0.00%
58,Bruce Evans,"Pasadena, CA",77,1:31:15,10:37,M 40-49/15,M-42,50,1:31:21, 0.00%
59,Ramon Navarro,"Sierra Madre, CA",172,1:31:23,10:38,M 30-39/18,M-36,51,1:31:33, 0.00%
60,Claus Herther,"Los Angeles, CA",111,1:31:26,10:38,M 30-39/19,M-36,52,1:31:37, 0.00%
61,Robert Chen,"Pasadena, CA",49,1:31:37,10:40,M 30-39/20,M-33,53,1:31:49, 0.00%
62,Jillian Riehl,"Pasadena, CA",202,1:32:10,10:43,F 20-29/2,F-25,9,1:32:12, 0.00%
63,Andrew Jenks,"La Crescenta, CA",126,1:32:25,10:45,M 40-49/16,M-42,54,1:32:30, 0.00%
64,David Oppliger,"Monrovia, CA",182,1:33:02,10:49,M 40-49/17,M-45,55,1:33:04, 0.00%
65,John Capoccia,"Sierra Madre, CA",42,1:33:33,10:53,M 50-59/9,M-57,56,1:33:39, 0.00%
66,Vince Demarzo,"Sierra Madre, CA",68,1:33:53,10:55,M 50-59/10,M-58,57,1:33:58, 0.00%
67,Robert Galbraith,"South Pasadena, CA",315,1:34:01,10:56,M 30-39/21,M-38,58,1:34:05, 0.00%
68,Brian Reitz,"Granada Hills, CA",198,1:34:05,10:57,M 30-39/22,M-31,59,1:34:08, 0.00%
69,John Viray,"Sierra Madre, CA",273,1:34:12,10:58,M 30-39/23,M-33,60,1:34:17, 0.00%
70,Lauren Capoccia,"Sierra Madre, CA",311,1:34:12,10:58,F 20-29/3,f-27,10,1:34:14, 0.00%
71,Christopher Sonnenberg,"Sierra Madre, CA",232,1:34:36,11:00,M 40-49/18,M-41,61,1:34:42, 0.00%
72,Bill Wallius,"Altadena, CA",278,1:34:56,11:03,M 40-49/19,M-44,62,1:35:03, 0.00%
73,Dan Kelley,"Covina, CA",136,1:34:59,11:03,M 40-49/20,M-49,63,1:35:02, 0.00%
74,Thomas Hurrell,"Pasadena, CA",120,1:35:00,11:03,M 50-59/11,M-51,64,1:35:04, 0.00%
75,Pete Hsu,"Temple City, CA",116,1:35:10,11:04,M 30-39/24,M-38,65,1:35:17, 0.00%
76,Eric Blumberg,"Altadena, CA",31,1:35:13,11:05,M 40-49/21,M-41,66,1:35:19, 0.00%
77,Laura Wiles,"Monrovia, CA",322,1:35:25,11:06,F 40-49/4,F-48,11,1:35:33, 0.00%
78,Tyler Varing,"Duarte, CA",268,1:35:35,11:07,M 20-29/5,M-20,67,1:35:42, 0.00%
79,Paul Corbin,"Alta Loma, CA",61,1:35:41,11:08,M 40-49/22,M-44,68,1:35:49, 0.00%
80,Andrew Binns,"Sierra Madre, CA",30,1:36:19,11:12,M 30-39/25,M-39,69,1:36:23, 0.00%
81,Jim Richards,"TUJUNGA, CA",328,1:36:32,11:14,M 40-49/23,M-46,70,1:36:39, 0.00%
82,Thomas Byrne,"Pasadena, CA",37,1:36:40,11:15,M 30-39/26,M-30,71,1:36:42, 0.00%
83,Ian Meyers,"Pasadena, CA",165,1:36:49,11:16,M 20-29/6,M-27,72,1:36:52, 0.00%
84,Stephen Taynton,"Riverside, CA",246,1:36:50,11:16,M 20-29/7,M-28,73,1:37:01, 0.00%
85,Eric Murga,"Altadena, CA",171,1:36:54,11:16,M 40-49/24,M-40,74,1:37:08, 0.00%
86,James Siegrist,"Monrovia, CA",225,1:37:05,11:18,M 40-49/25,M-41,75,1:37:07, 0.00%
87,Mark Moromisato,"Pasadena, CA",169,1:37:05,11:18,M 40-49/26,M-43,76,1:37:10, 0.00%
88,Danny Kabala,"Reno, NV",131,1:37:13,11:19,M 40-49/27,M-40,77,1:37:17, 0.00%
89,Bill Pevsner,"Sierra Madre, CA",13,1:37:37,11:21,M 50-59/12,M-53,78,1:37:42, 0.00%
90,Byron Melendy,"La Crescenta, CA",164,1:37:41,11:22,M 60-69/2,M-69,79,1:37:49, 0.00%
91,Tamar Le,"Altadena, CA",308,1:37:47,11:23,F 30-39/3,f-30,12,1:37:51, 0.00%
92,Vas Kypreos,"Glendora, CA",141,1:37:54,11:23,F 20-29/4,F-28,13,1:37:58, 0.00%
93,David Adams,"Sierra Madre, CA",14,1:38:07,11:25,M 50-59/13,M-50,80,1:38:16, 0.00%
94,Robert O'Keefe,"Monrovia, CA",179,1:38:14,11:26,M 50-59/14,M-52,81,1:38:17, 0.00%
95,Heather Heefner,"Sierra Madre, CA",107,1:38:19,11:26,F 20-29/5,F-21,14,1:38:25, 0.00%
96,Jeff Hulett,"Encinitas, CA",118,1:38:48,11:30,M 50-59/15,M-50,82,1:38:56, 0.00%
97,David Pejsa,"Sierra Madre, CA",189,1:38:49,11:30,M 30-39/27,M-39,83,1:39:01, 0.00%
98,Thomas Marshall,"Atlanta, GA",3,1:38:54,11:30,M 40-49/28,M-43,84,1:39:00, 0.00%
99,Gary Inouye,"Arcadia, CA",122,1:39:02,11:31,M 50-59/16,M-58,85,1:39:09, 0.00%
100,Sean Hartfield,"Monrovia, CA",103,1:39:07,11:32,M 30-39/28,M-33,86,1:39:20, 0.00%
101,Richard Guzman,"Duarte, CA",100,1:39:15,11:33,M 20-29/8,M-25,87,1:39:18, 0.00%
102,Keren Shvarz,"Sunland, CA",224,1:39:17,11:33,F 30-39/4,F-32,15,1:39:25, 0.00%
103,Ward Olson,"Arcadia, CA",181,1:39:22,11:34,M 50-59/17,M-54,88,1:39:30, 0.00%
104,John Twitchell,"Camarillo, CA",260,1:39:50,11:37,M 40-49/29,M-45,89,1:39:55, 0.00%
105,Juana Diaz,"Monrovia, CA",69,1:40:14,11:40,F 30-39/5,F-37,16,1:40:17, 0.00%
106,Scott Holliday,"Brea, CA",112,1:40:54,11:44,M 40-49/30,M-47,90,1:40:57, 0.00%
107,Hunt Turner,"Pasadena, CA",259,1:40:56,11:45,M 30-39/29,M-39,91,1:41:02, 0.00%
108,Connie Keith,"Sierra Madre, CA",134,1:40:59,11:45,F 30-39/6,F-36,17,1:41:10, 0.00%
109,Jack Freiberger,"Sierra Madre, CA",85,1:41:03,11:45,M 10-14/3,M-14,92,1:41:06, 0.00%
110,Greg Bernthal,"REDONDO BEACH, CA",330,1:41:04,11:46,M 30-39/30,M-32,93,1:41:12, 0.00%
111,Karen Grace,"Sierra Madre, CA",8,1:41:08,11:46,F 40-49/5,F-41,18,1:41:19, 0.00%
112,Leslie Jolly,"Highland, CA",130,1:41:10,11:46,M 40-49/31,M-48,94,1:41:15, 0.00%
113,Paige Marino,"Santa Monica, CA",156,1:41:12,11:46,F 30-39/7,F-35,19,1:41:14, 0.00%
114,Nathan Rodriguez,"Temple City, CA",205,1:41:41,11:50,M 30-39/31,M-36,95,1:41:42, 0.00%
115,Craig Middlebrook,"Altadena, CA",166,1:41:55,11:51,M 30-39/32,M-36,96,1:41:55, 0.00%
116,Victor Ortega,"Arcadia, CA",184,1:42:03,11:52,M 20-29/9,M-22,97,1:42:06, 0.00%
117,Chirs Angelica,"GLENDALE, CA",325,1:42:35,11:56,M 30-39/33,M-39,98,1:42:45, 0.00%
118,Navin Dore,"Monrovia, CA",71,1:42:45,11:57,M 20-29/10,M-28,99,1:42:50, 0.00%
119,Deb Turner,"Pasadena, CA",258,1:43:01,11:59,F 40-49/6,F-42,20,1:43:07, 0.00%
120,Peter Le,"Altadena, CA",307,1:43:04,12:00,M 30-39/34,m-31,100,1:43:07, 0.00%
121,Heather Carmichael,"Los Angeles, CA",44,1:43:17,12:01,F 50-59/3,F-53,21,1:43:28, 0.00%
122,Luis Raygoza,"San Gabriel, CA",196,1:43:24,12:02,M 30-39/35,M-37,101,1:43:27, 0.00%
123,Robert Perez,"West Covina, CA",191,1:44:05,12:07,M 50-59/18,M-51,102,1:44:14, 0.00%
124,Maral Zakarian,"Altadena, CA",305,1:44:08,12:07,F 20-29/6,f-28,22,1:44:12, 0.00%
125,Julie Hardin,"Los Angeles, CA",102,1:44:09,12:07,F 40-49/7,F-48,23,1:44:15, 0.00%
126,Hilary Thomas,"South Pasadena, CA",320,1:44:19,12:08,F 30-39/8,F-34,24,1:44:23, 0.00%
127,Basil Anton,"Sierra Madre, CA",19,1:44:26,12:09,M 50-59/19,M-55,103,1:44:29, 0.00%
128,Erick Arbuthnot,"Arcadia, CA",21,1:44:44,12:11,M 40-49/32,M-41,104,1:44:48, 0.00%
129,Marta Capoccia,"Sierra Madre, CA",43,1:44:51,12:12,F 50-59/4,F-56,25,1:45:00, 0.00%
130,Bret Naylor,"Temple City, CA",173,1:45:20,12:15,M 30-39/36,M-35,105,1:45:31, 0.00%
131,Nathan Osbourne,"Sierra Madre, CA",300,1:45:24,12:16,M 20-29/11,m-24,106,1:45:31, 0.00%
132,Nick Osbourne,"Sierra Madre, CA",299,1:45:25,12:16,M 20-29/12,m-27,107,1:45:32, 0.00%
133,Leonard Triay,"Ontario, CA",254,1:45:32,12:17,M 30-39/37,M-33,108,1:45:49, 0.00%
134,Carrie Chasteen-Elfarra,"Pasadena, CA",48,1:45:44,12:18,F 30-39/9,F-37,26,1:45:56, 0.00%
135,Phil Grieve,"San Clemente, CA",317,1:45:55,12:19,M 30-39/38,M-37,109,1:46:09, 0.00%
136,Beth Collins,"Arcadia, CA",57,1:45:58,12:20,F 50-59/5,F-52,27,1:46:03, 0.00%
137,Derringer Silva,"Monrovia, CA",227,1:45:58,12:20,M 15-19/4,M-16,110,1:46:00, 0.00%
138,Mike Hakes,"Diamond Bar, CA",314,1:46:40,12:25,M 30-39/39,M-37,111,1:46:56, 0.00%
139,Desiree Lange,"Altadena, CA",142,1:46:50,12:26,F 30-39/10,F-32,28,1:46:59, 0.00%
140,Ohsha Beatty,"Duarte, CA",294,1:46:50,12:26,F 40-49/8,F-40,29,1:47:02, 0.00%
141,David Lewis,"Altadena, CA",145,1:46:56,12:26,M 40-49/33,M-46,112,1:47:02, 0.00%
142,Renee Marquedant,"Sierra Madre, CA",158,1:47:12,12:28,F 30-39/11,F-39,30,1:47:19, 0.00%
143,Tina Garcia,"Monrovia, CA",88,1:47:17,12:29,F 50-59/6,F-51,31,1:47:25, 0.00%
144,Raquel Villasenor,"Glendora, CA",337,1:47:17,12:29,F 30-39/12,F-33,32,1:47:21, 0.00%
145,Larry Natividad,"ARTESIA, CA",326,1:47:33,12:31,M 40-49/34,M-40,113,1:47:40, 0.00%
146,Dawn Waldron,"Glendale, CA",277,1:47:49,12:33,F 30-39/13,F-33,33,1:47:56, 0.00%
147,Lon Wahlberg,"Pasadena, CA",318,1:48:01,12:34,M 40-49/35,M-47,114,1:48:12, 0.00%
148,Wolfgang Heim,"Manhattan Beach, CA",110,1:48:09,12:35,M 50-59/20,M-53,115,1:48:14, 0.00%
149,Daniel Shafer,"West Hollywood, CA",221,1:48:15,12:36,M 30-39/40,M-38,116,1:48:16, 0.00%
150,Michael Sheriff,"Monrovia, CA",222,1:49:00,12:41,M 40-49/36,M-47,117,1:49:03, 0.00%
151,Robb Briggs,"Pasadena, CA",34,1:49:05,12:41,M 40-49/37,M-42,118,1:49:17, 0.00%
152,Maryanne Siberell,"SIERRA MADRE, CA",336,1:49:17,12:43,F 40-49/9,F-48,34,1:49:25, 0.00%
153,Ted Lubeshkoff,"Arcadia, CA",152,1:49:20,12:43,M 50-59/21,M-51,119,1:49:24, 0.00%
154,Craig Kinard,"Pasadena, CA",137,1:49:32,12:45,M 60-69/3,M-60,120,1:49:39, 0.00%
155,Michael Oliva,"La Verne, CA",180,1:49:49,12:47,M 50-59/22,M-55,121,1:49:56, 0.00%
156,Thomas Sullivan,"Sierra Madre, CA",243,1:49:49,12:47,M 30-39/41,M-34,122,1:50:00, 0.00%
157,Melissa Hall,"Pasadena, CA",101,1:50:45,12:53,F 40-49/10,F-41,35,1:50:54, 0.00%
158,Corlyn Saldana,"South Pasadena, CA",214,1:50:52,12:54,F 40-49/11,F-48,36,1:50:56, 0.00%
159,Monika Bent,"Sierra Madre, CA",28,1:51:00,12:55,F 40-49/12,F-40,37,1:51:07, 0.00%
160,Juanita Vega,"MONROVIA, CA",339,1:51:02,12:55,F 30-39/14,F-37,38,1:51:12, 0.00%
161,Michael Wade,"Pasadena, CA",275,1:51:23,12:58,M 50-59/23,M-59,123,1:51:34, 0.00%
162,Roger Hayek,"Sierra Madre, CA",105,1:51:59,13:02,M 40-49/38,M-47,124,1:52:03, 0.00%
163,Ward Christensen,"La Canada, CA",50,1:52:03,13:02,M 40-49/39,M-47,125,1:52:03, 0.00%
164,Amy Johnston,"Salinas, CA",303,1:52:04,13:02,F 15-19/1,f-18,39,1:52:14, 0.00%
165,Ann Byrns,"Altadena, CA",38,1:52:08,13:03,F 50-59/7,F-56,40,1:52:12, 0.00%
166,Raymond Corral,"La Puente, CA",63,1:52:17,13:04,M 30-39/42,M-36,126,1:52:26, 0.00%
167,Daniel Greer,"Larkspur, CO",95,1:52:23,13:04,M 20-29/13,M-24,127,1:52:25, 0.00%
168,Kathryn Kyaw,"Azusa, CA",140,1:52:36,13:06,F 30-39/15,F-35,41,1:52:45, 0.00%
169,Louis Kwan,"Monterey Park, CA",139,1:53:05,13:09,M 30-39/43,M-33,128,1:53:16, 0.00%
170,Stuart Stephens,"Sierra Madre, CA",239,1:53:25,13:12,M 50-59/24,M-51,129,1:53:33, 0.00%
171,Jimmy Downs,"Arcadia, CA",73,1:53:29,13:12,M 40-49/40,M-44,130,1:53:42, 0.00%
172,Pamela Rose,"Monrovia, CA",207,1:54:06,13:17,F 40-49/13,F-47,42,1:54:15, 0.00%
173,Lynne Levin-Guzman,"Sierra Madre, CA",298,1:54:08,13:17,F 40-49/14,F-48,43,1:54:11, 0.00%
174,Tod Cole,"Pasadena, CA",55,1:54:23,13:18,M 30-39/44,M-39,131,1:54:30, 0.00%
175,James Carne,"Monrovia, CA",45,1:54:40,13:20,M 50-59/25,M-59,132,1:54:52, 0.00%
176,Bill Wilkie,"Pasadena, CA",285,1:54:48,13:21,M 60-69/4,M-64,133,1:55:00, 0.00%
177,Shannon Franklin,"Burbank, CA",84,1:55:13,13:24,F 40-49/15,F-46,44,1:55:25, 0.00%
178,Jerry Wildermuth,"WHITTIER, CA",327,1:56:00,13:30,M 60-69/5,M-64,134,1:56:15, 0.00%
179,Claudine Tonarely,"Altadena, CA",252,1:56:05,13:30,F 40-49/16,F-40,45,1:56:14, 0.00%
180,Tobi Nishikawa,"Arcadia, CA",296,1:56:16,13:32,F 30-39/16,F-39,46,1:56:27, 0.00%
181,Scott Strebe,"Sierra Madre, CA",240,1:56:19,13:32,M 50-59/26,M-50,135,1:56:24, 0.00%
182,Jeff Nuzzi,"PASADENA, CA",331,1:57:32,13:40,M 40-49/41,M-47,136,1:57:40, 0.00%
183,Lisa Moyer,"Temple City, CA",319,1:57:49,13:42,F 30-39/17,F-30,47,1:57:58, 0.00%
184,Donna Marovish,"Sierra Madre, CA",157,1:57:58,13:44,F 60-69/1,F-63,48,1:58:08, 0.00%
185,Stephen Davis,"El Segundo, CA",316,1:58:09,13:45,M 60-69/6,M-60,137,1:58:18, 0.00%
186,Richard Tipping,"Monrovia, CA",251,1:58:25,13:47,M 40-49/42,M-45,138,1:58:38, 0.00%
187,Perla Solis,"El Monte, CA",230,1:58:30,13:47,F 30-39/18,F-37,49,1:58:34, 0.00%
188,Ann Trowbridge,"Sacramento, CA",256,1:58:42,13:49,F 50-59/8,F-50,50,1:58:57, 0.00%
189,Ryan Gardner,"Stanton, CA",89,1:59:00,13:51,M 40-49/43,M-48,139,1:59:11, 0.00%
190,Julia Gravlin,"Duarte, CA",94,1:59:20,13:53,F 50-59/9,F-53,51,1:59:32, 0.00%
191,Ralph West,"Sierra Madre, CA",295,1:59:38,13:55,M 50-59/27,M-58,140,1:59:51, 0.00%
192,Terry Ann Sprague,"Pomona, CA",235,1:59:48,13:56,F 30-39/19,F-36,52,1:59:57, 0.00%
193,Russell Varing,"Duarte, CA",269,1:59:55,13:57,M 50-59/28,M-50,141,2:00:01, 0.00%
194,Kelley Johnson,"Monrovia, CA",128,1:59:58,13:57,F 40-49/17,F-42,53,2:00:07, 0.00%
195,Amy Pellman,"Arcadia, CA",190,2:00:09,13:59,F 50-59/10,F-50,54,2:00:14, 0.00%
196,Michael Biferno,"Arcadia, CA",29,2:00:13,13:59,M 60-69/7,M-65,142,2:00:26, 0.00%
197,Bob Spears,"Sierra Madre, CA",41,2:00:23,14:00,M 60-69/8,M-62,143,2:00:38, 0.00%
198,Forrest Campbell,"Pasadena, CA",293,2:00:31,14:01,M 20-29/14,M-25,144,2:00:33, 0.00%
199,Jeff Goldbloom,"North Hills, CA",91,2:00:53,14:04,M 40-49/44,M-44,145,2:01:04, 0.00%
200,Max Corbin,"Alta Loma, CA",60,2:01:24,14:07,M 20-29/15,M-20,146,2:01:32, 0.00%
