Place,Name,Location,Bib,Net Time,Pace,Division/Place,Sex-Age,Sex-Place,Gun Time,Age Grade
1,Wayne Dilly,"San Diego, CA",1136,36:13,5:50,M 20-29/1,M-28,1,36:13,74.17%
2,Eduardo Corvera,"San Diego, CA",1003,36:43,5:55,M 01-19/1,M-18,2,36:43,75.66%
3,Eric Martn,"La Jolla, CA",1236,36:48,5:56,M 30-39/1,M-30,3,36:48,73.18%
4,Justin Wolfe,"San Diego, CA",763,37:00,5:58,M 30-39/2,M-39,4,37:00,76.25%
5,Ciro Melendez,"San Diego, CA",1214,37:11,6:00,M 30-39/3,M-38,5,37:11,75.34%
6,Emmanuel Corvera,"San Diego, CA",1004,37:17,6:00,M 01-19/2,M-16,6,37:17,76.48%
7,Kevin Gordon,"San Diego, CA",1253,38:43,6:14,M 30-39/4,M-34,7,38:43,70.50%
8,Patrick Lanoiselee,"San Diego, CA",447,38:44,6:14,M 40-49/1,M-49,8,38:44,78.65%
9,Ryan Hayes,"La Jolla, CA",1208,39:11,6:19,M 20-29/2,M-24,9,39:11,68.55%
10,Piete Darnaud,"San Diego, CA",1223,39:25,6:21,M 30-39/5,M-36,10,39:25,70.05%
11,Christopher Walden,"San Diego, CA",741,40:07,6:28,M 30-39/6,M-39,11,40:07,70.32%
12,David Baker,"Cardiff By The Sea, CA",1215,40:18,6:30,M 30-39/7,M-38,12,40:18,69.51%
13,Matt Hall,"La Jolla, CA",344,40:22,6:30,M 20-29/3,M-29,13,40:22,66.58%
14,James Cekola,"San Diego, CA",191,40:31,6:32,M 20-29/4,M-29,14,40:31,66.34%
15,Felipe Acevedo,"San Diego, CA",1203,40:36,6:33,M 30-39/8,M-31,15,40:36,66.49%
16,Caleb Keiter,"San Diego, CA",413,41:01,6:36,M 20-29/5,M-29,16,41:01,65.53%
17,Bobby Mays,"San Diego, CA",805,42:22,6:49,M 40-49/2,M-40,17,42:22,67.10%
18,Brian Kelly,"San Diego, CA",417,42:31,6:51,M 50-59/1,M-59,18,42:31,77.88%
19,Jonathan Spangler,"Del Mar, CA",683,43:03,6:56,M 40-49/3,M-49,19,43:03,70.76%
20,Andrew Desposit,"San Diego, CA",1011,43:12,6:58,M 20-29/6,M-26,20,43:12,62.18%
21,Victor Ferreira,"San Diego, CA",277,43:24,7:00,M 30-39/9,M-39,21,43:24,65.00%
22,Jose GonzßLez-Navajas,"San Diego, CA",319,43:59,7:05,M 30-39/10,M-39,22,43:59,64.14%
23,Luis Calderon,"Chula Vista, CA",176,44:00,7:05,M 30-39/11,M-39,23,44:00,64.12%
24,Peter Mendoza,"San Diego, CA",509,44:03,7:06,M 30-39/12,M-39,24,44:03,64.04%
25,Ian Bradley,"Descanso, CA",1119,44:38,7:11,M 20-29/7,M-25,25,44:38,60.18%
26,Stacy Schlocker,"San Diego, CA",1207,44:42,7:12,F 30-39/1,F-33,1,44:42,68.16%
27,Michael Davidson,"Oceanside, CA",234,44:46,7:13,M 20-29/8,M-29,26,44:46,60.04%
28,Doug Trafican,"San Diego, CA",1008,45:04,7:16,M 30-39/13,M-31,27,45:04,59.90%
29,Paul Christy,"San Diego, CA",201,45:08,7:16,M 20-29/9,M-29,28,45:08,59.55%
30,William Thomas,"Brooklyn, NY",706,45:19,7:18,M 40-49/4,M-49,29,45:19,67.22%
31,David Hanlon Jr,"Oceanside, CA",346,45:23,7:19,M 30-39/14,M-39,30,45:23,62.16%
32,Samantha Merrion,"Farmington, NM",511,45:29,7:20,F 01-19/1,F-19,2,45:29,66.97%
33,Patrick Zukowski,"San Diego, CA",778,45:30,7:20,M 30-39/15,M-39,31,45:30,62.00%
34,Stephen Heverly,"San Diego, CA",1244,45:38,7:21,M 30-39/16,M-30,32,45:38,59.01%
35,Carla Pryor,"Cardiff, CA",586,45:42,7:22,F 20-29/1,F-29,3,45:42,66.40%
36,Erynne Jones,"San Diego, CA",392,45:51,7:23,F 20-29/2,F-29,4,45:51,66.18%
37,Dean Andreuzzi,"San Diego, CA",836,46:01,7:25,M 30-39/17,M-35,33,46:01,59.64%
38,Alyssa Bentley,"La Jolla, CA",147,46:08,7:26,F 30-39/2,F-39,5,46:08,67.73%
39,Luis Ynigo,"San Diego, CA",1125,46:08,7:26,M 30-39/18,M-30,34,46:08,58.37%
40,Cynthia Macias,"Ramona, CA",1118,46:18,7:28,F 20-29/3,F-22,6,46:18,65.54%
41,Keizo Amakawa,"Encinitas, CA",1238,46:25,7:29,M 50-59/2,M-50,35,46:25,66.16%
42,Frank Santana,"San Diego, CA",648,46:33,7:30,M 20-29/10,M-29,36,46:33,57.74%
43,John Raines,"San Diego, CA",596,46:36,7:30,M 40-49/5,M-49,37,46:36,65.37%
44,Chris Duran,"San Diego, CA",256,46:38,7:31,M 30-39/19,M-39,38,46:38,60.49%
45,Matthew Arnold,"Chula Vista, CA",124,46:50,7:33,M 40-49/6,M-49,39,46:50,65.04%
46,Todd Johnson,"San Diego, CA",391,46:51,7:33,M 20-29/11,M-29,40,46:51,57.37%
47,Paul Paquin,"Imperial Beach, CA",1114,47:00,7:34,M 30-39/20,M-30,41,47:00,57.29%
48,Griffin Marquardt,"San Diego, CA",484,47:04,7:35,M 20-29/12,M-29,42,47:04,57.10%
49,Alex Hempton,"San Diego, CA",362,47:07,7:35,M 20-29/13,M-29,43,47:07,57.04%
50,John Geary,"San Diego, CA",1235,47:15,7:37,M 20-29/14,M-23,44,47:15,56.85%
51,Andrew Wolff,"San Diego, CA",1012,47:16,7:37,M 30-39/21,M-36,45,47:16,58.41%
52,Andrew Poast,"San Diego, CA",577,47:50,7:42,M 30-39/22,M-39,46,47:50,58.98%
53,Brian Justice,"San Diego, CA",400,47:54,7:43,M 30-39/23,M-39,47,47:54,58.89%
54,Catherine Charles,"Encinitas, CA",195,48:01,7:44,F 40-49/1,F-49,7,48:01,71.35%
55,Erica Boettcher,"San Diego, CA",154,48:04,7:45,F 30-39/3,F-39,8,48:04,65.00%
56,Jenni Marini,"La Mesa, CA",482,48:04,7:45,F 40-49/2,F-49,9,48:04,71.28%
57,Amanda Ligato,"San Diego, CA",466,48:04,7:45,F 40-49/3,F-49,10,48:04,71.28%
58,Michael McBride,"San Diego, CA",1116,48:07,7:45,M 30-39/24,M-36,48,48:07,57.38%
59,Joerg Ineichen,"San Diego, CA",1126,48:09,7:45,M 30-39/25,M-35,49,48:09,56.99%
60,Terrence Robinson,"San Diego, CA",615,48:11,7:46,M 20-29/15,M-29,50,48:11,55.78%
61,Jack Williams,"San Diego, CA",759,48:30,7:49,M 20-29/16,M-29,51,48:30,55.41%
62,Kendall Chuang,"San Diego, CA",202,48:31,7:49,M 20-29/17,M-29,52,48:31,55.40%
63,Guillermo Pena-Herrera,"San Diego, CA",565,48:38,7:50,M 30-39/26,M-39,53,48:38,58.00%
64,Debbie Fischer,"San Diego, CA",1001,48:44,7:51,F 50-59/1,F-56,11,48:44,76.94%
65,Michael Deleo,"San Diego, CA",240,48:47,7:52,M 20-29/18,M-29,54,48:47,55.09%
66,Jorge Leon,"Chula Vista, CA",460,48:47,7:52,M 20-29/19,M-29,55,48:47,55.09%
67,Adam Prem,"San Diego, CA",823,48:54,7:53,M 30-39/27,M-32,56,48:54,55.37%
68,Amador Santana,"San Ysidro, CA",647,48:57,7:53,M 20-29/20,M-29,57,48:57,54.90%
69,Sergio Salgado,"San Diego, CA",641,48:58,7:53,M 20-29/21,M-29,58,48:58,54.89%
70,Nick Mercurio,"San Diego, CA",510,49:02,7:54,M 20-29/22,M-29,59,49:02,54.81%
71,Kevin Keenan,"San Diego, CA",411,49:06,7:54,M 30-39/28,M-39,60,49:06,57.45%
72,Antiwon Jacobs,"San Diego, CA",385,49:06,7:55,M 30-39/29,M-39,61,49:06,57.45%
73,Scheri Chavez,"Lemon Grove, CA",1108,49:15,7:56,F 40-49/4,F-40,12,49:15,63.81%
74,Richard Vangieson,"Spring Valley, CA",1140,49:17,7:56,M 30-39/30,M-31,62,49:17,54.77%
75,Dave Mattas,"San Diego, CA",489,49:18,7:56,M 20-29/23,M-29,63,49:18,54.51%
76,Jaclyn Keaty,"Carlsbad, CA",410,49:18,7:57,F 20-29/4,F-23,13,49:18,61.55%
77,Humberto Medina,"San Diego, CA",505,49:31,7:59,M 30-39/31,M-39,64,49:31,56.97%
78,Vaughn Nelson,"San Diego, CA",534,49:38,8:00,M 20-29/24,M-29,65,49:38,54.15%
79,Loc Dinh,"Poway, CA",246,49:38,8:00,M 20-29/25,M-29,66,49:38,54.15%
80,Dennis Ramirez,"San Diego, CA",1018,49:39,8:00,M 40-49/7,M-43,67,49:39,58.56%
81,Cynthia Delgado,"Vista, CA",241,49:41,8:00,F 01-19/2,F-14,14,49:41,64.87%
82,Trisha Kinsman,"San Diego, CA",432,49:45,8:01,F 20-29/5,F-29,15,49:45,60.99%
83,Justin Nebe,"San Diego, CA",1113,49:46,8:01,M 20-29/26,M-26,68,49:46,53.97%
84,Mike Devereaux,"San Diego, CA",1006,49:50,8:02,M 50-59/3,M-52,69,49:50,62.63%
85,Adrian Papas,"San Diego, CA",556,49:58,8:03,M 20-29/27,M-29,70,49:58,53.79%
86,Jessie Ochoa,"San Diego, CA",548,50:03,8:04,M 30-39/32,M-39,71,50:03,56.36%
87,Matt Clifford,"El Cajon, CA",1256,50:05,8:04,M 20-29/28,M-22,72,50:05,53.66%
88,Craig Snyder,"Norristown, PA",1213,50:09,8:05,M 40-49/8,M-48,73,50:09,60.27%
89,Carl Amolat,"Deland, FL",118,50:13,8:05,M 20-29/29,M-29,74,50:13,53.52%
90,Mark Greim,"Poway, CA",329,50:13,8:05,M 30-39/33,M-39,75,50:13,56.18%
91,Chris Bender,"Carlsbad, CA",145,50:18,8:06,M 20-29/30,M-29,76,50:18,53.43%
92,Jose Vivian Ramos,"San Diego, CA",1120,50:23,8:07,M 30-39/34,M-33,77,50:23,53.94%
93,Chris Mendiara,"San Diego, CA",507,50:30,8:08,M 30-39/35,M-39,78,50:30,55.86%
94,Jeff Carroll,"San Diego, CA",184,50:34,8:09,M 40-49/9,M-49,79,50:34,60.24%
95,Mark Vallejo,"El Paso, TX",728,50:38,8:09,M 20-29/31,M-29,80,50:38,53.08%
96,John Barajas,"San Diego, CA",135,50:46,8:11,M 20-29/32,M-29,81,50:46,52.94%
97,Cary Ross,"El Cajon, CA",633,50:47,8:11,M 01-19/3,M-19,82,50:47,54.04%
98,Johnie Crum,"San Diego, CA",229,50:50,8:11,M 20-29/33,M-29,83,50:50,52.87%
99,Benjamin Graubart,"La Jolla, CA",322,50:50,8:11,M 01-19/4,M-19,84,50:50,53.98%
100,Jody Polyniak,"San Diego, CA",578,50:51,8:11,F 20-29/6,F-29,16,50:51,59.67%
101,Aaron Dellefield,"San Diego, CA",1135,50:53,8:12,M 20-29/34,M-24,85,50:53,52.79%
102,James Woodfork,"San Diego, CA",768,50:57,8:12,M NoAge/0,M-0,86,50:57, 0.00%
103,Philipp Bosshart,"San Diego, CA",161,50:58,8:13,M 30-39/36,M-39,87,50:58,55.35%
104,Jeffrey Schechter,"San Diego, CA",653,51:00,8:13,M 20-29/35,M-29,88,51:00,52.70%
105,Colin Rosier,"Bonita, CA",630,51:01,8:13,M 01-19/5,M-19,89,51:01,53.79%
106,Mike Hernberg,"San Diego, CA",368,51:05,8:14,M 50-59/4,M-59,90,51:05,64.82%
107,John Barba,"San Diego, CA",1033,51:08,8:14,M 40-49/10,M-48,91,51:08,59.11%
108,Daniel Kleinman,"La Jolla, CA",436,51:11,8:15,M 20-29/36,M-29,92,51:11,52.51%
109,Mark McDowell,"San Diego, CA",1231,51:22,8:16,M 50-59/5,M-51,93,51:22,60.27%
110,Patrick Karsh,"San Diego, CA",1230,51:22,8:16,M 20-29/37,M-23,94,51:22,52.29%
111,Natasha Sandrock,"San Diego, CA",646,51:23,8:17,F 40-49/5,F-49,17,51:23,66.68%
112,George Arthur,"Coronado, CA",125,51:23,8:17,M 40-49/11,M-49,95,51:23,59.28%
113,Gabriela Khayyat,"El Cajon, CA",839,51:24,8:17,F 40-49/6,F-43,18,51:24,62.54%
114,Mike Napolitano,"Coronado, CA",530,51:25,8:17,M 60-69/1,M-69,96,51:25,70.56%
115,Ted Hoyt,"San Diego, CA",380,51:26,8:17,M 40-49/12,M-49,97,51:26,59.22%
116,James Hall,"San Diego, CA",1248,51:29,8:18,M 20-29/38,M-25,98,51:29,52.17%
117,Susan Kimura,"Carlsbad, CA",428,51:29,8:18,F 40-49/7,F-49,19,51:29,66.55%
118,Katie Walsh,"San Diego, CA",1249,51:30,8:18,F 20-29/7,F-23,20,51:30,58.92%
119,Ruth Adorno,"Imperial Beach, CA",1009,51:34,8:18,F 30-39/4,F-30,21,51:34,58.87%
120,David Davila,"Alpine, CA",235,51:34,8:18,M 20-29/39,M-29,99,51:34,52.12%
121,Christian Reyes,"San Diego, CA",1010,51:35,8:19,M 20-29/40,M-29,100,51:35,52.10%
122,Jimmy Haley,"San Diego, CA",343,51:40,8:19,M 20-29/41,M-29,101,51:40,52.02%
123,Dennis Frisman,"Cathedral City, CA",289,51:42,8:20,M 50-59/6,M-59,102,51:42,64.04%
124,Jonathan Esperse,"San Diego, CA",1122,51:43,8:20,M 20-29/42,M-23,103,51:43,51.93%
125,Joshua Sternbach,"San Diego, CA",689,51:50,8:21,M 20-29/43,M-29,104,51:50,51.85%
126,Tina Socha,"Poway, CA",680,51:51,8:21,F 40-49/8,F-49,22,51:51,66.08%
127,Jamie Eridon,"San Diego, CA",261,51:53,8:21,F 20-29/8,F-29,23,51:53,58.48%
128,Jonathan Boucher,"San Diego, CA",163,51:54,8:22,M 30-39/37,M-39,105,51:54,54.35%
129,E Ln,"San Diego, CA",1224,52:02,8:23,M 30-39/38,M-37,106,52:02,53.41%
130,Whitney Kuptz,"Poway, CA",440,52:02,8:23,F 20-29/9,F-29,24,52:02,58.31%
131,Vicente Rodarte,"El Paso, TX",620,52:03,8:23,M 20-29/44,M-29,107,52:03,51.63%
132,Chris McDermott,", CA",499,52:05,8:23,M 20-29/45,M-29,108,52:05,51.60%
133,Saul Estavillo,"San Ysidro, CA",265,52:06,8:23,M 30-39/39,M-39,109,52:06,54.14%
134,Babak Nejati,"San Diego, CA",533,52:09,8:24,M 30-39/40,M-39,110,52:09,54.09%
135,Rich Laws,"San Diego, CA",450,52:10,8:24,M 30-39/41,M-39,111,52:10,54.07%
136,Javad Hadi,"San Diego, CA",342,52:11,8:24,M 30-39/42,M-39,112,52:11,54.06%
137,Michael Ortega,"San Diego, CA",551,52:14,8:25,M 20-29/46,M-29,113,52:14,51.45%
138,Ivan Montoya,"San Diego, CA",520,52:16,8:25,M 30-39/43,M-39,114,52:16,53.97%
139,Steve Sorensen,"Yucaipa, CA",681,52:18,8:25,M 30-39/44,M-39,115,52:18,53.94%
140,Tj Generoso,"San Diego, CA",301,52:19,8:26,M 20-29/47,M-29,116,52:19,51.37%
141,Paul Mugane,"Chula Vista, CA",1212,52:19,8:26,M 40-49/13,M-44,117,52:19,55.99%
142,Chris Kidwell,", CA",427,52:21,8:26,M 40-49/14,M-49,118,52:21,58.18%
143,Jonathan Bell,"San Diego, CA",143,52:22,8:26,M 20-29/48,M-29,119,52:22,51.32%
144,Natasha Whisenhunt,"San Diego, CA",754,52:23,8:26,F 20-29/10,F-29,25,52:23,57.92%
145,Becky Gonzales,"San Diego, CA",317,52:25,8:27,F 40-49/9,F-49,26,52:25,65.36%
146,Amelia Poquette,"San Diego, CA",579,52:31,8:27,F 20-29/11,F-29,27,52:31,57.78%
147,Matt Cowher,"Carlsbad, CA",227,52:32,8:28,M 20-29/49,M-29,120,52:32,51.16%
148,Alicia Torres,"San Diego, CA",1104,52:32,8:28,F 20-29/12,F-25,28,52:32,57.76%
149,Walter Philips,"San Diego, CA",571,52:33,8:28,M 50-59/7,M-59,121,52:33,63.01%
150,Lindsay Gibbons,"San Diego, CA",1240,52:33,8:28,F 20-29/13,F-22,29,52:33,57.74%
151,Phillip Samayoa,"La Jolla, CA",1241,52:34,8:28,M 20-29/50,M-22,122,52:34,51.13%
152,Jeff Jordan,"San Diego, CA",397,52:37,8:28,M 20-29/51,M-29,123,52:37,51.08%
153,Andrew Martin,"San Diego, CA",486,52:42,8:29,M 20-29/52,M-29,124,52:42,51.00%
154,Andre Harmse,"La Jolla, CA",1247,52:47,8:30,M 20-29/53,M-27,125,52:47,50.88%
155,Gregory Dupraw,"Coronado, CA",844,52:48,8:30,M 20-29/54,M-26,126,52:48,50.87%
156,Allan Acevedo,"San Diego, CA",105,52:52,8:31,M 20-29/55,M-29,127,52:52,50.84%
157,Mike Richter,"San Diego, CA",608,52:55,8:31,M 20-29/56,M-29,128,52:55,50.79%
158,Lily Kordic,"San Diego, CA",1102,52:56,8:32,F 30-39/5,F-36,30,52:56,58.14%
159,Adrian Ortiz,"San Diego, CA",802,53:05,8:33,M 30-39/45,M-37,129,53:05,52.36%
160,Helen Hayden-Wade,"San Diego, CA",359,53:12,8:34,F 40-49/10,F-49,31,53:12,64.40%
161,Tammy Livingston,"Encinitas, CA",471,53:18,8:35,F 20-29/14,F-29,32,53:18,56.93%
162,Edward Mendoza,"San Diego, CA",508,53:19,8:35,M 40-49/15,M-49,130,53:19,57.13%
163,Guillermo Espinoza,"Escondido, CA",264,53:25,8:36,M 20-29/57,M-29,131,53:25,50.31%
164,Jesse Hodge,"San Diego, CA",373,53:27,8:37,M 20-29/58,M-29,132,53:27,50.28%
165,Danny Gomez,"San Diego, CA",314,53:28,8:37,M 20-29/59,M-29,133,53:28,50.27%
166,Henry Dunphy,"San Diego, CA",806,53:30,8:37,M 20-29/60,M-28,134,53:30,50.20%
167,Joshua Baker,"San Diego, CA",131,53:30,8:37,M 20-29/61,M-29,135,53:30,50.23%
168,Joshua Stanley,"San Diego, CA",687,53:30,8:37,M 20-29/62,M-29,136,53:30,50.23%
169,Andrea Ortega,"San Diego, CA",550,53:32,8:37,F 30-39/6,F-39,33,53:32,58.36%
170,Mark Avery,"Fountain Hills, AZ",810,53:37,8:38,M 30-39/46,M-38,137,53:37,52.24%
171,Kelley Stewart,"San Diego, CA",690,53:39,8:38,F 20-29/15,F-29,34,53:39,56.56%
172,John Purcell,"San Diego, CA",589,53:41,8:39,M 20-29/63,M-29,138,53:41,50.06%
173,Jeffrey Rodarte,"El Paso, TX",617,53:42,8:39,M 20-29/64,M-29,139,53:42,50.05%
174,Ricardo Gahbler,"San Diego, CA",1023,53:49,8:40,M 40-49/16,M-43,140,53:49,54.03%
175,Samuel Mazzeo,"San Diego, CA",493,53:52,8:41,M 20-29/65,M-29,141,53:52,49.89%
176,Ken Frazier,"San Diego, CA",287,53:59,8:42,M 60-69/2,M-69,142,53:59,67.20%
177,Brendan Reed,"San Diego, CA",600,54:07,8:43,M 30-39/47,M-39,143,54:07,52.13%
178,Amanda Brainerd,", CA",167,54:07,8:43,F 40-49/11,F-49,35,54:07,63.31%
179,Gary Hammond,"Jacksonville, FL",1028,54:08,8:43,M 50-59/8,M-53,144,54:08,58.12%
180,Kent Blade,"San Diego, CA",1222,54:08,8:43,M 40-49/17,M-44,145,54:08,54.11%
181,Steven Cooper,"San Diego, CA",220,54:09,8:43,M 30-39/48,M-39,146,54:09,52.09%
182,Daniel O'Brien,"San Diego, CA",544,54:13,8:44,M 40-49/18,M-49,147,54:13,56.18%
183,Mallory Serbin,"San Diego, CA",831,54:13,8:44,F 20-29/16,F-23,36,54:13,55.97%
184,Chris Neidlinger,"San Diego, CA",532,54:19,8:45,M 30-39/49,M-39,148,54:19,51.93%
185,Ibzan Rodriguez,"San Diego, CA",820,54:20,8:45,M 30-39/50,M-31,149,54:20,49.68%
186,Paulo Ribeiro,"San Diego, CA",604,54:22,8:45,M 40-49/19,M-49,150,54:22,56.03%
187,Erica Silvas,"La Mesa, CA",669,54:29,8:46,F 20-29/17,F-29,37,54:29,55.69%
188,Dan Valins,"San Diego, CA",727,54:31,8:47,M 30-39/51,M-39,151,54:31,51.74%
189,Daniel Villalobos,"Temecula, CA",733,54:33,8:47,M 01-19/6,M-19,152,54:33,50.31%
190,Matthew Mugglebee,"San Diego, CA",522,54:34,8:47,M NoAge/0,M-0,153,54:34, 0.00%
191,Jason Adams,"San Diego, CA",108,54:38,8:48,M 30-39/52,M-39,154,54:38,51.63%
192,Karl Goins,"San Diego, CA",312,54:38,8:48,M NoAge/0,M-0,155,54:38, 0.00%
193,Rafael Cosman,"La Jolla, CA",226,54:41,8:49,M 01-19/7,M-19,156,54:41,50.18%
194,Bard Cosman,"La Jolla, CA",225,54:41,8:49,M 40-49/20,M-49,157,54:41,55.70%
195,Aki Wen,"Carlsbad, CA",751,54:42,8:49,M 20-29/66,M-29,158,54:42,49.13%
196,Jonathan George,"San Diego, CA",304,54:43,8:49,M 30-39/53,M-39,159,54:43,51.55%
197,Paul Wisniewsk,"San Diego, CA",1016,54:44,8:49,M 40-49/21,M-41,160,54:44,52.30%
198,Daniel McClelland,"San Diego, CA",496,54:46,8:49,M 20-29/67,M-29,161,54:46,49.07%
199,Valerie Pekar,"San Diego, CA",563,54:47,8:49,F 20-29/18,F-29,38,54:47,55.39%
200,Flemming Klausen,"San Diego, CA",435,54:47,8:49,M 40-49/22,M-49,162,54:47,55.60%
601,Valerie Rodarte-Buchino,"El Paso, TX",621,1:15:55,12:13,F 40-49/40,F-49,267,1:15:55,45.13%
602,Susan Woo,"San Diego, CA",766,1:15:56,12:14,F 20-29/137,F-29,268,1:15:56,39.96%
603,Eileen Webb,"San Diego, CA",747,1:16:01,12:14,F 30-39/67,F-39,269,1:16:01,41.10%
604,Mark Strauss,"Escondido, CA",1211,1:16:03,12:15,M 50-59/16,M-50,335,1:16:03,40.37%
605,Teresa Giago,"Encinitas, CA",307,1:16:11,12:16,F 40-49/41,F-49,270,1:16:11,44.97%
606,Mitchell Krstovski,"Escondido, CA",439,1:16:13,12:16,M 20-29/117,M-29,336,1:16:13,35.26%
607,Allan Seicament,"San Diego, CA",861,1:16:24,12:18,M NoAge/0,M-0,337,1:16:24, 0.00%
608,Ed McCoy,"Escondido, CA",498,1:16:25,12:18,M 40-49/51,M-49,338,1:16:25,39.86%
609,Nicole Mark,"Chula Vista, CA",851,1:16:29,12:19,F 01-19/8,F-17,271,1:16:29,40.52%
610,Ashley Ortiz,"Chula Vista, CA",835,1:16:29,12:19,F 01-19/9,F-16,272,1:16:29,41.04%
611,Pedro Rodriguez,"San Diego, CA",856,1:16:47,12:22,M 20-29/118,M-24,339,1:16:47,34.98%
612,Ashley Moorhouse,"San Diego, CA",858,1:16:50,12:22,F 20-29/138,F-25,273,1:16:50,39.49%
613,Thesa Nguyen,"Escondido, CA",822,1:16:52,12:23,F 30-39/68,F-35,274,1:16:52,39.88%
614,Rebecca Schaferkotter,"Oceanside, CA",652,1:17:12,12:26,F 20-29/139,F-29,275,1:17:12,39.30%
615,Andrew Klapoetke-Reese,"San Diego, CA",434,1:17:12,12:26,M 40-49/52,M-49,340,1:17:12,39.45%
616,Erin Becker,"La Jolla, CA",141,1:17:16,12:27,F 20-29/140,F-29,276,1:17:16,39.26%
617,Shirley Guiducci,"La Mesa, CA",338,1:17:17,12:27,F 40-49/42,F-49,277,1:17:17,44.33%
618,Amanda Mizell,"San Diego, CA",834,1:17:19,12:27,F 20-29/141,F-27,278,1:17:19,39.24%
619,Dale Guiducci,"La Mesa, CA",337,1:17:26,12:28,M 50-59/17,M-59,341,1:17:26,42.76%
620,Nina Vosburgh,"San Diego, CA",803,1:18:08,12:35,F 20-29/142,F-28,279,1:18:08,38.83%
621,Sharon Martin,"San Diego, CA",809,1:18:09,12:35,F 40-49/43,F-42,280,1:18:09,40.81%
622,Lauren Jane Hartig,"La Jolla, CA",355,1:18:14,12:36,F 30-39/69,F-39,281,1:18:14,39.93%
623,Nmy Kay,"San Diego, CA",1257,1:18:18,12:37,M 01-19/14,M-19,342,1:18:18,35.04%
624,Pamela Specht,"Escondido, CA",684,1:18:26,12:38,F 30-39/70,F-39,282,1:18:26,39.83%
625,Renielle Calpito,"San Diego, CA",849,1:18:31,12:39,F 20-29/143,F-26,283,1:18:31,38.64%
626,Felirose Dolor,"San Diego, CA",848,1:18:32,12:39,F 20-29/144,F-24,284,1:18:32,38.63%
627,Jay Benitez,"San Diego, CA",146,1:18:37,12:39,M 30-39/124,M-39,343,1:18:37,35.88%
628,Saul Cabrera,"Escondido, CA",175,1:18:40,12:40,M 20-29/119,M-29,344,1:18:40,34.16%
629,Ana Shapiro,"San Diego, CA",660,1:18:41,12:40,F 30-39/71,F-39,285,1:18:41,39.70%
630,Tonya Cross,"San Diego, CA",1115,1:18:44,12:41,F 30-39/72,F-36,286,1:18:44,39.09%
631,Terry Sharp,"Lakeside, CA",662,1:18:49,12:41,M 40-49/53,M-49,345,1:18:49,38.64%
632,Stephanee Thompson,"Santee, CA",863,1:18:58,12:43,F 20-29/145,F-28,287,1:18:58,38.42%
633,Santiago Rodriguez,", CA",868,1:19:01,12:43,M NoAge/0,M-0,346,1:19:01, 0.00%
634,Irasema Gamino,"San Ysidro, CA",293,1:19:03,12:44,F 20-29/146,F-29,288,1:19:03,38.38%
635,Joanne Stout,"San Diego, CA",695,1:19:12,12:45,F 30-39/73,F-39,289,1:19:12,39.44%
636,Marcela Garcia,"San Diego, CA",295,1:19:31,12:48,F 20-29/147,F-29,290,1:19:31,38.16%
637,Atlas Eftekhari,"San Diego, CA",259,1:19:44,12:50,F 30-39/74,F-39,291,1:19:44,39.18%
638,Victoriano Diaz,"San Diego, CA",816,1:19:51,12:51,M 30-39/125,M-35,347,1:19:51,34.36%
639,Matthew Warner,", CA",745,1:19:54,12:52,M 20-29/120,M-29,348,1:19:54,33.63%
640,Walter Liou,"San Diego, CA",469,1:19:55,12:52,M 20-29/121,M-29,349,1:19:55,33.63%
641,Sally Hanami,"Oceanside, CA",811,1:19:56,12:52,F 40-49/44,F-44,292,1:19:56,40.56%
642,Parisa Mohammad,"San Diego, CA",519,1:19:58,12:53,F 20-29/148,F-29,293,1:19:58,37.94%
643,Salvador Rubio-Fleischer,"San Diego, CA",634,1:19:58,12:53,M 30-39/126,M-39,350,1:19:58,35.27%
644,Martha Acevedo,"Upland, CA",106,1:20:05,12:54,F 20-29/149,F-29,294,1:20:05,37.89%
645,Michelle Hartwig,"Fresno, CA",357,1:20:10,12:55,F 30-39/75,F-39,295,1:20:10,38.97%
646,Tom Kampfer,"San Diego, CA",405,1:20:13,12:55,M 40-49/54,M-49,351,1:20:13,37.97%
647,Ruth Spillane,"San Diego, CA",685,1:20:23,12:57,F 20-29/150,F-29,296,1:20:23,37.74%
648,Tim Harmon,"San Diego, CA",352,1:20:34,12:58,M 30-39/127,M-39,352,1:20:34,35.01%
649,Brittany Wiczek,"San Diego, CA",1239,1:20:34,12:58,F 20-29/151,F-23,297,1:20:34,37.66%
650,Kristina Kampfer,"San Diego, CA",404,1:20:38,12:59,F 01-19/10,F-19,298,1:20:38,37.77%
651,Alisha Cartamil,"Encinitas, CA",185,1:21:06,13:04,F 30-39/76,F-39,299,1:21:06,38.52%
652,Ed Yonemitsu,"Santee, CA",1123,1:21:23,13:06,M 30-39/128,M-38,353,1:21:23,34.41%
653,Katherine Fortner,"San Diego, CA",286,1:21:25,13:07,F 20-29/152,F-29,300,1:21:25,37.26%
654,Danica Hand,"Cerritos, CA",1032,1:21:56,13:12,F 40-49/45,F-40,301,1:21:56,38.35%
655,Ken Leake,"San Diego, CA",454,1:22:39,13:18,M 40-49/55,M-49,354,1:22:39,36.85%
656,Carmel Erber,"San Diego, CA",1138,1:22:53,13:21,F 30-39/77,F-32,302,1:22:53,36.71%
657,Rachel Lehman,"San Diego, CA",1139,1:22:53,13:21,F 20-29/153,F-22,303,1:22:53,36.60%
658,Michal Escobar,"San Diego, CA",1251,1:22:54,13:21,F 20-29/154,F-28,304,1:22:54,36.60%
659,Glenda De Anda,"Escondido, CA",237,1:23:25,13:26,F 20-29/155,F-29,305,1:23:25,36.37%
660,Marylupe Flores,"Chula Vista, CA",284,1:25:14,13:43,F 40-49/46,F-49,306,1:25:14,40.19%
661,Jessica Aguirre,"Escondido, CA",111,1:25:32,13:46,F 20-29/156,F-29,307,1:25:32,35.47%
662,Juliana Ortiz,"Escondido, CA",553,1:25:33,13:46,F 20-29/157,F-29,308,1:25:33,35.46%
663,Stacee Groff,"San Diego, CA",333,1:26:31,13:56,F 30-39/78,F-39,309,1:26:31,36.11%
664,Dane Alexander,"La Jolla, CA",114,1:28:05,14:11,M NoAge/0,M-0,355,1:28:05, 0.00%
665,Ted Alexander,"La Jolla, CA",115,1:28:05,14:11,M NoAge/0,M-0,356,1:28:05, 0.00%
666,Patty Thompson,"Escondido, CA",708,1:28:32,14:15,F 50-59/10,F-59,310,1:28:32,44.13%
667,Richard Gardner,"San Diego, CA",1024,1:29:23,14:23,M 70-99/2,M-75,357,1:29:23,44.13%
668,Rocio Vega,"San Diego, CA",731,1:30:13,14:31,F 30-39/79,F-39,311,1:30:13,34.63%
669,Sharon Carrington,"San Diego, CA",183,1:31:01,14:39,F 30-39/80,F-39,312,1:31:01,34.32%
670,Ramona Matsushima,"San Diego, CA",824,1:31:21,14:42,F 40-49/47,F-48,313,1:31:21,37.04%
671,Claudia Gomez,"Chula Vista, CA",313,1:31:36,14:45,F 20-29/158,F-29,314,1:31:36,33.12%
672,Denise Gallagher,"San Diego, CA",292,1:31:50,14:47,F 50-59/11,F-59,315,1:31:50,42.55%
673,Zakiya Khabir,"San Diego, CA",425,1:32:47,14:56,F 30-39/81,F-39,316,1:32:47,33.67%
674,Peter Devito,"San Diego, CA",243,1:35:49,15:26,M 30-39/129,M-39,358,1:35:49,29.44%
675,Timothy Marquis,"San Diego, CA",485,1:56:37,18:47,M 30-39/130,M-39,359,1:56:37,24.19%
676,Teodoro Martinez,"San Diego, CA",866,1:56:37,18:47,M 30-39/131,M-31,360,1:56:37,23.14%
