Place,Name,Location,Bib,Net Time,Pace,Division/Place,Sex-Age,Sex-Place,Gun Time,Age Grade
1,Ciro Melendez,"San Diego, CA",810,34:49,5:37,M 30-39/1,M-37,1,34:49,79.84%
2,Eric Martin,"La Jolla, CA",490,34:50,5:37,M 20-29/1,M-29,2,34:50,77.17%
3,Jason Hickman,"Coronado, CA",360,36:41,5:55,M 30-39/2,M-39,3,36:42,76.91%
4,James Cekola,"San Diego, CA",191,36:52,5:56,M 20-29/2,M-29,4,36:53,72.91%
5,Billy Perkins,"Oceanside, CA",587,37:10,5:59,M 30-39/3,M-39,5,37:10,75.91%
6,Justin Wolfe,"San Diego, CA",903,37:13,6:00,M 30-39/4,M-33,6,37:13,73.03%
7,Adam Greene,"San Diego, CA",331,37:14,6:00,M 30-39/5,M-39,7,37:14,75.77%
8,Stephen Morris,"La Jolla, CA",535,38:40,6:14,M 20-29/3,M-29,8,38:40,69.51%
9,Kevin Gordon,"San Diego, CA",881,38:46,6:15,M 30-39/6,M-33,9,38:46,70.11%
10,Bruce Bair,"Santa Monica, CA",125,39:33,6:22,M 40-49/1,M-49,10,39:34,77.02%
11,Mike Houda,"San Diego, CA",803,39:36,6:23,M 20-29/4,M-27,11,39:36,67.83%
12,Brendan Seely,"La Jolla, CA",675,39:48,6:25,M 30-39/7,M-39,12,39:52,70.88%
13,Brad Schoultz,"San Diego, CA",816,39:58,6:26,M 20-29/5,M-26,13,40:01,67.21%
14,Jeff McKnight,"San Diego, CA",873,40:34,6:32,M 20-29/6,M-27,14,40:35,66.21%
15,Matt Hall,"La Jolla, CA",340,40:36,6:33,M 20-29/7,M-29,15,40:49,66.20%
16,Anthony Lupian,"San Diego, CA",477,40:41,6:33,M 20-29/8,M-29,16,42:51,66.07%
17,Robert Tew,"Lemon Grove, CA",718,41:14,6:39,M 20-29/9,M-29,17,41:14,65.18%
18,Rich Ligato,"Chula Vista, CA",465,41:25,6:40,M 40-49/2,M-49,18,41:25,73.55%
19,Gerald Trieb,"San Diego, CA",728,41:45,6:44,M 20-29/10,M-29,19,41:59,64.38%
20,Christopher Walden,"San Diego, CA",752,41:46,6:44,M 30-39/8,M-39,20,41:47,67.54%
21,Anne Charles,"Encinitas, CA",195,42:16,6:48,F 01-19/1,F-19,1,42:16,72.27%
22,Joshua Romero,"San Diego, CA",635,42:28,6:50,M 20-29/11,M-29,21,42:40,63.29%
23,Virgilio Huerta,"San Diego, CA",372,42:37,6:52,M NoAge/0,M-0,22,42:38, 0.00%
24,Mark Gorence,"San Diego, CA",326,42:46,6:53,M 40-49/3,M-49,23,43:13,71.23%
25,Matthew Walther,"San Diego, CA",755,42:46,6:53,M 20-29/12,M-29,24,42:48,62.85%
26,Richard Pfeiffer,"Carlsbad, CA",590,43:27,7:00,M 50-59/1,M-59,25,43:28,76.21%
27,Humberto Medina,"San Diego, CA",512,43:34,7:01,M 30-39/9,M-39,26,43:34,64.75%
28,Luis Ynigo,"San Diego, CA",789,43:38,7:02,M 20-29/13,M-29,27,43:47,61.60%
29,Ernie Macnamara,"San Diego, CA",906,43:43,7:02,M 30-39/10,M-36,28,43:52,63.16%
30,Joerg Ineichen,"San Diego, CA",378,43:53,7:04,M 30-39/11,M-39,29,43:53,64.29%
31,Michael Focht,"San Diego, CA",877,43:59,7:05,M 20-29/14,M-22,30,43:59,61.11%
32,Luis Calderon,"Chula Vista, CA",179,44:00,7:05,M 30-39/12,M-39,31,44:01,64.12%
33,Jeffrey Maloy,"San Diego, CA",918,44:06,7:06,M 01-19/1,M-19,32,44:06,62.23%
34,Kevin Ellermeier,"San Diego, CA",817,44:15,7:08,M 20-29/15,M-27,33,44:15,60.70%
35,Andre Estrada,"San Diego, CA",278,44:16,7:08,M 20-29/16,M-29,34,44:16,60.72%
36,Jeff Charles,"Encinitas, CA",198,44:18,7:08,M 50-59/2,M-59,35,44:25,74.75%
37,Aaron Smallets,"San Diego, CA",692,44:50,7:13,M 20-29/17,M-29,36,44:59,59.95%
38,Keizo Amakawa,"Encinitas, CA",820,44:54,7:14,M 40-49/4,M-49,37,44:54,67.84%
39,Mark Warble,"San Diego, CA",757,45:07,7:16,M 20-29/18,M-29,38,45:09,59.57%
40,John Wickersham,"Lakeside, CA",767,45:11,7:17,M 50-59/3,M-59,39,45:11,73.28%
41,David Hanlon,"Vista, CA",341,45:12,7:17,M 30-39/13,M-39,40,45:12,62.41%
42,Andrew Poast,"San Diego, CA",916,45:24,7:19,M 30-39/14,M-32,41,45:24,59.64%
43,Michael Wilson,"San Diego, CA",919,45:30,7:20,M 30-39/15,M-31,42,45:31,59.33%
44,Martin Twite,"San Diego, CA",735,45:33,7:20,M 50-59/4,M-59,43,45:36,72.69%
45,Doug Baxter,"San Diego, CA",136,45:37,7:21,M 30-39/16,M-39,44,45:40,61.84%
46,Johannes Harmse,"La Jolla, CA",347,45:37,7:21,M 20-29/19,M-29,45,45:37,58.92%
47,Luis Segovia,"San Diego, CA",676,45:39,7:21,M 30-39/17,M-39,46,45:45,61.80%
48,Eric Brzezinski,"San Diego, CA",169,45:40,7:21,M 20-29/20,M-29,47,46:01,58.85%
49,Cuong Phung,"San Diego, CA",594,45:42,7:22,M 40-49/5,M-49,48,45:42,66.65%
50,Jason Blitz,"San Diego, CA",152,45:42,7:22,M 40-49/6,M-49,49,45:53,66.65%
51,Frank Santana,"San Diego, CA",825,45:50,7:23,M 20-29/21,M-27,50,45:50,58.60%
52,David Ko,"San Diego, CA",438,45:55,7:24,M 20-29/22,M-29,51,45:55,58.53%
53,Maura Bannon,"San Diego, CA",130,45:55,7:24,F 20-29/1,F-29,2,45:57,66.09%
54,Rachel Williams,"San Diego, CA",822,45:55,7:24,F 20-29/2,F-21,3,45:57,66.09%
55,Edward Charles,"Encinitas, CA",197,45:59,7:24,M 01-19/2,M-19,52,46:06,59.68%
56,Erilynn Russo,"La Jolla, CA",646,46:30,7:29,F 20-29/3,F-29,4,46:39,65.26%
57,Traci Wetzel,"Santee, CA",763,46:49,7:32,F 20-29/4,F-29,5,47:13,64.81%
58,Aaron Paulk,"San Diego, CA",1080,46:54,7:33,M 20-29/23,M-27,53,46:54,57.27%
59,Miguel Mata,"San Diego, CA",802,47:01,7:34,M 40-49/7,M-46,54,47:03,63.26%
60,Terrence Coleman,"San Diego, CA",1053,47:03,7:35,M 20-29/24,M-28,55,47:12,57.09%
61,Jessica Wei,"San Diego, CA",1087,47:08,7:35,F 30-39/1,F-30,6,47:29,64.41%
62,Nathan Hausch,"Fallbrook, CA",1088,47:08,7:36,M 20-29/25,M-27,56,47:21,56.99%
63,Dean Andreuzzi,"San Diego, CA",862,47:09,7:36,M 30-39/18,M-34,57,47:26,57.89%
64,Amanda Ligato,"San Diego, CA",464,47:12,7:36,F 40-49/1,F-49,7,47:12,72.59%
65,Elisa Valverde,"San Diego, CA",743,47:15,7:37,F 20-29/5,F-29,8,47:15,64.22%
66,Jose Ramos,"San Diego, CA",893,47:17,7:37,M 30-39/19,M-32,58,47:22,57.26%
67,Chris Tuazon,"San Marcos, CA",732,47:25,7:38,M 20-29/26,M-29,59,47:27,56.68%
68,Kendall Chuang,"San Diego, CA",204,47:27,7:39,M 20-29/27,M-29,60,47:29,56.64%
69,Matt Ashcraft,"San Diego, CA",1065,47:31,7:39,M 30-39/20,M-32,61,47:32,56.98%
70,Jordan Yamamoto,"Rancho Palos Verdes, CA",787,47:35,7:40,M 20-29/28,M-29,62,47:37,56.48%
71,Eric Delgadillo,"San Diego, CA",250,47:47,7:42,M 20-29/29,M-29,63,48:03,56.25%
72,Ryan Roemer,"San Diego, CA",1082,47:49,7:42,M 30-39/21,M-31,64,47:54,56.45%
73,Amber Martin,"San Diego, CA",488,47:56,7:43,F 20-29/6,F-29,9,47:57,63.30%
74,Brian Kelly,"San Diego, CA",423,47:56,7:43,M 40-49/8,M-49,65,47:59,63.55%
75,Johnie Crum,"San Diego, CA",232,48:02,7:44,M 20-29/30,M-29,66,48:19,55.95%
76,Brad Gooslin,"San Diego, CA",324,48:04,7:45,M 30-39/22,M-39,67,48:05,58.69%
77,Robert Brackett,"Carlsbad, CA",159,48:04,7:45,M 30-39/23,M-39,68,48:26,58.69%
78,Benjamin Graubart,"La Jolla, CA",328,48:16,7:46,M 01-19/3,M-19,69,48:37,56.86%
79,Peter Allen,"San Diego, CA",830,48:16,7:47,M 40-49/9,M-43,70,48:22,60.24%
80,J Allegra Conway,"San Diego, CA",220,48:17,7:47,F 20-29/7,F-29,10,48:18,62.85%
81,Daniel Broderick,"Del Mar, CA",165,48:21,7:47,M 30-39/24,M-39,71,48:33,58.34%
82,Justin Inman,"San Diego, CA",380,48:24,7:48,M 20-29/31,M-29,72,48:24,55.53%
83,Liz Gonzalez,"San Diego, CA",322,48:24,7:48,F 20-29/8,F-29,11,48:26,62.69%
84,John Tew,"Lemon Grove, CA",717,48:30,7:49,M NoAge/0,M-0,73,48:31, 0.00%
85,Dan Schaffer,"San Diego, CA",874,48:32,7:49,M 30-39/25,M-35,74,48:34,56.54%
86,Pen Camen,", CA",892,48:34,7:49,M 40-49/10,M-43,75,48:34,59.87%
87,Michel Napolitano,"Coronado, CA",546,48:35,7:50,M 60-69/1,M-69,76,48:35,74.67%
88,Sara Zlotnik,"San Diego, CA",796,48:36,7:50,F 01-19/2,F-19,12,48:36,62.68%
89,Catherine Charles,"Encinitas, CA",196,48:39,7:50,F 40-49/2,F-49,13,48:47,70.42%
90,Megan Cooper,"Los Angeles, CA",224,48:47,7:51,F 20-29/9,F-29,14,48:59,62.20%
91,Steven Brown,"San Diego, CA",166,48:48,7:52,M 20-29/32,M-29,77,49:02,55.07%
92,Kelley Stewart,"San Diego, CA",706,48:56,7:53,F 20-29/10,F-29,15,49:42,62.01%
93,Terry Whitaker,"San Ysidro, CA",765,49:04,7:54,M 50-59/5,M-59,78,49:23,67.48%
94,Jomoore Toney,"Carlsbad, CA",723,49:05,7:54,M 30-39/26,M-39,79,49:26,57.47%
95,Levi Mousaw,"San Diego, CA",539,49:06,7:54,M 20-29/33,M-29,80,49:11,54.74%
96,Melesio Bustamante,"San Diego, CA",175,49:07,7:55,M 20-29/34,M-29,81,49:58,54.72%
97,Tyler Watt,"La Jolla, CA",1072,49:10,7:55,M 20-29/35,M-28,82,49:14,54.63%
98,Andrea Ortega,"San Diego, CA",570,49:10,7:55,F 30-39/2,F-32,16,49:10,61.89%
99,Adam Wadsworth,"San Diego, CA",750,49:11,7:55,M 20-29/36,M-29,83,49:11,54.64%
100,Sheridan Wright,"San Diego, CA",784,49:12,7:55,M 20-29/37,M-29,84,49:26,54.63%
301,Andrew Shutak,"San Diego, CA",684,57:20,9:14,M 30-39/63,M-39,193,57:31,49.20%
302,L Charlie Trottier,"San Diego, CA",730,57:29,9:15,F 20-29/61,F-29,109,57:33,52.78%
303,Bill Heimer,"San Diego, CA",356,57:31,9:16,M 40-49/23,M-49,194,58:01,52.96%
304,Robyn Shutak,"San Diego, CA",685,57:33,9:16,F 30-39/22,F-39,110,57:45,54.29%
305,Austin Palin,"San Diego, CA",577,57:35,9:16,M 20-29/76,M-29,195,58:00,46.67%
306,Kyle Spause,"San Diego, CA",1096,57:36,9:17,M 20-29/77,M-22,196,57:56,46.66%
307,Jessica Follensbee,"San Diego, CA",296,57:37,9:17,F 20-29/62,F-29,111,58:03,52.66%
308,Eric Kownacki,"San Diego, CA",851,57:38,9:17,M 40-49/24,M-48,197,57:59,52.44%
309,Ryan Vallejo,"El Paso, TX",742,57:38,9:17,M 20-29/78,M-29,198,57:47,46.63%
310,Justin Lieberknecht,"San Diego, CA",463,57:44,9:18,M 30-39/64,M-39,199,58:22,48.86%
311,Rachel Cohen,"Imperial Beach, CA",212,57:44,9:18,F 30-39/23,F-39,112,58:22,54.11%
312,Galen Baggs,"San Diego, CA",124,57:51,9:19,M 20-29/79,M-29,200,58:01,46.46%
313,Jess Culpepper,"San Diego, CA",233,57:58,9:20,F 20-29/63,F-29,113,58:00,52.34%
314,Lauren Martin,"San Diego, CA",491,57:59,9:20,F 20-29/64,F-29,114,58:01,52.33%
315,Chris Jansen,"San Diego, CA",389,58:14,9:23,M 20-29/80,M-29,201,58:18,46.15%
316,John Summerfruit,"San Diego, CA",709,58:14,9:23,M 40-49/25,M-49,202,58:30,52.30%
317,Benjamin Duff,"La Jolla, CA",265,58:14,9:23,M 20-29/81,M-29,203,58:16,46.15%
318,Ashley Lee,"San Diego, CA",887,58:14,9:23,F 20-29/65,F-21,115,58:25,52.10%
319,Caitlin Nichols,"San Diego, CA",1073,58:23,9:24,F 20-29/66,F-23,116,58:29,51.97%
320,Robert Schmieder,"San Diego, CA",668,58:23,9:24,M 20-29/82,M-29,204,58:40,46.03%
321,Mike McNally,"San Diego, CA",511,58:24,9:24,M 30-39/65,M-39,205,59:04,48.30%
322,Jackie McNally,"San Diego, CA",510,58:25,9:24,F 30-39/24,F-39,117,59:05,53.48%
323,Amie Scott,"Rancho Palos Verdes, CA",672,58:25,9:24,F 20-29/67,F-29,118,58:32,51.94%
324,Mallory Serbin,"San Diego, CA",858,58:26,9:25,F 20-29/68,F-22,119,58:39,51.93%
325,Ryan Gano,"San Diego, CA",303,58:30,9:25,M 30-39/66,M-39,206,58:53,48.22%
326,Marisa Compton,"Chula Vista, CA",217,58:32,9:26,F 20-29/69,F-29,120,58:33,51.84%
327,Jessica Hartsell,"San Diego, CA",350,58:32,9:26,F NoAge/0,F-0,121,58:34, 0.00%
328,Jessie Weddle,"Vista, CA",759,58:35,9:26,F 30-39/25,F-39,122,58:55,53.33%
329,Amy Pepperman,"Oceanside, CA",586,58:35,9:26,F 30-39/26,F-39,123,58:55,53.33%
330,Brett Pugliesi,"San Diego, CA",1068,58:38,9:27,M 20-29/83,M-28,207,58:38,45.81%
331,Robbie Mikulski,"San Diego, CA",1069,58:38,9:27,M 20-29/84,M-27,208,58:38,45.81%
332,Christina Booth,"San Diego, CA",155,58:39,9:27,F 40-49/12,F-49,124,58:52,58.41%
333,Roland Wolkowicz,"San Diego, CA",778,58:39,9:27,M 40-49/26,M-49,209,58:56,51.93%
334,Jason Hefley,"San Diego, CA",354,58:48,9:28,M 30-39/67,M-39,210,58:48,47.97%
335,Joshua Micaiah,"San Diego, CA",522,58:57,9:30,M 20-29/85,M-29,211,58:57,45.59%
336,Franci Santana,"La Mesa, CA",663,58:59,9:30,F 20-29/70,F-29,125,58:59,51.44%
337,Geno James,"San Diego, CA",387,59:02,9:30,M 20-29/86,M-29,212,59:10,45.52%
338,Patrick Zukowski,"San Diego, CA",798,59:02,9:30,M 30-39/68,M-39,213,59:10,47.78%
339,Giovanna Bradshaw,"San Diego, CA",160,59:12,9:32,F 40-49/13,F-49,126,59:23,57.87%
340,Marc Robbins,"El Cajon, CA",627,59:18,9:33,M 30-39/69,M-39,214,59:33,47.57%
341,Jessi Bonanno,"San Diego, CA",153,59:22,9:34,F 20-29/71,F-29,127,59:40,51.11%
342,Vivian Valdivia,"San Diego, CA",740,59:23,9:34,F 20-29/72,F-29,128,59:37,51.09%
343,Robert Collins,"San Diego, CA",215,59:23,9:34,M 20-29/87,M-29,215,59:30,45.26%
344,Austin Kalbaugh,"Santee, CA",406,59:25,9:34,M 01-19/7,M-19,216,59:25,46.18%
345,Susan Romero,"San Diego, CA",637,59:26,9:34,F 50-59/5,F-59,129,59:41,65.75%
346,David Colera,"Santee, CA",213,59:28,9:35,M 01-19/8,M-19,217,59:28,46.15%
347,Regina Quaynor,"Gardena, CA",962,59:29,9:35,F 30-39/27,F-30,130,1:05:32,51.04%
348,Traci Wilkerson,"Chula Vista, CA",770,59:30,9:35,F 30-39/28,F-39,131,59:34,52.51%
349,Michael Doonan,"San Diego, CA",263,59:31,9:35,M 30-39/70,M-39,218,1:05:31,47.39%
350,Jeff Melton,"San Diego, CA",515,59:32,9:35,M 20-29/88,M-29,219,59:43,45.14%
351,Lauren Melton,"San Diego, CA",516,59:32,9:35,F 20-29/73,F-29,132,59:43,50.97%
352,Laurel Plapp,"San Diego, CA",599,59:33,9:35,F NoAge/0,F-0,133,59:53, 0.00%
353,Maryann Kurinovich,"San Diego, CA",806,59:34,9:36,F 30-39/29,F-32,134,59:42,51.08%
354,Allison Eis,"Orinda, CA",905,59:43,9:37,F 20-29/74,F-20,135,59:55,50.84%
355,Randy Amos,"Encinitas, CA",111,59:43,9:37,M 30-39/71,M-39,220,1:01:56,47.24%
356,Katie Elliot,"Encinitas, CA",272,59:44,9:37,F 30-39/30,F-39,136,1:01:56,52.30%
357,Sarah Hanson,"San Diego, CA",344,59:47,9:38,F 20-29/75,F-29,137,59:52,50.75%
358,Jacquelyn Clites,"San Diego, CA",210,59:49,9:38,F 20-29/76,F-29,138,1:00:04,50.72%
359,Lauren Moyer,"San Diego, CA",540,59:49,9:38,F 20-29/77,F-29,139,59:55,50.72%
360,Andrew Tran,"San Diego, CA",726,59:49,9:38,M 01-19/9,M-19,221,1:00:09,45.88%
361,Norma Osorio,"San Diego, CA",572,59:57,9:39,F 30-39/31,F-39,140,1:00:13,52.11%
362,Jessica Lap,"Santee, CA",930,1:00:05,9:41,F 20-29/78,F-23,141,1:00:29,50.50%
363,Joy Prudencio,"San Diego, CA",603,1:00:06,9:41,F NoAge/0,F-0,142,1:00:19, 0.00%
364,Janice Almeleh,"San Diego, CA",917,1:00:07,9:41,F 50-59/6,F-51,143,1:00:16,58.43%
365,Geoff Chase,"San Diego, CA",199,1:00:14,9:42,M 50-59/18,M-59,222,1:00:37,54.97%
366,Abel Beltran,"San Diego, CA",144,1:00:15,9:42,M 20-29/89,M-29,223,1:00:20,44.60%
367,Rebecca Walcher,"San Diego, CA",751,1:00:17,9:42,F 40-49/14,F-49,144,1:00:37,56.83%
368,Annie Case,"San Diego, CA",187,1:00:21,9:43,F 30-39/32,F-39,145,1:00:34,51.77%
369,Jasen Cong,"San Diego, CA",218,1:00:26,9:44,M NoAge/0,M-0,224,1:00:36, 0.00%
370,Priscila Mercado,"Chula Vista, CA",519,1:00:31,9:45,F 20-29/79,F-29,146,1:00:37,50.14%
371,Shannon Hansen,"San Diego, CA",864,1:00:33,9:45,F 30-39/33,F-32,147,1:00:33,50.25%
372,Eugene Chen,"San Diego, CA",201,1:00:33,9:45,M 20-29/90,M-29,225,1:00:43,44.38%
373,Shannon Baird,"San Diego, CA",126,1:00:38,9:46,F 20-29/80,F-29,148,1:00:38,50.04%
374,Shaina Lear,"Del Mar, CA",457,1:00:44,9:47,F 01-19/8,F-19,149,1:02:58,50.15%
375,Claire Hiller,"Encinitas, CA",365,1:00:54,9:48,F 20-29/81,F-29,150,1:01:19,49.82%
376,Karen Fritz,"San Diego, CA",824,1:01:02,9:50,F 40-49/15,F-40,151,1:01:38,51.49%
377,Jim Beck,"San Diego, CA",860,1:01:04,9:50,M 30-39/72,M-31,226,1:01:28,44.20%
378,Adrian Papas,"San Diego, CA",931,1:01:04,9:50,M 20-29/91,M-22,227,1:01:14,44.01%
379,Renee Belen,"San Diego, CA",143,1:01:05,9:50,F 20-29/82,F-29,152,1:01:14,49.67%
380,Sacha Manokaran,"Carson, CA",486,1:01:05,9:50,F 30-39/34,F-39,153,1:01:12,51.15%
381,Don Keele,"Bloomington, IN",413,1:01:05,9:50,M 60-69/5,M-69,228,1:01:05,59.39%
382,Adam Dansky,"San Diego, CA",239,1:01:06,9:50,M 20-29/92,M-29,229,1:01:12,43.98%
383,John Jun,"San Diego, CA",1093,1:01:06,9:50,M 20-29/93,M-27,230,1:01:18,43.96%
384,Erika Ernsberger,"San Diego, CA",273,1:01:09,9:51,F 30-39/35,F-39,154,1:01:09,51.09%
385,Rick Ferguson,"San Diego, CA",285,1:01:21,9:53,M 30-39/73,M-39,231,1:01:48,45.98%
386,Frederick McHenry,"San Diego, CA",508,1:01:26,9:54,M 30-39/74,M-39,232,1:01:53,45.92%
387,Steven Cordova,"San Diego, CA",226,1:01:39,9:56,M 50-59/19,M-59,233,1:01:43,53.70%
388,Cliff Cline,"San Diego, CA",209,1:01:43,9:56,M 20-29/94,M-29,234,1:02:13,43.54%
389,Betty Buselt,"Carlsbad, CA",174,1:01:47,9:57,F 60-69/1,F-69,155,1:01:49,73.56%
390,Darlene Gines,"San Diego, CA",315,1:01:48,9:57,F 30-39/36,F-39,156,1:02:16,50.55%
391,Erika Archuleta,"San Diego, CA",120,1:01:48,9:57,F 30-39/37,F-39,157,1:07:08,50.55%
392,Lisa Baker,"San Diego, CA",128,1:01:50,9:58,F 20-29/83,F-29,158,1:02:17,49.07%
393,Marina Dorian,"San Diego, CA",264,1:01:50,9:58,F 30-39/38,F-39,159,1:01:59,50.53%
394,Luc Allard,"San Diego, CA",107,1:01:56,9:59,M 30-39/75,M-39,235,1:02:07,45.55%
395,Olivia Santillan,"Oceanside, CA",878,1:01:58,9:59,F 20-29/84,F-25,160,1:02:13,48.96%
396,Said Dawlabani,"La Jolla, CA",242,1:01:58,9:59,M 40-49/27,M-49,236,1:02:21,49.15%
397,Sean Sweeney,"San Diego, CA",1097,1:02:20,10:02,M 30-39/76,M-31,237,1:02:50,43.30%
398,John Connelly,"Spring Valley, CA",924,1:02:23,10:03,M 40-49/28,M-47,238,1:03:29,48.05%
399,Amy Cooper,"San Diego, CA",223,1:02:25,10:03,F 30-39/39,F-39,161,1:02:35,50.05%
400,Hope Williams,"San Diego, CA",772,1:02:28,10:04,F 20-29/85,F-29,162,1:02:53,48.57%
401,Richard Woodbury,"San Diego, CA",781,1:02:34,10:05,M 50-59/20,M-59,239,1:03:43,52.92%
402,Isabel Fueyo,"San Diego, CA",302,1:02:35,10:05,F 30-39/40,F-39,163,1:02:43,49.92%
403,W Joh San,", CA",896,1:02:40,10:06,M NoAge/0,M-0,240,1:03:05, 0.00%
404,Mariah Nicholas,"San Diego, CA",552,1:02:41,10:06,F 20-29/86,F-29,164,1:02:41,48.40%
405,Rich Marose,"San Diego, CA",487,1:02:41,10:06,M 40-49/29,M-49,241,1:03:01,48.59%
406,Amy Willis,"San Diego, CA",773,1:02:44,10:06,F 20-29/87,F-29,165,1:02:44,48.37%
407,Angela Correll,"Spring Valley, CA",921,1:02:50,10:07,F 30-39/41,F-39,166,1:03:58,49.72%
408,Ed Karas,"San Diego, CA",411,1:02:56,10:08,M 70-99/1,M-70,242,1:03:12,58.30%
409,Lauren Queen,"Del Mar, CA",606,1:03:03,10:09,F 20-29/88,F-29,167,1:04:29,48.12%
410,Lisa Tep,"Chula Vista, CA",716,1:03:08,10:10,F 20-29/89,F-29,168,1:03:50,48.06%
411,Amanda Malcolm-Brown,"San Diego, CA",484,1:03:13,10:11,F 20-29/90,F-29,169,1:03:17,48.00%
412,Arlene Hady,"San Diego, CA",338,1:03:13,10:11,F 20-29/91,F-29,170,1:04:00,48.00%
413,Nathan Stanton,"San Diego, CA",704,1:03:15,10:11,M 20-29/95,M-29,243,1:03:19,42.49%
414,Summer McMillen,"San Diego, CA",509,1:03:19,10:12,F 20-29/92,F-29,171,1:03:19,47.92%
415,Karen Tran,"La Jolla, CA",727,1:03:29,10:13,F 20-29/93,F-29,172,1:03:36,47.79%
416,Ronald Lewis,"San Diego, CA",1092,1:03:32,10:14,M 30-39/77,M-39,244,1:03:50,44.40%
417,Sandra Kearney,"San Diego, CA",412,1:03:33,10:14,F 60-69/2,F-69,173,1:04:04,71.51%
418,Vena Pacumio,"San Diego, CA",576,1:03:37,10:15,F NoAge/0,F-0,174,1:03:44, 0.00%
419,Elly Villanueva,"San Diego, CA",745,1:03:38,10:15,F 20-29/94,F-29,175,1:03:38,47.68%
420,Patrick Pacumio,"San Diego, CA",575,1:03:39,10:15,M NoAge/0,M-0,245,1:03:45, 0.00%
421,Maryann Smith,"San Diego, CA",696,1:03:40,10:15,F NoAge/0,F-0,176,1:04:07, 0.00%
422,Michele Frendo,"Pleasanton, CA",300,1:03:40,10:15,F 20-29/95,F-29,177,1:03:48,47.66%
423,Kathy Livingston,"San Diego, CA",468,1:03:40,10:15,F NoAge/0,F-0,178,1:04:08, 0.00%
424,Ariane Wolden,"San Diego, CA",777,1:03:53,10:17,F 20-29/96,F-29,179,1:03:53,47.49%
425,Julia Davis,"San Diego, CA",241,1:03:53,10:17,F 20-29/97,F-29,180,1:03:53,47.49%
426,John King,"San Diego, CA",434,1:03:53,10:17,M 30-39/78,M-39,246,1:04:15,44.15%
427,Kimphuong Hoang,"Poway, CA",367,1:03:55,10:18,F 30-39/42,F-39,181,1:04:14,48.88%
428,Mark Saale,"Victorville, CA",650,1:03:58,10:18,M 40-49/30,M-49,247,1:04:09,47.62%
429,Gary Lombardo,"San Diego, CA",470,1:03:59,10:18,M 40-49/31,M-49,248,1:04:09,47.60%
430,John Lee,"San Diego, CA",458,1:04:05,10:19,M 30-39/79,M-39,249,1:04:25,44.02%
431,Sarah Larson,"San Diego, CA",453,1:04:07,10:20,F 30-39/43,F-39,182,1:04:07,48.73%
432,Elizabeth Koenig,"San Diego, CA",440,1:04:07,10:20,F 20-29/98,F-29,183,1:04:07,47.32%
433,Bryn Faris,"Encinitas, CA",283,1:04:10,10:20,F 30-39/44,F-39,184,1:04:27,48.69%
434,Kathy Cook,"San Clemente, CA",222,1:04:10,10:20,F 40-49/16,F-49,185,1:04:34,53.39%
435,Olivia Gleser,"Goleta, CA",832,1:04:10,10:20,F 20-29/99,F-25,186,1:04:10,47.29%
436,Dinna Dohlus,"San Diego, CA",261,1:04:12,10:20,F 30-39/45,F-39,187,1:04:41,48.66%
437,Nicanor Rivera,"Twentynine Palms, CA",625,1:04:14,10:21,M 40-49/32,M-49,250,1:04:37,47.42%
438,Hoang Nhan,"La Jolla, CA",551,1:04:20,10:22,F 20-29/100,F-29,188,1:06:21,47.16%
439,Ilan Graubart,"La Jolla, CA",329,1:04:22,10:22,M 01-19/10,M-19,251,1:04:43,42.63%
440,Cicely Carnahan,"San Diego, CA",184,1:04:26,10:23,F 20-29/101,F-29,189,1:04:26,47.09%
441,Karen Hill,"La Mesa, CA",363,1:04:29,10:23,F 40-49/17,F-49,190,1:04:29,53.13%
442,Diane Heffelfinger,"San Diego, CA",353,1:04:31,10:23,F 30-39/46,F-39,191,1:04:51,48.42%
443,Edward Seefried,"Chula Vista, CA",674,1:04:31,10:23,M 50-59/21,M-59,252,1:04:51,51.32%
444,Andrea Rivera,"Bonita, CA",624,1:04:32,10:24,F 20-29/102,F-29,192,1:04:37,47.02%
445,Jeanne Elia,"San Diego, CA",960,1:04:38,10:25,F 40-49/18,F-43,193,1:05:02,49.73%
446,Jennifer Barbuto,"Del Mar, CA",133,1:04:39,10:25,F 20-29/103,F-29,194,1:04:46,46.93%
447,Tim Harmon,"San Diego, CA",346,1:04:40,10:25,M 30-39/80,M-39,253,1:04:52,43.62%
448,Stephanie Kolakowski,"San Diego, CA",441,1:04:40,10:25,F 30-39/47,F-39,195,1:04:51,48.31%
449,Ron Chantung,"San Diego, CA",194,1:04:40,10:25,M 30-39/81,M-39,254,1:04:52,43.62%
450,Sue Dunlap,"La Mesa, CA",266,1:04:41,10:25,F 40-49/19,F-49,196,1:05:06,52.96%
451,Katherine Andrews,"El Cajon, CA",114,1:04:55,10:27,F 20-29/104,F-29,197,1:05:05,46.74%
452,Kimberly Gee,"San Diego, CA",307,1:04:59,10:28,F 20-29/105,F-29,198,1:05:24,46.69%
453,Patrick Kam,"San Diego, CA",799,1:05:00,10:28,M 40-49/33,M-40,255,1:05:03,43.73%
454,Ingrid Rainey,"San Diego, CA",608,1:05:00,10:28,F 30-39/48,F-39,199,1:05:00,48.06%
455,Donald Franklin,"San Diego, CA",298,1:05:02,10:28,M 30-39/82,M-39,256,1:05:24,43.37%
456,Ali Vincent,"Phoenix, AZ",805,1:05:07,10:29,F 30-39/49,F-33,200,1:05:10,46.80%
457,Marybeth Herald,"San Diego, CA",357,1:05:15,10:31,F 50-59/7,F-59,201,1:05:33,59.89%
458,Andrew Osuna,"Chula Vista, CA",573,1:05:18,10:31,M 20-29/96,M-29,257,1:05:46,41.15%
459,Heather Van Dyke,"San Diego, CA",744,1:05:19,10:31,F 20-29/106,F-29,202,1:05:29,46.45%
460,Christine Lacy,"San Diego, CA",447,1:05:20,10:31,F 20-29/107,F-29,203,1:05:24,46.43%
461,Mark Momaney,"Canyon Lake, CA",891,1:05:21,10:31,M 40-49/34,M-43,258,1:07:36,44.49%
462,Melissa Naranjo,"San Ysidro, CA",547,1:05:24,10:32,F 20-29/108,F-29,204,1:05:38,46.39%
463,Loc Dinh,"Poway, CA",260,1:05:25,10:32,M 20-29/97,M-29,259,1:05:25,41.08%
464,Morton Park,"San Diego, CA",580,1:05:26,10:32,M 30-39/83,M-39,260,1:05:26,43.11%
465,Jana Beard,"San Diego, CA",139,1:05:32,10:33,F 40-49/20,F-49,205,1:05:50,52.28%
466,Heng Cheng,"San Diego, CA",952,1:05:32,10:33,F 40-49/21,F-43,206,1:05:53,49.05%
467,Jessika Fessenden,"San Diego, CA",291,1:05:32,10:33,F 30-39/50,F-39,207,1:05:50,47.67%
468,Samantha Phan,"San Diego, CA",592,1:05:32,10:33,F 30-39/51,F-39,208,1:05:52,47.67%
469,Kathleen Brumm,"La Jolla, CA",857,1:05:42,10:35,F 20-29/109,F-25,209,1:06:09,46.18%
470,Ciela Hartanov,"San Diego, CA",348,1:05:43,10:35,F 20-29/110,F-29,210,1:05:48,46.17%
471,Jennifer Johnson,"El Cajon, CA",861,1:05:47,10:36,F 20-29/111,F-27,211,1:06:10,46.12%
472,Vrushali Sane,"San Diego, CA",1066,1:05:48,10:36,F 20-29/112,F-28,212,1:05:52,46.11%
473,Denise Yohn,"San Diego, CA",791,1:05:49,10:36,F 40-49/22,F-49,213,1:05:51,52.05%
474,Phi Huynh,"San Diego, CA",376,1:05:51,10:36,M 20-29/98,M-29,261,1:06:33,40.81%
475,Nathan Weightman,"El Cajon, CA",889,1:05:52,10:36,M 20-29/99,M-25,262,1:06:58,40.77%
476,Katie Weightman,"El Cajon, CA",888,1:05:54,10:37,F 20-29/113,F-23,214,1:07:01,46.04%
477,Eric N Rogers,"San Diego, CA",632,1:05:59,10:38,M 30-39/84,M-39,263,1:06:20,42.75%
478,Melissa Bruce,"San Diego, CA",168,1:06:01,10:38,F 30-39/52,F-39,215,1:06:25,47.32%
479,Katrine David,"San Diego, CA",240,1:06:01,10:38,F 30-39/53,F-39,216,1:06:25,47.32%
480,Leslie Harris,"El Cajon, CA",927,1:06:03,10:38,F 30-39/54,F-38,217,1:07:10,47.02%
481,Meg Wesling,"San Diego, CA",762,1:06:06,10:39,F 30-39/55,F-39,218,1:06:22,47.26%
482,Rachel Nichols,"San Diego, CA",554,1:06:07,10:39,F 30-39/56,F-39,219,1:06:22,47.25%
483,Tricia Patterson,"San Diego, CA",926,1:06:16,10:40,F 30-39/57,F-33,220,1:07:02,45.99%
484,Lisa Rosenfelt,"San Diego, CA",641,1:06:18,10:41,F 20-29/114,F-29,221,1:06:45,45.76%
485,Tina Angeles,"San Diego, CA",115,1:06:25,10:42,F 20-29/115,F-29,222,1:06:41,45.68%
486,Ronny Catarcio,"San Diego, CA",955,1:06:26,10:42,F 20-29/116,F-27,223,1:06:53,45.67%
487,Rodrigo Garcia Prieto,"Chula Vista, CA",305,1:06:27,10:42,M 30-39/85,M-39,264,1:06:28,42.45%
488,Christine Squillaci,"El Cajon, CA",701,1:06:28,10:42,F 40-49/23,F-49,224,1:06:48,51.54%
489,Carie Reno,"San Diego, CA",615,1:06:28,10:42,F 30-39/58,F-39,225,1:06:43,47.00%
490,Chris Thompson,"Escondido, CA",721,1:06:28,10:42,M 50-59/22,M-59,265,1:06:28,49.81%
491,Jessica Wong,"San Diego, CA",779,1:06:31,10:43,F 30-39/59,F-39,226,1:06:49,46.97%
492,Cyndi Kalbaugh,"Santee, CA",407,1:06:33,10:43,F 40-49/24,F-49,227,1:06:34,51.48%
493,Renee Greenberg,"San Diego, CA",330,1:06:35,10:43,F 40-49/25,F-49,228,1:06:43,51.45%
494,Chris Mazzi,"El Cajon, CA",497,1:06:39,10:44,M 20-29/100,M-29,266,1:07:02,40.32%
495,John Hobbs,"El Cajon, CA",368,1:06:39,10:44,M 20-29/101,M-29,267,1:07:18,40.32%
496,Joann Caco,"Chula Vista, CA",177,1:06:40,10:44,F 20-29/117,F-29,229,1:07:18,45.51%
497,Kelly Rutherford,"San Diego, CA",647,1:06:42,10:44,F 20-29/118,F-29,230,1:07:06,45.49%
498,Matt Richards,"San Diego, CA",619,1:06:42,10:44,M 30-39/86,M-39,268,1:06:57,42.29%
499,Kecia Felton,"San Diego, CA",284,1:06:43,10:45,F 30-39/60,F-39,231,1:06:47,46.83%
500,Victor Rebollo,"San Diego, CA",831,1:06:44,10:45,M 30-39/87,M-32,269,1:06:50,40.57%
501,Lindsay Daigle,"Encinitas, CA",871,1:06:48,10:45,F 20-29/119,F-26,232,1:06:54,45.42%
502,Gail Piraino,"Carlsbad, CA",870,1:06:48,10:46,F 50-59/8,F-51,233,1:06:54,52.58%
503,Emily Rolfing,"Laguna Beach, CA",634,1:06:53,10:46,F 20-29/120,F-29,234,1:07:11,45.36%
504,Thomas Mendez,"Irvine, CA",915,1:06:57,10:47,M 20-29/102,M-25,270,1:06:57,40.11%
505,Adrian Accurso,"La Jolla, CA",100,1:06:58,10:47,M 20-29/103,M-29,271,1:07:18,40.13%
506,Greg Kelley,"San Diego, CA",419,1:07:19,10:50,M 30-39/88,M-39,272,1:07:19,41.90%
507,Matthew Warner,"San Diego, CA",965,1:07:19,10:51,M 20-29/104,M-28,273,1:09:47,39.90%
508,Farzeen Essa,"San Diego, CA",276,1:07:22,10:51,F 20-29/121,F-29,235,1:07:27,45.04%
509,Nicole Pohl,"Del Mar, CA",600,1:07:24,10:51,F 20-29/122,F-29,236,1:07:30,45.02%
510,Alexis Hartford,"San Diego, CA",349,1:07:25,10:51,F 30-39/61,F-39,237,1:07:25,46.34%
511,Carla Ingle,"San Diego, CA",379,1:07:33,10:53,F 40-49/26,F-49,238,1:07:42,50.72%
512,Elizabeth Martin,"San Diego, CA",489,1:07:34,10:53,F 40-49/27,F-49,239,1:07:43,50.70%
513,Matthew Clark,"San Diego, CA",208,1:07:39,10:54,M 30-39/89,M-39,274,1:07:53,41.70%
514,Paula Allen,"San Diego, CA",108,1:07:44,10:54,F 40-49/28,F-49,240,1:07:57,50.58%
515,Sarita Smith,"San Diego, CA",697,1:07:45,10:55,F 20-29/123,F-29,241,1:08:01,44.78%
516,Warren Ted Hoyt,"San Diego, CA",371,1:07:47,10:55,M 40-49/35,M-49,275,1:08:12,44.93%
517,Courtney Vitch,"La Jolla, CA",747,1:07:49,10:55,F 20-29/124,F-29,242,1:08:03,44.74%
518,Nick Ramirez,"San Diego, CA",829,1:07:49,10:55,M 20-29/105,M-24,276,1:08:00,39.60%
519,Ed Gradek,"San Diego, CA",327,1:07:51,10:56,M 30-39/90,M-39,277,1:08:04,41.57%
520,Darren Keenaghan,"San Diego, CA",414,1:07:53,10:56,M 20-29/106,M-29,278,1:08:41,39.59%
521,Semana Richard,"San Marcos, CA",618,1:07:55,10:56,F 20-29/125,F-29,243,1:08:14,44.67%
522,Natalie Garcia,"San Diego, CA",304,1:07:57,10:57,F 20-29/126,F-29,244,1:08:04,44.65%
523,Bryan White,"Jamul, CA",766,1:08:06,10:58,M 20-29/107,M-29,279,1:08:20,39.46%
524,Susan Ryan,"Escondido, CA",649,1:08:07,10:58,F 50-59/9,F-59,245,1:08:16,57.37%
525,Armando Gonzalez,"San Diego, CA",898,1:08:09,10:58,M 20-29/108,M-21,280,1:08:09,39.55%
526,Bill Caylor,"Solana Beach, CA",190,1:08:13,10:59,M 60-69/6,M-69,281,1:08:34,53.18%
527,Julie Hepp,"San Diego, CA",807,1:08:20,11:00,F 20-29/127,F-25,246,1:08:43,44.40%
528,Mindy Solis,"Lemon Grove, CA",907,1:08:20,11:00,F 20-29/128,F-24,247,1:08:43,44.40%
529,Lizette Sanchez,"Vista, CA",655,1:08:23,11:01,F 20-29/129,F-29,248,1:08:42,44.37%
530,Karyn Eynon,"San Diego, CA",282,1:08:28,11:02,F 30-39/62,F-39,249,1:08:45,45.63%
531,Jen Boos,"San Diego, CA",804,1:08:44,11:04,F 20-29/130,F-25,250,1:08:44,44.14%
532,Stacy Lam,"San Diego, CA",450,1:08:50,11:05,F 30-39/63,F-39,251,1:09:09,45.39%
533,Rubie Hernandez,"San Diego, CA",908,1:08:56,11:06,F 30-39/64,F-33,252,1:09:19,44.21%
534,Terry Johnson,"Escondido, CA",395,1:08:57,11:06,F 50-59/10,F-59,253,1:09:05,56.67%
535,Shirin Doroudgar,"San Diego, CA",1099,1:09:02,11:07,F 20-29/131,F-25,254,1:09:19,43.95%
536,Susan Chambers,"Carlsbad, CA",1075,1:09:04,11:07,F 50-59/11,F-54,255,1:09:17,52.86%
537,Sandy Valone,"San Diego, CA",1067,1:09:06,11:08,F 40-49/29,F-47,256,1:09:18,48.40%
538,Sally Skerritt,"San Diego, CA",690,1:09:17,11:09,F 40-49/30,F-49,257,1:09:39,49.45%
539,Brittany Lesnik,"San Diego, CA",852,1:09:19,11:10,F 20-29/132,F-23,258,1:09:28,43.77%
540,Noelle Moore,"San Diego, CA",800,1:09:19,11:10,F 20-29/133,F-27,259,1:09:29,43.77%
541,Leticia Muttera,"San Diego, CA",544,1:09:25,11:11,F 40-49/31,F-49,260,1:09:46,49.35%
542,Sarina Dahukey,"San Diego, CA",236,1:09:31,11:12,F 20-29/134,F-29,261,1:09:36,43.65%
543,Adriana Chee,"San Diego, CA",911,1:09:39,11:13,F 40-49/32,F-40,262,1:09:55,45.12%
544,David Batchelder,"San Diego, CA",135,1:09:48,11:14,M 30-39/91,M-39,282,1:10:05,40.41%
545,Valerie Rodarte-Buchino,"El Paso, TX",629,1:09:50,11:15,F 40-49/33,F-49,263,1:10:00,49.06%
546,Sandra Flores,"San Diego, CA",958,1:09:51,11:15,F 30-39/65,F-36,264,1:10:18,44.06%
547,Brianna Rigg,"Redondo Beach, CA",910,1:09:51,11:15,F 20-29/135,F-29,265,1:10:18,43.44%
548,Sachinkeswani Keswani,"San Diego, CA",1054,1:09:58,11:16,M 20-29/109,M-26,283,1:09:59,38.38%
549,Karen Nyofu,"San Diego, CA",559,1:09:58,11:16,F 40-49/34,F-49,266,1:11:08,48.96%
550,David Kerry,"San Diego, CA",427,1:10:02,11:17,M 30-39/92,M-39,284,1:10:21,40.28%
551,Richard Jordan,"La Mesa, CA",402,1:10:27,11:21,M 50-59/23,M-59,285,1:10:52,46.99%
552,Tonia Martynuik,"San Diego, CA",493,1:10:29,11:21,F 20-29/136,F-29,267,1:10:31,43.05%
553,Christy Thompson,"Cardiff By The Sea, CA",897,1:10:30,11:21,F 20-29/137,F-29,268,1:12:11,43.04%
554,Sangeeth Padmanaba,"San Diego, CA",1070,1:10:30,11:21,F 30-39/66,F-31,269,1:10:33,43.08%
555,Erin Donahue,"San Diego, CA",262,1:10:53,11:25,F 20-29/138,F-29,270,1:11:00,42.80%
556,Melina Fernandez,"Coronado, CA",288,1:10:55,11:25,F 20-29/139,F-29,271,1:10:59,42.78%
557,Susanne Dillmann,"Valley Center, CA",258,1:11:10,11:28,F 30-39/67,F-39,272,1:11:34,43.90%
558,Karen Lafferty,"San Diego, CA",448,1:11:18,11:29,F 30-39/68,F-39,273,1:11:41,43.82%
559,Margarette Burd,"San Diego, CA",173,1:11:37,11:32,F 30-39/69,F-39,274,1:11:59,43.62%
560,Veronica Littles,"San Diego, CA",467,1:11:49,11:34,F 40-49/35,F-49,275,1:12:00,47.70%
561,Cyndee Schneidau,"Chula Vista, CA",913,1:11:52,11:34,F 30-39/70,F-35,276,1:11:52,42.66%
562,Kara Peter,"Chula Vista, CA",813,1:11:52,11:34,F 20-29/140,F-27,277,1:11:52,42.22%
563,Aaron Hanson,"San Diego, CA",343,1:12:22,11:39,M NoAge/0,M-0,286,1:12:42, 0.00%
564,Kira Mello,"Poway, CA",514,1:12:22,11:39,F 20-29/141,F-29,278,1:12:42,41.93%
565,Miki Wellck,"Santee, CA",1051,1:12:24,11:39,F 30-39/71,F-34,279,1:12:51,42.21%
566,Amy Beristain,"Imperial Beach, CA",865,1:12:32,11:41,F 30-39/72,F-31,280,1:12:36,41.88%
567,Alex Cote,"San Diego, CA",229,1:12:39,11:42,M 30-39/93,M-39,287,1:13:07,38.83%
568,Katherine Bouwkamp,"San Diego, CA",157,1:12:49,11:44,F 20-29/142,F-29,281,1:13:11,41.67%
569,Mark Kelley,"San Diego, CA",420,1:13:07,11:46,M 40-49/36,M-49,288,1:13:36,41.66%
570,Janet Ambrozich,"Dana Point, CA",109,1:13:07,11:46,F 30-39/73,F-39,282,1:13:37,42.73%
571,Elizabeth Schotter,"La Jolla, CA",669,1:13:11,11:47,F 20-29/143,F-29,283,1:13:35,41.46%
572,Michael Claffey,"La Jolla, CA",206,1:13:12,11:47,M 30-39/94,M-39,289,1:13:36,38.53%
573,Robert Rota,"La Jolla, CA",643,1:13:27,11:50,M 30-39/95,M-39,290,1:17:13,38.40%
574,Paul Meyer,"San Diego, CA",1095,1:13:41,11:52,M 60-69/7,M-64,291,1:14:05,46.97%
575,Magdalena Remillar,"San Diego, CA",1091,1:13:44,11:52,F 40-49/36,F-49,284,1:14:07,46.46%
576,Audrey Gleser,"Isla Vista, CA",834,1:13:48,11:53,F 30-39/74,F-32,285,1:13:48,41.22%
577,Pamela Campbell,"San Diego, CA",181,1:13:58,11:55,F 20-29/144,F-29,286,1:14:09,41.02%
578,Desiree Becerra,"El Cajon, CA",141,1:13:59,11:55,F 30-39/75,F-39,287,1:14:09,42.23%
579,Kristin Beczak,"La Jolla, CA",1063,1:14:17,11:58,F 20-29/145,F-26,288,1:14:40,40.84%
580,Cherrie Hernandez,"San Marcos, CA",1062,1:14:18,11:58,F 20-29/146,F-29,289,1:14:40,40.83%
581,Jane Tamayo,"San Diego, CA",1081,1:14:19,11:58,F 40-49/37,F-44,290,1:14:40,43.63%
582,Katie Walsh,"San Diego, CA",754,1:14:24,11:59,F 20-29/147,F-29,291,1:14:24,40.78%
583,Doug Elliot,"San Diego, CA",271,1:14:37,12:01,M 50-59/24,M-59,292,1:15:17,44.37%
584,Marylupe Flores,"Chula Vista, CA",294,1:14:44,12:02,F 40-49/38,F-49,292,1:14:59,45.84%
585,Naranda Valdez,"San Diego, CA",739,1:14:47,12:03,F 20-29/148,F-29,293,1:14:58,40.57%
586,Kaylan Lavillotti,"La Jolla, CA",455,1:14:53,12:04,F 20-29/149,F-29,294,1:14:53,40.52%
587,Takashi Mukasa,"San Diego, CA",541,1:15:05,12:05,M 30-39/96,M-39,293,1:15:28,37.57%
588,Danny Simms,"San Diego, CA",833,1:15:26,12:09,M 30-39/97,M-35,294,1:15:55,36.38%
589,Michelle Sola,"Chula Vista, CA",699,1:15:42,12:11,F 40-49/39,F-49,295,1:15:50,45.25%
590,Jenna Tabor-Godwin,"San Diego, CA",712,1:15:45,12:12,F 20-29/150,F-29,296,1:16:02,40.05%
591,Jen Zornow,"San Diego, CA",797,1:16:40,12:21,F 30-39/76,F-39,297,1:16:40,40.75%
592,Melissa Deckers,"La Mesa, CA",248,1:16:40,12:21,F 20-29/151,F-29,298,1:16:40,39.57%
593,Gina Grossini,"San Diego, CA",868,1:16:59,12:24,F 30-39/77,F-34,299,1:17:42,39.69%
594,Carla Concha,"San Diego, CA",867,1:17:00,12:24,F 30-39/78,F-32,300,1:17:42,39.51%
595,Elizabeth Joseph,"San Diego, CA",403,1:17:01,12:24,F 20-29/152,F-29,301,1:17:18,39.39%
596,Kathleen Madden,"San Diego, CA",482,1:17:04,12:25,F 20-29/153,F-29,302,1:17:50,39.37%
597,Sharon Sann,"Del Mar, CA",662,1:17:05,12:25,F 20-29/154,F-29,303,1:17:32,39.36%
598,Patty Thompson,"Escondido, CA",722,1:17:18,12:27,F 50-59/12,F-59,304,1:18:59,50.55%
599,Kaya McAnear,"La Mesa, CA",498,1:17:19,12:27,F 20-29/155,F-29,305,1:19:15,39.24%
600,Christopher Kirby,"San Diego, CA",437,1:17:33,12:29,M 30-39/98,M-39,295,1:17:59,36.37%
601,Breeann Kirby,"San Diego, CA",436,1:17:33,12:29,F 20-29/156,F-29,306,1:17:57,39.12%
602,Katy O'Farrell,"San Diego, CA",854,1:17:49,12:32,F 20-29/157,F-24,307,1:18:07,38.99%
603,Renee Mendoza,"San Diego, CA",518,1:17:59,12:33,F 20-29/158,F-29,308,1:17:59,38.91%
604,E Edenbecker,"San Diego, CA",1084,1:18:14,12:36,M 20-29/110,M-21,296,1:19:25,34.46%
605,Veronica Edwards,"San Diego, CA",1064,1:18:47,12:41,F 30-39/79,F-33,309,1:19:06,38.68%
606,Dana Pruskowski,"San Diego, CA",604,1:18:47,12:41,F 20-29/159,F-29,310,1:19:06,38.51%
607,Rhonda Della Ripa,"La Mesa, CA",253,1:19:53,12:52,F 50-59/13,F-59,311,1:19:53,48.91%
608,Grace Delgado,"La Mesa, CA",252,1:19:53,12:52,F 50-59/14,F-59,312,1:19:53,48.91%
609,Lori Bays,"San Diego, CA",137,1:19:59,12:53,F 30-39/80,F-39,313,1:20:16,39.06%
610,Veronica Hernandez,"La Mesa, CA",359,1:20:08,12:54,F 20-29/160,F-29,314,1:20:08,37.86%
611,Mieko Richards,"San Diego, CA",620,1:20:27,12:57,F 30-39/81,F-39,315,1:20:43,38.83%
612,Renee Reinke,"Carlsbad, CA",957,1:21:52,13:11,F 40-49/40,F-41,316,1:22:14,38.65%
613,Paula McColgan,"Encinitas, CA",502,1:21:53,13:11,F 50-59/15,F-59,317,1:22:14,47.72%
614,Liz Bazan,", CA",138,1:22:06,13:13,F NoAge/0,F-0,318,1:22:06, 0.00%
