Bib,Name,Gender,Age,Hometown,Overall,Men,M 20-29,Age/Grade,Finish,Chip Time,Gun Time
1136,Wayne Dilly,M,28,"San Diego, CA",1 out of 676,1 out of 360,1 out of 121, 74.17% Place: 8,36:13 Pace: 5:50,36:13,36:13
1003,Eduardo Corvera,M,18,"San Diego, CA",2 out of 676,2 out of 360,1 out of 14, 75.66% Place: 6,36:43 Pace: 5:55,36:43,36:43
1236,Eric Martn,M,30,"La Jolla, CA",3 out of 676,3 out of 360,1 out of 131, 73.18% Place: 9,36:48 Pace: 5:56,36:48,36:48
763,Justin Wolfe,M,39,"San Diego, CA",4 out of 676,4 out of 360,2 out of 131, 76.25% Place: 5,37:00 Pace: 5:58,37:00,37:00
1214,Ciro Melendez,M,38,"San Diego, CA",5 out of 676,5 out of 360,3 out of 131, 75.34% Place: 7,37:11 Pace: 6:00,37:11,37:11
1004,Emmanuel Corvera,M,16,"San Diego, CA",6 out of 676,6 out of 360,2 out of 14, 76.48% Place: 4,37:17 Pace: 6:00,37:17,37:17
1253,Kevin Gordon,M,34,"San Diego, CA",7 out of 676,7 out of 360,4 out of 131, 70.50% Place: 15,38:43 Pace: 6:14,38:43,38:43
447,Patrick Lanoiselee,M,49,"San Diego, CA",8 out of 676,8 out of 360,1 out of 55, 78.65% Place: 1,38:44 Pace: 6:14,38:44,38:44
1208,Ryan Hayes,M,24,"La Jolla, CA",9 out of 676,9 out of 360,2 out of 121, 68.55% Place: 21,39:11 Pace: 6:19,39:11,39:11
1223,Piete Darnaud,M,36,"San Diego, CA",10 out of 676,10 out of 360,5 out of 131, 70.05% Place: 17,39:25 Pace: 6:21,39:25,39:25
741,Christopher Walden,M,39,"San Diego, CA",11 out of 676,11 out of 360,6 out of 131, 70.32% Place: 16,40:07 Pace: 6:28,40:07,40:07
1215,David Baker,M,38,"Cardiff By The Sea, CA",12 out of 676,12 out of 360,7 out of 131, 69.51% Place: 19,40:18 Pace: 6:30,40:18,40:18
344,Matt Hall,M,29,"La Jolla, CA",13 out of 676,13 out of 360,3 out of 121, 66.58% Place: 29,40:22 Pace: 6:30,40:22,40:22
191,James Cekola,M,29,"San Diego, CA",14 out of 676,14 out of 360,4 out of 121, 66.34% Place: 33,40:31 Pace: 6:32,40:31,40:31
1203,Felipe Acevedo,M,31,"San Diego, CA",15 out of 676,15 out of 360,8 out of 131, 66.49% Place: 31,40:36 Pace: 6:33,40:36,40:36
413,Caleb Keiter,M,29,"San Diego, CA",16 out of 676,16 out of 360,5 out of 121, 65.53% Place: 38,41:01 Pace: 6:36,41:01,41:01
805,Bobby Mays,M,40,"San Diego, CA",17 out of 676,17 out of 360,2 out of 55, 67.10% Place: 26,42:22 Pace: 6:49,42:22,42:22
417,Brian Kelly,M,59,"San Diego, CA",18 out of 676,18 out of 360,1 out of 17, 77.88% Place: 2,42:31 Pace: 6:51,42:31,42:31
683,Jonathan Spangler,M,49,"Del Mar, CA",19 out of 676,19 out of 360,3 out of 55, 70.76% Place: 13,43:03 Pace: 6:56,43:03,43:03
1011,Andrew Desposit,M,26,"San Diego, CA",20 out of 676,20 out of 360,6 out of 121, 62.18% Place: 59,43:12 Pace: 6:58,43:12,43:12
277,Victor Ferreira,M,39,"San Diego, CA",21 out of 676,21 out of 360,9 out of 131, 65.00% Place: 42,43:24 Pace: 7:00,43:24,43:24
319,Jose GonzßLez-Navajas,M,39,"San Diego, CA",22 out of 676,22 out of 360,10 out of 131, 64.14% Place: 47,43:59 Pace: 7:05,43:59,43:59
176,Luis Calderon,M,39,"Chula Vista, CA",23 out of 676,23 out of 360,11 out of 131, 64.12% Place: 48,44:00 Pace: 7:05,44:00,44:00
509,Peter Mendoza,M,39,"San Diego, CA",24 out of 676,24 out of 360,12 out of 131, 64.04% Place: 50,44:03 Pace: 7:06,44:03,44:03
1119,Ian Bradley,M,25,"Descanso, CA",25 out of 676,25 out of 360,7 out of 121, 60.18% Place: 69,44:38 Pace: 7:11,44:38,44:38
1207,Stacy Schlocker,F,33,"San Diego, CA",26 out of 676,1 out of 316,1 out of 81, 68.16% Place: 22,44:42 Pace: 7:12,44:42,44:42
234,Michael Davidson,M,29,"Oceanside, CA",27 out of 676,26 out of 360,8 out of 121, 60.04% Place: 70,44:46 Pace: 7:13,44:46,44:46
1008,Doug Trafican,M,31,"San Diego, CA",28 out of 676,27 out of 360,13 out of 131, 59.90% Place: 71,45:04 Pace: 7:16,45:04,45:04
201,Paul Christy,M,29,"San Diego, CA",29 out of 676,28 out of 360,9 out of 121, 59.55% Place: 74,45:08 Pace: 7:16,45:08,45:08
706,William Thomas,M,49,"Brooklyn, NY",30 out of 676,29 out of 360,4 out of 55, 67.22% Place: 24,45:19 Pace: 7:18,45:19,45:19
346,David Hanlon Jr,M,39,"Oceanside, CA",31 out of 676,30 out of 360,14 out of 131, 62.16% Place: 60,45:23 Pace: 7:19,45:23,45:23
511,Samantha Merrion,F,19,"Farmington, NM",32 out of 676,2 out of 316,1 out of 10, 66.97% Place: 27,45:29 Pace: 7:20,45:29,45:29
778,Patrick Zukowski,M,39,"San Diego, CA",33 out of 676,31 out of 360,15 out of 131, 62.00% Place: 61,45:30 Pace: 7:20,45:30,45:30
1244,Stephen Heverly,M,30,"San Diego, CA",34 out of 676,32 out of 360,16 out of 131, 59.01% Place: 81,45:38 Pace: 7:21,45:38,45:38
586,Carla Pryor,F,29,"Cardiff, CA",35 out of 676,3 out of 316,1 out of 158, 66.40% Place: 32,45:42 Pace: 7:22,45:42,45:42
392,Erynne Jones,F,29,"San Diego, CA",36 out of 676,4 out of 316,2 out of 158, 66.18% Place: 34,45:51 Pace: 7:23,45:51,45:51
836,Dean Andreuzzi,M,35,"San Diego, CA",37 out of 676,33 out of 360,17 out of 131, 59.64% Place: 73,46:01 Pace: 7:25,46:01,46:01
147,Alyssa Bentley,F,39,"La Jolla, CA",38 out of 676,5 out of 316,2 out of 81, 67.73% Place: 23,46:08 Pace: 7:26,46:08,46:08
1125,Luis Ynigo,M,30,"San Diego, CA",39 out of 676,34 out of 360,18 out of 131, 58.37% Place: 91,46:08 Pace: 7:26,46:08,46:08
1118,Cynthia Macias,F,22,"Ramona, CA",40 out of 676,6 out of 316,3 out of 158, 65.54% Place: 37,46:18 Pace: 7:28,46:18,46:18
1238,Keizo Amakawa,M,50,"Encinitas, CA",41 out of 676,35 out of 360,2 out of 17, 66.16% Place: 35,46:25 Pace: 7:29,46:25,46:25
648,Frank Santana,M,29,"San Diego, CA",42 out of 676,36 out of 360,10 out of 121, 57.74% Place: 104,46:33 Pace: 7:30,46:33,46:33
596,John Raines,M,49,"San Diego, CA",43 out of 676,37 out of 360,5 out of 55, 65.37% Place: 39,46:36 Pace: 7:30,46:36,46:36
256,Chris Duran,M,39,"San Diego, CA",44 out of 676,38 out of 360,19 out of 131, 60.49% Place: 65,46:38 Pace: 7:31,46:38,46:38
124,Matthew Arnold,M,49,"Chula Vista, CA",45 out of 676,39 out of 360,6 out of 55, 65.04% Place: 41,46:50 Pace: 7:33,46:50,46:50
391,Todd Johnson,M,29,"San Diego, CA",46 out of 676,40 out of 360,11 out of 121, 57.37% Place: 108,46:51 Pace: 7:33,46:51,46:51
1114,Paul Paquin,M,30,"Imperial Beach, CA",47 out of 676,41 out of 360,20 out of 131, 57.29% Place: 110,47:00 Pace: 7:34,47:00,47:00
484,Griffin Marquardt,M,29,"San Diego, CA",48 out of 676,42 out of 360,12 out of 121, 57.10% Place: 112,47:04 Pace: 7:35,47:04,47:04
362,Alex Hempton,M,29,"San Diego, CA",49 out of 676,43 out of 360,13 out of 121, 57.04% Place: 113,47:07 Pace: 7:35,47:07,47:07
1235,John Geary,M,23,"San Diego, CA",50 out of 676,44 out of 360,14 out of 121, 56.85% Place: 119,47:15 Pace: 7:37,47:15,47:15
1012,Andrew Wolff,M,36,"San Diego, CA",51 out of 676,45 out of 360,21 out of 131, 58.41% Place: 90,47:16 Pace: 7:37,47:16,47:16
577,Andrew Poast,M,39,"San Diego, CA",52 out of 676,46 out of 360,22 out of 131, 58.98% Place: 82,47:50 Pace: 7:42,47:50,47:50
400,Brian Justice,M,39,"San Diego, CA",53 out of 676,47 out of 360,23 out of 131, 58.89% Place: 85,47:54 Pace: 7:43,47:54,47:54
195,Catherine Charles,F,49,"Encinitas, CA",54 out of 676,7 out of 316,1 out of 47, 71.35% Place: 10,48:01 Pace: 7:44,48:01,48:01
154,Erica Boettcher,F,39,"San Diego, CA",55 out of 676,8 out of 316,3 out of 81, 65.00% Place: 43,48:04 Pace: 7:45,48:04,48:04
482,Jenni Marini,F,49,"La Mesa, CA",56 out of 676,9 out of 316,2 out of 47, 71.28% Place: 11,48:04 Pace: 7:45,48:04,48:04
466,Amanda Ligato,F,49,"San Diego, CA",57 out of 676,10 out of 316,3 out of 47, 71.28% Place: 12,48:04 Pace: 7:45,48:04,48:04
1116,Michael McBride,M,36,"San Diego, CA",58 out of 676,48 out of 360,24 out of 131, 57.38% Place: 107,48:07 Pace: 7:45,48:07,48:07
1126,Joerg Ineichen,M,35,"San Diego, CA",59 out of 676,49 out of 360,25 out of 131, 56.99% Place: 115,48:09 Pace: 7:45,48:09,48:09
615,Terrence Robinson,M,29,"San Diego, CA",60 out of 676,50 out of 360,15 out of 121, 55.78% Place: 131,48:11 Pace: 7:46,48:11,48:11
759,Jack Williams,M,29,"San Diego, CA",61 out of 676,51 out of 360,16 out of 121, 55.41% Place: 138,48:30 Pace: 7:49,48:30,48:30
202,Kendall Chuang,M,29,"San Diego, CA",62 out of 676,52 out of 360,17 out of 121, 55.40% Place: 139,48:31 Pace: 7:49,48:31,48:31
565,Guillermo Pena-Herrera,M,39,"San Diego, CA",63 out of 676,53 out of 360,26 out of 131, 58.00% Place: 97,48:38 Pace: 7:50,48:38,48:38
1001,Debbie Fischer,F,56,"San Diego, CA",64 out of 676,11 out of 316,1 out of 11, 76.94% Place: 3,48:44 Pace: 7:51,48:44,48:44
240,Michael Deleo,M,29,"San Diego, CA",65 out of 676,54 out of 360,18 out of 121, 55.09% Place: 144,48:47 Pace: 7:52,48:47,48:47
460,Jorge Leon,M,29,"Chula Vista, CA",66 out of 676,55 out of 360,19 out of 121, 55.09% Place: 145,48:47 Pace: 7:52,48:47,48:47
823,Adam Prem,M,32,"San Diego, CA",67 out of 676,56 out of 360,27 out of 131, 55.37% Place: 141,48:54 Pace: 7:53,48:54,48:54
647,Amador Santana,M,29,"San Ysidro, CA",68 out of 676,57 out of 360,20 out of 121, 54.90% Place: 148,48:57 Pace: 7:53,48:57,48:57
641,Sergio Salgado,M,29,"San Diego, CA",69 out of 676,58 out of 360,21 out of 121, 54.89% Place: 150,48:58 Pace: 7:53,48:58,48:58
510,Nick Mercurio,M,29,"San Diego, CA",70 out of 676,59 out of 360,22 out of 121, 54.81% Place: 152,49:02 Pace: 7:54,49:02,49:02
411,Kevin Keenan,M,39,"San Diego, CA",71 out of 676,60 out of 360,28 out of 131, 57.45% Place: 105,49:06 Pace: 7:54,49:06,49:06
385,Antiwon Jacobs,M,39,"San Diego, CA",72 out of 676,61 out of 360,29 out of 131, 57.45% Place: 106,49:06 Pace: 7:55,49:06,49:06
1108,Scheri Chavez,F,40,"Lemon Grove, CA",73 out of 676,12 out of 316,4 out of 47, 63.81% Place: 51,49:15 Pace: 7:56,49:15,49:15
1140,Richard Vangieson,M,31,"Spring Valley, CA",74 out of 676,62 out of 360,30 out of 131, 54.77% Place: 154,49:17 Pace: 7:56,49:17,49:17
489,Dave Mattas,M,29,"San Diego, CA",75 out of 676,63 out of 360,23 out of 121, 54.51% Place: 160,49:18 Pace: 7:56,49:18,49:18
410,Jaclyn Keaty,F,23,"Carlsbad, CA",76 out of 676,13 out of 316,4 out of 158, 61.55% Place: 62,49:18 Pace: 7:57,49:18,49:18
505,Humberto Medina,M,39,"San Diego, CA",77 out of 676,64 out of 360,31 out of 131, 56.97% Place: 116,49:31 Pace: 7:59,49:31,49:31
534,Vaughn Nelson,M,29,"San Diego, CA",78 out of 676,65 out of 360,24 out of 121, 54.15% Place: 166,49:38 Pace: 8:00,49:38,49:38
246,Loc Dinh,M,29,"Poway, CA",79 out of 676,66 out of 360,25 out of 121, 54.15% Place: 167,49:38 Pace: 8:00,49:38,49:38
1018,Dennis Ramirez,M,43,"San Diego, CA",80 out of 676,67 out of 360,7 out of 55, 58.56% Place: 88,49:39 Pace: 8:00,49:39,49:39
241,Cynthia Delgado,F,14,"Vista, CA",81 out of 676,14 out of 316,2 out of 10, 64.87% Place: 44,49:41 Pace: 8:00,49:41,49:41
432,Trisha Kinsman,F,29,"San Diego, CA",82 out of 676,15 out of 316,5 out of 158, 60.99% Place: 64,49:45 Pace: 8:01,49:45,49:45
1113,Justin Nebe,M,26,"San Diego, CA",83 out of 676,68 out of 360,26 out of 121, 53.97% Place: 177,49:46 Pace: 8:01,49:46,49:46
1006,Mike Devereaux,M,52,"San Diego, CA",84 out of 676,69 out of 360,3 out of 17, 62.63% Place: 56,49:50 Pace: 8:02,49:50,49:50
556,Adrian Papas,M,29,"San Diego, CA",85 out of 676,70 out of 360,27 out of 121, 53.79% Place: 181,49:58 Pace: 8:03,49:58,49:58
548,Jessie Ochoa,M,39,"San Diego, CA",86 out of 676,71 out of 360,32 out of 131, 56.36% Place: 122,50:03 Pace: 8:04,50:03,50:03
1256,Matt Clifford,M,22,"El Cajon, CA",87 out of 676,72 out of 360,28 out of 121, 53.66% Place: 185,50:05 Pace: 8:04,50:05,50:05
1213,Craig Snyder,M,48,"Norristown, PA",88 out of 676,73 out of 360,8 out of 55, 60.27% Place: 67,50:09 Pace: 8:05,50:09,50:09
118,Carl Amolat,M,29,"Deland, FL",89 out of 676,74 out of 360,29 out of 121, 53.52% Place: 189,50:13 Pace: 8:05,50:13,50:13
329,Mark Greim,M,39,"Poway, CA",90 out of 676,75 out of 360,33 out of 131, 56.18% Place: 124,50:13 Pace: 8:05,50:13,50:13
145,Chris Bender,M,29,"Carlsbad, CA",91 out of 676,76 out of 360,30 out of 121, 53.43% Place: 190,50:18 Pace: 8:06,50:18,50:18
1120,Jose Vivian Ramos,M,33,"San Diego, CA",92 out of 676,77 out of 360,34 out of 131, 53.94% Place: 178,50:23 Pace: 8:07,50:23,50:23
507,Chris Mendiara,M,39,"San Diego, CA",93 out of 676,78 out of 360,35 out of 131, 55.86% Place: 130,50:30 Pace: 8:08,50:30,50:30
184,Jeff Carroll,M,49,"San Diego, CA",94 out of 676,79 out of 360,9 out of 55, 60.24% Place: 68,50:34 Pace: 8:09,50:34,50:34
728,Mark Vallejo,M,29,"El Paso, TX",95 out of 676,80 out of 360,31 out of 121, 53.08% Place: 198,50:38 Pace: 8:09,50:38,50:38
135,John Barajas,M,29,"San Diego, CA",96 out of 676,81 out of 360,32 out of 121, 52.94% Place: 200,50:46 Pace: 8:11,50:46,50:46
633,Cary Ross,M,19,"El Cajon, CA",97 out of 676,82 out of 360,3 out of 14, 54.04% Place: 173,50:47 Pace: 8:11,50:47,50:47
229,Johnie Crum,M,29,"San Diego, CA",98 out of 676,83 out of 360,33 out of 121, 52.87% Place: 201,50:50 Pace: 8:11,50:50,50:50
322,Benjamin Graubart,M,19,"La Jolla, CA",99 out of 676,84 out of 360,4 out of 14, 53.98% Place: 175,50:50 Pace: 8:11,50:50,50:50
578,Jody Polyniak,F,29,"San Diego, CA",100 out of 676,16 out of 316,6 out of 158, 59.67% Place: 72,50:51 Pace: 8:11,50:51,50:51
1135,Aaron Dellefield,M,24,"San Diego, CA",101 out of 676,85 out of 360,34 out of 121, 52.79% Place: 203,50:53 Pace: 8:12,50:53,50:53
768,James Woodfork,M,0,"San Diego, CA",102 out of 676,86 out of 360,0 out of 0,50:57 Pace: 8:12,50:57,50:57
161,Philipp Bosshart,M,39,"San Diego, CA",103 out of 676,87 out of 360,36 out of 131, 55.35% Place: 143,50:58 Pace: 8:13,50:58,50:58
653,Jeffrey Schechter,M,29,"San Diego, CA",104 out of 676,88 out of 360,35 out of 121, 52.70% Place: 205,51:00 Pace: 8:13,51:00,51:00
630,Colin Rosier,M,19,"Bonita, CA",105 out of 676,89 out of 360,5 out of 14, 53.79% Place: 180,51:01 Pace: 8:13,51:01,51:01
368,Mike Hernberg,M,59,"San Diego, CA",106 out of 676,90 out of 360,4 out of 17, 64.82% Place: 45,51:05 Pace: 8:14,51:05,51:05
1033,John Barba,M,48,"San Diego, CA",107 out of 676,91 out of 360,10 out of 55, 59.11% Place: 80,51:08 Pace: 8:14,51:08,51:08
436,Daniel Kleinman,M,29,"La Jolla, CA",108 out of 676,92 out of 360,36 out of 121, 52.51% Place: 208,51:11 Pace: 8:15,51:11,51:11
1231,Mark McDowell,M,51,"San Diego, CA",109 out of 676,93 out of 360,5 out of 17, 60.27% Place: 66,51:22 Pace: 8:16,51:22,51:22
1230,Patrick Karsh,M,23,"San Diego, CA",110 out of 676,94 out of 360,37 out of 121, 52.29% Place: 214,51:22 Pace: 8:16,51:22,51:22
646,Natasha Sandrock,F,49,"San Diego, CA",111 out of 676,17 out of 316,5 out of 47, 66.68% Place: 28,51:23 Pace: 8:17,51:23,51:23
125,George Arthur,M,49,"Coronado, CA",112 out of 676,95 out of 360,11 out of 55, 59.28% Place: 76,51:23 Pace: 8:17,51:23,51:23
839,Gabriela Khayyat,F,43,"El Cajon, CA",113 out of 676,18 out of 316,6 out of 47, 62.54% Place: 57,51:24 Pace: 8:17,51:24,51:24
530,Mike Napolitano,M,69,"Coronado, CA",114 out of 676,96 out of 360,1 out of 6, 70.56% Place: 14,51:25 Pace: 8:17,51:25,51:25
380,Ted Hoyt,M,49,"San Diego, CA",115 out of 676,97 out of 360,12 out of 55, 59.22% Place: 77,51:26 Pace: 8:17,51:26,51:26
1248,James Hall,M,25,"San Diego, CA",116 out of 676,98 out of 360,38 out of 121, 52.17% Place: 220,51:29 Pace: 8:18,51:29,51:29
428,Susan Kimura,F,49,"Carlsbad, CA",117 out of 676,19 out of 316,7 out of 47, 66.55% Place: 30,51:29 Pace: 8:18,51:29,51:29
1249,Katie Walsh,F,23,"San Diego, CA",118 out of 676,20 out of 316,7 out of 158, 58.92% Place: 84,51:30 Pace: 8:18,51:30,51:30
1009,Ruth Adorno,F,30,"Imperial Beach, CA",119 out of 676,21 out of 316,4 out of 81, 58.87% Place: 86,51:34 Pace: 8:18,51:34,51:34
235,David Davila,M,29,"Alpine, CA",120 out of 676,99 out of 360,39 out of 121, 52.12% Place: 223,51:34 Pace: 8:18,51:34,51:34
1010,Christian Reyes,M,29,"San Diego, CA",121 out of 676,100 out of 360,40 out of 121, 52.10% Place: 224,51:35 Pace: 8:19,51:35,51:35
343,Jimmy Haley,M,29,"San Diego, CA",122 out of 676,101 out of 360,41 out of 121, 52.02% Place: 227,51:40 Pace: 8:19,51:40,51:40
289,Dennis Frisman,M,59,"Cathedral City, CA",123 out of 676,102 out of 360,6 out of 17, 64.04% Place: 49,51:42 Pace: 8:20,51:42,51:42
1122,Jonathan Esperse,M,23,"San Diego, CA",124 out of 676,103 out of 360,42 out of 121, 51.93% Place: 231,51:43 Pace: 8:20,51:43,51:43
689,Joshua Sternbach,M,29,"San Diego, CA",125 out of 676,104 out of 360,43 out of 121, 51.85% Place: 233,51:50 Pace: 8:21,51:50,51:50
680,Tina Socha,F,49,"Poway, CA",126 out of 676,22 out of 316,8 out of 47, 66.08% Place: 36,51:51 Pace: 8:21,51:51,51:51
261,Jamie Eridon,F,29,"San Diego, CA",127 out of 676,23 out of 316,8 out of 158, 58.48% Place: 89,51:53 Pace: 8:21,51:53,51:53
163,Jonathan Boucher,M,39,"San Diego, CA",128 out of 676,105 out of 360,37 out of 131, 54.35% Place: 162,51:54 Pace: 8:22,51:54,51:54
1224,E Ln,M,37,"San Diego, CA",129 out of 676,106 out of 360,38 out of 131, 53.41% Place: 191,52:02 Pace: 8:23,52:02,52:02
440,Whitney Kuptz,F,29,"Poway, CA",130 out of 676,24 out of 316,9 out of 158, 58.31% Place: 93,52:02 Pace: 8:23,52:02,52:02
620,Vicente Rodarte,M,29,"El Paso, TX",131 out of 676,107 out of 360,44 out of 121, 51.63% Place: 236,52:03 Pace: 8:23,52:03,52:03
499,Chris McDermott,M,29,", CA",132 out of 676,108 out of 360,45 out of 121, 51.60% Place: 238,52:05 Pace: 8:23,52:05,52:05
265,Saul Estavillo,M,39,"San Ysidro, CA",133 out of 676,109 out of 360,39 out of 131, 54.14% Place: 168,52:06 Pace: 8:23,52:06,52:06
533,Babak Nejati,M,39,"San Diego, CA",134 out of 676,110 out of 360,40 out of 131, 54.09% Place: 170,52:09 Pace: 8:24,52:09,52:09
450,Rich Laws,M,39,"San Diego, CA",135 out of 676,111 out of 360,41 out of 131, 54.07% Place: 171,52:10 Pace: 8:24,52:10,52:10
342,Javad Hadi,M,39,"San Diego, CA",136 out of 676,112 out of 360,42 out of 131, 54.06% Place: 172,52:11 Pace: 8:24,52:11,52:11
551,Michael Ortega,M,29,"San Diego, CA",137 out of 676,113 out of 360,46 out of 121, 51.45% Place: 245,52:14 Pace: 8:25,52:14,52:14
520,Ivan Montoya,M,39,"San Diego, CA",138 out of 676,114 out of 360,43 out of 131, 53.97% Place: 176,52:16 Pace: 8:25,52:16,52:16
681,Steve Sorensen,M,39,"Yucaipa, CA",139 out of 676,115 out of 360,44 out of 131, 53.94% Place: 179,52:18 Pace: 8:25,52:18,52:18
301,Tj Generoso,M,29,"San Diego, CA",140 out of 676,116 out of 360,47 out of 121, 51.37% Place: 248,52:19 Pace: 8:26,52:19,52:19
1212,Paul Mugane,M,44,"Chula Vista, CA",141 out of 676,117 out of 360,13 out of 55, 55.99% Place: 128,52:19 Pace: 8:26,52:19,52:19
427,Chris Kidwell,M,49,", CA",142 out of 676,118 out of 360,14 out of 55, 58.18% Place: 94,52:21 Pace: 8:26,52:21,52:21
143,Jonathan Bell,M,29,"San Diego, CA",143 out of 676,119 out of 360,48 out of 121, 51.32% Place: 249,52:22 Pace: 8:26,52:22,52:22
754,Natasha Whisenhunt,F,29,"San Diego, CA",144 out of 676,25 out of 316,10 out of 158, 57.92% Place: 99,52:23 Pace: 8:26,52:23,52:23
317,Becky Gonzales,F,49,"San Diego, CA",145 out of 676,26 out of 316,9 out of 47, 65.36% Place: 40,52:25 Pace: 8:27,52:25,52:25
579,Amelia Poquette,F,29,"San Diego, CA",146 out of 676,27 out of 316,11 out of 158, 57.78% Place: 100,52:31 Pace: 8:27,52:31,52:31
227,Matt Cowher,M,29,"Carlsbad, CA",147 out of 676,120 out of 360,49 out of 121, 51.16% Place: 254,52:32 Pace: 8:28,52:32,52:32
1104,Alicia Torres,F,25,"San Diego, CA",148 out of 676,28 out of 316,12 out of 158, 57.76% Place: 102,52:32 Pace: 8:28,52:32,52:32
571,Walter Philips,M,59,"San Diego, CA",149 out of 676,121 out of 360,7 out of 17, 63.01% Place: 55,52:33 Pace: 8:28,52:33,52:33
1240,Lindsay Gibbons,F,22,"San Diego, CA",150 out of 676,29 out of 316,13 out of 158, 57.74% Place: 103,52:33 Pace: 8:28,52:33,52:33
1241,Phillip Samayoa,M,22,"La Jolla, CA",151 out of 676,122 out of 360,50 out of 121, 51.13% Place: 255,52:34 Pace: 8:28,52:34,52:34
397,Jeff Jordan,M,29,"San Diego, CA",152 out of 676,123 out of 360,51 out of 121, 51.08% Place: 259,52:37 Pace: 8:28,52:37,52:37
486,Andrew Martin,M,29,"San Diego, CA",153 out of 676,124 out of 360,52 out of 121, 51.00% Place: 261,52:42 Pace: 8:29,52:42,52:42
1247,Andre Harmse,M,27,"La Jolla, CA",154 out of 676,125 out of 360,53 out of 121, 50.88% Place: 262,52:47 Pace: 8:30,52:47,52:47
844,Gregory Dupraw,M,26,"Coronado, CA",155 out of 676,126 out of 360,54 out of 121, 50.87% Place: 263,52:48 Pace: 8:30,52:48,52:48
105,Allan Acevedo,M,29,"San Diego, CA",156 out of 676,127 out of 360,55 out of 121, 50.84% Place: 265,52:52 Pace: 8:31,52:52,52:52
608,Mike Richter,M,29,"San Diego, CA",157 out of 676,128 out of 360,56 out of 121, 50.79% Place: 267,52:55 Pace: 8:31,52:55,52:55
1102,Lily Kordic,F,36,"San Diego, CA",158 out of 676,30 out of 316,5 out of 81, 58.14% Place: 95,52:56 Pace: 8:32,52:56,52:56
802,Adrian Ortiz,M,37,"San Diego, CA",159 out of 676,129 out of 360,45 out of 131, 52.36% Place: 210,53:05 Pace: 8:33,53:05,53:05
359,Helen Hayden-Wade,F,49,"San Diego, CA",160 out of 676,31 out of 316,10 out of 47, 64.40% Place: 46,53:12 Pace: 8:34,53:12,53:12
471,Tammy Livingston,F,29,"Encinitas, CA",161 out of 676,32 out of 316,14 out of 158, 56.93% Place: 117,53:18 Pace: 8:35,53:18,53:18
508,Edward Mendoza,M,49,"San Diego, CA",162 out of 676,130 out of 360,15 out of 55, 57.13% Place: 111,53:19 Pace: 8:35,53:19,53:19
264,Guillermo Espinoza,M,29,"Escondido, CA",163 out of 676,131 out of 360,57 out of 121, 50.31% Place: 284,53:25 Pace: 8:36,53:25,53:25
373,Jesse Hodge,M,29,"San Diego, CA",164 out of 676,132 out of 360,58 out of 121, 50.28% Place: 287,53:27 Pace: 8:37,53:27,53:27
314,Danny Gomez,M,29,"San Diego, CA",165 out of 676,133 out of 360,59 out of 121, 50.27% Place: 289,53:28 Pace: 8:37,53:28,53:28
806,Henry Dunphy,M,28,"San Diego, CA",166 out of 676,134 out of 360,60 out of 121, 50.20% Place: 294,53:30 Pace: 8:37,53:30,53:30
131,Joshua Baker,M,29,"San Diego, CA",167 out of 676,135 out of 360,61 out of 121, 50.23% Place: 291,53:30 Pace: 8:37,53:30,53:30
687,Joshua Stanley,M,29,"San Diego, CA",168 out of 676,136 out of 360,62 out of 121, 50.23% Place: 290,53:30 Pace: 8:37,53:30,53:30
550,Andrea Ortega,F,39,"San Diego, CA",169 out of 676,33 out of 316,6 out of 81, 58.36% Place: 92,53:32 Pace: 8:37,53:32,53:32
810,Mark Avery,M,38,"Fountain Hills, AZ",170 out of 676,137 out of 360,46 out of 131, 52.24% Place: 218,53:37 Pace: 8:38,53:37,53:37
690,Kelley Stewart,F,29,"San Diego, CA",171 out of 676,34 out of 316,15 out of 158, 56.56% Place: 120,53:39 Pace: 8:38,53:39,53:39
589,John Purcell,M,29,"San Diego, CA",172 out of 676,138 out of 360,63 out of 121, 50.06% Place: 301,53:41 Pace: 8:39,53:41,53:41
617,Jeffrey Rodarte,M,29,"El Paso, TX",173 out of 676,139 out of 360,64 out of 121, 50.05% Place: 302,53:42 Pace: 8:39,53:42,53:42
1023,Ricardo Gahbler,M,43,"San Diego, CA",174 out of 676,140 out of 360,16 out of 55, 54.03% Place: 174,53:49 Pace: 8:40,53:49,53:49
493,Samuel Mazzeo,M,29,"San Diego, CA",175 out of 676,141 out of 360,65 out of 121, 49.89% Place: 305,53:52 Pace: 8:41,53:52,53:52
287,Ken Frazier,M,69,"San Diego, CA",176 out of 676,142 out of 360,2 out of 6, 67.20% Place: 25,53:59 Pace: 8:42,53:59,53:59
600,Brendan Reed,M,39,"San Diego, CA",177 out of 676,143 out of 360,47 out of 131, 52.13% Place: 222,54:07 Pace: 8:43,54:07,54:07
167,Amanda Brainerd,F,49,", CA",178 out of 676,35 out of 316,11 out of 47, 63.31% Place: 54,54:07 Pace: 8:43,54:07,54:07
1028,Gary Hammond,M,53,"Jacksonville, FL",179 out of 676,144 out of 360,8 out of 17, 58.12% Place: 96,54:08 Pace: 8:43,54:08,54:08
1222,Kent Blade,M,44,"San Diego, CA",180 out of 676,145 out of 360,17 out of 55, 54.11% Place: 169,54:08 Pace: 8:43,54:08,54:08
220,Steven Cooper,M,39,"San Diego, CA",181 out of 676,146 out of 360,48 out of 131, 52.09% Place: 225,54:09 Pace: 8:43,54:09,54:09
544,Daniel O'Brien,M,49,"San Diego, CA",182 out of 676,147 out of 360,18 out of 55, 56.18% Place: 123,54:13 Pace: 8:44,54:13,54:13
831,Mallory Serbin,F,23,"San Diego, CA",183 out of 676,36 out of 316,16 out of 158, 55.97% Place: 129,54:13 Pace: 8:44,54:13,54:13
532,Chris Neidlinger,M,39,"San Diego, CA",184 out of 676,148 out of 360,49 out of 131, 51.93% Place: 232,54:19 Pace: 8:45,54:19,54:19
820,Ibzan Rodriguez,M,31,"San Diego, CA",185 out of 676,149 out of 360,50 out of 131, 49.68% Place: 315,54:20 Pace: 8:45,54:20,54:20
604,Paulo Ribeiro,M,49,"San Diego, CA",186 out of 676,150 out of 360,19 out of 55, 56.03% Place: 126,54:22 Pace: 8:45,54:22,54:22
669,Erica Silvas,F,29,"La Mesa, CA",187 out of 676,37 out of 316,17 out of 158, 55.69% Place: 134,54:29 Pace: 8:46,54:29,54:29
727,Dan Valins,M,39,"San Diego, CA",188 out of 676,151 out of 360,51 out of 131, 51.74% Place: 234,54:31 Pace: 8:47,54:31,54:31
733,Daniel Villalobos,M,19,"Temecula, CA",189 out of 676,152 out of 360,6 out of 14, 50.31% Place: 285,54:33 Pace: 8:47,54:33,54:33
522,Matthew Mugglebee,M,0,"San Diego, CA",190 out of 676,153 out of 360,0 out of 0,54:34 Pace: 8:47,54:34,54:34
108,Jason Adams,M,39,"San Diego, CA",191 out of 676,154 out of 360,52 out of 131, 51.63% Place: 237,54:38 Pace: 8:48,54:38,54:38
312,Karl Goins,M,0,"San Diego, CA",192 out of 676,155 out of 360,0 out of 0,54:38 Pace: 8:48,54:38,54:38
226,Rafael Cosman,M,19,"La Jolla, CA",193 out of 676,156 out of 360,7 out of 14, 50.18% Place: 295,54:41 Pace: 8:49,54:41,54:41
225,Bard Cosman,M,49,"La Jolla, CA",194 out of 676,157 out of 360,20 out of 55, 55.70% Place: 133,54:41 Pace: 8:49,54:41,54:41
751,Aki Wen,M,29,"Carlsbad, CA",195 out of 676,158 out of 360,66 out of 121, 49.13% Place: 334,54:42 Pace: 8:49,54:42,54:42
304,Jonathan George,M,39,"San Diego, CA",196 out of 676,159 out of 360,53 out of 131, 51.55% Place: 239,54:43 Pace: 8:49,54:43,54:43
1016,Paul Wisniewsk,M,41,"San Diego, CA",197 out of 676,160 out of 360,21 out of 55, 52.30% Place: 213,54:44 Pace: 8:49,54:44,54:44
496,Daniel McClelland,M,29,"San Diego, CA",198 out of 676,161 out of 360,67 out of 121, 49.07% Place: 340,54:46 Pace: 8:49,54:46,54:46
563,Valerie Pekar,F,29,"San Diego, CA",199 out of 676,38 out of 316,18 out of 158, 55.39% Place: 140,54:47 Pace: 8:49,54:47,54:47
435,Flemming Klausen,M,49,"San Diego, CA",200 out of 676,162 out of 360,22 out of 55, 55.60% Place: 136,54:47 Pace: 8:49,54:47,54:47
621,Valerie Rodarte-Buchino,F,49,"El Paso, TX",601 out of 676,267 out of 316,40 out of 47, 45.13% Place: 445,1:15:55 Pace: 12:13,1:15:55,1:15:55
766,Susan Woo,F,29,"San Diego, CA",602 out of 676,268 out of 316,137 out of 158, 39.96% Place: 573,1:15:56 Pace: 12:14,1:15:56,1:15:56
747,Eileen Webb,F,39,"San Diego, CA",603 out of 676,269 out of 316,67 out of 81, 41.10% Place: 550,1:16:01 Pace: 12:14,1:16:01,1:16:01
1211,Mark Strauss,M,50,"Escondido, CA",604 out of 676,335 out of 360,16 out of 17, 40.37% Place: 565,1:16:03 Pace: 12:15,1:16:03,1:16:03
307,Teresa Giago,F,49,"Encinitas, CA",605 out of 676,270 out of 316,41 out of 47, 44.97% Place: 449,1:16:11 Pace: 12:16,1:16:11,1:16:11
439,Mitchell Krstovski,M,29,"Escondido, CA",606 out of 676,336 out of 360,117 out of 121, 35.26% Place: 640,1:16:13 Pace: 12:16,1:16:13,1:16:13
861,Allan Seicament,M,0,"San Diego, CA",607 out of 676,337 out of 360,0 out of 0,1:16:24 Pace: 12:18,1:16:24,1:16:24
498,Ed McCoy,M,49,"Escondido, CA",608 out of 676,338 out of 360,51 out of 55, 39.86% Place: 576,1:16:25 Pace: 12:18,1:16:25,1:16:25
851,Nicole Mark,F,17,"Chula Vista, CA",609 out of 676,271 out of 316,8 out of 10, 40.52% Place: 561,1:16:29 Pace: 12:19,1:16:29,1:16:29
835,Ashley Ortiz,F,16,"Chula Vista, CA",610 out of 676,272 out of 316,9 out of 10, 41.04% Place: 553,1:16:29 Pace: 12:19,1:16:29,1:16:29
856,Pedro Rodriguez,M,24,"San Diego, CA",611 out of 676,339 out of 360,118 out of 121, 34.98% Place: 643,1:16:47 Pace: 12:22,1:16:47,1:16:47
858,Ashley Moorhouse,F,25,"San Diego, CA",612 out of 676,273 out of 316,138 out of 158, 39.49% Place: 581,1:16:50 Pace: 12:22,1:16:50,1:16:50
822,Thesa Nguyen,F,35,"Escondido, CA",613 out of 676,274 out of 316,68 out of 81, 39.88% Place: 575,1:16:52 Pace: 12:23,1:16:52,1:16:52
652,Rebecca Schaferkotter,F,29,"Oceanside, CA",614 out of 676,275 out of 316,139 out of 158, 39.30% Place: 584,1:17:12 Pace: 12:26,1:17:12,1:17:12
434,Andrew Klapoetke-Reese,M,49,"San Diego, CA",615 out of 676,340 out of 360,52 out of 55, 39.45% Place: 582,1:17:12 Pace: 12:26,1:17:12,1:17:12
141,Erin Becker,F,29,"La Jolla, CA",616 out of 676,276 out of 316,140 out of 158, 39.26% Place: 586,1:17:16 Pace: 12:27,1:17:16,1:17:16
338,Shirley Guiducci,F,49,"La Mesa, CA",617 out of 676,277 out of 316,42 out of 47, 44.33% Place: 462,1:17:17 Pace: 12:27,1:17:17,1:17:17
834,Amanda Mizell,F,27,"San Diego, CA",618 out of 676,278 out of 316,141 out of 158, 39.24% Place: 587,1:17:19 Pace: 12:27,1:17:19,1:17:19
337,Dale Guiducci,M,59,"La Mesa, CA",619 out of 676,341 out of 360,17 out of 17, 42.76% Place: 511,1:17:26 Pace: 12:28,1:17:26,1:17:26
803,Nina Vosburgh,F,28,"San Diego, CA",620 out of 676,279 out of 316,142 out of 158, 38.83% Place: 597,1:18:08 Pace: 12:35,1:18:08,1:18:08
809,Sharon Martin,F,42,"San Diego, CA",621 out of 676,280 out of 316,43 out of 47, 40.81% Place: 557,1:18:09 Pace: 12:35,1:18:09,1:18:09
355,Lauren Jane Hartig,F,39,"La Jolla, CA",622 out of 676,281 out of 316,69 out of 81, 39.93% Place: 574,1:18:14 Pace: 12:36,1:18:14,1:18:14
1257,Nmy Kay,M,19,"San Diego, CA",623 out of 676,342 out of 360,14 out of 14, 35.04% Place: 641,1:18:18 Pace: 12:37,1:18:18,1:18:18
684,Pamela Specht,F,39,"Escondido, CA",624 out of 676,282 out of 316,70 out of 81, 39.83% Place: 577,1:18:26 Pace: 12:38,1:18:26,1:18:26
849,Renielle Calpito,F,26,"San Diego, CA",625 out of 676,283 out of 316,143 out of 158, 38.64% Place: 600,1:18:31 Pace: 12:39,1:18:31,1:18:31
848,Felirose Dolor,F,24,"San Diego, CA",626 out of 676,284 out of 316,144 out of 158, 38.63% Place: 601,1:18:32 Pace: 12:39,1:18:32,1:18:32
146,Jay Benitez,M,39,"San Diego, CA",627 out of 676,343 out of 360,124 out of 131, 35.88% Place: 635,1:18:37 Pace: 12:39,1:18:37,1:18:37
175,Saul Cabrera,M,29,"Escondido, CA",628 out of 676,344 out of 360,119 out of 121, 34.16% Place: 648,1:18:40 Pace: 12:40,1:18:40,1:18:40
660,Ana Shapiro,F,39,"San Diego, CA",629 out of 676,285 out of 316,71 out of 81, 39.70% Place: 579,1:18:41 Pace: 12:40,1:18:41,1:18:41
1115,Tonya Cross,F,36,"San Diego, CA",630 out of 676,286 out of 316,72 out of 81, 39.09% Place: 589,1:18:44 Pace: 12:41,1:18:44,1:18:44
662,Terry Sharp,M,49,"Lakeside, CA",631 out of 676,345 out of 360,53 out of 55, 38.64% Place: 599,1:18:49 Pace: 12:41,1:18:49,1:18:49
863,Stephanee Thompson,F,28,"Santee, CA",632 out of 676,287 out of 316,145 out of 158, 38.42% Place: 606,1:18:58 Pace: 12:43,1:18:58,1:18:58
868,Santiago Rodriguez,M,0,", CA",633 out of 676,346 out of 360,0 out of 0,1:19:01 Pace: 12:43,1:19:01,1:19:01
293,Irasema Gamino,F,29,"San Ysidro, CA",634 out of 676,288 out of 316,146 out of 158, 38.38% Place: 607,1:19:03 Pace: 12:44,1:19:03,1:19:03
695,Joanne Stout,F,39,"San Diego, CA",635 out of 676,289 out of 316,73 out of 81, 39.44% Place: 583,1:19:12 Pace: 12:45,1:19:12,1:19:12
295,Marcela Garcia,F,29,"San Diego, CA",636 out of 676,290 out of 316,147 out of 158, 38.16% Place: 610,1:19:31 Pace: 12:48,1:19:31,1:19:31
259,Atlas Eftekhari,F,39,"San Diego, CA",637 out of 676,291 out of 316,74 out of 81, 39.18% Place: 588,1:19:44 Pace: 12:50,1:19:44,1:19:44
816,Victoriano Diaz,M,35,"San Diego, CA",638 out of 676,347 out of 360,125 out of 131, 34.36% Place: 646,1:19:51 Pace: 12:51,1:19:51,1:19:51
745,Matthew Warner,M,29,", CA",639 out of 676,348 out of 360,120 out of 121, 33.63% Place: 650,1:19:54 Pace: 12:52,1:19:54,1:19:54
469,Walter Liou,M,29,"San Diego, CA",640 out of 676,349 out of 360,121 out of 121, 33.63% Place: 651,1:19:55 Pace: 12:52,1:19:55,1:19:55
811,Sally Hanami,F,44,"Oceanside, CA",641 out of 676,292 out of 316,44 out of 47, 40.56% Place: 560,1:19:56 Pace: 12:52,1:19:56,1:19:56
519,Parisa Mohammad,F,29,"San Diego, CA",642 out of 676,293 out of 316,148 out of 158, 37.94% Place: 612,1:19:58 Pace: 12:53,1:19:58,1:19:58
634,Salvador Rubio-Fleischer,M,39,"San Diego, CA",643 out of 676,350 out of 360,126 out of 131, 35.27% Place: 639,1:19:58 Pace: 12:53,1:19:58,1:19:58
106,Martha Acevedo,F,29,"Upland, CA",644 out of 676,294 out of 316,149 out of 158, 37.89% Place: 613,1:20:05 Pace: 12:54,1:20:05,1:20:05
357,Michelle Hartwig,F,39,"Fresno, CA",645 out of 676,295 out of 316,75 out of 81, 38.97% Place: 594,1:20:10 Pace: 12:55,1:20:10,1:20:10
405,Tom Kampfer,M,49,"San Diego, CA",646 out of 676,351 out of 360,54 out of 55, 37.97% Place: 611,1:20:13 Pace: 12:55,1:20:13,1:20:13
685,Ruth Spillane,F,29,"San Diego, CA",647 out of 676,296 out of 316,150 out of 158, 37.74% Place: 616,1:20:23 Pace: 12:57,1:20:23,1:20:23
352,Tim Harmon,M,39,"San Diego, CA",648 out of 676,352 out of 360,127 out of 131, 35.01% Place: 642,1:20:34 Pace: 12:58,1:20:34,1:20:34
1239,Brittany Wiczek,F,23,"San Diego, CA",649 out of 676,297 out of 316,151 out of 158, 37.66% Place: 617,1:20:34 Pace: 12:58,1:20:34,1:20:34
404,Kristina Kampfer,F,19,"San Diego, CA",650 out of 676,298 out of 316,10 out of 10, 37.77% Place: 615,1:20:38 Pace: 12:59,1:20:38,1:20:38
185,Alisha Cartamil,F,39,"Encinitas, CA",651 out of 676,299 out of 316,76 out of 81, 38.52% Place: 605,1:21:06 Pace: 13:04,1:21:06,1:21:06
1123,Ed Yonemitsu,M,38,"Santee, CA",652 out of 676,353 out of 360,128 out of 131, 34.41% Place: 645,1:21:23 Pace: 13:06,1:21:23,1:21:23
286,Katherine Fortner,F,29,"San Diego, CA",653 out of 676,300 out of 316,152 out of 158, 37.26% Place: 621,1:21:25 Pace: 13:07,1:21:25,1:21:25
1032,Danica Hand,F,40,"Cerritos, CA",654 out of 676,301 out of 316,45 out of 47, 38.35% Place: 608,1:21:56 Pace: 13:12,1:21:56,1:21:56
454,Ken Leake,M,49,"San Diego, CA",655 out of 676,354 out of 360,55 out of 55, 36.85% Place: 627,1:22:39 Pace: 13:18,1:22:39,1:22:39
1138,Carmel Erber,F,32,"San Diego, CA",656 out of 676,302 out of 316,77 out of 81, 36.71% Place: 628,1:22:53 Pace: 13:21,1:22:53,1:22:53
1139,Rachel Lehman,F,22,"San Diego, CA",657 out of 676,303 out of 316,153 out of 158, 36.60% Place: 630,1:22:53 Pace: 13:21,1:22:53,1:22:53
1251,Michal Escobar,F,28,"San Diego, CA",658 out of 676,304 out of 316,154 out of 158, 36.60% Place: 631,1:22:54 Pace: 13:21,1:22:54,1:22:54
237,Glenda De Anda,F,29,"Escondido, CA",659 out of 676,305 out of 316,155 out of 158, 36.37% Place: 632,1:23:25 Pace: 13:26,1:23:25,1:23:25
284,Marylupe Flores,F,49,"Chula Vista, CA",660 out of 676,306 out of 316,46 out of 47, 40.19% Place: 571,1:25:14 Pace: 13:43,1:25:14,1:25:14
111,Jessica Aguirre,F,29,"Escondido, CA",661 out of 676,307 out of 316,156 out of 158, 35.47% Place: 637,1:25:32 Pace: 13:46,1:25:32,1:25:32
553,Juliana Ortiz,F,29,"Escondido, CA",662 out of 676,308 out of 316,157 out of 158, 35.46% Place: 638,1:25:33 Pace: 13:46,1:25:33,1:25:33
333,Stacee Groff,F,39,"San Diego, CA",663 out of 676,309 out of 316,78 out of 81, 36.11% Place: 634,1:26:31 Pace: 13:56,1:26:31,1:26:31
114,Dane Alexander,M,0,"La Jolla, CA",664 out of 676,355 out of 360,0 out of 0,1:28:05 Pace: 14:11,1:28:05,1:28:05
115,Ted Alexander,M,0,"La Jolla, CA",665 out of 676,356 out of 360,0 out of 0,1:28:05 Pace: 14:11,1:28:05,1:28:05
708,Patty Thompson,F,59,"Escondido, CA",666 out of 676,310 out of 316,10 out of 11, 44.13% Place: 471,1:28:32 Pace: 14:15,1:28:32,1:28:32
1024,Richard Gardner,M,75,"San Diego, CA",667 out of 676,357 out of 360,2 out of 2, 44.13% Place: 473,1:29:23 Pace: 14:23,1:29:23,1:29:23
731,Rocio Vega,F,39,"San Diego, CA",668 out of 676,311 out of 316,79 out of 81, 34.63% Place: 644,1:30:13 Pace: 14:31,1:30:13,1:30:13
183,Sharon Carrington,F,39,"San Diego, CA",669 out of 676,312 out of 316,80 out of 81, 34.32% Place: 647,1:31:01 Pace: 14:39,1:31:01,1:31:01
824,Ramona Matsushima,F,48,"San Diego, CA",670 out of 676,313 out of 316,47 out of 47, 37.04% Place: 625,1:31:21 Pace: 14:42,1:31:21,1:31:21
313,Claudia Gomez,F,29,"Chula Vista, CA",671 out of 676,314 out of 316,158 out of 158, 33.12% Place: 652,1:31:36 Pace: 14:45,1:31:36,1:31:36
292,Denise Gallagher,F,59,"San Diego, CA",672 out of 676,315 out of 316,11 out of 11, 42.55% Place: 513,1:31:50 Pace: 14:47,1:31:50,1:31:50
425,Zakiya Khabir,F,39,"San Diego, CA",673 out of 676,316 out of 316,81 out of 81, 33.67% Place: 649,1:32:47 Pace: 14:56,1:32:47,1:32:47
243,Peter Devito,M,39,"San Diego, CA",674 out of 676,358 out of 360,129 out of 131, 29.44% Place: 653,1:35:49 Pace: 15:26,1:35:49,1:35:49
485,Timothy Marquis,M,39,"San Diego, CA",675 out of 676,359 out of 360,130 out of 131, 24.19% Place: 654,1:56:37 Pace: 18:47,1:56:37,1:56:37
866,Teodoro Martinez,M,31,"San Diego, CA",676 out of 676,360 out of 360,131 out of 131, 23.14% Place: 655,1:56:37 Pace: 18:47,1:56:37,1:56:37
