Bib,Name,Gender,Age,Hometown,Overall,Men,M 30-39,Age/Grade,Finish,Chip Time,Gun Time
810,Ciro Melendez,M,37,"San Diego, CA",1 out of 614,1 out of 296,1 out of 98, 79.84% Place: 1,34:49 Pace: 5:37,34:49,34:49
490,Eric Martin,M,29,"La Jolla, CA",2 out of 614,2 out of 296,1 out of 110, 77.17% Place: 2,34:50 Pace: 5:37,34:50,34:50
360,Jason Hickman,M,39,"Coronado, CA",3 out of 614,3 out of 296,2 out of 98, 76.91% Place: 4,36:41 Pace: 5:55,36:41,36:42
191,James Cekola,M,29,"San Diego, CA",4 out of 614,4 out of 296,2 out of 110, 72.91% Place: 15,36:52 Pace: 5:56,36:52,36:53
587,Billy Perkins,M,39,"Oceanside, CA",5 out of 614,5 out of 296,3 out of 98, 75.91% Place: 6,37:10 Pace: 5:59,37:10,37:10
903,Justin Wolfe,M,33,"San Diego, CA",6 out of 614,6 out of 296,4 out of 98, 73.03% Place: 13,37:13 Pace: 6:00,37:13,37:13
331,Adam Greene,M,39,"San Diego, CA",7 out of 614,7 out of 296,5 out of 98, 75.77% Place: 7,37:14 Pace: 6:00,37:14,37:14
535,Stephen Morris,M,29,"La Jolla, CA",8 out of 614,8 out of 296,3 out of 110, 69.51% Place: 25,38:40 Pace: 6:14,38:40,38:40
881,Kevin Gordon,M,33,"San Diego, CA",9 out of 614,9 out of 296,6 out of 98, 70.11% Place: 24,38:46 Pace: 6:15,38:46,38:46
125,Bruce Bair,M,49,"Santa Monica, CA",10 out of 614,10 out of 296,1 out of 36, 77.02% Place: 3,39:33 Pace: 6:22,39:33,39:34
803,Mike Houda,M,27,"San Diego, CA",11 out of 614,11 out of 296,4 out of 110, 67.83% Place: 28,39:36 Pace: 6:23,39:36,39:36
675,Brendan Seely,M,39,"La Jolla, CA",12 out of 614,12 out of 296,7 out of 98, 70.88% Place: 21,39:48 Pace: 6:25,39:48,39:52
816,Brad Schoultz,M,26,"San Diego, CA",13 out of 614,13 out of 296,5 out of 110, 67.21% Place: 32,39:58 Pace: 6:26,39:58,40:01
873,Jeff McKnight,M,27,"San Diego, CA",14 out of 614,14 out of 296,6 out of 110, 66.21% Place: 38,40:34 Pace: 6:32,40:34,40:35
340,Matt Hall,M,29,"La Jolla, CA",15 out of 614,15 out of 296,7 out of 110, 66.20% Place: 39,40:36 Pace: 6:33,40:36,40:49
477,Anthony Lupian,M,29,"San Diego, CA",16 out of 614,16 out of 296,8 out of 110, 66.07% Place: 42,40:41 Pace: 6:33,40:41,42:51
718,Robert Tew,M,29,"Lemon Grove, CA",17 out of 614,17 out of 296,9 out of 110, 65.18% Place: 48,41:14 Pace: 6:39,41:14,41:14
465,Rich Ligato,M,49,"Chula Vista, CA",18 out of 614,18 out of 296,2 out of 36, 73.55% Place: 11,41:25 Pace: 6:40,41:25,41:25
728,Gerald Trieb,M,29,"San Diego, CA",19 out of 614,19 out of 296,10 out of 110, 64.38% Place: 55,41:45 Pace: 6:44,41:45,41:59
752,Christopher Walden,M,39,"San Diego, CA",20 out of 614,20 out of 296,8 out of 98, 67.54% Place: 29,41:46 Pace: 6:44,41:46,41:47
195,Anne Charles,F,19,"Encinitas, CA",21 out of 614,1 out of 318,1 out of 8, 72.27% Place: 18,42:16 Pace: 6:48,42:09,42:16
635,Joshua Romero,M,29,"San Diego, CA",22 out of 614,21 out of 296,11 out of 110, 63.29% Place: 64,42:28 Pace: 6:50,42:28,42:40
372,Virgilio Huerta,M,0,"San Diego, CA",23 out of 614,22 out of 296,0 out of 0,42:37 Pace: 6:52,42:37,42:38
326,Mark Gorence,M,49,"San Diego, CA",24 out of 614,23 out of 296,3 out of 36, 71.23% Place: 20,42:46 Pace: 6:53,42:46,43:13
755,Matthew Walther,M,29,"San Diego, CA",25 out of 614,24 out of 296,12 out of 110, 62.85% Place: 67,42:46 Pace: 6:53,42:46,42:48
590,Richard Pfeiffer,M,59,"Carlsbad, CA",26 out of 614,25 out of 296,1 out of 24, 76.21% Place: 5,43:27 Pace: 7:00,43:27,43:28
512,Humberto Medina,M,39,"San Diego, CA",27 out of 614,26 out of 296,9 out of 98, 64.75% Place: 50,43:34 Pace: 7:01,43:34,43:34
789,Luis Ynigo,M,29,"San Diego, CA",28 out of 614,27 out of 296,13 out of 110, 61.60% Place: 81,43:38 Pace: 7:02,43:38,43:47
906,Ernie Macnamara,M,36,"San Diego, CA",29 out of 614,28 out of 296,10 out of 98, 63.16% Place: 66,43:43 Pace: 7:02,43:43,43:52
378,Joerg Ineichen,M,39,"San Diego, CA",30 out of 614,29 out of 296,11 out of 98, 64.29% Place: 57,43:53 Pace: 7:04,43:53,43:53
877,Michael Focht,M,22,"San Diego, CA",31 out of 614,30 out of 296,14 out of 110, 61.11% Place: 83,43:59 Pace: 7:05,43:59,43:59
179,Luis Calderon,M,39,"Chula Vista, CA",32 out of 614,31 out of 296,12 out of 98, 64.12% Place: 59,44:00 Pace: 7:05,44:00,44:01
918,Jeffrey Maloy,M,19,"San Diego, CA",33 out of 614,32 out of 296,1 out of 10, 62.23% Place: 72,44:06 Pace: 7:06,44:06,44:06
817,Kevin Ellermeier,M,27,"San Diego, CA",34 out of 614,33 out of 296,15 out of 110, 60.70% Place: 88,44:15 Pace: 7:08,44:15,44:15
278,Andre Estrada,M,29,"San Diego, CA",35 out of 614,34 out of 296,16 out of 110, 60.72% Place: 87,44:16 Pace: 7:08,44:16,44:16
198,Jeff Charles,M,59,"Encinitas, CA",36 out of 614,35 out of 296,2 out of 24, 74.75% Place: 8,44:18 Pace: 7:08,44:18,44:25
692,Aaron Smallets,M,29,"San Diego, CA",37 out of 614,36 out of 296,17 out of 110, 59.95% Place: 93,44:50 Pace: 7:13,44:50,44:59
820,Keizo Amakawa,M,49,"Encinitas, CA",38 out of 614,37 out of 296,4 out of 36, 67.84% Place: 27,44:54 Pace: 7:14,44:54,44:54
757,Mark Warble,M,29,"San Diego, CA",39 out of 614,38 out of 296,18 out of 110, 59.57% Place: 99,45:07 Pace: 7:16,45:07,45:09
767,John Wickersham,M,59,"Lakeside, CA",40 out of 614,39 out of 296,3 out of 24, 73.28% Place: 12,45:11 Pace: 7:17,45:11,45:11
341,David Hanlon,M,39,"Vista, CA",41 out of 614,40 out of 296,13 out of 98, 62.41% Place: 71,45:12 Pace: 7:17,45:12,45:12
916,Andrew Poast,M,32,"San Diego, CA",42 out of 614,41 out of 296,14 out of 98, 59.64% Place: 98,45:24 Pace: 7:19,45:24,45:24
919,Michael Wilson,M,31,"San Diego, CA",43 out of 614,42 out of 296,15 out of 98, 59.33% Place: 106,45:30 Pace: 7:20,45:30,45:31
735,Martin Twite,M,59,"San Diego, CA",44 out of 614,43 out of 296,4 out of 24, 72.69% Place: 16,45:33 Pace: 7:20,45:33,45:36
136,Doug Baxter,M,39,"San Diego, CA",45 out of 614,44 out of 296,16 out of 98, 61.84% Place: 77,45:37 Pace: 7:21,45:37,45:40
347,Johannes Harmse,M,29,"La Jolla, CA",46 out of 614,45 out of 296,19 out of 110, 58.92% Place: 112,45:37 Pace: 7:21,45:37,45:37
676,Luis Segovia,M,39,"San Diego, CA",47 out of 614,46 out of 296,17 out of 98, 61.80% Place: 78,45:39 Pace: 7:21,45:39,45:45
169,Eric Brzezinski,M,29,"San Diego, CA",48 out of 614,47 out of 296,20 out of 110, 58.85% Place: 115,45:40 Pace: 7:21,45:40,46:01
594,Cuong Phung,M,49,"San Diego, CA",49 out of 614,48 out of 296,5 out of 36, 66.65% Place: 34,45:42 Pace: 7:22,45:42,45:42
152,Jason Blitz,M,49,"San Diego, CA",50 out of 614,49 out of 296,6 out of 36, 66.65% Place: 35,45:42 Pace: 7:22,45:42,45:53
825,Frank Santana,M,27,"San Diego, CA",51 out of 614,50 out of 296,21 out of 110, 58.60% Place: 121,45:50 Pace: 7:23,45:50,45:50
438,David Ko,M,29,"San Diego, CA",52 out of 614,51 out of 296,22 out of 110, 58.53% Place: 123,45:55 Pace: 7:24,45:55,45:55
130,Maura Bannon,F,29,"San Diego, CA",53 out of 614,2 out of 318,1 out of 160, 66.09% Place: 40,45:55 Pace: 7:24,45:55,45:57
822,Rachel Williams,F,21,"San Diego, CA",54 out of 614,3 out of 318,2 out of 160, 66.09% Place: 41,45:55 Pace: 7:24,45:55,45:57
197,Edward Charles,M,19,"Encinitas, CA",55 out of 614,52 out of 296,2 out of 10, 59.68% Place: 97,45:59 Pace: 7:24,45:59,46:06
646,Erilynn Russo,F,29,"La Jolla, CA",56 out of 614,4 out of 318,3 out of 160, 65.26% Place: 47,46:30 Pace: 7:29,46:30,46:39
763,Traci Wetzel,F,29,"Santee, CA",57 out of 614,5 out of 318,4 out of 160, 64.81% Place: 49,46:49 Pace: 7:32,46:49,47:13
1080,Aaron Paulk,M,27,"San Diego, CA",58 out of 614,53 out of 296,23 out of 110, 57.27% Place: 150,46:54 Pace: 7:33,46:54,46:54
802,Miguel Mata,M,46,"San Diego, CA",59 out of 614,54 out of 296,7 out of 36, 63.26% Place: 65,47:01 Pace: 7:34,47:01,47:03
1053,Terrence Coleman,M,28,"San Diego, CA",60 out of 614,55 out of 296,24 out of 110, 57.09% Place: 154,47:03 Pace: 7:35,47:03,47:12
1087,Jessica Wei,F,30,"San Diego, CA",61 out of 614,6 out of 318,1 out of 81, 64.41% Place: 53,47:08 Pace: 7:35,47:08,47:29
1088,Nathan Hausch,M,27,"Fallbrook, CA",62 out of 614,56 out of 296,25 out of 110, 56.99% Place: 155,47:08 Pace: 7:36,47:08,47:21
862,Dean Andreuzzi,M,34,"San Diego, CA",63 out of 614,57 out of 296,18 out of 98, 57.89% Place: 142,47:09 Pace: 7:36,47:09,47:26
464,Amanda Ligato,F,49,"San Diego, CA",64 out of 614,7 out of 318,1 out of 40, 72.59% Place: 17,47:12 Pace: 7:36,47:12,47:12
743,Elisa Valverde,F,29,"San Diego, CA",65 out of 614,8 out of 318,5 out of 160, 64.22% Place: 58,47:15 Pace: 7:37,47:15,47:15
893,Jose Ramos,M,32,"San Diego, CA",66 out of 614,58 out of 296,19 out of 98, 57.26% Place: 151,47:17 Pace: 7:37,47:17,47:22
732,Chris Tuazon,M,29,"San Marcos, CA",67 out of 614,59 out of 296,26 out of 110, 56.68% Place: 160,47:25 Pace: 7:38,47:25,47:27
204,Kendall Chuang,M,29,"San Diego, CA",68 out of 614,60 out of 296,27 out of 110, 56.64% Place: 163,47:27 Pace: 7:39,47:27,47:29
1065,Matt Ashcraft,M,32,"San Diego, CA",69 out of 614,61 out of 296,20 out of 98, 56.98% Place: 156,47:31 Pace: 7:39,47:31,47:32
787,Jordan Yamamoto,M,29,"Rancho Palos Verdes, CA",70 out of 614,62 out of 296,28 out of 110, 56.48% Place: 165,47:35 Pace: 7:40,47:35,47:37
250,Eric Delgadillo,M,29,"San Diego, CA",71 out of 614,63 out of 296,29 out of 110, 56.25% Place: 174,47:47 Pace: 7:42,47:47,48:03
1082,Ryan Roemer,M,31,"San Diego, CA",72 out of 614,64 out of 296,21 out of 98, 56.45% Place: 167,47:49 Pace: 7:42,47:49,47:54
488,Amber Martin,F,29,"San Diego, CA",73 out of 614,9 out of 318,6 out of 160, 63.30% Place: 63,47:56 Pace: 7:43,47:56,47:57
423,Brian Kelly,M,49,"San Diego, CA",74 out of 614,65 out of 296,8 out of 36, 63.55% Place: 62,47:56 Pace: 7:43,47:56,47:59
232,Johnie Crum,M,29,"San Diego, CA",75 out of 614,66 out of 296,30 out of 110, 55.95% Place: 180,48:02 Pace: 7:44,48:02,48:19
324,Brad Gooslin,M,39,"San Diego, CA",76 out of 614,67 out of 296,22 out of 98, 58.69% Place: 118,48:04 Pace: 7:45,48:04,48:05
159,Robert Brackett,M,39,"Carlsbad, CA",77 out of 614,68 out of 296,23 out of 98, 58.69% Place: 117,48:04 Pace: 7:45,48:04,48:26
328,Benjamin Graubart,M,19,"La Jolla, CA",78 out of 614,69 out of 296,3 out of 10, 56.86% Place: 158,48:16 Pace: 7:46,48:16,48:37
830,Peter Allen,M,43,"San Diego, CA",79 out of 614,70 out of 296,9 out of 36, 60.24% Place: 92,48:16 Pace: 7:47,48:16,48:22
220,J Allegra Conway,F,29,"San Diego, CA",80 out of 614,10 out of 318,7 out of 160, 62.85% Place: 68,48:17 Pace: 7:47,48:17,48:18
165,Daniel Broderick,M,39,"Del Mar, CA",81 out of 614,71 out of 296,24 out of 98, 58.34% Place: 128,48:21 Pace: 7:47,48:21,48:33
380,Justin Inman,M,29,"San Diego, CA",82 out of 614,72 out of 296,31 out of 110, 55.53% Place: 185,48:24 Pace: 7:48,48:24,48:24
322,Liz Gonzalez,F,29,"San Diego, CA",83 out of 614,11 out of 318,8 out of 160, 62.69% Place: 69,48:24 Pace: 7:48,48:24,48:26
717,John Tew,M,0,"Lemon Grove, CA",84 out of 614,73 out of 296,0 out of 0,48:30 Pace: 7:49,48:30,48:31
874,Dan Schaffer,M,35,"San Diego, CA",85 out of 614,74 out of 296,25 out of 98, 56.54% Place: 164,48:32 Pace: 7:49,48:32,48:34
892,Pen Camen,M,43,", CA",86 out of 614,75 out of 296,10 out of 36, 59.87% Place: 96,48:34 Pace: 7:49,48:34,48:34
546,Michel Napolitano,M,69,"Coronado, CA",87 out of 614,76 out of 296,1 out of 7, 74.67% Place: 9,48:35 Pace: 7:50,48:35,48:35
796,Sara Zlotnik,F,19,"San Diego, CA",88 out of 614,12 out of 318,2 out of 8, 62.68% Place: 70,48:36 Pace: 7:50,48:36,48:36
196,Catherine Charles,F,49,"Encinitas, CA",89 out of 614,13 out of 318,2 out of 40, 70.42% Place: 22,48:39 Pace: 7:50,48:39,48:47
224,Megan Cooper,F,29,"Los Angeles, CA",90 out of 614,14 out of 318,9 out of 160, 62.20% Place: 73,48:47 Pace: 7:51,48:47,48:59
166,Steven Brown,M,29,"San Diego, CA",91 out of 614,77 out of 296,32 out of 110, 55.07% Place: 199,48:48 Pace: 7:52,48:48,49:02
706,Kelley Stewart,F,29,"San Diego, CA",92 out of 614,15 out of 318,10 out of 160, 62.01% Place: 74,48:56 Pace: 7:53,48:56,49:42
765,Terry Whitaker,M,59,"San Ysidro, CA",93 out of 614,78 out of 296,5 out of 24, 67.48% Place: 30,49:04 Pace: 7:54,49:04,49:23
723,Jomoore Toney,M,39,"Carlsbad, CA",94 out of 614,79 out of 296,26 out of 98, 57.47% Place: 146,49:05 Pace: 7:54,49:05,49:26
539,Levi Mousaw,M,29,"San Diego, CA",95 out of 614,80 out of 296,33 out of 110, 54.74% Place: 204,49:06 Pace: 7:54,49:06,49:11
175,Melesio Bustamante,M,29,"San Diego, CA",96 out of 614,81 out of 296,34 out of 110, 54.72% Place: 205,49:07 Pace: 7:55,49:07,49:58
1072,Tyler Watt,M,28,"La Jolla, CA",97 out of 614,82 out of 296,35 out of 110, 54.63% Place: 209,49:10 Pace: 7:55,49:10,49:14
570,Andrea Ortega,F,32,"San Diego, CA",98 out of 614,16 out of 318,2 out of 81, 61.89% Place: 76,49:10 Pace: 7:55,49:10,49:10
750,Adam Wadsworth,M,29,"San Diego, CA",99 out of 614,83 out of 296,36 out of 110, 54.64% Place: 208,49:11 Pace: 7:55,49:11,49:11
784,Sheridan Wright,M,29,"San Diego, CA",100 out of 614,84 out of 296,37 out of 110, 54.63% Place: 210,49:12 Pace: 7:55,49:12,49:26
684,Andrew Shutak,M,39,"San Diego, CA",301 out of 614,193 out of 296,63 out of 98, 49.20% Place: 362,57:20 Pace: 9:14,57:20,57:31
730,L Charlie Trottier,F,29,"San Diego, CA",302 out of 614,109 out of 318,61 out of 160, 52.78% Place: 267,57:29 Pace: 9:15,57:29,57:33
356,Bill Heimer,M,49,"San Diego, CA",303 out of 614,194 out of 296,23 out of 36, 52.96% Place: 263,57:31 Pace: 9:16,57:31,58:01
685,Robyn Shutak,F,39,"San Diego, CA",304 out of 614,110 out of 318,22 out of 81, 54.29% Place: 221,57:33 Pace: 9:16,57:33,57:45
577,Austin Palin,M,29,"San Diego, CA",305 out of 614,195 out of 296,76 out of 110, 46.67% Place: 439,57:35 Pace: 9:16,57:35,58:00
1096,Kyle Spause,M,22,"San Diego, CA",306 out of 614,196 out of 296,77 out of 110, 46.66% Place: 440,57:36 Pace: 9:17,57:36,57:56
296,Jessica Follensbee,F,29,"San Diego, CA",307 out of 614,111 out of 318,62 out of 160, 52.66% Place: 269,57:37 Pace: 9:17,57:37,58:03
851,Eric Kownacki,M,48,"San Diego, CA",308 out of 614,197 out of 296,24 out of 36, 52.44% Place: 273,57:38 Pace: 9:17,57:38,57:59
742,Ryan Vallejo,M,29,"El Paso, TX",309 out of 614,198 out of 296,78 out of 110, 46.63% Place: 441,57:38 Pace: 9:17,57:38,57:47
463,Justin Lieberknecht,M,39,"San Diego, CA",310 out of 614,199 out of 296,64 out of 98, 48.86% Place: 374,57:44 Pace: 9:18,57:44,58:22
212,Rachel Cohen,F,39,"Imperial Beach, CA",311 out of 614,112 out of 318,23 out of 81, 54.11% Place: 225,57:44 Pace: 9:18,57:44,58:22
124,Galen Baggs,M,29,"San Diego, CA",312 out of 614,200 out of 296,79 out of 110, 46.46% Place: 443,57:51 Pace: 9:19,57:51,58:01
233,Jess Culpepper,F,29,"San Diego, CA",313 out of 614,113 out of 318,63 out of 160, 52.34% Place: 277,57:58 Pace: 9:20,57:58,58:00
491,Lauren Martin,F,29,"San Diego, CA",314 out of 614,114 out of 318,64 out of 160, 52.33% Place: 279,57:59 Pace: 9:20,57:59,58:01
389,Chris Jansen,M,29,"San Diego, CA",315 out of 614,201 out of 296,80 out of 110, 46.15% Place: 452,58:14 Pace: 9:23,58:14,58:18
709,John Summerfruit,M,49,"San Diego, CA",316 out of 614,202 out of 296,25 out of 36, 52.30% Place: 281,58:14 Pace: 9:23,58:14,58:30
265,Benjamin Duff,M,29,"La Jolla, CA",317 out of 614,203 out of 296,81 out of 110, 46.15% Place: 451,58:14 Pace: 9:23,58:14,58:16
887,Ashley Lee,F,21,"San Diego, CA",318 out of 614,115 out of 318,65 out of 160, 52.10% Place: 288,58:14 Pace: 9:23,58:14,58:25
1073,Caitlin Nichols,F,23,"San Diego, CA",319 out of 614,116 out of 318,66 out of 160, 51.97% Place: 291,58:23 Pace: 9:24,58:23,58:29
668,Robert Schmieder,M,29,"San Diego, CA",320 out of 614,204 out of 296,82 out of 110, 46.03% Place: 457,58:23 Pace: 9:24,58:23,58:40
511,Mike McNally,M,39,"San Diego, CA",321 out of 614,205 out of 296,65 out of 98, 48.30% Place: 391,58:24 Pace: 9:24,58:24,59:04
510,Jackie McNally,F,39,"San Diego, CA",322 out of 614,117 out of 318,24 out of 81, 53.48% Place: 245,58:25 Pace: 9:24,58:25,59:05
672,Amie Scott,F,29,"Rancho Palos Verdes, CA",323 out of 614,118 out of 318,67 out of 160, 51.94% Place: 292,58:25 Pace: 9:24,58:25,58:32
858,Mallory Serbin,F,22,"San Diego, CA",324 out of 614,119 out of 318,68 out of 160, 51.93% Place: 294,58:26 Pace: 9:25,58:26,58:39
303,Ryan Gano,M,39,"San Diego, CA",325 out of 614,206 out of 296,66 out of 98, 48.22% Place: 393,58:30 Pace: 9:25,58:30,58:53
217,Marisa Compton,F,29,"Chula Vista, CA",326 out of 614,120 out of 318,69 out of 160, 51.84% Place: 295,58:32 Pace: 9:26,58:32,58:33
350,Jessica Hartsell,F,0,"San Diego, CA",327 out of 614,121 out of 318,0 out of 0,58:32 Pace: 9:26,58:32,58:34
759,Jessie Weddle,F,39,"Vista, CA",328 out of 614,122 out of 318,25 out of 81, 53.33% Place: 249,58:35 Pace: 9:26,58:35,58:55
586,Amy Pepperman,F,39,"Oceanside, CA",329 out of 614,123 out of 318,26 out of 81, 53.33% Place: 250,58:35 Pace: 9:26,58:35,58:55
1068,Brett Pugliesi,M,28,"San Diego, CA",330 out of 614,207 out of 296,83 out of 110, 45.81% Place: 463,58:38 Pace: 9:27,58:38,58:38
1069,Robbie Mikulski,M,27,"San Diego, CA",331 out of 614,208 out of 296,84 out of 110, 45.81% Place: 464,58:38 Pace: 9:27,58:38,58:38
155,Christina Booth,F,49,"San Diego, CA",332 out of 614,124 out of 318,12 out of 40, 58.41% Place: 125,58:39 Pace: 9:27,58:39,58:52
778,Roland Wolkowicz,M,49,"San Diego, CA",333 out of 614,209 out of 296,26 out of 36, 51.93% Place: 293,58:39 Pace: 9:27,58:39,58:56
354,Jason Hefley,M,39,"San Diego, CA",334 out of 614,210 out of 296,67 out of 98, 47.97% Place: 401,58:48 Pace: 9:28,58:48,58:48
522,Joshua Micaiah,M,29,"San Diego, CA",335 out of 614,211 out of 296,85 out of 110, 45.59% Place: 469,58:57 Pace: 9:30,58:57,58:57
663,Franci Santana,F,29,"La Mesa, CA",336 out of 614,125 out of 318,70 out of 160, 51.44% Place: 308,58:59 Pace: 9:30,58:59,58:59
387,Geno James,M,29,"San Diego, CA",337 out of 614,212 out of 296,86 out of 110, 45.52% Place: 471,59:02 Pace: 9:30,59:02,59:10
798,Patrick Zukowski,M,39,"San Diego, CA",338 out of 614,213 out of 296,68 out of 98, 47.78% Place: 404,59:02 Pace: 9:30,59:02,59:10
160,Giovanna Bradshaw,F,49,"San Diego, CA",339 out of 614,126 out of 318,13 out of 40, 57.87% Place: 143,59:12 Pace: 9:32,59:12,59:23
627,Marc Robbins,M,39,"El Cajon, CA",340 out of 614,214 out of 296,69 out of 98, 47.57% Place: 413,59:18 Pace: 9:33,59:18,59:33
153,Jessi Bonanno,F,29,"San Diego, CA",341 out of 614,127 out of 318,71 out of 160, 51.11% Place: 312,59:22 Pace: 9:34,59:22,59:40
740,Vivian Valdivia,F,29,"San Diego, CA",342 out of 614,128 out of 318,72 out of 160, 51.09% Place: 313,59:23 Pace: 9:34,59:23,59:37
215,Robert Collins,M,29,"San Diego, CA",343 out of 614,215 out of 296,87 out of 110, 45.26% Place: 477,59:23 Pace: 9:34,59:23,59:30
406,Austin Kalbaugh,M,19,"Santee, CA",344 out of 614,216 out of 296,7 out of 10, 46.18% Place: 448,59:25 Pace: 9:34,59:25,59:25
637,Susan Romero,F,59,"San Diego, CA",345 out of 614,129 out of 318,5 out of 15, 65.75% Place: 44,59:26 Pace: 9:34,59:26,59:41
213,David Colera,M,19,"Santee, CA",346 out of 614,217 out of 296,8 out of 10, 46.15% Place: 453,59:28 Pace: 9:35,59:28,59:28
962,Regina Quaynor,F,30,"Gardena, CA",347 out of 614,130 out of 318,27 out of 81, 51.04% Place: 317,59:29 Pace: 9:35,59:29,1:05:32
770,Traci Wilkerson,F,39,"Chula Vista, CA",348 out of 614,131 out of 318,28 out of 81, 52.51% Place: 272,59:30 Pace: 9:35,59:30,59:34
263,Michael Doonan,M,39,"San Diego, CA",349 out of 614,218 out of 296,70 out of 98, 47.39% Place: 417,59:31 Pace: 9:35,59:31,1:05:31
515,Jeff Melton,M,29,"San Diego, CA",350 out of 614,219 out of 296,88 out of 110, 45.14% Place: 479,59:32 Pace: 9:35,59:32,59:43
516,Lauren Melton,F,29,"San Diego, CA",351 out of 614,132 out of 318,73 out of 160, 50.97% Place: 322,59:32 Pace: 9:35,59:32,59:43
599,Laurel Plapp,F,0,"San Diego, CA",352 out of 614,133 out of 318,0 out of 0,59:33 Pace: 9:35,59:33,59:53
806,Maryann Kurinovich,F,32,"San Diego, CA",353 out of 614,134 out of 318,29 out of 81, 51.08% Place: 315,59:34 Pace: 9:36,59:34,59:42
905,Allison Eis,F,20,"Orinda, CA",354 out of 614,135 out of 318,74 out of 160, 50.84% Place: 324,59:43 Pace: 9:37,59:43,59:55
111,Randy Amos,M,39,"Encinitas, CA",355 out of 614,220 out of 296,71 out of 98, 47.24% Place: 424,59:43 Pace: 9:37,59:43,1:01:56
272,Katie Elliot,F,39,"Encinitas, CA",356 out of 614,136 out of 318,30 out of 81, 52.30% Place: 282,59:44 Pace: 9:37,59:44,1:01:56
344,Sarah Hanson,F,29,"San Diego, CA",357 out of 614,137 out of 318,75 out of 160, 50.75% Place: 328,59:47 Pace: 9:38,59:47,59:52
210,Jacquelyn Clites,F,29,"San Diego, CA",358 out of 614,138 out of 318,76 out of 160, 50.72% Place: 329,59:49 Pace: 9:38,59:49,1:00:04
540,Lauren Moyer,F,29,"San Diego, CA",359 out of 614,139 out of 318,77 out of 160, 50.72% Place: 330,59:49 Pace: 9:38,59:49,59:55
726,Andrew Tran,M,19,"San Diego, CA",360 out of 614,221 out of 296,9 out of 10, 45.88% Place: 461,59:49 Pace: 9:38,59:49,1:00:09
572,Norma Osorio,F,39,"San Diego, CA",361 out of 614,140 out of 318,31 out of 81, 52.11% Place: 287,59:57 Pace: 9:39,59:57,1:00:13
930,Jessica Lap,F,23,"Santee, CA",362 out of 614,141 out of 318,78 out of 160, 50.50% Place: 340,1:00:05 Pace: 9:41,1:00:05,1:00:29
603,Joy Prudencio,F,0,"San Diego, CA",363 out of 614,142 out of 318,0 out of 0,1:00:06 Pace: 9:41,1:00:06,1:00:19
917,Janice Almeleh,F,51,"San Diego, CA",364 out of 614,143 out of 318,6 out of 15, 58.43% Place: 124,1:00:07 Pace: 9:41,1:00:07,1:00:16
199,Geoff Chase,M,59,"San Diego, CA",365 out of 614,222 out of 296,18 out of 24, 54.97% Place: 201,1:00:14 Pace: 9:42,1:00:14,1:00:37
144,Abel Beltran,M,29,"San Diego, CA",366 out of 614,223 out of 296,89 out of 110, 44.60% Place: 488,1:00:15 Pace: 9:42,1:00:15,1:00:20
751,Rebecca Walcher,F,49,"San Diego, CA",367 out of 614,144 out of 318,14 out of 40, 56.83% Place: 159,1:00:17 Pace: 9:42,1:00:17,1:00:37
187,Annie Case,F,39,"San Diego, CA",368 out of 614,145 out of 318,32 out of 81, 51.77% Place: 297,1:00:21 Pace: 9:43,1:00:21,1:00:34
218,Jasen Cong,M,0,"San Diego, CA",369 out of 614,224 out of 296,0 out of 0,1:00:26 Pace: 9:44,1:00:26,1:00:36
519,Priscila Mercado,F,29,"Chula Vista, CA",370 out of 614,146 out of 318,79 out of 160, 50.14% Place: 345,1:00:31 Pace: 9:45,1:00:31,1:00:37
864,Shannon Hansen,F,32,"San Diego, CA",371 out of 614,147 out of 318,33 out of 81, 50.25% Place: 343,1:00:33 Pace: 9:45,1:00:33,1:00:33
201,Eugene Chen,M,29,"San Diego, CA",372 out of 614,225 out of 296,90 out of 110, 44.38% Place: 493,1:00:33 Pace: 9:45,1:00:33,1:00:43
126,Shannon Baird,F,29,"San Diego, CA",373 out of 614,148 out of 318,80 out of 160, 50.04% Place: 347,1:00:38 Pace: 9:46,1:00:38,1:00:38
457,Shaina Lear,F,19,"Del Mar, CA",374 out of 614,149 out of 318,8 out of 8, 50.15% Place: 344,1:00:44 Pace: 9:47,1:00:44,1:02:58
365,Claire Hiller,F,29,"Encinitas, CA",375 out of 614,150 out of 318,81 out of 160, 49.82% Place: 351,1:00:54 Pace: 9:48,1:00:54,1:01:19
824,Karen Fritz,F,40,"San Diego, CA",376 out of 614,151 out of 318,15 out of 40, 51.49% Place: 304,1:01:02 Pace: 9:50,1:01:02,1:01:38
860,Jim Beck,M,31,"San Diego, CA",377 out of 614,226 out of 296,72 out of 98, 44.20% Place: 497,1:01:04 Pace: 9:50,1:01:04,1:01:28
931,Adrian Papas,M,22,"San Diego, CA",378 out of 614,227 out of 296,91 out of 110, 44.01% Place: 502,1:01:04 Pace: 9:50,1:01:04,1:01:14
143,Renee Belen,F,29,"San Diego, CA",379 out of 614,152 out of 318,82 out of 160, 49.67% Place: 357,1:01:05 Pace: 9:50,1:01:05,1:01:14
486,Sacha Manokaran,F,39,"Carson, CA",380 out of 614,153 out of 318,34 out of 81, 51.15% Place: 310,1:01:05 Pace: 9:50,1:01:05,1:01:12
413,Don Keele,M,69,"Bloomington, IN",381 out of 614,228 out of 296,5 out of 7, 59.39% Place: 104,1:01:05 Pace: 9:50,1:01:05,1:01:05
239,Adam Dansky,M,29,"San Diego, CA",382 out of 614,229 out of 296,92 out of 110, 43.98% Place: 503,1:01:06 Pace: 9:50,1:01:06,1:01:12
1093,John Jun,M,27,"San Diego, CA",383 out of 614,230 out of 296,93 out of 110, 43.96% Place: 504,1:01:06 Pace: 9:50,1:01:06,1:01:18
273,Erika Ernsberger,F,39,"San Diego, CA",384 out of 614,154 out of 318,35 out of 81, 51.09% Place: 314,1:01:09 Pace: 9:51,1:01:09,1:01:09
285,Rick Ferguson,M,39,"San Diego, CA",385 out of 614,231 out of 296,73 out of 98, 45.98% Place: 459,1:01:21 Pace: 9:53,1:01:21,1:01:48
508,Frederick McHenry,M,39,"San Diego, CA",386 out of 614,232 out of 296,74 out of 98, 45.92% Place: 460,1:01:26 Pace: 9:54,1:01:26,1:01:53
226,Steven Cordova,M,59,"San Diego, CA",387 out of 614,233 out of 296,19 out of 24, 53.70% Place: 238,1:01:39 Pace: 9:56,1:01:39,1:01:43
209,Cliff Cline,M,29,"San Diego, CA",388 out of 614,234 out of 296,94 out of 110, 43.54% Place: 516,1:01:43 Pace: 9:56,1:01:43,1:02:13
174,Betty Buselt,F,69,"Carlsbad, CA",389 out of 614,155 out of 318,1 out of 2, 73.56% Place: 10,1:01:47 Pace: 9:57,1:01:47,1:01:49
315,Darlene Gines,F,39,"San Diego, CA",390 out of 614,156 out of 318,36 out of 81, 50.55% Place: 336,1:01:48 Pace: 9:57,1:01:48,1:02:16
120,Erika Archuleta,F,39,"San Diego, CA",391 out of 614,157 out of 318,37 out of 81, 50.55% Place: 337,1:01:48 Pace: 9:57,1:01:48,1:07:08
128,Lisa Baker,F,29,"San Diego, CA",392 out of 614,158 out of 318,83 out of 160, 49.07% Place: 365,1:01:50 Pace: 9:58,1:01:50,1:02:17
264,Marina Dorian,F,39,"San Diego, CA",393 out of 614,159 out of 318,38 out of 81, 50.53% Place: 339,1:01:50 Pace: 9:58,1:01:50,1:01:59
107,Luc Allard,M,39,"San Diego, CA",394 out of 614,235 out of 296,75 out of 98, 45.55% Place: 470,1:01:56 Pace: 9:59,1:01:56,1:02:07
878,Olivia Santillan,F,25,"Oceanside, CA",395 out of 614,160 out of 318,84 out of 160, 48.96% Place: 368,1:01:58 Pace: 9:59,1:01:58,1:02:13
242,Said Dawlabani,M,49,"La Jolla, CA",396 out of 614,236 out of 296,27 out of 36, 49.15% Place: 363,1:01:58 Pace: 9:59,1:01:58,1:02:21
1097,Sean Sweeney,M,31,"San Diego, CA",397 out of 614,237 out of 296,76 out of 98, 43.30% Place: 519,1:02:20 Pace: 10:02,1:02:20,1:02:50
924,John Connelly,M,47,"Spring Valley, CA",398 out of 614,238 out of 296,28 out of 36, 48.05% Place: 398,1:02:23 Pace: 10:03,1:02:23,1:03:29
223,Amy Cooper,F,39,"San Diego, CA",399 out of 614,161 out of 318,39 out of 81, 50.05% Place: 346,1:02:25 Pace: 10:03,1:02:25,1:02:35
772,Hope Williams,F,29,"San Diego, CA",400 out of 614,162 out of 318,85 out of 160, 48.57% Place: 383,1:02:28 Pace: 10:04,1:02:28,1:02:53
781,Richard Woodbury,M,59,"San Diego, CA",401 out of 614,239 out of 296,20 out of 24, 52.92% Place: 264,1:02:34 Pace: 10:05,1:02:34,1:03:43
302,Isabel Fueyo,F,39,"San Diego, CA",402 out of 614,163 out of 318,40 out of 81, 49.92% Place: 350,1:02:35 Pace: 10:05,1:02:35,1:02:43
896,W Joh San,M,0,", CA",403 out of 614,240 out of 296,0 out of 0,1:02:40 Pace: 10:06,1:02:40,1:03:05
552,Mariah Nicholas,F,29,"San Diego, CA",404 out of 614,164 out of 318,86 out of 160, 48.40% Place: 387,1:02:41 Pace: 10:06,1:02:41,1:02:41
487,Rich Marose,M,49,"San Diego, CA",405 out of 614,241 out of 296,29 out of 36, 48.59% Place: 382,1:02:41 Pace: 10:06,1:02:41,1:03:01
773,Amy Willis,F,29,"San Diego, CA",406 out of 614,165 out of 318,87 out of 160, 48.37% Place: 389,1:02:44 Pace: 10:06,1:02:44,1:02:44
921,Angela Correll,F,39,"Spring Valley, CA",407 out of 614,166 out of 318,41 out of 81, 49.72% Place: 355,1:02:50 Pace: 10:07,1:02:50,1:03:58
411,Ed Karas,M,70,"San Diego, CA",408 out of 614,242 out of 296,1 out of 1, 58.30% Place: 129,1:02:56 Pace: 10:08,1:02:56,1:03:12
606,Lauren Queen,F,29,"Del Mar, CA",409 out of 614,167 out of 318,88 out of 160, 48.12% Place: 395,1:03:03 Pace: 10:09,1:03:03,1:04:29
716,Lisa Tep,F,29,"Chula Vista, CA",410 out of 614,168 out of 318,89 out of 160, 48.06% Place: 397,1:03:08 Pace: 10:10,1:03:08,1:03:50
484,Amanda Malcolm-Brown,F,29,"San Diego, CA",411 out of 614,169 out of 318,90 out of 160, 48.00% Place: 400,1:03:13 Pace: 10:11,1:03:13,1:03:17
338,Arlene Hady,F,29,"San Diego, CA",412 out of 614,170 out of 318,91 out of 160, 48.00% Place: 399,1:03:13 Pace: 10:11,1:03:13,1:04:00
704,Nathan Stanton,M,29,"San Diego, CA",413 out of 614,243 out of 296,95 out of 110, 42.49% Place: 530,1:03:15 Pace: 10:11,1:03:15,1:03:19
509,Summer McMillen,F,29,"San Diego, CA",414 out of 614,171 out of 318,92 out of 160, 47.92% Place: 402,1:03:19 Pace: 10:12,1:03:19,1:03:19
727,Karen Tran,F,29,"La Jolla, CA",415 out of 614,172 out of 318,93 out of 160, 47.79% Place: 403,1:03:29 Pace: 10:13,1:03:29,1:03:36
1092,Ronald Lewis,M,39,"San Diego, CA",416 out of 614,244 out of 296,77 out of 98, 44.40% Place: 492,1:03:32 Pace: 10:14,1:03:32,1:03:50
412,Sandra Kearney,F,69,"San Diego, CA",417 out of 614,173 out of 318,2 out of 2, 71.51% Place: 19,1:03:33 Pace: 10:14,1:03:33,1:04:04
576,Vena Pacumio,F,0,"San Diego, CA",418 out of 614,174 out of 318,0 out of 0,1:03:37 Pace: 10:15,1:03:37,1:03:44
745,Elly Villanueva,F,29,"San Diego, CA",419 out of 614,175 out of 318,94 out of 160, 47.68% Place: 407,1:03:38 Pace: 10:15,1:03:38,1:03:38
575,Patrick Pacumio,M,0,"San Diego, CA",420 out of 614,245 out of 296,0 out of 0,1:03:39 Pace: 10:15,1:03:39,1:03:45
696,Maryann Smith,F,0,"San Diego, CA",421 out of 614,176 out of 318,0 out of 0,1:03:40 Pace: 10:15,1:03:40,1:04:07
300,Michele Frendo,F,29,"Pleasanton, CA",422 out of 614,177 out of 318,95 out of 160, 47.66% Place: 410,1:03:40 Pace: 10:15,1:03:40,1:03:48
468,Kathy Livingston,F,0,"San Diego, CA",423 out of 614,178 out of 318,0 out of 0,1:03:40 Pace: 10:15,1:03:40,1:04:08
777,Ariane Wolden,F,29,"San Diego, CA",424 out of 614,179 out of 318,96 out of 160, 47.49% Place: 415,1:03:53 Pace: 10:17,1:03:53,1:03:53
241,Julia Davis,F,29,"San Diego, CA",425 out of 614,180 out of 318,97 out of 160, 47.49% Place: 414,1:03:53 Pace: 10:17,1:03:53,1:03:53
434,John King,M,39,"San Diego, CA",426 out of 614,246 out of 296,78 out of 98, 44.15% Place: 498,1:03:53 Pace: 10:17,1:03:53,1:04:15
367,Kimphuong Hoang,F,39,"Poway, CA",427 out of 614,181 out of 318,42 out of 81, 48.88% Place: 373,1:03:55 Pace: 10:18,1:03:55,1:04:14
650,Mark Saale,M,49,"Victorville, CA",428 out of 614,247 out of 296,30 out of 36, 47.62% Place: 411,1:03:58 Pace: 10:18,1:03:58,1:04:09
470,Gary Lombardo,M,49,"San Diego, CA",429 out of 614,248 out of 296,31 out of 36, 47.60% Place: 412,1:03:59 Pace: 10:18,1:03:59,1:04:09
458,John Lee,M,39,"San Diego, CA",430 out of 614,249 out of 296,79 out of 98, 44.02% Place: 501,1:04:05 Pace: 10:19,1:04:05,1:04:25
453,Sarah Larson,F,39,"San Diego, CA",431 out of 614,182 out of 318,43 out of 81, 48.73% Place: 377,1:04:07 Pace: 10:20,1:04:07,1:04:07
440,Elizabeth Koenig,F,29,"San Diego, CA",432 out of 614,183 out of 318,98 out of 160, 47.32% Place: 420,1:04:07 Pace: 10:20,1:04:07,1:04:07
283,Bryn Faris,F,39,"Encinitas, CA",433 out of 614,184 out of 318,44 out of 81, 48.69% Place: 379,1:04:10 Pace: 10:20,1:04:10,1:04:27
222,Kathy Cook,F,49,"San Clemente, CA",434 out of 614,185 out of 318,16 out of 40, 53.39% Place: 248,1:04:10 Pace: 10:20,1:04:10,1:04:34
832,Olivia Gleser,F,25,"Goleta, CA",435 out of 614,186 out of 318,99 out of 160, 47.29% Place: 421,1:04:10 Pace: 10:20,1:04:10,1:04:10
261,Dinna Dohlus,F,39,"San Diego, CA",436 out of 614,187 out of 318,45 out of 81, 48.66% Place: 381,1:04:12 Pace: 10:20,1:04:12,1:04:41
625,Nicanor Rivera,M,49,"Twentynine Palms, CA",437 out of 614,250 out of 296,32 out of 36, 47.42% Place: 416,1:04:14 Pace: 10:21,1:04:14,1:04:37
551,Hoang Nhan,F,29,"La Jolla, CA",438 out of 614,188 out of 318,100 out of 160, 47.16% Place: 425,1:04:20 Pace: 10:22,1:04:20,1:06:21
329,Ilan Graubart,M,19,"La Jolla, CA",439 out of 614,251 out of 296,10 out of 10, 42.63% Place: 529,1:04:22 Pace: 10:22,1:04:22,1:04:43
184,Cicely Carnahan,F,29,"San Diego, CA",440 out of 614,189 out of 318,101 out of 160, 47.09% Place: 427,1:04:26 Pace: 10:23,1:04:26,1:04:26
363,Karen Hill,F,49,"La Mesa, CA",441 out of 614,190 out of 318,17 out of 40, 53.13% Place: 257,1:04:29 Pace: 10:23,1:04:29,1:04:29
353,Diane Heffelfinger,F,39,"San Diego, CA",442 out of 614,191 out of 318,46 out of 81, 48.42% Place: 385,1:04:31 Pace: 10:23,1:04:31,1:04:51
674,Edward Seefried,M,59,"Chula Vista, CA",443 out of 614,252 out of 296,21 out of 24, 51.32% Place: 309,1:04:31 Pace: 10:23,1:04:31,1:04:51
624,Andrea Rivera,F,29,"Bonita, CA",444 out of 614,192 out of 318,102 out of 160, 47.02% Place: 429,1:04:32 Pace: 10:24,1:04:32,1:04:37
960,Jeanne Elia,F,43,"San Diego, CA",445 out of 614,193 out of 318,18 out of 40, 49.73% Place: 353,1:04:38 Pace: 10:25,1:04:38,1:05:02
133,Jennifer Barbuto,F,29,"Del Mar, CA",446 out of 614,194 out of 318,103 out of 160, 46.93% Place: 434,1:04:39 Pace: 10:25,1:04:39,1:04:46
346,Tim Harmon,M,39,"San Diego, CA",447 out of 614,253 out of 296,80 out of 98, 43.62% Place: 514,1:04:40 Pace: 10:25,1:04:40,1:04:52
441,Stephanie Kolakowski,F,39,"San Diego, CA",448 out of 614,195 out of 318,47 out of 81, 48.31% Place: 390,1:04:40 Pace: 10:25,1:04:40,1:04:51
194,Ron Chantung,M,39,"San Diego, CA",449 out of 614,254 out of 296,81 out of 98, 43.62% Place: 515,1:04:40 Pace: 10:25,1:04:40,1:04:52
266,Sue Dunlap,F,49,"La Mesa, CA",450 out of 614,196 out of 318,19 out of 40, 52.96% Place: 262,1:04:41 Pace: 10:25,1:04:41,1:05:06
114,Katherine Andrews,F,29,"El Cajon, CA",451 out of 614,197 out of 318,104 out of 160, 46.74% Place: 437,1:04:55 Pace: 10:27,1:04:55,1:05:05
307,Kimberly Gee,F,29,"San Diego, CA",452 out of 614,198 out of 318,105 out of 160, 46.69% Place: 438,1:04:59 Pace: 10:28,1:04:59,1:05:24
799,Patrick Kam,M,40,"San Diego, CA",453 out of 614,255 out of 296,33 out of 36, 43.73% Place: 510,1:05:00 Pace: 10:28,1:05:00,1:05:03
608,Ingrid Rainey,F,39,"San Diego, CA",454 out of 614,199 out of 318,48 out of 81, 48.06% Place: 396,1:05:00 Pace: 10:28,1:05:00,1:05:00
298,Donald Franklin,M,39,"San Diego, CA",455 out of 614,256 out of 296,82 out of 98, 43.37% Place: 518,1:05:02 Pace: 10:28,1:05:02,1:05:24
805,Ali Vincent,F,33,"Phoenix, AZ",456 out of 614,200 out of 318,49 out of 81, 46.80% Place: 436,1:05:07 Pace: 10:29,1:05:07,1:05:10
357,Marybeth Herald,F,59,"San Diego, CA",457 out of 614,201 out of 318,7 out of 15, 59.89% Place: 95,1:05:15 Pace: 10:31,1:05:15,1:05:33
573,Andrew Osuna,M,29,"Chula Vista, CA",458 out of 614,257 out of 296,96 out of 110, 41.15% Place: 545,1:05:18 Pace: 10:31,1:05:18,1:05:46
744,Heather Van Dyke,F,29,"San Diego, CA",459 out of 614,202 out of 318,106 out of 160, 46.45% Place: 444,1:05:19 Pace: 10:31,1:05:19,1:05:29
447,Christine Lacy,F,29,"San Diego, CA",460 out of 614,203 out of 318,107 out of 160, 46.43% Place: 445,1:05:20 Pace: 10:31,1:05:20,1:05:24
891,Mark Momaney,M,43,"Canyon Lake, CA",461 out of 614,258 out of 296,34 out of 36, 44.49% Place: 489,1:05:21 Pace: 10:31,1:05:21,1:07:36
547,Melissa Naranjo,F,29,"San Ysidro, CA",462 out of 614,204 out of 318,108 out of 160, 46.39% Place: 446,1:05:24 Pace: 10:32,1:05:24,1:05:38
260,Loc Dinh,M,29,"Poway, CA",463 out of 614,259 out of 296,97 out of 110, 41.08% Place: 546,1:05:25 Pace: 10:32,1:05:25,1:05:25
580,Morton Park,M,39,"San Diego, CA",464 out of 614,260 out of 296,83 out of 98, 43.11% Place: 520,1:05:26 Pace: 10:32,1:05:26,1:05:26
139,Jana Beard,F,49,"San Diego, CA",465 out of 614,205 out of 318,20 out of 40, 52.28% Place: 283,1:05:32 Pace: 10:33,1:05:32,1:05:50
952,Heng Cheng,F,43,"San Diego, CA",466 out of 614,206 out of 318,21 out of 40, 49.05% Place: 367,1:05:32 Pace: 10:33,1:05:32,1:05:53
291,Jessika Fessenden,F,39,"San Diego, CA",467 out of 614,207 out of 318,50 out of 81, 47.67% Place: 409,1:05:32 Pace: 10:33,1:05:32,1:05:50
592,Samantha Phan,F,39,"San Diego, CA",468 out of 614,208 out of 318,51 out of 81, 47.67% Place: 408,1:05:32 Pace: 10:33,1:05:32,1:05:52
857,Kathleen Brumm,F,25,"La Jolla, CA",469 out of 614,209 out of 318,109 out of 160, 46.18% Place: 449,1:05:42 Pace: 10:35,1:05:42,1:06:09
348,Ciela Hartanov,F,29,"San Diego, CA",470 out of 614,210 out of 318,110 out of 160, 46.17% Place: 450,1:05:43 Pace: 10:35,1:05:43,1:05:48
861,Jennifer Johnson,F,27,"El Cajon, CA",471 out of 614,211 out of 318,111 out of 160, 46.12% Place: 454,1:05:47 Pace: 10:36,1:05:47,1:06:10
1066,Vrushali Sane,F,28,"San Diego, CA",472 out of 614,212 out of 318,112 out of 160, 46.11% Place: 455,1:05:48 Pace: 10:36,1:05:48,1:05:52
791,Denise Yohn,F,49,"San Diego, CA",473 out of 614,213 out of 318,22 out of 40, 52.05% Place: 290,1:05:49 Pace: 10:36,1:05:49,1:05:51
376,Phi Huynh,M,29,"San Diego, CA",474 out of 614,261 out of 296,98 out of 110, 40.81% Place: 550,1:05:51 Pace: 10:36,1:05:51,1:06:33
889,Nathan Weightman,M,25,"El Cajon, CA",475 out of 614,262 out of 296,99 out of 110, 40.77% Place: 552,1:05:52 Pace: 10:36,1:05:52,1:06:58
888,Katie Weightman,F,23,"El Cajon, CA",476 out of 614,214 out of 318,113 out of 160, 46.04% Place: 456,1:05:54 Pace: 10:37,1:05:54,1:07:01
632,Eric N Rogers,M,39,"San Diego, CA",477 out of 614,263 out of 296,84 out of 98, 42.75% Place: 526,1:05:59 Pace: 10:38,1:05:59,1:06:20
168,Melissa Bruce,F,39,"San Diego, CA",478 out of 614,215 out of 318,52 out of 81, 47.32% Place: 419,1:06:01 Pace: 10:38,1:06:01,1:06:25
240,Katrine David,F,39,"San Diego, CA",479 out of 614,216 out of 318,53 out of 81, 47.32% Place: 418,1:06:01 Pace: 10:38,1:06:01,1:06:25
927,Leslie Harris,F,38,"El Cajon, CA",480 out of 614,217 out of 318,54 out of 81, 47.02% Place: 428,1:06:03 Pace: 10:38,1:06:03,1:07:10
762,Meg Wesling,F,39,"San Diego, CA",481 out of 614,218 out of 318,55 out of 81, 47.26% Place: 422,1:06:06 Pace: 10:39,1:06:06,1:06:22
554,Rachel Nichols,F,39,"San Diego, CA",482 out of 614,219 out of 318,56 out of 81, 47.25% Place: 423,1:06:07 Pace: 10:39,1:06:07,1:06:22
926,Tricia Patterson,F,33,"San Diego, CA",483 out of 614,220 out of 318,57 out of 81, 45.99% Place: 458,1:06:16 Pace: 10:40,1:06:16,1:07:02
641,Lisa Rosenfelt,F,29,"San Diego, CA",484 out of 614,221 out of 318,114 out of 160, 45.76% Place: 465,1:06:18 Pace: 10:41,1:06:18,1:06:45
115,Tina Angeles,F,29,"San Diego, CA",485 out of 614,222 out of 318,115 out of 160, 45.68% Place: 466,1:06:25 Pace: 10:42,1:06:25,1:06:41
955,Ronny Catarcio,F,27,"San Diego, CA",486 out of 614,223 out of 318,116 out of 160, 45.67% Place: 467,1:06:26 Pace: 10:42,1:06:26,1:06:53
305,Rodrigo Garcia Prieto,M,39,"Chula Vista, CA",487 out of 614,264 out of 296,85 out of 98, 42.45% Place: 531,1:06:27 Pace: 10:42,1:06:27,1:06:28
701,Christine Squillaci,F,49,"El Cajon, CA",488 out of 614,224 out of 318,23 out of 40, 51.54% Place: 300,1:06:28 Pace: 10:42,1:06:28,1:06:48
615,Carie Reno,F,39,"San Diego, CA",489 out of 614,225 out of 318,58 out of 81, 47.00% Place: 430,1:06:28 Pace: 10:42,1:06:28,1:06:43
721,Chris Thompson,M,59,"Escondido, CA",490 out of 614,265 out of 296,22 out of 24, 49.81% Place: 352,1:06:28 Pace: 10:42,1:06:28,1:06:28
779,Jessica Wong,F,39,"San Diego, CA",491 out of 614,226 out of 318,59 out of 81, 46.97% Place: 433,1:06:31 Pace: 10:43,1:06:31,1:06:49
407,Cyndi Kalbaugh,F,49,"Santee, CA",492 out of 614,227 out of 318,24 out of 40, 51.48% Place: 305,1:06:33 Pace: 10:43,1:06:33,1:06:34
330,Renee Greenberg,F,49,"San Diego, CA",493 out of 614,228 out of 318,25 out of 40, 51.45% Place: 307,1:06:35 Pace: 10:43,1:06:35,1:06:43
497,Chris Mazzi,M,29,"El Cajon, CA",494 out of 614,266 out of 296,100 out of 110, 40.32% Place: 559,1:06:39 Pace: 10:44,1:06:39,1:07:02
368,John Hobbs,M,29,"El Cajon, CA",495 out of 614,267 out of 296,101 out of 110, 40.32% Place: 558,1:06:39 Pace: 10:44,1:06:39,1:07:18
177,Joann Caco,F,29,"Chula Vista, CA",496 out of 614,229 out of 318,117 out of 160, 45.51% Place: 472,1:06:40 Pace: 10:44,1:06:40,1:07:18
647,Kelly Rutherford,F,29,"San Diego, CA",497 out of 614,230 out of 318,118 out of 160, 45.49% Place: 473,1:06:42 Pace: 10:44,1:06:42,1:07:06
619,Matt Richards,M,39,"San Diego, CA",498 out of 614,268 out of 296,86 out of 98, 42.29% Place: 532,1:06:42 Pace: 10:44,1:06:42,1:06:57
284,Kecia Felton,F,39,"San Diego, CA",499 out of 614,231 out of 318,60 out of 81, 46.83% Place: 435,1:06:43 Pace: 10:45,1:06:43,1:06:47
831,Victor Rebollo,M,32,"San Diego, CA",500 out of 614,269 out of 296,87 out of 98, 40.57% Place: 555,1:06:44 Pace: 10:45,1:06:44,1:06:50
871,Lindsay Daigle,F,26,"Encinitas, CA",501 out of 614,232 out of 318,119 out of 160, 45.42% Place: 474,1:06:48 Pace: 10:45,1:06:48,1:06:54
870,Gail Piraino,F,51,"Carlsbad, CA",502 out of 614,233 out of 318,8 out of 15, 52.58% Place: 271,1:06:48 Pace: 10:46,1:06:48,1:06:54
634,Emily Rolfing,F,29,"Laguna Beach, CA",503 out of 614,234 out of 318,120 out of 160, 45.36% Place: 476,1:06:53 Pace: 10:46,1:06:53,1:07:11
915,Thomas Mendez,M,25,"Irvine, CA",504 out of 614,270 out of 296,102 out of 110, 40.11% Place: 562,1:06:57 Pace: 10:47,1:06:57,1:06:57
100,Adrian Accurso,M,29,"La Jolla, CA",505 out of 614,271 out of 296,103 out of 110, 40.13% Place: 561,1:06:58 Pace: 10:47,1:06:58,1:07:18
419,Greg Kelley,M,39,"San Diego, CA",506 out of 614,272 out of 296,88 out of 98, 41.90% Place: 537,1:07:19 Pace: 10:50,1:07:19,1:07:19
965,Matthew Warner,M,28,"San Diego, CA",507 out of 614,273 out of 296,104 out of 110, 39.90% Place: 564,1:07:19 Pace: 10:51,1:07:19,1:09:47
276,Farzeen Essa,F,29,"San Diego, CA",508 out of 614,235 out of 318,121 out of 160, 45.04% Place: 481,1:07:22 Pace: 10:51,1:07:22,1:07:27
600,Nicole Pohl,F,29,"Del Mar, CA",509 out of 614,236 out of 318,122 out of 160, 45.02% Place: 482,1:07:24 Pace: 10:51,1:07:24,1:07:30
349,Alexis Hartford,F,39,"San Diego, CA",510 out of 614,237 out of 318,61 out of 81, 46.34% Place: 447,1:07:25 Pace: 10:51,1:07:25,1:07:25
379,Carla Ingle,F,49,"San Diego, CA",511 out of 614,238 out of 318,26 out of 40, 50.72% Place: 331,1:07:33 Pace: 10:53,1:07:33,1:07:42
489,Elizabeth Martin,F,49,"San Diego, CA",512 out of 614,239 out of 318,27 out of 40, 50.70% Place: 332,1:07:34 Pace: 10:53,1:07:34,1:07:43
208,Matthew Clark,M,39,"San Diego, CA",513 out of 614,274 out of 296,89 out of 98, 41.70% Place: 539,1:07:39 Pace: 10:54,1:07:39,1:07:53
108,Paula Allen,F,49,"San Diego, CA",514 out of 614,240 out of 318,28 out of 40, 50.58% Place: 335,1:07:44 Pace: 10:54,1:07:44,1:07:57
697,Sarita Smith,F,29,"San Diego, CA",515 out of 614,241 out of 318,123 out of 160, 44.78% Place: 484,1:07:45 Pace: 10:55,1:07:45,1:08:01
371,Warren Ted Hoyt,M,49,"San Diego, CA",516 out of 614,275 out of 296,35 out of 36, 44.93% Place: 483,1:07:47 Pace: 10:55,1:07:47,1:08:12
747,Courtney Vitch,F,29,"La Jolla, CA",517 out of 614,242 out of 318,124 out of 160, 44.74% Place: 485,1:07:49 Pace: 10:55,1:07:49,1:08:03
829,Nick Ramirez,M,24,"San Diego, CA",518 out of 614,276 out of 296,105 out of 110, 39.60% Place: 566,1:07:49 Pace: 10:55,1:07:49,1:08:00
327,Ed Gradek,M,39,"San Diego, CA",519 out of 614,277 out of 296,90 out of 98, 41.57% Place: 542,1:07:51 Pace: 10:56,1:07:51,1:08:04
414,Darren Keenaghan,M,29,"San Diego, CA",520 out of 614,278 out of 296,106 out of 110, 39.59% Place: 567,1:07:53 Pace: 10:56,1:07:53,1:08:41
618,Semana Richard,F,29,"San Marcos, CA",521 out of 614,243 out of 318,125 out of 160, 44.67% Place: 486,1:07:55 Pace: 10:56,1:07:55,1:08:14
304,Natalie Garcia,F,29,"San Diego, CA",522 out of 614,244 out of 318,126 out of 160, 44.65% Place: 487,1:07:57 Pace: 10:57,1:07:57,1:08:04
766,Bryan White,M,29,"Jamul, CA",523 out of 614,279 out of 296,107 out of 110, 39.46% Place: 571,1:08:06 Pace: 10:58,1:08:06,1:08:20
649,Susan Ryan,F,59,"Escondido, CA",524 out of 614,245 out of 318,9 out of 15, 57.37% Place: 148,1:08:07 Pace: 10:58,1:08:07,1:08:16
898,Armando Gonzalez,M,21,"San Diego, CA",525 out of 614,280 out of 296,108 out of 110, 39.55% Place: 569,1:08:09 Pace: 10:58,1:08:09,1:08:09
190,Bill Caylor,M,69,"Solana Beach, CA",526 out of 614,281 out of 296,6 out of 7, 53.18% Place: 254,1:08:13 Pace: 10:59,1:08:13,1:08:34
807,Julie Hepp,F,25,"San Diego, CA",527 out of 614,246 out of 318,127 out of 160, 44.40% Place: 491,1:08:20 Pace: 11:00,1:08:20,1:08:43
907,Mindy Solis,F,24,"Lemon Grove, CA",528 out of 614,247 out of 318,128 out of 160, 44.40% Place: 490,1:08:20 Pace: 11:00,1:08:20,1:08:43
655,Lizette Sanchez,F,29,"Vista, CA",529 out of 614,248 out of 318,129 out of 160, 44.37% Place: 495,1:08:23 Pace: 11:01,1:08:23,1:08:42
282,Karyn Eynon,F,39,"San Diego, CA",530 out of 614,249 out of 318,62 out of 81, 45.63% Place: 468,1:08:28 Pace: 11:02,1:08:28,1:08:45
804,Jen Boos,F,25,"San Diego, CA",531 out of 614,250 out of 318,130 out of 160, 44.14% Place: 499,1:08:44 Pace: 11:04,1:08:44,1:08:44
450,Stacy Lam,F,39,"San Diego, CA",532 out of 614,251 out of 318,63 out of 81, 45.39% Place: 475,1:08:50 Pace: 11:05,1:08:50,1:09:09
908,Rubie Hernandez,F,33,"San Diego, CA",533 out of 614,252 out of 318,64 out of 81, 44.21% Place: 496,1:08:56 Pace: 11:06,1:08:56,1:09:19
395,Terry Johnson,F,59,"Escondido, CA",534 out of 614,253 out of 318,10 out of 15, 56.67% Place: 162,1:08:57 Pace: 11:06,1:08:57,1:09:05
1099,Shirin Doroudgar,F,25,"San Diego, CA",535 out of 614,254 out of 318,131 out of 160, 43.95% Place: 505,1:09:02 Pace: 11:07,1:09:02,1:09:19
1075,Susan Chambers,F,54,"Carlsbad, CA",536 out of 614,255 out of 318,11 out of 15, 52.86% Place: 266,1:09:04 Pace: 11:07,1:09:04,1:09:17
1067,Sandy Valone,F,47,"San Diego, CA",537 out of 614,256 out of 318,29 out of 40, 48.40% Place: 388,1:09:06 Pace: 11:08,1:09:06,1:09:18
690,Sally Skerritt,F,49,"San Diego, CA",538 out of 614,257 out of 318,30 out of 40, 49.45% Place: 358,1:09:17 Pace: 11:09,1:09:17,1:09:39
852,Brittany Lesnik,F,23,"San Diego, CA",539 out of 614,258 out of 318,132 out of 160, 43.77% Place: 509,1:09:19 Pace: 11:10,1:09:19,1:09:28
800,Noelle Moore,F,27,"San Diego, CA",540 out of 614,259 out of 318,133 out of 160, 43.77% Place: 508,1:09:19 Pace: 11:10,1:09:19,1:09:29
544,Leticia Muttera,F,49,"San Diego, CA",541 out of 614,260 out of 318,31 out of 40, 49.35% Place: 360,1:09:25 Pace: 11:11,1:09:25,1:09:46
236,Sarina Dahukey,F,29,"San Diego, CA",542 out of 614,261 out of 318,134 out of 160, 43.65% Place: 511,1:09:31 Pace: 11:12,1:09:31,1:09:36
911,Adriana Chee,F,40,"San Diego, CA",543 out of 614,262 out of 318,32 out of 40, 45.12% Place: 480,1:09:39 Pace: 11:13,1:09:39,1:09:55
135,David Batchelder,M,39,"San Diego, CA",544 out of 614,282 out of 296,91 out of 98, 40.41% Place: 557,1:09:48 Pace: 11:14,1:09:48,1:10:05
629,Valerie Rodarte-Buchino,F,49,"El Paso, TX",545 out of 614,263 out of 318,33 out of 40, 49.06% Place: 366,1:09:50 Pace: 11:15,1:09:50,1:10:00
958,Sandra Flores,F,36,"San Diego, CA",546 out of 614,264 out of 318,65 out of 81, 44.06% Place: 500,1:09:51 Pace: 11:15,1:09:51,1:10:18
910,Brianna Rigg,F,29,"Redondo Beach, CA",547 out of 614,265 out of 318,135 out of 160, 43.44% Place: 517,1:09:51 Pace: 11:15,1:09:51,1:10:18
1054,Sachinkeswani Keswani,M,26,"San Diego, CA",548 out of 614,283 out of 296,109 out of 110, 38.38% Place: 587,1:09:58 Pace: 11:16,1:09:58,1:09:59
559,Karen Nyofu,F,49,"San Diego, CA",549 out of 614,266 out of 318,34 out of 40, 48.96% Place: 369,1:09:58 Pace: 11:16,1:09:58,1:11:08
427,David Kerry,M,39,"San Diego, CA",550 out of 614,284 out of 296,92 out of 98, 40.28% Place: 560,1:10:02 Pace: 11:17,1:10:02,1:10:21
402,Richard Jordan,M,59,"La Mesa, CA",551 out of 614,285 out of 296,23 out of 24, 46.99% Place: 431,1:10:27 Pace: 11:21,1:10:27,1:10:52
493,Tonia Martynuik,F,29,"San Diego, CA",552 out of 614,267 out of 318,136 out of 160, 43.05% Place: 522,1:10:29 Pace: 11:21,1:10:29,1:10:31
897,Christy Thompson,F,29,"Cardiff By The Sea, CA",553 out of 614,268 out of 318,137 out of 160, 43.04% Place: 523,1:10:30 Pace: 11:21,1:10:30,1:12:11
1070,Sangeeth Padmanaba,F,31,"San Diego, CA",554 out of 614,269 out of 318,66 out of 81, 43.08% Place: 521,1:10:30 Pace: 11:21,1:10:30,1:10:33
262,Erin Donahue,F,29,"San Diego, CA",555 out of 614,270 out of 318,138 out of 160, 42.80% Place: 524,1:10:53 Pace: 11:25,1:10:53,1:11:00
288,Melina Fernandez,F,29,"Coronado, CA",556 out of 614,271 out of 318,139 out of 160, 42.78% Place: 525,1:10:55 Pace: 11:25,1:10:55,1:10:59
258,Susanne Dillmann,F,39,"Valley Center, CA",557 out of 614,272 out of 318,67 out of 81, 43.90% Place: 506,1:11:10 Pace: 11:28,1:11:10,1:11:34
448,Karen Lafferty,F,39,"San Diego, CA",558 out of 614,273 out of 318,68 out of 81, 43.82% Place: 507,1:11:18 Pace: 11:29,1:11:18,1:11:41
173,Margarette Burd,F,39,"San Diego, CA",559 out of 614,274 out of 318,69 out of 81, 43.62% Place: 513,1:11:37 Pace: 11:32,1:11:37,1:11:59
467,Veronica Littles,F,49,"San Diego, CA",560 out of 614,275 out of 318,35 out of 40, 47.70% Place: 406,1:11:49 Pace: 11:34,1:11:49,1:12:00
913,Cyndee Schneidau,F,35,"Chula Vista, CA",561 out of 614,276 out of 318,70 out of 81, 42.66% Place: 528,1:11:52 Pace: 11:34,1:11:52,1:11:52
813,Kara Peter,F,27,"Chula Vista, CA",562 out of 614,277 out of 318,140 out of 160, 42.22% Place: 534,1:11:52 Pace: 11:34,1:11:52,1:11:52
343,Aaron Hanson,M,0,"San Diego, CA",563 out of 614,286 out of 296,0 out of 0,1:12:22 Pace: 11:39,1:12:22,1:12:42
514,Kira Mello,F,29,"Poway, CA",564 out of 614,278 out of 318,141 out of 160, 41.93% Place: 536,1:12:22 Pace: 11:39,1:12:22,1:12:42
1051,Miki Wellck,F,34,"Santee, CA",565 out of 614,279 out of 318,71 out of 81, 42.21% Place: 535,1:12:24 Pace: 11:39,1:12:24,1:12:51
865,Amy Beristain,F,31,"Imperial Beach, CA",566 out of 614,280 out of 318,72 out of 81, 41.88% Place: 538,1:12:32 Pace: 11:41,1:12:32,1:12:36
229,Alex Cote,M,39,"San Diego, CA",567 out of 614,287 out of 296,93 out of 98, 38.83% Place: 581,1:12:39 Pace: 11:42,1:12:39,1:13:07
157,Katherine Bouwkamp,F,29,"San Diego, CA",568 out of 614,281 out of 318,142 out of 160, 41.67% Place: 540,1:12:49 Pace: 11:44,1:12:49,1:13:11
420,Mark Kelley,M,49,"San Diego, CA",569 out of 614,288 out of 296,36 out of 36, 41.66% Place: 541,1:13:07 Pace: 11:46,1:13:07,1:13:36
109,Janet Ambrozich,F,39,"Dana Point, CA",570 out of 614,282 out of 318,73 out of 81, 42.73% Place: 527,1:13:07 Pace: 11:46,1:13:07,1:13:37
669,Elizabeth Schotter,F,29,"La Jolla, CA",571 out of 614,283 out of 318,143 out of 160, 41.46% Place: 543,1:13:11 Pace: 11:47,1:13:11,1:13:35
206,Michael Claffey,M,39,"La Jolla, CA",572 out of 614,289 out of 296,94 out of 98, 38.53% Place: 584,1:13:12 Pace: 11:47,1:13:12,1:13:36
643,Robert Rota,M,39,"La Jolla, CA",573 out of 614,290 out of 296,95 out of 98, 38.40% Place: 586,1:13:27 Pace: 11:50,1:13:27,1:17:13
1095,Paul Meyer,M,64,"San Diego, CA",574 out of 614,291 out of 296,7 out of 7, 46.97% Place: 432,1:13:41 Pace: 11:52,1:13:41,1:14:05
1091,Magdalena Remillar,F,49,"San Diego, CA",575 out of 614,284 out of 318,36 out of 40, 46.46% Place: 442,1:13:44 Pace: 11:52,1:13:44,1:14:07
834,Audrey Gleser,F,32,"Isla Vista, CA",576 out of 614,285 out of 318,74 out of 81, 41.22% Place: 544,1:13:48 Pace: 11:53,1:13:48,1:13:48
181,Pamela Campbell,F,29,"San Diego, CA",577 out of 614,286 out of 318,144 out of 160, 41.02% Place: 547,1:13:58 Pace: 11:55,1:13:58,1:14:09
141,Desiree Becerra,F,39,"El Cajon, CA",578 out of 614,287 out of 318,75 out of 81, 42.23% Place: 533,1:13:59 Pace: 11:55,1:13:59,1:14:09
1063,Kristin Beczak,F,26,"La Jolla, CA",579 out of 614,288 out of 318,145 out of 160, 40.84% Place: 548,1:14:17 Pace: 11:58,1:14:17,1:14:40
1062,Cherrie Hernandez,F,29,"San Marcos, CA",580 out of 614,289 out of 318,146 out of 160, 40.83% Place: 549,1:14:18 Pace: 11:58,1:14:18,1:14:40
1081,Jane Tamayo,F,44,"San Diego, CA",581 out of 614,290 out of 318,37 out of 40, 43.63% Place: 512,1:14:19 Pace: 11:58,1:14:19,1:14:40
754,Katie Walsh,F,29,"San Diego, CA",582 out of 614,291 out of 318,147 out of 160, 40.78% Place: 551,1:14:24 Pace: 11:59,1:14:24,1:14:24
271,Doug Elliot,M,59,"San Diego, CA",583 out of 614,292 out of 296,24 out of 24, 44.37% Place: 494,1:14:37 Pace: 12:01,1:14:37,1:15:17
294,Marylupe Flores,F,49,"Chula Vista, CA",584 out of 614,292 out of 318,38 out of 40, 45.84% Place: 462,1:14:44 Pace: 12:02,1:14:44,1:14:59
739,Naranda Valdez,F,29,"San Diego, CA",585 out of 614,293 out of 318,148 out of 160, 40.57% Place: 554,1:14:47 Pace: 12:03,1:14:47,1:14:58
455,Kaylan Lavillotti,F,29,"La Jolla, CA",586 out of 614,294 out of 318,149 out of 160, 40.52% Place: 556,1:14:53 Pace: 12:04,1:14:53,1:14:53
541,Takashi Mukasa,M,39,"San Diego, CA",587 out of 614,293 out of 296,96 out of 98, 37.57% Place: 589,1:15:05 Pace: 12:05,1:15:05,1:15:28
833,Danny Simms,M,35,"San Diego, CA",588 out of 614,294 out of 296,97 out of 98, 36.38% Place: 590,1:15:26 Pace: 12:09,1:15:26,1:15:55
699,Michelle Sola,F,49,"Chula Vista, CA",589 out of 614,295 out of 318,39 out of 40, 45.25% Place: 478,1:15:42 Pace: 12:11,1:15:42,1:15:50
712,Jenna Tabor-Godwin,F,29,"San Diego, CA",590 out of 614,296 out of 318,150 out of 160, 40.05% Place: 563,1:15:45 Pace: 12:12,1:15:45,1:16:02
797,Jen Zornow,F,39,"San Diego, CA",591 out of 614,297 out of 318,76 out of 81, 40.75% Place: 553,1:16:40 Pace: 12:21,1:16:40,1:16:40
248,Melissa Deckers,F,29,"La Mesa, CA",592 out of 614,298 out of 318,151 out of 160, 39.57% Place: 568,1:16:40 Pace: 12:21,1:16:40,1:16:40
868,Gina Grossini,F,34,"San Diego, CA",593 out of 614,299 out of 318,77 out of 81, 39.69% Place: 565,1:16:59 Pace: 12:24,1:16:59,1:17:42
867,Carla Concha,F,32,"San Diego, CA",594 out of 614,300 out of 318,78 out of 81, 39.51% Place: 570,1:17:00 Pace: 12:24,1:17:00,1:17:42
403,Elizabeth Joseph,F,29,"San Diego, CA",595 out of 614,301 out of 318,152 out of 160, 39.39% Place: 572,1:17:01 Pace: 12:24,1:17:01,1:17:18
482,Kathleen Madden,F,29,"San Diego, CA",596 out of 614,302 out of 318,153 out of 160, 39.37% Place: 573,1:17:04 Pace: 12:25,1:17:04,1:17:50
662,Sharon Sann,F,29,"Del Mar, CA",597 out of 614,303 out of 318,154 out of 160, 39.36% Place: 574,1:17:05 Pace: 12:25,1:17:05,1:17:32
722,Patty Thompson,F,59,"Escondido, CA",598 out of 614,304 out of 318,12 out of 15, 50.55% Place: 338,1:17:18 Pace: 12:27,1:17:18,1:18:59
498,Kaya McAnear,F,29,"La Mesa, CA",599 out of 614,305 out of 318,155 out of 160, 39.24% Place: 575,1:17:19 Pace: 12:27,1:17:19,1:19:15
437,Christopher Kirby,M,39,"San Diego, CA",600 out of 614,295 out of 296,98 out of 98, 36.37% Place: 591,1:17:33 Pace: 12:29,1:17:33,1:17:59
436,Breeann Kirby,F,29,"San Diego, CA",601 out of 614,306 out of 318,156 out of 160, 39.12% Place: 576,1:17:33 Pace: 12:29,1:17:33,1:17:57
854,Katy O'Farrell,F,24,"San Diego, CA",602 out of 614,307 out of 318,157 out of 160, 38.99% Place: 578,1:17:49 Pace: 12:32,1:17:49,1:18:07
518,Renee Mendoza,F,29,"San Diego, CA",603 out of 614,308 out of 318,158 out of 160, 38.91% Place: 579,1:17:59 Pace: 12:33,1:17:59,1:17:59
1084,E Edenbecker,M,21,"San Diego, CA",604 out of 614,296 out of 296,110 out of 110, 34.46% Place: 592,1:18:14 Pace: 12:36,1:18:14,1:19:25
1064,Veronica Edwards,F,33,"San Diego, CA",605 out of 614,309 out of 318,79 out of 81, 38.68% Place: 582,1:18:47 Pace: 12:41,1:18:47,1:19:06
604,Dana Pruskowski,F,29,"San Diego, CA",606 out of 614,310 out of 318,159 out of 160, 38.51% Place: 585,1:18:47 Pace: 12:41,1:18:47,1:19:06
253,Rhonda Della Ripa,F,59,"La Mesa, CA",607 out of 614,311 out of 318,13 out of 15, 48.91% Place: 372,1:19:53 Pace: 12:52,1:19:53,1:19:53
252,Grace Delgado,F,59,"La Mesa, CA",608 out of 614,312 out of 318,14 out of 15, 48.91% Place: 371,1:19:53 Pace: 12:52,1:19:53,1:19:53
137,Lori Bays,F,39,"San Diego, CA",609 out of 614,313 out of 318,80 out of 81, 39.06% Place: 577,1:19:59 Pace: 12:53,1:19:59,1:20:16
359,Veronica Hernandez,F,29,"La Mesa, CA",610 out of 614,314 out of 318,160 out of 160, 37.86% Place: 588,1:20:08 Pace: 12:54,1:20:08,1:20:08
620,Mieko Richards,F,39,"San Diego, CA",611 out of 614,315 out of 318,81 out of 81, 38.83% Place: 580,1:20:27 Pace: 12:57,1:20:27,1:20:43
957,Renee Reinke,F,41,"Carlsbad, CA",612 out of 614,316 out of 318,40 out of 40, 38.65% Place: 583,1:21:52 Pace: 13:11,1:21:52,1:22:14
502,Paula McColgan,F,59,"Encinitas, CA",613 out of 614,317 out of 318,15 out of 15, 47.72% Place: 405,1:21:53 Pace: 13:11,1:21:53,1:22:14
138,Liz Bazan,F,0,", CA",614 out of 614,318 out of 318,0 out of 0,1:22:06 Pace: 13:13,1:22:06,1:22:06
