Place,Name,Location,Bib,Net Time,Pace,Division/Place,Sex-Age,Sex-Place,Gun Time,Age Grade
1,Taito Ozaki,"Chino Hills, CA",219,5:29,5:29,M 13-13/1,M-13,1,5:29,76.22%
2,L Teddy Wong,"Anaheim, CA",248,6:48,6:48,M 13-13/2,M-13,2,6:48,61.43%
3,Sieha Falvo,"San Clemente, CA",745,6:55,6:55,F 14-14/1,F-14,1,6:55,64.49%
4,Chase Adam,"Poway, CA",963,7:01,7:01,Unknown/2,M-11,3,7:01,62.86%
5,Rachel Slender,"Huntington Beach, CA",502,7:35,7:35,Unknown/1,F-9,2,7:35,65.64%
6,Matthew Silgailis,"Brea, CA",263,7:38,7:38,M 14-14/1,M-14,4,7:38,53.61%
7,Andria Azevedo,"Costa Mesa, CA",422,7:44,7:44,F 14-14/2,F-14,3,7:44,57.67%
8,Kylee Wilson,"Costa Mesa, CA",439,7:52,7:52,F 13-13/1,F-13,4,7:52,57.75%
9,Margarita Secundino,"San Juan Capistrano, CA",328,8:11,8:11,F 12-12/1,F-12,5,8:11,56.53%
10,Adrienna Hayden,"Anaheim, CA",241,9:20,9:20,F 13-13/2,F-13,6,9:20,48.66%
