Bib,Name,Gender,Age,Hometown,Overall,Men,M 13-13,Age/Grade,Finish,Chip Time,Gun Time
219,Taito Ozaki,M,13,"Chino Hills, CA",1 out of 10,1 out of 4,1 out of 2, 76.22% Place: 1,5:29 Pace: 5:29,5:29,5:29
248,L Teddy Wong,M,13,"Anaheim, CA",2 out of 10,2 out of 4,2 out of 2, 61.43% Place: 5,6:48 Pace: 6:48,6:48,6:48
745,Sieha Falvo,F,14,"San Clemente, CA",3 out of 10,1 out of 6,1 out of 2, 64.49% Place: 3,6:55 Pace: 6:55,6:55,6:55
963,Chase Adam,M,11,"Poway, CA",4 out of 10,3 out of 4,2 out of 2, 62.86% Place: 4,7:01 Pace: 7:01,7:01,7:01
502,Rachel Slender,F,9,"Huntington Beach, CA",5 out of 10,2 out of 6,1 out of 2, 65.64% Place: 2,7:35 Pace: 7:35,7:35,7:35
263,Matthew Silgailis,M,14,"Brea, CA",6 out of 10,4 out of 4,1 out of 1, 53.61% Place: 9,7:38 Pace: 7:38,7:38,7:38
422,Andria Azevedo,F,14,"Costa Mesa, CA",7 out of 10,3 out of 6,2 out of 2, 57.67% Place: 7,7:44 Pace: 7:44,7:44,7:44
439,Kylee Wilson,F,13,"Costa Mesa, CA",8 out of 10,4 out of 6,1 out of 2, 57.75% Place: 6,7:52 Pace: 7:52,7:52,7:52
328,Margarita Secundino,F,12,"San Juan Capistrano, CA",9 out of 10,5 out of 6,1 out of 1, 56.53% Place: 8,8:11 Pace: 8:11,8:11,8:11
241,Adrienna Hayden,F,13,"Anaheim, CA",10 out of 10,6 out of 6,2 out of 2, 48.66% Place: 10,9:20 Pace: 9:20,9:20,9:20
