Place,Name,Location,Bib,Net Time,Pace,Division/Place,Sex-Age,Sex-Place,Gun Time,Age Grade
1,William Macy,"Circle View Elementary, CA",863,5:40,5:40,M 11-99/1,M-11,1,5:40, 0.00%
2,Hannah Hall,"Hewes Middle School, CA",2146,5:44,5:44,F 11-99/1,F-13,1,5:44, 0.00%
3,Carrick Denker,"Malcom Elementary, ",2555,5:56,5:56,M 11-99/2,M-11,2,5:58, 0.00%
4,Lenny Lara,"Chaparral Elementary, ",611,5:59,5:59,M 11-99/3,M-11,3,6:02, 0.00%
5,Brooke Sharp,"Red Hill Lutheran School, ",3460,5:59,5:59,F 11-99/2,F-12,2,6:00, 0.00%
6,Adam Saldivar,"Melinda Heights Elementary, ",2895,6:02,6:02,M 11-99/4,M-12,4,6:05, 0.00%
7,Marlon Ponce,"Golden View Elementary, ",1577,6:03,6:03,M 11-99/5,M-13,5,6:23, 0.00%
8,Anthony Topete,"Hewes Middle School, ",2157,6:08,6:08,M 11-99/6,M-12,6,6:20, 0.00%
9,Justin Montenegro,"Chaparral Elementary, ",623,6:08,6:08,M 11-99/7,M-12,7,6:12, 0.00%
10,Michael Peltier,"Chaparral Elementary, ",630,6:11,6:11,M 11-99/8,M-12,8,6:15, 0.00%
11,Justin Larson,"Stonegate Elementary, ",4015,6:13,6:13,M 11-99/9,M-11,9,6:13, 0.00%
12,Brayden Gratzer,"Circle View Elementary, ",828,6:15,6:15,M 11-99/10,M-11,10,6:17, 0.00%
13,Jordon Hodges,"Students For Safe Water Group, ",4883,6:16,6:16,M 11-99/11,M-11,11,6:35, 0.00%
14,Daniel Gutierrez,"Marshall Elementary, CA",2710,6:16,6:16,M 11-99/12,M-11,12,6:51, 0.00%
15,Benjamin McKenna,", ",4942,6:19,6:19,M 01-10/1,M-10,13,6:46, 0.00%
16,Evan Antonius,"Myford Elementary, ",3025,6:19,6:19,M 01-10/2,M-10,14,6:21, 0.00%
17,Eric Sun,"Alderwood Elementary School, ",172,6:22,6:22,M 01-10/3,M-10,15,6:23, 0.00%
18,Francois Devilliers,"Alderwood Elementary School, ",115,6:23,6:23,M 01-10/4,M-8,16,6:26, 0.00%
19,Kyle Cadavona,"Westpark Elementary, ",4518,6:25,6:25,M 11-99/13,M-11,17,6:27, 0.00%
20,Zahir Chaudhry,"Melinda Heights Elementary, ",2796,6:25,6:25,M 11-99/14,M-12,18,6:30, 0.00%
21,Marco Canello,"La Madera Elementary, ",2395,6:27,6:27,M 11-99/15,M-11,19,6:28, 0.00%
22,James Broussard,"Hope View Elementary, ",2216,6:27,6:27,M 11-99/16,M-11,20,6:42, 0.00%
23,Isaiah Lee,"Greenville Fundamental School, CA",1771,6:29,6:29,M 11-99/17,M-13,21,6:46, 0.00%
24,Zachary Lee,"Oak Creek Elementary, ",3093,6:31,6:31,M 11-99/18,M-11,22,6:32, 0.00%
25,Allee Ayers,"Oak Grove Elementary, ",3123,6:31,6:31,F 11-99/3,F-11,3,6:36, 0.00%
26,Connor Kentros,"Montessori On The Lake, ",3013,6:31,6:31,M 11-99/19,M-11,23,6:33, 0.00%
27,Lance Rzepiejewski,"St Anne School Laguna Niguel, ",3832,6:32,6:32,M NoAge/1,M-0,24,6:40, 0.00%
28,Madeline Dahl,"Oak Creek Elementary, ",3084,6:33,6:33,F 11-99/4,F-11,4,6:37, 0.00%
29,Justin Fujimori,"Hope View Elementary, ",2240,6:33,6:33,M 11-99/20,M-11,25,6:48, 0.00%
30,Sebastian Thierjung,"Salem Lutheran School, ",3579,6:33,6:33,M 11-99/21,M-12,26,6:33, 0.00%
31,Angel Yepez,"Marshall Elementary, CA",2734,6:34,6:34,M 11-99/22,M-11,27,7:09, 0.00%
32,Joey Longo,"Melinda Heights Elementary, CA",2855,6:34,6:34,M 01-10/5,M-10,28,6:38, 0.00%
33,Angel Zarate,"Greenville Fundamental School, ",1945,6:34,6:34,M 11-99/23,M-12,29,6:55, 0.00%
34,Zack McDonald,"Rancho Canada Elementary, ",3395,6:35,6:35,M 11-99/24,M-11,30,6:47, 0.00%
35,Valentino Saiz,"Stonegate Elementary, ",4044,6:36,6:36,M 11-99/25,M-12,31,6:39, 0.00%
36,Jesse Moncur,"Melinda Heights Elementary, ",2868,6:37,6:37,M 11-99/26,M-12,32,6:39, 0.00%
37,Ben Fox,"Golden View Elementary, ",1536,6:37,6:37,M 11-99/27,M-11,33,6:44, 0.00%
38,Tyler Hughes,"Melinda Heights Elementary, ",2837,6:37,6:37,M 11-99/28,M-12,34,6:40, 0.00%
39,Cameron Burns,"Alderwood Elementary School, ",109,6:39,6:39,M 11-99/29,M-12,35,6:41, 0.00%
40,Nico Abusaid,"St Anne School Laguna Niguel, ",3782,6:39,6:39,M NoAge/2,M-0,36,6:50, 0.00%
41,Jeremy Rim,"Westpark Elementary, ",4553,6:46,6:46,M 11-99/30,M-12,37,6:56, 0.00%
42,Liam Bui,"La Purisima Catholic School, ",2489,6:47,6:47,M 11-99/31,M-12,38,7:09, 0.00%
43,Cassidy Lambert,"Robinson Elementary, ",3495,6:47,6:47,F 11-99/5,F-12,5,7:07, 0.00%
44,Brandon Borrayo,"College Park Elementary, ",948,6:47,6:47,M 11-99/32,M-12,39,6:55, 0.00%
45,Jessica Good,"Melinda Heights Elementary, ",2933,6:47,6:47,F 11-99/6,F-11,6,6:47, 0.00%
46,Luca Gleeson,"Alderwood Elementary School, ",126,6:48,6:48,M 01-10/6,M-9,40,6:50, 0.00%
47,Nathan Santy,"Hope View Elementary, ",2299,6:48,6:48,M 11-99/33,M-11,41,7:04, 0.00%
48,Kevin Vuozzo,"Melinda Heights Elementary, ",2922,6:48,6:48,M 01-10/7,M-10,42,6:54, 0.00%
49,Blake Juncker,"Paularino Elementary, ",3238,6:49,6:49,M 11-99/34,M-12,43,7:33, 0.00%
50,Logan Wall,"Malcom Elementary, ",2650,6:50,6:50,M 11-99/35,M-11,44,7:07, 0.00%
51,Zoey Lynd,"La Madera Elementary, ",2437,6:50,6:50,F 11-99/7,F-13,7,6:51, 0.00%
52,William Fournier,"St Anne School Laguna Niguel, ",3804,6:53,6:53,M NoAge/3,M-0,45,7:01, 0.00%
53,Louis Wai-Choon,"Hewes Middle School, CA",2158,6:53,6:53,M 11-99/36,M-12,46,7:03, 0.00%
54,Ertugrul Acar,"Deerfield Elementary, ",1088,6:53,6:53,M 11-99/37,M-11,47,7:06, 0.00%
55,Hailey Rae Danskin,"Chaparral Elementary, ",596,6:53,6:53,F 11-99/8,F-12,8,6:58, 0.00%
56,Jordan Cabrera,"La Purisima Catholic School, ",2491,6:54,6:54,M 11-99/38,M-13,48,7:17, 0.00%
57,Dennis Obong,"College Park Elementary, ",1000,6:55,6:55,M 11-99/39,M-11,49,7:02, 0.00%
58,Austin Urena,"Chaparral Elementary, ",648,6:55,6:55,M 11-99/40,M-11,50,7:05, 0.00%
59,Dillon Scott,"Vista Del Mar Elementary, ",4440,6:55,6:55,M 11-99/41,M-11,51,7:18, 0.00%
60,Joel Ramos,"College Park Elementary, ",1016,6:56,6:56,M 11-99/42,M-11,52,7:03, 0.00%
61,Blake Earl,"La Purisima Catholic School, ",2493,6:56,6:56,M 11-99/43,M-12,53,7:18, 0.00%
62,Kevin Cortez,"College Park Elementary, CA",963,6:56,6:56,M 11-99/44,M-12,54,7:16, 0.00%
63,Riley Russell,"Circle View Elementary, ",896,6:57,6:57,M 11-99/45,M-11,55,7:00, 0.00%
64,Chris Tatomir,"St Anne School Laguna Niguel, ",3836,6:59,6:59,M NoAge/4,M-0,56,7:09, 0.00%
65,Camron Hicks,"Deerfield Elementary, ",1110,6:59,6:59,M 11-99/46,M-11,57,7:20, 0.00%
66,David Ho,"Marshall Elementary, CA",2713,6:59,6:59,M 11-99/47,M-12,58,7:34, 0.00%
67,Lukas Batlik,"Davis Magnet School, ",1057,7:00,7:00,M 11-99/48,M-11,59,7:38, 0.00%
68,John Mulvihill,"St Anne School Laguna Niguel, ",3823,7:01,7:01,M NoAge/5,M-0,60,7:35, 0.00%
69,Kayla Queen,"Canyon Vista School, ",476,7:02,7:02,F 11-99/9,F-11,9,7:13, 0.00%
70,Paola Ponce,"Golden View Elementary, ",1579,7:04,7:04,F 11-99/10,F-11,10,7:41, 0.00%
71,Jake Traverso,"Ambuehl Elementary, ",228,7:04,7:04,M 11-99/49,M-11,61,7:23, 0.00%
72,Luigi Palumbo,"Paularino Elementary, ",3222,7:04,7:04,M 11-99/50,M-11,62,7:26, 0.00%
73,Morgan Yee,"Gates Elementary, ",1485,7:05,7:05,F 11-99/11,F-11,11,7:13, 0.00%
74,Melissa Firoozi,"Alderwood Elementary School, ",122,7:06,7:06,F 11-99/12,F-11,12,7:09, 0.00%
75,Adam Rigney,"Oak Grove Elementary, ",3144,7:06,7:06,M 11-99/51,M-12,63,7:12, 0.00%
76,Caitlyn King,"Stonegate Elementary, ",4013,7:07,7:07,F 11-99/13,F-11,13,7:09, 0.00%
77,Jacob Hembree,"La Madera Elementary, ",2417,7:07,7:07,M 11-99/52,M-11,64,7:09, 0.00%
78,Alexandra Lalonde,"Alderwood Elementary School, ",140,7:07,7:07,F 01-10/1,F-8,14,7:11, 0.00%
79,Cole Hazard,"Hope View Elementary, ",2255,7:08,7:08,M 01-10/8,M-9,65,7:22, 0.00%
80,Jack Armstrong,"Ambuehl Elementary, ",192,7:08,7:08,M 01-10/9,M-8,66,7:29, 0.00%
81,Ivanna Adames,"Robinson Elementary, ",3470,7:09,7:09,F 11-99/14,F-11,15,7:28, 0.00%
82,Mae Altarac,"Alderwood Elementary School, ",101,7:10,7:10,F 01-10/2,F-10,16,7:13, 0.00%
83,Jackson Lobianco,"Westpark Elementary, ",4541,7:10,7:10,M 11-99/53,M-11,67,7:14, 0.00%
84,James Leung,"Trabuco Mesa Elementary, ",4232,7:11,7:11,M 11-99/54,M-13,68,7:33, 0.00%
85,Ryan Lettieri,"Rancho Canada Elementary, ",3391,7:11,7:11,M 11-99/55,M-11,69,7:21, 0.00%
86,Jack Ellis,"Hope View Elementary, ",2236,7:12,7:12,M 01-10/10,M-10,70,7:28, 0.00%
87,Ken Tomitaka,"Tustin Ranch Elementary, ",4390,7:13,7:13,M 01-10/11,M-7,71,7:25, 0.00%
88,Devin Tre' Villalpando,"Davis Magnet School, ",1084,7:15,7:15,M 11-99/56,M-12,72,7:59, 0.00%
89,Chase Lasken,"St Anne School Laguna Niguel, ",3812,7:15,7:15,M NoAge/6,M-0,73,7:50, 0.00%
90,Christopher Chua,"Stonegate Elementary, ",3967,7:16,7:16,M 11-99/57,M-11,74,7:21, 0.00%
91,Juan Chamu,"Marshall Elementary, ",2702,7:16,7:16,M 11-99/58,M-11,75,7:51, 0.00%
92,Jenny Leitman,"Oak Creek Elementary, ",3094,7:16,7:16,F 11-99/15,F-11,17,7:20, 0.00%
93,Jacob Wagman,"Students For Safe Water Group, ",4896,7:17,7:17,M 11-99/59,M-11,76,7:36, 0.00%
94,Kaitlyn Santala,"Oak Grove Elementary, ",3147,7:17,7:17,F 11-99/16,F-11,18,7:23, 0.00%
95,Adam Urena,"Chaparral Elementary, ",647,7:19,7:19,M 11-99/60,M-11,77,7:29, 0.00%
96,Kaela Brenner,"St John'S Lutheran - Orange, ",3857,7:19,7:19,F 11-99/17,F-46,19,7:19, 0.00%
97,Sebastian Santos,", ",1047,7:20,7:20,M 11-99/61,M-11,78,7:28, 0.00%
98,Aj Takata,"St Anne School Laguna Niguel, ",3835,7:21,7:21,M NoAge/7,M-0,79,7:32, 0.00%
99,Andrew Graham,"La Purisima Catholic School, ",2499,7:21,7:21,M 11-99/62,M-11,80,7:44, 0.00%
100,Julia Fong,"Holy Family Cathedral School, CA",2169,7:21,7:21,F 01-10/3,F-10,20,8:03, 0.00%
101,Mohammed Wasereddin,"College Park Elementary, ",1042,7:22,7:22,M 11-99/63,M-12,81,7:28, 0.00%
102,Alex Vargas,"College Park Elementary, ",1039,7:22,7:22,M 11-99/64,M-11,82,7:40, 0.00%
103,Jake Urena,"Chaparral Elementary, ",649,7:22,7:22,M 11-99/65,M-12,83,7:32, 0.00%
104,Noah Rodriguez,"Hewes Middle School, ",2151,7:23,7:23,M 11-99/66,M-12,84,7:33, 0.00%
105,Nicholas Madole,"Hope View Elementary, ",2274,7:25,7:25,M 01-10/12,M-10,85,7:40, 0.00%
106,Bailey Gutierrez,"Hewes Middle School, CA",2145,7:25,7:25,M 11-99/67,M-13,86,7:37, 0.00%
107,Michael Lowther,"St Anne School Laguna Niguel, ",3814,7:25,7:25,M NoAge/8,M-0,87,8:07, 0.00%
108,Steven Alvarez,"Marshall Elementary, CA",2696,7:25,7:25,M 11-99/68,M-12,88,7:51, 0.00%
109,Aidan Sullivan,"Ambuehl Elementary, ",224,7:26,7:26,M 11-99/69,M-12,89,7:28, 0.00%
110,Emmanuel Zarate,"Greenville Fundamental School, CA",1947,7:26,7:26,M 11-99/70,M-11,90,7:43, 0.00%
111,Christian Kelly,"Hope View Elementary, ",2266,7:26,7:26,M 01-10/13,M-10,91,7:53, 0.00%
112,Andrea Roy,"Westpark Elementary, ",4555,7:27,7:27,M 11-99/71,M-11,92,7:30, 0.00%
113,Viktor Petokas,"Turtle Rock Elementary, ",4304,7:27,7:27,M 11-99/72,M-12,93,8:13, 0.00%
114,Colby Gass,"Robinson Elementary, ",3490,7:27,7:27,M 11-99/73,M-11,94,7:46, 0.00%
115,Troy Ailanjian,"La Madera Elementary, ",2386,7:28,7:28,M 01-10/14,M-8,95,7:30, 0.00%
116,Christian Trejo,"Monroe Elementary, ",2999,7:28,7:28,M 11-99/74,M-13,96,7:34, 0.00%
117,Melissa Quon,"Deerfield Elementary, ",1163,7:29,7:29,F 11-99/18,F-11,21,7:31, 0.00%
118,Javier Rodriguez,"Alderwood Elementary School, ",163,7:29,7:29,M 01-10/15,M-10,97,7:32, 0.00%
119,Lance Borden,"Mission Hills Christian School, ",2953,7:29,7:29,M 11-99/75,M-13,98,8:14, 0.00%
120,Logan Hendricks,"La Madera Elementary, ",2418,7:29,7:29,M 01-10/16,M-10,99,7:31, 0.00%
121,Ethan Armstrong,"Ambuehl Elementary, ",191,7:30,7:30,M 11-99/76,M-11,100,7:49, 0.00%
122,Tanner Harris,"Golden View Elementary, ",1549,7:30,7:30,M 01-10/17,M-10,101,7:37, 0.00%
123,Ethan Shank,"Stonegate Elementary, ",4050,7:31,7:31,M 11-99/77,M-11,102,7:36, 0.00%
124,George Walters,"Malcom Elementary, ",2652,7:31,7:31,M 11-99/78,M-11,103,7:38, 0.00%
125,Mark Benitez,"Monroe Elementary, ",2989,7:31,7:31,M 01-10/18,M-10,104,7:37, 0.00%
126,Sydney Mach,"Hewes Middle School, CA",2148,7:31,7:31,F 11-99/19,F-12,22,7:36, 0.00%
127,Michael Burgard,"Dr Ralph E Hawes Elementary, ",1295,7:32,7:32,M 11-99/79,M-11,105,7:56, 0.00%
128,Devon Ragon,"College Park Elementary, ",1014,7:32,7:32,M 11-99/80,M-11,106,7:39, 0.00%
129,Vienna Agnew,"Oak Grove Elementary, ",3119,7:32,7:32,F 01-10/4,F-10,23,7:38, 0.00%
130,Lucy Peterson,"Melinda Heights Elementary, ",2883,7:33,7:33,F 01-10/5,F-8,24,7:36, 0.00%
131,Savannah Harris,"La Madera Elementary, ",2416,7:33,7:33,F 11-99/20,F-11,25,7:35, 0.00%
132,Sarah Arreola,"Cielo Vista Elementary, ",675,7:34,7:34,F 11-99/21,F-12,26,7:49, 0.00%
133,Isabella Reyes,"Holy Family Cathedral School, CA",2190,7:35,7:35,F 11-99/22,F-11,27,8:17, 0.00%
134,Alexandra Davis,"Portola Hills Elementary, ",3307,7:35,7:35,F 11-99/23,F-11,28,7:44, 0.00%
135,Joseph Fitt,"Rancho Canada Elementary, ",3376,7:36,7:36,M 01-10/19,M-8,107,7:58, 0.00%
136,Aingela Kattapuram,"Portola Hills Elementary, ",3316,7:36,7:36,F 11-99/24,F-11,29,7:44, 0.00%
137,Travis Harmon,"Hope View Elementary, ",2253,7:36,7:36,M 01-10/20,M-10,108,7:51, 0.00%
138,Utkarsh Singh,"Melinda Heights Elementary, ",2911,7:36,7:36,M 11-99/81,M-12,109,7:40, 0.00%
139,Madison Lam,"Woodbury Elementary, ",4687,7:37,7:37,F 11-99/25,F-11,30,7:43, 0.00%
140,Max Syben-Moscicki,"Woodbury Elementary, ",4765,7:37,7:37,M 11-99/82,M-12,110,7:42, 0.00%
141,Nick Dybel,"Robinson Elementary, ",3485,7:37,7:37,M 11-99/83,M-11,111,8:00, 0.00%
142,Gabriela Taylor,"Turtle Rock Elementary, ",4311,7:37,7:37,F 11-99/26,F-11,31,7:41, 0.00%
143,Massimo Fry,"Melinda Heights Elementary, ",2822,7:38,7:38,M 11-99/84,M-12,112,7:50, 0.00%
144,Aaron Gonzales,"College Park Elementary, ",972,7:38,7:38,M 11-99/85,M-12,113,7:56, 0.00%
145,Owen Ohlson,"Ambuehl Elementary, ",216,7:39,7:39,M 11-99/86,M-11,114,7:57, 0.00%
146,Brandon Hsu,"Woodbury Elementary, ",4820,7:39,7:39,M 01-10/21,M-10,115,7:49, 0.00%
147,Owen Garrett,"Salem Lutheran School, ",3550,7:39,7:39,M 11-99/88,M-12,116,8:06, 0.00%
148,Brian Englen,"Chaparral Elementary, ",598,7:39,7:39,M 11-99/87,M-12,117,8:13, 0.00%
149,Zane Weaver,"Harbor View, CA",2122,7:40,7:40,M 11-99/89,M-11,118,8:01, 0.00%
150,Takeshi Okina,"Oak Creek Elementary, ",3097,7:40,7:40,M 11-99/90,M-12,119,7:48, 0.00%
151,Benjo Veach,"Joseph R Perry Elementary, CA",2351,7:40,7:40,M 11-99/91,M-11,120,7:47, 0.00%
152,Erin Kim,"Stonegate Elementary, ",4004,7:40,7:40,F 11-99/27,F-12,32,7:42, 0.00%
153,Joshua Barton,"Paularino Elementary, CA",3181,7:40,7:40,M 11-99/92,M-12,121,8:26, 0.00%
154,Bradley Kirkman,"Hope View Elementary, ",2267,7:40,7:40,M 01-10/22,M-9,122,8:11, 0.00%
155,Amir - Hadi Boroumand,"Ambuehl Elementary, ",194,7:41,7:41,M 01-10/23,M-10,123,7:59, 0.00%
156,Nikki Armour,", ",1493,7:42,7:42,F 11-99/28,F-11,33,7:54, 0.00%
157,Ryan Petersen,"Circle View Elementary, ",886,7:42,7:42,M 11-99/93,M-11,124,7:42, 0.00%
158,Jahnvi Mehta,"Myford Elementary, CA",3056,7:42,7:42,F 11-99/29,F-11,34,7:49, 0.00%
159,Ian Shaw,"Hewes Middle School, ",2153,7:42,7:42,M 11-99/94,M-12,125,7:54, 0.00%
160,Lindsey Colclough,"Melinda Heights Elementary, ",2800,7:43,7:43,F 11-99/30,F-12,35,7:50, 0.00%
161,Dongku Kim,"Myford Elementary, ",3050,7:43,7:43,M 11-99/95,M-11,126,8:19, 0.00%
162,Robert Beddome,"Turtle Rock Elementary, ",4283,7:43,7:43,M 11-99/96,M-12,127,8:31, 0.00%
163,Keeley Delaney,"Hope View Elementary, ",2231,7:43,7:43,F 11-99/31,F-11,36,8:14, 0.00%
164,Ethan Niu,"Westpark Elementary, ",4546,7:43,7:43,M 11-99/97,M-11,128,7:48, 0.00%
165,Keegan Fredriksen,"Oak Grove Elementary, ",3130,7:44,7:44,M 11-99/98,M-11,129,7:56, 0.00%
166,Natalie Gomez,"Hope View Elementary, ",2244,7:44,7:44,F 11-99/32,F-11,37,8:14, 0.00%
167,Everett Chok,"Alderwood Elementary School, ",112,7:44,7:44,M 11-99/99,M-11,130,7:48, 0.00%
168,Holden Hoffman,"Melinda Heights Elementary, ",2833,7:45,7:45,M NoAge/9,M-0,131,8:19, 0.00%
169,Lizzie Spencer,"Holy Family Cathedral School, CA",2194,7:46,7:46,F 11-99/33,F-11,38,8:29, 0.00%
170,Amy Pearson,"Myford Elementary, ",3060,7:46,7:46,F 11-99/34,F-11,39,7:53, 0.00%
171,Sophia Agnew,"Oak Grove Elementary, ",3118,7:46,7:46,F 11-99/35,F-12,40,7:53, 0.00%
172,Emma Farajian,"Deerfield Elementary, ",1106,7:47,7:47,F 11-99/36,F-11,41,7:50, 0.00%
173,Katherine Steel,"Hewes Middle School, ",2154,7:47,7:47,F 11-99/37,F-12,42,7:52, 0.00%
174,William Gass,"Melinda Heights Elementary, ",2825,7:47,7:47,M 01-10/24,M-10,132,7:51, 0.00%
175,Douglas Reyes,"College Park Elementary, CA",1020,7:48,7:48,M 11-99/100,M-11,133,7:54, 0.00%
176,Amber Rigney,"Oak Grove Elementary, CA",3145,7:48,7:48,F 01-10/6,F-9,43,7:52, 0.00%
177,Henry Peterson,"Melinda Heights Elementary, ",2882,7:48,7:48,M 01-10/25,M-9,134,8:09, 0.00%
178,Cori Guerre,"Circle View Elementary, ",830,7:49,7:49,F 11-99/38,F-11,44,8:17, 0.00%
179,Emilio Rios,"Marshall Elementary, CA",2727,7:50,7:50,M 11-99/101,M-11,135,8:15, 0.00%
180,Geordie Taber,"La Purisima Catholic School, ",2507,7:50,7:50,M 11-99/102,M-11,136,8:11, 0.00%
181,Gabriella Kresonja,"Oak Grove Elementary, ",3137,7:50,7:50,F 11-99/39,F-12,45,8:05, 0.00%
182,Keaton Kaess,"Circle View Elementary, ",848,7:50,7:50,M 01-10/26,M-10,137,7:55, 0.00%
183,Reese Davidson,"Melinda Heights Elementary, ",2809,7:51,7:51,F 11-99/40,F-12,46,7:58, 0.00%
184,Blanca Roman,"Golden View Elementary, ",1585,7:51,7:51,F NoAge/1,F-0,47,7:58, 0.00%
185,Lizeth Hilario,"Marshall Elementary, ",2712,7:53,7:53,F 11-99/41,F-11,48,8:29, 0.00%
186,Dulce Maria Catalon,"Marshall Elementary, ",2700,7:53,7:53,F 11-99/42,F-11,49,8:29, 0.00%
187,Sean Caulfield,"La Madera Elementary, ",2396,7:54,7:54,M 11-99/103,M-11,138,7:56, 0.00%
188,Andres Flores,"Wakeham Elementary, ",4455,7:54,7:54,M 11-99/104,M-11,139,8:18, 0.00%
189,Mathilda Bates,"Harbor Day School, ",1959,7:54,7:54,F 11-99/43,F-12,50,8:25, 0.00%
190,Vineet Kumar,"Myford Elementary, ",3052,7:54,7:54,M 01-10/27,M-10,140,8:04, 0.00%
191,Austin White,"Alderwood Elementary School, ",176,7:55,7:55,M 11-99/105,M-11,141,7:57, 0.00%
192,Youssef Elshenawi,"Montessori On The Lake, CA",3009,7:55,7:55,M 01-10/28,M-10,142,8:00, 0.00%
193,Joshua Trevino,"Greenville Fundamental School, CA",1920,7:56,7:56,M 01-10/29,M-10,143,8:12, 0.00%
194,Kaitlyn Kirkman,"Hope View Elementary, ",2268,7:56,7:56,F 11-99/44,F-11,51,8:26, 0.00%
195,L Burgard,"Dr Ralph E Hawes Elementary, ",1294,7:56,7:56,M 01-10/30,M-10,144,8:16, 0.00%
196,Jonathan Leung,"Trabuco Mesa Elementary, ",4233,7:56,7:56,M 11-99/106,M-13,145,8:18, 0.00%
197,Ethan McKenzie,"Robinson Elementary, ",3501,7:56,7:56,M 11-99/107,M-12,146,8:17, 0.00%
198,Holly Hesseltine,"Holy Family Cathedral School, CA",2175,7:57,7:57,F 11-99/45,F-14,52,8:41, 0.00%
199,Ryan Faulks,"Melinda Heights Elementary, ",2932,7:57,7:57,M 01-10/31,M-10,147,8:09, 0.00%
200,Hunter Thompson,"Melinda Heights Elementary, ",2918,7:57,7:57,M 01-10/32,M-10,148,8:09, 0.00%
201,Matthew Maxfield,"Melinda Heights Elementary, ",2863,7:57,7:57,M 11-99/108,M-11,149,7:59, 0.00%
202,James McConnaughey,"Harbor Day School, ",1990,7:57,7:57,M 11-99/109,M-12,150,8:26, 0.00%
203,Emily Hoffman,"Melinda Heights Elementary, ",2832,7:58,7:58,F NoAge/2,F-0,53,8:32, 0.00%
204,Cade Olsen,"Portola Hills Elementary, ",3324,7:58,7:58,M 11-99/110,M-11,151,8:31, 0.00%
205,Natalie Kim,"Stonegate Elementary, ",4009,7:58,7:58,F 11-99/46,F-11,54,7:58, 0.00%
206,Lauren Bryant,"Turtle Rock Elementary, ",4285,7:59,7:59,F 11-99/47,F-11,55,8:03, 0.00%
207,Alyssa Smith,"Trabuco Mesa Elementary, ",4262,7:59,7:59,F 11-99/48,F-11,56,8:21, 0.00%
208,Palmer Ailanjian,"La Madera Elementary, ",2385,7:59,7:59,M 11-99/111,M-11,152,8:01, 0.00%
209,Andrew Berdelis,"Seacliff Elementary, ",3602,7:59,7:59,M 01-10/33,M-6,153,8:10, 0.00%
210,Collin Burke,"St Anne School Laguna Niguel, ",3788,7:59,7:59,M NoAge/10,M-0,154,8:42, 0.00%
211,Sydney Croy,"Canyon Vista School, ",380,8:00,8:00,F 11-99/49,F-11,57,8:10, 0.00%
212,Sonny Lucero,"Chaparral Elementary, ",613,8:00,8:00,M 11-99/112,M-11,155,8:36, 0.00%
213,Ai-Tan La,"McPherson Magnet School, ",2764,8:00,8:00,M 01-10/34,M-9,156,8:04, 0.00%
214,Tristan Bleeker,"Oak Creek Elementary, CA",3080,8:00,8:00,M 11-99/113,M-12,157,8:05, 0.00%
215,Nicole Leick,", ",4951,8:00,8:00,F 11-99/50,F-12,58,8:35, 0.00%
216,Megan Fisk,"Oak Creek Elementary, ",3087,8:01,8:01,F 11-99/51,F-11,59,8:06, 0.00%
217,Adam Maxfield,"Melinda Heights Elementary, ",2862,8:01,8:01,M 01-10/35,M-10,158,8:07, 0.00%
218,Jeremy Rodriguez,"Gates Elementary, ",1461,8:02,8:02,M 01-10/36,M-10,159,8:15, 0.00%
219,Katrina Soro,"Alderwood Elementary School, ",170,8:05,8:05,F 01-10/7,F-8,60,8:17, 0.00%
220,Ethan Pfrunder,"College Park Elementary, ",1007,8:05,8:05,M 11-99/114,M-11,160,8:24, 0.00%
221,Isabella Fry,"Melinda Heights Elementary, ",2821,8:06,8:06,F 01-10/8,F-10,61,8:18, 0.00%
222,Eryn Pitts,"Oak Creek Elementary, ",3099,8:07,8:07,F 01-10/9,F-9,62,8:14, 0.00%
223,Brennen Garff,"Vista Del Mar Elementary, ",4416,8:07,8:07,M 11-99/115,M-11,161,8:30, 0.00%
224,Zachary Buchanan,"Tustin Ranch Elementary, ",4329,8:09,8:09,M 01-10/37,M-9,162,8:39, 0.00%
225,Samantha Rojo,"McPherson Magnet School, ",2777,8:10,8:10,F 11-99/52,F-11,63,8:24, 0.00%
226,Trevor Schafer,"Robinson Elementary, CA",3513,8:10,8:10,M 11-99/116,M-11,163,8:30, 0.00%
227,Alan Hernandez,"Peters 4-6 Elementary, ",3264,8:12,8:12,M 11-99/117,M-12,164,8:41, 0.00%
228,Carla Carreno,"Deerfield Elementary, ",1100,8:15,8:15,F 11-99/53,F-11,64,8:30, 0.00%
229,Michael Ditommaso,"Robinson Elementary, ",3484,8:15,8:15,M 11-99/118,M-11,165,8:35, 0.00%
230,Katherine Huang,"Myford Elementary, CA",3045,8:15,8:15,F 01-10/10,F-10,65,9:01, 0.00%
231,Paige Hesseltine,"Holy Family Cathedral School, CA",2176,8:15,8:15,F 01-10/11,F-10,66,8:57, 0.00%
232,Azumi Arai,"Oak Creek Elementary, ",3077,8:16,8:16,F 11-99/54,F-12,67,8:22, 0.00%
233,Cesar Jacquez,"Top Of The World Elementary, ",4180,8:16,8:16,M 11-99/119,M-11,166,8:46, 0.00%
234,Victoria Flores,"La Madera Elementary, ",2409,8:16,8:16,F NoAge/3,F-0,68,8:44, 0.00%
235,Akash Mullick,"Westpark Elementary, ",4580,8:16,8:16,M 11-99/120,M-11,167,8:20, 0.00%
236,Jacob Aslam,"Woodbury Elementary, ",4593,8:17,8:17,M 01-10/38,M-9,168,8:25, 0.00%
237,Sabrina Zeitawi,"Don Juan Avila Elementary, ",1276,8:17,8:17,F NoAge/4,F-0,69,8:50, 0.00%
238,Sedona Merhazion,"Rancho Canada Elementary, ",3397,8:18,8:18,F 11-99/55,F-11,70,8:27, 0.00%
239,Cole Maihen,"Robinson Elementary, ",3496,8:18,8:18,M 11-99/121,M-11,169,8:38, 0.00%
240,Quinn Curran,"Rancho Canada Elementary, ",3373,8:18,8:18,M 11-99/122,M-12,170,8:37, 0.00%
241,Devonta Stewart,"Marion Bergeson Elementary, ",2690,8:18,8:18,M 01-10/39,M-10,171,8:46, 0.00%
242,Jasper Scott,"Woodbury Elementary, ",4740,8:19,8:19,M 01-10/40,M-10,172,8:27, 0.00%
243,Jake Halpern,"Stonegate Elementary, ",3984,8:19,8:19,M 11-99/123,M-12,173,8:22, 0.00%
244,Ryan Foster,"Stonegate Elementary, ",3977,8:19,8:19,M 11-99/124,M-11,174,8:22, 0.00%
245,Justin Ramos,"Holy Family Cathedral School, ",2189,8:19,8:19,M NoAge/11,M-0,175,8:42, 0.00%
246,Joshua Venz,"Melinda Heights Elementary, ",2919,8:20,8:20,M 11-99/125,M-12,176,8:25, 0.00%
247,Jack Dennis,"Students For Safe Water Group, ",4877,8:20,8:20,M 01-10/41,m-10,177,8:58, 0.00%
248,Cooper Murr,"St Anne School Laguna Niguel, ",3825,8:21,8:21,M NoAge/12,M-0,178,9:03, 0.00%
249,Kia Sowlati,"Woodbury Elementary, ",4756,8:21,8:21,M 11-99/126,M-11,179,8:28, 0.00%
250,Grace Dennis,"Students For Safe Water Group, ",4876,8:21,8:21,F 11-99/56,F-12,71,8:59, 0.00%
251,Diego Strecke,"Hope View Elementary, ",2306,8:21,8:21,M 01-10/42,M-9,180,8:51, 0.00%
252,Teagan Delaney,"Hope View Elementary, ",2232,8:21,8:21,F 01-10/12,F-8,72,8:51, 0.00%
253,Cam Traverso,"Ambuehl Elementary, ",227,8:22,8:22,M 11-99/127,M-11,181,8:42, 0.00%
254,Joshua Steinberg,"Woodbury Elementary, ",4760,8:22,8:22,M 01-10/43,M-9,182,8:27, 0.00%
255,Thaheer Hassim,"Rancho Canada Elementary, CA",3381,8:22,8:22,M 11-99/128,M-12,183,8:33, 0.00%
256,Liam Thorp,"Hewes Middle School, ",2156,8:23,8:23,M 11-99/129,M-11,184,8:33, 0.00%
257,Max Gale,"Alderwood Elementary School, ",123,8:23,8:23,M 11-99/130,M-11,185,8:26, 0.00%
258,Heather Huang,"Woodbury Elementary, ",4666,8:23,8:23,F 11-99/57,F-12,73,8:35, 0.00%
259,Manuel Alcaraz,"Boys And Girls Clubs Of Buena , ",256,8:23,8:23,M 11-99/131,M-13,186,8:49, 0.00%
260,Blake Hodges,"Canyon Vista School, ",414,8:23,8:23,M 11-99/132,M-11,187,8:54, 0.00%
261,Colin Huang,"Woodbury Elementary, ",4822,8:23,8:23,M 01-10/44,M-8,188,8:33, 0.00%
262,Karsyn Kesler,"Golden View Elementary, ",1554,8:23,8:23,M 01-10/45,M-10,189,9:00, 0.00%
263,Donovan Ganes,"Woodbury Elementary, ",4647,8:23,8:23,M 01-10/46,M-7,190,8:33, 0.00%
264,Nicolas Macado,"Hewes Middle School, ",2147,8:24,8:24,M 11-99/133,M-14,191,8:35, 0.00%
265,Ryann Storey,"Hewes Middle School, ",2155,8:25,8:25,F 11-99/58,F-11,74,8:37, 0.00%
266,Kylie Thompson,"Mission Hills Christian School, ",2980,8:25,8:25,F 11-99/59,F-11,75,8:48, 0.00%
267,Kaitlyn Prickett,"Peters 4-6 Elementary, ",3276,8:25,8:25,F 11-99/60,F-11,76,8:54, 0.00%
268,Maggie Miller,"Hewes Middle School, ",2149,8:25,8:25,F 11-99/61,F-12,77,8:37, 0.00%
269,Grand Kumtak,"Golden View Elementary, CA",1556,8:25,8:25,M 11-99/134,M-11,192,9:06, 0.00%
270,Yujin Choi,"Myford Elementary, ",3031,8:25,8:25,M 11-99/135,M-11,193,9:12, 0.00%
271,Dane Williams,"Dr Ralph E Hawes Elementary, ",1337,8:25,8:25,M 11-99/136,M-12,194,8:48, 0.00%
272,Elizabeth Mosham,"Dr Ralph E Hawes Elementary, ",1317,8:26,8:26,F 11-99/62,F-11,78,8:48, 0.00%
273,Jazzlyn Longo,"Melinda Heights Elementary, ",2854,8:26,8:26,F 01-10/13,F-8,79,8:33, 0.00%
274,Ari Braswell,"Robinson Elementary, ",3474,8:26,8:26,F 11-99/63,F-12,80,8:45, 0.00%
275,Mason Molina,"Melinda Heights Elementary, ",2867,8:26,8:26,M 01-10/47,M-9,195,8:31, 0.00%
276,Aidan Falk,"St Anne School Laguna Niguel, ",3801,8:26,8:26,M NoAge/13,M-0,196,9:09, 0.00%
277,Spencer Kandel,"La Madera Elementary, CA",2425,8:26,8:26,M 11-99/137,M-11,197,8:28, 0.00%
278,Matthew Low,"Circle View Elementary, ",859,8:28,8:28,M 11-99/138,M-11,198,8:55, 0.00%
279,Jillian Hadley,"Trabuco Mesa Elementary, ",4225,8:29,8:29,F 11-99/64,F-11,81,8:53, 0.00%
280,Valentino Petrozzi,"Golden View Elementary, ",1605,8:29,8:29,M 11-99/139,M-11,199,9:04, 0.00%
281,Hayden Scott,"Golden View Elementary, ",1590,8:29,8:29,M 01-10/48,M-10,200,9:04, 0.00%
282,Hailey White,"Alderwood Elementary School, ",177,8:29,8:29,F 01-10/14,F-10,82,8:33, 0.00%
283,Hikaru Maruyama,"Tustin Ranch Elementary, ",4363,8:29,8:29,M 01-10/49,M-10,201,9:02, 0.00%
284,Elias Fang,"Westpark Elementary, ",4524,8:29,8:29,M 11-99/140,M-12,202,8:41, 0.00%
285,Ajinkya Rane,"Westpark Elementary, ",4552,8:30,8:30,M 11-99/141,M-11,203,8:34, 0.00%
286,Brianna Borrego,"Hope View Elementary, ",2214,8:30,8:30,F 11-99/65,F-11,83,9:00, 0.00%
287,Kyle Kong,"Mission Hills Christian School, ",2968,8:30,8:30,M 11-99/142,M-13,204,9:17, 0.00%
288,Justin Merlino,"Mission Hills Christian School, ",2974,8:30,8:30,M NoAge/14,M-0,205,9:18, 0.00%
289,Troy Kong,"Mission Hills Christian School, ",2969,8:30,8:30,M 11-99/143,M-13,206,9:16, 0.00%
290,Mia Moscicki,"Woodbury Elementary, ",4706,8:30,8:30,F 01-10/15,F-9,84,8:37, 0.00%
291,Rowan Oliphant,"Harbor Day School, ",1998,8:31,8:31,F 11-99/66,F-11,85,9:00, 0.00%
292,Jenna Opp,"McPherson Magnet School, ",2775,8:31,8:31,F 11-99/67,F-11,86,9:01, 0.00%
293,Noor Said,"Hewes Middle School, ",2152,8:31,8:31,F 11-99/68,F-13,87,8:36, 0.00%
294,Vivian Cocotis,"Golden View Elementary, ",1529,8:32,8:32,F 11-99/69,F-11,88,8:41, 0.00%
295,Will Done,"La Madera Elementary, ",2404,8:32,8:32,M 01-10/50,M-10,207,8:34, 0.00%
296,Eli Foyle,"McPherson Magnet School, CA",2756,8:32,8:32,M 11-99/144,M-12,208,9:01, 0.00%
297,Emily Basaldua,"Golden View Elementary, ",1509,8:32,8:32,F 11-99/70,F-11,89,9:10, 0.00%
298,Alison Steinker,"Melinda Heights Elementary, ",2914,8:33,8:33,F 11-99/71,F-11,90,8:40, 0.00%
299,Gabriela George,"Golden View Elementary, ",1541,8:33,8:33,F 11-99/72,F-11,91,8:43, 0.00%
300,Kortney Maeda,"Alderwood Elementary School, ",147,8:33,8:33,F 01-10/16,F-9,92,8:36, 0.00%
301,Patty Phangsavanh,"Marshall Elementary, CA",2725,8:33,8:33,F 11-99/73,F-11,93,9:09, 0.00%
302,Kimaya Reddy,"Harbor Day School, ",2002,8:33,8:33,F 11-99/74,F-11,94,9:02, 0.00%
303,Isaac Betancourt,"Alderwood Elementary School, ",106,8:33,8:33,M 01-10/51,M-10,209,8:36, 0.00%
304,Johnathon Soto,"Alderwood Elementary School, ",171,8:34,8:34,M 01-10/52,M-7,210,8:48, 0.00%
305,Brooke Ferncez,"Circle View Elementary, ",820,8:34,8:34,F 11-99/75,F-11,95,8:56, 0.00%
306,Christian Stanford,"Rancho Canada Elementary, ",3413,8:35,8:35,M 11-99/145,M-11,211,8:47, 0.00%
307,Macey Mullane,"Harbor Day School, ",1997,8:35,8:35,F 11-99/76,F-11,96,9:05, 0.00%
308,Emily Oldham,"Alderwood Elementary School, ",153,8:35,8:35,F 11-99/77,F-11,97,8:40, 0.00%
309,Rachel Dihm,"Melinda Heights Elementary, ",2812,8:35,8:35,F 11-99/78,F-11,98,8:44, 0.00%
310,Rhyan Pitts,"Oak Creek Elementary, ",3114,8:36,8:36,F 11-99/79,F-11,99,8:43, 0.00%
311,Caitlin Clift,"Alderwood Elementary School, ",113,8:37,8:37,F 11-99/80,F-11,100,8:41, 0.00%
312,Ethan Beck,"Cielo Vista Elementary, ",679,8:37,8:37,M 01-10/53,M-10,212,8:51, 0.00%
313,Brandon Smith,"Rancho Canada Elementary, ",3411,8:38,8:38,M 11-99/146,M-11,213,8:49, 0.00%
314,Faith Lee,"Deerfield Elementary, ",1126,8:38,8:38,F 11-99/81,F-11,101,8:54, 0.00%
315,Allan Ayala,"College Park Elementary, CA",947,8:38,8:38,M 11-99/147,M-11,214,8:56, 0.00%
316,Jarrett Curran,"Rancho Canada Elementary, ",3372,8:39,8:39,M 11-99/148,M-12,215,8:51, 0.00%
317,Bekah Medelson,"Robinson Elementary, ",3502,8:39,8:39,F 11-99/82,F-11,102,8:57, 0.00%
318,Sophie Ahlberg,"Melinda Heights Elementary, ",2782,8:39,8:39,F 11-99/83,F-11,103,8:44, 0.00%
319,Karina Chavez,"Peters 4-6 Elementary, ",3251,8:39,8:39,F 11-99/84,F-11,104,9:09, 0.00%
320,Colin Christie,"Westpark Elementary, ",4522,8:40,8:40,M 11-99/149,M-11,216,8:45, 0.00%
321,Andrea Saucedo,"College Park Elementary, CA",1029,8:40,8:40,M 11-99/150,M-11,217,8:58, 0.00%
322,Liam Murray,"Harbor View, CA",2087,8:40,8:40,M 11-99/151,M-11,218,9:02, 0.00%
323,Elizabeth Merold,"Deerfield Elementary, ",1131,8:40,8:40,F 11-99/85,F-12,105,8:56, 0.00%
324,Tara Sabha,"Westpark Elementary, ",4581,8:40,8:40,F 11-99/86,F-12,106,9:04, 0.00%
325,Mai Griffith,"Students For Safe Water Group, ",4880,8:40,8:40,F 11-99/87,F-11,107,9:18, 0.00%
326,William Belmont,"Students For Safe Water Group, ",4871,8:41,8:41,M 11-99/152,m-11,219,9:18, 0.00%
327,Scarlet Contreras,"College Park Elementary, ",960,8:41,8:41,F 11-99/88,F-11,108,8:58, 0.00%
328,David Johnson,"Portola Hills Elementary, ",3315,8:41,8:41,M 11-99/153,M-11,220,9:15, 0.00%
329,Mary Sheldon,"Circle View Elementary, ",900,8:42,8:42,F 01-10/17,F-9,109,9:16, 0.00%
330,Hunter Curran,"Rancho Canada Elementary, ",3371,8:42,8:42,M 11-99/154,M-12,221,8:59, 0.00%
331,Griffin Scott,"Woodbury Elementary, ",4739,8:42,8:42,M 11-99/155,M-12,222,8:51, 0.00%
332,Renteria Silas,"Rancho Canada Elementary, ",3404,8:42,8:42,F 11-99/89,F-11,110,9:20, 0.00%
333,Venice Avins,"Montessori On The Lake, CA",3008,8:43,8:43,F 01-10/18,F-8,111,8:49, 0.00%
334,Seth Thomson,"Davis Magnet School, ",1078,8:43,8:43,M 11-99/156,M-12,223,9:22, 0.00%
335,Owen Dybel,"Robinson Elementary, ",3486,8:44,8:44,M 01-10/54,M-9,224,9:05, 0.00%
336,Hannah Loftis,"Malcom Elementary, ",2585,8:45,8:45,F 11-99/90,F-11,112,9:25, 0.00%
337,Colin Doonan,"Holy Family Cathedral School, CA",2166,8:45,8:45,M 01-10/55,M-10,225,9:24, 0.00%
338,Sinai Romero,"Davis Magnet School, ",1071,8:46,8:46,M 11-99/157,M-11,226,9:24, 0.00%
339,Karen Cruz,"La Madera Elementary, ",2399,8:46,8:46,F NoAge/5,F-0,113,9:14, 0.00%
340,Tanner Fishburn,"Rancho Canada Elementary, ",3375,8:46,8:46,M 01-10/56,M-8,227,9:04, 0.00%
341,Jacob Trejo,"Holy Family Cathedral School, ",2196,8:46,8:46,M 01-10/57,M-10,228,9:25, 0.00%
342,Lachlan Spangler,"Top Of The World Elementary, ",4163,8:47,8:47,M 01-10/58,M-10,229,9:17, 0.00%
343,Adriana Echeverria,"Marshall Elementary, ",2705,8:48,8:48,F 11-99/91,F-12,114,9:24, 0.00%
344,Cooper Clemence,"California Elementary, CA",297,8:48,8:48,M 11-99/158,M-11,230,8:51, 0.00%
345,Priscilla Reis,"Woodbury Elementary, ",4732,8:50,8:50,F 11-99/92,F-12,115,9:02, 0.00%
346,Amaris Vallez,"Oak Creek Elementary, ",3105,8:50,8:50,F 11-99/93,F-11,116,8:54, 0.00%
347,Ethan Elliott,"Davis Magnet School, ",1061,8:51,8:51,M 11-99/159,M-11,231,9:11, 0.00%
348,Laura Kennerson,"Melinda Heights Elementary, ",2841,8:52,8:52,F 11-99/94,F-38,117,8:52, 0.00%
349,Jaden Lee,"Springbrook Elementary, ",3728,8:53,8:53,M 11-99/160,M-11,232,9:18, 0.00%
350,Ava Mestas,"Tustin Ranch Elementary, ",4367,8:53,8:53,F 01-10/19,F-9,118,9:00, 0.00%
351,Serena Fogleman,"Trabuco Mesa Elementary, ",4223,8:53,8:53,F 11-99/95,F-11,119,9:19, 0.00%
352,Andy Nguyen,"Marshall Elementary, CA",2721,8:54,8:54,M 11-99/161,M-11,233,9:29, 0.00%
353,Madison Robertson,"Del Obispo Elementary, ",1216,8:54,8:54,F 11-99/96,F-11,120,9:05, 0.00%
354,Aidan Blair,"Killybrooke Elementary, ",2356,8:55,8:55,M 11-99/162,M-11,234,9:23, 0.00%
355,May-Lynn Le,"Westpark Elementary, ",4538,8:55,8:55,F 11-99/97,F-11,121,9:19, 0.00%
356,Sophia Baker,"Gates Elementary, ",1383,8:56,8:56,F 01-10/20,F-8,122,9:03, 0.00%
357,Natalia Trejo,"Peters 4-6 Elementary, ",3281,8:56,8:56,F 11-99/98,F-11,123,9:25, 0.00%
358,Ryan McElroy,"Canyon Vista School, ",452,8:57,8:57,M 01-10/59,M-8,235,9:13, 0.00%
359,Jake Michelsen,"Canyon Vista School, ",456,8:57,8:57,M 11-99/163,M-11,236,9:14, 0.00%
360,Jason Hernandez,"Salem Lutheran School, ",3560,8:57,8:57,M 11-99/164,M-12,237,9:23, 0.00%
361,Amir - Ali Boroumand,"Ambuehl Elementary, ",193,8:57,8:57,M 01-10/60,M-8,238,9:17, 0.00%
362,Ashley Ahn,"Woodbury Elementary, ",4590,8:57,8:57,F 11-99/99,F-11,124,8:59, 0.00%
363,Jack Pirooz,"Hope View Elementary, ",2331,8:57,8:57,M 01-10/61,M-8,239,9:13, 0.00%
364,Milla Devilliers,"Alderwood Elementary School, ",117,8:58,8:58,F 01-10/21,F-6,125,9:03, 0.00%
365,Lauren Cacace,"Carl Hankey K-8, ",558,8:58,8:58,F 11-99/100,F-13,126,9:33, 0.00%
366,Riley Hendricks,"La Madera Elementary, ",2419,8:58,8:58,F 01-10/22,F-7,127,9:02, 0.00%
367,Talia Nguyen,"Alderwood Elementary School, ",152,8:59,8:59,F 01-10/23,F-8,128,9:05, 0.00%
368,Matt Phillips,"Robinson Elementary, ",3508,8:59,8:59,M 01-10/62,M-9,240,9:22, 0.00%
369,Kayla Musick,"Holy Family Cathedral School, CA",2186,8:59,8:59,F 11-99/101,F-12,129,9:43, 0.00%
370,Quinn Roberts,"Carl Hankey K-8, ",576,8:59,8:59,F 11-99/102,F-12,130,9:34, 0.00%
371,Sophia Chiaramonte,"Holy Family Cathedral School, CA",2163,8:59,8:59,F 11-99/103,F-12,131,9:43, 0.00%
372,Gilii Devilliers,"Alderwood Elementary School, ",116,9:00,9:00,F 01-10/24,F-6,132,9:06, 0.00%
373,Jada Anderson,"Circle View Elementary, ",804,9:01,9:01,F 11-99/104,F-11,133,9:22, 0.00%
374,Katherine Burke,"St Anne School Laguna Niguel, ",3789,9:02,9:02,F NoAge/6,F-0,134,9:44, 0.00%
375,Nicholas Moc,"Woodbury Elementary, ",4704,9:02,9:02,M 11-99/165,M-11,241,9:09, 0.00%
376,Mia Espitia,"Chaparral Elementary, ",602,9:02,9:02,F 11-99/105,F-11,135,9:11, 0.00%
377,Gabrielle Denny,"Malcom Elementary, CA",2556,9:02,9:02,F 11-99/106,F-11,136,9:24, 0.00%
378,Joshua Kim,"Tustin Ranch Elementary, ",4359,9:02,9:02,M 11-99/166,M-11,242,9:34, 0.00%
379,Sophia Fong,"Holy Family Cathedral School, CA",2170,9:02,9:02,F 11-99/107,F-12,137,9:46, 0.00%
380,Lily McNamara,"St Anne School Laguna Niguel, ",3817,9:02,9:02,F NoAge/7,F-0,138,9:42, 0.00%
381,Gavin Dankert,"Tustin Ranch Elementary, ",4339,9:03,9:03,M 11-99/167,M-11,243,9:35, 0.00%
382,James Corcoran,"Oak Creek Elementary, ",3082,9:03,9:03,M 11-99/168,M-11,244,9:12, 0.00%
383,Jacob Alt,"Circle View Elementary, ",801,9:03,9:03,M 11-99/169,M-11,245,9:31, 0.00%
384,Eric Church,"Hope View Elementary, ",2222,9:04,9:04,M 11-99/170,M-11,246,9:22, 0.00%
385,Jenna Phillips,"Robinson Elementary, ",3507,9:04,9:04,F 01-10/25,F-8,139,9:26, 0.00%
386,Samuel Shih,"Westpark Elementary, ",4564,9:04,9:04,M 11-99/171,M-11,247,9:14, 0.00%
387,Jacob Bass,"Harbor View, CA",2026,9:04,9:04,M 11-99/172,M-12,248,9:24, 0.00%
388,Anika Thompson,", ",2534,9:04,9:04,F 11-99/108,F-11,140,9:40, 0.00%
389,Bailey Boyster,"Cielo Vista Elementary, ",682,9:05,9:05,F 01-10/26,F-10,141,9:19, 0.00%
390,Jaeyoung Oh,"Marion Bergeson Elementary, ",2688,9:05,9:05,M 11-99/173,M-11,249,9:33, 0.00%
391,Jacob Buchanan,"Tustin Ranch Elementary, ",4328,9:05,9:05,M 01-10/63,M-7,250,9:35, 0.00%
392,Dana Morshed,"Deerfield Elementary, ",1132,9:05,9:05,F 11-99/109,F-11,142,9:20, 0.00%
393,Grace Hanlon,"St Anne School Laguna Niguel, ",3805,9:06,9:06,F NoAge/8,F-0,143,9:44, 0.00%
394,Evan Lopez,", ",1953,9:06,9:06,M 11-99/174,M-11,251,9:23, 0.00%
395,Thomas Fitt,"Rancho Canada Elementary, ",3377,9:06,9:06,M 01-10/64,M-10,252,9:17, 0.00%
396,Casey Hernandez,"Las Positas Elementary, ",2521,9:06,9:06,F 11-99/110,F-11,144,9:41, 0.00%
397,Ethan Ruiz,"Trabuco Mesa Elementary, ",4252,9:06,9:06,M 11-99/175,M-11,253,9:29, 0.00%
398,Haley Truong,"Woodbury Elementary, ",4779,9:07,9:07,F 11-99/111,F-38,145,9:16, 0.00%
399,Kasra Amidi,"Montessori On The Lake, CA",3007,9:07,9:07,M 11-99/176,M-11,254,9:12, 0.00%
400,Ethan Tran,"Woodbury Elementary, ",4777,9:08,9:08,M 11-99/177,M-11,255,9:15, 0.00%
