Place,Name,Location,Bib,Net Time,Pace,Division/Place,Sex-Age,Sex-Place,Gun Time,Age Grade
1,Taito Ozaki,"Chino Hills, CA",218,5:17,5:17,M 14-14/1,M-14,1,5:17,77.78%
2,Trevor Anderson,"Huntington Beach, CA",270,5:36,5:36,M 13-13/1,M-13,2,5:36,74.85%
3,Caroline Werth,"Irvine, CA",1432,6:30,6:30,F 13-13/1,F-13,1,6:30,70.28%
4,Stephen Manga,"Irvine, CA",1426,6:32,6:32,M 14-14/2,M-14,3,6:32,63.14%
5,Renzo Malhabour,"Irvine, CA",1425,6:32,6:32,M 13-13/2,M-13,4,6:34,63.94%
6,Matthew Ku,"Irvine, CA",1423,6:37,6:37,M 14-14/3,M-14,5,6:40,61.87%
7,Andrew Rasla,"Irvine, CA",1429,6:59,6:59,M 12-12/1,M-12,6,7:01,61.48%
8,Naayl Kazmi,"Irvine, CA",1422,7:02,7:02,M 13-13/3,M-13,7,7:02,59.38%
9,Andrew Currie,"Foothill Ranch, CA",544,7:08,7:08,M 13-13/4,M-13,8,7:11,58.55%
10,Charlie Xu,"Irvine, CA",1433,7:13,7:13,M 13-13/5,M-13,9,7:15,57.87%
11,Fernando Salgado,"Costa Mesa, CA",1006,7:14,7:14,M 13-13/6,M-13,10,7:15,57.74%
12,Justin Hollins,"Irvine, CA",1418,7:39,7:39,M 12-12/2,M-12,11,7:41,56.11%
13,Aliya Amin,"Irvine, CA",1413,7:40,7:40,F 13-13/2,F-13,2,7:40,59.39%
14,Kiyan Sorat,"Irvine, CA",1431,7:41,7:41,M 12-12/3,M-12,12,7:44,55.87%
15,Kevin Yahampath,"Irvine, CA",1754,7:56,7:56,Unknown/4,M-10,13,7:58,57.26%
16,Mark Hill,"Irvine, CA",1627,8:06,8:06,Unknown/5,M-11,14,8:07,54.43%
17,Timothy Huang,"Irvine, CA",1420,8:14,8:14,M 13-13/7,M-13,15,8:16,50.71%
18,Sakiko Hamada,"Irvine, CA",1417,8:15,8:15,F 14-14/1,F-14,3,8:15,54.16%
19,Caleb Pan,"Irvine, CA",1427,8:17,8:17,M 12-12/4,M-12,16,8:19,51.81%
20,Valentina Carcich,"Fullerton, CA",243,8:30,8:30,F 14-14/2,F-14,4,8:33,52.46%
21,Bryce Horvath,"Huntington Beach, CA",814,8:37,8:37,Unknown/6,M-8,17,8:39,56.98%
22,Raeed Ahmed,"Irvine, CA",1412,8:56,8:56,M 13-13/8,M-13,18,8:59,46.73%
23,Lauren Ramirez,"Fullerton, CA",110,9:09,9:09,Unknown/1,F-9,5,9:11,54.38%
24,Hannah Hughitt,"Ladera Ranch, CA",1513,9:10,9:10,Unknown/2,F-9,6,9:11,54.28%
25,Pranavsai Iddamsetty,"Irvine, CA",1421,9:17,9:17,M 12-12/5,M-12,19,9:18,46.22%
26,Kimberly Le,"Irvine, CA",1424,9:25,9:25,F 12-12/1,F-12,7,9:27,49.11%
27,Anthony Portillo,"Tustin, CA",1428,9:29,9:29,M 12-12/6,M-12,20,9:31,45.25%
28,Danielle Brantley,"Buena Park, CA",102,9:33,9:33,F 14-14/3,F-14,8,9:34,46.68%
29,Ava Hosseini,"Irvine, CA",1419,9:41,9:41,F 13-13/3,F-13,9,9:43,46.90%
30,Alisha Sarakki,"Irvine, CA",1430,9:41,9:41,F 12-12/2,F-12,10,9:44,47.76%
31,Danielle Tweidt,"Mission Viejo, CA",1569,10:04,10:04,Unknown/3,F-9,11,10:05,49.42%
32,Emily Frisch,"Orange, CA",1102,10:14,10:14,F 13-13/4,F-13,12,10:15,44.37%
33,Jennie Lewis,"Orange, CA",1116,10:14,10:14,F 14-14/4,F-14,13,10:16,43.56%
34,Maggie Matthews,"Orange, CA",1120,10:14,10:14,F 14-14/5,F-14,14,10:16,43.56%
35,Jessica Valenzuela,"Orange, CA",1130,10:14,10:14,F 14-14/6,F-14,15,10:16,43.49%
36,Kelsey Glastetter,"Santa Ana, CA",1103,10:15,10:15,F 14-14/7,F-14,16,10:16,43.49%
37,Charlize Faure,"Irvine, CA",1415,10:31,10:31,F 13-13/5,F-13,17,10:34,43.17%
38,Rosales Deja,"Norwalk, CA",106,11:03,11:03,F 13-13/6,F-13,18,11:04,41.09%
