Bib,Name,Gender,Age,Hometown,Overall,Men,M 14-14,Age/Grade,Finish,Chip Time,Gun Time
218,Taito Ozaki,M,14,"Chino Hills, CA",1 out of 38,1 out of 20,1 out of 3, 77.78% Place: 1,5:17 Pace: 5:17,5:16,5:17
270,Trevor Anderson,M,13,"Huntington Beach, CA",2 out of 38,2 out of 20,1 out of 8, 74.85% Place: 2,5:36 Pace: 5:36,5:35,5:36
1432,Caroline Werth,F,13,"Irvine, CA",3 out of 38,1 out of 18,1 out of 6, 70.28% Place: 3,6:30 Pace: 6:30,6:28,6:30
1426,Stephen Manga,M,14,"Irvine, CA",4 out of 38,3 out of 20,2 out of 3, 63.14% Place: 5,6:32 Pace: 6:32,6:29,6:32
1425,Renzo Malhabour,M,13,"Irvine, CA",5 out of 38,4 out of 20,2 out of 8, 63.94% Place: 4,6:32 Pace: 6:32,6:32,6:34
1423,Matthew Ku,M,14,"Irvine, CA",6 out of 38,5 out of 20,3 out of 3, 61.87% Place: 6,6:37 Pace: 6:37,6:37,6:40
1429,Andrew Rasla,M,12,"Irvine, CA",7 out of 38,6 out of 20,1 out of 6, 61.48% Place: 7,6:59 Pace: 6:59,6:59,7:01
1422,Naayl Kazmi,M,13,"Irvine, CA",8 out of 38,7 out of 20,3 out of 8, 59.38% Place: 9,7:02 Pace: 7:02,7:02,7:02
544,Andrew Currie,M,13,"Foothill Ranch, CA",9 out of 38,8 out of 20,4 out of 8, 58.55% Place: 10,7:08 Pace: 7:08,7:08,7:11
1433,Charlie Xu,M,13,"Irvine, CA",10 out of 38,9 out of 20,5 out of 8, 57.87% Place: 11,7:13 Pace: 7:13,7:13,7:15
1006,Fernando Salgado,M,13,"Costa Mesa, CA",11 out of 38,10 out of 20,6 out of 8, 57.74% Place: 12,7:14 Pace: 7:14,7:14,7:15
1418,Justin Hollins,M,12,"Irvine, CA",12 out of 38,11 out of 20,2 out of 6, 56.11% Place: 15,7:39 Pace: 7:39,7:39,7:41
1413,Aliya Amin,F,13,"Irvine, CA",13 out of 38,2 out of 18,2 out of 6, 59.39% Place: 8,7:40 Pace: 7:40,7:39,7:40
1431,Kiyan Sorat,M,12,"Irvine, CA",14 out of 38,12 out of 20,3 out of 6, 55.87% Place: 16,7:41 Pace: 7:41,7:41,7:44
1754,Kevin Yahampath,M,10,"Irvine, CA",15 out of 38,13 out of 20,4 out of 6, 57.26% Place: 13,7:56 Pace: 7:56,7:56,7:58
1627,Mark Hill,M,11,"Irvine, CA",16 out of 38,14 out of 20,5 out of 6, 54.43% Place: 17,8:06 Pace: 8:06,8:06,8:07
1420,Timothy Huang,M,13,"Irvine, CA",17 out of 38,15 out of 20,7 out of 8, 50.71% Place: 23,8:14 Pace: 8:14,8:14,8:16
1417,Sakiko Hamada,F,14,"Irvine, CA",18 out of 38,3 out of 18,1 out of 7, 54.16% Place: 20,8:15 Pace: 8:15,8:14,8:15
1427,Caleb Pan,M,12,"Irvine, CA",19 out of 38,16 out of 20,4 out of 6, 51.81% Place: 22,8:17 Pace: 8:17,8:17,8:19
243,Valentina Carcich,F,14,"Fullerton, CA",20 out of 38,4 out of 18,2 out of 7, 52.46% Place: 21,8:30 Pace: 8:30,8:30,8:33
814,Bryce Horvath,M,8,"Huntington Beach, CA",21 out of 38,17 out of 20,6 out of 6, 56.98% Place: 14,8:37 Pace: 8:37,8:37,8:39
1412,Raeed Ahmed,M,13,"Irvine, CA",22 out of 38,18 out of 20,8 out of 8, 46.73% Place: 28,8:56 Pace: 8:56,8:56,8:59
110,Lauren Ramirez,F,9,"Fullerton, CA",23 out of 38,5 out of 18,1 out of 6, 54.38% Place: 18,9:09 Pace: 9:09,9:09,9:11
1513,Hannah Hughitt,F,9,"Ladera Ranch, CA",24 out of 38,6 out of 18,2 out of 6, 54.28% Place: 19,9:10 Pace: 9:10,9:10,9:11
1421,Pranavsai Iddamsetty,M,12,"Irvine, CA",25 out of 38,19 out of 20,5 out of 6, 46.22% Place: 30,9:17 Pace: 9:17,9:17,9:18
1424,Kimberly Le,F,12,"Irvine, CA",26 out of 38,7 out of 18,1 out of 2, 49.11% Place: 25,9:25 Pace: 9:25,9:25,9:27
1428,Anthony Portillo,M,12,"Tustin, CA",27 out of 38,20 out of 20,6 out of 6, 45.25% Place: 31,9:29 Pace: 9:29,9:29,9:31
102,Danielle Brantley,F,14,"Buena Park, CA",28 out of 38,8 out of 18,3 out of 7, 46.68% Place: 29,9:33 Pace: 9:33,9:33,9:34
1419,Ava Hosseini,F,13,"Irvine, CA",29 out of 38,9 out of 18,3 out of 6, 46.90% Place: 27,9:41 Pace: 9:41,9:41,9:43
1430,Alisha Sarakki,F,12,"Irvine, CA",30 out of 38,10 out of 18,2 out of 2, 47.76% Place: 26,9:41 Pace: 9:41,9:41,9:44
1569,Danielle Tweidt,F,9,"Mission Viejo, CA",31 out of 38,11 out of 18,3 out of 6, 49.42% Place: 24,10:04 Pace: 10:04,10:04,10:05
1102,Emily Frisch,F,13,"Orange, CA",32 out of 38,12 out of 18,4 out of 6, 44.37% Place: 32,10:14 Pace: 10:14,10:14,10:15
1116,Jennie Lewis,F,14,"Orange, CA",33 out of 38,13 out of 18,4 out of 7, 43.56% Place: 34,10:14 Pace: 10:14,10:14,10:16
1120,Maggie Matthews,F,14,"Orange, CA",34 out of 38,14 out of 18,5 out of 7, 43.56% Place: 33,10:14 Pace: 10:14,10:14,10:16
1130,Jessica Valenzuela,F,14,"Orange, CA",35 out of 38,15 out of 18,6 out of 7, 43.49% Place: 35,10:14 Pace: 10:14,10:14,10:16
1103,Kelsey Glastetter,F,14,"Santa Ana, CA",36 out of 38,16 out of 18,7 out of 7, 43.49% Place: 36,10:15 Pace: 10:15,10:15,10:16
1415,Charlize Faure,F,13,"Irvine, CA",37 out of 38,17 out of 18,5 out of 6, 43.17% Place: 37,10:31 Pace: 10:31,10:31,10:34
106,Rosales Deja,F,13,"Norwalk, CA",38 out of 38,18 out of 18,6 out of 6, 41.09% Place: 38,11:03 Pace: 11:03,11:03,11:04
