Place,Name,Location,Bib,Net Time,Pace,Division/Place,Sex-Age,Sex-Place,Gun Time,Age Grade
1,Gray Mavhera,"Moreno Valley, CA",185,26:29,5:20,M 40-44/1,M-40,1,26:29,84.81%
2,Miguel Ruiz,", CA",173,26:38,5:22,M 25-29/1,M-29,2,26:38,79.76%
3,John Harrington,"Manhattan Beach, CA",71,26:54,5:25,M 30-34/1,M-34,3,26:54,80.21%
4,Liam Mooney,"Los Angeles, CA",92,27:02,5:27,M 25-29/2,M-29,4,27:04,78.53%
5,Ricardo Villalobos,"Riverside, CA",186,28:25,5:43,M 30-34/2,M-33,5,28:27,75.53%
6,Ricardo Ramirez,"Sun Valley, CA",152,28:36,5:46,M 35-39/1,M-37,6,28:37,76.73%
7,Tommy L,", CA",175,28:53,5:49,M NoAge/0,M-0,7,29:22, 0.00%
8,U Ulich,", CA",176,28:55,5:49,M NoAge/0,M-0,8,29:22, 0.00%
9,Mike Wixted,"Long Beach, CA",131,29:00,5:50,M 45-49/1,M-46,9,29:01,81.02%
10,Jose Ricardo,"South Gate, CA",161,29:35,5:57,M 45-49/2,M-47,10,29:38,80.05%
11,Michael Barlow,"Colorado Springs, CO",167,30:21,6:07,M 20-24/1,M-24,11,30:24,69.89%
12,John McGuinness,"Studio City, CA",157,32:56,6:38,M 35-39/2,M-35,12,32:58,65.82%
13,Julie Deery,"Bala Cynwyd, PA",144,33:20,6:43,F 40-44/1,F-44,1,33:20,77.40%
14,Jeff Snyder,"Pasadena, CA",134,33:29,6:44,M 50-54/1,M-53,13,33:30,74.20%
15,Reid Lidow,"Los Angeles, CA",85,33:52,6:49,M 14-19/1,M-17,14,33:55,65.58%
16,Bill Austin,"Burbank, CA",150,34:03,6:51,M 50-54/2,M-52,15,34:05,72.38%
17,Iyob Tessema,"Los Angeles, CA",109,34:16,6:54,M 45-49/3,M-46,16,34:20,68.56%
18,Jose Rivera,"Pacoima, CA",166,34:37,6:58,M 40-44/2,M-42,17,34:38,65.80%
19,Joe Ferry,"La Canada Flintridge, CA",155,35:01,7:03,M 35-39/3,M-37,18,35:04,62.67%
20,Brandon Yanofsky,"Manhattan Beach, CA",26,35:08,7:04,M 20-24/2,M-21,19,35:14,60.61%
21,Alexander Lamb,"Westchester, CA",84,35:28,7:09,M 50-54/3,M-50,20,35:31,68.36%
22,Richard Shlegel,"Glendale, CA",27,36:10,7:17,M 60-64/1,M-64,21,36:10,75.56%
23,Ray Elliott,"Whittier, CA",53,36:31,7:21,M 35-39/4,M-36,22,36:33,59.68%
24,Sagiv Rosano,"Los Angeles, CA",29,36:43,7:23,M 35-39/5,M-38,23,36:46,60.22%
25,Patricia Shapiro,"Chatsworth, CA",104,36:51,7:25,F 55-59/1,F-58,2,36:51,83.07%
26,Joe Ogata,"Pacoima, CA",136,36:56,7:26,M 60-64/2,M-60,24,36:58,71.38%
27,Stefan Szalkowski,"Whittier, CA",159,37:08,7:29,M 25-29/3,M-28,25,37:18,57.12%
28,Duke Hagenburger,"Los Angeles, CA",203,37:10,7:29,M 40-44/3,M-40,26,37:13,60.39%
29,Jennifer Grooms,"Granada Hills, CA",67,37:19,7:31,F 25-29/1,F-27,3,37:19,64.65%
30,Kim Raia,"Simi Valley, CA",145,37:21,7:31,F 35-39/1,F-35,4,37:23,65.18%
31,Steven Webb,"West Hollywood, CA",118,37:33,7:34,M 25-29/4,M-26,27,37:41,56.48%
32,Laszlo Buliczka,"Sherman Oaks, CA",121,37:35,7:34,M 65-69/1,M-68,28,37:37,75.47%
33,Julie Hardin,"Los Angeles, CA",70,37:45,7:36,F 45-49/1,F-46,5,37:47,69.61%
34,Bartley Taylor,"Sherman Oaks, CA",251,38:10,7:41,M 20-24/3,M-20,29,38:14,56.18%
35,Joey Ceballos,"Whittier, CA",226,38:38,7:47,M 30-34/3,M-34,30,42:49,55.80%
36,Danny Carrera,"El Monte, CA",42,38:49,7:49,M 30-34/4,M-34,31,38:54,55.54%
37,Brad Bisgard,"La Mirada, CA",40,39:29,7:57,M 40-44/4,M-42,32,39:36,57.69%
38,Jihad Johnson,"Los Angeles, CA",74,39:32,7:58,M 14-19/2,M-15,33,39:33,57.91%
39,Tim Clunen,"Granada Hills, CA",12,39:58,8:03,M 25-29/5,M-29,34,40:02,53.11%
40,Gamze Kircalioglu,"South Pasadena, CA",207,39:59,8:03,F 35-39/2,F-38,6,40:03,61.68%
41,Steven Frybarger,"Los Angeles, CA",160,40:01,8:03,M 50-54/4,M-52,35,40:03,61.58%
42,Hector Gonzalez,"Whittier, CA",63,40:17,8:07,M 45-49/4,M-49,36,40:21,59.73%
43,Rebecca Reams,"Los Angeles, CA",177,40:37,8:11,F 20-24/1,F-24,7,40:43,59.32%
44,John Uribe,"Los Angeles, CA",206,40:38,8:11,M 45-49/5,M-45,37,40:42,57.37%
45,Rita Stumps,"Valley Village, CA",107,40:44,8:12,F NoAge/0,F-0,8,40:50, 0.00%
46,Kellen Medby,"Sherman Oaks, CA",89,41:01,8:15,F 35-39/3,F-39,9,41:04,60.49%
47,Keith Crasnick,"Sunland, CA",45,41:03,8:16,M 50-54/5,M-53,38,41:12,60.52%
48,Brian Prado,", CA",97,41:14,8:18,M 25-29/6,M-29,39,41:21,51.48%
49,Darrel Justo,"Los Angeles, CA",76,41:27,8:21,M 14-19/3,M-16,40,41:30,54.30%
50,Linnae Barber,"Granada Hills, CA",165,41:47,8:25,F 20-24/2,F-24,10,41:50,57.66%
51,Erin Guinn,"Sherman Oaks, CA",68,42:30,8:33,F 30-34/1,F-30,11,42:38,56.69%
52,Bill Winkelmann,"Burbank, CA",149,42:56,8:39,M 55-59/1,M-56,41,43:04,59.34%
53,Avalon Economou,"Los Angeles, CA",275,43:02,8:40,M 35-39/6,M-38,42,43:07,51.38%
54,Jim Ferry,"Harwich Port, MA",154,43:21,8:44,M 60-64/3,M-61,43,43:27,61.38%
55,William Schenck,"West Hollywood, CA",102,43:22,8:44,M 40-44/5,M-41,44,43:26,52.13%
56,Peggy Kennedy,"Valley Village, CA",208,43:48,8:49,F 35-39/4,F-36,12,43:55,55.81%
57,Dan Higgins,"Agoura Hills, CA",148,44:00,8:52,M 50-54/6,M-54,45,44:07,56.95%
58,Naomi Strongin,"Los Angeles, CA",106,44:01,8:52,F 25-29/2,F-29,13,44:05,54.73%
59,Junko Nagahama,"Long Beach, CA",141,44:27,8:57,F 35-39/5,F-35,14,44:40,54.76%
60,Glenn Liu,"Rowland Heights, CA",87,44:29,8:57,M 45-49/6,M-47,46,44:39,53.22%
61,Dean Turnmeyer,"Van Nuys, CA",180,44:32,8:58,M 40-44/6,M-43,47,44:46,51.55%
62,Alex Lopez,"Simi Valley, CA",14,44:45,9:00,M 25-29/7,M-25,48,44:50,47.39%
63,Kevin Sandoval,"Simi Valley, CA",24,44:46,9:01,M 14-19/4,M-16,49,44:51,50.28%
64,Franklin Westhout,"Los Angeles, CA",171,44:49,9:01,M 40-44/7,M-40,50,45:05,50.07%
65,Rosa Glaviano,"Los Angeles, CA",137,44:51,9:02,F 45-49/2,F-48,15,44:57,59.93%
66,Jessica Wheal,"Encino, CA",252,44:51,9:02,F 30-34/2,F-32,16,44:56,53.87%
67,Gary Gargantos,"Long Beach, CA",140,45:22,9:08,M 40-44/8,M-41,51,45:35,49.83%
68,Natalie Lopez,"Granada Hills, CA",17,45:26,9:09,F 25-29/3,F-25,17,45:32,53.03%
69,Ryan Purugganan,"West Hills, CA",179,45:41,9:12,M 25-29/8,M-25,52,45:55,46.42%
70,Allison Pierce,"Pasadena, CA",96,45:49,9:13,F 30-34/3,F-34,18,45:58,52.95%
71,Mike Burns,"Studio City, CA",188,45:55,9:15,M 35-39/7,M-38,53,46:01,48.15%
72,Maryalice Burns,"Studio City, CA",189,45:55,9:15,F 35-39/6,F-38,19,46:01,53.70%
73,Rachel Gereboff,"Los Angeles, CA",59,46:01,9:16,F 30-34/4,F-32,20,46:06,52.50%
74,Nestor Lopez,"Simi Valley, CA",18,46:04,9:16,M 45-49/7,M-46,54,46:10,51.00%
75,Keri Littledeer,"Sylmar, CA",168,46:06,9:17,F 45-49/3,F-47,21,46:21,57.61%
76,Daniel Cobbett,"Santa Monica, CA",253,46:12,9:18,M 40-44/9,M-41,55,46:26,48.94%
77,Gregory Rubel,"Encino, CA",193,46:12,9:18,M 40-44/10,M-40,56,46:24,48.57%
78,W Gibson,"Venice, CA",163,46:14,9:19,F 25-29/4,F-27,22,46:26,52.11%
79,Meka Hall,"Santa Monica, CA",69,46:24,9:20,F 30-34/5,F-31,23,46:32,51.99%
80,Miranda Henigman,"Santa Clarita, CA",72,46:29,9:21,F 14-19/1,F-14,24,46:38,55.02%
81,Oziel Ortiz,"Moorpark, CA",20,46:33,9:22,F 01-13/1,F-13,25,46:35,55.84%
82,Alicia Kirson,"Reseda, CA",142,46:39,9:24,F 35-39/7,F-35,26,46:43,52.18%
83,Bonnie Killebrew,"Covina, CA",79,46:40,9:24,F 55-59/2,F-57,27,46:46,64.67%
84,Matt Gildgenbach,"Sherman Oaks, CA",60,46:49,9:25,M 25-29/9,M-27,57,46:52,45.30%
85,Bryan Winn,"Studio City, CA",172,46:50,9:26,M 35-39/8,M-35,58,46:52,46.28%
86,Beth Eras,"Toluca Lake, CA",130,47:05,9:29,F 40-44/2,F-41,28,47:15,53.36%
87,Judi Miller,"Canyon Country, CA",91,47:12,9:30,F 40-44/3,F-44,29,47:20,54.57%
88,Petrona Arriaza,"Los Angeles, CA",38,47:18,9:31,F 50-54/1,F-50,30,47:22,58.23%
89,Cindi Tate,"Calabasas, CA",108,47:37,9:35,F 55-59/3,F-55,31,47:42,61.69%
90,Westen Dimore,"Valley Village, CA",201,47:49,9:38,M 25-29/10,M-29,59,48:01,44.39%
91,Michael Gilman,"Los Angeles, CA",338,47:55,9:39,M 55-59/2,M-55,60,48:00,52.71%
92,Al Lopez,"Granada Hills, CA",13,47:55,9:39,M 50-54/7,M-52,61,47:59,51.43%
93,Dax Grooms,"Granada Hills, CA",66,47:57,9:39,M 25-29/11,M-27,62,47:59,44.23%
94,Jennifer Tyron,"Los Angeles, CA",112,47:59,9:40,F 35-39/8,F-39,32,48:09,51.70%
95,R Wittmann,"N Hollywood, CA",183,48:00,9:40,M 40-44/11,M-44,63,48:09,48.18%
96,Cindy Tran,"San Gabriel, CA",111,48:02,9:40,F 25-29/5,F-28,33,48:11,50.16%
97,Monica Garber,"Castaic, CA",169,48:14,9:43,F 45-49/4,F-48,34,48:21,55.72%
98,Bryan Johnson,"Los Angeles, CA",73,48:24,9:45,M 40-44/12,M-42,64,48:31,47.05%
99,Massiel Romero,", CA",128,48:25,9:45,F 20-24/3,F-23,35,48:35,49.76%
100,Jason Goldberg,"New York, NY",62,48:26,9:45,M 35-39/9,M-35,65,48:36,44.75%
101,Ryan Rothmaier,"Los Angeles, CA",100,48:26,9:45,M 35-39/10,M-35,66,48:36,44.75%
102,Terri Myerson,"Agoura Hills, CA",93,48:33,9:46,F 50-54/2,F-50,36,48:39,56.73%
103,Bianca Jzadeh,"Redondo Beach, CA",133,48:50,9:50,F 55-59/4,F-55,37,48:52,60.16%
104,Alejandro Alonzo,", CA",33,48:53,9:50,M 40-44/13,M-40,67,49:04,45.91%
105,Juan Perez,"North Hollywood, CA",135,48:58,9:52,M 14-19/5,M-19,68,49:09,44.23%
106,Karina Walters,"Los Angeles, CA",116,49:16,9:55,F 30-34/6,F-32,38,49:24,49.04%
107,Josh May,"Sherman Oaks, CA",187,49:19,9:56,M 30-34/5,M-34,69,49:32,43.71%
108,Joe Farriola,"Reseda, CA",56,49:27,9:57,M 45-49/8,M-45,70,49:36,47.13%
109,Kasey Esparza,"Sherman Oaks, CA",54,49:38,10:00,M 25-29/12,M-28,71,49:47,42.73%
110,Kim Feinberg,"Woodland Hills, CA",146,49:52,10:02,F 35-39/9,F-38,39,50:02,49.45%
111,Sebastian Lopez,"Simi Valley, CA",317,49:53,10:02,M 01-13/1,M-10,72,49:54,52.04%
112,Melissa Lopez,"Granada Hills, CA",16,50:06,10:05,F 20-24/4,F-23,40,50:12,48.09%
113,Francisco Rosito,"Glendale, CA",99,50:13,10:06,M 55-59/3,M-59,73,50:22,52.06%
114,Roger Wood,"Lancaster, CA",151,50:14,10:07,M 75-99/1,M-76,74,50:17,63.13%
115,Richard Crawford,"Sherman Oaks, CA",46,50:15,10:07,M 45-49/9,M-49,75,50:30,47.88%
116,Brittany Carlson,"Sherman Oaks, CA",205,50:16,10:07,F 20-24/5,F-20,41,50:30,47.96%
117,Elliott Galynsky,"Northridge, CA",57,50:25,10:09,M 30-34/6,M-32,76,50:29,42.39%
118,Reena Godhia,"Glendale, CA",61,50:32,10:10,F 30-34/7,F-30,42,50:42,47.66%
119,Monica Villanueva,"Poway, CA",181,50:37,10:11,F 30-34/8,F-34,43,50:44,47.92%
120,Alexander Sawez,"West Hills, CA",101,50:46,10:13,M 14-19/6,M-18,77,50:52,43.19%
121,Elias Raheel,"Woodland Hills, CA",98,50:46,10:13,M 14-19/7,M-15,78,50:53,45.09%
122,L Gonzales,"Thousand Oaks, CA",249,50:48,10:14,M 50-54/8,M-50,79,54:36,47.72%
123,Jessica Zuk,"Woodland Hills, CA",158,50:57,10:15,F 20-24/6,F-23,44,51:00,47.28%
124,Kristine Downey,"Sherman Oaks, CA",52,51:00,10:16,F 40-44/4,F-42,45,51:05,49.66%
125,Kathryn Pietrolungo,"Simi Valley, CA",22,51:16,10:19,F 25-29/6,F-29,46,51:21,46.99%
126,Asucena Ledezma,"Winnetka, CA",1490,51:22,10:20,F 30-34/9,F-33,47,54:59,47.13%
127,Mark Johnson,"Santa Clarita, CA",75,51:28,10:22,M 40-44/14,M-43,80,51:37,44.61%
128,George Kita,"Pasadena, CA",196,51:51,10:26,M 45-49/10,M-45,81,51:53,44.95%
129,Megumi Hosogai,"Los Angeles, CA",28,51:58,10:28,M 35-39/11,M-36,82,52:02,41.93%
130,Brian Lopez,", CA",120,52:07,10:29,M 01-13/2,M-12,83,52:08,46.90%
131,Hillary Schwartz,"Sherman Oaks, CA",103,52:10,10:30,F 35-39/10,F-37,48,52:25,47.04%
132,Matthew Wray,"Encino, CA",754,52:11,10:30,M 01-13/3,M-4,84,57:50, 0.00%
133,Fonda Na'Desh,"Newhall, CA",396,52:52,10:39,F 45-49/5,F-46,49,53:12,49.70%
134,Celia Kwan,"Studio City, CA",80,52:58,10:40,F 30-34/10,F-31,50,53:06,45.55%
135,David Kwan,"Studio City, CA",81,53:00,10:40,M 25-29/13,M-29,85,53:06,40.04%
136,Alexis Bloch,"Beverly Hills, CA",236,53:07,10:42,F 14-19/2,F-17,51,57:53,46.33%
137,Larry Dougherty,"Sherman Oaks, CA",228,53:25,10:45,M 65-69/2,M-65,86,57:15,51.62%
138,Jennifer Rabinovit,"Oak Park, CA",256,53:44,10:49,F 35-39/11,F-37,52,53:50,45.67%
139,James Langley,"Woodland Hills, CA",1414,53:48,10:50,M 01-13/4,M-10,87,57:40,48.25%
140,Elizabeth Nichols,"Montrose, CA",94,53:50,10:50,F 55-59/5,F-59,53,54:00,57.63%
141,Ralph Nichols,"Montrose, CA",95,53:50,10:50,M 55-59/4,M-58,88,54:00,48.13%
142,Verna Diaz,"La Palma, CA",48,53:51,10:50,F 30-34/11,F-32,54,54:01,44.86%
143,Eston Diaz,"La Palma, CA",47,53:51,10:50,M 30-34/7,M-31,89,54:01,39.57%
144,Gina Melcher,"Woodland Hills, CA",178,54:08,10:54,F 40-44/5,F-42,55,54:14,46.78%
145,Yessenia Disla,"West Hollywood, CA",51,54:15,10:55,F 35-39/12,F-36,56,54:23,45.05%
146,Charles Marshall,"Granada Hills, CA",162,54:16,10:55,M 55-59/5,M-55,90,54:27,46.54%
147,Darlene Hooopes,"La Canada Flintridge, CA",1480,54:23,10:57,F 60-64/1,F-62,57,58:00,59.53%
148,Jose Rivas,"Tujunga, CA",23,54:29,10:58,M NoAge/0,M-0,91,54:33, 0.00%
149,John Shier,"La Canada Flintridge, CA",295,54:30,10:58,F 20-24/7,F-21,58,58:13,44.20%
150,Siobhan Shier,"La Canada Flintridge, CA",296,54:34,10:59,M 20-24/4,M-24,92,58:16,38.86%
151,Nancy Ward,"Calabasas, CA",25,54:54,11:03,F 45-49/6,F-48,59,54:57,48.95%
152,Dave Bocan,"Los Angeles, CA",41,55:01,11:04,M 60-64/4,M-61,93,55:08,48.36%
153,Carolina Kitagawa,"Los Angeles, CA",138,55:07,11:06,F 25-29/7,F-26,60,55:23,43.71%
154,Ryan Bertrand,"Venice, CA",195,55:28,11:10,M 35-39/12,M-37,94,56:00,39.56%
155,Michelle Riley,"Los Angeles, CA",147,55:52,11:15,F 30-34/12,F-31,61,55:55,43.18%
156,Brandi Roland,"Studio City, CA",170,55:54,11:15,F 30-34/13,F-31,62,56:01,43.16%
157,Queen Walcott,"Newhall, CA",286,56:06,11:17,F 45-49/7,F-49,63,59:31,48.50%
158,Andrea Walcott,"Newhall, CA",287,56:46,11:25,F 20-24/8,F-22,64,1:00:10,42.44%
159,Rodney Kleiger,"Valley Village, CA",194,56:58,11:28,M 35-39/13,M-39,95,57:10,39.10%
160,Janet Cetrone,"Canyon Country, CA",164,56:59,11:28,F 50-54/3,F-52,65,57:10,49.56%
161,Dean Schramm,"Studio City, CA",184,57:14,11:31,M 45-49/11,M-47,96,57:21,41.36%
162,Gesung Choi,"Winnetka, CA",44,57:22,11:33,M 65-69/3,M-69,97,57:37,49.93%
163,Kenneth Strange,"Valencia, CA",105,57:57,11:40,M 50-54/9,M-53,98,58:06,42.87%
164,Jeff Mann,"Santa Clarita, CA",292,58:59,11:52,F 50-54/4,F-54,66,1:02:32,49.15%
165,Michael Wagner,"Los Angeles, CA",115,59:59,12:04,M 50-54/10,M-50,99,1:00:06,40.41%
166,Ann Wagner,"Los Angeles, CA",114,59:59,12:04,F 45-49/8,F-45,67,1:00:06,43.33%
167,Diane Anderson,"Van Nuys, CA",1478,1:00:25,12:10,F 35-39/13,F-38,68,1:05:05,40.81%
168,Stacey Evans,"Long Beach, CA",55,1:00:46,12:14,F 45-49/9,F-48,69,1:00:58,44.22%
169,Gloria Armenta,"Downey, CA",153,1:00:47,12:14,F 45-49/10,F-45,70,1:00:59,42.76%
170,Stacey Honowitz,", CA",143,1:00:51,12:15,F 50-54/5,F-52,71,1:01:02,46.41%
171,Monica Rosen,"Chatsworth, CA",270,1:01:45,12:26,F NoAge/0,F-0,72,1:06:11, 0.00%
172,Gloria Thall,"Chatsworth, CA",269,1:01:47,12:26,F NoAge/0,F-0,73,1:06:12, 0.00%
173,Dawn Lisell,"North Hollywood, CA",86,1:02:20,12:33,F 45-49/11,F-46,74,1:02:27,42.15%
174,Cathy Anaya,"Poway, CA",182,1:02:23,12:33,F 20-24/9,F-23,75,1:02:30,38.62%
175,Vanessa Vargas,", CA",129,1:02:59,12:41,F 30-34/14,F-31,76,1:03:07,38.30%
176,Yulia Gankina,"Los Angeles, CA",58,1:03:20,12:45,F 25-29/8,F-27,77,1:03:28,38.04%
177,Tatyana Kaplan,", CA",126,1:03:22,12:45,F 30-34/15,F-31,78,1:03:29,38.07%
178,Christina Close,"Los Angeles, CA",221,1:03:27,12:46,F 35-39/14,F-35,79,1:08:05,38.36%
179,Justin Lopez,"Simi Valley, CA",15,1:04:20,12:57,M 14-19/8,M-17,100,1:04:24,34.52%
180,Lauren Barash,"Tarzana, CA",1443,1:04:24,12:58,F 14-19/3,F-14,80,1:09:09,39.70%
181,Becky Root,"Los Angeles, CA",276,1:04:25,12:58,F 14-19/4,F-16,81,1:08:35,38.66%
182,Katie Costanzo,"Los Angeles, CA",262,1:04:42,13:01,F 20-24/10,F-23,82,1:08:55,37.23%
183,Stephanie Trkay,"Northridge, CA",204,1:05:40,13:13,F 30-34/16,F-32,83,1:05:45,36.79%
184,Doug Jones,"Studio City, CA",156,1:06:17,13:21,M 50-54/11,M-52,101,1:06:25,37.17%
185,Max Praglin,"Los Angeles, CA",1691,1:06:34,13:24,M 14-19/9,M-17,102,1:10:55,33.36%
186,John Merriam,"Santa Monica, CA",139,1:10:50,14:15,M 65-69/4,M-69,103,1:11:02,40.43%
187,Paul David,", CA",32,1:13:32,14:48,M 30-34/8,M-33,104,1:13:44,29.18%
188,Summer Carillo,"Simi Valley, CA",11,1:14:41,15:02,F 14-19/5,F-16,84,1:14:46,33.35%
