Place,Name,Location,Bib,Net Time,Pace,Division/Place,Sex-Age,Sex-Place,Gun Time,Age Grade
1,Jacques Sallberg,"Pasadena, CA",1777,2:25:49,5:34,M 30-34/1,M-34,1,2:25:49,85.68%
2,Blue Benadum,"Malibu, CA",670,2:44:17,6:16,M 25-29/1,M-29,2,2:44:17,76.08%
3,Miguel Ramirez,"Los Angeles, CA",1671,2:47:28,6:24,M 30-34/2,M-34,3,2:47:28,74.60%
4,Chris Michael,"Pasadena, CA",1455,2:47:29,6:24,M 25-29/2,M-28,4,2:47:29,74.61%
5,Antony Aguila,"Pasadena, CA",578,2:48:17,6:26,M 30-34/3,M-34,5,2:48:20,74.24%
6,Julian Romero,"Los Angeles, CA",1738,2:51:50,6:34,M 25-29/3,M-25,6,2:51:50,72.70%
7,Jeffrey Jelus,"Rancho Cucamonga, CA",1176,2:52:33,6:35,M 35-39/1,M-36,7,2:52:36,72.48%
8,Steve Anderson,"Logan, UT",613,2:55:30,6:42,M 40-44/1,M-40,8,2:55:36,72.94%
9,John Porter,"Arcadia, CA",1637,2:56:09,6:44,M 40-44/2,M-44,9,2:56:09,75.13%
10,Naoki Kato,"Torrance, CA",1198,2:56:22,6:44,M 35-39/2,M-37,10,2:56:22,71.12%
11,Adrian Aguilar,"West Covina, CA",580,2:56:51,6:45,M 25-29/4,M-29,11,2:56:53,70.64%
12,Alfredo Ramirez,"Los Angeles, CA",1668,2:57:05,6:46,M 35-39/3,M-39,12,2:57:07,71.70%
13,Rit Tun,"Santa Monica, CA",1961,2:57:13,6:46,M 35-39/4,M-37,13,2:57:13,70.78%
14,Ted Tso,"San Marino, CA",1958,2:57:26,6:47,M 20-24/1,M-20,14,3:00:30,71.30%
15,Alex Copley,"Pasadena, CA",836,2:57:31,6:47,M 25-29/5,M-27,15,2:57:31,70.38%
16,Andrew Beauchamp,"Alta Loma, CA",663,3:03:45,7:01,M 45-49/1,M-48,16,3:03:50,74.56%
17,Ruperto Romero,"Huntington Park, CA",1739,3:04:49,7:03,M 45-49/2,M-45,17,3:04:49,72.23%
18,Jose Nava,"La Puente, CA",1514,3:05:34,7:05,M 25-29/6,M-26,18,3:05:43,67.32%
19,Ieng Klukken,"Huntington Beach, CA",1245,3:05:50,7:06,F 35-39/1,F-37,1,3:05:50,74.76%
20,Christopher Kovalchick,"Pasadena, CA",1260,3:06:42,7:08,M 25-29/7,M-25,19,3:07:01,66.91%
21,Mosi Smith,"Carlsbad, CA",1852,3:06:56,7:08,M 25-29/8,M-26,20,3:07:31,66.83%
22,Fernando Fernandez,"Los Angeles, CA",2187,3:07:34,7:10,M 35-39/5,M-39,21,3:07:35,67.69%
23,Vince Angel,"El Monte, CA",2135,3:07:50,7:10,M 30-34/4,M-31,22,3:07:50,66.51%
24,Frank Tai,"Playa Del Rey, CA",1906,3:08:32,7:12,M 50-54/1,M-53,23,3:08:32,76.01%
25,Matthew Wong,"Los Angeles, CA",2061,3:08:35,7:12,M 20-24/2,M-21,24,3:10:30,66.55%
26,David Nichols,"Pasadena, CA",1533,3:08:44,7:12,M 20-24/3,M-24,25,3:08:58,66.19%
27,Michael Taylor,"La Verne, CA",1919,3:09:24,7:14,M 50-54/2,M-50,26,3:09:55,73.64%
28,Jorge Pacheco,"Los Angeles, CA",1582,3:09:47,7:15,M 40-44/3,M-41,27,3:09:51,68.01%
29,Philip Petrone,"Oak Park, CA",1623,3:12:41,7:21,M 30-34/5,M-31,28,3:19:22,64.84%
30,Miguel A Rodriguez,"La Puente, CA",2197,3:15:24,7:28,M 45-49/3,M-46,29,3:20:43,68.91%
31,Takashi Yagisawa,"Los Angeles, CA",2077,3:15:27,7:28,M 55-59/1,M-55,30,3:15:41,74.70%
32,Ryan O'Connor,"San Marino, CA",1549,3:15:33,7:28,M 30-34/6,M-30,31,3:15:45,63.89%
33,Zachary Lebo,"Pasadena, CA",1299,3:15:33,7:28,M 20-24/4,M-24,32,3:15:47,63.89%
34,Sharon Hanley,"Thousand Oaks, CA",1074,3:15:35,7:28,F 30-34/1,F-33,2,3:15:35,69.85%
35,Abner Martinez,"Los Angeles, CA",1397,3:15:44,7:28,M 30-34/7,M-30,33,3:26:46,63.83%
36,Lawrence Albinski,"Arcadia, CA",13,3:16:04,7:29,M 45-49/4,M-46,34,3:16:12,68.67%
37,Robert Moffitt,"Port Orchard, WA",2150,3:16:05,7:29,M 45-49/5,M-48,35,3:25:41,69.87%
38,Roberto Vazquez,"Long Beach, CA",1987,3:16:11,7:29,M 25-29/9,M-25,36,3:17:14,63.68%
39,Brian McDonnell,"Rancho Santa Margarita, CA",1419,3:17:32,7:33,M 35-39/6,M-36,37,3:18:12,63.31%
40,Jorge Briones,"Whittier, CA",711,3:17:34,7:33,M 35-39/7,M-36,38,3:20:52,63.30%
41,Edith Martinez,"Brea, CA",1398,3:18:00,7:34,F 40-44/1,F-41,3,3:18:00,72.50%
42,Arnie Aguila,"Pasadena, CA",579,3:18:18,7:34,M 30-34/8,M-32,39,3:18:27,63.00%
43,Erik Hansen,"Glendora, CA",1075,3:18:48,7:35,M 25-29/10,M-28,40,3:19:09,62.84%
44,Tony Donagrechia,"Redondo Beach, CA",910,3:18:50,7:36,M 50-54/3,M-52,41,3:18:50,71.42%
45,Daniel Torres,"Los Angeles, CA",1938,3:19:22,7:37,M 20-24/5,M-24,42,3:19:22,62.66%
46,Vincent Dudziak,"Upland, CA",916,3:19:41,7:37,M 40-44/4,M-42,43,3:22:32,65.18%
47,Mark Flores,"San Dimas, CA",963,3:19:51,7:38,M 40-44/5,M-40,44,3:22:00,64.05%
48,Frank Meza,"South Pasadena, CA",1453,3:19:59,7:38,M 60-64/1,M-60,45,3:22:18,76.60%
49,Donald Wielenga,"Altadena, CA",2043,3:20:00,7:38,M 45-49/6,M-49,46,3:20:17,69.11%
50,Rafael Ortiz,"Alhambra, CA",1573,3:20:09,7:39,M 40-44/6,M-41,47,3:20:09,64.49%
51,Andrew Angeli,"Los Angeles, CA",615,3:20:12,7:39,M 30-34/9,M-31,48,3:20:25,62.40%
52,Iain Bailey,"Los Angeles, CA",636,3:20:35,7:39,M 25-29/11,M-28,49,3:22:01,62.28%
53,Edward Moreno,"Long Beach, CA",1490,3:20:53,7:40,M 30-34/10,M-30,50,3:21:02,62.19%
54,Abel Ibarra,"Pacoima, CA",1148,3:21:09,7:41,M 55-59/2,M-55,51,3:22:04,72.59%
55,Sean McPherson,"Los Angeles, CA",1433,3:21:10,7:41,M 25-29/12,M-28,52,3:23:45,62.10%
56,Mandy Grantz,"Pasadena, CA",1039,3:21:33,7:42,F 20-24/1,F-22,4,3:21:47,67.19%
57,Jae Rodriguez,"Los Angeles, CA",1727,3:21:48,7:42,M 30-34/11,M-32,53,3:21:48,61.91%
58,Chernete Daba,"El Monte, CA",861,3:21:53,7:42,M 40-44/7,M-44,54,3:22:12,65.55%
59,Eric Leos,"San Dimas, CA",1316,3:22:06,7:43,M 25-29/13,M-26,55,3:22:30,61.81%
60,Travis Morgan,"San Mateo, CA",1494,3:22:11,7:43,M 25-29/14,M-28,56,3:29:33,61.79%
61,Dustin Carle,"Long Beach, CA",755,3:22:35,7:44,M 25-29/15,M-26,57,3:23:57,61.67%
62,Scott Smith,"Los Angeles, CA",1854,3:22:59,7:45,M 25-29/16,M-29,58,3:25:18,61.55%
63,Juan Gonzalez,"Los Angeles, CA",1029,3:23:12,7:45,M 25-29/17,M-25,59,3:23:13,61.48%
64,Ryan Matienzo,"Whittier, CA",1404,3:23:30,7:46,M 30-34/12,M-32,60,3:24:10,61.39%
65,Robert Cowan,"Coto De Caza, CA",2138,3:23:31,7:46,M 45-49/7,M-48,61,3:25:49,67.32%
66,Mark Ziobro,"Rancho Palos Verdes, CA",2134,3:23:37,7:46,M 45-49/8,M-45,62,3:24:39,65.56%
67,Thomas Loffarelli,"Studio City, CA",1350,3:23:55,7:47,M 55-59/3,M-55,63,3:25:50,71.60%
68,Steve Berardi,"Woodland Hills, CA",673,3:24:14,7:48,M 25-29/18,M-26,64,3:24:21,61.17%
69,Kundan Ghimire,"North Hills, CA",1004,3:24:26,7:48,M 20-24/6,M-21,65,3:25:07,61.39%
70,Danny Getzoff,"Los Angeles, CA",1001,3:24:41,7:49,M 40-44/8,M-40,66,3:25:31,62.54%
71,Matthew Dickie,"Altadena, CA",897,3:24:42,7:49,M 30-34/13,M-32,67,3:26:18,61.03%
72,Selina Nordberg,"La Habra, CA",1541,3:24:48,7:49,F 40-44/2,F-40,5,3:24:50,69.41%
73,Hal Crowe,"West Hollywood, CA",853,3:25:03,7:50,M 25-29/19,M-28,68,3:36:17,60.93%
74,Donald Skiver,"Pasadena, CA",1845,3:25:20,7:50,M 45-49/9,M-47,69,3:25:25,66.15%
75,Mark Glover,"Los Angeles, CA",1010,3:25:36,7:51,M 35-39/8,M-35,70,3:26:37,60.76%
76,Dan Belzer,"Los Angeles, CA",669,3:25:36,7:51,M 40-44/9,M-43,71,3:26:36,63.83%
77,Jorge Rodriguez,"Sylmar, CA",1728,3:25:43,7:51,M 45-49/10,M-49,72,3:25:43,67.19%
78,Yannick Imbo,"B-9880 Aalter, ",1152,3:25:55,7:52,M 30-34/14,M-32,73,3:26:02,60.67%
79,Simon Cooper,"Sierra Madre, CA",834,3:25:56,7:52,M 40-44/10,M-41,74,3:25:58,62.68%
80,Conrado Ramirez,"Ontario, CA",1670,3:26:18,7:53,M 35-39/9,M-35,75,3:26:48,60.56%
81,Laura Sasaki,"San Diego, CA",1789,3:26:40,7:53,F 45-49/1,F-45,6,3:39:55,72.70%
82,Robert Hillery,"Carlsbad, CA",1115,3:26:45,7:54,M 25-29/20,M-27,76,3:27:23,60.42%
83,Yi Feng,"Claremont, CA",948,3:26:59,7:54,M 50-54/4,M-52,77,3:43:19,68.61%
84,Steve McMillin,"Glendale, CA",1430,3:27:02,7:54,M 45-49/11,M-47,78,3:27:09,65.61%
85,James Neumann,"Huntington Beach, CA",1523,3:27:02,7:54,M 45-49/12,M-47,79,3:27:41,65.61%
86,Alan Beauregard,"La Crescenta, CA",664,3:27:18,7:55,M 45-49/13,M-48,80,3:27:32,66.09%
87,Jeff Snyder,"Pasadena, CA",1860,3:27:18,7:55,M 50-54/5,M-52,81,3:27:18,68.51%
88,Dennis Kato,"Huntington Beach, CA",142,3:27:20,7:55,M 50-54/6,M-50,82,3:33:04,67.27%
89,Joseph Umana-Walker,"Pasadena, CA",1966,3:27:51,7:56,M 40-44/11,M-40,83,3:28:27,61.59%
90,Neil Quach,"Woodland Hills, CA",1652,3:28:02,7:57,M 35-39/10,M-36,84,3:28:09,60.11%
91,Larry Rich,"Monrovia, CA",508,3:28:04,7:57,M 45-49/14,M-48,85,3:28:10,65.85%
92,Demsas Teferri,"Redondo Beach, CA",1920,3:28:49,7:58,M 55-59/4,M-55,86,3:29:07,69.92%
93,David Rosas,"Covina, CA",1745,3:28:53,7:59,M 40-44/12,M-44,87,3:29:56,63.35%
94,Blair Tarr,"Santa Monica, CA",9707,3:29:04,7:59,M 50-54/7,M-52,88,3:29:13,67.93%
95,John Dailey,"Pasadena, CA",863,3:29:05,7:59,M 30-34/15,M-31,89,3:29:45,59.75%
96,Chris Louie,"Valencia, CA",163,3:29:06,7:59,M 35-39/11,M-39,90,3:29:49,60.72%
97,Jonatan Guzman,"Corona, CA",1059,3:29:07,7:59,M 20-24/7,M-21,91,3:29:07,60.01%
98,Jill Armstrong,"Carlsbad, CA",617,3:29:37,8:00,F 45-49/2,F-48,7,3:29:45,74.37%
99,Jason Wang,"Alhambra, CA",264,3:29:38,8:00,M 30-34/16,M-32,92,3:34:04,59.59%
100,Abel Contreras,"Temple City, CA",2165,3:31:23,8:04,M 50-54/8,M-52,93,3:32:07,67.18%
101,Bill Kissell,"Covina, CA",1241,3:31:38,8:05,M 55-59/5,M-56,94,3:31:45,69.65%
102,Kristopher Stevens,"Toluca Lake, CA",1886,3:31:44,8:05,M 30-34/17,M-32,95,3:34:18,59.00%
103,Satoshi Ono,"Pasadena, CA",1563,3:31:51,8:05,M 30-34/18,M-34,96,3:32:02,58.97%
104,David Marquez,"Huntington Beach, CA",1391,3:31:51,8:05,M 25-29/21,M-27,97,3:40:01,58.97%
105,Chuck Sohaskey,"Long Beach, CA",2156,3:31:52,8:05,M 45-49/15,M-46,98,3:38:10,63.55%
106,Neal Viellieu,"Port Hueneme, CA",2002,3:32:01,8:06,M 30-34/19,M-32,99,3:41:03,58.92%
107,Willie Rivera,"Glendale, CA",1712,3:32:12,8:06,M 35-39/12,M-36,100,3:32:31,58.93%
108,Carlos Lopez,"Los Angeles, CA",1357,3:32:40,8:07,M 25-29/22,M-28,101,3:33:02,58.74%
109,Rance Myers,"Phoenix, AZ",1507,3:32:53,8:08,M 40-44/13,M-44,102,3:32:59,62.17%
110,Scott Seidel,"Los Angeles, CA",1812,3:32:57,8:08,M 40-44/14,M-41,103,3:33:57,60.61%
111,Michael Coleman,"Edwards, CA",828,3:33:00,8:08,M 25-29/23,M-29,104,3:33:27,58.65%
112,Frank Bernal,"Monrovia, CA",678,3:33:24,8:09,M 30-34/20,M-33,105,3:33:59,58.54%
113,Mark Hebda,"Los Angeles, CA",1090,3:33:37,8:09,M 20-24/8,M-21,106,3:35:17,58.75%
114,Ken Farley,"Pasadena, CA",92,3:33:42,8:10,M 40-44/15,M-44,107,3:34:35,61.93%
115,Andy Kumeda,"Sierra Madre, CA",1267,3:33:51,8:10,M 40-44/16,M-41,108,3:34:12,60.36%
116,Rhianna Derenick-Hannigan,"Dana Point, CA",891,3:34:02,8:10,F 30-34/2,F-30,8,3:39:50,63.30%
117,Ashy Kaviani,"Monrovia, CA",1199,3:34:04,8:10,M 20-24/9,M-23,109,3:36:05,58.36%
118,Daniel Margolis,"Rancho Santa Margarita, CA",1388,3:34:13,8:11,M 40-44/17,M-43,110,3:34:30,61.27%
119,Eddie Ramirez,"Whittier, CA",9686,3:34:18,8:11,M 35-39/13,M-36,111,3:51:52,58.36%
120,David Edgar,"Tujunga, CA",924,3:34:22,8:11,M 50-54/9,M-54,112,3:34:37,67.48%
121,Eric Nordbeck,"Victorville, CA",1540,3:34:25,8:11,M 45-49/16,M-46,113,3:35:37,62.80%
122,Francisco Garcia,"Pasadena, CA",9709,3:34:25,8:11,M 45-49/17,M-48,114,3:34:27,63.90%
123,Ric Munoz,"Van Nuys, CA",1503,3:34:30,8:11,M 50-54/10,M-51,115,3:34:38,65.61%
124,Lee Adams,"Burbank, CA",564,3:34:45,8:12,M 40-44/18,M-41,116,3:50:45,60.11%
125,Claire McCreery,"Bristol, ",542,3:35:03,8:13,F 45-49/3,F-47,9,3:37:52,71.59%
126,Cren Savedra,"Temple City, CA",1792,3:35:17,8:13,M 50-54/11,M-52,117,3:35:26,65.96%
127,Kathy Desmond,"Long Beach, CA",892,3:35:24,8:13,F 40-44/3,F-41,10,3:38:12,66.64%
128,Jose Espadas,"Pasadena, CA",931,3:35:33,8:14,M 20-24/10,M-21,118,3:40:18,58.22%
129,Christa Koot,"Chino, CA",1254,3:35:45,8:14,F 50-54/1,F-50,11,3:53:44,74.12%
130,Matt Springer,"La Crescenta, CA",1875,3:35:49,8:14,M 40-44/19,M-41,119,3:36:01,59.81%
131,Megan Curtis,"Highland, CA",860,3:35:49,8:14,F 25-29/1,F-29,12,3:37:13,62.75%
132,Jeff Ness,"Claremont, CA",1520,3:36:13,8:15,M 35-39/14,M-39,120,3:36:55,58.72%
133,Richard Triquart,"Pasadena, CA",1949,3:36:14,8:15,M 35-39/15,M-36,121,3:38:29,57.84%
134,Armen Anassian,"Burbank, CA",605,3:36:18,8:15,M 45-49/18,M-45,122,3:36:57,61.72%
135,Dan Ryan,"Glendale, CA",1762,3:36:22,8:16,M 35-39/16,M-35,123,3:37:01,57.74%
136,Mark Naylor,"Los Angeles, CA",1516,3:36:29,8:16,M 25-29/24,M-25,124,3:37:06,57.71%
137,Kong Tan,"Rosemead, CA",1912,3:36:30,8:16,M 35-39/17,M-35,125,3:41:37,57.70%
138,Carlo Alcantara,"Glendale, CA",589,3:36:47,8:17,M 35-39/18,M-37,126,3:37:07,57.86%
139,Tom Queally,"Tujunga, CA",1655,3:36:49,8:17,M 45-49/19,M-47,127,3:37:55,62.65%
140,Lauren Kearney,"Carlsbad, CA",1202,3:36:55,8:17,F 40-44/4,F-42,13,3:48:38,66.87%
141,Patrick Tighe,"Santa Barbara, CA",558,3:37:09,8:17,M 40-44/20,M-43,128,3:37:40,60.44%
142,Timothy Giller,"Simi Valley, CA",1008,3:37:15,8:18,M 45-49/20,M-48,129,3:39:19,63.07%
143,Fred Morales,"Pasadena, CA",1487,3:37:38,8:19,M 55-59/6,M-56,130,3:37:47,67.73%
144,Guillermo Gomez,"Riverside, CA",1024,3:37:49,8:19,M 50-54/12,M-50,131,3:38:21,64.03%
145,Thomas Hewko,"Huntington Beach, CA",1112,3:37:59,8:19,M 50-54/13,M-53,132,3:49:40,65.74%
146,Larry Grill,"Claremont, CA",1043,3:37:59,8:19,M 55-59/7,M-59,133,3:38:25,69.58%
147,Bruce Rauhe,"Pasadena, CA",295,3:38:16,8:20,M 45-49/21,M-46,134,3:39:00,61.69%
148,Ann Wilson,"South Pasadena, CA",269,3:38:19,8:20,F 30-34/3,F-31,14,3:39:00,62.13%
149,Jessica Hemauer,"Los Angeles, CA",528,3:38:22,8:20,F 25-29/2,F-27,15,3:43:36,62.02%
150,Bernie Tan,"Glendale, CA",1910,3:38:23,8:20,M 40-44/21,M-41,135,3:38:48,59.11%
151,Jorge Argelagos,"Downey, CA",616,3:38:26,8:20,M 35-39/19,M-38,136,3:38:35,57.71%
152,Bradley Rhodes,"Oceanside, CA",1694,3:38:44,8:21,M 40-44/22,M-44,137,3:39:05,60.50%
153,Scott Williams,"La Canada, CA",2132,3:38:55,8:21,M 40-44/23,M-43,138,3:55:07,59.95%
154,Scott Shupe,"Maple Ridge, BC",1832,3:39:01,8:22,M 40-44/24,M-44,139,3:39:06,60.43%
155,Raymond Ireland,"Northridge, CA",1158,3:39:04,8:22,M 40-44/25,M-40,140,3:56:12,58.43%
156,Antonio Ramirez,"Sunland, CA",1669,3:39:22,8:23,M 40-44/26,M-44,141,3:40:18,60.33%
157,Fernando Cerda,"Sunland, CA",772,3:39:48,8:23,M 25-29/25,M-27,142,4:05:01,56.84%
158,Carolyn Smuts,"Huntington Beach, CA",1858,3:39:53,8:24,F 35-39/2,F-35,16,3:40:29,62.47%
159,Tahir Upshur,"Temecula, CA",1967,3:40:00,8:24,M 25-29/26,M-29,143,3:42:48,56.78%
160,Roberto Calderon,"Lawndale, CA",745,3:40:20,8:25,M 30-34/21,M-32,144,3:40:28,56.70%
161,Karen Wester,"Alta Loma, CA",2036,3:40:27,8:25,F 30-34/4,F-33,17,3:42:29,61.83%
162,Jack Cheng,"Temple City, CA",47,3:40:42,8:26,M 35-39/20,M-37,145,3:47:22,56.83%
163,Jeremy Hardy,"Pasadena, CA",1078,3:40:46,8:26,M 35-39/21,M-36,146,3:41:52,56.65%
164,Jeffrey Parker,"Pasadena, CA",1599,3:40:47,8:26,M 30-34/22,M-30,147,3:42:32,56.58%
165,Barret Schlegelmilch,"Hilo, HI",1802,3:40:56,8:26,M 15-19/1,M-19,148,3:40:58,57.96%
166,Mitch Ridder,"Laguna Beach, CA",1698,3:41:09,8:27,M 45-49/22,M-48,149,3:54:53,61.95%
167,John Langer,"Pasadena, CA",149,3:41:32,8:27,M 35-39/22,M-37,150,3:46:17,56.62%
168,Brian Giaretta,"San Clemente, CA",523,3:41:34,8:28,M 20-24/11,M-24,151,3:42:31,56.38%
169,Jarret Carle,"Long Beach, CA",756,3:41:42,8:28,M 25-29/27,M-26,152,3:47:09,56.35%
170,Mario Moreno,"Arleta, CA",1491,3:41:45,8:28,M 40-44/27,M-41,153,3:42:11,58.21%
171,Artemio Rodriguez,"Valley Village, CA",1724,3:42:22,8:29,M 30-34/23,M-31,154,3:53:52,56.18%
172,Jon Mahoney,"Palm Desert, CA",1382,3:42:30,8:30,M 55-59/8,M-57,155,3:42:37,66.87%
173,Laura Minton,"San Francisco, CA",2149,3:42:35,8:30,F 30-34/5,F-31,18,3:44:37,60.94%
174,Jeremy Schwartz,"Calabasas, CA",1807,3:42:40,8:30,M 35-39/23,M-35,156,3:45:09,56.10%
175,Christopher Sage,"Pomona, CA",1769,3:42:46,8:30,M 35-39/24,M-36,157,3:49:33,56.14%
176,Greg Hart,"Pasadena, CA",1082,3:42:46,8:30,M 50-54/14,M-52,158,3:42:53,63.75%
177,Keith Shimabukuro,"San Pedro, CA",2163,3:42:47,8:30,M 50-54/15,M-52,159,3:42:58,63.74%
178,Jason Charvat,"Pasadena, CA",791,3:42:58,8:31,M 25-29/28,M-29,160,3:43:53,56.03%
179,George Pence,"Los Angeles, CA",1616,3:43:12,8:31,M 25-29/29,M-29,161,4:06:10,55.97%
180,Manuel Calzada,"Sun Valley, CA",2182,3:43:15,8:31,M 40-44/28,M-41,162,4:03:28,57.82%
181,Kevin Knight,"Los Angeles, CA",1247,3:43:19,8:32,M 30-34/24,M-32,163,4:18:09,55.94%
182,Stanley Lau,"Santa Maria, CA",1293,3:43:34,8:32,M 25-29/30,M-29,164,3:45:58,55.88%
183,Kathryn Roach,"Monrovia, CA",1715,3:43:37,8:32,F 20-24/2,F-20,19,3:47:54,60.61%
184,Frank Troilo,"Media, PA",1951,3:43:48,8:33,M 40-44/29,M-43,165,3:44:29,58.64%
185,Todor Trenkov,"Monrovia, CA",1944,3:43:56,8:33,M 50-54/16,M-51,166,3:44:41,62.84%
186,Allen Smith,"Sun Valley, CA",1847,3:44:03,8:33,M 50-54/17,M-50,167,3:44:32,62.25%
187,Michael Keeslar,"Pasadena, CA",1203,3:44:15,8:34,M 25-29/31,M-27,168,3:55:22,55.71%
188,Ryan Minniear,"Santa Monica, CA",1467,3:44:16,8:34,M 30-34/25,M-32,169,4:07:42,55.70%
189,Amy Jimenez,"Montebello, CA",2142,3:44:17,8:34,F 25-29/3,F-25,20,3:46:23,60.38%
190,Neal Tyler,"Los Angeles, CA",1963,3:44:27,8:34,M 25-29/32,M-26,170,4:19:20,55.66%
191,Adam Fratto,"Pasadena, CA",973,3:44:33,8:34,M 40-44/30,M-40,171,3:44:50,57.01%
192,Sherry Mahoney,"Palm Desert, CA",1383,3:44:57,8:35,F 40-44/5,F-44,21,3:45:01,65.99%
193,Devin Daly,"Redondo Beach, CA",865,3:45:00,8:35,M 35-39/25,M-37,172,3:45:00,55.74%
194,Patrick Cates,"Los Angeles, CA",768,3:45:11,8:36,M 35-39/26,M-35,173,3:58:26,55.48%
195,Claron McAlister,"Arcadia, CA",1411,3:45:14,8:36,M 30-34/26,M-34,174,3:45:49,55.47%
196,Carla McAlister,"Arcadia, CA",1410,3:45:15,8:36,F 35-39/3,F-35,22,3:45:50,60.98%
197,Joe Ogata,"Pacoima, CA",1555,3:45:22,8:36,M 60-64/2,M-60,175,3:45:23,67.98%
198,Peter Tuccillo,"Culver City, CA",1959,3:45:25,8:36,M 50-54/18,M-50,176,3:45:46,61.87%
199,Ted Liao,"Monrovia, CA",158,3:45:43,8:37,M 45-49/23,M-48,177,3:50:10,60.70%
200,Felix Topete,"South Pasadena, CA",1936,3:45:51,8:37,M 35-39/27,M-38,178,3:46:12,55.82%
201,Areg Baghdassarians,"Glendale, CA",634,3:45:56,8:38,M 45-49/24,M-45,179,3:45:56,59.09%
202,Donald Sevesind,"Covina, CA",1819,3:46:00,8:38,M 30-34/27,M-34,180,3:47:28,55.28%
203,Jeremy Milbrodt,"La Canada, CA",1460,3:46:01,8:38,M 35-39/28,M-37,181,3:46:28,55.49%
204,Hyunchan Choi,"Lomita, CA",806,3:46:01,8:38,M 55-59/9,M-55,182,3:47:02,64.60%
205,Jesus Sainz,"Pacoima, CA",1771,3:46:02,8:38,M 55-59/10,M-58,183,3:46:15,66.46%
206,Stafford Brown,"Santa Ana, CA",723,3:46:09,8:38,M 30-34/28,M-32,184,3:52:18,55.24%
207,Chad Holden,"Los Angeles, CA",1125,3:46:11,8:38,M 30-34/29,M-30,185,4:05:12,55.23%
208,Michael Dale,"Pasadena, CA",502,3:46:25,8:39,M 40-44/31,M-41,186,3:46:51,57.01%
209,Elena Hermanson,"Pasadena, CA",122,3:46:39,8:39,F 40-44/6,F-43,23,3:47:24,64.72%
210,Barry Ponsford,"Harpenden, ",1636,3:46:48,8:40,M 45-49/25,M-49,187,3:49:38,60.95%
211,Roberto Chavez,"Montebello, CA",794,3:46:57,8:40,M 35-39/29,M-36,188,3:52:49,55.10%
212,Ronald Martin,"Hermosa Beach, CA",1396,3:47:09,8:40,M 40-44/32,M-43,189,3:47:28,57.78%
213,Tetsuya Asano,"Torrance, CA",620,3:47:37,8:41,M 25-29/33,M-29,190,3:58:18,54.88%
214,Matt Ehret,"Oxnard, CA",926,3:47:43,8:42,M 30-34/30,M-32,191,3:48:00,54.86%
215,Adam Kargman,"Los Angeles, CA",1196,3:48:01,8:42,M 30-34/31,M-34,192,3:50:02,54.79%
216,Ely Yaron,"Studio City, CA",2080,3:48:07,8:43,M 35-39/30,M-39,193,3:48:24,55.66%
217,Craig Mitchell,"Pasadena, CA",8,3:48:12,8:43,M 50-54/19,M-52,194,3:49:24,62.23%
218,Erin Edwards,"Claremont, CA",925,3:48:26,8:43,F 35-39/4,F-39,24,3:49:14,61.70%
219,Sang Ho Seo,"Los Angeles, CA",2125,3:48:34,8:44,M 45-49/26,M-48,195,4:17:15,59.94%
220,Tony Troccoli,"Rancho Cucamonga, CA",1950,3:48:36,8:44,M 40-44/33,M-44,196,3:51:40,57.89%
221,Colin Weightman,"La Canada, CA",267,3:48:39,8:44,M 30-34/32,M-34,197,3:53:42,54.64%
222,Andres Morales,"Los Angeles, CA",1486,3:48:43,8:44,M 30-34/33,M-31,198,3:48:57,54.62%
223,Amanda Morgan,"San Mateo, CA",1493,3:49:05,8:45,F 25-29/4,F-28,25,3:56:28,59.12%
224,David Piper,"Los Angeles, CA",200,3:49:06,8:45,M 35-39/31,M-37,199,3:49:38,54.75%
225,Jeff McCumiskey,"Tustin, CA",1416,3:49:11,8:45,M 30-34/34,M-34,200,4:17:10,54.51%
226,Shelly Allen,"Frazier Park, CA",511,3:49:30,8:46,F 35-39/5,F-38,26,4:05:08,60.95%
227,John Vigil,"Covina, CA",2003,3:49:31,8:46,M 35-39/32,M-35,201,3:52:50,54.43%
228,Juan Camacho,"Pacoima, CA",746,3:49:46,8:46,M 45-49/27,M-47,202,3:51:10,59.11%
229,Robert Moreno,"Tustin, CA",1492,3:49:47,8:46,M 40-44/34,M-40,203,3:49:51,55.71%
230,Christina Kim,"Los Angeles, CA",1220,3:50:02,8:47,F 35-39/6,F-36,27,3:53:17,60.02%
231,David Kim,"Porter Ranch, CA",1221,3:50:06,8:47,M 50-54/20,M-53,204,3:50:52,62.28%
232,Soohan Kim,"Tujunga, CA",1229,3:50:07,8:47,M 50-54/21,M-54,205,3:50:52,62.86%
233,Joseph Luna,"Los Angeles, CA",1370,3:50:29,8:48,M 20-24/12,M-22,206,3:50:30,54.23%
234,Veronica Franco,"Valencia, CA",969,3:50:40,8:48,F 30-34/6,F-30,28,3:51:03,58.73%
235,Katherine Goldsich,"Los Angeles, CA",1021,3:50:52,8:49,F 30-34/7,F-30,29,3:51:12,58.68%
236,Evan Snyder,"La Canada, CA",1859,3:51:04,8:49,F 15-19/1,F-19,30,3:57:45,58.98%
237,Todd Lauder,"Monrovia, CA",151,3:51:04,8:49,M 35-39/33,M-35,207,3:51:39,54.06%
238,Kenji Nampo,"North Hollywood, CA",1508,3:51:07,8:49,M 40-44/35,M-40,208,3:53:38,55.39%
239,Scott Sullivan,"Culver City, CA",1900,3:51:14,8:50,M 45-49/28,M-49,209,3:53:06,59.78%
240,Jay Grobeson,"Los Angeles, CA",1045,3:51:15,8:50,M 45-49/29,M-48,210,3:53:07,59.25%
241,Ed Ettinghausen,"Wildomar, CA",936,3:51:31,8:50,M 45-49/30,M-46,211,3:52:00,58.16%
242,Toan Nguyen,"Calabasas, CA",1532,3:51:33,8:50,M 45-49/31,M-46,212,3:55:36,58.15%
243,Cimitrio Cervantes,"Piru, CA",774,3:51:58,8:51,M 40-44/36,M-40,213,3:52:43,55.18%
244,Scott Zerga,"Torrance, CA",2097,3:52:00,8:51,M 40-44/37,M-43,214,3:56:04,56.57%
245,Elizabeth Russell-Fisk,"Pasadena, CA",1759,3:52:04,8:52,F 25-29/5,F-29,31,3:54:25,58.36%
246,Matt Tawney,"Fontana, CA",1917,3:52:15,8:52,M 30-34/35,M-34,215,3:53:16,53.79%
247,Beatrice Song,"Sunnyvale, CA",1865,3:52:19,8:52,F 45-49/4,F-47,32,3:53:13,66.27%
248,Hernan Benci,"Sherman Oaks, CA",671,3:52:27,8:52,M 25-29/34,M-27,216,3:53:12,53.74%
249,Jenny Kelly,"Lakewood, CA",1207,3:52:30,8:53,F 30-34/8,F-31,33,4:21:05,58.34%
250,Martin Selander,"Long Beach, CA",1813,3:52:43,8:53,M 40-44/38,M-43,217,3:59:52,56.40%
251,George Korn,"Paso Robles, CA",1255,3:52:44,8:53,M 30-34/36,M-31,218,3:57:59,53.68%
252,Fusaki Sakai,"Shinjuku-Ku, ",1772,3:52:44,8:53,M 20-24/13,M-23,219,3:53:28,53.68%
253,Anton Maillie,"North Hollywood, CA",1384,3:52:49,8:53,M 45-49/32,M-45,220,3:53:35,57.34%
254,Brian Aflague,"San Dimas, CA",577,3:52:53,8:53,M 35-39/34,M-35,221,3:54:27,53.64%
255,Tony Gomez,"Burbank, CA",1026,3:53:05,8:54,M 55-59/11,M-59,222,3:59:43,65.07%
256,David Galdamez,"N Hollywood, CA",984,3:53:07,8:54,M 35-39/35,M-36,223,4:04:10,53.65%
257,Vazgen Vartanian,"Glendale, CA",2129,3:53:09,8:54,M 60-64/3,M-60,224,3:53:54,65.70%
258,Mariano Orlando,"San Marcos, CA",1564,3:53:22,8:55,M 55-59/12,M-59,225,3:56:17,65.00%
259,Alan Singleton,"Van Nuys, CA",1842,3:53:23,8:55,M 40-44/39,M-43,226,4:04:14,56.23%
260,Francisco Aceves,"Pacoima, CA",570,3:53:24,8:55,M 40-44/40,M-42,227,3:53:39,55.76%
261,Kristen Farley,"Pasadena, CA",93,3:53:27,8:55,F 45-49/5,F-47,34,3:54:20,65.95%
262,Sonny Rull,"Riverside, CA",1758,3:53:40,8:55,M 25-29/35,M-25,228,3:54:03,53.46%
263,Berith Velasquez,"San Fernando, CA",1990,3:53:43,8:55,F 50-54/2,F-53,35,3:53:47,71.17%
264,Hanik Choi,"Burbank, CA",2107,3:54:08,8:56,M 55-59/13,M-56,229,3:54:12,62.95%
265,Tim Osti,"Sierra Madre, CA",1578,3:54:12,8:56,M 40-44/41,M-41,230,3:57:03,55.11%
266,Alberto Hernandez,"Hacienda Heights, CA",1098,3:54:16,8:57,M 40-44/42,M-42,231,3:54:19,55.55%
267,Bill Powers,"Thousand Oaks, CA",1643,3:54:27,8:57,M 45-49/33,M-45,232,3:59:14,56.94%
268,Miguel Villegas,"South Pasadena, CA",2159,3:54:32,8:57,M 35-39/36,M-35,233,3:55:44,53.27%
269,Charlie Itchko,"San Diego, CA",1160,3:54:32,8:57,M 50-54/22,M-54,234,3:54:50,61.67%
270,Jordan Cohen,"Glendale, CA",57,3:54:35,8:57,M 40-44/43,M-42,235,3:57:22,55.48%
271,Chris Powell,"Pasadena, CA",1642,3:54:36,8:57,M 35-39/37,M-37,236,3:58:45,53.46%
272,Jeff Padilla,"Orange, CA",1583,3:54:37,8:57,M 55-59/14,M-59,237,3:57:08,64.65%
273,Jimmy Kennelly,"Long Beach, CA",1210,3:54:41,8:58,M 45-49/34,M-45,238,3:55:06,56.88%
274,Bodee Maxwell,"Sunland, CA",1405,3:55:04,8:58,M 40-44/44,M-43,239,3:55:04,55.83%
275,Kevin Heinz,"Pasadena, CA",119,3:55:10,8:59,M 35-39/38,M-38,240,3:58:47,53.60%
276,Lukas Hamada,"San Diego, CA",1068,3:55:24,8:59,M 25-29/36,M-25,241,4:02:23,53.07%
277,Abhishek Borah,"Los Angeles, CA",701,3:55:32,8:59,M 25-29/37,M-28,242,4:00:33,53.04%
278,Timothy Nguyen,"Diamond Bar, CA",1531,3:55:33,9:00,M 40-44/45,M-40,243,3:55:41,54.34%
279,Raymond Wong,"Palmdale, CA",2062,3:55:37,9:00,M 45-49/35,M-46,244,3:55:39,57.14%
280,Rainer Kurz,"San Diego, CA",1269,3:55:44,9:00,M 45-49/36,M-48,245,3:57:26,58.12%
281,William Kullback,"Plymouth, MN",1266,3:55:45,9:00,M 45-49/37,M-49,246,3:55:49,58.63%
282,April Felipe,"San Diego, CA",946,3:55:57,9:00,F 25-29/6,F-27,36,4:02:40,57.40%
283,Michael Deck,"Altadena, CA",885,3:56:00,9:01,M 45-49/38,M-49,247,4:03:20,58.57%
284,Deo Jaravata,"Granada Hills, CA",133,3:56:03,9:01,M 40-44/46,M-44,248,4:01:09,56.07%
285,Wayne Lee,"Stevenson Ranch, CA",1310,3:56:06,9:01,M 40-44/47,M-40,249,3:56:48,54.22%
286,Cathy Rios,"Alhambra, CA",1705,3:56:06,9:01,F 35-39/7,F-39,37,3:59:16,59.70%
287,Gavin McKiernan,"Long Beach, CA",1427,3:56:09,9:01,M 30-34/37,M-34,250,3:56:51,52.90%
288,Steve Radigan,"Fremont, CA",1661,3:56:11,9:01,M 55-59/15,M-57,251,3:59:47,63.00%
289,Edward Mariscal,"Rowland Heights, CA",1389,3:56:13,9:01,M 35-39/39,M-36,252,3:56:34,52.94%
290,Brad Hines,"Pasadena, CA",1116,3:56:20,9:01,M 40-44/48,M-44,253,3:57:03,56.00%
291,Arthur Fitzmaurice,"Los Angeles, CA",96,3:56:46,9:02,M 25-29/38,M-28,254,3:57:28,52.76%
292,Marcial Naranjo,"Fountain Valley, CA",1510,3:57:02,9:03,M 45-49/39,M-45,255,4:01:07,56.32%
293,Erwin Macatula,"Los Angeles, CA",2115,3:57:08,9:03,M 30-34/38,M-34,256,4:29:56,52.68%
294,Delfino Rodriguez,"Los Angeles, CA",1725,3:57:10,9:03,M 60-64/4,M-62,257,4:05:02,65.89%
295,David Huelsbeck,"Los Angeles, CA",1140,3:57:18,9:04,M 40-44/49,M-43,258,3:57:55,55.31%
296,Donald Taylor,"Alhambra, CA",1918,3:57:20,9:04,Unknown/1,M-9,259,3:59:59,68.80%
297,Michael Brittain,"West Hollywood, CA",713,3:57:24,9:04,M 25-29/39,M-28,260,4:02:46,52.62%
298,Gerardo Sarmiento,"Duarte, CA",1787,3:57:31,9:04,M 25-29/40,M-25,261,4:03:23,52.60%
299,John Radich,"Monrovia, CA",1660,3:57:34,9:04,M 50-54/23,M-54,262,3:59:47,60.89%
300,Stuart McDougal,"Tujunga, CA",1421,3:57:38,9:04,M 45-49/40,M-46,263,4:02:57,56.66%
601,David Mathias,"Pasadena, CA",1403,4:28:10,10:14,M 40-44/80,M-43,482,4:30:30,48.94%
602,Samuel Helmle,"Los Angeles, CA",1093,4:28:14,10:14,M 25-29/59,M-27,483,4:39:44,46.57%
603,Joaquin Siques,"Glendale, CA",229,4:28:16,10:14,M 30-34/67,M-33,484,4:34:57,46.57%
604,Erika Godwin,"Los Angeles, CA",1014,4:28:16,10:14,F 25-29/17,F-28,120,4:32:14,50.48%
605,Sid Sybenga,"Arcadia, CA",1904,4:28:17,10:14,M 55-59/35,M-59,485,4:34:27,56.54%
606,Joanne Robles,"San Gabriel, CA",1720,4:28:26,10:15,F 40-44/20,F-44,121,4:30:35,55.30%
607,Arthur Lopez,"San Dimas, CA",1356,4:28:36,10:15,M 50-54/46,M-51,486,4:31:38,52.39%
608,Richard Lopez,"San Bernardino, CA",1360,4:28:36,10:15,M 50-54/47,M-51,487,4:31:37,52.39%
609,Judy Hamilton,"Fullerton, CA",1069,4:28:36,10:15,F 45-49/15,F-49,122,4:34:11,58.78%
610,Bert Estrada,"South Gate, CA",934,4:28:39,10:15,M 65-69/4,M-65,488,4:37:26,59.97%
611,David Castillo,"Huntington Beach, CA",766,4:28:42,10:15,M 20-24/23,M-24,489,4:28:42,46.49%
612,Roberto Vargas,"Ontario, CA",2162,4:28:52,10:16,M 70-74/2,M-71,490,4:29:24,63.90%
613,Ammon Dorny,"South Pasadena, CA",912,4:29:10,10:16,M 40-44/81,M-40,491,4:30:34,47.56%
614,Heidi Tavernetti,"Long Beach, CA",557,4:29:11,10:16,F 40-44/21,F-44,123,4:30:49,55.15%
615,Sun Kang,"Torrance, CA",1194,4:29:16,10:17,F 45-49/16,F-49,124,4:29:16,58.63%
616,Alicia Walters,"Rosemead, CA",2016,4:29:17,10:17,F 40-44/22,F-40,125,4:33:24,52.79%
617,Ernest Walters,"Rosemead, CA",2017,4:29:17,10:17,M 50-54/48,M-52,492,4:33:24,52.74%
618,Scott Wallin,"Pasadena, CA",2015,4:29:18,10:17,M 40-44/82,M-41,493,4:30:11,47.93%
619,Wendy Renfrew,"Arcadia, CA",1682,4:29:19,10:17,F 45-49/17,F-49,126,4:31:33,58.62%
620,Allison Mazahery,"Los Angeles, CA",1409,4:29:22,10:17,F 15-19/4,F-19,127,4:36:06,50.60%
621,Connor Flanagan,"Los Angeles, CA",956,4:29:24,10:17,M 15-19/10,M-19,494,4:36:08,47.53%
622,Dave Jacobs-Robinson,"Burbank, CA",1164,4:29:26,10:17,M 60-64/13,M-62,495,4:44:49,58.00%
623,Kellen Medby,"Sherman Oaks, CA",1436,4:29:36,10:17,F 35-39/25,F-39,128,4:32:29,52.28%
624,Jong Lee,"Gardena, CA",1303,4:29:40,10:18,M 50-54/49,M-54,496,4:37:30,53.64%
625,Cong Chau,"Alhambra, CA",792,4:29:44,10:18,F 25-29/18,F-29,129,4:33:37,50.21%
626,Benjamin Shin,"Los Angeles, CA",1827,4:29:46,10:18,M 15-19/11,M-19,497,4:34:46,47.47%
627,Todd Gustafson,"San Diego, CA",1054,4:29:47,10:18,M 35-39/78,M-35,498,4:35:21,46.31%
628,Kerry Quakenbush,"West Hollywood, CA",1653,4:29:53,10:18,M 40-44/83,M-41,499,4:30:41,47.83%
629,Min-Seok Chae,"Lynwood, CA",779,4:29:58,10:18,M 50-54/50,M-53,500,4:37:52,53.08%
630,Sharon Albright,"Sierra Madre, CA",588,4:30:00,10:18,F 45-49/18,F-48,130,4:30:30,57.74%
631,Kimberly Rubal,"Pasadena, CA",1754,4:30:13,10:19,F 45-49/19,F-46,131,4:30:56,56.28%
632,David Grimmett,"Simi Valley, CA",1044,4:30:25,10:19,M 50-54/51,M-52,501,4:47:05,52.51%
633,Imdad Yusufaly,"Corona, CA",2089,4:30:30,10:19,M 50-54/52,M-50,502,4:48:43,51.56%
634,Kareen Martin,"Santa Monica, CA",1393,4:30:32,10:20,F 40-44/23,F-40,132,4:37:00,52.55%
635,Alexander Chen,"Los Angeles, CA",795,4:30:48,10:20,M 30-34/68,M-34,503,4:34:48,46.13%
636,Jim Allen,"Roseville, CA",2104,4:30:54,10:20,M 40-44/84,M-40,504,4:34:14,47.25%
637,Jaiver Gonzales,"Tujunga, CA",1027,4:31:17,10:21,M 40-44/85,M-42,505,4:38:35,47.97%
638,Silvia Collins,"Los Angeles, CA",829,4:31:18,10:21,F 35-39/26,F-38,133,4:31:44,51.56%
639,Nathan McCusker,"Los Angeles, CA",2117,4:31:23,10:22,M 25-29/60,M-25,506,4:34:46,46.03%
640,Ahree Song,"South Pasadena, CA",1864,4:31:31,10:22,F 15-19/5,F-15,134,4:35:57,53.92%
641,Victor Romero,"Monrovia, CA",211,4:31:43,10:22,M 55-59/36,M-56,507,4:39:10,54.24%
642,Brandon Park,"Duarte, CA",1595,4:32:09,10:23,M 15-19/12,M-15,508,4:39:58,50.16%
643,Stephanie Potter,"Pasadena, CA",1639,4:32:11,10:23,F 25-29/19,F-28,135,4:35:20,49.76%
644,Dan Boris,"Mission Viejo, CA",703,4:32:15,10:24,M 50-54/53,M-54,509,4:43:38,53.13%
645,Keith Crasnick,"Sunland, CA",848,4:32:19,10:24,M 50-54/54,M-52,510,4:35:05,52.15%
646,Felicia Serrano,"Huntington Beach, CA",1816,4:32:20,10:24,F 30-34/20,F-30,136,4:58:18,49.75%
647,Georgette Rodarte,"Alhambra, CA",1722,4:32:22,10:24,F 35-39/27,F-39,137,4:37:22,51.75%
648,Evan Mader,"Sylmar, CA",1377,4:32:23,10:24,M 35-39/79,M-38,511,4:37:23,46.28%
649,Victor Mejia,"Panorama City, CA",2189,4:32:24,10:24,M 50-54/55,M-53,512,4:32:27,52.61%
650,Gary Iem,"Los Angeles, CA",1150,4:32:30,10:24,M 25-29/61,M-25,513,4:34:18,45.84%
651,Matthew Kartchner,"Chula Vista, CA",536,4:32:31,10:24,M 35-39/80,M-37,514,4:36:05,46.02%
652,Natalia Saenz Valiente,"San Dimas, CA",1768,4:32:33,10:24,F 25-29/20,F-29,138,4:38:49,49.69%
653,Ana Laines,"La Canada, CA",538,4:32:52,10:25,F 50-54/10,F-50,139,4:33:21,58.60%
654,Jim Denault,"Pasadena, CA",72,4:32:59,10:25,M 45-49/75,M-48,515,4:35:37,50.19%
655,Arthur Petrossians,"Pasadena, CA",1624,4:33:15,10:26,M 35-39/81,M-35,516,4:35:56,45.72%
656,Alba Ibarra,"Montebello, CA",1149,4:33:18,10:26,F 30-34/21,F-32,140,4:39:14,49.73%
657,Joseph Tse,"Shanghai, ",1956,4:33:25,10:26,M 50-54/56,M-54,517,4:33:35,52.90%
658,Bernard Buchanan,"San Dimas, CA",729,4:33:29,10:26,M 40-44/86,M-42,518,4:34:04,47.59%
659,David Dassey,"Los Angeles, CA",869,4:33:34,10:27,M 55-59/37,M-58,519,4:34:33,54.91%
660,Daniel Parks,"Pasadena, CA",1600,4:33:36,10:27,M 40-44/87,M-40,520,4:34:17,46.79%
661,Steven Cha,"Arcadia, CA",776,4:33:43,10:27,M 35-39/82,M-37,521,4:34:25,45.82%
662,Lonny Beck,"Sierra Madre, CA",665,4:33:47,10:27,M 35-39/83,M-37,522,4:37:57,45.81%
663,Malcolm Wilcox,"Arcadia, CA",2045,4:33:47,10:27,M 45-49/76,M-45,523,4:37:57,48.76%
664,Yong Lee,"Los Angeles, CA",1311,4:33:58,10:27,M 35-39/84,M-38,524,4:35:58,46.01%
665,Daniel Amos,"Los Angeles, CA",603,4:33:58,10:27,M 50-54/57,M-50,525,4:41:34,50.91%
666,Chester Reyes,"Los Angeles, CA",1687,4:34:03,10:28,M 30-34/69,M-30,526,4:36:37,45.58%
667,Qc Chen,"Arcadia, CA",46,4:34:09,10:28,M 55-59/38,M-57,527,4:40:51,54.27%
668,Bethany Stirdivant,"Glendale, CA",1889,4:34:21,10:28,F 30-34/22,F-31,141,4:37:30,49.44%
669,Jim Wright,"Moorpark, CA",2072,4:34:26,10:29,M 40-44/88,M-43,528,4:35:20,47.82%
670,Mario Avila,"Pasadena, CA",628,4:34:28,10:29,M 35-39/85,M-38,529,4:39:05,45.93%
671,Dean Tan,"Irvine, CA",1911,4:34:33,10:29,M 45-49/77,M-46,530,4:37:37,49.04%
672,Johnny Larsen,"Shamong, NJ",1289,4:34:38,10:29,M 50-54/58,M-54,531,4:45:44,52.67%
673,Alexis Negron,"Pasadena, CA",1517,4:34:40,10:29,F 30-34/23,F-31,142,4:48:17,49.38%
674,Nathan Roth,"North Hollywood, CA",1751,4:34:52,10:29,M 15-19/13,M-18,532,4:35:31,47.27%
675,Steve Hernandez,"Temple City, CA",1107,4:34:52,10:29,M 40-44/89,M-41,533,4:35:31,46.96%
676,Benny Preciado,"Los Angeles, CA",1647,4:34:53,10:30,M 45-49/78,M-49,534,4:36:13,50.28%
677,Levi Rizk,"Henderson, NV",1713,4:34:54,10:30,M 25-29/62,M-25,535,4:38:34,45.44%
678,Katie Curran,"La Canada, CA",859,4:34:56,10:30,F 40-44/24,F-43,143,4:36:38,53.36%
679,John Grush,"Sherman Oaks, CA",1048,4:34:56,10:30,M 30-34/70,M-34,536,4:36:41,45.44%
680,Fj Pratt,"S Pasadena, CA",1646,4:35:01,10:30,M 50-54/59,M-50,537,4:36:43,50.72%
681,Jaime Gallegos,"Monrovia, CA",522,4:35:05,10:30,M 35-39/86,M-39,538,4:41:57,46.15%
682,Mikaela Sellner,"Upland, CA",1814,4:35:08,10:30,F 25-29/21,F-25,144,4:35:32,49.22%
683,James Lue,"Los Angeles, CA",165,4:35:10,10:30,M 50-54/60,M-52,539,4:41:03,51.61%
684,Randy Kam,"Tehachapi, CA",1192,4:35:17,10:30,M 50-54/61,M-51,540,4:40:21,51.12%
685,Jose Bermudez,"Fontana, CA",677,4:35:32,10:31,M 45-49/79,M-46,541,4:40:02,48.87%
686,Wataru Taniguchi,"Nagoya, ",1916,4:35:35,10:31,M 20-24/24,M-23,542,4:36:20,45.33%
687,Ramona Lee,"Long Beach, CA",1306,4:35:37,10:31,F 45-49/20,F-47,145,4:42:05,55.86%
688,Robert Lin,"Torrance, CA",1338,4:35:39,10:31,M 25-29/63,M-28,543,4:36:03,45.32%
689,Mike Hoffman,"Huntington Beach, CA",1123,4:35:41,10:31,M 40-44/90,M-44,544,4:37:30,48.00%
690,Rosa Caudillo,"Sunland, CA",769,4:35:45,10:32,F 50-54/11,F-54,146,4:39:18,61.14%
691,Daniel Bryce,"Altadena, CA",30,4:35:52,10:32,M 50-54/62,M-50,545,4:40:43,50.56%
692,Myung Park,"Pasadena, CA",1598,4:35:54,10:32,M 65-69/5,M-66,546,4:50:56,59.00%
693,Maricel Del Rosario,"Huntington Beach, CA",886,4:36:00,10:32,F 30-34/24,F-34,147,4:36:16,49.55%
694,Anita Lee,"Fresno, CA",1302,4:36:24,10:33,F 40-44/25,F-41,148,4:38:32,51.93%
695,Brian Kirk,"Orem, UT",1236,4:36:32,10:33,M 25-29/64,M-29,547,4:39:33,45.18%
696,Francisco Rubio,"Paramount, CA",1755,4:36:35,10:33,M 50-54/63,M-53,548,4:36:49,51.81%
697,Gilbert Kelley,"Diamond Bar, CA",1205,4:36:40,10:34,M 60-64/14,M-61,549,4:39:07,55.92%
698,Deborah Castro,"Temecula, CA",767,4:36:41,10:34,F 45-49/21,F-48,149,4:42:35,56.34%
699,Jeffrey Harmon,"Simi Valley, CA",1079,4:36:46,10:34,M 50-54/64,M-53,550,4:37:17,51.78%
700,Heather Osborn,"Los Angeles, CA",1576,4:37:02,10:34,F 35-39/28,F-35,150,4:38:01,49.58%
701,Kelly Proctor,"Altadena, CA",1649,4:37:04,10:35,F 40-44/26,F-42,151,4:52:30,52.35%
702,Todd Byers,"Long Beach, CA",738,4:37:13,10:35,M 45-49/80,M-45,551,4:41:25,48.15%
703,Rod Mabasa,"Pasadena, CA",1372,4:37:16,10:35,M 35-39/87,M-39,552,4:37:55,45.79%
704,Adalberto Mendoza,"Los Angeles, CA",1443,4:37:23,10:35,M 55-59/39,M-56,553,4:38:53,53.14%
705,Monte Gagnier,"Altadena, CA",982,4:37:23,10:35,M 35-39/88,M-38,554,4:42:42,45.45%
706,Norberto Murrieta,"Norwalk, CA",1506,4:37:41,10:36,M 30-34/71,M-30,555,5:00:03,44.99%
707,Seiko Hashimoto,"San Pedro, CA",1084,4:37:43,10:36,F 40-44/27,F-41,152,4:53:47,51.69%
708,Paul Anderson,"Studio City, CA",612,4:37:51,10:36,M 60-64/15,M-60,556,4:42:21,55.13%
709,Theo Munoz,"Monterey Park, CA",1504,4:37:51,10:36,M 40-44/91,M-41,557,4:38:24,46.45%
710,Lyle Kan,"San Marino, CA",141,4:38:02,10:37,M 50-54/65,M-53,558,4:42:52,51.54%
711,Ron Quezon,"Sherman Oaks, CA",1656,4:38:03,10:37,M 35-39/89,M-35,559,4:40:15,44.93%
712,Hope Langevin,"Monrovia, CA",1283,4:38:05,10:37,F 45-49/22,F-48,153,4:38:26,56.06%
713,Minerva Facenda,"Fontana, CA",520,4:38:06,10:37,F 35-39/29,F-36,154,5:08:06,49.65%
714,Emma Reiners,"Pasadena, CA",1681,4:38:35,10:38,F 25-29/22,F-26,155,4:43:35,48.61%
715,Marilyn Owsley,"Altadena, CA",1581,4:38:35,10:38,F 50-54/12,F-50,156,4:42:46,57.40%
716,Charles Pearce,"Huntington Beach, CA",1611,4:38:36,10:38,M 60-64/16,M-60,560,4:42:05,54.99%
717,Melinda McElliott,"Los Angeles, CA",1422,4:38:37,10:38,F 40-44/28,F-41,157,4:39:41,51.52%
718,Jackson Brooke,"Pasadena, CA",715,4:38:39,10:38,M 25-29/65,M-26,561,4:43:40,44.83%
719,Maria Reynoso,"Santa Ana, CA",1693,4:38:39,10:38,F 40-44/29,F-43,158,4:43:54,52.64%
720,Jennifer Goodenough,"Sherman Oaks, CA",1032,4:38:52,10:39,F 40-44/30,F-42,159,4:39:42,52.01%
721,Marissa Phatipat,"Chino Hills, CA",1631,4:39:05,10:39,F 25-29/23,F-25,160,4:44:34,48.52%
722,Norman Baculinao,"Valencia, CA",632,4:39:05,10:39,M 45-49/81,M-47,562,4:45:46,48.67%
723,Jessica Shaw,"Fullerton, CA",1821,4:39:09,10:39,F 20-24/14,F-24,161,4:40:22,48.51%
724,Giuseppe Marandino,"Escondido, CA",9951,4:39:11,10:39,M 20-24/25,M-20,563,4:40:40,45.31%
725,Alonso Robles,"Pasadena, CA",1719,4:39:22,10:40,M 40-44/92,M-44,564,4:43:49,47.37%
726,Will Quinonez,"Montebello, CA",1657,4:39:35,10:40,M 25-29/66,M-25,565,4:41:43,44.68%
727,Jonathon Sunada,"Los Angeles, CA",1902,4:39:50,10:41,M 15-19/14,M-18,566,4:46:36,46.43%
728,Rosa Alvarez,"Granada Hills, CA",600,4:40:07,10:42,F 45-49/23,F-46,162,4:46:33,54.29%
729,Rosemary Lee,"La Verne, CA",1307,4:40:08,10:42,F 40-44/31,F-40,163,4:42:19,50.75%
730,Mark Barrera,"Sylmar, CA",649,4:40:15,10:42,M 45-49/82,M-46,567,4:41:02,48.04%
731,Jeffrey Hergesheimer,"Pasadena, CA",1094,4:40:18,10:42,M 20-24/26,M-23,568,4:49:00,44.57%
732,Yamilett Miranda,"Pasadena, CA",1468,4:40:21,10:42,F 35-39/30,F-39,164,4:55:44,50.27%
733,Tom Alvarez,"Bakersfield, CA",501,4:40:23,10:42,M 35-39/90,M-38,569,4:41:41,44.96%
734,Brad Goldberg,"Studio City, CA",1017,4:40:24,10:42,M 55-59/40,M-58,570,4:41:07,53.58%
735,Rick Adams,"Irvine, CA",576,4:40:24,10:42,M 50-54/66,M-50,571,4:44:08,49.74%
736,Henry Kuwahara,"Chatsworth, CA",144,4:40:26,10:42,M 45-49/83,M-48,572,4:45:23,48.86%
737,Tamera Brown,"Pasadena, CA",724,4:40:26,10:42,F 40-44/32,F-41,165,4:45:23,51.19%
738,Eduardo Hernandez,"Los Angeles, CA",1103,4:40:29,10:42,M 30-34/72,M-30,573,4:40:53,44.54%
739,Eddie Ahumada,"West Covina, CA",584,4:40:30,10:42,M 35-39/91,M-38,574,4:40:54,44.94%
740,Frederic Uno,"Los Angeles, CA",258,4:40:46,10:43,M 55-59/41,M-55,575,4:46:38,52.00%
741,Tod Kuwahara,"South Pasadena, CA",1271,4:40:47,10:43,M 45-49/84,M-45,576,4:43:50,47.54%
742,Sara Steele,"Sunland, CA",1883,4:40:58,10:43,F 30-34/25,F-32,166,4:43:12,48.37%
743,Jennifer Nguyen,"Yorba Linda, CA",1529,4:41:00,10:44,F 30-34/26,F-33,167,4:44:34,48.50%
744,David Leon,"San Gabriel, CA",1315,4:41:06,10:44,M 15-19/15,M-18,577,4:43:23,46.22%
745,Rex Mayreis,"Altadena, CA",1408,4:41:07,10:44,M 50-54/67,M-54,578,4:49:49,51.45%
746,Kelly Joiner,"Tujunga, CA",1181,4:41:11,10:44,F 45-49/24,F-47,168,4:48:27,54.75%
747,Louis Mo,"La Crescenta, CA",1474,4:41:14,10:44,M 45-49/85,M-45,579,4:44:51,47.47%
748,Poli Hernandez,"Sunland, CA",1106,4:41:14,10:44,M 55-59/42,M-59,580,4:48:29,53.93%
749,Lennie Moore,"Pasadena, CA",1485,4:41:15,10:44,M 45-49/86,M-49,581,4:41:20,49.15%
750,Jennie Reynoso,"Paramount, CA",1692,4:41:29,10:45,F 15-19/6,F-19,169,4:43:47,48.42%
751,Danny Banks,"Pasadena, CA",642,4:41:39,10:45,M 45-49/87,M-45,582,4:42:31,47.40%
752,Larry Mann,"Los Angeles, CA",1387,4:41:46,10:45,M 45-49/88,M-46,583,4:43:43,47.78%
753,Mark Persico,"Pasadena, CA",1620,4:41:51,10:45,M 45-49/89,M-47,584,4:42:45,48.19%
754,Laura Mosqueda,"Pasadena, CA",1498,4:41:54,10:46,F 45-49/25,F-48,170,4:44:22,55.30%
755,Andrea Sandoval,"Hawthorne, CA",1781,4:41:58,10:46,F 15-19/7,F-15,171,4:44:06,51.92%
756,Salvador Suarez,"Lancaster, CA",1893,4:42:00,10:46,M 30-34/73,M-32,585,4:42:00,44.30%
757,Denise Badaruddin,"La Canada, CA",633,4:42:03,10:46,F 35-39/31,F-39,172,4:50:56,49.97%
758,Colleen Keating,"Santa Monica, CA",4029,4:42:11,10:46,F 25-29/24,F-26,173,4:42:11,47.99%
759,Juan Recendez,"Alhambra, CA",1677,4:42:12,10:46,M 35-39/92,M-39,586,4:42:30,44.99%
760,Roger Billings,"Santa Ynez, CA",686,4:42:28,10:47,M 60-64/17,M-62,587,4:46:24,55.32%
761,Carl Maxwell,"Pomona, CA",1406,4:42:33,10:47,M 55-59/43,M-58,588,4:45:34,53.17%
762,Bahman Janka,"Santa Clarita, CA",1166,4:42:35,10:47,M 50-54/68,M-52,589,4:44:47,50.25%
763,Antonio Olivares,"Commerce, CA",1558,4:42:38,10:47,M 55-59/44,M-55,590,4:47:17,51.66%
764,Amanda Reed,"Valley Glen, CA",1679,4:43:16,10:49,F 30-34/27,F-31,174,4:46:28,47.88%
765,Anthony Tam,"Pasadena, CA",51,4:43:32,10:49,M 45-49/90,M-45,591,4:48:12,47.08%
766,Gurcharan Gill,"Clovis, CA",1006,4:43:34,10:49,M 55-59/45,M-55,592,4:44:25,51.49%
767,Raymond Morales,"Pasadena, CA",1489,4:43:37,10:50,M 35-39/93,M-37,593,5:10:59,44.22%
768,Jack Young,"Upland, CA",2086,4:43:43,10:50,M 45-49/91,M-48,594,4:46:13,48.29%
769,Jared Paul,"Los Angeles, CA",2121,4:43:48,10:50,M 25-29/67,M-27,595,4:44:16,44.02%
770,David Borunda,"Covina, CA",705,4:43:50,10:50,M 40-44/93,M-44,596,4:47:07,46.63%
771,Chris Joseph,"Thousand Oaks, CA",1184,4:43:55,10:50,M 40-44/94,M-43,597,4:45:46,46.23%
772,Todd King,"West Hills, CA",1233,4:43:59,10:50,M 45-49/92,M-47,598,4:46:25,47.83%
773,Catherine Browne,"Pasadena, CA",726,4:44:01,10:50,F 40-44/33,F-42,175,4:48:30,51.07%
774,Albert Kwan,"Los Angeles, CA",1272,4:44:02,10:50,M 25-29/68,M-26,599,4:48:54,43.98%
775,Clint Campos,"Burbank, CA",748,4:44:15,10:51,M 35-39/94,M-35,600,4:45:03,43.95%
776,Sumalee Sangsurasak,"Pasadena, CA",219,4:44:19,10:51,F 40-44/34,F-41,176,4:46:00,50.49%
777,Kista Cook,"Los Angeles, CA",60,4:44:22,10:51,F 40-44/35,F-42,177,5:00:58,51.01%
778,Henry Kim,"Hacienda Heights, CA",1224,4:44:24,10:51,M 30-34/74,M-30,601,4:52:17,43.92%
779,Deanna Cordano,"Los Angeles, CA",837,4:44:35,10:52,F 30-34/28,F-33,178,4:47:46,47.89%
780,Philip Schofield,"Moorpark, CA",1803,4:44:40,10:52,M 35-39/95,M-39,602,4:47:28,44.60%
781,Heriberto Gomez,"Monrovia, CA",1025,4:44:54,10:52,M 30-34/75,M-33,603,4:47:44,43.85%
782,Thierry Brusselle,"Upland, CA",727,4:44:59,10:53,M 40-44/95,M-40,604,4:45:01,44.92%
783,Roz Ushigome,"Los Angeles, CA",1973,4:45:01,10:53,F 35-39/32,F-36,179,4:48:08,48.44%
784,Michael Meyers,"Brea, CA",1452,4:45:13,10:53,M 50-54/69,M-51,605,4:45:53,49.34%
785,Chong Ae Choe,"Los Angeles, CA",5756,4:45:18,10:53,F 55-59/3,F-59,180,4:46:44,63.39%
786,Rosa Estorga,"Simi Valley, CA",300,4:45:18,10:53,F 35-39/33,F-37,181,4:48:12,48.69%
787,Mike Kowalski,"Alta Loma, CA",1261,4:45:21,10:53,M 45-49/93,M-47,606,4:51:33,47.60%
788,Kevin Rigg,"Duarte, CA",1702,4:45:28,10:54,M 30-34/76,M-31,607,4:50:35,43.76%
789,Ron Littler,"Arcadia, CA",1345,4:45:28,10:54,M 50-54/70,M-52,608,4:50:16,49.75%
790,Laura O'Horan,"Pasadena, CA",1551,4:45:34,10:54,F 35-39/34,F-35,182,4:51:12,48.10%
791,Nat Suckley,"Burbank, CA",1896,4:45:42,10:54,M 45-49/94,M-45,609,4:48:52,46.72%
792,Valentin Pedroza,"Anaheim, CA",1613,4:45:47,10:54,M 25-29/69,M-28,610,4:48:57,43.71%
793,David Digiuseppe,"Alta Loma, CA",899,4:45:48,10:55,M 50-54/71,M-53,611,4:45:48,50.14%
794,Guillermo Rios,"Ventura, CA",1706,4:45:55,10:55,M 50-54/72,M-50,612,5:38:59,48.78%
795,John Sarti,"Valencia, CA",1788,4:45:56,10:55,M 45-49/95,M-46,613,4:46:12,47.09%
796,Ken Saxton,"Huntington Beach, CA",1793,4:45:59,10:55,M 50-54/73,M-53,614,4:59:08,50.11%
797,Hector Rubio,"Bakersfield, CA",214,4:46:00,10:55,M 50-54/74,M-54,615,4:46:48,50.57%
798,Ryan Kamo,"Los Angeles, CA",1193,4:46:05,10:55,M 20-24/27,M-21,616,4:47:49,43.87%
799,Rick Zaugg,"Pasadena, CA",2095,4:46:06,10:55,M 50-54/75,M-50,617,4:47:56,48.75%
800,Tricia Spacher,"Alta Loma, CA",1870,4:46:07,10:55,F 40-44/36,F-41,183,4:51:29,50.17%
801,Lucy Bender,"Rancho Cucamonga, CA",672,4:46:07,10:55,F 40-44/37,F-44,184,4:51:28,51.88%
802,Christopher Bradley,"Whittier, CA",25,4:46:23,10:56,M 55-59/46,M-59,618,4:51:11,52.96%
803,Eddie Brown,"Los Angeles, CA",718,4:46:23,10:56,M 45-49/96,M-47,619,4:48:53,47.43%
804,Lynn Roach,"Monrovia, CA",1716,4:46:25,10:56,F 50-54/13,F-50,185,4:50:44,55.83%
805,Ted Liston,"Tujunga, CA",1343,4:46:29,10:56,M 50-54/76,M-51,620,4:48:28,49.12%
806,Alberto Perusset,"Malibu, CA",1621,4:46:33,10:56,M 50-54/77,M-51,621,4:46:39,49.11%
807,Albert Shum,"Los Angeles, CA",1831,4:46:38,10:56,M 45-49/97,M-49,622,4:51:52,48.22%
808,Deborah Estrin,"Agoura Hills, CA",519,4:46:40,10:57,F 45-49/26,F-49,186,5:06:45,55.07%
809,Rowena Lester,"Manhattan Beach, CA",156,4:46:42,10:57,F 40-44/38,F-44,187,4:55:06,51.78%
810,Caroline Wong,"El Segundo, CA",270,4:46:42,10:57,F 30-34/29,F-33,188,4:55:07,47.54%
811,Edward Berg,"San Fernando, CA",675,4:46:47,10:57,M 45-49/98,M-47,623,4:49:16,47.36%
812,Maria Martinez,"Hawthorne, CA",1400,4:46:59,10:57,F 15-19/8,F-16,189,4:49:52,49.94%
813,Johnnie Braden,"Monrovia, CA",2164,4:47:15,10:58,M 40-44/96,M-40,624,4:53:22,44.56%
814,Jay Frank,"Oak Park, CA",970,4:47:20,10:58,M 50-54/78,M-54,625,4:49:38,50.34%
815,Valentin Quintana Jr,"Torrance, CA",1658,4:47:26,10:58,M 55-59/47,M-56,626,5:10:09,51.28%
816,Nam Suk Suh,"Downey, CA",1899,4:47:27,10:58,M 60-64/18,M-62,627,4:50:23,54.36%
817,Aogu Sudo,"Malibu, CA",1897,4:47:35,10:59,M 20-24/28,M-24,628,5:11:45,43.44%
818,Jeannie Li,"Monterey Park, CA",1324,4:47:41,10:59,F 55-59/4,F-55,190,4:50:17,59.41%
819,Mike Patterson,"Oxnard, CA",1608,4:47:43,10:59,M 45-49/99,M-47,629,5:00:17,47.21%
820,Fausto Rowlan,"La Mirada, CA",2124,4:47:53,10:59,M 45-49/100,M-48,630,4:52:40,47.59%
821,Richard Comeau,"Los Angeles, CA",831,4:47:56,10:59,M 45-49/101,M-48,631,4:51:06,47.58%
822,Faye Wachs,"Los Angeles, CA",563,4:48:02,11:00,F 35-39/35,F-39,191,5:18:46,48.93%
823,Soon Chang,"Chino Hills, CA",787,4:48:03,11:00,M 50-54/79,M-54,632,4:49:44,50.21%
824,Barbara Mezaki,"Alta Loma, CA",1454,4:48:04,11:00,F 45-49/27,F-46,192,4:48:52,52.79%
825,Brian Rigg,"Duarte, CA",1701,4:48:07,11:00,M 30-34/77,M-30,633,4:53:15,43.36%
826,Brian Truong,"Los Angeles, CA",1954,4:48:08,11:00,M 30-34/78,M-34,634,4:59:37,43.36%
827,Jim Cisneros,"West Covina, CA",819,4:48:15,11:00,M 50-54/80,M-53,635,4:55:16,49.71%
828,Van Barbre,"Corona, CA",644,4:48:36,11:01,M 60-64/19,M-63,636,4:53:41,54.69%
829,Young Choe,"Cerritos, CA",2106,4:48:37,11:01,M 55-59/48,M-55,637,4:52:02,50.59%
830,Todd Mandel,"Pasadena, CA",1385,4:48:45,11:01,M 55-59/49,M-55,638,4:51:06,50.57%
831,Lupe Saavedra,"Monrovia, CA",1765,4:48:48,11:01,F 25-29/25,F-28,193,4:51:18,46.89%
832,Edward Valdez,"Rancho Cucamonga, CA",1974,4:48:54,11:02,M 50-54/81,M-54,639,4:56:14,50.07%
833,Hilda Vasquez,"La Canada, CA",259,4:48:55,11:02,F 45-49/28,F-46,194,4:52:01,52.64%
834,Amparo Ostojic,"Los Angeles, CA",1579,4:49:15,11:02,F 20-24/15,F-23,195,5:23:31,46.82%
835,Felix Alvarado,"Sierra Madre, CA",599,4:49:18,11:03,M 55-59/50,M-59,640,4:49:29,52.43%
836,Salvador Figueroa,"Long Beach, CA",2176,4:49:21,11:03,M 30-34/79,M-30,641,5:06:43,43.17%
837,Guillermo Flores,"Rosemead, CA",97,4:49:22,11:03,M 45-49/102,M-46,642,4:54:01,46.53%
838,Brenda Dillon,"Altadena, CA",900,4:49:27,11:03,F 45-49/29,F-49,196,4:50:28,54.54%
839,Kenneth Novice,"Santa Monica, CA",188,4:49:41,11:03,M 45-49/103,M-47,643,4:53:29,46.89%
840,Kendall Nix,"Whittier, CA",1537,4:49:41,11:03,M 45-49/104,M-48,644,4:53:24,47.30%
841,Greg Rifkin,"Pasadena, CA",1699,4:49:43,11:03,M 25-29/70,M-28,645,4:51:31,43.12%
842,Alan Sam,"Toluca Lake, CA",1778,4:49:52,11:04,M 40-44/97,M-41,646,4:53:59,44.53%
843,Mark Corsi,"Pasadena, CA",844,4:50:25,11:05,M 35-39/96,M-38,647,4:55:12,43.41%
844,Xavier Carrica,"Hollywood, CA",760,4:50:33,11:05,M 45-49/105,M-47,648,4:51:48,46.75%
845,Michael Jakowec,"Arcadia, CA",1165,4:50:35,11:05,M 45-49/106,M-48,649,4:54:47,47.15%
846,John Ball,"Whittier, CA",639,4:50:35,11:05,M 60-64/20,M-64,650,4:54:47,54.87%
847,Patrizio Petrone,"Los Angeles, CA",1622,4:50:39,11:06,M 40-44/98,M-41,651,4:51:18,44.41%
848,Eugene Jacobs,"Commerce, CA",1163,4:50:41,11:06,M 65-69/6,M-66,652,4:55:19,56.00%
849,Teri Lovano,"Redondo Beach, CA",1362,4:50:45,11:06,F 45-49/30,F-47,197,4:54:10,52.95%
850,Raul Gamez,"Los Angeles, CA",987,4:51:04,11:07,M 35-39/97,M-39,653,4:53:26,43.62%
851,Herbert Ip,"Pasadena, CA",1157,4:51:12,11:07,M 25-29/71,M-26,654,4:55:04,42.90%
852,Judy Cunningham,"Riverside, CA",857,4:51:18,11:07,F 40-44/39,F-44,198,4:54:36,50.96%
853,Margaret Garcia,"Pasadena, CA",991,4:51:31,11:08,F 40-44/40,F-44,199,4:53:38,50.92%
854,Flora Blosser,"Long Beach, CA",694,4:51:41,11:08,F 40-44/41,F-41,200,5:04:18,49.21%
855,Thomas Chapman,"Downey, CA",790,4:51:46,11:08,M 50-54/82,M-53,655,4:59:48,49.12%
856,Juli Almanza,"Riverside, CA",594,4:52:08,11:09,F NoAge/0,F-0,201,5:00:15, 0.00%
857,Dayantha Kurukulasuriya,"Tujunga, CA",1268,4:52:12,11:09,M 55-59/51,M-57,656,4:57:47,50.92%
858,Darrell Earnheart,"Pomona, CA",922,4:52:12,11:09,M 50-54/83,M-54,657,5:04:29,49.50%
859,Karen Smith,"Los Angeles, CA",1851,4:52:27,11:10,F 30-34/30,F-34,202,4:56:28,46.76%
860,Brian Van Diest,"Menifee, CA",1981,4:52:42,11:10,M 35-39/98,M-36,658,4:59:13,42.73%
861,Andrea Kooiman,"Mission Viejo, CA",537,4:52:45,11:10,F 30-34/31,F-34,203,4:54:57,46.71%
862,Richard Schott,"San Pedro, CA",1804,4:52:48,11:11,M 65-69/7,M-67,659,4:53:11,56.18%
863,Paul Osterhout,"Pasadena, CA",292,4:52:56,11:11,M 50-54/84,M-51,660,4:54:55,48.04%
864,Marco Gutierrez,"Pasadena, CA",1057,4:52:56,11:11,M 30-34/80,M-34,661,4:53:40,42.65%
865,Jeremiah Schrimsher,"Los Angeles, CA",1806,4:53:01,11:11,M 25-29/72,M-25,662,4:59:32,42.63%
866,Bryan Park,"Duarte, CA",1596,4:53:08,11:11,M 15-19/16,M-16,663,5:01:01,45.70%
867,Celeste Trujillo,"Sherman Oaks, CA",1953,4:53:13,11:11,F 30-34/32,F-31,204,4:55:53,46.26%
868,Lawrence Gregge Sr,"Moreno Valley, CA",2112,4:53:15,11:12,M 50-54/85,M-53,664,4:55:20,48.87%
869,Christy Hedges,"South Pasadena, CA",2141,4:53:21,11:12,F 55-59/5,F-56,205,4:53:32,59.07%
870,Marisol Martinez,"Altadena, CA",1401,4:53:28,11:12,F 35-39/36,F-36,206,4:55:03,47.05%
871,Ben Gaetos,"Los Angeles, CA",981,4:53:29,11:12,M 50-54/86,M-51,665,4:55:04,47.95%
872,Vikrant Verma,"Los Angeles, CA",1999,4:53:41,11:13,M 30-34/81,M-30,666,4:58:49,42.54%
873,Georgina Ruiz,"Walnut, CA",1757,4:53:47,11:13,F 50-54/14,F-51,207,4:54:24,55.14%
874,Tina Ong,"Playa Del Rey, CA",1561,4:53:54,11:13,F 30-34/33,F-32,208,4:58:43,46.24%
875,Joe Cordova,"La Puente, CA",838,4:53:58,11:13,M 60-64/21,M-60,667,4:57:03,52.11%
876,Anita Brown,"Los Angeles, CA",2105,4:54:01,11:13,F 45-49/31,F-45,209,4:59:28,51.10%
877,Adam Stiles,"Pasadena, CA",1888,4:54:03,11:13,M 35-39/99,M-36,668,4:56:00,42.53%
878,Christopher Brandow,"Pasadena, CA",27,4:54:08,11:14,M 35-39/100,M-36,669,4:56:02,42.52%
879,Ralph Cripe,"Carlsbad, CA",851,4:54:18,11:14,M 65-69/8,M-67,670,4:54:18,55.90%
880,John Freitas,"Santa Clara, CA",976,4:54:30,11:14,M 35-39/101,M-35,671,4:54:30,42.42%
881,Melissa Miller,"Palmdale, CA",1462,4:54:34,11:15,F 40-44/42,F-44,210,4:55:02,50.39%
882,Mark Ryne,"La Crescenta, CA",217,4:54:35,11:15,M 50-54/87,M-54,672,4:58:31,49.10%
883,Yong Ha,"La Crescenta, CA",1061,4:54:36,11:15,M 45-49/107,M-46,673,4:56:17,45.70%
884,Felix Vallicella,"Sierra Madre, CA",510,4:54:57,11:15,M 55-59/52,M-56,674,5:04:40,49.97%
885,David Cathcart,"Pasadena, CA",514,4:54:57,11:15,M 40-44/99,M-42,675,4:55:45,44.12%
886,Cameron Kim,"Pasadena, CA",1219,4:55:05,11:16,M 35-39/102,M-35,676,4:59:51,42.34%
887,Scott Okiishi,"Whittier, CA",1557,4:55:11,11:16,M 45-49/108,M-48,677,4:57:45,46.41%
888,Anthony Michalski,"Los Angeles, CA",1456,4:55:13,11:16,M 35-39/103,M-35,678,5:01:48,42.32%
889,Rowell Ramos,"West Covina, CA",2122,4:55:22,11:16,M 40-44/100,M-43,679,4:59:53,44.43%
890,Cyrus Davis,"Upland, CA",69,4:55:26,11:17,M 50-54/88,M-53,680,5:01:34,48.51%
891,Jim Green,"West Hollywood, CA",1042,4:55:26,11:17,M 55-59/53,M-55,681,5:17:20,49.42%
892,Erin Woodward,"Whittier, CA",2068,4:55:28,11:17,F 25-29/26,F-26,211,4:59:15,45.83%
893,Elena Beacom,"Redondo Beach, CA",661,4:55:38,11:17,F 35-39/37,F-37,212,5:17:39,46.99%
894,Julie Weiss,"Santa Monica, CA",2029,4:56:03,11:18,F 35-39/38,F-38,213,4:59:36,47.25%
895,H Wedgbury,"Pasadena, CA",2024,4:56:11,11:18,M 55-59/54,M-59,682,4:59:32,51.21%
896,Nancy Falvo,"Glendale, CA",940,4:56:25,11:19,F 50-54/15,F-53,214,5:13:49,56.11%
897,Grant Schick,"Pasadena, CA",1798,4:56:35,11:19,M 35-39/104,M-37,683,4:58:02,42.29%
898,David Ritchie,"Sunland, CA",1708,4:56:39,11:19,M 50-54/89,M-54,684,5:00:13,48.76%
899,Ezra Weisz,"Glendale, CA",2030,4:56:39,11:19,M 35-39/105,M-38,685,4:59:45,42.49%
900,Darren Ng,"Monterey Park, CA",1527,4:56:42,11:19,M 25-29/73,M-25,686,4:57:14,42.10%
901,Robin Toyota,"Glendale, CA",1941,4:56:45,11:20,F 20-24/16,F-23,215,4:57:33,45.64%
902,Conrad Daniel,"Redlands, CA",2108,4:56:46,11:20,M 60-64/22,M-60,687,4:59:29,51.62%
903,Kelly Fukasawa,"Corona, CA",979,4:56:52,11:20,F 35-39/39,F-35,216,5:09:31,46.27%
904,Jose Mendoza,"Pasadena, CA",1445,4:56:53,11:20,M 25-29/74,M-25,688,5:02:40,42.08%
905,Noe Rivera,"Los Angeles, CA",1711,4:56:55,11:20,M 30-34/82,M-33,689,4:57:17,42.07%
906,Jim Green,"Los Angeles, CA",1041,4:56:55,11:20,M 45-49/109,M-49,690,5:00:45,46.55%
907,Tim Closson,"Pasadena, CA",824,4:56:57,11:20,M 45-49/110,M-46,691,4:58:26,45.34%
908,Nancy Alspaugh,"Hidden Hills, CA",2198,4:57:03,11:20,F 50-54/16,F-53,217,5:02:16,55.99%
909,Jeremy Reynolds,"Los Gatos, CA",2181,4:57:03,11:20,M 25-29/75,M-29,692,5:02:15,42.05%
910,Timothy Reynolds,"Half Moon Bay, CA",1691,4:57:03,11:20,M 25-29/76,M-29,693,5:02:15,42.05%
911,Tom La,"Murrieta, CA",1274,4:57:09,11:20,M 35-39/106,M-38,694,5:02:00,42.42%
912,Xy Weiss,"Villa Park, CA",2131,4:57:12,11:21,F 45-49/32,F-47,218,5:07:03,51.80%
913,Terry Kloepfer,"Reseda, CA",1244,4:57:24,11:21,M 45-49/111,M-45,695,4:58:42,44.89%
914,Eric Neumann,"Aliso Viejo, CA",1522,4:57:27,11:21,M 30-34/83,M-32,696,4:57:27,42.00%
915,Julie Wang,"Beverly Hills, CA",265,4:57:28,11:21,F 30-34/34,F-32,219,5:06:52,45.69%
916,Michael Berthelot,"Rancho Santa Fe, CA",680,4:57:33,11:21,M 55-59/55,M-58,697,4:59:22,50.49%
917,Victor Rogel,"Fullerton, CA",1732,4:57:40,11:22,M 35-39/107,M-39,698,5:03:19,42.65%
918,Wendy Cisneros,"West Covina, CA",820,4:57:43,11:22,F 50-54/17,F-52,220,5:02:13,55.13%
919,Jet Aguilar,"Los Angeles, CA",582,4:57:47,11:22,M 35-39/108,M-35,699,5:03:15,41.95%
920,Chinshik Chung,"Monterey Park, CA",813,4:57:50,11:22,M 60-64/23,M-62,700,4:57:50,52.46%
921,Anne Garrett,"Altadena, CA",104,4:58:04,11:23,F 40-44/43,F-41,221,5:00:35,48.16%
922,Sue Parilla,"Pasadena, CA",1592,4:58:07,11:23,F 60-64/1,F-61,222,5:00:39,62.53%
923,Alan Hirasuna,"Simi Valley, CA",1117,4:58:08,11:23,M 50-54/90,M-53,701,5:05:10,48.07%
924,Jim Sintef,"Sunland, CA",1843,4:58:12,11:23,M 45-49/112,M-47,702,5:00:29,45.55%
925,Evan Lue,"Los Angeles, CA",1366,4:58:19,11:23,M 25-29/77,M-26,703,4:59:29,41.88%
926,Amy Langer,"Pasadena, CA",148,4:58:20,11:23,F 35-39/40,F-38,223,5:03:02,46.89%
927,Tom McFadden,"Arcadia, CA",1423,4:58:28,11:23,M 40-44/101,M-44,704,5:01:15,44.34%
928,Amanda Yoshioka-Maxwell,"Oxnard, CA",2085,4:58:30,11:24,F 25-29/27,F-26,224,5:02:50,45.37%
929,Shawn O'Neill,"Ontario, CA",1552,4:58:34,11:24,M 35-39/109,M-39,705,5:09:56,42.52%
930,Virginia Chang,"San Gabriel, CA",788,4:58:48,11:24,F 40-44/44,F-40,225,5:01:21,47.58%
931,Michelle Klunder,"Oxnard, CA",1246,4:58:48,11:24,F 35-39/41,F-37,226,5:02:18,46.49%
932,Lili Rameriz,"Hawthorne, CA",1666,4:58:59,11:25,F 15-19/9,F-17,227,5:01:55,46.94%
933,Albane Wente,"Pasadena, CA",2033,4:59:20,11:25,F 55-59/6,F-59,228,5:04:17,60.42%
934,David Solomon,"Los Angeles, CA",1862,4:59:27,11:26,M 60-64/24,M-64,706,5:02:52,53.25%
935,Jennifer Wilson,"Burbank, CA",2052,4:59:42,11:26,F 30-34/35,F-31,229,5:21:37,45.26%
936,Jung Tae Jung,"Montrose, CA",1190,4:59:52,11:27,M 50-54/91,M-50,707,5:06:42,46.51%
937,Alicia Luevano,"Granada Hills, CA",1369,5:00:11,11:27,F 35-39/42,F-35,230,5:13:29,45.76%
938,Lara Urtuzuastegui,"Alpharetta, GA",1972,5:00:16,11:28,F 40-44/45,F-40,231,5:01:13,47.34%
939,Monica Valdiviez,"Burbank, CA",1977,5:00:17,11:28,F 35-39/43,F-39,232,5:15:49,46.94%
940,Nancy Szeto-Ko,"San Marino, CA",247,5:00:22,11:28,F 35-39/44,F-36,233,5:02:54,45.97%
941,Amina Zebboudj,"Los Angeles, CA",2167,5:00:36,11:28,F 45-49/33,F-45,234,5:07:02,49.98%
942,Sandra Israel,"Palm Desert, CA",1159,5:00:40,11:29,F 60-64/2,F-61,235,5:02:17,62.00%
943,Josef Oszuscik,"St George, UT",1580,5:00:56,11:29,M 65-69/9,M-66,708,5:01:17,54.10%
944,Karen McVay,"Sacramento, CA",1435,5:01:13,11:30,F 40-44/46,F-40,236,5:01:13,47.19%
945,Andrew Pauli,"Perris, CA",1609,5:01:24,11:30,M 30-34/84,M-30,709,5:05:01,41.45%
946,John Hammonds,"Huntington Beach, CA",2140,5:01:33,11:31,M 55-59/56,M-59,710,5:13:16,50.30%
947,Jerry Garcia,"Temple City, CA",279,5:01:35,11:31,M 30-34/85,M-31,711,5:06:54,41.42%
948,Eun-Ha Yang,"Pasadena, CA",2079,5:01:35,11:31,F 40-44/47,F-43,237,5:05:10,48.64%
949,Andrea Adame,"Inglewood, CA",572,5:01:37,11:31,F 15-19/10,F-15,238,5:03:47,48.54%
950,Andrew Jordan,"Sylmar, CA",1183,5:01:45,11:31,M 45-49/113,M-47,712,5:08:24,45.01%
951,Moses Khuu,"El Monte, CA",1217,5:01:48,11:31,M 30-34/86,M-34,713,5:03:00,41.39%
952,Colleen Hamman,"Pasadena, CA",116,5:01:50,11:31,F 50-54/18,F-51,239,5:02:32,53.67%
953,Georgia Brown,"Sunland, CA",719,5:01:53,11:31,F 45-49/34,F-45,240,5:09:09,49.77%
954,Sylvere Valentin,"Los Angeles, CA",1979,5:01:56,11:31,M 30-34/87,M-31,714,5:02:21,41.37%
955,Scott Bayer,"Los Angeles, CA",660,5:01:57,11:31,M 35-39/110,M-38,715,5:06:00,41.75%
956,Arnold Cunanan,"Burbank, CA",516,5:01:58,11:32,M 55-59/57,M-57,716,5:05:30,49.27%
957,Vida Ash,"Los Angeles, CA",621,5:02:00,11:32,F 45-49/35,F-48,241,5:02:21,51.62%
958,Raymond Lew,"West Hollywood, CA",1321,5:02:23,11:32,M 30-34/88,M-30,717,5:33:11,41.31%
959,Quyen Phan,"Orange, CA",1630,5:02:48,11:33,F 45-49/36,F-45,242,5:19:57,49.62%
960,Katherine Lee,"La Palma, CA",1305,5:03:00,11:34,F 30-34/36,F-34,243,5:07:42,45.13%
961,Richard Kim,"Cerritos, CA",1226,5:03:02,11:34,M 40-44/102,M-40,718,5:10:48,42.24%
962,Steve Ambrose,"Burbank, CA",601,5:03:28,11:35,M 55-59/58,M-58,719,5:03:38,49.50%
963,Jesus Guerrero,"Maywood, CA",1051,5:03:28,11:35,M 45-49/114,M-45,720,5:03:43,43.99%
964,Daniel Macias,"Monrovia, CA",1373,5:03:29,11:35,M 60-64/25,M-62,721,5:06:48,51.49%
965,Ricky Ling,"San Gabriel, CA",1340,5:04:05,11:36,M 35-39/111,M-38,722,5:05:18,41.45%
966,Misael Hernandez,"Los Angeles, CA",1105,5:04:09,11:37,M 35-39/112,M-38,723,5:17:20,41.45%
967,Kelly Yokoe,"Huntington Beach, CA",2083,5:04:12,11:37,M 35-39/113,M-37,724,5:15:17,41.23%
968,Raita Endo,"Granada Hills, CA",927,5:04:15,11:37,M 20-24/29,M-24,725,5:13:37,41.06%
969,Richard Tom,"South Pasadena, CA",1934,5:04:18,11:37,M 45-49/115,M-47,726,5:05:05,44.63%
970,Eli Norkin,"Sunland, CA",1542,5:04:24,11:37,M 40-44/103,M-40,727,5:11:39,42.05%
971,Susan Cossaboom,"Yorba Linda, CA",845,5:04:28,11:37,F 50-54/19,F-53,244,5:05:50,54.63%
972,Daryl Rosenthal,"Canyon Country, CA",1746,5:04:34,11:37,M 40-44/104,M-43,728,5:08:07,43.09%
973,Weili Chen,"Rancho Palos Verdes, CA",798,5:04:51,11:38,M 50-54/92,M-50,729,5:12:44,45.75%
974,Raul Martin,"Downey, CA",1395,5:04:52,11:38,M 50-54/93,M-53,730,5:09:42,47.01%
975,Jim Grimes,"Huntington Beach, CA",526,5:04:55,11:38,M 60-64/26,M-60,731,5:09:07,50.24%
976,Travis Olsen,"Chatsworth, CA",1560,5:05:04,11:39,M 25-29/78,M-27,732,5:12:18,40.95%
977,Sarah Knowlton,"Los Angeles, CA",1248,5:05:09,11:39,F 35-39/45,F-39,245,5:10:20,46.19%
978,Heather Speers,"South Pasadena, CA",239,5:05:20,11:39,F 20-24/17,F-24,246,5:06:40,44.35%
979,Jason Garretson,"Carlsbad, CA",994,5:05:20,11:39,M 30-34/89,M-31,733,5:06:40,40.91%
980,Alfred Lopez,"Temple City, CA",1355,5:05:22,11:39,M 50-54/94,M-54,734,5:06:52,47.37%
981,Brent Speers,"South Pasadena, CA",1872,5:05:24,11:39,M 50-54/95,M-51,735,5:06:40,46.08%
982,Michael Schrank,"Boise, ID",1805,5:05:35,11:40,M 50-54/96,M-50,736,5:06:02,45.64%
983,Andrew Broadhurst,"Marina Del Rey, CA",714,5:05:43,11:40,M 40-44/105,M-42,737,5:39:44,42.57%
984,George Lue,"Glendora, CA",1367,5:05:51,11:40,M 50-54/97,M-54,738,5:19:09,47.29%
985,Oliver Ramillete,"Los Angeles, CA",1667,5:05:58,11:41,M 55-59/59,M-57,739,5:09:46,48.63%
986,Desiree Rollins,"South Pasadena, CA",1734,5:06:19,11:41,F 45-49/37,F-45,247,5:11:18,49.05%
987,Jay McCarthy,"Long Beach, CA",1413,5:06:24,11:42,M 40-44/106,M-44,740,5:12:50,43.19%
988,Perry Petschar,"Los Angeles, CA",1627,5:06:42,11:42,M 55-59/60,M-55,741,5:10:49,47.61%
989,Victoria Alsabery,"Santa Monica, CA",598,5:06:48,11:43,F 35-39/46,F-38,248,5:07:17,45.59%
990,Mary Kate Schellhardt,"Los Angeles, CA",1797,5:06:56,11:43,F 30-34/37,F-30,249,5:52:07,44.14%
991,Leonard Dimaculangan,"Rancho Cucamonga, CA",901,5:06:58,11:43,M 30-34/90,M-30,742,5:07:25,40.70%
992,Reanna Amy,"Burbank, CA",604,5:07:06,11:43,F 25-29/28,F-28,250,5:10:39,44.10%
993,Amanda Balkiz,"Pasadena, CA",638,5:07:10,11:43,F 30-34/38,F-32,251,5:12:25,44.24%
994,Al Nikolaus,"Fallbrook, CA",1535,5:07:45,11:45,M 50-54/98,M-50,743,5:08:59,45.32%
995,Tafesse Woubshet,"Los Angeles, CA",2070,5:07:49,11:45,M 50-54/99,M-54,744,5:08:02,46.99%
996,Stephen Eng,"Cerritos, CA",928,5:08:07,11:46,M 25-29/79,M-29,745,5:09:21,40.54%
997,Tina Kwon,"North Hollywood, CA",1273,5:08:16,11:46,F 25-29/29,F-29,252,5:16:12,43.93%
998,Michael Chu,"Arcadia, CA",811,5:08:19,11:46,M 40-44/107,M-41,746,5:15:23,41.86%
999,Fred Lin,"San Jose, CA",1337,5:08:23,11:46,M 40-44/108,M-43,747,5:13:36,42.56%
1000,Elizabeth Smilor,"Fountain Valley, CA",234,5:08:26,11:46,F 35-39/47,F-37,253,5:12:00,45.04%
1001,Cecilia Cruz,"San Marino, CA",856,5:08:46,11:47,F 50-54/20,F-50,254,5:12:19,51.79%
1002,Tiffany Stearns,"Alhambra, CA",1882,5:08:47,11:47,F 20-24/18,F-22,255,5:12:11,43.86%
1003,Romas Kukenas,"Los Angeles, CA",1265,5:09:11,11:48,M 30-34/91,M-33,748,5:16:01,40.40%
1004,Johnathon Killen,"Pasadena, CA",1218,5:09:11,11:48,M 30-34/92,M-34,749,5:09:13,40.40%
1005,Gary Kay,"Sherman Oaks, CA",1200,5:09:19,11:48,M 35-39/114,M-38,750,5:09:20,40.75%
1006,Katherine Longmire,"Sunland, CA",1354,5:09:20,11:48,F 40-44/48,F-41,256,5:16:31,46.40%
1007,Roman Verba,"Studio City, CA",1997,5:09:27,11:49,M 60-64/27,M-62,751,5:09:53,50.50%
1008,Husein Toubat,"Walnut, CA",1940,5:10:04,11:50,M 50-54/100,M-50,752,5:16:40,44.98%
1009,Alan Ragland,"Los Angeles, CA",1663,5:10:10,11:50,M 65-69/10,M-69,753,5:11:26,54.18%
1010,Greg Hurley,"Pasadena, CA",532,5:10:40,11:51,M 35-39/115,M-36,754,5:11:51,40.25%
1011,Monique Velasco,"El Monte, CA",1989,5:10:43,11:52,F 25-29/30,F-28,257,5:16:57,43.58%
1012,Francesca Tibbs,"Burbank, CA",1927,5:10:44,11:52,F 55-59/7,F-55,258,5:21:19,55.00%
1013,Ivan Velasco,"El Monte, CA",2194,5:10:47,11:52,M 25-29/80,M-28,755,5:17:02,40.20%
1014,Pam Lue,"Glendora, CA",1368,5:11:06,11:52,F 50-54/21,F-54,259,5:24:23,54.19%
1015,Jenny La Monica,"Los Angeles, CA",1275,5:11:15,11:53,F 30-34/39,F-34,260,5:11:44,43.94%
1016,Marco Barrantes,"Pasadena, CA",647,5:11:15,11:53,M 30-34/93,M-31,756,5:13:31,40.14%
1017,Andrew Rog,"Burbank, CA",1731,5:11:28,11:53,M 25-29/81,M-25,757,5:42:33,40.11%
1018,Robert Viramontes,"Los Angeles, CA",2009,5:11:47,11:54,M 45-49/116,M-48,758,5:18:01,43.94%
1019,Kathleen Sternbach,"Calabasas, CA",1885,5:11:58,11:54,F 45-49/38,F-49,261,5:17:10,50.61%
1020,Jonathan Dunbar,"Temecula, CA",918,5:12:03,11:55,M 30-34/94,M-30,759,5:17:33,40.03%
1021,Rosa Urbina,"Los Angeles, CA",1969,5:12:10,11:55,F 30-34/40,F-34,262,5:13:07,43.81%
1022,Christina Guzman,"Montebello, CA",113,5:12:12,11:55,F 45-49/39,F-45,263,5:16:01,48.12%
1023,Ken Woo,"Arcadia, CA",2066,5:12:14,11:55,M 30-34/95,M-34,760,5:15:21,40.01%
1024,Zoila Blanco,"Pacoima, CA",690,5:12:21,11:55,F 45-49/40,F-47,264,5:14:47,49.29%
1025,Ria Rugg,"Glendale, CA",215,5:12:27,11:56,F 60-64/3,F-64,265,5:14:08,62.68%
1026,Esther Woods,"Monterey Park, CA",272,5:12:30,11:56,F 50-54/22,F-51,266,5:14:11,51.84%
1027,Sandi Lara Benz,"Burbank, CA",1287,5:12:31,11:56,F 35-39/48,F-36,267,5:20:01,44.18%
1028,Irene Aguilar,"Monrovia, CA",581,5:12:31,11:56,F 45-49/41,F-46,268,5:14:19,48.66%
1029,Susanna Woods,"North Hollywood, CA",2067,5:12:42,11:56,F 45-49/42,F-47,269,5:34:36,49.24%
1030,Jong Lim,"La Mirada, CA",1333,5:12:44,11:56,M 45-49/117,M-45,761,5:20:11,42.69%
1031,Stephanie Stone,"San Pedro, CA",1890,5:12:44,11:56,F 50-54/23,F-50,270,5:12:50,51.13%
1032,Danielle Hunt,"Los Angeles, CA",1144,5:13:05,11:57,F 20-24/19,F-24,271,5:17:36,43.25%
1033,Jeannie Dodge,"Pasadena, CA",906,5:13:13,11:57,F 40-44/49,F-40,272,5:14:20,45.39%
1034,Martin Diekhoff,"Studio City, CA",74,5:13:20,11:58,M 35-39/116,M-39,762,5:18:40,40.52%
1035,Jay Do,"West Covina, CA",905,5:13:27,11:58,M 35-39/117,M-38,763,5:18:10,40.22%
1036,Lisa Gutman,"Hidden Hills, CA",527,5:13:42,11:58,F 45-49/43,F-45,273,5:18:54,47.89%
1037,David Kim,"Cerritos, CA",1222,5:13:43,11:58,M 50-54/101,M-54,764,5:20:13,46.11%
1038,Mark Wilson,"Downey, CA",2054,5:13:49,11:59,M 35-39/118,M-38,765,5:17:33,40.17%
1039,Kerry Willis,"Camarillo, CA",2049,5:13:55,11:59,M 40-44/109,M-41,766,5:15:45,41.12%
1040,Nedra Lindsey,"Lancaster, CA",1339,5:14:16,12:00,F 35-39/49,F-37,274,5:28:03,44.20%
1041,Jon Hoang,"Rosemead, CA",1120,5:14:38,12:00,M 40-44/110,M-41,767,5:21:57,41.02%
1042,Peter Chung,"Cerritos, CA",815,5:14:53,12:01,M 25-29/82,M-28,768,5:16:03,39.67%
1043,Antonio Soria,"Altadena, CA",1866,5:14:53,12:01,M 45-49/118,M-45,769,5:15:27,42.39%
1044,Mike Min,"Porter Ranch, CA",1465,5:15:04,12:02,M 35-39/119,M-36,770,5:16:32,39.69%
1045,Judith Hering,"Los Angeles, CA",1096,5:15:07,12:02,F 45-49/44,F-49,275,5:39:50,50.10%
1046,Victoria Liske,"Pasadena, CA",1342,5:15:10,12:02,F 60-64/4,F-61,276,5:16:20,59.15%
1047,Hans Groszkruger,"Los Angeles, CA",1047,5:15:20,12:02,M 25-29/83,M-28,771,5:36:01,39.62%
1048,Brandy Acker,"Duarte, CA",571,5:15:22,12:02,F 30-34/41,F-33,277,5:17:02,43.22%
1049,Eli Rendon,"Burbank, CA",302,5:15:29,12:02,M 35-39/120,M-36,772,5:46:34,39.64%
1050,Helen Jung,"Fullerton, CA",1189,5:15:37,12:03,F 45-49/45,F-49,278,5:23:05,50.02%
1051,David Villegas,"Woodland Hills, CA",2007,5:15:37,12:03,M 40-44/111,M-40,773,5:18:50,40.56%
1052,Lauren Marker,"Los Angeles, CA",505,5:16:00,12:04,F 20-24/20,F-20,279,5:23:31,42.89%
1053,Robert Mills,"Alhambra, CA",1463,5:16:00,12:04,M 40-44/112,M-40,774,5:17:29,40.51%
1054,Sarah Friedman,"Los Angeles, CA",977,5:16:06,12:04,F 20-24/21,F-20,280,5:23:34,42.87%
1055,Arturo Barrios,"Los Angeles, CA",653,5:16:13,12:04,M 30-34/96,M-33,775,5:16:59,39.51%
1056,Howard Park,"La Canada, CA",2120,5:16:14,12:04,M 60-64/28,M-60,776,5:17:31,48.44%
1057,Sang Trieu,"Rowland Heights, CA",1946,5:16:26,12:05,F 30-34/42,F-34,281,5:18:56,43.22%
1058,Manuel Prieto,"Commerce, CA",1648,5:16:28,12:05,M 45-49/119,M-48,777,5:20:41,43.29%
1059,Jacob Chang,"Los Angeles, CA",785,5:16:29,12:05,M 40-44/113,M-40,778,5:18:55,40.45%
1060,Ann Ramage,"Altadena, CA",1664,5:16:33,12:05,F 50-54/24,F-52,282,5:18:08,51.85%
1061,Ray Morales,"San Fernando, CA",1488,5:16:41,12:05,M 30-34/97,M-32,779,5:23:42,39.45%
1062,Diego Viveros,"La Puente, CA",2011,5:17:06,12:06,M 50-54/102,M-51,780,5:21:54,44.38%
1063,Kang Lee,"South Lake Tahoe, CA",1304,5:17:13,12:06,M 55-59/61,M-55,781,5:23:41,46.03%
1064,Elizabeth Woo,"South Pasadena, CA",2065,5:17:22,12:07,F 45-49/46,F-48,283,5:17:39,49.12%
1065,Laura Hicklin,"La Crescenta, CA",1113,5:17:26,12:07,F 40-44/50,F-41,284,5:19:14,45.22%
1066,Donald Flaherty,"Huntington Beach, CA",955,5:17:38,12:07,M 50-54/103,M-53,782,5:21:39,45.12%
1067,Howard Wright,"Arcadia, CA",2071,5:17:50,12:08,M 45-49/120,M-49,783,5:18:15,43.49%
1068,Glenn Liu,"Rowland Heights, CA",159,5:17:58,12:08,M 45-49/121,M-47,784,5:21:29,42.72%
1069,Lauren Fissori,"Inglewood, CA",953,5:18:12,12:09,F 25-29/31,F-27,285,5:21:06,42.56%
1070,Sonia Richardson,"Los Angeles, CA",1695,5:18:13,12:09,F 55-59/8,F-58,286,5:19:34,56.02%
1071,Norman Suguitan,"San Diego, CA",556,5:18:51,12:10,M 40-44/114,M-43,785,5:22:50,41.16%
1072,Marty Spainhower,"Corona, CA",1871,5:19:04,12:11,M 50-54/104,M-51,786,5:19:29,44.10%
1073,David Chien,"Montebello, CA",803,5:19:11,12:11,M 35-39/121,M-37,787,5:25:28,39.30%
1074,Colleen Brosnan,"Campbell Hall, NY",716,5:19:11,12:11,F 15-19/11,F-18,287,5:23:37,43.20%
1075,Margarito Cabrera,"Duarte, CA",742,5:19:33,12:12,M 25-29/84,M-25,788,5:25:25,39.09%
1076,Mireya Lespron,"Hacienda Heights, CA",1317,5:19:38,12:12,F 35-39/50,F-36,288,5:25:15,43.20%
1077,Ernest Williams,"San Marino, CA",2047,5:19:39,12:12,M 40-44/115,M-40,789,5:22:52,40.05%
1078,John Yu,"Los Angeles, CA",2088,5:19:42,12:12,M 35-39/122,M-38,790,5:39:04,39.43%
1079,Mario Nichols,"N Hollywood, CA",1534,5:19:48,12:12,M 25-29/85,M-27,791,5:50:53,39.06%
1080,Carlos Gomez,"Hawthorne, CA",1023,5:19:59,12:13,M 15-19/17,M-16,792,5:22:01,41.87%
1081,Carol Noble,"Fullerton, CA",1538,5:20:01,12:13,F 50-54/25,F-54,289,5:22:29,52.68%
1082,Lalo Lucio,"Los Angeles, CA",1365,5:20:03,12:13,M 50-54/105,M-52,793,5:21:14,44.37%
1083,Yung Lau,"Downey, CA",1294,5:20:15,12:13,M 60-64/29,M-62,794,5:28:42,48.79%
1084,Melvin Snyder,"Rolling Hills, CA",2578,5:20:17,12:13,M 60-64/30,M-63,795,5:24:52,49.28%
1085,Jennifer Fletcher,"Monrovia, CA",959,5:21:13,12:16,F 50-54/26,F-54,290,5:22:52,52.49%
1086,Michael Creamer,"Pacific Palisades, CA",850,5:21:14,12:16,M 55-59/62,M-55,796,5:23:42,45.45%
1087,Michael Buhlmann,"Burbank, CA",731,5:21:36,12:16,M 45-49/122,M-48,797,5:27:35,42.60%
1088,Ron Vicent,"Chino Hills, CA",2000,5:21:52,12:17,M 50-54/106,M-52,798,5:24:47,44.12%
1089,Jann Liang,"Chatsworth, CA",1326,5:21:57,12:17,M 70-74/3,M-71,799,5:29:33,53.36%
1090,David Crawford,"Chatsworth, CA",849,5:22:03,12:17,M 55-59/63,M-58,800,5:29:26,46.65%
1091,Tracey Mathews,"Laguna Beach, CA",2147,5:22:04,12:18,F 45-49/47,F-47,291,5:33:14,47.80%
1092,Louann Dien,"Montrose, CO",2139,5:22:08,12:18,F 65-69/1,F-66,292,5:33:21,63.02%
1093,Louise Abnee,"Los Angeles, CA",568,5:22:26,12:18,F 20-24/22,F-21,293,5:29:38,42.00%
1094,Jesse Sowell,"Los Angeles, CA",1869,5:22:37,12:19,M 45-49/123,M-47,801,5:24:46,42.10%
1095,Ginger Lassy,"Los Angeles, CA",1290,5:22:56,12:19,F 65-69/2,F-66,294,5:25:50,62.86%
1096,Linda Blanco,"Pacoima, CA",689,5:23:11,12:20,F 25-29/32,F-26,295,5:26:02,41.90%
1097,Sydney Minckler,"Altadena, CA",1466,5:23:39,12:21,F 40-44/51,F-40,296,5:26:36,43.92%
1098,Elizabeth Clark,"Pasadena, CA",822,5:23:45,12:21,F 15-19/12,F-19,297,5:26:09,42.10%
1099,Weimar Velez,"Palmdale, CA",1996,5:23:45,12:21,M 35-39/123,M-38,802,5:30:01,38.94%
1100,Frances Miyamoto,"Culver City, CA",1472,5:23:50,12:22,F 45-49/48,F-47,298,5:29:34,47.54%
1201,Joey Cordova,"La Puente, CA",839,5:39:51,12:58,M 35-39/136,M-38,861,5:45:48,37.09%
1202,Rosa Nelly Garza,"Rowland Heights, CA",997,5:40:32,13:00,F 55-59/10,F-57,341,5:46:54,51.61%
1203,Phyllis Webb,"Pomona, CA",2022,5:40:37,13:00,F 45-49/54,F-47,342,5:46:58,45.20%
1204,Becky Spencer,"Camarillo, CA",1874,5:40:37,13:00,F 45-49/55,F-46,343,5:41:15,44.65%
1205,Sheila Galinsky,"Camarillo, CA",985,5:40:39,13:00,F 60-64/7,F-63,344,5:41:17,56.52%
1206,Salvador Hernandez,"Garden Grove, CA",1187,5:40:51,13:00,M 30-34/105,M-34,862,5:48:24,36.65%
1207,David Hui,"El Segundo, CA",1143,5:41:03,13:01,M 50-54/109,M-54,863,5:50:11,42.41%
1208,Diane Borrelli,"Garden Grove, CA",704,5:41:05,13:01,F 50-54/31,F-51,345,5:42:32,47.49%
1209,Eduardo Garcia,"Santa Monica, CA",2111,5:41:06,13:01,M 40-44/123,M-44,864,5:47:32,38.80%
1210,Leon Lee,"Los Angeles, CA",2174,5:41:08,13:01,M 25-29/88,M-26,865,5:45:12,36.62%
1211,Nhu-Mai Gossiaux-Souchotte,"Woodland Hills, CA",1038,5:41:20,13:02,F 50-54/32,F-51,346,5:48:39,47.46%
1212,Nora Serrano,"Los Angeles, CA",1817,5:41:32,13:02,F 40-44/59,F-40,347,5:46:50,41.62%
1213,Sehel Khan,"Redondo Beach, CA",1215,5:41:32,13:02,F 25-29/37,F-26,348,5:47:37,39.65%
1214,Patricia Serafin,"Hawthorne, CA",1815,5:41:34,13:02,F 15-19/13,F-15,349,5:43:44,42.86%
1215,Gordon Lau,"Glendale, CA",1292,5:41:40,13:02,M 50-54/110,M-51,866,5:45:39,41.19%
1216,Christopher Tucker,"Pasadena, CA",1960,5:41:41,13:02,M 40-44/124,M-40,867,5:47:31,37.46%
1217,Valerie Equite,"Hawthorne, CA",929,5:41:54,13:03,F 15-19/14,F-16,350,5:46:39,41.91%
1218,Suk Yong Yoon,"Los Angeles, CA",2133,5:41:57,13:03,M 50-54/111,M-54,868,6:10:42,42.30%
1219,Rusty Legaspi,"Panorama City, CA",1312,5:42:11,13:04,M NoAge/0,M-0,869,5:50:25, 0.00%
1220,Vicki Smith,"Whittier, CA",1857,5:42:13,13:04,F 35-39/64,F-38,351,5:48:43,40.87%
1221,Gabriela Galvan,"Montebello, CA",986,5:42:14,13:04,F 25-29/38,F-26,352,5:47:54,39.57%
1222,Christian Yance,"Alhambra, CA",2078,5:42:19,13:04,M 25-29/89,M-27,870,5:47:56,36.49%
1223,Maria Murillo,"Sun Valley, CA",2183,5:42:28,13:04,F 35-39/65,F-38,353,5:42:28,40.84%
1224,Raef Guirges,"Torrance, CA",1052,5:42:29,13:04,M 50-54/112,M-52,871,5:47:23,41.46%
1225,Brenda Thomason,"Monrovia, CA",252,5:42:47,13:05,F 55-59/11,F-56,354,5:49:00,50.55%
1226,Peter Feldman,"Studio City, CA",10,5:42:51,13:05,M 65-69/15,M-66,872,5:49:53,47.48%
1227,Arron Percoco,"Fullerton, CA",2153,5:42:59,13:05,M 20-24/34,M-22,873,5:49:39,36.44%
1228,Kelly Sharum,"Fullerton, CA",2155,5:43:01,13:05,F 25-29/39,F-25,355,5:49:39,39.48%
1229,Bert Johnson,"Burbank, CA",1177,5:43:21,13:06,M 65-69/16,M-69,874,5:47:11,48.94%
1230,Karen Johnson,"Pasadena, CA",137,5:43:31,13:07,F 50-54/33,F-54,356,5:49:46,49.08%
1231,Susanne Cooper,"Ventura, CA",835,5:43:38,13:07,F 35-39/66,F-36,357,5:45:55,40.18%
1232,Nicholas Laper,"Ternopil, ",1285,5:43:41,13:07,M 55-59/68,M-58,875,5:46:28,43.71%
1233,Joyce Carey,"La Canada, CA",753,5:43:41,13:07,F 35-39/67,F-38,358,5:46:00,40.70%
1234,G M Rumbaoa,"Whittier, CA",2166,5:43:55,13:08,F 30-34/46,F-34,359,5:47:54,39.76%
1235,Trevor Weir,"Bellflower, CA",2028,5:44:05,13:08,M 25-29/90,M-26,876,5:44:29,36.31%
1236,Joseph Reilly,"Orange, CA",1185,5:44:06,13:08,M 65-69/17,M-65,877,5:44:43,46.82%
1237,Joshua Beltran,"Hawthorne, CA",668,5:44:07,13:08,M 15-19/20,M-16,878,5:47:01,38.93%
1238,Mark Murphy,"Long Beach, CA",1505,5:44:15,13:08,M 45-49/134,M-46,879,5:51:22,39.11%
1239,Lupe Martinez,"Culver City, CA",1399,5:44:19,13:08,F 50-54/34,F-52,360,5:50:55,47.67%
1240,Roger Arredondo,"Montebello, CA",618,5:44:56,13:10,M 30-34/106,M-34,880,5:45:40,36.22%
1241,Rudy Navarro,"Burbank, CA",1515,5:45:03,13:10,M 50-54/113,M-50,881,5:45:12,40.42%
1242,Cara Crosetti,"Pasadena, CA",852,5:45:09,13:10,F 40-44/60,F-42,361,5:45:59,42.02%
1243,Claudia Lara,"San Gabriel, CA",1286,5:45:16,13:11,F 20-24/26,F-24,362,5:50:16,39.22%
1244,Marco Barba,"San Gabriel, CA",643,5:45:25,13:11,M 30-34/107,M-33,882,5:50:21,36.17%
1245,Matthew Breedlove,"Pasadena, CA",709,5:45:28,13:11,M 40-44/125,M-40,883,5:51:26,37.05%
1246,Mg Montgomery,"Bakersfield, CA",1480,5:45:46,13:12,F 35-39/68,F-39,363,6:18:58,40.76%
1247,Bruce Dominguez,"South Pasadena, CA",908,5:45:48,13:12,M 25-29/91,M-28,884,5:50:30,36.13%
1248,Toni Caylor,"Duarte, CA",770,5:45:59,13:12,F 55-59/12,F-56,364,5:46:41,50.09%
1249,Marlene Henry,"Seal Beach, CA",529,5:46:10,13:13,F 55-59/13,F-56,365,5:49:44,50.06%
1250,Stacy Smith,"Tarzana, CA",1855,5:46:13,13:13,F 50-54/35,F-52,366,6:01:35,47.41%
1251,Alvin Luu,"Los Angeles, CA",1371,5:46:18,13:13,M 15-19/21,M-18,885,5:46:50,37.52%
1252,Darwin Williams,"Los Angeles, CA",2046,5:46:26,13:13,M 50-54/114,M-51,886,5:46:41,40.62%
1253,Harpreet Vittal,"Saratoga, CA",562,5:46:37,13:14,F 35-39/69,F-39,367,5:48:28,40.66%
1254,Laura De Santiago,"Pasadena, CA",883,5:46:58,13:14,F 40-44/61,F-43,368,5:46:59,42.28%
1255,Frances De Freitas,"El Segundo, CA",876,5:46:59,13:15,F 45-49/56,F-45,369,5:50:07,43.30%
1256,Cara De Freitas,"El Segundo, CA",875,5:47:01,13:15,F 15-19/15,F-15,370,5:50:08,42.19%
1257,Ryan De Freitas,"El Segundo, CA",877,5:47:02,13:15,Unknown/2,M-12,887,5:50:10,42.35%
1258,Angie Park,"La Crescenta, CA",1593,5:47:05,13:15,F 40-44/62,F-43,371,5:48:37,42.26%
1259,Jerry Salazar,"Santa Maria, CA",1773,5:47:09,13:15,M 55-59/69,M-57,888,5:53:18,42.86%
1260,G Claveria,"Alhambra, CA",2196,5:47:32,13:16,M 30-34/108,M-34,889,5:54:41,35.95%
1261,Neal Genda,"San Marino, CA",106,5:47:37,13:16,M 65-69/18,M-67,890,5:50:57,47.32%
1262,Ron Howard,"Pasadena, CA",1137,5:47:55,13:17,M 55-59/70,M-56,891,5:51:41,42.36%
1263,Chris Jun,"La Canada, CA",1188,5:48:07,13:17,M 45-49/135,M-48,892,5:56:16,39.36%
1264,Anna Solano,"South Pasadena, CA",1861,5:48:17,13:18,F 35-39/70,F-39,372,5:50:14,40.47%
1265,Lindsey Goldbloom,"North Hills, CA",1020,5:48:26,13:18,F 40-44/63,F-41,373,5:53:16,41.20%
1266,Obinna Akpa,"Hawthorne, CA",586,5:48:35,13:18,Unknown/3,M-14,893,5:50:39,40.02%
1267,Mari Webber,"Hidden Hills, CA",2023,5:48:41,13:18,F 45-49/57,F-49,374,5:53:50,45.28%
1268,Shannon Farar-Griefer,"Calabasas, CA",941,5:48:42,13:18,F 45-49/58,F-47,375,5:53:52,44.15%
1269,Javier Tiscareno,"Los Angeles, CA",1929,5:48:45,13:19,M 35-39/137,M-37,894,5:54:05,35.96%
1270,Martha Fitzpatrick,"Pasadena, CA",954,5:48:45,13:19,F 65-69/3,F-66,376,5:53:35,58.21%
1271,Mario Cordova,"Hawthorne, CA",840,5:48:54,13:19,Unknown/4,M-13,895,5:51:00,40.97%
1272,Bob Spears,"Sierra Madre, CA",237,5:49:13,13:20,M 55-59/71,M-59,896,5:55:18,43.43%
1273,Dennis Mori,"San Leandro, CA",544,5:49:23,13:20,M 60-64/34,M-62,897,5:53:02,44.72%
1274,Stephen Tanner,"Pasadena, CA",250,5:50:00,13:21,M 45-49/136,M-45,898,5:56:49,38.14%
1275,Marlena Tanner,"Pasadena, CA",249,5:50:01,13:21,F 40-44/64,F-41,377,5:56:49,41.01%
1276,Joseph Sexton,"Riverside, CA",1820,5:50:06,13:22,M 35-39/138,M-38,899,5:55:50,36.01%
1277,Susan Lucas,"South Pasadena, CA",1363,5:50:21,13:22,F 40-44/65,F-44,378,5:51:47,42.37%
1278,Ana Salguero,"Hermosa Beach, CA",1776,5:50:27,13:22,F 35-39/71,F-35,379,5:57:14,39.19%
1279,Everett Wilson,"Altadena, CA",2051,5:50:39,13:23,M 60-64/35,M-62,900,5:50:39,44.56%
1280,Brandye Smith,"Los Angeles, CA",1848,5:50:51,13:23,F 45-49/59,F-49,380,5:55:41,45.00%
1281,Michael Mizote,"Gardena, CA",1473,5:50:54,13:23,M 50-54/115,M-51,901,5:55:44,40.10%
1282,Moses Christian,"Loma Linda, CA",809,5:50:55,13:24,M 75-79/1,M-76,902,5:52:24,52.61%
1283,Sona Donayan,"Pasadena, CA",911,5:51:22,13:25,F 40-44/66,F-43,381,5:55:05,41.75%
1284,Judy Quan,"Chatsworth, CA",1654,5:51:23,13:25,F 40-44/67,F-42,382,5:53:12,41.28%
1285,David Britt,"Altadena, CA",712,5:51:27,13:25,M 45-49/137,M-48,903,5:52:09,38.98%
1286,Diane Underwood,"Pasadena, CA",256,5:51:33,13:25,F 45-49/60,F-49,383,5:52:05,44.91%
1287,Victoria Fuentes,"Burbank, CA",978,5:51:39,13:25,F 35-39/72,F-39,384,6:00:32,40.08%
1288,Marisol Rodriguez,"Alhambra, CA",1729,5:51:41,13:25,F 30-34/47,F-33,385,6:00:32,38.75%
1289,Christopher Alcudia,"Los Angeles, CA",590,5:51:59,13:26,M 55-59/72,M-56,904,5:57:43,41.87%
1290,Frank Sosa,"Alhambra, CA",555,5:51:59,13:26,M 50-54/116,M-52,905,5:58:47,40.34%
1291,Franco Gambini,"Pasadena, CA",2110,5:52:23,13:27,M 25-29/92,M-27,906,6:29:58,35.45%
1292,Maureen Coyle,"Alta Loma, CA",847,5:52:27,13:27,F 40-44/68,F-43,386,5:55:53,41.62%
1293,Deborah Gobins,"Phoenix, AZ",1012,5:52:37,13:27,F 50-54/36,F-51,387,5:57:39,45.94%
1294,Gregg Iwamiya,"Altadena, CA",1161,5:52:45,13:28,M 40-44/126,M-41,907,5:56:16,36.59%
1295,Guillermo Macias III,"Bell, CA",1374,5:52:59,13:28,M 25-29/93,M-28,908,5:58:18,35.39%
1296,Mohammed Zaatari,"McLean, VA",2090,5:53:00,13:28,M 40-44/127,M-42,909,5:54:51,36.87%
1297,Maximiliano Velazques,"Los Angeles, CA",1991,5:53:01,13:28,M 40-44/128,M-44,910,6:04:51,37.49%
1298,Andrea Thornton,"Hesperia, CA",1925,5:53:03,13:28,F 45-49/61,F-49,388,5:59:27,44.72%
1299,Larry Handy,"Monrovia, CA",1071,5:53:05,13:28,M 30-34/109,M-31,911,5:53:14,35.38%
1300,Victor Escobedo,"Venice, CA",930,5:53:43,13:30,M 50-54/117,M-51,912,6:01:03,39.78%
1401,Darcy Ike,"San Diego, CA",533,6:17:31,14:24,M 65-69/21,M-65,965,6:24:21,42.68%
1402,Nimish Patel,"Santa Monica, CA",1603,6:18:19,14:26,M 40-44/134,M-40,966,6:20:11,33.84%
1403,Michael Maciejewski,"Addison, TX",1375,6:18:51,14:27,M 30-34/115,M-33,967,6:36:59,32.97%
1404,Patricia Dummett,"Santa Monica, CA",917,6:18:54,14:28,F 50-54/43,F-54,437,6:24:26,44.49%
1405,Samantha Tse,"Los Angeles, CA",1957,6:19:00,14:28,F 20-24/28,F-20,438,6:21:25,35.76%
1406,Carol Neves,"La Verne, CA",1524,6:19:14,14:28,F 50-54/44,F-51,439,6:34:38,42.72%
1407,Jess Villa,"Pomona, CA",2004,6:19:39,14:29,M 55-59/76,M-56,968,6:25:47,38.82%
1408,Dana Mosell,"Walnut, CA",181,6:19:55,14:30,M 55-59/77,M-57,969,6:25:55,39.16%
1409,Gregory Leite,"Altadena, CA",1313,6:20:39,14:32,M 30-34/116,M-32,970,6:24:47,32.82%
1410,Candace Brown,"Los Angeles, CA",717,6:21:03,14:33,F 25-29/44,F-26,440,6:24:27,35.54%
1411,Sandra Bobadilla,"South Gate, CA",696,6:21:09,14:33,F 45-49/68,F-45,441,6:23:30,39.42%
1412,Cyndi Myles,"Claremont, CA",184,6:21:29,14:33,F 40-44/77,F-40,442,6:24:01,37.26%
1413,Tomas Torices,"Altadena, CA",1937,6:21:50,14:34,M 40-44/135,M-42,971,6:29:57,34.08%
1414,Joy De Leon,"Los Angeles, CA",881,6:21:52,14:34,F 35-39/81,F-38,443,6:28:55,36.63%
1415,Jimmy Velez,"Fullerton, CA",1994,6:22:27,14:36,M 30-34/117,M-31,972,6:30:03,32.66%
1416,Wendy Silva,"Glendale, CA",1837,6:22:30,14:36,F 35-39/82,F-39,444,6:31:20,36.85%
1417,John Gibson,"Wrightwood, CA",1005,6:22:36,14:36,M 55-59/78,M-59,973,6:24:56,39.64%
1418,Isabel Loera,"Azusa, CA",1349,6:23:01,14:37,F 50-54/45,F-50,445,6:26:54,41.75%
1419,Robert Brown,"Rancho Cucamonga, CA",722,6:23:25,14:38,M 35-39/144,M-39,974,6:24:49,33.11%
1420,James Harnagel,"Pasadena, CA",117,6:23:25,14:38,M 50-54/127,M-54,975,6:24:50,37.72%
1421,Toshiyuki Hashimoto,"San Pedro, CA",1085,6:24:15,14:40,M 40-44/136,M-44,976,6:40:29,34.44%
1422,Eli Lebental,"Rancho Palos Verdes, CA",1298,6:25:19,14:42,M 60-64/38,M-62,977,6:26:29,40.55%
1423,Haywood Crowder,"Compton, CA",2200,6:25:19,14:42,M 65-69/22,M-66,978,6:25:19,42.25%
1424,Art Buckland,"La Canada, CA",730,6:25:31,14:43,M 60-64/39,M-60,979,6:32:22,39.74%
1425,Tashiya Gunesekera,"Carson, CA",1053,6:25:42,14:43,F 20-24/29,F-22,446,6:31:04,35.11%
1426,Ilsia Reuter,"Tustin, CA",1685,6:26:08,14:44,F 40-44/78,F-43,447,6:34:31,37.99%
1427,Sandra Harris,"Pasadena, CA",1081,6:27:05,14:46,F 50-54/46,F-50,448,6:36:08,41.31%
1428,Kimberly Potts,"Rancho Cucamonga, CA",1640,6:27:29,14:47,F 40-44/79,F-40,449,6:29:57,36.69%
1429,Katie Brethour,"San Gabriel, CA",710,6:27:29,14:47,F 30-34/56,F-33,450,6:29:58,35.17%
1430,SomcHai Sinkarjarern,"Rowland Heights, CA",228,6:29:22,14:52,M 55-59/79,M-58,980,6:31:59,38.58%
1431,Rissa Tinio,"Covina, CA",560,6:29:29,14:52,F 50-54/47,F-52,451,6:35:07,42.14%
1432,Engelberto Lacson,"Covina, CA",1276,6:29:33,14:52,M 50-54/128,M-54,981,6:35:07,37.13%
1433,Marisa Keohohou,"Newbury Park, CA",1212,6:30:09,14:53,F 45-49/69,F-47,452,6:50:51,39.46%
1434,Antonio Pena,"Victorville, CA",1614,6:30:38,14:54,M 45-49/149,M-45,982,6:34:06,34.17%
1435,Patrick Rowe,"Corona, CA",1752,6:30:38,14:54,M 45-49/150,M-45,983,6:34:05,34.17%
1436,Morgan Kim-Fanelli,"Pasadena, CA",1232,6:31:47,14:57,F 40-44/80,F-40,453,6:33:45,36.28%
1437,Sandy Papagno,"Montrose, CA",193,6:31:47,14:57,F 55-59/15,F-55,454,6:33:45,43.62%
1438,Pureza Bacor,"Pasadena, CA",631,6:32:05,14:58,F 30-34/57,F-32,455,6:36:13,34.66%
1439,Tawni Gomes,"Ventura, CA",1022,6:32:37,14:59,F 45-49/70,F-45,456,6:51:34,38.27%
1440,Policarpio Canamaso,"La Puente, CA",751,6:32:52,15:00,M 50-54/129,M-50,984,6:36:11,35.50%
1441,Glenda Chaidez,"Lake View Terrace, CA",780,6:33:06,15:00,F 45-49/71,F-48,457,6:57:35,39.66%
1442,Vernon Norman,"Colton, CA",1543,6:33:31,15:01,M 50-54/130,M-54,985,6:34:05,36.76%
1443,Blanca Cornejo,"Pacoima, CA",841,6:33:32,15:01,F 45-49/72,F-45,458,6:58:01,38.18%
1444,Kathryn Gebler,"Bell Canyon, CA",998,6:33:33,15:01,F 50-54/48,F-53,459,6:56:08,42.26%
1445,Jeannette Guerra,"Glendale, CA",1050,6:33:34,15:01,F 40-44/81,F-43,460,6:39:06,37.27%
1446,Antoinette Palazzola,"Glendale, CA",1586,6:35:29,15:06,F 35-39/83,F-36,461,6:58:08,34.91%
1447,Loay Alnaji,"Moorpark, CA",596,6:35:36,15:06,M 35-39/145,M-35,986,6:35:43,31.58%
1448,Michelle Horrigan,"Glendale, CA",1135,6:36:07,15:07,F 45-49/73,F-45,462,6:50:16,37.93%
1449,Sangita Patel,"Fullerton, CA",1605,6:36:31,15:08,F 35-39/84,F-37,463,6:38:45,35.03%
1450,Ajay Patel,"Los Angeles, CA",2190,6:36:55,15:09,M 40-44/137,M-40,987,6:38:45,32.25%
1451,Miguel Coronado,"Lancaster, CA",842,6:37:14,15:10,M 35-39/146,M-37,988,6:37:14,31.57%
1452,Kathleen Franczak,"Torrance, CA",101,6:38:40,15:13,F 50-54/49,F-51,464,6:40:58,40.63%
1453,Cynthia Adams,"Pasadena, CA",574,6:39:13,15:14,F 50-54/50,F-52,465,6:45:41,41.11%
1454,Elizabeth Finley,"Pasadena, CA",951,6:39:13,15:14,F 45-49/74,F-49,466,6:45:43,39.55%
1455,Beth Petersen,"Glendale, CA",199,6:39:19,15:14,F 75-79/1,F-76,467,6:39:41,63.78%
1456,Rosemary Hernandez,"Pacoima, CA",530,6:39:24,15:14,F 50-54/51,F-52,468,6:44:15,41.09%
1457,Christopher Trimm,"Canoga Park, CA",1947,6:39:28,15:15,M 45-49/151,M-45,989,6:40:24,33.42%
1458,Glenn Higaki,"Cerritos, CA",1114,6:40:04,15:16,M 60-64/40,M-62,990,6:46:51,39.06%
1459,Dougg Healy,"Canyon Country, CA",1089,6:40:37,15:17,M 55-59/80,M-55,991,6:45:31,36.45%
1460,Jane Adams,"Riverside, CA",575,6:40:39,15:17,F 55-59/16,F-56,469,6:47:28,43.25%
1461,Constance Koenig,"San Bernardino, CA",1251,6:40:44,15:18,F 50-54/52,F-50,470,6:47:36,39.90%
1462,Kymmith Handy,"West Covina, CA",1070,6:42:02,15:21,M 45-49/152,M-49,992,6:53:29,34.38%
1463,Putt Petrulli,"Reseda, CA",1626,6:42:06,15:21,M 55-59/81,M-58,993,6:51:52,37.36%
1464,Steven Naslund,"Yorba Linda, CA",1512,6:42:13,15:21,M 50-54/131,M-51,994,6:45:53,34.99%
1465,Vikki Richardson,"West Covina, CA",1696,6:42:35,15:22,F 65-69/4,F-69,471,6:53:41,53.49%
1466,Ray Wells,"San Gabriel, CA",287,6:42:38,15:22,M 45-49/153,M-48,995,6:43:29,34.03%
1467,Sandra Mayfield,"Pasadena, CA",4437,6:43:22,15:24,F 40-44/82,F-42,472,6:45:22,35.96%
1468,Ryan Monreal,"Los Angeles, CA",1478,6:44:51,15:27,M 20-24/38,M-21,996,6:46:59,31.00%
1469,Madeleine Daniels-Campos,"Los Angeles, CA",867,6:45:13,15:28,F 15-19/16,F-15,473,6:48:19,36.13%
1470,Gene Lopez,"Azusa, CA",1359,6:45:16,15:28,M 50-54/132,M-51,997,6:49:48,34.72%
1471,Luis Campos,"Los Angeles, CA",749,6:45:21,15:28,M 45-49/154,M-46,998,6:48:28,33.22%
1472,Lillian Daliva,"Los Angeles, CA",864,6:45:44,15:29,F 25-29/45,F-29,474,7:12:18,33.38%
1473,Noel Keller,"Claremont, CA",2143,6:46:23,15:30,F 60-64/13,F-63,475,6:52:22,47.38%
1474,Leroy Lightfoot,"Monterey Park, CA",1331,6:47:36,15:33,M 65-69/23,M-65,999,6:54:26,39.53%
1475,Andi Cordeiro-Benson,"Pasadena, CA",3183,6:47:36,15:33,F 35-39/85,F-36,476,6:51:47,33.87%
1476,Patricia Kalebaba,"Los Angeles, CA",140,6:47:43,15:33,F 65-69/5,F-65,477,6:48:15,48.89%
1477,Bob Patterson,"Alta Loma, CA",1607,6:48:11,15:35,M 70-74/6,M-73,1000,6:52:53,43.16%
1478,Sara Kim,"South Pasadena, CA",1228,6:49:21,15:37,F 40-44/83,F-44,478,6:50:53,36.26%
1479,Jennifer Watters,"Burbank, CA",2021,6:49:53,15:38,F 35-39/86,F-37,479,6:58:48,33.89%
1480,Rebecca Zlotoff,"Culver City, CA",2099,6:50:04,15:39,F 55-59/17,F-55,480,6:54:56,41.68%
1481,Felipe Gregory Sasis,"La Mirada, CA",1790,6:50:25,15:40,M 40-44/138,M-42,1001,6:54:26,31.71%
1482,Uchenna Akpa,"Hawthorne, CA",587,6:52:06,15:44,Unknown/5,M-12,1002,6:54:13,35.66%
1483,La Donya Williams,"Monrovia, CA",2048,6:52:51,15:45,F 35-39/87,F-38,481,6:54:07,33.88%
1484,Florence Dabney,"Redlands, CA",65,6:55:38,15:52,F 50-54/53,F-50,482,6:59:30,38.47%
1485,Yong Mi Pak,"Los Angeles, CA",2119,6:56:49,15:54,F 50-54/54,F-50,483,6:58:20,38.36%
1486,Wayne Licher,"Arcadia, CA",1329,6:59:03,15:59,M 55-59/82,M-56,1003,7:03:58,35.17%
1487,Lorri Licher,"Arcadia, CA",1328,6:59:11,16:00,F 55-59/18,F-55,484,7:04:03,40.77%
1488,Lina Sanderson,"Pasadena, CA",1780,7:00:48,16:03,F 40-44/84,F-42,485,7:09:02,34.47%
1489,Taline Youssefian,"Pasadena, CA",2087,7:00:49,16:03,F 35-39/88,F-37,486,7:09:02,33.01%
1490,Kenneth Lim,"Loma Linda, CA",1335,7:01:22,16:05,M 35-39/147,M-35,1004,7:04:50,29.65%
1491,Sue Spears,"Sierra Madre, CA",238,7:01:34,16:05,F 55-59/19,F-56,487,7:07:50,41.11%
1492,Judi Lohne,"Burbank, CA",1353,7:02:54,16:08,F 50-54/55,F-50,488,7:05:09,37.81%
1493,I Lohne,"Thermal, CA",1352,7:03:02,16:09,F NoAge/0,F-0,489,7:05:14, 0.00%
1494,John Chavez,"Pasadena, CA",45,7:03:02,16:09,M 45-49/155,M-46,1005,7:10:11,31.83%
1495,Marie Brown,"Los Angeles, CA",720,7:03:10,16:09,F 60-64/14,F-60,490,7:08:11,43.38%
1496,Sheenah Gill,"Los Angeles, CA",1007,7:05:13,16:14,F 20-24/30,F-20,491,7:12:56,31.87%
1497,Hyeon Cheun,"Van Nuys, CA",802,7:05:14,16:14,M 25-29/97,M-28,1006,7:06:28,29.38%
1498,Jana Lewis,"La Canada, CA",1322,7:05:53,16:15,F 40-44/85,F-44,492,7:14:49,34.85%
1499,Gabriel Silva,"Glendale, CA",1836,7:05:57,16:15,M 40-44/139,M-41,1007,7:14:49,30.30%
1500,Felix Rodriguez,"Hawthorne, CA",1726,7:06:36,16:17,Unknown/6,M-12,1008,7:08:42,34.45%
1501,Adrian Silva,"Hawthorne, CA",1835,7:06:38,16:17,Unknown/7,M-12,1009,7:08:42,34.45%
1502,Victoria Kratz,"Rancho Palos Verdes, CA",1262,7:06:38,16:17,F 40-44/86,F-40,493,7:08:43,33.32%
1503,Armando Aguirre,"Hawthorne, CA",583,7:06:39,16:17,Unknown/8,M-12,1010,7:08:42,34.45%
1504,Joaquin Quintero,"Hawthorne, CA",1659,7:06:39,16:17,Unknown/9,M-12,1011,7:08:44,34.45%
1505,Leander Kung,"Rowland Heights, CA",4125,7:07:15,16:18,M 15-19/25,M-19,1012,7:09:41,29.97%
1506,Konstantina Retzepis,"Beverly Hills, CA",2154,7:11:17,16:27,F 35-39/89,F-35,494,7:22:28,31.85%
1507,Sandra Kelley,"Burbank, CA",1206,7:11:19,16:28,F 40-44/87,F-41,495,7:22:27,33.28%
1508,Jason Simmons,"Lynwood, CA",1838,7:11:44,16:28,M 35-39/148,M-37,1013,7:51:50,29.05%
1509,Jasmin Flores,"Walnut, CA",961,7:11:47,16:29,F 20-24/31,F-23,496,7:17:16,31.36%
1510,Fred Latuperissa,"Temecula, CA",1291,7:17:18,16:41,M 60-64/41,M-60,1014,7:23:53,35.03%
1511,Wing Yee,"Monterey Park, CA",273,7:17:31,16:42,F 50-54/56,F-50,497,7:18:53,36.55%
1512,Maria Patron,"Reseda, CA",1606,7:17:32,16:42,F 35-39/90,F-39,498,7:17:37,32.21%
1513,Patrica Reyes,"Reseda, CA",1690,7:17:37,16:42,F 30-34/58,F-31,499,7:17:42,30.99%
1514,Van Garner,"Claremont, CA",993,7:18:53,16:45,M 60-64/42,M-64,1015,7:27:21,36.33%
1515,Glynis Robert,"Los Angeles, CA",1717,7:19:22,16:46,F 55-59/20,F-59,500,7:23:19,41.16%
1516,Jade Smith,"Los Angeles, CA",1850,7:19:45,16:47,F 30-34/59,F-34,501,7:23:42,31.10%
1517,Ken Egan,"South Pasadena, CA",2109,7:20:33,16:49,M 25-29/98,M-27,1016,7:22:51,28.36%
1518,Justin Kendall,"Pasadena, CA",1209,7:20:38,16:49,M 25-29/99,M-27,1017,7:22:51,28.35%
1519,L Jerome McGill,"Pasadena, CA",2148,7:24:26,16:58,M 75-79/2,M-75,1018,7:25:34,40.84%
1520,Simone Trimm,"Canoga Park, CA",1948,7:26:26,17:02,F 40-44/88,F-43,502,7:27:19,32.86%
1521,Kathy Goodwin,"Santa Clarita, CA",1034,7:28:18,17:06,F 50-54/57,F-52,503,7:32:06,36.61%
1522,Lanny Goodwin,"Santa Clarita, CA",1035,7:28:21,17:06,M 60-64/43,M-63,1019,7:32:06,35.20%
1523,Michele Logan,"Pasadena, CA",162,7:29:02,17:08,F 50-54/58,F-51,504,7:33:58,36.08%
1524,Kathy Kusner,"Playa Vista, CA",1270,7:29:27,17:09,F 65-69/6,F-69,505,7:33:27,47.92%
1525,Tawee Poungsiri,"Anaheim, CA",1641,7:31:08,17:13,M 30-34/118,M-30,1020,7:42:07,27.69%
1526,Maryann Hasso,"Victorville, CA",1086,7:31:56,17:15,F 35-39/91,F-36,506,7:32:57,30.55%
1527,Yoxy Jurado,"Arcadia, CA",1191,7:32:21,17:16,F 25-29/46,F-26,507,7:37:01,29.94%
1528,Patricia Nijjar,"Bradbury, CA",546,7:32:23,17:16,F 55-59/21,F-55,508,7:37:01,37.78%
1529,Lawrence Brusby,"Glendora, CA",29,7:33:33,17:18,M 60-64/44,M-60,1021,7:34:42,33.78%
1530,Sandy Wong,"Los Angeles, CA",2064,7:34:24,17:20,F 40-44/89,F-44,509,7:38:24,32.67%
1531,Estelle Langis,"Arcadia, CA",1284,7:35:05,17:22,F 45-49/75,F-46,510,7:41:09,33.42%
1532,Donald Villafana,"Oxnard, CA",2005,7:46:04,17:47,M 50-54/133,M-53,1022,7:49:27,30.75%
1533,Richard May,"Bellflower, CA",1407,7:46:50,17:49,M 60-64/45,M-61,1023,8:17:40,33.14%
1534,Aaron Zaima,"Pasadena, CA",2091,7:47:16,17:50,M 30-34/119,M-34,1024,7:48:58,26.73%
1535,Beverly Hernandez,"El Monte, CA",1100,7:48:45,17:53,F 30-34/60,F-33,511,7:51:46,29.07%
1536,Suzanne Zaima,"Pasadena, CA",2092,7:49:18,17:54,F 30-34/61,F-33,512,7:51:00,29.04%
1537,Heather Lowry,"Huntington Beach, CA",2144,7:49:51,17:56,F 30-34/62,F-33,513,7:53:13,29.01%
1538,Jeremiah Moore,"Pasadena, CA",1484,7:50:27,17:57,M 40-44/140,M-40,1025,8:08:06,27.21%
1539,Iris Peoples,"Long Beach, CA",196,7:50:36,17:57,F 45-49/76,F-47,514,7:55:35,32.71%
1540,Stacey Johnson-Whaley,"Los Angeles, CA",1180,7:50:40,17:58,F 45-49/77,F-45,515,7:55:35,31.92%
1541,Sharon Kerson,"Culver City, CA",1213,7:51:27,17:59,F 65-69/7,F-67,516,7:56:28,43.89%
1542,Julie Miller,"Los Angeles, CA",1461,7:55:15,18:08,F 25-29/47,F-29,517,8:01:18,28.49%
1543,Anne Chaney,"Altadena, CA",783,7:55:17,18:08,F 35-39/92,F-38,518,8:01:20,29.43%
1544,Ruth McNevin,"La Crescenta, CA",1432,8:00:36,18:20,F 60-64/15,F-63,519,8:05:07,40.06%
1545,Mariah Thompson,"Pasadena, CA",2180,8:01:08,18:22,F 65-69/8,F-67,520,8:23:12,43.00%
1546,Stuart Garrison,"Los Angeles, CA",996,8:01:09,18:22,M 60-64/46,M-63,1026,8:07:47,32.80%
1547,Todd Schafer,"Diamond Bar, CA",1795,8:03:51,18:28,M 45-49/156,M-46,1027,8:04:39,27.83%
1548,Eunice Chung,"Vancouver, BC",53,8:04:18,18:29,F 30-34/63,F-32,521,8:05:43,28.06%
1549,Lance Kuboyama,"Hacienda Heights, CA",1264,8:04:19,18:29,M 30-34/120,M-34,1028,8:05:45,25.79%
1550,Max Walker,"Yorba Linda, CA",2103,8:04:41,18:30,M 30-34/121,M-32,1029,8:06:04,25.77%
1551,Janet Halterman,"Barstow, CA",1066,8:04:42,18:30,F 45-49/78,F-47,522,8:06:05,31.76%
1552,Joseph Rene,"Pasadena, CA",2123,8:06:29,18:34,M 35-39/149,M-35,1030,8:07:26,25.68%
1553,Barbara Moore,"Norwalk, CA",1483,8:06:40,18:34,F 65-69/9,F-65,523,8:07:50,40.96%
1554,Edith Hernandez,"El Monte, CA",1102,8:11:55,18:46,F 35-39/93,F-39,524,8:15:00,28.65%
1555,Nicholas Vasquez,"El Monte, CA",1984,8:12:10,18:47,Unknown/10,M-13,1031,8:15:13,29.04%
1556,Richard Chavez,"Palmdale, CA",793,8:12:27,18:47,M 50-54/134,M-53,1032,8:17:59,29.10%
1557,Michael Biferno,"Arcadia, CA",681,8:14:05,18:51,M 60-64/47,M-63,1033,8:17:57,31.94%
1558,Eddie Boylan,"Pasadena, CA",19,8:20:55,19:07,M 60-64/48,M-62,1034,8:27:58,31.19%
1559,Yvette King-Berg,"Granada Hills, CA",1234,8:35:11,19:39,F 45-49/79,F-47,525,8:39:23,29.88%
