Place,Name,Location,Bib,Net Time,Pace,Division/Place,Sex-Age,Sex-Place,Gun Time,Age Grade
1,Justin Johnson,"Seattle, WA",426,2:34:31,5:54,M 25-29/0,M-27,1,2:34:31,80.88%
2,Ricardo Ramirez,"Sun Valley, CA",1100,2:43:13,6:14,M 35-39/0,M-39,2,2:43:13,77.80%
3,Andrew Chandler,"St Petersburg, FL",153,2:44:09,6:16,M 35-39/0,M-37,3,2:44:09,76.43%
4,Mandy Grantz,"Pasadena, CA",325,2:45:53,6:20,F 20-24/0,F-24,1,2:45:53,81.67%
5,Antonio Lozano,"Glendale, CA",1114,2:47:26,6:24,M 40-44/1,M-41,4,2:47:28,77.09%
6,Adrian De Leon,"Canoga Park, CA",216,2:53:51,6:38,M 35-39/1,M-38,5,2:53:55,72.51%
7,Cherenet Daba,"El Monte, CA",1115,3:01:03,6:55,M 45-49/1,M-46,6,3:01:13,74.37%
8,Robert Caughey,"San Diego, CA",148,3:03:14,7:00,M 30-34/1,M-31,7,3:03:22,68.18%
9,Pedro Villagran,"Simi Valley, CA",904,3:03:14,7:00,M 40-44/2,M-42,8,3:03:15,71.03%
10,Bonnie Axman,"San Diego, CA",53,3:05:42,7:05,F 25-29/0,F-26,2,3:05:42,73.13%
11,Jeffrey Donnelly,"Mesa, AZ",1025,3:06:01,7:06,M 50-54/1,M-53,9,3:07:34,77.04%
12,John Vigil,"Covina, CA",1058,3:06:28,7:07,M 35-39/2,M-37,10,3:06:44,67.27%
13,David Armijo,"Rancho Cucamonga, CA",46,3:06:41,7:08,M 40-44/3,M-41,11,3:06:44,69.14%
14,Ivanic Rastislav,"San Diego, CA",726,3:07:05,7:09,M 35-39/3,M-35,12,3:07:14,66.78%
15,Bernie Reyes,"Chino Hills, CA",1131,3:07:08,7:09,M 35-39/4,M-38,13,3:07:09,67.36%
16,Javier Fernandez,"Los Angeles, CA",1119,3:07:15,7:09,M 40-44/4,M-42,14,3:07:18,69.50%
17,Clementino Alvarez,"Los Angeles, CA",1120,3:07:15,7:09,M 30-34/2,M-32,15,3:07:18,66.72%
18,Matt Delmont,"Claremont, CA",225,3:07:19,7:09,M 30-34/3,M-33,16,3:07:29,66.69%
19,Steve Berardi,"Woodland Hills, CA",76,3:07:44,7:10,M 25-29/1,M-28,17,3:07:52,66.55%
20,Michael McKeon,"Flagler Beach, FL",1110,3:08:51,7:13,M 40-44/5,M-44,18,3:08:55,70.08%
21,Donald Wielenga,"Altadena, CA",925,3:09:20,7:14,M 50-54/2,M-51,19,3:09:37,74.33%
22,Frank Meza,"South Pasadena, CA",597,3:10:48,7:17,M 60-64/1,M-62,20,3:11:12,81.90%
23,Dietmar Wendelin,"Irvine, CA",921,3:12:29,7:21,M 40-44/6,M-40,21,3:23:13,66.51%
24,Juan Cruz,"Los Angeles, CA",1021,3:12:33,7:21,M 18-19/1,M-19,22,3:13:06,66.51%
25,Satoshi Ono,"Pasadena, CA",666,3:12:50,7:22,M 35-39/5,M-36,23,3:12:56,64.85%
26,Allen Smith,"Sun Valley, CA",822,3:13:02,7:22,M 50-54/3,M-52,24,3:13:14,73.57%
27,Nelson Moreno,"Rialto, CA",1090,3:14:38,7:26,M 35-39/6,M-35,25,3:14:40,64.19%
28,Natalie Kintz,"Los Angeles, CA",468,3:14:59,7:27,F 20-24/0,F-24,3,3:14:59,69.63%
29,Lawrence Albinski,"Arcadia, CA",27,3:15:20,7:28,M 45-49/2,M-48,26,3:15:25,70.14%
30,Brian McDonnell,"Rancho Santa Margarita, CA",585,3:15:41,7:28,M 35-39/7,M-39,27,3:15:45,64.88%
31,David Campa,"San Luis Obispo, CA",1147,3:15:48,7:29,M 35-39/8,M-36,28,3:16:03,63.87%
32,Zachary Lebo,"Pasadena, CA",1039,3:16:10,7:29,M 25-29/2,M-26,29,3:16:21,63.68%
33,David Flowers,"Santa Clarita, CA",281,3:16:15,7:30,M 45-49/3,M-48,30,3:16:30,69.81%
34,Ryan Grey,"Tonalea, AZ",329,3:16:37,7:30,M 20-24/1,M-22,31,3:18:36,63.57%
35,David Piper,"Los Angeles, CA",712,3:16:45,7:31,M 35-39/9,M-39,32,3:16:54,64.53%
36,Tim Stark,"Chino Hills, CA",834,3:17:47,7:33,M 40-44/7,M-44,33,3:18:03,66.91%
37,Haroutyoun Qahwajian,"Granada Hills, CA",999,3:18:06,7:34,M 40-44/8,M-42,34,3:18:08,65.70%
38,Brian Adler,"Pasadena, CA",18,3:18:15,7:34,M 35-39/10,M-37,35,3:19:19,63.27%
39,Donald Danlag,"La Crescenta, CA",1106,3:18:43,7:35,M 40-44/9,M-43,36,3:18:48,66.05%
40,Andre Boulais,"Santa Maria, CA",93,3:18:56,7:36,M 45-49/4,M-49,37,3:19:05,69.48%
41,Paul Hammerton,"Sherman Oaks, CA",354,3:19:02,7:36,M 55-59/1,M-57,38,3:19:09,74.76%
42,Zachary Treadwell,"Pacific Palisades, CA",1008,3:19:29,7:37,M 35-39/11,M-35,39,3:21:32,62.63%
43,Wesley Carter,"San Diego, CA",140,3:19:33,7:37,M 30-34/4,M-30,40,3:20:02,62.60%
44,Nancy Arriaga,"Los Angeles, CA",1121,3:19:37,7:37,F 35-39/1,F-35,4,3:19:41,68.89%
45,Abel Ibarra,"Pacoima, CA",405,3:19:39,7:37,M 55-59/2,M-57,41,3:19:42,74.53%
46,Nadia Ruiz,"Santa Fe Springs, CA",774,3:20:04,7:38,F 25-29/1,F-26,5,3:20:16,67.69%
47,Kevin Dean,"Portland, OR",219,3:20:11,7:39,M 30-34/5,M-33,42,3:20:18,62.41%
48,Wayne Lee,"Stevenson Ranch, CA",509,3:20:31,7:39,M 40-44/10,M-42,43,3:20:36,64.90%
49,Abelardo Marcial,"Los Angeles, CA",562,3:20:43,7:40,M 45-49/5,M-47,44,3:20:46,67.67%
50,Tim Jennison,"Chino Hills, CA",422,3:21:10,7:41,M 25-29/3,M-27,45,3:25:33,62.10%
51,Jonathan Cisneros,"Burbank, CA",176,3:21:42,7:42,Unknown/1,M-17,46,3:21:54,65.37%
52,Kevin Coronel,"Burbank, CA",189,3:21:43,7:42,Unknown/2,M-17,47,3:21:54,65.36%
53,Eddie Diaz,"Los Angeles, CA",231,3:21:47,7:42,M 30-34/6,M-31,48,3:22:04,61.91%
54,Mara Stegemann,"Valencia, CA",835,3:22:08,7:43,F 35-39/2,F-36,6,3:22:13,68.40%
55,David Levray,"San Gabriel, CA",515,3:23:01,7:45,M 45-49/6,M-46,49,3:23:18,66.32%
56,Joey Clingerman,"Glendale, CA",180,3:24:20,7:48,Unknown/3,M-17,50,3:24:38,64.52%
57,Ana Guijarro,"Fontana, CA",1101,3:24:24,7:48,F 30-34/1,F-30,7,3:25:40,66.28%
58,Robert Voss,"Walnut, CA",3932,3:24:28,7:48,M 55-59/3,M-57,51,3:26:07,72.77%
59,Howard Audet,"Ontario, CA",50,3:24:46,7:49,M 45-49/7,M-48,52,3:24:56,66.91%
60,Barry Redman,"Gilbert, AZ",728,3:24:55,7:49,M 35-39/12,M-37,53,3:25:08,61.21%
61,Daniel Goggins,"Orange, CA",312,3:24:56,7:49,M 45-49/8,M-47,54,3:25:49,66.28%
62,Kenneth Whitehair,"Las Vegas, NV",923,3:25:08,7:50,M 40-44/11,M-42,55,3:25:30,63.44%
63,Declan Ryan,"Arcadia, CA",777,3:25:28,7:51,M 30-34/7,M-31,56,3:25:49,60.80%
64,Joseph Sandoval,"Highland, CA",786,3:25:32,7:51,M 20-24/2,M-22,57,3:29:34,60.81%
65,Peter Galan,"Hacienda Heights, CA",292,3:25:58,7:52,M 40-44/12,M-43,58,3:26:14,63.72%
66,Roberto Chavez,"Montebello, CA",155,3:26:00,7:52,M 35-39/13,M-38,59,3:30:08,61.19%
67,Thomas Cirillo,"Los Angeles, CA",175,3:26:08,7:52,M 25-29/4,M-27,60,3:27:45,60.60%
68,Daniel Margolis,"Rancho Santa Margarita, CA",563,3:26:26,7:53,M 45-49/9,M-45,61,3:27:13,64.67%
69,Jorge Briones,"Whittier, CA",1066,3:27:01,7:54,M 35-39/14,M-39,62,3:27:44,61.33%
70,Claron McAlister,"Arcadia, CA",579,3:27:06,7:54,M 35-39/15,M-36,63,3:28:56,60.39%
71,Donald Skiver,"Pasadena, CA",821,3:27:47,7:56,M 45-49/10,M-49,64,3:27:54,66.52%
72,Laura Dooly,"Altadena, CA",244,3:27:53,7:56,F 30-34/2,F-30,8,3:28:38,65.17%
73,Henry Torres,"Alhambra, CA",1081,3:27:55,7:56,M 30-34/8,M-34,65,3:27:57,60.08%
74,Carl Simons,"Las Vegas, NV",817,3:28:22,7:57,M 60-64/2,M-64,66,3:28:29,76.52%
75,Chris Rodriquez,"Bakersfield, CA",759,3:28:59,7:59,M 30-34/9,M-30,67,3:29:16,59.78%
76,Selina Nordberg,"La Habra, CA",646,3:29:05,7:59,F 40-44/1,F-43,9,3:29:58,70.54%
77,Swava Stengel,"Temple City, CA",836,3:29:15,7:59,F 30-34/3,F-31,10,3:29:17,64.83%
78,Dong Young Kim,"Burbank, CA",459,3:29:49,8:01,M 18-19/2,M-18,68,3:30:00,61.92%
79,Heidi Ford,"Los Angeles, CA",283,3:29:58,8:01,F 40-44/2,F-40,11,3:33:21,67.94%
80,Emilio Driscoll-Delavega,"Sunland, CA",246,3:30:09,8:01,M 20-24/3,M-22,69,3:30:29,59.48%
81,Ryan O'Connor,"San Marino, CA",654,3:30:16,8:02,M 30-34/10,M-32,70,3:30:21,59.41%
82,Alba Ibarra,"Montebello, CA",406,3:30:17,8:02,F 30-34/4,F-34,12,3:34:25,65.08%
83,Steven Herbert,"Culver City, CA",363,3:30:28,8:02,M 45-49/11,M-47,71,3:31:43,64.54%
84,Tony Donagrechia,"Redondo Beach, CA",242,3:31:13,8:04,M 50-54/4,M-54,72,3:31:21,68.48%
85,Jeffrey Parker,"Pasadena, CA",689,3:31:17,8:04,M 30-34/11,M-32,73,3:33:57,59.13%
86,Julio Calicdan,"Upland, CA",126,3:31:35,8:05,M 25-29/5,M-26,74,3:33:57,59.04%
87,Alfonso Berumen,"Santa Monica, CA",80,3:31:45,8:05,M 25-29/6,M-25,75,3:34:19,59.00%
88,Diane Garcia,"Santa Clarita, CA",301,3:31:45,8:05,F 30-34/5,F-31,13,3:31:54,64.07%
89,Anna Ortiz,"Pasadena, CA",4298,3:33:12,8:08,F 50-54/1,F-50,14,3:35:53,75.44%
90,Lisa Anderson,"Rancho Santa Margarita, CA",41,3:33:33,8:09,F 45-49/1,F-45,15,3:34:16,70.74%
91,Felix Morales,"Pasadena, CA",1073,3:33:35,8:09,M 45-49/12,M-45,76,3:37:32,62.50%
92,Greg Hart,"Pasadena, CA",359,3:33:44,8:10,M 50-54/5,M-54,77,3:33:57,67.68%
93,Pete Carlson,"Pasadena, CA",136,3:34:02,8:10,M 35-39/16,M-38,78,3:34:20,58.90%
94,Peter Tuccillo,"Culver City, CA",879,3:34:06,8:10,M 50-54/6,M-52,79,3:34:36,66.33%
95,Eric Nordbeck,"Victorville, CA",645,3:34:31,8:11,M 45-49/13,M-49,80,3:34:35,64.44%
96,Eduardo Lozano,"Los Angeles, CA",535,3:34:36,8:12,M 40-44/13,M-42,81,3:34:38,60.64%
97,Jose Panduro,"Pomona, CA",684,3:34:51,8:12,M 30-34/12,M-33,82,3:41:11,58.15%
98,Andy Kumeda,"Sierra Madre, CA",486,3:35:15,8:13,M 40-44/14,M-43,83,3:35:34,60.97%
99,Ahmad Moustafa,"Goleta, CA",623,3:36:28,8:16,M 25-29/7,M-25,84,3:37:38,57.71%
100,Patrick Oshita,"San Ramon, CA",672,3:37:05,8:17,M 45-49/14,M-48,85,3:37:38,63.11%
101,Sung Kuk Kim,"Los Angeles, CA",464,3:37:05,8:17,M 50-54/7,M-50,86,3:38:31,64.25%
102,Jorge Martinez,"Los Angeles, CA",1063,3:37:07,8:17,M 35-39/17,M-38,87,3:37:09,58.06%
103,James McGaugh,"Santa Clara, CA",993,3:37:45,8:19,M 30-34/13,M-32,88,3:38:54,57.37%
104,Craig Mitchell,"Pasadena, CA",606,3:38:17,8:20,M 50-54/8,M-54,89,3:40:08,66.26%
105,Brent Speers,"South Pasadena, CA",832,3:38:28,8:20,M 50-54/9,M-53,90,3:39:46,65.60%
106,Vazgen Vartanian,"Glendale, CA",1009,3:38:35,8:21,M 60-64/3,M-62,91,3:38:59,71.49%
107,Mario Valenzuela,"Los Angeles, CA",1113,3:38:37,8:21,M 25-29/8,M-26,92,3:38:46,57.14%
108,Bob Ulloa,"Porterville, CA",885,3:38:47,8:21,M 60-64/4,M-61,93,3:39:04,70.71%
109,Bruce Adams,"Simi Valley, CA",14,3:38:57,8:22,M 45-49/15,M-45,94,3:39:03,60.97%
110,Ken Farley,"Pasadena, CA",262,3:39:12,8:22,M 45-49/16,M-46,95,3:39:31,61.42%
111,Manuel Calzadavillagomez,"Sun Valley, CA",1092,3:39:37,8:23,M 40-44/15,M-44,96,3:41:54,60.26%
112,Lino Torres,"Alhambra, CA",869,3:40:06,8:24,M 40-44/16,M-41,97,3:40:12,58.64%
113,Rosa Arevalo,"Los Angeles, CA",44,3:40:10,8:24,F 50-54/2,F-51,16,3:40:10,74.01%
114,Daniel Bower,"Pasadena, CA",96,3:40:40,8:25,M 25-29/9,M-28,98,3:40:52,56.61%
115,Leonard Jensen,"Menifee, CA",423,3:40:45,8:26,M 35-39/18,M-37,99,3:42:34,56.82%
116,John Langer,"Pasadena, CA",495,3:40:50,8:26,M 35-39/19,M-39,100,3:44:02,57.49%
117,Troy Hinshaw,"Santa Barbara, CA",378,3:40:59,8:26,M 45-49/17,M-49,101,3:42:59,62.55%
118,Martin Montalvo,"Baldwin Park, CA",611,3:41:21,8:27,M 20-24/4,M-21,102,3:41:57,56.69%
119,Karen Wester,"Alta Loma, CA",922,3:41:56,8:28,F 35-39/3,F-36,17,3:42:05,62.30%
120,Dan Ryan,"Van Nuys, CA",776,3:42:00,8:29,M 35-39/20,M-37,103,3:44:25,56.50%
121,Ronald Kalich,"San Ramon, CA",442,3:42:10,8:29,M 40-44/17,M-44,104,3:42:58,59.57%
122,Shigeo Ogino,"Monterey Park, CA",661,3:42:12,8:29,M 45-49/18,M-48,105,3:42:30,61.66%
123,Kerry Meade,"Reseda, CA",589,3:42:32,8:30,F 45-49/2,F-45,18,3:45:43,67.88%
124,Ung Yi,"Los Angeles, CA",955,3:42:33,8:30,M 50-54/10,M-54,106,3:43:26,64.99%
125,Gabriel Daiello,"Venice, CA",206,3:42:44,8:30,M 50-54/11,M-53,107,3:42:48,64.34%
126,Tetsuya Hiyoshi,"Rolling Hills Estates, CA",380,3:42:46,8:30,M 40-44/18,M-43,108,3:43:53,58.92%
127,Joshua Beroukhim,"Los Angeles, CA",79,3:42:59,8:31,M 20-24/5,M-20,109,3:43:33,56.73%
128,Erin Northrop,"South Pasadena, CA",648,3:43:32,8:32,F 25-29/2,F-26,19,4:01:06,60.58%
129,Ian Tonks,"Pasadena, CA",865,3:44:13,8:34,M 25-29/10,M-27,110,3:44:41,55.72%
130,Carlos Lopez,"Los Angeles, CA",1123,3:44:21,8:34,M 30-34/14,M-30,111,3:45:18,55.68%
131,Veronica Stocker,"Los Angeles, CA",838,3:44:31,8:34,F 40-44/3,F-42,20,3:45:09,64.91%
132,Mike Mkrtchyan,"Burbank, CA",608,3:44:56,8:35,M 18-19/3,M-18,112,3:45:07,57.76%
133,Joe Ogata,"Pacoima, CA",660,3:45:13,8:36,M 60-64/5,M-62,113,3:45:16,69.38%
134,Tim Davis,"Alhambra, CA",211,3:45:16,8:36,M 35-39/21,M-36,114,3:45:44,55.52%
135,Larry Rich,"Monrovia, CA",1089,3:45:30,8:37,M 50-54/12,M-50,115,3:45:38,61.85%
136,Greg Lewis,"Northridge, CA",516,3:45:48,8:37,M 45-49/19,M-47,116,3:46:12,60.15%
137,Kong Tan,"Rosemead, CA",851,3:45:57,8:38,M 35-39/22,M-37,117,3:47:51,55.51%
138,Richard Campagna,"Arcadia, CA",129,3:46:10,8:38,M 40-44/19,M-43,118,3:46:21,58.03%
139,Julie Jaross,"La Canada, CA",420,3:46:20,8:38,F 45-49/3,F-48,21,3:48:43,69.27%
140,Ian Clifton,"Scottsdale, AZ",179,3:46:22,8:38,M 20-24/6,M-21,119,3:48:21,55.44%
141,Joanne Simsovits,"Calabasas, CA",819,3:47:08,8:40,F 40-44/4,F-40,22,3:48:30,62.81%
142,Carlos Avitia,"Montebello, CA",52,3:47:19,8:41,M 25-29/11,M-27,120,3:50:12,54.96%
143,Peter Sandford,"Pasadena, CA",785,3:47:33,8:41,M 40-44/20,M-42,121,3:52:22,57.19%
144,Pat Marafiote,"Weston, CT",560,3:47:36,8:41,M 55-59/4,M-56,122,3:48:09,64.76%
145,Sergey Lototsky,"Long Beach, CA",534,3:47:49,8:42,M 40-44/21,M-41,123,3:48:07,56.66%
146,Alexandra Russell,"Pasadena, CA",775,3:47:51,8:42,F 25-29/3,F-25,23,3:48:03,59.44%
147,Sergio Delatorre,"Sylmar, CA",1097,3:48:05,8:42,M 40-44/22,M-44,124,3:48:10,58.02%
148,Jesse Gonzalez,"Laguna Hills, CA",1028,3:48:07,8:43,Unknown/4,M-16,125,3:49:03,58.73%
149,Henry Olivas,"Monrovia, CA",664,3:48:14,8:43,M 45-49/20,M-48,126,3:48:37,60.03%
150,Janene Fairchild,"Anaheim Hills, CA",261,3:48:40,8:44,F 40-44/5,F-41,24,3:49:26,63.03%
151,Richard Triquart,"Pasadena, CA",875,3:48:45,8:44,M 35-39/23,M-38,127,3:52:25,55.11%
152,Robert Dell Angelo,"Altadena, CA",224,3:48:46,8:44,M 45-49/21,M-49,128,3:53:58,60.42%
153,Michael Rice,"Lancaster, CA",739,3:48:51,8:44,M 18-19/4,M-19,129,3:49:14,55.96%
154,Kum Yu,"Alhambra, CA",962,3:48:56,8:44,M 25-29/12,M-26,130,3:49:48,54.57%
155,Suzy Degazon,"Glendora, CA",1351,3:49:04,8:45,F 45-49/4,F-47,25,3:50:30,67.59%
156,Sara Dins,"Tempe, AZ",238,3:49:08,8:45,F 30-34/6,F-30,26,3:49:21,59.13%
157,Ryan Pointer,"Monrovia, CA",714,3:49:16,8:45,M 25-29/13,M-26,131,3:49:23,54.49%
158,Sergey Lvov,"Sherman Oaks, CA",546,3:49:39,8:46,M 35-39/24,M-36,132,3:50:17,54.46%
159,Jeff Padilla,"Newport Beach, CA",675,3:49:41,8:46,M 60-64/6,M-61,133,3:51:47,67.36%
160,Miguel Martinez,"Santa Fe Springs, CA",568,3:49:50,8:46,M 40-44/23,M-43,134,3:50:20,57.10%
161,Paul Iorio,"San Bernardino, CA",1107,3:50:02,8:47,M 45-49/22,M-45,135,3:51:07,58.03%
162,Octavio Gutierrez,"Ontario, CA",343,3:50:05,8:47,M 35-39/25,M-36,136,3:56:03,54.35%
163,Chris Mamrot,"La Palma, CA",559,3:50:30,8:48,M 45-49/23,m-45,137,3:52:44,57.91%
164,Ricardo Ornelas,"San Dimas, CA",669,3:50:43,8:48,M 35-39/26,M-38,138,3:53:00,54.64%
165,Kirk Budds,"El Segundo, CA",114,3:50:44,8:48,M 45-49/24,M-48,139,3:51:47,59.38%
166,Sidney Shibata,"Rolling Hills Estates, CA",811,3:50:44,8:49,M 50-54/13,M-53,140,3:51:47,62.11%
167,Eric Benz,"Burbank, CA",75,3:51:27,8:50,M 45-49/25,M-48,141,3:52:25,59.20%
168,Nina Riha,"Wildomar, CA",1001,3:51:41,8:51,F 40-44/6,F-43,27,3:53:30,63.65%
169,Ronald Kim,"Valencia, CA",462,3:51:59,8:51,M 40-44/24,M-42,142,3:55:45,56.10%
170,Todor Trenkov,"Monrovia, CA",874,3:52:14,8:52,M 50-54/14,M-53,143,3:56:13,61.71%
171,Michel Maokhampio,"Los Angeles, CA",990,3:52:28,8:52,M 30-34/15,M-30,144,3:53:26,53.74%
172,Javier Sanchez,"Montclair, CA",1108,3:52:34,8:53,M 45-49/26,M-45,145,3:52:41,57.40%
173,Fonglong Chang,"Irvine, CA",977,3:52:59,8:54,M 50-54/15,M-50,146,3:53:10,59.87%
174,Brooke Perez,"Glendora, CA",705,3:53:06,8:54,M 25-29/14,M-29,147,3:53:25,53.59%
175,David Mathias,"Pasadena, CA",571,3:53:49,8:56,M 45-49/27,M-45,148,3:54:08,57.09%
176,James Patrick,"Pasadena, CA",692,3:53:55,8:56,M 45-49/28,M-45,149,3:55:34,57.07%
177,Wing Lo,"Arcadia, CA",1356,3:53:58,8:56,M 45-49/29,M-49,150,3:56:52,59.08%
178,Tony Tim,"Fontana, CA",1007,3:54:24,8:57,M 25-29/15,M-27,151,3:57:27,53.30%
179,Luis Dominguez,"Pasadena, CA",241,3:55:05,8:58,M 50-54/16,M-52,152,3:55:30,60.41%
180,Leonard Dimaculangan,"Pasadena, CA",236,3:55:15,8:59,M 30-34/16,M-32,153,3:55:46,53.10%
181,Kyle Levine,"Rancho Palos Verdes, CA",514,3:55:23,8:59,M 30-34/17,M-32,154,3:55:32,53.07%
182,Bruce Ha,"Alhambra, CA",349,3:56:08,9:01,M 35-39/27,M-35,155,3:57:21,52.90%
183,Eve Parsons,"Anaheim Hills, CA",691,3:56:09,9:01,F 40-44/7,F-41,28,3:56:55,61.03%
184,Sophia Goggins,"Anaheim Hills, CA",313,3:56:09,9:01,F 35-39/4,F-36,29,3:56:55,58.55%
185,Carlos Hernandez,"Monrovia, CA",367,3:56:26,9:02,M 45-49/30,M-46,156,3:56:38,56.95%
186,Bruce Blair,"Pasadena, CA",87,3:56:34,9:02,M 50-54/17,M-50,157,3:57:13,58.96%
187,Daniel Klaristenfeld,"Glendale, CA",470,3:57:01,9:03,M 35-39/28,M-37,158,3:58:02,52.92%
188,Josh Klaristenfeld,"Los Angeles, CA",471,3:57:03,9:03,M 25-29/16,M-25,159,3:58:04,52.70%
189,Miroslava Matsune,"West Covina, CA",573,3:57:13,9:03,F 35-39/5,F-38,30,4:03:30,59.10%
190,Rachelle Valdez,"Rancho Cucamonga, CA",890,3:57:30,9:04,F 50-54/3,F-51,31,4:03:28,68.61%
191,Nicholas Lopez,"Pasadena, CA",1040,3:57:31,9:04,M 25-29/17,M-25,160,4:02:06,52.60%
192,Andre Hughes,"Altadena, CA",399,3:57:46,9:05,M 45-49/31,M-46,161,3:58:57,56.63%
193,Cal Pflugrath,"Long Beach, CA",709,3:58:31,9:06,M 55-59/5,M-57,162,3:58:42,62.38%
194,Walter Mak,"Sacramento, CA",557,3:58:34,9:06,M 30-34/18,M-34,163,3:58:42,52.36%
195,Artemio Rodriguez,"Glendale, CA",754,3:58:48,9:07,M 30-34/19,M-33,164,3:59:20,52.31%
196,David Tokaji,"Pasadena, CA",862,3:58:54,9:07,M 40-44/25,M-41,165,3:59:11,54.03%
197,Neil Quach,"Calabasas, CA",718,3:58:57,9:07,M 35-39/29,M-37,166,3:59:09,52.49%
198,Jay Grobeson,"Sherman Oaks, CA",333,3:58:59,9:07,M 50-54/18,M-50,167,3:59:24,58.36%
199,Jet Aguilar III,"Sunland, CA",975,3:59:01,9:07,M 35-39/30,M-38,168,3:59:04,52.74%
200,Javier Rodriguez,"Los Angeles, CA",757,3:59:12,9:08,M 60-64/7,M-62,169,4:04:49,65.33%
201,Matt Neuenburg,"Pasadena, CA",632,3:59:15,9:08,M 35-39/31,M-39,170,4:01:04,53.07%
202,Cameron Kim,"Pasadena, CA",458,3:59:25,9:08,M 35-39/32,M-37,171,4:00:43,52.39%
203,Jarel Roxas,"Rancho Cucamonga, CA",769,3:59:27,9:08,M 18-19/5,M-19,172,4:03:53,53.48%
204,Miguel Zambrano,"La, CA",1012,3:59:28,9:08,M 35-39/33,M-36,173,3:59:32,52.22%
205,Andrew Venardi,"Simi Valley, CA",901,3:59:32,9:09,M 20-24/7,M-22,174,4:04:59,52.18%
206,Guy Favatella,"La Verne, CA",1061,3:59:33,9:09,M 50-54/19,M-53,175,4:01:53,59.82%
207,Michael Whatley,"Diamond Bar, CA",1010,3:59:36,9:09,M 35-39/34,M-39,176,4:01:54,52.99%
208,Yoon Kwan,"Tujunga, CA",490,3:59:44,9:09,M 55-59/6,M-58,177,4:00:36,62.66%
209,Ted Liston,"Tujunga, CA",520,3:59:47,9:09,M 50-54/20,M-53,178,4:01:49,59.77%
210,Scott Sorgent,"Glendale, CA",829,4:00:01,9:10,M 35-39/35,M-38,179,4:01:29,52.52%
211,Marco Navarrete,"Los Angeles, CA",630,4:00:34,9:11,M 35-39/36,M-39,180,4:02:18,52.77%
212,Oscar Zamora,"Hacienda Heights, CA",967,4:00:44,9:11,M 30-34/20,M-32,181,4:02:16,51.89%
213,Matthew Ehret,"Oxnard, CA",250,4:01:09,9:12,M 30-34/21,M-34,182,4:01:24,51.80%
214,Dominik Dittrich,"Van Nuys, CA",239,4:01:13,9:12,M 35-39/37,M-36,183,4:04:42,51.84%
215,Sangho Seo,"Los Angeles, CA",804,4:01:36,9:13,M 50-54/21,M-50,184,4:02:29,57.73%
216,Victor Poblete,"North Hills, CA",1099,4:02:00,9:14,M 55-59/7,M-55,185,4:02:52,60.33%
217,Berith Velasquez,"San Fernando, CA",899,4:02:05,9:14,F 55-59/1,F-56,32,4:02:07,72.03%
218,Frank Oviedo,"Wildomar, CA",1048,4:02:20,9:15,M 40-44/26,M-40,186,4:02:56,52.82%
219,Kyle Rizzo,"Redlands, CA",748,4:02:30,9:15,M 20-24/8,M-24,187,4:03:12,51.52%
220,Jason Sung,"Rosemead, CA",845,4:02:31,9:15,M 30-34/22,M-32,188,4:02:53,51.51%
221,Tamera Brown,"Pasadena, CA",110,4:02:49,9:16,F 40-44/8,F-44,33,4:06:30,61.46%
222,Stacy Grinsfelder,"Three Rivers, CA",332,4:02:57,9:16,F 35-39/6,F-38,34,4:04:48,57.70%
223,Craig Rothwell,"Fontana, CA",765,4:03:34,9:18,M 35-39/38,M-35,189,4:05:07,51.29%
224,Cimitrio Cervantes,"Mission Hills, CA",151,4:03:42,9:18,M 40-44/27,M-43,190,4:05:53,53.85%
225,Javier Gonzalez,"Tujunga, CA",321,4:04:06,9:19,M 40-44/28,M-44,191,4:09:35,54.22%
226,Lawrence Gregge Sr,"Moreno Valley, CA",328,4:04:14,9:19,M 55-59/8,M-55,192,4:07:12,59.78%
227,Elizabeth Wood,"Pasadena, CA",941,4:04:40,9:20,F 25-29/4,F-29,35,4:05:36,55.35%
228,Christopher Basulto,"Montebello, CA",67,4:04:54,9:21,M 25-29/18,M-25,193,4:08:30,51.01%
229,Sara Romero,"Playa Del Rey, CA",763,4:05:31,9:22,F 35-39/7,F-36,36,4:06:32,56.31%
230,Charlie Itchko,"San Diego, CA",409,4:05:38,9:23,M 55-59/9,M-56,194,4:05:52,60.01%
231,Felix De Castro,"North Hollywood, CA",212,4:05:47,9:23,M 40-44/29,M-41,195,4:06:04,52.52%
232,Kevin Chon,"Cerritos, CA",978,4:05:53,9:23,Unknown/5,M-15,196,4:06:06,55.52%
233,Min Ku,"Oroville, CA",485,4:06:24,9:24,M 35-39/39,M-35,197,4:09:45,50.70%
234,Larry Wong,"Huntington Beach, CA",939,4:06:29,9:25,M 50-54/22,M-54,198,4:06:54,58.68%
235,Kosuke Ueyama,"Burbank, CA",884,4:06:31,9:25,M 35-39/40,M-35,199,4:09:59,50.68%
236,Vic Birtalan,"Goleta, CA",85,4:06:51,9:25,M 65-69/1,M-68,200,4:07:24,67.35%
237,Marc Johnson,"Costa Mesa, CA",427,4:06:54,9:26,M 30-34/23,M-31,201,4:09:56,50.60%
238,Geoffrey Palenik,"San Marino, CA",681,4:06:55,9:26,M 40-44/30,M-40,202,4:07:07,51.84%
239,Lora Tang,"Riverside, CA",852,4:06:58,9:26,F 40-44/9,F-44,37,4:18:13,60.43%
240,Osbaldo Reyes,"Pasadena, CA",735,4:07:28,9:27,M 30-34/24,M-34,203,4:09:00,50.48%
241,Hector Hernandez,"Fair Oaks Ranch, CA",369,4:07:40,9:27,M 50-54/23,M-52,204,4:08:06,57.34%
242,Robert Witoff,"Pasadena, CA",934,4:07:45,9:27,M 20-24/9,M-24,205,4:11:02,50.42%
243,Richard Meller,"Manhattan Beach, CA",1043,4:08:01,9:28,M 45-49/32,M-48,206,4:08:15,55.24%
244,Katie Cross,"Reseda, CA",203,4:08:11,9:28,F 25-29/5,F-28,38,4:08:52,54.57%
245,Andrew Cho,"Colton, CA",164,4:08:31,9:29,M 65-69/2,M-68,207,4:08:57,66.90%
246,David Blazek,"Pasadena, CA",88,4:08:41,9:30,M 40-44/31,M-41,208,4:11:24,51.90%
247,Marisa Gonzalez,"Rosemead, CA",1070,4:08:46,9:30,F 30-34/7,F-32,39,4:11:03,54.65%
248,Damir Omic,"Glendale, CA",665,4:09:10,9:31,M 20-24/10,M-22,209,4:10:39,50.16%
249,Arthur Fitzmaurice,"Los Angeles, CA",274,4:09:18,9:31,M 30-34/25,M-30,210,4:10:13,50.11%
250,Andrew Keys,"Rancho Cucamonga, CA",1036,4:09:31,9:31,Unknown/6,M-15,211,4:16:14,54.71%
251,Steve Lathrop,"San Diego, CA",499,4:09:34,9:32,M 35-39/41,M-36,212,4:09:43,50.11%
252,Yuka Yamauchi,"Los Angeles, CA",949,4:09:39,9:32,F 40-44/10,F-41,40,4:10:46,57.73%
253,Natalie Wielenga,"Altadena, CA",926,4:09:42,9:32,F 35-39/8,F-39,41,4:10:00,56.61%
254,Andres Luevano,"Irvine, CA",540,4:09:47,9:32,M 25-29/19,M-29,213,4:10:02,50.01%
255,Joyce Carey,"La Canada, CA",134,4:09:55,9:32,F 40-44/11,F-40,42,4:11:02,57.08%
256,Christee Wyre,"Valencia, CA",1011,4:09:55,9:32,F 35-39/9,F-37,43,4:10:55,55.68%
257,Christine Smith,"La Canada, CA",1054,4:09:55,9:32,F 40-44/12,F-40,44,4:11:02,57.08%
258,Alison Harrigan,"Vail, CO",358,4:09:58,9:33,F 20-24/1,F-22,45,4:11:25,54.18%
259,Michael Caputo,"Simi Valley, CA",132,4:10:01,9:33,M 45-49/33,M-45,214,4:15:31,53.39%
260,Eva Kotylak,"Los Angeles, CA",480,4:10:06,9:33,F 30-34/8,F-33,46,4:10:20,54.52%
261,Alfredo Reina,"Long Beach, CA",730,4:10:31,9:34,M 50-54/24,M-53,215,4:11:13,57.21%
262,B Yu,"South Pasadena, CA",960,4:10:33,9:34,M 50-54/25,M-52,216,4:15:28,56.68%
263,Armen Anassian,"Burbank, CA",37,4:10:40,9:34,M 45-49/34,M-47,217,4:11:13,54.19%
264,Eddie Brown,"Los Angeles, CA",108,4:10:40,9:34,M 45-49/35,M-49,218,4:10:59,55.14%
265,Sean Demoss,"South San Francisco, CA",227,4:10:51,9:35,M 25-29/20,M-27,219,4:13:11,49.80%
266,Jerrold Spector,"San Clemente, CA",1112,4:10:52,9:35,M 40-44/32,M-44,220,4:35:15,52.75%
267,Luis Jimenez,"Whittier, CA",425,4:11:03,9:35,M 40-44/33,M-40,221,4:12:22,50.99%
268,Ryan Cavinder,"Orange, CA",149,4:11:14,9:35,M 25-29/21,M-25,222,4:12:01,49.72%
269,Melvin Sandvig,"Agoura Hills, CA",1079,4:11:30,9:36,M 65-69/3,M-65,223,4:11:35,64.06%
270,Jason Puerto,"Santa Monica, CA",1141,4:11:30,9:36,M 35-39/42,M-39,224,4:17:16,50.48%
271,Donald Sevesind,"Covina, CA",805,4:12:03,9:37,M 35-39/43,M-36,225,4:13:05,49.62%
272,Megan Lurie,"San Diego, CA",1041,4:12:04,9:37,F 25-29/6,F-28,47,4:14:45,53.73%
273,Nancy Ng,"Chicago, IL",636,4:12:20,9:38,F 35-39/10,F-39,48,4:13:20,56.01%
274,Thomas Dugan,"Newport Beach, CA",1069,4:12:26,9:38,M 45-49/36,M-49,226,4:13:28,54.76%
275,Brian Kwan,"Alhambra, CA",489,4:12:28,9:38,Unknown/7,M-17,227,4:13:56,52.22%
276,Nicol Tushla,"La Habra, CA",882,4:12:52,9:39,F 40-44/13,F-42,49,4:14:14,57.64%
277,Jeffrey Chang,"South Pasadena, CA",154,4:13:00,9:39,M 25-29/22,M-28,228,4:13:09,49.38%
278,Takashi Kozu,"Rancho Palos Verdes, CA",482,4:13:08,9:40,M 40-44/34,M-44,229,4:14:36,52.28%
279,Sayoko Fujii,"Pasadena, CA",290,4:13:11,9:40,F 50-54/4,F-52,50,4:13:49,65.21%
280,Lilly Hernandez,"Burbank, CA",370,4:13:12,9:40,F 30-34/9,F-31,51,4:19:23,53.58%
281,Anthony Shapiro,"Alpharetta, GA",808,4:13:15,9:40,M 45-49/37,M-45,230,4:16:48,52.71%
282,Arthur Mirasol,"North Las Vegas, NV",603,4:13:41,9:41,M 35-39/44,M-38,231,4:19:16,49.69%
283,Anthony Guzman,"Los Angeles, CA",1078,4:13:49,9:41,M 30-34/26,M-33,232,4:14:53,49.22%
284,Mark Bradshaw,"Pasadena, CA",100,4:14:07,9:42,M 30-34/27,M-30,233,4:15:55,49.16%
285,Daniel Uribe,"Pasadena, CA",888,4:14:25,9:43,M 60-64/8,M-63,234,4:14:27,62.03%
286,Peter Maccini,"Studio City, CA",551,4:14:33,9:43,M 50-54/26,M-51,235,4:15:04,55.28%
287,Yeghig Keshishian,"Hacienda Heights, CA",451,4:14:36,9:43,M 25-29/23,M-28,236,4:15:10,49.07%
288,Daniel Chavez,"Whittier, CA",1088,4:14:41,9:43,M 35-39/45,M-37,237,4:18:45,49.25%
289,Kevin Mora,"Riverside, CA",616,4:15:03,9:44,M 20-24/11,M-23,238,4:17:23,48.98%
290,Michael Royer,"Pasadena, CA",1353,4:15:05,9:44,M 45-49/38,M-46,239,4:18:47,52.78%
291,Martin Selander,"Long Beach, CA",803,4:15:19,9:45,M 45-49/39,M-45,240,4:23:25,52.28%
292,James Sohn,"Pasadena, CA",826,4:15:35,9:45,M 40-44/35,M-44,241,4:15:46,51.78%
293,Philip Callahan,"Pasadena, CA",127,4:16:11,9:47,M 60-64/9,M-63,242,4:18:37,61.61%
294,Isaias Castaneda,"Los Angeles, CA",144,4:16:29,9:47,M 20-24/12,M-22,243,4:19:20,48.73%
295,Jayani Wynands,"Thousand Oaks, CA",1359,4:16:31,9:48,F 35-39/11,F-35,52,4:16:49,53.61%
296,Dale Martinez,"Palmdale, CA",992,4:16:37,9:48,M 45-49/40,M-45,244,4:17:08,52.02%
297,Yusuke Noda,"Houston, TX",644,4:16:39,9:48,M 40-44/36,M-40,245,4:17:51,49.88%
298,Tin Tse,"Alhambra, CA",878,4:16:43,9:48,M 40-44/37,M-43,246,4:20:10,51.12%
299,Benjamin Shin,"North Hollywood, CA",813,4:16:50,9:48,M 55-59/10,M-57,247,4:16:57,57.93%
300,Jesus Sainz,"Pacoima, CA",781,4:16:52,9:48,M 60-64/10,M-60,248,4:18:07,59.64%
301,Amanda Yoshioka-Maxwell,"Arcadia, CA",959,4:17:02,9:49,F 25-29/7,F-28,53,4:17:33,52.69%
302,Jong Ko,"Moreno Valley, CA",473,4:17:14,9:49,M 60-64/11,M-61,249,4:17:41,60.14%
303,Carlos Mayor,"Riverside, CA",576,4:17:15,9:49,M 40-44/38,M-44,250,4:20:37,51.44%
304,Keith Pape,"Arcadia, CA",686,4:17:20,9:49,M 40-44/39,M-42,251,4:20:43,50.57%
305,Max Schaefers,"Los Angeles, CA",795,4:17:28,9:50,M 45-49/41,M-45,252,4:20:13,51.85%
306,Humberto Salcido,"Hacienda Heights, CA",782,4:17:50,9:51,M 55-59/11,M-56,253,4:20:40,57.17%
307,David Digiuseppe,"Alta Loma, CA",235,4:17:53,9:51,M 55-59/12,M-55,254,4:18:15,56.62%
308,John Yen,"Pasadena, CA",952,4:17:59,9:51,M 40-44/40,M-40,255,4:21:25,49.62%
309,Jeff Nuzzi,"Pasadena, CA",651,4:18:07,9:51,M 45-49/42,M-47,256,4:20:32,52.62%
310,Rubencio Quintana Md,"Los Angeles, CA",720,4:18:17,9:52,M 45-49/43,M-45,257,4:18:44,51.68%
311,Alejandro Navarrete,"Los Angeles, CA",629,4:18:39,9:52,M 40-44/41,M-40,258,4:20:22,49.49%
312,Carlos Espinoza,"Los Angeles, CA",1082,4:18:43,9:53,M 30-34/28,M-34,259,4:21:07,48.29%
313,Alexander Chin,"Rancho Palos Verdes, CA",162,4:18:46,9:53,M 40-44/42,M-43,260,4:21:01,50.72%
314,Susan Kang,"Los Angeles, CA",443,4:18:51,9:53,F 55-59/2,F-56,54,4:20:39,67.37%
315,Paul Lemahieu,"Pasadena, CA",512,4:19:16,9:54,M 40-44/43,M-40,261,4:21:18,49.37%
316,Mariano Orlando,"San Marcos, CA",667,4:19:16,9:54,M 60-64/12,M-61,262,4:22:13,59.67%
317,Ronald Kageyama,"Los Angeles, CA",440,4:19:22,9:54,M 45-49/44,M-48,263,4:21:05,52.82%
318,Norman Suguitan,"San Diego, CA",843,4:19:23,9:54,M 45-49/45,M-46,264,4:23:27,51.91%
319,Bradford Kolb Md,"La Canada, CA",477,4:19:33,9:54,M 45-49/46,M-46,265,4:20:03,51.88%
320,Matthew Schubert,"Huntington Beach, CA",799,4:19:36,9:55,M 25-29/24,M-26,266,4:25:07,48.12%
321,Benjie Castro,"Los Angeles, CA",145,4:19:43,9:55,M 40-44/44,M-42,267,4:20:58,50.11%
322,Danny Lu,"Pasadena, CA",536,4:19:45,9:55,M 25-29/25,M-29,268,4:23:50,48.09%
323,George Mendoza,"Montebello, CA",1044,4:19:54,9:55,M 60-64/13,M-60,269,4:20:26,58.94%
324,Sa Il Hong,"Los Angeles, CA",388,4:20:15,9:56,M 70-74/1,M-73,270,4:21:06,67.70%
325,Michael Cohen,"San Diego, CA",181,4:20:19,9:56,M 35-39/46,M-35,271,4:21:07,47.99%
326,Kyle Yip,"Alhambra, CA",956,4:20:19,9:56,M 20-24/13,M-22,272,4:22:11,48.02%
327,Richard Nares,"San Diego, CA",628,4:20:20,9:56,M 55-59/13,M-57,273,4:21:08,57.15%
328,Tony Y,"Pasadena, CA",947,4:20:23,9:56,M 35-39/47,M-39,274,4:21:26,48.76%
329,Matthew Monge,"Altadena, CA",610,4:20:54,9:58,Unknown/8,M-16,275,4:25:49,51.35%
330,Min S Chae,"Buena Park, CA",152,4:20:59,9:58,M 55-59/14,M-55,276,4:22:15,55.95%
331,Kraig Golden,"La Habra, CA",316,4:21:03,9:58,M 45-49/47,M-45,277,4:22:19,51.14%
332,Wayne Bass,"Sunland, CA",65,4:21:04,9:58,M 35-39/48,M-37,278,4:26:34,48.04%
333,Lorraine Connally,"Altadena, CA",183,4:21:19,9:58,F 45-49/5,F-48,55,4:24:05,59.99%
334,Lou Gonzalez,"Pasadena, CA",322,4:21:41,9:59,M 45-49/48,M-48,279,4:25:18,52.36%
335,Clifford Yut,"The Woodlands, TX",964,4:21:43,9:59,M 40-44/45,M-41,280,4:23:13,49.32%
336,Vladimir Lugo,"Rancho Cucamonga, CA",542,4:21:47,10:00,M 40-44/46,M-43,281,4:27:29,50.13%
337,Georgette Rodarte,"Alhambra, CA",751,4:21:49,10:00,F 40-44/14,F-41,56,4:23:41,55.05%
338,Andrea Kooiman,"Mission Viejo, CA",35,4:21:56,10:00,F 35-39/12,F-36,57,4:23:57,52.78%
339,Tadanori Yamauchi,"Los Angeles, CA",948,4:22:00,10:00,M 40-44/47,M-42,282,4:23:08,49.67%
340,Pearse Fee,"Glendale, CA",265,4:22:11,10:00,M 35-39/49,M-37,283,4:24:57,47.84%
341,Alison Kenney,"Woodland Hills, CA",450,4:22:14,10:01,F 40-44/15,F-40,58,4:27:27,54.40%
342,Dylan Hallman,"San Diego, CA",352,4:22:18,10:01,M 20-24/14,M-22,284,4:24:23,47.65%
343,Binh Luu,"Arcadia, CA",545,4:22:31,10:01,M 40-44/48,M-41,285,4:23:01,49.17%
344,Michelle Speers,"South Pasadena, CA",833,4:22:45,10:02,F 45-49/6,F-46,59,4:25:02,58.20%
345,Aaron Ahlburn,"Playa Vista, CA",20,4:23:05,10:03,M 35-39/50,M-36,286,4:23:20,47.54%
346,Sergio Casillas,"Los Angeles, CA",142,4:23:08,10:03,M 45-49/49,M-45,287,4:23:40,50.73%
347,Myung Kim,"Los Angeles, CA",1117,4:23:14,10:03,M 65-69/4,M-68,288,4:23:51,63.16%
348,Adan Juarez,"Riverside, CA",436,4:23:16,10:03,M 40-44/49,M-41,289,4:26:35,49.03%
349,Salvador Almeida,"El Paso, TX",32,4:23:25,10:03,M 50-54/27,M-54,290,4:26:42,54.91%
350,Carilyn Johnson,"El Paso, TX",1033,4:23:25,10:03,F 40-44/16,F-43,60,4:26:42,55.99%
351,Alejandro Juarez,"Riverside, CA",437,4:23:33,10:04,M 45-49/50,M-45,291,4:26:52,50.65%
352,Raymond Morales,"Pasadena, CA",618,4:23:33,10:04,M 40-44/50,M-40,292,4:29:22,48.57%
353,Hector Dingle,"Etiwanda, CA",237,4:23:35,10:04,M 35-39/51,M-38,293,4:28:01,47.82%
354,Jon Dunham,"Pasadena, CA",1102,4:23:57,10:05,M 30-34/29,M-33,294,4:24:21,47.33%
355,Ray Hernandez,"Burbank, CA",372,4:24:00,10:05,M 30-34/30,M-32,295,4:30:11,47.32%
356,Joseph Lyvers,"Altadena, CA",550,4:24:16,10:05,M 60-64/14,M-62,296,4:24:40,59.13%
357,Jennifer Magallon,"San Fernando, CA",555,4:24:19,10:05,F 20-24/2,F-24,61,4:41:43,51.24%
358,Latrease Daniels,"Los Angeles, CA",1022,4:24:31,10:06,F 35-39/13,F-38,62,4:24:34,53.00%
359,Charlie Avis,"Pasadena, CA",51,4:24:41,10:06,M 60-64/15,M-60,297,4:25:09,57.88%
360,Sam Reynolds,"El Segundo, CA",737,4:24:49,10:07,M 50-54/28,M-52,298,4:26:40,53.63%
361,Luke Dahl,"Altadena, CA",205,4:25:07,10:07,M 35-39/52,M-37,299,4:25:52,47.31%
362,Lidia Belay,"Altadena, CA",71,4:25:09,10:07,F 40-44/17,F-43,63,4:25:14,55.62%
363,Steven Reti,"Santa Clarita, CA",1128,4:25:11,10:07,M 45-49/51,M-47,300,4:26:44,51.22%
364,Edward Mariscal,"Highland, CA",564,4:25:26,10:08,M 35-39/53,M-38,301,4:25:43,47.49%
365,Douglas Dezzani,"Los Angeles, CA",981,4:25:38,10:08,M 35-39/54,M-36,302,4:29:01,47.08%
366,Claude Eshaya,"Reseda, CA",1085,4:25:47,10:09,M 40-44/51,M-41,303,4:25:52,48.56%
367,Matt Harbicht,"Los Angeles, CA",356,4:25:49,10:09,M 30-34/31,M-33,304,4:28:44,47.00%
368,Jose Cardona,"Van Nuys, CA",133,4:25:53,10:09,M 18-19/6,M-18,305,4:27:14,48.87%
369,Pa Der Vang,"Redlands, CA",894,4:25:57,10:09,F 35-39/14,F-35,64,4:32:23,51.70%
370,Rick Adams,"Irvine, CA",16,4:26:00,10:09,M 50-54/29,M-53,306,4:26:52,53.88%
371,James Sintef,"Sunland, CA",820,4:26:14,10:10,M 45-49/52,M-49,307,4:28:03,51.92%
372,Allison Palilla,"Burbank, CA",682,4:26:25,10:10,F 20-24/3,F-24,65,4:27:23,50.83%
373,Mark Corsi,"Pasadena, CA",191,4:26:33,10:10,M 40-44/52,M-40,308,4:27:05,48.02%
374,John Killen,"Pasadena, CA",456,4:26:38,10:11,M 35-39/55,M-36,309,4:26:44,46.90%
375,Thomas Horon,"Anaheim Hills, CA",389,4:26:40,10:11,M 45-49/53,M-47,310,4:32:16,50.93%
376,Jin Taik Chung,"Los Angeles, CA",174,4:26:45,10:11,M 60-64/16,M-64,311,4:32:43,59.77%
377,Jayhuan Yeon,"La Crescenta, CA",953,4:26:46,10:11,M 50-54/30,M-51,312,4:27:38,52.75%
378,Alan Mullen,"Pasadena, CA",624,4:26:46,10:11,M 45-49/54,M-48,313,4:27:23,51.36%
379,Gabriel Yanez,"Valley Center, CA",951,4:26:58,10:11,M 35-39/56,M-35,314,4:30:38,46.79%
380,Martha Bromfield,"Pasadena, CA",106,4:27:23,10:12,F 20-24/4,F-24,66,4:28:03,50.65%
381,Gabrielle Chipot,"Monrovia, CA",163,4:27:23,10:12,F 20-24/5,F-22,67,4:28:03,50.65%
382,Richard Seymour,"Ft Irwin, CA",806,4:27:24,10:12,M 45-49/55,M-45,315,4:28:30,49.92%
383,Stacey Carr,"Los Angeles, CA",137,4:27:30,10:13,F 25-29/8,F-29,68,4:30:35,50.63%
384,Chi Jun Ku,"Oroville, CA",484,4:27:34,10:13,M 65-69/5,M-66,316,4:30:54,60.84%
385,Andrew Calasanz,"Anaheim, CA",125,4:28:05,10:14,M 40-44/53,M-40,317,4:31:46,47.75%
386,Andrea Zavala,"Riverside, CA",969,4:28:07,10:14,F 40-44/18,F-42,69,4:30:27,54.36%
387,Rory Sandoval,"Buena Park, CA",787,4:28:10,10:14,M 50-54/31,M-51,318,4:31:06,52.48%
388,Carlos Rivas,"Glendale, CA",744,4:28:17,10:14,M 30-34/32,M-32,319,4:28:42,46.56%
389,Gracie Ramos,"Covina, CA",725,4:28:28,10:15,F 40-44/19,F-42,70,4:30:25,54.29%
390,Chung Lee,"Fullerton, CA",503,4:29:09,10:16,M 35-39/57,M-38,320,4:31:28,46.84%
391,Jorge Rodriguez,"Whittier, CA",758,4:29:14,10:17,M 40-44/54,M-44,321,4:31:54,49.15%
392,Delfino Rodriguez,"Los Angeles, CA",755,4:29:14,10:17,M 60-64/17,M-64,322,4:29:18,59.22%
393,Albert Ornelas,"Los  Angeles, CA",668,4:29:20,10:17,M 45-49/56,M-46,323,4:30:31,49.99%
394,Jose Bermudez,"Fontana, CA",78,4:29:26,10:17,M 45-49/57,M-49,324,4:30:08,51.30%
395,Gerardo Sarmiento,"Pasadena, CA",1135,4:29:28,10:17,M 25-29/26,M-27,325,4:32:45,46.36%
396,Aubrey Moreau,"Twentynine Palms, CA",619,4:29:43,10:18,M 30-34/33,M-30,326,4:30:33,46.32%
397,Marilyn Zbacnik,"Sylmar, CA",971,4:29:48,10:18,F 35-39/15,F-35,71,4:30:32,50.97%
398,Brett Johnston,"South Pasadena, CA",429,4:30:12,10:19,M 30-34/34,M-32,327,4:44:27,46.23%
399,Antonio Cabalero,"Corona, CA",121,4:30:21,10:19,M 25-29/27,M-29,328,4:34:19,46.21%
400,April Caballero,"Corona, CA",122,4:30:21,10:19,F 25-29/9,F-27,72,4:34:19,50.09%
501,Collin Mitchell,"Alta Dena, CA",605,4:48:55,11:02,M 30-34/47,M-30,395,4:59:44,43.24%
502,Blaise Kim,"Pasadena, CA",457,4:49:10,11:02,F 40-44/32,F-42,107,4:53:36,50.40%
503,Satiro De Oliveira,"Los Angeles, CA",218,4:49:25,11:03,M 35-39/65,M-39,396,4:49:49,43.87%
504,Kristen Farley,"Pasadena, CA",263,4:49:40,11:03,F 45-49/11,F-49,108,4:51:52,54.81%
505,Raul Santana,"La Puente, CA",791,4:49:51,11:04,M 60-64/22,M-60,397,4:52:39,52.85%
506,Mark Soriano,"Temple City, CA",1055,4:50:19,11:05,M 40-44/62,M-40,398,4:52:03,44.09%
507,Frank Sosa,"Alhambra, CA",830,4:50:28,11:05,M 55-59/19,M-55,399,4:51:10,50.27%
508,Heather Osborn,"Los Angeles, CA",671,4:50:29,11:05,F 35-39/19,F-37,109,4:55:20,47.91%
509,Melanie Hurst,"Bakersfield, CA",402,4:50:37,11:06,F 20-24/7,F-24,110,4:50:57,46.60%
510,Doug Lam,"Monrovia, CA",494,4:51:26,11:07,M 35-39/66,M-37,400,4:53:27,43.04%
511,Tibor Olah,"Burbank, CA",662,4:51:32,11:08,M 40-44/63,M-44,401,4:51:41,45.39%
512,Hyun Choi,"Lomita, CA",167,4:51:43,11:08,M 55-59/20,M-57,402,4:52:12,51.01%
513,John Allen,"Pasadena, CA",31,4:51:46,11:08,M 45-49/67,M-47,403,4:54:49,46.55%
514,Carlos Torres,"Los Angeles, CA",1138,4:51:51,11:08,M 30-34/48,M-32,404,4:51:51,42.80%
515,Brian Tomita,"Los Angeles, CA",1361,4:51:52,11:08,M 35-39/67,M-37,405,4:56:14,42.97%
516,David Vancouvering,"Lakewood, CA",893,4:51:57,11:09,M 25-29/34,M-28,406,4:52:33,42.79%
517,John Breding,"Encinitas, CA",101,4:52:05,11:09,M 45-49/68,M-47,407,4:52:37,46.50%
518,Elizabeth Kim,"Lawrence, KS",460,4:52:07,11:09,F 35-39/20,F-39,111,4:56:45,48.39%
519,Richelle Leveque,"Egg Harbor Township, NJ",1137,4:52:15,11:09,F 25-29/15,F-28,112,4:55:48,46.34%
520,Maximiliano Saldana,"Pasadena, CA",783,4:52:17,11:09,M 45-49/69,M-45,408,4:55:43,45.67%
521,Kang Lee,"South Lake Tahoe, CA",507,4:52:19,11:09,M 55-59/21,M-58,409,4:52:39,51.39%
522,Arturo Mata,"Duarte, CA",570,4:52:20,11:09,M 55-59/22,M-55,410,4:56:02,49.95%
523,Patrick Hachee,"Loma Linda, CA",350,4:52:25,11:10,M 35-39/68,M-35,411,4:54:39,42.72%
524,David Green,"Loma Linda, CA",326,4:52:25,11:10,M 30-34/49,M-31,412,4:54:39,42.72%
525,Sarah Bradshaw,"Los Angeles, CA",1136,4:52:29,11:10,F 45-49/12,F-46,113,4:54:28,52.29%
526,Dannielle Ivey,"Redlands, CA",410,4:52:37,11:10,F 30-34/17,F-32,114,4:52:51,46.46%
527,Mark Cowdin,"La Canada, CA",196,4:52:42,11:10,M 45-49/70,M-45,413,4:57:18,45.61%
528,Dina Aman,"Van Vuys, CA",1364,4:52:45,11:10,F 35-39/21,F-39,115,4:55:33,48.28%
529,Nellie Rios-Parra,"Los Angeles, CA",743,4:52:50,11:11,F 40-44/33,F-44,116,4:57:35,50.96%
530,Luis Campos,"Los Angeles, CA",131,4:53:46,11:13,M 45-49/71,M-49,414,4:57:32,47.05%
531,Babatunde Ghanni,"Surprise, AZ",1118,4:53:51,11:13,M 35-39/69,M-37,415,4:57:35,42.68%
532,Thomas Boomer,"Pasadena, CA",1140,4:53:54,11:13,M 65-69/7,M-68,416,4:54:17,56.57%
533,Philo Short,"Monterey, CA",1006,4:54:02,11:13,M 70-74/3,M-72,417,4:54:14,59.13%
534,Jerry Knox,"Chino Hills, CA",1145,4:54:08,11:14,M 40-44/64,M-41,418,5:00:02,43.88%
535,Georgia Brown,"Sunland, CA",109,4:54:12,11:14,F 45-49/13,F-47,117,4:57:49,52.63%
536,Joe Cordova,"La Puente, CA",187,4:54:27,11:14,M 60-64/23,M-62,419,4:55:58,53.07%
537,Francesca Tibbs,"Burbank, CA",859,4:54:27,11:14,F 55-59/3,F-57,118,4:54:35,60.06%
538,Joellyn Weingourt,"Los Angeles, NY",919,4:54:35,11:15,F 35-39/22,F-35,119,4:56:30,46.68%
539,Brian Fleenor,"Long Beach, CA",1026,4:54:39,11:15,M 35-39/70,M-35,420,4:59:41,42.40%
540,Kevin Tran,"Reseda, CA",872,4:55:11,11:16,M 40-44/65,M-41,421,5:00:41,43.73%
541,Rigoberto Martinez,"Burbank, CA",569,4:55:44,11:17,M 20-24/15,M-21,422,4:56:53,42.43%
542,Michael Pajaro,"Glendale, CA",680,4:55:46,11:17,M 40-44/66,M-42,423,4:56:27,44.00%
543,Keith Crasnick,"Sunland, CA",198,4:55:47,11:17,M 55-59/23,M-55,424,4:59:58,49.36%
544,John Nowak,"Cypress, CA",1071,4:55:53,11:18,M 45-49/72,M-47,425,4:57:25,45.90%
545,Jhoseph Gim,"Colton, CA",309,4:56:06,11:18,M 50-54/43,M-52,426,4:56:35,47.96%
546,Atsuki Inoue,"Valley Village, CA",408,4:56:31,11:19,M 30-34/50,M-31,427,5:01:29,42.13%
547,Jason Lee,"Irvine, CA",505,4:56:35,11:19,M 45-49/73,M-48,428,4:58:33,46.20%
548,Errico Bachicha,"Alameda, CA",54,4:57:05,11:20,M 30-34/51,M-34,429,4:58:55,42.05%
549,Gary Benson,"Placentia, CA",74,4:57:11,11:21,M 55-59/24,M-55,430,5:01:07,49.13%
550,Susan Plul,"Winnetka, CA",713,4:57:31,11:21,F 45-49/14,F-48,120,4:58:28,52.69%
551,Greg Shiff,"Sherman Oaks, CA",812,4:57:53,11:22,M 40-44/67,M-42,431,5:00:49,43.69%
552,Emi Kotani,"San Diego, CA",989,4:57:59,11:22,F 30-34/18,F-30,121,5:00:21,45.46%
553,David Eddy,"Irvine, CA",982,4:57:59,11:22,M 40-44/68,M-42,432,5:00:21,43.67%
554,Juan Santos,"No Hollywood, CA",3574,4:58:04,11:23,M 35-39/71,M-35,433,5:00:12,41.91%
555,Nhi Ngo,"Pasadena, CA",638,4:58:29,11:24,F 35-39/23,F-39,122,5:02:39,47.35%
556,Keng Hong Ho,"Los Angeles, CA",1032,4:58:38,11:24,M 30-34/52,M-34,434,5:02:33,41.83%
557,Reyna Akers,"Long Beach, CA",23,4:58:51,11:24,F 30-34/19,F-32,123,5:01:55,45.49%
558,Judi Miller,"Canyon Country, CA",599,4:59:33,11:26,F 45-49/15,F-45,124,5:03:39,50.43%
559,Carlo Nejal,"Duarte, CA",1104,4:59:54,11:27,M 20-24/16,M-24,435,5:19:55,41.66%
560,Jesse Macias,"Visalia, CA",552,4:59:56,11:27,M 50-54/44,M-52,436,5:00:12,47.35%
561,Raul Herrera Jr,"Rancho Cucamonga, CA",374,5:00:13,11:27,M 50-54/45,M-50,437,5:00:31,46.46%
562,Fon Wong,"Pasadena, CA",938,5:00:47,11:29,M 45-49/74,M-49,438,5:01:42,45.95%
563,Alan Guevara,"San Ysidro, CA",337,5:00:59,11:29,M 20-24/17,M-23,439,5:04:38,41.51%
564,Judith Silverman,"Pasadena, CA",816,5:01:04,11:29,F 40-44/34,F-42,125,5:03:04,48.41%
565,Charlie Alewine,"Diamond Bar, CA",29,5:01:06,11:30,M 65-69/8,M-65,440,5:01:27,53.51%
566,Melissa Gallagher,"Corona, CA",295,5:01:33,11:31,F 40-44/35,F-42,126,5:01:54,48.33%
567,Matthew Dickerson,"Elk Grove, CA",233,5:01:55,11:31,M 30-34/53,M-30,441,5:03:36,41.38%
568,Maria Calzada,"Sun Valley, CA",1093,5:02:01,11:32,F 40-44/36,F-40,127,5:04:21,47.24%
569,Mark Ryne,"La Crescenta, CA",779,5:02:10,11:32,M 55-59/25,M-56,442,5:05:01,48.78%
570,Ellie Tokar,"Santa Monica, CA",863,5:02:36,11:33,F 25-29/16,F-25,128,5:04:29,44.75%
571,Abigail Browning,"Boston, MA",111,5:02:36,11:33,F 25-29/17,F-25,129,5:04:29,44.75%
572,Yu-Nan Tai,"San Diego, CA",848,5:02:37,11:33,M 30-34/54,M-32,443,5:05:24,41.28%
573,Kirk Jones,"Altadena, CA",1109,5:03:01,11:34,M 55-59/26,M-57,444,5:07:55,49.10%
574,Nathan McCusker,"Los Angeles, CA",583,5:03:06,11:34,M 25-29/35,M-27,445,5:06:16,41.22%
575,Corey Bridwell,"Glendale, CA",104,5:04:11,11:37,M 20-24/18,M-24,446,5:05:41,41.07%
576,Kelsie Wolder,"Los Angeles, CA",936,5:04:18,11:37,F 35-39/24,F-38,130,5:05:41,46.07%
577,Stanley Choi,"Tujunga, CA",169,5:04:28,11:37,M 50-54/46,M-53,447,5:10:13,47.07%
578,Mehee Hyun,"Los Angeles, CA",404,5:04:30,11:37,F 45-49/16,F-45,131,5:06:43,49.61%
579,Steven Patrick,"Moorpark, CA",693,5:04:30,11:37,M 50-54/47,M-54,448,5:06:10,47.50%
580,Gedeon Pagarigan,"Redlands, CA",678,5:04:37,11:38,M 40-44/69,M-40,449,5:04:50,42.02%
581,Leo Cho,"Sylmar, CA",165,5:04:39,11:38,M 35-39/72,M-37,450,5:06:56,41.17%
582,Luz Felix,"Encino, CA",268,5:05:08,11:39,F 35-39/25,F-37,132,5:12:03,45.61%
583,Kristy Tetting,"La Quinta, CA",857,5:05:23,11:39,F 35-39/26,F-36,133,5:06:30,45.27%
584,Kazumi Kimura,"Brea, CA",465,5:05:23,11:39,F 30-34/20,F-33,134,5:10:37,44.65%
585,Audrey Maqueira,"Highland, CA",991,5:05:23,11:39,F 25-29/18,F-26,135,5:06:31,44.35%
586,Rosalinda Khan,"Los Angeles, CA",452,5:06:16,11:41,F 50-54/7,F-52,136,5:10:30,53.91%
587,Harold Jackson,"Riverside, CA",411,5:06:33,11:42,M 65-69/9,M-65,451,5:11:17,52.56%
588,Louis Mo,"La Crescenta, CA",609,5:06:52,11:43,M 45-49/75,M-47,452,5:08:30,44.26%
589,Isabel Gonzalez,"Laguna Hills, CA",1029,5:07:07,11:43,F 30-34/21,F-30,137,5:08:03,44.11%
590,Randolph Echeverria,"San Dimas, CA",248,5:07:25,11:44,M 20-24/19,M-24,453,5:08:56,40.64%
591,Rob Clark,"Pasadena, CA",178,5:07:26,11:44,M 40-44/70,M-44,454,5:09:17,43.05%
592,Skip Rogers,"Brea, CA",761,5:07:28,11:44,M 45-49/76,M-48,455,5:19:28,44.56%
593,Lan Bui,"Westminster, CA",117,5:07:36,11:44,F 35-39/27,F-35,138,5:10:29,44.70%
594,Myung Park,"Pasadena, CA",688,5:08:20,11:46,M 65-69/10,M-68,456,5:12:22,53.92%
595,Ross Johnson,"Anaheim, CA",428,5:08:25,11:46,M 55-59/27,M-57,457,5:11:10,48.24%
596,Joe Pavoncordero,"Downey, CA",697,5:08:27,11:46,M 40-44/71,M-40,458,5:15:44,41.50%
597,Cheryl Stern,"Los Angeles, CA",837,5:08:40,11:47,F 30-34/22,F-33,139,5:10:35,44.17%
598,Anne Rogers,"San Marino, CA",760,5:08:43,11:47,F 45-49/17,F-45,140,5:10:47,48.93%
599,Ezra Weisz,"Glendale, CA",920,5:08:44,11:47,M 40-44/72,M-40,459,5:10:48,41.46%
600,Arthur Harms,"Pasadena, CA",357,5:08:47,11:47,M 45-49/77,M-49,460,5:10:50,44.76%
601,Raymond Zaragoza,"Azusa, CA",1013,5:08:51,11:47,M 30-34/55,M-34,461,5:10:26,40.45%
602,Claudia Olivares,"Arcadia, CA",663,5:08:59,11:48,F 30-34/23,F-31,141,5:11:29,43.90%
603,Jorge Meza,"Arleta, CA",994,5:08:59,11:48,M 30-34/56,M-34,462,5:11:29,40.43%
604,Jorge Perez,"Santa Monica, CA",707,5:09:16,11:48,M 25-29/36,M-25,463,5:09:26,40.39%
605,Daniel Vassar,"Bakersfield, CA",897,5:09:26,11:49,M 40-44/73,M-40,464,5:13:30,41.37%
606,Man Po Wong,"Glendora, CA",940,5:09:28,11:49,M 30-34/57,M-33,465,5:15:57,40.37%
607,Kristopher King,"Riverside, CA",467,5:09:38,11:49,M 25-29/37,M-28,466,5:15:58,40.35%
608,Kate Longmire,"Sunland, CA",529,5:10:15,11:50,F 40-44/37,F-43,142,5:13:52,47.53%
609,Ginger Lassy,"Los Angeles, CA",498,5:10:28,11:51,F 65-69/1,F-68,143,5:11:37,67.54%
610,Eric Storm,"Apple Valley, CA",839,5:10:30,11:51,M 60-64/24,M-61,467,5:10:35,49.83%
611,Christina Shin,"Pasadena, CA",814,5:10:31,11:51,F 35-39/28,F-35,144,5:10:39,44.28%
612,Pam Lue,"Glendora, CA",539,5:10:45,11:52,F 55-59/4,F-56,145,5:11:58,56.11%
613,Sunjay Lad,"Pasadena, CA",493,5:10:56,11:52,M 30-34/58,M-30,468,5:11:56,40.18%
614,Alejandro Escobedo,"Van Nuys, CA",255,5:11:00,11:52,M 45-49/78,M-45,469,5:12:54,42.92%
615,Dennis Livingston,"Rialto, CA",523,5:11:49,11:54,M 55-59/28,M-56,470,5:12:33,47.27%
616,Brad Hines,"Pasadena, CA",377,5:11:50,11:54,M 45-49/79,M-46,471,5:14:58,43.18%
617,Raymond Ng,"Alhambra, CA",637,5:12:15,11:55,M 25-29/38,M-28,472,5:14:00,40.01%
618,Arturo Barrios,"Los Angeles, CA",61,5:12:18,11:55,M 35-39/73,M-35,473,5:16:41,40.00%
619,Violeta Lopez,"Los Angeles, CA",533,5:12:33,11:56,F 35-39/29,F-36,146,5:12:59,44.24%
620,Katherine Eriksson,"Santa Monica, CA",983,5:12:40,11:56,F 25-29/19,F-26,147,5:14:08,43.31%
621,Arkady Hagopian,"Los Angeles, CA",1031,5:12:46,11:56,M 30-34/59,M-31,474,5:14:14,39.94%
622,Robert Cecil,"La Crescenta, CA",150,5:12:59,11:57,M 35-39/74,M-35,475,5:14:10,39.91%
623,Lauro Bugarin,"Altadena, CA",116,5:13:07,11:57,M 45-49/80,M-45,476,5:14:55,42.63%
624,Scott Koehler,"Glendora, CA",476,5:13:26,11:58,M 30-34/60,M-32,477,5:14:41,39.86%
625,Rosemary Koehler,"Glendora, CA",475,5:13:26,11:58,F 55-59/5,F-56,148,5:14:41,55.63%
626,Jesus Bugarin,"Downey, CA",1087,5:13:48,11:59,M 40-44/74,M-42,478,5:15:35,41.47%
627,Ilan Janfaza,"Beverly Hills, CA",416,5:14:09,11:59,M 25-29/39,M-25,479,5:17:22,39.77%
628,Moses Khuu,"El Monte, CA",455,5:14:20,12:00,M 35-39/75,M-36,480,5:16:11,39.78%
629,Lisa Hogue,"Rancho Santa Margarita, CA",384,5:15:05,12:02,F 35-39/30,F-38,149,5:17:10,44.49%
630,Terry Kloepfer,"Reseda, CA",472,5:15:09,12:02,M 45-49/81,M-47,481,5:18:58,43.10%
631,Dan Nove,"Mission Viejo, CA",649,5:15:29,12:02,M 40-44/75,M-41,482,5:19:01,40.91%
632,Trever Jones,"Los Angeles, CA",433,5:15:42,12:03,M 25-29/40,M-27,483,5:17:48,39.57%
633,Lichym Wu,"La Rescenta, CA",944,5:15:50,12:03,F 50-54/8,F-54,150,5:16:33,53.71%
634,Judith Hering,"Los Angeles, CA",365,5:15:55,12:03,F 50-54/9,F-51,151,5:17:04,51.58%
635,Melissa Vazquez,"Chino Hills, CA",898,5:16:04,12:04,F 30-34/24,F-34,152,5:18:00,43.30%
636,Arielle Folio,"Burbank, CA",282,5:16:10,12:04,F 20-24/8,F-24,153,5:16:50,42.83%
637,Rajesh Krishnan,"Cerritos, CA",483,5:16:10,12:04,M 35-39/76,M-38,484,5:16:13,39.87%
638,Hilda Xicara,"La Canada, CA",946,5:16:28,12:05,F 45-49/18,F-48,154,5:18:23,49.54%
639,Robin Toyota,"Glendale, CA",870,5:16:31,12:05,F 25-29/20,F-25,155,5:21:57,42.79%
640,Jenkins Chen,"Walnut, CA",158,5:17:14,12:06,M 45-49/82,M-45,485,5:22:39,42.08%
641,Han Lin,"Duarte, CA",519,5:17:20,12:07,M 50-54/48,M-52,486,5:19:50,44.75%
642,Sandra Panduro,"La Canada, CA",685,5:17:23,12:07,F 40-44/38,F-42,156,5:19:28,45.92%
643,Esther Woods,"Monterey Park, CA",942,5:17:57,12:08,F 50-54/10,F-53,157,5:24:04,52.63%
644,Denise Jarrett,"Long Beach, CA",988,5:18:12,12:09,F 45-49/19,F-49,158,5:21:12,49.90%
645,Philip Peng,"San Gabriel, CA",702,5:19:22,12:11,M 35-39/77,M-39,487,5:24:42,39.75%
646,Todd Ferguson,"Marina Del Rey, CA",269,5:19:25,12:11,M 40-44/76,M-42,488,5:24:44,40.74%
647,Joey Bryan,"Oceanside, CA",112,5:19:26,12:11,M 40-44/77,M-41,489,5:24:44,40.41%
648,Richard Tom,"South Pasadena, CA",864,5:19:36,12:12,M 45-49/83,M-49,490,5:20:36,43.25%
649,Kwang Yi,"Los Angeles Ca 90045, CA",954,5:19:56,12:13,M 55-59/29,M-55,491,5:22:53,45.64%
650,Anietie Ekpa,"Diamond Bar, CA",251,5:20:01,12:13,F 35-39/31,F-35,159,5:22:32,42.97%
651,Jesus Flores,"Los Angeles, CA",279,5:20:10,12:13,M 25-29/41,M-29,492,5:20:10,39.02%
652,Howard Park,"La Canada Flintridge, CA",687,5:20:15,12:13,M 60-64/25,M-62,493,5:20:31,48.79%
653,Feza Akcasu,"Burbank, CA",21,5:20:51,12:15,M 50-54/49,M-52,494,5:21:06,44.26%
654,Gina Lee,"La Canada, CA",504,5:21:08,12:15,F 25-29/21,F-29,160,5:22:12,42.17%
655,Manuel Rodriguez,"Los Angeles, CA",1050,5:21:21,12:16,M 30-34/61,M-31,495,5:23:11,38.87%
656,Roger Arredondo,"Montebello, CA",47,5:21:25,12:16,M 35-39/78,M-37,496,5:24:30,39.02%
657,Al Nikolaus,"Fallbrook, CA",641,5:21:28,12:16,M 50-54/50,M-52,497,5:24:00,44.17%
658,Mark Schiavone,"Glendora, CA",1004,5:21:29,12:16,M 30-34/62,M-33,498,5:24:13,38.86%
659,Gregory Leite,"Altadena, CA",511,5:21:56,12:17,M 30-34/63,M-34,499,5:24:36,38.80%
660,Tyler Simpson,"Santa Monica, CA",818,5:22:01,12:17,M 35-39/79,M-37,500,5:25:50,38.95%
661,Carl Rogers,"Norwalk, CA",1051,5:22:48,12:19,M 55-59/30,M-57,501,5:25:57,46.09%
662,Edward Zippay,"Castaic, CA",972,5:23:33,12:21,M 45-49/84,M-46,502,5:28:08,41.61%
663,Barbara Wnek,"Brentwood, MO",935,5:24:29,12:23,F 60-64/1,F-61,161,5:24:50,57.80%
664,Guillermo Godinez,"Los Angeles, CA",310,5:24:33,12:23,M 40-44/78,M-42,503,5:26:27,40.10%
665,Elena Lira,"El Cajon, CA",1355,5:24:39,12:23,F 35-39/32,F-35,162,5:27:19,42.36%
666,Hieu Dovan,"Sacramento, CA",245,5:24:43,12:24,M 60-64/26,M-62,504,5:26:17,48.12%
667,Miguel Delgado Jr,"Paramount, CA",223,5:26:24,12:27,M 30-34/64,M-33,505,5:31:02,38.27%
668,Ann Eckels,"Monrovia, CA",249,5:26:34,12:28,F 45-49/20,F-48,163,5:31:25,48.01%
669,Rachel Wing,"Pasadena, CA",933,5:26:43,12:28,F 55-59/6,F-57,164,5:30:09,54.13%
670,Ruby Jao,"Los Angeles, CA",1366,5:26:48,12:28,F 30-34/25,F-31,165,5:50:51,41.51%
671,Patricia Lopez,"Tarzana, CA",532,5:27:16,12:29,F 30-34/26,F-34,166,5:28:17,41.82%
672,Nelly Moody,"Culver City, CA",613,5:27:22,12:30,F 35-39/33,F-36,167,5:29:48,42.23%
673,Stephen Tanner,"Pasadena, CA",854,5:27:39,12:30,M 45-49/85,M-47,506,5:31:34,41.45%
674,Neal Genda,"San Marino, CA",307,5:28:20,12:32,M 65-69/11,M-69,507,5:31:47,51.18%
675,Ted Boyce,"Burbank, CA",97,5:28:27,12:32,M 45-49/86,M-47,508,5:32:44,41.35%
676,Richard Schott,"San Pedro, CA",797,5:28:30,12:32,M 65-69/12,M-69,509,5:31:58,51.15%
677,Alfonso Garcia,"MEX, ",298,5:28:52,12:33,M 35-39/80,M-38,510,5:34:44,38.33%
678,Stacy Garrett,"Pasadena, CA",305,5:28:52,12:33,F 35-39/34,F-38,168,5:30:24,42.63%
679,Jared Paul,"Los Angeles, CA",696,5:29:31,12:35,M 25-29/42,M-29,511,5:32:26,37.91%
680,Christina Guzman,"Montebello, CA",345,5:29:42,12:35,F 45-49/21,F-47,169,5:33:19,46.96%
681,Dale Roberts,"Trabuco Canyon, CA",1002,5:30:07,12:36,M 55-59/31,M-56,512,5:30:16,44.65%
682,William Akerboom,"El Monte, CA",22,5:30:22,12:36,M 75-79/1,M-75,513,5:31:52,54.95%
683,Richardson Temeko,"New York, NY",1134,5:30:27,12:37,F 30-34/27,F-33,170,5:32:49,41.26%
684,Ria Rugg,"Glendale, CA",772,5:32:11,12:41,F 65-69/2,F-66,171,5:38:19,61.06%
685,Emil Cheng,"Diamond Bar, CA",159,5:32:16,12:41,M 35-39/81,M-36,514,5:32:59,37.64%
686,Maria Flores,"Hesperia, CA",1132,5:32:21,12:41,F 55-59/7,F-56,172,5:34:03,52.47%
687,David Huelsbeck,"Los Angeles, CA",398,5:34:47,12:47,M 45-49/87,M-45,515,5:38:39,39.87%
688,Chester Reyes,"Los Angeles, CA",732,5:36:02,12:49,M 30-34/65,M-32,516,5:48:44,37.18%
689,Melanie Mendavia,"Los Angeles, CA",593,5:36:14,12:50,F 20-24/9,F-21,173,5:36:58,40.28%
690,Daniella Cota,"Monrovia, CA",194,5:36:39,12:51,F 40-44/39,F-41,174,5:36:47,42.81%
691,David Hering,"Rancho Cucamonga, CA",364,5:36:43,12:51,M 40-44/79,M-41,517,5:37:52,38.33%
692,Glenn Orocio,"Winnetka, CA",670,5:36:48,12:51,M 35-39/82,M-38,518,5:41:13,37.43%
693,Moses Christian,"Loma Linda, CA",170,5:36:57,12:52,M 75-79/2,M-79,519,5:41:49,58.12%
694,Frances De Freitas,"El Segundo, CA",214,5:37:06,12:52,F 45-49/22,F-47,175,5:38:10,45.93%
695,Lindsey Goldbloom,"North Hills, CA",314,5:37:13,12:52,F 40-44/40,F-43,176,5:42:33,43.73%
696,David Hui,"El Segundo, CA",400,5:37:41,12:53,M 55-59/32,M-56,520,5:43:32,43.65%
697,Cassandra Johnson,"Crestline, CA",1034,5:38:22,12:55,F 65-69/3,F-65,177,5:42:18,58.99%
698,Jacqui Villalobos,"Pico Rivera, CA",905,5:38:45,12:56,F 30-34/28,F-32,178,5:43:37,40.13%
699,Chester Cabrales,"Phillips Ranch, CA",124,5:38:56,12:56,M 30-34/66,M-33,521,5:42:55,36.86%
700,John Gibson,"Wrightwood, CA",308,5:39:35,12:58,M 60-64/27,M-61,522,5:42:44,45.56%
801,Eric Andrada,"Diamond Bar, CA",42,6:15:20,14:19,M 30-34/74,M-33,586,6:20:19,33.28%
802,Steven Shao,"Burbank, CA",807,6:15:22,14:19,M 35-39/92,M-35,587,6:19:03,33.28%
803,Dan Bleich,"Camarillo, CA",89,6:15:42,14:20,M 50-54/60,M-54,588,6:17:40,38.50%
804,Maria Guzman,"Chino, CA",348,6:16:48,14:23,F 40-44/49,F-44,216,6:19:39,39.61%
805,Brian Albers,"San Diego, CA",26,6:18:11,14:26,M 40-44/88,M-40,589,6:20:55,33.85%
806,Paula Hamilton,"Ontario, CA",353,6:19:10,14:28,F 55-59/9,F-55,217,6:21:35,45.35%
807,Shelley Kincaid,"Huntington Beach, CA",466,6:20:16,14:31,F 45-49/29,F-47,218,6:21:30,40.71%
808,Karen Murphy,"Alhambra, CA",1047,6:20:43,14:32,F 35-39/39,F-36,219,6:24:31,36.31%
809,Chris Murphy,"Alhambra, CA",1046,6:20:44,14:32,M 35-39/93,M-39,590,6:24:32,33.35%
810,Luz Bednarchik,"Glendale, CA",70,6:21:40,14:34,F 40-44/50,F-43,220,6:23:26,38.64%
811,Raymond Billig,"Hermosa Beach, CA",83,6:23:07,14:37,M 50-54/61,M-54,591,6:28:28,37.75%
812,Michael Mizote,"Gardena, CA",607,6:23:14,14:37,M 50-54/62,M-53,592,6:28:37,37.39%
813,Sofronio Basical,"Loma Linda, CA",64,6:24:25,14:40,M 45-49/95,M-46,593,6:26:23,35.02%
814,Kira Basical,"Loma Linda, CA",63,6:24:26,14:40,F 45-49/30,F-46,221,6:26:24,39.78%
815,Angela Cassidy,"Fountain Valley, CA",143,6:24:58,14:41,F 40-44/51,F-44,222,6:29:50,38.77%
816,Allan Wagner,"Los Angeles, CA",911,6:25:03,14:42,M 60-64/30,M-63,594,6:29:31,40.99%
817,Christopher Martin,"Pasadena, CA",565,6:25:10,14:42,M 45-49/96,M-48,595,6:30:00,35.57%
818,Steve Hwang,"Santa Ana, CA",403,6:25:14,14:42,M 65-69/17,M-68,596,6:29:43,43.16%
819,Kerry Rogers,"Altadena, CA",1052,6:25:26,14:43,F 55-59/10,F-55,223,6:28:19,44.61%
820,Marco Barrantes,"Pasadena, CA",976,6:26:57,14:46,M 30-34/75,M-33,597,6:31:14,32.28%
821,John Mee,"Redlands, CA",1360,6:28:08,14:49,M 45-49/97,M-48,598,6:31:01,35.30%
822,James Hong,"Cerritos, CA",386,6:28:25,14:49,M 40-44/89,M-40,599,6:31:36,32.96%
823,Haywood Crowder,"Compton, CA",1020,6:28:45,14:50,M 65-69/18,M-68,600,6:29:10,42.77%
824,Glenn Higaki,"Cerritos, CA",376,6:29:06,14:51,M 60-64/31,M-64,601,6:33:17,40.98%
825,John Schilling,"Los Angeles, CA",1005,6:29:54,14:53,M 70-74/6,M-70,602,6:32:49,43.57%
826,Efrain Bonilla,"Sylmar, CA",91,6:30:49,14:55,M 30-34/76,M-33,603,6:36:03,31.96%
827,Alma Flores,"Sylmar, CA",276,6:30:50,14:55,M 35-39/94,M-37,604,6:36:04,32.09%
828,Charli Jacobs,"Arcadia, CA",413,6:31:07,14:56,F 50-54/12,F-50,224,6:32:13,41.12%
829,Mark Carrasco,"El Monte, CA",138,6:31:54,14:57,M 40-44/90,M-43,605,6:34:47,33.49%
830,Michael Overton,"Menifee, CA",492,6:32:49,14:59,M 35-39/95,M-35,606,6:35:49,31.80%
831,Antonia Martinez,"Whittier, CA",566,6:33:17,15:00,F 45-49/31,F-49,225,6:36:07,40.37%
832,Cyrus Javaheri,"Pasadena, CA",421,6:33:28,15:01,M 50-54/63,M-51,607,6:41:29,35.76%
833,Adam Bakir,"Glendale, CA",57,6:33:32,15:01,M 45-49/98,M-46,608,6:33:57,34.21%
834,Michelle Horrigan,"Glendale, CA",390,6:34:15,15:03,F 45-49/32,F-47,226,6:38:19,39.27%
835,Carol Neves,"La Verne, CA",633,6:35:06,15:05,F 50-54/13,F-53,227,6:38:59,42.35%
836,Joseph Neves,"La Verne, CA",634,6:35:06,15:05,Unknown/19,M-15,609,6:38:59,34.55%
837,Sandra Carrasco,"El Monte, CA",139,6:35:15,15:05,F 45-49/33,F-46,228,6:38:08,38.69%
838,Dennis Mori,"San Leandro, CA",620,6:35:20,15:05,M 60-64/32,M-64,610,6:35:42,40.33%
839,Yolanda Holder,"Corona, CA",986,6:35:43,15:06,F 50-54/14,F-53,229,6:36:05,42.29%
840,Shannon Taylor,"Valencia, CA",856,6:35:49,15:06,F 35-39/40,F-36,230,6:38:18,34.93%
841,Amy Thomas,"Pasadena, CA",858,6:36:07,15:07,F 25-29/27,F-26,231,6:36:30,34.19%
842,Alexander Tan,"West Covina, CA",850,6:36:08,15:07,M 45-49/99,M-45,611,6:37:30,33.70%
843,George Schirtzinger,"Monrovia, CA",796,6:36:14,15:07,M 60-64/33,M-60,612,6:37:36,38.66%
844,Michael Blosser,"Long Beach, CA",90,6:36:15,15:07,M 45-49/100,M-47,613,6:38:07,34.28%
845,Vernon Norman,"Fontana, CA",647,6:36:55,15:09,M 55-59/37,M-56,614,6:41:52,37.13%
846,Daria Kelley,"Encino, CA",448,6:37:05,15:09,F 60-64/4,F-62,232,6:42:02,47.95%
847,Regina Rhymes,"Cypress, CA",1083,6:37:10,15:09,F 40-44/52,F-42,233,6:39:44,36.69%
848,Bob Patterson,"Alta Loma, CA",695,6:40:50,15:18,M 75-79/3,M-75,615,6:41:05,45.29%
849,Lynn Otani,"Torrance, CA",673,6:43:04,15:23,F 45-49/34,F-49,234,6:43:54,39.39%
850,Della Street,"Burbank, CA",841,6:46:24,15:30,F 60-64/5,F-61,235,6:47:53,46.15%
851,Judi Lohne,"Burbank, CA",528,6:46:24,15:30,F 50-54/15,F-52,236,6:47:53,40.63%
852,Everett Wilson,"Altadena, CA",932,6:47:06,15:32,M 60-64/34,M-64,616,6:47:25,39.16%
853,Peter Feldman,"Studio City, CA",267,6:47:36,15:33,M 65-69/19,M-68,617,6:52:38,40.79%
854,Aika Makimura,"Los Angeles, CA",558,6:47:40,15:33,F 35-39/41,F-35,237,6:53:48,33.73%
855,Marc Arias,"Huntington Beach, CA",45,6:48:10,15:35,M 30-34/77,M-32,618,6:49:20,30.61%
856,Cathy Watson,"Altadena, CA",914,6:48:20,15:35,F 55-59/11,F-56,238,6:51:03,42.70%
857,Hidemi Kobayashi,"Marina Del Rey, CA",474,6:48:58,15:36,M 35-39/96,M-39,619,6:50:56,31.04%
858,Maribel Reyes,"Los Angeles, CA",734,6:50:49,15:41,F 45-49/35,F-47,239,6:52:04,37.69%
859,Claudette Boudreaux,"Los Angeles, CA",92,6:51:48,15:43,F 55-59/12,F-59,240,6:52:38,44.21%
860,J Rodriguez,"Pasadena, CA",756,6:52:31,15:44,M 40-44/91,M-40,620,6:53:00,31.03%
861,Van Garner,"Claremont, CA",303,6:52:59,15:46,M 65-69/20,M-66,621,6:57:35,39.42%
862,Jenny D Howar,"Pasadena, CA",392,6:57:51,15:57,F 45-49/36,F-48,241,7:00:31,37.52%
863,Sara Croft,"Long Beach, CA",201,7:02:33,16:07,F 45-49/37,F-45,242,7:07:22,35.75%
864,Donald Villafana,"Oxnard, CA",903,7:02:47,16:08,M 55-59/38,M-55,622,7:04:46,34.53%
865,Michael Keller,"West Hollywood, CA",447,7:03:25,16:09,M 30-34/78,M-30,623,7:06:38,29.50%
866,Lynn Oberman,"Tucson, AZ",658,7:04:20,16:12,F 45-49/38,F-45,243,7:05:33,35.60%
867,Jong Sung Kim,"Los Angeles, CA",461,7:04:42,16:12,M 80-99/1,M-82,624,7:10:10,49.62%
868,Johnny Guzman,"Monrovia, CA",346,7:07:13,16:18,M 30-34/79,M-33,625,7:11:19,29.24%
869,Estelle Langis,"Arcadia, CA",1038,7:09:22,16:23,F 45-49/39,F-48,244,7:13:06,36.51%
870,Diane Castillo,"Alhambra, CA",1094,7:09:37,16:24,F 40-44/53,F-41,245,7:10:05,33.55%
871,Leticia Zavala,"Los Angeles, CA",970,7:15:12,16:36,F 40-44/54,F-43,246,7:18:54,33.89%
872,Patricia Kalebaba,"Los Angeles, CA",441,7:17:44,16:42,F 65-69/4,F-67,247,7:18:00,47.11%
873,Rodrigo Gomez,"Glendale, CA",319,8:00:10,18:19,M 55-59/39,M-58,626,8:10:42,31.28%
874,Jana Lewis,"La Canada, CA",517,8:06:33,18:34,F 45-49/40,F-46,248,8:10:30,31.43%
