Place,Name,Location,Bib,Net Time,Pace,Division/Place,Sex-Age,Sex-Place,Gun Time,Age Grade
1,Daniel Farmer,"Escondido, CA",1080,16:08,5:12,M 25-29/1,M-26,1,16:08,80.04%
2,Daniel Cartica,"San Clemente, CA",945,16:36,5:21,M 20-24/1,M-23,2,16:36,77.87%
3,Dillon George,"West Linn, OR",1067,16:58,5:28,M 16-19/1,M-17,3,16:58,79.72%
4,Clay Biddle,"San Diego, CA",622,17:03,5:29,M 40-44/1,M-41,4,17:04,80.72%
5,Juan Mendoza,"San Diego, CA",1044,17:13,5:33,M 35-39/1,M-35,5,17:14,76.65%
6,Miguel Ayala,"Spring Valley, CA",1039,17:28,5:38,M 25-29/2,M-29,6,17:30,74.02%
7,Santiago Quintana,"San Diego, CA",1055,17:39,5:41,M 16-19/2,M-16,7,17:41,77.69%
8,Celestine Arambulo,"San Diego, CA",376,18:10,5:51,F 40-44/1,F-42,1,18:10,85.56%
9,Michael Purviance,"San Diego, CA",855,18:15,5:53,M 25-29/3,M-27,8,18:21,70.75%
10,Saulo Rivera,"Spring Valley, CA",863,18:19,5:54,M 30-34/1,M-34,9,18:20,71.68%
11,Chuy Nunez,"Chula Vista, CA",994,18:23,5:56,M 30-34/2,M-30,10,18:25,70.35%
12,Zank Bennett,"San Diego, CA",620,18:48,6:03,M 40-44/2,M-40,11,18:49,72.67%
13,Alex Gonzales,"El Cajon, CA",258,19:02,6:08,M 25-29/4,M-27,12,19:05,67.84%
14,Michael Baker,"La Jolla, CA",610,19:04,6:09,M 45-49/1,M-48,13,19:07,76.20%
15,Larry Trampel,"Oceanside, CA",350,19:18,6:13,M 30-34/3,M-31,14,19:21,67.24%
16,William Wilkey,"Scottsdale, AZ",915,19:20,6:14,M 55-59/1,M-55,15,19:23,79.55%
17,Alejandro Garcia,"Chula Vista, CA",714,19:28,6:16,M 16-19/3,M-18,16,19:29,68.55%
18,Benjamin Wilde,"San Diego, CA",1040,19:30,6:17,M 35-39/2,M-36,17,19:31,68.09%
19,David Dunbar,"La Jolla, CA",687,19:34,6:18,M 60-64/1,M-62,18,19:34,83.46%
20,Aman Mikel,"Carlsbad, CA",1060,19:52,6:24,M 01-12/1,M-12,19,19:54,74.90%
21,Matthew Curnow,"San Diego, CA",668,19:55,6:25,M 20-24/2,M-22,20,19:57,64.82%
22,Alexander Halter,"San Diego, CA",732,19:56,6:25,M 01-12/2,M-12,21,19:57,74.64%
23,Clark Noble,"San Diego, CA",993,19:59,6:26,M 30-34/4,M-30,22,20:26,64.77%
24,Ricardo Abril,"San Diego, CA",1045,20:08,6:29,M 50-54/1,M-50,23,20:10,73.32%
25,Donald Glatthorn,"Solana Beach, CA",1073,20:11,6:30,M 55-59/2,M-55,24,20:18,76.20%
26,Gerard Buckmelter,"San Diego, CA",634,20:15,6:31,M 55-59/3,M-55,25,20:17,75.95%
27,Andrew Firmin,"San Jose, CA",705,20:16,6:32,M 25-29/5,M-29,26,20:19,63.79%
28,Jon Dunbar,"La Jolla, CA",1043,20:21,6:33,M 25-29/6,M-29,27,20:24,63.52%
29,Stan Ideker,"San Diego, CA",758,20:25,6:35,M 55-59/4,M-58,28,20:27,77.29%
30,Andy Thacher,"San Diego, CA",897,20:27,6:35,M 45-49/2,M-49,29,20:30,71.62%
31,Peter Carson,"San Diego, CA",944,20:31,6:36,M 50-54/2,M-53,30,20:32,73.74%
32,Eric Green,"San Diego, CA",1053,20:32,6:37,M 30-34/5,M-30,31,20:51,63.04%
33,John Sullivan,"Poway, CA",890,20:37,6:38,M 50-54/3,M-52,32,20:38,72.73%
34,Erik Weber,"San Diego, CA",911,20:41,6:40,M 20-24/3,M-21,33,20:42,62.66%
35,Javier Serrano,"Chula Vista, CA",1099,20:41,6:40,M 25-29/7,M-28,34,35:49,62.42%
36,D'Andre Douglas,"Carlsbad, CA",954,20:42,6:40,M 25-29/8,M-27,35,20:50,62.37%
37,Jordan Goodman,"San Diego, CA",721,20:48,6:42,M 13-15/1,M-15,36,20:54,66.96%
38,Jack Kidman,"San Diego, CA",778,21:02,6:47,M 13-15/2,M-13,37,21:12,68.99%
39,Charles Spatafore,"Chula Vista, CA",884,21:02,6:47,M 40-44/3,M-43,38,21:12,66.46%
40,Daigo Yachi,"San Diego, CA",921,21:03,6:47,M 40-44/4,M-41,39,21:15,65.37%
41,Ssg Jimenez,"Lemon Grove, CA",365,21:04,6:47,M 20-24/4,M-24,40,21:09,61.28%
42,Lane Hansen,"Salt Lake City, UT",735,21:04,6:47,M 60-64/2,M-62,41,21:07,77.51%
43,Ryunosuke Berglund,"San Diego, CA",621,21:07,6:48,M 35-39/3,M-35,42,21:10,62.48%
44,Martin Rodden,"San Marcos, CA",599,21:11,6:49,M 35-39/4,M-38,43,21:17,63.54%
45,Greg Wagner,"San Diego, CA",908,21:14,6:50,M 40-44/5,M-43,44,21:17,65.83%
46,Trenton Sikute,"El Cajon, CA",455,21:15,6:51,M 01-12/3,M-11,45,21:18,72.06%
47,Max Auerswald,"San Clemente, CA",939,21:15,6:51,M 20-24/5,M-23,46,21:56,60.75%
48,Charles Smith,"San Diego, CA",881,21:17,6:51,M 30-34/6,M-34,47,21:18,61.68%
49,Josh Long,"Poway, CA",970,21:20,6:52,M 30-34/7,M-31,48,23:00,60.83%
50,Brad Durant,"San Diego, CA",689,21:20,6:52,M 20-24/6,M-23,49,21:23,60.52%
51,Michael Butler,"San Diego, CA",638,21:21,6:53,M 45-49/3,M-46,50,21:23,66.95%
52,Mary Neville,"San Diego, CA",824,21:22,6:53,F 25-29/1,F-28,2,21:22,69.38%
53,James Callaway,"Coronado, CA",639,21:29,6:55,M 65-69/1,M-69,51,21:31,81.21%
54,Christopher Gately,"San Diego, CA",718,21:31,6:56,M 13-15/3,M-13,52,21:42,67.44%
55,Noe Castellon,"San Diego, CA",252,21:32,6:56,M 25-29/9,M-25,53,21:34,59.95%
56,A Michael Cruz,"San Diego, CA",393,21:41,6:59,M 30-34/8,M-33,54,21:53,60.23%
57,Mark Lagman,"San Diego, CA",164,21:43,7:00,M 25-29/10,M-27,55,21:50,59.45%
58,Menard Chavez,"San Diego, CA",649,21:45,7:00,M 25-29/11,M-25,56,21:52,59.36%
59,Karl Pflugrath,"San Diego, CA",400,21:48,7:01,M 25-29/12,M-28,57,23:45,59.22%
60,Eddie Signaigo,"San Diego, CA",569,21:49,7:02,M 25-29/13,M-27,58,22:21,59.17%
61,Jon Sikute,"El Cajon, CA",454,21:52,7:03,M 40-44/6,M-42,59,21:55,63.39%
62,Christy England,"San Diego, CA",697,21:54,7:03,F 30-34/1,F-31,3,21:54,67.86%
63,Michael Anderson,"Santee, CA",606,21:55,7:04,M 50-54/4,M-54,60,21:58,69.56%
64,Tessa Martin,"Del Mar, CA",977,21:59,7:05,F 13-15/1,F-15,4,22:03,70.56%
65,Joel Martin,"Del Mar, CA",975,21:59,7:05,M 55-59/5,M-55,61,22:03,69.95%
66,David Calarco,"San Diego, CA",561,22:09,7:08,M 50-54/5,M-54,62,22:12,68.83%
67,Crystal Waterman,"San Marcos, CA",404,22:24,7:13,F 30-34/2,F-32,5,22:41,66.27%
68,James Digloria,"San Diego, CA",953,22:26,7:14,M 35-39/5,M-39,63,25:14,60.45%
69,Matthew Heffernan,"San Diego, CA",579,22:30,7:15,M 25-29/14,M-27,64,23:05,57.38%
70,Mark Porter,"El Cajone, CA",853,22:33,7:16,M 25-29/15,M-29,65,22:37,57.32%
71,Sujith Nalabolu,"San Diego, CA",1047,22:34,7:16,M 16-19/4,M-16,66,22:39,60.75%
72,John Winter,"Encinitas, CA",1100,22:35,7:17,M 40-44/7,M-44,67,36:19,62.33%
73,Michelle Vargas,"San Diego, CA",474,22:37,7:17,F 35-39/1,F-36,6,24:57,66.37%
74,Thomas Bloomer,"La Mesa, CA",625,22:38,7:17,M 35-39/6,M-35,68,23:22,58.29%
75,Nathan Macias,"San Diego, CA",591,22:46,7:20,M 35-39/7,M-39,69,23:25,59.56%
76,Kurt Weiser,"Oceanside, CA",435,22:54,7:23,M 35-39/8,M-39,70,23:07,59.21%
77,Michael Mitsingas,"San Diego, CA",172,22:58,7:24,M 45-49/4,M-49,71,23:00,63.76%
78,Kevin Cournoyer Jr,"Santee, CA",662,22:59,7:24,M 16-19/5,M-16,72,23:06,59.65%
79,Billy Andal,"San Diego, CA",604,23:00,7:25,M 30-34/9,M-32,73,23:06,56.56%
80,Ricardo Ramirez,"Chula Vista, CA",1003,23:01,7:25,M 35-39/9,M-39,74,23:26,58.91%
81,James Harper,"San Diego, CA",491,23:02,7:25,M 25-29/16,M-26,75,23:02,56.05%
82,Ryan Stewart,"San Diego, CA",1018,23:03,7:25,M 25-29/17,M-27,76,23:08,56.01%
83,Rose Limberis,"San Diego, CA",788,23:04,7:26,F 40-44/2,F-44,7,23:08,68.26%
84,Jeff Minark,"San Diego, CA",806,23:07,7:27,M 55-59/6,M-55,77,23:12,66.52%
85,Christopher Butler,"San Diego, CA",635,23:08,7:27,M 13-15/4,M-14,78,23:10,61.36%
86,Joyce Alfonso-Bautista,"San Diego, CA",458,23:09,7:28,F 40-44/3,F-41,8,23:29,66.50%
87,Michael McGinnis,"La Mesa, CA",799,23:10,7:28,M 16-19/6,M-17,79,23:11,58.32%
88,Sam Winter,"Encinitas, CA",1101,23:17,7:30,M 16-19/7,M-16,80,37:01,58.88%
89,Gabriel Evanoff,"San Diego, CA",536,23:21,7:31,M 30-34/10,M-34,81,24:50,56.21%
90,Nicholas Westendorf,"San Diego, CA",1066,23:22,7:32,M 25-29/18,M-27,82,24:10,55.25%
91,Meghan Ryan,"San Diego, CA",867,23:28,7:33,F 20-24/1,F-23,9,24:05,63.11%
92,Timothy Reynolds,"San Diego, CA",332,23:28,7:34,M 45-49/5,M-46,83,23:35,60.91%
93,Bao Hoang,"San Marcos, CA",747,23:31,7:35,M 35-39/10,M-36,84,24:30,56.45%
94,Shannon Omahen,"San Diego, CA",1086,23:35,7:36,F 20-24/2,F-24,10,33:47,62.80%
95,Michele Carson,"Del Mar, CA",120,23:37,7:36,F 30-34/3,F-33,11,23:43,62.99%
96,Brian Bailey,"Carlsbad, CA",540,23:37,7:37,M 40-44/8,M-41,85,24:49,58.26%
97,Anita Carcone,"Scottsdale, AZ",643,23:39,7:37,F 40-44/4,F-42,12,23:44,65.59%
98,Tom Karins,"Bonita, CA",772,23:41,7:38,M 40-44/9,M-42,86,23:54,58.52%
99,Lola Swank,"Oceanside, CA",210,23:43,7:38,F 40-44/5,F-40,13,23:53,64.56%
100,Karisa Dern,"San Diego, CA",589,23:45,7:39,F 30-34/4,F-30,14,24:31,62.36%
101,Nick Cate,"Cardiff, CA",588,23:46,7:39,M 25-29/19,M-27,87,24:23,54.32%
102,Levi Kennell,"Boulevard, CA",1054,23:48,7:40,M 25-29/20,M-28,88,26:04,54.24%
103,Mine Okano,"San Diego, CA",833,23:51,7:41,F 35-39/2,F-37,15,23:57,63.15%
104,Dieter Swank,"Oceanside, CA",209,23:58,7:43,M 40-44/10,M-41,89,24:11,57.41%
105,Andre Sanavi,"Encinitas, CA",1078,24:03,7:45,M 13-15/5,M-15,90,24:20,57.91%
106,Victor Chen,"La Jolla, CA",650,24:04,7:45,M 20-24/7,M-21,91,24:14,53.85%
107,Karen Fawcett,"San Diego, CA",464,24:04,7:45,F 35-39/3,F-39,16,24:09,63.20%
108,Lauran Minark,"San Diego, CA",807,24:07,7:46,F 16-19/1,F-16,17,24:11,63.49%
109,Devin Carr,"San Diego, CA",646,24:08,7:47,M 45-49/6,M-48,92,24:16,60.19%
110,Paul Cambilargiu,"Encinitas, CA",1081,24:09,7:47,M 30-34/11,M-30,93,37:20,53.59%
111,Joseph Spence,"San Diego, CA",1041,24:10,7:47,M 25-29/21,M-27,94,24:16,53.42%
112,Brian Grasso,"Santee, CA",959,24:10,7:47,M 35-39/11,M-36,95,24:55,54.93%
113,Jeffrey Miller,"San Diego, CA",409,24:21,7:50,M 40-44/11,M-41,96,24:25,56.51%
114,Max Miller,"San Diego, CA",410,24:21,7:50,M 01-12/4,M-8,97,24:25,69.93%
115,Sarah Kogus,"San Diego, CA",781,24:21,7:51,F 30-34/5,F-34,18,24:29,61.23%
116,Alexandra Kearns,"San Diego, CA",773,24:26,7:52,F 16-19/2,F-18,19,24:33,61.30%
117,Daniel Baldwin,"Temecula, CA",560,24:26,7:52,M 25-29/22,M-25,98,24:34,52.83%
118,Gary Schlierf,"San Diego, CA",871,24:34,7:55,M 65-69/2,M-67,99,24:38,69.59%
119,Daniel Smuts,"Escondido, CA",883,24:35,7:55,M 35-39/12,M-38,100,24:43,54.75%
120,Charles Tu,"San Diego, CA",1024,24:37,7:56,M 45-49/7,M-45,101,25:27,57.66%
121,Brian Norris,"Canyon Lake, CA",520,24:38,7:56,M 30-34/12,M-32,102,24:46,52.81%
122,Apolo Estrada,"San Diego, CA",700,24:39,7:56,M 35-39/13,M-38,103,24:52,54.60%
123,Bill Cheesman,"Encinitas, CA",444,24:39,7:56,M 40-44/12,M-41,104,24:57,55.82%
124,Brian Quiros,"San Diego, CA",856,24:39,7:56,M 25-29/23,M-25,105,25:06,52.37%
125,Joseph Parsons,"Lakeside, CA",1052,24:45,7:58,M 40-44/13,M-42,106,25:02,56.00%
126,Richard J Muscio,"San Diego, CA",815,24:47,7:59,M 50-54/6,M-53,107,24:52,61.04%
127,George Thompson,"Corona, CA",1023,24:51,8:00,M 60-64/3,M-60,108,24:56,64.56%
128,Brad Adams,"San Diego, CA",301,24:59,8:03,M 35-39/14,M-36,109,25:11,53.14%
129,Amardeep Grewal,"San Diego, CA",361,25:02,8:04,M 25-29/24,M-28,110,25:16,51.57%
130,John Ross,"San Marcos, CA",1009,25:02,8:04,M 45-49/8,M-47,111,25:33,57.52%
131,Wendy Clark,"San Diego, CA",656,25:08,8:06,F 55-59/1,F-58,20,25:10,74.05%
132,James Clark,"San Diego, CA",655,25:08,8:06,M 60-64/4,M-62,112,25:10,64.96%
133,Elizabeth Zermeno,"Bonita, CA",1056,25:10,8:06,F 40-44/6,F-43,21,25:37,62.09%
134,Jacob Vallejo,"Chula Vista, CA",488,25:11,8:07,M 13-15/6,M-14,113,25:25,56.36%
135,Lisa Butler,"San Diego, CA",636,25:13,8:07,F 45-49/1,F-46,22,25:20,63.62%
136,Julian Napolitan,"San Diego, CA",818,25:17,8:08,M 25-29/25,M-27,114,25:41,51.06%
137,Michael Esperanza,"San Diego, CA",698,25:17,8:09,M 25-29/26,M-27,115,31:05,51.06%
138,Thomas Ohno-Machado,"San Diego, CA",832,25:19,8:09,M 16-19/8,M-16,116,25:25,54.15%
139,James Blasic,"San Diego, CA",624,25:21,8:10,M 25-29/27,M-27,117,25:36,50.92%
140,Simon Giang-Tran,"San Diego, CA",498,25:23,8:11,M 20-24/8,M-23,118,25:23,50.85%
141,Ryan Renfrow,"San Diego, CA",1075,25:25,8:11,M 20-24/9,M-23,119,26:12,50.79%
142,Mark Leo,"La Mesa, CA",583,25:26,8:12,M 25-29/28,M-27,120,26:31,50.75%
143,Amanda Garcia,"San Diego, CA",715,25:27,8:12,F 25-29/2,F-27,23,25:51,58.19%
144,Bob Wolf,"Oceanside, CA",1034,25:28,8:12,M 60-64/5,M-63,121,25:32,64.70%
145,Kira Weyrauch,"San Diego, CA",222,25:31,8:13,F 25-29/3,F-29,24,25:37,58.04%
146,Tania Frendo,"San Diego, CA",353,25:31,8:13,F 20-24/3,F-21,25,25:48,58.04%
147,Jordan Shapiro,"San Diego, CA",509,25:32,8:14,M 30-34/13,M-33,122,25:32,51.11%
148,Edward Olson,"San Diego, CA",355,25:33,8:14,M 30-34/14,M-34,123,25:36,51.37%
149,Anya Birchak,"San Diego, CA",623,25:33,8:14,F 35-39/4,F-37,26,25:57,58.94%
150,Laura Leo,"La Mesa, CA",582,25:34,8:14,F 25-29/4,F-26,27,26:38,57.93%
151,Dennis Dahlin,"El Cajon, CA",1050,25:37,8:15,M 01-12/5,M-12,124,25:40,58.07%
152,Rebecca Walcher,"San Diego, CA",325,25:37,8:15,F 45-49/2,F-45,28,25:46,62.04%
153,Genaro Beltran,"Temecula, CA",618,25:40,8:16,M 30-34/15,M-32,125,26:07,50.68%
154,Brian Newberg,"Perrysburg, OH",991,25:40,8:16,M 40-44/14,M-44,126,26:40,54.84%
155,Clinton Erlmann,"Walnut Creek, CA",303,25:41,8:16,M 30-34/16,M-31,127,33:59,50.52%
156,Judith Hernandez,"Covina, CA",260,25:41,8:16,F 25-29/5,F-25,29,25:45,57.66%
157,Chris Jackson,"San Diego, CA",964,25:44,8:17,M 25-29/29,M-28,128,26:41,50.16%
158,Robin Harwood,"San Diego, CA",743,25:44,8:17,F 30-34/6,F-31,30,25:53,57.62%
159,Amanda Lowery,"Carlsbad, CA",408,25:44,8:17,F 16-19/3,F-16,31,26:20,59.49%
160,Christopher Kimball,"San Diego, CA",466,25:44,8:17,M 35-39/15,M-36,129,25:59,51.59%
161,James Vaughn,"Santee, CA",567,25:44,8:17,M 45-49/9,M-46,130,26:10,55.51%
162,Lorenzo Pena,"Murrieta, CA",487,25:45,8:18,M 45-49/10,M-46,131,25:58,55.51%
163,Bobby Gentry,"San Diego, CA",141,25:45,8:18,F 25-29/6,F-27,32,26:26,57.51%
164,Gabriel Pennington,"San Diego, CA",468,25:49,8:19,M 01-12/6,M-10,132,26:11,61.18%
165,Keoni Rodriguez,"San Diego, CA",864,25:49,8:19,F 01-12/1,F-12,33,26:11,63.11%
166,Jerry Torres,"Murrieta, CA",356,25:49,8:19,F 35-39/5,F-39,34,30:38,58.91%
167,Jenny Alonso,"San Diego, CA",932,25:50,8:19,F 35-39/6,F-39,35,25:59,58.88%
168,Delaney Alonso,"San Diego, CA",931,25:50,8:19,F 01-12/2,F-6,36,25:59,75.66%
169,Joshua Jaeger,"San Diego, CA",760,25:52,8:20,M 16-19/9,M-18,133,26:50,51.58%
170,Andrew Du Preez,"Poway, CA",133,25:53,8:20,M 35-39/16,M-36,134,25:58,51.29%
171,Jonathan Willkom,"San Diego, CA",495,25:56,8:21,M 30-34/17,M-30,135,26:06,49.90%
172,John McCarthy,"Oceanside, CA",980,25:56,8:21,M 35-39/17,M-35,136,25:56,50.87%
173,Stephanie Levas,"San Diego, CA",1082,25:57,8:21,F 25-29/7,F-28,37,26:52,57.07%
174,Christian Korbacher,"Oceanside, CA",432,25:57,8:21,M 01-12/7,M-10,137,26:56,60.86%
175,Kaitlin Condon,"San Diego, CA",660,25:57,8:22,F 20-24/4,F-23,38,26:03,57.03%
176,Michael Oliveri,"San Diego, CA",834,25:58,8:22,M 25-29/30,M-25,138,26:03,49.71%
177,Ryan Corrigan,"Escondido, CA",537,26:00,8:22,F 20-24/5,F-22,39,26:30,56.96%
178,Lyndsey Jarvis,"Oceanside, CA",430,26:01,8:23,F 30-34/7,F-33,40,27:01,57.18%
179,Kenneth Steckling,"El Cajon, CA",927,26:02,8:23,M 70-74/1,M-74,139,26:07,71.62%
180,Lisette Ramos,"San Diego, CA",858,26:05,8:24,F 25-29/8,F-25,41,26:12,56.78%
181,Rizza Lim,"San Diego, CA",787,26:06,8:24,F 20-24/6,F-22,42,26:13,56.74%
182,Riley Craig,"Veneta, OR",665,26:06,8:24,M 01-12/8,M-12,140,28:39,57.00%
183,Jon Shea,"San Diego, CA",534,26:08,8:25,M 25-29/31,M-28,141,32:10,49.39%
184,Bree Haney,"San Diego, CA",533,26:08,8:25,F 20-24/7,F-24,43,32:11,56.67%
185,Olivia Jarvis,"Oceanside, CA",431,26:09,8:25,F 01-12/3,F-11,44,26:59,63.65%
186,Sean Reyling,"El Paso, TX",1006,26:10,8:26,M 20-24/10,M-22,142,26:52,49.33%
187,Rachel Stormoen,"El Cajon, CA",889,26:13,8:27,F 13-15/2,F-13,45,26:36,60.94%
188,McKenzie Jank,"San Diego, CA",765,26:14,8:27,F 20-24/8,F-23,46,26:38,56.45%
189,Frederique Gouraud,"La Jolla, CA",1089,26:21,8:29,F 40-44/7,F-42,47,30:59,58.86%
190,John Rodriguez,"San Diego, CA",472,26:23,8:30,M 40-44/15,M-42,143,34:03,52.53%
191,Dion Jones,"La Mesa, CA",768,26:24,8:30,M 13-15/7,M-15,144,26:34,52.75%
192,Daniel Wisma,"Lakeside, CA",920,26:25,8:31,M 25-29/32,M-25,145,26:49,48.86%
193,Sally Waite,"Carlsbad, CA",1030,26:27,8:31,F 35-39/7,F-39,48,26:39,57.50%
194,Jessica Wi,"Oakland, CA",914,26:29,8:32,F 20-24/9,F-20,49,27:38,55.92%
195,Evan Walker,"La Jolla, CA",909,26:29,8:32,M 20-24/11,M-20,146,27:38,49.24%
196,Laura N-A,"San Diego, CA",584,26:30,8:32,F 25-29/9,F-26,50,27:05,55.88%
197,Noor Al-Alusi,"San Diego, CA",602,26:34,8:33,F 16-19/4,F-18,51,26:36,56.37%
198,Dominique Chapman,"Sa Diego, CA",948,26:34,8:34,F 13-15/3,F-14,52,26:47,59.20%
199,Casey Lynn,"Escondido, CA",790,26:36,8:34,F 35-39/8,F-36,53,27:29,56.43%
200,Bruno Gouraud,"La Jolla, CA",1087,26:36,8:34,M 45-49/11,M-46,147,31:12,53.73%
201,Gerald Spates,"Chula Vista, CA",598,26:36,8:34,M 40-44/16,M-41,148,26:45,51.72%
202,Nicole Nicastro,"Lakeside, CA",257,26:39,8:35,F 25-29/10,F-25,54,27:03,55.57%
203,Steve Umada,"Chula Vista, CA",904,26:42,8:36,M 30-34/18,M-31,149,26:52,48.59%
204,Cindy Stallo,"Santee, CA",888,26:43,8:36,F 35-39/9,F-35,55,26:53,55.99%
205,Meghan Sullivan,"Cardiff, CA",592,26:45,8:37,F 30-34/8,F-30,56,27:25,55.36%
206,Lawrence Wishneff,"San Diego, CA",919,26:49,8:38,M 60-64/6,M-61,150,26:59,60.39%
207,Marc Mytels,"Carlsbad, CA",816,26:49,8:38,M 40-44/17,M-43,151,27:00,52.11%
208,George Bresnihan,"Coronado, CA",630,26:51,8:39,M 40-44/18,M-42,152,28:10,51.58%
209,Rico Bartolomei,"El Cajon, CA",319,26:53,8:40,M 50-54/7,M-50,153,27:20,54.90%
210,Aidin Esparza,"San Diego, CA",956,26:57,8:41,F 30-34/9,F-33,57,27:12,55.20%
211,Chris Wessels,"San Diego, CA",221,26:58,8:41,M 25-29/33,M-27,154,27:02,47.87%
212,Marvin Velastegui,"San Diego, CA",1026,26:59,8:42,M 35-39/18,M-35,155,27:49,48.89%
213,Timothy Shaw,"San Diego, CA",312,27:02,8:42,M 20-24/12,M-24,156,27:29,47.75%
214,Karla Perez,"San Diego, CA",318,27:03,8:43,F 25-29/11,F-28,58,27:15,54.75%
215,Heidi Hansen,"San Diegi, CA",734,27:08,8:44,F 30-34/10,F-33,59,27:21,54.82%
216,Jourdain Jaca,"San Diego, CA",321,27:08,8:44,M 20-24/13,M-21,157,28:16,47.76%
217,Rebecca Rodriguez,"Escondido, CA",865,27:10,8:45,F 01-12/4,F-12,60,27:46,59.98%
218,Lance Miller,"Vista, CA",554,27:11,8:45,M 40-44/19,M-43,158,27:23,51.41%
219,Briana Brettillo,"San Diego, CA",306,27:14,8:46,F 35-39/10,F-35,61,27:44,54.93%
220,Joseph Spatafore,"Santee, CA",205,27:16,8:47,M 40-44/20,M-43,159,27:26,51.25%
221,Jimmy Ortiz,"Oceanside, CA",838,27:18,8:47,M 30-34/19,M-30,160,28:07,47.40%
222,Trevor Adams,"Winchester, CA",102,27:18,8:48,M 40-44/21,M-43,161,27:30,51.16%
223,Dennis Holland,"Coronado, CA",750,27:19,8:48,M 50-54/8,M-51,162,27:24,54.46%
224,Gerald Cayanan,"San Diego, CA",122,27:19,8:48,M 35-39/19,M-37,163,28:00,48.90%
225,Caleb Hareb,"San Diego, CA",737,27:20,8:48,M 01-12/9,M-12,164,27:21,54.42%
226,Kelly Ralph,"San Diego, CA",857,27:24,8:49,F 25-29/12,F-26,62,27:42,54.05%
227,Candice Riggott,"San Diego, CA",309,27:24,8:49,F 35-39/11,F-35,63,27:33,54.60%
228,Ronald Lopez,"San Diego, CA",166,27:24,8:50,M 50-54/9,M-52,165,27:32,54.72%
229,Paige Martin,"San Diego, CA",797,27:25,8:50,F 30-34/11,F-34,64,27:34,54.38%
230,Jaydon Caoile,"Chula Vista, CA",517,27:27,8:50,M 01-12/10,M-10,166,28:32,57.53%
231,Hector Sanchez,"San Diego, CA",449,27:27,8:51,M 25-29/34,M-28,167,29:07,47.02%
232,Chloe Sparacino,"San Diego, CA",204,27:29,8:51,F 30-34/12,F-31,65,28:49,53.94%
233,Matthew Riggott,"San Diego, CA",310,27:29,8:51,M 35-39/20,M-35,168,27:33,48.00%
234,Garry Rollins Jr,"Chula Vista, CA",243,27:32,8:52,M 30-34/20,M-30,169,27:56,47.00%
235,Maria Lai,"El Cajon, CA",385,27:33,8:52,F 35-39/12,F-39,66,29:09,55.21%
236,Madden Hundley,"Coronado, CA",150,27:35,8:53,F 01-12/5,F-10,67,27:37,61.91%
237,Avery Dozier,"Coronado, CA",330,27:35,8:53,F 01-12/6,F-10,68,27:38,61.91%
238,John Araujo,"San Diego, CA",105,27:36,8:53,M 35-39/21,M-39,170,27:46,49.12%
239,Bryce Kuboyama,"San Diego, CA",502,27:36,8:53,M 20-24/14,M-24,171,27:36,46.77%
240,Ronda Clair,"San Diego, CA",529,27:41,8:55,F 40-44/8,F-44,69,1:07:46,56.87%
241,Robert Nelson,"Keene, CA",823,27:44,8:56,M 50-54/10,M-54,172,36:04,54.96%
242,Julie Vergenz,"San Marcos, CA",1027,27:45,8:56,F 35-39/13,F-36,70,27:45,54.09%
243,Jacob Rodriguez,"San Diego, CA",1077,27:46,8:57,M 13-15/8,M-13,173,28:15,52.25%
244,Kainoa Tongg Hartrum,"San Diego, CA",575,27:49,8:58,M 01-12/11,M-11,174,28:05,55.04%
245,James Taylor,"San Diego, CA",211,27:50,8:58,M 65-69/3,M-69,175,27:55,62.67%
246,Berenice Diaz,"Yuma, AZ",493,27:55,8:59,F 25-29/13,F-27,71,28:01,53.05%
247,Yean Diaz,"Yuma, AZ",494,27:55,9:00,M 25-29/35,M-29,176,28:01,46.30%
248,Cristy Concepcion,"El Cajon, CA",659,27:56,9:00,F 30-34/13,F-30,72,28:14,53.01%
249,Jeff Walcher,"San Diego, CA",324,27:57,9:00,M 40-44/22,M-43,177,28:06,50.00%
250,Joe Orechovesky,"El Cajon, CA",178,27:58,9:00,M 50-54/11,M-53,178,29:03,54.08%
251,Billie Orechovesky,"El Cajon, CA",177,27:58,9:00,F 55-59/2,F-58,73,29:03,66.55%
252,Benilda Morris,"San Diego, CA",811,28:00,9:01,F 45-49/3,F-48,74,29:21,58.49%
253,Caroline White,"San Diego, CA",223,28:00,9:01,F 30-34/14,F-32,75,28:09,53.01%
254,Scott Jaeger,"San Diego, CA",761,28:01,9:01,M 45-49/12,M-46,179,29:02,51.01%
255,Sarah Welch,"San Diego, CA",1033,28:01,9:01,F 13-15/4,F-14,76,32:58,56.13%
256,Eric Littman,"Chula Vista, CA",789,28:02,9:02,M 45-49/13,M-48,180,29:23,51.81%
257,Guillermo Verdin,"San Diego, CA",512,28:03,9:02,M 50-54/12,M-50,181,28:30,52.62%
258,Ayako Ikeda,"San Diego, CA",438,28:04,9:02,F 25-29/14,F-25,77,28:22,52.76%
259,Aaron Starr,"San Marcos, CA",403,28:04,9:02,M 30-34/21,M-34,182,28:21,46.76%
260,Barbara Umada,"Chula Vista, CA",903,28:07,9:03,F 30-34/15,F-33,78,28:17,52.91%
261,Angelo Mu±oz,"San Diego, CA",986,28:10,9:04,M 30-34/22,M-33,183,28:13,46.36%
262,Kari Coughlin,"Poway, CA",450,28:10,9:04,F 45-49/4,F-48,79,28:59,58.14%
263,Robert Coughlin,"Poway, CA",451,28:11,9:04,M 13-15/9,M-15,184,28:59,49.41%
264,Anna Martin,"Carlsbad, CA",796,28:15,9:06,F 30-34/16,F-30,80,28:46,52.42%
265,Max Frank,"Carlsbad, CA",709,28:15,9:06,M 30-34/23,M-30,185,28:46,45.81%
266,Chris Edwards,"La Mesa, CA",692,28:16,9:06,M 30-34/24,M-33,186,28:44,46.19%
267,Bill Dennett,"Alpine, CA",679,28:17,9:06,M 45-49/14,M-48,187,28:26,51.36%
268,Eric Rial,"San Diego, CA",186,28:18,9:07,M 50-54/13,M-51,188,28:46,52.56%
269,Rebecca Gunnill,"San Diego, CA",728,28:19,9:07,F 30-34/17,F-33,81,28:27,52.53%
270,Brian Weck,"Escondido, CA",912,28:22,9:08,M 35-39/22,M-36,189,28:32,46.80%
271,Dan Lai,"El Cajon, CA",384,28:22,9:08,M 35-39/23,M-39,190,29:50,47.80%
272,Anthony Sclafani,"San Diego, CA",874,28:27,9:10,M 25-29/36,M-28,191,29:11,45.37%
273,Jie Yang,"San Diego, CA",1035,28:29,9:10,M 45-49/15,M-46,192,29:10,50.18%
274,Maxine Arambulo,"San Diego, CA",378,28:29,9:10,F 01-12/7,F-9,82,28:33,61.65%
275,Seth Allen,"Chula Vista, CA",392,28:31,9:11,M 35-39/24,M-38,193,29:14,47.19%
276,Walter Ko,"La Mesa, CA",501,28:31,9:11,M 35-39/25,M-36,194,29:05,46.55%
277,Myke Smith,"San Diego, CA",882,28:33,9:12,M 60-64/7,M-63,195,29:02,57.71%
278,Joann Fang,"San Diego, CA",702,28:34,9:12,F 30-34/18,F-30,83,28:45,51.84%
279,Phillip Juarez,"San Diego, CA",769,28:35,9:12,M 30-34/25,M-34,196,29:25,45.92%
280,Case Garrison,"La Mesa, CA",1046,28:36,9:13,M 35-39/26,M-35,197,29:06,46.12%
281,Anthony Rincon,"San Diego, CA",411,28:40,9:14,M 25-29/37,M-26,198,40:56,45.03%
282,Christine Knee,"San Diego, CA",1093,28:41,9:14,F 25-29/15,F-28,84,36:59,51.63%
283,Stephanie Munoz,"San Diego, CA",814,28:41,9:14,F 25-29/16,F-28,85,36:59,51.63%
284,Ngan Cam,"San Diego, CA",640,28:45,9:16,F 25-29/17,F-27,86,29:47,51.51%
285,Frederic Thate,"San Diego, CA",213,28:49,9:17,M 30-34/26,M-31,199,30:08,45.02%
286,Paul Lafferty,"Carlsbad, CA",407,28:49,9:17,M 45-49/16,M-49,200,30:09,50.81%
287,Richard Williams,"Imperial Beach, CA",917,28:49,9:17,M 75-99/1,M-76,201,28:54,66.96%
288,Jennifer Martin,"Chula Vista, CA",974,28:49,9:17,F 35-39/14,F-36,87,30:21,52.08%
289,William Nemecek,"San Diego, CA",990,28:51,9:18,M 25-29/38,M-25,202,28:59,44.74%
290,Elana Lesher,"San Diego, CA",261,28:52,9:18,F 35-39/15,F-39,88,29:56,52.69%
291,Lesley Garrison,"La Mesa, CA",563,28:53,9:18,F 35-39/16,F-35,89,29:23,51.79%
292,Kayla Brown,"San Diego, CA",514,28:53,9:18,F 16-19/5,F-18,90,33:03,51.85%
293,Tiffanie Barrus,"San Diego, CA",484,28:54,9:18,F 35-39/17,F-36,91,29:11,51.93%
294,Douglas Coe,"San Diego, CA",570,28:57,9:19,M 35-39/27,M-39,203,29:31,46.83%
295,Lesley Cooper,"San Diego, CA",571,28:58,9:20,F 35-39/18,F-35,92,29:32,51.64%
296,Lauren Anderson,"Encinitas, CA",933,28:59,9:20,F 25-29/18,F-27,93,29:42,51.09%
297,Tim Sefa,"San Diego, CA",586,29:01,9:21,M 35-39/28,M-36,204,29:12,45.75%
298,Andrew Chisholm,"Del Mar, CA",651,29:03,9:21,M 45-49/17,M-46,205,30:09,49.20%
299,Barry Lehmer,"Encinitas, CA",1079,29:04,9:22,M 55-59/7,M-56,206,29:21,53.36%
300,Marina Vagner,"San Diego, CA",595,29:04,9:22,F 35-39/19,F-36,94,29:42,51.64%
301,Libby Tweet,"La Mesa, CA",902,29:04,9:22,F 30-34/19,F-32,95,29:20,51.06%
302,Shelby Gibson,"Encinitas, CA",590,29:05,9:22,F 30-34/20,F-31,96,29:43,50.97%
303,Jennifer Nielsen,"Oceanside, CA",829,29:07,9:23,F 25-29/19,F-25,97,29:40,50.86%
304,Doug Nguyen,"San Diego, CA",343,29:09,9:23,M 45-49/18,M-46,207,29:57,49.03%
305,Kristi Anderson,"Santa Clara, CA",605,29:11,9:24,F 25-29/20,F-27,98,29:43,50.74%
306,Karen Gilley,"El Cajon, CA",720,29:11,9:24,F 50-54/1,F-54,99,29:18,60.46%
307,James Atkinson,"Poway, CA",937,29:12,9:24,M 30-34/27,M-32,208,30:00,44.55%
308,Joseph Dionisio,"San Diego, CA",686,29:12,9:24,M 25-29/39,M-26,209,32:12,44.20%
309,Christopher Patrick,"San Diego, CA",847,29:12,9:24,M 35-39/29,M-37,210,29:40,45.75%
310,Oscar Arias,"San Diego, CA",936,29:15,9:25,M 45-49/19,M-46,211,29:39,48.86%
311,Lani May Centeno,"San Diego, CA",648,29:18,9:26,F 20-24/10,F-20,100,29:27,50.54%
312,Amber Self,"San Marcos, CA",875,29:18,9:26,F 35-39/20,F-38,101,32:36,51.68%
313,Spencer Goodwin,"San Diego, CA",723,29:19,9:27,M 20-24/15,M-21,212,29:57,44.20%
314,Jason Tu,"San Diego, CA",1025,29:19,9:27,M 01-12/12,M-9,213,30:09,55.80%
315,Jessica Krager,"Oceanside, CA",161,29:24,9:28,F 30-34/21,F-30,102,30:03,50.37%
316,Aly Brown,"San Marcos, CA",942,29:24,9:28,F 20-24/11,F-24,103,29:45,50.37%
317,Meg Gullo,"Villa Park, CA",263,29:25,9:28,F 25-29/21,F-26,104,32:24,50.34%
318,Annie Holland,"Coronado, CA",749,29:25,9:29,F 01-12/8,F-8,105,29:30,61.62%
319,Lucy Holland,"Coronado, CA",751,29:28,9:29,F 01-12/9,F-10,106,29:30,57.95%
320,Grecia Staton,"San Diego, CA",206,29:29,9:30,F 25-29/22,F-26,107,29:35,50.23%
321,Kate Thomas,"San Diego, CA",1021,29:29,9:30,F 01-12/10,F-11,108,32:42,56.45%
322,Heide How,"San Marcos, CA",754,29:33,9:31,F 35-39/21,F-35,109,29:45,50.62%
323,Ron Pennington,"San Diego, CA",471,29:34,9:31,M 45-49/20,M-45,214,31:52,48.00%
324,Campbell Caron,"Chula Vista, CA",644,29:34,9:31,M 01-12/13,M-8,215,29:34,57.59%
325,Cathy Perry,"San Diego, CA",851,29:35,9:32,F 60-64/1,F-62,110,29:43,66.57%
326,Sharon Maturo-Thompson,"Corona, CA",979,29:35,9:32,F 45-49/5,F-49,111,29:40,56.03%
327,Marie Lett,"Mission Viejo, CA",968,29:36,9:32,F 25-29/23,F-26,112,31:07,50.03%
328,Noah Jaffe,"Carlsbad, CA",763,29:37,9:32,M 01-12/14,M-8,216,30:28,57.49%
329,Joseph Deherrera,"Spring Valley, CA",128,29:38,9:33,M 35-39/30,M-36,217,29:44,44.79%
330,Rebecca Scholte,"San Diego, CA",197,29:38,9:33,F 20-24/12,F-21,113,29:58,49.97%
331,Catherine Davis,"Valley Center, CA",671,29:38,9:33,F 50-54/2,F-50,114,29:58,56.61%
332,Meghan Phalen,"Encinitas, CA",852,29:42,9:34,F 30-34/22,F-32,115,31:28,49.97%
333,Joe Capriotti,"San Diego, CA",642,29:43,9:34,M 50-54/14,M-53,218,29:51,50.90%
334,David Dechape,"Ramona, CA",676,29:43,9:34,M 35-39/31,M-36,219,29:48,44.67%
335,Jeff May,"San Diego, CA",169,29:46,9:35,M 35-39/32,M-35,220,30:01,44.31%
336,Mark Hale,"Chula Vista, CA",148,29:46,9:35,M 45-49/21,M-46,221,30:01,48.01%
337,Mareesa Rodriguez,"Vista, CA",311,29:47,9:35,F 30-34/23,F-33,116,29:56,49.94%
338,Ronnell Morris,"San Diego, CA",812,29:48,9:36,F 20-24/13,F-21,117,31:10,49.69%
339,Elsa Gastelo,"San Diego, CA",717,29:48,9:36,F 40-44/9,F-41,118,30:38,51.65%
340,Puk Jensen,"Vancouver Bc Canada, ",767,29:49,9:36,F 60-64/2,F-61,119,29:52,65.10%
341,Nadia Braun,"Chula Vista, CA",114,29:49,9:36,F 30-34/24,F-32,120,29:58,49.78%
342,Joshua Bragg,"San Diego, CA",628,29:49,9:36,M 25-29/40,M-25,222,30:08,43.29%
343,Jennifer Ciofolo,"San Diego, CA",654,29:52,9:37,F 20-24/14,F-24,121,30:08,49.58%
344,Melissa Ho,"San Diego, CA",746,29:52,9:37,F 20-24/15,F-22,122,30:37,49.58%
345,Marissa Woller,"San Diego, CA",485,29:53,9:37,F 30-34/25,F-32,123,30:10,49.67%
346,Sandra Aquino,"San Diego, CA",577,29:54,9:38,F 35-39/22,F-38,124,31:19,50.64%
347,Vamshi Aileni,"San Diego, CA",333,29:55,9:38,M 25-29/41,M-26,223,29:58,43.14%
348,Anne Schlitz,"El Cajon, CA",872,29:55,9:38,F 25-29/24,F-25,125,30:15,49.50%
349,Alice Felix,"San Diego, CA",137,29:57,9:39,F 65-69/1,F-65,126,30:06,68.76%
350,Allison Matthews,"San Diego, CA",316,29:57,9:39,F 25-29/25,F-26,127,30:44,49.44%
351,Donald Ozaki,"Chula Vista, CA",1038,29:57,9:39,M 55-59/8,M-56,224,29:57,51.75%
352,Brett Goodwin,"San Diego, CA",722,29:58,9:39,M 25-29/42,M-25,225,29:58,43.07%
353,Jamison Brida,"San Diego, CA",443,30:00,9:40,M 35-39/33,M-39,226,30:16,45.19%
354,J'Lene Dechape,"Ramona, CA",677,30:00,9:40,F 30-34/26,F-34,128,30:04,49.69%
355,Ariane Benito,"San Diego, CA",315,30:01,9:40,F 25-29/26,F-25,129,30:48,49.33%
356,Lynne Goldacker,"San Diego, CA",145,30:01,9:40,F 50-54/3,F-50,130,30:35,55.89%
357,Teresa Grenawalt,"Solana Beach, CA",1098,30:04,9:41,F 30-34/27,F-30,131,43:03,49.25%
358,Rose Anne Villamarin,"San Diego, CA",328,30:04,9:41,F 16-19/6,F-18,132,30:26,49.81%
359,Rebecca McArthur,"San Diego, CA",305,30:05,9:41,F 30-34/28,F-30,133,38:22,49.22%
360,Frank Seres,"Dana Point, CA",876,30:07,9:42,M 45-49/22,M-49,227,30:50,48.62%
361,Christopher Lopez,"Chula Vista, CA",971,30:12,9:44,M 35-39/34,M-36,228,30:15,43.95%
362,Mark Meyer,"San Clemente, CA",983,30:13,9:44,M 50-54/15,M-52,229,30:50,49.61%
363,Allison Balaguer,"Chula Vista, CA",459,30:14,9:44,F 01-12/11,F-11,134,30:36,55.05%
364,Erich Schwarz,"San Diego, CA",1013,30:15,9:45,M 30-34/28,M-33,230,30:19,43.16%
365,Sarah Choe,"San Diego, CA",302,30:15,9:45,F 25-29/27,F-29,135,38:34,48.95%
366,Maria Elena Koerber,"Chula Vista, CA",780,30:18,9:46,F 55-59/3,F-55,136,30:34,59.00%
367,Brogan Walling,"San Diego, CA",910,30:19,9:46,F 20-24/16,F-23,137,30:50,48.84%
368,Kerri Yuen,"San Diego, CA",360,30:20,9:46,F 20-24/17,F-22,138,30:33,48.82%
369,Kelly Salmon,"Carlsbad, CA",196,30:20,9:46,F 35-39/23,F-38,139,44:20,49.92%
370,Trevor Salmon,"Carlsbad, CA",868,30:21,9:46,M 13-15/10,M-13,231,44:20,47.80%
371,Angela Aguilar,"San Diego, CA",601,30:21,9:46,F 30-34/29,F-33,140,30:25,49.01%
372,Xochitl Efigenio Cortes,"Carlsbad, CA",694,30:21,9:47,F 30-34/30,F-31,141,30:56,48.85%
373,Nam Ngo,"San Marcos, CA",992,30:23,9:47,M 30-34/29,M-34,232,30:51,43.19%
374,Timothy Wright,"San Diego, CA",227,30:23,9:47,M 30-34/30,M-30,233,32:27,42.59%
375,Mason Meyer,"San Clemente, CA",984,30:24,9:47,M 01-12/15,M-9,234,31:05,53.81%
376,Kh Chong,"San Diego, CA",652,30:25,9:48,M 50-54/16,M-50,236,30:51,48.52%
377,Randy Saroff,"San Diego, CA",527,30:25,9:48,M 50-54/17,M-53,235,30:33,49.73%
378,Matthew Saroff,"San Diego, CA",525,30:25,9:48,M 01-12/16,M-6,237,30:33,61.51%
379,Barry Davis,"Coronado, CA",670,30:26,9:48,M 50-54/18,M-53,238,30:55,49.70%
380,Carrie Meyer,"San Clemente, CA",981,30:27,9:48,F 40-44/10,F-42,142,31:06,50.93%
381,Monica Necoechea,"San Diego, CA",821,30:31,9:50,F 35-39/24,F-39,143,31:01,49.84%
382,Clara Song,"La Jolla, CA",203,30:31,9:50,F 01-12/12,F-10,144,30:36,55.96%
383,Lei Poo,"San Diego, CA",344,30:32,9:50,F 30-34/31,F-34,145,31:12,48.83%
384,Kenia Varela,"San Diego, CA",905,30:33,9:50,F 25-29/28,F-29,146,30:46,48.47%
385,Kellyn Swenson,"La Jolla, CA",893,30:33,9:50,F 25-29/29,F-26,147,30:50,48.47%
386,Bryce Michie,"Encinitas, CA",170,30:34,9:51,M 01-12/17,M-7,239,30:38,58.27%
387,Robbie Swenson,"La Jolla, CA",894,30:34,9:51,M 25-29/43,M-27,240,30:50,42.23%
388,Ethan Coston,"La Mesa, CA",930,30:36,9:51,M 13-15/11,M-13,241,31:08,47.41%
389,Kevin Kosuth,"San Diego, CA",1094,30:37,9:52,M 25-29/44,M-28,242,44:33,42.16%
390,Monica Harlow,"Santee, CA",1097,30:38,9:52,F 30-34/32,F-31,148,49:38,48.39%
391,Aaron Baldwin,"Oceanside, CA",106,30:40,9:53,M 35-39/35,M-35,243,31:02,43.01%
392,Lauren Valdez,"Chula Vista, CA",348,30:40,9:53,F 01-12/13,F-12,149,30:54,53.13%
393,Natalie Smith,"San Diego, CA",531,30:41,9:53,F 01-12/14,F-10,150,30:56,55.65%
394,Annabelle Gouraud,"La Jolla, CA",958,30:42,9:53,F 01-12/15,F-12,151,35:18,53.07%
395,Romane Vigouroux,"La Jolla, CA",1088,30:42,9:53,F 01-12/16,F-11,152,35:18,54.21%
396,Erin Owen,"Encinitas, CA",841,30:43,9:53,F 45-49/6,F-45,153,30:47,51.74%
397,Velia Ibarra,"San Marcos, CA",151,30:43,9:54,F 30-34/33,F-33,154,31:01,48.43%
398,Doug Leo,"Upland, CA",581,30:43,9:54,M 55-59/9,M-58,244,31:49,51.36%
399,Bella Spilotro,"San Diego, CA",885,30:44,9:54,F 01-12/17,F-11,155,31:51,54.15%
400,John Mitchell,"San Diego, CA",565,30:44,9:54,M 50-54/19,M-50,245,32:32,48.02%
401,Miranda Maclean,"Chula Vista, CA",794,30:46,9:54,F 25-29/30,F-27,156,31:05,48.13%
402,Gigi Spilotro,"San Diego, CA",886,30:46,9:55,F 01-12/18,F-8,157,31:54,58.92%
403,Kevin McGrath,"San Diego, CA",800,30:49,9:56,M 30-34/31,M-31,246,32:11,42.10%
404,Katie Pastuch,"San Diego, CA",996,30:50,9:56,F 25-29/31,F-29,158,30:59,48.03%
405,Thomas Eagling,"San Diego, CA",442,30:53,9:57,M 30-34/32,M-32,247,31:29,42.12%
406,Meghan Day,"Poway, CA",441,30:53,9:57,F 20-24/18,F-22,159,31:29,47.95%
407,Tim McCabe,"Santee, CA",419,30:55,9:57,M 40-44/23,M-41,248,31:01,44.50%
408,Staci Parik,"San Diego, CA",845,30:55,9:57,F 25-29/32,F-28,160,31:10,47.90%
409,Nicole Oder,"San Diego, CA",830,30:57,9:58,F 30-34/34,F-32,161,32:19,47.95%
410,Vicente Tapia,"San Diego, CA",511,31:00,9:59,M 45-49/23,M-48,249,31:44,46.85%
411,Maryann Le,"San Diego, CA",304,31:05,10:01,F 30-34/35,F-33,162,32:08,47.85%
412,Lisa Christensen,"San Diego, CA",653,31:05,10:01,F 30-34/36,F-32,163,31:55,47.75%
413,Chrissie Ng,"San Diego, CA",826,31:06,10:01,F 20-24/19,F-23,164,33:09,47.61%
414,William Hawkins,"San Diego, CA",354,31:11,10:03,M 30-34/33,M-34,250,36:00,42.09%
415,Pedro Cruz,"Escondido, CA",397,31:12,10:03,M 50-54/20,M-52,251,31:19,48.05%
416,Ciera Davis,"San Diego, CA",672,31:12,10:03,F 25-29/33,F-26,165,31:27,47.46%
417,Antoniojr Maldonado,"San Diego, CA",1061,31:12,10:03,M 30-34/34,M-34,252,31:42,42.06%
418,Lynn Bautista,"San Diego, CA",462,31:13,10:03,F 35-39/25,F-36,166,33:34,48.08%
419,Rachel Young,"Vista, CA",229,31:15,10:04,F 25-29/34,F-27,167,38:49,47.39%
420,Michael Cochran,"La Mesa, CA",366,31:20,10:05,M 30-34/35,M-31,253,32:22,41.41%
421,Amber Gardina,"San Diego, CA",957,31:21,10:06,F 30-34/37,F-30,168,32:17,47.23%
422,Emily Principe,"Sd, CA",314,31:22,10:06,F 35-39/26,F-39,169,32:13,48.48%
423,Elizabeth Miller,"San Diego, CA",253,31:25,10:07,F 30-34/38,F-30,170,32:01,47.13%
424,Amy Eldridge,"San Diego, CA",695,31:30,10:09,F 25-29/35,F-27,171,32:14,47.01%
425,Lauren Hong,"San Diego, CA",962,31:31,10:09,F 13-15/5,F-15,172,32:31,49.21%
426,Jason Nguyen,"San Diego, CA",828,31:32,10:09,M 20-24/16,M-21,254,32:35,41.09%
427,Shayla Manthei,"San Diego, CA",342,31:33,10:10,F 35-39/27,F-37,173,53:14,47.73%
428,Andy Lilliston,"McKinney, TX",786,31:33,10:10,M 55-59/10,M-59,255,32:18,50.42%
429,Debbie Gralla,"Oceanside, CA",426,31:39,10:11,F 25-29/36,F-26,174,31:52,46.79%
430,Jazmin Garcia,"San Ysidro, CA",716,31:43,10:13,F 20-24/20,F-23,175,31:57,46.69%
431,Kristina Reese,"San Ysidro, CA",184,31:43,10:13,F 20-24/21,F-23,176,31:57,46.69%
432,Daisy Binert,"San Diego, CA",110,31:44,10:13,F 30-34/39,F-30,177,31:51,46.66%
433,Sarah Robbins,"Lakeside, CA",188,31:45,10:14,F 35-39/28,F-35,178,32:39,47.11%
434,Paige Thomas,"San Diego, CA",1022,31:45,10:14,F 13-15/6,F-14,179,34:50,49.53%
435,Steven Lenox,"Spring Valle, CA",1037,31:46,10:14,M 25-29/45,M-27,256,31:50,40.63%
436,Peter Yoon,"San Diego, CA",505,31:46,10:14,M 40-44/24,M-43,257,33:20,43.99%
437,Karlo Orque,"San Diego, CA",837,31:50,10:15,M 25-29/46,M-26,258,33:06,40.54%
438,Karine Hucher,"La Jolla, CA",382,31:50,10:15,F 30-34/40,F-31,180,33:11,46.54%
439,Molly Keogh,"Chula Vista, CA",155,31:52,10:16,F 40-44/11,F-42,181,32:31,48.67%
440,Jessica Larue,"Oceanside, CA",349,31:52,10:16,F 25-29/37,F-28,182,32:03,46.47%
441,Matt Knight,"San Diego, CA",518,31:53,10:16,M 30-34/36,M-30,259,35:40,40.59%
442,Nicole Lawton Lawton,"Lemon Grove, CA",482,31:56,10:17,F 16-19/7,F-19,183,33:10,46.53%
443,Alexandra Taccone,"San Diego, CA",420,32:00,10:18,F 40-44/12,F-42,184,32:36,48.44%
444,Jennifer Betancourt,"San Diego, CA",109,32:04,10:20,F 25-29/38,F-25,185,32:16,46.18%
445,Meghan Coleman,"San Diego, CA",658,32:07,10:21,F 25-29/39,F-28,186,32:30,46.11%
446,Collin Deutsch,"San Clemente, CA",1065,32:13,10:22,M 01-12/18,M-9,260,32:56,50.78%
447,Frederick Deutsch,"San Clemente, CA",1059,32:13,10:23,M 50-54/21,M-51,261,32:56,46.17%
448,Lindsay White,"San Diego, CA",913,32:17,10:24,F 25-29/40,F-28,187,32:31,45.87%
449,Marilou Pennington,"San Diego, CA",469,32:19,10:25,F 40-44/13,F-44,188,34:53,48.71%
450,Dennis Hernandez,"Jamul, CA",453,32:20,10:25,M 45-49/24,M-46,262,32:39,44.20%
451,Norman Tuinstra,"San Marcos, CA",901,32:21,10:25,M 50-54/22,M-50,263,32:55,45.62%
452,Sandra Wiese,"San Diego, CA",224,32:21,10:25,F 25-29/41,F-29,189,32:54,45.77%
453,Alexandra Fresh,"La Mesa, CA",712,32:21,10:25,F 20-24/22,F-24,190,32:59,45.77%
454,Dana Nguyen,"San Diego, CA",827,32:23,10:26,F 20-24/23,F-22,191,34:26,45.73%
455,Sania Mendez,"San Diego, CA",802,32:24,10:26,F 25-29/42,F-27,192,32:37,45.70%
456,Sherry Lacson,"Escondido, CA",580,32:25,10:26,F 25-29/43,F-29,193,33:50,45.68%
457,Rachel Bruner,"San Diego, CA",115,32:28,10:27,F 25-29/44,F-29,194,33:14,45.61%
458,Teresa Cochran,"La Mesa, CA",367,32:29,10:28,F 25-29/45,F-27,195,33:31,45.59%
459,Joan Sy,"San Diego, CA",473,32:32,10:29,F 40-44/14,F-42,196,33:16,47.67%
460,Erica Cox,"Oceanside, CA",423,32:33,10:29,F 40-44/15,F-40,197,33:34,47.03%
461,Amanda Johnstone,"San Diego, CA",965,32:37,10:30,F 25-29/46,F-26,198,32:45,45.40%
462,Levin Hitch,"Encinitas, CA",446,32:42,10:32,M 40-44/25,M-42,264,33:01,42.38%
463,Deborah Newell,"San Diego, CA",825,32:47,10:33,F 55-59/4,F-57,199,32:57,56.00%
464,Linda Whitaker,"Poway, CA",452,32:50,10:34,F 60-64/3,F-61,200,33:06,59.12%
465,Kristine Esquibel,"Hemet, CA",699,32:50,10:34,F 35-39/29,F-37,201,33:27,45.86%
466,Zohreh Akhavan,"San Jose, CA",497,32:51,10:35,F 20-24/24,F-24,202,45:59,45.08%
467,Shawna Ghafouri,"San Diego, CA",445,32:53,10:35,F 25-29/47,F-26,203,33:26,45.03%
468,Sarah Sandauer,"San Diego, CA",568,32:54,10:36,F 30-34/41,F-30,204,41:55,45.01%
469,Jessica Sanchez,"El Cajon, CA",1012,32:54,10:36,F 25-29/48,F-26,205,33:37,45.01%
470,Celina Ross,"San Marcos, CA",1008,33:03,10:39,F 40-44/16,F-40,206,33:33,46.32%
471,Alice Jean,"La Jolla, CA",383,33:03,10:39,F 30-34/42,F-31,207,34:22,44.85%
472,Mai Truong,"San Diego, CA",1063,33:04,10:39,F 25-29/49,F-26,208,34:06,44.78%
473,Lovie Li,"La Jolla, CA",503,33:05,10:39,F 20-24/25,F-23,209,46:12,44.76%
474,Amy Mauth,"San Diego, CA",1062,33:12,10:42,F 30-34/43,F-32,210,33:19,44.70%
475,Jake Leung,"Del Mar, CA",1048,33:16,10:43,M 16-19/10,M-16,265,33:22,41.20%
476,Jason Omoto,"San Diego, CA",359,33:17,10:43,M 30-34/37,M-33,266,33:46,39.23%
477,Tyre Richards,"Murrieta, CA",544,33:18,10:43,F 35-39/30,F-37,211,34:26,45.22%
478,Steve Mize,"San Diego, CA",809,33:27,10:46,M 50-54/23,M-51,267,33:35,44.47%
479,Reggie Ridgels,"La Mesa, CA",861,33:27,10:46,M 40-44/26,M-40,268,34:53,40.83%
480,Glenda Viray,"Chula Vista, CA",264,33:27,10:46,F 35-39/31,F-35,212,35:00,44.72%
481,Aneita Rashford,"San Diego, CA",1004,33:34,10:48,F 35-39/32,F-38,213,35:00,45.11%
482,Kenia Rivera,"Santee, CA",862,33:36,10:49,F 25-29/50,F-28,214,34:39,44.07%
483,Jay Bautista,"San Diego, CA",461,33:39,10:50,M 40-44/27,M-41,269,37:07,40.88%
484,Kevin Cournoyer,"Santee, CA",661,33:41,10:51,M 35-39/36,M-38,270,33:49,39.95%
485,Maria Mutuc,"San Diego, CA",987,33:43,10:51,F 35-39/33,F-37,215,35:03,44.66%
486,Jessie Weddle,"Vista, CA",326,33:43,10:52,F 35-39/34,F-38,216,33:52,44.91%
487,Renato Villena,"San Diego, CA",907,33:45,10:52,M 30-34/38,M-31,271,34:14,38.44%
488,Randy Andrade,"San Diego, CA",395,33:45,10:52,M 40-44/28,M-41,272,34:14,40.76%
489,Michelle Kim,"Oceanside, CA",553,33:46,10:52,F 20-24/26,F-23,217,34:35,43.85%
490,Oscar Urrea,"San Diego, CA",539,33:46,10:52,M 20-24/17,M-24,273,34:54,38.22%
491,Joanne Selga,"Chula Vista, CA",251,33:49,10:53,F 35-39/35,F-39,218,34:23,44.97%
492,Daniel Garcia,"San Diego, CA",457,33:49,10:54,M 25-29/47,M-28,274,33:54,38.17%
493,Audrey Taylor,"Escondido, CA",896,33:50,10:54,F 40-44/17,F-43,219,33:55,46.18%
494,Gabriela Javier,"San Diego, CA",153,33:50,10:54,F 50-54/4,F-54,220,35:07,52.14%
495,Cynthia Zeighami,"Escondido, CA",232,33:55,10:55,F 40-44/18,F-43,221,34:13,46.07%
496,Anne Fosselman,"San Diego, CA",708,33:56,10:56,F 25-29/51,F-25,222,35:21,43.64%
497,Mike Binert,"San Diego, CA",111,34:00,10:57,M 30-34/39,M-30,275,34:07,38.04%
498,Loriann Drozd,"San Marcos, CA",552,34:05,10:59,F 50-54/5,F-52,223,34:45,50.44%
499,Summer Maga,"Encinitas, CA",307,34:05,10:59,F 25-29/52,F-28,224,47:20,43.44%
500,Madeline Wadel,"San Diego, CA",389,34:09,11:00,F 13-15/7,F-13,225,34:56,46.78%
501,Mark Wadel,"San Diego, CA",390,34:09,11:00,M 40-44/29,M-42,276,34:56,40.58%
502,Madhuri Singh,"San Diego, CA",362,34:10,11:00,F 25-29/53,F-27,226,34:24,43.34%
503,Jose Daza,"San Diego, CA",463,34:10,11:00,M 40-44/30,M-40,277,35:43,39.97%
504,Karen Alberding,"Wildomar, CA",416,34:12,11:01,F 55-59/5,F-55,227,34:23,52.27%
505,Syrus Jaffe,"Carlsbad, CA",764,34:15,11:02,M 35-39/37,M-39,278,35:07,39.58%
506,Jennifer Craig,"Veneta, OR",663,34:17,11:02,F 35-39/36,F-38,228,36:53,44.16%
507,Cailin Freeman,"San Diego, CA",711,34:17,11:02,F 25-29/54,F-28,229,35:29,43.19%
508,James Truesdale,"Coronado, CA",900,34:17,11:03,M 25-29/48,M-29,279,35:29,37.69%
509,Michelle Wilson,"Imperial Beach, CA",918,34:18,11:03,F 40-44/19,F-40,230,36:55,44.63%
510,Siobhan Graham,"San Diego, CA",564,34:18,11:03,F 35-39/37,F-38,231,34:41,44.14%
511,Annie Hanson,"Coronado, CA",736,34:18,11:03,F 25-29/55,F-29,232,35:30,43.17%
512,Nicholas Saroff,"San Diego, CA",526,34:21,11:04,M 01-12/19,M-8,280,34:29,49.56%
513,Anjelika Saroff,"San Diego, CA",524,34:21,11:04,F 35-39/38,F-36,233,34:29,43.69%
514,Allison Milow,"La Mesa, CA",372,34:21,11:04,F 25-29/56,F-27,234,34:35,43.11%
515,Kathryn Cawthorne,"San Diego, CA",1084,34:21,11:04,F 50-54/6,F-52,235,39:34,50.05%
516,Sarah Reed,"San Diego, CA",183,34:26,11:05,F 25-29/57,F-28,236,35:09,43.00%
517,Nicole Denny,"Vista, CA",681,34:30,11:07,F 30-34/44,F-32,237,37:48,43.02%
518,Theresa Kuhn,"Lakeside, CA",163,34:31,11:07,F 55-59/6,F-59,238,35:24,54.69%
519,Kerry Davis,"Coronado, CA",673,34:32,11:07,F 55-59/7,F-57,239,35:01,53.16%
520,Catherine Dennett,"Alpine, CA",680,34:33,11:08,F 45-49/7,F-45,240,34:43,45.99%
521,Eric Mitchell,"San Diego, CA",475,34:33,11:08,M 40-44/31,M-41,281,35:04,39.82%
522,Meganne Harvey,"San Diego, CA",742,34:36,11:09,F 20-24/27,F-24,241,35:09,42.80%
523,Sharon Macdonald,"El Cajon, CA",793,34:36,11:09,F 20-24/28,F-24,242,35:09,42.80%
524,Lucy Liang,"San Diego, CA",969,34:43,11:11,F 16-19/8,F-16,243,34:43,44.09%
525,Noemi Talamante,"Chula Vista, CA",895,34:43,11:11,F 40-44/20,F-44,244,34:58,45.34%
526,Adrienne Young,"Chula Vista, CA",228,34:45,11:11,F 30-34/45,F-31,245,36:31,42.66%
527,Diane Gerken,"Chula Vista, CA",142,34:45,11:12,F 40-44/21,F-42,246,36:31,44.63%
528,Anna Hong,"San Diego, CA",961,34:45,11:12,F 01-12/19,F-11,247,36:00,47.89%
529,Donald Gerken,"Chula Vista, CA",143,34:45,11:12,M 40-44/32,M-41,282,36:31,39.59%
530,Kristi Mulford,"San Diego, CA",985,34:47,11:12,F 30-34/46,F-32,248,37:25,42.67%
531,Dylan Vizanko,"San Marcos, CA",1029,34:48,11:12,M 01-12/20,M-9,283,35:31,47.01%
532,Marlesha Keys,"El Cajon, CA",777,34:48,11:13,F 25-29/58,F-26,249,35:18,42.55%
533,Justin Nguyen,"Anaheim Hills, CA",254,34:50,11:13,M 25-29/49,M-25,284,35:25,37.05%
534,Anna Nguyen,"San Diego, CA",504,34:52,11:14,F 20-24/29,F-24,250,35:26,42.47%
535,Claudia Rodriguez,"Chula Vista, CA",189,34:56,11:15,F 30-34/47,F-30,251,35:22,42.39%
536,Kenneth Fernandez,"San Diego, CA",138,34:59,11:16,M 30-34/40,M-34,285,36:00,37.51%
537,Pamela Vizanko,"San Marcos, CA",543,35:00,11:16,F 40-44/22,F-44,252,35:44,44.97%
538,Dawnmarie Tastor,"Carlsbad, CA",593,35:00,11:16,F 35-39/39,F-39,253,35:42,43.45%
539,Vincent Cusumano,"San Diego, CA",126,35:01,11:17,M 25-29/50,M-25,286,35:13,36.86%
540,Nathan Pennington,"San Diego, CA",470,35:02,11:17,M 01-12/21,M-12,287,35:25,42.46%
541,Ronnlee Morris,"San Diego, CA",813,35:03,11:17,M 16-19/11,M-17,288,36:25,38.53%
542,Ingrid Osuna,"San Diego, CA",840,35:06,11:18,F 20-24/30,F-24,254,35:24,42.19%
543,Corina Marshall,"La Mesa, CA",795,35:10,11:19,F 30-34/48,F-32,255,35:40,42.20%
544,Catherine Dionisio,"San Diego, CA",685,35:14,11:21,F 30-34/49,F-31,256,38:13,42.07%
545,Mariel Estigarribia,"San Diego, CA",135,35:16,11:21,F 30-34/50,F-32,257,41:24,42.08%
546,Estela Rios,"San Diego, CA",926,35:17,11:22,F 30-34/51,F-33,258,46:55,42.16%
547,Parker Keskinen,"San Diego, CA",156,35:17,11:22,M 01-12/22,M-10,289,35:23,44.75%
548,Emma Bottin,"San Diego, CA",940,35:18,11:22,F 13-15/8,F-15,259,35:31,43.93%
549,Erik Keskinen,"San Diego, CA",776,35:18,11:22,M 40-44/33,M-40,290,35:23,38.69%
550,Connor Deutsch,"San Clemente, CA",1064,35:23,11:24,M 01-12/23,M-11,291,36:04,43.26%
551,Heather Brice,"San Diego, CA",633,35:25,11:24,F 35-39/40,F-36,260,35:49,42.37%
552,Brent Batali,"Fallbrook, CA",555,35:26,11:25,M 45-49/25,M-45,292,38:25,40.05%
553,Lexine Arambulo,"San Diego, CA",377,35:28,11:25,F 01-12/20,F-7,261,35:32,52.94%
554,Claudia Neba,"San Diego, CA",820,35:29,11:25,F 25-29/59,F-25,262,36:07,41.73%
555,Melissa Butler,"San Diego, CA",637,35:29,11:26,F 01-12/21,F-12,263,35:36,45.91%
556,Jill Corbin,"Santee, CA",951,35:30,11:26,F 35-39/41,F-35,264,36:22,42.13%
557,Michele Price,"El Cajon, CA",548,35:30,11:26,F 40-44/23,F-40,265,36:21,43.12%
558,Becky Tallarida,"San Diego, CA",373,35:32,11:27,F 50-54/7,F-53,266,36:35,49.04%
559,Christa Bailey,"Carlsbad, CA",541,35:32,11:27,F 40-44/24,F-40,267,35:32,43.08%
560,Britney Villanueva,"Imperial, CA",481,35:33,11:27,F 20-24/31,F-22,268,38:14,41.65%
561,Jonan Medrano,"Imperial, CA",480,35:33,11:27,M 20-24/18,M-22,293,38:14,36.30%
562,Mindy Davis,"San Diego, CA",674,35:41,11:30,F 30-34/52,F-30,269,36:53,41.50%
563,Trisha Nguyen,"San Diego, CA",323,35:45,11:31,F 16-19/9,F-16,270,36:53,42.82%
564,Jihui Jin,"San Diego, CA",322,35:46,11:31,M 16-19/12,M-17,294,36:53,37.76%
565,Brittney Hui,"San Diego, CA",499,35:55,11:34,F 20-24/32,F-23,271,35:55,41.23%
566,Sarah Sibajene,"San Diego, CA",401,35:57,11:35,F 25-29/60,F-29,272,37:55,41.19%
567,Melissa Nelkin,"Rancho Santa Fe, CA",1076,35:58,11:35,F 30-34/53,F-32,273,37:55,41.26%
568,Jessica Cole,"San Diego, CA",123,35:58,11:35,F 30-34/54,F-32,274,37:40,41.26%
569,Chuck Cole,"Chula Vista, CA",535,36:01,11:36,M 65-69/4,M-66,295,37:42,47.04%
570,Michelle Justice,"San Diego, CA",770,36:01,11:36,F 25-29/61,F-29,275,37:18,41.11%
571,Kirsten Huber,"Encinitas, CA",447,36:01,11:36,F 40-44/25,F-41,276,36:20,42.73%
572,Sophie Coston,"La Mesa, CA",440,36:23,11:43,F 35-39/42,F-38,277,36:55,41.61%
573,Christina Johnstone,"San Diego, CA",966,36:28,11:45,F 20-24/33,F-23,278,36:36,40.60%
574,Dara Perales,"Oceanside, CA",850,36:31,11:45,F 40-44/26,F-43,279,36:41,42.79%
575,Samantha Jasa,"San Diego, CA",766,36:36,11:47,F 20-24/34,F-20,280,36:46,40.46%
576,Kristina Dela Rosa,"San Diego, CA",129,36:41,11:49,F 35-39/43,F-35,281,37:42,40.77%
577,Said Dawlabani,"La Jolla, CA",675,36:52,11:52,M 50-54/24,M-50,296,44:57,40.03%
578,Christopher Halter,"San Diego, CA",733,36:57,11:54,M 45-49/26,M-47,297,38:11,38.99%
579,S Damian Hareb,"San Diego, CA",740,37:01,11:55,M 35-39/38,M-38,298,38:11,36.35%
580,Rachel Fairburn,"San Diego, CA",701,37:02,11:56,F 45-49/8,F-46,282,38:24,43.31%
581,Katy Small,"San Diego, CA",880,37:03,11:56,F 30-34/55,F-33,283,38:24,40.14%
582,Elise Minda,"San Diego, CA",492,37:04,11:56,F 25-29/62,F-29,284,38:28,39.95%
583,Lavenda Jackson,"San Diego, CA",250,37:06,11:57,F 40-44/27,F-41,285,38:24,41.48%
584,Janette Ridgels,"La Mesa, CA",860,37:06,11:57,F 40-44/28,F-40,286,38:34,41.26%
585,Don Kuhn,"Lakeside, CA",162,37:07,11:57,M 60-64/8,M-64,299,38:04,44.79%
586,John Robbins,"Lakeside, CA",187,37:09,11:58,M 35-39/39,M-36,300,38:04,35.73%
587,Daku Kang,"San Diego, CA",500,37:17,12:00,M 30-34/41,M-31,301,38:50,34.79%
588,Peter Bisgaard,"San Diego, CA",335,37:30,12:05,M 40-44/34,M-44,302,39:23,37.53%
589,Anita Bisgaard,"San Diego, CA",334,37:31,12:05,F 01-12/22,F-12,287,39:23,43.42%
590,Amanda Schaffer,"San Diego, CA",870,37:35,12:06,F 30-34/56,F-34,288,37:44,39.66%
591,Annie Freeman,"San Diego, CA",710,37:37,12:07,F 30-34/57,F-30,289,38:16,39.36%
592,DorothTe Cantagrel,"San Diego, CA",118,37:40,12:08,F 30-34/58,F-33,290,39:00,39.49%
593,Melinda Crowley,"Del Mar, CA",399,37:48,12:10,F 25-29/63,F-25,291,38:29,39.17%
594,Colton Ryan,"San Diego, CA",585,37:51,12:11,M 20-24/19,M-20,303,37:56,34.45%
595,Andrew Hong,"San Diego, CA",960,37:52,12:12,M 13-15/12,M-13,304,38:22,38.31%
596,Tony Hong,"San Diego, CA",963,37:52,12:12,M 40-44/35,M-43,305,38:22,36.90%
597,Candace Bohnert,"Chula Vista, CA",347,37:58,12:14,F 35-39/44,F-38,292,38:12,39.88%
598,Christina Wood Martinez,"San Diego, CA",225,37:58,12:14,F 25-29/64,F-25,293,38:37,39.00%
599,Mark Drake,"El Cajon, CA",955,38:10,12:18,M 40-44/36,M-42,306,39:06,36.30%
600,Barbara Ohse,"Chicago, IL",1069,38:11,12:18,F 35-39/45,F-36,294,39:24,39.30%
701,Alanna Jarvis,"Oceanside, CA",427,46:55,15:06,F 01-12/31,F-6,362,47:57,41.65%
702,Ciara Cox,"Oceanside, CA",422,46:55,15:06,F 01-12/32,F-5,363,47:57,43.53%
703,Dan Jarvis,"Oceanside, CA",428,46:56,15:07,M 35-39/44,M-39,340,47:59,28.88%
704,Teresa Harrison,"San Diego, CA",149,47:03,15:09,F 50-54/12,F-50,364,1:02:11,35.65%
705,Cathy Burkhardt,"El Cajon, CA",436,47:04,15:09,F 55-59/9,F-57,365,1:02:11,39.00%
706,Maeve Howlett,"Chula Vista, CA",1091,47:31,15:18,F 01-12/33,F-10,366,52:24,35.93%
707,Tom Howlett,"Chula Vista, CA",1092,47:32,15:18,M 55-59/11,M-56,341,52:24,32.62%
708,Martha Howlett,"Chula Vista, CA",1057,47:33,15:19,F 45-49/14,F-46,367,52:26,33.73%
709,Acree Athena,"San Diego, CA",506,47:46,15:23,F 30-34/74,F-34,368,48:32,31.19%
710,Sarah Brundle,"San Diego, CA",507,47:48,15:23,F 35-39/51,F-35,369,48:33,31.29%
711,Anne Sugden,"San Diego, CA",510,47:50,15:24,F 40-44/39,F-42,370,48:33,32.42%
712,Romeo Baldomero,"Chula Vista, CA",611,47:52,15:25,M 01-12/32,M-8,342,48:27,35.56%
713,Erizaldy Baldomero,"Chula Vista, CA",521,47:52,15:25,M 35-39/45,M-39,343,48:28,28.32%
714,Michelle Gonzales,"Santee, CA",259,47:56,15:26,F 25-29/75,F-28,371,48:43,30.89%
715,Lean Ong,"San Diego, CA",836,48:02,15:28,F 45-49/15,F-45,372,49:40,33.08%
716,Kathy Cannon,"Spring Valley, CA",641,48:11,15:31,F 60-64/6,F-61,373,49:23,40.28%
717,Barbara Emont,"San Diego, CA",379,48:19,15:33,F 60-64/7,F-60,374,49:18,39.61%
718,Molly Shirer,"Coronado, CA",1017,49:05,15:48,F 50-54/13,F-52,375,49:48,35.02%
719,William Ostrander,"Coronado, CA",995,49:06,15:49,M 20-24/20,M-20,344,49:50,26.55%
720,Nancy Beltran,"Temecula, CA",619,49:15,15:51,F 30-34/75,F-30,376,50:31,30.06%
721,Gabi Halpern,"San Diego, CA",731,49:35,15:58,F 25-29/76,F-26,377,50:38,29.86%
722,Erin Durbin-Sherer,"San Diego, CA",690,50:07,16:08,F 30-34/76,F-30,378,52:07,29.54%
723,Maria McKee,"Coronado, CA",1049,50:08,16:09,F 30-34/77,F-34,379,52:09,29.73%
724,Nancy Yorba,"Poway, CA",922,50:33,16:17,F 20-24/37,F-24,380,51:20,29.29%
725,Maria Olaes,"San Diego, CA",247,50:48,16:21,F 40-44/40,F-44,381,50:59,30.98%
726,John Valenzuela,"Sn Bernardin, CA",1095,51:20,16:32,M 50-54/26,M-51,345,59:34,28.97%
727,Mary Macdonald,"Cypress, CA",791,52:34,16:55,F 55-59/10,F-57,382,54:04,34.92%
728,Maria Santos,"San Diego, CA",483,52:34,16:55,F 30-34/78,F-33,383,53:33,28.29%
729,Ron Macdonald,"Cypress, CA",792,52:34,16:56,M 55-59/12,M-57,346,54:04,29.75%
730,Dennis Montoya,"Buena Park, CA",810,52:37,16:56,M 75-99/2,M-76,347,54:07,36.66%
731,Meghan Michel,"San Diego, CA",805,52:41,16:58,F 16-19/13,F-16,384,53:03,29.05%
732,Serena Batali,"Fallbrook, CA",556,52:45,16:59,F 13-15/10,F-15,385,58:51,29.39%
733,Kevin Chouinard,", ",256,53:03,17:05,M 30-34/45,M-33,348,55:41,24.61%
734,Cathy Burkhardt,"San Diego, CA",943,53:06,17:06,F 30-34/79,F-32,386,55:41,27.94%
735,Michael Patton,"San Diego, CA",1083,53:09,17:07,M 30-34/46,M-34,349,55:44,24.69%
736,Tom Rafferty,"San Clemente, CA",1002,53:13,17:08,M 55-59/13,M-55,350,53:54,28.88%
737,Cheryl Rafferty,"San Clemente, CA",1001,53:14,17:08,F 50-54/14,F-54,387,53:54,33.13%
738,Carmen Aponte,"San Marcos, CA",417,53:55,17:21,F 25-29/77,F-27,388,55:05,27.46%
739,Michelle Montoyavalenzuela,"Sn Bernrdno, CA",1096,55:08,17:45,F 50-54/15,F-54,389,1:03:19,31.99%
740,Emily Tolstad,"San Diego, CA",402,55:10,17:46,F 20-24/38,F-24,390,58:00,26.84%
741,Andrea Serrano,"San Ysidro, CA",1102,55:10,17:46,F 25-29/78,F-28,391,1:10:17,26.84%
742,Andrew Rempt,"Chula Vista, CA",185,55:24,17:50,M 45-49/30,M-47,351,57:18,26.00%
743,Jorge Ruiz,"San Diego, CA",508,55:28,17:51,M 45-49/31,M-48,352,57:36,26.18%
744,Maurene Auerswald,"San Clemente, CA",938,55:40,17:55,F 50-54/16,F-51,392,56:25,30.49%
745,Doris Nunez,"San Diego, CA",545,56:30,18:12,F 35-39/52,F-39,393,56:58,26.91%
746,Sophie Holland,"Coronado, CA",753,57:02,18:22,F 01-12/34,F-6,394,57:02,34.26%
747,Bobbie Pittman,"San Diego, CA",999,58:17,18:46,F 30-34/80,F-32,395,59:49,25.46%
748,Tiana Batali,"Fallbrook, CA",557,58:18,18:46,F 16-19/14,F-18,396,1:01:17,25.68%
749,Heidi Cramer,"San Diego, CA",551,59:16,19:05,F 25-29/79,F-26,397,1:11:01,24.98%
750,Robert Gascho,"San Diego, CA",538,59:23,19:07,M 45-49/32,M-47,353,1:08:18,24.26%
751,Bode Jaffe,"Carlsbad, CA",762,1:00:20,19:26,M 01-12/33,M-5,354,1:01:15,32.77%
752,Kathy Keeler,"Carlsbad, CA",774,1:00:20,19:26,F 40-44/41,F-42,398,1:01:16,25.70%
753,Lucy Smith,"San Diego, CA",925,1:00:57,19:37,F 50-54/17,F-53,399,1:00:57,28.58%
754,Shawna Duncan,"San Diego, CA",688,1:01:19,19:45,F 40-44/42,F-42,400,1:06:28,25.29%
755,Kathryn Minor,"San Diego, CA",808,1:01:30,19:48,F 45-49/16,F-48,401,1:06:38,26.62%
756,Jerry Highley,"San Diego, CA",456,1:01:50,19:54,M 45-49/33,M-48,355,1:03:13,23.48%
757,Michelle Godfrey,"San Diego, CA",597,1:02:02,19:58,F 30-34/81,F-31,402,1:04:10,23.89%
758,Rachel Peniche,"San Diego, CA",448,1:02:36,20:09,F 35-39/53,F-35,403,1:12:03,23.89%
759,Debbie Walsh,"Temecula, CA",1031,1:02:59,20:17,F 45-49/17,F-47,404,1:10:36,25.73%
760,Joshua Davis,"San Diego, CA",357,1:03:27,20:26,M 35-39/46,M-37,356,1:14:12,21.05%
761,Nicole Depalma,"San Diego, CA",682,1:04:10,20:39,F 25-29/80,F-25,405,1:14:15,23.07%
762,Jeannette Putzoli,"San Diego, CA",596,1:04:11,20:40,F 35-39/54,F-39,406,1:04:11,23.69%
763,Jamie Ulm,"San Diego, CA",363,1:04:13,20:40,F 30-34/82,F-32,407,1:05:54,23.10%
764,Adam Shively,"San Diego, CA",479,1:04:20,20:43,M 25-29/56,M-28,357,1:16:29,20.06%
765,Austin Dozier,"Coronado, CA",329,1:05:48,21:11,M 01-12/34,M-12,358,1:12:23,22.60%
766,Jared Guzzardo,"San Diego, CA",1085,1:06:06,21:17,M 16-19/16,M-18,359,1:11:40,20.18%
767,Isabel Torres,"San Diego, CA",496,1:06:50,21:31,F 01-12/35,F-12,408,1:06:50,24.37%
768,Daniel Jimenez,"Poway, CA",313,1:07:51,21:51,M 25-29/57,M-29,360,1:07:51,19.04%
769,Bob Clair,"San Diego, CA",528,1:07:52,21:51,M 55-59/14,M-56,361,1:07:52,22.84%
770,Teri Green,"San Diego, CA",381,1:10:51,22:49,F 55-59/11,F-57,409,1:12:06,25.91%
771,Elisabeth Green,"San Diego, CA",724,1:10:52,22:49,F 25-29/81,F-29,410,1:12:05,20.89%
772,Sierra Williams,"San Diego, CA",249,1:11:17,22:57,F 20-24/39,F-21,411,1:13:46,20.77%
773,Chelsea Williams,"San Diego, CA",421,1:11:17,22:57,F 20-24/40,F-23,412,1:13:46,20.77%
774,Brian Jackson,"San Diego, CA",759,1:12:45,23:25,M 35-39/47,M-38,362,1:13:40,18.49%
775,Robyn Eaton,"San Diego, CA",573,1:12:47,23:26,F 35-39/55,F-36,413,1:13:44,20.61%
776,Kelly Acevedo,"San Diego, CA",572,1:12:49,23:26,F 40-44/43,F-42,414,1:13:43,21.29%
777,Angel Beltre,"Oceanside, CA",478,1:12:53,23:28,M NoAge/1,M-0,363,1:12:53, 0.00%
778,Jessica Ellis,"San Marcos, CA",696,1:13:33,23:41,F 30-34/83,F-31,415,1:13:33,20.15%
779,Reiko Reynolds,"San Diego, CA",331,1:13:50,23:46,F 40-44/44,F-43,416,1:13:50,21.16%
780,Lauren Gray,"Cardiff By The Sea, CA",415,1:14:14,23:54,F 30-34/84,F-30,417,1:14:14,19.94%
781,Bulmaro Almazan,"San Diego, CA",1042,1:14:45,24:04,M 35-39/48,M-38,364,1:14:45,18.00%
782,Lenda Cypraie,"San Diego, CA",1104,1:14:47,24:05,F 50-54/18,F-53,418,1:14:47,23.29%
783,Andrea Cendejas,"San Diego, CA",946,1:15:33,24:19,F 20-24/41,F-24,419,1:15:33,19.59%
784,Mike Cendejas,"San Diego, CA",947,1:15:33,24:19,M 25-29/58,M-26,365,1:15:33,17.08%
785,Simone Sullivan,"San Diego, CA",1019,1:15:33,24:19,F 01-12/36,F-12,420,1:15:33,21.56%
786,Laura Rammel,"Carlsbad, CA",1103,1:15:35,24:20,F 25-29/82,F-28,421,1:15:35,19.59%
787,Brenda Hovis,"San Marcos, CA",542,1:17:06,24:49,F 40-44/45,F-40,422,1:17:06,19.85%
788,Kaleena Bergfors,"San Diego, CA",532,1:17:21,24:54,F 25-29/83,F-28,423,1:17:21,19.14%
789,Andrew Pawling,"Laguna Beach, CA",997,1:18:21,25:13,M 30-34/47,M-30,366,1:18:21,16.51%
790,Iva Pawling,"Laguna Beach, CA",998,1:18:21,25:13,F 25-29/84,F-29,424,1:18:21,18.89%
791,Barbara Ruiterman,"Vista, CA",193,1:20:22,25:52,F 55-59/12,F-58,425,1:25:04,23.15%
792,Tali Nadav,"San Diego, CA",817,1:20:33,25:56,F 25-29/85,F-25,426,1:20:33,18.38%
793,Fred Green,"San Diego, CA",380,1:21:13,26:09,M 55-59/15,M-59,367,1:22:28,19.58%
794,Ricky Tolentino,"San Diego, CA",394,1:22:20,26:30,M 40-44/40,M-43,368,1:22:20,16.97%
795,Lisa Marvin,"San Diego, CA",519,1:27:27,28:09,F 45-49/18,F-46,427,1:28:01,18.34%
796,Vanessa Surprise,"Vista, CA",240,1:28:22,28:27,F 30-34/85,F-33,428,1:28:22,16.83%
797,Kaley Wilson,"Vista, CA",241,1:28:22,28:27,F 13-15/11,F-13,429,1:28:22,18.07%
798,Cormac McCarty,"Vista, CA",238,1:28:23,28:27,M 01-12/35,M-6,369,1:28:23,21.16%
799,Hannah Wilson,"Vista, CA",242,1:28:23,28:27,F 01-12/37,F-10,430,1:28:23,19.31%
