Place,Name,Location,Bib,Net Time,Pace,Division/Place,Sex-Age,Sex-Place,Gun Time,Age Grade
1,Joaqin Martinez De Pinillos,"San Diego, CA",2133,16:10,5:12,M 13-17/0,M-14,1,16:10,87.91%
2,Daniel Jimenez,"Escondido, CA",1735,16:16,5:14,M 18-24/0,M-18,2,16:16,82.22%
3,Mark Jr Quiroz,"Escondido, CA",88,16:19,5:15,M 13-17/0,M-17,3,16:19,83.16%
4,Juan Mendoza,"San Diego, CA",1743,16:27,5:18,M 35-39/1,M-37,4,16:29,81.24%
5,James Sheremeta,"La Jolla, CA",824,16:28,5:18,M 50-54/1,M-50,5,16:29,89.67%
6,Aaron Gursel,"San Diego, CA",1211,16:31,5:19,M 18-24/1,M-21,6,16:35,78.48%
7,Tyler Wilson,"Huntington Beach, CA",1630,16:54,5:27,M 18-24/2,M-21,7,17:01,76.70%
8,Ryan Jensen,"Poway, CA",2181,16:56,5:27,M 18-24/3,M-21,8,17:06,76.55%
9,James Grimes,"San Diego, CA",761,17:00,5:29,M 30-34/1,M-30,9,17:01,76.15%
10,Eddie Ramos,"San Diego, CA",2219,17:24,5:36,M 18-24/4,M-22,10,25:43,74.21%
11,Josh Nunez,"El Cajon, CA",1416,17:28,5:38,M 13-17/1,M-15,11,17:34,79.75%
12,Patrick Godines,"Escondido, CA",1726,17:51,5:45,M 18-24/5,M-18,12,17:52,74.77%
13,Matt Kafka,"Orange, CA",285,17:56,5:47,M 35-39/2,M-38,13,18:56,75.07%
14,Kye Gilder,"San Diego, CA",1678,18:01,5:48,M 40-44/1,M-42,14,18:04,76.94%
15,Brian Culleton,"Poway, CA",938,18:03,5:49,M 30-34/2,M-32,15,18:05,72.09%
16,Justin Wolfe,"Ramona, CA",518,18:07,5:50,M 35-39/3,M-38,16,18:11,74.31%
17,Liam Lau,", ",1886,18:08,5:51,M 13-17/2,M-15,17,18:15,76.82%
18,Derek Thompson,"San Diego, CA",1983,18:13,5:52,M 18-24/6,M-24,18,18:19,70.88%
19,Kane McMahon,"San Diego, CA",405,18:15,5:53,M 13-17/3,M-14,19,18:40,77.79%
20,Samuel Aguirre,"Escondido, CA",1817,18:20,5:54,M 13-17/4,M-16,20,18:21,74.80%
21,Angela Ortlieb,"Escondido, CA",1427,18:22,5:55,F 13-17/0,F-16,1,18:22,83.38%
22,Chris Hostetler,"Malibu, CA",1241,18:23,5:55,M 18-24/7,M-19,21,18:25,71.78%
23,Michael Menzer,"San Diego, CA",575,18:24,5:56,M 13-17/5,M-16,22,18:31,74.52%
24,Kelli Stetson,"Escondido, CA",1544,18:29,5:57,F 13-17/0,F-16,2,18:29,85.08%
25,Vincent Tran,"San Diego, CA",106,18:29,5:57,M 13-17/6,M-14,23,18:34,76.81%
26,Benjamin Canales,"San Diego, CA",2194,18:34,5:59,M 18-24/8,M-24,24,30:07,69.54%
27,Paul Frederickson,"San Diego, CA",2173,18:39,6:00,M 55-59/1,M-57,25,18:43,83.90%
28,Jari Niskala,"San Diego, CA",780,18:39,6:00,M 35-39/4,M-35,26,18:41,70.75%
29,Jay Roberts,"San Diego, CA",2144,18:44,6:02,M 50-54/2,M-51,27,18:45,79.43%
30,Adalberto Molina,"Encinitas, CA",2107,18:45,6:02,M 55-59/2,M-57,28,18:46,83.45%
31,Ron Wells,"Alpine, CA",1613,18:50,6:04,M 65-69/1,M-67,29,18:53,90.79%
32,Blake Myers,"Newport Beach, CA",1810,18:52,6:05,M 18-24/9,M-20,30,23:53,69.14%
33,David Brooks,"San Diego, CA",374,18:53,6:05,M 45-49/1,M-49,31,18:57,77.56%
34,Randolph Ortlieb,"Escondido, CA",587,18:55,6:06,M 50-54/3,M-53,32,18:55,79.91%
35,Jenner Pennock,"Temecula, CA",1444,18:58,6:07,M 13-17/7,M-14,33,19:02,74.85%
36,Sam Hodges,"San Diego, CA",482,19:06,6:09,M 13-17/8,M-15,34,19:12,72.93%
37,Lauren Cortez,"Poway, CA",2180,19:07,6:09,F 18-24/0,F-20,3,19:07,78.17%
38,Tomas Miralles,"La Jolla, CA",305,19:09,6:10,M 13-17/9,M-15,35,19:15,72.74%
39,Michael Butler,"San Diego, CA",1054,19:14,6:12,M 45-49/2,M-48,36,19:16,75.54%
40,Jim Wheeler,"Poway, CA",1620,19:22,6:14,M 50-54/4,M-50,37,19:27,76.23%
41,Emily Rice,"Oceanside, CA",1468,19:25,6:15,F 01-12/1,F-10,4,19:27,87.97%
42,Sophia Chittle,"Poway, CA",1074,19:26,6:16,F 01-12/2,F-9,5,19:29,90.39%
43,David Bautista,"Poway, CA",736,19:27,6:16,M 45-49/3,M-45,38,19:31,72.98%
44,Celia Jenkinson,"San Diego, CA",1254,19:32,6:18,F 45-49/1,F-46,6,19:40,82.15%
45,Eldon Boone,"San Diego, CA",320,19:32,6:18,M 50-54/5,M-53,39,19:35,77.46%
46,Danilo Purlia,"Danville, CA",2132,19:37,6:19,M 50-54/6,M-50,40,19:43,75.26%
47,Andrew Thacher,"San Diego, CA",1570,19:38,6:19,M 50-54/7,M-51,41,19:40,75.79%
48,Christian Florido,"San Diego, CA",437,19:41,6:20,M 25-29/1,M-26,42,20:39,65.59%
49,Tanner Claudio,"Bonita, CA",1082,19:44,6:21,M 13-17/10,M-15,43,20:44,70.58%
50,Todd Lackner,"San Diego, CA",1294,19:47,6:22,M 45-49/4,M-46,44,20:00,72.26%
51,Jon Lorenz Jr,"El Cajon, CA",1327,19:51,6:24,M 13-17/11,M-16,45,19:58,69.08%
52,Farley Spector,", ",1875,19:54,6:25,M 60-64/1,M-61,46,19:57,81.39%
53,Noah Koehmstedt,"San Diego, CA",1943,19:57,6:26,M 13-17/12,M-13,47,20:02,72.74%
54,John Sulllivan,"Poway, CA",2157,19:57,6:26,M 50-54/8,M-53,48,20:05,75.84%
55,Eric Chan,"San Diego, CA",2241,19:58,6:26,M 13-17/13,M-15,49,28:07,69.76%
56,Ramon Ortiz,"Poway, CA",1426,19:59,6:26,M 50-54/9,M-50,50,20:03,73.87%
57,Nathan Mannion,"San Diego, CA",1950,20:02,6:27,M 13-17/14,M-16,51,20:22,68.44%
58,Priyanka Shreedar,"San Diego, CA",484,20:05,6:28,F 13-17/1,F-14,7,20:06,78.32%
59,James Singler III,"Escondido, CA",1760,20:05,6:28,M 18-24/10,M-18,52,20:07,66.45%
60,Lynda Umsted,"Poway, CA",1591,20:06,6:29,F 50-54/1,F-51,8,20:11,84.48%
61,Josh Fernandes,"Carlsbad, CA",2209,20:09,6:30,M 35-39/5,M-38,53,25:23,66.75%
62,Rafael Smith,"Poway, CA",1980,20:11,6:30,M 13-17/15,M-16,54,24:38,67.93%
63,David Henshall,"San Diego, CA",304,20:12,6:30,M 25-29/2,M-25,55,20:23,63.91%
64,Charles McArthur,"Poway, CA",1356,20:12,6:30,M 45-49/5,M-47,56,20:18,71.35%
65,James Magras,"San Diego, CA",763,20:15,6:31,M 18-24/11,M-22,57,25:54,63.76%
66,Finnegan Jiu,"San Diego, CA",73,20:17,6:32,M 13-17/16,M-15,58,20:46,68.67%
67,David Hanlon,"Oceanside, CA",950,20:17,6:32,M 40-44/2,M-43,59,21:10,68.91%
68,Meng Ngov,"San Marcos, CA",1681,20:18,6:33,M 35-39/6,M-39,60,20:21,66.80%
69,David Grapilon,"Chula Vista, CA",773,20:19,6:33,M 40-44/3,M-42,61,24:38,68.23%
70,Steven Johnston,"Oceanside, CA",1262,20:21,6:33,M 45-49/6,M-47,62,20:36,70.82%
71,Sean Wheeler,"Poway, CA",1869,20:25,6:35,M 13-17/17,M-15,63,20:30,68.22%
72,Iliana Ortiz,"San Diego, CA",1962,20:30,6:36,F 25-29/1,F-29,9,20:51,72.20%
73,Thomas Clancy,"San Diego, CA",596,20:31,6:37,M 13-17/18,M-15,64,21:10,67.89%
74,Jeremiah Aiken,"San Diego, CA",2171,20:32,6:37,M 35-39/7,M-37,65,20:37,65.07%
75,Yevgeny Menaker,"San Diego, CA",1368,20:34,6:38,M 35-39/8,M-37,66,20:39,64.96%
76,Matthew Sandubrae,"San Diego, CA",583,20:35,6:38,M 13-17/19,M-15,67,20:35,67.67%
77,Miles Wingfield,"San Diego, CA",134,20:35,6:38,M 01-12/1,M-11,68,20:43,74.39%
78,Meredith McCain,"Escondido, CA",1358,20:37,6:39,F 30-34/1,F-34,10,20:41,72.33%
79,Ian Skolnik,"Encinitas, CA",1532,20:38,6:39,M 35-39/9,M-35,69,20:46,63.95%
80,Sophie Jones,"San Diego, CA",104,20:38,6:39,F 13-17/2,F-13,11,20:40,77.45%
81,Jim Bergmark,"Poway, CA",1902,20:38,6:39,M 45-49/7,M-49,70,24:46,70.92%
82,Joanne Olson,"Escondido, CA",261,20:39,6:39,F 35-39/1,F-39,12,21:18,73.67%
83,Janson Barela,"San Marcos, CA",2119,20:41,6:40,M 13-17/20,M-13,71,20:48,70.16%
84,Bryce Urich,"San Diego, CA",646,20:42,6:40,M 13-17/21,M-14,72,21:21,68.57%
85,Ryan Hahn,"Poway, CA",1935,20:43,6:40,M 13-17/22,M-13,73,28:51,70.05%
86,Allissa Thompson,"Oceanside, CA",1575,20:43,6:40,F 30-34/2,F-33,13,20:44,71.82%
87,Sal Embry,"San Diego, CA",521,20:46,6:41,M 45-49/8,M-49,74,21:02,70.52%
88,Angela Guerrero,"San Diego, CA",1727,20:48,6:42,F 35-39/2,F-36,14,20:54,72.17%
89,Matt Chittle,"Poway, CA",910,20:49,6:42,M 40-44/4,M-44,75,22:33,67.63%
90,Adam Ervin,"San Diego, CA",1155,20:54,6:44,M 01-12/2,M-11,76,20:58,73.26%
91,Garret Silver,"San Marcos, CA",1774,20:55,6:44,M 01-12/3,M-12,77,20:57,71.13%
92,Robert Knepp,"San Diego, CA",1284,20:57,6:45,M 35-39/10,M-35,78,22:26,62.98%
93,Chelsea Asaro,"San Diego, CA",1998,20:58,6:45,F 40-44/1,F-42,15,21:00,73.99%
94,David Madrigal,"Chula Vista, CA",1337,21:01,6:46,M 40-44/5,M-42,79,24:58,65.95%
95,Trevor Boaz,"San Diego, CA",1034,21:04,6:47,M 01-12/4,M-12,80,21:06,70.63%
96,Delaney Alonso,"San Diego, CA",423,21:04,6:47,F 01-12/3,F-8,16,21:07,86.06%
97,Beata Holkovicova,"San Diego, CA",1240,21:05,6:48,F 45-49/2,F-49,17,21:16,78.64%
98,Brent Kimura,"San Diego, CA",78,21:08,6:48,M 13-17/23,M-13,81,21:15,68.67%
99,Jenny Alonso,"San Diego, CA",424,21:14,6:50,F 40-44/2,F-41,18,21:17,72.51%
100,Benjamin Rodenbeck,"San Diego, CA",354,21:15,6:51,M 01-12/5,M-12,82,21:18,69.96%
