Place,Name,Location,Bib,Net Time,Pace,Division/Place,Sex-Age,Sex-Place,Gun Time,Age Grade
1,Miguel Wagner-Bagues,"El Segundo, CA",1800,18:55,6:06,M 13-14/1,M-14,1,18:55,75.04%
2,Ethan Liang,"El Segundo, CA",580,19:18,6:13,M 15-17/1,M-15,2,19:18,72.17%
3,Richard Vasak,"El Segundo, CA",548,19:30,6:17,M 24-29/1,M-27,3,19:30,66.32%
4,Robert Davis,"Torrance, CA",518,19:34,6:18,M 40-44/1,M-41,4,19:34,70.33%
5,Seth McKenna,"El Segundo, CA",1629,19:40,6:20,M 15-17/2,M-15,5,19:41,70.82%
6,Neil Cadman,"El Segundo, CA",1548,19:56,6:25,M 45-49/1,M-46,6,19:56,71.66%
7,Christopher Cordobes,"Los Angeles, CA",552,20:03,6:28,M 18-23/1,M-18,7,20:04,66.56%
8,Emily Anderson,"El Segundo, CA",2012,20:07,6:29,F 30-34/1,F-34,1,20:07,74.13%
9,Scott Garringer,"El Segundo, CA",1158,20:11,6:30,M 40-44/2,M-40,8,20:15,67.69%
10,Shane Brouwer,"Venice, CA",656,20:14,6:31,M 13-14/2,M-13,9,20:17,71.72%
11,Michael Pimlott,"El Segundo, CA",1270,20:14,6:31,M 15-17/3,M-17,10,20:14,66.78%
12,Javier Cruz,"Los Angeles, CA",543,20:20,6:33,M 40-44/3,M-44,11,20:21,69.24%
13,Geronimo Garcia,"Los Angeles, CA",538,20:20,6:33,M 45-49/2,M-47,12,20:22,70.88%
14,Tyler Contarsy,"Los Angeles, CA",789,20:20,6:33,M 18-23/2,M-21,13,20:24,63.74%
15,Alan Cheeks,"Hermosa Beach, CA",1363,20:29,6:36,M 40-44/4,M-43,14,20:29,68.24%
16,Aaron Frank,"El Segundo, CA",1423,20:36,6:38,M 35-39/1,M-36,15,20:44,64.45%
17,Matthew Wheeler,"Hermosa Beach, CA",2057,20:37,6:39,M 30-34/1,M-32,16,20:37,63.11%
18,Charlie Nicholson,"El Segundo, CA",2044,20:41,6:40,M 15-17/4,M-16,17,21:03,66.29%
19,Cj Walsh,"El Segundo, CA",1774,20:43,6:40,M 35-39/2,M-35,18,20:48,63.69%
20,Chuck Licata,"El Segundo, CA",2076,20:49,6:42,M 40-44/5,M-42,19,20:50,66.59%
21,Kevin Wright,"El Segundo, CA",1185,20:51,6:43,M 24-29/2,M-27,20,20:51,61.92%
22,Jim Newman,"El Segundo, CA",1454,20:56,6:45,M 50-54/1,M-52,21,20:57,71.63%
23,Lily Zepeda,"Redondo Beach, CA",542,21:08,6:48,F 24-29/1,F-29,2,21:08,70.14%
24,Jimmy Quinones,"El Segundo, CA",1347,21:08,6:49,M 18-23/3,M-18,22,21:08,63.14%
25,Rory Sillence,"El Segundo, CA",1688,21:13,6:50,M 15-17/5,M-16,23,21:13,64.62%
26,Bryan Agee,"El Segundo, CA",1948,21:15,6:51,M 30-34/2,M-31,24,21:17,61.07%
27,Andrew Grove,"El Segundo, CA",591,21:16,6:51,M 45-49/3,M-46,25,21:20,67.22%
28,William Groman,"El Segundo, CA",2175,21:19,6:52,M 24-29/3,M-27,26,21:24,60.56%
29,Nathan Rotondo,"El Segundo, CA",659,21:24,6:54,M 15-17/6,M-17,27,21:24,63.13%
30,Pieter Reed,"Los Angeles, CA",1687,21:24,6:54,M 15-17/7,M-17,28,21:25,63.13%
31,Brayden Turnbull,"El Segundo, CA",1835,21:40,6:59,M 15-17/8,M-17,29,21:40,62.36%
32,Wyatt Hogoboom,"El Segundo, CA",1353,21:42,6:59,M 13-14/3,M-14,30,21:42,65.41%
33,Alesia Sibrel,"Los Angeles, CA",534,21:48,7:01,F 24-29/2,F-27,3,21:48,67.99%
34,Mike Zarneke,"El Segundo, CA",1112,21:51,7:02,M 40-44/6,M-41,31,21:56,62.98%
35,Scott Willis,"El Segundo, CA",1772,22:00,7:05,M 13-14/4,M-13,32,22:03,65.96%
36,Jill Miller,"El Segundo, CA",1388,22:03,7:06,F 40-44/1,F-40,4,22:20,69.44%
37,Dan Young,"El Segundo, CA",1171,22:03,7:06,M 30-34/3,M-31,33,22:09,58.85%
38,Ferris Thompson,"El Segundo, CA",785,22:04,7:06,M 50-54/2,M-52,34,22:04,67.95%
39,Kelsey Turnbull,"El Segundo, CA",1836,22:05,7:07,F 15-17/1,F-15,5,22:08,70.24%
40,Musa Abdelshife,"El Segundo, CA",2047,22:10,7:08,M 60-64/1,M-62,35,22:17,73.66%
41,Lee Baca,"San Marino, CA",522,22:20,7:12,M 65-69/1,M-68,36,22:22,77.30%
42,Jordan Orechwa,"El Segundo, CA",565,22:20,7:12,M 18-23/4,M-20,37,22:20,58.40%
43,Hamzah Abdelshife,"El Segundo, CA",2050,22:25,7:13,M 18-23/5,M-21,38,22:25,57.81%
44,Robert Cummings,"El Segundo, CA",1115,22:29,7:15,M 55-59/1,M-57,39,22:39,69.58%
45,Scot Nicol,"El Segundo, CA",1396,22:30,7:15,M 30-34/4,M-31,40,22:30,57.67%
46,Tristan Tilma,"Redondo Beach, CA",546,22:38,7:18,M 24-29/4,M-26,41,22:40,57.04%
47,Patrick Enright,"El Segundo, CA",1595,22:41,7:19,M 45-49/4,M-46,42,22:45,63.01%
48,Luke Muir,"El Segundo, CA",1170,22:42,7:19,M 30-34/5,M-33,43,22:42,57.53%
49,Andrew Clark,"El Segundo, CA",1924,22:43,7:19,M 15-17/9,M-17,44,22:53,59.47%
50,Wonder Musademba,"El Segundo, CA",668,22:45,7:20,M 50-54/3,M-53,45,22:45,66.50%
51,Pierce Nebel,"El Segundo, CA",1449,22:47,7:20,M 11-12/1,M-11,46,22:47,67.20%
52,Laura Rectenwald,"Manhattan Beach, CA",662,22:49,7:21,F 24-29/3,F-26,6,22:53,64.91%
53,Mason Bemis,"El Segundo, CA",557,22:52,7:22,M 09-10/1,M-10,47,22:53,69.07%
54,Bob Turnbull,"El Segundo, CA",1834,22:53,7:22,M 40-44/7,M-43,48,22:56,61.08%
55,Nick Nemoto,"Torrance, CA",2139,22:55,7:23,M 18-23/6,M-18,49,22:56,58.22%
56,Matthew Biss,"El Segundo, CA",1580,22:56,7:23,M 35-39/3,M-37,50,22:56,58.25%
57,Greg Bonanni,"El Segundo, CA",1802,22:57,7:24,M 40-44/8,M-40,51,23:00,59.52%
58,Chris Graham,"El Segundo, CA",1803,22:57,7:24,M 40-44/9,M-40,52,23:00,59.52%
59,Greg Smith,"El Segundo, CA",1804,22:57,7:24,M 40-44/10,M-40,53,23:00,59.52%
60,Luke Olesiuk,"El Segundo, CA",1011,23:02,7:25,M 30-34/6,M-30,54,23:05,56.19%
61,Steve Voboril,"Marina Del Rey, CA",1711,23:04,7:26,M 35-39/4,M-39,55,23:04,58.79%
62,James Jones,"Los Angeles, CA",513,23:05,7:26,M 50-54/4,M-50,56,23:08,63.95%
63,Malcolm Au,"El Segundo, CA",1265,23:06,7:26,M 13-14/5,M-14,57,23:06,61.44%
64,Thomas Atmore,"Hermosa Beach, CA",1639,23:11,7:28,M 45-49/5,M-48,58,23:11,62.66%
65,Victoria Samia,"El Segundo, CA",1518,23:15,7:29,F 35-39/1,F-39,7,23:16,65.42%
66,Sammy Kriestorac,"El Segundo, CA",1738,23:15,7:29,M 40-44/11,M-40,59,23:16,58.75%
67,Christopher Olson,"El Segundo, CA",503,23:16,7:30,M 40-44/12,M-42,60,23:26,59.57%
68,Evan Sharp,"El Segundo, CA",1641,23:33,7:35,M 15-17/10,M-16,61,23:33,58.22%
69,Ben Watson,"Westchester, CA",1787,23:33,7:35,M 15-17/11,M-15,62,23:47,59.14%
70,Ryan Loiacono,"El Segundo, CA",1569,23:37,7:37,M 24-29/5,M-29,63,24:00,54.73%
71,Heidi Anderson,"El Segundo, CA",2053,23:44,7:39,F 30-34/2,F-34,8,23:55,62.83%
72,Joshua Watson,"Westchester, CA",1788,23:44,7:39,M 13-14/6,M-13,64,23:57,61.14%
73,Andrew Ramsouer,"El Segundo, CA",2116,23:45,7:39,M 13-14/7,M-14,65,23:45,59.76%
74,Lauren Cassidy,"Los Angeles, CA",705,23:47,7:40,F 24-29/4,F-26,9,23:49,62.27%
75,Dane Miller,"El Segundo, CA",1630,23:49,7:40,M 15-17/12,M-15,66,24:45,58.47%
76,Robby Cordobes,"Los Angeles, CA",550,23:56,7:43,M 50-54/5,M-50,67,24:03,61.67%
77,Hernon Romero,"El Segundo, CA",2031,24:00,7:44,M 40-44/13,M-44,68,24:15,58.65%
78,Greg Wagonblast,"El Segundo, CA",2134,24:09,7:47,M 15-17/13,M-16,69,24:22,56.77%
79,Glenn Delmendo,"El Segundo, CA",1169,24:16,7:49,M 40-44/14,M-40,70,24:25,56.29%
80,Kent Nishiya,"Torrance, CA",2138,24:18,7:50,M 15-17/14,M-17,71,24:20,55.59%
81,Shawn Manouchehry,"El Segundo, CA",1691,24:20,7:50,M 13-14/8,M-13,72,24:20,59.63%
82,Matthew Barden,"El Segundo, CA",1729,24:23,7:51,M 40-44/15,M-40,73,24:29,56.02%
83,Jordan Haley,"El Segundo, CA",1996,24:28,7:53,F 15-17/2,F-15,10,24:30,63.39%
84,Jake Lopez,"El Segundo, CA",1293,24:29,7:53,M 09-10/2,M-10,74,24:29,64.51%
85,Dennis Lang,"El Segundo, CA",2199,24:30,7:53,M 50-54/6,M-52,75,24:44,61.20%
86,Daniel Thiel,"El Segundo, CA",594,24:31,7:54,M 35-39/5,M-36,76,24:31,54.15%
87,Gavin Glynn,"El Segundo, CA",1136,24:34,7:55,M 13-14/9,M-13,77,24:49,59.06%
88,Kevin Miles,"Hawthorne, CA",1792,24:34,7:55,M 50-54/7,M-52,78,24:37,61.03%
89,Michael Moore,"El Segundo, CA",1161,24:39,7:56,M 15-17/15,M-17,79,24:39,54.80%
90,Matt Neville,"El Segundo, CA",679,24:40,7:57,M 24-29/6,M-28,80,24:40,52.33%
91,Davis Salzman,"El Segundo, CA",510,24:46,7:59,M 13-14/10,M-14,81,24:46,57.31%
92,Mike Doucette,"El Segundo, CA",511,24:48,7:59,M 24-29/7,M-26,82,25:41,52.05%
93,Mara Muslea,"El Segundo, CA",1574,24:50,8:00,F 13-14/1,F-13,11,24:50,64.34%
94,Claire Sersun,"El Segundo, CA",1049,24:50,8:00,F 13-14/2,F-13,12,24:54,64.34%
95,Kelsey Orseth,"El Segundo, CA",2064,24:52,8:00,F 15-17/3,F-15,13,24:59,62.37%
96,Andrew Graven,"Redondo Beach, CA",1944,25:10,8:06,M 11-12/2,M-12,83,25:15,59.11%
97,Kelly Hicks,"El Segundo, CA",1532,25:10,8:06,F 45-49/1,F-47,14,25:18,64.41%
98,Filiberto Patino,"Wilmington, CA",2019,25:12,8:07,M 40-44/16,M-43,84,25:31,55.46%
99,Frank Glynn,"El Segundo, CA",539,25:14,8:08,M 50-54/8,M-51,85,25:14,58.96%
100,Madison Froebe,"El Segundo, CA",1389,25:15,8:08,F 13-14/3,F-14,15,25:33,62.29%
