Bib,Name,Gender,Age,Hometown,Overall,Men,M 19-29,Finish,Chip Time,Gun Time
484,Justin Stewart,M,23,"Springfield, IL",1 out of 550,1 out of 241,1 out of 79,8:16 Pace: 8:16,8:16,8:27
150,Kristin Frey,F,27,"Schaumburg, IL",11 out of 550,2 out of 309,1 out of 107,9:48 Pace: 9:48,9:48,11:58
486,Veronica Stocker,F,42,"Los Angeles, CA",18 out of 550,3 out of 309,1 out of 58,11:21 Pace: 11:21,11:21,13:51
498,Yoshihiro Takamura,M,49,"Los Angeles, CA",100 out of 550,73 out of 241,17 out of 43,15:37 Pace: 15:37,15:37,2:16:52
314,Bryan Mijares,M,29,"Panorama City, CA",105 out of 550,77 out of 241,21 out of 79,15:41 Pace: 15:41,15:41,35:36
339,Kathleen O'Brien-Price,F,23,"Tarzana, CA",108 out of 550,30 out of 309,10 out of 107,15:48 Pace: 15:48,15:48,2:04:14
