Place,Name,Location,Bib,Net Time,Pace,Division/Place,Sex-Age,Sex-Place,Gun Time,Age Grade
1,Sean Zanderson,"Encinitas, CA",1728,30:42,4:57,M 30-34/0,M-31,1,30:42,87.99%
2,Paul Wellman,"Encinitas, CA",1745,30:56,4:59,M 30-34/1,M-32,2,30:56,87.55%
3,Mario Fraioli,"San Diego, CA",778,32:24,5:13,M 25-29/1,M-28,3,32:24,82.91%
4,Daniel Perales,"San Diego, CA",1378,32:46,5:17,M 25-29/2,M-25,4,34:39,81.98%
5,Brandon Pomerantz,"San Diego, CA",1654,32:51,5:18,M 18-24/1,M-24,5,32:51,81.78%
6,Derek Bradley,"Encinitas, CA",1471,32:57,5:19,M 30-34/2,M-31,6,32:58,81.93%
7,Brian Culley,"Encinitas, CA",1731,33:07,5:20,M 35-39/1,M-39,7,33:07,85.20%
8,Kosuke Amano,"La Jolla, CA",954,33:32,5:24,M 25-29/3,M-26,8,33:33,80.11%
9,Daniel Farmer,"Escondido, CA",1,33:44,5:26,M 25-29/4,M-25,9,33:44,79.63%
10,Daniel Seidel,"Encinitas, CA",1401,33:51,5:27,M 30-34/3,M-31,10,33:51,79.75%
11,Adam Weiner,"San Diego, CA",1364,34:09,5:30,M 50-54/0,M-51,11,34:09,90.67%
12,Sean McKeon,"San Diego, CA",1725,34:21,5:32,M 25-29/5,M-27,12,34:22,78.20%
13,Johann Ammerlahn,"San Diego, CA",698,34:39,5:35,M 30-34/4,M-32,13,34:39,78.15%
14,Michael Clinch,"San Diego, CA",1732,34:39,5:35,M 25-29/6,M-29,14,34:40,77.57%
15,Minori Hayakari,"San Diego, CA",1685,34:45,5:36,F 35-39/0,F-38,1,34:45,89.25%
16,Vinnie Derocco,"San Diego, CA",1768,34:50,5:37,M 30-34/5,M-31,15,34:51,77.50%
17,Karl Bordine,"Carlsbad, CA",1247,34:54,5:37,M 35-39/2,M-36,16,34:54,79.12%
18,Billy Perkins,"Oceanside, CA",308,35:00,5:38,M 30-34/6,M-32,17,35:00,77.37%
19,Adam Coleman,"San Diego, CA",1737,35:05,5:39,M 25-29/7,M-25,18,35:05,76.57%
20,Jim Walsh,"Coronado, CA",1735,35:17,5:41,M 50-54/1,M-50,19,35:17,87.05%
21,Wayne Dilly,"San Diego, CA",114,35:18,5:41,M 25-29/8,M-29,20,35:20,76.15%
22,Erik Nau,"San Diego, CA",1660,35:21,5:42,M 25-29/9,M-26,21,35:22,75.99%
23,Bryant Benter,"La Jolla, CA",1199,35:36,5:44,M 18-24/2,M-21,22,35:38,75.74%
24,Matthew Tobey,"San Diego, CA",1174,35:38,5:45,M 25-29/10,M-26,23,35:40,75.39%
25,Paul Justice,"San Diego, CA",947,35:46,5:46,M 40-44/1,M-44,24,35:46,81.91%
26,Keith Butsko,"San Diego, CA",1716,36:02,5:48,M 18-24/3,M-24,25,36:02,74.55%
27,Dianna Chivakos,"San Diego, CA",9,36:03,5:49,F 25-29/1,F-27,2,36:04,84.18%
28,Greg Wilson,"Chula Vista, CA",673,36:04,5:49,M 55-59/1,M-58,26,36:04,90.98%
29,Lance Cusic,"Temecula, CA",1047,36:06,5:49,M 35-39/3,M-39,27,36:06,78.15%
30,Theresa Lowry,"San Diego, CA",1587,36:07,5:49,F 35-39/1,F-37,3,36:07,85.46%
31,Jayson Fultz,"San Diego, CA",969,36:08,5:49,M 35-39/4,M-39,28,36:09,78.08%
32,Mark Johnson,"San Diego, CA",300,36:09,5:50,M 35-39/5,M-38,29,36:11,77.49%
33,Eriberto Torres,"San Diego, CA",1740,36:20,5:51,M 30-34/7,M-32,30,36:21,74.53%
34,Robert Fanjas,"San Diego, CA",1219,36:23,5:52,M 45-49/1,M-47,31,36:24,82.40%
35,Lance Cole,"San Diego, CA",630,36:34,5:54,M 35-39/6,M-38,32,36:35,76.61%
36,Matthew Huber,"La Verne, CA",1198,36:35,5:54,M 18-24/4,M-19,33,36:37,75.02%
37,Brandon Silvia,"San Diego, CA",1385,36:51,5:56,M 18-24/5,M-24,34,40:00,72.90%
38,Rodrigo Tome,"San Diego, CA",975,36:52,5:56,M 25-29/11,M-29,35,36:53,72.91%
39,Travis Dietrich,"San Diego, CA",1641,37:11,5:59,M 25-29/12,M-29,36,37:15,72.29%
40,Rory Golden,"La Mesa, CA",1078,37:23,6:01,M 25-29/13,M-26,37,37:27,71.86%
41,Daniel Geiszler,"San Diego, CA",1435,37:32,6:03,M 35-39/7,M-36,38,37:33,73.57%
42,Greg Wagner,"La Jolla, CA",1724,37:42,6:04,M 55-59/2,M-55,39,37:43,84.87%
43,Wally Rackstraw,"Canyon Lake, CA",1034,37:47,6:05,M 30-34/8,M-34,40,37:49,72.24%
44,Chuck Bailey,"La Mesa, CA",11,37:50,6:06,M 45-49/2,M-47,41,37:51,79.24%
45,Ryan Wilshusen,"San Diego, CA",605,37:53,6:06,M 30-34/9,M-31,42,37:56,71.26%
46,Brad Golden,"La Mesa, CA",1035,37:59,6:07,M 25-29/14,M-28,43,38:00,70.72%
47,Jessica Goertz,"San Diego, CA",1339,38:03,6:08,F 30-34/1,F-32,4,38:05,79.93%
48,Andris Hodosy,"La Jolla, CA",1677,38:04,6:08,M 30-34/10,M-32,44,38:07,71.13%
49,Julie Komosinski,"Solana Beach, CA",1712,38:07,6:08,F 25-29/2,F-27,5,38:08,79.62%
50,Artie Ojeda,"San Diego, CA",1829,38:08,6:09,M 45-49/3,M-49,45,38:11,79.89%
51,Charlie Prokop,"San Diego, CA",1552,38:20,6:11,M 50-54/2,M-53,46,38:21,82.08%
52,Matt Olson,"Del Mar, CA",1483,38:23,6:11,M 35-39/8,M-35,47,38:26,71.50%
53,Carroll Pope,"Carlsbad, CA",1703,38:35,6:13,M 55-59/3,M-56,48,38:36,83.62%
54,Erik Schwartz,"San Diego, CA",511,38:41,6:14,M 30-34/11,M-30,49,38:45,69.61%
55,Jake Woodley,"San Diego, CA",155,38:46,6:15,M 18-24/6,M-24,50,38:55,69.29%
56,Marie Schaper,"San Diego, CA",344,38:53,6:16,F 18-24/1,F-23,6,38:55,78.04%
57,Darcy Bushnell,", ",2106,39:01,6:17,F 35-39/2,F-36,7,39:02,78.80%
58,Jennifer Uwins,"Carlsbad, CA",1212,39:03,6:18,F 35-39/3,F-36,8,39:05,78.74%
59,Nelson Hendricks,"San Diego, CA",1368,39:13,6:19,M 45-49/4,M-49,51,39:14,77.68%
60,Jeff McKnight,"San Diego, CA",1811,39:17,6:20,M 25-29/15,M-29,52,39:20,68.42%
61,Caela Timinsky,"Encinitas, CA",1303,39:25,6:21,F 18-24/2,F-23,9,39:27,76.99%
62,Tyler Nelson,"San Diego, CA",462,39:28,6:22,M 18-24/7,M-21,53,39:54,68.31%
63,Christopher Holmes,"Ranchosanta Fe, CA",1372,39:30,6:22,M 25-29/16,M-28,54,39:34,68.00%
64,Glennzon Matanza,"San Diego, CA",1813,39:52,6:25,M 30-34/12,M-34,55,39:58,68.47%
65,Andy Thacher,"San Diego, CA",116,40:03,6:27,M 45-49/5,M-48,56,40:03,75.48%
66,Ryan Stansfield,"San Diego, CA",33,40:03,6:27,M 35-39/9,M-36,57,40:08,68.94%
67,Tom Michalek,"San Diego, CA",1557,40:07,6:28,M 35-39/10,M-39,58,40:10,70.32%
68,Tim Scheffelin,"Poway, CA",1100,40:12,6:29,M 18-24/8,M-21,59,40:14,67.07%
69,Glen Freter,"San Diego, CA",1612,40:22,6:30,M 45-49/6,M-48,60,40:24,74.89%
70,Damien Tamez,"Oceanside, CA",1795,40:23,6:30,M 25-29/17,M-27,61,41:18,66.52%
71,Scott Lachance,"San Diego, CA",626,40:26,6:31,M 25-29/18,M-29,62,40:29,66.47%
72,Meghan Morris,"San Diego, CA",1053,40:27,6:31,F 25-29/3,F-29,10,40:29,75.02%
73,Brian Wrona,"San Diego, CA",970,40:27,6:31,M 25-29/19,M-27,63,40:33,66.41%
74,Angela Vizzeri,"Santee, CA",1754,40:30,6:31,F 35-39/4,F-35,11,40:31,75.67%
75,Christine Gould,"San Diego, CA",191,40:35,6:32,F 30-34/2,F-30,12,40:37,74.82%
76,Scott Zimmer,"San Diego, CA",1357,40:37,6:33,M 40-44/2,M-43,64,40:40,71.59%
77,Katrina Taft,"San Diego, CA",294,40:46,6:34,F 30-34/3,F-31,13,40:54,74.52%
78,Michael Jacobs,"Encinitas, CA",909,40:46,6:34,M 50-54/3,M-53,65,40:50,77.18%
79,Eric Shumaker,"Hemet, CA",771,40:56,6:36,M 30-34/13,M-33,66,40:58,66.40%
80,Steven Lathrop,"San Diego, CA",1830,41:06,6:37,M 35-39/11,M-36,67,41:14,67.18%
81,Jason Evers,"San Diego, CA",814,41:10,6:38,M 25-29/20,M-29,68,41:18,65.29%
82,Henry Becker,"San Diego, CA",807,41:13,6:38,M 18-24/9,M-21,69,41:38,65.41%
83,Kyle Holzl,"San Marcos, CA",631,41:14,6:39,M 25-29/21,M-27,70,41:17,65.14%
84,Angela M Moll,"San Diego, CA",484,41:16,6:39,F 30-34/4,F-33,14,41:21,73.86%
85,Timothy Dock,"San Marcos, CA",367,41:24,6:40,M 35-39/12,M-35,71,41:28,66.29%
86,Mark AdamcHak,"San Diego, CA",1352,41:24,6:40,M 30-34/14,M-30,72,41:48,65.04%
87,Arthur Vigil,"San Diego, CA",1201,41:25,6:40,M 18-24/10,M-22,73,41:51,64.90%
88,Megan O'Dowd,"San Diego, CA",80,41:29,6:41,F 30-34/5,F-33,15,41:32,73.47%
89,Aren Turpening,"San Diego, CA",811,41:38,6:43,M 25-29/22,M-28,74,41:58,64.52%
90,Chris Jenkins,"San Diego, CA",1444,41:41,6:43,M 30-34/15,M-30,75,41:43,64.60%
91,Victor Ferreira,"San Diego, CA",988,41:41,6:43,M 40-44/3,M-40,76,41:49,68.20%
92,Shannon O'Connor,"Redlands, CA",992,41:44,6:43,F 30-34/6,F-31,16,41:47,72.79%
93,Frederick Silva,"Chula Vista, CA",1796,41:48,6:44,M 18-24/11,M-23,77,41:51,64.26%
94,Peter Myers,"San Diego, CA",446,41:54,6:45,M 18-24/12,M-23,78,42:16,64.11%
95,Fernanda Dehoyoswalther,"Chula Vista, CA",1252,42:05,6:47,F 30-34/7,F-34,17,42:07,72.58%
96,Kristin Schleicher,"San Diego, CA",566,42:11,6:48,F 25-29/4,F-27,18,42:13,71.94%
97,Ron Ends,"Poway, CA",12,42:14,6:48,M 65-69/1,M-65,79,42:17,82.71%
98,Kevin Martin,"San Diego, CA",870,42:23,6:50,M 35-39/13,M-38,80,42:25,66.09%
99,Dale Hutchinson,"Irvine, CA",153,42:25,6:50,M 45-49/7,M-49,81,42:29,71.82%
100,Mike Lowe,"Poway, CA",843,42:29,6:51,M 50-54/4,M-52,82,42:33,73.47%
1001,Erin Quackenbush,"El Cajon, CA",433,1:01:09,9:51,F 25-29/129,F-29,419,1:01:41,49.62%
1002,Evan McManus,"San Diego, CA",808,1:01:10,9:51,M 50-54/30,M-50,583,1:02:46,50.20%
1003,Paul Owen,"San Diego, CA",1463,1:01:10,9:51,M 25-29/139,M-26,584,1:02:25,43.91%
1004,Trisha Floor,"San Diego, CA",1443,1:01:10,9:51,F 30-34/108,F-33,420,1:02:25,49.82%
1005,Cassandra Burnside,"San Diego, CA",491,1:01:11,9:51,F 25-29/130,F-28,421,1:02:39,49.59%
1006,Christa Bragg,"Chula Vista, CA",984,1:01:13,9:52,Unknown/1,F-212,422,1:01:47, 0.00%
1007,Kelly Spahr,"San Diego, CA",424,1:01:16,9:52,F 18-24/53,F-24,423,1:02:15,49.52%
1008,Melisa Grigolite,"San Diego, CA",1226,1:01:17,9:52,F 45-49/30,F-45,424,1:02:04,53.13%
1009,Jennifer Becker,"Muscatine, IA",762,1:01:18,9:52,F 35-39/43,F-38,425,1:01:53,50.58%
1010,Lisa Economy,"San Diego, CA",268,1:01:20,9:53,F 40-44/43,F-42,426,1:01:28,51.81%
1011,Cheryl Carr,"El Cajon, CA",26,1:01:20,9:53,F 40-44/44,F-44,427,1:02:19,52.62%
1012,Andrea Keesling,"San Diego, CA",690,1:01:21,9:53,F 25-29/131,F-27,428,1:02:13,49.46%
1013,Laura Dabrowski,"San Diego, CA",201,1:01:21,9:53,F 35-39/44,F-35,429,1:02:39,49.95%
1014,Glenn Welch,"San Diego, CA",1347,1:01:23,9:53,M 65-69/7,M-69,585,1:02:00,59.10%
1015,Amy Fink,"San Diego, CA",1805,1:01:23,9:53,F 18-24/54,F-23,430,1:01:31,49.43%
1016,Timothy O'Connell,"San Diego, CA",1395,1:01:26,9:54,M 25-29/140,M-26,586,1:02:12,43.72%
1017,Taylor McDonald,"San Diego, CA",426,1:01:27,9:54,M 30-34/128,M-31,587,1:02:56,43.92%
1018,Catherine Newnam,"San Diego, CA",224,1:01:30,9:54,F 30-34/109,F-34,431,1:01:34,49.66%
1019,Cirenia Sanchez,"Bonita, CA",1621,1:01:33,9:55,F 30-34/110,F-32,432,1:02:59,49.40%
1020,Kirin Khanna,"San Diego, CA",986,1:01:35,9:55,F 18-24/55,F-21,433,1:02:01,49.27%
1021,Carolyn Woolf,"San Diego, CA",1543,1:01:37,9:55,F 25-29/132,F-26,434,1:02:57,49.24%
1022,Julia Ford,"San Diego, CA",1782,1:01:37,9:55,F 25-29/133,F-27,435,1:02:09,49.24%
1023,Brittney Cole,"Scottsdale, AZ",1786,1:01:38,9:55,F 18-24/56,F-23,436,1:02:09,49.23%
1024,Sunil Rayan,"Encinitas, CA",330,1:01:43,9:56,M 40-44/59,M-41,588,1:02:56,46.38%
1025,Brian Hassing,"San Diego, CA",619,1:01:43,9:56,M 25-29/141,M-27,589,1:08:15,43.52%
1026,Quan Tran,"San Diego, CA",1566,1:01:44,9:57,M 18-24/50,M-24,590,1:02:19,43.51%
1027,Christina Gaunce,"Carlsbad, CA",1268,1:01:45,9:57,F 18-24/57,F-22,437,1:02:45,49.14%
1028,Kelley Gilbert,"San Diego, CA",864,1:01:45,9:57,F 40-44/45,F-44,438,1:02:32,52.27%
1029,Allison Welsh,"Oceanside, CA",68,1:01:49,9:57,F 18-24/58,F-22,439,1:02:53,49.08%
1030,Shannon Dalton,"Oceanside, CA",88,1:01:50,9:58,F 30-34/111,F-30,440,1:02:54,49.10%
1031,Brian Burr,"San Diego, CA",886,1:01:51,9:58,M 30-34/129,M-34,591,1:03:13,44.12%
1032,John Domingo,"Chula Vista, CA",1432,1:01:51,9:58,M 35-39/89,M-38,592,1:02:29,45.28%
1033,Alisa Gemar,"Encinitas, CA",818,1:01:53,9:58,F 25-29/134,F-28,441,1:02:14,49.03%
1034,Amy Kelley,"San Diego, CA",526,1:01:54,9:58,F 35-39/45,F-35,442,1:02:18,49.50%
1035,Juliana Gallego,"San Diego, CA",1727,1:01:54,9:58,F 18-24/59,F-22,443,1:02:07,49.02%
1036,Catherine Ott,"San Diego, CA",1052,1:01:55,9:58,F 35-39/46,F-35,444,1:02:51,49.49%
1037,Linda Cha,"San Diego, CA",2105,1:01:57,9:59,F 30-34/112,F-34,445,1:03:20,49.30%
1038,Allison Haines,"San Diego, CA",657,1:01:58,9:59,F 30-34/113,F-33,446,1:03:21,49.18%
1039,Ionara Gutierrez,"San Diego, CA",209,1:01:58,9:59,F 40-44/46,F-41,447,1:02:02,50.90%
1040,Vincent Cendejas,"Escondido, CA",311,1:01:59,9:59,M 35-39/90,M-39,593,1:03:09,45.51%
1041
1101,Jody Mayer,"San Diego, CA",1837,1:03:05,10:10,F 35-39/52,F-39,493,1:08:27,49.42%
1102,Jayvee Pendon,"San Diego, CA",662,1:03:05,10:10,F 25-29/145,F-28,494,1:03:58,48.10%
1103,Jamie Cash,"San Diego, CA",646,1:03:07,10:10,F 25-29/146,F-29,495,1:04:37,48.07%
1104,Brian Schnaars,"San Diego, CA",528,1:03:07,10:10,M 25-29/145,M-26,609,1:04:37,42.55%
1105,Claire McGeough,"San Diego, CA",796,1:03:10,10:10,F 30-34/125,F-31,496,1:03:49,48.09%
1106,Abigail Rex,"Chula Vista, CA",474,1:03:11,10:10,F 30-34/126,F-33,497,1:03:59,48.23%
1107,Jessica Sanchez,"Carlsabad, CA",982,1:03:11,10:10,F 35-39/53,F-35,498,1:03:54,48.50%
1108,Kim Navaline,"Redondo Beach, CA",1434,1:03:11,10:11,F 25-29/147,F-29,499,1:04:39,48.02%
1109,Brendan McGeough,"San Diego, CA",718,1:03:11,10:11,M 30-34/133,M-30,610,1:03:50,42.61%
1110,Stephanie Kleiner,"San Diego, CA",561,1:03:12,10:11,F 25-29/148,F-29,500,1:04:39,48.01%
1111,Jessica Sloan,"San Marcos, CA",1134,1:03:12,10:11,F 30-34/127,F-31,501,1:04:01,48.06%
1112,Anne Brawn,"Carlsbad, CA",1112,1:03:13,10:11,F 30-34/128,F-32,502,1:04:01,48.10%
1113,Kevin Richardson,"San Diego, CA",750,1:03:15,10:11,M 40-44/62,M-40,611,1:03:39,44.93%
1114,Crystal Borrego,"San Diego, CA",1851,1:03:20,10:12,F 30-34/129,F-30,503,1:05:05,47.93%
1115,Cindy Laterra,"San Diego, CA",524,1:03:20,10:12,F 30-34/130,F-33,504,1:03:58,48.12%
1116,Emilee John,"San Diego, CA",303,1:03:21,10:12,F 25-29/149,F-27,505,1:03:40,47.89%
1117,Tracey Wedlake,"Montclair, CA",716,1:03:22,10:12,F 45-49/35,F-45,506,1:03:57,51.38%
1118,Marta Comellas,"San Diego, CA",390,1:03:23,10:12,F 30-34/131,F-33,507,1:04:16,48.08%
1119,Awot Gebremriam,"San Diego, CA",1171,1:03:25,10:13,M 01-12/8,M-12,612,1:05:46,48.82%
1120,Jennifer Krumheuer,"Oceanside, CA",329,1:03:27,10:13,F 40-44/54,F-41,508,1:03:54,49.71%
1121,Kirsten Kachurak,"San Diego, CA",1826,1:03:28,10:13,F 25-29/150,F-25,509,1:03:46,47.81%
1122,Jennifer Gilstrap,"Vista, CA",1323,1:03:30,10:14,F 40-44/55,F-40,510,1:03:58,49.38%
1123,Luc Allard,"San Diego, CA",1575,1:03:31,10:14,M 35-39/93,M-37,613,1:04:53,43.75%
1124,Stacey Burns,"San Marcos, CA",497,1:03:32,10:14,F 30-34/132,F-32,511,1:04:21,47.86%
1125,Adriana Andrade,"Santee, CA",354,1:03:33,10:14,F 35-39/54,F-38,512,1:04:42,48.79%
1126,Parisa Farokhi,"San Diego, CA",135,1:03:33,10:14,F 30-34/133,F-32,513,1:04:00,47.85%
1127,Wendy Johnson,"San Diego, CA",968,1:03:34,10:14,F 30-34/134,F-31,514,1:04:41,47.78%
1128,Kristin Godfredsen,"El Cajon, CA",279,1:03:35,10:14,F 35-39/55,F-38,515,1:04:48,48.77%
1129,Emily Sevier,"La Jolla, CA",1061,1:03:36,10:14,F 30-34/135,F-34,516,1:04:18,48.02%
1130,Emily Elizabeth Goodman,"La Jolla, CA",476,1:03:36,10:14,F 18-24/63,F-23,517,1:04:18,47.71%
1131,Katie Swank,"San Diego, CA",466,1:03:37,10:15,F 25-29/151,F-26,518,1:03:56,47.69%
1132,Amanda Asaro,"San Diego, CA",989,1:03:38,10:15,F 30-34/136,F-31,519,1:05:05,47.73%
1133,Jill Chorak,"San Diego, CA",385,1:03:38,10:15,F 30-34/137,F-32,520,1:04:47,47.79%
1134,Kelly Boyd,"San Diego, CA",1559,1:03:39,10:15,F 25-29/152,F-25,521,1:04:28,47.67%
1135,Michelle Carney,"San Diego, CA",645,1:03:39,10:15,F 30-34/138,F-31,522,1:04:47,47.72%
1136,Jenise Marrs,"Temecula, CA",677,1:03:40,10:15,F 30-34/139,F-33,523,1:04:48,47.87%
1137,Margaret McCall,"San Diego, CA",494,1:03:41,10:15,F 18-24/64,F-22,524,1:04:34,47.64%
1138,Karen Erickson,"San Diego, CA",1631,1:03:43,10:16,F 55-59/3,F-57,525,1:04:52,59.05%
1139,Christine Burke,"Carlsbad, CA",1455,1:03:43,10:16,F 40-44/56,F-41,526,1:04:33,49.50%
1140,Vicki Jeffery,"San Diego, CA",740,1:03:45,10:16,F 40-44/57,F-40,527,1:04:15,49.19%
1141,Rena Crawford-Payne,"Carlsbad, CA",136,1:03:47,10:16,F 35-39/56,F-38,528,1:05:14,48.61%
1142,Kristi Wilson,", ",2152,1:03:47,10:16,F NoAge/3,F-0,529,1:05:35, 0.00%
1143,Shannon Hall,"San Diego, CA",598,1:03:48,10:16,F 35-39/57,F-37,530,1:05:35,48.37%
1144,Ivett Kell,"Chula Vista, CA",1640,1:03:50,10:17,F 35-39/58,F-39,531,1:04:12,48.84%
1145,Megan Warneke,"Athens, GA",1274,1:03:51,10:17,F 25-29/153,F-25,532,1:03:51,47.52%
1146,Erin Lee,"San Diego, CA",853,1:03:56,10:18,F 25-29/154,F-26,533,1:04:43,47.46%
1147,Lori Lester,"San Diego, CA",904,1:03:57,10:18,F 25-29/155,F-29,534,1:04:30,47.45%
1148,Kevin Small,"San Diego, CA",540,1:03:58,10:18,M 50-54/31,M-52,614,1:04:32,48.79%
1149,Jorge Galdamez,"National City, CA",1553,1:04:00,10:18,M 40-44/63,M-40,615,1:04:33,44.41%
1150,Brittnee Kelly,"Fallbrook, CA",22,1:04:00,10:18,F 30-34/140,F-30,535,1:05:20,47.43%
1151,Wendi Ironside,"Alpine, CA",953,1:04:00,10:18,F 35-39/59,F-35,536,1:05:27,47.88%
1152,Jacqueline Gonzalez,"Escondido, CA",425,1:04:05,10:19,F 35-39/60,F-39,537,1:05:24,48.65%
1153,Frank Wilson,"San Diego, CA",503,1:04:05,10:19,M 35-39/94,M-36,616,1:05:24,43.08%
1154,Courtney Burnett,"Solana Beach, CA",316,1:04:06,10:19,F 30-34/141,F-33,538,1:05:04,47.54%
1155,Christina Hernandez,"San Diego, CA",334,1:04:08,10:20,F 25-29/156,F-29,539,1:05:25,47.31%
1156,Jason Lewis,"San Diego, CA",1665,1:04:09,10:20,M 30-34/134,M-31,617,1:04:34,42.07%
1157,Carole Sutton,"El Cajon, CA",281,1:04:09,10:20,F 55-59/4,F-55,540,1:04:09,57.09%
1158,Michael Trosper,"San Diego, CA",1402,1:04:09,10:20,M 30-34/135,M-33,618,1:04:35,42.36%
1159,Clover Lewis,"San Diego, CA",1664,1:04:09,10:20,F 25-29/157,F-29,541,1:04:34,47.30%
1160,Jaclyn Trosper,"San Diego, CA",1336,1:04:09,10:20,F 25-29/158,F-28,542,1:04:35,47.30%
1161,Amanda Cavanaugh,"Lakeside, CA",906,1:04:09,10:20,F 25-29/159,F-26,543,1:05:44,47.29%
1162,Lisa White,"Oceanside, CA",1155,1:04:13,10:20,F 60-64/2,F-60,544,1:04:51,61.06%
1163,Melissa Rodriguez,"Escondido, CA",529,1:04:14,10:21,F 30-34/142,F-32,545,1:04:51,47.34%
1164,Wayne Griffith,"San Diego, CA",1588,1:04:17,10:21,M 50-54/32,M-52,619,1:07:41,48.55%
1165,Yvette Marquez,"Chula Vista, CA",1645,1:04:19,10:22,F 18-24/65,F-19,546,1:04:39,47.36%
1166,Meghan Riva,"San Diego, CA",1032,1:04:21,10:22,F 35-39/61,F-37,547,1:05:29,47.95%
1167,Charisse Charters,"San Diego, CA",302,1:04:22,10:22,F 35-39/62,F-36,548,1:05:36,47.76%
1168,Karen Tibbens,"San Marcos, CA",1590,1:04:23,10:22,F 30-34/143,F-30,549,1:05:36,47.15%
1169,Amy Rothermel,"San Diego, CA",1863,1:04:23,10:22,F 30-34/144,F-30,550,1:18:32,47.15%
1170,Heather Hammond,"San Diego, CA",36,1:04:25,10:22,F 18-24/66,F-23,551,1:05:34,47.10%
1171,Dani Boda,"Carlsbad, CA",471,1:04:27,10:23,F 35-39/63,F-37,552,1:05:52,47.88%
1172,Patrick Justiniano,"San Diego, CA",429,1:04:28,10:23,M 40-44/64,M-42,620,1:05:52,44.74%
1173,Gerald Gurule,"San Diego, CA",143,1:04:30,10:23,M 65-69/9,M-69,621,1:04:52,56.24%
1174,Amanda Roublick,"San Diego, CA",1298,1:04:30,10:23,F 25-29/160,F-27,553,1:05:32,47.04%
1175,Christy Thompson,"San Diego, CA",1457,1:04:31,10:23,F 25-29/161,F-28,554,1:04:59,47.03%
1176,Robin Truelove,"La Mesa, CA",1111,1:04:31,10:23,F 35-39/64,F-36,555,1:05:44,47.65%
1177,Jake Johnstone,"San Diego, CA",1617,1:04:31,10:23,M 30-34/136,M-32,622,1:05:00,41.96%
1178,Leslie Willis,"San Diego, CA",764,1:04:33,10:24,F 25-29/162,F-25,556,1:04:46,47.00%
1179,Ashley Callaway,"San Marcos, CA",542,1:04:33,10:24,F 25-29/163,F-26,557,1:05:27,46.99%
1180,Emily Taylor,"San Diego, CA",1572,1:04:35,10:24,F 25-29/164,F-27,558,1:05:34,46.98%
1181,Amy Rayan,"Encinitas, CA",346,1:04:37,10:24,F 35-39/65,F-36,559,1:05:50,47.57%
1182,Vanessa Sayers,"Carlsbad, CA",994,1:04:39,10:25,F 30-34/145,F-32,560,1:04:54,47.03%
1183,Lorine Flemons,"San Diego, CA",1258,1:04:40,10:25,F 50-54/8,F-51,561,1:05:26,53.80%
1184,Denise Gove,"Jamul, CA",1477,1:04:40,10:25,F 45-49/36,F-49,562,1:05:29,52.49%
1185,Edna Robertson,"Bonita, CA",973,1:04:41,10:25,F 40-44/58,F-41,563,1:05:58,48.76%
1186,Marita Ford,"Temecula, CA",405,1:04:42,10:25,F 45-49/37,F-45,564,1:05:36,50.32%
1187,Meeta Jost,"Coronado, CA",81,1:04:42,10:25,F 35-39/66,F-37,565,1:05:45,47.68%
1188,Louis Vargas,"Oceanside, CA",704,1:04:44,10:25,M 18-24/53,M-23,623,1:05:03,41.49%
1189,Gustavo Garcia,"Oceanside, CA",463,1:04:44,10:26,M 45-49/51,M-48,624,1:06:07,46.69%
1190,Stephanie Kishbaugh,"San Diego, CA",588,1:04:45,10:26,F 18-24/67,F-23,566,1:05:04,46.86%
1191,Syd Ady,"San Diego, CA",779,1:04:45,10:26,F 30-34/146,F-30,567,1:05:09,46.88%
1192,Kalena Rebollar,"Brawley, CA",1215,1:04:46,10:26,F 25-29/165,F-28,568,1:05:51,46.85%
1193,Martha Walker,"San Diego, CA",30,1:04:47,10:26,F 75-99/2,F-75,569,1:05:18,76.74%
1194,Kim Beauchamp,"Murrieta, CA",1344,1:04:52,10:27,F 35-39/67,F-36,570,1:25:20,47.39%
1195,Cookie Beltrano,"San Diego, CA",1663,1:04:55,10:27,F 40-44/59,F-43,571,1:06:00,49.31%
1196,Tammy Kruk,"San Diego, CA",785,1:04:56,10:27,F 25-29/166,F-25,572,1:06:12,46.73%
1197,Britney Chaffee,"El Cajon, CA",1299,1:04:56,10:27,F 25-29/167,F-25,573,1:06:12,46.73%
1198,Marisa Callan,"San Diego, CA",267,1:04:57,10:28,F 30-34/147,F-30,574,1:05:52,46.74%
1199,Nadia Oliveira,"San Diego, CA",564,1:04:59,10:28,F 18-24/68,F-22,575,1:05:57,46.69%
1200,Drew Vogt,"San Diego, CA",397,1:04:59,10:28,M 18-24/54,M-23,625,1:05:58,41.33%
1201,Jerry Albert,"San Diego, CA",946,1:05:00,10:28,M 70-74/1,M-73,626,1:05:15,58.76%
1202,Ingrid Rivera,"San Diego, CA",1750,1:05:02,10:28,F 30-34/148,F-32,576,1:05:26,46.76%
1203,Amy Lancaster,"San Diego, CA",48,1:05:03,10:28,F 35-39/68,F-39,577,1:06:04,47.92%
1204,Jennifer Pickering,"San Diego, CA",1220,1:05:03,10:29,F 35-39/69,F-37,578,1:06:05,47.44%
1205,Lorena Dominguez,"Riverside, CA",689,1:05:04,10:29,F 35-39/70,F-38,579,1:05:21,47.66%
1206,Nia Nelson,"San Diego, CA",1028,1:05:04,10:29,F 30-34/149,F-31,580,1:05:49,46.68%
1207,Leslie Benigno,"San Diego, CA",640,1:05:05,10:29,F 18-24/69,F-24,581,1:06:28,46.62%
1208,Brooke Stulz,"Del Mar, CA",1539,1:05:05,10:29,F 30-34/150,F-32,582,1:05:38,46.72%
1209,Mark Nelson,"San Diego, CA",1041,1:05:05,10:29,M 30-34/137,M-32,627,1:05:50,41.60%
1210,Melissa Gilbert,"Rancho Santa Fe, CA",220,1:05:05,10:29,F 30-34/151,F-34,583,1:06:02,46.93%
1211,Jennifer Lyon,"El Cajon, CA",1058,1:05:06,10:29,F 35-39/71,F-37,584,1:06:04,47.40%
1212,Jerry Bregg,"Chula Vista, CA",448,1:05:09,10:29,M 40-44/65,M-44,628,1:05:37,44.96%
1213,Rachel Tamez,"Oceanside, CA",580,1:05:10,10:30,F 25-29/168,F-26,585,1:06:05,46.56%
1214,Jackie Larkin,"El Cajon, CA",1418,1:05:16,10:31,F 50-54/9,F-53,586,1:05:29,54.69%
1215,Jesse Armitage,"Chula Vista, CA",656,1:05:17,10:31,F 35-39/72,F-36,587,1:06:42,47.09%
1216,Valerie Chavez,"San Jacinto, CA",1331,1:05:17,10:31,F 18-24/70,F-24,588,1:05:59,46.48%
1217,Lisa Jorgensen,"Chula Vista, CA",572,1:05:17,10:31,F 25-29/169,F-27,589,1:06:42,46.48%
1218,Brian Wright,"San Diego, CA",1376,1:05:17,10:31,M 65-69/10,M-67,629,1:06:04,54.49%
1219,Brynn Rogers,"San Diego, CA",28,1:05:17,10:31,F 25-29/170,F-29,590,1:06:19,46.48%
1220,Grace Ciberay,"San Marcos, CA",24,1:05:18,10:31,F 30-34/152,F-31,591,1:06:19,46.52%
1221,Lisett Baeza,"Vista, CA",305,1:05:19,10:31,F 18-24/71,F-21,592,1:06:02,46.45%
1222,Jonathan Kelly,"Fallbrook, CA",23,1:05:20,10:31,M 25-29/146,M-29,630,1:05:20,41.13%
1223,Ashlee Gambacorta,"San Diego, CA",1522,1:05:21,10:31,F 25-29/171,F-28,593,1:06:27,46.43%
1224,Alexandra Rooney,"San Diego, CA",628,1:05:26,10:32,F 25-29/172,F-25,594,1:06:05,46.36%
1225,Callie Kappler,"San Diego, CA",1445,1:05:29,10:33,F 18-24/72,F-23,595,1:06:27,46.33%
1226,Janelle Abaoag,"Westminster, CA",1756,1:05:29,10:33,F 18-24/73,F-24,596,1:06:27,46.33%
1227,Caroline Harrington,"San Diego, CA",1311,1:05:32,10:33,F 25-29/173,F-28,597,1:06:36,46.30%
1228,Mandy Feldmann,"San Diego, CA",518,1:05:32,10:33,F 30-34/153,F-31,598,1:06:36,46.35%
1229,James Logan,"San Diego, CA",1001,1:05:36,10:34,M 45-49/52,M-48,631,1:06:33,46.07%
1230,Keiko Scott,"San Diego, CA",1676,1:05:40,10:35,F 50-54/10,F-53,599,1:06:09,54.35%
1231,Emily Yau,"San Diego, CA",1068,1:05:41,10:35,F 35-39/73,F-35,600,1:05:56,46.65%
1232,Paul Sears,"San Diego, CA",1055,1:05:41,10:35,M 40-44/66,M-43,632,1:05:55,44.26%
1233,Cliff Abella,"Chula Vista, CA",842,1:05:41,10:35,M 35-39/95,M-38,633,1:07:12,42.64%
1234,Charlene Ruediger,"Irvine, CA",1692,1:05:43,10:35,F 35-39/74,F-37,601,1:05:59,46.96%
1235,Hector Santana,"San Ysidro, CA",1484,1:05:45,10:35,M 35-39/96,M-36,634,1:05:48,41.99%
1236,Michelle Simmons,"La Mesa, CA",1225,1:05:45,10:35,F 40-44/60,F-41,602,1:07:08,47.97%
1237,Carlos Ochoa,"San Diego, CA",1459,1:05:45,10:35,M 35-39/97,M-38,635,1:06:14,42.60%
1238,Ashley Gamba,"Pasadena, CA",325,1:05:47,10:36,F 30-34/154,F-30,603,1:06:59,46.15%
1239,Mark Strauss,"Escondido, CA",1607,1:05:47,10:36,M 50-54/33,M-51,636,1:06:55,47.06%
1240,Julie Pascual,"Fullerton, CA",419,1:05:47,10:36,F 25-29/174,F-28,604,1:06:39,46.12%
1241,Erin Pate,"Brawley, CA",1312,1:05:51,10:36,F 18-24/74,F-22,605,1:05:51,46.08%
1242,Emily Briggs,"San Diego, CA",96,1:05:53,10:37,F 25-29/175,F-26,606,1:16:52,46.05%
1243,Raquel Atik,"San Diego, CA",1265,1:05:56,10:37,F 30-34/155,F-32,607,1:06:52,46.12%
1244,Heather Cormier,"San Diego, CA",1817,1:05:57,10:37,F 30-34/156,F-33,608,1:06:34,46.21%
1245,Amanda Sookhiram,"Chula Vista, CA",242,1:05:57,10:37,F 30-34/157,F-30,609,1:08:50,46.03%
1246,Rebecca Parks,"San Diego, CA",1290,1:06:00,10:38,F 25-29/176,F-28,610,1:07:16,45.97%
1247,Frank Portillo,"San Diego, CA",1389,1:06:00,10:38,M 25-29/147,M-26,637,1:06:00,40.69%
1248,Deborah Marshall,"San Diego, CA",1333,1:06:00,10:38,F 30-34/158,F-30,611,1:07:16,46.00%
1249,Dale Gurule,"Bonita, CA",1864,1:06:04,10:38,M 65-69/11,M-66,638,1:24:23,53.34%
1250,Brooke Henderson,"Escondido, CA",1321,1:06:04,10:38,F 18-24/75,F-22,612,1:06:49,45.92%
1251,Rachelle Costa,"Ca, CA",817,1:06:05,10:38,F 35-39/75,F-36,613,1:07:01,46.52%
1252,John Graf,"Alpine, CA",451,1:06:06,10:39,M 55-59/14,M-57,639,1:06:55,49.23%
1253,Jason Peters,"La Jolla, CA",1419,1:06:06,10:39,M 35-39/98,M-38,640,1:07:22,42.37%
1254,Michelle Peters,"La Jolla, CA",1269,1:06:07,10:39,F 45-49/38,F-46,614,1:07:23,49.70%
1255,Ashley Riggs-Zeigen,"San Diego, CA",185,1:06:07,10:39,F 25-29/177,F-27,615,1:06:34,45.89%
1256,Stacey Antonio,"San Diego, CA",492,1:06:07,10:39,F 35-39/76,F-37,616,1:07:11,46.67%
1257,Katherine Keller,"San Diego, CA",41,1:06:07,10:39,F 35-39/77,F-38,617,1:07:10,46.90%
1258,Lauren Belleville,"San Diego, CA",1743,1:06:10,10:39,F 18-24/76,F-24,618,1:07:02,45.86%
1259,Bryan Parsons,"Vista, CA",899,1:06:16,10:40,M 25-29/148,M-26,641,1:07:58,40.52%
1260,Jim Sullivan,"San Diego, CA",1030,1:06:17,10:40,M 50-54/34,M-50,642,1:07:58,46.33%
1261,Suzanne Sullivan,"San Diego, CA",1072,1:06:17,10:40,F 45-49/39,F-47,619,1:07:58,50.08%
1262,Megan Sullivan,"San Diego, CA",974,1:06:17,10:40,F 18-24/77,F-21,620,1:07:57,45.77%
1263,Nicole Jones,"La Jolla, CA",1182,1:06:20,10:41,F 25-29/178,F-26,621,1:07:26,45.74%
1264,Sarah Chavez,"San Diego, CA",1128,1:06:20,10:41,F 30-34/159,F-34,622,1:06:32,46.04%
1265,Colleen Buck,"Winchester, CA",254,1:06:22,10:41,F 25-29/179,F-26,623,1:06:40,45.72%
1266,Maria Defante,"Chula Vista, CA",1073,1:06:25,10:42,F 40-44/61,F-43,624,1:06:38,48.19%
1267,Monique Germone,"La Jolla, CA",100,1:06:25,10:42,F 25-29/180,F-26,625,1:06:54,45.68%
1268, Crystal Doerry,"San Diego, CA",1191,1:06:30,10:43,F 25-29/181,F-25,626,1:07:28,45.63%
1269,Christian Pratt,"El Cajon, CA",1190,1:06:33,10:43,F 35-39/78,F-39,627,1:07:48,46.84%
1270,James Kurtz,"Encinitas, CA",1730,1:06:33,10:43,M 70-74/2,M-72,643,1:07:17,56.56%
1271,Nicole Dotson,"San Diego, CA",733,1:06:37,10:44,F 18-24/78,F-23,628,1:07:10,45.55%
1272,Cristina Perez,"San Diego, CA",1749,1:06:41,10:44,F 25-29/182,F-25,629,1:06:50,45.50%
1273,Sylvia Perez,"San Diego, CA",1696,1:06:41,10:44,F 50-54/11,F-54,630,1:06:51,54.22%
1274,Brian Shea,"San Diego, CA",1872,1:06:42,10:44,M 35-39/99,M-38,644,1:10:31,41.99%
1275,Brian Tilley,"San Diego, CA",803,1:06:43,10:45,M 30-34/138,M-32,645,1:06:51,40.58%
1276,Maggie Tilley,"San Diego, CA",684,1:06:44,10:45,F 25-29/183,F-27,631,1:06:52,45.47%
1277,Peggy Duffy,"San Diego, CA",1123,1:06:44,10:45,F 50-54/12,F-53,632,1:07:02,53.48%
1278,Cindy Gerlan,"Vista, CA",166,1:06:46,10:45,F 50-54/13,F-53,633,1:07:32,53.46%
1279,Alisa Edwards,"San Deigo, CA",873,1:06:47,10:45,F 40-44/62,F-41,634,1:07:27,47.23%
1280,Alan Sakal,"Carlsbad, CA",532,1:06:51,10:46,M 50-54/35,M-52,646,1:07:37,46.68%
1281,Catrina Skor,"San Diego, CA",1320,1:06:57,10:47,F 25-29/184,F-25,635,1:13:28,45.32%
1282,Adrian Hernandez,"Tijuana, N-",907,1:06:57,10:47,M 35-39/100,M-35,647,1:07:23,40.98%
1283,Laurens Vroom,"San Diego, CA",1871,1:06:59,10:47,M 30-34/139,M-30,648,1:12:03,40.19%
1284,Rebecca Szatko,"San Diego, CA",651,1:06:59,10:47,F 35-39/79,F-35,636,1:12:03,45.73%
1285,Misha Osinovskiy,"San Diego, CA",821,1:07:00,10:47,M 25-29/149,M-29,649,1:12:03,40.11%
1286,Bonnie Bunker,"Carlsbad, CA",749,1:07:00,10:47,F 18-24/79,F-24,637,1:07:13,45.28%
1287,Emily Nickerson,"Hemet, CA",266,1:07:03,10:48,F 25-29/185,F-25,638,1:07:55,45.25%
1288,Joshua Elliott,"Murrieta, CA",1416,1:07:05,10:48,M 35-39/101,M-36,650,1:27:34,41.15%
1289,Neil Ospina,"San Diego, CA",193,1:07:06,10:48,M 40-44/67,M-41,651,1:08:29,42.66%
1290,Kristi Gray,"San Diego, CA",660,1:07:06,10:48,F 25-29/186,F-27,639,1:07:36,45.22%
1291,Jillian Jepsen,"San Diego, CA",940,1:07:06,10:48,F 25-29/187,F-28,640,1:07:37,45.22%
1292,Desiree Bedard,"Poway, CA",1109,1:07:08,10:49,F 25-29/188,F-25,641,1:11:38,45.19%
1293,Amy Bulgatz,"San Diego, CA",468,1:07:09,10:49,F 25-29/189,F-27,642,1:07:39,45.18%
1294,Cherry Park,"San Diego, CA",1526,1:07:11,10:49,F 35-39/80,F-37,643,1:08:00,45.93%
1295,Margaux Lanoie,"San Diego, CA",819,1:07:13,10:50,F 30-34/160,F-31,644,1:08:25,45.18%
1296,Ellye O'Brien,"San Diego, CA",1519,1:07:16,10:50,F 18-24/80,F-21,645,1:07:27,45.11%
1297,Julie Bastien,"Escondido, CA",86,1:07:17,10:50,F 40-44/63,F-43,646,1:07:40,47.57%
1298,Teri Pasch,"Escondido, CA",162,1:07:18,10:50,F 45-49/40,F-47,647,1:07:41,49.32%
1299,Merrie Bessell,"Escondido, CA",284,1:07:18,10:50,F 50-54/14,F-52,648,1:07:41,52.37%
1300,Allison Adams,"San Diego, CA",538,1:07:22,10:51,F 25-29/190,F-28,649,1:07:46,45.04%
1501,Heidi Lucas,"Spring Valley, CA",1279,1:16:42,12:21,F 45-49/51,F-45,790,1:17:56,42.45%
1502,Marites Perez,"Chula Vista, CA",1633,1:16:47,12:22,F 45-49/52,F-47,791,1:17:08,43.23%
1503,Violeta Freeman,"Chula Vista, CA",1650,1:16:47,12:22,F 50-54/20,F-54,792,1:17:08,47.09%
1504,Ronnie Sawi,"Escondido, CA",565,1:16:48,12:22,M 30-34/150,M-33,712,1:17:31,35.38%
1505,Brenda Davalos,"San Diego, CA",901,1:16:52,12:23,F 25-29/223,F-26,793,1:17:15,39.47%
1506,Melissa Williams,"Oceanside, CA",93,1:16:57,12:23,F 30-34/198,F-30,794,1:16:57,39.45%
1507,Michelle Marshall,"Corona, CA",123,1:16:57,12:24,F 35-39/105,F-35,795,1:16:57,39.82%
1508,Minna Tran,"Alhambra, CA",72,1:16:58,12:24,F 30-34/199,F-30,796,1:18:27,39.44%
1509,Gali Weissberger,"San Diego, CA",57,1:17:00,12:24,F 18-24/91,F-24,797,1:17:23,39.40%
1510,Sheeva Mostoufi,"La Jolla, CA",87,1:17:12,12:26,F 25-29/224,F-26,798,1:17:35,39.30%
1511,Robin Hur,"Vista, CA",275,1:17:12,12:26,F 30-34/200,F-33,799,1:17:55,39.47%
1512,Caroline Foster,"San Diego, CA",713,1:17:20,12:27,F 35-39/106,F-36,800,1:18:34,39.75%
1513,Ellen Zyrkowski,"San Diego, CA",343,1:17:21,12:27,F 30-34/201,F-30,801,1:18:35,39.25%
1514,Jacklen Lozen,"Macomb, MI",887,1:17:41,12:31,F 55-59/7,F-58,802,1:18:59,49.10%
1515,Dawn Swazey,"Escondido, CA",295,1:17:41,12:31,F 35-39/107,F-36,803,1:18:29,39.57%
1516,Lisa Lozen,"Chicago, IL",890,1:17:41,12:31,F 18-24/92,F-24,804,1:18:59,39.06%
1517,Courtney Lozen,"Auburn Hills, MI",875,1:17:42,12:31,F 25-29/225,F-29,805,1:19:00,39.05%
1518,Erin Murray,"Pt Richmond, CA",897,1:17:44,12:31,F 30-34/202,F-34,806,1:18:49,39.29%
1519,Christina Khaokham,"San Diego, CA",1113,1:17:45,12:31,F 30-34/203,F-33,807,1:18:50,39.19%
1520,Kari Byers,"San Diego, CA",225,1:17:46,12:31,F 30-34/204,F-34,808,1:18:31,39.27%
1521,Diana Bensyl,"Tucker, GA",911,1:17:47,12:32,F 40-44/76,F-40,809,1:18:53,40.31%
1522,Elizabeth Diaz,"Chula Vista, CA",477,1:17:54,12:33,F 40-44/77,F-40,810,1:19:13,40.25%
1523,Letty Buckley,"Chula Vista, CA",398,1:17:54,12:33,F 40-44/78,F-41,811,1:19:13,40.49%
1524,Grant Thiem,"San Diego, CA",178,1:17:56,12:33,M 50-54/36,M-53,713,1:19:28,40.35%
1525,Jennifer Martinez,"San Diego, CA",1092,1:17:58,12:33,F 25-29/226,F-26,812,1:18:22,38.91%
1526,Debbie Longley,"Imperial Beach, CA",328,1:18:00,12:34,F 40-44/79,F-44,813,1:18:25,41.38%
1527,Kara Swafford,"El Cajon, CA",765,1:18:05,12:34,F 30-34/205,F-32,814,1:18:51,38.94%
1528,Allison Warner,"San Diego, CA",469,1:18:05,12:34,F 25-29/227,F-27,815,1:18:27,38.86%
1529,Karen Gauthier,"San Diego, CA",567,1:18:06,12:35,F 45-49/53,F-48,816,1:18:51,42.97%
1530,Eliza Puspos,"Los Angeles, CA",255,1:18:06,12:35,F 30-34/206,F-32,817,1:19:06,38.93%
1531,Allan Manzano,"Los Angeles, CA",159,1:18:06,12:35,M 30-34/151,M-32,714,1:19:06,34.66%
1532,Deborah Caron,"Chula Vista, CA",449,1:18:11,12:35,F 55-59/8,F-57,818,1:19:19,48.12%
1533,Ceszr Figueroa,", ",2103,1:18:18,12:37,M 30-34/152,M-34,715,1:19:33,34.85%
1534,Maria Gutierrez,"San Diego, CA",961,1:18:29,12:38,F 30-34/207,F-30,819,1:26:37,38.68%
1535,John Parker,"Costa Mesa, CA",963,1:18:29,12:38,M 35-39/110,M-37,716,1:26:37,35.41%
1536,Ladorna Bunt,"Fallbrook, CA",774,1:18:45,12:41,F 60-64/4,F-63,820,1:19:39,51.99%
1537,Blanca Lowery,"San Diego, CA",290,1:18:46,12:41,F 30-34/208,F-31,821,1:19:36,38.56%
1538,Kimberly Gross,"Carlsbad, CA",1278,1:18:47,12:41,F 50-54/21,F-52,822,1:19:36,44.73%
1539,Emily Lord,"Carlsbad, CA",394,1:18:47,12:41,F 40-44/80,F-40,823,1:19:36,39.80%
1540,Diane Barnard,"San Diego, CA",1493,1:19:18,12:46,F 25-29/228,F-29,824,1:19:38,38.26%
1541,Tanja Mathyssen,"San Diego, CA",1494,1:19:20,12:46,F 40-44/81,F-40,825,1:19:39,39.53%
1542,Devon Crouse,"San Diego, CA",1571,1:19:20,12:46,F 30-34/209,F-30,826,1:19:40,38.26%
1543,Sonia Farron,"San Diego, CA",1868,1:19:24,12:47,F 55-59/9,F-55,827,1:36:10,46.13%
1544,May Robinson,"Chula Vista, CA",1628,1:20:24,12:57,F 50-54/22,F-52,828,1:20:44,43.83%
1545,Rey Hacinas,"San Diego, CA",1816,1:20:31,12:58,M 30-34/153,M-32,717,1:21:27,33.62%
1546,Eugene Egaran,"Chula Vista, CA",850,1:20:31,12:58,M 30-34/154,M-33,718,1:21:26,33.75%
1547,Oseana Bratton,"San Diego, CA",1642,1:20:34,12:58,F 25-29/229,F-26,829,1:25:56,37.66%
1548,Nancy Mullen,"San Diego, CA",2102,1:20:42,13:00,F 40-44/82,F-43,830,1:21:49,39.66%
1549,James Mullen,"San Diego, CA",263,1:20:42,13:00,M 45-49/61,M-45,719,1:21:49,36.58%
1550,Chris Carlin,"Del Mar, CA",315,1:20:49,13:01,M 35-39/111,M-36,720,1:21:38,34.16%
1551,Adriana Ramirez,"Chula Vista, CA",717,1:20:55,13:02,F 35-39/108,F-37,831,1:21:19,38.13%
1552,Candice Thiem,"San Diego, CA",169,1:21:05,13:03,F 18-24/93,F-24,832,1:21:15,37.42%
1553,Prabhu Reddy,"San Francisco, CA",585,1:21:08,13:04,M 25-29/157,M-29,721,1:27:13,33.12%
1554,Isabel Cueva,"San Diego, CA",376,1:21:08,13:04,F 25-29/230,F-25,833,1:27:13,37.39%
1555,Crissy Nooris,"San Diego, CA",1442,1:21:27,13:07,F 30-34/210,F-30,834,1:22:14,37.27%
1556,Marcela Cruz,"San Diego Ca 92123-1407, CA",777,1:21:31,13:08,F 25-29/231,F-25,835,1:22:04,37.22%
1557,Juliet Faul,"Vista, CA",174,1:21:32,13:08,F 50-54/23,F-54,836,1:22:18,44.35%
1558,Heather Zempel,"La Mesa, CA",1285,1:21:36,13:08,F 30-34/211,F-31,837,1:22:50,37.22%
1559,Jennifer Hotchkiss,"San Diego, CA",1505,1:21:55,13:11,F 35-39/109,F-36,838,1:23:16,37.53%
1560,Marissa Naspinski,"Alexandria, VA",375,1:22:03,13:13,F 30-34/212,F-30,839,1:22:46,37.00%
1561,Norma Silva,"Chula Vista, CA",1271,1:22:11,13:14,F 30-34/213,F-32,840,1:23:41,37.00%
1562,Ronel Skoda,"Vista, CA",1261,1:22:25,13:16,F 35-39/110,F-36,841,1:23:39,37.30%
1563,Diane Ghani,"Costa Mesa, CA",571,1:22:31,13:17,F 25-29/232,F-29,842,1:24:00,36.77%
1564,Lorenza Mendoza,"Chula Vista, CA",1803,1:23:03,13:22,F 40-44/83,F-44,843,1:23:17,38.86%
1565,Marion So,"La Jolla, CA",208,1:23:05,13:23,F 70-74/3,F-73,844,1:24:14,57.76%
1566,Margarita Dominguez,"Riverside, CA",805,1:23:14,13:24,F 45-49/54,F-45,845,1:23:32,39.11%
1567,Patti Cates,"San Diego, CA",1670,1:23:23,13:26,F 45-49/55,F-47,846,1:23:54,39.80%
1568,Nancy Wilcox,"San Diego, CA",1561,1:23:33,13:27,F 55-59/10,F-56,847,1:24:06,44.43%
1569,Jeanina Manley,"Spring Valley, CA",863,1:24:29,13:36,F 50-54/24,F-53,848,1:25:20,42.25%
1570,Patty Thompson,"Del Dios, CA",17,1:24:58,13:41,F 55-59/11,F-58,849,1:25:29,44.89%
1571,Daisy Quiroz,"Spring Valley, CA",1206,1:25:02,13:42,F 25-29/233,F-28,850,1:25:14,35.68%
1572,Gloria Beltran,"Spring Valley, CA",1207,1:25:03,13:42,F 18-24/94,F-23,851,1:25:14,35.67%
1573,Larry Romero,"Oak View, CA",1659,1:25:31,13:46,M 50-54/37,M-53,722,1:26:44,36.78%
1574,Anne Cavanaugh,"Pittsburgh, PA",894,1:26:30,13:56,F 55-59/12,F-58,852,1:28:05,44.09%
1575,Scott Petersen,"Oceanside, CA",549,1:26:56,14:00,M 35-39/112,M-35,723,1:27:32,31.56%
1576,Regina Petersen,"Oceanside, CA",664,1:26:56,14:00,F 40-44/84,F-40,853,1:27:32,36.07%
1577,Peter Sewell,"Encinitas, CA",75,1:26:58,14:00,M 55-59/21,M-58,724,1:27:07,37.72%
1578,Mia Sewell,"Encinitas, CA",76,1:26:58,14:00,F 13-17/7,F-16,854,1:27:08,36.09%
1579,Jamie McKissack,"Chula Vista, CA",721,1:27:18,14:03,F 45-49/56,F-46,855,1:27:53,37.64%
1580,Michele Bivens,"Chula Vista, CA",179,1:27:18,14:03,F 40-44/85,F-44,856,1:27:53,36.97%
1581,Heather Neroy,"Hemet, CA",210,1:27:28,14:05,F 25-29/234,F-28,857,1:28:20,34.69%
1582,Robyn Collar,"Oceanside, CA",188,1:27:28,14:05,F 30-34/214,F-31,858,1:28:21,34.72%
1583,Ryan Bjaranson,"El Cajon, CA",972,1:27:55,14:09,M 18-24/57,M-18,725,1:28:42,31.59%
1584,Terry Sellenger,"San Diego, CA",1157,1:28:54,14:19,F 50-54/25,F-54,859,1:29:55,40.67%
1585,Eric Johnson,"National City, CA",1420,1:28:59,14:20,M 45-49/62,M-45,726,1:30:10,33.18%
1586,Aree Shahparnia,"San Diego, CA",312,1:31:01,14:39,F 30-34/215,F-31,860,1:31:35,33.37%
1587,Ziba Taj-Jahangir,"Long Beach, CA",1335,1:31:02,14:39,F 30-34/216,F-32,861,1:31:35,33.40%
1588,Brenda Alvarado,"Indio, CA",1275,1:32:09,14:50,F 25-29/235,F-29,862,1:37:30,32.92%
1589,Tanya Lyonsford,"Aurora, IL",479,1:32:36,14:55,F 45-49/57,F-46,863,1:34:08,35.48%
1590,Heather Crawford,"San Diego, CA",1555,1:32:36,14:55,F 35-39/111,F-37,864,1:33:36,33.32%
1591,Marci Garcia,"Valley Center, CA",222,1:32:37,14:55,F 45-49/58,F-46,865,1:33:37,35.48%
1592,Andrew Kane,"Santee, CA",686,1:32:57,14:58,M 18-24/58,M-22,727,1:34:34,28.91%
1593,Courtney Kane,"Santee, CA",736,1:32:57,14:58,F 18-24/95,F-23,866,1:34:34,32.64%
1594,Shannon O'Dea,"San Diego, CA",1599,1:33:26,15:03,F 18-24/96,F-23,867,1:33:26,32.47%
1595,Jen Lewis,"San Diego, CA",1849,1:33:26,15:03,F 25-29/236,F-27,868,1:33:26,32.47%
1596,Caitlin O'Dea,"San Diego, CA",1608,1:33:26,15:03,F 25-29/237,F-25,869,1:33:26,32.47%
1597,Debbie Dowling,"San Marcos, CA",672,1:33:39,15:05,F 40-44/86,F-43,870,1:34:28,34.18%
1598,Brent Sua,"Simi Valley, CA",1838,1:34:45,15:15,M 25-29/158,M-27,728,1:41:15,28.34%
1599,Lindsay Johnson,"San Diego, CA",1623,1:34:46,15:15,F 25-29/238,F-26,871,1:41:14,32.01%
1600,Janna Leoff,"San Diego, CA",1186,1:35:35,15:23,F 55-59/13,F-55,872,1:36:23,38.32%
1601,Sue Hutchens,"San Diego, CA",949,1:35:35,15:23,F 50-54/26,F-50,873,1:36:23,35.96%
1602,Jessica Hart,"El Cajon, CA",1245,1:36:04,15:28,F 30-34/217,F-34,874,1:36:56,31.79%
1603,Kristy Uliasz,"San Diego, CA",336,1:37:12,15:39,F 25-29/239,F-27,875,1:38:25,31.21%
1604,Aaron Castillo,"Oceanside, CA",1145,1:38:18,15:50,M 25-29/159,M-28,729,1:39:29,27.32%
1605,Genavieve Reeseromero,"Oceanside, CA",1136,1:38:19,15:50,F 25-29/240,F-26,876,1:39:30,30.86%
1606,Jeffrey Joseph,"Chula Vista, CA",238,1:38:36,15:53,M 45-49/63,M-49,730,1:39:50,30.89%
1607,Nicole Swisher,"Chula Vista, CA",286,1:43:25,16:39,F 35-39/112,F-36,877,1:44:37,29.72%
1608,Tara Olin,"Chula Vista, CA",243,1:43:25,16:39,F 30-34/218,F-32,878,1:44:36,29.40%
1609,Jane Cleveland,"Oceanside, CA",111,1:46:19,17:07,F 55-59/14,F-57,879,1:47:05,35.39%
1610,Matias Auditor,"San Diego, CA",632,1:50:11,17:44,M 40-44/75,M-43,731,1:51:23,26.38%
