Place,Name,Location,Bib,Net Time,Pace,Division/Place,Sex-Age,Sex-Place,Gun Time,Age Grade
1,Jeffrey King,"Los Angeles, CA",3,22:18,6:23,M 25-29/1,M-29,1,36:55, 0.00%
2,Douglas Trujillo,"Corona, CA",249,23:55,6:50,M 30-34/1,M-31,2,2:08:07, 0.00%
3,Jeanine Noordam,"San Jose, CA",378,24:51,7:06,F 14-19/1,F-15,1,1:39:14, 0.00%
4,Casey Reinl,"Huntington Beach, CA",568,25:14,7:13,M 25-29/2,M-25,3,25:14, 0.00%
5,Jared Retamoza,"Eastvale, CA",5,25:43,7:21,M 14-19/1,M-19,4,25:45, 0.00%
6,Daniel Ruppert-Majer,"Laguna Niguel, CA",1279,25:52,7:24,M 14-19/2,M-16,5,40:28, 0.00%
7,Armand Bashar,"Burbank, CA",2,26:41,7:38,M 40-44/1,M-44,6,26:41, 0.00%
8,Brian Schneider,"Corona, CA",1187,27:04,7:44,M 35-39/1,M-36,7,27:18, 0.00%
9,Amir Bashar,"La Crescenta, CA",1022,27:12,7:47,M 45-49/1,M-46,8,27:12, 0.00%
10,Robert Ryan,"Corona, CA",923,27:20,7:49,M 45-49/2,M-49,9,41:56, 0.00%
11,Travis Bratcher,"Orange, CA",948,27:37,7:54,M 20-24/1,M-22,10,27:40, 0.00%
12,Gary Cobb,"Yucaipa, CA",699,27:44,7:56,M 50-54/1,M-52,11,27:50, 0.00%
13,Kody Dickerson,"Temecula, CA",1100,27:56,7:59,M 14-19/3,M-16,12,57:05, 0.00%
14,Carlos Bojorquez,"Riverside, CA",1287,27:58,8:00,M 20-24/2,M-21,13,1:13:30, 0.00%
15,Hector Chavez Sr,"Corona, CA",908,28:15,8:05,M 40-44/2,M-40,14,1:13:46, 0.00%
16,Eddie Perez,"Corona, CA",1006,28:17,8:05,M 20-24/3,M-21,15,1:13:48, 0.00%
17,Tyler Kruswicki,"Norco, CA",241,28:38,8:11,M 14-19/4,M-15,16,43:19, 0.00%
18,Myrna Cuevas,"Anaheim, CA",755,28:45,8:13,F 14-19/2,F-19,2,28:45, 0.00%
19,Jose Gonzalez,"Riverside, CA",1401,28:47,8:14,M 35-39/2,M-38,17,43:25, 0.00%
20,Landon Rupright,"Chino Hills, CA",264,28:53,8:15,M 30-34/2,M-32,18,2:13:08, 0.00%
21,Paul Maldonado,"Rancho Cucamonga, CA",767,28:53,8:15,M 20-24/4,M-22,19,28:56, 0.00%
22,Asher Higgins,"Corona, CA",1008,28:54,8:16,M 20-24/5,M-20,20,1:14:24, 0.00%
23,David Kohl,"Corona, CA",756,28:55,8:16,M 40-44/3,M-40,21,2:13:10, 0.00%
24,Dan Saez,"Bellflower, CA",649,29:11,8:21,M 30-34/3,M-33,22,58:18, 0.00%
25,Valerie Escoto Escoto,"Corona, CA",36,29:17,8:22,F 35-39/1,F-37,3,29:17, 0.00%
26,Charlotte Williams,"Riverside, CA",120,29:20,8:23,F 50-54/1,F-50,4,44:09, 0.00%
27,Matt Mower,"Downey, CA",1242,29:32,8:27,M 30-34/4,M-34,23,44:09, 0.00%
28,Ryan Chisnell,"Orange, CA",947,29:36,8:28,M 20-24/6,M-24,24,29:38, 0.00%
29,Jarom Bennett,"Corona, CA",690,29:39,8:29,M 14-19/5,M-16,25,1:15:26, 0.00%
30,Fernando Pelayo,"La Puente, CA",482,29:44,8:30,M 20-24/7,M-24,26,1:15:15, 0.00%
31,Brian Moran,"Santa Monica, CA",1285,30:16,8:39,M 25-29/3,M-29,27,2:14:36, 0.00%
32,Jessica Sutton,"Chino, CA",1328,30:20,8:40,F 30-34/1,F-32,5,1:15:58, 0.00%
33,Eric Trevizo,"Corona, CA",392,30:23,8:41,M 20-24/8,M-20,28,59:31, 0.00%
34,Kip Field,"Riverside, CA",109,30:24,8:41,M 45-49/3,M-48,29,30:24, 0.00%
35,David McCarthy,"Ontario, CA",837,30:29,8:43,M 35-39/3,M-35,30,30:32, 0.00%
36,Jason Rosano,"Whittier, CA",295,30:55,8:50,M 35-39/4,M-37,31,45:31, 0.00%
37,Ward Strona,"Mira Loma, CA",1041,30:58,8:51,M 55-59/1,M-59,32,31:01, 0.00%
38,Dj Trevizo,"Corona, CA",390,31:02,8:52,M 55-59/2,M-56,33,1:00:10, 0.00%
39,Andrew Thomas,"Corona, CA",612,31:03,8:53,M 20-24/9,M-20,34,3:45:52, 0.00%
40,Jacob Robinson,"Yorba Linda, CA",1090,31:07,8:54,M 14-19/6,M-14,35,31:12, 0.00%
41,Trevor Vanderwal,"Lakewood, CA",1182,31:12,8:55,M 35-39/5,M-38,36,2:45:49, 0.00%
42,Gabriel Aceves-Bell,"Covina, CA",1849,31:13,8:56,M 14-19/7,M-16,37,1:16:44, 0.00%
43,Alejandro Pelayo,"La Puente, CA",391,31:16,8:56,M 25-29/4,M-26,38,1:16:47, 0.00%
44,Norma Edge,"Corona, CA",1172,31:18,8:57,F 35-39/2,F-39,6,1:16:50, 0.00%
45,Nick Prelesnik,"Riverside, CA",587,31:24,8:59,M 35-39/6,M-37,39,31:30, 0.00%
46,Andrew Shepard,"Corona, CA",137,31:28,9:00,M 20-24/10,M-22,40,3:01:28, 0.00%
47,Javier Santiago,"Moreno Valley, CA",1192,31:31,9:01,M 50-54/2,M-52,41,46:07, 0.00%
48,Nicholas Greenelsh,"Temecula, CA",934,31:37,9:02,M 30-34/5,M-30,42,2:01:26, 0.00%
49,Griffin Ferre,"Riverside, CA",702,31:39,9:03,M 14-19/8,M-17,43,46:18, 0.00%
50,Skip Shatford,"Corona, CA",485,31:40,9:03,M 30-34/6,M-32,44,1:46:10, 0.00%
51,Alberto Espinoza,"Chino, CA",108,31:40,9:03,M 35-39/7,M-35,45,31:47, 0.00%
52,Steve Rudd,"Riverside, CA",481,31:45,9:05,M 30-34/7,M-33,46,46:42, 0.00%
53,Garrett Allen,"Canyon Country, CA",1218,31:46,9:05,M 14-19/9,M-18,47,2:15:58, 0.00%
54,Kenny Gutierrez,"Riverside, CA",92,31:50,9:06,M 20-24/11,M-23,48,2:01:26, 0.00%
55,Dale Lesinski,"Riverside, CA",848,31:54,9:07,M 40-44/4,M-43,49,32:01, 0.00%
56,Martin Alvarado,"Anaheim, CA",186,31:54,9:07,M 30-34/8,M-31,50,1:17:29, 0.00%
57,Anthony Dejulio,"Norco, CA",116,31:56,9:08,M 45-49/4,M-48,51,46:37, 0.00%
58,Johann Outhuiujse,"Bellflower, CA",60,31:59,9:09,M 30-34/9,M-34,52,1:32:39, 0.00%
59,Steven Callahan,"Corona, CA",1821,32:00,9:09,M 14-19/10,M-15,53,5:16:40, 0.00%
60,Don Dickerson,"Temecula, CA",1099,32:29,9:17,M 50-54/3,M-53,54,1:01:38, 0.00%
61,Thomas Brown,"Corona, CA",1196,32:30,9:17,M 40-44/5,M-40,55,1:01:44, 0.00%
62,Hector Chavez Jr,"Corona, CA",909,32:32,9:18,M 14-19/11,M-14,56,1:18:02, 0.00%
63,Bryan Stoneking,"Corona, CA",27,32:34,9:19,M 45-49/5,M-45,57,47:12, 0.00%
64,Seth Herndon,"Winchester, CA",1051,32:36,9:19,M 30-34/10,M-30,58,4:02:21, 0.00%
65,Jorge Torres,"Corona, CA",621,32:37,9:19,M 40-44/6,M-44,59,32:37, 0.00%
66,Alan Optebeke,"Jurupa Valley, CA",1160,32:39,9:20,M 25-29/5,M-28,60,1:47:02, 0.00%
67,Richie Smith,"Rancho Cucamonga, CA",941,32:41,9:21,M 25-29/6,M-29,61,2:16:55, 0.00%
68,Cody Sutton,"Chino, CA",1327,32:43,9:21,M 30-34/11,M-33,62,1:18:22, 0.00%
69,Brittanie Perez,"Bellflower, CA",995,32:48,9:23,F 20-24/1,F-21,7,1:01:59, 0.00%
70,Priscilla Schaper,"Corona, CA",903,32:49,9:23,F 20-24/2,F-23,8,2:17:03, 0.00%
71,Robert Dell,"Corona, CA",1848,32:54,9:24,M 20-24/12,M-22,63,4:58:13, 0.00%
72,Andy King,"Corona, CA",215,32:54,9:24,M 40-44/7,M-43,64,32:54, 0.00%
73,Francisco Reyes,"Lake Elsinore, CA",455,33:02,9:27,M 25-29/7,M-29,65,1:47:30, 0.00%
74,Greg Abdouch,"Fontana, CA",806,33:03,9:27,M 35-39/8,M-39,66,1:18:36, 0.00%
75,Jeff McGivern,"Upland, CA",1904,33:03,9:27,M 30-34/12,M-30,67,1:18:36, 0.00%
76,Gabriel Silva,"Norco, CA",1329,33:03,9:27,M 40-44/8,M-42,68,33:05, 0.00%
77,Ron Glaze,"Spring Valley Lake, CA",1169,33:03,9:27,M 55-59/3,M-55,69,47:39, 0.00%
78,Thomas Flores,"Fontana, CA",766,33:06,9:28,M 30-34/13,M-32,70,3:03:05, 0.00%
79,John Power,"Corona, CA",946,33:07,9:28,M 40-44/9,M-41,71,33:09, 0.00%
80,Chris Hurtado,"Moreno Valley, CA",1288,33:07,9:28,M 25-29/8,M-28,72,1:18:40, 0.00%
81,Herman Castille,"Temecula, CA",90,33:10,9:29,M 60-69/1,M-63,73,33:16, 0.00%
82,Gregory Sanchez,"Rancho Cucamonga, CA",447,33:14,9:30,M 30-34/14,M-30,74,1:18:48, 0.00%
83,Patricia McRae,"Chino, CA",718,33:15,9:30,F 50-54/2,F-53,9,33:17, 0.00%
84,Jesus Narro,"Los Angeles, CA",592,33:30,9:35,M 30-34/15,M-30,75,33:38, 0.00%
85,David Bell,"Rancho Mirage, CA",949,33:44,9:39,M 14-19/12,M-16,76,4:03:31, 0.00%
86,Peter Gresham,"Palm Desert, CA",875,33:46,9:39,M 20-24/13,M-24,77,4:03:32, 0.00%
87,Olivia Aguilar,"Corona, CA",618,33:49,9:40,F 20-24/3,F-21,10,48:28, 0.00%
88,Scott Meluski,"Corona, CA",1872,33:50,9:40,M 25-29/9,M-25,78,5:18:32, 0.00%
89,Timothy McCreary,"Corona, CA",547,33:52,9:41,M 25-29/10,M-29,79,48:32, 0.00%
90,Donny Costello,"Norco, CA",265,34:07,9:45,M 40-44/10,M-44,80,1:19:43, 0.00%
91,Leslie Poetschlag,"Temecula, CA",678,34:09,9:46,F 30-34/2,F-31,11,2:18:32, 0.00%
92,Carlos Alvarez,"Chino Hills, CA",1893,34:10,9:46,M 30-34/16,M-30,81,1:19:52, 0.00%
93,Stephanie Parsons,"Yorba Linda, CA",668,34:13,9:47,F 30-34/3,F-34,12,2:18:35, 0.00%
94,Joshua Solorio,"Riverside, CA",1043,34:15,9:47,M 30-34/17,M-30,82,1:19:48, 0.00%
95,Jessica Lynn,"Corona, CA",1116,34:19,9:49,F 20-24/4,F-22,13,34:24, 0.00%
96,Robert Denessen,"Lancaster, CA",800,34:20,9:49,M 30-34/18,M-31,83,2:18:32, 0.00%
97,Ryan Albert,"Lancaster, CA",799,34:21,9:49,M 25-29/11,M-29,84,2:18:35, 0.00%
98,Ryan Rosche,"Downey, CA",614,34:22,9:49,M 30-34/19,M-30,85,49:05, 0.00%
99,Cristina Carmin,"Desert Hot Springs, CA",865,34:23,9:50,F 25-29/1,F-29,14,1:48:47, 0.00%
100,Shell Green,"Corona, CA",1052,34:28,9:51,F 40-44/1,F-41,15,49:06, 0.00%
101,Joan Maldonado,"Bellflower, CA",725,34:28,9:51,F 30-34/4,F-33,16,34:29, 0.00%
102,Kyle Bartol,"Ontario, CA",710,34:30,9:52,M 25-29/12,M-26,86,1:20:05, 0.00%
103,Julie Buchanan,"Ontario, CA",711,34:31,9:52,F 25-29/2,F-25,17,1:20:07, 0.00%
104,Sonia Caruthers,"Fontana, CA",938,34:42,9:55,F 45-49/1,F-49,18,1:20:13, 0.00%
105,Karen Schartau,"Montclair, CA",1419,34:53,9:58,F 45-49/2,F-46,19,1:20:31, 0.00%
106,Maricela Arellano,"Corona, CA",290,34:57,10:00,F 25-29/3,F-25,20,1:49:20, 0.00%
107,Joseph Logsdon,"Whittier, CA",342,34:59,10:00,M 20-24/14,M-20,87,2:26:17, 0.00%
108,Daniel Carter,"Hemet, CA",105,35:00,10:00,M 25-29/13,M-27,88,49:38, 0.00%
109,William Sanders,"Beaumont, CA",1118,35:06,10:02,M 30-34/20,M-34,89,1:20:36, 0.00%
110,Donald Cox,"Beaumont, CA",1117,35:06,10:02,M 30-34/21,M-34,90,1:20:36, 0.00%
111,Gary Barton,"Marina Del Rey, CA",643,35:08,10:03,M 55-59/4,M-55,91,35:20, 0.00%
112,Valerie Wilson,"West Covina, CA",252,35:10,10:03,F 35-39/3,F-35,21,35:11, 0.00%
113,Tara Vishnesky,"Coppell, TX",1908,35:10,10:03,F 14-19/3,F-15,22,3:49:59, 0.00%
114,Thron Havens,"Rsm, CA",83,35:11,10:04,M 35-39/9,M-36,92,3:05:10, 0.00%
115,Ryan Faris,"Corona, CA",613,35:14,10:04,M 20-24/15,M-21,93,3:50:04, 0.00%
116,Michael Norman,"Bellflower, CA",918,35:27,10:08,M 30-34/22,M-30,94,50:22, 0.00%
117,Michael Mohr,"Riverside, CA",247,35:30,10:09,M 30-34/23,M-30,95,1:21:01, 0.00%
118,Lance Amantia,"Santa Clarita, CA",1895,35:31,10:09,M 30-34/24,M-32,96,1:36:13, 0.00%
119,Arthur Salas,"Corona, CA",1171,35:32,10:09,M 14-19/13,M-18,97,3:05:30, 0.00%
120,Miguel Cuevas,"Anaheim, CA",722,35:35,10:10,M 40-44/11,M-41,98,35:35, 0.00%
121,Garrett Butler,"Corona, CA",68,35:38,10:11,M 25-29/14,M-29,99,35:45, 0.00%
122,Michael Lopez,"Corona, CA",1818,35:38,10:11,M 20-24/16,M-22,100,5:28:22, 0.00%
123,Kristi Whitcomb,"Highland, CA",150,35:38,10:11,F 35-39/4,F-39,23,1:04:46, 0.00%
124,Dennis Ralls,"Riverside, CA",111,35:41,10:12,M 35-39/10,M-35,101,35:49, 0.00%
125,Kyle Winberg,"Fullerton, CA",781,35:50,10:15,M 14-19/14,M-17,102,35:51, 0.00%
126,Emily Torres,"Rancho Cucamonga, CA",491,35:52,10:15,F 14-19/4,F-18,24,2:20:09, 0.00%
127,Addie Abner,"Eastvale, CA",795,35:54,10:16,F 30-34/5,F-32,25,2:35:39, 0.00%
128,Rommel Pasive,"Temecula, CA",1109,35:54,10:16,M 35-39/11,M-39,103,50:58, 0.00%
129,David Mercadel,"Redlands, CA",209,35:54,10:16,M 20-24/17,M-23,104,35:56, 0.00%
130,Anna Saavedra,"Corona, CA",230,35:54,10:16,F 40-44/2,F-41,26,2:35:39, 0.00%
131,Kimberly Bak,"Fullerton, CA",786,35:58,10:17,F 20-24/5,F-22,27,36:00, 0.00%
132,Jamie Leibert,"Newbury Park, CA",1925,36:00,10:17,M 25-29/15,M-29,105,3:40:21, 0.00%
133,Mark Harris,"Wildomar, CA",1253,36:01,10:18,M 40-44/12,M-43,106,1:50:25, 0.00%
134,Jennifer Valdez,"Riverside, CA",1308,36:01,10:18,F 20-24/6,F-22,28,1:21:41, 0.00%
135,Chris Flores,"Norwalk, CA",961,36:03,10:18,M 20-24/18,M-20,107,50:56, 0.00%
136,James Bell,"Rancho Mirage, CA",572,36:10,10:20,M 55-59/5,M-59,108,4:05:56, 0.00%
137,Jeff Smith,"Rancho Mirage, CA",644,36:10,10:20,M 30-34/25,M-33,109,4:05:58, 0.00%
138,Doug Fugate,"Redondo Beach, CA",1899,36:11,10:21,M 14-19/15,M-18,110,3:21:06, 0.00%
139,Jennifer Costello,"Riverside, CA",266,36:17,10:22,F 35-39/5,F-39,29,1:21:54, 0.00%
140,Josh Honikel,"Corona, CA",952,36:19,10:23,M 14-19/16,M-16,111,36:23, 0.00%
141,Tony Torres,"Corona, CA",895,36:21,10:24,M 20-24/19,M-21,112,2:20:50, 0.00%
142,Derek Schaper,"Corona, CA",901,36:23,10:24,M 40-44/13,M-42,113,2:20:38, 0.00%
143,Ed Reynoso,"Riverside, CA",906,36:25,10:25,M 40-44/14,M-41,114,2:20:39, 0.00%
144,Travis Solorio,"Riverside, CA",1045,36:25,10:25,M 25-29/16,M-27,115,1:21:59, 0.00%
145,Tyree Lauritzen,"Riverside, CA",251,36:25,10:25,F 35-39/6,F-37,30,51:20, 0.00%
146,Ian Swarr,"Santa Fe Springs, CA",978,36:27,10:25,M 20-24/20,M-24,116,1:05:55, 0.00%
147,Nicole Velasco,"San Diego, CA",733,36:27,10:25,F 20-24/7,F-24,31,1:05:55, 0.00%
148,Matt Berry,"Long Beach, CA",1214,36:30,10:26,M 25-29/17,M-29,117,1:50:52, 0.00%
149,Jay Swarr,"Long Beach, CA",745,36:32,10:27,M 45-49/6,M-47,118,1:06:01, 0.00%
150,Michael Peauroi,"Ontario, CA",1330,36:33,10:27,M 40-44/15,M-42,119,1:22:13, 0.00%
151,Adam Watson,"Temecula, CA",935,36:34,10:27,M 25-29/18,M-29,120,2:06:24, 0.00%
152,Katie Wilkinson,"San Jose, CA",377,36:40,10:29,F 14-19/5,F-15,32,1:51:03, 0.00%
153,Kenzie Lovelady,"Chino Hills, CA",503,36:40,10:29,F 14-19/6,F-18,33,2:20:54, 0.00%
154,Bethany Tom,"San Jose, CA",484,36:40,10:29,F 14-19/7,F-15,34,1:51:03, 0.00%
155,Dustin Glenore,"Riverside, CA",802,36:47,10:31,M 14-19/17,M-16,121,51:32, 0.00%
156,Emylee King,"Corona, CA",216,36:48,10:31,F 14-19/8,F-14,35,36:48, 0.00%
157,Loren Carrillo,"Chino, CA",1415,36:52,10:32,F 40-44/3,F-43,36,1:22:30, 0.00%
158,Linda Baucher,"Chino, CA",1420,36:53,10:33,F 30-34/6,F-33,37,1:22:31, 0.00%
159,Danielle Leyva,"Corona, CA",611,36:56,10:33,F 30-34/7,F-30,38,51:48, 0.00%
160,Shonda Campbell,"Temecula, CA",352,36:57,10:34,F 25-29/4,F-25,39,36:58, 0.00%
161,Brad Staiger,"Corona, CA",1339,36:57,10:34,M 40-44/16,M-40,122,1:51:26, 0.00%
162,Joseph Salcido,"Covina, CA",237,37:02,10:35,M 14-19/18,M-15,123,2:21:17, 0.00%
163,Xavier Mesquita,"Baldwin Park, CA",345,37:07,10:37,M 30-34/26,M-34,124,2:28:36, 0.00%
164,Luis Corona,"Eastvale, CA",748,37:10,10:37,M 25-29/19,M-27,125,37:20, 0.00%
165,Mavis Anguiano,"San Diego, CA",353,37:13,10:38,F 25-29/5,F-27,40,37:14, 0.00%
166,Fingers Hourihan,"Westchester, CA",1866,37:15,10:39,M 35-39/12,M-38,126,5:21:57, 0.00%
167,Bill Bester,"Palm Desert, CA",573,37:16,10:39,M 60-69/2,M-61,127,4:07:02, 0.00%
168,Ernesto Delgadillo,"Diamond Bar, CA",1255,37:21,10:41,M 25-29/20,M-26,128,3:07:23, 0.00%
169,Andrea Ortiz,"Diamond Bar, CA",1254,37:34,10:44,F 25-29/6,F-25,41,3:07:35, 0.00%
170,Alex Kimbrough,"Corona, CA",1407,37:37,10:45,M 20-24/21,M-21,129,1:52:04, 0.00%
171,Yessica Martinez,"Desert Hot Springs, CA",866,37:48,10:48,F 20-24/8,F-24,42,1:52:11, 0.00%
172,Claudia Morales,"Corona, CA",1350,37:49,10:49,F 30-34/8,F-31,43,1:23:26, 0.00%
173,George Sepeda,"Corona, CA",1130,37:49,10:49,M 30-34/27,M-33,130,1:23:27, 0.00%
174,Edgar Gomez,"Corona, CA",838,37:49,10:49,M 35-39/13,M-37,131,1:52:22, 0.00%
175,Bonnie Reed,"Riverside, CA",286,37:51,10:49,F 40-44/4,F-44,44,2:07:36, 0.00%
176,Lisa Miramontes,"Rancho Cucamonga, CA",289,37:52,10:50,F 30-34/9,F-30,45,52:29, 0.00%
177,Carlos Hernandez,"Riverside, CA",1862,37:54,10:50,M 25-29/21,M-26,132,5:03:38, 0.00%
178,Evan Perlman,"Corona, CA",95,37:55,10:50,M 30-34/28,M-33,133,52:38, 0.00%
179,Carlos Deleon,"Corona, CA",1257,37:56,10:51,M 14-19/19,M-17,134,52:37, 0.00%
180,Kiana Deleo,"Riverside, CA",858,37:57,10:51,F 14-19/9,F-17,46,1:07:04, 0.00%
181,Christina Sanchez,"Corona, CA",1256,37:57,10:51,F 25-29/7,F-26,47,52:37, 0.00%
182,Jairo Mijares,"Corona, CA",842,37:58,10:51,M 25-29/22,M-26,135,1:52:23, 0.00%
183,Elizabeth Mihalek,"Los Angeles, CA",833,38:01,10:52,F 25-29/8,F-28,48,2:07:36, 0.00%
184,Gabe Hernandez,"Corona, CA",1205,38:10,10:55,M 40-44/17,M-43,136,38:10, 0.00%
185,Oscar Hernandez,"Riverside, CA",1863,38:12,10:55,M 25-29/23,M-27,137,5:03:32, 0.00%
186,Vanessa Rupright,"Chino Hills, CA",263,38:15,10:56,F 30-34/10,F-30,49,2:22:29, 0.00%
187,Victor Correa,"Mira Loma, CA",888,38:15,10:56,M 40-44/18,M-43,138,2:22:29, 0.00%
188,Clinton Arial-Ryan,"Yucaipa, CA",830,38:15,10:56,M 25-29/24,M-29,139,1:52:48, 0.00%
189,Gabriel Yrigoyen,"Riverside, CA",583,38:16,10:56,M 20-24/22,M-23,140,38:21, 0.00%
190,Mike Tavis,"Banning, CA",831,38:19,10:57,M 25-29/25,M-29,141,1:52:52, 0.00%
191,Jose Ruiz,"Whittier, CA",1272,38:21,10:58,M 35-39/14,M-37,142,1:00:05, 0.00%
192,Jonathan Clarke,"Glendale, CA",1154,38:23,10:58,M 35-39/15,M-38,143,2:07:58, 0.00%
193,Crystal Gonzalez,"Pomona, CA",1082,38:26,10:59,F 20-24/9,F-24,50,3:08:28, 0.00%
194,Justin Glidden,"Temecula, CA",1219,38:31,11:01,M 40-44/19,M-41,144,1:39:10, 0.00%
195,Kelsey Purkiss,"Riverside, CA",1909,38:33,11:01,F 14-19/10,F-19,51,2:08:06, 0.00%
196,Megan Barich,"Redlands, CA",747,38:33,11:01,F 25-29/9,F-26,52,2:08:05, 0.00%
197,Nicolas Benson,"Corona, CA",1096,38:33,11:01,M 25-29/26,M-28,145,53:19, 0.00%
198,Carlos Almira,"Anaheim, CA",859,38:38,11:03,M 45-49/7,M-48,146,53:23, 0.00%
199,Jason Lisenby,"Anaheim, CA",1270,38:42,11:04,M 20-24/23,M-24,147,2:22:58, 0.00%
200,Patrick Brady,"Chino, CA",789,38:45,11:05,M 25-29/27,M-28,148,1:24:37, 0.00%
201,Meghan Martinez,"Lake Elsinore, CA",366,38:46,11:05,F 25-29/10,F-29,53,2:23:03, 0.00%
202,Scott Price,"Riverside, CA",1222,38:47,11:05,M 35-39/16,M-36,149,1:24:35, 0.00%
203,Danica Price,"Riverside, CA",1223,38:48,11:05,F 30-34/11,F-33,54,1:24:35, 0.00%
204,Leah Shatford,"Corona, CA",486,38:49,11:06,F 30-34/12,F-33,55,1:53:20, 0.00%
205,Toni Dejulio,"Norco, CA",115,38:50,11:06,F 40-44/5,F-41,56,53:31, 0.00%
206,Nichole Tovar,"Riverside, CA",670,38:51,11:06,F 20-24/10,F-20,57,53:27, 0.00%
207,Michael Hurtado,"Corona, CA",896,38:51,11:06,M 30-34/29,M-30,150,2:23:21, 0.00%
208,Ryan Harris,"Corona, CA",1814,38:54,11:07,M 25-29/28,M-26,151,4:11:27, 0.00%
209,Ron West,"Redlands, CA",905,38:57,11:08,M 40-44/20,M-43,152,2:23:15, 0.00%
210,Lan Nhi Duong,"Rancho Cucamonga, CA",1146,39:00,11:09,F 25-29/11,F-27,58,1:24:32, 0.00%
211,Luis Miramontes,"Corona, CA",292,39:02,11:10,M 35-39/17,M-38,153,53:38, 0.00%
212,Jaimee Schuster,"Canoga Park, CA",246,39:03,11:10,F 14-19/11,F-18,59,2:53:40, 0.00%
213,Anthony Oliver,"Corona, CA",1293,39:15,11:13,M 25-29/29,M-25,154,2:08:51, 0.00%
214,Nicholas Kilkuts,"Corona, CA",1817,39:16,11:14,M 25-29/30,M-25,155,5:23:57, 0.00%
215,Bill Pelcatre,"Rialto, CA",1068,39:19,11:14,M 20-24/24,M-20,156,2:55:15, 0.00%
216,Cory Graychik,"Corona, CA",243,39:20,11:15,M 20-24/25,M-24,157,2:23:51, 0.00%
217,Michael Graychik,"Corona, CA",242,39:21,11:15,M 45-49/8,M-48,158,2:23:51, 0.00%
218,Donald Maxwell,"Tempe, AZ",1840,39:27,11:17,M 40-44/21,M-41,159,39:33, 0.00%
219,Elyse Rosati,"Norco, CA",1314,39:27,11:17,F 20-24/11,F-23,60,2:23:47, 0.00%
220,Cindy Sanchez,"Rancho Cucamonga, CA",446,39:29,11:17,F 30-34/13,F-30,61,1:25:06, 0.00%
221,Danny Balles,"Riverside, CA",1185,39:29,11:17,M 35-39/18,M-35,160,2:23:53, 0.00%
222,Amy Huecker,"Menifee, CA",165,39:30,11:17,F 35-39/7,F-37,62,1:53:52, 0.00%
223,Rosie Gonzalez,"El Paso, TX",1106,39:31,11:18,F 40-44/6,F-40,63,54:08, 0.00%
224,Jan Joseph,"Chino Hills, CA",1125,39:38,11:20,M 30-34/30,M-34,161,2:23:55, 0.00%
225,Randy Rayburn,"Edwards, CA",912,39:51,11:23,M 30-34/31,M-31,162,1:25:28, 0.00%
226,Salvador Diaz,"Corona, CA",840,39:52,11:24,M 25-29/31,M-26,163,1:54:24, 0.00%
227,Frankie O'Rourke,"Temecula, CA",911,39:52,11:24,M 20-24/26,M-24,164,1:25:29, 0.00%
228,Steven Martinez,"Lake Elsinore, CA",368,39:52,11:24,M 30-34/32,M-31,165,2:24:09, 0.00%
229,Nicolle Solorio,"Riverside, CA",1046,39:58,11:25,F 25-29/12,F-28,64,1:26:32, 0.00%
230,Johnny Harris,"Corona Ca, CA",1804,40:01,11:26,M 25-29/32,M-29,166,4:12:35, 0.00%
231,Yovana Guzman,"Riverside, CA",1926,40:01,11:26,F 25-29/13,F-27,65,4:12:35, 0.00%
232,Mark German,"Corona, CA",323,40:04,11:27,M 55-59/6,M-57,167,2:24:19, 0.00%
233,Nancy Mirabal,"Burbank, CA",1170,40:05,11:27,F 25-29/14,F-27,66,1:54:28, 0.00%
234,Alex Ruiz,"Corona, CA",1910,40:09,11:29,M 20-24/27,M-21,168,2:09:43, 0.00%
235,Elvia Franco,"Riverside, CA",1867,40:11,11:29,F 50-54/3,F-52,67,1:54:59, 0.00%
236,Brian Zavala,"Corona, CA",1030,40:12,11:30,M 35-39/19,M-39,169,1:54:41, 0.00%
237,Kirsten Deleo,"Riverside, CA",857,40:14,11:30,F 40-44/7,F-40,68,1:09:22, 0.00%
238,Stacy Lair,"Norco, CA",1031,40:17,11:31,F 30-34/14,F-32,69,1:26:14, 0.00%
239,Ryne Shetterly,"Grand Terrace, CA",255,40:18,11:31,M 25-29/33,M-26,170,1:25:50, 0.00%
240,Timothy Lanski,"Norco, CA",1875,40:18,11:31,M 25-29/34,M-27,171,1:25:51, 0.00%
241,Jesus Salcido,"Montebello, CA",656,40:20,11:32,M 20-24/28,M-21,172,1:25:56, 0.00%
242,Tina Raab,"Norco, CA",240,40:20,11:32,F 40-44/8,F-43,70,55:02, 0.00%
243,Johnny Owens,"Norco, CA",1842,40:22,11:32,M 30-34/33,M-34,173,1:41:00, 0.00%
244,Lindsey McGeehan,"Big Bear City, CA",1132,40:24,11:33,F 20-24/12,F-20,71,4:10:07, 0.00%
245,Brandie Zapotosky,"San Bernardino, CA",1131,40:25,11:33,F 20-24/13,F-24,72,4:10:06, 0.00%
246,Steven Stragier,"Corona, CA",1020,40:25,11:33,M 25-29/35,M-25,174,1:26:11, 0.00%
247,Matthew Karpeles,"Playa Del Rey, CA",1304,40:26,11:33,M 25-29/36,M-29,175,2:24:39, 0.00%
248,Donna Page,"Alta Loma, CA",652,40:26,11:34,F 45-49/3,F-49,73,55:06, 0.00%
249,Rachel Page,"Alta Loma, CA",653,40:26,11:34,F 14-19/12,F-16,74,55:06, 0.00%
250,Mikey Stragier,"Corona, CA",1120,40:27,11:34,M 20-24/29,M-21,176,1:26:12, 0.00%
251,Nicole Lear,"Norco, CA",684,40:35,11:36,F 25-29/15,F-28,75,1:26:32, 0.00%
252,Steven Clements,"Chino, CA",1186,40:36,11:36,M 35-39/20,M-39,177,1:09:49, 0.00%
253,Jose Luis Rasilla,"Corona, CA",944,40:36,11:36,M 35-39/21,M-39,178,1:26:33, 0.00%
254,Ronal Urbina,"Long Beach, CA",1143,40:37,11:37,M 30-34/34,M-31,179,3:10:38, 0.00%
255,Aaron Hake,"Corona, CA",625,40:40,11:38,M 25-29/37,M-28,180,40:51, 0.00%
256,Amy Ceccarelli,"Laguna Niguel, CA",360,40:41,11:38,F 20-24/14,F-24,76,40:43, 0.00%
257,Theresa Downs,"Palm Springs, CA",645,40:42,11:38,F 25-29/16,F-27,77,4:10:27, 0.00%
258,Juan Yorba,"Hawaiian Gardens, CA",1013,40:45,11:39,M 20-24/30,M-23,181,3:10:46, 0.00%
259,Lorna Guerrero,"Covina, CA",224,40:47,11:40,F 40-44/9,F-41,78,2:25:03, 0.00%
260,Alex Pasimio,"Perris, CA",293,40:48,11:40,M 45-49/9,M-49,182,1:55:23, 0.00%
261,Andre C Rosano,"Diamond Bar, CA",398,40:53,11:41,M 25-29/38,M-25,183,1:10:06, 0.00%
262,Sylvia Chavez,"Corona, CA",910,40:54,11:42,F 35-39/8,F-39,79,1:26:29, 0.00%
263,Timothy Meyer,"Riverside, CA",404,40:55,11:42,M 20-24/31,M-20,184,1:26:37, 0.00%
264,Athena Kepler,"Riverside, CA",405,40:55,11:42,F 20-24/15,F-20,80,1:26:38, 0.00%
265,Tonyy Torres,"Corona, CA",894,40:55,11:42,M 45-49/10,M-47,185,2:25:23, 0.00%
266,Crystal Pino,"Corona, CA",432,40:55,11:42,F 25-29/17,F-29,81,2:25:11, 0.00%
267,Bernadette Sanda,"Menifee, CA",305,40:59,11:43,F 25-29/18,F-29,82,41:12, 0.00%
268,Frank Perez,"Corona, CA",607,40:59,11:43,M 30-34/35,M-30,186,1:26:29, 0.00%
269,Erwin Lara,"Redlands, CA",332,41:00,11:43,M 40-44/22,M-42,187,41:12, 0.00%
270,Brittany Haskins,"Corona, CA",694,41:01,11:44,F 20-24/16,F-24,83,2:10:32, 0.00%
271,Jose Quiroz,"Corona, CA",662,41:01,11:44,M 14-19/20,M-18,188,3:11:06, 0.00%
272,Elizabeth Jerome,"Fullerton, CA",624,41:03,11:44,F 45-49/4,F-45,84,2:48:43, 0.00%
273,David Jerome,"Fullerton, CA",623,41:03,11:44,M 45-49/11,M-46,189,2:48:43, 0.00%
274,Gage Curran,"Corona, CA",782,41:03,11:44,M 14-19/21,M-19,190,57:12, 0.00%
275,Anthony Olivas,"Corona, CA",1342,41:05,11:45,M 14-19/22,M-17,191,1:55:32, 0.00%
276,Paige Field,"Riverside, CA",110,41:07,11:45,F 14-19/13,F-17,85,41:13, 0.00%
277,Alfonso Melendez,"Rialto, CA",1067,41:08,11:46,M 14-19/23,M-18,192,2:57:15, 0.00%
278,Ray Fenton,"Claremont, CA",1122,41:09,11:46,M 45-49/12,M-49,193,1:27:08, 0.00%
279,Ruben Hernandez,"Diamond Bar, CA",235,41:11,11:46,M 50-54/4,M-52,194,2:25:27, 0.00%
280,Jessica Albarran,"Corona, CA",890,41:14,11:47,F 14-19/14,F-19,86,2:25:29, 0.00%
281,Raymond Bernasconi,"Claremont, CA",222,41:18,11:48,M 50-54/5,M-50,195,2:25:34, 0.00%
282,Samantha Huddy,"Los Angeles, CA",1333,41:18,11:48,F 30-34/15,F-30,87,2:55:59, 0.00%
283,Nolan Thomas,"Corona, CA",619,41:19,11:49,M 14-19/24,M-16,196,3:56:08, 0.00%
284,Felicia Silva,"Covina, CA",192,41:22,11:50,F 14-19/15,F-18,88,1:10:30, 0.00%
285,Halsey Bonnell IV,"San Dimas, CA",1074,41:22,11:50,M 25-29/39,M-28,197,1:27:00, 0.00%
286,Marlene Avalos,"Fontana, CA",964,41:23,11:50,F 20-24/17,F-22,89,1:26:54, 0.00%
287,Robert Torres,"Corona, CA",121,41:26,11:51,M 40-44/23,M-41,198,1:27:00, 0.00%
288,Nima Farahani,"Santa Monica, CA",1311,41:27,11:51,M 30-34/36,M-30,199,2:56:08, 0.00%
289,Jonathan Wren,"Fontana, CA",381,41:27,11:51,M 30-34/37,M-31,200,2:56:10, 0.00%
290,Eddie Oftelie,"Ontario, CA",928,41:27,11:51,M 40-44/24,M-42,201,56:04, 0.00%
291,Engelbert Castaneda,"Rancho Mirage, CA",288,41:28,11:51,M 30-34/38,M-34,202,2:56:11, 0.00%
292,Amy Riggs,"Corona, CA",708,41:31,11:52,F 30-34/16,F-31,90,41:42, 0.00%
293,Kassondra Slouka,"Victorville, CA",744,41:43,11:55,F 20-24/18,F-20,91,4:11:27, 0.00%
294,Frank Gonzales,"Corona, CA",899,41:44,11:56,M 40-44/25,M-43,203,2:26:01, 0.00%
295,Greg Byrne,"Whittier, CA",933,41:45,11:56,M 45-49/13,M-49,204,56:23, 0.00%
296,Michael Miramontes,"Fontana, CA",538,41:47,11:57,M 30-34/39,M-33,205,56:23, 0.00%
297,David Audelo Jr,"Los Angeles, CA",997,41:48,11:57,M 25-29/40,M-25,206,2:26:00, 0.00%
298,Lee Ann Elliott,"Corona, CA",664,41:51,11:58,F 30-34/17,F-31,92,1:27:34, 0.00%
299,Christine Waring,"Yorba Linda, CA",1236,41:52,11:58,F 40-44/10,F-44,93,1:27:28, 0.00%
300,John Waring,"Yorba Linda, CA",1237,41:52,11:58,M 45-49/14,M-48,207,1:27:27, 0.00%
301,Ivan Deichert,"Corona, CA",648,42:02,12:01,M 14-19/25,M-18,208,1:11:16, 0.00%
302,James Enriquez,"Riverside, CA",1148,42:04,12:01,M 45-49/15,M-47,209,42:26, 0.00%
303,Chris Uribe,"Corona, CA",201,42:09,12:03,M 20-24/32,M-23,210,1:56:31, 0.00%
304,Elin McAllaster,"Corona, CA",106,42:09,12:03,F 35-39/9,F-39,94,42:18, 0.00%
305,Vince McAllaster,"Corona, CA",107,42:10,12:03,M 50-54/6,M-50,211,42:19, 0.00%
306,Adam Collins,"Corona, CA",715,42:14,12:04,M 25-29/41,M-29,212,1:56:51, 0.00%
307,Adrian Cano,"Corona, CA",1412,42:15,12:05,M 14-19/26,M-16,213,1:28:21, 0.00%
308,Jarrod Pyle,"Fullerton, CA",335,42:15,12:05,M 30-34/40,M-32,214,1:56:50, 0.00%
309,Bruce Dixon,"Corona, CA",334,42:17,12:05,M 60-69/3,M-61,215,1:56:51, 0.00%
310,Becky Ricker,"Murrieta, CA",134,42:18,12:05,F 40-44/11,F-40,95,42:26, 0.00%
311,Matthew Bellehumeur,"Norco, CA",476,42:19,12:06,M 14-19/27,M-14,216,1:11:36, 0.00%
312,Danielle Andresen,"Alta Loma, CA",1301,42:21,12:06,F 25-29/19,F-28,96,1:43:12, 0.00%
313,Tim Gates,"Rancho Cucamonga, CA",1300,42:21,12:06,M 25-29/42,M-28,217,1:43:13, 0.00%
314,Joshua Bassett,"Menifee, CA",10,42:24,12:07,M 14-19/28,M-14,218,42:27, 0.00%
315,Daniel Halcomb,"Corona, CA",726,42:27,12:08,M 30-34/41,M-32,219,42:30, 0.00%
316,Theresa Halcomb,"Corona, CA",727,42:28,12:08,F 30-34/18,F-31,97,42:30, 0.00%
317,Ricardo Villasenor,"Corona, CA",96,42:29,12:09,M 25-29/43,M-28,220,43:14, 0.00%
318,Cody Bonnett,"San Jacinto, CA",1338,42:32,12:10,M 25-29/44,M-25,221,1:28:23, 0.00%
319,Martin Ortega,"Riverside, CA",1201,42:33,12:10,M 20-24/33,M-23,222,1:28:24, 0.00%
320,Teresa Fugge,"Twentynine Palms, CA",1264,42:40,12:12,F 25-29/20,F-25,98,1:57:05, 0.00%
321,David Fugge,"Twentynine Palms, CA",1265,42:41,12:12,M 25-29/45,M-26,223,1:57:06, 0.00%
322,Ryan Gilbert,"Moreno Valley, CA",566,42:42,12:12,M 25-29/46,M-27,224,3:12:46, 0.00%
323,Ryan Matas,"Fullerton, CA",1918,42:42,12:12,M 35-39/22,M-35,225,4:12:23, 0.00%
324,Aspen Longworth,"Nuevo, CA",91,42:44,12:13,F 14-19/16,F-14,99,42:58, 0.00%
325,Kerry McInteer,"Lake Elsinore, CA",87,42:44,12:13,F 30-34/19,F-30,100,42:58, 0.00%
326,Mark Cantrall,"Anaheim, CA",1119,42:47,12:14,M 20-24/34,M-23,226,42:48, 0.00%
327,Marissa Stark,"San Jacinto, CA",570,42:54,12:16,F 20-24/19,F-22,101,3:13:00, 0.00%
328,Jen Schaper,"Corona, CA",902,42:57,12:17,F 30-34/20,F-33,102,2:27:16, 0.00%
329,Jorei Schnaible,"Ontario, CA",897,43:05,12:19,F 50-54/4,F-51,103,1:28:36, 0.00%
330,Tanisha Stevens,"Rialto, CA",153,43:10,12:20,F 14-19/17,F-16,104,1:12:18, 0.00%
331,Nancy Stevens,"Rialto, CA",152,43:11,12:21,F 40-44/12,F-40,105,1:12:18, 0.00%
332,Jim Miles,"Corona, CA",685,43:12,12:21,M 55-59/7,M-56,227,43:14, 0.00%
333,Carl Hartfield,"San Bernardino, CA",1144,43:16,12:22,M 40-44/26,M-41,228,1:29:11, 0.00%
334,Joseph Arellano,"Covina, CA",176,43:17,12:22,M 40-44/27,M-42,229,1:29:10, 0.00%
335,Jim Snow,"Corona, CA",522,43:19,12:23,M 55-59/8,M-57,230,2:27:40, 0.00%
336,John Donaldson,"Corona, CA",689,43:24,12:24,M 60-69/4,M-67,231,58:04, 0.00%
337,Julian Garibay,"Riverside, CA",605,43:24,12:24,M 20-24/35,M-24,232,58:05, 0.00%
338,Aaron Brooks,"Corona, CA",16,43:25,12:25,M 35-39/23,M-38,233,1:29:24, 0.00%
339,Abel Soria,"Riverside, CA",606,43:25,12:25,M 55-59/9,M-55,234,58:07, 0.00%
340,Bradley Ledbetter,"Brea, CA",1888,43:25,12:25,M 25-29/47,M-26,235,58:13, 0.00%
341,Tessa Husen,"Corona, CA",17,43:26,12:25,F 45-49/5,F-46,106,1:29:24, 0.00%
342,Michael Balandran,"Corona, CA",431,43:29,12:26,M 30-34/42,M-31,236,2:27:46, 0.00%
343,Michael Tello,"Corona, CA",474,43:30,12:26,M 25-29/48,M-26,237,1:12:48, 0.00%
344,Melanie Deutsch,"Corona, CA",1210,43:32,12:27,F 25-29/21,F-29,107,43:48, 0.00%
345,Tanner Honikel,"Corona, CA",953,43:34,12:27,M 14-19/29,M-14,238,43:38, 0.00%
346,Tommy Castle,"Corona, CA",593,43:36,12:28,M 25-29/49,M-28,239,1:29:08, 0.00%
347,Moriah Merkelbach,"San Bernardino, CA",1095,43:39,12:29,F 20-24/20,F-20,108,1:58:26, 0.00%
348,Mark Bennett,"Corona, CA",691,43:40,12:29,M 45-49/16,M-46,240,1:29:27, 0.00%
349,Johnalbert Ramirez,"Wildomar, CA",1173,43:43,12:30,M 30-34/43,M-31,241,2:28:06, 0.00%
350,John Claiborne,"Corona, CA",555,43:43,12:30,M 35-39/24,M-35,242,1:05:30, 0.00%
351,Marina Salcido,"Covina, CA",236,43:45,12:30,F 40-44/13,F-43,109,2:28:03, 0.00%
352,Nicholas Gonzales,"Long Beach, CA",1291,43:51,12:32,M 20-24/36,M-23,243,44:09, 0.00%
353,Cindy Lesher,"Tustin, CA",1290,43:52,12:32,F 25-29/22,F-26,110,44:09, 0.00%
354,Michael Savall,"Riverside, CA",821,43:52,12:32,M 20-24/37,M-23,244,58:33, 0.00%
355,Ryan Starling,"Riverside, CA",506,43:55,12:33,M 25-29/50,M-29,245,1:58:23, 0.00%
356,Tracey Starling,"Riverside, CA",507,43:55,12:33,F 25-29/23,F-29,111,1:58:23, 0.00%
357,Norberto Casillas,"Downey, CA",667,43:57,12:34,M 25-29/51,M-27,246,2:00:57, 0.00%
358,Jenn Melillo,"Corona, CA",1213,43:58,12:34,F 35-39/10,F-38,112,3:28:54, 0.00%
359,Monique Martinez,"Norco, CA",768,44:01,12:35,F 35-39/11,F-35,113,2:43:45, 0.00%
360,Francisco Espinoza,"Costa Mesa, CA",489,44:01,12:35,M 25-29/52,M-29,247,3:14:13, 0.00%
361,Miranda Bravo,"San Bernardino, CA",999,44:03,12:36,F 14-19/18,F-17,114,4:13:44, 0.00%
362,Gregory Paiva,"Eastvale, CA",822,44:07,12:37,M 35-39/25,M-37,248,1:29:41, 0.00%
363,Ana Schaffner,"Riverside, CA",7,44:08,12:37,F 45-49/6,F-45,115,2:13:42, 0.00%
364,Zenon Witkowski,"Corona, CA",1331,44:09,12:37,M 40-44/28,M-42,249,1:13:21, 0.00%
365,Christopher Barr,"Corona, CA",1332,44:09,12:37,M 35-39/26,M-35,250,1:13:21, 0.00%
366,Kimberly Taylor,"Corona, CA",231,44:09,12:37,F 30-34/21,F-31,116,2:43:53, 0.00%
367,Valerie Rodriguez,"Redlands, CA",869,44:11,12:38,F 25-29/24,F-26,117,1:13:22, 0.00%
368,Denise Bassett,"Menifee, CA",9,44:11,12:38,F 40-44/14,F-41,118,44:15, 0.00%
369,Antoinette Orozco,"Redlands, CA",864,44:11,12:38,F 20-24/21,F-24,119,1:13:22, 0.00%
370,Paul Lantiegne,"Tustin, CA",808,44:12,12:38,M 20-24/38,M-24,251,2:58:49, 0.00%
371,Rayleen Candelario,"Fontana, CA",1003,44:13,12:38,F 14-19/19,F-17,120,1:58:37, 0.00%
372,Crystal Brode,"Corona, CA",803,44:16,12:39,F 20-24/22,F-24,121,58:59, 0.00%
373,Brittany Aldridge,"Laguna Niguel, CA",370,44:17,12:39,F 20-24/23,F-23,122,44:18, 0.00%
374,Iliana Arias,"Orange, CA",362,44:19,12:40,F 25-29/25,F-28,123,3:14:29, 0.00%
375,Joann Hester,"Fontana, CA",160,44:20,12:40,F 45-49/7,F-47,124,1:13:29, 0.00%
376,Ryan Garcia,"Alta Loma, CA",338,44:21,12:41,M 14-19/30,M-19,252,2:28:38, 0.00%
377,Nicole Mastroluca,"Alta Loma, CA",339,44:21,12:41,F 14-19/20,F-17,125,2:28:39, 0.00%
378,Edgar Arredondo,"Garden Grove, CA",306,44:23,12:41,M 25-29/53,M-26,253,3:14:31, 0.00%
379,Mark Ho,", ",2414,44:23,12:41,M 30-34/44,M-33,254,1:13:33, 0.00%
380,Leonard Marino,"Rancho Mirage, CA",884,44:30,12:43,M 40-44/29,M-44,255,2:28:48, 0.00%
381,Minerva Gomez,"Corona, CA",839,44:31,12:43,F 30-34/22,F-34,126,1:59:03, 0.00%
382,Ana Cano,"Corona, CA",1411,44:31,12:44,F 35-39/12,F-38,127,1:30:37, 0.00%
383,Aissa Iturriaga,"West Covina, CA",827,44:33,12:44,F 25-29/26,F-26,128,2:28:48, 0.00%
384,Maria Macias,"Corona, CA",571,44:34,12:44,F 35-39/13,F-37,129,1:30:15, 0.00%
385,Craig Winberg,"Fullerton, CA",780,44:36,12:45,M 40-44/30,M-40,256,44:40, 0.00%
386,Mendi Winberg,"Fullerton, CA",787,44:36,12:45,F 40-44/15,F-40,130,44:40, 0.00%
387,Samantha Cadman,"Culver City, CA",326,44:37,12:45,F 25-29/27,F-29,131,1:30:10, 0.00%
388,Scott Derman,"Culver City, CA",327,44:38,12:45,M 25-29/54,M-29,257,1:30:10, 0.00%
389,Marly Benedicto,"Culver City, CA",330,44:38,12:46,F 20-24/24,F-24,132,1:30:10, 0.00%
390,Missy Alpert,"Marina Del Rey, CA",563,44:38,12:46,F 30-34/23,F-33,133,1:30:10, 0.00%
391,Erich Weidetz,"Santa Monica, CA",329,44:39,12:46,M 30-34/45,M-32,258,1:30:10, 0.00%
392,Amanda Actkinson,"Downey, CA",1217,44:40,12:46,F 14-19/21,F-18,134,1:13:52, 0.00%
393,Jolene Rivera,"Riverside, CA",1295,44:46,12:48,F 25-29/28,F-26,135,1:30:33, 0.00%
394,Megan Winberg,"Fullerton, CA",784,44:46,12:48,F 20-24/25,F-20,136,44:48, 0.00%
395,Scott Moore,"Norco, CA",907,44:46,12:48,M 40-44/31,M-43,259,2:29:03, 0.00%
396,Deannae Childress,"Corona, CA",1294,44:47,12:48,F 40-44/16,F-41,137,1:30:34, 0.00%
397,Darla Samudio,"Corona, CA",40,44:48,12:48,F 40-44/17,F-43,138,3:59:36, 0.00%
398,Michael Lopez,"Victorville, CA",751,44:53,12:50,M 35-39/27,M-38,260,4:14:36, 0.00%
399,Solveig Adalsteinsdottir,"Riverside, CA",1324,44:54,12:50,F 14-19/22,F-18,139,1:14:12, 0.00%
400,Javier Espinosa,"Corona, CA",742,44:56,12:51,M 30-34/46,M-34,261,44:59, 0.00%
401,Tracy Espinosa,"Corona, CA",741,44:56,12:51,F 30-34/24,F-34,140,44:59, 0.00%
402,Rosa Aleman,"Riverside, CA",1234,44:58,12:51,F 25-29/29,F-26,141,2:29:15, 0.00%
403,Kenny Poplin,"Corona, CA",965,44:59,12:52,M 14-19/31,M-18,262,2:59:42, 0.00%
404,Jennifer White,"Norco, CA",545,45:00,12:52,F 25-29/30,F-26,142,45:26, 0.00%
405,Kelly Harrell,"Sherman Oaks, CA",759,45:00,12:52,F 25-29/31,F-29,143,1:59:23, 0.00%
406,Caroline Livengood,"Toluca Lake, CA",760,45:01,12:52,F 25-29/32,F-27,144,1:59:23, 0.00%
407,Mike Fitzsimmons,"Norco, CA",546,45:01,12:52,M 25-29/55,M-29,263,45:27, 0.00%
408,Robert Gary,"Palm Desert, CA",1246,45:03,12:53,M 40-44/32,M-41,264,2:29:21, 0.00%
409,John Walsh,"Diamond Bar, CA",1127,45:07,12:54,M 45-49/17,M-46,265,1:45:48, 0.00%
410,Sarah Lewis,"Riverside, CA",284,45:07,12:54,F 35-39/14,F-35,145,2:14:56, 0.00%
411,Jillian Rogers,"Riverside, CA",285,45:08,12:54,F 30-34/25,F-34,146,2:14:56, 0.00%
412,Christopher Katt,"Corona, CA",879,45:13,12:56,M 20-24/39,M-23,266,1:30:58, 0.00%
413,Bryan Quick,"Corona, CA",878,45:14,12:56,M 40-44/33,M-44,267,1:30:59, 0.00%
414,Branden Quick,"Corona, CA",1174,45:15,12:56,M 14-19/32,M-18,268,1:31:00, 0.00%
415,Sean Curtin,"Norco, CA",1924,45:17,12:57,M 40-44/34,M-42,269,3:44:45, 0.00%
416,Steve Rodriguez,"Lake Elsinore, CA",1044,45:18,12:57,M 45-49/18,M-46,270,2:29:48, 0.00%
417,Brandon Cordova,"Corona, CA",1829,45:26,12:59,M 14-19/33,M-19,271,2:29:55, 0.00%
418,Carol Smith,"Corona, CA",1027,45:28,13:00,F 45-49/8,F-46,147,1:46:07, 0.00%
419,David J Mercadel,"Corona, CA",210,45:30,13:00,M 45-49/19,M-49,272,45:32, 0.00%
420,Kasey Danna,"Lake Elsinore, CA",1273,45:38,13:03,F 25-29/33,F-27,148,2:30:02, 0.00%
421,Brittania Erickson,"Canoga Park, CA",1843,45:39,13:03,F 30-34/26,F-32,149,4:45:57, 0.00%
422,Lee Rykhus,"Murrieta, CA",932,45:39,13:03,M 30-34/47,M-33,273,2:30:03, 0.00%
423,Cindee Rykhus,"Murrieta, CA",931,45:39,13:03,F 30-34/27,F-31,150,2:30:03, 0.00%
424,Refuge Tovar,"Riverside, CA",669,45:39,13:03,F 30-34/28,F-31,151,1:00:15, 0.00%
425,Imon Riaby,"Riverside, CA",1325,45:41,13:04,M 14-19/34,M-18,274,1:14:58, 0.00%
426,Kristen Bak,"Fullerton, CA",785,45:43,13:04,F 20-24/26,F-22,152,45:44, 0.00%
427,Paul Barich,"Redlands, CA",746,45:44,13:04,M 55-59/10,M-57,275,2:15:16, 0.00%
428,Crayne P Cook,"Corona, CA",69,45:44,13:04,F 55-59/1,F-55,153,2:45:29, 0.00%
429,Carlos Morales,"Ontario, CA",369,45:44,13:04,M 40-44/35,M-44,276,2:30:10, 0.00%
430,Kurtis Matejka,"La Crescenta, CA",1105,45:50,13:06,M 20-24/40,M-23,277,1:15:30, 0.00%
431,Isla Zilbert,"Sunland, CA",1103,45:50,13:06,F 20-24/27,F-21,154,1:15:30, 0.00%
432,Alfonso Abner,"Eastvale, CA",794,45:54,13:07,M 30-34/48,M-34,278,2:45:40, 0.00%
433,Jasmine Quintanilla,"Corona, CA",556,45:55,13:07,F 14-19/23,F-18,155,1:07:42, 0.00%
434,Noelle Krejci,"Corona, CA",1202,45:57,13:08,F 40-44/18,F-43,156,1:31:41, 0.00%
435,Kristin Kepley,"Fullerton, CA",916,45:59,13:09,F 14-19/24,F-15,157,46:01, 0.00%
436,Brittini Schoech,"Corona, CA",4,46:04,13:10,F 20-24/28,F-23,158,2:15:38, 0.00%
437,Sandy Le,"Colton, CA",250,46:04,13:10,F 20-24/29,F-22,159,2:15:38, 0.00%
438,Izela Woodbury,"Riverside, CA",666,46:05,13:10,F 40-44/19,F-43,160,1:15:16, 0.00%
439,Keirsten Krejci,"Corona, CA",1203,46:05,13:10,F 14-19/25,F-16,161,1:31:46, 0.00%
440,Michelle Montoya,"Alta Loma, CA",665,46:05,13:10,F 25-29/34,F-25,162,1:15:16, 0.00%
441,Inna Tuler,"Burbank, CA",1158,46:10,13:12,F 45-49/9,F-47,163,1:15:22, 0.00%
442,Ray Thomas,"Corona, CA",633,46:15,13:13,M 45-49/20,M-49,279,2:30:47, 0.00%
443,Sarah Sayers,"Riverside, CA",1189,46:17,13:14,F 14-19/26,F-16,164,1:00:59, 0.00%
444,William Amador Quiroz Espinoza,"Corona, CA",663,46:17,13:14,M 14-19/35,M-19,280,3:16:23, 0.00%
445,Jasmine Rocha,"Riverside, CA",904,46:18,13:14,F 14-19/27,F-14,165,2:30:36, 0.00%
446,Stella Sayers,"Riverside, CA",1188,46:18,13:14,F 50-54/5,F-50,166,1:00:59, 0.00%
447,Vu Nguyen,"Corona, CA",637,46:20,13:15,M 25-29/56,M-26,281,2:30:50, 0.00%
448,Jeremy Shepard,"Corona, CA",138,46:20,13:15,M 14-19/36,M-18,282,3:16:19, 0.00%
449,Shantel Correa,"Mira Loma, CA",889,46:23,13:16,F 14-19/28,F-19,167,2:30:38, 0.00%
450,Dorian Martin,"Tustin, CA",418,46:25,13:16,M 14-19/37,M-18,283,2:30:51, 0.00%
451,Steve West,"Corona, CA",631,46:27,13:17,M 55-59/11,M-59,284,2:30:58, 0.00%
452,William Conoway,"Corona, CA",1026,46:27,13:17,M 45-49/21,M-47,285,1:47:06, 0.00%
453,Hayley Conoway,"Corona, CA",1029,46:28,13:17,F 14-19/29,F-14,168,1:47:06, 0.00%
454,Amaka Chinegwu,"Corona, CA",439,46:30,13:17,F 20-24/30,F-23,169,1:32:34, 0.00%
455,Brennen Andrade,"Corona, CA",1405,46:31,13:18,M 25-29/57,M-26,286,2:00:58, 0.00%
456,Helen Davis,"Riverside, CA",1021,46:33,13:18,F 60-69/1,F-61,170,1:32:05, 0.00%
457,Jesse Moore,"Ontario, CA",1421,46:35,13:19,M 25-29/58,M-29,287,2:01:01, 0.00%
458,James Ruppert,"Colton, CA",1282,46:35,13:19,M 55-59/12,M-57,288,1:01:13, 0.00%
459,Jaimi Rudd,"Riverside, CA",480,46:35,13:19,F 30-34/29,F-33,171,1:01:32, 0.00%
460,Christopher Andrade,"Corona, CA",1404,46:36,13:19,M 35-39/28,M-36,289,2:01:03, 0.00%
461,Mary Ruppert,"Laguna Niguel, CA",1280,46:36,13:19,F 55-59/2,F-55,172,1:01:13, 0.00%
462,Lisa Kneppeck,"Corona, CA",1403,46:36,13:19,F 30-34/30,F-32,173,2:01:03, 0.00%
463,Naomi Groenert,"Corona, CA",2443,46:37,13:19,F 30-34/31,F-30,174,3:01:21, 0.00%
464,Jeff Beaty,"Corona, CA",2442,46:37,13:19,M 30-34/49,M-30,290,3:01:21, 0.00%
465,Greg Andrade,"Upland, CA",972,46:38,13:20,M 50-54/7,M-52,291,2:01:00, 0.00%
466,Jason Chapman,"Lake Forest, CA",650,46:39,13:20,M 35-39/29,M-38,292,2:30:54, 0.00%
467,Gregorio Andrade,"Upland, CA",969,46:39,13:20,M 20-24/41,M-24,293,2:01:02, 0.00%
468,Jessica Quintanilla,"Corona, CA",557,46:40,13:20,F 30-34/32,F-33,175,1:08:26, 0.00%
469,Kristie Marburger,"Corona, CA",283,46:41,13:21,F 20-24/31,F-24,176,1:01:20, 0.00%
470,Mark Patronite,"Upland, CA",1097,46:42,13:21,M 40-44/36,M-42,294,1:15:59, 0.00%
471,Ana Schuster,"Canoga Park, CA",245,46:44,13:22,F 35-39/15,F-39,177,3:01:23, 0.00%
472,Candace O'Gara,"Corona, CA",316,46:46,13:22,F 50-54/6,F-53,178,46:58, 0.00%
473,Jason Webster,"Rancho Cucamonga, CA",1920,46:47,13:22,M 30-34/50,M-30,295,3:31:51, 0.00%
474,Sindy Membreno,"Winnetka, CA",459,46:51,13:23,F 25-29/35,F-26,179,2:48:20, 0.00%
475,Efren Garcia,"Winnetka, CA",426,46:53,13:24,M 25-29/59,M-25,296,2:48:22, 0.00%
476,Justin Kalnas,"Anaheim, CA",1151,46:55,13:25,M 25-29/60,M-28,297,1:32:43, 0.00%
477,Kymberly McFarland,"Anaheim, CA",1150,46:55,13:25,F 40-44/20,F-42,180,1:32:44, 0.00%
478,Claudia Vanessa Romero,"Fontana, CA",379,46:56,13:25,F 20-24/32,F-22,181,2:46:42, 0.00%
479,James McFarland,"Anaheim, CA",1892,46:56,13:25,M 30-34/51,M-30,298,1:32:44, 0.00%
480,Heidi Pettinger,"Corona, CA",2441,46:59,13:26,F 20-24/33,F-22,182,2:31:24, 0.00%
481,Jeffrey Carpizo,"Corona, CA",1819,46:59,13:26,M 25-29/61,M-26,299,4:32:04, 0.00%
482,Guillermo Martinez,"Santa Ana, CA",1346,47:00,13:26,M 45-49/22,M-48,300,1:32:31, 0.00%
483,Ana Berriel,"Rialto, CA",380,47:01,13:26,F 25-29/36,F-26,183,2:46:47, 0.00%
484,Ryan Smith,"Corona, CA",963,47:01,13:26,M 14-19/38,M-19,301,3:01:43, 0.00%
485,Amanda Best,"Huntington Beach, CA",1129,47:02,13:27,F 35-39/16,F-36,184,1:16:16, 0.00%
486,Chris Caron,"Upland, CA",1355,47:04,13:27,M 50-54/8,M-52,302,47:22, 0.00%
487,Evelyn Cipres,"Los Angeles, CA",542,47:06,13:28,F 20-24/34,F-23,185,1:32:42, 0.00%
488,Carolyn Martinez,"La Puente, CA",483,47:06,13:28,F 25-29/37,F-29,186,1:32:42, 0.00%
489,Angela Pettigrew,"Tarzana, CA",406,47:09,13:29,F 25-29/38,F-25,187,2:48:39, 0.00%
490,Richard Saylors,"Upland, CA",1354,47:11,13:29,M 45-49/23,M-46,303,47:29, 0.00%
491,Brian Allee,"Newport Beach, CA",279,47:12,13:30,M 30-34/52,M-31,304,2:49:27, 0.00%
492,Monica Bloom,"Newport Beach, CA",278,47:12,13:30,F 20-24/35,F-24,188,2:49:28, 0.00%
493,Arthur Ramos Jr,"Eastvale, CA",1224,47:14,13:30,M 25-29/62,M-26,305,2:47:00, 0.00%
494,Adrienna Morgan,"Riverside, CA",408,47:18,13:31,F 30-34/33,F-34,189,1:32:59, 0.00%
495,Lisa Dodier,"Corona, CA",125,47:18,13:31,F 30-34/34,F-30,190,1:03:43, 0.00%
496,Chase Wiegenstein,"Palm Springs, CA",207,47:18,13:31,M 14-19/39,M-16,306,1:32:53, 0.00%
497,Jaime Avila,"Sun City, CA",1177,47:18,13:31,M 25-29/63,M-26,307,1:33:04, 0.00%
498,Summer Miller,"Corona, CA",124,47:19,13:31,F 30-34/35,F-34,191,1:03:43, 0.00%
499,Tima Nlemvo,"Van Nuys, CA",434,47:24,13:33,M 25-29/64,M-26,308,2:48:54, 0.00%
500,Jonathan De Witt,"Upland, CA",1206,47:31,13:35,M 25-29/65,M-27,309,2:31:56, 0.00%
501,Don Scheller,"Beaumont, CA",1149,47:32,13:35,M 35-39/30,M-35,310,2:31:55, 0.00%
502,Diana Reth,"Spearfish, SD",2433,47:32,13:35,F 35-39/17,F-35,192,48:25, 0.00%
503,Kara Barnthouse,"San Bernardino, CA",1882,47:33,13:35,F 30-34/36,F-34,193,48:25, 0.00%
504,Abby Dufloth,"Spearfish, SD",1884,47:34,13:36,F 14-19/30,F-15,194,48:25, 0.00%
505,Hayli Barnthouse,"Spearfish, SD",1881,47:34,13:36,F 14-19/31,F-16,195,48:25, 0.00%
506,Alec Bell,"Rancho Mirage, CA",950,47:34,13:36,M 14-19/40,M-17,311,4:17:21, 0.00%
507,Carlos Chino,"Los Angeles, CA",403,47:34,13:36,M 25-29/66,M-26,312,2:49:05, 0.00%
508,Jo Ann Torres,"Rialto, CA",1058,47:34,13:36,F 40-44/21,F-42,196,3:02:18, 0.00%
509,John Arias,"Orange, CA",363,47:35,13:36,M 25-29/67,M-29,313,3:17:46, 0.00%
510,Ramiro Trujillo,"Anaheim, CA",654,47:36,13:36,M 30-34/53,M-32,314,3:17:46, 0.00%
511,Anthony Lechner,"Corona, CA",104,47:38,13:37,M 50-54/9,M-52,315,47:59, 0.00%
512,David Coria,"Corona, CA",436,47:41,13:38,M 45-49/24,M-48,316,1:33:11, 0.00%
513,Aerick Stevens,"Fontana, CA",1156,47:42,13:38,M 25-29/68,M-29,317,2:32:06, 0.00%
514,Karanja Broomfield,"Corona, CA",430,47:43,13:38,M 30-34/54,M-30,318,1:33:48, 0.00%
515,Hayley Haagsma,"Bellflower, CA",1049,47:47,13:40,F 20-24/36,F-20,197,2:17:19, 0.00%
516,Julia Silva,"Rialto, CA",1069,47:47,13:40,F 14-19/32,F-19,198,3:03:51, 0.00%
517,Ashley Haagsma,"Bellflower, CA",1048,47:48,13:40,F 20-24/37,F-23,199,2:17:19, 0.00%
518,Tina Meacham,"Corona, CA",214,47:48,13:40,F 35-39/18,F-37,200,1:02:28, 0.00%
519,Shawn Watts,"Orange, CA",1047,47:50,13:40,M 25-29/69,M-27,319,2:17:21, 0.00%
520,Rebecca Shaffer,"Fullerton, CA",861,47:53,13:41,F 30-34/37,F-32,201,2:32:28, 0.00%
521,Angel Martinez,"Fullerton, CA",862,47:54,13:41,M 30-34/55,M-33,320,2:32:28, 0.00%
522,Joel Avila,"Moreno Valley, CA",1077,47:54,13:42,M 25-29/70,M-29,321,1:33:40, 0.00%
523,Matt Rowe,"Corona, CA",145,47:55,13:42,M 14-19/41,M-18,322,3:17:56, 0.00%
524,Deborah Villalta,"Moreno Valley, CA",1078,47:55,13:42,F 25-29/39,F-26,202,1:33:40, 0.00%
525,Amy Holland,"Upland, CA",1057,47:55,13:42,F 35-39/19,F-39,203,1:17:03, 0.00%
526,Tracy Preston,"Grand Terrace, CA",386,47:56,13:42,F 35-39/20,F-38,204,48:09, 0.00%
527,Henry Preston,"Grand Terrace, CA",387,47:57,13:42,M 35-39/31,M-39,323,48:09, 0.00%
528,Tasheena Yazzie,"Bloomington, CA",1874,47:57,13:42,F 25-29/40,F-29,205,3:02:37, 0.00%
529,David Santos,"Rancho Cucamonga, CA",1344,48:10,13:46,M 35-39/32,M-36,324,1:33:40, 0.00%
530,Clint Harris,"Bermuda Dunes, CA",1347,48:12,13:47,M 55-59/13,M-56,325,2:02:45, 0.00%
531,Brenda Harris,"Bermuda Dunes, CA",560,48:12,13:47,F 45-49/10,F-46,206,2:02:45, 0.00%
532,Laurie Kausrud,"Chino Hills, CA",1123,48:14,13:47,F 25-29/41,F-25,207,1:34:12, 0.00%
533,Bob Dapper,"Claremont, CA",1124,48:15,13:48,M 55-59/14,M-58,326,1:34:14, 0.00%
534,Tami Dashiell,"Corona, CA",692,48:18,13:48,F 35-39/21,F-39,208,1:03:15, 0.00%
535,Kacee Braun,"Corona, CA",1343,48:18,13:48,F 14-19/33,F-18,209,2:02:44, 0.00%
536,Dani Sandler,"Costa Mesa, CA",1915,48:20,13:49,M 30-34/56,M-33,327,2:48:06, 0.00%
537,Chris Garcia,"Corona, CA",970,48:20,13:49,M 25-29/71,M-28,328,48:27, 0.00%
538,Allie Wright,"Corona, CA",971,48:22,13:50,F 20-24/38,F-22,210,48:29, 0.00%
539,Tim Apat,"Corona, CA",238,48:27,13:51,M 30-34/57,M-32,329,1:49:05, 0.00%
540,Debora Chavez,"Corona, CA",112,48:28,13:51,F 35-39/22,F-39,211,1:03:06, 0.00%
541,David Tompkins,"Chino, CA",171,48:32,13:52,M 30-34/58,M-31,330,1:49:11, 0.00%
542,Jackie Goltara,"Rancho Cucamonga, CA",1240,48:33,13:53,F 30-34/38,F-33,212,1:03:20, 0.00%
543,Marco Ruvalcaba,"Covina, CA",1302,48:33,13:53,M 35-39/33,M-35,331,1:03:21, 0.00%
544,Amanda Apat,"Corona, CA",239,48:33,13:53,F 25-29/42,F-27,213,1:49:12, 0.00%
545,Aaron Anderson,"Mission Viejo, CA",1243,48:33,13:53,M 35-39/34,M-37,332,1:03:21, 0.00%
546,Andrew Robinson,"Pomona, CA",2000,48:34,13:53,M 35-39/35,M-36,333,1:03:21, 0.00%
547,Marty Donoho,"Fontana, CA",1227,48:35,13:53,M 40-44/37,M-41,334,1:03:21, 0.00%
548,Nichole Katsacoulas,"Long Beach, CA",1883,48:35,13:53,F 35-39/23,F-35,214,1:03:22, 0.00%
549,Celia Lopez,"Covina, CA",1079,48:35,13:53,F 30-34/39,F-31,215,2:03:07, 0.00%
550,Jorge Loutzenhiser,"Corona, CA",1211,48:39,13:54,M 30-34/59,M-33,335,2:03:08, 0.00%
551,Jose Pena,"La Mirada, CA",723,48:42,13:55,M 30-34/60,M-30,336,48:44, 0.00%
552,Jocelyn Pena,"La Mirada, CA",724,48:44,13:56,F 30-34/40,F-33,216,48:46, 0.00%
553,Martin Gibbens,"Corona, CA",94,48:47,13:57,M 40-44/38,M-42,337,1:03:24, 0.00%
554,Rhonda Kimm,"Redlands, CA",103,48:48,13:57,F 35-39/24,F-38,217,3:03:27, 0.00%
555,Mark Kimm,"Redlands, CA",102,48:48,13:57,M 35-39/36,M-35,338,3:03:28, 0.00%
556,Allan Singler,"Corona, CA",59,48:49,13:57,M 40-44/39,M-44,339,48:49, 0.00%
557,Adam Glenore,"Riverside, CA",771,48:51,13:58,M 20-24/42,M-23,340,1:03:37, 0.00%
558,Art Acevedo,"Victorville, CA",1180,48:51,13:58,M 30-34/61,M-32,341,1:03:29, 0.00%
559,Elizabeth Henry,"Victorville, CA",1181,48:52,13:58,F 14-19/34,F-15,218,1:03:29, 0.00%
560,Amy Sanchez,"Norco, CA",729,48:52,13:58,F 30-34/41,F-31,219,1:03:49, 0.00%
561,Christen Allen,"Corona, CA",1336,48:54,13:59,F 25-29/43,F-28,220,3:33:58, 0.00%
562,Chris Martin,"Corona, CA",1337,48:55,13:59,M 35-39/37,M-36,342,3:33:59, 0.00%
563,Robert Martinez,"Corona, CA",1208,48:57,13:59,M 40-44/40,M-43,343,1:34:37, 0.00%
564,Chanyn Elizabeth Sanchez,"Norwalk, CA",917,48:57,14:00,F 25-29/44,F-29,221,1:03:55, 0.00%
565,Kristine Hunter,"Corona, CA",1340,48:58,14:00,F 40-44/22,F-40,222,2:03:24, 0.00%
566,Tonya Doyle,"Rancho Mirage, CA",885,49:00,14:00,F 35-39/25,F-37,223,2:33:20, 0.00%
567,Jaclyn Moe,"Corona, CA",1250,49:01,14:01,F 25-29/45,F-26,224,4:18:51, 0.00%
568,Lisa Moe,"Corona, CA",1251,49:01,14:01,F 20-24/39,F-20,225,4:18:51, 0.00%
569,Pablo Cabrera,"Corona, CA",373,49:01,14:01,M 14-19/42,M-19,344,4:18:51, 0.00%
570,Vanessa Becerra,"Lakewood, CA",679,49:03,14:01,F 20-24/40,F-23,226,49:54, 0.00%
571,Gillian Gardner,"Rancho Cucamonga, CA",1402,49:04,14:01,F 25-29/46,F-29,227,1:34:37, 0.00%
572,Megan Pinon,"Corona, CA",525,49:05,14:02,F 20-24/41,F-20,228,2:33:26, 0.00%
573,Lisa Myers,"Riverside, CA",1080,49:05,14:02,F 30-34/42,F-30,229,1:04:01, 0.00%
574,Amber Pinon,"Corona, CA",526,49:07,14:02,F 14-19/35,F-14,230,2:33:27, 0.00%
575,Jeff Bradshaw,"Rancho Cucamonga, CA",627,49:08,14:03,M 30-34/62,M-33,345,2:48:56, 0.00%
576,Chantal Pritchett,"Rancho Cucamonga, CA",628,49:08,14:03,F 25-29/47,F-25,231,2:48:55, 0.00%
577,Steven Pressland,"San Bernardino, CA",1157,49:20,14:06,M 45-49/25,M-47,346,1:50:02, 0.00%
578,Megan Miller,"Alta Loma, CA",341,49:20,14:06,F 14-19/36,F-16,232,2:33:39, 0.00%
579,Justine Mastroluca,"Alta Loma, CA",340,49:21,14:06,F 14-19/37,F-15,233,2:33:39, 0.00%
580,Daniel Conyers,"Fullerton, CA",863,49:22,14:07,M 20-24/43,M-24,347,1:04:06, 0.00%
581,Brazilia Schiefelbein,"Corona, CA",539,49:22,14:07,F 30-34/43,F-32,234,1:04:19, 0.00%
582,Dwayne M Edmondson,"Placentia, CA",70,49:22,14:07,M 50-54/10,M-50,348,2:49:08, 0.00%
583,Ashley Torres,"Rancho Cucamonga, CA",490,49:23,14:07,F 14-19/38,F-16,235,2:33:43, 0.00%
584,Xavier Torres,"Rancho Cucamonga, CA",492,49:26,14:08,M 40-44/41,M-43,349,2:33:46, 0.00%
585,Lisa Lopez,"Corona, CA",423,49:27,14:08,F 25-29/48,F-26,236,2:49:14, 0.00%
586,Edward Prieto,"Corona, CA",424,49:28,14:08,M 25-29/72,M-28,350,2:49:15, 0.00%
587,Delia Rodriguez,"Corona, CA",269,49:30,14:09,F 45-49/11,F-49,237,3:19:36, 0.00%
588,Trena Novak,"Corona, CA",85,49:32,14:09,F 40-44/23,F-40,238,2:36:44, 0.00%
589,Curt Novak,"Corona, CA",84,49:33,14:10,M 40-44/42,M-41,351,2:36:45, 0.00%
590,David Chacon,"Los Angeles, CA",1113,49:36,14:11,M 20-24/44,M-21,352,1:05:52, 0.00%
591,Kristi Longnecker,"Corona, CA",930,49:36,14:11,F 20-24/42,F-20,239,1:35:37, 0.00%
592,Michael Penafiel,"Culver City, CA",813,49:37,14:11,M 35-39/38,M-38,353,2:49:22, 0.00%
593,Nathan Butera,"La Verne, CA",814,49:37,14:11,M 35-39/39,M-35,354,2:49:23, 0.00%
594,Matt Smith,"Pomona, CA",804,49:38,14:11,M 40-44/43,M-40,355,2:49:22, 0.00%
595,Elise Poitras,"Corona, CA",1042,49:38,14:11,F 20-24/43,F-21,240,2:34:18, 0.00%
596,Kacie Longnecker,"Corona, CA",1296,49:38,14:11,F 14-19/39,F-18,241,1:35:39, 0.00%
597,Myrna Moreno,"Corona, CA",958,49:39,14:11,F 35-39/26,F-36,242,2:04:11, 0.00%
598,Jeff Harris,"Riverside, CA",976,49:40,14:12,M 40-44/44,M-44,356,1:20:12, 0.00%
599,Brad Husen,"Corona, CA",18,49:41,14:12,M 45-49/26,M-48,357,1:35:42, 0.00%
600,Kristin Brooks,"Corona, CA",15,49:45,14:13,F 35-39/27,F-38,243,1:35:42, 0.00%
601,Paulina Soria,"Corona, CA",223,49:45,14:13,F 30-34/44,F-31,244,2:04:16, 0.00%
602,Lourdes Talamantes,"Yucca Valley, CA",407,49:52,14:15,F 40-44/24,F-44,245,2:34:19, 0.00%
603,Paul Gunderson,"Northridge, CA",847,49:54,14:16,M 45-49/27,M-46,358,3:04:34, 0.00%
604,Michael Gunderson,"Acton, CA",883,49:56,14:16,M 45-49/28,M-46,359,3:04:36, 0.00%
605,Sindy Diaz,"Norwalk, CA",170,50:00,14:17,F 25-29/49,F-27,246,50:47, 0.00%
606,Raul Ceron,"Santa Monica, CA",1886,50:02,14:18,M 40-44/45,M-40,360,1:06:17, 0.00%
607,Courtney Turner,"Temecula, CA",1878,50:05,14:19,F 14-19/40,F-17,247,2:19:39, 0.00%
608,Lupe Barrera,"Corona, CA",272,50:15,14:22,F 35-39/28,F-38,248,50:23, 0.00%
609,Miguel Chacon,"Los Angeles, CA",1114,50:19,14:23,M 40-44/46,M-40,361,1:06:38, 0.00%
610,Thomas Padden,"Corona, CA",1983,50:22,14:24,M 35-39/40,M-35,362,3:35:21, 0.00%
611,Thomas Gelatka,"Corona, CA",477,50:23,14:24,M 30-34/63,M-34,363,1:19:43, 0.00%
612,Frank Lopez,"Chino, CA",675,50:25,14:25,M 35-39/41,M-39,364,50:25, 0.00%
613,Joshua Vanderweide,"Chino, CA",13,50:31,14:26,M 14-19/43,M-19,365,1:51:10, 0.00%
614,Jorge Saucedo,"Corona, CA",843,50:33,14:27,M 25-29/73,M-28,366,2:05:07, 0.00%
615,Ty Martinez,"Upland, CA",575,50:34,14:27,M 14-19/44,M-17,367,1:05:25, 0.00%
616,Tayler Franklin,"Upland, CA",319,50:35,14:27,F 14-19/41,F-19,249,1:05:25, 0.00%
617,Ashley Turner,"Temecula, CA",1880,50:38,14:28,F 20-24/44,F-21,250,2:20:12, 0.00%
618,Pat McCormick,"Rialto, CA",422,50:40,14:29,M 50-54/11,M-54,368,3:05:26, 0.00%
619,Jessica Segarra,"Rialto, CA",1062,50:42,14:29,F 20-24/45,F-24,251,3:05:22, 0.00%
620,Marivel Marti Bravo,"Victorville, CA",927,50:43,14:30,F 50-54/7,F-51,252,4:20:24, 0.00%
621,Matthew Plemons,"Beaumont, CA",913,50:43,14:30,M 35-39/42,M-35,369,50:56, 0.00%
622,Jennifer Tamayo,"Rancho Cucamonga, CA",915,50:44,14:30,F 30-34/45,F-34,253,50:56, 0.00%
623,Nimesh Ladhawala,"Chino Hills, CA",676,50:44,14:30,M 35-39/43,M-37,370,1:12:26, 0.00%
624,Dennyses Hernandez,"Los Angeles, CA",172,50:52,14:32,F 25-29/50,F-27,254,51:39, 0.00%
625,Yessenia Diaz,"Norwalk, CA",182,50:52,14:32,F 20-24/46,F-23,255,51:40, 0.00%
626,Toni Juliano,"Lakewood, CA",1292,50:52,14:32,F 35-39/29,F-38,256,1:20:09, 0.00%
627,Natalie Martinez,"Chino, CA",497,50:53,14:33,F 25-29/51,F-28,257,2:50:41, 0.00%
628,Adriana Rossi,"Riverside, CA",78,50:54,14:33,F 40-44/25,F-42,258,1:20:06, 0.00%
629,Pete Favata,"Chino, CA",496,50:54,14:33,M 30-34/64,M-31,371,2:50:42, 0.00%
630,Jason Rossi,"Riverside, CA",79,50:54,14:33,M 40-44/47,M-42,372,1:20:07, 0.00%
631,Eugene Montanez,"Corona, CA",1110,50:59,14:34,M 55-59/15,M-56,373,51:20, 0.00%
632,Phuong Anh Hoang,"Moreno Valley, CA",829,51:11,14:38,F 25-29/52,F-27,259,1:36:57, 0.00%
633,Steven Statter,"Corona, CA",475,51:12,14:38,M 25-29/74,M-29,374,1:20:30, 0.00%
634,Nancy Macias,"Rancho Cucamonga, CA",541,51:12,14:38,F 30-34/46,F-32,260,1:36:49, 0.00%
635,David Holloway,"Corona, CA",89,51:13,14:38,M 35-39/44,M-37,375,1:20:26, 0.00%
636,Paul Lin,"Moreno Valley, CA",828,51:14,14:39,M 25-29/75,M-25,376,1:37:00, 0.00%
637,Gilbert Sauceda,"Indio, CA",988,51:14,14:39,M 14-19/45,M-15,377,2:35:36, 0.00%
638,Deanna Holloway,"Corona, CA",88,51:14,14:39,F 35-39/30,F-35,261,1:20:26, 0.00%
639,Jacob Rossi,"Riverside, CA",80,51:16,14:39,M 14-19/46,M-14,378,1:20:28, 0.00%
640,Trisha Krieghoff,"Moreno Valley, CA",73,51:16,14:39,F 30-34/47,F-31,262,1:36:59, 0.00%
641,Jeremy Tran,"El Monte, CA",494,51:17,14:40,M 25-29/76,M-26,379,2:05:56, 0.00%
642,Steve Hoang,"El Monte, CA",393,51:18,14:40,M 25-29/77,M-25,380,2:05:56, 0.00%
643,Thanh Giang,"El Monte, CA",402,51:18,14:40,M 25-29/78,M-26,381,2:05:55, 0.00%
644,Tommy Tan,"El Monte, CA",495,51:18,14:40,M 25-29/79,M-26,382,2:05:56, 0.00%
645,Garrett Earls,"Chino, CA",1024,51:19,14:40,M 20-24/45,M-24,383,2:35:38, 0.00%
646,Kevin Wong,"El Monte, CA",395,51:19,14:40,M 25-29/80,M-25,384,2:05:57, 0.00%
647,Katelyn Vanderweide,"Chino, CA",12,51:20,14:40,F 14-19/42,F-16,263,1:51:59, 0.00%
648,Jessica Wiles,"Ontario, CA",1025,51:21,14:41,F 25-29/53,F-25,264,2:35:37, 0.00%
649,Paula Leveratto,"Corona, CA",985,51:22,14:41,F 40-44/26,F-43,265,3:21:29, 0.00%
650,Kimberly Thompson,"Corona, CA",835,51:23,14:41,F 40-44/27,F-40,266,1:37:21, 0.00%
651,Cathy Rasilla,"Corona, CA",943,51:24,14:42,F 35-39/31,F-38,267,1:37:21, 0.00%
652,Sarah Ibbetson,"Corona, CA",942,51:25,14:42,F 30-34/48,F-32,268,1:37:21, 0.00%
653,Robert Rodriguez,"La Puente, CA",487,51:27,14:42,M 30-34/65,M-30,385,1:37:04, 0.00%
654,Sarah Rivas,"Winchester, CA",164,51:28,14:43,F 35-39/32,F-35,269,1:06:15, 0.00%
655,Andres Tavares,"Beaumont, CA",657,51:28,14:43,M 30-34/66,M-30,386,1:37:04, 0.00%
656,Yesenia Figueroa,"Bloomington, CA",518,51:29,14:43,F 30-34/49,F-31,270,1:36:59, 0.00%
657,Elizabeth Sta Ana,"Corona, CA",1195,51:30,14:43,F 50-54/8,F-53,271,1:13:16, 0.00%
658,Tiffany Sawyers,"Winchester, CA",159,51:34,14:44,F 30-34/50,F-33,272,1:06:22, 0.00%
659,Cesar Cervantes,"Hacienda Heights, CA",38,51:35,14:45,M 25-29/81,M-25,387,2:06:17, 0.00%
660,Kristie Sauceda,"Indio, CA",987,51:35,14:45,F 30-34/51,F-32,273,2:35:58, 0.00%
661,Joseph Ogg,"Corona, CA",219,51:36,14:45,M 50-54/12,M-51,388,2:35:56, 0.00%
662,Heather Bugarin,"Hacienda Heights, CA",544,51:36,14:45,F 30-34/52,F-32,274,2:06:19, 0.00%
663,Amanda Tellez Moran,"Monrovia, CA",48,51:38,14:46,F 35-39/33,F-39,275,1:20:47, 0.00%
664,Michelle Callahan,"Corona, CA",705,51:39,14:46,F 40-44/28,F-40,276,51:54, 0.00%
665,Stephanie Lantz,"Boulder City, NV",761,51:41,14:46,F 25-29/54,F-27,277,51:56, 0.00%
666,Erin Hurst,"Corona, CA",877,51:42,14:47,F 30-34/53,F-32,278,3:21:48, 0.00%
667,Alison Lowder,"Fontana, CA",1233,51:45,14:48,F 50-54/9,F-54,279,1:37:18, 0.00%
668,Alia Albonni,"Irvine, CA",706,51:46,14:48,F 25-29/55,F-26,280,52:01, 0.00%
669,Christina Carbajal,"Covina, CA",191,51:47,14:48,F 40-44/29,F-43,281,1:20:56, 0.00%
670,Arnulfo Gomez,"Corona, CA",844,51:48,14:48,M 25-29/82,M-28,389,2:06:22, 0.00%
671,Adam Rich,"West Covina, CA",39,51:51,14:49,M 30-34/67,M-30,390,1:21:02, 0.00%
672,Kevin Bash,"Norco, CA",1312,51:52,14:49,M 55-59/16,M-56,391,3:21:55, 0.00%
673,Tiana Reyes,"Lake Elsinore, CA",453,51:53,14:50,F 25-29/56,F-28,282,2:06:23, 0.00%
674,Kimberley Hoffman,"Corona, CA",324,51:53,14:50,F 50-54/10,F-51,283,1:38:07, 0.00%
675,Leslie Hoffman,"Corona, CA",321,51:53,14:50,F 20-24/47,F-22,284,1:38:07, 0.00%
676,Jose Medina,"Anaheim, CA",267,51:53,14:50,M 30-34/68,M-33,392,52:04, 0.00%
677,Randy Hoffman,"Corona, CA",448,51:55,14:50,M 20-24/46,M-22,393,1:38:07, 0.00%
678,Jimmee Medina,"Anaheim, CA",268,51:55,14:50,F 30-34/54,F-33,285,52:05, 0.00%
679,Joyce Stowell,"Covina, CA",540,51:55,14:50,F 45-49/12,F-47,286,1:21:05, 0.00%
680,Aiden Glicker,"Corona, CA",1277,51:55,14:50,M 14-19/47,M-14,394,1:21:36, 0.00%
681,Stephanie Fisher,"Covina, CA",30,51:56,14:51,F 25-29/57,F-29,287,1:21:05, 0.00%
682,Jennifer Glicker,"Corona, CA",1278,51:57,14:51,F 40-44/30,F-40,288,1:21:36, 0.00%
683,Tessa Greene,"Temecula, CA",1179,52:00,14:52,F 35-39/34,F-38,289,1:37:54, 0.00%
684,Melissa Loder,"Corona, CA",1323,52:00,14:52,F 20-24/48,F-23,290,2:06:24, 0.00%
685,Chris Reed,"Redlands, CA",824,52:01,14:52,M 25-29/83,M-29,395,1:37:53, 0.00%
686,Katia Lomeli,"Corona, CA",579,52:02,14:52,F 14-19/43,F-16,291,3:22:06, 0.00%
687,Cherlene Robinson,"Yorba Linda, CA",1089,52:02,14:52,F 35-39/35,F-37,292,52:08, 0.00%
688,Michelle Honikel,"Corona, CA",951,52:03,14:53,F 40-44/31,F-43,293,52:09, 0.00%
689,Bernadette Power,"Corona, CA",945,52:04,14:53,F 45-49/13,F-47,294,52:09, 0.00%
690,Linda Martinez,"Riverside, CA",461,52:05,14:53,F 30-34/55,F-33,295,2:06:35, 0.00%
691,Kevin Carmin,"Desert Hot Springs, CA",867,52:08,14:54,M 30-34/69,M-31,396,2:06:31, 0.00%
692,Victoria Mayhew,"Corona, CA",400,52:09,14:54,F 30-34/56,F-30,296,52:29, 0.00%
693,Raquel Andrade,"Anaheim, CA",399,52:09,14:54,F 25-29/58,F-29,297,52:29, 0.00%
694,Freddie Bedford,"Brea, CA",260,52:15,14:56,M 40-44/48,M-43,397,52:34, 0.00%
695,Shannon Pfrunder,"Riverside, CA",178,52:20,14:58,F 35-39/36,F-38,298,1:38:14, 0.00%
696,Jakob Arellano,"Covina, CA",177,52:22,14:58,M 14-19/48,M-15,398,1:38:14, 0.00%
697,April Wetmur,"Corona, CA",11,52:24,14:59,F 35-39/37,F-35,299,1:07:08, 0.00%
698,Jeffrey Phelps,"Redlands, CA",1164,52:25,14:59,M 14-19/49,M-14,399,1:53:09, 0.00%
699,Erica Davis,"Corona, CA",834,52:26,14:59,F 35-39/38,F-35,300,1:38:25, 0.00%
700,Yazmine Moreno,"Corona, CA",959,52:27,14:59,F 14-19/44,F-17,301,2:06:58, 0.00%
701,Anthony Rosa,"Redlands, CA",41,52:28,15:00,M 30-34/70,M-33,400,1:41:08, 0.00%
702,Jennifer Rosa,"Redlands, CA",42,52:28,15:00,F 25-29/59,F-25,302,1:41:08, 0.00%
703,Colin Graham,"Corona, CA",819,52:29,15:00,M 30-34/71,M-30,401,1:38:30, 0.00%
704,Alfredo Rodriguez,"Winnetka, CA",1897,52:29,15:00,M 30-34/72,M-31,402,1:53:10, 0.00%
705,Rose Sandoval,"Long Beach, CA",367,52:30,15:00,F 35-39/39,F-38,303,2:36:56, 0.00%
706,Tim Odebralski,"Riverside, CA",1138,52:31,15:01,M 40-44/49,M-43,403,2:41:11, 0.00%
707,Maddy Graham,"Corona, CA",818,52:31,15:01,F 25-29/60,F-28,304,1:38:30, 0.00%
708,Jessica Schaffner,"Riverside, CA",6,52:32,15:01,F 14-19/45,F-15,305,2:22:05, 0.00%
709,Jett Locke,"Rancho Cucamonga, CA",1244,52:32,15:01,M 25-29/84,M-25,404,1:38:03, 0.00%
710,Yvonne Olvera,"Rancho Cucamonga, CA",1245,52:33,15:01,F 40-44/32,F-41,306,1:38:03, 0.00%
711,Virginia Magana,"Moreno Valley, CA",882,52:33,15:01,F 35-39/40,F-38,307,1:38:16, 0.00%
712,Jeanette Boyer,"Corona, CA",1136,52:33,15:01,F 35-39/41,F-38,308,2:41:11, 0.00%
713,Archie Reyes,"Loma Linda, CA",868,52:33,15:01,F 30-34/57,F-31,309,1:07:13, 0.00%
714,Ellerina Arafiles,"Corona, CA",914,52:33,15:01,F 30-34/58,F-32,310,1:07:13, 0.00%
715,Cynthia Pasaporte,"Walnut, CA",921,52:34,15:01,F 35-39/42,F-37,311,1:07:13, 0.00%
716,Garth Pasaporte,"Walnut, CA",920,52:34,15:02,M 35-39/45,M-36,405,1:07:14, 0.00%
717,Kim Bangs,"Corona, CA",1137,52:35,15:02,F 45-49/14,F-45,312,2:41:14, 0.00%
718,Gina Robinson,"Poway, CA",1175,52:36,15:02,F 20-24/49,F-24,313,52:58, 0.00%
719,Kortney Robb,"Anaheim, CA",1176,52:37,15:02,F 25-29/61,F-26,314,52:58, 0.00%
720,Marsha Legerski,"Corona, CA",1134,52:37,15:02,F 40-44/33,F-41,315,2:41:16, 0.00%
721,Dani Philbrook,"Corona, CA",8,52:37,15:02,F 14-19/46,F-15,316,2:22:09, 0.00%
722,Jame Chewning,"Lake Forest, CA",1315,52:38,15:03,M 45-49/29,M-46,406,3:22:38, 0.00%
723,Stacy Townsend,"Rancho Cucamonga, CA",770,52:39,15:03,F 35-39/43,F-37,317,2:07:09, 0.00%
724,Allen Wilridge,"Rancho Cucamonga, CA",769,52:39,15:03,M 40-44/50,M-41,407,2:07:09, 0.00%
725,Brianna Leforbes,"Riverside, CA",1260,52:40,15:03,F 14-19/47,F-19,318,1:16:10, 0.00%
726,Deanna Leforbes,"Riverside, CA",1259,52:42,15:04,F 40-44/34,F-44,319,1:16:10, 0.00%
727,Linda Nguyen,"El Monte, CA",1209,52:42,15:04,F 25-29/62,F-26,320,1:16:11, 0.00%
728,Samantha Duong,"Temple City, CA",1207,52:42,15:04,F 30-34/59,F-33,321,1:16:11, 0.00%
729,Whitney Killeen,"Corona, CA",853,52:42,15:04,F 25-29/63,F-29,322,1:39:29, 0.00%
730,Nancy Ferro,"Corona, CA",1221,52:43,15:04,F 40-44/35,F-40,323,1:38:50, 0.00%
731,Cynthia Hastings,"Corona, CA",464,52:46,15:05,F 25-29/64,F-29,324,2:07:15, 0.00%
732,Julia Brady,"Chino, CA",788,52:48,15:05,F 25-29/65,F-25,325,1:38:40, 0.00%
733,Tanya Wiford,"Rancho Cucamonga, CA",796,52:49,15:06,F 25-29/66,F-25,326,1:38:41, 0.00%
734,Cynthia Tran,"Claremont, CA",1000,52:54,15:07,F 30-34/60,F-32,327,1:38:26, 0.00%
735,Jesus De La Cruz,"Corona, CA",1015,52:54,15:07,M 25-29/85,M-29,408,1:38:26, 0.00%
736,Enrique Duran,"Moreno Valley, CA",534,52:55,15:07,M 35-39/46,M-39,409,2:07:29, 0.00%
737,Maria Maciel,"Riverside, CA",535,52:56,15:08,F 30-34/61,F-32,328,2:07:30, 0.00%
738,Sidney Kenney,"Yorba Linda, CA",673,52:58,15:08,F 14-19/48,F-14,329,2:22:35, 0.00%
739,Nghi Hua,"Alhambra, CA",1102,52:59,15:09,M 35-39/47,M-38,410,1:38:30, 0.00%
740,Vanessa Gomez,"Corona, CA",1414,53:04,15:10,F 25-29/67,F-26,330,1:39:09, 0.00%
741,Mara Kibler,"Running Springs, CA",1091,53:06,15:11,F 35-39/44,F-37,331,1:53:50, 0.00%
742,Theresa Lopez,"Victorville, CA",743,53:06,15:11,F 35-39/45,F-39,332,4:22:51, 0.00%
743,Luke Kibler,"Running Springs, CA",86,53:07,15:11,M 30-34/73,M-31,411,1:53:50, 0.00%
744,Gloria Nunez,"Whittier, CA",1142,53:07,15:11,F 30-34/62,F-33,333,1:07:45, 0.00%
745,Jill Kenney,"Yorba Linda, CA",671,53:07,15:11,F 45-49/15,F-47,334,2:22:44, 0.00%
746,Brett Hamilton,"Chino, CA",530,53:08,15:11,M 25-29/86,M-25,412,2:07:38, 0.00%
747,Daniel Hernandez,"Corona, CA",270,53:08,15:11,M 25-29/87,M-28,413,3:23:15, 0.00%
748,Jodi Engisch,"Chino, CA",823,53:08,15:11,F 35-39/46,F-36,335,2:07:38, 0.00%
749,Pat Heim,"Anaheim, CA",1305,53:09,15:11,M 25-29/88,M-29,414,2:07:37, 0.00%
750,Linda Hernandez,"Corona, CA",271,53:09,15:11,F 25-29/68,F-26,336,3:23:13, 0.00%
751,Peggy Matticks,"Covina, CA",754,53:12,15:12,F 40-44/36,F-40,337,2:07:52, 0.00%
752,Greg Matticks,"Covina, CA",753,53:13,15:13,M 35-39/48,M-39,415,2:07:52, 0.00%
753,Robert Delgado,"Rialto, CA",1070,53:14,15:13,M 45-49/30,M-48,416,3:09:12, 0.00%
754,Shelby Kenney,"Yorba Linda, CA",672,53:16,15:14,F 14-19/49,F-19,338,2:22:53, 0.00%
755,Andrea Rondares,"Oceanside, CA",175,53:23,15:16,F 30-34/63,F-32,339,1:08:10, 0.00%
756,Stacey Lewis,"Ontario, CA",1098,53:23,15:16,F 25-29/69,F-29,340,1:38:56, 0.00%
757,Stephanie Koelle,"West Covina, CA",183,53:24,15:16,F 25-29/70,F-29,341,1:08:11, 0.00%
758,Ethel Del Rosario,"Baldwin Park, CA",536,53:24,15:16,F 25-29/71,F-29,342,1:08:12, 0.00%
759,Damon White,"Rialto, CA",1059,53:24,15:16,M 30-34/74,M-30,417,3:08:08, 0.00%
760,Ricardo Robles,"Whittier, CA",1932,53:25,15:16,M 20-24/47,M-21,418,4:27:40, 0.00%
761,Leanne Wrench,"Yorba Linda, CA",750,53:26,15:16,F 50-54/11,F-51,343,2:23:02, 0.00%
762,Deanna Stearns,"Norco, CA",248,53:27,15:17,F 40-44/37,F-41,344,1:08:08, 0.00%
763,Kelli Adams,"Huntington Beach, CA",564,53:27,15:17,F 40-44/38,F-40,345,1:08:09, 0.00%
764,Christine Liles,"Claremont, CA",140,53:27,15:17,F 35-39/47,F-36,346,3:38:33, 0.00%
765,Mona Mosk,"Highland, CA",396,53:29,15:17,F 50-54/12,F-50,347,1:39:13, 0.00%
766,Ronnie Gonzalez,"Ontario, CA",886,53:30,15:18,M 35-39/49,M-37,419,1:39:04, 0.00%
767,Monica Nunez,"South Gate, CA",1297,53:33,15:18,F 25-29/72,F-26,348,1:08:11, 0.00%
768,Jennifer Hocking,"Irvine, CA",700,53:34,15:19,F 30-34/64,F-32,349,1:08:18, 0.00%
769,Tom Boehmer,"Corona, CA",1341,53:35,15:19,M 50-54/13,M-52,420,2:08:05, 0.00%
770,Ryan Mueller,"Fullerton, CA",777,53:35,15:19,M 30-34/75,M-30,421,1:08:19, 0.00%
771,Christopher Moorman,"Redlands, CA",458,53:36,15:19,M 40-44/51,M-41,422,1:54:22, 0.00%
772,Leah Hegardt,"Highland, CA",49,53:37,15:20,F 40-44/39,F-41,350,1:54:22, 0.00%
773,Mark Liles,"Claremont, CA",139,53:38,15:20,M 45-49/31,M-48,423,3:38:33, 0.00%
774,Graeme Hatzkilson,"National City, CA",1890,53:38,15:20,M 30-34/76,M-32,424,1:54:24, 0.00%
775,Raquel Rodriguez,"Pasadena, CA",442,53:40,15:20,F 30-34/65,F-31,351,1:39:22, 0.00%
776,Alison Ramirez,"Perris, CA",719,53:43,15:21,F 30-34/66,F-33,352,1:39:43, 0.00%
777,Michelle Schiefelbein,"Corona, CA",471,53:45,15:22,F 35-39/48,F-35,353,1:08:43, 0.00%
778,Leiloni Laban,"Riverside, CA",1200,53:47,15:22,F 20-24/50,F-22,354,1:39:39, 0.00%
779,Ginette Manzano,"Corona, CA",1318,53:52,15:24,F 40-44/40,F-44,355,1:23:02, 0.00%
780,Andres Manzano,"Corona, CA",1319,53:52,15:24,M 40-44/52,M-44,425,1:23:02, 0.00%
781,Maria Lawes,"Corona, CA",1846,53:53,15:24,F 40-44/41,F-41,356,1:23:03, 0.00%
782,Kirstin Christiansen,"Corona, CA",354,53:55,15:25,F 40-44/42,F-43,357,1:15:35, 0.00%
783,Colin Liddicote,"Corona, CA",1286,53:56,15:25,M 14-19/50,M-15,426,2:08:19, 0.00%
784,Ruben Espinosa,"Corona, CA",736,53:56,15:25,M 30-34/77,M-34,427,54:00, 0.00%
785,Joe Liddicote,"Corona, CA",717,53:56,15:25,M 40-44/53,M-40,428,2:08:19, 0.00%
786,Monica Espinosa,"Corona, CA",737,53:57,15:25,F 35-39/49,F-35,358,54:01, 0.00%
787,Nicole King,"Corona, CA",350,53:59,15:26,F 40-44/43,F-40,359,1:15:40, 0.00%
788,Rosie Merkelbach,"San Bernardino, CA",1094,53:59,15:26,F 45-49/16,F-46,360,2:08:47, 0.00%
789,Ryan Killeen,"Corona, CA",854,54:00,15:26,M 25-29/89,M-28,429,1:39:30, 0.00%
790,Angie Allen,"Corona, CA",359,54:01,15:26,F 35-39/50,F-37,361,1:15:42, 0.00%
791,Rebecca Dahlin,"Corona, CA",365,54:02,15:27,F 35-39/51,F-38,362,1:15:42, 0.00%
792,Kyle Nabi,"Corona, CA",466,54:03,15:27,M 14-19/51,M-17,430,2:38:26, 0.00%
793,Naydine Hastings,"Norco, CA",499,54:04,15:27,F 30-34/67,F-33,363,1:40:04, 0.00%
794,Thea Derosa,"Cleveland, OH",1921,54:04,15:27,F 30-34/68,F-32,364,4:23:52, 0.00%
795,Maria Derosa,"Columbus, OH",1922,54:04,15:27,F 25-29/73,F-28,365,4:23:53, 0.00%
796,Phillip Ambriz,"Pico Rivera, CA",351,54:04,15:27,M 35-39/50,M-35,431,1:10:21, 0.00%
797,Stefanie Hernandez,"Wilmington, CA",1248,54:10,15:29,F 20-24/51,F-24,366,2:08:43, 0.00%
798,Charlie Villalobos,"La Puente, CA",357,54:10,15:29,M 40-44/54,M-44,432,1:10:28, 0.00%
799,Monica Alvarez,"Santa Monica, CA",1112,54:12,15:30,F 35-39/52,F-39,367,1:10:28, 0.00%
800,Jamie Robinson,"Palm Springs, CA",1167,54:12,15:30,F 40-44/44,F-42,368,1:39:48, 0.00%
801,Brenda Hernandez,"Wilmington, CA",1247,54:13,15:30,F 25-29/74,F-27,369,2:08:46, 0.00%
802,Brian Craig,"Corona Dl Ma, CA",1891,54:24,15:33,M 30-34/78,M-31,433,1:55:10, 0.00%
803,Karen Galindo,"La Verne, CA",384,54:25,15:33,F 50-54/13,F-54,370,2:38:51, 0.00%
804,Alicia Fenison,"Perris, CA",1901,54:28,15:34,F 35-39/53,F-37,371,1:09:11, 0.00%
805,April Jackson,"Beaumont, CA",1019,54:30,15:35,F 35-39/54,F-35,372,1:25:02, 0.00%
806,Chantelle Ramon,"Perris, CA",1902,54:30,15:35,F 25-29/75,F-27,373,1:09:13, 0.00%
807,Trent Jackson,"Beaumont, CA",1018,54:31,15:35,M 25-29/90,M-27,434,1:25:02, 0.00%
808,Danielle McKay,"Rialto, CA",1424,54:32,15:35,F 30-34/69,F-33,374,1:09:15, 0.00%
809,Cinthia Braga,"Calimesa, CA",589,54:39,15:37,F 30-34/70,F-31,375,1:40:25, 0.00%
810,Kari Militello,"Tustin, CA",417,54:39,15:37,F 40-44/45,F-42,376,2:39:05, 0.00%
811,Sheryl Nabi,"Corona, CA",465,54:39,15:37,F 45-49/17,F-48,377,2:39:05, 0.00%
812,Tamera Smith,"Alta Loma, CA",973,54:42,15:38,F 25-29/76,F-28,378,2:38:55, 0.00%
813,Kent Cozart,"Norco, CA",610,54:43,15:38,M 40-44/55,M-41,435,1:09:37, 0.00%
814,Miriam Alvalos,"Glendora, CA",232,54:43,15:38,F 35-39/55,F-37,379,2:39:02, 0.00%
815,Christa Albanez,"La Verne, CA",233,54:43,15:38,F 20-24/52,F-24,380,2:39:01, 0.00%
816,Traci Cozart,"Norco, CA",609,54:44,15:39,F 40-44/46,F-41,381,1:09:36, 0.00%
817,Ederson Vasquez,"Arleta, CA",721,54:47,15:40,M 20-24/48,M-21,436,54:49, 0.00%
818,John Broderick,"Corona, CA",703,54:50,15:40,M 40-44/56,M-42,437,1:41:02, 0.00%
819,Jayson Ramil,"Cathedral City, CA",832,54:50,15:40,M 25-29/91,M-27,438,4:06:21, 0.00%
820,Cindy Broderick,"Corona, CA",704,54:51,15:41,F 40-44/47,F-43,382,1:41:02, 0.00%
821,Shawna Dottin,"Laguna Niguel, CA",167,54:51,15:41,F 35-39/56,F-37,383,55:29, 0.00%
822,Adam McDermott,"Corona, CA",450,54:52,15:41,M 30-34/79,M-34,439,1:55:43, 0.00%
823,Tiffany Robbins,"Corona, CA",451,54:52,15:41,F 25-29/77,F-26,384,1:55:43, 0.00%
824,David Chandroo,"Corona, CA",1216,54:55,15:42,M 30-34/80,M-30,440,2:09:40, 0.00%
825,Sandra Chandroo,"Corona, CA",1215,54:55,15:42,F 25-29/78,F-29,385,2:09:40, 0.00%
826,Lance Hastings,"Norco, CA",500,55:01,15:43,M 35-39/51,M-35,441,1:40:38, 0.00%
827,Amanda Moore,"Calabasas, CA",757,55:01,15:44,F 20-24/53,F-23,386,1:55:44, 0.00%
828,Francesca Africano,"Westlake Village, CA",758,55:05,15:45,F 20-24/54,F-23,387,1:55:48, 0.00%
829,Vanessa West,"Covina, CA",291,55:07,15:45,F 40-44/48,F-41,388,1:09:45, 0.00%
830,Emily Balandra,"Chino, CA",956,55:07,15:45,F 25-29/79,F-25,389,3:25:10, 0.00%
831,Monica Flores,"Corona, CA",594,55:12,15:47,F 60-69/2,F-62,390,55:28, 0.00%
832,Melanie Murray,"Corona, CA",647,55:13,15:47,F 45-49/18,F-47,391,55:29, 0.00%
833,Leslie Robertson,"Corona, CA",752,55:13,15:47,F 40-44/49,F-43,392,55:28, 0.00%
834,Germaine Ewing,"Corona, CA",81,55:15,15:47,F 50-54/14,F-50,393,55:28, 0.00%
835,Heriberto Miranda,"Baldwin Park, CA",347,55:16,15:48,M 35-39/52,M-36,442,2:46:46, 0.00%
836,Michael Wiegenstein,"Palm Springs, CA",208,55:18,15:48,M 50-54/14,M-52,443,1:40:54, 0.00%
837,Gina Crowley,"Huntington Beach, CA",1423,55:20,15:49,F 40-44/50,F-42,394,3:25:22, 0.00%
838,Taryn Alba,"Ontario, CA",1126,55:20,15:49,F 35-39/57,F-38,395,1:56:04, 0.00%
839,Mike Hess,"Ontario, CA",1128,55:22,15:49,M 30-34/81,M-34,444,1:56:03, 0.00%
840,Sarah Hatfield,"Eastvale, CA",1321,55:23,15:50,F 35-39/58,F-35,396,2:39:46, 0.00%
841,Kacey Bennett,"Hesperia, CA",1422,55:24,15:50,F 14-19/50,F-17,397,3:25:26, 0.00%
842,Jessica Barber,"Corona, CA",409,55:25,15:50,F 40-44/51,F-40,398,1:41:07, 0.00%
843,Michael Jackson,"Corona, CA",998,55:25,15:50,M 25-29/92,M-27,445,1:41:19, 0.00%
844,Jessica Pederson,"Riverside, CA",23,55:30,15:52,F 20-24/55,F-23,399,1:24:38, 0.00%
845,Keith Spratling,"Moreno Valley, CA",957,55:32,15:52,M 30-34/82,M-31,446,1:41:25, 0.00%
846,Roger Rubio,"Corona, CA",601,55:41,15:55,M 40-44/57,M-43,447,3:25:40, 0.00%
847,Sandy Rubio,"Corona, CA",602,55:42,15:55,F 40-44/52,F-43,400,3:25:41, 0.00%
848,Leah Russo,"Moreno Valley, CA",683,55:44,15:56,F 30-34/71,F-30,401,2:40:22, 0.00%
849,Cassandra Johnson,"Moreno Valley, CA",682,55:44,15:56,F 30-34/72,F-32,402,2:40:23, 0.00%
850,Madison King,"Corona, CA",217,55:47,15:57,F 14-19/51,F-14,403,55:47, 0.00%
851,Veronica King,"Corona, CA",537,55:47,15:57,F 45-49/19,F-47,404,55:47, 0.00%
852,Jennifer Reyes,"Riverside, CA",463,55:53,15:58,F 14-19/52,F-16,405,2:10:22, 0.00%
853,Cesar Diaz,"Corona, CA",841,55:59,16:00,M 14-19/52,M-19,448,2:10:21, 0.00%
854,Andrea Diaz,"Corona, CA",511,55:59,16:00,F 35-39/59,F-38,406,1:25:40, 0.00%
855,Gina Brewer,"Riverside, CA",445,56:00,16:00,F 30-34/73,F-31,407,1:25:40, 0.00%
856,Brittany Crawford,"Rancho Cucamonga, CA",356,56:03,16:01,F 20-24/56,F-22,408,1:41:45, 0.00%
857,Bryan Brewer,"Riverside, CA",444,56:07,16:02,M 30-34/83,M-32,449,1:25:46, 0.00%
858,Sergio Arias,"Riverside, CA",1140,56:07,16:02,M 30-34/84,M-31,450,1:25:16, 0.00%
859,Laurie Optebeke,"Jurupa Valley, CA",1159,56:07,16:02,F 50-54/15,F-51,409,2:10:31, 0.00%
860,Candice Crawford,"Rancho Cucamonga, CA",355,56:08,16:03,F 25-29/80,F-25,410,1:41:49, 0.00%
861,Joshua Contreras,"Corona, CA",501,56:09,16:03,M 20-24/49,M-22,451,1:25:46, 0.00%
862,Christopher Espinoza,"Norco, CA",1139,56:09,16:03,M 30-34/85,M-34,452,1:25:17, 0.00%
863,Tony Diaz,"Corona, CA",512,56:09,16:03,M 40-44/58,M-40,453,1:25:47, 0.00%
864,Daryl Garriga,"Corona, CA",1262,56:09,16:03,M 35-39/53,M-38,454,1:25:46, 0.00%
865,Chuck Minkalis,"Redlands, CA",1231,56:13,16:04,M 35-39/54,M-36,455,1:41:44, 0.00%
866,Gabriel Littlejohn,"Long Beach, CA",1229,56:14,16:04,M 35-39/55,M-36,456,1:57:02, 0.00%
867,Anthony Minkalis,"Redlands, CA",1232,56:20,16:06,M 14-19/53,M-14,457,1:41:51, 0.00%
868,Johnny Ortega,"Riverside, CA",697,56:21,16:06,M 30-34/86,M-31,458,2:25:55, 0.00%
869,Eva Perez,"Corona, CA",1014,56:24,16:07,F 25-29/81,F-29,411,2:25:59, 0.00%
870,Mayra Ortega,"Riverside, CA",696,56:25,16:07,F 25-29/82,F-29,412,2:26:00, 0.00%
871,Jennifer Ryan,"Alta Loma, CA",97,56:28,16:08,F 20-24/57,F-24,413,3:56:01, 0.00%
872,Krystel Medeiros,"Alta Loma, CA",98,56:32,16:10,F 30-34/74,F-30,414,3:56:06, 0.00%
873,Rachel Slevkov,"La Habra Heights, CA",1032,56:48,16:14,F 25-29/83,F-25,415,2:41:17, 0.00%
874,Samuel Brockman,"Corona, CA",99,56:49,16:14,M 14-19/54,M-18,459,5:20:34, 0.00%
875,Jacklyn Saldana,"Corona, CA",551,56:49,16:14,F 30-34/75,F-31,416,1:42:37, 0.00%
876,Chris Hallmark,"La Habra Heights, CA",1033,56:49,16:14,M 20-24/50,M-20,460,2:41:18, 0.00%
877,Mike Legerski,"Corona, CA",1135,56:50,16:15,M 40-44/59,M-44,461,2:41:10, 0.00%
878,Maryann Concepcion,"Redlands, CA",680,56:51,16:15,F 30-34/76,F-30,417,57:05, 0.00%
879,Veronica Alvarado,"Anaheim, CA",187,56:51,16:15,F 30-34/77,F-30,418,1:42:37, 0.00%
880,Jeanine Castaneda,"Fontana, CA",919,56:54,16:16,F 30-34/78,F-30,419,1:57:34, 0.00%
881,Janice Sanchez,"Bellflower, CA",61,56:59,16:17,F 30-34/79,F-30,420,1:57:40, 0.00%
882,Aileena McCabe,"Riverside, CA",989,57:02,16:18,F 40-44/53,F-41,421,1:42:45, 0.00%
883,Edgar Cruz,"North Hollywood, CA",1334,57:09,16:20,M 25-29/93,M-27,462,2:41:24, 0.00%
884,Kalo Guevara,"North Hollywood, CA",1335,57:12,16:21,M 14-19/55,M-17,463,2:41:28, 0.00%
885,Marjeri Smith,"San Diego, CA",709,57:13,16:21,F 30-34/80,F-31,422,2:11:37, 0.00%
886,Laura Martin,"Corona, CA",212,57:13,16:21,F 35-39/60,F-38,423,1:43:25, 0.00%
887,Brian Dominguez,"Indio, CA",641,57:13,16:21,M 35-39/56,M-38,464,3:27:29, 0.00%
888,Bernardo Casanova,"Moreno Valley, CA",519,57:13,16:21,M 40-44/60,M-44,465,3:42:21, 0.00%
889,Nathan Martin,"Corona, CA",211,57:14,16:21,M 35-39/57,M-37,466,1:43:25, 0.00%
890,Tovah Terranova,"San Diego, CA",749,57:14,16:22,F 30-34/81,F-30,424,2:11:39, 0.00%
891,Amber Gabriel,"San Diego, CA",714,57:14,16:22,F 30-34/82,F-32,425,2:11:39, 0.00%
892,Heather Bauer,"San Bernardino, CA",449,57:17,16:22,F 25-29/84,F-25,426,1:43:01, 0.00%
893,Christina Buriel,"Indio, CA",642,57:17,16:22,F 40-44/54,F-40,427,3:27:33, 0.00%
894,Arlyne Witczak,"Rancho Cucamonga, CA",452,57:18,16:23,F 25-29/85,F-25,428,1:43:02, 0.00%
895,Jaymi Martin,"Norco, CA",852,57:18,16:23,F 30-34/83,F-31,429,1:43:22, 0.00%
896,Carina Christmas,"Henderson, NV",509,57:19,16:23,F 30-34/84,F-30,430,57:33, 0.00%
897,Megan Kizer,"Moreno Valley, CA",993,57:19,16:23,F 25-29/86,F-25,431,1:43:21, 0.00%
898,Michelle Dotterer,"Corona, CA",337,57:22,16:24,F 30-34/85,F-33,432,1:58:12, 0.00%
899,Jennifer Feenstra,"Apple Valley, CA",876,57:23,16:24,F 30-34/86,F-31,433,1:43:25, 0.00%
900,Desiree Willson,"Vista, CA",470,57:24,16:24,F 30-34/87,F-33,434,1:58:13, 0.00%
901,Michael Saenz,"Corona, CA",336,57:25,16:25,M 30-34/87,M-32,467,1:58:15, 0.00%
902,Von Tran,"San Diego, CA",695,57:25,16:25,F 35-39/61,F-38,435,2:27:05, 0.00%
903,Thiana Nebel,"Norco, CA",143,57:26,16:25,F 35-39/62,F-35,436,2:27:05, 0.00%
904,Chris Stewart,"Riverside, CA",1226,57:29,16:26,M 35-39/58,M-36,468,2:27:02, 0.00%
905,Kay Mathis,"Corona, CA",126,57:43,16:30,F 50-54/16,F-53,437,1:43:33, 0.00%
906,Kelly Mathis,"Corona, CA",128,57:43,16:30,F 30-34/88,F-32,438,1:43:33, 0.00%
907,Shaundra Pines,"Corona, CA",1258,57:49,16:31,F 45-49/20,F-46,439,2:27:29, 0.00%
908,Stephanie Lee,"Chino, CA",189,57:49,16:32,F 25-29/87,F-25,440,1:12:42, 0.00%
909,Wendy Carpio,"Ontario, CA",244,57:50,16:32,F 25-29/88,F-25,441,1:12:42, 0.00%
910,Monica Aker,"Rialto, CA",1303,57:51,16:32,F 25-29/89,F-25,442,1:12:42, 0.00%
911,Amanda Anchondo,"Riverside, CA",131,57:51,16:32,F 25-29/90,F-25,443,1:12:43, 0.00%
912,Robert Tibbetts,"Palm Springs, CA",898,57:52,16:32,M 50-54/15,M-50,469,4:27:39, 0.00%
913,Sara Glaviano,"Brea, CA",1320,57:52,16:32,F 20-24/58,F-20,444,1:12:36, 0.00%
914,Amy Perez,"Corona, CA",493,57:52,16:32,F 30-34/89,F-31,445,1:12:36, 0.00%
915,Valerie Reese,"Norwalk, CA",1166,57:52,16:32,F 30-34/90,F-31,446,58:00, 0.00%
916,Courtney Lyons,"Brea, CA",498,57:52,16:32,F 20-24/59,F-20,447,1:12:36, 0.00%
917,Kelsey Stevens,"Fullerton, CA",376,57:53,16:33,F 25-29/91,F-25,448,1:12:36, 0.00%
918,Daniel Luna,"Simi Valley, CA",1212,58:00,16:35,M 30-34/88,M-34,470,1:43:30, 0.00%
919,Rosheen Rosenblum,"Corona, CA",974,58:01,16:35,F 30-34/91,F-33,449,1:44:06, 0.00%
920,Shelby Strichard,"Signal Hill, CA",975,58:01,16:35,F 30-34/92,F-33,450,1:44:06, 0.00%
921,David Oblea,"Corona, CA",980,58:05,16:36,M 30-34/89,M-30,471,2:27:44, 0.00%
922,Melissa Oblea,"Corona, CA",981,58:06,16:36,F 25-29/92,F-27,451,2:27:45, 0.00%
923,Kayla Rosanelli,"Corona, CA",348,58:06,16:36,F 20-24/60,F-20,452,1:43:49, 0.00%
924,Greg Mattis,"Corona, CA",1252,58:07,16:37,M 60-69/5,M-61,472,3:28:05, 0.00%
925,Curtis Crittenden,"Anaheim, CA",1017,58:08,16:37,M 30-34/90,M-33,473,1:44:23, 0.00%
926,Kimberlee Chauncey,"Rancho Cucamonga, CA",982,58:09,16:37,F 20-24/61,F-21,453,2:27:47, 0.00%
927,Joshua Kramer,"Lake Elsinore, CA",1310,58:09,16:37,M 25-29/94,M-27,474,3:28:08, 0.00%
928,Heather Krey,"Rancho Cucamonga, CA",533,58:10,16:37,F 30-34/93,F-33,454,1:12:58, 0.00%
929,Marissa Falcon,"Corona, CA",735,58:15,16:39,F 25-29/93,F-27,455,2:42:49, 0.00%
930,Allie Green,"Corona, CA",734,58:15,16:39,F 25-29/94,F-27,456,2:42:49, 0.00%
931,Jessica Quintana,"Corona, CA",343,58:20,16:40,F 20-24/62,F-21,457,1:43:50, 0.00%
932,Lorena Martin,"San Jacinto, CA",616,58:28,16:43,F 25-29/95,F-26,458,4:28:27, 0.00%
933,Liz Ocampo,"Glendora, CA",388,58:32,16:44,F 50-54/17,F-54,459,2:43:00, 0.00%
934,Russell Cantorna,"Colton, CA",1035,58:32,16:44,M 30-34/91,M-30,475,4:28:27, 0.00%
935,Phoenix Candelario,"Fontana, CA",1002,58:33,16:44,F 35-39/63,F-35,460,2:12:57, 0.00%
936,Jasmin Moreno,"Alta Loma, CA",783,58:36,16:45,F 30-34/94,F-32,461,1:44:30, 0.00%
937,Sylvia Arias,"Rancho Cucamonga, CA",413,58:36,16:45,F 55-59/3,F-58,462,2:43:03, 0.00%
938,Juan Ocampo,"Glendora, CA",389,58:38,16:45,M 45-49/32,M-45,476,2:43:06, 0.00%
939,Stephanie Cormany,"Garden Grove, CA",307,58:38,16:45,F 20-24/63,F-24,463,3:28:45, 0.00%
940,Oliver Barrett,"Beaumont, CA",617,58:41,16:46,M 40-44/61,M-40,477,4:28:39, 0.00%
941,Scott Hanson,"Corona, CA",151,58:41,16:46,M 45-49/33,M-45,478,59:11, 0.00%
942,Elizabeth Taylor Barrett,"Beaumont, CA",640,58:42,16:47,F 45-49/21,F-48,464,4:28:39, 0.00%
943,Jennifer Hill,"Norco, CA",1298,58:44,16:47,F 40-44/55,F-40,465,3:28:46, 0.00%
944,Antoinette Dakovich,"Chino, CA",552,58:44,16:47,F 30-34/95,F-34,466,3:28:46, 0.00%
945,Courtney Smith,"Corona, CA",1028,58:45,16:48,F 14-19/53,F-19,467,1:59:24, 0.00%
946,Vincent Gacchina,"Thousand Plm, CA",1923,58:54,16:50,M 20-24/51,M-24,479,4:13:45, 0.00%
947,Julie Seals,"Rancho Cucamonga, CA",562,58:59,16:51,F 35-39/64,F-39,468,3:29:08, 0.00%
948,Lynda Macias-Ruiz,"Whittier, CA",1271,59:00,16:52,F 35-39/65,F-38,469,1:20:44, 0.00%
949,Jennifer Knight,"Yucaipa, CA",561,59:00,16:52,F 35-39/66,F-39,470,3:29:09, 0.00%
950,Nicole Broomfield,"Corona, CA",429,59:01,16:52,F 25-29/96,F-28,471,1:45:07, 0.00%
951,Valaree Pearcy Bassanelli,"Corona, CA",410,59:06,16:54,F 35-39/67,F-36,472,2:13:46, 0.00%
952,Karey Kimberling,"Corona, CA",713,59:06,16:54,F 35-39/68,F-36,473,2:13:46, 0.00%
953,Izabella Ciesiul,"Corona, CA",774,59:10,16:55,F 45-49/22,F-48,474,2:13:37, 0.00%
954,Katharina Hetwer,"Corona, CA",775,59:10,16:55,F 30-34/96,F-30,475,2:13:37, 0.00%
955,Tracie Brown,"Corona, CA",1197,59:11,16:55,F 35-39/69,F-37,476,1:28:26, 0.00%
956,Dave Lee,"Placentia, CA",262,59:17,16:57,M 40-44/62,M-41,480,59:37, 0.00%
957,Janice Beyer,"Norco, CA",257,59:17,16:57,F 35-39/70,F-37,477,59:37, 0.00%
958,Tammi Lee,"Placentia, CA",261,59:18,16:57,F 40-44/56,F-44,478,59:37, 0.00%
959,Sabrina Thomas,"Mira Loma, CA",63,59:19,16:57,F 14-19/54,F-16,479,3:29:23, 0.00%
960,Bridget Hill,"Corona, CA",1269,59:24,16:59,F 20-24/64,F-24,480,1:28:40, 0.00%
961,Renee Chartier,"Corona, CA",730,59:24,16:59,F 25-29/97,F-29,481,2:29:04, 0.00%
962,Mailyn Ramirez,"Eastvale, CA",62,59:29,17:00,F 35-39/71,F-39,482,3:29:35, 0.00%
963,Yesenia Vasquez,"Los Angeles, CA",1115,59:31,17:01,F 30-34/97,F-31,483,1:15:49, 0.00%
964,Juan Cervantes,"Corona, CA",35,59:31,17:01,M 30-34/92,M-32,481,2:14:15, 0.00%
965,Michelle Cervantes,"Corona, CA",34,59:32,17:01,F 30-34/98,F-30,484,2:14:15, 0.00%
966,Katherine Rodriguez,"Hacienda Heights, CA",43,59:33,17:01,F 30-34/99,F-33,485,2:14:14, 0.00%
967,Alejandra Cervantes,"Hacienda Heights, CA",37,59:35,17:02,F 35-39/72,F-37,486,2:14:17, 0.00%
968,Penny Hale,"Hesperia, CA",731,59:37,17:02,F 55-59/4,F-56,487,1:15:47, 0.00%
969,Alisa Hillerberg,"Corona, CA",939,59:37,17:02,F 14-19/55,F-16,488,3:14:20, 0.00%
970,Sarah Murray,"Hesperia, CA",732,59:38,17:03,F 25-29/98,F-28,489,1:15:48, 0.00%
971,Nicole Burk,"Corona, CA",966,59:40,17:03,F 20-24/65,F-21,490,3:14:23, 0.00%
972,Melissa Torres,"Riverside, CA",1183,59:50,17:06,F 40-44/57,F-43,491,1:29:00, 0.00%
973,Laura Josiah,"Riverside, CA",1193,59:51,17:06,F 40-44/58,F-40,492,1:29:02, 0.00%
974,Melanie McKinney,"Riverside, CA",328,59:51,17:06,F 35-39/73,F-36,493,2:59:41, 0.00%
975,Oscar Vasquez,"Arleta, CA",720,59:54,17:07,M 25-29/95,M-29,482,59:54, 0.00%
976,Terry Hill,"Anaheim, CA",793,59:59,17:09,F 55-59/5,F-56,494,1:00:09, 0.00%
977,Debbie Byers,"Anaheim, CA",792,59:59,17:09,F 55-59/6,F-56,495,1:00:10, 0.00%
978,Dolores Ledesma,"Riverside, CA",462,1:00:04,17:10,F 50-54/18,F-51,496,2:14:35, 0.00%
979,Andres Flores,"Fontana, CA",456,1:00:09,17:12,M 35-39/59,M-35,483,2:14:41, 0.00%
980,Michelle Flores,"Fontana, CA",454,1:00:10,17:12,F 25-29/99,F-28,497,2:14:42, 0.00%
981,Gary Bennett,"Corona, CA",967,1:00:13,17:13,M 25-29/96,M-25,484,3:14:07, 0.00%
982,Kevin Wright,"Los Angeles, CA",596,1:00:15,17:13,M 30-34/93,M-33,485,2:01:01, 0.00%
983,Jeanine Percival Wright,"Los Angeles, CA",595,1:00:16,17:13,F 30-34/100,F-32,498,2:01:01, 0.00%
984,Melody Hulse,"Hemet, CA",597,1:00:16,17:14,F 30-34/101,F-30,499,2:01:01, 0.00%
985,James Dunbar,"Corona, CA",1307,1:00:19,17:14,M 35-39/60,M-35,486,1:29:29, 0.00%
986,Samantha Kerr,"La Habra, CA",1076,1:00:27,17:17,F 14-19/56,F-17,500,2:44:41, 0.00%
987,Tyler McIlwee,"Santa Ana, CA",1153,1:00:29,17:17,M 30-34/94,M-31,487,1:15:09, 0.00%
988,Christina Paniagua,"Riverside, CA",1152,1:00:29,17:17,F 30-34/102,F-32,501,1:15:10, 0.00%
989,Barbara Kerr,"La Habra, CA",1075,1:00:32,17:18,F 40-44/59,F-42,502,2:44:46, 0.00%
990,Christian Bradbury,"Crestline, CA",825,1:00:37,17:19,M 40-44/63,M-44,488,1:46:19, 0.00%
991,Craig Bennett,"Corona, CA",968,1:00:37,17:20,M 20-24/52,M-20,489,3:14:26, 0.00%
992,Kimberly Nickerson,"Crestline, CA",826,1:00:38,17:20,F 40-44/60,F-41,503,1:46:19, 0.00%
993,Dori Quan,"Corona, CA",1155,1:00:40,17:20,F 40-44/61,F-42,504,1:15:21, 0.00%
994,Carrie Smith,"Pomona, CA",805,1:00:41,17:21,F 40-44/62,F-40,505,1:46:21, 0.00%
995,Aaron Ramos,"Fontana, CA",1855,1:00:45,17:22,M 25-29/97,M-29,490,2:45:05, 0.00%
996,Stephany Teo,"Whittier, CA",1934,1:00:47,17:22,F 20-24/66,F-20,506,4:34:57, 0.00%
997,Kandice Walsh,"Victorville, CA",67,1:00:49,17:23,F 25-29/100,F-25,507,2:45:03, 0.00%
998,Manuel Robles,"Whittier, CA",1933,1:00:49,17:23,M 20-24/53,M-24,491,4:35:04, 0.00%
999,Daisy Lopez,"Rialto, CA",698,1:00:50,17:23,F 30-34/103,F-32,508,3:15:35, 0.00%
1000,Kasey Rachman,"Corona, CA",129,1:00:51,17:24,F 30-34/104,F-34,509,1:46:41, 0.00%
1001,Todd Champagne,"Canoga Park, CA",1844,1:00:53,17:24,M 40-44/64,M-44,492,4:45:57, 0.00%
1002,Alexandria Rivera,"Redlands, CA",469,1:00:53,17:24,F 30-34/105,F-30,510,3:15:39, 0.00%
1003,Noelle Galindo,"Rialto, CA",421,1:00:54,17:24,F 30-34/106,F-31,511,3:15:40, 0.00%
1004,Stephanie McCormick,"Rialto, CA",133,1:00:55,17:25,F 30-34/107,F-30,512,3:15:42, 0.00%
1005,Shannon Meza,"Rialto, CA",433,1:00:56,17:25,F 30-34/108,F-32,513,3:15:42, 0.00%
1006,Solomon Shapiro,"Corona, CA",1289,1:00:58,17:26,M 50-54/16,M-50,493,1:16:07, 0.00%
1007,Yvonne England,"Ontario, CA",810,1:01:28,17:34,F 25-29/101,F-26,514,1:47:29, 0.00%
1008,Maureen England,"Ontario, CA",809,1:01:29,17:34,F 25-29/102,F-28,515,1:47:31, 0.00%
1009,George Orduno,"Hemet, CA",1930,1:01:29,17:34,M 35-39/61,M-36,494,4:31:30, 0.00%
1010,Andrea Nunez,"Chino Hills, CA",280,1:01:29,17:34,F 25-29/103,F-27,516,2:45:44, 0.00%
1011,Diana England,"Ontario, CA",811,1:01:29,17:34,F 30-34/109,F-30,517,1:47:34, 0.00%
1012,Cameran Orduno,"Hemet, CA",1929,1:01:30,17:35,F 35-39/74,F-35,518,4:31:30, 0.00%
1013,Robert Best,"Ontario, CA",1351,1:01:32,17:35,M 30-34/95,M-34,495,1:47:35, 0.00%
1014,Betty Thomas,"Corona, CA",634,1:01:39,17:37,F 45-49/23,F-46,519,2:46:10, 0.00%
1015,Jaclyn Nguyen,"Corona, CA",638,1:01:39,17:37,F 25-29/104,F-26,520,2:46:10, 0.00%
1016,Diane Schinderwolf,"Corona, CA",636,1:01:39,17:37,F 40-44/63,F-42,521,2:46:10, 0.00%
1017,Anita Power,"Corona, CA",632,1:01:40,17:37,F 35-39/75,F-38,522,2:46:10, 0.00%
1018,Jeannie Gutierrez,"Corona, CA",516,1:01:40,17:38,F 30-34/110,F-31,523,1:02:40, 0.00%
1019,Brittany Zendner,"Placentia, CA",517,1:01:41,17:38,F 25-29/105,F-25,524,1:02:40, 0.00%
1020,Steve Bustillos,"Colton, CA",646,1:01:47,17:39,M 55-59/17,M-57,496,1:01:54, 0.00%
1021,Mary-Elizabeth Montana,"Redlands, CA",550,1:01:49,17:40,F 25-29/106,F-25,525,1:01:56, 0.00%
1022,John Cordova,"Redondo Beach, CA",1326,1:01:49,17:40,M 30-34/96,M-33,497,1:01:58, 0.00%
1023,Jamie Bustillos,"San Bernardino, CA",549,1:01:54,17:42,F 20-24/67,F-24,526,1:02:02, 0.00%
1024,Michael Gagnier,"Corona, CA",1198,1:01:56,17:42,M 35-39/62,M-39,498,1:01:56, 0.00%
1025,Jessica Myers,"Corona, CA",1267,1:01:59,17:43,F 20-24/68,F-24,527,2:16:25, 0.00%
1026,Cherron Cordier,"Corona, CA",1409,1:01:59,17:43,F 30-34/111,F-33,528,1:48:06, 0.00%
1027,O' Neal England,"Ontario, CA",812,1:02:03,17:44,M 30-34/97,M-32,499,1:47:33, 0.00%
1028,Jessie Rubio,"Corona, CA",1266,1:02:08,17:46,M 25-29/98,M-28,500,2:16:34, 0.00%
1029,Michelle Bernstein,"Corona, CA",1263,1:02:12,17:47,F 50-54/19,F-51,529,1:16:55, 0.00%
1030,Faith Wilson,"Cypress, CA",1001,1:02:19,17:49,F 14-19/57,F-19,530,1:48:34, 0.00%
1031,Takebb Cordier,"Corona, CA",1410,1:02:20,17:49,M 30-34/98,M-33,501,1:48:27, 0.00%
1032,Janice Smith,"Mentone, CA",301,1:02:30,17:52,F 30-34/112,F-34,531,1:48:27, 0.00%
1033,Tanner Pasimio,"Perris, CA",294,1:02:33,17:53,M 14-19/56,M-18,502,2:17:08, 0.00%
1034,Mitchell Briscoe,"Corona, CA",203,1:02:33,17:53,M 14-19/57,M-16,503,2:17:09, 0.00%
1035,June Carlile,"Fountain Valley, CA",253,1:02:34,17:53,F 14-19/58,F-17,532,2:17:10, 0.00%
1036,Lindsey Coon,"Mentone, CA",414,1:02:34,17:53,F 30-34/113,F-33,533,1:48:30, 0.00%
1037,Frankie Sciotto,"Long Beach, CA",412,1:02:35,17:53,M 14-19/58,M-16,504,2:17:09, 0.00%
1038,Mike Antich,"Corona, CA",358,1:02:43,17:56,M 14-19/59,M-19,505,3:32:45, 0.00%
1039,Desiree Cruz,"Menifee, CA",983,1:02:50,17:57,F 30-34/114,F-31,534,1:48:32, 0.00%
1040,Kelly Linn,"Corona, CA",716,1:02:53,17:58,F 45-49/24,F-48,535,2:47:21, 0.00%
1041,Janet Schuchart,"Rosamond, CA",419,1:02:53,17:58,F 35-39/76,F-38,536,1:24:35, 0.00%
1042,April Carter,"Rosamond, CA",420,1:02:54,17:59,F 35-39/77,F-36,537,1:24:37, 0.00%
1043,Susan Kesterson,"Corona, CA",274,1:02:57,17:59,F 50-54/20,F-54,538,2:47:25, 0.00%
1044,Francisco Campos,"Downey, CA",763,1:02:57,18:00,M 14-19/60,M-17,506,1:19:21, 0.00%
1045,Brittney Gutierrez,"Fontana, CA",184,1:03:00,18:00,F 20-24/69,F-22,539,1:32:31, 0.00%
1046,Stanley Truong,"Ontario, CA",604,1:03:00,18:00,M 25-29/99,M-28,507,1:32:32, 0.00%
1047,Desiree Ramos,"Fontana, CA",190,1:03:00,18:00,F 25-29/107,F-28,540,1:32:32, 0.00%
1048,Jim Gilbert,"Riverside, CA",984,1:03:07,18:02,M 50-54/17,M-53,508,1:48:37, 0.00%
1049,Racquel Miller,"North Hollywood, CA",174,1:03:11,18:04,F 35-39/78,F-37,541,1:04:00, 0.00%
1050,Mary Rios,"Corona, CA",181,1:03:12,18:04,F 40-44/64,F-40,542,1:17:49, 0.00%
1051,Sandra Odle,"Garden Grove, CA",179,1:03:13,18:04,F 40-44/65,F-41,543,1:17:49, 0.00%
1052,Analiza Schlarmann,"Corona, CA",180,1:03:13,18:04,F 45-49/25,F-48,544,1:17:49, 0.00%
1053,Mauricio Martinez,"Colton, CA",385,1:03:14,18:04,M 30-34/99,M-32,509,1:17:50, 0.00%
1054,Robin Karnes,"Corona, CA",940,1:03:15,18:05,F 40-44/66,F-40,545,3:17:58, 0.00%
1055,Christopher Walters,"Yucaipa, CA",468,1:03:18,18:06,M 30-34/100,M-32,510,1:49:17, 0.00%
1056,Irene Abifadel,"Chino Hills, CA",154,1:03:19,18:06,F 35-39/79,F-37,546,3:33:23, 0.00%
1057,Najy Abifadel,"Chino Hills, CA",155,1:03:19,18:06,M 35-39/63,M-37,511,3:33:23, 0.00%
1058,Lisa Walters,"Yucaipa, CA",467,1:03:20,18:06,F 30-34/115,F-31,547,1:49:16, 0.00%
1059,Alfonso Acosta,"Riverside, CA",1928,1:03:21,18:06,M 30-34/101,M-33,512,4:33:24, 0.00%
1060,Darren Hillberg,"Corona, CA",937,1:03:22,18:07,M 40-44/65,M-44,513,3:18:06, 0.00%
1061,Christina Beckstrom,"Montclair, CA",1873,1:03:22,18:07,F 40-44/67,F-43,548,5:48:05, 0.00%
1062,Coleen De Fratis,"Corona, CA",936,1:03:22,18:07,F 40-44/68,F-40,549,3:18:05, 0.00%
1063,Andrew Harvey,"Los Alamitos, CA",156,1:03:27,18:08,M 35-39/64,M-37,514,3:33:29, 0.00%
1064,Eliza Aceves,"Covina, CA",443,1:03:27,18:08,F 35-39/80,F-36,550,1:49:09, 0.00%
1065,Judy Graves,"Rialto, CA",1060,1:03:42,18:12,F 50-54/21,F-54,551,3:18:23, 0.00%
1066,Bekah Mooney,"Norco, CA",1023,1:03:44,18:13,F 14-19/59,F-16,552,1:49:25, 0.00%
1067,Delaine Flores,"Fontana, CA",764,1:03:45,18:13,F 35-39/81,F-37,553,3:33:45, 0.00%
1068,Dolores Gilbertson,"Encinitas, CA",765,1:03:45,18:13,F 50-54/22,F-54,554,3:33:46, 0.00%
1069,Joseph Delzingaro,"Riverside, CA",299,1:03:50,18:15,M 45-49/34,M-45,515,2:48:12, 0.00%
1070,Eric Johnson,"Corona, CA",1088,1:03:53,18:15,M 45-49/35,M-45,516,1:03:59, 0.00%
1071,Michele Lynaugh,"Riverside, CA",298,1:03:54,18:16,F 40-44/69,F-40,555,2:48:15, 0.00%
1072,Chelsea Goldman,"Corona, CA",1085,1:03:54,18:16,F 20-24/70,F-22,556,1:04:00, 0.00%
1073,Raymond Chacon,"Los Angeles, CA",1887,1:03:54,18:16,M 14-19/61,M-14,517,1:20:10, 0.00%
1074,Ron Casperson,"Corona, CA",569,1:03:54,18:16,M 55-59/18,M-56,518,1:04:04, 0.00%
1075,Gary Goldman,"Corona, CA",1084,1:03:54,18:16,M 50-54/18,M-52,519,1:04:00, 0.00%
1076,Matthew Goldman,"Corona, CA",1087,1:03:54,18:16,M 14-19/62,M-16,520,1:03:59, 0.00%
1077,Kristy Varela,"Riverside, CA",887,1:03:57,18:17,F 25-29/108,F-28,557,1:04:21, 0.00%
1078,Miguel Garcia,"Riverside, CA",872,1:03:57,18:17,M 35-39/65,M-38,521,1:04:21, 0.00%
1079,Jessica Olmos,"Riverside, CA",873,1:03:58,18:17,F 30-34/116,F-32,558,1:04:22, 0.00%
1080,Martha Chacon,"Los Angeles, CA",1111,1:04:10,18:20,F 40-44/70,F-43,559,1:20:29, 0.00%
1081,Teresa Rosas,"Inglewood, CA",1408,1:04:11,18:21,F 25-29/109,F-28,560,1:20:27, 0.00%
1082,Michael Morales Sr,"Lakewood, CA",773,1:04:22,18:24,M 45-49/36,M-45,522,2:33:59, 0.00%
1083,Lisa Patricia,"Corona, CA",33,1:04:24,18:24,F 40-44/71,F-40,561,1:50:13, 0.00%
1084,Janet Nichols,"Riverside, CA",32,1:04:27,18:25,F 50-54/23,F-52,562,1:50:15, 0.00%
1085,Danielle Villarreal,"Garden Grove, CA",1317,1:04:36,18:28,F 25-29/110,F-27,563,2:34:13, 0.00%
1086,Pam Waldron,"Corona, CA",1165,1:04:39,18:29,F 50-54/24,F-50,564,1:04:47, 0.00%
1087,Denise Teeple,"Corona, CA",1299,1:04:39,18:29,F 45-49/26,F-45,565,3:34:39, 0.00%
1088,Steven Quintero,"Corona, CA",510,1:04:45,18:30,M 25-29/100,M-29,523,4:34:49, 0.00%
1089,Julia Pickard,"Corona, CA",991,1:04:46,18:31,F 20-24/71,F-22,566,1:50:26, 0.00%
1090,Marygrace Lemmon,"Corona, CA",776,1:04:48,18:31,F 35-39/82,F-38,567,1:50:53, 0.00%
1091,Flo Ann Bautista,"Corona, CA",1345,1:04:52,18:32,F 55-59/7,F-57,568,1:50:24, 0.00%
1092,Myron Henderson,"Highland, CA",1322,1:04:54,18:33,M 25-29/101,M-29,524,1:50:24, 0.00%
1093,Dee Scott,"Corona, CA",1349,1:04:54,18:33,F 55-59/8,F-56,569,2:05:42, 0.00%
1094,Nichole Paz,"Corona, CA",707,1:04:56,18:34,F 25-29/111,F-28,570,1:50:50, 0.00%
1095,Stephanie Millard,"Nuevo, CA",314,1:05:07,18:37,F 25-29/112,F-26,571,1:05:36, 0.00%
1096,Brad Robbins,"Corona, CA",955,1:05:18,18:40,M 50-54/19,M-52,525,2:06:06, 0.00%
1097,Sandra Rivers,"Corona, CA",296,1:05:19,18:40,F 40-44/72,F-42,572,2:49:39, 0.00%
1098,Arash Shahzadi,"Rancho Santa Margarita, CA",712,1:05:20,18:40,M 35-39/66,M-35,526,1:50:50, 0.00%
1099,Jennifer Henson,"Indio, CA",986,1:05:20,18:40,F 30-34/117,F-32,573,2:49:40, 0.00%
1100,Jack Rivers,"Corona, CA",297,1:05:20,18:40,M 35-39/67,M-39,527,2:49:41, 0.00%
