Place,Name,Location,Bib,Net Time,Pace,Division/Place,Sex-Age,Sex-Place,Gun Time,Age Grade
1,Hector Mendoza,"Van Nuys, CA",1206,24:12,6:55,M 30-34/1,M-30,1,24:12, 0.00%
2,Armand Bashar,"Burbank, CA",101,28:46,8:14,M 45-49/1,M-46,2,28:46, 0.00%
3,Tyler Parker,"Corona, CA",515,28:57,8:17,M 14-19/1,M-18,3,28:58, 0.00%
4,Simon Barrera,"Moreno Valley, CA",978,28:57,8:17,M 35-39/1,M-35,4,29:03, 0.00%
5,Robert Ryan,"Corona, CA",161,29:26,8:25,M 50-54/1,M-51,5,29:27, 0.00%
6,Eric Trevizo,"Corona, CA",25,29:39,8:29,M 20-24/1,M-22,6,44:39, 0.00%
7,James Lau,"Pasadena, CA",1252,30:46,8:48,M 35-39/2,M-39,7,30:49, 0.00%
8,Christopher Bien,"La Quinta, CA",1008,31:19,8:57,M 45-49/2,M-46,8,31:20, 0.00%
9,Pablo Cabada,"Ontario, CA",925,31:20,8:58,M 30-34/2,M-33,9,1:46:25, 0.00%
10,Bryan Stoneking,"Corona, CA",4,31:41,9:04,M 45-49/3,M-47,10,31:42, 0.00%
11,Justin Moore,"Norco, CA",169,31:59,9:09,M 14-19/2,M-16,11,1:32:01, 0.00%
12,Alberto Espinoza,"Chino, CA",193,32:55,9:25,M 35-39/3,M-37,12,1:17:54, 0.00%
13,Dj Trevizo,"Corona, CA",24,32:55,9:25,M 55-59/1,M-58,13,47:56, 0.00%
14,Ryan Vecchiarelli,"Corona, CA",125,32:55,9:25,M 20-24/2,M-24,14,32:58, 0.00%
15,Dan Eichmann,"Chino Hills, CA",821,33:00,9:26,M 50-54/2,M-54,15,33:01, 0.00%
16,Joseph Lopez,"Corona, CA",285,33:20,9:32,M 35-39/4,M-38,16,1:03:21, 0.00%
17,Joe Cantu,"Corona, CA",893,33:30,9:35,M 25-29/1,M-29,17,48:31, 0.00%
18,George Youssef,"Corona, CA",707,34:16,9:48,M 45-49/4,M-49,18,49:19, 0.00%
19,Amanda Koman,"Corona, CA",1089,34:27,9:51,F 20-24/1,F-24,1,1:49:33, 0.00%
20,Donald Costello,"Riverside, CA",180,34:37,9:54,M 45-49/5,M-46,19,49:40, 0.00%
21,Nadin Al-Helo,"Rancho Cucamonga, CA",1366,34:51,9:58,F 20-24/2,F-22,2,2:04:59, 0.00%
22,Jennifer Powers,"San Jacinto, CA",277,34:54,9:59,F 25-29/1,F-28,3,49:55, 0.00%
23,Justin Salo,"Riverside, CA",107,35:09,10:03,M 25-29/2,M-25,20,1:35:34, 0.00%
24,Wesley Johnson,"Corona, CA",788,35:25,10:07,M 20-24/3,M-21,21,1:50:26, 0.00%
25,Joyce Archbold,"Yucaipa, CA",208,35:38,10:11,F 30-34/1,F-31,4,1:06:06, 0.00%
26,Daniel Carter,"Moreno Valley, CA",1312,35:52,10:15,M 25-29/3,M-29,22,1:06:06, 0.00%
27,Horacio Flores,"Corona, CA",1137,35:52,10:15,M 45-49/6,M-45,23,2:05:58, 0.00%
28,George Torres,"Norco, CA",295,36:09,10:20,M 40-44/1,M-44,24,1:36:09, 0.00%
29,Jonathan Hernandez,"Corona, CA",1309,36:27,10:25,M 14-19/3,M-15,25,2:06:33, 0.00%
30,Ryan Navarro,"Corona, CA",1341,36:46,10:31,M 20-24/4,M-21,26,36:47, 0.00%
31,Cortland Witherspoon,"Eastvale, CA",725,36:50,10:32,M 35-39/5,M-35,27,51:53, 0.00%
32,Anthony Lechner,"Corona, CA",11,37:00,10:35,M 50-54/3,M-54,28,37:01, 0.00%
33,Brandon Navarro,"Corona, CA",1340,37:09,10:37,M 20-24/5,M-24,29,37:10, 0.00%
34,Vanina Aguerre,"Corona, CA",1120,37:11,10:38,F 40-44/1,F-40,5,52:11, 0.00%
35,Tom Pham,"Corona, CA",258,37:35,10:45,M 45-49/7,M-45,30,1:37:40, 0.00%
36,Sean Soto,"Santa Ana, CA",681,37:38,10:45,M 45-49/8,M-48,31,1:22:45, 0.00%
37,Melissa Bien,"La Quinta, CA",1009,37:42,10:47,F 40-44/2,F-41,6,37:45, 0.00%
38,Antonio Arizon,"Rowland Heights, CA",52,37:53,10:50,M 35-39/6,M-37,32,1:08:14, 0.00%
39,Jason McCarty,"Hemet, CA",962,37:57,10:51,M 40-44/2,M-43,33,1:08:00, 0.00%
40,Jennifer Costello,"Riverside, CA",185,38:10,10:55,F 40-44/3,F-41,7,53:12, 0.00%
41,Noah Button,"Corona, CA",471,38:28,11:00,M 14-19/4,M-17,34,38:39, 0.00%
42,Carlos Jaramillo,"Corona, CA",989,38:32,11:01,M 25-29/4,M-25,35,3:08:35, 0.00%
43,Kevin Tate,"Murrieta, CA",1042,38:40,11:03,M 40-44/3,M-44,36,38:50, 0.00%
44,Maricela Arellano,"Eastvale, CA",616,38:46,11:05,F 25-29/2,F-27,8,53:48, 0.00%
45,Charles Ebenhack,"Norco, CA",1314,38:49,11:06,M 25-29/5,M-25,37,54:15, 0.00%
46,Dennis Ralls,"Riverside, CA",323,38:50,11:06,M 35-39/7,M-37,38,1:23:49, 0.00%
47,Heather Watts,"Corona, CA",1046,38:57,11:08,F 25-29/3,F-26,9,2:09:09, 0.00%
48,Lonnie Garza,"Rialto, CA",284,38:59,11:09,M 35-39/8,M-37,39,1:09:00, 0.00%
49,Ryan Aguirre,"Corona, CA",1048,39:01,11:09,M 20-24/6,M-20,40,2:09:13, 0.00%
50,Ty Aguirre,"Corona, CA",265,39:05,11:10,M 45-49/9,M-47,41,2:09:16, 0.00%
51,John McKray,"Redlands, CA",1367,39:07,11:11,M 20-24/7,M-22,42,4:24:08, 0.00%
52,Louie Roldan,"Corona, CA",51,39:07,11:11,M 40-44/4,M-41,43,1:09:28, 0.00%
53,David Watts,"Corona, CA",1047,39:09,11:12,M 25-29/6,M-26,44,2:09:21, 0.00%
54,Dexter Williams,"Oceanside, CA",975,39:42,11:21,M 35-39/9,M-38,45,42:08, 0.00%
55,Luis Miramontes,"Corona, CA",796,39:44,11:21,M 40-44/5,M-40,46,1:25:06, 0.00%
56,Tan Mai,"Riverside, CA",1111,39:45,11:22,M 30-34/3,M-30,47,1:54:53, 0.00%
57,Trina Pina,"Corona, CA",44,39:46,11:22,F 50-54/1,F-52,10,1:39:50, 0.00%
58,Ray De Stefano,"San Dimas, CA",736,40:00,11:26,M 25-29/7,M-28,48,1:10:02, 0.00%
59,Robert Moores,"Norco, CA",746,40:07,11:28,M 25-29/8,M-27,49,55:12, 0.00%
60,Vanessa Quemada,"Ontario, CA",1119,40:12,11:30,F 25-29/4,F-27,11,55:12, 0.00%
61,Tony Gomez,"Santa Barbara, CA",1347,40:13,11:30,M 45-49/10,M-46,50,2:40:39, 0.00%
62,Nathan Wines,"Cherry Valley, CA",958,40:22,11:32,M 14-19/5,M-16,51,2:40:25, 0.00%
63,Johann Outhuijse,"Bellflower, CA",1097,40:23,11:33,M 35-39/10,M-36,52,2:40:26, 0.00%
64,Danny Murray,"Lancaster, CA",853,40:30,11:35,M 50-54/4,M-53,53,1:55:40, 0.00%
65,Jason Rossi,"Riverside, CA",905,40:39,11:37,M 40-44/6,M-44,54,55:43, 0.00%
66,Gabriela Garza,"Rialto, CA",283,40:47,11:40,F 25-29/5,F-28,12,1:10:49, 0.00%
67,Miguel Cortez,"Corona, CA",379,40:49,11:40,M 14-19/6,M-15,55,1:26:00, 0.00%
68,Brandon Anglin,"Norco, CA",1315,40:50,11:40,M 20-24/8,M-24,56,56:14, 0.00%
69,Greg Trujillo,"Lomita, CA",1094,40:52,11:41,M 45-49/11,M-45,57,2:25:55, 0.00%
70,Mei Richardson,"Norco, CA",858,40:56,11:42,F 30-34/2,F-31,13,41:11, 0.00%
71,Henri Richardson,"Norco, CA",859,40:57,11:42,M 20-24/9,M-24,58,41:11, 0.00%
72,Jonathan Rodriguez,"Fontana, CA",966,40:59,11:43,M 25-29/9,M-26,59,56:11, 0.00%
73,David Holloway,"Corona, CA",906,41:01,11:44,M 35-39/11,M-39,60,56:06, 0.00%
74,Joan W Maldonado,"La Palma, CA",146,41:34,11:53,M 35-39/12,M-35,61,41:41, 0.00%
75,Gary Goldman,"Irvine, CA",145,41:38,11:54,M 50-54/5,M-54,62,41:41, 0.00%
76,Jim Snow,"Corona, CA",293,41:39,11:54,M 55-59/2,M-59,63,1:41:45, 0.00%
77,Cynthia Calderon,"Corona, CA",225,41:43,11:56,F 25-29/6,F-26,14,1:41:46, 0.00%
78,Carlos Carazo,"Corona, CA",160,41:43,11:56,M 20-24/10,M-24,64,1:41:44, 0.00%
79,Tiffany Jones,"Highland, CA",220,41:46,11:56,F 40-44/4,F-42,15,1:26:51, 0.00%
80,Jose Pena,"La Mirada, CA",334,41:50,11:57,M 30-34/4,M-32,65,41:55, 0.00%
81,Johnathen Badua,"Chula Vista, CA",851,41:55,11:59,M 20-24/11,M-22,66,42:05, 0.00%
82,Preston Thrift,"Winchester, CA",152,41:57,12:00,M 50-54/6,M-51,67,42:08, 0.00%
83,Amber Elder,"Brea, CA",313,41:59,12:00,F 30-34/3,F-30,16,3:12:02, 0.00%
84,Khai Edwards,"Pasadena, CA",1200,42:07,12:02,M 20-24/12,M-24,68,2:42:24, 0.00%
85,Hugo Galvan,"Tucson, AZ",1257,42:10,12:03,M 30-34/5,M-33,69,42:16, 0.00%
86,Zachary M Brown Jr,"Corona, CA",1204,42:14,12:04,M 40-44/7,M-42,70,1:57:25, 0.00%
87,Bernadette Sanda,"Menifee, CA",331,42:15,12:05,F 30-34/4,F-31,17,42:17, 0.00%
88,William Ledoux,"Corona, CA",391,42:18,12:06,M 35-39/13,M-35,71,1:27:17, 0.00%
89,Todd Kline,"Murrieta, CA",903,42:42,12:12,M 45-49/12,M-47,72,2:12:49, 0.00%
90,Baltazar Quiros Jaimes,"Long Beach, CA",935,42:58,12:17,M 14-19/7,M-19,73,2:43:10, 0.00%
91,Lisa Lapa,"Calimesa, CA",1294,42:58,12:17,F 40-44/5,F-40,18,1:43:00, 0.00%
92,Timothy McCreary,"Corona, CA",733,43:04,12:19,M 30-34/6,M-31,74,2:43:09, 0.00%
93,Julio Mendoza,"Riverside, CA",1013,43:05,12:19,M 14-19/8,M-19,75,2:43:17, 0.00%
94,Charlie Villalobos,"Rosemead, CA",128,43:18,12:23,M 45-49/13,M-46,76,58:19, 0.00%
95,Shell Green,"Corona, CA",481,43:18,12:23,F 40-44/6,F-43,19,43:19, 0.00%
96,Phillip Ambriz,"Pico Rivera, CA",135,43:18,12:23,M 35-39/14,M-37,77,58:19, 0.00%
97,John Butler,"San Bernardino, CA",607,43:33,12:27,M 40-44/8,M-44,78,1:58:36, 0.00%
98,Billie Leckey,"Redlands, CA",586,43:33,12:27,F 45-49/1,F-48,20,1:58:36, 0.00%
99,Kelly Richardson,"Corona, CA",324,43:39,12:29,F 45-49/2,F-47,21,1:43:40, 0.00%
100,Daniel Martinez,"Riverside, CA",819,43:50,12:32,M 30-34/7,M-34,79,2:13:57, 0.00%
101,Alan Lawrence,"Corona, CA",1126,43:51,12:32,M 60-69/1,M-64,80,3:13:53, 0.00%
102,Peter Perez,"Colton, CA",558,43:56,12:34,M 55-59/3,M-57,81,58:58, 0.00%
103,Mark Cantrall,"Buena Park, CA",910,43:57,12:34,M 25-29/10,M-25,82,44:02, 0.00%
104,Dallely Barrett,"Norco, CA",723,44:01,12:35,F 30-34/5,F-30,22,1:14:01, 0.00%
105,Kevin Barrett,"Norco, CA",724,44:02,12:35,M 35-39/15,M-38,83,1:14:02, 0.00%
106,Ruben Espinosa,"Corona, CA",210,44:14,12:39,M 35-39/16,M-36,84,44:21, 0.00%
107,Gregory Campana,"Corona, CA",58,44:16,12:39,M 40-44/9,M-41,85,1:14:38, 0.00%
108,Alma Reyes,"Pomona, CA",448,44:24,12:41,F 30-34/6,F-33,23,59:30, 0.00%
109,Amber Pinon,"Corona, CA",651,44:26,12:42,F 14-19/1,F-16,24,1:14:29, 0.00%
110,Juan Hernandez,"Santa Ana, CA",829,44:26,12:42,M 55-59/4,M-55,86,1:59:32, 0.00%
111,Sanjay Deshmukh,"Santa Ana, CA",1038,44:29,12:43,M 45-49/14,M-46,87,44:31, 0.00%
112,Scott Nelson,"Huntington Beach, CA",35,44:36,12:45,M 40-44/10,M-44,88,44:39, 0.00%
113,Fidel Castillo,"Riverside, CA",741,44:48,12:48,M 35-39/17,M-38,89,1:59:56, 0.00%
114,Jose Luis Linares,"Corona, CA",1306,45:00,12:52,M 35-39/18,M-35,90,2:15:10, 0.00%
115,Jarron Knoll,"Canyon, TX",1357,45:02,12:52,M 20-24/13,M-23,91,1:30:09, 0.00%
116,Maria Macias,"Corona, CA",3,45:03,12:53,F 35-39/1,F-39,25,1:45:14, 0.00%
117,Steve Bustillos,"Colton, CA",173,45:06,12:53,M 55-59/5,M-59,92,45:25, 0.00%
118,Kimtel Chhoeung,"Costa Mesa, CA",278,45:09,12:54,M 25-29/11,M-28,93,1:45:21, 0.00%
119,John Recla,"Lake Elsinore, CA",438,45:18,12:57,M 40-44/11,M-40,94,2:30:25, 0.00%
120,Bonila Pablo,"San Bernardino, CA",437,45:19,12:57,M 20-24/14,M-23,95,2:30:26, 0.00%
121,Scott Jackson,"Corona, CA",1090,45:29,13:00,M 25-29/12,M-27,96,2:00:35, 0.00%
122,Steve Koman,"Corona, CA",576,45:30,13:00,M 50-54/7,M-52,97,2:00:35, 0.00%
123,Derek Moreno,"Garden Grove, CA",659,45:30,13:00,M 40-44/12,M-44,98,2:00:35, 0.00%
124,Robert Pina,"Corona, CA",43,45:40,13:03,M 50-54/8,M-53,99,1:45:43, 0.00%
125,Juan Bedolla,"Corona, CA",325,45:50,13:06,M 14-19/9,M-16,100,1:31:00, 0.00%
126,Adam Krueger,"Corona, CA",686,46:05,13:10,M 40-44/13,M-41,101,4:01:06, 0.00%
127,Kasi Baier,"Pomona, CA",940,46:12,13:12,F 30-34/7,F-33,26,2:01:22, 0.00%
128,Joyce Ann,"Corona, CA",942,46:12,13:12,F 40-44/7,F-43,27,2:01:22, 0.00%
129,Charlie Munoz,"Upland, CA",224,46:17,13:14,M 50-54/9,M-50,102,2:01:31, 0.00%
130,Carlos Alvarez,"Chino Hills, CA",223,46:26,13:16,M 30-34/8,M-32,103,1:46:37, 0.00%
131,Nikki Minzenmayer,"Foothill Ranch, CA",775,46:40,13:20,F 14-19/2,F-16,28,2:16:50, 0.00%
132,Caitlyn Minutella,"Foothill Ranch, CA",774,46:40,13:20,F 14-19/3,F-17,29,2:16:50, 0.00%
133,Briana Loschiavo,"Corona, CA",18,46:42,13:21,F 20-24/3,F-21,30,46:53, 0.00%
134,Charles Medina,"Corona, CA",309,46:57,13:25,M 25-29/13,M-29,104,1:46:59, 0.00%
135,Rob Axton,"Chino Hills, CA",273,47:03,13:27,M 45-49/15,M-46,105,47:08, 0.00%
136,Frank Lopez,"Chino, CA",199,47:04,13:27,M 40-44/14,M-41,106,47:08, 0.00%
137,Paul Avila,"Chino Hills, CA",203,47:04,13:27,M 45-49/16,M-46,107,47:08, 0.00%
138,Darlene Lopez,"Chino, CA",200,47:04,13:27,F 40-44/8,F-41,31,47:09, 0.00%
139,Beatrice Avila,"Chino Hills, CA",202,47:05,13:27,F 45-49/3,F-46,32,47:09, 0.00%
140,Gerhard Erdelji,"Aliso Viejo, CA",423,47:10,13:29,M 45-49/17,M-49,108,2:32:18, 0.00%
141,Laura Hovis,"Corona, CA",266,47:18,13:31,F 35-39/2,F-39,33,1:47:31, 0.00%
142,Michael Coria,"Fontana, CA",1345,47:19,13:32,M 25-29/14,M-27,109,2:02:22, 0.00%
143,Christopher Gardea,"Fontana, CA",1344,47:20,13:32,M 25-29/15,M-27,110,2:02:21, 0.00%
144,Elijah Edwards,"Costa Mesa, CA",371,47:30,13:35,M 14-19/10,M-14,111,1:32:31, 0.00%
145,Megan Pinon,"Corona, CA",802,47:40,13:38,F 20-24/4,F-22,34,1:17:43, 0.00%
146,Alissa Nazar,"Corona, CA",811,47:42,13:38,F 25-29/7,F-29,35,1:47:46, 0.00%
147,Stacy Smalling,"Yucaipa, CA",870,48:07,13:45,F 35-39/3,F-36,36,2:18:13, 0.00%
148,Marykay Mahaffey,"Corona, CA",1270,48:12,13:47,F 45-49/4,F-48,37,1:03:26, 0.00%
149,Taylor Mahaffey,"Corona, CA",1271,48:12,13:47,F 20-24/5,F-20,38,1:03:26, 0.00%
150,Noemi Ontiveros,"Hemet, CA",395,48:25,13:50,F 35-39/4,F-39,39,48:28, 0.00%
151,Christopher Barr,"Corona, CA",1358,48:29,13:51,M 35-39/19,M-37,112,2:33:48, 0.00%
152,Darcy Davis,"Gilbert, AZ",124,48:40,13:55,F 35-39/5,F-37,40,1:48:46, 0.00%
153,Alexandro Landeros,"Garden Grove, CA",1087,48:50,13:58,M 25-29/16,M-28,113,2:49:07, 0.00%
154,Jocelyn Hon,"El Paso, TX",919,48:51,13:58,F 14-19/4,F-19,41,2:49:10, 0.00%
155,Estela Gonzalez,"Santa Ana, CA",90,48:52,13:58,F 20-24/6,F-20,42,3:00:41, 0.00%
156,Emmanuel Salazar,"La Verne, CA",1350,48:54,13:59,M 20-24/15,M-21,114,2:49:09, 0.00%
157,Jim Van Horn,"Corona, CA",468,48:57,13:59,M 50-54/10,M-52,115,2:04:06, 0.00%
158,Jesus Lopez,"Whittier, CA",1494,48:57,14:00,M 30-34/9,M-30,116,2:49:14, 0.00%
159,Zachary Phillips,"Corona, CA",230,48:59,14:00,M 14-19/11,M-18,117,2:04:18, 0.00%
160,Scott Davis,"Gilbert, AZ",123,49:00,14:00,M 40-44/15,M-43,118,1:49:06, 0.00%
161,Mikey Stragier,"Corona, CA",549,49:16,14:05,M 20-24/16,M-23,119,2:04:24, 0.00%
162,Steven Stragier,"Corona, CA",548,49:17,14:05,M 25-29/17,M-27,120,2:04:19, 0.00%
163,Brenda Stiff,"Bermuda Dunes, CA",785,49:35,14:10,F 45-49/5,F-47,43,2:19:45, 0.00%
164,Clint Harris,"Bermuda Dunes, CA",786,49:36,14:11,M 55-59/6,M-58,121,2:19:45, 0.00%
165,Mario Gonzalez,"Redlands, CA",1313,49:37,14:11,M 45-49/18,M-49,122,2:49:51, 0.00%
166,Steve Rich,"Corona, CA",231,49:45,14:13,M 45-49/19,M-47,123,2:05:04, 0.00%
167,Timothy Rich,"Corona, CA",229,49:45,14:13,M 14-19/12,M-15,124,2:05:04, 0.00%
168,James Murphy,"Upland, CA",1210,49:54,14:16,M 14-19/13,M-17,125,50:01, 0.00%
169,Natalie Rich,"Corona, CA",228,50:14,14:21,F 14-19/5,F-18,44,2:05:32, 0.00%
170,Chris Caron,"Upland, CA",141,50:25,14:25,M 50-54/11,M-54,126,50:36, 0.00%
171,Scott Brown,"Riverside, CA",680,50:26,14:25,M 50-54/12,M-54,127,1:35:34, 0.00%
172,Mark Showalter,"Corona, CA",648,50:45,14:30,M 55-59/7,M-58,128,1:50:45, 0.00%
173,Elizabeth Ledoux,"Corona, CA",390,50:49,14:31,F 30-34/8,F-34,45,1:35:48, 0.00%
174,Marisa Ryan,"Corona, CA",162,50:52,14:32,F 45-49/6,F-47,46,50:57, 0.00%
175,Richard Valdez,"Yorba Linda, CA",1128,50:55,14:33,M 14-19/14,M-14,129,3:51:00, 0.00%
176,Monica Ramirez,"Corona, CA",495,50:57,14:34,F 14-19/6,F-19,47,2:21:16, 0.00%
177,Jacquelyn Valdez,"Yorba Linda, CA",1127,51:01,14:35,F 30-34/9,F-33,48,3:51:06, 0.00%
178,Marco Ramirez,"Corona, CA",497,51:19,14:40,M 45-49/20,M-47,130,2:21:38, 0.00%
179,Alejandro Rios,"Riverside, CA",7,51:24,14:42,M 35-39/20,M-35,131,3:51:32, 0.00%
180,Kevin Moreno,"Riverside, CA",76,51:25,14:42,M 14-19/15,M-14,132,3:51:32, 0.00%
181,Mayra Rios,"Riverside, CA",75,51:26,14:42,F 30-34/10,F-33,49,3:51:33, 0.00%
182,Christina Lynn Gonzales,"Altadena, CA",941,51:27,14:42,F 30-34/11,F-33,50,2:06:36, 0.00%
183,Jessica Fedak,"Corona, CA",476,51:29,14:43,F 35-39/6,F-36,51,3:36:33, 0.00%
184,Ashlyn Bigelow,"Corona, CA",477,51:30,14:43,F 30-34/12,F-30,52,3:36:34, 0.00%
185,Tracy Havens,"Rsm, CA",149,51:42,14:47,F 35-39/7,F-36,53,2:53:52, 0.00%
186,Thron Havens,"Rsm, CA",150,51:42,14:47,M 35-39/21,M-38,133,2:53:52, 0.00%
187,John Do,"Long Beach, CA",109,51:45,14:48,M 30-34/10,M-33,134,51:58, 0.00%
188,Tyler Kiest,"Yucaipa, CA",847,51:48,14:48,M 20-24/17,M-20,135,2:21:55, 0.00%
189,Dana Montalvo,"Riverside, CA",23,51:49,14:49,F 35-39/8,F-38,54,3:03:51, 0.00%
190,Tom Do,"Long Beach, CA",110,51:49,14:49,M 30-34/11,M-30,136,52:02, 0.00%
191,Denise Palomares,"Long Beach, CA",1302,51:53,14:50,F 20-24/7,F-24,55,2:37:00, 0.00%
192,Kirstie Larsen,"Corona, CA",800,52:09,14:54,F 14-19/7,F-16,56,1:37:08, 0.00%
193,Tim Wyatt,"Culver City, CA",479,52:17,14:57,M 40-44/16,M-43,137,2:22:39, 0.00%
194,Cherry Jeane Belara,"Los Angeles, CA",478,52:17,14:57,F 20-24/8,F-20,57,2:22:40, 0.00%
195,Jennifer Trujillo,"Lomita, CA",1095,52:26,14:59,F 35-39/9,F-38,58,2:37:29, 0.00%
196,Krystin Lefeau,"Orange, CA",302,52:34,15:01,F 25-29/8,F-25,59,2:22:53, 0.00%
197,Kara Johnson,"Yucaipa, CA",846,52:43,15:04,F 20-24/9,F-20,60,2:22:49, 0.00%
198,Leslie Reyes,"Alhambra, CA",144,52:43,15:04,F 35-39/10,F-36,61,1:22:57, 0.00%
199,Natalie Wood,"Norco, CA",1039,52:44,15:04,F 25-29/9,F-29,62,52:46, 0.00%
200,Caryn Sabeh,"Corona, CA",1040,52:44,15:04,F 25-29/10,F-25,63,52:46, 0.00%
201,Matt Sabeh,"Norco, CA",1041,52:45,15:05,M 20-24/18,M-22,138,52:46, 0.00%
202,Catherine Lindemuth,"Winchester, CA",1370,52:52,15:07,F 20-24/10,F-20,64,4:22:54, 0.00%
203,Hanna Lindemuth,"Sherman, TX",1369,52:53,15:07,F 14-19/8,F-19,65,4:22:55, 0.00%
204,Liliana Mota,"Norco, CA",626,53:02,15:09,F 20-24/11,F-21,66,53:04, 0.00%
205,Miguel Mota,"Norco, CA",625,53:02,15:09,M 20-24/19,M-22,139,53:04, 0.00%
206,Susanne Dolmage,"Redlands, CA",1082,53:12,15:12,F 25-29/11,F-25,67,1:23:20, 0.00%
207,Kerry Bowkley,"Yucaipa, CA",841,53:14,15:13,F 50-54/2,F-51,68,2:23:20, 0.00%
208,Karri Johnson,"Yucaipa, CA",845,53:17,15:14,F 40-44/9,F-43,69,2:23:24, 0.00%
209,Erik Purschke,"Lancaster, CA",1060,53:18,15:14,M 20-24/20,M-21,140,2:08:27, 0.00%
210,Michael Huipio,"Rancho Cucamonga, CA",38,53:43,15:21,M 25-29/18,M-25,141,2:53:50, 0.00%
211,Theodore Blaga,"Corona, CA",523,53:44,15:21,M 50-54/13,M-50,142,2:08:44, 0.00%
212,Lauren Scarponi,"San Clemente, CA",593,53:56,15:25,F 20-24/12,F-24,70,2:08:59, 0.00%
213,Megan Leckey,"Redlands, CA",585,53:58,15:25,F 20-24/13,F-23,71,2:09:00, 0.00%
214,Tiffany Ebie,"Redlands, CA",820,54:06,15:28,F 30-34/13,F-30,72,2:24:41, 0.00%
215,Mark Nunes,"Long Beach, CA",421,54:06,15:28,M 30-34/12,M-31,143,54:11, 0.00%
216,Christina Roybal,"Fontana, CA",840,54:16,15:31,F 20-24/14,F-24,73,1:09:27, 0.00%
217,Debra Levalley,"Eastvale, CA",1159,54:23,15:33,F 50-54/3,F-51,74,2:59:53, 0.00%
218,Randall Levalley,"Eastvale, CA",1158,54:23,15:33,M 50-54/14,M-51,144,2:59:54, 0.00%
219,Vanessa Landeros,"Corona, CA",1180,54:24,15:33,F 20-24/15,F-20,75,1:09:27, 0.00%
220,Eugene Montanez,"Corona, CA",348,54:25,15:33,M 55-59/8,M-59,145,54:56, 0.00%
221,Dustin Hill,"Orange, CA",933,54:31,15:35,M 20-24/21,M-24,146,2:54:48, 0.00%
222,David Sickler,"Alta Loma, CA",573,54:41,15:38,M 30-34/13,M-32,147,3:54:44, 0.00%
223,Sebrina Martin,"Mira Loma, CA",572,54:42,15:38,F 35-39/11,F-35,76,3:54:45, 0.00%
224,Jeffrey Moore,"Norco, CA",168,54:48,15:40,M 40-44/17,M-41,148,1:54:51, 0.00%
225,Mark Coriz,"Riverside, CA",106,54:50,15:40,M 55-59/9,M-55,149,1:55:15, 0.00%
226,Elizabeth Landeros,"Corona, CA",1179,54:53,15:41,F 20-24/16,F-20,77,1:09:57, 0.00%
227,Maritza Alvear,"Corona, CA",1178,54:54,15:41,F 20-24/17,F-21,78,1:09:57, 0.00%
228,Oscar E Barreto,"Santa Barbara, CA",1031,55:01,15:44,M 14-19/16,M-15,150,2:55:28, 0.00%
229,Mechelle Rowell,"Sun City, CA",12,55:09,15:46,F 25-29/12,F-25,79,1:55:16, 0.00%
230,Gregory Snydal,"Victorville, CA",1001,55:10,15:46,M 35-39/22,M-38,151,1:10:13, 0.00%
231,Jason Castonguay,"Chino, CA",1003,55:10,15:46,M 35-39/23,M-38,152,1:10:14, 0.00%
232,Troy Schmidt,"Riverside, CA",999,55:11,15:46,M 30-34/14,M-33,153,3:55:15, 0.00%
233,Cory Graychik,"Corona, CA",706,55:11,15:46,M 25-29/19,M-26,154,2:40:29, 0.00%
234,Michael Graychik,"Corona, CA",704,55:12,15:47,M 50-54/15,M-50,155,2:40:29, 0.00%
235,Denver Gilpin,"Ontario, CA",211,55:15,15:47,M 14-19/17,M-18,156,1:55:32, 0.00%
236,Jenette Paul,"Riverside, CA",1007,55:16,15:48,F 20-24/18,F-23,80,3:55:21, 0.00%
237,Christopher Lowery,"Bellflower, CA",1045,55:27,15:51,M 30-34/15,M-33,157,1:10:29, 0.00%
238,Alecia Brazao,"Huntington Beach, CA",1081,55:27,15:51,F 30-34/14,F-34,81,1:10:29, 0.00%
239,Michael Hanson,"Riverside, CA",945,55:31,15:52,M 14-19/18,M-17,158,3:10:34, 0.00%
240,Alicia Baucom,"Riverside, CA",944,55:31,15:52,F 14-19/9,F-16,82,3:10:34, 0.00%
241,Heidi Wohl,"Riverside, CA",947,55:37,15:54,F 50-54/4,F-54,83,2:10:41, 0.00%
242,Daniel Palma,"Cypress, CA",904,55:37,15:54,M 25-29/20,M-29,159,2:55:58, 0.00%
243,Michelle Rice,"Jolon, CA",972,55:37,15:54,F 30-34/15,F-33,84,2:55:57, 0.00%
244,Luis Orozco,"Los Angeles, CA",833,55:43,15:56,M 40-44/18,M-40,160,2:55:56, 0.00%
245,Diane Dombroski,"Palmdale, CA",1349,55:43,15:56,F 35-39/12,F-39,85,4:25:50, 0.00%
246,Karen Ardon,"Seal Bech, CA",1377,55:43,15:56,F 30-34/16,F-33,86,2:56:03, 0.00%
247,Adrian Curiel,"Los Angeles, CA",835,55:44,15:56,M 14-19/19,M-19,161,2:55:57, 0.00%
248,Chris Lambropoulos,"Cherry Valley, CA",959,55:50,15:58,M 14-19/20,M-14,162,2:55:52, 0.00%
249,Devin Kelsey,"Corona, CA",261,55:55,15:59,M 35-39/24,M-39,163,2:56:04, 0.00%
250,Andrea Kelsey,"Corona, CA",262,55:55,15:59,F 35-39/13,F-39,87,2:56:05, 0.00%
251,Carrington Schneider,"Riverside, CA",632,56:14,16:04,F 14-19/10,F-19,88,2:11:25, 0.00%
252,Megan Hall,"Chino, CA",633,56:15,16:05,F 14-19/11,F-19,89,2:11:25, 0.00%
253,Brittney Sanchez,"Eastvale, CA",1214,56:20,16:06,F 30-34/17,F-30,90,1:26:24, 0.00%
254,Melissa Kurz,"Lake Elsinore, CA",85,56:20,16:06,F 35-39/14,F-36,91,1:26:24, 0.00%
255,Rodriguez Angeles,"Corona, CA",1190,56:30,16:09,F 20-24/19,F-22,92,2:56:41, 0.00%
256,Alejandro Ramos,"Fontana, CA",93,56:30,16:09,M 35-39/25,M-36,164,1:26:44, 0.00%
257,Brandi Sandoval,"Fontana, CA",95,56:30,16:09,F 35-39/15,F-38,93,1:26:44, 0.00%
258,Marlen Palacio,"Corona, CA",1191,56:34,16:10,F 20-24/20,F-22,94,2:56:45, 0.00%
259,John Livingston,"Culver City, CA",1329,56:56,16:16,M 30-34/16,M-30,165,3:41:59, 0.00%
260,Nari Hwangpo,"Los Angeles, CA",1317,57:00,16:17,F 25-29/13,F-29,95,3:42:03, 0.00%
261,Mary Neimeyer,"Corona, CA",899,57:24,16:24,F 30-34/18,F-31,96,1:57:25, 0.00%
262,David Carr,"Norco, CA",1295,57:29,16:26,M 45-49/21,M-48,166,2:42:35, 0.00%
263,Jake Pagano,"Corona, CA",275,57:29,16:26,M 35-39/26,M-36,167,4:27:35, 0.00%
264,Stephanie Pagano,"Corona, CA",276,57:30,16:26,F 35-39/16,F-35,97,4:27:36, 0.00%
265,Carlos Jimenez,"Garden Grove, CA",1107,57:35,16:27,M 25-29/21,M-29,168,2:57:52, 0.00%
266,Matthew Mach,"Monterey Park, CA",923,57:39,16:29,M 30-34/17,M-34,169,2:57:54, 0.00%
267,Diana Davies,"Menifee, CA",1035,57:56,16:34,F 30-34/19,F-31,98,2:13:12, 0.00%
268,Francisco Garcia,"Corona, CA",856,57:56,16:34,M 25-29/22,M-28,170,3:28:00, 0.00%
269,Nancy Covarrubias,"Corona, CA",855,57:57,16:34,F 25-29/14,F-27,99,3:28:01, 0.00%
270,Dan Paul,"Norco, CA",174,58:05,16:36,M 50-54/16,M-51,171,1:58:08, 0.00%
271,Joanne Cueva,"Yorba Linda, CA",490,58:13,16:38,F 40-44/10,F-44,100,3:28:15, 0.00%
272,Timothy Holloman,"Ontario, CA",1141,58:26,16:42,M 30-34/18,M-32,172,2:58:45, 0.00%
273,Crayne Pfluke,"Corona, CA",641,58:27,16:42,F 55-59/1,F-57,101,4:43:30, 0.00%
274,Dwayne Edmondson,"Corona, CA",642,58:27,16:42,M 50-54/17,M-52,173,4:43:30, 0.00%
275,Frogman Tommy,"Colton, CA",1166,58:59,16:51,M 45-49/22,M-47,174,4:29:00, 0.00%
276,Ismael Perez,"Corona, CA",496,59:23,16:58,M 20-24/22,M-23,175,2:14:23, 0.00%
277,Ben Newbury,"Rancho Cucamonga, CA",977,59:29,17:00,M 14-19/21,M-14,176,2:15:12, 0.00%
278,Krysten Newbury,"Rancho Cucamonga, CA",776,59:31,17:01,F 40-44/11,F-40,102,2:15:14, 0.00%
279,Kristin Brooks,"Corona, CA",96,59:36,17:02,F 40-44/12,F-40,103,1:59:51, 0.00%
280,Aaron Brooks,"Corona, CA",97,59:36,17:02,M 40-44/19,M-40,177,1:59:52, 0.00%
281,Rayceana Rocha,"La Puente, CA",317,59:41,17:03,F 25-29/15,F-29,104,1:14:53, 0.00%
282,Guadalupe Carazo,"Corona, CA",158,59:52,17:07,F 50-54/5,F-51,105,1:59:53, 0.00%
283,Madelyn White,"Rancho Cucamonga, CA",1062,59:53,17:07,F 14-19/12,F-17,106,1:00:04, 0.00%
284,Pam Murray,"Lancaster, CA",852,59:57,17:08,F 55-59/2,F-58,107,2:15:07, 0.00%
285,Mary Elizabeth Montana,"Redlands, CA",286,1:00:02,17:10,F 25-29/16,F-27,108,1:00:22, 0.00%
286,Krystal Miranda,"Anaheim, CA",843,1:00:24,17:16,F 20-24/21,F-21,109,1:00:31, 0.00%
287,Eduardo Dominguez,"Corona, CA",1308,1:00:24,17:16,M 20-24/23,M-21,178,2:30:31, 0.00%
288,Jose Miranda,"Corona, CA",690,1:00:28,17:17,M 40-44/20,M-43,179,1:00:35, 0.00%
289,Bernie Balland,"Beaumont, CA",300,1:00:33,17:18,M 30-34/19,M-34,180,1:30:35, 0.00%
290,Lydia Balland,"Beaumont, CA",299,1:00:34,17:19,F 30-34/20,F-33,110,1:30:36, 0.00%
291,Josh Moll,"Hemet, CA",1022,1:01:02,17:27,M 14-19/22,M-18,181,4:01:07, 0.00%
292,Amanda Chevalier,"Brea, CA",996,1:01:08,17:28,F 20-24/22,F-23,111,2:16:26, 0.00%
293,Maria Moreira,"Placentia, CA",997,1:01:09,17:29,F 30-34/21,F-32,112,2:16:26, 0.00%
294,Kimberly Jones,"Hemet, CA",1021,1:01:14,17:30,F 14-19/13,F-18,113,4:01:19, 0.00%
295,Erin Scalise,"Yorba Linda, CA",84,1:01:28,17:34,F 30-34/22,F-32,114,2:31:46, 0.00%
296,Richard Saylors,"Upland, CA",140,1:01:28,17:34,M 45-49/23,M-48,182,1:01:39, 0.00%
297,Sara Saylors,"Littleton, CO",963,1:01:29,17:34,F 25-29/17,F-26,115,1:01:40, 0.00%
298,Jennifer Saucedo,"Norco, CA",743,1:01:39,17:37,F 25-29/18,F-29,116,1:16:45, 0.00%
299,Rob Becker,"Mission Viejo, CA",891,1:01:39,17:37,M 45-49/24,M-45,183,1:01:47, 0.00%
300,Julie Kuhn,"Norco, CA",745,1:01:43,17:38,F 25-29/19,F-25,117,1:16:49, 0.00%
401,Jamie Bustillos,"San Bernardino, CA",142,1:09:16,19:48,F 25-29/32,F-26,179,1:24:19, 0.00%
402,R0derick Aquino,"Walnut, CA",812,1:09:18,19:48,M 25-29/26,M-26,223,1:09:22, 0.00%
403,Bayani Valledor,"Rancho Cucamonga, CA",522,1:09:19,19:49,M 50-54/23,M-53,224,1:09:22, 0.00%
404,Corazon Molina,"Corona, CA",521,1:09:20,19:49,F 60-69/1,F-60,180,1:09:24, 0.00%
405,Laura Baucom,"Riverside, CA",943,1:09:39,19:54,F 40-44/15,F-41,181,3:24:42, 0.00%
406,Tim Button,"Corona, CA",470,1:09:50,19:58,M 01-13/2,M-12,225,1:10:02, 0.00%
407,Kevin Button,"Corona, CA",148,1:09:51,19:58,M 40-44/28,M-44,226,1:10:02, 0.00%
408,Oscar Barreto,"Santa Barbara, CA",1030,1:10:10,20:03,M 40-44/29,M-44,227,3:10:36, 0.00%
409,Ricky Barreto,"Lompoc, CA",1267,1:10:12,20:04,M 14-19/25,M-15,228,3:10:39, 0.00%
410,Alvaro Carazo,"Corona, CA",159,1:10:26,20:08,M 50-54/24,M-54,229,2:10:30, 0.00%
411,Jacquelyn Seeley,"Corona, CA",68,1:10:33,20:10,F 45-49/8,F-49,182,2:10:52, 0.00%
412,Toni Young,"Norco, CA",70,1:10:34,20:10,F 55-59/3,F-56,183,2:10:51, 0.00%
413,Jack Lo,"Whittier, CA",913,1:10:39,20:11,M 30-34/28,M-32,230,3:10:56, 0.00%
414,Alex Bulaon,"Corona, CA",88,1:10:40,20:12,M 35-39/33,M-38,231,3:10:55, 0.00%
415,Jake Rich,"Corona, CA",227,1:10:58,20:17,M 20-24/27,M-20,232,2:26:19, 0.00%
416,Alan Optebeke,"Riverside, CA",50,1:11:40,20:29,M 30-34/29,M-30,233,2:42:02, 0.00%
417,Laurie Optebeke,"Jurupa Valley, CA",49,1:11:42,20:30,F 50-54/9,F-53,184,2:42:03, 0.00%
418,Miriam Adam,"Riverside, CA",727,1:11:45,20:30,F 45-49/9,F-45,185,1:57:01, 0.00%
419,Justine Coyle,"Rancho Cucamonga, CA",1091,1:12:13,20:38,F 20-24/30,F-24,186,3:12:26, 0.00%
420,Solomon Shapiro,"Corona, CA",767,1:12:36,20:45,M 50-54/25,M-52,234,2:12:37, 0.00%
421,Courtney Petsche,"Corona, CA",712,1:12:40,20:46,F 14-19/21,F-19,187,2:57:46, 0.00%
422,Blanca Gonzalez,"Santa Ana, CA",91,1:12:45,20:48,F 14-19/22,F-17,188,3:24:34, 0.00%
423,Jeff Petsche,"Corona, CA",392,1:13:06,20:53,M 45-49/28,M-48,235,2:58:11, 0.00%
424,Ruben Espinosa,"Norco, CA",914,1:13:09,20:54,M 35-39/34,M-36,236,1:13:15, 0.00%
425,Elvia Franco,"Riverside, CA",1211,1:13:22,20:58,F 50-54/10,F-54,189,2:28:51, 0.00%
426,Blanca Ashton,"Riverside, CA",1212,1:13:22,20:58,F 30-34/44,F-30,190,2:28:52, 0.00%
427,Linda Martinez,"Riverside, CA",133,1:13:37,21:02,F 35-39/25,F-35,191,2:13:50, 0.00%
428,Ariana Ramirez,"Mira Loma, CA",176,1:13:39,21:03,F 30-34/45,F-32,192,2:13:52, 0.00%
429,Tiana Kinley,"Norco, CA",130,1:13:42,21:04,F 30-34/46,F-30,193,2:13:55, 0.00%
430,Corinne Taylor,"Alta Loma, CA",918,1:14:18,21:14,F 14-19/23,F-18,194,2:14:24, 0.00%
431,Emily McIntyre,"Alta Loma, CA",898,1:14:19,21:14,F 14-19/24,F-17,195,2:14:26, 0.00%
432,Gerardo Espinosa,"Corona, CA",688,1:14:33,21:18,M 30-34/30,M-30,237,1:14:41, 0.00%
433,Dereck Wright,"Corona, CA",715,1:14:40,21:20,M 30-34/31,M-33,238,1:59:54, 0.00%
434,Christi O'Connor Fischer,"Shadow Hills, CA",239,1:14:47,21:22,F 45-49/10,F-46,196,2:57:32, 0.00%
435,Andrina Wright,"Corona, CA",714,1:14:54,21:24,F 30-34/47,F-33,197,2:00:07, 0.00%
436,Elisa Wendy Robles,"Riverside, CA",196,1:15:48,21:40,F 30-34/48,F-30,198,2:31:10, 0.00%
437,Christian Zuniga,"Riverside, CA",195,1:15:49,21:40,M 25-29/27,M-25,239,2:31:12, 0.00%
438,Gustavo Lopez,"Riverside, CA",1346,1:15:50,21:40,M 14-19/26,M-14,240,2:31:12, 0.00%
439,Stephanie Simms,"Corona, CA",675,1:16:31,21:52,F 40-44/16,F-43,199,2:34:19, 0.00%
440,James Esparza,"Corona, CA",964,1:16:31,21:52,M 45-49/29,M-45,241,2:34:21, 0.00%
441,Ashley Snyder-White,"Corona, CA",1272,1:16:33,21:53,F 25-29/33,F-27,200,2:34:21, 0.00%
442,Ted Simms,"Corona, CA",676,1:16:36,21:53,M 40-44/30,M-44,242,2:34:24, 0.00%
443,Jason Link,"Corona, CA",1028,1:16:36,21:53,M 40-44/31,M-43,243,2:34:22, 0.00%
444,Keith Mangold,"Corona, CA",1299,1:16:36,21:53,M 35-39/35,M-35,244,2:34:21, 0.00%
445,Michael Jacobson,"Syracuse, UT",1298,1:16:36,21:53,M 40-44/32,M-40,245,2:34:22, 0.00%
446,Bryan Kobus,"Norco, CA",1026,1:16:38,21:54,M 40-44/33,M-42,246,2:34:20, 0.00%
447,Michelle Castellanos,"Corona, CA",614,1:16:39,21:54,F 40-44/17,F-44,201,2:34:23, 0.00%
448,Michelle Link,"Corona, CA",1027,1:16:41,21:55,F 35-39/26,F-39,202,2:34:24, 0.00%
449,Danielle Kobus,"Norco, CA",1025,1:16:43,21:56,F 35-39/27,F-38,203,2:34:27, 0.00%
450,Jenna Tholcke,"Fontana, CA",571,1:17:13,22:04,F 25-29/34,F-26,204,2:32:37, 0.00%
451,Mark Taylor,"Ontario, CA",539,1:17:13,22:04,M 25-29/28,M-29,247,2:32:38, 0.00%
452,Kimberly Parker,"Ontario, CA",540,1:17:15,22:05,F 25-29/35,F-28,205,2:32:40, 0.00%
453,Loren Tholcke,"Fontana, CA",570,1:17:17,22:05,M 25-29/29,M-29,248,2:32:41, 0.00%
454,Erin Reagan,"Downey, CA",885,1:17:19,22:06,F 35-39/28,F-36,206,2:17:27, 0.00%
455,Jose Gomez,"Yucaipa, CA",98,1:18:32,22:27,M 30-34/32,M-32,249,2:33:47, 0.00%
456,Yvette Guillont,"Brea, CA",1012,1:19:01,22:35,F 40-44/18,F-42,207,2:34:25, 0.00%
457,Francine Mellard,"Chino, CA",1010,1:19:03,22:36,F 45-49/11,F-48,208,2:34:27, 0.00%
458,Brad Robbins,"Corona, CA",346,1:19:15,22:39,M 50-54/26,M-54,250,2:04:16, 0.00%
459,Robin Guidinger,"Riverside, CA",1131,1:19:23,22:41,F 45-49/12,F-49,209,3:32:11, 0.00%
460,Johnathan Bryan,"Indio, CA",1064,1:20:07,22:54,M 01-13/3,M-13,251,2:35:43, 0.00%
461,Yul Pickering,"Indio, CA",1147,1:20:07,22:54,M 14-19/27,M-18,252,2:35:43, 0.00%
462,Sonia Trevizo,"Corona, CA",26,1:20:08,22:54,F 55-59/4,F-58,210,1:35:12, 0.00%
463,Lisa Corton,"Indio, CA",1063,1:20:12,22:55,F 45-49/13,F-46,211,2:35:48, 0.00%
464,Maria Gonzalez,"Santa Ana, CA",92,1:20:23,22:58,F 45-49/14,F-48,212,3:32:13, 0.00%
465,Christopher Rios,"Arleta, CA",872,1:20:29,23:00,M 30-34/33,M-34,253,2:35:41, 0.00%
466,Eric Barela,"Sherman Oaks, CA",30,1:20:31,23:01,M 30-34/34,M-32,254,2:35:43, 0.00%
467,Erin Barela,"Sherman Oaks, CA",29,1:20:32,23:01,F 30-34/49,F-33,213,2:35:43, 0.00%
468,Monica Caldas,"North Hills, CA",871,1:20:33,23:01,F 25-29/36,F-28,214,2:35:46, 0.00%
469,George Loustaunau,"Coachella, CA",524,1:20:51,23:06,M 30-34/35,M-34,255,2:06:11, 0.00%
470,Seann Clifford,"Irvine, CA",311,1:20:53,23:07,M 30-34/36,M-32,256,2:21:01, 0.00%
471,Katrina Clifford,"Winchester, CA",312,1:20:53,23:07,F 30-34/50,F-34,215,2:21:02, 0.00%
472,Sarah Dietz,"Highland, CA",1006,1:21:24,23:16,F 25-29/37,F-26,216,2:51:38, 0.00%
473,Jill Goodnick,"Upland, CA",900,1:21:25,23:16,F 35-39/29,F-38,217,2:51:39, 0.00%
474,Noelle Krejci,"Norco, CA",915,1:21:28,23:17,F 45-49/15,F-45,218,2:51:42, 0.00%
475,Mary Bevans,"La Habra Heights, CA",784,1:22:18,23:31,F 40-44/19,F-41,219,2:07:38, 0.00%
476,Gina Koenen,"Corona, CA",628,1:22:19,23:32,F 40-44/20,F-42,220,2:07:39, 0.00%
477,Darrin Rothrock,"La Habra Heights, CA",880,1:22:19,23:32,M 45-49/30,M-45,257,2:07:38, 0.00%
478,Mary Collins,"La Habra Heights, CA",610,1:22:20,23:32,F 45-49/16,F-45,221,2:07:39, 0.00%
479,Angela Lewis,"Chino Hills, CA",611,1:22:20,23:32,F 50-54/11,F-53,222,2:07:40, 0.00%
480,Kathleen Meijerink,"La Habra, CA",1376,1:22:21,23:32,F 45-49/17,F-48,223,2:07:39, 0.00%
481,Roxanna Marcial,"Colton, CA",793,1:22:31,23:35,F 25-29/38,F-26,224,3:22:56, 0.00%
482,Joanna Marcial,"Colton, CA",792,1:22:49,23:40,F 20-24/31,F-23,225,3:23:13, 0.00%
483,Jose Padilla,"Alhambra, CA",532,1:23:31,23:52,M 30-34/37,M-33,258,2:53:52, 0.00%
484,Chris Romero,"Garden Grove, CA",902,1:23:37,23:54,F 45-49/18,F-45,226,3:24:15, 0.00%
485,Angelina Treece,"Palm Springs, CA",192,1:23:57,24:00,F 50-54/12,F-54,227,4:09:04, 0.00%
486,Shelby Cove,"Perris, CA",1279,1:24:03,24:01,F 45-49/19,F-45,228,4:54:07, 0.00%
487,Michael Oare,"Perris, CA",1280,1:24:04,24:01,M 55-59/11,M-55,259,4:54:08, 0.00%
488,Christina Carroll,"Corona, CA",1205,1:25:21,24:23,F 35-39/30,F-37,229,2:55:40, 0.00%
489,Debi Johnson,"Moreno Valley, CA",1371,1:25:25,24:25,F 45-49/20,F-47,230,2:40:52, 0.00%
490,Maggie Rabbitt,"Moreno Valley, CA",1372,1:25:33,24:27,F 45-49/21,F-46,231,2:40:59, 0.00%
491,Jessie Zamora,"Gig Harbor, WA",537,1:28:08,25:11,F 30-34/51,F-31,232,2:58:50, 0.00%
492,Veronica Flores,"San Bernardino, CA",538,1:28:14,25:13,F 30-34/52,F-32,233,2:58:49, 0.00%
493,Vanessa Sanchez,"Moreno Valley, CA",543,1:28:14,25:13,F 25-29/39,F-27,234,2:58:49, 0.00%
494,Lacey Dembroge,"San Bernardino, CA",534,1:28:15,25:13,F 25-29/40,F-29,235,2:58:50, 0.00%
495,Diane Trimble,"Victorville, CA",541,1:28:15,25:13,F 35-39/31,F-37,236,2:58:53, 0.00%
496,Rosheli Jackson,"Rancho Cucamonga, CA",535,1:28:16,25:13,F 25-29/41,F-28,237,2:58:50, 0.00%
497,Abril Howard,"Fontana, CA",542,1:28:22,25:15,F 35-39/32,F-37,238,2:58:58, 0.00%
498,Monique Sanchez,"Perris, CA",536,1:28:23,25:16,F 30-34/53,F-30,239,2:58:58, 0.00%
499,Abe Baxa,"Moreno Valley, CA",1070,1:31:52,26:15,M 30-34/38,M-30,260,2:51:30, 0.00%
500,Fred Baxa,"Moreno Valley, CA",1069,1:31:55,26:16,M 40-44/34,M-44,261,2:51:31, 0.00%
501,Jasmin Lizcano,"Pico Rivera, CA",1018,1:34:33,27:01,F 25-29/42,F-29,240,3:34:56, 0.00%
502,Marisol Galindo,"Pico Rivera, CA",1019,1:34:34,27:02,F 30-34/54,F-34,241,3:34:56, 0.00%
503,David Daugherty,"San Bernardino, CA",28,1:34:49,27:06,M 40-44/35,M-44,262,3:35:01, 0.00%
504,Kathleen Daugherty,"San Bernardino, CA",27,1:34:49,27:06,F 45-49/22,F-45,242,3:35:02, 0.00%
505,Melissa Tomas,"Corona, CA",280,1:37:11,27:46,F 30-34/55,F-31,243,2:56:39, 0.00%
506,Kathie Elloway,"Corona, CA",279,1:37:11,27:46,F 55-59/5,F-58,244,2:56:39, 0.00%
507,Jasmine Loustaunau,"Coachella, CA",525,1:39:44,28:30,F 14-19/25,F-14,245,2:55:14, 0.00%
508,Christina Loustaunau,"Coachella, CA",526,1:39:50,28:32,F 30-34/56,F-34,246,2:55:22, 0.00%
509,Erica Chase-Wesslen,"Indio, CA",1243,1:41:09,28:54,F 40-44/21,F-41,247,3:41:23, 0.00%
510,Diana Alaniz,"Indio, CA",1242,1:41:11,28:55,F 35-39/33,F-35,248,3:41:24, 0.00%
511,Kim Sorenson,"Corona, CA",804,1:44:17,29:48,F 55-59/6,F-57,249,3:44:49, 0.00%
512,Renee Reimer,"Riverside, CA",787,1:44:18,29:48,F 30-34/57,F-31,250,3:44:49, 0.00%
513,Denora Cessna,"Riverside, CA",780,1:44:20,29:49,F 35-39/34,F-35,251,3:44:50, 0.00%
514,Jamey Bettencourt,"Corona, CA",789,1:44:54,29:59,F 35-39/35,F-38,252,3:45:24, 0.00%
515,Jeannette Ramirez,"San Bernardino, CA",424,3:34:53,1:01:24,F 25-29/43,F-25,253,5:05:11, 0.00%
