Place,Name,Location,Bib,Net Time,Pace,Division/Place,Sex-Age,Sex-Place,Gun Time,Age Grade
1,Jeffrey King,"Los Angeles, CA",204,22:43,6:30,M 25-29/1,M-28,1,22:58, 0.00%
2,Justin Carmer,"Corona, CA",1172,23:54,6:50,M 14-19/1,M-16,2,2:08:52, 0.00%
3,Charri Sutherlin,"La Palma, CA",285,24:06,6:54,M 20-24/1,M-23,3,24:11, 0.00%
4,Erik Apodaca,"Riverside, CA",1244,24:50,7:06,M 25-29/2,M-25,4,2:22:51, 0.00%
5,Jared Retamoza,"Corona, CA",289,25:31,7:18,M 14-19/2,M-18,5,25:31, 0.00%
6,Armand Bashar,"Burbank, CA",1271,26:06,7:28,M 40-44/1,M-43,6,2:24:08, 0.00%
7,Glenn Hobson,"Corona, CA",1264,26:29,7:34,M 25-29/3,M-27,7,2:24:32, 0.00%
8,Emmanuel Vazquez,"Corona, CA",1137,26:37,7:37,M 25-29/4,M-26,8,1:26:38, 0.00%
9,Josh Husen,"Corona, CA",256,26:38,7:37,M 14-19/3,M-14,9,1:41:39, 0.00%
10,Elbert Mendoza,"Long Beach, CA",891,26:44,7:39,M 25-29/5,M-27,10,1:55:42, 0.00%
11,Jason Geary,"Tustin, CA",579,26:51,7:41,M 35-39/1,M-35,11,41:54, 0.00%
12,Marco Martinez,"Glendora, CA",1183,26:54,7:41,M 20-24/2,M-23,12,2:11:56, 0.00%
13,Marzena Jarosz,"Hacienda Heights, CA",484,26:54,7:42,F 30-34/1,F-30,1,41:54, 0.00%
14,Daniel Ruppert-Majer,"Laguna Niguel, CA",1245,27:05,7:45,M 14-19/4,M-15,13,2:25:07, 0.00%
15,Robert Ryan,"Corona, CA",1009,27:06,7:45,M 45-49/1,M-48,14,1:56:01, 0.00%
16,Horacio Gonzalez,"Riverside, CA",864,27:16,7:48,M 35-39/2,M-36,15,1:42:18, 0.00%
17,Christopher Carrillo,"Monterey Park, CA",890,27:20,7:49,M 20-24/3,M-24,16,1:56:18, 0.00%
18,Matt Mower,"Corona, CA",124,27:21,7:49,M 30-34/1,M-33,17,27:21, 0.00%
19,Hector Chavez,"Corona, CA",718,27:28,7:51,M 35-39/3,M-39,18,1:12:27, 0.00%
20,Kevin Bauder,"Riverside, CA",1252,27:29,7:51,M 30-34/2,M-32,19,2:25:33, 0.00%
21,Tony Salazar,"Corona, CA",290,27:43,7:55,M 40-44/2,M-44,20,27:48, 0.00%
22,Chance English,"Corona, CA",1162,27:44,7:56,M 14-19/5,M-15,21,2:25:47, 0.00%
23,Alfredo Martin,"Anaheim, CA",1028,27:48,7:57,M 25-29/6,M-25,22,1:56:43, 0.00%
24,Edgar Gomez,"Corona, CA",628,27:48,7:57,M 35-39/4,M-36,23,1:27:51, 0.00%
25,Joshua Serrano,"Corona, CA",997,28:03,8:01,M 30-34/3,M-33,24,28:03, 0.00%
26,Taylore Cantu,"Hemet, CA",954,28:07,8:02,F 14-19/1,F-14,2,1:57:07, 0.00%
27,Valerie Escoto,"Corona, CA",1278,28:09,8:03,F 35-39/1,F-36,3,1:28:08, 0.00%
28,Nathan Chabolla,"Corona, CA",499,28:10,8:03,M 30-34/4,M-30,25,1:13:10, 0.00%
29,Andrew King,"Corona, CA",721,28:18,8:05,M 40-44/3,M-42,26,28:19, 0.00%
30,Daniel Lopez,"Pomona, CA",1124,28:20,8:06,M 20-24/4,M-24,27,2:26:25, 0.00%
31,Phil Holst,"Redlands, CA",599,28:21,8:06,M 25-29/7,M-29,28,43:24, 0.00%
32,Guillermo Barba,"Hemet, CA",777,28:46,8:13,M 30-34/5,M-33,29,1:44:00, 0.00%
33,Brian Riley,"Wildomar, CA",562,28:52,8:15,M 25-29/8,M-28,30,1:44:01, 0.00%
34,Ryan Wartenberg,"Norco, CA",1056,28:53,8:15,M 14-19/6,M-15,31,43:55, 0.00%
35,Mike Kerr,"La Habra, CA",145,28:58,8:17,M 14-19/7,M-17,32,58:58, 0.00%
36,Andrew Thomas,"Corona, CA",808,29:00,8:18,M 14-19/8,M-19,33,2:13:59, 0.00%
37,Peter Van Zitter,"Cerritos, CA",349,29:02,8:18,M 55-59/1,M-56,34,29:02, 0.00%
38,Amanda Forsyth,"Chino, CA",829,29:08,8:20,F 14-19/2,F-19,4,1:44:10, 0.00%
39,Ron Matheison,"Golden, CO",875,29:11,8:21,M 45-49/2,M-45,35,1:44:13, 0.00%
40,Adam Acuna,"San Jacinto, CA",679,29:18,8:23,M 25-29/9,M-28,36,1:14:19, 0.00%
41,Jesus Montes,"Riverside, CA",578,29:20,8:23,M 60-69/1,M-60,37,1:14:26, 0.00%
42,John Rhee,"Los Angeles, CA",704,29:22,8:24,M 30-34/6,M-33,38,1:14:21, 0.00%
43,Jeffrey Beltran,"Corona, CA",1095,29:23,8:24,M 25-29/10,M-27,39,2:14:46, 0.00%
44,Matthew Sherman,"Corona, CA",205,29:23,8:24,M 30-34/7,M-30,40,29:25, 0.00%
45,Tim Elwell,"Menifee, CA",1134,29:27,8:25,M 40-44/4,M-43,41,44:27, 0.00%
46,Ryan Vanderweel,"Corona, CA",1288,29:27,8:25,M 25-29/11,M-25,42,29:45, 0.00%
47,Ryan Christensen,"Corona, CA",132,29:28,8:25,M 35-39/5,M-35,43,29:37, 0.00%
48,Chris Gilliatt,"Corona, CA",591,29:28,8:25,M 25-29/12,M-29,44,1:14:30, 0.00%
49,Bryan Stoneking,"Corona, CA",232,29:30,8:26,M 40-44/5,M-44,45,29:30, 0.00%
50,Brian Darnell,"Hemet, CA",850,29:30,8:26,M 30-34/8,M-32,46,1:44:34, 0.00%
51,Art Espidol,"Corona, CA",702,29:31,8:26,M 25-29/13,M-27,47,1:14:48, 0.00%
52,S Fox,"Corona, CA",458,29:36,8:28,M 45-49/3,M-46,48,44:37, 0.00%
53,Karol Jankowski,"Hacienda Heights, CA",483,29:37,8:28,M 40-44/6,M-44,49,44:36, 0.00%
54,John Kim,"Cypress, CA",699,29:43,8:30,M 20-24/5,M-24,50,59:42, 0.00%
55,Tanya Vange,"San Diego, CA",931,29:43,8:30,F 30-34/2,F-31,5,2:27:46, 0.00%
56,Priscilla Schaper,"Corona, CA",588,29:57,8:34,F 20-24/1,F-22,6,44:59, 0.00%
57,Daniel Long,"Corona, CA",820,29:58,8:34,M 20-24/6,M-24,51,1:45:17, 0.00%
58,Virgil Messer,"NORCO, CA",1298,29:58,8:34,M 14-19/9,M-18,52,1:15:07, 0.00%
59,Fabrizio Mendiola,"Riverside, CA",830,30:00,8:35,M 30-34/9,M-31,53,1:45:09, 0.00%
60,Amber Pina,"Corona, CA",570,30:02,8:35,F 25-29/1,F-27,7,1:15:00, 0.00%
61,Tim Gates,"Rancho Cucamonga, CA",359,30:06,8:36,M 25-29/14,M-27,54,30:39, 0.00%
62,Robbie Sutherlin,"La Palma, CA",276,30:07,8:37,M 14-19/10,M-18,55,30:14, 0.00%
63,Enrique Ruelas,"Corona, CA",816,30:09,8:37,M 30-34/10,M-31,56,1:45:37, 0.00%
64,Tammy Singleton,"Corona, CA",252,30:17,8:39,F 45-49/1,F-45,8,30:19, 0.00%
65,Karen Sorenson,"Riverside, CA",858,30:20,8:40,F 35-39/2,F-37,9,1:45:27, 0.00%
66,Alexander Stover,"Dana Point, CA",932,30:32,8:44,M 25-29/15,M-29,57,1:59:31, 0.00%
67,Geno Souder,"Lakewood, CA",1047,30:34,8:44,M 40-44/7,M-42,58,2:28:44, 0.00%
68,Michael Rubio,"Los Angeles, CA",193,30:34,8:44,M 25-29/16,M-28,59,1:45:43, 0.00%
69,Daniel Angel,"Corona, CA",1097,30:35,8:45,M 35-39/6,M-35,60,2:15:35, 0.00%
70,Michael Diaz,"Corona, CA",736,30:37,8:45,M 20-24/7,M-20,61,1:15:37, 0.00%
71,Kevin Diehl,"Corona, CA",360,30:41,8:46,M 25-29/17,M-27,62,30:47, 0.00%
72,Osiel Madrigal,"Orange, CA",157,30:42,8:47,M 35-39/7,M-36,63,30:42, 0.00%
73,Artur Kochanski,"Placentia, CA",481,30:44,8:47,M 30-34/11,M-30,64,45:44, 0.00%
74,Tyson Coombs,"Corona, CA",362,30:45,8:48,M 25-29/18,M-27,65,30:52, 0.00%
75,Nancy Cleveland,"Corona, CA",1161,30:47,8:48,F 50-54/1,F-52,10,2:28:52, 0.00%
76,Matt Hendrich,"Norco, CA",714,30:53,8:50,M 30-34/12,M-32,66,1:15:58, 0.00%
77,Blake Horst,"Corona, CA",1258,30:54,8:50,M 14-19/11,M-16,67,2:28:57, 0.00%
78,Ryan Backus,"Corona, CA",1055,30:58,8:51,M 14-19/12,M-19,68,2:15:57, 0.00%
79,Lesley Welch,"Corona, CA",1138,31:05,8:53,F 20-24/2,F-24,11,1:31:05, 0.00%
80,Max Reynoso,"Corona, CA",840,31:05,8:53,M 20-24/8,M-22,69,1:31:05, 0.00%
81,Andre Egli,"Sherman Oaks, CA",231,31:12,8:55,M 25-29/19,M-28,70,1:31:14, 0.00%
82,Crystal Riportella-Crose,"Los Angeles, CA",230,31:12,8:55,F 25-29/2,F-26,12,1:31:14, 0.00%
83,Allan Singler,"Corona, CA",488,31:16,8:56,M 40-44/8,M-43,71,1:31:17, 0.00%
84,Heather Garcia,"Fullerton, CA",253,31:19,8:57,F 25-29/3,F-29,13,31:22, 0.00%
85,Brian Pulido,"Orange, CA",1250,31:24,8:59,M 30-34/13,M-32,72,2:29:28, 0.00%
86,Hector Moreno,"Corona, CA",732,31:26,8:59,M 25-29/20,M-27,73,1:16:37, 0.00%
87,Philip Castillo,"Los Angeles, CA",959,31:27,9:00,M 30-34/14,M-34,74,2:00:43, 0.00%
88,James Souder IV,"Lakewood, CA",1048,31:28,9:00,M 14-19/13,M-18,75,2:29:37, 0.00%
89,Ricardo Rodriguez,"Corona, CA",958,31:30,9:00,M 40-44/9,M-42,76,31:30, 0.00%
90,Amber Willardson,"Corona, CA",399,31:32,9:01,F NoAge/1,F-0,14,31:38, 0.00%
91,Jim Phibbs,"Riverside, CA",330,31:41,9:03,M 35-39/8,M-36,77,31:41, 0.00%
92,Juan Camacho,"Corona, CA",504,31:43,9:04,M 45-49/4,M-49,78,46:47, 0.00%
93,Naomi Jenkins,"Ontario, CA",1170,31:45,9:05,F 20-24/3,F-24,15,2:16:49, 0.00%
94,Steve Lawton,"Rancho Cucamonga, CA",1222,31:46,9:05,M 55-59/2,M-55,79,2:16:50, 0.00%
95,Alberto Espinoza,"Chino, CA",142,31:47,9:05,M 30-34/15,M-34,80,31:51, 0.00%
96,Joshua Sutherlin,"La Palma, CA",286,31:47,9:05,M 20-24/9,M-23,81,31:55, 0.00%
97,Anthony Herman,"Norco, CA",460,31:48,9:06,M 25-29/21,M-28,82,31:48, 0.00%
98,Curt Novak,"Corona, CA",442,31:49,9:06,M 40-44/10,M-40,83,44:54, 0.00%
99,Nancy Zamudio,"Pomona, CA",1125,31:52,9:07,F 20-24/4,F-22,16,2:29:57, 0.00%
100,Eon Rhodius,"Fontana, CA",913,31:53,9:07,M 30-34/16,M-30,84,2:00:52, 0.00%
101,David Valverde,"Corona, CA",474,31:55,9:08,M 40-44/11,M-42,85,46:58, 0.00%
102,Bryan De La Puente,"Riverside, CA",601,31:57,9:08,M 40-44/12,M-43,86,47:04, 0.00%
103,Nicholas Soffa,"Corona, CA",1257,31:59,9:09,M 14-19/14,M-16,87,2:30:02, 0.00%
104,Jackson McGregor,"Corona, CA",779,32:02,9:09,M 14-19/15,M-14,88,1:47:12, 0.00%
105,Chad Spooner,"Oceanside, CA",355,32:04,9:10,M 35-39/9,M-35,89,32:13, 0.00%
106,Andrea Costa,"Corona, CA",354,32:05,9:10,F 30-34/3,F-31,17,32:13, 0.00%
107,Jason Rossi,"Riverside, CA",416,32:07,9:11,M 40-44/13,M-41,90,47:12, 0.00%
108,Sean Rivera,"Los Angeles, CA",195,32:09,9:12,M 25-29/22,M-25,91,1:47:18, 0.00%
109,Skip Shatford,"Corona, CA",381,32:13,9:13,M 30-34/17,M-31,92,1:02:16, 0.00%
110,Fred Chavez,"Corona, CA",1289,32:14,9:13,M 50-54/1,M-54,93,32:40, 0.00%
111,Jason Bennett,"Corona, CA",1096,32:15,9:13,M 40-44/14,M-40,94,2:17:15, 0.00%
112,Matthew Aparicio,"Hesperia, CA",367,32:15,9:13,M 25-29/23,M-29,95,1:32:19, 0.00%
113,Shell Green,"Corona, CA",371,32:16,9:14,F 40-44/1,F-40,18,32:39, 0.00%
114,Adam Gunski,"Alta Loma, CA",942,32:20,9:15,M 14-19/16,M-17,96,2:01:14, 0.00%
115,Omero Torres,"Big Bear Lake, CA",211,32:25,9:16,M 35-39/10,M-36,97,32:49, 0.00%
116,Kyle Bartol,"Chino, CA",549,32:26,9:16,M 25-29/24,M-25,98,47:26, 0.00%
117,John Davies,"Corona, CA",1058,32:26,9:16,M 14-19/17,M-19,99,1:32:26, 0.00%
118,Stefan Klain,"Van Nuys, CA",689,32:28,9:17,M 30-34/18,M-32,100,2:02:11, 0.00%
119,Andrea Stella,"Moreno Valley, CA",451,32:28,9:17,F 25-29/4,F-26,19,47:29, 0.00%
120,Leah Shatford,"Corona, CA",380,32:29,9:17,F 30-34/4,F-32,20,1:02:32, 0.00%
121,Guillermo Ortiz,"Moreno Valley, CA",1093,32:30,9:18,M 40-44/15,M-42,101,1:32:46, 0.00%
122,James Hord,"Hesperia, CA",447,32:43,9:21,M 35-39/11,M-35,102,1:33:01, 0.00%
123,Dave Thomas,"Corona, CA",792,32:46,9:22,M 45-49/5,M-47,103,1:47:46, 0.00%
124,Shawn Parsons,"Riverside, CA",1068,32:48,9:23,M 30-34/19,M-33,104,2:30:55, 0.00%
125,Daniel Rittatore,"Corona, CA",345,32:55,9:25,M 35-39/12,M-37,105,2:31:00, 0.00%
126,Jaime Rodriguez,"Fontana, CA",329,32:56,9:25,M 30-34/20,M-34,106,32:58, 0.00%
127,Erualdo Gonzalez,"Long Beach, CA",158,32:57,9:25,M 35-39/13,M-36,107,33:01, 0.00%
128,Michael Ewing,"Corona, CA",761,32:59,9:26,M 45-49/6,M-46,108,48:03, 0.00%
129,Chuck Hatfield,"Norco, CA",805,33:01,9:26,M 40-44/16,M-42,109,1:48:02, 0.00%
130,Kaleb Thompson,"Corona, CA",567,33:04,9:27,M 30-34/21,M-32,110,48:12, 0.00%
131,Austin Maddox,"Corona, CA",709,33:04,9:27,M 14-19/18,M-18,111,1:03:06, 0.00%
132,Garrett Butler,"Ontario, CA",247,33:06,9:28,M 25-29/25,M-28,112,33:11, 0.00%
133,Eric Hennings,"Anaheim, CA",1078,33:06,9:28,M 35-39/14,M-35,113,2:02:12, 0.00%
134,Derek Schaper,"Corona, CA",587,33:10,9:29,M 40-44/17,M-41,114,48:12, 0.00%
135,Michael Grabendike,"Riverside, CA",243,33:16,9:31,M 20-24/10,M-22,115,33:16, 0.00%
136,Terry Webster,"San Gabriel, CA",565,33:17,9:31,M 60-69/2,M-65,116,1:33:18, 0.00%
137,Arnold Gomez,"San Marcos, CA",629,33:18,9:31,M 25-29/26,M-27,117,1:33:20, 0.00%
138,Christopher Lyons,"Corona, CA",1280,33:19,9:31,M NoAge/1,M-0,118,1:48:28, 0.00%
139,Bill Nothvogel,"Corona, CA",457,33:23,9:33,M 35-39/15,M-39,119,48:28, 0.00%
140,Mark Rosales,"Corona, CA",845,33:25,9:33,M 20-24/11,M-21,120,2:02:21, 0.00%
141,Nallely Cerecerez,"Ontario, CA",580,33:26,9:33,F 20-24/5,F-23,21,48:26, 0.00%
142,Jaime Lopez,"Santa Ana, CA",1232,33:27,9:34,M 30-34/22,M-31,121,2:18:33, 0.00%
143,Justin Stitt,"Corona, CA",475,33:29,9:34,M 30-34/23,M-30,122,1:18:33, 0.00%
144,Holland Cantu,"Hemet, CA",735,33:30,9:35,F 01-13/1,F-12,22,2:02:22, 0.00%
145,Jairus David,"Hesperia, CA",366,33:30,9:35,M 30-34/24,M-30,123,1:33:33, 0.00%
146,Franklin Kaihewalu,"Corona, CA",1079,33:30,9:35,M 30-34/25,M-31,124,2:02:36, 0.00%
147,Cody Carmer,"Corona, CA",1173,33:33,9:36,M 14-19/19,M-14,125,2:18:32, 0.00%
148,Dominique Hinds,"Corona, CA",753,33:33,9:36,F 14-19/3,F-15,23,1:18:36, 0.00%
149,Jennifer Serrato,"Lake Elsinore, CA",948,33:35,9:36,F 30-34/5,F-33,24,2:02:31, 0.00%
150,Daniel Schlossberg,"Norco, CA",373,33:36,9:36,M 50-54/2,M-50,126,33:55, 0.00%
151,Garey Chambliss,"Corona, CA",670,33:37,9:37,M 35-39/16,M-38,127,1:33:50, 0.00%
152,Daniel McLain,"Norco, CA",454,33:38,9:37,M 35-39/17,M-38,128,33:43, 0.00%
153,Stephanie Oliveira,"Corona, CA",738,33:43,9:38,F 14-19/4,F-14,25,1:18:44, 0.00%
154,Carlos Giles,"Lake Elsinore, CA",1151,33:44,9:39,M 20-24/12,M-23,129,2:02:46, 0.00%
155,Drew Jongbloed,"El Segundo, CA",763,33:50,9:40,M 30-34/26,M-32,130,1:18:49, 0.00%
156,Jorge Saldana,"Corona, CA",710,33:51,9:41,M 35-39/18,M-37,131,1:03:52, 0.00%
157,Denee Maddox,"Corona, CA",1279,33:54,9:42,F 40-44/2,F-44,26,1:03:57, 0.00%
158,Branden Thomas,"Corona, CA",793,33:55,9:42,M 14-19/20,M-19,132,1:48:55, 0.00%
159,Elizabeth Nimke,"Corona, CA",838,33:57,9:42,F 30-34/6,F-33,27,2:03:01, 0.00%
160,Ryan Cairney,"Orange, CA",500,34:03,9:44,M 25-29/27,M-29,133,1:19:04, 0.00%
161,Bobby Vail,"Fontana, CA",502,34:04,9:44,M 30-34/27,M-30,134,1:19:03, 0.00%
162,Byron Mott,"Corona, CA",323,34:04,9:44,M 40-44/18,M-40,135,34:30, 0.00%
163,Dominick Scaccia,"Eastvale, CA",675,34:05,9:45,M 35-39/19,M-36,136,2:03:05, 0.00%
164,Olivia Aguilar,"Corona, CA",155,34:06,9:45,F 20-24/6,F-20,28,34:17, 0.00%
165,Bart Zandbergen,"Corona, CA",170,34:06,9:45,M 50-54/3,M-51,137,2:19:05, 0.00%
166,Ana Sorrilla,"Corona, CA",459,34:11,9:46,F 30-34/7,F-31,29,1:04:10, 0.00%
167,Harold Lopez,"Sylmar, CA",886,34:11,9:46,M 30-34/28,M-32,138,2:32:57, 0.00%
168,Derek Coleman,"Corona, CA",1171,34:11,9:46,M 14-19/21,M-18,139,1:04:13, 0.00%
169,Viridiana Ojeda,"Glendora, CA",1182,34:13,9:47,F 25-29/5,F-27,30,2:19:15, 0.00%
170,Daryl Walz-Jones,"Corona, CA",734,34:14,9:47,M 35-39/20,M-38,140,1:19:17, 0.00%
171,Blake Kelly,"Corona, CA",695,34:16,9:48,M 20-24/13,M-20,141,34:17, 0.00%
172,Lauren Salazar,"Corona, CA",134,34:17,9:48,F 20-24/7,F-21,31,34:19, 0.00%
173,Megan Samano,"Corona, CA",510,34:19,9:49,F 30-34/8,F-34,32,1:19:37, 0.00%
174,Tamari Lewis,"Corona, CA",417,34:20,9:49,F 20-24/8,F-21,33,34:31, 0.00%
175,Marc Ornelas,"Long Beach, CA",706,34:20,9:49,M 30-34/29,M-32,142,2:03:20, 0.00%
176,David Bustillos,"Anaheim, CA",1243,34:22,9:49,M 20-24/14,M-24,143,2:19:21, 0.00%
177,Cameron Chambliss,"Corona, CA",671,34:28,9:51,M 14-19/22,M-17,144,1:34:41, 0.00%
178,Joseph Claudio,"Corona, CA",576,34:37,9:54,M 35-39/21,M-35,145,1:19:44, 0.00%
179,Melissa Mohilla,"Barstow, CA",922,34:38,9:54,F 30-34/9,F-30,34,2:19:39, 0.00%
180,Brett Hamilton,"Chino, CA",645,34:38,9:54,M 20-24/15,M-24,146,49:37, 0.00%
181,Corinne Casey,"Lodi, CA",1159,34:38,9:54,F 20-24/9,F-21,35,2:19:37, 0.00%
182,Wesley Goodman-Levy,"Los Angeles, CA",1283,34:38,9:54,M 20-24/16,M-21,147,2:19:37, 0.00%
183,Kate Casey,"Lodi, CA",1160,34:38,9:54,F 20-24/10,F-23,36,2:19:37, 0.00%
184,Enrique Marchan,"Corona, CA",575,34:39,9:54,M 40-44/19,M-41,148,1:19:45, 0.00%
185,Lucy Lozano,"Riverside, CA",1282,34:39,9:54,F 25-29/6,F-29,37,2:32:43, 0.00%
186,Angel Rodriguez,"Corona, CA",577,34:42,9:55,M 20-24/17,M-24,149,1:19:49, 0.00%
187,Stephanie Hanenberg,"Corona, CA",1254,34:45,9:56,F 40-44/3,F-43,38,1:04:58, 0.00%
188,Jared Svendsen,"Santee, CA",1209,34:45,9:56,M 30-34/30,M-33,150,2:19:53, 0.00%
189,Kirk Reichling,"Norco, CA",271,34:48,9:57,M 25-29/28,M-26,151,34:57, 0.00%
190,Michael Hernandez,"Corona, CA",836,34:54,9:59,M 14-19/23,M-17,152,2:03:50, 0.00%
191,Willie Brown,"Moreno Valley, CA",1208,34:54,9:59,M 55-59/3,M-58,153,2:20:00, 0.00%
192,Daniel Avila,"Corona, CA",863,34:58,10:00,M 30-34/31,M-33,154,2:04:06, 0.00%
193,Mike Carda,"Corona, CA",505,35:00,10:00,M 14-19/24,M-18,155,50:03, 0.00%
194,Elaine Foytik,"Corona, CA",226,35:02,10:01,F 30-34/10,F-34,39,1:05:14, 0.00%
195,Robert Pulido,"Orange, CA",1251,35:02,10:01,M 20-24/18,M-24,156,2:33:06, 0.00%
196,Adele Vail,"Fontana, CA",503,35:02,10:01,F 25-29/7,F-28,40,1:20:04, 0.00%
197,Wieslaw Kajewski,"Costa Mesa, CA",477,35:03,10:01,M 40-44/20,M-44,157,50:02, 0.00%
198,Hugo Sandoval,"Moreno Valley, CA",1076,35:04,10:02,M 25-29/29,M-27,158,2:20:19, 0.00%
199,Jill Sutherlin,"La Palma, CA",287,35:05,10:02,F 20-24/11,F-23,41,35:12, 0.00%
200,Frank Sutherlin,"La Palma, CA",284,35:08,10:03,M 20-24/19,M-23,159,35:14, 0.00%
201,Jenny Chabolla,"Corona, CA",501,35:09,10:03,F 25-29/8,F-25,42,1:20:10, 0.00%
202,Darin Bishop,"Corona, CA",848,35:09,10:03,M 35-39/22,M-38,160,1:20:29, 0.00%
203,Tim Lowes,"Corona, CA",814,35:09,10:03,M 40-44/21,M-43,161,1:50:16, 0.00%
204,Norbert Cichocki,"Corona, CA",476,35:10,10:03,M 40-44/22,M-40,162,50:10, 0.00%
205,Ricky Molina,"Corona, CA",1238,35:15,10:05,M 25-29/30,M-29,163,2:20:12, 0.00%
206,Jennifer Brewster,"San Diego, CA",1239,35:15,10:05,F 35-39/3,F-35,43,2:20:13, 0.00%
207,Oscar Sandoval,"Moreno Valley, CA",1077,35:16,10:05,M 25-29/31,M-28,164,2:20:30, 0.00%
208,Deanna Olivas,"Los Angeles, CA",686,35:20,10:06,F 30-34/11,F-32,44,2:05:05, 0.00%
209,Shannon Tenney,"Norco, CA",281,35:20,10:06,F 25-29/9,F-26,45,35:39, 0.00%
210,German Moreno,"Corona, CA",1120,35:22,10:07,M 40-44/23,M-40,165,2:20:23, 0.00%
211,Candice Gilliatt,"Corona, CA",590,35:25,10:08,F 30-34/12,F-30,46,1:20:27, 0.00%
212,Deseray Lowes,"Corona, CA",839,35:30,10:09,F 20-24/12,F-21,47,1:50:38, 0.00%
213,Laura Wedertz,"Corona, CA",1272,35:32,10:10,F 20-24/13,F-23,48,2:20:38, 0.00%
214,Jillian Oliveira,"Corona, CA",737,35:35,10:10,F 40-44/4,F-42,49,1:20:38, 0.00%
215,Chris Baker,"Riverside, CA",364,35:38,10:11,M 50-54/4,M-51,166,1:05:41, 0.00%
216,Angela Walz-Jones,"Corona, CA",733,35:39,10:11,F 35-39/4,F-37,50,1:20:41, 0.00%
217,Angelique Bash,", ",3,35:39,10:11,F 20-24/14,F-20,51,1:05:44, 0.00%
218,Christi Lowman,"Corona, CA",1185,35:39,10:11,F 25-29/10,F-25,52,2:20:40, 0.00%
219,Bessie Solorzano,"Ontario, CA",136,35:40,10:12,F 40-44/5,F-42,53,1:35:52, 0.00%
220,Brian Lombardi,"Corona, CA",644,35:42,10:12,M 25-29/32,M-28,167,50:41, 0.00%
221,Terrance Davis,"Corona, CA",493,35:42,10:12,M 45-49/7,M-47,168,1:35:59, 0.00%
222,Mike Wollin,"Corona, CA",361,35:42,10:12,M 45-49/8,M-48,169,35:48, 0.00%
223,Phillip Strubbe,"Chino, CA",415,35:46,10:13,M 40-44/24,M-40,170,2:04:38, 0.00%
224,Scott Fitter,"Corona, CA",1186,35:47,10:14,M 20-24/20,M-22,171,2:20:58, 0.00%
225,Gregory Martinez,"Corona, CA",1277,35:47,10:14,M 25-29/33,M-28,172,1:35:47, 0.00%
226,Michael Sutherlin,"La Palma, CA",277,35:48,10:14,M 14-19/25,M-16,173,35:55, 0.00%
227,Justin Sutherlin,"La Palma, CA",127,35:55,10:16,M 20-24/21,M-23,174,36:02, 0.00%
228,Wilbert Alvarado,"Bell Gardens, CA",1085,35:57,10:17,M 20-24/22,M-22,175,2:21:08, 0.00%
229,Gregory Paiva,"Corona, CA",402,35:59,10:17,M 35-39/23,M-36,176,1:36:01, 0.00%
230,Brian Weber,"Garden Grove, CA",729,36:00,10:18,M 20-24/23,M-21,177,1:36:00, 0.00%
231,Alexander Carrillo,"Monterey Park, CA",905,36:04,10:19,M 20-24/24,M-22,178,2:05:03, 0.00%
232,Rafael Armienta,"Perris, CA",966,36:08,10:20,M 25-29/34,M-25,179,2:21:20, 0.00%
233,Brandon` Reyes,"Corona, CA",541,36:13,10:21,M 14-19/26,M-15,180,51:12, 0.00%
234,Michelle Kelly,"Corona, CA",200,36:14,10:21,F 40-44/6,F-41,54,36:24, 0.00%
235,Frank Gomez,"Corona, CA",1075,36:15,10:22,M 35-39/24,M-35,181,2:21:22, 0.00%
236,Richard Cerda,"San Bernardino, CA",178,36:16,10:22,M 20-24/25,M-24,182,51:36, 0.00%
237,Anne Waxlax,"San Diego, CA",368,36:17,10:22,F 45-49/2,F-47,55,51:22, 0.00%
238,Adrienne Bullock,"Huntington Beach, CA",936,36:18,10:23,F 20-24/15,F-20,56,1:36:19, 0.00%
239,John Oh,"Buena Park, CA",1053,36:22,10:24,M 25-29/35,M-25,183,1:06:21, 0.00%
240,Jessica Morales,"Rialto, CA",1148,36:24,10:24,F 20-24/16,F-24,57,2:05:25, 0.00%
241,Jairo Mijares,"Orange, CA",631,36:25,10:25,M 25-29/36,M-25,184,1:36:25, 0.00%
242,Megan Christensen,"Corona, CA",125,36:29,10:26,F 30-34/13,F-32,58,36:40, 0.00%
243,Aaron Weatrowski,"Corona, CA",573,36:30,10:26,M 20-24/26,M-22,185,1:21:28, 0.00%
244,April Dominguez,"Corona, CA",581,36:32,10:27,F 25-29/11,F-29,59,51:35, 0.00%
245,Dennis Ralls,"Riverside, CA",144,36:35,10:28,M 30-34/32,M-34,186,36:35, 0.00%
246,Chris Weaver,"Riverside, CA",1184,36:39,10:29,M 20-24/27,M-24,187,2:21:40, 0.00%
247,Anthony Dejulio,"Norco, CA",1276,36:42,10:30,M 45-49/9,M-47,188,37:01, 0.00%
248,John Miskell,"Riverside, CA",1118,36:44,10:30,M 45-49/10,M-45,189,2:34:53, 0.00%
249,Brad Thompson,"Garden Grove, CA",681,36:44,10:30,M 50-54/5,M-50,190,1:36:45, 0.00%
250,Tracey Hall,"Corona, CA",392,36:45,10:30,F 35-39/5,F-39,60,2:21:55, 0.00%
251,Darrell Smith,"Chino, CA",1164,36:46,10:31,M 40-44/25,M-41,191,2:05:43, 0.00%
252,Greg Skibel,"Corona, CA",1221,36:48,10:31,M 35-39/25,M-38,192,51:48, 0.00%
253,Jenna Thompson,"Garden Grove, CA",682,36:50,10:32,F 20-24/17,F-23,61,1:36:51, 0.00%
254,Daniel Holt,"Corona, CA",298,36:53,10:33,M 25-29/37,M-28,193,1:06:53, 0.00%
255,Kirsten Smith,"Norco, CA",600,36:53,10:33,F 14-19/5,F-16,62,1:22:01, 0.00%
256,Nick Cowan,"Hemet, CA",514,36:56,10:34,M 30-34/33,M-33,194,1:21:54, 0.00%
257,Jaime Camacho,"Claremont, CA",949,36:58,10:34,F 30-34/14,F-34,63,1:37:08, 0.00%
258,Robert Konopka,"Simi Valley, CA",479,36:59,10:34,M 40-44/26,M-43,195,51:58, 0.00%
259,Mark Drew,"Corona, CA",119,37:00,10:35,M 40-44/27,M-42,196,37:13, 0.00%
260,Eddie Huizar,"Bell, CA",1057,37:00,10:35,M 20-24/28,M-22,197,2:22:11, 0.00%
261,Megan Drew,"Corona, CA",118,37:00,10:35,F 14-19/6,F-14,64,37:13, 0.00%
262,Elizabeth Brown,"Norco, CA",715,37:00,10:35,F 20-24/18,F-22,65,1:22:06, 0.00%
263,Lucciano Mendiola,"Riverside, CA",1070,37:02,10:35,M 25-29/38,M-29,198,2:22:01, 0.00%
264,Kevin Button,"Corona, CA",508,37:03,10:35,M 40-44/28,M-41,199,52:01, 0.00%
265,Robert Rodriguez,"Whittier, CA",973,37:03,10:36,M 25-29/39,M-29,200,2:05:55, 0.00%
266,Rob Gurney,"Corona, CA",1249,37:08,10:37,M 40-44/29,M-41,201,1:37:06, 0.00%
267,Rafael Vazquez,"Corona, CA",1087,37:08,10:37,M 20-24/29,M-24,202,1:37:10, 0.00%
268,Jose Lopez,"Lake Elsinore, CA",1263,37:13,10:38,M 25-29/40,M-26,203,52:20, 0.00%
269,Holli Clear,"Norco, CA",1033,37:14,10:39,F 25-29/12,F-28,66,2:22:34, 0.00%
270,Ryan Brett,"Lake Elsinore, CA",331,37:14,10:39,M 35-39/26,M-36,204,1:07:18, 0.00%
271,Dave Munson,"Corona, CA",660,37:17,10:39,M 55-59/4,M-55,205,1:22:20, 0.00%
272,Jason Erwin,"Whittier, CA",978,37:17,10:40,M 35-39/27,M-37,206,2:22:35, 0.00%
273,James Ruppert,"Colton, CA",1198,37:19,10:40,M 55-59/5,M-56,207,2:35:21, 0.00%
274,Adam Ruppert,"Colton, CA",1197,37:20,10:40,M 14-19/27,M-19,208,2:35:21, 0.00%
275,Ricardo Frausto,"Corona, CA",1020,37:21,10:41,M 30-34/34,M-32,209,2:06:25, 0.00%
276,Kenneth Braswell,"Corona, CA",1190,37:25,10:42,M 45-49/11,M-46,210,2:22:29, 0.00%
277,David Holloway,"Corona, CA",498,37:27,10:42,M 35-39/28,M-36,211,52:32, 0.00%
278,Colla Visoutsri-Fujita,"Corona, CA",676,37:30,10:43,F 30-34/15,F-32,67,2:06:42, 0.00%
279,Shannon Kenney,"Murrieta, CA",179,37:33,10:44,F 40-44/7,F-41,68,1:52:39, 0.00%
280,Heidi Wilheln,"Mira Loma, CA",1037,37:33,10:44,F 20-24/19,F-22,69,2:22:53, 0.00%
281,Sanjay Deshmukh,"Anaheim, CA",201,37:33,10:44,M 40-44/30,M-43,212,37:33, 0.00%
282,Jillian Gutierrez,"Mira Loma, CA",1036,37:35,10:45,F 25-29/13,F-29,70,2:22:33, 0.00%
283,Clark Eveland Jr,"Corona, CA",512,37:37,10:45,M 14-19/28,M-16,213,1:22:58, 0.00%
284,Matthew Styles,"Corona, CA",531,37:37,10:45,M 20-24/30,M-20,214,1:22:58, 0.00%
285,Todd Goodban,"Corona, CA",293,37:37,10:45,M 40-44/31,M-41,215,38:06, 0.00%
286,Jeffrey Davis,"Lakewood, CA",397,37:44,10:47,M 45-49/12,M-47,216,53:01, 0.00%
287,Kent Wilson,"Corona, CA",385,37:44,10:47,M 45-49/13,M-47,217,37:59, 0.00%
288,Clint Herrera,"Baldwin Park, CA",141,37:45,10:48,M 25-29/41,M-26,218,37:49, 0.00%
289,Tom Lutz,"Yucaipa, CA",439,37:47,10:48,M 30-34/35,M-33,219,53:05, 0.00%
290,Devon Gleason,"Mira Loma, CA",433,37:49,10:49,M 20-24/31,M-21,220,1:37:54, 0.00%
291,Heather Brett,"Lake Elsinore, CA",332,37:49,10:49,F 30-34/16,F-34,71,1:07:52, 0.00%
292,Daniel Carbajal,"Covina, CA",1128,37:50,10:49,M 25-29/42,M-28,221,2:36:02, 0.00%
293,Katherine Yi,"Garden Grove, CA",698,37:51,10:49,F 20-24/20,F-24,72,1:07:50, 0.00%
294,Jonathan Looney,"Corona, CA",1143,37:51,10:49,M 35-39/29,M-36,222,2:22:48, 0.00%
295,Scot Miller,"Temecula, CA",146,37:54,10:50,M 45-49/14,M-47,223,37:59, 0.00%
296,Trina Pina,"Corona, CA",569,37:57,10:51,F 45-49/3,F-49,73,1:22:57, 0.00%
297,Carrera Bailey,"Corona, CA",300,38:01,10:52,F 30-34/17,F-31,74,38:29, 0.00%
298,Michelle Marshall,"Riverside, CA",466,38:04,10:53,F 35-39/6,F-35,75,53:06, 0.00%
299,Jaimie Long,"Corona, CA",819,38:04,10:53,F 20-24/21,F-23,76,1:53:23, 0.00%
300,Savannah Shelton,"Canyon Lake, CA",653,38:04,10:53,F 14-19/7,F-15,77,53:08, 0.00%
301,Dan Shelton,"Canyon Lake, CA",652,38:05,10:53,M 60-69/3,M-62,224,53:09, 0.00%
302,Wesley Simmons,"Corona, CA",1229,38:06,10:53,M 40-44/32,M-40,225,1:23:18, 0.00%
303,Cruz Van Baaren,"Corona, CA",379,38:09,10:54,M 20-24/32,M-20,226,1:08:10, 0.00%
304,Anthony Clifton,"Riverside, CA",544,38:12,10:55,M 45-49/15,M-47,227,53:25, 0.00%
305,Ana Gonzalez,"Corona, CA",817,38:13,10:56,F 25-29/14,F-29,78,1:53:33, 0.00%
306,Aracely Gateb,"Chino Hills, CA",492,38:17,10:57,F 35-39/7,F-37,79,53:39, 0.00%
307,Derek Pearcy,"Corona, CA",1211,38:18,10:57,M 35-39/30,M-35,228,38:34, 0.00%
308,Rafael Martinez,"Perris, CA",143,38:20,10:57,M 35-39/31,M-38,229,38:20, 0.00%
309,Tina Roach,"Corona, CA",1210,38:20,10:57,F 35-39/8,F-36,80,38:35, 0.00%
310,Ivan Galindo,"San Bernardino, CA",328,38:24,10:59,M 20-24/33,M-23,230,53:43, 0.00%
311,Andrew Dominguez,"Corona, CA",582,38:27,10:59,M 14-19/29,M-19,231,53:27, 0.00%
312,Allegra Kessler,"Yorba Linda, CA",946,38:27,11:00,F 20-24/22,F-22,81,38:59, 0.00%
313,Joseph Golley,"Corona, CA",407,38:27,11:00,M 40-44/33,M-42,232,38:29, 0.00%
314,Carey Eveland,"Corona, CA",513,38:28,11:00,M 14-19/30,M-14,233,1:23:49, 0.00%
315,Clark Eveland,"Corona, CA",511,38:29,11:00,M 40-44/34,M-40,234,1:23:50, 0.00%
316,Mario Jimenez,"Whittier, CA",115,38:32,11:01,M 35-39/32,M-35,235,1:08:37, 0.00%
317,Lee Martin,"Corona, CA",851,38:32,11:01,M 55-59/6,M-59,236,1:53:37, 0.00%
318,Susie Sin,"Garden Grove, CA",700,38:33,11:01,F 25-29/15,F-28,82,1:08:33, 0.00%
319,Lauren Pulver,"Norco, CA",620,38:34,11:01,F 14-19/8,F-18,83,1:23:42, 0.00%
320,Olivia Garcia,"Orange, CA",382,38:34,11:02,F 20-24/23,F-24,84,1:08:36, 0.00%
321,Charles Bartlett,"Lake Elsinore, CA",871,38:36,11:02,M 25-29/43,M-28,237,1:53:50, 0.00%
322,Rogers Mathews,"Corona, CA",411,38:37,11:02,M 35-39/33,M-38,238,38:39, 0.00%
323,Kimberly Kehr,"Corona, CA",302,38:38,11:03,F 25-29/16,F-27,85,39:02, 0.00%
324,Susann Ostrowski,"Corona, CA",506,38:39,11:03,F 40-44/8,F-41,86,38:51, 0.00%
325,Carrie Holroyd,"Chino, CA",308,38:40,11:03,F 30-34/18,F-34,87,38:40, 0.00%
326,Edward Molina,"Winnetka, CA",889,38:43,11:04,M 20-24/34,M-24,239,2:37:34, 0.00%
327,Candace O'Gara,"Corona, CA",398,38:44,11:04,F 50-54/2,F-52,88,39:01, 0.00%
328,Gabriel Martinez,"Ontario, CA",291,38:45,11:05,M 35-39/34,M-36,240,53:46, 0.00%
329,Clinton Kehr,"Corona, CA",301,38:46,11:05,M 25-29/44,M-29,241,39:11, 0.00%
330,Jeremy Melton,"Corona, CA",374,38:47,11:05,M 30-34/36,M-31,242,38:52, 0.00%
331,Rene Perez,"San Bernardino, CA",1152,38:48,11:05,M 35-39/35,M-37,243,2:23:57, 0.00%
332,David Sand,"Corona, CA",1121,38:54,11:07,M 35-39/36,M-39,244,2:37:01, 0.00%
333,Melinda Sand,"Corona, CA",1122,38:54,11:07,F 40-44/9,F-40,89,2:37:02, 0.00%
334,Jose Villanueva,"Los Angeles, CA",295,39:00,11:09,M 30-34/37,M-33,245,1:09:01, 0.00%
335,Sal Soto,"Corona, CA",536,39:01,11:09,M 40-44/35,M-40,246,1:39:08, 0.00%
336,Devan Milligan,"Corona, CA",853,39:02,11:10,M 20-24/35,M-20,247,1:54:04, 0.00%
337,Erin Fluck,"Whittier, CA",305,39:06,11:11,F 30-34/19,F-32,90,39:31, 0.00%
338,Robert Paul,"Corona, CA",306,39:06,11:11,M 35-39/37,M-38,248,39:32, 0.00%
339,Alex Jaramillo,"Corona, CA",341,39:09,11:12,M 30-34/38,M-32,249,1:39:22, 0.00%
340,Phoebe Dawson,"Los Angeles, CA",693,39:15,11:13,F 20-24/24,F-22,91,1:24:15, 0.00%
341,Jennifer Vandyk,"Corona, CA",602,39:19,11:14,F 30-34/20,F-34,92,54:27, 0.00%
342,Allison Sutherlin,"La Palma, CA",278,39:19,11:14,F 01-13/2,F-12,93,39:27, 0.00%
343,Kerry McInteer,"Lake Elsinore, CA",872,39:26,11:16,F 25-29/17,F-29,94,1:54:38, 0.00%
344,Dylan Abbott,"Corona, CA",1146,39:27,11:17,M 14-19/31,M-14,250,2:24:27, 0.00%
345,Elena Buenrostro,"Corona, CA",489,39:29,11:17,F 14-19/9,F-18,95,1:39:26, 0.00%
346,Tessie Vaughn,"Chino, CA",1246,39:30,11:17,F 35-39/9,F-39,96,2:24:35, 0.00%
347,Robert Herrera,"Riverside, CA",1061,39:32,11:18,M 35-39/38,M-35,251,40:10, 0.00%
348,Kristina Six,"Riverside, CA",337,39:34,11:19,F 25-29/18,F-29,97,54:44, 0.00%
349,Michelle Ortiz,"Claremont, CA",116,39:36,11:19,F 40-44/10,F-41,98,1:09:41, 0.00%
350,Leo Hampton,"Riverside, CA",1168,39:37,11:20,M 20-24/36,M-20,252,2:24:36, 0.00%
351,Justine Rios,"Claremont, CA",117,39:39,11:20,F 14-19/10,F-14,99,1:09:44, 0.00%
352,Gayla Jimenez,"Corona, CA",138,39:39,11:20,F 45-49/4,F-48,100,39:58, 0.00%
353,Beata Konopka,"Simi Valley, CA",480,39:41,11:21,F 40-44/11,F-42,101,54:42, 0.00%
354,Mike Smith,"Irvine, CA",543,39:41,11:21,M 25-29/45,M-27,253,1:39:47, 0.00%
355,Agnieszka Kitlas,"Placentia, CA",482,39:44,11:22,F 30-34/21,F-31,102,54:45, 0.00%
356,Jonathan Santa,"Norco, CA",471,39:44,11:22,M 25-29/46,M-28,254,1:39:51, 0.00%
357,Jackie McCray,"Corona, CA",898,39:45,11:22,F 30-34/22,F-32,103,1:25:03, 0.00%
358,Sylvia Chavez,"Corona, CA",717,39:45,11:22,F 35-39/10,F-38,104,1:24:45, 0.00%
359,John Claiborne,"Corona, CA",918,39:46,11:22,M 30-34/39,M-34,255,2:10:46, 0.00%
360,Bryan Thornbury,"Corona, CA",822,39:47,11:22,M 14-19/32,M-19,256,2:37:48, 0.00%
361,Duke Hansen,"Corona, CA",318,39:48,11:23,M 50-54/6,M-51,257,40:04, 0.00%
362,Tessa Salgado,"Corona, CA",1256,39:50,11:23,F 20-24/25,F-23,105,2:37:53, 0.00%
363,William Alexander,"Rancho Cucamonga, CA",342,39:51,11:23,M 25-29/47,M-28,258,54:53, 0.00%
364,Cinthia Ortiz,"Homeland, CA",927,39:51,11:24,F 25-29/19,F-27,106,55:03, 0.00%
365,Anthony Lechner,"Corona, CA",135,39:52,11:24,M 50-54/7,M-51,259,39:52, 0.00%
366,Chris Kane,"Corona, CA",897,39:52,11:24,M 35-39/39,M-39,260,1:25:09, 0.00%
367,Giza Lukasik,"Fullerton, CA",486,39:53,11:24,F 35-39/11,F-35,107,54:54, 0.00%
368,Joseph Avila,"Montebello, CA",1248,39:55,11:25,M 25-29/48,M-28,261,1:24:56, 0.00%
369,Monika Kajewski,"Corona, CA",478,39:57,11:25,F 35-39/12,F-35,108,54:57, 0.00%
370,Norma Edge,"Corona, CA",296,39:57,11:25,F 35-39/13,F-38,109,1:10:02, 0.00%
371,Angela Montanez,"Riverside, CA",521,39:57,11:25,F 25-29/20,F-29,110,40:02, 0.00%
372,Rafal Lukasik,"Fullerton, CA",485,39:57,11:25,M 35-39/40,M-35,262,54:56, 0.00%
373,Manuel Esparza,"Chino Hills, CA",842,40:02,11:27,M 40-44/36,M-41,263,2:08:59, 0.00%
374,Roger Iliff,"Corona, CA",352,40:02,11:27,M 30-34/40,M-33,264,55:18, 0.00%
375,Nicolas Rabbat,"Corona, CA",207,40:03,11:27,M 35-39/41,M-35,265,40:03, 0.00%
376,Phi Ho,"Hawthorne, CA",448,40:03,11:27,M 35-39/42,M-35,266,1:40:07, 0.00%
377,Lorenzo Macias,"Rancho Cucamonga, CA",615,40:03,11:27,M 25-29/49,M-25,267,55:09, 0.00%
378,Kevin Greenway,"Corona, CA",614,40:04,11:27,M 40-44/37,M-40,268,55:10, 0.00%
379,Michelle Callahan,"Corona, CA",265,40:10,11:29,F 35-39/14,F-38,111,40:24, 0.00%
380,Donald Yi,"Corona, CA",1038,40:10,11:29,M 55-59/7,M-56,269,2:25:20, 0.00%
381,Denise Bassett,"Menifee, CA",803,40:11,11:29,F 40-44/12,F-40,112,1:55:13, 0.00%
382,Shanah Tompkins,"Menifee, CA",804,40:13,11:30,F 25-29/21,F-28,113,1:55:14, 0.00%
383,Spencer Whetzel,"Corona, CA",1233,40:14,11:30,M 14-19/33,M-16,270,2:25:14, 0.00%
384,Kimberly Orifice,"Temecula, CA",720,40:21,11:32,F 40-44/13,F-44,114,1:25:26, 0.00%
385,Travis Upton,"Moreno Valley, CA",722,40:21,11:32,M 40-44/38,M-42,271,1:25:25, 0.00%
386,Elizabeth Veitch,"Redlands, CA",692,40:21,11:32,F 20-24/26,F-23,115,1:55:24, 0.00%
387,Sarah Veitch,"Riverside, CA",742,40:23,11:33,F 20-24/27,F-20,116,1:55:25, 0.00%
388,Maria Vega,"Whittier, CA",972,40:25,11:33,F 45-49/5,F-45,117,2:09:28, 0.00%
389,Aaron Lanahan,"Corona, CA",727,40:26,11:33,M 20-24/37,M-20,272,1:40:30, 0.00%
390,Estela Ibarra,"Corona, CA",797,40:27,11:34,F 14-19/11,F-14,118,2:09:19, 0.00%
391,Lisa Moe,"Corona, CA",1046,40:27,11:34,F 14-19/12,F-19,119,2:25:30, 0.00%
392,Jackie Moe,"Corona, CA",1045,40:28,11:34,F 25-29/22,F-25,120,2:25:29, 0.00%
393,Elvia Franco,"Riverside, CA",383,40:34,11:36,F 50-54/3,F-51,121,1:10:40, 0.00%
394,Richard Van Baaren,"Corona, CA",378,40:36,11:36,M 35-39/43,M-38,273,1:10:36, 0.00%
395,Sue Thomas,"Corona, CA",791,40:37,11:37,F 45-49/6,F-46,122,1:55:43, 0.00%
396,Robert Martinez,"Corona, CA",708,40:43,11:38,M 40-44/39,M-42,274,1:25:47, 0.00%
397,Aimee Gonzales,"Riverside, CA",1099,40:43,11:38,F 20-24/28,F-23,123,1:55:59, 0.00%
398,Donell Davis,"Eastvale, CA",235,40:45,11:39,M 35-39/44,M-38,275,40:50, 0.00%
399,Tony Nelson,"Santa Ana, CA",214,40:47,11:39,M 45-49/16,M-46,276,1:10:57, 0.00%
400,Horacio Guerrero,"Riverside, CA",746,40:47,11:39,M 30-34/41,M-33,277,1:55:47, 0.00%
401,Nuvia Escobar,"Santa Ana, CA",688,40:48,11:40,F 25-29/23,F-26,124,2:09:59, 0.00%
402,Marcy Brasher,"Corona, CA",656,40:51,11:41,F 35-39/15,F-36,125,1:26:00, 0.00%
403,Sarah Mansell,"Lancaster, CA",260,40:52,11:41,F 25-29/24,F-25,126,41:05, 0.00%
404,Christian Taylor,"Palmdale, CA",261,40:53,11:41,M 25-29/50,M-29,278,41:06, 0.00%
405,Lisa Swank,"Corona, CA",901,40:54,11:42,F 25-29/25,F-28,127,2:10:00, 0.00%
406,Bill Pelcastre,"Rialto, CA",785,40:55,11:42,M 14-19/34,M-19,279,1:55:59, 0.00%
407,Jacob Visoutsri,"Corona, CA",678,40:55,11:42,M 14-19/35,M-16,280,2:09:58, 0.00%
408,Ryan Weatrowski,"Corona, CA",574,40:55,11:42,M 14-19/36,M-18,281,1:10:57, 0.00%
409,Joe Riley,"Wildomar, CA",560,40:57,11:42,M 50-54/8,M-50,282,1:55:59, 0.00%
410,Jennifer Corso,"Rancho Cucamonga, CA",750,40:58,11:43,F 40-44/14,F-41,128,1:26:08, 0.00%
411,Joey Noriega,"Fontana, CA",899,40:58,11:43,M 35-39/45,M-37,283,1:26:15, 0.00%
412,Danielle Brahm,"Corona, CA",621,41:03,11:44,F 25-29/26,F-29,129,1:11:17, 0.00%
413,Tanner Maddox,"Corona, CA",849,41:04,11:44,M 14-19/37,M-15,284,1:11:05, 0.00%
414,Christopher Arensdorff,"Fontana, CA",1110,41:05,11:45,M 25-29/51,M-27,285,2:26:18, 0.00%
415,Jose Alvidrez,"Corona, CA",1212,41:08,11:45,M 25-29/52,M-26,286,2:26:20, 0.00%
416,Natasha Dang,"Irvine, CA",664,41:10,11:46,F 35-39/16,F-35,130,41:10, 0.00%
417,Vaishali Deshmukh,"Anaheim, CA",202,41:11,11:46,F 35-39/17,F-39,131,41:11, 0.00%
418,Junior Jimenez,"Eastvale, CA",128,41:17,11:48,M 25-29/53,M-26,287,2:26:29, 0.00%
419,Brian Dobrovodsky,"Corona, CA",185,41:18,11:48,M 25-29/54,M-27,288,2:39:24, 0.00%
420,Jaime Gast,"Walnut, CA",1060,41:24,11:50,F 30-34/23,F-33,132,1:26:40, 0.00%
421,Karyn Flutts,"Corona, CA",1105,41:25,11:50,F 45-49/7,F-48,133,2:26:38, 0.00%
422,Gabriela Molina,"Ontario, CA",1156,41:25,11:50,F 30-34/24,F-31,134,2:26:22, 0.00%
423,Tony Torres,"Corona, CA",1281,41:27,11:51,M NoAge/2,M-0,289,2:39:37, 0.00%
424,Brad Husen,"Corona, CA",255,41:29,11:52,M 45-49/17,M-47,290,1:41:40, 0.00%
425,Tara Tod,"Tustin, CA",1144,41:31,11:52,F 30-34/25,F-30,135,1:56:34, 0.00%
426,Adrian Ochoa,"Escondido, CA",815,41:33,11:53,M 20-24/38,M-21,291,1:56:47, 0.00%
427,Patty Guerra,"Corona, CA",935,41:33,11:53,F 35-39/18,F-36,136,1:41:40, 0.00%
428,Brent Underhill,"Westminster, CA",473,41:34,11:53,M 30-34/42,M-31,292,1:26:40, 0.00%
429,Analisa Ramirez,"Escondido, CA",857,41:37,11:54,F 20-24/29,F-20,137,1:56:50, 0.00%
430,Alfred Hernandez,"Corona, CA",977,41:37,11:54,M 25-29/55,M-28,293,2:10:37, 0.00%
431,Monica Raygoza,"Corona, CA",1019,41:41,11:55,F 30-34/26,F-30,138,2:10:43, 0.00%
432,David Flutts,"Corona, CA",1092,41:42,11:55,M 45-49/18,M-48,294,2:26:39, 0.00%
433,Christina Mestas,"Villa Park, CA",1103,41:42,11:55,F 20-24/30,F-22,139,2:26:54, 0.00%
434,Alyssa Anguiano,"Corona, CA",1054,41:44,11:56,F 20-24/31,F-20,140,2:26:43, 0.00%
435,Ernesto Gutierrez,"Eastvale, CA",167,41:45,11:56,M 25-29/56,M-26,295,2:26:57, 0.00%
436,Raudel Rivera,"Pasadena, CA",1023,41:46,11:56,M 40-44/40,M-41,296,2:10:43, 0.00%
437,Jessica Quintanilla,"Corona, CA",919,41:46,11:56,F 30-34/27,F-32,141,2:12:44, 0.00%
438,Cynthia Dunn,"Riverside, CA",651,41:46,11:56,F 35-39/19,F-38,142,57:06, 0.00%
439,Ebonee Brown,"Moreno Valley, CA",1178,41:46,11:56,F 25-29/27,F-26,143,2:26:52, 0.00%
440,Kevin Bash,", ",2,41:47,11:57,M 55-59/8,M-55,297,1:11:53, 0.00%
441,Geneen Garris,"Corona, CA",990,41:48,11:57,F 35-39/20,F-39,144,2:10:44, 0.00%
442,Martha Villarreal,"Perris, CA",1133,41:49,11:57,F 30-34/28,F-34,145,2:10:51, 0.00%
443,Rocio Nunez,"Ontario, CA",705,41:52,11:58,F 30-34/29,F-30,146,57:14, 0.00%
444,Jeffrey Stiller,"Norco, CA",604,41:53,11:58,M 50-54/9,M-54,298,1:41:50, 0.00%
445,Liam Lyons,"Fullerton, CA",801,41:56,11:59,M 14-19/38,M-14,299,1:57:06, 0.00%
446,John Salas,"Rialto, CA",788,41:56,11:59,M 40-44/41,M-42,300,1:57:03, 0.00%
447,Cynthia Lopez,"Corona, CA",1018,41:56,11:59,F 25-29/28,F-27,147,1:42:03, 0.00%
448,Toni Dejulio,"Norco, CA",1275,41:57,11:59,F 40-44/15,F-40,148,42:17, 0.00%
449,Marisa Martinez,"Corona, CA",934,41:57,11:59,F 35-39/21,F-39,149,1:42:03, 0.00%
450,Konrad Bolowich,"Rialto, CA",784,41:57,12:00,F 25-29/29,F-25,150,1:57:01, 0.00%
451,Rachel Bartlett,"Lake Elsinore, CA",870,41:58,12:00,F 25-29/30,F-26,151,1:57:10, 0.00%
452,Nicole Raab,"Anaheim, CA",1260,41:58,12:00,F 20-24/32,F-20,152,42:17, 0.00%
453,Cindy Metcalf,"Corona, CA",183,42:01,12:01,F 40-44/16,F-43,153,42:11, 0.00%
454,Melodee Kroll,"Chino Hills, CA",841,42:02,12:01,F 30-34/30,F-33,154,2:11:00, 0.00%
455,Daniel Argueta,"Manteca, CA",1219,42:02,12:01,M 14-19/39,M-17,301,2:40:13, 0.00%
456,Sascha Aguilar,"Corona, CA",428,42:03,12:01,F 14-19/13,F-15,155,57:25, 0.00%
457,Cassondra Montgomery,"Westminster, CA",472,42:03,12:01,F 25-29/31,F-28,156,1:27:08, 0.00%
458,Camryn Aguilar,"Corona, CA",429,42:04,12:02,F 14-19/14,F-14,157,57:26, 0.00%
459,Tracy Smithson,"Corona, CA",165,42:04,12:02,F 45-49/8,F-48,158,42:11, 0.00%
460,Leafi Naea,"Corona, CA",821,42:06,12:02,M 30-34/43,M-33,302,1:57:07, 0.00%
461,Kristin Brooks,"Corona, CA",112,42:19,12:06,F 35-39/22,F-37,159,1:42:30, 0.00%
462,Jeanne Magdolen,"Riverside, CA",1176,42:20,12:06,F 25-29/32,F-28,160,2:27:39, 0.00%
463,Tessa Husen,"Corona, CA",254,42:21,12:06,F 45-49/9,F-45,161,1:42:31, 0.00%
464,Minerva Gomez,"Corona, CA",743,42:22,12:07,F 30-34/31,F-33,162,1:27:35, 0.00%
465,Kelly Gates,"Long Beach, CA",661,42:23,12:07,F 25-29/33,F-29,163,57:38, 0.00%
466,Tami Hohmann,"Riverside, CA",701,42:31,12:09,F 25-29/34,F-29,164,1:27:35, 0.00%
467,Amanda Stanley,"Menifee, CA",344,42:31,12:09,F 30-34/32,F-31,165,57:43, 0.00%
468,Kelley Aranda,"Corona, CA",880,42:32,12:10,F 40-44/17,F-43,166,42:52, 0.00%
469,Mark Baker,"Santa Clarita, CA",1242,42:35,12:10,M 35-39/46,M-36,303,2:27:50, 0.00%
470,Natalie Cooper,"Fontana, CA",215,42:36,12:11,F 20-24/33,F-22,167,1:12:46, 0.00%
471,Auggie Campos,"Riverside, CA",1074,42:36,12:11,M 30-34/44,M-33,304,2:27:44, 0.00%
472,Lauren Poitras,"Corona, CA",435,42:37,12:11,F 14-19/15,F-18,168,2:11:37, 0.00%
473,Tiffany Konye,"Moreno Valley, CA",1223,42:38,12:11,F 25-29/35,F-25,169,2:27:42, 0.00%
474,Vanessa Mora,"Huntington Park, CA",962,42:38,12:11,F 20-24/34,F-23,170,2:27:48, 0.00%
475,Daniel Navarro,"Gardena, CA",1181,42:41,12:12,M 20-24/39,M-22,305,2:27:46, 0.00%
476,Amanda Potenciano,"Beaumont, CA",225,42:42,12:12,F 20-24/35,F-22,171,1:12:53, 0.00%
477,Roberta Munoz,"Riverside, CA",996,42:44,12:13,F 45-49/10,F-47,172,1:42:52, 0.00%
478,Brandon Fiely,"Corona, CA",603,42:44,12:13,M 25-29/57,M-29,306,57:59, 0.00%
479,Tj Bussarakonsirivit,"Eastvale, CA",589,42:45,12:13,M 30-34/45,M-30,307,57:59, 0.00%
480,Tony Rodriguez,"Los Angeles, CA",902,42:45,12:13,M 25-29/58,M-26,308,58:09, 0.00%
481,Aaron Brooks,"Corona, CA",113,42:53,12:16,M 35-39/47,M-37,309,1:43:03, 0.00%
482,Cheryl Doyen,"Rancho Cucamonga, CA",1174,42:54,12:16,F 50-54/4,F-50,173,2:28:00, 0.00%
483,William Marks,"Mira Loma, CA",270,42:55,12:16,M 25-29/59,M-28,310,42:55, 0.00%
484,Allen Wilridge,"Alta Loma, CA",1294,42:57,12:17,M 40-44/42,M-40,311,2:27:57, 0.00%
485,Jeanie Thomas,"Riverside, CA",184,42:57,12:17,F 40-44/18,F-44,174,2:27:58, 0.00%
486,Stacy Townsend,"Rancho Cucamonga, CA",1296,42:57,12:17,F 35-39/23,F-36,175,2:27:56, 0.00%
487,Russell Teeter,"Corona, CA",1218,42:58,12:17,M 35-39/48,M-38,312,2:41:09, 0.00%
488,John Burns,"Placentia, CA",893,43:01,12:18,M 50-54/10,M-51,313,1:43:13, 0.00%
489,Andrea Bosquez,"Corona, CA",609,43:02,12:18,F 35-39/24,F-35,176,1:28:12, 0.00%
490,Nancy Baker,"Riverside, CA",363,43:02,12:18,F 45-49/11,F-46,177,1:13:08, 0.00%
491,Anthony Weatrowski,"Corona, CA",571,43:04,12:19,M 45-49/19,M-48,314,1:28:03, 0.00%
492,Dayana Avina,"Los Angeles, CA",1180,43:04,12:19,F 20-24/36,F-23,178,2:28:09, 0.00%
493,Ashley Massie,"Mira Loma, CA",269,43:05,12:19,F 25-29/36,F-25,179,43:17, 0.00%
494,Leticia Weatrowski,"Corona, CA",572,43:05,12:19,F 40-44/19,F-43,180,1:28:04, 0.00%
495,Matthew De Hoog,"Rancho Cucamonga, CA",937,43:07,12:19,M 25-29/60,M-26,315,2:09:35, 0.00%
496,Veronica Davis,"Corona, CA",494,43:08,12:20,F 35-39/25,F-39,181,1:43:24, 0.00%
497,Deborah Skaggs,"Temecula, CA",921,43:10,12:20,F 40-44/20,F-43,182,58:33, 0.00%
498,Lisa Larios,"Corona, CA",755,43:10,12:20,F 30-34/33,F-32,183,1:13:14, 0.00%
499,Orchid Balvaneda,"Moreno Valley, CA",251,43:11,12:21,F 25-29/37,F-29,184,1:13:11, 0.00%
500,Patrick Samudio,"Corona, CA",697,43:13,12:21,M 45-49/20,M-48,316,58:31, 0.00%
501,Robyn Copa,"Tustin, CA",191,43:13,12:21,F 30-34/34,F-32,185,43:34, 0.00%
502,Carleton Copa,"Tustin, CA",190,43:13,12:21,M 30-34/46,M-32,317,43:34, 0.00%
503,Vanessa Diaz,"Chino Hills, CA",770,43:13,12:21,F 25-29/38,F-25,186,1:43:17, 0.00%
504,Penny Gregg,"Corona, CA",283,43:14,12:22,F 40-44/21,F-41,187,43:41, 0.00%
505,Jesse Marquez,"Corona, CA",760,43:14,12:22,M 30-34/47,M-32,318,1:13:19, 0.00%
506,Trena Novak,"Corona, CA",443,43:18,12:23,F 35-39/26,F-39,188,58:18, 0.00%
507,Carla Zazzara,"Rialto, CA",213,43:20,12:23,F 40-44/22,F-44,189,1:13:30, 0.00%
508,Ambrea Lenhardt,"Mentone, CA",1082,43:20,12:23,F 25-29/39,F-26,190,2:41:30, 0.00%
509,Shelly Ostling,"Corona, CA",317,43:21,12:24,F 40-44/23,F-42,191,43:48, 0.00%
510,Brian Phillips,"Corona, CA",219,43:22,12:24,M 35-39/49,M-37,319,43:50, 0.00%
511,Jordon Samson,"Corona, CA",388,43:23,12:24,M 25-29/61,M-26,320,43:36, 0.00%
512,Jennifer Norwood,"Riverside, CA",1081,43:23,12:24,F 30-34/35,F-34,192,2:41:32, 0.00%
513,Lauren Felix,"Corona, CA",844,43:23,12:24,F 20-24/37,F-21,193,2:12:20, 0.00%
514,Valaree Bassaneli,"Corona, CA",1094,43:24,12:24,F 35-39/27,F-37,194,1:43:34, 0.00%
515,Jessica Gunski,"Alta Loma, CA",940,43:27,12:25,F 20-24/38,F-23,195,2:12:22, 0.00%
516,Dave Weber,"Garden Grove, CA",728,43:28,12:25,M 55-59/9,M-56,321,1:43:30, 0.00%
517,Kayla Keifer,"Colton, CA",212,43:29,12:26,F 20-24/39,F-22,196,1:13:40, 0.00%
518,Skyler Munson,"Corona, CA",852,43:30,12:26,F 14-19/16,F-19,197,1:58:22, 0.00%
519,Jill Carey,"Anaheim, CA",971,43:30,12:26,F 25-29/40,F-26,198,2:12:33, 0.00%
520,Natahsh Wolff,"Orange, CA",745,43:34,12:27,F 20-24/40,F-22,199,1:28:44, 0.00%
521,Paul Carey,"Garden Grove, CA",970,43:37,12:28,M 50-54/11,M-53,322,2:12:39, 0.00%
522,Anthony Carrion,"San Jacinto, CA",923,43:41,12:29,M 14-19/40,M-18,323,2:12:36, 0.00%
523,Fernando Contreras Jr,"San Jacinto, CA",773,43:41,12:29,M 14-19/41,M-16,324,1:58:51, 0.00%
524,Alona Prutch,"Murrieta, CA",775,43:42,12:30,F 14-19/17,F-14,200,1:58:53, 0.00%
525,Darla Samudio,"Corona, CA",696,43:51,12:32,F 40-44/24,F-42,201,59:08, 0.00%
526,Roseanna Pasveer,"Corona, CA",465,43:57,12:34,F 01-13/3,F-11,202,58:59, 0.00%
527,Brianna Pearson,"Corona, CA",811,43:58,12:34,F 01-13/4,F-11,203,59:00, 0.00%
528,Billy Burch,"Nuevo, CA",449,44:06,12:36,M 30-34/48,M-34,325,1:44:23, 0.00%
529,Nedra Quintana,"Moreno Valley, CA",453,44:11,12:38,F 20-24/41,F-20,204,1:14:24, 0.00%
530,Mayra Lizardi,"Corona, CA",403,44:11,12:38,F 20-24/42,F-24,205,1:14:24, 0.00%
531,Bree Martinez,"Corona, CA",566,44:27,12:42,F 35-39/28,F-35,206,59:34, 0.00%
532,Leilani Vasconcelos,"Perris, CA",563,44:27,12:42,F 30-34/36,F-33,207,59:33, 0.00%
533,Alexandria Macias,"Corona, CA",1007,44:28,12:43,F 20-24/43,F-21,208,2:13:34, 0.00%
534,Cyndee Felix,"Corona, CA",1006,44:28,12:43,F 40-44/25,F-40,209,2:13:32, 0.00%
535,Kali Cottingame,"Newbury Park, CA",933,44:29,12:43,F 25-29/41,F-25,210,2:29:34, 0.00%
536,Jasmine Quintanilla,"Corona, CA",920,44:29,12:43,F 14-19/18,F-17,211,2:15:30, 0.00%
537,Christine Davis,"Corona, CA",1005,44:31,12:44,F 45-49/12,F-45,212,2:13:35, 0.00%
538,Jennifer Dexter,"Simi Valley, CA",173,44:37,12:45,F 25-29/42,F-28,213,44:54, 0.00%
539,Joseph Garnica,"Covina, CA",771,44:45,12:47,M 25-29/62,M-29,326,1:29:46, 0.00%
540,Miriam Pasveer,"Corona, CA",464,44:45,12:48,F 40-44/26,F-42,214,59:48, 0.00%
541,Julie Pearson,"Corona, CA",810,44:46,12:48,F 40-44/27,F-42,215,59:48, 0.00%
542,Lashayla Jones,"Corona, CA",862,44:48,12:48,F 20-24/44,F-24,216,1:59:53, 0.00%
543,Rebecca Shepard,"Chino, CA",806,44:52,12:50,F 55-59/1,F-55,217,1:45:07, 0.00%
544,Dientre Le'On,"Santa Ana, CA",610,44:54,12:50,F 40-44/28,F-43,218,1:29:54, 0.00%
545,James Smith,", ",1301,44:59,12:51,M 40-44/43,M-43,327,1:15:10, 0.00%
546,Fernando Contreras Sr,"San Jacinto, CA",772,45:04,12:53,M 40-44/44,M-40,328,2:00:16, 0.00%
547,Jacqueline Corrigan,"Corona, CA",174,45:05,12:53,F 30-34/37,F-32,219,1:15:16, 0.00%
548,Krista Cornelius,"Corona, CA",883,45:10,12:55,F 30-34/38,F-30,220,2:00:13, 0.00%
549,David Rodriguez,"Corona, CA",1126,45:14,12:56,M 30-34/49,M-31,329,2:30:11, 0.00%
550,Joey Kessel,", ",1303,45:14,12:56,M 20-24/40,M-22,330,1:15:25, 0.00%
551,Jeffory Wyscarver,"Corona, CA",249,45:15,12:56,M 45-49/21,M-47,331,1:15:20, 0.00%
552,Crystal Mora,"Huntington Park, CA",963,45:17,12:57,F 14-19/19,F-19,221,2:30:27, 0.00%
553,Caitlin Maavich,"Murrieta, CA",754,45:19,12:57,F 20-24/45,F-22,222,2:00:29, 0.00%
554,Ryan Piper,"Indio, CA",1194,45:22,12:58,M 20-24/41,M-22,332,2:30:31, 0.00%
555,Derek Francis,"Usaf Academy, CO",326,45:24,12:59,M 20-24/42,M-22,333,1:30:30, 0.00%
556,Marsha McNeely,"Corona, CA",552,45:31,13:01,F 35-39/29,F-38,223,1:00:35, 0.00%
557,Michael Passero,"Beaumont, CA",171,45:32,13:01,M 30-34/50,M-34,334,45:35, 0.00%
558,Hilary Van Messel,"Indio, CA",1193,45:32,13:01,F 20-24/46,F-21,224,2:30:41, 0.00%
559,Chiara Wilridge,"Alta Loma, CA",1295,45:33,13:01,F 14-19/20,F-15,225,2:30:33, 0.00%
560,Alex Faura,"La Verne, CA",1297,45:33,13:01,F 14-19/21,F-16,226,2:30:35, 0.00%
561,Andrew Barnes,"Ontario, CA",916,45:34,13:02,M 30-34/51,M-30,335,2:00:37, 0.00%
562,Ashley Gnatowsky,"Beaumont, CA",172,45:36,13:02,F 25-29/43,F-27,227,45:38, 0.00%
563,Jason Vanderweel,"Corona, CA",1287,45:38,13:03,M 30-34/52,M-30,336,45:56, 0.00%
564,Carlos Peralta,"Corona, CA",726,45:40,13:03,M 20-24/43,M-20,337,1:30:40, 0.00%
565,Ed Dennis,"Corona, CA",546,45:42,13:04,M 35-39/50,M-37,338,1:00:44, 0.00%
566,Nichole Dennis,"Corona, CA",545,45:42,13:04,F 35-39/30,F-35,228,1:00:45, 0.00%
567,David Posin,"Corona, CA",343,45:43,13:04,M 35-39/51,M-36,339,1:00:47, 0.00%
568,Hilda Favela,"Huntington Park, CA",965,45:43,13:04,F 20-24/47,F-23,229,2:30:53, 0.00%
569,Tim Bassin,"Norco, CA",1139,45:47,13:05,M 40-44/45,M-41,340,2:31:03, 0.00%
570,Janis Vanderweel,"Corona, CA",1286,45:47,13:05,F 30-34/39,F-30,230,46:12, 0.00%
571,Marcos Ledesma,"Covina, CA",982,45:47,13:05,M 25-29/63,M-27,341,2:43:57, 0.00%
572,Marcia Felix,"Corona, CA",843,45:50,13:06,F 45-49/13,F-47,231,2:14:48, 0.00%
573,Maryann Bass,"Corona, CA",220,45:51,13:06,F 55-59/2,F-56,232,46:04, 0.00%
574,Carlos Morales,"Whittier, CA",423,45:52,13:07,M 30-34/53,M-33,342,1:45:57, 0.00%
575,Lacey Molina,"Riverside, CA",1224,45:52,13:07,F 20-24/48,F-24,233,2:30:56, 0.00%
576,Anna Gonzales,"Corona, CA",725,45:56,13:08,F 14-19/22,F-19,234,1:30:56, 0.00%
577,Jacob Cornelius,"Corona, CA",882,45:57,13:08,M 25-29/64,M-25,343,2:01:00, 0.00%
578,Jenna Faulkner,"Lake Elsinore, CA",646,45:58,13:08,F 20-24/49,F-22,235,1:01:07, 0.00%
579,Kaysha Kenney,"Murrieta, CA",180,45:59,13:09,F 14-19/23,F-16,236,2:01:05, 0.00%
580,Melissa Garcia,"Riverside, CA",795,45:59,13:09,F 20-24/50,F-21,237,2:01:04, 0.00%
581,Emilio Flores,"Bell Gardens, CA",960,46:02,13:10,M 20-24/44,M-23,344,2:31:13, 0.00%
582,Jason Sparks,"Riverside, CA",1116,46:04,13:10,M 35-39/52,M-38,345,2:44:11, 0.00%
583,Mike Tavis,"Banning, CA",424,46:06,13:11,M 25-29/65,M-28,346,1:01:21, 0.00%
584,Sheyla Aguilera,"Downey, CA",869,46:07,13:11,F 35-39/31,F-35,238,1:46:10, 0.00%
585,Allison Rozzana,"Corona, CA",684,46:11,13:12,F 20-24/51,F-24,239,1:01:19, 0.00%
586,Jennifer Andrews,"Corona, CA",166,46:12,13:12,F 35-39/32,F-37,240,46:18, 0.00%
587,Tami Dashiell,"Corona, CA",529,46:13,13:13,F 35-39/33,F-38,241,1:01:21, 0.00%
588,Sarah Rollins,"Oceanside, CA",1141,46:14,13:13,F 25-29/44,F-27,242,2:31:33, 0.00%
589,Brad Rollins,"Oceanside, CA",1140,46:14,13:13,M 25-29/66,M-29,347,2:31:33, 0.00%
590,Melissa Wilson,"Corona, CA",384,46:19,13:14,F 40-44/29,F-41,243,46:30, 0.00%
591,Tina Meacham,"Corona, CA",955,46:22,13:15,F 35-39/34,F-36,244,46:26, 0.00%
592,Elaine Rascon,"Corona, CA",327,46:23,13:15,F 20-24/52,F-21,245,1:31:28, 0.00%
593,Clinton Arial-Ryan,"Yucaipa, CA",422,46:26,13:16,M 25-29/67,M-28,348,1:01:43, 0.00%
594,Brooke Lacey,"Menifee, CA",156,46:27,13:17,F 30-34/40,F-30,246,1:01:33, 0.00%
595,Kimberly Saliba,"Corona, CA",199,46:28,13:17,F 30-34/41,F-34,247,46:40, 0.00%
596,Erick Arial,"Yucaipa, CA",444,46:29,13:17,M 30-34/54,M-30,349,1:01:48, 0.00%
597,Kevan Kelley,"Redlands, CA",445,46:33,13:18,M 25-29/68,M-27,350,1:01:49, 0.00%
598,Lorena Zapalac,"Corona, CA",881,46:35,13:19,F 35-39/35,F-36,248,1:31:45, 0.00%
599,Joseph Felix,"Corona, CA",859,46:39,13:20,M 45-49/22,M-49,351,2:15:36, 0.00%
600,Jacklyn Saldana,"Corona, CA",908,46:40,13:20,F 30-34/42,F-30,249,2:44:47, 0.00%
601,Frank Perez,"Corona, CA",909,46:41,13:21,M 25-29/69,M-29,352,2:44:46, 0.00%
602,Tony Munoz,"Santa Ana, CA",987,46:41,13:21,M 35-39/53,M-36,353,2:15:48, 0.00%
603,Christine Maroney,"Ladera Ranch, CA",497,46:42,13:21,F 25-29/45,F-25,250,1:46:52, 0.00%
604,Alex Carrera,"Corona, CA",147,46:43,13:21,F 30-34/43,F-31,251,1:16:49, 0.00%
605,Gail Jones,"Corona, CA",860,46:43,13:21,F 45-49/14,F-46,252,46:53, 0.00%
606,Lauren Kirk,"Corona, CA",168,46:46,13:22,F 25-29/46,F-27,253,47:03, 0.00%
607,Lorie Carroll,"Corona, CA",469,46:48,13:23,F 20-24/53,F-23,254,1:46:58, 0.00%
608,Jill Hassler,"Corona, CA",518,46:49,13:23,F 40-44/30,F-44,255,1:02:08, 0.00%
609,Nancy Avalos,"Corona, CA",137,46:49,13:23,F 45-49/15,F-48,256,46:59, 0.00%
610,Anthony Diaz,"Corona, CA",953,46:51,13:24,M 35-39/54,M-39,354,2:16:06, 0.00%
611,Debbie Harper,"Yorba Linda, CA",975,46:52,13:24,F 35-39/36,F-36,257,2:16:08, 0.00%
612,Kelly Angle,"Ontario, CA",216,46:54,13:24,F 25-29/47,F-26,258,1:17:04, 0.00%
613,Denise Arnold,"Riverside, CA",294,46:57,13:25,F 40-44/31,F-44,259,47:23, 0.00%
614,Jose Garcia,"Corona, CA",169,46:58,13:26,M 25-29/70,M-26,355,47:15, 0.00%
615,Jennifer Hitchman,"Corona, CA",687,46:59,13:26,F 35-39/37,F-39,260,2:02:14, 0.00%
616,Charlene Maclaughlin,"Corona, CA",130,46:59,13:26,F 50-54/5,F-54,261,47:12, 0.00%
617,Natalie Goodban,"Corona, CA",333,47:01,13:26,F 40-44/32,F-41,262,47:29, 0.00%
618,David Harper,"Yorba Linda, CA",976,47:02,13:27,M 35-39/55,M-36,356,2:16:15, 0.00%
619,Vanessa Ruiz,"Chino, CA",288,47:03,13:27,F 35-39/38,F-36,263,1:17:04, 0.00%
620,Robert Beahm,"Corona, CA",668,47:04,13:27,M 20-24/45,M-23,357,1:32:15, 0.00%
621,Aaron Scott,"Corona, CA",764,47:04,13:27,M 30-34/55,M-33,358,1:17:10, 0.00%
622,Darlene Montanez,"Corona, CA",519,47:05,13:28,F 30-34/44,F-31,264,1:02:24, 0.00%
623,Andrew Webb,"Perris, CA",748,47:09,13:29,M 01-13/1,M-13,359,1:32:06, 0.00%
624,Jose Guzman,"Pomona, CA",1179,47:09,13:29,M 20-24/46,M-23,360,2:45:13, 0.00%
625,Cindy Tran,"Irwindale, CA",1043,47:09,13:29,F 35-39/39,F-36,265,2:02:26, 0.00%
626,Paulette Shryock,"Corona, CA",649,47:13,13:30,F 50-54/6,F-52,266,1:02:28, 0.00%
627,Abel Munoz,"Santa Ana, CA",986,47:14,13:30,M 20-24/47,M-23,361,2:16:18, 0.00%
628,Garrison Wright,"Corona, CA",209,47:16,13:31,M 14-19/42,M-18,362,1:17:23, 0.00%
629,Kim Forey,"Tustin, CA",981,47:16,13:31,F 40-44/33,F-40,267,2:02:30, 0.00%
630,Daryl Garriga,"Corona, CA",968,47:16,13:31,M 35-39/56,M-37,363,2:16:29, 0.00%
631,Ed Delao,"Perris, CA",1123,47:17,13:31,M 25-29/71,M-26,364,2:16:19, 0.00%
632,Sean Prak,"Pico Rivera, CA",223,47:19,13:31,M 30-34/56,M-30,365,2:02:35, 0.00%
633,Khorn Leng,"Pico Rivera, CA",224,47:22,13:32,M 30-34/57,M-32,366,2:02:38, 0.00%
634,Debra Maselow,"Corona, CA",139,47:23,13:33,F 35-39/40,F-39,268,47:42, 0.00%
635,Gerrit German,"Corona, CA",387,47:23,13:33,M 30-34/58,M-30,367,47:54, 0.00%
636,Krista Boice,"Corona, CA",667,47:24,13:33,F 14-19/24,F-19,269,1:32:36, 0.00%
637,Laura Pfister,"Norco, CA",969,47:28,13:34,F 25-29/48,F-29,270,2:16:41, 0.00%
638,Phirom Muon,"Irwindale, CA",1041,47:29,13:34,M 30-34/59,M-32,368,2:02:47, 0.00%
639,Daniel Hernandez,"Corona, CA",1191,47:30,13:35,M 25-29/72,M-27,369,2:32:48, 0.00%
640,Linda Hernandez,"Corona, CA",1192,47:30,13:35,F 25-29/49,F-25,271,2:32:48, 0.00%
641,Tony Nguyen,"Irwindale, CA",1044,47:33,13:35,M 20-24/48,M-24,370,2:02:50, 0.00%
642,Paul Tran,"Irwindale, CA",1042,47:33,13:36,M 25-29/73,M-25,371,2:02:51, 0.00%
643,Andrea Diaz,"Corona, CA",952,47:33,13:36,F 35-39/41,F-37,272,2:16:48, 0.00%
644,Ivette Menjivar,"Van Nuys, CA",888,47:37,13:37,F 25-29/50,F-25,273,2:46:24, 0.00%
645,Rachel Lopez,"Corona, CA",490,47:38,13:37,F 14-19/25,F-18,274,1:47:40, 0.00%
646,Charles Gonzalez,"San Bernardino, CA",177,47:38,13:37,M 30-34/60,M-32,372,1:02:59, 0.00%
647,Ashley Beyler,"Corona, CA",912,47:41,13:38,F 25-29/51,F-28,275,1:32:51, 0.00%
648,Ruth Hernandez,"San Clemente, CA",1145,47:41,13:38,F 40-44/34,F-41,276,1:02:56, 0.00%
649,Manuel Mendez,"Arleta, CA",887,47:42,13:38,M 30-34/61,M-32,373,2:46:29, 0.00%
650,Eva Mozqueda,"Mira Loma, CA",133,47:43,13:38,F 50-54/7,F-52,277,1:47:55, 0.00%
651,Jackson Wright,"Corona, CA",210,47:45,13:39,M 20-24/49,M-21,374,1:17:51, 0.00%
652,Kevin Wright,"Corona, CA",208,47:46,13:39,M 45-49/23,M-47,375,1:17:51, 0.00%
653,Jerry Aguilar,"Corona, CA",985,47:46,13:39,M 30-34/62,M-33,376,2:16:49, 0.00%
654,Anne Arlie,"Altadena, CA",662,47:49,13:40,F 30-34/45,F-31,278,1:32:52, 0.00%
655,Jean-Paul Arlie,"Altadena, CA",663,47:50,13:40,M 40-44/46,M-40,377,1:32:52, 0.00%
656,Suki Sikand,"Anaheim, CA",203,47:50,13:40,F 40-44/35,F-40,279,47:59, 0.00%
657,Stuart Cowie,"Monrovia, CA",627,47:50,13:40,M 30-34/63,M-31,378,1:32:52, 0.00%
658,Allan Monteleone,"Rialto, CA",786,47:50,13:40,M 40-44/47,M-41,379,2:02:57, 0.00%
659,Colleen Turkal,"Monrovia, CA",626,47:50,13:40,F 25-29/52,F-28,280,1:32:52, 0.00%
660,Lupe Aguilar,"Corona, CA",984,47:50,13:40,F 30-34/46,F-34,281,2:16:59, 0.00%
661,Jeanne Edwards,"Corona, CA",650,47:51,13:41,F 45-49/16,F-47,282,1:03:05, 0.00%
662,Elizabeth German,"Riverside, CA",365,47:52,13:41,F 25-29/53,F-28,283,48:23, 0.00%
663,Courtney Davis,"Lakewood, CA",401,47:53,13:41,F 20-24/54,F-23,284,1:03:12, 0.00%
664,Lisette Lanuza,"Corona, CA",925,47:54,13:42,F 30-34/47,F-33,285,2:17:01, 0.00%
665,Lindsay Rogoff,"Corona, CA",386,47:54,13:42,F 25-29/54,F-28,286,48:25, 0.00%
666,Marisa Rivas,"Redlands, CA",1269,47:56,13:42,F 30-34/48,F-30,287,2:46:01, 0.00%
667,Angela Del Valle,"Corona, CA",140,47:57,13:42,F 30-34/49,F-34,288,48:16, 0.00%
668,Colleen Davis,"Lakewood, CA",400,47:58,13:43,F 45-49/17,F-47,289,1:03:17, 0.00%
669,Evita Tapia,"Corona, CA",1062,48:00,13:43,F 25-29/55,F-26,290,2:03:17, 0.00%
670,Mona Fierro,"Corona, CA",1109,48:02,13:44,F 45-49/18,F-45,291,1:18:08, 0.00%
671,Karen Collins,"Corona, CA",538,48:05,13:45,F 35-39/42,F-38,292,1:03:08, 0.00%
672,Marisa Ryan,"Corona, CA",1008,48:07,13:45,F 40-44/36,F-44,293,2:17:02, 0.00%
673,Liz Nicks,"Riverside, CA",1268,48:11,13:46,F 30-34/50,F-31,294,2:46:15, 0.00%
674,Robert Montanez,"Riverside, CA",522,48:13,13:47,M 25-29/74,M-29,380,48:18, 0.00%
675,John Le,"Cypress, CA",884,48:14,13:47,M 25-29/75,M-28,381,48:48, 0.00%
676,Cesar Armenta,"Long Beach, CA",175,48:15,13:48,M 30-34/64,M-34,382,1:03:36, 0.00%
677,Scott Bernal,"Rialto, CA",790,48:18,13:48,M 25-29/76,M-25,383,2:03:24, 0.00%
678,Eugene Montanez,"Corona, CA",533,48:19,13:49,M 55-59/10,M-55,384,48:24, 0.00%
679,Maria Carmichael,"West Covina, CA",1216,48:19,13:49,F 40-44/37,F-41,295,2:03:35, 0.00%
680,Dylan Aguilar,"Corona, CA",430,48:26,13:51,F 14-19/26,F-14,296,1:03:47, 0.00%
681,Javier Aguilar,"Corona, CA",427,48:27,13:51,M 40-44/48,M-40,385,1:03:49, 0.00%
682,Manuel Gonzalez,"Corona, CA",1063,48:31,13:52,M 30-34/65,M-30,386,2:03:48, 0.00%
683,Denise Middleton,"Corona, CA",683,48:37,13:54,F 45-49/19,F-46,297,1:48:45, 0.00%
684,Tony Loughery,"Menifee, CA",154,48:38,13:54,M 35-39/57,M-35,387,1:03:42, 0.00%
685,Tracy Pierik,"Corona, CA",980,48:38,13:54,F 45-49/20,F-48,298,1:48:46, 0.00%
686,Annalyssa Carmichael,"West Covina, CA",1217,48:41,13:55,F 20-24/55,F-21,299,2:03:57, 0.00%
687,Tina Posey,"Corona, CA",186,48:48,13:57,F 40-44/38,F-44,300,49:00, 0.00%
688,Lindsey Ward,"Lake Elsinore, CA",642,48:53,13:58,F 20-24/56,F-21,301,1:48:57, 0.00%
689,Michelle Nellesen,"Corona, CA",766,48:55,13:59,F 35-39/43,F-38,302,1:19:03, 0.00%
690,Mark Ortiz,"Corona, CA",218,48:58,14:00,M 35-39/58,M-36,388,49:26, 0.00%
691,Joseph Peter Nellesen,"Corona, CA",767,48:59,14:00,M 40-44/49,M-42,389,1:19:07, 0.00%
692,Jo Ann Torres,"Rialto, CA",781,48:59,14:00,F 40-44/39,F-41,303,2:04:03, 0.00%
693,Jennifer Glicker,"Corona, CA",487,49:01,14:01,F 35-39/44,F-39,304,1:04:07, 0.00%
694,Erika Lara,"Anaheim, CA",1237,49:01,14:01,F 30-34/51,F-30,305,1:34:16, 0.00%
695,Antonieta Arrellanes,"Orange, CA",1003,49:04,14:02,F 30-34/52,F-34,306,2:34:06, 0.00%
696,Alejandro Ramirez,"Los Angeles, CA",1129,49:05,14:02,M 25-29/77,M-25,390,1:04:29, 0.00%
697,Eric Michael Rodriguez,"Palmdale, CA",991,49:05,14:02,M 14-19/43,M-16,391,1:04:29, 0.00%
698,Gail Durham,"Corona, CA",181,49:05,14:02,F 40-44/40,F-44,307,49:18, 0.00%
699,Edward Esquivel,"Corona, CA",1235,49:12,14:04,M 25-29/78,M-26,392,1:34:23, 0.00%
700,Nick Ward,"Lake Elsinore, CA",643,49:15,14:05,M 14-19/44,M-19,393,1:49:19, 0.00%
701,Sharon Quigley,"Temecula, CA",719,49:15,14:05,F 40-44/41,F-44,308,1:34:20, 0.00%
702,Jose Gonzalez,"Corona, CA",672,49:17,14:05,M 35-39/59,M-35,394,2:18:09, 0.00%
703,Patrick Ward,"Lake Elsinore, CA",641,49:19,14:06,M 55-59/11,M-55,395,1:49:23, 0.00%
704,Vera Ferenc,"Lake Elsinore, CA",640,49:20,14:06,F 40-44/42,F-42,309,1:49:26, 0.00%
705,Missy Morrison,"Perris, CA",446,49:22,14:07,F 40-44/43,F-40,310,1:49:38, 0.00%
706,Lesley Lukens,"Corona, CA",187,49:22,14:07,F 40-44/44,F-40,311,49:36, 0.00%
707,Yolanda Gutierrez,"Rancho Cucamonga, CA",222,49:26,14:08,F 25-29/56,F-29,312,1:49:45, 0.00%
708,Melissa Brokaw,"Yucaipa, CA",340,49:27,14:08,F 25-29/57,F-29,313,1:04:38, 0.00%
709,Anthony Chhim,"Huntington Beach, CA",391,49:28,14:08,M 30-34/66,M-33,396,1:19:29, 0.00%
710,Art Garcia,"Whittier, CA",1261,49:30,14:09,M 25-29/79,M-27,397,1:49:47, 0.00%
711,Michelle Gonzales,"Rancho Cucamonga, CA",1013,49:31,14:09,F 30-34/53,F-32,314,2:18:29, 0.00%
712,Jamie Ortiz,"Corona, CA",217,49:31,14:09,F 35-39/45,F-36,315,50:00, 0.00%
713,Alejandro Gonzalez,"Corona, CA",673,49:33,14:10,M 25-29/80,M-29,398,2:18:25, 0.00%
714,Deborah Davies,"Corona, CA",1059,49:34,14:10,F 45-49/21,F-49,316,1:34:36, 0.00%
715,Amy Fox,"Corona, CA",412,49:36,14:11,F 20-24/57,F-21,317,1:04:50, 0.00%
716,Alexia Perez,"Corona, CA",1292,49:37,14:11,F 14-19/27,F-17,318,50:01, 0.00%
717,Ashlee Fox,"Corona, CA",410,49:37,14:11,F 14-19/28,F-19,319,1:04:51, 0.00%
718,Daniel Vaichus,"Riverside, CA",988,49:38,14:11,M 25-29/81,M-26,399,1:04:53, 0.00%
719,Eddie Salce,"Santa Ana, CA",1234,49:40,14:12,M 30-34/67,M-34,400,1:34:53, 0.00%
720,Michelle Hetzler,"Corona, CA",196,49:40,14:12,F 40-44/45,F-41,320,49:53, 0.00%
721,Steve Seguancia,"Corona, CA",703,49:41,14:12,M 40-44/50,M-41,401,1:35:02, 0.00%
722,Robert Sanchez,"Santa Ana, CA",1236,49:42,14:12,M 30-34/68,M-30,402,1:34:57, 0.00%
723,Robert Pedroza,"Yorba Linda, CA",313,49:43,14:13,M 25-29/82,M-27,403,1:19:59, 0.00%
724,Darin Rich,"Rancho Santa Margarita, CA",896,49:46,14:14,M 30-34/69,M-34,404,2:20:47, 0.00%
725,Tonya Santana,"Corona, CA",434,49:52,14:15,F 20-24/58,F-24,321,1:34:57, 0.00%
726,Alejandro Ortiz,"Winnetka, CA",885,49:57,14:17,M 25-29/83,M-25,405,2:48:43, 0.00%
727,Amanda Medrano,"Chatsworth, CA",1206,49:57,14:17,F 20-24/59,F-22,322,2:48:43, 0.00%
728,Jody Golley,"Corona, CA",406,49:57,14:17,F 40-44/46,F-42,323,50:01, 0.00%
729,Santos Rico  Jr,"Corona, CA",389,49:57,14:17,M 60-69/4,M-63,406,1:19:59, 0.00%
730,Bertha Ulloa,"Orange, CA",1001,50:03,14:18,F 30-34/54,F-33,324,2:35:05, 0.00%
731,Gil Molina,"Ontario, CA",1157,50:03,14:18,M 30-34/70,M-31,407,2:35:11, 0.00%
732,Alma Mendoza,"Orange, CA",1002,50:04,14:19,F 20-24/60,F-23,325,2:35:05, 0.00%
733,Rachel Slevkov,"La Habra Heights, CA",1034,50:04,14:19,F 20-24/61,F-24,326,2:48:06, 0.00%
734,Luis Angel Mendoza,"Orange, CA",1052,50:05,14:19,M 14-19/45,M-14,408,2:35:05, 0.00%
735,Claudia Salazar,"Palmdale, CA",491,50:05,14:19,F 30-34/55,F-31,327,1:05:03, 0.00%
736,Iris Carlos,"Orange, CA",1004,50:05,14:19,F 30-34/56,F-31,328,2:35:06, 0.00%
737,Kim Edwards,"Corona, CA",637,50:05,14:19,F 30-34/57,F-32,329,1:05:16, 0.00%
738,Theresa Catanese,"Corona, CA",452,50:06,14:19,F 14-19/29,F-19,330,2:20:57, 0.00%
739,Jose Flores,"Corona, CA",528,50:07,14:19,M 20-24/50,M-21,409,2:20:58, 0.00%
740,Nataly Anguiano,"Irvine, CA",419,50:07,14:20,F 20-24/62,F-21,331,50:19, 0.00%
741,Edward Young,"Costa Mesa, CA",926,50:07,14:20,M 30-34/71,M-31,410,2:19:14, 0.00%
742,Jorge Mariscal,"Corona, CA",311,50:08,14:20,M 25-29/84,M-26,411,1:20:22, 0.00%
743,Joanne Olenick,"Corona, CA",1072,50:08,14:20,F 40-44/47,F-42,332,1:05:18, 0.00%
744,Carlos Mariscal,"Corona, CA",309,50:08,14:20,M 25-29/85,M-28,412,1:20:23, 0.00%
745,Andrea Holland,"Corona, CA",527,50:09,14:20,F 25-29/58,F-25,333,1:05:19, 0.00%
746,Shanel Inigo,"Huntington Beach, CA",312,50:09,14:20,F 25-29/59,F-26,334,1:20:23, 0.00%
747,Amber Lukes,"Corona, CA",1069,50:10,14:20,F 25-29/60,F-28,335,2:48:17, 0.00%
748,Michelle Murphy,"Corona, CA",310,50:11,14:21,F 25-29/61,F-25,336,1:20:27, 0.00%
749,Alea Miehls,"Yorba Linda, CA",315,50:11,14:21,F 20-24/63,F-24,337,1:20:27, 0.00%
750,Miriam Long,"Corona, CA",758,50:12,14:21,F 40-44/48,F-44,338,1:50:26, 0.00%
751,Keith Long,"Corona, CA",759,50:13,14:21,M 40-44/51,M-44,413,1:50:26, 0.00%
752,Michelle Jewett,"Corona, CA",1201,50:13,14:21,F 35-39/46,F-37,339,1:50:28, 0.00%
753,Kristine Bowlin,"San Dimas, CA",1285,50:13,14:21,F 25-29/62,F-27,340,2:48:19, 0.00%
754,Michelle Garcia,"Corona, CA",861,50:15,14:22,F 30-34/58,F-31,341,1:35:34, 0.00%
755,Mindy Kneepkens,"Corona, CA",537,50:17,14:22,F 40-44/49,F-42,342,1:05:34, 0.00%
756,Jana Johnston,"Corona, CA",583,50:19,14:23,F 40-44/50,F-42,343,1:05:37, 0.00%
757,Izabella Ciesiul,"Corona, CA",162,50:23,14:24,F 45-49/22,F-47,344,50:32, 0.00%
758,Ashley Lamb,"Lake Elsinore, CA",802,50:26,14:25,F 20-24/64,F-22,345,1:05:39, 0.00%
759,Denny White,"Norco, CA",723,50:29,14:26,M 55-59/12,M-58,414,2:19:44, 0.00%
760,Sarah Schuller,"Corona, CA",507,50:30,14:26,F 14-19/30,F-18,346,2:19:29, 0.00%
761,Jorge Zambrano,"Los Angeles, CA",957,50:31,14:26,M 30-34/72,M-33,415,2:19:45, 0.00%
762,Jenn White,"Corona, CA",613,50:34,14:27,F 25-29/63,F-25,347,2:19:47, 0.00%
763,Alyssa Stephenson,"Corona, CA",807,50:35,14:28,F 20-24/65,F-21,348,1:05:48, 0.00%
764,Chris Lewis,"Corona, CA",855,50:37,14:28,M 25-29/86,M-26,416,2:35:37, 0.00%
765,Tom German,"Corona, CA",907,50:37,14:28,M 60-69/5,M-60,417,2:05:49, 0.00%
766,Jae German,"Corona, CA",906,50:37,14:28,F 55-59/3,F-59,349,2:05:48, 0.00%
767,Lisa Pinkard,"Santa Ana, CA",707,50:40,14:29,F 40-44/51,F-42,350,2:19:43, 0.00%
768,Chrystel Clesceri,"Anaheim, CA",799,50:45,14:30,F 25-29/64,F-28,351,2:05:58, 0.00%
769,Rosie Mendez,"Corona, CA",677,50:45,14:30,F 20-24/66,F-21,352,1:35:51, 0.00%
770,Henry Castillo,"Rialto, CA",876,50:45,14:30,M 25-29/87,M-28,418,2:05:54, 0.00%
771,Jasmine Castillo,"Rialto, CA",878,50:47,14:31,F 20-24/67,F-21,353,2:05:56, 0.00%
772,Mike Fitzsimmons,"Norco, CA",674,50:53,14:33,M 25-29/88,M-28,419,2:19:45, 0.00%
773,Michael Contreras,"San Jacinto, CA",778,50:54,14:33,M 01-13/2,M-12,420,2:06:06, 0.00%
774,Gabriela Ramirez,"Santa Fe Springs, CA",865,50:56,14:33,F 25-29/65,F-26,354,2:20:12, 0.00%
775,Jenyffer Soto,"Norco, CA",540,50:58,14:34,F 30-34/59,F-33,355,1:51:03, 0.00%
776,Hue Trinh,"Garden Grove, CA",149,50:58,14:34,F 30-34/60,F-30,356,1:50:58, 0.00%
777,Jeffery Patch,"Norco, CA",272,51:08,14:37,M 25-29/89,M-29,421,51:19, 0.00%
778,Nora Gonzalez,"Riverside, CA",542,51:08,14:37,F 30-34/61,F-33,357,1:51:15, 0.00%
779,Christine Lance,"Whittier, CA",943,51:08,14:37,F 40-44/52,F-43,358,1:21:24, 0.00%
780,Gerald Dehart,"Monrovia, CA",740,51:09,14:37,M 40-44/52,M-42,422,1:51:26, 0.00%
781,Stephanie Zambrano,"Los Angeles, CA",1253,51:10,14:38,F 25-29/66,F-26,359,2:20:27, 0.00%
782,Kim Riley,"Wildomar, CA",561,51:11,14:38,F 25-29/67,F-27,360,2:06:21, 0.00%
783,Summer Glenn,"Corona, CA",539,51:11,14:38,F 25-29/68,F-26,361,1:51:15, 0.00%
784,Sean Lorentz,"Sun City, CA",1025,51:12,14:38,M 25-29/90,M-26,423,2:20:16, 0.00%
785,Patrick Mason,"Corona, CA",1031,51:13,14:38,M 25-29/91,M-26,424,2:20:17, 0.00%
786,Joanne Kessler,"Aliso Viejo, CA",944,51:20,14:40,F 55-59/4,F-56,362,51:52, 0.00%
787,Emily Eshom,"Carlsbad, CA",426,51:21,14:41,F 14-19/31,F-19,363,1:06:23, 0.00%
788,Kristen Eshom,"Corona, CA",425,51:22,14:41,F 20-24/68,F-21,364,1:06:24, 0.00%
789,Aaron Hake,"Corona, CA",268,51:24,14:41,M 25-29/92,M-27,425,51:39, 0.00%
790,Maria Avilez,"San Jacinto, CA",776,51:26,14:42,F 30-34/62,F-32,365,2:06:38, 0.00%
791,Corrin Swanson,"Riverside, CA",1024,51:26,14:42,F 20-24/69,F-21,366,2:20:30, 0.00%
792,McKenna Munson,"Corona, CA",818,51:28,14:43,F 20-24/70,F-21,367,2:06:31, 0.00%
793,Jennifer Kopnick,"Corona, CA",297,51:28,14:43,F 35-39/47,F-36,368,1:21:43, 0.00%
794,Laura Kane,"Corona, CA",229,51:29,14:43,F 35-39/48,F-35,369,1:21:43, 0.00%
795,Dinnelle Jacoson,"Corona, CA",639,51:29,14:43,F 40-44/53,F-43,370,1:36:26, 0.00%
796,Christopher Ramirez,"Los Angeles, CA",939,51:31,14:44,M 14-19/46,M-14,426,2:20:23, 0.00%
797,Mallory Kessler,"Yorba Linda, CA",945,51:32,14:44,F 20-24/71,F-24,371,52:04, 0.00%
798,Adriana Magda,"Lake Elsinore, CA",1026,51:33,14:44,F 30-34/63,F-31,372,2:20:25, 0.00%
799,Lauralynn Hake,"Corona, CA",267,51:35,14:45,F 25-29/69,F-26,373,51:48, 0.00%
800,Jennifer Dyreyes,"Brea, CA",414,51:36,14:45,F 35-39/49,F-36,374,1:21:51, 0.00%
801,Key Ta,"Garden Grove, CA",150,51:38,14:45,M 35-39/60,M-35,427,1:51:38, 0.00%
802,Sovanndy Mar,"Riverside, CA",335,51:40,14:46,F 25-29/70,F-29,375,1:21:54, 0.00%
803,Lily Lagrass,"Corona, CA",227,51:40,14:46,F 35-39/50,F-38,376,1:21:54, 0.00%
804,Elizabeth Ascencio,"Daly City, CA",390,51:41,14:46,F 50-54/8,F-50,377,1:51:53, 0.00%
805,Lisa Webb,"Corona, CA",273,51:44,14:47,F 25-29/71,F-28,378,51:55, 0.00%
806,Patricia Frase,"Corona, CA",1240,51:45,14:47,F 30-34/64,F-31,379,2:36:53, 0.00%
807,Christina Drob,"Temecula, CA",1241,51:45,14:48,F 30-34/65,F-32,380,2:36:53, 0.00%
808,Matthew Lagrass,"Corona, CA",228,51:49,14:49,M 30-34/73,M-34,428,1:22:05, 0.00%
809,Jonathan Dyreyes,"Brea, CA",413,51:50,14:49,M 35-39/61,M-35,429,1:22:03, 0.00%
810,Oscar Del Villar,"Corona, CA",396,51:51,14:49,M 25-29/93,M-28,430,52:10, 0.00%
811,Cindy Schlossberg,"Norco, CA",372,51:52,14:50,F 25-29/72,F-27,381,52:12, 0.00%
812,Cher Rowbotham,"Corona, CA",654,52:01,14:52,F 35-39/51,F-39,382,1:07:24, 0.00%
813,George Meza,"Corona, CA",110,52:01,14:52,M 45-49/24,M-46,431,52:05, 0.00%
814,Bambi Finlay,"Corona, CA",418,52:04,14:53,F 25-29/73,F-25,383,52:17, 0.00%
815,Stephanie Llamas,"Colton, CA",129,52:07,14:54,F 20-24/72,F-22,384,52:29, 0.00%
816,Kelly Plewe,"Corona, CA",515,52:08,14:54,F 30-34/66,F-34,385,1:07:32, 0.00%
817,Christian Zuniga,"Riverside, CA",1202,52:08,14:54,M 20-24/51,M-22,432,2:21:17, 0.00%
818,Kelly Ralph,"Corona, CA",377,52:09,14:54,F 25-29/74,F-26,386,52:12, 0.00%
819,Diana Eberle,"Corona, CA",655,52:09,14:54,F 25-29/75,F-26,387,1:07:33, 0.00%
820,Ruben Mangiaterra,"Downey, CA",1230,52:10,14:55,M 45-49/25,M-46,433,2:37:31, 0.00%
821,Mauricio Estrada,"Corona, CA",376,52:10,14:55,M 35-39/62,M-37,434,52:14, 0.00%
822,Elizabeth Barros,"Garden Grove, CA",1011,52:21,14:58,F 20-24/73,F-22,388,2:21:26, 0.00%
823,Triniti Tran,"Long Beach, CA",438,52:25,14:59,F 25-29/76,F-25,389,2:07:31, 0.00%
824,Blanca Gonzalez,"Fontana, CA",336,52:26,14:59,F 30-34/67,F-31,390,1:52:28, 0.00%
825,Roxana Enriquez,"Anaheim, CA",1213,52:28,15:00,F 25-29/77,F-25,391,2:21:37, 0.00%
826,Cassidy Medina,"Corona, CA",658,52:32,15:01,F 14-19/32,F-15,392,1:07:52, 0.00%
827,Jocelyn Ramirez,"Riverside, CA",1090,52:33,15:01,F 20-24/74,F-22,393,2:37:38, 0.00%
828,Sara Casey,"Riverside, CA",1107,52:33,15:01,F 20-24/75,F-22,394,2:37:38, 0.00%
829,Hoa Trinh,"Garden Grove, CA",152,52:34,15:02,F 25-29/78,F-25,395,1:52:35, 0.00%
830,Leo Cervantes,"Anaheim, CA",1195,52:34,15:02,M 25-29/94,M-26,435,2:21:44, 0.00%
831,Heather Sewell,"Norco, CA",1050,52:38,15:03,F 25-29/79,F-26,396,1:52:54, 0.00%
832,Michelle Fuhr,"Norco, CA",1049,52:39,15:03,F 20-24/76,F-24,397,1:52:55, 0.00%
833,Julie Boon,"Corona, CA",1106,52:39,15:03,F 35-39/52,F-36,398,1:52:46, 0.00%
834,Leigh Haefner,"Redlands, CA",1108,52:41,15:03,F 35-39/53,F-36,399,1:52:48, 0.00%
835,Ken Venier,"Corona, CA",556,52:51,15:06,M 40-44/53,M-41,436,1:37:51, 0.00%
836,Bangone Chanthanivong,"Anaheim, CA",1255,52:53,15:07,F 30-34/68,F-31,400,2:22:04, 0.00%
837,Lisa Deleo,"Corona, CA",929,52:56,15:08,F 45-49/23,F-46,401,1:53:03, 0.00%
838,Martina Hills,"Garden Grove, CA",1100,52:56,15:08,F 25-29/80,F-26,402,2:22:01, 0.00%
839,Gerard Ngo,"Long Beach, CA",314,52:57,15:08,M 30-34/74,M-32,437,1:08:18, 0.00%
840,Nataline Tom,"Hermosa Beach, CA",307,52:58,15:08,F 25-29/81,F-26,403,1:08:19, 0.00%
841,Ana Velazquez,"Riverside, CA",961,52:59,15:09,F 25-29/82,F-29,404,1:53:05, 0.00%
842,Cheryl Brady,"Garden Grove, CA",1010,53:00,15:09,F 45-49/24,F-45,405,2:22:04, 0.00%
843,Brianna Garcia,"Corona, CA",623,53:02,15:09,F 14-19/33,F-15,406,1:08:22, 0.00%
844,Josh Hocknell,"Corona, CA",1166,53:02,15:10,M 14-19/47,M-17,438,2:58:34, 0.00%
845,Jason Hodges,"San Clemente, CA",102,53:06,15:11,M 35-39/63,M-38,439,53:36, 0.00%
846,Stefani Hodges,"San Clemente, CA",103,53:06,15:11,F 35-39/54,F-38,407,53:36, 0.00%
847,Peter Vazquez,"Corona, CA",993,53:07,15:11,M 14-19/48,M-14,440,53:27, 0.00%
848,Alisha Chlebik,"Garden Grove, CA",1012,53:10,15:12,F 20-24/77,F-23,408,2:22:02, 0.00%
849,April Wetmur,"Corona, CA",967,53:12,15:12,F 30-34/69,F-34,409,1:53:21, 0.00%
850,Raymond Reynoso,"Moreno Valley, CA",404,53:14,15:13,M 50-54/12,M-53,441,53:16, 0.00%
851,Jill Brown,"Riverside, CA",547,53:14,15:13,F 25-29/83,F-26,410,1:08:25, 0.00%
852,Rachelle Calderon,"Riverside, CA",548,53:15,15:13,F 30-34/70,F-31,411,1:08:24, 0.00%
853,Jenny Shank,"Riverside, CA",564,53:16,15:13,F 25-29/84,F-29,412,1:08:25, 0.00%
854,Lisa Silva,"Corona, CA",1086,53:18,15:14,F 30-34/71,F-31,413,1:53:27, 0.00%
855,Joy Thacker,"Corona, CA",316,53:21,15:15,F 30-34/72,F-32,414,53:44, 0.00%
856,Brenda Meagher,"Corona, CA",346,53:23,15:16,F 35-39/55,F-37,415,53:45, 0.00%
857,Ashley Schicker,"Corona, CA",624,53:25,15:16,F 14-19/34,F-15,416,1:08:46, 0.00%
858,Liliana Ruvalcaba,"Moreno Valley, CA",1274,53:30,15:17,F 35-39/56,F-35,417,2:38:38, 0.00%
859,Megan Baker,"Corona, CA",1083,53:32,15:18,F 30-34/73,F-32,418,1:53:40, 0.00%
860,Jeriel Lagac,"Baldwin Park, CA",163,53:36,15:19,M 25-29/95,M-27,442,1:08:42, 0.00%
861,Michelle Goodrow,"Victorville, CA",1167,53:36,15:19,F 35-39/57,F-35,419,2:38:45, 0.00%
862,Rochelle Reese,"Corona, CA",647,53:37,15:20,F 35-39/58,F-39,420,2:38:46, 0.00%
863,Vincent Ferreria,"Northridge, CA",420,53:38,15:20,M 35-39/64,M-35,443,1:38:44, 0.00%
864,Stacy Gilbert,"Corona, CA",625,53:43,15:21,F 35-39/59,F-39,421,1:09:05, 0.00%
865,Jacque Skaggs,"Corona, CA",1158,53:49,15:23,F 25-29/85,F-25,422,1:09:12, 0.00%
866,Tammy Davis,"Corona, CA",108,53:50,15:23,F 40-44/54,F-40,423,1:24:01, 0.00%
867,Gia Campos,"Covina, CA",983,53:53,15:24,F 30-34/74,F-31,424,2:52:01, 0.00%
868,Debbie Ferreria,"Northridge, CA",421,53:54,15:24,F 35-39/60,F-35,425,1:39:00, 0.00%
869,Troy Hart,"Carson, CA",665,53:56,15:25,M 40-44/54,M-42,444,1:23:56, 0.00%
870,Gissel Florentino,"Long Beach, CA",666,53:57,15:25,F 25-29/86,F-26,426,1:23:57, 0.00%
871,Mitchell Povee,"Moreno Valley, CA",1040,54:01,15:26,M 20-24/52,M-22,445,1:39:18, 0.00%
872,Tiffany Dieterich,"Moreno Valley, CA",1039,54:03,15:27,F 25-29/87,F-26,427,1:39:20, 0.00%
873,Tavi Carrera,"Corona, CA",148,54:03,15:27,M 35-39/65,M-35,446,1:24:11, 0.00%
874,Chloe Hatfield,"Norco, CA",798,54:11,15:29,F 14-19/35,F-16,428,2:09:18, 0.00%
875,Ryan Bautista,"San Dimas, CA",104,54:13,15:30,M 25-29/96,M-26,447,1:09:20, 0.00%
876,Eric Sherman,"Corona, CA",462,54:14,15:30,M 40-44/55,M-40,448,1:09:24, 0.00%
877,Maurice Parham,"Corona, CA",951,54:17,15:31,M 30-34/75,M-32,449,1:09:25, 0.00%
878,Tanya Polstra,"Riverside, CA",299,54:17,15:31,F 25-29/88,F-28,429,1:09:23, 0.00%
879,Sandra Alvarez,"Corona, CA",1290,54:17,15:31,F 20-24/78,F-22,430,54:43, 0.00%
880,Shania Perez,"Corona, CA",1293,54:18,15:31,F 14-19/36,F-14,431,54:44, 0.00%
881,Glennie Punsalan,"Carson, CA",375,54:25,15:33,F 25-29/89,F-27,432,2:09:31, 0.00%
882,Kevin Young,"Corona, CA",1262,54:26,15:34,M 30-34/76,M-33,450,2:52:35, 0.00%
883,Suzanne Bibayoff,"La Habra, CA",1035,54:27,15:34,F 14-19/37,F-19,433,2:52:29, 0.00%
884,Randy McCoy,"Corona, CA",325,54:29,15:34,M 50-54/13,M-53,451,1:24:45, 0.00%
885,Long Trinh,"Garden Grove, CA",151,54:31,15:35,M 20-24/53,M-21,452,1:54:32, 0.00%
886,Scott Brown,"Corona, CA",248,54:33,15:35,M 35-39/66,M-38,453,54:54, 0.00%
887,Zack Brown Jr,"Corona, CA",292,54:34,15:36,M 35-39/67,M-39,454,54:55, 0.00%
888,"Solomon ""sol"" Shapiro","Corona, CA",1142,54:35,15:36,M 45-49/26,M-49,455,2:43:56, 0.00%
889,Toni Juliano,"Lakewood, CA",1305,54:35,15:36,F 35-39/61,F-37,434,1:09:39, 0.00%
890,Kenneth Vinson,"Lakewood, CA",441,54:37,15:37,M 45-49/27,M-45,456,1:09:46, 0.00%
891,Stephanie Pullin,"Claremont, CA",109,54:54,15:41,F 35-39/62,F-35,435,1:25:04, 0.00%
892,Gretchen Fisher,"Alta Loma, CA",470,54:54,15:41,F 30-34/75,F-31,436,1:10:06, 0.00%
893,Matt Nelson,"Valley Center, CA",768,54:55,15:42,M 30-34/77,M-33,457,1:25:05, 0.00%
894,Carrie Joyce,"Riverside, CA",303,54:55,15:42,F 35-39/63,F-35,437,55:19, 0.00%
895,Mary Seaton,"Corona, CA",826,54:56,15:42,F 45-49/25,F-48,438,2:10:23, 0.00%
896,Sarah Mackey,"Riverside, CA",1067,54:57,15:42,F 25-29/90,F-28,439,2:40:04, 0.00%
897,Mike Nelson,"Valley Center, CA",769,54:58,15:43,M 30-34/78,M-33,458,1:25:08, 0.00%
898,Bridget Sherman,"Corona, CA",463,54:59,15:43,F 25-29/91,F-29,440,1:10:11, 0.00%
899,Albert Seaton III,"Corona, CA",825,54:59,15:43,M 40-44/56,M-44,459,2:10:25, 0.00%
900,Josh Nelson,"Carlsbad, CA",752,55:01,15:43,M 35-39/68,M-38,460,1:25:10, 0.00%
901,Lisa Nelson,"Carlsbad, CA",751,55:02,15:44,F 40-44/55,F-44,441,1:25:11, 0.00%
902,Romy Cisneros,"Whittier, CA",114,55:06,15:45,F 35-39/64,F-36,442,1:25:10, 0.00%
903,Rebecca Beigle,"Moreno Valley, CA",1065,55:08,15:46,F 30-34/76,F-30,443,2:40:15, 0.00%
904,Lisa Simon,"Norco, CA",659,55:12,15:47,F 40-44/56,F-44,444,1:40:20, 0.00%
905,Nick Beronich,"Corona, CA",592,55:24,15:50,M 40-44/57,M-40,461,1:40:34, 0.00%
906,Lily Galvan,"Anaheim, CA",1203,55:28,15:51,F 25-29/92,F-29,445,2:24:38, 0.00%
907,Susana Urrutia,"Corona, CA",1199,55:28,15:51,F 25-29/93,F-27,446,2:24:38, 0.00%
908,Ryan Walther,"Corona, CA",598,55:28,15:51,M 30-34/79,M-31,462,1:40:35, 0.00%
909,April Russell,"Huntington Beach, CA",724,55:30,15:52,F 35-39/65,F-36,447,1:55:45, 0.00%
910,Jeanne Overton,"Canyon Country, CA",554,55:33,15:53,F 45-49/26,F-48,448,55:43, 0.00%
911,Margaret Takei,"Sherman Oaks, CA",553,55:34,15:53,F 35-39/66,F-39,449,55:43, 0.00%
912,Divita Elliott,"Huntington Beach, CA",694,55:35,15:53,F 35-39/67,F-39,450,1:55:51, 0.00%
913,Jacqueline Vazquez,"Corona, CA",992,55:36,15:54,F 45-49/27,F-49,451,55:56, 0.00%
914,Doug Nather,"Pasadena, CA",555,55:39,15:54,M 35-39/69,M-39,463,55:48, 0.00%
915,Victoria McAuley,"Corona, CA",233,55:42,15:55,F 40-44/57,F-42,452,2:10:46, 0.00%
916,Jill Fritzsche,"Corona, CA",246,55:42,15:55,F 35-39/68,F-37,453,2:10:46, 0.00%
917,Brandy Williams,"Corona, CA",648,55:42,15:55,F 35-39/69,F-37,454,2:40:51, 0.00%
918,Jack Packwood,"Riverside, CA",1177,55:51,15:58,M 30-34/80,M-31,464,2:41:11, 0.00%
919,John Childers,"Los Angeles, CA",847,55:54,15:59,M 45-49/28,M-46,465,2:10:54, 0.00%
920,Joseph Gonzales,"Riverside, CA",1098,56:02,16:01,M 20-24/54,M-23,466,1:55:59, 0.00%
921,Jordan Monnig,"Perris, CA",1247,56:03,16:01,M 20-24/55,M-20,467,56:29, 0.00%
922,Cynthia Dacosta,"Wildomar, CA",557,56:03,16:01,F 25-29/94,F-28,455,2:11:17, 0.00%
923,Colleen Crusinberry,"Corona, CA",257,56:04,16:01,F 45-49/28,F-45,456,56:29, 0.00%
924,Heather McKinnon,"Murrieta, CA",690,56:05,16:02,F 35-39/70,F-37,457,1:56:21, 0.00%
925,J V,", ",1306,56:09,16:03,F NoAge/2,F-0,458,1:41:19, 0.00%
926,Marci Armsby,"Corona, CA",356,56:11,16:03,F 30-34/77,F-33,459,56:14, 0.00%
927,Patricia Redondo,"Mira Loma, CA",619,56:12,16:04,F 14-19/38,F-19,460,1:41:16, 0.00%
928,Lakeisha Bolden,"Lakewood, CA",440,56:12,16:04,F 30-34/78,F-33,461,1:11:20, 0.00%
929,Monica Sandberg,"Corona, CA",334,56:13,16:04,F 35-39/71,F-35,462,56:16, 0.00%
930,Adrienne Alexander,"Corona, CA",950,56:14,16:04,F 30-34/79,F-31,463,1:11:22, 0.00%
931,Kent Stout,"Los Angeles, CA",846,56:15,16:05,M 45-49/29,M-45,468,2:11:19, 0.00%
932,Krystal Hernandez,"San Marcos, CA",744,56:15,16:05,F 25-29/95,F-26,464,1:41:13, 0.00%
933,Francisco Ramirez,"Moreno Valley, CA",1084,56:17,16:05,M 25-29/97,M-28,469,1:11:21, 0.00%
934,Ian Doyen,"Rancho Cucamonga, CA",1175,56:17,16:05,M 20-24/56,M-23,470,2:27:43, 0.00%
935,Erin Adams,"Corona, CA",895,56:20,16:06,F 40-44/58,F-41,465,1:41:30, 0.00%
936,Alex Jaeschke,"Corona, CA",956,56:21,16:06,F 14-19/39,F-14,466,56:22, 0.00%
937,Alex Guerrero,"Corona, CA",616,56:22,16:07,M 25-29/98,M-27,471,1:56:39, 0.00%
938,Lindsey Golley,"Corona, CA",409,56:22,16:07,F 14-19/40,F-14,467,56:23, 0.00%
939,Kirsten Golley,"Corona, CA",408,56:25,16:08,F 14-19/41,F-15,468,56:25, 0.00%
940,Steven Marten,"Wildomar, CA",558,56:26,16:08,M 30-34/81,M-30,472,1:56:23, 0.00%
941,Kylie McGregor,"Corona, CA",780,56:27,16:08,F 14-19/42,F-14,469,56:28, 0.00%
942,Damon White,"Rialto, CA",783,56:28,16:08,M 25-29/99,M-29,473,2:11:33, 0.00%
943,Robert Redondo,"Mira Loma, CA",617,56:29,16:09,M 50-54/14,M-54,474,1:41:32, 0.00%
944,Rafael Gonzalez,"Colton, CA",1131,56:30,16:09,M 30-34/82,M-31,475,2:25:31, 0.00%
945,Kirsten Lewis,"Norco, CA",279,56:33,16:10,F 45-49/29,F-47,470,56:56, 0.00%
946,Michael Lewis,"Norco, CA",280,56:35,16:10,M 45-49/30,M-47,476,56:56, 0.00%
947,Christine Velazco,"Colton, CA",1149,56:37,16:11,F 25-29/96,F-27,471,2:25:37, 0.00%
948,Diana Stiller,"Norco, CA",605,56:37,16:11,F 50-54/9,F-54,472,1:41:46, 0.00%
949,Chris Riley,"Wildomar, CA",559,56:37,16:11,F 45-49/30,F-47,473,2:11:49, 0.00%
950,Margarita Garcia,"Inglewood, CA",197,56:44,16:13,F 20-24/79,F-21,474,2:42:07, 0.00%
951,Michelle Hoppock,"Norco, CA",794,56:48,16:14,F 40-44/59,F-43,475,1:42:00, 0.00%
952,Traci Cozart,"Norco, CA",669,56:50,16:15,F 40-44/60,F-40,476,1:42:02, 0.00%
953,Stacy Kahn,"Colton, CA",244,56:52,16:15,F 25-29/97,F-29,477,57:09, 0.00%
954,Thaddeus Perkins,"Rialto, CA",551,56:53,16:15,M 25-29/100,M-26,477,57:09, 0.00%
955,Nuvia Garcia,"Rialto, CA",550,56:53,16:15,F 25-29/98,F-29,478,57:10, 0.00%
956,Greg McAuley,"Corona, CA",234,56:53,16:16,M 45-49/31,M-46,478,2:11:58, 0.00%
957,Robert Braga,"Norco, CA",911,57:00,16:18,M 30-34/83,M-34,479,1:42:18, 0.00%
958,Nova M Braga,"Norco, CA",910,57:00,16:18,F 35-39/72,F-39,479,1:42:19, 0.00%
959,Katherine Shea,"Hesperia, CA",262,57:01,16:18,F 35-39/73,F-36,480,57:27, 0.00%
960,Mallary Gaydos,"Ontario, CA",873,57:06,16:19,F 25-29/99,F-26,481,2:12:14, 0.00%
961,Amber Holbrook,"Corona, CA",894,57:07,16:19,F 25-29/100,F-25,482,2:12:15, 0.00%
962,Jillian Gaydos,"Ontario, CA",900,57:08,16:20,F 25-29/101,F-27,483,2:12:16, 0.00%
963,Carissa Lewallen,"Ontario, CA",874,57:11,16:21,F 30-34/80,F-32,484,2:12:19, 0.00%
964,Danielle Wicketts,"Corona, CA",437,57:12,16:21,F 14-19/43,F-14,485,1:12:33, 0.00%
965,Mathew Wicketts,"Corona, CA",436,57:17,16:22,M 40-44/58,M-41,480,1:12:36, 0.00%
966,Amy Causey,"Corona, CA",809,57:24,16:24,F 40-44/61,F-43,486,57:44, 0.00%
967,Yvonne Dohoney,"Riverside, CA",837,57:29,16:26,F 45-49/31,F-48,487,57:44, 0.00%
968,Elizabeth McConnell,"Corona, CA",1017,57:30,16:26,F 35-39/74,F-38,488,2:26:41, 0.00%
969,Sylvia Cordova,"Corona, CA",1014,57:32,16:27,F 35-39/75,F-36,489,2:26:43, 0.00%
970,Lindsay Salazar,"Corona, CA",126,57:34,16:27,F 20-24/80,F-21,490,57:41, 0.00%
971,Marsha Legerski,"Corona, CA",1021,57:36,16:28,F 40-44/62,F-40,491,2:26:45, 0.00%
972,Victor Perez,"Rancho Cucamonga, CA",994,57:41,16:29,M 14-19/49,M-18,481,2:12:56, 0.00%
973,Christa Burns,"Northridge, CA",762,57:45,16:30,F 25-29/102,F-27,492,1:27:53, 0.00%
974,Matthew Orton,"Montclair, CA",358,57:45,16:30,M 25-29/101,M-28,482,1:27:59, 0.00%
975,Cherlyn Orton,"Montclair, CA",357,57:46,16:31,F 25-29/103,F-26,493,1:27:59, 0.00%
976,Samantha Curiel,"Moreno Valley, CA",995,57:48,16:31,F 20-24/81,F-20,494,2:13:02, 0.00%
977,Lydia Carson,"Marina Del Rey, CA",928,57:48,16:31,F 25-29/104,F-25,495,1:27:56, 0.00%
978,Matt Payne,"Corona, CA",1015,57:49,16:31,M 35-39/70,M-37,483,2:26:41, 0.00%
979,Armstrong Hao,"Temple City, CA",607,57:52,16:32,M 25-29/102,M-25,484,1:28:00, 0.00%
980,Dan McConnell,"Corona, CA",1016,57:52,16:32,M 40-44/59,M-40,485,2:26:44, 0.00%
981,Amanda Silver,"Los Angeles, CA",608,57:54,16:33,F 25-29/105,F-27,496,1:28:03, 0.00%
982,Gretchen Lantz,"Corona, CA",524,57:56,16:34,F 35-39/76,F-39,497,1:13:10, 0.00%
983,Ken Lantz,"Corona, CA",523,57:57,16:34,M 40-44/60,M-40,486,1:13:10, 0.00%
984,Amber Osti,"Corona, CA",530,57:57,16:34,F 35-39/77,F-36,498,1:13:10, 0.00%
985,Amber Warner,"Menifee, CA",526,57:57,16:34,F 30-34/81,F-34,499,1:13:10, 0.00%
986,Brad Robbins,"Corona, CA",1265,57:58,16:34,M 50-54/15,M-51,487,57:58, 0.00%
987,James Schmit,"Corona, CA",1165,58:04,16:36,M 45-49/32,M-48,488,1:13:15, 0.00%
988,Maria Perez,"Rancho Cucamonga, CA",813,58:07,16:37,F 45-49/32,F-46,500,2:13:21, 0.00%
989,Mark Sambito,"Moreno Valley, CA",812,58:10,16:38,M 45-49/33,M-45,489,2:13:24, 0.00%
990,Cailey Dau,"Riverside, CA",496,58:11,16:38,F 14-19/44,F-17,501,1:13:18, 0.00%
991,Racquel Eroh,"Corona, CA",657,58:11,16:38,F 40-44/63,F-43,502,1:13:27, 0.00%
992,Ann Ortiz,"Corona, CA",516,58:29,16:43,F 45-49/33,F-46,503,1:28:35, 0.00%
993,Joselito Marzan,"Los Angeles, CA",188,58:36,16:45,M 25-29/103,M-28,490,2:27:45, 0.00%
994,Karen Spiegel,"Corona, CA",998,58:38,16:45,F 50-54/10,F-53,504,58:38, 0.00%
995,Mary Ann Maac,"Los Angeles, CA",189,58:38,16:46,F 25-29/106,F-26,505,2:27:46, 0.00%
996,Sterling Burnside,"Lake Elsinore, CA",757,58:40,16:46,M 20-24/57,M-22,491,1:13:50, 0.00%
997,Nelson Maac,"Los Angeles, CA",192,58:41,16:46,M 25-29/104,M-29,492,2:27:50, 0.00%
998,Valerie Burnside,"Lake Elsinore, CA",756,58:41,16:46,F 20-24/82,F-20,506,1:13:51, 0.00%
999,Zulma Mazariegos,"Anaheim, CA",120,58:43,16:47,F 30-34/82,F-34,507,58:54, 0.00%
1000,Melanie Rubio,"Los Angeles, CA",194,58:45,16:48,F 30-34/83,F-30,508,2:27:53, 0.00%
1001,Genevieve Reyes,"Upland, CA",106,58:46,16:48,F 35-39/78,F-39,509,58:59, 0.00%
1002,Heather McAllister,"Menifee, CA",153,58:47,16:48,F 30-34/84,F-34,510,1:13:52, 0.00%
1003,Debora Capparelli,"Corona, CA",1088,58:48,16:48,F 35-39/79,F-37,511,2:44:05, 0.00%
1004,Maria Krueger,"Corona, CA",1029,58:48,16:48,F 45-49/34,F-45,512,2:44:05, 0.00%
1005,Bethany Montgomery,"Corona, CA",1104,58:48,16:48,F 35-39/80,F-36,513,2:44:04, 0.00%
1006,Nancy Borquez,"Corona, CA",1091,58:49,16:49,F 30-34/85,F-34,514,2:44:06, 0.00%
1007,Anthony Sandoval,"Corona, CA",868,58:51,16:49,M 25-29/105,M-29,493,2:27:50, 0.00%
1008,Amy Brant,"Joshua Tree, CA",339,59:04,16:53,F 30-34/86,F-31,515,1:14:17, 0.00%
1009,Jason Brant,"Joshua Tree, CA",338,59:05,16:53,M 35-39/71,M-36,494,1:14:18, 0.00%
1010,Samantha Cortez,"Sun City, CA",832,59:09,16:54,F 14-19/45,F-16,516,2:28:05, 0.00%
1011,Fernando Corvera,"Corona, CA",827,59:11,16:55,M 14-19/50,M-16,495,2:28:05, 0.00%
1012,Judy Graves,"Rialto, CA",782,59:12,16:55,F 50-54/11,F-53,517,2:14:13, 0.00%
1013,Martha A Uribe,"Montclair, CA",879,59:14,16:56,F 25-29/107,F-29,518,2:14:23, 0.00%
1014,Cassandra Trent,"Corona, CA",1071,59:19,16:57,F 20-24/83,F-24,519,2:57:26, 0.00%
1015,Monica Sanchez,"Rialto, CA",877,59:22,16:58,F 25-29/108,F-29,520,2:14:31, 0.00%
1016,Terry Contreras,"San Jacinto, CA",774,59:23,16:58,F 35-39/81,F-38,521,2:14:35, 0.00%
1017,Julie Fleener,"Huntington Beach, CA",1304,59:25,16:59,F 20-24/84,F-24,522,59:35, 0.00%
1018,Tom Bleicher,"Yorba Linda, CA",833,59:25,16:59,M 30-34/84,M-30,496,2:14:38, 0.00%
1019,Rasell Maclaughlin,"Corona, CA",131,59:25,16:59,F 20-24/85,F-22,523,59:35, 0.00%
1020,Freddie Jenkins,"Ontario, CA",1169,59:26,16:59,M 35-39/72,M-36,497,2:44:30, 0.00%
1021,Jin Cai,"Redlands, CA",1204,59:35,17:02,M 20-24/58,M-22,498,59:35, 0.00%
1022,Daphne Siquig,"Long Beach, CA",1114,59:50,17:06,F 35-39/82,F-35,524,2:57:59, 0.00%
1023,Elena Robin,"Carson, CA",1115,59:51,17:06,F 25-29/109,F-29,525,2:58:00, 0.00%
1024,Denora Carpenter,"Riverside, CA",1266,1:00:04,17:10,F 30-34/87,F-32,526,2:58:12, 0.00%
1025,Jamey Bettencourt,"Corona, CA",1267,1:00:04,17:10,F 35-39/83,F-35,527,2:58:12, 0.00%
1026,Whitney Finell,"Corona, CA",636,1:00:05,17:10,F 20-24/86,F-24,528,1:45:19, 0.00%
1027,Will Munson,"Corona, CA",633,1:00:08,17:11,M 20-24/59,M-24,499,1:45:22, 0.00%
1028,Eric Estes,"Corona, CA",635,1:00:08,17:11,M 25-29/106,M-25,500,1:45:22, 0.00%
1029,Felicia Pim,"Corona, CA",395,1:00:15,17:13,F 35-39/84,F-36,529,1:00:38, 0.00%
1030,Roberto Ulloa,"Corona, CA",904,1:00:16,17:14,M 35-39/73,M-35,501,2:29:17, 0.00%
1031,Bridget Sandoval,"Corona, CA",866,1:00:17,17:14,F 25-29/110,F-27,530,2:29:19, 0.00%
1032,Claudia Villalobos,"Corona, CA",903,1:00:17,17:14,F 25-29/111,F-29,531,2:29:19, 0.00%
1033,Jozlyn Torres,"Corona, CA",520,1:00:17,17:14,F 35-39/85,F-37,532,1:00:40, 0.00%
1034,Alysha Yarbrough,"Fontana, CA",1227,1:00:18,17:14,F 20-24/87,F-23,533,2:45:22, 0.00%
1035,Autumn Berndsen,"Norco, CA",632,1:00:27,17:17,F 25-29/112,F-25,534,1:45:40, 0.00%
1036,Nancy Dau,"Riverside, CA",495,1:00:28,17:17,F 45-49/35,F-48,535,1:15:35, 0.00%
1037,Aparna Patel,"Corona, CA",534,1:00:30,17:17,F 35-39/86,F-38,536,2:02:21, 0.00%
1038,Marcia Campbell,"Murrieta, CA",1032,1:00:34,17:19,F 45-49/36,F-47,537,2:29:25, 0.00%
1039,Priti Patel,"Corona, CA",535,1:00:36,17:19,F 40-44/64,F-41,538,2:02:28, 0.00%
1040,Dawn Lewis,"Corona, CA",854,1:00:37,17:20,F 25-29/113,F-25,539,2:45:38, 0.00%
1041,Carmen Croasmun,"Riverside, CA",618,1:00:42,17:21,F 25-29/114,F-27,540,1:15:47, 0.00%
1042,Peter Cortez,"Sun City, CA",831,1:00:45,17:22,M 35-39/74,M-38,502,2:29:40, 0.00%
1043,Zaira Noriega,"Perris, CA",1132,1:00:53,17:24,F 25-29/115,F-26,541,2:29:54, 0.00%
1044,Mario Gallegos,"Moreno Valley, CA",1150,1:00:53,17:24,M 25-29/107,M-27,503,2:29:55, 0.00%
1045,Jody Berndsen,"Norco, CA",634,1:00:54,17:24,F 45-49/37,F-45,542,1:46:09, 0.00%
1046,Tonja Smith,"Corona, CA",638,1:00:54,17:24,F 40-44/65,F-41,543,1:46:10, 0.00%
1047,Melody Danley,"Lake Elsinore, CA",856,1:01:03,17:27,F 45-49/38,F-47,544,2:46:04, 0.00%
1048,Jesus Mora,"Colton, CA",1130,1:01:08,17:28,M 25-29/108,M-27,504,2:29:59, 0.00%
1049,Crystal McKay,"Corona, CA",586,1:01:10,17:29,F 40-44/66,F-40,545,1:01:46, 0.00%
1050,Amy McKay,"Corona, CA",584,1:01:10,17:29,F 35-39/87,F-37,546,1:01:46, 0.00%
1051,Matthew Arial,"Yucaipa, CA",456,1:01:16,17:31,M 25-29/109,M-26,505,1:01:16, 0.00%
1052,Yolanda Mason,"Upland, CA",1051,1:01:17,17:31,F 35-39/88,F-38,547,2:46:21, 0.00%
1053,Sonia Hernandez,"Corona, CA",835,1:01:19,17:31,F 35-39/89,F-39,548,2:30:16, 0.00%
1054,Lorena Corvera,"Corona, CA",828,1:01:21,17:32,F 35-39/90,F-38,549,2:30:16, 0.00%
1055,Teresa Ivey,"Corona, CA",1089,1:01:22,17:32,F 35-39/91,F-36,550,2:30:19, 0.00%
1056,Elias Cervantez,"Long Beach, CA",176,1:01:22,17:32,M 35-39/75,M-36,506,1:16:43, 0.00%
1057,Nancy Martinez,"Temecula, CA",834,1:01:24,17:33,F 35-39/92,F-36,551,2:30:20, 0.00%
1058,Amanda Bleicher,"Yorba Linda, CA",800,1:01:51,17:41,F 25-29/116,F-29,552,2:17:04, 0.00%
1059,Sonia Opsahl,"Eastvale, CA",989,1:02:09,17:46,F 35-39/93,F-36,553,2:31:08, 0.00%
1060,Jerry Callahan,"Corona, CA",266,1:02:15,17:47,M 35-39/76,M-39,507,1:02:32, 0.00%
1061,Gina Allen,"Corona, CA",264,1:02:31,17:52,F 35-39/94,F-38,554,1:02:49, 0.00%
1062,Erica Parra,"Los Angeles, CA",964,1:02:34,17:53,F 20-24/88,F-23,555,2:47:44, 0.00%
1063,Monica Sanchez,"Bloomington, CA",1111,1:02:45,17:56,F 25-29/117,F-29,556,2:48:07, 0.00%
1064,Robin Grundmeyer,"Norco, CA",596,1:02:57,17:59,F 35-39/95,F-36,557,1:48:05, 0.00%
1065,Candice Crawford,"Rancho Cucamonga, CA",731,1:03:04,18:02,F 20-24/89,F-24,558,1:48:11, 0.00%
1066,Tiffane Stuckenschneider,"Corona, CA",730,1:03:23,18:07,F 25-29/118,F-26,559,1:48:30, 0.00%
1067,Carole Lindsey,"Norco, CA",595,1:03:29,18:09,F 30-34/88,F-34,560,1:48:39, 0.00%
1068,Michelle Choi,"Corona, CA",593,1:03:30,18:09,F 40-44/67,F-41,561,1:48:39, 0.00%
1069,Fred Padilla,"Corona, CA",594,1:03:34,18:10,M 35-39/77,M-39,508,1:48:42, 0.00%
1070,Dona Stuckenschneider,"Corona, CA",597,1:03:34,18:10,M 45-49/34,M-49,509,1:48:42, 0.00%
1071,Karen Enlow,"Corona, CA",1214,1:03:59,18:17,F 55-59/5,F-57,562,2:49:13, 0.00%
1072,Michelle Dery,"Riverside, CA",1231,1:03:59,18:17,F 20-24/90,F-21,563,2:49:13, 0.00%
1073,Katie Enlow,"Riverside, CA",1228,1:04:00,18:17,F 20-24/91,F-22,564,2:49:13, 0.00%
1074,Brandon Steiner,"Corona, CA",1154,1:04:00,18:17,M 14-19/51,M-17,510,2:49:12, 0.00%
1075,James Steiner,"Corona, CA",1153,1:04:00,18:17,M 45-49/35,M-46,511,2:49:12, 0.00%
1076,Leonard Enlow,"Corona, CA",1215,1:04:02,18:18,M 60-69/6,M-69,512,2:49:13, 0.00%
1077,Becky White,"Corona, CA",611,1:04:28,18:25,F 50-54/12,F-50,565,2:33:42, 0.00%
1078,Hazel Hoon,"Norco, CA",1187,1:04:28,18:26,F 25-29/119,F-27,566,2:49:45, 0.00%
1079,Ferol Hoon,"Norco, CA",1188,1:04:28,18:26,F 20-24/92,F-24,567,2:49:46, 0.00%
1080,Donald Garman,"Corona, CA",1136,1:04:30,18:26,M 25-29/110,M-27,513,2:49:40, 0.00%
1081,Shannon Hoon,"Norco, CA",1189,1:04:30,18:26,F 14-19/46,F-18,568,2:49:46, 0.00%
1082,Barry White,"Corona, CA",612,1:04:32,18:27,M 50-54/16,M-54,514,2:33:46, 0.00%
1083,Kayla Garman,"Corona, CA",1135,1:04:32,18:27,F 20-24/93,F-22,569,2:49:42, 0.00%
1084,Daniella Hall,"Corona, CA",1200,1:04:33,18:27,F 14-19/47,F-18,570,2:49:43, 0.00%
1085,Damien Bartholomy,"Monrovia, CA",739,1:04:45,18:30,M 25-29/111,M-25,515,1:49:42, 0.00%
1086,Jaime Alfaro,"Chino Hills, CA",741,1:04:46,18:31,M 40-44/61,M-44,516,1:49:44, 0.00%
1087,Brian Webb,"Perris, CA",747,1:04:52,18:32,M 40-44/62,M-43,517,1:50:09, 0.00%
1088,Ashley Webb,"Perris, CA",749,1:04:57,18:34,F 14-19/48,F-18,571,1:50:10, 0.00%
1089,Joshua Waite,"Corona, CA",938,1:04:58,18:34,M 14-19/52,M-15,518,2:50:05, 0.00%
1090,Kim Salazar,"Corona, CA",324,1:05:08,18:37,F 40-44/68,F-40,572,1:05:16, 0.00%
1091,Robert Jewett,"Corona, CA",765,1:05:32,18:44,M 35-39/78,M-36,519,1:50:30, 0.00%
1092,Donna Armour,"Rialto, CA",787,1:05:38,18:46,F 50-54/13,F-52,573,2:20:47, 0.00%
1093,Misty Linder,"Rialto, CA",789,1:05:54,18:50,F 35-39/96,F-39,574,2:20:55, 0.00%
1094,Antonio Santoyo,"Rialto, CA",1112,1:05:59,18:52,M 25-29/112,M-28,520,2:51:23, 0.00%
1095,Cynthia Rush,"Rialto, CA",1113,1:06:00,18:52,F 25-29/120,F-29,575,2:51:23, 0.00%
1096,Tracie Romans,"Corona, CA",350,1:06:20,18:57,F 35-39/97,F-38,576,1:06:47, 0.00%
1097,Vanessa Rodriguez,"Palmdale, CA",370,1:06:25,18:59,F 35-39/98,F-36,577,1:21:49, 0.00%
1098,Sarah Harris,"San Bernardino, CA",917,1:06:29,19:00,F 30-34/89,F-34,578,2:35:26, 0.00%
1099,Julie Heinze,"Rancho Santa Margarita, CA",351,1:06:51,19:06,F 40-44/69,F-41,579,1:07:19, 0.00%
1100,Christopher Ortiz,"Whittier, CA",1259,1:06:59,19:09,M 35-39/79,M-35,521,1:06:59, 0.00%
1101,Julie Garrett,"Corona, CA",1101,1:07:19,19:14,F 45-49/39,F-47,580,2:52:40, 0.00%
1102,Linda Kaiser,"Placentia, CA",1102,1:07:22,19:15,F 50-54/14,F-51,581,2:52:43, 0.00%
1103,Patricia Reynoso,"Moreno Valley, CA",405,1:07:53,19:24,F 50-54/15,F-51,582,1:07:55, 0.00%
1104,Martha Toscano,"Downey, CA",914,1:07:57,19:25,F 25-29/121,F-27,583,2:36:54, 0.00%
1105,Eric Hertica,"Corona, CA",509,1:08:30,19:35,M 35-39/80,M-36,522,1:08:30, 0.00%
1106,Christina Morin,"Riverside, CA",915,1:08:32,19:35,F 30-34/90,F-32,584,2:37:30, 0.00%
1107,David Henkels,"Azusa, CA",105,1:09:22,19:49,M 25-29/113,M-27,523,1:09:22, 0.00%
1108,Valerie Lachica,"Glendora, CA",161,1:09:22,19:50,F 25-29/122,F-27,585,1:09:22, 0.00%
1109,Joshua Ortiz,"Corona, CA",517,1:10:38,20:11,M 25-29/114,M-26,524,1:25:35, 0.00%
1110,Xochitl Guerino,"Chino Hills, CA",319,1:10:42,20:12,F 35-39/99,F-39,586,1:26:06, 0.00%
1111,Cathy Reppart,"Corona, CA",824,1:11:01,20:18,F 50-54/16,F-53,587,2:26:38, 0.00%
1112,Andrea Destefano,"San Bernardino, CA",263,1:11:22,20:24,F 25-29/123,F-29,588,1:11:48, 0.00%
1113,Bill Reppart,"Corona, CA",823,1:11:32,20:27,M 50-54/17,M-52,525,2:26:33, 0.00%
1114,Vanessa Holland,"Orange, CA",716,1:15:25,21:33,F 30-34/91,F-31,589,1:45:34, 0.00%
1115,Karen Eckland,"Long Beach, CA",606,1:16:09,21:46,F 30-34/92,F-31,590,1:46:18, 0.00%
1116,Mike Legerski,"Corona, CA",1022,1:26:53,24:50,M 40-44/63,M-43,526,2:26:50, 0.00%
1117,Christina Rodriguez,"Eastvale, CA",1127,1:29:48,25:40,F 30-34/93,F-34,591,2:30:11, 0.00%
1118,Max Hall,"Corona, CA",393,1:45:19,30:06,M 40-44/64,M-42,527,2:15:17, 0.00%
1119,Michael Garcia,"Corona, CA",221,1:49:43,31:21,M 25-29/115,M-27,528,1:49:43, 0.00%
1120,Ian Pollard,"Bloomington, CA",455,2:11:41,37:38,M 25-29/116,M-28,529,2:26:38, 0.00%
1121,Tom Maneri,"Riverside, CA",1119,2:34:45,44:13,M 45-49/36,M-47,530,2:34:45, 0.00%
1122,Ismael Zermeno,"Chino, CA",974,2:36:01,44:35,M 20-24/60,M-24,531,2:36:01, 0.00%
1123,Adrian Yates,"Corona, CA",1205,2:38:53,45:24,M 50-54/18,M-54,532,2:38:53, 0.00%
1124,Danyelle Solomon,"Moreno Valley, CA",1064,2:39:59,45:43,F 25-29/124,F-25,592,2:39:59, 0.00%
1125,Heidi Krueger,"Riverside, CA",1066,2:40:39,45:54,F 40-44/70,F-42,593,2:40:39, 0.00%
1126,Neal Lauzon,"Corona, CA",122,2:44:37,47:02,M 35-39/81,M-35,533,2:44:37, 0.00%
1127,Dave Denarola,"Riverside, CA",1117,2:47:38,47:54,M 45-49/37,M-47,534,2:47:38, 0.00%
1128,Mariel Cueto,"Carson, CA",1147,2:57:36,50:45,F 25-29/125,F-26,594,2:57:36, 0.00%
