Bib,Name,Gender,Age,Hometown,Overall,Men,M 20-29,Age/Grade,Finish,Chip Time,Gun Time,5 Km
4019,Anuar Mercado,M,20,"El Monte, CA",1 out of 29,1 out of 23,1 out of 4, 85.96% Place: 1,31:35 Pace: 5:05,31:35,31:35,            Pace:            
4156,Horacio Ruiz,M,16,"Baldwin Park, CA",2 out of 29,2 out of 23,1 out of 9, 81.70% Place: 2,34:54 Pace: 5:37,34:54,34:54,            Pace:            
4158,Roe Harrell Roman,M,17,"El Monte, CA",3 out of 29,3 out of 23,2 out of 9, 79.35% Place: 3,35:27 Pace: 5:43,35:27,35:27,            Pace:            
4006,Juan De La Luz,M,38,"San Gabriel, CA",4 out of 29,4 out of 23,1 out of 6, 74.63% Place: 4,37:32 Pace: 6:03,37:32,37:32,            Pace:            
4105,Sergio Salmeron,M,38,"Baldwin Park, CA",5 out of 29,5 out of 23,2 out of 6, 73.36% Place: 5,38:11 Pace: 6:09,38:11,38:11,            Pace:            
4103,Sergio Salmeron Jr,M,18,"Baldwin Park, CA",6 out of 29,6 out of 23,3 out of 9, 71.56% Place: 7,38:49 Pace: 6:15,38:49,38:49,            Pace:            
4161,Kevin McCloskey,M,33,"Glendale, CA",7 out of 29,7 out of 23,3 out of 6, 68.09% Place: 9,39:55 Pace: 6:26,39:55,39:55,            Pace:            
4152,Elias Heras,M,15,"Whittier, CA",8 out of 29,8 out of 23,4 out of 9, 71.98% Place: 6,40:17 Pace: 6:29,40:17,40:17,            Pace:            
4104,David Maldonado,M,16,"La Puente, CA",9 out of 29,9 out of 23,5 out of 9, 69.40% Place: 8,41:05 Pace: 6:37,41:05,41:05,            Pace:            
4151,James Rosales,M,16,"Whittier, CA",10 out of 29,10 out of 23,6 out of 9, 67.14% Place: 11,42:28 Pace: 6:50,42:28,42:28,            Pace:            
4011,Blaise Garcia,M,19,"El Monte, CA",11 out of 29,11 out of 23,7 out of 9, 60.92% Place: 16,45:03 Pace: 7:15,45:03,45:03,            Pace:            
4026,Fernando Piedra,M,51,"El Monte, CA",12 out of 29,12 out of 23,1 out of 1, 67.50% Place: 10,45:52 Pace: 7:23,45:52,45:52,            Pace:            
4023,David Perez,M,12,"El Monte, CA",13 out of 29,13 out of 23,1 out of 2, 64.82% Place: 13,47:46 Pace: 7:42,47:46,47:46,            Pace:            
4010,Sergio Flores,M,18,"San Bernardino, CA",14 out of 29,14 out of 23,8 out of 9, 57.91% Place: 17,47:58 Pace: 7:44,47:58,47:58,            Pace:            
4159,Francisco Acero,M,35,"Monrovia, CA",15 out of 29,15 out of 23,4 out of 6, 57.01% Place: 19,48:08 Pace: 7:45,48:08,48:08,            Pace:            
4020,Joaquin Morgado,M,29,"El Monte, CA",16 out of 29,16 out of 23,2 out of 4, 55.68% Place: 21,48:16 Pace: 7:46,48:16,48:16,            Pace:            
4102,Doris Chiriboga,F,44,", CA",17 out of 29,1 out of 6,1 out of 2, 66.43% Place: 12,48:49 Pace: 7:52,48:49,48:49,            Pace:            
4022,Jose Olmos,M,18,"Ontario, CA",18 out of 29,17 out of 23,9 out of 9, 55.89% Place: 20,49:42 Pace: 8:00,49:42,49:42,            Pace:            
4041,Lizette Medina,F,16,"La Puente, CA",19 out of 29,2 out of 6,1 out of 2, 61.28% Place: 14,51:14 Pace: 8:15,51:14,51:14,            Pace:            
4112,Roberto Anguiano,M,24,"Los Angeles, CA",20 out of 29,18 out of 23,3 out of 4, 50.53% Place: 23,53:09 Pace: 8:34,53:09,53:09,            Pace:            
4107,Rocio Rodriguez,F,35,"Baldwin Park, CA",21 out of 29,3 out of 6,1 out of 1, 57.09% Place: 18,53:42 Pace: 8:39,53:42,53:42,            Pace:            
4154,Paulina Heras,F,13,"Whittier, CA",22 out of 29,4 out of 6,1 out of 1, 60.97% Place: 15,53:44 Pace: 8:39,53:44,53:44,            Pace:            
4155,Martha Heras,F,40,"Whittier, CA",23 out of 29,5 out of 6,2 out of 2, 54.06% Place: 22,58:08 Pace: 9:22,58:08,58:08,            Pace:            
4003,Juan Casados,M,35,"Covina, CA",24 out of 29,19 out of 23,5 out of 6, 47.04% Place: 25,58:20 Pace: 9:24,58:20,58:20,            Pace:            
4153,Elder Heras,M,46,"Whittier, CA",25 out of 29,20 out of 23,1 out of 1, 49.56% Place: 24,1:00:01 Pace: 9:40,1:00:01,1:00:01,            Pace:            
4029,Jimmy Reyes,M,20,"Pasadena, CA",26 out of 29,21 out of 23,4 out of 4, 43.80% Place: 28,1:01:58 Pace: 9:59,1:01:58,1:01:58,            Pace:            
4157,Alex Fiallos,M,38,"Rosemead, CA",27 out of 29,22 out of 23,6 out of 6, 43.17% Place: 29,1:04:53 Pace: 10:27,1:04:53,1:04:53,            Pace:            
4021,Rebeca Najera,F,18,"El Monte, CA",28 out of 29,6 out of 6,2 out of 2, 46.65% Place: 26,1:05:45 Pace: 10:35,1:05:45,1:05:45,            Pace:            
4013,Rafael Jimenez,M,14,"El Monte, CA",29 out of 29,23 out of 23,2 out of 2, 44.93% Place: 27,1:05:45 Pace: 10:35,1:05:45,1:05:45,            Pace:            
