Place,Name,Location,Bib,Net Time,Pace,Division/Place,Sex-Age,Sex-Place,Gun Time,Age Grade
1,Paulino Sanchez,"Anaheim, CA",234,17:40,5:41,M 13-17/1,M-16,1,17:40,77.77%
2,Miguel Lopez,"Anaheim, CA",239,17:55,5:46,M 13-17/2,M-16,2,17:56,76.54%
3,Jordan Sanchez,"Anaheim, CA",223,18:32,5:58,M 13-17/3,M-15,3,18:32,75.16%
4,Brian Grande,"Anaheim, CA",79,18:44,6:02,M 13-17/4,M-14,4,18:46,75.78%
5,Juan Gomez,"Anaheim, CA",241,18:52,6:05,M 40-44/1,M-41,5,18:53,72.94%
6,Matt Rippon,"Fullerton, CA",59,20:19,6:33,M 35-39/1,m-35,6,20:21,64.94%
7,Anthony Mejia,"Placentia, CA",51,20:19,6:33,M 30-34/1,m-33,7,20:21,64.29%
8,Steven Murillo,"Anaheim, CA",238,21:00,6:46,M 13-17/5,M-16,8,21:00,65.29%
9,Adam Cuevas,"Anaheim, CA",28,22:34,7:16,M 45-49/1,m-46,9,22:38,63.34%
10,Felipe Campiran,"Upland, CA",224,22:55,7:23,M 55-59/1,M-56,10,22:57,67.69%
11,Citlalli Malta,"Anaheim, CA",225,23:16,7:30,F 01-12/1,F-12,1,23:16,70.14%
12,David Isom,"Anaheim, CA",40,24:00,7:44,M 30-34/2,M-33,11,24:03,54.41%
13,Tyler Johnson,"Fullerton, CA",43,24:01,7:44,M 01-12/1,M-10,12,24:03,65.76%
14,Scott Hughes,"West Covina, CA",221,25:45,8:18,M 30-34/3,M-32,13,25:50,50.52%
15,Melina Alejo,"Anaheim, CA",20,26:40,8:35,F 30-34/1,F-31,2,26:44,55.60%
16,Graciela Guerrero,"Anaheim, CA",36,26:46,8:37,F 45-49/1,f-48,3,26:46,61.18%
17,Karla Felix,"Anaheim, CA",32,26:48,8:38,F 13-17/1,f-17,4,27:12,56.44%
18,Wencys Lua,"Anaheim, CA",218,26:58,8:41,M 01-12/2,M-10,14,26:58,58.57%
19,Evan Arns,"Placentia, CA",219,27:18,8:48,M 13-17/6,M-13,15,27:21,53.15%
20,Haley Johnson,"Fullerton, CA",42,27:19,8:48,F 01-12/2,F-12,5,27:22,59.65%
21,Miguel Gonzalez,"Anaheim, CA",34,27:34,8:53,M 13-17/7,m-14,16,27:34,51.45%
22,Miranda Fulk,"Anaheim, CA",227,27:37,8:54,F 13-17/2,F-16,6,27:39,55.43%
23,Omar Acevedo,"Anaheim, CA",19,27:44,8:56,M 13-17/8,m-16,17,27:47,49.43%
24,Irma Cruz,"Anaheim, CA",27,27:51,8:58,F 50-54/1,f-53,7,27:58,62.57%
25,David Towne,"Orange, CA",88,27:52,8:58,M 45-49/2,M-49,18,27:57,52.54%
26,Johnathan Leviste,"Seal Beach, CA",46,28:32,9:11,M 35-39/2,M-37,19,28:44,46.81%
27,Kortney Tambara,"Seal Beach, CA",67,28:35,9:12,F 30-34/2,F-33,8,28:47,52.01%
28,Alan Dicker,"Tustin, CA",29,29:39,9:33,M 35-39/3,M-37,20,29:44,45.05%
29,Estella Pena,"Anaheim, CA",255,30:02,9:40,F 55-59/1,F-57,9,30:05,61.13%
30,Carlos Sanchez,"Anaheim, CA",220,30:18,9:45,M 13-17/9,M-13,21,30:18,47.88%
31,Krystin Ikari,"Anaheim, CA",254,30:47,9:55,F 25-29/1,F-28,10,30:54,48.10%
32,Delmy Portillo,"Anaheim, CA",57,31:25,10:07,F 40-44/1,f-42,11,31:29,49.36%
33,Alfred Tijerina,"Anaheim, CA",250,31:58,10:18,M 40-44/2,M-41,22,32:09,43.04%
34,Kristy Mar,"Alhambra, CA",249,32:11,10:22,F 18-24/1,F-23,12,32:16,46.01%
35,Elvia Gen,"Anaheim, CA",33,32:59,10:37,F 40-44/2,F-44,13,33:04,47.72%
36,Alexandra Portillo,"Anaheim, CA",222,33:10,10:41,F 01-12/3,F-12,14,33:13,49.12%
37,David Douglass,"Anaheim, CA",30,33:14,10:42,M 60-64/1,m-63,23,33:19,49.57%
38,Elizabeth Marshall,"Brea, CA",49,33:16,10:43,F 35-39/1,f-35,15,44:16,44.96%
39,Tisa Read,"Lake Forest, CA",87,33:24,10:45,F 35-39/2,f-39,16,44:18,45.53%
40,Christopher Bottorff,"Lake Forest, CA",74,33:24,10:45,M 01-12/3,m-3,24,44:18, 0.00%
41,Renee Enos,"Yorba Linda, CA",31,33:35,10:49,F 50-54/2,f-50,17,33:40,49.95%
42,Angie Carrillo,"Garden Grove, CA",24,34:59,11:16,M 45-49/3,m-49,25,35:02,41.85%
43,Sarah Carrillo,"Garden Grove, CA",25,35:00,11:16,F 01-12/4,f-11,18,35:01,47.55%
44,Tracey Stewart,"Anaheim, CA",66,35:09,11:19,F 40-44/3,F-43,19,35:09,44.45%
45,Maribel Tijerina,"Anaheim, CA",248,35:31,11:26,F 35-39/3,F-38,20,35:41,42.63%
46,Joshua Brewster,"Anaheim, CA",75,35:40,11:29,M 25-29/1,M-25,26,35:40,36.19%
47,Angel Silva,"Anaheim, CA",62,36:19,11:42,M 13-17/10,M-14,27,36:25,39.07%
48,Jan Harp Domene,"Anaheim, CA",228,38:01,12:15,F 55-59/2,F-59,21,38:14,49.65%
49,My Tang,"Anaheim, CA",68,38:30,12:24,F 13-17/3,f-17,22,38:34,39.28%
50,Alex Correa,"Santa Ana, CA",217,39:35,12:45,M 18-24/1,M-18,28,39:38,33.70%
51,Jessica Arroyo,"Anaheim, CA",21,39:39,12:46,F 13-17/4,f-16,23,39:43,38.60%
52,Alma Rodriguez,"Anaheim, CA",61,40:04,12:54,F 13-17/5,f-14,24,40:06,39.24%
53,Julie Spykerman,"Anaheim, CA",65,40:07,12:55,F 55-59/3,f-56,25,40:16,45.14%
54,Lori Giroux,"Anaheim, CA",78,40:11,12:56,F 45-49/2,f-49,26,40:21,41.24%
55,Aldhara Najera,"Anaheim, CA",54,40:53,13:10,F 18-24/2,F-22,27,40:58,36.22%
56,Christine Mejia,"Placentia, CA",52,42:38,13:44,F 25-29/2,F-27,28,42:45,34.73%
57,Raul Franco,"Anaheim, CA",232,43:22,13:58,M 18-24/2,M-19,29,43:28,30.41%
58,Eduardo Roa,"Anaheim, CA",60,43:39,14:03,M 13-17/11,m-16,30,43:43,31.40%
59,Zachary Harrison,"Anaheim, CA",84,44:21,14:17,M 01-12/4,m-6,31,44:21,42.18%
60,Zoe Harrison,"Anaheim, CA",85,44:21,14:17,F 01-12/5,f-4,29,44:21, 0.00%
61,Dan Harrison,"Anaheim, CA",82,44:21,14:17,M 35-39/4,m-39,32,44:21,30.56%
62,Jennifer Harrison,"Anaheim, CA",83,44:26,14:18,F 35-39/4,f-38,30,44:26,34.07%
63,Easy Ramos,"Anaheim, CA",243,49:34,15:58,M 55-59/2,M-57,33,49:34,31.55%
64,Mayleen Silva,"Anaheim, CA",63,49:35,15:58,F 40-44/4,F-40,31,49:46,30.87%
65,Debra Hernandez,"Anaheim, CA",235,51:24,16:33,F 30-34/3,F-31,32,51:31,28.84%
66,Lisa Kott,"Anaheim, CA",253,51:29,16:35,F 55-59/4,F-55,33,51:43,34.72%
67,Paul Kott,"Anaheim, CA",256,51:44,16:39,M 55-59/3,M-57,34,51:44,30.23%
68,Fred Ortega,"Anaheim, CA",55,52:03,16:46,M 30-34/4,M-32,35,52:10,24.98%
69,Veronica Casa,"Anaheim, CA",252,54:28,17:32,F 18-24/3,F-19,34,54:34,27.27%
70,Kenia Monroy,"Anaheim, CA",240,54:34,17:34,F 18-24/4,F-18,35,54:34,27.44%
71,Michael Silva,"Anaheim, CA",64,56:23,18:09,M 01-12/5,M-11,36,56:30,27.14%
72,Robert Kasai,"Placentia, CA",44,56:25,18:10,M 55-59/4,m-58,37,56:36,27.96%
73,Glaphre Bailey,"Anaheim, CA",22,56:26,18:10,F 30-34/4,f-33,36,56:36,26.35%
74,Marisa Ortega,"Anaheim, CA",56,56:38,18:14,F 30-34/5,F-31,37,56:38,26.17%
75,William Archerburton,"Yorba Linda, CA",257,58:36,18:52,M 55-59/5,M-57,38,58:53,26.69%
77,Gloria Castro,"Corona, CA",77,58:54,18:58,F 40-44/5,F-42,39,59:05,26.32%
78,Rachel Avilez,"Anaheim, CA",73,58:54,18:58,F 40-44/6,F-41,40,59:04,26.13%
79,Andrew Castro,"Montclair, CA",76,58:55,18:58,M 40-44/3,M-42,39,59:05,23.51%
