Bib,Name,Gender,Age,Hometown,Overall,Men,M 13-17,Age/Grade,Finish,Chip Time,Gun Time
234,Paulino Sanchez,M,16,"Anaheim, CA",1 out of 79,1 out of 39,1 out of 11, 77.77% Place: 1,17:40 Pace: 5:41,17:38,17:40
239,Miguel Lopez,M,16,"Anaheim, CA",2 out of 79,2 out of 39,2 out of 11, 76.54% Place: 2,17:55 Pace: 5:46,17:55,17:56
223,Jordan Sanchez,M,15,"Anaheim, CA",3 out of 79,3 out of 39,3 out of 11, 75.16% Place: 4,18:32 Pace: 5:58,18:32,18:32
79,Brian Grande,M,14,"Anaheim, CA",4 out of 79,4 out of 39,4 out of 11, 75.78% Place: 3,18:44 Pace: 6:02,18:44,18:46
241,Juan Gomez,M,41,"Anaheim, CA",5 out of 79,5 out of 39,1 out of 3, 72.94% Place: 5,18:52 Pace: 6:05,18:52,18:53
59,Matt Rippon,m,35,"Fullerton, CA",6 out of 79,6 out of 39,1 out of 4, 64.94% Place: 10,20:19 Pace: 6:33,20:19,20:21
51,Anthony Mejia,m,33,"Placentia, CA",7 out of 79,7 out of 39,1 out of 4, 64.29% Place: 11,20:19 Pace: 6:33,20:19,20:21
238,Steven Murillo,M,16,"Anaheim, CA",8 out of 79,8 out of 39,5 out of 11, 65.29% Place: 9,21:00 Pace: 6:46,21:00,21:00
28,Adam Cuevas,m,46,"Anaheim, CA",9 out of 79,9 out of 39,1 out of 3, 63.34% Place: 12,22:34 Pace: 7:16,22:34,22:38
224,Felipe Campiran,M,56,"Upland, CA",10 out of 79,10 out of 39,1 out of 5, 67.69% Place: 7,22:55 Pace: 7:23,22:55,22:57
225,Citlalli Malta,F,12,"Anaheim, CA",11 out of 79,1 out of 40,1 out of 5, 70.14% Place: 6,23:16 Pace: 7:30,23:14,23:16
40,David Isom,M,33,"Anaheim, CA",12 out of 79,11 out of 39,2 out of 4, 54.41% Place: 21,24:00 Pace: 7:44,24:00,24:03
43,Tyler Johnson,M,10,"Fullerton, CA",13 out of 79,12 out of 39,1 out of 5, 65.76% Place: 8,24:01 Pace: 7:44,24:01,24:03
221,Scott Hughes,M,32,"West Covina, CA",14 out of 79,13 out of 39,3 out of 4, 50.52% Place: 26,25:45 Pace: 8:18,25:45,25:50
20,Melina Alejo,F,31,"Anaheim, CA",15 out of 79,2 out of 40,1 out of 5, 55.60% Place: 19,26:40 Pace: 8:35,26:40,26:44
36,Graciela Guerrero,f,48,"Anaheim, CA",16 out of 79,3 out of 40,1 out of 2, 61.18% Place: 14,26:46 Pace: 8:37,26:46,26:46
32,Karla Felix,f,17,"Anaheim, CA",17 out of 79,4 out of 40,1 out of 5, 56.44% Place: 18,26:48 Pace: 8:38,26:48,27:12
218,Wencys Lua,M,10,"Anaheim, CA",18 out of 79,14 out of 39,2 out of 5, 58.57% Place: 17,26:58 Pace: 8:41,26:58,26:58
219,Evan Arns,M,13,"Placentia, CA",19 out of 79,15 out of 39,6 out of 11, 53.15% Place: 22,27:18 Pace: 8:48,27:18,27:21
42,Haley Johnson,F,12,"Fullerton, CA",20 out of 79,5 out of 40,2 out of 5, 59.65% Place: 16,27:19 Pace: 8:48,27:19,27:22
34,Miguel Gonzalez,m,14,"Anaheim, CA",21 out of 79,16 out of 39,7 out of 11, 51.45% Place: 25,27:34 Pace: 8:53,27:34,27:34
227,Miranda Fulk,F,16,"Anaheim, CA",22 out of 79,6 out of 40,2 out of 5, 55.43% Place: 20,27:37 Pace: 8:54,27:37,27:39
19,Omar Acevedo,m,16,"Anaheim, CA",23 out of 79,17 out of 39,8 out of 11, 49.43% Place: 30,27:44 Pace: 8:56,27:44,27:47
27,Irma Cruz,f,53,"Anaheim, CA",24 out of 79,7 out of 40,1 out of 3, 62.57% Place: 13,27:51 Pace: 8:58,27:51,27:58
88,David Towne,M,49,"Orange, CA",25 out of 79,18 out of 39,2 out of 3, 52.54% Place: 23,27:52 Pace: 8:58,27:52,27:57
46,Johnathan Leviste,M,37,"Seal Beach, CA",26 out of 79,19 out of 39,2 out of 4, 46.81% Place: 37,28:32 Pace: 9:11,28:32,28:44
67,Kortney Tambara,F,33,"Seal Beach, CA",27 out of 79,8 out of 40,2 out of 5, 52.01% Place: 24,28:35 Pace: 9:12,28:35,28:47
29,Alan Dicker,M,37,"Tustin, CA",28 out of 79,20 out of 39,3 out of 4, 45.05% Place: 41,29:39 Pace: 9:33,29:39,29:44
255,Estella Pena,F,57,"Anaheim, CA",29 out of 79,9 out of 40,1 out of 4, 61.13% Place: 15,30:02 Pace: 9:40,30:02,30:05
220,Carlos Sanchez,M,13,"Anaheim, CA",30 out of 79,21 out of 39,9 out of 11, 47.88% Place: 34,30:18 Pace: 9:45,30:18,30:18
254,Krystin Ikari,F,28,"Anaheim, CA",31 out of 79,10 out of 40,1 out of 2, 48.10% Place: 33,30:47 Pace: 9:55,30:47,30:54
57,Delmy Portillo,f,42,"Anaheim, CA",32 out of 79,11 out of 40,1 out of 6, 49.36% Place: 31,31:25 Pace: 10:07,31:25,31:29
250,Alfred Tijerina,M,41,"Anaheim, CA",33 out of 79,22 out of 39,2 out of 3, 43.04% Place: 44,31:58 Pace: 10:18,31:58,32:09
249,Kristy Mar,F,23,"Alhambra, CA",34 out of 79,12 out of 40,1 out of 4, 46.01% Place: 38,32:11 Pace: 10:22,32:11,32:16
33,Elvia Gen,F,44,"Anaheim, CA",35 out of 79,13 out of 40,2 out of 6, 47.72% Place: 35,32:59 Pace: 10:37,32:59,33:04
222,Alexandra Portillo,F,12,"Anaheim, CA",36 out of 79,14 out of 40,3 out of 5, 49.12% Place: 32,33:10 Pace: 10:41,33:10,33:13
30,David Douglass,m,63,"Anaheim, CA",37 out of 79,23 out of 39,1 out of 1, 49.57% Place: 29,33:14 Pace: 10:42,33:14,33:19
49,Elizabeth Marshall,f,35,"Brea, CA",38 out of 79,15 out of 40,1 out of 4, 44.96% Place: 42,33:16 Pace: 10:43,33:16,44:16
87,Tisa Read,f,39,"Lake Forest, CA",39 out of 79,16 out of 40,2 out of 4, 45.53% Place: 39,33:24 Pace: 10:45,33:24,44:18
74,Christopher Bottorff,m,3,"Lake Forest, CA",40 out of 79,24 out of 39,3 out of 5,33:24 Pace: 10:45,33:24,44:18
31,Renee Enos,f,50,"Yorba Linda, CA",41 out of 79,17 out of 40,2 out of 3, 49.95% Place: 27,33:35 Pace: 10:49,33:35,33:40
24,Angie Carrillo,m,49,"Garden Grove, CA",42 out of 79,25 out of 39,3 out of 3, 41.85% Place: 47,34:59 Pace: 11:16,34:59,35:02
25,Sarah Carrillo,f,11,"Garden Grove, CA",43 out of 79,18 out of 40,4 out of 5, 47.55% Place: 36,35:00 Pace: 11:16,35:00,35:01
66,Tracey Stewart,F,43,"Anaheim, CA",44 out of 79,19 out of 40,3 out of 6, 44.45% Place: 43,35:09 Pace: 11:19,35:09,35:09
248,Maribel Tijerina,F,38,"Anaheim, CA",45 out of 79,20 out of 40,3 out of 4, 42.63% Place: 45,35:31 Pace: 11:26,35:31,35:41
75,Joshua Brewster,M,25,"Anaheim, CA",46 out of 79,26 out of 39,1 out of 1, 36.19% Place: 54,35:40 Pace: 11:29,35:40,35:40
62,Angel Silva,M,14,"Anaheim, CA",47 out of 79,27 out of 39,10 out of 11, 39.07% Place: 51,36:19 Pace: 11:42,36:19,36:25
228,Jan Harp Domene,F,59,"Anaheim, CA",48 out of 79,21 out of 40,2 out of 4, 49.65% Place: 28,38:01 Pace: 12:15,38:01,38:14
68,My Tang,f,17,"Anaheim, CA",49 out of 79,22 out of 40,3 out of 5, 39.28% Place: 49,38:30 Pace: 12:24,38:30,38:34
217,Alex Correa,M,18,"Santa Ana, CA",50 out of 79,28 out of 39,1 out of 2, 33.70% Place: 58,39:35 Pace: 12:45,39:35,39:38
21,Jessica Arroyo,f,16,"Anaheim, CA",51 out of 79,23 out of 40,4 out of 5, 38.60% Place: 52,39:39 Pace: 12:46,39:39,39:43
61,Alma Rodriguez,f,14,"Anaheim, CA",52 out of 79,24 out of 40,5 out of 5, 39.24% Place: 50,40:04 Pace: 12:54,40:04,40:06
65,Julie Spykerman,f,56,"Anaheim, CA",53 out of 79,25 out of 40,3 out of 4, 45.14% Place: 40,40:07 Pace: 12:55,40:07,40:16
78,Lori Giroux,f,49,"Anaheim, CA",54 out of 79,26 out of 40,2 out of 2, 41.24% Place: 48,40:11 Pace: 12:56,40:11,40:21
54,Aldhara Najera,F,22,"Anaheim, CA",55 out of 79,27 out of 40,2 out of 4, 36.22% Place: 53,40:53 Pace: 13:10,40:53,40:58
52,Christine Mejia,F,27,"Placentia, CA",56 out of 79,28 out of 40,2 out of 2, 34.73% Place: 55,42:38 Pace: 13:44,42:38,42:45
232,Raul Franco,M,19,"Anaheim, CA",57 out of 79,29 out of 39,2 out of 2, 30.41% Place: 63,43:22 Pace: 13:58,43:22,43:28
60,Eduardo Roa,m,16,"Anaheim, CA",58 out of 79,30 out of 39,11 out of 11, 31.40% Place: 60,43:39 Pace: 14:03,43:39,43:43
84,Zachary Harrison,m,6,"Anaheim, CA",59 out of 79,31 out of 39,4 out of 5, 42.18% Place: 46,44:21 Pace: 14:17,44:21,44:21
85,Zoe Harrison,f,4,"Anaheim, CA",60 out of 79,29 out of 40,5 out of 5,44:21 Pace: 14:17,44:21,44:21
82,Dan Harrison,m,39,"Anaheim, CA",61 out of 79,32 out of 39,4 out of 4, 30.56% Place: 62,44:21 Pace: 14:17,44:21,44:21
83,Jennifer Harrison,f,38,"Anaheim, CA",62 out of 79,30 out of 40,4 out of 4, 34.07% Place: 57,44:26 Pace: 14:18,44:26,44:26
243,Easy Ramos,M,57,"Anaheim, CA",63 out of 79,33 out of 39,2 out of 5, 31.55% Place: 59,49:34 Pace: 15:58,49:34,49:34
63,Mayleen Silva,F,40,"Anaheim, CA",64 out of 79,31 out of 40,4 out of 6, 30.87% Place: 61,49:35 Pace: 15:58,49:35,49:46
235,Debra Hernandez,F,31,"Anaheim, CA",65 out of 79,32 out of 40,3 out of 5, 28.84% Place: 66,51:24 Pace: 16:33,51:24,51:31
253,Lisa Kott,F,55,"Anaheim, CA",66 out of 79,33 out of 40,4 out of 4, 34.72% Place: 56,51:29 Pace: 16:35,51:29,51:43
256,Paul Kott,M,57,"Anaheim, CA",67 out of 79,34 out of 39,3 out of 5, 30.23% Place: 64,51:44 Pace: 16:39,51:44,51:44
55,Fred Ortega,M,32,"Anaheim, CA",68 out of 79,35 out of 39,4 out of 4, 24.98% Place: 76,52:03 Pace: 16:46,52:03,52:10
252,Veronica Casa,F,19,"Anaheim, CA",69 out of 79,34 out of 40,3 out of 4, 27.27% Place: 69,54:28 Pace: 17:32,54:28,54:34
240,Kenia Monroy,F,18,"Anaheim, CA",70 out of 79,35 out of 40,4 out of 4, 27.44% Place: 68,54:34 Pace: 17:34,54:34,54:34
64,Michael Silva,M,11,"Anaheim, CA",71 out of 79,36 out of 39,5 out of 5, 27.14% Place: 70,56:23 Pace: 18:09,56:23,56:30
44,Robert Kasai,m,58,"Placentia, CA",72 out of 79,37 out of 39,4 out of 5, 27.96% Place: 67,56:25 Pace: 18:10,56:25,56:36
22,Glaphre Bailey,f,33,"Anaheim, CA",73 out of 79,36 out of 40,4 out of 5, 26.35% Place: 72,56:26 Pace: 18:10,56:26,56:36
56,Marisa Ortega,F,31,"Anaheim, CA",74 out of 79,37 out of 40,5 out of 5, 26.17% Place: 74,56:38 Pace: 18:14,56:38,56:38
257,William Archerburton,M,57,"Yorba Linda, CA",75 out of 79,38 out of 39,5 out of 5, 26.69% Place: 71,58:36 Pace: 18:52,58:36,58:53
77,Gloria Castro,F,42,"Corona, CA",77 out of 79,39 out of 40,5 out of 6, 26.32% Place: 73,58:54 Pace: 18:58,58:54,59:05
73,Rachel Avilez,F,41,"Anaheim, CA",78 out of 79,40 out of 40,6 out of 6, 26.13% Place: 75,58:54 Pace: 18:58,58:54,59:04
76,Andrew Castro,M,42,"Montclair, CA",79 out of 79,39 out of 39,3 out of 3, 23.51% Place: 77,58:55 Pace: 18:58,58:55,59:05
