Place,Name,Location,Bib,Net Time,Pace,Division/Place,Sex-Age,Sex-Place,Gun Time,Age Grade
1,Sam Brandt,"Newville, PA",1544,35:54,5:47,M 20-24/1,M-20,1,35:54,75.69%
2,Joel Bender,"Bedford, NY",1953,38:33,6:13,M 40-44/1,M-41,2,38:33,74.33%
3,Austin Human,"Yorba Linda, CA",1966,38:49,6:15,M 15-19/1,M-15,3,38:49,74.80%
4,Jason Ray,"Yorba Linjda, CA",1162,39:07,6:18,M 30-34/1,M-30,4,39:07,68.81%
5,Don Shook,"Yorba Linda, CA",1925,41:00,6:36,M 45-49/1,M-49,5,41:00,74.27%
6,Bill Denton,"Irvine, CA",1056,43:19,6:59,M 50-54/1,M-54,6,43:23,73.25%
7,Jeff Snyder,"Pasadena, CA",1825,43:35,7:01,M 55-59/1,M-55,7,43:36,73.41%
8,Christopher Rosario,"Cerritos, CA",1592,43:38,7:02,M 35-39/1,M-39,8,43:43,64.65%
9,Stephen Comp,"Brea, CA",1067,43:58,7:05,M 20-24/2,M-22,9,44:13,61.13%
10,Krista Roy,"Provo, UT",1954,44:13,7:07,F 15-19/1,F-19,1,44:13,69.05%
11,Ryan Ellis,"Irvine, CA",1956,44:17,7:08,M 35-39/2,M-39,10,44:23,63.70%
12,Steve Merrilees,"Anaheim, CA",1494,44:45,7:13,M 60-64/1,M-60,11,44:52,74.63%
13,Joshua Zorola,"Villa Park, CA",1002,44:48,7:13,M 20-24/3,M-20,12,44:50,60.59%
14,Lisa Anderson,"Rancho Santa Margarita, CA",1378,44:50,7:13,F 45-49/1,F-45,2,44:50,72.74%
15,Christopher Healy,"Orange, CA",1581,45:06,7:16,M 35-39/3,M-35,13,45:42,60.85%
16,Brad Duke,"Costa Mesa, CA",1191,45:33,7:20,M 40-44/2,M-42,14,49:16,63.32%
17,Christopher Jeffers,"Pomona, CA",1967,45:44,7:22,M 50-54/2,M-51,15,48:48,67.70%
18,Alex Cheng,"Anaheim, CA",1373,45:48,7:23,M 15-19/2,M-18,16,45:56,60.65%
19,Linda Kean,"Orange, CA",1062,46:16,7:27,F 45-49/2,F-45,3,46:16,70.86%
20,Matt Ehrlich,"Huntington Beach, CA",1272,46:18,7:28,M 35-39/4,M-39,17,46:21,60.93%
21,Linda Manion,"Orange, CA",1024,46:24,7:28,F 35-39/1,F-38,4,46:24,66.93%
22,Alejandro Ramirez,"Salinas, CA",11394,46:25,7:29,M 30-34/2,M-30,18,46:27,58.01%
23,Barry Stangl,"San Clemente, CA",11594,47:03,7:35,M 50-54/3,M-52,19,8:48:19,66.34%
24,Joe Ogata,"Pacoima, CA",1904,47:10,7:36,M 60-64/2,M-62,20,47:13,72.07%
25,Adam Villela,"Orange, CA",1065,47:11,7:36,M 10-14/1,M-13,21,47:13,63.99%
26,Vince Lemus,"Villa Park, CA",1421,47:12,7:36,M 10-14/2,M-13,22,47:13,63.97%
27,Autumn Singh,"Irvine, CA",1053,47:17,7:37,F 25-29/1,F-29,5,47:17,64.22%
28,Chad Randolph,"Mooresville, NC",1590,47:54,7:43,M 45-49/2,M-45,23,48:02,61.64%
29,Frank Lahtinen,"Huntington Beach, CA",11493,48:07,7:45,M 50-54/4,M-50,24,8:49:22,63.83%
30,Gregory Charpentier,"Oak Hills, CA",1813,48:21,7:47,M 45-49/3,M-45,25,48:24,61.07%
31,Anthony Lemus,"Villa Park, CA",1420,48:30,7:49,M 45-49/4,M-46,26,48:32,61.33%
32,Tim Walsh,"Huntington Beach, CA",1963,48:37,7:50,M 30-34/3,M-34,27,48:41,56.14%
33,Carlos Torres,"Huntington Park, CA",1386,48:40,7:50,M 25-29/1,M-28,28,48:57,55.19%
34,Chad Dickey,"Orange, CA",1881,48:42,7:51,M 30-34/4,M-34,29,48:43,56.04%
35,Jason Lamb,"Irvine, CA",1119,48:48,7:52,M 40-44/3,M-41,30,49:00,58.66%
36,Doug Potter,"Villa Park, CA",1415,49:09,7:55,M 50-54/5,M-54,31,49:14,64.55%
37,James Allison,"Villa Park, CA",1855,49:14,7:56,M 50-54/6,M-50,32,49:19,62.38%
38,Nic Versteeg,"Villa Park, CA",1017,49:38,8:00,M 45-49/5,M-49,33,49:56,61.37%
39,Rod Parker,"Orange, CA",1587,49:40,8:00,M 45-49/6,M-49,34,49:48,61.33%
40,Myrna Caballero,"Anaheim Hills, CA",1357,49:42,8:00,F 45-49/3,F-47,6,49:44,66.79%
41,Oscar Meza,"Corona, CA",1652,49:42,8:00,M 25-29/2,M-27,35,50:12,54.04%
42,Alfredo Gonzalez,"San Diego, CA",1579,49:59,8:03,M 25-29/3,M-27,36,50:08,53.74%
43,Ron Matheison,"Golden, CO",1516,50:11,8:05,M 45-49/7,M-45,37,50:15,58.84%
44,Keiko Shimokawa,"Lomita, CA",1530,50:20,8:06,F 35-39/2,F-39,7,50:23,61.94%
45,Steve Rice,"Newport Beach, CA",1591,50:42,8:10,M 35-39/5,M-37,38,50:48,54.82%
46,David Mellady,"Tucson, AZ",1913,50:44,8:10,M 70-74/1,M-72,39,50:57,74.20%
47,Lisa Roehm-Gensel,"Anaheim, CA",1038,50:50,8:11,F 40-44/1,F-44,8,50:56,63.50%
48,Chuck Casey,"Irvine, CA",1021,50:55,8:12,M 50-54/7,M-51,40,51:06,60.81%
49,Freddy Luis,"Santa Monica, CA",1962,50:58,8:13,M 30-34/5,M-34,41,51:20,53.55%
50,Roy Berelowitz,"Villa Park, CA",1306,50:59,8:13,M 50-54/8,M-51,42,51:08,60.73%
51,Kelly Juell,"Anaheim, CA",1583,51:27,8:17,F 35-39/3,F-36,9,51:33,59.75%
52,Stephen Terpstra,"Costa Mesa, CA",1239,51:33,8:18,M 30-34/6,M-32,43,51:46,52.52%
53,Paula Goldfarb,"Orange, CA",1414,51:36,8:19,F 55-59/1,F-59,10,51:42,74.93%
54,Catherine Stack,"Anaheim, CA",1955,51:39,8:19,F 25-29/2,F-27,11,51:44,58.75%
55,Rudy Paz,"Orange, CA",1588,51:49,8:21,M 35-39/6,M-37,44,51:52,53.64%
56,Valentino Pacheco,"Orange, CA",1054,52:06,8:23,M 40-44/4,M-40,45,52:20,54.56%
57,William Langstaff,"Villa Park, CA",1105,52:25,8:27,M 60-64/3,M-63,46,52:30,65.43%
58,Jaime Ramirez,"Fullerton, CA",1667,52:27,8:27,M 25-29/4,M-29,47,52:45,51.24%
59,Anthony Winkles,"Irvine, CA",1529,52:41,8:29,M 35-39/7,M-36,48,52:58,52.41%
60,Stacey Grady,"Moreno Valley, CA",1580,52:50,8:31,F 35-39/4,F-39,12,52:58,59.01%
61,Brandi Rook,"Studio City, CA",1968,52:55,8:31,F 30-34/1,F-30,13,53:25,57.37%
62,Cathy Miller,"Fullerton, CA",1949,53:08,8:34,F 35-39/5,F-37,14,53:30,58.08%
63,Zarah-Marie Healy,"Orange, CA",1582,53:15,8:35,F 40-44/2,F-40,15,53:51,58.89%
64,Susie Miller,"Redondo Beach, CA",1228,53:26,8:36,F 35-39/6,F-38,16,53:42,58.03%
65,Jacqueline Cordova,"Brea, CA",1259,53:28,8:37,F 30-34/2,F-30,17,53:39,56.78%
66,Ricarda Benz,"Brea, CA",1039,53:31,8:37,F 40-44/3,F-44,18,53:41,60.31%
67,Michaela Dikanova,"McKinney, TX",1423,53:44,8:39,F 25-29/3,F-27,19,53:55,56.47%
68,Cindy Lee,"Los Angeles, CA",1479,54:09,8:43,F 30-34/3,F-33,20,54:22,56.28%
69,Gabriel Schij,"Long Beach, CA",1123,54:12,8:44,M 60-64/4,M-63,49,54:16,63.27%
70,David This,"Brea, CA",1196,54:39,8:48,M 55-59/2,M-57,50,55:13,59.55%
71,Jonathan Fuentes,"Orange, CA",1227,54:41,8:48,M 20-24/4,M-22,51,55:12,49.15%
72,Robert Chao,"Orange, CA",1274,55:11,8:53,M 30-34/7,M-32,52,55:46,49.06%
73,Mel Guzman,"Lakewood, CA",1935,55:23,8:55,M 35-39/8,M-35,53,55:31,49.55%
74,Sharon Tan,"Hacienda Heights, CA",1470,55:23,8:55,F 25-29/4,F-26,21,55:44,54.79%
75,Lisa Osterkamp,"Orange, CA",1934,55:25,8:55,F 40-44/4,F-41,22,55:43,56.92%
76,Mary Lou Cappel,"Huntington Beach, CA",1858,55:42,8:58,F 60-64/1,F-62,23,56:04,72.43%
77,Elizabeth Dahlstrom,"Fullerton, CA",1613,55:51,9:00,F 30-34/4,F-32,24,56:06,54.45%
78,Sandra Del Cid,"Whittier, CA",1276,56:04,9:02,F 30-34/5,F-30,25,56:28,54.15%
79,Paul Rivera,"Anaheim, CA",1289,56:06,9:02,M 40-44/5,M-41,54,56:34,51.03%
80,Steve McGlawn,"Yorba Linda, CA",1950,56:15,9:04,M 50-54/9,M-51,55,56:23,55.04%
81,Angel Vasquez,"Orange, CA",1260,56:17,9:04,M 35-39/9,M-39,56,56:44,50.12%
82,Jeff Katz,"Yorba Linda, CA",1097,56:17,9:04,M 50-54/10,M-54,57,56:23,56.37%
83,Laura G Urish,"Mission Viejo, CA",1915,56:18,9:04,F 50-54/1,F-52,26,56:40,62.60%
84,Daniel Henderson,"Anaheim, CA",1872,56:19,9:04,M 65-69/1,M-69,58,56:31,64.42%
85,Juan Torres,"Huntington Park, CA",1388,56:20,9:04,M 50-54/11,M-51,59,57:00,54.96%
86,Noemi Chronopoulos,"Anaheim, CA",1485,56:23,9:05,F 35-39/7,F-36,27,56:36,54.52%
87,Deborah Scott,"Anaheim, CA",1091,56:29,9:06,F 50-54/2,F-54,28,56:50,64.02%
88,Ken Kist,"Santa Ana, CA",1187,56:30,9:06,M 35-39/10,M-37,60,56:39,49.19%
89,Annie Cheng,"Anaheim, CA",1374,56:36,9:07,F 25-29/5,F-25,29,56:48,53.61%
90,Kevin Fujiwara,"Artesia, CA",1528,56:39,9:07,M 25-29/5,M-26,61,56:50,47.41%
91,Monica Florez,"Long Beach, CA",1906,56:40,9:08,F 25-29/6,F-25,30,56:50,53.55%
92,Elizabeth Breen,"Whittier, CA",1603,56:43,9:08,F 40-44/5,F-41,31,56:49,55.61%
93,Jim Hunter,"Villa Park, CA",1103,56:46,9:09,M 45-49/8,M-49,62,56:55,53.66%
94,Jennifer Pijloo,"Orange, CA",1946,56:49,9:09,F 45-49/4,F-46,32,57:12,57.83%
95,Molly Conroy-Ungerecht,"Beaumont, CA",1533,56:57,9:10,F 40-44/6,F-41,33,57:15,55.39%
96,Kris McPeak,"Redlands, CA",1134,56:57,9:10,F 40-44/7,F-43,34,57:16,56.21%
97,Gina Ortiz,"Orange, CA",1662,57:07,9:12,F 30-34/6,F-31,35,57:18,53.18%
98,Raffi Sayabalian,"Woodland Hills, CA",1424,57:09,9:12,M 35-39/11,M-38,63,57:36,49.01%
99,Stacey Walters,"Orange, CA",1944,57:14,9:13,F 30-34/7,F-30,36,57:35,53.04%
100,Laura Tan-Yang,"San Marino, CA",1480,57:14,9:13,F 40-44/8,F-43,37,57:27,55.93%
