Place,Name,Location,Bib,Net Time,Pace,Division/Place,Sex-Age,Sex-Place,Gun Time,Age Grade
1,Jake Ainsworth,"Long Beach, CA",2,15:14,4:55,M 19-24/0,M-23,1,15:14,84.78%
2,Alex Freitas,"Long Beach, CA",61,16:02,5:10,M 19-24/0,M-22,2,16:02,80.54%
3,Sean Sommerville,"Long Beach, CA",139,16:22,5:16,M 19-24/0,M-22,3,16:21,78.98%
4,Carly Harris,"Long Beach, CA",1,17:06,5:31,F 19-24/0,F-23,1,17:05,86.72%
5,Kirsten Leetch,"Redondo Beach, CA",203,17:35,5:40,F 40-44/0,F-44,2,17:27,90.25%
6,William Kokal,"Fountain Valley, CA",89,17:38,5:41,M 15-18/1,M-15,4,17:38,79.00%
7,Ryan Poblete,"Cerritos, CA",120,18:03,5:49,M 15-18/2,M-18,5,17:57,74.35%
8,Steven Cardinalli,"Long Beach, CA",42,18:07,5:50,M 25-29/1,M-25,6,18:07,71.27%
9,Edgar Villa,"Norwalk, CA",213,18:08,5:51,M NoAge/0,M-0,7,18:08, 0.00%
10,Brian Kelley,"Huntington Beach, CA",83,18:09,5:51,M 25-29/2,M-29,8,18:09,71.23%
11,Brian Conboy,"Lakewood, CA",386,18:13,5:52,M 40-44/0,M-42,9,18:13,76.10%
12,Juan Cano,"Inglewood, CA",41,18:23,5:55,M 19-24/1,M-24,10,18:22,70.30%
13,Jaime Grabinski,"Long Beach, CA",195,18:36,6:00,M 15-18/3,M-18,11,18:36,71.75%
14,Teylin Ruiz,"Downey, CA",244,19:20,6:14,M 15-18/4,M-18,12,19:22,68.97%
15,Jarrod Kennelly,"Long Beach, CA",165,19:33,6:18,M 35-39/1,M-39,13,19:34,69.37%
16,Beth Hibbard,"Huntington Beach, CA",211,19:36,6:19,F 35-39/0,F-38,3,19:36,77.28%
17,Steve Fong,"Long Beach, CA",224,19:50,6:23,M 40-44/0,M-41,14,19:51,69.39%
18,Aaron Wilkes,"Long Beach, CA",153,20:04,6:28,Unknown/7,M-13,15,20:03,72.38%
19,Christian Kerr,"Long Beach, CA",190,20:15,6:31,Unknown/8,M-14,16,20:14,70.16%
20,Kristen James,"Lakewood, CA",385,20:15,6:32,F 30-34/1,F-34,4,20:16,73.64%
21,Guido Quezada,"Long Beach, CA",121,20:24,6:34,M 50-54/0,M-52,17,20:23,73.57%
22,Jeremy Berryman,"Long Beach, CA",30,20:31,6:37,M 40-44/1,M-40,18,20:32,66.59%
23,John Hunter,"Cypress, CA",196,20:51,6:43,M 50-54/1,M-54,19,20:52,73.12%
24,Lisa Nordholm,"Huntington Beach, CA",109,20:55,6:44,F 19-24/1,F-24,5,20:56,70.81%
25,Leo Danaher,"Long Beach, CA",193,21:11,6:50,M 25-29/3,M-29,20,21:15,61.02%
26,Sergio Villa,"Norwalk, CA",217,21:15,6:51,M 25-29/4,M-28,21,21:23,60.75%
27,Cory Loebl,"Long Beach, CA",199,21:15,6:51,M 30-34/1,M-30,22,21:17,60.91%
28,Albert Licano,"Long Beach, CA",192,21:16,6:51,M 40-44/2,M-44,23,21:18,66.20%
29,Dylan Laio,"Seal Beach, CA",181,21:18,6:52,M 19-24/2,M-24,24,21:20,60.61%
30,Sarah Phillips,"Placentia, CA",119,21:22,6:53,F 15-18/1,F-16,6,21:24,71.66%
31,James Gonzalez,"Hawaiian Gardens, CA",66,21:33,6:57,M 50-54/2,M-50,25,21:41,68.50%
32,Kennett Dempster,"Long Beach, CA",230,21:36,6:57,M 40-44/3,M-40,26,21:37,63.24%
33,Kathy Hoskins,"Long Beach, CA",205,21:48,7:01,F 45-49/0,F-49,7,21:49,76.05%
34,David Ewoldt,"Long Beach, CA",54,21:59,7:05,M 55-59/1,m-55,27,22:01,69.95%
35,Lorenzo Herrera,"Buena Park, CA",79,22:07,7:07,M 55-59/2,M-59,28,22:13,71.95%
36,Lisa Hasvold,"Fallbrook, CA",71,22:11,7:09,F 45-49/0,F-49,8,22:16,74.74%
37,Vernon Stephens,"Long Beach, CA",142,22:18,7:11,M 45-49/1,M-45,29,22:23,63.65%
38,Peter Sanchez,"Long Beach, CA",368,22:21,7:12,M 45-49/2,m-48,30,22:25,65.00%
39,Julia Fuchs,"Long Beach, CA",62,22:36,7:17,F 25-29/1,F-25,9,22:40,65.54%
40,Daniel Hepler,"Simi Valley, CA",75,22:41,7:18,M 25-29/5,M-25,31,22:43,56.91%
41,Jaclyn Pedersen,"Simi Valley, CA",116,22:41,7:18,F 25-29/2,F-27,10,22:43,65.29%
42,Jason Jaramillo,"Riverside, CA",81,22:54,7:23,M 25-29/6,M-26,32,23:23,56.37%
43,Josh Sedgwick,"Lakewood, CA",172,23:09,7:27,M 19-24/3,M-23,33,23:17,55.76%
44,Mark Malone,"Long Beach, CA",103,23:12,7:29,M 50-54/3,M-52,34,23:15,64.63%
45,Maribeth Sythe,"Long Beach, CA",144,23:24,7:32,F 40-44/1,F-44,11,23:30,67.28%
46,Ashleigh Gunderman,"Long Beach, CA",68,23:25,7:33,F 19-24/2,F-23,12,23:32,63.25%
47,Brianna Phillips,"Hacienda Hgts, CA",194,23:33,7:35,F 19-24/3,F-20,13,23:35,62.89%
48,Gabriel Reiser,"Long Beach, CA",127,23:35,7:36,Unknown/9,M-11,35,23:37,64.92%
49,Vincent Ramos,"Calimesa, CA",221,23:42,7:38,M 60-64/1,M-60,36,23:43,67.70%
50,Stephanie Glick,"Long Beach, CA",64,23:50,7:41,F 19-24/4,F-20,14,23:51,62.14%
51,Elizabeth Pou,"Long Beach, CA",188,23:53,7:42,F 40-44/2,F-41,15,23:59,64.46%
52,David Waltzman,"Long Beach, CA",151,24:02,7:45,M 19-24/4,M-22,37,24:08,53.71%
53,Peter Lange,"Cypress, CA",94,24:03,7:45,M 19-24/5,M-22,38,24:09,53.68%
54,Nicholas Nhem,"Tustin, CA",108,24:04,7:45,M 30-34/2,M-34,39,24:13,54.54%
55,Anne Lattime,"Long Beach, CA",375,24:12,7:48,F 40-44/3,F-42,16,24:19,64.09%
56,John Kitahara,"Westminster, CA",88,24:16,7:49,M 25-29/7,M-27,40,24:44,53.20%
57,Patricia Coulombe,"Long Beach, CA",169,24:16,7:49,F 45-49/1,F-46,17,24:22,66.07%
58,David Kuntz,"Huntington Beach, CA",380,24:17,7:49,M 55-59/3,M-58,41,24:27,64.97%
59,Roberta Bonifacio,"Long Beach, CA",36,24:21,7:51,F 45-49/2,F-49,18,24:26,68.08%
60,Mason Keith,"Belmont Shore, CA",370,24:28,7:53,M 50-54/4,M-50,42,24:35,60.33%
61,Mike Jacoby,"Belmont Shore, CA",395,24:34,7:55,M 45-49/3,m-49,43,24:37,59.61%
62,Veronica Kimble,"Long Beach, CA",242,24:42,7:57,F 40-44/4,F-41,19,24:52,62.32%
63,Steve Metz,"Long Beach, CA",248,24:48,7:59,M 35-39/2,M-39,44,24:50,54.64%
64,Santiago Bondoc,"Long Beach, CA",191,24:55,8:02,M 40-44/4,M-42,45,25:09,55.62%
65,Damian Medina,"Long Beach, CA",376,24:56,8:02,M 40-44/5,M-41,46,25:07,55.18%
66,Alex Lee,"Bellflower, CA",96,25:03,8:04,M 19-24/6,M-20,47,25:11,52.06%
67,Juan Sanson,"Long Beach, CA",232,25:14,8:08,M 35-39/3,M-37,48,25:34,52.94%
68,Kyle Clark,"Lakewood, CA",45,25:22,8:10,M 15-18/5,M-15,49,25:29,54.90%
69,Eric Walden,"Seal Beach, CA",150,25:22,8:10,M 15-18/6,M-15,50,25:30,54.90%
70,Jose Aguayo,"Long Beach, CA",227,25:23,8:10,M 40-44/6,M-44,51,25:26,55.45%
71,Vince Pacheco,"Long Beach, CA",186,25:25,8:11,M 35-39/4,M-39,52,25:39,53.35%
72,Joe Padilla,"Long Beach, CA",114,25:27,8:12,M 35-39/5,M-39,53,25:32,53.28%
73,Shari Rouse,"Los Alamitos, CA",67,25:29,8:13,F 40-44/5,F-43,20,25:36,61.32%
74,Mike Dunn,"Lakewood, CA",384,25:31,8:13,M 35-39/6,M-37,54,25:39,52.35%
75,Melina Christidis,"Long Beach, CA",178,25:39,8:16,F 25-29/3,F-27,21,25:45,57.74%
76,Elise Ponce,"Los Angeles, CA",182,25:39,8:16,F 19-24/5,F-20,22,25:42,57.74%
77,Steve Kent,"Long Beach, CA",84,25:46,8:18,M 45-49/4,M-49,55,25:51,56.83%
78,Sara Rose Blasi,"Seal Beach, CA",34,25:55,8:21,Unknown/1,F-11,23,25:58,64.22%
79,David Blasi,"Seal Beach, CA",33,25:58,8:22,M 50-54/5,M-51,56,26:02,57.29%
80,David Owen,"Long Beach, CA",174,26:04,8:24,M 40-44/7,M-41,57,26:09,52.78%
81,Aaron Hernandez,"Huntington Beach, CA",76,26:12,8:26,M 25-29/8,M-29,58,26:40,49.33%
82,Curtis Marrero,"Seal Beach, CA",204,26:12,8:26,M 19-24/7,M-24,59,26:14,49.27%
83,Victor Pacheco,"Long Beach, CA",185,26:16,8:28,M 35-39/7,M-38,60,26:30,51.24%
84,Joseph Lapine,"Long Beach, CA",95,26:17,8:28,M 55-59/4,M-56,61,26:28,59.01%
85,Hayley Pascual,"Downey, CA",239,26:17,8:28,F 15-18/2,F-16,24,26:24,58.25%
86,Jennifer Jean,"Anaheim, CA",82,26:18,8:28,F 30-34/2,F-33,25,26:20,56.56%
87,Mara Koval,"Long Beach, CA",90,26:21,8:29,Unknown/2,F-13,26,26:28,60.63%
88,Arthur Gittleman,"Huntington Bh, CA",223,26:35,8:34,M 65-69/1,M-69,62,26:37,65.62%
89,Teresa Berryman,"Long Beach, CA",31,26:38,8:35,F 35-39/1,F-38,27,26:46,56.86%
90,Valerie Lang,"Redondo Beach, CA",93,26:46,8:37,F 50-54/1,F-51,28,26:53,63.43%
91,Andrew Kerr,"Long Beach, CA",189,26:57,8:41,M 40-44/8,M-40,63,26:57,50.68%
92,John Dowsett,"Long Beach, CA",359,26:58,8:41,M 19-24/8,M-21,64,27:08,48.05%
93,Liz Burger,"Avalon, CA",369,26:58,8:41,F 60-64/1,f-63,29,27:02,74.09%
94,Ronald Hernandez,"Hawaiian Gardens, CA",77,26:59,8:41,M 30-34/3,M-30,65,27:07,47.96%
95,Ashley Wilkes,"Long Beach, CA",154,27:00,8:42,Unknown/3,F-11,30,26:59,61.68%
96,Sergio Ramirez,"Long Beach, CA",1252,27:04,8:43,Unknown/10,M-13,66,27:03,53.64%
97,Robert Valentine,"Cerritos, CA",145,27:07,8:44,M 60-64/2,M-62,67,27:16,60.21%
98,Jannette Martes,"Lakewood, CA",159,27:20,8:48,F 35-39/2,F-39,31,27:30,55.64%
99,Erin Medina,"Long Beach, CA",377,27:30,8:51,F 35-39/3,F-39,32,27:44,55.31%
100,Karen Kreider,"Brawley, CA",91,27:30,8:52,F 19-24/6,F-21,33,27:40,53.85%
101,Prair Pataramekin,"Chicago, IL",115,27:33,8:52,F 30-34/3,F-33,34,27:36,54.00%
102,Steven Becotte,"Long Beach, CA",173,27:33,8:52,M 40-44/9,M-43,68,27:43,50.73%
103,Chris Gliniak,"Long Beach, CA",65,27:44,8:56,M 25-29/9,M-25,69,27:52,46.54%
104,Kathy Scott,"Torrance, CA",374,27:45,8:56,F 45-49/3,F-46,35,27:58,57.81%
105,Derek Reiser,"Long Beach, CA",126,27:49,8:57,Unknown/11,M-9,70,27:50,58.81%
106,Mary Ellen Vojtek,"Redondo Beach, CA",148,27:50,8:58,F 50-54/2,F-53,36,27:58,62.61%
107,Nicole Madison,"Rossmoor, CA",101,27:50,8:58,F 35-39/4,F-35,37,28:02,53.74%
108,Julie Duff,"Rossmoor, CA",52,27:50,8:58,F 35-39/5,F-38,38,28:02,54.40%
109,April Ronay,"Long Beach, CA",162,27:56,9:00,F 35-39/6,F-36,39,28:08,53.73%
110,Michael Munoz,"San Bernardino, CA",107,28:01,9:01,M 30-34/4,M-33,71,28:04,46.61%
111,Robert Foster,"Lakewood, CA",57,28:08,9:04,M 40-44/10,M-41,72,28:11,48.90%
112,Phillip Southern,"Corona, CA",245,28:19,9:07,M 30-34/5,M-32,73,28:49,45.94%
113,Howard Scott,"Long Beach, CA",238,28:25,9:09,M 65-69/2,M-68,74,28:32,60.74%
114,Teresa Woolvett,"Long Beach, CA",236,28:37,9:13,F 40-44/6,F-43,40,28:55,54.60%
115,Sharon Gustaves,"Long Beach, CA",237,28:37,9:13,F 50-54/3,F-51,41,28:55,59.32%
116,Dean Deme,"Gardena, CA",256,28:48,9:17,M 40-44/11,M-41,75,29:16,47.77%
117,Susie Laio,"Seal Beach, CA",180,28:56,9:19,F 55-59/1,F-57,42,29:00,63.46%
118,Shanna Newton,"Long Beach, CA",373,28:56,9:19,F 19-24/7,F-20,43,29:05,51.18%
119,Dulce Barton,"Long Beach, CA",379,28:56,9:19,F 50-54/4,F-54,44,29:08,60.98%
120,Christina Lisk,"Long Beach, CA",372,28:57,9:19,F 19-24/8,F-21,45,29:05,51.15%
121,Aundrea Gutierrez,"Yucaipa, CA",69,29:00,9:20,F 25-29/4,F-29,46,29:06,51.06%
122,Allen Teagle,"Long Beach, CA",251,29:03,9:21,M 40-44/12,M-43,76,29:17,48.11%
123,Ryan Borde,"Long Beach, CA",200,29:07,9:23,M 30-34/6,M-32,77,29:19,44.67%
124,Julie Feld,"Woodland Hills, CA",209,29:08,9:23,F 25-29/5,F-28,47,29:17,50.83%
125,Walt Hitt,"Costa Mesa, CA",80,29:09,9:23,M 60-64/3,M-60,78,29:17,55.03%
126,Tom Pontac,"Seal Beach, CA",397,29:10,9:24,M 70-74/1,m-74,79,29:10,63.89%
127,David Feld,"Woodland Hills, CA",208,29:17,9:26,M 30-34/7,M-30,80,29:17,44.19%
128,Camila Teagle-Alarcon,"Long Beach, CA",252,29:21,9:27,Unknown/4,F-11,48,29:35,56.70%
129,John Hendricks II,"Long Beach, CA",73,29:30,9:30,M 30-34/8,M-34,81,29:44,44.49%
130,Jeffrey Miller,"Venice, CA",210,29:35,9:32,M 30-34/9,M-34,82,29:38,44.36%
131,David Odom,"Long Beach, CA",112,29:41,9:33,M 45-49/5,M-46,83,29:54,48.15%
132,Daniel Deering,"Chicago, IL",49,29:42,9:34,M 30-34/10,M-33,84,29:46,43.96%
133,Megan Wantanbe,"Fountain Valley, CA",400,29:43,9:34,F 19-24/9,f-23,49,29:46,49.83%
134,Cyntia Nunez,"Lawndale, CA",399,29:43,9:34,F 19-24/10,f-23,50,29:46,49.83%
135,Sue Miracle,"Long Beach, CA",106,29:45,9:35,F 40-44/7,F-40,51,29:55,51.46%
136,Janet Robinson,"Long Beach, CA",130,29:48,9:36,F 35-39/7,F-36,52,29:51,50.36%
137,Claudia Villalobos,"Compton, CA",160,29:50,9:37,F 30-34/4,F-33,53,30:07,49.86%
138,Pete Ramirez,"Visalia, CA",125,29:58,9:39,M 50-54/6,M-53,85,30:08,50.47%
139,Barbie Spatz,"Long Beach, CA",228,30:05,9:41,F 60-64/2,F-62,54,30:17,65.47%
140,Robin Westmoreland,"Long Beach, CA",243,30:10,9:43,F 45-49/4,F-45,55,30:22,52.68%
141,Vic Cegles,"Long Beach, CA",364,30:36,9:51,M NoAge/0,M-0,86,30:47, 0.00%
142,David Erickson,"Cypress, CA",53,30:41,9:53,M 45-49/6,M-48,87,30:59,47.34%
143,Jennifer Foster,"Lakewood, CA",56,30:43,9:54,F 35-39/8,F-37,56,30:47,49.02%
144,Elizabeth Sanchez,"Lakewood, CA",166,30:55,9:57,F 40-44/8,F-44,57,31:07,50.92%
145,Evalyn Lopez,"Long Beach, CA",253,30:59,9:59,F 19-24/11,F-21,58,31:05,47.79%
146,Juan Delgado,"Hawaiian Gardens, CA",50,31:02,10:00,M 35-39/8,M-36,88,31:11,42.77%
147,Matthew Mendiola,"Cerritos, CA",104,31:13,10:03,Unknown/12,M-11,89,31:23,49.04%
148,Cindy Carlson,"Cerritos, CA",43,31:13,10:03,F 35-39/9,F-37,59,31:23,48.24%
149,Juan Alas,"Hawaiian Gardens, CA",26,31:17,10:05,M 40-44/13,M-42,90,31:27,44.30%
150,Shannon Everett,"Long Beach, CA",158,31:20,10:05,F 30-34/5,F-31,60,31:30,47.31%
151,Micaela Green,"Chino Hills, CA",197,31:28,10:08,F 19-24/12,F-20,61,31:32,47.06%
152,Daniel Green,"Chino Hills, CA",198,31:28,10:08,M 50-54/7,M-52,91,31:32,47.64%
153,Tom Owen,"Long Beach, CA",113,31:35,10:10,M 40-44/14,M-40,92,31:41,43.24%
154,Eric Ham,"Long Beach, CA",70,31:38,10:11,M 30-34/11,M-33,93,31:45,41.28%
155,Elizabeth Rodriguez,"Los Alamitos, CA",234,32:16,10:24,F 40-44/9,F-43,62,32:25,48.42%
156,Andrew Soto,"San Pedro, CA",170,32:30,10:28,M 65-69/3,M-68,94,32:47,53.10%
157,Jerald Perkins,"Whittier, CA",117,32:35,10:30,M 70-74/2,M-74,95,32:46,57.22%
158,Eleni Dimitropoulos,"Long Beach, CA",254,32:37,10:30,F 35-39/10,F-38,63,32:44,46.42%
159,Nicole Alfaro,"La Mirada, CA",202,32:39,10:31,Unknown/5,F-10,64,32:47,52.30%
160,Peter Young,"San Pedro, CA",156,32:59,10:37,M 60-64/4,M-64,96,33:16,50.40%
161,Michael Fortaleza,"Vallejo, CA",55,33:13,10:42,M 25-29/10,M-27,97,33:25,38.86%
162,Angie Zetterquist,"Long Beach, CA",246,33:14,10:42,F 35-39/11,F-36,65,33:36,45.16%
163,Joshua Spillane,"La Mirada, CA",215,33:27,10:46,Unknown/13,M-14,98,33:31,42.42%
164,Jasohara Bemontez,"Anaheim, CA",123,33:36,10:49,Unknown/6,F-14,66,33:41,46.80%
165,Sharon Campbell,"Westminster, CA",40,33:39,10:50,F 50-54/5,F-50,67,33:52,49.85%
166,Noemi Quiroz,"Anaheim, CA",124,33:45,10:52,F 30-34/6,F-31,68,33:50,43.92%
167,Juan Diaz,"Lakewood, CA",51,33:46,10:52,M 25-29/11,M-27,99,33:48,38.22%
168,Victor Valdez,"Huntington Pk, CA",161,33:49,10:53,M 35-39/9,M-37,100,34:09,39.50%
169,Jakeline Sanchez,"Sonoma, CA",226,33:55,10:55,F 19-24/13,F-24,69,34:08,43.66%
170,Annalisa Castillo,"Fullerton, CA",225,33:57,10:56,F 19-24/14,F-24,70,34:10,43.61%
171,Karla Juarez,"Baldwin Park, CA",358,34:20,11:03,F 19-24/15,F-23,71,34:30,43.13%
172,Andrew Nichols,"Las Vegas, NV",357,34:20,11:03,M 19-24/9,M-23,101,34:30,37.59%
173,Tamara Premsrirath,"Artesia, CA",378,34:20,11:04,F 35-39/12,F-35,72,34:32,43.56%
174,Debbie Mahaffey,"Long Beach, CA",102,34:51,11:13,F 50-54/6,F-53,73,35:03,50.00%
175,Corrina Gallegos,"Lakewood, CA",63,35:00,11:16,F 30-34/7,F-31,74,35:03,42.35%
176,Ron Nagy,"Huntington Beach, CA",231,35:21,11:23,M 65-69/4,M-66,102,35:36,47.92%
177,Cindy Kuntz,"Huntington Beach, CA",381,35:22,11:23,F 55-59/2,F-57,75,35:33,51.91%
178,Edward Villalobos,"Bixby Knolls, CA",382,35:25,11:24,M 65-69/5,M-68,103,35:33,48.73%
179,Ramon Alfaro,"La Mirada, CA",201,35:35,11:27,M 35-39/10,M-36,104,35:42,37.30%
180,Keri Pommerenk,"Long Beach, CA",247,35:52,11:33,F 35-39/13,F-38,76,36:04,42.21%
181,Lydia Ramos,"Calimesa, CA",222,35:58,11:35,F 55-59/3,F-58,77,36:12,51.74%
182,Nadine Akers,"Long Beach, CA",255,36:11,11:39,F 30-34/8,F-32,78,36:44,41.01%
183,Sonja Fisher,"Los Angeles, CA",371,36:15,11:40,F 40-44/10,F-41,79,36:26,42.46%
184,Lindsey Marks,"Long Beach, CA",176,36:27,11:44,F 35-39/14,F-35,80,36:40,41.03%
185,Sylvia Hendron,"Long Beach, CA",171,36:27,11:44,F 35-39/15,F-36,81,36:40,41.17%
186,Matthew Ross,"Cypress, CA",133,37:13,11:59,M 40-44/15,M-41,105,37:40,36.96%
187,Gabrielle Dickey,"Long Beach, CA",207,37:17,12:00,F 45-49/5,F-45,82,37:33,42.62%
188,Leroy Taylor,"Ontario, CA",206,37:17,12:00,M 50-54/8,M-50,106,37:33,39.58%
189,Stacey Creech,"Long Beach, CA",48,37:54,12:12,F 30-34/9,F-31,83,38:07,39.11%
190,Sarah Rogers,"Long Beach, CA",132,37:58,12:13,F 19-24/16,F-19,84,38:17,39.13%
191,Barbara Carroll,"Long Beach, CA",44,38:01,12:14,F 35-39/16,F-38,85,38:14,39.82%
192,Bridget Schinnerer,"Monrovia, CA",220,38:03,12:15,F 45-49/6,F-47,86,38:18,42.59%
193,Hilda Henriquez,"Long Beach, CA",74,38:54,12:31,F 45-49/7,F-45,87,39:08,40.85%
194,Robbie Clark,"La Mirada, CA",216,38:58,12:33,F 45-49/8,F-49,88,39:01,42.53%
195,Jeanne Pontac,"Seal Beach, CA",398,39:40,12:46,F 65-69/1,f-65,89,39:49,51.91%
196,Mildred Zepeda,"Los Angeles, CA",157,40:31,13:03,F 55-59/4,F-59,90,40:45,46.58%
197,Ronda Stephens,"Long Beach, CA",141,40:49,13:09,F 45-49/9,F-48,91,40:56,40.11%
198,Kim Swobodzinski,"La Mirada, CA",214,41:00,13:12,F 50-54/7,F-53,92,41:04,42.50%
199,Marc Rothenberg,"Long Beach, CA",134,41:28,13:21,M 55-59/5,M-59,107,41:33,38.36%
200,Lynda Richard,"San Pedro, CA",164,41:28,13:21,F 55-59/5,F-55,93,41:33,43.10%
