Place,Name,Location,Bib,Net Time,Pace,Division/Place,Sex-Age,Sex-Place,Gun Time,Age Grade
1,Christian Cushing Murray,"Santa Ana, CA",339,15:01,4:50,M 40-44/1,M-42,1,15:01,92.33%
2,Charles Appell,"Huntington Beach, CA",350,15:50,5:06,M 30-34/1,M-32,2,15:50,82.19%
3,Frank Garcia,"Los Angeles, CA",328,15:53,5:07,M 19-24/1,M-21,3,15:53,81.70%
4,Oswaldo Hurtado,"South Gate, CA",9454,16:19,5:15,M 35-39/1,M-35,4,16:19,80.88%
5,Gilbert Salazar,"Long Beach, CA",352,16:22,5:16,M 35-39/2,M-36,5,16:22,81.14%
6,Carly Harris,", CA",2,16:50,5:25,F 19-24/1,F-22,1,16:50,88.01%
7,Jacob Kruczynski,"Anaheim, CA",117,17:15,5:33,M 25-29/1,M-27,6,17:16,74.85%
8,Bert Whitson,"Los Angeles, CA",219,17:18,5:35,M 30-34/2,M-30,7,17:20,74.76%
9,Bethany Nickless,", CA",3,17:31,5:39,F NoAge/0,F-0,2,17:31, 0.00%
10,Brandon Closs,"Los Alamitos, CA",293,17:45,5:43,M 15-18/1,M-16,8,17:46,77.26%
11,Mike Fillipow,"Long Beach, CA",81,17:51,5:45,M 45-49/1,M-49,9,17:51,82.06%
12,Bobby Woyjeck,"Seal Beach, CA",300,17:57,5:47,M 15-18/2,M-16,10,17:57,76.39%
13,Cheryl Smith,"Laguna Beach, CA",368,18:04,5:49,F 25-29/1,F-29,3,18:04,82.07%
14,Tom Quaal,"Corona, CA",162,18:14,5:53,M 45-49/2,M-47,11,18:16,79.05%
15,Thomas Hombo,"San Dimas, CA",100,18:17,5:53,M 15-18/3,M-18,12,18:18,72.99%
16,Tim Hickok,"Signal Hill, CA",9458,18:20,5:54,M 40-44/2,M-44,13,18:20,76.80%
17,Trevor Youngren,"Lakewood, CA",223,18:21,5:55,M 25-29/2,M-25,14,18:22,70.36%
18,Nabor Gomez,"Lakewood, CA",338,18:30,5:57,M 55-59/1,M-57,15,18:30,84.58%
19,Jerry Hernandez,"Torrance, CA",322,18:35,5:59,M 45-49/3,M-45,16,18:36,76.39%
20,Juan Gonzalez,"Signal Hill, CA",89,18:40,6:01,M 19-24/2,M-23,17,18:42,69.17%
21,Brian Conboy,"Lakewood, CA",54,18:42,6:01,M 40-44/3,M-41,18,18:43,73.60%
22,Becky Bershtel,"Long Beach, CA",29,18:51,6:04,F 25-29/2,F-28,4,18:52,78.58%
23,Sue Zihlmann,"Long Beach, CA",359,19:21,6:14,F 45-49/1,F-45,5,19:21,82.66%
24,Jonathan Harris,"Anaheim, CA",93,19:22,6:14,M 15-18/4,M-17,19,19:24,69.77%
25,James Reed,"Rancho Palos Verdes, CA",168,19:28,6:16,M 45-49/4,M-48,20,19:28,74.64%
26,Beth Hibbard,"Seal Beach, CA",363,19:32,6:18,F 35-39/1,F-37,6,19:33,77.28%
27,Guido Quezada,"Long Beach, CA",163,19:50,6:23,M 50-54/1,M-51,21,19:51,75.02%
28,Geoff Guerrero,"Torrance, CA",324,19:55,6:25,M 55-59/2,M-58,22,19:56,79.23%
29,Phillip Torres,"Santa Fe Springs, CA",354,20:08,6:29,M 50-54/2,M-53,23,20:09,75.14%
30,Audrey Trautwein,"Huntington Beach, CA",209,20:41,6:40,F 15-18/1,F-18,7,20:43,72.42%
31,Todd Rose,"Long Beach, CA",178,20:46,6:41,M 40-44/4,M-43,24,20:47,67.31%
32,Sarah Phillips,"Placentia, CA",291,20:47,6:42,F 15-18/2,F-15,8,20:49,74.64%
33,Taylor Reimer,"Los Alamitos, CA",313,20:53,6:44,F 15-18/3,F-16,9,20:55,73.32%
34,Juan Gonzalez,"Long Beach, CA",90,20:53,6:44,M 45-49/5,M-46,25,20:54,68.45%
35,Christopher Orcutt,"Lakewood, CA",155,20:57,6:45,M 19-24/3,M-23,26,21:00,61.62%
36,Jeff Gaddis,"Long Beach, CA",84,20:59,6:45,M 19-24/4,M-19,27,21:03,62.88%
37,Daniel Draskinis,"Long Beach, CA",64,21:03,6:47,M 19-24/5,M-19,28,21:06,62.68%
38,Gisele Schaaf,"Long Beach, CA",188,21:07,6:48,F 19-24/2,F-22,10,21:09,70.14%
39,Esau Perez,"Anaheim, CA",157,21:08,6:48,M 19-24/6,M-21,29,21:14,61.33%
40,Meridian Lee,"Santa Ana, CA",124,21:22,6:53,Unknown/1,F-11,11,21:23,77.91%
41,Jocelyn Dominguez,"Long Beach, CA",63,21:22,6:53,F 13-14/1,F-13,12,21:24,74.79%
42,Michael Mitchell,"Torrance, CA",308,21:27,6:55,M 25-29/3,M-28,30,21:39,60.19%
43,Chasen Tedder,"Surfside, CA",375,21:30,6:56,M 19-24/7,M-20,31,21:32,60.67%
44,Kathy Hoskins,"Seal Beach, CA",364,21:37,6:58,F 45-49/2,F-48,13,21:40,76.47%
45,Robert Foyle,"Orange, CA",323,21:43,7:00,M 40-44/5,M-43,32,21:47,64.36%
46,Albert Licano,"Long Beach, CA",353,21:46,7:01,M 40-44/6,M-43,33,21:55,64.21%
47,Noemi Cortez,"Long Beach, CA",9410,21:49,7:02,F 15-18/4,F-17,14,21:52,69.34%
48,Mark Malone,"Long Beach, CA",301,21:57,7:04,M 50-54/3,M-51,34,22:01,67.78%
49,Lisa Hasvold,"Fallbrook, CA",94,22:02,7:06,F 45-49/3,F-48,15,22:06,74.96%
50,Pedro Reyes,"Long Beach, CA",370,22:07,7:07,M 55-59/3,M-55,35,22:07,69.53%
51,Lorenzo Herrera,"Buena Park, CA",345,22:10,7:08,M 55-59/4,M-58,36,22:21,71.18%
52,Lauren Delgadillo,"Huntington Beach, CA",367,22:12,7:09,F 13-14/2,F-13,16,22:14,71.98%
53,Lucia Zuniga,"La Habra, CA",351,22:16,7:10,F 45-49/4,F-49,17,22:19,75.13%
54,Victor Lopez,"Santa Ana, CA",131,22:31,7:15,M 25-29/4,M-28,37,22:37,57.33%
55,James Fanning,"La Palma, CA",76,22:33,7:16,M 25-29/5,M-27,38,22:48,57.25%
56,Larry Gutierrez,"Westminster, CA",9402,22:36,7:17,M 50-54/4,M-51,39,22:41,65.83%
57,Dominique Lee,"Santa Ana, CA",123,22:38,7:17,F 13-14/3,F-13,18,22:38,70.60%
58,Thomas Rand,"Long Beach, CA",288,22:38,7:18,M 45-49/6,M-49,40,22:42,64.65%
59,Derek Malloy,"Cypress, CA",357,22:52,7:22,M 50-54/5,M-51,41,22:56,65.06%
60,Cristian Martinez,"Long Beach, CA",9411,23:04,7:26,M 15-18/5,M-15,42,23:06,60.38%
61,Steve Kashynski,"Westminster, CA",110,23:04,7:26,M 45-49/7,M-45,43,23:08,61.53%
62,Brianna Phillips,"Cypress, CA",290,23:05,7:26,F 19-24/3,F-19,19,23:08,64.38%
63,Jonathan Miller,"Long Beach, CA",138,23:06,7:27,M 50-54/6,M-52,44,23:12,64.91%
64,Jim Dufton,"Downey, CA",346,23:08,7:27,M 45-49/8,M-47,45,23:11,62.29%
65,Danae Delfin,"Montebello, CA",61,23:11,7:28,F 15-18/5,F-18,20,23:16,64.60%
66,David Kuntz,"Huntington Beach, CA",119,23:17,7:30,M 55-59/5,M-57,46,23:20,67.19%
67,Greg Mimm,"Mission Viejo, CA",9407,23:21,7:31,M 60-64/1,M-61,47,23:23,69.36%
68,Lisa Nordholm,"Huntington Beach, CA",151,23:23,7:32,F 19-24/4,F-23,21,23:32,63.34%
69,Pedro Gomez,"Long Beach, CA",9413,23:25,7:32,M 15-18/6,M-16,48,23:27,58.55%
70,Courtney O'Connor,"Long Beach, CA",153,23:25,7:33,F 19-24/5,F-22,22,23:29,63.25%
71,Cory Loebl,"Long Beach, CA",319,23:26,7:33,M 25-29/6,M-29,49,23:31,55.16%
72,Luis Barrios,"Long Beach, CA",27,23:26,7:33,M 40-44/7,M-44,50,23:30,60.07%
73,Shannon Vastine,", CA",215,23:36,7:36,F 19-24/6,F-22,23,23:40,62.76%
74,Jessica Ayala,"Long Beach, CA",9408,23:42,7:38,F 15-18/6,F-17,24,23:45,63.83%
75,Mack Richardson,"Paramount, CA",173,23:45,7:39,M 45-49/9,M-47,51,23:56,60.63%
76,Roberta Bonifacio,"Long Beach, CA",34,23:51,7:41,F 45-49/5,F-48,25,23:57,69.30%
77,Vernon Stephens,"Long Beach, CA",197,23:55,7:42,M 40-44/8,M-44,52,24:10,58.86%
78,Mike Jacoby,"Long Beach, CA",108,23:55,7:42,M 45-49/10,M-48,53,23:59,60.74%
79,Kenneth McNeely,"Redondo Beach, CA",332,23:58,7:43,M 45-49/11,M-46,54,24:33,59.64%
80,Jeremy Ampe,"Lake Forest, CA",17,23:58,7:43,M 25-29/7,M-29,55,24:11,53.93%
81,Karen Hester,"Garden Grove, CA",96,24:10,7:47,F 45-49/6,F-49,26,24:16,69.22%
82,Kevin London,"Long Beach, CA",129,24:11,7:47,M 19-24/8,M-23,56,24:18,53.38%
83,Katie Eckardt,"Long Beach, CA",68,24:26,7:52,F 35-39/2,F-39,27,24:30,62.39%
84,Jay Deboom,"Long Beach, CA",9456,24:28,7:53,M 50-54/7,M-53,57,24:36,61.83%
85,John Ellis,"Long Beach, CA",71,24:30,7:53,M 45-49/12,M-49,58,24:36,59.77%
86,Jon Sweeney,"Long Beach, CA",203,24:30,7:53,M 45-49/13,M-45,59,24:36,57.93%
87,Annel Guillen,"Bell, CA",9452,24:31,7:54,F 30-34/1,F-30,28,24:36,60.41%
88,Stacy Youngren,"Lakewood, CA",311,24:36,7:55,F 50-54/1,F-52,29,24:40,70.58%
89,Mark Huck,"Costa Mesa, CA",9404,24:42,7:57,M 55-59/6,M-56,60,24:47,62.80%
90,Mike Alcantar,"Norwalk, CA",13,24:42,7:57,M 40-44/9,M-42,61,24:59,56.11%
91,Sovann Sry,"Long Beach, CA",39,24:43,7:58,M 35-39/3,M-35,62,24:44,53.37%
92,Michael Naylor,"Long Beach, CA",146,25:07,8:06,M 60-64/2,M-61,63,25:09,64.48%
93,Megan Randig,"Los Alamitos, CA",365,25:11,8:07,F 13-14/4,F-13,30,25:17,63.44%
94,Carolann Baldridge,"Long Beach, CA",23,25:16,8:08,F 19-24/7,F-20,31,25:21,58.61%
95,Angela Deighton,"Long Beach, CA",297,25:24,8:11,F 35-39/3,F-39,32,25:27,60.01%
96,Art Gittleman,"Huntington Beach, CA",9451,25:29,8:13,M 65-69/1,M-68,64,25:30,67.74%
97,Lisa Hignite,", CA",237,25:31,8:13,F 19-24/8,F-21,33,25:37,58.04%
98,Alison Kirkpatrick,"Long Beach, CA",114,25:45,8:18,F 40-44/1,F-40,34,25:49,59.59%
99,Christian Lising,"Fullerton, CA",127,25:46,8:18,M 40-44/10,M-41,65,25:55,53.40%
100,Julie Duff,"Rossmoor, CA",66,25:48,8:19,F 35-39/4,F-37,35,26:10,58.50%
101,Leigh Sandlin,"Long Beach, CA",186,25:50,8:19,F 45-49/7,F-48,36,25:58,63.98%
102,Robert Valentine,"Cerritos, CA",213,25:53,8:20,M 60-64/3,M-61,66,26:04,62.56%
103,Maribeth Sythe,"Long Beach, CA",329,25:53,8:20,F 40-44/2,F-43,37,26:17,60.63%
104,Max Foyle,"Orange, CA",325,25:55,8:21,M 13-14/1,M-14,67,25:58,54.76%
105,Madeline Woyjeck,"Seal Beach, CA",302,26:00,8:22,Unknown/2,F-12,38,26:05,62.67%
106,Hannah Deighton,"Long Beach, CA",298,26:00,8:22,Unknown/3,F-12,39,26:02,62.67%
107,Ravenna Lee,"Santa Ana, CA",125,26:07,8:25,Unknown/4,F-7,40,26:09,71.90%
108,Jacqueline Mitchell,"Long Beach, CA",142,26:09,8:25,F 35-39/5,F-36,41,26:16,57.46%
109,Roger Kirk,"Long Beach, CA",113,26:10,8:26,M 25-29/8,M-28,68,26:17,49.33%
110,Erricka Feazell,"Torrance, CA",306,26:11,8:26,F 19-24/9,F-22,42,26:11,56.56%
111,Veronica Kimble,"Long Beach, CA",112,26:13,8:27,F 40-44/3,F-40,43,26:21,58.52%
112,Valerie Aguirre,"Long Beach, CA",9412,26:14,8:27,F 15-18/7,F-16,44,26:19,58.36%
113,Luke Asgian,"Long Beach, CA",20,26:16,8:28,Unknown/9,M-10,69,26:20,60.13%
114,Casey Norbrothen,"Long Beach, CA",150,26:17,8:28,F 30-34/2,F-30,45,26:45,56.35%
115,SomcHai Sinkarjarern,"Rowland Heights, CA",195,26:20,8:29,M 55-59/7,M-58,70,26:31,59.91%
116,Mara Koval,"Long Beach, CA",116,26:27,8:31,Unknown/5,F-12,46,26:32,61.60%
117,Will Cantrell,"Long Beach, CA",46,26:27,8:31,M 25-29/9,M-26,71,26:37,48.80%
118,Kendall McCormick,"Long Beach, CA",9420,26:36,8:34,Unknown/6,F-12,47,26:42,61.25%
119,Delante Nelson,"Torrance, CA",305,26:38,8:35,M 19-24/9,M-20,72,26:48,48.97%
120,Devin De Camp,"Long Beach, CA",59,26:38,8:35,M 25-29/10,M-29,73,26:45,48.53%
121,Alice Huynh,", CA",283,26:47,8:37,F 19-24/10,F-19,48,26:51,55.48%
122,Alisha Khan,"Long Beach, CA",111,26:49,8:38,F 19-24/11,F-24,49,26:57,55.22%
123,Jun Goeku,"Lakewood, CA",87,26:53,8:40,M 35-39/4,M-38,74,27:19,50.06%
124,Warren Nichols,"Long Beach, CA",376,26:56,8:41,M 35-39/5,M-37,75,27:19,49.60%
125,Takeshi Asada,"Paramount, CA",19,27:05,8:43,M 45-49/14,M-47,76,27:28,53.20%
126,Darci Monson,"Los Alamitos, CA",9428,27:10,8:45,F 35-39/6,F-39,50,27:31,56.11%
127,Nicole Madison,"Rossmoor, CA",134,27:10,8:45,F 30-34/3,F-34,51,27:31,54.88%
128,Briana Walsh,"Encino, CA",285,27:13,8:46,F 30-34/4,F-32,52,27:21,54.53%
129,Kurt Hesse,"Huntington Beach, CA",9405,27:13,8:46,M 30-34/3,M-34,77,27:37,48.22%
130,Rebecca Escalante,"Monterey Park, CA",369,27:16,8:47,F 30-34/5,F-33,53,27:22,54.56%
131,Howard Thompson,"Long Beach, CA",9457,27:20,8:48,M 45-49/15,M-49,78,27:28,53.57%
132,Nicole Meek,"Garden Grove, CA",136,27:22,8:49,F 40-44/4,F-40,54,27:28,56.06%
133,Enrique Najera,"Lakewood, CA",145,27:24,8:49,M 25-29/11,M-29,79,27:29,47.17%
134,Iris Murray,"Lakewood, CA",143,27:24,8:49,F 19-24/12,F-23,55,27:29,54.05%
135,Phil Toomey,"Redondo Beach, CA",358,27:27,8:50,M 50-54/8,M-50,80,27:35,53.77%
136,Adrian Rivas,"Garden Grove, CA",9403,27:30,8:51,M 19-24/10,M-21,81,27:36,47.12%
137,Amber Santos,", CA",256,27:32,8:52,F 19-24/13,F-19,56,27:45,53.97%
138,Sarah Butt,"Cerritos, CA",333,27:40,8:55,F 30-34/6,F-31,57,27:44,53.59%
139,Steven Belyea,"Cypress, CA",348,27:45,8:56,M 50-54/9,M-50,82,27:52,53.19%
140,John Hunter,"Cypress, CA",347,27:47,8:57,M 50-54/10,M-53,83,27:54,54.44%
141,David Duckman,"Long Beach, CA",65,27:48,8:57,M 65-69/2,M-67,84,27:57,61.49%
142,Seth Roach,"Long Beach, CA",174,28:01,9:02,M 19-24/11,M-21,85,28:19,46.25%
143,John Hammonds,"Huntington Beach, CA",9455,28:02,9:02,M 55-59/8,M-59,86,28:11,56.75%
144,Abigail Eugenio,"Long Beach, CA",9409,28:17,9:07,F 15-18/8,F-15,58,28:23,54.83%
145,Stephen Senerchia,"Mission Viejo, CA",192,28:18,9:07,M 25-29/12,M-26,87,28:31,45.61%
146,Kierstin Stickney,"Downey, CA",198,28:23,9:09,F 25-29/3,F-28,59,29:28,52.17%
147,John Koziel Koziel,"Buena Park, CA",374,28:29,9:10,M 50-54/11,M-52,88,28:36,52.63%
148,Jeri Decastro,"Redondo Beach, CA",60,28:30,9:11,F 50-54/2,F-51,60,28:37,60.15%
149,Michael Pendleton,"Long Beach, CA",156,28:35,9:12,M 55-59/9,M-56,89,28:44,54.26%
150,Sarah Barakat,"Trabuco Canyon, CA",24,28:42,9:15,F 15-18/9,F-18,61,28:48,52.18%
151,Joya Walach,"Long Beach, CA",218,28:44,9:15,F 35-39/7,F-35,62,28:55,52.06%
152,Julie Feld,"Encino, CA",360,28:45,9:15,F 25-29/4,F-27,63,28:56,51.51%
153,Walter Hitt,"Costa Mesa, CA",361,28:45,9:15,M 55-59/10,M-59,90,28:57,55.34%
154,Rachel Brown,"Torrance, CA",40,28:45,9:16,F 30-34/7,F-31,64,28:57,51.57%
155,Sydney Ellis,"Long Beach, CA",72,28:48,9:16,Unknown/7,F-12,65,28:53,56.57%
156,Julia Jaynes,"Long Beach, CA",320,28:48,9:17,Unknown/8,F-12,66,28:53,56.57%
157,Martin Loya,"Long Beach, CA",132,28:52,9:18,M 30-34/4,M-32,91,29:00,45.06%
158,Christy Hill,"Seal Beach, CA",9414,28:52,9:18,F 35-39/8,F-37,67,29:12,52.28%
159,Bryan Hlavin,"Trabuco Canyon, CA",9415,28:57,9:19,Unknown/10,M-11,92,29:12,52.88%
160,Peter Hlavin,"Trabuco Canyon, CA",98,29:00,9:20,M 50-54/12,M-51,93,29:16,51.29%
161,King Alexander,"Long Beach, CA",15,29:06,9:22,M 40-44/11,M-44,94,29:23,48.37%
162,Valerie Lang,"Redondo Beach, CA",121,29:09,9:23,F 50-54/3,F-50,68,29:22,58.07%
163,Janet Robinson,"Long Beach, CA",295,29:14,9:25,F 35-39/9,F-35,69,29:26,51.17%
164,Debbie Balster,"Long Beach, CA",316,29:18,9:26,F 50-54/4,F-50,70,29:26,57.77%
165,Steve Metz,"Torrance, CA",307,29:21,9:27,M 35-39/6,M-38,95,29:33,45.85%
166,Dan Monson,"Los Alamitos, CA",9431,29:23,9:28,M 45-49/16,M-48,96,29:23,49.43%
167,Robbie Foster,"Lakewood, CA",343,29:25,9:29,M 40-44/12,M-40,97,29:32,46.43%
168,Joshua Corona,"Downey, CA",327,29:25,9:29,M 15-18/7,M-18,98,29:28,45.35%
169,Robert Ferrier,"Cypress, CA",79,29:26,9:29,M 35-39/7,M-36,99,29:37,45.10%
170,Jessica Alexander,"Long Beach, CA",14,29:33,9:31,F 30-34/8,F-32,71,29:41,50.23%
171,Faith Hatchett,"Roseville, CA",95,29:33,9:31,F 19-24/14,F-19,72,30:08,50.28%
172,Johanna Subrata,"Simi Valley, CA",201,29:35,9:32,F 19-24/15,F-24,73,29:41,50.06%
173,Kyle Boone,"San Pedro, CA",35,29:37,9:32,F 50-54/5,F-52,74,29:46,58.61%
174,Elaine Wu,"Long Beach, CA",220,29:50,9:37,F 19-24/16,F-22,75,30:00,49.64%
175,David Odom,"Long Beach, CA",314,29:54,9:38,M 45-49/17,M-45,100,30:08,47.46%
176,Reyna Akers,"Long Beach, CA",315,29:55,9:38,F 30-34/9,F-31,76,30:22,49.55%
177,Dean Deme,"Costa Mesa, CA",317,30:00,9:40,M 35-39/8,M-36,101,30:27,44.25%
178,Kevin O'Brien,"Los Alamitos, CA",152,30:07,9:42,M 19-24/12,M-20,102,30:13,43.30%
179,Barbie Spatz,"Long Beach, CA",9422,30:11,9:43,F 60-64/1,F-61,77,30:23,64.97%
180,Britt Cain,"San Jose, CA",9423,30:12,9:43,F 35-39/10,F-39,78,30:21,50.47%
181,David Erickson,"Cypress, CA",74,30:16,9:45,M 45-49/18,M-47,103,30:27,47.60%
182,Andrew Barber,"Long Beach, CA",25,30:18,9:45,M 40-44/13,M-40,104,30:30,45.07%
183,Allison Slater,", CA",229,30:28,9:49,F 25-29/5,F-25,79,30:34,48.60%
184,Lorraine Winokur,", CA",224,30:30,9:49,F 19-24/17,F-19,80,30:43,48.72%
185,Robin Westmoreland,"Long Beach, CA",9419,30:31,9:50,F 40-44/5,F-44,81,30:41,51.86%
186,Rosie Valladares,"Long Beach, AZ",289,30:32,9:50,F 30-34/10,F-33,82,30:43,48.72%
187,Robert Garcia,"Long Beach, CA",378,30:34,9:51,M 30-34/5,M-31,105,30:46,42.44%
188,Celeste Toomey,"Redondo Beach, CA",344,30:47,9:55,F 50-54/6,F-50,83,30:55,54.98%
189,Michell Alcantar,"Norwalk, CA",12,31:00,9:59,F 45-49/8,F-46,84,31:20,52.07%
190,Paula Fox,"Signal Hill, CA",326,31:00,9:59,F 40-44/6,F-40,85,31:20,49.49%
191,Christopher Chiu,"Lakewood, CA",52,31:04,10:00,M 30-34/6,M-33,106,31:33,42.03%
192,Tina Gabel,"Garden Grove, CA",83,31:05,10:01,F 40-44/7,F-43,86,31:15,50.48%
193,Sharon Gustaves,"Long Beach, CA",91,31:19,10:05,F 50-54/7,F-50,87,31:28,54.05%
194,Nora Ramos,"Long Beach, CA",166,31:22,10:06,F 45-49/9,F-49,88,31:43,53.32%
195,Araceli Aguilar,"Pico Rivera, CA",362,31:28,10:08,F 30-34/11,F-34,89,31:33,47.38%
196,Vincent Lombard,"Los Alamitos, CA",128,31:31,10:09,M 30-34/7,M-34,107,31:46,41.64%
197,Mary Jackson,", CA",107,31:31,10:09,F 25-29/6,F-27,90,31:46,46.98%
198,Scott Casey,"Long Beach, CA",50,31:33,10:10,M 35-39/9,M-37,108,31:42,42.34%
199,Thomas Owen,"Long Beach, CA",342,31:40,10:12,M 35-39/10,M-39,109,31:50,42.81%
200,Lori Barber,"Long Beach, CA",26,31:42,10:12,F 45-49/10,F-47,91,31:53,51.50%
