Bib,Name,Gender,Age,Hometown,Overall,Men,M 35-39,Age/Grade,Finish,Chip Time,Gun Time
83,Samuel Morales,M,39,"Oxnard, CA",1 out of 227,1 out of 119,1 out of 13, 78.02% Place: 7,17:25 Pace: 5:37,17:23,17:25
174,Steve Sorkin,M,39,"Tarzana, CA",2 out of 227,2 out of 119,2 out of 13, 76.55% Place: 10,17:44 Pace: 5:43,17:43,17:44
41,Dan Goldstein,M,44,"Newbury Park, CA",3 out of 227,3 out of 119,1 out of 19, 77.50% Place: 8,18:12 Pace: 5:52,18:10,18:12
169,Kevin Baxter,M,36,"Simi Valley, CA",4 out of 227,4 out of 119,3 out of 13, 72.56% Place: 17,18:18 Pace: 5:54,18:18,18:20
54,Naoki Kato,M,36,"Torrance, CA",5 out of 227,5 out of 119,4 out of 13, 70.44% Place: 19,18:51 Pace: 6:04,18:51,18:54
138,David Louks,M,55,"Newbury Park, CA",6 out of 227,6 out of 119,1 out of 5, 81.09% Place: 4,18:58 Pace: 6:07,18:58,19:00
61,Ryan Klachko,M,12,"Simi Valley, CA",7 out of 227,7 out of 119,1 out of 20, 78.38% Place: 6,18:59 Pace: 6:07,18:59,19:00
171,Sarah Baxter,F,12,"Simi Valley, CA",8 out of 227,1 out of 108,1 out of 21, 85.78% Place: 1,19:02 Pace: 6:08,19:00,19:02
58,Joe Kerney,M,27,"Simi Valley, CA",9 out of 227,8 out of 119,1 out of 11, 67.42% Place: 32,19:09 Pace: 6:10,19:09,19:13
203,Stacia Spangler,F,30,"Westlake Village, CA",10 out of 227,2 out of 108,1 out of 19, 77.15% Place: 9,19:15 Pace: 6:12,19:12,19:15
152,Kyle Miller,M,12,"Simi Valley, CA",11 out of 227,9 out of 119,2 out of 20, 76.30% Place: 11,19:30 Pace: 6:17,19:30,19:32
170,Wyatt Baxter,M,9,"Simi Valley, CA",12 out of 227,10 out of 119,3 out of 20, 83.35% Place: 2,19:38 Pace: 6:19,19:38,19:40
147,Seth Ruff,M,37,"Oak Park, CA",13 out of 227,11 out of 119,5 out of 13, 67.88% Place: 29,19:41 Pace: 6:20,19:41,19:44
125,Heather Worden,F,23,"Thousand Oaks, CA",14 out of 227,3 out of 108,1 out of 6, 73.82% Place: 14,20:07 Pace: 6:29,20:04,20:07
47,Brianne Holland,F,11,"Simi Valley, CA",15 out of 227,4 out of 108,2 out of 21, 82.55% Place: 3,20:10 Pace: 6:30,20:10,20:12
207,Chris Wright,M,43,"Agoura Hills, CA",16 out of 227,12 out of 119,2 out of 19, 69.20% Place: 21,20:12 Pace: 6:30,20:12,20:14
261,Robert Donald,M,43,"Costa Mesa, CA",17 out of 227,13 out of 119,3 out of 19, 68.86% Place: 24,20:18 Pace: 6:32,20:18,20:21
107,Tom Schmidhauser,M,52,"Camarillo, CA",18 out of 227,14 out of 119,1 out of 11, 73.69% Place: 15,20:21 Pace: 6:33,20:21,20:23
196,Chuck Herrera,M,21,"Oxnard, CA",19 out of 227,15 out of 119,1 out of 5, 63.22% Place: 44,20:30 Pace: 6:36,20:30,20:44
260,Tim Foy,M,38,"Westlake Village, CA",20 out of 227,16 out of 119,6 out of 13, 65.61% Place: 39,20:31 Pace: 6:36,20:31,20:38
99,Sarah Riggs,F,11,"Simi Valley, CA",21 out of 227,5 out of 108,3 out of 21, 81.01% Place: 5,20:33 Pace: 6:37,20:33,20:35
227,Roman Garcia,M,44,"Camarillo, CA",22 out of 227,17 out of 119,4 out of 19, 67.25% Place: 33,20:56 Pace: 6:44,20:56,20:58
231,Brandon Starkey,M,13,"Westlake Village, CA",23 out of 227,18 out of 119,4 out of 20, 69.05% Place: 22,21:01 Pace: 6:46,21:01,21:03
189,Gary Davis,M,56,"Camarillo, CA",24 out of 227,19 out of 119,2 out of 5, 72.77% Place: 16,21:19 Pace: 6:52,21:19,21:23
135,Emily McDivitt,F,32,"Van Nuys, CA",25 out of 227,6 out of 108,2 out of 19, 68.51% Place: 26,21:40 Pace: 6:59,21:40,21:43
149,Mike Johnston,M,45,"Moorpark, CA",26 out of 227,20 out of 119,1 out of 9, 65.26% Place: 41,21:45 Pace: 7:00,21:45,21:48
255,Rossana Robinson,F,46,"Westlake Village, CA",27 out of 227,7 out of 108,1 out of 11, 74.23% Place: 13,21:45 Pace: 7:01,21:45,21:50
184,Simon Lozano,M,25,"Thousand Oaks, CA",28 out of 227,21 out of 119,2 out of 11, 59.36% Place: 62,21:45 Pace: 7:01,21:45,21:50
151,Toshihide Tsugawa,M,52,"Encino, CA",29 out of 227,22 out of 119,2 out of 11, 68.16% Place: 27,22:00 Pace: 7:05,22:00,22:02
22,Robert Burns,M,40,"Agoura Hills, CA",30 out of 227,23 out of 119,5 out of 19, 61.86% Place: 53,22:05 Pace: 7:07,22:05,22:07
148,Jon Siebrecht,M,26,"Westlake Village, CA",31 out of 227,24 out of 119,3 out of 11, 58.15% Place: 67,22:12 Pace: 7:09,22:12,22:17
79,Luann McKenzie,F,50,"Newbury Park, CA",32 out of 227,8 out of 108,1 out of 9, 76.09% Place: 12,22:15 Pace: 7:10,22:15,22:17
215,Daniel Clark,M,50,"Simi Valley, CA",33 out of 227,25 out of 119,3 out of 11, 65.60% Place: 40,22:30 Pace: 7:15,22:30,22:34
131,Bruce Adams,M,42,"Simi Valley, CA",34 out of 227,26 out of 119,6 out of 19, 61.46% Place: 55,22:33 Pace: 7:16,22:33,22:48
20,Bernard Breslau,M,63,"Westlake Village, CA",35 out of 227,27 out of 119,1 out of 7, 71.70% Place: 18,22:59 Pace: 7:24,22:59,23:03
167,Luke Jones,M,13,"Simi Valley, CA",36 out of 227,28 out of 119,5 out of 20, 62.68% Place: 49,23:09 Pace: 7:28,23:09,23:16
168,Jeff Jones,M,46,"Simi Valley, CA",37 out of 227,29 out of 119,2 out of 9, 61.65% Place: 54,23:11 Pace: 7:28,23:11,23:17
92,David Powell,M,50,"Westlake Village, CA",38 out of 227,30 out of 119,4 out of 11, 63.03% Place: 46,23:25 Pace: 7:32,23:25,23:35
90,Mark Plassmeyer,M,35,"Simi Valley, CA",39 out of 227,31 out of 119,7 out of 13, 56.34% Place: 80,23:25 Pace: 7:33,23:25,23:31
162,Nancy Aguilar,F,47,"Newbury Park, CA",40 out of 227,9 out of 108,2 out of 11, 69.48% Place: 20,23:30 Pace: 7:34,23:30,23:34
118,Katy Svennungsen,F,24,"Thousand Oaks, CA",41 out of 227,10 out of 108,2 out of 6, 62.71% Place: 48,23:37 Pace: 7:36,23:37,23:42
70,Tim Land,M,49,"Moorpark, CA",42 out of 227,32 out of 119,3 out of 9, 61.87% Place: 52,23:40 Pace: 7:37,23:40,23:49
56,Catherine Kaufman,F,47,"Thousand Oaks, CA",43 out of 227,11 out of 108,3 out of 11, 68.61% Place: 25,23:48 Pace: 7:40,23:48,23:53
198,Larry Rubenstein,M,60,"Los Angeles, CA",44 out of 227,33 out of 119,2 out of 7, 67.13% Place: 35,23:54 Pace: 7:42,23:54,23:58
93,Steven Powell,M,14,"Westlake Village, CA",45 out of 227,34 out of 119,1 out of 4, 59.06% Place: 64,24:02 Pace: 7:45,24:02,24:11
201,Scott Moors,M,44,"Newbury Park, CA",46 out of 227,35 out of 119,7 out of 19, 58.53% Place: 66,24:03 Pace: 7:45,24:03,24:11
64,Stephen Kloch,M,56,"Thousand Oaks, CA",47 out of 227,36 out of 119,3 out of 5, 64.45% Place: 43,24:04 Pace: 7:45,24:04,24:12
259,Ryan Moore,M,28,"Los Angeles, CA",48 out of 227,37 out of 119,4 out of 11, 53.53% Place: 96,24:07 Pace: 7:46,24:07,24:16
202,Melissa Moors,F,11,"Newbury Park, CA",49 out of 227,12 out of 108,4 out of 21, 69.02% Place: 23,24:07 Pace: 7:46,24:07,24:15
141,Tim Parsons,M,23,"Oak Park, CA",50 out of 227,38 out of 119,2 out of 5, 53.45% Place: 97,24:09 Pace: 7:47,24:09,24:18
251,Vicente Enriquez,M,45,"Oxnard, CA",51 out of 227,39 out of 119,4 out of 9, 58.05% Place: 68,24:27 Pace: 7:53,24:27,24:30
191,Robert Kelly,M,42,"Westlake Village, CA",52 out of 227,40 out of 119,8 out of 19, 56.57% Place: 76,24:30 Pace: 7:53,24:30,24:35
113,Nataliya Springfield,M,0,"Thousand Oaks, CA",53 out of 227,41 out of 119,0 out of 0,24:41 Pace: 7:57,24:41,24:48
53,Scott Jeworski,M,9,"Thousand Oaks, CA",54 out of 227,42 out of 119,6 out of 20, 66.19% Place: 37,24:43 Pace: 7:58,24:43,24:50
128,Brooke Covington,M,35,", CA",55 out of 227,43 out of 119,8 out of 13, 53.30% Place: 100,24:44 Pace: 7:58,24:44,24:48
177,Olivia Corta,F,11,"Westlake Village, CA",56 out of 227,13 out of 108,5 out of 21, 67.12% Place: 36,24:48 Pace: 7:59,24:48,24:56
98,Wendy Raymond,F,37,"Westlake Village, CA",57 out of 227,14 out of 108,1 out of 14, 60.41% Place: 58,24:59 Pace: 8:03,24:59,25:05
46,John Hoff,M,39,"Agoura Hills, CA",58 out of 227,44 out of 119,9 out of 13, 54.24% Place: 92,25:00 Pace: 8:03,25:00,25:08
45,Cole Hoff,M,10,"Agoura Hills, CA",59 out of 227,45 out of 119,7 out of 20, 63.18% Place: 45,25:00 Pace: 8:03,25:00,25:08
126,Jonathan Wu,M,32,"Thousand Oaks, CA",60 out of 227,46 out of 119,1 out of 9, 51.55% Place: 117,25:14 Pace: 8:08,25:14,25:25
80,Jeffrey Miller,M,27,"Westlake Village, CA",61 out of 227,47 out of 119,5 out of 11, 50.65% Place: 121,25:29 Pace: 8:12,25:29,25:43
24,Tyler Carr,M,24,"Westlake Village, CA",62 out of 227,48 out of 119,3 out of 5, 50.62% Place: 122,25:30 Pace: 8:13,25:30,25:36
217,Patrick Killeen,M,13,"Westlake Village, CA",63 out of 227,49 out of 119,8 out of 20, 56.49% Place: 77,25:41 Pace: 8:16,25:41,25:47
602,Jessica Amoroso,F,30,"Sherman Oaks, CA",64 out of 227,15 out of 108,3 out of 19, 56.89% Place: 74,26:02 Pace: 8:23,26:02,26:08
34,Tom Fletcher,M,70,"West Hills, CA",65 out of 227,50 out of 119,1 out of 1, 67.69% Place: 31,26:04 Pace: 8:24,26:04,26:07
244,Kelly Shemtov,F,40,"Westlake Village, CA",66 out of 227,16 out of 108,1 out of 12, 58.75% Place: 65,26:07 Pace: 8:25,26:07,26:07
66,Kelsey Koon,F,15,"Thousand Oaks, CA",67 out of 227,17 out of 108,1 out of 1, 59.24% Place: 63,26:11 Pace: 8:26,26:11,26:16
229,Lauren Starkey,M,10,"Westlake Village, CA",68 out of 227,51 out of 119,9 out of 20, 60.24% Place: 59,26:13 Pace: 8:27,26:13,26:22
116,Tony Stern,M,50,"Agoura Hills, CA",69 out of 227,52 out of 119,5 out of 11, 56.23% Place: 82,26:15 Pace: 8:27,26:15,26:23
258,Nick Ungermann,M,12,"Westlake Village, CA",70 out of 227,53 out of 119,10 out of 20, 56.63% Place: 75,26:16 Pace: 8:28,26:16,26:27
18,Jeanne Betzendorfer,F,54,"Thousand Oaks, CA",71 out of 227,18 out of 108,2 out of 9, 67.81% Place: 30,26:16 Pace: 8:28,26:16,26:16
110,George Shannon,M,0,"Thousand Oaks, CA",72 out of 227,54 out of 119,0 out of 0,26:19 Pace: 8:29,26:19,26:29
106,Scott Schmidhauser,M,12,"Camarillo, CA",73 out of 227,55 out of 119,11 out of 20, 56.35% Place: 79,26:24 Pace: 8:30,26:24,26:40
19,Niki Bower,F,34,"Simi Valley, CA",74 out of 227,19 out of 108,4 out of 19, 56.37% Place: 78,26:27 Pace: 8:31,26:27,26:34
214,Nathan Hoyt,M,25,"Simi Valley, CA",75 out of 227,56 out of 119,6 out of 11, 48.65% Place: 138,26:32 Pace: 8:33,26:32,26:41
190,Mindith Rahmat,F,33,"Thousand Oaks, CA",76 out of 227,20 out of 108,5 out of 19, 55.92% Place: 83,26:36 Pace: 8:34,26:36,26:47
52,Jordan Jeworski,F,13,"Thousand Oaks, CA",77 out of 227,21 out of 108,6 out of 21, 59.91% Place: 61,26:40 Pace: 8:35,26:40,26:40
230,Brad Starkey,M,42,"Westlake Village, CA",78 out of 227,57 out of 119,9 out of 19, 51.94% Place: 113,26:41 Pace: 8:36,26:41,26:50
85,Debby Nerpel,F,42,"Westlake Village, CA",79 out of 227,22 out of 108,2 out of 12, 57.42% Place: 71,27:06 Pace: 8:44,27:06,27:12
120,Jt Thai,F,34,"Westlake Village, CA",80 out of 227,23 out of 108,6 out of 19, 54.68% Place: 88,27:16 Pace: 8:47,27:16,27:22
172,Jay Gerst,M,28,"Moorpark, CA",81 out of 227,58 out of 119,7 out of 11, 47.05% Place: 146,27:26 Pace: 8:50,27:26,27:28
114,Adam Stern,M,20,"Agoura Hills, CA",82 out of 227,59 out of 119,4 out of 5, 47.45% Place: 144,27:29 Pace: 8:51,27:29,27:36
21,Ken Brown,M,32,"Santa Clarita, CA",83 out of 227,60 out of 119,2 out of 9, 47.30% Place: 145,27:30 Pace: 8:51,27:30,27:41
199,Joseph Amoroso,M,56,"Westlake Village, CA",84 out of 227,61 out of 119,4 out of 5, 56.23% Place: 81,27:35 Pace: 8:53,27:35,27:41
213,Roger Patrick,M,64,"Thousand Oaks, CA",85 out of 227,62 out of 119,3 out of 7, 60.10% Place: 60,27:40 Pace: 8:54,27:40,27:43
145,Sarah Rheuban,F,28,"Malibu, CA",86 out of 227,24 out of 108,1 out of 8, 53.24% Place: 102,27:49 Pace: 8:57,27:49,27:57
239,Lauren Shemtov,F,10,"Westlake Village, CA",87 out of 227,25 out of 108,7 out of 21, 61.35% Place: 56,27:50 Pace: 8:58,27:50,27:52
75,Vince Mace,M,60,"Thousand Oaks, CA",88 out of 227,63 out of 119,4 out of 7, 57.60% Place: 70,27:51 Pace: 8:58,27:51,28:05
179,Susan Corti,F,38,"Westlake Village, CA",89 out of 227,26 out of 108,2 out of 14, 54.27% Place: 91,27:56 Pace: 9:00,27:56,28:04
178,Naomi Corti,F,7,"Westlake Village, CA",90 out of 227,27 out of 108,8 out of 21, 67.22% Place: 34,27:56 Pace: 9:00,27:56,28:04
49,Julia Hopper,F,39,"Simi Valley, CA",91 out of 227,28 out of 108,3 out of 14, 54.57% Place: 89,27:56 Pace: 9:00,27:56,28:03
32,Nicole Fanning,F,26,"Westlake Village, CA",92 out of 227,29 out of 108,2 out of 8, 53.01% Place: 104,27:56 Pace: 9:00,27:56,28:11
237,Mara Lorin,F,9,"Westlake Village, CA",93 out of 227,30 out of 108,9 out of 21, 62.75% Place: 47,27:59 Pace: 9:01,27:59,28:01
121,Maria Velasco,F,51,"Moorpark, CA",94 out of 227,31 out of 108,3 out of 9, 61.01% Place: 57,28:06 Pace: 9:03,28:06,28:09
89,Nicole Perry,F,40,"Westlake Village, CA",95 out of 227,32 out of 108,3 out of 12, 54.53% Place: 90,28:08 Pace: 9:04,28:08,28:15
69,Richard Koppel,M,62,"Thousand Oaks, CA",96 out of 227,64 out of 119,5 out of 7, 57.96% Place: 69,28:10 Pace: 9:04,28:10,28:26
108,Sheri Schneider,F,33,"Castaic, CA",97 out of 227,33 out of 108,7 out of 19, 52.75% Place: 108,28:12 Pace: 9:05,28:12,28:24
81,Melinda Millett,F,35,"Simi Valley, CA",98 out of 227,34 out of 108,4 out of 14, 52.95% Place: 105,28:15 Pace: 9:06,28:15,28:21
150,Shelli Przywara,F,38,"Glendale, CA",99 out of 227,35 out of 108,5 out of 14, 53.60% Place: 94,28:17 Pace: 9:06,28:17,28:22
94,David Ramirez,M,10,"Thousand Oaks, CA",100 out of 227,65 out of 119,12 out of 20, 55.74% Place: 85,28:20 Pace: 9:08,28:20,28:33
63,Gary Kleezek,M,46,"Agoura Hills, CA",101 out of 227,66 out of 119,5 out of 9, 50.35% Place: 124,28:23 Pace: 9:09,28:23,28:35
165,Leigh Murphy,M,53,"Simi Valley, CA",102 out of 227,67 out of 119,6 out of 11, 53.26% Place: 101,28:24 Pace: 9:09,28:24,28:40
51,Karen Jackson,F,40,"Westlake Village, CA",103 out of 227,36 out of 108,4 out of 12, 53.96% Place: 93,28:26 Pace: 9:09,28:26,28:31
127,Charmaine Yambao,F,39,"Westlake Village, CA",104 out of 227,37 out of 108,6 out of 14, 53.36% Place: 99,28:34 Pace: 9:12,28:34,28:40
117,Edward Stevens,M,50,"Thousand Oaks, CA",105 out of 227,68 out of 119,7 out of 11, 51.63% Place: 115,28:35 Pace: 9:12,28:35,28:51
139,Kevin McCarthy,M,46,"Oak Park, CA",106 out of 227,69 out of 119,6 out of 9, 49.94% Place: 130,28:37 Pace: 9:13,28:37,28:46
143,Collin McCarthy,M,10,"Oak Park, CA",107 out of 227,70 out of 119,13 out of 20, 55.19% Place: 87,28:37 Pace: 9:13,28:37,28:46
161,Genene Lehotsky,F,38,"Irvine, CA",108 out of 227,38 out of 108,7 out of 14, 52.85% Place: 106,28:41 Pace: 9:14,28:41,28:57
158,Sandra Parshall,F,38,"Simi Valley, CA",109 out of 227,39 out of 108,8 out of 14, 52.82% Place: 107,28:42 Pace: 9:15,28:42,28:57
209,Thomas Barrantes,M,25,"Simi Valley, CA",110 out of 227,71 out of 119,8 out of 11, 44.74% Place: 159,28:51 Pace: 9:18,28:51,28:56
104,Collin Sasse,M,15,"Oak Park, CA",111 out of 227,72 out of 119,2 out of 4, 48.24% Place: 141,28:52 Pace: 9:18,28:52,29:03
105,Jim Sasse,M,48,"Oak Park, CA",112 out of 227,73 out of 119,7 out of 9, 50.26% Place: 126,28:54 Pace: 9:18,28:54,29:04
224,Ingerd Sotelo,F,42,"Thousand Oaks, CA",113 out of 227,40 out of 108,5 out of 12, 53.56% Place: 95,29:03 Pace: 9:21,29:03,29:03
195,Joseph Nguyen,M,34,"Thousand Oaks, CA",114 out of 227,74 out of 119,3 out of 9, 45.00% Place: 158,29:10 Pace: 9:24,29:10,29:27
144,Jacob Rheuban,M,31,"Malibu, CA",115 out of 227,75 out of 119,4 out of 9, 44.38% Place: 161,29:14 Pace: 9:25,29:14,29:22
44,Cindy Greig,F,37,"Westlake Village, CA",116 out of 227,41 out of 108,9 out of 14, 51.63% Place: 116,29:14 Pace: 9:25,29:14,29:31
233,Sylvia Contreras,F,28,"Oxnard, CA",117 out of 227,42 out of 108,3 out of 8, 50.48% Place: 123,29:20 Pace: 9:27,29:20,29:41
132,Josh Epstein,M,16,"Agoura Hills, CA",118 out of 227,76 out of 119,3 out of 4, 46.57% Place: 148,29:26 Pace: 9:29,29:26,29:36
234,Jorge Contreras,M,55,"Oxnard, CA",119 out of 227,77 out of 119,5 out of 5, 52.21% Place: 111,29:27 Pace: 9:29,29:27,29:38
256,Thomas Liebmann,M,62,"Oak Park, CA",120 out of 227,78 out of 119,6 out of 7, 55.37% Place: 86,29:29 Pace: 9:30,29:29,29:48
236,Rafael Ceballos,M,28,"Oxnard, CA",121 out of 227,79 out of 119,9 out of 11, 43.78% Place: 165,29:29 Pace: 9:30,29:29,29:50
27,Cheryl Cowan,F,63,"Thousand Oaks, CA",122 out of 227,43 out of 108,1 out of 5, 68.15% Place: 28,29:38 Pace: 9:33,29:38,29:41
59,Kevin Kerney,M,23,"Simi Valley, CA",123 out of 227,80 out of 119,5 out of 5, 43.39% Place: 167,29:45 Pace: 9:35,29:45,29:51
197,Randall Shoemaker,M,35,"Agoura Hills, CA",124 out of 227,81 out of 119,10 out of 13, 44.31% Place: 162,29:46 Pace: 9:35,29:46,29:59
28,Kristi Crispin,F,34,"Thousand Oaks, CA",125 out of 227,44 out of 108,8 out of 19, 50.08% Place: 129,29:46 Pace: 9:35,29:46,30:01
175,Amy Lydon,F,35,"Thousand Oaks, CA",126 out of 227,45 out of 108,10 out of 14, 50.20% Place: 127,29:48 Pace: 9:36,29:48,29:53
136,Jeff Paull,M,52,"Agoura Hills, CA",127 out of 227,82 out of 119,8 out of 11, 50.31% Place: 125,29:48 Pace: 9:36,29:48,29:58
181,Kristina Cusolito,F,11,"Westlake Village, CA",128 out of 227,46 out of 108,10 out of 21, 55.79% Place: 84,29:50 Pace: 9:36,29:50,29:54
95,Julio Ramirez,M,26,"Moorpark, CA",129 out of 227,83 out of 119,10 out of 11, 43.24% Place: 170,29:51 Pace: 9:37,29:51,29:54
257,Chuck Ungermann,M,51,"Westlake Village, CA",130 out of 227,84 out of 119,9 out of 11, 49.75% Place: 131,29:54 Pace: 9:38,29:54,30:08
62,Kara Klamecki,F,24,"Oak Park, CA",131 out of 227,47 out of 108,3 out of 6, 49.31% Place: 133,30:02 Pace: 9:40,30:02,30:08
211,Dan Tumpak,M,31,"Playa Del Rey, CA",132 out of 227,85 out of 119,5 out of 9, 42.77% Place: 176,30:20 Pace: 9:46,30:20,30:27
133,Debbie Goldfarb,F,42,"Agoura Hills, CA",133 out of 227,48 out of 108,6 out of 12, 51.26% Place: 118,30:21 Pace: 9:46,30:21,30:34
155,Diane Powers,F,41,"Thousand Oaks, CA",134 out of 227,49 out of 108,7 out of 12, 50.82% Place: 120,30:23 Pace: 9:47,30:23,30:27
225,Nick Purden,M,11,"Westlake Village, CA",135 out of 227,86 out of 119,14 out of 20, 50.16% Place: 128,30:31 Pace: 9:50,30:31,30:43
157,Tina Rufo,F,44,"Simi Valley, CA",136 out of 227,50 out of 108,8 out of 12, 51.74% Place: 114,30:35 Pace: 9:51,30:35,30:43
129,Kate Mines,F,27,", CA",137 out of 227,51 out of 108,4 out of 8, 48.37% Place: 140,30:37 Pace: 9:52,30:37,30:49
200,Cathy Minter,F,53,"Calabasas, CA",138 out of 227,52 out of 108,4 out of 9, 57.40% Place: 72,30:39 Pace: 9:52,30:39,30:54
82,Kay Moore,F,37,"Thousand Oaks, CA",139 out of 227,53 out of 108,11 out of 14, 49.13% Place: 135,30:43 Pace: 9:53,30:43,30:54
100,Paige Rothermel,F,46,"Thousand Oaks, CA",140 out of 227,54 out of 108,4 out of 11, 52.55% Place: 110,30:43 Pace: 9:54,30:43,31:01
115,Gina Stern,F,47,"Agoura Hills, CA",141 out of 227,55 out of 108,5 out of 11, 53.03% Place: 103,30:47 Pace: 9:55,30:47,30:55
235,Francisco Tapia,M,35,"Oxnard, CA",142 out of 227,87 out of 119,11 out of 13, 42.55% Place: 177,31:00 Pace: 9:59,31:00,31:11
180,Casey Cusolito,M,7,"Westlake Village, CA",143 out of 227,88 out of 119,15 out of 20, 57.05% Place: 73,31:13 Pace: 10:03,31:13,31:18
182,Rich Cusolitoto,M,42,"Westlake Village, CA",144 out of 227,89 out of 119,10 out of 19, 44.16% Place: 163,31:23 Pace: 10:06,31:23,31:27
156,Heath Chamberlain,M,34,"Newbury Park, CA",145 out of 227,90 out of 119,6 out of 9, 41.80% Place: 184,31:24 Pace: 10:07,31:24,31:38
57,Walt Keller,M,79,"Malibu, CA",146 out of 227,91 out of 119,1 out of 1, 65.12% Place: 42,31:33 Pace: 10:10,31:33,31:39
36,Devon Frost,F,11,"Malibu, CA",147 out of 227,56 out of 108,11 out of 21, 52.72% Place: 109,31:34 Pace: 10:10,31:34,31:36
130,Erin Broadhurst,F,27,", CA",148 out of 227,57 out of 108,5 out of 8, 46.86% Place: 147,31:36 Pace: 10:11,31:36,31:48
204,Rhonda Vilardo,F,46,"Northridge, CA",149 out of 227,58 out of 108,6 out of 11, 50.89% Place: 119,31:43 Pace: 10:13,31:43,31:52
55,Naoko Kato,F,38,"Torrance, CA",150 out of 227,59 out of 108,12 out of 14, 47.67% Place: 143,31:48 Pace: 10:15,31:48,32:02
77,Cecilia McBurnie,F,62,"Westlake Village, CA",151 out of 227,60 out of 108,2 out of 5, 62.38% Place: 50,31:55 Pace: 10:17,31:55,32:03
84,Dawn Mortara,F,62,"Moorpark, CA",152 out of 227,61 out of 108,3 out of 5, 62.38% Place: 51,31:55 Pace: 10:17,31:55,32:11
212,Raina Arellano,F,26,"Oxnard, CA",153 out of 227,62 out of 108,6 out of 8, 46.23% Place: 151,32:02 Pace: 10:19,32:02,32:21
246,William Heritier,M,40,"Oak Park, CA",154 out of 227,92 out of 119,11 out of 19, 42.55% Place: 178,32:06 Pace: 10:20,32:06,33:55
43,Nicole Graebner,F,35,"Glendale, CA",155 out of 227,63 out of 108,13 out of 14, 46.00% Place: 152,32:31 Pace: 10:28,32:31,32:42
40,Lucy Gharibian,F,22,"Glendale, CA",156 out of 227,64 out of 108,4 out of 6, 45.54% Place: 156,32:31 Pace: 10:28,32:31,32:42
65,Ken Kochakji,M,66,"Van Nuys, CA",157 out of 227,93 out of 119,1 out of 2, 52.08% Place: 112,32:32 Pace: 10:28,32:32,32:40
188,David Wizer,M,15,"Westlake Village, CA",158 out of 227,94 out of 119,4 out of 4, 42.26% Place: 180,32:57 Pace: 10:37,32:57,33:13
60,Debra King,F,47,"Oak Park, CA",159 out of 227,65 out of 108,7 out of 11, 49.52% Place: 132,32:58 Pace: 10:37,32:58,33:09
210,Jason Amoroso,M,31,"Sherman Oaks, CA",160 out of 227,95 out of 119,7 out of 9, 39.27% Place: 191,33:02 Pace: 10:38,33:02,33:08
103,Christian Sasse,M,13,"Oak Park, CA",161 out of 227,96 out of 119,16 out of 20, 43.92% Place: 164,33:02 Pace: 10:38,33:02,33:13
96,Kathleen Ramirez,F,47,"Thousand Oaks, CA",162 out of 227,66 out of 108,8 out of 11, 49.10% Place: 136,33:15 Pace: 10:42,33:15,33:28
37,Adam Geller,M,10,"Westlake Village, CA",163 out of 227,97 out of 119,17 out of 20, 46.49% Place: 149,33:58 Pace: 10:56,33:58,34:12
123,Jerry Wauchope,M,46,"Thousand Oaks, CA",164 out of 227,98 out of 119,8 out of 9, 42.07% Place: 181,33:58 Pace: 10:56,33:58,34:08
134,Vanessa Heritier,F,31,"Oak Park, CA",165 out of 227,67 out of 108,9 out of 19, 43.26% Place: 169,34:16 Pace: 11:02,34:16,34:34
140,Molly McCarthy,F,44,"Oak Park, CA",166 out of 227,68 out of 108,9 out of 12, 45.71% Place: 155,34:37 Pace: 11:09,34:37,34:47
142,Delaney McCarthy,M,8,"Oak Park, CA",167 out of 227,99 out of 119,18 out of 20, 49.18% Place: 134,34:37 Pace: 11:09,34:37,34:47
50,Heather Hoyt,F,31,"Thousand Oaks, CA",168 out of 227,69 out of 108,10 out of 19, 42.82% Place: 175,34:37 Pace: 11:09,34:37,34:47
112,Windy Simmons,F,32,"Thousand Oaks, CA",169 out of 227,70 out of 108,11 out of 19, 42.34% Place: 179,35:03 Pace: 11:17,35:03,35:10
146,Karen Johnson,F,40,"Thousand Oaks, CA",170 out of 227,71 out of 108,10 out of 12, 43.27% Place: 168,35:27 Pace: 11:25,35:27,35:36
241,Eddie Lorin,M,42,"Westlake Village, CA",171 out of 227,100 out of 119,12 out of 19, 39.07% Place: 193,35:28 Pace: 11:25,35:28,35:28
39,Neil Geller,M,49,"Westlake Village, CA",172 out of 227,101 out of 119,9 out of 9, 41.05% Place: 187,35:40 Pace: 11:29,35:40,35:56
163,Pelar Cabral,M,33,"Thousand Oaks, CA",173 out of 227,102 out of 119,8 out of 9, 36.52% Place: 198,35:45 Pace: 11:31,35:45,36:00
164,Robert Cabral,M,50,"Thousand Oaks, CA",174 out of 227,103 out of 119,10 out of 11, 41.28% Place: 186,35:45 Pace: 11:31,35:45,36:01
122,Julie Wasserman,F,52,"Oak Park, CA",175 out of 227,72 out of 108,5 out of 9, 48.37% Place: 139,35:53 Pace: 11:33,35:53,36:11
38,Jennifer Geller,F,48,"Westlake Village, CA",176 out of 227,73 out of 108,9 out of 11, 45.99% Place: 153,35:56 Pace: 11:34,35:56,36:11
23,Jennifer Canning,F,31,"Huntington Beach, CA",177 out of 227,74 out of 108,12 out of 19, 40.65% Place: 189,36:28 Pace: 11:45,36:28,36:31
173,Dena Beaudine,F,61,"Westlake Village, CA",178 out of 227,75 out of 108,4 out of 5, 53.43% Place: 98,36:42 Pace: 11:49,36:42,36:49
153,Andrew Powers,M,10,"Thousand Oaks, CA",179 out of 227,104 out of 119,19 out of 20, 42.97% Place: 171,36:45 Pace: 11:50,36:45,36:47
186,Rebecca Maxey,F,13,"Agoura Hills, CA",180 out of 227,76 out of 108,12 out of 21, 42.92% Place: 172,37:13 Pace: 11:59,37:13,37:20
223,Molly Griffin,F,13,"Westlake Village, CA",181 out of 227,77 out of 108,13 out of 21, 42.92% Place: 173,37:13 Pace: 11:59,37:13,37:20
76,Emily McBride,F,13,"Thousand Oaks, CA",182 out of 227,78 out of 108,14 out of 21, 42.86% Place: 174,37:16 Pace: 12:00,37:16,37:20
74,Andrew Lukasiewicz,M,13,"Westlake Village, CA",183 out of 227,105 out of 119,20 out of 20, 38.62% Place: 196,37:33 Pace: 12:06,37:33,37:37
12,Natalie Armstrong,F,43,"Westlake Village, CA",184 out of 227,79 out of 108,11 out of 12, 41.51% Place: 185,37:48 Pace: 12:10,37:48,38:02
31,Katie Dyer,F,30,"Westlake Village, CA",185 out of 227,80 out of 108,13 out of 19, 38.81% Place: 194,38:09 Pace: 12:17,38:09,38:22
238,Jenna Lorin,F,10,"Westlake Village, CA",186 out of 227,81 out of 108,15 out of 21, 44.70% Place: 160,38:12 Pace: 12:18,38:12,38:15
243,Claudia Shemtov,F,7,"Westlake Village, CA",187 out of 227,82 out of 108,16 out of 21, 48.98% Place: 137,38:20 Pace: 12:21,38:20,38:20
124,Devon Wolf,F,37,"Westlake Village, CA",188 out of 227,83 out of 108,14 out of 14, 39.28% Place: 190,38:25 Pace: 12:22,38:25,38:25
91,Saverio Posarelli,M,42,"Westlake Village, CA",189 out of 227,106 out of 119,13 out of 19, 35.93% Place: 199,38:34 Pace: 12:25,38:34,38:34
102,Jamie Salinger,F,10,"Oak Park, CA",190 out of 227,84 out of 108,17 out of 21, 43.46% Place: 166,39:17 Pace: 12:39,39:17,39:23
101,Andy Salinger,M,42,"Oak Park, CA",191 out of 227,107 out of 119,14 out of 19, 35.26% Place: 202,39:18 Pace: 12:39,39:18,39:24
248,Faatimah Syed,F,8,"Thousand Oaks, CA",192 out of 227,85 out of 108,18 out of 21, 45.83% Place: 154,39:33 Pace: 12:44,39:33,39:33
253,Liv Erickson,F,8,"Thousand Oaks, CA",193 out of 227,86 out of 108,19 out of 21, 45.50% Place: 157,39:50 Pace: 12:50,39:50,40:04
252,Chris Erickson,M,53,"Thousand Oaks, CA",194 out of 227,108 out of 119,11 out of 11, 37.95% Place: 197,39:51 Pace: 12:50,39:51,40:05
109,Suzee Seeds,F,58,"Studio City, CA",195 out of 227,87 out of 108,1 out of 1, 46.31% Place: 150,40:37 Pace: 13:05,40:37,40:50
254,Anneliese Erickson,F,6,"Thousand Oaks, CA",196 out of 227,88 out of 108,20 out of 21, 47.95% Place: 142,40:44 Pace: 13:07,40:44,40:57
42,Jean Gosse,F,80,"Thousand Oaks, CA",197 out of 227,89 out of 108,1 out of 1, 66.19% Place: 38,40:53 Pace: 13:10,40:53,41:09
30,Cyndi Delgado,F,46,"Westlake Village, CA",198 out of 227,90 out of 108,10 out of 11, 39.21% Place: 192,41:10 Pace: 13:15,41:10,41:25
33,Shannon Finley,F,26,"Thousand Oaks, CA",199 out of 227,91 out of 108,7 out of 8, 35.66% Place: 200,41:31 Pace: 13:22,41:31,41:44
48,Jeanean Hollen,F,52,"Thousand Oaks, CA",200 out of 227,92 out of 108,6 out of 9, 41.81% Place: 183,41:31 Pace: 13:22,41:31,41:45
187,Kim Wizer,F,50,"Westlake Village, CA",201 out of 227,93 out of 108,7 out of 9, 38.78% Place: 195,43:38 Pace: 14:03,43:38,43:54
216,Olga Arellano,F,32,"Camarillo, CA",202 out of 227,94 out of 108,14 out of 19, 34.01% Place: 205,43:38 Pace: 14:03,43:38,43:57
232,Lupe Arellano,F,54,"Oxnard, CA",203 out of 227,95 out of 108,8 out of 9, 40.76% Place: 188,43:41 Pace: 14:04,43:41,44:00
183,Ariel Coro,F,31,"Agoura Hills, CA",204 out of 227,96 out of 108,15 out of 19, 33.01% Place: 206,44:54 Pace: 14:28,44:54,45:12
228,Luis Morales,M,60,"Simi Valley, CA",205 out of 227,109 out of 119,7 out of 7, 35.20% Place: 203,45:34 Pace: 14:40,45:34,45:55
160,Whitney Bower,F,30,"Simi Valley, CA",206 out of 227,97 out of 108,16 out of 19, 31.75% Place: 210,46:38 Pace: 15:01,46:38,46:47
159,Karri Stensrud,F,31,"Simi Valley, CA",207 out of 227,98 out of 108,17 out of 19, 31.78% Place: 209,46:38 Pace: 15:01,46:38,46:48
247,Mariam Syed,F,11,"Thousand Oaks, CA",208 out of 227,99 out of 108,21 out of 21, 35.34% Place: 201,47:05 Pace: 15:10,47:05,47:05
26,Toby Christie,M,33,"Woodland Hills, CA",209 out of 227,110 out of 119,9 out of 9, 27.46% Place: 217,47:32 Pace: 15:18,47:32,47:45
11,Kim Abendan,F,32,"Reseda, CA",210 out of 227,100 out of 108,18 out of 19, 31.21% Place: 213,47:33 Pace: 15:19,47:33,47:45
25,Elissa Christie,F,32,"Woodland Hills, CA",211 out of 227,101 out of 108,19 out of 19, 31.21% Place: 212,47:33 Pace: 15:19,47:33,47:45
185,Kurt Baron,M,44,"Santa Paula, CA",212 out of 227,111 out of 119,15 out of 19, 29.42% Place: 214,47:50 Pace: 15:24,47:50,48:16
222,Michael Peters,M,42,"Westlake Village, CA",213 out of 227,112 out of 119,16 out of 19, 28.85% Place: 215,48:01 Pace: 15:28,48:01,48:26
119,Mustafa Syed,M,41,"Thousand Oaks, CA",214 out of 227,113 out of 119,17 out of 19, 28.58% Place: 216,48:08 Pace: 15:30,48:08,48:08
220,Mark Peters,M,28,"Thousand Oaks, CA",215 out of 227,114 out of 119,11 out of 11, 26.58% Place: 221,48:33 Pace: 15:38,48:33,48:58
221,Laura Nisbet,F,42,"Westlake Village, CA",216 out of 227,102 out of 108,12 out of 12, 32.02% Place: 208,48:35 Pace: 15:39,48:35,48:58
67,Birte Koors,F,64,"Westlake Village, CA",217 out of 227,103 out of 108,5 out of 5, 42.01% Place: 182,48:49 Pace: 15:43,48:49,48:53
68,Knud Koors,M,66,"Westlake Village, CA",218 out of 227,115 out of 119,2 out of 2, 34.62% Place: 204,48:56 Pace: 15:45,48:56,49:01
192,Cynthia Gill,F,47,"Oak Park, CA",219 out of 227,104 out of 108,11 out of 11, 31.39% Place: 211,52:00 Pace: 16:45,52:00,52:18
226,Diana Traficante,F,51,"Thousand Oaks, CA",220 out of 227,105 out of 108,9 out of 9, 32.94% Place: 207,52:02 Pace: 16:45,52:02,52:20
193,Kevin Fitzgerald,M,43,"Northridge, CA",221 out of 227,116 out of 119,18 out of 19, 26.10% Place: 222,53:32 Pace: 17:14,53:32,53:55
219,Christopher Aedo,M,35,"Northridge, CA",222 out of 227,117 out of 119,12 out of 13, 24.60% Place: 223,53:36 Pace: 17:16,53:36,54:02
218,Heather Aedo,F,29,"Northridge, CA",223 out of 227,106 out of 108,8 out of 8, 27.15% Place: 218,54:32 Pace: 17:34,54:32,54:56
205,Raven Vilardo,F,20,"Northridge, CA",224 out of 227,107 out of 108,5 out of 6, 27.13% Place: 219,54:34 Pace: 17:34,54:34,54:57
206,Lindsey Mendoza,F,20,"Northridge, CA",225 out of 227,108 out of 108,6 out of 6, 27.12% Place: 220,54:35 Pace: 17:34,54:35,54:56
723,Bryan Merjan,M,37,"Thousand Oaks, CA",226 out of 227,118 out of 119,13 out of 13, 14.98% Place: 224,1:29:08 Pace: 28:42,1:29:08,1:29:26
773,Luis Manzano,M,41,"Calabasas, CA",227 out of 227,119 out of 119,19 out of 19, 12.07% Place: 225,1:53:55 Pace: 36:40,1:53:55,1:53:55
