Place,Name,Location,Bib,Net Time,Pace,Division/Place,Sex-Age,Sex-Place,Gun Time,Age Grade
1,Samuel Morales,"Oxnard, CA",83,17:25,5:37,M 35-39/1,M-39,1,17:25,78.02%
2,Steve Sorkin,"Tarzana, CA",174,17:44,5:43,M 35-39/2,M-39,2,17:44,76.55%
3,Dan Goldstein,"Newbury Park, CA",41,18:12,5:52,M 40-44/1,M-44,3,18:12,77.50%
4,Kevin Baxter,"Simi Valley, CA",169,18:18,5:54,M 35-39/3,M-36,4,18:20,72.56%
5,Naoki Kato,"Torrance, CA",54,18:51,6:04,M 35-39/4,M-36,5,18:54,70.44%
6,David Louks,"Newbury Park, CA",138,18:58,6:07,M 55-59/1,M-55,6,19:00,81.09%
7,Ryan Klachko,"Simi Valley, CA",61,18:59,6:07,M 01-13/1,M-12,7,19:00,78.38%
8,Sarah Baxter,"Simi Valley, CA",171,19:02,6:08,F 01-13/1,F-12,1,19:02,85.78%
9,Joe Kerney,"Simi Valley, CA",58,19:09,6:10,M 25-29/1,M-27,8,19:13,67.42%
10,Stacia Spangler,"Westlake Village, CA",203,19:15,6:12,F 30-34/1,F-30,2,19:15,77.15%
11,Kyle Miller,"Simi Valley, CA",152,19:30,6:17,M 01-13/2,M-12,9,19:32,76.30%
12,Wyatt Baxter,"Simi Valley, CA",170,19:38,6:19,M 01-13/3,M-9,10,19:40,83.35%
13,Seth Ruff,"Oak Park, CA",147,19:41,6:20,M 35-39/5,M-37,11,19:44,67.88%
14,Heather Worden,"Thousand Oaks, CA",125,20:07,6:29,F 19-24/1,F-23,3,20:07,73.82%
15,Brianne Holland,"Simi Valley, CA",47,20:10,6:30,F 01-13/2,F-11,4,20:12,82.55%
16,Chris Wright,"Agoura Hills, CA",207,20:12,6:30,M 40-44/2,M-43,12,20:14,69.20%
17,Robert Donald,"Costa Mesa, CA",261,20:18,6:32,M 40-44/3,M-43,13,20:21,68.86%
18,Tom Schmidhauser,"Camarillo, CA",107,20:21,6:33,M 50-54/1,M-52,14,20:23,73.69%
19,Chuck Herrera,"Oxnard, CA",196,20:30,6:36,M 19-24/1,M-21,15,20:44,63.22%
20,Tim Foy,"Westlake Village, CA",260,20:31,6:36,M 35-39/6,M-38,16,20:38,65.61%
21,Sarah Riggs,"Simi Valley, CA",99,20:33,6:37,F 01-13/3,F-11,5,20:35,81.01%
22,Roman Garcia,"Camarillo, CA",227,20:56,6:44,M 40-44/4,M-44,17,20:58,67.25%
23,Brandon Starkey,"Westlake Village, CA",231,21:01,6:46,M 01-13/4,M-13,18,21:03,69.05%
24,Gary Davis,"Camarillo, CA",189,21:19,6:52,M 55-59/2,M-56,19,21:23,72.77%
25,Emily McDivitt,"Van Nuys, CA",135,21:40,6:59,F 30-34/2,F-32,6,21:43,68.51%
26,Mike Johnston,"Moorpark, CA",149,21:45,7:00,M 45-49/1,M-45,20,21:48,65.26%
27,Rossana Robinson,"Westlake Village, CA",255,21:45,7:01,F 45-49/1,F-46,7,21:50,74.23%
28,Simon Lozano,"Thousand Oaks, CA",184,21:45,7:01,M 25-29/2,M-25,21,21:50,59.36%
29,Toshihide Tsugawa,"Encino, CA",151,22:00,7:05,M 50-54/2,M-52,22,22:02,68.16%
30,Robert Burns,"Agoura Hills, CA",22,22:05,7:07,M 40-44/5,M-40,23,22:07,61.86%
31,Jon Siebrecht,"Westlake Village, CA",148,22:12,7:09,M 25-29/3,M-26,24,22:17,58.15%
32,Luann McKenzie,"Newbury Park, CA",79,22:15,7:10,F 50-54/1,F-50,8,22:17,76.09%
33,Daniel Clark,"Simi Valley, CA",215,22:30,7:15,M 50-54/3,M-50,25,22:34,65.60%
34,Bruce Adams,"Simi Valley, CA",131,22:33,7:16,M 40-44/6,M-42,26,22:48,61.46%
35,Bernard Breslau,"Westlake Village, CA",20,22:59,7:24,M 60-64/1,M-63,27,23:03,71.70%
36,Luke Jones,"Simi Valley, CA",167,23:09,7:28,M 01-13/5,M-13,28,23:16,62.68%
37,Jeff Jones,"Simi Valley, CA",168,23:11,7:28,M 45-49/2,M-46,29,23:17,61.65%
38,David Powell,"Westlake Village, CA",92,23:25,7:32,M 50-54/4,M-50,30,23:35,63.03%
39,Mark Plassmeyer,"Simi Valley, CA",90,23:25,7:33,M 35-39/7,M-35,31,23:31,56.34%
40,Nancy Aguilar,"Newbury Park, CA",162,23:30,7:34,F 45-49/2,F-47,9,23:34,69.48%
41,Katy Svennungsen,"Thousand Oaks, CA",118,23:37,7:36,F 19-24/2,F-24,10,23:42,62.71%
42,Tim Land,"Moorpark, CA",70,23:40,7:37,M 45-49/3,M-49,32,23:49,61.87%
43,Catherine Kaufman,"Thousand Oaks, CA",56,23:48,7:40,F 45-49/3,F-47,11,23:53,68.61%
44,Larry Rubenstein,"Los Angeles, CA",198,23:54,7:42,M 60-64/2,M-60,33,23:58,67.13%
45,Steven Powell,"Westlake Village, CA",93,24:02,7:45,M 14-18/1,M-14,34,24:11,59.06%
46,Scott Moors,"Newbury Park, CA",201,24:03,7:45,M 40-44/7,M-44,35,24:11,58.53%
47,Stephen Kloch,"Thousand Oaks, CA",64,24:04,7:45,M 55-59/3,M-56,36,24:12,64.45%
48,Ryan Moore,"Los Angeles, CA",259,24:07,7:46,M 25-29/4,M-28,37,24:16,53.53%
49,Melissa Moors,"Newbury Park, CA",202,24:07,7:46,F 01-13/4,F-11,12,24:15,69.02%
50,Tim Parsons,"Oak Park, CA",141,24:09,7:47,M 19-24/2,M-23,38,24:18,53.45%
51,Vicente Enriquez,"Oxnard, CA",251,24:27,7:53,M 45-49/4,M-45,39,24:30,58.05%
52,Robert Kelly,"Westlake Village, CA",191,24:30,7:53,M 40-44/8,M-42,40,24:35,56.57%
53,Nataliya Springfield,"Thousand Oaks, CA",113,24:41,7:57,M NoAge/0,M-0,41,24:48, 0.00%
54,Scott Jeworski,"Thousand Oaks, CA",53,24:43,7:58,M 01-13/6,M-9,42,24:50,66.19%
55,Brooke Covington,", CA",128,24:44,7:58,M 35-39/8,M-35,43,24:48,53.30%
56,Olivia Corta,"Westlake Village, CA",177,24:48,7:59,F 01-13/5,F-11,13,24:56,67.12%
57,Wendy Raymond,"Westlake Village, CA",98,24:59,8:03,F 35-39/1,F-37,14,25:05,60.41%
58,John Hoff,"Agoura Hills, CA",46,25:00,8:03,M 35-39/9,M-39,44,25:08,54.24%
59,Cole Hoff,"Agoura Hills, CA",45,25:00,8:03,M 01-13/7,M-10,45,25:08,63.18%
60,Jonathan Wu,"Thousand Oaks, CA",126,25:14,8:08,M 30-34/1,M-32,46,25:25,51.55%
61,Jeffrey Miller,"Westlake Village, CA",80,25:29,8:12,M 25-29/5,M-27,47,25:43,50.65%
62,Tyler Carr,"Westlake Village, CA",24,25:30,8:13,M 19-24/3,M-24,48,25:36,50.62%
63,Patrick Killeen,"Westlake Village, CA",217,25:41,8:16,M 01-13/8,M-13,49,25:47,56.49%
64,Jessica Amoroso,"Sherman Oaks, CA",602,26:02,8:23,F 30-34/3,F-30,15,26:08,56.89%
65,Tom Fletcher,"West Hills, CA",34,26:04,8:24,M 70-74/1,M-70,50,26:07,67.69%
66,Kelly Shemtov,"Westlake Village, CA",244,26:07,8:25,F 40-44/1,F-40,16,26:07,58.75%
67,Kelsey Koon,"Thousand Oaks, CA",66,26:11,8:26,F 14-18/1,F-15,17,26:16,59.24%
68,Lauren Starkey,"Westlake Village, CA",229,26:13,8:27,M 01-13/9,M-10,51,26:22,60.24%
69,Tony Stern,"Agoura Hills, CA",116,26:15,8:27,M 50-54/5,M-50,52,26:23,56.23%
70,Nick Ungermann,"Westlake Village, CA",258,26:16,8:28,M 01-13/10,M-12,53,26:27,56.63%
71,Jeanne Betzendorfer,"Thousand Oaks, CA",18,26:16,8:28,F 50-54/2,F-54,18,26:16,67.81%
72,George Shannon,"Thousand Oaks, CA",110,26:19,8:29,M NoAge/0,M-0,54,26:29, 0.00%
73,Scott Schmidhauser,"Camarillo, CA",106,26:24,8:30,M 01-13/11,M-12,55,26:40,56.35%
74,Niki Bower,"Simi Valley, CA",19,26:27,8:31,F 30-34/4,F-34,19,26:34,56.37%
75,Nathan Hoyt,"Simi Valley, CA",214,26:32,8:33,M 25-29/6,M-25,56,26:41,48.65%
76,Mindith Rahmat,"Thousand Oaks, CA",190,26:36,8:34,F 30-34/5,F-33,20,26:47,55.92%
77,Jordan Jeworski,"Thousand Oaks, CA",52,26:40,8:35,F 01-13/6,F-13,21,26:40,59.91%
78,Brad Starkey,"Westlake Village, CA",230,26:41,8:36,M 40-44/9,M-42,57,26:50,51.94%
79,Debby Nerpel,"Westlake Village, CA",85,27:06,8:44,F 40-44/2,F-42,22,27:12,57.42%
80,Jt Thai,"Westlake Village, CA",120,27:16,8:47,F 30-34/6,F-34,23,27:22,54.68%
81,Jay Gerst,"Moorpark, CA",172,27:26,8:50,M 25-29/7,M-28,58,27:28,47.05%
82,Adam Stern,"Agoura Hills, CA",114,27:29,8:51,M 19-24/4,M-20,59,27:36,47.45%
83,Ken Brown,"Santa Clarita, CA",21,27:30,8:51,M 30-34/2,M-32,60,27:41,47.30%
84,Joseph Amoroso,"Westlake Village, CA",199,27:35,8:53,M 55-59/4,M-56,61,27:41,56.23%
85,Roger Patrick,"Thousand Oaks, CA",213,27:40,8:54,M 60-64/3,M-64,62,27:43,60.10%
86,Sarah Rheuban,"Malibu, CA",145,27:49,8:57,F 25-29/1,F-28,24,27:57,53.24%
87,Lauren Shemtov,"Westlake Village, CA",239,27:50,8:58,F 01-13/7,F-10,25,27:52,61.35%
88,Vince Mace,"Thousand Oaks, CA",75,27:51,8:58,M 60-64/4,M-60,63,28:05,57.60%
89,Susan Corti,"Westlake Village, CA",179,27:56,9:00,F 35-39/2,F-38,26,28:04,54.27%
90,Naomi Corti,"Westlake Village, CA",178,27:56,9:00,F 01-13/8,F-7,27,28:04,67.22%
91,Julia Hopper,"Simi Valley, CA",49,27:56,9:00,F 35-39/3,F-39,28,28:03,54.57%
92,Nicole Fanning,"Westlake Village, CA",32,27:56,9:00,F 25-29/2,F-26,29,28:11,53.01%
93,Mara Lorin,"Westlake Village, CA",237,27:59,9:01,F 01-13/9,F-9,30,28:01,62.75%
94,Maria Velasco,"Moorpark, CA",121,28:06,9:03,F 50-54/3,F-51,31,28:09,61.01%
95,Nicole Perry,"Westlake Village, CA",89,28:08,9:04,F 40-44/3,F-40,32,28:15,54.53%
96,Richard Koppel,"Thousand Oaks, CA",69,28:10,9:04,M 60-64/5,M-62,64,28:26,57.96%
97,Sheri Schneider,"Castaic, CA",108,28:12,9:05,F 30-34/7,F-33,33,28:24,52.75%
98,Melinda Millett,"Simi Valley, CA",81,28:15,9:06,F 35-39/4,F-35,34,28:21,52.95%
99,Shelli Przywara,"Glendale, CA",150,28:17,9:06,F 35-39/5,F-38,35,28:22,53.60%
100,David Ramirez,"Thousand Oaks, CA",94,28:20,9:08,M 01-13/12,M-10,65,28:33,55.74%
101,Gary Kleezek,"Agoura Hills, CA",63,28:23,9:09,M 45-49/5,M-46,66,28:35,50.35%
102,Leigh Murphy,"Simi Valley, CA",165,28:24,9:09,M 50-54/6,M-53,67,28:40,53.26%
103,Karen Jackson,"Westlake Village, CA",51,28:26,9:09,F 40-44/4,F-40,36,28:31,53.96%
104,Charmaine Yambao,"Westlake Village, CA",127,28:34,9:12,F 35-39/6,F-39,37,28:40,53.36%
105,Edward Stevens,"Thousand Oaks, CA",117,28:35,9:12,M 50-54/7,M-50,68,28:51,51.63%
106,Kevin McCarthy,"Oak Park, CA",139,28:37,9:13,M 45-49/6,M-46,69,28:46,49.94%
107,Collin McCarthy,"Oak Park, CA",143,28:37,9:13,M 01-13/13,M-10,70,28:46,55.19%
108,Genene Lehotsky,"Irvine, CA",161,28:41,9:14,F 35-39/7,F-38,38,28:57,52.85%
109,Sandra Parshall,"Simi Valley, CA",158,28:42,9:15,F 35-39/8,F-38,39,28:57,52.82%
110,Thomas Barrantes,"Simi Valley, CA",209,28:51,9:18,M 25-29/8,M-25,71,28:56,44.74%
111,Collin Sasse,"Oak Park, CA",104,28:52,9:18,M 14-18/2,M-15,72,29:03,48.24%
112,Jim Sasse,"Oak Park, CA",105,28:54,9:18,M 45-49/7,M-48,73,29:04,50.26%
113,Ingerd Sotelo,"Thousand Oaks, CA",224,29:03,9:21,F 40-44/5,F-42,40,29:03,53.56%
114,Joseph Nguyen,"Thousand Oaks, CA",195,29:10,9:24,M 30-34/3,M-34,74,29:27,45.00%
115,Jacob Rheuban,"Malibu, CA",144,29:14,9:25,M 30-34/4,M-31,75,29:22,44.38%
116,Cindy Greig,"Westlake Village, CA",44,29:14,9:25,F 35-39/9,F-37,41,29:31,51.63%
117,Sylvia Contreras,"Oxnard, CA",233,29:20,9:27,F 25-29/3,F-28,42,29:41,50.48%
118,Josh Epstein,"Agoura Hills, CA",132,29:26,9:29,M 14-18/3,M-16,76,29:36,46.57%
119,Jorge Contreras,"Oxnard, CA",234,29:27,9:29,M 55-59/5,M-55,77,29:38,52.21%
120,Thomas Liebmann,"Oak Park, CA",256,29:29,9:30,M 60-64/6,M-62,78,29:48,55.37%
121,Rafael Ceballos,"Oxnard, CA",236,29:29,9:30,M 25-29/9,M-28,79,29:50,43.78%
122,Cheryl Cowan,"Thousand Oaks, CA",27,29:38,9:33,F 60-64/1,F-63,43,29:41,68.15%
123,Kevin Kerney,"Simi Valley, CA",59,29:45,9:35,M 19-24/5,M-23,80,29:51,43.39%
124,Randall Shoemaker,"Agoura Hills, CA",197,29:46,9:35,M 35-39/10,M-35,81,29:59,44.31%
125,Kristi Crispin,"Thousand Oaks, CA",28,29:46,9:35,F 30-34/8,F-34,44,30:01,50.08%
126,Amy Lydon,"Thousand Oaks, CA",175,29:48,9:36,F 35-39/10,F-35,45,29:53,50.20%
127,Jeff Paull,"Agoura Hills, CA",136,29:48,9:36,M 50-54/8,M-52,82,29:58,50.31%
128,Kristina Cusolito,"Westlake Village, CA",181,29:50,9:36,F 01-13/10,F-11,46,29:54,55.79%
129,Julio Ramirez,"Moorpark, CA",95,29:51,9:37,M 25-29/10,M-26,83,29:54,43.24%
130,Chuck Ungermann,"Westlake Village, CA",257,29:54,9:38,M 50-54/9,M-51,84,30:08,49.75%
131,Kara Klamecki,"Oak Park, CA",62,30:02,9:40,F 19-24/3,F-24,47,30:08,49.31%
132,Dan Tumpak,"Playa Del Rey, CA",211,30:20,9:46,M 30-34/5,M-31,85,30:27,42.77%
133,Debbie Goldfarb,"Agoura Hills, CA",133,30:21,9:46,F 40-44/6,F-42,48,30:34,51.26%
134,Diane Powers,"Thousand Oaks, CA",155,30:23,9:47,F 40-44/7,F-41,49,30:27,50.82%
135,Nick Purden,"Westlake Village, CA",225,30:31,9:50,M 01-13/14,M-11,86,30:43,50.16%
136,Tina Rufo,"Simi Valley, CA",157,30:35,9:51,F 40-44/8,F-44,50,30:43,51.74%
137,Kate Mines,", CA",129,30:37,9:52,F 25-29/4,F-27,51,30:49,48.37%
138,Cathy Minter,"Calabasas, CA",200,30:39,9:52,F 50-54/4,F-53,52,30:54,57.40%
139,Kay Moore,"Thousand Oaks, CA",82,30:43,9:53,F 35-39/11,F-37,53,30:54,49.13%
140,Paige Rothermel,"Thousand Oaks, CA",100,30:43,9:54,F 45-49/4,F-46,54,31:01,52.55%
141,Gina Stern,"Agoura Hills, CA",115,30:47,9:55,F 45-49/5,F-47,55,30:55,53.03%
142,Francisco Tapia,"Oxnard, CA",235,31:00,9:59,M 35-39/11,M-35,87,31:11,42.55%
143,Casey Cusolito,"Westlake Village, CA",180,31:13,10:03,M 01-13/15,M-7,88,31:18,57.05%
144,Rich Cusolitoto,"Westlake Village, CA",182,31:23,10:06,M 40-44/10,M-42,89,31:27,44.16%
145,Heath Chamberlain,"Newbury Park, CA",156,31:24,10:07,M 30-34/6,M-34,90,31:38,41.80%
146,Walt Keller,"Malibu, CA",57,31:33,10:10,M 75-99/1,M-79,91,31:39,65.12%
147,Devon Frost,"Malibu, CA",36,31:34,10:10,F 01-13/11,F-11,56,31:36,52.72%
148,Erin Broadhurst,", CA",130,31:36,10:11,F 25-29/5,F-27,57,31:48,46.86%
149,Rhonda Vilardo,"Northridge, CA",204,31:43,10:13,F 45-49/6,F-46,58,31:52,50.89%
150,Naoko Kato,"Torrance, CA",55,31:48,10:15,F 35-39/12,F-38,59,32:02,47.67%
151,Cecilia McBurnie,"Westlake Village, CA",77,31:55,10:17,F 60-64/2,F-62,60,32:03,62.38%
152,Dawn Mortara,"Moorpark, CA",84,31:55,10:17,F 60-64/3,F-62,61,32:11,62.38%
153,Raina Arellano,"Oxnard, CA",212,32:02,10:19,F 25-29/6,F-26,62,32:21,46.23%
154,William Heritier,"Oak Park, CA",246,32:06,10:20,M 40-44/11,M-40,92,33:55,42.55%
155,Nicole Graebner,"Glendale, CA",43,32:31,10:28,F 35-39/13,F-35,63,32:42,46.00%
156,Lucy Gharibian,"Glendale, CA",40,32:31,10:28,F 19-24/4,F-22,64,32:42,45.54%
157,Ken Kochakji,"Van Nuys, CA",65,32:32,10:28,M 65-69/1,M-66,93,32:40,52.08%
158,David Wizer,"Westlake Village, CA",188,32:57,10:37,M 14-18/4,M-15,94,33:13,42.26%
159,Debra King,"Oak Park, CA",60,32:58,10:37,F 45-49/7,F-47,65,33:09,49.52%
160,Jason Amoroso,"Sherman Oaks, CA",210,33:02,10:38,M 30-34/7,M-31,95,33:08,39.27%
161,Christian Sasse,"Oak Park, CA",103,33:02,10:38,M 01-13/16,M-13,96,33:13,43.92%
162,Kathleen Ramirez,"Thousand Oaks, CA",96,33:15,10:42,F 45-49/8,F-47,66,33:28,49.10%
163,Adam Geller,"Westlake Village, CA",37,33:58,10:56,M 01-13/17,M-10,97,34:12,46.49%
164,Jerry Wauchope,"Thousand Oaks, CA",123,33:58,10:56,M 45-49/8,M-46,98,34:08,42.07%
165,Vanessa Heritier,"Oak Park, CA",134,34:16,11:02,F 30-34/9,F-31,67,34:34,43.26%
166,Molly McCarthy,"Oak Park, CA",140,34:37,11:09,F 40-44/9,F-44,68,34:47,45.71%
167,Delaney McCarthy,"Oak Park, CA",142,34:37,11:09,M 01-13/18,M-8,99,34:47,49.18%
168,Heather Hoyt,"Thousand Oaks, CA",50,34:37,11:09,F 30-34/10,F-31,69,34:47,42.82%
169,Windy Simmons,"Thousand Oaks, CA",112,35:03,11:17,F 30-34/11,F-32,70,35:10,42.34%
170,Karen Johnson,"Thousand Oaks, CA",146,35:27,11:25,F 40-44/10,F-40,71,35:36,43.27%
171,Eddie Lorin,"Westlake Village, CA",241,35:28,11:25,M 40-44/12,M-42,100,35:28,39.07%
172,Neil Geller,"Westlake Village, CA",39,35:40,11:29,M 45-49/9,M-49,101,35:56,41.05%
173,Pelar Cabral,"Thousand Oaks, CA",163,35:45,11:31,M 30-34/8,M-33,102,36:00,36.52%
174,Robert Cabral,"Thousand Oaks, CA",164,35:45,11:31,M 50-54/10,M-50,103,36:01,41.28%
175,Julie Wasserman,"Oak Park, CA",122,35:53,11:33,F 50-54/5,F-52,72,36:11,48.37%
176,Jennifer Geller,"Westlake Village, CA",38,35:56,11:34,F 45-49/9,F-48,73,36:11,45.99%
177,Jennifer Canning,"Huntington Beach, CA",23,36:28,11:45,F 30-34/12,F-31,74,36:31,40.65%
178,Dena Beaudine,"Westlake Village, CA",173,36:42,11:49,F 60-64/4,F-61,75,36:49,53.43%
179,Andrew Powers,"Thousand Oaks, CA",153,36:45,11:50,M 01-13/19,M-10,104,36:47,42.97%
180,Rebecca Maxey,"Agoura Hills, CA",186,37:13,11:59,F 01-13/12,F-13,76,37:20,42.92%
181,Molly Griffin,"Westlake Village, CA",223,37:13,11:59,F 01-13/13,F-13,77,37:20,42.92%
182,Emily McBride,"Thousand Oaks, CA",76,37:16,12:00,F 01-13/14,F-13,78,37:20,42.86%
183,Andrew Lukasiewicz,"Westlake Village, CA",74,37:33,12:06,M 01-13/20,M-13,105,37:37,38.62%
184,Natalie Armstrong,"Westlake Village, CA",12,37:48,12:10,F 40-44/11,F-43,79,38:02,41.51%
185,Katie Dyer,"Westlake Village, CA",31,38:09,12:17,F 30-34/13,F-30,80,38:22,38.81%
186,Jenna Lorin,"Westlake Village, CA",238,38:12,12:18,F 01-13/15,F-10,81,38:15,44.70%
187,Claudia Shemtov,"Westlake Village, CA",243,38:20,12:21,F 01-13/16,F-7,82,38:20,48.98%
188,Devon Wolf,"Westlake Village, CA",124,38:25,12:22,F 35-39/14,F-37,83,38:25,39.28%
189,Saverio Posarelli,"Westlake Village, CA",91,38:34,12:25,M 40-44/13,M-42,106,38:34,35.93%
190,Jamie Salinger,"Oak Park, CA",102,39:17,12:39,F 01-13/17,F-10,84,39:23,43.46%
191,Andy Salinger,"Oak Park, CA",101,39:18,12:39,M 40-44/14,M-42,107,39:24,35.26%
192,Faatimah Syed,"Thousand Oaks, CA",248,39:33,12:44,F 01-13/18,F-8,85,39:33,45.83%
193,Liv Erickson,"Thousand Oaks, CA",253,39:50,12:50,F 01-13/19,F-8,86,40:04,45.50%
194,Chris Erickson,"Thousand Oaks, CA",252,39:51,12:50,M 50-54/11,M-53,108,40:05,37.95%
195,Suzee Seeds,"Studio City, CA",109,40:37,13:05,F 55-59/1,F-58,87,40:50,46.31%
196,Anneliese Erickson,"Thousand Oaks, CA",254,40:44,13:07,F 01-13/20,F-6,88,40:57,47.95%
197,Jean Gosse,"Thousand Oaks, CA",42,40:53,13:10,F 75-99/1,F-80,89,41:09,66.19%
198,Cyndi Delgado,"Westlake Village, CA",30,41:10,13:15,F 45-49/10,F-46,90,41:25,39.21%
199,Shannon Finley,"Thousand Oaks, CA",33,41:31,13:22,F 25-29/7,F-26,91,41:44,35.66%
200,Jeanean Hollen,"Thousand Oaks, CA",48,41:31,13:22,F 50-54/6,F-52,92,41:45,41.81%
201,Kim Wizer,"Westlake Village, CA",187,43:38,14:03,F 50-54/7,F-50,93,43:54,38.78%
202,Olga Arellano,"Camarillo, CA",216,43:38,14:03,F 30-34/14,F-32,94,43:57,34.01%
203,Lupe Arellano,"Oxnard, CA",232,43:41,14:04,F 50-54/8,F-54,95,44:00,40.76%
204,Ariel Coro,"Agoura Hills, CA",183,44:54,14:28,F 30-34/15,F-31,96,45:12,33.01%
205,Luis Morales,"Simi Valley, CA",228,45:34,14:40,M 60-64/7,M-60,109,45:55,35.20%
206,Whitney Bower,"Simi Valley, CA",160,46:38,15:01,F 30-34/16,F-30,97,46:47,31.75%
207,Karri Stensrud,"Simi Valley, CA",159,46:38,15:01,F 30-34/17,F-31,98,46:48,31.78%
208,Mariam Syed,"Thousand Oaks, CA",247,47:05,15:10,F 01-13/21,F-11,99,47:05,35.34%
209,Toby Christie,"Woodland Hills, CA",26,47:32,15:18,M 30-34/9,M-33,110,47:45,27.46%
210,Kim Abendan,"Reseda, CA",11,47:33,15:19,F 30-34/18,F-32,100,47:45,31.21%
211,Elissa Christie,"Woodland Hills, CA",25,47:33,15:19,F 30-34/19,F-32,101,47:45,31.21%
212,Kurt Baron,"Santa Paula, CA",185,47:50,15:24,M 40-44/15,M-44,111,48:16,29.42%
213,Michael Peters,"Westlake Village, CA",222,48:01,15:28,M 40-44/16,M-42,112,48:26,28.85%
214,Mustafa Syed,"Thousand Oaks, CA",119,48:08,15:30,M 40-44/17,M-41,113,48:08,28.58%
215,Mark Peters,"Thousand Oaks, CA",220,48:33,15:38,M 25-29/11,M-28,114,48:58,26.58%
216,Laura Nisbet,"Westlake Village, CA",221,48:35,15:39,F 40-44/12,F-42,102,48:58,32.02%
217,Birte Koors,"Westlake Village, CA",67,48:49,15:43,F 60-64/5,F-64,103,48:53,42.01%
218,Knud Koors,"Westlake Village, CA",68,48:56,15:45,M 65-69/2,M-66,115,49:01,34.62%
219,Cynthia Gill,"Oak Park, CA",192,52:00,16:45,F 45-49/11,F-47,104,52:18,31.39%
220,Diana Traficante,"Thousand Oaks, CA",226,52:02,16:45,F 50-54/9,F-51,105,52:20,32.94%
221,Kevin Fitzgerald,"Northridge, CA",193,53:32,17:14,M 40-44/18,M-43,116,53:55,26.10%
222,Christopher Aedo,"Northridge, CA",219,53:36,17:16,M 35-39/12,M-35,117,54:02,24.60%
223,Heather Aedo,"Northridge, CA",218,54:32,17:34,F 25-29/8,F-29,106,54:56,27.15%
224,Raven Vilardo,"Northridge, CA",205,54:34,17:34,F 19-24/5,F-20,107,54:57,27.13%
225,Lindsey Mendoza,"Northridge, CA",206,54:35,17:34,F 19-24/6,F-20,108,54:56,27.12%
226,Bryan Merjan,"Thousand Oaks, CA",723,1:29:08,28:42,M 35-39/13,M-37,118,1:29:26,14.98%
227,Luis Manzano,"Calabasas, CA",773,1:53:55,36:40,M 40-44/19,M-41,119,1:53:55,12.07%
