Place,Name,Location,Bib,Net Time,Pace,Division/Place,Sex-Age,Sex-Place,Gun Time,Age Grade
1,Eric Palmer,"Monterey, CA",839,15:49,5:06,M 20-29/0,M-27,1,15:49,81.65%
2,Zachary McKeever,"Stockton, CA",392,17:35,5:40,M 12-14/1,M-14,2,17:35,80.74%
3,Jonathon Geller,"Salinas, CA",368,17:42,5:42,M 50-59/0,M-53,3,17:42,85.49%
4,Michael Clark,"Salinas, CA",833,17:45,5:43,M 40-49/1,M-45,4,17:45,79.98%
5,Courtney Quirin,"San Francisco, CA",428,17:45,5:43,F 20-29/0,F-28,1,17:45,83.46%
6,Cooper Moore,"Santa Rosa, CA",634,17:56,5:47,M 12-14/2,M-12,5,17:56,82.98%
7,Andrew Creely,"Santa Cruz, CA",699,18:00,5:48,M 50-59/1,M-54,6,18:00,84.71%
8,Joshua Cunanan,"Monterey, CA",718,18:27,5:57,M 15-19/1,M-15,7,18:28,75.50%
9,Brent Hunter,"Prunedale, CA",693,18:31,5:58,M 12-14/3,M-14,8,18:31,76.67%
10,Teresa Allman,"Pebble Beach, CA",717,18:46,6:03,F 30-39/1,F-35,2,18:47,79.73%
11,Giles Healey,"Carmel, CA",741,19:08,6:10,M 40-49/2,M-42,9,19:15,72.45%
12,Elisabeth Davidson,"Rocklin, CA",397,19:09,6:10,F 20-29/1,F-29,3,19:09,77.35%
13,Zachary Banducci,"Bakersfield, CA",439,19:09,6:10,M 15-19/2,M-15,10,19:10,72.74%
14,Dion Shattuck,"Santa Cruz, CA",700,19:30,6:17,M 15-19/3,M-15,11,19:30,71.43%
15,Neil Senkowski,"Monterey, CA",551,19:30,6:17,M 30-39/1,M-30,12,19:33,66.38%
16,Alex Hooten,"Erie, CO",608,19:40,6:20,M 09-11/1,M-11,13,19:40,77.86%
17,Matthew Bohman,"Carmel, CA",334,19:43,6:21,M 30-39/2,M-32,14,20:08,65.99%
18,Matthew Shuck,"Atascadero, CA",19,19:47,6:22,M 20-29/1,M-27,15,19:49,65.26%
19,Nick Howlett,"Berkeley, CA",437,20:17,6:32,M 15-19/4,M-15,16,20:22,68.67%
20,David Stewart,"Carmel Valley, CA",757,20:30,6:36,M 50-59/2,M-52,17,20:30,73.15%
21,Frederick Menezes,"Monterey, CA",784,20:30,6:36,M 60-69/1,M-60,18,20:31,78.28%
22,Brita Bruemmer,"Monterey, CA",579,20:40,6:39,F 50-59/0,F-50,4,20:41,81.19%
23,Avril Waddle,"Visalia, CA",840,20:43,6:40,F 40-49/1,F-44,5,20:45,76.01%
24,David McKeever,"Stockton, CA",391,20:57,6:45,M 30-39/3,M-36,19,20:59,63.38%
25,Gabriel Dutra,"Fremont, CA",54,21:01,6:46,M 15-19/5,M-15,20,21:12,66.27%
26,Noah Goldberg,"Turlock, CA",557,21:05,6:47,M 12-14/4,M-13,21,21:48,68.83%
27,Tara Clark,"Salinas, CA",835,21:05,6:48,F 40-49/2,F-44,6,21:08,74.68%
28,Lauren Atlee,"Australia, ",863,21:20,6:52,F 20-29/2,F-29,7,21:24,69.43%
29,Daniel Chapman,"Australia, ",864,21:20,6:52,M 20-29/2,M-29,22,21:24,60.59%
30,Michael Plummer,"Castro Valley, CA",760,21:26,6:54,M 50-59/3,M-53,23,21:28,70.58%
31,Robert Amerine,"Pebble Beach, CA",813,21:28,6:55,M 30-39/4,M-33,24,21:36,60.84%
32,Kevin Ryan,"Martinez, CA",294,21:39,6:58,M 30-39/5,M-31,25,21:41,59.94%
33,Kenya Colon,"Pacific Grove, CA",779,21:40,6:59,F 30-39/2,F-31,8,21:55,68.44%
34,Alexander Ljubimow,"Monterey, CA",774,21:47,7:01,M 30-39/6,M-35,26,21:54,60.57%
35,Serge Hodgson,"Monterey, CA",245,21:57,7:04,M 40-49/3,M-48,27,22:02,66.19%
36,Orlando Anaya,"Marina, CA",720,22:01,7:05,M 30-39/7,M-30,28,22:16,58.79%
37,Mark Grill,"Marina, CA",721,22:01,7:06,M 20-29/3,M-26,29,22:17,58.64%
38,John Bergervoet,"Monterey, CA",616,22:05,7:07,M 20-29/4,M-29,30,22:07,58.53%
39,Adrian Zuniga,"Watsonville, CA",598,22:12,7:09,M 09-11/2,M-10,31,22:15,71.15%
40,Rafael Zuniga,"Watsonville, CA",597,22:12,7:09,M 50-59/4,M-51,32,22:15,67.02%
41,Jesse Lozano,"Ripon, CA",363,22:17,7:11,M 15-19/6,M-17,33,22:24,60.63%
42,Levi Milligan,"Monterey, CA",248,22:27,7:14,M 12-14/5,M-14,34,22:32,63.22%
43,Tom Wray,"Carmel By The Sea, CA",776,22:30,7:15,M 12-14/6,M-12,35,22:42,66.12%
44,Amber Varney,"Salinas, CA",880,22:32,7:15,F 12-14/1,F-14,9,22:33,69.80%
45,David Macias,"Salinas, CA",874,22:39,7:18,M 12-14/7,M-13,36,23:09,64.06%
46,Fidel Garcia,"Salinas, CA",524,22:45,7:20,M 40-49/4,M-43,37,23:20,61.44%
47,Jacob Brown,"El Dorado Hl, CA",842,22:46,7:20,M 09-11/3,M-10,38,22:57,69.38%
48,Roland Garwood,"Salinas, CA",748,22:52,7:22,M 60-69/2,M-66,39,22:54,74.11%
49,Kevin Fitzpatrick,"Fresno, CA",707,22:53,7:22,M 30-39/8,M-37,40,23:08,58.38%
50,Caleb Wood,"Rohnert Park, CA",450,23:01,7:25,M 09-11/4,M-10,41,23:01,68.62%
51,Cesar Reyes,"Gilroy, CA",412,23:01,7:25,M 40-49/5,M-46,42,23:36,62.10%
52,Amanda Ryan,"Martinez, CA",820,23:01,7:25,F 30-39/3,F-38,10,23:03,65.80%
53,Jared Clark,"Salinas, CA",836,23:04,7:26,M 15-19/7,M-17,43,23:06,58.57%
54,Emma Rogan,"Isle Of Man, ",831,23:11,7:28,F 30-39/4,F-34,11,23:18,64.32%
55,Amy Reyes,"Gilroy, CA",413,23:11,7:28,F 15-19/1,F-16,12,23:39,66.04%
56,Nigel Armstrong,"Isle Of Man, ",832,23:14,7:29,M 40-49/6,M-43,44,23:18,60.16%
57,Luke Moore,"Santa Rosa, CA",635,23:14,7:29,M 09-11/5,M-10,45,23:14,67.98%
58,Matt Lovingier,"Fairfield, CA",570,23:18,7:30,M 20-29/5,M-23,46,23:24,55.40%
59,Shauna McKeever,"Stockton, CA",390,23:22,7:32,F 30-39/5,F-34,13,23:24,63.81%
60,Eduardo Busato,"BRA, ",88,23:23,7:32,M 40-49/7,M-44,47,23:36,60.20%
61,Jarrod Sowell,"Monterey, CA",441,23:24,7:32,M 20-29/6,M-23,48,23:47,55.17%
62,Adam Bock,"Monterey, CA",552,23:25,7:33,M 30-39/9,M-32,49,23:36,55.56%
63,Lucas Melac,"Pacific Grove, CA",246,23:25,7:33,M 12-14/8,M-12,50,23:34,63.53%
64,Maricy Busato,"BRA, ",89,23:26,7:33,F 40-49/3,F-40,14,23:37,65.34%
65,Sean Gullion,"San Jose, CA",517,23:27,7:33,M 20-29/7,M-25,51,24:10,55.05%
66,Katelyn Harris,"Sanger, CA",744,23:34,7:35,F 20-29/3,F-23,15,23:37,62.85%
67,Mihaela Plummer,"Castro Valley, CA",761,23:37,7:36,F 40-49/4,F-42,16,23:41,65.68%
68,Tharion Bracy,"San Jose, CA",624,23:37,7:36,M 40-49/8,M-46,52,23:47,60.52%
69,Tom Thayer,"Salinas, CA",713,23:39,7:37,M 60-69/3,M-65,53,23:45,70.94%
70,Martin Suro,"Pacific Grove, CA",797,23:43,7:38,M 30-39/10,M-36,54,24:36,55.98%
71,Jared Diaz,"San Jose, CA",172,23:47,7:40,M 20-29/8,M-22,55,24:04,54.28%
72,Drew Beachler,"Modesto, CA",163,23:52,7:41,M 12-14/9,M-12,56,23:57,62.33%
73,Jessica Lindquist,"Monterey, CA",615,23:53,7:42,F 30-39/6,F-31,17,23:56,62.08%
74,Avery Blanco,"Marina, CA",731,23:56,7:42,F 09-11/1,F-11,18,23:57,69.55%
75,Gabe Blanco,"Marina, CA",732,23:56,7:42,M 30-39/11,M-39,57,23:58,56.66%
76,Lauren May,"Sutter Creek, CA",669,23:56,7:43,F 20-29/4,F-21,19,24:10,61.88%
77,Jose Patino,"Salinas, CA",698,23:58,7:43,M 12-14/10,M-13,58,24:27,60.54%
78,Stuart Benedict,"Modesto, CA",872,23:58,7:43,M 09-11/6,M-9,59,24:03,68.27%
79,Mikaela Cagampan,"Palo Alto, CA",327,24:01,7:44,F 09-11/2,F-11,20,24:02,69.31%
80,Emily Passey,"Watsonville, CA",869,24:20,7:50,F 12-14/2,F-14,21,24:40,64.63%
81,Olivia Chapa,"Aptos, CA",870,24:20,7:50,F 12-14/3,F-14,22,24:39,64.63%
82,John Salinas,"Salinas, CA",716,24:27,7:52,M 20-29/9,M-29,60,24:58,52.86%
83,Tarika Vatturi,"Union City, CA",697,24:30,7:54,F 05-08/1,F-8,23,24:31,74.00%
84,Henrik Karlsson,"Burlingame, CA",119,24:37,7:56,M 30-39/12,M-39,61,24:45,55.08%
85,Lisa Corcoran,"Big Sur, CA",562,24:38,7:56,F 40-49/5,F-46,24,24:43,65.13%
86,Anthony Biondi,"Turlock, CA",799,24:41,7:57,M 05-08/1,M-8,62,24:47,68.99%
87,Caitlin Morgan,"Santa Rosa, CA",338,24:42,7:57,F 20-29/5,F-27,25,24:46,59.96%
88,Megan Mayfield,"Salinas, CA",811,24:46,7:59,F 12-14/4,F-14,26,24:48,63.50%
89,Karen Garza,"Hanford, CA",759,24:50,8:00,F 50-59/1,F-52,27,24:54,69.24%
90,Jacob Jenkins,"Monterey, CA",727,24:53,8:01,M 20-29/10,M-25,63,25:40,51.88%
91,Heather Archambault,"Pacific Grove, CA",485,24:54,8:01,F 30-39/7,F-31,28,25:02,59.54%
92,Jenelle Flory,"Ripon, CA",417,24:56,8:02,F 12-14/5,F-14,29,25:01,63.08%
93,Jose Rivas,"Santa Rosa, CA",638,25:02,8:04,M 60-69/4,M-60,64,25:40,64.09%
94,Devin Avilla,"Morgan Hill, CA",765,25:07,8:05,M 20-29/11,M-27,65,25:28,51.39%
95,Beth Javens,"Pacific Grove, CA",878,25:10,8:06,F 40-49/6,F-47,30,25:16,64.41%
96,Savannah Moore,"Santa Rosa, CA",322,25:10,8:06,F 20-29/6,F-23,31,25:14,58.85%
97,Don Diaz,"San Jose, CA",171,25:11,8:07,M 50-59/5,M-51,66,25:27,59.07%
98,John Lane,"Salinas, CA",684,25:14,8:08,M 12-14/11,M-13,67,25:19,57.50%
99,Sarah Bovert,"Morgan Hill, CA",766,25:15,8:08,F 20-29/7,F-28,32,25:36,58.65%
100,Justin Martinez,"Gilroy, CA",424,25:17,8:09,M 30-39/13,M-33,68,25:24,51.65%
