Bib,Name,Gender,Age,Hometown,Overall,Men,M 20-29,Age/Grade,Finish,Chip Time,Gun Time
319,Daniel Wilcox,M,21,"La Mirada, CA",1 out of 244,1 out of 131,1 out of 24, 81.11% Place: 5,15:59 Pace: 5:09,15:59,15:59
279,Alex Crawford,M,17,"Newport Beach, CA",2 out of 244,2 out of 131,1 out of 6, 79.65% Place: 7,16:58 Pace: 5:28,16:58,16:58
281,Ian Fournier,M,16,"Long Beach, CA",3 out of 244,3 out of 131,2 out of 6, 80.75% Place: 6,17:00 Pace: 5:29,16:59,17:00
341,Mark Vishnevsky,M,28,"Long Beach, CA",4 out of 244,4 out of 131,2 out of 24, 75.51% Place: 11,17:06 Pace: 5:31,17:06,17:07
307,Nabor Gomez,M,56,"Lakewood, CA",5 out of 244,5 out of 131,1 out of 21, 85.95% Place: 1,18:03 Pace: 5:49,18:03,18:03
321,Angelo Decollibus,M,51,"Orange, CA",6 out of 244,6 out of 131,2 out of 21, 81.83% Place: 4,18:11 Pace: 5:51,18:11,18:12
326,Tyrone Bennett,M,46,"Tustin, CA",7 out of 244,7 out of 131,1 out of 24, 77.07% Place: 9,18:33 Pace: 5:59,18:33,18:34
189,John Blowers,M,23,"Long Beach, CA",8 out of 244,8 out of 131,3 out of 24, 69.54% Place: 26,18:34 Pace: 5:59,18:34,18:39
152,Scott Foster,M,32,"Castaic, CA",9 out of 244,9 out of 131,1 out of 27, 69.96% Place: 22,18:36 Pace: 6:00,18:36,18:38
166,Emmanuel Guzman,M,23,"Wilmington, CA",10 out of 244,10 out of 131,4 out of 24, 69.42% Place: 27,18:36 Pace: 6:00,18:36,18:36
402,Marlo Quevedo,M,32,"Long Beach, CA",11 out of 244,11 out of 131,2 out of 27, 69.71% Place: 23,18:40 Pace: 6:01,18:40,18:41
345,Beth Hibbard,F,36,"Seal Beach, CA",12 out of 244,1 out of 113,1 out of 23, 79.45% Place: 8,18:56 Pace: 6:06,18:55,18:56
338,Ron Kurrle,M,60,"Irvine, CA",13 out of 244,12 out of 131,1 out of 5, 84.24% Place: 2,19:03 Pace: 6:08,19:03,19:04
178,Jarred Kennedy,M,22,"Mission Viejo, CA",14 out of 244,13 out of 131,5 out of 24, 67.66% Place: 33,19:05 Pace: 6:09,19:05,19:05
311,Christian Fernandez,M,32,"Long Beach, CA",15 out of 244,14 out of 131,3 out of 27, 68.12% Place: 31,19:06 Pace: 6:09,19:06,19:07
258,John Taylor,M,36,"Long Beach, CA",16 out of 244,15 out of 131,4 out of 27, 69.16% Place: 29,19:12 Pace: 6:11,19:12,19:14
314,Sean Fagan,M,25,"Long Beach, CA",17 out of 244,16 out of 131,6 out of 24, 66.32% Place: 40,19:28 Pace: 6:16,19:28,19:29
119,Phil Carson,M,44,"Fountain Valley, CA",18 out of 244,17 out of 131,2 out of 24, 70.98% Place: 19,19:50 Pace: 6:23,19:50,19:52
230,Guido Quezada,M,50,"Long Beach, CA",19 out of 244,18 out of 131,3 out of 21, 72.96% Place: 14,20:14 Pace: 6:31,20:14,20:15
334,Julian Temblador,M,26,"Harbor City, CA",20 out of 244,19 out of 131,7 out of 24, 63.44% Place: 53,20:21 Pace: 6:33,20:21,20:25
421,Xavier Kral,M,34,"Newport Beach, CA",21 out of 244,20 out of 131,5 out of 27, 64.46% Place: 46,20:22 Pace: 6:34,20:22,20:24
308,Steven Smith,M,48,"Cypress, CA",22 out of 244,21 out of 131,3 out of 24, 71.28% Place: 18,20:23 Pace: 6:34,20:23,20:36
275,Ozzie Zea,M,45,"Long Beach, CA",23 out of 244,22 out of 131,4 out of 24, 69.30% Place: 28,20:29 Pace: 6:36,20:29,20:30
280,Peter Ellis,M,33,"San Clemente, CA",24 out of 244,23 out of 131,6 out of 27, 63.76% Place: 50,20:29 Pace: 6:36,20:29,20:32
147,David Ewoldt,M,53,"Long Beach, CA",25 out of 244,24 out of 131,4 out of 21, 73.50% Place: 13,20:35 Pace: 6:38,20:35,20:39
414,Kristen Reyes,F,33,"Santa Ana, CA",26 out of 244,2 out of 113,2 out of 23, 72.88% Place: 16,20:37 Pace: 6:38,20:25,20:37
324,Wesley Chow,M,29,"Long Beach, CA",27 out of 244,25 out of 131,8 out of 24, 62.60% Place: 57,20:39 Pace: 6:39,20:39,20:42
352,Lorenzo Uribe,M,26,"Lakewood, CA",28 out of 244,26 out of 131,9 out of 24, 61.72% Place: 62,20:55 Pace: 6:44,20:55,20:55
351,Dedier Reyes,M,25,"Lakewood, CA",29 out of 244,27 out of 131,10 out of 24, 61.67% Place: 63,20:56 Pace: 6:45,20:56,20:57
262,Audrey Trautwein,F,16,"Huntington Beach, CA",30 out of 244,3 out of 113,1 out of 8, 72.92% Place: 15,21:08 Pace: 6:48,21:00,21:08
181,Steve Kramer,M,40,"Seal Beach, CA",31 out of 244,28 out of 131,5 out of 24, 64.24% Place: 47,21:16 Pace: 6:51,21:16,21:18
173,Kathy Hoskins,F,47,"Long Beach, CA",32 out of 244,4 out of 113,1 out of 28, 76.66% Place: 10,21:18 Pace: 6:52,21:18,21:21
164,James Gunderson,M,27,"Long Beach, CA",33 out of 244,29 out of 131,11 out of 24, 60.19% Place: 75,21:27 Pace: 6:55,21:27,21:31
176,Clinton Jamison,M,23,"Cypress, CA",34 out of 244,30 out of 131,12 out of 24, 59.95% Place: 77,21:32 Pace: 6:56,21:32,21:34
233,Emmett Rahl,M,37,"Long Beach, CA",35 out of 244,31 out of 131,7 out of 27, 61.66% Place: 64,21:40 Pace: 6:59,21:40,21:47
182,Katherine Lander,F,46,"Westminster, CA",36 out of 244,5 out of 113,2 out of 28, 74.35% Place: 12,21:43 Pace: 7:00,21:43,21:46
187,Kelly Lewis,F,18,"Modesto, CA",37 out of 244,6 out of 113,2 out of 8, 68.87% Place: 30,21:45 Pace: 7:00,21:45,21:49
167,Brian Hamilton,M,47,"Long Beach, CA",38 out of 244,32 out of 131,6 out of 24, 65.65% Place: 45,21:57 Pace: 7:04,21:57,22:00
224,Jason Perkins,M,37,"Buena Park, CA",39 out of 244,33 out of 131,8 out of 27, 60.87% Place: 69,21:57 Pace: 7:04,21:57,22:02
135,Alex Dominguez,M,12,"Pico Rivera, CA",40 out of 244,34 out of 131,1 out of 24, 67.63% Place: 35,22:00 Pace: 7:05,22:00,22:01
344,Jeff Mejia,M,41,"Upland, CA",41 out of 244,35 out of 131,7 out of 24, 62.31% Place: 60,22:05 Pace: 7:07,22:05,22:12
299,Lorenzo Herrera,M,56,"Buena Park, CA",42 out of 244,36 out of 131,5 out of 21, 70.19% Place: 21,22:06 Pace: 7:07,22:06,24:36
253,Daniel Southard,M,21,"Long Beach, CA",43 out of 244,37 out of 131,13 out of 24, 58.38% Place: 86,22:12 Pace: 7:09,22:12,22:17
276,William Zuniga,M,26,"Wilmington, CA",44 out of 244,38 out of 131,14 out of 24, 58.11% Place: 87,22:13 Pace: 7:09,22:13,22:20
413,Antonio Rebollar,M,62,"Baldwin Park, CA",45 out of 244,39 out of 131,2 out of 5, 72.84% Place: 17,22:25 Pace: 7:13,22:25,22:26
103,Julie Arreola,F,38,"Carson, CA",46 out of 244,7 out of 113,3 out of 23, 67.63% Place: 34,22:25 Pace: 7:13,22:25,22:28
353,Jim Fetner,M,51,"Capistrano Beach, CA",47 out of 244,40 out of 131,6 out of 21, 66.27% Place: 41,22:27 Pace: 7:14,22:27,22:35
277,Don Brown,M,57,"Dana Point, CA",48 out of 244,41 out of 131,7 out of 21, 69.64% Place: 24,22:28 Pace: 7:14,22:28,22:33
312,Nick Marantz,M,30,"Long Beach, CA",49 out of 244,42 out of 131,9 out of 27, 57.18% Place: 91,22:38 Pace: 7:17,22:38,22:46
168,Kevin Hamilton,M,15,"Long Beach, CA",50 out of 244,43 out of 131,3 out of 6, 61.49% Place: 65,22:39 Pace: 7:18,22:39,22:41
327,Joseph Preciado,M,24,"Pico Rivera, CA",51 out of 244,44 out of 131,15 out of 24, 56.87% Place: 93,22:42 Pace: 7:19,22:42,23:00
409,Hector Gutierrez,M,16,"Hacienda Heights, CA",52 out of 244,45 out of 131,4 out of 6, 60.22% Place: 74,22:46 Pace: 7:20,22:46,22:58
417,Mike Vandermeer,M,40,"Long Beach, CA",53 out of 244,46 out of 131,8 out of 24, 59.61% Place: 79,22:55 Pace: 7:23,22:55,23:15
412,Jose Gutierrez,M,54,"Hacienda Heights, CA",54 out of 244,47 out of 131,8 out of 21, 66.23% Place: 42,23:01 Pace: 7:25,23:01,23:01
303,Grant Grainger,M,11,"Long Beach, CA",55 out of 244,48 out of 131,2 out of 24, 66.09% Place: 43,23:10 Pace: 7:28,23:10,23:23
349,Kelly Motyka,F,33,"Long Beach, CA",56 out of 244,8 out of 113,4 out of 23, 63.99% Place: 48,23:15 Pace: 7:29,23:15,23:19
340,Marcos Hernandez,M,35,"Long Beach, CA",57 out of 244,49 out of 131,10 out of 27, 56.74% Place: 95,23:15 Pace: 7:29,23:15,23:21
261,Martha Tiscareno,F,40,"Pico Rivera, CA",58 out of 244,9 out of 113,3 out of 28, 65.95% Place: 44,23:16 Pace: 7:30,23:16,23:18
149,Judith Fischer,F,61,"Cypress, CA",59 out of 244,10 out of 113,1 out of 5, 84.00% Place: 3,23:21 Pace: 7:31,23:21,23:25
257,Ryan Tapp,M,34,"Long Beach, CA",60 out of 244,50 out of 131,11 out of 27, 55.82% Place: 100,23:31 Pace: 7:35,23:31,23:36
410,Eric Vargas,M,16,"La Puente, CA",61 out of 244,51 out of 131,5 out of 6, 58.09% Place: 88,23:36 Pace: 7:36,23:36,23:48
332,Gary Nakamura,M,38,"Torrance, CA",62 out of 244,52 out of 131,12 out of 27, 56.79% Place: 94,23:42 Pace: 7:38,23:42,23:52
220,Julianne Page,F,22,"Huntington Beach, CA",63 out of 244,11 out of 113,1 out of 23, 62.36% Place: 59,23:45 Pace: 7:39,23:45,23:53
267,Shannon Vastine,F,21,"Palmdale, CA",64 out of 244,12 out of 113,2 out of 23, 62.27% Place: 61,23:47 Pace: 7:40,23:47,23:53
199,Paloma Martinez,F,13,"Pico Rivera, CA",65 out of 244,13 out of 113,1 out of 16, 66.99% Place: 37,23:51 Pace: 7:41,23:51,23:53
255,Vernon Stephens,M,43,"Long Beach, CA",66 out of 244,53 out of 131,9 out of 24, 58.48% Place: 84,23:54 Pace: 7:42,23:54,24:07
260,Aaron Tiscareno,M,13,"Pico Rivera, CA",67 out of 244,54 out of 131,3 out of 24, 60.42% Place: 73,24:01 Pace: 7:44,24:01,24:02
218,Jake Olquin,M,9,"Pico Rivera, CA",68 out of 244,55 out of 131,4 out of 24, 68.03% Place: 32,24:03 Pace: 7:45,24:03,24:05
313,Tom Kiesewetter,M,54,"Long Beach, CA",69 out of 244,56 out of 131,9 out of 21, 63.12% Place: 55,24:09 Pace: 7:47,24:09,24:27
198,Olympia Martinez,F,12,"Pico Rivera, CA",70 out of 244,14 out of 113,2 out of 16, 67.43% Place: 36,24:09 Pace: 7:47,24:09,24:11
420,Stacy Youngren,F,51,"Lakewood, CA",71 out of 244,15 out of 113,1 out of 10, 70.85% Place: 20,24:12 Pace: 7:48,24:12,24:16
134,Joseph Dodds,M,55,"Seal Beach, CA",72 out of 244,57 out of 131,10 out of 21, 63.45% Place: 52,24:14 Pace: 7:48,24:14,24:21
328,Kurt Hesse,M,33,"Huntington Beach, CA",73 out of 244,58 out of 131,13 out of 27, 53.74% Place: 113,24:18 Pace: 7:50,24:18,24:25
124,Megan Concannon,F,19,"Long Beach, CA",74 out of 244,16 out of 113,3 out of 8, 61.11% Place: 68,24:19 Pace: 7:50,24:19,24:26
306,Rich Meyer,M,48,"Long Beach, CA",75 out of 244,59 out of 131,10 out of 24, 59.66% Place: 78,24:21 Pace: 7:51,24:21,24:40
118,Daniel Calleros,M,33,"Fullerton, CA",76 out of 244,60 out of 131,14 out of 27, 53.56% Place: 114,24:23 Pace: 7:51,24:23,24:43
309,Nadine Jauregui,F,27,"Long Beach, CA",77 out of 244,17 out of 113,3 out of 23, 60.74% Place: 70,24:23 Pace: 7:51,24:23,24:27
274,Caroline Yoo,F,35,"Long Beach, CA",78 out of 244,18 out of 113,5 out of 23, 61.31% Place: 67,24:24 Pace: 7:51,24:24,24:43
350,Randy Blancq,M,38,"Norwalk, CA",79 out of 244,61 out of 131,15 out of 27, 55.16% Place: 105,24:24 Pace: 7:51,24:24,24:36
177,Raymond Keifer,M,52,"Cypress, CA",80 out of 244,62 out of 131,11 out of 21, 61.41% Place: 66,24:25 Pace: 7:52,24:25,24:32
293,Nadine Echeverry,F,42,"Long Beach, CA",81 out of 244,19 out of 113,4 out of 28, 63.60% Place: 51,24:28 Pace: 7:53,24:28,24:46
110,Sebastian Bautista,M,8,"Whittier, CA",82 out of 244,63 out of 131,5 out of 24, 69.55% Place: 25,24:29 Pace: 7:53,24:29,24:31
228,Brandon Preciado,M,26,"Long Beach, CA",83 out of 244,64 out of 131,16 out of 24, 52.65% Place: 122,24:31 Pace: 7:54,24:31,24:48
195,Troy Macpherson,M,47,"Long Beach, CA",84 out of 244,65 out of 131,11 out of 24, 58.66% Place: 83,24:34 Pace: 7:55,24:34,24:45
304,Maureen Grainger,F,43,"Long Beach, CA",85 out of 244,20 out of 113,5 out of 28, 63.80% Place: 49,24:36 Pace: 7:55,24:36,24:48
287,Leigh Sandlin,F,47,"Long Beach, CA",86 out of 244,21 out of 113,6 out of 28, 66.37% Place: 38,24:36 Pace: 7:56,24:36,24:45
193,Suzanne Mackinnon,F,34,"Lakewood, CA",87 out of 244,22 out of 113,6 out of 23, 60.57% Place: 72,24:37 Pace: 7:56,24:37,24:47
337,Keith Lyon,M,57,"Chino Hills, CA",88 out of 244,66 out of 131,12 out of 21, 63.42% Place: 54,24:40 Pace: 7:57,24:40,24:45
325,Vivian Chow,F,24,"Long Beach, CA",89 out of 244,23 out of 113,4 out of 23, 60.00% Place: 76,24:41 Pace: 7:57,24:41,24:48
139,Johnny Duong,M,28,"Buena Park, CA",90 out of 244,67 out of 131,17 out of 24, 51.67% Place: 130,24:59 Pace: 8:03,24:59,25:06
273,Samantha Yadon,F,22,"Yorba Linda, CA",91 out of 244,24 out of 113,5 out of 23, 59.08% Place: 81,25:04 Pace: 8:04,25:04,25:10
317,Henok Eskinder,M,13,"Long Beach, CA",92 out of 244,68 out of 131,6 out of 24, 57.81% Place: 89,25:06 Pace: 8:05,25:06,25:09
150,Carlos Flores,M,11,"Whittier, CA",93 out of 244,69 out of 131,7 out of 24, 60.67% Place: 71,25:14 Pace: 8:08,25:14,25:16
292,Valente Marshall,M,35,"Long Beach, CA",94 out of 244,70 out of 131,16 out of 27, 52.28% Place: 126,25:14 Pace: 8:08,25:14,25:32
161,Francisco Gonzalez,M,59,"Whittier, CA",95 out of 244,71 out of 131,13 out of 21, 62.89% Place: 56,25:18 Pace: 8:09,25:18,25:22
405,Francine Wheat,F,44,"Brea, CA",96 out of 244,25 out of 113,7 out of 28, 62.39% Place: 58,25:21 Pace: 8:10,25:21,25:45
282,Don Gottis,M,37,"Los Alamitos, CA",97 out of 244,72 out of 131,17 out of 27, 52.39% Place: 124,25:30 Pace: 8:13,25:30,25:38
142,John Ellis,M,47,"Long Beach, CA",98 out of 244,73 out of 131,12 out of 24, 56.51% Place: 96,25:30 Pace: 8:13,25:30,25:38
331,Fernando Longcob,M,39,"Torrance, CA",99 out of 244,74 out of 131,18 out of 27, 53.10% Place: 119,25:32 Pace: 8:14,25:32,25:48
141,Audrey Eftychiou,F,39,"Long Beach, CA",100 out of 244,26 out of 113,7 out of 23, 59.54% Place: 80,25:36 Pace: 8:15,25:36,25:42
422,Judy Jackson,M,34,"Rancho Santa Margarita, CA",101 out of 244,75 out of 131,19 out of 27, 50.97% Place: 138,25:45 Pace: 8:18,25:45,25:56
435,David Belden,M,37,"Ontario, CA",102 out of 244,76 out of 131,20 out of 27, 51.71% Place: 129,25:50 Pace: 8:19,25:50,26:03
415,Vincent Pacheco,M,36,"Long Beach, CA",103 out of 244,77 out of 131,21 out of 27, 50.51% Place: 142,26:17 Pace: 8:28,26:17,26:33
153,Nancy Freihaut,F,41,"Long Beach, CA",104 out of 244,27 out of 113,8 out of 28, 58.46% Place: 85,26:25 Pace: 8:31,26:25,26:36
336,Andrew Serna,M,26,"Pico Rivera, CA",105 out of 244,78 out of 131,18 out of 24, 48.83% Place: 150,26:26 Pace: 8:31,26:26,26:43
107,Eric Baird,M,31,"El Segundo, CA",106 out of 244,79 out of 131,22 out of 27, 49.02% Place: 149,26:28 Pace: 8:31,26:28,26:51
335,Paul Serna,M,27,"Pico Rivera, CA",107 out of 244,80 out of 131,19 out of 24, 48.71% Place: 151,26:30 Pace: 8:32,26:30,26:47
271,Robb Word,M,46,"Long Beach, CA",108 out of 244,81 out of 131,13 out of 24, 53.83% Place: 112,26:33 Pace: 8:33,26:33,26:33
221,Manith Parton,F,18,"Carpinteria, CA",109 out of 244,28 out of 113,4 out of 8, 56.37% Place: 97,26:34 Pace: 8:33,26:34,26:40
174,Alice Huynh,F,18,"Anaheim, CA",110 out of 244,29 out of 113,5 out of 8, 56.27% Place: 98,26:37 Pace: 8:35,26:37,26:43
566,Anne Lattime,F,39,"Long Beach, CA",111 out of 244,30 out of 113,8 out of 23, 57.16% Place: 92,26:40 Pace: 8:35,26:40,26:57
190,Ted Liu,M,43,"Alhambra, CA",112 out of 244,82 out of 131,14 out of 24, 52.34% Place: 125,26:42 Pace: 8:36,26:42,26:43
269,Chelsey Way,F,22,"Garden Grove, CA",113 out of 244,31 out of 113,6 out of 23, 55.33% Place: 102,26:46 Pace: 8:37,26:46,26:54
154,Jay Frushour,M,52,"Lakewood, CA",114 out of 244,83 out of 131,14 out of 21, 55.26% Place: 103,27:08 Pace: 8:44,27:08,27:17
158,Brett Gilbert,M,13,"Lakewood, CA",115 out of 244,84 out of 131,8 out of 24, 53.34% Place: 117,27:12 Pace: 8:46,27:12,27:18
288,Stephen Sandlin,M,48,"Long Beach, CA",116 out of 244,85 out of 131,15 out of 24, 53.30% Place: 118,27:15 Pace: 8:47,27:15,27:26
170,Candace Heiser,F,20,"Long Beach, CA",117 out of 244,32 out of 113,7 out of 23, 54.35% Place: 110,27:15 Pace: 8:47,27:15,27:23
298,Gary Anderson,M,39,"Paramount, CA",118 out of 244,86 out of 131,23 out of 27, 49.72% Place: 147,27:16 Pace: 8:47,27:16,27:30
423,Kent Crawford,M,52,"Newport Beach, CA",119 out of 244,87 out of 131,15 out of 21, 54.82% Place: 107,27:21 Pace: 8:48,27:21,27:50
310,Mariana Jauregui,F,32,"Long Beach, CA",120 out of 244,33 out of 113,9 out of 23, 53.87% Place: 111,27:33 Pace: 8:52,27:33,27:36
214,Victor Navarrette,M,43,"Long Beach, CA",121 out of 244,88 out of 131,16 out of 24, 50.51% Place: 141,27:40 Pace: 8:55,27:40,27:51
211,Cathy Moore,F,47,"Long Beach, CA",122 out of 244,34 out of 113,9 out of 28, 58.76% Place: 82,27:47 Pace: 8:57,27:47,28:04
201,Dona McBride,F,57,"Long Beach, CA",123 out of 244,35 out of 113,2 out of 10, 66.35% Place: 39,27:57 Pace: 9:00,27:57,28:06
290,Alma Sepulveda,F,42,"Downey, CA",124 out of 244,36 out of 113,10 out of 28, 55.21% Place: 104,28:11 Pace: 9:05,28:11,28:29
305,Jose L Rodriguez,M,18,"Long Beach, CA",125 out of 244,89 out of 131,6 out of 6, 47.28% Place: 161,28:13 Pace: 9:05,28:13,28:19
294,Dawn Watkins,F,44,"Long Beach, CA",126 out of 244,37 out of 113,11 out of 28, 56.09% Place: 99,28:13 Pace: 9:05,28:13,28:33
240,Luzia Roe,F,37,"Long Beach, CA",127 out of 244,38 out of 113,10 out of 23, 53.39% Place: 116,28:16 Pace: 9:06,28:16,28:33
115,Laura Buchanan,F,42,"Long Beach, CA",128 out of 244,39 out of 113,12 out of 28, 54.98% Place: 106,28:18 Pace: 9:07,28:18,28:34
145,Angel Estrada,M,9,"Anaheim, CA",129 out of 244,90 out of 131,9 out of 24, 57.74% Place: 90,28:20 Pace: 9:07,28:20,28:36
416,Victor Pacheco,M,36,"Long Beach, CA",130 out of 244,91 out of 131,24 out of 27, 46.80% Place: 163,28:22 Pace: 9:08,28:22,28:38
272,Tami Wysocki,F,33,"Whittier, CA",131 out of 244,40 out of 113,11 out of 23, 52.07% Place: 128,28:34 Pace: 9:12,28:34,28:34
156,Heather Funk,F,18,"San Jose, CA",132 out of 244,41 out of 113,6 out of 8, 52.18% Place: 127,28:42 Pace: 9:15,28:42,28:52
222,Jessica Paton,F,20,"Ventura, CA",133 out of 244,42 out of 113,8 out of 23, 51.60% Place: 132,28:42 Pace: 9:15,28:42,28:52
242,Veronica Ryan,F,39,"Long Beach, CA",134 out of 244,43 out of 113,12 out of 23, 52.86% Place: 120,28:50 Pace: 9:17,28:50,29:00
346,Sam King,M,12,"Long Beach, CA",135 out of 244,92 out of 131,10 out of 24, 51.56% Place: 134,28:51 Pace: 9:18,28:51,29:04
113,Tina Broadbent,F,29,"Mountain View, CA",136 out of 244,44 out of 113,9 out of 23, 50.34% Place: 143,29:25 Pace: 9:28,29:25,29:41
143,Mel Elpusan,M,36,"Torrance, CA",137 out of 244,93 out of 131,25 out of 27, 45.02% Place: 171,29:29 Pace: 9:30,29:29,29:37
185,Chan Lee,M,20,"La Mirada, CA",138 out of 244,94 out of 131,20 out of 24, 43.74% Place: 181,29:49 Pace: 9:36,29:49,29:58
204,Gyasi McKendell,M,13,"Signal Hill, CA",139 out of 244,95 out of 131,11 out of 24, 48.58% Place: 153,29:52 Pace: 9:37,29:52,30:02
419,Rose Lara,F,47,"South Gate, CA",140 out of 244,45 out of 113,13 out of 28, 54.63% Place: 108,29:53 Pace: 9:37,29:53,30:12
188,Cristofer Lievano,M,12,"Anaheim, CA",141 out of 244,96 out of 131,12 out of 24, 49.75% Place: 146,29:54 Pace: 9:38,29:54,30:05
429,Aaron Hodson,M,22,"Ontario, CA",142 out of 244,97 out of 131,21 out of 24, 43.17% Place: 182,29:54 Pace: 9:38,29:54,30:08
226,Daniel Phelps,M,44,"Long Beach, CA",143 out of 244,98 out of 131,17 out of 24, 47.02% Place: 162,29:56 Pace: 9:39,29:56,30:07
229,Gabriela Quezada,F,14,"Long Beach, CA",144 out of 244,46 out of 113,3 out of 16, 52.39% Place: 123,30:01 Pace: 9:40,30:01,30:09
286,Joshua Sandlin,M,9,"Long Beach, CA",145 out of 244,99 out of 131,13 out of 24, 54.50% Place: 109,30:01 Pace: 9:40,30:01,30:11
205,Khari McKendell,M,11,"Signal Hill, CA",146 out of 244,100 out of 131,14 out of 24, 50.97% Place: 137,30:02 Pace: 9:40,30:02,30:12
406,Joseph Alarcon,M,12,"Lakewood, CA",147 out of 244,101 out of 131,15 out of 24, 49.50% Place: 148,30:03 Pace: 9:41,30:03,30:15
197,Lety Martinez,F,15,"Pico Rivera, CA",148 out of 244,47 out of 113,7 out of 8, 51.44% Place: 136,30:09 Pace: 9:42,30:09,30:11
252,Sammy Sosa,M,11,"Anaheim, CA",149 out of 244,102 out of 131,16 out of 24, 50.72% Place: 140,30:11 Pace: 9:43,30:11,30:23
355,Cindy Taylor,F,38,"Long Beach, CA",150 out of 244,48 out of 113,13 out of 23, 50.08% Place: 144,30:16 Pace: 9:45,30:16,30:21
184,Melanie Lawrence,F,38,"Long Beach, CA",151 out of 244,49 out of 113,14 out of 23, 49.92% Place: 145,30:22 Pace: 9:47,30:22,30:31
116,Maureen Burris,F,50,"Long Beach, CA",152 out of 244,50 out of 113,3 out of 10, 55.74% Place: 101,30:22 Pace: 9:47,30:22,30:31
330,Dennis Lyman,M,62,"Long Beach, CA",153 out of 244,103 out of 131,3 out of 5, 53.56% Place: 115,30:29 Pace: 9:49,30:29,30:42
302,Linda Trang,F,31,"Huntington Beach, CA",154 out of 244,51 out of 113,15 out of 23, 47.41% Place: 159,31:16 Pace: 10:04,31:16,31:33
434,Laura Gleason,F,20,"Orange, CA",155 out of 244,52 out of 113,10 out of 23, 47.28% Place: 160,31:19 Pace: 10:05,31:19,31:32
192,Jennifer Luna,F,11,"Anaheim, CA",156 out of 244,53 out of 113,4 out of 16, 52.86% Place: 121,31:29 Pace: 10:08,31:29,31:41
210,Britt Montemayor,F,36,"Westminster, CA",157 out of 244,54 out of 113,16 out of 23, 47.67% Place: 157,31:31 Pace: 10:09,31:31,31:42
121,Rebecca Casey,F,40,"Westminster, CA",158 out of 244,55 out of 113,14 out of 28, 48.40% Place: 154,31:42 Pace: 10:13,31:42,31:53
104,Nicole Avalos,F,27,"Harbor City, CA",159 out of 244,56 out of 113,11 out of 23, 46.54% Place: 165,31:49 Pace: 10:15,31:49,31:55
148,Kris Eyler,F,39,"Long Beach, CA",160 out of 244,57 out of 113,17 out of 23, 47.58% Place: 158,32:02 Pace: 10:19,32:02,32:26
200,Praveen Maturi,M,29,"Los Angeles, CA",161 out of 244,104 out of 131,22 out of 24, 40.26% Place: 195,32:06 Pace: 10:20,32:06,32:12
343,Sandra Alfaro,F,40,"Upland, CA",162 out of 244,58 out of 113,15 out of 28, 47.77% Place: 156,32:07 Pace: 10:21,32:07,32:18
194,Diona Macpherson,F,47,"Long Beach, CA",163 out of 244,59 out of 113,16 out of 28, 50.75% Place: 139,32:09 Pace: 10:21,32:09,32:22
256,Susana Stumpf,F,31,"Signal Hill, CA",164 out of 244,60 out of 113,18 out of 23, 46.04% Place: 167,32:12 Pace: 10:22,32:12,32:23
117,Eizel Cajipe,F,11,"Anaheim, CA",165 out of 244,61 out of 113,5 out of 16, 51.60% Place: 131,32:15 Pace: 10:23,32:15,32:27
223,Jocelyn Pena,F,43,"Long Beach, CA",166 out of 244,62 out of 113,17 out of 28, 48.58% Place: 152,32:18 Pace: 10:24,32:18,32:42
297,Jeffry Johnson,M,49,"Tustin, CA",167 out of 244,105 out of 131,18 out of 24, 45.33% Place: 170,32:18 Pace: 10:24,32:18,32:30
246,Jennifer Sherman,F,27,"Long Beach, CA",168 out of 244,63 out of 113,12 out of 23, 44.78% Place: 172,33:04 Pace: 10:39,33:04,33:10
411,Mori Gutierrez,M,67,"El Monte, CA",169 out of 244,106 out of 131,4 out of 5, 51.59% Place: 133,33:08 Pace: 10:40,33:08,33:10
151,Melissa Flores,F,10,"Anaheim, CA",170 out of 244,64 out of 113,6 out of 16, 51.53% Place: 135,33:08 Pace: 10:40,33:08,33:22
123,Angela Cleaver,F,40,"Buena Park, CA",171 out of 244,65 out of 113,18 out of 28, 46.28% Place: 166,33:09 Pace: 10:40,33:09,33:24
430,Elijah Villafana,M,22,"Ontario, CA",172 out of 244,107 out of 131,23 out of 24, 38.37% Place: 209,33:38 Pace: 10:50,33:38,33:52
316,William Hall,M,46,"Lakewood, CA",173 out of 244,108 out of 131,19 out of 24, 42.45% Place: 185,33:40 Pace: 10:50,33:40,33:51
109,Sargio Bautista,M,34,"Whittier, CA",174 out of 244,109 out of 131,26 out of 27, 38.98% Place: 206,33:40 Pace: 10:51,33:40,33:44
217,Mike Northup,M,59,"Lomita, CA",175 out of 244,110 out of 131,16 out of 21, 46.67% Place: 164,34:05 Pace: 10:59,34:05,34:21
342,Renee Stanley,F,18,"Long Beach, CA",176 out of 244,66 out of 113,8 out of 8, 43.76% Place: 180,34:13 Pace: 11:01,34:13,34:19
433,Niesje Anker,F,21,"Ontario, CA",177 out of 244,67 out of 113,13 out of 23, 42.49% Place: 184,34:51 Pace: 11:13,34:51,35:17
318,Len Taylor,M,57,"Placentia, CA",178 out of 244,111 out of 131,17 out of 21, 44.35% Place: 176,35:16 Pace: 11:21,35:16,35:24
241,Stacey Rojo,F,42,"Rancho Santa Margarita, CA",179 out of 244,68 out of 113,19 out of 28, 43.86% Place: 178,35:28 Pace: 11:25,35:28,35:47
301,Alissa Herrera,F,13,"Buena Park, CA",180 out of 244,69 out of 113,7 out of 16, 44.33% Place: 177,36:02 Pace: 11:36,36:02,36:14
289,Praveena Subrahmanyam,F,24,"Los Angeles, CA",181 out of 244,70 out of 113,14 out of 23, 40.98% Place: 190,36:08 Pace: 11:38,36:08,36:16
132,Meghan Cross,F,26,"Long Beach, CA",182 out of 244,71 out of 113,15 out of 23, 40.73% Place: 192,36:21 Pace: 11:42,36:21,36:41
291,Javier Sepulveda,M,41,"Downey, CA",183 out of 244,112 out of 131,20 out of 24, 37.76% Place: 212,36:26 Pace: 11:44,36:26,36:45
245,Victor Servin,M,10,"Anaheim, CA",184 out of 244,113 out of 131,17 out of 24, 43.16% Place: 183,36:35 Pace: 11:47,36:35,36:47
564,Joseph Valenzuela,M,38,"Los Alamitos, CA",185 out of 244,114 out of 131,27 out of 27, 36.77% Place: 216,36:36 Pace: 11:47,36:36,36:48
250,Joseph Sison,M,9,"Anaheim, CA",186 out of 244,115 out of 131,18 out of 24, 44.63% Place: 173,36:39 Pace: 11:48,36:39,36:52
196,Ricardo Magana,M,9,"Anaheim, CA",187 out of 244,116 out of 131,19 out of 24, 44.63% Place: 174,36:39 Pace: 11:48,36:39,36:55
215,Sergio Neri,M,11,"Anaheim, CA",188 out of 244,117 out of 131,20 out of 24, 41.69% Place: 187,36:43 Pace: 11:49,36:43,36:55
348,Ida Dieffenbach,F,46,"Long Beach, CA",189 out of 244,72 out of 113,20 out of 28, 43.78% Place: 179,36:52 Pace: 11:52,36:52,37:14
106,Chelise Baird,F,29,"El Segundo, CA",190 out of 244,73 out of 113,16 out of 23, 40.11% Place: 197,36:55 Pace: 11:53,36:55,37:19
180,Tanya Korth,F,23,"El Segundo, CA",191 out of 244,74 out of 113,17 out of 23, 40.09% Place: 198,36:56 Pace: 11:53,36:56,37:19
169,Karene Hansen,F,30,"El Segundo, CA",192 out of 244,75 out of 113,19 out of 23, 40.09% Place: 199,36:56 Pace: 11:54,36:56,37:19
315,Charles Rasmussen,M,13,"Lakewood, CA",193 out of 244,118 out of 131,21 out of 24, 39.21% Place: 204,37:00 Pace: 11:55,37:00,37:00
127,Anthony Cox,M,13,"Lakewood, CA",194 out of 244,119 out of 131,22 out of 24, 39.07% Place: 205,37:08 Pace: 11:57,37:08,37:13
401,Ron Nagy,M,64,"Huntington Beach, CA",195 out of 244,120 out of 131,5 out of 5, 44.55% Place: 175,37:19 Pace: 12:01,37:19,37:28
133,Michael D'Amico,M,46,"Chino Hills, CA",196 out of 244,121 out of 131,21 out of 24, 37.77% Place: 211,37:50 Pace: 12:11,37:50,38:12
573,Kaisha Irving-Holder,F,38,"Signal Hill, CA",197 out of 244,76 out of 113,20 out of 23, 39.56% Place: 202,38:19 Pace: 12:20,38:19,38:44
206,Kimberly McKendell,F,41,"Long Beach, CA",198 out of 244,77 out of 113,21 out of 28, 40.28% Place: 194,38:20 Pace: 12:21,38:20,38:31
339,Andrea Hernandez,F,14,"Bell, CA",199 out of 244,78 out of 113,8 out of 16, 40.84% Place: 191,38:30 Pace: 12:24,38:30,38:36
231,Monserrat Quezada,F,9,"Long Beach, CA",200 out of 244,79 out of 113,9 out of 16, 45.37% Place: 168,38:42 Pace: 12:28,38:42,38:57
232,Solange Quezada,F,45,"Long Beach, CA",201 out of 244,80 out of 113,22 out of 28, 41.28% Place: 188,38:42 Pace: 12:28,38:42,38:58
202,Azia McKendell,F,9,"Signal Hill, CA",202 out of 244,81 out of 113,10 out of 16, 45.35% Place: 169,38:43 Pace: 12:28,38:43,38:54
320,Mischel Wells,F,45,"Huntington Beach, CA",203 out of 244,82 out of 113,23 out of 28, 40.68% Place: 193,39:16 Pace: 12:39,39:16,39:33
120,Barbara Casey,F,60,"Westminster, CA",204 out of 244,83 out of 113,2 out of 5, 47.80% Place: 155,40:28 Pace: 13:02,40:28,40:49
431,Caryn Vandenberg,F,22,"Ontario, CA",205 out of 244,84 out of 113,18 out of 23, 36.32% Place: 221,40:46 Pace: 13:08,40:46,41:12
403,Anna Hibbard,F,35,"Seal Beach, CA",206 out of 244,85 out of 113,21 out of 23, 36.57% Place: 219,40:54 Pace: 13:10,40:54,41:15
130,Cappy Cross,M,53,"Long Beach, CA",207 out of 244,122 out of 131,18 out of 21, 36.48% Place: 220,41:27 Pace: 13:21,41:27,41:48
347,Kathy Latham,F,53,"Lakewood, CA",208 out of 244,86 out of 113,4 out of 10, 42.05% Place: 186,41:50 Pace: 13:28,41:50,42:10
404,Ammie McVay,F,25,"Long Beach, CA",209 out of 244,87 out of 113,19 out of 23, 35.38% Place: 224,41:51 Pace: 13:28,41:51,42:10
295,Eva Levingston,F,13,"Long Beach, CA",210 out of 244,88 out of 113,11 out of 16, 37.85% Place: 210,42:12 Pace: 13:35,42:12,42:27
165,Trudy Guy,F,50,"Garden Grove, CA",211 out of 244,89 out of 113,5 out of 10, 39.94% Place: 200,42:22 Pace: 13:39,42:22,42:45
323,Sara Grewe,F,40,"Orange, CA",212 out of 244,90 out of 113,24 out of 28, 35.98% Place: 222,42:38 Pace: 13:44,42:38,42:58
248,Linda Shishino-Cruz,F,45,"Moorpark, CA",213 out of 244,91 out of 113,25 out of 28, 37.31% Place: 214,42:49 Pace: 13:47,42:49,43:07
247,John Shishino-Cruz,M,42,"Moorpark, CA",214 out of 244,123 out of 131,22 out of 24, 32.35% Place: 232,42:50 Pace: 13:47,42:50,43:07
155,Sarah Frushour,F,13,"Lakewood, CA",215 out of 244,92 out of 113,12 out of 16, 36.69% Place: 217,43:32 Pace: 14:01,43:32,43:53
136,Laura Doukenick,M,13,"Long Beach, CA",216 out of 244,124 out of 131,23 out of 24, 33.30% Place: 228,43:34 Pace: 14:02,43:34,43:54
157,Denise Getze,F,13,"Lakewood, CA",217 out of 244,93 out of 113,13 out of 16, 36.66% Place: 218,43:34 Pace: 14:02,43:34,43:54
296,Rebecca Garcia,F,12,"Long Beach, CA",218 out of 244,94 out of 113,14 out of 16, 37.29% Place: 215,43:41 Pace: 14:04,43:41,43:55
243,Liliana Saenz,F,39,"Bellflower, CA",219 out of 244,95 out of 113,22 out of 23, 34.25% Place: 226,44:30 Pace: 14:20,44:30,44:47
138,John Dunster,M,53,"Long Beach, CA",220 out of 244,125 out of 131,19 out of 21, 33.87% Place: 227,44:39 Pace: 14:23,44:39,44:49
131,Mary Ellen Cross,F,53,"Long Beach, CA",221 out of 244,96 out of 113,6 out of 10, 38.62% Place: 207,45:33 Pace: 14:40,45:33,45:54
183,Nicole Lara,F,25,"South Gate, CA",222 out of 244,97 out of 113,20 out of 23, 32.36% Place: 231,45:45 Pace: 14:44,45:45,46:09
122,Arianna Castruita,F,11,"Anaheim, CA",223 out of 244,98 out of 113,15 out of 16, 35.60% Place: 223,46:44 Pace: 15:03,46:44,46:56
144,Lorena Escobar,F,9,"Anaheim, CA",224 out of 244,99 out of 113,16 out of 16, 37.53% Place: 213,46:47 Pace: 15:04,46:47,47:00
162,Colleen Gray,F,58,"Lakewood, CA",225 out of 244,100 out of 113,7 out of 10, 39.59% Place: 201,47:30 Pace: 15:18,47:30,47:37
244,Caroline Schlott,F,44,"Huntington Beach, CA",226 out of 244,101 out of 113,26 out of 28, 33.23% Place: 229,47:37 Pace: 15:20,47:37,48:02
212,Janelle Muhlenkamp,F,24,"Cypress, CA",227 out of 244,102 out of 113,21 out of 23, 31.04% Place: 234,47:42 Pace: 15:22,47:42,48:06
216,Carol Northup,F,57,"Lomita, CA",228 out of 244,103 out of 113,8 out of 10, 38.57% Place: 208,48:04 Pace: 15:29,48:04,48:20
329,Marian Lyman,F,60,"Long Beach, CA",229 out of 244,104 out of 113,3 out of 5, 40.18% Place: 196,48:08 Pace: 15:30,48:08,48:28
563,Keri Deeble,F,29,"Long Beach, CA",230 out of 244,105 out of 113,22 out of 23, 30.47% Place: 235,48:35 Pace: 15:39,48:35,48:48
125,Andrew Cox,M,10,"Lakewood, CA",231 out of 244,126 out of 131,24 out of 24, 31.81% Place: 233,49:38 Pace: 15:59,49:38,50:00
354,Mark Huck,M,55,"Costa Mesa, CA",232 out of 244,127 out of 131,20 out of 21, 30.37% Place: 236,50:37 Pace: 16:18,50:37,50:43
284,Patricia Lewis,F,63,"Fullerton, CA",233 out of 244,106 out of 113,4 out of 5, 39.23% Place: 203,51:28 Pace: 16:34,51:28,51:48
322,Marylea Todd,F,66,"Fullerton, CA",234 out of 244,107 out of 113,5 out of 5, 41.08% Place: 189,51:28 Pace: 16:34,51:28,51:49
571,Steve Hale,M,45,"Cypress, CA",235 out of 244,128 out of 131,23 out of 24, 26.87% Place: 241,52:48 Pace: 17:00,52:48,52:59
128,Arthur Cox,M,45,"Lakewood, CA",236 out of 244,129 out of 131,24 out of 24, 26.74% Place: 242,53:03 Pace: 17:05,53:03,53:25
126,Annette Cox,F,43,"Lakewood, CA",237 out of 244,108 out of 113,27 out of 28, 29.57% Place: 237,53:03 Pace: 17:05,53:03,53:25
213,Whitney Naughton,F,43,"Chino Hills, CA",238 out of 244,109 out of 113,28 out of 28, 28.67% Place: 238,54:43 Pace: 17:37,54:43,55:06
270,Russ Widman,M,52,"Cerritos, CA",239 out of 244,130 out of 131,21 out of 21, 27.38% Place: 239,54:45 Pace: 17:38,54:45,54:50
278,Lynne Charette,F,59,"Long Beach, CA",240 out of 244,110 out of 113,9 out of 10, 34.76% Place: 225,54:49 Pace: 17:39,54:49,55:17
283,Vickie Kaefer,F,35,"Long Beach, CA",241 out of 244,111 out of 113,23 out of 23, 27.27% Place: 240,54:50 Pace: 17:39,54:50,55:17
238,Marilyn Riordan,F,55,"Seal Beach, CA",242 out of 244,112 out of 113,10 out of 10, 32.93% Place: 230,54:50 Pace: 17:39,54:50,55:17
105,Matthew Baffert,M,27,"Long Beach, CA",243 out of 244,131 out of 131,24 out of 24, 22.55% Place: 244,57:14 Pace: 18:26,57:14,57:40
263,Tova Turley,F,25,"Long Beach, CA",244 out of 244,113 out of 113,23 out of 23, 24.76% Place: 243,59:47 Pace: 19:15,59:47,1:00:13
