Place,Name,Location,Bib,Net Time,Pace,Division/Place,Sex-Age,Sex-Place,Gun Time,Age Grade
1,Daniel Wilcox,"La Mirada, CA",319,15:59,5:09,M 20-29/1,M-21,1,15:59,81.11%
2,Alex Crawford,"Newport Beach, CA",279,16:58,5:28,M 15-19/1,M-17,2,16:58,79.65%
3,Ian Fournier,"Long Beach, CA",281,17:00,5:29,M 15-19/2,M-16,3,17:00,80.75%
4,Mark Vishnevsky,"Long Beach, CA",341,17:06,5:31,M 20-29/2,M-28,4,17:07,75.51%
5,Nabor Gomez,"Lakewood, CA",307,18:03,5:49,M 50-59/1,M-56,5,18:03,85.95%
6,Angelo Decollibus,"Orange, CA",321,18:11,5:51,M 50-59/2,M-51,6,18:12,81.83%
7,Tyrone Bennett,"Tustin, CA",326,18:33,5:59,M 40-49/1,M-46,7,18:34,77.07%
8,John Blowers,"Long Beach, CA",189,18:34,5:59,M 20-29/3,M-23,8,18:39,69.54%
9,Scott Foster,"Castaic, CA",152,18:36,6:00,M 30-39/1,M-32,9,18:38,69.96%
10,Emmanuel Guzman,"Wilmington, CA",166,18:36,6:00,M 20-29/4,M-23,10,18:36,69.42%
11,Marlo Quevedo,"Long Beach, CA",402,18:40,6:01,M 30-39/2,M-32,11,18:41,69.71%
12,Beth Hibbard,"Seal Beach, CA",345,18:56,6:06,F 30-39/1,F-36,1,18:56,79.45%
13,Ron Kurrle,"Irvine, CA",338,19:03,6:08,M 60-99/1,M-60,12,19:04,84.24%
14,Jarred Kennedy,"Mission Viejo, CA",178,19:05,6:09,M 20-29/5,M-22,13,19:05,67.66%
15,Christian Fernandez,"Long Beach, CA",311,19:06,6:09,M 30-39/3,M-32,14,19:07,68.12%
16,John Taylor,"Long Beach, CA",258,19:12,6:11,M 30-39/4,M-36,15,19:14,69.16%
17,Sean Fagan,"Long Beach, CA",314,19:28,6:16,M 20-29/6,M-25,16,19:29,66.32%
18,Phil Carson,"Fountain Valley, CA",119,19:50,6:23,M 40-49/2,M-44,17,19:52,70.98%
19,Guido Quezada,"Long Beach, CA",230,20:14,6:31,M 50-59/3,M-50,18,20:15,72.96%
20,Julian Temblador,"Harbor City, CA",334,20:21,6:33,M 20-29/7,M-26,19,20:25,63.44%
21,Xavier Kral,"Newport Beach, CA",421,20:22,6:34,M 30-39/5,M-34,20,20:24,64.46%
22,Steven Smith,"Cypress, CA",308,20:23,6:34,M 40-49/3,M-48,21,20:36,71.28%
23,Ozzie Zea,"Long Beach, CA",275,20:29,6:36,M 40-49/4,M-45,22,20:30,69.30%
24,Peter Ellis,"San Clemente, CA",280,20:29,6:36,M 30-39/6,M-33,23,20:32,63.76%
25,David Ewoldt,"Long Beach, CA",147,20:35,6:38,M 50-59/4,M-53,24,20:39,73.50%
26,Kristen Reyes,"Santa Ana, CA",414,20:37,6:38,F 30-39/2,F-33,2,20:37,72.88%
27,Wesley Chow,"Long Beach, CA",324,20:39,6:39,M 20-29/8,M-29,25,20:42,62.60%
28,Lorenzo Uribe,"Lakewood, CA",352,20:55,6:44,M 20-29/9,M-26,26,20:55,61.72%
29,Dedier Reyes,"Lakewood, CA",351,20:56,6:45,M 20-29/10,M-25,27,20:57,61.67%
30,Audrey Trautwein,"Huntington Beach, CA",262,21:08,6:48,F 15-19/1,F-16,3,21:08,72.92%
31,Steve Kramer,"Seal Beach, CA",181,21:16,6:51,M 40-49/5,M-40,28,21:18,64.24%
32,Kathy Hoskins,"Long Beach, CA",173,21:18,6:52,F 40-49/1,F-47,4,21:21,76.66%
33,James Gunderson,"Long Beach, CA",164,21:27,6:55,M 20-29/11,M-27,29,21:31,60.19%
34,Clinton Jamison,"Cypress, CA",176,21:32,6:56,M 20-29/12,M-23,30,21:34,59.95%
35,Emmett Rahl,"Long Beach, CA",233,21:40,6:59,M 30-39/7,M-37,31,21:47,61.66%
36,Katherine Lander,"Westminster, CA",182,21:43,7:00,F 40-49/2,F-46,5,21:46,74.35%
37,Kelly Lewis,"Modesto, CA",187,21:45,7:00,F 15-19/2,F-18,6,21:49,68.87%
38,Brian Hamilton,"Long Beach, CA",167,21:57,7:04,M 40-49/6,M-47,32,22:00,65.65%
39,Jason Perkins,"Buena Park, CA",224,21:57,7:04,M 30-39/8,M-37,33,22:02,60.87%
40,Alex Dominguez,"Pico Rivera, CA",135,22:00,7:05,M 01-14/1,M-12,34,22:01,67.63%
41,Jeff Mejia,"Upland, CA",344,22:05,7:07,M 40-49/7,M-41,35,22:12,62.31%
42,Lorenzo Herrera,"Buena Park, CA",299,22:06,7:07,M 50-59/5,M-56,36,24:36,70.19%
43,Daniel Southard,"Long Beach, CA",253,22:12,7:09,M 20-29/13,M-21,37,22:17,58.38%
44,William Zuniga,"Wilmington, CA",276,22:13,7:09,M 20-29/14,M-26,38,22:20,58.11%
45,Antonio Rebollar,"Baldwin Park, CA",413,22:25,7:13,M 60-99/2,M-62,39,22:26,72.84%
46,Julie Arreola,"Carson, CA",103,22:25,7:13,F 30-39/3,F-38,7,22:28,67.63%
47,Jim Fetner,"Capistrano Beach, CA",353,22:27,7:14,M 50-59/6,M-51,40,22:35,66.27%
48,Don Brown,"Dana Point, CA",277,22:28,7:14,M 50-59/7,M-57,41,22:33,69.64%
49,Nick Marantz,"Long Beach, CA",312,22:38,7:17,M 30-39/9,M-30,42,22:46,57.18%
50,Kevin Hamilton,"Long Beach, CA",168,22:39,7:18,M 15-19/3,M-15,43,22:41,61.49%
51,Joseph Preciado,"Pico Rivera, CA",327,22:42,7:19,M 20-29/15,M-24,44,23:00,56.87%
52,Hector Gutierrez,"Hacienda Heights, CA",409,22:46,7:20,M 15-19/4,M-16,45,22:58,60.22%
53,Mike Vandermeer,"Long Beach, CA",417,22:55,7:23,M 40-49/8,M-40,46,23:15,59.61%
54,Jose Gutierrez,"Hacienda Heights, CA",412,23:01,7:25,M 50-59/8,M-54,47,23:01,66.23%
55,Grant Grainger,"Long Beach, CA",303,23:10,7:28,M 01-14/2,M-11,48,23:23,66.09%
56,Kelly Motyka,"Long Beach, CA",349,23:15,7:29,F 30-39/4,F-33,8,23:19,63.99%
57,Marcos Hernandez,"Long Beach, CA",340,23:15,7:29,M 30-39/10,M-35,49,23:21,56.74%
58,Martha Tiscareno,"Pico Rivera, CA",261,23:16,7:30,F 40-49/3,F-40,9,23:18,65.95%
59,Judith Fischer,"Cypress, CA",149,23:21,7:31,F 60-99/1,F-61,10,23:25,84.00%
60,Ryan Tapp,"Long Beach, CA",257,23:31,7:35,M 30-39/11,M-34,50,23:36,55.82%
61,Eric Vargas,"La Puente, CA",410,23:36,7:36,M 15-19/5,M-16,51,23:48,58.09%
62,Gary Nakamura,"Torrance, CA",332,23:42,7:38,M 30-39/12,M-38,52,23:52,56.79%
63,Julianne Page,"Huntington Beach, CA",220,23:45,7:39,F 20-29/1,F-22,11,23:53,62.36%
64,Shannon Vastine,"Palmdale, CA",267,23:47,7:40,F 20-29/2,F-21,12,23:53,62.27%
65,Paloma Martinez,"Pico Rivera, CA",199,23:51,7:41,F 01-14/1,F-13,13,23:53,66.99%
66,Vernon Stephens,"Long Beach, CA",255,23:54,7:42,M 40-49/9,M-43,53,24:07,58.48%
67,Aaron Tiscareno,"Pico Rivera, CA",260,24:01,7:44,M 01-14/3,M-13,54,24:02,60.42%
68,Jake Olquin,"Pico Rivera, CA",218,24:03,7:45,M 01-14/4,M-9,55,24:05,68.03%
69,Tom Kiesewetter,"Long Beach, CA",313,24:09,7:47,M 50-59/9,M-54,56,24:27,63.12%
70,Olympia Martinez,"Pico Rivera, CA",198,24:09,7:47,F 01-14/2,F-12,14,24:11,67.43%
71,Stacy Youngren,"Lakewood, CA",420,24:12,7:48,F 50-59/1,F-51,15,24:16,70.85%
72,Joseph Dodds,"Seal Beach, CA",134,24:14,7:48,M 50-59/10,M-55,57,24:21,63.45%
73,Kurt Hesse,"Huntington Beach, CA",328,24:18,7:50,M 30-39/13,M-33,58,24:25,53.74%
74,Megan Concannon,"Long Beach, CA",124,24:19,7:50,F 15-19/3,F-19,16,24:26,61.11%
75,Rich Meyer,"Long Beach, CA",306,24:21,7:51,M 40-49/10,M-48,59,24:40,59.66%
76,Daniel Calleros,"Fullerton, CA",118,24:23,7:51,M 30-39/14,M-33,60,24:43,53.56%
77,Nadine Jauregui,"Long Beach, CA",309,24:23,7:51,F 20-29/3,F-27,17,24:27,60.74%
78,Caroline Yoo,"Long Beach, CA",274,24:24,7:51,F 30-39/5,F-35,18,24:43,61.31%
79,Randy Blancq,"Norwalk, CA",350,24:24,7:51,M 30-39/15,M-38,61,24:36,55.16%
80,Raymond Keifer,"Cypress, CA",177,24:25,7:52,M 50-59/11,M-52,62,24:32,61.41%
81,Nadine Echeverry,"Long Beach, CA",293,24:28,7:53,F 40-49/4,F-42,19,24:46,63.60%
82,Sebastian Bautista,"Whittier, CA",110,24:29,7:53,M 01-14/5,M-8,63,24:31,69.55%
83,Brandon Preciado,"Long Beach, CA",228,24:31,7:54,M 20-29/16,M-26,64,24:48,52.65%
84,Troy Macpherson,"Long Beach, CA",195,24:34,7:55,M 40-49/11,M-47,65,24:45,58.66%
85,Maureen Grainger,"Long Beach, CA",304,24:36,7:55,F 40-49/5,F-43,20,24:48,63.80%
86,Leigh Sandlin,"Long Beach, CA",287,24:36,7:56,F 40-49/6,F-47,21,24:45,66.37%
87,Suzanne Mackinnon,"Lakewood, CA",193,24:37,7:56,F 30-39/6,F-34,22,24:47,60.57%
88,Keith Lyon,"Chino Hills, CA",337,24:40,7:57,M 50-59/12,M-57,66,24:45,63.42%
89,Vivian Chow,"Long Beach, CA",325,24:41,7:57,F 20-29/4,F-24,23,24:48,60.00%
90,Johnny Duong,"Buena Park, CA",139,24:59,8:03,M 20-29/17,M-28,67,25:06,51.67%
91,Samantha Yadon,"Yorba Linda, CA",273,25:04,8:04,F 20-29/5,F-22,24,25:10,59.08%
92,Henok Eskinder,"Long Beach, CA",317,25:06,8:05,M 01-14/6,M-13,68,25:09,57.81%
93,Carlos Flores,"Whittier, CA",150,25:14,8:08,M 01-14/7,M-11,69,25:16,60.67%
94,Valente Marshall,"Long Beach, CA",292,25:14,8:08,M 30-39/16,M-35,70,25:32,52.28%
95,Francisco Gonzalez,"Whittier, CA",161,25:18,8:09,M 50-59/13,M-59,71,25:22,62.89%
96,Francine Wheat,"Brea, CA",405,25:21,8:10,F 40-49/7,F-44,25,25:45,62.39%
97,Don Gottis,"Los Alamitos, CA",282,25:30,8:13,M 30-39/17,M-37,72,25:38,52.39%
98,John Ellis,"Long Beach, CA",142,25:30,8:13,M 40-49/12,M-47,73,25:38,56.51%
99,Fernando Longcob,"Torrance, CA",331,25:32,8:14,M 30-39/18,M-39,74,25:48,53.10%
100,Audrey Eftychiou,"Long Beach, CA",141,25:36,8:15,F 30-39/7,F-39,26,25:42,59.54%
101,Judy Jackson,"Rancho Santa Margarita, CA",422,25:45,8:18,M 30-39/19,M-34,75,25:56,50.97%
102,David Belden,"Ontario, CA",435,25:50,8:19,M 30-39/20,M-37,76,26:03,51.71%
103,Vincent Pacheco,"Long Beach, CA",415,26:17,8:28,M 30-39/21,M-36,77,26:33,50.51%
104,Nancy Freihaut,"Long Beach, CA",153,26:25,8:31,F 40-49/8,F-41,27,26:36,58.46%
105,Andrew Serna,"Pico Rivera, CA",336,26:26,8:31,M 20-29/18,M-26,78,26:43,48.83%
106,Eric Baird,"El Segundo, CA",107,26:28,8:31,M 30-39/22,M-31,79,26:51,49.02%
107,Paul Serna,"Pico Rivera, CA",335,26:30,8:32,M 20-29/19,M-27,80,26:47,48.71%
108,Robb Word,"Long Beach, CA",271,26:33,8:33,M 40-49/13,M-46,81,26:33,53.83%
109,Manith Parton,"Carpinteria, CA",221,26:34,8:33,F 15-19/4,F-18,28,26:40,56.37%
110,Alice Huynh,"Anaheim, CA",174,26:37,8:35,F 15-19/5,F-18,29,26:43,56.27%
111,Anne Lattime,"Long Beach, CA",566,26:40,8:35,F 30-39/8,F-39,30,26:57,57.16%
112,Ted Liu,"Alhambra, CA",190,26:42,8:36,M 40-49/14,M-43,82,26:43,52.34%
113,Chelsey Way,"Garden Grove, CA",269,26:46,8:37,F 20-29/6,F-22,31,26:54,55.33%
114,Jay Frushour,"Lakewood, CA",154,27:08,8:44,M 50-59/14,M-52,83,27:17,55.26%
115,Brett Gilbert,"Lakewood, CA",158,27:12,8:46,M 01-14/8,M-13,84,27:18,53.34%
116,Stephen Sandlin,"Long Beach, CA",288,27:15,8:47,M 40-49/15,M-48,85,27:26,53.30%
117,Candace Heiser,"Long Beach, CA",170,27:15,8:47,F 20-29/7,F-20,32,27:23,54.35%
118,Gary Anderson,"Paramount, CA",298,27:16,8:47,M 30-39/23,M-39,86,27:30,49.72%
119,Kent Crawford,"Newport Beach, CA",423,27:21,8:48,M 50-59/15,M-52,87,27:50,54.82%
120,Mariana Jauregui,"Long Beach, CA",310,27:33,8:52,F 30-39/9,F-32,33,27:36,53.87%
121,Victor Navarrette,"Long Beach, CA",214,27:40,8:55,M 40-49/16,M-43,88,27:51,50.51%
122,Cathy Moore,"Long Beach, CA",211,27:47,8:57,F 40-49/9,F-47,34,28:04,58.76%
123,Dona McBride,"Long Beach, CA",201,27:57,9:00,F 50-59/2,F-57,35,28:06,66.35%
124,Alma Sepulveda,"Downey, CA",290,28:11,9:05,F 40-49/10,F-42,36,28:29,55.21%
125,Jose L Rodriguez,"Long Beach, CA",305,28:13,9:05,M 15-19/6,M-18,89,28:19,47.28%
126,Dawn Watkins,"Long Beach, CA",294,28:13,9:05,F 40-49/11,F-44,37,28:33,56.09%
127,Luzia Roe,"Long Beach, CA",240,28:16,9:06,F 30-39/10,F-37,38,28:33,53.39%
128,Laura Buchanan,"Long Beach, CA",115,28:18,9:07,F 40-49/12,F-42,39,28:34,54.98%
129,Angel Estrada,"Anaheim, CA",145,28:20,9:07,M 01-14/9,M-9,90,28:36,57.74%
130,Victor Pacheco,"Long Beach, CA",416,28:22,9:08,M 30-39/24,M-36,91,28:38,46.80%
131,Tami Wysocki,"Whittier, CA",272,28:34,9:12,F 30-39/11,F-33,40,28:34,52.07%
132,Heather Funk,"San Jose, CA",156,28:42,9:15,F 15-19/6,F-18,41,28:52,52.18%
133,Jessica Paton,"Ventura, CA",222,28:42,9:15,F 20-29/8,F-20,42,28:52,51.60%
134,Veronica Ryan,"Long Beach, CA",242,28:50,9:17,F 30-39/12,F-39,43,29:00,52.86%
135,Sam King,"Long Beach, CA",346,28:51,9:18,M 01-14/10,M-12,92,29:04,51.56%
136,Tina Broadbent,"Mountain View, CA",113,29:25,9:28,F 20-29/9,F-29,44,29:41,50.34%
137,Mel Elpusan,"Torrance, CA",143,29:29,9:30,M 30-39/25,M-36,93,29:37,45.02%
138,Chan Lee,"La Mirada, CA",185,29:49,9:36,M 20-29/20,M-20,94,29:58,43.74%
139,Gyasi McKendell,"Signal Hill, CA",204,29:52,9:37,M 01-14/11,M-13,95,30:02,48.58%
140,Rose Lara,"South Gate, CA",419,29:53,9:37,F 40-49/13,F-47,45,30:12,54.63%
141,Cristofer Lievano,"Anaheim, CA",188,29:54,9:38,M 01-14/12,M-12,96,30:05,49.75%
142,Aaron Hodson,"Ontario, CA",429,29:54,9:38,M 20-29/21,M-22,97,30:08,43.17%
143,Daniel Phelps,"Long Beach, CA",226,29:56,9:39,M 40-49/17,M-44,98,30:07,47.02%
144,Gabriela Quezada,"Long Beach, CA",229,30:01,9:40,F 01-14/3,F-14,46,30:09,52.39%
145,Joshua Sandlin,"Long Beach, CA",286,30:01,9:40,M 01-14/13,M-9,99,30:11,54.50%
146,Khari McKendell,"Signal Hill, CA",205,30:02,9:40,M 01-14/14,M-11,100,30:12,50.97%
147,Joseph Alarcon,"Lakewood, CA",406,30:03,9:41,M 01-14/15,M-12,101,30:15,49.50%
148,Lety Martinez,"Pico Rivera, CA",197,30:09,9:42,F 15-19/7,F-15,47,30:11,51.44%
149,Sammy Sosa,"Anaheim, CA",252,30:11,9:43,M 01-14/16,M-11,102,30:23,50.72%
150,Cindy Taylor,"Long Beach, CA",355,30:16,9:45,F 30-39/13,F-38,48,30:21,50.08%
151,Melanie Lawrence,"Long Beach, CA",184,30:22,9:47,F 30-39/14,F-38,49,30:31,49.92%
152,Maureen Burris,"Long Beach, CA",116,30:22,9:47,F 50-59/3,F-50,50,30:31,55.74%
153,Dennis Lyman,"Long Beach, CA",330,30:29,9:49,M 60-99/3,M-62,103,30:42,53.56%
154,Linda Trang,"Huntington Beach, CA",302,31:16,10:04,F 30-39/15,F-31,51,31:33,47.41%
155,Laura Gleason,"Orange, CA",434,31:19,10:05,F 20-29/10,F-20,52,31:32,47.28%
156,Jennifer Luna,"Anaheim, CA",192,31:29,10:08,F 01-14/4,F-11,53,31:41,52.86%
157,Britt Montemayor,"Westminster, CA",210,31:31,10:09,F 30-39/16,F-36,54,31:42,47.67%
158,Rebecca Casey,"Westminster, CA",121,31:42,10:13,F 40-49/14,F-40,55,31:53,48.40%
159,Nicole Avalos,"Harbor City, CA",104,31:49,10:15,F 20-29/11,F-27,56,31:55,46.54%
160,Kris Eyler,"Long Beach, CA",148,32:02,10:19,F 30-39/17,F-39,57,32:26,47.58%
161,Praveen Maturi,"Los Angeles, CA",200,32:06,10:20,M 20-29/22,M-29,104,32:12,40.26%
162,Sandra Alfaro,"Upland, CA",343,32:07,10:21,F 40-49/15,F-40,58,32:18,47.77%
163,Diona Macpherson,"Long Beach, CA",194,32:09,10:21,F 40-49/16,F-47,59,32:22,50.75%
164,Susana Stumpf,"Signal Hill, CA",256,32:12,10:22,F 30-39/18,F-31,60,32:23,46.04%
165,Eizel Cajipe,"Anaheim, CA",117,32:15,10:23,F 01-14/5,F-11,61,32:27,51.60%
166,Jocelyn Pena,"Long Beach, CA",223,32:18,10:24,F 40-49/17,F-43,62,32:42,48.58%
167,Jeffry Johnson,"Tustin, CA",297,32:18,10:24,M 40-49/18,M-49,105,32:30,45.33%
168,Jennifer Sherman,"Long Beach, CA",246,33:04,10:39,F 20-29/12,F-27,63,33:10,44.78%
169,Mori Gutierrez,"El Monte, CA",411,33:08,10:40,M 60-99/4,M-67,106,33:10,51.59%
170,Melissa Flores,"Anaheim, CA",151,33:08,10:40,F 01-14/6,F-10,64,33:22,51.53%
171,Angela Cleaver,"Buena Park, CA",123,33:09,10:40,F 40-49/18,F-40,65,33:24,46.28%
172,Elijah Villafana,"Ontario, CA",430,33:38,10:50,M 20-29/23,M-22,107,33:52,38.37%
173,William Hall,"Lakewood, CA",316,33:40,10:50,M 40-49/19,M-46,108,33:51,42.45%
174,Sargio Bautista,"Whittier, CA",109,33:40,10:51,M 30-39/26,M-34,109,33:44,38.98%
175,Mike Northup,"Lomita, CA",217,34:05,10:59,M 50-59/16,M-59,110,34:21,46.67%
176,Renee Stanley,"Long Beach, CA",342,34:13,11:01,F 15-19/8,F-18,66,34:19,43.76%
177,Niesje Anker,"Ontario, CA",433,34:51,11:13,F 20-29/13,F-21,67,35:17,42.49%
178,Len Taylor,"Placentia, CA",318,35:16,11:21,M 50-59/17,M-57,111,35:24,44.35%
179,Stacey Rojo,"Rancho Santa Margarita, CA",241,35:28,11:25,F 40-49/19,F-42,68,35:47,43.86%
180,Alissa Herrera,"Buena Park, CA",301,36:02,11:36,F 01-14/7,F-13,69,36:14,44.33%
181,Praveena Subrahmanyam,"Los Angeles, CA",289,36:08,11:38,F 20-29/14,F-24,70,36:16,40.98%
182,Meghan Cross,"Long Beach, CA",132,36:21,11:42,F 20-29/15,F-26,71,36:41,40.73%
183,Javier Sepulveda,"Downey, CA",291,36:26,11:44,M 40-49/20,M-41,112,36:45,37.76%
184,Victor Servin,"Anaheim, CA",245,36:35,11:47,M 01-14/17,M-10,113,36:47,43.16%
185,Joseph Valenzuela,"Los Alamitos, CA",564,36:36,11:47,M 30-39/27,M-38,114,36:48,36.77%
186,Joseph Sison,"Anaheim, CA",250,36:39,11:48,M 01-14/18,M-9,115,36:52,44.63%
187,Ricardo Magana,"Anaheim, CA",196,36:39,11:48,M 01-14/19,M-9,116,36:55,44.63%
188,Sergio Neri,"Anaheim, CA",215,36:43,11:49,M 01-14/20,M-11,117,36:55,41.69%
189,Ida Dieffenbach,"Long Beach, CA",348,36:52,11:52,F 40-49/20,F-46,72,37:14,43.78%
190,Chelise Baird,"El Segundo, CA",106,36:55,11:53,F 20-29/16,F-29,73,37:19,40.11%
191,Tanya Korth,"El Segundo, CA",180,36:56,11:53,F 20-29/17,F-23,74,37:19,40.09%
192,Karene Hansen,"El Segundo, CA",169,36:56,11:54,F 30-39/19,F-30,75,37:19,40.09%
193,Charles Rasmussen,"Lakewood, CA",315,37:00,11:55,M 01-14/21,M-13,118,37:00,39.21%
194,Anthony Cox,"Lakewood, CA",127,37:08,11:57,M 01-14/22,M-13,119,37:13,39.07%
195,Ron Nagy,"Huntington Beach, CA",401,37:19,12:01,M 60-99/5,M-64,120,37:28,44.55%
196,Michael D'Amico,"Chino Hills, CA",133,37:50,12:11,M 40-49/21,M-46,121,38:12,37.77%
197,Kaisha Irving-Holder,"Signal Hill, CA",573,38:19,12:20,F 30-39/20,F-38,76,38:44,39.56%
198,Kimberly McKendell,"Long Beach, CA",206,38:20,12:21,F 40-49/21,F-41,77,38:31,40.28%
199,Andrea Hernandez,"Bell, CA",339,38:30,12:24,F 01-14/8,F-14,78,38:36,40.84%
200,Monserrat Quezada,"Long Beach, CA",231,38:42,12:28,F 01-14/9,F-9,79,38:57,45.37%
201,Solange Quezada,"Long Beach, CA",232,38:42,12:28,F 40-49/22,F-45,80,38:58,41.28%
202,Azia McKendell,"Signal Hill, CA",202,38:43,12:28,F 01-14/10,F-9,81,38:54,45.35%
203,Mischel Wells,"Huntington Beach, CA",320,39:16,12:39,F 40-49/23,F-45,82,39:33,40.68%
204,Barbara Casey,"Westminster, CA",120,40:28,13:02,F 60-99/2,F-60,83,40:49,47.80%
205,Caryn Vandenberg,"Ontario, CA",431,40:46,13:08,F 20-29/18,F-22,84,41:12,36.32%
206,Anna Hibbard,"Seal Beach, CA",403,40:54,13:10,F 30-39/21,F-35,85,41:15,36.57%
207,Cappy Cross,"Long Beach, CA",130,41:27,13:21,M 50-59/18,M-53,122,41:48,36.48%
208,Kathy Latham,"Lakewood, CA",347,41:50,13:28,F 50-59/4,F-53,86,42:10,42.05%
209,Ammie McVay,"Long Beach, CA",404,41:51,13:28,F 20-29/19,F-25,87,42:10,35.38%
210,Eva Levingston,"Long Beach, CA",295,42:12,13:35,F 01-14/11,F-13,88,42:27,37.85%
211,Trudy Guy,"Garden Grove, CA",165,42:22,13:39,F 50-59/5,F-50,89,42:45,39.94%
212,Sara Grewe,"Orange, CA",323,42:38,13:44,F 40-49/24,F-40,90,42:58,35.98%
213,Linda Shishino-Cruz,"Moorpark, CA",248,42:49,13:47,F 40-49/25,F-45,91,43:07,37.31%
214,John Shishino-Cruz,"Moorpark, CA",247,42:50,13:47,M 40-49/22,M-42,123,43:07,32.35%
215,Sarah Frushour,"Lakewood, CA",155,43:32,14:01,F 01-14/12,F-13,92,43:53,36.69%
216,Laura Doukenick,"Long Beach, CA",136,43:34,14:02,M 01-14/23,M-13,124,43:54,33.30%
217,Denise Getze,"Lakewood, CA",157,43:34,14:02,F 01-14/13,F-13,93,43:54,36.66%
218,Rebecca Garcia,"Long Beach, CA",296,43:41,14:04,F 01-14/14,F-12,94,43:55,37.29%
219,Liliana Saenz,"Bellflower, CA",243,44:30,14:20,F 30-39/22,F-39,95,44:47,34.25%
220,John Dunster,"Long Beach, CA",138,44:39,14:23,M 50-59/19,M-53,125,44:49,33.87%
221,Mary Ellen Cross,"Long Beach, CA",131,45:33,14:40,F 50-59/6,F-53,96,45:54,38.62%
222,Nicole Lara,"South Gate, CA",183,45:45,14:44,F 20-29/20,F-25,97,46:09,32.36%
223,Arianna Castruita,"Anaheim, CA",122,46:44,15:03,F 01-14/15,F-11,98,46:56,35.60%
224,Lorena Escobar,"Anaheim, CA",144,46:47,15:04,F 01-14/16,F-9,99,47:00,37.53%
225,Colleen Gray,"Lakewood, CA",162,47:30,15:18,F 50-59/7,F-58,100,47:37,39.59%
226,Caroline Schlott,"Huntington Beach, CA",244,47:37,15:20,F 40-49/26,F-44,101,48:02,33.23%
227,Janelle Muhlenkamp,"Cypress, CA",212,47:42,15:22,F 20-29/21,F-24,102,48:06,31.04%
228,Carol Northup,"Lomita, CA",216,48:04,15:29,F 50-59/8,F-57,103,48:20,38.57%
229,Marian Lyman,"Long Beach, CA",329,48:08,15:30,F 60-99/3,F-60,104,48:28,40.18%
230,Keri Deeble,"Long Beach, CA",563,48:35,15:39,F 20-29/22,F-29,105,48:48,30.47%
231,Andrew Cox,"Lakewood, CA",125,49:38,15:59,M 01-14/24,M-10,126,50:00,31.81%
232,Mark Huck,"Costa Mesa, CA",354,50:37,16:18,M 50-59/20,M-55,127,50:43,30.37%
233,Patricia Lewis,"Fullerton, CA",284,51:28,16:34,F 60-99/4,F-63,106,51:48,39.23%
234,Marylea Todd,"Fullerton, CA",322,51:28,16:34,F 60-99/5,F-66,107,51:49,41.08%
235,Steve Hale,"Cypress, CA",571,52:48,17:00,M 40-49/23,M-45,128,52:59,26.87%
236,Arthur Cox,"Lakewood, CA",128,53:03,17:05,M 40-49/24,M-45,129,53:25,26.74%
237,Annette Cox,"Lakewood, CA",126,53:03,17:05,F 40-49/27,F-43,108,53:25,29.57%
238,Whitney Naughton,"Chino Hills, CA",213,54:43,17:37,F 40-49/28,F-43,109,55:06,28.67%
239,Russ Widman,"Cerritos, CA",270,54:45,17:38,M 50-59/21,M-52,130,54:50,27.38%
240,Lynne Charette,"Long Beach, CA",278,54:49,17:39,F 50-59/9,F-59,110,55:17,34.76%
241,Vickie Kaefer,"Long Beach, CA",283,54:50,17:39,F 30-39/23,F-35,111,55:17,27.27%
242,Marilyn Riordan,"Seal Beach, CA",238,54:50,17:39,F 50-59/10,F-55,112,55:17,32.93%
243,Matthew Baffert,"Long Beach, CA",105,57:14,18:26,M 20-29/24,M-27,131,57:40,22.55%
244,Tova Turley,"Long Beach, CA",263,59:47,19:15,F 20-29/23,F-25,113,1:00:13,24.76%
