Place,Name,Location,Bib,Net Time,Pace,Division/Place,Sex-Age,Sex-Place,Gun Time,Age Grade
1,Jeffrey McClellan,", ",709,27:22,4:51,M 25-29/1,M-27,1,27:22, 0.00%
2,Enoch Nadler,"Las Vegas, NV",1099,29:42,5:15,M 25-29/2,M-26,2,29:42, 0.00%
3,Steve Harris,", ",548,30:00,5:18,M 20-24/1,M-20,3,30:00, 0.00%
4,Alfred Rosales,"North Las Vegas, NV",856,30:52,5:28,M 30-34/1,M-32,4,30:52, 0.00%
5,Dan Schreiber,"North Las Vegas, NV",878,31:01,5:29,M 25-29/3,M-28,5,31:02, 0.00%
6,Pete Banks,"Las Vegas, NV",1071,31:52,5:38,M 25-29/4,M-25,6,31:52, 0.00%
7,Gamini Sugathadasa,"Las Vegas, NV",927,32:06,5:41,M 40-44/1,M-40,7,32:06, 0.00%
8,Jose Socorro,"Las Vegas, NV",139,32:07,5:41,M 35-39/1,M-39,8,32:07, 0.00%
9,Christopher Clark,"North Las Vegas, NV",1223,32:57,5:50,M 20-24/2,M-20,9,32:57, 0.00%
10,Shaun Berning,"Las Vegas, NV",150,33:08,5:52,M 25-29/5,M-26,10,33:08, 0.00%
11,Lori Stich,"Colorado Springs, CO",1437,33:23,5:54,F 40-44/1,F-41,1,33:23, 0.00%
12,Myles Allen,"Corona, CA",1224,33:37,5:57,M 20-24/3,M-24,11,33:37, 0.00%
13,Todd Jones,"Las Vegas, NV",1094,33:42,5:58,M 45-49/1,M-48,12,33:42, 0.00%
14,Cody Hulse,", ",180,33:44,5:58,M 20-24/4,M-20,13,34:07, 0.00%
15,Brian Greenough,"Henderson, NV",515,33:58,6:01,M 20-24/5,M-20,14,34:01, 0.00%
16,Carl Hayes,"Las Vegas, NV",553,33:59,6:01,M 25-29/6,M-28,15,34:04, 0.00%
17,Rolando Ruiz,"Las Vegas, NV",1264,34:37,6:07,M 40-44/2,M-42,16,34:37, 0.00%
18,Philip Zurisk,"Las Vegas, NV",1043,34:38,6:08,M 25-29/7,M-29,17,34:40, 0.00%
19,Jesse Wagenaar,"Las Vegas, NV",1211,34:45,6:09,M 30-34/2,M-30,18,34:45, 0.00%
20,Alan Ruiz,"Nellis Afb, NV",1150,34:49,6:10,M 20-24/6,M-22,19,34:49, 0.00%
21,Keola Soon,"Las Vegas, NV",910,35:15,6:14,M 30-34/3,M-33,20,35:16, 0.00%
22,Jared Sweet,"Las Vegas, NV",930,35:40,6:19,M 35-39/2,M-39,21,35:40, 0.00%
23,Ben Pedraza,"Oxnard, CA",787,35:57,6:22,M 35-39/3,M-38,22,35:58, 0.00%
24,Brian Weber,"North Las Vegas, NV",999,36:23,6:26,M 30-34/4,M-32,23,36:26, 0.00%
25,Robert Schumann,"North Las Vegas, NV",130,36:32,6:28,M 20-24/7,M-24,24,36:32, 0.00%
26,Jay McVann,"Las Vegas, NV",1095,36:34,6:28,M 30-34/5,M-31,25,36:46, 0.00%
27,Sven Schawalder,"CH, ",874,36:41,6:29,M 15-19/1,M-19,26,36:41, 0.00%
28,Chet Barnes,"Henderson, NV",71,36:54,6:32,M 35-39/4,M-39,27,36:58, 0.00%
29,Michelle Bennett,"Boulder City, NV",307,36:59,6:32,F 35-39/1,F-36,2,36:59, 0.00%
30,Oscar Garcia,"Las Vegas, NV",486,37:27,6:37,M 30-34/6,M-31,28,37:27, 0.00%
31,David Marsden,"Rialto, CA",1136,37:38,6:39,M 25-29/8,M-27,29,37:38, 0.00%
32,Ryan Willman,"Las Vegas, NV",1025,37:46,6:41,M 20-24/8,M-24,30,37:49, 0.00%
33,Roman De Jesus,"East Setauket, NY",383,37:46,6:41,M 30-34/7,M-32,31,37:49, 0.00%
34,Guenther Bogensperger,"North Las Vegas, NV",316,37:47,6:41,M 30-34/8,M-34,32,37:58, 0.00%
35,Jennifer Faircloth,"Las Vegas, NV",1067,38:03,6:44,F 35-39/2,F-35,3,38:03, 0.00%
36,Mario Altamirano,"Las Vegas, NV",1167,38:19,6:47,M 35-39/5,M-39,33,38:19, 0.00%
37,Josh Kossman,"Las Vegas, NV",1108,38:29,6:48,M 30-34/9,M-31,34,38:31, 0.00%
38,Bernard Obluda,"Colorado Springs, CO",1436,38:38,6:50,M 45-49/2,M-47,35,38:40, 0.00%
39,Glen Griggs,"Las Vegas, NV",1432,38:48,6:52,M 35-39/6,M-39,36,39:36, 0.00%
40,Ian Helm,"Las Vegas, NV",564,38:53,6:53,M 25-29/9,M-26,37,39:01, 0.00%
41,Nick Cooper,"North Las Vegas, NV",156,38:54,6:53,M 25-29/10,M-27,38,39:16, 0.00%
42,John Atkins,"Las Vegas, NV",18,38:57,6:53,M 30-34/10,M-33,39,39:15, 0.00%
43,Gerardo Tinajero,"Las Vegas, NV",243,38:58,6:54,M 20-24/9,M-20,40,39:45, 0.00%
44,Hector Ramos,"Las Vegas, NV",827,39:02,6:54,M 35-39/7,M-35,41,39:02, 0.00%
45,Tim Kochman,"Las Vegas, NV",1280,39:11,6:56,M 30-34/11,M-30,42,40:01, 0.00%
46,Ian Hayes,"CA, ",556,39:17,6:57,M 50-54/1,M-53,43,39:23, 0.00%
47,Eric Albers,"Las Vegas, NV",143,39:24,6:58,M 30-34/12,M-30,44,39:37, 0.00%
48,Nick Ihde,"Las Vegas, NV",183,39:26,6:58,M 30-34/13,M-31,45,39:35, 0.00%
49,Ray Rylander,"Las Vegas, NV",209,39:32,6:59,M 30-34/14,M-31,46,39:35, 0.00%
50,Aaron Rhoads,"Las Vegas, NV",203,39:36,7:00,M 25-29/11,M-27,47,40:16, 0.00%
51,Michael Staudaher,"Henderson, NV",918,39:41,7:01,M 45-49/3,M-49,48,39:50, 0.00%
52,Germain Luna,"Henderson, NV",674,39:44,7:02,M 25-29/12,M-28,49,40:13, 0.00%
53,Luis Col=n Angleoccu,"Las Vegas, NV",1200,39:49,7:02,M 20-24/10,M-24,50,40:03, 0.00%
54,Beau Ash,"North Las Vegas, NV",1206,40:00,7:04,M 25-29/13,M-25,51,40:01, 0.00%
55,Mike Sager,"Henderson, NV",1196,40:02,7:05,M 35-39/8,M-39,52,40:24, 0.00%
56,Darcy Loewen,"Las Vegas, NV",127,40:03,7:05,M 40-44/3,M-42,53,40:24, 0.00%
57,Michael Bilodeau,"Las Vegas, NV",314,40:06,7:05,M 20-24/11,M-22,54,40:06, 0.00%
58,Benjamin Hefner,", ",562,40:08,7:06,M 25-29/14,M-25,55,40:08, 0.00%
59,Jonathan Rodgers,"Spokane, WA",853,40:08,7:06,M 20-24/12,M-21,56,40:24, 0.00%
60,Gerald Razo,"North Las Vegas, NV",832,40:11,7:06,M 40-44/4,M-40,57,40:11, 0.00%
61,Julio Garcia,", ",485,40:12,7:07,M 30-34/15,M-34,58,40:12, 0.00%
62,Jesse Romero,"Las Vegas, NV",1434,40:13,7:07,M 20-24/13,M-22,59,40:28, 0.00%
63,Erik Simmons,"Las Vegas, NV",896,40:14,7:07,M 30-34/16,M-30,60,40:24, 0.00%
64,Robert Schumann Sr,"North Las Vegas, NV",882,40:15,7:07,M 45-49/4,M-47,61,40:15, 0.00%
65,Heather Dunbar,"Las Vegas, NV",415,40:21,7:08,F 30-34/1,F-32,4,40:37, 0.00%
66,Michael Lurenz,"Las Vegas, NV",676,40:23,7:08,M 30-34/17,M-31,62,40:38, 0.00%
67,Dustin Ayers,"Las Vegas, NV",279,40:29,7:10,M 20-24/14,M-22,63,40:32, 0.00%
68,Felix Cruz Montanez,"North Las Vegas, NV",159,40:29,7:10,M 35-39/9,M-35,64,41:11, 0.00%
69,Maria Isabel Danna,"Las Vegas, NV",1265,40:31,7:10,F 30-34/2,F-33,5,40:54, 0.00%
70,Virgil Sim,"Las Vegas, NV",65,40:32,7:10,M 20-24/15,M-24,65,40:42, 0.00%
71,Brian Miller,"Henderson, NV",1173,40:33,7:10,M 15-19/2,M-19,66,41:22, 0.00%
72,Mike Thom,"Las Vegas, NV",1131,40:39,7:11,M 35-39/10,M-37,67,40:42, 0.00%
73,Scott Henriksen,"Henderson, NV",567,40:42,7:12,M 35-39/11,M-38,68,40:43, 0.00%
74,Jared Helgerson,"North Las Vegas, NV",563,40:45,7:12,M 20-24/16,M-24,69,41:09, 0.00%
75,Henry Altamirano,"Las Vegas, NV",262,40:50,7:13,M 40-44/5,M-40,70,41:01, 0.00%
76,Michael Noyes,"North Las Vegas, NV",768,40:51,7:13,M 30-34/18,M-30,71,41:09, 0.00%
77,Denise Faircloth,"Las Vegas, NV",441,40:56,7:14,F 30-34/3,F-32,6,41:52, 0.00%
78,Regino Maldonado,"Henderson, NV",689,40:58,7:15,M 50-54/2,M-54,72,41:11, 0.00%
79,Jeremy Carroll,"Las Vegas, NV",344,40:59,7:15,M 25-29/15,M-25,73,41:05, 0.00%
80,Jon Morrow,"Las Vegas, NV",1226,41:02,7:15,M 35-39/12,M-36,74,41:52, 0.00%
81,Tim Meamber,"Las Vegas, NV",720,41:09,7:17,M 45-49/5,M-46,75,41:22, 0.00%
82,Patricia Goble,"Las Vegas, NV",499,41:10,7:17,F 50-54/1,F-53,7,41:16, 0.00%
83,Nicholas Yarman,"Las Vegas, NV",1085,41:11,7:17,M 25-29/16,M-27,76,41:15, 0.00%
84,Shawn Walsh,"Las Vegas, NV",986,41:11,7:17,M 30-34/19,M-30,77,41:15, 0.00%
85,Cole Torres,"Las Vegas, NV",953,41:31,7:20,M 15-19/3,M-17,78,41:37, 0.00%
86,Lorette Yared,"Las Vegas, NV",244,41:33,7:21,F 15-19/1,F-19,8,42:22, 0.00%
87,Jason Young,"North Las Vegas, NV",238,41:34,7:21,M 30-34/20,M-34,79,41:43, 0.00%
88,Joshua Horn,"Las Vegas, NV",581,41:37,7:22,M 30-34/21,M-32,80,41:41, 0.00%
89,Daylon Woolbright,"Las Vegas, NV",1035,41:40,7:22,M 20-24/17,M-20,81,41:43, 0.00%
90,Anthony Krystoff,"Las Vegas, NV",1299,41:48,7:23,M 35-39/13,M-38,82,42:22, 0.00%
91,Mark Jines,"Sparks, NV",1258,41:49,7:24,M 45-49/6,M-46,83,42:34, 0.00%
92,Randy Perkins,"Las Vegas, NV",795,41:49,7:24,M 25-29/17,M-28,84,42:00, 0.00%
93,William Hansen,"Las Vegas, NV",40,41:51,7:24,M 45-49/7,M-48,85,41:59, 0.00%
94,Ryan Papperman,", --",1408,41:51,7:24,M NoAge/1,M-0,86,42:34, 0.00%
95,Robert Degutes,"Henderson, NV",389,41:52,7:24,M 40-44/6,M-44,87,42:31, 0.00%
96,Michael Bucher,"Las Vegas, NV",331,41:55,7:25,M 25-29/18,M-27,88,42:54, 0.00%
97,Steve Matthews,"Las Vegas, NV",705,41:55,7:25,M 55-59/1,M-57,89,41:55, 0.00%
98,Patrick Reimann,"Henderson, NV",60,41:55,7:25,M 35-39/14,M-36,90,42:45, 0.00%
99,Andy Chucha,"Las Vegas, NV",1141,42:00,7:26,M 35-39/15,M-37,91,42:08, 0.00%
100,Terry Cogle,"North Las Vegas, NV",38,42:01,7:26,M 45-49/8,M-47,92,42:02, 0.00%
101,Aaron Lee,"North Las Vegas, NV",651,42:02,7:26,M 25-29/19,M-28,93,42:04, 0.00%
102,Elizabeth Heering,", --",1413,42:03,7:26,F NoAge/1,F-0,9,43:03, 0.00%
103,Tegan Machnich,"Henderson, NV",683,42:04,7:26,F 25-29/1,F-26,10,42:09, 0.00%
104,Fekadu Amede,"Las Vegas, NV",37,42:04,7:26,M 30-34/22,M-31,94,42:59, 0.00%
105,Teri Gamer,"Las Vegas, NV",138,42:07,7:27,F 45-49/1,F-46,11,42:08, 0.00%
106,Analissa Anguiano,"Las Vegas, NV",145,42:07,7:27,F 20-24/1,F-24,12,42:07, 0.00%
107,Nicki Hutchens,"Collierville, TN",596,42:08,7:27,F 50-54/2,F-52,13,42:13, 0.00%
108,Paul Dufresne,"Las Vegas, NV",414,42:08,7:27,M 40-44/7,M-40,95,42:47, 0.00%
109,Ivan De La Selva,"Las Vegas, NV",163,42:08,7:27,M 25-29/20,M-25,96,42:09, 0.00%
110,Jodi Sabal,"Las Vegas, NV",864,42:11,7:28,F 40-44/2,F-41,14,42:18, 0.00%
111,Jerome Mathre,"North Las Vegas, NV",191,42:14,7:28,M 55-59/2,M-56,97,42:16, 0.00%
112,Kevin Vinik,"Las Vegas, NV",976,42:19,7:29,M 20-24/18,M-24,98,42:23, 0.00%
113,Joel Fernandez,"Las Vegas, NV",171,42:21,7:29,M 30-34/23,M-32,99,43:21, 0.00%
114,Clive Bevan,"Boulder City, NV",309,42:25,7:30,M 60-99/1,M-70,100,42:43, 0.00%
115,Steven Corry,"Las Vegas, NV",89,42:30,7:31,M 25-29/21,M-27,101,42:38, 0.00%
116,Annie Guiliano,"Henderson, NV",524,42:34,7:32,F 30-34/4,F-32,15,42:40, 0.00%
117,Michael Campbell,"Las Vegas, NV",44,42:37,7:32,M 25-29/22,M-29,102,42:54, 0.00%
118,Tyson Matyas,"North Las Vegas, NV",706,42:38,7:32,M 25-29/23,M-26,103,42:39, 0.00%
119,Donnie Starling,"Las Vegas, NV",221,42:38,7:32,M 35-39/16,M-36,104,42:53, 0.00%
120,Shelly Shrum,"Las Vegas, NV",110,42:41,7:33,F 35-39/3,F-38,16,42:49, 0.00%
121,Michael Flannery,"Las Vegas, NV",76,42:43,7:33,M 35-39/17,M-39,105,42:47, 0.00%
122,Chris Newkirk,"North Las Vegas, NV",758,42:44,7:33,M 30-34/24,M-31,106,43:04, 0.00%
123,Joseph Barris,"Las Vegas, NV",294,42:47,7:34,M 35-39/18,M-38,107,43:06, 0.00%
124,Crosby Fehr,"Las Vegas, NV",451,42:49,7:34,M 25-29/24,M-28,108,42:49, 0.00%
125,Jason Monteleone,"North Las Vegas, NV",193,42:52,7:35,M 30-34/25,M-31,109,42:57, 0.00%
126,Joanna Wadsworth,"Las Vegas, NV",979,43:00,7:36,F 35-39/4,F-35,17,43:05, 0.00%
127,Denise Wilson,"North Las Vegas, NV",1027,43:03,7:37,F 40-44/3,F-41,18,43:08, 0.00%
128,Jenifer Hanley,"North Las Vegas, NV",1195,43:07,7:37,F 40-44/4,F-40,19,43:16, 0.00%
129,Cat Schnaidt,"Henderson, NV",1183,43:08,7:38,F 25-29/2,F-27,20,43:44, 0.00%
130,Gregory Emry,"Seattle, WA",433,43:11,7:38,M 20-24/19,M-24,110,43:52, 0.00%
131,Jesse Crawford,"Nellis Afb, NV",1143,43:11,7:38,M 25-29/25,M-26,111,43:31, 0.00%
132,Kennedy Hymer,"Las Vegas, NV",597,43:14,7:39,F 20-24/2,F-24,21,43:19, 0.00%
133,Luis Baca,"Las Vegas, NV",1101,43:15,7:39,M 25-29/26,M-25,112,43:15, 0.00%
134,Raymond Quezada,"Las Vegas, NV",818,43:18,7:39,M 15-19/4,M-16,113,43:40, 0.00%
135,Venna Rhoads,"Las Vegas, NV",1502,43:19,7:40,F 35-39/5,F-38,22,43:30, 0.00%
136,Larry Tomsic,"Henderson, NV",949,43:21,7:40,M 55-59/3,M-58,114,43:21, 0.00%
137,Norma Cardenas,"Henderson, NV",1177,43:22,7:40,F 15-19/2,F-19,23,44:09, 0.00%
138,Alexander Hoese,"Henderson, NV",241,43:22,7:40,M 20-24/20,M-20,115,44:09, 0.00%
139,Rebecca Clements,"Las Vegas, NV",358,43:24,7:40,F 35-39/6,F-35,24,43:28, 0.00%
140,Dennis Hecker,"Las Vegas, NV",560,43:27,7:41,M 45-49/9,M-48,116,43:41, 0.00%
141,Jay Acebo,"Las Vegas, NV",69,43:29,7:41,M 45-49/10,M-47,117,43:32, 0.00%
142,Jacob Webster,"Daphne, AL",1000,43:31,7:42,M 40-44/8,M-40,118,43:38, 0.00%
143,Jason Hanor,"Las Vegas, NV",542,43:34,7:42,M 35-39/19,M-36,119,43:38, 0.00%
144,Amanda Hanor,"Las Vegas, NV",541,43:34,7:42,F 30-34/5,F-33,25,43:38, 0.00%
145,Gerry Guzman,"North Las Vegas, NV",530,43:35,7:42,M 55-59/4,M-58,120,43:38, 0.00%
146,Elida Gonzalez,"Las Vegas, NV",503,43:35,7:42,F 30-34/6,F-34,26,43:37, 0.00%
147,Craig Shepherd,"Salt Lake City, UT",891,43:35,7:42,M 25-29/27,M-28,121,44:14, 0.00%
148,Joshua Sollano,"Twentynine Palms, CA",908,43:35,7:42,M 25-29/28,M-26,122,43:39, 0.00%
149,Meredith Weiner,"Las Vegas, NV",1004,43:36,7:43,F 30-34/7,F-30,27,44:02, 0.00%
150,Anthony Amato,"Las Vegas, NV",265,43:38,7:43,M 35-39/20,M-36,123,44:35, 0.00%
151,Hollee Barnes,"Las Vegas, NV",290,43:38,7:43,F 15-19/3,F-15,28,43:43, 0.00%
152,Chris Medina,"Las Vegas, NV",721,43:38,7:43,M 30-34/26,M-32,124,43:42, 0.00%
153,Paul Escobedo,"Henderson, NV",435,43:50,7:45,M 35-39/21,M-39,125,45:00, 0.00%
154,Matthew Baur,"Las Vegas, NV",295,43:58,7:46,M 25-29/29,M-28,126,44:34, 0.00%
155,Brian Howe,"North Las Vegas, NV",588,43:59,7:47,M 50-54/3,M-52,127,44:34, 0.00%
156,Todd Carlson,"Henderson, NV",341,44:02,7:47,M 40-44/9,M-43,128,44:48, 0.00%
157,Megan Hauver,"North Las Vegas, NV",551,44:06,7:48,F 25-29/3,F-27,29,44:19, 0.00%
158,Melissa Dickson,"Las Vegas, NV",397,44:09,7:48,F 20-24/3,F-24,30,44:24, 0.00%
159,Karissa Gunter,"Las Vegas, NV",528,44:10,7:49,F 25-29/4,F-28,31,45:04, 0.00%
160,Eyes Willson,"Henderson, NV",1026,44:10,7:49,F 50-54/3,F-51,32,44:16, 0.00%
161,Jeremy Salaver,"North Las Vegas, NV",210,44:10,7:49,M 30-34/27,M-32,129,44:20, 0.00%
162,Robert Glowinski,"Las Vegas, NV",92,44:11,7:49,M 35-39/22,M-37,130,44:19, 0.00%
163,Erica Nansen,"Las Vegas, NV",753,44:12,7:49,F 30-34/8,F-32,33,44:50, 0.00%
164,Greg Groves,"Clovis, NM",1130,44:14,7:49,M 20-24/21,M-23,131,44:23, 0.00%
165,Gregg Seymour,"Henderson, NV",886,44:16,7:50,M 50-54/4,M-50,132,44:20, 0.00%
166,Rich Moreno,"Las Vegas, NV",105,44:17,7:50,M 40-44/10,M-43,133,44:33, 0.00%
167,Riley Beck,"Las Vegas, NV",299,44:18,7:50,M 11-14/1,M-13,134,45:12, 0.00%
168,Lisa Termina,"Las Vegas, NV",939,44:20,7:50,F 25-29/5,F-29,34,44:33, 0.00%
169,Mark Decola,"Las Vegas, NV",386,44:20,7:50,M 30-34/28,M-34,135,44:22, 0.00%
170,Kimberly Block,"Las Vegas, NV",1106,44:24,7:51,F 30-34/9,F-30,35,44:36, 0.00%
171,Jimmy Williams,"North Las Vegas, NV",231,44:26,7:51,M 25-29/30,M-27,136,44:27, 0.00%
172,Jean Nicolas,"Las Vegas, NV",1255,44:26,7:51,M 35-39/23,M-39,137,44:48, 0.00%
173,Franklin Tallah,"Las Vegas, NV",1098,44:26,7:51,M 30-34/29,M-32,138,44:48, 0.00%
174,Mitchell Steinberg,"Las Vegas, NV",83,44:30,7:52,M 45-49/11,M-46,139,44:36, 0.00%
175,Grissel Argueta,"Las Vegas, NV",1267,44:32,7:52,F 30-34/10,F-30,36,44:57, 0.00%
176,David Clarke,"Las Vegas, NV",56,44:32,7:52,M 35-39/24,M-38,140,44:48, 0.00%
177,Kelly Jean Kosters,"North Las Vegas, NV",187,44:33,7:53,F 30-34/11,F-32,37,45:31, 0.00%
178,Michelle Nicholl,"Las Vegas, NV",761,44:36,7:53,F 40-44/5,F-40,38,44:39, 0.00%
179,Patrick Scruggs,"Las Vegas, NV",1083,44:38,7:54,M 45-49/12,M-46,141,44:47, 0.00%
180,Elizabeth Green,"Las Vegas, NV",1082,44:38,7:54,F 40-44/6,F-43,39,44:47, 0.00%
181,Alicia Lussier,"Henderson, NV",677,44:38,7:54,F 25-29/6,F-29,40,44:46, 0.00%
182,Jasmin Ortega,"Las Vegas, NV",778,44:38,7:54,F 40-44/7,F-42,41,44:57, 0.00%
183,Lou Avena,"Las Vegas, NV",273,44:39,7:54,M 60-99/2,M-60,142,44:52, 0.00%
184,Yuliana Medeles,"North Las Vegas, NV",1234,44:39,7:54,F 25-29/7,F-29,42,44:54, 0.00%
185,Melissa Carlisle,"North Las Vegas, NV",340,44:39,7:54,F 25-29/8,F-29,43,44:53, 0.00%
186,Craig Hudema,"Las Vegas, NV",1169,44:43,7:54,M 45-49/13,M-47,143,45:17, 0.00%
187,Timothy Sendelbach,"Las Vegas, NV",128,44:43,7:54,M 40-44/11,M-42,144,45:16, 0.00%
188,Nate Alexander,"Las Vegas, NV",133,44:44,7:55,M 20-24/22,M-24,145,44:58, 0.00%
189,Michael Nicholl,"Las Vegas, NV",760,44:45,7:55,M 40-44/12,M-40,146,44:45, 0.00%
190,Marlie Tabor,"Las Vegas, NV",933,44:52,7:56,F 45-49/2,F-47,44,44:52, 0.00%
191,Robyn Keep,"Henderson, NV",615,44:53,7:56,F 30-34/12,F-33,45,44:57, 0.00%
192,Dale Lecrone,"Las Vegas, NV",189,44:53,7:56,M 20-24/23,M-21,147,46:05, 0.00%
193,Robert Spear,"Las Vegas, NV",1119,44:54,7:56,M 35-39/25,M-39,148,45:23, 0.00%
194,Angie Eliason,"Las Vegas, NV",428,44:55,7:57,F 35-39/7,F-35,46,45:04, 0.00%
195,Paul Flanagan,"Longview, WA",1044,44:55,7:57,M 60-99/3,M-80,149,44:55, 0.00%
196,Vaunette Coache,"Las Vegas, NV",359,44:57,7:57,F 45-49/3,F-49,47,45:06, 0.00%
197,Gabriel Lebario,"Las Vegas, NV",97,45:00,7:58,M 40-44/13,M-40,150,45:18, 0.00%
198,Thomas Heering,", --",1414,45:01,7:58,M NoAge/2,M-0,151,46:02, 0.00%
199,Courtney Meador,"North Las Vegas, NV",718,45:02,7:58,F 30-34/13,F-32,48,45:23, 0.00%
200,Theresa Glassman,"Las Vegas, NV",498,45:02,7:58,F 30-34/14,F-34,49,45:05, 0.00%
201,Erica Anderson,"Las Vegas, NV",66,45:05,7:58,F 30-34/15,F-32,50,45:30, 0.00%
202,Brett Flickinger,"Las Vegas, NV",464,45:06,7:59,M 25-29/31,M-28,152,46:13, 0.00%
203,Tom Davis,"Henderson, NV",382,45:08,7:59,M 40-44/14,M-43,153,45:08, 0.00%
204,Michael Larusso,"Las Vegas, NV",646,45:09,7:59,M 25-29/32,M-29,154,46:05, 0.00%
205,Natalia Murua,"Henderson, NV",64,45:11,7:59,F 35-39/8,F-37,51,45:20, 0.00%
206,Garrison Balusek,"North Las Vegas, NV",286,45:15,8:00,M 35-39/26,M-35,155,45:59, 0.00%
207,Jacob Manning,"Las Vegas, NV",101,45:17,8:00,M 15-19/5,M-16,156,45:25, 0.00%
208,Eric Henry,"Las Vegas, NV",568,45:17,8:00,M 40-44/15,M-42,157,45:39, 0.00%
209,David Muramoto,"Las Vegas, NV",748,45:18,8:01,M 25-29/33,M-26,158,46:24, 0.00%
210,Max Savage,"Las Vegas, NV",109,45:18,8:01,M 15-19/6,M-16,159,45:27, 0.00%
211,Karri Kratz,"Las Vegas, NV",638,45:19,8:01,F 30-34/16,F-30,52,45:24, 0.00%
212,Lisa Clark,"Henderson, NV",24,45:22,8:01,F 40-44/8,F-42,53,45:22, 0.00%
213,Steven Dorwart,"North Las Vegas, NV",165,45:22,8:01,M 30-34/30,M-30,160,46:33, 0.00%
214,Linda Williams,"Henderson, NV",1022,45:23,8:02,F 45-49/4,F-45,54,45:44, 0.00%
215,Pete Sabal,"Las Vegas, NV",865,45:23,8:02,M 40-44/16,M-43,161,45:31, 0.00%
216,Steven Yeager,"Las Vegas, NV",1039,45:25,8:02,M 30-34/31,M-32,162,45:38, 0.00%
217,Joseph Balzer,"Las Vegas, NV",288,45:25,8:02,M 40-44/17,M-44,163,45:25, 0.00%
218,Merrilee Peterson,"Henderson, NV",799,45:25,8:02,F 40-44/9,F-40,55,45:35, 0.00%
219,Jesse Franklin,"North Las Vegas, NV",473,45:25,8:02,M 25-29/34,M-26,164,45:27, 0.00%
220,Joan Lamayo,"Las Vegas, NV",1277,45:26,8:02,F 30-34/17,F-31,56,46:15, 0.00%
221,Christopher Neri,"Las Vegas, NV",106,45:26,8:02,M 30-34/32,M-30,165,46:10, 0.00%
222,Sandra Woods,"Las Vegas, NV",1034,45:31,8:03,F 45-49/5,F-45,57,45:35, 0.00%
223,Kristie Cranford,"Henderson, NV",369,45:33,8:03,F 40-44/10,F-41,58,45:39, 0.00%
224,Jeff Kiwanuka,"Henderson, NV",627,45:36,8:04,M 25-29/35,M-27,166,46:20, 0.00%
225,Andrew Gunter,"Las Vegas, NV",527,45:39,8:04,M 30-34/33,M-34,167,46:34, 0.00%
226,Michael Bahe,"Twentynine Palms, CA",282,45:43,8:05,M 35-39/27,M-38,168,46:40, 0.00%
227,Amber Rainwater,"Las Vegas, NV",823,45:44,8:05,F 20-24/4,F-22,59,45:49, 0.00%
228,Lynn Boylan,"Las Vegas, NV",1266,45:47,8:06,F 35-39/9,F-36,60,46:37, 0.00%
229,Mike Copitas,"Henderson, NV",365,45:47,8:06,M 25-29/36,M-26,169,47:01, 0.00%
230,Luis Rocha,"Las Vegas, NV",122,45:50,8:06,M 30-34/34,M-31,170,47:02, 0.00%
231,Sean Klimek,"Las Vegas, NV",1198,45:50,8:06,M 40-44/18,M-41,171,46:22, 0.00%
232,Julian Doyle,"Alexandria, VA",408,45:52,8:07,M 35-39/28,M-36,172,47:09, 0.00%
233,Christine Edwards,"Las Vegas, NV",423,45:53,8:07,F 30-34/18,F-33,61,46:01, 0.00%
234,Alison Rose Munn,"Las Vegas, NV",747,45:55,8:07,F 25-29/9,F-29,62,45:59, 0.00%
235,Novi Morales,"Henderson, NV",742,45:59,8:08,F 40-44/11,F-44,63,46:36, 0.00%
236,Holland Drohn,"Las Vegas, NV",123,45:59,8:08,F 25-29/10,F-28,64,46:16, 0.00%
237,Tony Morales,"Henderson, NV",743,45:59,8:08,M 40-44/19,M-43,173,46:37, 0.00%
238,Todd Rodenberg,"Henderson, NV",852,46:02,8:08,M 50-54/5,M-51,174,46:09, 0.00%
239,Paul Daly,"Henderson, NV",378,46:04,8:09,M 45-49/14,M-45,175,47:08, 0.00%
240,Mike Haseley,"Kailua, HI",1293,46:04,8:09,M 25-29/37,M-25,176,46:55, 0.00%
241,Matt Biggs,"Las Vegas, NV",313,46:07,8:09,M 30-34/35,M-31,177,47:05, 0.00%
242,Mary Hodges,"Glendale, CA",575,46:08,8:09,F 45-49/6,F-48,65,46:31, 0.00%
243,Glen Rockwell,"Henderson, NV",850,46:09,8:10,M 40-44/20,M-42,178,46:21, 0.00%
244,Tyler Rodman,"Las Vegas, NV",1295,46:09,8:10,M 20-24/24,M-20,179,47:00, 0.00%
245,Derek L'Italien,"North Las Vegas, NV",188,46:13,8:10,M 30-34/36,M-31,180,47:11, 0.00%
246,Daniel Kelly,"Las Vegas, NV",617,46:16,8:11,M 25-29/38,M-27,181,46:32, 0.00%
247,Richard Sobrero,"Las Vegas, NV",907,46:18,8:11,M 55-59/5,M-57,182,46:40, 0.00%
248,Curtis Barton,"The Woodlands, TX",1168,46:19,8:11,M 30-34/37,M-32,183,46:28, 0.00%
249,Rachel Walker,"Las Vegas, NV",984,46:21,8:12,F 30-34/19,F-33,66,46:21, 0.00%
250,Joanne Belka,"Las Vegas, NV",303,46:22,8:12,F 35-39/10,F-35,67,46:26, 0.00%
251,Rand Allison,"Henderson, NV",260,46:23,8:12,M 40-44/21,M-42,184,46:27, 0.00%
252,Andy Hosler,"Las Vegas, NV",179,46:23,8:12,M 35-39/29,M-35,185,47:35, 0.00%
253,Christopher Rodman,"Las Vegas, NV",1294,46:24,8:12,M 20-24/25,M-23,186,47:15, 0.00%
254,John Willson,"Las Vegas, NV",234,46:26,8:13,M 35-39/30,M-38,187,47:39, 0.00%
255,Clay Porter,"North Las Vegas, NV",1089,46:28,8:13,M 25-29/39,M-25,188,47:23, 0.00%
256,Michael Webb,"Las Vegas, NV",998,46:29,8:13,M 40-44/22,M-42,189,47:28, 0.00%
257,Cherie Somavia,"North Las Vegas, NV",909,46:29,8:13,F 45-49/7,F-46,68,46:53, 0.00%
258,Shannon Galbraith,"Henderson, NV",483,46:29,8:13,F 40-44/12,F-40,69,46:58, 0.00%
259,Kelly Bumgarner,"Henderson, NV",335,46:33,8:14,F 25-29/11,F-26,70,47:27, 0.00%
260,Mike Siembida,"Henderson, NV",894,46:35,8:14,M 40-44/23,M-41,190,46:44, 0.00%
261,Jessica Crane,"Henderson, NV",1184,46:37,8:15,F 20-24/5,F-23,71,47:11, 0.00%
262,Shayne Somavia,"North Las Vegas, NV",220,46:38,8:15,M 40-44/24,M-42,191,47:04, 0.00%
263,Jeb Bozarth,"Henderson, NV",1227,46:39,8:15,M 35-39/31,M-39,192,47:29, 0.00%
264,Alane Ounjian,"Henderson, NV",780,46:39,8:15,F 35-39/11,F-35,72,47:03, 0.00%
265,Eric Freeman,"Henderson, NV",1081,46:41,8:15,M 35-39/32,M-39,193,47:09, 0.00%
266,Kalie Crose,"Henderson, NV",1180,46:42,8:15,F 25-29/12,F-25,73,47:45, 0.00%
267,Jessica Housley,"North Las Vegas, NV",586,46:42,8:15,F 25-29/13,F-27,74,46:42, 0.00%
268,Kristi Ritchie,"Las Vegas, NV",843,46:44,8:16,F 30-34/20,F-33,75,46:46, 0.00%
269,Mark Weinstein,"Rancho Mirage, CA",1005,46:44,8:16,M 50-54/6,M-54,194,47:01, 0.00%
270,Eric Shontz,"West Sacramento, CA",218,46:45,8:16,M 35-39/33,M-38,195,47:38, 0.00%
271,Michale Wilborn,"Boulder City, NV",1018,46:46,8:16,F 45-49/8,F-47,76,46:51, 0.00%
272,Tawnni Wilborn,"Boulder City, NV",1019,46:46,8:16,F 20-24/6,F-20,77,46:51, 0.00%
273,Corey Greaney,"Las Vegas, NV",512,46:46,8:16,M 15-19/7,M-18,196,47:02, 0.00%
274,Roberto Caceres,"North Las Vegas, NV",19,46:47,8:16,M 25-29/40,M-27,197,47:05, 0.00%
275,Tim Hurlbut,"Las Vegas, NV",592,46:50,8:17,M 25-29/41,M-28,198,46:59, 0.00%
276,Jennifer Renbarger,"Las Vegas, NV",201,46:52,8:17,F 25-29/14,F-27,78,47:02, 0.00%
277,Sean Renbarger,"Las Vegas, NV",202,46:52,8:17,M 30-34/38,M-32,199,47:02, 0.00%
278,Daniel Buck,"Las Vegas, NV",332,46:54,8:18,M 40-44/25,M-43,200,47:05, 0.00%
279,Joe Flores,"Las Vegas, NV",1114,46:55,8:18,M 35-39/34,M-37,201,47:53, 0.00%
280,Jason Gates,"Henderson, NV",1123,47:00,8:19,M 15-19/8,M-19,202,47:54, 0.00%
281,Tanner McBride,"Henderson, NV",1124,47:02,8:19,M 15-19/9,M-19,203,47:54, 0.00%
282,Donna Alderson,"Las Vegas, NV",259,47:02,8:19,F 50-54/4,F-51,79,47:28, 0.00%
283,Chris Lee,"North Las Vegas, NV",652,47:03,8:19,M 35-39/35,M-36,204,47:07, 0.00%
284,Randal Bell,"Henderson, NV",305,47:04,8:19,M 40-44/26,M-41,205,47:26, 0.00%
285,Sheldon Grant,"Nellis Afb, NV",176,47:04,8:19,M 30-34/39,M-32,206,48:02, 0.00%
286,Mike Jordan,"Las Vegas, NV",609,47:04,8:19,M 45-49/15,M-45,207,47:18, 0.00%
287,Michael Seminoff,"Las Vegas, NV",82,47:07,8:20,M 35-39/36,M-35,208,48:07, 0.00%
288,Connie Vento,"Henderson, NV",1116,47:08,8:20,F 30-34/21,F-33,80,47:15, 0.00%
289,Virginia Paciocco,"Henderson, NV",1117,47:08,8:20,F 40-44/13,F-42,81,47:15, 0.00%
290,Brian Knudsen,"Las Vegas, NV",632,47:09,8:20,M 30-34/40,M-32,209,47:44, 0.00%
291,Alan Rountree,"Nellis Afb, NV",1066,47:09,8:20,M 45-49/16,M-45,210,47:23, 0.00%
292,Jimmy Tippetts,"Las Vegas, NV",945,47:11,8:21,M 40-44/27,M-41,211,47:27, 0.00%
293,Claudia Corral,"Las Vegas, NV",366,47:12,8:21,F 25-29/15,F-29,82,47:32, 0.00%
294,Deborah Hatch,"North Las Vegas, NV",550,47:13,8:21,F 45-49/9,F-47,83,47:25, 0.00%
295,Jeff Richey,"North Las Vegas, NV",839,47:14,8:21,M 25-29/42,M-29,212,47:37, 0.00%
296,D'Metre Farris,"North Las Vegas, NV",446,47:15,8:21,M 25-29/43,M-27,213,47:53, 0.00%
297,Monique Farris,"North Las Vegas, NV",448,47:15,8:21,F 25-29/16,F-26,84,47:52, 0.00%
298,Robert Williams,"Las Vegas, NV",1023,47:15,8:21,M 45-49/17,M-49,214,47:15, 0.00%
299,Rebecca Petersen,"Las Vegas, NV",797,47:15,8:21,F 30-34/22,F-32,85,48:12, 0.00%
300,Matthew Byous,"Tonopah, NV",1272,47:22,8:22,M 25-29/44,M-26,215,48:31, 0.00%
301,Brian Williams,"Las Vegas, NV",1020,47:22,8:23,M 35-39/37,M-37,216,47:25, 0.00%
302,Marc Johansen,"North Las Vegas, NV",184,47:23,8:23,M 25-29/45,M-28,217,48:32, 0.00%
303,Katy Beth Lockwood,"Las Vegas, NV",1212,47:25,8:23,F 25-29/17,F-26,86,47:39, 0.00%
304,Laura Yaris,", --",1401,47:27,8:23,F NoAge/2,F-0,87,48:28, 0.00%
305,Steve Klein,"Blue Diamond, NV",77,47:29,8:24,M 50-54/7,M-53,218,47:31, 0.00%
306,David Groh,"Las Vegas, NV",1208,47:32,8:24,M 40-44/28,M-43,219,47:47, 0.00%
307,Les Slaughter,"Las Vegas, NV",902,47:32,8:24,M 55-59/6,M-56,220,48:06, 0.00%
308,Joel Gersh,"Las Vegas, NV",491,47:33,8:25,M 35-39/38,M-39,221,48:01, 0.00%
309,Chad Statham,"North Las Vegas, NV",1260,47:38,8:25,M 20-24/26,M-21,222,48:37, 0.00%
310,Ben Saxe,"Las Vegas, NV",1241,47:39,8:26,M 35-39/39,M-36,223,48:52, 0.00%
311,Irene Farnham,"Las Vegas, NV",1421,47:41,8:26,F 45-49/10,F-47,88,48:07, 0.00%
312,Glen Vetrano,"Las Vegas, NV",1088,47:41,8:26,M 45-49/18,M-45,224,47:50, 0.00%
313,Juan Carlos Torres,"Las Vegas, NV",954,47:44,8:26,M 40-44/29,M-44,225,48:53, 0.00%
314,Sterling Candland,"Las Vegas, NV",55,47:45,8:27,M 40-44/30,M-43,226,48:02, 0.00%
315,Clint Alverson,"Sparks, NV",264,47:45,8:27,M 30-34/41,M-30,227,48:29, 0.00%
316,Mario Medeles,"Las Vegas, NV",1237,47:46,8:27,M 30-34/42,M-32,228,48:01, 0.00%
317,Kevin Abalos,"Las Vegas, NV",256,47:47,8:27,M 25-29/46,M-27,229,47:50, 0.00%
318,Varatorn Rodriguez,"Las Vegas, NV",854,47:48,8:27,F 35-39/12,F-36,89,48:04, 0.00%
319,Michele Hapitana,"Las Vegas, NV",544,47:50,8:27,F 40-44/14,F-44,90,47:52, 0.00%
320,Gregg Burns,"Las Vegas, NV",73,47:50,8:28,M 45-49/19,M-49,230,48:14, 0.00%
321,Kevin Beck,"Las Vegas, NV",298,47:51,8:28,M 35-39/40,M-39,231,48:45, 0.00%
322,Daniel Taylor,"Henderson, NV",253,47:55,8:28,M 25-29/47,M-29,232,48:06, 0.00%
323,Katharine Riding,"Las Vegas, NV",841,47:57,8:29,F 25-29/18,F-29,91,48:23, 0.00%
324,Georgina Cantu,"Las Vegas, NV",1217,47:59,8:29,F 40-44/15,F-44,92,48:53, 0.00%
325,Anthony Ewing,"Nellis Afb, NV",1148,48:00,8:29,M 25-29/48,M-25,233,48:01, 0.00%
326,David Lehrner,"Las Vegas, NV",657,48:00,8:29,M 30-34/43,M-30,234,48:08, 0.00%
327,Joseph Wooten,"Las Vegas, NV",1036,48:00,8:29,M 50-54/8,M-52,235,48:04, 0.00%
328,Jill Delaney,"Las Vegas, NV",135,48:03,8:30,F 35-39/13,F-36,93,48:11, 0.00%
329,Roger Becker,"Las Vegas, NV",301,48:04,8:30,M 40-44/31,M-44,236,48:41, 0.00%
330,Donna Pfeffer,"Las Vegas, NV",802,48:05,8:30,F 60-99/1,F-66,94,48:23, 0.00%
331,Keri Delucia,"North Las Vegas, NV",391,48:09,8:31,F 30-34/23,F-32,95,48:52, 0.00%
332,Julie Bowen,"Las Vegas, NV",1501,48:09,8:31,F 35-39/14,F-38,96,48:20, 0.00%
333,Sharon Tyree,"North Las Vegas, NV",1162,48:11,8:31,F 30-34/24,F-31,97,48:55, 0.00%
334,Amanda Geray,"Las Vegas, NV",175,48:11,8:31,F 25-29/19,F-28,98,48:55, 0.00%
335,Matthew Driscoll,"Henderson, NV",74,48:13,8:32,M 30-34/44,M-33,237,48:50, 0.00%
336,Kathy Richter,"Las Vegas, NV",840,48:15,8:32,F 55-59/1,F-58,99,48:51, 0.00%
337,Jason Cluxton,"Las Vegas, NV",1235,48:17,8:32,M 35-39/41,M-36,238,48:17, 0.00%
338,Nicole Nelson,"Henderson, NV",1203,48:17,8:32,F 25-29/20,F-26,100,48:27, 0.00%
339,Megan Hersh,"Henderson, NV",1202,48:18,8:32,F 25-29/21,F-27,101,48:28, 0.00%
340,Kristina Matsko,"Las Vegas, NV",704,48:18,8:32,F 35-39/15,F-38,102,49:20, 0.00%
341,Aric Wing,"Las Vegas, NV",33,48:20,8:33,M 25-29/49,M-29,239,49:04, 0.00%
342,Ammon Chapin,"Clarksville, TN",1243,48:21,8:33,M 25-29/50,M-26,240,48:21, 0.00%
343,John Pretto,"Boulder City, NV",1242,48:22,8:33,M 45-49/20,M-48,241,48:23, 0.00%
344,Strati Katopodis,"Las Vegas, NV",1244,48:23,8:33,M 35-39/42,M-35,242,48:52, 0.00%
345,Nicole Szynski,"Henderson, NV",932,48:27,8:34,F 30-34/25,F-33,103,48:42, 0.00%
346,Rick Chavez,"Las Vegas, NV",353,48:27,8:34,M 50-54/9,M-54,243,49:06, 0.00%
347,Jeremy Keele,"Las Vegas, NV",613,48:27,8:34,M 20-24/27,M-22,244,49:12, 0.00%
348,Gerald Hayes,"North Las Vegas, NV",555,48:29,8:34,M 30-34/45,M-30,245,48:31, 0.00%
349,Gordon Lawrence,"Las Vegas, NV",1239,48:32,8:35,M 45-49/21,M-48,246,48:37, 0.00%
350,Lindsey Futrell,"Las Vegas, NV",480,48:34,8:35,F 30-34/26,F-33,104,48:51, 0.00%
351,Aaron Futrell,"Las Vegas, NV",479,48:35,8:35,M 30-34/46,M-32,247,48:51, 0.00%
352,Eric Woo,"Chicago, IL",1031,48:38,8:36,M 25-29/51,M-25,248,49:40, 0.00%
353,Jill Ashworth,"Las Vegas, NV",271,48:38,8:36,F 35-39/16,F-37,105,48:39, 0.00%
354,Paterno Jurani,"Las Vegas, NV",1057,48:42,8:37,M 35-39/43,M-38,249,49:24, 0.00%
355,Jessica Wireman,"Henderson, NV",1028,48:43,8:37,F 30-34/27,F-30,106,49:11, 0.00%
356,Jill Halvorson,"Las Vegas, NV",536,48:45,8:37,F 35-39/17,F-36,107,49:31, 0.00%
357,Matt Connelly,"Las Vegas, NV",30,48:48,8:38,M 30-34/47,M-30,250,49:32, 0.00%
358,Raven Barnett,"Las Vegas, NV",292,48:53,8:39,F 30-34/28,F-30,108,49:38, 0.00%
359,Kim Taylor,"Las Vegas, NV",935,49:00,8:40,F 25-29/22,F-27,109,49:22, 0.00%
360,Mike Peiffer,"Las Vegas, NV",789,49:00,8:40,M 20-24/28,M-23,251,49:22, 0.00%
361,Russ Cameron,"Logandale, NV",29,49:00,8:40,M 45-49/22,M-46,252,49:45, 0.00%
362,Tammy Perez,"Las Vegas, NV",1248,49:04,8:41,F 35-39/18,F-36,110,49:12, 0.00%
363,Nicole Francis,"Henderson, NV",472,49:10,8:42,F 40-44/16,F-41,111,49:41, 0.00%
364,Cheryl Balusek,"North Las Vegas, NV",285,49:11,8:42,F 30-34/29,F-34,112,49:55, 0.00%
365,Paul Vargas,"Las Vegas, NV",967,49:12,8:42,M 40-44/32,M-41,253,49:23, 0.00%
366,Anita Schawalder,"CH, ",873,49:19,8:43,F 45-49/11,F-48,113,49:40, 0.00%
367,Nathan Bryant,"North Las Vegas, NV",1138,49:22,8:44,M 30-34/48,M-32,254,50:14, 0.00%
368,David Pectol,", ",786,49:24,8:44,M 35-39/44,M-38,255,49:42, 0.00%
369,Chad Martin,"North Las Vegas, NV",1289,49:25,8:44,M 20-24/29,M-23,256,49:32, 0.00%
370,Sofia Velazquez,"Las Vegas, NV",969,49:25,8:44,F 25-29/23,F-29,114,49:45, 0.00%
371,Melissa Mohilla,"Barstow, CA",1268,49:25,8:44,F 30-34/30,F-30,115,49:52, 0.00%
372,Diane Balzer,"Las Vegas, NV",287,49:27,8:45,F 35-39/19,F-39,116,49:27, 0.00%
373,Steven Loffredo,"Las Vegas, NV",45,49:28,8:45,M 25-29/52,M-28,257,49:48, 0.00%
374,Valerie Larsen,"Las Vegas, NV",644,49:28,8:45,F 30-34/31,F-31,117,49:53, 0.00%
375,Chris Johnson,"Henderson, NV",1111,49:33,8:46,F 50-54/5,F-52,118,49:44, 0.00%
376,Gina Flannery,"Las Vegas, NV",75,49:34,8:46,F 40-44/17,F-40,119,49:39, 0.00%
377,Gina Campbell,"Las Vegas, NV",43,49:36,8:46,F 25-29/24,F-28,120,49:55, 0.00%
378,Teri Radke,"Henderson, NV",822,49:38,8:47,F 50-54/6,F-50,121,49:45, 0.00%
379,Charlie Hedrick,"Henderson, NV",59,49:38,8:47,M 20-24/30,M-24,258,49:57, 0.00%
380,Keith Reyes,"Henderson, NV",46,49:39,8:47,M 45-49/23,M-46,259,49:59, 0.00%
381,Ray Thompson,"Las Vegas, NV",1060,49:41,8:47,M 50-54/10,M-54,260,49:53, 0.00%
382,Erin Hansen,"Las Vegas, NV",543,49:43,8:47,F 30-34/32,F-30,122,50:12, 0.00%
383,Nicole Heyboer,"Lansing, MI",571,49:46,8:48,F 25-29/25,F-25,123,49:59, 0.00%
384,Jennifer Fritz,"Las Vegas, NV",477,49:46,8:48,F 40-44/18,F-41,124,50:14, 0.00%
385,Tracey Duncan,"Las Vegas, NV",417,49:47,8:48,F 40-44/19,F-42,125,50:14, 0.00%
386,Michael Diaz,"Henderson, NV",395,49:47,8:48,M 25-29/53,M-27,261,50:38, 0.00%
387,Jason Lee,"Las Vegas, NV",653,49:52,8:49,M 35-39/45,M-37,262,50:30, 0.00%
388,Xiao-Qing Lu,"Las Vegas, NV",670,49:52,8:49,F 35-39/20,F-36,126,50:20, 0.00%
389,Sarah Hoffman,"North Las Vegas, NV",577,49:53,8:49,F 25-29/26,F-25,127,50:58, 0.00%
390,Jerry Hagen,"Henderson, NV",57,49:53,8:49,M 40-44/33,M-40,263,50:15, 0.00%
391,Doug Alexander,"Barstow, CA",1269,49:54,8:49,M 30-34/49,M-33,264,49:54, 0.00%
392,Kelly Young,"Las Vegas, NV",1041,49:54,8:49,F 40-44/20,F-40,128,50:22, 0.00%
393,Sami Marcu,"Las Vegas, NV",697,49:55,8:50,F 45-49/12,F-45,129,50:12, 0.00%
394,Elpidio Villalpando,"North Las Vegas, NV",1282,49:56,8:50,M 20-24/31,M-23,265,50:38, 0.00%
395,Nicole Deboe,"Henderson, NV",385,49:56,8:50,F 25-29/27,F-29,130,50:31, 0.00%
396,Lisa Bell,"Henderson, NV",304,49:59,8:50,F 45-49/13,F-45,131,50:19, 0.00%
397,Marni Nogues,"Las Vegas, NV",766,50:00,8:50,F 40-44/21,F-41,132,50:11, 0.00%
398,Debbie Farris,"Henderson, NV",1420,50:00,8:50,F 50-54/7,F-50,133,50:01, 0.00%
399,Jonathan Hannett,"Bay Shore, NY",1274,50:01,8:51,M 20-24/32,M-22,266,50:28, 0.00%
400,Varinta Nikogosian,"Henderson, NV",765,50:02,8:51,F 35-39/21,F-36,134,50:19, 0.00%
401,John Jackson,"North Las Vegas, NV",1115,50:02,8:51,M 25-29/54,M-29,267,51:01, 0.00%
402,Timothy Duffey,"Las Vegas, NV",413,50:04,8:51,M 25-29/55,M-29,268,50:29, 0.00%
403,Sarah Marlott,"North Las Vegas, NV",699,50:06,8:52,F 30-34/33,F-33,135,50:37, 0.00%
404,Allison Merkey,"Las Vegas, NV",726,50:07,8:52,F 25-29/28,F-27,136,50:37, 0.00%
405,Chris Czekaj,"North Las Vegas, NV",1451,50:08,8:52,M 25-29/56,M-28,269,50:50, 0.00%
406,Marizela Razo,"North Las Vegas, NV",833,50:08,8:52,F 30-34/34,F-34,137,50:08, 0.00%
407,Michelle Bovee,"Temecula, CA",321,50:10,8:52,F 35-39/22,F-37,138,50:38, 0.00%
408,Loida Galvez,"Las Vegas, NV",484,50:11,8:52,F 40-44/22,F-43,139,50:21, 0.00%
409,Alex Robinson,"Las Vegas, NV",844,50:13,8:53,M 20-24/33,M-23,270,51:23, 0.00%
410,David Jackson,"Las Vegas, NV",601,50:13,8:53,M 30-34/50,M-32,271,50:29, 0.00%
411,John Clemmensen,"North Las Vegas, NV",1431,50:14,8:53,M 25-29/57,M-28,272,51:06, 0.00%
412,Michael Lemley,"Las Vegas, NV",98,50:16,8:53,M 35-39/46,M-39,273,50:47, 0.00%
413,Nathan Bonora,"Las Vegas, NV",319,50:16,8:53,M 45-49/24,M-47,274,51:07, 0.00%
414,Robert Bonora,"Las Vegas, NV",320,50:17,8:53,M 50-54/11,M-52,275,51:08, 0.00%
415,Jeff Westerman,"Las Vegas, NV",1007,50:19,8:54,M 40-44/34,M-40,276,50:43, 0.00%
416,Nicki Avery,"Las Vegas, NV",276,50:20,8:54,F 35-39/23,F-35,140,50:55, 0.00%
417,David Van De Hatert,"Las Vegas, NV",962,50:20,8:54,M 25-29/58,M-26,277,51:30, 0.00%
418,Petra Latch,"Las Vegas, NV",647,50:22,8:54,F 45-49/14,F-47,141,51:26, 0.00%
419,Robert Rowley,"Las Vegas, NV",858,50:25,8:55,M 40-44/35,M-42,278,51:18, 0.00%
420,Mike Flammini,"Las Vegas, NV",462,50:27,8:55,M 40-44/36,M-40,279,50:27, 0.00%
421,Cindi Flammini,"Las Vegas, NV",460,50:28,8:55,F 40-44/23,F-40,142,50:29, 0.00%
422,Stephan Angeles,"Henderson, NV",267,50:29,8:56,M 35-39/47,M-39,280,51:07, 0.00%
423,Frank Santoro,"Las Vegas, NV",1113,50:33,8:56,M 25-29/59,M-25,281,51:10, 0.00%
424,Erin Ackerman,"Henderson, NV",257,50:33,8:56,F 35-39/24,F-35,143,50:53, 0.00%
425,Kevin Woods,"Las Vegas, NV",1090,50:33,8:56,M 55-59/7,M-57,282,51:13, 0.00%
426,Diana Patricia Polania Reyes,"CO, ",809,50:36,8:57,F 25-29/29,F-27,144,50:59, 0.00%
427,Elena Ramirez,", --",1407,50:36,8:57,F NoAge/3,F-0,145,51:19, 0.00%
428,Denise Colwell,"Henderson, NV",363,50:39,8:57,F 45-49/15,F-46,146,50:57, 0.00%
429,Jill Kerner,"Las Vegas, NV",620,50:41,8:58,F 30-34/35,F-32,147,50:41, 0.00%
430,Tj Kerner,"Las Vegas, NV",621,50:41,8:58,M 30-34/51,M-32,283,50:41, 0.00%
431,Maria Keaveney,"Henderson, NV",1161,50:41,8:58,F 30-34/36,F-30,148,51:23, 0.00%
432,Olivia Grant,"Henderson, NV",510,50:42,8:58,F 35-39/25,F-35,149,51:30, 0.00%
433,Freya Hoppert,"Las Vegas, NV",580,50:46,8:58,F 30-34/37,F-32,150,51:02, 0.00%
434,Quinn Spencer,"Henderson, NV",914,50:47,8:59,F 25-29/30,F-27,151,51:36, 0.00%
435,Melissa Aupperle,"Henderson, NV",272,50:47,8:59,F 35-39/26,F-39,152,51:36, 0.00%
436,Nathan Harrison,"Las Vegas, NV",126,50:50,8:59,M 30-34/52,M-33,284,51:27, 0.00%
437,Adina Dahlin,"Minneapolis, MN",377,50:53,9:00,F 40-44/24,F-42,153,51:02, 0.00%
438,Becca Warin,"Las Vegas, NV",991,50:54,9:00,F 25-29/31,F-25,154,51:33, 0.00%
439,Ryan Jappe,"Henderson, NV",604,50:56,9:00,M 30-34/53,M-31,285,51:16, 0.00%
440,Yvonne Hootselle,"Las Vegas, NV",579,50:57,9:00,F 30-34/38,F-32,155,51:10, 0.00%
441,Lisa Corley,"North Las Vegas, NV",157,50:57,9:00,F 30-34/39,F-31,156,51:10, 0.00%
442,Sarah Blough,"Las Vegas, NV",1213,50:57,9:00,F 30-34/40,F-30,157,51:10, 0.00%
443,Bethany Turner,"North Las Vegas, NV",1214,50:57,9:01,F 20-24/7,F-24,158,51:11, 0.00%
444,Joseph Giglio,"Las Vegas, NV",22,51:00,9:01,M 25-29/60,M-26,286,51:19, 0.00%
445,Joseph Nika,"Las Vegas, NV",1251,51:00,9:01,M 40-44/37,M-42,287,52:03, 0.00%
446,Kim Virtuoso,"Henderson, NV",1056,51:03,9:02,F 20-24/8,F-24,159,51:50, 0.00%
447,Sid Casidsid,"Henderson, NV",347,51:03,9:02,M 35-39/48,M-37,288,52:12, 0.00%
448,Juli Baaske,"North Las Vegas, NV",280,51:03,9:02,F 15-19/4,F-16,160,51:49, 0.00%
449,Larry Baaske,"North Las Vegas, NV",281,51:03,9:02,M 25-29/61,M-27,289,51:49, 0.00%
450,Lori Hair,"Las Vegas, NV",23,51:04,9:02,F 45-49/16,F-49,161,51:14, 0.00%
451,Lyndsey Donahue,"Las Vegas, NV",404,51:04,9:02,F 25-29/32,F-25,162,51:34, 0.00%
452,Sarah Dienlin Emde,"Henderson, NV",398,51:04,9:02,F 30-34/41,F-32,163,51:34, 0.00%
453,Flo Benincasa,"Las Vegas, NV",85,51:06,9:02,F 30-34/42,F-33,164,51:51, 0.00%
454,Jan Dixon,"Las Vegas, NV",399,51:07,9:02,F 50-54/8,F-54,165,51:17, 0.00%
455,Michele Maloney,"Las Vegas, NV",693,51:07,9:02,F 40-44/25,F-41,166,51:18, 0.00%
456,Koryn Gontarek,"Henderson, NV",501,51:08,9:02,F 30-34/43,F-33,167,52:14, 0.00%
457,Ross Hunsaker,"Las Vegas, NV",590,51:10,9:03,M 25-29/62,M-29,290,51:50, 0.00%
458,Timmy Saltarelli,"Las Vegas, NV",868,51:10,9:03,M 30-34/54,M-34,291,51:50, 0.00%
459,Donna Konopka,"Las Vegas, NV",1188,51:10,9:03,F 45-49/17,F-46,168,51:25, 0.00%
460,David Gyger,"Las Vegas, NV",531,51:11,9:03,M 35-39/49,M-38,292,52:11, 0.00%
461,Jonathan Delosier,"Las Vegas, NV",1210,51:12,9:03,M 25-29/63,M-27,293,52:09, 0.00%
462,Mary Dungan,"Las Vegas, NV",418,51:12,9:03,F 55-59/2,F-55,169,52:19, 0.00%
463,Robert Pastorius,"Henderson, NV",784,51:12,9:03,M 45-49/25,M-47,294,52:00, 0.00%
464,Linda Crisman,"Las Vegas, NV",371,51:12,9:03,F 30-34/44,F-30,170,51:45, 0.00%
465,Ana Haurek,"North Las Vegas, NV",178,51:16,9:04,F 30-34/45,F-31,171,51:51, 0.00%
466,Michael Vincent,"North Las Vegas, NV",229,51:18,9:04,M 35-39/50,M-36,295,51:35, 0.00%
467,Jenn McDanel,"Las Vegas, NV",713,51:19,9:04,F 40-44/26,F-40,172,51:38, 0.00%
468,Amy Noworatzky,"Las Vegas, NV",767,51:20,9:05,F 20-24/9,F-24,173,51:49, 0.00%
469,Lorraine Rockwell,"Henderson, NV",851,51:20,9:05,F 45-49/18,F-45,174,51:33, 0.00%
470,Leah Starling,"Las Vegas, NV",917,51:21,9:05,F 25-29/33,F-27,175,51:49, 0.00%
471,Jess Looft,"North Las Vegas, NV",664,51:21,9:05,F 20-24/10,F-24,176,51:49, 0.00%
472,Terri Bidwell,"NZ, ",311,51:22,9:05,F 40-44/27,F-40,177,51:39, 0.00%
473,Cecilia Bidwell,"Tampa, FL",310,51:22,9:05,F 35-39/27,F-36,178,51:39, 0.00%
474,Joseph Petrelli,"Las Vegas, NV",800,51:24,9:05,M 25-29/64,M-29,296,51:46, 0.00%
475,Jillian Pizzuto,"Las Vegas, NV",1204,51:24,9:05,F 30-34/46,F-32,179,51:46, 0.00%
476,Jerome Gretka,"North Las Vegas, NV",94,51:28,9:06,M 35-39/51,M-39,297,51:55, 0.00%
477,Cole Vigil,"Las Vegas, NV",972,51:29,9:06,M 11-14/2,M-14,298,51:35, 0.00%
478,Guillermo Cruz Rodriguez,"North Las Vegas, NV",160,51:31,9:06,M 20-24/34,M-23,299,52:41, 0.00%
479,Myndi Chrapcynski,"Henderson, NV",356,51:31,9:07,F 25-29/34,F-26,180,52:11, 0.00%
480,Christian Robinson,"Las Vegas, NV",1215,51:33,9:07,M 30-34/55,M-30,300,52:26, 0.00%
481,Tiffany Raush,"Tampa, FL",830,51:35,9:07,F 30-34/47,F-34,181,51:52, 0.00%
482,Carrie Fox,"North Las Vegas, NV",470,51:36,9:07,F 30-34/48,F-33,182,54:02, 0.00%
483,Elizabeth Domenzain,"North Las Vegas, NV",402,51:39,9:08,F 25-29/35,F-25,183,52:15, 0.00%
484,Wilson Edgell,"Las Vegas, NV",167,51:46,9:09,M 40-44/38,M-42,301,52:14, 0.00%
485,Bill Wray,"Las Vegas, NV",1038,51:46,9:09,M 45-49/26,M-48,302,52:33, 0.00%
486,Emily Choy,"Nellis Afb, NV",1428,51:47,9:09,F 20-24/11,F-24,184,52:05, 0.00%
487,Desiree Raney,"Henderson, NV",829,51:47,9:09,F 25-29/36,F-27,185,52:18, 0.00%
488,Tabitha Fouch,"North Las Vegas, NV",172,51:48,9:10,F 20-24/12,F-21,186,52:46, 0.00%
489,Ellen Stretlien,"Las Vegas, NV",923,51:58,9:11,F 55-59/3,F-56,187,52:25, 0.00%
490,Mark Heffern,"Las Vegas, NV",561,51:58,9:11,M 45-49/27,M-48,303,52:06, 0.00%
491,Donna Marett,"Las Vegas, NV",698,51:59,9:12,F 45-49/19,F-46,188,52:04, 0.00%
492,Milinka Watson-Garrett,"North Las Vegas, NV",1429,52:00,9:12,F 45-49/20,F-47,189,52:27, 0.00%
493,Ricardo Ortiz,"Las Vegas, NV",1253,52:00,9:12,M 25-29/65,M-29,304,52:34, 0.00%
494,Elizabeth Baird,"North Las Vegas, NV",284,52:00,9:12,F 25-29/37,F-28,190,52:03, 0.00%
495,Jerry Faircloth,"North Las Vegas, NV",443,52:01,9:12,M 60-99/4,M-60,305,52:57, 0.00%
496,Margaret Freeman,"Henderson, NV",474,52:04,9:12,F 50-54/9,F-51,191,52:28, 0.00%
497,Tracy West,"Las Vegas, NV",1006,52:06,9:13,F 25-29/38,F-27,192,53:01, 0.00%
498,Valerie Thompson,"Mesa, AZ",115,52:08,9:13,F 40-44/28,F-44,193,52:08, 0.00%
499,Maria Riach,"Las Vegas, NV",1059,52:08,9:13,F 55-59/4,F-56,194,52:27, 0.00%
500,Derek Weeks,"Las Vegas, NV",1002,52:09,9:13,M 25-29/66,M-28,306,53:08, 0.00%
501,Jason Gacek,"Henderson, NV",481,52:10,9:13,M 35-39/52,M-39,307,52:23, 0.00%
502,Debbie Eidelman,"Las Vegas, NV",425,52:10,9:13,F 30-34/49,F-33,195,52:10, 0.00%
503,Shelley Gacek,"Henderson, NV",482,52:11,9:14,F 35-39/28,F-36,196,52:22, 0.00%
504,Roger Ramos,"Las Vegas, NV",1426,52:13,9:14,M 40-44/39,M-41,308,53:21, 0.00%
505,Nora Petersen,"Henderson, NV",796,52:14,9:14,F 30-34/50,F-33,197,52:25, 0.00%
506,Laura Lakeotes,"North Las Vegas, NV",641,52:15,9:14,F 30-34/51,F-31,198,52:15, 0.00%
507,Bill Macdonald,"Las Vegas, NV",681,52:17,9:15,M 50-54/12,M-50,309,52:52, 0.00%
508,Christopher Lewis,"Las Vegas, NV",660,52:17,9:15,M 40-44/40,M-42,310,53:16, 0.00%
509,Luke Yardley,"Las Vegas, NV",1423,52:18,9:15,M 30-34/56,M-33,311,53:07, 0.00%
510,Kassandra Doss,"Lanark, IL",166,52:19,9:15,F 25-29/39,F-25,199,53:13, 0.00%
511,Dustin Rhodes,"Nellis Afb, NV",205,52:19,9:15,M 20-24/35,M-24,312,53:31, 0.00%
512,Paul Williams,"North Las Vegas, NV",233,52:20,9:15,M 20-24/36,M-20,313,53:31, 0.00%
513,Daniel Myles,"North Las Vegas, NV",195,52:20,9:15,M 20-24/37,M-21,314,53:32, 0.00%
514,Christina Romero,"Las Vegas, NV",206,52:23,9:16,F 20-24/13,F-24,200,54:48, 0.00%
515,John Fowler,"Las Vegas, NV",1072,52:27,9:16,M 50-54/13,M-54,315,52:27, 0.00%
516,Ariana Alderman,"Las Vegas, NV",258,52:29,9:17,F 25-29/40,F-27,201,53:02, 0.00%
517,Amy Cropper,"Henderson, NV",90,52:30,9:17,F 25-29/41,F-25,202,52:32, 0.00%
518,Chad Finch,"North Las Vegas, NV",457,52:31,9:17,M 25-29/67,M-25,316,53:07, 0.00%
519,Pete Small,"Henderson, NV",1127,52:33,9:17,M 35-39/53,M-38,317,53:10, 0.00%
520,Miranda Wheeler,"Henderson, NV",1009,52:34,9:18,F 20-24/14,F-24,203,53:26, 0.00%
521,Angela Crolli,"Las Vegas, NV",39,52:34,9:18,F 50-54/10,F-54,204,52:49, 0.00%
522,Terry Tetonis,"Henderson, NV",47,52:36,9:18,M 40-44/41,M-43,318,53:55, 0.00%
523,Jill Michael,"Henderson, NV",731,52:39,9:18,F 55-59/5,F-57,205,52:45, 0.00%
524,Thomas Sharkey,"Las Vegas, NV",1291,52:39,9:19,M 25-29/68,M-27,319,53:14, 0.00%
525,Ryan McNabb,"Henderson, NV",103,52:44,9:19,M 35-39/54,M-35,320,53:10, 0.00%
526,Lisa Alvarez,"Las Vegas, NV",1171,52:45,9:20,F 35-39/29,F-36,206,52:48, 0.00%
527,Devin Harris,"Nellis Afb, NV",1147,52:45,9:20,M 20-24/38,M-20,321,52:47, 0.00%
528,Brandy Caffee,"Nellis Afb, NV",11,52:46,9:20,F 25-29/42,F-29,207,52:58, 0.00%
529,Hope Friedman,"North Las Vegas, NV",50,52:47,9:20,F 25-29/43,F-27,208,53:02, 0.00%
530,Nicole Aversa,"Las Vegas, NV",274,52:47,9:20,F 35-39/30,F-37,209,53:54, 0.00%
531,Diann Hayes,"Henderson, NV",554,52:48,9:20,F 55-59/6,F-56,210,53:09, 0.00%
532,Rick Damian,"Las Vegas, NV",1105,52:50,9:20,M 40-44/42,M-40,322,52:59, 0.00%
533,Yulia Vargas,"Las Vegas, NV",968,52:51,9:21,F 25-29/44,F-26,211,53:01, 0.00%
534,Cory Mullin,"Nellis Afb, NV",1259,52:52,9:21,M 20-24/39,M-21,323,53:53, 0.00%
535,Laura Spawn,"Kingman, AZ",912,52:53,9:21,F 30-34/52,F-31,212,53:27, 0.00%
536,Dennis Curran,"Las Vegas, NV",375,52:55,9:21,M 35-39/55,M-38,324,53:44, 0.00%
537,Christina Hemenway,"Las Vegas, NV",566,52:55,9:21,F 25-29/45,F-25,213,53:00, 0.00%
538,Vanessa Baur,"Las Vegas, NV",296,52:57,9:22,F 25-29/46,F-28,214,53:33, 0.00%
539,Mary Hinson,"Boulder City, NV",574,52:59,9:22,F 45-49/21,F-46,215,53:35, 0.00%
540,Arturo Diaz,"Las Vegas, NV",1252,53:00,9:22,M 30-34/57,M-30,325,53:33, 0.00%
541,Bryan Chance,"Twentynine Palms, CA",351,53:00,9:22,M 25-29/69,M-27,326,53:17, 0.00%
542,Casey Whiting,"Las Vegas, NV",1100,53:00,9:22,M 35-39/56,M-35,327,53:04, 0.00%
543,Stacy Greene,"Las Vegas, NV",514,53:02,9:23,F 30-34/53,F-32,216,53:42, 0.00%
544,Federico De La Garza,"North Las Vegas, NV",1283,53:02,9:23,M 40-44/43,M-43,328,54:07, 0.00%
545,Shawna Kelly,"Las Vegas, NV",618,53:03,9:23,F 25-29/47,F-28,217,53:33, 0.00%
546,Bethany Spangler,"Las Vegas, NV",61,53:06,9:23,F 30-34/54,F-30,218,53:24, 0.00%
547,Sunshine Early,"Henderson, NV",420,53:07,9:24,F 30-34/55,F-34,219,54:17, 0.00%
548,Cristina Pawlica,"North Las Vegas, NV",1270,53:09,9:24,F 20-24/15,F-23,220,54:08, 0.00%
549,Steve Harmon,", ",546,53:11,9:24,M 40-44/44,M-42,329,54:18, 0.00%
550,Sunshine Harmon,"Las Vegas, NV",547,53:11,9:24,F 35-39/31,F-35,221,54:18, 0.00%
551,Jennifer Orr,"Las Vegas, NV",776,53:12,9:24,F 40-44/29,F-42,222,53:27, 0.00%
552,Sonia Delgado,"Las Vegas, NV",120,53:12,9:24,F 45-49/22,F-45,223,54:25, 0.00%
553,Mike Orr,"Las Vegas, NV",777,53:14,9:25,M 45-49/28,M-47,330,53:27, 0.00%
554,Diana Franco,"Las Vegas, NV",1096,53:17,9:25,F 25-29/48,F-25,224,54:18, 0.00%
555,Kelly Robinson,"AU, ",1435,53:19,9:26,F 40-44/30,F-42,225,53:26, 0.00%
556,Glenn Tokubo,"Clovis, CA",947,53:21,9:26,M 45-49/29,M-47,331,54:09, 0.00%
557,Brett Compston,"Las Vegas, NV",20,53:21,9:26,M 35-39/57,M-36,332,53:40, 0.00%
558,John Fansler,"North Las Vegas, NV",21,53:21,9:26,M 25-29/70,M-28,333,53:40, 0.00%
559,Matt Shilk,"Las Vegas, NV",892,53:21,9:26,M 30-34/58,M-33,334,53:41, 0.00%
560,Maren Whiting,"Las Vegas, NV",1013,53:23,9:26,F 30-34/56,F-34,226,53:26, 0.00%
561,Jason Sells,"North Las Vegas, NV",216,53:23,9:26,M 30-34/59,M-34,335,54:23, 0.00%
562,Christine Lynch,"North Las Vegas, NV",51,53:31,9:28,F 30-34/57,F-32,227,53:47, 0.00%
563,Sonya Felix,"North Las Vegas, NV",452,53:32,9:28,F 35-39/32,F-39,228,54:14, 0.00%
564,Jennifer Espinosa,"Las Vegas, NV",1422,53:33,9:28,F 25-29/49,F-25,229,54:05, 0.00%
565,Daniel Lujan,"Henderson, NV",672,53:34,9:28,M 30-34/60,M-31,336,54:35, 0.00%
566,Cindy McIntosh,"Las Vegas, NV",1074,53:34,9:28,F 40-44/31,F-40,230,54:21, 0.00%
567,Janice Embry,"Las Vegas, NV",432,53:35,9:28,F 50-54/11,F-52,231,53:42, 0.00%
568,John Robles,"Henderson, NV",1425,53:35,9:28,M 25-29/71,M-28,337,54:44, 0.00%
569,Justine Crawford,", ",370,53:36,9:29,F 25-29/50,F-26,232,54:42, 0.00%
570,Jessie Miles,"Las Vegas, NV",733,53:41,9:29,F 35-39/33,F-38,233,54:25, 0.00%
571,Lee McKinstry,"North Las Vegas, NV",715,53:41,9:29,M 30-34/61,M-34,338,54:16, 0.00%
572,Allison Hart,"Henderson, NV",549,53:41,9:29,F 40-44/32,F-41,234,54:30, 0.00%
573,Wade Simpson,"Las Vegas, NV",1230,53:41,9:30,M 45-49/30,M-47,339,54:37, 0.00%
574,Katherine Schulte,"Las Vegas, NV",881,53:44,9:30,F 20-24/16,F-23,235,54:22, 0.00%
575,Diana Zarate,"North Las Vegas, NV",1084,53:47,9:31,F 20-24/17,F-22,236,54:19, 0.00%
576,Karen Lee,"Las Vegas, NV",1070,53:48,9:31,F 30-34/58,F-33,237,54:00, 0.00%
577,Robert Filary,"Las Vegas, NV",1231,53:50,9:31,M 35-39/58,M-37,340,54:45, 0.00%
578,Natasha Keenan,"New York, NY",614,53:50,9:31,F 40-44/33,F-41,238,54:02, 0.00%
579,Leann Brodecky,"Henderson, NV",1076,53:50,9:31,F 40-44/34,F-43,239,54:22, 0.00%
580,Julie Newby Patterson,"Las Vegas, NV",16,53:53,9:32,F 35-39/34,F-36,240,54:12, 0.00%
581,Matthew Macdonald,"North Las Vegas, NV",682,53:59,9:33,M 30-34/62,M-34,341,53:59, 0.00%
582,Jennifer Tamble,"North Las Vegas, NV",225,54:00,9:33,F 25-29/51,F-29,241,54:57, 0.00%
583,Tami Stefanatos,"Las Vegas, NV",919,54:01,9:33,F 45-49/23,F-45,242,54:10, 0.00%
584,Kenneth Waters,"Henderson, NV",992,54:06,9:34,M 40-44/45,M-40,342,55:03, 0.00%
585,Ron Salts,"North Las Vegas, NV",212,54:09,9:34,M 40-44/46,M-43,343,55:02, 0.00%
586,Julie Doyle,"Alexandria, VA",409,54:09,9:34,F 30-34/59,F-34,243,55:26, 0.00%
587,Cheryl Manning,"Las Vegas, NV",100,54:11,9:35,F 35-39/35,F-37,244,55:17, 0.00%
588,Jessica Lujan,"Henderson, NV",250,54:13,9:35,F 25-29/52,F-28,245,55:14, 0.00%
589,Kelly Goetz,"Las Vegas, NV",500,54:14,9:35,F 30-34/60,F-31,246,54:51, 0.00%
590,Lorena Avila,"Las Vegas, NV",277,54:16,9:36,F 20-24/18,F-24,247,55:02, 0.00%
591,Esteban Gudino,"Las Vegas, NV",1222,54:17,9:36,M 30-34/63,M-33,344,55:05, 0.00%
592,Doug Horning,"Ypsilanti, MI",582,54:17,9:36,M 60-99/5,M-68,345,54:50, 0.00%
593,Matthew Francis,"Las Vegas, NV",471,54:20,9:36,M 25-29/72,M-29,346,55:17, 0.00%
594,Francesca Gerber,"Las Vegas, NV",490,54:21,9:36,F 30-34/61,F-32,248,54:24, 0.00%
595,Thomas Schaefer,"Las Vegas, NV",1102,54:22,9:37,M 20-24/40,M-23,347,54:22, 0.00%
596,Troy Horning,"Las Vegas, NV",583,54:23,9:37,M 25-29/73,M-29,348,54:52, 0.00%
597,Nathan Walker,"Las Vegas, NV",983,54:25,9:37,M 30-34/64,M-30,349,55:22, 0.00%
598,Stacy Greenwood,"North Las Vegas, NV",516,54:26,9:37,F 25-29/53,F-29,249,55:12, 0.00%
599,Earl Mills,"Las Vegas, NV",1133,54:27,9:38,M 45-49/31,M-49,350,55:21, 0.00%
600,Jessica Clark,"Las Vegas, NV",154,54:28,9:38,F 25-29/54,F-28,250,54:43, 0.00%
601,Brian Morrison,"Las Vegas, NV",1139,54:28,9:38,M 35-39/59,M-36,351,55:21, 0.00%
602,Jeff Kreher,"Las Vegas, NV",1134,54:28,9:38,M 35-39/60,M-38,352,55:21, 0.00%
603,Jodymarie Cushman,"Las Vegas, NV",376,54:35,9:39,F 25-29/55,F-26,251,54:41, 0.00%
604,Kristen Finn,"Las Vegas, NV",458,54:39,9:40,F 30-34/62,F-32,252,55:37, 0.00%
605,Karen Haraburdo,"Las Vegas, NV",545,54:39,9:40,F 45-49/24,F-45,253,54:41, 0.00%
606,Lisa Drake,"Henderson, NV",412,54:40,9:40,F 40-44/35,F-40,254,54:44, 0.00%
607,Cindy Jacquez,"North Las Vegas, NV",602,54:40,9:40,F 25-29/56,F-29,255,54:56, 0.00%
608,Gerri Lefevre,"Las Vegas, NV",656,54:46,9:41,F 35-39/36,F-36,256,55:29, 0.00%
609,Matt Rudich,"Las Vegas, NV",861,54:46,9:41,M 40-44/47,M-41,353,55:31, 0.00%
610,Stephanie Davis,"Las Vegas, NV",381,54:47,9:41,F 30-34/63,F-30,257,55:12, 0.00%
611,Gary Eisnor,"Las Vegas, NV",426,54:49,9:41,M 60-99/6,M-61,354,54:53, 0.00%
612,Stephanie Grant,"Henderson, NV",511,54:50,9:42,F 35-39/37,F-38,258,55:38, 0.00%
613,Faye-Dawn Palmer,"Eagle Mountain, UT",782,54:52,9:42,F 30-34/64,F-30,259,55:31, 0.00%
614,Elizabeth Hirschkind,"Las Vegas, NV",1181,54:53,9:42,F 30-34/65,F-34,260,55:26, 0.00%
615,Yuan Ren,"Nellis Afb, NV",1250,54:55,9:43,M 20-24/41,M-24,355,55:32, 0.00%
616,Michael Widner,"North Las Vegas, NV",17,54:56,9:43,M 45-49/32,M-47,356,55:33, 0.00%
617,Erin Personius,"North Las Vegas, NV",52,54:56,9:43,F 30-34/66,F-34,261,55:47, 0.00%
618,Kathy Torjman,"Henderson, NV",952,54:56,9:43,F 35-39/38,F-35,262,55:54, 0.00%
619,Jen Ward,"Henderson, NV",990,54:57,9:43,F 35-39/39,F-36,263,55:54, 0.00%
620,Sahvanna Jaime,"Henderson, NV",603,55:01,9:44,F 25-29/57,F-25,264,55:39, 0.00%
621,Matthew Carlson,"Las Vegas, NV",1054,55:04,9:44,M 40-44/48,M-41,357,55:30, 0.00%
622,Teresa Williams,"Las Vegas, NV",1024,55:05,9:44,F 45-49/25,F-46,265,56:01, 0.00%
623,Joey Virtuoso,"Henderson, NV",1055,55:05,9:44,M 25-29/74,M-25,358,55:52, 0.00%
624,Robert Barnes,"Macomb, MI",291,55:05,9:44,M 45-49/33,M-46,359,55:25, 0.00%
625,Kahea Maggio,", ",688,55:10,9:45,F 25-29/58,F-29,266,56:16, 0.00%
626,Staci Cox,"Las Vegas, NV",1228,55:11,9:45,F 25-29/59,F-27,267,55:53, 0.00%
627,Lindsey Rhoads,"Las Vegas, NV",204,55:12,9:46,F 25-29/60,F-25,268,55:52, 0.00%
628,Karly Greif,"Madison, AL",518,55:12,9:46,F 15-19/5,F-18,269,55:27, 0.00%
629,Michele Rothstein,"Las Vegas, NV",857,55:12,9:46,F 40-44/36,F-40,270,55:41, 0.00%
630,Stephani Preston,"Pahrump, NV",814,55:12,9:46,F 45-49/26,F-46,271,55:27, 0.00%
631,Rick Greif,"Madison, AL",519,55:13,9:46,M 55-59/8,M-58,360,55:27, 0.00%
632,Shantell Ledgerwood,"Las Vegas, NV",67,55:14,9:46,F 35-39/40,F-36,272,55:41, 0.00%
633,Toni Lopiccolo,"Henderson, NV",1238,55:14,9:46,F 45-49/27,F-46,273,55:25, 0.00%
634,Susan Garcia,"North Las Vegas, NV",488,55:17,9:46,F 45-49/28,F-48,274,55:42, 0.00%
635,Christina Madick,"Las Vegas, NV",685,55:20,9:47,F 25-29/61,F-28,276,56:09, 0.00%
636,Tara Maras,"Las Vegas, NV",1091,55:20,9:47,F 30-34/67,F-34,275,56:16, 0.00%
637,Mike Myers,"Las Vegas, NV",1205,55:20,9:47,M 40-44/49,M-44,361,56:16, 0.00%
638,Laura Spangler,"Las Vegas, NV",62,55:24,9:48,F 25-29/62,F-28,277,55:41, 0.00%
639,Tracy Bowden,"Las Vegas, NV",1503,55:29,9:49,F 40-44/37,F-41,278,55:40, 0.00%
640,Angel Villalpando,"Henderson, NV",973,55:30,9:49,F 45-49/29,F-46,279,56:48, 0.00%
641,Latricia Rucker,"Las Vegas, NV",860,55:30,9:49,F 35-39/41,F-36,280,56:10, 0.00%
642,Candace Smoot,"Las Vegas, NV",1201,55:31,9:49,F 25-29/63,F-25,281,55:32, 0.00%
643,William Miller,"Henderson, NV",737,55:31,9:49,M 30-34/65,M-30,362,55:51, 0.00%
644,Jessica Lucero,"Las Vegas, NV",671,55:32,9:49,F 30-34/68,F-32,282,55:51, 0.00%
645,McCall Jones,"Las Vegas, NV",608,55:33,9:49,F 30-34/69,F-34,283,56:35, 0.00%
646,Jay Keough,"North Las Vegas, NV",186,55:38,9:50,M 35-39/61,M-36,363,56:33, 0.00%
647,Donald TomcZak,"Las Vegas, NV",1209,55:38,9:50,M 25-29/75,M-25,364,56:29, 0.00%
648,Robin Smith,"Annapolis, MD",906,55:42,9:51,F 55-59/7,F-59,284,56:41, 0.00%
649,Gabriela Luna,"Las Vegas, NV",1194,55:43,9:51,F 30-34/70,F-31,285,56:50, 0.00%
650,Belinda Beck,"Las Vegas, NV",297,55:48,9:52,F 35-39/42,F-36,286,56:44, 0.00%
651,Lisa Wildman,"Las Vegas, NV",230,55:50,9:52,F 40-44/38,F-40,287,56:37, 0.00%
652,Justin Toranzo,"Las Vegas, NV",951,55:52,9:53,M 25-29/76,M-27,365,56:15, 0.00%
653,Anthony Forsythe,"Las Vegas, NV",467,55:53,9:53,M 20-24/42,M-22,366,56:19, 0.00%
654,Michelle Breach,"Newman Lake, WA",324,55:55,9:53,F 40-44/39,F-44,288,56:06, 0.00%
655,Shean Leigon,"North Las Vegas, NV",658,55:56,9:53,M 25-29/77,M-29,367,56:51, 0.00%
656,Peter Breach,"Newman Lake, WA",325,55:56,9:53,M 45-49/34,M-46,368,56:08, 0.00%
657,Jason Toranzo,"Las Vegas, NV",950,55:57,9:54,M 25-29/78,M-29,369,56:15, 0.00%
658,Steve Dowler,"Las Vegas, NV",407,55:58,9:54,M 50-54/14,M-54,370,56:15, 0.00%
659,Chris Dowler,"Las Vegas, NV",406,55:58,9:54,M 25-29/79,M-27,371,56:15, 0.00%
660,Adam Silverstein,"North Las Vegas, NV",895,55:59,9:54,M 25-29/80,M-25,372,56:42, 0.00%
661,Jeff Hinton,"Las Vegas, NV",131,56:00,9:54,M 40-44/50,M-40,373,56:48, 0.00%
662,Nikki Husson,"Las Vegas, NV",594,56:00,9:54,F 35-39/43,F-35,289,56:33, 0.00%
663,Mike Gersh,"Henderson, NV",492,56:03,9:55,M 40-44/51,M-42,374,56:30, 0.00%
664,D Taylor,"Las Vegas, NV",1122,56:04,9:55,M 50-54/15,M-54,375,56:35, 0.00%
665,Karen Cutolo,"Henderson, NV",1065,56:09,9:56,F 35-39/44,F-37,290,56:13, 0.00%
666,Amanda Kanoknata,"Las Vegas, NV",611,56:09,9:56,F 25-29/64,F-25,291,56:34, 0.00%
667,Alison Ven,"Las Vegas, NV",970,56:10,9:56,F 25-29/65,F-27,292,56:35, 0.00%
668,Marco Velotta,"Henderson, NV",42,56:11,9:56,M 25-29/81,M-27,376,56:17, 0.00%
669,Valarie Nardone,"Las Vegas, NV",754,56:11,9:56,F 25-29/66,F-28,293,56:25, 0.00%
670,Jeremy Mokler,"North Las Vegas, NV",1296,56:13,9:56,M 25-29/82,M-29,377,57:23, 0.00%
671,Mindy Davitch,"North Las Vegas, NV",161,56:13,9:56,F 30-34/71,F-33,294,57:04, 0.00%
672,Angelica Ramirez,"Las Vegas, NV",1189,56:13,9:56,F 20-24/19,F-24,295,57:25, 0.00%
673,Alex Armstead,"North Las Vegas, NV",1190,56:14,9:56,M 25-29/83,M-26,378,57:25, 0.00%
674,Jennifer Bucher,"Las Vegas, NV",330,56:14,9:56,F 25-29/67,F-29,296,57:13, 0.00%
675,Beth Bennett,"Las Vegas, NV",306,56:14,9:57,F 35-39/45,F-35,297,56:53, 0.00%
676,Michelle Tavarez,"Las Vegas, NV",934,56:14,9:57,F 25-29/68,F-28,298,56:21, 0.00%
677,Ammon Hellewell,"Henderson, NV",1137,56:14,9:57,M 25-29/84,M-28,379,57:02, 0.00%
678,Jasmine Ghazinour,"Las Vegas, NV",493,56:14,9:57,F 30-34/72,F-31,299,56:20, 0.00%
679,James Kinsella,"Henderson, NV",625,56:18,9:57,M 45-49/35,M-45,380,57:30, 0.00%
680,Melissa Caldwell,"Henderson, NV",338,56:19,9:57,F 55-59/8,F-58,300,56:21, 0.00%
681,Chuck Diaz,"North Las Vegas, NV",164,56:24,9:58,M 20-24/43,M-23,381,56:26, 0.00%
682,Nicole Nastanski,"Las Vegas, NV",1068,56:25,9:58,F 30-34/73,F-31,301,56:50, 0.00%
683,Ashley Chatham,"Las Vegas, NV",352,56:25,9:58,F 30-34/74,F-34,302,56:52, 0.00%
684,Matthew Triplett,"Las Vegas, NV",1275,56:25,9:58,M 40-44/52,M-40,382,56:46, 0.00%
685,Kristina Bukovi,"Las Vegas, NV",333,56:25,9:59,F 40-44/40,F-43,303,56:52, 0.00%
686,Tina Thomas,"Las Vegas, NV",941,56:26,9:59,F 40-44/41,F-42,304,56:54, 0.00%
687,Dominique Delguercio,"Las Vegas, NV",1219,56:27,9:59,F 30-34/75,F-30,305,57:17, 0.00%
688,Jesse Triplett,"Las Vegas, NV",1276,56:27,9:59,M 11-14/3,M-11,383,56:47, 0.00%
689,Andrea Pereszlenyi,"Henderson, NV",792,56:30,9:59,F 40-44/42,F-44,306,56:54, 0.00%
690,Maryannmaryann Flynn,", ",465,56:31,10:00,F 20-24/20,F-23,307,57:04, 0.00%
691,Danie Martin,"Bryn Mawr, PA",702,56:32,10:00,F 50-54/12,F-51,308,56:34, 0.00%
692,Julie Poore,"Las Vegas, NV",811,56:33,10:00,F 40-44/43,F-41,309,56:55, 0.00%
693,Ken Coats,"North Las Vegas, NV",137,56:34,10:00,M 35-39/62,M-36,384,56:36, 0.00%
694,Ronald Killen,"Nellis Afb, NV",623,56:45,10:02,M 35-39/63,M-36,385,57:17, 0.00%
695,Ruth Furman,"Las Vegas, NV",478,56:45,10:02,F 40-44/44,F-42,310,57:31, 0.00%
696,Carolyn Martin,"Las Vegas, NV",701,56:45,10:02,F 30-34/76,F-31,311,57:30, 0.00%
697,William Meyer,"Las Vegas, NV",730,56:46,10:02,M 50-54/16,M-50,386,57:08, 0.00%
698,Katie Albers,"Las Vegas, NV",144,56:47,10:02,F 25-29/69,F-27,312,57:02, 0.00%
699,Deborah Sutton,"Henderson, NV",929,56:51,10:03,F 50-54/13,F-53,313,56:52, 0.00%
700,Anya Sanko,"Las Vegas, NV",869,56:52,10:03,F 40-44/45,F-40,314,57:16, 0.00%
701,Tami Flagg,"Las Vegas, NV",459,56:52,10:03,F 20-24/21,F-23,315,57:01, 0.00%
702,Keely Klenke,"North Las Vegas, NV",629,56:52,10:03,F 30-34/77,F-32,316,56:56, 0.00%
703,Elaine Knepp,"Las Vegas, NV",630,56:53,10:03,F 40-44/46,F-42,317,57:50, 0.00%
704,John Knepp,"Las Vegas, NV",631,56:54,10:04,M 40-44/53,M-44,387,57:50, 0.00%
705,Melissa Plakio,"Henderson, NV",806,56:57,10:04,F 35-39/46,F-35,318,57:00, 0.00%
706,Catherine Wallace,"North Las Vegas, NV",985,57:06,10:06,F 35-39/47,F-38,319,57:19, 0.00%
707,Kacy Harvey,"Las Vegas, NV",1112,57:08,10:06,F 25-29/70,F-29,320,58:06, 0.00%
708,Ji Lee,"North Las Vegas, NV",654,57:09,10:06,F 30-34/78,F-33,321,57:14, 0.00%
709,Lindy O'Neal,"Las Vegas, NV",769,57:10,10:06,F 25-29/71,F-27,322,57:57, 0.00%
710,Jay Singer,"Henderson, NV",219,57:12,10:07,M 40-44/54,M-41,388,57:48, 0.00%
711,Jana Dixon,"North Las Vegas, NV",400,57:12,10:07,F 50-54/14,F-51,323,57:30, 0.00%
712,Dave Howe,"Las Vegas, NV",1229,57:12,10:07,M 35-39/64,M-37,389,57:53, 0.00%
713,Joshua Goins,"Las Vegas, NV",1240,57:12,10:07,M 30-34/66,M-33,390,57:53, 0.00%
714,Michael Deaton,"Henderson, NV",1174,57:17,10:08,M 15-19/10,M-19,391,58:10, 0.00%
715,Sergio Flores,"Henderson, NV",1176,57:17,10:08,M 15-19/11,M-19,392,58:10, 0.00%
716,Dave Sims,"Las Vegas, NV",900,57:23,10:09,M 45-49/36,M-45,393,58:23, 0.00%
717,Jenni Prue,"Las Vegas, NV",1061,57:29,10:10,F 30-34/79,F-30,324,58:33, 0.00%
718,Kathy Paterniti,"Las Vegas, NV",785,57:30,10:10,F 50-54/15,F-50,325,58:01, 0.00%
719,George Abbensetts,", --",1418,57:30,10:10,M NoAge/3,M-0,394,57:36, 0.00%
720,Kate McLaughlin,"Las Vegas, NV",716,57:30,10:10,F 40-44/47,F-42,326,57:43, 0.00%
721,Bamidele Adetunji,", --",1417,57:31,10:10,F NoAge/4,F-0,327,57:36, 0.00%
722,Anna Teixeira,", ",937,57:32,10:10,F 35-39/48,F-35,328,58:38, 0.00%
723,Richard Razack,"Henderson, NV",1175,57:32,10:10,M 15-19/12,M-19,395,58:25, 0.00%
724,Samantha Chamberlain,"Las Vegas, NV",350,57:33,10:11,F 20-24/22,F-21,329,58:17, 0.00%
725,Tara Carrell,"Las Vegas, NV",343,57:34,10:11,F 45-49/30,F-46,330,58:24, 0.00%
726,Amy Schulte,"Henderson, NV",879,57:35,10:11,F 25-29/72,F-25,331,58:22, 0.00%
727,Andrea Whiteman,"Henderson, NV",63,57:40,10:12,F 25-29/73,F-25,332,58:13, 0.00%
728,Gertrude Virtucio,"Las Vegas, NV",977,57:41,10:12,F 35-39/49,F-38,333,57:43, 0.00%
729,Mark Oliver,"Fortson, GA",772,57:44,10:12,M 40-44/55,M-40,396,57:50, 0.00%
730,Mark Cubillos,"Henderson, NV",372,57:44,10:12,M 30-34/67,M-30,397,58:29, 0.00%
731,Joseph Maggio,", ",687,57:45,10:13,M 35-39/65,M-36,398,58:53, 0.00%
732,Ronnie Katz,"Indianapolis, IN",612,57:46,10:13,M 50-54/17,M-53,399,58:49, 0.00%
733,Abby Hudema,"Las Vegas, NV",1103,57:47,10:13,F 40-44/48,F-42,334,58:21, 0.00%
734,Edward Koczan,"Henderson, NV",633,57:47,10:13,M 35-39/66,M-39,400,58:20, 0.00%
735,Debbie Tyler,"Rialto, CA",1052,57:49,10:13,F 50-54/16,F-51,335,58:33, 0.00%
736,Mary Penfold,"Redlands, CA",1053,57:51,10:14,F 45-49/31,F-49,336,58:34, 0.00%
737,Karen Lewis,"Las Vegas, NV",661,57:51,10:14,F 45-49/32,F-49,337,57:51, 0.00%
738,Mark Coleman,"Las Vegas, NV",361,57:54,10:14,M 30-34/68,M-33,401,58:16, 0.00%
739,Stacie Schmidt,"Las Vegas, NV",877,57:56,10:14,F 30-34/80,F-32,338,58:27, 0.00%
740,Kyle Zinovitch,"Las Vegas, NV",36,57:56,10:14,M 25-29/85,M-25,402,58:40, 0.00%
741,Maria Phelan,"Las Vegas, NV",804,57:56,10:15,F 30-34/81,F-32,339,58:36, 0.00%
742,Jennifer Truesdell,"Las Vegas, NV",957,57:59,10:15,F 30-34/82,F-33,340,58:44, 0.00%
743,Cameron Hawkins,"Henderson, NV",1433,58:02,10:16,M 30-34/69,M-32,403,58:54, 0.00%
744,Oxana Valeeva,"Las Vegas, NV",961,58:07,10:16,F 30-34/83,F-34,341,58:27, 0.00%
745,Bonnie Miller,"Las Vegas, NV",734,58:07,10:16,F 35-39/50,F-39,342,58:27, 0.00%
746,Wendy Westerman,"Las Vegas, NV",1008,58:08,10:17,F 35-39/51,F-37,343,58:31, 0.00%
747,Brittani Etnire,"Las Vegas, NV",436,58:09,10:17,F 25-29/74,F-26,344,58:54, 0.00%
748,Cecilia Howard,"Las Vegas, NV",587,58:15,10:18,F 25-29/75,F-28,345,58:20, 0.00%
749,Sonja Brouwers,"Henderson, NV",72,58:15,10:18,F 45-49/33,F-49,346,58:48, 0.00%
750,Kristi Butcher,"Portland, OR",1051,58:20,10:19,F 30-34/84,F-33,347,58:38, 0.00%
751,Amy Bruner-Dehnert,"Portland, OR",1049,58:20,10:19,F 40-44/49,F-41,348,58:38, 0.00%
752,Nathan Scott,"Portland, OR",1050,58:20,10:19,M 40-44/56,M-40,404,58:38, 0.00%
753,Andrew Phan,"Henderson, NV",1058,58:28,10:20,M 35-39/67,M-38,405,59:10, 0.00%
754,Munah Gomes,"Las Vegas, NV",1249,58:28,10:20,F 30-34/85,F-33,349,59:10, 0.00%
755,Mario Sauceda,"North Las Vegas, NV",213,58:29,10:20,M 25-29/86,M-27,406,59:26, 0.00%
756,Angela Vanbrackle,"Las Vegas, NV",966,58:34,10:21,F 35-39/52,F-37,350,59:04, 0.00%
757,Ross Miller,"Las Vegas, NV",736,58:34,10:21,M 25-29/87,M-25,407,59:14, 0.00%
758,Ed Bogdanowicz,"Henderson, NV",315,58:38,10:22,M 45-49/37,M-46,408,59:30, 0.00%
759,Eric Anderson,"Pahrump, NV",266,58:45,10:23,M 20-24/44,M-24,409,59:36, 0.00%
760,Timothy Henderson,"Las Vegas, NV",1107,58:46,10:23,M 40-44/57,M-44,410,59:29, 0.00%
761,Caryn Deitch,"Las Vegas, NV",390,58:46,10:23,F 20-24/23,F-21,351,59:37, 0.00%
762,Loyda Martinez,"North Las Vegas, NV",1287,58:49,10:24,F 30-34/86,F-32,352,59:55, 0.00%
763,Kristin Faust,"Mesilla Park, NM",450,58:49,10:24,F 30-34/87,F-30,353,59:48, 0.00%
764,Lynsey Glassbrook,"Las Vegas, NV",497,58:50,10:24,F 25-29/76,F-25,354,59:22, 0.00%
765,Dawn Leslie,"Las Vegas, NV",99,58:51,10:24,F 40-44/50,F-43,355,59:27, 0.00%
766,Cyndy Tokubo,"Clovis, CA",946,58:51,10:24,F 45-49/34,F-48,356,59:39, 0.00%
767,Alissa Kelly,"Las Vegas, NV",616,58:52,10:24,F 30-34/88,F-34,357,59:37, 0.00%
768,Kevin Merkel,"North Las Vegas, NV",192,58:55,10:25,M 20-24/45,M-23,411,1:00:06, 0.00%
769,Sae Lee,"Las Vegas, NV",655,58:56,10:25,M 60-99/7,M-64,412,59:00, 0.00%
770,Curtus Cowles,"North Las Vegas, NV",158,58:56,10:25,M 20-24/46,M-21,413,1:00:06, 0.00%
771,Edmond Dayrit,"Las Vegas, NV",162,58:58,10:25,M 40-44/58,M-44,414,1:00:06, 0.00%
772,Myla Abejuela,"Las Vegas, NV",142,58:58,10:26,F 35-39/53,F-37,358,1:00:06, 0.00%
773,Trena Igielski,"North Las Vegas, NV",182,59:03,10:26,F 25-29/77,F-29,359,1:00:13, 0.00%
774,Max Becker,"Las Vegas, NV",300,59:04,10:26,M 11-14/4,M-14,415,59:42, 0.00%
775,Megan Malofy,"Las Vegas, NV",691,59:04,10:27,F 25-29/78,F-26,360,59:50, 0.00%
776,Michael Igielski,"North Las Vegas, NV",181,59:05,10:27,M 20-24/47,M-24,416,1:00:16, 0.00%
777,Luke Beattie,"Nellis Afb, NV",1297,59:05,10:27,M 15-19/13,M-19,417,1:00:11, 0.00%
778,Monica Delvasto,"Nellis Afb, NV",1298,59:06,10:27,F 15-19/6,F-19,361,1:00:11, 0.00%
779,Laurie Jones,"Las Vegas, NV",1256,59:07,10:27,F 35-39/54,F-39,362,59:34, 0.00%
780,Angie Lopez,"Las Vegas, NV",665,59:07,10:27,F 40-44/51,F-40,363,59:34, 0.00%
781,Marsha Walters,"Las Vegas, NV",988,59:10,10:28,F 45-49/35,F-47,364,1:00:25, 0.00%
782,Michael Walters,"Las Vegas, NV",989,59:11,10:28,M 45-49/38,M-49,418,1:00:26, 0.00%
783,Nicole Miller,"Las Vegas, NV",735,59:12,10:28,F 25-29/79,F-25,365,59:53, 0.00%
784,Erika Ramirez,"Las Vegas, NV",824,59:14,10:28,F 30-34/89,F-32,366,1:00:12, 0.00%
785,Anne Merriman,"Houston, TX",727,59:16,10:29,F 50-54/17,F-52,367,59:34, 0.00%
786,Katie Woods,"Las Vegas, NV",1063,59:17,10:29,F 25-29/80,F-26,368,1:00:22, 0.00%
787,Joshua Lamers,"Las Vegas, NV",642,59:20,10:29,M 35-39/68,M-35,419,59:30, 0.00%
788,Michael Donato,"Las Vegas, NV",405,59:21,10:29,M 20-24/48,M-24,420,59:36, 0.00%
789,Michael Kreta,"Henderson, NV",639,59:22,10:30,M 50-54/18,M-52,421,59:34, 0.00%
790,Brian Grieder,"Nellis Afb, NV",1154,59:26,10:30,M 25-29/88,M-29,422,1:00:29, 0.00%
791,Brandon Walker,"Nellis Afb, NV",1155,59:26,10:30,M 20-24/49,M-21,423,1:00:29, 0.00%
792,Mike Ellsworth,"Henderson, NV",431,59:27,10:31,M 25-29/89,M-28,424,59:27, 0.00%
793,Jamie Helm,"Las Vegas, NV",565,59:28,10:31,F 25-29/81,F-25,369,59:37, 0.00%
794,James Watrus,"Las Vegas, NV",993,59:36,10:32,M 40-44/59,M-42,425,1:00:00, 0.00%
795,Christy Mulloy,"Las Vegas, NV",1207,59:41,10:33,F 40-44/52,F-42,370,59:55, 0.00%
796,Andrea Hadhazy,"Las Vegas, NV",533,59:44,10:34,F 35-39/55,F-37,371,1:00:11, 0.00%
797,Cathy Domzalski,"Boulder City, NV",403,59:49,10:35,F 40-44/53,F-41,372,1:00:29, 0.00%
798,Donna Gonzalez,"Las Vegas, NV",502,59:49,10:35,F 40-44/54,F-40,373,1:00:24, 0.00%
799,Karol Duncan,"Boulder City, NV",416,59:52,10:35,F 45-49/36,F-45,374,1:00:30, 0.00%
800,Brad Edenfield,"Forsyth, GA",421,59:56,10:36,M 45-49/39,M-46,426,1:01:05, 0.00%
801,Todd Fasulo Jr,"Henderson, NV",91,59:56,10:36,M 20-24/50,M-24,427,1:00:05, 0.00%
802,Caroline Edenfield,"Forsyth, GA",422,59:56,10:36,F 45-49/37,F-48,375,1:01:05, 0.00%
803,Jo Kortan,"Las Vegas, NV",637,59:57,10:36,F 35-39/56,F-39,376,59:57, 0.00%
804,Ted Regnaud,"Las Vegas, NV",835,1:00:01,10:37,M 45-49/40,M-47,428,1:00:12, 0.00%
805,Valeska Lopez,"Las Vegas, NV",668,1:00:05,10:37,F 25-29/82,F-27,377,1:00:43, 0.00%
806,Jacqueline Gonzalez,"Las Vegas, NV",505,1:00:06,10:37,F 25-29/83,F-27,378,1:00:43, 0.00%
807,Angie Shelton,"Las Vegas, NV",889,1:00:13,10:39,F 30-34/90,F-32,379,1:00:57, 0.00%
808,Randi Hummel,"Las Vegas, NV",589,1:00:13,10:39,F 20-24/24,F-24,380,1:01:03, 0.00%
809,Tanya Peeples,"Las Vegas, NV",136,1:00:18,10:40,F 30-34/91,F-33,381,1:01:21, 0.00%
810,Alex Eppert,"North Las Vegas, NV",169,1:00:18,10:40,F 20-24/25,F-24,382,1:00:47, 0.00%
811,Ashley Young,"Las Vegas, NV",1069,1:00:22,10:40,F 20-24/26,F-22,383,1:00:33, 0.00%
812,Angela Roberts,"North Las Vegas, NV",1073,1:00:22,10:40,F 35-39/57,F-37,384,1:00:33, 0.00%
813,Tracey Castaneda,"Las Vegas, NV",348,1:00:25,10:41,F 35-39/58,F-36,385,1:01:11, 0.00%
814,Ashlyn Stepney,"Las Vegas, NV",920,1:00:27,10:41,F 20-24/27,F-21,386,1:01:10, 0.00%
815,Niki Kocur,"Las Vegas, NV",124,1:00:28,10:41,F 40-44/55,F-40,387,1:01:37, 0.00%
816,Ted Kocur,"Las Vegas, NV",125,1:00:28,10:41,M 45-49/41,M-45,429,1:01:38, 0.00%
817,Jennifer Maggio,"Las Vegas, NV",686,1:00:30,10:42,F 40-44/56,F-41,388,1:01:27, 0.00%
818,Doralicia Lopez,"Las Vegas, NV",666,1:00:32,10:42,F 20-24/28,F-24,389,1:01:19, 0.00%
819,C Vigil,"Las Vegas, NV",971,1:00:39,10:43,M 20-24/51,M-21,430,1:00:46, 0.00%
820,Aaron Faulkner,"Nellis Afb, NV",1156,1:00:46,10:45,M 20-24/52,M-22,431,1:01:48, 0.00%
821,Adriana Zamzow,"Henderson, NV",1042,1:00:46,10:45,F 35-39/59,F-38,390,1:01:50, 0.00%
822,Teri Schill,"Henderson, NV",875,1:00:47,10:45,F 20-24/29,F-21,391,1:01:49, 0.00%
823,Charity Tumanan,"Las Vegas, NV",1281,1:00:47,10:45,F 40-44/57,F-40,392,1:01:06, 0.00%
824,Christine Cappas,"Las Vegas, NV",339,1:00:48,10:45,F 45-49/38,F-45,393,1:01:09, 0.00%
825,Cassandra Glasco,"North Las Vegas, NV",496,1:00:48,10:45,F 35-39/60,F-36,394,1:01:30, 0.00%
826,Lizann Grupalo,"Las Vegas, NV",521,1:00:49,10:45,F 45-49/39,F-45,395,1:01:10, 0.00%
827,Corey Oswald,"Las Vegas, NV",1187,1:00:53,10:46,M 11-14/5,M-13,432,1:01:03, 0.00%
828,Chasidy Sells,"North Las Vegas, NV",215,1:00:53,10:46,F 25-29/84,F-29,396,1:01:53, 0.00%
829,Amie Wojtech,"Las Vegas, NV",1029,1:00:53,10:46,F 30-34/92,F-34,397,1:01:38, 0.00%
830,Scotty Oswald,"Las Vegas, NV",779,1:00:54,10:46,M 25-29/90,M-25,433,1:01:04, 0.00%
831,Jerry Wojtech,"Las Vegas, NV",1030,1:00:54,10:46,M 30-34/70,M-33,434,1:01:38, 0.00%
832,Jacqueline Tutone,"Las Vegas, NV",959,1:00:58,10:47,F 20-24/30,F-23,398,1:02:06, 0.00%
833,Amy Olson,"Las Vegas, NV",242,1:01:01,10:47,F 20-24/31,F-21,399,1:01:50, 0.00%
834,Edgar Balagtas,"North Las Vegas, NV",240,1:01:01,10:47,M 20-24/53,M-21,435,1:01:50, 0.00%
835,Deborah Stockdale,"Las Vegas, NV",921,1:01:03,10:48,F 35-39/61,F-36,400,1:01:44, 0.00%
836,Randi Houghton,"Henderson, NV",584,1:01:07,10:48,F 35-39/62,F-35,401,1:02:11, 0.00%
837,Nancy Eichten,"Henderson, NV",424,1:01:10,10:49,F 30-34/93,F-32,402,1:02:02, 0.00%
838,Dennis Ashby,"Henderson, NV",269,1:01:10,10:49,M 60-99/8,M-65,436,1:02:13, 0.00%
839,Carie Kreher,"Las Vegas, NV",1140,1:01:18,10:50,F 35-39/63,F-38,403,1:02:09, 0.00%
840,Pam Ojeda,"Las Vegas, NV",129,1:01:18,10:50,F 40-44/58,F-43,404,1:02:10, 0.00%
841,James Garrett,"North Las Vegas, NV",174,1:01:27,10:52,M 30-34/71,M-31,437,1:02:37, 0.00%
842,Jennifer Gatti,"Las Vegas, NV",1191,1:01:27,10:52,F 40-44/59,F-40,405,1:02:04, 0.00%
843,Lori Candalino,"Las Vegas, NV",1097,1:01:28,10:52,F 50-54/18,F-50,406,1:02:04, 0.00%
844,Christina Mandello,"Las Vegas, NV",695,1:01:29,10:52,F 20-24/32,F-20,407,1:02:20, 0.00%
845,Ron Pfeffer,"Las Vegas, NV",803,1:01:30,10:52,M 60-99/9,M-66,438,1:01:47, 0.00%
846,Elisabeth Daniels,"Las Vegas, NV",140,1:01:33,10:53,F 40-44/60,F-42,408,1:02:35, 0.00%
847,Tracie Bartlett,"North Las Vegas, NV",1087,1:01:36,10:53,F 30-34/94,F-32,409,1:02:29, 0.00%
848,Marcus Wilson,"Las Vegas, NV",1118,1:01:39,10:54,M 35-39/69,M-36,439,1:02:37, 0.00%
849,Tina Haggerty,"Henderson, NV",535,1:01:42,10:55,F 45-49/40,F-46,410,1:01:54, 0.00%
850,Crystal Hadfield,"Las Vegas, NV",532,1:01:44,10:55,F 25-29/85,F-29,411,1:01:54, 0.00%
851,Ronald Shortledge,"Clovis, NM",1172,1:01:46,10:55,M 20-24/54,M-24,440,1:01:54, 0.00%
852,Kriszti Soltesz,"Henderson, NV",1220,1:01:46,10:55,F 35-39/64,F-35,412,1:02:40, 0.00%
853,Brandee Chambers,"Henderson, NV",1216,1:01:46,10:55,F 35-39/65,F-37,413,1:02:40, 0.00%
854,Shelley Carrillo,"Las Vegas, NV",88,1:01:48,10:55,F 35-39/66,F-39,414,1:02:34, 0.00%
855,Kelly Johnson,"Las Vegas, NV",607,1:01:55,10:57,F 50-54/19,F-52,415,1:02:51, 0.00%
856,Tarin Strickler,"Henderson, NV",924,1:01:56,10:57,F 25-29/86,F-26,416,1:02:02, 0.00%
857,Melissa Maestas-McKearney,"Henderson, NV",116,1:02:02,10:58,F 35-39/67,F-38,417,1:03:17, 0.00%
858,Michael Nguyen,"North Las Vegas, NV",119,1:02:02,10:58,M 35-39/70,M-37,441,1:03:18, 0.00%
859,Brian McKearney,"Henderson, NV",117,1:02:02,10:58,M 35-39/71,M-39,442,1:03:17, 0.00%
860,Steve Prentice,"Las Vegas, NV",813,1:02:03,10:58,M 45-49/42,M-46,443,1:02:42, 0.00%
861,Charlotte Cosey Couthen,"Las Vegas, NV",367,1:02:07,10:59,F 45-49/41,F-47,418,1:02:09, 0.00%
862,Dana Fife,"Henderson, NV",455,1:02:08,10:59,F 25-29/87,F-27,419,1:03:04, 0.00%
863,Lori Malofy,"Las Vegas, NV",690,1:02:10,10:59,F 50-54/20,F-54,420,1:02:11, 0.00%
864,Sharon Gross,"Las Vegas, NV",520,1:02:14,11:00,F 45-49/42,F-46,421,1:03:06, 0.00%
865,Huongly Nguyen,"Las Vegas, NV",759,1:02:14,11:00,F 25-29/88,F-27,422,1:02:47, 0.00%
866,Irene Bonasera,"Las Vegas, NV",317,1:02:15,11:00,F 45-49/43,F-48,423,1:02:29, 0.00%
867,Jennyne Procida,"Henderson, NV",815,1:02:18,11:01,F 55-59/9,F-57,424,1:03:15, 0.00%
868,Patty Navarro,"Las Vegas, NV",755,1:02:20,11:01,F 35-39/68,F-35,425,1:02:20, 0.00%
869,Christine Soriano-Heger,"Las Vegas, NV",132,1:02:23,11:02,F 35-39/69,F-39,426,1:03:22, 0.00%
870,Linda Phillips,"Las Vegas, NV",805,1:02:29,11:03,F 45-49/44,F-48,427,1:03:27, 0.00%
871,Kathryn Stohler,"Henderson, NV",922,1:02:37,11:04,F 30-34/95,F-30,428,1:03:08, 0.00%
872,Valencia Fisk,"Henderson, NV",248,1:02:37,11:04,F 45-49/45,F-46,429,1:02:51, 0.00%
873,Melissa Laughter,"Las Vegas, NV",649,1:02:50,11:06,F 40-44/61,F-44,430,1:03:14, 0.00%
874,Louis Famiglietti,"Las Vegas, NV",170,1:02:52,11:07,M 30-34/72,M-34,444,1:03:00, 0.00%
875,Randi Teague,"North Las Vegas, NV",226,1:02:53,11:07,F 30-34/96,F-32,431,1:03:01, 0.00%
876,Jessica Wilson,"Las Vegas, NV",235,1:02:54,11:07,F 30-34/97,F-34,432,1:03:01, 0.00%
877,Chelsea Koornick,"Las Vegas, NV",636,1:02:56,11:08,F 25-29/89,F-28,433,1:03:24, 0.00%
878,Greg Donat,"Pahrump, NV",1092,1:02:59,11:08,M 30-34/73,M-33,445,1:03:12, 0.00%
879,Candice Kelly,"Las Vegas, NV",134,1:03:00,11:08,F 25-29/90,F-26,434,1:03:13, 0.00%
880,Nicole Avilla,"Sparks, NV",278,1:03:00,11:08,F 20-24/33,F-24,435,1:03:15, 0.00%
881,Margaret Konie,"Henderson, NV",634,1:03:09,11:10,F 55-59/10,F-59,436,1:03:41, 0.00%
882,Jocelyn Remigio,"Henderson, NV",837,1:03:13,11:11,F 20-24/34,F-22,437,1:04:11, 0.00%
883,Brian Saari,"Henderson, NV",863,1:03:14,11:11,M 20-24/55,M-24,446,1:04:11, 0.00%
884,Brandon Roberts,"Las Vegas, NV",1062,1:03:15,11:11,M 35-39/72,M-39,447,1:04:20, 0.00%
885,Thomas Ross,"Las Vegas, NV",1170,1:03:31,11:14,M 40-44/60,M-42,448,1:03:31, 0.00%
886,Michelle Salts,"North Las Vegas, NV",211,1:03:31,11:14,F 40-44/62,F-43,438,1:04:24, 0.00%
887,Brad Budd,"Henderson, NV",1263,1:03:34,11:14,M 30-34/74,M-32,449,1:03:41, 0.00%
888,Deanna Delgado,"Henderson, NV",1261,1:03:35,11:14,F 35-39/70,F-35,439,1:03:41, 0.00%
889,Diane Meireis,"Henderson, NV",722,1:03:41,11:15,F 60-99/2,F-66,440,1:03:47, 0.00%
890,Kelly Hayes,"Las Vegas, NV",557,1:03:44,11:16,F 30-34/98,F-32,441,1:04:20, 0.00%
891,Monica Gunderson,"Henderson, NV",249,1:03:47,11:17,F 25-29/91,F-25,442,1:04:46, 0.00%
892,Teresa Lowder,"Las Vegas, NV",669,1:03:51,11:17,F 35-39/71,F-35,443,1:04:28, 0.00%
893,Melissa Hoenigmann,"Henderson, NV",576,1:03:53,11:18,F 35-39/72,F-39,444,1:04:44, 0.00%
894,Patrick Garcia,"North Las Vegas, NV",487,1:03:54,11:18,M 45-49/43,M-49,450,1:04:19, 0.00%
895,Linda Rocha,"Las Vegas, NV",121,1:03:57,11:18,F 25-29/92,F-25,445,1:05:09, 0.00%
896,Jeffrey Steinbrink,"Rocklin, CA",222,1:03:59,11:19,M 40-44/61,M-41,451,1:04:24, 0.00%
897,Brenda Burns,"Las Vegas, NV",336,1:04:00,11:19,F 35-39/73,F-38,446,1:04:24, 0.00%
898,Rupinder Sekhon,"North Las Vegas, NV",214,1:04:00,11:19,M 30-34/75,M-33,452,1:04:24, 0.00%
899,Josh Haynes,"Las Vegas, NV",559,1:04:06,11:20,M 30-34/76,M-30,453,1:05:07, 0.00%
900,Nicole Brown,"Las Vegas, NV",328,1:04:09,11:20,F 30-34/99,F-31,447,1:04:13, 0.00%
1001,Arica Foster,"Henderson, NV",1163,1:13:38,13:01,F 20-24/38,F-23,527,1:14:00, 0.00%
1002,Alayne Opie,"Henderson, NV",1164,1:13:38,13:01,F 25-29/110,F-27,528,1:14:00, 0.00%
1003,Jenn Ty,"Las Vegas, NV",960,1:13:40,13:01,F 50-54/25,F-52,529,1:13:43, 0.00%
1004,Trisha Roche,"North Las Vegas, NV",849,1:13:41,13:02,F 30-34/125,F-34,530,1:14:14, 0.00%
1005,Rebekah Cambeiro,"Las Vegas, NV",27,1:13:48,13:03,F 30-34/126,F-30,531,1:14:50, 0.00%
1006,Christopher Bracken,"Las Vegas, NV",26,1:13:49,13:03,M 30-34/81,M-32,475,1:14:50, 0.00%
1007,Jacee Demartino,"Las Vegas, NV",31,1:13:49,13:03,F 35-39/84,F-39,532,1:14:51, 0.00%
1008,Alisha Bracken,"Las Vegas, NV",25,1:13:49,13:03,F 30-34/127,F-32,533,1:14:51, 0.00%
1009,Erin Blakey,"Las Vegas, NV",86,1:13:58,13:05,F 40-44/70,F-42,534,1:14:38, 0.00%
1010,Kimberly Quezada,"Las Vegas, NV",817,1:14:41,13:12,F 15-19/9,F-16,535,1:14:52, 0.00%
1011,Timothy Husted,"North Las Vegas, NV",595,1:14:41,13:12,M 50-54/21,M-52,476,1:15:03, 0.00%
1012,Brett Dragun,"Las Vegas, NV",410,1:14:42,13:12,M 25-29/94,M-27,477,1:15:31, 0.00%
1013,Diane Bowman,"Las Vegas, NV",322,1:14:42,13:12,F 35-39/85,F-39,536,1:15:04, 0.00%
1014,Merynn Woo,"Las Vegas, NV",1032,1:14:51,13:14,F 25-29/111,F-28,537,1:15:26, 0.00%
1015,Yesenia Barco,"North Las Vegas, NV",1192,1:14:51,13:14,F 35-39/86,F-37,538,1:16:03, 0.00%
1016,Sherri Kono,"Henderson, NV",635,1:14:51,13:14,F 25-29/112,F-28,539,1:15:26, 0.00%
1017,Felicia Fahey-Brown,"Las Vegas, NV",440,1:15:23,13:20,F 30-34/128,F-32,540,1:16:05, 0.00%
1018,Brandi Macdougall,"North Las Vegas, NV",1236,1:15:24,13:20,F 30-34/129,F-30,541,1:16:16, 0.00%
1019,Teray Dragun,"Las Vegas, NV",411,1:15:25,13:20,F 25-29/113,F-27,542,1:16:15, 0.00%
1020,Melissa Calandra,"Las Vegas, NV",337,1:15:43,13:23,F 25-29/114,F-27,543,1:15:53, 0.00%
1021,Joanna Corona,"Las Vegas, NV",1218,1:15:44,13:23,F 25-29/115,F-25,544,1:16:33, 0.00%
1022,Brandi Curran,"Las Vegas, NV",374,1:15:49,13:24,F 35-39/87,F-35,545,1:16:39, 0.00%
1023,Todd Simon,"Las Vegas, NV",898,1:15:57,13:25,M 35-39/78,M-36,478,1:16:34, 0.00%
1024,April Frisbey,"North Las Vegas, NV",476,1:16:24,13:30,F 30-34/130,F-30,546,1:17:19, 0.00%
1025,Herb Thompson,"Las Vegas, NV",943,1:17:19,13:40,M 45-49/45,M-49,479,1:18:11, 0.00%
1026,Mary Ellen Klein,"Blue Diamond, NV",628,1:17:20,13:40,F 50-54/26,F-53,547,1:17:50, 0.00%
1027,Anthony Fahey,"Las Vegas, NV",439,1:17:29,13:42,M 60-99/10,M-62,480,1:18:10, 0.00%
1028,Alison Miles,"Blue Diamond, NV",732,1:17:35,13:43,F 55-59/12,F-55,548,1:18:06, 0.00%
1029,Rosalind Daly,"Henderson, NV",379,1:17:38,13:43,F 40-44/71,F-43,549,1:18:43, 0.00%
1030,Chemba Loman,"Las Vegas, NV",1284,1:17:42,13:44,F 40-44/72,F-40,550,1:18:46, 0.00%
1031,Jennifer Schulte,"Henderson, NV",880,1:18:00,13:47,F 15-19/10,F-19,551,1:18:41, 0.00%
1032,Roberta Ramos,"Las Vegas, NV",828,1:18:03,13:48,F 45-49/55,F-49,552,1:18:57, 0.00%
1033,Heather Gonzalez,"Las Vegas, NV",504,1:18:04,13:48,F 25-29/116,F-27,553,1:18:58, 0.00%
1034,Cara Basulto,"Las Vegas, NV",1285,1:18:15,13:50,F 25-29/117,F-29,554,1:19:15, 0.00%
1035,Sherry Morse,"Las Vegas, NV",1077,1:18:30,13:52,F 30-34/131,F-32,555,1:18:56, 0.00%
1036,Jonathan Watts,"Surprise, AZ",996,1:18:46,13:55,M 25-29/95,M-29,481,1:20:05, 0.00%
1037,Andrew Leos,"Las Vegas, NV",1093,1:18:51,13:56,M 15-19/14,M-19,482,1:19:03, 0.00%
1038,Jasmine Murillo,"Las Vegas, NV",750,1:18:56,13:57,F 11-14/2,F-13,556,1:19:54, 0.00%
1039,Abigail Mercer,"Las Vegas, NV",724,1:18:56,13:57,F 11-14/3,F-13,557,1:19:54, 0.00%
1040,Jessica Lopez,"Las Vegas, NV",667,1:19:06,13:59,F 25-29/118,F-26,558,1:19:54, 0.00%
1041,Tony Cannon,"Las Vegas, NV",1128,1:19:14,14:00,M 60-99/11,M-62,483,1:19:14, 0.00%
1042,Priscilla Crawford,"Henderson, NV",1257,1:19:31,14:03,F 25-29/119,F-26,559,1:20:10, 0.00%
1043,Samual Carrillo,"Las Vegas, NV",87,1:19:32,14:04,M 35-39/79,M-39,484,1:20:19, 0.00%
1044,Socorro Chavira,"Victorville, CA",355,1:19:32,14:04,F 40-44/73,F-44,560,1:20:11, 0.00%
1045,Crystal Oliver,"Las Vegas, NV",107,1:19:33,14:04,F 35-39/88,F-36,561,1:20:20, 0.00%
1046,Emma Watts,"Surprise, AZ",995,1:19:38,14:05,F 11-14/4,F-11,562,1:20:57, 0.00%
1047,Walter Watts,"Surprise, AZ",997,1:19:38,14:05,M 55-59/10,M-56,485,1:20:57, 0.00%
1048,Mike Openshaw,"Henderson, NV",775,1:19:49,14:07,M 35-39/80,M-35,486,1:20:41, 0.00%
1049,Rosemary Dean,"GB, ",384,1:19:50,14:07,F 45-49/56,F-46,563,1:20:43, 0.00%
1050,Barbara Thorne,"Henderson, NV",944,1:20:02,14:09,F 35-39/89,F-36,564,1:20:34, 0.00%
1051,Penny Pukall,"Las Vegas, NV",816,1:20:07,14:10,F 20-24/39,F-24,565,1:20:21, 0.00%
1052,Shirley Visger,"North Las Vegas, NV",112,1:20:18,14:12,F 35-39/90,F-37,566,1:20:48, 0.00%
1053,Elise Moosman,"Las Vegas, NV",194,1:20:19,14:12,F 25-29/120,F-27,567,1:20:48, 0.00%
1054,Kimberly Govea,"North Las Vegas, NV",93,1:20:19,14:12,F 40-44/74,F-43,568,1:20:19, 0.00%
1055,Chris Meamber,"Las Vegas, NV",719,1:20:29,14:14,F 45-49/57,F-46,569,1:20:44, 0.00%
1056,Blake Mosley,"Henderson, NV",746,1:21:02,14:19,M 25-29/96,M-28,487,1:21:57, 0.00%
1057,Betsy Jefferis,"Henderson, NV",605,1:21:02,14:19,F 25-29/121,F-29,570,1:21:57, 0.00%
1058,Jamie Hurley,"Las Vegas, NV",593,1:21:19,14:22,F 30-34/132,F-34,571,1:22:23, 0.00%
1059,Michele McCoy,"Las Vegas, NV",711,1:21:29,14:24,F 55-59/13,F-58,572,1:22:32, 0.00%
1060,Joseph Sakai,"Las Vegas, NV",867,1:22:19,14:33,M 20-24/56,M-23,488,1:23:09, 0.00%
1061,Diana Sakai,"Las Vegas, NV",866,1:22:19,14:33,F 55-59/14,F-56,573,1:23:10, 0.00%
1062,Annette English,"Las Vegas, NV",1126,1:22:24,14:34,F 50-54/27,F-51,574,1:23:22, 0.00%
1063,Todd English,"Las Vegas, NV",1121,1:22:25,14:34,M 50-54/22,M-51,489,1:23:22, 0.00%
1064,Larry Gove,"Henderson, NV",508,1:23:02,14:41,M 60-99/12,M-66,490,1:23:26, 0.00%
1065,Charlene Gove,"Henderson, NV",507,1:23:02,14:41,F 60-99/3,F-62,575,1:23:26, 0.00%
1066,Kim Visconti,"Las Vegas, NV",978,1:23:21,14:44,F 55-59/15,F-55,576,1:23:49, 0.00%
1067,Linda Lefeber,"Las Vegas, NV",1047,1:23:25,14:45,F 50-54/28,F-54,577,1:24:37, 0.00%
1068,Melissa Freeman,"Las Vegas, NV",1046,1:23:25,14:45,F 45-49/58,F-47,578,1:24:37, 0.00%
1069,Leigh Walters,"Henderson, NV",987,1:23:35,14:46,F 30-34/133,F-32,579,1:24:02, 0.00%
1070,Melina Hatayde,"Las Vegas, NV",1245,1:23:43,14:48,F 25-29/122,F-26,580,1:24:32, 0.00%
1071,Heather Devine,"Las Vegas, NV",392,1:23:43,14:48,F 30-34/134,F-33,581,1:24:32, 0.00%
1072,Alice Foster,"Las Vegas, NV",468,1:23:55,14:50,F 60-99/4,F-67,582,1:23:55, 0.00%
1073,Norma Soffa,"Las Vegas, NV",1142,1:24:27,14:56,F 40-44/75,F-44,583,1:25:36, 0.00%
1074,Alex Slack,"Henderson, NV",901,1:24:49,15:00,F 20-24/40,F-22,584,1:25:24, 0.00%
1075,Amanda Gower,"Henderson, NV",509,1:24:51,15:00,F 20-24/41,F-20,585,1:25:23, 0.00%
1076,Jennifer Dewey,"Las Vegas, NV",394,1:24:59,15:01,F 30-34/135,F-30,586,1:25:34, 0.00%
1077,Alicia Dewey,"Las Vegas, NV",393,1:25:00,15:01,F 25-29/123,F-26,587,1:25:34, 0.00%
1078,Donna Watts,"Surprise, AZ",994,1:25:01,15:02,F 45-49/59,F-48,588,1:26:20, 0.00%
1079,Shawn Falconer,"Henderson, NV",445,1:25:13,15:04,M 45-49/46,M-45,491,1:25:41, 0.00%
1080,Maribel Mendez Gomez,"Henderson, NV",1232,1:25:36,15:08,F 35-39/91,F-38,589,1:25:36, 0.00%
1081,Dani Garrett,"Nellis Afb, NV",1135,1:25:42,15:09,F 35-39/92,F-38,590,1:26:09, 0.00%
1082,Danielle Tieman,"Las Vegas, NV",1079,1:25:59,15:12,F 20-24/42,F-24,591,1:26:26, 0.00%
1083,Melissa Oliver,"Henderson, NV",773,1:27:27,15:27,F 35-39/93,F-36,592,1:28:41, 0.00%
1084,Jenifer Mohney,"Las Vegas, NV",739,1:27:41,15:30,F 45-49/60,F-48,593,1:28:50, 0.00%
1085,Michelle Matthews,"Las Vegas, NV",1290,1:28:07,15:35,F 40-44/76,F-43,594,1:28:21, 0.00%
1086,Nicole Guess,"Henderson, NV",523,1:31:27,16:10,F 30-34/136,F-32,595,1:31:49, 0.00%
1087,Sandra Ashby,"Henderson, NV",270,1:31:39,16:12,F 60-99/5,F-68,596,1:32:41, 0.00%
1088,Colleen Piacitelli,"Henderson, NV",1125,1:31:49,16:14,F 30-34/137,F-34,597,1:31:49, 0.00%
1089,Cynthia Toth,"Las Vegas, NV",955,1:31:51,16:14,F 40-44/77,F-41,598,1:32:29, 0.00%
1090,Tracy Manley,"Henderson, NV",696,1:31:51,16:14,F 45-49/61,F-49,599,1:32:29, 0.00%
1091,Vickie Seymour,"Henderson, NV",887,1:32:06,16:17,F 40-44/78,F-40,600,1:32:40, 0.00%
