Place,Name,Location,Bib,Net Time,Pace,Division/Place,Sex-Age,Sex-Place,Gun Time,Age Grade
1,Cord Miller,"Plano, TX",1023,21:00,6:04,M 14-19/1,M-16,1,36:11, 0.00%
2,Shawn Feiock,"McKinney, TX",449,22:24,6:28,M 30-34/1,M-34,2,22:24, 0.00%
3,Vincent Guiliani,"Forcalquier, N/A",581,22:27,6:29,M 40-44/1,M-40,3,2:07:47, 0.00%
4,Ashten Moss,"Saltillo, TX",1079,25:49,7:27,F 14-19/1,F-18,1,4:55:16, 0.00%
5,Chandler Heins,"Wichita, KS",645,25:49,7:27,M 25-29/1,M-25,4,25:50, 0.00%
6,Connor Moss,"Saltillo, TX",1080,25:54,7:28,M 14-19/2,M-16,5,4:55:21, 0.00%
7,Alex Flores,"Dallas, TX",469,26:36,7:40,M 20-24/1,M-24,6,2:56:57, 0.00%
8,Marcus Grodd,"Dallas, TX",576,27:01,7:48,M 20-24/2,M-24,7,2:57:23, 0.00%
9,Stephen Weintraub,"Lewisville, TX",1593,27:06,7:49,M 30-34/2,M-30,8,1:13:03, 0.00%
10,Ryan Ginty,"Frisco, TX",536,27:17,7:52,F 35-39/1,F-37,2,1:42:33, 0.00%
11,Joshua Morgan,"Celina, TX",1070,27:18,7:52,M 25-29/2,M-28,9,42:35, 0.00%
12,Stephen Cook,"Carrollton, TX",295,27:39,7:59,M 20-24/3,M-23,10,1:13:36, 0.00%
13,Justin Turco,"Carrollton, TX",1522,27:46,8:01,M 30-34/3,M-34,11,2:27:24, 0.00%
14,Shamoil Shipchandler,"Allen, TX",1385,27:50,8:02,M 35-39/1,M-39,12,2:43:05, 0.00%
15,Sue Luck,"McKinney, TX",893,27:53,8:02,F 35-39/2,F-37,3,27:53, 0.00%
16,Jody Spence,"Rockwall, TX",1435,28:08,8:07,M 45-49/1,M-46,13,4:57:38, 0.00%
17,Michael Jimenez,"Baytown, TX",747,28:15,8:09,M 25-29/3,M-28,14,3:28:40, 0.00%
18,Alexander McLaughlin,"North Richland Hills, TX",989,28:16,8:09,M 20-24/4,M-20,15,2:43:27, 0.00%
19,Forrest Morgan,"Plano, TX",1069,28:19,8:10,M 14-19/3,M-19,16,1:58:36, 0.00%
20,Paul Moore,"Denton, TX",1062,28:41,8:16,M 20-24/5,M-23,17,3:56:51, 0.00%
21,Dustin McNeely,"Rockwall, TX",991,28:54,8:20,M 14-19/4,M-14,18,3:56:51, 0.00%
22,Benjamin Hermance,"The Woodlands, TX",655,28:57,8:21,M 20-24/6,M-20,19,1:44:21, 0.00%
23,Robert January,"Fort Sill, OK",742,28:59,8:21,M 25-29/4,M-29,20,3:29:24, 0.00%
24,Desmond Williams,"Dallas, TX",1626,29:00,8:22,M 25-29/5,M-28,21,3:29:24, 0.00%
25,Ally McDeavitt,"Hideaway, TX",974,29:27,8:30,F 14-19/2,F-18,4,1:44:44, 0.00%
26,John Louwerse,"Denton, TX",884,29:39,8:33,M 14-19/5,M-19,22,1:45:02, 0.00%
27,Tara Graham,"Garland, TX",566,29:50,8:36,F 20-24/1,F-24,5,3:00:13, 0.00%
28,Ty Boland,"Dallas, TX",140,29:51,8:37,M 50-54/1,M-51,23,3:14:45, 0.00%
29,Artur Schander,"Fort Worth, TX",1351,29:58,8:38,M 30-34/4,M-31,24,2:29:39, 0.00%
30,Jay Sorrells,"Merit, TX",1430,29:59,8:39,M 45-49/2,M-48,25,3:30:52, 0.00%
31,Russell Young,"Coppell, TX",1665,30:13,8:43,M 40-44/2,M-41,26,1:30:56, 0.00%
32,Erick Carcamo,"Dallas, TX",227,30:22,8:46,M 25-29/6,M-28,27,2:45:33, 0.00%
33,Jeff Miller,"Plano, TX",1025,30:24,8:46,M 45-49/3,M-45,28,45:35, 0.00%
34,J Kevin McClendon,"Dallas, TX",962,30:45,8:52,M 45-49/4,M-48,29,2:45:59, 0.00%
35,Jay Brock,"Lewisville, TX",166,30:47,8:53,M 30-34/5,M-30,30,31:01, 0.00%
36,Russ Lowe,"Frisco, TX",887,30:59,8:56,M 45-49/5,M-46,31,3:31:22, 0.00%
37,Bradley Gant,"Greenville, TX",509,31:12,9:00,M 14-19/6,M-14,32,1:17:09, 0.00%
38,David Garner,"McKinney, TX",523,31:14,9:00,M 40-44/3,M-44,33,2:46:32, 0.00%
39,Chris Merryman,"Lavon, TX",1010,31:20,9:02,M 30-34/6,M-31,34,46:33, 0.00%
40,Sophie Wentz,"Fayetteville, AR",1598,31:28,9:04,F 20-24/2,F-24,6,2:31:15, 0.00%
41,Claire Whitcomb,"Waco, TX",1607,31:32,9:06,F 14-19/3,F-19,7,5:01:00, 0.00%
42,Justin Chang,"Waco, TX",254,31:32,9:06,M 14-19/7,M-19,35,5:01:00, 0.00%
43,Cody Jankowski,"Midlothian, TX",741,31:47,9:10,M 14-19/8,M-19,36,31:48, 0.00%
44,Manny Ongayo,"The Colony, TX",1153,31:54,9:12,M 30-34/7,M-32,37,3:59:52, 0.00%
45,Tyler Houston,"Frisco, TX",711,31:55,9:12,M 14-19/9,M-18,38,3:02:23, 0.00%
46,Chris Duke,"Grand Saline, TX",410,31:56,9:12,M 30-34/8,M-33,39,1:17:51, 0.00%
47,Josh Harrell,"Grand Saline, TX",613,31:56,9:13,M 25-29/7,M-28,40,1:17:52, 0.00%
48,Christopher Tull,"Edgewood, TX",1519,31:57,9:13,M 25-29/8,M-28,41,1:17:52, 0.00%
49,Mario Garcia,"Wills Point, TX",517,31:59,9:13,M 25-29/9,M-29,42,2:31:51, 0.00%
50,Benny Daniel,"Frisco, TX",348,31:59,9:13,M 35-39/2,M-37,43,3:02:20, 0.00%
51,Charlie Patrick,"Dallas, TX",1184,31:59,9:14,M 14-19/10,M-17,44,3:16:52, 0.00%
52,Jessica Chittamal,"Wills Point, TX",263,32:01,9:14,F 30-34/1,F-30,8,2:31:50, 0.00%
53,Maria Guerrero,"Greenville, TX",579,32:16,9:18,F 20-24/3,F-22,9,1:03:02, 0.00%
54,Zachary Payne,"Kemp, TX",1190,32:16,9:18,M 14-19/11,M-15,45,1:47:32, 0.00%
55,Cody Aday,"McKinney, TX",14,32:19,9:19,M 20-24/7,M-22,46,1:47:36, 0.00%
56,Ryan Herren,"Fort Worth, TX",486,32:28,9:22,M 25-29/10,M-27,47,1:33:08, 0.00%
57,Jon Nixon,"Commerce, TX",1118,32:29,9:22,M 30-34/9,M-30,48,2:32:10, 0.00%
58,Amanda Brennan,"Dallas, TX",158,32:30,9:22,F 25-29/1,F-25,10,32:47, 0.00%
59,Jaime Alaniz,"Overton, TX",20,32:33,9:23,M 35-39/3,M-38,49,2:18:01, 0.00%
60,Brandon McMahan,"Irving, TX",990,32:37,9:24,M 20-24/8,M-23,50,3:17:30, 0.00%
61,Daniel Warren,"Frisco, TX",1582,32:39,9:25,M 35-39/4,M-39,51,1:35:28, 0.00%
62,Joseph Karako,"Irving, TX",771,32:40,9:25,M 20-24/9,M-22,52,3:17:33, 0.00%
63,Jason Brooks,"Farmersville, TX",170,32:41,9:26,M 40-44/4,M-43,53,1:18:50, 0.00%
64,Paula Coleman,"Farmersville, TX",283,32:41,9:26,F 30-34/2,F-34,11,1:18:50, 0.00%
65,Douglas Alexander,"Grand Prairie, TX",26,32:46,9:27,M 20-24/10,M-23,54,32:46, 0.00%
66,Bess Dickson,"Dallas, TX",385,32:48,9:27,F 40-44/1,F-43,12,2:03:11, 0.00%
67,Ronnie Reeder,"Dallas, TX",1266,32:49,9:28,M 55-59/1,M-56,55,32:53, 0.00%
68,Chris Mosier,"Anna, TX",1077,32:57,9:30,M 25-29/11,M-27,56,2:03:13, 0.00%
69,Jean Wilner Loiseau,"Frisco, TX",876,32:57,9:30,M 40-44/5,M-40,57,1:48:14, 0.00%
70,Aaron Buthod,"Frisco, TX",206,33:02,9:32,M 35-39/5,M-38,58,2:32:40, 0.00%
71,William Moye,"Plano, TX",1086,33:07,9:33,M 35-39/6,M-36,59,3:33:30, 0.00%
72,Agapito Salazar,"Fate, TX",1331,33:17,9:36,M 30-34/10,M-33,60,5:02:45, 0.00%
73,Ben St Clair,"Wills Point, TX",1442,33:21,9:37,M 35-39/7,M-37,61,2:33:13, 0.00%
74,Scott Vornberg,"Wills Point, TX",1561,33:21,9:37,M 40-44/6,M-42,62,2:33:13, 0.00%
75,Shawn Turner,"Prosper, TX",1524,33:21,9:37,M 45-49/6,M-48,63,2:03:48, 0.00%
76,Toni Gockel,"Irving, TX",540,33:24,9:38,F 20-24/4,F-24,13,4:01:21, 0.00%
77,Sarah Rodriguez,"Dallas, TX",1292,33:24,9:38,F 30-34/3,F-32,14,2:48:44, 0.00%
78,Michael Henderson,"Dallas, TX",649,33:25,9:38,M 30-34/11,M-32,64,33:43, 0.00%
79,Timothy Brawner,"Fort Worth, TX",157,33:28,9:39,M 25-29/12,M-29,65,3:33:53, 0.00%
80,Kaitlin McGarry,"Dallas, TX",981,33:29,9:39,F 20-24/5,F-23,15,3:03:51, 0.00%
81,Victoria Moreno,"Fate, TX",1067,33:29,9:39,F 14-19/4,F-14,16,5:02:57, 0.00%
82,Albert Reeves,"Brashear, TX",1267,33:35,9:41,M 35-39/8,M-39,66,2:03:52, 0.00%
83,John Monteiro,"Frisco, TX",1051,33:44,9:44,M 45-49/7,M-45,67,48:56, 0.00%
84,Robert Yates,"Royse City, TX",1659,33:45,9:44,M 40-44/7,M-42,68,33:50, 0.00%
85,Dallas Dosher,"Amarillo, TX",400,33:59,9:48,M 25-29/13,M-25,69,2:04:15, 0.00%
86,Zach Thomas,"Amarillo, TX",1500,33:59,9:48,M 14-19/12,M-14,70,2:04:14, 0.00%
87,Mason Linn,"Farmersville, TX",872,34:02,9:49,M 14-19/13,M-15,71,1:16:15, 0.00%
88,Manuel Alaniz,"Longview, TX",21,34:02,9:49,M 40-44/8,M-43,72,2:19:30, 0.00%
89,Nicholas Brown,"Frisco, TX",183,34:02,9:49,M 40-44/9,M-42,73,34:08, 0.00%
90,Lorien Anderson,"Frisco, TX",50,34:06,9:50,F 40-44/2,F-41,17,3:04:27, 0.00%
91,Tracy Taylor,", ",1699,34:06,9:50,M 50-54/2,M-50,74,1:20:19, 0.00%
92,Coy Goodson,"Fort Worth, TX",557,34:11,9:51,M 20-24/11,M-21,75,2:49:36, 0.00%
93,Ryan Savage,"Fort Worth, TX",1347,34:11,9:51,M 20-24/12,M-21,76,2:49:36, 0.00%
94,Matthew Middlebrook,"Caddo Mills, TX",1017,34:11,9:51,M 30-34/12,M-30,77,49:23, 0.00%
95,Sam Indiazi,"The Colony, TX",729,34:15,9:52,M 30-34/13,M-32,78,4:02:13, 0.00%
96,Brent Sandefur,"Cleburne, TX",1341,34:17,9:53,M 25-29/14,M-27,79,3:04:52, 0.00%
97,Nadia Cantu,"Wylie, TX",224,34:18,9:53,F 35-39/3,F-35,18,34:20, 0.00%
98,Trinidad Cantu,"Wylie, TX",225,34:18,9:53,M 35-39/9,M-38,80,34:20, 0.00%
99,Helmut Stepp,"Greenville, TX",1451,34:21,9:54,M 45-49/8,M-46,81,49:36, 0.00%
100,Steve Henslee,"Farmersville, TX",653,34:27,9:56,M 45-49/9,M-48,82,1:20:25, 0.00%
101,Denilson Ortega,"Plano, TX",1158,34:36,9:59,M 14-19/14,M-14,83,49:51, 0.00%
102,Robert Krebsbach,"Frisco, TX",818,34:39,10:00,M 45-49/10,M-45,84,1:49:56, 0.00%
103,Thomas Mayes,"Temple, TX",955,34:44,10:01,M 35-39/10,M-35,85,1:35:31, 0.00%
104,Alessandra Sosa,"Alvarado, TX",1431,34:49,10:02,F 14-19/5,F-18,19,50:02, 0.00%
105,Emily Madden,"Coppell, TX",903,34:52,10:03,F 35-39/4,F-36,20,1:35:33, 0.00%
106,Megan Learing,"Frisco, TX",851,34:56,10:04,F 35-39/5,F-35,21,1:35:36, 0.00%
107,Sarah Gentry,"Rockwall, TX",526,34:56,10:04,F 25-29/2,F-27,22,50:09, 0.00%
108,Jeffrey Learing,"Frisco, TX",850,34:56,10:04,M 35-39/11,M-37,86,1:35:37, 0.00%
109,Tressa Broadhead,"Coppell, TX",164,34:58,10:05,F 40-44/3,F-42,23,1:35:40, 0.00%
110,Geoffrey Haselgrove,"Plano, TX",621,35:01,10:06,M 35-39/12,M-35,87,1:50:14, 0.00%
111,Allea Pippin,"Caddo Mills, TX",1219,35:04,10:07,F 14-19/6,F-14,24,50:23, 0.00%
112,Meagan Smith,"Dallas, TX",1419,35:06,10:07,F 20-24/6,F-22,25,2:05:32, 0.00%
113,Garel Philbern,"Trenton, TX",1212,35:06,10:07,M 50-54/3,M-50,88,4:03:07, 0.00%
114,Jose Mojica,"Enchanted Oaks, TX",1041,35:10,10:08,M 40-44/10,M-41,89,1:50:28, 0.00%
115,Jay Shanks,"Rockwall, TX",1377,35:10,10:08,F 40-44/4,F-41,26,5:04:38, 0.00%
116,Glynn Mosier,"Fort Worth, TX",1078,35:10,10:08,M 30-34/14,M-30,90,2:05:26, 0.00%
117,Jeanice Mojica,"Denton, TX",1040,35:11,10:09,F 20-24/7,F-20,27,1:50:28, 0.00%
118,Carlos Ornelas,"Dallas, TX",1156,35:12,10:09,M 25-29/15,M-25,91,1:05:58, 0.00%
119,Philip Gleason,"Denison, TX",538,35:15,10:10,M 25-29/16,M-26,92,2:05:33, 0.00%
120,steven hogue,"Newark, TX",1717,35:22,10:12,M 30-34/15,M-31,93,2:35:06, 0.00%
121,Roy Neal,"Azle, TX",1716,35:22,10:12,M 35-39/13,M-37,94,2:35:06, 0.00%
122,Zane Broadhead,"Coppell, TX",165,35:27,10:13,M 40-44/11,M-42,95,1:36:09, 0.00%
123,Anthony Pisicotta,"Plano, TX",1220,35:29,10:14,M 20-24/13,M-24,96,3:05:56, 0.00%
124,James Raney,"Coppell, TX",2403,35:30,10:14,M 35-39/14,M-36,97,1:36:13, 0.00%
125,Jay Schreiber,"Rapid City, SD",1359,35:34,10:15,M 35-39/15,M-38,98,50:52, 0.00%
126,Norm Alvarado,"Carrollton, TX",42,35:34,10:15,M 25-29/17,M-29,99,3:06:02, 0.00%
127,Kendall Schreiber,"Edmond, OK",1360,35:34,10:15,F 25-29/3,F-27,28,50:52, 0.00%
128,Brent Bivens,"Heath, TX",133,35:35,10:16,M 35-39/16,M-39,100,2:06:00, 0.00%
129,Jewel Hayworth,"Waco, TX",639,35:43,10:18,F 25-29/4,F-26,29,2:21:00, 0.00%
130,Kayla Means,"Dallas, TX",994,35:44,10:18,F 20-24/8,F-22,30,2:51:07, 0.00%
131,MICHAEL LUEDTKE,"Burleson, TX",1731,35:46,10:19,M 25-29/18,M-26,101,3:06:22, 0.00%
132,Ashley Barrett,"Tyler, TX",93,35:52,10:20,F 30-34/4,F-32,31,2:21:07, 0.00%
133,Lauren Kenney,"Frisco, TX",787,35:53,10:21,F 25-29/5,F-27,32,1:51:10, 0.00%
134,Christopher Janes,"Plano, TX",740,35:58,10:22,M 20-24/14,M-24,102,36:13, 0.00%
135,Lauren Simoneaux,"Plano, TX",1395,36:00,10:23,F 25-29/6,F-25,33,36:16, 0.00%
136,Gerald Darling,"Plano, TX",354,36:01,10:23,M 20-24/15,M-20,103,3:06:23, 0.00%
137,Mark Weber,"Dallas, TX",1590,36:01,10:23,M 20-24/16,M-23,104,36:17, 0.00%
138,Johnny Pache,"Flower Mound, TX",1168,36:03,10:24,M 14-19/15,M-16,105,3:06:27, 0.00%
139,Erin McAfee,"Flower Mound, TX",956,36:04,10:24,F 14-19/7,F-15,34,3:06:28, 0.00%
140,Robby McCollom,"Princeton, TX",966,36:07,10:25,M 40-44/12,M-43,106,1:22:17, 0.00%
141,Robert Moler,"Carrollton, TX",1043,36:09,10:26,M 14-19/16,M-19,107,1:51:24, 0.00%
142,Christopher Moler,"Carrollton, TX",1042,36:11,10:26,M 14-19/17,M-19,108,1:51:26, 0.00%
143,Jared Srader,"Amarillo, TX",1440,36:16,10:28,M 25-29/19,M-27,109,2:06:32, 0.00%
144,Cole Bothun,"Plano, TX",146,36:20,10:29,M 14-19/18,M-17,110,2:06:37, 0.00%
145,Mark Curry,"Austin, TX",342,36:20,10:29,M 20-24/17,M-21,111,4:17:52, 0.00%
146,R Colton Harris,"Caddo Mills, TX",616,36:21,10:29,M 14-19/19,M-15,112,51:40, 0.00%
147,Aanjo Premlal,"Richardson, TX",1239,36:25,10:30,M 30-34/16,M-30,113,2:51:49, 0.00%
148,Jordan Halstead,"Fort Worth, TX",105,36:28,10:31,M 20-24/18,M-20,114,4:35:58, 0.00%
149,Josh Molina,"Arlington, TX",2409,36:28,10:31,M 20-24/19,M-22,115,4:35:58, 0.00%
150,Brian Andel,"Victoria, TX",45,36:31,10:32,M 25-29/20,M-25,116,51:47, 0.00%
151,Michael Martineau,"Plano, TX",936,36:40,10:34,M 30-34/17,M-30,117,2:36:20, 0.00%
152,Marla Griggs,"Frisco, TX",575,36:41,10:35,F 40-44/5,F-41,35,3:07:02, 0.00%
153,Khara Erickson,"Frisco, TX",430,36:41,10:35,F 30-34/5,F-34,36,3:07:02, 0.00%
154,Jonathan Black,"Irving, TX",135,36:42,10:35,M 14-19/20,M-16,118,36:49, 0.00%
155,Caylie Ginther,"Wichita Falls, TX",535,36:43,10:35,F 20-24/9,F-22,37,1:51:56, 0.00%
156,Josh Lane,"Lubbock, TX",842,36:45,10:36,M 20-24/20,M-23,119,1:51:57, 0.00%
157,John Black,"Irving, TX",134,36:45,10:36,M 35-39/17,M-36,120,36:53, 0.00%
158,David Daffan,"Granbury, TX",344,36:45,10:36,M 30-34/18,M-32,121,1:37:31, 0.00%
159,Holly Hopkins,"Plano, TX",701,36:48,10:37,F 14-19/8,F-19,38,3:07:11, 0.00%
160,Dillon Kowaleski,"McKinney, TX",815,36:49,10:37,M 20-24/21,M-20,122,1:52:13, 0.00%
161,Rico Brooks,"McKinney, TX",172,36:56,10:39,M 40-44/13,M-42,123,2:07:21, 0.00%
162,Christina Villasenor,"Corpus Christi, TX",1557,36:59,10:40,F 35-39/6,F-36,39,52:18, 0.00%
163,Jennifer Maier,"Plano, TX",912,36:59,10:40,F 25-29/7,F-27,40,37:05, 0.00%
164,Uma Nath,"Richardson, TX",1101,37:00,10:40,M 25-29/21,M-28,124,2:52:32, 0.00%
165,Eric Wang,"Dallas, TX",1741,37:00,10:40,M 25-29/22,M-29,125,4:36:29, 0.00%
166,Nacho Wang,"Dallas, TX",1742,37:00,10:40,M 25-29/23,M-29,126,4:36:29, 0.00%
167,Daniel Broekhove,"Dallas, TX",167,37:00,10:40,M 20-24/22,M-24,127,37:13, 0.00%
168,Laura Aicklen,"Dallas, TX",19,37:00,10:40,F 20-24/10,F-23,41,37:12, 0.00%
169,Joshua Snow,"Wichita Falls, TX",1428,37:02,10:41,M 30-34/19,M-30,128,2:36:45, 0.00%
170,Diana Snow,"Wichita Falls, TX",1427,37:04,10:41,F 25-29/8,F-29,42,2:36:47, 0.00%
171,Mario Salinas,"Rockwall, TX",1335,37:05,10:42,M 50-54/4,M-50,129,37:08, 0.00%
172,Sarah Martineau,"Plano, TX",937,37:07,10:42,F 25-29/9,F-28,43,2:36:47, 0.00%
173,Theodore Norcross IV,"Grapevine, TX",1122,37:07,10:42,M 25-29/24,M-26,130,2:52:27, 0.00%
174,Roger Zbranek,"Victoria, TX",1672,37:09,10:43,M 35-39/18,M-38,131,52:29, 0.00%
175,Lindsey Anderson,"Plano, TX",1718,37:11,10:43,F 25-29/10,F-29,44,2:37:01, 0.00%
176,Timothy Osuka,"Commerce, TX",1162,37:11,10:43,M 35-39/19,M-38,132,2:36:53, 0.00%
177,Samantha Bolton,"Rogers, AR",141,37:21,10:46,F 20-24/11,F-23,45,2:37:07, 0.00%
178,Ivan Figueroa,"Fort Worth, TX",463,37:34,10:50,M 20-24/23,M-20,133,2:07:48, 0.00%
179,Jeremy Elderbroom,"Allen, TX",424,37:35,10:50,M 25-29/25,M-26,134,1:24:14, 0.00%
180,Carina Diaz,"Arlington, TX",384,37:36,10:50,F 20-24/12,F-20,46,2:07:50, 0.00%
181,Colby Cuellar,"Granbury, TX",337,37:48,10:54,M 30-34/20,M-30,135,38:01, 0.00%
182,Richard Rushing,"Florien, LA",1321,37:49,10:54,M 45-49/11,M-47,136,1:23:46, 0.00%
183,Austin Greenfield,"Addison, TX",571,37:52,10:55,M 20-24/24,M-24,137,38:22, 0.00%
184,Chris Wilson,"Plano, TX",1632,37:52,10:55,M 40-44/14,M-41,138,38:08, 0.00%
185,Dawn Hayes,"Frisco, TX",635,37:52,10:55,F 30-34/6,F-34,47,38:08, 0.00%
186,Ryan Carraway,"Dallas, TX",236,37:55,10:56,M 25-29/26,M-28,139,1:38:48, 0.00%
187,Mohsena Wahed,"Plano, TX",1568,38:01,10:58,F 20-24/13,F-23,48,53:16, 0.00%
188,Christian Ubillus,"Euless, TX",1528,38:04,10:59,M 35-39/20,M-39,140,1:53:25, 0.00%
189,David Herrera,"Hurst, TX",665,38:05,10:59,M 40-44/15,M-41,141,1:53:25, 0.00%
190,Joshua Kim,"Plano, TX",799,38:07,11:00,M 14-19/21,M-17,142,1:08:54, 0.00%
191,Lake Duchesne,"Roanoke, TX",1675,38:09,11:00,M 14-19/22,M-19,143,1:08:55, 0.00%
192,Ryan Henson,"Plano, TX",801,38:09,11:00,M 14-19/23,M-17,144,1:08:57, 0.00%
193,Cody Watson,"McKinney, TX",1584,38:15,11:02,M 30-34/21,M-30,145,3:38:42, 0.00%
194,Michelle Martinez,"Greenville, TX",942,38:16,11:02,F 20-24/14,F-21,49,53:29, 0.00%
195,Benton Ard,"Quinlan, TX",60,38:18,11:02,M 25-29/27,M-29,146,3:38:44, 0.00%
196,Katie Gilrein,"Plano, TX",533,38:18,11:03,F 14-19/9,F-16,50,2:53:36, 0.00%
197,Steve Gilrein,"Plano, TX",534,38:19,11:03,M 50-54/5,M-54,147,2:53:36, 0.00%
198,Austin Whitehead,"Grapevine, TX",1613,38:22,11:04,M 20-24/25,M-24,148,3:23:20, 0.00%
199,Sharon Cuellar,"Granbury, TX",338,38:23,11:04,F 25-29/11,F-27,51,38:35, 0.00%
200,Jackie Welchman,"Carrollton, TX",1710,38:24,11:04,F 30-34/7,F-33,52,2:23:42, 0.00%
1201,Joseph Krist,"Denton, TX",820,1:18:49,22:43,M 55-59/8,M-55,520,2:19:35, 0.00%
1202,Teresa Krist,"Denton, TX",821,1:18:49,22:43,F 45-49/25,F-47,682,2:19:37, 0.00%
1203,Alaniz Gabriel,"San Angelo, TX",433,1:19:21,22:52,M 30-34/105,M-33,521,1:19:21, 0.00%
1204,Stacie Champion,"Tyler, TX",253,1:20:09,23:06,F 45-49/26,F-45,683,4:20:38, 0.00%
1205,Natalie Roffino,"Richardson, TX",1706,1:21:27,23:29,F 25-29/140,F-29,684,2:36:51, 0.00%
1206,Monicah Kariuki,"Carrollton, TX",775,1:22:24,23:45,F 35-39/95,F-37,685,1:37:41, 0.00%
1207,Ingris Ortega,"Dallas, TX",1159,1:22:42,23:50,F 45-49/27,F-48,686,1:37:55, 0.00%
1208,Janet Armstrong,", TX",62,1:22:45,23:51,F 35-39/96,F-36,687,1:37:58, 0.00%
1209,Tracy Jeffcoat,", TX",744,1:22:47,23:52,F 45-49/28,F-47,688,1:38:01, 0.00%
1210,Teri Upchurch,"Princeton, TX",1533,1:24:30,24:21,F 25-29/141,F-29,689,1:24:30, 0.00%
1211,Dawn Hight,"Wylie, TX",2407,1:26:55,25:03,F 40-44/74,F-43,690,4:12:00, 0.00%
1212,Carol Kahanek,"Sachse, TX",766,1:26:55,25:03,F 40-44/75,F-44,691,4:12:01, 0.00%
1213,Kristina Bell,"Sachse, TX",114,1:26:58,25:04,F 40-44/76,F-40,692,4:12:01, 0.00%
1214,Kira Hight,"Wylie, TX",674,1:26:58,25:04,F 14-19/51,F-14,693,4:12:01, 0.00%
1215,Cara Kahanek,"Sachse, TX",765,1:26:58,25:04,F 14-19/52,F-14,694,4:12:01, 0.00%
1216,Clayton Nolan,"Southlake, TX",1120,1:27:30,25:13,M 20-24/74,M-22,522,4:28:03, 0.00%
1217,Taiteyi Chinembiri,"Grand Prairie, TX",262,1:31:21,26:20,M 25-29/89,M-28,523,4:01:48, 0.00%
1218,Chrystal Hawthorne,"Grand Prairie, TX",632,1:31:21,26:20,F 25-29/142,F-26,695,4:01:48, 0.00%
1219,David Holden,"Fort Worth, TX",690,1:32:31,26:40,M 30-34/106,M-34,524,3:02:49, 0.00%
1220,Brianna Nagy,"Chicago, IL",1098,1:41:38,29:18,F 25-29/143,F-28,696,1:41:38, 0.00%
1221,Yolanda Madden,"Odessa, TX",905,1:41:46,29:20,F 40-44/77,F-41,697,1:41:46, 0.00%
1222,Sherry Karr,"Plano, TX",776,1:44:53,30:14,F 40-44/78,F-41,698,3:44:41, 0.00%
1223,Alicia Austin,"Frisco, TX",71,1:44:53,30:14,F 45-49/29,F-49,699,3:44:42, 0.00%
1224,Craig Parker,"Crowley, TX",1174,1:52:15,32:21,M 45-49/30,M-49,525,1:52:15, 0.00%
1225,Isaac Mitchell,"McKinney, TX",1035,1:57:49,33:58,M 14-19/51,M-14,526,1:57:49, 0.00%
1226,Eliza Velez,"Dallas, TX",1552,2:06:11,36:22,F 25-29/144,F-25,700,2:06:11, 0.00%
1227,Sudhakar Bharadwaj,"McKinney, TX",130,2:21:28,40:46,M 45-49/31,M-47,527,2:21:28, 0.00%
1228,Corbin Hesse,"McKinney, TX",667,2:25:28,41:56,M 25-29/90,M-25,528,3:40:47, 0.00%
1229,Adran Gonzales,"Royse City, TX",549,2:32:08,43:51,M 14-19/52,M-17,529,2:32:08, 0.00%
1230,Marc Benavidez,"Dallas, TX",116,2:35:45,44:53,M 35-39/78,M-37,530,2:35:45, 0.00%
1231,Ashley Garcia,"Blue Ridge, TX",516,2:37:01,45:15,F 20-24/137,F-22,701,2:37:01, 0.00%
1232,Hideyo Hayworth,"Waco, TX",638,2:42:47,46:55,M 25-29/91,M-29,531,4:28:03, 0.00%
1233,Stephen Brownlow,"Bedford, TX",187,2:45:13,47:37,M 30-34/107,M-32,532,2:45:13, 0.00%
1234,Brian Harless,"Leonard, TX",609,2:45:51,47:48,M 40-44/74,M-42,533,2:45:51, 0.00%
1235,Roger Ralston,"Wills Point, TX",1250,2:55:58,50:43,M 45-49/32,M-46,534,2:55:58, 0.00%
1236,Mike Clark,"Wills Point, TX",269,2:55:59,50:43,M 45-49/33,M-48,535,2:55:59, 0.00%
1237,Sam Perrone,"Wills Point, TX",1206,2:55:59,50:43,M 40-44/75,M-40,536,2:55:59, 0.00%
1238,Tim Franey,"Wills Point, TX",484,2:56:00,50:44,M 45-49/34,M-49,537,2:56:00, 0.00%
1239,Diana Short-Abell,"Atlanta, GA",1388,3:10:10,54:49,F 30-34/147,F-33,702,3:10:10, 0.00%
1240,Amanda Strickland,"Leesville, LA",1463,3:10:11,54:49,F 30-34/148,F-32,703,3:10:11, 0.00%
1241,Christopher Chreene,"Arlington, TX",264,3:33:49,1:01:38,M 20-24/75,M-22,538,3:33:49, 0.00%
1242,Clint Smith,"Sachse, TX",1413,3:42:17,1:04:04,M 35-39/79,M-35,539,3:42:17, 0.00%
1243,Brande Smith,"Sachse, TX",1411,3:42:17,1:04:04,F 35-39/97,F-36,704,3:42:17, 0.00%
1244,Zach Barton,"Allen, TX",98,3:48:05,1:05:44,M 25-29/92,M-25,540,3:48:05, 0.00%
1245,Danny Smith,"Saint Hedwig, TX",1414,4:08:52,1:11:43,M 20-24/76,M-24,541,4:08:52, 0.00%
1246,Laura Hernandez,"Fort Worth, TX",661,4:15:05,1:13:31,F 25-29/145,F-25,705,4:15:05, 0.00%
1247,Leah Hatton,"Arlington, TX",626,4:15:10,1:13:33,F 20-24/138,F-21,706,4:15:10, 0.00%
1248,Marty Calhoun,"Plano, TX",216,4:19:10,1:14:42,M 35-39/80,M-38,542,4:19:10, 0.00%
1249,Crystal Herrera,"Plano, TX",664,4:30:42,1:18:01,F 25-29/146,F-26,707,4:30:42, 0.00%
1250,Jose Gonzalez Jr,"Wylie, TX",556,4:34:24,1:19:05,M 35-39/81,M-35,543,4:34:24, 0.00%
