Place,Name,Location,Bib,Net Time,Pace,Division/Place,Sex-Age,Sex-Place,Gun Time,Age Grade
1,Sonja Friend-Uhl,"Brentwood, TN",1747,17:24,5:36,F 40-44/0,F-41,1,17:24,88.49%
2,Gus Romero,"Columbia, TN",2150,18:43,6:02,M 40-44/0,M-41,1,18:43,73.60%
3,Travis Hendrixson,"McMinnville, TN",1443,18:45,6:03,M 25-29/0,M-25,2,18:45,68.86%
4,Kelly McCreight,"Franklin, TN",2154,19:44,6:22,M 40-44/0,M-44,3,19:44,71.40%
5,Brad Averitt,"Clarksville, TN",1892,19:52,6:24,M 18-24/1,M-24,4,20:04,64.99%
6,Robert Harem,"Nashville, TN",2232,19:59,6:26,M 25-29/1,M-28,5,19:59,64.61%
7,Matthew Wright,"Nashville, TN",2121,20:04,6:28,M 25-29/2,M-28,6,20:05,64.34%
8,Derek Wiseman,"Nashville, TN",2178,20:14,6:31,M 45-49/1,M-46,7,20:15,70.65%
9,Kevin Scharfman,"Lebanon, TN",1328,20:15,6:31,M 30-34/1,M-32,8,20:17,64.25%
10,Fernando Greene,"Murfreesboro, TN",1016,20:33,6:37,M 30-34/2,M-31,9,20:33,63.15%
11,Jon Goodman,"Lebanon, TN",1212,20:40,6:40,M 25-29/3,M-28,10,20:45,62.47%
12,Phil Emmert,"Nashville, TN",2214,20:45,6:41,M 25-29/4,M-28,11,20:47,62.22%
13,Brad Snook,"Floyds Knobs, IN",2262,20:47,6:42,M 25-29/5,M-26,12,20:49,62.12%
14,John Blackwell,"Waynesboro, TN",1112,20:53,6:43,M 35-39/1,M-35,13,20:55,63.18%
15,David Padgett,"Nashville, TN",1849,21:02,6:46,M 45-49/2,M-47,14,21:03,68.52%
16,Graham Rooney,"Franklin, TN",2055,21:02,6:47,M 30-34/3,M-32,15,21:10,61.86%
17,Erik Vilas,"Franklin, TN",2041,21:05,6:47,M 25-29/6,M-27,16,21:06,61.23%
18,Derrick Maddox,"Murfreesboro, TN",2123,21:05,6:47,M 40-44/1,M-40,17,21:06,64.79%
19,Anastasia Kynaston,"Clarksville, TN",2261,21:10,6:49,M 35-39/2,M-35,18,21:11,62.33%
20,Scott Cash,"Nashville, TN",1286,21:26,6:54,M 35-39/3,M-38,19,21:28,62.80%
21,Albert Cartner,"Murray, KY",1772,21:37,6:58,M 30-34/4,M-33,20,21:39,60.42%
22,Adam Kittrell,"Nashville, TN",1559,21:39,6:58,M 35-39/4,M-39,21,21:43,62.63%
23,Valentin Vinca,"Antioch, TN",2151,21:40,6:59,M 40-44/2,M-42,22,21:49,63.97%
24,Kaleb Berkshire,"Fort Campbell, KY",2066,21:45,7:00,M 25-29/7,M-29,23,21:52,59.43%
25,Jordan Hobson,"Nashville, TN",2054,21:48,7:01,M 18-24/2,M-24,24,21:51,59.22%
26,Brett Barlow,"Sparta, TN",1972,21:51,7:02,M 25-29/8,M-29,25,21:52,59.16%
27,Christopher Self,"Clarksville, TN",1631,21:52,7:03,M 45-49/3,M-45,26,21:55,64.91%
28,Benjamin Melby,"Carterville, IL",2007,21:57,7:04,M 30-34/5,M-34,27,21:57,59.80%
29,Justin Crites,"Manchester, TN",1351,21:59,7:05,M 40-44/3,M-40,28,22:05,62.14%
30,Curtis Moseley,"Brentwood, TN",1674,22:07,7:07,M 13-17/1,M-14,29,22:09,64.18%
31,James Turner,"Nashville, TN",2180,22:07,7:08,M 50-54/1,M-50,30,22:10,66.74%
32,Katherine Tassell,"Greeneville, TN",1139,22:08,7:08,F 25-29/0,F-25,2,22:08,67.12%
33,Karen Vilas,"Franklin, TN",2042,22:16,7:10,F 25-29/0,F-27,3,22:16,66.57%
34,Charles Towe,"Nashville, TN",1117,22:16,7:10,M 35-39/5,M-39,31,22:20,60.90%
35,Matthew Dedman,"Watertown, TN",1293,22:18,7:11,M 25-29/9,M-28,32,26:53,57.89%
36,Kevin Green,"Brentwood, TN",1725,22:19,7:11,M 45-49/4,M-47,33,22:27,64.57%
37,Paul Walker,"Morrison, TN",1785,22:29,7:15,M 35-39/6,M-39,34,22:32,60.31%
38,Travis Kuhns,"Columbia, TN",1540,22:34,7:16,M 25-29/10,M-28,35,22:43,57.21%
39,Marc Smotherman,"Manchester, TN",1314,22:34,7:16,M 50-54/2,M-53,36,22:38,67.04%
40,Ginny Miller,"Old Hickory, TN",1183,22:36,7:17,F 45-49/1,F-45,4,22:39,70.33%
41,Van Patton,"Hixson, TN",1041,22:40,7:18,M 25-29/11,M-27,37,22:43,56.95%
42,Tim Cromer,"Nashville, TN",2120,22:44,7:19,M 30-34/6,M-31,38,22:59,57.08%
43,Jerry Davis,"Grayville, IL",1831,22:46,7:20,M 45-49/5,M-47,39,22:50,63.30%
44,Cj Dewitt,"Marysville, PA",1944,22:48,7:20,M 18-24/3,M-20,40,22:49,57.21%
45,Brian Dickens,"Lebanon, TN",2057,22:48,7:21,M 45-49/6,M-46,41,22:51,62.69%
46,Akira Shimizu,"Brentwood, TN",1911,22:48,7:21,M 50-54/3,M-51,42,23:00,65.25%
47,Steven Clark,"Nashville, TN",2263,22:49,7:21,M 18-24/4,M-21,43,23:00,56.76%
48,Greg Schaffer,"Franklin, TN",1704,22:50,7:21,M 45-49/7,M-45,44,22:56,62.16%
49,Timothy Williams,"Nashville, TN",1087,22:50,7:21,M 35-39/7,M-38,45,22:56,58.91%
50,David Yakes,"Omaha, NE",1757,22:54,7:23,M 40-44/4,M-43,46,23:02,61.03%
51,Butch Akin,"Spring Hill, TN",1850,23:06,7:26,M 45-49/8,M-46,47,23:15,61.88%
52,Michael Hisey,"Cane Ridge, TN",1115,23:09,7:27,M 25-29/12,M-26,48,23:29,55.76%
53,Tim Nowak,"Nashville, TN",1262,23:10,7:28,M 30-34/7,M-31,49,23:13,56.01%
54,Emily Ryan,"Gallatin, TN",1348,23:11,7:28,F 40-44/1,F-41,5,23:15,66.40%
55,Billy Freeman,"Margate, FL",1439,23:12,7:28,M 30-34/8,M-33,50,23:20,56.29%
56,Robert Moseley,"Brentwood, TN",1672,23:15,7:29,M 45-49/9,M-48,51,23:20,62.48%
57,Michael Kennedy,"Nashville, TN",2031,23:18,7:30,M 25-29/13,M-29,52,23:27,55.48%
58,Smith Jewell,"Nashville, TN",1808,23:19,7:31,M 25-29/14,M-27,53,23:39,55.36%
59,Cory Simpson,"Louisville, KY",2226,23:22,7:32,M 35-39/8,M-36,54,26:04,56.82%
60,Matthew West,"Hermitage, TN",1818,23:24,7:32,M 35-39/9,M-37,55,23:25,57.09%
61,Jeff Doninger,"Georgetown, KY",1422,23:25,7:33,M 40-44/5,M-44,56,23:38,60.11%
62,Michael Tate,"Franklin, TN",1820,23:25,7:33,M 35-39/10,M-37,57,23:48,57.05%
63,Justin Brown,"Cookeville, TN",1043,23:26,7:33,M 30-34/9,M-32,58,23:35,55.52%
64,Adam Roberson,"Columbia, TN",1538,23:29,7:34,M 30-34/10,M-34,59,23:37,55.89%
65,Dale Marsee,"Franklin, TN",1886,23:29,7:34,M 50-54/4,M-50,60,23:32,62.81%
66,Matt Zoccola,"Mount Juliet, TN",1571,23:30,7:34,M 25-29/15,M-26,61,23:43,54.93%
67,Lauren Cromer,"Nashville, TN",2119,23:32,7:35,F 30-34/1,F-32,6,23:48,63.08%
68,Shari Crowe,"Madison, AL",1412,23:35,7:36,F 40-44/2,F-44,7,23:49,66.76%
69,Joseph Kornblee,"Hermitage, TN",2091,23:36,7:36,M 13-17/2,M-16,62,23:48,58.09%
70,Zane Davisson,"Fairview, TN",2117,23:38,7:37,M 18-24/5,M-20,63,23:40,55.19%
71,Thomas Wair,"La Vergne, TN",1908,23:39,7:37,M 18-24/6,M-20,64,23:45,55.15%
72,Andres Yanes,"Nashville, TN",1659,23:40,7:37,M 25-29/16,M-29,65,23:55,54.62%
73,Susan Lambreth,"Brentwood, TN",2247,23:40,7:37,F 50-54/1,F-52,8,23:41,72.66%
74,Cory Glenn,"Nashville, TN",2186,23:41,7:38,M 25-29/17,M-26,66,23:48,54.51%
75,Shannon Ledbetter,"Chatsworth, GA",1154,23:41,7:38,M 40-44/6,M-42,67,23:45,58.52%
76,John Lee,"Spring Hill, TN",1603,23:43,7:38,M 25-29/18,M-25,68,23:46,54.43%
77,Clinton Ebel,"Nashville, TN",2212,23:44,7:39,M 25-29/19,M-25,69,23:57,54.39%
78,Zach Jones,"Michie, TN",1565,23:44,7:39,M 18-24/7,M-24,70,23:53,54.39%
79,Brent Jones,"Mount Juliet, TN",1553,23:45,7:39,M 45-49/10,M-45,71,23:55,59.76%
80,Amber Magana,"Smyrna, TN",1325,23:45,7:39,F 30-34/2,F-33,9,23:51,62.64%
81,Eldred Peterson,"Elizabethtown, KY",2067,23:45,7:39,M 40-44/7,M-43,72,23:47,58.81%
82,Benjamin Harris,"Nashville, TN",2023,23:53,7:41,M 01-12/1,M-12,73,24:00,62.29%
83,Jeff Buchanan,"Thompsons Station, TN",1647,23:53,7:42,M 30-34/11,M-33,74,24:00,54.68%
84,David Bryant,"Clarksville, TN",2193,23:54,7:42,M 40-44/8,M-42,75,24:00,57.99%
85,Kathleen Gooch,"Nashville, TN",1248,23:56,7:43,F 30-34/3,F-30,10,24:15,61.88%
86,Michael Gooch,"Nashville, TN",1249,23:56,7:43,M 30-34/12,M-32,76,24:15,54.36%
87,Drew Hendrickson,"Nashville, TN",1663,24:00,7:44,M 30-34/13,M-30,77,24:06,53.93%
88,Andrea Zills,"Franklin, TN",1664,24:00,7:44,F 18-24/1,F-24,11,24:07,61.71%
89,Emily Masters,"Franklin, TN",1658,24:00,7:44,F 25-29/1,F-27,12,24:15,61.71%
90,Matt Dean,"Hermitage, TN",2125,24:01,7:44,M 35-39/11,M-38,78,24:10,56.04%
91,Chris Gabelmann,"Clarksville, TN",1386,24:03,7:45,M 13-17/3,M-13,79,24:11,60.29%
92,Wray Gabelmann,"Clarksville, TN",1388,24:04,7:45,M 40-44/9,M-43,80,24:12,58.07%
93,Jacob Taylor,"Nashville, TN",2205,24:04,7:45,M 25-29/20,M-26,81,28:24,53.64%
94,Jamie Hankins,"Madison, AL",1181,24:04,7:45,F 30-34/4,F-31,13,24:06,61.57%
95,Tracey Binkley,"Murfreesboro, TN",1660,24:05,7:45,M 40-44/10,M-42,82,24:17,57.55%
96,Clyde Goins,"Nashville, TN",2152,24:06,7:46,M 18-24/8,M-23,83,24:10,53.56%
97,Sam Martin,"Gallatin, TN",2238,24:09,7:47,M 18-24/9,M-20,84,24:15,54.01%
98,Dominic Cespino,"Murfreesboro, TN",1947,24:10,7:47,M 35-39/12,M-37,85,24:14,55.28%
99,Andy Dorris,"White House, TN",1049,24:12,7:48,M 25-29/21,M-29,86,24:18,53.37%
100,Cuong Le,"Nashville, TN",1569,24:14,7:48,M 18-24/10,M-24,87,26:03,53.27%
101,William Vincent,"Clarksville, TN",2195,24:22,7:51,M 60-64/1,M-63,88,24:28,67.62%
102,Kelly Hayes,"Aspen, CO",2253,24:24,7:52,M 55-59/1,M-56,89,26:05,63.57%
103,John Stephens,"Lebanon, TN",1861,24:27,7:53,M 35-39/13,M-38,90,24:40,55.05%
104,Chris Neidigh,"Yorkville, IL",1090,24:27,7:53,M 35-39/14,M-36,91,24:41,54.30%
105,Suzanne Crenshaw,"Franklin, TN",1983,24:31,7:54,F 40-44/3,F-43,14,26:04,63.74%
106,Ben Baggett,"Nashville, TN",1734,24:36,7:55,M 25-29/22,M-25,92,25:01,52.47%
107,Jeff Lea,"Lebanon, TN",1671,24:37,7:56,M 35-39/15,M-36,93,24:43,53.93%
108,Tyler Adcock,"Murfreesboro, TN",2171,24:38,7:56,M 25-29/23,M-27,94,24:43,52.40%
109,Amanda Birk,"Franklin, TN",1563,24:42,7:57,F 25-29/2,F-26,15,24:56,59.96%
110,Margie Stoll,"Nashville, TN",2143,24:44,7:58,F 70-74/1,F-71,16,24:48,91.57%
111,Jeremy Cox,"Nashville, TN",1274,24:48,7:59,M 25-29/24,M-25,95,25:05,52.05%
112,Sara Foster,"Madison, AL",1855,24:49,8:00,F 30-34/5,F-32,17,24:51,59.81%
113,Seth Douglas,"Pleasant View, TN",1792,24:49,8:00,M 13-17/4,M-16,96,29:13,55.24%
114,Natalie Thompson,"Alvaton, KY",2155,24:51,8:00,F 13-17/1,F-15,18,25:09,62.42%
115,Brian Adkison,"Lebanon, TN",1330,24:54,8:01,M 40-44/11,M-41,97,25:00,55.26%
116,Lee Cranford,"Nashville, TN",1583,24:59,8:03,M 25-29/25,M-27,98,25:03,51.67%
117,Spencer Shimon,"Clarksville, TN",2113,25:01,8:03,M 25-29/26,M-27,99,26:43,51.60%
118,Grace Tracy,"Oak Grove, KY",1652,25:02,8:04,F 25-29/3,F-27,19,25:08,59.16%
119,Mario Vigil,"Franklin, TN",2224,25:03,8:04,M 45-49/11,M-48,100,26:51,57.99%
120,Mickey Sullivan,"Nashville, TN",2197,25:07,8:06,M 60-64/2,M-63,101,25:28,65.60%
121,Sean Wilbur,"Nashville, TN",1082,25:08,8:06,M 30-34/14,M-30,102,25:33,51.49%
122,Jonathan Forren,"Murfreesboro, TN",1775,25:08,8:06,M 35-39/16,M-39,103,26:48,53.95%
123,Henry Trost,"Nashville, TN",2044,25:08,8:06,M 45-49/12,M-45,104,25:21,56.47%
124,Cleo Sanders,"Smithville, TN",2094,25:10,8:06,M 30-34/15,M-31,105,25:34,51.56%
125,Nicholas Liverett,"Clarksville, TN",2299,25:10,8:06,M 35-39/17,M-39,106,25:20,53.88%
126,Saif Mohammed,"Bowling Green, KY",1295,25:11,8:07,M 25-29/27,M-26,107,25:19,51.26%
127,Robert Lynn,"Midland City, AL",1213,25:13,8:07,M 25-29/28,M-27,108,25:21,51.19%
128,Anthony Grossi,"Chattanooga, TN",1996,25:14,8:08,M 50-54/5,M-52,109,25:30,59.42%
129,Donald Cole,"Nashville, TN",2239,25:15,8:08,M 50-54/6,M-54,110,25:21,60.37%
130,Jackie Wright,"Manchester, TN",1767,25:19,8:09,F 40-44/4,F-44,20,25:27,62.19%
131,Carolyn Peters,"Mount Juliet, TN",1461,25:19,8:09,F 25-29/4,F-28,21,26:52,58.50%
132,Drew Evans,"Nashville, TN",1873,25:21,8:10,M 18-24/11,M-24,111,25:41,50.92%
133,Paul Dixon,"Gallatin, TN",2236,25:24,8:11,M 25-29/29,M-28,112,25:29,50.82%
134,Paul Douglas,"Pleasant View, TN",1793,25:24,8:11,M 18-24/12,M-21,113,29:49,51.02%
135,Mason Boisseau,"Clarksville, TN",1894,25:26,8:11,M 25-29/30,M-27,114,25:38,50.75%
136,Kevin Nelson,"Nashville, TN",1601,25:28,8:12,M 45-49/13,M-46,115,26:58,56.12%
137,Todd Chappel,"Bowling Green, KY",1713,25:30,8:13,M 25-29/31,M-27,116,29:28,50.62%
138,Kimberly Hillis,"Manchester, TN",1336,25:32,8:13,F 35-39/1,F-35,22,25:40,58.59%
139,Jonathan Smith,"Lexington, KY",1839,25:33,8:14,M 30-34/16,M-32,117,25:43,50.91%
140,Kensuke Shimizu,"Brentwood, TN",1912,25:34,8:14,M 13-17/5,M-15,118,25:46,54.47%
141,Mark Hankins,"Madison, AL",1182,25:34,8:14,M 35-39/18,M-36,119,25:37,51.92%
142,Kimberly Hill,"Murray, KY",1566,25:35,8:14,F 40-44/5,F-41,23,29:33,60.17%
143,Ashley Lang,"Brentwood, TN",1298,25:36,8:15,F 13-17/2,F-15,24,27:16,60.59%
144,Tyler Horner,"Nashville, TN",1188,25:36,8:15,M 30-34/17,M-34,120,25:50,51.27%
145,Aki Ishiwatari,"Rainsville, AL",1447,25:42,8:17,M 40-44/12,M-41,121,26:00,53.54%
146,Mia Scott,"Nashville, TN",1901,25:43,8:17,F 45-49/2,F-45,25,25:48,61.80%
147,Michiyo Yuasa,"Nashville, TN",1554,25:47,8:18,F 30-34/6,F-33,26,26:08,57.70%
148,Jared Austin,"Smyrna, TN",1643,25:48,8:18,M 25-29/32,M-26,122,27:16,50.03%
149,Tiffany Day,"Madison, AL",1410,25:50,8:19,F 30-34/7,F-31,27,25:51,57.39%
150,Mary Williams,"Nashville, TN",1737,25:51,8:20,F 50-54/2,F-54,28,25:55,68.26%
151,Tim Forsythe,"Shelbyville, TN",1646,25:51,8:20,M 45-49/14,M-45,123,26:06,54.90%
152,Jody Freeman,"Maryville, TN",2144,25:52,8:20,M 18-24/13,M-19,124,25:53,51.00%
153,Tom Karl,"Clarksville, TN",1404,25:52,8:20,M 40-44/13,M-44,125,27:34,54.42%
154,Brian Wolthuis,"Saratoga Springs, NY",1969,25:53,8:20,M 25-29/33,M-27,126,30:13,49.87%
155,Patrick Jones,"Michie, TN",1954,25:55,8:21,M 18-24/14,M-22,127,26:09,49.81%
156,Michael Childress,"Manchester, TN",1318,25:58,8:22,M 40-44/14,M-42,128,26:07,53.37%
157,Sarah Brown,"Nashville, TN",1728,26:03,8:23,F 25-29/5,F-29,29,26:21,56.85%
158,Brandon Swygert,"Nashville, TN",1854,26:05,8:24,M 25-29/34,M-26,129,27:55,49.46%
159,Daren Oakley,"McMinnville, TN",1296,26:07,8:25,M 30-34/18,M-30,130,26:32,49.55%
160,Michael Payne,"Nashville, TN",1904,26:11,8:26,M 30-34/19,M-33,131,26:27,49.87%
161,Donna Dworak,"Nashville, TN",1229,26:17,8:28,F 45-49/3,F-48,30,26:41,62.31%
162,Manda Patrick,"Mount Juliet, TN",1979,26:28,8:32,F 30-34/8,F-31,31,29:10,56.02%
163,Brandon Kettle,"Clarksville, TN",1941,26:31,8:33,M 35-39/19,M-35,132,26:50,49.75%
164,Traverse Read,"Murfreesboro, TN",1896,26:34,8:33,M 25-29/35,M-28,133,26:48,48.59%
165,Jo Hardy,"Mount Juliet, TN",1473,26:34,8:33,F 45-49/4,F-48,32,26:58,61.64%
166,Duffey Ainsworth,"Charlotte, TN",1073,26:35,8:34,M 25-29/36,M-27,134,28:12,48.56%
167,Elizabeth Gager,"Knoxville, TN",1769,26:36,8:34,F 35-39/2,F-35,33,26:46,56.24%
168,Josh Deck,"Livingston, TN",1479,26:37,8:34,M 35-39/20,M-35,135,27:00,49.56%
169,Robert Keith,"Nashville, TN",1742,26:38,8:35,M 25-29/37,M-27,136,28:05,48.47%
170,Paul Dobbs,"Athens, AL",1879,26:39,8:35,M 40-44/15,M-41,137,28:19,51.63%
171,Roth Terrell,"Smithville, TN",1535,26:39,8:35,M 30-34/20,M-30,138,27:02,48.56%
172,Jim Pierson,"Mount Juliet, TN",1723,26:39,8:35,M 50-54/7,M-50,139,26:57,55.38%
173,Andrea Pierson,"Mount Juliet, TN",1724,26:40,8:35,F 40-44/6,F-40,34,26:58,57.41%
174,Rebekah Pharr,"Nashville, TN",1467,26:43,8:36,F 35-39/3,F-36,35,26:57,56.18%
175,Danny Durkee,"Nashville, TN",1628,26:44,8:37,M 35-39/21,M-37,140,27:03,49.97%
176,Michael Boisseau,"Clarksville, TN",1985,26:45,8:37,M 55-59/2,M-56,141,26:45,57.98%
177,Nancy Cutrell,"Evansville, IN",1620,26:45,8:37,F 35-39/4,F-39,36,27:00,56.86%
178,Mike Moberg,"Jackson, MS",2401,26:45,8:37,M 30-34/21,M-30,142,28:12,48.38%
179,Erin Cawthorn,"Maryville, TN",1691,26:47,8:38,F 18-24/2,F-21,37,29:31,55.29%
180,Aaron Crum,"Franklin, TN",1578,26:47,8:38,M 25-29/38,M-26,143,27:02,48.19%
181,Jennifer Webb,"Winchester, TN",1063,26:48,8:38,F 30-34/9,F-34,38,27:01,55.63%
182,Brittany Loy,"Nolensville, TN",2061,26:50,8:39,F 13-17/3,F-13,39,27:02,59.54%
183,James Murray,"Hermitage, TN",1502,26:52,8:39,M 18-24/15,M-18,144,28:34,49.66%
184,James Fagan,"Nashville, TN",2017,26:52,8:39,M 55-59/3,M-55,145,27:15,57.23%
185,Stephanie Armstrong,"Hermitage, TN",2040,26:53,8:39,F 25-29/6,F-27,40,27:10,55.09%
186,Ken Beemer,"Hartford, KY",1517,26:55,8:40,M 18-24/16,M-21,146,27:18,48.14%
187,Jeff Spain,"Franklin, TN",1372,26:55,8:40,M 45-49/15,M-49,147,29:54,54.40%
188,Tabitha Stackhouse,"Hermitage, TN",2107,26:56,8:40,F 30-34/10,F-31,41,28:33,55.05%
189,Sara (lacey) Williams,"Houston, TX",2062,26:56,8:41,F 18-24/3,F-23,42,27:00,54.98%
190,Amy Young,"Franklin, TN",1373,27:01,8:42,F 35-39/5,F-39,43,27:01,56.30%
191,Preston Akers,"Murfreesboro, TN",1877,27:04,8:43,M 25-29/39,M-27,148,27:17,47.69%
192,Toby Richmond,"Murfreesboro, TN",1531,27:05,8:43,M 50-54/8,M-53,149,28:47,55.85%
193,Doug Birkofer,"Murfreesboro, TN",1433,27:05,8:43,M 50-54/9,M-51,150,28:46,54.93%
194,Eric Miller,"Indian Mound, TN",1146,27:07,8:44,M 45-49/16,M-47,151,29:48,53.14%
195,Chris Fisk,"Athens, AL",1626,27:07,8:44,M 25-29/40,M-28,152,27:07,47.60%
196,Mandy Weaver,"Bowling Green, KY",1281,27:08,8:44,F 30-34/11,F-32,44,27:26,54.70%
197,Kelli Huffman,"Bowling Green, KY",1356,27:08,8:44,F 30-34/12,F-31,45,27:26,54.64%
198,Kelly Nicole Curtis,"Franklin, TN",1856,27:08,8:44,F 18-24/4,F-24,46,27:12,54.58%
199,Christine Oliver,"Franklin, TN",1992,27:09,8:45,F 30-34/13,F-30,47,27:18,54.55%
200,Jeff Oliver,"Franklin, TN",1993,27:11,8:45,M 30-34/22,M-33,153,27:20,48.04%
201,Jubal Parris,"Nashville, TN",1498,27:13,8:46,M 25-29/41,M-25,154,27:27,47.43%
202,Johnny Mocic,"Portland, TN",2251,27:13,8:46,M 01-12/2,M-9,155,27:13,60.11%
203,Barry Matthews,"Nashville, TN",1543,27:14,8:46,M 50-54/10,M-53,156,29:59,55.54%
204,Kathryn Hisey,"Cane Ridge, TN",1114,27:16,8:47,F 25-29/7,F-26,48,27:36,54.31%
205,Fred Henegar,"Murfreesboro, TN",1487,27:20,8:48,M 45-49/17,M-48,157,27:43,53.14%
206,Alex Lisic,"Cookeville, TN",1491,27:20,8:48,M 25-29/42,M-27,158,28:54,47.22%
207,Brent Brown,"Nolensville, TN",1164,27:20,8:48,M 35-39/22,M-38,159,30:05,49.24%
208,Barry Cantrell,"Lascassas, TN",2037,27:24,8:49,M 25-29/43,M-28,160,27:32,47.11%
209,Le Ann Oldham,"Nashville, TN",2244,27:24,8:50,F 45-49/5,F-48,49,27:46,59.73%
210,Paul Coakley,"Brentwood, TN",1272,27:26,8:50,M 50-54/11,M-50,161,29:12,53.80%
211,Andy Peterson,"Nashville, TN",1448,27:27,8:51,M 35-39/23,M-39,162,27:49,49.39%
212,Cesar Rafael Tamez Morales,"MX, ",2004,27:28,8:51,M 18-24/17,M-21,163,28:59,47.18%
213,George Holleman,"Memphis, TN",1591,27:28,8:51,M 40-44/16,M-40,164,27:44,49.73%
214,Gabe Weaver,"Bowling Green, KY",1282,27:29,8:51,M 35-39/24,M-36,165,27:49,48.30%
215,Brian Dunn,"Springfield, TN",1416,27:29,8:51,M 35-39/25,M-37,166,29:16,48.60%
216,Andrew Foust,"Nashville, TN",1634,27:29,8:51,M 18-24/18,M-23,167,29:18,46.97%
217,Kim Childress,"Manchester, TN",1317,27:29,8:51,F 35-39/6,F-39,50,27:48,55.34%
218,Robert Pirtle,"Spring Hill, TN",1702,27:29,8:51,M 40-44/17,M-40,168,27:55,49.70%
219,Christopher Marks,"Franklin, TN",1500,27:30,8:51,M 25-29/44,M-29,169,27:54,47.00%
220,Peggy Hooks,"Hendersonville, TN",1048,27:32,8:52,F 50-54/3,F-54,51,27:49,64.08%
221,Travis Maddox,"Portageville, MO",1751,27:33,8:52,M 40-44/18,M-43,170,29:12,50.73%
222,Alandis Brassel,"Nashville, TN",2230,27:33,8:52,M 25-29/45,M-28,171,29:08,46.85%
223,Minh Le,"Nashville, TN",1564,27:33,8:52,M 18-24/19,M-23,172,29:22,46.85%
224,Joey Montalbano,"Hendersonville, TN",1528,27:37,8:54,M 30-34/23,M-31,173,27:47,46.98%
225,Darin Plumlee,"Lebanon, TN",1141,27:38,8:54,M 40-44/19,M-41,174,27:49,49.79%
226,Dana Briggs,"Nolensville, TN",1079,27:41,8:55,M 35-39/26,M-35,175,29:14,47.65%
227,Jennifer Briggs,"Nolensville, TN",1080,27:41,8:55,F 30-34/14,F-34,52,29:14,53.86%
228,Laura Field,"Hopkinsville, KY",1390,27:43,8:55,F 40-44/7,F-43,53,27:59,56.38%
229,William Squirrell,"Cherokee, NC",1633,27:44,8:56,M 45-49/18,M-45,176,30:30,51.17%
230,Will Griffith,"Nashville, TN",2109,27:46,8:56,M 35-39/27,M-35,177,29:23,47.51%
231,Brad Macgregor,"Franklin, TN",1255,27:46,8:56,M 35-39/28,M-39,178,29:28,48.83%
232,Agnes Fogo,"Mount Juliet, TN",2028,27:47,8:57,F 55-59/1,F-56,54,30:27,65.19%
233,Priscilla Squirrell,"Cherokee, NC",1632,27:48,8:57,F 13-17/4,F-16,55,30:30,55.07%
234,Steven Akins,"Hendersonville, TN",2190,27:49,8:57,M 18-24/20,M-20,179,29:28,46.88%
235,Kevin Moll,"Joelton, TN",1400,27:50,8:58,M 50-54/12,M-51,180,29:31,53.45%
236,Ronnie McClain,"Clarksville, TN",1986,27:51,8:58,M 25-29/46,M-29,181,29:31,46.41%
237,Emily Broyles,"Chuckey, TN",1244,27:53,8:59,F 18-24/5,F-23,56,29:36,53.11%
238,Gregor Johnson,"Nashville, TN",1494,27:53,8:59,M 01-12/3,M-9,182,28:08,58.67%
239,Korey Hodges,"Franklin, TN",1266,27:53,8:59,M 35-39/29,M-35,183,28:04,47.31%
240,Brian Johnson,"Nashville, TN",1492,27:53,8:59,M 40-44/20,M-41,184,28:08,49.34%
241,Lanette Miller,"Indian Mound, TN",1148,27:55,8:59,F 45-49/6,F-46,57,30:35,57.47%
242,Nathan Barnes,"Cookeville, TN",1611,27:55,9:00,M 13-17/6,M-14,185,28:13,50.84%
243,Jordan Lockett,"Madison, AL",1453,27:56,9:00,F 25-29/8,F-28,58,28:03,53.01%
244,Michael Barnes,"Cookeville, TN",1610,27:57,9:00,M 30-34/24,M-30,186,28:13,46.30%
245,Anthony Marino,"Hendersonville, TN",2252,28:09,9:04,M 35-39/30,M-38,187,29:36,47.81%
246,Akeem Lockett,"Madison, AL",1452,28:09,9:04,M 25-29/47,M-29,188,28:15,45.91%
247,Derek Smith,"Nashville, TN",1527,28:10,9:04,M 25-29/48,M-29,189,29:55,45.89%
248,Steve Marks,"Jackson, TN",1608,28:13,9:05,M 50-54/13,M-54,190,29:48,54.02%
249,Gene Caballero,"Murfreesboro, TN",2052,28:13,9:05,M 30-34/25,M-33,191,29:52,46.28%
250,Danny Dorris,"Springfield, TN",1047,28:16,9:06,M 60-64/3,M-62,192,28:23,57.76%
251,Chris Merren,"Fort Campbell, KY",1172,28:18,9:07,M 35-39/31,M-39,193,28:18,47.91%
252,Sean Alexander,"Nashville, TN",1398,28:18,9:07,M 35-39/32,M-35,194,29:46,46.61%
253,Alex Plunkett,"Mount Pleasant, TN",1893,28:18,9:07,M 30-34/26,M-32,195,31:17,45.96%
254,Diane Finch,"Sylvania, AL",1451,28:18,9:07,F 40-44/8,F-42,59,28:35,54.80%
255,Kelly Watson,"Smyrna, TN",1278,28:19,9:07,F 35-39/7,F-38,60,28:43,53.47%
256,Katie Watts,"Nashville, TN",1910,28:20,9:07,F 25-29/9,F-29,61,29:50,52.27%
257,Bonnie Batey,"Hendersonville, TN",1085,28:20,9:08,F 30-34/15,F-31,62,30:01,52.32%
258,Rob Jackson,"Nashville, TN",1812,28:21,9:08,M 25-29/49,M-28,196,28:45,45.53%
259,David Kovach,"Brentwood, TN",1790,28:21,9:08,M 40-44/21,M-41,197,28:34,48.53%
260,Kayla Mills,"Camden, TN",1084,28:22,9:08,F 30-34/16,F-31,63,30:03,52.26%
261,Chris Guarrera,"Thompsons Station, TN",2132,28:22,9:08,M 45-49/19,M-47,198,28:46,50.79%
262,Michael Musacchio,"Nashville, TN",1070,28:24,9:09,M 13-17/7,M-13,199,28:33,51.09%
263,Turner Talley,"Franklin, TN",2267,28:25,9:09,M 50-54/14,M-52,200,31:11,52.76%
264,Lindsey Peyton,"Lawrenceville, GA",1516,28:25,9:09,F 18-24/6,F-22,64,28:47,52.11%
265,Brent Cantrell,"Cookeville, TN",1555,28:26,9:09,M 30-34/27,M-34,201,28:35,46.16%
266,Elana Richardson,"Millington, TN",1657,28:27,9:10,F 45-49/7,F-45,65,28:39,55.86%
267,Mike Murphy,"Franklin, TN",1217,28:28,9:10,M 35-39/33,M-37,202,30:03,46.92%
268,Austin Murphy,"Franklin, TN",1219,28:28,9:10,M 01-12/4,M-9,203,30:02,57.47%
269,Dayna Moseley,"Brentwood, TN",1673,28:29,9:10,F 40-44/9,F-44,66,28:34,55.27%
270,Mark Ezell,"Nashville, TN",2265,28:31,9:11,M 50-54/15,M-52,204,31:18,52.57%
271,Ross Brooks,"Nashville, TN",1990,28:32,9:11,M 30-34/28,M-30,205,30:12,45.35%
272,Graham Gilson,"Franklin, TN",1971,28:32,9:11,M 25-29/50,M-26,206,32:52,45.24%
273,Chelsea Crews,"South Fulton, TN",1092,28:32,9:11,F 18-24/7,F-24,67,28:45,51.90%
274,Michelle Kennedy,"Nashville, TN",2030,28:32,9:11,F 25-29/10,F-28,68,30:20,51.90%
275,Chris Eby,"Gallatin, TN",1100,28:33,9:12,M 25-29/51,M-28,207,30:04,45.21%
276,Joseph Butler,"Martin, TN",1943,28:33,9:12,M 25-29/52,M-26,208,28:53,45.21%
277,Nikita Deck,"Livingston, TN",1480,28:34,9:12,F 25-29/11,F-26,69,28:57,51.84%
278,Becky Gravely,"Mount Juliet, TN",1666,28:34,9:12,F 35-39/8,F-36,70,30:05,52.54%
279,Jesse McDonald,"Nashville, TN",2071,28:34,9:12,M 25-29/53,M-27,209,28:45,45.18%
280,Thomas Pounds,"Mount Juliet, TN",1504,28:38,9:13,M 35-39/34,M-38,210,28:53,47.00%
281,Chris Day,"Madison, AL",1411,28:39,9:14,M 35-39/35,M-38,211,28:41,46.97%
282,Krissy Harrison,"Martin, TN",1236,28:41,9:14,F 25-29/12,F-27,71,30:14,51.63%
283,Kristen Kovach,"Brentwood, TN",1786,28:42,9:14,F 35-39/9,F-36,72,28:54,52.30%
284,Tom Baird,"Antioch, TN",1120,28:43,9:15,M 30-34/29,M-32,212,30:13,45.30%
285,Cindy Bisner,"Nashville, TN",2070,28:43,9:15,F 25-29/13,F-27,73,28:54,51.57%
286,Sanjay Bhakta,", ",2300,28:45,9:16,M 35-39/36,M-38,214,28:50,46.81%
287,Chris Martin,"Athens, AL",1466,28:45,9:16,M 30-34/30,M-31,213,31:43,45.13%
288,Jonathan Strantz,"Murfreesboro, TN",1780,28:48,9:16,M 25-29/54,M-27,215,31:34,44.82%
289,Kristin Polidoro,"Spring Hill, TN",1116,28:51,9:17,F 35-39/10,F-38,74,30:20,52.49%
290,Jose Sierra,"Knoxville, TN",1853,28:52,9:18,M 18-24/21,M-18,216,29:08,46.22%
291,John Barrett,"Nashville, TN",1541,28:54,9:18,M 45-49/20,M-49,217,28:55,50.66%
292,Eric Lisic,"Crossville, TN",1495,28:54,9:18,M 25-29/55,M-27,218,28:54,44.66%
293,Stacy Cooreman,"Hermitage, TN",1644,28:54,9:18,F 30-34/17,F-31,75,30:33,51.30%
294,Matthew Claunch,"Thompsons Station, TN",1515,28:54,9:19,M 35-39/37,M-36,219,29:09,45.93%
295,Tim Lawson,"Cleveland, TN",2049,28:56,9:19,M 40-44/22,M-42,220,31:43,47.90%
296,Danny Baker,"Waverly, TN",1744,28:57,9:19,M 40-44/23,M-43,221,30:45,48.27%
297,Matt Lorenz,"Hamilton, OH",2139,28:58,9:20,M 25-29/56,M-28,222,29:04,44.56%
298,Christopher Menerick,"Harrison, TN",1287,29:01,9:21,M 25-29/57,M-29,223,29:20,44.54%
299,Nancy Sullivan,"Nashville, TN",2196,29:03,9:21,F 50-54/4,F-51,76,29:25,58.44%
300,Christie Feiler,"Nashville, TN",1001,29:06,9:22,F 45-49/8,F-47,77,29:18,55.70%
301,Mallory Seaton,"Savannah, TN",1346,29:10,9:24,F 18-24/8,F-23,78,31:50,50.77%
302,Ryan Miller,"Clarksville, TN",1147,29:10,9:24,M 18-24/22,M-24,224,31:50,44.25%
303,Craig Niehaus,"Hamilton, OH",1700,29:12,9:24,M 30-34/31,M-30,225,29:31,44.32%
304,Matt Harvey,"Murfreesboro, TN",1802,29:12,9:24,M 35-39/38,M-35,226,32:01,45.17%
305,Nicholas Webb,"Nashville, TN",1623,29:14,9:25,M 35-39/39,M-37,227,32:02,45.69%
306,Sarah Petersen,"Franklin, TN",1970,29:15,9:25,F 25-29/14,F-28,79,33:34,50.63%
307,Kyle Shaffmaster,"Franklin, TN",1562,29:17,9:26,M 01-12/5,M-11,228,30:55,52.28%
308,Terribeth Bailey,"Smyrna, TN",1030,29:17,9:26,F 25-29/15,F-26,80,31:58,50.57%
309,Anthony Trice,"Nashville, TN",1207,29:18,9:26,M 50-54/16,M-53,229,29:20,51.62%
310,Josh Kugler,"Martin, TN",1942,29:19,9:26,M 30-34/32,M-30,230,29:39,44.14%
311,Lauren Weaver,"Nashville, TN",1378,29:20,9:27,F 18-24/9,F-24,81,29:34,50.48%
312,Wade Weaver,"Nashville, TN",1377,29:21,9:27,M 25-29/58,M-25,231,29:34,43.98%
313,Tyler Snead,"Palmyra, TN",1237,29:21,9:27,M 13-17/8,M-15,232,32:12,47.44%
314,Pete Benson,"Mount Juliet, TN",2078,29:21,9:27,M 50-54/17,M-53,233,30:58,51.53%
315,Cayden Tucker,"Murfreesboro, TN",1869,29:22,9:28,M 01-12/6,M-10,234,32:20,53.78%
316,Tony Elmore,"Pawnee, IL",1056,29:22,9:28,M 45-49/21,M-49,235,30:54,49.86%
317,Michael Fitz,"Brentwood, TN",2034,29:23,9:28,M 30-34/33,M-32,236,34:01,44.27%
318,Ashley Fitz,"Brentwood, TN",2035,29:24,9:28,F 30-34/18,F-32,82,34:01,50.48%
319,Heather Brett,"Murfreesboro, TN",1651,29:25,9:28,F 35-39/11,F-35,83,29:36,50.85%
320,Jessica Terrell,"Smithville, TN",1537,29:25,9:28,F 18-24/10,F-24,84,29:48,50.34%
321,Vince Foster,"Nashville, TN",2191,29:25,9:29,M 45-49/22,M-48,237,32:13,49.38%
322,Kevin Schreiner,"Madisonville, KY",1900,29:27,9:29,M 40-44/24,M-42,238,29:48,47.06%
323,Jennifer Macgregor,"Spring Hill, TN",1254,29:27,9:29,F 35-39/12,F-39,85,31:09,51.64%
324,Amy Dreiling,"Franklin, TN",2086,29:28,9:29,F 35-39/13,F-36,86,29:43,50.93%
325,Ronnie Haislip,"Nolensville, TN",1261,29:33,9:31,M 55-59/4,M-55,239,29:46,52.03%
326,Bryna Bobick,"Memphis, TN",1756,29:34,9:31,F 35-39/14,F-38,87,31:16,51.21%
327,Lance Pugliese,"White House, TN",1477,29:34,9:31,M 25-29/59,M-26,240,32:35,43.65%
328,Ben Rogers,"Lascassas, TN",1514,29:34,9:31,M 25-29/60,M-26,241,31:10,43.65%
329,Ashley Castle,"Smyrna, TN",1095,29:36,9:32,F 25-29/16,F-28,88,32:21,50.03%
330,John Wilson,"Arab, AL",2210,29:36,9:32,M 60-64/4,M-61,242,31:14,54.70%
331,Amy Menerick,"Harrison, TN",1288,29:36,9:32,F 25-29/17,F-26,89,29:54,50.03%
332,Beth Binkley,"Murfreesboro, TN",1661,29:37,9:32,F 40-44/10,F-42,90,32:19,52.36%
333,Kelly Ashley Taylor,"Tullahoma, TN",1577,29:37,9:32,F 30-34/19,F-32,91,29:43,50.11%
334,Jl Holloway,"Clarksville, TN",1630,29:37,9:32,M 40-44/25,M-44,243,31:07,47.52%
335,Melissa McGee,"Antioch, TN",2194,29:39,9:33,F 40-44/11,F-41,92,31:25,51.91%
336,Melissa Greer,"Cookeville, TN",1556,29:39,9:33,F 30-34/20,F-30,93,29:49,49.94%
337,Fran McConnell,"Franklin, TN",1741,29:39,9:33,F 40-44/12,F-41,94,31:26,51.91%
338,Cathy Lewandowski,"Nashville, TN",2221,29:41,9:34,F 40-44/13,F-42,95,31:17,52.25%
339,Wade Robinson,"Clarksville, TN",1682,29:42,9:34,M 35-39/40,M-36,244,29:59,44.69%
340,Kerry Kimbro,"Goodlettsville, TN",2222,29:42,9:34,M 55-59/5,M-56,245,29:58,52.22%
341,Amy Friedman,"Nashville, TN",1771,29:42,9:34,F 40-44/14,F-41,96,31:27,51.80%
342,Christopher Rasnic,"Clarksville, TN",1984,29:43,9:34,M 25-29/61,M-27,246,31:22,43.43%
343,Lacey Smith,"Nashville, TN",1815,29:45,9:35,F 25-29/18,F-29,97,30:07,49.78%
344,Keith Bell,"Gallatin, TN",1743,29:46,9:35,M 40-44/26,M-43,247,31:33,46.95%
345,Rosemary Cothran,"Mt Pleasant, TN",1987,29:46,9:35,F 35-39/15,F-39,98,31:19,51.09%
346,Magan Dixon,"Gallatin, TN",2235,29:51,9:37,F 25-29/19,F-27,99,29:57,49.61%
347,Jonathon Garnett,"Hopkinsville, KY",1938,29:51,9:37,M 13-17/9,M-14,248,30:08,47.54%
348,David Greenway,"Lawrenceburg, TN",1590,29:52,9:37,M 35-39/41,M-36,249,31:38,44.44%
349,Julie Garnett,"Hopkinsville, KY",1936,29:53,9:37,F 45-49/9,F-48,100,30:08,54.80%
350,Pam Apple,"Manchester, TN",1313,29:56,9:38,F 45-49/10,F-46,101,30:16,53.59%
351,Michele Emerson,"Manchester, TN",1315,29:56,9:38,F 40-44/15,F-43,102,30:16,52.20%
352,Robert Rogers,"Columbia, TN",1890,29:56,9:38,M 30-34/34,M-31,250,32:53,43.34%
353,Jill Propper,"Nashville, TN",1442,29:57,9:39,F 30-34/21,F-30,103,32:49,49.44%
354,Lorena Machado,"Nashville, TN",1259,29:57,9:39,F 40-44/16,F-40,104,31:24,51.11%
355,Jeremy Kuss,"Nashville, TN",1967,29:57,9:39,M 35-39/42,M-37,251,30:08,44.60%
356,Mary Jane Crites,"Manchester, TN",1338,29:58,9:39,F 65-69/1,F-65,105,30:16,68.73%
357,Mandy Fry,"Thompsons Station, TN",1968,29:58,9:39,F 25-29/20,F-27,106,30:08,49.42%
358,Kimberly Koch,"Old Hickory, TN",1091,30:01,9:40,F 40-44/17,F-41,107,31:35,51.28%
359,John Damschroder,"Nashville, TN",2187,30:02,9:40,M 35-39/43,M-35,252,31:44,43.92%
360,Darren Fox,"Columbia, TN",1360,30:02,9:40,M 30-34/35,M-32,253,31:30,43.31%
361,Bryan Bell,"Knoxville, TN",1549,30:03,9:41,M 30-34/36,M-31,254,31:41,43.17%
362,Michelle Flynt,"Lebanon, TN",1093,30:03,9:41,F 25-29/21,F-29,108,31:30,49.28%
363,Jeremy Flynt,"Lebanon, TN",1097,30:04,9:41,M 25-29/62,M-26,255,31:30,42.93%
364,Michele Luter,"Murfreesboro, TN",1600,30:04,9:41,F 45-49/11,F-49,109,34:07,55.13%
365,Cile Counce,"Lawrenceburg, TN",1312,30:07,9:42,M 18-24/23,M-24,256,32:47,42.86%
366,Michael Gallik,"Nolensville, TN",1551,30:07,9:42,M 25-29/63,M-29,257,31:40,42.91%
367,Corey Simpson,"Portland, TN",2237,30:08,9:42,M 35-39/44,M-38,258,30:13,44.66%
368,Antonio Brum,"Nashville, TN",1976,30:08,9:42,M 18-24/24,M-24,259,31:38,42.83%
369,Joanne Ring,"Columbia, TN",1038,30:09,9:42,F 35-39/16,F-39,110,31:57,50.44%
370,Amy Fizer,"Burns, TN",1322,30:11,9:43,F 30-34/22,F-34,111,34:02,49.39%
371,Casey Brown,"Cookeville, TN",2189,30:16,9:45,M 25-29/64,M-29,260,32:00,42.70%
372,Josh Adcock,"Cookeville, TN",1542,30:20,9:46,M 30-34/37,M-34,261,31:58,43.27%
373,Gary Ligon,"Lebanon, TN",1997,30:20,9:46,M 45-49/23,M-49,262,31:49,48.24%
374,Allison Broadwater,"Nashville, TN",1483,30:21,9:46,F 25-29/22,F-25,112,30:42,48.79%
375,William Hatfield,"Hendersonville, TN",1226,30:21,9:47,M 45-49/24,M-47,263,31:53,47.47%
376,Susan Elrod,"Knoxville, TN",1958,30:24,9:47,F 45-49/12,F-48,113,32:08,53.87%
377,Chelsea Robbins,"Kingwood, TX",2176,30:25,9:48,F 25-29/23,F-25,114,33:08,48.68%
378,Angel Rector,"Mount Vernon, IL",2112,30:27,9:48,F 35-39/17,F-37,115,33:08,49.45%
379,Amanda Herdina,"Nashville, TN",1367,30:29,9:49,F 25-29/24,F-28,116,33:12,48.58%
380,Brett Miller,"Franklin, TN",1922,30:29,9:49,M 25-29/65,M-27,264,30:29,42.34%
381,Darby Day,"Nashville, TN",1368,30:29,9:49,F 30-34/23,F-32,117,33:12,48.69%
382,David Fultz,"Greenville, SC",1889,30:31,9:50,M 18-24/25,M-23,265,33:14,42.30%
383,Micah Crowe,"Jonesborough, TN",1689,30:35,9:51,F 25-29/25,F-29,118,33:32,48.42%
384,David Boling,"Murfreesboro, TN",1670,30:35,9:51,M 25-29/66,M-29,266,33:26,42.26%
385,Amy Frakes,"Owens Cross Roads, AL",1906,30:36,9:51,F 25-29/26,F-29,119,30:39,48.39%
386,Paul Williamson,"Murfreesboro, TN",1669,30:36,9:51,M 55-59/6,M-56,267,33:30,50.68%
387,Maria Lorenz,"Hamilton, OH",2142,30:39,9:52,F 25-29/27,F-26,120,30:44,48.31%
388,Laura Sikes,"Nashville, TN",1642,30:39,9:52,F 25-29/28,F-27,121,32:07,48.31%
389,Brian Rhodes,"Madison, AL",1532,30:41,9:53,M 40-44/27,M-41,268,32:09,44.84%
390,Reed Gabriel,"Tullahoma, TN",1324,30:46,9:54,M 13-17/10,M-17,269,34:38,43.90%
391,Mike Gager,"Knoxville, TN",1750,30:48,9:55,M 35-39/45,M-35,270,33:37,42.83%
392,Mike Harvey,"Benton, KY",1681,30:50,9:56,M 40-44/28,M-42,271,33:38,44.94%
393,Jennifer Davisson,"Fairview, TN",2116,30:52,9:56,F 50-54/5,F-54,122,32:20,57.16%
394,Christopher Proctor,"Hendersonville, TN",2118,30:54,9:57,M 35-39/46,M-39,272,31:07,43.87%
395,Stacie Kinder,"Brentwood, TN",2130,30:54,9:57,F 35-39/18,F-39,123,31:10,49.22%
396,Cordelia Bushong,"Hendersonville, TN",1343,30:54,9:57,F 35-39/19,F-39,124,31:09,49.22%
397,Earl Bushong,"Hendersonville, TN",1342,30:54,9:57,M 40-44/29,M-41,273,31:10,44.50%
398,Dennis Rucker,"Clarksville, TN",1420,30:55,9:57,M 50-54/18,M-53,274,33:41,48.92%
399,Kameron White,"Clarksville, TN",1521,30:56,9:58,M 01-12/7,M-11,275,31:19,49.49%
400,Barbara Weller,"McMinnville, TN",1759,30:57,9:58,F 40-44/18,F-44,125,31:18,50.86%
401,Amanda Harem,"Nashville, TN",2231,30:57,9:58,F 25-29/29,F-27,126,31:07,47.84%
402,Ross Kurtz,"Smyrna, TN",1468,30:57,9:58,M 30-34/38,M-30,276,31:06,41.81%
403,Cindy Sullivan,"Columbia, TN",1604,31:02,10:00,F 40-44/19,F-42,127,31:14,49.97%
404,Curtiss Sullivan,"Columbia, TN",1613,31:03,10:00,M 45-49/25,M-49,277,31:14,47.15%
405,Tony Vincent,"Madison, AL",1511,31:03,10:00,M 30-34/39,M-33,278,32:31,42.05%
406,Rajiv Gumpina,"Nashville, TN",1474,31:03,10:00,M 25-29/67,M-27,279,33:53,41.57%
407,Robert Rippy,"Hendersonville, TN",2026,31:05,10:01,M 30-34/40,M-33,280,33:58,42.01%
408,Corey Macdonald,"Mount Juliet, TN",2106,31:05,10:01,M 18-24/26,M-22,281,32:42,41.52%
409,Taylor Vandever,"Lebanon, TN",1062,31:06,10:01,M 25-29/68,M-27,282,31:25,41.50%
410,John Lafevor,"Lebanon, TN",1246,31:06,10:01,M 45-49/26,M-47,283,31:28,46.33%
411,Karen Beard,"Nashville, TN",1505,31:06,10:01,F 30-34/24,F-33,128,32:41,47.83%
412,Byron Fogo,"Mount Juliet, TN",2027,31:08,10:02,M 65-69/1,M-65,284,33:53,53.88%
413,Annie Musacchio,"Nashville, TN",1068,31:08,10:02,F 18-24/11,F-24,129,31:17,47.56%
414,Tony Lamb,"Nashville, TN",1584,31:10,10:02,M 45-49/27,M-46,285,33:56,45.85%
415,Paul Johnson,"Nashville, TN",1955,31:10,10:02,M 45-49/28,M-46,286,32:46,45.85%
416,Manuel Dixon,"Clarksville, TN",2250,31:11,10:02,M 50-54/19,M-51,287,31:23,47.70%
417,Riley Griffin,"Nashville, TN",2158,31:11,10:02,M 01-12/8,M-11,288,31:13,49.09%
418,Angela Helbig,"Hendersonville, TN",2036,31:11,10:03,F 40-44/20,F-41,130,34:06,49.36%
419,Rollie Erb,"Murray, KY",1568,31:14,10:03,M 35-39/47,M-35,289,35:15,42.23%
420,Bryan Clayton,"Lascassas, TN",2053,31:14,10:03,M 30-34/41,M-32,290,32:53,41.64%
421,Jason McGhinnis,"Kingwood, TX",2177,31:15,10:04,M 25-29/69,M-26,291,33:58,41.30%
422,Delisa Dangerfield,"Cane Ridge, TN",2111,31:18,10:05,F 45-49/13,F-48,131,34:18,52.32%
423,Todd Cunningham,"Smyrna, TN",1797,31:19,10:05,M 40-44/30,M-41,292,34:06,43.93%
424,Kristine Kelly Smith,"Nashville, TN",1526,31:22,10:06,F 30-34/25,F-32,132,33:07,47.32%
425,Mike Alexander,"Nashville, TN",1860,31:23,10:07,M 25-29/70,M-27,293,33:04,41.10%
426,Jason Griffin,"Nashville, TN",2157,31:24,10:07,M 35-39/48,M-39,294,34:11,43.18%
427,Sarah Walker,"Morrison, TN",1787,31:24,10:07,F 25-29/30,F-26,133,31:46,47.16%
428,Jennifer Hayes,"Clarksville, TN",2153,31:25,10:07,F 30-34/26,F-33,134,35:42,47.35%
429,Emily Baker,"Murfreesboro, TN",1878,31:26,10:08,F 18-24/12,F-22,135,33:02,47.11%
430,Jerri Birkofer,"Murfreesboro, TN",1430,31:27,10:08,F 45-49/14,F-49,136,33:08,52.70%
431,Mike Mansfield,"McMinnville, TN",1105,31:28,10:08,M 40-44/31,M-43,295,34:14,44.41%
432,Brent Christopher,"Nashville, TN",1403,31:28,10:08,M 30-34/42,M-34,296,34:08,41.71%
433,Scott McPherson,"Brentwood, TN",1881,31:28,10:08,M 45-49/29,M-47,297,34:19,45.79%
434,Lj Perry,"Lebanon, TN",2127,31:29,10:08,M 45-49/30,M-49,298,31:48,46.50%
435,Jamie McPherson,"Brentwood, TN",1882,31:29,10:08,F 45-49/15,F-45,137,34:19,50.48%
436,Christie Hagan,"Lawrenceburg, TN",1719,31:30,10:09,F 45-49/16,F-45,138,33:16,50.45%
437,Laura Matthews,"Fort Campbell, KY",1427,31:31,10:09,F 30-34/27,F-30,139,33:03,46.98%
438,Bob Bernstein,"Nashville, TN",1574,31:33,10:09,M 50-54/20,M-50,299,33:16,46.78%
439,Ken Bernstein,"Nashville, TN",1575,31:33,10:09,M 50-54/21,M-53,300,33:16,47.94%
440,Jessica Peralta,"Nashville, TN",2134,31:33,10:10,F 30-34/28,F-30,140,31:49,46.93%
441,Mike Matthews,"Fort Campbell, KY",1428,31:33,10:10,M 40-44/32,M-41,301,33:05,43.60%
442,Ivan Murguia,"Cookeville, TN",1044,31:37,10:11,M 30-34/43,M-34,302,31:47,41.51%
443,Ryne Anderson,"Dayton, TN",1950,31:39,10:11,M 18-24/27,M-22,303,34:24,40.78%
444,Rebecca Miodowski,"Hermitage, TN",1817,31:39,10:11,F 30-34/29,F-32,141,34:24,46.89%
445,Marcelle Fischer,"Nashville, TN",1951,31:39,10:12,F 18-24/13,F-22,142,34:24,46.79%
446,Jordan Harper,"Madison, AL",2183,31:40,10:12,M 01-12/9,M-8,304,33:11,53.77%
447,Naga Pasumarthi,"Franklin, TN",2122,31:41,10:12,M 40-44/33,M-44,305,32:07,44.42%
448,Riley Walker,"Nashville, TN",1462,31:41,10:12,M 30-34/44,M-30,306,34:32,40.84%
449,Julie Hatfield,"Hendersonville, TN",1227,31:41,10:12,F 40-44/21,F-41,143,33:14,48.58%
450,Jan Binkley,"Pleasant View, TN",1791,31:42,10:12,F 40-44/22,F-42,144,36:06,48.92%
451,Nicole Doss,"Clarksville, TN",1597,31:43,10:13,F 25-29/31,F-27,145,35:59,46.69%
452,Benjamin Gross,"Smyrna, TN",1919,31:43,10:13,M 30-34/45,M-34,307,35:36,41.38%
453,Brad Burns,"Nashville, TN",2229,31:44,10:13,M 35-39/49,M-38,308,33:31,42.41%
454,Amber Shimon,"Clarksville, TN",2114,31:44,10:13,F 30-34/30,F-32,146,33:27,46.77%
455,Kelly Brunelle,"Nashville, TN",2188,31:45,10:13,F 30-34/31,F-31,147,31:45,46.69%
456,Greg Sample,"Tullahoma, TN",1940,31:46,10:14,M 30-34/46,M-30,309,31:56,40.71%
457,Tc Miller,"Meridianville, AL",1299,31:48,10:14,M 30-34/47,M-32,310,33:15,40.90%
458,Kaylee Scharfman,"Lebanon, TN",1329,31:48,10:14,F 01-12/1,F-10,148,33:36,53.70%
459,Barry Tomlin,"Tullahoma, TN",1939,31:48,10:15,M 35-39/50,M-37,311,31:58,42.00%
460,Ryan O'Connor,"Nashville, TN",1392,31:48,10:15,M 25-29/71,M-26,312,32:00,40.59%
461,Teri Miller,"Meridianville, AL",1300,31:49,10:15,F 25-29/32,F-28,149,33:15,46.54%
462,Deborah Bayer,"Bell Buckle, TN",1178,31:49,10:15,F 55-59/2,F-57,150,33:16,57.70%
463,David Glenn,"Chattanooga, TN",2032,31:49,10:15,M 45-49/31,M-45,313,34:35,44.60%
464,Anthony Cubero,"Clarksville, TN",1520,31:49,10:15,M 13-17/11,M-14,314,32:13,44.60%
465,Julia Denney,"Columbia, TN",2227,31:49,10:15,F 18-24/14,F-23,151,34:34,46.54%
466,Lisa White,"Clarksville, TN",1519,31:50,10:15,F 30-34/32,F-30,152,32:13,46.52%
467,Paul Crim,"Nashville, TN",1319,31:56,10:17,M 30-34/48,M-32,315,36:36,40.73%
468,Ann Crim,"Nashville, TN",1320,31:56,10:17,F 30-34/33,F-32,153,36:36,46.48%
469,Donald Hawkins,"Nashville, TN",1931,31:57,10:17,M 45-49/32,M-45,316,35:48,44.42%
470,Jim Kang,"Nashville, TN",1339,31:59,10:18,M 25-29/72,M-26,317,34:43,40.35%
471,Joy Hawkins,"Nashville, TN",1932,32:00,10:18,F 50-54/6,F-50,154,35:51,52.42%
472,Amy Osburn,"Franklin, TN",1067,32:02,10:19,F 40-44/23,F-41,155,35:00,48.05%
473,Aaron Canfield,"Murfreesboro, TN",1773,32:02,10:19,M 25-29/73,M-29,318,33:42,40.34%
474,Laura Champlin,"Knoxville, TN",1548,32:02,10:19,F 30-34/34,F-32,156,33:40,46.33%
475,Carol Perry,"Lebanon, TN",2126,32:03,10:19,F 45-49/17,F-49,157,32:23,51.72%
476,Jennifer Matthews,"Nashville, TN",2185,32:04,10:19,F 25-29/33,F-27,158,34:48,46.18%
477,Courtney Eby,"Gallatin, TN",1101,32:05,10:20,F 25-29/34,F-29,159,33:37,46.13%
478,Brian Culpepper,"Nashville, TN",1580,32:06,10:20,M 25-29/74,M-29,319,34:48,40.26%
479,Morgan Armstrong,"Nashville, TN",1921,32:07,10:21,F 25-29/35,F-26,160,32:07,46.11%
480,Ron Wright,"Manchester, TN",1765,32:09,10:21,M 40-44/34,M-44,320,32:16,43.78%
481,Bobby Brantley,"Hendersonville, TN",2242,32:09,10:21,M 45-49/33,M-46,321,35:09,44.45%
482,Charlie Hooks,"Hendersonville, TN",1052,32:13,10:23,M 55-59/7,M-56,322,32:31,48.14%
483,Mark Willcott,"Kingwood, TX",2173,32:18,10:24,M 45-49/34,M-48,323,35:01,44.97%
484,Tim Pitts,"Brentwood, TN",1677,32:18,10:24,M 40-44/35,M-44,324,34:08,43.57%
485,Jenny Pitts,"Brentwood, TN",1676,32:19,10:25,F 35-39/20,F-38,161,34:08,46.85%
486,Charles Addis,"Kingston Springs, TN",1688,32:20,10:25,M 35-39/51,M-36,325,36:18,41.05%
487,Haley Addis,"Kingston Springs, TN",1686,32:20,10:25,F 30-34/35,F-33,162,36:17,46.00%
488,Nicholas Crowe,"Jonesborough, TN",1687,32:22,10:25,M 25-29/75,M-29,326,35:19,39.93%
489,Emily Crowell,"Nashville, TN",1035,32:26,10:27,F 25-29/36,F-25,163,35:18,45.66%
490,Carolyn Cespino,"Murfreesboro, TN",1948,32:27,10:27,F 35-39/21,F-39,164,35:07,46.87%
491,Jiby Philip,"Nashville, TN",1036,32:27,10:27,M 25-29/76,M-25,327,35:19,39.77%
492,Jami Kaplan,"Brentwood, TN",1667,32:30,10:28,F 25-29/37,F-29,165,34:06,45.56%
493,Brad Moist,"Franklin, TN",1973,32:30,10:28,M 30-34/49,M-34,328,35:12,40.38%
494,Sara Moist,"Franklin, TN",1974,32:31,10:28,F 30-34/36,F-33,166,35:12,45.74%
495,Michael Kaplan,"Brentwood, TN",1665,32:31,10:28,M 30-34/50,M-33,329,34:06,40.15%
496,Tammy Marvin,"Louisville, KY",2048,32:35,10:30,F 45-49/18,F-48,167,32:51,50.26%
497,Jill Condon,"Murfreesboro, TN",1980,32:36,10:30,F 30-34/37,F-30,168,35:17,45.42%
498,Paul Marvin,"Louisville, KY",2046,32:38,10:31,M 60-64/5,M-62,330,32:54,50.03%
499,Melissa Bennett,"Nashville, TN",1579,32:39,10:31,F 25-29/38,F-28,169,35:22,45.35%
500,Emily Keith,"Portland, TN",1966,32:40,10:31,F 30-34/38,F-34,170,37:05,45.64%
501,Rob Upton,"Spring Hill, TN",1387,32:40,10:31,M 30-34/51,M-31,331,33:00,39.71%
502,Greg Dawson,"Nashville, TN",1572,32:41,10:32,M 40-44/36,M-40,332,35:29,41.79%
503,Ernesto Vargas,"Nashville, TN",2156,32:42,10:32,M 35-39/52,M-39,333,35:31,41.46%
504,Matthew Lambreth,"Brentwood, TN",2249,32:43,10:32,M 01-12/10,M-9,334,33:07,50.00%
505,Clifton Lambreth,"Brentwood, TN",2248,32:44,10:33,M 50-54/22,M-52,335,33:09,45.80%
506,Jr Reynolds,"Calvert City, KY",1683,32:46,10:33,M 35-39/53,M-36,336,35:32,40.51%
507,Claire Hemphill,"Nashville, TN",1821,32:47,10:33,F 35-39/22,F-37,171,34:22,45.93%
508,Natalie Kittrell,"Nashville, TN",1560,32:47,10:33,F 30-34/39,F-34,172,34:22,45.47%
509,Olivia Penny,"Dickson, TN",2219,32:47,10:33,F 13-17/5,F-13,173,35:27,48.73%
510,Danny Craig,"Franklin, TN",1874,32:47,10:33,M 35-39/54,M-35,337,32:59,40.23%
511,Tyler Loy,"Nolensville, TN",2060,32:47,10:34,M 01-12/11,M-10,338,37:10,48.17%
512,Patrick Harvey,"Benton, KY",1680,32:50,10:34,M 13-17/12,M-17,339,35:34,41.14%
513,Teresa Olson,"Spring Hill, TN",2124,32:53,10:36,F 55-59/3,F-55,174,35:46,54.33%
514,Ben Gravely,"Mount Juliet, TN",1668,32:54,10:36,M 01-12/12,M-11,340,34:24,46.53%
515,Catherine Hart,"Nashville, TN",1872,32:57,10:37,F 35-39/23,F-36,175,34:44,45.55%
516,Juan Camilo Garcia,"Nashville, TN",2216,32:58,10:37,M 25-29/77,M-28,341,35:50,39.15%
517,Jerry McCaskill,"Nashville, TN",1654,32:59,10:37,M 50-54/23,M-50,342,35:55,44.74%
518,Chris Butler,"Fairview, TN",1134,32:59,10:37,M 25-29/78,M-27,343,34:44,39.13%
519,Tristin Casteel,"Murfreesboro, TN",1307,33:01,10:38,F 25-29/39,F-28,176,34:43,44.85%
520,Matt Casteel,"Murfreesboro, TN",1308,33:01,10:38,M 25-29/79,M-29,344,34:43,39.14%
521,Jay Baggett,"Pleasant View, TN",1054,33:02,10:38,M 35-39/55,M-37,345,33:27,40.43%
522,Ethan Baggett,"Pleasant View, TN",1057,33:02,10:38,M 01-12/13,M-9,346,33:27,49.52%
523,Benjamin Hayes,"Pleasant View, TN",1524,33:03,10:38,M 01-12/14,M-9,347,33:28,49.50%
524,Kristen Brewer,"Clarksville, TN",1380,33:04,10:39,F 25-29/40,F-26,177,33:17,44.78%
525,Abbie Baggett,"Pleasant View, TN",1055,33:04,10:39,F 35-39/24,F-36,178,33:28,45.39%
526,Hollie Holman,"Nashville, TN",1363,33:05,10:39,F 18-24/15,F-23,179,33:17,44.76%
527,Jessica Porfirio,"Thompsons Station, TN",1435,33:05,10:39,F 30-34/40,F-32,180,35:57,44.86%
528,Erica Maddox,"Portageville, MO",1752,33:07,10:40,F 13-17/6,F-15,181,37:01,46.83%
529,Stormi Wagley,"Clarksville, TN",2043,33:08,10:40,F 25-29/41,F-25,182,33:24,44.69%
530,Anne Bethencourt,"Nashville, TN",2101,33:09,10:41,F 25-29/42,F-27,183,33:24,44.67%
531,Ann Bennion,"Jonesborough, TN",1135,33:09,10:41,F 40-44/24,F-41,184,35:58,46.41%
532,Ginger Harvey,"Benton, KY",1679,33:12,10:42,F 35-39/25,F-36,185,35:57,45.20%
533,Missy Parker,"Lansing, NC",1592,33:13,10:42,F 35-39/26,F-38,186,37:09,45.58%
534,Kelly Culpepper,"Prattville, AL",2108,33:13,10:42,F 25-29/43,F-27,187,35:55,44.56%
535,Tiffany Gipson,"Gainesboro, TN",2202,33:14,10:42,F 40-44/25,F-40,188,34:58,46.06%
536,Kevin Ridderhoff,"Clarksville, TN",1835,33:14,10:42,M 40-44/37,M-43,348,37:14,42.05%
537,Abigail Ridderhoff,"Clarksville, TN",1836,33:14,10:42,F 13-17/7,F-13,190,37:14,48.07%
538,Terri Collins,"Gainesboro, TN",2204,33:14,10:42,F 40-44/26,F-41,189,34:59,46.31%
539,Montee Sneed,"Columbia, TN",1740,33:15,10:43,M 55-59/8,M-57,349,34:54,47.04%
540,Zach Hendrix,"Murfreesboro, TN",1978,33:19,10:44,M 25-29/80,M-29,350,34:57,38.79%
541,Amanda Hanks,"Antioch, TN",1762,33:19,10:44,F 25-29/44,F-29,191,37:35,44.44%
542,Sean Brooke,"Antioch, TN",1761,33:20,10:44,M 40-44/38,M-41,351,37:35,41.27%
543,James Reddick,"Lebanon, TN",1211,33:23,10:45,M 45-49/35,M-47,352,37:26,43.16%
544,Mark Weller,"McMinnville, TN",1758,33:23,10:45,M 40-44/39,M-43,353,33:43,41.86%
545,Mark Swaggerty,"Nashville, TN",2104,33:23,10:45,M 25-29/81,M-27,354,36:17,38.64%
546,Patrick Cloninger,"Knoxville, TN",2103,33:24,10:45,M 25-29/82,M-27,355,36:17,38.64%
547,Harinath Thungathurthi,"Brentwood, TN",1832,33:27,10:46,M 35-39/56,M-38,356,33:53,40.23%
548,Karson Field,"Hopkinsville, KY",1391,33:27,10:46,F 13-17/8,F-14,192,33:45,47.01%
549,Katie Garnett,"Hopkinsville, KY",1937,33:29,10:47,F 13-17/9,F-15,193,33:46,46.31%
550,Coy Watson,"Smyrna, TN",1279,33:34,10:49,M 13-17/13,M-13,357,33:59,43.22%
551,Stephanie Rhodes,"Madison, AL",1533,33:35,10:49,F 35-39/27,F-37,194,35:03,44.84%
552,Venu Alokam,"Franklin, TN",1830,33:37,10:50,M 35-39/57,M-39,358,34:03,40.31%
553,Elijah Harmon,"Harriman, TN",1868,33:41,10:51,M 01-12/15,M-8,359,37:42,50.54%
554,Brandon Webb,"Gallatin, TN",2211,33:45,10:52,M 50-54/24,M-51,360,35:23,44.07%
555,Jason Pittz,"La Vergne, TN",1309,33:45,10:52,M 35-39/58,M-38,361,38:04,39.87%
556,Cindy Webb,"Gallatin, TN",2213,33:45,10:52,F 50-54/7,F-53,195,35:24,51.63%
557,Laurie Alexander,"Murfreesboro, TN",1927,33:47,10:53,F 30-34/41,F-30,196,37:48,43.83%
558,Brandi Harper,"Madison, AL",2184,33:47,10:53,F 30-34/42,F-32,197,35:19,43.93%
559,Randy Fox,"Columbia, TN",1361,33:48,10:53,M 55-59/9,M-55,362,35:16,45.49%
560,Natalie Chappell,"Nashville, TN",1160,33:48,10:53,F 35-39/28,F-36,198,38:11,44.40%
561,Kate Plumlee,"Lebanon, TN",1142,33:51,10:54,F 30-34/43,F-32,199,35:36,43.84%
562,Allen Borden,"Nashville, TN",2079,33:53,10:55,M 50-54/25,M-54,363,35:29,44.98%
563,Chelsey Elliott,"Murfreesboro, TN",1094,33:54,10:55,F 18-24/16,F-20,200,36:38,43.68%
564,Denise Schmidt,"Nashville, TN",1311,33:57,10:56,F 18-24/17,F-22,201,34:19,43.61%
565,Chris Harmon,"Harriman, TN",1867,33:58,10:56,M 35-39/59,M-36,364,37:59,39.08%
566,Kishore Tummala,"Nolensville, TN",1819,33:58,10:56,M 35-39/60,M-37,365,34:24,39.32%
567,Natalie Nix,"Nashville, TN",1157,33:58,10:56,F 25-29/45,F-28,202,35:25,43.59%
568,Evelina Petkova,"Antioch, TN",1156,33:58,10:56,F 25-29/46,F-29,203,35:25,43.57%
569,Katy Vincent,"Madison, AL",1512,33:59,10:57,F 25-29/47,F-29,204,35:26,43.57%
570,Thomas Bevel,"Tullahoma, TN",2076,34:02,10:58,M 35-39/61,M-35,366,36:46,38.76%
571,Brent Riley,"Brentwood, TN",1251,34:03,10:58,M 45-49/36,M-48,367,36:55,42.65%
572,Tracy Cunningham,"Smyrna, TN",1796,34:05,10:59,F 40-44/27,F-41,205,36:51,45.16%
573,Debbie Gates,"Thompsons Station, TN",2065,34:09,11:00,F 45-49/19,F-46,206,35:40,46.97%
574,Kevin Gates,"Thompsons Station, TN",2064,34:09,11:00,M 45-49/37,M-48,368,35:40,42.53%
575,Sarah Hodges,"Franklin, TN",1265,34:11,11:01,F 35-39/29,F-37,207,34:23,44.05%
576,Kimberly Smith,"Silver Point, TN",1260,34:11,11:01,F 35-39/30,F-37,208,34:26,44.05%
577,Sarah Kurtz,"Smyrna, TN",1264,34:13,11:01,F 30-34/44,F-30,209,34:23,43.27%
578,Tina Hazelip,"Newburgh, IN",2206,34:14,11:01,F 35-39/31,F-39,210,34:36,44.42%
579,Nathan Nowlin,"Franklin, TN",2199,34:15,11:02,M 01-12/16,M-10,369,38:29,46.11%
580,Brodie Allen,"Hendersonville, TN",2159,34:16,11:02,M 18-24/28,M-24,370,37:09,37.66%
581,Shawn Odle,"Nashville, TN",1755,34:18,11:03,M 30-34/52,M-30,371,36:00,37.72%
582,Chris Pennington,"Nashville, TN",1803,34:21,11:04,M 35-39/62,M-36,372,35:52,38.64%
583,Lana Enoch,"Spring Hill, TN",1349,34:21,11:04,F 30-34/45,F-32,211,38:21,43.20%
584,Alex Shoaf,"Nashville, TN",1478,34:22,11:04,M 25-29/83,M-25,373,37:12,37.55%
585,Chris Warner,"Smyrna, TN",1197,34:24,11:05,M 25-29/84,M-29,374,36:03,37.57%
586,Jody Rosato,"Birmingham, AL",1748,34:24,11:05,M 40-44/40,M-43,375,37:17,40.62%
587,Cindy Moeller,"Madison, AL",1425,34:25,11:05,F 50-54/8,F-54,212,37:06,51.26%
588,Will Reinke,"Brentwood, TN",1432,34:26,11:05,M 01-12/17,M-10,376,35:56,45.86%
589,Paul Moeller,"Madison, AL",1424,34:26,11:05,M 50-54/26,M-53,377,37:06,43.92%
590,Kelly Bohannon,"McEwen, TN",1726,34:26,11:05,F 40-44/28,F-43,213,38:22,45.35%
591,Tony Kestner,"Nashville, TN",1729,34:29,11:06,M 35-39/63,M-37,378,38:25,38.73%
592,Allie Ellis,"White House, TN",1845,34:30,11:07,F 25-29/48,F-27,214,37:23,42.92%
593,Ashley Warner,"Smyrna, TN",1196,34:30,11:07,F 25-29/49,F-25,215,36:09,42.92%
594,Carter Mansfield,"McMinnville, TN",1106,34:31,11:07,M 01-12/18,M-11,379,37:16,44.35%
595,James White,"Nashville, TN",1650,34:31,11:07,M 18-24/29,M-23,380,36:22,37.39%
596,Jonathan Wolski,"Goodlettsville, TN",1722,34:31,11:07,M 30-34/53,M-33,381,34:44,37.83%
597,Justin Reinke,"Brentwood, TN",1431,34:33,11:08,M 35-39/64,M-37,382,36:04,38.66%
598,Thomas Whitten,"Franklin, TN",1199,34:34,11:08,M 30-34/54,M-31,383,38:35,37.53%
599,Tonia Macdonald,"Mount Juliet, TN",2105,34:35,11:08,F 40-44/29,F-44,216,36:12,45.52%
600,Deborah Tyson,"Nashville, TN",1764,34:38,11:09,F 45-49/20,F-46,217,38:34,46.32%
601,Candy Richmond,"Murfreesboro, TN",1530,34:39,11:10,F 45-49/21,F-48,218,37:21,47.26%
602,Craig Bradford,"Franklin, TN",2233,34:54,11:14,M 40-44/41,M-42,384,39:09,39.70%
603,Charleen Forsythe,"Shelbyville, TN",1645,34:55,11:15,F 45-49/22,F-45,219,37:39,45.51%
604,Jack Bradford,"Franklin, TN",2200,34:55,11:15,M 01-12/19,M-10,385,39:09,45.22%
605,Erika McGaha,"Clarksville, TN",1963,34:59,11:16,F 18-24/18,F-22,220,37:43,42.31%
606,Stacey McGaha,"Clarksville, TN",1964,35:00,11:16,F 45-49/23,F-47,221,37:43,46.31%
607,Donald White,"Clarksville, TN",1518,35:01,11:16,M 30-34/55,M-32,386,35:24,37.14%
608,Andrew White,"Clarksville, TN",1522,35:01,11:17,M 01-12/20,M-8,387,35:24,48.62%
609,Jayaswy Kota,"Nashville, TN",1475,35:02,11:17,M 25-29/85,M-26,388,37:53,36.84%
610,Michael Buchanan,"Old Hickory, TN",1359,35:03,11:17,M 30-34/56,M-30,389,38:56,36.92%
611,John Ginn,"Franklin, TN",1240,35:03,11:17,M 50-54/27,M-53,390,38:04,43.15%
612,Catharine Hooks,"Hendersonville, TN",1050,35:04,11:17,F 18-24/19,F-22,222,35:21,42.23%
613,Andrea Willis,"Brentwood, TN",1550,35:04,11:18,F 40-44/30,F-44,223,38:57,44.89%
614,Amanda Buchanan,"Old Hickory, TN",1358,35:04,11:18,F 30-34/46,F-30,224,38:56,42.23%
615,Chadwick Meyer,"Mount Juliet, TN",1144,35:07,11:18,M 30-34/57,M-33,391,37:55,37.18%
616,John Causley,"Murfreesboro, TN",1168,35:09,11:19,M 25-29/86,M-29,392,38:08,36.76%
617,Jennifer Haywood,"Nashville, TN",1239,35:14,11:21,F 30-34/47,F-34,225,37:54,42.31%
618,David Haywood,"Nashville, TN",1238,35:14,11:21,M 35-39/65,M-35,393,37:54,37.43%
619,Patrick Spence,"Nashville, TN",1098,35:14,11:21,M 45-49/38,M-45,394,39:28,40.27%
620,Daniel Underwood,"Brentwood, TN",1444,35:17,11:22,M 35-39/66,M-39,395,38:14,38.42%
621,Todd Scarbrough,"Owensboro, KY",2254,35:17,11:22,M 40-44/42,M-40,396,36:52,38.71%
622,Quinn Collins,"Hendersonville, TN",2087,35:18,11:22,M 01-12/21,M-11,397,38:16,43.36%
623,Jason Cherry,"Goodlettsville, TN",1847,35:18,11:22,M 30-34/58,M-34,398,38:02,37.18%
624,Rachel Cherry,"Goodlettsville, TN",1848,35:18,11:22,F 30-34/48,F-34,226,38:02,42.23%
625,Ryan Doyle,"Brentwood, TN",1637,35:21,11:23,M 35-39/67,M-36,399,35:33,37.55%
626,Brandi Bryant,"Clarksville, TN",1595,35:22,11:23,F 30-34/49,F-32,227,39:39,41.96%
627,Eric Yeater,"Murfreesboro, TN",1801,35:22,11:23,M 30-34/59,M-30,400,38:13,36.59%
628,Jill Doyle,"Brentwood, TN",1638,35:22,11:23,F 30-34/50,F-30,228,35:33,41.87%
629,Alexis Mercado,"Ooltewah, TN",1111,35:23,11:24,M 40-44/43,M-41,401,38:13,38.88%
630,Kyle McElhannon,"Mount Juliet, TN",1852,35:23,11:24,M 01-12/22,M-10,402,35:27,44.63%
631,Catherine Carrico,"Chattanooga, TN",1110,35:23,11:24,F 25-29/50,F-27,229,38:13,41.85%
632,Tim Wirth,"Nashville, TN",1449,35:23,11:24,M 45-49/39,M-47,403,38:14,40.72%
633,Leslie Sperrazza,"Nashville, TN",1190,35:27,11:25,F 40-44/31,F-41,230,35:49,43.41%
634,Ryan Connor,"Madison, TN",1698,35:28,11:25,M 35-39/68,M-36,404,39:33,37.42%
635,Kimberly Napaul,"Smyrna, TN",1809,35:34,11:27,F 30-34/51,F-30,231,37:08,41.63%
636,Gurvitch Napaul,"Smyrna, TN",1807,35:35,11:27,M 30-34/60,M-30,405,37:08,36.36%
637,Jocelyn Clark,"Clarksville, TN",1710,35:35,11:28,F 55-59/4,F-59,232,39:31,53.05%
638,William Harper,"Knoxville, TN",1546,35:36,11:28,M 35-39/69,M-38,406,39:48,37.80%
639,Nykky Harper,"Knoxville, TN",1547,35:37,11:28,F 30-34/52,F-31,233,39:48,41.62%
640,Dorine Boon,"Mount Juliet, TN",1930,35:38,11:29,F 45-49/24,F-47,234,37:16,45.46%
641,Roxanne Collins,"Hendersonville, TN",2090,35:44,11:30,F 45-49/25,F-45,235,38:43,44.47%
642,Bo Malloy,"Saint Louis, MO",2088,35:44,11:31,F 13-17/10,F-16,236,38:43,42.84%
643,Cayce Neal,"Murfreesboro, TN",1870,35:49,11:32,F 25-29/51,F-29,237,38:46,41.34%
644,Jeffrey Schaefer,"Maysville, KY",2264,35:57,11:35,M 40-44/44,M-44,407,38:39,39.15%
645,Angie Carr,"Thompsons Station, TN",1177,35:58,11:35,F 45-49/26,F-46,238,37:39,44.60%
646,Richard Gabriel,"Tullahoma, TN",1323,36:00,11:35,M 55-59/10,M-56,408,39:52,43.08%
647,Messina Hayes,"Joelton, TN",1124,36:01,11:36,F 30-34/53,F-33,239,39:02,41.30%
648,Cason Hayes,"Joelton, TN",1125,36:02,11:36,M 30-34/61,M-33,409,39:02,36.23%
649,Lisa Torres,"Clarksville, TN",1523,36:02,11:36,F 25-29/52,F-25,240,40:16,41.09%
650,Jonathan Hawkins,"Murfreesboro, TN",1593,36:04,11:37,M 35-39/70,M-36,410,39:01,36.78%
651,Jennifer Yeater,"Murfreesboro, TN",1799,36:06,11:38,F 25-29/53,F-29,241,38:59,41.02%
652,Heather Lake,"Hendersonville, TN",1814,36:07,11:38,F 35-39/32,F-38,242,39:03,41.92%
653,Cameron Kern,"Madison, MS",1709,36:08,11:38,F 18-24/20,F-24,243,36:30,40.96%
654,Matt Howard,"Flowood, MS",1708,36:09,11:38,M 25-29/87,M-25,411,36:31,35.70%
655,Dawn Jones,"Clarksville, TN",1813,36:09,11:38,F 30-34/54,F-33,244,37:46,41.14%
656,Jody Murphy,"Franklin, TN",1218,36:12,11:39,F 35-39/33,F-37,245,37:46,41.59%
657,Braden Murphy,"Franklin, TN",1221,36:12,11:39,M 01-12/23,M-8,412,37:46,47.03%
658,Todd Kornblit,"Brentwood, TN",1243,36:15,11:40,M 30-34/62,M-33,413,36:15,36.02%
659,Aj Porfirio,"Thompsons Station, TN",1436,36:16,11:41,M 30-34/63,M-32,414,39:07,35.86%
660,Prashanth Gouni,"La Vergne, TN",1876,36:17,11:41,M 35-39/71,M-39,415,36:43,37.36%
661,Cody Russell,"Gallatin, TN",1389,36:17,11:41,M 25-29/88,M-27,416,38:56,35.57%
662,Shamus Grundy,"Mount Juliet, TN",1203,36:19,11:42,M 35-39/72,M-38,417,39:09,37.05%
663,Kimberly Snead,"Palmyra, TN",1234,36:22,11:43,F 45-49/27,F-46,246,39:12,44.11%
664,Carla Lang,"Brentwood, TN",1297,36:22,11:43,F 45-49/28,F-47,247,38:04,44.57%
665,Diane Solomon,"San Antonio, TX",1953,36:23,11:43,F 55-59/5,F-56,248,39:21,49.77%
666,Teresa Elmore,"Pawnee, IL",1058,36:25,11:44,F 45-49/29,F-46,249,37:56,44.05%
667,Gregory Trosper,"Franklin, TN",1077,36:25,11:44,M 40-44/45,M-43,418,39:14,38.37%
668,Benjamin Trosper,"Franklin, TN",1078,36:25,11:44,M 01-12/24,M-11,419,39:15,42.03%
669,Dale Solomon,"San Antonio, TX",1952,36:26,11:44,M 55-59/11,M-58,420,39:22,43.30%
670,Tiffany Trosper,"Franklin, TN",1076,36:26,11:44,F 30-34/55,F-30,250,39:15,40.64%
671,Hitesh Patel,"Franklin, TN",1083,36:26,11:44,M 25-29/89,M-26,421,36:32,35.42%
672,Vicki Schaffer,"Franklin, TN",1705,36:31,11:46,F 40-44/32,F-42,251,36:50,42.47%
673,Anna Olson,"Bowling Green, KY",1032,36:32,11:46,F 25-29/54,F-26,252,40:29,40.53%
674,Michele Brown,"Brentwood, TN",1846,36:33,11:46,F 40-44/33,F-44,253,40:59,43.07%
675,David Kerr,"Bowling Green, KY",1029,36:33,11:46,M 25-29/90,M-27,422,40:30,35.31%
676,Larkin Wetzel,"Owensboro, KY",1707,36:33,11:46,F 25-29/55,F-25,254,40:58,40.51%
677,Halie Gallik,"Nolensville, TN",1552,36:37,11:48,F 25-29/56,F-27,255,39:32,40.44%
678,Randy Claiborne,"Smyrna, TN",1074,36:39,11:48,M 40-44/46,M-42,423,40:46,37.81%
679,Deidre Allen,"Bowling Green, KY",2203,36:46,11:50,F 18-24/21,F-24,256,40:42,40.27%
680,Nita Kjelvik,"Clarksville, TN",1915,36:46,11:50,F 40-44/34,F-40,257,40:40,41.63%
681,Sterling Kjelvik,"Clarksville, TN",1914,36:46,11:50,M 40-44/47,M-44,424,40:40,38.28%
682,Darrell Schuh,"Franklin, TN",1536,36:49,11:51,M 40-44/48,M-44,425,38:37,38.22%
683,Michelle Patterson,"Gallatin, TN",1635,36:50,11:52,F 30-34/56,F-34,258,38:23,40.47%
684,Melissa Smith,"Nashville, TN",1250,36:54,11:53,F 30-34/57,F-32,259,39:49,40.22%
685,Michael Atzert,"Clarksville, TN",1012,36:55,11:53,M 35-39/73,M-38,426,39:53,36.45%
686,Julia Atzert,"Clarksville, TN",1011,36:56,11:54,F 30-34/58,F-30,260,39:53,40.09%
687,Ashley Moore,"Lawrenceburg, TN",1344,36:56,11:54,F 18-24/22,F-23,261,39:37,40.09%
688,Cindy Schuh,"Franklin, TN",1534,36:58,11:54,F 40-44/35,F-42,262,38:44,41.95%
689,Brandon Smith,"Counce, TN",1825,37:00,11:55,M 18-24/30,M-24,427,41:04,34.88%
690,Karen Brown,"Lebanon, TN",1862,37:01,11:55,F 40-44/36,F-41,263,38:47,41.58%
691,Chris Thomas,"Franklin, TN",1586,37:07,11:57,M 35-39/74,M-37,428,38:56,35.98%
692,Catherine Dundon,"Nashville, TN",1355,37:09,11:58,F 25-29/57,F-29,264,41:18,39.86%
693,Jonie Thomas,"Franklin, TN",1585,37:09,11:58,F 35-39/34,F-38,265,38:57,40.75%
694,Kyle Cutrell,"Evansville, IN",1621,37:11,11:58,M 13-17/14,M-14,429,40:04,38.16%
695,Jacob Bradford,"White Bluff, TN",1843,37:11,11:59,M 01-12/25,M-11,430,41:27,41.17%
696,Trevor Castle,"Smyrna, TN",1096,37:12,11:59,M 25-29/91,M-27,431,39:57,34.69%
697,Allie Bradford,"White Bluff, TN",1844,37:14,11:59,F 01-12/2,F-8,266,41:30,48.68%
698,Beth McCaskill,"Nashville, TN",1653,37:14,11:59,F 35-39/35,F-37,267,40:10,40.44%
699,Kenny Lewis,"Christiana, TN",2082,37:14,12:00,M 45-49/40,M-48,432,39:56,39.01%
700,Adam Riddick,"Murfreesboro, TN",1612,37:15,12:00,M 25-29/92,M-26,433,39:01,34.65%
701,Melanie Blair,"Nashville, TN",1618,37:15,12:00,F 25-29/58,F-29,268,39:02,39.73%
702,Justin Bradford,"White Bluff, TN",1841,37:16,12:00,M 30-34/64,M-31,434,41:31,34.81%
703,Tiffany Knight,"Joelton, TN",1776,37:18,12:01,F 30-34/59,F-31,269,41:23,39.74%
704,Nicole Gaines,"Nashville, TN",1306,37:19,12:01,F 25-29/59,F-27,270,41:26,39.68%
705,Kara Daniel,"Germantown, TN",1102,37:20,12:01,F 18-24/23,F-22,271,37:20,39.66%
706,Bethany Doninger,"Georgetown, KY",1421,37:20,12:01,F 35-39/36,F-35,272,40:14,40.06%
707,Cassondra Blackwell,"Waynesboro, TN",1113,37:22,12:02,F 30-34/60,F-30,273,39:04,39.63%
708,Toni Merren,"Fort Campbell, KY",1171,37:23,12:02,F 35-39/37,F-36,274,39:01,40.14%
709,Erica Musgrove,"Murfreesboro, TN",1598,37:23,12:02,F 30-34/61,F-32,275,41:26,39.70%
710,Tracy Fambrough,"Dickson, TN",2063,37:24,12:03,F 30-34/62,F-33,276,37:40,39.77%
711,Len David,"Smyrna, TN",1739,37:24,12:03,M 35-39/75,M-37,435,41:34,35.71%
712,Laurie David,"Smyrna, TN",1738,37:25,12:03,F 35-39/38,F-36,277,41:34,40.11%
713,Jennifer Gideon,"Antioch, TN",1916,37:29,12:04,F 30-34/63,F-33,278,41:32,39.68%
714,Jamie Martin,"Elizabethtown, KY",1206,37:29,12:04,F 50-54/9,F-50,279,40:11,44.75%
715,Kim Willis,"Columbia, TN",1228,37:30,12:05,F 55-59/6,F-56,280,40:22,48.29%
716,Rick Musacchio,"Nashville, TN",1071,37:33,12:06,M 45-49/41,M-49,436,39:06,38.99%
717,Jennifer Malotte,"Clarksville, TN",1460,37:34,12:06,F 30-34/64,F-31,281,40:25,39.46%
718,James Gager,"Knoxville, TN",1918,37:34,12:06,M 35-39/76,M-38,437,40:23,35.82%
719,Michelle Vigil,"Franklin, TN",2223,37:35,12:06,F 40-44/37,F-44,282,39:23,41.88%
720,Satish Mudiganti,"Nashville, TN",1476,37:35,12:06,M 25-29/93,M-27,438,40:25,34.34%
721,Aaron Wannemuehler,"Smyrna, TN",1065,37:35,12:06,M 30-34/65,M-32,439,41:47,34.61%
722,Sarah Perry,"Murfreesboro, TN",1170,37:36,12:06,F 25-29/60,F-28,283,39:21,39.38%
723,Chris Du,"Murfreesboro, TN",1169,37:36,12:06,M 25-29/94,M-28,440,39:21,34.32%
724,Michelle Scharfman,"Lebanon, TN",1326,37:38,12:07,F 30-34/65,F-33,284,41:39,39.52%
725,Anna Wannemuehler,"Smyrna, TN",1066,37:38,12:07,F 25-29/61,F-29,285,41:49,39.34%
726,Larkin Tucker,"Franklin, TN",2072,37:44,12:09,M 40-44/49,M-44,441,37:52,37.30%
727,Jennifer Adams,"Nashville, TN",1357,37:48,12:10,F 18-24/24,F-24,286,41:45,39.17%
728,Bob Upton,"Franklin, TN",1965,37:51,12:11,M 55-59/12,M-59,442,38:11,42.03%
729,Haley Mefford,"Franklin, KY",1481,37:53,12:12,F 18-24/25,F-21,287,40:41,39.08%
730,Paula Farmer,"Springfield, TN",2009,37:53,12:12,F 45-49/30,F-48,288,41:47,43.20%
731,Tim Mefford,"Franklin, KY",1482,37:54,12:12,M 50-54/28,M-52,443,40:41,39.55%
732,Gail Ashworth,"Nashville, TN",1763,37:55,12:13,F 55-59/7,F-56,289,41:53,47.76%
733,Eric Penny,"Dickson, TN",2218,37:56,12:13,M 45-49/42,M-45,444,40:37,37.41%
734,Daniel Miles,"Knoxville, TN",1567,37:56,12:13,M 30-34/66,M-34,445,42:02,34.59%
735,Melodie Dorris,"White House, TN",1051,37:58,12:14,F 25-29/62,F-29,290,38:05,39.00%
736,Kimberly Penny,"Dickson, TN",2217,38:00,12:14,F 13-17/11,F-16,291,40:41,40.28%
737,Maggie Vandever,"Lebanon, TN",1061,38:00,12:14,F 25-29/63,F-26,292,38:19,38.96%
738,Daniel Telford,"Franklin, TN",2098,38:01,12:14,M 55-59/13,M-58,446,40:57,41.49%
739,Melissa Loy,"Nolensville, TN",2059,38:03,12:15,F 35-39/39,F-37,293,42:25,39.57%
740,Jeanie Moll,"Joelton, TN",1401,38:03,12:15,F 35-39/40,F-39,294,40:49,39.96%
741,Brian Loy,"Nolensville, TN",2058,38:05,12:16,M 40-44/50,M-41,447,42:25,36.12%
742,Charles Hale,"Cookeville, TN",1822,38:06,12:16,M 25-29/95,M-28,448,40:54,33.87%
743,Matthew Wright,"Manchester, TN",1766,38:11,12:18,M 13-17/15,M-13,449,38:19,37.99%
744,William Woodson,"Watertown, TN",1960,38:13,12:18,M 55-59/14,M-55,450,42:15,40.23%
745,Keely Stroupe,"Franklin, TN",1678,38:13,12:18,F 35-39/41,F-36,295,38:13,39.27%
746,Daniel Woodson,"Lebanon, TN",1959,38:13,12:19,M 30-34/67,M-32,451,42:15,34.03%
747,Sebastian Stubblefield,"Nashville, TN",1202,38:18,12:20,M 01-12/26,M-12,452,42:29,38.83%
748,Wade Lawson,"Nashville, TN",2137,38:19,12:20,M 01-12/27,M-8,453,40:03,44.43%
749,Brad Gideon,"Antioch, TN",1917,38:19,12:20,M 30-34/68,M-34,454,42:22,34.25%
750,William Lawson,"Nashville, TN",2136,38:20,12:21,M 40-44/51,M-43,455,40:05,36.45%
751,Bobby Elrod,"Knoxville, TN",1957,38:20,12:21,M 50-54/29,M-52,456,39:54,39.10%
752,Millie Stubblefield,"Nashville, TN",1200,38:24,12:22,M 35-39/77,M-35,457,42:36,34.35%
753,Scott Stubblefield,"Nashville, TN",1201,38:25,12:22,M 40-44/52,M-42,458,42:37,36.07%
754,Karlie Harris,"Spring Hill, TN",1151,38:27,12:23,F 13-17/12,F-14,296,39:58,40.89%
755,Laura Overton,"Nashville, TN",2243,38:31,12:24,F 45-49/31,F-47,297,38:54,42.08%
756,Deborah Burris-Kitchen,"Nashville, TN",1365,38:33,12:25,F 50-54/10,F-52,298,40:11,44.59%
757,Robbie Freeman,"Shelbyville, KY",1018,38:34,12:25,M 30-34/69,M-31,459,42:27,33.64%
758,Jp Williams,"Nashville, TN",1717,38:36,12:26,M 35-39/78,M-36,460,40:09,34.38%
759,Anthony Fizer,"Burns, TN",1321,38:38,12:26,M 55-59/15,M-56,461,42:30,40.14%
760,Bob Musgrove,"Murfreesboro, TN",1602,38:44,12:28,M 65-69/2,M-67,462,42:47,44.12%
761,Daniel Findley,"Crossville, TN",1253,38:45,12:29,M 35-39/79,M-38,463,43:01,34.72%
762,Leslie Hanneken,"Jonesborough, TN",1143,38:47,12:29,F 40-44/38,F-40,299,41:34,39.47%
763,Roy L Dobbs 111,"Nashville, TN",2093,38:55,12:32,M 60-64/6,M-62,464,41:52,41.95%
764,Tiffany Moore,"Murfreesboro, TN",1605,39:05,12:35,F 35-39/42,F-36,300,43:08,38.40%
765,Alysa Pace,"Brentwood, TN",2069,39:06,12:35,F 13-17/13,F-16,301,41:50,39.15%
766,Kari Neidigh,"Yorkville, IL",1089,39:07,12:36,F 30-34/66,F-32,302,39:22,37.94%
767,Jenni Nash,"Alabaster, AL",1928,39:09,12:36,F 30-34/67,F-33,303,39:35,37.99%
768,Andrew Roe,"Alabaster, AL",1929,39:09,12:36,M 30-34/70,M-34,465,39:35,33.52%
769,Mary Catherine Culbreath,"Nashville, TN",1956,39:10,12:37,F 18-24/26,F-24,304,40:48,37.80%
770,Jordan Tlumak,"Nashville, TN",1465,39:15,12:38,M 25-29/96,M-27,466,40:52,32.88%
771,Catherine Holloway,"Clarksville, TN",1629,39:15,12:38,F 40-44/39,F-44,305,42:05,40.10%
772,Michelle Ashby,"Clarksville, TN",1641,39:15,12:38,F 50-54/11,F-50,306,42:05,42.72%
773,Dallas Hurst,"Murfreesboro, TN",1982,39:16,12:39,M 18-24/31,M-19,467,42:05,33.59%
774,Stacy Moon,"Owens Cross Roads, AL",1614,39:19,12:39,F 40-44/40,F-43,307,43:12,39.74%
775,Lisa Green,"Nashville, TN",2080,39:20,12:40,F 50-54/12,F-52,308,40:56,43.70%
776,Randy Kinsey,"Columbia, TN",2021,39:23,12:41,M 50-54/30,M-54,468,40:52,38.70%
777,Jim Smith,"Murfreesboro, TN",1002,39:23,12:41,M 60-64/7,M-61,469,41:06,41.11%
778,Magaret Smith,"Murfreesboro, TN",1000,39:24,12:41,F 50-54/13,F-54,309,41:06,44.77%
779,Casey Long,"Murfreesboro, TN",1434,39:28,12:43,M 25-29/97,M-27,470,43:34,32.69%
780,Jason Cook,"Murfreesboro, TN",1902,39:32,12:44,M 25-29/98,M-27,471,41:08,32.64%
781,Brittany Satterfield,"Murfreesboro, TN",1903,39:32,12:44,F 18-24/27,F-20,310,41:09,37.45%
782,Neysa Gibbens,"Murfreesboro, TN",1059,39:35,12:45,F 25-29/64,F-26,311,42:29,37.41%
783,Mitch Jordan,"Nolensville, TN",1060,39:35,12:45,M 30-34/71,M-31,472,42:28,32.77%
784,Jean Rohrbach,"Nashville, TN",1291,39:35,12:45,F 35-39/43,F-39,312,44:08,38.42%
785,Yolanda Crutcher,"Antioch, TN",2051,39:35,12:45,F 40-44/41,F-41,313,43:28,38.88%
786,Ben Rohrbach,"Nashville, TN",1290,39:35,12:45,M 35-39/80,M-38,473,44:09,33.99%
787,Sunny Vann,"Nashville, TN",1573,39:39,12:46,F 35-39/44,F-36,314,42:27,37.85%
788,Dustin Nowlin,"Franklin, TN",2198,39:40,12:46,M 35-39/81,M-38,474,43:54,33.92%
789,Connie Morvant,"Old Hickory, TN",2170,39:54,12:51,F 50-54/14,F-52,315,43:58,43.08%
790,Ericka Martin,"Mount Juliet, TN",2169,39:54,12:51,F 35-39/45,F-39,316,43:58,38.11%
791,Colette Bosley,"Hendersonville, TN",1558,40:02,12:54,F 60-64/1,F-62,317,43:54,49.19%
792,Beth Niehaus,"Hamilton, OH",1699,40:03,12:54,F 25-29/65,F-29,318,40:23,36.97%
793,James Alexander,"Murfreesboro, TN",1926,40:04,12:54,M 30-34/72,M-30,475,44:05,32.29%
794,Michell Miller,"Nashville, TN",1340,40:06,12:55,F 25-29/66,F-26,319,42:49,36.92%
795,Cynthia Bevel,"Tullahoma, TN",1107,40:06,12:55,F 35-39/46,F-39,320,42:50,37.92%
796,Donna Bond,"Murfreesboro, TN",1981,40:09,12:56,F 40-44/42,F-44,321,42:58,39.20%
797,Anthony Snead,"Palmyra, TN",1235,40:10,12:56,M 13-17/16,M-17,476,43:02,33.62%
798,Samantha Reddick,"Lebanon, TN",1210,40:12,12:57,F 45-49/32,F-45,322,44:15,39.53%
799,Vondell Miller,"Nashville, TN",1975,40:13,12:57,F 45-49/33,F-46,323,41:59,39.88%
800,Dave Schardt,"Murfreesboro, TN",2167,40:13,12:57,M 30-34/73,M-31,477,44:19,32.26%
801,Bud Bosley,"Hendersonville, TN",1557,40:13,12:57,M 60-64/8,M-61,478,44:05,40.26%
802,Glorianna Lunn,"Murfreesboro, TN",2298,40:14,12:57,F 25-29/67,F-27,324,44:19,36.80%
803,Nikki Fant,"Murfreesboro, TN",1334,40:14,12:57,F 30-34/68,F-30,325,41:45,36.80%
804,Macall Cooper,"Hermitage, TN",1104,40:18,12:59,F 18-24/28,F-24,326,43:04,36.74%
805,David Breen,"Nashville, TN",1501,40:20,12:59,M 18-24/32,M-21,479,42:02,32.12%
806,Brad Patterson,"Nashville, TN",1103,40:22,13:00,M 30-34/74,M-32,480,43:08,32.22%
807,Karie Spangler,"Chattanooga, TN",1133,40:24,13:00,F 35-39/47,F-38,327,44:18,37.47%
808,Denise Esteb,"Batesville, AR",1798,40:24,13:01,F 30-34/69,F-33,328,44:23,36.81%
809,Annette Parker,"Cumming, GA",1977,40:25,13:01,F 50-54/15,F-52,329,43:14,42.53%
810,Sherree Telford,"Franklin, TN",2097,40:26,13:01,F 55-59/8,F-57,330,43:20,45.40%
811,Cindy Wheatley,"Camden, TN",1693,40:30,13:02,F 50-54/16,F-53,331,44:26,43.02%
812,Brett Moll,"Joelton, TN",1441,40:30,13:03,M 18-24/33,M-22,481,43:17,31.86%
813,Braden Sheorn,"Brentwood, TN",1866,40:32,13:03,M 01-12/28,M-9,482,42:00,40.35%
814,Darrin Yappen,"Nashville, TN",1962,40:33,13:03,M 40-44/53,M-43,483,42:01,34.46%
815,Melissa Smith,"Lexington, KY",1840,40:37,13:05,F 30-34/70,F-31,332,44:44,36.49%
816,Lee Binkley,"Pleasant View, TN",1795,40:41,13:06,M 50-54/31,M-51,484,45:08,36.56%
817,Terrie Delahaya,"Hendersonville, TN",2215,40:41,13:06,F 45-49/34,F-49,333,42:23,40.74%
818,Irene Valerio Navarrete,"Nashville, TN",2038,40:47,13:08,F 30-34/71,F-32,334,44:49,36.39%
819,Martha Rucker,"Clarksville, TN",1419,40:53,13:10,F 40-44/43,F-41,335,43:39,37.64%
820,Nicole Wilbur,"Nashville, TN",1081,40:54,13:10,F 35-39/48,F-35,336,43:37,36.57%
821,Whitney Head,"Owensboro, KY",1816,40:55,13:11,F 18-24/29,F-21,337,45:24,36.17%
822,Rhonda McDaniel,"Dresden, TN",1256,40:57,13:11,F 25-29/68,F-27,338,42:29,36.16%
823,Langley Wetzel,"Owensboro, KY",1706,40:59,13:12,F 30-34/72,F-30,339,45:28,36.13%
824,Dana Barnett,"Metropolis, IL",1731,41:00,13:12,F 40-44/44,F-41,340,45:27,37.54%
825,Daniel Tucker,"Booneville, MS",1925,41:00,13:12,M 45-49/43,M-47,485,43:59,35.14%
826,Nicole Sitter,"Nashville, TN",1006,41:02,13:13,F 25-29/69,F-26,341,45:06,36.08%
827,Amy Sitter,"Nashville, TN",1008,41:02,13:13,F 18-24/30,F-20,342,45:06,36.08%
828,Kelli Henschen,"Knoxville, TN",1005,41:03,13:13,F 25-29/70,F-26,343,45:06,36.07%
829,Dennis Sitter,"Nashville, TN",1007,41:03,13:13,M 55-59/16,M-55,486,45:06,37.45%
830,Casey Truelove,"Franklin, TN",1887,41:06,13:14,F 25-29/71,F-27,344,43:58,36.02%
831,Brandon Bass,"Franklin, TN",1888,41:07,13:14,M 35-39/82,M-35,487,43:59,32.08%
832,Drew Simpson,"Lebanon, TN",2000,41:07,13:14,M 01-12/29,M-8,488,45:08,41.40%
833,Jeff Ellington,"Brentwood, TN",2075,41:10,13:15,M 45-49/44,M-45,489,41:20,34.47%
834,Kenan Enoch,"Spring Hill, TN",1042,41:12,13:16,M 30-34/75,M-33,490,45:12,31.69%
835,Troy Simpson,"Lebanon, TN",1999,41:13,13:16,M 35-39/83,M-37,491,45:14,32.40%
836,Steve Laviola,"Gallatin, TN",2255,41:17,13:17,M 50-54/32,M-51,492,42:51,36.03%
837,Arthur Robins Jr,"Nashville, TN",1760,41:17,13:18,M 50-54/33,M-54,493,45:09,36.91%
838,Jeffery Adams,"Gallatin, TN",1033,41:18,13:18,M 30-34/76,M-30,494,45:17,31.33%
839,Ann Kestner,"Nashville, TN",1730,41:18,13:18,F 30-34/73,F-32,345,45:15,35.93%
840,Whitney Simpson,"Lebanon, TN",2001,41:19,13:18,F 35-39/49,F-37,346,45:20,36.44%
841,Traci Gardner,"Memphis, TN",2015,41:26,13:20,F 30-34/74,F-32,347,45:57,35.81%
842,Teresa Ginn,"Franklin, TN",1241,41:30,13:22,F 45-49/35,F-45,348,44:29,38.29%
843,Quentin McCart,"Clarksville, TN",2084,41:32,13:22,M 30-34/77,M-34,495,45:26,31.59%
844,Malgorzata Hasek,"Clarksville, TN",2085,41:33,13:23,F 30-34/75,F-30,349,45:27,35.63%
845,Abigail Layne,"Manchester, TN",1352,41:33,13:23,F 01-12/3,F-11,350,41:40,40.05%
846,Anabelle Layne,"Manchester, TN",1353,41:33,13:23,F 01-12/4,F-10,351,41:40,41.09%
847,Joyce Crites,"Manchester, TN",1350,41:33,13:23,F 40-44/45,F-41,352,41:40,37.04%
848,Melissa Liverett,"Clarksville, TN",2148,41:34,13:23,F 35-39/50,F-39,353,41:44,36.58%
849,Gracie Liverett,"Clarksville, TN",2149,41:34,13:23,F 01-12/5,F-11,354,41:45,40.03%
850,Kim Riley,"Brentwood, TN",1252,41:37,13:24,F 45-49/36,F-49,355,45:35,39.82%
851,Melissa Spray,"Jackson, TN",1898,41:39,13:25,F 18-24/31,F-24,356,45:35,35.55%
852,Jamie Ledford,"Lewisburg, TN",1616,41:40,13:25,F 60-64/2,F-61,357,44:21,46.58%
853,Angela Brooks,"Smyrna, TN",2129,41:42,13:26,F 50-54/17,F-50,358,44:30,40.22%
854,Kristen Mitchell,"Nashville, TN",1884,41:44,13:26,F 18-24/32,F-22,359,43:33,35.48%
855,Jennifer Hale,"Murray, KY",1727,41:45,13:27,F 40-44/46,F-43,360,45:40,37.42%
856,Kathy Wirth,"Nashville, TN",1450,41:46,13:27,F 45-49/37,F-48,361,44:36,39.20%
857,Ken Criblez,"Brentwood, TN",1891,41:50,13:28,M 55-59/17,M-55,496,43:30,36.75%
858,Karen Shelton,"Sonora, KY",1909,41:52,13:29,F 50-54/18,F-54,362,44:39,42.13%
859,Cyndi Gross,"Nashville, TN",1304,41:52,13:29,F 30-34/76,F-31,363,46:05,35.40%
860,Kandi McElhannon,"Mount Juliet, TN",1851,41:52,13:29,F 40-44/47,F-40,364,41:57,36.56%
861,Jonathan Gross,"Nashville, TN",1305,41:52,13:29,M 40-44/54,M-44,497,46:05,33.60%
862,Chris Gunter,"Murfreesboro, TN",1513,41:53,13:29,M 25-29/99,M-27,498,44:51,30.81%
863,Deborah Morse,"Hartford, KY",1935,41:53,13:29,F 45-49/38,F-48,365,44:41,39.09%
864,Tim Adair,"Clarksville, TN",1370,42:03,13:32,M 35-39/84,M-37,499,46:14,31.76%
865,Emily Adair,"Clarksville, TN",1371,42:03,13:32,F 01-12/6,F-9,366,46:14,41.75%
866,Rebecca Stamps,"Gallatin, TN",2019,42:05,13:33,F 13-17/14,F-14,367,44:50,37.36%
867,Darin Lowery,"Gallatin, TN",2018,42:05,13:33,M 45-49/45,M-46,500,44:50,33.95%
868,Petra Alexander,"Clarksville, TN",1383,42:06,13:33,F 50-54/19,F-51,368,44:57,40.32%
869,Darlene Kinsey,"Columbia, TN",2020,42:13,13:35,F 50-54/20,F-50,369,43:41,39.73%
870,James McBride,"Murfreesboro, TN",1804,42:13,13:35,M 35-39/85,M-35,501,45:01,31.24%
871,Jon Tisdale,"Nashville, TN",1464,42:19,13:38,M 25-29/100,M-27,502,46:13,30.50%
872,Jeannine Adair,"Clarksville, TN",1369,42:22,13:39,F 50-54/21,F-54,370,46:32,41.64%
873,Travis Hillis,"Manchester, TN",1337,42:23,13:39,M 35-39/86,M-37,503,42:31,31.51%
874,Karen Smiley,"Antioch, TN",1945,42:23,13:39,F 40-44/48,F-41,371,44:07,36.31%
875,Jonathan Chadwell,"Lexington, KY",1053,42:26,13:40,M 25-29/101,M-25,504,46:40,30.41%
876,Jenny Slayton,"Prospect, TN",1998,42:28,13:41,F 35-39/51,F-36,372,46:21,35.34%
877,Sandra Brasfield,"Vicksburg, MS",1423,42:29,13:41,F 30-34/77,F-34,373,46:21,35.09%
878,Carolyn Shaffmaster,"Franklin, TN",1561,42:29,13:41,F 40-44/49,F-43,374,44:06,36.77%
879,Ricky Jones,"Nashville, TN",2033,42:30,13:41,M 30-34/78,M-32,505,44:06,30.60%
880,Julie Flack,"Nashville, TN",1015,42:37,13:43,F 30-34/78,F-31,375,46:30,34.78%
881,Connie Young,"Antioch, TN",1690,42:40,13:44,F 45-49/39,F-49,376,42:45,38.84%
882,Carrie Barham,"Murfreesboro, TN",1294,42:43,13:45,F 40-44/50,F-40,377,45:23,35.83%
883,Terra Greene,"Murfreesboro, TN",1017,42:43,13:45,F 30-34/79,F-32,378,47:12,34.74%
884,Kimberly Marshall,"Tullahoma, TN",1275,42:43,13:45,F 45-49/40,F-46,379,45:23,37.55%
885,Traci Smith,"Hendersonville, TN",2145,42:59,13:50,F 40-44/51,F-42,380,45:53,36.07%
886,Paul Thorne,"Franklin, TN",1806,43:03,13:52,M 25-29/102,M-28,506,43:23,29.98%
887,Jackson Moser,"Brentwood, TN",2257,43:03,13:52,M 25-29/103,M-27,507,43:24,29.98%
888,Brittany Moore,"Lawrenceburg, TN",1345,43:05,13:52,F 25-29/72,F-26,381,45:45,34.37%
889,Deborah Webb,"Nashville, TN",1624,43:08,13:53,F 35-39/52,F-35,382,45:59,34.67%
890,Mary Gidlof,"Hopkinsville, KY",1824,43:08,13:53,F 25-29/73,F-26,383,47:31,34.33%
891,Kathy Maclachlan,"Brentwood, TN",1625,43:11,13:54,F 55-59/9,F-56,384,47:41,41.93%
892,Connie Watson,"Franklin, TN",2115,43:16,13:56,F 50-54/22,F-54,385,45:04,40.77%
893,Catherine Garner,"Franklin, TN",1684,43:17,13:56,F 40-44/52,F-41,386,45:05,35.55%
894,Chris Wilson,"Hendersonville, TN",2201,43:20,13:57,M 40-44/55,M-43,508,46:14,32.24%
895,Raven Harris,"Spring Hill, TN",1152,43:20,13:57,F 13-17/15,F-14,387,47:39,36.28%
896,Christy Ray,"Nashville, TN",1811,43:26,13:59,F 25-29/74,F-29,388,44:55,34.09%
897,Molly Munsell,"Nashville, TN",1285,43:26,13:59,F 25-29/75,F-25,389,45:04,34.09%
898,Kenon Wyatt,"Goodlettsville, TN",1497,43:29,14:00,M 01-12/30,M-10,509,46:23,36.31%
899,Anna Cowley,"Fayetteville, TN",1245,43:29,14:00,F 30-34/80,F-30,390,46:24,34.05%
900,Cary Wyatt,"Goodlettsville, TN",1496,43:29,14:00,F 35-39/53,F-39,391,46:23,34.97%
901,Alex King,"Nashville, TN",1883,43:32,14:01,M 18-24/34,M-23,510,43:32,29.64%
902,Linda Lisic,"Cookeville, TN",2259,43:34,14:02,F 50-54/23,F-53,392,45:08,39.99%
903,Shannon Yee,"Murfreesboro, TN",1508,43:39,14:03,F 30-34/81,F-30,393,47:45,33.92%
904,Owen Bunthoff,"Cincinnati, OH",1695,43:42,14:04,M 30-34/79,M-34,511,43:42,30.03%
905,Brandy Williams,"Murfreesboro, TN",1858,43:44,14:05,F 35-39/54,F-35,394,43:48,34.20%
906,Joseph Spivey,"Murfreesboro, TN",1859,43:44,14:05,M 45-49/46,M-48,512,43:49,33.21%
907,Matthew White,"Hopkinsville, KY",1289,43:46,14:05,M 18-24/35,M-22,513,47:50,29.49%
908,Arrow Wyatt,"O Fallon, IL",2165,43:47,14:06,M 25-29/104,M-28,514,46:41,29.47%
909,Kathryn Wyatt,"O Fallon, IL",2166,43:47,14:06,F 30-34/82,F-31,395,46:42,33.85%
910,Verna Littleton,"Memphis, TN",1675,43:52,14:07,F 40-44/53,F-42,396,46:46,35.35%
911,Karen Musacchio,"Nashville, TN",1072,43:54,14:08,F 45-49/41,F-48,397,48:30,37.30%
912,Brooke Abercrombie,"Nashville, TN",1034,44:07,14:12,F 25-29/76,F-26,398,48:30,33.56%
913,Scot Baldwin,"Culleoka, TN",1715,44:07,14:12,M 45-49/47,M-49,515,45:40,33.18%
914,Beth Baldwin,"Culleoka, TN",1716,44:07,14:12,F 30-34/83,F-32,399,45:39,33.64%
915,Ashley Spangler,"Brentwood, TN",1132,44:08,14:13,F 18-24/33,F-24,400,48:03,33.55%
916,Craddock Julianna,"Murfreesboro, TN",2241,44:08,14:13,F 30-34/84,F-32,401,48:11,33.62%
917,Angie Walker,"Murfreesboro, TN",1994,44:09,14:13,F 35-39/55,F-35,402,48:11,33.87%
918,Anne-Marie Hart,"Nashville, TN",1871,44:18,14:16,F 30-34/85,F-31,403,48:40,33.46%
919,Karen Ramsey,"Murfreesboro, TN",2092,44:30,14:20,F 40-44/54,F-40,404,48:50,34.39%
920,Angela Sames,"Benton, KY",1648,44:31,14:20,F 30-34/86,F-32,405,48:45,33.33%
921,William Sames,"Benton, KY",1649,44:31,14:20,M 25-29/105,M-28,516,48:44,28.98%
922,Roger Williams,"Hermitage, TN",2012,44:37,14:22,M 55-59/18,M-59,517,48:36,35.65%
923,Laurie Steunebrink,"Nashville, TN",2220,44:38,14:22,F 35-39/56,F-35,406,49:02,33.51%
924,Josh Roberson,"Hohenwald, TN",1913,44:38,14:22,M 35-39/87,M-38,518,48:32,30.15%
925,Carmen Valkyrie,"Lebanon, TN",1923,44:38,14:22,F 40-44/55,F-41,407,49:04,34.47%
926,Rashaunda Farmer,"Springfield, TN",2083,44:39,14:23,F 25-29/77,F-27,408,48:34,33.16%
927,Christina Adkison,"Lebanon, TN",1332,44:43,14:24,F 40-44/56,F-40,409,48:44,34.23%
928,James Robinson,"Hermitage, TN",1995,44:43,14:24,M 30-34/80,M-32,519,48:55,29.08%
929,Lindsay Adkison,"Lebanon, TN",1333,44:44,14:24,F 01-12/7,F-10,410,48:44,38.17%
930,Bethany Johnson,"Nashville, TN",1735,44:48,14:26,F 30-34/87,F-33,411,47:48,33.20%
931,Josh Johnson,"Nashville, TN",1736,44:48,14:26,M 30-34/81,M-30,520,47:48,28.88%
932,Ginna Winstead,"Clarksville, TN",1027,44:57,14:28,F 25-29/78,F-29,412,49:10,32.94%
933,Scott Winstead,"Clarksville, TN",1026,44:57,14:28,M 35-39/88,M-38,521,49:10,29.93%
934,Liz Long,"Evansville, IN",1162,45:03,14:30,F 25-29/79,F-29,413,47:49,32.86%
935,Hailey Williams,"Nashville, TN",1924,45:04,14:31,F 13-17/16,F-15,414,47:49,34.41%
936,Angela McKeehan,"Nashville, TN",1269,45:06,14:31,F 45-49/42,F-48,415,49:11,36.30%
937,Suzanne Summar,"Nashville, TN",1273,45:12,14:33,F 35-39/57,F-37,416,49:04,33.31%
938,Theresa Khayyam,"Goodlettsville, TN",2008,45:15,14:34,F 45-49/43,F-47,417,46:47,35.81%
939,Chris Hagan,"Lawrenceburg, TN",1720,45:24,14:37,M 40-44/56,M-42,522,47:10,30.52%
940,Kelcy Gang,"Lawrenceburg, TN",1335,45:25,14:37,F 18-24/34,F-23,418,48:05,32.60%
941,Caitlin Stein,"Nashville, TN",1175,45:29,14:39,F 30-34/88,F-31,419,50:00,32.59%
942,Bart Stein,"Nashville, TN",1174,45:29,14:39,M 25-29/106,M-29,523,50:00,28.40%
943,Karen Christensen,"Murfreesboro, TN",1167,45:30,14:39,F 45-49/44,F-47,420,48:13,35.62%
944,Matthew Hingsbergen,"Hamilton, OH",2240,45:31,14:39,M 18-24/36,M-24,524,45:56,28.35%
945,Brandee Lancaster,"Murfreesboro, TN",1161,45:41,14:42,F 30-34/89,F-32,421,50:04,32.48%
946,Laura Lawson,"Nashville, TN",2135,45:44,14:44,F 40-44/57,F-40,422,47:29,33.47%
947,Luke Lawson,"Nashville, TN",2138,45:46,14:44,M 01-12/31,M-8,525,47:30,37.19%
948,Julie Taylor,"Mount Juliet, TN",1397,45:47,14:45,F 30-34/90,F-32,423,48:33,32.41%
949,Brian Smith,"Mount Juliet, TN",1395,45:47,14:45,M 35-39/89,M-36,526,48:33,28.99%
950,April Carroll,"Murfreesboro, TN",1810,45:54,14:47,F 35-39/58,F-36,424,49:58,32.69%
951,Michelle Aitken,"Hendersonville, TN",2128,45:59,14:48,F 40-44/58,F-41,425,49:54,33.47%
952,Prashant Patel,"Murfreesboro, TN",1123,46:02,14:49,M 40-44/57,M-42,527,46:07,30.10%
953,Jessica Anthony,"Nashville, TN",1149,46:04,14:50,F 25-29/80,F-29,426,50:22,32.14%
954,Kim White,"Carthage, TN",1013,46:05,14:50,F 40-44/59,F-44,427,50:12,34.15%
955,Brooke Blackwell,"Hartsville, TN",1010,46:06,14:50,F 30-34/91,F-34,428,50:13,32.33%
956,Abby Noisworthy,"Hopkinsville, KY",1021,46:06,14:50,F 25-29/81,F-27,429,46:06,32.12%
957,Shannon Hudgins,"Pleasant View, TN",1179,46:09,14:52,F 40-44/60,F-41,430,49:04,33.35%
958,Bonnie Hudgins,"Pleasant View, TN",1180,46:09,14:52,F 01-12/8,F-10,431,49:04,36.99%
959,Trey Austin,"Nashville, TN",2146,46:23,14:56,M 18-24/37,M-24,528,50:20,27.82%
960,Carmen April,"Nashville, TN",1331,46:30,14:58,F 30-34/92,F-31,432,48:01,31.88%
961,Megan Tisdale,"Nashville, TN",1463,46:38,15:01,F 25-29/82,F-25,433,50:32,31.75%
962,Amanda Vincek,"Benton, KY",1782,46:44,15:03,F 45-49/45,F-46,434,49:36,34.32%
963,Lara Rosato,"Birmingham, AL",1749,46:46,15:03,F 45-49/46,F-45,435,49:39,33.98%
964,Tim Vincek,"Benton, KY",1781,46:47,15:04,M 45-49/48,M-46,529,49:39,30.54%
965,Lakecia Harper,"La Vergne, TN",1946,46:54,15:06,F 35-39/59,F-37,436,48:37,32.10%
966,Cathy McKellar,"Old Hickory, TN",2056,46:59,15:08,F 55-59/10,F-55,437,50:53,38.04%
967,Andrea Jackson,"Mount Juliet, TN",1347,46:59,15:08,F 45-49/47,F-46,438,50:53,34.14%
968,Merlin Kynaston,"Clarksville, TN",2260,47:02,15:09,M 30-34/82,M-31,530,51:37,27.58%
969,Michelle Zoccola,"Mount Juliet, TN",1570,47:03,15:09,F 25-29/83,F-27,439,51:10,31.47%
970,Tiffany Ramaswamy,"Dickson, TN",2140,47:16,15:13,F 45-49/48,F-45,440,50:12,33.62%
971,Nancy Berlik,"Burns, TN",2246,47:17,15:13,F 40-44/61,F-42,441,50:11,32.79%
972,Keri Vickery,"Burns, TN",2141,47:17,15:14,F 35-39/60,F-37,442,50:12,31.84%
973,Traci Gables,"Chattanooga, TN",1136,47:21,15:15,F 25-29/84,F-25,443,51:55,31.27%
974,Carly Harris,"Nashville, TN",2025,47:31,15:18,F 01-12/9,F-9,444,47:31,36.95%
975,Lauren Staggs,"Clarksville, TN",1224,47:43,15:22,F 18-24/35,F-24,445,51:46,31.03%
976,Regina Hampton,"Clarksville, TN",1829,47:57,15:26,F 30-34/93,F-32,446,51:59,30.95%
977,Lorinda Bankhead,"Clarksville, TN",1961,48:05,15:29,F 30-34/94,F-33,447,51:58,30.93%
978,Cheryl Cole,"Nashville, TN",1364,48:13,15:31,F 50-54/24,F-53,448,52:21,36.13%
979,Steve Goodman,"Murfreesboro, TN",1789,48:20,15:34,M 45-49/49,M-45,531,52:16,29.35%
980,Christie Goodman,"Murfreesboro, TN",1788,48:20,15:34,F 40-44/62,F-41,449,52:16,31.84%
981,Jamma Law,"Old Hickory, TN",1192,48:21,15:34,F 45-49/49,F-46,450,50:04,33.17%
982,Jacquelynn White,"Spring Hill, TN",1703,48:26,15:36,F 40-44/63,F-44,451,52:49,32.50%
983,Amy Campbell-Pittz,"La Vergne, TN",1310,48:35,15:39,F 35-39/61,F-35,452,52:55,30.78%
984,Leigh Hersey,"Memphis, TN",1805,48:36,15:39,F 40-44/64,F-41,453,52:50,31.66%
985,Stephanie Hingsbergen,"Hamilton, OH",1701,48:38,15:40,F 25-29/85,F-26,454,49:03,30.44%
986,Alesha McPeak,"Lebanon, TN",1544,48:38,15:40,F 25-29/86,F-26,455,50:17,30.44%
987,Mallory Flynt,"Lebanon, TN",1545,48:39,15:40,F 25-29/87,F-26,456,50:18,30.43%
988,Kim Davis,"Lebanon, TN",2045,48:47,15:43,F 50-54/25,F-54,457,52:49,36.16%
989,Russ Davis,"Lebanon, TN",2047,48:47,15:43,M 55-59/19,M-55,532,52:49,31.51%
990,Emily Phy,"Franklin, TN",1455,48:52,15:44,F 30-34/95,F-31,458,53:23,30.33%
991,Dan Cypra,"Nashville, TN",1457,48:52,15:44,M 30-34/83,M-31,533,53:23,26.54%
992,Mary Payne,"Nashville, TN",1456,48:53,15:44,F 30-34/96,F-31,459,53:23,30.32%
993,Drew Sanders,"Franklin, TN",1454,48:54,15:45,M 30-34/84,M-31,534,53:23,26.53%
994,Ginger Sweeten,"Spring Hill, TN",1150,49:08,15:49,F 35-39/62,F-38,460,53:26,30.81%
995,Shanna Dewalt,"Nashville, TN",1129,49:31,15:56,F 35-39/63,F-38,461,53:26,30.57%
996,Richard Harris,"Nashville, TN",2022,49:31,15:57,M 40-44/58,M-44,535,52:14,28.42%
997,Emma Harris,"Nashville, TN",2024,49:32,15:57,F 01-12/10,F-9,462,52:14,35.44%
998,Jim Sheorn,"Brentwood, TN",1864,49:33,15:57,M 45-49/50,M-46,536,51:01,28.84%
999,Megan Maddox,"Portageville, MO",1754,49:44,16:01,F 01-12/11,F-9,463,53:37,35.30%
1000,Terri Robbins,"Kingwood, TX",2175,49:58,16:05,F 45-49/50,F-49,464,52:41,33.17%
1001,Ben Hooks,"Martin, TN",1138,49:58,16:05,M 30-34/85,M-33,537,52:57,26.13%
1002,Kassie Hughes,"South Fulton, TN",1137,49:58,16:05,F 18-24/36,F-22,465,52:58,29.63%
1003,Amber Mullinax,"Crossville, TN",1493,49:59,16:06,F 18-24/37,F-24,466,54:27,29.62%
1004,Elizabeth Lisic,"Cookeville, TN",1490,49:59,16:06,F 25-29/88,F-27,467,54:28,29.62%
1005,Edward Lisic,"Cookeville, TN",2258,50:01,16:06,M 50-54/34,M-54,538,54:28,30.47%
1006,Randy Ashby,"Clarksville, TN",1640,50:03,16:07,M 50-54/35,M-50,539,54:07,29.48%
1007,Danny Johns,"Columbia, TN",1109,50:14,16:10,M 60-64/9,M-61,540,54:32,32.23%
1008,Deborah Johns,"Columbia, TN",1108,50:14,16:11,F 55-59/11,F-55,468,54:31,35.58%
1009,Kevin Hall,"Murfreesboro, TN",1028,50:22,16:13,M 40-44/59,M-44,541,54:52,27.94%
1010,Robin Long,"Sacramento, KY",1163,50:36,16:18,F 50-54/26,F-54,469,54:46,34.86%
1011,Jacob Hazelip,"Newburgh, IN",2208,50:47,16:21,M 13-17/17,M-13,542,53:43,28.56%
1012,Daniel Hazelip,"Newburgh, IN",2209,50:54,16:23,M 01-12/32,M-10,543,53:50,31.01%
1013,Art Jaramillo,"Hermitage, TN",2089,50:59,16:25,M 55-59/20,M-59,544,55:19,31.20%
1014,Mia Harris,"Fairview Heights, IL",2016,51:11,16:29,F 40-44/65,F-41,470,55:44,30.07%
1015,Jodi Balkey,"Paducah, KY",1732,51:15,16:30,F 40-44/66,F-43,471,55:43,30.48%
1016,Derek Hazelip,"Newburgh, IN",2207,51:30,16:35,M 40-44/60,M-40,545,54:26,26.51%
1017,Matthew Taylor,"Nashville, TN",1768,51:31,16:35,M 35-39/90,M-36,546,53:01,25.76%
1018,Sydney Alexander,"Nashville, TN",1770,51:32,16:35,F 35-39/64,F-35,472,53:01,29.02%
1019,Glenn Estabrook,"Coral Springs, FL",1885,51:33,16:36,M 45-49/51,M-49,547,55:57,28.40%
1020,Shelia East,"Hartsville, TN",1009,51:35,16:36,F 50-54/27,F-54,473,55:41,34.20%
1021,Jennifer Comer,"Joelton, TN",1127,51:35,16:36,F 45-49/51,F-48,474,55:40,31.74%
1022,Shelly Nickell,"Goodlettsville, TN",1718,51:37,16:37,F 40-44/67,F-40,475,55:55,29.65%
1023,Terry Bradford,"Bon Aqua, TN",1714,51:38,16:37,F 50-54/28,F-54,476,55:55,34.16%
1024,Kristy Sullivan,"Murfreesboro, TN",1025,51:47,16:40,F 35-39/65,F-35,477,54:39,28.88%
1025,Dewayne Sullivan,"Murfreesboro, TN",1024,51:47,16:41,M 45-49/52,M-45,548,54:39,27.40%
1026,Jill Gravatte,"Nashville, TN",1327,51:51,16:42,F 35-39/66,F-37,478,55:42,29.04%
1027,Larry Lauder,"Franklin, TN",1271,52:07,16:47,M 50-54/36,M-54,549,56:24,29.24%
1028,Diane Lauder,"Franklin, TN",1270,52:08,16:47,F 50-54/29,F-53,479,56:23,33.42%
1029,Kathy Lee,"Franklin, TN",1283,52:09,16:47,F 55-59/12,F-57,480,56:24,35.20%
1030,Catherine Maddox,"Portageville, MO",1753,52:09,16:47,F 40-44/68,F-40,481,56:03,29.35%
1031,Bailey Knerr,"Hermitage, TN",2014,52:10,16:48,F 13-17/17,F-14,482,56:10,30.14%
1032,Myra Williams,"Hermitage, TN",2013,52:11,16:48,F 45-49/52,F-47,483,56:11,31.05%
1033,Ginger Lewis,"Christiana, TN",2081,52:22,16:52,F 45-49/53,F-46,484,56:27,30.63%
1034,Tami Saviste,"Gallatin, TN",1711,52:24,16:52,F 45-49/54,F-47,485,56:32,30.93%
1035,Joseph Rhodes,"Antioch, TN",1193,52:28,16:54,M 30-34/86,M-33,550,54:12,24.88%
1036,Lee McDole,"Hermitage, TN",1195,52:28,16:54,M 50-54/37,M-53,551,54:12,28.82%
1037,Karen Light,"Nashville, TN",1525,52:31,16:55,F 35-39/67,F-38,486,56:52,28.83%
1038,Kelly Eagan,"Nashville, TN",1510,52:32,16:55,F 35-39/68,F-37,487,56:52,28.66%
1039,Elizabeth Henegar,"Murfreesboro, TN",1488,52:34,16:55,F 18-24/38,F-23,488,56:39,28.16%
1040,Leslie Diuguid,"Nashville, TN",1222,52:35,16:56,F 45-49/55,F-47,489,55:36,30.82%
1041,Jordana Chartok,"Nashville, TN",1220,52:37,16:56,F 45-49/56,F-48,490,55:36,31.12%
1042,Reshma Bell,"Gallatin, TN",1746,52:38,16:57,F 35-39/69,F-39,491,56:45,28.89%
1043,Cindy Summers,"Clarksville, TN",1733,52:56,17:03,F 55-59/13,F-56,492,56:53,34.20%
1044,Jill Hartman,"Nashville, TN",2002,52:58,17:03,F 55-59/14,F-58,493,55:48,35.13%
1045,Micah Hartman,"Nashville, TN",2003,52:58,17:03,M 35-39/91,M-39,552,55:48,25.59%
1046,Victor Warren,"Clarksville, TN",1826,53:04,17:05,M 13-17/18,M-17,553,57:17,25.45%
1047,Andrea Baker,"Waverly, TN",1745,53:04,17:05,F 50-54/30,F-50,494,57:10,31.61%
1048,Charlene Povia,"Gatlinburg, TN",2234,53:14,17:09,F 70-74/2,F-71,495,56:12,42.53%
1049,Sharon Laviola,"Gallatin, TN",2256,53:18,17:10,F 55-59/15,F-56,496,54:51,33.97%
1050,Tracy Jones,"Eagleville, TN",2068,53:20,17:10,F 45-49/57,F-47,497,57:38,30.38%
1051,Eric Shouse,"Columbia, TN",1140,53:28,17:13,M 30-34/87,M-34,554,57:43,24.54%
1052,Matt Shouse,"Lafayette, TN",1039,53:29,17:13,M 25-29/107,M-29,555,57:43,24.16%
1053,Deana Whitlock,"Smyrna, TN",1838,53:29,17:13,F 25-29/89,F-27,498,58:11,27.68%
1054,Fairy Batey,"Nashville, TN",1606,53:29,17:13,F 45-49/58,F-49,499,58:11,30.99%
1055,Kathleen Robertson,"Franklin, TN",1880,53:46,17:19,F 40-44/69,F-43,500,58:09,29.05%
1056,Jim Robertson,"Franklin, TN",2192,53:47,17:19,M 55-59/21,M-58,556,58:09,29.32%
1057,Terri Bailey,"Smyrna, TN",1031,53:51,17:20,F 50-54/31,F-54,501,57:50,32.76%
1058,Jeanne Baldwin,"Shelbyville, TN",1409,54:02,17:24,F 30-34/97,F-34,502,58:22,27.58%
1059,Mindy Dotson,"Smyrna, TN",1408,54:02,17:24,F 25-29/90,F-29,503,58:22,27.40%
1060,Ana Bustamante,"Antioch, TN",1405,54:04,17:24,F 18-24/39,F-22,504,58:23,27.38%
1061,Jenny High,"Gallatin, TN",1905,54:05,17:25,F 60-64/3,F-60,505,57:56,35.39%
1062,Charity Law,"Goodlettsville, TN",1897,54:06,17:25,F 35-39/70,F-38,506,57:58,27.98%
1063,Sherri May,"Murfreesboro, TN",1158,54:11,17:27,F 45-49/59,F-49,507,58:19,30.58%
1064,Jerry May,"Murfreesboro, TN",1159,54:11,17:27,M 50-54/38,M-54,557,58:20,28.12%
1065,Sharon Gautier,"Clarksville, TN",1376,54:12,17:27,F 40-44/70,F-40,508,58:06,28.24%
1066,Bobbi Hartnup,"Clarksville, TN",1375,54:12,17:27,F 45-49/60,F-45,509,58:06,29.31%
1067,Julie Atherton,"Nashville, TN",2039,54:18,17:29,F 40-44/71,F-42,510,58:21,28.55%
1068,Tricia Griggs,"Antioch, TN",2164,54:41,17:37,F 50-54/32,F-50,511,56:28,30.66%
1069,Cindy Gibbs,"Mount Juliet, TN",2172,54:52,17:40,F 50-54/33,F-52,512,59:27,31.33%
1070,Pam Allen,"Gallatin, TN",1166,55:09,17:46,F 55-59/16,F-59,513,59:19,34.21%
1071,Randy Allen,"Gallatin, TN",1165,55:11,17:46,M 55-59/22,M-57,558,59:21,28.34%
1072,Margaret Chase,"Cordova, TN",1594,55:19,17:49,F 45-49/61,F-46,514,59:18,28.99%
1073,Will Chase,"Cordova, TN",1596,55:20,17:49,M 45-49/53,M-46,559,59:18,25.82%
1074,Tracey Dedman,"Watertown, TN",1292,55:25,17:51,F 30-34/98,F-30,515,1:00:02,26.71%
1075,David Appelhans,"Watertown, TN",1354,55:26,17:51,M 25-29/108,M-27,560,1:00:03,23.28%
1076,Debbie Rosdhal,"Nashville, TN",1230,55:27,17:51,F 50-54/34,F-54,516,59:35,31.81%
1077,Matthew Ewing,"Nashville, TN",2099,55:31,17:52,M 40-44/61,M-40,561,1:00:10,24.59%
1078,James Brown,"Antioch, TN",1712,55:32,17:53,M 35-39/92,M-38,562,57:03,24.23%
1079,Angela Ewing,"Nashville, TN",2100,55:34,17:53,F 35-39/71,F-39,517,1:00:10,27.36%
1080,Kelly Stovall,"Nashville, TN",1280,55:40,17:56,F 45-49/62,F-46,518,59:51,28.81%
1081,Tj Stamm,"Hendersonville, TN",2095,55:41,17:56,M 40-44/62,M-40,563,1:00:21,24.52%
1082,Sanjana Stamm,"Hendersonville, TN",2096,55:45,17:57,F 30-34/99,F-34,519,1:00:25,26.73%
1083,Patti Cunningham,"Nashville, TN",1301,55:46,17:57,F 45-49/63,F-45,520,55:46,28.49%
1084,Amy Flowers,"Ashland City, TN",1258,55:47,17:58,F 35-39/72,F-37,521,1:00:00,26.99%
1085,Kara Baggett,"Clarksville, TN",1257,55:48,17:58,F 30-34/100,F-30,522,1:00:00,26.53%
1086,Anisha Patel,"West Memphis, AR",2074,56:10,18:05,F 25-29/91,F-26,523,1:00:20,26.36%
1087,Mayuri Ranchod,"Pocahontas, AR",2073,56:10,18:05,F 18-24/40,F-24,524,1:00:20,26.36%
1088,Julie Byers,"Nashville, TN",1503,56:14,18:06,F 35-39/73,F-38,525,1:00:21,26.92%
1089,Amanda Griffin,"Murfreesboro, TN",1499,56:14,18:06,F 25-29/92,F-28,526,1:00:21,26.33%
1090,Jimmy Key,"Jackson, TN",1214,56:50,18:18,M 45-49/54,M-45,564,1:00:48,24.96%
1091,Jonathan Key,"Jackson, TN",1204,56:51,18:18,M 35-39/93,M-38,565,1:00:48,23.67%
1092,Annette Wetzel,"Owensboro, KY",1685,56:51,18:18,F 55-59/17,F-59,527,1:01:18,33.20%
1093,Aimee Key,"Jackson, TN",1205,56:52,18:19,F 18-24/41,F-24,528,1:00:50,26.03%
1094,David Thompson,"Linden, TN",1934,56:53,18:19,M 45-49/55,M-46,566,1:00:50,25.12%
1095,Sandra Thompson,"Linden, TN",1933,56:54,18:19,F 45-49/64,F-45,529,1:00:50,27.92%
1096,Bridgett Key,"Jackson, TN",1215,56:55,18:19,F 40-44/72,F-41,530,1:00:50,27.04%
1097,Tyler Sowell,"Jackson, TN",1899,56:56,18:20,M 25-29/109,M-27,567,1:00:51,22.66%
1098,Tony Burks,"Murfreesboro, TN",1777,57:08,18:24,M 25-29/110,M-29,568,59:56,22.61%
1099,Chris Carter,"Murfreesboro, TN",1779,57:09,18:24,M 18-24/38,M-24,569,59:56,22.58%
1100,Ricky Merritt,"Nashville, TN",2266,57:26,18:30,M 25-29/111,M-27,570,1:01:19,22.47%
