Place,Name,Location,Bib,Net Time,Pace,Division/Place,Sex-Age,Sex-Place,Gun Time,Age Grade
1,David Kloz,"Oceanside, CA",50,43:16,6:21,M 35-39/0,M-35,1,43:16, 0.00%
2,Martin Ellison,"Escondido, CA",20,46:21,6:48,M 55-59/0,M-55,2,46:21, 0.00%
3,Joey Bonfiglio,"Carlsbad, CA",10,48:25,7:06,F 30-34/0,F-33,1,48:25, 0.00%
4,Mark Ford,"Carlsbad, CA",27,48:55,7:11,M 45-49/0,M-48,3,48:55, 0.00%
5,Miles Lindsay,"Chula Vista, CA",108,49:14,7:14,M 35-39/1,M-38,4,52:46, 0.00%
6,Cindy Crawford,"San Marcos, CA",15,49:21,7:15,F 40-44/0,F-41,2,49:21, 0.00%
7,Melissa Kloz,"Oceanside, CA",51,49:55,7:20,F 30-34/0,F-34,3,49:55, 0.00%
8,Andy Cole,"San Marcos, CA",12,50:25,7:24,M 50-54/1,M-51,5,51:45, 0.00%
9,James Casper,"San Marcos, CA",115,50:55,7:28,M 35-39/2,M-36,6,52:14, 0.00%
10,Daniel McAdoo,"San Marcos, CA",109,51:12,7:31,M 40-44/1,M-40,7,51:16, 0.00%
11,Jeff Schmidt,"Solana Beach, CA",151,51:26,7:33,M 50-54/2,M-51,8,51:29, 0.00%
12,Robert Hillery,"Carlsbad, CA",46,52:20,7:41,M 25-29/1,M-28,9,58:09, 0.00%
13,Farley Spector,"Easton, MD",94,52:25,7:42,M 55-59/1,M-57,10,52:27, 0.00%
14,David Huckobey,"Vista, CA",47,52:32,7:43,M 35-39/3,M-39,11,58:22, 0.00%
15,Hugues Lecomte,"San Marcos, CA",104,52:32,7:43,M 35-39/4,M-36,12,52:35, 0.00%
16,Geoffrey Landry,"San Marcos, CA",55,54:16,7:58,M 18-24/1,M-22,13,54:19, 0.00%
17,Matthew Sawh,"Poway, CA",90,54:17,7:58,M 25-29/2,M-27,14,54:20, 0.00%
18,Allan Saadus,"San Marcos, CA",127,54:44,8:02,M 45-49/1,M-48,15,56:04, 0.00%
19,Nir Nimrodi,"San Marcos, CA",78,54:45,8:02,M 40-44/2,M-41,16,56:04, 0.00%
20,Patrick Higgins,"San Diego, CA",45,55:17,8:07,M 45-49/2,M-45,17,56:35, 0.00%
21,Tom Shull,"Vista, CA",117,56:51,8:21,M 50-54/3,M-54,18,1:00:23, 0.00%
22,Doug Gibson,"Encinitas, CA",34,57:01,8:22,M 40-44/3,M-42,19,57:03, 0.00%
23,Jeff Shaw,"San Marcos, CA",118,57:18,8:25,M 45-49/3,M-47,20,1:03:09, 0.00%
24,Vincent Meade,"Carlsbad, CA",66,59:00,8:40,M 30-34/1,M-33,21,1:02:36, 0.00%
25,Abraham Garcia,"Carlsbad, CA",31,59:33,8:44,M 18-24/2,M-23,22,1:10:14, 0.00%
26,Jeffrey Fortuna,"San Marcos, CA",28,59:54,8:47,M 30-34/2,M-31,23,1:07:59, 0.00%
27,James Bell,"San Marcos, CA",8,1:00:14,8:50,M 50-54/4,M-52,24,1:06:05, 0.00%
28,Christine Read,"Encinitas, CA",85,1:00:15,8:51,F 40-44/1,F-40,4,1:06:05, 0.00%
29,Adam Saba,"San Marcos, CA",113,1:00:51,8:56,M 35-39/5,M-38,25,1:06:42, 0.00%
30,Perry Harrington,"San Marcos, CA",40,1:01:22,9:00,M 45-49/4,M-45,26,1:09:27, 0.00%
31,Charles Szentesi,"San Diego, CA",95,1:01:25,9:01,M 55-59/2,M-58,27,1:02:44, 0.00%
32,Chris Baylis,"San Marcos, CA",131,1:01:36,9:02,M 30-34/3,M-30,28,1:01:38, 0.00%
33,Alexander Espinoza Md,"San Marcos, CA",21,1:01:42,9:03,M 35-39/6,M-37,29,1:03:01, 0.00%
34,Tyler Zimmer,"Carlsbad, CA",129,1:01:48,9:04,M 01-17/1,M-14,30,1:09:53, 0.00%
35,Darron Manley,"San Marcos, CA",63,1:01:48,9:04,M 50-54/5,M-50,31,1:01:51, 0.00%
36,Penny Zimmer,"Carlsbad, CA",128,1:01:49,9:04,F 40-44/2,F-44,5,1:09:54, 0.00%
37,Tami Alderton,"Carlsbad, CA",5,1:02:01,9:06,F 35-39/1,F-39,6,1:05:32, 0.00%
38,Wendell Maize,"Alpine, CA",62,1:02:02,9:06,M 65-69/1,M-69,32,1:12:41, 0.00%
39,Rob Richards,"San Marcos, CA",87,1:02:13,9:08,M 45-49/5,M-45,33,1:12:53, 0.00%
40,Michael Rouse,"San Marcos, CA",88,1:02:41,9:12,M 35-39/7,M-35,34,1:04:01, 0.00%
41,Frank Dedonatis,"San Marcos, CA",16,1:04:15,9:26,M 45-49/6,M-47,35,1:05:33, 0.00%
42,Craig Horner,"San Diego, CA",123,1:04:29,9:28,M 60-64/1,M-61,36,1:05:48, 0.00%
43,Saranac Harris,"Carlsbad, CA",41,1:05:10,9:34,F 35-39/2,F-38,7,1:05:12, 0.00%
44,Francois Thuiliere,"San Marcos, CA",96,1:05:51,9:40,M 40-44/4,M-41,37,1:11:41, 0.00%
45,Tiffiny Hickey,"San Marcos, CA",132,1:07:31,9:54,F 40-44/3,F-40,8,1:18:10, 0.00%
46,Gwen Knight,"San Marcos, CA",120,1:09:15,10:10,F 50-54/1,F-52,9,1:10:35, 0.00%
47,Bruce Farmer,"San Diego, CA",23,1:09:41,10:14,M 45-49/7,M-47,38,1:11:01, 0.00%
48,Cheri Wengronowitz,"San Marcos, CA",101,1:09:50,10:15,F 45-49/1,F-48,10,1:11:09, 0.00%
49,Jenny Barger,"Carlsbad, CA",7,1:09:52,10:15,F 35-39/3,F-39,11,1:11:12, 0.00%
50,Jerry Smith,"Chula Vista, CA",92,1:10:34,10:21,M 65-69/2,M-65,39,1:14:07, 0.00%
51,Rosa Medrano,"Vista, CA",67,1:10:44,10:23,F 25-29/1,F-27,12,1:16:35, 0.00%
52,Sue Andrew,"San Marcos, CA",6,1:10:56,10:25,F 35-39/4,F-37,13,1:16:46, 0.00%
53,Augustus Garcia,"Escondido, CA",33,1:11:07,10:26,M 30-34/4,M-31,40,1:14:43, 0.00%
54,Sharon Hawley,"San Marcos, CA",43,1:11:16,10:27,F 18-24/1,F-23,14,1:19:19, 0.00%
55,John Hawley,"San Marcos, CA",42,1:11:16,10:27,M 18-24/3,M-23,41,1:19:19, 0.00%
56,Randy Noyes,"San Marcos, CA",125,1:11:56,10:33,M 18-24/4,M-21,42,1:15:27, 0.00%
57,Spencer Lawes,"San Marcos, CA",58,1:12:01,10:34,M 40-44/5,M-41,43,1:22:43, 0.00%
58,Curtis Childers,"Escondido, CA",121,1:12:04,10:34,M 45-49/8,M-48,44,1:25:17, 0.00%
59,Dennis Payne,"San Marcos, CA",80,1:12:04,10:34,M 50-54/6,M-52,45,1:20:09, 0.00%
60,Cori Grasley,"San Marcos, CA",36,1:12:08,10:35,F 35-39/5,F-37,15,1:12:08, 0.00%
61,Julie Saadus,"San Marcos, CA",126,1:12:12,10:36,F 40-44/4,F-44,16,1:15:44, 0.00%
62,Brad Grimm,"Carlsbad, CA",38,1:12:16,10:36,M 45-49/9,M-45,46,1:13:38, 0.00%
63,Gregg Moore,"San Diego, CA",72,1:12:34,10:39,M 45-49/10,M-47,47,1:18:27, 0.00%
64,Tara Moore,"San Diego, CA",73,1:12:35,10:39,F 30-34/1,F-34,17,1:18:27, 0.00%
65,Carrie Welsh,"Carlsbad, CA",100,1:13:53,10:50,F 45-49/2,F-45,18,1:27:05, 0.00%
66,Cary Evans,"Laguna Niguel, CA",22,1:14:10,10:53,M 35-39/8,M-39,48,1:24:49, 0.00%
67,Michael Morton,"San Diego, CA",74,1:15:29,11:04,M 30-34/5,M-34,49,1:15:32, 0.00%
68,Steve Floyd,"San Marcos, CA",26,1:15:29,11:05,M 40-44/6,M-40,50,1:15:33, 0.00%
69,Stephen Lavery,"San Marcos, CA",57,1:15:32,11:05,M 30-34/6,M-33,51,1:23:37, 0.00%
70,Sandy Lavery,"San Marcos, CA",56,1:15:32,11:05,F 35-39/6,F-37,19,1:23:37, 0.00%
71,Erica Leonard,"Carlsbad, CA",59,1:15:32,11:05,F 18-24/2,F-24,20,1:23:35, 0.00%
72,Melvin Russell,"San Marcos, CA",89,1:15:52,11:08,M 40-44/7,M-42,52,1:26:32, 0.00%
73,Marcela Pullman,"Vista, CA",81,1:16:09,11:10,F 35-39/7,F-37,21,1:19:42, 0.00%
74,John Kramer,"San Marcos, CA",107,1:16:27,11:13,M 50-54/7,M-54,53,1:29:40, 0.00%
75,Sean Parry,"San Marcos, CA",130,1:16:54,11:17,M 35-39/9,M-39,54,1:27:36, 0.00%
76,Sandy Conner,"Carlsbad, CA",14,1:17:16,11:20,F 30-34/2,F-33,22,1:30:27, 0.00%
77,Kristen Kuncl,"Carlsbad, CA",53,1:17:16,11:20,F 35-39/8,F-35,23,1:30:27, 0.00%
78,Herminia Ramirez,"Escondido, CA",84,1:17:22,11:21,F 18-24/3,F-22,24,1:25:25, 0.00%
79,Mike Gonzales,"Vista, CA",35,1:17:25,11:21,M 50-54/8,M-51,55,1:28:06, 0.00%
80,Don Detar,"San Marcos, CA",17,1:17:38,11:23,M 50-54/9,M-51,56,1:21:13, 0.00%
81,Stephanie Wilcox Hall,"San Marcos, CA",102,1:17:39,11:24,F 30-34/3,F-32,25,1:21:13, 0.00%
82,Pamela Napoli,"Escondido, CA",77,1:17:54,11:26,F 40-44/5,F-41,26,1:26:00, 0.00%
83,Christa Rhine,"Oceanside, CA",116,1:18:10,11:28,F 25-29/2,F-29,27,1:21:43, 0.00%
84,Kristi Freeman,"Spring Valley, CA",30,1:18:16,11:29,F 45-49/3,F-46,28,1:28:57, 0.00%
85,Joanne Ludwig,"Spring Valley, CA",60,1:18:16,11:29,F 45-49/4,F-45,29,1:28:57, 0.00%
86,Tony Thallas,"Escondido, CA",119,1:18:26,11:30,M 60-64/2,M-62,57,1:26:31, 0.00%
87,Linda Klute,"Chicago, IL",52,1:19:10,11:37,F 60-64/1,F-61,30,1:29:50, 0.00%
88,Alexandra Garcia,"Carlsbad, CA",32,1:19:16,11:38,F 18-24/4,F-23,31,1:32:27, 0.00%
89,Heather Mendez,"Carlsbad, CA",68,1:19:34,11:40,F 25-29/3,F-26,32,1:32:45, 0.00%
90,Joe Tirabassi,"Vista, CA",98,1:19:46,11:42,M 30-34/7,M-30,58,1:21:05, 0.00%
91,Brian Miller,"Vista, CA",70,1:20:11,11:46,M 30-34/8,M-31,59,1:21:32, 0.00%
92,Angela Collins,"San Marcos, CA",105,1:20:32,11:49,F 35-39/9,F-37,33,1:26:25, 0.00%
93,Karin Halliday,"San Marcos, CA",114,1:20:32,11:49,F 40-44/6,F-40,34,1:26:25, 0.00%
94,Semana Richard,"San Marcos, CA",111,1:25:11,12:30,F 30-34/4,F-31,35,1:31:03, 0.00%
95,Delilah Rodarte,"San Marcos, CA",112,1:25:11,12:30,F 18-24/5,F-22,36,1:31:03, 0.00%
96,Ginny Mugg,"San Marcos, CA",76,1:25:25,12:32,F 60-64/2,F-62,37,1:33:28, 0.00%
97,Kristen Smith,"Vista, CA",93,1:25:31,12:33,F 35-39/10,F-36,38,1:33:37, 0.00%
98,Kristen Fitzgerald,"Carlsbad, CA",25,1:25:44,12:35,F 45-49/5,F-45,39,1:36:27, 0.00%
99,Jackie Kinnear,"Carlsbad, CA",49,1:25:45,12:35,F 45-49/6,F-48,40,1:36:27, 0.00%
100,Joanne Mendez,"San Marcos, CA",69,1:28:48,13:02,F 18-24/6,F-21,41,1:42:00, 0.00%
101,Dave Mugg,"San Marcos, CA",75,1:32:55,13:38,M 60-64/3,M-62,60,1:40:58, 0.00%
102,Andrew Callaway,"San Marcos, CA",11,1:34:05,13:48,M 25-29/3,M-25,61,1:47:17, 0.00%
103,Brittany Owen,"San Marcos, CA",124,1:34:05,13:48,F 18-24/7,F-22,42,1:47:18, 0.00%
104,Kathy Green,"San Marcos, CA",37,1:40:29,14:44,F 35-39/11,F-37,43,1:48:33, 0.00%
105,Raelyn Fernandez,"Carlsbad, CA",24,1:41:26,14:53,F 01-17/1,F-17,44,1:44:57, 0.00%
106,Chris Burrell,"Escondido, CA",122,1:43:27,15:10,M 30-34/9,M-33,62,1:56:39, 0.00%
107,Rebecca Rein,"Carlsbad, CA",86,1:44:15,15:18,F 30-34/5,F-34,45,1:57:30, 0.00%
108,Robert Klute,"Chicago, IL",106,1:49:19,16:02,M 60-64/4,M-62,63,2:00:00, 0.00%
