Bib,Name,Gender,Age,Hometown,Overall,Men,M 35-39,Finish,Chip Time,Gun Time,3.5 Mi
1,David Kloz,M,36,"Oceanside, CA",1 out of 200,1 out of 116,0 out of 0,42:38 Pace: 6:14,42:38,42:38,22:23 Pace: 6:24
234,kevin gillotti,M,41,"Carlsbad, CA",2 out of 200,2 out of 116,1 out of 15,45:44 Pace: 6:41,45:44,45:44,23:53 Pace: 6:50
97,John James,M,28,"Escondido, CA",3 out of 200,3 out of 116,1 out of 27,47:51 Pace: 7:00,47:51,49:58,24:29 Pace: 7:00
21,Paul Beck,M,33,"San Marcos, CA",4 out of 200,4 out of 116,1 out of 10,49:05 Pace: 7:10,49:05,49:09,25:35 Pace: 7:19
272,ANDY SCHMIDT,M,43,"San Marcos, CA",5 out of 200,5 out of 116,2 out of 15,49:10 Pace: 7:11,49:10,49:11,26:05 Pace: 7:28
20,Jeffrey Bauer,M,34,"San Marcos, CA",6 out of 200,6 out of 116,2 out of 10,50:07 Pace: 7:19,50:07,50:07,25:45 Pace: 7:22
125,Christopher Marquis,M,23,"Astoria, OR",7 out of 200,7 out of 116,1 out of 14,50:09 Pace: 7:20,50:09,56:03,26:33 Pace: 7:35
161,Juan Sanchez,M,30,"Vista, CA",8 out of 200,8 out of 116,3 out of 10,50:25 Pace: 7:22,50:25,50:26,26:30 Pace: 7:35
172,Adam Stanek,M,23,"Warrenton, OR",9 out of 200,9 out of 116,2 out of 14,50:31 Pace: 7:23,50:31,56:26,27:06 Pace: 7:45
164,Jeff Schmidt,M,52,"Solana Beach, CA",10 out of 200,10 out of 116,1 out of 13,50:36 Pace: 7:24,50:36,50:39,26:51 Pace: 7:41
177,Andy Thacher,M,48,"San Diego, CA",11 out of 200,11 out of 116,1 out of 14,51:36 Pace: 7:32,51:36,51:37,26:40 Pace: 7:38
238,Daniel McAdoo,M,41,"San Marcos, CA",12 out of 200,12 out of 116,3 out of 15,51:45 Pace: 7:34,51:45,51:47,27:52 Pace: 7:58
185,Linda Vigil,F,42,"Carlsbad, CA",13 out of 200,1 out of 84,0 out of 0,52:03 Pace: 7:36,52:01,52:03,26:30 Pace: 7:35
13,Hugo Lecomte,M,37,"San Marcos, CA",14 out of 200,13 out of 116,1 out of 16,52:13 Pace: 7:38,52:13,52:16,26:53 Pace: 7:41
99,Clay Janssen,M,48,"San Marcos, CA",15 out of 200,14 out of 116,2 out of 14,52:16 Pace: 7:38,52:16,59:45,26:49 Pace: 7:40
30,Andrew Callaway,M,27,"San Marcos, CA",16 out of 200,15 out of 116,2 out of 27,52:42 Pace: 7:42,52:42,52:43,27:51 Pace: 7:58
122,David Madrigal,M,39,"Chula Vista, CA",17 out of 200,16 out of 116,2 out of 16,53:26 Pace: 7:48,53:26,59:19,28:12 Pace: 8:04
269,Jeffrey Plumer,M,25,"Corona Del mar, CA",18 out of 200,17 out of 116,3 out of 27,54:14 Pace: 7:55,54:14,54:15,28:24 Pace: 8:07
270,DAVID PHILLIPS,M,23,"FAIRVIEW, TX",19 out of 200,18 out of 116,3 out of 14,54:53 Pace: 8:01,54:53,1:00:48,27:55 Pace: 7:59
169,Jeff Shaw,M,48,"San Marcos, CA",20 out of 200,19 out of 116,3 out of 14,55:04 Pace: 8:03,55:04,59:21,28:06 Pace: 8:02
133,Christopher Mooers,M,28,"San Diego, CA",21 out of 200,20 out of 116,4 out of 27,55:04 Pace: 8:03,55:04,55:08,29:45 Pace: 8:30
159,Allan Saadus,M,49,"San Marcos, CA",22 out of 200,21 out of 116,4 out of 14,55:05 Pace: 8:03,55:05,55:08,27:49 Pace: 7:57
184,Aubrey Vanderbyl,M,50,"San Marcos, CA",23 out of 200,22 out of 116,2 out of 13,55:19 Pace: 8:05,55:19,55:20,29:35 Pace: 8:28
267,CHRISTOPHER ROLLBUSCH,M,36,"CHULA VISTA, CA",24 out of 200,23 out of 116,3 out of 16,55:31 Pace: 8:07,55:31,1:01:25,29:40 Pace: 8:29
176,Andy Sweet,M,50,"San Marcos, CA",25 out of 200,24 out of 116,3 out of 13,55:51 Pace: 8:10,55:51,1:00:08,29:38 Pace: 8:28
61,Jeffrey Fortuna,M,32,"San Marcos, CA",26 out of 200,25 out of 116,4 out of 10,56:05 Pace: 8:12,56:05,1:00:23,29:52 Pace: 8:32
139,Aaron Nelson,M,28,"San Marcos, CA",27 out of 200,26 out of 116,5 out of 27,56:26 Pace: 8:15,56:26,1:00:47,30:02 Pace: 8:35
22,James Bell,M,53,"San Marcos, CA",28 out of 200,27 out of 116,4 out of 13,57:19 Pace: 8:23,57:19,1:01:39,29:45 Pace: 8:30
146,David Raigoza,M,44,"Vista, CA",29 out of 200,28 out of 116,4 out of 15,57:23 Pace: 8:23,57:23,57:27,30:41 Pace: 8:46
236,todd vollstedt,M,50,"Coronado, CA",30 out of 200,29 out of 116,5 out of 13,58:03 Pace: 8:29,58:03,58:04,29:54 Pace: 8:33
204,David Farris,M,48,"Vista, CA",31 out of 200,30 out of 116,5 out of 14,58:17 Pace: 8:31,58:17,1:04:11,30:04 Pace: 8:36
35,Trevor Clark,M,22,"Astoria, OR",32 out of 200,31 out of 116,4 out of 14,59:04 Pace: 8:38,59:04,1:05:00,30:53 Pace: 8:50
127,Ron McGuire,M,40,"San Marcos, CA",33 out of 200,32 out of 116,5 out of 15,59:04 Pace: 8:38,59:04,1:13:12,31:15 Pace: 8:56
95,Juan Huertero,M,62,"Lemon Grove, CA",34 out of 200,33 out of 116,1 out of 1,1:00:26 Pace: 8:50,1:00:26,1:02:33,31:21 Pace: 8:58
181,Alicia Towery,F,28,"San Diego, CA",35 out of 200,2 out of 84,1 out of 14,1:00:38 Pace: 8:52,1:00:38,1:00:41,32:37 Pace: 9:19
85,John Hawley,M,25,"San Marcos, CA",36 out of 200,34 out of 116,6 out of 27,1:00:57 Pace: 8:54,1:00:57,1:10:31,31:50 Pace: 9:06
32,Andrew Carlson,M,25,"Escondido, CA",37 out of 200,35 out of 116,7 out of 27,1:01:09 Pace: 8:56,1:01:09,1:03:17,32:10 Pace: 9:12
197,Steven Wing,M,36,"Listowel, ON",38 out of 200,36 out of 116,4 out of 16,1:01:36 Pace: 9:00,1:01:36,1:07:34,33:10 Pace: 9:29
194,Alex Williams,M,19,"San Marcos, CA",39 out of 200,37 out of 116,5 out of 14,1:01:53 Pace: 9:02,1:01:53,1:13:22,33:38 Pace: 9:37
198,Maggy Wireman,F,46,"San Marcos, CA",40 out of 200,3 out of 84,1 out of 10,1:01:57 Pace: 9:03,1:01:57,1:02:01,32:26 Pace: 9:16
100,Kevin Jensen,M,26,"San Marcos, CA",41 out of 200,38 out of 116,8 out of 27,1:02:34 Pace: 9:08,1:02:34,1:02:38,            Pace:            
128,Vincent Meade,M,34,"Carlsbad, CA",42 out of 200,39 out of 116,5 out of 10,1:02:37 Pace: 9:09,1:02:37,1:12:17,32:55 Pace: 9:25
89,James Hin,M,25,"Carlsbad, CA",43 out of 200,40 out of 116,9 out of 27,1:02:40 Pace: 9:09,1:02:40,1:06:57,33:57 Pace: 9:42
233,CHRISTOPHER VARELA,M,26,"OCEANSIDE, CA",44 out of 200,41 out of 116,10 out of 27,1:03:24 Pace: 9:16,1:03:24,1:05:31,31:52 Pace: 9:07
221,Nathan Whitford,M,19,"San Marcos, CA",45 out of 200,42 out of 116,6 out of 14,1:03:28 Pace: 9:16,1:03:28,1:11:00,35:49 Pace: 10:14
235,HAYDN HOWE,M,44,"San Marcos, CA",46 out of 200,43 out of 116,6 out of 15,1:03:30 Pace: 9:17,1:03:30,1:13:06,34:48 Pace: 9:57
193,Stephanie Wilcox Hall,F,34,"San Marcos, CA",47 out of 200,4 out of 84,1 out of 10,1:03:53 Pace: 9:20,1:03:53,1:11:27,33:35 Pace: 9:36
33,Feliciano Cespedes,M,34,"National City, CA",48 out of 200,44 out of 116,6 out of 10,1:04:01 Pace: 9:21,1:04:01,1:13:42,34:08 Pace: 9:45
103,Victory Joseph,F,26,"La Jolla, CA",49 out of 200,5 out of 84,2 out of 14,1:04:04 Pace: 9:22,1:04:04,1:09:58,34:31 Pace: 9:52
126,Andrea McGuire,F,36,"San Marcos, CA",50 out of 200,6 out of 84,1 out of 18,1:04:09 Pace: 9:22,1:04:09,1:18:16,33:42 Pace: 9:38
69,Melody Gillis,F,29,"San Diego, CA",51 out of 200,7 out of 84,3 out of 14,1:04:17 Pace: 9:24,1:04:17,1:04:21,33:37 Pace: 9:37
81,Johannes Harmse,M,28,"La Jolla, CA",52 out of 200,45 out of 116,11 out of 27,1:04:29 Pace: 9:25,1:04:29,1:06:36,32:10 Pace: 9:12
91,Jacqui Hoffman,F,32,"San Diego, CA",53 out of 200,8 out of 84,2 out of 10,1:04:36 Pace: 9:26,1:04:36,1:06:42,33:54 Pace: 9:42
219,Rachael Nosewicz,F,19,"San Marcos, CA",54 out of 200,9 out of 84,1 out of 16,1:04:41 Pace: 9:27,1:04:41,1:06:50,34:10 Pace: 9:46
59,Arthur Flach,M,49,"Toronto, ON",55 out of 200,46 out of 116,6 out of 14,1:04:43 Pace: 9:27,1:04:43,1:16:13,34:22 Pace: 9:49
63,Stephen France,M,42,"Escondido, CA",56 out of 200,47 out of 116,7 out of 15,1:04:47 Pace: 9:28,1:04:47,1:09:07,33:40 Pace: 9:37
118,Sharon Lomayesva,F,50,"San Marcos, CA",57 out of 200,10 out of 84,1 out of 4,1:05:07 Pace: 9:31,1:05:07,1:19:12,32:52 Pace: 9:24
16,Christine Aurigemma,F,45,"Carlsbad, CA",58 out of 200,11 out of 84,2 out of 10,1:05:11 Pace: 9:31,1:05:11,1:07:18,34:02 Pace: 9:44
216,Bill McMillan,M,50,"Brea, CA",59 out of 200,48 out of 116,6 out of 13,1:05:57 Pace: 9:38,1:05:57,1:13:28,35:30 Pace: 10:09
211,Perry Harrington,M,46,"San Marcos, CA",60 out of 200,49 out of 116,7 out of 14,1:06:13 Pace: 9:40,1:06:13,1:15:48,35:02 Pace: 10:01
124,Rodney Marquez,M,22,"San Diego, CA",61 out of 200,50 out of 116,7 out of 14,1:06:49 Pace: 9:46,1:06:49,1:16:29,34:50 Pace: 9:58
25,Eric Brewer,M,50,"Poway, CA",62 out of 200,51 out of 116,7 out of 13,1:07:07 Pace: 9:48,1:07:07,1:16:42,36:52 Pace: 10:32
34,Ralph Cisneros,M,43,"San Marcos, CA",63 out of 200,52 out of 116,8 out of 15,1:07:14 Pace: 9:49,1:07:14,1:18:45,33:44 Pace: 9:39
29,Nina Caballero,F,30,"San Diego, CA",64 out of 200,12 out of 84,3 out of 10,1:07:27 Pace: 9:51,1:07:27,1:11:44,35:33 Pace: 10:10
268,David Beasley,M,42,"San Marcos, CA",65 out of 200,53 out of 116,9 out of 15,1:07:37 Pace: 9:53,1:07:37,1:17:13,36:02 Pace: 10:18
65,Armando Garcia,M,42,"Escondido, CA",66 out of 200,54 out of 116,10 out of 15,1:08:19 Pace: 9:59,1:08:19,1:15:51,37:35 Pace: 10:45
82,Kevin Harris,M,39,"Carlsbad, CA",67 out of 200,55 out of 116,5 out of 16,1:08:30 Pace: 10:00,1:08:30,1:10:38,36:18 Pace: 10:23
83,Saranac Harris,F,39,"Carlsbad, CA",68 out of 200,13 out of 84,2 out of 18,1:08:31 Pace: 10:01,1:08:31,1:10:38,36:19 Pace: 10:23
199,Judy Wong Page,F,44,"Brantford, ON",69 out of 200,14 out of 84,1 out of 8,1:08:44 Pace: 10:02,1:08:44,1:20:15,36:44 Pace: 10:30
104,Alex Kascoutas,M,39,"San Marcos, CA",70 out of 200,56 out of 116,6 out of 16,1:09:02 Pace: 10:05,1:09:02,1:11:12,36:39 Pace: 10:29
239,Ella Codiga,F,17,"Laguna Niguel, CA",71 out of 200,15 out of 84,1 out of 1,1:09:17 Pace: 10:07,1:09:17,1:15:12,35:26 Pace: 10:08
237,MICHAEL CODIGA,M,51,"LAGUNA NIGUE, CA",72 out of 200,57 out of 116,8 out of 13,1:09:17 Pace: 10:07,1:09:17,1:15:12,35:27 Pace: 10:08
242,Sheyriana Elias,F,24,"San Diego, CA",73 out of 200,16 out of 84,2 out of 16,1:09:19 Pace: 10:08,1:09:19,1:25:57,37:24 Pace: 10:42
73,Ayleah Goodman,F,27,"San Marcos, CA",74 out of 200,17 out of 84,4 out of 14,1:09:26 Pace: 10:09,1:09:26,1:17:00,37:27 Pace: 10:42
241,ASHLEY reubens,F,25,"El Cajon, CA",75 out of 200,18 out of 84,5 out of 14,1:09:37 Pace: 10:10,1:09:37,1:26:16,37:25 Pace: 10:42
144,Dennis Payne,M,53,"San Marcos, CA",76 out of 200,58 out of 116,9 out of 13,1:09:46 Pace: 10:12,1:09:46,1:21:18,36:47 Pace: 10:31
78,James Hanna,M,31,"San Marcos, CA",77 out of 200,59 out of 116,7 out of 10,1:10:03 Pace: 10:14,1:10:03,1:17:34,37:11 Pace: 10:38
101,David Jerge,M,52,"San Marcos, CA",78 out of 200,60 out of 116,10 out of 13,1:10:10 Pace: 10:15,1:10:10,1:16:06,35:15 Pace: 10:05
47,Jacqueline Dickson,F,27,"La Jolla, CA",79 out of 200,19 out of 84,6 out of 14,1:10:19 Pace: 10:16,1:10:19,1:37:24,37:16 Pace: 10:39
149,Amol Raj,M,36,"San Diego, CA",80 out of 200,61 out of 116,7 out of 16,1:10:31 Pace: 10:18,1:10:31,1:16:27,38:37 Pace: 11:02
87,Paul Heft,M,20,"San Marcos, CA",81 out of 200,62 out of 116,8 out of 14,1:10:35 Pace: 10:19,1:10:35,1:22:05,38:08 Pace: 10:54
86,Sharon Hawley,F,24,"San Marcos, CA",82 out of 200,20 out of 84,3 out of 16,1:10:42 Pace: 10:20,1:10:42,1:20:18,38:05 Pace: 10:53
174,Rhett Stroh,M,49,"Vista, CA",83 out of 200,63 out of 116,8 out of 14,1:11:03 Pace: 10:23,1:11:03,1:18:35,38:01 Pace: 10:52
54,Andrea Encinas,F,34,"San Diego, CA",84 out of 200,21 out of 84,4 out of 10,1:11:06 Pace: 10:23,1:11:06,1:17:00,37:57 Pace: 10:51
28,Johanna Burhans,F,62,"San Marcos, CA",85 out of 200,22 out of 84,1 out of 2,1:11:32 Pace: 10:27,1:11:32,1:17:28,36:19 Pace: 10:23
158,Melvin Russell,M,43,"San Marcos, CA",86 out of 200,64 out of 116,11 out of 15,1:11:38 Pace: 10:28,1:11:38,1:13:47,37:34 Pace: 10:44
110,Joe Lawler,M,30,"Astoria, OR",87 out of 200,65 out of 116,8 out of 10,1:11:43 Pace: 10:29,1:11:43,1:23:20,37:45 Pace: 10:47
51,Ronald Drees,M,48,"San Diego, CA",88 out of 200,66 out of 116,9 out of 14,1:11:53 Pace: 10:30,1:11:53,1:19:26,36:52 Pace: 10:32
116,Ruben Leyva,M,19,"Escondido, CA",89 out of 200,67 out of 116,9 out of 14,1:11:54 Pace: 10:30,1:11:54,1:19:26,35:50 Pace: 10:15
75,Bradley Grimm,M,46,"Carlsbad, CA",90 out of 200,68 out of 116,10 out of 14,1:11:57 Pace: 10:31,1:11:57,1:16:18,38:25 Pace: 10:59
203,Lori Nellis,F,45,"San Marcos, CA",91 out of 200,23 out of 84,3 out of 10,1:11:59 Pace: 10:31,1:11:59,1:26:04,37:31 Pace: 10:43
53,Robert Elder Jr,M,46,"Temecula, CA",92 out of 200,69 out of 116,11 out of 14,1:12:11 Pace: 10:33,1:12:11,1:16:30,37:46 Pace: 10:48
17,Cinda Ayres,F,48,"San Marcos, CA",93 out of 200,24 out of 84,4 out of 10,1:12:15 Pace: 10:33,1:12:15,1:18:12,38:50 Pace: 11:06
192,Cheri Wengronowitz,F,49,"San Marcos, CA",94 out of 200,25 out of 84,5 out of 10,1:12:28 Pace: 10:35,1:12:28,1:22:05,40:16 Pace: 11:31
19,Jenny Barger,F,40,"Carlsbad, CA",95 out of 200,26 out of 84,2 out of 8,1:12:35 Pace: 10:36,1:12:35,1:22:13,40:17 Pace: 11:31
88,Lizie Hernandez,F,38,"Escondido, CA",96 out of 200,27 out of 84,3 out of 18,1:12:35 Pace: 10:36,1:12:35,1:20:07,37:34 Pace: 10:44
107,Kandi Kretzschmar,F,48,"Carlsbad, CA",97 out of 200,28 out of 84,6 out of 10,1:12:37 Pace: 10:36,1:12:37,1:22:14,40:17 Pace: 11:31
168,Damir Seferovic,M,36,"San Diego, CA",98 out of 200,70 out of 116,8 out of 16,1:12:55 Pace: 10:39,1:12:55,1:20:29,38:13 Pace: 10:55
109,Annette Lahm,F,39,"San Marcos, CA",99 out of 200,29 out of 84,4 out of 18,1:12:56 Pace: 10:39,1:12:56,1:22:35,38:41 Pace: 11:03
200,Austin Wood,M,13,"Oceanside, CA",100 out of 200,71 out of 116,1 out of 2,1:13:04 Pace: 10:40,1:13:04,1:15:11,38:56 Pace: 11:08
179,Linda Thornbloom,F,48,"Chula Vista, CA",101 out of 200,30 out of 84,7 out of 10,1:13:26 Pace: 10:44,1:13:26,1:19:20,37:31 Pace: 10:44
117,Glenn Lloyd,M,44,"San Diego, CA",102 out of 200,72 out of 116,12 out of 15,1:13:35 Pace: 10:45,1:13:35,1:23:10,39:22 Pace: 11:15
42,David De Cordova,M,49,"Vista, CA",103 out of 200,73 out of 116,12 out of 14,1:13:43 Pace: 10:46,1:13:43,1:18:01,38:23 Pace: 10:58
102,Kelly Johnson,M,29,"Astoria, OR",104 out of 200,74 out of 116,12 out of 27,1:13:52 Pace: 10:47,1:13:52,1:25:30,38:26 Pace: 10:59
187,Seth Watson,M,35,"San Marcos, CA",105 out of 200,75 out of 116,9 out of 16,1:14:05 Pace: 10:49,1:14:05,1:25:42,38:52 Pace: 11:07
55,Charmaine Esnard-Levy,F,37,"San Marcos, CA",106 out of 200,31 out of 84,5 out of 18,1:14:27 Pace: 10:53,1:14:27,1:24:05,40:01 Pace: 11:26
135,Trace Moorhead,M,31,"Hammond, OR",107 out of 200,76 out of 116,9 out of 10,1:14:38 Pace: 10:54,1:14:38,1:26:15,38:23 Pace: 10:58
201,Patrick Yamada,M,22,"Seaside, OR",108 out of 200,77 out of 116,10 out of 14,1:14:38 Pace: 10:54,1:14:38,1:26:15,40:06 Pace: 11:28
80,Scott Hark,M,29,"Carlsbad, CA",109 out of 200,78 out of 116,13 out of 27,1:14:42 Pace: 10:55,1:14:42,1:19:00,39:08 Pace: 11:11
129,Heather Mendez,F,27,"Carlsbad, CA",110 out of 200,32 out of 84,7 out of 14,1:14:50 Pace: 10:56,1:14:50,1:26:26,41:27 Pace: 11:51
213,Beverly Harrington,F,44,"San Marcos, CA",111 out of 200,33 out of 84,3 out of 8,1:14:52 Pace: 10:56,1:14:52,1:19:11,40:31 Pace: 11:35
79,Faith Hark,F,29,"Carlsbad, CA",112 out of 200,34 out of 84,8 out of 14,1:15:09 Pace: 10:59,1:15:09,1:19:27,41:35 Pace: 11:53
130,John Messina,M,28,"Carlsbad, CA",113 out of 200,79 out of 116,14 out of 27,1:15:41 Pace: 11:03,1:15:41,1:32:18,38:12 Pace: 10:55
108,Nikhil Kulkarni,M,27,"San Diego, CA",114 out of 200,80 out of 116,15 out of 27,1:15:43 Pace: 11:04,1:15:43,1:27:19,42:29 Pace: 12:09
44,Dave Delaney,M,44,"Palos Heights, IL",115 out of 200,81 out of 116,13 out of 15,1:15:46 Pace: 11:04,1:15:46,1:27:19,40:03 Pace: 11:27
27,Rachel Bruin,F,27,"Menifee, CA",116 out of 200,35 out of 84,9 out of 14,1:15:47 Pace: 11:04,1:15:47,1:32:25,39:33 Pace: 11:18
26,Daniel Bruin,M,27,"Menifee, CA",117 out of 200,82 out of 116,16 out of 27,1:15:47 Pace: 11:04,1:15:47,1:32:25,38:11 Pace: 10:55
45,Don Detar,M,52,"San Marcos, CA",118 out of 200,83 out of 116,11 out of 13,1:15:49 Pace: 11:05,1:15:49,1:20:10,37:54 Pace: 10:50
132,Arun Mirpuri,M,29,"San Diego, CA",119 out of 200,84 out of 116,17 out of 27,1:16:40 Pace: 11:12,1:16:40,1:28:16,42:31 Pace: 12:09
175,Chris Sullivan,M,49,"San Diego, CA",120 out of 200,85 out of 116,13 out of 14,1:17:02 Pace: 11:15,1:17:02,1:26:38,41:17 Pace: 11:48
24,Allert Boersma,M,73,"Carlsbad, CA",121 out of 200,86 out of 116,1 out of 1,1:17:13 Pace: 11:17,1:17:13,1:26:50,41:24 Pace: 11:50
52,Keith Dussia,M,45,"Escondido, CA",122 out of 200,87 out of 116,14 out of 14,1:17:18 Pace: 11:17,1:17:18,1:17:18,43:44 Pace: 12:30
178,Sarah Thompson,F,23,"Warrenton, OR",123 out of 200,36 out of 84,4 out of 16,1:17:18 Pace: 11:18,1:17:18,1:31:24,42:05 Pace: 12:02
165,Tobi Schneier,F,35,"Carlsbad, CA",124 out of 200,37 out of 84,6 out of 18,1:17:50 Pace: 11:22,1:17:50,1:32:00,41:19 Pace: 11:49
49,Crystal Dirks,F,27,"Cardiff By The Sea, CA",125 out of 200,38 out of 84,10 out of 14,1:18:29 Pace: 11:28,1:18:29,1:30:01,41:39 Pace: 11:54
50,Dustin Dirks,M,29,"Cardiff By The Sea, CA",126 out of 200,88 out of 116,18 out of 27,1:18:29 Pace: 11:28,1:18:29,1:30:01,41:33 Pace: 11:53
685,nana BANAFO,M,27,"San Marcos, CA",127 out of 200,89 out of 116,19 out of 27,1:18:35 Pace: 11:29,1:18:35,1:30:05,43:43 Pace: 12:30
151,Isabel Ramos,F,35,"Chula Vista, CA",128 out of 200,39 out of 84,7 out of 18,1:18:52 Pace: 11:31,1:18:52,1:30:25,39:16 Pace: 11:14
72,Mike Gonzales,M,52,"Vista, CA",129 out of 200,90 out of 116,12 out of 13,1:19:11 Pace: 11:34,1:19:11,1:33:18,42:51 Pace: 12:15
152,Sri Rao,M,39,"San Diego, CA",130 out of 200,91 out of 116,10 out of 16,1:20:24 Pace: 11:45,1:20:24,1:26:20,45:11 Pace: 12:55
106,Alexandra Kowalick,F,20,"San Marcos, CA",131 out of 200,40 out of 84,5 out of 16,1:20:55 Pace: 11:49,1:20:55,1:32:24,39:27 Pace: 11:17
84,Taryn Hauth,F,19,"San Marcos, CA",132 out of 200,41 out of 84,6 out of 16,1:20:55 Pace: 11:49,1:20:55,1:32:24,41:12 Pace: 11:47
166,Torry Schoch,M,39,"San Marcos, CA",133 out of 200,92 out of 116,11 out of 16,1:21:39 Pace: 11:56,1:21:39,1:29:09,43:58 Pace: 12:34
48,Marie Dillon,F,33,"Murrieta, CA",134 out of 200,42 out of 84,5 out of 10,1:22:33 Pace: 12:04,1:22:33,1:28:29,            Pace:            
195,Sam Willis,M,36,"Hammond, OR",135 out of 200,93 out of 116,12 out of 16,1:22:35 Pace: 12:04,1:22:35,1:34:12,42:17 Pace: 12:05
240,ALEXANDRA GARCIA,F,24,"Oceanside, CA",136 out of 200,43 out of 84,7 out of 16,1:22:56 Pace: 12:07,1:22:56,1:39:34,45:20 Pace: 12:57
191,Carrie Welsh,F,46,"Carlsbad, CA",137 out of 200,44 out of 84,8 out of 10,1:23:00 Pace: 12:07,1:23:00,1:39:37,45:18 Pace: 12:57
138,Pamela Napoli,f,43,"Escondido, CA",138 out of 200,45 out of 84,4 out of 8,1:23:17 Pace: 12:10,1:23:17,1:32:56,42:41 Pace: 12:12
183,Jill Vanbodegom-Smith,F,52,"Oceanside, CA",139 out of 200,46 out of 84,2 out of 4,1:23:54 Pace: 12:15,1:23:54,1:38:03,43:17 Pace: 12:22
155,Judy Rider,F,49,"San Marcos, CA",140 out of 200,47 out of 84,9 out of 10,1:23:54 Pace: 12:15,1:23:54,1:38:03,43:21 Pace: 12:24
66,Erik Garcia,M,17,"Oceanside, CA",141 out of 200,94 out of 116,2 out of 2,1:24:06 Pace: 12:17,1:24:06,1:35:36,44:11 Pace: 12:38
93,Drew Hotchkiss,M,33,"San Marcos, CA",142 out of 200,95 out of 116,10 out of 10,1:24:08 Pace: 12:17,1:24:08,1:35:42,33:07 Pace: 9:28
43,Nathan Dejager,M,29,"Ramona, CA",143 out of 200,96 out of 116,20 out of 27,1:24:53 Pace: 12:24,1:24:53,1:32:22,35:56 Pace: 10:16
98,Susan James,F,44,"Oceanside, CA",144 out of 200,48 out of 84,5 out of 8,1:25:00 Pace: 12:25,1:25:00,1:34:38,44:25 Pace: 12:42
111,Kelsey Anderson,F,23,"Oceanside, CA",145 out of 200,49 out of 84,8 out of 16,1:26:49 Pace: 12:41,1:26:49,1:40:58,44:51 Pace: 12:49
214,Amanda Devan,F,24,"Vista, CA",146 out of 200,50 out of 84,9 out of 16,1:26:49 Pace: 12:41,1:26:49,1:40:58,44:51 Pace: 12:49
274,matthew rhea,M,28,"Ramona, CA",147 out of 200,97 out of 116,21 out of 27,1:27:25 Pace: 12:46,1:27:25,1:34:54,44:45 Pace: 12:47
113,Camille Legaspi,F,24,"Escondido, CA",148 out of 200,51 out of 84,10 out of 16,1:27:53 Pace: 12:50,1:27:53,1:30:00,46:22 Pace: 13:15
218,Louise McMillan,F,48,"Brea, CA",149 out of 200,52 out of 84,10 out of 10,1:28:05 Pace: 12:52,1:28:05,1:35:37,41:48 Pace: 11:57
217,David McMillan,M,22,"San Marcos, CA",150 out of 200,98 out of 116,11 out of 14,1:28:05 Pace: 12:52,1:28:05,1:35:37,41:49 Pace: 11:57
136,Maureen Moran,F,52,"La Mesa, CA",151 out of 200,53 out of 84,3 out of 4,1:28:17 Pace: 12:54,1:28:17,1:35:47,43:55 Pace: 12:33
212,Jerry Harrington,M,18,"San Marcos, CA",152 out of 200,99 out of 116,12 out of 14,1:28:22 Pace: 12:54,1:28:22,1:32:41,43:27 Pace: 12:25
160,Erwin Saenz,M,25,"Long Beach, CA",153 out of 200,100 out of 116,22 out of 27,1:28:27 Pace: 12:55,1:28:27,1:38:04,44:09 Pace: 12:37
188,Joshua Weaver,M,29,"San Marcos, CA",154 out of 200,101 out of 116,23 out of 27,1:29:29 Pace: 13:04,1:29:29,1:41:02,48:55 Pace: 13:59
206,Lauren Moosa,F,21,"Fallbrook, CA",155 out of 200,54 out of 84,11 out of 16,1:29:40 Pace: 13:06,1:29:40,1:43:46,48:34 Pace: 13:53
207,Cindy Morgan,F,21,"Fallbrook, CA",156 out of 200,55 out of 84,12 out of 16,1:29:40 Pace: 13:06,1:29:40,1:43:46,49:57 Pace: 14:17
123,Melissa Mais,F,29,"Long Beach, CA",157 out of 200,56 out of 84,11 out of 14,1:29:57 Pace: 13:08,1:29:57,1:46:33,44:06 Pace: 12:36
11,Laura Ahern,F,28,"Carlsbad, CA",158 out of 200,57 out of 84,12 out of 14,1:29:57 Pace: 13:08,1:29:57,1:46:32,44:06 Pace: 12:36
115,Yvonne Levy,F,62,"Long Beach, CA",159 out of 200,58 out of 84,2 out of 2,1:30:00 Pace: 13:09,1:30:00,1:39:38,47:08 Pace: 13:28
150,Susan Ramirez,F,39,"Temecula, CA",160 out of 200,59 out of 84,8 out of 18,1:30:18 Pace: 13:11,1:30:18,1:34:37,47:20 Pace: 13:32
76,Leslie Gutierrez,F,36,"San Marcos, CA",161 out of 200,60 out of 84,9 out of 18,1:30:23 Pace: 13:12,1:30:23,1:44:31,46:04 Pace: 13:10
147,Ingrid Rainey,F,37,"Escondido, CA",162 out of 200,61 out of 84,10 out of 18,1:30:59 Pace: 13:17,1:30:59,1:36:56,47:39 Pace: 13:37
67,Rachael Garcia,F,22,"La Jolla, CA",163 out of 200,62 out of 84,13 out of 16,1:31:56 Pace: 13:26,1:31:56,1:48:37,45:54 Pace: 13:07
232,JULIA MAAS,F,35,"SAN MARCOS, CA",164 out of 200,63 out of 84,11 out of 18,1:32:22 Pace: 13:29,1:32:22,1:46:28,46:34 Pace: 13:19
114,Ashley Lerner,F,23,"Alta Loma, CA",165 out of 200,64 out of 84,14 out of 16,1:33:22 Pace: 13:38,1:33:22,1:47:28,48:49 Pace: 13:57
137,Ellen Motoi,F,28,"Astoria, OR",166 out of 200,65 out of 84,13 out of 14,1:33:50 Pace: 13:42,1:33:50,1:47:56,48:50 Pace: 13:58
186,Son Vo,M,27,"San Diego, CA",167 out of 200,102 out of 116,24 out of 27,1:34:11 Pace: 13:45,1:34:11,1:43:52,51:40 Pace: 14:46
57,Cary Evans,M,40,"Laguna Niguel, CA",168 out of 200,103 out of 116,14 out of 15,1:34:36 Pace: 13:49,1:34:36,1:44:12,51:16 Pace: 14:39
64,Martha Galvan,F,51,"Chula Vista, CA",169 out of 200,66 out of 84,4 out of 4,1:34:38 Pace: 13:49,1:34:38,1:51:17,            Pace:            
96,Robin Hur,F,33,"Vista, CA",170 out of 200,67 out of 84,6 out of 10,1:36:01 Pace: 14:01,1:36:01,1:40:19,48:33 Pace: 13:53
157,Cathy Rosen,F,40,"Escondido, CA",171 out of 200,68 out of 84,6 out of 8,1:36:19 Pace: 14:04,1:36:19,1:47:51,            Pace:            
208,Corey Arnold,M,22,"San Marcos, CA",172 out of 200,104 out of 116,13 out of 14,1:38:28 Pace: 14:23,1:38:28,1:42:46,47:37 Pace: 13:37
74,Kathy Green,F,38,"San Marcos, CA",173 out of 200,69 out of 84,12 out of 18,1:38:39 Pace: 14:25,1:38:39,1:42:57,49:18 Pace: 14:06
77,Keleigh Hall,F,36,"Carlsbad, CA",174 out of 200,70 out of 84,13 out of 18,1:39:12 Pace: 14:29,1:39:12,1:53:21,49:44 Pace: 14:13
131,Jean Metzger,F,24,"San Diego, CA",175 out of 200,71 out of 84,15 out of 16,1:39:39 Pace: 14:33,1:39:39,1:49:16,49:30 Pace: 14:09
105,Mikaele Koneval,M,35,"San Diego, CA",176 out of 200,105 out of 116,13 out of 16,1:39:39 Pace: 14:33,1:39:39,1:49:16,49:32 Pace: 14:09
215,Erik Holmstrom,M,25,"San Diego, CA",177 out of 200,106 out of 116,25 out of 27,1:40:18 Pace: 14:39,1:40:18,1:54:25,48:44 Pace: 13:56
220,Adam Reaves,M,24,"Ramona, CA",178 out of 200,107 out of 116,14 out of 14,1:40:19 Pace: 14:39,1:40:19,1:54:26,49:57 Pace: 14:17
71,Scott Gommel,M,37,"San Marcos, CA",179 out of 200,108 out of 116,14 out of 16,1:40:39 Pace: 14:42,1:40:39,1:52:13,47:59 Pace: 13:43
156,Jeffrey Ritter,M,40,"San Marcos, CA",180 out of 200,109 out of 116,15 out of 15,1:40:39 Pace: 14:42,1:40:39,1:52:13,48:29 Pace: 13:52
120,Felix Lopez,M,35,"San Marcos, CA",181 out of 200,110 out of 116,15 out of 16,1:40:39 Pace: 14:42,1:40:39,1:52:14,49:00 Pace: 14:00
37,Marc Cochran,M,27,"Escondido, CA",182 out of 200,111 out of 116,26 out of 27,1:40:39 Pace: 14:42,1:40:39,1:52:13,46:56 Pace: 13:25
56,Alexander Espinoza Md,M,38,"San Marcos, CA",183 out of 200,112 out of 116,16 out of 16,1:40:41 Pace: 14:42,1:40:41,1:52:15,46:57 Pace: 13:25
68,Joy Gigliotti,F,34,"San Diego, CA",184 out of 200,72 out of 84,7 out of 10,1:41:55 Pace: 14:53,1:41:55,1:49:25,50:32 Pace: 14:27
15,Tricia Armstrong,F,44,"Vista, CA",185 out of 200,73 out of 84,7 out of 8,1:41:55 Pace: 14:53,1:41:55,1:49:25,50:33 Pace: 14:27
202,Mindy Zink,F,41,"Winchester, CA",186 out of 200,74 out of 84,8 out of 8,1:42:08 Pace: 14:55,1:42:08,1:53:39,51:43 Pace: 14:47
209,Cristina Clapp,F,21,"San Marcos, CA",187 out of 200,75 out of 84,16 out of 16,1:43:01 Pace: 15:03,1:43:01,1:47:20,50:56 Pace: 14:34
167,Laura Schwartz,F,35,"Santee, CA",188 out of 200,76 out of 84,14 out of 18,1:43:29 Pace: 15:07,1:43:29,1:55:03,51:27 Pace: 14:42
92,Bridget Hotchkiss,F,35,"San Marcos, CA",189 out of 200,77 out of 84,15 out of 18,1:43:33 Pace: 15:07,1:43:33,1:55:08,51:27 Pace: 14:42
140,Cathy Nguyen,F,34,"San Marcos, CA",190 out of 200,78 out of 84,8 out of 10,1:45:39 Pace: 15:26,1:45:39,1:55:13,54:39 Pace: 15:37
112,Lisa Lee,F,39,"San Marcos, CA",191 out of 200,79 out of 84,16 out of 18,1:45:39 Pace: 15:26,1:45:39,1:55:13,54:10 Pace: 15:29
205,Alfredo Fortaliza,M,51,"Poway, CA",192 out of 200,113 out of 116,13 out of 13,1:45:44 Pace: 15:27,1:45:44,1:51:39,57:56 Pace: 16:33
190,Michael Weber,M,28,"Oceanside, CA",193 out of 200,114 out of 116,27 out of 27,1:46:00 Pace: 15:29,1:46:00,1:57:30,52:58 Pace: 15:08
189,Jessica Weber,F,32,"Oceanside, CA",194 out of 200,80 out of 84,9 out of 10,1:46:01 Pace: 15:29,1:46:01,1:57:30,52:59 Pace: 15:09
148,Abby Raj,F,36,"San Diego, CA",195 out of 200,81 out of 84,17 out of 18,1:48:36 Pace: 15:52,1:48:36,2:00:12,52:04 Pace: 14:53
153,Vidya Rao,F,35,"San Diego, CA",196 out of 200,82 out of 84,18 out of 18,1:48:37 Pace: 15:52,1:48:37,2:00:12,52:04 Pace: 14:53
38,Carl Curtis,M,68,"Huntington Beach, CA",197 out of 200,115 out of 116,1 out of 1,1:49:41 Pace: 16:01,1:49:41,1:59:20,56:11 Pace: 16:04
141,Crissy Nooris,F,31,"San Diego, CA",198 out of 200,83 out of 84,10 out of 10,1:50:14 Pace: 16:06,1:50:14,2:04:20,58:08 Pace: 16:37
142,Jennifer Nooris,F,29,"San Diego, CA",199 out of 200,84 out of 84,14 out of 14,1:50:15 Pace: 16:06,1:50:15,2:04:20,58:08 Pace: 16:37
145,Albert Prichard,M,83,"San Diego, CA",200 out of 200,116 out of 116,1 out of 1,1:57:37 Pace: 17:11,1:57:37,2:05:09,58:00 Pace: 16:35
