Place,Name,Location,Bib,Net Time,Pace,Division/Place,Sex-Age,Sex-Place,Gun Time,Age Grade
1,Matt Gonzalez,", ",346,18:19,5:54,M Open/1,M-20,1,18:19,71.22%
2,Joseph Mudy,"Sherman Oaks, CA",1040,18:32,5:58,M Open/2,M-18,2,18:32,73.94%
3,Timothy Krause,", ",837,18:59,6:07,M Open/3,M-20,3,18:59,68.96%
4,Sergey Lototsky,"Long Beach, CA",207,19:06,6:09,M Open/4,M-43,4,19:07,73.19%
5,Julie Sawyer,"Solana Beach, CA",731,19:09,6:10,F Open/1,F-29,1,19:09,77.42%
6,BRYAN JOHNSTON,"Redondo Beach, CA",983,19:20,6:14,M Open/5,M-47,5,19:37,74.55%
7,Andrew Tey,", ",925,19:21,6:14,M Open/6,M-21,6,19:21,66.98%
8,Daniel Hauser,"Los Angeles, CA",172,19:23,6:15,M Open/7,M-30,7,19:45,66.78%
9,Alex Cahill,"Los Angeles, CA",538,19:28,6:16,M Open/8,M-23,8,19:29,66.32%
10,David Ketelsen,"Los Angeles, CA",637,19:29,6:16,M Open/9,M-29,9,19:34,66.35%
11,Derek Spitters,", ",916,19:30,6:17,M Open/10,M-22,10,19:30,66.21%
12,Mark Edwards,", ",334,19:31,6:17,M Open/11,M-55,11,19:31,78.80%
13,SAUL GUTIERREZ,"PICO RIVERA, CA",1046,19:41,6:20,M Open/12,M-45,12,19:45,72.12%
14,Hillary Gutierrez,"Pico Rivera, CA",1043,19:42,6:21,F Open/2,F-18,2,19:42,76.30%
15,Alice Twu,"Los Angeles, CA",982,19:46,6:22,F Open/3,F-20,3,19:46,75.83%
16,Robert Seeds,", ",419,19:46,6:22,M Open/13,M-30,13,20:17,65.49%
17,Parker Beatty,"Los Angeles, CA",515,19:56,6:25,M Open/14,M-18,14,20:17,66.95%
18,Joseph Romero,", ",411,19:58,6:26,M Open/15,M-28,15,19:58,64.66%
19,Mike Carizzi,", ",469,20:00,6:27,M Open/16,M-46,16,20:01,71.48%
20,Alexandra Wood,", ",953,20:08,6:29,F Open/4,F-19,4,20:09,73.82%
21,Eric Du,"San Gabriel, CA",1000,20:08,6:29,M Open/17,M-18,17,20:49,66.28%
22,Kris Klinger,"South Pasadena, CA",195,20:09,6:29,M Open/18,M-46,18,20:11,70.94%
23,Thomas Dial,"Los Angeles, CA",587,20:11,6:30,M Open/19,M-21,19,20:13,64.21%
24,Christopher Noble,"Oceanside, CA",696,20:12,6:30,M Open/20,M-22,20,20:15,63.91%
25,Zak Stern,", ",917,20:20,6:33,M Open/21,M-27,21,21:00,63.49%
26,Devin Walpert,"Los Angeles, CA",764,20:25,6:35,F Open/5,F-19,5,20:27,72.79%
27,Sean Cutler,", ",488,20:38,6:39,M Open/22,M-16,22,20:51,66.45%
28,ALBERTO COLIN,"LONG BEACH, CA",969,20:54,6:44,M Open/23,M-47,23,20:57,68.95%
29,Umut Ozdogan,"Bakersfield, CA",234,20:55,6:44,M Open/24,M-33,24,20:57,62.44%
30,ISAAC ZAPATA,"Orlando, FL",989,21:02,6:46,M Open/25,M-19,25,21:13,62.73%
31,robert sherry,"Malibu, CA",1072,21:05,6:48,M Open/26,M-55,26,21:07,72.94%
32,David Ramirez,", ",405,21:07,6:48,M Open/27,M-27,27,21:12,61.14%
33,Yayoi Liu,", ",851,21:14,6:50,F Open/6,F-55,6,21:15,84.21%
34,Rupert Kiefer,", ",370,21:14,6:51,M Open/28,M-31,28,22:05,61.12%
35,Anton Schroeder,"Anaheim, CA",252,21:17,6:51,M Open/29,M-36,29,21:20,62.38%
36,Peter Muhn,"Upland, CA",223,21:22,6:53,M Open/30,M-24,30,21:35,60.42%
37,Mark Joshua,"Santa Monica, CA",635,21:28,6:55,M Open/31,M-27,31,22:09,60.14%
38,Andrea Higgs,"Newhall, CA",178,21:33,6:56,F Open/7,F-12,7,21:35,75.62%
39,Andrew Houck,"Eugene, OR",628,21:33,6:57,M Open/32,M-22,32,21:57,59.91%
40,Sara Zuelke,"North Hollywood, CA",287,21:39,6:58,F Open/8,F-26,8,21:44,68.41%
41,Brianna Bockman,", ",456,21:50,7:02,F Open/9,F-17,9,22:12,69.24%
42,Joshua Kelly,"Los Angeles, CA",636,21:52,7:03,M Open/33,M-28,33,21:53,59.04%
43,Brian Won,"Los Angeles, CA",771,21:54,7:03,M Open/34,M-32,34,22:15,59.41%
44,Karen Embrey,", ",335,21:59,7:05,F Open/10,F-51,10,22:00,77.24%
45,Sherman Wang,"San Gabriel, CA",765,21:59,7:05,M Open/35,M-30,35,22:36,58.88%
46,Thomas Padilla,"San Gabriel, CA",235,22:02,7:06,M Open/36,M-24,36,22:15,58.59%
47,Eric Loew,", ",379,22:04,7:06,M Open/37,M-22,37,22:36,58.50%
48,Vidal Woods,"Los Angeles, CA",1114,22:08,7:08,M Open/38,M-20,38,22:28,58.93%
49,David Rangel,", ",902,22:09,7:08,M Open/39,M-21,39,22:50,58.51%
50,Kian Boloori,"Laguna Niguel, CA",520,22:10,7:08,M Open/40,M-28,40,22:30,58.24%
51,Felipe Maul,"Los Angeles, CA",670,22:12,7:09,M Open/41,M-30,41,22:53,58.30%
52,Randall Johnson,"Los Angeles, CA",188,22:12,7:09,M Open/42,M-26,42,22:37,58.15%
53,Jonathan Ramirez,"Los Angeles, CA",719,22:16,7:10,M Open/43,M-18,43,22:52,59.93%
54,Oscar Robledo,", ",410,22:17,7:11,M Open/44,M-30,44,23:09,58.08%
55,Eric Wersching,"Ladera Ranch, CA",1071,22:18,7:11,M Open/45,M-36,45,22:19,59.54%
56,Devin Carrillo,"Hacienda Heights, CA",134,22:18,7:11,M Open/46,M-21,46,22:20,58.12%
57,Brandon Edelson,", ",333,22:23,7:13,M Open/47,M-7,47,22:54,79.58%
58,Alan Aj Fry Jr,", ",341,22:23,7:13,M Open/48,M-23,48,22:24,57.68%
59,Garrett Reynolds,"Los Angeles, CA",722,22:24,7:13,M Open/49,M-26,49,22:25,57.63%
60,Dan Golembeski,"Los Angeles, CA",1051,22:26,7:14,M Open/50,M-27,50,22:32,57.55%
61,Ignacio Silva,", ",914,22:28,7:14,M Open/51,M-31,51,22:46,57.76%
62,Carmelo Restifo,"Los Angeles, CA",1113,22:30,7:15,M Open/52,M-41,52,23:05,61.16%
63,Michael Yglecias,"Pomona, CA",781,22:31,7:15,M Open/53,M-55,53,22:34,68.30%
64,ANDREW HASHIMOTO,"TORRANCE, CA",980,22:32,7:15,M Open/54,M-23,54,22:48,57.29%
65,Brian Held,"Culver City, CA",1089,22:33,7:16,M Open/55,M-37,55,22:35,59.25%
66,Kent Tom,", ",928,22:35,7:17,M Open/56,M-43,56,22:38,61.89%
67,Joseph Cooper,"Los Angeles, CA",142,22:43,7:19,M Open/57,M-37,57,22:45,58.81%
68,Kielee Jennings,", ",828,22:44,7:19,F Open/11,F-17,11,22:59,66.54%
69,Jason Eng,"Los Angeles, CA",153,22:52,7:22,M Open/58,M-29,58,23:14,56.53%
70,Benjamin Emert,"Los Angeles, CA",1115,22:55,7:23,M Open/59,M-20,59,23:24,56.91%
71,Nick De Ocampo,", ",490,22:58,7:24,M Open/60,M-27,60,23:01,56.21%
72,Olivia Jenkins,", ",827,23:02,7:25,F Open/12,F-19,12,23:37,64.52%
73,Kirk Pasich,", ",890,23:05,7:26,M Open/61,M-57,61,23:38,67.77%
74,ALYSSA GOLAY,"HIGHLAND, CA",1022,23:06,7:26,F Open/13,F-21,13,23:31,64.12%
75,Chanelle Yang,", ",436,23:06,7:26,F Open/14,F-19,14,23:10,64.33%
76,Mitul Jambusaria,"Los Angeles, CA",1029,23:06,7:26,M Open/62,M-30,62,23:46,56.03%
77,Karen Bryan,", ",462,23:09,7:28,F Open/15,F-18,15,23:29,64.70%
78,Anne Jang,", ",825,23:11,7:28,F Open/16,F-13,16,23:16,68.92%
79,Brandon Lavoppui,", ",843,23:17,7:30,M Open/63,M-29,63,23:45,55.52%
80,Oscar Esteban,"Los Angeles, CA",1081,23:17,7:30,M Open/64,M-29,64,24:10,55.52%
81,Shannon Wongvibulsin,"Lake Forest, CA",777,23:19,7:31,F Open/17,F-20,17,23:19,63.52%
82,Stephanie Chen,"Los Angeles, CA",547,23:21,7:31,F Open/18,F-25,18,23:38,63.43%
83,eric caro,"Long Beach, CA",990,23:22,7:32,M Open/65,M-42,65,23:30,59.31%
84,David Bocarsly,"Los Angeles, CA",519,23:22,7:32,M Open/66,M-22,66,23:35,55.25%
85,Andrew Florin,"Whittier, CA",158,23:27,7:33,M Open/67,M-23,67,24:07,55.05%
86,Rodolfo Alvarez,"Eastvale, CA",502,23:28,7:34,M Open/68,M-41,68,24:41,58.64%
87,Jake Singer,"Goleta, CA",260,23:30,7:34,M Open/70,M-22,70,23:36,54.93%
88,Logan Heley,", ",353,23:30,7:34,M Open/69,M-19,69,23:47,56.14%
89,Joshua Craft,"Calabasas, CA",570,23:35,7:36,M Open/71,M-22,71,23:58,54.74%
90,Cutter Coryell,"Studio City, CA",566,23:40,7:37,M Open/72,M-20,72,23:56,55.11%
91,Sergio Cruz,"Rolling Hills, CA",145,23:43,7:38,M Open/73,M-39,73,24:07,57.17%
92,Emil Cheng,"Diamond Bar, CA",138,23:44,7:39,M Open/74,M-38,74,23:55,56.71%
93,andrew villalobos,"Pico Rivera, CA",1021,23:49,7:40,M Open/75,M-27,75,23:55,54.20%
94,Jacob Harrington,"Los Angeles, CA",978,23:49,7:40,M Open/76,M-22,76,24:04,54.20%
95,Michael Gehrt,", ",797,23:49,7:40,M Open/77,M-31,77,24:22,54.48%
96,JOSEPH PEREZ,"SAN DIEGO, CA",971,23:49,7:40,M Open/78,M-30,78,23:53,54.34%
97,Ryan Kawahara,", ",369,23:52,7:41,M Open/79,M-16,79,24:05,57.44%
98,Anthony Barajas,", ",448,23:52,7:41,M Open/80,M-14,80,24:59,59.47%
99,CAROLINA DELGADO,"LOS ANGELES, CA",1024,23:58,7:43,F Open/19,F-36,19,24:08,62.63%
100,SCOTT KLEINHEKSEL,"SAN FRANCISCO, CA",1111,24:01,7:44,M Open/81,M-31,81,25:05,54.03%
101,Michelle Qi,"Arcadia, CA",245,24:03,7:45,F Open/20,F-25,20,24:44,61.58%
102,David Ruano,"Los Angeles, CA",1049,24:03,7:45,M Open/82,M-22,82,24:38,53.68%
103,Shannon Barnard,", ",449,24:08,7:46,F Open/21,F-26,21,24:35,61.37%
104,Ted Semeniuta,"Santa Monica, CA",741,24:10,7:47,M Open/83,M-29,83,25:16,53.49%
105,Alexander Pinto,", ",400,24:10,7:47,M Open/84,M-19,84,24:28,54.59%
106,Patrick Birman,"Corona, CA",517,24:10,7:47,M Open/85,M-48,85,25:19,60.11%
107,Marvi Sanchez,", ",416,24:10,7:47,M Open/86,M-22,86,24:47,53.42%
108,Kameron Burk,"Santa Clarita, CA",129,24:16,7:49,M Open/87,M-22,87,24:34,53.20%
109,Nandini Chitale,"Cupertino, CA",552,24:16,7:49,F Open/22,F-18,22,24:31,61.72%
110,Nathaniel Schermerhorn,"Los Angeles, CA",251,24:17,7:49,M Open/88,M-21,88,24:23,53.37%
111,Gerson Lam,", ",840,24:18,7:50,M Open/89,M-22,89,25:11,53.12%
112,Bo Pulito,"Los Angeles, CA",713,24:18,7:50,M Open/90,M-26,90,24:58,53.12%
113,David Pulito,"New York, NY",714,24:18,7:50,M Open/91,M-26,91,24:58,53.12%
114,ARTHUR CSILLAG,"N HOLLYWOOD, CA",968,24:18,7:50,M Open/92,M-59,92,24:46,65.48%
115,Christopher Lopez,", ",855,24:29,7:53,M Open/93,M-31,93,24:52,53.00%
116,Erica Wright,", ",433,24:29,7:53,F Open/23,F-25,23,24:58,60.49%
117,Andrew Comstock,"Menlo Park, CA",561,24:31,7:54,M Open/94,M-28,94,24:44,52.65%
118,Stephen Legaspi,"Monterey Park, CA",651,24:33,7:54,M Open/95,M-37,95,25:21,54.42%
119,Felicia Young,"Huntington Beach, CA",783,24:35,7:55,F Open/24,F-56,24,24:44,73.68%
120,Christina Cummngs,"Chatsworth, CA",578,24:44,7:58,F Open/25,F-26,25,24:54,59.88%
121,Jay Lee,"Lomita, CA",199,24:44,7:58,M Open/96,M-40,96,25:03,55.23%
122,Richard Lund,"Huntington Beach, CA",663,24:47,7:59,M Open/97,M-26,97,25:01,52.09%
123,Hailey Gill,", ",343,24:47,7:59,F Open/26,F-20,26,24:51,59.76%
124,Marie Calvet,", ",300,24:48,7:59,F Open/27,F-21,27,24:52,59.72%
125,Caitlan Cullen,", ",321,24:50,8:00,F Open/28,F-23,28,25:41,59.64%
126,Derick Stansfield,"Long Beach, CA",1054,24:51,8:00,M Open/98,M-45,98,25:43,57.11%
127,Justin Hart,", ",804,24:52,8:00,M Open/99,M-25,99,25:44,51.91%
128,STEVEN ALEXANDER,"MANHATTAN BC, CA",1016,24:53,8:01,M Open/100,M-27,100,24:57,51.88%
129,Doug Macbean,"Los Angeles, CA",664,24:54,8:01,M Open/101,M-35,101,25:38,52.98%
130,Warren Chen,"Arcadia, CA",549,24:56,8:02,M Open/102,M-25,102,25:18,51.77%
131,Marissa Botello Enriquez,", ",298,24:57,8:02,F Open/29,F-29,29,25:55,59.36%
132,Kristen Aspling,", ",290,24:57,8:02,F Open/30,F-21,30,25:02,59.36%
133,Connie Hoffman-Brown,", ",811,24:59,8:03,F Open/31,F-36,31,25:25,60.08%
134,Soroush Zaghi,", ",959,24:59,8:03,M Open/103,M-28,103,25:15,51.67%
135,WILLIAM SPEIER,"LOS ANGELES, CA",1035,25:02,8:04,M Open/104,M-28,104,25:08,51.57%
136,Marc Sawyer,"Solana Beach, CA",732,25:04,8:04,M Open/105,M-27,105,25:17,51.50%
137,ERMELINDA RESTIFO,"LOS ANGELES, CA",1099,25:05,8:05,F Open/32,F-31,32,25:40,59.11%
138,Benjamin Tan,", ",922,25:05,8:05,M Open/106,M-42,106,25:42,55.25%
139,Kathleen Suwanski,"Pasadena, CA",265,25:06,8:05,F Open/33,F-24,33,25:23,59.00%
140,Angela Velazquez,", ",941,25:11,8:07,F Open/34,F-16,34,25:12,60.79%
141,Paul Celebucki,", ",307,25:11,8:07,M Open/107,M-26,107,25:37,51.26%
142,dave daigle,"Santa Monica, CA",1105,25:12,8:07,M Open/108,M-50,108,25:57,58.57%
143,Christian Hoffman-Briones,", ",810,25:13,8:07,M Open/109,M-17,109,25:40,53.57%
144,Dwight Brown,", ",459,25:13,8:07,M Open/110,M-37,110,25:40,52.98%
145,Van Trinh,", ",937,25:13,8:07,M Open/111,M-29,111,25:48,51.26%
146,Lindsay Zapolski,"Los Angeles, CA",1097,25:17,8:08,F Open/35,F-21,35,25:38,58.58%
147,Christopher Garcia,"Hawthorne, CA",973,25:19,8:09,M Open/112,M-15,112,25:43,55.01%
148,Laura Yau,", ",956,25:21,8:10,F Open/36,F-18,36,25:41,59.08%
149,Deanna Chung,", ",480,25:22,8:10,F Open/37,F-18,37,25:41,59.04%
150,Kevin Huang,"Alhambra, CA",630,25:27,8:12,M Open/113,M-23,113,25:52,50.72%
151,Brett Carducci,", ",303,25:27,8:12,M Open/114,M-36,114,25:42,52.16%
152,Nora Randall,"San Diego, CA",721,25:29,8:13,F Open/38,F-21,38,25:50,58.12%
153,Warren Wong,"Los Angeles, CA",283,25:30,8:13,M Open/115,M-30,115,25:59,50.75%
154,Nicholas Lototsky,"Long Beach, CA",206,25:32,8:13,M Open/116,M-8,116,25:35,66.69%
155,Gary Kawahara,", ",368,25:32,8:14,M Open/117,M-53,117,25:45,59.24%
156,Lauren Semeniuta,"Santa Monica, CA",740,25:34,8:14,F Open/39,F-30,39,26:41,57.93%
157,Scott Lan,", ",375,25:34,8:14,M Open/118,M-29,118,26:00,50.55%
158,Ekaterina Merkurjev,"Los Angeles, CA",676,25:36,8:15,F Open/40,F-24,40,25:38,57.85%
159,Christie Liu,", ",850,25:37,8:15,F Open/41,F-24,41,26:06,57.81%
160,David Curtis,"Lancaster, CA",146,25:40,8:16,M Open/119,M-31,119,26:28,50.55%
161,Joey Llanos,", ",378,25:41,8:16,M Open/120,M-45,120,26:41,55.26%
162,Samantha Lau,"Redondo Beach, CA",648,25:41,8:16,F Open/42,F-36,42,26:38,58.44%
163,Courtney Matamoroz,", ",867,25:43,8:17,F Open/43,F-22,43,26:24,57.59%
164,Ted Cohen,"West Hills, CA",559,25:43,8:17,M Open/121,M-13,121,25:43,56.42%
165,Caroline Jensen,"Santa Monica, CA",186,25:43,8:17,F Open/44,F-23,44,26:23,57.59%
166,Benjamin Syang,"Los Angeles, CA",1110,25:43,8:17,M Open/122,M-20,122,26:03,50.71%
167,Stephanie Veravanich,"Irvine, CA",1070,25:44,8:17,F Open/45,F-36,45,25:48,58.33%
168,Kyle Forrest,", ",499,25:46,8:18,M Open/123,M-26,123,26:30,50.10%
169,Jessica Di Zio,"Mc Lean, VA",992,25:48,8:19,F Open/46,F-26,46,25:57,57.40%
170,Anthony Santana,", ",417,25:49,8:19,M Open/124,M-23,124,26:24,50.00%
171,DENNIS DATUIN,"FAIRFIELD, CA",999,25:49,8:19,M Open/125,M-27,125,25:54,50.00%
172,Gwen Howell,"Los Angeles, CA",181,25:50,8:19,F Open/47,F-27,47,26:26,57.33%
173,Alan Vuycankiat,", ",944,25:55,8:21,M Open/126,M-25,126,26:12,49.81%
174,Alia Al-Harithi,"Beverly Hills, CA",105,25:55,8:21,F Open/48,F-27,48,26:37,57.14%
175,helen mun,"Los Angeles, CA",991,25:55,8:21,F Open/49,F-28,49,26:02,57.14%
176,Jose Gutierrez,"Hawthorne, CA",617,25:56,8:21,M Open/127,M-45,127,26:19,54.73%
177,Adam Blumenthal,"New York, NY",994,25:56,8:21,M Open/128,M-28,128,26:03,49.77%
178,Jennifer Battle,"Redondo Beach, CA",514,25:58,8:22,F Open/50,F-38,50,26:15,58.32%
179,Ben Yang,", ",435,26:02,8:23,M Open/129,M-34,129,26:58,50.42%
180,VOON LEOW,"LOS ANGELES, CA",1030,26:04,8:24,M Open/130,M-38,130,26:15,51.63%
181,cara trombadore,"Los Angeles, CA",1004,26:04,8:24,F Open/51,F-21,51,26:25,56.81%
182,Anthoney Mudy,"Sherman Oaks, CA",1044,26:06,8:24,M Open/131,M-47,131,26:35,55.21%
183,Melinda Ng,", ",882,26:07,8:25,F Open/52,F-18,52,26:37,57.34%
184,Valerie Lee,"Los Angeles, CA",650,26:07,8:25,F Open/53,F-28,53,27:03,56.70%
185,Lisa Diaz,"Pico Rivera, CA",588,26:08,8:25,F Open/54,F-36,54,26:11,57.43%
186,John Bosma,"Long Beach, CA",125,26:10,8:26,M Open/132,M-59,132,26:14,60.80%
187,EDWARD RODRIGUEZ,"WEST COVINA, CA",1018,26:10,8:26,M Open/133,M-38,133,26:17,51.43%
188,Emily Macgillivray,", ",381,26:11,8:26,F Open/55,F-31,55,27:03,56.62%
189,Terance Tashiro,", ",924,26:13,8:27,M Open/134,M-53,134,27:09,57.70%
190,Elizabeth Joiner,", ",365,26:18,8:28,F Open/56,F-25,56,26:25,56.31%
191,Lindsay Pietruszewski,"Los Angeles, CA",243,26:20,8:29,F Open/57,F-25,57,27:00,56.24%
192,Steven Vong,"Los Angeles, CA",763,26:22,8:29,M Open/135,M-22,135,27:15,48.96%
193,Lauren Taylor,"Los Angeles, CA",748,26:22,8:29,F Open/58,F-23,58,26:59,56.17%
194,Holly Barnard,"Los Angeles, CA",510,26:23,8:30,F Open/59,F-21,59,26:50,56.13%
195,Coral Moctezuma,"Los Angeles, CA",1068,26:25,8:30,F Open/60,F-33,60,26:40,56.31%
196,David Bessler,"Alhambra, CA",123,26:28,8:31,M Open/136,M-33,136,27:05,49.34%
197,Molly Vandeventer,"Irvine, CA",757,26:29,8:32,F Open/61,F-26,61,26:44,55.92%
198,Christine Shimizu,", ",912,26:32,8:33,F Open/62,F-31,62,26:54,55.88%
199,Consuelo Lezcano,", ",848,26:32,8:33,F Open/63,F-27,63,27:04,55.81%
200,Wing Yin Wong,"Los Angeles, CA",776,26:35,8:34,F Open/64,F-18,64,27:03,56.34%
201,David Gutierrez,", ",349,26:36,8:34,M Open/137,M-22,137,26:58,48.53%
202,Benjamin Reed,", ",903,26:36,8:34,M Open/138,M-12,138,26:43,55.92%
203,David Sutton,", ",920,26:37,8:34,M Open/139,M-29,139,26:42,48.56%
204,Isabel Gamez,", ",792,26:39,8:35,F Open/65,F-12,65,26:46,61.14%
205,Heather Iovine,"Arcadia, CA",975,26:39,8:35,F Open/66,F-12,66,26:46,61.14%
206,Pamela Cadena,"Hawthorne, CA",537,26:40,8:35,F Open/67,F-43,67,26:57,58.60%
207,Patti Lange,", ",841,26:43,8:36,F Open/68,F-41,68,27:05,57.62%
208,ANTONIO LOPEZ,"CHATSWORTH, CA",996,26:43,8:36,M Open/140,M-40,140,27:09,51.12%
209,Tony Reed,", ",407,26:43,8:36,M Open/141,M-43,141,26:52,52.31%
210,John Burke,", ",464,26:47,8:37,M Open/142,M-29,142,27:27,48.26%
211,Nicholas Belli,", ",451,26:47,8:38,M Open/143,M-29,143,27:02,48.26%
212,Erin Yamauchi,", ",434,26:47,8:38,F Open/69,F-26,69,27:02,55.29%
213,KELLY JOINER,"TUJUNGA, CA",1047,26:50,8:38,F Open/70,F-51,70,27:21,63.27%
214,Alexander Stevens,"Lomita, CA",1005,26:51,8:39,M Open/144,M-13,144,27:01,54.04%
215,Michael Carty,"El Segundo, CA",542,26:52,8:39,M Open/145,M-42,145,27:55,51.58%
216,Leslie Kannenberg,"Los Angeles, CA",1078,26:54,8:40,F Open/71,F-21,71,26:54,55.05%
217,Luppita Garcia,"Maywood, CA",164,26:54,8:40,F Open/72,F-32,72,27:07,55.18%
218,Jaesen Merana,"Los Angeles, CA",221,26:55,8:40,M Open/146,M-29,146,27:27,48.02%
219,Kristin Fauth,", ",495,26:56,8:40,F Open/73,F-31,73,27:01,55.05%
220,Sal Rodriguez,", ",905,26:58,8:41,M Open/147,M-42,147,27:03,51.39%
221,Douglas Denton,", ",331,26:59,8:41,M Open/148,M-65,148,27:45,62.18%
222,Claire Jang,", ",826,26:59,8:41,F Open/74,F-12,74,27:04,60.38%
223,zach stevens,"Lomita, CA",1003,27:00,8:42,M Open/149,M-15,149,27:09,51.58%
224,Janice Bessler,"Alhambra, CA",124,27:05,8:43,F Open/75,F-32,75,27:43,54.80%
225,Robert Conaty,"New York, NY",141,27:08,8:44,M Open/150,M-68,150,27:16,63.61%
226,Taylor Markey,"Los Angeles, CA",212,27:10,8:45,F Open/76,F-19,76,27:27,54.70%
227,Stella Truong,"Oakland, CA",753,27:12,8:46,F Open/77,F-25,77,27:23,54.45%
228,James Yamada,"San Dimas, CA",778,27:14,8:46,M Open/151,M-46,151,27:26,52.48%
229,Cary Buchanan,"El Segundo, CA",530,27:15,8:47,M Open/152,M-43,152,27:52,51.29%
230,JUSTIN SORIANO,"LOS ANGELES, CA",1061,27:18,8:47,M Open/153,M-21,153,27:59,47.46%
231,Lesley Girkins,"Los Angeles, CA",610,27:25,8:50,F Open/78,F-20,78,28:12,54.01%
232,Sean Crenshaw,"El Segundo, CA",1032,27:31,8:52,M Open/154,M-29,154,28:33,46.97%
233,Irma Hernandez,"Los Angeles, CA",174,27:32,8:52,F Open/79,F-36,79,27:36,54.51%
234,ALAN CHEN,"YORBA LINDA, CA",981,27:34,8:53,M Open/155,M-25,155,28:46,46.82%
235,Caroline Conroy,"El Segundo, CA",562,27:34,8:53,F Open/80,F-24,80,27:50,53.72%
236,Erik Finkelnburg,", ",498,27:35,8:53,M Open/156,M-28,156,28:20,46.80%
237,Alexander Kirbach,"Los Angeles, CA",194,27:37,8:54,M Open/157,M-24,157,27:53,46.74%
238,EUGENIA CHAVEZ,"SAN DIEGO, CA",972,27:37,8:54,F Open/81,F-29,81,27:40,53.62%
239,Wendy Krieger,", ",839,27:39,8:54,F Open/82,F-48,82,27:55,59.23%
240,Jose Kadry,", ",366,27:40,8:54,M Open/158,M-32,158,27:41,47.02%
241,Elizabeth Friedman,"Los Angeles, CA",160,27:40,8:55,F Open/83,F-27,83,27:58,53.53%
242,Alyssa Friedman,", ",340,27:42,8:55,F Open/84,F-23,84,28:00,53.46%
243,Ada Chan,", ",475,27:43,8:56,F Open/85,F-21,85,28:45,53.43%
244,Paul Lototsky,"Long Beach, CA",662,27:44,8:56,M Open/159,M-7,159,28:18,64.22%
245,Eipe Koshy,", ",836,27:45,8:56,M Open/160,M-30,160,28:24,46.63%
246,Keith Walker,"Los Angeles, CA",273,27:46,8:56,M Open/161,M-34,161,28:05,47.27%
247,DANIEL NAFTALOVICH,"Tenafly, NJ",1060,27:47,8:57,M Open/162,M-22,162,28:05,46.46%
248,Esther Sullivan,", ",919,27:48,8:57,F Open/86,F-29,86,28:33,53.27%
249,Meredith Whittaker,", ",950,27:50,8:58,F Open/87,F-22,87,28:19,53.21%
250,Stella Collin,"Venice, CA",560,27:51,8:58,F Open/88,F-10,88,27:58,61.32%
251,Jennifer Brough,"Washington, DC",526,27:53,8:59,F Open/89,F-30,89,28:05,53.11%
252,Chris Cornell,", ",484,27:56,9:00,M Open/163,M-26,163,28:10,46.21%
253,Benjamin Barmaan,"Los Angeles, CA",117,27:57,9:00,M Open/164,M-24,164,28:12,46.18%
254,Harmony Larson,", ",842,27:58,9:00,F Open/90,F-23,90,28:19,52.95%
255,BRIAN AGUILAR,"LOS ANGELES, CA",1107,27:58,9:00,M Open/165,M-21,165,28:21,46.33%
256,Edward Sanchez,", ",415,27:58,9:01,M Open/166,M-29,166,28:36,46.21%
257,Andy Hur,", ",816,28:03,9:02,M Open/167,M-21,167,28:36,46.20%
258,Miho Schulist,"Lancaster, CA",254,28:04,9:02,F Open/91,F-34,91,28:08,53.12%
259,Eileen Filloy,"Corona, CA",600,28:06,9:03,F Open/92,F-37,92,28:25,53.59%
260,Man Yau,"Los Angeles, CA",780,28:07,9:03,F Open/93,F-20,93,28:35,52.67%
261,William Goodin,", ",799,28:08,9:04,M Open/168,M-65,168,28:10,59.63%
262,Carmen Tomooka,", ",930,28:08,9:04,F Open/94,F-39,94,28:53,54.06%
263,TREVOR IOVINE,"ARCADIA, CA",976,28:09,9:04,M Open/169,M-17,169,28:19,47.99%
264,Sandra Nunez,", ",393,28:09,9:04,F Open/95,F-40,95,29:09,54.38%
265,Amy Wong,"Menlo Park, CA",773,28:10,9:04,F Open/96,F-28,96,28:23,52.58%
266,Branden Brough,"Washington, DC",525,28:10,9:04,M Open/170,M-34,170,28:23,46.60%
267,Michele Lopez,"Chatsworth, CA",997,28:10,9:04,F Open/97,F-38,97,28:36,53.76%
268,Sheri Koga,"Los Angeles, CA",639,28:12,9:05,F Open/98,F-38,98,28:25,53.70%
269,Michael Tong,", ",931,28:12,9:05,M Open/171,M-31,171,28:47,46.01%
270,William Holt,"Alhambra, CA",626,28:13,9:05,M Open/172,M-47,172,28:26,51.06%
271,Kristian Krieger,", ",838,28:15,9:06,M Open/173,M-50,173,29:17,52.24%
272,Joe Luera,", ",861,28:19,9:07,M Open/174,M-42,174,28:38,48.94%
273,David Arom,"Los Angeles, CA",1116,28:20,9:07,M Open/175,M-20,175,28:49,46.03%
274,Esther Chang,", ",309,28:20,9:07,F Open/99,F-18,99,28:26,52.85%
275,Natalie Birman,"Corona, CA",516,28:21,9:08,F Open/100,F-46,100,29:30,56.59%
276,Reuben Luera,", ",863,28:21,9:08,M Open/176,M-12,176,28:38,52.47%
277,Sam Tarascio,"Los Angeles, CA",747,28:26,9:09,F Open/101,F-22,101,29:03,52.08%
278,Michael Luera,", ",862,28:28,9:10,M Open/177,M-15,177,28:47,48.92%
279,Alma Olivares-Luera,", ",886,28:28,9:10,F Open/102,F-42,102,28:47,54.48%
280,Henan Joof,"Los Angeles, CA",190,28:29,9:11,M Open/178,M-31,178,28:51,45.55%
281,Mike Basto,"Redondo Beach, CA",119,28:29,9:11,M Open/179,M-37,179,28:46,46.90%
282,LAUREN HARRELL,"LOS ANGELES, CA",988,28:32,9:11,F Open/103,F-25,103,28:36,51.90%
283,Daniel Mendez II,", ",877,28:33,9:12,M Open/180,M-22,180,29:42,45.21%
284,Christina Mudy,"Sherman Oaks, CA",1045,28:35,9:12,F Open/104,F-47,104,29:05,56.71%
285,DINA CUPPINGER,"FOUNTAIN VLY, CA",962,28:37,9:13,F Open/105,F-48,105,28:48,57.23%
286,Josh Ward,", ",428,28:38,9:13,M Open/181,M-23,181,29:14,45.08%
287,Carissa Warren,"Torrance, CA",1084,28:43,9:15,F Open/106,F-21,106,29:06,51.57%
288,Eric Wein,"Woodland Hills, CA",275,28:46,9:16,M Open/182,M-39,182,28:54,47.13%
289,Judd Deaton,", ",328,28:46,9:16,M Open/183,M-36,183,29:35,46.14%
290,Amy Denton,", ",330,28:46,9:16,F Open/107,F-39,107,29:34,52.87%
291,roger hernandez,"Inglewood, CA",1119,28:47,9:16,M Open/184,M-27,184,29:43,44.84%
292,Gabriel Cobb,", ",314,28:50,9:17,M Open/185,M-15,185,30:03,48.29%
293,STEVE MARTIN,"LOS ANGELES, CA",1039,28:51,9:17,M Open/186,M-46,186,28:56,49.54%
294,Derrick Waters,", ",430,28:54,9:18,M Open/187,M-47,187,29:47,49.86%
295,Scott Freeman,", ",339,28:58,9:20,M Open/188,M-26,188,29:50,44.56%
296,Holly Macgillivray,", ",382,28:58,9:20,F Open/108,F-25,108,29:50,51.12%
297,Jason Stoufflet,", ",424,29:02,9:21,M Open/189,M-38,189,29:46,46.35%
298,Laura Clugston,"Hawthorn Woods, IL",558,29:05,9:22,F Open/109,F-19,109,29:26,51.09%
299,Jason Wang,", ",946,29:08,9:23,M Open/190,M-22,190,30:01,44.30%
300,Andreea Georgescu,", ",798,29:08,9:23,F Open/110,F-23,110,29:10,50.83%
301,Ashley Westland,"Huntington Beach, CA",279,29:09,9:23,F Open/111,F-18,111,30:04,51.37%
302,Todd Wilson,", ",951,29:12,9:24,M Open/191,M-27,191,29:34,44.20%
303,Carlene Olea,", ",885,29:12,9:24,F Open/112,F-28,112,29:33,50.71%
304,Rony Castellanos,", ",474,29:13,9:25,M Open/192,M-21,192,30:17,44.35%
305,Karen Zelaya,", ",440,29:14,9:25,F Open/113,F-23,113,30:16,50.66%
306,Erin Newell,", ",390,29:14,9:25,F Open/114,F-31,114,30:02,50.71%
307,Darlene Zelaya,", ",439,29:15,9:25,F Open/115,F-21,115,30:17,50.63%
308,Morgan Jones,", ",831,29:15,9:25,F Open/116,F-24,116,29:32,50.63%
309,Dor Carpel,"Cupertino, CA",541,29:21,9:27,M Open/193,M-19,193,29:54,44.94%
310,Sandra Thayer,", ",926,29:25,9:29,F Open/117,F-40,117,29:58,52.04%
311,Tatiana Magana,"Lakewood, CA",210,29:27,9:29,F Open/118,F-30,118,29:34,50.28%
312,Charles Tan,", ",923,29:30,9:30,M Open/194,M-41,194,30:11,46.64%
313,Katie Marshall,"Los Angeles, CA",213,29:33,9:31,F Open/119,F-23,119,29:49,50.11%
314,Julia Delcarson,", ",329,29:37,9:32,F Open/120,F-21,120,29:55,50.00%
315,GARRIK KUMJIAN,"SAN MARINO, CA",1067,29:38,9:33,M Open/195,M-37,195,30:22,45.08%
316,VICTORIA RAGLAND,"LEMOORE, CA",966,29:39,9:33,F Open/121,F-20,121,30:17,49.94%
317,Perri Westland,"Huntington Beach, CA",280,29:39,9:33,F Open/122,F-46,122,30:34,54.11%
318,Stephanie Ohara,"Los Angeles, CA",699,29:39,9:33,F Open/123,F-28,123,29:50,49.94%
319,Andy Yin,", ",957,29:41,9:34,M Open/196,M-29,196,30:44,43.54%
320,Jackie Rubio,", ",413,29:42,9:34,F Open/124,F-41,124,30:10,51.82%
321,Patrick O'Rourke,"Los Angeles, CA",232,29:49,9:36,M Open/197,M-25,197,29:49,43.29%
322,Christa Stelzmuller,"Long Beach, CA",1050,29:53,9:38,F Open/125,F-40,125,30:45,51.23%
323,Richard Cintron,"Sylmar, CA",140,29:57,9:39,M Open/198,M-44,198,30:03,46.99%
324,Riley Woolvett,", ",954,29:59,9:39,F Open/126,F-17,126,30:13,50.44%
325,Cynthia Garcia,", ",794,29:59,9:39,F Open/127,F-17,127,30:13,50.44%
326,Lorena Guerrero,"Bell, CA",166,30:00,9:40,F Open/128,F-32,128,30:39,49.47%
327,Richard Carranza,", ",471,30:02,9:40,M Open/199,M-27,199,30:38,42.98%
328,Teresa Woolvett,", ",955,30:09,9:43,F Open/129,F-45,129,30:25,52.71%
329,Sharon Gustaves,", ",801,30:09,9:43,F Open/130,F-53,130,30:25,57.80%
330,Janae Megorden,", ",874,30:11,9:43,F Open/131,F-17,131,30:22,50.11%
331,Sheila Kenery,"Hercules, CA",193,30:12,9:43,F Open/132,F-21,132,30:30,49.03%
332,Jacob Leistra,"Rancho Cordova, CA",652,30:14,9:44,M Open/200,M-21,200,31:14,42.86%
333,Donald Lieu,"San Gabriel, CA",204,30:16,9:45,M Open/201,M-62,201,30:46,53.94%
334,Timothy Mar,"Encino, CA",666,30:17,9:45,M Open/202,M-35,202,31:22,43.56%
335,DANNY MEDINA,"AZUSA, CA",984,30:17,9:45,M Open/203,M-26,203,30:31,42.62%
336,Colleen Mackinnon,"Walnut, CA",665,30:18,9:45,F Open/133,F-29,133,31:15,48.87%
337,Julianne Solorzano,", ",78,30:18,9:46,F Open/134,F-36,134,30:59,49.53%
338,Tamar Seff,"Beverly Hills, CA",739,30:19,9:46,F Open/135,F-38,135,30:37,49.94%
339,Laura Premi,"Los Angeles, CA",712,30:19,9:46,F Open/136,F-38,136,30:38,49.94%
340,James Megorden,", ",873,30:19,9:46,M Open/204,M-23,204,30:31,42.57%
341,Julie Megorden,", ",876,30:19,9:46,F Open/137,F-25,137,30:31,48.84%
342,Michelle Gosom,"Los Angeles, CA",614,30:21,9:46,F Open/138,F-37,138,30:34,49.62%
343,Kathryn Johnson,"Los Angeles, CA",187,30:22,9:47,F Open/139,F-22,139,30:49,48.76%
344,Shanna Mann,"Valencia, CA",211,30:24,9:48,F Open/140,F-28,140,30:46,48.71%
345,Michael Halpert,", ",352,30:27,9:48,M Open/205,M-30,205,30:27,42.50%
346,Jennifer Hung,", ",815,30:29,9:49,F Open/141,F-20,141,30:49,48.58%
347,Ali Kaptein,"Los Angeles, CA",191,30:33,9:50,F Open/142,F-25,142,30:55,48.47%
348,Alyssa O'Keeffe,", ",394,30:34,9:51,F Open/143,F-23,143,30:55,48.45%
349,Stacy Weingarten,"Agoura Hills, CA",278,30:35,9:51,F Open/144,F-23,144,30:55,48.42%
350,JENNIFER LEIVA,"COVINA, CA",1011,30:41,9:53,F Open/145,F-18,145,30:53,48.80%
351,Amy Welch,"Fullerton, CA",768,30:43,9:54,F Open/146,F-30,146,31:50,48.21%
352,Yvonne Nong,", ",884,30:45,9:54,F Open/147,F-20,147,31:16,48.16%
353,CATHERINE ZIMMERMAN,"LOS ANGELES, CA",1109,30:50,9:56,F Open/148,F-35,148,31:32,48.51%
354,Cody Campbell,"Venice, CA",1038,30:51,9:56,M Open/206,M-10,206,30:59,51.19%
355,Claire Cutler,", ",487,30:52,9:57,F Open/149,F-19,149,31:06,48.14%
356,Hujia Yu,", ",958,30:55,9:57,F Open/150,F-18,150,31:29,48.44%
357,Carmen Aguayo,", ",445,30:56,9:58,F Open/151,F-30,151,31:47,47.87%
358,Celley Buchanan,"El Segundo, CA",531,30:59,9:59,F Open/152,F-37,152,31:37,48.60%
359,TITA TANTIPINICHWONG,"S PASADENA, CA",1052,31:02,10:00,F Open/153,F-25,153,31:52,47.72%
360,Melody Ho,"Los Angeles, CA",625,31:02,10:00,F Open/154,F-25,154,31:51,47.72%
361,Ashley Wheeler,"Los Angeles, CA",281,31:03,10:00,F Open/155,F-27,155,31:34,47.69%
362,Eileen Inagaki,", ",818,31:03,10:00,F Open/156,F-28,156,31:11,47.69%
363,Bryanna Grant,", ",347,31:04,10:00,F Open/157,F-15,157,31:24,49.92%
364,Yifang Nie,", ",883,31:08,10:02,F Open/158,F-20,158,32:09,47.56%
365,Raymond Rust,"Victorville, CA",249,31:09,10:02,M Open/207,M-40,207,31:28,43.84%
366,Sara Peterson,"Pasadena, CA",241,31:13,10:03,F Open/159,F-22,159,31:28,47.44%
367,Brandy Leone,"Pasadena, CA",202,31:13,10:03,F Open/160,F-22,160,31:28,47.44%
368,Shannon Crisafulli,"Studio City, CA",575,31:13,10:03,F Open/161,F-26,161,31:25,47.44%
369,JOSUE ARVAYZA,"LOS ANGELES, CA",1106,31:17,10:04,M Open/208,M-22,208,31:39,41.26%
370,Patricia Lai,"Rowland Heights, CA",646,31:17,10:05,F Open/162,F-36,162,31:54,47.97%
371,Mandy Ng,"Alhambra, CA",687,31:18,10:05,F Open/163,F-24,163,31:55,47.31%
372,COURTNEY SMITH,"SANTA CLARIT, CA",1059,31:20,10:06,F Open/164,F-21,164,31:32,47.26%
373,Irene Cerda,", ",308,31:24,10:07,F Open/165,F-27,165,31:28,47.16%
374,Nathan Norris,"Corona, CA",698,31:24,10:07,M Open/209,M-36,209,32:35,42.27%
375,Jacquelyn Cortez,"Placentia, CA",143,31:25,10:07,F Open/166,F-36,166,31:43,47.77%
376,Jonathan Nakamoto,"Long Beach, CA",225,31:26,10:07,M Open/210,M-31,210,31:29,41.27%
377,Michelle Jhun,"Los Angeles, CA",632,31:28,10:08,F Open/167,F-29,167,32:33,47.06%
378,Fatouma brouzi,"Los Angeles, CA",1065,31:28,10:08,F Open/168,F-32,168,32:13,47.16%
379,Laura Parker,"Encino, CA",704,31:30,10:09,F Open/169,F-47,169,31:37,51.43%
380,Andrew Belak,", ",293,31:35,10:10,M Open/211,M-29,211,32:01,40.92%
381,Anna Guzman,"Los Angeles, CA",618,31:36,10:11,F Open/170,F-35,170,31:44,47.34%
382,Jewel Pereyra,", ",893,31:36,10:11,F Open/171,F-21,171,31:51,46.86%
383,Dulce Aguilera,"Los Angeles, CA",501,31:40,10:12,F Open/172,F-26,172,31:55,46.76%
384,Deanna Woodhouse,", ",431,31:42,10:12,F Open/173,F-24,173,31:46,46.71%
385,Carrie Frymer,", ",500,31:44,10:13,F Open/174,F-41,174,32:48,48.50%
386,TIFFANY PEREZ,"LONG BEACH, CA",970,31:45,10:13,F Open/175,F-32,175,31:49,46.74%
387,Rosana Abeyta-Torres,"Los Angeles, CA",102,31:46,10:14,F Open/176,F-23,176,32:22,46.61%
388,Aileen Carrera,", ",472,31:47,10:14,F Open/177,F-23,177,32:51,46.59%
389,Erica Shieh,"Los Angeles, CA",257,31:48,10:14,F Open/178,F-22,178,32:34,46.57%
390,Andrea Wong,", ",952,31:48,10:14,F Open/179,F-0,179,32:33, 0.00%
391,Nancy Tong,", ",932,31:48,10:14,F Open/180,F-29,180,32:23,46.57%
392,Hana Al-Harithi,"Beverly Hills, CA",106,31:48,10:14,F Open/181,F-29,181,32:30,46.57%
393,Alla Kryukova,", ",372,31:48,10:15,F Open/182,F-43,182,31:59,49.13%
394,Cesilia Cintron,"Sylmar, CA",557,31:50,10:15,F Open/183,F-47,183,31:50,50.92%
395,Marion Al-Harthi,"Beverly Hills, CA",107,31:53,10:16,F Open/184,F-52,184,32:35,53.92%
396,Jennifer Danesh,", ",489,31:57,10:17,F Open/185,F-22,185,32:35,46.35%
397,Meredith Crane,", ",318,31:58,10:18,F Open/186,F-46,186,32:03,50.18%
398,Jean-Paul Ciardullo,"Hollywood, CA",555,32:01,10:19,M Open/212,M-31,212,32:51,40.52%
399,Skye Optican,"Los Angeles, CA",1083,32:01,10:19,F Open/187,F-21,187,32:19,46.25%
400,Julia Ciardullo,"Hollywood, CA",556,32:03,10:19,F Open/188,F-31,188,32:52,46.25%
