Place,Name,Location,Bib,Net Time,Pace,Division/Place,Sex-Age,Sex-Place,Gun Time,Age Grade
1,Jameson Mora,"Paso Robles, CA",3,1:11:41,5:29,M 30-34/1,M-30,1,1:11:41,82.63%
2,Alan Campos,"Mammoth Lakes, CA",11,1:12:51,5:34,M 25-29/1,M-26,2,1:12:51,81.30%
3,Ivan Medina,"Hayward, CA",1646,1:14:18,5:41,M 25-29/2,M-28,3,1:14:18,79.74%
4,Ryan Kent,"Mammoth Lakes, CA",1696,1:19:25,6:04,M 25-29/3,M-28,4,1:19:25,74.58%
5,Lindsay Tollefson,"Mammoth Lakes, CA",2,1:21:55,6:15,F 25-29/1,F-28,1,1:21:55,80.38%
6,David Fellows,"La Mesa, CA",728,1:23:59,6:25,M 40-44/1,M-42,5,1:23:59,74.80%
7,Jeval De Jesus,"Glendale, CA",1433,1:26:31,6:36,M 25-29/4,M-29,6,1:26:32,68.46%
8,Michael Shaughnessy,"Ridgecrest, CA",1116,1:29:14,6:49,M 30-34/2,M-30,7,1:29:15,66.37%
9,Christopher Ostoich,"San Diego, CA",1126,1:29:23,6:50,M 30-34/3,M-30,8,1:29:34,66.26%
10,Fabian Hernandez,"Redondo Beach, CA",1502,1:30:56,6:57,M 30-34/4,M-34,9,1:31:00,65.39%
11,Jeannie Rutherford,"Newhall, CA",1411,1:31:44,7:00,F 35-39/1,F-36,2,1:31:44,72.87%
12,Mike Nordin,"Oceanside, CA",897,1:31:54,7:01,M 30-34/5,M-31,10,1:32:05,64.45%
13,John Bennett,"Mammoth Lakes, CA",767,1:33:01,7:06,M 35-39/1,M-38,11,1:33:04,65.30%
14,Jessica Francois,"Lee Vining, CA",1539,1:33:43,7:09,F 25-29/2,F-27,3,1:33:43,70.32%
15,Miguel Forjan,"Los Angeles, CA",1456,1:34:01,7:11,M 45-49/1,M-45,12,1:34:05,68.32%
16,Dylan Armajani,"New York, NY",1475,1:34:05,7:11,M 25-29/5,M-29,13,1:34:17,62.95%
17,Aaron Orndorff,"Bakersfield, CA",653,1:34:09,7:11,M 30-34/6,M-32,14,1:34:10,62.92%
18,Rick Wood,"Mammoth Lakes, CA",1340,1:34:26,7:13,M 60-64/1,M-63,15,1:34:28,79.77%
19,Steve Hill,"Benicia, CA",758,1:34:41,7:14,M 55-59/1,M-59,16,1:35:00,76.62%
20,Jen Todd,"Newbury Park, CA",1700,1:34:49,7:14,F 35-39/2,F-39,4,1:34:49,71.39%
21,Bill Best,"San Diego, CA",1005,1:35:12,7:16,M 40-44/2,M-43,17,1:35:13,66.38%
22,Marc Sosnowski,"San Marcos, CA",502,1:36:05,7:20,M 45-49/2,M-46,18,1:36:08,67.40%
23,Trapper Felt,"Mammoth Lakes, CA",1516,1:36:42,7:23,M 25-29/6,M-27,19,1:37:08,61.25%
24,Kara Beaton,"Ridgecrest, CA",845,1:37:22,7:26,F 30-34/1,F-32,5,1:37:22,68.16%
25,Jason Senior,"Crowley Lake, CA",1667,1:38:33,7:32,M 35-39/2,M-38,20,1:39:00,61.64%
26,David Hartmann,"San Diego, CA",929,1:39:03,7:34,M 25-29/7,M-26,21,1:39:11,59.79%
27,Hunter Fowlie,"Twentynine Palms, CA",1169,1:39:14,7:35,M 14-18/1,M-14,22,1:39:26,66.13%
28,Jeff Spotts,"Phelan, CA",1292,1:39:21,7:35,M 30-34/7,M-32,23,1:47:28,59.63%
29,Nadia Ruiz,"Santa Fe Springs, CA",1373,1:39:50,7:37,F 25-29/3,F-29,6,1:39:51,65.95%
30,Erica Hawkes,"Irvine, CA",744,1:40:49,7:42,F 45-49/1,F-45,7,1:40:53,70.09%
31,Scott Martin,"Barstow, CA",108,1:40:54,7:42,M 50-54/1,M-52,24,1:40:58,67.52%
32,Doug Litrich,"Newport Beach, CA",1368,1:41:10,7:43,M 35-39/3,M-37,25,1:41:15,59.61%
33,Barry Clarkson,"York North Yorkshire, UK",1619,1:41:11,7:44,M 30-34/8,M-31,26,1:41:18,58.53%
34,Marco Magdaleno,"Mammoth Lakes, CA",1716,1:41:22,7:44,M 30-34/9,M-31,27,1:49:20,58.43%
35,Teddy Monney,"Northridge, CA",1183,1:41:31,7:45,M 35-39/4,M-37,28,1:41:37,59.41%
36,Jared Diem,"Reno, NV",1425,1:41:43,7:46,M 25-29/8,M-26,29,1:41:58,58.23%
37,George Lackner,"San Diego, CA",1021,1:42:02,7:47,M 35-39/5,M-39,30,1:42:14,59.99%
38,Carlos Aguinaga,"Palmdale, CA",1384,1:42:03,7:48,M 55-59/2,M-59,31,1:44:48,71.09%
39,Aaron Wade,"La Canada, CA",1752,1:42:25,7:49,M 40-44/3,M-43,32,1:42:40,61.70%
40,Javier Duarte,"Los Angeles, CA",1462,1:43:50,7:56,M 25-29/9,M-25,33,1:44:03,57.04%
41,John Saavedra,"Santa Clara, CA",503,1:43:58,7:56,M 45-49/3,M-49,34,1:46:33,63.86%
42,Romel Mora,"La Puente, CA",1412,1:44:18,7:58,M 45-49/4,M-49,35,1:44:25,63.66%
43,Darby Aldaco,"Los Angeles, CA",1045,1:44:37,7:59,M 40-44/4,M-42,36,1:44:52,59.93%
44,Deena Kastor,"Mammoth Lakes, CA",4,1:44:38,7:59,F 40-44/1,F-41,8,1:44:43,65.43%
45,Sarah Tomlinson,"Bishop, CA",1517,1:44:41,8:00,F 25-29/4,F-25,9,1:47:45,62.90%
46,Riley Pathman,"Del Mar, CA",1711,1:44:43,8:00,M 14-18/2,M-15,37,1:44:43,61.41%
47,Brooke Gharst,"San Diego, CA",1698,1:44:53,8:00,F 30-34/2,F-31,10,1:45:17,62.84%
48,Andrew Gharst,"San Diego, CA",1697,1:44:53,8:01,M 35-39/6,M-35,38,1:45:17,56.90%
49,Kenneth Torok,"La Mesa, CA",1258,1:45:16,8:02,M 30-34/10,M-32,39,1:45:46,56.28%
50,Kurt Smith,"Mammoth Lake, CA",1742,1:45:16,8:02,M 50-54/2,M-53,40,1:45:20,65.29%
51,Andrew Mittleman,"West Sacramento, CA",1655,1:45:40,8:04,M 30-34/11,M-33,41,1:46:04,56.14%
52,Tess Dahlgren,", ",1821,1:45:51,8:05,F 25-29/5,F-25,11,1:48:53,62.20%
53,Melvin Lopez,"Santa Maria, CA",1182,1:45:54,8:05,M 35-39/7,M-37,42,1:46:27,56.95%
54,Patricia Favela,"Reno, NV",939,1:45:59,8:06,F 40-44/2,F-40,12,1:46:05,64.19%
55,Mary Leicht,"Wrightwood, CA",525,1:46:04,8:06,F 40-44/3,F-44,13,1:46:18,66.02%
56,Marc Stevens,"Carlsbad, CA",1216,1:46:11,8:06,M 30-34/12,M-33,43,1:51:32,55.87%
57,Jim Mansen,"Seattle, WA",1578,1:46:13,8:07,M 40-44/5,M-43,44,1:46:24,59.49%
58,Andrew Drake,"Mammoth Lakes, CA",1641,1:46:26,8:08,M 35-39/8,M-37,45,1:52:34,56.66%
59,Ted Mandryk,"Ventura, CA",1240,1:46:33,8:08,M 50-54/3,M-53,46,1:50:00,64.50%
60,Tyson Kaylor,"Mammoth Lakes, CA",982,1:47:25,8:12,M 25-29/10,M-28,47,1:47:36,55.14%
61,Harry Glieder,"Newport Beach, CA",1718,1:47:55,8:14,M 40-44/6,M-44,48,1:48:00,59.04%
62,Mark Howarth,"N Las Vegas, NV",1645,1:47:57,8:15,M 50-54/4,M-54,49,1:50:45,64.22%
63,Joshua Van Baarsel,"Grand Terrace, CA",1521,1:47:58,8:15,M 25-29/11,M-27,50,1:51:05,54.86%
64,Andrew Zeider,"Bonita, CA",1141,1:48:15,8:16,M 14-18/3,M-17,51,1:48:28,57.51%
65,Jennifer Dubrawski,"Mammoth Lakes, CA",1566,1:48:21,8:16,F 35-39/3,F-39,14,1:48:22,62.43%
66,Kylo Anderson,"San Diego, CA",1337,1:48:24,8:17,M 35-39/9,M-35,52,1:48:46,55.05%
67,Jennifer Burrows,"Redlands, CA",1066,1:48:24,8:17,F 40-44/4,F-40,15,1:48:41,62.76%
68,Tiffany Glass Everett,"Encinitas, CA",930,1:48:50,8:19,F 35-39/4,F-37,16,1:49:13,61.54%
69,Eric Zeider,"Bonita, CA",1130,1:49:02,8:19,M 35-39/10,M-38,53,1:49:15,55.71%
70,Emily Underkoffler,"Crowley Lake, CA",1303,1:49:02,8:19,F 50-54/1,F-53,17,1:49:10,71.04%
71,Sara Hanna,"Saugus, CA",1359,1:49:09,8:20,F 30-34/3,F-32,18,1:51:46,60.48%
72,Katie Glass,"Carlsbad, CA",642,1:49:15,8:20,F 30-34/4,F-30,19,1:51:52,60.28%
73,David Burnell,"Costa Mesa, CA",1193,1:49:17,8:21,M 40-44/7,M-43,54,1:49:18,57.82%
74,Josh Elliot,"Valley Village, CA",863,1:49:22,8:21,M 30-34/13,M-33,55,1:49:36,54.24%
75,Sebastian Calvo,"Santa Ana, CA",1484,1:49:32,8:22,M 25-29/12,M-29,56,1:52:27,54.07%
76,Anette Ekelius-Chow,"Anaheim, CA",1149,1:49:33,8:22,F 50-54/2,F-50,20,1:49:49,68.08%
77,Eddie Jimenez,"Pomona, CA",1285,1:50:00,8:24,M 30-34/14,M-34,57,1:50:06,54.05%
78,Brett Zolkos,"Reno, NV",984,1:50:05,8:24,M 25-29/13,M-28,58,1:53:20,53.80%
79,John Yarber,"Tyrone, GA",1038,1:50:13,8:25,M 40-44/8,M-40,59,1:50:36,55.97%
80,Shawn Boudreau,"Oceanside, CA",1217,1:50:27,8:26,M 40-44/9,M-42,60,1:50:54,56.76%
81,Joann Nygard,"Carlsbad, CA",106,1:50:30,8:26,F 45-49/2,F-46,21,1:50:33,64.55%
82,Ryan Wallace,"Huntington Beach, CA",1676,1:50:31,8:26,M 35-39/11,M-37,61,1:55:47,54.57%
83,Nathan Sadler,"Dubai, UAE",1580,1:50:32,8:26,M 25-29/14,M-26,62,1:50:44,53.58%
84,James Chestnut,"Los Angeles, CA",1207,1:50:35,8:27,M 25-29/15,M-25,63,1:50:57,53.56%
85,Molly Krantz,"San Mateo, CA",997,1:50:37,8:27,F 30-34/5,F-32,22,1:50:41,59.67%
86,Scotty Coulon,"San Diego, CA",1128,1:51:00,8:29,M 35-39/12,M-36,64,1:51:23,54.02%
87,Stacy Weiss,"Mammoth Lakes, CA",1527,1:51:02,8:29,F 45-49/3,F-49,23,1:54:03,66.36%
88,Jesse Cels,"Redondo Beach, CA",1457,1:51:04,8:29,M 25-29/16,M-27,65,1:53:42,53.32%
89,Norman Lehto,"Newbury Park, CA",117,1:51:07,8:29,M 45-49/5,M-49,66,1:51:12,59.75%
90,Joe Brooks,"Pacific Palisades, CA",1094,1:51:09,8:29,M 30-34/15,M-32,67,1:54:30,53.30%
91,Yvonne Lorenz,"El Cajon, CA",1034,1:51:23,8:30,F 40-44/5,F-41,24,1:51:52,61.46%
92,Wes Kuhlins,"Mammoth Lakes, CA",1348,1:51:24,8:30,M 55-59/3,M-57,68,1:58:59,63.92%
93,Alyx Bien,", ",1796,1:51:33,8:31,F 25-29/6,F-25,25,1:56:46,59.03%
94,Tyler Sargent,"San Diego, CA",1534,1:51:43,8:32,M 25-29/17,M-28,69,1:55:03,53.01%
95,Elisa Sargent,"San Diego, CA",1533,1:51:43,8:32,F 14-18/1,F-17,26,1:55:03,60.74%
96,Roy Calimlim,"Seaside, CA",748,1:52:01,8:33,M 35-39/13,M-36,70,1:52:29,53.53%
97,Micah Haggerty,"San Marcos, CA",1677,1:52:03,8:33,M 35-39/14,M-36,71,1:54:39,53.51%
98,Karen Gardner,"Acton, CA",1673,1:52:06,8:34,F 45-49/4,F-47,27,1:52:10,64.27%
99,Nicholas Uhas,"Los Angeles, CA",1469,1:52:17,8:34,M 25-29/18,M-29,72,1:59:54,52.75%
100,Laura Moreton,"Riverside, CA",1737,1:52:54,8:37,F 25-29/7,F-29,28,1:53:01,58.32%
101,Vince Robles,"San Diego, CA",1671,1:53:33,8:40,M 35-39/15,M-36,73,1:54:04,52.80%
102,Saul Perez-Ravelo,"La Mesa, CA",1506,1:53:44,8:41,M 19-24/1,M-21,74,1:53:54,52.29%
103,Claribel Solorio,"Mammoth Lakes, CA",1277,1:54:02,8:42,F 19-24/1,F-21,29,1:54:14,57.74%
104,Mel Solorio,"Mammoth Lakes, CA",1276,1:54:02,8:42,M 45-49/6,M-49,75,1:54:14,58.22%
105,Bret Deto,"Mammoth Lakes, CA",1175,1:54:03,8:42,M 25-29/19,M-28,76,2:01:51,51.93%
106,Jaap Van Baarsel,"Riverside, CA",943,1:54:10,8:43,M 50-54/5,M-53,77,1:57:17,60.20%
107,Ron Perez,"Highland, CA",769,1:54:11,8:43,M 45-49/7,M-47,78,1:54:44,57.18%
108,Colin Fernie,"Mammoth Lakes, CA",1717,1:54:14,8:43,M 30-34/16,M-30,79,1:56:52,51.85%
109,Jorge Minero,"Los Angeles, CA",512,1:54:20,8:44,M 40-44/10,M-41,80,1:54:20,54.40%
110,Jessica Hodges,"Mammoth Lake, CA",1757,1:54:24,8:44,F 35-39/5,F-38,30,1:54:46,58.82%
111,Corey Sebens,"Madison, WI",1084,1:54:25,8:44,M 25-29/20,M-25,81,1:54:48,51.76%
112,Michael Morrison,"Bishop, CA",517,1:54:27,8:44,M 60-64/2,M-61,82,1:57:18,64.56%
113,Melissa Merklinger,"San Marcos, CA",501,1:54:33,8:45,F 45-49/5,F-45,31,1:54:51,61.69%
114,Peter Amsdon,"Lancaster, CA",958,1:54:37,8:45,M 30-34/17,M-32,83,1:57:46,51.69%
115,Fiona Taylor,"Lancaster, CA",1387,1:54:37,8:45,F 25-29/8,F-27,32,1:57:45,57.45%
116,Gary Lister,"Lancaster, CA",1402,1:54:37,8:45,M 40-44/11,M-43,84,1:57:46,55.13%
117,Silvia Angulo,"Chino Hills, CA",1492,1:54:43,8:46,F 30-34/6,F-30,33,1:55:08,57.41%
118,Omar Provencio,"Holtville, CA",1467,1:54:45,8:46,M 35-39/16,M-35,85,1:57:35,52.00%
119,Julie Hardin,"Los Angeles, CA",102,1:54:48,8:46,F 50-54/3,F-51,34,1:54:54,65.78%
120,Dan Lauritzen,"Salt Lake City, UT",1591,1:54:49,8:46,M 30-34/18,M-31,86,1:57:55,51.58%
121,Helen Vilchez,"Los Angeles, CA",1237,1:54:58,8:47,F 25-29/9,F-27,35,1:57:39,57.27%
122,Gino Maccio,"York North Yorkshire, UK",1623,1:55:00,8:47,M 30-34/19,M-34,87,1:55:08,51.70%
123,Brent Bourgault,"Encinitas, CA",1658,1:55:01,8:47,M 35-39/17,M-35,88,1:55:35,51.88%
124,Jerry Stokely,"La Mesa, CA",1056,1:55:03,8:47,M 50-54/6,M-53,89,2:00:16,59.74%
125,Simon Waters,"San Diego, CA",1500,1:55:15,8:48,M 50-54/7,M-52,90,1:55:43,59.11%
126,Todd Wolter,"Encinitas, CA",1355,1:55:29,8:49,M 40-44/12,M-41,91,1:58:11,53.85%
127,Keith Clardy,"Carlsbad, CA",1383,1:55:31,8:49,M 40-44/13,M-43,92,1:58:12,54.70%
128,Paul Spriggs,"Pinon Hills, CA",1212,1:55:47,8:50,M 30-34/20,M-31,93,2:03:54,51.15%
129,Jacqueline Parker,"Orange, CA",1300,1:55:58,8:51,F 19-24/2,F-23,36,1:58:40,56.78%
130,Stefan Howard,"Orange, CA",1301,1:55:58,8:51,M 19-24/2,M-23,94,1:58:40,51.07%
131,Jeffrey Frome,"Mammoth Lakes, CA",1670,1:56:07,8:52,M 60-64/3,M-62,95,1:58:54,64.24%
132,Jonathon McGalliard,"La Quinta, CA",1117,1:56:11,8:52,M 25-29/21,M-29,96,1:59:05,50.98%
133,Frank Cherne,"Los Alamos, NM",1712,1:56:14,8:52,M 45-49/8,M-48,97,1:59:01,56.65%
134,Mauro Guerrero,"Gardena, CA",1385,1:56:14,8:52,M 40-44/14,M-42,98,1:56:17,53.94%
135,Kenneth Mello,"Idyllwild, CA",598,1:56:18,8:53,M 55-59/4,M-55,99,1:56:47,60.14%
136,Heather Mello,"Idyllwild, CA",597,1:56:19,8:53,F 40-44/6,F-40,37,1:56:47,58.48%
137,Ron Kerley Jr,"Thousand Oaks, CA",865,1:56:24,8:53,M 40-44/15,M-42,100,1:56:27,53.86%
138,Kenneth Field,"Santa Clarita, CA",1139,1:56:24,8:53,M 50-54/8,M-51,101,1:59:45,58.03%
139,Arnoldo Artiga,"Carson, CA",1675,1:56:27,8:53,M 25-29/22,M-27,102,1:59:05,50.86%
140,Lucas Welch,"Davis, CA",1629,1:56:36,8:54,M 35-39/18,M-36,103,1:56:54,51.42%
141,Laura Marler,"Bakersfield, CA",1581,1:56:37,8:54,F 25-29/10,F-28,38,1:56:41,56.46%
142,Arpun Nangia,"Sunnyvale, CA",1177,1:56:49,8:55,M 25-29/23,M-26,104,2:00:06,50.70%
143,Mary Knotts,"Twentynine Palms, CA",1168,1:57:01,8:56,F 35-39/6,F-37,39,2:00:30,57.24%
144,Robert Flores,"Carlsbad, CA",1400,1:57:01,8:56,M 60-64/4,M-63,105,1:59:45,64.37%
145,Robert Lachausse,"Highland, CA",1049,1:57:03,8:56,M 40-44/16,M-43,106,1:57:11,53.99%
146,Joseph Ortiz,"San Diego, CA",530,1:57:07,8:56,M 30-34/21,M-32,107,1:57:29,50.58%
147,Jennie Steele,"Hawthorne, CA",741,1:57:10,8:57,F 40-44/7,F-41,40,1:57:21,58.42%
148,Richard Monney,"Thousand Oaks, CA",779,1:57:15,8:57,M 40-44/17,M-43,108,1:57:20,53.90%
149,Nicole Tinoco,"San Diego, CA",1037,1:57:29,8:58,F 30-34/7,F-33,41,2:00:18,56.29%
150,Jesi Vasquez,", ",1810,1:57:47,9:00,M 30-34/22,M-34,109,1:57:53,50.48%
151,Chelsey Stewart,"Moorpark, CA",1319,1:57:54,9:00,F 25-29/11,F-26,42,2:02:59,55.85%
152,Kristen Alexander,"Davis, CA",763,1:57:55,9:00,F 40-44/8,F-40,43,1:58:15,57.69%
153,Elijah Erickson,"Ramona, CA",1136,1:58:05,9:01,M 19-24/3,M-22,110,2:03:07,50.18%
154,Jan Pacho,"National City, CA",941,1:58:10,9:01,M 25-29/24,M-27,111,1:58:19,50.12%
155,Nicole Schwartz,"Corona, CA",700,1:58:21,9:02,F 25-29/12,F-26,44,2:01:14,55.63%
156,Dennis Lebman,"Saugus, CA",630,1:58:22,9:02,M 50-54/9,M-51,112,1:58:22,57.06%
157,Chen Lo,"Downey, CA",964,1:58:22,9:02,F 30-34/8,F-31,45,1:58:44,55.68%
158,Kentaro Onishi,"Downey, CA",963,1:58:23,9:02,M 30-34/23,M-32,113,1:58:44,50.04%
159,Kathleen Horning,"San Diego, CA",1261,1:58:26,9:02,F 30-34/9,F-30,46,2:03:45,55.61%
160,Matthew Haffner,"Ventura, CA",1684,1:58:45,9:04,M 50-54/10,M-50,114,2:04:17,56.39%
161,Gina Jansen,"Costa Mesa, CA",1508,1:58:50,9:04,F 40-44/9,F-43,47,2:06:41,58.45%
162,Tiffany Tyree,"Mammoth Lakes, CA",1594,1:58:55,9:05,F 25-29/13,F-28,48,1:59:28,55.37%
163,David Alexander,"Walnut, CA",537,1:58:55,9:05,M 45-49/9,M-46,115,2:01:34,54.46%
164,Travis Rue,"Mammoth Lakes, CA",1593,1:58:57,9:05,M 25-29/25,M-29,116,1:59:29,49.79%
165,Patrick McDonough,"Carlsbad, CA",1590,1:58:59,9:05,M 30-34/24,M-30,117,2:07:03,49.78%
166,Haislip Hayes,"Mammoth Lakes, CA",580,1:59:02,9:05,M 35-39/19,M-37,118,1:59:18,50.67%
167,Shari Davis,"Santa Monica, CA",1729,1:59:04,9:05,F 50-54/4,F-53,49,2:01:46,65.06%
168,Ryan Diaz,"Ontario, CA",1672,1:59:17,9:06,M 25-29/26,M-28,119,2:02:25,49.65%
169,Karen Shine,"Phoenix, AZ",1511,1:59:25,9:07,F 50-54/5,F-54,50,1:59:25,65.70%
170,Kelly McWhorter,"San Diego, CA",1153,1:59:26,9:07,F 25-29/14,F-27,51,2:02:32,55.13%
171,Daniel Ihlenfeldt,"Long Beach, CA",1464,1:59:27,9:07,M 25-29/27,M-25,120,2:07:07,49.58%
172,Karrie McFadden,"Mammoth Lakes, CA",1105,1:59:28,9:07,F 40-44/10,F-42,52,2:02:10,57.71%
173,Tara Schmidt,"Mammoth Lakes, CA",616,1:59:32,9:08,F 25-29/15,F-25,53,2:02:37,55.08%
174,Jana Baker,"Idyllwild, CA",605,1:59:38,9:08,F 30-34/10,F-32,54,2:00:08,55.18%
175,Corrin Leatherman,"Oceanside, CA",1330,1:59:40,9:08,F 30-34/11,F-33,55,2:00:08,55.26%
176,Robert Defeo,"Mountain View, CA",1423,1:59:44,9:08,M 25-29/28,M-27,121,2:00:03,49.46%
177,Berenis Gonzalez,"San Diego, CA",1077,1:59:45,9:09,F 19-24/3,F-24,56,2:04:50,54.98%
178,Stephanie Frescas,"La Verne, CA",914,1:59:58,9:10,F 45-49/6,F-47,57,2:02:53,60.05%
179,Sasha Rappaport,"Los Angeles, CA",114,2:00:06,9:10,M 30-34/25,M-32,122,2:02:51,49.33%
180,Brian Ciuffreda,"San Marcos, CA",1504,2:00:20,9:11,M 30-34/26,M-32,123,2:02:58,49.23%
181,Lynne March Dds,"San Diego, CA",725,2:00:40,9:13,F 45-49/7,F-47,58,2:00:47,59.70%
182,Mike Hawkes,"Irvine, CA",743,2:00:42,9:13,M 50-54/11,M-53,124,2:03:40,56.94%
183,Michael Resendez,"Los Angeles, CA",1560,2:00:45,9:13,M 25-29/29,M-29,125,2:04:11,49.05%
184,Irene Graham,"Mammoth Lakes, CA",1689,2:00:56,9:14,F 25-29/16,F-25,59,2:03:33,54.45%
185,Bernadette Horning,"San Diego, CA",1215,2:00:59,9:14,F 25-29/17,F-28,60,2:06:19,54.42%
186,Lorri Greenlea,"West Covina, CA",540,2:01:01,9:14,F 30-34/12,F-31,61,2:04:27,54.46%
187,Alexander Holman,"Arroyo Grande, CA",115,2:01:13,9:15,M 25-29/30,M-26,126,2:08:50,48.86%
188,Samantha Wilson,"Mammoth Lakes, CA",1544,2:01:21,9:16,F 19-24/4,F-23,62,2:04:40,54.26%
189,Clay Dawson,"Mammoth Lakes, CA",1545,2:01:21,9:16,M 25-29/31,M-26,127,2:04:40,48.80%
190,Joe Heim,"Wrightwood, CA",1110,2:01:22,9:16,M 35-39/20,M-39,128,2:04:10,50.43%
191,Chaitanya Deosthale,"San Diego, CA",1372,2:01:30,9:17,M 25-29/32,M-27,129,2:04:47,48.74%
192,Maria Horenstein,"San Diego, CA",524,2:01:33,9:17,F 40-44/11,F-44,63,2:04:10,57.61%
193,Heather Hettinger,"Sherman Oaks, CA",1341,2:01:56,9:19,F 30-34/13,F-31,64,2:02:11,54.05%
194,Matthew Berger,"Bowie, MD",853,2:02:09,9:20,M 35-39/21,M-35,130,2:04:49,48.85%
195,Holly Friend,"North Tustin, CA",1537,2:02:09,9:20,F 35-39/7,F-36,65,2:05:01,54.61%
196,Joe Scribner,"Wrightwood, CA",944,2:02:11,9:20,M 45-49/10,M-47,131,2:02:30,53.44%
197,Jonathan Beaton,"Ridgecrest, CA",844,2:02:20,9:20,M 30-34/27,M-31,132,2:02:51,48.41%
198,Paul Bergens,"Ridgecrest, CA",1432,2:02:23,9:21,M 50-54/12,M-50,133,2:05:12,54.71%
199,Jessica Rosen,"Bishop, CA",1585,2:02:30,9:21,F 35-39/8,F-37,66,2:10:34,54.67%
200,Clifford Clemente,"San Diego, CA",969,2:02:38,9:22,M 35-39/22,M-37,134,2:03:02,49.18%
201,Monica Suua,"Los Angeles, CA",1577,2:02:39,9:22,F 45-49/8,F-46,67,2:05:56,58.15%
202,Lorraine Johannes,"Redondo Beach, CA",1147,2:02:47,9:22,F 50-54/6,F-53,68,2:03:06,63.09%
203,Mari Mims,"Santa Clarita, CA",657,2:02:50,9:23,F 30-34/14,F-34,69,2:08:50,53.96%
204,Elena Hansen,"South Lake Tahoe, CA",1603,2:02:50,9:23,F 35-39/9,F-37,70,2:05:45,54.53%
205,Kirsten Schmidt,"Palos Verdes Peninsula, CA",1674,2:02:57,9:23,F 30-34/15,F-31,71,2:06:07,53.61%
206,Valerie Wishaar,"Seattle, WA",830,2:02:58,9:23,F 30-34/16,F-30,72,2:06:12,53.56%
207,Peggy Cartwright,"Rancho Cucamonga, CA",1724,2:03:00,9:23,F 45-49/9,F-47,73,2:06:02,58.57%
208,Jeanette Pearson,"Rancho Santa Fe, CA",1211,2:03:02,9:24,F 30-34/17,F-30,74,2:03:04,53.53%
209,Jaclyn Cravens,"Oceanside, CA",564,2:03:07,9:24,F 25-29/18,F-29,75,2:05:43,53.48%
210,Ron Hilliard,"Mountlake Terrace, WA",591,2:03:08,9:24,M 50-54/13,M-54,135,2:03:33,56.30%
211,Stacie Hirashiki,"San Diego, CA",511,2:03:18,9:25,F 30-34/18,F-33,76,2:03:30,53.63%
212,Christian Martinez,"Los Angeles, CA",1738,2:03:18,9:25,M 25-29/33,M-26,136,2:06:46,48.03%
213,Gustavo Tarin,"Pomona, CA",513,2:03:31,9:26,M 35-39/23,M-37,137,2:06:57,48.83%
214,Adrian Nerida,"Chula Vista, CA",1281,2:03:34,9:26,M 30-34/28,M-33,138,2:03:50,48.01%
215,Meganne Kanatani,"Glendale, CA",780,2:03:46,9:27,F 50-54/7,F-51,77,2:06:41,61.01%
216,Moses Moreno,"Chula Vista, CA",1022,2:03:52,9:27,M 35-39/24,M-38,139,2:04:22,49.04%
217,Katherine Moll,"Tyrone, GA",1039,2:03:56,9:28,F 30-34/19,F-32,78,2:06:46,53.26%
218,Kevin Zuech,"Conshohocken, PA",959,2:04:00,9:28,M 35-39/25,M-36,140,2:09:35,48.35%
219,Melanie Belletieri,"Tahoe City, CA",1269,2:04:01,9:28,F 35-39/10,F-35,79,2:07:30,53.60%
220,Renee Rivera,"Burlingame, CA",1438,2:04:15,9:29,F 40-44/12,F-42,80,2:07:24,55.49%
221,Steve O'Donnell,"Folsom, CA",1495,2:04:19,9:29,M 35-39/26,M-37,141,2:04:31,48.51%
222,Erica Mitchell,"Ridgecrest, CA",1602,2:04:19,9:29,F 35-39/11,F-36,81,2:06:59,53.66%
223,Nick Sakovitch,"Glendora, CA",1113,2:04:22,9:30,M 25-29/34,M-25,142,2:07:11,47.62%
224,Bryant Rose,"Claremont, CA",1115,2:04:23,9:30,M 25-29/35,M-25,143,2:07:11,47.61%
225,Lea Haubelt,"Lancaster, CA",541,2:04:25,9:30,F 30-34/20,F-34,82,2:04:39,53.27%
226,Sean Frank,"Mammoth Lakes, CA",1088,2:04:29,9:30,M 40-44/18,M-43,144,2:09:55,50.76%
227,Mark Porter,"El Cajon, CA",794,2:04:30,9:30,M 30-34/29,M-32,145,2:04:59,47.58%
228,Thomas Irizarry,"Henderson, NV",808,2:04:30,9:30,M 35-39/27,M-35,146,2:10:00,47.93%
229,Kris Schmidt,"Anaheim, CA",1064,2:04:31,9:30,M 30-34/30,M-32,147,2:07:41,47.58%
230,Jennifer Pryor,"Mentone, CA",677,2:04:40,9:31,F 35-39/12,F-38,83,2:09:42,53.98%
231,Ralph Meyers,"San Diego, CA",1151,2:04:48,9:32,M 30-34/31,M-34,148,2:07:47,47.64%
232,Sarah Halterman,"Santa Monica, CA",1597,2:04:49,9:32,F 25-29/19,F-25,84,2:12:53,52.75%
233,Tracy Kilvinger,", ",1808,2:04:52,9:32,F 30-34/21,F-34,85,2:04:52,53.08%
234,Jennifer Lamadrid,"Mammoth Lakes, CA",1460,2:04:54,9:32,F 30-34/22,F-32,86,2:12:23,52.85%
235,Alejandro Adame,"El Centro, CA",1161,2:04:55,9:32,M 30-34/32,M-34,149,2:09:58,47.60%
236,Julia Ronlov,"San Diego, CA",1068,2:05:08,9:33,F 40-44/13,F-44,87,2:07:48,55.96%
237,Jerry Peacock,"Monterey, CA",1144,2:05:20,9:34,M 30-34/33,M-31,150,2:11:23,47.25%
238,Marcus Bolen,"Red Wing, MN",1750,2:05:20,9:34,M 30-34/34,M-32,151,2:11:24,47.27%
239,Frances Maybach,"Red Wing, MN",1751,2:05:21,9:34,F 30-34/23,F-30,88,2:11:24,52.54%
240,Chris Crews,"Gilbert, AZ",927,2:05:22,9:34,M 40-44/19,M-43,152,2:11:19,50.41%
241,Bernie Fox,"Los Angeles, CA",1579,2:05:23,9:34,M 50-54/14,M-53,153,2:08:39,54.81%
242,Glenn Hirashiki,"San Diego, CA",612,2:05:25,9:34,M 60-64/5,M-60,154,2:05:37,58.37%
243,Diddier Castillo,"Los Angeles, CA",510,2:05:32,9:35,M 30-34/35,M-31,155,2:05:34,47.18%
244,Lisa Frick,"Murrieta, CA",736,2:05:36,9:35,F 50-54/8,F-51,89,2:05:57,60.12%
245,Abhishek Kumar,"San Diego, CA",1163,2:05:59,9:37,M 25-29/36,M-27,156,2:09:16,47.01%
246,Richard Maya,"Rancho Cucamonga, CA",1437,2:06:07,9:38,M 35-39/28,M-37,157,2:06:16,47.82%
247,Tony Mims,"Santa Clarita, CA",656,2:06:07,9:38,M 35-39/29,M-38,158,2:12:14,48.16%
248,Serdar Seyhun,"Mission Valley, CA",556,2:06:07,9:38,M 45-49/11,M-46,159,2:09:21,51.35%
249,Annika Leintz,"Chino Hills, CA",660,2:06:14,9:38,F 30-34/24,F-31,90,2:11:27,52.21%
250,Sabrina Kujawski,"Mammoth Lakes, CA",508,2:06:14,9:38,F 25-29/20,F-29,91,2:09:22,52.16%
251,Brent Murray,"Huntington Beach, CA",1104,2:06:15,9:38,M 30-34/36,M-34,160,2:08:54,47.10%
252,Hoshang Dubash,"Valencia, CA",1013,2:06:21,9:39,M 55-59/5,M-58,161,2:09:17,56.87%
253,Sarah Rea,"Mammoth Lakes, CA",1687,2:06:25,9:39,F 30-34/25,F-31,92,2:12:23,52.14%
254,Nici Dunn,"Temecula, CA",734,2:06:30,9:39,F 50-54/9,F-50,93,2:09:09,58.95%
255,Dannelly Brown,"San Diego, CA",832,2:06:30,9:39,F 25-29/21,F-29,94,2:09:28,52.05%
256,Christine Decker,"San Jose, CA",504,2:06:35,9:40,F 50-54/10,F-52,95,2:11:47,60.42%
257,Maya Johnson,"Los Angeles, CA",1436,2:06:36,9:40,F 40-44/14,F-40,96,2:09:57,53.73%
258,Asher Silkey,"Santa Clarita, CA",1489,2:06:36,9:40,M 35-39/30,M-38,162,2:09:58,47.98%
259,Roberto Romero,"Chula Vista, CA",1032,2:06:38,9:40,M 55-59/6,M-55,163,2:07:06,55.23%
260,Aeron Josafat,"San Diego, CA",1186,2:06:47,9:41,M 30-34/37,M-33,164,2:06:55,46.79%
261,Yolette Troutfetter,"San Marcos, CA",1109,2:06:51,9:41,F 45-49/10,F-49,97,2:07:06,58.08%
262,Rick Mora,"Las Vegas, NV",647,2:06:54,9:41,M 40-44/20,M-40,165,2:09:56,48.61%
263,Marlon Hernandez,"Pasadena, CA",806,2:07:02,9:42,M 30-34/38,M-31,166,2:12:15,46.62%
264,Jessica Koningisor,"San Diego, CA",1695,2:07:04,9:42,F 30-34/26,F-30,98,2:10:09,51.83%
265,Michael Bland,"Napa, CA",1422,2:07:07,9:42,M 25-29/37,M-26,167,2:07:26,46.59%
266,Jennifer Ogden,"Coto De Caza, CA",1625,2:07:09,9:42,F 40-44/15,F-40,99,2:15:05,53.50%
267,Reena Byrne,"Palos Verdes Estates, CA",1499,2:07:19,9:43,F 35-39/13,F-38,100,2:10:46,52.85%
268,Martee Miyakawa,"Covina, CA",652,2:07:22,9:43,F 50-54/11,F-50,101,2:10:05,58.55%
269,Brandi Hollowell,"Bishop, CA",1222,2:07:22,9:43,F 40-44/16,F-42,102,2:15:03,54.13%
270,Chris Johnson,"Studio City, CA",1496,2:07:25,9:44,M 45-49/12,M-48,168,2:07:41,51.67%
271,Michael Little,"Covina, CA",1145,2:07:26,9:44,M 19-24/4,M-23,169,2:10:09,46.47%
272,Eric Lo,"Pasadena, CA",935,2:07:36,9:44,M 30-34/39,M-33,170,2:07:55,46.49%
273,Patrick Mooney,"Reno, NV",1011,2:07:39,9:45,M 60-64/6,M-64,171,2:10:31,59.57%
274,Grace Aurelio,"Newport Beach, CA",1719,2:07:45,9:45,F 35-39/14,F-37,103,2:08:11,52.43%
275,Jake Mushaney,"Apple Valley, CA",1406,2:07:47,9:45,M 30-34/40,M-30,172,2:11:10,46.35%
276,Melissa Tarascio,"Riverside, CA",1403,2:07:52,9:46,F 35-39/15,F-36,104,2:12:59,52.17%
277,Hanke Heun-Johnson,"Los Angeles, CA",1297,2:08:04,9:47,F 30-34/27,F-31,105,2:10:48,51.46%
278,Max Coberly,"Redondo Beach, CA",1680,2:08:08,9:47,M 40-44/21,M-42,173,2:11:00,48.93%
279,Jeanette Murillo,"Rancho Santa Margarita, CA",634,2:08:10,9:47,F 50-54/12,F-51,106,2:13:56,58.92%
280,John Masellis,"Hughson, CA",1246,2:08:10,9:47,M 30-34/41,M-32,174,2:08:25,46.22%
281,Helen Wang,"Monrovia, CA",1553,2:08:10,9:47,F 40-44/17,F-43,107,2:11:29,54.19%
282,Vance Peterson,"Monrovia, CA",1552,2:08:11,9:47,M 40-44/22,M-44,175,2:11:28,49.70%
283,Philip Kent,"Chatsworth, CA",1148,2:08:31,9:49,M 55-59/7,M-57,176,2:11:27,55.41%
284,Leonard Pangelinan,"San Diego, CA",932,2:08:31,9:49,M 25-29/38,M-26,177,2:08:40,46.08%
285,Heather Hamilton,"Valencia, CA",1054,2:08:35,9:49,F 40-44/18,F-42,108,2:11:29,53.62%
286,Darren Hamilton,"Valencia, CA",1055,2:08:36,9:49,M 40-44/23,M-42,178,2:11:29,48.75%
287,Jeff Flanery,"Sparks, NV",1099,2:08:38,9:49,M 50-54/15,M-52,179,2:12:07,52.96%
288,Diane Stilwell,"Mammoth Lakes, CA",1523,2:09:10,9:52,F 50-54/13,F-54,109,2:12:13,60.74%
289,Patricia Moyer,"Bishop, CA",1589,2:09:16,9:52,F 45-49/11,F-45,110,2:12:12,54.66%
290,Kelley Hodgkiss-Harlow,"San Diego, CA",931,2:09:17,9:52,F 30-34/28,F-34,111,2:09:42,51.26%
291,Kevin Siemens,"San Diego, CA",1727,2:09:21,9:53,M 45-49/13,M-46,180,2:09:52,50.06%
292,Stacey Johnson,"San Diego, CA",1726,2:09:22,9:53,F 35-39/16,F-38,112,2:09:52,52.02%
293,Trey Gardner,"Los Angeles, CA",1018,2:09:24,9:53,M 40-44/24,M-43,181,2:15:19,48.83%
294,Cory Nacke,"Fountain Valley, CA",561,2:09:26,9:53,M 35-39/31,M-37,182,2:12:04,46.59%
295,Jennifer Gonzalez,"Canoga Park, CA",1242,2:09:30,9:53,F 25-29/22,F-27,113,2:12:42,50.84%
296,Patrick Fromm,"Los Angeles, CA",1454,2:09:36,9:54,M 25-29/39,M-29,183,2:12:40,45.70%
297,Susan Kemp,"Los Angeles, CA",1455,2:09:36,9:54,F 25-29/23,F-27,114,2:12:40,50.80%
298,Karin Marshall,"Mill Valley, CA",1160,2:09:37,9:54,F 35-39/17,F-37,115,2:14:42,51.67%
299,Thomas Higgins,"San Diego, CA",825,2:09:46,9:54,M 25-29/40,M-26,184,2:17:32,45.64%
300,Glen Van Peski,"Carlsbad, CA",772,2:09:55,9:55,M 55-59/8,M-55,185,2:12:44,53.84%
401,April Meissner,"Tumwater, WA",1096,2:15:58,10:23,F 40-44/28,F-43,177,2:18:52,51.08%
402,Dustin Nordahl,"San Diego, CA",1392,2:16:03,10:23,M 30-34/51,M-32,225,2:16:35,43.54%
403,Jessica Percy,"San Diego, CA",1081,2:16:04,10:23,F 35-39/30,F-35,178,2:16:36,48.85%
404,Tina Waider,"Santee, CA",1501,2:16:04,10:23,F 40-44/29,F-41,179,2:18:44,50.31%
405,Rachel Sillcocks,"San Francisco, CA",1176,2:16:04,10:23,F 35-39/31,F-37,180,2:21:26,49.22%
406,Bobbi Cohick,"San Diego, CA",1103,2:16:08,10:24,F 30-34/42,F-30,181,2:16:21,48.38%
407,Kelli Hernandez,"Alta Loma, CA",901,2:16:08,10:24,F 35-39/32,F-38,182,2:21:51,49.43%
408,Eldred Fountain Jr,"Tracy, CA",847,2:16:19,10:24,M 55-59/11,M-57,226,2:19:17,52.24%
409,Roy Rieve,"San Diego, CA",1420,2:16:20,10:24,M 65-69/1,M-66,227,2:19:28,56.88%
410,Linda Yzurdiaga,"San Diego, CA",859,2:16:21,10:24,F 25-29/34,F-25,183,2:16:37,48.29%
411,Judy Nishi,"San Diego, CA",978,2:16:30,10:25,F 50-54/18,F-53,184,2:21:33,56.75%
412,Susan Henry,"Encinitas, CA",756,2:16:37,10:26,F 55-59/3,F-59,185,2:21:46,61.42%
413,Heather Schafer,"Encinitas, CA",722,2:16:37,10:26,F 50-54/19,F-52,186,2:21:46,55.98%
414,Alicia Lyon,"Rancho Cucamonga, CA",980,2:16:40,10:26,F 45-49/18,F-47,187,2:22:23,52.71%
415,Frank Jansen,"Costa Mesa, CA",1507,2:16:46,10:26,M 40-44/30,M-43,228,2:24:37,46.20%
416,Kim Anderson,"Chico, CA",754,2:16:58,10:27,F 55-59/4,F-55,188,2:20:04,58.04%
417,Sherryl Taylor,"Mammoth Lakes, CA",1002,2:17:00,10:28,F 70-74/1,F-71,189,2:20:28,73.50%
418,Jennifer Van Noppen,"Simi Valley, CA",1748,2:17:07,10:28,F 45-49/19,F-48,190,2:22:33,53.11%
419,Matthew Henry,"Dana Point, CA",1416,2:17:09,10:28,M 30-34/52,M-31,229,2:22:55,43.18%
420,Kemp Holland,"Altadena, CA",1375,2:17:10,10:28,M 65-69/2,M-69,230,2:19:45,58.27%
421,Cathy Martin,"Sun Valley, CA",1030,2:17:11,10:28,F 30-34/43,F-31,191,2:20:25,48.04%
422,Mallory Kaufman,"Los Angeles, CA",1134,2:17:13,10:28,F 25-29/35,F-25,192,2:20:25,47.98%
423,Craig Price,"San Diego, CA",947,2:17:16,10:29,M 30-34/53,M-31,231,2:19:50,43.15%
424,Jesse Martinez,"Carlsbad, CA",1223,2:17:35,10:30,M 50-54/23,M-50,232,2:20:15,48.67%
425,David Ward,"Star Valley Ranch, WY",773,2:17:42,10:31,M 65-69/3,M-68,233,2:21:05,57.45%
426,Camille Mitchell,"Granite Bay, CA",851,2:17:49,10:31,F 25-29/36,F-25,193,2:20:45,47.77%
427,Araceli Almazan,"Torrance, CA",1439,2:17:55,10:32,F 30-34/44,F-32,194,2:21:08,47.86%
428,Evan Gramis,"Redondo Beach, CA",1008,2:17:57,10:32,M 25-29/49,M-28,234,2:21:07,42.93%
429,Heather Oleary,"Mammoth Lake, CA",1744,2:18:02,10:32,F 30-34/45,F-30,195,2:23:19,47.71%
430,Kelly Morgan,"San Francisco, CA",1345,2:18:09,10:33,F 25-29/37,F-28,196,2:25:45,47.66%
431,Christy Shine,"Mammoth Lakes, CA",592,2:18:16,10:33,F 30-34/46,F-34,197,2:21:03,47.93%
432,Natalia Covarrubias,"Huntington Beach, CA",942,2:18:16,10:33,F 25-29/38,F-29,198,2:18:50,47.62%
433,Suzan Olson,"San Marcos, CA",1272,2:18:19,10:34,F 60-64/2,F-64,199,2:21:12,65.18%
434,Jerome Bryson,"Sacramento, CA",1749,2:18:23,10:34,M 30-34/54,M-33,235,2:21:00,42.87%
435,Heather Krug,"Marina Del Rey, CA",966,2:18:27,10:34,F 40-44/30,F-42,200,2:21:07,49.80%
436,Molly Stark,"Cardiff, CA",1350,2:18:33,10:35,F 35-39/33,F-37,201,2:21:52,48.34%
437,Gino Perez,"Chula Vista, CA",1036,2:18:37,10:35,M 45-49/16,M-49,236,2:21:39,47.90%
438,Camille Tsitsinakis,"Las Vegas, NV",713,2:18:40,10:35,F 30-34/47,F-31,202,2:23:47,47.53%
439,Phil Toomey,"Redondo Beach, CA",869,2:18:41,10:35,M 60-64/9,M-60,237,2:24:00,52.79%
440,Lindsey Bale,"Costa Mesa, CA",731,2:18:52,10:36,F 30-34/48,F-31,203,2:19:23,47.46%
441,Christopher Leary,"Coronado, CA",1305,2:18:57,10:36,M 25-29/50,M-28,238,2:26:56,42.62%
442,Oded Gelfer,"Beverly Hills, CA",1595,2:19:02,10:37,M 45-49/17,M-47,239,2:24:22,46.96%
443,Dante Perry II,"San Diego, CA",708,2:19:13,10:38,M 30-34/55,M-30,240,2:22:10,42.54%
444,Yael Gelfer,"Beverly Hills, CA",1596,2:19:17,10:38,F 45-49/20,F-47,204,2:24:37,51.72%
445,Elle Kaylor,"Mammoth Lakes, CA",981,2:19:24,10:38,F 19-24/9,F-24,205,2:24:41,47.23%
446,Stacie Borah,"Mammoth Lakes, CA",751,2:19:30,10:39,F 50-54/20,F-53,206,2:25:10,55.53%
447,Jessica O'Shea,"San Diego, CA",1466,2:19:31,10:39,F 19-24/10,F-24,207,2:25:16,47.19%
448,Erin Dekker,"Mammoth Lakes, CA",588,2:19:37,10:39,F 30-34/49,F-33,208,2:22:24,47.36%
449,Akira Hirai,"Laguna Niguel, CA",1550,2:19:41,10:40,M 45-49/18,M-48,241,2:22:49,47.14%
450,John Salazar,"San Diego, CA",1720,2:19:52,10:41,M 19-24/6,M-22,242,2:27:30,42.37%
451,Kate Lowe,"Buena Park, CA",1194,2:19:52,10:41,F 25-29/39,F-25,209,2:22:45,47.07%
452,Evangeleine Bondurant,"Valencia, CA",1172,2:19:56,10:41,F 50-54/21,F-51,210,2:22:56,53.96%
453,Gabel Gloria,"Sacramento, CA",1309,2:19:58,10:41,M 55-59/12,M-58,243,2:22:45,51.34%
454,Gus Bruner,"Yorba Linda, CA",1731,2:19:58,10:41,M 50-54/24,M-54,244,2:22:52,49.53%
455,Mai Drummond,"Sunland, CA",911,2:19:59,10:41,F 25-29/40,F-29,211,2:23:15,47.04%
456,Patricia Smoogen,"Mammoth Lakes, CA",908,2:19:59,10:41,F 70-74/2,F-70,212,2:25:28,70.75%
457,Harish Balasubramaniam,"Cupertino, CA",1715,2:19:59,10:41,M 35-39/34,M-36,245,2:27:37,42.83%
458,Katie Modisett,"San Clemente, CA",1458,2:20:00,10:41,F 25-29/41,F-25,213,2:23:18,47.03%
459,Michelle Colvin,"Moorpark, CA",738,2:20:01,10:41,F 45-49/21,F-47,214,2:25:19,51.45%
460,Charlton Ting,"San Diego, CA",1250,2:20:10,10:42,M 35-39/35,M-39,246,2:23:25,43.67%
461,John Allaire,"Rowland Heights, CA",682,2:20:14,10:42,M 50-54/25,M-54,247,2:26:05,49.44%
462,Nurjahan Hurst,"San Diego, CA",1275,2:20:14,10:42,F 55-59/5,F-58,215,2:22:50,59.02%
463,Jane Welgan,"Laguna Beach, CA",739,2:20:15,10:42,F 65-69/1,F-67,216,2:25:15,67.30%
464,Michael Allen,"El Dorado Hills, CA",1417,2:20:16,10:42,M 50-54/26,M-53,248,2:23:45,49.00%
465,Steph Giangiordano,"Mammoth Lakes, CA",1447,2:20:30,10:43,F 30-34/50,F-32,217,2:23:47,46.98%
466,Jeffrey Woodings,"Porter Ranch, CA",1367,2:20:33,10:44,M 35-39/36,M-39,249,2:28:40,43.55%
467,Keri Tenedora,"Mammoth Lakes, CA",1349,2:20:40,10:44,F 40-44/31,F-42,218,2:26:35,49.01%
468,Cindy Brough,"Sandy, UT",637,2:20:46,10:45,F 30-34/51,F-30,219,2:23:22,46.79%
469,Glen Rockwell,"Henderson, NV",1196,2:20:48,10:45,M 45-49/19,M-45,250,2:23:48,45.61%
470,Norma Diaz,"Bakersfield, CA",1609,2:20:49,10:45,F 50-54/22,F-54,220,2:23:26,55.72%
471,Clint Sabatka,"Irvine, CA",1470,2:20:59,10:46,M 19-24/7,M-24,251,2:23:33,42.01%
472,Tiffani Turner,"Hughson, CA",1245,2:21:03,10:46,F 30-34/52,F-32,221,2:21:17,46.80%
473,Pamela Lonza,"Mammoth Lakes, CA",1014,2:21:03,10:46,F 55-59/6,F-55,222,2:24:08,56.36%
474,Geordie Lonza,"Mammoth Lakes, CA",1427,2:21:04,10:46,F 19-24/11,F-24,223,2:24:08,46.67%
475,Amie Lonza,"Mammoth Lakes, CA",1426,2:21:04,10:46,F 19-24/12,F-20,224,2:24:08,46.70%
476,Aaron Maloney,"Corona Del Mar, CA",994,2:21:21,10:47,M 25-29/51,M-29,252,2:26:55,41.90%
477,Bree Ogden,"Corona Del Mar, CA",992,2:21:21,10:47,F 25-29/42,F-27,225,2:26:55,46.58%
478,Laura Texier,"San Diego, CA",1424,2:21:22,10:48,F 45-49/22,F-46,226,2:24:22,50.45%
479,Libby Coalson,"San Diego, CA",1072,2:21:24,10:48,F 45-49/23,F-46,227,2:24:29,50.44%
480,Kyle Adams,"Oakland, CA",1112,2:21:24,10:48,M 25-29/52,M-28,253,2:23:58,41.88%
481,Ally Cagaanan,"Las Vegas, NV",568,2:21:25,10:48,F 35-39/34,F-36,228,2:24:28,47.17%
482,Katherine Rozkuszka,"Oakland, CA",1111,2:21:26,10:48,F 25-29/43,F-28,229,2:23:58,46.55%
483,Sarah Taylor,"San Diego, CA",733,2:21:26,10:48,F 30-34/53,F-32,230,2:21:57,46.67%
484,Jillian Shaw,"Santa Monica, CA",1302,2:21:31,10:48,F 25-29/44,F-26,231,2:24:17,46.53%
485,Randy Fleet,"San Diego, CA",817,2:21:34,10:48,M 40-44/31,M-41,254,2:26:59,43.93%
486,Jacob Bugger,"Saint Louis, MO",1648,2:21:38,10:49,M 25-29/53,M-29,255,2:27:10,41.81%
487,Roselyn Kakai,"San Diego, CA",593,2:21:44,10:49,F 30-34/54,F-33,232,2:24:55,46.65%
488,Matt Myers,"Carlsbad, CA",596,2:21:44,10:49,M 35-39/37,M-39,256,2:24:55,43.18%
489,Karla Salas,"Las Vegas, NV",1571,2:21:47,10:49,F 19-24/13,F-23,233,2:27:40,46.44%
490,Cathleen Calkins,"Big Bear City, CA",1617,2:22:11,10:51,F 45-49/24,F-48,234,2:27:32,51.22%
491,Ken Raef,"Redondo Beach, CA",1061,2:22:15,10:52,M 40-44/32,M-44,257,2:29:54,44.79%
492,Lisa Buckley,"Mammoth Lakes, CA",1707,2:22:20,10:52,F 40-44/32,F-44,235,2:28:11,49.20%
493,Esmeralda Delgado,"South Gate, CA",1129,2:22:23,10:52,F 30-34/55,F-30,236,2:25:04,46.25%
494,Sami Bahmanyar,"San Diego, CA",1201,2:22:30,10:53,F 40-44/33,F-41,237,2:27:42,48.04%
495,Whitney Gartenberg,"Saint Louis, MO",1313,2:22:36,10:53,F 14-18/2,F-16,238,2:25:12,48.44%
496,Amy Gartenberg,"Santa Monica, CA",1312,2:22:37,10:53,F 19-24/14,F-24,239,2:25:12,46.17%
497,John Montoya,"Costa Mesa, CA",1555,2:22:37,10:53,M 55-59/13,M-58,258,2:27:48,50.39%
498,Samantha Racine,"San Diego, CA",714,2:22:42,10:54,F 19-24/15,F-23,240,2:30:28,46.14%
499,Laurentius Harrer,"Mammoth Lakes, CA",1575,2:22:46,10:54,M 45-49/20,M-49,259,2:28:04,46.50%
500,Deserae Rawling,"San Diego, CA",951,2:22:48,10:54,F 30-34/56,F-34,241,2:28:44,46.41%
501,Thomas Schaniel,"Bishop, CA",903,2:22:48,10:54,M 40-44/33,M-44,260,2:25:44,44.61%
502,Stephen Schaniel,"Los Gatos, CA",891,2:22:48,10:54,M 55-59/14,M-57,261,2:25:44,49.87%
503,Thomas Chrisopulos,"Escondido, CA",1409,2:22:54,10:54,M 55-59/15,M-59,262,2:28:16,50.76%
504,Kelsie Araujo,"Mammoth Lake, CA",1733,2:22:55,10:55,F 25-29/45,F-27,242,2:28:40,46.07%
505,Lauren Cook,"Ventura, CA",1734,2:23:01,10:55,F 19-24/16,F-22,243,2:28:46,46.04%
506,Sara Loca,"Mountain View, CA",1446,2:23:11,10:56,F 25-29/46,F-26,244,2:29:25,45.98%
507,Michele Scribner,"Wrightwood, CA",945,2:23:13,10:56,F 45-49/25,F-46,245,2:23:32,49.80%
508,Al Perez,"Encinitas, CA",1029,2:23:13,10:56,F 50-54/23,F-53,246,2:26:19,54.09%
509,Joel Garnica,"Fontana, CA",890,2:23:32,10:57,M 40-44/34,M-42,263,2:29:16,43.68%
510,Mark Spross,"Oregon City, OR",948,2:23:37,10:58,M 40-44/35,M-42,264,2:23:57,43.65%
511,Kathleen Hirrel,"Los Angeles, CA",1121,2:23:43,10:58,F 30-34/57,F-31,247,2:29:11,45.86%
512,Nancy Esqueda,"Lake View Terrace, CA",1347,2:23:45,10:58,F 30-34/58,F-30,248,2:26:58,45.81%
513,Emily Taylor,"Ramona, CA",679,2:23:51,10:59,F 45-49/26,F-49,249,2:28:56,51.22%
514,Carlos Hernandez,"San Diego, CA",599,2:23:58,10:59,M 30-34/56,M-33,265,2:29:12,41.21%
515,Cynthia Bruner,"Yorba Linda, CA",1732,2:24:08,11:00,F 50-54/24,F-53,250,2:27:01,53.74%
516,Richard Heine,"Del Mar, CA",1708,2:24:11,11:00,M 45-49/21,M-49,266,2:29:49,46.04%
517,Hector Barragan,"Mammoth Lakes, CA",1390,2:24:26,11:01,M 35-39/38,M-36,267,2:26:59,41.51%
518,Jolie Scribner,"Wrightwood, CA",954,2:24:29,11:02,F 14-18/3,F-15,251,2:24:48,48.67%
519,Jennifer Daugherty,"Mammoth Lakes, CA",1173,2:24:30,11:02,F 30-34/59,F-31,252,2:30:27,45.61%
520,Janette Hernandez,"Northridge, CA",1209,2:24:37,11:02,F 25-29/47,F-29,253,2:28:03,45.53%
521,Cecilia Frausto,"West Covina, CA",633,2:24:37,11:02,F 25-29/48,F-29,254,2:28:03,45.53%
522,El Smoogen,"Mammoth Lakes, CA",909,2:24:38,11:02,M 70-74/1,M-71,268,2:30:07,56.46%
523,Melissa Mullin,"Mammoth Lakes, CA",1181,2:24:40,11:03,F 30-34/60,F-30,255,2:30:37,45.52%
524,Louise King,"York North Yorkshire, UK",1620,2:24:47,11:03,F 30-34/61,F-31,256,2:24:54,45.52%
525,Norma Thomas,"Rancho Belago, CA",1643,2:24:59,11:04,F 70-74/3,F-72,257,2:27:42,70.63%
526,Mark Daugherty,"Oakland, CA",1607,2:25:12,11:05,M 60-64/10,M-61,269,2:31:09,50.89%
527,Barbara Daugherty,"Oakland, CA",1608,2:25:12,11:05,F 60-64/3,F-64,258,2:31:09,62.09%
528,Grant Linebach,"Burbank, CA",1618,2:25:22,11:06,M 35-39/39,M-35,270,2:30:37,41.05%
529,Jose Gonzalez,"South Gate, CA",1421,2:25:25,11:06,M 25-29/54,M-27,271,2:28:37,40.73%
530,Mathew Hipwell,"Escondido, CA",649,2:25:43,11:07,M 35-39/40,M-39,272,2:29:01,42.00%
531,Doris Eiswald,"La Mesa, CA",1488,2:25:43,11:07,F 55-59/7,F-55,259,2:33:51,54.55%
532,Carlito Olea,"San Diego, CA",1668,2:25:49,11:08,M 25-29/55,M-27,273,2:31:15,40.61%
533,Lance Comstock,"San Diego, CA",1255,2:26:04,11:09,M 35-39/41,M-36,274,2:29:29,41.05%
534,Emily Comstock,"San Diego, CA",1254,2:26:04,11:09,F 30-34/62,F-34,260,2:29:29,45.37%
535,Amy Tsui,"Palo Alto, CA",1663,2:26:05,11:09,F 25-29/49,F-28,261,2:29:33,45.07%
536,Peter Mulligan,"Palo Alto, CA",1664,2:26:05,11:09,M 25-29/56,M-28,275,2:29:33,40.54%
537,Sam Russ,"Livermore, CA",784,2:26:12,11:10,M 30-34/57,M-30,276,2:34:05,40.51%
538,Katie Christian,"Rancho Cucamonga, CA",1476,2:26:13,11:10,F 35-39/35,F-36,262,2:33:50,45.62%
539,Kyle Gano,"San Diego, CA",1200,2:26:19,11:10,M 40-44/36,M-41,277,2:31:29,42.50%
540,Jamie Zumbro,"Encinitas, CA",879,2:26:24,11:11,F 30-34/63,F-34,263,2:29:15,45.27%
541,Tammy Johnson,"Las Vegas, NV",1336,2:26:26,11:11,F 40-44/34,F-40,264,2:34:40,46.45%
542,Carolina Gracitelli,"San Diego, CA",1398,2:27:00,11:13,F 30-34/64,F-31,265,2:30:22,44.84%
543,James Young,"Rancho Santa Margarita, CA",1125,2:27:04,11:14,M 50-54/27,M-54,278,2:30:02,47.14%
544,Gilbert Acosta,"Hayward, CA",962,2:27:17,11:15,M 35-39/42,M-36,279,2:30:01,40.71%
545,Elizabeth Bourgeois,"San Diego, CA",1003,2:27:27,11:15,F 30-34/65,F-34,266,2:30:22,44.95%
546,Jenny Hoffmann,"Encinitas, CA",912,2:27:28,11:15,F 35-39/36,F-38,267,2:30:19,45.63%
547,Debbie Ochs,"Vista, CA",1114,2:27:32,11:16,F 55-59/8,F-59,268,2:33:08,56.87%
548,Mai Nguyen,"San Diego, CA",1494,2:27:33,11:16,F 35-39/37,F-38,269,2:30:09,45.61%
549,Robin Fleming,"Bakersfield, CA",600,2:27:59,11:18,F 50-54/25,F-50,270,2:33:30,50.39%
550,Heather McGlothlin,"Sandy, UT",1453,2:27:59,11:18,F 25-29/50,F-29,271,2:30:46,44.49%
551,Rob Murphy,"Portsmouth, NH",1756,2:27:59,11:18,M 40-44/37,M-43,280,2:30:46,42.70%
552,Mandy Akerley,"Portsmouth, NH",1755,2:28:00,11:18,F 30-34/66,F-32,272,2:30:46,44.60%
553,Chelsea Weis,"Enfield, CT",1445,2:28:00,11:18,F 25-29/51,F-26,273,2:30:46,44.49%
554,Martin Miranda,"San Diego, CA",1331,2:28:02,11:18,M 35-39/43,M-38,281,2:28:27,41.03%
555,Dennis Vitarelli,"Balboa Island, CA",1538,2:28:13,11:19,M 55-59/16,M-59,282,2:31:12,48.94%
556,Jane Williams,"Coronado, CA",1229,2:28:17,11:19,F 65-69/2,F-66,274,2:31:36,62.68%
557,Jeanne Sassin,"Crowley Lake, CA",766,2:28:19,11:19,F 50-54/26,F-50,275,2:34:14,50.28%
558,Regge Bulman,"Los Angeles, CA",1576,2:28:22,11:20,M 45-49/22,M-49,283,2:36:28,44.75%
559,Nancy Schlicher,"Valencia, CA",1205,2:28:25,11:20,F 35-39/38,F-39,276,2:34:17,45.58%
560,Dawn Schultz,"Santa Clarita, CA",1204,2:28:25,11:20,F 40-44/35,F-41,277,2:34:16,46.13%
561,Christina Lemar,"Mammoth Lakes, CA",1051,2:28:38,11:21,F 25-29/52,F-27,278,2:33:49,44.30%
562,Colleen Hirai,"Laguna Niguel, CA",1551,2:28:57,11:22,F 50-54/27,F-52,279,2:32:05,51.34%
563,Autumn Von Hindenburg,"San Diego, CA",1224,2:29:00,11:22,F 30-34/67,F-34,280,2:34:02,44.48%
564,Joseph Green,"Stevenson Ranch, CA",1419,2:29:01,11:22,M 40-44/38,M-43,284,2:36:38,42.40%
565,Gary Goodemote,"San Diego, CA",749,2:29:09,11:23,M 40-44/39,M-43,285,2:31:58,42.37%
566,Katherine Reckstin,"Los Angeles, CA",1263,2:29:13,11:23,F 25-29/53,F-28,281,2:36:49,44.12%
567,Donna Colosky,"Apple Valley, CA",1057,2:29:26,11:24,F 50-54/28,F-52,282,2:37:06,51.18%
568,Joanna O'Toole,"La Canada, CA",550,2:29:28,11:25,F 50-54/29,F-52,283,2:32:18,51.17%
569,Tara Peterson,"Mammoth Lake, CA",1740,2:29:29,11:25,F 45-49/27,F-45,284,2:35:24,47.27%
570,Federico Capati,"Chula Vista, CA",1321,2:29:35,11:25,M 45-49/23,M-45,286,2:32:38,42.94%
571,John Norred,"Fallbrook, CA",1306,2:29:45,11:26,M 40-44/40,M-41,287,2:34:50,41.53%
572,Francisco Rojas,"Chula Vista, CA",1027,2:29:49,11:26,M 45-49/24,M-48,288,2:35:07,43.95%
573,Mitzi Neverman,"Murrieta, CA",1599,2:30:01,11:27,F 55-59/9,F-55,285,2:37:44,52.99%
574,Hannah Degoey,"Mammoth Lakes, CA",1232,2:30:02,11:27,F 25-29/54,F-28,286,2:35:15,43.88%
575,Ami Erickson,"Irvine, CA",1444,2:30:06,11:27,F 30-34/68,F-32,287,2:38:11,43.98%
576,Jenny Perez,"Highland, CA",768,2:30:06,11:27,F 40-44/36,F-43,288,2:35:40,46.27%
577,Jessica Dixon,"Mammoth Lakes, CA",1721,2:30:10,11:28,F 19-24/17,F-24,289,2:37:46,43.85%
578,Lauren Plum,"Mammoth Lakes, CA",1526,2:30:19,11:28,F 30-34/69,F-31,290,2:33:22,43.85%
579,Roxanne Field,"Santa Clarita, CA",1363,2:30:27,11:29,F 45-49/28,F-47,291,2:35:53,47.88%
580,Veronica Raef,"Redondo Beach, CA",1062,2:30:56,11:31,F 45-49/29,F-46,292,2:38:35,47.26%
581,Brenda Denney,"Hawthorne, CA",747,2:31:05,11:32,F 50-54/30,F-52,293,2:36:11,50.62%
582,Josh Fahey,"Mammoth Lakes, CA",1515,2:31:08,11:32,M 30-34/58,M-30,289,2:38:56,39.19%
583,Cyndee Kiddoo,"Bishop, CA",572,2:31:09,11:32,F 40-44/37,F-41,294,2:38:50,45.29%
584,Kate Hanley,"Mammoth Lakes, CA",1514,2:31:10,11:32,F 25-29/55,F-28,295,2:38:57,43.55%
585,Pausha Taghdiri,"Irvine, CA",1679,2:31:11,11:32,M 25-29/57,M-27,290,2:33:56,39.17%
586,Robert Daltorio Jr,"Monterey Park, CA",1060,2:31:13,11:33,M 60-64/11,M-64,291,2:39:00,50.29%
587,James Maynard,"Menifee, CA",1187,2:31:16,11:33,M 45-49/25,M-45,292,2:34:26,42.46%
588,Susan Summers,"Palmdale, CA",1529,2:31:20,11:33,F 45-49/30,F-48,296,2:34:13,48.12%
589,Anthony Maestas,"San Jose, CA",1556,2:31:21,11:33,M 55-59/17,M-59,293,2:36:32,47.93%
590,Jerry Hutchins,"Oceanside, CA",795,2:31:23,11:33,M 25-29/58,M-27,294,2:39:06,39.12%
591,Eve Guianan,"Chula Vista, CA",542,2:31:24,11:33,F 45-49/31,F-48,297,2:37:23,48.10%
592,Jessica Cromsigt,"Valencia, CA",1227,2:31:28,11:34,F 25-29/56,F-27,298,2:37:23,43.47%
593,Mike Suto,", ",1811,2:31:32,11:34,M 30-34/59,M-34,295,2:34:32,39.24%
594,Lisa Contaldo,"Benicia, CA",759,2:31:39,11:35,F 35-39/39,F-39,299,2:37:19,44.60%
595,Laurie Ross,"Merrill, OR",1518,2:31:40,11:35,F 35-39/40,F-37,300,2:37:28,44.16%
596,Tony Leitzow,"Schaumburg, IL",1316,2:31:40,11:35,M 50-54/28,M-53,296,2:37:15,45.31%
597,Sandra Plummer,"El Segundo, CA",1214,2:31:49,11:35,F 45-49/32,F-49,301,2:32:18,48.53%
598,George Burciaga,"Carson, CA",1503,2:31:52,11:36,M 25-29/59,M-28,297,2:34:30,39.00%
599,Sidney Coffeen,"Encinitas, CA",1743,2:32:07,11:37,M 60-64/12,M-62,298,2:39:54,49.04%
600,Kristen Grega,"Henderson, NV",805,2:32:08,11:37,F 30-34/70,F-34,302,2:37:15,43.56%
601,Lorraine Rockwell,"Henderson, NV",1195,2:32:11,11:37,F 45-49/33,F-48,303,2:35:11,47.85%
602,David Murillo,"Rancho Santa Margarita, CA",635,2:32:16,11:37,M 55-59/18,M-56,299,2:38:24,46.35%
603,Elise Teller,"Pasadena, CA",1063,2:32:24,11:38,F 25-29/57,F-29,304,2:37:32,43.20%
604,Brian Cunanan,"Eastvale, CA",937,2:32:35,11:39,M 35-39/44,M-38,300,2:36:01,39.81%
605,Cristen Silvers,"Newport Beach, CA",1568,2:32:36,11:39,F 19-24/18,F-24,305,2:32:48,43.15%
606,Cesar Rodriguez,"San Fernando, CA",1604,2:33:04,11:41,M 30-34/60,M-33,301,2:40:54,38.76%
607,Nicole Mihm,"Rancho Cucamonga, CA",1124,2:33:04,11:41,F 30-34/71,F-34,306,2:41:01,43.30%
608,Jennifer Jones,"Mammoth Lakes, CA",1524,2:33:11,11:42,F 19-24/19,F-21,307,2:36:15,42.98%
609,Josh Towle,"Mammoth Lakes, CA",1528,2:33:11,11:42,M 30-34/61,M-34,302,2:36:15,38.81%
610,Cyndie Schade,"San Diego, CA",1418,2:33:24,11:43,F 45-49/34,F-45,308,2:36:23,46.06%
611,Francisco Toscano,"Chino Hills, CA",789,2:33:28,11:43,M 30-34/62,M-32,303,2:38:27,38.60%
612,Natasha Taylor,"Alta Loma, CA",1067,2:33:36,11:43,F 30-34/72,F-34,309,2:39:24,43.15%
613,Jeffrey Neitzel,"San Diego, CA",1197,2:33:59,11:45,M 35-39/45,M-37,304,2:36:33,39.16%
614,Terry Schultz,"Santa Clarita, CA",1203,2:34:06,11:46,M 45-49/26,M-47,305,2:34:15,42.37%
615,Michelle Floresca,"Chula Vista, CA",1185,2:34:15,11:46,F 35-39/41,F-38,310,2:34:22,43.62%
616,Richard Lemar,"Camarillo, CA",1190,2:34:23,11:47,M 60-64/13,M-62,306,2:42:13,48.32%
617,Heidi Vilchez,"Los Angeles, CA",1820,2:34:27,11:47,F 19-24/20,F-24,311,2:37:09,42.63%
618,Nicole Sivley,"National City, CA",933,2:34:47,11:49,F 19-24/21,F-23,312,2:42:24,42.54%
619,Victoria Contreras,"San Diego, CA",972,2:34:53,11:49,F 19-24/22,F-23,313,2:42:29,42.51%
620,Cindy Murphy,"Crowley Lake, CA",892,2:34:54,11:49,F 30-34/73,F-34,314,2:42:41,42.78%
621,Justin Hayward,"San Diego, CA",1010,2:35:04,11:50,M 35-39/46,M-36,307,2:40:21,38.66%
622,Rob Friedl,"Mammoth Lakes, CA",1703,2:35:16,11:51,M 50-54/29,M-50,308,2:41:20,43.12%
623,Shirley Grimm,"San Diego, CA",1290,2:35:24,11:52,F 50-54/31,F-51,315,2:37:59,48.59%
624,Jennifer Clemente,"San Diego, CA",584,2:35:30,11:52,F 30-34/74,F-31,316,2:40:35,42.38%
625,Brittany Ruggels,"San Diego, CA",976,2:35:30,11:52,F 25-29/58,F-29,317,2:40:35,42.34%
626,Kelly Rose,"Loomis, CA",858,2:35:38,11:53,F 35-39/42,F-39,318,2:40:37,43.46%
627,Ronaele Ruvalcaba,"Fair Oaks, CA",1639,2:35:43,11:53,F 40-44/38,F-44,319,2:41:23,44.97%
628,Richard Williams,"Coronado, CA",1230,2:35:47,11:53,M 75-79/1,M-78,309,2:39:05,58.56%
629,Heidi Thompson,"Mammoth Lakes, CA",1047,2:35:51,11:54,F 40-44/39,F-44,320,2:41:45,44.93%
630,Raeann Colburn,"Long Beach, CA",1308,2:36:06,11:55,F 45-49/35,F-49,321,2:41:55,47.20%
631,Christine Becker,"Chula Vista, CA",531,2:36:20,11:56,F 60-64/4,F-63,322,2:41:27,56.83%
632,Dale Folkens,"Moreno Valley, CA",545,2:36:26,11:56,M 45-49/27,M-45,310,2:41:42,41.05%
633,Manuel Castellanos,"Pacoima, CA",1657,2:36:28,11:57,M 25-29/60,M-27,311,2:39:12,37.85%
634,Colleen Nolan-Dahlstrom,"Bishop, CA",1461,2:36:31,11:57,F 50-54/32,F-52,323,2:42:27,48.86%
635,Celeste Toomey,"Redondo Beach, CA",629,2:36:32,11:57,F 50-54/33,F-54,324,2:41:50,50.12%
636,Robert Campbell,"Montebello, CA",1690,2:36:32,11:57,M 25-29/61,M-29,312,2:44:17,37.83%
637,Karie Barnard,"San Dimas, CA",777,2:36:32,11:57,F 30-34/75,F-34,325,2:41:41,42.34%
638,Margaret Rolfe,"Coronado, CA",729,2:36:32,11:57,F 45-49/36,F-46,326,2:39:47,45.56%
639,Marcella Wong,"Monterey Park, CA",1692,2:36:32,11:57,F 25-29/59,F-28,327,2:44:18,42.06%
640,Robert Ward,"Incline Village, NV",594,2:36:41,11:58,M 70-74/2,M-72,313,2:42:01,52.74%
641,Kathleen Ward,"Berkeley Lake, GA",624,2:36:43,11:58,F 45-49/37,F-45,328,2:42:02,45.09%
642,Mary Hallum,"June Lake, CA",1408,2:36:48,11:58,F 40-44/40,F-42,329,2:44:21,43.97%
643,Lindsay Jones,"Irvine, CA",1709,2:36:52,11:58,F 35-39/43,F-35,330,2:39:49,42.37%
644,Tim Kaufman,"Torrance, CA",1747,2:37:02,11:59,M 50-54/30,M-51,314,2:43:03,43.01%
645,Mike Woods,"Portland, OR",1266,2:37:15,12:00,M 25-29/62,M-29,315,2:45:06,37.66%
646,Grace Newhouse,"Boise, ID",1198,2:37:16,12:00,F 25-29/60,F-25,331,2:45:06,41.87%
647,Holly Miles,"Agoura Hills, CA",1642,2:37:19,12:00,F 40-44/41,F-40,332,2:42:24,43.24%
648,Charmaine Yambao,"Westlake Village, CA",1650,2:37:19,12:00,F 45-49/38,F-45,333,2:42:25,44.91%
649,Shari Deluca,"Oak Park, CA",1665,2:37:19,12:01,F 50-54/34,F-51,334,2:42:25,47.99%
650,George Murray,"San Diego, CA",1317,2:37:20,12:01,M 65-69/4,M-66,316,2:42:42,49.28%
651,Kim Folkens,"Moreno Valley, CA",546,2:37:24,12:01,F 40-44/42,F-44,335,2:42:39,44.49%
652,Aimee Semeleng,"Moorpark, CA",104,2:37:30,12:01,F 40-44/43,F-40,336,2:42:48,43.19%
653,Andrew Boyce,"San Jose, CA",526,2:37:32,12:01,M 25-29/63,M-26,317,2:43:38,37.59%
654,Robyn Zier,"Las Vegas, NV",1588,2:37:39,12:02,F 35-39/44,F-36,337,2:43:10,42.31%
655,Craig Plummer,"El Segundo, CA",1213,2:37:42,12:02,M 50-54/31,M-51,318,2:38:11,42.83%
656,Mina Jarvata,"Northridge, CA",926,2:38:17,12:05,F 50-54/35,F-53,338,2:38:34,48.94%
657,Liza Deras,"Rancho Cucamonga, CA",1652,2:38:21,12:05,F 40-44/44,F-44,339,2:43:33,44.22%
658,Ben Deras,"Rancho Cucamonga, CA",1651,2:38:22,12:05,M 40-44/41,M-44,319,2:43:34,40.23%
659,Theresa Erickson,"Ramona, CA",1135,2:38:26,12:06,F 45-49/39,F-46,340,2:43:28,45.02%
660,Kathy Scott,"Long Beach, CA",683,2:38:32,12:06,F 50-54/36,F-50,341,2:44:27,47.04%
661,Lisette Bovaird,"Los Angeles, CA",819,2:38:33,12:06,F 45-49/40,F-48,342,2:39:01,45.93%
662,Alyssa Rutherford,"Los Angeles, CA",1443,2:38:34,12:06,F 19-24/23,F-24,343,2:39:01,41.52%
663,Raquel Bergland,"Manteca, CA",1346,2:38:41,12:07,F 45-49/41,F-46,344,2:46:19,44.95%
664,Stacey Antonio,"San Diego, CA",560,2:38:58,12:08,F 40-44/45,F-40,345,2:41:56,42.79%
665,Nicole Hallum,"June Lake, CA",1407,2:39:07,12:09,F 25-29/61,F-25,346,2:44:22,41.38%
666,Maggie Li,"Anaheim, CA",1289,2:39:08,12:09,F 19-24/24,F-24,347,2:44:36,41.37%
667,Andrew Lu,"Anaheim, CA",1288,2:39:08,12:09,M 30-34/63,M-32,320,2:44:36,37.23%
668,Jim Stevens,"Paramount, CA",1736,2:39:29,12:10,M 75-79/2,M-76,321,2:45:06,55.06%
669,Judy Minich,"Spring Valley, CA",532,2:39:30,12:10,F 50-54/37,F-52,348,2:44:30,47.95%
670,Barbara Clark,"Poway, CA",950,2:39:46,12:12,F 50-54/38,F-52,349,2:45:55,47.87%
671,Carma Roper,"Independence, CA",1573,2:39:47,12:12,F 40-44/46,F-40,350,2:45:04,42.57%
672,Laura Bowers,"Canyon Country, CA",1520,2:40:00,12:13,F 45-49/42,F-48,351,2:45:02,45.52%
673,Tammy McJunkins,"Atascadero, CA",921,2:40:00,12:13,F 50-54/39,F-51,352,2:43:25,47.19%
674,Arfield Davis,"Walnut, CA",812,2:40:07,12:13,M 65-69/5,M-66,322,2:45:23,48.43%
675,Gloria Perez,"Los Angeles, CA",1483,2:40:10,12:14,F 19-24/25,F-24,353,2:45:49,41.11%
676,Rachel Peacock,"Monterey, CA",1143,2:40:11,12:14,F 30-34/76,F-31,354,2:46:15,41.14%
677,Salvador Manzano,"Gardena, CA",1031,2:40:15,12:14,M 35-39/47,M-37,323,2:45:28,37.63%
678,Quart Keyes,"Vista, CA",740,2:40:19,12:14,F 35-39/45,F-36,355,2:48:15,41.61%
679,Janet Fountain,"Tracy, CA",846,2:40:20,12:14,F 55-59/10,F-56,356,2:46:00,50.23%
680,Joseph Henry,"Sparks, NV",1442,2:40:22,12:14,M 50-54/32,M-50,324,2:48:23,41.75%
681,Theresa Hayes,"Indio, CA",913,2:40:23,12:15,F 55-59/11,F-59,357,2:45:24,52.32%
682,Alexis Hartford,"San Diego, CA",1660,2:40:25,12:15,F 35-39/46,F-36,358,2:45:25,41.58%
683,Dean Sodek,"Simi Valley, CA",1741,2:40:29,12:15,M 40-44/42,M-41,325,2:46:21,38.75%
684,Lisa Skutecki,"San Diego, CA",1024,2:40:34,12:15,F 35-39/47,F-39,359,2:45:35,42.13%
685,Becky Warnick,"Henderson, NV",1074,2:40:52,12:17,F 30-34/77,F-30,360,2:46:46,40.94%
686,Mike Warnick,"Henderson, NV",1073,2:40:53,12:17,M 30-34/64,M-34,326,2:46:47,36.96%
687,Sandy Kellenberger,"Rancho Palos Verdes, CA",975,2:40:54,12:17,F 50-54/40,F-52,361,2:46:02,47.53%
688,Israel Lerma,"Chula Vista, CA",775,2:40:55,12:17,M 35-39/48,M-38,327,2:45:55,37.75%
689,Vanessa Lerma,"Chula Vista, CA",774,2:40:56,12:17,F 30-34/78,F-34,362,2:45:54,41.18%
690,David York,"Carlsbad, CA",1079,2:41:16,12:19,M 40-44/43,M-44,328,2:49:33,39.50%
691,Shirley Morales,"San Diego, CA",902,2:41:17,12:19,F 35-39/48,F-37,363,2:46:27,41.53%
692,Samantha Ahl,"Moorpark, CA",899,2:41:18,12:19,F 14-18/4,F-18,364,2:46:22,41.45%
693,Philip Lydon,"San Jose, CA",1530,2:41:20,12:19,M 35-39/49,M-38,329,2:49:02,37.65%
694,Chantille De Los Reyes,"San Diego, CA",813,2:41:46,12:21,F 30-34/79,F-32,365,2:44:26,40.80%
695,Monica De Leon,"San Diego, CA",764,2:41:49,12:21,F 30-34/80,F-33,366,2:44:29,40.86%
696,Janelle Cowan,"Long Beach, CA",1262,2:41:49,12:21,F 50-54/41,F-54,367,2:47:32,48.49%
697,Calvin Cruz,"San Diego, CA",815,2:41:50,12:21,M 30-34/65,M-33,330,2:44:29,36.66%
698,Laura Mather,"Santa Ana, CA",1284,2:42:15,12:23,F 30-34/81,F-31,368,2:45:29,40.62%
699,Breanne Cooper,"Rancho Cucamonga, CA",1477,2:42:19,12:23,F 30-34/82,F-33,369,2:49:56,40.74%
700,Steven Thompson,"Bishop, CA",1157,2:42:22,12:24,M 45-49/28,M-45,331,2:50:04,39.55%
701,Patrick Zamora,"San Diego, CA",922,2:42:29,12:24,M 19-24/8,M-23,332,2:47:46,36.45%
702,Britney Peraza,"San Diego, CA",788,2:42:30,12:24,F 19-24/26,F-24,370,2:47:46,40.52%
703,Donna Wardman,"Brea, CA",1259,2:42:33,12:24,F 55-59/12,F-55,371,2:48:16,48.90%
704,Michelle Goltiao,"Riverside, CA",949,2:42:45,12:25,F 25-29/62,F-29,372,2:47:44,40.45%
705,Ginny Deegan,"Berkeley, CA",1178,2:43:03,12:27,F 35-39/49,F-36,373,2:48:24,40.91%
706,Di Truong,"Los Angeles, CA",955,2:43:05,12:27,F 30-34/83,F-34,374,2:48:41,40.64%
707,Michael Fechter,"San Diego, CA",1271,2:43:22,12:28,M 35-39/50,M-36,333,2:43:46,36.70%
708,Melissa Brinar,"Mammoth Lakes, CA",1179,2:43:29,12:29,F 25-29/63,F-27,375,2:46:33,40.27%
709,Kara Sodek,"Simi Valley, CA",1586,2:43:33,12:29,F 35-39/50,F-38,376,2:49:25,41.14%
710,Anne Webster,"Los Angeles, CA",1004,2:43:35,12:29,F 25-29/64,F-26,377,2:48:35,40.25%
711,Susan Karzin,"Valencia, CA",1046,2:43:36,12:29,F 50-54/42,F-50,378,2:49:31,45.58%
712,Lacey Smith,"Ramona, CA",646,2:43:47,12:30,F 30-34/84,F-30,379,2:48:49,40.21%
713,Mark Coleman,"Islamorada, FL",1704,2:44:01,12:31,M 45-49/29,M-48,334,2:49:53,40.14%
714,Cammy Clark,"Islamorada, FL",1705,2:44:01,12:31,F 50-54/43,F-50,380,2:49:54,45.47%
715,David Watry,"San Diego, CA",790,2:44:01,12:31,M 50-54/33,M-54,335,2:49:27,42.27%
716,Mai-Ly Gossiaux,"Woodland Hills, CA",1267,2:44:08,12:32,F 25-29/65,F-28,381,2:49:17,40.11%
717,Celia Contreras,"Pico Rivera, CA",1221,2:44:10,12:32,F 40-44/47,F-43,382,2:49:15,42.31%
718,Cricket Myers,"Glendale, CA",855,2:44:14,12:32,F 35-39/51,F-37,383,2:52:09,40.78%
719,Joseph Yatco,"Bakersfield, CA",1558,2:44:26,12:33,M 45-49/30,M-45,336,2:50:13,39.06%
720,Jean Parraguirre,"Reno, NV",1397,2:44:57,12:35,F 45-49/43,F-49,384,2:53:00,44.66%
721,James Brush,"Sonora, CA",569,2:44:58,12:35,M 50-54/34,M-50,337,2:48:20,40.59%
722,Aron Lorenz,"Reno, NV",1167,2:44:59,12:36,M 25-29/64,M-28,338,2:50:23,35.90%
723,Jennifer Ojeda,"Oceanside, CA",1662,2:44:59,12:36,F 30-34/85,F-34,385,2:50:40,40.17%
724,Ana Garcia,"Duarte, CA",1287,2:45:01,12:36,F 25-29/66,F-29,386,2:50:54,39.90%
725,Jami Jurich,"Los Angeles, CA",1656,2:45:12,12:37,F 19-24/27,F-24,387,2:53:06,39.85%
726,Mary Helen Rios,"Thermal, CA",1092,2:45:16,12:37,F 45-49/44,F-47,388,2:53:23,43.59%
727,Alex Stanton,"Victorville, CA",119,2:45:25,12:38,F 14-18/5,F-17,389,2:53:41,41.02%
728,Sydney Stanton,"Victorville, CA",120,2:45:26,12:38,F 14-18/6,F-17,390,2:53:42,41.02%
729,Paul Stanton,"Victorville, CA",118,2:45:26,12:38,M 50-54/35,M-51,339,2:53:42,40.83%
730,Amy Stanton,"Victorville, CA",121,2:45:27,12:38,F 50-54/44,F-52,391,2:53:42,46.22%
731,Soleil Randall,"San Diego, CA",956,2:46:04,12:40,F 35-39/52,F-36,392,2:51:23,40.17%
732,Liliana Parra,"San Ysidro, CA",1119,2:46:08,12:41,F 40-44/48,F-41,393,2:53:53,41.21%
733,Fernando Jimenez,"San Ysidro, CA",1118,2:46:08,12:41,M 40-44/44,M-43,340,2:53:53,38.04%
734,Julie Farias,"Glendale, CA",551,2:46:09,12:41,F 30-34/86,F-32,394,2:49:22,39.73%
735,Elise Cruz,"Oceanside, CA",797,2:46:11,12:41,F 19-24/28,F-24,395,2:53:55,39.62%
736,Kathy Elizondo,"Rancho Cucamonga, CA",636,2:46:13,12:41,F 45-49/45,F-45,396,2:51:14,42.51%
737,Jessica Green,"San Diego, CA",834,2:46:15,12:41,F 25-29/67,F-27,397,2:49:12,39.60%
738,Joanne Wyse,"Encino, CA",831,2:46:17,12:42,F 65-69/3,F-69,398,2:51:57,58.60%
739,Ina Deras,"San Diego, CA",827,2:46:32,12:43,F 45-49/46,F-46,399,2:49:16,42.83%
740,Michael Deras,"San Diego, CA",826,2:46:32,12:43,M 45-49/31,M-46,341,2:49:17,38.88%
741,Michael Lynch,"Los Angeles, CA",1332,2:46:33,12:43,M 55-59/19,M-55,342,2:49:30,41.99%
742,Renee Young,"Chino Hills, CA",536,2:46:38,12:43,F 50-54/45,F-53,400,2:52:25,46.48%
743,Andrew Macbeth,"Rancho Palos Verdes, CA",1380,2:46:45,12:44,M 25-29/65,M-29,343,2:54:49,35.52%
744,Raquel Williams,"Las Vegas, NV",934,2:46:45,12:44,F 40-44/49,F-42,401,2:52:34,41.34%
745,Amber Walter,"Rancho Palos Verdes, CA",1379,2:46:45,12:44,F 19-24/29,F-24,402,2:54:49,39.48%
746,Rosalinda Garnica,"Fontana, CA",889,2:47:04,12:45,F 40-44/50,F-41,403,2:52:48,40.98%
747,Mary Douglass,"Sacramento, CA",893,2:47:05,12:45,F 25-29/68,F-25,404,2:52:59,39.41%
748,Amy Golub Lohneiss,"Escondido, CA",539,2:47:06,12:45,F 60-64/5,F-60,405,2:52:13,50.92%
749,Justin Seleska,"San Diego, CA",957,2:47:07,12:45,M 35-39/51,M-35,344,2:55:08,35.71%
750,Bill Ray,"Carlsbad, CA",1320,2:47:08,12:45,M 55-59/20,M-56,345,2:52:41,42.23%
751,Howard Colosky,"Apple Valley, CA",1058,2:47:10,12:46,M 50-54/36,M-52,346,2:54:50,40.75%
752,Juliet York,"Carlsbad, CA",1078,2:47:12,12:46,F 40-44/51,F-41,406,2:55:28,40.94%
753,Trina Power,"Bakersfield, CA",1083,2:47:13,12:46,F 45-49/47,F-46,407,2:50:15,42.65%
754,Sylvia Carr,"Oceanside, CA",1323,2:47:14,12:46,F 50-54/46,F-53,408,2:52:46,46.32%
755,Angel Valdez,"Montebello, CA",1723,2:47:28,12:47,M 45-49/32,M-46,347,2:55:02,38.67%
756,Eva Osuna,"Montebello, CA",1722,2:47:29,12:47,F 45-49/48,F-46,409,2:55:02,42.59%
757,Mitch Wagers,"Murfreesboro, TN",882,2:47:49,12:49,M 35-39/52,M-38,348,2:53:42,36.19%
758,Diana Medrano,"Los Angeles, CA",1122,2:47:58,12:49,F 35-39/53,F-37,410,2:53:24,39.87%
759,Kim Priest,"Glendora, CA",559,2:48:06,12:50,F 55-59/13,F-56,411,2:53:16,47.91%
760,Leslie Thompson,"Carson City, NV",752,2:48:19,12:51,F 60-64/6,F-60,412,2:54:02,50.55%
761,Neil Dajero,"Montclair, CA",1451,2:48:27,12:51,M 35-39/53,M-35,349,2:56:04,35.42%
762,Apple Dajero,"Montclair, CA",1450,2:48:28,12:52,F 25-29/69,F-29,413,2:56:03,39.08%
763,John Katayama,"Garden Grove, CA",983,2:48:34,12:52,M 30-34/66,M-31,350,2:54:09,35.13%
764,Ben Ellenbogen,"Fremont, CA",1562,2:48:49,12:53,M 60-64/14,M-62,351,2:56:37,44.18%
765,Chris Smith,"Huntington Beach, CA",514,2:49:14,12:55,F 50-54/47,F-51,414,2:54:38,44.62%
766,Mark Wines,"Anaheim, CA",1101,2:49:16,12:55,M 40-44/45,M-44,352,2:52:08,37.64%
767,Richard Koppel,"Thousand Oaks, CA",1299,2:49:25,12:56,M 65-69/6,M-68,353,2:52:50,46.69%
768,Inge Buchmiller,"San Diego, CA",655,2:49:27,12:56,F 45-49/49,F-46,415,2:52:51,42.09%
769,Erin Thomas,"San Diego, CA",1818,2:49:36,12:57,F 30-34/87,F-31,416,2:52:56,38.86%
770,Pia Santiago,"Woodland Hills, CA",107,2:49:47,12:58,F 55-59/14,F-57,417,2:55:27,48.09%
771,Colleen Heublein,"Valley Center, CA",1235,2:49:56,12:58,F 55-59/15,F-59,418,2:55:38,49.38%
772,Katie Heublein,"Valley Center, CA",1236,2:49:57,12:58,F 35-39/54,F-39,419,2:55:39,39.80%
773,Meghann Hernandez,"Pasadena, CA",807,2:50:00,12:59,F 30-34/88,F-30,420,2:55:14,38.74%
774,Michael Warnke,"Minneapolis, MN",547,2:50:04,12:59,M 50-54/37,M-50,354,2:50:12,39.37%
775,Jessica Cifelli,"Redlands, CA",719,2:50:08,12:59,F 30-34/89,F-31,421,2:55:35,38.74%
776,Vincent Deleon,"Northridge, CA",925,2:50:17,13:00,M 45-49/33,M-49,355,2:50:34,38.98%
777,Laurie Miller,"Redlands, CA",718,2:50:22,13:00,F 30-34/90,F-33,422,2:55:49,38.81%
778,Virginia Lugo,"Redlands, CA",717,2:50:23,13:00,F 50-54/48,F-53,423,2:55:49,45.46%
779,John Bohnet,"Las Vegas, NV",1459,2:50:29,13:01,M 45-49/34,M-49,356,2:58:15,38.94%
780,Randi Thorson,"La Mesa, CA",1020,2:50:35,13:01,F 30-34/91,F-31,424,2:55:40,38.64%
781,Jaime Roberts,"La Mesa, CA",1019,2:50:36,13:01,F 19-24/30,F-22,425,2:55:40,38.59%
782,Karen Uyod,"San Diego, CA",916,2:50:51,13:02,F 25-29/70,F-27,426,2:56:49,38.54%
783,Audrey Diego,"Walnut, CA",1260,2:51:06,13:04,F 35-39/55,F-38,427,2:59:20,39.33%
784,Marcelo Ochoa,"San Diego, CA",861,2:51:39,13:06,M 30-34/67,M-34,357,2:57:44,34.64%
785,Angela Hognoj,"Cerritos, CA",1561,2:52:00,13:08,F 55-59/16,F-57,428,2:57:08,47.47%
786,Nhu-Mai Gossiaux-Souchotte,"Woodland Hills, CA",1015,2:52:05,13:08,F 55-59/17,F-57,429,2:57:15,47.44%
787,Dagohoy Anunciado,"Chula Vista, CA",995,2:52:07,13:08,M 45-49/35,M-48,358,2:59:50,38.25%
788,Brian Wisz,"Northridge, CA",1097,2:52:08,13:08,M 45-49/36,M-48,359,2:57:17,38.25%
789,Dianne Rowe,"Moreno Valley, CA",1171,2:52:08,13:08,F 55-59/18,F-56,430,2:57:19,46.79%
790,Lydia Mims,"Santa Clarita, CA",862,2:52:12,13:09,F 40-44/52,F-43,431,2:58:14,40.33%
791,Kathleen Smith,"Wrightwood, CA",915,2:52:22,13:09,F 60-64/7,F-61,432,2:58:34,50.07%
792,Sara Cooper,"Henderson, NV",809,2:52:30,13:10,F 30-34/92,F-30,433,2:58:01,38.18%
793,Anna Ter-Zakarian,"Glendale, CA",1353,2:53:05,13:13,F 19-24/31,F-23,434,3:00:55,38.04%
794,Joanna Peacock,"Dubai, UAE",1635,2:53:11,13:13,F 30-34/93,F-30,435,3:00:50,38.03%
795,Selena Jones,"El Cajon, CA",1291,2:53:12,13:13,F 35-39/56,F-37,436,3:01:17,38.67%
796,Katie Margot,"San Marcos, CA",1106,2:53:12,13:13,F 19-24/32,F-19,437,3:01:25,38.23%
797,Maddy Daugherty,"Valley Center, CA",988,2:53:12,13:13,F 19-24/33,F-19,438,3:01:25,38.23%
798,Felicia Rapan,"Anaheim, CA",804,2:53:15,13:13,F 25-29/71,F-28,439,2:56:39,38.00%
799,Tiffani Witt,"Long Beach, CA",1693,2:53:25,13:14,F 35-39/57,F-36,440,2:58:45,38.47%
800,Mariam Morad,"San Diego, CA",1318,2:53:42,13:15,F 60-64/8,F-64,441,2:59:06,51.90%
801,Joe Patchett,"San Diego, CA",1683,2:53:51,13:16,M 30-34/68,M-33,360,2:56:58,34.12%
802,Madelynn Bramm,"Kirkland, IL",1632,2:54:15,13:18,F 14-18/7,F-15,442,3:02:24,40.36%
803,Crystal Campos,"San Marcos, CA",680,2:54:17,13:18,F 25-29/72,F-29,443,2:59:22,37.78%
804,Joanna Ramsdale,"Las Vegas, NV",558,2:54:28,13:19,F 45-49/50,F-45,444,2:57:36,40.50%
805,Kim Stoiber,"Bishop, CA",518,2:54:29,13:19,F 45-49/51,F-45,445,2:57:36,40.49%
806,Christina Bramm,"Kirkland, IL",1631,2:54:30,13:19,F 40-44/53,F-43,446,3:02:39,39.80%
807,Eddie Jimenez,"Garden Grove, CA",1248,2:54:39,13:20,M 19-24/9,M-20,361,3:02:20,34.31%
808,Emiko Schwab,"Garden Grove, CA",1244,2:54:39,13:20,F 19-24/34,F-20,447,3:02:20,37.72%
809,Mun Kim,"Irvine, CA",783,2:54:48,13:20,F 19-24/35,F-24,448,2:57:52,37.67%
810,Tracy Worrall,"Brea, CA",1548,2:54:49,13:21,F 40-44/54,F-43,449,3:00:55,39.73%
811,Allan Tiangson,"San Diego, CA",1410,2:54:52,13:21,M 19-24/10,M-24,362,3:02:27,33.87%
812,Courtney Daugherty,"Eastvale, CA",661,2:55:04,13:22,F 30-34/94,F-31,450,3:01:10,37.65%
813,Sheila Tiangson,"San Diego, CA",1344,2:55:20,13:23,F 40-44/55,F-42,451,3:02:56,39.32%
814,Monica McCorkle,"Lemon Grove, CA",585,2:55:22,13:23,F 55-59/19,F-59,452,3:00:30,47.85%
815,Michaela Cavanaugh,"Spring Valley, CA",507,2:55:24,13:23,F 40-44/56,F-43,453,3:00:24,39.60%
816,Leyla Munoz,"San Diego, CA",990,2:55:30,13:24,F 25-29/73,F-28,454,3:03:23,37.52%
817,Teri Todd,"Chico, CA",991,2:55:30,13:24,F 55-59/20,F-56,455,3:03:23,45.89%
818,Leah Todd,"San Diego, CA",989,2:55:31,13:24,F 25-29/74,F-25,456,3:03:23,37.51%
819,Daisy Esqueda,"Sylmar, CA",1007,2:55:50,13:25,F 25-29/75,F-26,457,2:59:02,37.44%
820,Julie Olson,"La Verne, CA",1396,2:56:07,13:27,F 50-54/49,F-51,458,3:03:51,42.87%
821,Erin Matsushita,"Torrance, CA",1640,2:56:11,13:27,F 30-34/95,F-31,459,3:04:08,37.41%
822,Kimberly Hernandez,"La Habra, CA",1243,2:56:13,13:27,F 35-39/58,F-36,460,3:04:09,37.85%
823,Marcela Madrigal,"Sylmar, CA",1247,2:56:14,13:27,F 25-29/76,F-29,461,3:04:08,37.36%
824,Glory Capati,"Chula Vista, CA",1322,2:56:53,13:30,F 45-49/52,F-45,462,2:59:54,39.95%
825,Kellie Gaughan,"Sparks, NV",1714,2:57:05,13:31,F 35-39/59,F-36,463,3:04:41,37.67%
826,Carol Baer,"Chula Vista, CA",776,2:57:12,13:31,F 55-59/21,F-59,464,3:05:08,47.35%
827,Damaris Marquez,"Bakersfield, CA",575,2:57:26,13:33,F 35-39/60,F-36,465,3:05:22,37.60%
828,Scott Mathews,"Newhall, CA",1612,2:57:26,13:33,M 55-59/21,M-55,363,3:03:10,39.42%
829,Lorena Mendoza,"Alhambra, CA",608,2:57:27,13:33,F 30-34/96,F-32,466,3:00:39,37.20%
830,Amy Millikin,"Bakersfield, CA",601,2:57:33,13:33,F 35-39/61,F-39,467,3:05:26,38.10%
831,Jazzmin Williams,"Stockton, CA",999,2:57:55,13:35,F 14-18/8,F-18,468,3:03:20,37.58%
832,Anitra Williams,"Stockton, CA",923,2:58:08,13:36,F 35-39/62,F-37,469,3:03:32,37.60%
833,Ilene Seaton,"Apple Valley, CA",676,2:58:15,13:36,F 50-54/50,F-50,470,3:04:07,41.84%
834,Starr Hughes,"Victorville, CA",1142,2:58:21,13:37,F 30-34/97,F-34,471,3:03:50,37.16%
835,Jennifer Wood,"La Habra, CA",765,2:58:25,13:37,F 30-34/98,F-32,472,3:06:03,37.00%
836,Arlene Silvers,"Newport Beach, CA",1569,2:58:54,13:39,F 50-54/51,F-52,473,2:59:08,42.75%
837,Ileah McMurray,"San Diego, CA",706,2:58:57,13:40,F 19-24/36,F-21,474,3:04:04,36.79%
838,Pegeen Brosnan,"Fremont, CA",535,2:59:10,13:40,F 60-64/9,F-61,475,3:06:58,48.17%
839,Melissa Rodriguez,"Oceanside, CA",720,2:59:11,13:41,F 35-39/63,F-35,476,3:04:52,37.10%
840,Jacqueline Hernandez,"Whittier, CA",1554,2:59:20,13:41,F 45-49/53,F-49,477,2:59:36,41.08%
841,Shawna Brauer,"Rolling Meadows, IL",917,2:59:42,13:43,F 45-49/54,F-46,478,3:05:16,39.69%
842,Marianne Simon,"Santa Clarita, CA",698,2:59:52,13:44,F 55-59/22,F-55,479,3:04:58,44.19%
843,Al Tom Thomas,"Valley Center, CA",1482,2:59:53,13:44,M 50-54/38,M-52,364,3:08:05,37.87%
844,Jen Ryan,"Van Nuys, CA",1009,2:59:59,13:44,F 40-44/57,F-42,480,3:05:13,38.30%
845,Maria Roberts,"Upland, CA",1519,3:00:09,13:45,F 50-54/52,F-51,481,3:06:17,41.91%
846,Journey Salgado,"Rancho Cucamonga, CA",1296,3:00:16,13:45,F 14-18/9,F-17,482,3:05:31,37.64%
847,Richard Pimentel,"Rancho Cucamonga, CA",1225,3:00:16,13:46,M 30-34/69,M-33,365,3:05:31,32.91%
848,Marisol Murillo,"Sun Valley, CA",1634,3:00:20,13:46,F 25-29/77,F-27,483,3:08:13,36.51%
849,Michael Willis,"San Marcos, CA",1107,3:01:04,13:49,M 19-24/11,M-23,366,3:09:19,32.71%
850,Evelyn Velasquez,"Lamont, CA",1012,3:01:06,13:49,F 55-59/23,F-57,484,3:06:55,45.08%
851,John Bodner,"Walnut Creek, CA",1391,3:01:07,13:49,M 45-49/37,M-47,367,3:06:10,36.05%
852,Jan Carr,"Crowley Lake, CA",1702,3:01:20,13:50,F 60-64/10,F-61,485,3:09:16,47.60%
853,Jeannine Zipfel,"Grayslake, IL",697,3:01:22,13:51,F 45-49/55,F-46,486,3:06:55,39.33%
854,Jon Heidel,"Red Bud, IL",695,3:01:22,13:51,M 50-54/39,M-50,368,3:06:56,36.92%
855,Barbara Lemar,"Camarillo, CA",1429,3:01:26,13:51,F 60-64/11,F-60,487,3:09:15,46.90%
856,Rachel Baum,"Murrieta, CA",888,3:01:45,13:52,F 25-29/78,F-28,488,3:07:52,36.23%
857,Eldon Baum,"Murrieta, CA",887,3:01:46,13:52,M 30-34/70,M-31,369,3:07:53,32.58%
858,Dennis Bandyk,"La Jolla, CA",1468,3:01:56,13:53,M 65-69/7,M-67,370,3:02:23,43.05%
859,Ana Danielson,"Mammoth Lakes, CA",1728,3:02:00,13:53,F 35-39/64,F-38,489,3:02:10,36.97%
860,Megan Allaire,"Rowland Heights, CA",687,3:02:14,13:55,F 19-24/37,F-24,490,3:10:18,36.13%
861,Angie Aceves,"Palm Desert, CA",1091,3:02:25,13:55,F 40-44/58,F-40,491,3:10:31,37.29%
862,Elane Martin,"Barstow, CA",1739,3:02:39,13:56,F 40-44/59,F-44,492,3:08:16,38.34%
863,Esmeralda Valarezo,"Houston, TX",1654,3:02:53,13:57,F 35-39/65,F-37,493,3:07:58,36.62%
864,Lupe Castro,"Riverside, CA",1497,3:02:55,13:58,F 40-44/60,F-42,494,3:10:27,37.69%
865,Chloe Crellin,"Las Vegas, NV",1587,3:03:00,13:58,F 19-24/38,F-22,495,3:08:32,35.98%
866,June Hutchison,"Yucaipa, CA",724,3:03:11,13:59,F 45-49/56,F-49,496,3:08:39,40.22%
867,Debbie Watry,"San Diego, CA",792,3:03:24,14:00,F 50-54/53,F-53,497,3:08:48,42.23%
868,Emily Anderson,"Chino Hills, CA",662,3:03:24,14:00,F 30-34/99,F-33,498,3:08:39,36.05%
869,Kate Finch,"Woodland Hills, CA",1202,3:03:32,14:00,F 55-59/24,F-56,499,3:11:10,43.88%
870,Oscar Ibanez,"Corona, CA",1505,3:03:34,14:01,M 35-39/54,M-36,371,3:11:23,32.66%
871,Julie Feliciano,"Vista, CA",867,3:03:36,14:01,F 40-44/61,F-44,500,3:08:44,38.14%
872,Shavon Conner,"Gallup, NM",781,3:03:40,14:01,F 30-34/100,F-32,501,3:09:05,35.94%
873,Kym Lee,"San Diego, CA",678,3:03:43,14:01,F 25-29/79,F-29,502,3:08:45,35.84%
874,Judy French,"Escondido, CA",1357,3:04:05,14:03,F 65-69/4,F-68,503,3:09:29,52.09%
875,Cory Merino,"Santa Maria, CA",1546,3:04:46,14:06,M 25-29/66,M-29,372,3:12:50,32.05%
876,Courtney Roming,"Playa Del Rey, CA",1592,3:04:55,14:07,F 30-34/101,F-31,504,3:08:22,35.64%
877,Jane Freeman,"Escondido, CA",609,3:05:09,14:08,F 50-54/54,F-54,505,3:11:22,42.37%
878,Marivic Eliseo,"San Diego, CA",904,3:05:37,14:10,F 40-44/62,F-43,506,3:13:10,37.42%
879,Arin Kritzmire,"Los Alamitos, CA",791,3:05:38,14:10,F 35-39/66,F-39,507,3:11:36,36.44%
880,Lisa Davies,"Garden Grove, CA",705,3:05:38,14:10,F 40-44/63,F-43,508,3:11:37,37.42%
881,Sonni Longson,"San Diego, CA",1293,3:06:01,14:12,F 45-49/57,F-47,509,3:06:27,38.73%
882,Paola Morris,"Riverside, CA",761,3:06:43,14:15,F 30-34/102,F-34,510,3:06:45,35.49%
883,Jessica Thomas,"Valley Center, CA",1486,3:06:45,14:15,F 19-24/39,F-22,511,3:14:58,35.26%
884,Josie Reeves,"San Diego, CA",1633,3:07:03,14:17,F 35-39/67,F-37,512,3:15:19,35.80%
885,Sandra Reyes,"Pacoima, CA",1463,3:07:14,14:17,F 25-29/80,F-26,513,3:10:26,35.16%
886,Pam Berto,"Arroyo Grande, CA",757,3:07:23,14:18,F 60-64/12,F-63,514,3:12:42,47.41%
887,Judith Stevens,"Paramount, CA",1735,3:07:23,14:18,F 70-74/4,F-73,515,3:13:01,55.59%
888,Beth Lowe,"North Tustin, CA",737,3:07:24,14:18,F 60-64/13,F-64,516,3:12:43,48.11%
889,Virginia Maestas,"San Jose, CA",1557,3:07:50,14:20,F 55-59/25,F-58,517,3:15:30,44.06%
890,Anthony Cook,"San Diego, CA",1819,3:07:52,14:20,M 30-34/71,M-30,373,3:16:03,31.52%
891,Ethan Groseclose,"Lake Elsinore, CA",1140,3:08:00,14:21,M 25-29/67,M-26,374,3:15:41,31.50%
892,Crisamar Anunciado,"Chula Vista, CA",996,3:08:04,14:21,F 40-44/64,F-42,518,3:15:46,36.66%
893,Chet Carney II,"San Diego, CA",549,3:08:10,14:22,M 55-59/22,M-58,375,3:16:01,38.19%
894,Michael Balazs,"Santee, CA",1725,3:08:18,14:22,M 25-29/68,M-29,376,3:10:52,31.45%
895,Mike Margot,"San Marcos, CA",1108,3:08:41,14:24,M 50-54/40,M-54,377,3:16:53,36.74%
896,Deede Both,"North Tustin, CA",670,3:08:54,14:25,F 60-64/14,F-60,519,3:16:48,45.05%
897,Corinne Hollingshead,"Santa Ana, CA",671,3:08:54,14:25,F 55-59/26,F-56,520,3:16:48,42.64%
898,Dyan Wright,"Tustin, CA",673,3:08:54,14:25,F 50-54/55,F-50,521,3:16:49,39.48%
899,Callie Ullman,"La Mesa, CA",818,3:09:10,14:26,F 55-59/27,F-58,522,3:14:31,43.75%
900,Madolyn Mohr,"El Cajon, CA",977,3:09:13,14:26,F 35-39/68,F-35,523,3:14:34,35.13%
901,Stephen Hamrick,"Long Beach, CA",993,3:09:19,14:27,M 25-29/69,M-28,378,3:17:22,31.28%
902,Cathy Lopez,"Eastvale, CA",528,3:09:23,14:27,F 50-54/56,F-52,524,3:15:09,40.38%
903,Kathryn Simmons,"Castaic, CA",509,3:09:48,14:29,F 35-39/69,F-36,525,3:13:16,35.15%
904,Robin Martinez,"Oceanside, CA",760,3:09:57,14:30,F 55-59/28,F-58,526,3:15:38,43.57%
905,Eulah Holland,"Altadena, CA",1374,3:10:00,14:30,F 65-69/5,F-67,527,3:15:23,49.68%
906,Evelyn Brown,"Woodland Hills, CA",953,3:10:01,14:30,F 60-64/15,F-64,528,3:15:23,47.45%
907,Eric Sorenson,"Anaheim, CA",112,3:10:36,14:33,M 50-54/41,M-54,379,3:18:33,36.37%
908,Lisa Greenlea,"San Fernando, CA",1605,3:10:49,14:34,F 30-34/103,F-31,529,3:14:15,34.54%
909,Theresa Dessert,"Mammoth Lake, CA",1730,3:10:56,14:34,F 40-44/65,F-43,530,3:18:29,36.38%
910,Aubrey Semrau,"Millerstown, PA",1754,3:11:08,14:35,M 35-39/55,M-36,380,3:19:27,31.37%
911,Jenna Hernandez,"Acton, CA",782,3:11:22,14:36,F 30-34/104,F-30,531,3:14:34,34.41%
912,Noemi Flores,"Chula Vista, CA",1304,3:11:41,14:38,F 40-44/66,F-40,532,3:16:50,35.49%
913,Stacey Herrera,"Ridgecrest, CA",1199,3:12:50,14:43,F 35-39/70,F-37,533,3:20:24,34.73%
914,Francisco Aldrete,"San Diego, CA",850,3:13:16,14:45,M 30-34/72,M-33,381,3:18:18,30.69%
915,Perla Ontiveros,"San Diego, CA",852,3:13:20,14:45,F 30-34/105,F-30,534,3:18:21,34.06%
916,Neil Johnson,"Tarzana, CA",1361,3:13:39,14:47,M 45-49/38,M-45,382,3:21:37,33.16%
917,Trina Labadie,"Escondido, CA",1206,3:13:40,14:47,F 40-44/67,F-42,535,3:21:38,35.60%
918,Lynn Johnson,"Tarzana, CA",821,3:13:40,14:47,F 45-49/58,F-49,536,3:21:38,38.04%
919,Tom Moore,"Reno, NV",1611,3:13:47,14:47,M 19-24/12,M-21,383,3:21:49,30.69%
920,Rosheen Erangey,"Redondo Beach, CA",1616,3:13:49,14:48,F 45-49/59,F-47,537,3:21:52,37.17%
921,Brian Cox,"Los Angeles, CA",602,3:13:57,14:48,M 45-49/39,M-45,384,3:19:27,33.11%
922,Julia Arriola,"Compton, CA",1127,3:13:57,14:48,F 30-34/106,F-33,538,3:21:40,34.09%
923,Alicia Panicucci,"Temecula, CA",979,3:14:08,14:49,F 35-39/71,F-38,539,3:21:46,34.66%
924,Christian Parades,"Los Angeles, CA",1614,3:14:15,14:49,M 25-29/70,M-27,385,3:17:05,30.49%
925,Susanna Lee,"Los Angeles, CA",1613,3:14:16,14:50,F 25-29/81,F-29,540,3:17:06,33.89%
926,Christine Baun,"Trabuco Canyon, CA",1174,3:14:23,14:50,F 35-39/72,F-35,541,3:22:11,34.20%
927,Cheryl Baun,"Trabuco Canyon, CA",1279,3:14:23,14:50,F 35-39/73,F-35,542,3:22:11,34.20%
928,Reina Betters,"San Marcos, CA",1252,3:14:28,14:51,F 35-39/74,F-36,543,3:19:30,34.30%
929,Rachel Biety,"Simi Valley, CA",621,3:14:49,14:52,F 30-34/107,F-32,544,3:22:51,33.88%
930,Tracy Sawlsville,"Simi Valley, CA",573,3:14:51,14:52,F 25-29/82,F-29,545,3:22:52,33.79%
931,Tami John,"Orange, CA",971,3:15:12,14:54,F 30-34/108,F-31,546,3:20:45,33.76%
932,Cindy Hsu-Green,"San Diego, CA",723,3:15:13,14:54,F 30-34/109,F-32,547,3:22:59,33.81%
933,Alick Lau,", ",1802,3:15:58,14:57,M 50-54/42,M-53,386,3:19:00,35.07%
934,Guerin Butterworth,"Torrance, CA",1669,3:16:02,14:58,F 55-59/29,F-58,548,3:23:38,42.22%
935,Tracy Mandryk,"Ventura, CA",1239,3:16:04,14:58,F 50-54/57,F-52,549,3:21:54,39.00%
936,Lori Lee,"Torrance, CA",1310,3:16:05,14:58,F 55-59/30,F-55,550,3:21:54,40.54%
937,Sandra Checel,"Culver City, CA",627,3:16:17,14:59,F 70-74/5,F-71,551,3:24:26,51.30%
938,Richard Checel,"Culver City, CA",626,3:16:18,14:59,M 70-74/3,M-72,387,3:24:27,42.10%
939,Laura Moore,"Reno, NV",1610,3:16:38,15:00,F 55-59/31,F-57,552,3:24:39,41.52%
940,Mark Keeney,"San Diego, CA",960,3:16:39,15:01,M 45-49/40,M-49,388,3:22:46,33.76%
941,Wayne Laviscount,"San Diego, CA",1150,3:17:06,15:03,M 40-44/46,M-44,389,3:24:49,32.32%
942,Donna Florendo,"Lake Elsinore, CA",1661,3:17:23,15:04,F 35-39/75,F-37,553,3:23:25,33.93%
943,Byron Spoon,"Rancho Palos Verdes, CA",712,3:17:25,15:04,M 65-69/8,M-69,390,3:25:21,40.48%
944,Roy Santos,"Corona, CA",1295,3:17:30,15:04,M 50-54/43,M-52,391,3:25:03,34.49%
945,Jennifer Hansen,"Mammoth Lakes, CA",745,3:17:32,15:05,F 30-34/110,F-32,554,3:22:33,33.41%
946,Julie Hale,"San Dimas, CA",515,3:17:42,15:05,F 55-59/32,F-58,555,3:25:22,41.86%
947,Sean Ryall,"San Diego, CA",1803,3:17:58,15:07,M 45-49/41,M-47,392,3:24:22,32.98%
948,Marcia Duoung,", ",1809,3:17:58,15:07,F 30-34/111,F-34,556,3:24:22,33.47%
949,Lauren Tabeek,"Las Vegas, NV",1564,3:18:18,15:08,F 30-34/112,F-34,557,3:26:33,33.42%
950,Jennifer Ott,"Las Vegas, NV",1567,3:18:19,15:08,F 35-39/76,F-38,558,3:26:35,33.93%
951,Simon  Jr Flores,"Lancaster, CA",1570,3:18:21,15:08,M 65-69/9,M-65,393,3:26:33,38.71%
952,Jessica Parks,"Covina, CA",762,3:18:41,15:10,F 40-44/68,F-40,559,3:23:41,34.24%
953,Belenie Amoranto,"La Habra, CA",868,3:18:48,15:10,F 45-49/60,F-48,560,3:26:27,36.63%
954,Jessica Dickinson,"La Verne, CA",1170,3:18:53,15:11,F 19-24/40,F-21,561,3:26:35,33.10%
955,Eloisa Finney,"Las Vegas, NV",1184,3:18:59,15:11,F 45-49/61,F-47,562,3:22:02,36.20%
956,Vera Lordan,", ",1812,3:19:15,15:12,F 30-34/113,F-34,563,3:22:02,33.26%
957,Yvette Groseclose,"Lake Elsinore, CA",1137,3:19:15,15:12,F 50-54/58,F-51,564,3:26:56,37.90%
958,Katrina Shearer,"Happy Valley, OR",870,3:19:40,15:14,F 40-44/69,F-40,565,3:27:21,34.07%
959,Holly Dodge,"Boring, OR",872,3:19:42,15:14,F 40-44/70,F-41,566,3:27:21,34.28%
960,Andrea Adams,"Escondido, CA",1328,3:20:04,15:16,F 50-54/59,F-50,567,3:28:04,37.27%
961,Jeffrey Garino,"Scottsdale, AZ",1159,3:20:08,15:16,M 30-34/73,M-30,394,3:25:41,29.59%
962,Norma Reyna-Diaz,"Moreno Valley, CA",1393,3:20:13,15:17,F 35-39/77,F-36,568,3:25:23,33.32%
963,L Jane Stewart,"Denver, CO",122,3:20:36,15:19,F 30-34/114,F-33,569,3:23:37,32.96%
964,Schuntay Samaniego,"San Diego, CA",970,3:21:26,15:22,F 40-44/71,F-44,570,3:29:00,34.76%
965,Michele Collins,"Riverside, CA",1404,3:22:11,15:26,F 45-49/62,F-48,571,3:30:21,36.02%
966,Marian Deleon,"Loma Linda, CA",1294,3:23:37,15:32,F 65-69/6,F-68,572,3:31:48,47.09%
967,Annie Wood,"Irvine, CA",1382,3:24:00,15:34,F 25-29/83,F-28,573,3:31:38,32.27%
968,Raylene Thomas,"Valley Center, CA",1481,3:24:15,15:35,F 50-54/60,F-52,574,3:32:29,37.44%
969,Mona Fierro,"Corona, CA",574,3:24:52,15:38,F 45-49/63,F-48,575,3:30:37,35.55%
970,Pamela Durazo,"Riverside, CA",1065,3:24:55,15:38,F 45-49/64,F-46,576,3:30:39,34.81%
971,Nerissa Vance,"Rancho Cucamonga, CA",1026,3:24:55,15:38,F 30-34/115,F-30,577,3:32:52,32.14%
972,Barbara Emmons,"Riverside, CA",674,3:24:57,15:39,F 60-64/16,F-60,578,3:30:42,41.52%
973,Marie Brown,"Los Angeles, CA",628,3:25:24,15:41,F 65-69/7,F-65,579,3:33:34,44.56%
974,Laura Landreth,"San Diego, CA",1257,3:25:38,15:42,F 35-39/78,F-38,580,3:31:47,32.72%
975,Kris Reed,"Chino Valley, AZ",1627,3:26:44,15:47,F 45-49/65,F-48,581,3:34:46,35.23%
976,Sarah Moore,"Carson City, NV",1430,3:27:03,15:48,F 55-59/33,F-56,582,3:34:47,38.90%
977,Michelle Dickinson,"La Verne, CA",1152,3:27:19,15:49,F 25-29/84,F-28,583,3:35:01,31.76%
978,Gregg Anderson,"Valley Center, CA",986,3:28:19,15:54,M 40-44/47,M-44,395,3:36:31,30.58%
979,Kevin Daugherty,"Valley Center, CA",985,3:28:20,15:54,M 45-49/42,M-45,396,3:36:31,30.83%
980,Michelle Merino,"Santa Maria, CA",589,3:28:24,15:54,F 30-34/116,F-30,584,3:36:31,31.60%
981,Steven Knight,"West Hollywood, CA",1251,3:28:25,15:54,M 35-39/56,M-36,397,3:36:30,28.77%
982,Alene Gardner,"Hawthorne, CA",690,3:28:42,15:56,F 65-69/8,F-67,585,3:34:53,45.23%
983,Lauren Tracy,"Hawthorne, CA",691,3:28:43,15:56,F 35-39/79,F-38,586,3:34:53,32.24%
984,Denise Hunt,"Acton, CA",1405,3:29:04,15:57,F 45-49/66,F-49,587,3:37:15,35.24%
985,Dave Deguia,"Mission Viejo, CA",666,3:29:27,15:59,M 45-49/43,M-47,398,3:34:57,31.17%
986,Agnes Bugarin,"Irvine, CA",614,3:29:28,15:59,F 45-49/67,F-46,588,3:34:56,34.05%
987,Eileen Ratuita,"Irvine, CA",581,3:30:03,16:02,F 35-39/80,F-38,589,3:35:33,32.03%
988,Susy Vargas,"Arleta, CA",1381,3:30:14,16:03,F 35-39/81,F-39,590,3:38:10,32.17%
989,Kristine Lim,"Palmdale, CA",650,3:30:39,16:05,F 45-49/68,F-48,591,3:38:23,34.57%
990,Wilmer Carrillo,"Palmdale, CA",1378,3:32:01,16:11,M 30-34/74,M-34,399,3:38:03,28.04%
991,Anna Marie Carrillo,"Palmdale, CA",1377,3:32:01,16:11,F 30-34/117,F-33,592,3:38:03,31.19%
992,Colleen Kita,"Los Angeles, CA",658,3:32:11,16:12,F 65-69/9,F-66,593,3:40:20,43.80%
993,Beth Ramirez,"Rancho Mirage, CA",967,3:32:51,16:15,F 55-59/34,F-55,594,3:37:54,37.35%
994,Teresa Duncanson,"Mammoth Lakes, CA",1286,3:32:53,16:15,F 60-64/17,F-62,595,3:40:53,41.13%
995,Gloria Bassler,"Mammoth Lakes, CA",1678,3:32:53,16:15,F 75-79/1,F-77,596,3:40:53,52.55%
996,Marina Sanosyan,"Glendale, CA",1352,3:33:17,16:17,F 50-54/61,F-52,597,3:41:07,35.85%
997,Kim Day,"Laguna Beach, CA",968,3:33:19,16:17,F 50-54/62,F-54,598,3:38:24,36.78%
998,Devin Williams Sr,"Stockton, CA",1001,3:33:56,16:20,M 40-44/48,M-40,400,3:39:21,28.84%
999,Devin Williams Jr,"Stockton, CA",1000,3:33:57,16:20,M 14-18/5,M-15,401,3:39:20,30.06%
1000,Roscoe Tinsley,"Anaheim, CA",1626,3:34:28,16:22,M 40-44/49,M-40,402,3:42:39,28.76%
1001,Tony Pighetti,"Santa Barbara, CA",1435,3:35:57,16:29,M 45-49/44,M-49,403,3:43:45,30.74%
1002,Andrea Pighetti,"Santa Barbara, CA",1434,3:36:01,16:29,F 45-49/69,F-49,599,3:43:46,34.10%
1003,Debbie Binggeli,"San Diego, CA",505,3:37:15,16:35,F 45-49/70,F-48,600,3:40:32,33.52%
1004,Raquel Locsin,"Bonita, CA",711,3:41:31,16:54,F 30-34/118,F-33,601,3:49:05,29.85%
1005,Loann Ho,"San Diego, CA",816,3:42:37,16:59,F 35-39/82,F-38,602,3:50:12,30.23%
1006,Julia Bradford,"Lemon Grove, CA",848,3:43:55,17:05,F 30-34/119,F-34,603,3:51:47,29.60%
1007,Morgan Hoodenpyle,"San Diego, CA",1745,3:45:49,17:14,F 25-29/85,F-29,604,3:53:52,29.16%
1008,Ginger Johnson-Reyes,"Corona, CA",1493,3:46:02,17:15,F 55-59/35,F-59,605,3:53:57,37.12%
1009,Cecilia Mendez,"Moreno Valley, CA",555,3:48:50,17:28,F 30-34/120,F-30,606,3:54:00,28.78%
1010,Maria Salas,"Duarte, CA",1329,3:48:58,17:28,F 30-34/121,F-31,607,3:54:52,28.78%
1011,Terry Hill,"Anaheim, CA",802,3:50:17,17:34,F 55-59/36,F-58,608,3:53:41,35.94%
1012,Debbie Byers,"Anaheim, CA",803,3:50:19,17:35,F 55-59/37,F-58,609,3:53:43,35.93%
1013,Matthew Olson,"Palmdale, CA",685,3:51:02,17:38,M 25-29/71,M-26,404,3:56:14,25.63%
1014,Brenda Rollins,"Anaheim, CA",801,3:51:54,17:42,F 40-44/72,F-43,610,3:55:18,29.95%
1015,Ashley Allen,"Norwalk, CA",1041,3:54:10,17:52,F 25-29/86,F-27,611,3:57:21,28.12%
1016,Randolph Walker,"Lee Vining, CA",692,3:54:17,17:53,M 55-59/23,M-58,405,4:02:34,30.67%
1017,Laura Walker,"Lee Vining, CA",506,3:54:18,17:53,F 55-59/38,F-55,612,4:02:36,33.93%
1018,Maria Arenas,"San Diego, CA",778,3:58:55,18:14,F 50-54/63,F-53,613,4:06:29,32.42%
