Place,Name,Location,Bib,Net Time,Pace,Division/Place,Sex-Age,Sex-Place,Gun Time,Age Grade
1,Malcolm Richards,"San Francisco, CA",5,1:09:31,5:19,M 30-34/1,M-32,1,1:09:31,84.03%
2,Jameson Mora,"Paso Robles, CA",1,1:10:38,5:24,M 30-34/2,M-31,2,1:10:38,82.68%
3,Tim Tollefson,"Mammoth Lakes, CA",7,1:11:42,5:29,M 30-34/3,M-30,3,1:11:42,81.45%
4,Seth Totten,"Santa Clarita, CA",11,1:11:58,5:30,M 19-24/1,M-23,4,1:11:58,81.14%
5,Mohammad Almatar,"Orange Cove, CA",1818,1:20:16,6:08,M 30-34/4,M-31,5,1:20:16,72.75%
6,Clayton Graham,"Calabasas, CA",1479,1:22:03,6:16,M 25-29/1,M-25,6,1:22:04,71.17%
7,David Fellows,"La Mesa, CA",1456,1:23:54,6:24,M 40-44/1,M-43,7,1:23:57,73.22%
8,Kenny Palmer,"Mammoth Lakes, CA",1042,1:24:19,6:26,M 25-29/2,M-29,8,1:24:25,69.26%
9,Jeff Matsumoto,"Scottsdale, AZ",1493,1:24:26,6:27,M 40-44/2,M-43,9,1:24:28,72.75%
10,Lindsay Tollefson,"Mammoth Lakes, CA",2,1:24:39,6:28,F 25-29/1,F-29,1,1:24:39,77.04%
11,Cam Goldstone,"Tahoe City, CA",1465,1:24:56,6:29,M 14-18/1,M-18,10,1:24:59,68.79%
12,Simon Rayner,"GB, ",1827,1:25:36,6:32,M 35-39/1,M-35,11,1:25:39,68.57%
13,Lee McKinley,"Granite Bay, CA",1804,1:27:01,6:39,M 50-54/1,M-53,12,1:27:05,76.90%
14,Rene Dorantes,"Pasadena, CA",1810,1:28:36,6:46,M 35-39/2,M-39,13,1:28:36,67.36%
15,Eric Little,"Clovis, CA",1711,1:29:04,6:48,M 55-59/1,M-55,14,1:29:08,76.49%
16,Patrick Vukadinovich,"Torrance, CA",1802,1:29:30,6:50,M 25-29/3,M-25,15,1:29:34,65.24%
17,Molly Friel,"Fresno, CA",12,1:29:40,6:51,F 45-49/1,F-47,2,1:29:40,79.94%
18,David Romero,"San Diego, CA",1693,1:29:55,6:52,M 35-39/3,M-38,16,1:29:56,66.02%
19,Jessica Francois,"Lee Vining, CA",1623,1:30:41,6:56,F 25-29/2,F-28,3,1:30:41,71.92%
20,Joel McCreary,"Phoenix, AZ",1450,1:31:24,6:59,M 35-39/4,M-37,17,1:31:41,64.65%
21,Mike Nordin,"Prior Lake, MN",598,1:31:35,7:00,M 30-34/5,M-32,18,1:31:53,63.78%
22,Suzy Matsumoto,"Scottsdale, AZ",1551,1:31:40,7:00,F 45-49/2,F-45,4,1:31:40,76.60%
23,Jordan Bean,"Huntington Beach, CA",1268,1:31:44,7:00,M 25-29/4,M-28,19,1:36:45,63.66%
24,John Bennett,"Mammoth Lakes, CA",827,1:32:05,7:02,M 35-39/5,M-39,20,1:32:06,64.81%
25,Jeannie Rutherford,"Newhall, CA",1704,1:32:08,7:02,F 35-39/1,F-37,5,1:32:08,72.06%
26,Sean April,"Irvine, CA",1405,1:33:06,7:07,M 25-29/5,M-29,21,1:33:12,62.72%
27,Marc Sosnowski,"San Marcos, CA",1797,1:33:36,7:09,M 45-49/1,M-47,22,1:33:38,67.85%
28,Gabriel Merton,"Del Mar, CA",1736,1:33:55,7:10,M 35-39/6,M-36,23,1:33:57,62.67%
29,Spencer Kelley,"Burbank, CA",1455,1:34:07,7:11,M 25-29/6,M-26,24,1:34:25,62.04%
30,Jennifer Breuer,"Boerne, TX",1140,1:34:12,7:12,F 40-44/1,F-42,6,1:34:13,72.62%
31,Rexi Parcells,"Plano, TX",1896,1:34:13,7:12,F 19-24/1,F-22,7,1:34:14,69.21%
32,Dan Napieralski,"Folsom, CA",1139,1:34:48,7:14,M 30-34/6,M-30,25,1:34:49,61.60%
33,Jason Orozco,"El Dorado Hills, CA",1452,1:35:22,7:17,M 40-44/3,M-44,26,1:35:24,64.94%
34,Cameron Dubois,"Moorpark, CA",1803,1:35:45,7:19,M 25-29/7,M-25,27,1:35:52,60.99%
35,Steven Lee,"Ventura, CA",897,1:35:51,7:19,M 45-49/2,M-49,28,1:35:58,67.39%
36,Steve Hill,"Benicia, CA",857,1:36:32,7:22,M 60-64/1,M-60,29,1:36:49,73.93%
37,Ryan Wallace,"Huntington Beach, CA",716,1:36:38,7:23,M 35-39/7,M-38,30,1:36:54,61.43%
38,Peter Huang,"Los Angeles, CA",1616,1:37:09,7:25,M 25-29/8,M-29,31,1:37:38,60.11%
39,Donald Colley III,"La Mesa, CA",925,1:37:54,7:29,M 30-34/7,M-30,32,1:38:01,59.65%
40,Elias Moskowitz,"Bishop, CA",1807,1:39:09,7:34,M 19-24/2,M-24,33,1:39:29,58.89%
41,Brian Valentini,"San Diego, CA",1897,1:39:25,7:35,M 30-34/8,M-31,34,1:39:46,58.74%
42,Jennifer Matthews,"Carlsbad, CA",1667,1:39:40,7:37,F 40-44/2,F-41,8,1:39:47,68.14%
43,Dan Staberg,"San Diego, CA",1423,1:40:28,7:40,M 45-49/3,M-47,35,1:40:31,63.22%
44,Fabian Hernandez,"Redondo Beach, CA",1656,1:40:46,7:42,M 35-39/8,M-35,36,1:40:50,58.25%
45,Luz Maria Diaz,"Redondo Beach, CA",1657,1:40:46,7:42,F 30-34/1,F-34,9,1:40:50,65.16%
46,Marco Magdalenogalvan,"Mammoth Lake, CA",1821,1:40:57,7:43,M 30-34/9,M-32,37,1:41:00,57.86%
47,Patrick Dunn,"Tehachapi, CA",1289,1:41:01,7:43,M 50-54/2,M-54,38,1:41:22,66.83%
48,Alex Chin,"Lancaster, CA",1663,1:41:05,7:43,M 25-29/9,M-28,39,1:41:19,57.77%
49,Joshua Bauer,"Hermosa Beach, CA",1686,1:41:06,7:43,M 25-29/10,M-29,40,1:42:10,57.76%
50,Sean Flock,"Chula Vista, CA",1782,1:41:34,7:45,M 45-49/4,M-45,41,1:41:35,61.50%
51,Larry Pitkin,"Hollywood, CA",1619,1:41:43,7:46,M 30-34/10,M-32,42,1:42:09,57.42%
52,John Baumbach,"Valencia, CA",1748,1:41:44,7:46,M 30-34/11,M-34,43,1:42:08,57.55%
53,John Norris,"Folsom, CA",1592,1:41:52,7:47,M 55-59/2,M-57,44,1:41:54,68.11%
54,Steve Donnelly,"Palmdale, CA",1699,1:42:02,7:47,M 45-49/5,M-46,45,1:42:03,61.72%
55,Calvin Forsythe,"Mammoth Lakes, CA",1471,1:42:14,7:48,M 14-18/2,M-17,46,1:42:36,57.61%
56,Edward Breuer,"Boerne, TX",1141,1:42:17,7:49,M 40-44/4,M-41,47,1:42:18,59.11%
57,Kei Takanami,"San Diego, CA",1101,1:42:34,7:50,M 14-18/3,M-17,48,1:42:43,57.42%
58,Jonathan Bourne,"Mammoth Lakes, CA",1682,1:42:50,7:51,M 55-59/3,M-58,49,1:42:52,68.10%
59,Marie French,"Mammoth Lakes, CA",1528,1:42:55,7:51,F 35-39/2,F-35,10,1:43:21,63.99%
60,Sarah Vigilante,"Mammoth Lake, CA",1800,1:42:56,7:52,F 30-34/2,F-31,11,1:42:59,63.42%
61,Laura Arthur,"Ventura, CA",896,1:42:58,7:52,F 35-39/3,F-38,12,1:43:06,64.79%
62,George Lackner,"San Diego, CA",694,1:43:22,7:54,M 40-44/5,M-40,50,1:43:31,58.09%
63,Michael Murphy,"Venice, CA",1720,1:43:33,7:54,M 45-49/6,M-46,51,1:43:38,60.82%
64,Eric Womer,"Redondo Beach, CA",1298,1:43:38,7:55,M 19-24/3,M-24,52,1:43:53,56.35%
65,Ryan Umberger,"Rosamond, CA",1626,1:43:40,7:55,M 19-24/4,M-24,53,1:51:46,56.33%
66,Olivia Mulligan,"GB, ",1817,1:44:06,7:57,F 19-24/2,F-20,13,1:44:41,63.12%
67,Diego Perez,"San Marcos, CA",1338,1:44:06,7:57,M 14-18/4,M-15,54,1:49:09,58.09%
68,Beth Simmons,"Huntington Beach, CA",1571,1:44:09,7:57,F 35-39/4,F-35,14,1:44:12,63.24%
69,Paul Kinsey,"Eureka, CA",883,1:44:16,7:58,M 60-64/2,M-60,55,1:44:34,68.44%
70,Alison Brown,"Marina Del Rey, CA",1632,1:44:30,7:59,F 30-34/3,F-30,15,1:44:59,62.42%
71,Chris Fernandez,"Laguna Niguel, CA",1739,1:44:37,7:59,M 35-39/9,M-38,56,1:52:10,56.74%
72,Jack Roten,"Mammoth Lakes, CA",1773,1:44:51,8:00,M 19-24/5,M-19,57,1:45:04,55.69%
73,Paul Belden,"Los Angeles, CA",888,1:45:03,8:01,M 30-34/12,M-34,58,1:45:16,55.73%
74,Matthew Biegner,"San Diego, CA",1492,1:45:05,8:01,M 25-29/11,M-27,59,1:45:43,55.57%
75,Lucas Underkoffler,"Crowley Lake, CA",872,1:45:06,8:01,M 19-24/6,M-19,60,1:45:18,55.56%
76,Kevin Zagorski,"Redondo Beach, CA",1786,1:45:16,8:02,M 25-29/12,M-25,61,1:45:31,55.47%
77,Dennis Lebman,"Saugus, CA",859,1:45:21,8:03,M 50-54/3,M-52,62,1:45:21,62.94%
78,Mary Leicht,"Wrightwood, CA",1585,1:45:22,8:03,F 45-49/3,F-45,16,1:45:45,66.60%
79,Catherine Miller,"Quartz Hill, CA",1639,1:45:47,8:05,F 45-49/4,F-48,17,1:45:51,68.47%
80,Adrian Valdivieso,"Santa Monica, CA",1754,1:45:58,8:05,M 35-39/10,M-38,63,1:46:22,56.02%
81,Paul Keltner,"Santa Monica, CA",1752,1:45:58,8:05,M 45-49/7,M-45,64,1:46:22,58.94%
82,Jack Carter,", ",1904,1:46:07,8:06,M 30-34/13,M-34,65,1:46:12,55.17%
83,Jeffrey Byberg,"Crowley Lake, CA",1400,1:46:22,8:07,M 50-54/4,M-54,66,1:46:35,63.47%
84,Patricia Favela,"Sparks, NV",562,1:46:24,8:07,F 40-44/3,F-41,18,1:46:28,63.83%
85,Steven Dyer,"San Diego, CA",1508,1:46:25,8:07,M 60-64/3,M-61,67,1:46:45,67.68%
86,John Bloomingdale,"Palos Verdes Estates, CA",1785,1:46:32,8:08,M 14-18/5,M-15,68,1:49:06,56.77%
87,R Scot Buell,"Coleville, CA",1539,1:46:53,8:10,M 55-59/4,M-57,69,1:47:37,64.91%
88,Paul Sarkaria,"Villa Park, CA",1829,1:46:58,8:10,M 19-24/7,M-24,70,1:47:21,54.58%
89,Garrett Schmidt,"Fair Oaks, CA",1156,1:47:05,8:11,M 14-18/6,M-18,71,1:47:08,54.56%
90,Vickie Knox,"Fallbrook, CA",848,1:47:10,8:11,F 45-49/5,F-47,19,1:47:13,66.84%
91,Christopher Miller,"Lancaster, CA",656,1:47:15,8:11,M 30-34/14,M-34,72,1:47:29,54.59%
92,Sara Hanna,"Santa Clarita, CA",625,1:47:24,8:12,F 30-34/4,F-33,20,1:47:50,60.98%
93,Doug Yale,"Santee, CA",735,1:47:34,8:13,M 45-49/8,M-45,73,1:47:40,58.07%
94,Kirsten Schmidt,"Pls Vrds Pns, CA",1849,1:47:38,8:13,F 30-34/5,F-32,21,1:47:44,60.74%
95,Frank Uchalik,"Santa Clarita, CA",1382,1:47:40,8:13,M 35-39/11,M-39,74,1:48:01,55.43%
96,Jared Danziger,"New York, NY",1806,1:47:41,8:13,M 40-44/6,M-40,75,1:47:48,55.76%
97,Alvaro Fernandez,"San Jose, CA",1305,1:47:46,8:14,M 30-34/15,M-34,76,1:50:33,54.32%
98,Samantha Wilson,"Mammoth Lakes, CA",1098,1:47:52,8:14,F 19-24/3,F-24,22,1:47:56,60.45%
99,Alex Whittemore,"Redondo Beach, CA",1299,1:47:56,8:14,M 19-24/8,M-24,77,1:48:11,54.10%
100,S Ren Holten,"Hammel, ",653,1:47:57,8:15,M 30-34/16,M-33,78,1:50:32,54.15%
101,Taylor Corlett,"San Diego, CA",781,1:48:08,8:15,M 30-34/17,M-32,79,1:48:54,54.02%
102,Megan Litka,"Highland, CA",1671,1:48:17,8:16,F 35-39/5,F-35,23,1:48:36,60.82%
103,Nicole Tinoco,"San Diego, CA",546,1:48:34,8:17,F 30-34/6,F-34,24,1:49:07,60.48%
104,Jon Nicanor,"Chino, CA",1256,1:48:45,8:18,M 35-39/12,M-35,80,1:49:34,53.97%
105,Trace Calvin,"Mammoth Lakes, CA",1638,1:49:01,8:19,M 14-18/7,M-16,81,1:49:19,54.68%
106,Kenneth Torok,"La Mesa, CA",566,1:49:02,8:19,M 30-34/18,M-33,82,1:49:09,53.62%
107,Zephyr Flowers,"San Diego, CA",1701,1:49:12,8:20,F 35-39/6,F-36,25,1:49:12,60.54%
108,Andy Geisel,"Mammoth Lakes, CA",1063,1:49:14,8:20,M 50-54/5,M-51,83,1:49:36,60.17%
109,Greg Mills,"Bellaire, MI",1396,1:49:20,8:21,M 50-54/6,M-54,84,1:55:04,61.75%
110,Oscar Carrillo,", ",1894,1:49:23,8:21,M 25-29/13,M-26,85,1:51:56,53.38%
111,Jennifer McMahon,"Bishop, CA",1165,1:49:23,8:21,F 25-29/3,F-29,26,1:52:15,59.62%
112,Pete Denove,"Naples, FL",1506,1:49:24,8:21,M 50-54/7,M-53,86,1:49:38,61.16%
113,Jennifer Burrows,"Redlands, CA",865,1:49:24,8:21,F 40-44/4,F-41,27,1:49:43,62.08%
114,Portia Krichman,"La Jolla, CA",1574,1:49:27,8:21,F 19-24/4,F-19,28,1:49:28,60.62%
115,Emily Underkoffler,"Crowley Lake, CA",871,1:49:38,8:22,F 50-54/1,F-54,29,1:49:49,71.04%
116,Robert Torre,"San Diego, CA",1228,1:49:39,8:22,M 50-54/8,M-51,87,1:49:45,59.94%
117,Steven Spurlock,"Alpine, CA",1335,1:49:50,8:23,M 45-49/9,M-48,88,1:50:09,58.31%
118,Dean Chavez,"Lone Pine, CA",1241,1:49:57,8:24,M 35-39/13,M-36,89,1:50:48,53.53%
119,Joseph Balogh,"Santa Monica, CA",1820,1:50:07,8:24,M 50-54/9,M-52,90,1:50:18,60.22%
120,Joseph May,"Oceanside, CA",1281,1:50:11,8:25,M 30-34/19,M-31,91,1:58:19,53.00%
121,Kevin Belsky,"Campo, CA",1697,1:50:17,8:25,M 40-44/7,M-43,92,1:53:01,55.70%
122,Jeff Danganan,"Chula Vista, CA",1188,1:50:21,8:26,M 35-39/14,M-39,93,1:50:58,54.08%
123,Matt Myers,"Carlsbad, CA",918,1:50:23,8:26,M 40-44/8,M-40,94,1:53:07,54.39%
124,Daniel Meyers,"Mammoth Lakes, CA",1121,1:50:35,8:27,M 55-59/5,M-58,95,1:50:56,63.33%
125,Anna Petrov,"Albuquerque, NM",1295,1:50:39,8:27,F 25-29/4,F-28,30,1:51:02,58.93%
126,Jeff Gust,"Beverly Hills, CA",1758,1:50:44,8:27,M 45-49/10,M-48,96,1:50:56,57.84%
127,Dan Sr Napieralski,"Citrus Heights, CA",812,1:50:58,8:28,M 55-59/6,M-55,97,1:50:59,61.39%
128,Nicole Baron,"Brooklyn, NY",1805,1:51:03,8:29,F 35-39/7,F-39,31,1:51:10,60.39%
129,Molly Krantz,"San Mateo, CA",752,1:51:07,8:29,F 30-34/7,F-33,32,1:51:34,58.94%
130,Rod Hammond,"Cool, CA",1377,1:51:19,8:30,M 55-59/7,M-55,98,1:51:21,61.20%
131,Ron Kerley Jr,"Thousand Oaks, CA",892,1:51:20,8:30,M 40-44/9,M-43,99,1:51:24,55.17%
132,Barry Steinwand,"Los Angeles, CA",1364,1:51:34,8:31,M 45-49/11,M-47,100,1:52:03,56.92%
133,Heather Mora,", ",1830,1:51:37,8:31,F 30-34/8,F-32,33,1:51:42,58.57%
134,Mel Solorio,"Mammoth Lakes, CA",877,1:51:38,8:31,M 50-54/10,M-50,101,1:51:48,58.37%
135,Claribel Solorio,"Mammoth Lakes, CA",878,1:51:38,8:31,F 19-24/5,F-22,34,1:51:48,58.41%
136,Wes Kuhlins,"Mammoth Lakes, CA",1128,1:51:43,8:32,M 55-59/8,M-58,102,1:51:49,62.68%
137,Joel Brooks,"Pacific Palisades, CA",933,1:51:49,8:32,M 30-34/20,M-33,103,1:52:11,52.28%
138,Lindsay Andras,"Los Angeles, CA",1595,1:51:50,8:32,F 35-39/8,F-35,35,1:54:26,58.89%
139,Jonathan Jankowski,"San Diego, CA",960,1:51:51,8:32,M 30-34/21,M-31,104,1:57:52,52.21%
140,Cecilia Morales,"Escondido, CA",1358,1:51:53,8:33,F 30-34/9,F-30,36,1:54:29,58.30%
141,Charles Ellison,"Poway, CA",808,1:52:08,8:34,M 55-59/9,M-59,105,1:52:28,63.03%
142,Daniel Luna Arellano,"San Diego, CA",1359,1:52:11,8:34,M 40-44/10,M-43,106,1:52:11,54.75%
143,Peter Amsdon,"Lancaster, CA",593,1:52:14,8:34,M 30-34/22,M-33,107,1:52:34,52.09%
144,Rob Reed,"Carlsbad, CA",1668,1:52:22,8:35,M 40-44/11,M-42,108,1:52:41,54.22%
145,Edward Birmingham,"Carlsbad, CA",1246,1:52:27,8:35,M 50-54/11,M-52,109,1:52:31,58.97%
146,Megan Herold,"Sacramento, CA",1678,1:52:27,8:35,F 25-29/5,F-27,37,1:52:41,57.99%
147,Mike McMahon,"Bishop, CA",1166,1:52:27,8:35,M 25-29/14,M-27,110,1:55:18,51.93%
148,Kelsey Bristol,"Columbia, SC",1293,1:52:30,8:35,F 25-29/6,F-28,38,1:52:54,57.96%
149,Debie Collins,"San Diego, CA",917,1:52:32,8:36,F 50-54/2,F-50,39,1:53:09,65.90%
150,George Denove,"Naples, FL",1507,1:52:44,8:36,M 14-18/8,M-18,111,1:52:59,51.83%
151,Valerie Seitz,"San Diego, CA",1113,1:52:44,8:36,F 35-39/9,F-35,40,1:55:27,58.42%
152,Gary Johnston,"San Diego, CA",954,1:52:57,8:37,M 25-29/15,M-28,112,1:55:52,51.70%
153,James Spiegel,"Orangevale, CA",1213,1:53:09,8:38,M 30-34/23,M-30,113,1:53:40,51.61%
154,Jesus Galvan,"El Monte, CA",1550,1:53:10,8:38,M 30-34/24,M-31,114,1:55:57,51.60%
155,Nolan Bobroff,"Bishop, CA",1662,1:53:18,8:39,M 30-34/25,M-31,115,1:55:54,51.54%
156,Evette Smith,"North Tustin, CA",681,1:53:26,8:40,F 45-49/6,F-48,41,1:53:37,63.85%
157,Ryan Ackland,"San Diego, CA",1047,1:53:30,8:40,M 25-29/16,M-28,116,1:54:01,51.45%
158,Corey Baker,"Woodsboro, MD",1337,1:53:31,8:40,M 25-29/17,M-27,117,2:01:35,51.44%
159,Anthony Croutch,"Santa Monica, CA",1753,1:53:32,8:40,M 30-34/26,M-34,118,1:53:55,51.56%
160,Steve Fox,"Shadow Hills, CA",944,1:53:36,8:40,M 35-39/15,M-39,119,1:58:56,52.53%
161,Terry Schultz,"Santa Clarita, CA",1214,1:53:44,8:41,M 45-49/12,M-48,120,1:54:04,56.31%
162,Arcelia Cammall,"San Diego, CA",1514,1:53:45,8:41,F 50-54/3,F-54,42,1:54:11,68.45%
163,Zhaoshi Zheng,"San Diego, CA",922,1:53:55,8:42,M 25-29/18,M-29,121,1:54:17,51.26%
164,David Burnell,"Long Beach, CA",1007,1:54:01,8:42,M 40-44/12,M-44,122,1:54:04,54.33%
165,Laura Didier,"Rocklin, CA",1294,1:54:07,8:43,F 40-44/5,F-44,43,1:54:12,60.93%
166,Garron Engstrom,"San Diego, CA",1384,1:54:10,8:43,M 25-29/19,M-26,123,1:59:32,51.15%
167,Marissa Melnick,"Los Angeles, CA",1746,1:54:31,8:45,F 30-34/10,F-34,44,1:57:26,57.34%
168,Serina Ulibarri,"Chula Vista, CA",1491,1:54:31,8:45,F 40-44/6,F-43,45,1:54:34,60.20%
169,James Cagley,"Lancaster, CA",1547,1:54:33,8:45,M 55-59/10,M-58,124,1:55:02,61.13%
170,Stephen Remillard,"Venice, CA",1250,1:54:37,8:45,M 30-34/27,M-30,125,1:54:44,50.95%
171,Jennifer Azevedo,"Santa Clarita, CA",1721,1:54:38,8:45,F 35-39/10,F-35,46,1:57:27,57.45%
172,Justin Gamero,"San Marcos, CA",1312,1:54:40,8:45,M 14-18/9,M-17,126,1:55:02,51.36%
173,Todd Wolter,"Encinitas, CA",1636,1:54:41,8:45,M 40-44/13,M-42,127,1:54:50,53.13%
174,Shelly Hallman,"Mammoth Lakes, CA",1309,1:55:01,8:47,F 35-39/11,F-35,47,1:55:04,57.26%
175,Michael Burrows,"Redlands, CA",1628,1:55:14,8:48,M 40-44/14,M-41,128,1:55:33,52.47%
176,Nicholas Friebert,"Orange, CA",1549,1:55:21,8:48,M 19-24/9,M-20,129,1:57:58,50.62%
177,Gary Fitzpatrick,"San Diego, CA",1517,1:55:23,8:49,M 50-54/12,M-50,130,1:55:57,56.47%
178,Ehren Goetz,"Mammoth Lakes, CA",1562,1:55:24,8:49,M 30-34/28,M-33,131,1:58:09,50.66%
179,Holly Friend,"North Tustin, CA",684,1:55:31,8:49,F 35-39/12,F-37,48,1:55:42,57.46%
180,Gautam Sharma,"Foster City, CA",1706,1:55:32,8:49,M 30-34/29,M-32,132,1:55:40,50.56%
181,Paula Anderson,"Ladera Ranch, CA",908,1:55:32,8:49,F 35-39/13,F-38,49,2:01:10,57.74%
182,Jim Wuthrich,"Glendale, CA",1633,1:55:42,8:50,M 50-54/13,M-50,133,1:56:17,56.32%
183,Kelsey Dobil,"Carlsbad, CA",1263,1:55:57,8:51,F 19-24/6,F-24,50,1:56:14,56.24%
184,Brad Scheffler,"Mammoth Lakes, CA",1099,1:55:57,8:51,M 30-34/30,M-30,134,1:56:24,50.36%
185,Rob Bethea,"Rutherford, CA",1661,1:56:00,8:51,M 25-29/20,M-29,135,1:56:02,50.34%
186,Melissa Staberg,"San Diego, CA",1424,1:56:00,8:51,F 35-39/14,F-36,51,1:56:03,56.99%
187,Melissa Merklinger,"San Marcos, CA",1798,1:56:03,8:52,F 45-49/7,F-46,52,1:56:11,61.07%
188,Antonette Ciccarelli,"Mammoth Lakes, CA",1411,1:56:03,8:52,F 40-44/7,F-44,53,1:58:37,59.91%
189,Ron Perez,"Highland, CA",597,1:56:13,8:52,M 45-49/13,M-48,136,1:56:46,55.11%
190,Trisha Garcia,"Torrance, CA",1303,1:56:16,8:53,F 30-34/11,F-33,54,2:03:52,56.33%
191,Richard Monney,"Thousand Oaks, CA",876,1:56:17,8:53,M 40-44/15,M-44,137,2:01:31,53.27%
192,Scott Smith,"Mammoth Lakes, CA",1469,1:56:20,8:53,M 45-49/14,M-48,138,1:56:33,55.05%
193,Cherie Dugal,"Carlsbad, CA",1248,1:56:21,8:53,F 30-34/12,F-32,55,1:59:00,56.19%
194,Sarawut Deajakoom,"San Diego, CA",1324,1:56:25,8:53,M 40-44/16,M-43,139,1:56:41,52.76%
195,Sydney Jones,"Mammoth Lakes, CA",1679,1:56:41,8:55,F 25-29/7,F-28,56,2:01:43,55.89%
196,Harrison Balogh,"Santa Monica, CA",1819,1:56:45,8:55,M 19-24/10,M-21,140,1:57:15,50.01%
197,Trudi Hughes,"Gold River, CA",1062,1:56:48,8:55,F 40-44/8,F-44,57,1:56:59,59.53%
198,Karen Gardner,"Acton, CA",659,1:56:57,8:56,F 45-49/8,F-48,58,1:57:02,61.93%
199,James Bender,"Playa Vista, CA",946,1:57:05,8:56,M 55-59/11,M-56,141,2:00:02,58.71%
200,Jerry Stokely,", ",1902,1:57:05,8:56,M 50-54/14,M-54,142,1:57:37,57.66%
