Place,Name,Location,Bib,Net Time,Pace,Division/Place,Sex-Age,Sex-Place,Gun Time,Age Grade
1,Chad Hall,"Big Bear Lake, CA",527,1:06:26,5:05,M 25-29/1,M-25,1,1:06:26,89.16%
2,Tim Tollefson,"Mammoth Lakes, CA",526,1:10:30,5:23,M 25-29/2,M-28,2,1:10:30,84.04%
3,Jonathan Byrne,"Newbury Park, CA",522,1:15:33,5:46,M 01-18/1,M-17,3,1:15:33,82.47%
4,Todd Rose,"San Francisco, CA",528,1:18:59,6:02,M 40-44/1,M-40,4,1:18:59,78.11%
5,Fred Zalokar,"Reno, NV",513,1:19:18,6:03,M 50-54/1,M-53,5,1:19:18,86.69%
6,David Olds,"Los Angeles, CA",514,1:19:31,6:04,M 50-54/2,M-51,6,1:19:32,84.95%
7,Andrew Grant,"Folsom, CA",523,1:20:30,6:09,M 40-44/2,M-41,7,1:20:33,77.26%
8,Alec Fillmore,"Riverside, CA",521,1:20:37,6:09,M 19-24/1,M-24,8,1:20:37,73.47%
9,Ruben Juanillo,"Westlake Village, CA",1801,1:21:43,6:14,M 19-24/2,M-20,9,1:21:47,73.34%
10,Lindsay Tollefson,"Mammoth Lakes, CA",524,1:22:18,6:17,F 25-29/1,F-27,1,1:22:18,80.01%
11,Teerth Patel,"Moorpark, CA",2051,1:22:42,6:19,M 01-18/2,M-18,10,1:22:46,74.28%
12,Jorge Rebolledo,"Moorpark, CA",2006,1:25:38,6:32,M 19-24/3,M-19,11,1:25:43,70.78%
13,Frank Kline,"Moorpark, CA",2022,1:30:16,6:54,M 01-18/3,M-18,12,1:30:21,68.05%
14,Jason McConnell,"Olympia, WA",1429,1:30:31,6:55,M 25-29/3,M-29,13,1:30:42,65.43%
15,Andrew Kastor,"Mammoth Lakes, CA",2043,1:31:47,7:01,M 35-39/1,M-35,14,1:31:50,65.02%
16,Rebecca Clayton,"Bridgeport, CA",2013,1:32:14,7:03,F 25-29/2,F-26,2,1:32:14,71.42%
17,Rick Wood,"Mammoth Lakes, CA",518,1:32:53,7:06,M 60-64/1,M-62,15,1:32:55,80.31%
18,Piotr Kaszkur,"Bishop, CA",507,1:33:28,7:08,M 30-34/1,M-32,16,1:33:29,63.39%
19,Shawn Ruda,"Calabasas, CA",2014,1:33:38,7:09,M 45-49/1,M-49,17,1:33:43,70.91%
20,Leopoldo Calderas,"Moorpark, CA",511,1:34:15,7:12,M 01-18/4,M-17,18,1:34:18,66.06%
21,David Daley,"Hermosa Beach, CA",2087,1:34:16,7:12,M 35-39/2,M-38,19,1:34:24,64.44%
22,Fabian Hernandez,"Redondo Beach, CA",516,1:34:28,7:13,M 30-34/2,M-33,20,1:34:33,62.80%
23,Kaleb Reyes,"Rancho Santa Margarita, CA",1406,1:34:29,7:13,M 01-18/5,M-17,21,1:34:33,65.90%
24,Mike Nordin,"Oceanside, CA",1471,1:34:37,7:13,M 30-34/3,M-30,22,1:37:21,62.60%
25,Justin Domico,"Upland, CA",1304,1:34:58,7:15,M 25-29/4,M-26,23,1:35:15,62.37%
26,Sam Patterson,"Fairplay, CA",1921,1:35:45,7:19,M 35-39/3,M-39,24,1:35:49,63.93%
27,Jack Darcy,"Santa Ana, CA",1411,1:36:05,7:20,M 01-18/6,M-18,25,1:36:10,63.93%
28,Erik Olofsson,"La Jolla, CA",1521,1:36:39,7:23,M 30-34/4,M-31,26,1:36:50,61.28%
29,John Munyan,"Apple Valley, CA",503,1:37:19,7:26,M 01-18/7,M-13,27,1:37:21,69.03%
30,John Heusner,"Eastvale, CA",501,1:37:39,7:27,M 35-39/4,M-38,28,1:37:43,62.21%
31,Colby Reyes,"Rancho Santa Margarita, CA",1404,1:38:04,7:29,M 19-24/4,M-19,29,1:38:09,61.81%
32,Patrick Montoya,"Pasadena, CA",1877,1:38:19,7:30,M 25-29/5,M-28,30,1:38:34,60.24%
33,Kenneth Torok,"San Diego, CA",1173,1:38:22,7:31,M 30-34/5,M-31,31,1:38:26,60.21%
34,Megan O'Dowd,"San Diego, CA",1534,1:38:23,7:31,F 35-39/1,F-35,3,1:38:23,67.64%
35,Erick Sugimura,"Mammoth Lakes, CA",2067,1:38:26,7:31,M 40-44/3,M-42,32,1:39:43,63.69%
36,Natalie Gattrell,"None, CA",1914,1:38:31,7:31,F 25-29/3,F-27,4,1:38:31,67.07%
37,Dana Eubanks,"Calabasas, CA",1160,1:38:35,7:32,M 55-59/1,M-55,33,1:38:37,70.95%
38,Michael Kelly,"Lynchburg, VA",1535,1:38:38,7:32,M 25-29/6,M-25,34,1:41:22,60.05%
39,Paul Belden,"Los Angeles, CA",1657,1:38:38,7:32,M 30-34/6,M-32,35,1:38:48,60.06%
40,Lyndsey Dixon,"Solana Beach, CA",1705,1:38:49,7:33,F 30-34/1,F-32,5,1:38:49,66.82%
41,Adam O'Toole,"La Canada, CA",1141,1:39:15,7:35,M 25-29/7,M-26,36,1:39:38,59.67%
42,Aaron Westlake,"Folsom, CA",2037,1:39:24,7:35,M 40-44/4,M-42,37,1:39:27,63.07%
43,John Bennett,"Mammoth Lakes, CA",1064,1:39:41,7:37,M 35-39/5,M-37,38,1:39:59,60.50%
44,Geoffrey Bogan,"San Diego, CA",525,1:40:34,7:41,M 19-24/5,M-20,39,1:40:48,59.59%
45,Gerry Gorospe,"Glendale, CA",1924,1:40:35,7:41,M 45-49/2,M-46,40,1:40:42,64.39%
46,Billy Yang,"Los Angeles, CA",2086,1:40:39,7:41,M 35-39/6,M-36,41,1:40:48,59.57%
47,Matt Wolfrom,"Yorba Linda, CA",1372,1:40:46,7:42,M 19-24/6,M-24,42,1:41:06,58.78%
48,Steve Hill,"Benicia, CA",1719,1:41:09,7:43,M 55-59/2,M-58,43,1:41:26,71.04%
49,Moriah Munyan,"Apple Valley, CA",505,1:41:26,7:45,F 01-18/1,F-16,6,1:41:29,68.10%
50,Marc Sosnowski,"San Diego, CA",1006,1:41:32,7:45,M 45-49/3,M-45,44,1:41:36,63.26%
51,Stephen Ingram,"Swall Meadows, CA",1590,1:41:37,7:46,M 50-54/3,M-52,45,1:41:53,67.04%
52,Daniel Valles,"San Francisco, CA",1209,1:41:59,7:47,M 30-34/7,M-33,46,1:42:13,58.17%
53,Dan Staberg,"San Diego, CA",1104,1:42:08,7:48,M 45-49/4,M-45,47,1:42:10,62.89%
54,Joachim Valente,"Los Angeles, CA",1905,1:42:10,7:48,M 19-24/7,M-23,48,1:44:43,57.97%
55,Markus Kiehne,"Berlin, ",1920,1:42:12,7:48,M 35-39/7,M-38,49,1:42:20,59.44%
56,Michael Karch,"Mammoth Lake, CA",2082,1:42:16,7:49,M 40-44/5,M-44,50,1:42:33,62.30%
57,Frederik Stig Nielsen,"Portland, OR",2073,1:42:25,7:49,M 25-29/8,M-27,51,1:45:19,57.83%
58,Kevin Pittman,"Oak Park, CA",1606,1:42:39,7:50,M 25-29/9,M-25,52,1:42:58,57.70%
59,Jennifer Munyan,"Apple Valley, CA",502,1:42:39,7:50,F 40-44/1,F-40,7,1:42:44,66.27%
60,Timothy Kochman,"Las Vegas, NV",1753,1:42:40,7:50,M 30-34/8,M-31,53,1:42:47,57.69%
61,Josh Tomasewski,"San Diego, CA",1389,1:42:48,7:51,M 35-39/8,M-37,54,1:43:01,58.67%
62,Jonathan Bourne,"None, CA",1931,1:43:19,7:53,M 55-59/3,M-56,55,1:43:35,68.31%
63,Susanne Spano,"Fresno, CA",1964,1:43:24,7:54,F 30-34/2,F-33,8,1:43:42,63.95%
64,Erik Ruble,"Lancaster, CA",1584,1:43:37,7:55,M 45-49/5,M-48,56,1:43:41,63.55%
65,Hannah Munyan,"Apple Valley, CA",504,1:44:06,7:57,F 01-18/2,F-18,9,1:44:10,64.23%
66,Ryan Carr,"Bakersfield, CA",1646,1:44:14,7:58,M 30-34/9,M-30,57,1:44:32,56.82%
67,Rachelle Pizarro,"San Diego, CA",1539,1:44:30,7:59,F 30-34/3,F-31,10,1:44:47,63.07%
68,Jason Senior,"Mammoth Lakes, CA",2027,1:44:33,7:59,M 35-39/9,M-37,58,1:52:12,57.68%
69,Harry Glieder,"Newport Beach, CA",1353,1:44:42,8:00,M 40-44/6,M-43,59,1:44:51,60.35%
70,Paul Kinsey,"Eureka, CA",1100,1:44:52,8:00,M 55-59/4,M-58,60,1:45:13,68.53%
71,Robert Watkins,"San Diego, CA",1424,1:44:59,8:01,M 45-49/6,M-46,61,1:45:13,61.69%
72,Matthew Dejong,"Mammoth Lakes, CA",2044,1:45:03,8:01,M 35-39/10,M-35,62,1:45:22,56.81%
73,Jon Dixon,"Solana Beach, CA",1706,1:45:15,8:02,M 30-34/10,M-32,63,1:45:15,56.29%
74,John Nell,"Midlothian, VA",1458,1:45:43,8:04,M 45-49/7,M-47,64,1:45:57,61.76%
75,John Yarber,"Tyrone, GA",1031,1:45:52,8:05,M 35-39/11,M-39,65,1:46:05,57.82%
76,Ryan Larew,"Cardiff, CA",1650,1:46:04,8:06,M 30-34/11,M-30,66,1:46:16,55.84%
77,Kevin Mullen,"Huntington Beach, CA",1762,1:46:14,8:07,M 45-49/8,M-47,67,1:46:26,61.46%
78,Amber Flynn,"Mammoth Lakes, CA",1216,1:46:15,8:07,F 25-29/4,F-29,11,1:49:07,61.97%
79,Maeve Goetz,"San Antonio, TX",1388,1:46:21,8:07,F 30-34/4,F-31,12,1:46:25,61.97%
80,Rafael Sands,"Oakland, CA",1038,1:46:23,8:07,M 01-18/8,M-17,68,1:46:33,58.52%
81,Mark Eger,"Roseville, CA",2081,1:46:34,8:08,M 40-44/7,M-42,69,1:49:13,58.83%
82,William Hewson,"Thousand Oaks, CA",1872,1:46:42,8:09,M 35-39/12,M-35,70,1:49:11,55.93%
83,Richard Buell,"Coleville, CA",2089,1:46:54,8:10,M 55-59/5,M-55,71,1:49:25,65.43%
84,David Roach,"Irvine, CA",1212,1:46:59,8:10,M 35-39/13,M-38,72,1:47:18,56.78%
85,Jordan Hannibal,"El Cajon, CA",1853,1:47:02,8:10,M 30-34/12,M-30,73,1:47:06,55.33%
86,Tim Milio,"Pasadena, CA",2058,1:47:09,8:11,M 30-34/13,M-31,74,1:47:26,55.27%
87,Erica Hawkes,"Irvine, CA",1898,1:47:11,8:11,F 40-44/2,F-44,13,1:49:42,65.33%
88,Jesi Vasquez,"Santa Clara, CA",1972,1:47:14,8:11,M 30-34/14,M-33,75,1:47:38,55.32%
89,Iman Capers,"San Diego, CA",2011,1:47:16,8:11,M 30-34/15,M-31,76,1:47:32,55.21%
90,Tyson Kaylor,"Mammoth Lakes, CA",1427,1:47:18,8:12,M 25-29/10,M-27,77,1:52:37,55.20%
91,Andrej Kollar,"Miami, FL",2094,1:47:21,8:12,M 40-44/8,M-44,78,1:49:57,59.35%
92,Kolin Perry,"Mammoth Lakes, CA",2066,1:47:23,8:12,M 19-24/8,M-19,79,1:52:46,56.44%
93,Vincent Guerrero,"El Cajon, CA",1629,1:47:27,8:12,M 50-54/4,M-50,80,1:47:34,62.32%
94,Russ Munyan,"Apple Valley, CA",1070,1:47:34,8:13,M 40-44/9,M-41,81,1:47:38,57.82%
95,Terry Schultz,"Santa Clarita, CA",1730,1:47:34,8:13,M 45-49/9,M-46,82,1:48:14,60.20%
96,Robert Jauregui,"Mission Viejo, CA",1797,1:48:04,8:15,M 50-54/5,M-51,83,1:48:10,62.50%
97,Jeffrey Frome,"Ladera Ranch, CA",1982,1:48:12,8:16,M 60-64/2,M-61,84,1:48:22,68.29%
98,Sara Hanna,"Saugus, CA",1855,1:48:13,8:16,F 30-34/5,F-31,14,1:48:17,60.91%
99,Nathan Morgan,"Avery, CA",1718,1:48:15,8:16,M 40-44/10,M-40,85,1:48:32,56.99%
100,Michael Brooks,"Temecula, CA",1298,1:48:32,8:17,M 40-44/11,M-44,86,1:56:19,58.70%
101,Vincent Lombardi,"Burbank, CA",1912,1:48:36,8:18,M 30-34/16,M-31,87,1:58:36,54.54%
102,Ron Kerley Jr,"Thousand Oaks, CA",1069,1:48:37,8:18,M 40-44/12,M-41,88,1:48:48,57.26%
103,Krysti Ruble,"Lancaster, CA",1583,1:48:37,8:18,F 40-44/3,F-43,15,1:48:41,63.95%
104,Darby Aldaco,"Los Angeles, CA",1984,1:48:40,8:18,M 40-44/13,M-41,89,1:51:14,57.23%
105,Deb Zalokar,"Reno, NV",1713,1:48:49,8:19,F 45-49/1,F-46,16,1:48:50,65.55%
106,Mel Solorio,"Mammoth Lakes, CA",2063,1:48:53,8:19,M 45-49/10,M-48,90,1:53:56,60.47%
107,Claribel Solorio,"Mammoth Lakes, CA",2064,1:48:54,8:19,F 19-24/1,F-20,17,1:53:56,60.49%
108,Samuel Schmidt,"San Diego, CA",1321,1:49:04,8:20,M 35-39/14,M-38,91,1:49:26,55.69%
109,Samantha Delnegro,"Mammoth Lakes, CA",1414,1:49:19,8:21,F 25-29/5,F-27,18,1:54:32,60.23%
110,Robert Huff,"San Diego, CA",1638,1:49:28,8:21,M 45-49/11,M-47,92,1:49:31,59.65%
111,Marie Lanka,"San Jose, CA",1201,1:49:33,8:22,F 35-39/2,F-35,19,1:49:35,60.68%
112,David Dent,"San Diego, CA",1542,1:49:37,8:22,M 30-34/17,M-33,93,1:49:47,54.12%
113,Curtis McConnell,"Bellingham, WA",1645,1:49:45,8:23,M 19-24/9,M-22,94,1:54:46,53.99%
114,Kathryn Allen,"Tustin, CA",1103,1:49:54,8:23,F 25-29/6,F-25,20,1:52:29,59.91%
115,Scott Martin,"Barstow, CA",2052,1:50:00,8:24,M 50-54/6,M-52,95,1:50:08,61.93%
116,Gary Worrall,"Brea, CA",2080,1:50:15,8:25,M 45-49/12,M-47,96,1:52:53,59.22%
117,Nicholas Carver,"Bakersfield, CA",2079,1:50:37,8:27,M 25-29/11,M-29,97,1:55:57,53.54%
118,Jennie Steele,"Hawthorne, CA",1263,1:50:41,8:27,F 40-44/4,F-40,21,1:50:48,61.46%
119,Eddie Devora,"Lakewood, CA",1527,1:50:41,8:27,M 35-39/15,M-39,98,1:50:58,55.30%
120,Julie Linger,"Covina, CA",1110,1:50:46,8:27,F 35-39/3,F-38,22,1:51:04,60.75%
121,Joshua Goldsmith,"San Diego, CA",2005,1:50:48,8:28,M 30-34/18,M-31,99,1:51:04,53.45%
122,Bryce Frost,"Joliet, IL",2097,1:50:50,8:28,M 25-29/12,M-26,100,1:58:31,53.44%
123,Molly Krantz,"Mammoth Lakes, CA",2091,1:50:54,8:28,F 30-34/6,F-31,23,1:53:33,59.43%
124,Luis Contreras,"Dana Point, CA",1997,1:50:59,8:28,M 50-54/7,M-51,101,1:51:05,60.86%
125,Emily Underkoffler,"Crowley Lake, CA",1080,1:51:01,8:29,F 50-54/1,F-52,24,1:53:29,68.89%
126,Stephen Smyth,"Los Angeles, CA",1556,1:51:13,8:29,M 30-34/19,M-32,102,1:53:44,53.27%
127,Robert Lachausse,"Highland, CA",1598,1:51:18,8:30,M 40-44/14,M-42,103,1:51:34,56.33%
128,Rebecca Sheehy,"Mammoth Lakes, CA",1350,1:51:21,8:30,F 35-39/4,F-36,25,1:51:23,59.91%
129,Taylor Kinahan,"San Francisco, CA",1919,1:51:29,8:31,M 19-24/10,M-24,104,1:59:23,53.13%
130,Cory Popke,"Lakeside, CA",1504,1:51:45,8:32,M 19-24/11,M-23,105,1:51:57,53.00%
131,Jeremiah Aiken,"San Diego, CA",1034,1:51:47,8:32,M 35-39/16,M-36,106,1:52:07,53.64%
132,Doug Vargo,"Carlsbad, CA",1867,1:51:57,8:33,M 35-39/17,M-39,107,1:52:04,54.68%
133,Steven Linger,"Covina, CA",1111,1:52:01,8:33,M 40-44/15,M-41,108,1:52:17,55.52%
134,Jeanette Pearson,"Rancho Santa Fe, CA",1466,1:52:17,8:34,F 25-29/7,F-29,26,1:52:18,58.64%
135,Jason St Pierre,"Haverhill, MA",1990,1:52:29,8:35,M 30-34/20,M-32,109,1:57:47,52.67%
136,Sean Christensen,"Oceanside, CA",1568,1:52:37,8:36,M 35-39/18,M-36,110,1:52:59,53.24%
137,Charles Proctor,"Sherman Oaks, CA",1799,1:52:41,8:36,M 25-29/13,M-28,111,1:52:56,52.56%
138,Anthony Lombardi,"Port Orchard, WA",2009,1:52:49,8:37,M 19-24/12,M-19,112,2:02:49,53.72%
139,Arthur Onno,"Sab Francisco, CA",1948,1:52:53,8:37,M 25-29/14,M-25,113,1:55:27,52.47%
140,Anna Strathman,"Lee Vining, CA",2111,1:52:58,8:37,F 50-54/2,F-51,27,1:53:19,66.84%
141,Angela Teller,"Mammoth Lakes, CA",1958,1:52:58,8:37,F 25-29/8,F-28,28,1:58:08,58.29%
142,Jack Carter,"June Lake, CA",2106,1:53:26,8:40,M 19-24/13,M-22,114,1:53:42,52.24%
143,Alecia Kampff,"Corona, CA",1027,1:53:30,8:40,F 45-49/2,F-45,29,1:53:40,62.26%
144,Charles Davis,"San Diego, CA",1288,1:53:39,8:41,M 55-59/6,M-57,115,1:53:53,62.66%
145,Caitlin Decker,"Los Angeles, CA",1846,1:53:46,8:41,F 25-29/9,F-25,30,1:54:06,57.88%
146,Julien Van Hout,"San Francisco, CA",1845,1:53:46,8:41,M 25-29/15,M-25,116,1:54:06,52.06%
147,Ron Perez,"Highland, CA",1607,1:53:57,8:42,M 45-49/13,M-46,117,2:04:28,56.83%
148,Dale Zapata,"Los Angeles, CA",1880,1:53:59,8:42,M 25-29/16,M-26,118,1:54:17,51.96%
149,Susanna Lidström,"Stockholm, SWE",1536,1:54:05,8:43,F 30-34/7,F-32,31,1:56:47,57.86%
150,Joseph Lee Ortiz,"San Diego, CA",1106,1:54:31,8:45,M 30-34/21,M-31,119,1:57:03,51.72%
151,Melissa Staberg,"San Diego, CA",1105,1:54:39,8:45,F 30-34/8,F-34,32,1:54:48,57.81%
152,Karen Gardner,"Acton, CA",2095,1:54:44,8:46,F 45-49/3,F-46,33,1:54:52,62.17%
153,Jeremiah Stokely,"La Mesa, CA",1026,1:54:53,8:46,M 50-54/8,M-52,120,2:00:17,59.30%
154,Roger Light,"Highland, CA",1812,1:55:01,8:47,M 45-49/14,M-48,121,1:55:17,57.25%
155,Donald Ostertag,"San Diego, CA",1742,1:55:10,8:48,M 30-34/22,M-32,122,1:55:18,51.44%
156,John Dolkart,"San Diego, CA",2065,1:55:16,8:48,M 30-34/23,M-33,123,2:00:16,51.47%
157,Chelsea Scott,"Oceanside, CA",1490,1:55:20,8:48,F 19-24/2,F-24,34,1:58:05,57.09%
158,Barry Berendt,"San Diego, CA",1217,1:55:29,8:49,M 50-54/9,M-51,124,1:55:44,58.49%
159,Teddy Monney,"Northride, CA",2016,1:55:35,8:49,M 35-39/19,M-36,125,1:58:24,51.87%
160,Amanda O'Toole,"La Canada, CA",1193,1:55:39,8:50,F 19-24/3,F-22,35,1:56:01,56.93%
161,Rachael Tarshes,"San Diego, CA",1324,1:55:40,8:50,F 30-34/9,F-32,36,1:58:11,57.07%
162,David Fox,"Murrieta, CA",1313,1:55:42,8:50,M 50-54/10,M-51,126,2:03:38,58.38%
163,Michael Morrison,"Bishop, CA",1658,1:55:46,8:50,M 60-64/3,M-60,127,1:58:21,63.24%
164,Richard Monney,"Thousand Oaks, CA",2019,1:55:55,8:51,M 40-44/16,M-42,128,1:58:44,54.08%
165,Julie Hardin,"Los Angeles, CA",1084,1:56:17,8:53,F 50-54/3,F-50,37,1:56:35,64.13%
166,Matthew Speredelozzi,"San Diego, CA",1735,1:56:21,8:53,M 30-34/24,M-31,129,2:01:21,50.90%
167,Chris Bush,"Laguna Niguel, CA",1384,1:56:27,8:53,M 45-49/15,M-45,130,1:59:18,55.15%
168,Kevin Green,"Mammoth Lakes, CA",2096,1:56:47,8:55,M 45-49/16,M-46,131,1:59:32,55.45%
169,Brock Zimmon,"Laguna Niguel, CA",1545,1:56:48,8:55,M 30-34/25,M-34,132,1:59:26,50.91%
170,Caitlin Cassidy,"Los Angeles, CA",1555,1:56:56,8:56,F 30-34/10,F-31,38,1:57:10,56.36%
171,Nicole Schwartz,"Corona, CA",1051,1:57:02,8:56,F 25-29/10,F-25,39,1:57:23,56.26%
172,Caroline Mini,"Los Angeles, CA",2033,1:57:14,8:57,F 25-29/11,F-27,40,1:57:34,56.16%
173,Gina Jansen,"Costa Mesa, CA",2118,1:57:18,8:57,F 40-44/5,F-42,41,2:02:19,58.78%
174,Laura Liu,"Irvine, CA",2121,1:57:23,8:58,F 40-44/6,F-40,42,2:00:01,57.95%
175,Gary Blasco,"Los Angeles, CA",1694,1:57:24,8:58,M 25-29/17,M-28,133,1:57:47,50.45%
176,Kathleen Hirrel,"Los Angeles, CA",2107,1:57:27,8:58,F 30-34/11,F-30,43,2:05:25,56.07%
177,Jodi Mojarro,"Bishop, CA",1592,1:57:39,8:59,F 35-39/5,F-37,44,2:02:59,56.93%
178,Oscar Banda,"Dana Point, CA",1996,1:57:48,9:00,M 45-49/17,M-47,134,1:57:54,55.43%
179,Melissa Carpenter,"Bishop, CA",1593,1:57:56,9:00,F 35-39/6,F-36,45,2:03:17,56.57%
180,David Lindsay,"Carlsbad, CA",1622,1:58:09,9:01,M 35-39/20,M-38,135,2:00:49,51.41%
181,Kyle Osland,"Crowley Lake, CA",2048,1:58:15,9:02,M 40-44/17,M-43,136,2:03:19,53.44%
182,James Gaba,"San Diego, CA",1035,1:58:21,9:02,M 35-39/21,M-35,137,1:58:40,50.42%
183,Alicia Dingsdale,"Pasadena, CA",1195,1:58:23,9:02,F 40-44/7,F-44,46,2:00:55,59.15%
184,Gordon Phillips,"Portland, OR",2110,1:58:29,9:03,M 25-29/18,M-26,138,2:03:49,49.99%
185,Nici Dunn,"Temecula, CA",1329,1:58:30,9:03,F 45-49/4,F-49,47,2:01:15,62.17%
186,Arash Kia,"Portland, OR",2120,1:58:31,9:03,M 45-49/18,M-48,139,2:03:49,55.56%
187,Chad Lord,"Hemet, CA",1944,1:58:41,9:04,M 25-29/19,M-29,140,2:01:17,49.90%
188,Betsy Mas,"Portland, OR",2074,1:58:47,9:04,F 25-29/12,F-28,48,2:01:39,55.43%
189,Meganne Kanatani,"Glendale, CA",1383,1:58:49,9:04,F 50-54/4,F-50,49,1:59:07,62.77%
190,Catalina Oaida,"Santa Monica, CA",1826,1:58:52,9:04,F 25-29/13,F-28,50,2:01:26,55.39%
191,Martee Miyakawa,"Mammoth, CA",1805,1:58:52,9:04,F 45-49/5,F-49,51,2:01:34,61.98%
192,Shelly Hallman,"Mammoth Lakes, CA",2046,1:58:58,9:05,F 30-34/12,F-33,52,2:01:30,55.58%
193,Kara Sopp,"Mammoth Lakes, CA",2018,1:59:03,9:05,F 19-24/4,F-23,53,2:04:16,55.31%
194,Diana Medrano,"Los Angeles, CA",2108,1:59:16,9:06,F 35-39/7,F-36,54,2:07:15,55.93%
195,Laura Lafranchise,"La Jolla, CA",1722,1:59:16,9:06,F 25-29/14,F-29,55,1:59:25,55.21%
196,Kristen Alexander,"Davis, CA",1922,1:59:17,9:06,F 35-39/8,F-39,56,1:59:24,56.71%
197,Kris Schmidt,"Redondo Beach, CA",1358,1:59:22,9:07,M 30-34/26,M-31,141,2:04:28,49.62%
198,Lynn Jacob,"Malibu, CA",1885,1:59:26,9:07,F 50-54/5,F-54,57,2:01:59,65.69%
199,Bob Silverman,"Mammoth Lakes, CA",1893,1:59:31,9:07,M 65-69/1,M-65,142,2:04:35,64.25%
200,Elsie Lopez,"Los Angeles, CA",1900,1:59:44,9:08,F 25-29/15,F-25,58,2:02:27,54.99%
201,Joseph Lee,"San Diego, CA",1330,1:59:45,9:09,M 25-29/20,M-26,143,1:59:57,49.46%
202,Yolanda Hundley,"Walnut Creek, CA",2104,1:59:46,9:09,F 25-29/16,F-29,59,1:59:53,54.98%
203,Jayson Rohletter,"San Fernando, CA",520,1:59:51,9:09,M 19-24/14,M-23,144,1:59:56,49.42%
204,Kimiko Miller,"Santa Cruz County, CA",1496,1:59:57,9:09,F 45-49/6,F-46,60,2:04:57,59.46%
205,Elle Kaylor,"Mammoth Lakes, CA",2124,1:59:58,9:10,F 19-24/5,F-23,61,2:05:20,54.88%
206,Courtney Jarvis,"Upland, CA",1371,2:00:04,9:10,F 25-29/17,F-29,62,2:02:49,54.84%
207,Melissa Bell,"San Diego, CA",1457,2:00:05,9:10,F 30-34/13,F-32,63,2:02:44,54.97%
208,Katherine Tucker,"Atlanta, GA",1433,2:00:10,9:10,F 30-34/14,F-31,64,2:00:23,54.85%
209,Kevin Steffy,"San Diego, CA",1714,2:00:15,9:11,M 30-34/27,M-33,145,2:02:57,49.33%
210,Alicia Somers,"San Diego, CA",1726,2:00:15,9:11,F 30-34/15,F-31,65,2:02:57,54.81%
211,Annette Schultz,"San Diego, CA",1804,2:00:50,9:13,F 35-39/9,F-39,66,2:00:51,55.98%
212,Chris Robinette,"Mammoth Lakes, CA",1336,2:00:50,9:14,F 35-39/10,F-36,67,2:05:51,55.21%
213,Judith Sutherland,"San Diego, CA",1703,2:00:52,9:14,F 50-54/6,F-50,68,2:03:26,61.70%
214,Laura Paris,"Escondido, CA",1474,2:00:53,9:14,F 35-39/11,F-37,69,2:03:29,55.41%
215,Anthony Trinidad,"Corona, CA",1700,2:00:57,9:14,M 19-24/15,M-24,146,2:08:36,48.97%
216,Lisette Bovaird,"La, CA",1260,2:00:58,9:14,F 45-49/7,F-47,70,2:01:12,59.56%
217,Maria Horenstein,"San Diego, CA",2012,2:01:00,9:14,F 40-44/8,F-43,71,2:03:41,57.40%
218,Kelly Doyle,"San Diego, CA",1121,2:01:03,9:14,F 45-49/8,F-45,72,2:01:04,58.37%
219,Pamela Bercovici,"Saugus, CA",1413,2:01:19,9:16,F 50-54/7,F-51,73,2:01:22,62.24%
220,Tara Schmidt,"Mammoth Lakes, CA",1595,2:01:27,9:16,F 19-24/6,F-24,74,2:09:11,54.21%
221,Jennifer Ellenbeck,"Poway, CA",1325,2:01:44,9:18,F 19-24/7,F-24,75,2:09:29,54.09%
222,Kimberly Sico,"Corona, CA",1772,2:01:54,9:18,F 35-39/12,F-39,76,2:04:28,55.49%
223,Jack Roten,"Mammoth Lake, CA",2076,2:02:13,9:20,M 01-18/9,M-17,147,2:07:21,50.94%
224,Tracy Curtis,"San Francisco, CA",1210,2:02:22,9:20,F 30-34/16,F-30,77,2:02:44,53.82%
225,Joan Lamayo,"Las Vegas, NV",1754,2:02:31,9:21,F 30-34/17,F-33,78,2:02:37,53.97%
226,Brian Kimball,"San Jose, CA",1186,2:02:33,9:21,M 35-39/22,M-35,148,2:05:14,48.69%
227,Kelly Brooks,"Temecula, CA",1297,2:02:37,9:22,F 40-44/9,F-44,79,2:10:24,57.11%
228,Curtis Hallenbeck,"Rosamond, CA",1565,2:02:40,9:22,M 30-34/28,M-31,149,2:03:03,48.28%
229,Ara Agopian,"Long Beach, CA",1968,2:03:02,9:24,M 35-39/23,M-37,150,2:10:40,49.02%
230,Laura Lord,"Hemet, CA",1943,2:03:17,9:25,F 25-29/18,F-28,80,2:05:52,53.41%
231,Jericho Fabie,"Escondido, CA",1485,2:03:23,9:25,M 19-24/16,M-24,151,2:06:05,48.00%
232,Charles Steele,"Hawthorne, CA",1261,2:03:23,9:25,M 45-49/19,M-49,152,2:06:05,53.81%
233,Jennifer Pryor,"Mentone, CA",1760,2:03:23,9:25,F 35-39/13,F-37,81,2:10:58,54.28%
234,Pamela Lonza,"Mammoth Lakes, CA",1071,2:03:23,9:25,F 50-54/8,F-54,82,2:05:57,63.59%
235,Lisa Lackore,"Wellington, NV",1672,2:03:33,9:26,F 40-44/10,F-44,83,2:03:54,56.68%
236,Lizzie Lipman,"Mammoth Lakes, CA",1395,2:03:40,9:26,F 30-34/18,F-32,84,2:06:17,53.38%
237,Mauro Guerrero,"Gardena, CA",1602,2:03:45,9:27,M 40-44/18,M-41,153,2:04:06,50.26%
238,Kristi Rowley,"Mammoth Lakes, CA",1960,2:03:50,9:27,F 45-49/9,F-49,85,2:11:46,59.50%
239,Ashlyn Davies,"Alta Loma, CA",1305,2:03:51,9:27,F 25-29/19,F-26,86,2:06:33,53.16%
240,Willis Nelson,"Alamogordo, NM",1150,2:04:01,9:28,M 40-44/19,M-41,154,2:11:57,50.15%
241,Jeanette Murillo,"Rancho Santa Margarita, CA",1708,2:04:21,9:30,F 50-54/9,F-50,87,2:12:03,59.97%
242,Sigrid Nelson,"La Jolla, CA",2049,2:04:27,9:30,F 30-34/19,F-31,88,2:12:26,52.96%
243,Sabrina Kujawski,"Mammoth Lakes, CA",1589,2:04:41,9:31,F 25-29/20,F-28,89,2:12:24,52.81%
244,Aaron Rowley,"Mammoth Lakes, CA",1959,2:04:41,9:31,M 40-44/20,M-42,155,2:12:35,50.28%
245,Brooke Charette,"Yorba Linda, CA",1668,2:04:44,9:31,F 25-29/21,F-29,90,2:12:34,52.79%
246,Erica Mitchell,"Ridgecrest, CA",1949,2:04:49,9:32,F 35-39/14,F-35,91,2:09:56,53.26%
247,Renee Opell,"Studio City, CA",1275,2:04:50,9:32,F 50-54/10,F-51,92,2:07:34,60.49%
248,Aaron Hulett,"Woodland Hls, CA",2135,2:04:59,9:33,M 35-39/24,M-36,156,2:10:14,47.97%
249,Gary Goodemote,"San Diego, CA",1690,2:04:59,9:33,M 40-44/21,M-42,157,2:05:14,50.16%
250,Robert Manon,"Chino, CA",1322,2:05:04,9:33,M 40-44/22,M-43,158,2:07:45,50.53%
251,Lamia Maalouf,"Sherman Oaks, CA",1291,2:05:04,9:33,F 40-44/11,F-42,93,2:07:49,55.12%
252,Elena Ibarra,"Puebla, PUE",1279,2:05:18,9:34,F 35-39/15,F-39,94,2:07:55,53.98%
253,Peter Chan,"Fremont, CA",1198,2:05:19,9:34,M 50-54/11,M-54,159,2:07:57,55.32%
254,Rodney Lym,"Fargo, ND",1692,2:05:24,9:34,M 55-59/7,M-59,160,2:08:03,57.85%
255,Karin Moisa-Fuller,"Mammoth Lakes, CA",2059,2:05:32,9:35,F 40-44/12,F-41,95,2:13:21,54.53%
256,Mike Hawkes,"Irvine, CA",1899,2:05:53,9:37,M 50-54/12,M-52,161,2:11:01,54.12%
257,Jessica Nadraga,"San Diego, CA",1456,2:05:56,9:37,F 35-39/16,F-35,96,2:06:01,52.79%
258,Trent Vierra,"Lancaster, CA",1408,2:05:57,9:37,M 19-24/17,M-23,162,2:08:32,47.02%
259,Elizabeth Portanova,"Hesperia, CA",1923,2:06:07,9:38,F 30-34/20,F-31,97,2:08:56,52.26%
260,Ryan Diaz,"Ontario, CA",1891,2:06:14,9:38,M 25-29/21,M-27,163,2:09:03,46.92%
261,Mathew Hipwell,"Escondido, CA",1137,2:06:16,9:38,M 35-39/25,M-38,164,2:13:54,48.11%
262,Anna Olsen,"Big Sky, MON",1631,2:06:20,9:39,F 30-34/21,F-30,98,2:08:55,52.13%
263,Ranwan Weerasuriya,"Mammoth Lakes, CA",1437,2:06:30,9:39,M 40-44/23,M-40,165,2:14:05,48.77%
264,Scott Brooks,"Marina Del Rey, CA",1926,2:06:35,9:40,M 30-34/29,M-33,166,2:09:20,46.87%
265,Audra Lachausse,"Highland, CA",1597,2:06:38,9:40,F 40-44/13,F-41,99,2:09:23,54.06%
266,Adolfo Yanez,"Ensenada, BAJ",1822,2:06:39,9:40,M 50-54/13,M-52,167,2:07:00,53.79%
267,Cory Nacke,"Fountain Valley, CA",1257,2:06:41,9:40,M 35-39/26,M-37,168,2:09:21,47.61%
268,Glen Van Peski,"Carlsbad, CA",1544,2:06:43,9:40,M 50-54/14,M-54,169,2:12:04,54.71%
269,Paloma Epstein,"Mission Viejo, CA",1790,2:06:45,9:41,F 30-34/22,F-33,100,2:06:50,52.17%
270,Gary Myers,"Mammoth Lakes, CA",1847,2:06:53,9:41,M 60-64/4,M-61,170,2:17:15,58.24%
271,Reena Byrne,"Palos Verdes Estates, CA",1897,2:07:00,9:42,F 35-39/17,F-37,101,2:12:04,52.74%
272,Laura Murga,"Chatsworth, CA",1755,2:07:23,9:43,F 50-54/11,F-51,102,2:10:00,59.28%
273,Darin Kaylor,"Mammoth Lakes, CA",1683,2:07:36,9:44,M 35-39/27,M-38,171,2:12:57,47.60%
274,Alexandra Marx,"San Diego, CA",1659,2:07:38,9:45,F 45-49/10,F-45,103,2:15:18,55.36%
275,Daniel Medrano,"Dallas, TX",1862,2:07:46,9:45,M 30-34/30,M-31,172,2:15:45,46.35%
276,Mathew Brzezinski,"Lakeside, CA",1369,2:07:51,9:46,M 35-39/28,M-36,173,2:17:50,46.90%
277,Lorri Greenlea,"Pomona, CA",1795,2:07:58,9:46,F 30-34/23,F-30,104,2:13:24,51.47%
278,Sydney Jones,"Mammoth Lakes, CA",1716,2:08:08,9:47,F 25-29/22,F-26,105,2:15:53,51.39%
279,Glenn Hirashiki,"Sd, CA",1238,2:08:15,9:47,M 55-59/8,M-59,174,2:08:26,56.56%
280,Stacie Hirashiki,"Poway, CA",1239,2:08:19,9:48,F 30-34/24,F-32,106,2:08:31,51.44%
281,Andi Hirashiki,"Corona Del Mar, CA",1240,2:08:20,9:48,F 35-39/18,F-35,107,2:08:31,51.80%
282,Cristina Gurtman,"Sherman Oaks, CA",1475,2:08:24,9:48,F 35-39/19,F-38,108,2:11:00,52.41%
283,Lori Park,"Bakersfield, CA",1169,2:08:27,9:48,F 45-49/11,F-49,109,2:11:18,57.36%
284,Brenda Hubbs-Maculsay,"Yucaipa, CA",1817,2:08:28,9:48,F 35-39/20,F-37,110,2:13:47,52.13%
285,Melissa Merklinger,"San Marcos, CA",1005,2:08:36,9:49,F 40-44/14,F-44,111,2:11:23,54.45%
286,Adrian Narvaez,"San Francisco, CA",1808,2:09:23,9:53,M 25-29/22,M-27,175,2:12:01,45.77%
287,Joseph Lee,"San Diego, CA",1494,2:09:30,9:53,M 25-29/23,M-27,176,2:12:15,45.73%
288,Jon Anoc,"Tustin, CA",1888,2:09:33,9:53,M 35-39/29,M-36,177,2:14:51,46.28%
289,Linda Fradkin,"Solana Beach, CA",2114,2:09:40,9:54,F 45-49/12,F-49,112,2:12:15,56.82%
290,Kathy Green,"Long Beach, CA",1077,2:09:43,9:54,F 55-59/1,F-55,113,2:15:15,61.28%
291,Arla Hile,"Fresno, CA",1963,2:09:54,9:55,F 50-54/12,F-50,114,2:12:47,57.41%
292,Janine Narvaez,"San Diego, CA",1816,2:10:04,9:56,F 19-24/8,F-23,115,2:12:41,50.62%
293,Tracey Laricchia,"Irvine, CA",1835,2:10:17,9:57,F 30-34/25,F-34,116,2:12:54,50.87%
294,Jasmin Fiandaca,"San Pablo, CA",1783,2:10:19,9:57,F 35-39/21,F-38,117,2:17:57,51.64%
295,Hoshang Dubash,"Valencia, CA",1367,2:10:20,9:57,M 55-59/9,M-57,178,2:15:22,54.64%
296,Kim Calvin,"Crowley Lake, CA",1076,2:10:20,9:57,F 45-49/13,F-46,118,2:18:14,54.73%
297,Elizabeth Joiner,"Los Angeles, CA",2020,2:10:32,9:58,F 25-29/23,F-26,119,2:13:19,50.44%
298,Brian Kinahan,"Los Angeles, CA",1918,2:10:36,9:58,M 60-64/5,M-60,179,2:18:29,56.06%
299,Wendy Bondar,"Murrieta, CA",1807,2:10:37,9:58,F 35-39/22,F-36,120,2:15:58,51.07%
300,Amanda Marples,"San Diego, CA",1360,2:10:37,9:58,F 40-44/15,F-44,121,2:15:53,53.61%
301,Lisa Voss,"Mammoth Lakes, CA",1361,2:10:37,9:58,F 45-49/14,F-49,122,2:15:52,56.41%
302,Mary Llaurado,"Yucaipa, CA",1161,2:10:39,9:58,F 45-49/15,F-49,123,2:13:25,56.39%
303,Sandra Staffordcarrillo,"Mammoth Lake, CA",2098,2:10:39,9:58,F 25-29/24,F-29,124,2:15:49,50.40%
304,Adrian Cardenas,"Moreno Valley, CA",1498,2:10:41,9:59,M 40-44/24,M-41,180,2:18:20,47.59%
305,Sara Schroer,"Laguna Niguel, CA",1039,2:10:48,9:59,F 35-39/23,F-38,125,2:13:37,51.45%
306,Alison Vickers,"Irvine, CA",1612,2:11:07,10:01,F 55-59/2,F-59,126,2:16:08,64.00%
307,Diana Jung,"San Diego, CA",1729,2:11:07,10:01,F 30-34/26,F-32,127,2:13:48,50.34%
308,Jon Wilensky Md,"La Jolla, CA",1727,2:11:10,10:01,M 35-39/30,M-37,181,2:11:30,45.98%
309,Nicholas Menio,"Los Angeles, CA",1695,2:11:11,10:01,M 25-29/24,M-28,182,2:13:55,45.15%
310,Nicole Rice,"San Francisco, CA",1567,2:11:12,10:01,F 19-24/9,F-21,128,2:16:34,50.18%
311,James Haase,"San Diego, CA",1734,2:11:21,10:02,M 45-49/20,M-46,183,2:14:01,49.30%
312,Cendy Iraheta,"Glendale, CA",1483,2:11:25,10:02,F 25-29/25,F-27,129,2:13:40,50.10%
313,Sanyu Kincaid,"Los Angeles, CA",1251,2:11:26,10:02,F 30-34/27,F-34,130,2:18:59,50.42%
314,Joe Heim,"Wrightwood, CA",1956,2:11:31,10:02,M 35-39/31,M-38,184,2:16:29,46.19%
315,Hamed Tavasoli,"Mountain View, CA",1952,2:11:31,10:02,M 30-34/31,M-32,185,2:16:49,45.04%
316,Ian Ellis,"Marina Del Rey, CA",1115,2:11:35,10:03,M 60-64/6,M-60,186,2:11:50,55.64%
317,Margaret Alston,"Hawthorne, NV",1272,2:11:44,10:03,F 40-44/16,F-44,131,2:22:08,53.16%
318,Antonio Pena,"Victorville, CA",1604,2:11:50,10:04,M 45-49/21,M-49,187,2:16:52,50.36%
319,Melanie Velasco,"Corona Del Mar, CA",2125,2:11:57,10:04,F 40-44/17,F-42,132,2:14:35,52.25%
320,Diana Newton,"Los Angeles, CA",2024,2:12:01,10:05,F 30-34/28,F-30,133,2:19:32,49.89%
321,Robert Gillings,"Reno, NV",1955,2:12:03,10:05,M 25-29/25,M-29,188,2:17:14,44.85%
322,Kevin Scheble,"Carlsbad, CA",1481,2:12:03,10:05,M 50-54/15,M-50,189,2:17:13,50.71%
323,Karin Muth,"Chino Hills, CA",1929,2:12:13,10:06,F 45-49/16,F-48,134,2:17:37,55.08%
324,Josephine Nagal,"Chula Vista, CA",1063,2:12:13,10:06,F 40-44/18,F-43,135,2:17:31,52.53%
325,Josef Cuesico,"San Diego, CA",1062,2:12:13,10:06,M 40-44/25,M-41,190,2:17:31,47.04%
326,Nathan Salazar,"Lake Forest, CA",1326,2:12:18,10:06,M 25-29/26,M-29,191,2:20:02,44.77%
327,Valerie Chaikin,"Los Angeles, CA",1230,2:12:24,10:06,F 25-29/26,F-27,136,2:17:32,49.73%
328,Timothy Schmal,"San Jose, CA",1838,2:12:27,10:07,M 55-59/10,M-56,192,2:15:01,53.28%
329,Christine Decker,"San Jose, CA",1228,2:12:28,10:07,F 50-54/13,F-51,137,2:17:41,57.00%
330,Laura Avila,"Chino Hills, CA",1445,2:12:31,10:07,F 50-54/14,F-50,138,2:15:12,56.28%
331,Laura Kennedy,"Laguna Niguel, CA",1004,2:12:37,10:07,F 45-49/17,F-48,139,2:17:42,54.91%
332,Lorie Esquivel,"Alhambra, CA",2090,2:12:41,10:08,F 50-54/15,F-50,140,2:17:49,56.21%
333,David Ward,"Thayne, WY",1679,2:12:51,10:08,M 65-69/2,M-67,193,2:18:11,58.96%
334,Kim Anderson,"Chico, CA",1293,2:12:52,10:09,F 50-54/16,F-54,141,2:20:24,59.05%
335,Jose Garcia,"Bishop, CA",1856,2:12:55,10:09,M 50-54/16,M-50,194,2:18:01,50.38%
336,Angel Barron,"Los Angeles, CA",1933,2:12:58,10:09,M 35-39/32,M-36,195,2:22:57,45.09%
337,Kevin Masui,"Foothill Ranch, CA",1032,2:13:02,10:09,M 40-44/26,M-40,196,2:23:17,46.37%
338,Jerry Peacock,"San Diego, CA",1516,2:13:03,10:09,M 30-34/32,M-30,197,2:15:52,44.51%
339,Tom Lauderdale,"Santa Ana, CA",1669,2:13:06,10:10,M 55-59/11,M-59,198,2:16:01,54.50%
340,Nelida Garcia,"Mammoth Lakes, CA",1989,2:13:09,10:10,F 35-39/24,F-35,142,2:20:55,49.92%
341,Nancy Schlicher,"Valencia, CA",1732,2:13:14,10:10,F 35-39/25,F-38,143,2:18:29,50.51%
342,Kim Escudero,"Mammoth Lakes, CA",2069,2:13:22,10:11,F 40-44/19,F-43,144,2:18:47,52.08%
343,Cindy Brough,"Santa Monica, CA",1352,2:13:25,10:11,F 25-29/27,F-29,145,2:15:57,49.35%
344,Josh Elliot,"Los Angeles, CA",1520,2:13:25,10:11,M 30-34/33,M-32,199,2:16:12,44.40%
345,Joshua Hakala,"San Diego, CA",1453,2:13:25,10:11,M 25-29/27,M-27,200,2:18:42,44.39%
346,Julie Farias,"Glendale, CA",1575,2:13:25,10:11,F 30-34/29,F-31,146,2:16:12,49.40%
347,Todd Abrahamson,"San Diego, CA",1724,2:13:29,10:11,M 45-49/22,M-49,201,2:13:42,49.74%
348,April Coyle,"San Diego, CA",1425,2:13:30,10:11,F 25-29/28,F-27,147,2:18:39,49.32%
349,Michelle Aquino,"Chula Vista, CA",1621,2:13:31,10:12,F 35-39/26,F-36,148,2:18:40,49.96%
350,Kristin Myers,"Wellington, NV",1671,2:13:40,10:12,F 40-44/20,F-43,149,2:14:01,51.96%
351,Suzanne Lessel,"Arroyo Grande, CA",1200,2:13:40,10:12,F 55-59/3,F-56,150,2:18:43,60.26%
352,Joanna Kaylor,"Mammoth Lakes, CA",1426,2:13:43,10:12,F 25-29/29,F-29,151,2:19:03,49.24%
353,Lisa Frick,"Murrieta, CA",1675,2:13:44,10:13,F 50-54/17,F-50,152,2:18:50,55.76%
354,Jess Rodriguez,"Tustin, CA",1610,2:13:53,10:13,M 30-34/34,M-33,202,2:16:31,44.31%
355,Ken McDonald,"Oceanside, CA",2004,2:13:56,10:13,M 50-54/17,M-54,203,2:16:36,51.76%
356,Beth Stephenson,"San Diego, CA",1537,2:13:58,10:14,F 25-29/30,F-29,153,2:16:43,49.15%
357,Mary Bassler,"Mammoth Lakes, CA",1419,2:14:00,10:14,F 45-49/18,F-46,154,2:16:51,53.23%
358,Nancy Fiddler,"Crowley Lake, CA",2045,2:14:04,10:14,F 55-59/4,F-57,155,2:19:17,60.90%
359,Steph Giangiordano,"None, CA",1915,2:14:15,10:15,F 30-34/30,F-31,156,2:24:25,49.09%
360,Donna Martin,"Pasadena, CA",1546,2:14:27,10:16,F 55-59/5,F-56,157,2:19:45,59.91%
361,Griselda Bonales,"San Diego, CA",1720,2:14:33,10:16,F 35-39/27,F-39,158,2:14:46,50.27%
362,Kim Frank,"Mammoth Lakes, CA",1323,2:14:44,10:17,F 40-44/21,F-43,159,2:20:09,51.55%
363,Stacy Schloetel,"Moorpark, CA",1554,2:14:47,10:17,F 45-49/19,F-46,160,2:19:49,52.92%
364,Richard Oberlin,"Anaheim, CA",2029,2:14:55,10:18,M 55-59/12,M-58,204,2:20:10,53.26%
365,Nancy Lair,"San Diego, CA",1392,2:14:59,10:18,F 25-29/31,F-25,161,2:20:11,48.78%
366,Travis Lair,"San Diego, CA",1001,2:15:01,10:18,M 19-24/18,M-24,205,2:20:12,43.86%
367,Heather Krug,"Marina Del Rey, CA",1633,2:15:25,10:20,F 40-44/22,F-41,162,2:20:32,50.55%
368,Don Zech,"Poway, CA",1834,2:15:28,10:20,M 50-54/18,M-51,206,2:20:48,49.86%
369,Jesse Martinez,"San Diego, CA",1465,2:15:30,10:21,M 45-49/23,M-49,207,2:18:04,49.00%
370,Jodi Bischoff,"Grover Beach, CA",1086,2:15:45,10:22,F 30-34/31,F-30,163,2:20:50,48.51%
371,Brandon Holly,"San Diego, CA",1951,2:15:45,10:22,M 30-34/35,M-30,208,2:20:55,43.63%
372,Suzanne Salazar,"Aliso Viejo, CA",1286,2:15:46,10:22,F 30-34/32,F-31,164,2:23:32,48.55%
373,Margaret Patteson,"Bakersfield, CA",1380,2:15:49,10:22,F 50-54/18,F-50,165,2:18:39,54.91%
374,Susan Henry,"Encinitas, CA",2057,2:15:49,10:22,F 55-59/6,F-58,166,2:18:37,60.94%
375,Kristen Minger,"Los Angeles, CA",1505,2:15:54,10:22,F 30-34/33,F-33,167,2:23:27,48.66%
376,Grace Aurelio,"Mission Viejo, CA",1354,2:15:55,10:23,F 35-39/28,F-36,168,2:18:39,49.08%
377,Mark Loperfido,"San Diego, CA",1181,2:16:04,10:23,M 30-34/36,M-34,209,2:21:11,43.70%
378,Ashley Proctor,"Sherman Oaks, CA",1798,2:16:05,10:23,F 25-29/32,F-28,169,2:23:42,48.38%
379,Kara Russ,"San Diego, CA",1739,2:16:08,10:24,F 40-44/23,F-42,170,2:23:47,50.64%
380,Jennifer Mark-Chang,"Arcadia, CA",1549,2:16:29,10:25,F 25-29/33,F-29,171,2:19:00,48.24%
381,Ivan Kaplow,"Oceanside, CA",1875,2:16:31,10:25,M 30-34/37,M-34,210,2:21:39,43.55%
382,Kenneth Field,"Santa Clarita, CA",1600,2:16:33,10:25,M 50-54/19,M-50,211,2:24:20,49.04%
383,Kathryn Conley,"La Verne, CA",1373,2:16:35,10:26,F 30-34/34,F-30,172,2:19:20,48.22%
384,Debbie Ochs,"Vista, CA",1318,2:16:37,10:26,F 55-59/7,F-58,173,2:21:42,60.58%
385,Vanessa Lerma,"Chula Vista, CA",1269,2:16:39,10:26,F 30-34/35,F-33,174,2:24:29,48.39%
386,Garrett Hicks,"Glendale, CA",1925,2:16:51,10:27,M 45-49/24,M-49,212,2:26:58,48.51%
387,Kara Gash,"San Diego, CA",1258,2:17:03,10:28,F 19-24/10,F-22,175,2:19:52,48.04%
388,Julia Pena,"Victorville, CA",1605,2:17:07,10:28,F 40-44/24,F-42,176,2:22:09,50.28%
389,John Bush,"Mammoth Lakes, CA",1168,2:17:07,10:28,M 50-54/20,M-50,213,2:19:59,48.83%
390,Revi-Ruth Enriquez,"Los Angeles, CA",1868,2:17:30,10:30,F 30-34/36,F-32,177,2:27:37,48.01%
391,Daniel Widdis,"Las Vegas, NV",1701,2:17:38,10:30,M 45-49/25,M-46,214,2:20:33,47.05%
392,Jenny Wynn,"Palmdale, CA",2116,2:17:40,10:31,F 30-34/37,F-32,178,2:22:43,47.95%
393,Alexandra Akbaroff,"Upland, CA",1751,2:17:43,10:31,F 19-24/11,F-21,179,2:25:38,47.81%
394,David Woolery,"Palmdale, CA",2117,2:17:44,10:31,M 55-59/13,M-56,215,2:22:44,51.24%
395,Sarah Rowlett,"Mammoth Lakes, CA",2061,2:17:51,10:31,F 25-29/34,F-29,180,2:22:55,47.76%
396,Lauren Plum,"Mammoth Lakes, CA",2056,2:17:51,10:31,F 30-34/38,F-30,181,2:22:55,47.78%
397,Jennifer Clemente,"San Diego, CA",1864,2:17:54,10:32,F 30-34/39,F-30,182,2:28:07,47.76%
398,Jessica Percy,"San Diego, CA",1866,2:17:55,10:32,F 30-34/40,F-34,183,2:28:07,48.05%
399,Rachel Ferguson,"Del Mar, CA",1780,2:17:58,10:32,F 30-34/41,F-31,184,2:23:13,47.77%
400,Burr Ferguson,"Del Mar, CA",1779,2:17:59,10:32,M 30-34/38,M-33,216,2:23:13,42.99%
801,Dennis Luk,"Pleasanton, CA",1746,3:37:37,16:36,M 40-44/42,M-44,339,3:48:04,29.27%
802,Crystal Poole,"Kagel Canyon, CA",1197,3:38:00,16:38,F 25-29/76,F-28,463,3:48:11,30.20%
803,Belenie Amoranto,"La Habra, CA",1477,3:38:34,16:41,F 45-49/52,F-47,464,3:48:46,32.96%
804,Leia Villeza,"Chula Vista, CA",1128,3:40:52,16:51,F 30-34/76,F-31,465,3:50:56,29.84%
805,Benedict Guillermo,"San Diego, CA",1129,3:40:52,16:51,M 30-34/57,M-34,340,3:50:55,26.92%
806,Gayle McNeir,"Frazier Park, CA",1852,3:48:17,17:25,F 50-54/49,F-53,466,3:58:44,33.93%
807,Lisa Williams,"Northridge, CA",1431,3:48:45,17:27,F 30-34/77,F-32,467,3:58:49,28.85%
