Place,Name,Location,Bib,Net Time,Pace,Division/Place,Sex-Age,Sex-Place,Gun Time,Age Grade
1,Jesus Rivera,"Palmdale, CA",107,17:57,5:47,M 01-99/1,M-30,1,17:57,72.19%
2,Jonathan Kuzichev,"Lancaster, CA",592,18:31,5:58,M 01-99/2,M-17,2,18:31,72.97%
3,Heather Worden,"Lancaster, CA",212,18:55,6:06,F 01-99/1,F-28,1,18:55,78.31%
4,Cade Ruble,"Lancaster, CA",242,19:26,6:16,M 01-99/3,M-13,3,19:26,74.68%
5,Clay Patten,"Quartz Hill, CA",321,19:29,6:17,M 01-99/4,M-53,4,19:29,77.65%
6,Austin Rice,"Lancaster, CA",380,19:32,6:17,M 01-99/5,M-25,5,19:34,66.10%
7,Erik Ruble,"Lancaster, CA",239,19:36,6:19,M 01-99/6,M-48,6,19:37,74.13%
8,Derek Kramer,"Edwards Afb, CA",182,19:44,6:21,M 01-99/7,M-23,7,19:44,65.43%
9,Brian O'Neill,"Palmdale, CA",256,19:54,6:25,M 01-99/8,M-38,8,19:56,67.64%
10,Thomas Rivera,"Palmdale, CA",285,20:14,6:31,M NoAge/1,M-0,9,20:14, 0.00%
11,Zac Patten,"Quartz Hill, CA",322,20:27,6:35,M 01-99/9,M-19,10,20:28,64.52%
12,Peter Amsdon,"Lancaster, CA",327,20:50,6:43,M 01-99/10,M-31,11,21:00,62.29%
13,Jason Digiacomo,"Rosamond, CA",232,21:00,6:46,M 01-99/11,M-38,12,21:03,64.10%
14,Dale Lister,"Palmdale, CA",398,21:19,6:52,M 01-99/12,M-51,13,21:19,69.80%
15,Robert Bravo,"Lancaster, CA",129,21:24,6:54,M 01-99/13,M-39,14,21:36,63.37%
16,Krysti Ruble,"Lancaster, CA",240,21:33,6:56,F 01-99/2,F-43,2,21:33,72.64%
17,William Kuhlemeier,"Palmdale, CA",312,21:39,6:58,M 01-99/14,M-53,15,21:43,69.88%
18,Jason Flores,"Palmdale, CA",593,21:45,7:00,M 01-99/15,M-13,16,21:46,66.72%
19,Barnett Grant,"Palmdale, CA",399,21:47,7:01,M 01-99/16,M-37,17,21:47,61.33%
20,Paul Dolce,"Edwards, CA",335,21:51,7:02,M 01-99/17,M-30,18,21:59,59.24%
21,Cristofer Cierra,"Lancater, CA",104,21:56,7:04,M 01-99/18,M-31,19,22:09,59.16%
22,Michael Dagostino,"Lancaster, CA",209,22:02,7:06,M 01-99/19,M-43,20,22:04,63.44%
23,Charles Cisney,"Rosamond, CA",343,22:02,7:06,M 01-99/20,M-33,21,22:19,59.27%
24,Elijah Docker,"Edwards Afb, CA",102,22:03,7:06,M NoAge/2,M-0,22,22:28, 0.00%
25,Adam Davis,"Edwards, CA",401,22:04,7:07,M 01-99/21,M-28,23,22:12,58.50%
26,William Haskett,"Lancaster, CA",430,22:07,7:07,M 01-99/22,M-39,24,22:07,61.31%
27,Morgan Daufen,"Lancaster, CA",99,22:12,7:09,M 01-99/23,M-19,25,22:22,59.43%
28,Brock Ruble,"Lancaster, CA",241,22:12,7:09,M 01-99/24,M-15,26,22:13,62.73%
29,Stephen Shipman,"Lancaster, CA",222,22:21,7:12,M 01-99/25,M-24,27,22:48,57.76%
30,Matthew Von Wupperfeld,"Lancaster, CA",447,22:32,7:16,M 01-99/26,M-21,28,22:43,57.51%
31,Matt Case,"Palmdale, CA",362,22:38,7:17,M 01-99/27,M-50,29,22:40,65.22%
32,Austin Gunn,"Palmdale, CA",426,22:41,7:18,M 01-99/28,M-19,30,22:50,58.16%
33,Joe Diorio,"Rosamond, CA",429,22:49,7:21,M 01-99/29,M-67,31,22:50,74.93%
34,Trent Kelly,"Palmdale, CA",441,22:53,7:22,M 01-99/30,M-19,32,23:02,57.65%
35,Adrian Orozco,"Bakersfield, CA",345,22:53,7:22,M 01-99/31,M-20,33,23:08,57.00%
36,Robert Miller,"Tehachapi, CA",293,22:56,7:23,M 01-99/32,M-33,34,23:21,56.95%
37,Natalie Gutierrez,"Palmdale, CA",407,23:13,7:29,F 01-99/3,F-11,3,23:13,71.75%
38,Jamie Muniz,"Rosamond, CA",158,23:20,7:31,F 01-99/4,F-22,4,23:24,63.47%
39,Robert Haugen,"Rosamond, CA",585,23:21,7:31,M 01-99/33,M-57,35,23:23,67.00%
40,Robert Newton,"Edwards, CA",323,23:23,7:32,M 01-99/34,M-29,36,23:30,55.28%
41,Gabby Evey,"Rosamond, CA",14,23:24,7:32,F 01-99/5,F-16,5,23:40,65.43%
42,Kassidy McLaughlin,"Rosamond, CA",418,23:25,7:33,F 01-99/6,F-16,6,23:42,65.38%
43,Josiah Ward,"Valencia, CA",359,23:28,7:33,M 01-99/35,M-20,37,23:31,55.58%
44,Tyler Collins,"Lancaster, CA",393,23:30,7:34,M 01-99/36,M-26,38,23:35,54.93%
45,Trish Coffer,"Edwards, CA",174,23:38,7:37,F 01-99/7,F-40,7,23:40,64.78%
46,Michael Albrecht,"Tehachapi, CA",172,23:38,7:37,M 01-99/37,M-34,39,24:01,55.54%
47,Kathy Diorio,"Rosamond, CA",428,23:48,7:40,F 01-99/8,F-58,8,23:49,78.21%
48,Amory Timpe,"Lancaster, CA",235,23:50,7:41,M 01-99/38,M-26,40,23:52,54.16%
49,Chris Scheuber,"Rosamond, CA",139,23:53,7:41,M 01-99/39,M-28,41,23:58,54.05%
50,Philip Hamlett,"Edwards Afb, CA",109,23:56,7:43,M NoAge/3,M-0,42,24:00, 0.00%
51,Oscar Gutierrez,"Palmdale, CA",424,24:03,7:45,M 01-99/40,M-38,43,24:05,55.96%
52,Francesca Smith,"Lancaster, CA",367,24:06,7:46,F 01-99/9,F-25,9,24:10,61.45%
53,Jorge Magdaleno,"Palmdale, CA",287,24:09,7:47,M 01-99/41,M-25,44,24:11,53.45%
54,Harry Thomas Jr,"Edwards, CA",225,24:15,7:49,M 01-99/42,M-28,45,24:21,53.23%
55,Jessica Harper,"Lancaster, CA",294,24:21,7:51,F 01-99/10,F-41,10,24:40,63.22%
56,William Jones,"Lancaster, CA",366,24:37,7:56,M 01-99/43,M-29,46,24:37,52.51%
57,Brian Males,"California City, CA",402,24:37,7:56,M 01-99/44,M-41,47,24:41,55.89%
58,Ken Kelley,"San Bernardino, CA",306,24:41,7:57,M 01-99/45,M-23,48,25:03,52.30%
59,Eric Kazmierczak,"Lancaster, CA",141,24:46,7:58,M 01-99/46,M-22,49,25:09,52.12%
60,Dan Daetz,"Edwards, CA",267,24:59,8:03,M 01-99/47,M-45,50,25:07,56.81%
61,Cote Werner,"Edwards Afb, CA",143,25:00,8:03,M 01-99/48,M-20,51,25:04,52.17%
62,Josh Daetz,"Edwards, CA",268,25:02,8:04,M 01-99/49,M-14,52,25:09,56.70%
63,Heather March,"Rosamond, CA",133,25:06,8:05,F 01-99/11,F-41,11,25:11,61.33%
64,Shawn Rexius,"Lancaster, CA",193,25:08,8:06,M 01-99/50,M-29,53,25:35,51.43%
65,Tiffany Germain,"Palmdale, CA",313,25:10,8:06,F 01-99/12,F-30,12,25:17,58.85%
66,Nicholas Edwards,"Palmdale, CA",171,25:11,8:07,M 01-99/51,M-33,54,25:36,51.85%
67,David Heinz,"Edwards, CA",159,25:13,8:07,M 01-99/52,M-29,55,25:39,51.26%
68,Marcos Pinares,"Palmdale, CA",223,25:14,8:08,M NoAge/4,M-0,56,25:22, 0.00%
69,Alexander Huang,"San Marino, CA",221,25:17,8:09,M 01-99/53,M-31,57,26:05,51.32%
70,Juan Barba,"Lancaster, CA",342,25:24,8:11,M 01-99/54,M-17,58,25:28,53.18%
71,Nicole Rizzo,"Lancaster, CA",299,25:28,8:12,F 01-99/13,F-36,13,25:46,58.94%
72,David Clark,"Lancaster, CA",138,25:28,8:12,M 01-99/55,M-38,59,25:40,52.85%
73,Brian Figueroa,"Palmdale, CA",390,25:33,8:14,M 01-99/56,M-27,60,25:36,50.52%
74,Michael Rivera,"Palmdale, CA",417,25:34,8:14,M 01-99/57,M-9,61,25:34,63.99%
75,Michael Tang,"Lancaster, CA",142,25:35,8:14,M 01-99/58,M-22,62,25:58,50.46%
76,Dwight Winchell,"Lancaster, CA",253,25:37,8:15,M 01-99/59,M-38,63,26:00,52.54%
77,Christopher Short,"Edwards, CA",177,25:41,8:16,M 01-99/60,M-38,64,26:17,52.40%
78,Dennis Coffer,"Edwards, CA",173,25:46,8:18,M 01-99/61,M-42,65,25:50,53.79%
79,Melissa Munoz,"Whittier, CA",387,25:47,8:18,F 01-99/14,F-25,14,26:31,57.44%
80,Jean Camps,"Lancaster, CA",331,25:51,8:20,M 01-99/62,M-38,66,26:12,52.06%
81,Dora Castellanos,"Palmdale, CA",404,25:52,8:20,F 01-99/15,F-43,15,25:53,60.41%
82,Caralee Kelley,"San Bernardino, CA",307,26:00,8:22,F 01-99/16,F-23,16,26:21,56.96%
83,Brooke Denegre,"Rosamond, CA",244,26:00,8:22,F 01-99/17,F-36,17,26:30,57.73%
84,Brian Ellsworth,"Lancaster, CA",284,26:06,8:24,M 01-99/63,M-32,67,26:19,49.84%
85,Lisa Soule,"Mojave, CA",231,26:11,8:26,F 01-99/18,F-39,18,26:15,58.09%
86,Michael Shepherd,", ",597,26:17,8:28,M 01-99/64,M-45,68,26:51,54.00%
87,Joel Opp,"Ramsey, MN",224,26:18,8:28,M 01-99/65,M-30,69,26:47,49.21%
88,Montserrat Gutierrez,"Palmdale, CA",405,26:21,8:29,F 01-99/19,F-13,19,26:24,60.63%
89,Adam Guest,"Edwards, CA",11,26:24,8:30,M 01-99/66,M-33,70,27:15,49.46%
90,Jessica Winchell,"Lancaster, CA",254,26:28,8:32,F 01-99/20,F-31,20,26:52,56.02%
91,Gerald Rainer,"Edwards, CA",106,26:31,8:33,M 01-99/67,M-31,71,26:44,48.93%
92,Ashley Carrilllo,"Lancaster, CA",280,26:32,8:33,F 01-99/21,F-24,21,26:35,55.81%
93,Scott McLean,"Lancaster, CA",217,26:42,8:36,M 01-99/68,M-25,72,27:11,48.34%
94,Joshua Buckley,"Lancaster, CA",355,26:53,8:39,M 01-99/69,M-23,73,27:28,48.01%
95,Matthew Pence,"Santa Maria, CA",214,27:00,8:42,M 01-99/70,M-46,74,27:17,52.93%
96,Brianna Spivey,"Rsoamond, CA",155,27:00,8:42,F 01-99/22,F-24,22,27:11,54.85%
97,Nick Sternitzky,"Rosamond, CA",154,27:00,8:42,M 01-99/71,M-24,75,27:11,47.81%
98,Shelly Freeman,"Lancaster, CA",357,27:01,8:42,F 01-99/23,F-40,23,27:05,56.67%
99,Jenny Meyer,"Palmdale, CA",334,27:07,8:44,F 01-99/24,F-32,24,27:16,54.74%
100,Rogelio Nunez,"Palmdale, CA",263,27:08,8:44,M 01-99/72,M-54,76,27:17,56.18%
101,Ashtian Rosales,"Edwards, CA",163,27:08,8:44,M 01-99/73,M-13,77,27:46,53.47%
102,Manuel Allen,"Lancaster, CA",255,27:17,8:47,M 01-99/74,M-10,78,27:23,57.89%
103,Marine Otero Del Val,"Rosamond, CA",220,27:17,8:47,F 01-99/25,F-19,25,27:33,54.46%
104,Denise Cope,"Lancaster, CA",434,27:21,8:49,F 01-99/26,F-47,26,27:50,59.27%
105,Miranda Robles,"Palmdale, CA",423,27:49,8:58,F 01-99/27,F-14,27,27:53,56.53%
106,Janice Planten,"Rosamond, CA",192,27:53,8:59,F 01-99/28,F-44,28,27:59,56.46%
107,Jesus Reyes,"Rosamond, CA",350,27:54,8:59,M 01-99/75,M-32,79,27:59,46.62%
108,Gabrielle Romano,"Rosamond, CA",249,27:54,8:59,F 01-99/29,F-21,29,28:09,53.08%
109,Mahafuz Uddin,"Rosamond, CA",347,27:56,9:00,M 01-99/76,M-26,80,27:56,46.21%
110,John McGee,"Rosamond, CA",191,28:01,9:01,M 01-99/77,M-41,81,28:15,49.11%
111,Thomas Hutton,"Palmdale, CA",370,28:03,9:02,M 01-99/78,M-27,82,28:10,46.02%
112,Kaye Reuschling,"Lancaster, CA",206,28:05,9:03,F 01-99/30,F-43,30,28:40,55.64%
113,Audelia Rivas,"Palmdale, CA",261,28:06,9:03,F 01-99/31,F-48,31,28:16,58.28%
114,Kristin Martz,"Palmdale, CA",315,28:07,9:03,F 01-99/32,F-23,32,28:14,52.67%
115,David Pangilinan,"Rosamond, CA",196,28:16,9:06,M 01-99/79,M-43,83,29:01,49.44%
116,Catherine Katuszonek,"Rosamond, CA",120,28:17,9:07,F 01-99/33,F-33,33,28:26,52.59%
117,Jason Katuszonek,"Rosamond, CA",121,28:18,9:07,M 01-99/80,M-33,84,28:29,46.14%
118,Thomas Cope,"Lancaster, CA",433,28:19,9:07,M 01-99/81,M-50,85,28:45,52.12%
119,Natalie Gutierrez,"Palmdale, CA",406,28:25,9:09,F 01-99/34,F-11,34,28:33,58.57%
120,Jeff Martin,"Lancaster, CA",310,28:27,9:10,M 01-99/82,M-28,86,28:54,45.37%
121,Rebecca Martin,"Lancaster, CA",311,28:30,9:11,F 01-99/35,F-28,35,28:56,51.96%
122,Ronald Hendrix,"Lancaster, CA",101,28:35,9:12,M 01-99/83,M-30,87,29:12,45.27%
123,Emily Osheskie,"Rosamond, CA",245,28:47,9:16,F 01-99/36,F-19,36,28:54,51.62%
124,Judy Hopps,"Lancaster, CA",368,28:48,9:17,F 01-99/37,F-48,37,29:18,56.86%
125,Star Ritzendollar,"Palmdale, CA",226,29:01,9:21,F 01-99/38,F-45,38,29:21,54.77%
126,Katy Day,"Lancaster, CA",146,29:02,9:21,F 01-99/39,F-43,39,29:06,53.82%
127,Gail Anton,"Lancaster, CA",145,29:02,9:21,F 01-99/40,F-31,40,29:06,51.06%
128,Patrick Cooney,"Palmdale, CA",184,29:03,9:21,M 01-99/84,M-26,88,29:11,44.43%
129,Beverly Oneal,"Palmdale, CA",408,29:04,9:22,F 01-99/41,F-55,41,29:11,61.50%
130,Brenda Acevedo,"La, CA",288,29:11,9:24,F 01-99/42,F-25,42,29:11,50.74%
131,Charles Horn,"Palmdale, CA",587,29:23,9:28,M 01-99/85,M-61,89,29:29,55.11%
132,Kimberly Richardson,"Lancaster, CA",135,29:26,9:29,F 01-99/43,F-27,43,29:46,50.31%
133,Luke Spinelli,"Rosamond, CA",140,29:28,9:29,M 01-99/86,M-9,90,29:48,55.52%
134,Amanda Abad,"Winnetka, CA",416,29:30,9:30,F 01-99/44,F-27,44,29:39,50.20%
135,Jeff Pemberton,"Lancaster, CA",147,29:34,9:31,M 01-99/87,M-36,91,30:11,44.90%
136,Alysse Pratti,"Rosamond, CA",183,29:42,9:34,F 01-99/45,F-27,45,29:51,49.86%
137,William Warford,"Lancaster, CA",435,29:42,9:34,M 01-99/88,M-55,92,30:02,51.77%
138,Leamada Glover,"Edwards, CA",175,29:47,9:35,F 01-99/46,F-33,46,30:16,49.94%
139,Audrey Hill,"Palmdale, CA",157,29:48,9:36,F NoAge/1,F-0,47,30:16, 0.00%
140,Katie Jensen,"Edwards, CA",427,29:51,9:37,F 01-99/47,F-29,48,29:58,49.61%
141,Hannah Landsgaard,"Rosamond, CA",339,29:56,9:38,F 01-99/48,F-17,49,30:17,50.53%
142,Hannah Landsgaard,"Rosamond, CA",340,29:58,9:39,F 01-99/49,F-17,50,30:18,50.47%
143,Paul Lemay,"Santa Clarita, CA",252,29:59,9:39,M 01-99/89,M-53,93,30:30,50.44%
144,Casey Richardson,"Lancaster, CA",134,30:02,9:40,M 01-99/90,M-33,94,30:24,43.48%
145,Jennipher Rodriguez,"Palmdale, CA",286,30:08,9:42,F 01-99/50,F-24,51,30:09,49.14%
146,John Rhodes,"California City, CA",275,30:15,9:44,M 01-99/91,M-45,95,30:59,46.91%
147,Ruth Worden,"Lancaster, CA",273,30:17,9:45,F 01-99/51,F-56,52,30:17,59.80%
148,Teresa A Clark,"Palmdale, CA",329,30:19,9:46,F 01-99/52,F-60,53,30:54,63.15%
149,Lee Perry,"Lancaster, CA",248,30:23,9:47,M 01-99/92,M-45,96,30:56,46.71%
150,Jasey Mobley,"Lancaster, CA",227,30:28,9:49,F 01-99/53,F-32,54,30:44,48.71%
151,Robert B Burton,"Rosamond, CA",152,30:28,9:49,M 01-99/93,M-43,97,30:46,45.87%
152,Adrian Lara,"Azusa, CA",338,30:35,9:51,M 01-99/94,M-12,98,30:54,48.64%
153,Johnnie Kee,"Lancaster, CA",228,30:42,9:53,M 01-99/95,M-48,99,30:59,47.31%
154,Matthew Mensch,"Cal City, CA",218,30:49,9:56,M 01-99/96,M-33,100,31:35,42.37%
155,Richelle Mensch,"Cal City, CA",219,30:49,9:56,F 01-99/54,F-27,55,31:35,48.05%
156,Christine Docker,"Edwards Afb, CA",103,31:11,10:03,F 01-99/55,F-31,56,31:36,47.54%
157,Candice Shively,"Tehachapi, CA",186,31:18,10:05,F 01-99/56,F-44,57,31:28,50.29%
158,Bertha Dagostino,"Lancaster, CA",210,31:23,10:06,F 01-99/57,F-42,58,31:29,49.42%
159,Elizabeth Leinberger,"Lancaster, CA",388,31:45,10:13,F 01-99/58,F-45,59,31:56,50.05%
160,Lisa Stephens,"Palmdale, CA",396,31:46,10:14,F 01-99/59,F-50,60,32:07,52.81%
161,Amber Lozano,"Palmdale, CA",317,31:46,10:14,F 01-99/60,F-23,61,31:48,46.61%
162,Joel Lozano,"Palmdale, CA",316,31:46,10:14,M 01-99/97,M-29,101,31:49,40.68%
163,Michael Atkins,"Tehachapi, CA",203,31:48,10:14,M 01-99/98,M-30,102,32:05,40.69%
164,Drew Essary,"Rosamond, CA",230,31:50,10:15,M 01-99/99,M-28,103,32:08,40.54%
165,Suzanne Wilder,"Lancaster, CA",291,31:52,10:16,F 01-99/61,F-44,62,32:03,49.40%
166,Brooke Kille,"Palmdale, CA",194,31:56,10:17,F 01-99/62,F-26,63,32:20,46.37%
167,Matthew Smith,"Rosamond, CA",195,31:58,10:18,M 01-99/100,M-27,104,32:21,40.38%
168,Brittanny Smith,"Lancaster, CA",389,32:00,10:18,F 01-99/63,F-27,64,32:17,46.27%
169,Corrine Ratcliff,"Palmdale, CA",108,32:06,10:20,F 01-99/64,F-24,65,32:17,46.13%
170,Michelle Salad,"Lancaster, CA",258,32:11,10:22,F 01-99/65,F-45,66,32:58,49.38%
171,Gary Salvatore,"Lancaster, CA",178,32:17,10:24,M 01-99/101,M-61,105,32:57,50.15%
172,M Mazza,"Lancaster, CA",320,32:17,10:24,M 01-99/102,M-34,106,32:58,40.65%
173,Katrine Hamlett,"Edwards Afb, CA",111,32:25,10:26,F 01-99/66,F-24,67,32:28,45.68%
174,Rosemary Mann,"Lancaster, CA",270,32:31,10:28,F 01-99/67,F-42,68,32:40,47.69%
175,Raul Figueroa,", ",443,32:36,10:30,M NoAge/5,M-0,107,32:55, 0.00%
176,Guy Eric Canedo,"Ca, CA",251,32:43,10:32,M 01-99/103,M-33,108,33:03,39.91%
177,Jason Kirkpatrick,"Lancaster, CA",127,33:05,10:39,M 01-99/104,M-36,109,33:18,40.12%
178,Steve West,"Lancaster, CA",301,33:20,10:44,M 01-99/105,M-69,110,33:43,52.33%
179,Oscar Gutierrez,"Palmdale, CA",403,33:22,10:45,M 01-99/106,M-38,111,33:24,40.33%
180,Corina Vill,", ",2,33:30,10:47,F NoAge/2,F-0,69,33:34, 0.00%
181,Jose Lainez,"Palmdale, CA",364,33:32,10:48,M 01-99/107,M-28,112,33:43,38.49%
182,Daisy Trujillo,"Palmdale, CA",365,33:34,10:48,F 01-99/68,F-21,70,33:44,44.11%
183,Kelly Kennerknecht,"Lancaster, CA",379,33:39,10:50,F 01-99/69,F-33,71,33:48,44.20%
184,Austin Clarkson,"Palmdale, CA",348,33:49,10:54,M 01-99/108,M-10,113,33:57,46.70%
185,William Clarkson,"Palmdale, CA",349,33:55,10:55,M 01-99/109,M-42,114,33:56,40.86%
186,Melvina Boyce,"Rosamond, CA",151,33:56,10:56,F 01-99/70,F-54,72,34:14,51.99%
187,Vincent Chavez,"Lancaster, CA",292,33:59,10:57,M 01-99/110,M-29,115,34:17,38.03%
188,Jana Orozco,"Palmdale, CA",328,34:07,10:59,F 01-99/71,F-54,73,34:42,51.71%
189,Joseph McLaughlin,"Lancaster, CA",438,34:10,11:00,M 01-99/111,M-28,116,34:44,37.77%
190,Natalie Hoffer-Becker,"Rosamond, CA",236,34:13,11:01,F 01-99/72,F-24,74,34:45,43.27%
191,Rick Hoffer-Becker,"Rosamond, CA",237,34:13,11:01,M 01-99/112,M-26,117,34:46,37.72%
192,Chelsea Robertson,"California City, CA",371,34:15,11:02,F 01-99/73,F-25,75,34:45,43.23%
193,Heather Kelley,"Lancaster, CA",204,34:17,11:02,F 01-99/74,F-26,76,34:38,43.19%
194,Jeffrey Kelley,"Lancaster, CA",205,34:17,11:02,M 01-99/113,M-29,118,34:38,37.69%
195,Jill Rhodes,"California City, CA",277,34:18,11:03,F 01-99/75,F-39,77,35:03,44.34%
196,Kathryn Pingry,"California City, CA",119,34:18,11:03,F 01-99/76,F-28,78,35:01,43.17%
197,Elizabeth Harper,"Lancaster, CA",289,34:24,11:05,F 01-99/77,F-47,79,34:59,47.12%
198,Gary Kniffin,"Apple Valley, CA",354,34:28,11:06,M 01-99/114,M-34,119,35:10,38.07%
199,Vincente Southall,"Lancaster, CA",144,34:36,11:09,M 01-99/115,M-50,120,35:13,42.65%
200,Angela Males,"Calif City, CA",148,34:42,11:10,F 01-99/78,F-41,80,34:58,44.35%
