Place,Name,Location,Bib,Net Time,Pace,Division/Place,Sex-Age,Sex-Place,Gun Time,Age Grade
1,Edy Hernandez,"Anaheim, CA",1861,1:17:22,5:55,M 20-29/0,M-22,1,1:17:22,76.75%
2,Fidel Sanchez,"Anaheim, CA",1864,1:22:11,6:17,M 20-29/0,M-25,2,1:22:11,73.18%
3,Christina Vergara Aleshire,"Las Vegas, NV",1690,1:22:23,6:18,F 30-39/0,F-33,1,1:22:23,80.27%
4,Juan Ramirez,"Santa Ana, CA",2066,1:23:15,6:22,M 40-49/0,M-46,3,1:23:15,77.79%
5,Timothy Constant,"Tustin, CA",1319,1:25:40,6:33,M 20-29/1,M-25,4,1:25:41,69.14%
6,Matthew Sullivan,"Marina Del Rey, CA",241,1:29:51,6:52,M 20-29/2,M-29,5,1:29:59,65.92%
7,Glimber Ayala,"Santa Ana, CA",1141,1:29:58,6:52,M 30-39/1,M-33,6,1:29:58,65.94%
8,Ivan Ventura,"Pacoima, CA",2148,1:30:06,6:53,M 20-29/3,M-28,7,1:30:21,65.74%
9,Matt Hays,"Los Angeles, CA",334,1:31:03,6:57,M 20-29/4,M-29,8,1:31:07,65.05%
10,Bill Sadler,"Los Angeles, CA",1993,1:31:07,6:57,M 30-39/2,M-33,9,1:31:10,65.11%
11,Daniel Voss,"San Francisco, CA",1417,1:31:26,6:59,M 20-29/5,M-25,10,1:31:47,64.78%
12,Tony Orozco,"Reseda, CA",1495,1:31:32,6:59,M 30-39/3,M-32,11,1:31:32,64.72%
13,Crash Kamon,"Newport Beach, CA",1655,1:32:04,7:02,M 20-29/6,M-29,12,1:32:06,64.33%
14,Ted Cohen,"Los Angeles, CA",1920,1:32:20,7:03,M 40-49/1,M-49,13,1:32:28,71.91%
15,Chris Keating,"Dawsonville, GA",1812,1:33:02,7:06,M 20-29/7,M-24,14,1:33:07,63.66%
16,Andres Garcia,"Norwalk, CA",151,1:33:09,7:07,M 20-29/8,M-25,15,1:33:12,63.58%
17,Raymond Pierce,"Phoenix, AZ",851,1:33:15,7:07,M 40-49/2,M-43,16,1:33:16,67.77%
18,Cammeron Girvin,"Berkeley, CA",1790,1:33:47,7:10,M 30-39/4,M-30,17,1:33:57,63.15%
19,Michael Curran,"Marina Del Rey, CA",882,1:34:12,7:12,M 30-39/5,M-37,18,1:34:56,64.02%
20,Josue Diaz,"Pacoima, CA",126,1:34:38,7:14,M 30-39/6,M-37,19,1:34:39,63.73%
21,Victor Verastegui,"Santa Ana, CA",1923,1:34:58,7:15,M 20-29/9,M-29,20,1:34:59,62.37%
22,Omar Castillo,"Glendale, CA",1177,1:35:02,7:15,M 30-39/7,M-35,21,1:35:03,62.80%
23,Gerardo Torres,"Los Angeles, CA",1882,1:35:07,7:16,M 40-49/3,M-42,22,1:35:07,65.91%
24,Alex Vivero,"Los Angeles, CA",800,1:35:16,7:16,M 30-39/8,M-33,23,1:35:20,62.27%
25,Jim Cody,"Whittier, CA",1818,1:36:23,7:22,M 60-69/1,M-63,24,1:36:28,78.16%
26,Robert Lieto,"Culver City, CA",1755,1:36:34,7:22,M 20-29/10,M-28,25,1:36:36,61.33%
27,Lawrence Albinski,"Monrovia, CA",14,1:36:36,7:23,M 50-59/1,M-52,26,1:36:37,70.53%
28,Mike Sohaskey,"Marina Del Rey, CA",1111,1:36:49,7:24,M 40-49/4,M-44,27,1:37:00,65.81%
29,Howard Teufel,"West Hollywood, CA",1740,1:37:44,7:28,M 30-39/9,M-37,28,1:37:50,61.71%
30,Kevin Komenkul,"N Hollywood, CA",1178,1:38:00,7:29,M 30-39/10,M-31,29,1:39:10,60.43%
31,Roman Libov,"Los Angeles, CA",1351,1:38:30,7:31,M 30-39/11,M-31,30,1:38:30,60.12%
32,Salvador Aguilera,"Baldwin Park, CA",1169,1:38:32,7:31,M 20-29/11,M-25,31,1:38:33,60.11%
33,Abelardo Bourbois,"Los Angeles, CA",1365,1:38:37,7:32,M 30-39/12,M-34,32,1:38:41,60.29%
34,Laura Arthur,"Ventura, CA",566,1:38:48,7:33,F 30-39/0,F-38,2,1:38:48,68.15%
35,Jovanny Beltran,"North Hills, CA",1557,1:38:53,7:33,M 30-39/13,M-31,33,1:38:57,59.90%
36,Danny Munguia,"Monrovia, CA",723,1:38:55,7:33,M 30-39/14,M-37,34,1:38:58,60.97%
37,Nate Friend,"Los Angeles, CA",778,1:38:59,7:34,M 30-39/15,M-33,35,1:38:59,59.94%
38,Jack Sallakian,"Glendale, CA",2056,1:39:32,7:36,M 40-49/5,M-41,36,1:39:32,62.49%
39,Michael Henderson,"Los Angeles, CA",1844,1:39:41,7:37,M 30-39/16,M-34,37,1:39:58,59.65%
40,Martin Contreras,"Rosemead, CA",1591,1:39:45,7:37,M 20-29/12,M-23,38,1:39:55,59.38%
41,Anthony Vergari,"West Hollywood, CA",508,1:39:54,7:38,M 30-39/17,M-33,39,1:39:58,59.39%
42,Antonio Sanchez,"Anaheim, CA",409,1:39:59,7:38,M 40-49/6,M-43,40,1:39:59,63.20%
43,Gabriel Sanchez,"Anaheim, CA",393,1:39:59,7:38,M 40-49/7,M-45,41,1:39:59,64.24%
44,David Trachtenberg,"Glendale, CA",972,1:40:22,7:40,M 30-39/18,M-37,42,1:41:46,60.09%
45,Agustin Sanchez,"Torrance, CA",118,1:40:31,7:41,M 20-29/13,M-27,43,1:40:54,58.92%
46,Mike D'Abrosca,"West Hollywood, CA",1330,1:40:36,7:41,M 20-29/14,M-28,44,1:40:41,58.87%
47,Rafael Torres,"North Hollywood, CA",1338,1:40:40,7:41,M 40-49/8,M-45,45,1:40:53,63.80%
48,Kristopher Ardis,"Ladera Ranch, CA",1988,1:41:06,7:43,M 30-39/19,M-39,46,1:41:14,60.54%
49,Olafur Gylfason,"Ladera Ranch, CA",452,1:41:07,7:43,M 40-49/9,M-45,47,1:41:17,63.52%
50,Eric McBride,"Los Angeles, CA",1038,1:41:08,7:43,M 20-29/15,M-29,48,1:41:16,58.56%
51,Shigeo Ogino,"Monterey Park, CA",1439,1:41:16,7:44,M 50-59/2,M-52,49,1:41:18,67.28%
52,Claudio Lopez,"Los Angeles, CA",1532,1:41:19,7:44,M 30-39/20,M-34,50,1:42:12,58.69%
53,Antonio McElroy,"Huntington Beach, CA",429,1:41:21,7:44,M 20-29/16,M-23,51,1:41:34,58.44%
54,Lino Torres,"Los Angeles, CA",1926,1:41:23,7:44,M 40-49/10,M-45,52,1:41:25,63.35%
55,Ryan Rasmussen,"Los Angeles, CA",624,1:41:23,7:44,M 20-29/17,M-29,53,1:42:01,58.42%
56,Christopher Babb,"Los Angeles, CA",801,1:41:26,7:45,M 20-29/18,M-29,54,1:41:38,58.39%
57,Erik Ruble,"Lancaster, CA",1085,1:41:28,7:45,M 40-49/11,M-49,55,1:49:04,65.43%
58,Carrie Liang,"Huntington Beach, CA",1353,1:41:32,7:45,F 30-39/0,F-32,3,1:41:32,65.01%
59,Josh Hantman,"Marina Del Rey, CA",1894,1:41:44,7:46,M 40-49/12,M-41,56,1:41:59,61.13%
60,Ulf Israelsson,"Altadena, CA",317,1:42:04,7:48,M 50-59/3,M-58,57,1:42:06,70.41%
61,Alan Chhith,"Los Angeles, CA",974,1:42:10,7:48,M 40-49/13,M-43,58,1:42:17,61.85%
62,Dean Gillespie,"Redlands, CA",1302,1:42:20,7:49,M 50-59/4,M-58,59,1:42:29,70.22%
63,Luis Santisteban,"San Pedro, CA",1815,1:42:20,7:49,M 30-39/21,M-36,60,1:49:20,58.59%
64,Alvaro Huerta,"Los Angeles, CA",194,1:42:24,7:49,M 30-39/22,M-34,61,1:44:07,58.07%
65,Elizabeth Swain,"Los Angeles, CA",908,1:42:27,7:49,F 20-29/1,F-28,4,1:42:31,64.27%
66,Jason Salas,"Tehachapi, CA",1173,1:42:50,7:51,M 30-39/23,M-33,62,1:42:51,57.69%
67,Matthew Gray,"Los Angeles, CA",689,1:42:53,7:51,M 20-29/19,M-26,63,1:43:39,57.57%
68,Matthew Sherwood,"Los Angeles, CA",1334,1:43:10,7:53,M 30-39/24,M-37,64,1:43:45,58.46%
69,David Dent,"San Diego, CA",1809,1:43:18,7:53,M 30-39/25,M-35,65,1:43:29,57.77%
70,Scott Hooper,"West Hollywood, CA",1219,1:43:21,7:53,M 30-39/26,M-33,66,1:43:24,57.40%
71,Richard Ogawa,"Los Angeles, CA",1764,1:43:32,7:54,M 30-39/27,M-37,67,1:43:41,58.25%
72,Amir Dorosti,"Cerritos, CA",468,1:43:39,7:55,M 30-39/28,M-32,68,1:43:45,57.16%
73,Gustavo Hernandez,"South Gate, CA",1800,1:43:55,7:56,M 30-39/29,M-33,69,1:44:06,57.08%
74,David George Johnson,"Walnut Creek, CA",180,1:43:57,7:56,M 30-39/30,M-34,70,1:44:00,57.20%
75,Colin Smith,"Santa Monica, CA",1106,1:43:58,7:56,M 20-29/20,M-27,71,1:44:04,56.97%
76,Del Carneiro,"Gardena, CA",470,1:44:00,7:56,M 40-49/14,M-48,72,1:44:06,63.31%
77,Rene Arias,"Sun Valley, CA",691,1:44:17,7:58,M 20-29/21,M-23,73,1:44:24,56.79%
78,Edgar Orozco,"San Fernando, CA",1077,1:44:21,7:58,M 20-29/22,M-27,74,1:44:28,56.76%
79,Sarah Swain,"Los Angeles, CA",866,1:44:26,7:58,F 20-29/2,F-24,5,1:44:30,63.05%
80,Robert Garcia,"Corona, CA",1298,1:44:28,7:59,M 40-49/15,M-45,75,1:45:03,61.48%
81,Mark Hicken,"Santa Monica, CA",250,1:44:30,7:59,M 40-49/16,M-43,76,1:44:31,60.47%
82,Jose Gonzalez,"Los Angeles, CA",1119,1:44:47,8:00,M 30-39/31,M-34,77,1:46:31,56.75%
83,Mika Yamaguchi,"Haiku, HI",1229,1:44:48,8:00,F 20-29/3,F-29,6,1:50:37,62.83%
84,Orion Cruz,"Kula, HI",1230,1:44:49,8:00,M 30-39/32,M-31,78,1:50:37,56.50%
85,Evan McNamara,"Burbank, CA",491,1:44:54,8:01,M 30-39/33,M-37,79,1:45:20,57.49%
86,Jesse Padilla,"Commerce, CA",1968,1:44:57,8:01,M 30-39/34,M-35,80,1:45:40,56.86%
87,Price Wilson,"Los Angeles, CA",948,1:44:57,8:01,M 40-49/17,M-40,81,1:45:07,58.78%
88,David Dealba,"Westminster, CA",1387,1:45:00,8:01,M 01-19/1,M-17,82,1:45:56,59.30%
89,Jorge Minero,"Los Angeles, CA",1221,1:45:06,8:01,M 01-19/2,M-1,83,1:45:10, 0.00%
90,Rob Timm,"West Hollywood, CA",2024,1:45:17,8:02,M 30-39/35,M-32,84,1:46:12,56.27%
91,Rafael Gonzalez,"Beverly Hills, CA",1515,1:45:20,8:03,M 50-59/5,M-54,85,1:45:22,65.82%
92,Neil Quach,"Westlake Village, CA",1834,1:45:28,8:03,M 40-49/18,M-42,86,1:45:31,59.44%
93,Danielle Gabele,"Agoura Hills, CA",1930,1:45:29,8:03,F 30-39/1,F-33,7,1:45:57,62.69%
94,Ignacio Enriquez,"Los Angeles, CA",1811,1:45:43,8:04,M 30-39/36,M-33,87,1:45:48,56.12%
95,Brian Li,"Los Angeles, CA",699,1:45:43,8:04,M 20-29/23,M-26,88,1:46:34,56.02%
96,Erick Pitsker,"Burbank, CA",2147,1:45:48,8:05,M 40-49/19,M-42,89,1:45:57,59.26%
97,Oscar Gutierrez,"Palmdale, CA",822,1:46:08,8:06,M 40-49/20,M-40,90,1:48:05,58.13%
98,Donald Bland,"Los Angeles, CA",1060,1:46:10,8:06,M 30-39/37,M-37,91,1:56:50,56.81%
99,William Haydt,"Manhattan Beach, CA",218,1:46:14,8:07,M 20-29/24,M-29,92,1:46:20,55.75%
100,Kerry Quakenbush,"Redondo Beach, CA",1675,1:46:19,8:07,M 40-49/21,M-47,93,1:46:26,61.41%
601,Kristian Santos,"Arleta, CA",1906,2:11:47,10:04,M 30-39/144,M-32,377,2:12:45,44.95%
602,Marlene Petrell,"Huntington Beach, CA",835,2:11:48,10:04,F 30-39/89,F-34,225,2:13:53,50.28%
603,Armughan Syed,"Los Angeles, CA",1260,2:11:49,10:04,M 30-39/145,M-30,378,2:12:39,44.93%
604,David Sagala,"Los Angeles, CA",385,2:11:53,10:04,M 40-49/101,M-47,379,2:12:28,49.51%
605,Michelle Ngai,"Long Beach, CA",504,2:11:56,10:04,F 40-49/53,F-45,226,2:12:43,53.56%
606,Martin Miguel,"Los Angeles, CA",1664,2:12:03,10:05,M 30-39/146,M-38,380,2:12:14,46.00%
607,Juan Pablo Perez,"Covina, CA",502,2:12:03,10:05,M 40-49/102,M-45,381,2:15:50,48.64%
608,Vivian Lew,"Monterey Park, CA",813,2:12:05,10:05,F 30-39/90,F-36,227,2:13:51,50.50%
609,Adriana Quiquivix,"Los Angeles, CA",935,2:12:08,10:05,F 20-29/66,F-25,228,2:12:55,49.83%
610,Kuuipo Benson,"Beaumont, CA",2076,2:12:13,10:06,F 40-49/54,F-49,229,2:12:42,55.72%
611,Jorge Ramirez,"Downey, CA",1069,2:12:16,10:06,M 40-49/103,M-44,382,2:14:31,48.17%
612,Jennifer Tamor,"Los Angeles, CA",610,2:12:16,10:06,F 40-49/55,F-43,230,2:13:37,52.51%
613,Debra Mason,"Yucaipa, CA",2079,2:12:16,10:06,F 40-49/56,F-47,231,2:12:43,54.47%
614,Jim Glick,"Running Springs, CA",1433,2:12:17,10:06,M 60-69/8,M-66,383,2:12:42,58.62%
615,Ruby Olm,"Los Angeles, CA",1375,2:12:18,10:06,F 20-29/67,F-25,232,2:13:46,49.77%
616,Marco Gascon,"Los Angeles, CA",643,2:12:18,10:06,M 50-59/56,M-56,384,2:13:41,53.35%
617,Colleen Sharpe,"Downey, CA",845,2:12:18,10:06,F 30-39/91,F-30,233,2:21:00,49.78%
618,John Marbury,"Rancho Cucamonga, CA",757,2:12:24,10:06,M 50-59/57,M-56,385,2:13:59,53.30%
619,Hayk Nenedzhyan,"Van Nuys, CA",1796,2:12:24,10:06,M 20-29/60,M-28,386,2:12:47,44.73%
620,Cristina Baba,"Gardena, CA",109,2:12:26,10:07,F 40-49/57,F-47,234,2:12:34,54.40%
621,Hajera Qavi,"Chino Hills, CA",1552,2:12:31,10:07,F 30-39/92,F-33,235,2:14:20,49.90%
622,Dorothy Sullivan,"Newbury Park, CA",27,2:12:34,10:07,F 40-49/58,F-49,236,2:13:15,55.58%
623,Mary Villanueva,"Long Beach, CA",539,2:12:42,10:08,F 40-49/59,F-49,237,2:14:04,55.52%
624,Justin Wieging,"West Hollywood, CA",1061,2:12:43,10:08,M 30-39/147,M-35,387,2:13:51,44.96%
625,Aric Haut,"Studio City, CA",1929,2:12:43,10:08,M 30-39/148,M-31,388,2:14:34,44.62%
626,Christian Harris,"Van Nuys, CA",2083,2:12:44,10:08,M 20-29/61,M-27,389,2:14:34,44.62%
627,Masato Kominami,"Los Angeles, CA",1406,2:12:44,10:08,M 40-49/104,M-44,390,2:14:05,48.00%
628,Christopher Worland,"West Hollywood, CA",601,2:12:44,10:08,M 50-59/58,M-52,391,2:14:07,51.32%
629,Elena Costello,"Los Angeles, CA",838,2:12:45,10:08,F 20-29/68,F-24,238,2:13:34,49.60%
630,Erin Kominami,"Los Angeles, CA",1407,2:12:45,10:08,F 30-39/93,F-33,239,2:14:06,49.81%
631,Kevin Costello,"Los Angeles, CA",846,2:12:45,10:08,M 20-29/62,M-25,392,2:13:35,44.61%
632,Terry Barbour,"Sierra Madre, CA",83,2:12:46,10:08,M 60-69/9,M-69,393,2:14:03,60.20%
633,Mariana Mueller,"Los Angeles, CA",1251,2:12:47,10:08,F 30-39/94,F-39,240,2:14:33,50.94%
634,Scott Ryan,"Burbank, CA",137,2:12:49,10:08,M 20-29/63,M-26,394,2:13:49,44.59%
635,David Maddox,"Glendale, CA",103,2:12:50,10:08,M 30-39/149,M-39,395,2:13:49,46.08%
636,Patricia Winiecki,"Paramount, CA",1558,2:12:52,10:09,F 60-69/1,F-63,241,2:14:29,66.87%
637,Gregory Kerstine,"Granada Hills, CA",204,2:12:59,10:09,M 30-39/150,M-30,396,2:13:09,44.53%
638,Tommy Ho,"Marina Del Rey, CA",1522,2:13:03,10:09,M 40-49/105,M-42,397,2:18:33,47.12%
639,Julio Garcia II,"Los Angeles, CA",1087,2:13:04,10:09,M 30-39/151,M-33,398,2:13:15,44.58%
640,Lorenzo Trinidad,"Ontario, CA",1663,2:13:05,10:10,M 30-39/152,M-39,399,2:14:41,45.99%
641,Melissa Tong,"Los Angeles, CA",1212,2:13:10,10:10,F 30-39/95,F-39,242,2:13:42,50.79%
642,Trent Vanegas,"Hollywood, CA",1286,2:13:12,10:10,M 40-49/106,M-40,400,2:13:23,46.31%
643,Juliana Calhoun,"Pasadena, CA",295,2:13:14,10:10,F 20-29/69,F-28,243,2:13:42,49.41%
644,Steven Barnthouse,"Los Angeles, CA",718,2:13:16,10:10,M 40-49/107,M-41,401,2:15:03,46.67%
645,Maren Jensen,"Northridge, CA",725,2:13:16,10:10,F 40-49/60,F-40,244,2:15:03,51.04%
646,Christina Kusumoto,"Lakewood, CA",1259,2:13:19,10:11,F 40-49/61,F-49,245,2:14:11,55.26%
647,Emma Douglas,"Los Angeles, CA",312,2:13:22,10:11,F 20-29/70,F-28,246,2:32:44,49.37%
648,Sarah Manley,"Los Angeles, CA",745,2:13:23,10:11,F 20-29/71,F-22,247,2:14:28,49.36%
649,Alma Zavala,"Los Angeles, CA",414,2:13:24,10:11,F 30-39/96,F-38,248,2:14:31,50.44%
650,Julian Esteve Rudd,"Los Angeles, CA",674,2:13:25,10:11,M 30-39/153,M-32,402,2:13:25,44.40%
651,Flora Ortiz,"El Monte, CA",168,2:13:30,10:11,F 20-29/72,F-27,249,2:15:01,49.32%
652,Amee McNaughton,"Los Angeles, CA",1098,2:13:32,10:12,F 30-39/97,F-35,250,2:14:15,49.78%
653,Danielle Reardon,"Los Angeles, CA",1099,2:13:33,10:12,F 30-39/98,F-34,251,2:14:14,49.63%
654,Morris Sanchez,"Burbank, CA",1238,2:13:33,10:12,M 30-39/154,M-35,403,2:14:31,44.68%
655,Agatha Ladd,"Venice, CA",593,2:13:36,10:12,F 40-49/62,F-40,252,2:14:37,50.92%
656,Christina Robles,"Reseda, CA",1689,2:13:39,10:12,F 30-39/99,F-36,253,2:22:48,49.91%
657,James Borow,"Marina Del Rey, CA",302,2:13:42,10:12,M 30-39/155,M-30,404,2:16:22,44.30%
658,Cristina Grace,"Marina Del Rey, CA",303,2:13:43,10:12,F 20-29/73,F-28,254,2:16:23,49.24%
659,Kev Treese,"Kansas City, MO",1093,2:13:50,10:13,M 40-49/108,M-44,405,2:16:16,47.60%
660,Mark Holder,"Los Angeles, CA",1710,2:13:53,10:13,M 60-69/10,M-60,406,2:14:57,54.68%
661,Luis Miranda,"Los Angeles, CA",1196,2:13:54,10:13,M 40-49/109,M-46,407,2:14:52,48.36%
662,Rafael Leonor,"Pasadena, CA",1279,2:13:55,10:13,M 20-29/64,M-26,408,2:14:14,44.22%
663,Maria Antonia Magana,"Lynwood, CA",1232,2:13:57,10:14,F 40-49/63,F-41,255,2:14:35,51.11%
664,Elizabeth Hinckley,"Glendale, CA",1339,2:14:00,10:14,F 40-49/64,F-45,256,2:16:53,52.73%
665,Pamela Wrona,"Hawthorne, CA",841,2:14:02,10:14,F 50-59/17,F-54,257,2:14:21,58.54%
666,Melanie Witkower,"Los Angeles, CA",326,2:14:07,10:14,F 20-29/74,F-23,258,2:14:30,49.09%
667,Cathee Hill,"Claremont, CA",86,2:14:08,10:14,F 20-29/75,F-29,259,2:15:34,49.09%
668,Dwight Des Lauriers,"Los Angeles, CA",1584,2:14:10,10:15,M 50-59/59,M-55,409,2:14:37,52.13%
669,Jacqueline Diaz,"Downey, CA",1231,2:14:10,10:15,F 30-39/100,F-33,260,2:16:10,49.28%
670,Francisco Ramirez,"Sylmar, CA",726,2:14:18,10:15,M 30-39/156,M-30,410,2:15:28,44.10%
671,Janette Vargas,"Azusa, CA",905,2:14:19,10:15,F 20-29/76,F-28,261,2:15:14,49.02%
672,Natasha Marsh,"Costa Mesa, CA",1866,2:14:20,10:15,F 20-29/77,F-21,262,2:15:05,49.01%
673,Anita Cavallo,"Los Angeles, CA",41,2:14:21,10:15,F 30-39/101,F-37,263,2:19:54,49.85%
674,Mirko Borivojevic,"Foster City, CA",1708,2:14:22,10:15,M 20-29/65,M-28,411,2:15:57,44.08%
675,Michael Machado,"Burbank, CA",1540,2:14:31,10:16,M 40-49/110,M-46,412,2:14:55,48.14%
676,Brianna Millard,"Mission Hills, CA",158,2:14:31,10:16,F 20-29/78,F-27,264,2:15:01,48.95%
677,Walter Hernandez,"Valley Village, CA",211,2:14:38,10:17,M 20-29/66,M-28,413,2:19:08,43.99%
678,Mariann Claggett,"Los Angeles, CA",711,2:14:42,10:17,F 40-49/65,F-44,265,2:15:54,51.99%
679,Joy Weber,"Fullerton, CA",1771,2:14:52,10:18,F 40-49/66,F-47,266,2:15:57,53.42%
680,James Bell,"Long Beach, CA",25,2:14:54,10:18,M 40-49/111,M-47,414,2:17:08,48.40%
681,Lou Franson,"Rancho Santa Margarita, CA",583,2:14:57,10:18,M 60-69/11,M-63,415,2:15:18,55.82%
682,Morgann Franson Jaglin,"Sherman Oaks, CA",386,2:14:57,10:18,F 30-39/102,F-34,267,2:15:55,49.11%
683,Haruka Tsurutani,"Pasadena, CA",1960,2:15:05,10:19,F 30-39/103,F-34,268,2:15:45,49.06%
684,Jean Laroche,"Los Angeles, CA",1058,2:15:05,10:19,M 60-69/12,M-62,416,2:16:02,55.22%
685,Jennifer Kagawa,"Los Angeles, CA",1350,2:15:06,10:19,F 30-39/104,F-37,269,2:16:27,49.57%
686,Caroline Feraday,"Los Angeles, CA",350,2:15:07,10:19,F 30-39/105,F-37,270,2:20:08,49.57%
687,Ann Tomlinson,"Los Angeles, CA",1233,2:15:11,10:19,F 50-59/18,F-56,271,2:17:13,59.58%
688,Holly Brown,"Los Angeles, CA",1102,2:15:17,10:20,F 30-39/106,F-33,272,2:15:59,48.88%
689,Matthew Hutnick,"San Diego, CA",1223,2:15:19,10:20,M 50-59/60,M-53,417,2:20:09,50.79%
690,Alexandra Fell,"Irvine, CA",1277,2:15:20,10:20,F 20-29/79,F-28,273,2:16:30,48.65%
691,Weimar Velez,"Palmdale, CA",1475,2:15:20,10:20,M 40-49/112,M-44,418,2:16:03,47.07%
692,Carol Ho,"Hacienda Heights, CA",505,2:15:22,10:20,F 30-39/107,F-32,274,2:15:38,48.76%
693,Zemero Requena,"Los Angeles, CA",1402,2:15:27,10:20,M 20-29/67,M-26,419,2:16:41,43.72%
694,Adondis Townsend,"Mission Viejo, CA",1135,2:15:30,10:21,M 40-49/113,M-42,420,2:16:21,46.27%
695,Kenneth McDonald,"Oceanside, CA",34,2:15:32,10:21,M 50-59/61,M-56,421,2:16:23,52.07%
696,Beth McClinton,"Los Angeles, CA",390,2:15:32,10:21,F 40-49/67,F-43,275,2:17:16,51.25%
697,Cindy Flores,"Los Angeles, CA",1683,2:15:33,10:21,F 20-29/80,F-23,276,2:17:26,48.57%
698,Ada Castro,"Sugar Land, TX",1523,2:15:35,10:21,F 30-39/108,F-35,277,2:16:37,49.03%
699,Tom Lac,"Alhambra, CA",1500,2:15:35,10:21,M 40-49/114,M-43,422,2:16:39,46.61%
700,Megan Killeen,"Pacific Palisades, CA",1762,2:15:38,10:21,F 30-39/109,F-35,278,2:16:18,49.01%
701,Emily Cohen-Meth,"Culver City, CA",1748,2:15:50,10:22,F 40-49/68,F-47,279,2:16:14,53.04%
702,Cindy Kramer,"Sherman Oaks, CA",1747,2:15:50,10:22,F 50-59/19,F-56,280,2:16:14,59.30%
703,Laura Garcia,"Los Angeles, CA",231,2:15:50,10:22,F 20-29/81,F-26,281,2:16:26,48.47%
704,Mankong Leung,"Shanghai, ",1642,2:15:52,10:22,M 40-49/115,M-48,423,2:16:37,48.46%
705,Alicia Stella,"Valencia, CA",663,2:15:52,10:22,F 40-49/69,F-47,282,2:16:36,53.02%
706,Lisa Haugen,"Valencia, CA",633,2:15:53,10:22,F 50-59/20,F-53,283,2:16:36,57.00%
707,Keith SimcHuk,"Fullerton, CA",497,2:15:55,10:23,M 30-39/157,M-37,424,2:17:24,44.37%
708,Sarah Galatsis,"Torrance, CA",486,2:16:01,10:23,F 40-49/70,F-41,284,2:16:55,50.33%
709,Cathy O'Reilly,"Glendale, CA",2144,2:16:02,10:23,F 50-59/21,F-59,285,2:16:26,61.68%
710,Samantha Knight,"South Pasadena, CA",928,2:16:03,10:23,F 40-49/71,F-43,286,2:17:51,51.05%
711,Eileen So,"Los Angeles, CA",599,2:16:14,10:24,F 20-29/82,F-27,287,2:17:43,48.33%
712,Arcelia Arce,"South Pasadena, CA",463,2:16:14,10:24,F 30-39/110,F-38,288,2:16:51,49.39%
713,Dan Koehler,"29 Palms, CA",464,2:16:20,10:24,M 20-29/68,M-28,425,2:17:47,43.44%
714,Jason Laurel,"Chino Hills, CA",1215,2:16:21,10:25,M 40-49/116,M-40,426,2:16:47,45.24%
715,Carol Tang,"Culver City, CA",64,2:16:27,10:25,F 50-59/22,F-53,289,2:17:36,56.77%
716,Liliana Gomez,"Studio City, CA",690,2:16:27,10:25,F 20-29/83,F-29,290,2:17:16,48.25%
717,Casey Bryan,"Los Angeles, CA",170,2:16:29,10:25,M 40-49/117,M-41,427,2:17:09,45.57%
718,Eileen Clarin,"Brea, CA",1204,2:16:29,10:25,F 40-49/72,F-41,291,2:16:41,50.16%
719,Bob Sterling,"Fallbrook, CA",897,2:16:30,10:25,M 40-49/118,M-44,428,2:16:48,46.67%
720,Alison Frunzi,"West Hollywood, CA",1091,2:16:33,10:25,F 30-39/111,F-30,292,2:16:45,48.23%
721,Tracey Palmberg,"San Diego, CA",850,2:16:33,10:25,F 40-49/73,F-44,293,2:17:32,51.28%
722,Corinne Youngholm,"San Diego, CA",849,2:16:33,10:25,F 50-59/23,F-51,294,2:17:32,55.30%
723,Sarah Morales,"Los Angeles, CA",910,2:16:35,10:26,F 30-39/112,F-31,295,2:17:50,48.25%
724,Ronny Alvarez,"Fayetteville, NC",1659,2:16:35,10:26,M 20-29/69,M-27,429,2:17:20,43.36%
725,Mandy Shaff,"Los Angeles, CA",311,2:16:43,10:26,F 30-39/113,F-34,296,2:36:05,48.48%
726,Julie Riley,"South Pasadena, CA",1336,2:16:44,10:26,F 40-49/74,F-46,297,2:19:37,52.16%
727,William Estrada,"Los Angeles, CA",926,2:16:45,10:26,M 30-39/158,M-38,430,2:17:22,44.42%
728,Kaitlyn Romberg,"Long Beach, CA",687,2:16:45,10:26,F 20-29/84,F-22,298,2:23:58,48.15%
729,Jennifer Hoey,"Diamond Bar, CA",636,2:16:45,10:26,F 40-49/75,F-49,299,2:19:47,53.88%
730,Alina Vradiy,"Los Angeles, CA",853,2:16:46,10:26,F 30-39/114,F-32,300,2:18:07,48.26%
731,Ruth Gonzalez,"Los Angeles, CA",1695,2:16:47,10:27,F 30-39/115,F-37,301,2:17:53,48.96%
732,Jiun Chiang,"Fullerton, CA",1210,2:16:47,10:27,M 20-29/70,M-28,431,2:17:52,43.30%
733,Melissa Couch,"Los Angeles, CA",1211,2:16:49,10:27,F 20-29/85,F-25,302,2:17:52,48.12%
734,Art Kirkland,"Los Angeles, CA",569,2:16:50,10:27,M 50-59/62,M-57,432,2:18:29,52.04%
735,Azucena Cabrera,"Canoga Park, CA",996,2:16:55,10:27,F 30-39/116,F-32,303,2:18:16,48.21%
736,Alexandra Verini,"West Hollywood, CA",1670,2:16:57,10:27,F 30-39/117,F-30,304,2:17:48,48.09%
737,Chris McGahan,"Los Angeles, CA",266,2:16:58,10:27,M 30-39/159,M-33,433,2:18:49,43.31%
738,Mark The Shark,"Burbank, CA",868,2:16:59,10:27,M 50-59/63,M-52,434,2:17:36,49.73%
739,Gary Castaldo,"Los Angeles, CA",1549,2:17:09,10:28,M 50-59/64,M-56,435,2:17:31,51.46%
740,Carolyn Hammel,"Los Angeles, CA",362,2:17:10,10:28,F 50-59/24,F-56,305,2:17:48,58.72%
741,Mark Witthoeft,"Anaheim Hill, CA",1149,2:17:34,10:30,M 50-59/65,M-55,436,2:19:21,50.84%
742,Tulia Vazquez Montes,"Los Angeles, CA",833,2:17:39,10:30,F 30-39/118,F-38,306,2:27:34,48.89%
743,Karina Martinez,"Downey, CA",1606,2:17:42,10:31,F 30-39/119,F-32,307,2:18:17,47.94%
744,Colin Sapire,"Pacific Plsd, CA",2045,2:17:42,10:31,M 50-59/66,M-55,437,2:18:12,50.79%
745,Jean Hawkins,"Burbank, CA",2042,2:17:45,10:31,F 60-69/2,F-62,308,2:18:51,63.56%
746,Justin Saechee,"Los Angeles, CA",762,2:17:55,10:32,M 30-39/160,M-32,438,2:19:08,42.95%
747,Bryant Fuentes,"Los Angeles, CA",1342,2:17:56,10:32,M 20-29/71,M-25,439,2:19:44,42.94%
748,Elisa Pini,"Huntington Beach, CA",251,2:18:00,10:32,F 40-49/76,F-46,309,2:19:19,51.68%
749,Todd King,"West Hills, CA",1814,2:18:01,10:32,M 50-59/67,M-53,440,2:18:39,49.79%
750,Tushar Dutta,"West Hollywood, CA",405,2:18:13,10:33,M 30-39/161,M-32,441,2:19:48,42.86%
751,Mirna Martinez,"Los Angeles, CA",1581,2:18:13,10:33,F 01-19/1,F-19,310,2:19:06,47.90%
752,Maria Gomez-Sosa,"Arcadia, CA",1973,2:18:19,10:34,F 30-39/120,F-38,311,2:19:17,48.65%
753,Tony Velador,"Moorpark, CA",1997,2:18:20,10:34,M 50-59/68,M-52,442,2:19:47,49.25%
754,Tynisha King,"Los Angeles, CA",182,2:18:20,10:34,F 30-39/121,F-35,312,2:18:45,48.05%
755,Suzanna Djukic,"Glendale, CA",310,2:18:22,10:34,F 30-39/122,F-37,313,2:19:36,48.40%
756,Regina Robles,"La Puente, CA",423,2:18:26,10:34,F 40-49/77,F-43,314,2:19:17,50.17%
757,Hazel Tirona,"Pasadena, CA",367,2:18:26,10:34,F 40-49/78,F-40,315,2:19:17,49.13%
758,Lauren Tse,"La Verne, CA",962,2:18:27,10:34,F 20-29/86,F-24,316,2:19:00,47.56%
759,Brian Olona,"Brea, CA",1637,2:18:28,10:34,M 40-49/119,M-46,443,2:20:00,46.77%
760,Marquis Jones,"Los Angeles, CA",1014,2:18:29,10:34,M 20-29/72,M-26,444,2:19:58,42.77%
761,Avigail Medina,"Porter Ranch, CA",240,2:18:31,10:34,F 30-39/123,F-39,317,2:19:37,48.83%
762,Carmen Alvarez,"Torrance, CA",1159,2:18:33,10:35,F 30-39/124,F-36,318,2:19:33,48.15%
763,Richard Gagliano,"Playa Del Rey, CA",632,2:18:34,10:35,M 50-59/69,M-54,445,2:18:39,50.03%
764,April Tamashiro,"Downey, CA",440,2:18:35,10:35,F 30-39/125,F-30,319,2:24:13,47.52%
765,Adam Drawas,"West Hollywood, CA",2149,2:18:38,10:35,M 30-39/162,M-34,446,2:19:59,42.89%
766,Kristie Wang,"Los Angeles, CA",397,2:18:39,10:35,F 20-29/87,F-26,320,2:19:56,47.49%
767,Hyung Kang,"Fullerton, CA",573,2:18:39,10:35,M 20-29/73,M-27,447,2:19:56,42.71%
768,Cristina Quezada,"Los Angeles, CA",1067,2:18:42,10:35,F 30-39/126,F-35,321,2:20:27,47.93%
769,Robert Laurita,"Sherman Oaks, CA",54,2:18:45,10:35,M 40-49/120,M-47,448,2:19:13,47.06%
770,Schamberlea Johnson,"Camarillo, CA",1629,2:18:46,10:36,F 20-29/88,F-29,322,2:18:57,47.45%
771,Janice Bennett,"Colorado Springs, CO",1677,2:18:46,10:36,F 50-59/25,F-58,323,2:18:57,59.64%
772,Adrian Juarez,"Santa Fe Springs, CA",1875,2:18:47,10:36,M 20-29/74,M-21,449,2:19:17,42.85%
773,Micah Abelson,"Lakewood, CA",363,2:18:48,10:36,M 40-49/121,M-40,450,2:20:39,44.45%
774,Gedeon Pagarigan,"Redlands, CA",814,2:18:49,10:36,M 40-49/122,M-44,451,2:21:34,45.89%
775,John Nelson,"Simi Valley, CA",203,2:18:49,10:36,M 40-49/123,M-49,452,2:19:09,47.83%
776,Jennie Ann Parungao,"Los Angeles, CA",1116,2:19:05,10:37,F 30-39/127,F-30,324,2:19:57,47.35%
777,Karen Lee,"La Crescenta, CA",870,2:19:06,10:37,F 50-59/26,F-51,325,2:19:58,54.28%
778,Tya Washington,"Long Beach, CA",1550,2:19:09,10:37,F 30-39/128,F-38,326,2:22:09,48.36%
779,Nestor Ponce De Leon,"Lancaster, CA",413,2:19:10,10:37,M 50-59/70,M-55,453,2:19:24,50.26%
780,Ana Rodriguez,"South Gate, CA",770,2:19:13,10:38,F 20-29/89,F-23,327,2:19:52,47.29%
781,Hugo De La Roca,"Lynwood, CA",1376,2:19:13,10:38,M 20-29/75,M-23,454,2:19:52,42.54%
782,Candis Holker,"Rancho Cucamonga, CA",931,2:19:14,10:38,F 30-39/129,F-32,328,2:20:10,47.41%
783,Oscar Hurtado,"Los Angeles, CA",973,2:19:16,10:38,M 30-39/163,M-33,455,2:20:20,42.60%
784,Bullet Bales,"Glendale, CA",1901,2:19:17,10:38,M 70-99/1,M-71,456,2:19:23,58.63%
785,Ismael Morales,"Bell, CA",1665,2:19:18,10:38,M 20-29/76,M-27,457,2:19:47,42.52%
786,Rebecca Soper,"Los Angeles, CA",111,2:19:18,10:38,F 30-39/130,F-35,329,2:20:22,47.72%
787,Jeff Katz,"Los Angeles, CA",87,2:19:20,10:38,M 20-29/77,M-29,458,2:20:22,42.51%
788,Jessica Arenas,"Greensboro, NC",1362,2:19:20,10:38,F 20-29/90,F-23,330,2:30:42,47.25%
789,Brent X Mendoza,"West Hollywood, CA",1912,2:19:23,10:38,M 30-39/164,M-33,459,2:20:02,42.56%
790,Takeshi Shimada,"Gardena, CA",1733,2:19:25,10:39,M 40-49/124,M-43,460,2:19:52,45.33%
791,Amanda Montes,"Riverside, CA",955,2:19:26,10:39,F 20-29/91,F-24,331,2:20:14,47.22%
792,Grace Hoang,"Rowland Heights, CA",1449,2:19:26,10:39,F 20-29/92,F-26,332,2:22:20,47.22%
793,Dariusz Wyrzykowski,"Marina Del Rey, CA",2069,2:19:27,10:39,M 30-39/165,M-34,461,2:20:37,42.64%
794,Jesse Ceja,"Ontario, CA",269,2:19:27,10:39,M 30-39/166,M-33,462,2:19:52,42.54%
795,Stephanie Powell,"Los Angeles, CA",1810,2:19:37,10:39,F 30-39/131,F-33,333,2:30:28,47.36%
796,Sean Russell,"West Hollywood, CA",2036,2:19:46,10:40,M 30-39/167,M-37,463,2:20:19,43.15%
797,Hayley Morrisette,"West Hollywood, CA",1081,2:19:51,10:41,F 20-29/93,F-29,334,2:20:28,47.08%
798,Lisa Josefsberg,"Los Angeles, CA",133,2:19:51,10:41,F 50-59/27,F-51,335,2:20:06,53.99%
799,Ken Josefsberg,"Los Angeles, CA",88,2:19:52,10:41,M 50-59/71,M-51,464,2:20:06,48.29%
800,Justin Reese,"Los Angeles, CA",1924,2:19:53,10:41,M 30-39/168,M-31,465,2:20:07,42.34%
801,Dee Murthy,"West Hollywood, CA",1082,2:19:56,10:41,M 30-39/169,M-34,466,2:20:31,42.49%
802,Jesus De La Rosa,"South Gate, CA",1801,2:19:57,10:41,M 30-39/170,M-37,467,2:20:07,43.09%
803,Mark Hicks,"Orange, CA",1502,2:19:59,10:41,M 50-59/72,M-52,468,2:20:46,48.67%
804,Mei Nickles,"Pasadena, CA",366,2:20:04,10:42,F 20-29/94,F-28,336,2:21:35,47.01%
805,Vanessa Guthrie,"Goleta, CA",1410,2:20:06,10:42,F 20-29/95,F-22,337,2:20:13,47.00%
806,Sharad Patel,"Los Angeles, CA",565,2:20:06,10:42,M 30-39/171,M-31,469,2:21:50,42.27%
807,Rya Levin,"Venice, CA",1412,2:20:07,10:42,F 30-39/132,F-30,338,2:20:56,47.00%
808,Andrew Lyjak,"Culver City, CA",1544,2:20:08,10:42,M 20-29/78,M-28,470,2:20:54,42.26%
809,Brandalyn Riedel,"Culver City, CA",1538,2:20:08,10:42,F 20-29/96,F-28,339,2:20:54,46.98%
810,Monica Pires,"Los Angeles, CA",412,2:20:08,10:42,F 20-29/97,F-26,340,2:20:56,46.98%
811,Sherri Hopeman,"Sherman Oaks, CA",863,2:20:09,10:42,F 40-49/79,F-48,341,2:20:28,51.96%
812,Margaret Gelly,"Los Angeles, CA",232,2:20:12,10:42,F 20-29/98,F-26,342,2:27:34,46.96%
813,Melissa Yoshimoto,"Playa Del Rey, CA",113,2:20:12,10:42,F 20-29/99,F-25,343,2:27:34,46.96%
814,Leticia Quijada,"Los Angeles, CA",1184,2:20:18,10:43,F 40-49/80,F-42,344,2:21:22,49.14%
815,Nick Petronzio,"Los Angeles, CA",40,2:20:20,10:43,M 30-39/172,M-34,471,2:25:51,42.37%
816,Diana McInnis,"Fort Irwin, CA",1029,2:20:38,10:44,F 20-29/100,F-29,345,2:21:54,46.82%
817,Rosemary Christoffersen,"Los Angeles, CA",1831,2:20:39,10:44,F 30-39/133,F-38,346,2:24:47,47.84%
818,Carmen Tomooka,"Rancho Cucamonga, CA",1782,2:20:39,10:44,F 40-49/81,F-41,347,2:21:02,48.67%
819,Raquel Prado,"Pasadena, CA",1949,2:20:40,10:44,F 30-39/134,F-35,348,2:21:10,47.26%
820,Sofia Anjum,"Los Angeles, CA",980,2:20:42,10:44,F 20-29/101,F-29,349,2:22:13,46.80%
821,Joanna O'Toole,"La Canada Flintridge, CA",1030,2:20:45,10:45,F 50-59/28,F-53,350,2:21:30,55.03%
822,Felipe Sattler,"North Hollywood, CA",1300,2:20:46,10:45,M 30-39/173,M-37,472,2:20:46,42.84%
823,Veronica Foreman,"Marina Del Rey, CA",1821,2:20:48,10:45,F 20-29/102,F-22,351,2:28:29,46.76%
824,Aimee Foster,"Rancho Cucamonga, CA",989,2:20:50,10:45,F 20-29/103,F-27,352,2:24:18,46.75%
825,Donna Jackson,"Canyon Country, CA",830,2:20:51,10:45,F 40-49/82,F-47,353,2:21:00,51.15%
826,Greg Loyo,"Mission Viejo, CA",1264,2:20:55,10:45,M 50-59/73,M-53,473,2:21:25,48.77%
827,Rebecca Galindo,"Los Angeles, CA",509,2:20:57,10:46,F 20-29/104,F-20,354,2:22:03,46.74%
828,Nicholas Leung,"Downey, CA",600,2:21:03,10:46,M 30-39/174,M-30,474,2:22:48,41.99%
829,Linda Kim,"Downey, CA",622,2:21:03,10:46,F 30-39/135,F-30,355,2:22:48,46.69%
830,Christina Sanchez,"Corona, CA",1991,2:21:04,10:46,F 40-49/83,F-42,356,2:28:03,48.87%
831,David Ward,"West Hollywood, CA",1742,2:21:05,10:46,M 30-39/175,M-32,475,2:21:23,41.99%
832,Clerissa Espanol,"Duarte, CA",1041,2:21:07,10:46,F 40-49/84,F-49,357,2:21:13,52.21%
833,Savannah Moore,"Alhambra, CA",1632,2:21:08,10:46,F 20-29/105,F-22,358,2:21:30,46.65%
834,Frank J Herrera,"Los Alamitos, CA",1294,2:21:14,10:47,M 30-39/176,M-37,476,2:22:21,42.70%
835,Francesca Longoria,"Los Angeles, CA",1870,2:21:15,10:47,F 40-49/85,F-42,359,2:22:32,48.81%
836,Kathy McGuire,"Sunland, CA",343,2:21:16,10:47,F 30-39/136,F-33,360,2:22:54,46.81%
837,Valeria Moreno,"Whittier, CA",1293,2:21:16,10:47,F 30-39/137,F-30,361,2:22:21,46.62%
838,Samantha Morris,"Los Angeles, CA",341,2:21:20,10:47,F 30-39/138,F-35,362,2:22:58,47.03%
839,Courtney Jeng,"Long Beach, CA",1017,2:21:22,10:47,F 30-39/139,F-32,363,2:21:37,46.69%
840,Tawny Castaneda,"Valley Village, CA",215,2:21:26,10:48,F 30-39/140,F-31,364,2:22:58,46.60%
841,Linda Perez,"Covina, CA",501,2:21:29,10:48,F 40-49/86,F-49,365,2:25:17,52.07%
842,Enrique Arroyo,"Pasadena, CA",119,2:21:30,10:48,M 40-49/125,M-42,477,2:22:30,44.30%
843,Julio Sequeira,"Los Angeles, CA",2048,2:21:35,10:48,M 30-39/177,M-31,478,2:23:03,41.83%
844,Hendrix Anderson,"Bellflower, CA",574,2:21:45,10:49,M 40-49/126,M-45,479,2:22:49,45.31%
845,Kiley Majeski,"Cypress, CA",1487,2:21:45,10:49,F 30-39/141,F-30,366,2:23:39,46.46%
846,Marisol Cabral,"Pacoima, CA",1092,2:21:45,10:49,F 30-39/142,F-36,367,2:23:06,47.06%
847,Makedonka Stoilova,"Los Angeles, CA",267,2:21:46,10:49,F 20-29/106,F-24,368,2:23:35,46.44%
848,Rupert Francisco,"Los Angeles, CA",1468,2:21:46,10:49,M 20-29/79,M-27,480,2:22:29,41.78%
849,Madeline Stone,"San Jose, CA",1805,2:21:48,10:49,F 20-29/107,F-20,369,2:23:30,46.46%
850,Ashley Derrington,"Los Angeles, CA",347,2:21:53,10:50,F 20-29/108,F-24,370,2:30:14,46.41%
851,Stephanie Chandler,"Torrance, CA",324,2:21:56,10:50,F 20-29/109,F-28,371,2:23:00,46.39%
852,Lillian Johnson,"Santa Monica, CA",612,2:22:02,10:51,F 20-29/110,F-27,372,2:26:53,46.36%
853,Shawna Foster,"Los Angeles, CA",906,2:22:02,10:51,F 20-29/111,F-27,373,2:26:53,46.36%
854,Annie Rosick,"Los Angeles, CA",276,2:22:11,10:51,F 20-29/112,F-29,374,2:22:37,46.31%
855,Wendy Rios,"Los Angeles, CA",1976,2:22:13,10:51,F 40-49/87,F-42,375,2:23:13,48.48%
856,Nicole Corral,"Richland, WA",607,2:22:13,10:51,F 20-29/113,F-29,376,2:23:47,46.30%
857,Lisa Burchell,"McKinney, TX",1647,2:22:15,10:52,F 40-49/88,F-49,377,2:23:46,51.79%
858,Rafe Du Bois,"San Jose, CA",1804,2:22:15,10:52,F 40-49/89,F-47,378,2:23:57,50.64%
859,Art Rodriguez,"Downey, CA",1479,2:22:16,10:52,M 60-69/13,M-62,481,2:22:46,52.43%
860,Bianca Torres,"Downey, CA",1450,2:22:18,10:52,F 20-29/114,F-26,379,2:22:19,46.27%
861,Johana Wolff,"North Hollywood, CA",1301,2:22:18,10:52,F 30-39/143,F-30,380,2:22:19,46.28%
862,Jordyn Fischer,"Los Angeles, CA",379,2:22:20,10:52,F 20-29/115,F-25,381,2:23:15,46.26%
863,Stephanie Arevalo,"Los Angeles, CA",1520,2:22:23,10:52,F 20-29/116,F-28,382,2:24:12,46.24%
864,Debra Damico,"West Hollywood, CA",17,2:22:27,10:52,F 50-59/29,F-54,383,2:22:49,55.08%
865,Hannah Orlin,"Los Angeles, CA",287,2:22:34,10:53,F 20-29/117,F-24,384,2:30:54,46.18%
866,Raluca Carp,"Los Angeles, CA",1420,2:22:38,10:53,F 30-39/144,F-32,385,2:24:03,46.28%
867,Charles Kohorst,"Glendora, CA",285,2:22:38,10:53,M 20-29/80,M-26,482,2:24:09,41.52%
868,Ricky Chan,"Diamond Bar, CA",1899,2:22:41,10:53,M 50-59/74,M-59,483,2:23:05,50.84%
869,Kevin Vu,"Orange, CA",1507,2:22:43,10:54,M 40-49/127,M-46,484,2:22:53,45.37%
870,Julie To,"San Gabriel, CA",900,2:22:48,10:54,F 40-49/90,F-40,386,2:32:42,47.64%
871,Ashley Lightner,"Roanoke, IN",811,2:22:54,10:54,F 30-39/145,F-32,387,2:22:56,46.19%
872,Jorge Yxcot,"Los Angeles, CA",417,2:22:55,10:55,M 20-29/81,M-25,485,2:23:34,41.44%
873,Aileen Del Cid,"Valley Village, CA",2067,2:22:57,10:55,F 20-29/118,F-27,388,2:24:07,46.06%
874,Patrick Karschamroon,"Los Angeles, CA",1680,2:22:57,10:55,M 30-39/178,M-33,486,2:23:06,41.50%
875,Sharon Carmona,"Los Angeles, CA",1164,2:22:58,10:55,F 20-29/119,F-27,389,2:23:33,46.05%
876,Susan Kara,"Escondido, CA",644,2:23:01,10:55,F 30-39/146,F-33,390,2:23:27,46.24%
877,Luisa Fernanda Sequeiros Acosta,"Beverly Hills, CA",2055,2:23:02,10:55,F 30-39/147,F-34,391,2:24:05,46.33%
878,Sweeni-Elin Kiely,"Los Angeles, CA",2084,2:23:03,10:55,F 30-39/148,F-33,392,2:24:39,46.22%
879,Kelly Paul,"Los Angeles, CA",1678,2:23:04,10:55,F 30-39/149,F-31,393,2:23:12,46.07%
880,Robin Fichtelberg,"Fullerton, CA",210,2:23:05,10:55,F 40-49/91,F-47,394,2:23:31,50.35%
881,Anita Zimmerman,"Simi Valley, CA",2037,2:23:10,10:56,F 40-49/92,F-43,395,2:24:22,48.52%
882,Kellie Smith,"Los Angeles, CA",328,2:23:10,10:56,F 40-49/93,F-40,396,2:24:01,47.51%
883,Catherine Des Lauriers,"Los Angeles, CA",1583,2:23:10,10:56,F 60-69/3,F-69,397,2:23:37,68.06%
884,Wesley Coleman,"Redondo Beach, CA",1803,2:23:13,10:56,M 30-39/179,M-39,487,2:27:24,42.74%
885,Jennifer Coleman,"Redondo Beach, CA",1802,2:23:13,10:56,F 30-39/150,F-39,398,2:27:25,47.23%
886,Reiko Sasaki,"Los Angeles, CA",2070,2:23:15,10:56,F 40-49/95,F-40,399,2:24:36,47.49%
887,Janette Bellettini,"Winnetka, CA",524,2:23:15,10:56,F 40-49/94,F-49,400,2:23:39,51.43%
888,Oscar Favela,"Las Vegas, NV",1631,2:23:16,10:56,M 30-39/180,M-33,488,2:23:48,41.41%
889,Jeannine Ho,"Bellflower, CA",1757,2:23:20,10:56,F 20-29/120,F-25,401,2:24:12,45.94%
890,Joanne Parungao,"Los Angeles, CA",1117,2:23:20,10:56,F 30-39/151,F-33,402,2:24:12,46.13%
891,Sarah Presley,"Santa Clarita, CA",84,2:23:21,10:57,F 30-39/152,F-31,403,2:23:54,45.98%
892,Felipe Diaz,"Los Angeles, CA",890,2:23:21,10:57,M 20-29/82,M-29,489,2:24:48,41.31%
893,Robert Gold,"Los Angeles, CA",848,2:23:22,10:57,M 50-59/75,M-52,490,2:24:22,47.52%
894,Paul Putrino,"Burbank, CA",1245,2:23:22,10:57,M 50-59/76,M-50,491,2:23:56,46.70%
895,Brad Goldberg,"Studio City, CA",1735,2:23:22,10:57,M 60-69/14,M-64,493,2:23:40,53.04%
896,Miguel Amaya,"Los Angeles, CA",1604,2:23:22,10:57,M 01-19/10,M-14,492,2:24:46,45.77%
897,Christine Cronkrite,"Los Angeles, CA",37,2:23:29,10:57,F 40-49/96,F-47,404,2:24:05,50.21%
898,Jeric Huang,"West Hollywood, CA",784,2:23:29,10:57,M 30-39/181,M-30,494,2:25:03,41.28%
899,George Stark,"Los Angeles, CA",686,2:23:32,10:57,M 30-39/182,M-32,495,2:28:33,41.27%
900,Anne Webster,"Los Angeles, CA",594,2:23:32,10:57,F 20-29/121,F-27,405,2:23:58,45.87%
901,Kathleen Laurel,"Chino Hills, CA",1214,2:23:34,10:58,F 30-39/153,F-39,406,2:24:00,47.11%
902,Crystal Pitcher,"Los Angeles, CA",1719,2:23:38,10:58,F 40-49/97,F-45,407,2:24:39,49.19%
903,Christy Teater,"Lake Mary, FL",1186,2:23:40,10:58,F 40-49/98,F-45,408,2:25:11,49.18%
904,Alice Chung,"Pasadena, CA",1455,2:23:41,10:58,F 30-39/154,F-38,409,2:24:07,46.83%
905,Suzi Barry,"North Hollywood, CA",1822,2:23:45,10:58,F 40-49/99,F-44,410,2:24:42,48.71%
906,Brian Perry,"Altadena, CA",558,2:23:45,10:58,M 30-39/183,M-34,496,2:24:53,41.36%
907,Kelly Miles,"West Hollywood, CA",550,2:23:48,10:59,F 20-29/122,F-27,411,2:24:34,45.79%
908,Kevin Velez,"Palmdale, CA",2041,2:23:49,10:59,M 20-29/83,M-25,497,2:24:32,41.18%
909,Dennis Kato,"Huntington Beach, CA",1914,2:23:50,10:59,M 50-59/77,M-56,498,2:24:56,49.07%
910,Debbie Lucas,"Los Alamitos, CA",161,2:23:50,10:59,F 30-39/155,F-36,412,2:24:49,46.38%
911,Anna Benedict,"Torrance, CA",484,2:23:52,10:59,F 40-49/100,F-44,413,2:24:45,48.67%
912,Miguel Rosario,"Orlando, FL",496,2:23:58,10:59,M 40-49/128,M-42,499,2:25:32,43.55%
913,Brian Knouft,"Los Angeles, CA",264,2:24:00,11:00,M 40-49/129,M-43,500,2:25:39,43.88%
914,Gary Krahl,"Placentia, CA",656,2:24:06,11:00,M 40-49/130,M-45,501,2:24:43,44.57%
915,Carolin Krahl,"Placentia, CA",655,2:24:07,11:00,F 40-49/101,F-43,414,2:24:43,48.20%
916,Sevim Mollova,"West Hollywood, CA",2017,2:24:23,11:01,F 20-29/123,F-27,415,2:26:08,45.60%
917,Ingrid Solorzano,"Chino, CA",2053,2:24:24,11:01,F 50-59/30,F-56,416,2:25:14,55.78%
918,Matthew Borja,"Carson, CA",1698,2:24:24,11:01,M 30-39/184,M-30,502,2:30:51,41.01%
919,Amy Goldstein,"Los Angeles, CA",2034,2:24:25,11:01,F 40-49/102,F-45,417,2:24:44,48.93%
920,Cathleen Villarreal,"Calabasas, CA",785,2:24:28,11:02,F 40-49/103,F-45,418,2:26:01,48.91%
921,Alfonso Verdugo,"Nogales, AZ",2006,2:24:34,11:02,M 40-49/131,M-46,503,2:26:49,44.79%
922,Andre Sumpter,"San Diego, CA",1843,2:24:44,11:03,M 30-39/185,M-31,504,2:25:28,40.92%
923,Samantha Leon,"Los Angeles, CA",432,2:24:45,11:03,F 20-29/124,F-27,419,2:25:22,45.49%
924,Brenda Flores,"Los Angeles, CA",392,2:24:45,11:03,F 20-29/125,F-26,420,2:25:22,45.49%
925,Carolyn Yian,"Studio City, CA",1389,2:24:46,11:03,F 30-39/156,F-36,421,2:26:01,46.08%
926,Johanna Leon,"Los Angeles, CA",529,2:24:46,11:03,F 20-29/126,F-25,422,2:25:23,45.48%
927,Renee Szostak,"Los Angeles, CA",165,2:24:48,11:03,F 20-29/127,F-27,423,2:25:50,45.47%
928,Rebecca Ratz,"Bogart, GA",752,2:24:50,11:03,F 30-39/157,F-36,424,2:25:38,46.06%
929,Robert Lee,"Bogart, GA",753,2:24:52,11:03,M 30-39/186,M-36,505,2:25:39,41.39%
930,Stephanie Valencia,"Los Angeles, CA",759,2:24:52,11:03,F 20-29/128,F-27,425,2:27:16,45.45%
931,Vincent Ly,"Los Angeles, CA",616,2:24:52,11:04,M 30-39/187,M-36,506,2:27:16,41.39%
932,Janie Sre,"Newport Beach, CA",1732,2:25:02,11:04,F 30-39/158,F-30,426,2:36:18,45.41%
933,Salvador Manzano,"Los Angeles, CA",1601,2:25:08,11:05,M 30-39/188,M-38,507,2:26:17,41.85%
934,Rebecca Tran,"Lake Balboa, CA",1346,2:25:11,11:05,F 30-39/159,F-32,427,2:28:29,45.46%
935,Elisa Han,"Hacienda Heights, CA",313,2:25:17,11:05,F 20-29/129,F-25,428,2:28:11,45.32%
936,Desirae Lopez,"Alta Loma, CA",1641,2:25:17,11:05,F 20-29/130,F-28,429,2:30:09,45.32%
937,Hunter Landerholm,"Monrovia, CA",682,2:25:18,11:05,M 20-29/84,M-28,508,2:27:36,40.76%
938,Jennifer Hyatt,"Burbank, CA",847,2:25:27,11:06,F 30-39/160,F-38,430,2:26:50,46.26%
939,Lili Ortega,"Fullerton, CA",958,2:25:28,11:06,F 40-49/104,F-42,431,2:25:57,47.39%
940,Lawrence Ramos,"Santa Monica, CA",2020,2:25:28,11:06,M 40-49/132,M-42,509,2:26:15,43.10%
941,Eric Brown,"Los Angeles, CA",356,2:25:35,11:07,M 30-39/189,M-39,510,2:26:47,42.04%
942,Kenneth Winiecki,"Paramount, CA",1559,2:25:47,11:08,M 60-69/15,M-66,511,2:27:26,53.19%
943,Brandon Case,"Yuma, AZ",141,2:25:49,11:08,M 40-49/133,M-40,512,2:26:42,42.31%
944,Rosemary Chang,"Pomona, CA",80,2:25:52,11:08,F 30-39/161,F-37,432,2:26:51,45.91%
945,Renee Rubin,"Los Angeles, CA",200,2:25:55,11:08,F 20-29/131,F-29,433,2:26:13,45.12%
946,David Bailey,"Los Angeles, CA",991,2:25:56,11:08,M 40-49/134,M-43,513,2:31:51,43.30%
947,Belinda Tucker,"Long Beach, CA",1527,2:25:57,11:08,F 40-49/105,F-49,434,2:26:10,50.48%
948,Lou Vizcocho,"Van Nuys, CA",1868,2:26:07,11:09,M 60-69/16,M-65,514,2:27:58,52.56%
949,Eloisa Cruz,"Los Angeles, CA",2062,2:26:09,11:09,F 40-49/106,F-40,435,2:27:00,46.54%
950,Patty Galvan,"Pasadena, CA",1345,2:26:10,11:09,F 40-49/107,F-40,436,2:26:10,46.54%
951,Katty Johnson,"Duarte, CA",1326,2:26:11,11:10,F 40-49/108,F-40,437,2:31:24,46.53%
952,Jacob Thill,"Santa Clarita, CA",1688,2:26:12,11:10,M 30-39/190,M-34,515,2:26:57,40.67%
953,Tanya Jamison,"Nederland, CO",1692,2:26:13,11:10,F 40-49/109,F-49,438,2:26:57,50.39%
954,Russel Macahilig,"Los Angeles, CA",530,2:26:14,11:10,M 30-39/191,M-33,516,2:27:29,40.57%
955,Susan Macahilig,"Los Angeles, CA",535,2:26:14,11:10,F 30-39/162,F-31,439,2:27:29,45.07%
956,Maria Romero,"Commerce, CA",736,2:26:18,11:10,F 30-39/163,F-33,440,2:28:25,45.20%
957,Jackeline Tejada,"Sherman Oaks, CA",1095,2:26:23,11:10,F 30-39/164,F-37,441,2:28:02,45.75%
958,Monica Temperly,"Los Angeles, CA",1441,2:26:24,11:11,F 40-49/110,F-45,442,2:26:52,48.26%
959,Stacy Rogers,"Huntington Beach, CA",1249,2:26:25,11:11,F 40-49/111,F-43,443,2:27:57,47.44%
960,Justin Carter,"Redondo Beach, CA",493,2:26:28,11:11,M 30-39/192,M-34,517,2:27:37,40.59%
961,Marco Garcia,"Saugus, CA",576,2:26:32,11:11,M 40-49/135,M-42,518,2:28:08,42.78%
962,Ron Hughart,"Santa Clarita, CA",1239,2:26:36,11:11,M 50-59/78,M-53,519,2:27:47,46.88%
963,Leonor Chathle,"Valencia, CA",1272,2:26:36,11:11,F 30-39/165,F-39,444,2:27:47,46.14%
964,Marcos Garcia,"Hollywood, CA",1435,2:26:38,11:12,M 30-39/193,M-38,520,2:26:39,41.42%
965,Magally Perez,"West Covina, CA",1626,2:26:49,11:12,F 30-39/166,F-36,445,2:27:01,45.44%
966,Tavis Doucette,"Valley Village, CA",526,2:26:53,11:13,M 20-29/85,M-27,521,2:27:55,40.32%
967,Kristie Scherrer,"Valley Village, CA",525,2:26:53,11:13,F 20-29/132,F-27,446,2:27:55,44.83%
968,Kelley Drobnis,"Chatsworth, CA",1494,2:26:56,11:13,F 30-39/167,F-30,447,2:27:15,44.82%
969,Kevin Baxter,"Simi Valley, CA",737,2:27:05,11:14,M 30-39/194,M-31,522,2:28:35,40.27%
970,Gabriella Muzzall,"Lancaster, CA",877,2:27:08,11:14,F 40-49/112,F-46,448,2:27:50,48.48%
971,Kyle Clark,"Twentynine Palms, CA",2021,2:27:09,11:14,F 30-39/168,F-36,449,2:27:36,45.33%
972,Maria M Briseno,"Los Angeles, CA",739,2:27:09,11:14,F 40-49/113,F-46,450,2:29:32,48.47%
973,Perla Cristales,"South Gate, CA",1175,2:27:11,11:14,F 30-39/169,F-30,451,2:27:15,44.75%
974,Roslyn Canciller-Reyes,"Hawthorne, CA",361,2:27:13,11:14,F 40-49/114,F-42,452,2:28:02,46.83%
975,Katrin Gorchian,"Burbank, CA",1700,2:27:15,11:14,F 40-49/115,F-42,453,2:28:20,46.82%
976,Corazon Rios,"Los Angeles, CA",174,2:27:18,11:15,F 30-39/170,F-34,454,2:28:38,44.99%
977,Tom Erikson,"San Juan Capistrano, CA",63,2:27:20,11:15,M 50-59/79,M-57,523,2:28:47,48.33%
978,Bellinda Erikson,"San Juan Capistrano, CA",96,2:27:21,11:15,F 40-49/116,F-44,455,2:28:47,47.52%
979,Joseph McShan,"Colton, CA",1946,2:27:25,11:15,M 30-39/195,M-30,524,2:27:32,40.17%
980,Marva Kinkead,"Santa Ana, CA",1699,2:27:27,11:15,F 30-39/171,F-36,456,2:37:05,45.24%
981,Aleida Sterling,"Fallbrook, CA",899,2:27:32,11:16,F 50-59/31,F-57,457,2:27:49,55.34%
982,Deon Lewis,"Los Angeles, CA",72,2:27:32,11:16,M 40-49/136,M-45,525,2:28:35,43.53%
983,Esther Hsu,"Temple City, CA",351,2:27:33,11:16,F 30-39/172,F-35,458,2:28:34,45.05%
984,Betsy Yeates,"Salt Lake City, UT",876,2:27:35,11:16,F 20-29/133,F-28,459,2:36:20,44.61%
985,Marcela Vena-Martinez,"Los Angeles, CA",1011,2:27:43,11:17,F 40-49/117,F-46,460,2:28:14,48.28%
986,Jamie Atkinson,"Los Angeles, CA",333,2:27:46,11:17,M 30-39/196,M-32,526,2:29:30,40.09%
987,Brooke Stuart,"Los Angeles, CA",1460,2:27:52,11:17,F 01-19/2,F-19,461,2:28:58,44.78%
988,Megan Krueger,"Costa Mesa, CA",1355,2:27:53,11:17,F 40-49/118,F-41,462,2:27:59,46.29%
989,Natividad Soto,"North Hollywood, CA",1614,2:28:00,11:18,F 30-39/173,F-32,463,2:28:13,44.60%
990,Don Wheatley,"Irvine, CA",714,2:28:06,11:18,M 40-49/137,M-43,527,2:29:16,42.67%
991,Ashley Parker,"Los Angeles, CA",1509,2:28:10,11:19,F 50-59/32,F-54,464,2:29:39,52.95%
992,Glenda Swails,"Redondo Beach, CA",1440,2:28:12,11:19,F 60-69/4,F-60,465,2:28:53,57.42%
993,Suraya Wayland,"Clinton, CT",879,2:28:19,11:19,F 30-39/174,F-38,466,2:36:26,45.37%
994,Emily Robertson,"Huntington Beach, CA",1421,2:28:20,11:19,F 20-29/134,F-24,467,2:36:26,44.39%
995,Brian Drobet,"Corona, CA",1474,2:28:22,11:20,M 40-49/138,M-40,528,2:35:19,41.58%
996,Sigris Gonzalez,"Los Angeles, CA",1860,2:28:23,11:20,F 30-39/175,F-33,468,2:28:31,44.56%
997,Kaitlyn Cox,"Minneapolis, MN",1220,2:28:26,11:20,F 20-29/135,F-26,469,2:30:00,44.36%
998,Dustin Schiltz,"Minneapolis, MN",1366,2:28:27,11:20,M 30-39/197,M-34,529,2:30:00,40.05%
999,Rochelle Bernal,"Rowland Heights, CA",664,2:28:31,11:20,F 40-49/119,F-41,470,2:29:38,46.09%
1000,Anna Harzmann,"Lake View Terrace, CA",1501,2:28:33,11:20,F 40-49/120,F-40,471,2:29:22,45.79%
1001,Caren Rideau,"Los Angeles, CA",712,2:28:35,11:21,F 50-59/33,F-52,472,2:30:39,51.47%
1002,Ashley Koehler,"29 Palms, CA",465,2:28:40,11:21,F 20-29/136,F-25,473,2:30:07,44.29%
1003,Paul Gonzalez,"Wilmington, CA",872,2:28:42,11:21,M 50-59/80,M-54,530,2:29:23,46.62%
1004,Marlon Hernandez,"Los Angeles, CA",1696,2:28:47,11:21,M 30-39/198,M-34,531,2:28:56,39.96%
1005,Jen Bailey,"Los Angeles, CA",990,2:28:48,11:21,F 30-39/176,F-33,474,2:34:42,44.44%
1006,Christian Avalos,"Los Angeles, CA",3061,2:28:49,11:22,M 20-29/86,M-23,532,2:30:26,39.80%
1007,Andres Rincon,"Whittier, CA",1422,2:28:51,11:22,M 30-39/199,M-32,533,2:33:24,39.80%
1008,Stephanie Stamas,"Pacific Palisades, CA",1109,2:28:51,11:22,F 20-29/137,F-23,475,2:29:59,44.23%
1009,Wendy Patterson,"Torrance, CA",1486,2:28:51,11:22,F 40-49/121,F-46,476,2:33:24,47.92%
1010,Sarah Lewis,"Studio City, CA",259,2:28:51,11:22,F 20-29/138,F-22,477,2:30:45,44.23%
1011,Michelle Asuncion,"Pasadena, CA",871,2:28:53,11:22,F 30-39/177,F-37,478,2:34:47,44.98%
1012,Mario Roson,"Glendale, CA",1766,2:29:03,11:23,M 20-29/87,M-28,534,2:29:59,39.73%
1013,Andrea Bosquez,"Corona, CA",1253,2:29:04,11:23,F 30-39/178,F-38,479,2:29:43,45.14%
1014,Nathan Moore,"Los Angeles, CA",1313,2:29:09,11:23,M 30-39/200,M-30,535,2:30:53,39.71%
1015,Tiffani Witt,"Los Angeles, CA",1955,2:29:11,11:23,F 30-39/179,F-37,480,2:30:00,44.89%
1016,Lydia Gardner,"Burbank, CA",889,2:29:12,11:23,F 20-29/139,F-23,481,2:30:41,44.13%
1017,Cari Cohn-Morros,"Mission Viejo, CA",552,2:29:15,11:24,F 50-59/34,F-53,482,2:30:16,51.90%
1018,Jennifer Palma,"Los Angeles, CA",1445,2:29:16,11:24,F 20-29/140,F-26,483,2:31:26,44.11%
1019,Erik Johnson,"Los Angeles, CA",321,2:29:19,11:24,M 40-49/139,M-45,536,2:29:51,43.01%
1020,Stephanie Stone,"San Pedro, CA",1871,2:29:20,11:24,F 50-59/35,F-56,484,2:29:45,53.93%
1021,Lucas Robbins,"Los Angeles, CA",713,2:29:21,11:24,M 20-29/88,M-20,537,2:29:43,40.12%
1022,Erika Malaguit,"Burbank, CA",1493,2:29:21,11:24,F 30-39/180,F-32,485,2:31:13,44.20%
1023,Anne Marie Wotkyns,"Van Nuys, CA",1715,2:29:29,11:25,F 40-49/122,F-48,486,2:30:48,48.72%
1024,Iris Rogers,"Valencia, CA",585,2:29:36,11:25,F 30-39/181,F-39,487,2:31:12,45.21%
1025,Ian Henderson,"Culver City, CA",1979,2:29:41,11:26,M 20-29/89,M-25,538,2:29:56,39.57%
1026,Christina Lewis,"Santa Monica, CA",1122,2:29:46,11:26,F 30-39/182,F-39,488,2:30:57,45.16%
1027,Pam Rowland,"Chino, CA",1761,2:29:49,11:26,F 50-59/36,F-52,489,2:30:13,51.05%
1028,Scott Stahley,"Lemon Grove, CA",842,2:29:52,11:26,M 50-59/81,M-55,539,2:31:39,46.67%
1029,Eva Belanger,"Lemon Grove, CA",843,2:29:52,11:26,F 30-39/183,F-35,490,2:31:39,44.36%
1030,Javier Andrade,"Los Angeles, CA",205,2:29:54,11:27,M 40-49/140,M-49,540,2:33:32,44.29%
1031,Jennifer Groscup,"Pasadena, CA",1760,2:29:54,11:27,F 40-49/123,F-44,491,2:30:18,46.71%
1032,Deanna Harden,"Fontana, CA",1027,2:29:54,11:27,F 40-49/124,F-40,492,2:33:30,45.38%
1033,Vanessa Stahley,"Lemon Grove, CA",840,2:29:56,11:27,F 30-39/184,F-31,493,2:31:40,43.96%
1034,Stanley Chin,"Alhambra, CA",653,2:30:04,11:27,M 30-39/201,M-37,541,2:32:09,40.19%
1035,G Maria Navarro,"Lakewood, CA",1823,2:30:05,11:27,F 30-39/185,F-39,494,2:30:16,45.07%
1036,Martha Zavala-Reyes,"Los Angeles, CA",469,2:30:07,11:28,F 20-29/141,F-28,495,2:31:37,43.86%
1037,Ana Delgado,"Los Angeles, CA",549,2:30:08,11:28,F 30-39/186,F-38,496,2:39:20,44.82%
1038,Annie Ong,"El Monte, CA",320,2:30:17,11:28,F 20-29/142,F-25,497,2:31:28,43.81%
1039,David Vasquez Jr,"Los Angeles, CA",1508,2:30:18,11:28,M 30-39/202,M-34,542,2:32:24,39.56%
1040,Andre Vizcocho,"Burbank, CA",2011,2:30:22,11:29,M 30-39/203,M-34,543,2:31:10,39.54%
1041,Jessi Opdyke,"Playa Del Rey, CA",457,2:30:22,11:29,F 20-29/143,F-25,498,2:31:47,43.79%
1042,Carl Clement,"Los Angeles, CA",1828,2:30:23,11:29,M 20-29/90,M-28,544,2:31:17,39.38%
1043,Ana Aviles,"North Hollywood, CA",1348,2:30:29,11:29,F 40-49/125,F-48,499,2:31:47,48.39%
1044,Mark Ponce,"Covina, CA",1305,2:30:31,11:29,M 50-59/82,M-52,545,2:31:17,45.26%
1045,Melanie Dimeo,"Brea, CA",1517,2:30:31,11:29,F 50-59/37,F-55,500,2:31:47,52.81%
1046,Patrizia Cavanaugh,"Encino, CA",284,2:30:31,11:29,F 50-59/38,F-54,501,2:31:03,52.13%
1047,Ronald Jason Rodgers,"North Hollywood, CA",779,2:30:33,11:29,M 40-49/141,M-46,546,2:32:43,43.01%
1048,Connie Mota,"South El Monte, CA",1724,2:30:33,11:30,F 20-29/144,F-28,502,2:31:35,43.73%
1049,Lourdes Carrera,"Hermosa Beach, CA",1859,2:30:34,11:30,F 30-39/187,F-35,503,2:31:42,44.15%
1050,Marissa Mota,"Los Angeles, CA",1723,2:30:35,11:30,F 30-39/188,F-31,504,2:31:35,43.77%
1051,Juan Quezada,"Los Angeles, CA",1308,2:30:41,11:30,M 30-39/204,M-37,547,2:32:32,40.02%
1052,Emma Brookner,"Santa Monica, CA",1551,2:30:43,11:30,F 30-39/189,F-34,505,2:32:33,43.97%
1053,Jennifer Cruz,"Canyon Country, CA",886,2:30:46,11:31,F 20-29/145,F-26,506,2:31:46,43.67%
1054,Gio Putrino,"Burbank, CA",1246,2:30:47,11:31,F 01-19/3,F-15,507,2:31:19,46.64%
1055,Roxanne Angelopoulos,"Los Angeles, CA",1788,2:30:51,11:31,F 40-49/126,F-49,508,2:31:55,48.84%
1056,Saidy Enciso,"Pasadena, CA",1325,2:30:54,11:31,F 30-39/190,F-30,509,2:30:54,43.64%
1057,Wen Satingin,"West Hollywood, CA",201,2:30:55,11:31,M 30-39/205,M-31,548,2:33:12,39.24%
1058,Chuck Atkins,"Van Nuys, CA",922,2:30:55,11:31,M 50-59/83,M-52,549,2:32:29,45.14%
1059,Christopher Slauenwhite,"West Hollywood, CA",407,2:30:56,11:31,M 30-39/206,M-33,550,2:33:13,39.30%
1060,Mary Ida Froehler,"Encino, CA",263,2:31:01,11:32,F 30-39/191,F-37,510,2:31:36,44.35%
1061,Helena Villa,"San Fernando, CA",157,2:31:02,11:32,F 30-39/192,F-34,511,2:32:44,43.88%
1062,Fabian Carrillo,"Los Angeles, CA",1749,2:31:03,11:32,M 20-29/91,M-26,551,2:32:28,39.21%
1063,Tricia Strawn,"Van Nuys, CA",1759,2:31:04,11:32,F 50-59/39,F-50,512,2:32:20,49.37%
1064,Cheryl Orlov,"Hawthorne, CA",2005,2:31:18,11:33,F 40-49/127,F-45,513,2:32:27,46.70%
1065,Janet Luo,"Los Angeles, CA",578,2:31:23,11:33,F 20-29/146,F-26,514,2:33:44,43.49%
1066,Cynthia Roque,"Sherman Oaks, CA",1547,2:31:26,11:34,F 30-39/193,F-30,515,2:31:58,43.49%
1067,Maggie Huiju Liao,"Los Angeles, CA",169,2:31:30,11:34,F 40-49/128,F-45,516,2:32:10,46.64%
1068,Megan Devine,"West Hollywood, CA",1089,2:31:43,11:35,F 20-29/147,F-26,517,2:33:56,43.40%
1069,Susan Wang,"Los Angeles, CA",175,2:31:44,11:35,F 40-49/129,F-41,518,2:32:10,45.12%
1070,Arcelia Sencion,"Los Olivos, CA",243,2:31:46,11:35,F 40-49/130,F-44,519,2:33:50,46.14%
1071,Ash Abuleil,"West Hollywood, CA",2015,2:31:47,11:35,F 30-39/194,F-34,520,2:33:31,43.66%
1072,Rich Phelan,"Winnetka, CA",1934,2:31:49,11:35,M 40-49/142,M-41,552,2:33:41,40.96%
1073,Ivan Harris,"Pasadena, CA",1825,2:31:51,11:35,M 50-59/84,M-50,553,2:32:36,44.09%
1074,Robin Ricks-Harris,"Pasadena, CA",1824,2:31:53,11:36,F 30-39/195,F-33,521,2:32:38,43.54%
1075,Gabriel Torres,"Glendale, CA",2031,2:31:57,11:36,M 40-49/143,M-49,554,2:33:15,43.69%
1076,Vernendia Richardson Kemp,"Panorama, CA",1400,2:31:58,11:36,F 30-39/196,F-34,522,2:33:47,43.61%
1077,Carolina Barahona,"Burbank, CA",1340,2:31:59,11:36,F 30-39/197,F-35,523,2:33:15,43.74%
1078,David Arias,"Panorama City, CA",1306,2:32:01,11:36,M 30-39/207,M-36,555,2:33:41,39.44%
1079,Andrea Cabrera,"Altadena, CA",776,2:32:02,11:36,F 20-29/148,F-25,524,2:32:14,43.31%
1080,Dominick Lentini,"San Juan Capistrans, CA",382,2:32:02,11:36,M 01-19/11,M-19,556,2:33:36,39.86%
1081,Helen Hernandez,"Los Angeles, CA",1903,2:32:03,11:36,F 01-19/4,F-15,525,2:33:08,46.25%
1082,Helen Burak,"Los Angeles, CA",677,2:32:08,11:37,F 20-29/149,F-23,526,2:34:06,43.28%
1083,Jessica Aquino,"Hawthorne, CA",1005,2:32:08,11:37,F 30-39/198,F-32,527,2:33:38,43.39%
1084,Sue Shaw,"North Hills, CA",238,2:32:08,11:37,F 40-49/131,F-49,528,2:33:15,48.43%
1085,Miho Munechika,"South Pasadena, CA",2071,2:32:11,11:37,F 30-39/199,F-33,529,2:33:32,43.45%
1086,Sevan Hovsepian,"West Hollywood, CA",2016,2:32:20,11:38,F 30-39/200,F-37,530,2:34:05,43.97%
1087,Alexandra Froehlich,"Culver City, CA",135,2:32:23,11:38,F 20-29/150,F-29,531,2:34:05,43.21%
1088,Tania Whittier,"Los Angeles, CA",1546,2:32:29,11:38,F 40-49/132,F-40,532,2:33:41,44.61%
1089,Ro Almazan,"Downey, CA",1592,2:32:34,11:39,M 40-49/144,M-43,557,2:34:24,41.42%
1090,Veronica Almazan,"Downey, CA",1593,2:32:35,11:39,F 40-49/133,F-42,533,2:34:24,45.18%
1091,Nikki Hernandez,"Redondo Beach, CA",1765,2:32:36,11:39,F 40-49/134,F-44,534,2:33:49,45.89%
1092,Kristin Hynes,"Redondo Beach, CA",1773,2:32:36,11:39,F 40-49/135,F-43,535,2:33:49,45.52%
1093,Malgorzata Radziszewska,"Carlsbad, CA",1898,2:32:40,11:39,F 50-59/40,F-56,536,2:33:25,52.76%
1094,Carolyn Najera,"Sherman Oaks, CA",79,2:32:44,11:40,F 20-29/151,F-29,537,2:33:24,43.11%
1095,Samantha Shephard,"Los Angeles, CA",979,2:32:46,11:40,F 30-39/201,F-39,538,2:33:49,44.28%
1096,Graeme Moody,"Santa Ana, CA",939,2:32:48,11:40,M 20-29/92,M-28,558,2:33:35,38.76%
1097,Alicia De Iorio,"Lake Wlsinore, CA",621,2:32:53,11:40,F 20-29/152,F-24,539,2:33:21,43.07%
1098,Edward Gepiealgo,"Los Angeles, CA",1881,2:32:56,11:40,M 30-39/208,M-36,559,2:34:16,39.20%
1099,Nicole Marsh,"Costa Mesa, CA",1878,2:32:56,11:40,F 20-29/153,F-21,540,2:33:40,43.05%
1100,Luis Marquez,"Bonita, CA",438,2:32:57,11:40,M 50-59/85,M-51,560,2:36:12,44.16%
1101,April Hayes,"Rialto, CA",181,2:32:58,11:41,F 50-59/41,F-51,541,2:34:30,49.36%
1102,Randall Moore,"Alhambra, CA",1633,2:32:59,11:41,M 50-59/86,M-54,561,2:33:22,45.31%
1103,Veronica Saechee,"Los Angeles, CA",760,2:33:07,11:41,F 30-39/202,F-32,542,2:34:20,43.11%
1104,Crystal Cuyan,"Moreno Valley, CA",1010,2:33:10,11:41,F 20-29/154,F-25,543,2:33:58,42.99%
1105,Melissa Taitano,"Huntington Beach, CA",1819,2:33:17,11:42,F 40-49/136,F-46,544,2:33:42,46.53%
1106,Kimberly Parker,"Bakersfield, CA",1189,2:33:25,11:43,F 30-39/203,F-39,545,2:34:41,44.09%
1107,Carlos Carrillo,"Torrance, CA",1291,2:33:26,11:43,M 40-49/145,M-40,562,2:35:54,40.21%
1108,Thom Wickes,"Burbank, CA",355,2:33:43,11:44,M 30-39/209,M-32,563,2:35:42,38.54%
1109,Jackie Tebow,"Los Angeles, CA",445,2:33:45,11:44,F 30-39/204,F-31,546,2:44:05,42.87%
1110,Shivohn Valdecantos,"Los Angeles, CA",1958,2:33:46,11:44,F 30-39/205,F-37,547,2:34:48,43.56%
1111,Andrew Sanchez,"Sherman Oaks, CA",1225,2:33:50,11:45,M 50-59/87,M-54,564,2:34:11,45.06%
1112,Patrick Kam,"Palos Verdes Peninsula, CA",1226,2:33:50,11:45,M 40-49/146,M-47,565,2:34:11,42.44%
1113,Samantha Blaze,"Los Angeles, CA",197,2:33:59,11:45,F 20-29/155,F-28,548,2:35:24,42.76%
1114,Tina Justet,"Arcadia, CA",627,2:34:03,11:46,F 50-59/42,F-52,549,2:35:32,49.64%
1115,Charlie Brown,"Cerritos, CA",248,2:34:12,11:46,M 40-49/147,M-44,566,2:34:15,41.31%
1116,Lisa Grau,"Pleasanton, CA",754,2:34:13,11:46,F 20-29/156,F-23,550,2:35:53,42.69%
1117,Amy Lamden,"San Francisco, CA",756,2:34:16,11:47,F 20-29/157,F-23,551,2:35:55,42.68%
1118,Valerie Matthews,"Studio City, CA",1318,2:34:20,11:47,F 40-49/137,F-48,552,2:34:43,47.19%
1119,Cecilia Cruz,"Los Angeles, CA",1621,2:34:23,11:47,F 40-49/138,F-46,553,2:35:17,46.20%
1120,Robert Calfas,"Malibu, CA",1787,2:34:31,11:48,M 60-69/17,M-65,567,2:35:41,49.70%
1121,Linda Simpkins,"Lakewood, CA",1612,2:34:31,11:48,F 50-59/43,F-55,554,2:35:41,51.45%
1122,Frances Miyamoto,"Culver City, CA",1986,2:34:32,11:48,F 50-59/44,F-53,555,2:35:41,50.12%
1123,Ashlee Lawson,"Washington, DC",1982,2:34:32,11:48,F 20-29/158,F-29,556,2:34:42,42.61%
1124,Christian Tomooka,"Rancho Cucamonga, CA",1783,2:34:37,11:48,M 40-49/148,M-43,568,2:35:07,40.87%
1125,Cam Nguyen-Lu,"Lake Elsinore, CA",533,2:34:39,11:48,F 30-39/206,F-39,557,2:36:00,43.74%
1126,Dulce Diaz,"Los Angeles, CA",892,2:34:43,11:49,F 30-39/207,F-32,558,2:36:08,42.66%
1127,Stacy Vu,"Orange, CA",1505,2:34:54,11:49,F 40-49/139,F-41,559,2:35:04,44.19%
1128,Tracy Bishop,"Diamond Bar, CA",1530,2:34:57,11:50,F 40-49/140,F-47,560,2:36:53,46.49%
1129,Laura Goglia,"Long Beach, CA",345,2:35:01,11:50,F 40-49/141,F-45,561,2:36:23,45.58%
1130,Melinda Bunnin,"Thousand Oaks, CA",125,2:35:03,11:50,F 50-59/45,F-59,562,2:35:42,54.12%
1131,Paula Farinacci,"Westlake Village, CA",121,2:35:03,11:50,F 60-69/5,F-64,563,2:35:42,58.15%
1132,Marcelo Moncada,"Northridge, CA",1752,2:35:03,11:50,M 50-59/88,M-55,569,2:35:32,45.11%
1133,Linda Whitehead,"Los Angeles, CA",1426,2:35:06,11:50,F 60-69/6,F-68,564,2:35:26,61.83%
1134,Charade Cayabyab,"West Covina, CA",898,2:35:06,11:50,F 40-49/142,F-41,565,2:36:39,44.14%
1135,Isaac Garcia,"Pasadena, CA",805,2:35:07,11:50,M 30-39/210,M-37,570,2:36:39,38.88%
1136,Juana Escobar,"Los Angeles, CA",336,2:35:07,11:50,F 20-29/159,F-26,566,2:35:52,42.45%
1137,Brittany Kazmierski,"Pasadena, CA",1897,2:35:09,11:51,F 30-39/208,F-32,567,2:35:13,42.54%
1138,Rhiannon Harrison,"Lancaster, CA",1200,2:35:10,11:51,F 30-39/209,F-39,568,2:36:17,43.59%
1139,Tara Adams-Clarke,"Lake Balboa, CA",694,2:35:18,11:51,F 20-29/160,F-29,569,2:36:16,42.40%
1140,Steve McNett,"Gresham, OR",20,2:35:24,11:52,M 60-69/18,M-66,571,2:36:46,49.90%
1141,Emmanuel Ventura,"Canoga Park, CA",734,2:35:24,11:52,M 30-39/211,M-30,572,2:36:24,38.11%
1142,Jean Alupay,"Pasadena, CA",408,2:35:30,11:52,F 20-29/161,F-29,570,2:44:47,42.34%
1143,Debora Bright-Laney,"Los Angeles, CA",1981,2:35:38,11:53,F 50-59/46,F-57,571,2:36:50,52.46%
1144,Abby Samler,"Redondo Beach, CA",1984,2:35:42,11:53,F 40-49/143,F-48,572,2:37:01,46.77%
1145,Elaine Lee,"Carlsbad, CA",214,2:35:46,11:53,F 30-39/210,F-37,573,2:36:39,43.00%
1146,Sophia Muzzall,"Lancaster, CA",881,2:35:50,11:54,F 01-19/5,F-17,574,2:36:30,43.54%
1147,Joseph Kassounian,"La Verne, CA",139,2:35:52,11:54,M 40-49/149,M-46,573,2:37:40,41.55%
1148,Brian Cox,"Los Angeles, CA",1129,2:35:56,11:54,M 40-49/150,M-46,574,2:36:58,41.53%
1149,Sarah Dacey,"San Clemente, CA",1948,2:35:57,11:54,F 30-39/211,F-34,575,2:37:28,42.50%
1150,Jaime Loza,"Los Angeles, CA",1227,2:36:01,11:55,M 20-29/93,M-27,575,2:36:30,37.96%
1151,Warren Mullisen,"Culver City, CA",50,2:36:10,11:55,M 70-99/2,M-71,576,2:36:51,52.29%
1152,Carmelo Estrada,"Burbank, CA",1832,2:36:12,11:55,M 30-39/212,M-39,577,2:37:17,39.18%
1153,Michelle Hardy,"Thousand Oaks, CA",1854,2:36:18,11:56,F 50-59/47,F-50,576,2:36:59,47.71%
1154,Jeff Furst,"Glendale, AZ",857,2:36:19,11:56,M 40-49/151,M-45,578,2:37:15,41.09%
1155,Greg Trent,"Hawaiian Gardens, CA",615,2:36:21,11:56,M 20-29/94,M-27,579,2:36:41,37.88%
1156,Erica Quezada,"Los Angeles, CA",1403,2:36:22,11:56,F 20-29/162,F-28,577,2:38:08,42.11%
1157,Dahlia Carminada,"Burbank, CA",531,2:36:35,11:57,F 30-39/212,F-33,578,2:42:22,42.23%
1158,Sara Schroeder,"Newport Beach, CA",1268,2:36:37,11:57,F 20-29/163,F-28,579,2:47:52,42.04%
1159,John Heilman,"West Hollywood, CA",1806,2:36:40,11:57,M 50-59/89,M-57,580,2:38:17,45.45%
1160,Shifra Curtiss,"Eastvale, CA",1808,2:36:44,11:58,F 50-59/48,F-53,580,2:37:07,49.42%
1161,Perry Dozetas,"Los Angeles, CA",963,2:36:45,11:58,F 20-29/164,F-27,581,2:37:58,42.00%
1162,Nicole Wakida Lim,"Irvine, CA",651,2:36:45,11:58,F 30-39/213,F-32,582,2:38:00,42.11%
1163,Niki Liu,"Long Beach, CA",1252,2:36:47,11:58,F 30-39/214,F-35,583,2:38:08,42.40%
1164,Francine Biton,"Los Angeles, CA",1205,2:36:49,11:58,F 20-29/165,F-25,584,2:38:24,41.99%
1165,Rachel De Jesus,"Bellflower, CA",1392,2:36:50,11:58,F 20-29/166,F-26,585,2:38:24,41.98%
1166,Genevieve Fontaine,"Los Angeles, CA",274,2:36:50,11:58,F 30-39/215,F-32,586,2:37:17,42.09%
1167,Amanda Clewell,"Los Angeles, CA",281,2:36:50,11:58,F 20-29/167,F-27,587,2:37:17,41.98%
1168,Heather Dillenburg,"Glendale, CA",1513,2:36:53,11:58,F 40-49/144,F-42,588,2:37:25,43.94%
1169,Vivian Lumanta,"Northridge, CA",1753,2:36:55,11:59,F 50-59/49,F-52,589,2:37:24,48.74%
1170,Angelica De Leon-Bui,"San Clemente, CA",971,2:37:02,11:59,F 40-49/145,F-44,590,2:38:02,44.59%
1171,Michael McDonell,"Simi Valley, CA",327,2:37:04,11:59,M 60-69/19,M-61,581,2:38:33,47.04%
1172,Mark Marquez,"Los Angeles, CA",1956,2:37:04,11:59,M 30-39/213,M-38,582,2:38:07,38.67%
1173,Carolyn Masuda,"Diamond Bar, CA",1890,2:37:08,12:00,F 50-59/50,F-51,591,2:37:31,48.05%
1174,Cherry Pundamiera,"Diamond Bar, CA",1785,2:37:09,12:00,F 40-49/146,F-49,592,2:37:31,46.88%
1175,Ricardo Franco,"Carson, CA",60,2:37:12,12:00,M 30-39/214,M-35,583,2:38:24,37.96%
1176,Bodee Maxwell,"Sunland, CA",184,2:37:22,12:01,F 40-49/147,F-49,593,2:41:28,46.82%
1177,Vivi Tran,"San Jose, CA",995,2:37:26,12:01,F 20-29/168,F-25,594,2:39:10,41.82%
1178,Stephanie Mitana,"South Pasadena, CA",880,2:37:39,12:02,F 20-29/169,F-21,595,2:38:22,41.76%
1179,Briana Lawson,"Laguna Hills, CA",786,2:37:53,12:03,F 01-19/6,F-18,596,2:38:06,42.35%
1180,Gretchen Cote Soto,"West Hollywood, CA",1938,2:37:57,12:03,F 40-49/148,F-48,597,2:39:10,46.11%
1181,Sally Seymour,"Sierra Madre, CA",1134,2:37:57,12:03,F 50-59/51,F-55,598,2:39:48,50.33%
1182,Rosa Mejia,"Van Nuys, CA",914,2:38:00,12:04,F 30-39/216,F-30,599,2:40:02,41.68%
1183,Christophe Stahl,"West Hollywood, CA",156,2:38:02,12:04,M 40-49/152,M-44,584,2:38:15,40.31%
1184,Zuly Gomez,"Gardena, CA",1078,2:38:02,12:04,F 30-39/217,F-36,600,2:38:59,42.21%
1185,Azrina Spigner,"Laguna Hills, CA",787,2:38:02,12:04,F 40-49/149,F-47,601,2:38:02,45.59%
1186,Jennifer Lara,"Woodland Hills, CA",415,2:38:08,12:04,F 20-29/170,F-25,602,2:47:41,41.64%
1187,Tina Epstein,"Sherman Oaks, CA",1478,2:38:10,12:04,F 60-69/7,F-60,603,2:39:13,53.80%
1188,Roger Castillo,"North Hollywood, CA",1908,2:38:19,12:05,M 20-29/95,M-29,585,2:38:33,37.41%
1189,Zarmenee Helwani,"Gardena, CA",2026,2:38:32,12:06,F 30-39/218,F-35,604,2:39:03,41.93%
1190,Devin Conner,"Rancho Palos Verdes, CA",839,2:38:39,12:07,M 30-39/215,M-33,586,2:39:31,37.39%
1191,Jamie Felles,"Fullerton, CA",747,2:38:40,12:07,F 20-29/171,F-25,605,2:39:08,41.49%
1192,Matthew Juarez,"Santa Fe Springs, CA",1876,2:38:49,12:07,M 01-19/12,M-17,587,2:39:18,39.20%
1193,Mary Hodges,"Glendale, CA",101,2:38:52,12:08,F 50-59/52,F-51,606,2:39:32,47.53%
1194,Monique Turner,"Redondo Beach, CA",112,2:38:53,12:08,F 40-49/150,F-40,607,2:39:33,42.81%
1195,Gayle Smith,"Santa Clarita, CA",506,2:38:55,12:08,F 50-59/53,F-56,608,2:40:04,50.68%
1196,Zebulon Wallace,"Pasadena, CA",31,2:38:57,12:08,M 30-39/216,M-35,588,2:40:42,37.54%
1197,Robert Richter,"South Pasadena, CA",35,2:38:57,12:08,M 30-39/217,M-34,589,2:40:42,37.41%
1198,Danielle Gonzalez,"Los Angeles, CA",1118,2:38:57,12:08,F 40-49/151,F-48,609,2:40:42,45.82%
1199,Jennifer Dall,"La Crescenta, CA",1548,2:39:00,12:08,F 40-49/152,F-47,610,2:40:08,45.31%
1200,John Grace,"Rancho Santa Margarita, CA",1616,2:39:03,12:08,M 50-59/90,M-56,590,2:41:02,44.37%
1201,Amy Huecker,"Menifee, CA",769,2:39:09,12:09,F 40-49/153,F-40,611,2:41:12,42.74%
1202,Tuyet Lu,"Pasadena, CA",527,2:39:12,12:09,F 30-39/219,F-33,612,2:40:33,41.53%
1203,Melissa De La Vega,"Woodland Hills, CA",568,2:39:26,12:10,F 30-39/220,F-37,613,2:39:59,42.01%
1204,Debbie Levitt,"Thousand Oaks, CA",722,2:39:30,12:10,F 50-59/54,F-51,614,2:41:06,47.34%
1205,Rick Luo,"West Hollywood, CA",2009,2:39:58,12:13,M 30-39/218,M-33,591,2:42:15,37.08%
1206,Una Cleary,"Los Angeles, CA",986,2:40:00,12:13,F 30-39/221,F-32,615,2:41:23,41.25%
1207,Nicole Amato,"Beverly Hills, CA",1148,2:40:01,12:13,F 30-39/222,F-31,616,2:40:27,41.19%
1208,Fernando De La Merced,"Camarillo, CA",1371,2:40:03,12:13,M 40-49/153,M-49,592,2:40:25,41.48%
1209,Susan Perkins,"Atlanta, GA",108,2:40:06,12:13,F 50-59/55,F-51,617,2:41:59,47.16%
1210,Natalie Frausto,"Pacoima, CA",912,2:40:06,12:13,F 20-29/172,F-29,618,2:42:09,41.12%
1211,Yungchu Chen,"Los Angeles, CA",1234,2:40:07,12:13,F 30-39/223,F-30,619,2:40:39,41.13%
1212,Chad Daub,"Garden Grove, CA",2082,2:40:08,12:13,M 40-49/154,M-45,593,2:40:40,40.11%
1213,Marcia Reily,"Burbank, CA",1280,2:40:14,12:14,F 40-49/154,F-41,620,2:40:44,42.72%
1214,Ramon Magdaleno,"Los Angeles, CA",3032,2:40:15,12:14,M 30-39/219,M-36,594,2:49:32,37.41%
1215,Stacey Roux,"Huntington Beach, CA",1954,2:40:20,12:14,F 40-49/155,F-48,621,2:41:53,45.42%
1216,Michelle Mendez,"Fountain Valley, CA",1963,2:40:20,12:14,F 30-39/224,F-30,622,2:41:53,41.07%
1217,Wilmer Cerrato,"Los Angeles, CA",442,2:40:23,12:15,M 30-39/220,M-37,595,2:41:32,37.60%
1218,Cynthia Juarez,"Santa Fe Springs, CA",1874,2:40:24,12:15,F 40-49/156,F-43,623,2:40:57,43.30%
1219,Rocio Gonzalez,"Los Angeles, CA",1438,2:40:27,12:15,F 20-29/173,F-27,624,2:49:32,41.03%
1220,Rose Kwok,"Los Angeles, CA",237,2:40:27,12:15,F 40-49/157,F-44,625,2:41:32,43.64%
1221,Richard Hernandez,"Los Angeles, CA",1902,2:40:50,12:17,M 40-49/155,M-48,596,2:40:50,40.94%
1222,Lucely Escamilla,"Torrance, CA",1791,2:40:55,12:17,F 40-49/158,F-42,626,2:41:07,42.84%
1223,Kathy Elizondo,"Rancho Cucamonga, CA",239,2:40:56,12:17,F 40-49/159,F-46,627,2:41:07,44.32%
1224,Christine De La Fuente,"Burbank, CA",219,2:40:57,12:17,F 20-29/174,F-26,628,2:41:56,40.91%
1225,Anita Hupalo,"Los Angeles, CA",279,2:41:06,12:18,F 40-49/160,F-43,629,2:42:26,43.11%
1226,Jennifer Bleemers,"Hollywood, CA",154,2:41:07,12:18,F 30-39/225,F-31,630,2:42:31,40.91%
1227,Tealena Felix,"Canyon Country, CA",1168,2:41:11,12:18,F 30-39/226,F-34,631,2:42:54,41.12%
1228,Danita Su,"West Hollywood, CA",234,2:41:15,12:18,F 30-39/227,F-39,632,2:42:31,41.95%
1229,Sarah Jessica Phillips,"Burbank, CA",807,2:41:17,12:19,F 20-29/175,F-27,633,2:42:39,40.82%
1230,Kathleen Doheny,"Burbank, CA",1839,2:41:17,12:19,F 60-69/8,F-66,634,2:42:24,57.63%
1231,Barbara Hopton,"Los Angeles, CA",947,2:41:22,12:19,F 60-69/9,F-66,635,2:42:35,57.60%
1232,Eric Phillips,"Burbank, CA",806,2:41:29,12:20,M 20-29/96,M-27,597,2:42:49,36.67%
1233,Marian Calantas,"Duarte, CA",1040,2:41:29,12:20,F 40-49/161,F-49,636,2:41:35,45.62%
1234,Bill Rorie,"Fullerton, CA",1674,2:41:31,12:20,M 50-59/91,M-50,598,2:42:20,41.46%
1235,Amirah Safieddine,"Huntington Beach, CA",808,2:41:40,12:20,F 20-29/176,F-26,637,2:43:35,40.73%
1236,Jacqueline Davis,"Anaheim, CA",1781,2:41:46,12:21,F 40-49/162,F-46,638,2:44:00,44.09%
1237,Tuyet Lam-Hansen,"Santa Monica, CA",1394,2:41:54,12:21,F 30-39/228,F-37,639,2:42:53,41.37%
1238,Blanca Ahmad,"Inglewood, CA",1191,2:41:55,12:22,F 30-39/229,F-39,640,2:42:53,41.77%
1239,Amy Martinez,"Los Angeles, CA",1193,2:41:55,12:22,F 50-59/56,F-58,641,2:43:15,51.11%
1240,Charles Martinez,"Los Angeles, CA",1194,2:41:55,12:22,M 50-59/92,M-59,599,2:43:15,44.80%
1241,Baldemar Caldera,"Los Angeles, CA",1573,2:42:01,12:22,M 30-39/221,M-32,600,2:42:05,36.56%
1242,Stephanie Sasaki,"Upland, CA",543,2:42:10,12:23,F 20-29/177,F-25,642,2:52:15,40.60%
1243,Jessica Herrington,"Bellflower, CA",970,2:42:15,12:23,F 40-49/163,F-42,643,2:43:47,42.49%
1244,Lucy Papu,"Sherman Oaks, CA",78,2:42:19,12:23,F 50-59/57,F-57,644,2:42:59,50.30%
1245,Patricia Eckman,"Upland, CA",873,2:42:21,12:24,F 40-49/164,F-40,645,2:42:31,41.90%
1246,Cynthia Chapman,"Seal Beach, CA",1789,2:42:26,12:24,F 50-59/58,F-52,646,2:44:40,47.08%
1247,Pola Florez,"Duarte, CA",1712,2:42:32,12:24,F 40-49/165,F-44,647,2:44:31,43.08%
1248,Lori Sahyouni,"Monrovia, CA",579,2:42:33,12:24,F 30-39/230,F-31,648,2:44:32,40.55%
1249,Dee Dee Urquhart,"West Hills, CA",71,2:42:39,12:25,F 50-59/59,F-56,649,2:44:33,49.52%
1250,Matthew Czar Taon,"Riverside, CA",1022,2:42:39,12:25,M 20-29/97,M-27,601,2:44:20,36.41%
1251,Diane Mata,"Los Angeles, CA",703,2:42:40,12:25,F 30-39/231,F-37,650,2:44:52,41.17%
1252,David Estrada,"Burbank, CA",117,2:42:41,12:25,M 40-49/156,M-40,602,2:43:34,37.92%
1253,Lora Campos,"Northridge, CA",720,2:42:42,12:25,F 40-49/166,F-44,651,2:51:01,43.04%
1254,Ayrika Fernandes,"Chino, CA",1786,2:42:47,12:25,F 40-49/167,F-44,652,2:43:41,43.02%
1255,Cayce Korhonen,"Fountain Valley, CA",330,2:43:13,12:27,F 30-39/232,F-39,653,2:44:32,41.44%
1256,Victoria Vlahos,"West Hollywood, CA",1244,2:43:19,12:28,F 20-29/178,F-23,654,2:44:58,40.31%
1257,Sherry Li,"El Monte, CA",765,2:43:20,12:28,F 20-29/179,F-27,655,2:45:05,40.31%
1258,Wei Chen,"Downey, CA",766,2:43:21,12:28,M 30-39/222,M-31,603,2:45:06,36.26%
1259,Claudia Corona,"Maywood, CA",710,2:43:21,12:28,F 30-39/233,F-35,656,2:44:28,40.69%
1260,Hannah Smith,"San Diego, CA",1104,2:43:23,12:28,F 20-29/180,F-29,657,2:47:02,40.30%
1261,Travis Ahlgren,"Manhattan Beach, CA",1105,2:43:23,12:28,M 30-39/223,M-30,604,2:47:02,36.25%
1262,Cecilia Britton,"Culver City, CA",1587,2:43:24,12:28,F 40-49/168,F-46,658,2:44:42,43.65%
1263,Lee Miller,"Hollywood, CA",1372,2:43:25,12:28,F 40-49/169,F-44,659,2:44:10,42.85%
1264,Natalie Kim,"Los Angeles, CA",1453,2:43:35,12:29,F 30-39/234,F-39,660,2:43:35,41.35%
1265,Susan Rose,"Pasadena, CA",1248,2:43:41,12:30,F 50-59/60,F-58,661,2:45:32,50.56%
1266,Alma Perez,"El Monte, CA",2049,2:43:42,12:30,F 40-49/170,F-46,662,2:48:39,43.57%
1267,Marco Marquez,"Bakersfield, CA",1448,2:43:43,12:30,M 01-19/13,M-14,605,2:45:36,40.08%
1268,Sarina Vanderzee,"Santa Monica, CA",2085,2:43:46,12:30,F 30-39/235,F-39,663,2:45:38,41.30%
1269,Cecilia Ortiz Sanromán,"Los Angeles, CA",1909,2:43:46,12:30,F 30-39/236,F-32,664,2:45:38,40.31%
1270,Rowena De La Merced,"Camarillo, CA",1049,2:43:50,12:30,F 40-49/171,F-47,665,2:44:11,43.97%
1271,Tamika Katon-Donegal,"Los Angeles, CA",943,2:43:50,12:30,F 30-39/237,F-38,666,2:44:44,41.07%
1272,Whit Petrell,"Huntington Beach, CA",1731,2:43:53,12:31,M 30-39/224,M-36,606,2:46:00,36.58%
1273,Courtney Rorie,"Fullerton, CA",1858,2:43:54,12:31,F 20-29/181,F-25,667,2:44:42,40.17%
1274,Marina Rabinovich,"Sherman Oaks, CA",602,2:44:02,12:31,F 30-39/238,F-33,668,2:45:25,40.31%
1275,Jason Andreoli,"San Francisco, CA",489,2:44:10,12:32,M 30-39/225,M-30,607,2:53:28,36.07%
1276,Elizabeth Sevesind,"Covina, CA",1320,2:44:13,12:32,F 30-39/239,F-38,669,2:44:35,40.98%
1277,Marla Black,"Los Angeles, CA",255,2:44:28,12:33,F 30-39/240,F-32,670,2:46:20,40.13%
1278,Ana Lisa De Vera,"Lakewood, CA",1725,2:44:30,12:33,F 30-39/241,F-33,671,2:45:04,40.20%
1279,Jennifer Martincavage,"West Hollywood, CA",1676,2:44:31,12:33,F 30-39/242,F-36,672,2:45:05,40.55%
1280,Sean Moore,"Corona, CA",1195,2:44:32,12:34,M 40-49/157,M-45,608,2:45:55,39.03%
1281,Michele Zambito,"Redondo Beach, CA",1597,2:44:34,12:34,F 30-39/243,F-36,673,2:45:51,40.53%
1282,Gloria Sibrian,"Los Angeles, CA",1615,2:44:34,12:34,F 30-39/244,F-39,674,2:45:51,41.10%
1283,Irina Fomenko,"Santa Monica, CA",1618,2:44:35,12:34,F 30-39/245,F-34,675,2:45:51,40.27%
1284,Melissa Kreisher,"Morgantown, WV",1068,2:44:35,12:34,F 40-49/172,F-41,676,2:45:43,41.59%
1285,Elaine Zuniga,"Pico Rivera, CA",966,2:44:39,12:34,F 30-39/246,F-37,677,2:45:53,40.68%
1286,Linda Dugan,"Los Angeles, CA",1024,2:44:40,12:34,F 50-59/61,F-52,678,2:45:38,46.44%
1287,Jessica Corpus,"Los Angeles, CA",1444,2:44:44,12:34,F 30-39/247,F-37,679,2:45:38,40.66%
1288,Brandye Smith,"Los Angeles, CA",1879,2:45:01,12:36,F 50-59/62,F-55,680,2:46:07,48.17%
1289,Irene Rocha,"Huntington Park, CA",1857,2:45:08,12:36,F 20-29/182,F-25,681,2:45:59,39.87%
1290,Nina Gaynair,"Inglewood, CA",1820,2:45:25,12:38,F 30-39/248,F-32,682,2:45:49,39.90%
1291,Sergio Herrera,"Inglewood, CA",1972,2:45:26,12:38,M 30-39/226,M-32,609,2:45:49,35.81%
1292,Monica Alvarez,"Santa Monica, CA",449,2:45:27,12:38,F 40-49/173,F-41,683,2:47:53,41.38%
1293,Nadine Peru,"Los Angeles, CA",1654,2:45:33,12:38,F 30-39/249,F-30,684,2:47:24,39.78%
1294,Ashley Drohan,"Monrovia, CA",344,2:45:38,12:39,F 20-29/183,F-26,685,2:47:13,39.75%
1295,Sarah Bird,"Los Angeles, CA",1570,2:45:50,12:39,F 20-29/184,F-27,686,2:46:04,39.70%
1296,Felix Iboa,"Glendale, CA",1321,2:46:02,12:40,M 30-39/227,M-31,610,2:46:24,35.67%
1297,Josh Robern,"North Hollywood, CA",732,2:46:02,12:40,M 30-39/228,M-37,611,2:48:15,36.32%
1298,Akshay Newgi,"Orange, CA",1640,2:46:03,12:40,M 20-29/98,M-28,612,2:47:38,35.67%
1299,Gina Orduna,"Playa Vista, CA",1127,2:46:08,12:41,F 30-39/250,F-35,687,2:47:04,40.01%
1300,Alan Bedford,"Hawthorne, CA",1702,2:46:09,12:41,M 60-69/20,M-66,613,2:47:13,46.67%
1501,Linda Borjas,"Clovis, CA",1052,3:01:45,13:52,F 40-49/212,F-40,836,3:03:11,37.43%
1502,Sarazar Johnson,"Los Angeles, CA",1185,3:02:07,13:54,F 40-49/213,F-44,837,3:03:32,38.45%
1503,Jessica Palomo,"Canyon Country, CA",634,3:02:30,13:56,F 30-39/291,F-38,838,3:04:06,36.87%
1504,Susanne Andersen,"Delray Beach, FL",443,3:02:37,13:56,F 50-59/89,F-55,839,3:04:16,43.53%
1505,Katelin McCrady,"Hermosa Beach, CA",1950,3:02:37,13:56,F 20-29/219,F-27,840,3:04:16,36.05%
1506,Gwendolyn Strean,"Palmdale, CA",110,3:02:40,13:56,F 50-59/90,F-53,841,3:04:54,42.40%
1507,Jonathan Juarez,"Santa Fe Springs, CA",1877,3:02:53,13:58,M 01-19/15,M-16,666,3:03:24,34.55%
1508,Shirley Benavidez,"Wilmington, CA",461,3:02:55,13:58,F 30-39/292,F-35,842,3:04:58,36.34%
1509,Sarah Lusk,"La Verne, CA",224,3:02:59,13:58,F 20-29/220,F-22,843,3:04:42,35.98%
1510,Angela Ng,"Chino Hills, CA",1488,3:03:03,13:58,F 60-69/14,F-62,844,3:03:29,47.83%
1511,Cynthia Roeder,"Redondo Beach, CA",322,3:03:07,13:59,F 40-49/214,F-43,845,3:05:02,37.93%
1512,Maria Perez,"Mission Viejo, CA",61,3:03:18,13:59,F 40-49/215,F-42,846,3:04:29,37.61%
1513,Esperanza Rodriguez,"Chino, CA",1518,3:03:29,14:00,F 50-59/91,F-53,847,3:03:29,42.21%
1514,Amy Ehlers,"Temecula, CA",166,3:03:39,14:01,F 30-39/293,F-39,848,3:04:54,36.83%
1515,Efrain Hernandez,"Los Angeles, CA",901,3:04:07,14:03,M 30-39/243,M-38,667,3:05:34,32.99%
1516,Maria Tzul,"Los Angeles, CA",1258,3:04:07,14:03,F 20-29/221,F-27,849,3:05:34,35.76%
1517,Brittney Jeng,"Los Angeles, CA",1016,3:04:11,14:03,F 20-29/222,F-28,850,3:04:24,35.75%
1518,David Hoyt,"Long Beach, CA",1255,3:04:16,14:04,M 60-69/29,M-67,668,3:08:17,42.51%
1519,Letty Castaneda Troncoso,"Costa Mesa, CA",1197,3:04:23,14:04,F 30-39/294,F-34,851,3:06:26,35.94%
1520,Destiny Russell,"Costa Mesa, CA",1198,3:04:25,14:05,F 30-39/295,F-32,852,3:06:27,35.79%
1521,Jana Lewis,"Pasadena, CA",915,3:04:27,14:05,F 50-59/92,F-50,853,3:05:19,40.43%
1522,Tim McCabe,"Simi Valley, CA",140,3:04:34,14:05,M 50-59/97,M-56,669,3:06:28,38.24%
1523,Kris Krasinski,"Los Angeles, CA",1206,3:04:40,14:06,M 30-39/244,M-36,670,3:07:00,32.47%
1524,Audrey Hanson,"Los Angeles, CA",1207,3:04:40,14:06,F 40-49/216,F-40,854,3:06:59,36.84%
1525,Amy Foell,"Los Angeles, CA",1531,3:04:40,14:06,F 40-49/217,F-42,855,3:05:27,37.33%
1526,Jenn Alonzo,"Los Angeles, CA",1529,3:04:41,14:06,F 30-39/296,F-39,856,3:05:27,36.62%
1527,Jennifer Bourgeois,"Norco, CA",149,3:04:51,14:06,F 40-49/218,F-43,857,3:06:31,37.57%
1528,Monica Reich,"Ann Arbor, MI",236,3:05:18,14:09,F 40-49/219,F-40,858,3:05:54,36.71%
1529,Aurora De Lucia,"Los Angeles, CA",1511,3:05:21,14:09,F 20-29/223,F-24,859,3:05:38,35.52%
1530,Aliza Nikayin,"Los Angeles, CA",177,3:05:27,14:09,F 40-49/220,F-49,860,3:06:39,39.73%
1531,Angelina Rivera,"Victorville, CA",554,3:05:56,14:11,F 30-39/297,F-35,861,3:17:09,35.75%
1532,Lorena Castellon,"Los Angeles, CA",1446,3:05:56,14:11,F 30-39/298,F-30,862,3:07:09,35.42%
1533,Noel Keller,"Claremont, CA",1534,3:06:00,14:12,F 60-69/15,F-69,863,3:08:03,52.39%
1534,April Erndt,"Bakersfield, CA",1888,3:06:04,14:12,F 30-39/299,F-35,864,3:06:22,35.73%
1535,Shao Chong Sim,"Los Angeles, CA",1382,3:06:05,14:12,M 20-29/107,M-26,671,3:06:53,31.83%
1536,Caleb Tay,"Los Angeles, CA",1384,3:06:05,14:12,M 20-29/108,M-28,672,3:06:54,31.83%
1537,Kerry Caldwell,"Clovis, CA",1416,3:06:08,14:12,F 40-49/221,F-45,865,3:06:59,37.96%
1538,Debbie Der Torosian,"Fresno, CA",1525,3:06:08,14:12,F 40-49/222,F-47,866,3:06:59,38.70%
1539,Daria Kelley,"Encino, CA",1121,3:06:09,14:12,F 60-69/16,F-66,867,3:08:03,49.93%
1540,Monica Martinez,"Pico Rivera, CA",965,3:06:22,14:13,F 30-39/300,F-36,868,3:07:28,35.79%
1541,Candelaria Pinedo,"La Puente, CA",1046,3:06:35,14:14,F 60-69/17,F-61,869,3:08:22,46.26%
1542,Jody Perlmutter,"Pasadena, CA",1737,3:06:55,14:16,F 40-49/223,F-41,870,3:07:16,36.62%
1543,Gerald Byrnes,"West Hollywood, CA",1218,3:07:00,14:16,M 50-59/98,M-54,673,3:08:42,37.07%
1544,Karen Hopkins,"Pasadena, CA",1609,3:07:01,14:16,F 40-49/224,F-48,871,3:07:59,38.94%
1545,Randy Kam,"Tehachapi, CA",1297,3:07:04,14:17,M 50-59/99,M-57,674,3:09:05,38.06%
1546,Shino Miura,"Palos Verdes Peninsula, CA",51,3:07:24,14:18,F 30-39/301,F-33,872,3:08:07,35.28%
1547,Angela Park,"Palos Verdes Peninsula, CA",52,3:07:24,14:18,F 40-49/225,F-42,873,3:08:07,36.79%
1548,Sharlene Marchese,"Buena Park, CA",1533,3:07:37,14:19,F 40-49/226,F-43,874,3:08:53,37.02%
1549,Jeanita Simpson,"Jonesboro, GA",1050,3:08:07,14:21,F 50-59/93,F-52,875,3:09:48,40.65%
1550,Jane Flynn,"Woodland Hills, CA",1107,3:08:17,14:22,F 60-69/18,F-67,876,3:10:12,50.13%
1551,Joshua Ramos,"Yuma, AZ",265,3:08:18,14:22,M 30-39/245,M-33,675,3:09:51,31.50%
1552,Jules Goldin,"Encino, CA",167,3:08:38,14:24,F 30-39/302,F-38,877,3:09:12,35.67%
1553,Joyce Nakama,"Gardena, CA",1303,3:08:41,14:24,F 50-59/94,F-54,878,3:09:49,41.58%
1554,Kathy Cabrera,"Irvine, CA",1266,3:08:45,14:24,F 40-49/227,F-40,879,3:08:51,36.04%
1555,Dana Mosell,"Rancho Cucamonga, CA",638,3:08:58,14:25,M 60-69/30,M-63,676,3:18:57,39.86%
1556,Laura Mosell,"Rancho Cucamonga, CA",639,3:08:58,14:25,F 40-49/228,F-49,880,3:18:57,38.99%
1557,Armida Uriarte,"North Hollywood, CA",1562,3:09:07,14:26,F 30-39/303,F-39,881,3:10:44,35.77%
1558,Susana Corona,"Los Angeles, CA",131,3:09:09,14:26,F 30-39/304,F-31,882,3:10:44,34.84%
1559,Allison Ford,"Van Nuys, CA",189,3:09:12,14:26,F 50-59/95,F-57,883,3:10:51,43.15%
1560,Andrea Medina-Martinez,"Diamond Bar, CA",1716,3:09:33,14:28,F 40-49/229,F-41,884,3:12:01,36.12%
1561,Jose Juarez,"Santa Fe Springs, CA",1873,3:09:36,14:28,M 40-49/174,M-44,677,3:10:05,33.60%
1562,Joanne McKenzie,"El Segundo, CA",1124,3:09:42,14:29,F 50-59/96,F-50,885,3:10:41,39.31%
1563,Josephine Trevino,"San Pedro, CA",2014,3:09:57,14:30,F 50-59/97,F-55,886,3:11:51,41.85%
1564,Jose Lopez,"San Diego, CA",1846,3:10:10,14:31,M 30-39/246,M-34,678,3:11:58,31.26%
1565,Luisa Rivas,"Los Angeles, CA",1183,3:10:11,14:31,F 40-49/230,F-49,887,3:11:21,38.74%
1566,Susy Vargas,"Arleta, CA",1009,3:10:12,14:31,F 40-49/231,F-40,888,3:11:21,35.76%
1567,Dulce Barton,"Long Beach, CA",120,3:10:22,14:32,F 50-59/98,F-59,889,3:12:13,44.08%
1568,Kristol Clyde,"Pasadena, CA",1884,3:10:25,14:32,F 30-39/305,F-35,890,3:11:47,34.91%
1569,Lorena Garcia,"West Covina, CA",750,3:10:32,14:32,F 30-39/306,F-35,891,3:15:30,34.89%
1570,Claudia Mazzei,"Redondo Beach, CA",122,3:10:32,14:33,F 40-49/232,F-44,892,3:11:21,36.75%
1571,Fish Essenfeld,"Sherman Oaks, CA",1990,3:10:40,14:33,M 40-49/175,M-47,679,3:11:00,34.24%
1572,Juana Mora,"Los Angeles, CA",245,3:10:48,14:34,F 40-49/233,F-42,893,3:12:55,36.13%
1573,Trina Fehlman,"Claremont, CA",507,3:10:53,14:34,F 40-49/234,F-42,894,3:12:41,36.12%
1574,Cendy Vides,"El Monte, CA",894,3:10:56,14:34,F 20-29/224,F-29,895,3:12:27,34.48%
1575,Carly Gray,"West Hollywood, CA",513,3:11:00,14:35,F 20-29/225,F-27,896,3:11:47,34.47%
1576,Mo Darwiche,"West Hollywood, CA",1999,3:11:00,14:35,F 30-39/307,F-30,897,3:11:47,34.48%
1577,Eric Galeano,"Palmdale, CA",3057,3:11:27,14:37,M 30-39/247,M-32,680,3:12:51,30.94%
1578,Eduardo Ramirez,"Los Angeles, CA",1564,3:11:44,14:38,M 20-29/109,M-29,681,3:13:27,30.89%
1579,Anita Gomez,"Los Angeles, CA",1563,3:11:47,14:38,F 20-29/226,F-27,898,3:13:27,34.33%
1580,Mike Hauptman,"Sherman Oaks, CA",422,3:11:51,14:39,M 30-39/248,M-32,682,3:13:34,30.88%
1581,Karen Donohoe,"Upland, CA",1074,3:11:52,14:39,F 50-59/99,F-53,899,3:12:15,40.37%
1582,Cindy Yan,"Los Angeles, CA",834,3:12:11,14:40,F 20-29/227,F-24,900,3:12:27,34.26%
1583,Kaitlyn Kyle,"Santa Monica, CA",623,3:12:14,14:40,F 30-39/308,F-39,901,3:13:43,35.19%
1584,Van Garner,"Claremont, CA",1537,3:12:21,14:41,M 70-99/4,M-70,683,3:12:58,41.98%
1585,John Crowe,"Carson, CA",293,3:12:33,14:42,M 40-49/176,M-48,684,3:13:02,34.19%
1586,Cleo Labarda-Crowe,"Carson, CA",68,3:12:34,14:42,F 50-59/100,F-50,902,3:13:03,38.73%
1587,Racheal Laporte,"Crown  Point, IN",1097,3:12:35,14:42,F 20-29/228,F-28,903,3:17:27,34.19%
1588,Cherristan James,"Carson, CA",377,3:12:35,14:42,F 01-19/10,F-18,904,3:13:03,34.72%
1589,Susan Flocco,"Glendale, CA",74,3:12:36,14:42,F 60-69/19,F-61,905,3:13:36,44.81%
1590,Linda Pulver,"Canoga Park, CA",459,3:12:41,14:42,F 50-59/101,F-50,906,3:13:41,38.70%
1591,Taylor Sanders,"San Dimas, CA",95,3:13:02,14:44,F 01-19/11,F-15,907,3:13:27,36.43%
1592,Mabel Chan,"Los Angeles, CA",1457,3:13:04,14:44,F 40-49/235,F-41,908,3:15:25,35.46%
1593,Kristi Hilliard,"Long Beach, CA",560,3:13:14,14:45,F 40-49/236,F-41,909,3:15:28,35.43%
1594,Sonia Centeno,"Los Angeles, CA",235,3:13:27,14:46,F 30-39/309,F-34,910,3:16:22,34.26%
1595,Fatima Urquilla,"Victorville, CA",1707,3:13:57,14:48,F 20-29/229,F-21,911,3:15:36,33.95%
1596,Alejandrina Zavala,"Carson, CA",1989,3:14:00,14:48,F 40-49/237,F-40,912,3:14:00,35.06%
1597,Claudia Junge,"Los Alamitos, CA",160,3:14:15,14:50,F 30-39/310,F-39,913,3:15:05,34.82%
1598,Robin Connolly,"San Diego, CA",99,3:14:24,14:50,F 40-49/238,F-48,914,3:14:49,37.46%
1599,Sandy Kim,"Lake Balboa, CA",106,3:14:49,14:52,F 30-39/311,F-38,915,3:17:03,34.54%
1600,Than Duong,"Lake Forest, CA",696,3:15:11,14:54,M 30-39/249,M-39,685,3:15:37,31.36%
1601,Kedar Joshi,"Long Beach, CA",767,3:15:35,14:56,M 20-29/110,M-29,686,3:17:34,30.28%
1602,Judy Thomas,"Glendora, CA",1703,3:15:38,14:56,F 50-59/102,F-59,916,3:16:17,42.89%
1603,Elizabeth Jimenez-Scaggs,"Altadena, CA",1578,3:15:38,14:56,F 60-69/20,F-60,917,3:16:17,43.49%
1604,Maritza Lopez,"Pacoima, CA",940,3:15:55,14:57,F 20-29/230,F-27,918,3:16:37,33.61%
1605,Enrique Magtibay,"Los Angeles, CA",1848,3:15:56,14:57,M 60-69/31,M-65,687,3:17:14,39.19%
1606,Peter Kim,"Los Angeles, CA",519,3:16:24,14:59,M 30-39/250,M-32,688,3:17:14,30.16%
1607,Maria Quezada,"Los Angeles, CA",1180,3:16:31,15:00,F 50-59/103,F-51,919,3:16:40,38.42%
1608,Lizbeth Estevez,"West Los Angeles, CA",1262,3:16:37,15:00,F 20-29/231,F-27,920,3:17:07,33.49%
1609,Ruth Fernandz,"Orange, CA",1830,3:16:57,15:02,F 30-39/312,F-33,921,3:19:26,33.57%
1610,Anastasia Lander,"Brea, CA",1718,3:16:57,15:02,F 40-49/239,F-43,922,3:19:26,35.27%
1611,Laura Diaz,"Valencia, CA",949,3:17:51,15:06,F 30-39/313,F-35,923,3:19:29,33.60%
1612,Deborah Galvez,"Duarte, CA",1182,3:18:00,15:07,F 50-59/104,F-57,924,3:18:09,41.23%
1613,Mona Borjas,"Clovis, CA",1053,3:18:06,15:07,F 60-69/21,F-65,925,3:19:32,46.20%
1614,Leslie Simmons,"Burbank, CA",1684,3:18:08,15:07,F 40-49/240,F-45,926,3:18:29,35.66%
1615,Laurie Stevens,"Knoxville, TN",2058,3:18:43,15:10,F 50-59/105,F-55,927,3:19:21,40.00%
1616,Nicola Gibson,"Los Angeles, CA",1324,3:18:44,15:10,F 40-49/241,F-43,928,3:28:06,34.95%
1617,Lacey Hodges,"Gardena, CA",1347,3:18:45,15:10,F 40-49/242,F-40,929,3:28:08,34.23%
1618,Lianna Klemp,"Los Angeles, CA",597,3:19:17,15:13,F 30-39/314,F-33,930,3:21:28,33.18%
1619,Amy Modglin,"Los Angeles, CA",598,3:19:20,15:13,F 20-29/232,F-27,931,3:21:31,33.03%
1620,Jennifer Cappo,"Bellflower, CA",953,3:20:11,15:17,F 30-39/315,F-37,932,3:20:50,33.46%
1621,Victor Ponce,"Norwalk, CA",1314,3:20:33,15:18,M 30-39/251,M-38,689,3:21:15,30.29%
1622,Patrick Baba,"Burbank, CA",1120,3:20:33,15:18,M 40-49/177,M-40,690,3:21:15,30.76%
1623,Kel Fox,"Burbank, CA",1019,3:20:41,15:19,F 40-49/243,F-41,933,3:24:22,34.11%
1624,Lisa Gonsalves,"Valley Village, CA",555,3:20:41,15:19,F 40-49/244,F-49,934,3:23:19,36.71%
1625,Anne Roderick,"Montclair, CA",1770,3:20:49,15:20,F 30-39/316,F-35,935,3:21:52,33.10%
1626,Jonna Lewis,"Pinon Hills, CA",874,3:21:00,15:20,F 30-39/317,F-38,936,3:22:11,33.48%
1627,Brian Lau,"Baldwin Park, CA",1278,3:21:06,15:21,M 30-39/252,M-35,691,3:22:23,29.67%
1628,Amanda Tricomi,"Venice, CA",859,3:21:13,15:21,F 30-39/318,F-32,937,3:22:13,32.80%
1629,Cari Eisele,"Garden Grove, CA",969,3:21:15,15:22,F 50-59/106,F-51,938,3:21:31,37.52%
1630,Mariela Dominguez,"Los Angeles, CA",678,3:21:24,15:22,F 20-29/233,F-27,939,3:23:15,32.69%
1631,Abraham Gomez,"Bell Gardens, CA",1975,3:21:51,15:24,M 50-59/100,M-50,692,3:31:26,33.17%
1632,Hortensia Colocho,"Lawndale, CA",2040,3:21:53,15:24,F 30-39/319,F-39,940,3:22:53,33.50%
1633,Sylvia Rodriguez,"Burbank, CA",1849,3:21:55,15:25,F 50-59/107,F-52,941,3:22:29,37.87%
1634,Teresa Bennett,"Upland, CA",551,3:22:06,15:25,F 60-69/22,F-61,942,3:23:38,42.71%
1635,Natalia Montejano,"Azusa, CA",698,3:22:09,15:26,F 20-29/234,F-27,943,3:23:40,32.57%
1636,Ginny Lee,"Lake Forest, CA",32,3:22:13,15:26,F 50-59/108,F-50,944,3:23:39,36.88%
1637,Mary Ann Nguyen,"Los Angeles, CA",542,3:22:40,15:28,F 30-39/320,F-32,945,3:24:02,32.57%
1638,Rayner Tham,"Los Angeles, CA",1383,3:22:53,15:29,M 20-29/111,M-26,693,3:23:42,29.19%
1639,Adrian Marin,"South Gate, CA",490,3:23:00,15:30,M 30-39/253,M-30,694,3:24:37,29.17%
1640,Nancy Oseguera,"Huntington Park, CA",582,3:23:00,15:30,F 20-29/235,F-29,946,3:24:37,32.43%
1641,Sarah Miranda Kneeland,"Encino, CA",1423,3:23:04,15:30,F 20-29/236,F-26,947,3:24:53,32.42%
1642,Carol Nguyen,"Los Angeles, CA",541,3:24:01,15:34,F 20-29/237,F-28,948,3:24:01,32.27%
1643,Barbara Anhaeuser,"Upland, CA",1524,3:24:06,15:35,F 50-59/109,F-56,949,3:26:12,39.46%
1644,Lizette Marroquin,"Los Angeles, CA",1965,3:24:16,15:35,F 30-39/321,F-37,950,3:26:38,32.79%
1645,Elaine Chan,"El Monte, CA",1170,3:24:18,15:36,F 30-39/322,F-36,951,3:24:50,32.65%
1646,Genely Chan,"Glendora, CA",648,3:24:35,15:37,F 30-39/323,F-30,952,3:26:10,32.19%
1647,Teon Taylor,"Long Beach, CA",1485,3:25:13,15:40,M 30-39/254,M-39,695,3:25:53,29.82%
1648,Camille McDonald,"Oceanside, CA",33,3:25:13,15:40,F 50-59/110,F-54,953,3:26:56,38.23%
1649,Vanessa Garcia,"South Gate, CA",619,3:25:18,15:40,F 20-29/238,F-26,954,3:27:11,32.07%
1650,Luzelena Gutierrez,"Indio, CA",523,3:25:18,15:40,F 20-29/239,F-28,955,3:27:11,32.07%
1651,Christine Anne Leyson,"Los Angeles, CA",315,3:25:44,15:42,F 30-39/324,F-32,956,3:35:23,32.08%
1652,Wendy Reyes,"Los Angeles, CA",2050,3:25:52,15:43,F 20-29/240,F-28,957,3:27:20,31.98%
1653,Chaya Gentile,"West Hills, CA",763,3:26:00,15:43,F 20-29/241,F-21,958,3:31:51,31.96%
1654,Gwen Nakatani,"Westminster, CA",186,3:26:01,15:43,F 50-59/111,F-59,959,3:26:32,40.73%
1655,Farrah Nakatani,"Placentia, CA",1827,3:26:03,15:44,F 30-39/325,F-38,960,3:26:33,32.66%
1656,Sarah Yvonne Ramos,"Walnut, CA",1136,3:26:14,15:44,F 30-39/326,F-31,961,3:28:01,31.96%
1657,Sheela Abdi,"Los Angeles, CA",2139,3:26:48,15:47,F 30-39/327,F-34,962,3:35:00,32.05%
1658,Merica Mackey,"Los Angeles, CA",2138,3:26:48,15:47,F 30-39/328,F-35,963,3:35:00,32.14%
1659,Shirley Portee,"Glenwood, IL",2078,3:27:07,15:48,F 50-59/112,F-58,964,3:29:09,39.96%
1660,Anthony Dasilva,"Long Beach, CA",2035,3:27:53,15:52,M 50-59/101,M-52,696,3:29:46,32.77%
1661,Sue Spears,"Sierra Madre, CA",1727,3:28:00,15:52,F 60-69/23,F-62,965,3:29:27,42.09%
1662,Kevin Moreno,"Sylmar, CA",147,3:28:15,15:54,M 20-29/112,M-27,697,3:30:01,28.44%
1663,Lynda Diaz,"Pacoima, CA",127,3:28:16,15:54,F 20-29/242,F-28,966,3:30:01,31.61%
1664,Nakia Secrest,"West Hollywood, CA",2150,3:28:28,15:55,F 30-39/329,F-35,967,3:29:48,31.89%
1665,Rachel Perkins,"Los Angeles, CA",136,3:29:14,15:58,F 20-29/243,F-26,968,3:31:08,31.47%
1666,Sharon Lee,"Burbank, CA",221,3:29:52,16:01,F 30-39/330,F-38,969,3:31:09,32.06%
1667,Robert Stokes,"Moreno Valley, CA",1535,3:30:41,16:05,M 50-59/102,M-57,698,3:32:33,33.80%
1668,Glenn Higaki,"Cerritos, CA",153,3:31:00,16:06,M 60-69/32,M-68,699,3:31:36,37.49%
1669,Brenda Thomas,"Ridgecrest, CA",1358,3:31:04,16:06,F 50-59/113,F-54,970,3:31:27,37.17%
1670,Jennifer Hernandez,"Orange, CA",1978,3:32:01,16:11,F 30-39/331,F-38,971,3:34:11,31.74%
1671,Joseph Nevarez,"Fullerton, CA",257,3:32:19,16:12,M 30-39/255,M-33,700,3:33:47,27.94%
1672,Benjamin Torres,"Los Angeles, CA",244,3:33:17,16:17,M 40-49/178,M-45,701,3:35:25,30.11%
1673,Josephine Velasco,"Carson, CA",796,3:33:25,16:17,F 50-59/114,F-52,972,3:35:20,35.83%
1674,Noel Diaz,"Valencia, CA",950,3:33:45,16:19,M 30-39/256,M-37,702,3:35:23,28.21%
1675,Patty Arias  Torres,"North Hills, CA",1003,3:33:46,16:19,F 40-49/245,F-42,973,3:35:25,32.25%
1676,Vince Rosiles,"Los Angeles, CA",604,3:34:52,16:24,M 50-59/103,M-59,703,3:35:26,33.76%
1677,Natali Villarruel,"Chicago, IL",1295,3:35:11,16:25,F 20-29/244,F-28,974,3:35:27,30.60%
1678,Samantha Goga,"Chicago, IL",1296,3:35:11,16:25,F 20-29/245,F-27,975,3:35:26,30.60%
1679,Chinwe Okezie,"Los Angeles, CA",1021,3:36:07,16:30,F 30-39/332,F-33,976,3:37:35,30.60%
1680,Devin Brady,"Inglewood, CA",1023,3:36:08,16:30,M 30-39/257,M-31,704,3:37:35,27.40%
1681,Melissa Johnson,"West Hollywood, CA",455,3:36:31,16:31,F 40-49/246,F-43,977,3:38:39,32.08%
1682,Kharla Romero,"Bell, CA",891,3:37:10,16:34,F 20-29/246,F-27,978,3:38:10,30.32%
1683,Erica Martin,"Los Angeles, CA",1071,3:37:13,16:35,F 20-29/247,F-28,979,3:38:54,30.31%
1684,Michelle Furtney-Goodman,"Los Angeles, CA",387,3:37:34,16:36,F 40-49/247,F-44,980,3:39:44,32.18%
1685,Becca Kessin,"Los Angeles, CA",944,3:38:53,16:42,F 30-39/333,F-32,981,3:40:54,30.16%
1686,Margaret Tollner,"Lakewood, CA",124,3:40:39,16:50,F 50-59/115,F-52,982,3:42:42,34.66%
1687,Mg Montgomery,"Bakersfield, CA",1467,3:43:07,17:02,F 40-49/248,F-45,983,3:44:35,31.67%
1688,Mary Brooks,"Los Angeles, CA",1572,3:43:28,17:03,F 60-69/24,F-64,984,3:45:37,40.34%
1689,Kristin Scarano,"Pasadena, CA",115,3:43:30,17:03,F 30-39/334,F-32,985,3:43:47,29.53%
1690,S Minisee,"Lancaster, CA",1713,3:44:34,17:08,F 40-49/249,F-45,986,3:44:34,31.46%
1691,Angie Lampietti,"Whittier, CA",164,3:46:44,17:18,F 40-49/250,F-42,987,3:48:16,30.41%
1692,Margaret Lorrie Drenk,"Montebello, CA",1744,3:46:56,17:19,F 50-59/116,F-58,988,3:50:23,36.46%
1693,Rebecca Miller,"Los Angeles, CA",53,3:47:05,17:20,F 20-29/248,F-26,989,3:47:55,28.99%
1694,Sharon Hulse,"Beverly Hills, CA",55,3:47:06,17:20,F 50-59/117,F-57,990,3:47:57,35.95%
1695,Steven Tong,"Baldwin Park, CA",1880,3:48:43,17:27,M 40-49/179,M-42,705,3:50:27,27.41%
1696,Clarissa Lopez,"Los Angeles, CA",858,3:49:13,17:30,F 20-29/249,F-28,991,3:50:53,28.72%
1697,Monica Magana,"Granada Hills, CA",735,3:49:30,17:31,F 01-19/12,F-17,992,3:49:45,29.57%
1698,Antonia Magana,"Granada Hills, CA",733,3:49:30,17:31,F 40-49/251,F-46,993,3:49:46,31.08%
1699,Matt Baruth,"Ontario, CA",545,3:49:32,17:31,M 20-29/113,M-26,706,3:49:49,25.80%
1700,Amanda Baruth,"Ontario, CA",544,3:49:34,17:31,F 20-29/250,F-23,994,3:49:51,28.68%
