Bib,Name,Gender,Age,Hometown,Overall,Women,F NoAge,Finish,Chip Time,Gun Time
5134,Julie Kennedy,F,0,", ",1 out of 219,1 out of 168,0 out of 0,32:21 Pace: 10:25,32:21,32:21
290,Ashley Niles,F,0,", ",2 out of 219,2 out of 168,0 out of 0,34:10 Pace: 11:00,30:55,34:10
292,Cassie Almostunderhill,F,0,", ",3 out of 219,3 out of 168,0 out of 0,34:10 Pace: 11:00,30:52,34:10
85,Iva Franks-Singer,F,0,", ",4 out of 219,4 out of 168,0 out of 0,36:57 Pace: 11:54,36:57,40:11
5040,Teresa Carpenter,F,0,", ",5 out of 219,5 out of 168,0 out of 0,37:09 Pace: 11:58,37:09,37:09
242,Julia Barajas,F,0,", ",6 out of 219,6 out of 168,0 out of 0,38:09 Pace: 12:17,38:09,41:28
5054,Ugonna Ihenacho,F,0,", ",7 out of 0,7 out of 0,0 out of 0,38:40 Pace: 12:27,38:40,39:07
467,Ahunna Ohaeri,F,25,"Colton, CA",8 out of 219,8 out of 168,1 out of 4, 36.38% Place: 2,38:40 Pace: 12:27,38:40,39:07
264,Michael Nelson,M,0,", ",9 out of 219,1 out of 51,0 out of 0,39:44 Pace: 12:48,36:31,39:44
58,Michelle Sketo,F,0,", ",10 out of 219,9 out of 168,0 out of 0,40:35 Pace: 13:04,40:35,44:05
5232,Nickee Brown,F,0,", ",11 out of 219,10 out of 168,0 out of 0,40:51 Pace: 13:09,40:51,40:55
244,Stacy Stirrett,F,0,", ",12 out of 219,11 out of 168,0 out of 0,41:04 Pace: 13:13,41:04,44:19
5039,Joann Hill,F,0,", ",13 out of 219,12 out of 168,0 out of 0,41:05 Pace: 13:14,41:05,41:13
273,Adriana Benavides,F,0,", ",14 out of 219,13 out of 168,0 out of 0,41:05 Pace: 13:14,41:05,44:20
87,Amy Yencer,F,0,", ",15 out of 219,14 out of 168,0 out of 0,41:57 Pace: 13:30,41:57,45:12
18,Cecile Matzkin,F,0,", ",16 out of 219,15 out of 168,0 out of 0,42:28 Pace: 13:40,42:28,46:04
386,Cathy Vasilev,F,0,", ",17 out of 219,16 out of 168,0 out of 0,42:58 Pace: 13:50,42:58,46:10
363,Heather Neinast,F,0,", ",18 out of 219,17 out of 168,0 out of 0,43:15 Pace: 13:56,43:15,46:36
426,Annie Safoian,F,0,", ",19 out of 219,18 out of 168,0 out of 0,43:43 Pace: 14:05,43:43,47:32
284,Melanee Young,F,0,", ",20 out of 219,19 out of 168,0 out of 0,44:39 Pace: 14:23,44:39,47:58
396,Kelly Rossi,F,0,", ",21 out of 219,20 out of 168,0 out of 0,44:44 Pace: 14:24,44:44,48:04
401,Janeane Moura,F,0,", ",22 out of 219,21 out of 168,0 out of 0,44:46 Pace: 14:25,44:46,48:06
285,David Lawson,M,0,", ",23 out of 219,2 out of 51,0 out of 0,45:01 Pace: 14:30,44:46,48:01
212,Gregory Williams,M,0,", ",24 out of 219,3 out of 51,0 out of 0,45:01 Pace: 14:30,42:49,46:10
249,Gil Even,M,0,", ",25 out of 219,4 out of 51,0 out of 0,45:03 Pace: 14:30,45:03,48:22
88,Jackie Wynne,F,0,", ",26 out of 219,22 out of 168,0 out of 0,45:16 Pace: 14:34,45:16,48:45
406,Cheryl Wong,F,0,", ",27 out of 219,23 out of 168,0 out of 0,45:47 Pace: 14:45,45:47,49:06
5448,Alex Munoz,M,0,", ",28 out of 219,5 out of 51,0 out of 0,46:30 Pace: 14:58,46:30,47:09
5158,Kim Clark,F,0,", ",29 out of 219,24 out of 168,0 out of 0,46:32 Pace: 14:59,46:32,46:32
382,Wendy Ablon,F,0,", ",30 out of 219,25 out of 168,0 out of 0,46:47 Pace: 15:04,46:47,47:29
5028,David Corrado,M,0,", ",31 out of 219,6 out of 51,0 out of 0,47:12 Pace: 15:12,47:12,47:12
317,Elizabeth Arroyo,F,0,", ",32 out of 219,26 out of 168,0 out of 0,47:20 Pace: 15:14,47:20,50:52
392,Michelle James,F,0,", ",33 out of 219,27 out of 168,0 out of 0,47:27 Pace: 15:17,47:27,1:00:35
76,Rajesh Duggal,M,0,", ",34 out of 219,7 out of 51,0 out of 0,47:28 Pace: 15:17,47:28,48:11
321,Christine Montenegro,F,0,", ",35 out of 219,28 out of 168,0 out of 0,47:29 Pace: 15:17,47:29,50:54
63,Amy Honbo,F,0,", ",36 out of 219,29 out of 168,0 out of 0,47:32 Pace: 15:18,47:32,47:32
101,Rachel Dunn,F,0,", ",37 out of 219,30 out of 168,0 out of 0,48:21 Pace: 15:34,48:21,51:55
104,David Woytowich,M,0,", ",38 out of 219,8 out of 51,0 out of 0,48:22 Pace: 15:34,48:22,51:56
225,Katie Lucht,F,0,", ",39 out of 219,31 out of 168,0 out of 0,48:29 Pace: 15:37,48:29,51:45
385,Heather Heaton,F,0,", ",40 out of 219,32 out of 168,0 out of 0,48:32 Pace: 15:38,48:32,51:50
24,Stephanie Crull,F,0,", ",41 out of 219,33 out of 168,0 out of 0,48:32 Pace: 15:38,48:32,51:48
5342,Ingrid Maples,F,0,", ",42 out of 219,34 out of 168,0 out of 0,49:08 Pace: 15:49,49:08,52:33
92,Mary De La Rosa,F,0,", ",43 out of 219,35 out of 168,0 out of 0,49:08 Pace: 15:49,49:08,49:29
300,Annemarie Flood,F,0,", ",44 out of 219,36 out of 168,0 out of 0,49:16 Pace: 15:52,49:16,52:43
84,Lois Fliegel,F,0,", ",45 out of 219,37 out of 168,0 out of 0,49:33 Pace: 15:57,49:33,49:33
203,Caroline Allen,F,0,", ",46 out of 219,38 out of 168,0 out of 0,49:44 Pace: 16:01,49:44,53:34
205,Stacy Sjoberg,F,0,", ",47 out of 219,39 out of 168,0 out of 0,49:47 Pace: 16:02,49:47,53:35
408,Afsoon Ravaghi,F,0,", ",48 out of 219,40 out of 168,0 out of 0,49:56 Pace: 16:05,49:56,53:15
5485,Mayen Ma,F,0,", ",49 out of 219,41 out of 168,0 out of 0,50:00 Pace: 16:06,50:00,50:00
413,Michelle Duffy,F,0,", ",50 out of 219,42 out of 168,0 out of 0,50:10 Pace: 16:09,50:10,53:51
350,Natalie Wegner,F,0,", ",51 out of 219,43 out of 168,0 out of 0,50:12 Pace: 16:10,50:12,53:25
103,Shannon Jerger,F,0,", ",52 out of 219,44 out of 168,0 out of 0,50:15 Pace: 16:11,50:15,50:15
377,Nikol Suchy,F,0,", ",53 out of 219,45 out of 168,0 out of 0,50:16 Pace: 16:11,50:16,53:30
412,Matt Sohl,M,0,", ",54 out of 219,9 out of 51,0 out of 0,50:45 Pace: 16:21,50:45,50:45
371,Emily Miller,F,0,", ",55 out of 219,46 out of 168,0 out of 0,50:49 Pace: 16:22,50:49,50:49
146,Katy Trotta,F,0,", ",56 out of 219,47 out of 168,0 out of 0,50:55 Pace: 16:24,50:55,54:17
15,Hugh Kinsellagh,M,0,", ",57 out of 219,10 out of 51,0 out of 0,50:58 Pace: 16:25,50:58,54:20
72,Joy Noe,F,0,", ",58 out of 219,48 out of 168,0 out of 0,51:04 Pace: 16:27,51:04,51:45
172,Jana Baumgarten,F,0,", ",59 out of 219,49 out of 168,0 out of 0,51:07 Pace: 16:27,51:07,54:37
82,Briana Nelson,F,0,", ",60 out of 219,50 out of 168,0 out of 0,51:08 Pace: 16:28,51:08,55:06
173,Michael Goldberg,M,0,", ",61 out of 219,11 out of 51,0 out of 0,51:08 Pace: 16:28,51:08,54:37
287,Christopher Swan,M,0,", ",62 out of 219,12 out of 51,0 out of 0,51:14 Pace: 16:30,51:14,54:30
5260,John Niedermann,M,0,", ",63 out of 219,13 out of 51,0 out of 0,51:17 Pace: 16:31,51:17,51:17
236,Summer Saito,F,0,", ",64 out of 219,51 out of 168,0 out of 0,51:18 Pace: 16:31,51:18,54:42
345,Karen Henderson,F,0,", ",65 out of 219,52 out of 168,0 out of 0,51:20 Pace: 16:32,51:20,54:38
334,Krystle Wright,F,0,", ",66 out of 219,53 out of 168,0 out of 0,51:20 Pace: 16:32,51:20,53:29
22,Rachelle Rasher,F,0,", ",67 out of 219,54 out of 168,0 out of 0,51:21 Pace: 16:32,51:21,54:44
388,Julie Chang,F,0,", ",68 out of 219,55 out of 168,0 out of 0,51:21 Pace: 16:32,51:21,54:35
52,Tom Patterson,M,0,", ",69 out of 219,14 out of 51,0 out of 0,51:22 Pace: 16:32,51:22,54:37
370,Michelle Markoff,F,0,", ",70 out of 219,56 out of 168,0 out of 0,51:26 Pace: 16:34,51:26,52:00
432,Andrew Vranicar,M,0,", ",71 out of 219,15 out of 51,0 out of 0,51:32 Pace: 16:35,51:32,55:11
239,Anya Colloff,F,0,", ",72 out of 219,57 out of 168,0 out of 0,51:33 Pace: 16:36,51:33,54:53
238,Michael Nicolo,M,0,", ",73 out of 219,16 out of 51,0 out of 0,51:33 Pace: 16:36,51:33,54:54
449,Diana Oropesa,F,0,", ",74 out of 219,58 out of 168,0 out of 0,51:35 Pace: 16:36,51:35,55:14
372,Terri Gutormson,F,0,", ",75 out of 219,59 out of 168,0 out of 0,51:39 Pace: 16:38,51:39,53:30
16,Miss Shannon,F,0,", ",76 out of 219,60 out of 168,0 out of 0,51:49 Pace: 16:41,51:49,51:49
331,Jessica Palmer,F,0,", ",77 out of 219,61 out of 168,0 out of 0,51:51 Pace: 16:42,51:51,52:27
439,Laura Gross,F,0,", ",78 out of 219,62 out of 168,0 out of 0,51:54 Pace: 16:43,51:54,55:34
5184,Eric Debellis,M,0,", ",79 out of 219,17 out of 51,0 out of 0,51:55 Pace: 16:43,51:55,51:55
61,Karan Nedras,F,0,", ",80 out of 219,63 out of 168,0 out of 0,51:57 Pace: 16:44,51:57,51:57
346,Jennifer Ray,F,0,", ",81 out of 219,64 out of 168,0 out of 0,51:58 Pace: 16:44,51:58,52:30
174,Tamara Struminger,F,0,", ",82 out of 219,65 out of 168,0 out of 0,52:02 Pace: 16:45,52:02,55:32
308,Michelle Wang,F,0,", ",83 out of 219,66 out of 168,0 out of 0,52:02 Pace: 16:45,52:02,55:46
178,Kristen Liming,F,0,", ",84 out of 219,67 out of 168,0 out of 0,52:07 Pace: 16:47,52:07,55:31
5029,Christina Guevara,F,0,", ",85 out of 219,68 out of 168,0 out of 0,52:08 Pace: 16:47,52:08,52:08
307,Betty Chu-Fujita,F,0,", ",86 out of 219,69 out of 168,0 out of 0,52:15 Pace: 16:49,52:15,55:46
456,Jp Amolat,M,0,", ",87 out of 219,18 out of 51,0 out of 0,52:20 Pace: 16:51,52:20,58:23
34,Frances Vincent,F,0,", ",88 out of 219,70 out of 168,0 out of 0,52:26 Pace: 16:53,52:26,55:42
33,Will Shatford,M,0,", ",89 out of 219,19 out of 51,0 out of 0,52:31 Pace: 16:55,52:31,55:43
59,Stacey Kelly,F,0,", ",90 out of 219,71 out of 168,0 out of 0,52:36 Pace: 16:56,52:36,52:36
177,Karl Kolderup,M,0,", ",91 out of 219,20 out of 51,0 out of 0,52:40 Pace: 16:57,52:40,55:57
138,Deanna Holden,F,0,", ",92 out of 219,72 out of 168,0 out of 0,52:47 Pace: 17:00,52:47,57:32
121,Veronika Dmitriyeva,F,0,", ",93 out of 219,73 out of 168,0 out of 0,52:56 Pace: 17:03,52:56,1:06:09
335,Sarah Conner,F,0,", ",94 out of 219,74 out of 168,0 out of 0,53:14 Pace: 17:08,53:14,57:00
437,Seth Casden,M,0,", ",95 out of 219,21 out of 51,0 out of 0,53:16 Pace: 17:09,53:16,57:01
117,Anna Palestis,F,0,", ",96 out of 219,75 out of 168,0 out of 0,53:21 Pace: 17:11,53:21,57:03
336,Shauna Cortes,F,0,", ",97 out of 219,76 out of 168,0 out of 0,53:25 Pace: 17:12,53:25,57:00
330,Samantha Mowbray,F,0,", ",98 out of 219,77 out of 168,0 out of 0,53:30 Pace: 17:13,53:30,53:30
362,Nathan Griffin,M,0,", ",99 out of 219,22 out of 51,0 out of 0,53:30 Pace: 17:13,53:30,56:54
361,Beth Griffin,F,0,", ",100 out of 219,78 out of 168,0 out of 0,53:30 Pace: 17:14,53:30,56:56
220,Richard Pendleton,M,0,", ",101 out of 219,23 out of 51,0 out of 0,53:31 Pace: 17:14,53:31,56:48
31,Debra Shatford,F,0,", ",102 out of 219,79 out of 168,0 out of 0,53:38 Pace: 17:16,53:38,56:53
181,Antoinette Pritchett,F,0,", ",103 out of 219,80 out of 168,0 out of 0,53:39 Pace: 17:17,53:39,1:02:12
137,Glendy Aceves,F,0,", ",104 out of 219,81 out of 168,0 out of 0,53:40 Pace: 17:17,53:40,1:02:09
257,Denise Steve,F,0,", ",105 out of 219,82 out of 168,0 out of 0,53:42 Pace: 17:17,53:42,54:25
252,Brandon Lopez,M,0,", ",106 out of 219,24 out of 51,0 out of 0,53:42 Pace: 17:17,53:42,57:16
159,Nikki Brown,F,0,", ",107 out of 219,83 out of 168,0 out of 0,53:42 Pace: 17:17,53:42,1:02:14
256,Courtney Steve,F,0,", ",108 out of 219,84 out of 168,0 out of 0,53:42 Pace: 17:17,53:42,54:22
131,Ricky Gonzalez,M,0,", ",109 out of 219,25 out of 51,0 out of 0,53:43 Pace: 17:18,53:43,1:02:14
128,Neda Pashaie,F,0,", ",110 out of 219,85 out of 168,0 out of 0,53:44 Pace: 17:18,53:44,1:02:13
251,Dima Alzayat,F,0,", ",111 out of 219,86 out of 168,0 out of 0,53:46 Pace: 17:19,53:46,57:19
247,Jonathan Goorvich,M,0,", ",112 out of 219,26 out of 51,0 out of 0,53:47 Pace: 17:19,53:47,57:20
167,Tres Morgan,M,0,", ",113 out of 219,27 out of 51,0 out of 0,53:47 Pace: 17:19,53:47,1:02:14
403,Elizabeth Tulac,F,0,", ",114 out of 219,87 out of 168,0 out of 0,53:52 Pace: 17:20,53:52,57:09
5016,Lenny Zavala,M,0,", ",115 out of 219,28 out of 51,0 out of 0,53:56 Pace: 17:22,53:56,53:56
135,Kathy Nguyen,F,0,", ",116 out of 219,88 out of 168,0 out of 0,54:04 Pace: 17:24,54:04,57:28
122,Irene Rojas,F,0,", ",117 out of 219,89 out of 168,0 out of 0,54:04 Pace: 17:24,54:04,57:28
243,Amanda McCoy,F,0,", ",118 out of 219,90 out of 168,0 out of 0,54:07 Pace: 17:25,54:07,57:25
348,Sandy Chang,F,0,", ",119 out of 219,91 out of 168,0 out of 0,54:39 Pace: 17:36,54:39,54:39
209,Raymond So,M,0,", ",120 out of 219,29 out of 51,0 out of 0,54:41 Pace: 17:36,54:41,58:21
384,Erin Owens,F,0,", ",121 out of 219,92 out of 168,0 out of 0,55:06 Pace: 17:45,55:06,59:02
150,Linda Rorick,F,0,", ",122 out of 219,93 out of 168,0 out of 0,55:09 Pace: 17:45,55:09,59:02
17,Jennifer Rorick,F,0,", ",123 out of 219,94 out of 168,0 out of 0,55:09 Pace: 17:45,55:09,59:02
222,Jodi Sherman,F,0,", ",124 out of 219,95 out of 168,0 out of 0,55:11 Pace: 17:46,55:11,58:43
204,Katie Taylor,F,0,", ",125 out of 219,96 out of 168,0 out of 0,55:14 Pace: 17:47,55:14,59:02
231,Heather Weiss,F,0,", ",126 out of 219,97 out of 168,0 out of 0,55:17 Pace: 17:48,55:17,58:45
261,Molly Taylor,F,0,", ",127 out of 219,98 out of 168,0 out of 0,55:19 Pace: 17:49,55:19,58:59
57,Courtney Labree,F,0,", ",128 out of 219,99 out of 168,0 out of 0,55:20 Pace: 17:49,55:20,59:03
151,Patricia Trapp,F,0,", ",129 out of 219,100 out of 168,0 out of 0,55:22 Pace: 17:50,55:22,59:06
295,Jill Forsythe,F,0,", ",130 out of 219,101 out of 168,0 out of 0,55:25 Pace: 17:51,55:25,58:40
142,Tamara Senegal,F,0,", ",131 out of 219,102 out of 168,0 out of 0,55:25 Pace: 17:51,55:25,58:51
145,David Pett,M,0,", ",132 out of 219,30 out of 51,0 out of 0,55:27 Pace: 17:51,55:27,55:27
54,Matti Vann,F,0,", ",133 out of 219,103 out of 168,0 out of 0,55:30 Pace: 17:52,55:30,55:30
230,Sue Kim,F,0,", ",134 out of 219,104 out of 168,0 out of 0,55:41 Pace: 17:56,55:41,59:15
221,Lynn Pendleton,F,0,", ",135 out of 219,105 out of 168,0 out of 0,55:58 Pace: 18:01,55:58,55:58
148,Laura Kolderup,F,0,", ",136 out of 219,106 out of 168,0 out of 0,55:59 Pace: 18:01,55:59,56:55
49,Jenny Broege,F,0,", ",137 out of 219,107 out of 168,0 out of 0,56:32 Pace: 18:12,56:32,1:00:14
46,Jamie Kesterson,F,0,", ",138 out of 219,108 out of 168,0 out of 0,56:33 Pace: 18:12,56:33,1:00:15
440,Alison Freeman,F,0,", ",139 out of 219,109 out of 168,0 out of 0,56:35 Pace: 18:13,56:35,1:00:20
235,Barbara Catlow,F,0,", ",140 out of 219,110 out of 168,0 out of 0,56:35 Pace: 18:13,56:35,1:00:10
288,Rachelle Dang,F,0,", ",141 out of 219,111 out of 168,0 out of 0,56:39 Pace: 18:14,56:39,59:58
464,Peter Mikocaev,M,33,"Los Angeles, CA",142 out of 219,31 out of 51,1 out of 2, 22.52% Place: 5,56:41 Pace: 18:15,56:41,1:00:01
211,Mo Moorman,M,0,", ",143 out of 219,32 out of 51,0 out of 0,56:42 Pace: 18:15,56:42,1:00:05
306,Tracey Theobold,F,0,", ",144 out of 219,112 out of 168,0 out of 0,56:45 Pace: 18:16,56:45,1:00:03
189,Rachel Morrison,F,0,", ",145 out of 219,113 out of 168,0 out of 0,57:12 Pace: 18:25,57:12,57:12
474,Sofia Jimenez,F,6,"Chino, CA",146 out of 219,114 out of 168,2 out of 4, 36.82% Place: 1,57:12 Pace: 18:25,57:12,1:01:19
473,Jose Jimenez,M,38,"Chino, CA",147 out of 219,33 out of 51,2 out of 2, 23.02% Place: 4,57:16 Pace: 18:26,57:16,1:01:24
6,Leila Ford,F,0,", ",148 out of 219,115 out of 168,0 out of 0,57:21 Pace: 18:28,57:21,1:01:19
94,Robert Jager,M,0,", ",149 out of 219,34 out of 51,0 out of 0,57:28 Pace: 18:30,57:28,57:28
42,Steven Jager,M,0,", ",150 out of 219,35 out of 51,0 out of 0,57:29 Pace: 18:31,57:29,57:29
70,David Stockhamer,M,0,", ",151 out of 219,36 out of 51,0 out of 0,57:50 Pace: 18:37,57:50,1:01:47
258,Gail Agas,F,0,", ",152 out of 219,116 out of 168,0 out of 0,57:57 Pace: 18:40,57:57,1:02:20
259,Maureen De Castro,F,0,", ",153 out of 219,117 out of 168,0 out of 0,58:09 Pace: 18:43,58:09,1:02:19
260,Yung Phan,F,0,", ",154 out of 219,118 out of 168,0 out of 0,58:09 Pace: 18:43,58:09,1:02:20
193,Patricia Garcia,F,0,", ",155 out of 219,119 out of 168,0 out of 0,58:14 Pace: 18:45,58:14,1:02:14
197,Julie Garcia,F,0,", ",156 out of 219,120 out of 168,0 out of 0,58:19 Pace: 18:46,58:19,1:02:17
407,Jody Thomas,F,0,", ",157 out of 219,121 out of 168,0 out of 0,58:21 Pace: 18:47,58:21,58:21
224,Kathy Miranda,F,0,", ",158 out of 219,122 out of 168,0 out of 0,58:25 Pace: 18:48,58:25,1:02:14
351,Natalie Clay,F,0,", ",159 out of 219,123 out of 168,0 out of 0,58:29 Pace: 18:50,58:29,1:01:59
340,Jason Sandoval,M,0,", ",160 out of 219,37 out of 51,0 out of 0,58:31 Pace: 18:50,58:31,1:02:01
339,Carly Burr,F,0,", ",161 out of 219,124 out of 168,0 out of 0,58:35 Pace: 18:52,58:35,1:02:00
271,Michelle Renner,F,0,", ",162 out of 219,125 out of 168,0 out of 0,58:38 Pace: 18:53,58:38,1:02:06
272,Judy Perez Soto,F,0,", ",163 out of 219,126 out of 168,0 out of 0,58:40 Pace: 18:53,58:40,1:02:09
266,Becky Flegel,F,0,", ",164 out of 219,127 out of 168,0 out of 0,58:45 Pace: 18:55,58:45,1:02:06
267,Nick Mastronarde,M,0,", ",165 out of 219,38 out of 51,0 out of 0,58:47 Pace: 18:56,58:47,1:02:11
265,Lauren Tingco,F,0,", ",166 out of 219,128 out of 168,0 out of 0,58:48 Pace: 18:56,58:48,1:02:10
314,Diana Iribe,F,0,", ",167 out of 219,129 out of 168,0 out of 0,59:12 Pace: 19:04,59:12,1:02:55
383,Kimberly Boeckholt,F,0,", ",168 out of 219,130 out of 168,0 out of 0,59:24 Pace: 19:08,59:24,1:03:10
305,Janell Wood,F,0,", ",169 out of 219,131 out of 168,0 out of 0,59:45 Pace: 19:14,59:45,1:03:07
5380,Brandon Olson,M,0,", ",170 out of 219,39 out of 51,0 out of 0,1:00:07 Pace: 19:21,1:00:07,1:00:07
5378,Jenny Dirks,F,0,", ",171 out of 219,132 out of 168,0 out of 0,1:00:08 Pace: 19:22,1:00:08,1:00:08
5330,Jody Dirks,F,0,", ",172 out of 219,133 out of 168,0 out of 0,1:00:08 Pace: 19:22,1:00:08,1:00:08
97,Hannah Benage,F,0,", ",173 out of 219,134 out of 168,0 out of 0,1:00:32 Pace: 19:29,1:00:32,1:00:32
161,Birkleigh Foreman,F,0,", ",174 out of 219,135 out of 168,0 out of 0,1:00:35 Pace: 19:30,1:00:35,1:03:51
451,Rachel Leis,F,0,", ",175 out of 219,136 out of 168,0 out of 0,1:01:13 Pace: 19:43,1:01:13,1:05:24
196,Laura De Meneces,F,0,", ",176 out of 219,137 out of 168,0 out of 0,1:01:20 Pace: 19:45,1:01:20,1:05:25
390,Leslie Ellsworth,F,0,", ",177 out of 219,138 out of 168,0 out of 0,1:01:20 Pace: 19:45,1:01:20,1:05:28
404,Jose Smith,M,0,", ",178 out of 219,40 out of 51,0 out of 0,1:01:25 Pace: 19:46,1:01:25,1:05:18
195,Jeanette De Meneces,F,0,", ",179 out of 219,139 out of 168,0 out of 0,1:01:27 Pace: 19:47,1:01:27,1:05:24
53,Kelly Scheneman,F,0,", ",180 out of 219,140 out of 168,0 out of 0,1:02:02 Pace: 19:58,1:02:02,1:05:38
228,Robert Gandel,M,0,", ",181 out of 219,41 out of 51,0 out of 0,1:02:23 Pace: 20:05,1:02:23,1:06:15
327,Carol Norris,F,0,", ",182 out of 219,141 out of 168,0 out of 0,1:02:33 Pace: 20:08,1:02:33,1:06:23
274,Eric Norris,M,0,", ",183 out of 219,42 out of 51,0 out of 0,1:02:35 Pace: 20:09,1:02:35,1:06:26
433,Savannah Gil,F,0,", ",184 out of 219,142 out of 168,0 out of 0,1:03:30 Pace: 20:27,1:03:30,1:07:13
250,Dawn Maree,F,0,", ",185 out of 219,143 out of 168,0 out of 0,1:03:37 Pace: 20:29,1:03:37,1:07:13
5487,Moriah Muse,F,0,", ",186 out of 219,145 out of 168,0 out of 0,1:05:00 Pace: 20:56,1:05:00,1:05:00
5483,Erin Kelly,F,0,", ",187 out of 219,144 out of 168,0 out of 0,1:05:00 Pace: 20:56,1:05:00,1:05:00
298,Pyong Yi,M,0,", ",188 out of 219,43 out of 51,0 out of 0,1:05:15 Pace: 21:01,1:05:15,1:05:15
194,Vanessa De Meneces,F,0,", ",189 out of 219,146 out of 168,0 out of 0,1:05:24 Pace: 21:03,1:05:24,1:05:24
5279,Desiree Christina,F,0,", ",190 out of 219,147 out of 168,0 out of 0,1:05:34 Pace: 21:07,1:05:34,1:05:40
405,Janice Mayorga,F,0,", ",191 out of 219,148 out of 168,0 out of 0,1:06:05 Pace: 21:16,1:06:05,1:10:03
375,Joanna Barra,F,0,", ",192 out of 219,149 out of 168,0 out of 0,1:06:18 Pace: 21:21,1:06:18,1:10:04
338,Ladonia Hopkins,F,0,", ",193 out of 219,150 out of 168,0 out of 0,1:06:25 Pace: 21:23,1:06:25,1:10:04
450,Jonny Romano,M,0,", ",194 out of 219,44 out of 51,0 out of 0,1:06:47 Pace: 21:30,1:06:47,1:10:23
5453,Sandi Mellin,F,0,", ",195 out of 219,151 out of 168,0 out of 0,1:07:05 Pace: 21:36,1:07:05,1:07:05
5191,George Vella,M,0,", ",196 out of 219,45 out of 51,0 out of 0,1:07:05 Pace: 21:36,1:07:05,1:07:05
5123,Marty Garcia,F,0,", ",197 out of 219,152 out of 168,0 out of 0,1:07:48 Pace: 21:50,1:07:48,1:08:20
417,Janette Rizk,F,0,", ",198 out of 219,153 out of 168,0 out of 0,1:08:52 Pace: 22:10,1:08:52,1:22:07
444,Mary Garcia-Pimienta,F,0,", ",199 out of 219,154 out of 168,0 out of 0,1:08:53 Pace: 22:11,1:08:53,1:22:05
397,Erin Culling,F,0,", ",200 out of 219,155 out of 168,0 out of 0,1:08:54 Pace: 22:11,1:08:54,1:22:04
400,Kristen Bergevin,F,0,", ",201 out of 219,156 out of 168,0 out of 0,1:09:03 Pace: 22:14,1:09:03,1:22:15
436,Armand Kerechuk,M,0,", ",202 out of 219,46 out of 51,0 out of 0,1:09:07 Pace: 22:15,1:09:07,1:22:18
113,Justin Levy,M,0,", ",203 out of 219,47 out of 51,0 out of 0,1:09:49 Pace: 22:28,1:09:49,1:13:21
40,Evelyn Gould,F,0,", ",204 out of 219,157 out of 168,0 out of 0,1:09:53 Pace: 22:30,1:09:53,1:13:35
39,Robert Gould,M,0,", ",205 out of 219,48 out of 51,0 out of 0,1:09:54 Pace: 22:30,1:09:54,1:13:37
133,Shea Curry,F,0,", ",206 out of 219,158 out of 168,0 out of 0,1:10:07 Pace: 22:35,1:10:07,1:13:33
35,Eric Schrier,M,0,", ",207 out of 219,49 out of 51,0 out of 0,1:10:10 Pace: 22:35,1:10:10,1:13:33
5540,Ana Diaz,F,32,"Downey, CA",208 out of 219,159 out of 168,3 out of 4, 19.81% Place: 6,1:10:59 Pace: 22:51,1:10:59,1:10:59
394,Sheiva Rezvani,F,0,", ",209 out of 219,160 out of 168,0 out of 0,1:12:09 Pace: 23:14,1:12:09,1:12:09
5401,Elizabeth Chappell,F,0,", ",210 out of 219,161 out of 168,0 out of 0,1:12:55 Pace: 23:28,1:12:55,1:13:51
144,Martha Martinez,F,0,", ",211 out of 219,162 out of 168,0 out of 0,1:13:00 Pace: 23:30,1:13:00,1:16:32
472,Kendle White,F,8,"Los Angeles, CA",212 out of 219,163 out of 168,4 out of 4, 24.44% Place: 3,1:14:14 Pace: 23:54,1:14:14,1:14:14
333,Rebecca Duran,F,0,", ",213 out of 219,164 out of 168,0 out of 0,1:19:02 Pace: 25:27,1:19:02,1:19:02
328,William Szobody,M,0,", ",214 out of 219,50 out of 51,0 out of 0,1:19:25 Pace: 25:34,1:19:25,1:19:25
115,Lauren Henderson,F,0,", ",215 out of 219,165 out of 168,0 out of 0,1:20:09 Pace: 25:48,1:20:09,1:20:09
108,Uyen Nguyen,F,0,", ",216 out of 219,166 out of 168,0 out of 0,1:20:10 Pace: 25:49,1:20:10,1:20:10
107,Mindy Le,F,0,", ",217 out of 219,167 out of 168,0 out of 0,1:20:32 Pace: 25:56,1:20:32,1:20:32
411,Harvey Kaner,M,0,", ",218 out of 219,51 out of 51,0 out of 0,1:22:17 Pace: 26:29,1:22:17,1:22:17
5528,Tamara Moores,F,0,", ",219 out of 219,168 out of 168,0 out of 0,1:24:05 Pace: 27:04,1:24:05,1:24:05
427,Eren Sifuentes,F,0,", ",220 out of 219,169 out of 168,0 out of 0,1:25:02 Pace: 27:23,1:25:02,1:37:49
