Bib,Name,Gender,Age,Hometown,Overall,Men,M NoAge,Finish,Chip Time,Gun Time,1.9 Mi
8,Tiberius Adascalitei,M,0,"Brooklyn, NY",1 out of 111,1 out of 83,6 out of 83,19:54 Pace: 6:25,19:54,19:54,9:41 Pace: 5:06
53,Lloyd Gillespie,M,0,"Plymouth, MA",2 out of 111,2 out of 83,7 out of 83,20:00 Pace: 6:27,20:00,20:00,10:13 Pace: 5:23
65,Atilla Kardas,M,0,"Tequesta, FL",3 out of 111,3 out of 83,8 out of 83,20:53 Pace: 6:44,20:53,20:53,10:25 Pace: 5:29
169,Luis Estrada,M,0,", ",4 out of 111,4 out of 83,1 out of 83,16:30 Pace: 5:19,16:30,26:37,            Pace:            
15,Dan Baer,M,0,", ",6 out of 111,6 out of 83,3 out of 83,16:46 Pace: 5:24,16:46,27:05,            Pace:            
85,Martel Meyer,M,0,"Lake Success, NY",37 out of 111,35 out of 83,35 out of 83,25:51 Pace: 8:20,25:51,25:54,13:19 Pace: 7:01
141,Paul Smith,M,0,"Winston-Salem, NC",38 out of 111,36 out of 83,36 out of 83,25:53 Pace: 8:20,25:53,25:56,13:05 Pace: 6:53
3,Mark Bado,M,0,"Mission Hills, KS",40 out of 111,38 out of 83,38 out of 83,26:00 Pace: 8:22,26:00,26:16,            Pace:            
107,Daniel Rogers,M,0,"Port Washington, NY",41 out of 111,39 out of 83,39 out of 83,26:08 Pace: 8:25,26:08,26:13,13:39 Pace: 7:11
71,Sarah Kuhl,F,0,"Mamaroneck, NY",42 out of 111,4 out of 28,3 out of 28,26:09 Pace: 8:25,26:09,26:16,13:03 Pace: 6:52
120,Megan Spies,F,0,"Boston, MA",43 out of 111,5 out of 28,4 out of 28,26:10 Pace: 8:26,26:10,26:17,13:16 Pace: 6:59
11,David Angier,M,0,"Riverside, CA",44 out of 111,40 out of 83,40 out of 83,26:12 Pace: 8:26,26:12,26:15,13:19 Pace: 7:01
72,Matthew Kurtas,M,0,"West Boothbay Harbor, ME",45 out of 111,41 out of 83,41 out of 83,26:13 Pace: 8:27,26:13,26:29,            Pace:            
47,Tony Ferguson,M,0,"Bloomington, MN",46 out of 111,42 out of 83,42 out of 83,26:14 Pace: 8:27,26:14,26:15,13:10 Pace: 6:56
172,Nichole Rhodes,F,0,"Alexandria, MD",47 out of 111,3 out of 28,5 out of 28,26:15 Pace: 8:27,26:13,26:15,13:10 Pace: 6:56
4,Robert Crifasi,M,0,"New Orleans, LA",48 out of 111,43 out of 83,43 out of 83,26:21 Pace: 8:29,26:21,26:38,            Pace:            
153,John Snellinger,M,0,", ",49 out of 111,44 out of 83,44 out of 83,26:26 Pace: 8:31,26:26,26:27,12:39 Pace: 6:40
178,Steve Shaw,M,0,"Oakland, CA",50 out of 111,45 out of 83,45 out of 83,26:29 Pace: 8:32,26:29,26:32,13:25 Pace: 7:04
181,Jimmy Slvarez,M,0,"SAN FRANCISCO, CA",51 out of 111,46 out of 83,46 out of 83,26:35 Pace: 8:34,26:35,26:46,13:10 Pace: 6:56
123,Isaac Storandt,M,0,"East Norwalk, CT",52 out of 111,47 out of 83,47 out of 83,26:40 Pace: 8:35,26:40,26:49,13:28 Pace: 7:06
56,Karl Habib Ha,M,0,"Spring Lake Heights, NJ",53 out of 111,48 out of 83,48 out of 83,26:42 Pace: 8:36,26:42,26:48,13:33 Pace: 7:08
95,Emily Parker,F,0,"New York, NY",54 out of 111,6 out of 28,6 out of 28,26:43 Pace: 8:36,26:43,26:51,13:32 Pace: 7:08
69,Heather Koehle,F,0,"New York, NY",55 out of 111,7 out of 28,7 out of 28,26:44 Pace: 8:37,26:44,26:51,13:32 Pace: 7:08
177,Edward Ewing,M,0,"Stuart, FL",56 out of 111,49 out of 83,49 out of 83,26:49 Pace: 8:38,26:49,27:12,            Pace:            
183,Suzy Whaley,F,0,"Farmington, CT",57 out of 111,8 out of 28,8 out of 28,27:02 Pace: 8:42,27:02,27:09,13:49 Pace: 7:17
42,Thomas Duffy,M,0,"Gibson Island, MA",58 out of 111,50 out of 83,50 out of 83,27:03 Pace: 8:43,27:03,27:07,13:39 Pace: 7:11
52,Andrea Giffing,F,0,"Lancaster, PA",59 out of 111,9 out of 28,9 out of 28,27:08 Pace: 8:44,27:08,27:15,14:12 Pace: 7:29
140,Mariah Urban,F,0,"Columbia, MO",60 out of 111,10 out of 28,10 out of 28,27:08 Pace: 8:44,27:08,27:10,13:31 Pace: 7:07
21,John Bille,M,0,"Rockville, MD",61 out of 111,51 out of 83,51 out of 83,27:54 Pace: 8:59,27:54,27:56,13:49 Pace: 7:16
136,James Heck,M,0,"Scottsdale, AZ",62 out of 111,52 out of 83,52 out of 83,27:54 Pace: 8:59,27:54,28:18,13:59 Pace: 7:22
10,John Albright,M,0,"St James, NY",63 out of 111,53 out of 83,53 out of 83,27:56 Pace: 9:00,27:56,28:05,13:26 Pace: 7:04
31,Dee Anna Clarke,F,0,"Charlotte, NC",64 out of 111,11 out of 28,11 out of 28,28:08 Pace: 9:04,28:08,28:14,14:29 Pace: 7:37
79,Frederick Maier,M,0,"Choudrant, LA",65 out of 111,54 out of 83,54 out of 83,28:17 Pace: 9:07,28:17,28:26,14:01 Pace: 7:23
171,Kyle Jennings,F,0,"Alexandria, MD",66 out of 111,12 out of 28,12 out of 28,28:26 Pace: 9:10,28:26,28:29,13:40 Pace: 7:12
37,Jackie Davidson,F,0,"Fife, KY1",67 out of 111,13 out of 28,13 out of 28,28:45 Pace: 9:15,28:45,28:47,14:34 Pace: 7:40
75,Elissa Leichner,F,0,"Philadelphia, PA",68 out of 111,14 out of 28,14 out of 28,28:47 Pace: 9:16,28:47,28:52,13:59 Pace: 7:22
49,Dave Fox,M,0,"Canada, ",69 out of 111,55 out of 83,55 out of 83,28:57 Pace: 9:19,28:57,28:58,14:16 Pace: 7:31
55,Corinne Grimaldi,F,0,"Charlotte, NC",70 out of 111,15 out of 28,15 out of 28,29:12 Pace: 9:24,29:12,29:32,            Pace:            
22,Christopher Boettcher,M,0,"Hillsborough, CA",71 out of 111,56 out of 83,56 out of 83,29:46 Pace: 9:35,29:46,29:46,15:08 Pace: 7:58
160,Nick L,M,0,", ",72 out of 111,57 out of 83,57 out of 83,30:07 Pace: 9:42,30:07,30:18,15:46 Pace: 8:18
50,Michael Gardner,M,0,"Santa Barbara, CA",73 out of 111,58 out of 83,58 out of 83,30:08 Pace: 9:42,30:08,30:12,15:07 Pace: 7:58
152,Ville Tuovinen,M,0,"Finland, ",74 out of 111,59 out of 83,59 out of 83,30:10 Pace: 9:43,30:10,30:16,15:57 Pace: 8:24
150,Mika Nieminen,M,0,"Finland, ",75 out of 111,60 out of 83,60 out of 83,30:14 Pace: 9:44,30:14,30:20,15:57 Pace: 8:24
151,Andrea Blomstedt,F,0,"Finland, ",76 out of 111,16 out of 28,16 out of 28,30:15 Pace: 9:45,30:15,30:21,15:57 Pace: 8:24
146,Alexandra Sarris,F,0,"Bethesda, MD",77 out of 111,17 out of 28,17 out of 28,30:19 Pace: 9:46,30:19,30:26,15:08 Pace: 7:58
32,Patrick Clemens,M,0,"Columbia, MO",78 out of 111,61 out of 83,61 out of 83,30:29 Pace: 9:49,30:29,30:31,15:07 Pace: 7:57
175,Moriah Kardas,M,0,", ",79 out of 111,62 out of 83,62 out of 83,30:31 Pace: 9:50,30:31,30:31,15:10 Pace: 7:59
159,Annette Whittley,F,0,", ",80 out of 111,18 out of 28,18 out of 28,30:32 Pace: 9:50,30:32,30:39,15:11 Pace: 8:00
166,Joanna Roche,F,0,"Nantucket, MA",81 out of 111,19 out of 28,19 out of 28,31:00 Pace: 9:59,31:00,31:05,15:42 Pace: 8:16
164,Olli Nissinen,M,0,", ",82 out of 111,63 out of 83,63 out of 83,31:05 Pace: 10:01,31:05,31:12,16:00 Pace: 8:26
184,Fritz Grant,F,0,"Bernardsville, NJ",83 out of 111,20 out of 28,20 out of 28,31:10 Pace: 10:02,31:10,31:20,16:04 Pace: 8:27
185,Paul Algate,M,0,"Basking Ridge, NJ",84 out of 111,64 out of 83,64 out of 83,31:10 Pace: 10:02,31:10,31:21,16:04 Pace: 8:28
145,Paul Lazar,M,0,"Winchester, CA",85 out of 111,65 out of 83,65 out of 83,31:17 Pace: 10:05,31:17,31:24,16:05 Pace: 8:28
99,Rick Poling,M,0,"Westfield, OH",86 out of 111,66 out of 83,66 out of 83,31:39 Pace: 10:12,31:39,31:53,16:19 Pace: 8:35
158,Michael Wheeler,M,0,"Atlanta, GA",87 out of 111,67 out of 83,67 out of 83,31:51 Pace: 10:15,31:51,31:51,15:24 Pace: 8:07
117,William Shonk,M,0,"Virginia Beach, VA",88 out of 111,68 out of 83,68 out of 83,32:04 Pace: 10:20,32:04,32:13,16:03 Pace: 8:27
173,Michael Haehnle,M,0,"CINCINNATI, OH",89 out of 111,69 out of 83,69 out of 83,32:16 Pace: 10:24,32:16,32:20,15:46 Pace: 8:18
86,Edmund Mielck,M,0,"Augusta, GA",90 out of 111,70 out of 83,70 out of 83,32:31 Pace: 10:28,32:31,32:35,15:37 Pace: 8:13
19,Jay Bedsworth,M,0,"Sausalito, CA",91 out of 111,71 out of 83,71 out of 83,32:40 Pace: 10:31,32:40,32:45,16:49 Pace: 8:51
135,Lisa Wright,F,0,"Santa Rosa Beach, FL",92 out of 111,21 out of 28,21 out of 28,32:41 Pace: 10:32,32:41,32:56,15:58 Pace: 8:25
124,John Tieng,M,0,"Purchase, NY",93 out of 111,72 out of 83,72 out of 83,32:52 Pace: 10:35,32:52,32:54,16:11 Pace: 8:32
63,Allison Johnson,F,0,"Visalia, CA",94 out of 111,22 out of 28,22 out of 28,32:53 Pace: 10:35,32:53,33:00,16:47 Pace: 8:50
101,Guy Prevost,M,0,"Canada, ",95 out of 111,73 out of 83,73 out of 83,33:18 Pace: 10:43,33:18,33:22,16:21 Pace: 8:36
17,Jamie Barta,M,0,"Cincinnati, OH",96 out of 111,74 out of 83,74 out of 83,33:20 Pace: 10:44,33:20,33:23,16:21 Pace: 8:36
80,Carl Manner,M,0,"Arden, NC",97 out of 111,75 out of 83,75 out of 83,33:41 Pace: 10:51,33:41,33:46,16:55 Pace: 8:54
12,John Assumma,M,0,"Waccabuc, NY",98 out of 111,76 out of 83,76 out of 83,34:53 Pace: 11:14,34:53,35:03,16:59 Pace: 8:57
46,Tammy Ewing,F,0,"Jensen Beach, FL",99 out of 111,23 out of 28,23 out of 28,34:55 Pace: 11:15,34:55,35:00,17:46 Pace: 9:21
41,Kelly Dixon,F,0,"Mount Holly, NC",100 out of 111,24 out of 28,24 out of 28,34:57 Pace: 11:15,34:57,35:03,16:47 Pace: 8:50
59,Michelle Henning,F,0,"Berkley, MI",101 out of 111,25 out of 28,25 out of 28,35:08 Pace: 11:19,35:08,35:16,17:51 Pace: 9:24
78,Sean Lutwin,M,0,"Rockville, MD",102 out of 111,77 out of 83,77 out of 83,35:14 Pace: 11:21,35:14,35:28,17:21 Pace: 9:08
142,Frank Compiani,M,0,"Orlando, FL",103 out of 111,78 out of 83,78 out of 83,36:12 Pace: 11:40,36:12,36:28,18:08 Pace: 9:33
102,Ken Puttman,M,0,"Portland, OR",104 out of 111,79 out of 83,79 out of 83,37:04 Pace: 11:56,37:04,37:09,17:54 Pace: 9:25
114,William Shea,M,0,"Akron, OH",105 out of 111,80 out of 83,80 out of 83,37:27 Pace: 12:04,37:27,37:39,19:10 Pace: 10:05
115,Gina Shea,F,0,"Akron, OH",106 out of 111,26 out of 28,26 out of 28,37:27 Pace: 12:04,37:27,37:39,19:10 Pace: 10:06
73,Minnie Lee-Mossop,F,0,"Surrey, BC",107 out of 111,27 out of 28,27 out of 28,38:36 Pace: 12:26,38:36,38:40,18:46 Pace: 9:53
88,Brian Mossop,M,0,"Surrey, BC",108 out of 111,81 out of 83,81 out of 83,38:38 Pace: 12:26,38:38,38:42,18:46 Pace: 9:53
57,Benjamin Hay,M,0,"Boise, ID",109 out of 111,82 out of 83,82 out of 83,39:33 Pace: 12:44,39:33,39:42,19:25 Pace: 10:13
25,Elizabeth Bruschi,F,0,"Bronxville, NY",110 out of 111,28 out of 28,28 out of 28,43:33 Pace: 14:01,43:33,43:48,26:03 Pace: 13:43
167,J Brent Tartamella,M,0,"Nantucket, MA",111 out of 111,83 out of 83,83 out of 83,43:36 Pace: 14:02,43:36,43:42,21:18 Pace: 11:13
