Place,Name,Location,Bib,Net Time,Pace,Division/Place,Sex-Age,Sex-Place,Gun Time,Age Grade
1,Tiberius Adascalitei,"Brooklyn, NY",8,19:54,6:25,M NoAge/6,M-0,1,19:54, 0.00%
2,Lloyd Gillespie,"Plymouth, MA",53,20:00,6:27,M NoAge/7,M-0,2,20:00, 0.00%
3,Atilla Kardas,"Tequesta, FL",65,20:53,6:44,M NoAge/8,M-0,3,20:53, 0.00%
4,Luis Estrada,", ",169,16:30,5:19,M NoAge/1,M-0,4,26:37, 0.00%
5,Don Brumley,", ",168,16:40,5:22,M NoAge/2,M-0,5,26:50, 0.00%
6,Dan Baer,", ",15,16:46,5:24,M NoAge/3,M-0,6,27:05, 0.00%
7,Joe Garcia,", ",170,16:54,5:27,M NoAge/4,M-0,7,27:04, 0.00%
8,Tim Wegscheid,", ",129,19:15,6:12,M NoAge/5,M-0,8,26:51, 0.00%
9,Benjamin Lorenzen,"NewSouth Wales, ",162,21:29,6:55,M NoAge/9,M-0,9,21:29, 0.00%
10,Bryan Fisher,"Portland, OR",48,21:36,6:58,M NoAge/10,M-0,10,21:38, 0.00%
11,Doug Levy,"Bethesda, MD",76,22:15,7:10,M NoAge/11,M-0,11,22:15, 0.00%
12,Meridith Picarelli-Khattar,"Greenwich, CT",96,22:23,7:13,F NoAge/1,F-0,1,22:23, 0.00%
13,Kevin Callahan,"Barrington, RI",26,22:31,7:15,M NoAge/12,M-0,12,22:31, 0.00%
14,George Stavros,"Ponte Vedra Beach, FL",122,22:42,7:19,M NoAge/13,M-0,13,22:44, 0.00%
15,John Scharer,"Charlotte, NC",111,22:43,7:19,M NoAge/14,M-0,14,22:43, 0.00%
16,Brian O'Keeffe,"Key Largo, FL",92,22:52,7:22,M NoAge/15,M-0,15,22:52, 0.00%
17,Greg Sheara,"Chevy Chase, MD",116,22:53,7:22,M NoAge/16,M-0,16,22:54, 0.00%
18,Nigel Cartwright,"Margate, KEN",27,22:56,7:23,M NoAge/17,M-0,17,22:56, 0.00%
19,Ron Banascak,"Petaluma, CA",16,23:06,7:26,M NoAge/18,M-0,18,23:06, 0.00%
20,Daniel Somogyi,"West Orange, NJ",119,23:08,7:27,M NoAge/19,M-0,19,23:08, 0.00%
21,Brian Pizzimenti,"Rockville, MD",97,23:45,7:39,M NoAge/20,M-0,20,23:58, 0.00%
22,Markus Rentzing,"Old Westbury, NY",104,24:06,7:46,M NoAge/21,M-0,21,24:06, 0.00%
23,Steve Alvezi,"Medway, MA",6,24:07,7:46,M NoAge/22,M-0,22,24:14, 0.00%
24,Thomas McKitterick,"Lincoln, NE",84,24:17,7:49,M NoAge/23,M-0,23,24:19, 0.00%
25,Peter Swick,", ",157,24:19,7:50,M NoAge/24,M-0,24,24:21, 0.00%
26,Kristopher Glaubitz,"San Antonio, TX",54,24:31,7:54,M NoAge/25,M-0,25,24:31, 0.00%
27,Katie Boyd,"San Francisco, CA",179,24:37,7:56,F NoAge/2,F-0,2,24:37, 0.00%
28,Phil Leichner,", ",182,24:50,8:00,M NoAge/26,M-0,26,24:55, 0.00%
29,Paul Vardy,"Canada, ",126,24:54,8:01,M NoAge/27,M-0,27,24:58, 0.00%
30,Keith Pabian,"Framingham, MA",94,25:08,8:06,M NoAge/28,M-0,28,25:15, 0.00%
31,Thomas Bartek,"Alpine, NJ",18,25:13,8:07,M NoAge/29,M-0,29,25:17, 0.00%
32,Patrick King,"Arlington, VA",68,25:21,8:10,M NoAge/30,M-0,30,25:22, 0.00%
33,Michael Daddetta,"New Haven, CT",147,25:23,8:11,M NoAge/31,M-0,31,25:23, 0.00%
34,Brett Willey,"Medway, MA",7,25:26,8:11,M NoAge/32,M-0,32,25:30, 0.00%
35,Darrin Kubik,"Centennial, CO",70,25:42,8:17,M NoAge/33,M-0,33,25:43, 0.00%
36,Carl O'Boyle,"Brookville, NY",91,25:49,8:19,M NoAge/34,M-0,34,25:53, 0.00%
37,Martel Meyer,"Lake Success, NY",85,25:51,8:20,M NoAge/35,M-0,35,25:54, 0.00%
38,Paul Smith,"Winston-Salem, NC",141,25:53,8:20,M NoAge/36,M-0,36,25:56, 0.00%
39,John Lyberger,"Key Largo, FL",148,25:59,8:22,M NoAge/37,M-0,37,26:12, 0.00%
40,Mark Bado,"Mission Hills, KS",3,26:00,8:22,M NoAge/38,M-0,38,26:16, 0.00%
41,Daniel Rogers,"Port Washington, NY",107,26:08,8:25,M NoAge/39,M-0,39,26:13, 0.00%
42,Sarah Kuhl,"Mamaroneck, NY",71,26:09,8:25,F NoAge/3,F-0,4,26:16, 0.00%
43,Megan Spies,"Boston, MA",120,26:10,8:26,F NoAge/4,F-0,5,26:17, 0.00%
44,David Angier,"Riverside, CA",11,26:12,8:26,M NoAge/40,M-0,40,26:15, 0.00%
45,Matthew Kurtas,"West Boothbay Harbor, ME",72,26:13,8:27,M NoAge/41,M-0,41,26:29, 0.00%
46,Tony Ferguson,"Bloomington, MN",47,26:14,8:27,M NoAge/42,M-0,42,26:15, 0.00%
47,Nichole Rhodes,"Alexandria, MD",172,26:15,8:27,F NoAge/5,F-0,3,26:15, 0.00%
48,Robert Crifasi,"New Orleans, LA",4,26:21,8:29,M NoAge/43,M-0,43,26:38, 0.00%
49,John Snellinger,", ",153,26:26,8:31,M NoAge/44,M-0,44,26:27, 0.00%
50,Steve Shaw,"Oakland, CA",178,26:29,8:32,M NoAge/45,M-0,45,26:32, 0.00%
51,Jimmy Slvarez,"SAN FRANCISCO, CA",181,26:35,8:34,M NoAge/46,M-0,46,26:46, 0.00%
52,Isaac Storandt,"East Norwalk, CT",123,26:40,8:35,M NoAge/47,M-0,47,26:49, 0.00%
53,Karl Habib Ha,"Spring Lake Heights, NJ",56,26:42,8:36,M NoAge/48,M-0,48,26:48, 0.00%
54,Emily Parker,"New York, NY",95,26:43,8:36,F NoAge/6,F-0,6,26:51, 0.00%
55,Heather Koehle,"New York, NY",69,26:44,8:37,F NoAge/7,F-0,7,26:51, 0.00%
56,Edward Ewing,"Stuart, FL",177,26:49,8:38,M NoAge/49,M-0,49,27:12, 0.00%
57,Suzy Whaley,"Farmington, CT",183,27:02,8:42,F NoAge/8,F-0,8,27:09, 0.00%
58,Thomas Duffy,"Gibson Island, MA",42,27:03,8:43,M NoAge/50,M-0,50,27:07, 0.00%
59,Andrea Giffing,"Lancaster, PA",52,27:08,8:44,F NoAge/9,F-0,9,27:15, 0.00%
60,Mariah Urban,"Columbia, MO",140,27:08,8:44,F NoAge/10,F-0,10,27:10, 0.00%
61,John Bille,"Rockville, MD",21,27:54,8:59,M NoAge/51,M-0,51,27:56, 0.00%
62,James Heck,"Scottsdale, AZ",136,27:54,8:59,M NoAge/52,M-0,52,28:18, 0.00%
63,John Albright,"St James, NY",10,27:56,9:00,M NoAge/53,M-0,53,28:05, 0.00%
64,Dee Anna Clarke,"Charlotte, NC",31,28:08,9:04,F NoAge/11,F-0,11,28:14, 0.00%
65,Frederick Maier,"Choudrant, LA",79,28:17,9:07,M NoAge/54,M-0,54,28:26, 0.00%
66,Kyle Jennings,"Alexandria, MD",171,28:26,9:10,F NoAge/12,F-0,12,28:29, 0.00%
67,Jackie Davidson,"Fife, KY1",37,28:45,9:15,F NoAge/13,F-0,13,28:47, 0.00%
68,Elissa Leichner,"Philadelphia, PA",75,28:47,9:16,F NoAge/14,F-0,14,28:52, 0.00%
69,Dave Fox,"Canada, ",49,28:57,9:19,M NoAge/55,M-0,55,28:58, 0.00%
70,Corinne Grimaldi,"Charlotte, NC",55,29:12,9:24,F NoAge/15,F-0,15,29:32, 0.00%
71,Christopher Boettcher,"Hillsborough, CA",22,29:46,9:35,M NoAge/56,M-0,56,29:46, 0.00%
72,Nick L,", ",160,30:07,9:42,M NoAge/57,M-0,57,30:18, 0.00%
73,Michael Gardner,"Santa Barbara, CA",50,30:08,9:42,M NoAge/58,M-0,58,30:12, 0.00%
74,Ville Tuovinen,"Finland, ",152,30:10,9:43,M NoAge/59,M-0,59,30:16, 0.00%
75,Mika Nieminen,"Finland, ",150,30:14,9:44,M NoAge/60,M-0,60,30:20, 0.00%
76,Andrea Blomstedt,"Finland, ",151,30:15,9:45,F NoAge/16,F-0,16,30:21, 0.00%
77,Alexandra Sarris,"Bethesda, MD",146,30:19,9:46,F NoAge/17,F-0,17,30:26, 0.00%
78,Patrick Clemens,"Columbia, MO",32,30:29,9:49,M NoAge/61,M-0,61,30:31, 0.00%
79,Moriah Kardas,", ",175,30:31,9:50,M NoAge/62,M-0,62,30:31, 0.00%
80,Annette Whittley,", ",159,30:32,9:50,F NoAge/18,F-0,18,30:39, 0.00%
81,Joanna Roche,"Nantucket, MA",166,31:00,9:59,F NoAge/19,F-0,19,31:05, 0.00%
82,Olli Nissinen,", ",164,31:05,10:01,M NoAge/63,M-0,63,31:12, 0.00%
83,Fritz Grant,"Bernardsville, NJ",184,31:10,10:02,F NoAge/20,F-0,20,31:20, 0.00%
84,Paul Algate,"Basking Ridge, NJ",185,31:10,10:02,M NoAge/64,M-0,64,31:21, 0.00%
85,Paul Lazar,"Winchester, CA",145,31:17,10:05,M NoAge/65,M-0,65,31:24, 0.00%
86,Rick Poling,"Westfield, OH",99,31:39,10:12,M NoAge/66,M-0,66,31:53, 0.00%
87,Michael Wheeler,"Atlanta, GA",158,31:51,10:15,M NoAge/67,M-0,67,31:51, 0.00%
88,William Shonk,"Virginia Beach, VA",117,32:04,10:20,M NoAge/68,M-0,68,32:13, 0.00%
89,Michael Haehnle,"CINCINNATI, OH",173,32:16,10:24,M NoAge/69,M-0,69,32:20, 0.00%
90,Edmund Mielck,"Augusta, GA",86,32:31,10:28,M NoAge/70,M-0,70,32:35, 0.00%
91,Jay Bedsworth,"Sausalito, CA",19,32:40,10:31,M NoAge/71,M-0,71,32:45, 0.00%
92,Lisa Wright,"Santa Rosa Beach, FL",135,32:41,10:32,F NoAge/21,F-0,21,32:56, 0.00%
93,John Tieng,"Purchase, NY",124,32:52,10:35,M NoAge/72,M-0,72,32:54, 0.00%
94,Allison Johnson,"Visalia, CA",63,32:53,10:35,F NoAge/22,F-0,22,33:00, 0.00%
95,Guy Prevost,"Canada, ",101,33:18,10:43,M NoAge/73,M-0,73,33:22, 0.00%
96,Jamie Barta,"Cincinnati, OH",17,33:20,10:44,M NoAge/74,M-0,74,33:23, 0.00%
97,Carl Manner,"Arden, NC",80,33:41,10:51,M NoAge/75,M-0,75,33:46, 0.00%
98,John Assumma,"Waccabuc, NY",12,34:53,11:14,M NoAge/76,M-0,76,35:03, 0.00%
99,Tammy Ewing,"Jensen Beach, FL",46,34:55,11:15,F NoAge/23,F-0,23,35:00, 0.00%
100,Kelly Dixon,"Mount Holly, NC",41,34:57,11:15,F NoAge/24,F-0,24,35:03, 0.00%
101,Michelle Henning,"Berkley, MI",59,35:08,11:19,F NoAge/25,F-0,25,35:16, 0.00%
102,Sean Lutwin,"Rockville, MD",78,35:14,11:21,M NoAge/77,M-0,77,35:28, 0.00%
103,Frank Compiani,"Orlando, FL",142,36:12,11:40,M NoAge/78,M-0,78,36:28, 0.00%
104,Ken Puttman,"Portland, OR",102,37:04,11:56,M NoAge/79,M-0,79,37:09, 0.00%
105,William Shea,"Akron, OH",114,37:27,12:04,M NoAge/80,M-0,80,37:39, 0.00%
106,Gina Shea,"Akron, OH",115,37:27,12:04,F NoAge/26,F-0,26,37:39, 0.00%
107,Minnie Lee-Mossop,"Surrey, BC",73,38:36,12:26,F NoAge/27,F-0,27,38:40, 0.00%
108,Brian Mossop,"Surrey, BC",88,38:38,12:26,M NoAge/81,M-0,81,38:42, 0.00%
109,Benjamin Hay,"Boise, ID",57,39:33,12:44,M NoAge/82,M-0,82,39:42, 0.00%
110,Elizabeth Bruschi,"Bronxville, NY",25,43:33,14:01,F NoAge/28,F-0,28,43:48, 0.00%
111,J Brent Tartamella,"Nantucket, MA",167,43:36,14:02,M NoAge/83,M-0,83,43:42, 0.00%
