Place,Name,Location,Bib,Net Time,Pace,Division/Place,Sex-Age,Sex-Place,Gun Time,Age Grade
1,Adam Lunt,"San Bernardino, CA",321,16:33,5:20,M 01-17/1,M-15,1,16:33,81.35%
2,German Valdes,"Interact Kids, ",258,17:04,5:30,M 01-17/2,M-17,2,17:04,76.98%
3,George Ramirez,"Interact Kids, ",219,18:19,5:54,M 01-17/3,M-17,3,18:19,71.65%
4,Omar Ortega,"Interact Kids, ",209,18:35,5:59,M 01-17/4,M-17,4,18:37,70.56%
5,Ryan Bernardy,"Highland, CA",340,19:10,6:10,M 18-99/1,M-24,5,19:10,67.80%
6,Daniel Rosales,"Beaumont, CA",227,19:45,6:22,M 18-99/2,M-49,6,19:48,74.16%
7,Pablo Salinas,"Moreno Valley, CA",344,20:32,6:37,M 18-99/3,M-54,7,20:32,74.17%
8,Samuel Rojo,"Interact Kids, ",225,20:58,6:45,M 01-17/5,M-17,8,21:01,62.53%
9,Isaac Rodriguez,"San Bernardino, CA",354,20:58,6:45,M 01-17/6,M-15,9,21:03,64.20%
10,Jamie Ortega,"Interact Kids, ",208,20:59,6:46,M 01-17/7,M-17,10,21:03,62.48%
11,Kimberly Colby,"Carlsbad, CA",66,21:09,6:49,F 18-99/1,F-26,1,21:09,69.98%
12,Gustavo Moran Moran,"San Bernardino, CA",343,21:13,6:50,M 18-99/4,M-31,11,21:15,61.56%
13,Henry Luu,"Interact Kids, ",167,22:02,7:06,M 01-17/8,M-17,12,22:05,59.50%
14,Alexsis Soto,"Rialto, CA",244,22:10,7:08,F 01-17/1,F-12,4,22:38,74.42%
15,April Dagonese,"Riverside, CA",73,22:19,7:11,F 18-99/2,F-33,2,22:19,66.72%
16,Alicia Basilio,"San Bernardino Ca, CA",33,22:21,7:12,F 18-99/3,F-44,3,22:21,69.83%
17,Jeff Snyder,"Pasadena, CA",304,22:30,7:15,M 18-99/5,M-60,13,22:33,71.02%
18,Berto Jimenez,"Beaumont, CA",137,22:37,7:17,M 18-99/6,M-25,14,23:04,57.45%
19,Robert Wilson,"Highland, CA",273,22:40,7:18,M 18-99/7,M-31,15,22:42,57.62%
20,David Brantley,"Crestline, CA",40,22:44,7:19,M 18-99/8,M-38,16,23:05,59.50%
21,Scott Hager,"Yucaipa, CA",339,22:44,7:20,M 18-99/9,M-30,17,22:59,57.30%
22,Ryan Brantley,"Crestline, CA",42,23:28,7:34,M 18-99/10,M-34,18,23:52,56.29%
23,Connor Harwood,"Tustin, CA",127,23:37,7:36,M 18-99/11,M-30,19,23:46,55.16%
24,Chris Armenta,"Rialto, CA",24,23:43,7:39,M 01-17/9,M-13,20,24:11,59.21%
25,Emilo Hurtado,"Rialto, CA",132,23:45,7:39,M 01-17/10,M-11,21,24:12,62.85%
26,Nicole Gonzalez,"Alta Loma, CA",115,23:48,7:40,F 01-17/2,F-14,5,23:51,66.36%
27,Dane Hammerstein,"San Bernardino, CA",124,23:56,7:42,M 18-99/12,M-60,22,24:00,66.76%
28,Michael Magaña,"Victorville, CA",173,24:00,7:44,M 18-99/13,M-20,23,24:05,54.13%
29,Gary Saenz,"San Bernardino, CA",234,24:08,7:46,M 18-99/14,M-65,24,24:08,69.04%
30,Shanna Jackson,"Moreno Valley, CA",135,24:09,7:47,F 18-99/4,F-33,6,24:18,61.33%
31,John Freitas,"Alviso, CA",97,24:25,7:52,M 18-99/15,M-42,25,24:58,56.97%
32,Saul Roldan,"San Bernardino, CA",319,24:27,7:52,M 18-99/16,M-46,26,24:56,58.59%
33,Gabriela Sanchez,"San Bernardino, CA",320,24:38,7:56,F 18-99/5,F-41,7,25:09,61.95%
34,Chris Davis,"Mesa, AZ",312,24:49,8:00,M 18-99/17,M-41,27,24:59,55.65%
35,Suleica Delrio,"Sn Bernrdno, CA",293,25:03,8:04,F 18-99/6,F-23,8,25:13,58.99%
36,Jose Meza,"Beaumont, CA",191,25:05,8:05,F 01-17/3,F-15,9,25:30,61.90%
37,Frank Rodriquez,"Redlands, CA",349,25:08,8:06,M 01-17/11,M-10,28,25:13,61.84%
38,Rina Sanchez,"San Bernardino, CA",239,25:20,8:10,F 18-99/7,F-36,10,25:26,58.85%
39,Wilbert Lara,"Interact Kids, ",148,25:40,8:16,M 01-17/12,M-17,29,25:42,51.07%
40,Aidin Esparza,"San Diego, CA",88,25:40,8:16,F 18-99/8,F-38,11,26:15,58.54%
41,Douglas Beaver,"Colton, CA",34,25:51,8:20,M 18-99/18,M-33,30,26:15,50.84%
42,Ernesto Magana,"Victorville, CA",172,25:53,8:20,M 18-99/19,M-45,31,25:58,54.96%
43,Sam Addo,"Riverside, CA",348,26:03,8:24,M 01-17/13,M-11,32,26:16,57.30%
44,Mike Arteaga,"San Bernardino, CA",29,26:07,8:25,M 18-99/20,M-29,33,26:09,49.81%
45,Doug Jones,"Highland, CA",139,26:15,8:27,M 18-99/21,M-58,34,26:30,59.91%
46,Wendy Lopez,"San Bernardino Ca, CA",163,26:22,8:30,F 01-17/4,F-14,12,26:22,59.90%
47,Jacob Windsor,"Apple Valley, CA",278,26:40,8:35,M 18-99/22,M-23,35,26:40,48.72%
48,Stan Lemelle,"Chino, CA",311,26:43,8:36,M 18-99/23,M-63,36,26:43,61.30%
49,Maria Arguelles,"San Bernardino, CA",341,26:48,8:38,F 18-99/9,F-33,13,26:48,55.26%
50,Christopher Robinson,"Riverside, CA",222,27:19,8:48,M 18-99/24,M-45,37,27:32,52.08%
51,Rosalyn Marron,"San Bernardino, CA",175,27:27,8:50,F 01-17/5,F-17,14,27:34,54.68%
52,Deanna Diaz,"Beaumont, CA",350,27:28,8:51,F 18-99/10,F-28,15,28:06,53.79%
53,Ethan Gray,"Highland, CA",118,27:46,8:57,M 01-17/14,M-8,38,27:59,61.92%
54,Makenzie Gray,"Highland, CA",119,27:49,8:58,F 01-17/6,F-11,16,28:00,60.79%
55,Corina Rivera,", ",220,27:50,8:58,F 18-99/11,F-36,17,27:53,53.57%
56,Jane Hoag,"Loma Linda, CA",130,28:08,9:04,F 18-99/12,F-43,18,28:12,55.01%
57,Ulises Martinez,"Rialto, CA",178,28:26,9:09,M 01-17/15,M-12,39,28:54,50.79%
58,Michael Vega,"San Bernardino, CA",261,28:42,9:15,M 18-99/25,M-23,40,28:55,45.26%
59,Luis Macedo,"San Bernardino, CA",171,28:43,9:15,M 18-99/26,M-22,41,28:55,45.24%
60,Tyler Mermilliod,"San Bernardino, CA",188,28:45,9:16,M 01-17/16,M-11,42,28:57,51.91%
61,Tobin Brinker,"San Bernardino, CA",45,28:45,9:16,M 18-99/27,M-48,43,29:11,50.58%
62,James Gonzalez,"Rialto, CA",113,28:45,9:16,M 01-17/17,M-12,44,29:13,50.23%
63,Mathew Barrera,"San Bernardino, CA",31,28:46,9:16,M 01-17/18,M-10,45,28:59,54.03%
64,Scott Wilson,"Highland, CA",275,28:49,9:17,M 18-99/28,M-62,46,28:51,56.37%
65,Sunshyne Gray,"Highland, CA",120,28:51,9:18,F 18-99/13,F-38,19,29:05,52.08%
66,Chris Gray,"Highland, CA",117,28:54,9:19,M 18-99/29,M-38,47,29:05,46.80%
67,Claudia Davison,"Watertown, NY",301,29:10,9:24,F 18-99/14,F-38,20,29:31,51.52%
68,Sam Vasquez,"San Bernardino, CA",329,29:11,9:24,M 18-99/30,M-65,48,29:15,57.09%
69,Michael Diaz,"Beaumont, CA",351,29:19,9:27,M 18-99/31,M-44,49,29:58,48.12%
70,Diana Douglas,"Rialto, CA",83,29:31,9:30,F 18-99/15,F-35,21,29:43,50.40%
71,Nathan Gibson,"San Bernardino, CA",107,29:46,9:35,M 18-99/32,M-39,50,29:59,45.77%
72,Deseree Roberts-Brott,"San Bernardino, CA",221,29:49,9:36,F 18-99/16,F-24,22,30:19,49.55%
73,Martha Zepeda,"San Bernardino, CA",280,29:54,9:38,F 18-99/17,F-49,23,30:11,54.71%
74,Jodi Buckley,"San Bernardino, CA",48,29:58,9:39,F 18-99/18,F-34,24,30:28,49.53%
75,Margaret Castro,"Yucaipa, CA",56,29:58,9:39,F 18-99/19,F-45,25,30:18,52.48%
76,Regina Fernandes,"Beaumont, CA",90,30:00,9:40,F 18-99/20,F-45,26,30:03,52.42%
77,Ryan Jacquez,"San Bernardino, CA",296,30:06,9:41,M 01-17/19,M-9,51,30:28,54.13%
78,Mario Jacquez,"San Bernardino, CA",295,30:06,9:42,M 18-99/33,M-35,52,30:28,44.10%
79,Mario Ordonez,"Beaumont, CA",207,30:11,9:43,M 18-99/34,M-54,53,30:36,50.44%
80,Jennifer Rubio,"Rialto, CA",228,31:09,10:02,F 01-17/7,F-13,27,31:38,51.77%
81,Bernie Bermudez,"Loma Linda, CA",37,31:23,10:06,M 18-99/35,M-31,54,31:49,41.60%
82,Steve Bustillos,"Colton, CA",53,31:25,10:07,M 18-99/36,M-62,55,31:32,51.70%
83,Andrew German,"Loma Linda, CA",105,31:36,10:11,M 18-99/37,M-31,56,32:03,41.32%
84,Linda Maroney,"San Bernardino, CA",174,31:47,10:14,F 18-99/21,F-60,28,31:51,58.34%
85,Kimberly Arredondo,"Redlands, CA",26,31:54,10:16,F 18-99/22,F-33,29,32:19,46.42%
86,Lolita Gills,"Rancho Cucamonga, CA",108,31:56,10:17,F 18-99/23,F-47,30,32:04,50.13%
87,Juan Figueroa,"San Bernardino, CA",91,31:57,10:18,M 18-99/38,M-37,57,31:57,42.01%
88,Peter Perez,"Colton, CA",215,31:59,10:18,M 18-99/39,M-60,58,32:04,49.95%
89,Isaiah Addo,"Riverside, CA",347,32:02,10:19,M 01-17/20,M-8,59,32:16,53.67%
90,Raychelle Addo,"Riverside, CA",345,32:07,10:21,F 18-99/24,F-44,31,32:21,48.55%
91,Keith Gallegos,"Sn Bernardin, CA",286,32:19,10:24,M 18-99/40,M-38,60,32:34,41.85%
92,Racheal Burgess,"San Bernardino, CA",50,32:21,10:25,F 18-99/25,F-49,32,32:29,50.57%
93,Maeghan Carrasco,"Rancho Cucamonga, CA",55,32:22,10:25,F 18-99/26,F-18,33,32:26,45.85%
94,Marissa Carranza,"Victorville, CA",54,32:23,10:26,F 18-99/27,F-26,34,32:26,45.62%
95,Gustavo Saavedra,"Calimesa, CA",232,32:42,10:32,M 18-99/41,M-42,61,32:55,42.53%
96,Andrea Saavedra,"Calimesa, CA",231,32:43,10:32,F 18-99/28,F-36,35,32:55,45.57%
97,Michael Gallegos,"San Bernardino, CA",100,32:53,10:35,M 18-99/42,M-65,62,33:08,50.66%
98,Glenda J Gallegos,"San Bernardino, CA",99,32:54,10:36,F 18-99/29,F-59,36,33:08,55.70%
99,Evy Morales,", ",200,32:57,10:37,F 18-99/30,F-51,37,33:15,50.71%
100,Aidan Tucker,"Yucaipa, CA",255,33:03,10:39,M 01-17/21,M-9,63,33:42,49.29%
101,Arcelly Flores,"San Bernardino, CA",305,33:07,10:40,F 18-99/31,F-42,38,33:07,46.37%
102,Maria Paredes,"San Diego, CA",214,33:07,10:40,F 18-99/32,F-60,39,33:42,55.99%
103,Stacy Tucker,"Yucaipa, CA",256,33:10,10:41,F 18-99/33,F-39,40,33:46,45.50%
104,Valentina Ramirez,"Rialto, CA",395,33:15,10:43,F 01-17/8,F-12,41,33:44,49.60%
105,Sarah Gomez,"Rialto, CA",110,33:17,10:43,F 01-17/9,F-12,42,33:45,49.55%
106,Alisen Adame,"San Bernardino, CA",18,33:17,10:43,F 18-99/34,F-37,43,33:39,44.99%
107,Ashley Coe,"Crestline, CA",64,33:48,10:53,F 18-99/35,F-23,44,34:20,43.71%
108,Maggie Verdoia,"Santa Clara, CA",263,33:54,10:55,F 18-99/36,F-32,45,34:04,43.63%
109,Jessica Lauro,"San Bernardino, CA",150,34:08,11:00,F 18-99/37,F-34,46,34:27,43.48%
110,Jade Smith,"San Bernardino, CA",242,34:11,11:01,F 18-99/38,F-34,47,34:25,43.41%
111,Margie Arnett,"San Bernardino, CA",25,34:16,11:02,F 18-99/39,F-50,48,34:18,48.22%
112,Robin Cervantes,"Highland, CA",57,34:22,11:04,F 18-99/40,F-28,49,34:48,42.99%
113,Jenni Garcia,"San Bernardino, CA",101,34:29,11:06,F 18-99/41,F-22,50,34:42,42.84%
114,Sandra Espadas,"Upland, CA",87,34:31,11:07,F 18-99/42,F-38,51,34:41,43.53%
115,Andrea Meza,"Beaumont, CA",189,34:51,11:13,F 18-99/43,F-23,52,35:16,42.39%
116,Andrea Jackson,"Battle Ground, WA",133,34:52,11:14,F 18-99/44,F-34,53,35:15,42.56%
117,Jeff Jackson,"Battle Ground, WA",134,34:52,11:14,M 18-99/43,M-35,64,35:16,38.07%
118,Claire Macdonell,"San Bernardino, CA",170,35:23,11:24,F 18-99/45,F-36,54,35:43,42.13%
119,Trinity Meza,"Beaumont, CA",195,35:32,11:27,F 01-17/10,F-14,55,35:57,44.44%
120,Tony Zepeda,"San Bernardino, CA",281,35:50,11:32,M 18-99/44,M-58,65,36:08,43.88%
121,Lucretia Howard,"Rancho Cucamonga, CA",131,36:05,11:37,F 18-99/46,F-53,56,36:11,47.37%
122,Frank Becerra,"San Bernardino, CA",36,36:14,11:40,M 18-99/45,M-44,66,36:59,38.93%
123,Amber Covarrubias,"Loma Linda, CA",303,36:32,11:46,F 18-99/47,F-29,57,36:35,40.44%
124,Guadalupe Sanchez,"San Bernardino, CA",322,36:34,11:47,F 18-99/48,F-47,58,37:05,43.78%
125,Rosalba Garcia,"Rialto, CA",103,36:36,11:47,F 18-99/49,F-39,59,36:51,41.23%
126,Tanya Jones,"Riverside, CA",140,36:40,11:48,F 18-99/50,F-52,60,36:47,46.07%
127,David Acosta,"Moreno Valley, CA",11,36:50,11:52,M 18-99/46,M-35,67,37:32,36.03%
128,Marina Acosta,"Riverside, CA",14,36:51,11:52,F 18-99/51,F-31,61,37:31,40.09%
129,Monique Morre,"San Bernardino, CA",203,36:56,11:54,F 18-99/52,F-45,62,37:07,42.57%
130,Cinda Salas,"Yucaipa, CA",235,36:57,11:54,F 18-99/53,F-37,63,37:42,40.52%
131,Jo Cruz,"Riverside, CA",72,37:12,11:59,F 18-99/54,F-51,64,37:48,44.91%
132,Nelly Cortez,"Ontario, CA",325,37:22,12:02,F 18-99/55,F-38,65,37:35,40.21%
133,Lorena Segarra,"Alta Loma, CA",241,37:27,12:03,F 18-99/56,F-44,66,37:57,41.63%
134,Gavin Sparks,"Riverside, CA",246,37:32,12:05,M 01-17/22,M-10,68,38:18,41.40%
135,Antonio Lauro,"San Bernardino, CA",149,37:36,12:07,M 18-99/47,M-42,69,37:56,36.98%
136,Jenny Davis,"Mesa, AZ",313,37:37,12:07,F 18-99/57,F-42,67,37:49,40.82%
137,Abigail Davis,"Mesa, AZ",314,37:38,12:07,F 01-17/11,F-12,68,37:49,43.82%
138,Sandra Rivera,"San Bernardino, CA",310,37:43,12:09,F 18-99/58,F-33,69,38:04,39.26%
139,Jason Sparks,"Riverside, CA",247,37:46,12:10,M 18-99/48,M-34,70,38:32,34.97%
140,Angel Miranda,"Rialto, CA",196,37:56,12:13,M 01-17/23,M-13,71,38:22,37.01%
141,Camille Valverde,"UM, ",260,38:16,12:19,F 18-99/59,F-34,70,38:49,38.78%
142,Charles Brantley,"Crestline, CA",39,38:24,12:22,M 18-99/49,M-56,72,38:51,40.25%
143,Diane Brantley,"Crestline, CA",41,38:28,12:23,F 18-99/60,F-57,71,38:51,46.51%
144,Slevin Brantley,"Crestline, CA",43,38:29,12:23,M 01-17/24,M-9,73,38:51,42.33%
145,Michael Clayton,"Highland, CA",299,38:43,12:28,M 18-99/50,M-61,74,38:47,41.60%
146,Erica Lithen,"Yucaipa, CA",156,38:52,12:31,F 18-99/61,F-55,72,39:23,44.96%
147,Adriana Quintanar,"Highland, CA",217,38:52,12:31,F 18-99/62,F-41,73,38:59,39.25%
148,Robin Young,"Fontana, CA",396,40:01,12:53,F 18-99/63,F-50,74,40:08,41.29%
149,Adolfo Mediano Jr,"Banning, CA",186,40:12,12:57,M 18-99/51,M-61,75,40:28,40.07%
150,Julian Meza,"Beaumont, CA",192,40:19,12:59,F 01-17/12,F-12,75,40:45,40.90%
151,Carmen Ordonez,"Beaumont, CA",206,40:39,13:05,F 18-99/64,F-47,76,41:01,39.38%
152,Roberto Hernandez,"Yucaipa, CA",342,40:46,13:08,M 18-99/52,M-45,76,40:48,34.89%
153,Dulce Becerra,"San Bernardino, CA",35,40:47,13:08,F 18-99/65,F-35,77,41:32,36.47%
154,Rebecca McTaggart,"Hesperia, CA",185,40:49,13:09,F 18-99/66,F-54,78,41:13,42.32%
155,Maiya Robinson,"Riverside, CA",223,40:55,13:11,F 01-17/13,F-10,79,41:11,42.50%
156,Jacqueline Banks,"San Bernardino, CA",30,40:56,13:11,F 18-99/67,F-60,80,41:04,45.30%
157,Mike Cohen,"San Bernardino, CA",65,40:57,13:11,M 18-99/53,M-61,77,41:33,39.33%
158,Grace Fisher,"San Bernardino, CA",93,41:22,13:19,F 01-17/14,F-11,81,41:51,40.87%
159,Nicole Robinson,"Riverside, CA",224,41:24,13:20,F 18-99/68,F-44,82,41:38,37.66%
160,Laura Jimenez,"Redlands, CA",334,41:28,13:21,F 18-99/69,F-29,83,41:47,35.63%
161,Jon Maier,"Redlands, CA",333,41:29,13:22,M 18-99/54,M-29,78,41:48,31.35%
162,Desiree Albright,"San Bernardino, CA",19,41:54,13:29,F 18-99/70,F-21,84,42:26,35.26%
163,Ashley Chrisman,"Hesperia, CA",58,41:54,13:30,F 18-99/71,F-29,85,41:54,35.26%
164,Robert Price,"San Bernardino, CA",216,42:20,13:38,M 18-99/55,M-43,79,42:57,33.08%
165,Schylever Arline,"Rialto, CA",23,42:32,13:42,F 18-99/72,F-49,86,42:40,38.46%
166,Angie Arteaga,", ",28,42:42,13:45,F 18-99/73,F-27,87,42:57,34.60%
167,Juan Herrera,"San Bernardino, CA",129,42:44,13:46,M 18-99/56,M-24,80,43:12,30.39%
168,Lauren Harris,", ",126,42:49,13:47,F 18-99/74,F-24,88,43:17,34.50%
169,Mechell'E Lawrence,"Van Nuys, CA",152,43:04,13:52,F 18-99/75,F-49,89,43:12,37.98%
170,Stephanie McDaniel,"Adelanto, CA",282,43:14,13:55,F 18-99/76,F-27,90,43:18,34.17%
171,Benjamin Mathews,"Riverside, CA",181,43:27,14:00,M 01-17/25,M-8,81,43:33,39.56%
172,Jim Mulvihill,"San Bernardino, CA",300,43:29,14:00,M 18-99/57,M-72,82,43:58,41.22%
173,Obdulia Gomez,"Ontario, CA",109,43:36,14:02,F 18-99/77,F-35,91,43:44,34.11%
174,Emily Fisher,"San Bernardino, CA",92,43:39,14:03,F 01-17/15,F-9,92,44:08,41.10%
175,Naomi Massey,"San Bernardino, CA",180,43:42,14:04,F 01-17/16,F-12,93,44:07,37.73%
176,Tammy Pacheco,"Hesperia, CA",211,44:03,14:11,F 18-99/78,F-53,94,44:28,38.80%
177,Elizabeth Dennis,"Fontana, CA",80,44:04,14:11,F 18-99/79,F-50,95,44:10,37.50%
178,Austin Cruz,"Riverside, CA",71,44:15,14:15,M 18-99/58,M-26,83,44:51,29.35%
179,Angela Felt,"San Bernardino, CA",89,44:17,14:15,F 18-99/80,F-41,96,44:41,34.45%
180,Kari Gers,"San Bernardino, CA",106,44:24,14:18,F 18-99/81,F-55,97,44:53,39.34%
181,Aurora Massey,"San Bernardino, CA",179,44:42,14:24,F 01-17/17,F-15,98,45:06,34.73%
182,Yesenia Dorado,"Fontana, CA",82,44:50,14:26,F 18-99/82,F-27,99,44:56,32.95%
183,Linda Davis,"San Bernardino, CA",77,44:50,14:26,F 18-99/83,F-58,100,45:02,40.39%
184,Tammy Martin-Ryles,"San Bernardino, CA",352,44:58,14:29,F 18-99/84,F-48,101,45:08,35.97%
185,Amber Casarez,"Grand Terrace, CA",323,45:20,14:36,F 18-99/85,F-42,102,45:38,33.87%
186,Roxana Gonzalez,"Beaumont, CA",116,45:30,14:39,F 01-17/18,F-13,103,45:56,35.43%
187,Margaret Ortiz,"San Bernardino, CA",210,45:48,14:45,F 18-99/86,F-70,104,46:09,46.12%
188,Noelle Meza,"Beaumont, CA",194,45:55,14:47,M 01-17/26,M-6,84,46:23,42.88%
189,Joe Meza,"Beaumont, CA",190,46:02,14:49,M 18-99/59,M-38,85,46:30,29.37%
190,Sharonwatson Watson,"San Bernardino, CA",308,46:52,15:05,F 18-99/87,F-70,105,47:19,45.07%
191,Amber Espinoza,"San Bernardino, CA",309,46:52,15:05,F 01-17/19,F-12,106,47:19,35.18%
192,Angelo Stewart,"Rialto, CA",250,47:00,15:08,M 18-99/60,M-49,86,47:23,31.15%
193,Natalie Stewart,"Rialto, CA",251,47:01,15:08,F 18-99/88,F-44,107,47:23,33.16%
194,Jamison Cole,"Beaumont, CA",67,47:05,15:10,F 18-99/89,F-40,108,47:39,32.22%
195,Gerry Dagonese,"Highland, CA",76,47:13,15:12,M 18-99/61,M-58,87,47:25,33.30%
196,Nicole Sparks,"Riverside, CA",248,47:21,15:15,F 18-99/90,F-34,109,48:08,31.34%
197,Austen Sparks,"Riverside, CA",245,47:23,15:16,F 01-17/20,F-7,110,48:08,40.71%
198,Claudia Lagos,"San Bernardino, CA",145,47:27,15:17,F 18-99/91,F-44,111,48:06,32.85%
199,William Gee,"San Bernardino, CA",104,47:40,15:21,M 18-99/62,M-74,88,47:58,38.72%
200,Barbara Dagonese,"Highland, CA",74,48:04,15:29,F 18-99/92,F-62,112,48:15,39.54%
201,Hubert Rucker,"San Bernardino, CA",229,48:13,15:31,M 18-99/63,M-54,89,48:24,31.57%
202,Maccabee Teran,"San Bernardino, CA",336,48:41,15:41,M 01-17/27,M-13,90,49:21,28.84%
203,Carlos Teran,"San Bernardino, CA",335,48:42,15:41,M 18-99/64,M-49,91,49:21,30.06%
204,Ryan Kane,"Victorville, CA",143,49:03,15:48,M 01-17/28,M-2,92,49:40, 0.00%
205,Michael Kane,"Victorville, CA",142,49:03,15:48,M 18-99/65,M-29,93,49:40,26.51%
206,Chrislynn Kane,"Victorville, CA",141,49:09,15:50,F 18-99/93,F-28,113,49:44,30.05%
207,Alesxander Arriaga,"Rialto, CA",27,49:14,15:51,M 01-17/29,M-12,94,49:42,29.33%
208,John Garcia,"San Bernardino, CA",102,49:18,15:53,M 01-17/30,M-9,95,49:29,33.04%
209,Margaret Spencer,"San Bernardino, CA",249,49:33,15:57,F 18-99/94,F-59,114,49:45,36.98%
210,Douglas Freer,"Alta Loma, CA",96,49:36,15:58,M 18-99/66,M-51,96,50:06,29.98%
211,Tomás Morales,"San Bernardino, CA",201,49:38,15:59,M 18-99/67,M-51,97,50:06,29.96%
212,Gwen Rodgers,"San Bernardino, CA",398,50:08,16:08,F 18-99/95,F-50,115,50:08,32.96%
213,Robbyn Rucker,"San Bernardino, CA",230,50:47,16:21,F 18-99/96,F-52,116,51:02,33.26%
214,Samantha Eso,"Redlands, CA",86,50:57,16:24,F 18-99/97,F-27,117,51:52,28.99%
215,Mychael-Kenzie Cowan,"Redlands, CA",70,50:57,16:24,F 01-17/21,F-3,118,51:52, 0.00%
216,Jamie Bustillos,"San Bernardino, CA",52,51:00,16:25,F 18-99/98,F-29,119,51:23,28.96%
217,Viri Bueno,"San Bernardino, CA",49,51:00,16:25,F 18-99/99,F-32,120,51:23,29.00%
218,Marcella Wess,"San Bernardino, CA",267,51:01,16:25,F 18-99/100,F-53,121,51:01,33.50%
219,Abraham Martinez,"Interact Kids, ",176,51:15,16:30,M 01-17/31,M-17,98,51:23,25.57%
220,Amy Luu,"Interact Kids, ",164,51:16,16:30,F 01-17/22,F-17,122,51:23,29.27%
221,Helen Luu,"Interact Kids, ",166,51:16,16:30,F 01-17/23,F-17,123,51:24,29.27%
222,Diana Luu,"Interact Kids, ",165,51:16,16:31,F 01-17/24,F-17,124,51:24,29.27%
223,Monica Mermilliod,"San Bernardino, CA",187,51:48,16:41,F 18-99/101,F-38,125,52:31,29.00%
224,Sandra Barrera,"San Bernardino, CA",32,51:49,16:41,F 18-99/102,F-43,126,52:30,29.86%
225,Cassandra Gonzalez,"Beaumont, CA",112,52:10,16:48,F 01-17/25,F-7,127,52:36,36.98%
226,Lydia Gonzalez,"Beaumont, CA",114,52:10,16:48,F 18-99/103,F-46,128,52:37,30.39%
227,Evan Morrison,"Los Angeles, CA",204,52:44,16:59,M 18-99/68,M-22,99,53:20,24.63%
228,Maureen Morrison,"Los Angeles, CA",394,52:45,16:59,F 18-99/104,F-56,129,53:20,33.53%
229,Rose Fisher,"San Bernardino, CA",94,52:54,17:02,F 01-17/26,F-12,130,53:24,31.17%
230,Saniya Brewer,"Riverside, CA",44,52:57,17:03,F 01-17/27,F-7,131,53:02,36.43%
231,Jeremy Hoover II,"Lompoc, CA",317,53:02,17:04,M 01-17/32,M-12,100,53:09,27.22%
232,Judy Stotz,"Redlands, CA",332,53:17,17:09,F 18-99/105,F-53,132,54:05,32.07%
233,Gloria Acosta,"Riverside, CA",12,53:24,17:12,F 18-99/106,F-60,133,54:06,34.72%
234,Adrianne Padilla,"Highland, CA",212,53:29,17:13,F 01-17/28,F-13,134,53:49,30.14%
235,Maryann Padilla,"Highland, CA",213,53:29,17:13,F 18-99/107,F-48,135,53:49,30.24%
236,Melanie Moore,"San Bernardino, CA",198,53:31,17:14,F 18-99/108,F-36,136,54:04,27.85%
237,Magdalena Lagos,"San Bernardino, CA",146,53:36,17:15,F 18-99/109,F-66,137,54:14,37.33%
238,Wendy Bechtel,"Riverside, CA",326,53:41,17:17,F 18-99/110,F-47,138,53:58,29.80%
239,Monette Mendoza,"San Bernardino, CA",324,53:44,17:18,F 18-99/111,F-56,139,54:02,32.92%
240,Monica Lagos,"San Bernardino, CA",147,54:13,17:27,F 18-99/112,F-41,140,54:13,28.14%
241,Kiley Meza,"Beaumont, CA",193,54:15,17:28,F 18-99/113,F-37,141,54:44,27.60%
242,Angelica Gonzalez,"Beaumont, CA",111,54:17,17:29,F 18-99/114,F-19,142,54:44,27.21%
243,Jeremiah Gardner,"San Bernardino, CA",353,54:25,17:31,M 01-17/33,M-11,101,54:41,27.42%
244,Ebonee Gardner,"San Bernardino, CA",393,54:32,17:34,F 18-99/115,F-31,143,54:47,27.09%
245,Nancy Cole,"San Bernardino, CA",68,54:37,17:35,F 18-99/116,F-63,144,55:19,35.26%
246,Carolina Hoover,"Lompoc, CA",318,55:03,17:43,F 18-99/117,F-32,145,55:10,26.86%
247,La Tanya Mathews,"Riverside, CA",182,55:12,17:46,F 18-99/118,F-41,146,55:12,27.64%
248,Thomasine Briseno,"Highland, CA",46,55:26,17:51,F 18-99/119,F-80,147,55:52,44.30%
249,Theo Mathews,"Riverside, CA",183,55:27,17:51,M 18-99/69,M-39,102,55:35,24.56%
250,Sonietta Brown,"San Bernardino, CA",47,55:28,17:52,F 18-99/120,F-43,148,55:38,27.89%
251,Asia Boulware-Williamson,"Corona, CA",38,55:29,17:52,F 18-99/121,F-51,149,55:38,30.11%
252,Deanna Erickson,"Highland, CA",84,55:30,17:52,F 18-99/122,F-63,150,55:50,34.70%
253,Donna Walker,"Highland, CA",265,55:41,17:56,F 18-99/123,F-74,151,56:11,40.15%
254,Melanie Moore,"San Bernardino, CA",199,55:48,17:58,M 01-17/34,M-10,103,55:48,27.85%
255,Andrea Hall,"San Bernardino, CA",123,55:59,18:02,F 18-99/124,F-44,152,56:08,27.84%
256,Jasmine Jefferson,"San Bernardino, CA",136,56:01,18:02,F 18-99/125,F-48,153,56:09,28.87%
257,Kamila Williams,"Moreno Valley, CA",268,56:20,18:08,F 18-99/126,F-48,154,56:20,28.71%
258,Steven Clynch,"Highland, CA",63,56:21,18:09,M 18-99/70,M-53,104,57:02,26.80%
259,Karin Clynch,"Highland, CA",62,56:23,18:09,F 18-99/127,F-52,155,57:02,29.95%
260,Sam Addo,"Riverside, CA",346,56:26,18:10,M 18-99/71,M-46,105,56:47,25.38%
261,Raymond Acosta,"Apple Valley, CA",16,56:27,18:11,M 18-99/72,M-38,106,57:07,23.95%
262,Raymond Acosta,"Apple Valley, CA",15,56:29,18:11,M 01-17/35,M-4,107,57:07, 0.00%
263,Alejandro Zambrano,"San Bernardino, CA",279,57:32,18:31,M 01-17/36,M-3,108,57:41, 0.00%
264,Johanna Romero,"San Bernardino, CA",226,57:32,18:31,F 18-99/128,F-31,156,57:42,25.67%
265,Otoniel Mejia,"Highland, CA",287,57:32,18:32,M 18-99/73,M-53,109,58:09,26.25%
266,Molly Wiltshire,"San Bernardino, CA",277,57:35,18:32,F 18-99/129,F-26,157,58:08,25.65%
267,Monica Mejia,"Highland, CA",288,57:35,18:32,F 18-99/130,F-53,158,58:07,29.68%
268,Angela Moreau,"Rialto, CA",202,58:20,18:47,F 18-99/131,F-38,159,58:55,25.75%
269,Samuel Acosta,"Apple Valley, CA",17,58:48,18:56,M 01-17/37,M-2,110,59:27, 0.00%
270,Jennifer Acosta,"Apple Valley, CA",13,58:49,18:56,F 18-99/132,F-36,160,59:27,25.34%
271,Verenice Jimenez,"Moreno Valley, CA",138,1:01:22,19:45,F 18-99/133,F-27,161,1:01:55,24.07%
272,Rachel Clark,"San Bernardino, CA",59,1:01:34,19:49,F 18-99/134,F-70,162,1:01:54,34.31%
273,Daniel Lopez,"San Diego, CA",159,1:01:41,19:52,M 01-17/38,M-7,111,1:02:25,29.68%
274,Maria Perez,"San Bernardino, CA",284,1:03:09,20:20,F 18-99/135,F-78,163,1:03:34,37.62%
275,Martha Sack,"San Bernardino, CA",233,1:03:12,20:21,F 18-99/136,F-64,164,1:03:32,30.84%
276,Christopher Lopez,"San Diego, CA",158,1:03:16,20:22,M 01-17/39,M-9,112,1:03:59,25.74%
277,Lamont Shedrick,"Rancho Cucamonga, CA",355,1:05:41,21:09,M 18-99/74,M-45,113,1:07:50,21.65%
278,Ra Shawn Voglezon,", ",399,1:07:16,21:39,M NoAge/1,M-0,114,1:07:47, 0.00%
279,Angela Calloway-Thornton,", ",400,1:07:19,21:40,F NoAge/1,F-0,165,1:07:50, 0.00%
280,Kamila Williams,"Moreno Valley, CA",270,1:11:26,23:00,M 01-17/40,M-3,115,1:11:26, 0.00%
281,Katie Erickson-Hernandez,"Highland, CA",85,1:15:27,24:17,F 18-99/137,F-40,166,1:15:49,20.11%
282,Benjamin Hernandez,"Highland, CA",128,1:15:28,24:18,M 01-17/41,M-6,116,1:15:47,26.09%
283,Tukia Vakalahi,"San Bernardino, CA",257,1:24:09,27:05,F 18-99/138,F-35,167,1:24:09,17.67%
284,Kamila Williams,"Moreno Valley, CA",269,1:30:30,29:08,F 01-17/29,F-5,168,1:30:30,23.28%
