Bib,Name,Gender,Age,Hometown,Overall,Men,M 56-65,Age/Grade,Finish,Chip Time,Gun Time
122, Richard Buckles,M,56,", ",1 out of 0,1 out of 0,1 out of 0, 70.33% Place: 67,21:59 Pace: 7:05,21:59,21:59
130, Steph Cronshaw,F,32,", ",2 out of 0,1 out of 0,1 out of 0, 63.36% Place: 66,23:21 Pace: 7:31,23:21,23:23
144, Justin Hilderbrand,M,41,", ",3 out of 0,2 out of 0,1 out of 0, 54.19% Place: 55,25:29 Pace: 8:12,25:29,25:29
147, Shirley Jones,F,37,", ",4 out of 0,2 out of 0,1 out of 0, 58.12% Place: 62,25:46 Pace: 8:18,25:46,25:47
182, Sam Tate,M,10,", ",5 out of 0,3 out of 0,1 out of 0, 59.74% Place: 63,26:01 Pace: 8:23,26:01,26:05
183, Shawn Tate,M,49,", ",6 out of 0,4 out of 0,1 out of 0, 56.07% Place: 58,26:07 Pace: 8:25,26:07,26:12
116, Rodney Brauher,M,54,", ",7 out of 0,5 out of 0,2 out of 0, 57.71% Place: 61,26:23 Pace: 8:30,26:23,26:23
102,Robert Lasko,M,65,"Banning, CA",8 out of 0,6 out of 0,2 out of 0, 60.36% Place: 64,27:36 Pace: 8:53,27:36,27:37
103,Markina Evdokimoff,F,14,"Yucca Valley, CA",9 out of 0,3 out of 0,1 out of 0, 56.91% Place: 59,27:45 Pace: 8:56,27:45,27:49
202,Alexzia Lilly,F,15,", ",10 out of 0,4 out of 0,2 out of 0, 54.54% Place: 56,28:28 Pace: 9:10,28:28,28:28
188, Curtis Yakimow,M,49,", ",11 out of 0,7 out of 0,3 out of 0, 51.20% Place: 51,28:36 Pace: 9:13,28:36,28:41
168, Keith Reed,M,55,", ",12 out of 0,8 out of 0,4 out of 0, 53.18% Place: 54,28:51 Pace: 9:18,28:51,28:57
104,Jessica Sibbs,F,39,"Yucca Valley, CA",13 out of 0,5 out of 0,2 out of 0, 50.62% Place: 49,29:49 Pace: 9:36,29:49,29:50
105,Killian Hargrove,M,8,"Twentynine Palms, CA",14 out of 0,9 out of 0,2 out of 0, 57.60% Place: 60,29:51 Pace: 9:37,29:51,29:51
159, Steve Lomax,M,59,", ",15 out of 0,10 out of 0,3 out of 0, 52.81% Place: 53,30:00 Pace: 9:40,30:00,30:04
107,Kristen Robinson,F,36,"Yucca Valley, CA",16 out of 0,6 out of 0,3 out of 0, 47.65% Place: 46,31:17 Pace: 10:05,31:17,31:18
106,Chloe Robinson,F,7,"Yucca Valley, CA",17 out of 0,7 out of 0,1 out of 0, 61.64% Place: 65,31:18 Pace: 10:05,31:18,31:18
156, Kimberly Lilly,F,36,", ",18 out of 0,8 out of 0,4 out of 0, 47.55% Place: 45,31:21 Pace: 10:06,31:21,31:22
174, Cindy Ross,F,38,", ",19 out of 0,9 out of 0,5 out of 0, 46.42% Place: 44,32:22 Pace: 10:25,32:22,32:23
177, Jennifer A Sands,F,43,", ",20 out of 0,10 out of 0,6 out of 0, 46.03% Place: 43,33:37 Pace: 10:49,33:37,33:39
170, Sarah Reed,F,25,", ",21 out of 0,11 out of 0,1 out of 0, 42.99% Place: 41,34:22 Pace: 11:04,34:22,34:25
148, Robert Kephart,M,73,", ",22 out of 0,11 out of 0,1 out of 0, 52.38% Place: 52,34:41 Pace: 11:10,34:41,34:47
165, Blake Morrison,M,8,", ",23 out of 0,12 out of 0,3 out of 0, 48.56% Place: 48,35:24 Pace: 11:24,35:24,35:28
143, Susan M Henry,F,58,", ",24 out of 0,12 out of 0,1 out of 0, 51.11% Place: 50,35:26 Pace: 11:25,35:26,35:28
166, Jenny Morrison,F,40,", ",25 out of 0,13 out of 0,7 out of 0, 42.68% Place: 40,35:33 Pace: 11:27,35:33,35:37
142, Travis Helfman,M,29,", ",26 out of 0,13 out of 0,1 out of 0, 36.48% Place: 25,35:39 Pace: 11:29,35:39,35:42
169, Margaret G Reed,F,54,", ",27 out of 0,14 out of 0,1 out of 0, 48.14% Place: 47,35:53 Pace: 11:33,35:53,35:58
118, Analisa Brown,F,48,", ",28 out of 0,15 out of 0,2 out of 0, 44.93% Place: 42,36:00 Pace: 11:36,36:00,36:04
117, Nykole Britton,F,26,", ",29 out of 0,16 out of 0,2 out of 0, 40.77% Place: 37,36:14 Pace: 11:40,36:14,36:16
101,Syndi Carlson,F,66,"Yucca Valley, CA",30 out of 0,17 out of 0,1 out of 0, 54.89% Place: 57,36:27 Pace: 11:44,36:27,36:32
138, Brian Gardill,M,31,", ",31 out of 0,14 out of 0,2 out of 0, 34.74% Place: 20,37:35 Pace: 12:06,37:35,37:47
137, Amy M Gardill,F,38,", ",32 out of 0,18 out of 0,8 out of 0, 39.97% Place: 35,37:35 Pace: 12:06,37:35,37:47
125, Ralph Butler,M,59,", ",33 out of 0,15 out of 0,4 out of 0, 39.83% Place: 34,39:46 Pace: 12:48,39:46,39:48
119, Calliope Brown,F,14,", ",34 out of 0,19 out of 0,3 out of 0, 38.83% Place: 31,40:40 Pace: 13:06,40:40,40:42
110,Tom Harbour,M,62,"Yucca Valley, CA",35 out of 0,16 out of 0,5 out of 0, 38.29% Place: 30,42:25 Pace: 13:40,42:25,42:27
158, Martha Lomax,F,58,", ",36 out of 0,20 out of 0,2 out of 0, 42.50% Place: 39,42:36 Pace: 13:43,42:36,42:43
140, Kimberly K Gueltzow,F,44,", ",37 out of 0,21 out of 0,9 out of 0, 36.58% Place: 26,42:37 Pace: 13:43,42:37,42:52
162, Teri Markley,F,54,", ",38 out of 0,22 out of 0,3 out of 0, 39.01% Place: 32,44:17 Pace: 14:15,44:17,44:21
132, Jessica Dellinger,F,39,", ",39 out of 0,23 out of 0,10 out of 0, 33.90% Place: 19,44:31 Pace: 14:20,44:31,44:40
176, Michele Russo,F,50,", ",40 out of 0,24 out of 0,4 out of 0, 36.90% Place: 27,44:47 Pace: 14:25,44:47,44:51
161, John Macleod,M,52,", ",41 out of 0,17 out of 0,5 out of 0, 33.46% Place: 17,44:48 Pace: 14:25,44:48,44:58
184, Katie Vansumeren,F,29,", ",42 out of 0,25 out of 0,3 out of 0, 32.85% Place: 14,44:58 Pace: 14:29,44:58,45:04
133, Madison Dellinger,F,12,", ",43 out of 0,26 out of 0,2 out of 0, 35.86% Place: 24,45:59 Pace: 14:48,45:59,46:14
152, Jennifer Langdon,F,40,", ",44 out of 0,27 out of 0,11 out of 0, 32.99% Place: 15,45:59 Pace: 14:49,45:59,46:15
141, Debra Hale,F,60,", ",45 out of 0,28 out of 0,3 out of 0, 40.19% Place: 36,46:08 Pace: 14:51,46:08,46:11
111, Dori Abel,F,0,", ",46 out of 0,29 out of 0,1 out of 0,46:17 Pace: 14:54,46:17,46:22
121, Karla Buchanan,F,35,", ",47 out of 0,30 out of 0,4 out of 0, 32.07% Place: 12,46:22 Pace: 14:56,46:22,46:28
120, Kentucky Brown,F,9,", ",48 out of 0,31 out of 0,3 out of 0, 38.16% Place: 29,47:01 Pace: 15:08,47:01,47:04
201,Patty Thompson,F,64,"Yucca Valley, CA",49 out of 0,32 out of 0,4 out of 0, 40.87% Place: 38,47:41 Pace: 15:21,47:41,47:45
129, Brittney Corney,F,23,", ",50 out of 0,33 out of 0,2 out of 0, 30.97% Place: 10,47:41 Pace: 15:21,47:41,47:59
115, Melissa Bond,F,51,", ",51 out of 0,34 out of 0,5 out of 0, 35.02% Place: 22,47:42 Pace: 15:22,47:42,47:58
173, Wendy Rogers,F,55,", ",52 out of 0,35 out of 0,6 out of 0, 35.71% Place: 23,48:56 Pace: 15:45,48:56,48:56
180, Rene Strader,F,63,", ",53 out of 0,36 out of 0,5 out of 0, 37.56% Place: 28,51:16 Pace: 16:30,51:16,51:22
179, Raleigh Strader,M,69,", ",54 out of 0,18 out of 0,2 out of 0, 33.41% Place: 16,51:45 Pace: 16:40,51:45,51:53
114, Cindy Arrowood,F,61,", ",55 out of 0,37 out of 0,6 out of 0, 34.96% Place: 21,53:42 Pace: 17:18,53:42,53:56
136, Jamie Ficara,F,38,", ",56 out of 0,38 out of 0,12 out of 0, 27.96% Place: 4,53:43 Pace: 17:18,53:43,53:55
146, Janet Johnson,F,59,", ",57 out of 0,39 out of 0,7 out of 0, 33.72% Place: 18,54:20 Pace: 17:29,54:20,54:28
181, Katherine S Tate,F,50,", ",58 out of 0,40 out of 0,7 out of 0, 30.13% Place: 7,54:50 Pace: 17:39,54:50,55:02
171, Aprill Rialon,F,10,", ",59 out of 0,41 out of 0,4 out of 0, 31.44% Place: 11,55:18 Pace: 17:48,55:18,55:21
172, Aprill Rialon,F,43,", ",60 out of 0,42 out of 0,13 out of 0, 27.93% Place: 3,55:23 Pace: 17:50,55:23,55:26
185, Becky Vilums,F,48,", ",61 out of 0,43 out of 0,8 out of 0, 28.99% Place: 5,55:47 Pace: 17:58,55:47,55:58
178, Diana Shay Diehl,F,58,", ",62 out of 0,44 out of 0,8 out of 0, 32.39% Place: 13,55:54 Pace: 18:00,55:54,56:07
126, Anna Carnes,F,10,", ",63 out of 0,45 out of 0,5 out of 0, 30.97% Place: 9,56:09 Pace: 18:05,56:09,56:23
127, Christi Carnes,F,40,", ",64 out of 0,46 out of 0,14 out of 0, 26.98% Place: 1,56:14 Pace: 18:06,56:14,56:29
160, Jeannine Macleod,F,54,", ",65 out of 0,47 out of 0,9 out of 0, 30.34% Place: 8,56:56 Pace: 18:20,56:56,57:06
157, Donel Linn,F,43,", ",66 out of 0,48 out of 0,15 out of 0, 27.16% Place: 2,56:58 Pace: 18:20,56:58,57:10
149, Laurie Klimowicz,F,56,", ",67 out of 0,49 out of 0,9 out of 0, 29.49% Place: 6,59:59 Pace: 19:19,59:59,1:00:09
139, Joanne Gordon,F,78,", ",68 out of 0,50 out of 0,1 out of 0, 39.51% Place: 33,1:00:08 Pace: 19:22,1:00:08,1:00:15
