Place,Name,Location,Bib,Net Time,Pace,Division/Place,Sex-Age,Sex-Place,Gun Time,Age Grade
1,Kristoffer Chacon,"Lomita, CA",6273,39:25,5:47,M 01-99/1,M-24,1,39:25, 0.00%
2,Jon Genant,"Rancho Cucamonga, CA",6252,39:47,5:50,M 01-99/2,M-34,2,39:47, 0.00%
3,Ryan Davis,"Santa Clarita, CA",6253,42:44,6:16,M 01-99/3,M-14,3,42:44, 0.00%
4,Michael Becker,"Playa Vista, CA",3512,43:07,6:19,M 01-99/4,M-53,4,43:10, 0.00%
5,Pieter Van Es,"Irvine, CA",9458,43:30,6:22,M 01-99/5,M-44,5,43:31, 0.00%
6,Christopher Hetherington,"Long Beach, CA",6261,44:17,6:29,M 01-99/6,M-31,6,44:20, 0.00%
7,Amanda Burkhardt,"Irvine, CA",6297,45:52,6:43,F 01-99/1,F-25,1,45:52, 0.00%
8,Bill Hasencamp,"LOS ANGELES, CA",6258,46:21,6:48,M 01-99/7,M-48,7,46:22, 0.00%
9,Christopher Rosario,"Cerritos, CA",3633,46:41,6:50,M 01-99/8,M-40,8,46:50, 0.00%
10,Michelle Nestor,"Mission Viejo, CA",3609,47:06,6:54,F 01-99/2,F-38,2,47:06, 0.00%
11,Bruce Davis,"Santa Clarita, CA",6255,47:07,6:54,M 01-99/9,M-52,9,47:09, 0.00%
12,Chuck Sohaskey,"Long Beach, CA",3643,47:25,6:57,M 01-99/10,M-49,10,47:44, 0.00%
13,Jake Gracia,"Costa Mesa, CA",3548,47:41,6:59,M 01-99/11,M-25,11,47:43, 0.00%
14,Mark Rinaldi,"Whittier, CA",6298,48:45,7:08,M 01-99/12,M-45,12,48:47, 0.00%
15,Abby Davis,"Santa Clarita, CA",6254,48:45,7:09,F 01-99/3,F-11,3,48:45, 0.00%
16,Anthony Hildebrand,"Long Beach, CA",3556,49:09,7:12,M 01-99/13,M-32,13,49:43, 0.00%
17,Roger Greene,"Coto De Caza, CA",3549,49:24,7:14,M 01-99/14,M-56,14,49:27, 0.00%
18,Jon Hansen,"Irvine, CA",4515,50:12,7:21,M 01-99/15,M-33,15,50:21, 0.00%
19,Kurt Rinaldi,"Whittier, CA",6299,50:27,7:23,M 01-99/16,M-31,16,50:33, 0.00%
20,Nathan Wise,"Irvine, CA",9468,50:47,7:26,M 01-99/17,M-34,17,50:59, 0.00%
21,Eric Ancheta,"Whittier, CA",6264,50:55,7:28,M 01-99/18,M-30,18,51:19, 0.00%
22,Juan Amancio,"Rancho Cucamonga, CA",3504,51:03,7:29,M 01-99/19,M-40,19,51:16, 0.00%
23,Jennifer Tapscott,"Wildomar, CA",3655,51:05,7:29,F 01-99/4,F-37,4,51:36, 0.00%
24,Maya Kass,"Irvine, CA",3564,51:27,7:32,F 01-99/5,F-41,5,51:30, 0.00%
25,Wonder Musademba,"El Segundo, CA",3608,51:34,7:33,M 01-99/20,M-54,20,51:35, 0.00%
26,Frank Bekker,"Claremont, CA",3514,51:34,7:33,M 01-99/21,M-48,21,51:42, 0.00%
27,Meredith Stenta,"Irvine, CA",3646,51:41,7:34,F 01-99/6,F-39,6,51:52, 0.00%
28,Deven Upadhyay,"PLACENTIA, CA",6259,51:48,7:35,M 01-99/22,M-37,22,51:50, 0.00%
29,Jason Sung,"Rosemead, CA",3651,52:16,7:39,M 01-99/23,M-33,23,52:37, 0.00%
30,James Reyer,"Edwards Afb, CA",6272,52:21,7:40,M 01-99/24,M-25,24,52:51, 0.00%
31,Hope Roe,"Bakersfield, CA",3632,52:27,7:41,F 01-99/7,F-50,7,52:40, 0.00%
32,Caroline McAndrews,"Laguna Niguel, CA",6292,52:28,7:41,F 01-99/8,F-50,8,52:47, 0.00%
33,Bill Baer,"Washington, DC",6295,53:22,7:49,M 01-99/25,M-53,25,53:41, 0.00%
34,Mike Sohaskey,"Berkeley, CA",9472,53:45,7:52,M 01-99/26,M-40,26,54:05, 0.00%
35,Joseph McKeever,"San Clemente, CA",4522,54:00,7:55,M 01-99/27,M-60,27,54:04, 0.00%
36,Darren Kikuta,"TUSTIN, CA",6265,54:19,7:57,M 01-99/28,M-40,28,54:36, 0.00%
37,Allison Cowdell,"Tustin, CA",3527,54:20,7:58,F 01-99/9,F-40,9,54:23, 0.00%
38,Alfonso Nunez,"Upland, CA",3614,54:26,7:59,M 01-99/29,M-40,29,54:34, 0.00%
39,Hans Weissenberger,"Laguna Niguel, CA",3671,54:35,8:00,M 01-99/30,M-53,30,55:13, 0.00%
40,Steven Fry,"Laguna Niguel, CA",3542,54:39,8:00,M 01-99/31,M-60,31,54:59, 0.00%
41,Nahoko Iwata,"Arcadia, CA",3561,54:51,8:02,F 01-99/10,F-39,10,54:57, 0.00%
42,Todd Byers,"HUNTINGTON BEACH, CA",6270,54:58,8:03,M 01-99/32,M-48,32,55:12, 0.00%
43,Laura Sohaskey,"Long Beach, CA",3644,55:31,8:08,F 01-99/11,F-53,11,55:52, 0.00%
44,Steve Rice,"Newport Beach, CA",3630,55:42,8:10,M 01-99/33,M-38,33,55:57, 0.00%
45,Ana McEachern,"Santa Paula, CA",6274,55:46,8:10,F 01-99/12,F-27,12,56:15, 0.00%
46,patricia klein,"trabuco canyon, CA",6300,56:04,8:13,F 01-99/13,F-44,13,56:18, 0.00%
47,Daniel McNeely,"Irvine, CA",4523,56:11,8:14,M 01-99/34,M-32,34,56:14, 0.00%
48,T Liu,"Alhambra, CA",3575,56:39,8:18,M 01-99/35,M-46,35,56:43, 0.00%
49,Jackie Hurst,"Redlands, CA",3560,56:42,8:18,F 01-99/14,F-53,14,57:25, 0.00%
50,Yvonne L Hall,"San Pedro, CA",3551,56:49,8:19,F 01-99/15,F-39,15,56:57, 0.00%
51,Sally Guon,"San Clemente, CA",4512,56:51,8:20,F 01-99/16,F-52,16,57:00, 0.00%
52,Emile Coy,"Corona, CA",4505,56:58,8:21,M 01-99/36,M-63,36,57:33, 0.00%
53,Kimberly Smith,"Bakersfield, CA",6286,57:31,8:26,F 01-99/17,F-28,17,57:49, 0.00%
54,Jessica Langenhan,"Irvine, CA",3570,57:46,8:28,F 01-99/18,F-32,18,58:20, 0.00%
55,Steve Nakanishi,"Placentia, CA",4525,57:59,8:30,M 01-99/37,M-42,37,57:59, 0.00%
56,Milagros Gamez,"Pomona, CA",4509,58:09,8:31,F 01-99/19,F-27,19,58:14, 0.00%
57,Martin Gamez,"Pomona, CA",9469,58:28,8:34,M 01-99/38,M-26,38,58:32, 0.00%
58,David Mark,"Chino Hills, CA",3585,58:59,8:38,M 01-99/39,M-54,39,59:04, 0.00%
59,Gavin Huntley-Fenner,"Irvine, CA",3559,59:00,8:39,M 01-99/40,M-47,40,59:22, 0.00%
60,Dave Johnson,"Buena Park, CA",3563,59:05,8:39,M 01-99/41,M-50,41,59:13, 0.00%
61,Carrie Slayback,"Newport Beach, CA",3641,59:06,8:39,F 01-99/20,F-67,20,59:24, 0.00%
62,Nancy Young,"Covina, CA",3673,59:09,8:40,F 01-99/21,F-33,21,59:48, 0.00%
63,Jonathan Perkins,"Garden Grove, CA",3625,59:17,8:41,M 01-99/42,M-57,42,59:40, 0.00%
64,Harold Kennedy,"Apple Valley, CA",3565,59:34,8:44,M 01-99/43,M-60,43,1:00:00, 0.00%
65,Ruben Garcia,"Simi Valley, CA",3545,59:45,8:45,M 01-99/44,M-47,44,1:00:16, 0.00%
66,Cynthia Carter,"La Puente, CA",3518,59:46,8:45,F 01-99/22,F-27,22,1:00:12, 0.00%
67,Yolanda Cruz Zinn,"Compton, CA",3529,59:48,8:46,F 01-99/23,F-38,23,59:56, 0.00%
68,Danny Pablo,"Hawthorne, CA",6251,1:00:04,8:48,M 01-99/45,M-25,45,1:00:06, 0.00%
69,Arnold Tolentino,"West Covina, CA",3659,1:00:08,8:48,M 01-99/46,M-33,46,1:00:48, 0.00%
70,Sharon Tan,"Hacienda Heights, CA",3654,1:00:38,8:53,F 01-99/24,F-27,24,1:01:00, 0.00%
71,Alison Kirkpatrick,"Long Beach, CA",3566,1:00:51,8:55,F 01-99/25,F-42,25,1:01:05, 0.00%
72,Mitch Winter,"Irvine, CA",6293,1:00:56,8:56,M 01-99/47,M-39,47,1:01:24, 0.00%
73,Catherine Vallejo,"Laguna Niguel, CA",3665,1:01:00,8:56,F 01-99/26,F-53,26,1:01:18, 0.00%
74,Mark Disman,"Laguna Beach, CA",3534,1:01:10,8:58,M 01-99/48,M-64,48,1:01:30, 0.00%
75,Sylvester Arcaro,"San Clemente, CA",3506,1:01:15,8:58,M 01-99/49,M-41,49,1:01:43, 0.00%
76,Kyle Shaver,"Mission Viejo, CA",3639,1:01:23,8:59,M 01-99/50,M-49,50,1:01:37, 0.00%
77,Jennifer Hahn,"Rancho Santa Margarita, CA",4514,1:01:31,9:01,F 01-99/27,F-30,27,1:02:31, 0.00%
78,Andrew Torres,"Los Angeles, CA",4533,1:02:00,9:05,M 01-99/51,M-14,51,1:02:43, 0.00%
79,Cathe Milward,"La Mirada, CA",3599,1:02:05,9:06,F 01-99/28,F-56,28,1:02:40, 0.00%
80,Matt Borzage,"Los Angeles, CA",4499,1:02:13,9:07,M 01-99/52,M-28,52,1:02:23, 0.00%
81,Albert Kwan,"Los Angeles, CA",9471,1:02:17,9:07,M 01-99/53,M-29,53,1:02:17, 0.00%
82,Tom Tracy,"IRVINE, CA",6257,1:02:47,9:12,M 01-99/54,M-53,54,1:02:56, 0.00%
83,Jeff Friedman,"San Clemente, CA",3541,1:03:05,9:14,M 01-99/55,M-56,55,1:03:34, 0.00%
84,Lindsey Cude,"Redondo Beach, CA",3530,1:03:14,9:16,F 01-99/29,F-31,29,1:03:35, 0.00%
85,Sarah Emery,"Irvine, CA",3538,1:03:15,9:16,F 01-99/30,F-33,30,1:03:56, 0.00%
86,Stephanie Leowardy,"San Clemente, CA",3573,1:03:20,9:17,F 01-99/31,F-44,31,1:03:59, 0.00%
87,Isobel Crump,"Claremont, CA",3528,1:03:37,9:19,F 01-99/32,F-49,32,1:03:37, 0.00%
88,Colleen McGraw,"Redondo Beach, CA",3592,1:03:42,9:20,F 01-99/33,F-44,33,1:04:14, 0.00%
89,Leann Parker,"IRVINE, CA",6271,1:03:45,9:20,F 01-99/34,F-51,34,1:04:05, 0.00%
90,Elizabeth Mastro,"Tustin, CA",3588,1:03:47,9:21,F 01-99/35,F-44,35,1:04:06, 0.00%
91,Jensine Mankin,"Menifee, CA",3583,1:03:51,9:21,F 01-99/36,F-27,36,1:04:00, 0.00%
92,Nancy Long,"Trabuco Canyon, CA",3576,1:03:52,9:21,F 01-99/37,F-54,37,1:04:19, 0.00%
93,Jennifer Puchon,"Fullerton, CA",9459,1:03:56,9:22,F 01-99/38,F-34,38,1:04:08, 0.00%
94,Chris Harkins,"Costa Mesa, CA",3553,1:04:03,9:23,M 01-99/56,M-47,56,1:04:44, 0.00%
95,Briana Harkins,"Costa Mesa, CA",3552,1:04:03,9:23,F 01-99/39,F-35,39,1:04:44, 0.00%
96,Cassandra Duong,"San Bernardino, CA",4508,1:04:07,9:24,F 01-99/40,F-32,40,1:04:23, 0.00%
97,Michele Chavez,"Fullerton, CA",3522,1:04:10,9:24,F 01-99/41,F-44,41,1:04:44, 0.00%
98,Felix Leowardy,"San Clemente, CA",3572,1:04:14,9:24,M 01-99/57,M-45,57,1:04:53, 0.00%
99,John Strand,"Orange, CA",3649,1:04:20,9:25,M 01-99/58,M-77,58,1:04:57, 0.00%
100,Gael Nguyen,"Irvine, CA",4526,1:04:45,9:29,M 01-99/59,M-30,59,1:05:19, 0.00%
101,Joyce Zacks,"Fountain Valley, CA",3674,1:04:50,9:30,F 01-99/42,F-52,42,1:04:57, 0.00%
102,Teri Clements,"Mission Viejo, CA",3524,1:04:56,9:31,F 01-99/43,F-48,43,1:05:10, 0.00%
103,Michele Baumeister,"Mission Viejo, CA",6268,1:04:59,9:31,F 01-99/44,F-45,44,1:05:14, 0.00%
104,Antoinette Saenz,"Whittier, CA",3635,1:05:03,9:32,F 01-99/45,F-28,45,1:05:22, 0.00%
105,SomcHai Sinkarjarern,"Garden Grove, CA",3640,1:05:25,9:35,M 01-99/60,M-61,60,1:05:25, 0.00%
106,Todd Moran,"Lake Elsinore, CA",3600,1:06:00,9:40,M 01-99/61,M-29,61,1:06:44, 0.00%
107,Kathleen Demarjian,"Rsm, CA",3533,1:06:05,9:41,F 01-99/46,F-49,46,1:06:34, 0.00%
108,Paul Parsons,"Walnut, CA",3622,1:06:12,9:42,M 01-99/62,M-60,62,1:06:19, 0.00%
109,Marie Lett,"Mission Viejo, CA",3574,1:06:25,9:44,F 01-99/47,F-26,47,1:06:52, 0.00%
110,Isidro Villanueva,"Whittier, CA",3670,1:06:26,9:44,M 01-99/63,M-34,63,1:07:06, 0.00%
111,Leanne Sobaski,"Rosamond, CA",3642,1:07:02,9:49,F 01-99/48,F-22,48,1:07:49, 0.00%
112,Don Tumbocon,"Oxnard, CA",3664,1:07:11,9:50,M 01-99/64,M-34,64,1:07:45, 0.00%
113,Diane Pagani,"Laguna Niguel, CA",3621,1:07:18,9:52,F 01-99/49,F-50,49,1:07:57, 0.00%
114,Kelly McGill,"Lakewood, CA",3591,1:07:57,9:57,F 01-99/50,F-45,50,1:08:45, 0.00%
115,Mary Gaede,"La Habra, CA",3543,1:08:12,9:59,F 01-99/51,F-51,51,1:08:12, 0.00%
116,Mark Lotich,"Alta Loma, CA",3579,1:08:12,9:59,M 01-99/65,M-56,65,1:08:23, 0.00%
117,Karen Lotich Arribas,"Placentia, CA",3581,1:08:12,9:59,F 01-99/52,F-31,52,1:08:23, 0.00%
118,Michael Arribas,"Placentia, CA",3507,1:08:13,9:59,M 01-99/66,M-35,66,1:08:23, 0.00%
119,Julie Glazner,"Los Angeles, CA",3547,1:08:27,10:02,F 01-99/53,F-31,53,1:08:48, 0.00%
120,Elizabeth Deer,"Trabuco Canyon, CA",3532,1:08:31,10:02,F 01-99/54,F-44,54,1:08:47, 0.00%
121,janet natalia rios,"irvine, CA",6294,1:08:40,10:03,F 01-99/55,F-36,55,1:09:07, 0.00%
122,Mike Borzage,"Chico, CA",4500,1:08:44,10:04,M 01-99/67,M-65,67,1:08:58, 0.00%
123,Jennifer Henry,"Placentia, CA",3555,1:09:14,10:09,F 01-99/56,F-43,56,1:09:58, 0.00%
124,David Kronz,"Cypress, CA",4519,1:09:20,10:09,M 01-99/68,M-49,68,1:09:25, 0.00%
125,Keith Gates,"Simi Valley, CA",9474,1:09:31,10:11,M 01-99/69,M-31,69,1:09:31, 0.00%
126,Tricia Portugal,"Aliso Viejo, CA",3627,1:09:38,10:12,F 01-99/57,F-47,57,1:09:41, 0.00%
127,Susan Borzage,"Chico, CA",4501,1:10:00,10:15,F 01-99/58,F-64,58,1:10:11, 0.00%
128,Aaron Hahn,"Rancho Santa Margarita, CA",4513,1:10:22,10:18,M 01-99/70,M-28,70,1:11:21, 0.00%
129,Maryle Olivier,"Orange, CA",3616,1:10:44,10:22,F 01-99/59,F-50,59,1:10:44, 0.00%
130,Becky Wu,"Santa Ana, CA",3672,1:10:47,10:22,F 01-99/60,F-62,60,1:10:51, 0.00%
131,Mary Collins,"La Habra Heights, CA",3525,1:10:50,10:22,F 01-99/61,F-43,61,1:11:30, 0.00%
132,Joo Young Lee,"Los Angeles, CA",3571,1:11:16,10:26,F 01-99/62,F-32,62,1:11:24, 0.00%
133,Karen Hildebrand,"Long Beach, CA",6282,1:11:17,10:26,F 01-99/63,F-32,63,1:11:49, 0.00%
134,Kim Stoltzfus,"Santa Monica, CA",3647,1:11:39,10:30,F 01-99/64,F-38,64,1:12:02, 0.00%
135,Veronica Hernandez,"Downey, CA",6262,1:11:43,10:30,F 01-99/65,F-36,65,1:12:02, 0.00%
136,Kathryn Haskins,"Hillsdale, NJ",4516,1:11:47,10:31,F 01-99/66,F-17,66,1:12:25, 0.00%
137,Arthur Haskins,"Hillsdale, NJ",3554,1:11:47,10:31,M 01-99/71,M-52,71,1:12:26, 0.00%
138,Nan Paturzo,"Trabuco Canyon, CA",3623,1:12:13,10:35,F 01-99/67,F-49,67,1:12:13, 0.00%
139,Ben Corona,"Aliso Viejo, CA",4504,1:12:19,10:36,M 01-99/72,M-48,72,1:12:52, 0.00%
140,Tabitha Coronado,"Ontario, CA",3526,1:12:27,10:37,F 01-99/68,F-27,68,1:12:45, 0.00%
141,Natalie Lopez,"Long Beach, CA",3577,1:12:32,10:37,F 01-99/69,F-26,69,1:12:54, 0.00%
142,Melissa Pearce,"Laguna Niguel, CA",4527,1:13:08,10:43,F 01-99/70,F-36,70,1:13:32, 0.00%
143,John Osborne,"Carlsbad, CA",3620,1:13:26,10:45,M 01-99/73,M-58,73,1:13:46, 0.00%
144,Cindy Nettleton,"Irvine, CA",3610,1:13:28,10:46,F 01-99/71,F-50,71,1:13:55, 0.00%
145,Irma Garcia,"West Covina, CA",4510,1:14:13,10:52,F 01-99/72,F-61,72,1:14:36, 0.00%
146,George Olsen,"Fountain Valley, CA",3618,1:14:15,10:53,M 01-99/74,M-67,74,1:14:46, 0.00%
147,Veronica Ferencz,"San Clemente, CA",3540,1:14:42,10:56,F 01-99/73,F-51,73,1:14:57, 0.00%
148,Brad Hodges,"Long Beach, CA",3557,1:14:42,10:56,M 01-99/75,M-51,75,1:15:24, 0.00%
149,Fernando Trujillo,"Ontario, CA",3663,1:14:48,10:57,M 01-99/76,M-50,76,1:15:07, 0.00%
150,Edison Noboa,"Corona, CA",3613,1:14:57,10:59,M 01-99/77,M-46,77,1:15:16, 0.00%
151,Stacy Olivier,"Los Alamitos, CA",3617,1:14:59,10:59,F 01-99/74,F-52,74,1:15:15, 0.00%
152,Ann Sullivan,"Huntington Beach, CA",3650,1:15:13,11:01,F 01-99/75,F-59,75,1:15:19, 0.00%
153,Jason Tillery,"Westminster, CA",9475,1:15:34,11:04,M 01-99/78,M-40,78,1:15:54, 0.00%
154,Denise Morris,"Anaheim, CA",3604,1:15:54,11:07,F 01-99/76,F-49,76,1:16:17, 0.00%
155,Nicole Thornhill,"Chino, CA",3656,1:16:05,11:09,F 01-99/77,F-33,77,1:16:05, 0.00%
156,Norma Procell,"Bakersfield, CA",6287,1:16:29,11:12,F 01-99/78,F-40,78,1:16:47, 0.00%
157,Robin Chilcott,"Long Beach, CA",3523,1:17:37,11:22,F 01-99/79,F-44,79,1:18:22, 0.00%
158,Mayra Revilla,"Los Angeles, CA",9478,1:17:37,11:22,F 01-99/80,F-32,80,1:18:14, 0.00%
159,Aura Medina,"Los Angeles, CA",9477,1:17:37,11:22,F 01-99/81,F-35,81,1:18:15, 0.00%
160,Denisse Alonzo,"Alhambra, CA",3502,1:17:48,11:24,F 01-99/82,F-28,82,1:17:57, 0.00%
161,Theresa Skinner,"Long Beach, CA",6288,1:17:52,11:24,F 01-99/83,F-46,83,1:18:24, 0.00%
162,Peggy Thusing,"Long Beach, CA",6289,1:17:53,11:24,F 01-99/84,F-49,84,1:18:24, 0.00%
163,Patricia Duncan,"Placentia, CA",4507,1:18:14,11:27,F 01-99/85,F-52,85,1:18:29, 0.00%
164,Matthew Sanchez,"Norwalk, CA",3638,1:18:16,11:28,M 01-99/79,M-13,79,1:18:27, 0.00%
165,Dawn Brewer,"Culver City, CA",3515,1:18:29,11:30,F 01-99/86,F-45,86,1:18:51, 0.00%
166,Victor Mejia,"Norwalk, CA",3594,1:18:59,11:34,M 01-99/80,M-32,80,1:18:59, 0.00%
167,Sara Morgan,"Irvine, CA",3601,1:19:35,11:39,F 01-99/87,F-35,87,1:20:01, 0.00%
168,Kathy Miller,"Huntington Beach, CA",3597,1:19:59,11:43,F 01-99/88,F-59,88,1:20:29, 0.00%
169,Liza Gates,"Simi Valley, CA",4511,1:20:24,11:47,F 01-99/89,F-26,89,1:20:53, 0.00%
170,Steve Tillery,"Westminster, CA",3658,1:20:25,11:47,M 01-99/81,M-43,81,1:20:47, 0.00%
171,Bob Gillis,"Irvine, CA",6263,1:20:49,11:50,M 01-99/82,M-65,82,1:20:49, 0.00%
172,Glenda Lotich,"Alta Loma, CA",3578,1:21:19,11:54,F 01-99/90,F-55,90,1:21:19, 0.00%
173,Laura Olson,"Anaheim, CA",3619,1:21:39,11:57,F 01-99/91,F-28,91,1:22:07, 0.00%
174,Terah Atwell,"Placentia, CA",3508,1:22:00,12:01,F 01-99/92,F-33,92,1:22:29, 0.00%
175,Margaret Tollner,"Lakewood, CA",3660,1:22:47,12:07,F 01-99/93,F-49,93,1:23:04, 0.00%
176,Christie Borsa,", ",6281,1:22:47,12:07,F NoAge/1,F-0,94,1:23:04, 0.00%
177,Holly Rouse,"Tempe, AZ",3634,1:23:37,12:15,F 01-99/94,F-45,95,1:24:07, 0.00%
178,Heather Bunkley Allen,"Long Beach, CA",6290,1:23:41,12:15,F 01-99/95,F-1,96,1:23:53, 0.00%
179,Jessica Garcia,"Carson, CA",3544,1:24:04,12:19,F 01-99/96,F-24,97,1:24:08, 0.00%
180,Kendra Grund,"Las Vegas, NV",3550,1:25:17,12:29,F 01-99/97,F-34,98,1:25:32, 0.00%
181,Dorothy Strand,"Orange, CA",3648,1:25:51,12:34,F 01-99/98,F-72,99,1:26:28, 0.00%
182,Rachael Emery,"Chino Hills, CA",9463,1:26:08,12:37,F 01-99/99,F-49,100,1:26:08, 0.00%
183,Laurel Horton,"Chino Hills, CA",9470,1:26:09,12:37,F NoAge/2,F-0,101,1:26:09, 0.00%
184,Nina Mariano,"Chino, CA",3584,1:26:48,12:43,F 01-99/100,F-32,102,1:26:58, 0.00%
185,Andrea Giese-Sweat,"Sherman Oaks, CA",3546,1:27:37,12:50,F 01-99/101,F-29,103,1:28:11, 0.00%
186,Darra Soltz,"Costa Mesa, CA",6267,1:28:51,13:01,F 01-99/102,F-29,104,1:29:19, 0.00%
187,Janet Pemberton,"Yorba Linda, CA",3624,1:29:01,13:02,F 01-99/103,F-57,105,1:29:09, 0.00%
188,Manny Vargas,"Long Beach, CA",3667,1:29:31,13:07,M 01-99/83,M-45,83,1:30:16, 0.00%
189,Pamela Newcomb,"Newport Beach, CA",3612,1:30:44,13:17,F 01-99/104,F-52,106,1:31:31, 0.00%
190,Frank Velasquez,"Lamont, CA",3669,1:31:27,13:24,M 01-99/84,M-57,84,1:31:27, 0.00%
191,Margaret Dubel,"La Mesa, CA",3535,1:32:50,13:36,F 01-99/105,F-29,107,1:33:18, 0.00%
192,Angela Meyers,"Irvine, CA",9455,1:33:54,13:45,F 01-99/106,F-41,108,1:33:54, 0.00%
193,Sydney Salcido,"Yorba Linda, CA",3636,1:35:12,13:56,F 01-99/107,F-38,109,1:35:48, 0.00%
194,Lora Martin,"Riverside, CA",3587,1:37:16,14:15,F 01-99/108,F-52,110,1:37:27, 0.00%
195,Rene Espinoza,"Ontario, CA",3539,1:37:55,14:20,M 01-99/85,M-45,85,1:38:41, 0.00%
196,Carmen Castro,"Hesperia, CA",9473,1:37:55,14:20,F 01-99/109,F-53,111,1:38:41, 0.00%
197,Alisa Takeuchi,"Huntington Beach, CA",3653,1:38:04,14:22,F 01-99/110,F-41,112,1:38:04, 0.00%
198,Solomon Tran,"Riverside, CA",3661,1:38:20,14:24,M 01-99/86,M-13,86,1:38:53, 0.00%
199,Thomas Tran,"Riverside, CA",3662,1:38:38,14:27,M 01-99/87,M-49,87,1:39:12, 0.00%
200,Denis Paez,"FULLERTON, CA",6269,1:40:18,14:41,M 01-99/88,M-66,88,1:40:47, 0.00%
201,David Chambers Sr,"Mission Viejo, CA",3521,1:42:22,14:59,M 01-99/89,M-47,89,1:42:22, 0.00%
202,Silvia Wilm,"Anaheim, CA",4536,1:43:02,15:05,F 01-99/111,F-50,113,1:43:27, 0.00%
203,Jessica Miles,"Fullerton, CA",3595,1:43:03,15:05,F 01-99/112,F-31,114,1:43:27, 0.00%
204,Kathleen Meijerink,"La Habra, CA",6260,1:43:34,15:10,F 01-99/113,F-46,115,1:44:16, 0.00%
205,Silvia Ibarra,"Los Angeles, CA",4518,1:44:59,15:22,F 01-99/114,F-38,116,1:45:43, 0.00%
206,Janice Kuwahara,"Pasadena, CA",3568,1:46:42,15:37,F 01-99/115,F-52,117,1:47:07, 0.00%
207,Nancy Jacobs,"San Jacinto, CA",3562,1:53:07,16:34,F 01-99/116,F-32,118,1:53:43, 0.00%
208,Kim Hotter,"San Jacinto, CA",6283,1:53:08,16:34,F 01-99/117,F-26,119,1:53:44, 0.00%
209,Kris O'Loughlin,", ",6284,1:53:25,16:37,F 01-99/118,F-55,120,1:54:00, 0.00%
