Bib,Name,Gender,Age,Hometown,Overall,Men,M NoAge,Finish,Chip Time,Gun Time
6796,Larry Trampel,M,0,", ",1 out of 92,1 out of 32,1 out of 4,39:10 Pace: 5:44,39:10,39:10
4125,Michael Anderson,M,53,"Santee, CA",2 out of 92,2 out of 32,1 out of 28,41:05 Pace: 6:01,41:05,41:05
4252,Annie Sawyer,F,25,"San Diego, CA",3 out of 92,1 out of 60,1 out of 58,43:07 Pace: 6:19,43:07,43:07
4180,Cassandra Glaser,F,29,"Indio, CA",4 out of 92,2 out of 60,2 out of 58,43:35 Pace: 6:23,43:35,43:35
4198,Nicholas Kienel,M,11,"Moreno Valley, CA",5 out of 92,3 out of 32,2 out of 28,43:47 Pace: 6:25,43:47,43:47
4128,Natasha Andress,F,13,"Moreno Valley, CA",6 out of 92,3 out of 60,3 out of 58,43:49 Pace: 6:25,43:49,43:49
6794,Leonardo Medel,M,0,", ",7 out of 92,4 out of 32,2 out of 4,44:16 Pace: 6:29,44:16,44:16
4181,Kindra Glavin,F,31,"Oceanside, CA",8 out of 92,4 out of 60,4 out of 58,44:32 Pace: 6:32,44:32,44:32
4227,Trenton Mulder,M,15,"Ontario, CA",9 out of 92,5 out of 32,3 out of 28,44:45 Pace: 6:33,44:45,44:45
4176,Randy Garner,M,44,"Coronado, CA",10 out of 92,6 out of 32,4 out of 28,45:01 Pace: 6:36,45:01,45:01
4251,Gabriel Santoyo,M,16,"Chino, CA",11 out of 92,7 out of 32,5 out of 28,46:41 Pace: 6:50,46:41,46:41
4133,Raul Avila,M,34,"Palmdale, CA",12 out of 92,8 out of 32,6 out of 28,47:51 Pace: 7:01,47:51,47:51
4247,Carl Robinson,M,56,"Spring Valley, CA",13 out of 92,9 out of 32,7 out of 28,48:03 Pace: 7:02,48:03,48:03
4177,Susan Gathman,F,44,"San Marcos, CA",14 out of 92,5 out of 60,5 out of 58,51:05 Pace: 7:29,51:05,51:05
6851,Adrienne Briones,F,30,"VISTA, CA",15 out of 92,6 out of 60,6 out of 58,52:48 Pace: 7:44,52:48,52:48
4238,Lisa Perez,F,27,"Rancho Cucamonga, CA",16 out of 92,7 out of 60,7 out of 58,53:15 Pace: 7:48,53:15,53:15
4195,Glenn V Joiner,F,54,"Fallbrook, CA",17 out of 92,8 out of 60,8 out of 58,54:59 Pace: 8:03,54:59,54:59
4187,Trevor Heidenreich,M,39,"Encinitas, CA",18 out of 92,10 out of 32,8 out of 28,55:56 Pace: 8:12,55:56,55:56
4129,Ami Angell,F,36,"Fresno, CA",19 out of 92,9 out of 60,9 out of 58,55:58 Pace: 8:12,55:58,55:58
4244,Mary Beth Ratzlaff,F,44,"San Diego, CA",20 out of 92,10 out of 60,10 out of 58,56:40 Pace: 8:18,56:40,56:40
4127,Julia Andress,F,16,"Moreno Valley, CA",21 out of 92,11 out of 60,11 out of 58,57:21 Pace: 8:24,57:21,57:21
6825,Mike Lobosco,M,0,", ",22 out of 92,11 out of 32,3 out of 4,57:23 Pace: 8:24,57:23,57:23
4209,Melissa Ly,F,23,"Escondido, CA",23 out of 92,12 out of 60,12 out of 58,57:30 Pace: 8:25,57:30,57:30
4269,Jacqueline Wong,F,25,"Escondido, CA",24 out of 92,13 out of 60,13 out of 58,57:30 Pace: 8:25,57:30,57:30
4219,Ronald Miranda,M,58,"Chula Vista, CA",25 out of 92,12 out of 32,9 out of 28,57:38 Pace: 8:27,57:38,57:38
4230,Bennet Newman,M,24,"San Diego, CA",26 out of 92,13 out of 32,10 out of 28,57:58 Pace: 8:29,57:58,57:58
4264,Nikki Tofalo,F,23,"San Diego, CA",27 out of 92,14 out of 60,14 out of 58,57:59 Pace: 8:30,57:59,57:59
4156,Kathryn Davis,F,27,"San Diego, CA",28 out of 92,15 out of 60,15 out of 58,58:19 Pace: 8:33,58:19,58:19
4194,Tyler Johansen,M,31,"San Diego, CA",29 out of 92,14 out of 32,11 out of 28,58:37 Pace: 8:35,58:37,58:37
4158,Aaron Dodell,M,39,"San Diego, CA",30 out of 92,15 out of 32,12 out of 28,1:00:17 Pace: 8:50,1:00:17,1:00:17
4141,Janis Bowdler,F,0,"Oceanside, CA",31 out of 92,16 out of 60,1 out of 2,1:00:33 Pace: 8:52,1:00:33,1:00:33
4242,Verity Prey,F,30,"San Diego, CA",32 out of 92,17 out of 60,16 out of 58,1:00:38 Pace: 8:53,1:00:38,1:00:38
4224,Katimarie Morse,F,22,"Coronado, CA",33 out of 92,18 out of 60,17 out of 58,1:00:49 Pace: 8:55,1:00:49,1:00:49
4231,Kim Norby,F,39,"San Diego, CA",34 out of 92,19 out of 60,18 out of 58,1:00:55 Pace: 8:55,1:00:55,1:00:55
6784,Nancy Franklin,F,41,"Chino, CA",35 out of 92,20 out of 60,19 out of 58,1:00:56 Pace: 8:56,1:00:56,1:00:56
4165,Lauren Faison,F,31,"San Diego, CA",36 out of 92,21 out of 60,20 out of 58,1:01:48 Pace: 9:03,1:01:48,1:01:48
4263,Katie Toepel,F,32,"Garden Grove, CA",37 out of 92,22 out of 60,21 out of 58,1:01:59 Pace: 9:05,1:01:59,1:01:59
4202,Carol Lee,F,48,"San Diego, CA",38 out of 92,23 out of 60,22 out of 58,1:02:10 Pace: 9:06,1:02:10,1:02:10
4186,Janet Hanson,F,48,"New York, NY",39 out of 92,24 out of 60,23 out of 58,1:02:59 Pace: 9:14,1:02:59,1:02:59
4240,Tammie Pitcairn,F,39,"San Marcos, CA",40 out of 92,25 out of 60,24 out of 58,1:03:02 Pace: 9:14,1:03:02,1:03:02
4150,Robert Clossin,M,39,"San Diego, CA",41 out of 92,16 out of 32,13 out of 28,1:03:03 Pace: 9:14,1:03:03,1:03:03
4179,Amber Gean,F,27,"San Diego, CA",42 out of 92,26 out of 60,25 out of 58,1:03:14 Pace: 9:16,1:03:14,1:03:14
4183,Melissa Haddad,F,27,"Redondo Beach, CA",43 out of 92,27 out of 60,26 out of 58,1:03:15 Pace: 9:16,1:03:15,1:03:15
4201,John Kramer,M,55,"San Marcos, CA",44 out of 92,17 out of 32,14 out of 28,1:04:03 Pace: 9:23,1:04:03,1:04:03
4232,Billie Orechovesky,F,58,"El Cajon, CA",45 out of 92,28 out of 60,27 out of 58,1:04:11 Pace: 9:24,1:04:11,1:04:11
6810,Agatha Zurawska,F,27,"San Diego, CA",46 out of 92,29 out of 60,28 out of 58,1:04:42 Pace: 9:29,1:04:42,1:04:42
4159,Daniel Dollar,M,30,"San Diego, CA",47 out of 92,18 out of 32,15 out of 28,1:05:10 Pace: 9:33,1:05:10,1:05:10
4220,Silvia Mitchell,F,36,"Aguanga, CA",48 out of 92,30 out of 60,29 out of 58,1:05:22 Pace: 9:34,1:05:22,1:05:22
6783,Brannon Mitchell,M,40,", ",49 out of 92,19 out of 32,16 out of 28,1:05:22 Pace: 9:34,1:05:22,1:05:22
4225,Alan Mulder,M,43,"Ontario, CA",50 out of 92,20 out of 32,17 out of 28,1:05:24 Pace: 9:35,1:05:24,1:05:24
4226,Susan Mulder,F,42,"Ontario, CA",51 out of 92,32 out of 60,31 out of 58,1:05:25 Pace: 9:35,1:05:25,1:05:25
4223,Mariam Morad,F,59,"San Diego, CA",52 out of 92,31 out of 60,30 out of 58,1:05:25 Pace: 9:35,1:05:25,1:05:25
4215,Lann McIntyre,F,54,"La Mesa, CA",53 out of 92,33 out of 60,32 out of 58,1:05:27 Pace: 9:35,1:05:27,1:05:27
4182,Danielle Granade,F,52,"San Diego, CA",54 out of 92,34 out of 60,33 out of 58,1:05:33 Pace: 9:36,1:05:33,1:05:33
4160,Daniel Doty,M,38,"San Diego, CA",55 out of 92,21 out of 32,18 out of 28,1:05:55 Pace: 9:39,1:05:55,1:05:55
4157,Jessica Deree,F,35,"La Jolla, CA",56 out of 92,35 out of 60,34 out of 58,1:06:11 Pace: 9:42,1:06:11,1:06:11
4197,Terry Karras,F,57,"Solana Beach, CA",57 out of 92,36 out of 60,35 out of 58,1:06:16 Pace: 9:42,1:06:16,1:06:16
4228,Kimberly Myrick,F,52,"San Diego, CA",58 out of 92,37 out of 60,36 out of 58,1:06:16 Pace: 9:42,1:06:16,1:06:16
6786,Ladorna Bunt,F,64,"Fallbrook, CA",59 out of 92,38 out of 60,37 out of 58,1:06:17 Pace: 9:43,1:06:17,1:06:17
4229,Lisa Neal,F,42,"La Mesa, CA",60 out of 92,39 out of 60,38 out of 58,1:06:35 Pace: 9:45,1:06:35,1:06:35
4178,Don Gauthier,M,52,"San Diego, CA",61 out of 92,22 out of 32,19 out of 28,1:06:48 Pace: 9:47,1:06:48,1:06:48
4241,Jacqueline Powers,F,43,"San Diego, CA",62 out of 92,40 out of 60,39 out of 58,1:06:59 Pace: 9:49,1:06:59,1:06:59
4261,Ashley Taurman,F,25,"Carlsbad, CA",63 out of 92,41 out of 60,40 out of 58,1:07:26 Pace: 9:53,1:07:26,1:07:26
4196,Michell Joiner,F,51,"Fallbrook, CA",64 out of 92,42 out of 60,41 out of 58,1:07:34 Pace: 9:54,1:07:34,1:07:34
4163,David Durago,M,30,"San Diego, CA",65 out of 92,23 out of 32,20 out of 28,1:07:35 Pace: 9:54,1:07:35,1:07:35
6790,Carole Beason,F,40,"Poway, CA",66 out of 92,43 out of 60,42 out of 58,1:08:14 Pace: 10:00,1:08:14,1:08:14
6791,Michael Tansey,M,48,"Poway, CA",67 out of 92,24 out of 32,21 out of 28,1:08:14 Pace: 10:00,1:08:14,1:08:14
4214,Connor McCarthy,M,31,"San Diego, CA",68 out of 92,25 out of 32,22 out of 28,1:09:09 Pace: 10:08,1:09:09,1:09:09
6760,Lisa Reilly,F,42,"San Diego, CA",69 out of 92,44 out of 60,43 out of 58,1:09:11 Pace: 10:08,1:09:11,1:10:35
4121,Jesus Alba,M,47,"Calexico, CA",70 out of 92,26 out of 32,23 out of 28,1:09:12 Pace: 10:08,1:09:12,1:09:12
4256,Rebecca Shupack,F,35,"San Diego, CA",71 out of 92,45 out of 60,44 out of 58,1:09:45 Pace: 10:13,1:09:45,1:09:45
6795,Jessica Larue,F,0,", ",72 out of 92,46 out of 60,2 out of 2,1:10:07 Pace: 10:16,1:10:07,1:10:07
4189,Marie Herrera,F,41,"San Diego, CA",73 out of 92,47 out of 60,45 out of 58,1:10:17 Pace: 10:18,1:10:17,1:10:17
4188,Ann Heppler,F,50,"Carlsbad, CA",74 out of 92,48 out of 60,46 out of 58,1:10:21 Pace: 10:18,1:10:21,1:10:21
4146,Kelly Campion,F,24,"Coronado, CA",75 out of 92,49 out of 60,47 out of 58,1:11:28 Pace: 10:28,1:11:28,1:11:28
4267,Mary Webb,F,46,"La Mesa, CA",76 out of 92,50 out of 60,48 out of 58,1:11:45 Pace: 10:30,1:11:45,1:11:45
4270,Dick Znamirowski,M,58,"San Diego, CA",77 out of 92,27 out of 32,24 out of 28,1:12:03 Pace: 10:33,1:12:03,1:12:03
4249,Stephanie Russell,F,28,"San Diego, CA",78 out of 92,51 out of 60,49 out of 58,1:13:53 Pace: 10:49,1:13:53,1:13:53
4237,Alan Pascual,M,36,"Chula Vista, CA",79 out of 92,28 out of 32,25 out of 28,1:14:30 Pace: 10:55,1:14:30,1:14:30
6826,Robert Rimer,M,0,", ",80 out of 92,29 out of 32,4 out of 4,1:14:32 Pace: 10:55,1:14:32,1:14:32
4233,Tiffany Ortega,F,30,"Costa Mesa, CA",81 out of 92,52 out of 60,50 out of 58,1:15:49 Pace: 11:06,1:15:49,1:15:49
4206,Amanda Lewis,F,40,"San Diego, CA",82 out of 92,53 out of 60,51 out of 58,1:20:29 Pace: 11:47,1:20:29,1:20:29
6788,Edward Johnson,M,51,"Tujunga, CA",83 out of 92,30 out of 32,26 out of 28,1:20:37 Pace: 11:48,1:20:37,1:20:37
6789,Michael Johnson,M,22,"Tujunga, CA",84 out of 92,31 out of 32,27 out of 28,1:20:37 Pace: 11:48,1:20:37,1:20:37
4185,Alexandra Hansen,F,27,"Escondido, CA",85 out of 92,54 out of 60,52 out of 58,1:21:35 Pace: 11:57,1:21:35,1:21:35
4260,Elsa Tapia,F,47,"La Mesa, CA",86 out of 92,55 out of 60,53 out of 58,1:22:37 Pace: 12:06,1:22:37,1:22:37
4191,Eliza Hook,F,28,"Davis, CA",87 out of 92,56 out of 60,54 out of 58,1:26:11 Pace: 12:37,1:26:11,1:26:11
4218,Jenny Meyer,F,30,"San Diego, CA",88 out of 92,57 out of 60,55 out of 58,1:26:11 Pace: 12:37,1:26:11,1:26:11
4234,Cheri Osmundsen,F,35,"San Clemente, CA",89 out of 92,58 out of 60,56 out of 58,1:26:11 Pace: 12:37,1:26:11,1:26:11
4243,Chase Price,M,15,"Chino, CA",90 out of 92,32 out of 32,28 out of 28,1:27:22 Pace: 12:48,1:27:22,1:27:22
4134,Nancy Banda,F,60,"Wildomar, CA",91 out of 92,59 out of 60,57 out of 58,1:27:40 Pace: 12:50,1:27:40,1:27:40
4221,Suzanne Miyasaki,F,50,"Chula Vista, CA",92 out of 92,60 out of 60,58 out of 58,1:27:44 Pace: 12:51,1:27:44,1:27:44
