Place,Name,Location,Bib,Net Time,Pace,Division/Place,Sex-Age,Sex-Place,Gun Time,Age Grade
1,Miguel Ramirez,"Los Angeles, CA",416,17:01,5:29,M 30-34/0,M-33,1,17:01,75.20%
2,Jose Ricardo,"South Gate, CA",251,17:44,5:43,M 45-49/0,M-45,2,17:44,78.47%
3,Nicholas Rojas,"West Covina, CA",418,18:24,5:56,M 20-24/0,M-22,3,18:24,68.80%
4,Margarito Hernandez,"Los Angeles, CA",302,18:33,5:59,M 55-59/1,M-55,4,18:34,81.22%
5,David Rosas,"Covina, CA",324,19:05,6:09,M 40-44/1,M-43,5,19:08,71.57%
6,Miguel Covarrubias,"Bell, CA",48,19:17,6:13,M 50-54/1,M-52,6,19:18,76.06%
7,Richard O'Bryan,"Fresno, CA",112,19:29,6:17,M 40-44/2,M-41,7,19:31,69.11%
8,Reginald Greene,"Carson, CA",420,19:56,6:25,M 40-44/3,M-40,8,19:58,67.08%
9,John Flores,"Monterey Park, CA",328,19:57,6:26,M 30-34/1,M-33,9,19:59,64.01%
10,Gilberto Bravo,"Los Angeles, CA",34,20:11,6:30,M 30-34/2,M-31,10,20:15,62.60%
11,Sergio Ascencio,"Los Angeles, CA",310,20:21,6:33,M 40-44/4,M-40,11,20:23,65.70%
12,Jose Vara,"Whittier, CA",408,20:30,6:36,M 35-39/1,M-39,12,20:31,64.78%
13,Jose Ubeda,"Rialto, CA",318,20:44,6:41,M 13-19/1,M-14,13,20:49,67.18%
14,Feliciano Villegas,"Los Angeles, CA",154,20:45,6:41,M 35-39/2,M-37,14,20:45,63.14%
15,Roberto Sigala,"Bellflower, CA",303,21:01,6:46,M 45-49/1,M-45,15,21:04,65.95%
16,Feliciano Jimenez,"Los Angeles, CA",323,21:03,6:47,M 45-49/2,M-49,16,21:05,67.94%
17,Ozzie Zea,"Long Beach, CA",158,21:16,6:51,M 40-44/5,M-44,17,21:18,64.69%
18,Homero Blncas,"Commerce, CA",312,21:20,6:52,M 40-44/6,M-42,18,21:21,63.56%
19,Danny Castro,"San Dimas, CA",429,21:25,6:54,M 55-59/2,M-56,19,21:26,71.01%
20,Phil Herrera,"La Verne, CA",81,21:41,6:59,M 30-34/3,M-30,20,21:48,58.27%
21,Ray Parker,"Pasadena, CA",117,21:44,7:00,M 60-64/1,M-62,21,21:47,74.41%
22,Juan Baquiax Hernandez,"Los Angeles, CA",24,21:47,7:01,M 50-54/2,M-53,22,21:48,67.92%
23,Carlos Castaneda,"Downey, CA",38,21:55,7:03,M 35-39/3,M-37,23,21:56,59.78%
24,Carlos Avitua,"West Covina, CA",406,22:02,7:06,M 13-19/2,M-17,24,22:05,59.94%
25,Caria Castro,"Hacienda Heights, CA",41,22:06,7:07,F 20-24/0,F-21,1,22:06,63.86%
26,Oscar Camacho,"Los Angeles, CA",258,22:08,7:08,M 55-59/3,M-58,25,22:12,70.77%
27,Andres Flores,"Hacienda Heights, CA",415,22:14,7:10,M 20-24/1,M-20,26,22:18,57.38%
28,Antonio Rebollar,"Baldwin Park, CA",403,22:17,7:11,M 60-64/2,M-62,27,22:21,72.57%
29,Matt Turnbow,"Hacienda Heights, CA",305,22:19,7:11,M 45-49/3,M-48,28,22:24,63.57%
30,Jose Correa,"Ontario, CA",47,22:38,7:17,M 50-54/3,M-54,29,22:41,65.95%
31,Alex Martin,"Montebello, CA",331,22:41,7:18,M 55-59/4,M-55,30,22:47,66.41%
32,Moises Lopez,"Los Angeles, CA",93,22:42,7:19,M 35-39/4,M-39,31,22:46,58.49%
33,Joseph Vega,"Los Angeles, CA",321,22:51,7:22,M 13-19/3,M-19,32,22:57,56.39%
34,Blake Bearden,"Pomona, CA",29,22:55,7:23,M 30-34/4,M-30,33,23:02,55.13%
35,Gabriel Ramirez,"La Puente, CA",431,22:55,7:23,M 60-64/3,M-61,34,22:57,69.80%
36,Guillermo Torres,"Pico Rivera, CA",254,22:57,7:24,M 35-39/5,M-38,35,23:03,57.47%
37,Cesar Castaneda,"Moreno Valley, CA",39,22:59,7:24,M 30-34/5,M-31,36,23:06,54.97%
38,Linda Rodriguez,"La Puente, CA",326,23:16,7:30,F 13-19/0,F-15,2,23:16,63.84%
39,Kevin Neff,"Pomona, CA",432,23:18,7:30,M 50-54/4,M-54,37,23:20,64.06%
40,Jesus Arroyo,"Los Angeles, CA",330,23:20,7:31,M 40-44/7,M-44,38,23:29,58.96%
41,Luis Diaz,"Pomona, CA",265,23:21,7:31,M 35-39/6,M-39,39,23:25,56.86%
42,Jon Pauley,"Irvine, CA",255,23:25,7:33,M 45-49/4,M-45,40,23:31,59.19%
43,Caroline Heron,"Los Angeles, CA",78,23:29,7:34,F 45-49/0,F-47,3,23:29,65.95%
44,Donny Argudo,"Alhambra, CA",262,23:30,7:34,M 13-19/4,M-19,41,23:42,54.83%
45,Cirilo Sanchez,"Pico Rivera, CA",413,23:33,7:35,M 40-44/8,M-40,42,23:38,56.77%
46,Marino Angulo,"Whittier, CA",15,23:34,7:36,M 35-39/7,M-35,43,23:40,54.87%
47,Jose Martin Garcia,"Pico Rivera, CA",65,23:43,7:38,M 45-49/5,M-48,44,23:46,59.81%
48,David Gastelum,"Downey, CA",68,23:49,7:40,M 13-19/5,M-19,45,24:00,54.10%
49,Mauro Rodriguez,"Los Angeles, CA",129,23:49,7:40,M 65-99/1,M-66,46,23:53,71.15%
50,Eleazar Gonzalez,"San Juan Capistrano, CA",309,23:49,7:40,M 35-39/8,M-39,47,23:52,55.75%
51,Jose Fuentes,"Los Angeles, CA",410,24:00,7:44,M 13-19/6,M-13,48,24:07,59.42%
52,Ted Molina,"Arcadia, CA",103,24:05,7:45,M 45-49/6,M-47,49,24:07,58.44%
53,Francisco Ramirez,"Sherman Oaks, CA",402,24:10,7:47,M 50-54/5,M-51,50,24:16,60.16%
54,Carlos Torres,"Huntington Park, CA",139,24:12,7:48,M 25-29/1,M-25,51,24:14,52.20%
55,Mario Ramirez,"Hawthorne, CA",259,24:19,7:50,M 35-39/9,M-38,52,24:19,54.23%
56,Eric Quach,"Hacienda Heights, CA",433,24:19,7:50,M 30-34/6,M-31,53,24:31,51.95%
57,Juan Camarena,"Van Nuys, CA",301,24:25,7:52,M 13-19/7,M-16,54,24:32,54.92%
58,Sal Gorro,"Los Angeles, CA",253,24:31,7:54,M 45-49/7,M-49,55,24:34,58.33%
59,Katie Delatorre,"Pomona, CA",264,24:33,7:54,F 13-19/1,F-13,4,24:35,62.40%
60,Sofia Rodriguez,"La Puente, CA",325,24:35,7:55,F 01-12/1,F-11,5,24:37,65.37%
61,Efren Ultreras,"West Covina, CA",142,24:37,7:56,M 30-34/7,M-33,56,24:39,51.87%
62,John Winkler,"Thousand Oaks, CA",157,24:38,7:56,M 45-49/8,M-46,57,24:42,56.69%
63,David Madina,"Los Angeles, CA",409,24:52,8:01,M 25-29/2,M-29,58,25:12,50.80%
64,Almario Gonzales,"West Covina, CA",266,25:05,8:05,M 55-59/5,M-57,59,25:11,61.21%
65,Tony Torres,"Huntington Park, CA",141,25:15,8:08,M 13-19/8,M-17,60,25:19,52.30%
66,Carlos Uribe,"Pasadena, CA",144,25:27,8:12,M 65-99/2,M-69,61,25:28,69.23%
67,Salvador Arteaga,"Rancho Cucamonga, CA",434,25:37,8:15,M 40-44/9,M-41,62,25:46,52.55%
68,Minnie Flores,"Monterey Park, CA",327,25:39,8:16,F 30-34/1,F-30,6,25:42,54.86%
69,Ruben Silva,"Baldwin Park, CA",401,25:39,8:16,M 20-24/2,M-23,63,25:47,49.25%
70,Becky Parker,"Pasadena, CA",116,25:40,8:16,F 60-64/1,F-60,7,25:43,70.16%
71,Janet Uribe,"Pasadena, CA",145,25:58,8:22,F 35-39/1,F-37,8,25:59,55.27%
72,David Valdivia,"Norwalk, CA",147,26:08,8:25,M 1-12/1,M-11,64,26:16,57.94%
73,Fernando Baxter,"San Bernardino, CA",28,26:17,8:28,M 25-29/3,M-25,65,26:21,48.06%
74,Alex Alameda,"Downey, CA",13,26:22,8:29,M 35-39/10,M-38,66,26:30,50.02%
75,Miguel A Venegas,"Los Angeles, CA",421,26:23,8:30,M 40-44/10,M-41,67,26:25,51.02%
76,Julia Navarro,"Pico Rivera, CA",107,26:24,8:30,F 35-39/2,F-37,9,26:40,54.33%
77,Albert Carranza,"Whittier, CA",36,26:26,8:31,M 35-39/11,M-37,68,26:35,49.56%
78,Trevor Cevene,"Burbank, CA",252,26:52,8:39,M 35-39/12,M-38,69,27:03,49.08%
79,Naomi Ruiz,"Los Angeles, CA",430,27:02,8:42,F 40-44/1,F-40,10,27:05,54.07%
80,Santiago Salazar,"Downey, CA",133,27:04,8:43,M 35-39/13,M-39,70,27:10,49.05%
81,Jasminka Jurisaga,"Perris, CA",428,27:20,8:48,F 25-29/1,F-28,11,27:32,51.48%
82,Louis Gutierrez,"Los Angeles, CA",75,27:20,8:48,M 30-34/8,M-32,71,27:48,46.42%
83,Rudy Mendoza,"Los Angeles, CA",99,27:24,8:49,M 30-34/9,M-32,72,27:51,46.30%
84,Sandra Aguilar,"Corona, CA",12,27:31,8:52,F 30-34/2,F-30,12,27:37,51.13%
85,Araceli Acosta,"Los Angeles, CA",11,27:36,8:53,F 35-39/3,F-37,13,27:46,52.00%
86,Susan Thompson,"Whittier, CA",137,27:41,8:55,F 45-49/1,F-45,14,27:54,54.84%
87,Sandra Castillo-Angulo,"Whittier, CA",40,28:01,9:02,F 35-39/4,F-35,15,28:12,50.70%
88,Alvin Valdez,"Anaheim, CA",146,28:03,9:02,M 50-54/6,M-54,73,28:21,53.21%
89,Estela Urias,"South El Monte, CA",143,28:19,9:07,F 30-34/3,F-30,16,28:31,49.69%
90,Alex Topete,"Irvine, CA",315,28:22,9:08,M 25-29/4,M-26,74,28:28,44.53%
91,Stephanie Avila,"Irvine, CA",316,28:22,9:08,F 25-29/2,F-25,17,28:28,49.60%
92,Mike Lim,"Chino Hills, CA",90,28:51,9:17,M 50-54/7,M-52,75,29:10,50.82%
93,Annette Fuentes,"Downey, CA",60,29:05,9:22,F 30-34/4,F-31,18,29:10,48.38%
94,Miguel Coria,"Whittier, CA",46,29:12,9:24,M 25-29/5,M-27,76,29:34,43.26%
95,Kathleen Franco,"Manhattan Beach, CA",59,29:19,9:26,F 30-34/5,F-32,19,29:36,47.99%
96,Martha Villasenor,"Whittier, CA",153,29:19,9:27,F 25-29/3,F-28,20,29:42,47.99%
97,Mitchell Kander,"Studio City, CA",86,29:23,9:28,M 50-54/8,M-53,77,29:27,50.34%
98,Bertha Ruiz,"Montebello, CA",130,29:43,9:34,F 45-49/2,F-48,21,29:54,52.49%
99,Charlotte Beidelman,"San Marino, CA",31,29:44,9:35,F 60-64/2,F-61,22,30:00,61.46%
100,Jesus Gamez,"Riverside, CA",319,29:54,9:38,M 45-49/9,M-45,78,30:04,46.35%
101,Juan Carlos Torres,"Huntington Park, CA",140,30:02,9:40,M 45-49/10,M-48,79,30:04,47.22%
102,Dayami Lopez,"Los Angeles, CA",91,30:09,9:43,F 30-34/6,F-31,23,30:19,46.66%
103,Marilyn Falcon,"Los Angeles, CA",56,30:10,9:43,F 35-39/5,F-35,24,30:21,47.09%
104,Patricia Alvarez Rodriguez,"Bellflower, CA",14,30:11,9:43,F 55-59/1,F-57,25,30:34,57.24%
105,Jim Hahn,"Los Angeles, CA",333,30:22,9:47,M 40-44/11,M-41,80,30:32,44.33%
106,Francisco Javier Naranjo,"Chino, CA",106,30:27,9:48,M 60-64/4,M-61,81,30:31,52.52%
107,Brenda De Leon,"San Pedro, CA",49,30:34,9:51,F 35-39/6,F-38,26,30:51,47.22%
108,Artemisa Palafox-Castaneda,"Moreno Valley, CA",115,30:37,9:52,F 25-29/4,F-27,27,30:45,45.95%
109,Ligia Ubeda,"Rialto, CA",317,30:51,9:56,F 35-39/7,F-39,28,31:01,47.07%
110,Luis Eduardo Interiano,"Pico Rivera, CA",83,31:00,9:59,M 1-12/2,M-12,82,31:19,47.28%
111,Maria Villalobos,"Los Angeles, CA",304,31:36,10:11,F 30-34/7,F-33,29,31:42,44.57%
112,Leticia Arreola,"Commerce, CA",21,31:46,10:14,F 45-49/3,F-45,30,31:59,47.78%
113,Patricia Garcia,"Los Angeles, CA",66,31:48,10:15,F 40-44/2,F-40,31,32:03,45.96%
114,Deserie Bradvica,"Whittier, CA",33,32:03,10:19,F 35-39/8,F-38,33,32:15,45.03%
115,Sonia Ayala,"Los Angeles, CA",22,32:03,10:19,F 30-34/8,F-31,32,32:11,43.90%
116,Catherine Herrera,"La Verne, CA",79,32:05,10:20,F 20-24/1,F-23,34,32:15,43.85%
117,Caroline Bearden,"Pomona, CA",30,32:28,10:27,F 25-29/5,F-28,35,32:39,43.33%
118,Nicholas Nunez,"Bellflower, CA",111,32:29,10:28,M 20-24/3,M-20,83,32:51,39.26%
119,Samantha Dougherty,"Whittier, CA",425,32:46,10:33,F 13-19/2,F-19,36,33:02,43.46%
120,Adriana Diaz,"South El Monte, CA",52,32:56,10:36,F 30-34/9,F-33,37,33:08,42.77%
121,Miguel Venegas,"Los Angeles, CA",150,33:09,10:40,M 20-24/4,M-21,84,33:16,38.14%
122,Esther Valdivia,"Norwalk, CA",148,33:10,10:41,F 30-34/10,F-33,38,33:26,42.47%
123,Eloy C Vasquez,"El Monte, CA",407,33:16,10:43,M 40-44/12,M-41,85,33:32,40.46%
124,Juan Villegas,"Los Angeles, CA",155,33:20,10:44,M 13-19/9,M-13,86,33:27,42.77%
125,Steven Banuelos,"Pico Rivera, CA",23,33:30,10:47,M 1-12/3,M-9,87,33:49,49.19%
126,Rosemary Madnick,"Temple City, CA",96,33:30,10:47,F 35-39/9,F-39,39,33:33,43.34%
127,Minerva Ceballos,"Rancho Cucamonga, CA",42,33:31,10:48,F 30-34/11,F-31,40,33:45,41.97%
128,Sandra Rodriguez,"San Gabriel, CA",422,33:43,10:52,F 25-29/6,F-28,41,33:47,41.73%
129,Cynthia Rodriguez,"Rosemead, CA",423,33:44,10:52,F 01-12/2,F-11,42,33:47,47.63%
130,Hector Delgado,"South El Monte, CA",51,33:45,10:52,M 30-34/10,M-34,88,34:15,38.06%
131,Catherine Lamas,"Pico Rivera, CA",87,33:46,10:52,F 45-49/4,F-45,43,34:02,44.95%
132,Joelle Villagomez,"Montebello, CA",151,34:26,11:05,F 20-24/2,F-22,44,34:38,40.86%
133,Lizette Gastelum,"Downey, CA",69,34:27,11:06,F 25-29/7,F-25,45,34:39,40.84%
134,Rigoberto Machuca,"South El Monte, CA",411,34:36,11:08,M 25-29/6,M-29,89,34:56,36.50%
135,Anthony Argudo,"Baldwin Park, CA",260,34:44,11:11,M 13-19/10,M-14,90,34:56,39.28%
136,Michelle Mendoza,"Los Angeles, CA",98,35:02,11:17,F 30-34/12,F-34,46,35:36,40.36%
137,Maricela Gamez,"San Bernardino, CA",306,35:09,11:19,F 45-49/5,F-45,47,35:19,43.18%
138,Sabrina Lewis,"Montebello, CA",89,35:15,11:21,F 25-29/8,F-25,48,35:21,39.91%
139,Claudia Macias,"Downey, CA",95,36:01,11:36,F 30-34/13,F-30,49,1:08:24,39.04%
140,Mary Herrera,"Claremont, CA",80,36:11,11:39,F 55-59/2,F-55,50,36:22,46.54%
141,Rodrigo Marroquin,"El Monte, CA",404,36:12,11:39,M 65-99/3,M-77,91,36:22,55.12%
142,Ricardo Mojica,"Los Angeles, CA",102,36:19,11:42,M 25-29/7,M-25,92,36:27,34.78%
143,Darleen Villalobos,"Pico Rivera, CA",152,36:23,11:43,F 30-34/14,F-30,51,36:36,38.67%
144,Elisa Hernandez,"Montebello, CA",417,36:43,11:49,F 30-34/15,F-34,52,36:58,38.51%
145,George Flores,"Hacienda Heights, CA",414,36:46,11:50,M 40-44/13,M-44,93,36:51,37.41%
146,Alberta Mirisciotti,"Costa Mesa, CA",329,37:00,11:55,F 50-54/1,F-51,53,37:11,43.46%
147,Armando Salazar,"Huntington Park, CA",132,37:03,11:56,M 25-29/8,M-25,94,37:18,34.09%
148,Amy Lammayot,"Diamond Bar, CA",88,37:45,12:09,F 30-34/16,F-31,54,37:51,37.27%
149,Lucia Diaz,"South El Monte, CA",53,37:48,12:10,F 60-64/3,F-64,55,37:59,50.67%
150,Roman Gwin,"Burbank, CA",76,37:54,12:12,M 35-39/14,M-37,95,38:25,34.56%
151,Adrienne Mercado,"Arcadia, CA",100,38:14,12:19,F 01-12/3,F-11,56,38:22,42.02%
152,Guillermina Saenz,"Torrance, CA",131,38:17,12:20,F 35-39/10,F-37,57,38:22,37.48%
153,Christina Mercado,"Arcadia, CA",101,38:20,12:21,F 40-44/3,F-41,58,38:29,38.38%
154,Matthieu Munoz,"Whittier, CA",314,38:28,12:23,M 13-19/11,M-17,96,38:31,34.32%
155,Yolanda Sanchez,"Downey, CA",135,38:55,12:32,F 40-44/4,F-40,59,39:24,37.55%
156,Vicky Machuca,"South El Monte, CA",412,38:56,12:32,F 25-29/9,F-25,60,39:17,36.13%
157,Melissa Gallegos,"Pico Rivera, CA",62,38:59,12:33,F 01-12/4,F-10,61,39:19,42.55%
158,Leeann Gutierrez,"Pico Rivera, CA",74,39:00,12:34,F 01-12/5,F-10,62,39:20,42.53%
159,Lucy Armendariz,"Oakland, CA",20,39:02,12:34,F 35-39/11,F-37,63,39:20,36.76%
160,Frank Carreon III,"South El Monte, CA",37,39:07,12:36,M 30-34/11,M-34,97,39:27,32.84%
161,Yolanda Salinas,"Baldwin Park, CA",134,39:14,12:38,F 40-44/5,F-42,64,39:22,37.77%
162,Greg Gomez,"Pasadena, CA",73,39:22,12:41,M 60-64/5,M-61,98,39:44,40.62%
163,Connie Gomez,"Pasadena, CA",72,39:22,12:41,F 60-64/4,F-60,65,39:44,45.72%
164,Santiago Nieto,"Glendale, CA",110,39:53,12:51,M 50-54/9,M-52,99,40:07,36.76%
165,Fatima Nieto,"Glendale, CA",109,39:53,12:51,F 13-19/3,F-13,66,40:07,38.40%
166,Javier Pulido,"Montebello, CA",124,39:58,12:52,M 40-44/14,M-44,100,40:06,34.41%
167,Danny Argudo,"Baldwin Park, CA",263,39:59,12:52,M 35-39/15,M-39,101,40:12,33.20%
168,Andrew Argudo,"Baldwin Park, CA",261,40:00,12:53,M 13-19/12,M-16,102,40:13,33.52%
169,Lorraine Rocco,"Reseda, CA",127,40:14,12:57,F 40-44/6,F-41,67,40:27,36.57%
170,Gabriela Anzo,"Covina, CA",16,40:14,12:57,F 30-34/17,F-34,68,40:27,35.14%
171,Manuel Rodriguez,"Bellflower, CA",128,40:32,13:03,M 55-59/6,M-57,103,40:57,37.87%
172,Michael Contreras,"Los Angeles, CA",45,40:32,13:03,M 1-12/4,M-11,104,40:39,37.34%
173,Jasmin Childers,"Hesperia, CA",44,40:34,13:04,F 13-19/4,F-17,69,40:39,35.69%
174,Clementina Baxter,"San Bernardino, CA",26,40:38,13:05,F 50-54/2,F-51,70,41:03,39.57%
175,Christina Garcia,"West Covina, CA",332,41:38,13:24,F 40-44/7,F-40,71,41:45,35.10%
176,Margarita Ponce,"San Juan Capistrano, CA",308,41:57,13:30,F 30-34/18,F-34,72,42:06,33.71%
177,Margaret Pittman,"Los Angeles, CA",122,42:19,13:38,F 60-64/5,F-60,73,42:47,42.55%
178,Toni Perdomo,"Whittier, CA",119,42:20,13:38,F 35-39/12,F-36,74,42:47,33.71%
179,Ruby Villegas,"Santa Ana, CA",156,42:43,13:45,F 30-34/19,F-33,75,42:56,32.97%
180,Faith Fuentes,"Pico Rivera, CA",61,42:56,13:50,F 01-12/6,F-9,76,43:15,40.20%
181,Rosario Aranda,"Los Angeles, CA",17,43:07,13:53,F 20-24/3,F-22,77,43:41,32.63%
182,Veronica Armas,"Los Angeles, CA",19,44:53,14:27,F 30-34/20,F-31,78,45:01,31.34%
183,Fernando Baxter,"San Bernardino, CA",27,45:00,14:29,M 55-59/7,M-58,105,45:25,34.44%
184,Ruth Arellano,"Los Angeles, CA",18,45:05,14:31,F 40-44/8,F-41,79,45:19,32.63%
185,Maria Shaw,"Moreno Valley, CA",427,45:28,14:39,F 35-39/13,F-39,80,45:42,31.92%
186,Monique Flores,"Pico Rivera, CA",57,45:52,14:46,F 01-12/7,F-10,81,46:10,36.16%
187,Domenica Piumetti,"La Canada Flintridge, CA",123,46:02,14:49,F 30-34/21,F-30,82,46:09,30.56%
188,Vicki Hendrick,"Los Angeles, CA",77,46:11,14:52,F 40-44/9,F-44,83,46:43,32.59%
189,Ruth Munoz,"Pico Rivera, CA",105,46:40,15:01,F 01-12/8,F-10,84,46:57,35.54%
190,Teri English,"Los Angeles, CA",54,46:57,15:07,F 45-49/6,F-49,85,47:29,33.54%
191,Angelica Garcia,"South El Monte, CA",64,47:35,15:19,F 30-34/22,F-31,86,48:07,29.55%
192,Nina Padilla,"Huntington Park, CA",311,47:39,15:20,F 50-54/3,F-53,87,48:04,34.50%
193,Victor Perdomo,"Whittier, CA",120,49:08,15:49,M 40-44/15,M-40,106,49:35,27.20%
194,Christine Ayala,"Whittier, CA",307,49:41,16:00,F 35-39/14,F-38,88,49:46,29.04%
195,Sandy Weyant,"San Dimas, CA",419,49:55,16:04,F 45-49/7,F-49,89,50:11,31.55%
196,Ruth Macdougall,"Glendale, CA",94,49:57,16:05,F 60-64/6,F-60,90,50:10,36.04%
197,Sylvia Dougherty,"Whittier, CA",424,49:58,16:05,F 50-54/4,F-50,91,50:15,31.84%
198,Riley Mach,"San Gabriel, CA",256,50:02,16:07,M 1-12/5,M-12,107,50:10,30.25%
199,Felix Dominguez,"Montebello, CA",257,50:02,16:07,M 35-39/16,M-37,108,50:11,26.17%
200,Randell Gardner,"Clayton, CA",320,51:09,16:28,M 60-64/6,M-61,109,51:31,31.60%
201,Connie Baxter,"Brawley, CA",405,51:27,16:34,F 30-34/23,F-32,92,51:50,27.34%
202,Rebecca Gallegos,"Pico Rivera, CA",63,52:51,17:01,F 13-19/5,F-15,93,53:10,28.03%
203,Michael Gallegos,"Pico Rivera, CA",426,52:51,17:01,M 40-44/16,M-43,110,53:10,25.83%
204,Armida Ornelas,"Montebello, CA",113,53:22,17:11,F 35-39/15,F-37,94,53:41,26.88%
205,Monica Tamayo Ramirez,"Montebello, CA",125,53:23,17:11,F 35-39/16,F-36,95,53:42,26.73%
206,Deanna Hutchinson,"Pico Rivera, CA",82,53:29,17:13,F 65-99/1,F-67,96,53:50,37.71%
207,Macrina Isiordia,"Baldwin Park, CA",84,53:32,17:14,F 30-34/24,F-34,97,53:54,26.40%
208,Angel Benavente,"Pico Rivera, CA",32,54:54,17:41,M 65-99/4,M-70,111,55:09,32.53%
209,Cynthia Serrano,"El Monte, CA",322,55:06,17:44,F 30-34/25,F-32,98,55:23,25.53%
210,Pauline Munoz,"Pico Rivera, CA",104,56:18,18:08,F 35-39/17,F-38,99,56:45,25.63%
211,Frances Holguin,"Whittier, CA",313,58:57,18:59,F 65-99/2,F-75,100,59:15,40.35%
212,Gina Francis,"Walnut, CA",58,59:43,19:14,F 40-44/10,F-42,101,1:00:05,24.81%
213,Lisa Mendoza,"Azusa, CA",97,59:43,19:14,F 40-44/11,F-42,102,1:00:06,24.81%
214,Rudy Ortiz,"Montebello, CA",114,1:00:17,19:25,M 55-59/8,M-58,112,1:00:46,25.71%
