Place,Name,Location,Bib,Net Time,Pace,Division/Place,Sex-Age,Sex-Place,Gun Time,Age Grade
1,Dago Perez,"San Fernando, CA",559,28:24,5:43,M 40-44/1,M-42,1,28:24,80.31%
2,Kevin Baxter,"Simi Valley, CA",2120,28:45,5:47,M 35-39/1,M-37,2,28:45,76.56%
3,Rogelio Bautista Morales,"Los Angeles, CA",1586,29:01,5:51,M 40-44/2,M-43,3,29:01,79.32%
4,Jose Ricardo,"South Gate, CA",1936,29:02,5:51,M 45-49/1,M-47,4,29:13,81.56%
5,Tomas Reyes,"Van Nuys, CA",2154,29:18,5:54,M 40-44/3,M-42,5,29:21,77.75%
6,Carl Maravilla,"Redondo Beach, CA",2113,29:34,5:57,M 50-54/1,M-50,6,29:36,82.01%
7,Ruben Gomez,"San Fernando, CA",542,29:43,5:59,M 40-44/4,M-40,7,29:46,75.53%
8,Harjinder Singh,"Van Nuys, CA",2081,29:52,6:01,M 15-19/1,M-17,8,29:55,74.37%
9,Robert Franks,"Oxnard, CA",960,30:03,6:03,M 45-49/2,M-49,9,30:06,80.08%
10,Antonio Arevalo,"Pacoima, CA",2258,30:53,6:13,M 55-59/1,M-55,10,30:56,81.80%
11,Juan Carlos Molina,"Van Nuys, CA",2083,31:47,6:24,M 20-24/1,M-20,11,31:50,67.47%
12,Happy Happy,"Van Nuys, CA",2080,31:53,6:25,M 15-19/2,M-15,12,31:57,71.81%
13,Alan Rodriguez,"San Fernando, CA",564,32:02,6:27,M 40-44/5,M-42,13,32:04,71.11%
14,Jack Chispe,"Los Angeles, CA",880,32:08,6:28,M 25-29/1,M-27,14,32:16,66.01%
15,Carlos Magana,"North Hollywood, CA",1850,32:30,6:33,M 35-39/2,M-37,15,32:42,67.52%
16,Jeff Snyder,", CA",2064,32:34,6:34,M 50-54/2,M-53,16,32:38,76.29%
17,Jesse Hantla,"Los Angeles, CA",1735,32:41,6:35,M 25-29/2,M-25,17,32:46,64.90%
18,Julio Hernandez,"Arleta, CA",2002,32:49,6:37,M 35-39/3,M-37,18,32:52,66.87%
19,Christian Rojas,"Canoga Park, CA",2161,33:02,6:39,M 20-24/2,M-20,19,33:07,64.92%
20,Richard Valdez,"North Hollywood, CA",1927,33:14,6:42,M 40-44/6,M-41,20,33:17,68.04%
21,Bryan Unkeless,"Santa Monica, CA",1300,33:18,6:42,M 25-29/3,M-27,21,33:22,63.70%
22,Robb Briggs,"Glendale, CA",2097,33:21,6:43,M 40-44/7,M-41,22,33:26,67.80%
23,Chris Schuette,"Los Angeles, CA",1912,33:25,6:44,M 50-54/3,M-51,23,33:30,73.15%
24,Neal Karchem,"Tarzana, CA",1901,33:30,6:45,M 30-34/1,M-33,24,33:40,64.06%
25,Josef Cuneo,"Santa Monica, CA",2225,33:40,6:47,M 30-34/2,M-32,25,33:52,63.50%
26,Javier Sanchez,"Panorama City, CA",610,33:47,6:48,M 35-39/4,M-38,26,33:49,65.45%
27,James Stepan,"Northridge, CA",1266,33:52,6:49,M 55-59/2,M-56,27,33:57,75.23%
28,Balmore Palacios,"North Hills, CA",609,34:00,6:51,M 30-34/3,M-34,28,34:04,63.41%
29,Garrett Morris,"Encino, CA",1696,34:01,6:51,M 15-19/3,M-18,29,34:06,64.46%
30,Gabriel Aguilera,"San Fernando, CA",526,34:02,6:51,M 30-34/4,M-34,30,34:05,63.35%
31,Alexander Lamb,"Westchester, CA",1070,34:07,6:52,M 50-54/4,M-51,31,34:11,71.65%
32,Joel Givens,"Beverly Hills, CA",2205,34:08,6:52,M 30-34/5,M-33,32,34:17,62.87%
33,Edwin R Martinez,"Pacoima, CA",184,34:24,6:56,M 20-24/3,M-22,33,34:26,61.71%
34,Lisa Davis,"Inglewood, CA",2234,34:27,6:56,F 40-44/1,F-40,1,34:27,72.46%
35,Todd Covert,"Encino, CA",2102,34:31,6:57,M 45-49/3,M-49,34,34:35,69.71%
36,David Grethen,"Hermosa Beach, CA",1602,34:35,6:58,M 50-54/5,M-51,35,34:42,70.68%
37,James Shanks,"Sun Valley, CA",1657,34:53,7:01,M 55-59/3,M-59,36,35:58,74.95%
38,Hector Mejia,"Sylmar, CA",608,35:04,7:04,M 40-44/8,M-43,37,35:08,65.48%
39,Daniel Sivalingam,"Northridge, CA",1239,35:13,7:05,M 20-24/4,M-22,38,35:48,60.27%
40,Sean Clemens,"Reseda, CA",2088,35:18,7:06,M 40-44/9,M-43,39,35:18,65.04%
41,Jennifer Espinoza,"Sherman Oaks, CA",1911,35:19,7:07,F 40-44/2,F-44,2,35:42,72.95%
42,Christopher Hill,"Santa Ana, CA",1010,35:22,7:07,M 45-49/4,M-46,40,35:29,66.43%
43,Israel Sanchez,"Canyon Country, CA",2228,35:23,7:07,M 30-34/6,M-30,41,35:27,60.08%
44,Henry Fuentes,"North Hollywood, CA",2188,35:32,7:09,M 25-29/4,M-25,42,35:38,59.69%
45,Hovannes Dermenchyan,"North Hollywood, CA",94,35:33,7:09,M 20-24/5,M-24,43,35:41,59.66%
46,Rosa Melendez,"Reseda, CA",1124,35:36,7:10,F 35-39/1,F-38,3,35:36,69.47%
47,Cynthia Hong,"Los Angeles, CA",1736,35:41,7:11,F 30-34/1,F-31,4,35:41,67.87%
48,Steve Macpherson,"La Canada Flintridge, CA",2172,35:47,7:12,M 60-64/1,M-63,44,35:51,75.68%
49,Christopher Stetson,"San Fernando, CA",577,36:01,7:15,M 30-34/7,M-33,45,36:13,59.58%
50,Jonas Perez,"Van Nuys, CA",2239,36:04,7:16,M 40-44/10,M-43,46,36:10,63.66%
51,Eddie Shahrokh,"Sherman Oaks, CA",348,36:23,7:20,M 25-29/5,M-27,47,36:36,58.30%
52,Adam Yassaman,"Los Angeles, CA",597,36:25,7:20,M 25-29/6,M-25,48,36:37,58.24%
53,Greg Smith,"Naperville, il",2237,36:42,7:23,M 55-59/4,M-56,49,36:45,69.42%
54,Melanee Thys,"San Marcos, CA",1286,36:51,7:25,F 25-29/1,F-26,5,37:08,65.38%
55,Francisco Ocampo,"Northridge, CA",1926,36:54,7:26,M 50-54/6,M-53,50,37:00,67.33%
56,Jesus Arroyo,"Los Angeles, CA",820,37:02,7:27,M 45-49/5,M-46,51,37:18,63.44%
57,Raquel Gonzales,"Woodland Hills, CA",1835,37:06,7:28,F 30-34/2,F-34,6,37:34,65.39%
58,Asuncion Martinez,"Torrance, CA",1836,37:09,7:29,M 60-64/2,M-62,52,37:38,72.26%
59,Antonio Lopez,"North Hollywood, CA",607,37:10,7:29,M 35-39/5,M-38,53,37:14,59.49%
60,Tony Evans,"Sherman Oaks, CA",940,37:22,7:31,M 40-44/11,M-42,54,37:47,60.95%
61,Rev Hernandez,"Winnetka, CA",476,37:24,7:32,M 50-54/7,M-51,55,37:31,65.36%
62,Francisco Gamez,"San Fernando, CA",2109,37:26,7:32,M 60-64/3,M-63,56,37:31,72.34%
63,Tim Clunen,"Simi Valley, CA",884,37:26,7:32,M 25-29/7,M-29,57,37:49,56.70%
64,Aftab Husain,"Northridge, CA",1028,37:38,7:35,M 45-49/6,M-48,58,38:02,63.40%
65,Gabriel Legarreta,"Van Nuys, CA",1081,37:46,7:36,M 40-44/12,M-44,59,37:59,61.24%
66,Maria Bautista,"Canoga Park, CA",2191,38:13,7:42,F 25-29/2,F-26,7,38:25,63.05%
67,Dave Daigle,"santa monica, CA",1837,38:16,7:42,M 45-49/7,M-47,60,38:35,61.87%
68,Wilfredo Guillen,"Los Angeles, CA",2189,38:16,7:42,M 30-34/8,M-33,61,38:24,56.08%
69,Alejandra Trujillo,"Los Angeles, CA",1298,38:21,7:43,F 25-29/3,F-29,8,38:30,62.83%
70,Josue Huizar,"North Hills, CA",1415,38:25,7:44,M 01-14/1,M-14,62,38:39,60.72%
71,Ken Lewis,"Studio City, CA",1084,38:26,7:44,M 45-49/8,M-46,63,38:32,61.13%
72,Jose Huizar,"North Hills, CA",1417,38:31,7:45,M 35-39/6,M-36,64,38:45,56.58%
73,Javier Gonzalez,"Panorama City, CA",2209,38:31,7:45,M 40-44/13,M-44,65,38:35,60.04%
74,Lazaro Cuevas,"Los Angeles, CA",361,38:38,7:47,M 35-39/7,M-37,66,39:10,56.80%
75,Karen Olson,"Ventura, CA",1601,38:38,7:47,F 50-54/1,F-54,9,38:52,75.05%
76,Alexander Rosenblum,"Calabasas, CA",1206,38:39,7:47,M 25-29/8,M-25,67,39:06,54.87%
77,Luis Suarez,"Reseda, CA",1652,38:40,7:47,M 50-54/8,M-50,68,39:00,62.70%
78,Hans Unger,"Sylmar, CA",1555,38:47,7:49,M 65-69/1,M-67,69,38:51,72.44%
79,Daniel Gonzales,"San Fernando, CA",543,38:47,7:49,M 15-19/4,M-18,70,39:08,56.53%
80,Eric Zetterbaum,"Winnetka, CA",1721,38:59,7:51,M 40-44/14,M-42,71,39:11,58.43%
81,Myson Almendras,"Reseda, CA",1671,39:00,7:51,M 35-39/8,M-36,72,39:09,55.88%
82,Javier Hernandez,"Sun Valley, CA",1840,39:05,7:52,M 35-39/9,M-39,73,39:10,57.00%
83,Edwin Hernandez,"Sun Valley, CA",1839,39:06,7:52,M 01-14/2,M-14,74,39:11,59.66%
84,Igor Otkupman,"Granada Hills, CA",2133,39:16,7:54,M 30-34/9,M-32,75,39:28,54.44%
85,Ted Liu,"Alhambra, CA",1656,39:20,7:55,M 40-44/15,M-44,76,39:26,58.80%
86,Ihsiang Shu,"Pasadena, CA",2140,39:21,7:55,M 30-34/10,M-31,77,39:36,54.15%
87,Jay Torres,"La Crescenta, CA",2233,39:22,7:55,M 40-44/16,M-40,78,39:36,57.01%
88,John Kalinowski,"Los Angeles, CA",1046,39:30,7:57,M 50-54/9,M-53,79,39:51,62.90%
89,Angie Cruz,"Los Angeles, CA",145,39:30,7:57,F 20-24/1,F-20,10,39:34,61.04%
90,Daniel Tinoco,"Van Nuys, CA",1582,39:34,7:58,M 30-34/11,M-32,80,39:55,54.02%
91,Melvin Caballero,"Los Angeles, CA",1706,39:35,7:58,M 15-19/5,M-17,81,39:52,56.11%
92,Juan Flores,"Reseda, CA",522,39:36,7:58,M 20-24/6,M-24,82,39:36,53.56%
93,Leonard Kirschen,"Woodland Hills, CA",1066,39:37,7:59,M 30-34/12,M-33,83,39:58,54.17%
94,Dean Ylagan,"Pasadena, CA",432,39:37,7:59,M 45-49/9,M-47,84,39:51,59.76%
95,Eric Ambler,"Los Angeles, CA",811,39:38,7:59,M 20-24/7,M-22,85,40:03,53.55%
96,Michael Topp,"Van Nuys, CA",1290,39:39,7:59,M 60-64/4,M-63,86,39:46,68.29%
97,Sheryl McDonald,"Lake Balboa, CA",1740,39:46,8:00,F 45-49/1,F-45,11,40:12,65.37%
98,Angela Gonzalez,"Canyon Country, CA",981,39:55,8:02,F 25-29/4,F-27,12,39:57,60.36%
99,Lucio Rosario,"North Hollywood, CA",1908,39:58,8:03,M 55-59/5,M-59,87,40:01,65.42%
100,Julie Hardin,"Los Angeles, CA",1695,39:58,8:03,F 45-49/2,F-47,13,40:04,66.46%
101,Kim Givens,"Beverly Hills, CA",2204,40:02,8:04,F 30-34/3,F-32,14,40:18,60.35%
102,Mark Benavidez,"Santa Clarita, CA",835,40:03,8:04,M 35-39/10,M-35,88,40:36,54.12%
103,Giuliano Millan,"Van Nuys, CA",1126,40:04,8:04,M 01-14/3,M-12,89,40:18,61.01%
104,Duncan McCaig,"Houston, TX",1115,40:05,8:04,M 60-64/5,M-60,90,40:35,65.77%
105,Aubrey Husar,"Santa Fe, NM",2098,40:07,8:05,F 35-39/2,F-39,15,40:48,61.85%
106,William Graf,"Downey, CA",1937,40:09,8:05,M 50-54/10,M-54,91,40:24,62.42%
107,Gino Pellegrini,"Van Nuys, CA",1848,40:15,8:06,M 35-39/11,M-38,92,40:35,54.93%
108,Janett Cardiel,"Fontana, CA",346,40:20,8:07,F 25-29/5,F-26,16,40:44,59.74%
109,Perry Moore,"North Hollywood, CA",1134,40:23,8:08,M 50-54/11,M-52,93,40:34,61.02%
110,Earl Anunciado,"Downey, CA",817,40:27,8:09,M 30-34/13,M-32,94,40:35,52.84%
111,Harry Matundan,"Los Angeles, CA",2216,40:28,8:09,M 30-34/14,M-32,95,40:36,52.82%
112,Leo Ibanez,"Santa Monica, CA",2070,40:32,8:10,M 35-39/12,M-36,96,40:49,53.76%
113,Keith Crasnick,"Sunland, CA",895,40:38,8:11,M 50-54/12,M-54,97,40:59,61.67%
114,Antonio Espinoza,"Sylmar, CA",1856,40:42,8:12,M 20-24/8,M-22,98,40:52,52.15%
115,Thomas Kalinowski,"Reseda, CA",1047,40:42,8:12,M 25-29/9,M-27,99,41:04,52.11%
116,Raquel Axelrod,"Woodland Hills, CA",585,40:44,8:12,F 40-44/3,F-41,17,40:54,61.69%
117,Lazaro Hernandez,"San Fernando, CA",546,40:48,8:13,M 45-49/10,M-49,100,41:03,58.97%
118,Francesca Campisi,"Valencia, CA",1764,40:48,8:13,F 20-24/2,F-21,18,41:00,59.05%
119,Rebecca Granados,"Van Nuys, CA",989,41:04,8:16,F 30-34/4,F-34,19,41:38,59.07%
120,Anton Dembowski,"Los Angeles, CA",1405,41:08,8:17,M 30-34/15,M-34,101,41:32,52.41%
121,Mario Aguilar,"North Hollywood, CA",115,41:13,8:18,M 20-24/9,M-22,102,41:17,51.50%
122,Lorna Duyn,"Los Angeles, CA",931,41:13,8:18,F 35-39/3,F-38,20,41:39,59.83%
123,Patricia Bates,"Encino, CA",830,41:21,8:19,F 60-64/1,F-61,21,41:33,77.18%
124,Damian Carroll,"Van Nuys, CA",868,41:26,8:21,M 30-34/16,M-33,103,41:36,51.79%
125,Ana Tamayo,"Simi Valley, CA",1277,41:28,8:21,F 30-34/5,F-31,22,41:37,58.18%
126,James Carr,"Malibu, CA",866,41:30,8:21,M 55-59/6,M-59,104,41:37,63.00%
127,Jon Pfeiffer,"Malibu, CA",2174,41:30,8:21,M 50-54/13,M-51,105,41:37,58.90%
128,Jessica Wheal,"Encino, CA",1463,41:32,8:22,F 30-34/6,F-32,23,41:51,58.17%
129,Henry Alvarez,"Los Angeles, CA",116,41:35,8:22,M 15-19/6,M-19,106,41:40,52.09%
130,Monique Herrera,"Panorama City, CA",1818,41:41,8:24,F 20-24/3,F-24,24,41:57,57.80%
131,Max Walker,"Yorba Linda, CA",2212,41:43,8:24,M 30-34/17,M-33,107,42:17,51.44%
132,Jay J Ragasa,"Glendale, CA",1191,41:52,8:26,M 20-24/10,M-23,108,41:54,50.66%
133,Jessie Steinberg,"Northridge, CA",1264,41:53,8:26,F 20-24/4,F-24,25,42:19,57.52%
134,Jamie Artsis,"Chatsworth, CA",1833,41:53,8:26,M 20-24/11,M-24,109,42:19,50.64%
135,Aliaksei Rusin,"Woodland Hills, CA",349,41:56,8:26,M 25-29/10,M-28,110,42:24,50.58%
136,Martha Espinoza,"San Fernando, CA",538,41:58,8:27,F 40-44/4,F-42,26,42:41,60.35%
137,Judith Seeds Miller,"Encino, CA",1222,42:04,8:28,F 50-54/2,F-50,27,42:29,65.48%
138,Patricia Porcelli,"La Crescenta, CA",2147,42:11,8:30,F 40-44/5,F-42,28,42:47,60.04%
139,Matthew Ward,"Los Angeles, CA",2043,42:14,8:30,M 25-29/11,M-25,111,42:42,50.22%
140,Raquel Hazama,"Pasadena, CA",2146,42:15,8:30,F 45-49/3,F-46,29,42:51,62.19%
141,Claudia Kenny,"Woodland Hills, CA",2056,42:15,8:30,F 50-54/3,F-51,30,43:06,66.02%
142,Miguel Torres,"Lancaster, CA",239,42:19,8:31,M 15-19/7,M-19,112,42:27,51.18%
143,Brandy Finmark,"Sherman Oaks, CA",947,42:20,8:31,F 25-29/6,F-28,31,42:36,56.91%
144,Danny Weisberg,"Reseda, CA",1323,42:50,8:37,M 40-44/17,M-42,113,43:06,53.17%
145,Margaret Hardin,"Los Angeles, CA",996,42:51,8:38,F 35-39/4,F-37,32,43:13,57.28%
146,Frank Garrett,"Reseda, CA",2051,42:53,8:38,M 45-49/11,M-47,114,43:10,55.21%
147,Mark Whalen,"Downey, CA",2117,42:55,8:38,M 55-59/7,M-55,115,43:09,58.86%
148,Vladimir Esterkin,"Redondo Beach, CA",95,42:57,8:39,M 45-49/12,M-49,116,43:02,56.02%
149,Jeff Blattner,"Santa Monica, CA",1522,43:04,8:40,M 40-44/18,M-43,117,43:22,53.31%
150,Michael Teitell,"Tarzana, CA",1280,43:04,8:40,M 50-54/14,M-51,118,43:37,56.76%
151,Warren Mullisen,"Culver City, CA",1146,43:05,8:40,M 65-69/2,M-66,119,43:20,64.59%
152,Hilda Sinanian,"Tarzana, CA",1235,43:19,8:43,F 45-49/4,F-48,33,43:24,62.05%
153,Leslie Stepan,"Northridge, CA",1267,43:21,8:44,F 60-64/2,F-60,34,43:40,72.58%
154,Robert Hubbell,"Encino, CA",1021,43:25,8:44,M 50-54/15,M-53,120,43:51,57.22%
155,Gilbert Gomez,"Winnetka, CA",1861,43:27,8:45,M 30-34/18,M-33,121,43:38,49.39%
156,Elina Menkin,"Encino, CA",1125,43:31,8:46,F 25-29/7,F-27,35,43:42,55.36%
157,Robert Sobel,"Encino, CA",1248,43:32,8:46,M 50-54/16,M-52,122,43:53,56.61%
158,Hannah Spector,"Chatsworth, CA",1255,43:33,8:46,F 30-34/7,F-32,36,43:50,55.47%
159,Robin Rhys,"Van Nuys, CA",1751,43:34,8:46,F 25-29/8,F-26,37,43:43,55.30%
160,Carlos Carpio,"Van Nuys, CA",2269,43:37,8:47,M 01-14/4,M-14,123,43:46,53.48%
161,Kevin Kenny,"Woodland Hls, CA",2057,43:39,8:47,M 55-59/8,M-56,124,44:28,58.37%
162,Jerardo Arciniega,"North Hills, CA",34,43:41,8:48,M 25-29/12,M-28,125,43:58,48.55%
163,Michael Perez,"Imperial Beach, CA",213,43:46,8:49,M 20-24/12,M-24,126,44:01,48.46%
164,Daniel Marriage,"Reseda, CA",1107,43:46,8:49,M 55-59/9,M-55,127,43:59,57.71%
165,Chris Shrewsbury,"Pasadena, CA",430,43:58,8:51,M 40-44/19,M-43,128,44:11,52.22%
166,Anne Hamilton,"Woodland Hills, CA",995,43:58,8:51,F 20-24/5,F-22,38,44:17,54.80%
167,Kat Scudder,"North Hollywood, CA",1220,44:06,8:53,F 40-44/6,F-40,39,44:56,56.60%
168,Maricela Gomez,"Montrose, CA",979,44:06,8:53,F 30-34/8,F-32,40,44:15,54.78%
169,Gary Kuyumjian,"Burbank, CA",1068,44:06,8:53,M 40-44/20,M-42,129,44:31,51.64%
170,Gilbert Cartagena,"Chatsworth, CA",1719,44:08,8:53,M 50-54/17,M-51,130,44:57,55.38%
171,Steven Sitomer,"Santa Clarita, CA",1238,44:19,8:55,M 65-69/3,M-67,131,44:36,63.39%
172,Kelly Clark,", CA",971,44:21,8:56,M 60-64/6,M-61,132,44:29,60.00%
173,Reynaldo Martinez,"Pacoima, CA",187,44:24,8:56,M 50-54/18,M-52,133,44:26,55.50%
174,Sheri Ehlen,"Valencia, CA",933,44:26,8:57,F 45-49/5,F-48,41,44:46,60.49%
175,Felicia Holley,"La Crescenta, CA",429,44:29,8:57,F 40-44/7,F-42,42,44:43,56.93%
176,Larry Bowe,"Northridge, CA",2085,44:32,8:58,M 55-59/10,M-59,134,44:50,58.70%
177,Kelly Kurczca,"Agoura Hills, CA",2192,44:33,8:58,F 45-49/6,F-47,43,44:50,59.62%
178,Stephan Miskjian,"Glendale, CA",1129,44:39,8:59,M 45-49/13,M-45,135,45:24,52.20%
179,John Gilbert,"Sherman Oaks, CA",975,44:41,9:00,M 45-49/14,M-49,136,45:03,53.84%
180,Philip Ricchiazzi,"Pasadena, CA",1197,44:42,9:00,M 60-64/7,M-62,137,44:42,60.05%
181,Gloria Ricchiazzi,"Pasadena, CA",1196,44:42,9:00,F 50-54/4,F-50,44,44:42,61.62%
182,Macrey Dabu,"West Hills, CA",901,44:47,9:01,M 15-19/8,M-19,138,44:55,48.36%
183,Henry Liao,"Camarillo, CA",1690,44:48,9:01,M 35-39/13,M-35,139,44:48,48.38%
184,Kevin Hyderson,"Reseda, CA",1029,44:52,9:02,M 40-44/21,M-43,140,45:05,51.17%
185,Karen Crawford,"Santa Clarita, CA",896,44:55,9:03,F 50-54/5,F-53,45,45:25,63.70%
186,Roxanne Cherno,"Woodland Hills, CA",878,45:08,9:05,F 40-44/8,F-41,46,45:37,55.67%
187,Elizabeth Much,"Los Angeles, CA",1141,45:16,9:07,F 45-49/7,F-48,47,45:39,59.37%
188,Eric Steinhauer,"Encino, CA",2045,45:27,9:09,M 55-59/11,M-56,141,45:52,56.05%
189,Sasha Kasper,"Thousand Oaks, CA",1052,45:38,9:11,F 15-19/1,F-15,48,46:09,55.28%
190,Kennya Castillo,"Arleta, CA",2001,45:40,9:12,F 25-29/9,F-25,49,45:50,52.76%
191,Antonella Chispe,"Sherman Oaks, CA",879,45:42,9:12,F 20-24/6,F-22,50,45:59,52.72%
192,Cindy Malone,"Tarzana, CA",1096,45:44,9:13,F 40-44/9,F-41,51,46:20,54.92%
193,Vadee Punyanussoranee,"Granada Hills, CA",1593,45:47,9:13,F 25-29/10,F-29,52,46:22,52.62%
194,Dennis King,"Simi Valley, CA",174,45:48,9:13,M 25-29/13,M-28,142,45:51,46.31%
195,George Kita,"Pasadena, CA",2125,45:51,9:14,M 45-49/15,M-45,143,45:55,50.84%
196,Alfredo Fernandez,"Simi Valley, CA",944,45:55,9:15,M 45-49/16,M-47,144,46:13,51.56%
197,Lisa Henson,"Oxnard, CA",2137,45:59,9:15,F 40-44/10,F-44,53,46:27,56.02%
198,Barbara Kane,"Castaic, CA",1049,46:01,9:16,F 35-39/5,F-36,54,46:20,53.12%
199,David Fein,"Los Angeles, CA",649,46:01,9:16,M 30-34/19,M-32,145,46:34,46.45%
200,Lauren Eleuterio,"Woodland Hills, CA",648,46:01,9:16,F 25-29/11,F-25,55,46:34,52.34%
201,Mark Balbalec,"Van Nuys, CA",1435,46:04,9:16,M 30-34/20,M-30,146,46:39,46.15%
202,Kim Feinberg,"Woodland Hills, CA",942,46:09,9:17,F 35-39/6,F-39,56,46:40,53.76%
203,John Mark Esplana,"Burbank, CA",1460,46:11,9:18,M 25-29/14,M-28,147,46:21,45.92%
204,Angela Marcaccio,"Granada Hills, CA",1098,46:12,9:18,F 20-24/7,F-23,57,46:34,52.15%
205,Xin Chang Chan,"Winnetka, CA",875,46:15,9:19,F 50-54/6,F-50,58,46:54,59.55%
206,Shawn Tarkington,"Valencia, CA",2185,46:19,9:19,M 40-44/22,M-41,148,46:30,48.81%
207,Shelly Burns,"Calabasas, CA",1581,46:26,9:21,F 30-34/9,F-33,59,46:39,52.14%
208,Manuel Escalante,"North Hills, CA",936,46:29,9:21,M 45-49/17,M-47,149,46:59,50.93%
209,Cindy Hitchcock,"Reseda, CA",1013,46:36,9:23,F 35-39/7,F-39,60,47:12,53.24%
210,Steve Muller,"Los Angeles, CA",1145,46:45,9:25,M 40-44/23,M-42,150,47:09,48.72%
211,Ayme Alcaraz,"Van Nuys, CA",32,46:49,9:26,F 25-29/12,F-27,61,47:23,51.46%
212,Shella Manansala,"Reseda, CA",1673,46:50,9:26,F 30-34/10,F-33,62,46:58,51.69%
213,Rita Bagby,"Los Angeles, CA",2084,46:52,9:26,F 50-54/7,F-53,63,47:08,61.05%
214,Ted Gorton,"Pasadena, CA",988,46:57,9:27,M 40-44/24,M-43,151,47:16,48.90%
215,Roz Ushigome,"Los Angeles, CA",1302,46:58,9:27,F 35-39/8,F-37,64,47:16,52.25%
216,Vanessa Herrera,"Valley Village, CA",1917,47:10,9:30,F 35-39/9,F-38,65,47:21,52.28%
217,Kathie Murphy,"Granada Hills, CA",1148,47:12,9:30,F 50-54/8,F-54,66,47:39,61.43%
218,Anna Dermenchyan,"North Hollywood, CA",93,47:14,9:30,F 25-29/13,F-27,67,47:29,51.01%
219,Kevin Bell,"Santa Monica, CA",350,47:18,9:31,M 25-29/15,M-25,152,47:34,44.84%
220,Suzan Konell,"Redondo Beach, CA",289,47:20,9:32,F 50-54/9,F-52,68,47:32,59.67%
221,Arthur Freilich,"Chatsworth, CA",2031,47:25,9:33,M 70-74/1,M-74,153,48:11,64.59%
222,Terry Ventura,"Reseda, CA",2155,47:40,9:36,M 30-34/21,M-31,154,48:14,44.70%
223,Gustavo Gonzalez,"Sun Valley, CA",1858,47:44,9:36,M 20-24/13,M-22,155,47:54,44.46%
224,Nicholas Mason,"Porter Ranch, CA",523,47:44,9:37,M 20-24/14,M-22,156,47:44,44.46%
225,Claudia Segobia,"North Hills, CA",1224,47:45,9:37,F 30-34/11,F-34,69,47:53,50.80%
226,Jorge Cabrera,"Los Angeles, CA",1770,47:46,9:37,M 30-34/22,M-30,157,47:46,44.50%
227,Araceli Deanda,"Mission Hills, CA",911,47:46,9:37,F 35-39/10,F-38,70,48:02,51.62%
228,Nonita Velez,"Northridge, CA",1309,47:47,9:37,F 45-49/8,F-45,71,48:02,54.40%
229,Bianca Jzadeh,"Redondo Beach, CA",2069,47:48,9:37,F 55-59/1,F-55,72,48:00,61.46%
230,Nazbanoo Pahlavi,"Santa Monica, CA",29,47:49,9:37,F 30-34/12,F-30,73,48:06,50.38%
231,John Williams,"Culver City, CA",2112,47:49,9:38,M 70-74/2,M-73,158,48:04,63.08%
232,Christina Newhall,"Glendale, CA",1152,47:51,9:38,F 25-29/14,F-26,74,48:08,50.35%
233,Yan Esterkin,"Woodland Hills, CA",96,47:54,9:39,M 20-24/15,M-23,159,48:03,44.27%
234,Brandi Bounds,"Studio City, CA",2010,47:56,9:39,F 30-34/13,F-32,75,48:22,50.40%
235,Sue McKinnon,"Thousand Oaks, CA",1854,47:58,9:39,F 55-59/2,F-56,76,48:25,62.04%
236,Manuel Ruiz,"Chatsworth, CA",53,48:05,9:41,M 30-34/23,M-32,160,48:18,44.45%
237,Caroline Shahin,"Sylmar, CA",2019,48:05,9:41,F 50-54/10,F-51,77,48:32,58.01%
238,Stephanie Hiljus,"Chatsworth, CA",1009,48:06,9:41,F 35-39/11,F-35,78,48:37,50.61%
239,Scott Berger,"Calabasas, CA",836,48:12,9:42,M 25-29/16,M-26,161,48:40,44.00%
240,Avshalom Margalit,"North Hollywood, CA",1853,48:15,9:43,M 25-29/17,M-29,162,48:24,43.99%
241,Alex Warren,"Playa Vista, CA",1805,48:16,9:43,M 30-34/24,M-33,163,48:47,44.46%
242,Vanessa Gordon,"Venice, CA",1562,48:27,9:45,F 35-39/12,F-36,79,48:58,50.45%
243,Melissa Daley,"West Covina, CA",903,48:27,9:45,F 25-29/15,F-26,80,48:42,49.72%
244,Nicole Boole,"Whittier, CA",844,48:27,9:45,F 25-29/16,F-25,81,48:42,49.72%
245,Adriana Licerio,"Mission Hills, CA",79,48:30,9:46,F 30-34/14,F-31,82,48:53,49.74%
246,Vidala Pena,"Los Angeles, CA",1855,48:33,9:46,F 25-29/17,F-25,83,48:41,49.62%
247,Robin McConnell,"Woodland Hills, CA",1117,48:36,9:47,F 35-39/13,F-38,84,48:57,50.74%
248,Kristen Dial,"Granada Hills, CA",919,48:37,9:47,F 35-39/14,F-35,85,48:58,50.07%
249,Dwayne Garrett,"Van Nuys, CA",968,48:37,9:47,M 35-39/14,M-36,164,48:46,44.82%
250,Ysaac Tanjutco,"San Fernando, CA",579,48:39,9:48,M 35-39/15,M-36,165,49:28,44.79%
251,Suellen Lindquist,"Camarillo, CA",1088,48:44,9:49,F 50-54/11,F-51,86,49:12,57.24%
252,Angelica Chavez,"Oxnard, CA",2087,48:59,9:52,F 25-29/18,F-29,87,49:23,49.18%
253,Ruben Valerio,"Reseda, CA",751,49:03,9:52,M 01-14/5,M-13,166,49:13,48.61%
254,Sylvia Ortega,"Whittier, CA",1752,49:06,9:53,F 45-49/9,F-49,88,49:31,55.42%
255,Alan R Paredes,"Covina, CA",62,49:07,9:53,M 55-59/12,M-58,167,49:14,52.75%
256,Bradley Rosenblum,"Calabasas, CA",1207,49:09,9:54,M 25-29/18,M-26,168,49:37,43.15%
257,Danny Becker,"Agoura Hills, CA",832,49:09,9:54,M 25-29/19,M-26,169,49:37,43.15%
258,Claudio Hinojosa,"Sylmar, CA",606,49:11,9:54,M 50-54/19,M-50,170,49:19,49.29%
259,Dave Mallas,"Granada Hills, CA",2136,49:12,9:54,M 35-39/16,M-36,171,49:51,44.29%
260,Jacey Dexter,"Encino, CA",918,49:13,9:54,F 25-29/19,F-25,89,49:29,48.95%
261,Marga Feeney,"Reseda, CA",45,49:16,9:55,F 50-54/12,F-52,90,49:24,57.33%
262,Yarely Quirarte,"San Fernando, CA",2107,49:18,9:55,F 15-19/2,F-19,91,49:21,49.07%
263,Amber Huff,"Lancaster, CA",172,49:21,9:56,F 20-24/8,F-20,92,49:34,48.85%
264,Jennifer Galarze,"Lancaster, CA",963,49:22,9:56,F 20-24/9,F-20,93,49:34,48.83%
265,Pam Matsumoto,"Glendale, CA",2230,49:26,9:57,F 45-49/10,F-47,94,49:51,53.73%
266,Magaly Orejarena,"Winnetka, CA",1157,49:32,9:58,F 45-49/11,F-49,95,49:54,54.93%
267,Maria Lewis,"Woodland Hills, CA",1085,49:47,10:01,F 65-69/1,F-68,96,50:24,71.33%
268,Priscilla Lee,"Newbury Park, CA",1079,49:51,10:02,F 55-59/3,F-58,97,50:18,61.37%
269,Ellie Chamanara,"Encino, CA",874,49:53,10:02,F 35-39/15,F-35,98,50:01,48.80%
270,Diana Durfee,"Granada Hills, CA",930,49:57,10:03,F 50-54/13,F-50,99,50:25,55.14%
271,Daniel Moreno,"Monterey Park, CA",1137,50:00,10:04,M 35-39/17,M-37,172,50:41,43.88%
272,Leonarda Martinez,"Pacoima, CA",185,50:01,10:04,F 50-54/14,F-50,100,50:06,55.07%
273,Rene Vazquez,"South Gate, CA",1308,50:09,10:06,M 30-34/25,M-34,173,50:38,42.99%
274,Rosalie Garcia,"San Fernando, CA",965,50:09,10:06,F 25-29/20,F-28,101,50:38,48.04%
275,Angelica Godinez,"Arleta, CA",976,50:13,10:06,F 25-29/21,F-26,102,50:27,47.97%
276,Brad Delson,"Sherman Oaks, CA",914,50:26,10:09,M 30-34/26,M-32,174,50:51,42.38%
277,Vladimir Badong,"Canyon Country, CA",824,50:26,10:09,M 30-34/27,M-30,175,50:59,42.15%
278,Eli Pearlman,"Los Angeles, CA",1170,50:26,10:09,M 30-34/28,M-31,176,50:51,42.25%
279,Henry Camacho,"Rancho Cucamonga, CA",2126,50:30,10:10,M 35-39/18,M-37,177,50:36,43.45%
280,Edward Zippay,"Castaic, CA",1938,50:32,10:10,M 45-49/18,M-45,178,51:21,46.12%
281,Robert Gressis,"Northridge, CA",1680,50:32,10:10,M 30-34/29,M-34,179,50:50,42.66%
282,Telva Hernandez,"Sylmar, CA",1004,50:36,10:11,F 35-39/16,F-36,103,50:50,48.30%
283,Rosemarie Acosta,"Santa Monica, CA",2210,50:39,10:12,F 60-64/3,F-64,104,50:39,65.87%
284,Sarah Vidana,"Woodland Hills, CA",1311,50:43,10:13,F 45-49/12,F-45,105,51:05,51.25%
285,Andrew Almendras,"Reseda, CA",1672,50:50,10:14,M 30-34/30,M-31,180,50:57,41.92%
286,Melissa Watson,"Los Angeles, CA",1322,50:53,10:15,F 25-29/22,F-28,106,50:59,47.35%
287,Iosefa Alofaituli,"Placentia, CA",809,50:53,10:15,M 30-34/31,M-32,181,50:59,42.01%
288,Tawnee Terrones,"Van Nuys, CA",1753,50:57,10:15,F 15-19/3,F-17,107,51:10,48.30%
289,Isabel Diaz-Lara,"Arleta, CA",920,50:57,10:15,F 20-24/10,F-24,108,51:11,47.28%
290,Selena Spenard,"Simi Valley, CA",1258,51:00,10:16,F 25-29/23,F-28,109,51:16,47.24%
291,Kathleen Doheny,"Burbank, CA",922,51:00,10:16,F 60-64/4,F-61,110,51:19,62.57%
292,Veronique Cassidy,"San Fernando, CA",136,51:03,10:17,F 20-24/11,F-22,111,51:07,47.19%
293,Michael Bryan,"Northridge, CA",131,51:07,10:17,M 20-24/16,M-21,182,51:10,41.65%
294,Amy Nearhoof,"Sherman Oaks, CA",1521,51:14,10:19,F 30-34/15,F-33,112,51:24,47.25%
295,Byron Atkinson,"North Hills, CA",1524,51:16,10:19,M 40-44/25,M-41,183,51:25,44.10%
296,Ana Medrano,"Lancaster, CA",192,51:19,10:20,F 20-24/12,F-24,113,51:24,46.95%
297,Carlos Quiroz,"Northridge, CA",1190,51:21,10:20,M 25-29/20,M-25,184,51:52,41.30%
298,Jenilee Reeves,"Long Beach, CA",1499,51:23,10:21,F 25-29/24,F-29,114,51:40,46.89%
299,Glenn Morris,"Van Nuys, CA",1498,51:24,10:21,M 30-34/32,M-33,185,51:41,41.75%
300,Sara Chialtas,"Granada Hills, CA",1786,51:25,10:21,F 60-64/5,F-63,115,51:36,63.91%
301,Michael Polisky,"Glendale, CA",1184,51:28,10:22,M 35-39/19,M-35,186,51:48,42.11%
302,Daniel Goodkin,"Oak Park, CA",986,51:30,10:22,M 35-39/20,M-35,187,51:49,42.08%
303,Jane Pfeister,"Los Angeles, CA",1175,51:30,10:22,F 35-39/17,F-37,116,51:47,47.65%
304,Ann Dillenback,"Chatsworth, CA",2058,51:31,10:22,F 35-39/18,F-36,117,51:47,47.44%
305,Clemente Lara,"Reseda, CA",1919,51:57,10:27,F 45-49/13,F-47,118,51:57,51.12%
306,Ruby Rios,"Valley Village, CA",1920,51:57,10:27,F 25-29/25,F-28,119,52:30,46.37%
307,Edgardo Arana,"Panorama City, CA",818,51:59,10:28,M 20-24/17,M-22,188,52:10,40.83%
308,Jose Venegas,"Northridge, CA",317,51:59,10:28,M 45-49/19,M-47,189,52:35,45.54%
309,Frankie Andrade,"Glendale, CA",427,52:00,10:28,M 30-34/33,M-31,190,52:14,40.97%
310,Mayanan Martinez,"Mission Hills, CA",2223,52:22,10:33,F 30-34/16,F-34,120,52:36,46.32%
311,Rodolfo Vargas,"Lancaster, CA",240,52:23,10:33,M 25-29/21,M-25,191,52:29,40.48%
312,Judith Hinojosa,"Encino, CA",630,52:28,10:34,F 25-29/26,F-29,121,52:33,45.92%
313,Joey Bobrick,"Encino, CA",2036,52:30,10:34,M 35-39/21,M-38,192,52:40,42.11%
314,Maritza Artan,"Granada Hills, CA",821,52:31,10:34,F 40-44/11,F-40,122,52:40,47.52%
315,Jessica Ruiz,"Playa Del Rey, CA",52,52:33,10:35,F 20-24/13,F-24,123,52:46,45.84%
316,Michael Blaisdell,"North Hollywood, CA",838,52:36,10:35,M 25-29/22,M-25,193,53:01,40.32%
317,Mabel Amaya,"Granada Hills, CA",1907,52:49,10:38,F 30-34/17,F-33,124,53:11,45.83%
318,Nancy Futterman,"Calabasas, CA",961,52:55,10:39,F 50-54/15,F-54,125,53:16,54.79%
319,Colette Apelian,"Sherman Oaks, CA",1943,53:09,10:42,F 40-44/12,F-40,126,53:18,46.96%
320,Katherine Perez,"Van Nuys, CA",2241,53:12,10:43,F 01-14/1,F-13,127,53:18,48.86%
321,Michelle Penera,"North Hollywood, CA",212,53:14,10:43,F 25-29/27,F-27,128,53:20,45.26%
322,Lila Arriaga,"San Fernando, CA",1670,53:25,10:45,F 30-34/18,F-31,129,54:07,45.16%
323,Yolanda Abundiz,"Northridge, CA",804,53:28,10:46,F 40-44/13,F-42,130,54:00,47.37%
324,Rita Otkupman,"Granada Hills, CA",1159,53:29,10:46,F 25-29/28,F-29,131,53:40,45.04%
325,Douglas Flores,"Northridge, CA",954,53:29,10:46,M 45-49/20,M-46,194,54:01,43.92%
326,Joann Anderson,"Valencia, CA",1827,53:33,10:47,F 50-54/16,F-50,132,53:49,51.43%
327,Connie Tataje,"Hollywood, CA",56,53:42,10:49,F 25-29/29,F-28,133,54:17,44.86%
328,Celia Gonzalez,"Sherman Oaks, CA",982,53:44,10:49,F 30-34/19,F-31,134,53:59,44.90%
329,Amy Lagoy,"Woodland Hills, CA",1069,53:50,10:50,F 25-29/30,F-25,135,54:23,44.75%
330,Ron Canonigo,"Reseda, CA",858,53:55,10:51,M 35-39/22,M-39,195,54:36,41.31%
331,Peri Wright,"Studio City, CA",2009,54:04,10:53,F 50-54/17,F-52,136,54:30,52.24%
332,Susan Capps,"Simi Valley, CA",859,54:05,10:53,F 45-49/14,F-46,137,54:44,48.58%
333,Brenda Bol,"Arleta, CA",37,54:05,10:53,F 35-39/19,F-36,138,54:14,45.19%
334,Martin Duran,"Sherman Oaks, CA",1584,54:18,10:56,M 35-39/23,M-39,196,54:47,41.02%
335,Marla Willmott,"Los Angeles, CA",1333,54:24,10:57,F 40-44/14,F-40,139,55:09,45.88%
336,Shannon Naylor,"Chatsworth, CA",688,54:29,10:58,F 40-44/15,F-40,140,55:00,45.81%
337,Joy Seakit,"North Hollywood, CA",1221,54:33,10:59,F 25-29/31,F-26,141,54:45,44.16%
338,Michael Penera,"North Hollywood, CA",211,54:49,11:02,M 25-29/23,M-26,197,54:54,38.69%
339,Diana Pinwatana,"Northridge, CA",2250,54:59,11:04,F 25-29/32,F-27,142,55:33,43.81%
340,Xuan-Mai Vo,"Los Angeles, CA",1404,55:02,11:05,F 30-34/20,F-34,143,55:25,44.08%
341,Susan Deleon,"Los Angeles, CA",149,55:03,11:05,F 30-34/21,F-33,144,55:07,43.97%
342,Carrie Williams,"Sherman Oaks, CA",1331,55:09,11:06,F 35-39/20,F-35,145,55:28,44.14%
343,Daniel Prescott,"Tarzana, CA",1414,55:10,11:06,M 30-34/34,M-30,198,55:35,38.53%
344,Trish Garrett,"Van Nuys, CA",969,55:21,11:08,F 35-39/21,F-39,146,55:29,44.82%
345,Karina Carrera,"North Hollywood, CA",134,55:24,11:09,F 15-19/4,F-18,147,55:29,43.97%
346,Orlando Bohr,"Van Nuys, CA",843,55:41,11:13,M 65-69/4,M-65,199,55:45,49.52%
347,Alla Poberesky,"Santa Monica, CA",2131,55:45,11:13,F 25-29/33,F-27,148,55:59,43.21%
348,Nelson Quintanilla,"Los Angeles, CA",1187,55:45,11:13,M 35-39/24,M-39,200,55:59,39.95%
349,Bruce Rosenblum,"Calabasas, CA",1208,55:46,11:14,M 55-59/13,M-55,201,56:13,45.29%
350,Jacqueline Amaya,"South Gate, CA",2206,55:47,11:14,F 25-29/34,F-27,149,56:01,43.19%
351,Jose Gaytan,"Panorama City, CA",164,55:54,11:15,M 30-34/35,M-33,202,55:56,38.38%
352,Stephanie Haffner,"Long Beach, CA",364,56:02,11:17,F 40-44/16,F-40,150,56:34,44.54%
353,Ellen Silver,"Van Nuys, CA",1231,56:04,11:17,F 50-54/18,F-53,151,56:47,51.03%
354,Naomi Smith,"Los Angeles, CA",1245,56:14,11:19,F 25-29/35,F-25,152,56:30,42.84%
355,Katie Thompson,"Los Angeles, CA",1285,56:16,11:20,F 25-29/36,F-27,153,56:55,42.81%
356,Claudia Ventura,"Reseda, CA",2157,56:18,11:20,F 25-29/37,F-28,154,56:52,42.79%
357,Julia Quail,"Sylmar, CA",1722,56:19,11:20,F 25-29/38,F-26,155,56:57,42.78%
358,Shawn McEnnis,"Northridge, CA",1681,56:25,11:21,F 30-34/22,F-31,156,56:42,42.76%
359,David Betancourt,"Burbank, CA",2075,56:27,11:22,M 50-54/20,M-50,203,57:00,42.94%
360,Lawrence Curry,"Van Nuys, CA",697,56:41,11:25,M 25-29/24,M-28,204,57:14,37.41%
361,Henry Hernandez,"Van Nuys, CA",700,56:42,11:25,M 20-24/18,M-24,205,57:15,37.40%
362,Brian Williams,"Canoga Park, CA",1330,56:51,11:27,M 30-34/36,M-34,206,57:10,37.92%
363,Ahmad Daeenejad,"North Hills, CA",902,57:01,11:29,M 45-49/21,M-47,207,57:33,41.52%
364,Kathryn Linder,"Los Angeles, CA",1087,57:19,11:32,F 20-24/14,F-24,157,57:58,42.03%
365,Katie Pietrolungo,"Camarillo, CA",1177,57:22,11:33,F 30-34/23,F-30,158,57:45,41.99%
366,Kathie Rose,"Culver City, CA",1842,57:32,11:35,F 55-59/4,F-55,159,58:00,51.06%
367,Agnes Banfalvi,"Northridge, CA",1754,57:42,11:37,F 35-39/22,F-38,160,57:53,42.73%
368,Christy Jimenez,"Canoga Park, CA",1413,58:31,11:47,F 01-14/2,F-13,161,58:51,44.42%
369,Ellen Cervantes,"West Hills, CA",41,58:37,11:48,F 55-59/5,F-58,162,59:15,52.19%
370,Linda Simon,", CA",1353,58:44,11:49,F NoAge/0,F-0,163,58:59, 0.00%
371,Michelle Perez,"Van Nuys, CA",2240,58:46,11:50,F 15-19/5,F-15,164,58:51,42.92%
372,Mary Long,", CA",2063,59:01,11:53,F 65-69/2,F-67,165,59:29,59.21%
373,Wendy Alburez,"Canoga Park, CA",1493,59:06,11:54,F 30-34/24,F-30,166,59:15,40.76%
374,Michelle Courtenay,"Van Nuys, CA",1725,59:15,11:56,F 25-29/39,F-28,167,59:26,40.66%
375,Irene Martinez,"Wilmington, CA",1625,59:18,11:56,F 30-34/25,F-30,168,59:28,40.62%
376,Jessica Ward,"Simi Valley, CA",2054,59:36,12:00,F 25-29/40,F-28,169,1:00:09,40.42%
377,Maureen Lyons,"North Hollywood, CA",1093,59:51,12:03,F 50-54/19,F-53,170,1:00:24,47.80%
378,Suzan Lee,"Beverly Hills, CA",1080,59:55,12:04,F 55-59/6,F-58,171,1:00:28,51.06%
379,Dee Dee Urquhart,"West Hills, CA",1301,1:00:01,12:05,F 50-54/20,F-51,172,1:00:23,46.47%
380,Eileen Bryson,"Sherman Oaks, CA",852,1:00:17,12:08,F 45-49/15,F-49,173,1:00:54,45.13%
381,Carmen Hernandez,"Winnetka, CA",473,1:00:25,12:10,F 35-39/23,F-39,174,1:00:33,41.06%
382,Miriam Llamas,"Covina, CA",294,1:00:41,12:13,F 30-34/26,F-30,175,1:01:08,39.70%
383,Ryan Roman,"Anaheim, CA",300,1:00:42,12:13,M 30-34/37,M-30,208,1:01:08,35.02%
384,Timiko Martinez,"Sun Valley, CA",1749,1:01:04,12:17,F 45-49/16,F-45,176,1:01:17,42.56%
385,Gabriela Garcia,"South Gate, CA",1929,1:01:15,12:20,F 20-24/15,F-24,177,1:01:46,39.33%
386,Crystal Cardenas,"Sun Valley, CA",862,1:01:16,12:20,F 25-29/41,F-26,178,1:01:46,39.32%
387,Lizette Cardenas,"Sun Valley, CA",863,1:01:17,12:20,F 25-29/42,F-25,179,1:01:47,39.31%
388,Hina Fester,"Los Angeles, CA",945,1:01:21,12:21,F 40-44/17,F-43,180,1:01:52,41.60%
389,William Coutu,"Daytona Beach, FL",1595,1:01:24,12:21,M 45-49/22,M-46,209,1:01:48,38.26%
390,Marcelious Ross,"Palmdale, CA",1732,1:01:35,12:24,M 25-29/25,M-27,210,1:01:43,34.43%
391,Lila Lopez,"Reseda, CA",179,1:01:38,12:24,F 25-29/43,F-28,181,1:02:21,39.09%
392,Doug Jones,"Valley Village, CA",1909,1:01:42,12:25,M 50-54/21,M-52,211,1:01:55,39.94%
393,Juan Guiterrez,"Panorama City, CA",1427,1:02:15,12:32,M 45-49/23,M-48,212,1:02:58,38.32%
394,Christine Cohn,"Encino, CA",887,1:02:23,12:33,F 50-54/21,F-51,182,1:02:44,44.71%
395,Victoria Harmon,"Canoga Park, CA",2271,1:02:29,12:34,F 40-44/18,F-44,183,1:02:29,41.22%
396,Joyce Wong,"Glendale, CA",1337,1:02:35,12:36,F 30-34/27,F-34,184,1:03:10,38.76%
397,Laura Guerrero,"Pasadena, CA",48,1:02:35,12:36,F 40-44/19,F-43,185,1:03:09,40.78%
398,Jennifer Tam,"Burbank, CA",1276,1:02:35,12:36,F 30-34/28,F-33,186,1:03:10,38.68%
399,Amanda Evans,"Sherman Oaks, CA",938,1:03:00,12:41,F 15-19/6,F-17,187,1:03:25,39.06%
400,Sarita Wilson,"Van Nuys, CA",1433,1:03:25,12:46,F 20-24/16,F-23,188,1:03:25,37.99%
401,Daniel Edelson,"North Hollywood, CA",932,1:03:48,12:50,M 45-49/24,M-49,213,1:04:09,37.71%
402,Linda Greenub,"Simi Valley, CA",1944,1:04:25,12:58,F 50-54/22,F-50,189,1:05:06,42.75%
403,Lisa Thomas,"Los Angeles, CA",1667,1:04:26,12:58,F 30-34/29,F-31,190,1:05:10,37.44%
404,Olga Garcia,"Panorama City, CA",1425,1:04:30,12:59,F 35-39/24,F-37,191,1:05:11,38.05%
405,Christine Hernandez,"North Hills, CA",1930,1:05:35,13:12,F 35-39/25,F-37,192,1:06:30,37.42%
406,Sierra Hernandez,"North Hills, CA",1933,1:05:36,13:12,F 01-14/3,F-7,193,1:06:30,46.56%
407,Kenny Hernandez,"North Hills, CA",1934,1:05:36,13:12,M 40-44/26,M-44,214,1:06:30,35.25%
408,Felix Bada,"West Hills, CA",35,1:06:29,13:23,M 30-34/38,M-31,215,1:07:06,32.05%
409,Trudy Wiedoeft,"West Hills, CA",1803,1:07:03,13:30,F 75-99/1,F-81,194,1:07:25,67.23%
410,Renee Avitia Rodriguez,"Mission Hills, CA",2055,1:07:09,13:31,F 35-39/26,F-37,195,1:07:22,36.54%
411,Maciel Lisseth,"Canoga Park, CA",633,1:07:26,13:34,F 20-24/17,F-22,196,1:07:31,35.72%
412,Paul Smith,"Woodland Hills, CA",1246,1:07:48,13:39,M 40-44/27,M-40,216,1:08:12,33.10%
413,Miriam Evans,"Sherman Oaks, CA",939,1:07:55,13:40,F 50-54/23,F-51,197,1:08:22,41.07%
414,Ricardo Gomez,"Van Nuys, CA",165,1:08:21,13:45,M 25-29/26,M-25,217,1:08:26,31.02%
415,Cindy Cobos,"Lancaster, CA",628,1:08:24,13:46,F 20-24/18,F-23,198,1:08:30,35.22%
416,Heather Pauley,"Los Angeles, CA",1814,1:08:38,13:49,F 30-34/30,F-30,199,1:09:02,35.10%
417,Sarah Contant,"Los Angeles, CA",1402,1:08:39,13:49,F 25-29/44,F-29,200,1:09:01,35.09%
418,Yanira Morales,"San Fernando, CA",556,1:09:52,14:04,F 40-44/20,F-42,201,1:10:38,36.24%
419,Diana Morales,"San Fernando, CA",555,1:09:55,14:04,F 40-44/21,F-42,202,1:10:43,36.22%
420,Carlita Orellana,"San Fernando, CA",664,1:09:56,14:05,F 25-29/45,F-25,203,1:10:45,34.45%
421,Carina Prowell,"Shadow Hills, CA",1638,1:10:01,14:05,F 20-24/19,F-22,204,1:10:31,34.40%
422,Clara Abedian,"La Canada Flintridge, CA",1906,1:12:18,14:33,F 45-49/17,F-45,205,1:12:56,35.95%
423,Carmelita Dehaven,"Los Angeles, CA",1904,1:13:46,14:51,F 75-99/2,F-81,206,1:14:26,61.11%
424,Jon Neustadter,"Los Angeles, CA",1151,1:16:30,15:24,M 35-39/25,M-39,218,1:17:08,29.11%
425,Lee Lawlor,"Los Angeles, CA",1074,1:16:31,15:24,F 40-44/22,F-41,207,1:17:08,32.83%
426,Alejandro Diosdado,"Panorama City, CA",2091,1:17:54,15:41,M 01-14/6,M-8,219,1:17:54,35.91%
427,Veronica Sesma,"Reseda, CA",231,1:18:29,15:48,F 25-29/46,F-25,208,1:18:32,30.69%
428,Kendra Smith,"Reseda, CA",1244,1:19:42,16:02,F 30-34/31,F-32,209,1:20:06,30.31%
429,Michael Lerner,"Reseda, CA",1083,1:19:53,16:05,M 35-39/26,M-36,220,1:20:17,27.27%
430,Pamela Lopez,"North Hollywood, CA",1863,1:20:10,16:08,F 01-14/4,F-10,210,1:20:18,34.64%
431,Ann Charoensudjai,"Norwalk, CA",2042,1:21:51,16:28,F 30-34/32,F-32,211,1:22:28,29.51%
432,Susana Carrillo,"San Fernando, CA",529,1:21:52,16:29,F 30-34/33,F-30,212,1:22:03,29.42%
433,Imelda Delahoya,"San Fernando, CA",535,1:21:53,16:29,F 60-64/6,F-60,213,1:22:03,38.42%
434,Valerie Didomenico,"Granada Hills, CA",428,1:21:58,16:30,F 45-49/18,F-48,214,1:22:28,32.78%
435,Kathy Talbott,"La Crescenta, CA",431,1:22:00,16:30,F 45-49/19,F-49,215,1:22:30,33.18%
436,Shawna Gutierrez,"Canoga Park, CA",993,1:22:02,16:31,F 30-34/34,F-34,216,1:22:22,29.57%
437,Frida Lopez,"North Hollywood, CA",1862,1:25:11,17:09,M 01-14/7,M-12,221,1:25:19,28.69%
438,Jose Luis,"Pacoima, CA",2264,1:25:35,17:13,M 40-44/28,M-44,222,1:25:39,27.02%
439,Pilar Rios,"Reseda, CA",488,1:26:00,17:18,F 45-49/20,F-46,217,1:26:00,30.55%
440,Maria Ramirez,"Panorama City, CA",487,1:26:01,17:19,F 40-44/23,F-40,218,1:26:01,29.01%
441,Lianna Valdez,"Northridge, CA",1941,1:27:12,17:33,F 25-29/47,F-26,219,1:27:18,27.62%
442,Roxana Soriano,"Canoga Park, CA",1942,1:27:12,17:33,F 25-29/48,F-27,220,1:27:18,27.62%
443,Russell Greenub,"Simi Valley, CA",1945,1:28:05,17:44,M 15-19/9,M-17,223,1:28:47,25.21%
444,Hilda Rodriquez,"Panorama City, CA",2261,1:28:41,17:51,F 55-59/7,F-55,221,1:28:47,33.12%
445,Nancy Carrera,"North Hollywood, CA",135,1:28:53,17:53,F 25-29/49,F-26,222,1:28:57,27.10%
446,Monica Ledezma,"Arleta, CA",176,1:29:03,17:55,F 20-24/20,F-22,223,1:29:08,27.05%
447,Edna Thaniyaphol,"Sylmar, CA",1726,1:31:31,18:25,F 25-29/50,F-29,224,1:32:07,26.32%
448,Sherry Pinwatana,"Northridge, CA",1790,1:31:31,18:25,F 30-34/35,F-30,225,1:32:07,26.32%
449,Suchada Lerknant,"Tujunga, CA",1669,1:31:33,18:25,F 25-29/51,F-28,226,1:32:07,26.31%
