Bib,Name,Gender,Age,Hometown,Overall,Men,M Open,Age/Grade,Finish,Chip Time,Gun Time
111,Phillip Orr,M,46,"Riverside, CA",1 out of 98,1 out of 59,0 out of 0, 80.85% Place: 1,17:41 Pace: 5:42,17:41,17:41
120,Jaime Torres,M,49,"Fontana, CA",2 out of 98,2 out of 59,0 out of 0, 69.13% Place: 2,21:12 Pace: 6:50,21:11,21:12
50,Robin Lie,M,38,"Loma Linda, CA",3 out of 98,3 out of 59,0 out of 0, 63.54% Place: 5,21:12 Pace: 6:50,21:11,21:12
101,William Perez,M,35,"North Hollywood, CA",4 out of 98,4 out of 59,0 out of 0, 61.18% Place: 8,21:34 Pace: 6:57,21:34,21:36
42,Ben Hernandez Jr,M,34,"Rancho Cucamonga, CA",5 out of 98,5 out of 59,0 out of 0, 60.59% Place: 9,21:40 Pace: 6:59,21:40,21:40
106,Edgard Verdugo,M,25,"Unknown, CA",6 out of 98,6 out of 59,0 out of 0, 59.22% Place: 12,21:48 Pace: 7:01,21:48,21:55
59,Lizette Macias,F,18,"Pomona, CA",7 out of 98,1 out of 39,0 out of 0, 68.24% Place: 3,21:59 Pace: 7:05,21:57,21:59
104,Sherwin Smith,M,42,"San Bernardino, CA",8 out of 98,7 out of 59,0 out of 0, 62.76% Place: 6,22:06 Pace: 7:07,22:05,22:06
65,Luis Motta,M,35,"San Bernardino, CA",9 out of 98,8 out of 59,0 out of 0, 59.61% Place: 10,22:08 Pace: 7:08,22:08,22:27
13,Kahlil Amin,M,25,"Riverside, CA",10 out of 98,9 out of 59,0 out of 0, 57.80% Place: 14,22:20 Pace: 7:12,22:20,22:26
63,Jessica Moncayo,F,18,"Corona, CA",11 out of 98,2 out of 39,0 out of 0, 65.36% Place: 4,23:01 Pace: 7:25,22:55,23:01
58,Jonathan Machorro,M,21,"Alhambra, CA",12 out of 98,10 out of 59,0 out of 0, 55.94% Place: 17,23:10 Pace: 7:28,23:10,23:10
62,Farjad Mohammadi,M,20,"Alhambra, CA",13 out of 98,11 out of 59,0 out of 0, 54.76% Place: 21,23:49 Pace: 7:40,23:49,23:49
116,Antonio Rebollar,M,25,"Unknown, CA",14 out of 98,12 out of 59,0 out of 0, 53.97% Place: 23,23:55 Pace: 7:42,23:55,23:56
105,Damian Flores,M,35,"Riverside, CA",15 out of 98,13 out of 59,0 out of 0, 55.05% Place: 20,23:58 Pace: 7:43,23:58,23:58
129,Gregory Chambers,M,46,"Moreno Valley, CA",16 out of 98,14 out of 59,0 out of 0, 59.51% Place: 11,24:01 Pace: 7:44,24:01,24:09
115,Jose Gutierrez,M,55,"Hacienda Hgts, CA",17 out of 98,15 out of 59,0 out of 0, 62.76% Place: 7,24:30 Pace: 7:53,24:30,24:30
102,Chris Malcom,M,25,"Unknown, CA",18 out of 98,16 out of 59,0 out of 0, 52.16% Place: 29,24:45 Pace: 7:58,24:45,24:52
49,Spencer Lee,M,22,"Pomona, CA",19 out of 98,17 out of 59,0 out of 0, 50.72% Place: 31,25:27 Pace: 8:12,25:27,25:29
28,Vincent Chen,M,18,"Irvine, CA",20 out of 98,18 out of 59,0 out of 0, 52.39% Place: 28,25:28 Pace: 8:12,25:28,25:33
107,Mariappan Jawaharlal,M,48,"Diamond Bar, CA",21 out of 98,19 out of 59,0 out of 0, 55.94% Place: 16,25:58 Pace: 8:22,25:58,25:59
78,Juan Segoviano,M,25,"92274, CA",22 out of 98,20 out of 59,0 out of 0, 49.46% Place: 34,26:06 Pace: 8:24,26:06,26:12
52,John Long,M,25,"Fullerton, CA",23 out of 98,21 out of 59,0 out of 0, 49.33% Place: 35,26:10 Pace: 8:26,26:10,26:17
93,Nathan Wells,M,27,"San Marcos, CA",24 out of 98,22 out of 59,0 out of 0, 49.27% Place: 36,26:12 Pace: 8:26,26:12,26:17
110,Mike Aguilar,M,33,"Beaumont, CA",25 out of 98,23 out of 59,0 out of 0, 49.06% Place: 37,26:37 Pace: 8:34,26:37,26:43
45,Marcus James,M,20,"Murrieta, CA",26 out of 98,24 out of 59,0 out of 0, 48.60% Place: 38,26:50 Pace: 8:38,26:50,26:55
77,Justin Scheurer,M,23,"Yorba Linda, CA",27 out of 98,25 out of 59,0 out of 0, 47.90% Place: 40,26:57 Pace: 8:41,26:57,26:58
124,Ernest Figueroa,M,44,"Yucaipa, CA",28 out of 98,26 out of 59,0 out of 0, 52.07% Place: 30,27:02 Pace: 8:43,27:02,27:07
86,Hans Vandenberg,M,45,"Manhattan Beach, CA",29 out of 98,27 out of 59,0 out of 0, 52.43% Place: 27,27:04 Pace: 8:43,27:04,27:09
87,Rachel Vandenberg,F,45,"Manhattan Beach, CA",30 out of 98,3 out of 39,0 out of 0, 58.95% Place: 13,27:10 Pace: 8:45,27:06,27:10
128,Randy Lehmer,M,52,"Coto, CA",31 out of 98,28 out of 59,0 out of 0, 55.12% Place: 19,27:11 Pace: 8:45,27:11,27:17
16,Javier Arreguin,M,26,"Corona, CA",32 out of 98,29 out of 59,0 out of 0, 47.05% Place: 43,27:26 Pace: 8:50,27:26,27:35
67,Matthew Pasos,M,20,"Montebello, CA",33 out of 98,30 out of 59,0 out of 0, 47.31% Place: 41,27:34 Pace: 8:53,27:34,27:36
25,Oscar Castellanos,M,22,"Redlands, CA",34 out of 98,31 out of 59,0 out of 0, 46.77% Place: 44,27:36 Pace: 8:53,27:36,27:38
113,Sonya Pandian,F,0,", ",35 out of 98,4 out of 39,0 out of 0,27:42 Pace: 8:55,27:42,27:44
74,Alma Razo,F,36,"San Bernardino, CA",36 out of 98,5 out of 39,0 out of 0, 53.57% Place: 24,28:03 Pace: 9:02,28:03,28:08
68,Rachael Payan,F,27,"San Bernardino, CA",37 out of 98,6 out of 39,0 out of 0, 52.61% Place: 25,28:09 Pace: 9:04,28:09,28:13
36,Hannah Geiger,F,20,"Los Angeles, CA",38 out of 98,7 out of 39,0 out of 0, 52.61% Place: 26,28:09 Pace: 9:04,28:09,28:13
12,Janine Almanzor,F,46,"Riverside, CA",39 out of 98,8 out of 39,0 out of 0, 57.28% Place: 15,28:13 Pace: 9:05,28:10,28:13
32,Cheryl Donahue,F,44,"Loma Linda, CA",40 out of 98,9 out of 39,0 out of 0, 55.46% Place: 18,28:34 Pace: 9:12,28:32,28:34
123,David Griffin,M,40,"Unknown, CA",41 out of 98,32 out of 59,0 out of 0, 47.20% Place: 42,28:56 Pace: 9:19,28:56,28:58
100,Michael Cook,M,58,"Sn Bernardino, CA",42 out of 98,33 out of 59,0 out of 0, 54.15% Place: 22,29:08 Pace: 9:23,29:08,29:10
92,Sarah Watrous,F,23,"Riverside, CA",43 out of 98,10 out of 39,0 out of 0, 50.66% Place: 32,29:14 Pace: 9:25,29:14,29:21
64,Mario Montes,M,51,"Trabuco Canyon, CA",44 out of 98,34 out of 59,0 out of 0, 50.48% Place: 33,29:28 Pace: 9:29,29:28,29:30
76,Mauricio J Santos,M,27,"Glendale, CA",45 out of 98,35 out of 59,0 out of 0, 43.53% Place: 54,29:39 Pace: 9:33,29:39,29:46
44,Norman Ito,M,21,"Riverside, CA",46 out of 98,36 out of 59,0 out of 0, 43.63% Place: 53,29:42 Pace: 9:34,29:42,29:49
71,Edwin Quinonez,M,29,"Moreno Valley, CA",47 out of 98,37 out of 59,0 out of 0, 43.18% Place: 56,29:56 Pace: 9:38,29:56,30:06
21,Andrew Bui,M,25,"Rancho Cucamonga, CA",48 out of 98,38 out of 59,0 out of 0, 42.95% Place: 58,30:03 Pace: 9:41,30:03,30:04
27,Rosalva Chavez,F,19,"Riverside, CA",49 out of 98,11 out of 39,0 out of 0, 48.14% Place: 39,30:52 Pace: 9:56,30:52,30:57
41,Taylor Danger Henderson,M,24,"Claremont, CA",50 out of 98,39 out of 59,0 out of 0, 41.79% Place: 60,30:53 Pace: 9:57,30:53,31:07
83,Matt Theriault,M,27,"Riverside, CA",51 out of 98,40 out of 59,0 out of 0, 41.35% Place: 63,31:13 Pace: 10:03,31:13,31:22
96,Jarrid Wittkopf,M,21,"Corona, CA",52 out of 98,41 out of 59,0 out of 0, 41.48% Place: 61,31:14 Pace: 10:03,31:14,31:21
20,Joshua Brandt,M,26,"Grand Terrace, CA",53 out of 98,42 out of 59,0 out of 0, 40.89% Place: 65,31:34 Pace: 10:10,31:34,32:01
125,Austin Figueroa,M,25,"Unknown, CA",54 out of 98,43 out of 59,0 out of 0, 40.52% Place: 67,31:51 Pace: 10:15,31:51,31:56
73,Lauren Quiros,F,22,"Fullerton, CA",55 out of 98,12 out of 39,0 out of 0, 45.54% Place: 47,32:31 Pace: 10:28,32:31,32:31
66,Eric Noel,M,43,"Rancho Cucamonga, CA",56 out of 98,44 out of 59,0 out of 0, 42.95% Place: 57,32:32 Pace: 10:29,32:32,32:35
47,Jason Jung,M,24,"West Covina, CA",57 out of 98,45 out of 59,0 out of 0, 39.37% Place: 68,32:47 Pace: 10:33,32:47,32:51
97,Edwin Wolleson,M,54,"Corona, CA",58 out of 98,46 out of 59,0 out of 0, 46.33% Place: 45,32:54 Pace: 10:36,32:54,32:55
114,Marisela Frias,F,24,"Pomona, CA",59 out of 98,13 out of 39,0 out of 0, 44.98% Place: 48,32:55 Pace: 10:36,32:55,33:02
31,David Cwiertny,M,31,"Riverside, CA",60 out of 98,47 out of 59,0 out of 0, 39.23% Place: 69,33:04 Pace: 10:39,33:04,33:09
121,Melody Spetelstra,F,25,"Unknown, CA",61 out of 98,14 out of 39,0 out of 0, 44.74% Place: 49,33:06 Pace: 10:40,33:06,33:17
103,Bethany Richie,F,25,"Unknown, CA",62 out of 98,15 out of 39,0 out of 0, 44.29% Place: 50,33:26 Pace: 10:46,33:26,33:32
132,Rachael Richie,F,21,"Moreno Valley, CA",63 out of 98,16 out of 39,0 out of 0, 44.22% Place: 51,33:29 Pace: 10:47,33:29,33:35
26,Sirisak Chakavarnmongkol,M,22,"Riverside, CA",64 out of 98,48 out of 59,0 out of 0, 38.49% Place: 71,33:32 Pace: 10:48,33:32,33:40
18,Patricia Bernabe,F,30,"Riverside, CA",65 out of 98,17 out of 39,0 out of 0, 44.16% Place: 52,33:32 Pace: 10:48,33:32,33:38
70,Etta Pulce,F,41,"Fontana, CA",66 out of 98,18 out of 39,0 out of 0, 45.59% Place: 46,33:52 Pace: 10:55,33:52,33:52
130,Ashley Holecek,F,24,"Moreno Valley, CA",67 out of 98,19 out of 39,0 out of 0, 43.38% Place: 55,34:08 Pace: 11:00,34:08,34:19
29,Amanda Cobbs-Russell,F,20,"Murrieta, CA",68 out of 98,20 out of 39,0 out of 0, 42.94% Place: 59,34:29 Pace: 11:06,34:29,34:34
34,Cristina Gaytan,F,26,"Mira Loma, CA",69 out of 98,21 out of 39,0 out of 0, 41.48% Place: 62,35:42 Pace: 11:30,35:42,35:46
117,Jackie Argueta,F,25,"Unknown, CA",70 out of 98,22 out of 39,0 out of 0, 41.30% Place: 64,35:51 Pace: 11:33,35:51,35:56
55,Jesse Lozano,M,28,"Corona, CA",71 out of 98,49 out of 59,0 out of 0, 35.82% Place: 73,36:02 Pace: 11:36,36:02,36:06
88,Diego Vilesenor,M,21,"Riverside, CA",72 out of 98,50 out of 59,0 out of 0, 35.94% Place: 72,36:03 Pace: 11:37,36:03,36:06
79,Jeffrey Shaw,M,31,"Sun City, CA",73 out of 98,51 out of 59,0 out of 0, 35.72% Place: 74,36:19 Pace: 11:42,36:19,36:26
80,Jessica Shaw,F,30,"Sun City, CA",74 out of 98,23 out of 39,0 out of 0, 40.73% Place: 66,36:21 Pace: 11:42,36:21,36:25
35,Miguel Angel Gaytan,M,26,"Mira Loma, CA",75 out of 98,52 out of 59,0 out of 0, 34.86% Place: 76,37:01 Pace: 11:55,37:01,37:04
56,Gidti Ludesirishoti,M,24,"Riverside, CA",76 out of 98,53 out of 59,0 out of 0, 34.16% Place: 79,37:47 Pace: 12:10,37:47,37:54
72,Leanna Quinonez,F,29,"Moreno Valley, CA",77 out of 98,24 out of 39,0 out of 0, 38.86% Place: 70,38:06 Pace: 12:16,38:06,38:16
112,Rita Jawaharlal,F,0,", ",78 out of 98,25 out of 39,0 out of 0,41:09 Pace: 13:15,41:09,41:11
108,Martin Gawecki,M,25,"Unknown, CA",79 out of 98,54 out of 59,0 out of 0, 30.34% Place: 85,42:32 Pace: 13:42,42:32,42:37
19,Breanne Bornemann,F,28,"Hemet, CA",80 out of 98,26 out of 39,0 out of 0, 34.78% Place: 77,42:34 Pace: 13:42,42:34,42:37
133,Sherry Bramblett,F,25,"La Verne, CA",81 out of 98,27 out of 39,0 out of 0, 34.23% Place: 78,43:15 Pace: 13:55,43:15,43:42
38,Nora Gutierrez,F,27,"Hemet, CA",82 out of 98,28 out of 39,0 out of 0, 33.18% Place: 80,44:37 Pace: 14:22,44:37,44:39
89,Kelly Vong,F,26,"Ontario, CA",83 out of 98,29 out of 39,0 out of 0, 32.59% Place: 82,45:26 Pace: 14:38,45:26,45:30
84,Duc Tran,M,27,"West Covina, CA",84 out of 98,55 out of 59,0 out of 0, 28.39% Place: 90,45:27 Pace: 14:38,45:27,45:30
57,Linda Luu,F,23,"South El Monte, CA",85 out of 98,30 out of 39,0 out of 0, 32.48% Place: 83,45:35 Pace: 14:41,45:35,45:43
30,Marlen Cruz,F,28,"Norwalk, CA",86 out of 98,31 out of 39,0 out of 0, 32.40% Place: 84,45:42 Pace: 14:43,45:42,45:47
90,Kathy Watrous,F,52,"Simi Valley, CA",87 out of 98,32 out of 39,0 out of 0, 35.26% Place: 75,49:13 Pace: 15:51,49:13,49:22
127,Jamie Rivera,M,24,"Whittier, CA",88 out of 98,56 out of 59,0 out of 0, 25.49% Place: 95,50:38 Pace: 16:18,50:38,50:42
82,Vartan Tashjian,M,21,"Whittier, CA",89 out of 98,57 out of 59,0 out of 0, 25.56% Place: 94,50:41 Pace: 16:19,50:41,50:44
69,Arysbet Pena,F,25,"Tustin, CA",90 out of 98,33 out of 39,0 out of 0, 29.10% Place: 87,50:53 Pace: 16:23,50:53,50:54
85,Angel Valenzuela,F,22,"Rialto, CA",91 out of 98,34 out of 39,0 out of 0, 29.08% Place: 88,50:55 Pace: 16:24,50:55,51:01
54,Tanya Lopez,F,37,"Torrance, CA",92 out of 98,35 out of 39,0 out of 0, 28.54% Place: 89,52:52 Pace: 17:01,52:52,53:01
126,Michael Dominguez,M,24,"Fullerton, CA",93 out of 98,58 out of 59,0 out of 0, 24.41% Place: 96,52:52 Pace: 17:01,52:52,53:01
53,Sofia Lopez,F,27,"Torrance, CA",94 out of 98,36 out of 39,0 out of 0, 28.00% Place: 91,52:52 Pace: 17:01,52:52,53:02
33,Alicia Duran,F,53,"Montclair, CA",95 out of 98,37 out of 39,0 out of 0, 32.97% Place: 81,53:21 Pace: 17:11,53:21,53:26
91,Keith Watrous,M,48,"Simi Valley, CA",96 out of 98,59 out of 59,0 out of 0, 26.27% Place: 93,55:17 Pace: 17:48,55:17,55:27
131,Maria Granados,F,49,"Riverside, CA",97 out of 98,38 out of 39,0 out of 0, 30.19% Place: 86,55:23 Pace: 17:50,55:23,55:31
24,Andrea Carr,F,25,"San Marcos, CA",98 out of 98,39 out of 39,0 out of 0, 26.49% Place: 92,55:53 Pace: 18:00,55:53,56:08
