Place,Name,Location,Bib,Net Time,Pace,Division/Place,Sex-Age,Sex-Place,Gun Time,Age Grade
1,Jonathan Jimenez,"Monrovia, CA",345,18:24,5:56,M Open/0,M-28,1,18:24,70.17%
2,Colin Hurlbut,"Berkeley, CA",557,18:27,5:57,M Open/0,M-19,2,18:27,71.52%
3,Matt Huber,"La Verne, CA",556,18:37,6:00,M Open/0,M-17,3,18:37,72.65%
4,Anand Upadhyaya,"Pasadena, CA",75,18:49,6:04,M Open/0,M-17,4,18:57,71.81%
5,Jim Gould,"Valencia, CA",416,18:51,6:04,M Open/0,M-39,5,18:53,71.95%
6,Matthew Westenhaver,"Pasadena, CA",581,18:54,6:05,M Open/0,M-14,6,18:54,75.11%
7,Ashley Fisher,"Venice, CA",341,19:17,6:13,F Open/0,F-32,1,19:17,77.06%
8,Edith Martinez,"Atwood, CA",214,19:27,6:16,F Open/0,F-41,2,19:27,79.48%
9,James Marcin,"Irvine, CA",211,20:07,6:29,M Open/0,M-26,7,20:10,64.18%
10,Jesus Magana,"Fontana, CA",253,20:25,6:34,M Open/0,M-30,8,20:25,63.40%
11,Michael Defond,"La Canada, CA",152,20:57,6:45,M Open/0,M-14,9,20:58,67.75%
12,Jennifer Overlock,"Burbank, CA",658,20:59,6:45,F Open/0,F-33,3,20:59,73.05%
13,Donald Morrison,"Pasadena, CA",396,21:02,6:47,M Open/0,M-30,10,21:31,61.49%
14,Kate Evans,"South Pasadena, CA",514,21:10,6:49,F Open/0,F-13,4,21:12,75.49%
15,Annie King,"McAllen, TX",652,21:23,6:53,F Open/0,F-23,5,21:23,69.27%
16,Carolyn Sion,"Glendale, CA",312,21:23,6:53,F Open/0,F-39,6,21:24,71.24%
17,Denise Steuer,"Chino Hills, CA",477,21:28,6:55,F Open/0,F-34,7,21:30,69.46%
18,Maggie Beach,"La Crescenta, CA",311,21:28,6:55,F Open/0,F-37,8,21:29,70.32%
19,Steve Macpherson,", ",672,21:52,7:03,M Open/0,M-62,11,21:52,74.68%
20,Robert Pagan,"Los Angeles, CA",15,21:54,7:03,M Open/0,M-38,12,21:54,61.46%
21,Josh Mclaughlin,"El Segundo, CA",215,22:00,7:05,M Open/0,M-32,13,22:07,59.14%
22,Richard Zuniga,"Yucaipa, CA",497,22:08,7:08,M Open/0,M-35,14,22:18,59.61%
23,Daxton Hedge,"Sunland, CA",66,22:09,7:08,M Open/0,M-4,15,22:22, 0.00%
24,Eugenio Bobadilla,"Santa Fe Springs, CA",242,22:10,7:08,M Open/0,M-49,16,22:10,66.11%
25,Victor Chen,"Los Angeles, CA",549,22:11,7:09,M Open/0,M-35,17,22:47,59.47%
26,Larry Kao,"Los Angeles, CA",322,22:12,7:09,M Open/0,M-28,18,22:14,58.15%
27,Carmelo Morales,"Los Angeles, CA",249,22:15,7:10,M Open/0,M-29,19,22:18,58.10%
28,Hugo Perez,"La Puente, CA",606,22:16,7:10,M Open/0,M-29,20,22:44,58.05%
29,Ben Shih,"Los Angeles, CA",219,22:16,7:10,M Open/0,M-24,21,22:46,57.98%
30,Thomas Rubalcava,"El Segundo, CA",503,22:18,7:11,M Open/0,M-46,22,22:18,65.27%
31,Ryan Mark,"Saugus, CA",395,22:20,7:12,M Open/0,M-28,23,23:03,57.80%
32,Jodie Peyton,"Rancho Cucamonga, CA",566,22:34,7:16,F Open/0,F-42,9,22:34,71.00%
33,Gus Gomez,", ",5664,22:37,7:17,M Open/0,M-46,24,22:37,63.15%
34,Nick Trozzi,"Panorama City, CA",487,22:39,7:18,M Open/0,M-48,25,22:39,64.14%
35,Elizabeth Pelayo,"Long Beach, CA",60,22:40,7:18,F Open/0,F-35,10,23:12,66.00%
36,Monica Bouyea,"Pasadena, CA",387,22:45,7:20,F Open/0,F-17,11,23:10,66.50%
37,Rosemary Nutcher,"Riverside, CA",238,22:56,7:23,F Open/0,F-36,12,22:58,65.53%
38,Matt Schneider,"Los Angeles, CA",455,22:56,7:23,M Open/0,M-23,26,23:05,56.29%
39,Chris Rochin,", ",603,23:03,7:25,M Open/0,M-19,27,25:04,57.24%
40,Richard Aspey,"Diamond Bar, CA",661,23:19,7:31,M Open/0,M-58,28,23:19,67.62%
41,Monica Gonzalez,"La Habra Heights, CA",415,23:41,7:38,F Open/0,F-37,13,23:52,63.73%
42,Matthew Lewis,"Pasadena, CA",516,23:42,7:38,M Open/0,M-43,29,23:47,58.97%
43,Paul Halter,"La Crescenta, CA",254,23:47,7:40,M Open/0,M-46,30,23:47,60.10%
44,Cathy Strauss,"Montebello, CA",58,23:57,7:43,F Open/0,F-62,14,23:57,83.21%
45,Michael Garces,"La, CA",412,24:00,7:44,M Open/0,M-41,31,24:17,57.33%
46,Peter Jensen,"Burbank, CA",246,24:01,7:44,M Open/0,M-28,32,24:21,53.75%
47,Josh Lewis,"Pasadena, CA",515,24:01,7:44,M Open/0,M-13,33,24:01,60.42%
48,Robert Hughes,"Pasadena, CA",134,24:03,7:45,M Open/0,M-57,34,24:10,65.05%
49,Andrea Rupp,"Los Angeles, CA",571,24:04,7:45,F Open/0,F-34,15,24:11,61.95%
50,Jessica Uzcategui,"Pasadena, CA",447,24:05,7:45,F Open/0,F-33,16,24:09,61.77%
51,Raquel Villasenor,"Burbank, CA",394,24:09,7:47,F Open/0,F-30,17,24:13,61.33%
52,John Epperly,"Los Angeles, CA",409,24:18,7:50,M Open/0,M-30,35,24:59,53.26%
53,Bill Ihrke,"Costa Mesa, CA",217,24:23,7:51,M Open/0,M-37,36,24:51,54.79%
54,Donna Jackson,"Canyon Country, CA",597,24:25,7:52,F Open/0,F-41,18,24:33,63.25%
55,Anita Endjilian,"Glendale, CA",665,24:30,7:53,F Open/0,F-26,19,24:30,60.45%
56,Ted Barakat,"Los Angeles, CA",230,24:38,7:56,M Open/0,M-34,37,24:53,53.25%
57,Ed Dorio,"Los Angeles, CA",19,24:39,7:56,M Open/0,M-56,38,24:46,62.92%
58,Rohan Trikha,"Los Angeles, CA",445,24:46,7:59,M Open/0,M-26,39,24:56,52.12%
59,Cynthia Pearson,"South Pasadena, CA",495,24:47,7:59,F Open/0,F-26,20,24:57,59.76%
60,Hector Saldivar,"Ontario, CA",590,24:50,8:00,M Open/0,M-27,40,25:06,51.98%
61,Melissa Rivera,"Harbor City, CA",305,24:50,8:00,F Open/0,F-29,21,25:10,59.64%
62,Arcelia Gamez,"Brea, CA",480,24:58,8:03,F Open/0,F-40,22,25:04,61.46%
63,Daniel Zeddy,"Santa Clarita, CA",376,25:00,8:03,M Open/0,M-54,41,25:46,60.97%
64,Michael Sharrett,"Los Angeles, CA",573,25:02,8:04,M Open/0,M-43,42,25:11,55.83%
65,Deborah Rachlin Ross,"Pasadena, CA",599,25:04,8:05,F Open/0,F-50,23,25:10,67.53%
66,Mark Vesolowski,"Valencia, CA",507,25:10,8:07,M Open/0,M-54,43,25:14,60.53%
67,Nikolas Cervantes,"Diamond Bar, CA",519,25:13,8:07,M Open/0,M-14,44,25:30,56.28%
68,Paul Real,"Santa Monica, CA",485,25:16,8:08,M Open/0,M-38,45,25:37,53.27%
69,Dawn Yang,"Pasadena, CA",365,25:16,8:08,F Open/0,F-38,24,25:24,60.00%
70,Edwin Real,"Sun Valley, CA",223,25:17,8:08,M Open/0,M-41,46,25:37,54.42%
71,Karen Van Kirk,"Santa Monica, CA",98,25:20,8:09,F Open/0,F-45,25,25:54,63.07%
72,Shannon Franklin,"Tujunga, CA",411,25:21,8:10,F Open/0,F-44,26,25:26,62.43%
73,Angie Rivera,"Maywood, CA",192,25:22,8:10,F Open/0,F-24,27,25:25,58.38%
74,Antonio tony Alvarado,"Arleta, CA",593,25:23,8:10,M Open/0,M-33,47,25:40,51.45%
75,Hayden Picker,"Pasadena, CA",388,25:27,8:12,M Open/0,M-15,48,26:11,54.72%
76,Matthew Petrosky,"Santa Monica, CA",450,25:27,8:12,M Open/0,M-31,49,26:09,50.98%
77,Catherine Cassidy,"Los Angeles, CA",589,25:28,8:12,F Open/0,F-25,28,25:59,58.15%
78,George Huber,"La Verne, CA",555,25:29,8:13,M Open/0,M-54,50,25:35,59.82%
79,Rodney James Ross,"Pasadena, CA",600,25:29,8:13,M Open/0,M-23,51,25:35,50.65%
80,Spencer Audet,"Los Angeles, CA",655,25:31,8:13,M Open/0,M-20,52,25:31,51.11%
81,Elizabeth Heredia,"El Monte, CA",393,25:34,8:14,F Open/0,F-28,29,25:34,57.93%
82,Katy Eyer,"Van Nuys, CA",252,25:40,8:16,F Open/0,F-31,30,26:13,57.76%
83,Rachel Gallardo,"Upland, CA",504,25:42,8:17,F Open/0,F-16,31,26:49,59.57%
84,Adam Freer,"Los Angeles, CA",527,25:42,8:17,M Open/0,M-34,53,25:54,51.07%
85,Robin Manzer,"Santa Monica, CA",378,25:45,8:18,F Open/0,F-30,32,25:48,57.51%
86,Rebecca Bolander,"Corona, CA",247,25:46,8:18,F Open/0,F-41,33,25:50,59.94%
87,Jill Nakamura,"Encino, CA",502,25:47,8:18,F Open/0,F-41,34,26:21,59.90%
88,Benjamin Lohmann,"Valley Village, CA",403,25:48,8:19,M Open/0,M-28,54,26:14,50.03%
89,Frederick Rozo,"San Juan Capistrano, CA",570,25:53,8:20,M Open/0,M-57,55,25:57,60.40%
90,Adriana Valdez,"La Crescenta, CA",141,25:55,8:21,F Open/0,F-31,35,26:02,57.21%
91,Kaline Schultz,"Venice, CA",391,26:13,8:27,F Open/0,F-37,36,26:51,57.57%
92,Annelise Vanschoelandt,"Anaheim, CA",460,26:16,8:27,F Open/0,F-25,37,26:42,56.38%
93,Jason Yosinski,"Pasadena, CA",27,26:23,8:30,M Open/0,M-25,56,36:13,48.93%
94,Bob Petrovichp,"Sunland, CA",489,26:24,8:30,M Open/0,M-68,57,26:27,65.38%
95,Amy Pellma,"Arcadia, CA",490,26:25,8:30,F Open/0,F-48,38,26:29,62.56%
96,Beverly Halter,"La Crescenta, CA",255,26:25,8:31,F Open/0,F-51,39,26:28,64.90%
97,Mindy Toyosato,"Torrance, CA",576,26:29,8:32,F Open/0,F-25,40,29:55,55.92%
98,Callie Steele,"La Crescenta, CA",506,26:29,8:32,F Open/0,F-43,41,26:54,59.26%
99,Ashley Albert,"Altadena, CA",3,26:32,8:33,F Open/0,F-25,42,26:32,55.81%
100,Kellie Cowles,"Monrovia, CA",229,26:33,8:33,F Open/0,F-48,43,26:38,62.25%
101,Wendy Aldana,"Bell Gardens, CA",505,26:34,8:33,F Open/0,F-37,44,26:48,56.81%
102,Satoko Kuramoto,"Torrance, CA",558,26:34,8:33,F Open/0,F-25,45,30:00,55.74%
103,Jeremy Nabua,"Covina, CA",353,26:44,8:37,M Open/0,M-31,58,26:44,48.53%
104,Kent Hutchinson,"Sherman Oaks, CA",213,26:46,8:37,M Open/0,M-26,59,26:56,48.22%
105,Daniel Scaff,"La Crescenta, CA",382,26:50,8:39,M Open/0,M-39,60,26:55,50.53%
106,Beth Kelly,"Santa Monica, CA",324,26:54,8:40,F Open/0,F-28,46,27:08,55.05%
107,Donna Wilson-Ferguson,"Van Nuys, CA",582,26:56,8:40,F Open/0,F-36,47,27:22,55.79%
108,Nayiri Doudikian-Scaff,"La Crescenta, CA",380,26:57,8:41,F Open/0,F-38,48,27:02,56.25%
109,John Pedersen,"Los Angeles, CA",356,27:01,8:42,M Open/0,M-30,61,27:34,47.90%
110,Eric Aponte,"Anaheim, CA",143,27:02,8:42,M Open/0,M-23,62,27:26,47.75%
111,Miranda Henigman,"Saugus, CA",160,27:05,8:43,F Open/0,F-13,49,27:23,58.99%
112,Sabrina Sikes,"Los Angeles, CA",476,27:05,8:43,F Open/0,F-25,50,27:52,54.68%
113,Glenn Liu,"Rowland Hts, CA",560,27:06,8:44,M Open/0,M-47,63,27:25,53.17%
114,Jennifer Alexander,"Marina Del Rey, CA",542,27:09,8:45,F Open/0,F-34,51,27:20,54.91%
115,Jim Sevcik,"Woodland Hills, CA",440,27:09,8:45,M Open/0,M-47,64,27:17,53.04%
116,Nikolai Garcia,"Glendale, CA",413,27:10,8:45,M Open/0,M-7,65,27:25,65.56%
117,Walid Amiri,"West Covina, CA",392,27:17,8:47,M Open/0,M-38,66,27:17,49.33%
118,Troy Worley,"Arcadia, CA",592,27:28,8:51,M Open/0,M-10,67,28:19,57.50%
119,Devon Barnes,"Hermosa Beach, CA",545,27:29,8:51,F Open/0,F-30,52,27:39,53.88%
120,Riley Worley,"Arcadia, CA",591,27:29,8:51,F Open/0,F-12,53,28:20,59.28%
121,Jamie Miranda,"Los Angeles, CA",308,27:42,8:55,F Open/0,F-31,54,27:50,53.52%
122,Lisa Moshfegh,"Los Angeles, CA",226,27:52,8:58,F Open/0,F-27,55,28:11,53.14%
123,Jeffrey Eggleston,"Los Angeles, CA",61,27:54,8:59,M Open/0,M-42,68,28:24,49.67%
124,Kaity Pedersen,"Los Angeles, CA",357,27:56,9:00,F Open/0,F-26,56,28:29,53.01%
125,Angelica Dominguez,"West Covina, CA",207,27:56,9:00,F Open/0,F-29,57,28:02,53.01%
126,Elizabeth Roark,"Duarte, CA",439,27:58,9:00,F Open/0,F-41,58,28:08,55.22%
127,Ignacio Salinas,"South Gate, CA",601,27:59,9:01,M Open/0,M-58,69,29:20,56.38%
128,Thomas Roark,"Duarte, CA",475,28:00,9:01,M Open/0,M-39,70,28:09,48.42%
129,Raymond Cervantes,"Diamond Bar, CA",520,28:00,9:01,M Open/0,M-48,71,28:17,51.88%
130,Pamela Zurick,"Los Angeles, CA",584,28:01,9:01,M Open/0,M-0,72,28:25, 0.00%
131,Joanne Kim,"Pasadena, CA",666,28:01,9:01,F Open/0,F-28,59,28:35,52.86%
132,Austin Silva,"Corona, CA",443,28:10,9:04,M Open/0,M-13,73,28:13,51.51%
133,Timothy Chang,"Gardena, CA",40,28:13,9:05,M Open/0,M-29,74,30:14,45.78%
134,Mary Wall,"Burbank, CA",448,28:22,9:08,F Open/0,F-32,60,28:49,52.32%
135,Matthew Crisafulli,"Long Beach, CA",306,28:35,9:12,M Open/0,M-24,75,29:04,45.16%
136,Louise Oconnor,"Pasadena, CA",256,28:36,9:13,F Open/0,F-35,61,28:48,52.30%
137,Emma Lautanen,"El Segundo, CA",367,28:38,9:13,F Open/0,F-11,62,29:27,58.12%
138,Selina Soohoo,"Monterey Park, CA",37,28:43,9:15,F Open/0,F-53,63,28:45,61.23%
139,Bill Mckay,"Fern Park, FL",351,28:44,9:15,M Open/0,M-41,76,28:52,47.88%
140,Amy Rogers,"Huntington Beach, CA",193,28:44,9:15,F Open/0,F-30,64,28:56,51.54%
141,Paula Mix,"Fern Park, FL",352,28:44,9:15,F Open/0,F-39,65,28:52,53.05%
142,Jessica Lavoie,"Torrance, CA",559,29:05,9:22,F Open/0,F-22,66,29:46,50.92%
143,Karen Evans,"South Pasadena, CA",513,29:07,9:23,F Open/0,F-44,67,29:33,54.35%
144,Lorenzo Andarza,"Sherman Oaks, CA",486,29:07,9:23,M Open/0,M-44,77,30:07,48.34%
145,Eileen Joy Esporo,"San Jose, CA",340,29:08,9:23,F Open/0,F-35,68,29:48,51.35%
146,Walter Harris,"Sherman Oaks, CA",417,29:14,9:25,M Open/0,M-49,78,30:14,50.09%
147,Tonee Martin,"Pasadena, CA",423,29:14,9:25,F Open/0,F-20,69,29:40,50.66%
148,David Camacho,"Norwalk, CA",459,29:15,9:25,M Open/0,M-28,79,29:52,44.13%
149,Susan Arias,"Simi Valley, CA",319,29:17,9:26,F Open/0,F-27,70,29:23,50.57%
150,Trina Chakrabortty,"Santa Moniac, CA",379,29:17,9:26,F Open/0,F-24,71,29:48,50.57%
151,Meghan Sheehan,"Van Nuys, CA",251,29:17,9:26,F Open/0,F-24,72,29:50,50.57%
152,Pam Matsumoto,"Glendale, CA",660,29:18,9:26,F Open/0,F-46,73,30:56,55.09%
153,Barbara Young,"Glendale, CA",449,29:24,9:28,F Open/0,F-40,74,29:57,52.18%
154,Jade Quon,"Playa Del Rey, CA",567,29:25,9:28,F Open/0,F-34,75,30:19,50.68%
155,Nancy Aponte,"Anaheim, CA",144,29:32,9:31,F Open/0,F-25,76,29:56,50.14%
156,Tony Milici,"Los Angeles, CA",181,29:48,9:36,M Open/0,M-44,80,35:17,47.23%
157,Geraldine Otero,"Malibu, CA",587,29:48,9:36,F Open/0,F-37,77,30:07,50.62%
158,Nanette Luna,"La Verne, CA",383,29:49,9:36,F Open/0,F-32,78,30:29,49.78%
159,Judi Miller,"Canyon Country, CA",243,29:51,9:37,F Open/0,F-43,79,30:04,52.57%
160,Helen Mchugh,"Santa Monica, CA",659,29:52,9:37,F Open/0,F-39,80,30:01,51.03%
161,Adi Oz,"Stevenson Ranch, CA",434,29:52,9:37,F Open/0,F-11,81,35:28,55.72%
162,Ian Manzer,"Santa Monica, CA",4,29:53,9:37,M Open/0,M-40,81,29:57,45.70%
163,Karyn Grime,"Pasadena, CA",159,29:54,9:38,F Open/0,F-45,82,30:20,53.43%
164,Gavy Broyles-Navarro,"Oakhurst, CA",150,30:00,9:40,F Open/0,F-37,83,30:27,50.31%
165,Graham Mosley,"Moorpark, CA",90,30:03,9:41,M Open/0,M-12,82,30:16,49.50%
166,Emily Kosloski,"Los Angeles, CA",171,30:03,9:41,F Open/0,F-35,84,30:12,49.78%
167,Michael Blum,"Monrovia, CA",17,30:08,9:42,M Open/0,M-70,83,30:11,58.55%
168,Julie Bamberger,"Pasadena, CA",544,30:18,9:46,F Open/0,F-37,85,30:26,49.81%
169,Hope Federico,"South Pasadena, CA",235,30:26,9:48,F Open/0,F-62,86,30:32,65.42%
170,Mary Kincaid,"South Pasadena, CA",656,30:26,9:48,F Open/0,F-58,87,30:38,61.77%
171,Susan Kigawa,"Beverly Hills, CA",170,30:35,9:51,F Open/0,F-36,88,30:40,49.13%
172,Ryan Barton,"Lakewood, CA",245,30:37,9:52,M Open/0,M-18,84,30:42,43.57%
173,Sean Viramontez,"Monriva, CA",18,30:38,9:52,M Open/0,M-31,85,30:41,42.35%
174,Linda Pura,"Los Angeles, CA",1,30:48,9:55,F Open/0,F-66,89,31:19,68.65%
175,Linda Hasunuma,"Burbank, CA",342,30:48,9:55,F Open/0,F-36,90,31:44,48.78%
176,Matt Torres,"Fountain Valley, CA",250,30:51,9:56,M Open/0,M-21,86,31:06,42.00%
177,Jennifer Tyron,"Los Angeles, CA",446,31:03,10:00,F Open/0,F-38,91,31:51,48.82%
178,Alyson Pryor,"Whittier, CA",191,31:03,10:00,F Open/0,F-30,92,31:04,47.69%
179,Edy Trujillo,"Los Angeles, CA",499,31:04,10:00,F Open/0,F-33,93,31:12,47.88%
180,Linda Campo,"Glendale, CA",216,31:05,10:01,F Open/0,F-47,94,31:05,52.52%
181,Stephanie Johnson,"Fallon, NV",168,31:05,10:01,F Open/0,F-27,95,31:41,47.61%
182,Susan White,"Altadena, CA",479,31:16,10:04,F Open/0,F-54,96,31:23,56.96%
183,Lynn Granzyk,"Brookfield, IL",554,31:18,10:05,F Open/0,F-38,97,31:27,48.43%
184,Yesmin Garcia,"Chino, CA",461,31:18,10:05,F Open/0,F-21,98,31:49,47.31%
185,John Guzman,"Baldwin Park, CA",327,31:19,10:05,M Open/0,M-35,87,31:55,42.12%
186,Olivia Ortiz,"Los Angeles, CA",400,31:20,10:05,F Open/0,F-26,99,34:19,47.26%
187,Janey Ellis,"Santa Monica, CA",114,31:31,10:09,F Open/0,F-28,100,33:10,46.98%
188,Gene Davis,"Santa Monica, CA",113,31:31,10:09,M Open/0,M-37,88,33:11,42.38%
189,Elizabeth Nelson,"Los Angeles, CA",354,31:32,10:09,F Open/0,F-26,101,32:05,46.93%
190,Sarah Salas,"Rowland Heights, CA",457,31:58,10:18,F Open/0,F-12,102,31:58,50.94%
191,Armando Villanueva,"Whittier, CA",402,32:00,10:18,M Open/0,M-21,89,32:00,40.49%
192,Beth Webb,"Pasadena, CA",363,32:00,10:18,F Open/0,F-52,103,32:24,54.25%
193,Nadine Solis,"El Segundo, CA",454,32:13,10:23,F Open/0,F-43,104,32:37,48.71%
194,Edward Pinos,"Granada Hills, CA",103,32:20,10:25,M Open/0,M-11,90,32:21,47.34%
195,Sherman Yang,"Diamond Bar, CA",583,32:20,10:25,M Open/0,M-22,91,33:02,39.92%
196,Sally Shampine,"Ventura, CA",572,32:22,10:26,F Open/0,F-71,105,32:36,70.84%
197,Kelly Campbell,"Studio City, CA",335,32:28,10:27,F Open/0,F-28,106,32:41,45.61%
198,Andres Acosta,"Los Angeles, CA",206,32:34,10:29,M Open/0,M-18,92,32:40,40.96%
199,Marilyn Jones,", ",6,32:36,10:30,F Open/0,F-66,107,32:51,64.83%
200,Kaleigh Bueckert,"Pasadena, CA",526,32:47,10:33,F Open/0,F-16,108,33:13,46.69%
201,Kathleen Morris,"Altadena, CA",563,32:49,10:34,F Open/0,F-47,109,33:32,49.75%
202,Christine Dadourian,"Los Angeles, CA",339,32:52,10:35,F Open/0,F-23,110,33:04,45.05%
203,Cindy Diep,"Chino Hills, CA",552,32:53,10:35,F Open/0,F-27,111,33:30,45.03%
204,Ngoc Nguyen,"Los Angeles, CA",186,32:56,10:36,F Open/0,F-27,112,33:56,44.96%
205,Leslie Hunter,"Culver City, CA",399,32:57,10:37,F Open/0,F-45,113,34:45,48.46%
206,Michael Ferretti,"Santa Monica, CA",398,32:57,10:37,M Open/0,M-37,93,34:46,40.52%
207,Sonia Ottusch,"Malibu, CA",325,33:00,10:38,F Open/0,F-49,114,33:00,50.68%
208,Julia Paige,"Los Angeles, CA",662,33:06,10:40,F Open/0,F-44,115,33:29,47.81%
209,Daniel Spangler,"Los Angeles, CA",663,33:06,10:40,M Open/0,M-35,94,33:28,39.85%
210,Mcvincent Obando,"Panorama City, CA",431,33:11,10:41,M Open/0,M-25,95,35:12,38.89%
211,Jennifer Morales,"Camarillo, CA",426,33:20,10:44,F Open/0,F-32,116,34:08,44.52%
212,Debra Rosen,"San Fernando, CA",35,33:20,10:44,F Open/0,F-52,117,33:46,52.08%
213,Diana Baima,"Whittier, CA",333,33:23,10:45,F Open/0,F-29,118,33:24,44.36%
214,Eliz Drake,"San Gabriel, CA",231,33:29,10:47,F Open/0,F-49,119,33:36,49.95%
215,Olga Garcia,"Alhambra, CA",244,33:41,10:51,F Open/0,F-39,120,34:13,45.25%
216,Lane Watterson,"Los Angeles, CA",205,33:47,10:53,F Open/0,F-30,121,36:20,43.83%
217,Ed Schoenberg,"Los Angeles, CA",220,33:57,10:56,M Open/0,M-56,96,34:06,45.68%
218,Sandy Puljic,"Pasadena, CA",491,34:17,11:02,F Open/0,F-32,122,34:21,43.29%
219,Avalon Economou,"Los Angeles, CA",408,34:27,11:06,F Open/0,F-37,123,38:00,43.80%
220,Becky Pope,"San Dimas, CA",482,34:36,11:08,F Open/0,F-47,124,34:45,47.18%
221,Linda Lee,"Monterey Park, CA",348,34:39,11:10,F Open/0,F-30,125,35:19,42.73%
222,Eddie Ryan,"Pasadena, CA",72,34:54,11:14,M Open/0,M-16,97,35:37,39.27%
223,Jessica Aichs,"Los Angeles, CA",309,34:56,11:15,F Open/0,F-30,126,35:24,42.39%
224,Jessica Yu,"Arcadia, CA",366,35:14,11:21,F Open/0,F-27,127,35:53,42.03%
225,Stefanie Marquez,"Venice, CA",369,35:35,11:28,F Open/0,F-26,128,36:04,41.59%
226,Eulah Holland,"Altadena, CA",657,35:40,11:29,F Open/0,F-60,129,35:47,54.23%
227,Annette Martinson,"Pasadean, CA",508,35:42,11:30,F Open/0,F-56,130,35:49,51.24%
228,Tiffany Rutkoske,"Castaic, CA",194,35:46,11:31,F Open/0,F-34,131,37:07,41.68%
229,Tania De La O,Onta
