Place,Name,Location,Bib,Net Time,Pace,Division/Place,Sex-Age,Sex-Place,Gun Time,Age Grade
1,Gengyzkan Martinez,"Highland, CA",469,16:33,5:20,M Open/0,M-24,1,16:33,78.02%
2,Jeff Ambos,"Riverside, CA",325,16:50,5:26,M Open/0,M-48,2,16:50,86.32%
3,Scott Oseguera,"Cherry Valley, CA",480,18:22,5:55,M Open/0,M-14,3,18:22,77.29%
4,Zachary Gross,", ",403,19:39,6:20,M Open/0,M-14,4,19:39,72.24%
5,Angelo Molina,"Beaumont, CA",479,19:40,6:20,M Open/0,M-17,5,19:40,68.70%
6,Sergio Ocampo,"Indio, CA",21273,20:01,6:27,M Open/0,M-32,6,20:01,65.00%
7,Lisa Cohen,", ",390,20:23,6:34,F Open/0,F-25,1,20:23,72.67%
8,David Rodriguez Jr,", ",437,20:25,6:35,M Open/0,M-36,7,20:25,65.03%
9,Autumn Block,"Beaumont, CA",328,23:39,7:37,F Open/0,F-31,2,23:39,62.69%
10,Charles Jones,"Moorpark, CA",478,24:25,7:52,M Open/0,M-14,8,24:25,58.13%
11,wayne evangelista,"beaumont, CA",473,24:53,8:01,M Open/0,M-65,9,24:53,67.43%
12,Joseph Rodriguez,", ",436,24:55,8:02,M Open/0,M-16,10,24:55,55.02%
13,Ashly Quevedo,"Banning, CA",360,25:25,8:11,F Open/0,F-16,3,25:25,60.24%
14,Eric Cadger,"Beaumont, CA",333,25:35,8:14,M Open/0,M-32,11,25:35,50.85%
15,Kestler Heitritter,"Beaumont, CA",21260,25:44,8:17,M Open/0,M-28,12,25:44,50.16%
16,Kevin Burt,"Beaumont, CA",331,25:47,8:18,M Open/0,M-32,13,25:47,50.45%
17,Robert Ingertson,", ",407,26:04,8:24,M Open/0,M-65,14,26:04,64.36%
18,Robert Lasko,", ",412,26:08,8:25,M Open/0,M-59,15,26:08,60.88%
19,Daniel Ramos,"Beaumont, CA",362,26:13,8:27,M Open/0,M-13,16,26:13,55.34%
20,Brannon Mitchell,", ",417,26:15,8:27,M Open/0,M-38,17,26:15,51.27%
21,Silvia Mitchell,", ",418,26:15,8:27,F Open/0,F-35,4,26:15,56.99%
22,Bill Sick,", ",443,26:52,8:39,M Open/0,M-57,18,26:52,58.22%
23,sherry urban,"Beaumont, CA",483,26:54,8:40,F Open/0,F-35,5,26:54,55.61%
24,jennifer majors,"beaumont, CA",482,26:54,8:40,F Open/0,F-28,6,26:54,55.05%
25,rebekah block,"beaumont, CA",21262,27:30,8:51,F Open/0,F-9,7,27:30,63.86%
26,Charlyn Heitritter,"Beaumont, CA",21261,27:30,8:51,F Open/0,F-29,8,27:30,53.85%
27,Patrick Stephens,"Beaumont, CA",371,28:11,9:05,M Open/0,M-31,19,28:11,46.04%
28,Darci Mulvihill,", ",421,28:14,9:06,F Open/0,F-27,9,28:14,52.45%
29,Eva Paez,"Beaumont, CA",356,28:41,9:14,F Open/0,F-14,10,28:41,54.83%
30,Kyle Shannon,"Newhall, CA",367,28:44,9:15,M Open/0,M-27,20,28:44,44.92%
31,GLENYS JONES,"CORONA DL MAR, CA",21259,28:45,9:16,F Open/0,F-61,11,28:45,68.21%
32,George Walter,", ",457,28:55,9:19,M Open/0,M-39,21,28:55,46.89%
33,Chad Wheelwright,", ",460,28:57,9:20,M Open/0,M-29,22,28:57,44.64%
34,collin schmidt,"beaumont, CA",21251,29:00,9:20,M Open/0,M-14,23,29:00,48.94%
35,rebekah block,"beaumont, CA",21258,29:01,9:21,F Open/0,F-7,12,29:01,64.71%
36,Matthew Block,"Beaumont, CA",329,29:01,9:21,M Open/0,M-31,24,29:01,44.71%
37,Christina Rodriguez,", ",435,29:12,9:24,F Open/0,F-35,13,29:12,51.23%
38,Frank Jones,"Beaumont, CA",346,30:11,9:43,M Open/0,M-32,25,30:11,43.09%
39,William Otterman,", ",433,30:12,9:44,M Open/0,M-10,26,30:12,52.29%
40,Zachary Olson,", ",429,30:18,9:45,M Open/0,M-11,27,30:18,50.52%
41,Randy Olson,", ",428,30:18,9:45,M Open/0,M-45,28,30:18,46.84%
42,Renee Walter,", ",458,30:21,9:47,F Open/0,F-29,14,30:21,48.79%
43,Kathy Steele,", ",446,30:26,9:48,F Open/0,F-32,15,30:26,48.77%
44,sean ashford,"beaumont, CA",492,31:33,10:10,M Open/0,M-35,29,31:33,41.81%
45,Lauren Olson,", ",427,31:49,10:15,F Open/0,F-9,16,31:49,55.19%
46,Dallas Otterman,", ",430,31:49,10:15,F Open/0,F-9,17,31:49,55.19%
47,Shari Scholte,"Beaumont, CA",366,31:50,10:15,F Open/0,F-40,18,31:50,48.19%
48,Siomara Giroux,", ",401,31:55,10:17,F Open/0,F-37,19,31:55,47.28%
49,linda burns,"palm springs, CA",21257,32:02,10:19,F Open/0,F-45,20,32:02,49.87%
50,Amanda Huff,", ",406,32:03,10:19,F Open/0,F-12,21,32:03,50.83%
51,Jason Sablan,", ",438,32:08,10:21,M Open/0,M-37,30,32:08,41.57%
52,Suzzette Walls,"Beaumont, CA",376,32:16,10:24,F Open/0,F-41,22,32:16,47.86%
53,Brad Huff,", ",466,32:24,10:26,M Open/0,M-0,31,32:24, 0.00%
54,Lacey Olson,", ",426,32:38,10:30,M Open/0,M-39,32,32:38,41.54%
55,Andrew Paez,"Beaumont, CA",355,32:58,10:37,M Open/0,M-51,33,32:58,45.12%
56,Leah Paez,"Beaumont, CA",357,32:58,10:37,F Open/0,F-40,23,32:58,46.54%
57,Richard Miller,"Beaumont, CA",485,33:26,10:46,M Open/0,M-63,34,33:26,49.28%
58,Lisa Vaughn,", ",456,33:49,10:53,F Open/0,F-30,24,33:49,43.79%
59,Alex Anderson,", ",381,33:56,10:56,M Open/0,M-10,35,33:56,46.54%
60,brittanie greco,"hemet, CA",475,34:31,11:07,F Open/0,F-23,25,34:31,42.90%
61,Megan Hizon,"Playa del Rey, CA",500,35:05,11:18,F Open/0,F-24,26,35:05,42.21%
62,Kylie Coon,", ",392,35:13,11:20,F Open/0,F-9,27,35:13,49.86%
63,Brent Coon,", ",391,35:13,11:21,M Open/0,M-37,36,35:13,37.93%
64,Bryan Anderson,", ",382,35:14,11:21,M Open/0,M-47,37,35:14,40.89%
65,Teresa Amaya,"Beaumont, CA",324,35:14,11:21,F Open/0,F-35,28,35:14,42.45%
66,darlene noon,"banning, CA",21276,35:35,11:28,F Open/0,F-52,29,35:35,48.78%
67,Kimberly Adams,"Riverside, CA",321,36:17,11:41,F Open/0,F-31,30,36:17,40.85%
68,Cathy Coate,"Beaumont, CA",335,36:17,11:41,F Open/0,F-35,31,36:17,41.22%
69,Wendy Galbraith,"Hemet, CA",340,37:02,11:55,F Open/0,F-34,32,37:02,40.25%
70,Niles Sundstrom,", ",447,37:04,11:56,M Open/0,M-68,38,37:04,46.56%
71,Alicia Galbraith,", ",468,37:22,12:02,F Open/0,F-34,33,37:22,39.89%
72,Katherine Quevedo,"Banning, CA",361,37:40,12:08,F Open/0,F-18,34,37:40,39.75%
73,lidia miranda,"Banning, CA",21255,37:40,12:08,F Open/0,F-18,35,37:40,39.75%
74,Cassie Booth,"Loma Linda, CA",330,38:01,12:14,F Open/0,F-28,36,38:01,38.95%
75,Ciera Galbraith,", ",467,38:12,12:18,F Open/0,F-11,37,38:12,43.56%
76,Beverly Bly,", ",385,38:24,12:22,F Open/0,F-67,38,38:24,55.93%
77,Rebecca Deming,", ",395,38:42,12:28,F Open/0,F-29,39,38:42,38.26%
78,KARLA DIAZ,"CATHEDRAL CY, CA",493,39:05,12:35,F Open/0,F-38,40,39:05,38.78%
79,Scott Beard,", ",383,39:16,12:39,M Open/0,M-0,39,39:16, 0.00%
80,Kristina Jones,"Beaumont, CA",347,39:35,12:45,F Open/0,F-31,41,39:35,37.45%
81,Jeannette Ramos,"Beaumont, CA",484,39:47,12:49,F Open/0,F-33,42,39:47,37.38%
82,Jennifer Tillson,"Redlands, CA",499,39:52,12:50,F Open/0,F-40,43,39:52,38.48%
83,Peggy Laurel,", ",413,40:14,12:57,M Open/0,M-0,40,40:14, 0.00%
84,Mary Hamlin,", ",405,41:14,13:17,F Open/0,F-59,44,41:14,46.22%
85,bruce murrill,"cherry valley, CA",481,41:24,13:20,M Open/0,M-60,41,41:24,38.74%
86,Christy Mucillo,", ",420,41:24,13:20,F Open/0,F-46,45,41:24,38.99%
87,Erin Crabtrey,"Redlands, CA",336,41:29,13:22,F Open/0,F-35,46,41:29,36.05%
88,Mandy Stephens,"Beaumont, CA",370,43:01,13:51,F Open/0,F-30,47,43:01,34.42%
89,Kevin Catlett II,", ",389,44:23,14:18,M Open/0,M-28,42,44:23,29.08%
90,Stacy Burt,"Beaumont, CA",332,44:25,14:18,F Open/0,F-31,48,44:25,33.37%
91,Evan Nelson,"Beaumont, CA",495,44:57,14:29,M Open/0,M-17,43,44:57,30.04%
92,Michelle Lillard-Geiser,"Beaumont, CA",490,44:59,14:29,F Open/0,F-40,49,44:59,34.10%
93,Emma Lillard-Geiser,"Beaumont, CA",496,45:00,14:29,F Open/0,F-12,50,45:00,36.20%
94,Kenny Lillard,"Beaumont, CA",491,45:02,14:30,M Open/0,M-38,44,45:02,29.88%
95,Roger Berg,", ",384,46:23,14:56,M Open/0,M-56,45,46:23,33.43%
96,Leila Weeks,"Cherry Valley, CA",378,46:52,15:05,F Open/0,F-49,51,46:52,35.68%
97,Annalee Schmidt,"Cherry Valley, CA",364,46:52,15:05,F Open/0,F-37,52,46:52,32.19%
98,tyler dixson,"beaumont, CA",21253,47:10,15:11,M Open/0,M-10,46,47:10,33.47%
99,Jeff Waters,"Beaumont, CA",487,47:16,15:13,M Open/0,M-28,47,47:16,27.29%
100,Kelli Ryan,"Beaumont, CA",363,47:17,15:13,F Open/0,F-31,53,47:17,31.35%
101,Richard Bly,", ",386,47:27,15:17,M Open/0,M-68,48,47:27,36.37%
102,Lexie Urbina,", ",453,47:38,15:20,F Open/0,F-0,54,47:38, 0.00%
103,Caroline Scholte,", ",442,47:45,15:22,F Open/0,F-8,55,47:45,37.95%
104,Tracy Waters,"Cherry Valley, CA",377,47:46,15:23,F Open/0,F-38,56,47:46,31.73%
105,Tanya Sablan,", ",439,48:39,15:40,F Open/0,F-37,57,48:39,31.01%
106,Natalie Shonerd,"Palm Desert, CA",368,48:42,15:41,F Open/0,F-60,58,48:42,39.71%
107,Vincent Leon Guerrero,"Beaumont, CA",352,49:15,15:51,M Open/0,M-42,49,49:15,28.13%
108,Glenda Leon Guerrero,"Beaumont, CA",351,49:15,15:51,F Open/0,F-40,59,49:15,31.14%
109,Caroline Van Norman,"Yucaipa, CA",374,49:17,15:52,F Open/0,F-56,60,49:17,37.11%
110,Anthony Urbina,", ",452,49:59,16:06,M Open/0,M-10,50,49:59,31.59%
111,Gene Nario,", ",424,50:02,16:07,M Open/0,M-52,51,50:02,29.96%
112,ANITA STEINLE,"YUCAIPA, CA",489,50:48,16:22,F Open/0,F-64,61,50:48,40.37%
113,Sharon Galbraith,"Beaumont, CA",339,51:31,16:35,F Open/0,F-62,62,51:31,38.64%
114,Brenda Knight,", ",410,51:57,16:44,F Open/0,F-55,63,51:57,34.76%
115,austin paine,"Beaumont, CA",21263,52:15,16:50,M Open/0,M-9,52,52:15,31.30%
116,Lois Wood,", ",463,52:50,17:01,M Open/0,M-64,53,52:50,31.46%
117,Malynda Thomas,", ",448,53:30,17:14,F Open/0,F-50,64,53:30,31.63%
118,Clarence Thomas,", ",449,54:06,17:25,M Open/0,M-63,54,54:06,30.45%
119,Shirley Catlett,", ",388,54:54,17:40,F Open/0,F-57,65,54:54,33.77%
120,Deborah Thurmond,", ",451,55:01,17:43,F Open/0,F-37,66,55:01,27.42%
121,Peyton Otterman,", ",432,55:49,17:58,M Open/0,M-7,55,55:49,31.90%
122,Jenna Waters,", ",459,55:55,18:00,F Open/0,F-9,67,55:55,31.40%
123,Gail Deforge,", ",465,56:00,18:02,F Open/0,F-0,68,56:00, 0.00%
124,Brian Deforge,", ",394,56:02,18:02,M Open/0,M-52,56,56:02,26.75%
125,Desiree Garcia,", ",400,56:38,18:14,F Open/0,F-10,69,56:38,30.14%
126,Rochele Urbina,", ",454,56:42,18:15,F Open/0,F-37,70,56:42,26.61%
127,Romeo Urbina,", ",455,56:42,18:15,M Open/0,M-12,57,56:42,26.23%
128,Melissa Dixson,", ",398,56:42,18:15,F Open/0,F-34,71,56:42,26.29%
129,Heidi Otterman,", ",431,56:42,18:15,F Open/0,F-41,72,56:42,27.23%
130,norm galbraith,"victorville, CA",497,57:02,18:22,M Open/0,M-43,58,57:02,24.50%
131,Bonnie Simpson,"Beaumont, CA",369,58:37,18:52,F Open/0,F-55,73,58:37,30.80%
132,Kathie Purlet,"Highland, CA",359,58:37,18:52,F Open/0,F-56,74,58:37,31.20%
133,Lita Jessup,"Highland, CA",344,58:47,18:55,F Open/0,F-63,75,58:47,34.34%
134,Fidel Nario,", ",423,59:07,19:02,M Open/0,M-54,59,59:07,25.78%
135,Teodora Nario,", ",425,59:07,19:02,F Open/0,F-59,76,59:07,32.23%
136,Dale D'Avignon,", ",393,1:18:24,25:14,M Open/0,M-70,60,1:18:24,22.50%
