Place,Name,Location,Bib,Net Time,Pace,Division/Place,Sex-Age,Sex-Place,Gun Time,Age Grade
1,Rob Arsenault,"Riverside, CA",160,15:12,4:54,M Open/0,M-43,1,15:12,91.99%
2,Matthew Linman,"Riverside, CA",72,15:31,5:00,M Open/0,M-25,2,15:31,83.23%
3,Michael Buckhoff,"Hesperia, CA",24,15:36,5:02,M Open/0,M-43,3,15:36,89.63%
4,Thomas Beyer,"Murrieta, CA",19,15:46,5:05,M Open/0,M-39,4,15:46,86.03%
5,Jordan Bozer,"Hemet, CA",170,16:52,5:26,M Open/0,M-15,5,16:52,82.59%
6,Mark Bergado,"Beaumont, CA",150,18:22,5:55,M Open/0,M-15,6,18:22,75.84%
7,Angelo Molina,"Beaumont, CA",143,18:35,5:59,M Open/0,M-16,7,18:35,73.79%
8,Zachary Gross,"Beaumont, CA",59,19:32,6:17,M Open/0,M-13,8,19:32,74.30%
9,Alex Petska,", CA",136,20:31,6:36,M Open/0,M-19,9,20:31,64.31%
10,Dustin Hackney,"Beaumont, CA",189,21:06,6:48,M Open/0,M-25,10,21:06,61.19%
11,Kestler Heitritter,"Beaumont, CA",180,21:48,7:01,M Open/0,M-27,11,21:48,59.22%
12,Ryan Beyer,"Murrieta, CA",18,21:59,7:05,M Open/0,M-9,12,21:59,74.43%
13,Joseph Gonzaque,"Beaumont, CA",57,22:06,7:07,M Open/0,M-55,13,22:06,69.58%
14,Lisa Cohen,"Redlands, CA",36,22:21,7:12,F Open/0,F-24,1,22:21,66.27%
15,Katie McKeon,"San Bernardino, CA",77,22:54,7:22,F Open/0,F-40,2,22:54,67.01%
16,Layshia Clarendon,"San Bernardino, CA",192,23:18,7:30,F Open/0,F-18,3,23:18,64.28%
17,Matthew Block,"Beaumont, CA",21,23:20,7:31,M Open/0,M-30,14,23:20,55.47%
18,Autumn Block,"Beaumont, CA",20,23:20,7:31,F Open/0,F-30,4,23:20,63.47%
19,Frank Ortiz,"Beaumont, CA",88,23:46,7:39,M Open/0,M-34,15,23:46,55.23%
20,Jeff Bahler,"Beaumont, CA",15,24:05,7:45,M Open/0,M-34,16,24:05,54.50%
21,Robert Incertson,"Temecula, CA",66,24:12,7:48,M Open/0,M-65,17,24:12,69.33%
22,Cherie Ledoux,"Yucaipa, CA",149,24:14,7:48,F Open/0,F-31,5,24:14,61.18%
23,Troy Langley,"Beaumont, CA",187,24:59,8:03,M Open/0,M-23,18,24:59,51.67%
24,Tyler Cloninger,"Banning, CA",33,25:18,8:09,M Open/0,M-14,19,25:18,56.10%
25,Bill Sick,"Beaumont, CA",102,25:35,8:14,M Open/0,M-55,20,25:35,60.10%
26,Jodie Stevenson,"Beaumont, CA",105,25:49,8:19,F Open/0,F-34,6,25:49,57.75%
27,Dennis Johnston,"Yucaipa, CA",148,26:01,8:23,M Open/0,M-31,21,26:01,49.87%
28,Valen Thibault,"Beaumont, CA",107,26:05,8:24,F Open/0,F-14,7,26:05,60.29%
29,Patricia Hendrick,"Colton, CA",175,26:10,8:26,F Open/0,F-34,8,26:10,56.98%
30,Frank Vasquez,"Beaumont, CA",113,26:30,8:32,M Open/0,M-73,22,26:30,69.29%
31,Lorenzo Obregon,"San Bernardino, CA",87,26:31,8:32,M Open/0,M-28,23,26:31,48.68%
32,Mark Miguel,"Mentone, CA",81,26:31,8:32,M Open/0,M-37,24,26:31,50.38%
33,Veronica Goedhart,"Beaumont, CA",184,26:34,8:33,F Open/0,F-34,9,26:34,56.12%
34,Michelle Wright,"Beaumont, CA",123,26:40,8:35,F Open/0,F-37,10,26:40,56.60%
35,Patricia Jones,"Beaumont, CA",140,27:06,8:44,F Open/0,F-44,11,27:06,58.40%
36,Lilena Stackhouse,", CA",139,27:46,8:57,F Open/0,F-0,12,27:46, 0.00%
37,George Walter,"Moreno Valley, CA",116,27:59,9:01,M Open/0,M-38,25,27:59,48.09%
38,Holly Morales,"Hemet, CA",82,28:21,9:08,F Open/0,F-27,13,28:21,52.24%
39,Erin Ponce,"Beaumont, CA",89,28:31,9:11,F Open/0,F-0,14,28:31, 0.00%
40,Ralph Lopez,"Los Angeles, CA",73,28:58,9:20,M Open/0,M-0,26,28:58, 0.00%
41,Jeremy Dorrough,", CA",133,29:05,9:22,M Open/0,M-39,27,29:05,46.62%
42,Meleia Dorrough,", CA",134,29:06,9:22,F Open/0,F-37,15,29:06,51.86%
43,Jessica Stevens,", CA",127,29:18,9:26,F Open/0,F-12,16,29:18,55.61%
44,Frank Coe,"Beaumont, CA",34,29:27,9:29,M Open/0,M-44,28,29:27,47.79%
45,Brad Huff,"Redlands, CA",64,29:28,9:29,M Open/0,M-44,29,29:28,47.76%
46,Siomara Giroux,"Beaumont, CA",54,29:28,9:29,F Open/0,F-36,17,29:28,50.99%
47,Renee Walter,"Moreno Valley, CA",117,29:50,9:36,F Open/0,F-38,18,29:50,50.81%
48,Ben Cloninger,"Banning, CA",31,30:08,9:42,M Open/0,M-35,30,30:08,43.77%
49,Julia Cloninger,"Banning, CA",32,30:17,9:45,F Open/0,F-46,19,30:17,53.30%
50,Greg Fagan,"Beaumont, CA",49,30:27,9:48,M Open/0,M-38,31,30:27,44.19%
51,Darlene Noon,", CA",135,30:29,9:49,F Open/0,F-51,20,30:29,56.24%
52,Emily Smith,"Redlands, CA",104,30:33,9:50,F Open/0,F-29,21,30:33,48.47%
53,Gabby Ramos,"Banning, CA",91,30:35,9:51,F Open/0,F-11,22,30:35,54.42%
54,Richard Miller,"Beaumont, CA",177,30:43,9:54,M Open/0,M-62,32,30:43,53.15%
55,Ellen Kleckner,"Redlands, CA",68,31:01,9:59,F Open/0,F-26,23,31:01,47.74%
56,Deatra Lee,"Beaumont, CA",158,31:59,10:18,F Open/0,F-29,24,31:59,46.30%
57,Jennifer Bahler,"Beaumont, CA",16,33:01,10:38,F Open/0,F-29,25,33:01,44.85%
58,Lillian Gillespie,"Beaumont, CA",193,33:15,10:42,F Open/0,F-11,26,33:15,50.05%
59,Roxann Flowers,"Beaumont, CA",53,33:40,10:50,F Open/0,F-40,27,33:40,45.57%
60,Lisa Melton,"Beaumont, CA",156,33:52,10:54,F Open/0,F-29,28,33:52,43.72%
61,Amber Toombs,"Redlands, CA",110,34:08,11:00,F Open/0,F-33,29,34:08,43.58%
62,Wendy Slane,"Beaumont, CA",174,34:29,11:06,F Open/0,F-29,30,34:29,42.94%
63,Erin Crabtrey,"Redlands, CA",38,35:21,11:23,F Open/0,F-34,31,35:21,42.17%
64,Brittany Ramos,"Banning, CA",90,35:23,11:24,F Open/0,F-13,32,35:23,45.15%
65,Scott Beard,"Beaumont, CA",17,35:24,11:24,M Open/0,M-0,33,35:24, 0.00%
66,Kevin Knox,"Redlands, CA",163,35:26,11:25,M Open/0,M-32,34,35:26,36.71%
67,Sean Thuilliez,"Beaumont, CA",109,35:45,11:31,M Open/0,M-34,35,35:45,36.71%
68,Ellen Gonzaque,"Beaumont, CA",56,35:57,11:35,F Open/0,F-55,33,35:57,50.23%
69,Christy Muccillo,", CA",129,35:59,11:35,F Open/0,F-45,34,35:59,44.39%
70,D Dubois,"Redlands, CA",162,36:11,11:39,M Open/0,M-54,36,36:11,42.12%
71,Jessica Hixon,"Running Springs, CA",63,36:22,11:43,F Open/0,F-32,35,36:22,40.81%
72,Samantha Ramos,"Banning, CA",93,36:30,11:45,F Open/0,F-10,36,36:30,46.78%
73,Marilyn Anthony,"Torrance, CA",167,36:32,11:46,F Open/0,F-53,37,36:32,48.15%
74,Brienn Gisler,"Beaumont, CA",55,36:34,11:47,F Open/0,F-26,38,36:34,40.49%
75,Jennifer Gillespie,"Beaumont, CA",194,36:42,11:49,F Open/0,F-35,39,36:42,40.75%
76,Sarah Buchel,"Beaumont, CA",23,36:55,11:53,F Open/0,F-25,40,36:55,40.11%
77,Jeannette Ramos,"Banning, CA",92,37:10,11:58,F Open/0,F-32,41,37:10,39.93%
78,Megan Hizon,"Playa Del Rey, CA",190,37:10,11:58,F Open/0,F-23,42,37:10,39.82%
79,Bruce Murrill,", CA",137,37:47,12:10,M Open/0,M-0,37,37:47, 0.00%
80,Shannon Knox,"Redlands, CA",164,38:38,12:26,F Open/0,F-27,43,38:38,38.33%
81,Tammy Berry,"Riverside, CA",144,39:00,12:33,F Open/0,F-47,44,39:00,41.86%
82,Jordyn Harwood,", CA",126,39:25,12:41,F Open/0,F-11,45,39:25,42.22%
83,Melissa Bravo,"Yucaipa, CA",185,39:25,12:42,F Open/0,F-10,46,39:25,43.32%
84,Shaina Harwood,", CA",201,39:41,12:47,F Open/0,F-31,47,39:41,37.35%
85,Heather Bomer,"Beaumont, CA",22,39:41,12:47,F Open/0,F-24,48,39:41,37.31%
86,Anna Diez,", CA",130,40:11,12:56,F Open/0,F-36,49,40:11,37.39%
87,Tracy Holen,", CA",131,40:11,12:56,F Open/0,F-39,50,40:11,37.93%
88,Sharon Wang,"Beaumont, CA",188,41:06,13:14,F Open/0,F-38,51,41:06,36.88%
89,Niles Sundstrom,"Beaumont, CA",106,42:25,13:39,M Open/0,M-67,38,42:25,40.29%
90,Yelena Antonov,"Beaumont, CA",152,43:21,13:58,F Open/0,F-41,52,43:21,35.62%
91,Kylie Antonucci,"Beaumont, CA",11,44:24,14:18,F Open/0,F-29,53,44:24,33.35%
92,Trent Antonucci,"Beaumont, CA",12,44:24,14:18,M Open/0,M-30,39,44:24,29.14%
93,Thelma Santos,", CA",128,44:46,14:25,F Open/0,F-54,54,44:46,39.78%
94,Wayne Hackney,"Beaumont, CA",191,44:47,14:25,M Open/0,M-69,40,44:47,38.94%
95,Cheryl Degano,"Riverside, CA",182,44:59,14:29,F Open/0,F-52,55,44:59,38.58%
96,Glenn Budd,"Highland, CA",25,44:59,14:29,M Open/0,M-51,41,44:59,33.06%
97,Erika Reek,", CA",138,45:43,14:43,F Open/0,F-0,56,45:43, 0.00%
98,Sabrina Melton,"Banning, CA",78,45:43,14:43,F Open/0,F-18,57,45:43,32.75%
99,Chelsea Wilson,"Beaumont, CA",120,45:44,14:43,F Open/0,F-19,58,45:44,32.48%
100,Deann Eckenwiler,"Banning, CA",46,46:13,14:53,F Open/0,F-67,59,46:13,46.46%
101,Rosie Fagan,"Beaumont, CA",50,48:51,15:44,F Open/0,F-37,60,48:51,30.89%
102,Lois Wood,"Yucaipa, CA",122,50:28,16:15,F Open/0,F-63,61,50:28,40.01%
103,Helen Herrera,"Ontario, CA",62,51:19,16:31,F Open/0,F-34,62,51:19,29.04%
104,Misty Clark,"Beaumont, CA",30,51:19,16:32,F Open/0,F-31,63,51:19,28.87%
105,Janice Eickhorst,"Palm Desert, CA",48,58:42,18:54,F Open/0,F-69,64,58:42,37.77%
106,Brian Deforge,"Beaumont, CA",40,1:01:50,19:54,M Open/0,M-52,42,1:01:50,24.24%
107,Diana Dittemore,"Beaumont, CA",169,1:02:32,20:08,F Open/0,F-46,65,1:02:32,25.81%
