
460,Chad Wheelwright,M,29,", ",33 out of 136,22 out of 60,0 out of 0, 44.64% Place: 58,28:57 Pace: 9:20,28:57,28:57
21258,rebekah block,F,7,"beaumont, CA",35 out of 136,12 out of 76,0 out of 0, 64.71% Place: 11,29:01 Pace: 9:21,29:01,29:01
435,Christina Rodriguez,F,35,", ",37 out of 136,13 out of 76,0 out of 0, 51.23% Place: 32,29:12 Pace: 9:24,29:12,29:12
346,Frank Jones,M,32,"Beaumont, CA",38 out of 136,25 out of 60,0 out of 0, 43.09% Place: 61,30:11 Pace: 9:43,30:11,30:11
433,William Otterman,M,10,", ",39 out of 136,26 out of 60,0 out of 0, 52.29% Place: 30,30:12 Pace: 9:44,30:12,30:12
429,Zachary Olson,M,11,", ",40 out of 136,27 out of 60,0 out of 0, 50.52% Place: 35,30:18 Pace: 9:45,30:18,30:18
428,Randy Olson,M,45,", ",41 out of 136,28 out of 60,0 out of 0, 46.84% Place: 49,30:18 Pace: 9:45,30:18,30:18
446,Kathy Steele,F,32,", ",43 out of 136,15 out of 76,0 out of 0, 48.77% Place: 44,30:26 Pace: 9:48,30:26,30:26
427,Lauren Olson,F,9,", ",45 out of 136,16 out of 76,0 out of 0, 55.19% Place: 23,31:49 Pace: 10:15,31:49,31:49
366,Shari Scholte,F,40,"Beaumont, CA",47 out of 136,18 out of 76,0 out of 0, 48.19% Place: 45,31:50 Pace: 10:15,31:50,31:50
401,Siomara Giroux,F,37,", ",48 out of 136,19 out of 76,0 out of 0, 47.28% Place: 47,31:55 Pace: 10:17,31:55,31:55
406,Amanda Huff,F,12,", ",50 out of 136,21 out of 76,0 out of 0, 50.83% Place: 34,32:03 Pace: 10:19,32:03,32:03
376,Suzzette Walls,F,41,"Beaumont, CA",52 out of 136,22 out of 76,0 out of 0, 47.86% Place: 46,32:16 Pace: 10:24,32:16,32:16
426,Lacey Olson,M,39,", ",54 out of 136,32 out of 60,0 out of 0, 41.54% Place: 67,32:38 Pace: 10:30,32:38,32:38
357,Leah Paez,F,40,"Beaumont, CA",56 out of 136,23 out of 76,0 out of 0, 46.54% Place: 52,32:58 Pace: 10:37,32:58,32:58
485,Richard Miller,M,63,"Beaumont, CA",57 out of 136,34 out of 60,0 out of 0, 49.28% Place: 40,33:26 Pace: 10:46,33:26,33:26
456,Lisa Vaughn,F,30,", ",58 out of 136,24 out of 76,0 out of 0, 43.79% Place: 59,33:49 Pace: 10:53,33:49,33:49
381,Alex Anderson,M,10,", ",59 out of 136,35 out of 60,0 out of 0, 46.54% Place: 51,33:56 Pace: 10:56,33:56,33:56
475,brittanie greco,F,23,"hemet, CA",60 out of 136,25 out of 76,0 out of 0, 42.90% Place: 62,34:31 Pace: 11:07,34:31,34:31
391,Brent Coon,M,37,", ",63 out of 136,36 out of 60,0 out of 0, 37.93% Place: 85,35:13 Pace: 11:21,35:13,35:13
324,Teresa Amaya,F,35,"Beaumont, CA",65 out of 136,28 out of 76,0 out of 0, 42.45% Place: 63,35:14 Pace: 11:21,35:14,35:14
321,Kimberly Adams,F,31,"Riverside, CA",67 out of 136,30 out of 76,0 out of 0, 40.85% Place: 70,36:17 Pace: 11:41,36:17,36:17
465,Gail Deforge,F,0,", ",123 out of 136,68 out of 76,0 out of 0,56:00 Pace: 18:02,56:00,56:00
400,Desiree Garcia,F,10,", ",125 out of 136,69 out of 76,0 out of 0, 30.14% Place: 116,56:38 Pace: 18:14,56:38,56:38
455,Romeo Urbina,M,12,", ",127 out of 136,57 out of 60,0 out of 0, 26.23% Place: 128,56:42 Pace: 18:15,56:42,56:42
497,norm galbraith,M,43,"victorville, CA",130 out of 136,58 out of 60,0 out of 0, 24.50% Place: 130,57:02 Pace: 18:22,57:02,57:02
369,Bonnie Simpson,F,55,"Beaumont, CA",131 out of 136,73 out of 76,0 out of 0, 30.80% Place: 114,58:37 Pace: 18:52,58:37,58:37
