Bib,Name,Gender,Age,Hometown,Overall,Women,F 55-59,Age/Grade,Finish,Chip Time,Gun Time,10k,Turn-9.1Mi,Half,17.2 M,20 Mile,35K
8215,Maxine Smith,F,58,"Portland, OR",7745 out of 7751,4201 out of 4206,265 out of 267, 28.89% Place: 7672,10:06:39 Pace: 23:09,10:06:39,10:20:15,2:03:47 Pace: 19:56,3:02:12 Pace: 20:02, Pace: , Pace: , Pace: , Pace: 
8401,Judy Kile,F,59,"Tigard, OR",7746 out of 7751,4202 out of 4206,266 out of 267, 28.91% Place: 7670,10:13:58 Pace: 23:25,10:13:58,10:27:32,2:03:49 Pace: 19:56,3:01:59 Pace: 20:00, Pace: , Pace: , Pace: , Pace: 
3467,Tommy Ruiz,M,19,"Davis, CA",7747 out of 7751,3545 out of 3545,38 out of 38, 21.57% Place: 7749,10:15:48 Pace: 23:30,10:15:48,10:27:32,1:59:31 Pace: 19:15,2:57:32 Pace: 19:31,4:21:05 Pace: 19:55, Pace: , Pace: , Pace: 
635,Christy Ackerman,F,50,"Lake Oswego, OR",7748 out of 7751,4203 out of 4206,400 out of 400, 25.55% Place: 7734,10:26:25 Pace: 23:54,10:26:25,10:40:00,2:10:27 Pace: 21:00,3:06:47 Pace: 20:32, Pace: , Pace: , Pace: , Pace: 
8273,Linda Taylor,F,62,"Portland, OR",7749 out of 7751,4204 out of 4206,117 out of 117, 29.26% Place: 7661,10:31:19 Pace: 24:05,10:31:19,10:45:00,2:12:20 Pace: 21:18,3:11:43 Pace: 21:05, Pace: , Pace: , Pace: , Pace: 
8321,Sharon Lowell,F,58,"Portland, OR",7750 out of 7751,4205 out of 4206,267 out of 267, 27.76% Place: 7701,10:31:19 Pace: 24:05,10:31:19,10:45:00,2:12:20 Pace: 21:18,3:11:17 Pace: 21:02, Pace: , Pace: , Pace: , Pace: 
11108,Cindy Worden,F,40,"Gig Harbor, WA",7751 out of 7751,4206 out of 4206,555 out of 555, 21.25% Place: 7750,11:25:13 Pace: 26:09,11:25:13,11:38:37,2:05:36 Pace: 20:13,3:05:50 Pace: 20:26, Pace: , Pace: , Pace: , Pace: 
