Bib,Name,Gender,Age,Hometown,Overall,Women,F 35-39,Age/Grade,Finish,Chip Time,Gun Time,10k,Turn-9.1Mi,Half,20 Mile,35K
4974,Christina Page,F,57,"Vancouver, WA",6169 out of 6176,3405 out of 3411,170 out of 172, 30.81% Place: 6032,9:21:59 Pace: 21:27,9:21:59,9:27:27,1:52:22 Pace: 18:05,2:44:36 Pace: 18:06,4:02:29 Pace: 18:30, Pace: , Pace: 
5411,Launa Fetters,F,37,"Gresham, OR",6170 out of 6176,3406 out of 3411,525 out of 525, 25.23% Place: 6169,9:22:39 Pace: 21:28,9:22:39,9:26:15,1:51:26 Pace: 17:57,2:50:00 Pace: 18:41,4:05:56 Pace: 18:46, Pace: , Pace: 
5414,Traci Bartley,F,42,"Gresham, OR",6171 out of 6176,3407 out of 3411,531 out of 531, 26.33% Place: 6162,9:22:40 Pace: 21:28,9:22:40,9:26:16,1:51:28 Pace: 17:57,2:49:59 Pace: 18:41,4:05:56 Pace: 18:46, Pace: , Pace: 
6750,Barbara Wisnom,F,58,"Clifton Park, NY",6172 out of 6176,3408 out of 3411,171 out of 172, 30.40% Place: 6044,9:36:31 Pace: 22:00,9:36:31,9:41:57,1:59:26 Pace: 19:14,2:57:03 Pace: 19:28,4:18:53 Pace: 19:45, Pace: , Pace: 
6754,Moira Mallison,F,53,"Louisville, CO",6173 out of 6176,3409 out of 3411,348 out of 348, 28.67% Place: 6120,9:36:31 Pace: 22:00,9:36:31,9:41:57,1:59:26 Pace: 19:14,2:57:03 Pace: 19:28,4:18:54 Pace: 19:45, Pace: , Pace: 
7191,Jb Schneider,M,50,"Ashland, OR",6174 out of 6176,2765 out of 2765,313 out of 313, 24.14% Place: 6173,9:38:35 Pace: 22:05,9:38:35,9:42:23,1:34:10 Pace: 15:10,2:33:25 Pace: 16:52,3:43:01 Pace: 17:01, Pace: , Pace: 
2929,Sharon Lowell,F,55,"Portland, OR",6175 out of 6176,3410 out of 3411,172 out of 172, 28.07% Place: 6133,10:02:24 Pace: 22:59,10:02:24,10:07:44, Pace: ,3:17:35 Pace: 21:43, Pace: , Pace: , Pace: 
2987,Julie Carroll,F,32,"Portland, OR",6176 out of 6176,3411 out of 3411,549 out of 549, 22.98% Place: 6174,10:03:56 Pace: 23:03,10:03:56,10:09:16, Pace: ,3:17:38 Pace: 21:44, Pace: , Pace: , Pace: 
