Bib,Name,Gender,Age,Hometown,Overall,Women,F 50-54,Age/Grade,Finish,Chip Time,Gun Time,10k,Turn-9.1Mi,Half,20 Mile,35K
2813,Candice Vaetz-Eigner,F,30,"Milwaukie, OR",7705 out of 7712,4355 out of 4361,627 out of 629, 22.82% Place: 7706,10:08:03 Pace: 23:12,10:08:03,10:18:25,2:07:18 Pace: 20:30,3:05:36 Pace: 20:24,4:24:03 Pace: 20:09, Pace: , Pace: 
8917,Sharon Young,F,50,"Vancouver, WA",7706 out of 7712,4356 out of 4361,441 out of 441, 26.30% Place: 7684,10:08:31 Pace: 23:13,10:08:31,10:15:27,1:56:20 Pace: 18:44,2:54:50 Pace: 19:13,4:07:15 Pace: 18:52, Pace: , Pace: 
8507,Christine Ackerman,F,49,"Lake Oswego, OR",7707 out of 7712,4357 out of 4361,537 out of 537, 25.98% Place: 7689,10:09:42 Pace: 23:16,10:09:42,10:15:18,2:09:52 Pace: 20:54,3:19:01 Pace: 21:53, Pace: , Pace: , Pace: 
5721,Kelsey Burns,F,31,"Tigard, OR",7708 out of 7712,4358 out of 4361,628 out of 629, 22.26% Place: 7707,10:23:21 Pace: 23:47,10:23:21,10:29:01,2:03:01 Pace: 19:48,3:01:12 Pace: 19:55,4:16:32 Pace: 19:35, Pace: , Pace: 
7666,Louis Haga,M,73,"Portland, OR",7709 out of 7712,3351 out of 3351,17 out of 17, 28.08% Place: 7630,10:36:34 Pace: 24:17,10:36:34,10:45:05,2:05:47 Pace: 20:15,3:09:41 Pace: 20:51,4:30:06 Pace: 20:37, Pace: , Pace: 
2099,Sally Barron,F,64,"Laguna Beach, CA",7710 out of 7712,4359 out of 4361,113 out of 113, 29.75% Place: 7568,10:38:41 Pace: 24:22,10:38:41,10:45:31,1:59:38 Pace: 19:16,3:10:33 Pace: 20:57,4:33:30 Pace: 20:52, Pace: , Pace: 
2596,Julie Cooper,F,57,"Beaverton, OR",7711 out of 7712,4360 out of 4361,275 out of 275, 27.01% Place: 7670,10:40:55 Pace: 24:27,10:40:55,10:46:57,1:41:16 Pace: 16:18,2:40:31 Pace: 17:39,3:55:38 Pace: 17:59, Pace: , Pace: 
5845,Autumn Jones,F,31,"Beaverton, OR",7712 out of 7712,4361 out of 4361,629 out of 629, 21.64% Place: 7708,10:41:22 Pace: 24:28,10:41:22,10:47:02,2:03:00 Pace: 19:48,3:01:12 Pace: 19:55,4:16:30 Pace: 19:34, Pace: , Pace: 
