Place,Name,Location,Bib,Net Time,Pace,Division/Place,Sex-Age,Sex-Place,Gun Time,Age Grade
1,Jon Clark,"Rancho Santa Margarita, CA",27,20:58,5:15,M 35-39/1,M-39,1,20:58,84.49%
2,Noah Kaufman,"Culver City, CA",58,21:07,5:17,M 25-29/1,M-29,2,21:07,79.94%
3,Josh Yelsey,"Corona Del Mar, CA",106,21:16,5:19,M 25-29/2,M-29,3,21:16,79.37%
4,Connor Sousa,"Mentone, CA",212,21:57,5:30,M 15-19/1,M-18,4,21:57,79.48%
5,Michael Cowdrey,"Aliso Viejo, CA",711,24:34,6:09,M 35-39/2,M-39,5,24:34,72.10%
6,Matthew Meyer,"Newport Beach, CA",144,25:11,6:18,M 25-29/3,M-29,6,25:11,67.02%
7,James Leichter,"La Jolla, CA",2141,25:20,6:20,M 40-44/1,M-44,7,34:30,72.61%
8,Dave Jackson,"Mission Viejo, CA",2206,25:27,6:22,M 50-54/1,M-50,8,34:37,75.75%
9,Edward Luther,"Laguna Beach, CA",215,25:52,6:28,M 20-24/1,M-22,9,25:52,65.18%
10,Shane Quinn,"Torrance, CA",158,26:08,6:32,M 20-24/2,M-24,10,26:08,64.52%
11,Vincent Valenzuela,"Lake Forest, CA",203,27:11,6:48,M 30-34/1,M-32,11,27:11,62.52%
12,Mark Woods,"Gardena, CA",104,27:23,6:51,M 25-29/4,M-29,12,27:24,61.63%
13,Dwight Silva,"Corona Del Mar, CA",87,27:34,6:54,M 25-29/5,M-29,13,27:35,61.22%
14,Cavan Cuyler,"Corona Del Mar, CA",29,27:38,6:55,M 25-29/6,M-29,14,27:39,61.07%
15,Nicholas Schmidt,"Aliso Viejo, CA",721,27:40,6:55,M 30-34/2,M-34,15,27:45,61.90%
16,Scott Van Horn,"Aliso Viejo, CA",2103,27:45,6:57,M 40-44/2,M-44,16,36:55,66.29%
17,Steven McMurray,"San Diego, CA",67,27:57,7:00,M 25-29/7,M-29,17,27:57,60.38%
18,Kevin Kraiss,"Irvine, CA",60,28:15,7:04,M 35-39/3,M-39,18,28:15,62.69%
19,Marc Cram,"Mission Viejo, CA",118,28:18,7:05,M 30-34/3,M-32,19,28:24,60.05%
20,David Louvet,"Costa Mesa, CA",62,28:51,7:13,M 25-29/8,M-29,20,28:51,58.50%
21,Lauren Cantwell,"Newport News, VA",1015,28:55,7:14,F 20-24/1,F-24,1,33:14,66.55%
22,Alexander Jaffe,"Newport Coast, CA",56,28:57,7:15,M 20-24/3,M-24,21,28:59,58.24%
23,Jeff Burke,"Rancho Santa Margarita, CA",113,29:17,7:20,M 35-39/4,M-39,22,29:18,60.48%
24,Deanna Manley,"Corona, CA",142,29:20,7:20,F 30-34/1,F-34,2,33:39,66.06%
25,Sunil Gaglani,"Mission Viejo, CA",126,29:23,7:21,M 25-29/9,M-29,23,29:23,57.43%
26,Andy Wang,"Irvine, CA",176,29:25,7:22,M 25-29/10,M-29,24,29:28,57.37%
27,Bobby Vidales,"Whittier, CA",96,29:28,7:22,M 20-24/4,M-24,25,29:34,57.22%
28,Rodolfo Nieto,"Orange, CA",150,29:29,7:23,M 15-19/2,M-19,26,29:31,58.43%
29,Jeffery Givens,"Rancho Santa Margarita, CA",201,29:38,7:25,M 25-29/11,M-27,27,29:41,56.89%
30,James Berkebile,"Westminster, CA",15,29:40,7:25,M 35-39/5,M-39,28,38:51,59.70%
31,Mike Maynard,"Irvine, CA",2058,29:40,7:25,M 40-44/3,M-44,29,38:51,62.00%
32,Alex Nieto,"Orange, CA",149,29:48,7:27,M 25-29/12,M-29,30,29:50,56.63%
33,Rachel Weiman,"Dana Point, CA",2106,29:51,7:28,F 40-44/1,F-44,3,54:01,68.94%
34,Garrett Smith,"Goleta, CA",88,30:04,7:31,M 20-24/5,M-24,31,30:06,56.07%
35,Horacio Gonzalez,"Riverside, CA",128,30:07,7:32,M 30-34/4,M-34,32,30:07,56.87%
36,Daniel Ponder,"Mission Viejo, CA",209,30:09,7:33,M 20-24/6,M-22,33,30:09,55.92%
37,Tyler Temanson,"Calabasas, CA",2219,30:11,7:33,M 20-24/7,M-24,34,54:20,55.86%
38,Holmes Stoner,"Granada Hills, CA",213,30:27,7:37,M 25-29/13,M-27,35,30:31,55.37%
39,Chad Amick,"Temecula, CA",2,30:39,7:40,M 25-29/14,M-29,36,30:52,55.06%
40,David Horlacher,"Costa Mesa, CA",2037,31:00,7:45,M 40-44/4,M-44,37,40:10,59.33%
41,Tyler Bebault,"Coronado, CA",111,31:03,7:46,M 20-24/8,M-24,38,31:06,54.30%
42,Eric Pearson,"Newport Beach, CA",2152,31:04,7:46,M 45-49/1,M-49,39,31:10,61.57%
43,Marsena Vandergrift,"Fontana, CA",1123,31:06,7:47,F 30-34/2,F-34,4,35:26,62.31%
44,Aj Mojica,"Oceanside, CA",71,31:09,7:48,M 25-29/15,M-29,40,31:22,54.18%
45,Joshua Tan,"Lake Elsinore, CA",91,31:15,7:49,M 25-29/16,M-29,41,31:50,54.00%
46,Aidan Owens,"Aliso Viejo, CA",222,31:32,7:53,M 35-39/6,M-36,42,55:52,54.94%
47,Jaimi Oeck,"Aliso Viejo, CA",2306,31:32,7:53,F 30-34/3,F-31,5,55:52,61.08%
48,Chris Edwards,"Silverado, CA",2124,31:32,7:53,M 40-44/5,M-44,43,50:54,58.33%
49,Robert Orantes,"Los Angeles, CA",78,31:38,7:55,M 30-34/5,M-34,44,31:38,54.14%
50,Brandon McCulley,"Chattanooga, TN",66,31:46,7:57,M 20-24/9,M-24,45,31:47,53.07%
51,Mathias Lane,"Coronado, CA",61,31:46,7:57,M 20-24/10,M-24,46,31:50,53.07%
52,Angel Romo,"Torrance, CA",163,31:51,7:58,M 30-34/6,M-34,47,36:20,53.77%
53,Christina Kamme,"San Diego, CA",2137,31:52,7:58,F 40-44/2,F-44,6,36:14,64.57%
54,Peter D'Amico,"Murrieta, CA",30,31:55,7:59,M 30-34/7,M-34,48,31:56,53.66%
55,Dean Haidl Jr,"Huntington Beach, CA",133,31:58,8:00,M 35-39/7,M-37,49,32:01,54.56%
56,Kevin Runstuck,"Corona, CA",164,32:01,8:01,M 30-34/8,M-32,50,32:04,53.07%
57,Isaac Fatigoni,"Newport Beach, CA",125,32:02,8:01,M 30-34/9,M-33,51,32:04,53.25%
58,Shannon Gallagher,"Irvine, CA",2128,32:04,8:01,M 50-54/2,M-54,52,56:13,62.09%
59,Julie Glasser,"Huntington Beach, CA",1043,32:04,8:01,F 30-34/4,F-34,7,36:30,60.43%
60,Alexa Aguilar,"Costa Mesa, CA",1131,32:08,8:02,F 15-19/1,F-18,8,36:26,60.51%
61,Timothy Archer,"Costa Mesa, CA",4,32:09,8:03,M 25-29/17,M-29,53,41:23,52.49%
62,Chris Regalado,"Riverside, CA",160,32:24,8:06,M 15-19/3,M-19,54,32:24,53.17%
63,Ken Arata,"Harbor City, CA",3,32:27,8:07,M 30-34/10,M-34,55,32:28,52.77%
64,Joshua Hawn,"San Diego, CA",48,32:29,8:08,M 20-24/11,M-24,56,32:31,51.90%
65,Michael Cicero,"Sacramento, CA",25,32:43,8:11,M 35-39/8,M-39,57,32:43,54.13%
66,George Monge,"Riverside, CA",2069,32:47,8:12,M 50-54/3,M-54,58,33:03,60.73%
67,Nicole Decker,"San Diego, CA",1143,32:48,8:12,F 30-34/5,F-34,9,37:09,59.07%
68,Ann Shaver,"Mission Viejo, CA",2089,32:49,8:13,F 40-44/3,F-44,10,37:11,62.70%
69,Jan Emaroy,"Irvine, CA",702,32:58,8:15,M 30-34/11,M-34,59,33:00,51.95%
70,Adam Thibodeau,"Orange, CA",93,33:04,8:16,M 30-34/12,M-34,60,37:50,51.79%
71,Jesse Rodriguez,"San Clemente, CA",2241,33:06,8:17,M 25-29/18,M-29,61,57:29,50.98%
72,Matt Dubois,"Costa Mesa, CA",34,33:09,8:18,M 30-34/13,M-34,62,33:09,51.66%
73,Scott Defreitas,"Newport Beach, CA",32,33:09,8:18,M 30-34/14,M-34,63,33:10,51.66%
74,Jonathan Poulin,"Los Angeles, CA",2571,33:16,8:19,M 25-29/19,M-25,64,57:43,50.68%
75,Kyle Carroll,"Mission Viejo, CA",2824,33:17,8:20,M 25-29/20,M-29,65,57:40,50.70%
76,Stephen Strickroth,"Mission Viejo, CA",2823,33:17,8:20,M 20-24/12,M-24,66,57:40,50.65%
77,Tracy Strickroth,"Mission Viejo, CA",1181,33:19,8:20,F 25-29/1,F-29,11,57:42,57.76%
78,Tommy Lowery,"Rancho Santa Marg, CA",704,33:20,8:20,M 35-39/9,M-37,67,33:25,52.33%
79,Jennifer Lewis,"San Diego, CA",1070,33:23,8:21,F 30-34/6,F-34,12,42:39,58.04%
80,Danny Ramos,"Anaheim, CA",159,33:24,8:21,M 25-29/21,M-29,68,33:34,50.52%
81,Yolanda Gomez,"Anaheim, CA",1147,33:24,8:21,F 25-29/2,F-29,13,33:34,57.61%
82,Alfredo Chang,"Rancho Cucamonga, CA",23,33:30,8:23,M 20-24/13,M-24,69,33:31,50.32%
83,Danny Won,"Irvine, CA",103,33:35,8:24,M 25-29/22,M-29,70,33:42,50.25%
84,John Stringfellow,"Yorba Linda, CA",2827,33:36,8:24,M 60-99/1,M-60,71,52:51,62.38%
85,Rick Lucero,"Anaheim, CA",713,33:36,8:24,M 30-34/15,M-34,72,38:05,50.97%
86,Matthew Morrison,"Rancho Santa Margarita, CA",72,33:37,8:25,M 25-29/23,M-29,73,33:38,50.20%
87,John Ganahl,"Orange, CA",2022,33:38,8:25,M 60-99/2,M-60,74,42:49,62.32%
88,Scott Canada,"Murrieta, CA",20,33:46,8:27,M 30-34/16,M-34,75,33:59,50.72%
89,Ros Lockwood,"Laguna Hills, CA",2051,33:52,8:28,F 35-39/1,F-39,14,38:21,58.49%
90,Ray Risman,"Los Angeles, CA",211,33:57,8:30,M 30-34/17,M-32,76,38:44,50.05%
91,Rick Pearson,"Costa Mesa, CA",155,34:05,8:32,M 35-39/10,M-39,77,34:10,51.96%
92,Lucas Alifano,"Los Angeles, CA",107,34:08,8:32,M 25-29/24,M-29,78,34:17,49.44%
93,Ashley Platz,"Studio City, CA",2572,34:14,8:34,F 20-24/2,F-24,15,58:43,56.21%
94,James Keefe,"Huntington Beach, CA",2042,34:19,8:35,M 50-54/4,M-54,79,43:31,58.02%
95,Stella Guild,"Westminster, CA",2027,34:23,8:36,F 40-44/4,F-44,16,43:33,59.84%
96,Will Olmedo,"Artesia, CA",77,34:26,8:37,M 35-39/11,M-39,80,34:30,51.43%
97,Derek Fluegge,"Foothill Ranch, CA",762,34:28,8:37,M 35-39/12,M-39,81,34:30,51.38%
98,Daniel Khalili,"Newport Beach, CA",138,34:34,8:39,M 20-24/14,M-24,82,34:39,48.77%
99,Christopher Dooley,"Westminster, CA",123,34:34,8:39,M 20-24/15,M-24,83,34:39,48.77%
100,James Herrick,"Yorba Linda, CA",135,34:35,8:39,M 20-24/16,M-24,84,34:40,48.75%
101,Zachary Varela,"Rancho Santa Margarita, CA",95,34:37,8:40,M 15-19/4,M-19,85,34:41,49.76%
102,Orquedia Ramos,"Downey, CA",1093,34:38,8:40,F 20-24/3,F-24,17,39:08,55.56%
103,Huy Nguyen,"Orange, CA",148,34:43,8:41,M 25-29/25,M-29,86,34:47,48.61%
104,Manuel Macias,"Fontana, CA",63,34:45,8:42,M 30-34/18,M-34,87,34:45,49.28%
105,Dustin Patel,"Hawthorne, CA",154,34:47,8:42,M 25-29/26,M-29,88,34:50,48.51%
106,Judy Dean,"Corona, CA",1029,34:58,8:45,F 30-34/7,F-34,18,39:18,55.41%
107,Jennifer Lak,"Rancho Santa Margarita, CA",2047,35:00,8:45,F 40-44/5,F-44,19,44:11,58.79%
108,Michelle Manson,"Crestline, CA",2055,35:01,8:46,F 35-39/2,F-39,20,59:13,56.57%
109,Cliff Atherton,"Murrieta, CA",5,35:01,8:46,M 35-39/13,M-39,89,59:13,50.57%
110,Keefe Gargan,"Santa Ana, CA",206,35:01,8:46,M 30-34/19,M-31,90,35:04,48.38%
111,Jennifer Gulla,"Laguna Beach, CA",2029,35:01,8:46,F 35-39/3,F-39,21,39:25,56.57%
112,Kimerbly Conroy,"Laguna Beach, CA",2120,35:02,8:46,F 40-44/6,F-44,22,39:25,58.73%
113,Janine Turner,"Irvine, CA",1188,35:02,8:46,F 25-29/3,F-29,23,54:13,54.93%
114,Anthony Hughes,"Highland, CA",53,35:02,8:46,M 25-29/27,M-29,91,35:05,48.17%
115,Steve Guyer,"Santa Ana, CA",131,35:02,8:46,M 20-24/17,M-24,92,54:13,48.12%
116,Skylar Crane,"Costa Mesa, CA",119,35:08,8:47,M 20-24/18,M-20,93,35:12,48.48%
117,Jenny Demetre,"Laguna Niguel, CA",1210,35:23,8:51,F 20-24/4,F-23,24,39:45,54.38%
118,Dan Marrs,"Trabuco Canyon, CA",2203,35:26,8:52,M 45-49/2,M-48,94,40:23,53.51%
119,Alida Ararxian,"Los Angeles, CA",1000,35:26,8:52,F 20-24/5,F-24,25,39:46,54.31%
120,Berardo Estrada,"Murrieta, CA",40,35:29,8:53,M 30-34/20,M-34,95,35:29,48.26%
121,Kristin Annaloro,"Santa Ana, CA",1133,35:32,8:53,F 30-34/8,F-30,26,39:57,54.15%
122,Tyrone Thomas,"Chino, CA",172,35:39,8:55,M 25-29/28,M-29,96,40:09,47.33%
123,Michelle Pugh,"Capistrano Beach, CA",2156,35:39,8:55,F 40-44/7,F-43,27,44:55,57.20%
124,William Chang,"Buena Park, CA",115,35:41,8:56,M 25-29/29,M-29,97,35:45,47.29%
125,Wesley Jones,"Orange, CA",57,35:42,8:56,M 25-29/30,M-29,98,35:44,47.27%
126,Ryan Prijoles,"Mission Viejo, CA",157,35:42,8:56,M 30-34/21,M-34,99,35:45,47.97%
127,Jonathan Gbenekama,"Corona, CA",127,35:49,8:58,M 25-29/31,M-29,100,35:51,47.11%
128,Lauren Heyden,"Lake Forest, CA",1052,35:50,8:58,F 20-24/6,F-24,28,40:10,53.70%
129,Suzy McNulty,"Mission Viejo, CA",2061,35:53,8:59,F 35-39/4,F-39,29,40:15,55.20%
130,Sara Terlecki,"Norco, CA",1118,35:53,8:59,F 30-34/9,F-34,30,40:13,54.00%
131,John Evans,"Villa Park, CA",2019,36:01,9:01,M 50-54/5,M-54,101,40:40,55.28%
132,Alejandro Garcia,"Torrance, CA",43,36:03,9:01,M 25-29/32,M-29,102,36:04,46.81%
133,Arland Van Horn,"Aliso Viejo, CA",2102,36:14,9:04,F 40-44/8,F-44,31,45:25,56.79%
134,Colin Daxon,"San Juan Capistrano, CA",120,36:16,9:04,M 20-24/19,M-24,103,36:21,46.48%
135,Kim Johnson,"Mission Viejo, CA",2041,36:24,9:06,F 45-49/1,F-49,32,45:34,59.69%
136,Michael Phelps,"Aliso Viejo, CA",2074,36:29,9:08,M 40-44/6,M-44,104,45:40,50.41%
137,Joshua Kashuk,"Santa Ana, CA",137,36:36,9:09,M 20-24/20,M-24,105,36:38,46.06%
138,Keith McNulty,"Mission Viejo, CA",2060,36:36,9:09,M 40-44/7,M-44,106,45:51,50.25%
139,Lauren Kivlen,"Crestline, CA",1309,36:36,9:09,F 15-19/2,F-19,33,45:51,52.80%
140,Ludmila Simoes,"Costa Mesa, CA",2090,36:38,9:10,F 35-39/5,F-39,34,41:03,54.07%
141,Julia Karczewski,"Irvine, CA",1059,36:44,9:11,F 15-19/3,F-19,35,41:04,52.61%
142,Yuri Foreman,"Irvine, CA",1041,36:45,9:12,F 15-19/4,F-19,36,41:05,52.59%
143,Paul Dudley,"San Bernardino, CA",3056,36:45,9:12,M 20-24/21,M-20,107,50:55,46.37%
144,Chris Costlow,"Costa Mesa, CA",116,36:58,9:15,M 35-39/14,M-39,108,37:05,47.90%
145,Amy Brown,"Murrieta, CA",1008,36:59,9:15,F 30-34/10,F-34,37,42:16,52.39%
146,Debbie Milewski,"San Clemente, CA",2067,36:59,9:15,F 45-49/2,F-49,38,46:15,58.75%
147,Julio Garcia,"Long Beach, CA",2814,37:01,9:16,M 30-34/22,M-33,109,1:01:23,46.08%
148,Christina Cannioto,"Garden Grove, CA",1014,37:04,9:16,F 15-19/5,F-19,39,37:04,52.14%
149,Tom Heyden,"Lake Forest, CA",2035,37:10,9:18,M 45-49/3,M-49,110,41:40,51.46%
150,Brian Redman,"Rancho Santa Margarita, CA",2081,37:14,9:19,M 40-44/8,M-44,111,46:25,49.40%
151,Samantha Stringfellow,"Yorba Linda, CA",1406,37:16,9:19,F 20-24/7,F-24,40,56:30,51.63%
152,Ruth Edwards,"Santa Ana, CA",1034,37:20,9:20,F 25-29/4,F-29,41,41:46,51.54%
153,Saul Barraza,"Anaheim, CA",7,37:24,9:21,M 30-34/23,M-34,112,37:27,45.79%
154,David Lalonde,"Long Beach, CA",2836,37:28,9:22,M 40-44/9,M-44,113,46:40,49.09%
155,Brian Alterman,"Anaheim, CA",1,37:30,9:23,M 15-19/5,M-19,114,1:01:48,45.93%
156,Jeff Alterman,"Anaheim, CA",2001,37:31,9:23,M 45-49/4,M-49,115,1:01:48,50.98%
157,Alma Barocio,"Fontana, CA",1005,37:33,9:24,F 25-29/5,F-29,42,42:10,51.24%
158,Nicholas Stewart,"Placentia, CA",90,37:38,9:25,M 25-29/33,M-29,116,37:40,44.84%
159,Alieh Zamany,"Santa Ana, CA",1192,38:01,9:31,F 25-29/6,F-25,43,42:26,50.61%
160,Matthew Villarreal,"Moreno Valley, CA",98,38:16,9:34,M 20-24/22,M-24,117,38:21,44.05%
161,Colin Johnson,"Burbank, CA",709,38:21,9:36,M 35-39/15,M-39,118,38:24,46.17%
162,Kimberly Maclean,"Yorba Linda, CA",1074,38:28,9:37,F 25-29/7,F-29,44,42:49,50.02%
163,Jonathan Yang,"Santa Ana, CA",183,38:32,9:38,M 20-24/23,M-24,119,38:36,43.75%
164,Angela Salazar,"Laguna Niguel, CA",2086,38:32,9:38,F 35-39/6,F-39,45,47:43,51.41%
165,Patricia Labrecque,"Costa Mesa, CA",2046,38:33,9:39,F 35-39/7,F-39,46,47:43,51.38%
166,Danny Miyabe,"Orange, CA",2068,38:33,9:39,M 45-49/5,M-49,120,43:14,49.61%
167,Litovin Basarte,"Riverside, CA",8,38:38,9:40,M 30-34/24,M-34,121,38:42,44.32%
168,Brian Jacobs,"Newport Beach, CA",55,38:38,9:40,M 35-39/16,M-39,122,38:54,45.84%
169,Carl Elmore,"Orange, CA",2584,38:39,9:40,M 25-29/34,M-27,123,1:02:54,43.62%
170,Samuel Russell,"Riverside, CA",85,38:48,9:42,M 15-19/6,M-19,124,38:52,44.39%
171,Marleny Arevalo,"Cypress, CA",1002,38:50,9:43,F 30-34/11,F-34,47,43:11,49.89%
172,Janet Walker,"Costa Mesa, CA",2105,38:51,9:43,F 35-39/8,F-39,48,48:03,50.99%
173,Jesse De Leon,"Buena Park, CA",122,38:57,9:45,M 20-24/24,M-24,125,48:16,43.28%
174,Justin Strickling,"Ontario, CA",167,39:00,9:45,M 20-24/25,M-21,126,39:05,43.39%
175,Alana Ditta,"Yorba Linda, CA",1033,39:02,9:46,F 30-34/12,F-34,49,43:23,49.64%
176,William Hourigan,"Los Angeles, CA",217,39:03,9:46,M 20-24/26,M-23,127,43:25,43.17%
177,Bobby Besabe,"Burbank, CA",112,39:05,9:47,M 20-24/27,M-24,128,48:24,43.13%
178,Amelia Cheikh,"Fullerton, CA",1021,39:05,9:47,F 20-24/8,F-24,50,43:28,49.23%
179,Brent Northrup,"Fullerton, CA",74,39:06,9:47,M 20-24/28,M-24,129,43:29,43.11%
180,David Marzullo,"Costa Mesa, CA",2057,39:06,9:47,M 45-49/6,M-49,130,48:18,48.91%
181,Shayna Freeman,"Huntington Beach, CA",508,39:08,9:47,F 30-34/13,F-33,51,43:37,49.38%
182,Krista Mallery,"Irvine, CA",1075,39:09,9:48,F 15-19/6,F-19,52,43:29,49.36%
183,Jeremy Knittel,"Lancaster, CA",140,39:17,9:50,M 20-24/29,M-24,131,43:39,42.91%
184,Michael Pham,"Moreno Valley, CA",81,39:25,9:52,M 20-24/30,M-24,132,39:29,42.77%
185,Traci Kuratomi,"Glendale, CA",1066,39:31,9:53,F 20-24/9,F-24,53,43:59,48.69%
186,Naomi Ehlrich,"La Crescenta, CA",1035,39:31,9:53,F 20-24/10,F-24,54,43:59,48.69%
187,Stephanie Lyncheski,"Irvine, CA",2053,39:32,9:53,F 35-39/9,F-39,55,43:55,50.11%
188,Jewel Christie,"Mission Viejo, CA",1022,39:33,9:54,F 25-29/8,F-29,56,48:44,48.65%
189,Jodi Enomoto,"Gardena, CA",2586,39:46,9:57,F 25-29/9,F-29,57,1:04:14,48.39%
190,Kim Smith,"Marina Del Rey, CA",2588,39:46,9:57,F 25-29/10,F-29,58,1:04:15,48.39%
191,Condor Chou,"Los Angeles, CA",2587,39:46,9:57,M 30-34/25,M-30,133,1:04:16,42.52%
192,Nathalie Clericy,"Huntington Beach, CA",2010,39:46,9:57,F 40-44/9,F-44,59,44:08,51.74%
193,Zabrina Guizar,"Irvine, CA",2028,39:47,9:57,F 35-39/10,F-39,60,44:09,49.79%
194,Marta Abello,"Costa Mesa, CA",2111,39:48,9:57,F 35-39/11,F-39,61,1:03:59,49.77%
195,Kristen Boscia,"Seal Beach, CA",1301,39:51,9:58,F 35-39/12,F-39,62,1:04:09,49.71%
196,Joe Avila,"Garden Grove, CA",6,39:53,9:59,M 35-39/17,M-39,134,1:04:11,44.40%
197,Phillip Belcher,"San Diego, CA",14,39:53,9:59,M 25-29/35,M-29,135,39:53,42.31%
198,Tim Smith,"Palm Desert, CA",2161,39:55,9:59,M 40-44/10,M-44,136,44:17,46.07%
199,Katii Nosalek,"Garden Grove, CA",1082,39:57,10:00,F 15-19/7,F-19,63,44:16,48.37%
200,Matthew Higgins,"Riverside, CA",51,39:58,10:00,M 35-39/18,M-39,137,40:02,44.31%
201,Julie Russell,"Riverside, CA",2083,39:58,10:00,F 40-44/10,F-44,64,40:02,51.48%
202,Miriam Pasveer,"Corona, CA",2151,40:04,10:01,F 40-44/11,F-44,65,44:23,51.35%
203,Jennifer Garcia,"Stanton, CA",1146,40:06,10:02,F 30-34/14,F-31,66,44:33,48.02%
204,Ro Pascual,"Los Angeles, CA",1086,40:07,10:02,F 25-29/11,F-29,67,40:07,47.96%
205,Alex Klingensmith,"Santa Ana, CA",139,40:14,10:04,M 25-29/36,M-28,138,40:17,41.90%
206,Jess Santos,"Corona, CA",165,40:15,10:04,M 35-39/19,M-39,139,40:17,43.99%
207,Kc Annaloro,"Santa Ana, CA",108,40:15,10:04,M 30-34/26,M-33,140,40:17,42.38%
208,Gary Centers,"Yorba Linda, CA",772,40:23,10:06,M 15-19/7,M-19,141,44:56,42.65%
209,Kristen Raths,"Aliso Viejo, CA",1095,40:38,10:10,F 25-29/12,F-29,68,45:34,47.35%
210,Shae Givens,"San Diego, CA",2129,40:40,10:10,F 35-39/13,F-36,69,45:16,48.01%
211,Bobby Tachine,"Lake Forest, CA",2242,40:41,10:11,M 25-29/37,M-28,142,1:05:12,41.43%
212,Erika Lopez,"Newport Beach, CA",2243,40:41,10:11,F 20-24/11,F-22,70,1:05:12,47.30%
213,Taryn Roberts,"Rossmoor, CA",2210,40:42,10:11,F 35-39/14,F-39,71,1:05:13,48.67%
214,Reggie Guerrero,"Irvine, CA",130,40:44,10:11,M 25-29/38,M-29,143,1:05:13,41.42%
215,Keri Godfrey,"Rancho Santa Margarita, CA",2024,40:45,10:12,F 35-39/15,F-39,72,45:21,48.61%
216,Katherine Fowler,"Santa Ana, CA",1194,40:52,10:13,F 25-29/13,F-28,73,45:17,47.08%
217,Ginger Harrison,"Orange, CA",1048,40:54,10:14,F 25-29/14,F-29,74,45:18,47.04%
218,Kali Knapp,"Fullerton, CA",1062,41:06,10:17,F 20-24/12,F-24,75,45:28,46.82%
219,Patrick Macpherson,"Orange, CA",2054,41:10,10:18,M 40-44/11,M-44,144,45:49,44.67%
220,Andres Vallejo,"Costa Mesa, CA",174,41:10,10:18,M 20-24/31,M-24,145,50:41,40.95%
221,Jeremy Haase,"Bakersfield, CA",132,41:16,10:19,M 25-29/39,M-29,146,41:29,40.89%
222,Howard Thompson,"Long Beach, CA",2165,41:17,10:20,M 45-49/7,M-49,147,41:29,46.32%
223,Ofelia Cruz,"Placentia, CA",1142,41:18,10:20,F 15-19/8,F-19,76,41:37,46.79%
224,Rivera Victor,"Placentia, CA",175,41:18,10:20,M 15-19/8,M-19,148,41:36,41.70%
225,Kirsten Swiackey,"Indio, CA",1116,41:37,10:25,F 30-34/15,F-34,77,45:57,46.55%
226,Mandi Witkower,"Indio, CA",1129,41:38,10:25,F 30-34/16,F-34,78,45:59,46.54%
227,Anthony Basquez,"Santa Ana, CA",109,41:40,10:25,M 15-19/9,M-18,149,46:07,41.86%
228,Adrian Tafoya,"Santa Ana, CA",171,41:41,10:26,M 20-24/32,M-22,150,46:07,40.44%
229,Jon Larsen,"Fountain Valley, CA",2207,41:42,10:26,M 40-44/12,M-43,151,50:54,43.74%
230,Scarlet Garcia,"Rancho Cucamonga, CA",2023,41:45,10:27,F 45-49/3,F-49,79,1:05:54,52.04%
231,Diane Topp,"Yorba Linda, CA",2099,41:50,10:28,F 40-44/12,F-44,80,46:11,49.16%
232,Leslie Gonzalez,"Los Angeles, CA",1044,41:58,10:30,F 20-24/13,F-24,81,46:28,45.85%
233,Matthew Sy,"Santa Ana, CA",170,42:00,10:30,M 20-24/33,M-21,152,42:04,40.29%
234,Brian Lockhart,"La Habra Heights, CA",2819,42:00,10:30,M 45-49/8,M-49,153,46:29,45.53%
235,Joshua Dorris,"Long Beach, CA",33,42:01,10:31,M 15-19/10,M-19,154,51:15,40.99%
236,Aaron Terry,"Indio, CA",92,42:04,10:31,M 30-34/27,M-34,155,46:25,40.71%
237,Amber Rose Dean,"Huntington Beach, CA",1028,42:05,10:32,F 25-29/15,F-29,82,46:29,45.72%
238,Justin Wood,"Mission Viejo, CA",181,42:10,10:33,M 25-29/40,M-29,156,42:14,40.02%
239,Shannon McKinstry,"Aliso Viejo, CA",1077,42:19,10:35,F 30-34/17,F-34,83,47:20,45.78%
240,Brannon Means,"Tustin, CA",68,42:21,10:36,M 25-29/41,M-29,157,42:23,39.84%
241,Erik Olivas,"San Bernardino, CA",3054,42:22,10:36,M 20-24/34,M-22,158,56:32,39.79%
242,Hariven Cronk,"Huntington Beach, CA",2011,42:23,10:36,F 35-39/16,F-39,84,46:49,46.73%
243,Colleen Anderson,"San Clemente, CA",2113,42:24,10:36,F 40-44/13,F-44,85,46:45,48.53%
244,Bryan Ehler,"Huntington Beach, CA",35,42:33,10:39,M 35-39/20,M-39,159,42:40,41.61%
245,Belinda Cushing,"Huntington Beach, CA",2012,42:38,10:40,F 35-39/17,F-39,86,42:45,46.46%
246,Gina Beelner,"Whittier, CA",1006,42:38,10:40,F 30-34/18,F-34,87,51:51,45.44%
247,Charlene Ferry,"Long Beach, CA",2127,42:39,10:40,F 50-54/1,F-54,88,52:39,54.30%
248,Lindsey Seigel,"Mira Loma, CA",1108,42:40,10:40,F 15-19/9,F-19,89,47:11,45.29%
249,Jon Christian,"Sherman Oaks, CA",720,42:43,10:41,M 30-34/28,M-34,160,1:06:53,40.09%
250,Brian Beelner,"Whittier, CA",13,42:46,10:42,M 35-39/21,M-39,161,42:49,41.40%
251,Jackie Francoeur,"Newport Coast, CA",2305,42:51,10:43,F 45-49/4,F-46,90,52:05,48.95%
252,Mucio Vidales,"Whittier, CA",97,42:53,10:44,M 30-34/29,M-34,162,43:00,39.93%
253,Joann Lombardo,"Newport Beach, CA",2142,42:58,10:45,F 50-54/2,F-54,91,52:21,53.90%
254,Jorgette Joanne Yamyamin,"Tarzana, CA",1191,43:00,10:45,F 25-29/16,F-29,92,52:31,44.75%
255,Marie Cimbora,"Placentia, CA",2009,43:05,10:47,F 40-44/14,F-44,93,47:26,47.76%
256,Jay Swartz,"Costa Mesa, CA",169,43:06,10:47,M 30-34/30,M-34,163,47:26,39.73%
257,Lola Huse,"Yorba Linda, CA",1055,43:06,10:47,F 30-34/19,F-34,94,47:26,44.95%
258,Melissa Swartz,"Costa Mesa, CA",1183,43:06,10:47,F 30-34/20,F-34,95,47:26,44.95%
259,Maia Pellegrini,"Rancho Santa Margarita, CA",2155,43:10,10:48,F 40-44/15,F-44,96,1:07:21,47.66%
260,Pascal Krotee,"Newport Beach, CA",1158,43:18,10:50,F 20-24/14,F-24,97,52:41,44.44%
261,Brian Williams,"Fullerton, CA",179,43:22,10:51,M 35-39/22,M-37,164,48:05,40.22%
262,Austin Dodd,"San Bernardino, CA",3052,43:25,10:52,M 20-24/35,M-22,165,57:35,38.82%
263,Lisa McClain,"Rancho Santa Margarita, CA",2147,43:27,10:52,F 35-39/18,F-39,98,43:34,45.59%
264,Dayna Edwards,"Silverado, CA",2125,43:28,10:52,F 35-39/19,F-39,99,1:02:50,45.57%
265,Kerri Killaney,"Long Beach, CA",2815,43:30,10:53,F 40-44/16,F-40,100,1:07:52,45.80%
266,Richard W Hurtado,"Orange, CA",703,43:33,10:54,M 15-19/11,M-19,166,43:39,39.55%
267,Jared Conrad,"Mira Loma, CA",28,43:33,10:54,M 20-24/36,M-24,167,48:05,38.71%
268,Brian Craig,"Santa Ana, CA",117,43:42,10:56,M 25-29/42,M-29,168,48:08,38.61%
269,Don Krotee,"Newport Beach, CA",2138,43:43,10:56,M 60-99/3,M-60,169,53:06,47.94%
270,Christopher Scholl,"Coto De Caza, CA",86,43:43,10:56,M 20-24/37,M-24,170,48:43,38.56%
271,Kelly Hartwell,"Aliso Viejo, CA",2032,43:43,10:56,F 35-39/20,F-39,101,52:54,45.31%
272,Kathryn Raths,"Aliso Viejo, CA",1094,43:47,10:57,F 25-29/17,F-29,102,48:43,43.95%
273,Lee Herschler,"Santa Monica, CA",2034,43:48,10:57,F 45-49/5,F-49,103,53:06,49.60%
274,Randy Herschler,"Lakewood, CA",50,43:49,10:58,M 35-39/23,M-39,171,53:06,40.41%
275,Neal Becerra,"Orange, CA",11,43:51,10:58,M 35-39/24,M-39,172,1:03:04,40.38%
276,Margarita Chase,"Stanton, CA",1139,43:54,10:59,F 30-34/21,F-31,104,48:20,43.87%
277,Adrienne Wolowodiuk,"Temecula, CA",1130,43:59,11:00,F 30-34/22,F-34,105,48:34,44.05%
278,Keith Wolowodiuk,"Temecula, CA",102,43:59,11:00,M 30-34/31,M-34,173,48:34,38.93%
279,Brooke Miller,"Anaheim, CA",1308,44:04,11:01,F 15-19/10,F-15,106,48:38,45.71%
280,Kaity Mangiapane,"Encinitas, CA",1160,44:07,11:02,F 20-24/15,F-24,107,1:08:27,43.61%
281,Julia Schrofer,"Long Beach, CA",1177,44:07,11:02,F 20-24/16,F-24,108,1:08:27,43.61%
282,Nick Marantz,"Fountain Valley, CA",143,44:08,11:02,M 30-34/32,M-34,174,1:08:27,38.80%
283,Richard Hurtado,"Orange, CA",2809,44:14,11:04,M 40-44/13,M-44,175,44:21,41.58%
284,Robert Isakson,"Rancho Santa Margarita, CA",54,44:15,11:04,M 35-39/25,M-39,176,1:08:27,40.02%
285,Joe Pelkey,"San Diego, CA",2154,44:18,11:05,M 45-49/9,M-45,177,53:31,41.81%
286,Heidi Pelkey,"San Diego, CA",2153,44:18,11:05,F 40-44/17,F-40,109,53:31,44.98%
287,Logan Greaves,"San Jose, CA",770,44:18,11:05,M 20-24/38,M-24,178,1:08:31,38.05%
288,Ashley Niles,"Fullerton, CA",1166,44:22,11:06,F 30-34/23,F-34,110,49:08,43.67%
289,Adrienne Swietlikowski,"Huntington Beach, CA",1117,44:23,11:06,F 25-29/18,F-29,111,54:50,43.35%
290,Jenny Radant,"Orange, CA",1091,44:23,11:06,F 30-34/24,F-34,112,54:50,43.65%
291,Lindsay Booze,"San Diego, CA",1007,44:24,11:06,F 25-29/19,F-29,113,54:50,43.33%
292,Roberta Thom,"Rancho Cucamonga, CA",1185,44:27,11:07,F 30-34/25,F-32,114,48:50,43.40%
293,Tanya Macias,"Ontario, CA",1159,44:27,11:07,F 30-34/26,F-32,115,48:50,43.40%
294,Janet Clum,"Costa Mesa, CA",1023,44:32,11:08,F 30-34/27,F-34,116,49:10,43.50%
295,Alex Kapustin,"Chatsworth, CA",136,44:33,11:09,M 20-24/39,M-24,179,49:02,37.84%
296,Uday Gupta,"Laguna Beach, CA",220,44:33,11:09,M 35-39/26,M-37,180,44:48,39.15%
297,Lisa Bombarda,"Yorba Linda, CA",1403,44:39,11:10,F 20-24/17,F-24,117,49:12,43.09%
298,Michael Chukwueke,"Newport Beach, CA",714,44:39,11:10,M 25-29/43,M-29,181,44:40,37.79%
299,Ryan Whipple,"Huntington Beach, CA",2578,44:42,11:11,M 25-29/44,M-29,182,1:08:58,37.75%
300,Teresa Pham,"Irvine, CA",1088,44:45,11:12,F 30-34/28,F-34,118,49:23,43.29%
301,Dac Blassingame,"Newport Beach, CA",2585,44:45,11:12,M 25-29/45,M-27,183,1:09:00,37.67%
302,Lysset Tapia,"Rancho Santa Margarita, CA",1198,44:52,11:13,F 20-24/18,F-20,119,45:01,42.88%
303,Timothy Bistolas,"Huntington Beach, CA",17,44:56,11:14,M 15-19/12,M-19,184,1:09:06,38.33%
304,Jesse Novy,"Cypress, CA",75,45:03,11:16,M 20-24/40,M-24,185,45:04,37.42%
305,Darcey Oliver,"Rancho Santa Margarita, CA",1084,45:05,11:17,F 30-34/29,F-34,120,49:40,42.97%
306,Marc Hansen,"Tustin, CA",47,45:06,11:17,M 35-39/27,M-39,186,49:39,39.26%
307,Andrew Carney,"Costa Mesa, CA",22,45:06,11:17,M 30-34/33,M-34,187,49:41,37.97%
308,Summer Blaser,"Irvine, CA",2201,45:06,11:17,F 35-39/21,F-37,121,49:41,43.48%
309,Liz Carney,"San Clemente, CA",1016,45:06,11:17,F 30-34/30,F-34,122,49:40,42.96%
310,Louise Thornber,"San Clemente, CA",2097,45:07,11:17,F 40-44/18,F-44,123,49:41,45.60%
311,Nichole Fields,"Newport Coast, CA",2806,45:09,11:18,F 30-34/31,F-33,124,1:04:21,42.80%
312,Katy Hancock,"Apple Valley, CA",1047,45:10,11:18,F 20-24/19,F-24,125,1:04:24,42.60%
313,Aileen Kingsley,"Apple Valley, CA",1061,45:11,11:18,F 25-29/20,F-29,126,1:04:25,42.58%
314,Elisabeth Tupper,"Valley Center, CA",1122,45:18,11:20,F 20-24/20,F-24,127,1:09:42,42.47%
315,Uriel David Espinoza,"Oceanside, CA",39,45:19,11:20,M 20-24/41,M-24,188,1:09:43,37.20%
316,Darrell Robinson,"Virginia Beach, VA",161,45:25,11:22,M 35-39/28,M-39,189,45:28,38.99%
317,Stacey Sorenson,"Stanton, CA",1112,45:29,11:23,F 20-24/21,F-24,128,45:29,42.30%
318,Jennifer Juarez,"Whittier, CA",1057,45:34,11:24,F 25-29/21,F-29,129,49:55,42.22%
319,Christie Sessler,", CA",1200,45:35,11:24,F 20-24/22,F-24,130,49:55,42.21%
320,Lindsay David,"Dana Point, CA",1199,45:39,11:25,F 25-29/22,F-26,131,49:58,42.15%
321,Stacia Russell,"Newport Beach, CA",1099,45:41,11:26,F 25-29/23,F-29,132,50:09,42.12%
322,Erika Castro,"Mission Viejo, CA",1017,45:42,11:26,F 25-29/24,F-29,133,50:16,42.10%
323,Morgan Miller,"Anaheim, CA",1402,45:43,11:26,F 15-19/11,F-15,134,50:18,44.06%
324,Philip Greaves,"San Jose, CA",2225,45:49,11:28,M 60-99/4,M-60,190,1:10:02,45.74%
325,Jason Gardner,"Orange, CA",214,45:51,11:28,M 35-39/29,M-35,191,55:11,37.56%
326,Carlos Valencia,"Mission Viejo, CA",173,45:53,11:29,M 20-24/42,M-24,192,50:19,36.74%
327,Johannah Rafanan,"Winchester, CA",1092,45:54,11:29,F 25-29/25,F-29,135,51:15,41.92%
328,Gina Rogers,"Placentia, CA",2082,45:55,11:29,F 35-39/22,F-39,136,50:17,43.14%
329,Jason Rogers,"Placentia, CA",84,45:55,11:29,M 35-39/30,M-39,193,50:17,38.56%
330,Ashley Perez,"Newport Beach, CA",1087,45:55,11:29,F 20-24/23,F-24,137,50:24,41.90%
331,Timothy Claar,"Los Angeles, CA",26,45:55,11:29,M 25-29/46,M-29,194,50:24,36.75%
332,Claudia Sandoval,"Anaheim, CA",1101,45:56,11:29,F 30-34/32,F-34,138,50:24,42.18%
333,Kristine McKeon,"Newport Beach, CA",2059,45:57,11:30,F 45-49/6,F-49,139,50:26,47.28%
334,Angela Canant,"Santa Ana, CA",1013,46:00,11:30,F 30-34/33,F-34,140,50:30,42.12%
335,Holly Holzer,"Anaheim, CA",2812,46:01,11:31,F 35-39/23,F-39,141,1:10:24,43.04%
336,Virginia Lucando,"Cerritos, CA",2052,46:02,11:31,F 35-39/24,F-39,142,55:20,43.03%
337,Beau Johnston,"Anaheim, CA",707,46:02,11:31,M 25-29/47,M-29,195,1:10:24,36.65%
338,Kevin Poush,"Long Beach, CA",2580,46:04,11:31,M 30-34/34,M-31,196,1:10:21,36.77%
339,Ryan Thomas,"Huntington Beach, CA",2579,46:06,11:32,M 25-29/48,M-29,197,1:10:21,36.60%
340,Gina Vlosky,"San Clemente, CA",2581,46:06,11:32,F 20-24/24,F-22,143,1:10:21,41.74%
341,Graydon Greiwe,"Newport Beach, CA",223,46:06,11:32,M 20-24/43,M-23,198,1:10:22,36.56%
342,Ashley Loeb,"Los Angeles, CA",1209,46:07,11:32,F 20-24/25,F-22,144,1:10:22,41.72%
343,Danny Hudgins,"Newport Beach, CA",2583,46:07,11:32,M 25-29/49,M-27,199,1:10:21,36.55%
344,Jonathan Charfauros,"Temecula, CA",24,46:10,11:33,M 30-34/35,M-34,200,55:24,37.09%
345,Kendall McCormick,"Long Beach, CA",1203,46:11,11:33,Unknown/1,F-12,145,56:21,45.81%
346,Daniel Becerra,"Orange, CA",2002,46:12,11:33,M 55-59/1,M-59,201,1:05:24,44.97%
347,William Herrera,"Orange, CA",134,46:15,11:34,M 20-24/44,M-24,202,1:10:33,36.45%
348,Scott Magner,"Laguna Beach, CA",2826,46:16,11:34,M 35-39/31,M-39,203,46:19,38.27%
349,Mark Barbieri,"Laguna Beach, CA",706,46:17,11:35,M 35-39/32,M-39,204,46:19,38.26%
350,Cristi Mousseau,"Long Beach, CA",2150,46:20,11:35,F 45-49/7,F-49,146,46:22,46.89%
351,Edwin Villar,"Irvine, CA",202,46:26,11:37,M 20-24/45,M-24,205,51:00,36.30%
352,Anna Peckson,"Huntington Beach, CA",1170,46:29,11:38,F 30-34/34,F-34,147,50:58,41.68%
353,Jay Pand,"Huntington Beach, CA",152,46:31,11:38,M 30-34/36,M-34,206,50:57,36.81%
354,Andrea Gross,"Covina, CA",1148,46:32,11:38,F 25-29/26,F-25,148,50:54,41.35%
355,Chris Fleury,"Mission Viejo, CA",2020,46:33,11:39,M 40-44/14,M-44,207,1:11:00,39.51%
356,Dianne Stobbe,"Rancho Santa Margarita, CA",2093,46:33,11:39,F 45-49/8,F-49,149,51:08,46.67%
357,Samantha Vanderpol,"Rancho Santa Margarita, CA",2802,46:33,11:39,F 35-39/25,F-39,150,51:09,42.55%
358,Cindy Hilburn,"Rancho Santa Margarita, CA",2036,46:35,11:39,F 45-49/9,F-49,151,51:08,46.64%
359,Jill Pizzuti,"Rancho Santa Margarita, CA",2077,46:35,11:39,F 45-49/10,F-49,152,51:09,46.64%
360,Scott Shumaker,"Orange, CA",2159,46:35,11:39,M 40-44/15,M-42,208,50:59,38.87%
361,Juan Hernandez,"Santa Ana, CA",2134,46:40,11:40,M 50-54/6,M-50,209,51:50,41.30%
362,Ronald Hernandez,"Long Beach, CA",49,46:44,11:41,M 25-29/50,M-29,210,1:11:07,36.10%
363,Maritza Hernandez,"Long Beach, CA",1051,46:45,11:42,F 25-29/27,F-29,153,1:11:08,41.16%
364,Jake Otis,"Mission Viejo, CA",80,46:48,11:42,M 30-34/37,M-34,211,1:11:15,36.59%
365,Nolan Leo,"Yorba Linda, CA",141,46:50,11:43,M 20-24/46,M-24,212,46:51,35.99%
366,Robin Westmoreland,"Long Beach, CA",2301,46:57,11:45,F 40-44/19,F-44,154,57:05,43.82%
367,Leah Manchester,"Los Angeles, CA",1076,46:58,11:45,F 20-24/26,F-24,155,51:18,40.97%
368,Sean Strickling,"Ontario, CA",168,47:01,11:46,M 35-39/33,M-36,213,47:07,36.84%
369,Margaret Hamer,"San Clemente, CA",2846,47:03,11:46,F 40-44/20,F-44,156,51:25,43.73%
370,Shirley Salguero,"Los Angeles, CA",1174,47:14,11:49,F 25-29/28,F-29,157,1:11:23,40.73%
371,Ghahre Pascale,"Allen, TX",153,47:14,11:49,M 30-34/38,M-34,214,51:45,36.25%
372,Amoreena Fidani,"Glendora, CA",1038,47:14,11:49,F 25-29/29,F-29,158,51:45,40.73%
373,Heather Krey,"Rancho Cucamonga, CA",1065,47:14,11:49,F 30-34/35,F-34,159,51:35,41.02%
374,Karla Salguero,"Los Angeles, CA",1173,47:15,11:49,F 25-29/30,F-29,160,1:11:23,40.72%
375,Tim Day,"Los Angeles, CA",121,47:15,11:49,M 30-34/39,M-34,215,1:11:23,36.24%
376,Doug Erickson,"Orange, CA",38,47:15,11:49,M 30-34/40,M-34,216,51:46,36.24%
377,Jonathan Fidani,"Glendora, CA",42,47:16,11:49,M 25-29/51,M-29,217,51:46,35.70%
378,Kristen Moreno,"Ladera Ranch, CA",2821,47:16,11:49,F 35-39/26,F-39,161,1:11:28,41.90%
379,Brian Bombarda,"Yorba Linda, CA",710,47:16,11:49,M 25-29/52,M-29,218,51:50,35.70%
380,Ryan Peithman,"Irvine, CA",156,47:18,11:50,M 20-24/47,M-24,219,1:11:35,35.64%
381,Karen Aceves,"San Gabriel, CA",2227,47:18,11:50,F 15-19/12,F-19,162,1:11:35,40.85%
382,Katie Newton,"Anaheim, CA",1165,47:18,11:50,F 15-19/13,F-19,163,1:11:35,40.85%
383,Julio Canchola,"Gardena, CA",21,47:23,11:51,M 20-24/48,M-24,220,47:32,35.57%
384,Katerina Stickel,", CA",1313,47:25,11:52,F 20-24/27,F-23,164,1:06:43,40.58%
385,Lydie Loth,"Newport Beach, CA",1073,47:26,11:52,F 20-24/28,F-24,165,1:11:50,40.56%
386,Mary Raypon,"Yorba Linda, CA",1096,47:26,11:52,F 20-24/29,F-24,166,47:34,40.56%
387,Kevin Valdez,"Irvine, CA",94,47:26,11:52,M 20-24/49,M-24,221,1:11:51,35.54%
388,Rachel Holland,"Newport Beach, CA",1054,47:27,11:52,F 20-24/30,F-24,167,1:11:51,40.55%
389,Sara Paraham,"Santa Ana, CA",1168,47:27,11:52,F 25-29/31,F-27,168,51:54,40.55%
390,Sandra Lopez,"Trabuco Canyon, CA",2143,47:29,11:53,F 35-39/27,F-39,169,52:05,41.71%
391,Paul Wignall,"Santa Ana, CA",178,47:41,11:56,M 30-34/41,M-30,222,52:10,35.45%
392,K Eyin Gaugan Ger,"Newport Beach, CA",2204,47:46,11:57,M 45-49/10,M-49,223,57:05,40.03%
393,Edith Garibay,"Irvine, CA",2224,47:52,11:58,F 35-39/28,F-39,170,1:12:10,41.38%
394,Jennifer Hanna,"Ladera Ranch, CA",2031,47:52,11:58,F 35-39/29,F-39,171,52:53,41.38%
395,Lara Sawalha,"Yorba Linda, CA",1103,48:09,12:03,F 20-24/31,F-24,172,52:29,39.96%
396,Erin Thompson,"Costa Mesa, CA",1119,48:13,12:04,F 25-29/32,F-29,173,48:51,39.90%
397,Tiffany Tse,"Cypress, CA",1187,48:35,12:09,F 20-24/32,F-24,174,52:57,39.60%
398,Jose Mena,"Los Angeles, CA",69,48:37,12:10,M 35-39/34,M-39,224,1:12:47,36.42%
399,Marie Allan,"Los Angeles, CA",2000,48:38,12:10,F 35-39/30,F-39,175,1:12:47,40.73%
400,Katie Saddler,"Yorba Linda, CA",1100,48:45,12:12,F 20-24/33,F-24,176,53:06,39.47%
401,Stephanie Buranek,"Yorba Linda, CA",1009,48:45,12:12,F 20-24/34,F-24,177,53:06,39.47%
402,Shelley Upton,"San Juan Capistrano, CA",2101,48:46,12:12,F 45-49/11,F-49,178,53:44,44.53%
403,Jack Upton,"San Juan Capistrano, CA",2100,48:48,12:12,M 50-54/7,M-54,225,53:45,40.79%
404,Lorena Rojas,"Chino Hills, CA",1172,48:49,12:13,F 25-29/33,F-29,179,48:56,39.41%
405,Alyssa Garibay,"Irvine, CA",1311,49:00,12:15,F 15-19/14,F-19,180,1:13:19,39.44%
406,Tom Eisner,"Redondo Beach, CA",2126,49:01,12:16,M 50-54/8,M-54,226,53:33,40.61%
407,Debbie McAlpine,"Redondo Beach, CA",2146,49:02,12:16,F 50-54/3,F-54,181,53:32,47.23%
408,Terri Blake,"Anaheim, CA",2115,49:05,12:17,F 50-54/4,F-53,182,53:39,46.57%
409,Alyssa McAlpine,"Redondo Beach, CA",1162,49:07,12:17,F 20-24/35,F-24,183,53:38,39.17%
410,Nick Becerra,"Orange, CA",12,49:08,12:17,M 30-34/42,M-34,227,1:08:21,34.85%
411,Crystal Jackson,"Riverside, CA",1407,49:09,12:18,F 20-24/36,F-23,184,53:46,39.15%
412,Jason Holland,"Huntington Beach, CA",52,49:09,12:18,M 30-34/43,M-34,228,1:08:20,34.84%
413,John Martinez,"Lakewood, CA",2056,49:11,12:18,M 55-59/2,M-59,229,58:28,42.24%
414,Amanda Shareghi,"Westminster, CA",1179,49:19,12:20,F 20-24/37,F-24,185,49:24,39.01%
415,Teri Hazzard,"Torrance, CA",2801,49:22,12:21,F 45-49/12,F-49,186,53:52,44.01%
416,Brandi Lopez,"Fullerton, CA",1072,49:22,12:21,F 30-34/36,F-34,187,53:45,39.24%
417,Ryan Singler,"Orange, CA",219,49:28,12:22,M 20-24/50,M-21,230,53:52,34.21%
418,Carin Hall,"Orange, CA",1046,49:31,12:23,F 20-24/38,F-24,188,53:55,38.86%
419,Genny Wenger,"Orange, CA",1126,49:32,12:23,F 20-24/39,F-24,189,53:56,38.84%
420,Laura Camilleri,"Mission Viejo, CA",2117,49:33,12:24,F 35-39/31,F-37,190,58:52,39.57%
421,Lola Smith,"Mission Viejo, CA",2160,49:34,12:24,F 50-54/5,F-51,191,58:53,44.94%
422,Denise Dallape,"Laguna Niguel, CA",2121,49:34,12:24,F 45-49/13,F-49,192,58:53,43.83%
423,Adela Medina,"San Diego, CA",2148,49:35,12:24,F 40-44/21,F-41,193,58:53,40.48%
424,Adrienne McKechnie,"Aliso Viejo, CA",2807,49:35,12:24,F 40-44/22,F-41,194,58:53,40.48%
425,Michael Voris,"Mission Viejo, CA",2167,49:35,12:24,M 45-49/11,M-46,231,54:01,37.66%
426,Bonnie Bueno,"Costa Mesa, CA",1138,49:35,12:24,F 25-29/34,F-29,195,54:00,38.80%
427,Lina Bright,"Ladera Ranch, CA",1137,49:36,12:24,F 25-29/35,F-29,196,54:02,38.79%
428,Robin Harman,"Granada Hills, CA",2574,49:39,12:25,M 30-34/44,M-32,232,1:14:11,34.22%
429,Ryan Kirkpatrick,"Granada Hills, CA",2573,49:44,12:26,M NoAge/0,M-0,233,1:14:14, 0.00%
430,Sarah Hall,"Rancho Santa Margarita, CA",1151,49:47,12:27,F 20-24/40,F-24,197,54:45,38.65%
431,Cheryl Hoss,"San Clemente, CA",2038,49:48,12:27,F 40-44/23,F-44,198,54:46,41.31%
432,David Gritters,"Brea, CA",2025,49:50,12:28,M 40-44/16,M-44,234,54:26,36.90%
433,Linda O'Neal,"San Juan Capistrano, CA",2071,49:51,12:28,F 35-39/32,F-39,199,54:50,39.73%
434,Alma Espinoza,"Oceanside, CA",1036,49:51,12:28,F 25-29/36,F-29,200,1:14:15,38.60%
435,Garret Routh,"San Bernardino, CA",3053,50:06,12:32,M 20-24/51,M-22,235,50:32,33.64%
436,Maggie Crowley,"Santa Ana, CA",1141,50:18,12:35,F 20-24/41,F-21,201,54:43,38.25%
437,Christie Kjellman,"Aliso Viejo, CA",2043,50:21,12:36,F 50-54/6,F-54,202,1:14:31,45.99%
438,Nick Berry,"San Bernardino, CA",3058,50:23,12:36,M 20-24/52,M-20,236,50:55,33.82%
439,Thomas Michaelis,"Irvine, CA",2066,50:24,12:36,M 40-44/17,M-44,237,1:14:39,36.49%
440,Tim Kovacic,"Aliso Viejo, CA",59,50:24,12:36,M 35-39/35,M-39,238,1:14:39,35.13%
441,Anna Kovacic,"Aliso Viejo, CA",2045,50:25,12:37,F 35-39/33,F-39,203,1:14:40,39.29%
442,Lonnie Deck,"Fontana, CA",3057,50:26,12:37,M 15-19/13,M-18,239,50:55,34.58%
443,Luis Guerra,"Chino, CA",45,50:26,12:37,M 20-24/53,M-24,240,54:57,33.42%
444,Kristina Palafox,"Irvine, CA",1085,50:26,12:37,F 30-34/37,F-34,204,1:14:41,38.41%
445,Vivian Willis,"Aliso Viejo, CA",2108,50:27,12:37,F 40-44/24,F-44,205,1:14:36,40.78%
446,Aaron Jimenez,"Fontana, CA",3055,50:27,12:37,M 15-19/14,M-19,241,50:55,34.14%
447,Jennifer Lee,"Brea, CA",1069,50:35,12:39,F 30-34/38,F-34,206,1:09:50,38.30%
448,Jazmyn Mares,"Diamond Bar, CA",1161,50:40,12:40,F 20-24/42,F-24,207,55:25,37.97%
449,Nicolas Pogu,"Corona, CA",3051,50:42,12:41,M 20-24/54,M-23,242,50:42,33.25%
450,Sandy White,"Laguna Hills, CA",598,50:46,12:42,F 45-49/14,F-45,208,1:09:55,40.89%
451,Tammy Gritters,"Brea, CA",2026,50:46,12:42,F 35-39/34,F-39,209,55:21,39.01%
452,Taysha Werner,"Laguna Hills, CA",599,50:46,12:42,F 20-24/43,F-21,210,1:09:55,37.90%
453,Chandra Larose,"Brea, CA",2048,50:46,12:42,F 35-39/35,F-39,211,55:21,39.01%
454,Kris Etzold,"Tustin, CA",596,50:50,12:43,F 40-44/25,F-43,212,1:09:59,40.11%
455,Magaly Rios,"Diamond Bar, CA",2157,50:50,12:43,F 40-44/26,F-44,213,55:36,40.47%
456,Darlene Rose,"Mission Viejo, CA",1097,50:53,12:44,F 20-24/44,F-24,214,51:00,37.81%
457,Sarah Messinger,"Irvine, CA",1164,50:58,12:45,F 25-29/37,F-27,215,50:58,37.75%
458,Jared Wood,"Laguna Niguel, CA",180,51:01,12:46,M 25-29/53,M-29,243,51:05,33.07%
459,Keesha Solorio,"Irvine, CA",1111,51:09,12:48,F 20-24/45,F-24,216,55:41,37.61%
460,Dean Yankovich,"Rancho Cucamonga, CA",105,51:10,12:48,M 25-29/54,M-29,244,51:17,32.97%
461,Kim Silva,"La Habra, CA",1110,51:11,12:48,F 25-29/38,F-29,217,55:44,37.59%
462,Leann Mitchell,"San Diego, CA",1079,51:14,12:49,F 25-29/39,F-29,218,51:14,37.55%
463,Steve Hagye,"Rancho Santa Margarita, CA",2030,51:21,12:51,M 45-49/12,M-49,245,1:00:34,37.24%
464,Jackie Eldridge,"Laguna Hills, CA",2202,51:23,12:51,F 45-49/15,F-47,219,1:00:36,41.27%
465,Julie Boon,"Corona, CA",2004,51:47,12:57,F 35-39/36,F-39,220,1:01:05,38.25%
466,Paula Rawls,"Irvine, CA",2080,51:48,12:57,F 35-39/37,F-39,221,1:01:05,38.24%
467,Tod Warren,"Laguna Hills, CA",99,51:49,12:58,M 35-39/36,M-39,246,56:53,34.17%
468,Shanon Sharp,"Anaheim, CA",1109,51:50,12:58,F 30-34/39,F-34,222,56:53,37.38%
469,Shawna Warren,"Laguna Hills, CA",1125,51:50,12:58,F 30-34/40,F-34,223,56:53,37.38%
470,Melissa Williams,"Corona, CA",1128,51:58,13:00,F 25-29/40,F-29,224,56:55,37.02%
471,Randee Whitney,"Fullerton, CA",1127,52:00,13:00,F 20-24/46,F-24,225,1:16:25,37.00%
472,Diana Medina,"Mission Viejo, CA",2062,52:01,13:01,F 45-49/16,F-49,226,1:16:18,41.76%
473,Steve Williams,"Corona, CA",100,52:04,13:01,M 25-29/55,M-29,247,56:55,32.40%
474,Misty Charfauros,"Temecula, CA",1020,52:07,13:02,F 30-34/41,F-34,227,1:01:20,37.17%
475,Leticia Villarreal,"Brea, CA",1124,52:07,13:02,F 30-34/42,F-34,228,56:28,37.17%
476,Sabrina Quinene,"Oceanside, CA",1090,52:07,13:02,F 20-24/47,F-24,229,1:01:20,36.92%
477,Kyle Englert,"Laguna Niguel, CA",2017,52:12,13:03,F 50-54/7,F-54,230,1:11:25,44.36%
478,Dawn Camba,"Orange, CA",2008,52:14,13:04,F 40-44/27,F-44,231,56:40,39.39%
479,Steven Maclean,"Yorba Linda, CA",64,52:28,13:07,M 25-29/56,M-29,248,52:29,32.16%
480,Melanie Donegan,"Stanton, CA",2015,52:30,13:08,F 50-54/8,F-54,232,56:54,44.11%
481,Diane Alexander,"Corona, CA",2575,52:31,13:08,F 40-44/28,F-43,233,1:17:03,38.83%
482,Stephen Visocan,"North Hollywood, CA",2577,52:31,13:08,M 30-34/45,M-32,249,1:17:02,32.35%
483,Eric Mendoza,"Orange, CA",2064,52:32,13:08,M 40-44/18,M-44,250,1:01:42,35.00%
484,Gaby Torres,"Chino Hills, CA",1120,52:36,13:09,F 30-34/43,F-34,234,57:00,36.83%
485,Jodi Pickering,"Capistrano Beach, CA",2075,52:38,13:10,F 35-39/38,F-39,235,1:16:51,37.63%
486,Nate Anderson,"Capistrano Beach, CA",2303,52:38,13:10,M 45-49/13,M-47,251,1:16:52,35.76%
487,Shan Melendreras,"San Clemente, CA",2063,52:39,13:10,F 35-39/39,F-39,236,1:16:52,37.62%
488,Kathleen Segletes,"Brea, CA",1106,52:39,13:10,F 20-24/48,F-24,237,57:03,36.54%
489,Jason Crawford,"San Clemente, CA",210,52:39,13:10,M 35-39/37,M-36,252,1:16:52,32.90%
490,Marv Englert,"Laguna Niguel, CA",2018,52:42,13:11,M 50-54/9,M-54,253,1:11:56,37.77%
491,Michelle Merlino,"Costa Mesa, CA",1163,52:45,13:12,F 20-24/49,F-24,238,57:05,36.47%
492,Amanda Durnbaugh,"Orange, CA",1201,52:51,13:13,F 25-29/41,F-29,239,1:17:14,36.40%
493,Erin Douglas,"Costa Mesa, CA",2122,52:57,13:15,F 35-39/40,F-37,240,57:31,37.03%
494,Sandra Zeron,"Montclair, CA",1322,52:58,13:15,F 25-29/42,F-29,241,1:17:29,36.32%
495,Shaana Saluja,"Anaheim, CA",1196,53:00,13:15,F 40-44/29,F-40,242,1:02:17,37.59%
496,Dean Gutierrez,"Anaheim, CA",2209,53:00,13:15,M 40-44/19,M-44,254,1:02:16,34.70%
497,Derek Basterrechea,"Yorba Linda, CA",9,53:02,13:16,M 25-29/57,M-29,255,53:04,31.81%
498,Rex Elder,"Yorba Linda, CA",37,53:04,13:16,M 25-29/58,M-29,256,53:06,31.79%
499,Laura Straub,"Dana Point, CA",2094,53:13,13:19,F 40-44/30,F-44,243,1:17:25,38.66%
500,Stephanie Calderon,"Lake Forest, CA",1011,53:18,13:20,F 20-24/50,F-24,244,57:56,36.10%
501,Danielle Wright,"Santa Ana, CA",2110,53:18,13:20,F 35-39/41,F-39,245,1:02:34,37.16%
502,Michelle Gibbs,"Long Beach, CA",2208,53:20,13:20,F 35-39/42,F-39,246,1:03:29,37.14%
503,Christi Buchman,"Long Beach, CA",1195,53:20,13:20,F 30-34/44,F-34,247,1:03:27,36.32%
504,Nicole Hill,"Mission Viejo, CA",1053,53:21,13:21,F 30-34/45,F-34,248,57:50,36.31%
505,Brigitte Ipek,"Newport Beach, CA",1155,53:49,13:28,F 20-24/51,F-24,249,1:18:02,35.75%
506,Amy Bistolas,"Huntington Beach, CA",2003,53:50,13:28,F 35-39/43,F-39,250,1:18:01,36.79%
507,Tina Haidl,"Huntington Beach, CA",2133,53:54,13:29,F 35-39/44,F-36,251,1:03:10,36.22%
508,Clinton Miyazono,"Santa Ana, CA",145,53:56,13:29,M 20-24/55,M-23,257,53:56,31.25%
509,Malcom Waters,"Santa Ana, CA",177,53:57,13:30,M 25-29/59,M-28,258,54:00,31.24%
510,ALYSON STINSON,"CRESTLINE, CA",2850,54:06,13:32,F 40-44/31,F-44,252,1:18:23,38.03%
511,Teresa Hayes,"Mission Viejo, CA",2033,54:17,13:35,F 45-49/17,F-49,253,1:18:33,40.02%
512,Julie Dorris,"Long Beach, CA",2016,54:22,13:36,F 35-39/45,F-39,254,1:03:36,36.43%
513,Katherine Degraffenreid,"Yorba Linda, CA",1030,54:25,13:37,F 30-34/46,F-34,255,1:03:39,35.60%
514,Tisha Klingensmith,"Santa Ana, CA",1157,54:32,13:38,F 25-29/43,F-28,256,59:00,35.28%
515,Chad Ramunni,"Foothill Ranch, CA",82,54:41,13:41,M 35-39/38,M-39,259,59:13,32.38%
516,Shirley Dean-Lopez,"Long Beach, CA",2013,54:47,13:42,F 50-54/9,F-54,257,59:11,42.27%
517,Brenna Dumerton,"Huntington Beach, CA",2123,55:06,13:47,F 35-39/46,F-39,258,1:19:28,35.95%
518,Laura Masotto,"Mission Viejo, CA",2145,56:08,14:02,F 35-39/47,F-36,259,1:05:27,34.78%
519,Erica Tartaglia,"Orange, CA",2095,56:38,14:10,F 35-39/48,F-39,260,1:15:51,34.97%
520,Jackie Stevens,"Orange, CA",1115,56:39,14:10,F 25-29/44,F-29,261,1:15:50,33.96%
521,Stephen Hulsey,"Los Angeles, CA",2039,57:12,14:18,M 60-99/5,M-60,260,1:06:27,36.64%
522,James O'Brien Ii,"San Mateo, CA",2070,57:13,14:19,M 55-59/3,M-59,261,1:06:28,36.31%
523,Antony Mitchell,"San Diego, CA",2149,57:29,14:23,M 40-44/20,M-44,262,1:02:01,31.99%
524,Beth Hanson,"Santa Ana, CA",1152,57:31,14:23,F 30-34/47,F-34,262,1:21:55,33.68%
525,Jennifer Christensen,"San Diego, CA",2118,57:33,14:24,F 35-39/49,F-39,263,1:02:05,34.41%
526,Jacqui Tata,"Laguna Niguel, CA",2096,57:37,14:25,F 35-39/50,F-39,264,1:01:57,34.38%
527,Grace Park,"Buena Park, CA",1169,57:41,14:26,F 20-24/52,F-24,265,1:21:50,33.35%
528,Janice Kim,"Cerritos, CA",1156,57:42,14:26,F 20-24/53,F-24,266,1:21:51,33.34%
529,Deborah Lalonde,"Long Beach, CA",2140,57:50,14:28,F 40-44/32,F-44,267,57:50,35.57%
530,Laurie Hutton,"Long Beach, CA",2135,57:52,14:28,F 40-44/33,F-44,268,57:52,35.55%
531,Matthew Morris,"Newport Beach, CA",146,57:54,14:29,M 35-39/39,M-39,263,1:02:25,30.58%
532,Stephanie Tripicchio,"Orange, CA",1186,58:10,14:33,F 25-29/45,F-29,269,1:02:37,33.08%
533,Elizabeth Fisher,"Highland, CA",1039,58:16,14:34,F 25-29/46,F-29,270,58:23,33.02%
534,Porscha Ferguson,"Bellflower, CA",1145,58:23,14:36,F 20-24/54,F-24,271,1:07:36,32.95%
535,Megan Reynolds,"Huntington Beach, CA",1171,58:24,14:36,F 20-24/55,F-23,272,1:07:36,32.94%
536,Tricia Hoffman,"Los Angeles, CA",2568,58:32,14:38,F 25-29/47,F-25,273,1:22:49,32.87%
537,Sheila Seno,"Los Angeles, CA",1178,58:35,14:39,F 25-29/48,F-28,274,1:02:55,32.84%
538,Teresa Argentre,"Los Angeles, CA",2114,58:36,14:39,F 35-39/51,F-36,275,1:02:55,33.31%
539,Roxanne Calzada,"Oceanside, CA",1012,59:02,14:46,F 20-24/56,F-24,276,1:08:16,32.59%
540,Sherry Corona,"Oceanside, CA",1026,59:03,14:46,F 30-34/48,F-34,277,1:08:16,32.81%
541,Isabel Corona,"Escondido, CA",1025,59:03,14:46,F 30-34/49,F-34,278,1:08:16,32.81%
542,Victoria Lara,"Riverside, CA",1306,59:45,14:57,F 20-24/57,F-24,279,1:08:58,32.20%
543,Jessica McMillen,"Laguna Niguel, CA",1410,59:45,14:57,F 25-29/49,F-29,280,1:08:58,32.19%
544,Korynn Kennedy,"Costa Mesa, CA",1307,59:49,14:58,F 15-19/15,F-19,281,1:09:02,32.30%
545,Robyn Stiffler,"Santa Ana, CA",2092,59:50,14:58,F 50-54/10,F-54,282,1:09:02,38.70%
546,Erica Azoyan,"Orange, CA",1003,59:51,14:58,F 25-29/50,F-29,283,1:09:02,32.14%
547,Lynda Williams,"Buena Park, CA",2168,1:00:11,15:03,F 45-49/18,F-49,284,1:24:38,36.09%
548,Kelli Troescher,"Irvine, CA",2166,1:00:12,15:03,F 40-44/34,F-44,285,1:24:38,34.17%
549,Lissa Haro,"Lakewood, CA",2843,1:00:12,15:03,F 35-39/52,F-39,286,1:24:39,32.90%
550,Britta Brodowski,"Buena Park, CA",2116,1:00:13,15:04,F 35-39/53,F-39,287,1:24:38,32.89%
551,Sandy O'Dea,"Long Beach, CA",1167,1:00:13,15:04,F 30-34/50,F-34,288,1:24:39,32.17%
552,Felisa Santos,"Mission Viejo, CA",1175,1:00:14,15:04,F 20-24/58,F-24,289,1:04:52,31.94%
553,Noelle Seibert,"Placentia, CA",1107,1:00:21,15:06,F 20-24/59,F-24,290,1:04:45,31.88%
554,Megan De Leon,"Walnut, CA",1027,1:00:21,15:06,F 20-24/60,F-24,291,1:09:36,31.88%
555,Emily Cavanaugh,"Long Beach, CA",1018,1:00:22,15:06,F 20-24/61,F-24,292,1:09:37,31.87%
556,Jacqueline Burnside,"La Verne, CA",1010,1:00:27,15:07,F 20-24/62,F-24,293,1:04:50,31.83%
557,Katie Fickey,"La Verne, CA",1037,1:00:31,15:08,F 20-24/63,F-24,294,1:04:56,31.79%
558,Jeannette Guck,"Santa Ana, CA",1149,1:00:33,15:09,F 20-24/64,F-23,295,1:05:01,31.77%
559,Jennifer Scheliga,"Santa Ana, CA",1176,1:00:40,15:10,F 30-34/51,F-30,296,1:05:08,31.71%
560,Michelle Gardner,"Corona, CA",2205,1:00:55,15:14,F 35-39/54,F-35,297,1:05:15,31.91%
561,Toni Soto,"Irvine, CA",1114,1:01:02,15:16,F 30-34/52,F-34,298,1:05:38,31.74%
562,Kevin Allmendinger,"Yorba Linda, CA",2112,1:01:37,15:25,M 40-44/21,M-44,264,1:10:49,29.84%
563,Tiffany Henderson,"Riverside, CA",1153,1:01:39,15:25,F 20-24/65,F-22,299,1:06:17,31.21%
564,Lupita Ho,"Lake Forest, CA",2304,1:01:41,15:26,F 40-44/35,F-44,300,1:25:56,33.35%
565,Joanna Wong,"Lake Forest, CA",1206,1:01:43,15:26,F 20-24/66,F-22,301,1:25:58,31.17%
566,Eric Doyle,"Orange, CA",124,1:01:43,15:26,M 20-24/56,M-24,265,1:20:54,27.31%
567,Stefanie Guyer,"Santa Ana, CA",1150,1:01:44,15:26,F 20-24/67,F-24,302,1:20:55,31.16%
568,Patricia Pippen,"Irvine, CA",1089,1:01:47,15:27,F 25-29/51,F-29,303,1:06:09,31.14%
569,Angie Diaz,"Long Beach, CA",1032,1:01:48,15:27,F 25-29/52,F-29,304,1:06:13,31.13%
570,Ronelle Edwards,"Grand Terrace, CA",1197,1:01:49,15:28,F 25-29/53,F-28,305,1:21:03,31.12%
571,Samantha Baez,"Inglewood, CA",1004,1:01:52,15:28,F 20-24/68,F-24,306,1:06:18,31.10%
572,Jackie Blackwell,"Santa Ana, CA",1134,1:01:54,15:29,F 20-24/69,F-24,307,1:06:19,31.08%
573,Julie Santillan,"San Diego, CA",1102,1:01:54,15:29,F 25-29/54,F-29,308,1:06:20,31.08%
574,Teri Hebert,"Laguna Hills, CA",1050,1:02:14,15:34,F 30-34/53,F-34,309,1:26:27,31.13%
575,Jennifer Bork,"Laguna Hills, CA",2005,1:02:15,15:34,F 40-44/36,F-44,310,1:26:28,33.05%
576,Jon Bork,"Laguna Hills, CA",2006,1:02:15,15:34,M 45-49/14,M-49,266,1:26:27,30.72%
577,Julia Anoshechkina,"TARZANA, CA",1314,1:02:32,15:38,F 20-24/70,F-24,311,1:12:03,30.77%
578,Johana Wolff,"Santa Monica, CA",1190,1:02:32,15:38,F 20-24/71,F-24,312,1:12:04,30.77%
579,Barak Raviv,"Los Angeles, CA",83,1:02:48,15:42,M 30-34/46,M-34,267,1:02:48,27.26%
580,Jesse Germann,"Sherman Oaks, CA",44,1:02:56,15:44,M 30-34/47,M-34,268,1:02:56,27.21%
581,Lindsey Morrison,"Rancho Santa Margarita, CA",1080,1:03:15,15:49,F 25-29/55,F-29,313,1:07:36,30.42%
582,Susan Burns,"Long Beach, CA",2007,1:03:22,15:51,F 45-49/19,F-49,314,1:27:34,34.28%
583,Allison Van Wig,"Long Beach, CA",2104,1:03:23,15:51,F 45-49/20,F-49,315,1:27:34,34.27%
584,Jazmine Alvarado,"Placentia, CA",1132,1:03:29,15:53,F 15-19/16,F-19,316,1:07:54,30.44%
585,Michelle Bush,"Laguna Hills, CA",2825,1:03:38,15:55,F 40-44/37,F-44,317,1:27:54,32.33%
586,Sauci Milewski,"Mission Viejo, CA",2805,1:03:38,15:55,F 35-39/55,F-39,318,1:27:55,31.12%
587,Danny Batalla,"Wilmington, CA",110,1:03:49,15:58,M 20-24/57,M-24,269,1:03:50,26.41%
588,Dustin Asher,"Orange, CA",205,1:03:50,15:58,M 25-29/60,M-27,270,1:28:01,26.40%
589,Justin Curtin,"Huntington Beach, CA",207,1:03:56,15:59,M 25-29/61,M-27,271,1:28:07,26.36%
590,Ya Ling Lee,"Rowland Heights, CA",1315,1:04:33,16:09,F 25-29/56,F-29,319,1:29:03,29.80%
591,Amilkar Garcia,"Los Angeles, CA",204,1:04:52,16:13,M 25-29/62,M-25,272,1:29:09,25.98%
592,Delarie Sutton,"La Habra, CA",1182,1:04:53,16:14,F 25-29/57,F-29,320,1:29:05,29.65%
593,Kim Jeng,"Tustin, CA",2040,1:05:10,16:18,F 35-39/56,F-39,321,1:29:21,30.39%
594,Karen Lau-Yang,"Anaheim, CA",1068,1:05:10,16:18,F 30-34/54,F-34,322,1:29:22,29.73%
595,Daniel White,"Los Angeles, CA",2569,1:05:50,16:28,M 25-29/63,M-29,273,1:30:08,25.63%
596,Verochka Ovalle,"Los Angeles, CA",2567,1:05:50,16:28,F 20-24/72,F-22,323,1:30:07,29.22%
597,Janet Kang,"Fullerton, CA",1058,1:06:03,16:31,F 25-29/58,F-29,324,1:30:13,29.13%
598,Eleanor Wada,"Cerritos, CA",1189,1:06:04,16:31,F 20-24/73,F-24,325,1:30:14,29.12%
599,Barbara Sandoval,"Fountain Valley, CA",2158,1:07:14,16:49,F 35-39/57,F-39,326,1:31:38,29.46%
600,Margaret Flores,"Orange, CA",2021,1:07:36,16:54,F 40-44/38,F-44,327,1:31:59,30.43%
601,Robert Ortega,"South Gate, CA",79,1:08:34,17:09,M 25-29/64,M-29,274,1:32:47,24.60%
602,Noel Camacho,"Fullerton, CA",114,1:09:32,17:23,M 15-19/15,M-19,275,1:14:13,24.77%
603,Lauren Arce,"Glendora, CA",1001,1:10:48,17:42,F 25-29/59,F-29,328,1:30:01,27.17%
604,Naomi Cessna,"Glendora, CA",1019,1:10:49,17:43,F 25-29/60,F-29,329,1:30:01,27.17%
605,Sylvia Lee,"Irvine, CA",2049,1:11:42,17:56,F 35-39/58,F-39,330,1:16:11,27.62%
606,Dan Parker,"Irvine, CA",2072,1:11:44,17:56,M 50-54/10,M-54,276,1:16:14,27.75%
607,Kristin Etherington,"Lake Forest, CA",1144,1:16:12,19:03,F 25-29/61,F-25,331,1:20:51,25.25%
608,George Herrera,"Hollywood, CA",2566,1:30:11,22:33,M 20-24/58,M-23,277,1:30:11,18.69%
609,Olivia Taddeo,"Costa Mesa, CA",1318,1:31:50,22:58,F 15-19/17,F-19,332,1:31:50,21.04%
610,Sofie Taddeo,"Costa Mesa, CA",1319,1:31:50,22:58,F 15-19/18,F-19,333,1:31:50,21.04%
