Bib,Name,Gender,Age,Hometown,Overall,Men,M 50-54,Age/Grade,Finish,Chip Time,Gun Time
2838,Robert Blanco,M,24,"Hawthorne, CA",793 out of 800,323 out of 328,48 out of 48,  9.72% Place: 798,2:53:21 Pace: 43:21,2:53:21,2:53:21
8546,Dave Booker*,M,51,"San Marcos, CA",794 out of 800,324 out of 328,11 out of 11, 11.19% Place: 785,2:53:32 Pace: 43:23,2:53:32,2:53:32
8548,Thomas Booker*,M,16,"San Marcos, CA",795 out of 800,325 out of 328,22 out of 24, 10.31% Place: 795,2:53:33 Pace: 43:24,2:53:33,2:53:33
8547,Davis Booker*,M,13,"San Marcos, CA",796 out of 800,326 out of 328,23 out of 24, 10.92% Place: 789,2:53:35 Pace: 43:24,2:53:35,2:53:35
8699,Robert Rosen*,M,45,"Escondido, CA",797 out of 800,327 out of 328,18 out of 18, 10.64% Place: 792,2:54:04 Pace: 43:31,2:54:04,2:54:04
8697,Cathy Rosen*,F,40,"Escondido, CA",798 out of 800,471 out of 472,49 out of 49, 11.41% Place: 778,2:54:05 Pace: 43:32,2:54:05,2:54:05
8698,Gehrig Rosen*,M,13,"Escondido, CA",799 out of 800,328 out of 328,24 out of 24, 10.88% Place: 790,2:54:07 Pace: 43:32,2:54:07,2:54:07
2852,Flor Moran,F,30,"Huntington Park, CA",800 out of 800,472 out of 472,97 out of 97, 10.99% Place: 788,2:55:04 Pace: 43:46,2:55:04,2:55:04
