Place,Name,Location,Bib,Net Time,Pace,Division/Place,Sex-Age,Sex-Place,Gun Time,Age Grade
1,Harrison Evans,"Rancho Santa Margarita, CA",642,26:16,6:34,M 13-19/1,M-14,1,28:00,70.60%
2,Javier Retamoza,"Corona, CA",79,26:23,6:36,M 40-44/1,M-44,2,26:24,69.72%
3,Cameron Shepard,"Newport Beach, CA",618,28:06,7:02,M 25-29/1,M-25,3,42:29,60.00%
4,Keith Baca,"Mission Viejo, CA",3353,31:12,7:48,M 50-54/1,M-52,4,35:29,62.80%
5,Robert Gilmore,"Chino, CA",627,31:16,7:49,M 25-29/2,M-27,5,45:37,53.92%
6,Jared Retamoza,"Corona, CA",3255,31:25,7:52,M 13-19/2,M-18,6,31:26,55.52%
7,Alex Rodriguez,"La Puente, CA",3366,31:49,7:58,M 25-29/3,M-25,7,36:08,52.99%
8,Paul Dunay,"Redondo Beach, CA",794,32:10,8:03,M 30-34/1,M-33,8,46:37,53.03%
9,Ben Henry,"Los Angeles, CA",347,32:49,8:13,M 25-29/4,M-25,9,2:13:19,51.37%
10,Bridgetta Tomarchio,"Los Angeles, CA",3236,34:17,8:35,F 30-34/1,F-32,1,2:28:32,56.27%
11,Logan Retamoza,"Corona, CA",81,34:35,8:39,M 13-19/3,M-13,10,34:36,54.82%
12,Amanda McConnell,"Brea, CA",205,34:38,8:40,F 20-24/1,F-20,2,45:08,55.56%
13,David Sanchez*,"Los Alamitos, CA",226,34:59,8:45,M 25-29/5,M-26,11,1:03:47,48.19%
14,Fernando Gonzalez,"Buena Park, CA",831,35:01,8:46,M 20-24/1,M-24,12,39:21,48.14%
15,Kat Schultz,"Santa Ana, CA",509,35:19,8:50,F 13-19/1,F-17,3,35:19,55.67%
16,Daniel Villarruel*,"Bell Gardens, CA",254,35:25,8:52,M 30-34/2,M-34,13,1:02:09,48.35%
17,Juan Piceno*,"Rosemead, CA",321,36:50,9:13,M 20-24/2,M-24,14,51:15,45.77%
18,Blanca Serrano,"Apple Valley, CA",856,37:11,9:18,F 30-34/2,F-33,4,1:01:02,51.97%
19,Rory Hight,"Long Beach, CA",801,37:11,9:18,M 20-24/3,M-22,15,41:29,45.34%
20,Ever Ortega,"Apple Valley, CA",857,37:18,9:20,M 35-39/1,M-38,16,1:01:03,47.12%
21,Nick Gomez,"Lake Forest, CA",795,37:23,9:21,M 20-24/4,M-24,17,41:41,45.09%
22,Nahuel Costilla*,"Van Nuys, CA",192,37:24,9:21,M 25-29/6,M-25,18,2:14:34,45.07%
23,Christy Lindsey,"Laguna Niguel, CA",478,37:33,9:24,F 30-34/3,F-33,5,1:10:20,51.47%
24,Arturo Cardona,"Carson, CA",738,37:44,9:26,M 35-39/2,M-36,19,2:14:56,45.91%
25,David Dargatz,"Orange, CA",431,37:50,9:28,M 20-24/5,M-22,20,42:09,44.56%
26,Daniel Slater,"Trabuco Canyon, CA",339,37:51,9:28,M 20-24/6,M-23,21,42:09,44.54%
27,Chris Lamm,"Irvine, CA",595,37:51,9:28,M 25-29/7,M-28,22,52:12,44.54%
28,Eddie Espinoza,"Rancho Cucamonga, CA",166,38:00,9:30,M 30-34/3,M-31,23,59:12,44.58%
29,Adam Conger,"Van Nuys, CA",654,38:21,9:36,M 30-34/4,M-33,24,1:04:55,44.48%
30,Robert Castillo,"Santa Ana, CA",832,38:24,9:36,M 13-19/4,M-19,25,38:25,44.85%
31,Matthew Nesselroad,"Dana Point, CA",860,38:29,9:38,M 20-24/7,M-22,26,52:51,43.80%
32,James Holguin,"Chino, CA",905,38:50,9:43,M 25-29/8,M-27,27,53:12,43.41%
33,Paul Simpson,"Orange, CA",958,38:56,9:44,M 20-24/8,M-24,28,43:14,43.30%
34,Rafael Rodriguez*,"Whittier, CA",64,39:11,9:48,M 30-34/5,M-30,29,43:29,43.15%
35,Ryan Bogy,"Chino, CA",990,39:41,9:56,M 25-29/9,M-28,30,54:08,42.48%
36,Kodiak Wilson*,"Santa Clarita, CA",752,39:55,9:59,M 13-19/5,M-14,31,39:56,46.45%
37,Paul Hurlburt,"Rialto, CA",923,40:00,10:00,M 20-24/9,M-23,32,1:12:50,42.14%
38,Roque Marquez,"Huntington Bh, CA",937,40:03,10:01,M 30-34/6,M-32,33,1:06:49,42.42%
39,Kerry Bailey,"Venice, CA",3303,40:15,10:04,M 40-44/2,M-41,34,1:07:00,44.66%
40,Jason Brown*,"Long Beach, CA",716,40:15,10:04,M 35-39/3,M-37,35,1:15:19,43.33%
41,Oliver Lally,"San Diego, CA",563,40:18,10:05,M 13-19/6,M-16,36,40:19,44.39%
42,Stephen Taylor,"Sherman Oaks, CA",565,40:23,10:06,M 30-34/7,M-33,37,1:07:08,42.24%
43,Michele Lally,"San Diego, CA",564,40:24,10:06,F 50-54/1,F-50,6,47:47,53.94%
44,Nick Goffi,"Los Angeles, CA",903,40:27,10:07,M 20-24/10,M-24,38,1:09:11,41.67%
45,Matthew McConnell,"Brea, CA",210,40:40,10:10,M 20-24/11,M-24,39,44:59,41.45%
46,Steven McConnell,"Brea, CA",208,40:40,10:10,M 20-24/12,M-22,40,45:00,41.45%
47,Diane Zaida,"Goleta, CA",173,40:42,10:11,F 20-24/2,F-24,7,48:07,47.28%
48,Arturo Gonzalez,"Santa Ana, CA",288,40:50,10:13,M 20-24/13,M-21,41,45:09,41.45%
49,Brad Pesek,"Irvine, CA",129,40:51,10:13,M 30-34/8,M-31,42,1:04:00,41.47%
50,Luis Gomez,"Los Angeles, CA",3258,41:00,10:15,M 35-39/4,M-35,43,1:07:45,42.01%
51,Jesse White,"Long Beach, CA",569,41:02,10:16,M 25-29/10,M-29,44,55:22,41.12%
52,Ricky Lemond,"Irvine, CA",546,41:10,10:18,M 20-24/14,M-22,45,45:28,40.95%
53,Savannah Escobedo,"Pomona, CA",236,41:13,10:19,F 20-24/3,F-21,8,48:36,46.68%
54,Michael Menefee,"Los Angeles, CA",805,41:24,10:21,M 40-44/3,M-40,46,1:04:37,43.09%
55,Steve Trivelpiece,"Rsm, CA",960,41:39,10:25,M 50-54/2,M-51,47,1:28:55,46.64%
56,Brook Roberts,"Los Angeles, CA",811,41:45,10:27,F 25-29/1,F-28,9,2:22:14,46.09%
57,Phillip Thomas*,"Orange, CA",554,41:50,10:28,M 20-24/15,M-21,48,56:12,40.45%
58,Philip Royle,"Winnetka, CA",13,41:51,10:28,M 30-34/9,M-34,49,1:08:36,40.92%
59,Patrick Thacker,"Corona, CA",477,41:55,10:29,M 35-39/5,M-36,50,1:05:05,41.33%
60,Christian Zuniga,"Riverside, CA",829,42:18,10:35,M 20-24/16,M-23,51,46:37,39.85%
61,Rob Roedel,"Rpv, CA",3254,42:23,10:36,M 30-34/10,M-34,52,56:50,40.40%
62,Joe Hess*,"Manhattan Beach, CA",502,42:24,10:36,M 25-29/11,M-29,53,1:05:34,39.80%
63,Ellie Ochoa,"Downey, CA",335,42:45,10:42,F 25-29/2,F-28,10,57:11,45.01%
64,Seth Weil*,"Santa Ana, CA",98,43:08,10:47,M 35-39/6,M-37,54,1:09:54,40.43%
65,Jacquelynn Dossland,"Aliso Viejo, CA",213,43:16,10:49,F 25-29/3,F-25,11,1:12:08,44.47%
66,Brittany Plano,"Trabuco Canyon, CA",214,43:17,10:50,F 20-24/4,F-23,12,1:12:08,44.45%
67,Catherine Donnelly,"Los Angeles, CA",629,43:25,10:52,F 20-24/5,F-21,13,1:06:38,44.32%
68,Timothy Donnelly,"Santa Ana, CA",600,43:25,10:52,M 50-54/3,M-51,55,1:06:38,44.74%
69,Annika Hirschler*,"Corona, CA",241,43:35,10:54,F 20-24/6,F-20,14,50:58,44.15%
70,Ashley Blakely,"San Diego, CA",899,43:49,10:58,F 40-44/1,F-44,15,1:05:01,46.69%
71,Stacey Alexander,"Las Vegas, NV",3342,43:52,10:58,F 30-34/4,F-33,16,2:24:23,44.05%
72,Jesse Younger,"Orange, CA",796,43:52,10:58,M 30-34/11,M-34,56,1:10:36,39.03%
73,Trip O'Connell,"Las Vegas, NV",3343,43:52,10:58,M 40-44/4,M-42,57,2:24:23,41.28%
74,Sabrina Aris,"Orange, CA",797,43:53,10:59,F 35-39/1,F-39,17,1:10:37,45.06%
75,Eric Gonzalez*,"Alhambra, CA",15,43:59,11:00,M 35-39/7,M-35,58,1:19:01,39.16%
76,Tim Allen*,"Los Angeles, CA",498,44:03,11:01,M 25-29/12,M-28,59,58:29,38.27%
77,Brenton Crusinberry*,"Corona, CA",381,44:14,11:04,M 13-19/7,M-16,60,48:31,40.44%
78,Raymond Jimenez,"West Covina, CA",850,44:14,11:04,M 20-24/17,M-24,61,1:40:08,38.11%
79,Manuel Prado,"Corona, CA",846,44:17,11:05,M 20-24/18,M-22,62,48:36,38.06%
80,Chase Atckison,"Azusa, CA",3280,44:23,11:06,M 25-29/13,M-28,63,1:05:36,37.98%
81,Patrick McKean*,"Long Beach, CA",116,44:26,11:07,M 55-59/1,M-55,64,1:31:36,45.18%
82,Andrew Allen*,"Los Angeles, CA",499,44:27,11:07,M 20-24/19,M-24,65,58:54,37.92%
83,William Olson,"Irvine, CA",3290,44:29,11:08,M 20-24/20,M-22,66,48:47,37.89%
84,Erika Garcia,"Anaheim, CA",830,44:35,11:09,F 35-39/2,F-35,18,48:55,43.57%
85,Michael Hood,"Mission Viejo, CA",815,44:43,11:11,M 25-29/14,M-25,67,1:23:41,37.70%
86,Chelsey Veturis,"Lake Forest, CA",840,45:07,11:17,F 20-24/7,F-23,19,2:06:36,42.65%
87,Derrick Fallon,"La Mirada, CA",3261,45:09,11:18,M 20-24/21,M-24,68,1:06:21,37.33%
88,Ricky Yslas,"Aliso Viejo, CA",791,45:28,11:22,M 25-29/15,M-29,69,59:51,37.11%
89,David Souza,"Buena Park, CA",333,45:31,11:23,M 25-29/16,M-28,70,59:54,37.03%
90,Salvador Reynoso,"Brea, CA",414,45:32,11:23,M 30-34/12,M-32,71,1:41:22,37.31%
91,Aaron Eide,"Seal Beach, CA",462,45:38,11:25,M 35-39/8,M-35,72,1:18:29,37.74%
92,Ron Sluyter,"Seal Beach, CA",466,45:41,11:26,M 40-44/5,M-40,73,1:18:29,39.05%
93,Robert Schafer,"Orange, CA",689,45:45,11:27,M 13-19/8,M-14,74,1:26:40,40.52%
94,Dennis Aguilar,"Whittier, CA",396,45:48,11:27,M 25-29/17,M-25,75,1:48:41,36.80%
95,Luke Womack,"Huntington Beach, CA",445,46:19,11:35,M 20-24/22,M-22,76,1:42:09,36.39%
96,Bob Booth,"Irvine, CA",373,46:23,11:36,M 45-49/1,M-47,77,1:27:13,40.58%
97,Zachary Cobb,"Glendora, CA",3294,46:27,11:37,M 20-24/23,M-22,78,1:00:49,36.29%
98,Aj Aviles,"Irvine, CA",867,46:38,11:40,M 13-19/9,M-14,79,1:15:22,39.76%
99,Maisa Assad*,"Duarte, CA",268,46:39,11:40,F 30-34/5,F-32,20,1:01:05,41.35%
100,Richard Robles,"Los Angeles, CA",3275,46:43,11:41,M 35-39/9,M-38,80,1:13:28,37.62%
101,Ryan Hoagland,"Mira Loma, CA",989,46:46,11:42,M 25-29/18,M-27,81,1:01:14,36.04%
102,Christopher Jenkins,"Cypress, CA",991,46:47,11:42,M 20-24/24,M-21,82,2:16:50,36.17%
103,Yvonne Rivera,"Los Angeles, CA",20,46:52,11:43,F 20-24/8,F-23,21,57:23,41.05%
104,Rick La Bare,"Garden Grove, CA",886,46:52,11:43,M 40-44/6,M-42,83,1:27:44,38.63%
105,Nadia Pedraza,"Los Angeles, CA",35,46:53,11:44,F 20-24/9,F-23,22,57:24,41.04%
106,Pat Lopez*,"Rosemead, CA",320,46:55,11:44,M 35-39/10,M-35,84,1:01:21,36.71%
107,Nick Decarlo,", ",416,47:06,11:47,M 25-29/19,M-27,85,2:27:37,35.79%
108,Jay Cregger*,"Riverside, CA",63,47:15,11:49,M 30-34/13,M-30,86,1:10:25,35.78%
109,Justin Baca,"Fountain Valley, CA",761,47:18,11:50,M 30-34/14,M-32,87,1:26:16,35.92%
110,Jenny Skrifvars,"Brea, CA",3350,47:23,11:51,F 25-29/4,F-28,23,1:10:33,40.61%
111,Maria Vega*,"Whittier, CA",426,47:30,11:53,F 45-49/1,F-45,24,51:49,43.45%
112,Michelle Doudy,"Brea, CA",3351,47:40,11:55,F 20-24/10,F-24,25,1:10:51,40.36%
113,Michael Carbuto,"Long Beach, CA",504,47:45,11:57,M 55-59/2,M-58,88,1:34:55,43.12%
114,Brian McGuire*,"La Habra, CA",598,47:50,11:58,M 30-34/15,M-30,89,1:09:03,35.34%
115,Lance Rust*,"Garden Grove, CA",359,48:05,12:02,M 13-19/10,M-15,90,48:06,37.83%
116,Emily McVay,"Orange, CA",945,48:05,12:02,F 20-24/11,F-20,26,48:07,40.01%
117,Melanie Rodriguez,"La Habra, CA",612,48:07,12:02,F 30-34/6,F-31,27,2:42:25,40.02%
118,William Sevilla,"Los Angeles, CA",457,48:13,12:04,M 25-29/20,M-27,91,1:02:37,34.96%
119,Kyle Wiens,"Newport Beach, CA",418,48:18,12:05,M 20-24/25,M-23,92,1:44:09,34.90%
120,Karen Schaefer,"Rancho Santa Margarita, CA",198,48:25,12:07,F 30-34/7,F-31,28,1:17:09,39.77%
121,Yvonne Garcia,"La Mirada, CA",440,48:27,12:07,F 20-24/12,F-24,29,1:44:17,39.71%
122,Megan Wright,"Northridge, CA",301,48:37,12:10,F 13-19/2,F-19,30,1:16:51,39.75%
123,Tyrone Davis,"Inglewood, CA",403,48:42,12:11,M 40-44/7,M-43,93,2:29:13,37.45%
124,Luis Gonzalez,"Orange, CA",847,48:56,12:14,M 20-24/26,M-20,94,48:58,34.82%
125,Ricardo Ruiz,"Moreno Valley, CA",917,48:56,12:14,M 20-24/27,M-24,95,53:15,34.45%
126,Carrie Aguilar*,"Glendale, CA",16,49:03,12:16,F 25-29/5,F-29,31,1:10:14,39.23%
127,Tony Gourley,"Huntington Beach, CA",237,49:05,12:17,M 30-34/16,M-33,96,1:15:51,34.75%
128,Sylvia Perry,"Colton, CA",365,49:06,12:17,F 45-49/2,F-45,32,1:36:18,42.04%
129,Andy Cheng,"Walnut, CA",291,49:06,12:17,M 35-39/11,M-35,97,1:24:08,35.08%
130,Bob Carlson*,"Redondo Beach, CA",526,49:06,12:17,M 45-49/2,M-45,98,1:03:33,37.72%
131,Tara Litrich,"Santa Monica, CA",497,49:08,12:17,F 30-34/8,F-33,33,1:12:17,39.33%
132,Matthew Marquez,"Downey, CA",265,49:09,12:18,M 13-19/11,M-14,99,1:17:57,37.72%
133,Charlie Bevins,"Newport Beach, CA",242,49:12,12:18,M 50-54/4,M-50,100,1:10:24,39.17%
134,Michelle Kuwabara,"Torrance, CA",435,49:29,12:23,F 30-34/9,F-30,34,1:45:21,38.88%
135,Ken Kuwabara,"Torrance, CA",434,49:32,12:23,M 35-39/12,M-37,101,1:45:23,35.21%
136,Hayley Heidler,"Riverside, CA",800,49:32,12:23,F 45-49/3,F-45,35,1:36:42,41.67%
137,Kathleen Switzer*,"Fullerton, CA",39,49:35,12:24,F 35-39/3,F-38,36,1:28:30,39.64%
138,Daniels Stewart,"Westminster, CA",180,49:37,12:25,M 30-34/17,M-32,102,1:16:22,34.24%
139,Jeremiah Tilley,"Seal Beach, CA",583,49:38,12:25,M 30-34/18,M-31,103,1:18:21,34.13%
140,Rebecca Tilley,"Seal Beach, CA",582,49:39,12:25,F 30-34/10,F-30,37,1:18:22,38.75%
141,Kevin Watts*,"Riverside, CA",127,49:45,12:27,M 30-34/19,M-31,104,1:12:54,34.05%
142,Dusty Shultz,"Mission Viejo, CA",185,49:47,12:27,M 30-34/20,M-32,105,1:16:33,34.13%
143,Cheryl Peruzzi,"Aliso Viejo, CA",864,50:06,12:32,F 40-44/2,F-44,38,1:08:25,40.83%
144,Michelle Peruzzi,"Aliso Viejo, CA",865,50:06,12:32,F 20-24/13,F-20,39,1:08:26,38.40%
145,Efrain Castro,"La Puente, CA",3365,50:09,12:33,M 20-24/28,M-23,106,54:28,33.61%
146,Douglas Malewicki,"Irvine, CA",149,50:17,12:35,M 70-74/1,M-72,107,1:19:11,46.98%
147,Gilbert Castruita III,"West Covina, CA",939,50:19,12:35,M 40-44/8,M-44,108,1:46:11,36.55%
148,Taylor Filasky,"San Diego, CA",175,50:19,12:35,M 30-34/21,M-32,109,2:30:51,33.76%
149,Burton Roberts,"Santa Monica, CA",3295,50:20,12:35,M 35-39/13,M-39,110,2:30:50,35.18%
150,David Darnell,"Aliso Viejo, CA",906,50:30,12:38,M 35-39/14,M-36,111,1:01:02,34.30%
151,George Stashak,"Huntington Beach, CA",436,50:38,12:40,M 20-24/29,M-23,112,1:46:28,33.29%
152,Nancy Aguayo*,"Azusa, CA",296,50:48,12:42,F 40-44/3,F-41,40,1:38:00,39.38%
153,Michael Wildermuth,"Lake Forest, CA",775,50:53,12:44,M 25-29/21,M-28,113,1:05:20,33.13%
154,Antonio Trillo,"Norwalk, CA",461,50:53,12:44,M 40-44/9,M-41,114,1:05:20,35.32%
155,Carri McGuire,"Trabuco Canyon, CA",92,50:53,12:44,F 35-39/4,F-37,41,1:29:49,38.47%
156,Eliseo Higinio,"Fallbrook, CA",298,50:58,12:45,M 25-29/22,M-29,115,1:19:46,33.10%
157,Jason Hamilton,"Newport Beach, CA",443,51:05,12:47,M 30-34/22,M-30,116,1:46:54,33.09%
158,Callie Snyder,"Huntington Beach, CA",57,51:08,12:47,F 35-39/5,F-39,42,1:30:04,38.67%
159,Keith Snyder,"Huntington Beach, CA",58,51:08,12:47,M 45-49/3,M-47,117,1:30:03,36.81%
160,David Angeles*,"Chino, CA",635,51:10,12:48,M 20-24/30,M-20,118,1:05:32,33.30%
161,Hector Mejia,"Downey, CA",972,51:16,12:49,M 25-29/23,M-27,119,1:05:42,32.88%
162,Sara Mosher*,"Orange, CA",95,51:16,12:49,F 25-29/6,F-26,43,58:40,37.53%
163,Jamie Logan,"Ladera Ranch, CA",146,51:17,12:50,F 35-39/6,F-35,44,58:40,37.87%
164,Joe Aranda,"Tustin, CA",76,51:25,12:52,M 40-44/10,M-42,120,1:05:49,35.21%
165,Diana Alas,"Fontana, CA",821,51:27,12:52,F 20-24/14,F-24,45,1:01:57,37.39%
166,Cheyne Whitney,"San Diego, CA",377,51:28,12:52,M 25-29/24,M-25,121,2:32:00,32.75%
167,Eve Bennett,"Huntington Beach, CA",101,51:28,12:52,F 50-54/2,F-51,46,55:49,42.89%
168,Kristin Woodside,"Huntington Beach, CA",139,51:29,12:53,F 40-44/4,F-41,47,55:50,38.86%
169,Samantha Woodside,"Huntington Beach, CA",140,51:30,12:53,F 13-19/3,F-19,48,55:50,37.52%
170,Jordan Bennett,"Huntington Beach, CA",102,51:31,12:53,M 20-24/31,M-20,122,55:51,33.07%
171,Alan Mekdara*,"Anaheim, CA",548,51:34,12:54,M 35-39/15,M-38,123,1:05:58,34.08%
172,Jason Toma,"Los Alamitos, CA",82,51:37,12:55,M 25-29/25,M-26,124,1:20:25,32.66%
173,Matthew Villarreal,"Moreno Valley, CA",915,51:38,12:55,M 20-24/32,M-24,125,55:57,32.64%
174,Isaiah Easton,"Irvine, CA",547,51:38,12:55,M 13-19/12,M-13,126,55:56,36.71%
175,Sherrie Cotton,"Orange, CA",848,51:39,12:55,F 13-19/4,F-18,49,51:41,37.64%
176,Stuart Jennett,"Garden Grove, CA",395,51:43,12:56,M 20-24/33,M-23,127,1:47:32,32.59%
177,Veronica Person,"Fallbrook, CA",297,51:48,12:57,F 35-39/7,F-37,50,1:20:36,37.79%
178,Colleen McConnell,"Brea, CA",207,51:49,12:58,F 13-19/5,F-18,51,1:02:19,37.52%
179,Brian Gardner,"Lake Forest, CA",646,52:02,13:01,M 50-54/5,M-51,128,1:31:02,37.33%
180,Matt Gardner,"Lake Forest, CA",648,52:03,13:01,M 25-29/26,M-26,129,1:31:01,32.38%
181,Mike Gardner,"Lake Forest, CA",647,52:03,13:01,M 20-24/34,M-23,130,1:31:02,32.38%
182,Frank Duran,"Fallbrook, CA",360,52:04,13:01,M 30-34/23,M-34,131,1:20:50,32.89%
183,Derek Milsted,"Santa Monica, CA",3298,52:11,13:03,M 40-44/11,M-40,132,2:32:45,34.19%
184,Alma Reynosa,"Santa Ana, CA",834,52:11,13:03,F 20-24/15,F-23,52,59:36,36.87%
185,Leesel Boulware,"Newport Beach, CA",919,52:12,13:03,F 25-29/7,F-29,53,1:02:43,36.86%
186,Laura Andrews*,"Framingham, MA",40,52:12,13:03,F 50-54/3,F-50,54,1:33:05,41.74%
187,John Devine*,"Mount Vernon, IN",41,52:12,13:03,M 45-49/4,M-49,133,1:33:06,36.63%
188,Peter Flores,"Downey, CA",3367,52:17,13:05,M 35-39/16,M-39,134,2:20:14,33.86%
189,Zach Kidman,"Long Beach, CA",851,52:20,13:05,M 20-24/35,M-20,135,56:39,32.56%
190,Andrew Preston,"Long Beach, CA",718,52:25,13:07,M 30-34/24,M-31,136,1:27:29,32.32%
191,Stephen Haydon,"Mission Viejo, CA",405,52:40,13:10,M 30-34/25,M-32,137,1:48:30,32.26%
192,Tara Noonan*,"Indio, CA",408,52:46,13:12,F 25-29/8,F-28,55,1:11:05,36.46%
193,Alexandria Dinges,"Dana Point, CA",861,52:55,13:14,F 20-24/16,F-20,56,1:00:20,36.36%
194,Chavonne Mosqueda,"La Habra, CA",449,52:58,13:15,F 20-24/17,F-24,57,1:48:49,36.32%
195,Osvaldo Tamayo,"Wilmington, CA",550,52:59,13:15,M 35-39/17,M-38,138,2:30:11,33.17%
196,William Lim,"Walnut, CA",206,53:00,13:15,M 40-44/12,M-42,139,1:25:53,34.16%
197,Edwin Zayas,"Orange, CA",26,53:04,13:16,M 50-54/6,M-51,140,1:33:54,36.60%
198,Lou Mirabal,"Chula Vista, CA",3284,53:05,13:17,M 40-44/13,M-41,141,1:33:55,33.86%
199,Cristina Soto,"Wilmington, CA",549,53:11,13:18,F 30-34/11,F-34,58,2:30:25,36.43%
200,Lidia Rojas*,"Long Beach, CA",154,53:12,13:18,F 25-29/9,F-26,59,1:56:06,36.16%
201,Gail Renehan,"Laguna Niguel, CA",492,53:13,13:19,F 40-44/5,F-42,60,1:32:10,37.84%
202,Leslie Nicol,"Lakewood, CA",473,53:22,13:21,F 35-39/8,F-35,61,2:30:36,36.39%
203,Noah Samarin*,"Diamond Bar, CA",33,53:32,13:23,M 30-34/26,M-32,142,1:26:21,31.73%
204,Cristabel Cervantes,"Norwalk, CA",874,53:33,13:24,F 20-24/18,F-23,62,1:04:02,35.93%
205,Nathan Lau,"Gardena, CA",194,53:34,13:24,M 20-24/36,M-23,143,1:26:25,31.47%
206,Meghan Whitney,"San Diego, CA",378,53:39,13:25,F 25-29/10,F-26,63,2:34:10,35.86%
207,Aldwin Escano,"Murrieta, CA",510,53:39,13:25,M 35-39/18,M-37,144,2:15:00,32.50%
208,Shawn Gunthner,"Whittier, CA",453,53:56,13:29,M 30-34/27,M-33,145,2:48:14,31.62%
209,Sarah Strasner,"Garden Grove, CA",3263,53:59,13:30,F 25-29/11,F-28,64,1:04:30,35.64%
210,Sonya Kuki*,"Los Angeles, CA",272,53:59,13:30,F 20-24/19,F-24,65,1:04:28,35.64%
211,Janet Clum,"Costa Mesa, CA",930,54:01,13:31,F 35-39/9,F-35,66,1:32:57,35.96%
212,Nora Shnorhokian*,"Van Nuys, CA",271,54:01,13:31,F 20-24/20,F-23,67,1:04:31,35.62%
213,Tony Pak*,"Brea, CA",667,54:04,13:31,M 40-44/14,M-41,146,2:48:22,33.24%
214,Daniel Rosales,"Diamond Bar, CA",706,54:10,13:33,M 25-29/27,M-29,147,1:08:35,31.15%
215,Sarah Rangel,"Brea, CA",704,54:11,13:33,F 25-29/12,F-29,68,1:08:35,35.51%
216,Christopher Rosales,"Diamond Bar, CA",682,54:11,13:33,M 25-29/28,M-25,148,1:08:36,31.11%
217,Paul Parsons,"Walnut, CA",38,54:15,13:34,M 60-64/1,M-60,149,1:41:26,38.63%
218,Yukasa Shida,"Redlands, CA",819,54:22,13:36,F 25-29/13,F-28,69,1:04:51,35.39%
219,Darryl Gali,"Temecula, CA",3361,54:23,13:36,M 25-29/29,M-25,150,1:13:56,30.99%
220,Leonard Contreras,"Santa Ana, CA",950,54:24,13:36,M 20-24/37,M-22,151,1:17:36,30.98%
221,Tim Crosby,"Irvine, CA",172,54:27,13:37,M 25-29/30,M-25,152,1:08:50,30.96%
222,Brooke Dorsett,"Fountain Valley, CA",114,54:39,13:40,F 30-34/12,F-30,70,1:09:02,35.20%
223,Daniel Dorsett,"Fountain Valley, CA",113,54:40,13:40,M 30-34/28,M-34,153,1:09:04,31.32%
224,Kyle Thoresen,"Laguna Niguel, CA",88,54:41,13:41,M 25-29/31,M-26,154,1:33:39,30.82%
225,Mikala Gluckman,"Costa Mesa, CA",99,54:42,13:41,F 25-29/14,F-26,71,1:33:39,35.17%
226,Kimberly Thoresen,"Laguna Niguel, CA",87,54:42,13:41,F 25-29/15,F-26,72,1:33:39,35.17%
227,Wendy Fitzpatrick,"Santa Monica, CA",3300,54:45,13:42,F 40-44/6,F-40,73,2:35:20,36.30%
228,Nicole Hannigan,"Los Angeles, CA",941,54:47,13:42,F 20-24/21,F-24,74,1:23:33,35.12%
229,Madeline Marano,"Los Angeles, CA",902,54:48,13:42,F 25-29/16,F-25,75,1:23:32,35.11%
230,Carol Beaumont,"Orange, CA",133,54:48,13:42,F 45-49/4,F-49,76,1:13:07,39.28%
231,Jennifer Wilczak,"Laguna Niguel, CA",3344,54:51,13:43,F 30-34/13,F-32,77,1:13:09,35.17%
232,Amanda Arias,"Newport Beach, CA",104,55:02,13:46,F 20-24/22,F-24,78,1:05:32,34.96%
233,Jessica Coleman*,"Newport Beach, CA",54,55:02,13:46,F 20-24/23,F-22,79,1:05:32,34.96%
234,Sana Quijada,"Temecula, CA",385,55:11,13:48,F 35-39/10,F-39,80,1:18:24,35.83%
235,Becky Mickletz,"Newport Beach, CA",961,55:20,13:50,F 20-24/24,F-22,81,1:02:43,34.77%
236,Paul Lew,"Los Angeles, CA",190,55:23,13:51,M 40-44/15,M-43,155,1:28:16,32.93%
237,Jorge Gallegos,"Rosemead, CA",3329,55:26,13:52,M 30-34/29,M-30,156,2:14:01,30.50%
238,Yaneth Deras,"Rosemead, CA",3331,55:27,13:52,F 30-34/14,F-31,82,2:14:01,34.73%
239,Desiree Dominguez,"Rosemead, CA",3330,55:27,13:52,F 20-24/25,F-22,83,2:14:01,34.70%
240,Ariannah Retamoza,"Corona, CA",80,55:28,13:52,F 13-19/6,F-17,84,55:30,35.44%
241,Pat Reilly,"Huntington Beach, CA",585,55:34,13:54,M 45-49/5,M-47,157,1:18:46,33.87%
242,Kasey Konkel,"Laguna Beach, CA",630,55:36,13:54,F 40-44/7,F-43,85,1:28:27,36.49%
243,Craig Epperley,"Costa Mesa, CA",3283,55:41,13:56,M 40-44/16,M-40,158,2:36:14,32.04%
244,Raymond Bonenfant,"Hermosa Beac, CA",3368,55:41,13:56,M 30-34/30,M-34,159,2:36:14,30.75%
245,Elizabeth Kitt,"Los Angeles, CA",973,55:43,13:56,F 30-34/15,F-31,86,2:36:15,34.56%
246,Chelsey Morgan,"Santa Ana, CA",211,55:44,13:56,F 20-24/26,F-23,87,1:06:15,34.52%
247,Ryan Opray,"Burbank, CA",778,55:50,13:58,M 35-39/19,M-39,160,2:36:21,31.71%
248,Alan Aguilar*,"Pacoima, CA",28,55:53,13:59,M 20-24/38,M-23,161,1:00:13,30.16%
249,Stephanie Garcia*,"Canyon Country, CA",29,55:54,13:59,F 20-24/27,F-23,88,1:00:14,34.42%
250,Kelly Daub,"San Diego, CA",837,55:56,13:59,F 25-29/17,F-29,89,2:36:28,34.40%
251,Scott Nelson*,"Corona, CA",62,55:58,14:00,M 40-44/17,M-41,162,1:19:07,32.11%
252,Vanessa Nelson*,"Corona, CA",61,55:59,14:00,F 30-34/16,F-30,90,1:19:08,34.37%
253,Rony Sosa,"Redlands, CA",244,55:59,14:00,M 35-39/20,M-37,163,1:31:02,31.15%
254,Mui Lu,"Monterey Park, CA",295,56:07,14:02,F 35-39/11,F-39,91,1:35:02,35.23%
255,Kara Dietz,"Brea, CA",3352,56:09,14:03,F 35-39/12,F-35,92,1:19:20,34.59%
256,Marcelo Bernardo,"Placentia, CA",792,56:15,14:04,M 45-49/6,M-46,164,1:37:05,33.20%
257,Jim Burn,"Yorba Linda, CA",926,56:16,14:04,M 40-44/18,M-44,165,1:35:12,32.68%
258,Elijah Batemon,"San Dimas, CA",918,56:28,14:07,M 20-24/39,M-22,166,1:29:18,29.85%
259,Brett Detken,"Costa Mesa, CA",680,56:35,14:09,M 35-39/21,M-37,167,1:35:31,30.82%
260,Fernando Ochoa,"Downey, CA",334,56:36,14:09,M 25-29/32,M-27,168,1:11:02,29.78%
261,Jennifer Crowell,"Costa Mesa, CA",724,56:36,14:09,F 35-39/13,F-37,93,1:35:32,34.58%
262,Lilly Moscoso,"Costa Mesa, CA",726,56:36,14:09,F 30-34/17,F-33,94,1:35:32,34.14%
263,Erik Curran,"San Clemente, CA",889,56:43,14:11,M 30-34/31,M-31,169,1:19:52,29.86%
264,Justin Morinaka,"Anaheim, CA",379,56:46,14:12,M 30-34/32,M-31,170,1:19:58,29.84%
265,Trisha Lynch,"Yorba Linda, CA",455,56:47,14:12,F 30-34/18,F-31,95,1:20:00,33.91%
266,Abir Elali,"Irvine, CA",362,56:47,14:12,F 35-39/14,F-37,96,1:23:34,34.47%
267,Leila White,"Irvine, CA",361,56:47,14:12,F 30-34/19,F-30,97,1:23:33,33.88%
268,Ricky Gutierrez*,"Mission Viejo, CA",623,56:52,14:13,M 30-34/33,M-30,171,1:20:02,29.73%
269,Jenny Scott,"Santa Ana, CA",881,56:53,14:14,F 20-24/28,F-24,98,1:20:02,33.82%
270,Hiram Aviles,"Irvine, CA",128,56:53,14:14,M 40-44/19,M-44,172,1:25:37,32.33%
271,Jennifer Baca*,"Huntington Beach, CA",570,56:56,14:14,F 20-24/29,F-24,99,1:07:28,33.79%
272,Robert Ortiz,"Rosemead, CA",3334,56:56,14:14,M 25-29/33,M-29,173,2:15:31,29.63%
273,Abilene Vazquez,"Garnden Grove, CA",871,56:58,14:15,F 13-19/7,F-19,100,1:07:29,33.92%
274,Gaby Trujillo,"Santa Ana, CA",868,56:59,14:15,F 25-29/18,F-25,101,1:07:29,33.76%
275,Sarah Wall,"Corona Del Mar, CA",586,57:00,14:15,F 30-34/20,F-34,102,1:29:52,33.99%
276,Melanie Cornejo,"Costa Mesa, CA",581,57:01,14:16,F 35-39/15,F-36,103,1:29:53,34.18%
277,Neal Pilon,"Costa Mesa, CA",740,57:01,14:16,M 40-44/20,M-42,174,1:29:53,31.75%
278,Jenna Weisenberger,"Garden Grove, CA",551,57:05,14:17,F 13-19/8,F-19,104,1:11:28,33.85%
279,Dheilan Williams,"Glendale, CA",603,57:08,14:17,M 30-34/34,M-34,175,2:51:27,29.97%
280,Alfonso Flores*,"Los Angeles, CA",541,57:14,14:19,M 40-44/21,M-41,176,1:38:05,31.40%
281,Phil Jones,"Los Angeles, CA",3371,57:17,14:20,M 40-44/22,M-44,177,1:18:30,32.10%
282,Servando Hernandez,"Colton, CA",341,57:17,14:20,M 30-34/35,M-33,178,1:18:28,29.77%
283,Burt Shurly,"Huntington Beach, CA",429,57:18,14:20,M 25-29/34,M-29,179,1:53:08,29.44%
284,Ashley Chan,"Northridge, CA",3323,57:23,14:21,F NoAge/1,F-0,105,3:05:58, 0.00%
285,Anton Caserta,"Northridge, CA",3320,57:23,14:21,M NoAge/1,M-0,180,3:05:58, 0.00%
286,Sandra Romero,"Hesperia, CA",920,57:24,14:21,F 25-29/19,F-27,106,3:05:59,33.52%
287,Celia Brewer,"Northridge, CA",3321,57:28,14:22,F NoAge/2,F-0,107,3:06:03, 0.00%
288,Katie Nosalek,"Garden Grove, CA",543,57:34,14:24,F 13-19/9,F-19,108,1:04:57,33.57%
289,Christy Cannioto,"Garden Grove, CA",544,57:34,14:24,F 20-24/30,F-20,109,1:04:57,33.42%
290,Mark Munoz,"Los Angeles, CA",281,57:37,14:25,M 50-54/7,M-51,181,2:38:10,33.71%
291,Cynthia Villegas,"West Covina, CA",911,57:37,14:25,F 25-29/20,F-28,110,3:06:12,33.39%
292,Patricia Bell,"Fontana, CA",240,57:39,14:25,F 30-34/21,F-32,111,1:16:00,33.46%
293,Alyssa Cotter,"Rancho Cucamonga, CA",346,57:39,14:25,F 20-24/31,F-24,112,1:16:01,33.37%
294,Catherine Starkey,"Fontana, CA",303,57:39,14:25,F 45-49/5,F-45,113,1:16:01,35.80%
295,Valerie Bock,"Rancho Cucamonga, CA",305,57:39,14:25,F 40-44/8,F-41,114,1:16:00,34.70%
296,Elizabeth Milliman,"Yorba Linda, CA",22,57:40,14:25,F 30-34/22,F-33,115,1:24:24,33.51%
297,Dave Alfaro,"Tustin, CA",490,57:40,14:25,M 35-39/22,M-38,182,1:32:44,30.47%
298,Jason Milliman,"Yorba Linda, CA",23,57:45,14:27,M 30-34/36,M-34,183,1:24:29,29.65%
299,Glynn Wentz**,"Costa Mesa, CA",73,57:48,14:27,M 30-34/37,M-33,184,1:16:06,29.51%
300,David Lujan,"Lynwood, CA",760,58:03,14:31,M 25-29/35,M-28,185,1:12:25,29.04%
301,Jannelly Castro,"Lynwood, CA",758,58:05,14:32,F 20-24/32,F-23,116,1:12:26,33.12%
302,Todd Baca,"Riverside, CA",925,58:08,14:32,M 25-29/36,M-28,186,1:12:31,28.99%
303,Jessie Buehler,"Lake Forest, CA",486,58:20,14:35,F 20-24/33,F-20,117,1:05:42,32.98%
304,Alex Boylan,"Santa Monica, CA",3296,58:24,14:36,M 35-39/23,M-35,187,2:38:54,29.49%
305,Jenn Nagel,"Santa Ana, CA",209,58:27,14:37,F 20-24/34,F-21,118,1:08:57,32.91%
306,Shanin Calabretta,"Fullerton, CA",52,58:29,14:38,F 40-44/9,F-42,119,1:31:18,34.44%
307,Samantha Southerland,"Santa Monica, CA",160,58:31,14:38,F 13-19/10,F-14,120,1:16:52,34.90%
308,Cassie Morgan,"Santa Ana, CA",212,58:32,14:38,F 13-19/11,F-15,121,1:09:02,34.41%
309,Kim Southerland,"Santa Monica, CA",161,58:33,14:39,F 55-59/1,F-55,122,1:16:54,39.66%
310,Paige Turcotte*,"Sherman Oaks, CA",50,58:34,14:39,F 20-24/35,F-23,123,2:11:36,32.85%
311,Jaimie Jones,"Granada Hills, CA",164,58:34,14:39,F 20-24/36,F-20,124,1:16:53,32.85%
312,Michael Donovan*,"Sherman Oaks, CA",49,58:34,14:39,M 25-29/37,M-26,188,2:11:37,28.78%
313,Casey Maskell,"Lake Forest, CA",483,58:38,14:40,F 20-24/37,F-20,125,1:06:01,32.81%
314,Kipp Lyons,"Mission Viejo, CA",182,58:39,14:40,M 30-34/38,M-33,189,1:25:25,29.08%
315,Andi Shultz,"Mission Viejo, CA",183,58:41,14:41,F 30-34/23,F-31,126,1:25:26,32.81%
316,Erika Stewart,"Westminster, CA",179,58:42,14:41,F 25-29/21,F-26,127,1:25:28,32.77%
317,Michelle Sanchez,"Brea, CA",3278,58:43,14:41,F 25-29/22,F-25,128,1:09:11,32.77%
318,Alyssa Davison,"Brea, CA",3277,58:44,14:41,F 20-24/38,F-23,129,1:09:13,32.76%
319,Jason La Marca,"Beverly Hills, CA",390,58:47,14:42,M 40-44/23,M-42,190,1:39:45,30.80%
320,Trisha Cottrell*,"Temecula, CA",308,58:49,14:43,F 25-29/23,F-27,130,1:17:10,32.71%
321,Natalie Tenerelli,"Acton, CA",664,58:51,14:43,F 20-24/39,F-20,131,2:39:26,32.69%
322,Kevin Gauger,"Newport Beach, CA",519,59:02,14:46,M 50-54/8,M-51,191,1:17:23,32.90%
323,Jennifer Hynes*,"Diamond Bar, CA",32,59:03,14:46,F 35-39/16,F-38,132,1:31:53,33.29%
324,James Perry,"Colton, CA",363,59:04,14:46,M 55-59/3,M-57,192,1:46:16,34.58%
325,Kimberly Bono Nguyen*,"Irvine, CA",369,59:10,14:48,F 25-29/24,F-28,133,2:47:32,32.52%
326,Jewelz Zambrano,"San Clemente, CA",3340,59:15,14:49,F 30-34/24,F-31,134,1:27:58,32.50%
327,Jennifer Stubblefield,"Irvine, CA",518,59:16,14:49,F 25-29/25,F-25,135,1:06:42,32.46%
328,Tricia Matsuda,"Irvine, CA",398,59:17,14:50,F 40-44/10,F-43,136,1:06:42,34.22%
329,Tom Lim,"Los Angeles, CA",196,59:20,14:50,M 40-44/24,M-44,193,1:32:13,30.99%
330,Whitney Frink,"Manhattan Beach, CA",901,59:21,14:51,F 30-34/25,F-30,137,1:28:03,32.42%
331,Diana Marin,"Marina Del Rey, CA",3252,59:22,14:51,F 30-34/26,F-33,138,1:28:05,32.55%
332,Flower Ho,"Los Angeles, CA",189,59:27,14:52,F 30-34/27,F-31,139,1:32:20,32.39%
333,Steven Brewer,"Northridge, CA",3322,59:29,14:53,M NoAge/2,M-0,194,3:08:04, 0.00%
334,Louis Carlin*,"Whittier, CA",475,59:32,14:53,M 20-24/40,M-23,195,1:22:42,28.31%
335,Lisa Hyde,"Los Angeles, CA",391,59:33,14:54,F 40-44/11,F-42,140,1:40:31,33.82%
336,Jody Alfaro,"Tustin, CA",489,59:53,14:59,F 30-34/28,F-34,141,1:32:44,32.35%
337,Katie Cochran,"Long Beach, CA",659,59:54,14:59,F 20-24/40,F-22,142,1:10:26,32.12%
338,Ene George,"North Hollywood, CA",622,1:00:03,15:01,F 40-44/12,F-42,143,1:28:47,33.54%
339,Robert Paul*,"Corona, CA",289,1:00:17,15:05,M 35-39/24,M-38,196,1:35:20,29.15%
340,Yuki Kashiwabara,"Irvine, CA",621,1:00:19,15:05,F 40-44/13,F-44,144,1:29:03,33.91%
341,Bijan Kashanizadeh,"San Juan Capistrano, CA",575,1:00:20,15:05,M 13-19/13,M-19,197,1:29:06,28.54%
342,Angela Chaklos,"Rancho Santa Margarita, CA",125,1:00:20,15:05,F 45-49/6,F-48,145,1:29:07,35.29%
343,Dominic Chaklos,"Rancho Santa Margarita, CA",578,1:00:20,15:05,M 20-24/41,M-20,198,1:29:06,28.24%
344,Sara Sutton,"Costa Mesa, CA",566,1:00:21,15:06,F 20-24/41,F-22,146,1:29:07,31.88%
345,Jamie Cox*,"Santa Clarita, CA",751,1:00:28,15:07,F 30-34/29,F-34,147,1:33:18,32.04%
346,Sabrina Whitney,"La Quinta, CA",987,1:00:28,15:07,F 13-19/12,F-15,148,2:41:00,33.31%
347,Kali Youghn,"Aliso Viejo, CA",633,1:00:31,15:08,F 25-29/26,F-27,149,1:39:25,31.79%
348,Michelle McDonough,"Laguna Niguel, CA",665,1:00:31,15:08,F 30-34/30,F-33,150,1:39:26,31.93%
349,Vanessa Branch,"Los Angeles, CA",1000,1:00:31,15:08,F 35-39/17,F-38,151,2:41:02,32.48%
350,Yve Rojas,"Kansas City, MO",977,1:00:31,15:08,F 40-44/14,F-42,152,2:41:02,33.28%
351,Christie Medina,"Costa Mesa, CA",615,1:00:33,15:09,F 20-24/42,F-24,153,1:39:27,31.77%
352,Cathy Keister,"Fountain Valley, CA",219,1:01:03,15:16,F 25-29/27,F-26,154,1:08:28,31.50%
353,Ruben Iglesias*,"Lakewood, CA",651,1:01:10,15:18,M 30-34/39,M-33,199,1:48:23,27.88%
354,Jennifer Parker,"Aliso Viejo, CA",833,1:01:11,15:18,F 35-39/18,F-39,155,2:41:45,32.32%
355,Bobby Andrade,"Bell Gardens, CA",366,1:01:20,15:20,M 25-29/38,M-26,200,1:16:51,27.48%
356,Judson Birza,"Santa Monica, CA",3348,1:01:24,15:21,M 20-24/42,M-22,201,2:41:55,27.45%
357,Stacey Gomez,"Costa Mesa, CA",285,1:01:25,15:22,F 20-24/43,F-21,156,1:08:50,31.32%
358,Nick Lioi,"Lake Forest, CA",487,1:01:25,15:22,M 20-24/43,M-20,202,1:05:43,27.74%
359,Alex Lopez,"Tustin, CA",685,1:01:26,15:22,M 30-34/40,M-30,203,1:22:38,27.52%
360,Terri Vaccher,"Aliso Viejo, CA",69,1:01:26,15:22,F 45-49/7,F-45,157,1:34:16,33.60%
361,Cassandra Duarte,"Tustin, CA",684,1:01:26,15:22,F 30-34/31,F-30,158,1:22:39,31.32%
362,Leyvi Reynosa,"Santa Ana, CA",817,1:01:34,15:24,F 25-29/28,F-25,159,1:19:52,31.25%
363,Ana Ramirez,"Santa Ana, CA",869,1:01:41,15:26,F 20-24/44,F-20,160,1:12:11,31.19%
364,Deysi Romero,"Santa Ana, CA",870,1:01:41,15:26,F 20-24/45,F-23,161,1:12:12,31.19%
365,Sandra Beltran,"Downey, CA",263,1:01:43,15:26,F 20-24/46,F-24,162,1:30:31,31.17%
366,Renae Cabrera,"Maywood, CA",947,1:01:43,15:26,F 13-19/13,F-14,163,1:30:31,33.09%
367,Nora Fragoso,"Downey, CA",323,1:01:44,15:26,F 30-34/32,F-34,164,1:30:31,31.38%
368,Tony Martin,"Downey, CA",324,1:01:45,15:27,M 35-39/25,M-35,204,1:30:32,27.89%
369,Andrea Galvez*,"Bell Gardens, CA",367,1:01:47,15:27,F 25-29/29,F-26,165,1:16:51,31.14%
370,Paul Timmerwilke,"Winchester, CA",810,1:01:47,15:27,M 50-54/9,M-51,205,1:48:59,31.44%
371,Daniel Lomeli,"Downey, CA",3313,1:01:48,15:27,M 30-34/41,M-34,206,1:30:33,27.70%
372,Juan Andrade,"Corona, CA",904,1:01:50,15:28,M 30-34/42,M-32,207,1:30:34,27.47%
373,Jason Heckert,"Downey, CA",264,1:01:51,15:28,M NoAge/3,M-0,208,2:51:18, 0.00%
374,Julian Trimino,"Laguna Hills, CA",3372,1:01:57,15:30,M 25-29/39,M-26,209,1:30:44,27.21%
375,Krystle Vance,"Downey, CA",900,1:01:58,15:30,F 25-29/30,F-26,166,1:30:45,31.05%
376,Karina Montenegro,"Downey, CA",965,1:01:59,15:30,F 20-24/47,F-22,167,1:30:45,31.04%
377,Katherine Baca,"Riverside, CA",924,1:01:59,15:30,F 20-24/48,F-24,168,1:12:31,31.04%
378,Curtis McGaughey,"Foothill Ranch, CA",512,1:02:13,15:34,M 30-34/43,M-33,210,2:20:50,27.41%
379,Kelsea Bigelow,"Costa Mesa, CA",3364,1:02:14,15:34,F 20-24/49,F-24,169,1:12:44,30.91%
380,Carrie Griggs,"Santa Ana, CA",121,1:02:20,15:35,F 30-34/33,F-31,170,1:20:38,30.89%
381,Michael Munoz,"Lahaina, HI",170,1:02:20,15:35,M 50-54/10,M-54,211,2:42:50,31.93%
382,Nichole Novotny,"Huntington Beach, CA",3363,1:02:20,15:35,F 20-24/50,F-20,171,1:12:49,30.86%
383,Mike Samuels,"Lake Forest, CA",488,1:02:21,15:36,M 20-24/44,M-20,212,1:06:38,27.33%
384,Megan Shank,"Fullerton, CA",55,1:02:23,15:36,F 45-49/8,F-46,172,1:35:12,33.40%
385,Amy Lynne Maude,"Orange, CA",468,1:02:29,15:38,F 20-24/51,F-23,173,1:16:50,30.79%
386,Alvin Chiu,"Diamond Bar, CA",469,1:02:32,15:38,M 25-29/40,M-29,213,1:16:53,26.98%
387,Robert Vertin,"Long Beach, CA",3266,1:02:37,15:40,M 25-29/41,M-28,214,1:17:01,26.92%
388,Rachael Summers*,"Santa Monica, CA",3494,1:02:39,15:40,F 25-29/31,F-25,174,3:11:15,30.71%
389,Kimberly Scheel,"Santa Monica, CA",3304,1:02:39,15:40,F 25-29/32,F-28,175,3:11:15,30.71%
390,Wendi Nichols,"Costa Mesa, CA",74,1:02:39,15:40,F 45-49/9,F-49,176,1:20:58,34.35%
391,Martin Torrez,"Hacienda Heights, CA",325,1:02:40,15:40,M 35-39/26,M-37,215,1:41:36,27.83%
392,Dennis Luciani,"Sherman Oaks, CA",122,1:02:40,15:40,M 40-44/25,M-44,216,2:43:10,29.34%
393,Shin Sasaki,"Long Beach, CA",438,1:02:42,15:41,M 30-34/44,M-32,217,1:58:32,27.09%
394,Kathleen Jensen,"Fountain Valley, CA",539,1:02:54,15:44,F 45-49/10,F-45,177,1:37:58,32.81%
395,Santiago Lopez,"Fountain Valley, CA",540,1:02:55,15:44,M 25-29/42,M-28,218,1:37:59,26.79%
396,Roceal Morales,"Colton, CA",364,1:02:57,15:45,F 20-24/52,F-20,178,1:10:23,30.56%
397,Michele Noonan,"North Hollywood, CA",785,1:02:58,15:45,F 25-29/33,F-29,179,2:43:30,30.55%
398,Justin Schuvie,"Aliso Viejo, CA",3307,1:03:05,15:47,M 35-39/27,M-37,219,2:21:43,27.64%
399,Janel Maldonado,"Azusa, CA",444,1:03:07,15:47,F 25-29/34,F-25,180,1:58:57,30.48%
400,Meghan Malena,"Foothill Ranch, CA",511,1:03:11,15:48,F 25-29/35,F-29,181,2:21:48,30.45%
401,Jennifer Stotelmeyer,"Anaheim, CA",506,1:03:12,15:48,F 35-39/19,F-38,182,2:21:50,31.10%
402,Margot Perez,"Ladera Ranch, CA",467,1:03:14,15:49,F 30-34/34,F-32,183,2:21:50,30.50%
403,Maureen Miettinen,"Costa Mesa, CA",3324,1:03:15,15:49,F 20-24/53,F-24,184,1:13:45,30.42%
404,Christine Negrete,"Huntington Beach, CA",275,1:03:24,15:51,F 25-29/36,F-26,185,1:17:49,30.34%
405,Eduardo Alejo,"Colton, CA",340,1:03:33,15:54,M 30-34/45,M-31,220,1:24:44,26.65%
406,Michelle Perez*,"Whittier, CA",30,1:03:47,15:57,F 30-34/35,F-30,186,1:32:30,30.16%
407,Michelle Melvin*,"Hacienda Heights, CA",31,1:03:48,15:57,F 30-34/36,F-30,187,1:32:30,30.15%
408,Michelle Tromp*,"Diamond Bar, CA",124,1:03:48,15:57,F 35-39/20,F-35,188,1:32:30,30.44%
409,Jeremiah Knutson,"Council Bluffs, IA",336,1:03:51,15:58,M 30-34/46,M-31,221,2:16:57,26.53%
410,Eric Basler*,"Lake Forest, CA",152,1:03:56,15:59,M 45-49/7,M-45,222,1:44:46,28.97%
411,Maria Santa Cruz,"Los Angeles, CA",852,1:03:56,15:59,F 30-34/37,F-32,189,1:44:51,30.17%
412,Lisa Peoples,"Salinas, CA",337,1:03:59,16:00,F 30-34/38,F-34,190,2:17:04,30.28%
413,Robert Gallegos*,"South Gate, CA",458,1:04:02,16:01,M 25-29/43,M-27,223,1:18:26,26.32%
414,Samuel Ruiz*,"Long Beach, CA",280,1:04:02,16:01,M 30-34/47,M-32,224,2:06:56,26.53%
415,Sarah Brehm*,"Pasadena, CA",404,1:04:08,16:02,F 25-29/37,F-27,191,2:41:20,30.00%
416,Jared Hartstein,"Cypress, CA",994,1:04:13,16:04,M 20-24/45,M-21,225,1:08:32,26.35%
417,Elaine Clemente*,"Montclair, CA",204,1:04:27,16:07,F 25-29/38,F-25,192,2:41:39,29.85%
418,Jessica Taylor,"Laguna Hills, CA",862,1:04:34,16:09,F 30-34/39,F-33,193,1:37:26,29.93%
419,Jessica Smith,"Huntington Beach, CA",863,1:04:35,16:09,F 25-29/39,F-25,194,1:37:27,29.79%
420,Tara Meyer,"Tustin, CA",131,1:04:39,16:10,F 35-39/21,F-39,195,1:22:58,30.58%
421,Christa Hastie Waydo,"Ojai, CA",772,1:04:48,16:12,F 30-34/40,F-32,196,2:45:20,29.77%
422,Maggie Holguin,"Chino, CA",908,1:04:52,16:13,F 25-29/40,F-29,197,1:15:25,29.66%
423,Diana Lumbreras,"Maywood, CA",307,1:04:55,16:14,F 30-34/41,F-34,198,1:33:42,29.84%
424,Beatriz Rojas Ruiz*,"Long Beach, CA",277,1:05:00,16:15,F 30-34/42,F-30,199,2:07:54,29.60%
425,Maryvon Xayaphanthong,"Moreno Valley, CA",879,1:05:11,16:18,F 13-19/14,F-19,200,1:19:37,29.64%
426,Fong Tardy,"Banning, CA",878,1:05:12,16:18,F 30-34/43,F-31,201,1:19:37,29.53%
427,Dina Hernandez,"Lakewood, CA",313,1:05:21,16:21,F 35-39/22,F-39,202,1:44:16,30.26%
428,Mike Clem,"Costa Mesa, CA",888,1:05:22,16:21,M 35-39/28,M-38,226,1:23:43,26.88%
429,John Patino*,"Moreno Valley, CA",744,1:05:26,16:22,M 35-39/29,M-36,227,1:40:31,26.47%
430,Patricia Blais,"Fullerton, CA",51,1:05:30,16:23,F 40-44/15,F-42,203,1:38:19,30.75%
431,Christopher Tapper,"Long Beach, CA",3336,1:05:32,16:23,M 40-44/26,M-44,228,1:46:22,28.06%
432,Marco Castro,"Lynwood, CA",759,1:05:36,16:24,M 13-19/14,M-19,229,1:05:37,26.25%
433,Adalberto Ornelas,"Ontario, CA",3292,1:05:51,16:28,M 20-24/46,M-22,230,1:20:15,25.59%
434,Alma Mercado,"Ontario, CA",781,1:05:51,16:28,F 25-29/41,F-27,204,1:20:14,29.22%
435,Bassam Haddad,"Chatsworth, CA",786,1:05:52,16:28,M 25-29/44,M-26,231,1:20:15,25.59%
436,Holden Miralles,"Bellflower, CA",3346,1:05:59,16:30,M 20-24/47,M-24,232,1:46:53,25.54%
437,Sheree Pittman,"Cypress, CA",3302,1:05:59,16:30,F 40-44/16,F-40,205,1:46:51,30.12%
438,Marybeth Monaghan,"Bellflower, CA",3370,1:05:59,16:30,F 20-24/54,F-22,206,1:46:52,29.16%
439,Tien Do,"Bellflower, CA",3319,1:06:00,16:30,M 25-29/45,M-25,233,1:46:54,25.54%
440,Colleen Crusinberry*,"Corona, CA",380,1:06:01,16:31,F 45-49/11,F-45,207,1:06:04,31.26%
441,Jocelyn Nunez,"La Puente, CA",956,1:06:04,16:31,F 13-19/15,F-18,208,1:13:28,29.42%
442,Kristy Orr,"Whittier, CA",312,1:06:11,16:33,F 30-34/44,F-30,209,1:39:01,29.07%
443,Felice Hill,"Sun City, CA",322,1:06:12,16:33,F 30-34/45,F-33,210,1:39:01,29.19%
444,Diana Vera,"El Monte, CA",3276,1:06:13,16:34,F 20-24/55,F-20,211,1:13:37,29.05%
445,Gabriela Nunez,"La Puente, CA",955,1:06:15,16:34,F 25-29/42,F-28,212,1:13:39,29.04%
446,Jennifer Riggs,"Whittier, CA",278,1:06:22,16:36,F 30-34/46,F-33,213,1:39:11,29.11%
447,Robert Hill,"Lake Elsinore, CA",762,1:06:39,16:40,M 25-29/46,M-29,234,1:25:00,25.31%
448,Joseph Choi,"Garden Grove, CA",495,1:06:39,16:40,M 40-44/27,M-40,235,3:00:58,26.76%
449,Kirsty Kenny,"Irvine, CA",309,1:06:49,16:43,F 20-24/56,F-24,214,1:33:34,28.79%
450,John Roldan,"La Habra, CA",470,1:06:52,16:43,M 25-29/47,M-28,236,2:02:43,25.21%
451,Cynthia Gilmore,"Chino, CA",628,1:07:23,16:51,F 30-34/47,F-33,215,1:21:44,28.67%
452,Luke Duran,"Placentia, CA",782,1:07:38,16:55,M 25-29/48,M-25,237,1:22:02,24.92%
453,Jennifer Isley*,"Trabuco Canyon, CA",14,1:07:39,16:55,F 35-39/23,F-38,216,1:46:36,29.05%
454,Chuck Diven,"Fullerton, CA",858,1:07:42,16:56,M 55-59/4,M-59,238,1:22:05,30.68%
455,Rich Bravo,"Brea, CA",777,1:07:42,16:56,M 30-34/48,M-32,239,1:22:04,25.09%
456,Zeena Thomas,"Mission Viejo, CA",201,1:07:50,16:58,F 45-49/12,F-48,217,1:48:42,31.38%
457,Zack Brown Jr,"Corona, CA",757,1:07:50,16:58,M 40-44/28,M-40,240,1:42:54,26.30%
458,Scott Thomas,"Mission Viejo, CA",202,1:07:50,16:58,M 45-49/8,M-47,241,1:48:42,27.75%
459,Phillip Sheppard,"Santa Monica, CA",83,1:08:00,17:00,M 50-54/11,M-53,242,2:48:33,29.03%
460,Sandra Sosa,"Redlands, CA",315,1:08:13,17:04,F 35-39/24,F-36,218,1:47:07,28.57%
461,Deven Del Castillo,"Redondo Beach, CA",3333,1:08:34,17:09,F 13-19/16,F-16,219,1:16:00,29.01%
462,Desiree Rudisol,"Laguna Hills, CA",710,1:08:34,17:09,F 25-29/43,F-27,220,1:49:24,28.06%
463,Helayna Allen,"Redondo Beach, CA",3332,1:08:35,17:09,F 13-19/17,F-16,221,1:16:01,29.00%
464,Mariela Castillo*,"Duarte, CA",187,1:08:43,17:11,F 25-29/44,F-29,222,1:29:54,28.00%
465,Erik Verduzco,"Los Angeles, CA",611,1:08:47,17:12,M 13-19/15,M-17,243,2:36:45,25.67%
466,Brandon Novy,"Cypress, CA",936,1:08:49,17:13,M 25-29/49,M-26,244,2:41:47,24.49%
467,Wendy Marano*,"La Palma, CA",284,1:08:55,17:14,F 35-39/25,F-36,223,1:49:47,28.28%
468,Collette Markert,"Trabuco Canyon, CA",872,1:08:57,17:15,F 20-24/57,F-24,224,1:47:55,27.90%
469,Marques Quartes,"Laguna Hills, CA",715,1:09:04,17:16,M 25-29/50,M-27,245,1:49:55,24.40%
470,Holden Kaplan,"Torrance, CA",764,1:09:07,17:17,Unknown/1,M-10,246,1:32:18,29.84%
471,Michael Kaplan,"Torrance, CA",763,1:09:08,17:17,M 45-49/9,M-45,247,1:32:17,26.79%
472,Linda Copple,"Rancho Santa Margarita, CA",162,1:09:20,17:20,F 50-54/4,F-52,225,1:48:18,32.22%
473,Crystal Tibbetts,"Costa Mesa, CA",733,1:09:25,17:22,F 25-29/45,F-25,226,1:48:21,27.71%
474,Keri Plotts,"Costa Mesa, CA",669,1:09:26,17:22,F 25-29/46,F-25,227,1:48:21,27.71%
475,Monica Dejbakhsh,"Monrovia, CA",962,1:09:32,17:23,F 20-24/58,F-24,228,1:23:57,27.67%
476,Shauna Crahan*,"Glendale, CA",634,1:09:33,17:24,F 25-29/47,F-28,229,1:23:59,27.66%
477,Sylvia Retamoza,"Corona, CA",78,1:09:34,17:24,F 40-44/17,F-42,230,1:50:28,28.95%
478,Andrei De Asis,"Anaheim, CA",257,1:09:38,17:25,M 25-29/51,M-26,248,1:24:01,24.20%
479,Ashelyn Summers*,"Newport Coast, CA",229,1:09:40,17:25,F 20-24/59,F-24,231,1:27:59,27.61%
480,Erin Quillen,"Los Angeles, CA",292,1:09:40,17:25,F 25-29/48,F-26,232,1:27:59,27.61%
481,Deborah Garcia,"Claremont, CA",3285,1:09:40,17:25,F 40-44/18,F-43,233,1:32:52,29.12%
482,Jennifer Ogdon,"Brea, CA",56,1:09:44,17:26,F 35-39/26,F-36,234,1:42:34,27.95%
483,Jill Hilbert,"Brea, CA",53,1:09:45,17:27,F 35-39/27,F-36,235,1:42:34,27.94%
484,Stephanie Pfannenstiel,"Irvine, CA",36,1:09:47,17:27,F 45-49/13,F-45,236,1:48:43,29.57%
485,Jill Purcell,"Foothill Ranch, CA",734,1:09:53,17:29,F 45-49/14,F-46,237,1:50:49,29.82%
486,Michele Miller,"Lake Forest, CA",721,1:09:59,17:30,F 40-44/19,F-42,238,1:50:55,28.78%
487,Brett Miller,"Lake Forest, CA",720,1:10:01,17:31,M 40-44/29,M-42,249,1:50:56,25.86%
488,Gary Ferrin,"Rosemead, CA",943,1:10:05,17:32,M 60-64/2,M-60,250,2:05:59,29.90%
489,Servando Silva,"Orange, CA",222,1:10:08,17:32,M 35-39/30,M-37,251,1:49:05,24.86%
490,Lisamarie Silva,"Orange, CA",223,1:10:09,17:33,F 35-39/28,F-35,239,1:49:06,27.69%
491,Jill Bentley,"Mission Viejo, CA",3279,1:10:10,17:33,F 30-34/48,F-31,240,1:20:41,27.44%
492,Veronica Quirarte,"Oceanside, CA",144,1:10:10,17:33,F 25-29/49,F-27,241,1:31:21,27.42%
493,Brandi Allison,"San Clemente, CA",138,1:10:11,17:33,F 30-34/49,F-33,242,1:31:21,27.53%
494,Danny Pinedo,"West Covina, CA",940,1:10:12,17:33,M 30-34/49,M-34,252,2:06:06,24.39%
495,Natalie Martinez,"Ontario, CA",927,1:10:13,17:34,F 20-24/60,F-21,243,2:06:05,27.40%
496,Melody Martin,"Lake Elsinore, CA",354,1:10:14,17:34,F 35-39/29,F-37,244,1:31:25,27.87%
497,Keith Morris,"Los Angeles, CA",804,1:10:24,17:36,M 30-34/50,M-31,253,1:33:37,24.06%
498,Tisha Anderson,"Placentia, CA",75,1:10:26,17:37,F 40-44/20,F-41,245,1:28:44,28.40%
499,Helena Garcia,"Mission Viejo, CA",3362,1:10:32,17:38,F 20-24/61,F-24,246,1:21:03,27.27%
500,Anne Oggrady,"Santa Monica, CA",3297,1:10:34,17:39,F 40-44/21,F-40,247,2:51:09,28.16%
501,Dan Milsted,"Santa Monica, CA",3299,1:10:35,17:39,M 40-44/30,M-40,254,2:51:11,25.27%
502,Jenna Lewis,"La Quinta, CA",986,1:10:38,17:40,F 30-34/50,F-34,248,2:51:10,27.43%
503,Sadie Whitney,"La Quinta, CA",988,1:10:38,17:40,F 13-19/18,F-15,249,2:51:10,28.51%
504,Gail Durham,"Corona, CA",119,1:10:40,17:40,F 45-49/15,F-45,250,1:57:53,29.21%
505,Katherine Burdette,"Anaheim, CA",849,1:10:45,17:42,F 20-24/62,F-24,251,2:43:42,27.19%
506,Ronald Welemin*,"Victorville, CA",118,1:10:49,17:43,M 55-59/5,M-55,255,1:58:00,28.34%
507,Melissa Calabretta*,"La Habra, CA",59,1:10:51,17:43,F 40-44/22,F-41,252,1:43:41,28.24%
508,Shushan Zupic,"Diamond Bar, CA",613,1:10:52,17:43,F 35-39/30,F-38,253,1:39:39,27.73%
509,Julie Johnson,"Cypress, CA",332,1:10:54,17:44,F 30-34/51,F-34,254,1:43:44,27.32%
510,Allan Ines,"Walnut, CA",839,1:10:54,17:44,M 20-24/48,M-22,256,1:32:07,23.77%
511,Jeffrey Ochoa,"Huntington Park, CA",838,1:10:58,17:45,M 20-24/49,M-23,257,1:32:11,23.75%
512,Susana Perez,"San Clemente, CA",143,1:10:58,17:45,F 30-34/52,F-30,255,1:32:09,27.11%
513,Robert Garcia,"Lakewood, CA",719,1:11:05,17:47,M 30-34/51,M-31,258,1:32:18,23.83%
514,Adam Krueger,"Corona, CA",97,1:11:07,17:47,M 35-39/31,M-38,259,2:13:59,24.71%
515,Rosemarie Garcia,"Lakewood, CA",717,1:11:07,17:47,F 25-29/50,F-28,256,1:32:20,27.05%
516,Caroline Nguyen*,"Westminster, CA",695,1:11:07,17:47,F 35-39/31,F-37,257,1:32:20,27.52%
517,Michael Zapotocky,"Murrieta, CA",3259,1:11:11,17:48,M 50-54/12,M-52,260,2:14:04,27.52%
518,Young Kim*,"Glendale, CA",516,1:11:12,17:48,M 35-39/32,M-39,261,3:05:31,24.87%
519,Beth Thompson,"Temecula, CA",37,1:11:16,17:49,F 40-44/23,F-44,258,1:50:12,28.70%
520,Connie Kuykendall,"San Bernardino, CA",115,1:11:17,17:50,F 30-34/53,F-31,259,2:14:11,27.01%
521,Jacob Zapotocky,"Murrieta, CA",3260,1:11:18,17:50,M 13-19/16,M-18,262,2:14:10,24.46%
522,Tracy Hatfield,"Corona, CA",120,1:11:24,17:51,F 40-44/24,F-40,260,1:58:36,27.83%
523,Michelle Kelly,"Corona, CA",401,1:11:24,17:51,F 40-44/25,F-41,261,1:58:37,28.02%
524,Mike Kubat*,"Lake Forest, CA",552,1:11:25,17:52,M 40-44/31,M-41,263,1:40:08,25.16%
525,Kelly Ellis,"Ontario, CA",65,1:11:43,17:56,F 25-29/51,F-29,262,2:14:37,26.82%
526,Tracy Mattson*,"Long Beach, CA",358,1:11:46,17:57,F 40-44/26,F-43,263,1:50:42,28.27%
527,Antoinette Baca,"Los Angeles, CA",533,1:11:47,17:57,F 30-34/54,F-32,264,3:06:12,26.87%
528,Susan Kowalski*,"Redondo Beach, CA",356,1:11:48,17:57,F 50-54/5,F-50,265,1:50:43,30.35%
529,Jessica Puryear,"Huntington Beach, CA",576,1:11:52,17:58,F 35-39/32,F-36,266,1:35:04,27.12%
530,Jasmine Jones*,"Van Nuys, CA",451,1:11:53,17:59,F 25-29/52,F-26,267,1:30:12,26.76%
531,Krystal Burdette,"Anaheim, CA",842,1:11:53,17:59,F 20-24/63,F-24,268,2:44:50,26.76%
532,Alyssa Schweigert,"Garden Grove, CA",639,1:11:53,17:59,F 30-34/55,F-34,269,1:35:04,26.95%
533,Jacqueline Bruce,"Tustin, CA",696,1:12:06,18:02,F 25-29/53,F-28,270,1:53:01,26.68%
534,Shelley Logan,"Lake Forest, CA",579,1:12:11,18:03,F 40-44/27,F-41,271,1:40:53,27.71%
535,Adriana Colon,"Downey, CA",790,1:12:12,18:03,F 25-29/54,F-29,272,1:45:00,26.65%
536,Lizette Verduzco,"Long Beach, CA",787,1:12:12,18:03,F 30-34/56,F-34,273,1:45:01,26.83%
537,Edwin Carvajal,"Arleta, CA",798,1:12:13,18:04,M 30-34/52,M-31,264,1:45:01,23.45%
538,Melody Mayamnes,"Victorville, CA",892,1:12:20,18:05,F 30-34/57,F-31,274,1:31:15,26.62%
539,Erica Fyffe,"Costa Mesa, CA",111,1:12:24,18:06,F 20-24/64,F-21,275,1:12:24,26.57%
540,Kim Martinez,"Lake Forest, CA",562,1:12:28,18:07,F 40-44/28,F-41,276,1:41:10,27.61%
541,Julio Villegas,"Santa Ana, CA",693,1:12:38,18:10,M 25-29/52,M-29,265,1:33:52,23.23%
542,Mayra Diaz,"Santa Ana, CA",690,1:12:40,18:10,F 25-29/55,F-29,277,1:33:54,26.47%
543,Orlando Quirarte,"Oceanside, CA",145,1:12:40,18:10,M 30-34/53,M-31,266,1:12:40,23.31%
544,Ray Kidder,"Placentia, CA",447,1:12:43,18:11,M 25-29/53,M-26,267,2:08:34,23.18%
545,Monica Colsa,"Fullerton, CA",439,1:12:46,18:12,F 20-24/65,F-23,278,2:08:38,26.44%
546,Miranda Mulholland,"Oak Hills, CA",3360,1:12:55,18:14,F 20-24/66,F-24,279,1:31:15,26.38%
547,Shannon Johnson,"Buena Park, CA",437,1:12:57,18:15,F 30-34/58,F-31,280,2:08:48,26.39%
548,Christy Mayberry*,"Valencia, CA",702,1:12:57,18:15,F 45-49/16,F-48,281,3:01:23,29.18%
549,Devon Mayberry*,"Valencia, CA",705,1:12:58,18:15,F 13-19/19,F-19,282,3:01:23,26.48%
550,Stephanie Calderon,"Santa Ana, CA",948,1:13:08,18:17,F 20-24/67,F-24,283,1:36:20,26.30%
551,Oonagh Kennedy,"Fullerton, CA",735,1:13:13,18:19,F 30-34/59,F-30,284,1:42:00,26.28%
552,Mike Keegan*,"Norco, CA",732,1:13:13,18:19,M 30-34/54,M-32,268,1:42:00,23.20%
553,Michelle Weiss*,"Torrance, CA",749,1:13:24,18:21,F 20-24/68,F-21,285,3:01:50,26.21%
554,Vincent Perez,"Lake Forest, CA",3345,1:13:31,18:23,M 30-34/55,M-31,269,1:13:31,23.04%
555,Jasmine Lomeli,"Los Angeles, CA",609,1:13:43,18:26,F 13-19/20,F-16,286,2:41:40,26.98%
556,Diana Herrera,"Westminster, CA",632,1:14:01,18:31,F 25-29/56,F-26,287,1:28:25,25.99%
557,Angie Roque,"La Puente, CA",876,1:14:02,18:31,F 25-29/57,F-25,288,1:32:23,25.99%
558,Julia Robles,"Whittier, CA",877,1:14:02,18:31,F 25-29/58,F-26,289,1:32:23,25.99%
559,Cassandra Kramer,"Costa Mesa, CA",433,1:14:03,18:31,F 20-24/69,F-22,290,2:09:52,25.98%
560,Maila Nullas,"Norwalk, CA",880,1:14:06,18:32,F 20-24/70,F-24,291,1:32:28,25.96%
561,Jessica Lizarde,"Signal Hill, CA",661,1:14:32,18:38,F 25-29/59,F-28,292,2:01:42,25.81%
562,Patrick Barnes,"Orange, CA",568,1:14:32,18:38,M 30-34/56,M-30,270,2:01:42,22.68%
563,Autumn Rische,"Irvine, CA",150,1:14:35,18:39,F 30-34/60,F-33,293,1:21:59,25.91%
564,Jim Duarte,"Whittier, CA",542,1:14:45,18:42,M 40-44/32,M-41,271,1:37:56,24.04%
565,Leeann Dawes*,"Van Nuys, CA",725,1:14:48,18:42,F 35-39/33,F-37,294,3:09:07,26.16%
566,Darlene Horvath,"La Habra, CA",505,1:14:54,18:44,F 45-49/17,F-46,295,1:22:17,27.82%
567,Lauren Garcia*,"Torrance, CA",750,1:15:09,18:48,F 20-24/71,F-22,296,3:03:35,25.60%
568,Noe Gonzales,"Sherman Oaks, CA",319,1:15:27,18:52,M 30-34/57,M-31,272,1:38:37,22.45%
569,Marco Haro,"Sherman Oaks, CA",317,1:15:29,18:53,M 30-34/58,M-32,273,1:38:41,22.50%
570,Lauren Cella,"Las Vegas, NV",375,1:15:31,18:53,F 30-34/61,F-30,297,1:48:23,25.47%
571,Mark Kofsman*,"Reseda, CA",216,1:15:31,18:53,M 25-29/54,M-26,274,2:52:42,22.32%
572,Caroline Patterson,"Irvine, CA",374,1:15:35,18:54,F 30-34/62,F-30,298,1:48:28,25.45%
573,Gillian Larson*,"Temecula, CA",109,1:15:35,18:54,F 60-64/1,F-64,299,2:56:06,34.85%
574,Thressa Menefee,"Los Angeles, CA",803,1:15:36,18:54,F 45-49/18,F-47,300,1:50:40,27.85%
575,Lady Ankrah,"Irvine, CA",657,1:15:38,18:55,F 25-29/60,F-26,301,1:56:31,25.44%
576,Che Rodriguez,"West Covina, CA",703,1:15:38,18:55,M 30-34/59,M-31,275,1:56:31,22.39%
577,Chad Amaro,"Santa Ana, CA",656,1:15:38,18:55,M 35-39/33,M-38,276,1:56:30,23.23%
578,Johanna Galindo,"La Habra, CA",655,1:15:39,18:55,F 30-34/63,F-30,302,1:56:31,25.43%
579,Shelley Sanchez*,"Chino Hills, CA",331,1:15:39,18:55,F 50-54/6,F-50,303,1:30:07,28.80%
580,Kate Lynch,"Laguna Hills, CA",822,1:15:46,18:57,F 40-44/29,F-42,304,2:18:40,26.58%
581,Jessica McDorman,"Ladera Ranch, CA",472,1:15:46,18:57,F 20-24/72,F-24,305,2:18:42,25.39%
582,Antonio Centeno,"Los Angeles, CA",411,1:15:48,18:57,M 25-29/55,M-25,277,1:38:58,22.23%
583,Rebecca McDorman,"Ladera Ranch, CA",471,1:15:48,18:57,F 20-24/73,F-22,306,2:18:43,25.38%
584,Glenn Burks*,"Huntington Beach, CA",604,1:15:49,18:58,M 45-49/10,M-47,278,3:10:16,24.82%
585,Nicole Lizzarago,"Fullerton, CA",597,1:15:56,18:59,F 35-39/34,F-37,307,1:44:44,25.77%
586,Elisha Peralto*,"Whittier, CA",112,1:15:59,19:00,F 35-39/35,F-35,308,1:30:26,25.56%
587,Stephen Hulsey*,"Los Angeles, CA",255,1:16:11,19:03,M 65-69/1,M-69,279,2:03:22,29.89%
588,Albert Mesa,"Redondo Beach, CA",691,1:16:22,19:06,M 40-44/33,M-42,280,2:03:32,23.71%
589,Lucy Barnes,"Orange, CA",567,1:16:23,19:06,F 30-34/64,F-32,309,2:03:32,25.25%
590,Elora Elemeto,"Lake Forest, CA",256,1:16:30,19:08,F 20-24/74,F-22,310,1:30:52,25.15%
591,Melissa Burke*,"Bakersfield, CA",72,1:16:38,19:10,F 30-34/65,F-31,311,1:37:50,25.13%
592,Ken Southerland,"Santa Monica, CA",159,1:16:52,19:13,M 45-49/11,M-46,281,1:16:52,24.29%
593,Nancy Lomeli,"Los Angeles, CA",606,1:17:01,19:16,F 30-34/66,F-30,312,2:44:57,24.98%
594,Abby Daniels,"Tustin, CA",491,1:17:08,19:17,F 30-34/67,F-34,313,1:49:59,25.11%
595,Heather Tomley*,"San Pedro, CA",619,1:17:13,19:19,F 40-44/30,F-40,314,3:11:35,25.73%
596,Kyla Pollock,"Orange, CA",279,1:17:23,19:21,F 30-34/68,F-33,315,1:50:12,24.97%
597,Edward Garcia,"Claremont, CA",3286,1:17:45,19:27,M 35-39/34,M-38,282,1:40:57,22.60%
598,Cindy Haro,"Sherman Oaks, CA",318,1:17:50,19:28,F 30-34/69,F-32,316,1:41:01,24.78%
599,Monica Pesantes,"Van Nuys, CA",727,1:18:10,19:33,F 35-39/36,F-37,317,3:12:29,25.04%
600,Angie Hernandez,"Van Nuys, CA",730,1:18:10,19:33,F 35-39/37,F-38,318,3:12:29,25.14%
601,Sondra Bright*,"Cypress, CA",274,1:18:13,19:34,F 35-39/38,F-37,319,1:59:06,25.02%
602,Tiffani Orozco*,"Los Alamitos, CA",371,1:18:14,19:34,F 30-34/70,F-34,320,1:59:07,24.76%
603,Carissa Davis,"Huntington Beach, CA",3316,1:18:15,19:34,F 20-24/75,F-22,321,1:59:08,24.58%
604,Hollan Whitlock,"Rialto, CA",912,1:18:17,19:35,M 20-24/50,M-23,283,1:51:08,21.53%
605,Tory Whitlock,"Rialto, CA",913,1:18:22,19:36,F 25-29/61,F-27,322,1:51:13,24.55%
606,Elizabeth Ellis,"Fullerton, CA",327,1:18:25,19:37,F 50-54/7,F-52,323,2:21:19,28.49%
607,Willie Ellis,"Fullerton, CA",328,1:18:25,19:37,M 50-54/13,M-52,284,2:21:20,24.98%
608,Jessica Scribner*,"Santa Monica, CA",590,1:18:28,19:37,F 30-34/71,F-33,324,3:12:49,24.62%
609,Margaret Takei*,"Van Nuys, CA",596,1:18:28,19:37,F 35-39/39,F-39,325,3:12:49,25.20%
610,Jason Scribner*,"Santa Monica, CA",592,1:18:29,19:38,M 40-44/34,M-41,285,3:12:51,22.90%
611,Yvette Jaramillo,"Lake Forest, CA",593,1:18:33,19:39,F 25-29/62,F-28,326,1:47:14,24.49%
612,Angelina Cisneros,"Pomona, CA",584,1:18:42,19:41,F 30-34/72,F-31,327,1:18:42,24.47%
613,April Holguin*,"Van Nuys, CA",452,1:19:09,19:48,F 25-29/63,F-29,328,1:37:29,24.30%
614,Janeen Hoskins,"Laguna Niguel, CA",742,1:19:35,19:54,F 40-44/31,F-44,329,1:54:40,25.70%
615,Shelly Lynas,"Anaheim, CA",859,1:19:35,19:54,F 30-34/73,F-32,330,1:54:40,24.24%
616,Eric Parker,"Aliso Viejo, CA",389,1:19:37,19:55,M 45-49/12,M-45,286,1:54:41,23.26%
617,Debby Provence,"Irvine, CA",770,1:19:38,19:55,F 35-39/40,F-39,331,1:54:42,24.83%
618,Nancy Dau,"Riverside, CA",247,1:19:41,19:56,F 45-49/19,F-48,332,1:38:00,26.72%
619,Lyn Sayre,"Riverside, CA",249,1:19:41,19:56,F 25-29/64,F-25,333,1:38:00,24.14%
620,Ramiro Ruiz,"Norwalk, CA",883,1:19:52,19:58,M 35-39/35,M-37,287,1:38:13,21.83%
621,Elizabeth Gonzalez-Ruiz,"Norwalk, CA",882,1:19:52,19:58,F 25-29/65,F-29,334,1:38:14,24.09%
622,Brenda Briseno*,"West Covina, CA",25,1:20:01,20:01,F 20-24/76,F-24,335,1:30:32,24.04%
623,Jessica Salinas*,"Sun Valley, CA",66,1:20:01,20:01,F 20-24/77,F-23,336,1:30:33,24.04%
624,Emma Houseman*,"Los Angeles, CA",545,1:20:19,20:05,F 25-29/66,F-26,337,2:01:14,23.95%
625,Stacy Sanderson*,"Las Vegas, NV",67,1:21:13,20:19,M 35-39/36,M-37,288,1:56:15,21.47%
626,Sean Raney,"Anaheim, CA",412,1:21:15,20:19,M 25-29/56,M-26,289,2:17:05,20.74%
627,Crystal Rosales,"Buena Park, CA",428,1:21:16,20:19,F 20-24/78,F-23,338,2:17:07,23.67%
628,Katherine Hollowell,"Buena Park, CA",650,1:22:14,20:34,F 25-29/67,F-27,339,3:16:38,23.39%
629,Barry Christy,"Westminster, CA",896,1:24:15,21:04,M 50-54/14,M-53,290,2:11:27,23.43%
630,Monika Hall,"Lake Forest, CA",574,1:24:22,21:06,F 35-39/41,F-38,340,1:53:04,23.30%
631,Connie Visconte,"Mission Viejo, CA",602,1:24:23,21:06,F 55-59/2,F-59,341,1:53:04,29.06%
632,Mary Visconte,"Mission Viejo, CA",601,1:24:23,21:06,F 30-34/74,F-31,342,1:53:04,22.82%
633,Chelsea Hudgins,"Westminster, CA",944,1:24:31,21:08,F 20-24/79,F-20,343,2:11:42,22.76%
634,Kazlen Christy,"Westminster, CA",894,1:24:32,21:08,F 20-24/80,F-20,344,2:11:44,22.76%
635,Maureen Christy,"Westminster, CA",893,1:24:34,21:09,F 45-49/20,F-49,345,2:11:46,25.45%
636,Kris Kearns,"Westminster, CA",895,1:24:35,21:09,F 45-49/21,F-45,346,2:11:48,24.40%
637,Alex Lomeli,"Los Angeles, CA",610,1:24:40,21:10,Unknown/2,M-12,291,2:52:36,22.94%
638,Christina Thompson,"Costa Mesa, CA",747,1:25:13,21:19,F 40-44/32,F-40,347,1:58:02,23.32%
639,Lorie Depauw,"Newport Beach, CA",748,1:25:13,21:19,F 55-59/3,F-56,348,1:58:02,27.62%
640,Kimly Chea-Yem,"Fontana, CA",224,1:25:20,21:20,F 30-34/75,F-31,349,2:06:16,22.56%
641,James O'Brien II*,"San Mateo, CA",239,1:25:20,21:20,M 55-59/6,M-57,292,2:12:31,23.93%
642,Matthew Smith,"Inglewood, CA",225,1:25:21,21:21,M 30-34/60,M-33,293,2:06:16,19.98%
643,Harry Chu,"Monterey Park, CA",197,1:25:28,21:22,M 20-24/51,M-24,294,1:58:20,19.72%
644,Naureen Blancett,"Lake Forest, CA",711,1:25:57,21:30,F 40-44/33,F-42,350,1:54:40,23.43%
645,Patricia Castaneda,"Long Beach, CA",496,1:26:01,21:31,F 30-34/76,F-33,351,3:20:19,22.46%
646,Mayra Hernandez,"Whittier, CA",503,1:26:03,21:31,F 25-29/68,F-25,352,3:20:21,22.36%
647,Leigh Brendle,"Smyrna, TN",966,1:26:12,21:33,F 20-24/81,F-22,353,2:13:24,22.32%
648,Aimee Bond,"Las Vegas, NV",967,1:26:13,21:34,F 25-29/69,F-27,354,2:13:23,22.31%
649,Karina Boiles*,"Glendale, CA",999,1:26:44,21:41,F 25-29/70,F-29,355,1:55:27,22.18%
650,Margarita Khachatryan*,"Glendale, CA",482,1:26:44,21:41,F 25-29/71,F-26,356,1:55:28,22.18%
651,Zaruhi Najarian,"Glendale, CA",806,1:26:46,21:42,F 25-29/72,F-26,357,1:55:30,22.17%
652,Morgan Lawhorn,"Anaheim, CA",3306,1:26:49,21:43,F 20-24/82,F-20,358,1:37:22,22.16%
653,Alison Fowler,"Fullerton, CA",769,1:26:49,21:43,F 20-24/83,F-20,359,1:37:22,22.16%
654,Kiate Clarke,"Orange, CA",964,1:27:19,21:50,F 35-39/42,F-37,360,2:06:19,22.41%
655,Melody Gomez,"West Covina, CA",799,1:27:21,21:51,F 35-39/43,F-35,361,2:06:19,22.23%
656,Marisa Cano*,"Los Angeles, CA",638,1:27:21,21:51,F 35-39/44,F-35,362,2:06:19,22.23%
657,Jessica Almera,"Costa Mesa, CA",474,1:27:33,21:54,F 35-39/45,F-35,363,2:00:21,22.18%
658,Karen Munson,"Chino Hills, CA",641,1:27:33,21:54,F 30-34/77,F-32,364,2:00:22,22.03%
659,Kjersti Walker*,"Newbury Park, CA",500,1:27:44,21:56,F 40-44/34,F-43,365,2:00:34,23.12%
660,Monica Caudillo,"Irvine, CA",531,1:28:21,22:06,F 30-34/78,F-30,366,1:49:35,21.77%
661,Maria Delgado,"Irvine, CA",532,1:28:21,22:06,F 20-24/84,F-22,367,1:49:35,21.77%
662,Diane Calderon,"Lake Forest, CA",949,1:28:22,22:06,F 50-54/8,F-50,368,1:51:33,24.66%
663,Lazaro Uranga,"West Covina, CA",230,1:28:23,22:06,M 35-39/37,M-35,295,1:28:23,19.48%
664,Maria Luisa Caro,"Irvine, CA",658,1:28:24,22:06,F 40-44/35,F-42,369,1:49:38,22.78%
665,Patty Caudillo,"Long Beach, CA",670,1:28:24,22:06,F 40-44/36,F-41,370,1:49:38,22.63%
666,Rita Cervantes,"Norwalk, CA",875,1:29:03,22:16,F 13-19/21,F-16,371,1:39:33,22.33%
667,Elizabeth Baker*,"Fallbrook, CA",311,1:29:32,22:23,F 25-29/73,F-29,372,1:47:53,21.49%
668,Eugene Morita,"Walnut, CA",171,1:29:54,22:29,M 35-39/38,M-37,296,1:40:28,19.40%
669,Steven Giang*,"Walnut, CA",181,1:29:55,22:29,M 35-39/39,M-37,297,1:40:29,19.39%
670,Sara Martinez,"Concord, CA",765,1:30:44,22:41,F 35-39/46,F-36,373,2:09:44,21.48%
671,Tim Martinez,"Concord, CA",766,1:30:44,22:41,M 40-44/35,M-40,298,2:09:44,19.66%
672,Eric Ceralde*,"Walnut, CA",195,1:31:39,22:55,M 25-29/57,M-27,299,2:00:25,18.39%
673,Julia Fowler,"Fullerton, CA",524,1:31:55,22:59,F 45-49/22,F-45,374,1:42:28,22.45%
674,Lisette Gonzalez,"Santa Ana, CA",276,1:33:10,23:18,F 25-29/74,F-25,375,1:51:29,20.65%
675,Shoshanna Cairns,"Trabuco Canyon, CA",3289,1:33:14,23:19,F 30-34/79,F-31,376,1:33:14,20.65%
676,Donnie Hawley,"Costa Mesa, CA",890,1:34:12,23:33,M 40-44/36,M-40,300,1:34:12,18.93%
677,Rosalynn Basford,"Los Angeles, CA",3327,1:34:42,23:41,F 25-29/75,F-29,377,2:03:27,20.31%
678,Leila Shahabi,"Los Angeles, CA",3328,1:34:42,23:41,F 35-39/47,F-35,378,2:03:26,20.51%
679,Cathrine Schermann,"Los Angeles, CA",3326,1:34:42,23:41,F 20-24/85,F-23,379,2:03:29,20.31%
680,Verochka Ovalle,"Los Angeles, CA",3325,1:34:44,23:41,F 20-24/86,F-23,380,2:03:28,20.31%
681,Joie Cerda,"Los Angeles, CA",952,1:34:52,23:43,F 35-39/48,F-35,381,2:13:49,20.47%
682,Dianna Chapek*,"Oroville, CA",406,1:35:17,23:50,F 55-59/4,F-56,382,2:22:28,24.70%
683,Shara Llewellyn*,"Palermo, CA",424,1:35:18,23:50,F 40-44/37,F-40,383,2:22:28,20.85%
684,Kim Lawhorn,"Anaheim, CA",3305,1:35:20,23:50,F 50-54/9,F-50,384,1:45:53,22.85%
685,Sue Bergeon,"Fullerton, CA",594,1:35:32,23:53,F 45-49/23,F-45,385,1:46:04,21.60%
686,Gail Bowman,"Fullerton, CA",517,1:35:33,23:54,F 45-49/24,F-48,386,1:46:05,22.28%
687,Dotty Merino*,"Diamond Bar, CA",393,1:36:20,24:05,F 35-39/49,F-35,387,2:05:06,20.16%
688,Monica Melgar*,"Ontario, CA",394,1:36:20,24:05,F 35-39/50,F-36,388,2:05:06,20.23%
689,Mikey Pettengill,"Chino, CA",3315,1:38:02,24:31,M 30-34/61,M-32,301,3:05:59,17.33%
690,Abigail Oro*,"Los Angeles, CA",169,1:38:22,24:36,F 25-29/76,F-25,389,1:52:46,19.56%
691,Keith Oro*,"Los Angeles, CA",168,1:38:41,24:41,M 25-29/58,M-26,302,1:53:05,17.08%
692,Imelda Oliden*,"South Pasadena, CA",520,1:38:50,24:43,F 40-44/38,F-40,390,3:33:13,20.10%
693,Kate Lewis*,"Thousand Oaks, CA",157,1:39:48,24:57,F 50-54/10,F-53,391,3:20:21,22.67%
694,Pat Hendrickson*,"Thousand Oaks, CA",156,1:39:49,24:58,F 65-69/1,F-69,392,3:20:22,28.52%
695,Marcia Rosales*,"South Pasadena, CA",523,1:41:18,25:20,F 35-39/51,F-35,393,3:35:41,19.17%
696,Anthony Lomeli,"Los Angeles, CA",608,1:43:10,25:48,M 20-24/52,M-20,303,3:11:06,16.51%
697,Angel Rios,"Los Angeles, CA",688,1:43:17,25:50,Unknown/3,M-11,304,3:11:13,19.35%
698,John Mowrey*,"Redondo Beach, CA",553,1:46:45,26:42,M 55-59/7,M-57,305,2:09:57,19.13%
699,Ed Squair,"Glendale, CA",3287,1:47:35,26:54,M 45-49/13,M-45,306,2:10:47,17.21%
700,Valishia Savage,"Carlsbad, CA",873,1:48:17,27:05,F 30-34/80,F-33,394,1:48:17,17.84%
701,Nina Hartstein,"Cypress, CA",914,1:48:39,27:10,F 55-59/5,F-55,395,2:17:24,21.37%
702,Linda Jenkins,"Irvine, CA",916,1:48:40,27:10,F 55-59/6,F-55,396,2:17:25,21.37%
703,Jeanette Baldonado,"Lakewood, CA",535,1:50:48,27:42,F NoAge/3,F-0,397,3:45:12, 0.00%
704,Vanessa Gomez,"Perris, CA",493,1:59:58,30:00,F 30-34/81,F-32,398,3:48:19,16.08%
705,Vincent Pree,"Yorba Linda, CA",43,2:06:18,31:35,M 65-69/2,M-65,307,2:35:02,17.36%
706,Karen Bergenthal,"Yorba Linda, CA",46,2:08:21,32:06,F 60-64/2,F-63,399,2:37:07,20.22%
707,Earl Quijada,"Temecula, CA",384,2:11:04,32:46,M 40-44/37,M-42,308,2:34:17,13.81%
708,Yolanda Duarte,"Whittier, CA",767,2:11:31,32:53,F 35-39/52,F-35,400,2:32:42,14.77%
709,Jonathan Martin,"Garden Grove, CA",887,2:15:25,33:52,M 20-24/53,M-21,309,2:15:25,12.49%
710,Devin Rawlinson,"Bonita, CA",8074,2:29:29,37:23,Unknown/4,M-10,310,2:29:29,13.79%
711,Carlee Casey*,"Huntington Beach, CA",105,2:39:57,40:00,F 20-24/87,F-22,401,2:39:57,12.03%
712,Marco Breton**,"Covina, CA",415,2:59:37,44:55,M 25-29/59,M-28,311,2:59:37, 9.38%
713,Ike Elimsa,"Irvine, CA",3338,5:03:20,1:15:50,M 25-29/60,M-29,312,5:03:20, 5.56%
