Bib,Name,Gender,Age,Hometown,Overall,Men,M 01-14,Age/Grade,Finish,Chip Time,Gun Time
288,Khirstine Lumban,F,26,"Ontario, CA",617 out of 621,363 out of 366,45 out of 45, 26.18% Place: 517,56:32 Pace: 18:12,56:32,56:32
100,Rafi Cedillo,M,5,"Tustin, CA",618 out of 621,255 out of 255,14 out of 14, 33.86% Place: 441,58:24 Pace: 18:48,58:24,58:24
99,Alex Cedillo,F,36,"Tustin, CA",619 out of 621,364 out of 366,45 out of 46, 25.71% Place: 520,58:25 Pace: 18:48,58:25,58:25
624,Joyel Sandoval,F,34,"Costa Mesa, CA",620 out of 621,365 out of 366,48 out of 48, 25.24% Place: 522,59:03 Pace: 19:01,59:03,59:03
625,Kelly Stewart,F,39,"Costa Mesa, CA",621 out of 621,366 out of 366,46 out of 46, 25.80% Place: 519,59:04 Pace: 19:01,59:04,59:04
