Bib,Name,Gender,Age,Hometown,Overall,Women,F 60-64,Age/Grade,Finish,Chip Time,Gun Time
1475,Keith Washington,M,35,"Corona, CA",1425 out of 1428,572 out of 572,60 out of 60, 15.62% Place: 1408,1:24:26 Pace: 27:11,1:24:26,1:26:31
1169,Julie Washington,F,62,"Corona, CA",1426 out of 1428,854 out of 856,17 out of 17, 23.31% Place: 1355,1:24:28 Pace: 27:11,1:24:28,1:26:31
1477,Mariah Washington,F,6,"Corona, CA",1427 out of 1428,855 out of 856,55 out of 55, 22.99% Place: 1356,1:24:59 Pace: 27:22,1:24:59,1:27:06
1476,Natalie Washington,F,34,"Corona, CA",1428 out of 1428,856 out of 856,135 out of 135, 17.53% Place: 1406,1:25:01 Pace: 27:22,1:25:01,1:27:06
