Place,Name,Location,Bib,Net Time,Pace,Division/Place,Sex-Age,Sex-Place,Gun Time,Age Grade
1,Eli Rodriguez,"Whittier, CA",660,15:08,4:53,M 25-29/1,M-26,1,15:08,85.34%
2,CHARLES APPELL,"HUNTINGTON BH, CA",573,15:38,5:02,M NoAge/0,M-,2,15:38, 0.00%
3,Devin Becerra,"Riverside, CA",566,15:43,5:04,M NoAge/0,M-,3,15:43, 0.00%
4,manny rodriguez,"Whittier, CA",665,15:52,5:07,M NoAge/0,M-,4,15:52, 0.00%
5,David Cummings,"Anaheim, CA",123,16:12,5:13,M 20-24/1,M-20,5,16:12,80.54%
6,David Burke,"Orange, CA",79,16:15,5:14,M 30-34/1,M-31,6,16:15,79.88%
7,Raul Robles,"Huntington Beach, CA",397,17:14,5:33,M 20-24/2,M-20,7,17:14,75.70%
8,Marcelo Rosales,"Northridge, CA",407,17:27,5:37,M 15-19/1,M-16,8,17:27,78.59%
9,Michael McMahon,"Yorba Linda, CA",304,17:33,5:39,M 30-34/2,M-31,9,17:34,73.95%
10,Dylan Wade,"San Juan Capistrano, CA",479,17:48,5:44,M 30-34/3,M-30,10,17:48,72.73%
11,Kyle Smith,"Mission Viejo, CA",437,17:53,5:46,M 15-19/2,M-17,11,17:55,75.56%
12,Kyle Gullotta,"Fountain Valley, CA",185,18:05,5:50,M 15-19/3,M-18,12,18:05,73.80%
13,JOHN DAVIS,"SAN CLEMENTE, CA",560,18:05,5:50,M NoAge/0,M-,13,18:06, 0.00%
14,Eric Linville,"Mission Viejo, CA",515,18:08,5:51,M 25-29/2,M-26,14,18:12,71.21%
15,Flavio Salgueiro,"Tustin, CA",414,18:14,5:53,M 35-39/1,M-35,15,18:15,72.37%
16,John Alvarado,"Tustin, CA",21,18:27,5:57,M 40-44/1,M-44,16,18:34,76.31%
17,Brooke Thomas,"Costa Mesa, CA",456,18:29,5:57,F 25-29/1,F-29,1,18:29,80.14%
18,DOMINIC MESTAS,"VILLA PARK, CA",663,18:45,6:02,M NoAge/0,M-,17,18:45, 0.00%
19,Sean Connolly,"Costa Mesa, CA",111,18:52,6:05,M 30-34/4,M-30,18,18:54,68.61%
20,Christopher Moore,"Mission Viejo, CA",322,18:56,6:06,M 15-19/4,M-17,19,19:09,71.37%
21,JOSHUA CASTANEDA,"BREA, CA",576,19:07,6:10,M NoAge/0,M-,20,19:15, 0.00%
22,Rob Erlich,"Marina, CA",620,19:25,6:15,M 50-54/1,M-50,21,19:27,76.03%
23,Pamela Galambos-Oliver,"Laguna Niguel, CA",168,19:34,6:18,F 35-39/1,F-36,2,19:34,76.81%
24,Jeff snyder,"Pasadena, CA",544,19:52,6:24,M NoAge/0,M-,22,19:52, 0.00%
25,Brian Kelley,"Huntington Beach, CA",237,20:04,6:28,M 25-29/3,M-29,23,20:07,64.42%
26,Sam Hoskins,"Costa Mesa, CA",512,20:06,6:29,M 15-19/5,M-17,24,20:16,67.22%
27,Michael Luong,"Santa Ana, CA",289,20:23,6:34,M 40-44/2,M-44,25,20:25,69.07%
28,David Rojas,"Anaheim, CA",402,20:26,6:35,M 35-39/2,M-38,26,20:34,65.88%
29,Tom Hansbarger,"Mission Viejo, CA",195,20:27,6:35,M 40-44/3,M-40,27,20:30,66.80%
30,alexa dickerson,"Lake Forest, CA",557,20:37,6:38,F NoAge/0,F-,3,20:37, 0.00%
31,Bob Murray,"Yorba Linda, CA",333,20:39,6:39,M 55-59/1,M-55,28,20:42,74.47%
32,Valerie Kesler,"Newport Beach, CA",616,20:45,6:41,F 45-49/1,F-46,4,20:47,77.81%
33,Lewis Butler,"Coto De Caza, CA",86,20:50,6:43,M 45-49/1,M-48,29,20:53,69.74%
34,Ana Rodriguez,"Santa Ana, CA",399,21:01,6:46,F 20-24/1,F-21,5,21:02,70.48%
35,Josh Arionus,"Buena Park, CA",497,21:04,6:47,M 30-34/5,M-30,30,21:07,61.44%
36,Josh Bechtoldt,"Temecula, CA",54,21:13,6:50,M 30-34/6,M-30,31,21:14,61.01%
37,Dave Crowell,"Whittier, CA",122,21:15,6:51,M 45-49/2,M-46,32,21:29,67.27%
38,Joshua Hearn,"Irvine, CA",198,21:17,6:51,M 35-39/3,M-36,33,21:23,62.38%
39,Andrea Williams,"Cave Creek, AZ",623,21:18,6:52,F 30-34/1,F-31,6,21:18,69.62%
40,Robert Smith,"Santa Ana, CA",438,21:24,6:54,M 35-39/4,M-36,34,21:34,62.04%
41,CHARLES LOWRY,"SANTA ANA, CA",546,21:26,6:54,M NoAge/0,M-,35,21:38, 0.00%
42,Sean Oday,"Fullerton, CA",357,21:29,6:55,M 15-19/6,M-16,36,21:29,63.82%
43,Jeff Neumeister,"Valley Village, CA",341,21:37,6:58,M 30-34/7,M-30,37,21:41,59.88%
44,Dennis Wilson,"Anaheim, CA",534,21:38,6:58,M 50-54/2,M-54,38,21:44,70.47%
45,nate Julson,"Laguna Beach, CA",654,21:42,6:59,M NoAge/0,M-,39,21:50, 0.00%
46,Marla Adams,"Long Beach, CA",12,21:43,7:00,F 40-44/1,F-40,7,21:45,70.66%
47,Daniel Echeverria,"Laguna Niguel, CA",504,21:48,7:01,M 35-39/5,M-38,40,22:07,61.74%
48,Kevin Mullen,"Huntington Beach, CA",331,21:54,7:03,M 40-44/4,M-44,41,22:05,64.28%
49,Lisa Sabo,"Newport Beach, CA",412,21:55,7:04,F 45-49/2,F-45,8,21:58,72.91%
50,Eric Shaw,"La Habra, CA",434,22:04,7:06,M 30-34/8,M-30,42,22:09,58.65%
51,Luigi Guereca Garcia,"Santa Ana, CA",508,22:05,7:07,M 25-29/4,M-26,43,22:13,58.46%
52,Wyatt Morris,"Costa Mesa, CA",327,22:08,7:08,M 50-54/3,M-52,44,22:26,67.75%
53,Steve Knollmiller,"Irvine, CA",243,22:09,7:08,M 30-34/9,M-33,45,22:19,58.96%
54,Todd Byers,"Long Beach, CA",651,22:15,7:10,M NoAge/0,M-,46,22:23, 0.00%
55,Rachel Ronquillo,"Costa Mesa, CA",406,22:16,7:10,F 20-24/2,F-23,9,22:17,66.52%
56,Lora Wesolowski,"Coto De Caza, CA",487,22:18,7:11,F 30-34/2,F-32,10,22:21,66.52%
57,Alan Wakeling,"Newport Beach, CA",481,22:20,7:12,M 70-74/1,M-70,47,22:22,79.01%
58,ERICK VOORHEES,"CARDIFF, CA",558,22:25,7:13,M NoAge/0,M-,48,22:26, 0.00%
59,Eric Nelson,"Fullerton, CA",339,22:27,7:14,M 20-24/3,M-23,49,22:53,57.50%
60,Nick Fleming,"Irvine, CA",596,22:27,7:14,M NoAge/0,M-,50,22:29, 0.00%
61,Paul Hernandez,"Santa Ana, CA",204,22:29,7:14,M 50-54/4,M-53,51,22:31,67.28%
62,derek malloy,"Cypress, CA",564,22:33,7:16,M NoAge/0,M-,52,22:36, 0.00%
63,Jack Lamm,"Rancho Cucamonga, CA",261,22:35,7:16,M 35-39/6,M-37,53,22:39,59.16%
64,Pall Gudgeirsson,"San Clemente, CA",622,22:38,7:17,M 60-64/1,M-60,54,22:42,70.89%
65,Hilary Haskell,"Orange, CA",567,22:42,7:19,F 15-19/1,F-17,11,22:45,66.64%
66,Steve Levine,"Newbury Park, CA",613,22:50,7:21,M 40-44/5,M-44,55,22:53,61.65%
67,JESSICA KOZUKI,"HUNTINGTON BH, CA",559,22:53,7:22,F 30-34/3,F-30,12,22:57,64.72%
68,Larry herschler,"Anaheim, CA",551,22:57,7:24,M NoAge/0,M-,56,23:01, 0.00%
69,Dylan Laio,"Seal Beach, CA",257,22:58,7:24,M 20-24/4,M-24,57,23:27,56.21%
70,Calvin Castor,"Long Beach, CA",98,22:59,7:24,M 30-34/10,M-32,58,23:41,56.60%
71,WARREN CHOW,"PASADENA, CA",552,23:02,7:25,M NoAge/0,M-,59,23:20, 0.00%
72,Zak Graff,"Newport Beach, CA",182,23:08,7:27,M 30-34/11,M-33,60,23:24,56.45%
73,Ryan Dean,"Ladera Ranch, CA",128,23:09,7:27,M 25-29/5,M-28,61,23:28,55.76%
74,Jay Torres,"Santa Ana, CA",457,23:13,7:29,M 30-34/12,M-30,62,23:15,55.75%
75,Steve Rice,"Newport Beach, CA",389,23:13,7:29,M 35-39/7,M-36,63,23:17,57.18%
76,Meaghan Oday,"Fullerton, CA",355,23:22,7:32,F 20-24/3,F-20,13,23:40,63.38%
77,Kathryn Wood,"Newport Beach, CA",494,23:27,7:33,F 30-34/4,F-30,14,23:39,63.16%
78,Al Romero,"Corona, CA",403,23:28,7:33,M 30-34/13,M-33,64,23:43,55.65%
79,DAVID LEUNG,"San Diego, CA",542,23:29,7:34,M NoAge/0,M-,65,23:37, 0.00%
80,David Bondurant,"Rancho Santa Margarita, CA",68,23:30,7:34,M 30-34/14,M-32,66,23:35,55.36%
81,Vladimir Benitez,"Garden Grove, CA",57,23:33,7:35,M 20-24/5,M-22,67,23:44,54.82%
82,Tracey Schreiner,"Corona, CA",426,23:40,7:37,F 40-44/2,F-41,15,23:51,65.26%
83,Jaclyn Tuason,"Santa Fe Springs, CA",461,23:40,7:37,F 20-24/4,F-24,16,23:43,62.58%
84,Brian Alcalde,"West Covina, CA",603,23:40,7:38,M 30-34/15,M-31,68,23:57,54.83%
85,Stephanie McIlvain,"San Clemente, CA",302,23:43,7:38,F 45-49/3,F-46,17,24:10,68.07%
86,Fabian Almaraz,"Riverside, CA",19,23:47,7:40,M 25-29/6,M-28,69,23:53,54.28%
87,Ruben Contreras,"Riverside, CA",112,23:47,7:40,M 30-34/16,M-30,70,23:53,54.42%
88,Ashley Castaneda,"Brea, CA",96,23:49,7:40,F 25-29/2,F-26,18,23:58,62.18%
89,Katy Smith,"Newport Beach, CA",676,23:50,7:40,F 20-24/5,F-22,19,23:51,62.14%
90,Bruce Lindemann,"Newport Beach, CA",273,23:56,7:42,M 40-44/6,M-43,71,24:01,58.40%
91,Mariluz Duran,"Whittier, CA",139,23:57,7:43,F 30-34/5,F-34,20,24:22,62.26%
92,Joni Moore,"Mission Viejo, CA",323,23:58,7:43,F 50-54/1,F-50,21,24:13,70.63%
93,Peggy Fort,"Balboa Island, CA",507,23:59,7:44,F 40-44/3,F-44,22,24:03,65.99%
94,Norm Edmond,"La Mirada, CA",142,24:01,7:44,M 40-44/7,M-42,72,24:06,57.71%
95,Cody Gonzalez,"Costa Mesa, CA",179,24:01,7:44,M 25-29/7,M-28,73,24:04,53.75%
96,David Isom,"Anaheim, CA",224,24:02,7:44,M 30-34/17,M-33,74,24:22,54.34%
97,KRISTOPHER ATKINS,"HUNTINGTN BCH, CA",650,24:07,7:46,M NoAge/0,M-,75,24:20, 0.00%
98,Natalie Lowry,"Huntington Beach, CA",286,24:11,7:47,F 20-24/6,F-24,23,24:37,61.24%
99,Ted Liu,"Alhambra, CA",275,24:15,7:49,M 40-44/8,M-44,76,24:15,58.05%
100,David Peterson,"Los Alamitos, CA",525,24:16,7:49,M 50-54/5,M-54,77,24:47,62.82%
101,Ken Paulino,"Ladera Ranch, CA",368,24:17,7:49,M 45-49/3,M-47,78,24:52,59.34%
102,Matt Bohen,"Costa Mesa, CA",500,24:19,7:50,M 35-39/8,M-38,79,24:54,55.35%
103,Tiffaney Cordova,"Costa Mesa, CA",668,24:21,7:51,F NoAge/0,F-,24,24:25, 0.00%
104,Derrick Ankerstar,"Huntington Beach, CA",28,24:25,7:52,M 25-29/8,M-29,80,24:35,52.94%
105,Victoria Schreiner,"Corona, CA",427,24:25,7:52,F 15-19/2,F-15,25,24:36,63.52%
106,Julia Hearn,"Irvine, CA",199,24:31,7:54,F 35-39/2,F-35,26,24:38,61.02%
107,Kevin Burke,"Orange, CA",83,24:33,7:54,M 15-19/7,M-17,81,25:30,55.03%
108,Sean OBannon,"Santa Ana, CA",667,24:38,7:56,M NoAge/0,M-,82,24:41, 0.00%
109,Dan OBannon,"Santa Ana, CA",666,24:38,7:56,M NoAge/0,M-,83,24:42, 0.00%
110,Richard Hiraga,"San Clemente, CA",209,24:40,7:57,M 45-49/4,M-49,84,24:53,59.36%
111,George Monge,"Riverside, CA",618,24:42,7:57,M 50-54/6,M-51,85,25:24,60.23%
112,Abby Carrier,"Newport Beach, CA",93,24:49,8:00,F 15-19/3,F-19,27,24:58,59.88%
113,Ronald Luque,"La Mirada, CA",290,24:52,8:00,M 40-44/9,M-44,86,25:21,56.61%
114,Kyle Hordyk,"La Palma, CA",606,24:58,8:02,M 01-14/1,M-13,87,24:59,58.12%
115,Alexander Morgan,"Costa Mesa, CA",326,25:00,8:03,M 35-39/9,M-36,88,25:59,53.10%
116,Dawn Vonderheide,"Fullerton, CA",478,25:00,8:03,F 55-59/1,F-55,28,25:03,72.25%
117,Monica Nguyenduc,"Irvine, CA",578,25:00,8:03,F NoAge/0,F-,29,25:06, 0.00%
118,Jim Brittell,"Santa Ana, CA",73,25:02,8:04,M 55-59/2,M-56,89,25:10,61.96%
119,Shane Galitski,"Costa Mesa, CA",169,25:02,8:04,M 35-39/10,M-39,90,25:12,54.16%
120,Kim Nida,"Anaheim, CA",353,25:05,8:05,F 35-39/3,F-36,30,25:13,59.91%
121,MARA PAUL,"ALISO VIEJO, CA",570,25:06,8:05,F NoAge/0,F-,31,25:27, 0.00%
122,David Finkelstein,"Newport Beach, CA",152,25:09,8:06,M 30-34/18,M-34,91,25:24,52.19%
123,Mickie Payetta,"Huntington Beach, CA",371,25:09,8:06,F 25-29/3,F-26,32,25:11,58.89%
124,RALPH QUESADA,"CORONA, CA",555,25:09,8:06,M NoAge/0,M-,92,25:25, 0.00%
125,Adam Sanchez,"Huntington Beach, CA",415,25:10,8:06,M 45-49/5,M-45,93,25:18,56.39%
126,Mark Kuckelman,"Long Beach, CA",254,25:12,8:07,M 50-54/7,M-53,94,25:16,60.03%
127,Patrick Burke,"Orange, CA",84,25:17,8:09,M 40-44/10,M-40,95,26:15,54.02%
128,Eric Wong,"Orange, CA",493,25:23,8:11,M 40-44/11,M-44,96,25:25,55.45%
129,Matthew Fortune,"Long Beach, CA",553,25:25,8:11,M NoAge/0,M-,97,26:00, 0.00%
130,Jeff Silverstein,"Irvine, CA",530,25:26,8:12,M 50-54/8,M-51,98,25:38,58.49%
131,Jan Minette Laqui,"Buena Park, CA",264,25:27,8:12,F 25-29/4,F-26,33,25:44,58.19%
132,MEGAN RIDGE,"TUSTIN, CA",577,25:29,8:12,F NoAge/0,F-,34,25:37, 0.00%
133,jesse rolla,"Yorba Linda, CA",556,25:30,8:13,F NoAge/0,F-,35,25:32, 0.00%
134,AARON MAHER,"Los Angeles, CA",584,25:30,8:13,M NoAge/0,M-,99,25:38, 0.00%
135,Allyson Roberts,"Alta Loma, CA",396,25:30,8:13,F 50-54/2,F-52,36,25:41,68.08%
136,Roxann Casaccia,"Huntington Beach, CA",95,25:33,8:14,F 45-49/4,F-46,37,25:34,63.19%
137,Patrina Limon,"Costa Mesa, CA",271,25:38,8:15,F 30-34/6,F-34,38,25:43,58.17%
138,Ken Rempel,"Cypress, CA",631,25:40,8:16,M 50-54/9,M-52,100,25:47,58.41%
139,christopher hodson,"huntington beach, CA",511,25:42,8:17,M 45-49/6,M-46,101,26:15,55.61%
140,Kristen Paulino,"Ladera Ranch, CA",369,25:42,8:17,F 45-49/5,F-47,39,26:17,63.53%
141,Tracy Lopez,"Glendora, CA",281,25:45,8:18,F 55-59/2,F-56,40,26:13,71.05%
142,Jc Eckert,"Santa Ana, CA",141,25:45,8:18,M 50-54/10,M-52,102,25:54,58.23%
143,Richard June,"Stanton, CA",235,25:45,8:18,M 65-69/1,M-65,103,25:47,65.16%
144,Joe OBymachow,"Huntington Beach, CA",581,25:45,8:18,M NoAge/0,M-,104,26:15, 0.00%
145,DANIEL DURAN,"BIG BEAR CITY, CA",649,25:45,8:18,M NoAge/0,M-,105,25:56, 0.00%
146,Sara Schroer,"Laguna Niguel, CA",597,25:46,8:18,F NoAge/0,F-,41,25:56, 0.00%
147,Lee Lowe,"Newhall, CA",284,25:46,8:18,M 20-24/6,M-23,106,25:49,50.10%
148,Celeste Lewinski,"Huntington Beach, CA",270,25:52,8:20,F 30-34/7,F-32,42,26:24,57.38%
149,Randy Lehmer,"Trabuco Canyon, CA",653,25:56,8:21,M NoAge/0,M-,107,26:00, 0.00%
150,Terry Lowry,"Huntington Beach, CA",287,25:58,8:22,M 50-54/11,M-54,108,26:24,58.70%
151,Wayne Newman,"Fullerton, CA",348,26:00,8:22,M 55-59/3,M-55,109,26:39,59.14%
152,Krystn Becker,"Playa Vista, CA",55,26:08,8:25,F 25-29/5,F-27,43,26:17,56.67%
153,Jordan Seper,"Corona, CA",433,26:09,8:25,F 45-49/6,F-47,44,26:17,62.44%
154,Neil Lansang,"Santa Ana, CA",637,26:12,8:26,M 30-34/19,M-33,110,26:58,49.84%
155,Christine Gonzalez,"Los Angeles, CA",615,26:14,8:27,F 30-34/8,F-33,45,26:24,56.71%
156,Emily Olvera,"Costa Mesa, CA",607,26:19,8:28,F 01-14/1,F-10,46,26:25,64.89%
157,Candice Knowlton,"Huntington Beach, CA",244,26:19,8:29,F 25-29/6,F-27,47,26:24,56.27%
158,Florly Ariola,"Huntington Beach, CA",32,26:20,8:29,F 25-29/7,F-29,48,26:39,56.24%
159,CHRIS CORDOVA,"ORANGE, CA",501,26:21,8:29,M 40-44/12,M-40,111,26:29,51.84%
160,Christine Arnold,"San Francisco, CA",33,26:26,8:31,F 40-44/4,F-40,49,26:47,58.04%
161,Caroleann Vandyke,"Costa Mesa, CA",467,26:27,8:31,F 40-44/5,F-41,50,27:26,58.39%
162,William Klein,"Costa Mesa, CA",242,26:28,8:31,M 35-39/11,M-39,112,27:35,51.23%
163,Athena Karns,"Huntington Beach, CA",236,26:35,8:34,F 20-24/7,F-22,51,26:44,55.71%
164,Shaun Hicks,"Long Beach, CA",205,26:42,8:36,M 25-29/9,M-25,113,27:15,48.34%
165,Iris Deleon,"Long Beach, CA",131,26:43,8:36,F 25-29/8,F-28,52,26:52,55.43%
166,Jason Howard,"Huntington Beach, CA",213,26:45,8:37,M 30-34/20,M-34,114,27:02,49.06%
167,Ashley Ritchie,"Westminster, CA",391,26:50,8:39,F 25-29/9,F-29,53,27:40,55.19%
168,Veronica Vasilevsky,"Agoura Hills, CA",468,26:53,8:39,F 25-29/10,F-27,54,27:37,55.09%
169,TINA MOHEBBIPOUR,"Mission Viejo, CA",659,26:54,8:40,F NoAge/0,F-,55,27:10, 0.00%
170,summer goltra,"Garden Grove, CA",647,26:56,8:41,F NoAge/0,F-,56,26:57, 0.00%
171,Tiffany Gentile,"San Clemente, CA",175,26:57,8:41,F 35-39/4,F-35,57,27:28,55.51%
172,Wendy Baugh,"Huntington Beach, CA",53,26:59,8:41,F 40-44/6,F-44,58,27:36,58.65%
173,Lauren Freeland,"Costa Mesa, CA",592,27:01,8:42,F NoAge/0,F-,59,27:29, 0.00%
174,Bob Mathews,"Aliso Viejo, CA",643,27:02,8:42,M NoAge/0,M-,115,27:27, 0.00%
175,Ben Dunn,"Garden Grove, CA",138,27:03,8:43,M 55-59/4,M-56,116,27:15,57.34%
176,Jeff Cordrey,"Tustin, CA",114,27:10,8:45,M 30-34/21,M-34,117,28:00,48.31%
177,Hannah Konkel,"Laguna Beach, CA",247,27:13,8:46,F 01-14/2,F-9,60,27:18,64.52%
178,Alicyn Baldwin,"Garden Grove, CA",40,27:15,8:47,F 25-29/11,F-27,61,28:02,54.35%
179,KASEY CHILDSKONKEL,"LAGUNA BEACH, CA",572,27:16,8:47,F NoAge/0,F-,62,27:20, 0.00%
180,Aaron Phelps,"Laguna Hills, CA",632,27:17,8:47,M 35-39/12,M-36,118,27:23,48.66%
181,Katrina Brant-Rodgers,"Yorba Linda, CA",628,27:18,8:48,F 40-44/7,F-44,63,27:23,57.97%
182,David Allen,"Irvine, CA",17,27:19,8:48,M 25-29/10,M-29,119,27:38,47.31%
183,Vincent Rodgers,"Yorba Linda, CA",629,27:19,8:48,M 45-49/7,M-45,120,27:23,51.95%
184,Shelley Bivens,"Anaheim, CA",64,27:20,8:48,F 35-39/5,F-39,64,27:36,55.77%
185,Nicole Seder,"Aliso Viejo, CA",430,27:20,8:48,F 35-39/6,F-37,65,27:27,55.22%
186,Jared McBrayer,"Vista, CA",299,27:21,8:48,M 20-24/7,M-22,121,28:18,47.20%
187,Tim Rodriguez,"Vista, CA",400,27:21,8:48,M 20-24/8,M-20,122,28:18,47.68%
188,Kim Frank,"Irvine, CA",162,27:21,8:49,F 40-44/8,F-40,66,27:28,56.10%
189,Veronica Ferencz,"San Clemente, CA",621,27:21,8:49,F 45-49/7,F-49,67,27:26,61.16%
190,Tom Verpooten,"Yorba Linda, CA",532,27:21,8:49,M 40-44/13,M-44,123,28:07,51.46%
191,Paul Miranda,"Newport Beach, CA",319,27:22,8:49,M 30-34/22,M-30,124,27:40,47.29%
192,Traci Arriola,"Orange, CA",36,27:24,8:50,F 40-44/9,F-42,68,27:31,56.79%
193,Maren Separa,"Los Alamitos, CA",432,27:29,8:51,F 60-64/1,F-60,69,28:11,70.39%
194,Michele Schones,"Huntington Beach, CA",425,27:37,8:54,F 45-49/8,F-48,70,27:38,59.84%
195,Tina Rivera,"Tustin, CA",392,27:38,8:54,F 35-39/7,F-38,71,28:28,54.86%
196,DANIEL GOLKA,"TUSTIN, CA",548,27:46,8:56,M NoAge/0,M-,125,27:52, 0.00%
197,Audrey Aronoff,"Costa Mesa, CA",35,27:48,8:57,F 25-29/12,F-29,72,27:59,53.27%
198,Mary Brassea,", ",605,27:48,8:57,F 40-44/10,F-42,73,27:49,55.97%
199,kurt hesse,"Huntington Beach, CA",586,27:52,8:58,M NoAge/0,M-,126,28:42, 0.00%
200,Chris Stephens,"Yorba Linda, CA",444,27:53,8:59,M 25-29/11,M-29,127,28:28,46.35%
201,Aaron Lamont,"Coto De Caza, CA",262,27:57,9:00,M 01-14/2,M-9,128,28:47,58.53%
202,Shannon Steib,"Anaheim, CA",443,28:00,9:01,F 20-24/8,F-23,74,28:52,52.89%
203,GENE HUTCHINS,"COSTA MESA, CA",587,28:01,9:01,M NoAge/0,M-,129,28:43, 0.00%
204,Jon Barkman,"Santa Ana, CA",48,28:01,9:01,M 70-74/2,M-71,130,28:10,63.75%
205,NATHAN HEICK,"RIVERSIDE, CA",599,28:01,9:02,M NoAge/0,M-,131,28:07, 0.00%
206,Canesh Olvera,"Costa Mesa, CA",609,28:03,9:02,M 01-14/3,M-13,132,28:08,51.72%
207,Katrina Patapoff,"Costa Mesa, CA",367,28:03,9:02,F 25-29/13,F-26,75,28:49,52.79%
208,Heather Newton,"Garden Grove, CA",349,28:05,9:03,F 20-24/9,F-20,76,28:15,52.73%
209,Kim Pooler,"Anaheim, CA",375,28:07,9:03,F 35-39/8,F-35,77,29:03,53.20%
210,Phyllis Bourgault,"Trabuco Canyon, CA",589,28:09,9:04,F NoAge/0,F-,78,28:10, 0.00%
211,Franklin To,"Anaheim, CA",602,28:09,9:04,M 25-29/12,M-26,133,28:23,45.85%
212,Joe Pooler,"Anaheim, CA",374,28:13,9:05,M 40-44/14,M-42,134,29:09,49.11%
213,charlie bevins,"Newport Beach, CA",671,28:19,9:07,M NoAge/0,M-,135,28:49, 0.00%
214,Laurie Hamblin,"Sunset Beach, CA",190,28:23,9:08,F 45-49/9,F-48,79,28:54,58.23%
215,Shellie Sanchez - Erskine,"Costa Mesa, CA",416,28:25,9:09,F 45-49/10,F-45,80,28:49,56.22%
216,Lene Vineyard,"Huntington Beach, CA",475,28:27,9:10,F 45-49/11,F-49,81,28:37,58.79%
217,Michael Acala,"Santa Ana, CA",11,28:28,9:10,M 40-44/15,M-43,136,29:12,49.09%
218,Jeff Littman,"Huntington Beach, CA",516,28:29,9:10,M 45-49/8,M-48,137,28:50,51.00%
219,AMANDA NICHOLAOU,"HUNTINGTN BCH, CA",547,28:32,9:11,F NoAge/0,F-,82,28:47, 0.00%
220,Randy Montes,"West Covina, CA",321,28:33,9:12,M 25-29/13,M-27,138,29:14,45.21%
221,Susie Laio,"Seal Beach, CA",258,28:35,9:12,F 55-59/3,F-57,83,29:04,64.88%
222,Natalie Robens,"Newport Beach, CA",395,28:36,9:13,F 25-29/14,F-26,84,29:03,51.78%
223,Kelsay Allen,"Encinitas, CA",18,28:43,9:15,F 25-29/15,F-27,85,29:04,51.57%
224,Gail Jiles,"Anaheim, CA",229,28:46,9:16,F 60-64/2,F-64,86,29:06,71.30%
225,Arneed Bledsoe,"Tustin, CA",67,28:51,9:18,F 50-54/3,F-52,87,29:02,60.17%
226,Manly Cortez,"Orange, CA",116,28:52,9:18,M 20-24/9,M-24,139,29:02,44.71%
227,Ryan Hiskey,"Huntington Beach, CA",641,28:53,9:18,M 30-34/23,M-31,140,29:25,44.92%
228,Thomas Erikson,"San Juan Capistrano, CA",147,28:54,9:19,M 50-54/12,M-52,141,29:45,51.88%
229,mark asbill,"Los Alamitos, CA",498,29:09,9:23,M 55-59/5,M-57,142,29:40,53.66%
230,Emily Hyams,"Huntington Beach, CA",219,29:10,9:23,F 15-19/4,F-18,88,29:17,51.34%
231,Shireen Haffajee,"Costa Mesa, CA",188,29:10,9:24,F 40-44/11,F-41,89,29:28,52.94%
232,Maureen Kilbourne,"Costa Mesa, CA",238,29:10,9:24,F 45-49/12,F-47,90,29:11,55.97%
233,Julie Hale,"San Dimas, CA",189,29:11,9:24,F 50-54/4,F-54,91,29:42,61.03%
234,Jerry Mero,"Santa Ana, CA",314,29:11,9:24,M 55-59/6,M-58,143,29:26,54.06%
235,Quinn Mathews,"Aliso Viejo, CA",644,29:12,9:24,M NoAge/0,M-,144,29:35, 0.00%
236,Javier Campos,"Bellflower, CA",91,29:15,9:25,M 35-39/13,M-39,145,29:59,46.35%
237,Laurent Piol,"Aliso Viejo, CA",638,29:16,9:25,M 30-34/24,M-33,146,30:02,44.62%
238,Antonio Martin,"Long Beach, CA",296,29:18,9:26,M 30-34/25,M-34,147,29:58,44.79%
239,Nora Fragoso,"Long Beach, CA",161,29:18,9:26,F 30-34/9,F-32,92,29:58,50.65%
240,Tamara Rather,"Costa Mesa, CA",383,29:21,9:27,F 25-29/16,F-26,93,30:00,50.45%
241,Tim Onan,"Costa Mesa, CA",358,29:21,9:27,M 35-39/14,M-35,148,30:01,44.94%
242,Randy Nichols,"Costa Mesa, CA",352,29:25,9:28,M 45-49/9,M-49,149,30:07,49.77%
243,Blaze Avey,"Torrance, CA",39,29:26,9:29,M 15-19/8,M-15,150,29:54,47.31%
244,Patricia Earl,"Fontana, CA",140,29:26,9:29,M 45-49/10,M-46,151,29:46,48.56%
245,Shaun Mann,"Corona, CA",295,29:29,9:30,M 30-34/26,M-32,152,30:12,44.12%
246,Mark O'Bymachow,"Huntington Beach, CA",582,29:29,9:30,M NoAge/0,M-,153,30:10, 0.00%
247,Brett Detken,"Costa Mesa, CA",133,29:29,9:30,F 35-39/9,F-36,94,29:42,50.96%
248,GABRIELA GARCIA,"SANTA ANA, CA",645,29:34,9:31,F NoAge/0,F-,95,29:43, 0.00%
249,Michelle Aguilar,"Costa Mesa, CA",14,29:34,9:31,F 40-44/12,F-44,96,29:46,53.53%
250,Dyan Konrad,"Torrance, CA",248,29:36,9:32,F 30-34/10,F-34,97,29:54,50.37%
251,Leslie Nielsen,"Lake Forest, CA",354,29:39,9:33,F 45-49/13,F-46,98,30:06,54.44%
252,Dawnette Lowry,"Huntington Beach, CA",285,29:42,9:34,F 50-54/5,F-54,99,29:43,59.97%
253,Brittany Hyams,"Huntington Beach, CA",218,29:43,9:34,F 25-29/17,F-26,100,29:50,49.83%
254,Kelly Wolf,"Costa Mesa, CA",492,29:43,9:34,F 35-39/10,F-38,101,29:55,51.01%
255,David Erickson,"Cypress, CA",145,29:44,9:34,M 45-49/11,M-48,154,30:18,48.85%
256,Connie Valles,"Costa Mesa, CA",466,29:44,9:34,F 35-39/11,F-37,102,29:55,50.76%
257,David Bixler,"Costa Mesa, CA",65,29:44,9:34,M 45-49/12,M-47,155,30:26,48.46%
258,Regina Diaz,"Costa Mesa, CA",136,29:45,9:35,F 30-34/11,F-31,103,30:22,49.83%
259,mary goltra,"Garden Grove, CA",648,29:51,9:37,F NoAge/0,F-,104,29:52, 0.00%
260,Jack Fleming,"Irvine, CA",595,29:55,9:38,M NoAge/0,M-,156,29:56, 0.00%
261,Kristin Legaspi-Valdez,"Carson, CA",268,30:03,9:41,F 15-19/5,F-19,105,30:49,49.45%
262,Matilde Arce,"Costa Mesa, CA",608,30:13,9:44,F 35-39/12,F-38,106,30:20,50.17%
263,Anna Kimble,"Newport Beach, CA",240,30:13,9:44,F 30-34/12,F-34,107,31:00,49.34%
264,Myrna Santos,"Bellflower, CA",419,30:15,9:44,F 30-34/13,F-34,108,31:00,49.28%
265,Kristen Miofsky,"Newport Beach, CA",318,30:15,9:45,F 25-29/18,F-27,109,30:43,48.95%
266,Ann Tack,"Huntington Beach, CA",450,30:16,9:45,F 65-69/1,F-66,110,30:21,69.86%
267,Shelby McMahon,"Yorba Linda, CA",305,30:19,9:46,F 25-29/19,F-28,111,30:53,48.84%
268,Jennifer Radics,"Orange, CA",382,30:20,9:46,F 25-29/20,F-27,112,31:18,48.82%
269,Michelle Rocha,"Chino, CA",398,30:27,9:48,F 30-34/14,F-31,113,30:58,48.69%
270,Barbara Inderwiesche,"Costa Mesa, CA",221,30:29,9:49,F 25-29/21,F-28,114,31:16,48.58%
271,Amy Kimble,"Huntington Beach, CA",239,30:30,9:49,F 25-29/22,F-27,115,31:16,48.55%
272,Erin Nemeth,"Mission Viejo, CA",340,30:30,9:49,F 35-39/13,F-36,116,31:21,49.26%
273,Chris Erickson,"Cypress, CA",144,30:31,9:50,M 15-19/9,M-19,157,31:05,43.22%
274,Sarah Yoder,"Tustin, CA",636,30:34,9:51,F 35-39/14,F-35,117,31:06,48.94%
275,JOANNE LAQUI,"BUENA PARK, CA",541,30:35,9:51,F NoAge/0,F-,118,30:53, 0.00%
276,raquel sanchez,"long beach, CA",527,30:36,9:51,F 35-39/15,F-37,119,30:53,49.32%
277,Richard Juge,"Costa Mesa, CA",233,30:38,9:52,M 35-39/15,M-37,158,31:18,43.60%
278,Jamie Stitzel,"Laguna Niguel, CA",446,30:39,9:52,F 25-29/23,F-28,120,30:50,48.31%
279,Melodie Holden,"Brea, CA",210,30:39,9:52,F 35-39/16,F-36,121,30:56,49.02%
280,Kerri Sandoval,"West Covina, CA",417,30:41,9:53,F 50-54/6,F-50,122,31:00,55.16%
281,Jill Lau,"Ladera Ranch, CA",265,30:44,9:54,F 35-39/17,F-35,123,31:13,48.67%
282,JAMIE GORDON,"WOODLAND HLS, CA",562,30:46,9:55,M NoAge/0,M-,159,31:08, 0.00%
283,MEGHAN RIZZO,"COSTA MESA, CA",549,30:47,9:55,F NoAge/0,F-,124,31:05, 0.00%
284,Abel Landeros,"Garden Grove, CA",263,30:52,9:57,M 30-34/27,M-30,160,30:52,41.92%
285,Carissa Caldwell,"Santa Ana, CA",90,30:55,9:57,F 35-39/18,F-36,125,31:25,48.60%
286,Miranda Gilmore,"Long Beach, CA",177,30:56,9:58,F 25-29/24,F-29,126,31:09,47.87%
287,Jacob Wen,"Buena Park, CA",486,30:57,9:58,M 35-39/16,M-35,161,31:08,42.62%
288,Jeannie Lee,"Irvine, CA",267,30:57,9:58,F 30-34/15,F-33,127,31:09,48.06%
289,Francois Posbic,"Orange, CA",376,31:01,9:59,M 50-54/13,M-54,162,31:41,49.14%
290,Michael Jackson,"Ontario, CA",226,31:03,10:00,M 55-59/7,M-56,163,31:36,49.95%
291,Tatiana Magana,"Lakewood, CA",293,31:04,10:00,F 25-29/25,F-27,128,31:27,47.67%
292,HOPE LOPEZ,"ANAHEIM, CA",550,31:05,10:01,F NoAge/0,F-,129,31:22, 0.00%
293,Pamela Kuckelman,"Long Beach, CA",255,31:05,10:01,F 45-49/14,F-46,130,31:36,51.93%
294,Janika Faulkner,"Huntington Beach, CA",150,31:08,10:01,F 30-34/16,F-34,131,31:25,47.88%
295,Jessica Allen,"Cupertino, CA",588,31:09,10:02,F NoAge/0,F-,132,32:07, 0.00%
296,Jennifer Crook,"Lake Forest, CA",120,31:14,10:04,F 20-24/10,F-23,133,31:53,47.41%
297,Irina Horga,"Tustin, CA",212,31:15,10:04,F 30-34/17,F-30,134,31:18,47.39%
298,Evonne Der,"Aliso Viejo, CA",132,31:21,10:06,F 25-29/26,F-25,135,31:55,47.23%
299,Andre Brancheau,"Costa Mesa, CA",69,31:22,10:06,M 45-49/13,M-49,164,31:58,46.68%
300,Elizabeth Ellison,"Brea, CA",143,31:28,10:08,F 35-39/19,F-39,136,31:54,48.44%
301,Gretchen Lindelof,"Laguna Niguel, CA",272,31:28,10:08,F 50-54/7,F-52,137,31:40,55.17%
302,Erwin Saenz,"Long Beach, CA",413,31:29,10:08,M 20-24/10,M-24,165,31:54,41.00%
303,Kelsie Anderson,"Costa Mesa, CA",25,31:31,10:09,F 25-29/27,F-28,138,31:34,46.98%
304,Bellinda Erikson,"San Juan Capistrano, CA",146,31:31,10:09,F 35-39/20,F-39,139,32:18,48.36%
305,Lori Fulford Fulford,"Lake Forest, CA",167,31:35,10:10,F 35-39/21,F-35,140,32:20,47.36%
306,Anthony Reyes,"Chino Hills, CA",601,31:36,10:10,M 40-44/16,M-41,166,32:09,43.54%
307,Anne Gannon,"Costa Mesa, CA",170,31:40,10:12,F 35-39/22,F-35,141,32:08,47.24%
308,Christopher Ahlswede,"Orange, CA",15,31:41,10:12,M 35-39/17,M-35,167,32:22,41.63%
309,Katherine Ahlswede,"Huntington Beach, CA",16,31:41,10:12,F 25-29/28,F-29,142,32:22,46.74%
310,Art Inderwiesche,"Costa Mesa, CA",220,31:50,10:15,M 30-34/28,M-34,168,32:38,41.23%
311,Donna Basham,"Anaheim, CA",51,31:52,10:16,F 45-49/15,F-46,143,32:25,50.65%
312,GUADALUPE JACKSON,"MONTEBELLO, CA",545,31:58,10:18,F NoAge/0,F-,144,32:08, 0.00%
313,Kenny Realista,"Irvine, CA",385,32:05,10:20,M 55-59/8,M-57,169,32:17,48.75%
314,Colin Rowe,"Aliso Viejo, CA",612,32:05,10:20,M 01-14/4,M-12,170,32:42,46.36%
315,Billye Shinto-Littman,"Huntington Beach, CA",529,32:06,10:20,F 45-49/16,F-48,145,32:26,51.48%
316,Braden Rowe,"Aliso Viejo, CA",610,32:06,10:20,M 01-14/5,M-10,171,32:43,49.19%
317,Traci Linehan,"Costa Mesa, CA",274,32:09,10:21,F 25-29/29,F-26,146,32:47,46.06%
318,Pamela Southwell,"Newport Beach, CA",442,32:15,10:23,F 45-49/17,F-47,147,32:22,50.62%
319,Jenna Bergna,"Newport Beach, CA",62,32:15,10:23,F 25-29/30,F-25,148,32:30,45.92%
320,Kristi Fiskum,"Foothill Ranch, CA",155,32:19,10:24,F 35-39/23,F-38,149,32:47,46.90%
321,Marie Scrofani,"Dana Point, CA",429,32:20,10:25,F 40-44/13,F-43,150,32:28,48.53%
322,Matt Holder,"Irvine, CA",211,32:21,10:25,M 35-39/18,M-39,172,32:59,41.91%
323,Marivie Argueta,"Long Beach, CA",31,32:22,10:25,F 30-34/18,F-32,151,32:45,45.85%
324,Ginny Lee,"Lake Forest, CA",266,32:23,10:26,F 45-49/18,F-45,152,32:50,49.33%
325,Leeann Christian,"Fullerton, CA",104,32:24,10:26,F 45-49/19,F-47,153,32:38,50.39%
326,Jacey Dexter,"Encino, CA",134,32:26,10:27,F 25-29/31,F-26,154,33:25,45.66%
327,Lena Mercuri,"Monterey Park, CA",313,32:32,10:29,F 40-44/14,F-42,155,32:32,47.82%
328,Cassandra Johnson,"Crestline, CA",514,32:37,10:30,F 60-64/3,F-64,156,32:53,62.88%
329,Arvin Llamzon,"Mira Loma, CA",276,32:42,10:32,M 25-29/14,M-26,173,33:01,39.47%
330,Bonnie Carawan,"Corona, CA",92,32:43,10:32,F 50-54/8,F-54,157,32:50,54.43%
331,Jeanette McMahon,"Santa Ana, CA",303,32:54,10:36,F 40-44/15,F-40,158,33:48,46.63%
332,Michael Rizzi,"Costa Mesa, CA",393,32:59,10:37,M 30-34/29,M-33,174,33:31,39.59%
333,Bob Rowe,"Aliso Viejo, CA",611,33:05,10:39,M 40-44/17,M-41,175,33:42,41.58%
334,Veronica Hussar,"Mission Viejo, CA",217,33:11,10:41,F 40-44/16,F-42,159,33:34,46.88%
335,Julie Grable,"Lake Forest, CA",181,33:12,10:41,F 45-49/20,F-45,160,33:41,48.12%
336,Christine Aurea,"Long Beach, CA",38,33:12,10:42,F 30-34/19,F-32,161,33:44,44.70%
337,rauline ochs,"Huntington Beach, CA",593,33:19,10:44,F NoAge/0,F-,162,33:37, 0.00%
338,Kendra Seiler,"Fullerton, CA",431,33:19,10:44,F 40-44/17,F-40,163,34:08,46.05%
339,ALEJANDRO ANGULO,"IRVINE, CA",561,33:20,10:44,M NoAge/0,M-,176,33:43, 0.00%
340,Anita Irwin,"Brea, CA",223,33:23,10:45,F 40-44/18,F-40,164,34:18,45.95%
341,Joshua Gutierrez,"Santa Ana, CA",509,33:32,10:48,M 25-29/15,M-27,177,33:43,38.49%
342,KATHLYN FORTUNE,"Long Beach, CA",554,33:35,10:49,F NoAge/0,F-,165,34:10, 0.00%
343,Guerin Butterworth,"Long Beach, CA",87,33:37,10:50,F 50-54/9,F-54,166,34:09,52.98%
344,Judith Degracia,"Torrance, CA",130,33:44,10:52,F 30-34/20,F-32,167,34:07,43.99%
345,RICO DAVIES,"VICTORVILLE, CA",540,33:46,10:52,M NoAge/0,M-,178,34:04, 0.00%
346,NICHOLAS MOKHLESSIN,"LAKE FOREST, CA",670,33:50,10:54,M NoAge/0,M-,179,33:57, 0.00%
347,JAMES BROWN,"COSTA MESA, CA",661,33:51,10:54,M NoAge/0,M-,180,33:57, 0.00%
348,BROOKE TAYLOR,"LAKE FOREST, CA",662,33:51,10:54,F NoAge/0,F-,168,33:57, 0.00%
349,John Donahue,"Costa Mesa, CA",137,33:51,10:54,M 50-54/14,M-51,181,34:25,43.94%
350,Michelle Schiavo,"Tustin, CA",575,33:59,10:57,F NoAge/0,F-,169,34:20, 0.00%
351,Raina Arnold,"Willows, CA",34,34:02,10:58,F 35-39/24,F-37,170,34:08,44.34%
352,Debbie Morris-Quintero,"Huntington Beach, CA",328,34:08,11:00,F 45-49/21,F-49,171,34:25,49.00%
353,Mark Osterstock,"Ladera Ranch, CA",361,34:10,11:00,M 55-59/9,M-58,182,34:36,46.17%
354,Stephanie Wright,"Newport Beach, CA",495,34:12,11:01,F 25-29/32,F-26,172,34:51,43.30%
355,Jennifer Tallent,"Costa Mesa, CA",452,34:21,11:04,F 30-34/21,F-33,173,34:39,43.30%
356,Linda Bogue,"Mission Viejo, CA",619,34:22,11:04,F 55-59/4,F-56,174,34:48,53.23%
357,Debbie Andersen,"Mission Viejo, CA",24,34:23,11:04,F 50-54/10,F-50,175,34:39,49.22%
358,Robert Valle,"Orange, CA",465,34:24,11:05,M 50-54/15,M-53,183,35:17,43.97%
359,NICOLE BROWN,"COSTA MESA, CA",598,34:35,11:08,F NoAge/0,F-,176,34:46, 0.00%
360,Michelle Manibog,"Costa Mesa, CA",294,34:36,11:09,F 30-34/22,F-30,177,35:19,42.80%
361,Sandy Oday,"Fullerton, CA",356,34:37,11:09,F 45-49/22,F-48,178,34:55,47.74%
362,Robert Shock,"Long Beach, CA",614,34:42,11:11,M 40-44/18,M-40,184,35:10,39.36%
363,Lori Guay,"Corona Del Mar, CA",183,34:43,11:11,F 50-54/11,F-51,179,35:21,49.38%
364,Erica Archila,"Anaheim, CA",30,34:46,11:12,F 25-29/33,F-29,180,35:19,42.59%
365,Carol Neves,"La Verne, CA",342,35:02,11:17,F 50-54/12,F-52,181,35:45,49.55%
366,Joseph Neves,"La Verne, CA",344,35:02,11:17,M 01-14/6,M-14,185,35:45,40.50%
367,Linda McGavran-Martinez,"Newport Beach, CA",519,35:05,11:18,F 45-49/23,F-46,182,35:33,46.01%
368,Leilani Quiray,"Newport Beach, CA",380,35:11,11:20,F 30-34/23,F-30,183,35:39,42.09%
369,Sandy Waite,"Santa Ana, CA",480,35:16,11:21,F 50-54/13,F-51,184,35:46,48.61%
370,caroline waite,"Los Angeles, CA",600,35:16,11:21,F NoAge/0,F-,185,35:46, 0.00%
371,Caitlin Dunham,"Anaheim, CA",502,35:18,11:22,F 20-24/11,F-20,186,35:52,41.95%
372,Elizabeth Schoettger,"Laguna Niguel, CA",424,35:22,11:23,F 40-44/19,F-41,187,36:01,43.66%
373,Kris Andreasen,"Lake Forest, CA",27,35:22,11:23,F 50-54/14,F-52,188,36:00,49.08%
374,Jan Newton,"Thousand Oaks, CA",520,35:22,11:23,F 40-44/20,F-44,189,36:00,44.74%
375,Loida Duran,"West Hills, CA",640,35:25,11:24,F 30-34/24,F-31,190,36:12,41.85%
376,Shea Ippolito,"newport beach, CA",513,35:26,11:25,F 40-44/21,F-40,191,35:49,43.29%
377,Gary Newcomb,"Costa Mesa, CA",346,35:31,11:26,M 35-39/19,M-37,186,36:02,37.61%
378,Duke Newcomb,"Costa Mesa, CA",345,35:32,11:26,M 01-14/7,M-7,187,36:02,50.12%
379,Andriana Garcia,"Long Beach, CA",171,35:36,11:28,F 25-29/34,F-27,192,36:17,41.59%
380,Michele Stitzel,"San Diego, CA",447,35:42,11:30,F 55-59/5,F-56,193,35:55,51.24%
381,Cori Barber,"Riverside, CA",44,35:46,11:31,F 45-49/24,F-49,194,36:28,46.76%
382,Katy Realista,"Irvine, CA",384,35:53,11:33,F 50-54/15,F-54,195,36:05,49.63%
383,CARLA LOCKWOOD,"LOS ANGELES, CA",517,35:53,11:33,F 30-34/25,F-30,196,36:56,41.26%
384,Jim Collins,"Aliso Viejo, CA",110,35:54,11:34,M 40-44/19,M-40,188,35:54,38.04%
385,JEANNIE KING,"CHINO, CA",574,35:58,11:35,F NoAge/0,F-,197,36:26, 0.00%
386,Katrina Mosher,"Burbank, CA",329,35:59,11:35,F 25-29/35,F-29,198,36:15,41.15%
387,Elizabeth Ascencio,"Daly City, CA",37,36:01,11:36,F 45-49/25,F-49,199,36:43,46.44%
388,Chelsea McGaw,"Rossmoor, CA",301,36:13,11:40,F 20-24/12,F-22,200,36:57,40.88%
389,Stacy Brian,"Aliso Viejo, CA",72,36:14,11:40,F 35-39/25,F-35,201,36:17,41.28%
390,Deyaneira Garcia,"Santa Ana, CA",173,36:14,11:40,F 01-14/3,F-12,202,36:44,44.96%
391,Mikki OFlaherty,"Irvine, CA",523,36:15,11:40,F 35-39/26,F-38,203,36:48,41.81%
392,Angelica Jimov,"Agoura Hills, CA",675,36:16,11:41,F NoAge/0,F-,204,37:01, 0.00%
393,Regi Pappachan,"Pasadena, CA",364,36:19,11:42,M 40-44/20,M-44,189,36:51,38.75%
394,Sharon Frazier,"Tustin, CA",165,36:20,11:42,F 40-44/22,F-40,205,37:06,42.22%
395,EDWARD VILLALOBOS,"LONG BEACH, CA",669,36:22,11:43,M NoAge/0,M-,190,36:43, 0.00%
396,TROY MORITTZ,"VICTORVILLE, CA",583,36:23,11:43,M NoAge/0,M-,191,37:03, 0.00%
397,Michael Gutierrez,"Long Beach, CA",186,36:33,11:46,M 25-29/16,M-27,192,37:14,35.31%
398,Koreen Johnson,"Costa Mesa, CA",230,36:39,11:48,F 35-39/27,F-37,206,36:52,41.17%
399,Susan Crook,"Lake Forest, CA",121,36:42,11:49,F 55-59/6,F-55,207,37:20,49.20%
400,Jon Nakano,"Irvine, CA",337,36:46,11:50,M 30-34/30,M-31,193,37:41,35.28%
401,SUE ERVIN,"SAN JUAN CAPO, CA",543,36:48,11:51,F NoAge/0,F-,208,36:59, 0.00%
402,Lesa Weienrt,"Dana Point, CA",483,36:57,11:54,F 45-49/26,F-47,209,37:22,44.18%
403,TAMI MAYNARD,"LOS ANGELES, CA",672,37:10,11:58,F NoAge/0,F-,210,37:46, 0.00%
404,Elaine Ogle,"Long Beach, CA",673,37:14,12:00,F NoAge/0,F-,211,37:51, 0.00%
405,Scott Baugh,"Newport Beach, CA",1,37:21,12:02,M 45-49/14,M-48,194,37:57,38.88%
406,Amanda Russell,"Long Beach, CA",408,37:36,12:07,F 15-19/6,F-17,212,38:19,40.22%
407,Michael Russell,"Long Beach, CA",411,37:36,12:07,M 40-44/21,M-41,195,38:19,36.59%
408,Anne Russell,"Long Beach, CA",409,37:37,12:07,F 40-44/23,F-40,213,38:19,40.78%
409,Lindsay Palmer,"Laguna Hills, CA",652,37:38,12:07,F NoAge/0,F-,214,38:11, 0.00%
410,Kristopher Maw,"Tustin, CA",298,37:38,12:07,M 25-29/17,M-27,196,38:29,34.29%
411,Laura Palmer,"Laguna Hills, CA",524,37:39,12:08,F 20-24/13,F-24,215,38:12,39.33%
412,Rosa Magana,"Lakewood, CA",292,37:43,12:09,F 50-54/16,F-53,216,38:06,46.64%
413,Tom Fonseca,"Fountain Valley, CA",506,37:46,12:10,M 35-39/20,M-39,197,37:46,35.89%
414,Rachel Fonseca,"Fountain Valley, CA",505,37:47,12:10,F 30-34/26,F-34,217,38:19,39.45%
415,Marcia Davis,"Fontana, CA",127,37:52,12:12,F 45-49/27,F-47,218,38:15,43.11%
416,Ross Nagarasan,"Orange, CA",336,37:52,12:12,M 60-64/2,M-61,198,38:02,42.76%
417,Grace Piol,"Aliso Viejo, CA",639,38:04,12:16,F 30-34/27,F-31,219,38:52,38.94%
418,Naemi Padilla,"Oxnard, CA",677,38:09,12:17,F 30-34/28,F-31,220,38:35,38.85%
419,Tailer Villarreal,"Downey, CA",474,38:11,12:18,F 01-14/4,F-12,221,38:55,42.66%
420,Madeline Hayes,"Huntington Beach, CA",197,38:12,12:18,F 25-29/36,F-26,222,38:55,38.76%
421,Patty Hammel,"Fullerton, CA",191,38:14,12:19,F 45-49/28,F-47,223,38:39,42.70%
422,Monica Hernandez,"Tustin, CA",203,38:17,12:20,F 50-54/17,F-52,224,38:44,45.34%
423,Sharon Newman,"Fullerton, CA",347,38:24,12:22,F 40-44/24,F-41,225,39:03,40.21%
424,Debbie Schoemann,"Lake Forest, CA",422,38:32,12:25,F 40-44/25,F-44,226,38:53,41.06%
425,Phil Dantes,"Huntington Beach, CA",126,38:33,12:25,M 25-29/18,M-29,199,39:14,33.52%
426,Linda Seppala,"Long Beach, CA",528,38:35,12:25,F 45-49/29,F-47,227,38:49,42.31%
427,Jennifer Solano,"Costa Mesa, CA",440,38:36,12:26,F 40-44/26,F-41,228,39:16,40.00%
428,Rachel Minick,"Costa Mesa, CA",317,38:48,12:30,F 30-34/29,F-34,229,39:22,38.42%
429,Jessi Pavia,"Mission Viejo, CA",370,38:49,12:30,F 25-29/37,F-25,230,39:18,38.14%
430,Marin Loeun,"Hawaiian Gardens, CA",278,38:53,12:31,M 30-34/31,M-30,200,39:07,33.28%
431,Adriana Han,"South Gate, CA",192,39:02,12:34,F 25-29/38,F-29,231,39:35,37.93%
432,Sarah Goldthorpe,"Fullerton, CA",178,39:03,12:34,F 40-44/27,F-42,232,39:36,39.84%
433,Cindy Garcia,"Moreno Valley, CA",172,39:09,12:37,F 20-24/14,F-23,233,39:25,37.80%
434,Byron Baron,"Moreno Valley, CA",49,39:10,12:37,M 01-14/8,M-4,201,39:25, 0.00%
435,Raul Baron,"Moreno Valley, CA",50,39:10,12:37,M 20-24/11,M-23,202,39:25,32.95%
436,Catherine Pham,"Newport Coast, CA",372,39:18,12:39,F 20-24/15,F-22,234,39:18,37.68%
437,Michelle Tran,"Santa Ana, CA",459,39:19,12:40,F 20-24/16,F-23,235,39:19,37.66%
438,Kelly Flannery,"Whittier, CA",157,39:42,12:47,F 50-54/18,F-50,236,40:38,42.63%
439,Ginger Castillo,"Costa Mesa, CA",97,39:42,12:47,F 40-44/28,F-40,237,39:54,38.64%
440,Mark Konrad,"Torrance, CA",249,39:44,12:48,M 45-49/15,M-47,203,40:01,36.26%
441,Lissa Posbic,"Orange, CA",377,39:44,12:48,F 50-54/19,F-50,238,40:23,42.59%
442,Robert Brennan,"Newport Beach, CA",71,39:53,12:51,M 45-49/16,M-49,204,40:17,36.71%
443,Leonard Applebaum,"Newport Beach, CA",29,39:54,12:51,M 55-59/10,M-57,205,40:16,39.20%
444,NICHOLAS ROACH,"SANTA ANA, CA",539,39:54,12:51,M 35-39/21,M-35,206,40:44,33.05%
445,James Flannery,"Whittier, CA",156,39:54,12:51,M 45-49/17,M-46,207,40:51,35.81%
446,Rita Nagarasan,"Orange, CA",335,39:58,12:52,F 25-29/39,F-29,239,40:08,37.05%
447,Taree Suchikul,"Panorama City, CA",449,39:58,12:52,F 25-29/40,F-29,240,40:14,37.05%
448,Than Duong,"Lake Forest, CA",503,40:10,12:56,M 30-34/32,M-34,208,40:54,32.67%
449,Lisa Jacobs,"Tustin, CA",227,40:12,12:57,F 45-49/30,F-47,241,40:51,40.61%
450,Leslie Brennan,"Newport Beach, CA",70,40:13,12:57,F 45-49/31,F-46,242,40:37,40.13%
451,Wendy Frankel,"Newport Beach, CA",163,40:14,12:57,F 60-64/4,F-61,243,40:38,48.74%
452,MONICA ROACH,"SANTA ANA, CA",538,40:21,12:59,F 30-34/30,F-31,244,41:09,36.74%
453,Cherie Bellinger,"Costa Mesa, CA",56,40:25,13:01,F 20-24/17,F-24,245,41:06,36.63%
454,Ellen Juge,"Costa Mesa, CA",232,40:26,13:01,F 35-39/28,F-37,246,41:06,37.32%
455,Diana Alvarez,"Santa Ana, CA",22,40:33,13:03,F 01-14/5,F-13,247,41:05,39.39%
456,Lisa Tharp,"Buena Park, CA",455,40:36,13:04,F 50-54/20,F-52,248,41:18,42.75%
457,Lauren Tharp,"Buena Park, CA",454,40:37,13:05,F 25-29/41,F-25,249,41:18,36.45%
458,Madeleine Amat,"Garden Grove, CA",23,40:38,13:05,F 30-34/31,F-33,250,40:51,36.60%
459,Judi Burson,"Corona Del Mar, CA",85,40:50,13:09,F 60-64/5,F-63,251,41:14,49.45%
460,Diane West,"Corona Del Mar, CA",488,40:50,13:09,F 55-59/7,F-59,252,41:14,46.67%
461,Jhona Llamzon,"Mira Loma, CA",277,40:52,13:10,F 25-29/42,F-29,253,41:12,36.23%
462,Adia Davis,"Manhattan Beach, CA",591,40:56,13:11,M NoAge/0,M-,209,41:18, 0.00%
463,tawnya hesse,"Huntington Beach, CA",585,40:59,13:12,F NoAge/0,F-,254,41:48, 0.00%
464,Jennifer Dais,"Manhattan Beach, CA",590,41:02,13:13,M NoAge/0,M-,210,41:24, 0.00%
465,ASHLEY ANDERSEN,"PLACENTIA, CA",569,41:10,13:15,F NoAge/0,F-,255,41:17, 0.00%
466,POOVAIAH APPACHU,"IRVINE, CA",571,41:11,13:16,M NoAge/0,M-,211,41:17, 0.00%
467,Tyler Hefner,"Huntington Beach, CA",201,41:12,13:16,M 01-14/9,M-7,212,41:44,43.22%
468,TRACEY BOWLING,"SHERMAN OAKS, CA",664,41:12,13:16,F NoAge/0,F-,256,41:17, 0.00%
469,Shayna Hefner,"Huntington Beach, CA",200,41:12,13:16,F 35-39/29,F-35,257,41:44,36.30%
470,Leslie Santillan,"Fullerton, CA",418,41:13,13:16,F 45-49/32,F-46,258,41:38,39.16%
471,Barbara Barboza,"Fullerton, CA",45,41:13,13:16,F 40-44/29,F-42,259,42:01,37.74%
472,Donald Bruhns,"Anaheim, CA",77,41:19,13:18,M 45-49/18,M-45,213,41:56,34.34%
473,DOUGLAS LOCKWOOD,"LOS ANGELES, CA",518,41:29,13:22,M 35-39/22,M-37,214,42:33,32.19%
474,james Elie,"El Segundo, CA",537,41:30,13:22,M NoAge/0,M-,215,41:30, 0.00%
475,MICKEY NARANJO,"Monterey Park, CA",536,41:30,13:22,M NoAge/0,M-,216,41:30, 0.00%
476,Chris Mendez,"Huntington Beach, CA",309,41:33,13:23,M 45-49/19,M-49,217,42:25,35.23%
477,Barbara Mendez,"Huntington Beach, CA",308,41:34,13:23,F 40-44/30,F-40,260,42:24,36.90%
478,Susan Stephens,"Yorba Linda, CA",445,41:46,13:27,F 25-29/43,F-28,261,42:22,35.45%
479,Margaret Chen,"Yorba Linda, CA",101,41:46,13:27,F 35-39/30,F-35,262,42:23,35.81%
480,Brad Mercer,"Dana Point, CA",310,42:02,13:32,M 30-34/33,M-34,218,43:04,31.22%
481,Martha Carrier,"Newport Beach, CA",94,42:02,13:32,F 50-54/21,F-51,263,42:38,40.78%
482,Kaden Mercer,"Dana Point, CA",311,42:02,13:32,M 01-14/10,M-7,219,43:04,42.36%
483,Katie Mercer,"Dana Point, CA",312,42:02,13:32,F 30-34/32,F-34,264,43:04,35.46%
484,Doug Lofstrom,"Newport Beach, CA",279,42:03,13:32,M 60-64/3,M-61,220,42:54,38.50%
485,Nancy Lofstrom,"Newport Beach, CA",280,42:03,13:33,F 50-54/22,F-52,265,42:54,41.28%
486,Pethidin Ung,"Santa Ana, CA",463,42:09,13:34,M 25-29/19,M-25,221,42:24,30.62%
487,Ronald Soth,"Long Beach, CA",441,42:10,13:35,M 25-29/20,M-29,222,42:25,30.64%
488,Billie Henry,"Corona, CA",202,42:18,13:37,F 40-44/31,F-42,266,42:46,36.78%
489,Joyce Wogan,"Huntington Beach, CA",490,42:28,13:41,F 45-49/33,F-46,267,43:30,38.01%
490,Trudy Guy,"Garden Grove, CA",187,42:31,13:41,F 50-54/23,F-52,268,43:08,40.82%
491,Brian Kunst,"Costa Mesa, CA",256,42:33,13:42,M 40-44/22,M-43,223,43:00,32.84%
492,Kelly McClenon,"Costa Mesa, CA",300,42:44,13:46,F 35-39/31,F-36,269,43:10,35.15%
493,Debbie Schuster,"Costa Mesa, CA",428,42:49,13:47,F 50-54/24,F-54,270,43:27,41.59%
494,Harry Hughes,"Buena Park, CA",215,43:05,13:52,M 45-49/20,M-49,224,44:03,33.98%
495,Vicki Riley,"Ladera Ranch, CA",390,43:08,13:53,F 55-59/8,F-55,271,43:57,41.86%
496,Jeff Miller,"Costa Mesa, CA",316,43:14,13:55,M 45-49/21,M-46,225,43:59,33.05%
497,Helen Miller,"Costa Mesa, CA",315,43:14,13:55,F 40-44/32,F-44,272,43:59,36.60%
498,KIMBERLY ISRAELSON,"COSTA MESA, CA",642,43:43,14:05,F NoAge/0,F-,273,44:25, 0.00%
499,Juliet Jacinto,"Huntington Beach, CA",225,43:49,14:06,F 50-54/25,F-50,274,44:46,38.62%
500,Patrick Rogan,"Laguna Niguel, CA",401,43:49,14:06,M 50-54/16,M-50,226,44:46,33.68%
501,Anne Melanson,"Rancho Santa Margarita, CA",307,43:52,14:07,F 50-54/26,F-52,275,44:40,39.57%
502,Sarah Verble,"Corona Del Mar, CA",471,43:56,14:09,F 55-59/9,F-57,276,44:27,42.20%
503,Meredith Fish,"San Clemente, CA",153,43:56,14:09,F 30-34/33,F-32,277,44:27,33.78%
504,Lynne Beverly,"San Juan Capistrano, CA",63,43:56,14:09,F 35-39/32,F-39,278,44:33,34.69%
505,GLENN KANG,"TUSTIN, CA",656,43:56,14:09,M NoAge/0,M-,227,44:13, 0.00%
506,JENNIFER SON,"IRVINE, CA",657,43:58,14:09,F NoAge/0,F-,279,44:13, 0.00%
507,DESIRAE VANTILBORG,"Yorba Linda, CA",565,43:59,14:10,M NoAge/0,M-,228,44:29, 0.00%
508,Danielle Mitchell,"Highland, CA",320,43:59,14:10,F 35-39/33,F-39,280,44:34,34.65%
509,CHRISTOPHER MORALES,"Yorba Linda, CA",563,43:59,14:10,M NoAge/0,M-,229,44:29, 0.00%
510,Kim Degen,"Aliso Viejo, CA",129,44:04,14:11,F 30-34/34,F-34,281,45:01,33.83%
511,JACQUELINE WALKER,"LOS ANGELES, CA",580,44:08,14:13,F NoAge/0,F-,282,45:00, 0.00%
512,VINA PRINCE,"INGLEWOOD, CA",658,44:09,14:13,F NoAge/0,F-,283,45:00, 0.00%
513,Mark Russell,"Long Beach, CA",410,44:11,14:13,M 25-29/21,M-27,230,44:47,29.21%
514,Marilyn Wilson,"Irvine, CA",489,44:15,14:15,F 65-69/2,F-66,284,45:01,47.78%
515,Jeanette Hughes,"Anaheim, CA",216,44:21,14:17,F 55-59/10,F-58,285,45:19,42.41%
516,Kathy Calvillo,"Huntington Beach, CA",617,44:21,14:17,F 55-59/11,F-57,286,45:19,41.80%
517,Lindsay Osborne,"Garden Grove, CA",655,44:22,14:17,F NoAge/0,F-,287,44:30, 0.00%
518,Liz Osborne,"Fountain Valley, CA",359,44:22,14:17,F 30-34/35,F-30,288,44:30,33.37%
519,Bruce Brown,"Mission Viejo, CA",76,44:27,14:19,M 55-59/11,M-57,231,45:05,35.18%
520,Karmen Fishman,"Costa Mesa, CA",154,44:38,14:22,F 45-49/34,F-46,289,45:23,36.16%
521,Mary Meacham,"Oceanside, CA",306,44:46,14:25,F 35-39/34,F-39,290,45:40,34.04%
522,Tania Benzinger,"Costa Mesa, CA",61,44:47,14:25,F 55-59/12,F-56,291,44:47,40.84%
523,Rick Papa Benzinger,"Costa Mesa, CA",60,44:48,14:25,M 55-59/12,M-58,232,44:48,35.21%
524,catherine wilson,"Anaheim, CA",533,44:51,14:26,F 50-54/27,F-53,292,45:26,39.22%
525,Olin Lamb,"Walnut, CA",260,44:53,14:27,F 65-69/3,F-65,293,45:02,46.40%
526,Len Lamb,"Walnut, CA",259,44:54,14:28,M 65-69/2,M-66,233,45:04,37.73%
527,Sarah Bixler,"Costa Mesa, CA",66,44:55,14:28,F 45-49/35,F-45,294,45:56,35.56%
528,Melissa Alonso,"Costa Mesa, CA",20,45:06,14:31,F 35-39/35,F-37,295,45:59,33.46%
529,Mitch Dexter,"Encino, CA",135,45:22,14:36,M 30-34/34,M-30,234,45:22,28.52%
530,Danielle Cox,"Long Beach, CA",118,45:35,14:41,F 25-29/44,F-26,296,46:11,32.48%
531,Brad Coffman,"Villa Park, CA",107,45:57,14:48,M 55-59/13,M-55,235,46:53,33.45%
532,Ryan Butterworth,"Torrance, CA",88,46:00,14:49,M 01-14/11,M-14,236,46:28,30.84%
533,Megan Anderson,"Costa Mesa, CA",26,46:15,14:54,F 35-39/36,F-38,297,46:52,32.77%
534,Steave Savage,"Huntington Beach, CA",421,46:16,14:54,M 45-49/22,M-47,237,46:31,31.14%
535,Susan Reese,"Mission Viejo, CA",386,46:16,14:54,F 40-44/33,F-44,298,46:59,34.20%
536,Symonn Reese,"Mission Viejo, CA",387,46:17,14:54,M 45-49/23,M-46,238,47:00,30.87%
537,Regina Savage,"Long Beach, CA",420,46:17,14:54,F 45-49/36,F-49,299,46:33,36.13%
538,Kaye Reuschling,"Lancaster, CA",388,46:37,15:01,F 40-44/34,F-40,300,46:54,32.90%
539,Amanda Villalobos,"Corona, CA",472,46:39,15:01,F 15-19/7,F-16,301,47:00,32.81%
540,Vanessa Villalobos,"Corona, CA",473,46:39,15:01,F 35-39/37,F-36,302,47:00,32.20%
541,Laurel Hinshelwood,"Half Moon Bay, CA",206,46:40,15:02,F 01-14/6,F-12,303,47:10,34.91%
542,Brandi Bass,"Cerritos, CA",499,46:59,15:08,F 35-39/38,F-35,304,47:44,31.83%
543,Tami Weinberger,"Laguna Hills, CA",484,47:07,15:10,F 45-49/37,F-48,305,47:35,35.07%
544,Evelyn Guevara,"Riverside, CA",184,47:20,15:14,F 30-34/36,F-32,306,48:12,31.35%
545,Nash Quines,"Riverside, CA",378,47:22,15:15,M 30-34/35,M-34,239,48:12,27.70%
546,Dana Kojian,"Tustin, CA",245,47:33,15:19,F 30-34/37,F-31,307,47:59,31.17%
547,Elizabeth Leger,"Redlands, CA",269,47:33,15:19,F 50-54/28,F-52,308,47:59,36.50%
548,Susan Kristie,"Laguna Niguel, CA",253,47:58,15:27,F 55-59/13,F-55,309,48:47,37.64%
549,Cindy Frauman,"Mission Viejo, CA",164,48:12,15:31,F 50-54/29,F-52,310,48:41,36.01%
550,Ricki Parker,"Santa Ana, CA",365,48:30,15:37,F 35-39/39,F-36,311,48:55,30.97%
551,Claire Burke,"Orange, CA",78,48:31,15:37,F 01-14/7,F-9,312,49:33,36.19%
552,Gayle Burke,"Orange, CA",80,48:33,15:38,F 45-49/38,F-45,313,49:33,32.90%
553,MELVIN VINLUAN,"CORONA, CA",594,48:35,15:38,M NoAge/0,M-,240,48:53, 0.00%
554,Christine Romero,"Corona, CA",404,48:35,15:39,F 30-34/38,F-34,314,48:52,30.68%
555,Leigh Hansbarger,"Mission Viejo, CA",194,48:36,15:39,F 30-34/39,F-33,315,49:23,30.60%
556,Karen Coyne,"Aliso Viejo, CA",119,48:43,15:41,F 55-59/14,F-55,316,49:34,37.06%
557,Donsha Robinson-McClain,"San Dimas, CA",526,48:49,15:43,F 35-39/40,F-37,317,48:56,30.91%
558,Amanda Escarsega,"Laguna Niguel, CA",148,48:52,15:44,F 20-24/18,F-20,318,49:13,30.30%
559,Vincent Escarsega,"Laguna Niguel, CA",149,48:52,15:44,M 20-24/12,M-20,241,49:12,26.68%
560,China Neal,"Orange, CA",338,48:53,15:44,F 55-59/15,F-58,319,49:13,38.47%
561,Dennis Lorton,"Huntington Beach, CA",282,49:37,15:58,M 45-49/24,M-45,242,49:58,28.60%
562,Siena Hinshelwood,"Half Moon Bay, CA",208,49:37,15:59,F 01-14/8,F-10,320,50:06,34.41%
563,Anthony Gutierrez,"Costa Mesa, CA",604,49:38,15:59,M 01-14/12,M-5,243,49:40,39.84%
564,Lisa Hinshelwood,"Corona Del Mar, CA",207,49:41,16:00,F 40-44/35,F-44,321,50:10,31.85%
565,Rachel Benveniste,"Gardena, CA",59,49:46,16:02,F 30-34/40,F-33,322,49:48,29.88%
566,Nora Mullen,"Huntington Beach, CA",332,49:51,16:03,F 50-54/30,F-51,323,50:46,34.38%
567,Michelle Walters,"Huntington Beach, CA",482,49:51,16:03,F 45-49/39,F-45,324,50:46,32.04%
568,Michelle Lorton,"Huntington Beach, CA",283,49:54,16:04,F 35-39/41,F-37,325,50:13,30.24%
569,Riin Ball,"Lake Forest, CA",42,50:07,16:08,M 40-44/23,M-42,244,51:02,27.64%
570,Roseanne Geske,"Lakewood, CA",176,50:08,16:08,F 30-34/41,F-34,326,50:45,29.73%
571,Rosina Tina Ball,"Lake Forest, CA",43,50:09,16:09,F 45-49/40,F-45,327,51:01,31.85%
572,Ruth Otterbein,"San Juan Capistrano, CA",363,50:18,16:12,F 70-74/1,F-72,328,51:12,46.37%
573,Judith Ball,"Orange, CA",41,50:20,16:12,F 70-74/2,F-71,329,51:13,45.54%
574,Tawanna Harrison,"Hawthorne, CA",510,50:26,16:14,F 35-39/42,F-36,330,51:12,29.79%
575,Anne Hanarahan,"Lake Forest, CA",193,50:40,16:19,F 70-74/3,F-74,331,50:51,47.65%
576,Claire Kraskin,"Lake Forest, CA",250,50:45,16:20,F 45-49/41,F-45,332,50:51,31.47%
577,Danielle Pool,"Costa Mesa, CA",373,50:46,16:21,F 20-24/19,F-23,333,51:02,29.16%
578,Angela Benveniste,"Gardena, CA",58,50:56,16:24,F 30-34/42,F-30,334,50:59,29.07%
579,Corissa Turner,"Orange, CA",462,51:10,16:28,F 30-34/43,F-31,335,52:05,28.97%
580,Alisa Von Schimmelmann,"Tustin, CA",477,51:10,16:28,F 30-34/44,F-31,336,52:05,28.97%
581,Carrie Nicotera,"Anaheim, CA",521,51:10,16:29,F 35-39/43,F-35,337,51:58,29.23%
582,Danielle Nicotera,"Cypress, CA",522,51:11,16:29,F 01-14/9,F-12,338,51:58,31.82%
583,Taylor Turpin,"Cypress, CA",531,51:12,16:29,F 01-14/10,F-13,339,52:00,31.20%
584,Debbie Venderley,"Anaheim, CA",469,51:13,16:29,F 40-44/36,F-40,340,51:36,29.95%
585,Paul Venderley,"Anaheim, CA",470,51:14,16:30,M 35-39/23,M-39,245,51:37,26.46%
586,Tony Brock,"Newport Beach, CA",75,51:14,16:30,M 40-44/24,M-43,246,52:06,27.27%
587,Patricia Romero,"Chino Hills, CA",405,51:15,16:30,F 50-54/31,F-51,341,52:11,33.44%
588,Patty Brock,"Newport Beach, CA",74,51:15,16:30,F 40-44/37,F-42,342,52:06,30.35%
589,Kelsey Chrisley,"Santa Ana, CA",102,51:17,16:31,F 50-54/32,F-50,343,52:13,33.00%
590,Sunny Byon,"Cypress, CA",89,51:19,16:31,F 35-39/44,F-38,344,52:01,29.53%
591,Michelle Christensen,"Costa Mesa, CA",103,51:21,16:32,F 40-44/38,F-41,345,52:01,30.06%
592,Anita Macias,"La Mirada, CA",291,51:24,16:33,F 55-59/16,F-56,346,52:17,35.58%
593,Kevin Komenkul,"North Hollywood, CA",246,51:28,16:34,M 25-29/22,M-26,247,52:15,25.07%
594,April Radics,"Winnetka, CA",381,51:29,16:35,F 20-24/20,F-23,347,52:25,28.76%
595,Santana Ung,"Santa Ana, CA",464,52:15,16:49,M 30-34/36,M-30,248,52:34,24.76%
596,Ann Nguyen,"Fountain Valley, CA",350,52:46,16:59,F 30-34/45,F-34,348,53:10,28.25%
597,Kathryn Nguyen,"Irvine, CA",351,52:46,16:59,F 30-34/46,F-34,349,53:10,28.25%
598,Raquel Garofalo,"Huntington Beach, CA",174,52:54,17:02,F 40-44/39,F-41,350,53:48,29.18%
599,Tracey Clark,"Anaheim, CA",106,53:17,17:09,F 45-49/42,F-47,351,53:40,30.63%
600,Susan Fleming,"Huntington Beach, CA",158,53:56,17:22,F 40-44/40,F-44,352,54:51,29.34%
601,Lesli Correia,"Huntington Beach, CA",115,53:56,17:22,F 40-44/41,F-41,353,54:51,28.62%
602,Randy Kimbrell,"Laguna Niguel, CA",241,54:26,17:32,M 45-49/25,M-45,249,55:15,26.06%
603,Joey Barboza,"Fullerton, CA",47,54:27,17:32,M 01-14/13,M-10,250,55:15,29.00%
604,Bryan Barboza,"Fullerton, CA",46,54:27,17:32,M 40-44/25,M-43,251,55:15,25.66%
605,KIMBERLY VANTILBORG,"YORBA LINDA, CA",568,54:37,17:35,F NoAge/0,F-,354,55:31, 0.00%
606,Joseph Burke,"Orange, CA",82,54:39,17:36,M 15-19/10,M-19,252,55:38,24.13%
607,Hannah Burke,"Orange, CA",81,54:39,17:36,F 01-14/11,F-12,355,55:38,29.80%
608,ERIKA CRUZ,"SOUTH GATE, CA",535,54:40,17:36,F NoAge/0,F-,356,55:00, 0.00%
609,Yvette Juarez,"Bell Gardens, CA",231,54:40,17:36,F 30-34/47,F-32,357,55:00,27.14%
610,Kristy Mutch,"Huntington Beach, CA",334,55:21,17:49,F 40-44/42,F-42,358,56:09,28.10%
611,Constance Snider,"Stanton, CA",439,55:21,17:49,F 45-49/43,F-45,359,56:09,28.86%
612,ALICE HAMMEL,"ATWATER, CA",646,55:24,17:50,F NoAge/0,F-,360,55:52, 0.00%
613,Mary Schoemann,"Fountain Valley, CA",423,55:29,17:52,F 65-69/4,F-67,361,55:40,38.70%
614,Catherine Cooper,"Willows, CA",113,55:35,17:54,F 60-64/6,F-60,362,55:45,34.79%
615,CHRISTOPHER COOPER,"WILLOWS, CA",674,55:38,17:55,M NoAge/0,M-,253,55:44, 0.00%
616,Christopher Dalbey,"Irvine, CA",125,56:32,18:12,M 30-34/37,M-34,254,56:32,23.21%
617,Khirstine Lumban,"Ontario, CA",288,56:32,18:12,F 25-29/45,F-26,363,56:32,26.18%
618,Rafi Cedillo,"Tustin, CA",100,58:24,18:48,M 01-14/14,M-5,255,58:24,33.86%
619,Alex Cedillo,"Tustin, CA",99,58:25,18:48,F 35-39/45,F-36,364,58:25,25.71%
620,Joyel Sandoval,"Costa Mesa, CA",624,59:03,19:01,F 30-34/48,F-34,365,59:03,25.24%
621,Kelly Stewart,"Costa Mesa, CA",625,59:04,19:01,F 35-39/46,F-39,366,59:04,25.80%
