Place,Name,Location,Bib,Net Time,Pace,Division/Place,Sex-Age,Sex-Place,Gun Time,Age Grade
1,Nick Lopez,"Hemet, CA",826,16:08,5:12,M 13-19/1,M-19,1,16:08,81.88%
2,Jordan Banuelos,"Yucaipa, CA",82,16:12,5:13,M 13-19/2,M-18,2,16:12,82.47%
3,Ricky Barnes,"Trabuco Canyon, CA",91,16:26,5:18,M 25-29/1,M-28,3,16:26,78.74%
4,Conor Stanton,"Fullerton, CA",1359,16:55,5:27,M 20-24/1,M-20,4,16:56,77.12%
5,Daniel Okabe,"Irvine, CA",1055,16:58,5:28,M 25-29/2,M-26,5,16:58,76.11%
6,Wesley Pedersen,"Irvine, CA",1101,18:26,5:56,M 30-34/1,M-32,6,18:28,70.59%
7,Nick Huston,"Costa Mesa, CA",629,18:57,6:06,M 30-34/2,M-32,7,18:59,68.66%
8,John Kluve,"Mission Viejo, CA",735,18:57,6:06,M 25-29/3,M-28,8,18:58,68.13%
9,Chad Johnson,"Long Beach, CA",666,18:59,6:07,M 35-39/1,M-36,9,19:03,69.95%
10,Jose Castrejon,"Santa Ana, CA",249,19:08,6:10,M 13-19/3,M-17,10,19:38,70.62%
11,Curtis Liang,"Irvine, CA",1659,19:10,6:11,M 20-24/2,M-22,11,19:13,67.36%
12,Adrian Ricarte,"El Segundo, CA",1716,19:17,6:13,M 25-29/4,M-29,12,19:19,66.98%
13,Carter Christman,"Coto De Caza, CA",287,19:23,6:15,M 13-19/4,M-14,13,19:25,73.24%
14,Nathan Loomis,"Telluride, CO",1662,19:24,6:15,M 13-19/5,M-17,14,19:58,69.65%
15,Andres Garcia,"Norwalk, CA",487,19:59,6:26,M 20-24/3,M-22,15,19:59,64.61%
16,Travis Matthiessen,"Placentia, CA",894,20:00,6:26,M 25-29/5,M-25,16,20:01,64.55%
17,Eduardo Trujillo,"Wilmington, CA",1738,20:02,6:27,M 30-34/3,M-34,17,21:06,65.53%
18,Dean Fluker,"Santa Monica, CA",1872,20:04,6:28,M 25-29/6,M-27,18,20:35,64.34%
19,Joe Graziani,"Orange, CA",1620,20:05,6:28,M 30-34/4,M-30,19,20:20,64.45%
20,Jason Graban,"Laguna Niguel, CA",1812,20:09,6:30,M 25-29/7,M-26,20,20:12,64.07%
21,Kevin Chiu,"Irvine, CA",281,20:10,6:30,M 25-29/8,M-25,21,20:13,64.02%
22,Tom Albright,"Newport Beach, CA",1573,20:14,6:31,M 55-59/1,M-56,22,20:17,76.67%
23,Victor Rodriguez,"Santa Ana, CA",1205,20:15,6:31,M 25-29/9,M-26,23,20:24,63.76%
24,Matthew Vettel,", ",1797,20:28,6:36,M 20-24/4,M-23,24,20:29,63.08%
25,Mehran Moghaddam,"El Dorado Hills, CA",954,20:49,6:42,M 30-34/5,M-34,25,20:50,63.06%
26,Conner Valenzuela,"Apple Valley, CA",1805,20:51,6:43,M 13-19/6,M-16,26,20:51,65.76%
27,Robert Short,"Anaheim, CA",1312,20:54,6:44,M 20-24/5,M-23,27,21:45,61.77%
28,Cameron Collins,"Costa Mesa, CA",307,20:58,6:45,M 13-19/7,M-19,28,21:01,62.93%
29,Jon Thompson,"Torrance, CA",1399,21:04,6:47,M 25-29/10,M-29,29,21:07,61.36%
30,Bryan Goodson,"Costa Mesa, CA",525,21:11,6:49,M 40-44/1,M-42,30,21:28,65.43%
31,Michael Besnard,"Irvine, CA",127,21:15,6:51,M 40-44/2,M-41,31,22:48,64.76%
32,Jake Coronel,"Los Angeles, CA",1592,21:15,6:51,M 20-24/6,M-24,32,21:17,60.75%
33,Raymundo Figueroa,"Los Angeles, CA",1604,21:15,6:51,M 25-29/11,M-28,33,21:18,60.75%
34,James Rosewitz,"Irvine, CA",1216,21:16,6:51,M 25-29/12,M-29,34,21:30,60.78%
35,Jessica Lesser,"Irvine, CA",804,21:17,6:52,F 13-19/1,F-16,1,21:17,72.17%
36,Michael Cagulada,"Ladera Ranch, CA",224,21:19,6:52,M 35-39/2,M-35,35,21:22,61.89%
37,Pam Sanchez,"Upland, CA",1253,21:21,6:53,F 35-39/1,F-36,2,21:21,70.53%
38,Joshua Schwab,"Newport Beach, CA",1277,21:27,6:55,M 30-34/6,M-31,36,21:30,60.50%
39,Mark McCormick,"Newport Coast, CA",904,21:34,6:57,M 40-44/3,M-43,37,21:56,64.81%
40,Joshua Baer,"Davie, FL",69,21:36,6:57,M 25-29/13,M-26,38,21:38,59.77%
41,Omar Jauregui,"Lakewood, CA",660,21:42,6:59,M 20-24/7,M-21,39,22:24,59.72%
42,Paul Montanchez,"Whittier, CA",958,21:44,7:00,M 40-44/4,M-44,40,21:51,64.77%
43,Stan Ideker,"San Diego, CA",636,21:45,7:00,M 55-59/2,M-58,41,21:45,72.55%
44,Glenn Colehamer,"Huntington Beach, CA",301,21:47,7:01,M 60-64/1,M-61,42,21:50,74.35%
45,Ryan Dean,"Newport Beach, CO",1757,21:50,7:02,M 30-34/7,M-30,43,21:50,59.24%
46,Jennifer Mueller,"Rancho Palos Verdes, CA",1681,21:53,7:03,F 20-24/1,F-22,4,21:56,67.68%
47,Michele Landry,"Newport Beach, CA",1652,21:53,7:03,F 35-39/2,F-38,3,21:53,69.26%
48,Ron Kurrle,", CA",10,21:54,7:03,M 60-64/2,M-64,44,21:56,75.93%
49,Robert Geiser,"Norwalk, CA",1614,21:55,7:04,M 25-29/14,M-25,45,21:55,58.90%
50,Garrett Wilson,"Lancaster, CA",1531,21:57,7:04,M 25-29/15,M-25,46,22:02,58.81%
51,Veronica Stocker,"Los Angeles, CA",1369,22:00,7:05,F 40-44/1,F-43,5,22:03,71.04%
52,Marc Vukcevich,"Costa Mesa, CA",1471,22:08,7:08,M 13-19/8,M-14,47,22:09,64.13%
53,Lora Wesolowski,"Coto De Caza, CA",1506,22:09,7:08,F 30-34/1,F-34,6,22:13,67.32%
54,Kevin Tolby,"Garden Grove, CA",1737,22:14,7:10,M 13-19/9,M-16,48,22:34,61.67%
55,Todd Hallenbeck,"Costa Mesa, CA",1867,22:16,7:10,M 55-59/3,M-57,49,22:23,70.26%
56,Max Garnica,"Orange, CA",1865,22:23,7:13,M 25-29/16,M-26,50,22:23,57.68%
57,Albert Lu,"Irvine, CA",832,22:24,7:13,M 20-24/8,M-24,51,22:30,57.63%
58,Kyle Szabo,"Yorba Linda, CA",1379,22:27,7:14,M 25-29/17,M-28,52,23:04,57.50%
59,Eric Shaw,"Brea, CA",1296,22:29,7:14,M 30-34/8,M-32,53,22:38,57.86%
60,Ross Wood,"Agoura Hills, CA",1745,22:30,7:15,M 30-34/9,M-34,54,23:10,58.34%
61,Maggie Goodson,"Costa Mesa, CA",526,22:32,7:15,F 13-19/2,F-17,7,23:11,67.14%
62,Jordan Diggs,"Moreno Valley, CA",388,22:32,7:16,F 13-19/3,F-17,8,22:38,67.14%
63,Sophia Sherman,"Cypress, CA",1302,22:33,7:16,F 13-19/4,F-18,9,22:53,66.42%
64,Dave Crowell,"Costa Mesa, CA",333,22:33,7:16,M 45-49/1,M-48,55,23:31,64.42%
65,Erica Buck,"Rancho Palos Verdes, CA",206,22:42,7:19,F 40-44/2,F-43,10,22:42,68.85%
66,Mario Cruz,"Santa Ana, CA",337,22:42,7:19,M 25-29/18,M-27,56,23:06,56.83%
67,Dave Gibson,"Richmond, VA",1617,22:44,7:19,M 40-44/5,M-41,57,23:22,60.53%
68,Uriah Richards,"Buena Park, CA",1192,22:46,7:20,M 13-19/10,M-15,58,23:15,61.17%
69,Jesus Gaytan,"Anaheim, CA",1761,22:50,7:21,M 20-24/9,M-24,59,22:50,56.54%
70,John Costa,"Long Beach, CA",1809,22:51,7:21,M 40-44/6,M-42,60,23:32,60.66%
71,Ron Perez,"Highland, CA",1771,22:52,7:22,M 45-49/2,M-45,61,22:56,62.07%
72,David Lee,"Rancho Cucamonga, CA",791,22:53,7:22,M 40-44/7,M-43,62,23:00,61.08%
73,Danny O'Malley,"Lake Forest, CA",1046,22:55,7:23,M 45-49/3,M-49,63,22:55,63.90%
74,Chris Keeley,"Buena Park, CA",711,22:59,7:24,M 25-29/19,M-29,64,23:24,56.24%
75,Jeffery Hernandez,"Corona, CA",591,22:59,7:24,M 13-19/11,M-15,65,24:18,60.60%
76,Lewis Butler,"Coto De Caza, CA",215,23:01,7:25,M 50-54/1,M-50,66,23:05,64.13%
77,Ian Fulton,"Laguna Beach, CA",1611,23:03,7:25,M 30-34/10,M-34,67,23:23,56.95%
78,Charles Bowman,"Whittier, CA",157,23:05,7:26,M 40-44/8,M-43,68,23:15,60.55%
79,Tino Freiboth,"Tustin, CA",466,23:05,7:26,M 40-44/9,M-44,69,23:11,60.98%
80,Kiana Miyamoto,"Buena Park, CA",951,23:07,7:27,F 13-19/5,F-17,11,23:28,65.44%
81,Robert Murray,"Yorba Linda, CA",992,23:07,7:27,M 55-59/4,M-57,70,23:13,67.63%
82,Jose Quezada,"Yorba Linda, CA",1708,23:14,7:29,M 40-44/10,M-40,71,23:14,58.79%
83,Jason Lopez,"Hemet, CA",824,23:16,7:30,M 01-12/1,M-12,72,23:17,63.94%
84,Gavin Burkhart,"Aliso Viejo, CA",210,23:16,7:30,M 01-12/2,M-8,73,23:21,73.19%
85,Juan Carlos De Elena,"Irvine, CA",358,23:18,7:30,M 45-49/4,M-49,74,24:50,62.85%
86,Jonathan Boyd,"San Clemente, CA",1831,23:19,7:31,M 30-34/11,M-34,75,23:30,56.29%
87,Kyle Weatherby,"Hemet, CA",1493,23:19,7:31,M 01-12/3,M-10,76,23:21,67.74%
88,Jorge Duran,"Garden Grove, CA",422,23:23,7:32,M 50-54/2,M-50,77,23:30,63.12%
89,Eric Ang,"Chino Hills, CA",45,23:26,7:33,M 30-34/12,M-30,78,23:52,55.23%
90,Jessica Kozuki,"Costa Mesa, CA",1648,23:28,7:33,F 30-34/2,F-32,12,23:35,63.26%
91,Chan Tan,"Santa Ana, CA",1380,23:31,7:35,F 25-29/1,F-25,13,24:57,62.98%
92,Kevin Mullen,"Huntington Beach, CA",982,23:33,7:35,M 45-49/5,M-46,79,23:39,60.69%
93,Zsolt Kiraly,"Ladera Ranch, CA",726,23:33,7:35,M 40-44/11,M-40,80,23:49,58.00%
94,Joseph Joson,"Arlington, VA",687,23:35,7:36,M 35-39/3,M-36,81,24:03,56.29%
95,Pamela Copley,", ",1799,23:36,7:36,F 13-19/6,F-16,14,23:56,64.88%
96,Nathaniel Bratton,"Fontana, CA",173,23:37,7:36,M 30-34/13,M-34,82,23:50,55.58%
97,Robert Garcia,"Fullerton, CA",1838,23:39,7:37,M 20-24/10,M-24,83,23:40,54.58%
98,Steve Rice,"Beverly Hills, CA",1190,23:41,7:38,M 35-39/4,M-38,84,23:49,56.83%
99,James Wiley,"Redlands, CA",1518,23:41,7:38,M 40-44/12,M-40,85,24:18,57.64%
100,Sarah Bosko,"Anaheim, CA",153,23:42,7:38,F 20-24/2,F-22,15,24:32,62.49%
