Place,Name,Location,Bib,Net Time,Pace,Division/Place,Sex-Age,Sex-Place,Gun Time,Age Grade
1,Eli Rodriguez,"Whittier, CA",649,15:14,4:54,M 25-29/0,M-25,1,15:14,84.96%
2,J Appell,"Huntington Beach, CA",609,15:48,5:06,M 30-34/0,M-32,2,15:48,82.45%
3,Jd Krawczyk,"Westminster, CA",632,16:23,5:17,M 25-29/0,M-25,3,16:23,78.98%
4,Marcelo Rosales,"Northridge, CA",393,18:13,5:52,M 15-19/1,M-15,4,18:14,76.47%
5,Jesse Blomberg,"Santa Ana, CA",52,18:20,5:54,M 25-29/1,M-28,5,18:22,70.43%
6,Jim Bowles,"Yorba Linda, CA",717,18:35,5:59,M 40-44/1,M-42,6,18:37,74.60%
7,Eric Linville,"Mission Viejo, CA",255,18:46,6:03,M 25-29/2,M-25,7,18:52,68.80%
8,John Steed,"Irvine, CA",440,19:13,6:12,M 35-39/1,M-37,8,19:18,69.53%
9,Matt Doss,"Santa Monica, CA",650,19:28,6:16,M 40-44/2,M-44,9,19:30,72.32%
10,Allison Robar,"Newport Beach, CA",706,19:31,6:17,F 40-44/0,F-41,1,19:31,79.28%
11,Sean Oday,"Fullerton, CA",339,19:36,6:19,M 15-19/2,M-15,10,19:40,71.00%
12,Steven Goltra,"Garden Grove, CA",165,19:39,6:20,M 01-14/1,M-14,11,19:41,72.24%
13,Nick Powell,"Huntington Beach, CA",648,19:41,6:20,M 25-29/3,M-28,12,19:43,65.59%
14,James Goltra,"Garden Grove, CA",164,19:41,6:20,M 45-49/1,M-49,13,19:43,74.41%
15,Adam Consuelos,"Anaheim, CA",88,19:41,6:21,M 40-44/3,M-40,14,19:45,69.41%
16,Donato Palma,"Garden Grove, CA",630,19:44,6:21,M 25-29/4,M-28,15,19:52,65.43%
17,Adam Stout,"Newport Beach, CA",712,19:51,6:24,M 25-29/5,M-28,16,19:56,65.04%
18,Kerri Mcclellan,"San Clemente, CA",588,20:02,6:27,F 35-39/0,F-39,2,20:02,76.23%
19,Thomas Albright,"Newport Beach, CA",507,20:03,6:27,M 50-54/1,M-53,17,20:05,75.46%
20,Bryan Tutton,"Costa Mesa, CA",535,20:04,6:28,M 40-44/4,M-40,18,20:08,68.08%
21,Christopher Moore,"Mission Viejo, CA",303,20:10,6:30,M 15-19/3,M-16,19,20:16,67.99%
22,Jack Mayes,"Coto De Caza, CA",275,20:20,6:33,M 40-44/5,M-42,20,20:32,68.17%
23,Bob Murray,"Yorba Linda, CA",627,20:46,6:41,M 50-54/2,M-54,21,20:49,73.41%
24,Charles Graeber,"Santa Ana, CA",170,20:50,6:43,M 30-34/1,M-32,22,20:53,62.45%
25,Flavio Salgueiro,"Tustin, CA",401,20:51,6:43,M 30-34/2,M-34,23,20:56,62.96%
26,Michael Luong,"Santa Ana, CA",261,20:52,6:43,M 40-44/6,M-43,24,20:56,66.99%
27,Meaghan Oday,"Fullerton, CA",337,20:59,6:46,F 15-19/0,F-19,3,20:59,71.05%
28,Paul Vogelsang,"Costa Mesa, CA",610,21:11,6:49,M 50-54/3,M-53,25,21:14,71.42%
29,Cedic Bae,"Irvine, CA",35,21:12,6:50,M 20-24/1,M-24,26,21:29,60.90%
30,Dave Crowell,"Yorba Linda, CA",512,21:17,6:51,M 45-49/2,M-45,27,21:32,66.69%
31,Steve Gosnell,"Shelbyville, IN",169,21:18,6:52,M 45-49/3,M-46,28,21:43,67.11%
32,Reymundo Dominguez,"Santa Ana, CA",115,21:31,6:56,M 45-49/4,M-46,29,21:38,66.43%
33,Larry Herschler,"Anaheim, CA",200,21:34,6:57,M 50-54/4,M-53,30,21:38,70.15%
34,Justtini Aliaga,"Aliso Viejo, CA",17,21:35,6:57,M 25-29/6,M-29,31,21:38,59.89%
35,Paul Goldstein,"San Clemente, CA",163,21:38,6:58,M 40-44/7,M-43,32,21:45,64.61%
36,Alex Fabrizio,"Irvine, CA",703,21:42,6:59,M 15-19/4,M-18,33,22:00,61.49%
37,Laura Martin,"Tustin, CA",270,21:49,7:02,F 40-44/1,F-43,4,21:52,71.94%
38,Donna Myers,"Costa Mesa, CA",316,21:53,7:03,F 35-39/1,F-38,5,21:55,69.28%
39,Derek Malloy,"Cypress, CA",266,21:53,7:03,M 50-54/5,M-51,34,21:58,67.99%
40,Nicole Alai,"Huntington Beach, CA",620,21:57,7:04,F 20-24/1,F-20,6,22:12,67.48%
41,Nate Selim,"Bakersfield, CA",722,22:01,7:05,M 25-29/7,M-28,35,22:13,58.64%
42,Jeff Wright,"Anaheim, CA",803,22:03,7:06,M 45-49/5,M-45,36,22:30,64.37%
43,Grant Gibson,"Torrance, CA",162,22:03,7:06,M 30-34/3,M-31,37,22:07,58.85%
44,Matthew Lewis,"Nuevo, CA",249,22:04,7:06,M 30-34/4,M-32,38,22:14,58.96%
45,Elizabeth Majewski,"Lake Forest, CA",524,22:06,7:07,F 25-29/1,F-29,7,22:18,67.02%
46,Eduardo Rodrigues,"Laguna Niguel, CA",593,22:13,7:09,M 30-34/5,M-32,39,22:15,58.56%
47,Wyatt Morris,"Costa Mesa, CA",306,22:14,7:10,M 50-54/6,M-51,40,22:23,66.92%
48,Erich Kreidler,"Costa Mesa, CA",241,22:15,7:10,M 30-34/6,M-33,41,22:18,58.70%
49,Satoshi Miura,"Lake Forest, CA",601,22:17,7:11,M 40-44/8,M-42,42,22:30,62.20%
50,Wally Shiba,"Torrance, CA",428,22:19,7:11,M 45-49/6,M-47,43,22:25,64.57%
51,Josh Arionus,"Buena Park, CA",30,22:30,7:15,M 25-29/8,M-29,44,22:37,57.45%
52,Brian Crews,"Costa Mesa, CA",94,22:30,7:15,M 35-39/2,M-36,45,22:35,59.01%
53,Peter Martinez,"Orange, CA",273,22:31,7:15,M 35-39/3,M-39,46,22:42,60.22%
54,Adrian Alfonso,"Sherman Oaks, CA",16,22:36,7:17,M 25-29/9,M-27,47,22:47,57.12%
55,Mark Rasic,"Los Angeles, CA",375,22:40,7:18,M 40-44/9,M-40,48,22:50,60.26%
56,Bruce Lindemann,"Costa Mesa, CA",252,22:42,7:19,M 40-44/10,M-42,49,22:49,61.06%
57,Frank Suarez,"Torrance, CA",446,22:51,7:22,M 30-34/7,M-30,50,22:54,56.64%
58,Hilary Haskell,"Orange, CA",519,22:53,7:22,F 15-19/1,F-16,8,22:57,66.91%
59,Domenic Schetter,"Costa Mesa, CA",538,22:57,7:23,M 01-14/2,M-12,51,23:01,64.83%
60,Dennis Wilson,"Santa Ana, CA",491,23:04,7:26,M 50-54/7,M-53,52,23:08,65.58%
61,Kathleen Kat Schultz,"Santa Ana, CA",417,23:06,7:26,F 15-19/2,F-15,9,23:07,67.15%
62,Chris Garza,"Buena Park, CA",582,23:06,7:26,M 25-29/10,M-27,53,23:13,55.88%
63,Tracey Schreiner,"Corona, CA",414,23:18,7:30,F 40-44/2,F-40,10,23:23,65.86%
64,Mariluz Duran,"Whittier, CA",121,23:18,7:30,F 30-34/1,F-33,11,23:23,63.85%
65,Franco Espinosa,"Anaheim, CA",134,23:19,7:31,M 45-49/7,M-45,54,23:22,60.87%
66,Erick Voorhees,"Cardiff By The Sea, CA",592,23:23,7:32,M 25-29/11,M-29,55,23:28,55.28%
67,Jennifer Defrain,"Newport Beach, CA",108,23:24,7:32,F 40-44/3,F-40,12,23:29,65.57%
68,Nyra Wadkins,"Anaheim, CA",481,23:32,7:35,F 35-39/2,F-35,13,23:43,63.57%
69,Kristen Yeager,"Chino Hills, CA",719,23:33,7:35,F 25-29/2,F-26,14,23:48,62.89%
70,Allan Calvo,"Irvine, CA",645,23:34,7:35,M 30-34/8,M-32,56,23:43,55.20%
71,Cody Gonzalez,"Costa Mesa, CA",166,23:34,7:35,M 25-29/12,M-27,57,24:05,54.78%
72,Gregory Henk,"Trabuco Canyon, CA",193,23:34,7:35,M 60-64/1,M-62,58,23:41,69.29%
73,Angela Harding,"Long Beach, CA",664,23:42,7:38,F 30-34/2,F-34,15,23:42,62.91%
74,Jim Collins,"Aliso Viejo, CA",85,23:42,7:38,M 45-49/8,M-48,59,23:45,61.29%
75,Peggy Fort,"Newport Beach, CA",598,23:43,7:38,F 40-44/4,F-43,16,23:46,66.17%
76,Helan Park,"Huntington Beach, CA",615,23:44,7:39,F 35-39/3,F-39,17,23:49,64.23%
77,Victoria Schreiner,"Corona, CA",415,23:46,7:39,F 01-14/1,F-14,18,23:51,66.18%
78,Luis Hernandez,"Orange, CA",195,23:46,7:39,M 30-34/9,M-30,60,24:27,54.46%
79,Leonora Fimbres,"Lake Havasu City, AZ",143,23:46,7:39,F 45-49/1,F-48,19,24:07,69.54%
80,Jack Lamm,"Foothill Ranch, CA",244,23:46,7:39,M 35-39/4,M-36,61,23:58,55.86%
81,Robert Abreu,"Norwalk, CA",581,23:47,7:40,M 40-44/11,M-44,62,23:55,59.19%
82,Jennifer McIntyre,"Galveston, TX",280,23:52,7:41,F 35-39/4,F-37,20,24:01,63.24%
83,Kris Atkins,"Huntington Beach, CA",619,23:56,7:42,M 25-29/13,M-26,63,24:07,53.94%
84,Derrick Ankerstar,"Huntington Beach, CA",25,23:58,7:43,M 25-29/14,M-28,64,24:09,53.86%
85,Debra Kerr,"Laguna Niguel, CA",562,23:59,7:43,F 40-44/5,F-41,21,24:07,64.39%
86,Nicole Seymour,"Huntington Beach, CA",424,24:03,7:45,F 35-39/5,F-37,22,24:18,62.76%
87,Joni Moore,"Mission Viejo, CA",304,24:03,7:45,F 45-49/2,F-49,23,24:09,69.56%
88,Scott Seymour,"Huntington Beach, CA",425,24:03,7:45,M 35-39/5,M-37,65,24:19,55.55%
89,Anna Lauri,"Irvine, CA",564,24:04,7:45,F 30-34/3,F-30,24,24:07,61.54%
90,William English,"Whittier, CA",131,24:15,7:49,M 45-49/9,M-45,66,24:28,58.53%
91,Daniel Cisneros,"Carson, CA",597,24:15,7:49,M 50-54/8,M-52,67,24:35,61.83%
92,Brittanie Starn,"Costa Mesa, CA",439,24:18,7:49,F 20-24/2,F-22,25,24:43,60.95%
93,Joey Alvarez,"Irvine, CA",20,24:19,7:50,M 40-44/12,M-41,68,24:45,56.58%
94,Jill Gibson,"Trabuco Canyon, CA",585,24:25,7:52,F 35-39/6,F-37,26,24:34,61.82%
95,Mario Diaz,"Arleta, CA",718,24:27,7:52,M 60-64/2,M-61,69,24:39,66.23%
96,Stephen Barber,"Laguna Beach, CA",554,24:40,7:57,M 35-39/6,M-37,70,25:47,54.16%
97,Bob Foyle,"Orange, CA",621,24:41,7:57,M 40-44/13,M-43,71,24:59,56.58%
98,Hugh Haiker,"Huntington Beach, CA",561,24:42,7:57,M 40-44/14,M-40,72,24:59,55.30%
99,Bryan Kao,"Los Angeles, CA",226,24:44,7:58,M 30-34/10,M-31,73,25:06,52.46%
100,Tony Wang,"Newport Beach, CA",483,24:44,7:58,M 30-34/11,M-30,74,25:06,52.33%
101,Gina Sherman,"Lake Havasu City, AZ",533,24:52,8:01,F 40-44/6,F-43,27,25:13,63.11%
102,David Ezra,"North Tustin, CA",137,24:53,8:01,M 45-49/10,M-45,75,25:00,57.04%
103,Jeff Silverstein,"Irvine, CA",715,24:58,8:02,M 50-54/9,M-50,76,25:08,59.12%
104,Jr De La Torre,"Newport Beach, CA",103,24:58,8:03,M 15-19/5,M-19,77,25:45,52.84%
105,Sara Schroer,"Laguna Niguel, CA",416,25:01,8:03,F 30-34/4,F-34,28,25:27,59.60%
106,Jose Antonio Flores,"Costa Mesa, CA",146,25:01,8:04,M 30-34/12,M-31,78,25:15,51.87%
107,Christopher Hall,"Las Vegas, NV",185,25:01,8:04,M 30-34/13,M-32,79,25:09,52.00%
108,Jessica Langenhan,"Costa Mesa, CA",246,25:05,8:05,F 30-34/5,F-30,29,25:20,59.04%
109,Terry Lowry,"Huntington Beach, CA",259,25:06,8:05,M 50-54/10,M-53,80,25:24,60.27%
110,Thomas Erikson,"San Juan Capistrano, CA",133,25:07,8:05,M 50-54/11,M-51,81,25:51,59.23%
111,Brad Martin,"Santa Ana, CA",269,25:08,8:06,M 30-34/14,M-31,82,25:18,51.59%
112,Paul Hernandez,"Santa Ana, CA",198,25:10,8:06,M 50-54/12,M-52,83,25:12,59.58%
113,Breezy Welch,"Orange, CA",486,25:10,8:07,F 30-34/6,F-31,30,25:21,58.91%
114,Brian Jacobs,"Newport Beach, CA",220,25:12,8:07,M 35-39/7,M-36,84,25:14,52.68%
115,Samuel Mora,"Yorba Linda, CA",628,25:12,8:07,M 55-59/1,M-57,85,25:22,62.08%
116,Rick Benzinger,"Costa Mesa, CA",508,25:13,8:07,M 55-59/2,M-57,86,25:34,62.04%
117,Melisa Nelson,"Anaheim, CA",322,25:13,8:07,F 25-29/3,F-28,31,25:25,58.73%
118,Maria Marquez,"Anaheim, CA",268,25:13,8:07,F 30-34/7,F-32,32,25:21,58.86%
119,Alisha Gammalo,"Anaheim, CA",155,25:16,8:08,F 35-39/7,F-38,33,25:27,60.00%
120,Julia Hearn,"Irvine, CA",189,25:23,8:11,F 30-34/8,F-34,34,25:30,58.74%
121,Justin Araki,"Costa Mesa, CA",27,25:25,8:11,M 25-29/15,M-25,87,25:27,50.79%
122,Adam Sanchez,"Huntington Beach, CA",402,25:26,8:12,M 40-44/15,M-44,88,25:39,55.34%
123,Christina Couch,"Costa Mesa, CA",92,25:26,8:12,F 30-34/9,F-30,35,26:36,58.23%
124,Phaedra Arellano,"Huntington Beach, CA",28,25:27,8:12,F 40-44/7,F-40,36,26:36,60.29%
125,Sean Walsh,", CA",614,25:27,8:12,M 40-44/16,M-43,89,25:35,54.91%
126,Matthew Dean,"Costa Mesa, CA",106,25:28,8:12,M 30-34/15,M-32,90,25:55,51.08%
127,Dave Frazier,"Irvine, CA",558,25:30,8:13,M 25-29/16,M-25,91,25:34,50.62%
128,Rachel Johnson,"Laguna Woods, CA",521,25:32,8:14,F 30-34/10,F-31,37,25:54,58.07%
129,Heather Heath,"Los Angeles, CA",639,25:41,8:16,F 25-29/4,F-29,38,25:55,57.66%
130,Yolanda Mendez,"Yorba Linda, CA",287,25:44,8:17,F 35-39/8,F-36,39,25:56,58.39%
131,Nicole Leblanc,"Costa Mesa, CA",523,25:51,8:19,F 30-34/11,F-33,40,25:58,57.55%
132,Rob Ure,"Aliso Viejo, CA",470,25:51,8:20,M 45-49/11,M-45,92,25:55,54.90%
133,Mona-Lisa Chavarria,"Garden Grove, CA",75,25:52,8:20,F 30-34/12,F-34,41,26:34,57.64%
134,Xiaochao Guan,"San Francisco, CA",177,25:55,8:21,M 20-24/2,M-22,93,26:53,49.81%
135,Joe Pooler,"Anaheim, CA",361,25:56,8:21,M 40-44/17,M-41,94,26:04,53.05%
136,Edward Nichols,"Tustin, CA",332,25:56,8:21,M 45-49/12,M-46,95,26:17,55.11%
137,Robert Austin,"Aliso Viejo, CA",33,25:57,8:22,M 35-39/8,M-36,96,26:59,51.16%
138,Ryan Oldfield,"Fullerton, CA",341,26:03,8:23,M 25-29/17,M-27,97,26:28,49.55%
139,Cathy Brokaw,"Huntington Beach, CA",631,26:05,8:24,F 50-54/1,F-51,42,26:15,65.73%
140,Ryan Pacheco,"Grand Terrace, CA",528,26:06,8:24,M 25-29/18,M-27,98,26:13,49.46%
141,David Lacy,"Irvine, CA",243,26:11,8:26,M 20-24/3,M-24,99,27:07,49.30%
142,Curt Girod,"Newport Beach, CA",626,26:11,8:26,M 50-54/13,M-53,100,26:22,57.77%
143,Adam Saenz,"Chino Hills, CA",399,26:12,8:26,M 30-34/16,M-33,101,26:25,49.84%
144,Mike Rasic,"La Crescenta, CA",376,26:12,8:26,M 40-44/18,M-43,102,26:22,53.34%
145,Ryan Dean,"Ladera Ranch, CA",107,26:15,8:27,M 25-29/19,M-27,103,26:53,49.17%
146,Debbie Saenz,"Chino Hills, CA",400,26:16,8:27,F 25-29/5,F-29,43,26:29,56.38%
147,Anh Ly,"Huntington Beach, CA",721,26:17,8:28,F 30-34/13,F-33,44,26:29,56.60%
148,Joshua Honikel,"Corona, CA",210,26:17,8:28,M 01-14/3,M-13,104,26:34,55.20%
149,Gavy Broyles,"Oakhurst, CA",578,26:17,8:28,F 35-39/9,F-37,45,26:25,57.39%
150,Morgan Tookey,"San Pedro, CA",613,26:18,8:28,M 45-49/13,M-47,105,26:41,54.79%
151,Jon Miller,"Irvine, CA",297,26:20,8:29,M 45-49/14,M-45,106,26:25,53.89%
152,Alyssa Thenard,"Fullerton, CA",457,26:21,8:29,F 20-24/3,F-22,46,26:33,56.20%
153,Lea Horan,"Riverside, CA",212,26:21,8:29,F 30-34/14,F-30,47,26:27,56.20%
154,Kelly Young,"Costa Mesa, CA",500,26:23,8:30,F 25-29/6,F-27,48,26:28,56.13%
155,Alejandro Ruiz Iii,"Carson, CA",397,26:24,8:30,M 25-29/20,M-25,107,26:42,48.89%
156,Robert Churney,", CA",641,26:26,8:31,M 25-29/21,M-26,108,26:29,48.83%
157,Wayne Newman,"Fullerton, CA",328,26:29,8:32,M 50-54/14,M-54,109,26:44,57.56%
158,Nathan Halprin,"Irvine, CA",186,26:32,8:33,M 60-64/3,M-60,110,26:39,60.47%
159,Nicholas Roach,"Santa Ana, CA",575,26:37,8:34,M 30-34/17,M-34,111,27:20,49.31%
160,Norm Dias,"Costa Mesa, CA",514,26:41,8:36,M 50-54/15,M-54,112,26:47,57.13%
161,Ronald Luque,"La Mirada, CA",262,26:41,8:36,M 40-44/19,M-43,113,26:55,52.38%
162,Ramil Delos Santos,"Orange, CA",110,26:54,8:40,M 40-44/20,M-41,114,27:21,51.15%
163,Chris Sharpe,"Irvine, CA",714,26:54,8:40,M 50-54/16,M-51,115,27:04,55.30%
164,Patricia English,"Whittier, CA",130,26:55,8:40,F 45-49/3,F-45,49,27:07,59.36%
165,Matt Baxter,"Costa Mesa, CA",540,26:57,8:41,M 30-34/18,M-32,116,27:14,48.27%
166,Lee Lowe,"Newhall, CA",256,27:00,8:42,M 25-29/22,M-28,117,27:05,47.81%
167,Brent Pacheco,"Irvine, CA",720,27:04,8:43,M 25-29/23,M-25,118,27:12,47.69%
168,Doug Keeney,"Corona, CA",229,27:06,8:44,M 40-44/21,M-41,119,27:11,50.77%
169,Danny Schapker,"Santa Ana, CA",655,27:09,8:45,M 25-29/24,M-29,120,28:16,47.60%
170,Kyung Kim,"Santa Ana, CA",654,27:09,8:45,F 30-34/15,F-32,50,28:16,54.67%
171,Megan Dias,"Newport Beach, CA",513,27:10,8:45,F 20-24/4,F-23,51,27:16,54.51%
172,Lawrence Shelton,"Riverside, CA",427,27:11,8:45,M 45-49/15,M-48,121,27:41,53.44%
173,Lauren Freeland,"Costa Mesa, CA",634,27:12,8:46,F 15-19/3,F-19,52,27:34,54.63%
174,Roland Ferranco,"Foothill Ranch, CA",138,27:17,8:47,M 35-39/9,M-36,122,27:36,48.66%
175,Richard June,"Stanton, CA",224,27:19,8:48,M 60-64/4,M-64,123,27:27,60.87%
176,Viviana Ramirez,"Garden Grove, CA",732,27:22,8:49,F 15-19/4,F-17,53,28:26,55.27%
177,Richard Toms,"San Marcos, CA",463,27:23,8:49,M 40-44/22,M-44,124,27:32,51.40%
178,Nathan Toms,"San Marcos, CA",462,27:23,8:49,M 01-14/4,M-11,125,27:32,55.91%
179,Heather Bleecker,"Long Beach, CA",801,27:31,8:52,F 25-29/7,F-26,54,27:45,53.82%
180,Martin Nguyen,"Anaheim, CA",330,27:34,8:53,M 20-24/4,M-21,126,27:34,47.01%
181,Robert Baizer,"Del Mar, CA",36,27:38,8:54,M 45-49/16,M-45,127,27:48,51.36%
182,Max Foyle,"Orange, CA",622,27:39,8:54,M 01-14/5,M-14,128,27:55,51.33%
183,John Sidebottom,"Huntington Beach, CA",570,27:40,8:55,M 35-39/10,M-39,129,27:57,49.01%
184,Jennifer Lamkins,"Long Beach, CA",522,27:41,8:55,F 45-49/4,F-47,55,28:07,58.98%
185,Angela Dutchen,"Fullerton, CA",122,27:42,8:55,F 30-34/16,F-31,56,27:46,53.52%
186,Tamara Rather,"Costa Mesa, CA",377,27:47,8:57,F 25-29/8,F-25,57,28:24,53.30%
187,Tennille Rather,"Costa Mesa, CA",378,27:47,8:57,F 25-29/9,F-27,58,28:24,53.30%
188,Anthony Ngo,"Chino Hills, CA",329,27:56,9:00,M 25-29/25,M-29,130,27:59,46.27%
189,Brooke Taylor,"Lake Forest, CA",453,27:58,9:01,F 25-29/10,F-29,59,28:11,52.95%
190,Tim Hardy,"Aliso Viejo, CA",187,27:59,9:01,M 30-34/19,M-31,131,28:14,46.36%
191,Erika Smith,"Colton, CA",617,28:03,9:02,F 20-24/5,F-22,60,28:27,52.79%
192,Joyce Wu,"Irvine, CA",495,28:03,9:02,F 20-24/6,F-23,61,29:00,52.79%
193,Holly Thach,"Foothill Ranch, CA",456,28:06,9:03,F 35-39/10,F-35,62,28:27,53.23%
194,Namtran Nguyen,"Fountain Valley, CA",331,28:06,9:03,F 25-29/11,F-25,63,28:19,52.70%
195,Karla De La Cruz,"Aliso Viejo, CA",102,28:18,9:07,F 30-34/17,F-32,64,28:27,52.45%
196,Russ Varner,"Laguna Niguel, CA",476,28:21,9:08,M 45-49/17,M-45,132,28:26,50.06%
197,Ashli Hy,"Lake Forest, CA",216,28:23,9:08,F 30-34/18,F-30,65,28:40,52.17%
198,Steven Brown,"Orange, CA",60,28:23,9:08,M 20-24/5,M-23,133,28:45,45.48%
199,Mary Brassea,"Costa Mesa, CA",509,28:23,9:08,F 40-44/8,F-41,66,28:31,54.41%
200,Monica Flores,"Santa Ana, CA",550,28:27,9:10,F 25-29/12,F-28,67,28:40,52.05%
201,Jon McKenzie,"Tustin, CA",281,28:33,9:12,M 50-54/17,M-53,134,28:55,52.98%
202,Kathryn O'Brien,"San Gabriel, CA",336,28:35,9:12,F 35-39/11,F-37,68,28:49,52.80%
203,Susie Laio,"Seal Beach, CA",576,28:35,9:12,F 55-59/1,F-56,69,28:42,64.00%
204,Joyel Sandoval,"Costa Mesa, CA",405,28:37,9:13,F 30-34/19,F-33,70,29:05,51.98%
205,Cara Malolepsy,"Placentia, CA",595,28:46,9:16,F 25-29/13,F-26,71,29:53,51.48%
206,Maureen Collins,"Long Beach, CA",708,28:46,9:16,F 35-39/12,F-36,72,28:58,52.23%
207,Kim Pooler,"Anaheim, CA",362,28:48,9:17,F 30-34/20,F-34,73,28:57,51.77%
208,Glenn Kang,"Tustin, CA",705,28:50,9:17,M 40-44/23,M-40,135,28:54,47.37%
209,Nicole Meek,"Garden Grove, CA",282,28:51,9:18,F 40-44/9,F-40,74,29:08,53.18%
210,Kristen Miofsky,"Anaheim, CA",299,28:55,9:19,F 25-29/14,F-26,75,29:20,51.21%
211,Lee Babbitt,"Hawthorne, CA",34,28:55,9:19,M 45-49/18,M-46,136,29:51,49.42%
212,Lisa Noceti,"San Pedro, CA",334,28:59,9:20,F 30-34/21,F-31,76,29:24,51.15%
213,Peter Chung,"Costa Mesa, CA",704,28:59,9:20,M 40-44/24,M-40,137,29:04,47.12%
214,Sara Yi,"Irvine, CA",499,28:59,9:20,F 20-24/7,F-22,77,29:04,51.09%
215,Fernando Garcia,"Norwalk, CA",157,29:00,9:20,M 50-54/18,M-51,138,29:55,51.29%
216,David Quach,"Westminster, CA",368,29:01,9:21,M 30-34/20,M-31,139,29:28,44.71%
217,Robyn Howell,"Newport Beach, CA",214,29:01,9:21,F 25-29/15,F-28,78,29:07,51.03%
218,Mike Russell,"Long Beach, CA",398,29:02,9:21,M 40-44/25,M-40,140,29:34,47.04%
219,Michael Ha,"Foothill Ranch, CA",183,29:02,9:21,M 45-49/19,M-49,141,30:05,50.43%
220,Amy Tran,"Garden Grove, CA",465,29:04,9:22,F 30-34/22,F-31,79,29:31,51.00%
221,Norm Edmond,"La Mirada, CA",125,29:06,9:22,M 40-44/26,M-41,142,29:21,47.28%
222,Lachelle Manzano,"Huntington Beach, CA",267,29:06,9:22,F 25-29/16,F-27,80,29:28,50.89%
223,Aubrey Guest,"Huntington Beach, CA",178,29:10,9:24,F 25-29/17,F-26,81,29:12,50.77%
224,Jennifer Sais,"Chino Hills, CA",599,29:11,9:24,F 25-29/18,F-28,82,29:35,50.74%
225,Paulina Valdez,"La Verne, CA",602,29:12,9:24,F 25-29/19,F-26,83,29:40,50.71%
226,Lori Carraway,"Tustin, CA",67,29:13,9:24,F 40-44/10,F-41,84,29:32,52.85%
227,Karla Austin,"Aliso Viejo, CA",32,29:13,9:24,F 35-39/13,F-36,85,30:14,51.43%
228,Crystal Hinds,"Ontario, CA",203,29:14,9:25,F 25-29/20,F-29,86,29:32,50.66%
229,Guerin L Butterworth,"Torrance, CA",63,29:15,9:25,F 50-54/2,F-53,87,29:31,60.15%
230,Kelly Flannery,"Whittier, CA",606,29:20,9:27,F 45-49/5,F-49,88,29:40,57.02%
231,Stephanie Zierke,"Mission Viejo, CA",506,29:20,9:27,F 25-29/21,F-28,89,29:49,50.48%
232,Connor Andersen,"Huntington Beach, CA",21,29:24,9:28,M 15-19/6,M-16,143,29:34,46.63%
233,Bassam Khan,"La Canada, CA",231,29:25,9:29,M 25-29/26,M-26,144,30:25,43.88%
234,Jordan Seper,"Corona, CA",423,29:27,9:29,F 45-49/6,F-46,90,29:50,54.81%
235,Brooke Schwartz,"Huntington Beach, CA",419,29:32,9:31,F 25-29/22,F-29,91,30:31,50.14%
236,Lauri Preedge,"Newport Beach, CA",365,29:36,9:32,F 40-44/11,F-42,92,29:57,52.56%
237,Kevin Kraack,"Yorba Linda, CA",239,29:44,9:35,M 35-39/11,M-38,145,30:37,45.26%
238,Sharan Dhanjal,"Trabuco Canyon, CA",713,29:47,9:35,F 30-34/23,F-33,93,30:08,49.94%
239,Sharon Gustaves,"Long Beach, CA",181,29:47,9:36,F 45-49/7,F-49,94,29:59,56.16%
240,Mason Haneline,"Tustin, CA",594,29:48,9:36,M 30-34/21,M-31,146,30:55,43.54%
241,Teresa Woolvett,"Long Beach, CA",493,29:54,9:38,F 40-44/12,F-42,95,30:06,52.04%
242,Kristi Fiskum,"Foothill Ranch, CA",145,30:04,9:41,F 35-39/14,F-37,96,30:10,50.19%
243,Carl Fabrizio Jr,"Irvine, CA",702,30:05,9:41,M 45-49/20,M-45,147,30:39,47.17%
244,Alexa Zabatfran,"Mission Viejo, CA",725,30:07,9:42,F 20-24/8,F-23,97,30:16,49.17%
245,Alejandro Angulo,"Irvine, CA",24,30:08,9:42,M 30-34/22,M-34,148,30:12,43.55%
246,Nikki Brown,"Costa Mesa, CA",59,30:18,9:46,F 30-34/24,F-32,98,30:45,48.98%
247,Julie Copenhaver,"Newport Beach, CA",557,30:18,9:46,F 20-24/9,F-24,99,30:45,48.87%
248,Veronica Hussar,"Mission Viejo, CA",215,30:18,9:46,F 40-44/13,F-41,100,30:46,50.96%
249,Kevin Obillo,"Irvine, CA",567,30:20,9:46,M 35-39/12,M-39,149,31:23,44.69%
250,Jolene Hicks,"Stanton, CA",201,30:20,9:46,F 40-44/14,F-42,101,30:39,51.29%
251,Steve Barry,"Santa Ana, CA",43,30:23,9:47,M 25-29/27,M-26,150,30:49,42.48%
252,Trina Limon,"Costa Mesa, CA",250,30:29,9:49,F 30-34/25,F-33,102,31:22,48.80%
253,Kendall Kraiss,"Huntington Beach, CA",240,30:29,9:49,F 15-19/5,F-18,103,30:41,49.12%
254,Robert Smith,"Santa Ana, CA",433,30:30,9:49,M 35-39/13,M-35,151,31:19,43.25%
255,Jason Howard,"Huntington Beach, CA",213,30:31,9:50,M 30-34/23,M-33,152,31:34,42.79%
256,Mike Cue,"Huntington Beach, CA",96,30:34,9:50,M 60-64/5,M-63,153,31:08,53.90%
257,Francois Posbic,"Orange, CA",363,30:34,9:51,M 50-54/19,M-53,154,31:14,49.48%
258,Jim Alesio,"Irvine, CA",15,30:35,9:51,M 50-54/20,M-51,155,30:56,48.64%
259,Larry Brown,"Huntington Beach, CA",58,30:35,9:51,M 45-49/21,M-48,156,30:39,47.49%
260,Elizabeth Ellison,"Brea, CA",129,30:35,9:51,F 35-39/15,F-38,104,31:00,49.56%
261,Kim Hodson,"Huntington Beach, CA",208,30:39,9:52,F 35-39/16,F-39,105,30:45,49.73%
262,Noemi Navarro,"Irvine, CA",320,30:43,9:54,F 35-39/17,F-37,106,31:05,49.13%
263,Kent Sandie,"Orange, CA",404,30:44,9:54,M 45-49/22,M-47,157,30:48,46.88%
264,Torrie Clontz,"Fullerton, CA",638,30:47,9:55,F 20-24/10,F-20,107,31:12,48.10%
265,Teri Henderson,"Santa Ana, CA",192,30:51,9:56,F 50-54/3,F-50,108,31:10,54.86%
266,Kathy Karaan,"Chino, CA",227,30:55,9:57,F 25-29/23,F-29,109,31:11,47.90%
267,Cristina Marchand,"Irvine, CA",591,30:55,9:57,F 20-24/11,F-24,110,31:24,47.90%
268,Christine Aurea,"Long Beach, CA",646,30:56,9:58,F 30-34/26,F-31,111,31:22,47.92%
269,Regina Diaz,"Costa Mesa, CA",515,30:57,9:58,F 30-34/27,F-30,112,31:27,47.84%
270,Gayle Jennings,"Costa Mesa, CA",222,31:05,10:01,F 50-54/4,F-50,113,31:05,54.42%
271,Nora Fragoso,"Downey, CA",150,31:10,10:02,F 30-34/28,F-31,114,31:43,47.57%
272,Danielle Daly,"Chino Hills, CA",98,31:10,10:02,F 25-29/24,F-25,115,31:26,47.51%
273,Tony Martin,"Long Beach, CA",271,31:13,10:03,M 30-34/24,M-33,158,31:43,41.83%
274,Sharon Montgomery,"Huntington Beach, CA",302,31:13,10:03,F 40-44/15,F-44,116,31:33,50.69%
275,Alice Stotler,"Yorba Linda, CA",444,31:14,10:03,F 65-69/1,F-67,117,32:17,68.77%
276,Jennifer Pacheco,"Grand Terrace, CA",527,31:14,10:03,F 25-29/25,F-25,118,31:21,47.41%
277,Linda Tran,"Chino Hills, CA",467,31:16,10:04,F 25-29/26,F-29,119,31:18,47.36%
278,Michael Olson,"Newport Beach, CA",346,31:17,10:04,M 15-19/7,M-19,159,31:58,42.16%
279,Ann Tack,"Huntington Beach, CA",447,31:20,10:05,F 65-69/2,F-65,120,31:26,66.47%
280,Dawnette Lowry,"Huntington Beach, CA",257,31:30,10:09,F 50-54/5,F-53,121,31:48,55.85%
281,Ben Cardenas,"Costa Mesa, CA",66,31:36,10:11,M 25-29/28,M-28,160,32:15,40.84%
282,Ryan Andersen,"Huntington Beach, CA",22,31:40,10:12,M 35-39/14,M-35,161,31:49,41.65%
283,Audrey Udelhofen,"Costa Mesa, CA",469,31:41,10:12,F 25-29/27,F-28,122,32:27,46.74%
284,Dave Green,"Irvine, CA",173,31:48,10:14,M 35-39/15,M-35,162,32:42,41.48%
285,Pierre Cinar,"Tustin, CA",79,31:48,10:14,M 35-39/16,M-39,163,32:16,42.63%
286,Gaynor Muller,"Brea, CA",310,31:51,10:15,F 30-34/29,F-32,123,32:11,46.60%
287,Anel Kruger,"Brea, CA",242,31:51,10:15,F 30-34/30,F-31,124,32:11,46.54%
288,Bellinda Erikson,"San Juan Capistrano, CA",132,31:53,10:16,F 35-39/18,F-38,125,32:35,47.54%
289,Robert Valle,"Orange, CA",471,31:53,10:16,M 50-54/21,M-51,164,32:35,46.65%
290,Ann Barrera,"Brea, CA",644,31:53,10:16,F 40-44/16,F-43,126,32:17,49.22%
291,Joann Delaossa,"Diamond Bar, CA",109,31:54,10:16,F 40-44/17,F-43,127,32:17,49.19%
292,Tara Petrina,"Laguna Beach, CA",724,31:54,10:16,F 35-39/19,F-37,128,32:52,47.31%
293,Ej Linehan,"Sherman Oaks, CA",253,32:00,10:18,M 25-29/29,M-27,165,32:11,40.33%
294,Rich Fletcher,"Huntington Beach, CA",541,32:06,10:20,M 30-34/25,M-34,166,32:19,40.88%
295,John Donahue,"Costa Mesa, CA",116,32:13,10:22,M 50-54/22,M-50,167,32:18,45.81%
296,Connie Valles,"Costa Mesa, CA",473,32:15,10:23,F 35-39/20,F-36,129,32:43,46.59%
297,Michelle Aguilar,"Costa Mesa, CA",13,32:15,10:23,F 40-44/18,F-43,130,32:43,48.66%
298,Gretchen Fletcher,"Huntington Beach, CA",542,32:18,10:24,F 30-34/31,F-34,131,32:31,46.15%
299,Tonya Petrina,"Fullerton, CA",647,32:26,10:27,F 35-39/21,F-38,132,33:22,46.74%
300,Felix Yanuaria,"Anaheim, CA",497,32:27,10:27,M 01-14/6,M-13,168,32:36,44.71%
301,Kelly Gregory,"Costa Mesa, CA",176,32:29,10:28,F 30-34/32,F-33,133,32:36,45.79%
302,Vinay Nichani,"Irvine, CA",633,32:29,10:28,M 30-34/26,M-30,169,32:49,39.84%
303,Elizabeth Holder,"Irvine, CA",209,32:29,10:28,F 30-34/33,F-34,134,32:36,45.89%
304,Danny Nguyen,"Aliso Viejo, CA",711,32:35,10:30,M 30-34/27,M-33,170,32:44,40.07%
305,Kerri Mits,"Costa Mesa, CA",300,32:43,10:32,F 40-44/19,F-43,135,33:09,47.96%
306,Traci Linehan,"Costa Mesa, CA",254,32:44,10:32,F 25-29/28,F-25,136,33:24,45.24%
307,Linda Schaefer,"Fountain Valley, CA",407,32:44,10:33,F 30-34/34,F-34,137,32:59,45.54%
308,Jennifer Gonzalez,"Orange, CA",167,32:45,10:33,F 25-29/29,F-28,138,33:00,45.21%
309,John Hammonds,"Huntington Beach, CA",623,32:49,10:34,M 55-59/3,M-59,171,33:35,48.48%
310,Jerry Mero,"Santa Ana, CA",290,32:51,10:35,M 55-59/4,M-57,172,32:59,47.61%
311,Mary Mundi,"Anaheim, CA",311,32:52,10:35,F 40-44/20,F-42,139,33:17,47.34%
312,Corina Ramirez,"Irvine, CA",568,32:58,10:37,F 15-19/6,F-16,140,34:01,46.43%
313,Andria Chatfield,"Orange, CA",74,32:59,10:37,F 25-29/30,F-27,141,33:40,44.89%
314,Shireen Haffajee,"Costa Mesa, CA",184,33:02,10:38,F 40-44/21,F-40,142,33:42,46.44%
315,Brian Mendoza,"Carson, CA",525,33:05,10:39,M 25-29/30,M-28,173,33:20,39.01%
316,Amy Fukushima,"San Luis Obispo, CA",154,33:12,10:42,F 35-39/22,F-37,143,33:38,45.45%
317,Kelsie Anderson,"Costa Mesa, CA",23,33:15,10:42,F 25-29/31,F-27,144,33:46,44.53%
318,Bernadette Power,"Orange, CA",723,33:17,10:43,F 40-44/22,F-44,145,33:36,47.55%
319,Norma Kacoullas,"Fountain Valley, CA",225,33:19,10:44,F 40-44/23,F-44,146,34:08,47.50%
320,Kimberly Park,"Santa Ana, CA",351,33:21,10:44,F 30-34/35,F-30,147,33:34,44.40%
321,Miles Mits,"Costa Mesa, CA",301,33:24,10:45,M 40-44/27,M-44,174,33:50,42.14%
322,Jennifer Lewis,"Nuevo, CA",248,33:29,10:47,F 30-34/36,F-31,148,33:58,44.27%
323,Michelle Honikel,"Corona, CA",211,33:34,10:49,F 40-44/24,F-40,149,33:54,45.70%
324,Michelle Philo,"Fullerton, CA",529,33:39,10:50,F 25-29/32,F-29,150,34:00,44.00%
325,Derek Diener,"Stanton, CA",113,33:43,10:51,M 25-29/31,M-28,175,34:01,38.28%
326,Keng Phy,"Stanton, CA",571,33:44,10:52,M 25-29/32,M-28,176,34:00,38.26%
327,Kathy Cabrera,"Irvine, CA",64,33:46,10:53,F 35-39/23,F-35,151,34:21,44.30%
328,Lisa Abaid,"Laguna Beach, CA",553,33:53,10:55,F 35-39/24,F-35,152,35:00,44.14%
329,Patrick Barker,"Newport Beach, CA",41,33:59,10:57,M 40-44/28,M-41,177,34:44,40.48%
330,Karina Mayorga,"Aliso Viejo, CA",276,34:03,10:58,F 25-29/33,F-28,153,34:35,43.49%
331,Mark Osterstock,"Ladera Ranch, CA",348,34:10,11:00,M 55-59/5,M-57,178,34:18,45.78%
332,Hayward Cheesebourough,"Trabuco Canyon, CA",77,34:13,11:01,M 45-49/23,M-49,179,34:25,42.79%
333,Stephanie Wright,"Newport Beach, CA",494,34:23,11:04,F 25-29/34,F-25,154,35:03,43.06%
334,Ray Tseng,"Irvine, CA",468,34:27,11:06,M 30-34/28,M-31,180,34:49,37.66%
335,Daniel Drewnowski,"Laguna Beach, CA",118,34:31,11:07,M 50-54/23,M-54,181,35:31,44.15%
336,Jibit Cinar,"Tustin, CA",78,34:33,11:08,F 30-34/37,F-31,155,34:59,42.91%
337,Renee Link,"Fountain Valley, CA",659,34:35,11:08,F 30-34/38,F-30,156,35:34,42.82%
338,Brian Scott,"Wildomar, CA",420,34:35,11:08,M 25-29/33,M-27,182,35:38,37.32%
339,Robert Scott,"Norco, CA",421,34:36,11:08,M 55-59/6,M-58,183,35:38,45.59%
340,Katie Sanders,"Trabuco Canyon, CA",403,34:38,11:09,F 01-14/2,F-8,157,35:04,52.34%
341,Carolyn Miller,"Fountain Valley, CA",293,34:44,11:11,F 45-49/8,F-48,158,35:00,47.58%
342,Sandy Oday,"Fullerton, CA",338,34:46,11:12,F 45-49/9,F-47,159,35:09,46.95%
343,Steve Tillery,"Westminster, CA",461,34:52,11:14,M 40-44/29,M-40,184,35:22,39.17%
344,Lissa Posbic,"Orange, CA",364,34:58,11:16,F 45-49/10,F-49,160,35:38,47.83%
345,Emily Graham,"Santa Ana, CA",559,35:05,11:18,F 15-19/7,F-15,161,35:21,44.20%
346,Janet Filsinger,"Huntington Beach, CA",141,35:08,11:19,F 50-54/6,F-50,162,35:21,48.17%
347,Diane Borrelli,"Garden Grove, CA",53,35:08,11:19,F 50-54/7,F-51,163,35:19,48.79%
348,Tom Selim,"Bakersfield, CA",543,35:09,11:19,M 65-69/1,M-65,185,35:36,47.72%
349,Olaf Zondervan,"Aliso Viejo, CA",651,35:10,11:20,M 45-49/24,M-48,186,36:10,41.30%
350,Steve Craig,"Laguna Beach, CA",511,35:17,11:22,M 50-54/24,M-54,187,36:17,43.19%
351,L Giselle Makin,"Huntington Beach, CA",265,35:20,11:23,F 35-39/25,F-35,164,35:31,42.33%
352,Dale Conjurski,"Brea, CA",87,35:28,11:25,M 50-54/25,M-51,188,35:45,41.94%
353,Brittany Valles,"Newport Beach, CA",472,35:29,11:26,F 20-24/12,F-22,165,36:11,41.73%
354,Sue Ervin,"San Juan Capistrano, CA",716,35:32,11:26,F 50-54/8,F-51,166,35:47,48.24%
355,Gingi Polo,"Rubidoux, CA",360,35:51,11:33,F 35-39/26,F-39,167,36:20,42.51%
356,Chris Stanley,"Fullerton, CA",653,35:54,11:34,M 35-39/17,M-36,189,36:39,36.97%
357,Barbara Ezra,"North Tustin, CA",136,35:58,11:35,F 40-44/25,F-41,168,36:05,42.93%
358,Carol Neves,"La Verne, CA",323,36:00,11:35,F 50-54/9,F-51,169,36:36,47.61%
359,Chris Buckley,"La Verne, CA",583,36:00,11:36,M 15-19/8,M-19,190,36:36,36.64%
360,Kelley Martinez,"Orange, CA",272,36:02,11:36,F 30-34/39,F-34,170,36:30,41.37%
361,Catherine Magno,"Chino, CA",643,36:08,11:38,F 30-34/40,F-30,171,36:32,40.98%
362,Denim Mercado,"Huntington Beach, CA",288,36:10,11:39,F 30-34/41,F-33,172,37:02,41.12%
363,Lise Slack,"Costa Mesa, CA",432,36:12,11:39,F 45-49/11,F-47,173,36:26,45.09%
364,Melanie Donegan,"Stanton, CA",549,36:16,11:41,F 50-54/10,F-51,174,37:35,47.26%
365,Monica Hernandez,"Tustin, CA",196,36:19,11:42,F 50-54/11,F-51,175,36:58,47.20%
366,Lisa Aguirre,"Orange, CA",14,36:20,11:42,F 30-34/42,F-34,176,36:58,41.03%
367,Phil Dantes,"Huntington Beach, CA",100,36:27,11:44,M 25-29/34,M-28,191,36:47,35.41%
368,Miriam Pina,"Santa Ana, CA",663,36:28,11:45,F 15-19/8,F-16,177,37:33,41.98%
369,Savahna Malatesta,"Anaheim, CA",566,36:30,11:45,F 15-19/9,F-15,178,36:48,42.49%
370,Nancy Chan,"La Mirada, CA",69,36:32,11:46,F 30-34/43,F-34,179,36:50,40.80%
371,Caitlin Dunham,"Santa Ana, CA",119,36:35,11:47,F 15-19/10,F-19,180,37:04,40.61%
372,Cristy Rae Clark,"Laguna Niguel, CA",81,36:36,11:47,F 30-34/44,F-31,181,36:55,40.50%
373,Jon Nakano,"Irvine, CA",318,36:39,11:48,M 30-34/29,M-30,192,37:27,35.30%
374,Ricki Vester,"Placentia, CA",709,36:48,11:51,F 55-59/2,F-56,182,37:29,49.71%
375,Sonia Fay,"Yorba Linda, CA",710,36:48,11:51,F 50-54/12,F-53,183,37:30,47.80%
376,Rolondo De La Torre,"Newport Beach, CA",105,36:48,11:51,M 15-19/9,M-19,193,37:32,35.84%
377,Barbara Rollins-Thomas,"Huntington Beach, CA",389,36:52,11:52,F 55-59/3,F-59,184,36:58,51.70%
378,Eiisa Carletti,"Irvine, CA",603,37:03,11:56,F 35-39/27,F-38,185,37:31,40.91%
379,Cari Eisele,"Fountain Valley, CA",126,37:09,11:58,F 45-49/12,F-45,186,37:39,43.00%
380,Lauren Eisele,"Fountain Valley, CA",127,37:09,11:58,F 01-14/3,F-12,187,37:39,43.85%
381,Sara Louwsma,"Costa Mesa, CA",539,37:10,11:58,F 25-29/35,F-29,188,37:27,39.84%
382,Robert Clarke,"Lake Forest, CA",83,37:10,11:58,M 25-29/35,M-27,194,37:56,34.72%
383,Chasen Ha,"Foothill Ranch, CA",182,37:11,11:58,M 15-19/10,M-16,195,38:13,36.86%
384,Megan Quartucy,"Lake Forest, CA",369,37:13,11:59,F 20-24/13,F-24,189,37:58,39.78%
385,Tiffany Clontz,"Fullerton, CA",637,37:19,12:01,F 45-49/13,F-46,190,37:44,43.25%
386,Nancy McGrath,"Irvine, CA",279,37:22,12:02,F 50-54/13,F-51,191,38:06,45.87%
387,Megan Oschwald,"Costa Mesa, CA",347,37:23,12:02,F 25-29/36,F-26,192,37:45,39.61%
388,Rebecca Schofield,"Santa Ana, CA",413,37:23,12:02,F 25-29/37,F-27,193,37:45,39.61%
389,Carol Tenney,"Riverside, CA",455,37:26,12:03,F 50-54/14,F-50,194,37:45,45.21%
390,Katrina Patapoff,"Costa Mesa, CA",354,37:29,12:04,F 25-29/38,F-25,195,37:43,39.50%
391,Kellyann Garcia,"Norwalk, CA",158,37:29,12:04,F 35-39/28,F-39,196,38:22,40.66%
392,Sarah Yu,"Irvine, CA",502,37:29,12:04,F 20-24/14,F-24,197,38:26,39.50%
393,Wenlu Xiong,"Knoxville, TN",496,37:30,12:05,F 20-24/15,F-21,198,38:27,39.48%
394,Anayanci Burgueno,"Anaheim, CA",551,37:34,12:06,F 25-29/39,F-29,199,37:47,39.41%
395,Ashley Fritz,"Irvine, CA",153,37:38,12:07,F 25-29/40,F-28,200,37:41,39.34%
396,Chase Gibson,"Trabuco Canyon, CA",587,37:43,12:09,M 01-14/7,M-7,196,37:53,47.21%
397,Edward Villalobos,"Long Beach, CA",477,37:48,12:10,M 65-69/2,M-66,197,38:49,44.82%
398,Danny Tavares,"Buena Park, CA",452,38:01,12:15,M 35-39/18,M-38,198,38:29,35.39%
399,Andrew Gibson,"Trabuco Canyon, CA",586,38:09,12:17,M 01-14/8,M-6,199,38:18,49.04%
400,Leslie Nash,"San Pedro, CA",319,38:09,12:17,F 35-39/29,F-39,201,38:34,39.95%
401,Monica Almore,"Los Angeles, CA",18,38:09,12:17,F 40-44/26,F-42,202,38:34,40.78%
402,Alejandro Ruiz,"Carson, CA",394,38:15,12:19,M 45-49/25,M-49,200,38:31,38.27%
403,Eric Johnson,"Tustin, CA",657,38:15,12:19,M 55-59/7,M-55,201,38:50,40.19%
404,Silvia Ruiz,"Carson, CA",396,38:16,12:19,F 45-49/14,F-49,203,38:33,43.70%
405,Candace Lance,"Mission Viejo, CA",245,38:19,12:20,F 25-29/41,F-25,204,39:09,38.64%
406,Robyn Henk,"Trabuco Canyon, CA",194,38:24,12:22,F 55-59/4,F-58,205,38:40,48.98%
407,Nicole Berlandier,"Santa Ana, CA",48,38:28,12:23,F 35-39/30,F-36,206,39:27,39.06%
408,Vanessa Vargas,"San Pedro, CA",475,38:29,12:23,F 30-34/45,F-31,207,39:03,38.52%
409,Linda Hy,"Rosemead, CA",217,38:44,12:28,F 25-29/42,F-28,208,39:02,38.23%
410,Jeff Gibson,"Trabuco Canyon, CA",584,38:44,12:28,M 35-39/19,M-38,202,39:19,34.74%
411,Jessi Pavia,"Mission Viejo, CA",355,38:49,12:30,F 20-24/16,F-24,209,39:27,38.14%
412,Sara Ramirez,"Huntington Beach, CA",372,38:50,12:30,F 25-29/43,F-29,210,39:29,38.13%
413,Steve Fusco,"Costa Mesa, CA",552,38:54,12:32,M 45-49/26,M-46,203,39:45,36.73%
414,Catherine Morrison,"Costa Mesa, CA",307,38:55,12:32,F 45-49/15,F-46,211,39:46,41.47%
415,Tyler Hefner,"Huntington Beach, CA",191,38:57,12:32,M 01-14/9,M-6,204,39:40,48.03%
416,Shayna Hefner,"Huntington Beach, CA",190,38:57,12:33,F 30-34/46,F-34,212,39:40,38.27%
417,Jeffrey Munroe,"Newport Beach, CA",313,39:00,12:34,M 15-19/11,M-19,205,39:47,33.82%
418,Cheri Guillermety,"Anaheim, CA",652,39:02,12:34,F 40-44/27,F-41,213,39:47,39.56%
419,Kenny Realista,"Irvine, CA",579,39:15,12:38,M 55-59/8,M-56,206,39:36,39.51%
420,Kathy Barnett,"Tujunga, CA",658,39:18,12:39,F 30-34/47,F-34,214,39:56,37.93%
421,Megan Hitchcock,"Long Beach, CA",207,39:20,12:40,F 30-34/48,F-33,215,39:53,37.81%
422,Melissa Pires,"Huntington Beach, CA",359,39:20,12:40,F 25-29/44,F-29,216,39:53,37.64%
423,Keith Hicks,"Stanton, CA",202,39:21,12:40,M 50-54/26,M-51,207,39:41,37.80%
424,Mark Estoque,"Long Beach, CA",135,39:21,12:40,M 25-29/36,M-29,208,39:36,32.84%
425,Simone Coelho,"Lakewood, CA",84,39:21,12:40,F 25-29/45,F-27,217,39:36,37.63%
426,Jill Muckenthaler,"Anaheim, CA",308,39:30,12:43,F 45-49/16,F-45,218,40:08,40.44%
427,Lisa Jacobs,"Tustin, CA",221,39:30,12:43,F 45-49/17,F-46,219,40:19,40.86%
428,Becca Garcia,"Norwalk, CA",156,39:32,12:44,F 15-19/11,F-17,220,40:25,38.25%
429,Natalie Herrera,"Huntington Beach, CA",199,39:40,12:46,F 20-24/17,F-20,221,39:51,37.33%
430,Katy Realista,"Irvine, CA",580,39:42,12:47,F 50-54/15,F-53,222,40:03,44.31%
431,Lena Mercuri,"Anaheim, CA",289,39:46,12:48,F 40-44/28,F-41,223,40:47,38.83%
432,Erikka Thompson,"Huntington Beach, CA",458,39:47,12:49,F 35-39/31,F-39,224,40:04,38.31%
433,Xavier Limon,"Costa Mesa, CA",251,39:49,12:49,M 30-34/30,M-34,209,40:41,32.96%
434,Samuel Ramirez,"Santa Ana, CA",530,39:54,12:51,M 30-34/31,M-31,210,40:18,32.51%
435,Lauren Barker,"Newport Beach, CA",40,40:04,12:54,F 15-19/12,F-19,225,40:47,37.08%
436,Shannon Barker,"Newport Beach, CA",42,40:04,12:54,F 40-44/29,F-41,226,40:47,38.54%
437,Christopher Takach,"Santa Ana, CA",448,40:06,12:55,M 40-44/30,M-43,211,40:17,34.84%
438,Ned Spilsbury,"Newport Beach, CA",438,40:09,12:56,M 55-59/9,M-55,212,40:56,38.29%
439,Gretchen McCurdy,"Newport Coast, CA",278,40:24,13:00,F 40-44/30,F-43,227,41:19,38.84%
440,Emily Yu,"Tustin, CA",501,40:25,13:01,F 30-34/49,F-30,228,41:29,36.63%
441,Sharon Watson,"Anaheim, CA",484,40:37,13:05,F 35-39/32,F-38,229,41:16,37.32%
442,Cole Tamura,"Anaheim, CA",449,40:48,13:08,F 25-29/46,F-28,230,41:12,36.29%
443,Jimmy Miller,"Huntington Beach, CA",296,40:50,13:09,M 40-44/31,M-43,213,41:13,34.22%
444,Samantha Walsh,"Trabuco Canyon, CA",574,40:50,13:09,F 01-14/4,F-10,231,41:38,41.81%
445,Bill Walsh,"Trabuco Canyon, CA",573,40:51,13:09,M 40-44/32,M-44,214,41:39,34.45%
446,Yolanda Ybarra,"Costa Mesa, CA",537,40:56,13:11,F 40-44/31,F-43,232,41:05,38.33%
447,Jennifer Hauser,"Whittier, CA",188,41:13,13:16,F 35-39/33,F-38,233,41:42,36.77%
448,Linda Busa,"Long Beach, CA",62,41:14,13:16,F 40-44/32,F-42,234,41:42,37.73%
449,Diana Greenawalt,"Lakewood, CA",175,41:14,13:17,F 55-59/5,F-58,235,41:35,45.61%
450,Debbie Schuster,"Costa Mesa, CA",418,41:14,13:17,F 50-54/16,F-53,236,41:28,42.66%
451,Randy Weiskittel,"Mission Viejo, CA",802,41:21,13:19,M 01-14/10,M-12,215,42:06,35.97%
452,Alex Cua,"Chino Hills, CA",95,41:26,13:21,M 25-29/37,M-28,216,41:30,31.15%
453,Carson Filsinger,"Huntington Beach, CA",140,41:29,13:22,F 15-19/13,F-16,237,41:44,36.90%
454,Shabnam Eslahi,"Aliso Viejo, CA",727,41:36,13:24,F 20-24/18,F-22,238,42:36,35.59%
455,Amy Zierke,"Lake Forest, CA",504,41:45,13:27,F 25-29/47,F-26,239,42:14,35.46%
456,Cheryl Zierke,"Foothill Ranch, CA",505,41:45,13:27,F 25-29/48,F-29,240,42:14,35.46%
457,Lauren Spilsbury,"Newport Beach, CA",437,41:49,13:28,F 15-19/14,F-19,241,42:34,35.53%
458,Victoria Simon,"Irvine, CA",431,41:49,13:28,F 50-54/17,F-54,242,42:34,42.58%
459,Renee West,"Newport Beach, CA",488,41:50,13:28,F 60-64/1,F-62,243,42:17,47.59%
460,James Baek,"Orange, CA",556,41:56,13:30,M 25-29/38,M-28,217,42:26,30.78%
461,Elizabeth Okun,"Costa Mesa, CA",340,41:56,13:30,F 20-24/19,F-22,244,42:57,35.31%
462,Andrew Jose,"Irvine, CA",223,41:57,13:30,M 20-24/6,M-22,218,42:57,30.76%
463,Sarah Song,"Orange, CA",569,41:57,13:30,F 25-29/49,F-27,245,42:27,35.29%
464,Sharon Newman,"Fullerton, CA",327,41:59,13:31,F 40-44/33,F-40,246,42:15,36.54%
465,Karissa Pugh,"Santa Fe Springs, CA",367,42:04,13:33,F 25-29/50,F-29,247,43:01,35.20%
466,Jamie Stitzel,"Costa Mesa, CA",442,42:04,13:33,F 25-29/51,F-27,248,42:54,35.20%
467,Kim Cheesebourough,"Trabuco Canyon, CA",707,42:09,13:34,F 40-44/34,F-42,249,42:21,36.91%
468,Michele Stitzel,"Laguna Niguel, CA",443,42:17,13:37,F 55-59/6,F-56,250,43:07,43.26%
469,Aviva Murphy,"Simi Valley, CA",315,42:23,13:39,F 40-44/35,F-40,251,43:18,36.19%
470,Natasha Hernandez,"Yorba Linda, CA",197,42:37,13:43,F 25-29/52,F-28,252,42:55,34.74%
471,Susan Dalisaymo,"Buena Park, CA",97,42:43,13:45,F 30-34/50,F-34,253,43:11,34.89%
472,Stephanie Valenzuez,"Lakewood, CA",624,42:44,13:46,F 25-29/53,F-28,254,43:18,34.65%
473,Kerry Fields,"Yorba Linda, CA",139,42:44,13:46,M 55-59/10,M-57,219,43:15,36.60%
474,Brian Arellano,"Cerritos, CA",625,42:44,13:46,M 25-29/39,M-29,220,43:18,30.24%
475,Marilyn Seller,"Fountain Valley, CA",422,42:48,13:47,F 55-59/7,F-56,255,43:25,42.73%
476,Laura Agee,"Del Mar, CA",11,42:50,13:47,F 25-29/54,F-26,256,43:16,34.57%
477,Patricia Romero,"Chino Hills, CA",532,43:01,13:51,F 50-54/18,F-50,257,43:22,39.34%
478,Chris Schlindwein,"Newport Beach, CA",410,43:05,13:52,F 40-44/36,F-42,258,43:49,36.11%
479,Bettina Membrila,"Lakewood, CA",286,43:12,13:55,F 45-49/18,F-45,259,43:56,36.97%
480,Denise Dilts,"Brea, CA",114,43:12,13:55,F 40-44/37,F-42,260,43:56,36.01%
481,Chris Morales,"Yorba Linda, CA",305,43:16,13:56,M 35-39/20,M-35,221,44:12,30.48%
482,Joe Mejia,"Costa Mesa, CA",284,43:19,13:57,M 30-34/32,M-32,222,44:20,30.02%
483,Monique Cerio,"Costa Mesa, CA",68,43:20,13:57,F 25-29/55,F-28,261,44:21,34.17%
484,Jeffrey Miller,"Costa Mesa, CA",295,43:31,14:01,M 45-49/27,M-45,223,44:22,32.61%
485,Helen Miller,"Costa Mesa, CA",294,43:32,14:01,F 40-44/38,F-43,262,44:23,36.04%
486,Karen Vogelsang,"Costa Mesa, CA",611,43:40,14:03,F 50-54/19,F-50,263,44:15,38.76%
487,Adriana Vitoriano,"Sao Paulo, ",480,43:41,14:04,F 35-39/34,F-38,264,44:28,34.69%
488,Juliano Pereira,"Sao Paulo, ",356,43:41,14:04,M 30-34/33,M-34,224,44:29,30.04%
489,Desirae Vantilborg,"Yorba Linda, CA",474,43:52,14:08,F 30-34/51,F-33,265,44:48,33.90%
490,Cindy Chorpenning,"Huntington Beach, CA",589,43:54,14:08,F 50-54/20,F-52,266,44:46,39.54%
491,Tiffany Chorpennin,"Huntington Beach, CA",590,43:54,14:08,F 20-24/20,F-23,267,44:45,33.73%
492,Nancy Lofstrom,"Newport Beach, CA",547,43:57,14:09,F 50-54/21,F-51,268,44:29,39.00%
493,Karmen Fishman,"Costa Mesa, CA",144,43:58,14:09,F 45-49/19,F-45,269,44:39,36.33%
494,Doug Lofstrom,"Newport Beach, CA",548,44:04,14:11,M 60-64/6,M-60,225,44:34,36.40%
495,Linda Dwyer,"Huntington Beach, CA",616,44:04,14:11,F 45-49/20,F-47,270,44:36,37.04%
496,Joseph Neves,"La Verne, CA",324,44:09,14:13,M 01-14/11,M-13,226,44:46,32.85%
497,Ashley Gardner,"Costa Mesa, CA",544,44:18,14:16,F 25-29/56,F-25,271,44:57,33.42%
498,Harry Hughes,"Anaheim, CA",607,44:19,14:16,M 45-49/28,M-48,227,45:09,32.77%
499,Donald Greenawalt,"Norco, CA",517,44:22,14:17,M 50-54/27,M-52,228,44:44,33.78%
500,Jeanette Hughes,"Anaheim, CA",608,44:22,14:17,F 55-59/8,F-57,272,45:12,41.79%
501,Kathy Calvillo,"Huntington Beach, CA",600,44:22,14:17,F 55-59/9,F-56,273,45:12,41.23%
502,Mariah Filsinger,"Huntington Beach, CA",142,44:35,14:21,F 15-19/15,F-15,274,44:48,34.78%
503,Emily Graham,"Huntington Beach, CA",171,44:35,14:21,F 15-19/16,F-15,275,44:49,34.78%
504,Dawn Graham,"Santa Ana, CA",560,44:41,14:23,F 45-49/21,F-45,276,44:56,35.75%
505,Dawn Graham,"Santa Ana, CA",804,44:41,14:23,F 45-49/22,F-45,277,44:56,35.75%
506,Ashley Browne,"Ventura, CA",61,44:48,14:25,F 20-24/21,F-23,278,45:36,33.05%
507,Brenda Greenawalt,"Norco, CA",174,44:59,14:29,F 50-54/22,F-52,279,45:21,38.58%
508,Susan Sayre,"Irvine, CA",406,45:15,14:34,F 60-64/2,F-64,280,46:07,45.32%
509,Georgena Kindig,"Irvine, CA",232,45:15,14:34,F 60-64/3,F-64,281,46:07,45.32%
510,Connie Visconte,"Mission Viejo, CA",478,45:20,14:36,F 55-59/10,F-56,282,46:04,40.35%
511,Mary Visconte,"Mission Viejo, CA",479,45:21,14:36,F 30-34/52,F-32,283,46:04,32.72%
512,Nghiem Banh,"Westminster, CA",38,45:23,14:37,F 25-29/57,F-29,284,45:32,32.62%
513,Christine Clevelan,", CA",642,45:24,14:37,F 30-34/53,F-30,285,45:53,32.61%
514,Cynthia Roman,"Long Beach, CA",390,45:24,14:37,F 30-34/54,F-31,286,45:53,32.65%
515,Catherine Wilson,"Santa Ana, CA",490,45:31,14:39,F 50-54/23,F-52,287,46:01,38.13%
516,Patricia Noa,"Foothill Ranch, CA",640,46:08,14:51,F 55-59/11,F-58,288,47:08,40.77%
517,Leann Zunich,"Long Beach, CA",536,46:14,14:53,F 55-59/12,F-55,289,47:19,39.06%
518,Lila Gordon,"Whittier, CA",168,46:15,14:53,F 35-39/35,F-35,290,47:16,32.34%
519,Consuelo Noceti,"French Camp, CA",333,46:15,14:54,F 65-69/3,F-65,291,46:43,45.03%
520,Austin Stuart,"Santa Ana, CA",445,46:19,14:55,M 25-29/40,M-28,229,49:14,27.86%
521,Alexandra Tran,"Costa Mesa, CA",464,46:20,14:55,F 20-24/22,F-24,292,49:15,31.95%
522,Megan Ritsema,"Newport Beach, CA",385,46:22,14:56,F 15-19/17,F-19,293,47:01,32.04%
523,Chris Foerster,"Newport Beach, CA",148,46:23,14:56,M 25-29/41,M-26,230,47:02,27.82%
524,Smita Daniel,"Newport Beach, CA",99,46:24,14:56,F 25-29/58,F-25,294,47:03,31.91%
525,Joyce Dong,"Costa Mesa, CA",117,46:30,14:58,F 20-24/23,F-23,295,47:18,31.84%
526,Heather Rhee,"Diamond Bar, CA",380,46:30,14:58,F 20-24/24,F-21,296,47:18,31.84%
527,Sherry Palmer,"Irvine, CA",350,46:38,15:01,F 55-59/13,F-58,297,47:13,40.33%
528,Candace Rice,"Costa Mesa, CA",381,46:45,15:03,F 50-54/24,F-51,298,47:17,36.66%
529,Jo Beth Montoya,"Mission Viejo, CA",526,46:46,15:03,F 40-44/39,F-43,299,47:17,33.55%
530,Cindy Frauman,"Mission Viejo, CA",151,46:57,15:07,F 50-54/25,F-51,300,47:36,36.51%
531,Michele Keeney,"Corona, CA",230,47:01,15:08,F 40-44/40,F-41,301,47:50,32.84%
532,Anthony Messina,"Chino, CA",292,47:03,15:09,M 30-34/34,M-34,231,48:00,27.89%
533,Janet Lloyd,"Yorba Linda, CA",563,47:17,15:13,F 55-59/14,F-55,302,48:11,38.19%
534,Allison Parkinson,"Yorba Linda, CA",572,47:17,15:13,F 55-59/15,F-56,303,48:11,38.68%
535,Kimberly Flores,"Irvine, CA",147,47:20,15:14,F 35-39/36,F-39,304,48:14,32.19%
536,Gena Stiefel,"Chino Hills, CA",441,47:32,15:18,F 35-39/37,F-35,305,48:25,31.46%
537,Judy Remland,"Santa Ana, CA",379,47:41,15:21,F 50-54/26,F-54,306,48:09,37.34%
538,Mark Gutierrez,"Costa Mesa, CA",518,47:44,15:22,M 40-44/33,M-44,232,47:54,29.48%
539,Whitney Tanner,"Laguna Niguel, CA",629,48:07,15:30,F 40-44/41,F-40,307,48:58,31.87%
540,Jennifer Gates,"Santa Ana, CA",516,48:10,15:31,F 50-54/27,F-51,308,48:43,35.58%
541,John Munroe,"Newport Beach, CA",314,48:15,15:32,M 15-19/12,M-19,233,49:02,27.33%
542,Roberta Ramont,"Seal Beach, CA",373,48:16,15:32,F 60-64/4,F-63,309,48:42,41.83%
543,Marta De La Torre,"Newport Beach, CA",104,48:30,15:37,F 40-44/42,F-42,310,49:15,32.07%
544,Steve Meeks,"Newport Beach, CA",283,48:32,15:38,M 55-59/11,M-57,234,49:15,32.22%
545,Stacy Newbold,"Orange, CA",325,48:39,15:40,F 35-39/38,F-36,311,49:18,30.87%
546,Eva Moreno,"La Mirada, CA",612,48:47,15:43,F 35-39/39,F-36,312,49:42,30.79%
547,Danny Latham,", CA",701,49:21,15:53,M 50-54/28,M-52,235,50:02,30.37%
548,Lisa Latham,"Huntington Beach, CA",247,49:21,15:53,F 50-54/28,F-52,313,50:03,35.17%
549,Lisa Gleason,"Chino Hills, CA",604,49:30,15:56,F 35-39/40,F-36,314,50:31,30.35%
550,Natalie Cisneros,", CA",596,49:34,15:58,F 40-44/43,F-44,315,50:08,31.92%
551,Claudia Alvarez,"Santa Ana, CA",662,49:39,15:59,F 35-39/41,F-39,316,50:32,30.69%
552,Ana Alvarez,"Santa Ana, CA",661,49:40,15:59,F 65-69/4,F-66,317,50:32,42.56%
553,Leni Schlindwein,"Newport Beach, CA",411,49:42,16:00,F 65-69/5,F-66,318,50:24,42.54%
554,Kimberly Israelson,"Costa Mesa, CA",219,49:46,16:02,F 35-39/42,F-35,319,50:23,30.05%
555,Michelle Antenesse,"Mission Viejo, CA",26,49:48,16:02,F 25-29/59,F-29,320,50:33,29.73%
556,Raquel Garofalo,"Huntington Beach, CA",159,49:50,16:03,F 40-44/44,F-40,321,50:32,30.78%
557,Melissa Alonso,"Costa Mesa, CA",19,49:50,16:03,F 35-39/43,F-36,322,50:33,30.14%
558,Darlene Robertson,"Garden Grove, CA",387,49:55,16:04,F 45-49/23,F-45,323,50:53,32.00%
559,Ken Robertson,"Garden Grove, CA",388,49:56,16:05,M 45-49/29,M-47,236,50:55,28.85%
560,Mary Ann Tamura,"Huntington Beach, CA",451,50:32,16:16,F 65-69/6,F-69,324,50:59,43.88%
561,Jennifer Eaton,"Newport Coast, CA",124,50:42,16:19,F 45-49/24,F-46,325,51:36,31.83%
562,Jennifer Nooney,"Corona Del Mar, CA",335,50:43,16:20,F 25-29/60,F-29,326,51:36,29.19%
563,John Bisnar Jr,"Newport Beach, CA",51,50:47,16:21,M 20-24/7,M-23,237,51:24,25.41%
564,Carey Wagenblast,"Newport Beach, CA",482,50:52,16:23,F 35-39/44,F-39,327,51:37,29.96%
565,Ashlyn Barker,"Newport Beach, CA",39,50:52,16:23,F 15-19/18,F-19,328,51:37,29.20%
566,Cathy Cooper,"Willows, CA",89,50:57,16:24,F 35-39/45,F-39,329,51:57,29.91%
567,Raina Arnold,"Willows, CA",31,50:58,16:25,F 35-39/46,F-36,330,51:57,29.47%
568,Mary Schoemann,"Fountain Valley, CA",412,50:58,16:25,F 65-69/7,F-66,331,51:57,41.48%
569,Robert Palmer,"Irvine, CA",349,51:07,16:28,M 50-54/29,M-52,238,51:43,29.32%
570,Vina Prince,"Lakewood, CA",635,51:23,16:33,F 45-49/25,F-47,332,52:25,31.77%
571,Karen Coyne,"Aliso Viejo, CA",93,51:56,16:43,F 50-54/29,F-54,333,52:34,34.29%
572,Elaine Ogle,"Los Angeles, CA",729,52:02,16:45,F 45-49/26,F-48,334,52:46,31.75%
573,Tami Maynard,"Los Angeles, CA",730,52:02,16:45,F 45-49/27,F-45,335,52:46,30.70%
574,Lesli Correia,"Huntington Beach, CA",660,52:11,16:48,F 40-44/45,F-40,336,52:44,29.39%
575,Susan Fleming,"Huntington Beach, CA",728,52:12,16:48,F 40-44/46,F-43,337,52:44,30.05%
576,Tony Brock,"Newport Beach, CA",56,52:29,16:54,M 40-44/34,M-42,239,53:09,26.40%
577,Dean Bramlett,"Huntington Beach, CA",54,52:45,16:59,F 60-64/5,F-62,338,53:23,37.74%
578,Patty Brock,"Newport Beach, CA",55,52:46,16:59,F 40-44/47,F-41,339,53:26,29.26%
579,John Bisnar,"Newport Beach, CA",49,53:12,17:08,M 60-64/7,M-60,240,53:54,30.15%
580,Kimberly Bisnar,"Newport Beach, CA",50,53:17,17:09,F 50-54/30,F-52,340,53:54,32.57%
581,Kristin Ritsema,"Newport Beach, CA",383,53:21,17:11,F 15-19/19,F-19,341,53:57,27.84%
582,Carolyn Arias,"Costa Mesa, CA",29,53:32,17:14,F 20-24/25,F-22,342,54:27,27.65%
583,Kimberly Yarter,"Orange, CA",498,53:32,17:14,F 25-29/61,F-27,343,54:27,27.65%
584,Sean Ashby,"Long Beach, CA",577,53:35,17:15,M 35-39/21,M-36,241,54:22,24.77%
585,Ruben Rodriguez,"Henderson, NV",531,53:35,17:15,M 25-29/42,M-27,242,54:21,24.07%
586,John Bell,"Newport Beach, CA",44,53:37,17:16,M 55-59/12,M-56,243,54:26,28.92%
587,Mimi San Agustin,"Laguna Niguel, CA",731,53:41,17:17,F 50-54/31,F-53,344,54:30,32.76%
588,Rosemarie Kiralla,"Huntington Beach, CA",235,53:48,17:19,F 40-44/48,F-42,345,54:24,28.91%
589,Jill Pizzo,"Fountain Valley, CA",618,53:48,17:19,F 25-29/62,F-26,346,54:24,27.52%
590,Lorraine Foran,"Huntington Beach, CA",149,54:02,17:24,F 55-59/16,F-57,347,54:21,34.31%
591,Janis Geronondale,"Huntington Beach, CA",161,54:02,17:24,F 50-54/32,F-53,348,54:22,32.55%
592,Madison Ritsema,"Newport Beach, CA",384,54:10,17:26,F 15-19/20,F-19,349,54:48,27.42%
593,Scott Ritsema,"Newport Beach, CA",386,54:14,17:28,M 40-44/35,M-41,244,54:53,25.36%
594,Brent Jackson,"Garden Grove, CA",656,54:15,17:28,M 50-54/30,M-52,245,55:13,27.63%
595,Yvonne Jackson,"Garden Grove, CA",726,54:16,17:28,F 50-54/33,F-51,350,55:13,31.58%
596,Matt Diemert,"Newport Beach, CA",112,54:47,17:38,M 20-24/8,M-23,246,55:36,23.55%
597,Sydney Mackessy,"Newport Beach, CA",263,54:47,17:38,F 15-19/21,F-19,351,55:36,27.12%
598,Debbie Johnson,"Costa Mesa, CA",520,55:00,17:42,F 50-54/34,F-50,352,55:50,30.77%
599,Ne Sorto,"Tustin, CA",534,55:08,17:45,M 01-14/12,M-5,247,56:06,35.86%
600,Tom Kindschi,"Fullerton, CA",234,55:32,17:53,M 45-49/30,M-45,248,56:20,25.55%
601,Marlyn Kowalski,"Mission Viejo, CA",238,55:33,17:53,F 60-64/6,F-61,353,56:26,35.29%
602,Alex Kecskes,"Newport Beach, CA",228,55:34,17:53,M 15-19/13,M-19,249,56:22,23.73%
603,Sharon Flori,"Minden, NV",546,55:38,17:55,F 65-69/8,F-65,354,56:10,37.43%
604,Karen Kindschi,"Fullerton, CA",233,55:39,17:55,F 40-44/49,F-43,355,56:20,28.19%
605,Sandra Smith,"Costa Mesa, CA",435,55:39,17:55,F 50-54/35,F-52,356,56:31,31.19%
606,Tony Fiori,"Minden, NV",545,55:40,17:55,M 55-59/13,M-57,250,56:11,28.09%
607,Javier Ruiz,"Newport Beach, CA",395,55:43,17:56,M 25-29/43,M-25,251,56:16,23.16%
608,Anthony Gray,"Newport Beach, CA",172,55:53,18:00,M 15-19/14,M-19,252,56:34,23.60%
609,Kevin Olson,"Newport Beach, CA",345,55:54,18:00,M 15-19/15,M-19,253,56:34,23.59%
610,Danielle Olson,"Newport Beach, CA",344,55:55,18:00,F 15-19/22,F-19,357,56:35,26.57%
611,Marina Tamura,"Huntington Beach, CA",450,56:10,18:05,F 35-39/47,F-38,358,56:34,26.98%
612,Sharlene Shiroma,"Redondo Beach, CA",429,56:10,18:05,F 50-54/36,F-52,359,57:15,30.89%
613,Jodi Ageno,"Torrance, CA",12,56:11,18:05,F 45-49/28,F-45,360,57:15,28.43%
614,Kimberly Dunn,"Huntington Beach, CA",120,56:12,18:06,F 45-49/29,F-47,361,57:15,29.04%
615,Susan Roper,"Huntington Beach, CA",392,56:16,18:07,F 70-74/1,F-73,362,56:52,42.16%
616,Rosalie Clark,"Santa Ana, CA",82,56:16,18:07,F 65-69/9,F-66,363,56:51,37.57%
617,Margarita Klase,"Santa Ana, CA",237,57:12,18:25,F 55-59/17,F-56,364,57:36,31.97%
618,Susie Zavala,"Santa Ana, CA",503,57:14,18:26,F 50-54/37,F-54,365,57:38,31.11%
619,Tina Guillen,"Orange, CA",179,57:22,18:28,F 40-44/50,F-41,366,58:17,26.91%
620,Leticia Darrah,"Covina, CA",101,57:23,18:29,F 30-34/55,F-34,367,58:17,25.97%
621,Kathleen Scherff,"Costa Mesa, CA",409,57:30,18:31,F 25-29/63,F-29,368,58:36,25.75%
622,Karen Kirby,"Newport Beach, CA",236,57:49,18:37,F 15-19/23,F-18,369,58:35,25.89%
623,Jennie Welch,"Huntington Beach, CA",487,58:25,18:48,F 40-44/51,F-42,370,59:06,26.63%
624,Janet Munroe,"Placentia, CA",312,59:49,19:15,F 50-54/38,F-50,371,1:00:39,28.29%
625,Christina Hirsch,"Bagdad, AZ",204,1:01:08,19:41,F 25-29/64,F-25,372,1:01:32,24.22%
626,Taleah Quemada,"Los Alamitos, CA",370,1:01:08,19:41,F 25-29/65,F-29,373,1:01:32,24.22%
