Bib,Name,Gender,Age,Hometown,Overall,Men,M 13-19,Age/Grade,Finish,Chip Time,Gun Time
826,Nick Lopez,M,19,"Hemet, CA",1 out of 1666,1 out of 0,1 out of 36, 81.88% Place: 2,16:08 Pace: 5:12,16:07,16:08
735,John Kluve,M,28,"Mission Viejo, CA",8 out of 1666,8 out of 0,3 out of 87, 68.13% Place: 24,18:57 Pace: 6:06,18:57,18:58
1659,Curtis Liang,M,22,"Irvine, CA",11 out of 1666,11 out of 0,2 out of 36, 67.36% Place: 29,19:10 Pace: 6:11,19:10,19:13
1620,Joe Graziani,M,30,"Orange, CA",19 out of 1666,19 out of 0,4 out of 75, 64.45% Place: 56,20:05 Pace: 6:28,20:05,20:20
1812,Jason Graban,M,26,"Laguna Niguel, CA",20 out of 1666,20 out of 0,7 out of 87, 64.07% Place: 63,20:09 Pace: 6:30,20:09,20:12
1797,Matthew Vettel,M,23,", ",24 out of 1666,24 out of 0,4 out of 36, 63.08% Place: 73,20:28 Pace: 6:36,20:28,20:29
1805,Conner Valenzuela,M,16,"Apple Valley, CA",26 out of 1666,26 out of 0,6 out of 36, 65.76% Place: 40,20:51 Pace: 6:43,20:51,20:51
