
194,Larry Herschler,M,53,"Anaheim, CA",54 out of 619,45 out of 264,3 out of 32, 69.40% Place: 39,21:48 Pace: 7:01,21:48,21:52
483,Jeff Wright,M,45,"Anaheim, CA",65 out of 619,56 out of 264,9 out of 26, 63.65% Place: 70,22:18 Pace: 7:11,22:18,22:27
900,Victoria Knight,F,41,"Yorba Linda, CA",228 out of 619,82 out of 355,13 out of 44, 54.50% Place: 181,28:20 Pace: 9:07,28:20,28:34
312,Mary Mundi,F,42,"Anaheim, CA",362 out of 619,162 out of 355,23 out of 44, 46.63% Place: 318,33:22 Pace: 10:45,33:22,33:46
207,Veronica Hussar,F,41,"Mission Viejo, CA",385 out of 619,174 out of 355,24 out of 44, 44.56% Place: 345,34:39 Pace: 11:09,34:39,34:55
378,Vicki Riley,F,54,"Ladera Ranch, CA",446 out of 619,215 out of 355,23 out of 37, 46.90% Place: 310,37:58 Pace: 12:14,37:58,38:07
893,Jacqueline Walker,F,52,"Los Angeles, CA",580 out of 619,324 out of 355,35 out of 37, 34.32% Place: 505,50:34 Pace: 16:17,50:34,51:44
284,Joe Mejia,M,32,"Costa Mesa, CA",582 out of 619,257 out of 264,30 out of 31, 25.69% Place: 579,50:37 Pace: 16:18,50:37,50:37
445,Marina Tamura,F,38,"Huntington Beach, CA",583 out of 619,326 out of 355,33 out of 33, 29.92% Place: 549,50:39 Pace: 16:18,50:39,51:36
348,Alison Parkinson,M,56,"Yorba Linda, CA",584 out of 619,258 out of 264,13 out of 13, 30.44% Place: 543,50:55 Pace: 16:24,50:55,51:57
249,Janet Lloyd,F,55,"Yorba Linda, CA",585 out of 619,327 out of 355,13 out of 14, 35.45% Place: 489,50:56 Pace: 16:24,50:56,51:57
487,Kimberly Yarter,f,27,"Orange, CA",586 out of 619,328 out of 355,60 out of 62, 29.00% Place: 555,51:03 Pace: 16:26,51:03,51:54
18,Carolyn Arias,F,22,"Costa Mesa, CA",587 out of 619,329 out of 355,25 out of 28, 28.98% Place: 556,51:05 Pace: 16:27,51:05,51:56
832,David Peng,M,32,"Chino Hills, CA",588 out of 619,259 out of 264,31 out of 31, 25.36% Place: 581,51:17 Pace: 16:31,51:17,52:23
76,Natalie Cisneros,F,0,", CA",591 out of 619,332 out of 355,0 out of 0,51:57 Pace: 16:44,51:57,52:32
336,Elaine Ogle,F,0,"Los Angeles, CA",592 out of 619,333 out of 355,0 out of 0,52:28 Pace: 16:54,52:28,53:19
275,Tami Maynard,F,0,", CA",593 out of 619,334 out of 355,0 out of 0,52:28 Pace: 16:54,52:28,53:20
229,Karen Kirby,F,18,"Newport Beach, CA",594 out of 619,335 out of 355,12 out of 16, 28.44% Place: 561,52:38 Pace: 16:57,52:38,52:56
988,Jackie Corneyea,F,24,"Fountain Valley, CA",595 out of 619,336 out of 355,27 out of 28, 28.12% Place: 567,52:39 Pace: 16:57,52:39,53:35
987,Katie Seller,F,23,"Fountain Valley, CA",596 out of 619,337 out of 355,28 out of 28, 28.10% Place: 568,52:41 Pace: 16:58,52:41,53:35
211,Brent Jacksoon,M,52,"Garden Grove, CA",597 out of 619,260 out of 264,32 out of 32, 28.40% Place: 562,52:47 Pace: 17:00,52:47,53:05
675,Jenna Boozer,F,19,"Newport Beach, CA",598 out of 619,338 out of 355,13 out of 16, 28.13% Place: 566,52:48 Pace: 17:00,52:48,53:18
210,Yvonne Jackson,F,57,"Garden Grove, CA",599 out of 619,339 out of 355,14 out of 14, 35.11% Place: 496,52:48 Pace: 17:00,52:48,53:05
173,Tina Guillen,F,41,"Orange, CA",602 out of 619,342 out of 355,40 out of 44, 29.19% Place: 553,52:53 Pace: 17:02,52:53,53:41
2,Jodi Ageno,F,45,"Torrance, CA",603 out of 619,343 out of 355,29 out of 30, 30.17% Place: 546,52:56 Pace: 17:03,52:56,53:59
115,Kimberly Dunn,F,47,"Huntington Beach, CA",604 out of 619,344 out of 355,30 out of 30, 30.83% Place: 541,52:56 Pace: 17:03,52:56,53:59
429,Samantha Smith,F,19,"Newport Beach, CA",605 out of 619,345 out of 355,14 out of 16, 28.02% Place: 569,53:01 Pace: 17:04,53:01,53:33
430,Sandra Smith,F,52,"Costa Mesa, CA",606 out of 619,346 out of 355,36 out of 37, 32.73% Place: 525,53:02 Pace: 17:05,53:02,53:34
136,Susan Fleming,F,43,"Huntington Beach, CA",607 out of 619,347 out of 355,41 out of 44, 29.31% Place: 551,53:31 Pace: 17:14,53:31,54:28
87,Lesli Correia,F,40,"Huntington Beach, CA",608 out of 619,348 out of 355,42 out of 44, 28.64% Place: 558,53:33 Pace: 17:14,53:33,54:28
906,Elizabeth Hansen,F,27,"Whittier, CA",609 out of 619,349 out of 355,61 out of 62, 27.59% Place: 571,53:39 Pace: 17:17,53:39,54:32
907,Kim Hansen,F,25,"Whittier, CA",610 out of 619,350 out of 355,62 out of 62, 27.59% Place: 572,53:40 Pace: 17:17,53:40,54:33
258,Sydney Mackessy,F,19,"Newport Beach, CA",611 out of 619,351 out of 355,15 out of 16, 27.44% Place: 573,54:08 Pace: 17:26,54:08,54:35
110,Matt Diemert,M,23,"Newport Beach, CA",612 out of 619,261 out of 264,13 out of 13, 23.84% Place: 582,54:08 Pace: 17:26,54:08,54:35
227,Tom Kindschi,M,45,"Fullerton, CA",613 out of 619,262 out of 264,26 out of 26, 25.75% Place: 578,55:06 Pace: 17:44,55:06,56:08
226,Karen Kindschi,F,43,"Fullerton, CA",614 out of 619,352 out of 355,43 out of 44, 28.47% Place: 560,55:06 Pace: 17:45,55:06,56:09
