Place,Name,Location,Bib,Net Time,Pace,Division/Place,Sex-Age,Sex-Place,Gun Time,Age Grade
1,Ben Mejia,"Pomona, CA",213,34:54,5:37,M 30-34/1,M-34,1,34:54,78.33%
2,Juan Morales,"Huntington Beach, CA",100040,36:04,5:49,M 30-34/2,M-31,2,36:04,74.95%
3,Mark Sanchez,"Garden Grove, CA",100478,37:11,5:59,M 35-39/1,M-38,3,37:11,75.44%
4,Jonathan Schindel,"New York, NY",246,37:28,6:02,M 45-49/1,M-46,4,37:28,79.50%
5,Julie Ertel,"Irvine, CA",100022,37:30,6:02,F 35-39/1,F-38,1,37:30,82.85%
6,Steve Monke,"Clovis, CA",217,37:46,6:05,M 40-44/1,M-43,5,37:46,77.10%
7,Daniel Wong,"Mission Viejo, CA",279,38:52,6:16,M 15-19/1,M-15,6,38:52,74.70%
8,Daniel Deuel,"Newport Beach, CA",100018,38:55,6:16,M 40-44/2,M-43,7,38:55,74.85%
9,Laurent Vrignaud,"Newport Coast, CA",272,39:01,6:17,M 45-49/2,M-45,8,39:01,75.81%
10,Sun Choe,"Newport Beach, CA",284,39:31,6:22,M 45-49/3,M-47,9,39:31,75.99%
11,Aymee Curtis,"Costa Mesa, CA",100017,40:17,6:29,F 35-39/2,F-37,2,40:17,76.74%
12,Joe Krum,", ",488,40:23,6:30,M 45-49/4,M-45,10,40:23,73.24%
13,Tom Starr,"Newport Beach, CA",100051,40:55,6:36,M 45-49/5,M-48,11,40:59,73.88%
14,Bekki Miske,"Irvine, CA",100039,40:59,6:36,F 30-34/1,F-30,3,40:59,74.18%
15,Christopher Rosario,"Cerritos, CA",100046,41:25,6:40,M 35-39/2,M-39,12,41:29,68.12%
16,Michelle Nestor,"Mission Viejo, CA",221,41:42,6:43,F 35-39/3,F-38,4,41:42,74.49%
17,Jack Darcy,"Santa Ana, CA",313,42:13,6:48,M 15-19/2,M-16,13,42:19,67.54%
18,Zoe Bertoia,"Newport Beach, CA",283,42:20,6:49,F 30-34/2,F-33,5,42:20,72.17%
19,Ryan Rosche,"Downey, CA",240,43:23,6:59,M 25-29/1,M-29,14,43:29,61.95%
20,Marlene Dandler,"Newport Coast, CA",138,43:27,7:00,F 30-34/3,F-34,6,43:27,70.46%
21,Troy Colonnese,"Mission Viejo, CA",136,43:37,7:02,M 40-44/3,M-44,15,43:40,67.16%
22,Aaron Frye,"Corona Del Mar, CA",162,43:59,7:05,M 35-39/3,M-37,16,44:03,63.19%
23,Allison Robar,"Newport Beach, CA",100045,44:04,7:06,F 40-44/1,F-43,7,44:04,72.81%
24,Ernan Loyola,"West Covina, CA",202,44:07,7:06,M 30-34/3,M-32,17,44:28,61.38%
25,Jennifer Hartog,"Newport Beach, CA",100060,44:25,7:09,F 40-44/2,F-43,8,44:25,72.18%
26,Roger Greene,", ",491,44:28,7:10,M 55-59/1,M-56,18,44:43,72.55%
27,Maily Wong,"Mission Viejo, CA",280,44:34,7:11,F 01-14/1,F-13,9,44:34,73.65%
28,Ryan Davis,"Fontana, CA",141,44:34,7:11,M 30-34/4,M-30,19,44:52,60.42%
29,Cheryl Sheremeta,"La Jolla, CA",252,44:38,7:11,F 50-54/1,F-51,10,44:38,78.11%
30,Lemuel Garcia,"West Covina, CA",168,44:53,7:14,M 25-29/2,M-28,20,45:13,59.84%
31,John Masline,"Burlingame, CA",207,45:10,7:17,M 20-24/1,M-20,21,45:16,60.10%
32,Mike Gauthier,"Manhattan Beach, CA",100025,45:20,7:18,M 55-59/2,M-57,22,45:23,71.79%
33,Jed Dineen,"Huntington Beach, CA",100477,45:24,7:19,M 30-34/5,M-30,23,45:30,59.31%
34,Cindy Barnhart,"Rancho Santa Margarita, CA",110,45:42,7:22,F 40-44/3,F-44,11,45:46,70.63%
35,Susan Wilde,"Laguna Hills, CA",296,45:46,7:22,F 50-54/2,F-52,12,45:53,77.01%
36,David Schaefer,"Irvine, CA",354,45:46,7:22,M 45-49/6,M-47,24,46:00,65.50%
37,Audrey Monke,"Clovis, CA",216,45:46,7:22,F 40-44/4,F-44,13,45:52,70.53%
38,Rob Krohn,"Yorba Linda, CA",196,46:03,7:25,M 40-44/4,M-41,25,46:11,62.17%
39,Rodney Wong,"Mission Viejo, CA",281,46:10,7:26,M 50-54/1,M-54,26,46:10,68.73%
40,Lauren Colletti,"Laguna Beach, CA",134,46:14,7:27,F 25-29/1,F-26,14,46:22,65.63%
41,John Means III,"Corona Del Mar, CA",289,46:14,7:27,M 45-49/7,M-45,27,46:28,63.87%
42,Brenda Rosche,"Downey, CA",239,46:16,7:27,F 25-29/2,F-29,15,46:22,65.59%
43,Maya Kass,", ",492,46:21,7:28,F 40-44/5,F-40,16,46:36,67.66%
44,Jennifer Buckley,"Newport Coast, CA",100015,46:26,7:29,F 50-54/3,F-53,17,46:30,76.88%
45,John McAndrew,"Irvine, CA",331,46:27,7:29,M 60-64/1,M-61,28,46:31,72.54%
46,Andrew Casey,"Studio City, CA",321,46:28,7:29,M 20-24/2,M-24,29,46:34,57.80%
47,David Riley,"Newport Beach, CA",236,46:55,7:33,M 50-54/2,M-52,30,46:59,66.52%
48,John Marshall,"Newport Coast, CA",334,47:04,7:35,M 45-49/8,M-45,31,47:27,62.73%
49,Nicole Quinn,"Newport Beach, CA",233,47:28,7:39,F 35-39/4,F-35,18,47:33,64.56%
50,Mariah Chapin,"Costa Mesa, CA",128,47:44,7:41,F 15-19/1,F-17,19,47:52,64.93%
51,Geraldine Gamez,"Newport Beach, CA",165,47:54,7:43,F 35-39/5,F-35,20,48:08,63.97%
52,Kelsey Christensen,"Newport Beach, CA",100016,48:04,7:45,F 15-19/2,F-16,21,48:08,65.31%
53,Christopher Gurr,"Newport Beach, CA",332,48:05,7:45,M 55-59/3,M-55,32,48:17,66.54%
54,Carolyn Marek,"Costa Mesa, CA",206,48:38,7:50,F 35-39/6,F-36,22,48:43,63.22%
55,Sally Guon,"San Clemente, CA",341,48:43,7:51,F 50-54/4,F-51,23,48:46,71.42%
56,Chuck Casey,", ",319,48:46,7:51,M 50-54/3,M-51,33,48:55,63.49%
57,Stephen Tomassi,"Villa Park, CA",100062,48:46,7:51,M 55-59/4,M-58,34,48:54,67.28%
58,Holden Colonnese,"Mission Viejo, CA",135,48:49,7:52,M 15-19/3,M-18,35,48:52,56.90%
59,George Doig,"Costa Mesa, CA",100020,48:51,7:52,M 45-49/9,M-45,36,49:03,60.44%
60,Kellen Givens,"Newport Beach, CA",175,49:03,7:54,M 15-19/4,M-15,37,49:09,59.11%
61,Nancy Bauerlein,", ",489,49:04,7:54,F 40-44/6,F-44,24,49:08,65.78%
62,Jeff Gilbert,"Newport Beach, CA",172,49:08,7:55,M 40-44/5,M-44,38,49:18,59.62%
63,Edys Gauger,"Irvine, CA",100024,49:12,7:55,F 55-59/1,F-55,25,49:19,74.45%
64,K Flippin,"Laguna Beach, CA",159,49:15,7:56,F 40-44/7,F-41,26,49:34,64.05%
65,David Barjenbruch,"Broomfield, CO",108,49:34,7:59,M 40-44/6,M-42,39,49:43,58.19%
66,Paula Lopes,"Laguna Beach, CA",322,49:55,8:02,F 35-39/7,F-36,27,50:10,61.59%
67,Christopher Duplanty,"Newport Beach, CA",286,49:56,8:03,M 45-49/10,M-45,40,50:10,59.13%
68,Tom Smith,"Clovis, CA",255,49:57,8:03,M 25-29/3,M-25,41,50:06,53.77%
69,Kristie Bon,"Clovis, CA",119,49:57,8:03,F 20-24/1,F-21,28,50:06,60.75%
70,Manny Garcia,"Laguna Hills, CA",100059,49:58,8:03,M 40-44/7,M-43,42,50:27,58.19%
71,Tim Templeton,"Laguna Beach, CA",100053,50:07,8:04,M 45-49/11,M-46,43,50:26,59.35%
72,Brad Alan Lewis,"IRVINE, CA",301,50:11,8:05,M 55-59/5,M-56,44,50:22,64.29%
73,Gregory Athas,"Arcadia, CA",347,50:25,8:07,M 25-29/4,M-28,45,50:41,53.27%
74,Anthony Sambrano,"Yorba Linda, CA",350,50:34,8:09,M 20-24/3,M-22,46,50:43,53.15%
75,Peter Cary,"Costa Mesa, CA",124,50:38,8:09,M 60-64/2,M-61,47,50:45,66.55%
76,Andre Lomeli,"Long Beach, CA",201,50:42,8:10,M 25-29/5,M-25,48,50:51,52.98%
77,Param Dhillon,"Los Angeles, CA",145,50:51,8:11,F 30-34/4,F-30,29,51:00,59.70%
78,Joe Clougherty,"Newport Beach, CA",131,50:51,8:11,M 30-34/6,M-34,49,51:01,53.67%
79,Gary Darcy,"Santa Ana, CA",139,50:55,8:12,M 50-54/4,M-51,50,51:07,60.81%
80,Joni Nitollama,"Costa Mesa, CA",100041,51:08,8:14,F 30-34/5,F-31,30,51:15,59.41%
81,Mark Allen,"Los Angeles, CA",103,51:13,8:15,M 25-29/6,M-27,51,51:26,52.44%
82,Eric Gildenhuys,"Newport Coast, CA",173,51:21,8:16,M 45-49/12,M-45,52,51:43,57.50%
83,Hope Gannon,"Costa Mesa, CA",167,51:33,8:18,F 40-44/8,F-40,31,51:46,60.83%
84,Gabriel Schij,"Long Beach, CA",333,51:38,8:19,M 60-64/3,M-62,53,51:45,65.84%
85,Carlos Gonzales,"Covina, CA",177,51:40,8:19,M 45-49/13,M-45,54,51:59,57.15%
86,Scott Marquez,"Newport Beach, CA",340,51:51,8:21,M 45-49/14,M-46,55,52:02,57.36%
87,Callie Hamilton,"Newport Beach, CA",303,52:30,8:27,F 30-34/6,F-31,32,52:42,57.86%
88,Faye Vasconcellos,"Playa Vista, CA",271,52:33,8:28,F 35-39/8,F-36,33,52:40,58.50%
89,Gerard Castro,"San Diego, CA",125,52:36,8:28,M 35-39/4,M-36,56,52:41,52.49%
90,Betti Bliss,"Costa Mesa, CA",479,52:36,8:28,F 35-39/9,F-39,34,52:49,59.27%
91,Douglas McCormick,"Coto De Caza, CA",329,52:41,8:29,M 40-44/8,M-42,57,52:48,54.75%
92,Steve Rice,"Newport Beach, CA",100061,52:53,8:31,M 35-39/5,M-37,58,52:58,52.55%
93,Richard Johnson,"Newport Beach, CA",330,53:05,8:33,M 45-49/15,M-48,59,53:14,56.94%
94,Monique Van Zeebroeck,"Irvine, CA",268,53:30,8:37,F 45-49/1,F-49,35,53:43,63.45%
95,Brenda Colgate,"Newport Beach, CA",100133,53:31,8:37,F 50-54/5,F-53,36,53:39,66.70%
96,Eldon McKenna,"Huntington Bh, CA",343,53:57,8:41,M 30-34/7,M-32,60,54:16,50.19%
97,Helen Rotherham,"Newport Beach, CA",292,53:58,8:42,F 35-39/10,F-39,37,54:04,57.77%
98,Jennifer Paolone,"Corona Del Mar, CA",229,54:03,8:42,F 35-39/11,F-35,38,54:10,56.69%
99,Renee Tucknott,"Woodland Hills, CA",267,54:04,8:42,F 25-29/3,F-26,39,54:13,56.12%
100,Linsey Frey,"Orange, CA",100023,54:06,8:43,F 25-29/4,F-25,40,54:14,56.09%
101,Ashley Welgan,"Laguna Beach, CA",275,54:17,8:45,F 35-39/12,F-36,41,54:27,56.63%
102,Stefani Kochen,"Irvine, CA",195,54:25,8:46,F 25-29/5,F-26,42,54:35,55.76%
103,Caroline Glynn,"Huntington Beach, CA",176,54:26,8:46,F 30-34/7,F-34,43,54:26,56.11%
104,Kristalyn McCloskey,"Hesperia, CA",335,54:28,8:46,F 25-29/6,F-26,44,54:35,55.71%
105,Brooke Stefano,"Corona Del Mar, CA",257,54:41,8:48,F 40-44/9,F-44,45,54:48,59.02%
106,Jennifer Shockro,"Newport Beach, CA",100050,54:43,8:49,F 40-44/10,F-42,46,54:54,58.07%
107,Robin Sharbrough,"Newport Beach, CA",100049,54:43,8:49,F 35-39/13,F-39,47,54:59,56.98%
108,Anna Sofia C Dickens,"Baton Rouge, LA",348,54:46,8:49,F 30-34/8,F-31,48,54:56,55.46%
109,Sheralyn McVeigh,"Huntington Beach, CA",100038,55:23,8:55,F 35-39/14,F-36,49,55:38,55.51%
110,Dale Roberts,"Trabuco Cyn, CA",100072,55:23,8:55,M 55-59/6,M-56,61,55:26,58.25%
111,Nancy Barjenbruch,"Broomfield, CO",109,55:32,8:57,F 40-44/11,F-42,50,55:42,57.22%
112,Andrea Blais,"Yorba Linda, CA",116,55:34,8:57,F 40-44/12,F-43,51,55:43,57.61%
113,Samuel Mora,"Yorba Linda, CA",218,55:35,8:57,M 55-59/7,M-58,62,55:45,59.03%
114,Ryan Preston,"Hesperia, CA",482,55:37,8:57,M 30-34/8,M-32,63,55:44,48.68%
115,Avrum Kaufman,", ",100070,55:40,8:58,M 40-44/9,M-43,64,56:01,52.23%
116,Jamie Pienkowski,"Foothill Ranch, CA",339,55:45,8:59,F 30-34/9,F-32,52,55:57,54.55%
117,Todd Schimmelpfennig,"Newport Beach, CA",293,56:03,9:02,M 40-44/10,M-43,65,56:19,51.87%
118,Sue Branica,"Irvine, CA",120,56:03,9:02,F 55-59/2,F-56,53,56:15,66.24%
119,John Calvert,"Rcho Sta Marg, CA",325,56:09,9:03,M 45-49/16,M-46,66,56:22,52.97%
120,Jeff Calvert,"Foothill Ranch, CA",324,56:17,9:04,M 40-44/11,M-40,67,56:30,50.50%
121,Pete Klumb,"Corona Del Mar, CA",351,56:17,9:04,M 50-54/5,M-50,68,56:32,54.56%
122,Kelsey Carroll,"San Clemente, CA",314,56:20,9:04,F 01-14/2,F-13,54,56:35,58.15%
123,Gina Chapin,"Costa Mesa, CA",127,56:22,9:05,F 35-39/15,F-39,55,56:30,55.31%
124,Kim Harvey,"Corona Del Mar, CA",180,56:24,9:05,F 40-44/13,F-40,56,56:40,55.60%
125,Jane Welgan,"Laguna Beach, CA",276,56:29,9:06,F 60-64/1,F-64,57,56:39,73.55%
126,Sarah Clark,"Irvine, CA",130,56:33,9:06,F 35-39/16,F-35,58,56:53,54.19%
127,Zaal Aresh,"Newport Beach, CA",105,56:38,9:07,M 35-39/6,M-37,69,56:52,49.07%
128,Elke Barras,"Costa Mesa, CA",111,56:48,9:09,F 40-44/14,F-41,59,56:56,55.53%
129,Sandra Gibbel,"Aliso Viejo, CA",171,56:50,9:09,F 40-44/15,F-43,60,57:00,56.32%
130,Valery McAndrew,"Irvine, CA",328,56:52,9:10,F 55-59/3,F-55,61,57:00,64.41%
131,Nancy Thompson,"Newport Coast, CA",265,56:54,9:10,F 50-54/6,F-51,62,57:08,61.15%
132,Tony Demarco,"Newport Beach, CA",144,56:55,9:10,M 50-54/6,M-50,70,57:11,53.95%
133,Lorie Davies-Morris,"Trabuco Canyon, CA",140,57:01,9:11,F 40-44/16,F-41,63,57:11,55.32%
134,Brian Owen,"Irvine, CA",100042,57:04,9:11,M 45-49/17,M-48,71,57:20,52.97%
135,Marcello Lacroix,"Costa Mesa, CA",100032,57:05,9:12,M 55-59/8,M-59,72,57:10,58.00%
136,Rebecca Huntington,"Knoxville, TN",189,57:19,9:14,F 25-29/7,F-29,64,57:19,52.94%
137,Chuck Sharbrough,"Newport Beach, CA",249,57:25,9:15,M 40-44/12,M-44,73,57:41,51.02%
138,Hugh Clary,"Newport Beach, CA",480,57:27,9:15,M 50-54/7,M-50,74,57:43,53.45%
139,Raj Jayaraman,"Vernon Hills, IL",100029,57:28,9:15,M 50-54/8,M-50,75,57:39,53.44%
140,Tim Hume,"Newport Coast, CA",100028,57:30,9:16,M 40-44/13,M-44,76,57:45,50.94%
141,Daniel Austin,"Apple Valley, CA",100075,57:36,9:17,M 55-59/9,M-59,77,57:43,57.48%
142,Mike Gibbel,"Aliso Viejo, CA",170,57:36,9:17,M 45-49/18,M-47,78,57:46,52.04%
143,Logan Sheets,"Pickerington, OH",251,57:40,9:17,F 15-19/3,F-19,65,57:55,52.82%
144,Craig Epperley,"Irvine, CA",153,57:54,9:20,M 40-44/14,M-40,79,58:12,49.09%
145,Sandra Doig,"Costa Mesa, CA",148,57:56,9:20,F 45-49/2,F-47,66,58:06,57.29%
146,Ray Medina,"Anaheim, CA",212,58:14,9:23,M 35-39/7,M-37,80,58:23,47.72%
147,Joyce Cheuk,"Bellflower, CA",327,58:14,9:23,F 30-34/10,F-30,67,58:32,52.13%
148,Brandon Gaidano,"Santa Ana, CA",164,58:22,9:24,M 30-34/9,M-34,81,58:40,46.76%
149,Michelle Sullivan,"Anaheim, CA",260,58:27,9:25,F 35-39/17,F-39,68,58:34,53.34%
150,Ricardo Olvera,"Irvine, CA",228,58:31,9:26,M 45-49/19,M-46,82,58:50,50.83%
151,Sylvia Zimring,"Newport Beach, CA",100057,58:33,9:26,F 45-49/3,F-49,69,58:54,57.97%
152,Gabriela Patrick,"Costa Mesa, CA",230,58:37,9:26,F 40-44/17,F-42,70,58:45,54.21%
153,Stephanie Sandoz,"Newport Coast, CA",243,58:59,9:30,F 40-44/18,F-42,71,59:13,53.87%
154,Helen Mackel,"Newport Coast, CA",204,58:59,9:30,F 40-44/19,F-43,72,59:13,54.27%
155,Anji Young,"Newport Beach, CA",355,59:01,9:30,F 35-39/18,F-35,73,59:09,51.92%
156,Manuel Larranaga,"San Diego, CA",197,59:15,9:33,M 35-39/8,M-38,83,59:21,47.27%
157,Sam Say,"Pasadena, CA",245,59:18,9:33,M 25-29/7,M-26,84,59:28,45.29%
158,Eric Fried,"Mission Viejo, CA",160,59:21,9:34,M 50-54/9,M-52,85,59:36,52.58%
159,Robin Rutherford,"Irvine, CA",657,59:21,9:34,F 35-39/19,F-39,74,59:36,52.53%
160,Frank Giaketsis,"Huntington Beach, CA",169,59:35,9:36,M 50-54/10,M-52,86,59:47,52.38%
161,Linda Battista,"Costa Mesa, CA",112,59:50,9:38,F 45-49/4,F-46,75,59:59,54.92%
162,Ray Gamez,"Newport Beach, CA",166,59:51,9:38,M 35-39/9,M-37,87,1:00:07,46.43%
163,Katie Averill-Martin,"Laguna Beach, CA",476,59:59,9:40,F 35-39/20,F-38,76,1:00:15,51.70%
164,Lisa O'Brien,"Mission Viejo, CA",226,1:00:01,9:40,F 40-44/20,F-42,77,1:00:19,52.94%
165,Sarah Rafail,"Newport Beach, CA",234,1:00:05,9:41,F 30-34/11,F-31,78,1:00:13,50.55%
166,Amy Lussier,"Irvine, CA",302,1:00:06,9:41,F 30-34/12,F-34,79,1:00:14,50.82%
167,Anna-Marie Claassen,"Newport Beach, CA",129,1:00:08,9:41,F 30-34/13,F-34,80,1:00:15,50.79%
168,David Berkson,"Anaheim, CA",115,1:00:14,9:42,M 40-44/15,M-40,88,1:00:22,47.19%
169,Trina Schmidt,"Anaheim, CA",247,1:00:36,9:46,F 40-44/21,F-41,81,1:00:44,52.05%
170,Heidi Fain,"Huntington Beach, CA",100058,1:00:43,9:47,F 50-54/7,F-53,82,1:00:59,58.79%
171,Laura Anderson,"Rancho Santa Margarita, CA",104,1:00:50,9:48,F 40-44/22,F-43,83,1:01:09,52.62%
172,Annette Templeton,"Laguna Beach, CA",100052,1:00:55,9:49,F 40-44/23,F-43,84,1:01:14,52.55%
173,Samantha Fritsch,"Newport Beach, CA",161,1:01:05,9:50,F 30-34/14,F-32,85,1:01:22,49.78%
174,Daniel Drewnowski,"Laguna Beach, CA",100474,1:01:05,9:50,M 55-59/10,M-56,89,1:01:23,52.81%
175,Amy Dosier,", ",490,1:01:12,9:51,F 45-49/5,F-48,86,1:01:24,54.84%
176,Bethel Becker,"San Diego, CA",113,1:01:15,9:52,F 25-29/8,F-25,87,1:01:27,49.54%
177,Arthur Webb,"Hermosa Beach, CA",349,1:01:17,9:52,M 30-34/10,M-34,90,1:01:34,44.53%
178,Evan Petersen,"Irvine, CA",231,1:01:24,9:53,M 45-49/20,M-45,91,1:01:35,48.09%
179,Carol Noble,"Fullerton, CA",224,1:01:24,9:53,F 55-59/4,F-56,88,1:01:37,60.47%
180,Dina Ohanlon,"Irvine, CA",227,1:01:44,9:56,F 30-34/15,F-33,89,1:01:50,49.37%
181,Mindy Savage,"Huntington Beach, CA",244,1:01:50,9:57,F 35-39/21,F-38,90,1:02:09,50.15%
182,Howard Fischer,"Huntington Beach, CA",156,1:01:53,9:58,M 50-54/11,M-50,92,1:02:05,49.62%
183,Jenny Inouye,"Hacienda Hts, CA",344,1:02:33,10:04,F 30-34/16,F-30,91,1:02:54,48.53%
184,Julie Hill,"Colorado Springs, CO",185,1:02:42,10:06,F 35-39/22,F-38,92,1:02:51,49.45%
185,Albert Lim,"Rowland Hts, CA",342,1:02:52,10:07,M 30-34/11,M-30,93,1:02:52,42.83%
186,Evelyn Renderos,"Pasadena, CA",338,1:02:53,10:08,F 35-39/23,F-35,93,1:03:08,48.73%
187,Christine Lucci,"Irvine, CA",100036,1:03:06,10:10,F 45-49/6,F-49,94,1:03:30,53.79%
188,Ernesto Vargas,"Anaheim, CA",269,1:03:21,10:12,M 30-34/12,M-31,94,1:03:26,42.61%
189,Megan Perez,"Redondo Beach, CA",345,1:03:36,10:15,F 01-14/3,F-14,95,1:03:56,50.67%
190,James Perez,"Redondo Beach, CA",346,1:03:41,10:15,M 40-44/16,M-43,95,1:04:01,45.65%
191,Eric Soto,"Monrovia, CA",256,1:03:44,10:16,M 30-34/13,M-30,96,1:04:13,42.24%
192,Amy Sitzman,"Costa Mesa, CA",254,1:03:55,10:18,F 30-34/17,F-34,96,1:04:09,47.78%
193,Alison Woolsey,"Orange, CA",100073,1:04:03,10:19,F 55-59/5,F-57,97,1:04:16,58.75%
194,Lilya Winer,"Irvine, CA",278,1:04:08,10:20,F 35-39/24,F-38,98,1:04:21,48.35%
195,Ginger Noble,"Riverside, CA",225,1:04:26,10:23,F 45-49/7,F-49,99,1:04:44,52.68%
196,Ashly Robinson,"Westminster, CA",238,1:04:27,10:23,F 25-29/9,F-27,100,1:04:47,47.08%
197,Eric Little,"Newport Beach, CA",599,1:04:52,10:27,M 45-49/21,M-47,97,1:05:09,46.21%
198,Stephanie Pillsbury,"El Segundo, CA",232,1:05:04,10:29,F 25-29/10,F-25,101,1:05:14,46.63%
199,Tina Hoesli,"Trabuco Canyon, CA",186,1:05:07,10:29,F 35-39/25,F-38,102,1:05:30,47.62%
200,Naheed Azimi,"Mission Viejo, CA",475,1:05:08,10:29,F 25-29/11,F-26,103,1:05:19,46.58%
201,Owen Alkofer,"Rancho Santa Margarita, CA",2008,1:05:08,10:29,M 01-14/1,M-6,98,1:05:31,59.76%
202,Lara Alkofer,"Rancho Santa Margarita, CA",100011,1:05:08,10:29,F 40-44/24,F-42,104,1:05:31,48.78%
203,Ivy Alkofer,"Rancho Santa Margarita, CA",2007,1:05:10,10:30,F 01-14/4,F-4,105,1:05:33, 0.00%
204,Stacey Tarango,"Apple Valley, CA",295,1:05:21,10:31,F 40-44/25,F-40,106,1:05:33,47.98%
205,Brent Sheets,"Pickerington, OH",250,1:05:24,10:32,M 45-49/22,M-46,99,1:05:39,45.48%
206,Erin Klingler,"Los Angeles, CA",194,1:05:29,10:33,F 25-29/12,F-25,107,1:05:43,46.33%
207,Rebecca Heston,"Newport Beach, CA",182,1:05:29,10:33,F 25-29/13,F-28,108,1:05:43,46.33%
208,Lourdes Vargas,"Anaheim, CA",270,1:05:37,10:34,F 20-24/2,F-24,109,1:05:42,46.24%
209,Shawna Warren,"Laguna Hills, CA",274,1:05:58,10:37,F 30-34/18,F-34,110,1:06:12,46.30%
210,Marisol Camarena,", ",104000,1:06:13,10:40,F 35-39/26,F-35,111,1:06:33,46.27%
211,Dusty Ferguson,"Riverside, CA",155,1:06:33,10:43,F 50-54/8,F-52,112,1:06:50,52.96%
212,Kim Solarczyk,"Newport Beach, CA",481,1:06:43,10:45,F 35-39/27,F-37,113,1:06:59,46.25%
213,Melinda Hovee-Harlan,"Costa Mesa, CA",288,1:06:43,10:45,F 40-44/26,F-40,114,1:06:59,47.00%
214,Jessica Nieto,"Aliso Viejo, CA",223,1:06:56,10:47,F 25-29/14,F-28,115,1:07:09,45.33%
215,Karol Givens,"Aliso Viejo, CA",174,1:06:56,10:47,F 50-54/9,F-51,116,1:07:09,51.98%
216,Maura McWalters,"Costa Mesa, CA",211,1:07:30,10:52,F 30-34/19,F-34,117,1:07:44,45.25%
217,Karen Gleeson,"Newport Beach, CA",287,1:07:36,10:53,F 30-34/20,F-33,118,1:07:53,45.08%
218,Tinia Holleman-Soto,"Monrovia, CA",187,1:07:38,10:54,F 25-29/15,F-26,119,1:08:08,44.86%
219,Catherine Long,"Laguna Beach, CA",100035,1:07:42,10:54,F 40-44/27,F-44,120,1:07:59,47.67%
220,Courtney Norton,"Newport Beach, CA",326,1:07:43,10:54,F 30-34/21,F-34,121,1:07:59,45.10%
221,Michelle Rosenthal,"Newport Beach, CA",653,1:08:42,11:04,F 30-34/22,F-33,122,1:09:04,44.36%
222,Michelle Hyman,"Costa Mesa, CA",191,1:09:01,11:07,F 30-34/23,F-30,123,1:09:14,43.99%
223,Brooke Thom,"Costa Mesa, CA",264,1:09:01,11:07,F 25-29/16,F-25,124,1:09:14,43.96%
224,Gary Daichendt,"Laguna Beach, CA",285,1:09:06,11:08,M 55-59/11,M-59,100,1:09:16,47.91%
225,Chelsea Rowe,"Rancho Santa Margarita, CA",241,1:09:50,11:15,F 35-39/28,F-39,125,1:10:00,44.64%
226,Suzanne Hochman,"Irvine, CA",100071,1:09:53,11:15,F 40-44/28,F-44,126,1:10:12,46.18%
227,Sally Vonseggern,"Laguna Niguel, CA",694,1:09:57,11:16,F 45-49/8,F-46,127,1:10:07,46.97%
228,Eric Rosenthal,"Newport Beach, CA",100047,1:10:08,11:18,M 30-34/14,M-33,101,1:10:30,38.74%
229,Vangela Mitchell,"Newport Beach, CA",215,1:10:31,11:21,F 55-59/6,F-56,128,1:10:43,52.65%
230,Matia Hile,"Rsm, CA",184,1:10:31,11:21,F 30-34/24,F-32,129,1:10:42,43.11%
231,Wendy Jensen,"Huntington Beach, CA",192,1:11:14,11:28,F 55-59/7,F-57,130,1:11:26,52.82%
232,Wayne Trepac,"Palos Hills, IL",100056,1:11:28,11:31,M 50-54/12,M-52,102,1:11:47,43.67%
233,Mark Cordell,"Tustin, CA",137,1:11:50,11:34,M 30-34/15,M-32,103,1:12:11,37.69%
234,Maggie Del Real,"Santa Ana, CA",142,1:12:03,11:36,F 35-39/29,F-39,131,1:12:22,43.27%
235,Ellen Mirowitz,", ",304,1:12:42,11:42,F NoAge/1,F-0,132,1:12:59, 0.00%
236,Nancy Bargmann,"Long Beach, CA",100076,1:14:13,11:57,F 45-49/9,F-49,133,1:14:31,45.73%
237,Diane Baker,"Corona Del Mar, CA",107,1:14:54,12:04,F 65-69/1,F-66,134,1:15:16,57.18%
238,Phil Caruso,"Huntington Beach, CA",123,1:17:37,12:30,M 50-54/13,M-54,104,1:18:05,40.87%
239,Pamela Newcomb,"Newport Beach, CA",222,1:20:16,12:55,F 50-54/10,F-52,135,1:20:38,43.90%
240,Erin Holmes,"Newport Beach, CA",188,1:20:25,12:57,F 40-44/29,F-41,136,1:20:40,39.22%
241,Ellen Shockro,"Newport Beach, CA",253,1:21:17,13:05,F 65-69/2,F-68,137,1:21:35,54.37%
242,Pirjo Hennesen,"Costa Mesa, CA",181,1:21:28,13:07,F 60-64/2,F-61,138,1:21:35,48.82%
243,Ebenezer Garcia,"West Covina, CA",323,1:21:29,13:07,M 60-64/4,M-60,105,1:21:36,40.98%
244,John Seaman,"Newport Beach, CA",248,1:21:40,13:09,M 65-69/1,M-65,106,1:21:57,42.76%
245,Michael Maitre,"Los Angeles, CA",205,1:22:19,13:15,M 25-29/8,M-27,107,1:22:34,32.62%
246,Bruce Jerdan,"Tustin, CA",353,1:33:00,14:58,M 60-64/5,M-63,108,1:33:18,36.87%
