Bib,Name,Gender,Age,Hometown,Overall,Women,F 60-64,Age/Grade,Finish,Chip Time,Gun Time
253,Ellen Shockro,F,68,"Newport Beach, CA",241 out of 246,137 out of 138,2 out of 2, 54.37% Place: 128,1:21:17 Pace: 13:05,1:21:17,1:21:35
181,Pirjo Hennesen,F,61,"Costa Mesa, CA",242 out of 246,138 out of 138,2 out of 2, 48.82% Place: 186,1:21:28 Pace: 13:07,1:21:28,1:21:35
323,Ebenezer Garcia,M,60,"West Covina, CA",243 out of 246,105 out of 108,4 out of 5, 40.98% Place: 238,1:21:29 Pace: 13:07,1:21:29,1:21:36
248,John Seaman,M,65,"Newport Beach, CA",244 out of 246,106 out of 108,1 out of 1, 42.76% Place: 235,1:21:40 Pace: 13:09,1:21:40,1:21:57
205,Michael Maitre,M,27,"Los Angeles, CA",245 out of 246,107 out of 108,8 out of 8, 32.62% Place: 244,1:22:19 Pace: 13:15,1:22:19,1:22:34
353,Bruce Jerdan,M,63,"Tustin, CA",246 out of 246,108 out of 108,5 out of 5, 36.87% Place: 243,1:33:00 Pace: 14:58,1:33:00,1:33:18
