Bib,Name,Gender,Age,Hometown,Overall,Women,F 12-12,Age/Grade,Finish,Chip Time,Gun Time
1626,Keeli Sohaei,F,12,"Carlsbad, CA",145 out of 152,72 out of 75,58 out of 61, 44.32% Place: 144,10:26 Pace: 10:26,10:26,10:26
2656,Germaine Germundson,F,12,"Carlsbad, CA",146 out of 152,73 out of 75,59 out of 61, 44.32% Place: 143,10:26 Pace: 10:26,10:26,10:26
2100,Chett Barcelona,M,12,"Oceanside, CA",147 out of 152,74 out of 77,69 out of 71, 40.60% Place: 149,10:34 Pace: 10:34,10:34,10:34
2241,Katie Bysor,F,12,"Oceanside, CA",148 out of 152,74 out of 75,60 out of 61, 43.42% Place: 146,10:39 Pace: 10:39,10:39,10:39
2402,Damin Curtis,M,12,"Carlsbad, CA",149 out of 152,75 out of 77,70 out of 71, 40.28% Place: 150,10:39 Pace: 10:39,10:39,10:39
2403,Dylan Curtis,M,10,"Carlsbad, CA",150 out of 152,76 out of 77,19 out of 19, 42.50% Place: 148,10:41 Pace: 10:41,10:41,10:41
2125,Pablo Benevidez,M,12,"San Diego, CA",151 out of 152,77 out of 77,71 out of 71, 40.09% Place: 151,10:42 Pace: 10:42,10:42,10:42
3670,Devyn Uson,F,12,"San Diego, CA",152 out of 152,75 out of 75,61 out of 61, 37.74% Place: 152,12:15 Pace: 12:15,12:15,12:15
