Place,Name,Location,Bib,Net Time,Pace,Division/Place,Sex-Age,Sex-Place,Gun Time,Age Grade
1,Eprain Vargas,"Huntington Beach, CA",1591,5:18,5:18,M 12-12/1,M-12,1,5:18,81.07%
2,Danny Vargas,"Huntington Beach, CA",1735,5:22,5:22,M 12-12/2,M-12,2,5:22,80.06%
3,Emma Abrahamson,"Carlsbad, CA",2010,5:23,5:23,F 12-12/1,F-12,1,5:23,86.02%
4,Austin Johnson,"Chula Vista, CA",2862,5:26,5:26,M 12-12/3,M-12,3,5:26,79.08%
5,Itzel Alcaraz,"Mexicali, BC",1593,5:28,5:28,F 12-12/2,F-12,2,5:28,84.71%
6,Bryce Wickersham,"Redlands, CA",3753,5:29,5:29,M 12-12/4,M-12,4,5:29,78.35%
7,Christopher Spiering,"Carlsbad, CA",3568,5:34,5:34,M 12-12/5,M-12,5,5:34,77.18%
8,Hallie Whitley,"Oceanside, CA",3752,5:34,5:34,F 12-12/3,F-12,3,5:34,82.93%
9,Dominick Mattoni,"Escondido, CA",3099,5:42,5:42,M 12-12/6,M-12,6,5:42,75.37%
10,Thomas Sanchez,"Rancho Cucamonga, CA",1916,5:42,5:42,M 12-12/7,M-12,7,5:42,75.15%
11,Rachel Shapiro,"Hacienda Heights, CA",3521,5:43,5:43,F 12-12/4,F-12,4,5:43,80.99%
12,Marina Kemper,"San Diego, CA",2913,6:02,6:02,F 12-12/5,F-12,5,6:02,76.52%
13,Lukas Oliger,"San Dimas, CA",1592,6:03,6:03,Unknown/14,M-11,8,6:03,72.73%
14,Connor Johnson,"Chula Vista, CA",2864,6:04,6:04,M 12-12/8,M-12,9,6:04,70.80%
15,Joshua Chavez,"West Covina, CA",2304,6:08,6:08,M 12-12/9,M-12,10,6:08,70.03%
16,Gabrielle Depetro,"Carlsbad, CA",2452,6:09,6:09,F 12-12/6,F-12,6,6:09,75.27%
17,Grayson Manley,"San Marcos, CA",3071,6:10,6:10,M 12-12/10,M-12,11,6:10,69.65%
18,Brittany Doan,"Encinitas, CA",2480,6:12,6:12,F 12-12/7,F-12,7,6:12,74.66%
19,Brianna Kuhse,"San Diego, CA",2953,6:13,6:13,F 12-12/8,F-12,8,6:13,74.46%
20,Justin Swartout,"San Marcos, CA",1520,6:14,6:14,M 12-12/11,M-12,12,6:14,68.90%
21,Elijah Roberson,"Escondido, CA",3418,6:14,6:14,M 12-12/12,M-12,13,6:14,68.90%
22,Andrew Brion,"Vista, CA",3913,6:15,6:15,M 12-12/13,M-12,14,6:15,68.72%
23,Jonathan Cremonesi,"Oceanside, CA",2387,6:15,6:15,M 12-12/14,M-12,15,6:15,68.72%
24,Adrian Betancourt,"Carlsbad, CA",2137,6:16,6:16,M 12-12/15,M-12,16,6:16,68.35%
25,Robert Stegman,"Encinitas, CA",1705,6:17,6:17,M 12-12/16,M-12,17,6:17,68.35%
26,Kyle Sebo,"Oceanside, CA",3509,6:18,6:18,M 12-12/17,M-12,18,6:18,68.17%
27,Mele Johnson,"San Diego, CA",2868,6:19,6:19,F 12-12/9,F-12,9,6:19,73.28%
28,Emma Hager,"San Diego, CA",2733,6:21,6:21,F 12-12/10,F-12,10,6:21,72.89%
29,Alyssa Kuck,"San Diego, CA",2952,6:22,6:22,F 12-12/11,F-12,11,6:22,72.70%
30,Moritz Voskamp,"Carlsbad, CA",3704,6:22,6:22,M 12-12/18,M-12,19,6:22,67.45%
31,Gabriel Retzer,"Carlsbad, CA",3394,6:24,6:24,M 12-12/19,M-12,20,6:24,67.10%
32,Katie Nelson,"San Diego, CA",3235,6:26,6:26,F 12-12/12,F-12,12,6:26,71.95%
33,Miranda Schulz,"Temecula, CA",3504,6:26,6:26,F 12-12/13,F-12,13,6:26,71.95%
34,Stephanie Malherbe,"Temecula, CA",3822,6:28,6:28,F 12-12/14,F-12,14,6:28,71.58%
35,Julius Diehr,"San Diego, CA",2472,6:30,6:30,M 12-12/20,M-12,21,6:30,66.07%
36,Evan Devore,"Oceanside, CA",2458,6:33,6:33,M 12-12/21,M-12,22,6:33,65.56%
37,Anthony Sepulveda,"Fallbrook, CA",3513,6:34,6:34,M 12-12/22,M-12,23,6:34,65.39%
38,Kurtis Shaffer,"Carlsbad, CA",3518,6:34,6:34,M 12-12/23,M-12,24,6:34,65.39%
39,Shelby Lee,"Carlsbad, CA",2996,6:35,6:35,F 12-12/15,F-12,15,6:35,70.30%
40,Franklin De Jong,"Escondido, CA",2428,6:37,6:37,M 12-12/24,M-12,25,6:37,64.90%
41,Sam Clough,"Ramona, CA",2345,6:37,6:37,M 12-12/25,M-12,26,6:37,64.90%
42,Devon Valdivia,"Carlsbad, CA",3676,6:38,6:38,M 12-12/26,M-12,27,6:38,64.74%
43,Chase Kollenda,"Carlsbad, CA",2939,6:38,6:38,M 12-12/27,M-12,28,6:38,64.74%
44,Lonnie Camacho III,"Las Cruces, NM",2250,6:38,6:38,M 12-12/28,M-12,29,6:38,64.74%
45,Victoria Zaks,"Carlsbad, CA",3792,6:39,6:39,F 12-12/16,F-12,16,6:39,69.60%
46,Nathan Poblete,"Carlsbad, CA",1734,6:46,6:46,M 12-12/29,M-12,30,6:46,63.46%
47,Kc Harris,"Carlsbad, CA",2758,6:47,6:47,M 12-12/30,M-12,31,6:47,63.30%
48,Meg Kirby,"Carlsbad, CA",2929,6:47,6:47,F 12-12/17,F-12,17,6:47,68.23%
49,Rosalie Medina,"Vista, CA",3139,6:47,6:47,F 12-12/18,F-12,18,6:47,68.23%
50,Brianna Pinal,"Vista, CA",3347,6:47,6:47,F 12-12/19,F-12,19,6:47,68.23%
51,Mariana Castro,"Mexicali, BC",3904,6:52,6:52,Unknown/1,F-11,20,6:52,68.86%
52,James Vanderpool,"Carlsbad, CA",3689,6:53,6:53,M 12-12/31,M-12,32,6:53,62.38%
53,Divante' Ingram,"Escondido, CA",2832,6:56,6:56,M 12-12/32,M-12,33,6:56,61.93%
54,Elizabeth Lam,"Cardiff, CA",2960,6:56,6:56,F 12-12/20,F-12,21,6:56,66.75%
55,Emily Gibson,"Irvine, CA",2662,6:57,6:57,F 12-12/21,F-12,22,6:57,66.59%
56,Nick Hendricks,"Carlsbad, CA",1836,6:58,6:58,M 12-12/33,M-12,34,6:58,61.63%
57,Edward Dickhoff,"Oceanside, CA",2470,6:59,6:59,M 12-12/34,M-12,35,6:59,61.48%
58,Rachel Scheibel,"Vista, CA",1940,7:00,7:00,Unknown/2,F-11,23,7:00,67.54%
59,Ethan Hammershaimb,"La Jolla, CA",2744,7:00,7:00,M 12-12/35,M-12,36,7:00,61.34%
60,Candido Vizzuett,"Carlsbad, CA",1644,7:00,7:00,M 12-12/36,M-12,37,7:00,61.34%
61,August Gruneisen,"Ramona, CA",1753,7:02,7:02,M 12-12/37,M-12,38,7:02,60.90%
62,Jodi Simeroth,"San Diego, CA",3540,7:03,7:03,F 12-12/22,F-12,24,7:03,65.64%
63,Emerson Diehl,"CARLSBAD, CA",2471,7:03,7:03,F 12-12/23,F-12,25,7:03,65.64%
64,Todd Simonsen,"San Marcos, CA",3837,7:03,7:03,M 12-12/38,M-12,39,7:03,60.90%
65,Katie Beyer,"Carlsbad, CA",1747,7:04,7:04,F 12-12/24,F-12,26,7:04,65.48%
66,Rachel Carroll,"La Jolla, CA",2270,7:05,7:05,F 12-12/25,F-12,27,7:05,65.33%
67,Dean Whitcher,"Carlsbad, CA",3921,7:07,7:07,M 12-12/39,M-12,40,7:07,60.33%
68,Matthew Montijo,"Escondido, CA",1931,7:09,7:09,M 12-12/40,M-12,41,7:09,60.05%
69,Daphane Norris,"Fountain Valley, CA",1750,7:09,7:09,F 12-12/26,F-12,28,7:09,64.72%
70,Sean Baldus,"Carlsbad, CA",2094,7:10,7:10,M 12-12/41,M-12,42,7:10,59.91%
71,Brandon Schneider,"Fallbrook, CA",3496,7:11,7:11,M 12-12/42,M-12,43,7:11,59.77%
72,Jamie Jay,"San Marcos, CA",2846,7:14,7:14,F 12-12/27,F-12,29,7:14,63.97%
73,Joseph Garcia,"Vista, CA",2635,7:16,7:16,Unknown/15,M-11,44,7:16,60.69%
74,Jordan Terral,"Encinitas, CA",3634,7:16,7:16,Unknown/3,F-11,30,7:16,65.06%
75,Jackie Dister,"Carlsbad, CA",2478,7:17,7:17,F 12-12/28,F-12,31,7:17,63.53%
76,Jaafar Janfada,"Perris, CA",2842,7:19,7:19,M 12-12/43,M-12,45,7:19,58.68%
77,Drew Oliver,"Carlsbad, CA",1508,7:19,7:19,Unknown/4,F-11,32,7:19,64.61%
78,Emma Birdseye,"Carlsbad, CA",3853,7:20,7:20,F 12-12/29,F-12,33,7:20,63.10%
79,Jared Friedrichs,"Carlsbad, CA",3902,7:22,7:22,M 12-12/44,M-12,46,7:22,58.28%
80,Caroline Ricci,"Carlsbad, CA",3398,7:25,7:25,F 12-12/30,F-12,34,7:25,62.39%
81,Raquel Keck,"Encinitas, CA",2898,7:25,7:25,F 12-12/31,F-12,35,7:25,62.39%
82,Kenny Jepsen,"Vista, CA",2854,7:27,7:27,M 12-12/45,M-12,47,7:27,57.62%
83,Jordan Spandinkow,"Oceanside, CA",3915,7:27,7:27,M 12-12/46,M-12,48,7:27,57.62%
84,Nicole Rivera,"Oceanside, CA",3411,7:28,7:28,F 12-12/32,F-12,36,7:28,61.97%
85,Maddi Zines,"Carlsbad, CA",3820,7:29,7:29,F 12-12/33,F-12,37,7:29,61.83%
86,Jack Costello,"San Marcos, CA",2370,7:30,7:30,Unknown/16,M-11,49,7:30,58.80%
87,Brandon Rodriguez,"Vista, CA",3429,7:32,7:32,M 12-12/47,M-12,50,7:32,56.98%
88,Adam Gootgeld,"San Marcos, CA",2701,7:34,7:34,M 12-12/48,M-12,51,7:34,56.73%
89,Jake Hubbard,"Carlsbad, CA",2821,7:34,7:34,Unknown/17,M-11,52,7:34,58.28%
90,Cheyenne Ertz,"San Marcos, CA",2548,7:36,7:36,Unknown/5,F-11,38,7:36,62.20%
91,Alexandra Israel,"San Marcos, CA",1574,7:37,7:37,F 12-12/34,F-12,39,7:37,60.75%
92,Madeline Staudinger,"San Diego, CA",3578,7:39,7:39,F 12-12/35,F-12,40,7:39,60.48%
93,Christina Kraus,"Encinitas, CA",1744,7:40,7:40,Unknown/6,F-11,41,7:40,61.66%
94,Lea Bilange,"San Diego, CA",2142,7:42,7:42,F 12-12/36,F-12,42,7:42,60.09%
95,Nicholas Massa,"Julian, CA",3097,7:43,7:43,M 12-12/49,M-12,53,7:43,55.63%
96,Sarah Dale,"Encinitas, CA",2415,7:43,7:43,F 12-12/37,F-12,43,7:43,59.96%
97,Kaitlyn Berry,"Carlsbad, CA",2133,7:46,7:46,F 12-12/38,F-12,44,7:46,59.57%
98,Marlyse Martin,"Carlsbad, CA",3091,7:49,7:49,F 12-12/39,F-12,45,7:49,59.19%
99,Brennan Doherty,"Carlsbad, CA",2483,7:50,7:50,M 12-12/50,M-12,54,7:50,54.80%
100,Hayli Herman,"Carlsbad, CA",1711,7:51,7:51,M 12-12/51,M-12,55,7:51,54.68%
101,Anna Swette,"Carlsbad, CA",1536,7:51,7:51,F 12-12/40,F-12,46,7:51,58.94%
102,Erin Murphy,"Encinitas, CA",3215,7:54,7:54,Unknown/7,F-11,47,7:54,59.83%
103,Kirsten Johnson,"Carlsbad, CA",1823,7:56,7:56,F 12-12/41,F-12,48,7:56,58.32%
104,Andrew Bower,"Carlsbad, CA",2051,7:59,7:59,M 12-12/52,M-12,56,7:59,53.77%
105,Nicholas Liao,"Carlsbad, CA",3011,7:59,7:59,M 12-12/53,M-12,57,7:59,53.77%
106,Cole Nielsen,"Carlsbad, CA",3249,8:00,8:00,M 12-12/54,M-12,58,8:00,53.54%
107,Michael Easterling Jr,"Oceanside, CA",2515,8:02,8:02,M 12-12/55,M-12,59,8:02,53.43%
108,Emily Garcia,"Vista, CA",2634,8:04,8:04,F 12-12/42,F-12,49,8:04,57.35%
109,Jonathan Torres,"Commerce, CA",3656,8:04,8:04,M 12-12/56,M-12,60,8:04,53.21%
110,Carly Compton,"Escondido, CA",3905,8:07,8:07,F 12-12/43,F-12,50,8:07,57.00%
111,Taylor Finn,"San Marcos, CA",2583,8:14,8:14,M 12-12/57,M-12,61,8:14,52.13%
112,Jonathan Fandey,"Carlsbad, CA",2560,8:19,8:19,M 12-12/58,M-12,62,8:19,51.61%
113,Anthony Monk,"Carson, CA",3188,8:20,8:20,M 12-12/59,M-12,63,8:20,51.50%
114,Julianna Josephson,"San Marcos, CA",2873,8:20,8:20,F 12-12/44,F-12,51,8:20,55.51%
115,Deija Dawson,"Carlsbad, CA",1640,8:20,8:20,Unknown/8,F-11,52,8:20,56.71%
116,Yesenia Rivera,"Escondido, CA",3416,8:20,8:20,F 12-12/45,F-12,53,8:20,55.51%
117,Taylor Yelland,"Carlsbad, CA",3786,8:23,8:23,F 12-12/46,F-12,54,8:23,55.18%
118,Kim Klarer,"Ramona, CA",1942,8:34,8:34,M 12-12/60,M-12,64,8:34,50.10%
119,Alonso Enriquez,"Escondido, CA",2543,8:36,8:36,M 12-12/61,M-12,65,8:36,49.90%
120,Sarah Cho,"Oceanside, CA",2316,8:38,8:38,F 12-12/47,F-12,55,8:38,53.58%
121,Sabrina Enns,"Vista, CA",2541,8:43,8:43,Unknown/9,F-11,56,8:43,54.21%
122,Alex Timme,"Fallbrook, CA",3650,8:45,8:45,M 12-12/62,M-12,66,8:45,49.05%
123,Kaity Meyer,"Vista, CA",3155,8:47,8:47,Unknown/10,F-11,57,8:47,53.70%
124,Cameron Perry,"Carlsbad, CA",3336,8:51,8:51,M 12-12/63,M-12,67,8:51,48.49%
125,Jazzmine Orr,"Fallbrook, CA",3291,8:54,8:54,F 12-12/48,F-12,58,8:54,51.97%
126,Brandon Phan,"Escondido, CA",3340,9:03,9:03,M 12-12/64,M-12,68,9:03,47.42%
127,Tiana Coleman,"San Marcos, CA",2350,9:04,9:04,F 12-12/49,F-12,59,9:04,51.01%
128,Isaac Velazquez,"Vista, CA",3698,9:12,9:12,M 12-12/65,M-12,69,9:12,46.64%
129,Michael Miller,"San Marcos, CA",3169,9:21,9:21,M 12-12/66,M-12,70,9:21,45.89%
130,Carly Kunzik,"Carlsbad, CA",2954,9:23,9:23,F 12-12/50,F-12,60,9:23,49.29%
131,Rachel Dumiak,"Carlsbad, CA",1550,9:23,9:23,F 12-12/51,F-12,61,9:23,49.29%
132,Marina Rodriguez,"Carlsbad, CA",3818,9:26,9:26,F 12-12/52,F-12,62,9:26,49.03%
133,Sydney Maynard-Leff,"San Marcos, CA",3101,9:26,9:26,F 12-12/53,F-12,63,9:26,49.03%
134,Erika Dolan,"Big Bear Lake, CA",2485,9:26,9:26,F 12-12/54,F-12,64,9:26,49.03%
135,Cortney Hahn,"Oceanside, CA",1595,9:29,9:29,F 12-12/55,F-12,65,9:29,48.77%
136,Euona Koddy,"Culver City, CA",1936,9:30,9:30,F 13-99/1,F-13,66,9:30,47.80%
137,Rachel Stull,"Carlsbad, CA",3598,9:33,9:33,Unknown/11,F-11,67,9:33,49.48%
138,Chris Fernando,"San Marcos, CA",2568,9:38,9:38,Unknown/18,M-11,71,9:38,45.75%
139,Makayla Kern,"Carlsbad, CA",2918,9:41,9:41,F 12-12/56,F-12,68,9:41,47.76%
140,Hunter Wray,"Oceanside, CA",3779,9:50,9:50,M 12-12/67,M-12,72,9:50,43.63%
141,Alendria O'Connor,"Carlsbad, CA",3269,10:03,10:03,F 12-12/57,F-12,69,10:03,46.01%
142,Rakan Richardson,"San Diego, CA",3403,10:03,10:03,M 12-12/68,M-12,73,10:03,42.69%
143,Lindsay Burlison,"Carlsbad, CA",1504,10:05,10:05,Unknown/12,F-11,70,10:05,46.85%
144,Samantha Rivera,"Escondido, CA",3413,10:05,10:05,Unknown/13,F-11,71,10:05,46.85%
145,Keeli Sohaei,"Carlsbad, CA",1626,10:26,10:26,F 12-12/58,F-12,72,10:26,44.32%
146,Germaine Germundson,"Carlsbad, CA",2656,10:26,10:26,F 12-12/59,F-12,73,10:26,44.32%
147,Chett Barcelona,"Oceanside, CA",2100,10:34,10:34,M 12-12/69,M-12,74,10:34,40.60%
148,Katie Bysor,"Oceanside, CA",2241,10:39,10:39,F 12-12/60,F-12,74,10:39,43.42%
149,Damin Curtis,"Carlsbad, CA",2402,10:39,10:39,M 12-12/70,M-12,75,10:39,40.28%
150,Dylan Curtis,"Carlsbad, CA",2403,10:41,10:41,Unknown/19,M-10,76,10:41,42.50%
151,Pablo Benevidez,"San Diego, CA",2125,10:42,10:42,M 12-12/71,M-12,77,10:42,40.09%
152,Devyn Uson,"San Diego, CA",3670,12:15,12:15,F 12-12/61,F-12,75,12:15,37.74%
