Place,Name,Location,Bib,Net Time,Pace,Division/Place,Sex-Age,Sex-Place,Gun Time,Age Grade
1,Steven Fahy,"Carlsbad, CA",1274,5:20,5:20,M 12-12/1,M-12,1,5:20, 0.00%
2,Victor Tamayo,"Oceanside, CA",4851,5:24,5:24,M 12-12/2,M-12,2,5:24, 0.00%
3,Anamacio Cardenas,"Bloomington, CA",4852,5:31,5:31,M 12-12/3,M-12,3,5:31, 0.00%
4,Catie Ledesma,"Chula Vista, CA",1518,5:34,5:34,F 12-12/1,F-12,1,5:34, 0.00%
5,Andie Ledesma,"Chula Vista, CA",1516,5:35,5:35,F 12-12/2,F-12,2,5:35, 0.00%
6,Hannah Rae Finchamp,"Altadena, CA",1285,5:37,5:37,F 12-12/3,F-12,3,5:37, 0.00%
7,Thomas Ridder,"Tracy, CA",2698,5:47,5:47,M 12-12/4,M-12,4,5:47, 0.00%
8,Scott Snow,"Carlsbad, CA",1837,5:48,5:48,M 12-12/5,M-12,5,5:48, 0.00%
9,Albert Castillo,"Hacienda Heights, CA",4865,5:49,5:49,M 12-12/6,M-12,6,5:49, 0.00%
10,Bryce Ackermann,"San Diego, CA",8,5:51,5:51,M 12-12/7,M-12,7,5:51, 0.00%
11,Aaron Steger,"Cardiff, CA",4320,5:56,5:56,M 12-12/8,M-12,8,5:56, 0.00%
12,Sarah Benson,"Temecula, CA",2033,5:58,5:58,F 12-12/4,F-12,4,5:58, 0.00%
13,Brandon Kay,"San Diego, CA",1461,6:01,6:01,M 12-12/9,M-12,9,6:01, 0.00%
14,Itzil Lizaraga,"Mexicali, BC",4918,6:02,6:02,F 12-12/5,F-12,5,6:02, 0.00%
15,Noah Jones-Ross,"Chula Vista, CA",2423,6:02,6:02,M 12-12/10,M-12,10,6:02, 0.00%
16,Wes Bergevin,"Carlsbad, CA",1028,6:04,6:04,M 12-12/11,M-12,11,6:04, 0.00%
17,Maira Montiei,"Mexicali, BC",4917,6:04,6:04,F 12-12/6,F-12,6,6:04, 0.00%
18,Jill Bushman,"San Diego, CA",2096,6:05,6:05,F 12-12/7,F-12,7,6:05, 0.00%
19,Christina La Pierre,"Temecula, CA",2468,6:08,6:08,F 12-12/8,F-12,8,6:08, 0.00%
20,Brendan Gee,"San Diego, CA",1333,6:09,6:09,M 12-12/12,M-12,12,6:09, 0.00%
21,Matthew Thompson,"Escondido, CA",1884,6:12,6:12,M 12-12/13,M-12,13,6:12, 0.00%
22,Tyler Kelly,"Carlsbad, CA",2440,6:14,6:14,M 12-12/14,M-12,14,6:14, 0.00%
23,Bailie Ledesma,"Chula Vista, CA",1517,6:15,6:15,F 12-12/9,F-12,9,6:15, 0.00%
24,Erin Green,"San Diego, CA",2315,6:16,6:16,F 12-12/10,F-12,10,6:16, 0.00%
25,Kelsey Motyl,"Oceanside, CA",2594,6:16,6:16,F 12-12/11,F-12,11,6:16, 0.00%
26,Akinari Ohashi,"Carlsbad, CA",1661,6:17,6:17,M 12-12/15,M-12,15,6:17, 0.00%
27,Jonathan Valladon,"La Jolla, CA",4661,6:18,6:18,M 12-12/16,M-12,16,6:18, 0.00%
28,Bobbie Hutchinson,"Oceanside, CA",2387,6:21,6:21,F 12-12/12,F-12,12,6:21, 0.00%
29,Grant Zebold,"San Diego, CA",1964,6:21,6:21,M 13-99/1,M-13,17,6:21, 0.00%
30,Savannah Adkins,"Carlsbad, CA",1977,6:22,6:22,F 12-12/13,F-12,13,6:22, 0.00%
31,Megan Carroll,"La Jolla, CA",1104,6:24,6:24,F 12-12/14,F-12,14,6:24, 0.00%
32,Forrest Ponsot,"Escondido, CA",1712,6:24,6:24,M 12-12/17,M-12,18,6:24, 0.00%
33,Tony Ibrahim,"Carlsbad, CA",1425,6:26,6:26,M 12-12/18,M-12,19,6:26, 0.00%
34,Brenton Bender,"Carlsbad, CA",2032,6:26,6:26,M 12-12/19,M-12,20,6:26, 0.00%
35,Shay Martin,"Oceanside, CA",2527,6:26,6:26,M 12-12/20,M-12,21,6:26, 0.00%
36,Megan Jarvis,"Vista, CA",1435,6:27,6:27,F 12-12/15,F-12,15,6:27, 0.00%
37,Vincent Mui,"Vista, CA",1622,6:29,6:29,M 12-12/21,M-12,22,6:29, 0.00%
38,Jack Martin,"San Diego, CA",4670,6:32,6:32,M 12-12/22,M-12,23,6:32, 0.00%
39,Jeremy Gamelin,"Vista, CA",1324,6:34,6:34,M 12-12/23,M-12,24,6:34, 0.00%
40,Andrew Dorward,"Vista, CA",2203,6:36,6:36,M 12-12/24,M-12,25,6:36, 0.00%
41,Anna Mazzola,"Ramona, CA",2538,6:41,6:41,F 12-12/16,F-12,16,6:41, 0.00%
42,Conner Dyte,"San Diego, CA",2211,6:44,6:44,M 1-11/1,M-11,26,6:44, 0.00%
43,Zachary Martinez,"Oceanside, CA",4719,6:44,6:44,M 12-12/25,M-12,27,6:44, 0.00%
44,Thomas Mackey,"San Diego, CA",1557,6:45,6:45,M 12-12/26,M-12,28,6:45, 0.00%
45,Ashley Engelman,"San Diego, CA",4856,6:47,6:47,F 12-12/17,F-12,17,6:47, 0.00%
46,Eddie Camacho,"Oceanside, CA",1089,6:49,6:49,M 12-12/27,M-12,29,6:49, 0.00%
47,Molly McDougall,"Encinitas, CA",1578,6:49,6:49,F 1-11/1,F-10,18,6:49, 0.00%
48,Justin Quick,"Escondido, CA",1725,6:53,6:53,M 12-12/28,M-12,30,6:53, 0.00%
49,Landen Enns,"Vista, CA",2220,6:54,6:54,M 12-12/29,M-12,31,6:54, 0.00%
50,Sarah Allen-Baines,"Carlsbad, CA",1990,6:57,6:57,F 12-12/18,F-12,19,6:57, 0.00%
51,Trevor Ertz,"San Marcos, CA",1265,6:58,6:58,M 12-12/30,M-12,32,6:58, 0.00%
52,Taylor Denosta,"San Diego, CA",1197,6:59,6:59,M 12-12/31,M-12,33,6:59, 0.00%
53,Cody Russell,"Oceanside, CA",1781,7:04,7:04,M 12-12/32,M-12,34,7:04, 0.00%
54,Aly Chalmers,"Murrieta, CA",2123,7:05,7:05,F 12-12/19,F-12,20,7:05, 0.00%
55,Ian Geckeler,"Encinitas, CA",4820,7:06,7:06,M 12-12/33,M-12,35,7:06, 0.00%
56,Sydney Saunders,"Carlsbad, CA",4256,7:06,7:06,F 12-12/20,F-12,21,7:06, 0.00%
57,Amy Cordova,"Encinitas, CA",1162,7:06,7:06,F 12-12/21,F-12,22,7:06, 0.00%
58,Garrett Ertz,"San Marcos, CA",1264,7:08,7:08,M 12-12/34,M-12,36,7:08, 0.00%
59,Meaghan Baril,"San Diego, CA",1006,7:08,7:08,F 12-12/22,F-12,23,7:08, 0.00%
60,Jenna Hansink,"Oceanside, CA",1389,7:11,7:11,F 12-12/23,F-12,24,7:11, 0.00%
61,Debbie Sanchez,"Oceanside, CA",1792,7:12,7:12,F 12-12/24,F-12,25,7:12, 0.00%
62,Diego Resendiz,"Vista, CA",2689,7:13,7:13,M 12-12/35,M-12,37,7:13, 0.00%
63,John Gallagher,"Carlsbad, CA",1319,7:13,7:13,M 12-12/36,M-12,38,7:13, 0.00%
64,Samantha Rogers,"Murrieta, CA",1766,7:15,7:15,F 12-12/25,F-12,26,7:15, 0.00%
65,Kyle Boyd,"Oceanside, CA",1054,7:16,7:16,M 12-12/37,M-12,39,7:16, 0.00%
66,Danielle Jackson,"Oceanside, CA",1432,7:17,7:17,F 1-11/2,F-11,27,7:17, 0.00%
67,Naomi Coleman,"San Marcos, CA",1148,7:19,7:19,F 12-12/26,F-12,28,7:19, 0.00%
68,Daniel Libassi,"San Diego, CA",2489,7:19,7:19,M 12-12/38,M-12,40,7:19, 0.00%
69,Luke Rosenberg,"San Diego, CA",4569,7:20,7:20,M 12-12/39,M-12,41,7:20, 0.00%
70,Regan Pecjak,"San Diego, CA",2647,7:22,7:22,M 12-12/40,M-12,42,7:22, 0.00%
71,Diana Riddle,"Bonsall, CA",2699,7:24,7:24,F 12-12/27,F-12,29,7:24, 0.00%
72,Jeffrey Ricketts,"Oceanside, CA",1752,7:29,7:29,M 13-99/2,M-13,43,7:29, 0.00%
73,Brianna Russell,"Carlsbad, CA",2736,7:32,7:32,F 12-12/28,F-12,30,7:32, 0.00%
74,Lindsay Collins,"San Marcos, CA",4886,7:35,7:35,F 12-12/29,F-12,31,7:35, 0.00%
75,Ben Schafer,"Carlsbad, CA",1801,7:35,7:35,M 12-12/41,M-12,44,7:35, 0.00%
76,Eduardo Nunez,"Carlsbad, CA",4785,7:35,7:35,M 12-12/42,M-12,45,7:35, 0.00%
77,Jennifer Podgorski,"Carlsbad, CA",1708,7:37,7:37,F 12-12/30,F-12,32,7:37, 0.00%
78,Sydney Klobchar,"Fallbrook, CA",2453,7:42,7:42,F 12-12/31,F-12,33,7:42, 0.00%
79,Rebecca Fernando,"San Marcos, CA",1281,7:42,7:42,F 12-12/32,F-12,34,7:42, 0.00%
80,Erika Schulteis,"Vista, CA",4264,7:45,7:45,F 12-12/33,F-12,35,7:45, 0.00%
81,Tristen Mast,"Bonsall, CA",2533,7:53,7:53,F 12-12/34,F-12,36,7:53, 0.00%
82,Josh Proal,"Cardiff, CA",2673,7:53,7:53,M 12-12/43,M-12,46,7:53, 0.00%
83,Claire Sorlie,"Carlsbad, CA",1846,7:56,7:56,F 12-12/35,F-12,37,7:56, 0.00%
84,Morgan Thompson,"Vista, CA",4349,7:56,7:56,F 12-12/36,F-12,38,7:56, 0.00%
85,Karleigh Cole,"San Marcos, CA",4518,8:00,8:00,F 1-11/3,F-11,39,8:00, 0.00%
86,Tuandrea Beasley,"Spring Valley, CA",4588,8:01,8:01,F 12-12/37,F-12,40,8:01, 0.00%
87,Brian Konopka,"Laguna Niguel, CA",1487,8:02,8:02,M 12-12/44,M-12,47,8:02, 0.00%
88,Erick Reyes,"Escondido, CA",1744,8:02,8:02,M 12-12/45,M-12,48,8:02, 0.00%
89,Bryan Ramirez,"Escondido, CA",2681,8:02,8:02,M 1-11/2,M-11,49,8:02, 0.00%
90,Corey Rice,"Vista, CA",4519,8:03,8:03,F 12-12/38,F-12,41,8:03, 0.00%
91,Nick Chapman,"Carlsbad, CA",2126,8:05,8:05,M 12-12/46,M-12,50,8:05, 0.00%
92,Yasmin Fletcher,"Carlsbad, CA",4711,8:05,8:05,F 1-11/4,F-11,42,8:05, 0.00%
93,Halie Turigliatti,"Carlsbad, CA",1899,8:07,8:07,F 12-12/39,F-12,43,8:07, 0.00%
94,Niko De La Fuente,"Carlsbad, CA",2180,8:07,8:07,M 12-12/47,M-12,51,8:07, 0.00%
95,Hunter Brown,"Carlsbad, CA",2078,8:08,8:08,M 12-12/48,M-12,52,8:08, 0.00%
96,Dilynn Bailey,"Carlsbad, CA",2011,8:08,8:08,F 12-12/40,F-12,44,8:08, 0.00%
97,Annabelle Cloutier,"Cardiff, CA",2149,8:10,8:10,F 12-12/41,F-12,45,8:10, 0.00%
98,Chris Thorne,"Carlsbad, CA",1885,8:13,8:13,M 12-12/49,M-12,53,8:13, 0.00%
99,Tori Merder,"Carlsbad, CA",1596,8:14,8:14,F 12-12/42,F-12,46,8:14, 0.00%
100,Kendra Steinmetz,"Carlsbad, CA",1855,8:15,8:15,F 12-12/43,F-12,47,8:15, 0.00%
101,Sarah Abrahamian,"San Diego, CA",3,8:17,8:17,F 12-12/44,F-12,48,8:17, 0.00%
102,Andrea Castro,"Bonita, CA",1112,8:23,8:23,F 12-12/45,F-12,49,8:23, 0.00%
103,Aimee Barta,"Escondido, CA",5001,8:23,8:23,F 12-12/46,F-12,50,8:23, 0.00%
104,Miranda Leruth,"Cardiff, CA",1526,8:25,8:25,F 12-12/47,F-12,51,8:25, 0.00%
105,Cristina Doi,"San Marcos, CA",4821,8:47,8:47,F 12-12/48,F-12,52,8:47, 0.00%
106,Shane Collins,"San Marcos, CA",2155,8:59,8:59,M 12-12/50,M-12,54,8:59, 0.00%
107,Antonin Thuiliere,"San Marcos, CA",4353,9:02,9:02,M 12-12/51,M-12,55,9:02, 0.00%
108,Andrew Garcia,"Port Hueneme, CA",2274,9:11,9:11,M 12-12/52,M-12,56,9:11, 0.00%
109,David Eguiza,"Chula Vista, CA",1241,9:19,9:19,M 12-12/53,M-12,57,9:19, 0.00%
110,Alex Banaga,"Chula Vista, CA",48,9:19,9:19,M 12-12/54,M-12,58,9:19, 0.00%
111,Carly Mitchell,"Carlsbad, CA",4871,9:26,9:26,F 12-12/49,F-12,53,9:26, 0.00%
112,Cory Emery,"Santee, CA",1246,9:28,9:28,M 12-12/55,M-12,59,9:28, 0.00%
113,Kristina Uher,"San Diego, CA",4370,9:28,9:28,F 12-12/50,F-12,54,9:28, 0.00%
114,Broc Covington,"San Diego, CA",4671,9:33,9:33,M 12-12/56,M-12,60,9:33, 0.00%
115,Courtney Wendleton,"El Cajon, CA",1937,9:37,9:37,F 12-12/51,F-12,55,9:37, 0.00%
116,Erin Kelly,"San Marcos, CA",2438,9:39,9:39,F 12-12/52,F-12,56,9:39, 0.00%
117,David Cooper,"Carlsbad, CA",1159,9:46,9:46,M 12-12/57,M-12,61,9:46, 0.00%
118,Katie Sherman,"Carlsbad, CA",4283,9:48,9:48,F 12-12/53,F-12,57,9:48, 0.00%
119,Richard Revilla,"Escondido, CA",1743,9:49,9:49,M 12-12/58,M-12,62,9:49, 0.00%
120,Indira Rodway,"Carlsbad, CA",4788,9:49,9:49,F 12-12/54,F-12,58,9:49, 0.00%
121,M Nishimoto,"Oceanside, CA",1646,9:52,9:52,F 12-12/55,F-12,59,9:52, 0.00%
122,Jenna Barrett,"Alpharetta, GA",5102,10:07,10:07,F 12-12/56,F-12,60,10:07, 0.00%
123,Holly Hayton,"Fallbrook, CA",1400,10:14,10:14,F 12-12/57,F-12,61,10:14, 0.00%
124,Adrianna Martinez,"Bakersfield, CA",4712,10:15,10:15,F 1-11/5,F-10,62,10:15, 0.00%
125,Allie Wityak,"Carlsbad, CA",5067,10:15,10:15,F 1-11/6,F-11,63,10:15, 0.00%
126,Monica Coyle,"Carlsbad, CA",5066,10:16,10:16,F 12-12/58,F-12,64,10:16, 0.00%
127,Christin Spencer,"Oceanside, CA",4312,10:21,10:21,F 12-12/59,F-12,65,10:21, 0.00%
128,Krista Moore,"Vista, CA",2587,10:35,10:35,F 12-12/60,F-12,66,10:35, 0.00%
129,Rider Shapiro,"San Diego, CA",5051,10:52,10:52,M 12-12/59,M-12,63,10:52, 0.00%
130,Mikaela Wray,"Oceanside, CA",4450,11:02,11:02,F 12-12/61,F-12,67,11:02, 0.00%
131,Hunter Wray,"Oceanside, CA",4449,11:08,11:08,M 1-11/3,M-11,64,11:08, 0.00%
132,Kyleigh Sullivan,"El Cajon, CA",1859,11:28,11:28,F 12-12/62,F-12,68,11:28, 0.00%
133,Andrew Sparks,"San Marcos, CA",4309,11:28,11:28,M 1-11/4,M-11,65,11:28, 0.00%
134,Kaylee Griffin,"Carlsbad, CA",1369,11:32,11:32,F 12-12/63,F-12,69,11:32, 0.00%
135,Ashley Spencer,"Oceanside, CA",4311,11:36,11:36,F 12-12/64,F-12,70,11:36, 0.00%
