Bib,Name,Gender,Age,Hometown,Overall,Women,F 30-34,Age/Grade,Finish,Chip Time,Gun Time
335,Laura Myring,F,57,"Cherry Valley, CA",601 out of 607,262 out of 267,11 out of 13, 35.61% Place: 554,3:56:18 Pace: 18:02,3:56:18,3:57:19
221,Jessica Holland,F,30,"Redlands, CA",602 out of 607,263 out of 267,33 out of 33, 27.87% Place: 604,3:56:19 Pace: 18:02,3:56:19,3:57:19
87,Nanette Burks,F,52,"Moreno Valley, CA",603 out of 607,264 out of 267,27 out of 28, 32.89% Place: 582,3:59:08 Pace: 18:15,3:59:08,3:59:13
400,Barbara Rhyne,F,57,"Perris, CA",604 out of 607,265 out of 267,12 out of 13, 34.27% Place: 569,4:05:29 Pace: 18:44,4:05:29,4:05:34
398,Judy Regan,F,51,"Pasadena, CA",605 out of 607,266 out of 267,28 out of 28, 31.42% Place: 593,4:07:07 Pace: 18:51,4:07:07,4:08:00
319,Marie Meyer,F,59,"Altadena, CA",606 out of 607,267 out of 267,13 out of 13, 35.02% Place: 558,4:07:08 Pace: 18:52,4:07:08,4:08:01
358,Kenneth Palmer,M,43,"San Bernardino, CA",607 out of 607,340 out of 340,36 out of 36, 25.55% Place: 605,4:07:20 Pace: 18:52,4:07:20,4:08:25
