Bib,Name,Gender,Age,Hometown,Overall,Men,M 25-29,Age/Grade,Finish,Chip Time,Gun Time
86,David Costanza,M,29,"Rancho Cucamonga, CA",1 out of 439,1 out of 231,1 out of 19, 78.81% Place: 4,1:14:15 Pace: 5:40,1:14:15,1:14:15
333,Tony Torres,M,37,"Cedar Glen, CA",2 out of 439,2 out of 231,1 out of 25, 80.13% Place: 3,1:14:47 Pace: 5:43,1:14:47,1:14:47
392,Mohamed Nouh,M,39,"Riverside, CA",3 out of 439,3 out of 231,2 out of 25, 78.07% Place: 7,1:17:42 Pace: 5:56,1:17:42,1:17:42
474,Daniel Arteaga,M,46,"Chino Hills, CA",4 out of 439,4 out of 231,1 out of 22, 81.71% Place: 1,1:17:44 Pace: 5:56,1:17:44,1:17:44
325,Daniel Swaney,M,33,"Corona, CA",5 out of 439,5 out of 231,1 out of 32, 72.51% Place: 14,1:20:42 Pace: 6:10,1:20:42,1:20:42
337,Matt Underwood,M,41,"Yucaipa, CA",6 out of 439,6 out of 231,1 out of 25, 75.47% Place: 9,1:21:24 Pace: 6:13,1:21:24,1:21:24
482,Jesse Penunuri,M,32,"Fullerton, CA",7 out of 439,7 out of 231,2 out of 32, 70.15% Place: 23,1:23:25 Pace: 6:22,1:23:25,1:23:25
144,Christopher Gryszan,M,25,"Redlands, CA",8 out of 439,8 out of 231,2 out of 19, 69.90% Place: 24,1:23:43 Pace: 6:24,1:23:43,1:23:43
254,Chris Oltman,M,20,"San Bernardino, CA",9 out of 439,9 out of 231,1 out of 15, 70.75% Place: 20,1:25:06 Pace: 6:30,1:25:06,1:25:06
331,James Tawney,M,23,"Upland, CA",10 out of 439,10 out of 231,2 out of 15, 68.47% Place: 31,1:25:33 Pace: 6:32,1:25:33,1:25:33
226,Juan Martinez,M,41,"San Bernardino, CA",11 out of 439,11 out of 231,2 out of 25, 71.40% Place: 18,1:26:02 Pace: 6:34,1:26:02,1:26:02
444,Craig Turner,M,36,"Redlands, CA",12 out of 439,12 out of 231,3 out of 25, 69.18% Place: 28,1:26:06 Pace: 6:35,1:26:06,1:26:06
381,Jorge Mares,M,34,"Redlands, CA",13 out of 439,13 out of 231,3 out of 32, 67.11% Place: 33,1:27:42 Pace: 6:42,1:27:42,1:27:42
488,Eathen Klapp,M,22,"San Bernardino, CA",14 out of 439,14 out of 231,3 out of 15, 66.65% Place: 36,1:28:36 Pace: 6:46,1:28:36,1:28:36
478,Jerry Bugh,M,24,"Victorville, CA",15 out of 439,15 out of 231,4 out of 15, 65.99% Place: 42,1:28:41 Pace: 6:46,1:28:41,1:28:41
465,Selvin Fong,M,32,"Moreno Valley, CA",16 out of 439,16 out of 231,4 out of 32, 65.63% Place: 43,1:29:10 Pace: 6:49,1:29:10,1:29:10
75,Keun Chung,M,47,"Montrose, CA",17 out of 439,17 out of 231,2 out of 22, 71.58% Place: 17,1:29:22 Pace: 6:50,1:29:22,1:29:22
475,Cici Ramirez,F,26,"Chino Hills, CA",18 out of 439,1 out of 208,1 out of 30, 72.72% Place: 13,1:29:54 Pace: 6:52,1:29:54,1:29:54
98,Kelsey Deforge,F,22,"Redlands, CA",19 out of 439,2 out of 208,1 out of 28, 73.53% Place: 10,1:30:13 Pace: 6:53,1:30:13,1:30:13
132,Andrew Glaze,M,30,"Redlands, CA",20 out of 439,18 out of 231,5 out of 32, 64.79% Place: 48,1:30:19 Pace: 6:54,1:30:19,1:30:19
167,Whitney Hurley,F,23,"Rancho Cucamonga, CA",21 out of 439,3 out of 208,2 out of 28, 71.89% Place: 16,1:31:26 Pace: 6:59,1:31:26,1:31:26
463,Wayne Mitchell,M,63,"Silverado, CA",22 out of 439,19 out of 231,1 out of 11, 80.15% Place: 2,1:31:32 Pace: 6:59,1:31:32,1:31:32
473,Ryan Albu,M,30,"Pasadena, CA",23 out of 439,20 out of 231,6 out of 32, 63.84% Place: 61,1:31:40 Pace: 7:00,1:31:40,1:31:40
471,Conrado Ramirez,M,34,"Ontario, CA",24 out of 439,21 out of 231,7 out of 32, 63.98% Place: 59,1:32:00 Pace: 7:02,1:32:00,1:32:00
88,Gary Cramer,M,47,"Ontario, CA",25 out of 439,22 out of 231,3 out of 22, 69.45% Place: 27,1:32:06 Pace: 7:02,1:32:06,1:32:06
472,Taimi Schweighhardt,F,37,"Temecula, CA",26 out of 439,4 out of 208,1 out of 38, 73.10% Place: 11,1:32:08 Pace: 7:02,1:32:08,1:32:08
231,Caleb Medley,M,21,"Rancho Cucamonga, CA",27 out of 439,23 out of 231,5 out of 15, 64.50% Place: 51,1:32:24 Pace: 7:03,1:32:24,1:32:24
405,Kimball Hoff,M,51,"Redlands, CA",28 out of 439,24 out of 231,1 out of 36, 70.56% Place: 21,1:33:23 Pace: 7:08,1:33:23,1:33:23
395,Damian Sinor,M,32,"Redlands, CA",29 out of 439,25 out of 231,8 out of 32, 62.33% Place: 77,1:33:53 Pace: 7:10,1:33:53,1:33:53
490,Rick Allan,M,60,"Irvine, CA",30 out of 439,26 out of 231,2 out of 11, 75.82% Place: 8,1:33:54 Pace: 7:10,1:33:54,1:33:54
397,Mark Martinez,M,30,"Mission Viejo, CA",31 out of 439,27 out of 231,9 out of 32, 61.86% Place: 84,1:34:36 Pace: 7:13,1:34:36,1:34:36
90,Polly Crawford,F,37,"Temecula, CA",32 out of 439,5 out of 208,2 out of 38, 70.81% Place: 19,1:35:07 Pace: 7:16,1:35:07,1:35:07
329,Derek Swingley,M,26,"Redlands, CA",33 out of 439,28 out of 231,3 out of 19, 60.99% Place: 97,1:35:57 Pace: 7:20,1:35:57,1:35:57
265,Israel Pena,M,32,"Corona, CA",34 out of 439,29 out of 231,10 out of 32, 60.98% Place: 98,1:35:58 Pace: 7:20,1:35:58,1:35:58
494,Raul Cortez,M,36,"Moreno Valley, CA",35 out of 439,30 out of 231,4 out of 25, 61.67% Place: 90,1:36:35 Pace: 7:22,1:36:35,1:36:35
420,Mike Redpath,M,40,"Redlands, CA",36 out of 439,31 out of 231,3 out of 25, 62.92% Place: 72,1:37:01 Pace: 7:24,1:37:01,1:37:01
445,Kathie Turner,F,38,"Redlands, CA",37 out of 439,6 out of 208,3 out of 38, 69.13% Place: 29,1:38:13 Pace: 7:30,1:38:13,1:38:13
147,Brian Hall,M,27,"Riverside, CA",38 out of 439,32 out of 231,4 out of 19, 59.45% Place: 115,1:38:26 Pace: 7:31,1:38:26,1:38:26
165,Craig Hovey,M,33,"Redlands, CA",39 out of 439,33 out of 231,11 out of 32, 59.43% Place: 117,1:38:28 Pace: 7:31,1:38:28,1:38:28
369,Gregory Wojczynksi,M,26,"Redlands, CA",40 out of 439,34 out of 231,5 out of 19, 59.39% Place: 120,1:38:32 Pace: 7:31,1:38:32,1:38:32
409,Frannie Tennant,F,52,"Lake Arrowhead, CA",41 out of 439,7 out of 208,1 out of 18, 78.36% Place: 6,1:38:33 Pace: 7:32,1:38:33,1:38:33
118,William Fogg,M,51,"Hemet, CA",42 out of 439,35 out of 231,2 out of 36, 66.31% Place: 39,1:39:22 Pace: 7:35,1:39:22,1:39:22
498,Dale Gribble,M,51,"Riverside, CA",43 out of 439,36 out of 231,3 out of 36, 66.27% Place: 40,1:39:25 Pace: 7:36,1:39:25,1:39:25
430,Steven Vanesch,M,37,"Redlands, CA",44 out of 439,37 out of 231,5 out of 25, 60.15% Place: 101,1:39:37 Pace: 7:36,1:39:37,1:39:37
217,Erik Loyd,M,20,"Rancho Cucamonga, CA",45 out of 439,38 out of 231,6 out of 15, 60.18% Place: 100,1:40:03 Pace: 7:38,1:40:03,1:40:03
37,Zachary Beckwith,M,15,"Riverside, CA",46 out of 439,39 out of 231,1 out of 9, 64.73% Place: 49,1:40:10 Pace: 7:39,1:40:10,1:40:10
216,Edward Lowrie,M,43,"La Verne, CA",47 out of 439,40 out of 231,4 out of 25, 62.11% Place: 80,1:40:12 Pace: 7:39,1:40:12,1:40:12
232,Francisco Merino,M,34,"Rialto, CA",48 out of 439,41 out of 231,12 out of 32, 58.72% Place: 130,1:40:14 Pace: 7:39,1:40:14,1:40:14
130,Michelle Gill,F,36,"Redlands, CA",49 out of 439,8 out of 208,4 out of 38, 66.11% Place: 41,1:41:04 Pace: 7:43,1:41:04,1:41:04
116,Alfredo Fierro,M,29,"Redlands, CA",50 out of 439,42 out of 231,6 out of 19, 57.80% Place: 142,1:41:14 Pace: 7:44,1:41:14,1:41:14
275,Mark Rawson,M,22,"Oceanside, CA",51 out of 439,43 out of 231,7 out of 15, 58.27% Place: 135,1:41:21 Pace: 7:44,1:41:21,1:41:21
57,Candace Bunt,F,29,"Murrieta, CA",52 out of 439,9 out of 208,2 out of 30, 64.33% Place: 54,1:41:38 Pace: 7:46,1:41:38,1:41:38
212,Lora Liu,F,25,"Loma Linda, CA",53 out of 439,10 out of 208,3 out of 30, 64.25% Place: 55,1:41:45 Pace: 7:46,1:41:45,1:41:45
303,Daric Schmitz,M,19,"Highland, CA",54 out of 439,44 out of 231,1 out of 9, 59.65% Place: 111,1:42:07 Pace: 7:48,1:42:07,1:42:07
27,Matthew Arreola,M,39,"San Bernardino, CA",55 out of 439,45 out of 231,6 out of 25, 59.12% Place: 124,1:42:36 Pace: 7:50,1:42:36,1:42:36
424,Jim Carritte,M,51,"Redlands, CA",56 out of 439,46 out of 231,4 out of 36, 64.21% Place: 56,1:42:37 Pace: 7:50,1:42:37,1:42:37
81,Lisa Cohen,F,23,"Redlands, CA",57 out of 439,11 out of 208,3 out of 28, 63.96% Place: 60,1:42:46 Pace: 7:51,1:42:46,1:42:46
248,Aaron Nessman,M,28,"Menifee, CA",58 out of 439,47 out of 231,7 out of 19, 56.90% Place: 154,1:42:50 Pace: 7:51,1:42:50,1:42:50
79,Russell Clopine,M,42,"Bryn Mawr, PA",59 out of 439,48 out of 231,5 out of 25, 59.91% Place: 105,1:43:12 Pace: 7:53,1:43:12,1:43:12
322,Kendra Sullivan,F,25,"Yucaipa, CA",60 out of 439,12 out of 208,4 out of 30, 63.24% Place: 66,1:43:23 Pace: 7:54,1:43:23,1:43:23
96,Sarah Day,F,24,"Redlands, CA",61 out of 439,13 out of 208,4 out of 28, 63.24% Place: 67,1:43:23 Pace: 7:54,1:43:23,1:43:23
209,Matthew Litchfield,M,37,"Redlands, CA",62 out of 439,49 out of 231,7 out of 25, 57.91% Place: 139,1:43:28 Pace: 7:54,1:43:28,1:43:28
300,Alejandra Santiago,F,25,"San Bernardino, CA",63 out of 439,14 out of 208,5 out of 30, 63.12% Place: 69,1:43:34 Pace: 7:54,1:43:34,1:43:34
93,Duane Darling,M,54,"Riverside, CA",64 out of 439,50 out of 231,5 out of 36, 64.67% Place: 50,1:44:21 Pace: 7:58,1:44:21,1:44:21
141,Lisa Green,F,46,"San Clemente, CA",65 out of 439,15 out of 208,1 out of 28, 69.75% Place: 25,1:44:22 Pace: 7:58,1:44:22,1:44:22
428,Rick Bearden,M,51,"Calimesa, CA",66 out of 439,51 out of 231,6 out of 36, 63.03% Place: 71,1:44:32 Pace: 7:59,1:44:32,1:44:32
417,Fred Aguilar,M,43,"Redlands, CA",67 out of 439,52 out of 231,6 out of 25, 59.41% Place: 119,1:44:45 Pace: 8:00,1:44:45,1:44:45
163,Stuart Holland,M,51,"Chino, CA",68 out of 439,53 out of 231,7 out of 36, 62.89% Place: 74,1:44:46 Pace: 8:00,1:44:46,1:44:46
166,Christopher Howes,M,14,"Highland, CA",69 out of 439,54 out of 231,2 out of 9, 63.12% Place: 70,1:44:54 Pace: 8:01,1:44:54,1:44:54
287,Nick Roberts,M,20,"Rialto, CA",70 out of 439,55 out of 231,8 out of 15, 57.40% Place: 148,1:44:54 Pace: 8:01,1:44:54,1:44:54
305,Steven Schulz,M,41,"Highland, CA",71 out of 439,56 out of 231,7 out of 25, 58.49% Place: 132,1:45:01 Pace: 8:01,1:45:01,1:45:01
247,Michael Nelson,M,49,"Ontario, CA",72 out of 439,57 out of 231,4 out of 22, 61.73% Place: 89,1:45:08 Pace: 8:02,1:45:08,1:45:08
347,William Wade,M,38,"Loma Linda, CA",73 out of 439,58 out of 231,8 out of 25, 57.14% Place: 151,1:45:30 Pace: 8:03,1:45:30,1:45:30
447,Brad Memory,M,27,"Calimesa, CA",74 out of 439,59 out of 231,8 out of 19, 55.39% Place: 172,1:45:39 Pace: 8:04,1:45:39,1:45:39
153,Jeremiah Head,M,33,"Redlands, CA",75 out of 439,60 out of 231,13 out of 32, 55.23% Place: 178,1:45:57 Pace: 8:05,1:45:57,1:45:57
31,Lauren Auerbach,F,18,"Irvine, CA",76 out of 439,16 out of 208,1 out of 1, 65.38% Place: 46,1:46:04 Pace: 8:06,1:46:04,1:46:04
476,Todd Sanders,M,33,"Winchester, CA",77 out of 439,61 out of 231,14 out of 32, 55.16% Place: 182,1:46:05 Pace: 8:06,1:46:05,1:46:05
45,Helle Bjornsson,F,40,"Redlands, CA",78 out of 439,17 out of 208,1 out of 23, 65.03% Place: 47,1:46:09 Pace: 8:06,1:46:09,1:46:09
413,John Meza,M,50,"Redlands, CA",79 out of 439,62 out of 231,8 out of 36, 61.55% Place: 91,1:46:14 Pace: 8:07,1:46:14,1:46:14
367,Douglas Wisdom,M,51,"Holtville, CA",80 out of 439,63 out of 231,9 out of 36, 61.98% Place: 81,1:46:18 Pace: 8:07,1:46:18,1:46:18
208,Jeff Lindeman,M,33,"Redlands, CA",81 out of 439,64 out of 231,15 out of 32, 54.79% Place: 190,1:46:48 Pace: 8:09,1:46:48,1:46:48
291,Laura Rodriquez,F,39,"Beaumont, CA",82 out of 439,18 out of 208,5 out of 38, 64.08% Place: 58,1:46:50 Pace: 8:09,1:46:50,1:46:50
378,Christopher Zurbuch,M,35,"Pomona, CA",83 out of 439,65 out of 231,9 out of 25, 55.31% Place: 175,1:47:03 Pace: 8:10,1:47:03,1:47:03
78,Ernest Cisneros,M,40,"Colton, CA",84 out of 439,66 out of 231,8 out of 25, 56.69% Place: 157,1:47:40 Pace: 8:13,1:47:40,1:47:40
432,Dianna Glass,F,44,"Redlands, CA",85 out of 439,19 out of 208,2 out of 23, 66.35% Place: 38,1:47:44 Pace: 8:14,1:47:44,1:47:44
11,Dan Adams,M,59,"Pinon Hills, CA",86 out of 439,67 out of 231,1 out of 12, 65.44% Place: 44,1:47:46 Pace: 8:14,1:47:46,1:47:46
448,Romy Niblack,F,60,"Redlands, CA",87 out of 439,20 out of 208,1 out of 6, 78.45% Place: 5,1:47:53 Pace: 8:14,1:47:53,1:47:53
278,Daniel Vollkommer,M,15,"Highland, CA",88 out of 439,68 out of 231,3 out of 9, 59.90% Place: 106,1:48:14 Pace: 8:16,1:48:14,1:48:14
435,Bob Prado,M,53,"Riverside, CA",89 out of 439,69 out of 231,10 out of 36, 61.79% Place: 87,1:48:20 Pace: 8:16,1:48:20,1:48:20
320,Gregory Stowe,M,26,"Moreno Valley, CA",90 out of 439,70 out of 231,9 out of 19, 53.92% Place: 204,1:48:31 Pace: 8:17,1:48:31,1:48:31
425,Steve Nitch,M,37,"Redlands, CA",91 out of 439,71 out of 231,10 out of 25, 55.01% Place: 186,1:48:56 Pace: 8:19,1:48:56,1:48:56
368,Kathleen Witham,F,29,"Redlands, CA",92 out of 439,21 out of 208,6 out of 30, 59.96% Place: 104,1:49:02 Pace: 8:20,1:49:02,1:49:02
404,Andrea Johnson,F,44,"San Bernardino, CA",93 out of 439,22 out of 208,3 out of 23, 65.42% Place: 45,1:49:15 Pace: 8:21,1:49:15,1:49:15
41,Caroline Benson,F,27,"Moreno Valley, CA",94 out of 439,23 out of 208,7 out of 30, 59.54% Place: 114,1:49:48 Pace: 8:23,1:49:48,1:49:48
119,Denise Freeman,F,33,"Mentone, CA",95 out of 439,24 out of 208,1 out of 28, 59.44% Place: 116,1:49:59 Pace: 8:24,1:49:59,1:49:59
133,Ron Glaze,M,51,"Victorville, CA",96 out of 439,72 out of 231,11 out of 36, 59.82% Place: 108,1:50:09 Pace: 8:25,1:50:09,1:50:09
330,Lora Tang,F,41,"Riverside, CA",97 out of 439,25 out of 208,4 out of 23, 63.15% Place: 68,1:50:15 Pace: 8:25,1:50:15,1:50:15
485,Victor Aguirre,M,44,"Orange, CA",98 out of 439,73 out of 231,9 out of 25, 56.71% Place: 156,1:50:28 Pace: 8:26,1:50:28,1:50:28
298,Victoria Sanders,F,55,"Redlands, CA",99 out of 439,26 out of 208,1 out of 6, 72.19% Place: 15,1:50:30 Pace: 8:26,1:50:30,1:50:30
348,Eric Wagner,M,41,"Yucaipa, CA",100 out of 439,74 out of 231,10 out of 25, 55.58% Place: 169,1:50:31 Pace: 8:26,1:50:31,1:50:31
371,Joan Woods,F,39,"Newbury Park, CA",101 out of 439,27 out of 208,6 out of 38, 61.88% Place: 83,1:50:38 Pace: 8:27,1:50:38,1:50:38
372,Steve Woods,M,41,"Newbury Park, CA",102 out of 439,75 out of 231,11 out of 25, 55.52% Place: 170,1:50:38 Pace: 8:27,1:50:38,1:50:38
269,Jesse Pimentel,M,13,"Redlands, CA",103 out of 439,76 out of 231,4 out of 9, 61.26% Place: 94,1:50:44 Pace: 8:27,1:50:44,1:50:44
223,Nestor Marquez,M,14,"Redlands, CA",104 out of 439,77 out of 231,5 out of 9, 59.80% Place: 109,1:50:44 Pace: 8:27,1:50:44,1:50:44
64,Richard Cardullo,M,50,"Riverside, CA",105 out of 439,78 out of 231,12 out of 36, 58.99% Place: 125,1:50:50 Pace: 8:28,1:50:50,1:50:50
52,Kristine Brenner,F,38,"Wrightwood, CA",106 out of 439,28 out of 208,7 out of 38, 61.11% Place: 96,1:51:06 Pace: 8:29,1:51:06,1:51:06
235,Michael Miller,M,52,"Redlands, CA",107 out of 439,79 out of 231,13 out of 36, 59.77% Place: 110,1:51:06 Pace: 8:29,1:51:06,1:51:06
477,Brian Walker,M,30,"Sun City, CA",108 out of 439,80 out of 231,16 out of 32, 52.57% Place: 226,1:51:18 Pace: 8:30,1:51:18,1:51:18
30,Becky Auerbach,F,48,"Irvine, CA",109 out of 439,29 out of 208,2 out of 28, 66.65% Place: 35,1:51:18 Pace: 8:30,1:51:18,1:51:18
129,Timothy Geiman,M,50,"Glendora, CA",110 out of 439,81 out of 231,14 out of 36, 58.72% Place: 129,1:51:21 Pace: 8:30,1:51:21,1:51:21
168,Debbee Huston,F,39,"Redlands, CA",111 out of 439,30 out of 208,8 out of 38, 61.45% Place: 93,1:51:24 Pace: 8:30,1:51:24,1:51:24
304,Linda Schroeder,F,42,"Claremont, CA",112 out of 439,31 out of 208,5 out of 23, 62.90% Place: 73,1:51:39 Pace: 8:31,1:51:39,1:51:39
467,Sue Enlow,F,52,"Corona, CA",113 out of 439,32 out of 208,2 out of 18, 68.99% Place: 30,1:51:56 Pace: 8:33,1:51:56,1:51:56
156,Patrick Hicks,M,46,"Henderson, NV",114 out of 439,82 out of 231,5 out of 22, 56.73% Place: 155,1:51:58 Pace: 8:33,1:51:58,1:51:58
252,Tj Olee,M,35,"Loma Linda, CA",115 out of 439,83 out of 231,11 out of 25, 52.87% Place: 218,1:51:59 Pace: 8:33,1:51:59,1:51:59
382,Jeannie Noriega,F,34,"Redlands, CA",116 out of 439,33 out of 208,2 out of 28, 58.73% Place: 128,1:51:59 Pace: 8:33,1:51:59,1:51:59
135,George Gomez,M,51,"Bloomington, CA",117 out of 439,84 out of 231,15 out of 36, 58.82% Place: 126,1:52:00 Pace: 8:33,1:52:00,1:52:00
122,Gina Gang,F,35,"Redlands, CA",118 out of 439,34 out of 208,9 out of 38, 59.17% Place: 123,1:52:01 Pace: 8:33,1:52:01,1:52:01
342,Frank Vasquez,M,72,"Beaumont, CA",119 out of 439,85 out of 231,1 out of 6, 72.99% Place: 12,1:52:01 Pace: 8:33,1:52:01,1:52:01
17,Sandie Allen,F,54,"Riverside, CA",120 out of 439,35 out of 208,3 out of 18, 70.31% Place: 22,1:52:13 Pace: 8:34,1:52:13,1:52:13
125,Horacio Garflo,M,34,"La Puente, CA",121 out of 439,86 out of 231,17 out of 32, 52.39% Place: 230,1:52:20 Pace: 8:35,1:52:20,1:52:20
429,Stu Drake,M,53,"Yucaipa, CA",122 out of 439,87 out of 231,16 out of 36, 59.55% Place: 113,1:52:24 Pace: 8:35,1:52:24,1:52:24
360,Leslie Whittmore,F,36,"Redlands, CA",123 out of 439,36 out of 208,10 out of 38, 59.42% Place: 118,1:52:26 Pace: 8:35,1:52:26,1:52:26
359,Tom Whitmore,M,43,"Redlands, CA",124 out of 439,88 out of 231,12 out of 25, 55.34% Place: 173,1:52:27 Pace: 8:35,1:52:27,1:52:27
391,Myung Park,M,65,"Pasadena, CA",125 out of 439,89 out of 231,1 out of 6, 66.46% Place: 37,1:52:47 Pace: 8:37,1:52:47,1:52:47
426,Cesar Guevara,M,51,"Loma Linda, CA",126 out of 439,90 out of 231,17 out of 36, 58.32% Place: 134,1:52:59 Pace: 8:38,1:52:59,1:52:59
53,Nicholas Brezovar,M,30,"Redlands, CA",127 out of 439,91 out of 231,18 out of 32, 51.77% Place: 241,1:53:02 Pace: 8:38,1:53:02,1:53:02
468,Kirk Jones,M,54,"Sylmar, CA",128 out of 439,92 out of 231,18 out of 36, 59.64% Place: 112,1:53:09 Pace: 8:38,1:53:09,1:53:09
58,Arika Burchell,F,33,"La Verne, CA",129 out of 439,37 out of 208,3 out of 28, 57.67% Place: 144,1:53:22 Pace: 8:39,1:53:22,1:53:22
221,Alex Magana,M,17,"Indio, CA",130 out of 439,93 out of 231,2 out of 9, 55.16% Place: 183,1:53:30 Pace: 8:40,1:53:30,1:53:30
222,Cesar Magana,M,26,"Indio, CA",131 out of 439,94 out of 231,10 out of 19, 51.51% Place: 248,1:53:36 Pace: 8:40,1:53:36,1:53:36
66,Dave Carlson,M,59,"Norco, CA",132 out of 439,95 out of 231,2 out of 12, 61.95% Place: 82,1:53:50 Pace: 8:41,1:53:50,1:53:50
40,Matthew Benice,M,44,"Rancho Santa Margarita, CA",133 out of 439,96 out of 231,13 out of 25, 54.92% Place: 188,1:54:05 Pace: 8:43,1:54:05,1:54:05
480,Mickey Ask,M,57,"Colton, CA",134 out of 439,97 out of 231,3 out of 12, 60.61% Place: 99,1:54:15 Pace: 8:43,1:54:15,1:54:15
341,Roberto Vargas,M,70,"Ontario, CA",135 out of 439,98 out of 231,2 out of 6, 69.59% Place: 26,1:54:22 Pace: 8:44,1:54:22,1:54:22
460,Dempsy Chappell,M,37,"Yucaipa, CA",136 out of 439,99 out of 231,12 out of 25, 52.06% Place: 234,1:55:06 Pace: 8:47,1:55:06,1:55:06
293,Robyn Roybal,F,47,"Highland, CA",137 out of 439,38 out of 208,3 out of 28, 63.55% Place: 64,1:55:37 Pace: 8:50,1:55:37,1:55:37
284,Craig Rickabaugh,M,36,"Murrieta, CA",138 out of 439,100 out of 231,13 out of 25, 51.45% Place: 253,1:55:45 Pace: 8:50,1:55:45,1:55:45
189,Phillip Naman,M,44,"Redlands, CA",139 out of 439,101 out of 231,14 out of 25, 54.12% Place: 199,1:55:46 Pace: 8:50,1:55:46,1:55:46
77,Arturo Cisneros,M,48,"Riverside, CA",140 out of 439,102 out of 231,6 out of 22, 55.64% Place: 167,1:55:47 Pace: 8:50,1:55:47,1:55:47
161,David Holden,M,48,"Redlands, CA",141 out of 439,103 out of 231,7 out of 22, 55.60% Place: 168,1:55:52 Pace: 8:51,1:55:52,1:55:52
193,Sadie Kingsbury,F,36,"Claremont, CA",142 out of 439,39 out of 208,11 out of 38, 57.64% Place: 145,1:55:54 Pace: 8:51,1:55:54,1:55:54
406,Ryan Bristow,M,23,"Redlands, CA",143 out of 439,104 out of 231,9 out of 15, 50.49% Place: 263,1:56:01 Pace: 8:51,1:56:01,1:56:01
110,Jessica Eng,F,30,"Loma Linda, CA",144 out of 439,40 out of 208,4 out of 28, 56.34% Place: 161,1:56:02 Pace: 8:52,1:56:02,1:56:02
251,Apolonio Ocegueda,M,52,"San Bernardino, CA",145 out of 439,105 out of 231,19 out of 36, 57.09% Place: 152,1:56:19 Pace: 8:53,1:56:19,1:56:19
54,Katherine Briscoe,F,25,"Loma Linda, CA",146 out of 439,41 out of 208,8 out of 30, 56.19% Place: 162,1:56:21 Pace: 8:53,1:56:21,1:56:21
15,Christopher Allen,M,43,"Yucaipa, CA",147 out of 439,106 out of 231,15 out of 25, 53.44% Place: 211,1:56:27 Pace: 8:53,1:56:27,1:56:27
224,Eric Martin,M,33,"Riverside, CA",148 out of 439,107 out of 231,19 out of 32, 50.24% Place: 273,1:56:28 Pace: 8:54,1:56:28,1:56:28
389,Diana Endler,F,45,"San Bernardino, CA",149 out of 439,42 out of 208,4 out of 28, 61.86% Place: 85,1:56:36 Pace: 8:54,1:56:36,1:56:36
273,Cherilyn Pound,F,36,"San Bernardino, CA",150 out of 439,43 out of 208,12 out of 38, 57.29% Place: 149,1:56:37 Pace: 8:54,1:56:37,1:56:37
317,Jon Stephenson,M,36,"Redlands, CA",151 out of 439,108 out of 231,14 out of 25, 51.01% Place: 257,1:56:46 Pace: 8:55,1:56:46,1:56:46
242,Tracy Monroe,F,45,"Redlands, CA",152 out of 439,44 out of 208,5 out of 28, 61.73% Place: 88,1:56:50 Pace: 8:55,1:56:50,1:56:50
427,Robert Moore,M,53,"Fontana, CA",153 out of 439,109 out of 231,20 out of 36, 57.20% Place: 150,1:57:01 Pace: 8:56,1:57:01,1:57:01
457,Kendra Cordero,F,31,"Loma Linda, CA",154 out of 439,45 out of 208,5 out of 28, 55.82% Place: 164,1:57:07 Pace: 8:56,1:57:07,1:57:07
486,Caroline Garberoglio,F,37,"Beaumont, CA",155 out of 439,46 out of 208,13 out of 38, 57.50% Place: 146,1:57:08 Pace: 8:57,1:57:08,1:57:08
412,Ali Hangan,M,39,"San Bernardino, CA",156 out of 439,110 out of 231,15 out of 25, 51.77% Place: 240,1:57:10 Pace: 8:57,1:57:10,1:57:10
307,Elizabeth Sfatcu,F,46,"Yucaipa, CA",157 out of 439,47 out of 208,6 out of 28, 62.11% Place: 79,1:57:12 Pace: 8:57,1:57:12,1:57:12
115,Bruce Field,M,49,"Lake Arrowhead, CA",158 out of 439,111 out of 231,8 out of 22, 55.24% Place: 177,1:57:29 Pace: 8:58,1:57:29,1:57:29
181,Jan Jones,F,50,"Redlands, CA",159 out of 439,48 out of 208,4 out of 18, 64.36% Place: 53,1:57:33 Pace: 8:58,1:57:33,1:57:33
332,Chuck Thrash,M,24,"Newport Beach, CA",160 out of 439,112 out of 231,10 out of 15, 49.64% Place: 285,1:57:53 Pace: 9:00,1:57:53,1:57:53
95,Liise Davis,F,47,"El Cajon, CA",161 out of 439,49 out of 208,7 out of 28, 62.24% Place: 78,1:58:04 Pace: 9:01,1:58:04,1:58:04
438,Keith Christiansen,M,19,"Redlands, CA",162 out of 439,113 out of 231,3 out of 9, 51.51% Place: 249,1:58:15 Pace: 9:02,1:58:15,1:58:15
439,Jacob Stephenson,M,15,"Redlands, CA",163 out of 439,114 out of 231,6 out of 9, 54.83% Place: 189,1:58:15 Pace: 9:02,1:58:15,1:58:15
185,Timothy Jung,M,64,"Loma Linda, CA",164 out of 439,115 out of 231,3 out of 11, 62.69% Place: 76,1:58:16 Pace: 9:02,1:58:16,1:58:16
207,Dan Lim,M,52,"Loma Linda, CA",165 out of 439,116 out of 231,21 out of 36, 56.11% Place: 163,1:58:21 Pace: 9:02,1:58:21,1:58:21
349,Gary Walls,M,57,"Murrieta, CA",166 out of 439,117 out of 231,4 out of 12, 58.24% Place: 136,1:58:54 Pace: 9:05,1:58:54,1:58:54
354,Lawrence Gregge,M,52,"Moreno Valley, CA",167 out of 439,118 out of 231,22 out of 36, 55.82% Place: 165,1:58:58 Pace: 9:05,1:58:58,1:58:58
220,Neil Madden,M,46,"Victorville, CA",168 out of 439,119 out of 231,9 out of 22, 53.16% Place: 215,1:59:29 Pace: 9:07,1:59:29,1:59:29
213,Mary Llaurado,F,44,"Yucaipa, CA",169 out of 439,50 out of 208,6 out of 23, 59.82% Place: 107,1:59:29 Pace: 9:07,1:59:29,1:59:29
266,Ben Perez,M,32,"West Covina, CA",170 out of 439,120 out of 231,20 out of 32, 48.93% Place: 295,1:59:36 Pace: 9:08,1:59:36,1:59:36
264,Erin Patterson,F,24,"Newport Beach, CA",171 out of 439,51 out of 208,5 out of 28, 54.64% Place: 193,1:59:39 Pace: 9:08,1:59:39,1:59:39
396,Deanna Towns,F,33,"Redlands, CA",172 out of 439,52 out of 208,6 out of 28, 54.56% Place: 195,1:59:49 Pace: 9:09,1:59:49,1:59:49
76,Peter Chung,M,63,"Loma Linda, CA",173 out of 439,121 out of 231,4 out of 11, 61.20% Place: 95,1:59:53 Pace: 9:09,1:59:53,1:59:53
313,Kendall Sokolowski,M,21,"Rialto, CA",174 out of 439,122 out of 231,11 out of 15, 49.67% Place: 283,1:59:59 Pace: 9:10,1:59:59,1:59:59
174,Victoria Jaworski,F,41,"Riverside, CA",175 out of 439,53 out of 208,7 out of 23, 57.95% Place: 137,2:00:08 Pace: 9:10,2:00:08,2:00:08
277,Gary Regalado,M,44,"Costa Mesa, CA",176 out of 439,123 out of 231,16 out of 25, 52.13% Place: 233,2:00:10 Pace: 9:10,2:00:10,2:00:10
458,Herb Fields,M,47,"Mentone, CA",177 out of 439,124 out of 231,10 out of 22, 53.21% Place: 214,2:00:13 Pace: 9:11,2:00:13,2:00:13
311,Cody Simula,F,26,"Moreno Valley, CA",178 out of 439,54 out of 208,9 out of 30, 54.35% Place: 197,2:00:17 Pace: 9:11,2:00:17,2:00:17
410,Paulette Lewis,F,38,"San Bernardino, CA",179 out of 439,55 out of 208,14 out of 38, 56.43% Place: 160,2:00:19 Pace: 9:11,2:00:19,2:00:19
411,Bill Abernathy,M,50,"San Bernardino, CA",180 out of 439,125 out of 231,23 out of 36, 54.33% Place: 198,2:00:21 Pace: 9:11,2:00:21,2:00:21
143,Jeff Griswold,M,43,"San Diego, CA",181 out of 439,126 out of 231,17 out of 25, 51.59% Place: 244,2:00:37 Pace: 9:13,2:00:37,2:00:37
138,David Graves,M,41,"Highland, CA",182 out of 439,127 out of 231,18 out of 25, 50.91% Place: 259,2:00:39 Pace: 9:13,2:00:39,2:00:39
295,Veronica Rust,F,28,"Palm Springs, CA",183 out of 439,56 out of 208,10 out of 30, 54.07% Place: 201,2:00:54 Pace: 9:14,2:00:54,2:00:54
276,Kyle Reed,M,36,"Redlands, CA",184 out of 439,128 out of 231,16 out of 25, 49.26% Place: 291,2:00:54 Pace: 9:14,2:00:54,2:00:54
23,John Anholm,M,58,"Snohomish, WA",185 out of 439,129 out of 231,5 out of 12, 57.68% Place: 143,2:01:08 Pace: 9:15,2:01:08,2:01:08
63,Amy Cardullo,F,49,"Riverside, CA",186 out of 439,57 out of 208,8 out of 28, 61.84% Place: 86,2:01:08 Pace: 9:15,2:01:08,2:01:08
466,Julie Printz,F,36,"Riverside, CA",187 out of 439,58 out of 208,15 out of 38, 55.12% Place: 184,2:01:12 Pace: 9:15,2:01:12,2:01:12
19,Juli Almanza,F,35,"Riverside, CA",188 out of 439,59 out of 208,16 out of 38, 54.64% Place: 192,2:01:18 Pace: 9:16,2:01:18,2:01:18
394,Jill Rooks,F,36,"Loma Linda, CA",189 out of 439,60 out of 208,17 out of 38, 55.05% Place: 185,2:01:22 Pace: 9:16,2:01:22,2:01:22
155,Ernie Hernandez,M,34,"Corona, CA",190 out of 439,130 out of 231,21 out of 32, 48.39% Place: 304,2:01:37 Pace: 9:17,2:01:37,2:01:37
74,Amber Chilcoat,F,28,"Yucaipa, CA",191 out of 439,61 out of 208,11 out of 30, 53.71% Place: 206,2:01:43 Pace: 9:18,2:01:43,2:01:43
34,Mark Barber,M,49,"Rancho Cucamonga, CA",192 out of 439,131 out of 231,11 out of 22, 53.27% Place: 213,2:01:49 Pace: 9:18,2:01:49,2:01:49
370,Robert Wolfer,M,39,"Moreno Valley, CA",193 out of 439,132 out of 231,17 out of 25, 49.78% Place: 280,2:01:51 Pace: 9:18,2:01:51,2:01:51
111,Andrea Estrada,F,24,"Bloomington, CA",194 out of 439,62 out of 208,6 out of 28, 53.59% Place: 208,2:02:00 Pace: 9:19,2:02:00,2:02:00
215,Jabneel Lopez,F,24,"Baldwin Park, CA",195 out of 439,63 out of 208,7 out of 28, 53.58% Place: 209,2:02:01 Pace: 9:19,2:02:01,2:02:01
38,Jessica Bedwell,F,25,"Santa Barbara, CA",196 out of 439,64 out of 208,12 out of 30, 53.51% Place: 210,2:02:10 Pace: 9:20,2:02:10,2:02:10
352,Keith Watson,M,63,"Riverside, CA",197 out of 439,133 out of 231,5 out of 11, 60.02% Place: 103,2:02:14 Pace: 9:20,2:02:14,2:02:14
279,Andi Rettger,F,23,"Loma Linda, CA",198 out of 439,65 out of 208,8 out of 28, 53.73% Place: 205,2:02:20 Pace: 9:20,2:02:20,2:02:20
259,Michael Pang,M,73,"Porter Ranch, CA",199 out of 439,134 out of 231,3 out of 6, 67.73% Place: 32,2:02:26 Pace: 9:21,2:02:26,2:02:26
197,Zachary Kushner,M,21,"La Mirada, CA",200 out of 439,135 out of 231,12 out of 15, 48.58% Place: 301,2:02:40 Pace: 9:22,2:02:40,2:02:40
315,Ashley Spoelstra,F,22,"Redlands, CA",201 out of 439,66 out of 208,9 out of 28, 54.07% Place: 202,2:02:41 Pace: 9:22,2:02:41,2:02:41
202,Jungpyo Lee,M,16,"Yucaipa, CA",202 out of 439,136 out of 231,4 out of 9, 51.83% Place: 238,2:02:48 Pace: 9:23,2:02:48,2:02:48
244,Warren Mullisen,M,64,"Culver City, CA",203 out of 439,137 out of 231,6 out of 11, 60.13% Place: 102,2:03:19 Pace: 9:25,2:03:19,2:03:19
46,Jeff Blake,M,48,"Lake Arrowhead, CA",204 out of 439,138 out of 231,12 out of 22, 52.23% Place: 232,2:03:21 Pace: 9:25,2:03:21,2:03:21
173,Lynne Jarman,F,31,"Fresno, CA",205 out of 439,67 out of 208,7 out of 28, 52.95% Place: 217,2:03:28 Pace: 9:26,2:03:28,2:03:28
239,Louis Mo,M,44,"La Crescenta, CA",206 out of 439,139 out of 231,19 out of 25, 50.71% Place: 262,2:03:33 Pace: 9:26,2:03:33,2:03:33
421,Olivia Guerrero,F,44,"Riverside, CA",207 out of 439,68 out of 208,8 out of 23, 57.81% Place: 141,2:03:38 Pace: 9:26,2:03:38,2:03:38
249,Jennifer Newcombe,F,32,"Rancho Cucamonga, CA",208 out of 439,69 out of 208,8 out of 28, 52.81% Place: 219,2:03:47 Pace: 9:27,2:03:47,2:03:47
50,Kevin Bowls,M,50,"Temecula, CA",209 out of 439,140 out of 231,24 out of 36, 52.77% Place: 222,2:03:54 Pace: 9:28,2:03:54,2:03:54
114,Dan Fassnacht,M,30,"Costa Mesa, CA",210 out of 439,141 out of 231,22 out of 32, 47.23% Place: 317,2:03:54 Pace: 9:28,2:03:54,2:03:54
422,Darrell Rosenbrock,M,50,"San Bernardino, CA",211 out of 439,142 out of 231,25 out of 36, 52.57% Place: 227,2:04:22 Pace: 9:30,2:04:22,2:04:22
233,Kalli Mikichi,F,26,"San Jacinto, CA",212 out of 439,70 out of 208,13 out of 30, 52.45% Place: 229,2:04:38 Pace: 9:31,2:04:38,2:04:38
253,Laura Oliver,F,45,"Beaumont, CA",213 out of 439,71 out of 208,9 out of 28, 57.85% Place: 140,2:04:40 Pace: 9:31,2:04:40,2:04:40
361,Celeste Wilcox,F,40,"Redlands, CA",214 out of 439,72 out of 208,9 out of 23, 55.20% Place: 180,2:05:03 Pace: 9:33,2:05:03,2:05:03
60,Mike Calendar,M,47,"Highland, CA",215 out of 439,143 out of 231,13 out of 22, 51.01% Place: 258,2:05:24 Pace: 9:34,2:05:24,2:05:24
496,Susan Chavez,F,52,"Riverside, CA",216 out of 439,73 out of 208,5 out of 18, 61.48% Place: 92,2:05:36 Pace: 9:35,2:05:36,2:05:36
157,Damien Hill,M,33,"Upland, CA",217 out of 439,144 out of 231,23 out of 32, 46.56% Place: 322,2:05:41 Pace: 9:36,2:05:41,2:05:41
376,Wendy Yates,F,56,"Riverside, CA",218 out of 439,74 out of 208,2 out of 6, 64.17% Place: 57,2:05:43 Pace: 9:36,2:05:43,2:05:43
454,Lindsay Delong,F,25,"Redlands, CA",219 out of 439,75 out of 208,14 out of 30, 51.97% Place: 236,2:05:48 Pace: 9:36,2:05:48,2:05:48
94,Tony David,M,52,"Riverside, CA",220 out of 439,145 out of 231,26 out of 36, 52.74% Place: 224,2:05:54 Pace: 9:37,2:05:54,2:05:54
407,Jacqueline Randazzo,F,41,"Redlands, CA",221 out of 439,76 out of 208,10 out of 23, 55.19% Place: 181,2:06:09 Pace: 9:38,2:06:09,2:06:09
80,Darcy Cloutier-Fernald,F,40,"Redlands, CA",222 out of 439,77 out of 208,11 out of 23, 54.62% Place: 194,2:06:23 Pace: 9:39,2:06:23,2:06:23
84,Bill Conway,M,36,"Yucaipa, CA",223 out of 439,146 out of 231,18 out of 25, 47.11% Place: 318,2:06:26 Pace: 9:39,2:06:26,2:06:26
316,Andrea Stephenson,F,36,"Redlands, CA",224 out of 439,78 out of 208,18 out of 38, 52.81% Place: 220,2:06:30 Pace: 9:39,2:06:30,2:06:30
238,Barbara Mitchell,F,56,"Norco, CA",225 out of 439,79 out of 208,3 out of 6, 63.73% Place: 62,2:06:35 Pace: 9:40,2:06:35,2:06:35
89,Jeffrey Cranfill,M,26,"Loma Linda, CA",226 out of 439,147 out of 231,11 out of 19, 46.21% Place: 328,2:06:38 Pace: 9:40,2:06:38,2:06:38
82,Christopher Cole,M,38,"Tucson, AZ",227 out of 439,148 out of 231,19 out of 25, 47.59% Place: 313,2:06:41 Pace: 9:40,2:06:41,2:06:41
126,Erin Garner,F,28,"Las Vegas, NV",228 out of 439,80 out of 208,15 out of 30, 51.54% Place: 246,2:06:51 Pace: 9:41,2:06:51,2:06:51
323,Amy Summerfield,F,26,"Las Vegas, NV",229 out of 439,81 out of 208,16 out of 30, 51.54% Place: 245,2:06:51 Pace: 9:41,2:06:51,2:06:51
310,Mark Shiu,M,33,"Rancho Cucamonga, CA",230 out of 439,149 out of 231,24 out of 32, 46.11% Place: 330,2:06:54 Pace: 9:41,2:06:54,2:06:54
25,Erica Archila,F,27,"Placentia, CA",231 out of 439,82 out of 208,17 out of 30, 51.52% Place: 247,2:06:54 Pace: 9:41,2:06:54,2:06:54
340,Margie Valdez,F,32,"Riverside, CA",232 out of 439,83 out of 208,9 out of 28, 51.48% Place: 251,2:06:59 Pace: 9:42,2:06:59,2:06:59
127,Katie Gaw,F,32,"Redlands, CA",233 out of 439,84 out of 208,10 out of 28, 51.47% Place: 252,2:07:01 Pace: 9:42,2:07:01,2:07:01
292,Ed Rosaasen,M,64,"Redlands, CA",234 out of 439,150 out of 231,7 out of 11, 58.37% Place: 133,2:07:01 Pace: 9:42,2:07:01,2:07:01
324,Donald Sumstine,M,46,"Redlands, CA",235 out of 439,151 out of 231,14 out of 22, 49.81% Place: 279,2:07:31 Pace: 9:44,2:07:31,2:07:31
318,Susan Stiles,F,50,"Redlands, CA",236 out of 439,85 out of 208,6 out of 18, 59.33% Place: 122,2:07:31 Pace: 9:44,2:07:31,2:07:31
441,Emily Lee,F,28,"Menifee, CA",237 out of 439,86 out of 208,18 out of 30, 51.18% Place: 255,2:07:44 Pace: 9:45,2:07:44,2:07:44
440,Cari Christensen,F,30,"Redlands, CA",238 out of 439,87 out of 208,11 out of 28, 51.14% Place: 256,2:07:50 Pace: 9:46,2:07:50,2:07:50
72,Cody Chastain,M,25,"Loma Linda, CA",239 out of 439,152 out of 231,12 out of 19, 45.64% Place: 337,2:08:12 Pace: 9:47,2:08:12,2:08:12
469,Jeff Francisco,M,44,"Riverside, CA",240 out of 439,153 out of 231,20 out of 25, 48.57% Place: 302,2:08:59 Pace: 9:51,2:08:59,2:08:59
136,Ray Gonzales,M,42,"Moreno Valley, CA",241 out of 439,154 out of 231,21 out of 25, 47.76% Place: 312,2:09:27 Pace: 9:53,2:09:27,2:09:27
107,Ann Eckels,F,45,"La Crescenta, CA",242 out of 439,88 out of 208,10 out of 28, 55.71% Place: 166,2:09:28 Pace: 9:53,2:09:28,2:09:28
68,Aloysius Casey,M,76,"Redlands, CA",243 out of 439,155 out of 231,1 out of 4, 66.99% Place: 34,2:09:35 Pace: 9:54,2:09:35,2:09:35
187,Lynda Kane,F,57,"Riverside, CA",244 out of 439,89 out of 208,4 out of 6, 62.84% Place: 75,2:09:52 Pace: 9:55,2:09:52,2:09:52
243,Myrna Moreno,F,47,"Chino Hills, CA",245 out of 439,90 out of 208,11 out of 28, 56.53% Place: 158,2:09:59 Pace: 9:55,2:09:59,2:09:59
289,Michael Robles,M,38,"Redlands, CA",246 out of 439,156 out of 231,20 out of 25, 46.29% Place: 326,2:10:14 Pace: 9:57,2:10:14,2:10:14
92,Conrad Daniel,M,59,"Redlands, CA",247 out of 439,157 out of 231,6 out of 12, 54.11% Place: 200,2:10:19 Pace: 9:57,2:10:19,2:10:19
450,David Ketcherside,M,33,"Highland, CA",248 out of 439,158 out of 231,25 out of 32, 44.90% Place: 345,2:10:20 Pace: 9:57,2:10:20,2:10:20
374,Laura Wright,F,39,"Redlands, CA",249 out of 439,91 out of 208,19 out of 38, 52.51% Place: 228,2:10:23 Pace: 9:57,2:10:23,2:10:23
288,Christopher Robinson,M,37,"Riverside, CA",250 out of 439,159 out of 231,21 out of 25, 45.86% Place: 334,2:10:40 Pace: 9:59,2:10:40,2:10:40
366,Carmen Wisdom,F,44,"Redlands, CA",251 out of 439,92 out of 208,12 out of 23, 54.69% Place: 191,2:10:41 Pace: 9:59,2:10:41,2:10:41
353,Rosalind Weaver,F,40,"Highland, CA",252 out of 439,93 out of 208,13 out of 23, 52.81% Place: 221,2:10:43 Pace: 9:59,2:10:43,2:10:43
285,Amber Roberts,F,37,"Redlands, CA",253 out of 439,94 out of 208,20 out of 38, 51.50% Place: 250,2:10:46 Pace: 9:59,2:10:46,2:10:46
204,Sharon Lee,F,27,"Loma Linda, CA",254 out of 439,95 out of 208,19 out of 30, 49.96% Place: 277,2:10:51 Pace: 9:59,2:10:51,2:10:51
495,Lori Driscoll,F,39,"Redlands, CA",255 out of 439,96 out of 208,21 out of 38, 52.24% Place: 231,2:11:02 Pace: 10:00,2:11:02,2:11:02
262,Jeff Parke,M,50,"Redlands, CA",256 out of 439,160 out of 231,27 out of 36, 49.83% Place: 278,2:11:13 Pace: 10:01,2:11:13,2:11:13
286,Cody Roberts,M,14,"Rialto, CA",257 out of 439,161 out of 231,7 out of 9, 50.39% Place: 268,2:11:25 Pace: 10:02,2:11:25,2:11:25
47,Jon Bogh,M,32,"Las Vegas, NV",258 out of 439,162 out of 231,26 out of 32, 44.52% Place: 350,2:11:26 Pace: 10:02,2:11:26,2:11:26
487,Guadalupe Mitchell,F,27,"San Jacinto, CA",259 out of 439,97 out of 208,20 out of 30, 49.71% Place: 282,2:11:31 Pace: 10:02,2:11:31,2:11:31
489,Tom Scheuble,M,46,"San Jacinto, CA",260 out of 439,163 out of 231,15 out of 22, 48.29% Place: 305,2:11:32 Pace: 10:02,2:11:32,2:11:32
301,Cindy Scheidemantle,F,42,"Rancho Cucamonga, CA",261 out of 439,98 out of 208,14 out of 23, 53.35% Place: 212,2:11:37 Pace: 10:03,2:11:37,2:11:37
218,Nadine Loza,F,31,"Anaheim, CA",262 out of 439,99 out of 208,12 out of 28, 49.64% Place: 284,2:11:41 Pace: 10:03,2:11:41,2:11:41
334,Melody Townsend,F,24,"Redlands, CA",263 out of 439,100 out of 208,10 out of 28, 49.57% Place: 287,2:11:53 Pace: 10:04,2:11:53,2:11:53
21,Kristin Anetsberger,F,51,"Ladera Ranch, CA",264 out of 439,101 out of 208,7 out of 18, 57.94% Place: 138,2:11:55 Pace: 10:04,2:11:55,2:11:55
363,Dean Willmore,M,46,"Henderson, NV",265 out of 439,164 out of 231,16 out of 22, 48.10% Place: 308,2:12:02 Pace: 10:05,2:12:02,2:12:02
149,Richard Hargis,M,61,"Riverside, CA",266 out of 439,165 out of 231,8 out of 11, 54.43% Place: 196,2:12:05 Pace: 10:05,2:12:05,2:12:05
180,Mark Jonasson,M,16,"Calimesa, CA",267 out of 439,166 out of 231,5 out of 9, 48.16% Place: 307,2:12:09 Pace: 10:05,2:12:09,2:12:09
346,Astrid Von Walter,F,25,"Loma Linda, CA",268 out of 439,102 out of 208,21 out of 30, 49.46% Place: 289,2:12:11 Pace: 10:05,2:12:11,2:12:11
65,Durk Carlisle,M,27,"Redlands, CA",269 out of 439,167 out of 231,13 out of 19, 44.21% Place: 353,2:12:22 Pace: 10:06,2:12:22,2:12:22
97,Lisa De Benedet,F,47,"Highland, CA",270 out of 439,103 out of 208,12 out of 28, 55.49% Place: 171,2:12:25 Pace: 10:07,2:12:25,2:12:25
237,Mahalia Misal,F,23,"Loma Linda, CA",271 out of 439,104 out of 208,11 out of 28, 49.63% Place: 286,2:12:26 Pace: 10:07,2:12:26,2:12:26
297,Stephaine Saenz,F,39,"Beaumont, CA",272 out of 439,105 out of 208,22 out of 38, 51.62% Place: 243,2:12:37 Pace: 10:07,2:12:37,2:12:37
493,Rosie Aguilar,F,36,"Redlands, CA",273 out of 439,106 out of 208,23 out of 38, 50.35% Place: 269,2:12:41 Pace: 10:08,2:12:41,2:12:41
196,John Kuntz,M,53,"Riverside, CA",274 out of 439,168 out of 231,28 out of 36, 50.33% Place: 270,2:12:59 Pace: 10:09,2:12:59,2:12:59
403,Matthew Moore,M,21,"Redlands, CA",275 out of 439,169 out of 231,13 out of 15, 44.73% Place: 347,2:13:14 Pace: 10:10,2:13:14,2:13:14
499,Kari Verjil,F,44,"Moreno Valley, CA",276 out of 439,107 out of 208,15 out of 23, 53.61% Place: 207,2:13:19 Pace: 10:11,2:13:19,2:13:19
71,Rene Cendejas,M,26,"Ontario, CA",277 out of 439,170 out of 231,14 out of 19, 43.85% Place: 356,2:13:27 Pace: 10:11,2:13:27,2:13:27
261,Danielle Parke,F,23,"Newport Beach, CA",278 out of 439,108 out of 208,12 out of 28, 49.25% Place: 292,2:13:28 Pace: 10:11,2:13:28,2:13:28
190,Linda Kim,F,36,"Highland, CA",279 out of 439,109 out of 208,24 out of 38, 50.04% Place: 276,2:13:30 Pace: 10:11,2:13:30,2:13:30
443,Donna Espinoza,F,38,"Redlands, CA",280 out of 439,110 out of 208,25 out of 38, 50.81% Place: 260,2:13:37 Pace: 10:12,2:13:37,2:13:37
124,Cynthia Gardner,F,30,"Redlands, CA",281 out of 439,111 out of 208,13 out of 28, 48.88% Place: 297,2:13:44 Pace: 10:13,2:13:44,2:13:44
408,Michael Deetz,M,47,"San Bernardino, CA",282 out of 439,171 out of 231,17 out of 22, 47.76% Place: 311,2:13:55 Pace: 10:13,2:13:55,2:13:55
145,Kevin Halamicek,M,31,"Big Bear City, CA",283 out of 439,172 out of 231,27 out of 32, 43.68% Place: 365,2:13:57 Pace: 10:13,2:13:57,2:13:57
87,Patricia Courtney,F,26,"Apple Valley, CA",284 out of 439,112 out of 208,22 out of 30, 48.80% Place: 298,2:13:57 Pace: 10:14,2:13:57,2:13:57
42,Wendy Betancourt,F,35,"Redlands, CA",285 out of 439,113 out of 208,26 out of 38, 49.46% Place: 288,2:14:00 Pace: 10:14,2:14:00,2:14:00
175,Emily Jenkins,F,23,"Highland, CA",286 out of 439,114 out of 208,13 out of 28, 49.05% Place: 293,2:14:01 Pace: 10:14,2:14:01,2:14:01
481,Jeff Eusebio,M,34,"Chula Vista, CA",287 out of 439,173 out of 231,28 out of 32, 43.87% Place: 355,2:14:09 Pace: 10:14,2:14:09,2:14:09
24,Semiramis Anspach,F,51,"Victorville, CA",288 out of 439,115 out of 208,8 out of 18, 56.97% Place: 153,2:14:09 Pace: 10:14,2:14:09,2:14:09
225,Izar Martinez,M,75,"Mentone, CA",289 out of 439,174 out of 231,2 out of 4, 63.66% Place: 63,2:14:14 Pace: 10:15,2:14:14,2:14:14
274,Candice Ramirez,F,35,"Rancho Cucamonga, CA",290 out of 439,116 out of 208,27 out of 38, 49.35% Place: 290,2:14:18 Pace: 10:15,2:14:18,2:14:18
416,Dexter Emoto,M,53,"Loma Linda, CA",291 out of 439,175 out of 231,29 out of 36, 49.77% Place: 281,2:14:30 Pace: 10:16,2:14:30,2:14:30
462,Robb Barry,M,34,"Rancho Cucamonga, CA",292 out of 439,176 out of 231,29 out of 32, 43.68% Place: 366,2:14:44 Pace: 10:17,2:14:44,2:14:44
14,Dukki Ahn,M,68,"Loma Linda, CA",293 out of 439,177 out of 231,2 out of 6, 57.49% Place: 147,2:15:00 Pace: 10:18,2:15:00,2:15:00
73,Jamie Chastain,F,26,"Loma Linda, CA",294 out of 439,117 out of 208,23 out of 30, 48.42% Place: 303,2:15:01 Pace: 10:18,2:15:01,2:15:01
497,Terri Willoughby,F,48,"Riverside, CA",295 out of 439,118 out of 208,13 out of 28, 54.94% Place: 187,2:15:01 Pace: 10:18,2:15:01,2:15:01
350,Jordan Ward,M,14,"Loma Linda, CA",296 out of 439,178 out of 231,8 out of 9, 48.72% Place: 299,2:15:55 Pace: 10:23,2:15:55,2:15:55
22,James Anholm,M,56,"Redlands, CA",297 out of 439,179 out of 231,7 out of 12, 50.31% Place: 271,2:16:25 Pace: 10:25,2:16:25,2:16:25
414,Pam Brandenberger,F,63,"Redlands, CA",298 out of 439,119 out of 208,2 out of 6, 64.48% Place: 52,2:16:30 Pace: 10:25,2:16:30,2:16:30
343,Laura Vazquez,F,26,"Redlands, CA",299 out of 439,120 out of 208,24 out of 30, 47.86% Place: 309,2:16:36 Pace: 10:26,2:16:36,2:16:36
255,Elisabeth Ord,F,24,"Bonney Lake, WA",300 out of 439,121 out of 208,14 out of 28, 47.78% Place: 310,2:16:50 Pace: 10:27,2:16:50,2:16:50
402,Tami Moore,F,43,"Redlands, CA",301 out of 439,122 out of 208,16 out of 23, 51.77% Place: 242,2:16:51 Pace: 10:27,2:16:51,2:16:51
431,Lee Myers,M,53,"Desert Hot Springs, CA",302 out of 439,180 out of 231,30 out of 36, 48.90% Place: 296,2:16:52 Pace: 10:27,2:16:52,2:16:52
339,Rosalind Vaccarello,F,50,"Cherry Valley, CA",303 out of 439,123 out of 208,9 out of 18, 55.26% Place: 176,2:16:55 Pace: 10:27,2:16:55,2:16:55
375,Rich Wunderlich,M,46,"Chino Hills, CA",304 out of 439,181 out of 231,18 out of 22, 46.36% Place: 325,2:17:00 Pace: 10:27,2:17:00,2:17:00
108,John Egan,M,71,"Redlands, CA",305 out of 439,182 out of 231,4 out of 6, 58.74% Place: 127,2:17:18 Pace: 10:29,2:17:18,2:17:18
230,Deborah McCready,F,48,"Redlands, CA",306 out of 439,124 out of 208,14 out of 28, 53.97% Place: 203,2:17:27 Pace: 10:30,2:17:27,2:17:27
148,John Harbison,M,53,"Redlands, CA",307 out of 439,183 out of 231,31 out of 36, 48.66% Place: 300,2:17:34 Pace: 10:30,2:17:34,2:17:34
364,Homer Wilson,M,73,"Riverside, CA",308 out of 439,184 out of 231,5 out of 6, 59.38% Place: 121,2:19:39 Pace: 10:40,2:19:39,2:19:39
383,Richard Smith,M,51,"Oak Hills, CA",309 out of 439,185 out of 231,32 out of 36, 46.91% Place: 320,2:20:27 Pace: 10:43,2:20:27,2:20:27
351,Theodis Ward,M,55,"Loma Linda, CA",310 out of 439,186 out of 231,8 out of 12, 48.25% Place: 306,2:21:03 Pace: 10:46,2:21:03,2:21:03
280,David Reuter,M,45,"Tustin, CA",311 out of 439,187 out of 231,19 out of 22, 44.72% Place: 348,2:21:03 Pace: 10:46,2:21:03,2:21:03
362,Janet Willard,F,53,"Riverside, CA",312 out of 439,125 out of 208,10 out of 18, 55.32% Place: 174,2:21:05 Pace: 10:46,2:21:05,2:21:05
434,Theresa Wolfe,F,55,"Highland, CA",313 out of 439,126 out of 208,5 out of 6, 56.50% Place: 159,2:21:11 Pace: 10:47,2:21:11,2:21:11
184,Ben Minchan Jun,M,18,"Redlands, CA",314 out of 439,188 out of 231,6 out of 9, 43.70% Place: 362,2:21:11 Pace: 10:47,2:21:11,2:21:11
433,Henry Wolfe,M,65,"Highland, CA",315 out of 439,189 out of 231,3 out of 6, 53.07% Place: 216,2:21:14 Pace: 10:47,2:21:14,2:21:14
451,Erin Brubach,F,23,"Loma Linda, CA",316 out of 439,127 out of 208,15 out of 28, 46.47% Place: 323,2:21:26 Pace: 10:48,2:21:26,2:21:26
283,Cara Richards,F,31,"Riverside, CA",317 out of 439,128 out of 208,14 out of 28, 46.14% Place: 329,2:21:42 Pace: 10:49,2:21:42,2:21:42
268,Sherie Phillips,F,46,"Irvine, CA",318 out of 439,129 out of 208,15 out of 28, 51.24% Place: 254,2:22:03 Pace: 10:51,2:22:03,2:22:03
393,Britni Gleason,F,22,"Loma Linda, CA",319 out of 439,130 out of 208,16 out of 28, 46.64% Place: 321,2:22:14 Pace: 10:51,2:22:14,2:22:14
104,Cathy Domingo,F,30,"Loma Linda, CA",320 out of 439,131 out of 208,15 out of 28, 45.96% Place: 332,2:22:14 Pace: 10:51,2:22:14,2:22:14
26,Leticia Arreola,F,32,"Beaumont, CA",321 out of 439,132 out of 208,16 out of 28, 45.91% Place: 333,2:22:24 Pace: 10:52,2:22:24,2:22:24
312,David Soffa,M,43,"San Bernardino, CA",322 out of 439,190 out of 231,22 out of 25, 43.70% Place: 363,2:22:25 Pace: 10:52,2:22:25,2:22:25
419,Pat Hathor,F,48,"Colton, CA",323 out of 439,133 out of 208,16 out of 28, 52.05% Place: 235,2:22:32 Pace: 10:53,2:22:32,2:22:32
219,Elizabeth Lyon,F,23,"Redlands, CA",324 out of 439,134 out of 208,17 out of 28, 46.02% Place: 331,2:22:49 Pace: 10:54,2:22:49,2:22:49
436,Jeremy Horton,M,14,"Highland, CA",325 out of 439,191 out of 231,9 out of 9, 46.28% Place: 327,2:23:05 Pace: 10:55,2:23:05,2:23:05
437,Daniel Schroeder,M,17,"Redlands, CA",326 out of 439,192 out of 231,7 out of 9, 43.75% Place: 360,2:23:05 Pace: 10:55,2:23:05,2:23:05
379,Lee Cooper,M,64,"Redlands, CA",327 out of 439,193 out of 231,9 out of 11, 51.81% Place: 239,2:23:06 Pace: 10:55,2:23:06,2:23:06
483,Dave Brunken,M,43,"Moreno Valley, CA",328 out of 439,194 out of 231,23 out of 25, 43.46% Place: 367,2:23:11 Pace: 10:56,2:23:11,2:23:11
484,Jewel Robinson,F,20,"Hemet, CA",329 out of 439,135 out of 208,18 out of 28, 47.29% Place: 316,2:23:11 Pace: 10:56,2:23:11,2:23:11
121,William A Frogue 111,M,39,"Riverside, CA",330 out of 439,195 out of 231,22 out of 25, 42.24% Place: 374,2:23:36 Pace: 10:58,2:23:36,2:23:36
29,Sandi Askew,F,60,"Redlands, CA",331 out of 439,136 out of 208,3 out of 6, 58.66% Place: 131,2:24:17 Pace: 11:01,2:24:17,2:24:17
186,Lindsay Kane,F,24,"Cypress, CA",332 out of 439,137 out of 208,19 out of 28, 45.20% Place: 342,2:24:37 Pace: 11:02,2:24:37,2:24:37
214,Angela Lopez,F,27,"Rancho Cucamonga, CA",333 out of 439,138 out of 208,25 out of 30, 45.16% Place: 343,2:24:45 Pace: 11:03,2:24:45,2:24:45
464,Robert Casillas,M,23,"Redlands, CA",334 out of 439,196 out of 231,14 out of 15, 40.42% Place: 378,2:24:56 Pace: 11:04,2:24:56,2:24:56
377,Diane Zamora,F,40,"Rancho Cucamonga, CA",335 out of 439,139 out of 208,17 out of 23, 47.58% Place: 314,2:25:05 Pace: 11:04,2:25:05,2:25:05
245,Carolyn Murphy,F,22,"Riverside, CA",336 out of 439,140 out of 208,20 out of 28, 45.66% Place: 336,2:25:16 Pace: 11:05,2:25:16,2:25:16
128,James Galyen,M,67,"Redlands, CA",337 out of 439,197 out of 231,4 out of 6, 52.74% Place: 223,2:25:24 Pace: 11:06,2:25:24,2:25:24
345,Michael Verner,M,67,"Calimesa, CA",338 out of 439,198 out of 231,5 out of 6, 52.74% Place: 225,2:25:25 Pace: 11:06,2:25:25,2:25:25
188,Elizabeth Keller,F,44,"Yucaipa, CA",339 out of 439,141 out of 208,18 out of 23, 48.93% Place: 294,2:26:04 Pace: 11:09,2:26:04,2:26:04
308,Joan Shaw,F,48,"Rancho Cucamonga, CA",340 out of 439,142 out of 208,17 out of 28, 50.46% Place: 264,2:27:00 Pace: 11:13,2:27:00,2:27:00
491,Suzanne Perry,F,30,"Ann Arbor, MI",341 out of 439,143 out of 208,17 out of 28, 44.46% Place: 351,2:27:02 Pace: 11:13,2:27:02,2:27:02
492,Arvin Perry,M,64,"Lake Forest, CA",342 out of 439,199 out of 231,10 out of 11, 50.42% Place: 266,2:27:03 Pace: 11:14,2:27:03,2:27:03
241,Monireh Moghadam,F,36,"Riverside, CA",343 out of 439,144 out of 208,28 out of 38, 45.41% Place: 340,2:27:08 Pace: 11:14,2:27:08,2:27:08
191,Sharon Kim,F,34,"Camarillo, CA",344 out of 439,145 out of 208,18 out of 28, 44.55% Place: 349,2:27:36 Pace: 11:16,2:27:36,2:27:36
234,Steve Milinkevich,M,25,"Corona, CA",345 out of 439,200 out of 231,15 out of 19, 39.59% Place: 386,2:27:47 Pace: 11:17,2:27:47,2:27:47
56,Heather Buhr,F,32,"Riverside, CA",346 out of 439,146 out of 208,19 out of 28, 44.24% Place: 352,2:27:47 Pace: 11:17,2:27:47,2:27:47
139,Susan Gray,F,49,"Mentone, CA",347 out of 439,147 out of 208,18 out of 28, 50.46% Place: 265,2:28:28 Pace: 11:20,2:28:28,2:28:28
91,Pablo D'Angelo,M,34,"San Dimas, CA",348 out of 439,201 out of 231,30 out of 32, 39.60% Place: 385,2:28:38 Pace: 11:21,2:28:38,2:28:38
201,Shari Lauda,F,52,"Hemet, CA",349 out of 439,148 out of 208,11 out of 18, 51.91% Place: 237,2:28:46 Pace: 11:21,2:28:46,2:28:46
263,Diane Parraz,F,43,"Nuevo, CA",350 out of 439,149 out of 208,19 out of 23, 47.53% Place: 315,2:29:02 Pace: 11:23,2:29:02,2:29:02
415,Carol Pechler,F,68,"Menlo Park, CA",351 out of 439,150 out of 208,1 out of 1, 63.34% Place: 65,2:29:28 Pace: 11:25,2:29:28,2:29:28
418,Al Cazas,M,50,"Loma Linda, CA",352 out of 439,202 out of 231,33 out of 36, 43.69% Place: 364,2:29:39 Pace: 11:25,2:29:39,2:29:39
299,Melissa Sandoval,F,23,"Riverside, CA",353 out of 439,151 out of 208,21 out of 28, 43.84% Place: 357,2:29:55 Pace: 11:27,2:29:55,2:29:55
131,Cynthia Glasgow,F,51,"Highland, CA",354 out of 439,152 out of 208,12 out of 18, 50.79% Place: 261,2:30:29 Pace: 11:29,2:30:29,2:30:29
453,Lorraine Thomas,F,39,"Loma Linda, CA",355 out of 439,153 out of 208,29 out of 38, 45.44% Place: 339,2:30:40 Pace: 11:30,2:30:40,2:30:40
200,Manouch Lankarani,M,66,"Colton, CA",356 out of 439,203 out of 231,6 out of 6, 50.15% Place: 274,2:31:09 Pace: 11:32,2:31:09,2:31:09
67,Aaron Carmean,M,25,"Redlands, CA",357 out of 439,204 out of 231,16 out of 19, 38.53% Place: 392,2:31:52 Pace: 11:36,2:31:52,2:31:52
319,Jim Stolze,M,40,"Yucaipa, CA",358 out of 439,205 out of 231,24 out of 25, 40.12% Place: 380,2:32:09 Pace: 11:37,2:32:09,2:32:09
198,Hyuk Kwon,M,57,"Redlands, CA",359 out of 439,206 out of 231,9 out of 12, 45.47% Place: 338,2:32:16 Pace: 11:37,2:32:16,2:32:16
306,Marong Seang,F,33,"Redlands, CA",360 out of 439,154 out of 208,20 out of 28, 42.92% Place: 370,2:32:19 Pace: 11:38,2:32:19,2:32:19
150,Katie Harkey,F,51,"Ontario, CA",361 out of 439,155 out of 208,13 out of 18, 50.12% Place: 275,2:32:29 Pace: 11:38,2:32:29,2:32:29
117,Rachel Fitzgerald,F,39,"Costa Mesa, CA",362 out of 439,156 out of 208,30 out of 38, 44.82% Place: 346,2:32:44 Pace: 11:39,2:32:44,2:32:44
257,Sarah Palenschat,F,36,"San Diego, CA",363 out of 439,157 out of 208,31 out of 38, 43.73% Place: 361,2:32:47 Pace: 11:40,2:32:47,2:32:47
459,Brian Marsh,M,30,"Los Angeles, CA",364 out of 439,207 out of 231,31 out of 32, 38.29% Place: 393,2:32:49 Pace: 11:40,2:32:49,2:32:49
240,Violet Mo,F,38,"La Crescenta, CA",365 out of 439,158 out of 208,32 out of 38, 43.89% Place: 354,2:34:41 Pace: 11:48,2:34:41,2:34:41
470,Rebecca Hamm,F,46,"Claremont, CA",366 out of 439,159 out of 208,19 out of 28, 46.99% Place: 319,2:34:55 Pace: 11:49,2:34:55,2:34:55
35,Kathleen Beardsley,F,33,"Redlands, CA",367 out of 439,160 out of 208,21 out of 28, 41.72% Place: 376,2:36:41 Pace: 11:58,2:36:41,2:36:41
33,Connie Banks,F,62,"Crestline, CA",368 out of 439,161 out of 208,4 out of 6, 55.21% Place: 179,2:37:18 Pace: 12:00,2:37:18,2:37:18
177,John Johnson,M,45,"Moreno Valley, CA",369 out of 439,208 out of 231,20 out of 22, 39.73% Place: 384,2:38:46 Pace: 12:07,2:38:46,2:38:46
83,Traci Cole,F,39,"Tucson, AZ",370 out of 439,162 out of 208,33 out of 38, 43.05% Place: 369,2:39:01 Pace: 12:08,2:39:01,2:39:01
282,Alan Reynolds,M,53,"San Jacinto, CA",371 out of 439,209 out of 231,34 out of 36, 41.76% Place: 375,2:40:17 Pace: 12:14,2:40:17,2:40:17
461,Tony Mercado,M,36,"Riverside, CA",372 out of 439,210 out of 231,23 out of 25, 37.11% Place: 403,2:40:30 Pace: 12:15,2:40:30,2:40:30
169,Alejandro Irineo,M,35,"Riverside, CA",373 out of 439,211 out of 231,24 out of 25, 36.79% Place: 406,2:40:55 Pace: 12:17,2:40:55,2:40:55
203,Martha Lee,F,48,"Riverside, CA",374 out of 439,163 out of 208,20 out of 28, 45.85% Place: 335,2:41:48 Pace: 12:21,2:41:48,2:41:48
236,Shauntell Minor,F,30,"Perris, CA",375 out of 439,164 out of 208,22 out of 28, 40.40% Place: 379,2:41:48 Pace: 12:21,2:41:48,2:41:48
20,Cheryl Anderson,F,44,"Temecula, CA",376 out of 439,165 out of 208,20 out of 23, 43.82% Place: 358,2:43:06 Pace: 12:27,2:43:06,2:43:06
195,Anna Kocis,F,44,"Chatsworth, CA",377 out of 439,166 out of 208,21 out of 23, 43.82% Place: 359,2:43:06 Pace: 12:27,2:43:06,2:43:06
479,John Diaz,M,26,"Los Angeles, CA",378 out of 439,212 out of 231,17 out of 19, 35.72% Place: 415,2:43:48 Pace: 12:30,2:43:48,2:43:48
69,Rosio Castillo,F,28,"Rialto, CA",379 out of 439,167 out of 208,26 out of 30, 39.85% Place: 382,2:44:02 Pace: 12:31,2:44:02,2:44:02
281,Ilsia Reuter,F,42,"Tustin, CA",380 out of 439,168 out of 208,22 out of 23, 42.44% Place: 373,2:45:28 Pace: 12:38,2:45:28,2:45:28
102,Heidi Dinkle,F,25,"Upland, CA",381 out of 439,169 out of 208,27 out of 30, 39.48% Place: 387,2:45:36 Pace: 12:38,2:45:36,2:45:36
137,Jane Gopez Johnson,F,31,"Moreno Valley, CA",382 out of 439,170 out of 208,23 out of 28, 39.47% Place: 388,2:45:38 Pace: 12:39,2:45:38,2:45:38
162,Francisco Holgado,M,59,"Rialto, CA",383 out of 439,213 out of 231,10 out of 12, 42.57% Place: 372,2:45:38 Pace: 12:39,2:45:38,2:45:38
256,Otilia Ornelas,F,45,"Corona, CA",384 out of 439,171 out of 208,21 out of 28, 43.37% Place: 368,2:46:18 Pace: 12:42,2:46:18,2:46:18
183,Paz Juarez,M,46,"Ontario, CA",385 out of 439,214 out of 231,21 out of 22, 38.19% Place: 394,2:46:19 Pace: 12:42,2:46:19,2:46:19
455,Tina Cazas,F,50,"Loma Linda, CA",386 out of 439,172 out of 208,14 out of 18, 45.28% Place: 341,2:47:06 Pace: 12:45,2:47:06,2:47:06
182,Jose Juarez,M,51,"Ontario, CA",387 out of 439,215 out of 231,35 out of 36, 39.06% Place: 389,2:48:40 Pace: 12:52,2:48:40,2:48:40
309,Cheryl Shira,F,45,"Yucaipa, CA",388 out of 439,173 out of 208,22 out of 28, 42.59% Place: 371,2:49:21 Pace: 12:56,2:49:21,2:49:21
399,Jonathan Shidler,M,21,"Redlands, CA",389 out of 439,216 out of 231,15 out of 15, 35.13% Place: 421,2:49:39 Pace: 12:57,2:49:39,2:49:39
205,Matthew Leeds,M,26,"Redlands, CA",390 out of 439,217 out of 231,18 out of 19, 34.29% Place: 425,2:50:39 Pace: 13:02,2:50:39,2:50:39
210,David Littlehales,M,59,"La Mirada, CA",391 out of 439,218 out of 231,11 out of 12, 41.18% Place: 377,2:51:15 Pace: 13:04,2:51:15,2:51:15
178,Milton Johnson,M,70,"Highland, CA",392 out of 439,219 out of 231,6 out of 6, 46.46% Place: 324,2:51:18 Pace: 13:05,2:51:18,2:51:18
260,Jay Park,M,16,"Riverside, CA",393 out of 439,220 out of 231,8 out of 9, 36.89% Place: 404,2:52:31 Pace: 13:10,2:52:31,2:52:31
338,Amber Utley,F,28,"San Bernardino, CA",394 out of 439,174 out of 208,28 out of 30, 37.89% Place: 398,2:52:32 Pace: 13:10,2:52:32,2:52:32
43,Ollie Biederman,M,76,"La Mesa, CA",395 out of 439,221 out of 231,3 out of 4, 50.27% Place: 272,2:52:42 Pace: 13:11,2:52:42,2:52:42
199,Megan Lane,F,23,"Highland, CA",396 out of 439,175 out of 208,22 out of 28, 38.02% Place: 397,2:52:53 Pace: 13:12,2:52:53,2:52:53
146,Nicole Hale,F,23,"Pomona, CA",397 out of 439,176 out of 208,23 out of 28, 37.29% Place: 402,2:56:15 Pace: 13:27,2:56:15,2:56:15
357,Peter Wheeler,M,29,"Yucaipa, CA",398 out of 439,222 out of 231,19 out of 19, 32.97% Place: 429,2:57:28 Pace: 13:33,2:57:28,2:57:28
356,Heather Wheeler,F,21,"Yucaipa, CA",399 out of 439,177 out of 208,24 out of 28, 37.72% Place: 400,2:57:35 Pace: 13:33,2:57:35,2:57:35
355,Carly Wheeler,F,28,"Yucaipa, CA",400 out of 439,178 out of 208,29 out of 30, 36.81% Place: 405,2:57:36 Pace: 13:33,2:57:36,2:57:36
101,Randy Dimick,M,47,"Ontario, CA",401 out of 439,223 out of 231,22 out of 22, 35.88% Place: 412,2:58:15 Pace: 13:36,2:58:15,2:58:15
158,John Hokenson,M,55,"Chino, CA",402 out of 439,224 out of 231,12 out of 12, 38.07% Place: 396,2:58:46 Pace: 13:39,2:58:46,2:58:46
159,Kimberly Hokenson,F,24,"Chino, CA",403 out of 439,179 out of 208,25 out of 28, 36.56% Place: 408,2:58:48 Pace: 13:39,2:58:48,2:58:48
250,Kimberly Nishio,F,26,"Upland, CA",404 out of 439,180 out of 208,30 out of 30, 36.56% Place: 409,2:58:49 Pace: 13:39,2:58:49,2:58:49
100,Kelly Dimick,F,34,"Ontario, CA",405 out of 439,181 out of 208,24 out of 28, 36.51% Place: 410,3:00:06 Pace: 13:45,3:00:06,3:00:06
296,Emma Sabean,F,39,"Claremont, CA",406 out of 439,182 out of 208,34 out of 38, 37.81% Place: 399,3:01:04 Pace: 13:49,3:01:04,3:01:04
44,Orville Bingley,M,79,"Palm Desert, CA",407 out of 439,225 out of 231,4 out of 4, 50.40% Place: 267,3:01:19 Pace: 13:50,3:01:19,3:01:19
85,Leah Cornejo,F,32,"Yucaipa, CA",408 out of 439,183 out of 208,25 out of 28, 35.63% Place: 416,3:03:27 Pace: 14:00,3:03:27,3:03:27
192,Yechan Kim,M,16,"Yucaipa, CA",409 out of 439,226 out of 231,9 out of 9, 34.32% Place: 424,3:05:26 Pace: 14:09,3:05:26,3:05:26
314,Juliet Sorensen,F,49,"Redlands, CA",410 out of 439,184 out of 208,23 out of 28, 40.08% Place: 381,3:06:53 Pace: 14:16,3:06:53,3:06:53
154,Joyce Heitmeier,F,60,"Redlands, CA",411 out of 439,185 out of 208,5 out of 6, 44.95% Place: 344,3:08:16 Pace: 14:22,3:08:16,3:08:16
365,Robin Windhorst,F,47,"Moreno Valley, CA",412 out of 439,186 out of 208,24 out of 28, 38.76% Place: 391,3:09:34 Pace: 14:28,3:09:34,3:09:34
134,Laura Glenn,F,38,"Highland, CA",413 out of 439,187 out of 208,35 out of 38, 35.81% Place: 413,3:09:36 Pace: 14:28,3:09:36,3:09:36
105,Emily Doolittle,F,22,"Redlands, CA",414 out of 439,188 out of 208,26 out of 28, 34.88% Place: 422,3:10:10 Pace: 14:31,3:10:10,3:10:10
400,Gordana Vidovic,F,50,"Downey, CA",415 out of 439,189 out of 208,15 out of 18, 39.78% Place: 383,3:10:10 Pace: 14:31,3:10:10,3:10:10
109,Joseph Egan,M,31,"Redlands, CA",416 out of 439,227 out of 231,32 out of 32, 30.64% Place: 432,3:10:57 Pace: 14:34,3:10:57,3:10:57
358,Ron Whitehead,M,64,"Redlands, CA",417 out of 439,228 out of 231,11 out of 11, 38.07% Place: 395,3:14:46 Pace: 14:52,3:14:46,3:14:46
206,Elizabeth Leger,F,50,"Redlands, CA",418 out of 439,190 out of 208,16 out of 18, 38.79% Place: 390,3:15:00 Pace: 14:53,3:15:00,3:15:00
51,Deborah Brande,F,39,"Rancho Cucamonga, CA",419 out of 439,191 out of 208,36 out of 38, 34.40% Place: 423,3:19:01 Pace: 15:11,3:19:01,3:19:01
32,Tammy Ayala,F,39,"Redlands, CA",420 out of 439,192 out of 208,37 out of 38, 34.07% Place: 426,3:20:57 Pace: 15:20,3:20:57,3:20:57
335,Jennie Trees,F,43,"Redlands, CA",421 out of 439,193 out of 208,23 out of 23, 35.13% Place: 420,3:21:39 Pace: 15:23,3:21:39,3:21:39
55,Gena Brown,F,45,"Cherry Valley, CA",422 out of 439,194 out of 208,25 out of 28, 35.77% Place: 414,3:21:39 Pace: 15:23,3:21:39,3:21:39
246,Suzy Neal,F,33,"Redlands, CA",423 out of 439,195 out of 208,26 out of 28, 32.42% Place: 430,3:21:40 Pace: 15:23,3:21:40,3:21:40
227,Mary Ann Martinez,F,47,"Corona, CA",424 out of 439,196 out of 208,26 out of 28, 35.91% Place: 411,3:24:38 Pace: 15:37,3:24:38,3:24:38
160,Patricia Hokenson,F,47,"Chino, CA",425 out of 439,197 out of 208,27 out of 28, 35.46% Place: 417,3:27:11 Pace: 15:49,3:27:11,3:27:11
258,Kenneth Palmer,M,42,"San Bernardino, CA",426 out of 439,229 out of 231,25 out of 25, 29.34% Place: 436,3:30:41 Pace: 16:05,3:30:41,3:30:41
228,Jacquelyn Mata,F,13,"Riverside, CA",427 out of 439,198 out of 208,1 out of 1, 35.29% Place: 419,3:33:27 Pace: 16:17,3:33:27,3:33:27
272,Nancy Poole,F,55,"Riverside, CA",428 out of 439,199 out of 208,6 out of 6, 37.32% Place: 401,3:33:43 Pace: 16:19,3:33:43,3:33:43
61,Tony Calvano,M,37,"Riverside, CA",429 out of 439,230 out of 231,25 out of 25, 27.92% Place: 438,3:34:37 Pace: 16:23,3:34:37,3:34:37
327,Jill Sweitzer,F,31,"Yucaipa, CA",430 out of 439,200 out of 208,27 out of 28, 30.33% Place: 433,3:35:32 Pace: 16:27,3:35:32,3:35:32
328,Marilyn Sweitzer,F,54,"Yucaipa, CA",431 out of 439,201 out of 208,17 out of 18, 36.60% Place: 407,3:35:32 Pace: 16:27,3:35:32,3:35:32
326,Amy Swanston,F,37,"Yucaipa, CA",432 out of 439,202 out of 208,38 out of 38, 31.08% Place: 431,3:36:41 Pace: 16:32,3:36:41,3:36:41
49,Ruth Ann Botello,F,45,"Colton, CA",433 out of 439,203 out of 208,28 out of 28, 33.23% Place: 428,3:37:01 Pace: 16:34,3:37:01,3:37:01
170,John Iyott,M,50,"Riverside, CA",434 out of 439,231 out of 231,36 out of 36, 29.53% Place: 435,3:41:25 Pace: 16:54,3:41:25,3:41:25
28,Soleil Arrieta,F,22,"Plano, TX",435 out of 439,204 out of 208,27 out of 28, 29.55% Place: 434,3:44:30 Pace: 17:08,3:44:30,3:44:30
384,Lela Smith,F,50,"Oak Hills, CA",436 out of 439,205 out of 208,18 out of 18, 33.37% Place: 427,3:46:42 Pace: 17:18,3:46:42,3:46:42
267,Ilaria Pesco,F,33,"Redlands, CA",437 out of 439,206 out of 208,28 out of 28, 27.57% Place: 439,3:57:06 Pace: 18:06,3:57:06,3:57:06
152,Crista Hatfield,F,21,"Redlands, CA",438 out of 439,207 out of 208,28 out of 28, 28.25% Place: 437,3:57:07 Pace: 18:06,3:57:07,3:57:07
103,Maggie Dockter,F,60,"Yucaipa, CA",439 out of 439,208 out of 208,6 out of 6, 35.32% Place: 418,3:59:35 Pace: 18:17,3:59:35,3:59:35
