Bib,Name,Gender,Age,Hometown,Overall,Women,F 50-54,Age/Grade,Finish,Chip Time,Gun Time
534,Heather McGinnis,F,30,"Riverside, CA",513 out of 517,242 out of 245,36 out of 36, 28.81% Place: 515,3:48:35 Pace: 17:27,3:48:35,3:49:12
349,Julia Ringhofer,F,52,"San Diego, CA",514 out of 517,243 out of 245,20 out of 22, 30.94% Place: 510,4:14:12 Pace: 19:24,4:14:12,4:14:40
344,Wendy Reuben,F,53,"San Diego, CA",515 out of 517,244 out of 245,21 out of 22, 31.35% Place: 509,4:14:16 Pace: 19:24,4:14:16,4:14:44
3680,Jan Williams,F,51,"Redlands, CA",516 out of 517,245 out of 245,22 out of 22, 30.51% Place: 512,4:14:30 Pace: 19:25,4:14:30,4:14:57
138,Jovani Diaz,M,21,"Perris, CA",517 out of 517,272 out of 272,18 out of 18, 21.51% Place: 517,4:36:30 Pace: 21:06,4:36:30,4:37:01
