Place,Name,Location,Bib,Net Time,Pace,Division/Place,Sex-Age,Sex-Place,Gun Time,Age Grade
1,David Costanza,"Rancho Cucamonga, CA",86,1:14:15,5:40,M 25-29/1,M-29,1,1:14:15,78.81%
2,Tony Torres,"Cedar Glen, CA",333,1:14:47,5:43,M 35-39/1,M-37,2,1:14:47,80.13%
3,Mohamed Nouh,"Riverside, CA",392,1:17:42,5:56,M 35-39/2,M-39,3,1:17:42,78.07%
4,Daniel Arteaga,"Chino Hills, CA",474,1:17:44,5:56,M 45-49/1,M-46,4,1:17:44,81.71%
5,Daniel Swaney,"Corona, CA",325,1:20:42,6:10,M 30-34/1,M-33,5,1:20:42,72.51%
6,Matt Underwood,"Yucaipa, CA",337,1:21:24,6:13,M 40-44/1,M-41,6,1:21:24,75.47%
7,Jesse Penunuri,"Fullerton, CA",482,1:23:25,6:22,M 30-34/2,M-32,7,1:23:25,70.15%
8,Christopher Gryszan,"Redlands, CA",144,1:23:43,6:24,M 25-29/2,M-25,8,1:23:43,69.90%
9,Chris Oltman,"San Bernardino, CA",254,1:25:06,6:30,M 20-24/1,M-20,9,1:25:06,70.75%
10,James Tawney,"Upland, CA",331,1:25:33,6:32,M 20-24/2,M-23,10,1:25:33,68.47%
11,Juan Martinez,"San Bernardino, CA",226,1:26:02,6:34,M 40-44/2,M-41,11,1:26:02,71.40%
12,Craig Turner,"Redlands, CA",444,1:26:06,6:35,M 35-39/3,M-36,12,1:26:06,69.18%
13,Jorge Mares,"Redlands, CA",381,1:27:42,6:42,M 30-34/3,M-34,13,1:27:42,67.11%
14,Eathen Klapp,"San Bernardino, CA",488,1:28:36,6:46,M 20-24/3,M-22,14,1:28:36,66.65%
15,Jerry Bugh,"Victorville, CA",478,1:28:41,6:46,M 20-24/4,M-24,15,1:28:41,65.99%
16,Selvin Fong,"Moreno Valley, CA",465,1:29:10,6:49,M 30-34/4,M-32,16,1:29:10,65.63%
17,Keun Chung,"Montrose, CA",75,1:29:22,6:50,M 45-49/2,M-47,17,1:29:22,71.58%
18,Cici Ramirez,"Chino Hills, CA",475,1:29:54,6:52,F 25-29/1,F-26,1,1:29:54,72.72%
19,Kelsey Deforge,"Redlands, CA",98,1:30:13,6:53,F 20-24/1,F-22,2,1:30:13,73.53%
20,Andrew Glaze,"Redlands, CA",132,1:30:19,6:54,M 30-34/5,M-30,18,1:30:19,64.79%
21,Whitney Hurley,"Rancho Cucamonga, CA",167,1:31:26,6:59,F 20-24/2,F-23,3,1:31:26,71.89%
22,Wayne Mitchell,"Silverado, CA",463,1:31:32,6:59,M 60-64/1,M-63,19,1:31:32,80.15%
23,Ryan Albu,"Pasadena, CA",473,1:31:40,7:00,M 30-34/6,M-30,20,1:31:40,63.84%
24,Conrado Ramirez,"Ontario, CA",471,1:32:00,7:02,M 30-34/7,M-34,21,1:32:00,63.98%
25,Gary Cramer,"Ontario, CA",88,1:32:06,7:02,M 45-49/3,M-47,22,1:32:06,69.45%
26,Taimi Schweighhardt,"Temecula, CA",472,1:32:08,7:02,F 35-39/1,F-37,4,1:32:08,73.10%
27,Caleb Medley,"Rancho Cucamonga, CA",231,1:32:24,7:03,M 20-24/5,M-21,23,1:32:24,64.50%
28,Kimball Hoff,"Redlands, CA",405,1:33:23,7:08,M 50-54/1,M-51,24,1:33:23,70.56%
29,Damian Sinor,"Redlands, CA",395,1:33:53,7:10,M 30-34/8,M-32,25,1:33:53,62.33%
30,Rick Allan,"Irvine, CA",490,1:33:54,7:10,M 60-64/2,M-60,26,1:33:54,75.82%
31,Mark Martinez,"Mission Viejo, CA",397,1:34:36,7:13,M 30-34/9,M-30,27,1:34:36,61.86%
32,Polly Crawford,"Temecula, CA",90,1:35:07,7:16,F 35-39/2,F-37,5,1:35:07,70.81%
33,Derek Swingley,"Redlands, CA",329,1:35:57,7:20,M 25-29/3,M-26,28,1:35:57,60.99%
34,Israel Pena,"Corona, CA",265,1:35:58,7:20,M 30-34/10,M-32,29,1:35:58,60.98%
35,Raul Cortez,"Moreno Valley, CA",494,1:36:35,7:22,M 35-39/4,M-36,30,1:36:35,61.67%
36,Mike Redpath,"Redlands, CA",420,1:37:01,7:24,M 40-44/3,M-40,31,1:37:01,62.92%
37,Kathie Turner,"Redlands, CA",445,1:38:13,7:30,F 35-39/3,F-38,6,1:38:13,69.13%
38,Brian Hall,"Riverside, CA",147,1:38:26,7:31,M 25-29/4,M-27,32,1:38:26,59.45%
39,Craig Hovey,"Redlands, CA",165,1:38:28,7:31,M 30-34/11,M-33,33,1:38:28,59.43%
40,Gregory Wojczynksi,"Redlands, CA",369,1:38:32,7:31,M 25-29/5,M-26,34,1:38:32,59.39%
41,Frannie Tennant,"Lake Arrowhead, CA",409,1:38:33,7:32,F 50-54/1,F-52,7,1:38:33,78.36%
42,William Fogg,"Hemet, CA",118,1:39:22,7:35,M 50-54/2,M-51,35,1:39:22,66.31%
43,Dale Gribble,"Riverside, CA",498,1:39:25,7:36,M 50-54/3,M-51,36,1:39:25,66.27%
44,Steven Vanesch,"Redlands, CA",430,1:39:37,7:36,M 35-39/5,M-37,37,1:39:37,60.15%
45,Erik Loyd,"Rancho Cucamonga, CA",217,1:40:03,7:38,M 20-24/6,M-20,38,1:40:03,60.18%
46,Zachary Beckwith,"Riverside, CA",37,1:40:10,7:39,M 7-15/1,M-15,39,1:40:10,64.73%
47,Edward Lowrie,"La Verne, CA",216,1:40:12,7:39,M 40-44/4,M-43,40,1:40:12,62.11%
48,Francisco Merino,"Rialto, CA",232,1:40:14,7:39,M 30-34/12,M-34,41,1:40:14,58.72%
49,Michelle Gill,"Redlands, CA",130,1:41:04,7:43,F 35-39/4,F-36,8,1:41:04,66.11%
50,Alfredo Fierro,"Redlands, CA",116,1:41:14,7:44,M 25-29/6,M-29,42,1:41:14,57.80%
51,Mark Rawson,"Oceanside, CA",275,1:41:21,7:44,M 20-24/7,M-22,43,1:41:21,58.27%
52,Candace Bunt,"Murrieta, CA",57,1:41:38,7:46,F 25-29/2,F-29,9,1:41:38,64.33%
53,Lora Liu,"Loma Linda, CA",212,1:41:45,7:46,F 25-29/3,F-25,10,1:41:45,64.25%
54,Daric Schmitz,"Highland, CA",303,1:42:07,7:48,M 16-19/1,M-19,44,1:42:07,59.65%
55,Matthew Arreola,"San Bernardino, CA",27,1:42:36,7:50,M 35-39/6,M-39,45,1:42:36,59.12%
56,Jim Carritte,"Redlands, CA",424,1:42:37,7:50,M 50-54/4,M-51,46,1:42:37,64.21%
57,Lisa Cohen,"Redlands, CA",81,1:42:46,7:51,F 20-24/3,F-23,11,1:42:46,63.96%
58,Aaron Nessman,"Menifee, CA",248,1:42:50,7:51,M 25-29/7,M-28,47,1:42:50,56.90%
59,Russell Clopine,"Bryn Mawr, PA",79,1:43:12,7:53,M 40-44/5,M-42,48,1:43:12,59.91%
60,Kendra Sullivan,"Yucaipa, CA",322,1:43:23,7:54,F 25-29/4,F-25,12,1:43:23,63.24%
61,Sarah Day,"Redlands, CA",96,1:43:23,7:54,F 20-24/4,F-24,13,1:43:23,63.24%
62,Matthew Litchfield,"Redlands, CA",209,1:43:28,7:54,M 35-39/7,M-37,49,1:43:28,57.91%
63,Alejandra Santiago,"San Bernardino, CA",300,1:43:34,7:54,F 25-29/5,F-25,14,1:43:34,63.12%
64,Duane Darling,"Riverside, CA",93,1:44:21,7:58,M 50-54/5,M-54,50,1:44:21,64.67%
65,Lisa Green,"San Clemente, CA",141,1:44:22,7:58,F 45-49/1,F-46,15,1:44:22,69.75%
66,Rick Bearden,"Calimesa, CA",428,1:44:32,7:59,M 50-54/6,M-51,51,1:44:32,63.03%
67,Fred Aguilar,"Redlands, CA",417,1:44:45,8:00,M 40-44/6,M-43,52,1:44:45,59.41%
68,Stuart Holland,"Chino, CA",163,1:44:46,8:00,M 50-54/7,M-51,53,1:44:46,62.89%
69,Christopher Howes,"Highland, CA",166,1:44:54,8:01,M 7-15/2,M-14,54,1:44:54,63.12%
70,Nick Roberts,"Rialto, CA",287,1:44:54,8:01,M 20-24/8,M-20,55,1:44:54,57.40%
71,Steven Schulz,"Highland, CA",305,1:45:01,8:01,M 40-44/7,M-41,56,1:45:01,58.49%
72,Michael Nelson,"Ontario, CA",247,1:45:08,8:02,M 45-49/4,M-49,57,1:45:08,61.73%
73,William Wade,"Loma Linda, CA",347,1:45:30,8:03,M 35-39/8,M-38,58,1:45:30,57.14%
74,Brad Memory,"Calimesa, CA",447,1:45:39,8:04,M 25-29/8,M-27,59,1:45:39,55.39%
75,Jeremiah Head,"Redlands, CA",153,1:45:57,8:05,M 30-34/13,M-33,60,1:45:57,55.23%
76,Lauren Auerbach,"Irvine, CA",31,1:46:04,8:06,F 16-19/1,F-18,16,1:46:04,65.38%
77,Todd Sanders,"Winchester, CA",476,1:46:05,8:06,M 30-34/14,M-33,61,1:46:05,55.16%
78,Helle Bjornsson,"Redlands, CA",45,1:46:09,8:06,F 40-44/1,F-40,17,1:46:09,65.03%
79,John Meza,"Redlands, CA",413,1:46:14,8:07,M 50-54/8,M-50,62,1:46:14,61.55%
80,Douglas Wisdom,"Holtville, CA",367,1:46:18,8:07,M 50-54/9,M-51,63,1:46:18,61.98%
81,Jeff Lindeman,"Redlands, CA",208,1:46:48,8:09,M 30-34/15,M-33,64,1:46:48,54.79%
82,Laura Rodriquez,"Beaumont, CA",291,1:46:50,8:09,F 35-39/5,F-39,18,1:46:50,64.08%
83,Christopher Zurbuch,"Pomona, CA",378,1:47:03,8:10,M 35-39/9,M-35,65,1:47:03,55.31%
84,Ernest Cisneros,"Colton, CA",78,1:47:40,8:13,M 40-44/8,M-40,66,1:47:40,56.69%
85,Dianna Glass,"Redlands, CA",432,1:47:44,8:14,F 40-44/2,F-44,19,1:47:44,66.35%
86,Dan Adams,"Pinon Hills, CA",11,1:47:46,8:14,M 55-59/1,M-59,67,1:47:46,65.44%
87,Romy Niblack,"Redlands, CA",448,1:47:53,8:14,F 60-64/1,F-60,20,1:47:53,78.45%
88,Daniel Vollkommer,"Highland, CA",278,1:48:14,8:16,M 7-15/3,M-15,68,1:48:14,59.90%
89,Bob Prado,"Riverside, CA",435,1:48:20,8:16,M 50-54/10,M-53,69,1:48:20,61.79%
90,Gregory Stowe,"Moreno Valley, CA",320,1:48:31,8:17,M 25-29/9,M-26,70,1:48:31,53.92%
91,Steve Nitch,"Redlands, CA",425,1:48:56,8:19,M 35-39/10,M-37,71,1:48:56,55.01%
92,Kathleen Witham,"Redlands, CA",368,1:49:02,8:20,F 25-29/6,F-29,21,1:49:02,59.96%
93,Andrea Johnson,"San Bernardino, CA",404,1:49:15,8:21,F 40-44/3,F-44,22,1:49:15,65.42%
94,Caroline Benson,"Moreno Valley, CA",41,1:49:48,8:23,F 25-29/7,F-27,23,1:49:48,59.54%
95,Denise Freeman,"Mentone, CA",119,1:49:59,8:24,F 30-34/1,F-33,24,1:49:59,59.44%
96,Ron Glaze,"Victorville, CA",133,1:50:09,8:25,M 50-54/11,M-51,72,1:50:09,59.82%
97,Lora Tang,"Riverside, CA",330,1:50:15,8:25,F 40-44/4,F-41,25,1:50:15,63.15%
98,Victor Aguirre,"Orange, CA",485,1:50:28,8:26,M 40-44/9,M-44,73,1:50:28,56.71%
99,Victoria Sanders,"Redlands, CA",298,1:50:30,8:26,F 55-59/1,F-55,26,1:50:30,72.19%
100,Eric Wagner,"Yucaipa, CA",348,1:50:31,8:26,M 40-44/10,M-41,74,1:50:31,55.58%
101,Joan Woods,"Newbury Park, CA",371,1:50:38,8:27,F 35-39/6,F-39,27,1:50:38,61.88%
102,Steve Woods,"Newbury Park, CA",372,1:50:38,8:27,M 40-44/11,M-41,75,1:50:38,55.52%
103,Jesse Pimentel,"Redlands, CA",269,1:50:44,8:27,M 7-15/4,M-13,76,1:50:44,61.26%
104,Nestor Marquez,"Redlands, CA",223,1:50:44,8:27,M 7-15/5,M-14,77,1:50:44,59.80%
105,Richard Cardullo,"Riverside, CA",64,1:50:50,8:28,M 50-54/12,M-50,78,1:50:50,58.99%
106,Kristine Brenner,"Wrightwood, CA",52,1:51:06,8:29,F 35-39/7,F-38,28,1:51:06,61.11%
107,Michael Miller,"Redlands, CA",235,1:51:06,8:29,M 50-54/13,M-52,79,1:51:06,59.77%
108,Brian Walker,"Sun City, CA",477,1:51:18,8:30,M 30-34/16,M-30,80,1:51:18,52.57%
109,Becky Auerbach,"Irvine, CA",30,1:51:18,8:30,F 45-49/2,F-48,29,1:51:18,66.65%
110,Timothy Geiman,"Glendora, CA",129,1:51:21,8:30,M 50-54/14,M-50,81,1:51:21,58.72%
111,Debbee Huston,"Redlands, CA",168,1:51:24,8:30,F 35-39/8,F-39,30,1:51:24,61.45%
112,Linda Schroeder,"Claremont, CA",304,1:51:39,8:31,F 40-44/5,F-42,31,1:51:39,62.90%
113,Sue Enlow,"Corona, CA",467,1:51:56,8:33,F 50-54/2,F-52,32,1:51:56,68.99%
114,Patrick Hicks,"Henderson, NV",156,1:51:58,8:33,M 45-49/5,M-46,82,1:51:58,56.73%
115,Tj Olee,"Loma Linda, CA",252,1:51:59,8:33,M 35-39/11,M-35,83,1:51:59,52.87%
116,Jeannie Noriega,"Redlands, CA",382,1:51:59,8:33,F 30-34/2,F-34,33,1:51:59,58.73%
117,George Gomez,"Bloomington, CA",135,1:52:00,8:33,M 50-54/15,M-51,84,1:52:00,58.82%
118,Gina Gang,"Redlands, CA",122,1:52:01,8:33,F 35-39/9,F-35,34,1:52:01,59.17%
119,Frank Vasquez,"Beaumont, CA",342,1:52:01,8:33,M 70-74/1,M-72,85,1:52:01,72.99%
120,Sandie Allen,"Riverside, CA",17,1:52:13,8:34,F 50-54/3,F-54,35,1:52:13,70.31%
121,Horacio Garflo,"La Puente, CA",125,1:52:20,8:35,M 30-34/17,M-34,86,1:52:20,52.39%
122,Stu Drake,"Yucaipa, CA",429,1:52:24,8:35,M 50-54/16,M-53,87,1:52:24,59.55%
123,Leslie Whittmore,"Redlands, CA",360,1:52:26,8:35,F 35-39/10,F-36,36,1:52:26,59.42%
124,Tom Whitmore,"Redlands, CA",359,1:52:27,8:35,M 40-44/12,M-43,88,1:52:27,55.34%
125,Myung Park,"Pasadena, CA",391,1:52:47,8:37,M 65-69/1,M-65,89,1:52:47,66.46%
126,Cesar Guevara,"Loma Linda, CA",426,1:52:59,8:38,M 50-54/17,M-51,90,1:52:59,58.32%
127,Nicholas Brezovar,"Redlands, CA",53,1:53:02,8:38,M 30-34/18,M-30,91,1:53:02,51.77%
128,Kirk Jones,"Sylmar, CA",468,1:53:09,8:38,M 50-54/18,M-54,92,1:53:09,59.64%
129,Arika Burchell,"La Verne, CA",58,1:53:22,8:39,F 30-34/3,F-33,37,1:53:22,57.67%
130,Alex Magana,"Indio, CA",221,1:53:30,8:40,M 16-19/2,M-17,93,1:53:30,55.16%
131,Cesar Magana,"Indio, CA",222,1:53:36,8:40,M 25-29/10,M-26,94,1:53:36,51.51%
132,Dave Carlson,"Norco, CA",66,1:53:50,8:41,M 55-59/2,M-59,95,1:53:50,61.95%
133,Matthew Benice,"Rancho Santa Margarita, CA",40,1:54:05,8:43,M 40-44/13,M-44,96,1:54:05,54.92%
134,Mickey Ask,"Colton, CA",480,1:54:15,8:43,M 55-59/3,M-57,97,1:54:15,60.61%
135,Roberto Vargas,"Ontario, CA",341,1:54:22,8:44,M 70-74/2,M-70,98,1:54:22,69.59%
136,Dempsy Chappell,"Yucaipa, CA",460,1:55:06,8:47,M 35-39/12,M-37,99,1:55:06,52.06%
137,Robyn Roybal,"Highland, CA",293,1:55:37,8:50,F 45-49/3,F-47,38,1:55:37,63.55%
138,Craig Rickabaugh,"Murrieta, CA",284,1:55:45,8:50,M 35-39/13,M-36,100,1:55:45,51.45%
139,Phillip Naman,"Redlands, CA",189,1:55:46,8:50,M 40-44/14,M-44,101,1:55:46,54.12%
140,Arturo Cisneros,"Riverside, CA",77,1:55:47,8:50,M 45-49/6,M-48,102,1:55:47,55.64%
141,David Holden,"Redlands, CA",161,1:55:52,8:51,M 45-49/7,M-48,103,1:55:52,55.60%
142,Sadie Kingsbury,"Claremont, CA",193,1:55:54,8:51,F 35-39/11,F-36,39,1:55:54,57.64%
143,Ryan Bristow,"Redlands, CA",406,1:56:01,8:51,M 20-24/9,M-23,104,1:56:01,50.49%
144,Jessica Eng,"Loma Linda, CA",110,1:56:02,8:52,F 30-34/4,F-30,40,1:56:02,56.34%
145,Apolonio Ocegueda,"San Bernardino, CA",251,1:56:19,8:53,M 50-54/19,M-52,105,1:56:19,57.09%
146,Katherine Briscoe,"Loma Linda, CA",54,1:56:21,8:53,F 25-29/8,F-25,41,1:56:21,56.19%
147,Christopher Allen,"Yucaipa, CA",15,1:56:27,8:53,M 40-44/15,M-43,106,1:56:27,53.44%
148,Eric Martin,"Riverside, CA",224,1:56:28,8:54,M 30-34/19,M-33,107,1:56:28,50.24%
149,Diana Endler,"San Bernardino, CA",389,1:56:36,8:54,F 45-49/4,F-45,42,1:56:36,61.86%
150,Cherilyn Pound,"San Bernardino, CA",273,1:56:37,8:54,F 35-39/12,F-36,43,1:56:37,57.29%
151,Jon Stephenson,"Redlands, CA",317,1:56:46,8:55,M 35-39/14,M-36,108,1:56:46,51.01%
152,Tracy Monroe,"Redlands, CA",242,1:56:50,8:55,F 45-49/5,F-45,44,1:56:50,61.73%
153,Robert Moore,"Fontana, CA",427,1:57:01,8:56,M 50-54/20,M-53,109,1:57:01,57.20%
154,Kendra Cordero,"Loma Linda, CA",457,1:57:07,8:56,F 30-34/5,F-31,45,1:57:07,55.82%
155,Caroline Garberoglio,"Beaumont, CA",486,1:57:08,8:57,F 35-39/13,F-37,46,1:57:08,57.50%
156,Ali Hangan,"San Bernardino, CA",412,1:57:10,8:57,M 35-39/15,M-39,110,1:57:10,51.77%
157,Elizabeth Sfatcu,"Yucaipa, CA",307,1:57:12,8:57,F 45-49/6,F-46,47,1:57:12,62.11%
158,Bruce Field,"Lake Arrowhead, CA",115,1:57:29,8:58,M 45-49/8,M-49,111,1:57:29,55.24%
159,Jan Jones,"Redlands, CA",181,1:57:33,8:58,F 50-54/4,F-50,48,1:57:33,64.36%
160,Chuck Thrash,"Newport Beach, CA",332,1:57:53,9:00,M 20-24/10,M-24,112,1:57:53,49.64%
161,Liise Davis,"El Cajon, CA",95,1:58:04,9:01,F 45-49/7,F-47,49,1:58:04,62.24%
162,Keith Christiansen,"Redlands, CA",438,1:58:15,9:02,M 16-19/3,M-19,113,1:58:15,51.51%
163,Jacob Stephenson,"Redlands, CA",439,1:58:15,9:02,M 7-15/6,M-15,114,1:58:15,54.83%
164,Timothy Jung,"Loma Linda, CA",185,1:58:16,9:02,M 60-64/3,M-64,115,1:58:16,62.69%
165,Dan Lim,"Loma Linda, CA",207,1:58:21,9:02,M 50-54/21,M-52,116,1:58:21,56.11%
166,Gary Walls,"Murrieta, CA",349,1:58:54,9:05,M 55-59/4,M-57,117,1:58:54,58.24%
167,Lawrence Gregge,"Moreno Valley, CA",354,1:58:58,9:05,M 50-54/22,M-52,118,1:58:58,55.82%
168,Neil Madden,"Victorville, CA",220,1:59:29,9:07,M 45-49/9,M-46,119,1:59:29,53.16%
169,Mary Llaurado,"Yucaipa, CA",213,1:59:29,9:07,F 40-44/6,F-44,50,1:59:29,59.82%
170,Ben Perez,"West Covina, CA",266,1:59:36,9:08,M 30-34/20,M-32,120,1:59:36,48.93%
171,Erin Patterson,"Newport Beach, CA",264,1:59:39,9:08,F 20-24/5,F-24,51,1:59:39,54.64%
172,Deanna Towns,"Redlands, CA",396,1:59:49,9:09,F 30-34/6,F-33,52,1:59:49,54.56%
173,Peter Chung,"Loma Linda, CA",76,1:59:53,9:09,M 60-64/4,M-63,121,1:59:53,61.20%
174,Kendall Sokolowski,"Rialto, CA",313,1:59:59,9:10,M 20-24/11,M-21,122,1:59:59,49.67%
175,Victoria Jaworski,"Riverside, CA",174,2:00:08,9:10,F 40-44/7,F-41,53,2:00:08,57.95%
176,Gary Regalado,"Costa Mesa, CA",277,2:00:10,9:10,M 40-44/16,M-44,123,2:00:10,52.13%
177,Herb Fields,"Mentone, CA",458,2:00:13,9:11,M 45-49/10,M-47,124,2:00:13,53.21%
178,Cody Simula,"Moreno Valley, CA",311,2:00:17,9:11,F 25-29/9,F-26,54,2:00:17,54.35%
179,Paulette Lewis,"San Bernardino, CA",410,2:00:19,9:11,F 35-39/14,F-38,55,2:00:19,56.43%
180,Bill Abernathy,"San Bernardino, CA",411,2:00:21,9:11,M 50-54/23,M-50,125,2:00:21,54.33%
181,Jeff Griswold,"San Diego, CA",143,2:00:37,9:13,M 40-44/17,M-43,126,2:00:37,51.59%
182,David Graves,"Highland, CA",138,2:00:39,9:13,M 40-44/18,M-41,127,2:00:39,50.91%
183,Veronica Rust,"Palm Springs, CA",295,2:00:54,9:14,F 25-29/10,F-28,56,2:00:54,54.07%
184,Kyle Reed,"Redlands, CA",276,2:00:54,9:14,M 35-39/16,M-36,128,2:00:54,49.26%
185,John Anholm,"Snohomish, WA",23,2:01:08,9:15,M 55-59/5,M-58,129,2:01:08,57.68%
186,Amy Cardullo,"Riverside, CA",63,2:01:08,9:15,F 45-49/8,F-49,57,2:01:08,61.84%
187,Julie Printz,"Riverside, CA",466,2:01:12,9:15,F 35-39/15,F-36,58,2:01:12,55.12%
188,Juli Almanza,"Riverside, CA",19,2:01:18,9:16,F 35-39/16,F-35,59,2:01:18,54.64%
189,Jill Rooks,"Loma Linda, CA",394,2:01:22,9:16,F 35-39/17,F-36,60,2:01:22,55.05%
190,Ernie Hernandez,"Corona, CA",155,2:01:37,9:17,M 30-34/21,M-34,130,2:01:37,48.39%
191,Amber Chilcoat,"Yucaipa, CA",74,2:01:43,9:18,F 25-29/11,F-28,61,2:01:43,53.71%
192,Mark Barber,"Rancho Cucamonga, CA",34,2:01:49,9:18,M 45-49/11,M-49,131,2:01:49,53.27%
193,Robert Wolfer,"Moreno Valley, CA",370,2:01:51,9:18,M 35-39/17,M-39,132,2:01:51,49.78%
194,Andrea Estrada,"Bloomington, CA",111,2:02:00,9:19,F 20-24/6,F-24,62,2:02:00,53.59%
195,Jabneel Lopez,"Baldwin Park, CA",215,2:02:01,9:19,F 20-24/7,F-24,63,2:02:01,53.58%
196,Jessica Bedwell,"Santa Barbara, CA",38,2:02:10,9:20,F 25-29/12,F-25,64,2:02:10,53.51%
197,Keith Watson,"Riverside, CA",352,2:02:14,9:20,M 60-64/5,M-63,133,2:02:14,60.02%
198,Andi Rettger,"Loma Linda, CA",279,2:02:20,9:20,F 20-24/8,F-23,65,2:02:20,53.73%
199,Michael Pang,"Porter Ranch, CA",259,2:02:26,9:21,M 70-74/3,M-73,134,2:02:26,67.73%
200,Zachary Kushner,"La Mirada, CA",197,2:02:40,9:22,M 20-24/12,M-21,135,2:02:40,48.58%
201,Ashley Spoelstra,"Redlands, CA",315,2:02:41,9:22,F 20-24/9,F-22,66,2:02:41,54.07%
202,Jungpyo Lee,"Yucaipa, CA",202,2:02:48,9:23,M 16-19/4,M-16,136,2:02:48,51.83%
203,Warren Mullisen,"Culver City, CA",244,2:03:19,9:25,M 60-64/6,M-64,137,2:03:19,60.13%
204,Jeff Blake,"Lake Arrowhead, CA",46,2:03:21,9:25,M 45-49/12,M-48,138,2:03:21,52.23%
205,Lynne Jarman,"Fresno, CA",173,2:03:28,9:26,F 30-34/7,F-31,67,2:03:28,52.95%
206,Louis Mo,"La Crescenta, CA",239,2:03:33,9:26,M 40-44/19,M-44,139,2:03:33,50.71%
207,Olivia Guerrero,"Riverside, CA",421,2:03:38,9:26,F 40-44/8,F-44,68,2:03:38,57.81%
208,Jennifer Newcombe,"Rancho Cucamonga, CA",249,2:03:47,9:27,F 30-34/8,F-32,69,2:03:47,52.81%
209,Kevin Bowls,"Temecula, CA",50,2:03:54,9:28,M 50-54/24,M-50,140,2:03:54,52.77%
210,Dan Fassnacht,"Costa Mesa, CA",114,2:03:54,9:28,M 30-34/22,M-30,141,2:03:54,47.23%
211,Darrell Rosenbrock,"San Bernardino, CA",422,2:04:22,9:30,M 50-54/25,M-50,142,2:04:22,52.57%
212,Kalli Mikichi,"San Jacinto, CA",233,2:04:38,9:31,F 25-29/13,F-26,70,2:04:38,52.45%
213,Laura Oliver,"Beaumont, CA",253,2:04:40,9:31,F 45-49/9,F-45,71,2:04:40,57.85%
214,Celeste Wilcox,"Redlands, CA",361,2:05:03,9:33,F 40-44/9,F-40,72,2:05:03,55.20%
215,Mike Calendar,"Highland, CA",60,2:05:24,9:34,M 45-49/13,M-47,143,2:05:24,51.01%
216,Susan Chavez,"Riverside, CA",496,2:05:36,9:35,F 50-54/5,F-52,73,2:05:36,61.48%
217,Damien Hill,"Upland, CA",157,2:05:41,9:36,M 30-34/23,M-33,144,2:05:41,46.56%
218,Wendy Yates,"Riverside, CA",376,2:05:43,9:36,F 55-59/2,F-56,74,2:05:43,64.17%
219,Lindsay Delong,"Redlands, CA",454,2:05:48,9:36,F 25-29/14,F-25,75,2:05:48,51.97%
220,Tony David,"Riverside, CA",94,2:05:54,9:37,M 50-54/26,M-52,145,2:05:54,52.74%
221,Jacqueline Randazzo,"Redlands, CA",407,2:06:09,9:38,F 40-44/10,F-41,76,2:06:09,55.19%
222,Darcy Cloutier-Fernald,"Redlands, CA",80,2:06:23,9:39,F 40-44/11,F-40,77,2:06:23,54.62%
223,Bill Conway,"Yucaipa, CA",84,2:06:26,9:39,M 35-39/18,M-36,146,2:06:26,47.11%
224,Andrea Stephenson,"Redlands, CA",316,2:06:30,9:39,F 35-39/18,F-36,78,2:06:30,52.81%
225,Barbara Mitchell,"Norco, CA",238,2:06:35,9:40,F 55-59/3,F-56,79,2:06:35,63.73%
226,Jeffrey Cranfill,"Loma Linda, CA",89,2:06:38,9:40,M 25-29/11,M-26,147,2:06:38,46.21%
227,Christopher Cole,"Tucson, AZ",82,2:06:41,9:40,M 35-39/19,M-38,148,2:06:41,47.59%
228,Erin Garner,"Las Vegas, NV",126,2:06:51,9:41,F 25-29/15,F-28,80,2:06:51,51.54%
229,Amy Summerfield,"Las Vegas, NV",323,2:06:51,9:41,F 25-29/16,F-26,81,2:06:51,51.54%
230,Mark Shiu,"Rancho Cucamonga, CA",310,2:06:54,9:41,M 30-34/24,M-33,149,2:06:54,46.11%
231,Erica Archila,"Placentia, CA",25,2:06:54,9:41,F 25-29/17,F-27,82,2:06:54,51.52%
232,Margie Valdez,"Riverside, CA",340,2:06:59,9:42,F 30-34/9,F-32,83,2:06:59,51.48%
233,Katie Gaw,"Redlands, CA",127,2:07:01,9:42,F 30-34/10,F-32,84,2:07:01,51.47%
234,Ed Rosaasen,"Redlands, CA",292,2:07:01,9:42,M 60-64/7,M-64,150,2:07:01,58.37%
235,Donald Sumstine,"Redlands, CA",324,2:07:31,9:44,M 45-49/14,M-46,151,2:07:31,49.81%
236,Susan Stiles,"Redlands, CA",318,2:07:31,9:44,F 50-54/6,F-50,85,2:07:31,59.33%
237,Emily Lee,"Menifee, CA",441,2:07:44,9:45,F 25-29/18,F-28,86,2:07:44,51.18%
238,Cari Christensen,"Redlands, CA",440,2:07:50,9:46,F 30-34/11,F-30,87,2:07:50,51.14%
239,Cody Chastain,"Loma Linda, CA",72,2:08:12,9:47,M 25-29/12,M-25,152,2:08:12,45.64%
240,Jeff Francisco,"Riverside, CA",469,2:08:59,9:51,M 40-44/20,M-44,153,2:08:59,48.57%
241,Ray Gonzales,"Moreno Valley, CA",136,2:09:27,9:53,M 40-44/21,M-42,154,2:09:27,47.76%
242,Ann Eckels,"La Crescenta, CA",107,2:09:28,9:53,F 45-49/10,F-45,88,2:09:28,55.71%
243,Aloysius Casey,"Redlands, CA",68,2:09:35,9:54,M 75-99/1,M-76,155,2:09:35,66.99%
244,Lynda Kane,"Riverside, CA",187,2:09:52,9:55,F 55-59/4,F-57,89,2:09:52,62.84%
245,Myrna Moreno,"Chino Hills, CA",243,2:09:59,9:55,F 45-49/11,F-47,90,2:09:59,56.53%
246,Michael Robles,"Redlands, CA",289,2:10:14,9:57,M 35-39/20,M-38,156,2:10:14,46.29%
247,Conrad Daniel,"Redlands, CA",92,2:10:19,9:57,M 55-59/6,M-59,157,2:10:19,54.11%
248,David Ketcherside,"Highland, CA",450,2:10:20,9:57,M 30-34/25,M-33,158,2:10:20,44.90%
249,Laura Wright,"Redlands, CA",374,2:10:23,9:57,F 35-39/19,F-39,91,2:10:23,52.51%
250,Christopher Robinson,"Riverside, CA",288,2:10:40,9:59,M 35-39/21,M-37,159,2:10:40,45.86%
251,Carmen Wisdom,"Redlands, CA",366,2:10:41,9:59,F 40-44/12,F-44,92,2:10:41,54.69%
252,Rosalind Weaver,"Highland, CA",353,2:10:43,9:59,F 40-44/13,F-40,93,2:10:43,52.81%
253,Amber Roberts,"Redlands, CA",285,2:10:46,9:59,F 35-39/20,F-37,94,2:10:46,51.50%
254,Sharon Lee,"Loma Linda, CA",204,2:10:51,9:59,F 25-29/19,F-27,95,2:10:51,49.96%
255,Lori Driscoll,"Redlands, CA",495,2:11:02,10:00,F 35-39/21,F-39,96,2:11:02,52.24%
256,Jeff Parke,"Redlands, CA",262,2:11:13,10:01,M 50-54/27,M-50,160,2:11:13,49.83%
257,Cody Roberts,"Rialto, CA",286,2:11:25,10:02,M 7-15/7,M-14,161,2:11:25,50.39%
258,Jon Bogh,"Las Vegas, NV",47,2:11:26,10:02,M 30-34/26,M-32,162,2:11:26,44.52%
259,Guadalupe Mitchell,"San Jacinto, CA",487,2:11:31,10:02,F 25-29/20,F-27,97,2:11:31,49.71%
260,Tom Scheuble,"San Jacinto, CA",489,2:11:32,10:02,M 45-49/15,M-46,163,2:11:32,48.29%
261,Cindy Scheidemantle,"Rancho Cucamonga, CA",301,2:11:37,10:03,F 40-44/14,F-42,98,2:11:37,53.35%
262,Nadine Loza,"Anaheim, CA",218,2:11:41,10:03,F 30-34/12,F-31,99,2:11:41,49.64%
263,Melody Townsend,"Redlands, CA",334,2:11:53,10:04,F 20-24/10,F-24,100,2:11:53,49.57%
264,Kristin Anetsberger,"Ladera Ranch, CA",21,2:11:55,10:04,F 50-54/7,F-51,101,2:11:55,57.94%
265,Dean Willmore,"Henderson, NV",363,2:12:02,10:05,M 45-49/16,M-46,164,2:12:02,48.10%
266,Richard Hargis,"Riverside, CA",149,2:12:05,10:05,M 60-64/8,M-61,165,2:12:05,54.43%
267,Mark Jonasson,"Calimesa, CA",180,2:12:09,10:05,M 16-19/5,M-16,166,2:12:09,48.16%
268,Astrid Von Walter,"Loma Linda, CA",346,2:12:11,10:05,F 25-29/21,F-25,102,2:12:11,49.46%
269,Durk Carlisle,"Redlands, CA",65,2:12:22,10:06,M 25-29/13,M-27,167,2:12:22,44.21%
270,Lisa De Benedet,"Highland, CA",97,2:12:25,10:07,F 45-49/12,F-47,103,2:12:25,55.49%
271,Mahalia Misal,"Loma Linda, CA",237,2:12:26,10:07,F 20-24/11,F-23,104,2:12:26,49.63%
272,Stephaine Saenz,"Beaumont, CA",297,2:12:37,10:07,F 35-39/22,F-39,105,2:12:37,51.62%
273,Rosie Aguilar,"Redlands, CA",493,2:12:41,10:08,F 35-39/23,F-36,106,2:12:41,50.35%
274,John Kuntz,"Riverside, CA",196,2:12:59,10:09,M 50-54/28,M-53,168,2:12:59,50.33%
275,Matthew Moore,"Redlands, CA",403,2:13:14,10:10,M 20-24/13,M-21,169,2:13:14,44.73%
276,Kari Verjil,"Moreno Valley, CA",499,2:13:19,10:11,F 40-44/15,F-44,107,2:13:19,53.61%
277,Rene Cendejas,"Ontario, CA",71,2:13:27,10:11,M 25-29/14,M-26,170,2:13:27,43.85%
278,Danielle Parke,"Newport Beach, CA",261,2:13:28,10:11,F 20-24/12,F-23,108,2:13:28,49.25%
279,Linda Kim,"Highland, CA",190,2:13:30,10:11,F 35-39/24,F-36,109,2:13:30,50.04%
280,Donna Espinoza,"Redlands, CA",443,2:13:37,10:12,F 35-39/25,F-38,110,2:13:37,50.81%
281,Cynthia Gardner,"Redlands, CA",124,2:13:44,10:13,F 30-34/13,F-30,111,2:13:44,48.88%
282,Michael Deetz,"San Bernardino, CA",408,2:13:55,10:13,M 45-49/17,M-47,171,2:13:55,47.76%
283,Kevin Halamicek,"Big Bear City, CA",145,2:13:57,10:13,M 30-34/27,M-31,172,2:13:57,43.68%
284,Patricia Courtney,"Apple Valley, CA",87,2:13:57,10:14,F 25-29/22,F-26,112,2:13:57,48.80%
285,Wendy Betancourt,"Redlands, CA",42,2:14:00,10:14,F 35-39/26,F-35,113,2:14:00,49.46%
286,Emily Jenkins,"Highland, CA",175,2:14:01,10:14,F 20-24/13,F-23,114,2:14:01,49.05%
287,Jeff Eusebio,"Chula Vista, CA",481,2:14:09,10:14,M 30-34/28,M-34,173,2:14:09,43.87%
288,Semiramis Anspach,"Victorville, CA",24,2:14:09,10:14,F 50-54/8,F-51,115,2:14:09,56.97%
289,Izar Martinez,"Mentone, CA",225,2:14:14,10:15,M 75-99/2,M-75,174,2:14:14,63.66%
290,Candice Ramirez,"Rancho Cucamonga, CA",274,2:14:18,10:15,F 35-39/27,F-35,116,2:14:18,49.35%
291,Dexter Emoto,"Loma Linda, CA",416,2:14:30,10:16,M 50-54/29,M-53,175,2:14:30,49.77%
292,Robb Barry,"Rancho Cucamonga, CA",462,2:14:44,10:17,M 30-34/29,M-34,176,2:14:44,43.68%
293,Dukki Ahn,"Loma Linda, CA",14,2:15:00,10:18,M 65-69/2,M-68,177,2:15:00,57.49%
294,Jamie Chastain,"Loma Linda, CA",73,2:15:01,10:18,F 25-29/23,F-26,117,2:15:01,48.42%
295,Terri Willoughby,"Riverside, CA",497,2:15:01,10:18,F 45-49/13,F-48,118,2:15:01,54.94%
296,Jordan Ward,"Loma Linda, CA",350,2:15:55,10:23,M 7-15/8,M-14,178,2:15:55,48.72%
297,James Anholm,"Redlands, CA",22,2:16:25,10:25,M 55-59/7,M-56,179,2:16:25,50.31%
298,Pam Brandenberger,"Redlands, CA",414,2:16:30,10:25,F 60-64/2,F-63,119,2:16:30,64.48%
299,Laura Vazquez,"Redlands, CA",343,2:16:36,10:26,F 25-29/24,F-26,120,2:16:36,47.86%
300,Elisabeth Ord,"Bonney Lake, WA",255,2:16:50,10:27,F 20-24/14,F-24,121,2:16:50,47.78%
301,Tami Moore,"Redlands, CA",402,2:16:51,10:27,F 40-44/16,F-43,122,2:16:51,51.77%
302,Lee Myers,"Desert Hot Springs, CA",431,2:16:52,10:27,M 50-54/30,M-53,180,2:16:52,48.90%
303,Rosalind Vaccarello,"Cherry Valley, CA",339,2:16:55,10:27,F 50-54/9,F-50,123,2:16:55,55.26%
304,Rich Wunderlich,"Chino Hills, CA",375,2:17:00,10:27,M 45-49/18,M-46,181,2:17:00,46.36%
305,John Egan,"Redlands, CA",108,2:17:18,10:29,M 70-74/4,M-71,182,2:17:18,58.74%
306,Deborah McCready,"Redlands, CA",230,2:17:27,10:30,F 45-49/14,F-48,124,2:17:27,53.97%
307,John Harbison,"Redlands, CA",148,2:17:34,10:30,M 50-54/31,M-53,183,2:17:34,48.66%
308,Homer Wilson,"Riverside, CA",364,2:19:39,10:40,M 70-74/5,M-73,184,2:19:39,59.38%
309,Richard Smith,"Oak Hills, CA",383,2:20:27,10:43,M 50-54/32,M-51,185,2:20:27,46.91%
310,Theodis Ward,"Loma Linda, CA",351,2:21:03,10:46,M 55-59/8,M-55,186,2:21:03,48.25%
311,David Reuter,"Tustin, CA",280,2:21:03,10:46,M 45-49/19,M-45,187,2:21:03,44.72%
312,Janet Willard,"Riverside, CA",362,2:21:05,10:46,F 50-54/10,F-53,125,2:21:05,55.32%
313,Theresa Wolfe,"Highland, CA",434,2:21:11,10:47,F 55-59/5,F-55,126,2:21:11,56.50%
314,Ben Minchan Jun,"Redlands, CA",184,2:21:11,10:47,M 16-19/6,M-18,188,2:21:11,43.70%
315,Henry Wolfe,"Highland, CA",433,2:21:14,10:47,M 65-69/3,M-65,189,2:21:14,53.07%
316,Erin Brubach,"Loma Linda, CA",451,2:21:26,10:48,F 20-24/15,F-23,127,2:21:26,46.47%
317,Cara Richards,"Riverside, CA",283,2:21:42,10:49,F 30-34/14,F-31,128,2:21:42,46.14%
318,Sherie Phillips,"Irvine, CA",268,2:22:03,10:51,F 45-49/15,F-46,129,2:22:03,51.24%
319,Britni Gleason,"Loma Linda, CA",393,2:22:14,10:51,F 20-24/16,F-22,130,2:22:14,46.64%
320,Cathy Domingo,"Loma Linda, CA",104,2:22:14,10:51,F 30-34/15,F-30,131,2:22:14,45.96%
321,Leticia Arreola,"Beaumont, CA",26,2:22:24,10:52,F 30-34/16,F-32,132,2:22:24,45.91%
322,David Soffa,"San Bernardino, CA",312,2:22:25,10:52,M 40-44/22,M-43,190,2:22:25,43.70%
323,Pat Hathor,"Colton, CA",419,2:22:32,10:53,F 45-49/16,F-48,133,2:22:32,52.05%
324,Elizabeth Lyon,"Redlands, CA",219,2:22:49,10:54,F 20-24/17,F-23,134,2:22:49,46.02%
325,Jeremy Horton,"Highland, CA",436,2:23:05,10:55,M 7-15/9,M-14,191,2:23:05,46.28%
326,Daniel Schroeder,"Redlands, CA",437,2:23:05,10:55,M 16-19/7,M-17,192,2:23:05,43.75%
327,Lee Cooper,"Redlands, CA",379,2:23:06,10:55,M 60-64/9,M-64,193,2:23:06,51.81%
328,Dave Brunken,"Moreno Valley, CA",483,2:23:11,10:56,M 40-44/23,M-43,194,2:23:11,43.46%
329,Jewel Robinson,"Hemet, CA",484,2:23:11,10:56,F 20-24/18,F-20,135,2:23:11,47.29%
330,William A Frogue 111,"Riverside, CA",121,2:23:36,10:58,M 35-39/22,M-39,195,2:23:36,42.24%
331,Sandi Askew,"Redlands, CA",29,2:24:17,11:01,F 60-64/3,F-60,136,2:24:17,58.66%
332,Lindsay Kane,"Cypress, CA",186,2:24:37,11:02,F 20-24/19,F-24,137,2:24:37,45.20%
333,Angela Lopez,"Rancho Cucamonga, CA",214,2:24:45,11:03,F 25-29/25,F-27,138,2:24:45,45.16%
334,Robert Casillas,"Redlands, CA",464,2:24:56,11:04,M 20-24/14,M-23,196,2:24:56,40.42%
335,Diane Zamora,"Rancho Cucamonga, CA",377,2:25:05,11:04,F 40-44/17,F-40,139,2:25:05,47.58%
336,Carolyn Murphy,"Riverside, CA",245,2:25:16,11:05,F 20-24/20,F-22,140,2:25:16,45.66%
337,James Galyen,"Redlands, CA",128,2:25:24,11:06,M 65-69/4,M-67,197,2:25:24,52.74%
338,Michael Verner,"Calimesa, CA",345,2:25:25,11:06,M 65-69/5,M-67,198,2:25:25,52.74%
339,Elizabeth Keller,"Yucaipa, CA",188,2:26:04,11:09,F 40-44/18,F-44,141,2:26:04,48.93%
340,Joan Shaw,"Rancho Cucamonga, CA",308,2:27:00,11:13,F 45-49/17,F-48,142,2:27:00,50.46%
341,Suzanne Perry,"Ann Arbor, MI",491,2:27:02,11:13,F 30-34/17,F-30,143,2:27:02,44.46%
342,Arvin Perry,"Lake Forest, CA",492,2:27:03,11:14,M 60-64/10,M-64,199,2:27:03,50.42%
343,Monireh Moghadam,"Riverside, CA",241,2:27:08,11:14,F 35-39/28,F-36,144,2:27:08,45.41%
344,Sharon Kim,"Camarillo, CA",191,2:27:36,11:16,F 30-34/18,F-34,145,2:27:36,44.55%
345,Steve Milinkevich,"Corona, CA",234,2:27:47,11:17,M 25-29/15,M-25,200,2:27:47,39.59%
346,Heather Buhr,"Riverside, CA",56,2:27:47,11:17,F 30-34/19,F-32,146,2:27:47,44.24%
347,Susan Gray,"Mentone, CA",139,2:28:28,11:20,F 45-49/18,F-49,147,2:28:28,50.46%
348,Pablo D'Angelo,"San Dimas, CA",91,2:28:38,11:21,M 30-34/30,M-34,201,2:28:38,39.60%
349,Shari Lauda,"Hemet, CA",201,2:28:46,11:21,F 50-54/11,F-52,148,2:28:46,51.91%
350,Diane Parraz,"Nuevo, CA",263,2:29:02,11:23,F 40-44/19,F-43,149,2:29:02,47.53%
351,Carol Pechler,"Menlo Park, CA",415,2:29:28,11:25,F 65-69/1,F-68,150,2:29:28,63.34%
352,Al Cazas,"Loma Linda, CA",418,2:29:39,11:25,M 50-54/33,M-50,202,2:29:39,43.69%
353,Melissa Sandoval,"Riverside, CA",299,2:29:55,11:27,F 20-24/21,F-23,151,2:29:55,43.84%
354,Cynthia Glasgow,"Highland, CA",131,2:30:29,11:29,F 50-54/12,F-51,152,2:30:29,50.79%
355,Lorraine Thomas,"Loma Linda, CA",453,2:30:40,11:30,F 35-39/29,F-39,153,2:30:40,45.44%
356,Manouch Lankarani,"Colton, CA",200,2:31:09,11:32,M 65-69/6,M-66,203,2:31:09,50.15%
357,Aaron Carmean,"Redlands, CA",67,2:31:52,11:36,M 25-29/16,M-25,204,2:31:52,38.53%
358,Jim Stolze,"Yucaipa, CA",319,2:32:09,11:37,M 40-44/24,M-40,205,2:32:09,40.12%
359,Hyuk Kwon,"Redlands, CA",198,2:32:16,11:37,M 55-59/9,M-57,206,2:32:16,45.47%
360,Marong Seang,"Redlands, CA",306,2:32:19,11:38,F 30-34/20,F-33,154,2:32:19,42.92%
361,Katie Harkey,"Ontario, CA",150,2:32:29,11:38,F 50-54/13,F-51,155,2:32:29,50.12%
362,Rachel Fitzgerald,"Costa Mesa, CA",117,2:32:44,11:39,F 35-39/30,F-39,156,2:32:44,44.82%
363,Sarah Palenschat,"San Diego, CA",257,2:32:47,11:40,F 35-39/31,F-36,157,2:32:47,43.73%
364,Brian Marsh,"Los Angeles, CA",459,2:32:49,11:40,M 30-34/31,M-30,207,2:32:49,38.29%
365,Violet Mo,"La Crescenta, CA",240,2:34:41,11:48,F 35-39/32,F-38,158,2:34:41,43.89%
366,Rebecca Hamm,"Claremont, CA",470,2:34:55,11:49,F 45-49/19,F-46,159,2:34:55,46.99%
367,Kathleen Beardsley,"Redlands, CA",35,2:36:41,11:58,F 30-34/21,F-33,160,2:36:41,41.72%
368,Connie Banks,"Crestline, CA",33,2:37:18,12:00,F 60-64/4,F-62,161,2:37:18,55.21%
369,John Johnson,"Moreno Valley, CA",177,2:38:46,12:07,M 45-49/20,M-45,208,2:38:46,39.73%
370,Traci Cole,"Tucson, AZ",83,2:39:01,12:08,F 35-39/33,F-39,162,2:39:01,43.05%
371,Alan Reynolds,"San Jacinto, CA",282,2:40:17,12:14,M 50-54/34,M-53,209,2:40:17,41.76%
372,Tony Mercado,"Riverside, CA",461,2:40:30,12:15,M 35-39/23,M-36,210,2:40:30,37.11%
373,Alejandro Irineo,"Riverside, CA",169,2:40:55,12:17,M 35-39/24,M-35,211,2:40:55,36.79%
374,Martha Lee,"Riverside, CA",203,2:41:48,12:21,F 45-49/20,F-48,163,2:41:48,45.85%
375,Shauntell Minor,"Perris, CA",236,2:41:48,12:21,F 30-34/22,F-30,164,2:41:48,40.40%
376,Cheryl Anderson,"Temecula, CA",20,2:43:06,12:27,F 40-44/20,F-44,165,2:43:06,43.82%
377,Anna Kocis,"Chatsworth, CA",195,2:43:06,12:27,F 40-44/21,F-44,166,2:43:06,43.82%
378,John Diaz,"Los Angeles, CA",479,2:43:48,12:30,M 25-29/17,M-26,212,2:43:48,35.72%
379,Rosio Castillo,"Rialto, CA",69,2:44:02,12:31,F 25-29/26,F-28,167,2:44:02,39.85%
380,Ilsia Reuter,"Tustin, CA",281,2:45:28,12:38,F 40-44/22,F-42,168,2:45:28,42.44%
381,Heidi Dinkle,"Upland, CA",102,2:45:36,12:38,F 25-29/27,F-25,169,2:45:36,39.48%
382,Jane Gopez Johnson,"Moreno Valley, CA",137,2:45:38,12:39,F 30-34/23,F-31,170,2:45:38,39.47%
383,Francisco Holgado,"Rialto, CA",162,2:45:38,12:39,M 55-59/10,M-59,213,2:45:38,42.57%
384,Otilia Ornelas,"Corona, CA",256,2:46:18,12:42,F 45-49/21,F-45,171,2:46:18,43.37%
385,Paz Juarez,"Ontario, CA",183,2:46:19,12:42,M 45-49/21,M-46,214,2:46:19,38.19%
386,Tina Cazas,"Loma Linda, CA",455,2:47:06,12:45,F 50-54/14,F-50,172,2:47:06,45.28%
387,Jose Juarez,"Ontario, CA",182,2:48:40,12:52,M 50-54/35,M-51,215,2:48:40,39.06%
388,Cheryl Shira,"Yucaipa, CA",309,2:49:21,12:56,F 45-49/22,F-45,173,2:49:21,42.59%
389,Jonathan Shidler,"Redlands, CA",399,2:49:39,12:57,M 20-24/15,M-21,216,2:49:39,35.13%
390,Matthew Leeds,"Redlands, CA",205,2:50:39,13:02,M 25-29/18,M-26,217,2:50:39,34.29%
391,David Littlehales,"La Mirada, CA",210,2:51:15,13:04,M 55-59/11,M-59,218,2:51:15,41.18%
392,Milton Johnson,"Highland, CA",178,2:51:18,13:05,M 70-74/6,M-70,219,2:51:18,46.46%
393,Jay Park,"Riverside, CA",260,2:52:31,13:10,M 16-19/8,M-16,220,2:52:31,36.89%
394,Amber Utley,"San Bernardino, CA",338,2:52:32,13:10,F 25-29/28,F-28,174,2:52:32,37.89%
395,Ollie Biederman,"La Mesa, CA",43,2:52:42,13:11,M 75-99/3,M-76,221,2:52:42,50.27%
396,Megan Lane,"Highland, CA",199,2:52:53,13:12,F 20-24/22,F-23,175,2:52:53,38.02%
397,Nicole Hale,"Pomona, CA",146,2:56:15,13:27,F 20-24/23,F-23,176,2:56:15,37.29%
398,Peter Wheeler,"Yucaipa, CA",357,2:57:28,13:33,M 25-29/19,M-29,222,2:57:28,32.97%
399,Heather Wheeler,"Yucaipa, CA",356,2:57:35,13:33,F 20-24/24,F-21,177,2:57:35,37.72%
400,Carly Wheeler,"Yucaipa, CA",355,2:57:36,13:33,F 25-29/29,F-28,178,2:57:36,36.81%
401,Randy Dimick,"Ontario, CA",101,2:58:15,13:36,M 45-49/22,M-47,223,2:58:15,35.88%
402,John Hokenson,"Chino, CA",158,2:58:46,13:39,M 55-59/12,M-55,224,2:58:46,38.07%
403,Kimberly Hokenson,"Chino, CA",159,2:58:48,13:39,F 20-24/25,F-24,179,2:58:48,36.56%
404,Kimberly Nishio,"Upland, CA",250,2:58:49,13:39,F 25-29/30,F-26,180,2:58:49,36.56%
405,Kelly Dimick,"Ontario, CA",100,3:00:06,13:45,F 30-34/24,F-34,181,3:00:06,36.51%
406,Emma Sabean,"Claremont, CA",296,3:01:04,13:49,F 35-39/34,F-39,182,3:01:04,37.81%
407,Orville Bingley,"Palm Desert, CA",44,3:01:19,13:50,M 75-99/4,M-79,225,3:01:19,50.40%
408,Leah Cornejo,"Yucaipa, CA",85,3:03:27,14:00,F 30-34/25,F-32,183,3:03:27,35.63%
409,Yechan Kim,"Yucaipa, CA",192,3:05:26,14:09,M 16-19/9,M-16,226,3:05:26,34.32%
410,Juliet Sorensen,"Redlands, CA",314,3:06:53,14:16,F 45-49/23,F-49,184,3:06:53,40.08%
411,Joyce Heitmeier,"Redlands, CA",154,3:08:16,14:22,F 60-64/5,F-60,185,3:08:16,44.95%
412,Robin Windhorst,"Moreno Valley, CA",365,3:09:34,14:28,F 45-49/24,F-47,186,3:09:34,38.76%
413,Laura Glenn,"Highland, CA",134,3:09:36,14:28,F 35-39/35,F-38,187,3:09:36,35.81%
414,Emily Doolittle,"Redlands, CA",105,3:10:10,14:31,F 20-24/26,F-22,188,3:10:10,34.88%
415,Gordana Vidovic,"Downey, CA",400,3:10:10,14:31,F 50-54/15,F-50,189,3:10:10,39.78%
416,Joseph Egan,"Redlands, CA",109,3:10:57,14:34,M 30-34/32,M-31,227,3:10:57,30.64%
417,Ron Whitehead,"Redlands, CA",358,3:14:46,14:52,M 60-64/11,M-64,228,3:14:46,38.07%
418,Elizabeth Leger,"Redlands, CA",206,3:15:00,14:53,F 50-54/16,F-50,190,3:15:00,38.79%
419,Deborah Brande,"Rancho Cucamonga, CA",51,3:19:01,15:11,F 35-39/36,F-39,191,3:19:01,34.40%
420,Tammy Ayala,"Redlands, CA",32,3:20:57,15:20,F 35-39/37,F-39,192,3:20:57,34.07%
421,Jennie Trees,"Redlands, CA",335,3:21:39,15:23,F 40-44/23,F-43,193,3:21:39,35.13%
422,Gena Brown,"Cherry Valley, CA",55,3:21:39,15:23,F 45-49/25,F-45,194,3:21:39,35.77%
423,Suzy Neal,"Redlands, CA",246,3:21:40,15:23,F 30-34/26,F-33,195,3:21:40,32.42%
424,Mary Ann Martinez,"Corona, CA",227,3:24:38,15:37,F 45-49/26,F-47,196,3:24:38,35.91%
425,Patricia Hokenson,"Chino, CA",160,3:27:11,15:49,F 45-49/27,F-47,197,3:27:11,35.46%
426,Kenneth Palmer,"San Bernardino, CA",258,3:30:41,16:05,M 40-44/25,M-42,229,3:30:41,29.34%
427,Jacquelyn Mata,"Riverside, CA",228,3:33:27,16:17,F 7-15/1,F-13,198,3:33:27,35.29%
428,Nancy Poole,"Riverside, CA",272,3:33:43,16:19,F 55-59/6,F-55,199,3:33:43,37.32%
429,Tony Calvano,"Riverside, CA",61,3:34:37,16:23,M 35-39/25,M-37,230,3:34:37,27.92%
430,Jill Sweitzer,"Yucaipa, CA",327,3:35:32,16:27,F 30-34/27,F-31,200,3:35:32,30.33%
431,Marilyn Sweitzer,"Yucaipa, CA",328,3:35:32,16:27,F 50-54/17,F-54,201,3:35:32,36.60%
432,Amy Swanston,"Yucaipa, CA",326,3:36:41,16:32,F 35-39/38,F-37,202,3:36:41,31.08%
433,Ruth Ann Botello,"Colton, CA",49,3:37:01,16:34,F 45-49/28,F-45,203,3:37:01,33.23%
434,John Iyott,"Riverside, CA",170,3:41:25,16:54,M 50-54/36,M-50,231,3:41:25,29.53%
435,Soleil Arrieta,"Plano, TX",28,3:44:30,17:08,F 20-24/27,F-22,204,3:44:30,29.55%
436,Lela Smith,"Oak Hills, CA",384,3:46:42,17:18,F 50-54/18,F-50,205,3:46:42,33.37%
437,Ilaria Pesco,"Redlands, CA",267,3:57:06,18:06,F 30-34/28,F-33,206,3:57:06,27.57%
438,Crista Hatfield,"Redlands, CA",152,3:57:07,18:06,F 20-24/28,F-21,207,3:57:07,28.25%
439,Maggie Dockter,"Yucaipa, CA",103,3:59:35,18:17,F 60-64/6,F-60,208,3:59:35,35.32%
