Place,Name,Location,Bib,Net Time,Pace,Division/Place,Sex-Age,Sex-Place,Gun Time,Age Grade
1,Sean Henning,"La Verne, CA",209,1:18:14,5:59,M 20-24/1,M-24,1,1:18:14,75.71%
2,Javier Madrid,"Yucaipa, CA",297,1:19:17,6:03,M 16-19/1,M-19,2,1:20:22,76.45%
3,Pete Sturtevant,"San Bernardino, CA",449,1:20:54,6:11,M 35-39/1,M-35,3,1:20:56,73.77%
4,David Martinez,"Northridge, CA",303,1:23:29,6:23,M 25-29/1,M-29,4,1:23:39,70.95%
5,Ed Bickley,"Calgary, AB",61,1:26:56,6:38,M 50-54/1,M-50,5,1:26:59,77.03%
6,Christine Howard,"Redlands, CA",231,1:26:59,6:39,F 35-39/1,F-38,1,1:26:59,77.86%
7,Mark Martinez,"Riverside, CA",550,1:27:35,6:41,M 30-34/1,M-31,6,1:27:38,67.62%
8,Josef Cressotti,"Riverside, CA",126,1:27:49,6:42,M 30-34/2,M-31,7,1:28:04,67.44%
9,Steve Fry,"Riverside, CA",176,1:30:15,6:54,M 50-54/2,M-51,8,1:30:17,74.84%
10,Joshua Trujillo,"Clovis, CA",477,1:30:28,6:54,M 16-19/2,M-19,9,1:31:33,67.00%
11,Jonatan Guzman,"Corona, CA",709,1:30:41,6:56,M 20-24/2,M-21,10,1:30:42,65.59%
12,Jim Hernandez,"Fontana, CA",670,1:30:50,6:56,M 30-34/3,M-33,11,1:30:52,65.31%
13,Eddie Garcia,"Riverside, CA",605,1:30:55,6:57,M 25-29/2,M-28,12,1:31:02,65.14%
14,Jack Berkebile,"Chicago, IL",57,1:31:19,6:58,M 50-54/3,M-50,13,1:31:21,73.33%
15,Damian Sinor,"Redlands, CA",707,1:31:46,7:00,M 30-34/4,M-33,14,1:31:57,64.65%
16,Art Hernandez,"Costa Mesa, CA",674,1:32:03,7:02,M 45-49/1,M-48,15,1:32:19,71.53%
17,Lawrence Albinski,"Arcadia, CA",14,1:32:29,7:04,M 45-49/2,M-46,16,1:32:32,70.03%
18,Ryan Grover,"Loma Linda, CA",711,1:32:51,7:05,M 30-34/5,M-34,17,1:32:55,64.04%
19,Laurel Shearer,"Redlands, CA",618,1:33:09,7:07,F 25-29/1,F-29,2,1:33:12,70.69%
20,Frank Brummitt,"Yucaipa, CA",83,1:33:17,7:07,M 40-44/1,M-43,18,1:33:20,67.74%
21,Matt Trueba,"Riverside, CA",476,1:33:32,7:09,M 20-24/3,M-23,19,1:33:47,63.32%
22,Conrado Ramirez,"Ontario, CA",389,1:33:54,7:10,M 35-39/2,M-35,20,1:34:02,63.55%
23,Manuel Madrigal,"Menifee, CA",298,1:35:13,7:16,M 40-44/2,M-41,21,1:35:22,65.32%
24,Donald Skiver,"Pasadena, CA",435,1:35:49,7:19,M 45-49/3,M-47,22,1:35:54,68.15%
25,Geoff Roche,"Redlands, CA",663,1:35:58,7:20,M 35-39/3,M-35,23,1:36:30,62.19%
26,Christopher Leach,"Moreno Valley, CA",274,1:36:30,7:22,M 20-24/4,M-23,24,1:37:09,61.38%
27,Raul Cortez,"Moreno Valley, CA",680,1:36:33,7:22,M 35-39/4,M-37,25,1:36:34,62.47%
28,Marcia Wiinrow,"Riverside, CA",510,1:37:02,7:25,F 35-39/2,F-36,3,1:37:11,69.01%
29,David Bradley,"Big Bear Lake, CA",75,1:37:37,7:27,M 16-19/3,M-19,26,1:38:04,62.09%
30,Gregory Wojczynski,"Redlands, CA",524,1:38:10,7:30,M 25-29/3,M-27,27,1:38:17,60.33%
31,Polly Crawford,"Temecula, CA",655,1:38:30,7:31,F 35-39/3,F-38,4,1:38:34,68.73%
32,Israel Pena,"Corona, CA",366,1:38:40,7:32,M 30-34/6,M-33,28,1:38:43,60.13%
33,Frances Tennant,"Lake Arrowhead, CA",461,1:38:47,7:33,F 50-54/1,F-53,5,1:38:48,80.70%
34,Margaret Human,"Yorba Linda, CA",235,1:39:06,7:34,F 40-44/1,F-44,6,1:39:11,71.93%
35,Derek Swingley,"Redlands, CA",456,1:39:38,7:36,M 25-29/4,M-27,29,1:39:46,59.44%
36,Christopher Zurbuch,"Pomona, CA",539,1:39:42,7:37,M 35-39/5,M-36,30,1:39:58,60.14%
37,Matthew Litchfield,"Redlands, CA",285,1:39:47,7:37,M 35-39/6,M-38,31,1:40:06,60.88%
38,Nicholas Brezovar,"Redlands, CA",80,1:39:54,7:38,M 30-34/7,M-31,32,1:40:06,59.29%
39,Hector Chavez,"Corona, CA",553,1:40:13,7:39,M 35-39/7,M-36,33,1:40:16,59.83%
40,Mike Redpath,"Redlands, CA",394,1:40:21,7:40,M 40-44/3,M-41,34,1:40:26,61.98%
41,Kathie Turner,"Redlands, CA",637,1:40:58,7:43,F 35-39/4,F-39,7,1:41:03,67.51%
42,Robert Bock,"Redlands, CA",545,1:41:30,7:45,M 40-44/4,M-40,35,1:41:38,60.78%
43,Javier Ochoa,"Ontario, CA",723,1:41:45,7:46,M 25-29/5,M-26,36,1:42:14,58.21%
44,Steven Rozic,"Redlands, CA",410,1:41:55,7:47,M 25-29/6,M-29,37,1:42:14,58.11%
45,Bert Rodriguez,"Colton, CA",702,1:42:18,7:49,M 16-19/4,M-18,38,1:42:27,60.05%
46,Lucas Korcek,"Loma Linda, CA",263,1:42:29,7:50,M 20-24/5,M-23,39,1:43:12,57.79%
47,Kendra Sullivan,"Redlands, CA",451,1:42:42,7:50,F 25-29/2,F-26,8,1:42:52,64.11%
48,Megan Williams,"Redlands, CA",512,1:43:34,7:54,F 25-29/3,F-25,9,1:44:00,63.58%
49,Steve Vanesch,"Redlands, CA",644,1:43:37,7:55,M 35-39/8,M-38,40,1:43:42,58.62%
50,Steve Lehr,"Yucaipa, CA",276,1:43:40,7:55,M 35-39/9,M-37,41,1:44:44,58.18%
51,Ed Ettinghausen,"Wildomar, CA",159,1:43:43,7:55,M 45-49/4,M-46,42,1:43:51,62.44%
52,Matthew Arreola,"San Bernardino, CA",33,1:43:43,7:55,M 40-44/5,M-40,43,1:44:48,59.48%
53,Rachea McKown,"Riverside, CA",313,1:44:07,7:57,F 25-29/4,F-29,10,1:44:24,63.24%
54,Kim Ammons,"Mentone, CA",19,1:44:17,7:58,F 25-29/5,F-27,11,1:44:24,63.14%
55,Wayne Mitchell,"Modjeska Canyon, CA",657,1:44:51,8:00,M 60-64/1,M-64,44,1:44:52,72.53%
56,Kevin Beecham,"Riverside, CA",51,1:44:52,8:00,M 30-34/8,M-31,45,1:45:05,56.48%
57,Scott Meluski,"Riverside, CA",546,1:45:00,8:01,M 20-24/6,M-22,46,1:45:22,56.44%
58,Mike Pate,"Corona, CA",622,1:45:04,8:01,M 50-54/4,M-53,47,1:45:26,65.41%
59,Vince Macias,"Claremont, CA",708,1:45:19,8:03,M 50-54/5,M-50,48,1:45:29,63.58%
60,Russ Munyan,"Apple Valley, CA",333,1:45:23,8:03,M 35-39/10,M-37,49,1:45:24,57.23%
61,Guillermo Gomez,"Riverside, CA",186,1:45:26,8:03,M 50-54/6,M-51,50,1:45:32,64.06%
62,John Scott,"Grand Terrace, CA",425,1:45:33,8:04,M 45-49/5,M-47,51,1:45:49,61.86%
63,Jeff Dierksen,"Yucca Valley, CA",142,1:46:09,8:06,M 50-54/7,M-53,52,1:46:25,64.75%
64,John Cools,"Moreno Valley, CA",548,1:46:10,8:06,M 50-54/8,M-53,53,1:46:27,64.74%
65,Eric Martin,"Riverside, CA",301,1:46:25,8:08,M 30-34/9,M-34,54,1:46:40,55.87%
66,Jerry Bonello,"La Quinta, CA",71,1:46:31,8:08,M 50-54/9,M-52,55,1:46:38,63.96%
67,Curtis Marcell,"Highland, CA",300,1:46:35,8:08,M 40-44/6,M-43,56,1:47:06,59.29%
68,Tom Whittemore,"Redlands, CA",508,1:46:49,8:09,M 40-44/7,M-44,57,1:47:27,59.64%
69,Alan Eldridge,"Santa Monica, CA",153,1:46:56,8:10,M 20-24/7,M-23,58,1:47:24,55.39%
70,Carl McKown,"Riverside, CA",312,1:47:09,8:11,M 35-39/11,M-38,59,1:47:27,56.69%
71,Rick Bearden,"Calimesa, CA",50,1:47:22,8:12,M 50-54/10,M-52,60,1:47:29,63.45%
72,Rodolfo Yela,"Fontana, CA",532,1:47:29,8:12,M 50-54/11,M-50,61,1:47:38,62.30%
73,Jose Guillen,"Riverside, CA",659,1:47:32,8:13,M 55-59/1,M-59,62,1:48:07,67.46%
74,Victor Sanchez,"Riverside, CA",415,1:47:32,8:13,M 35-39/12,M-39,63,1:47:34,56.92%
75,Dan Carothers,"Riverside, CA",552,1:47:36,8:13,M 50-54/12,M-50,64,1:48:31,62.23%
76,Arturo Cisneros,"Riverside, CA",112,1:47:49,8:14,M 45-49/6,M-49,65,1:48:04,61.58%
77,Evan Perez,"Highland, CA",370,1:47:57,8:15,M 25-29/7,M-26,66,1:48:29,54.86%
78,Joseph Antonelli,"Temecula, CA",25,1:48:24,8:17,M 25-29/8,M-25,67,1:49:33,54.64%
79,Michael Miller,"Redlands, CA",321,1:48:28,8:17,M 50-54/13,M-53,68,1:49:06,63.36%
80,George Gomez,"Bloomington, CA",185,1:48:37,8:18,M 50-54/14,M-53,69,1:48:38,63.28%
81,Jeremiah Head,"Redlands, CA",208,1:48:40,8:18,M 30-34/10,M-34,70,1:49:14,54.72%
82,Matthew Trotter,"Redlands, CA",475,1:49:04,8:20,M 20-24/8,M-24,71,1:50:07,54.30%
83,Augie Medina,"South Pasadena, CA",681,1:49:13,8:20,M 60-64/2,M-62,72,1:49:16,68.30%
84,Stephen Gonzales,"Riverside, CA",631,1:49:16,8:21,M 20-24/9,M-24,73,1:49:54,54.20%
85,Jeff Lindeman,"Redlands, CA",281,1:49:17,8:21,M 30-34/11,M-34,74,1:49:51,54.41%
86,Erik Ramirez,"Riverside, CA",718,1:49:20,8:21,M 20-24/10,M-21,75,1:49:55,54.40%
87,Mark Wiemiller,"Chino Hills, CA",509,1:49:26,8:21,M 45-49/7,M-46,76,1:49:45,59.18%
88,Matthew Harry,"Redlands, CA",682,1:49:31,8:22,M 20-24/11,M-24,77,1:50:10,54.08%
89,Todd Sanders,"Winchester, CA",714,1:49:34,8:22,M 30-34/12,M-33,78,1:49:43,54.15%
90,John Donnelly,"Highland, CA",612,1:49:39,8:22,M 50-54/15,M-53,79,1:49:57,62.68%
91,Crazyhorse Dh Trevizo,"Corona, CA",474,1:49:41,8:22,M 40-44/8,M-43,80,1:49:44,57.61%
92,John Leach,"Highland, CA",275,1:49:52,8:23,M 40-44/9,M-44,81,1:50:47,57.99%
93,Christy Curtis,"Aliso Viejo, CA",128,1:49:57,8:24,F 25-29/6,F-29,12,1:50:35,59.88%
94,Therese Cools,"Riverside, CA",549,1:50:05,8:24,F 25-29/7,F-28,13,1:50:21,59.81%
95,Gerardo Parker,"Colton, CA",626,1:50:36,8:27,M 16-19/5,M-18,82,1:50:37,55.54%
96,Jeremy Oms,"Loma Linda, CA",353,1:50:48,8:28,M 25-29/9,M-29,83,1:51:10,53.45%
97,Jeff Thompson,"Bermuda Dunes, CA",466,1:50:55,8:28,M 55-59/2,M-57,84,1:51:02,64.20%
98,Jose Garcia,"Perris, CA",713,1:51:07,8:29,M 25-29/10,M-27,85,1:51:10,53.30%
99,Donald Benedicto,"Colton, CA",53,1:51:18,8:30,M 50-54/16,M-51,86,1:51:56,60.69%
100,Doyle Lamountain,"Redlands, CA",684,1:51:22,8:30,M 40-44/10,M-43,87,1:51:37,56.74%
101,Marie Finnerty,"Fountain Valley, CA",554,1:51:34,8:31,F 30-34/1,F-34,14,1:51:48,59.52%
102,Amanda Woodruff,"Redlands, CA",527,1:51:35,8:31,F 30-34/2,F-31,15,1:52:34,59.10%
103,Alicia Beth Regan,"Pasadena, CA",397,1:51:46,8:32,F 35-39/5,F-35,16,1:52:03,59.64%
104,Bob Stockton,"Riverside, CA",447,1:51:46,8:32,M 55-59/3,M-55,88,1:52:00,62.58%
105,Chris Oltman,"San Bernardino, CA",352,1:51:47,8:32,M 20-24/12,M-21,89,1:51:53,53.21%
106,Adam Johnson,"Claremont, CA",244,1:51:54,8:33,M 35-39/13,M-37,90,1:52:45,53.90%
107,Jose Correa,"Ontario, CA",124,1:51:54,8:33,M 55-59/4,M-55,91,1:51:57,62.50%
108,Javier Santiago,"Moreno Valley, CA",417,1:51:58,8:33,M 45-49/8,M-49,92,1:52:33,59.30%
109,Ralph Pate,"Hesperia, CA",627,1:52:09,8:34,M 50-54/17,M-51,93,1:52:32,60.23%
110,Harold Wilson,"Redlands, CA",515,1:52:09,8:34,M 45-49/9,M-47,94,1:53:25,58.22%
111,Michael Yartzoff,"Redlands, CA",675,1:52:24,8:35,M 45-49/10,M-46,95,1:52:35,57.62%
112,Douglas Wisdom,"Holtville, CA",722,1:52:41,8:36,M 50-54/18,M-52,96,1:53:52,60.46%
113,Alyssa Scheidemantle,"Rancho Cucamonga, CA",420,1:52:46,8:37,F 16-19/1,F-17,17,1:53:01,60.18%
114,Eden Anacaya,"Corona, CA",21,1:52:52,8:37,F 35-39/6,F-35,18,1:53:01,59.06%
115,Will McCaa,"San Francisco, CA",309,1:53:07,8:38,M 30-34/13,M-32,97,1:53:36,52.37%
116,Scot Bennett,"Rancho Cucamonga, CA",54,1:53:20,8:39,M 35-39/14,M-37,98,1:53:33,53.21%
117,Ashlene Cook,"Loma Linda, CA",120,1:53:34,8:40,F 20-24/1,F-23,19,1:54:16,57.98%
118,Dave Brunken,"Moreno Valley, CA",664,1:53:34,8:40,M 40-44/11,M-44,99,1:53:38,56.10%
119,Vicki Fontoura,"Loma Linda, CA",171,1:53:36,8:40,F 35-39/7,F-38,20,1:53:44,59.59%
120,Jose Bermudez,"Fontana, CA",58,1:53:44,8:41,M 45-49/11,M-47,100,1:53:54,57.41%
121,Romy Niblack,"Redlands, CA",348,1:54:03,8:42,F 60-64/1,F-61,21,1:54:05,78.14%
122,Richard Witham,"Redlands, CA",522,1:54:22,8:44,M 30-34/14,M-31,101,1:54:36,51.79%
123,Claire Hauso,"Redlands, CA",676,1:54:26,8:44,F 16-19/2,F-18,22,1:54:36,58.43%
124,Erick Armelin,"Huntington Beach, CA",30,1:54:29,8:44,M 35-39/15,M-39,102,1:55:02,53.47%
125,Ben Perez,"West Covina, CA",368,1:54:33,8:45,M 30-34/15,M-33,103,1:54:59,51.79%
126,Paulette Lewis,"San Bernardino, CA",278,1:54:37,8:45,F 35-39/8,F-38,23,1:54:40,59.06%
127,Rex Garver,"San Diego, CA",181,1:54:49,8:46,M 35-39/16,M-39,104,1:55:24,53.31%
128,Geoff Daumeyer,"Redlands, CA",130,1:54:50,8:46,M 35-39/17,M-39,105,1:55:50,53.30%
129,Mike Thams,"Rancho Cucamonga, CA",464,1:54:52,8:46,M 55-59/5,M-55,106,1:54:59,60.89%
130,Elizabeth Sfatcu,"Yucaipa, CA",602,1:55:16,8:48,F 45-49/1,F-47,24,1:55:41,64.08%
131,George Evans,"Santa Monica, CA",162,1:55:18,8:48,M 30-34/16,M-33,107,1:55:47,51.45%
132,Stephen Myung,"Fontana, CA",336,1:55:19,8:48,M 40-44/12,M-44,108,1:57:14,55.25%
133,Richard Lopez,"San Bernardino, CA",288,1:55:21,8:48,M 50-54/19,M-51,109,1:55:46,58.55%
134,Cody Simula,"Moreno Valley, CA",434,1:55:37,8:50,F 25-29/8,F-27,25,1:55:53,56.95%
135,Miguel Ayala,"Rancho Cucamonga, CA",38,1:55:58,8:51,M 30-34/17,M-30,110,1:56:16,51.07%
136,Gina Gang,"Redlands, CA",179,1:56:01,8:51,F 35-39/9,F-36,26,1:56:21,57.72%
137,Kathleen Witham,"Redlands, CA",521,1:56:12,8:52,F 30-34/3,F-30,27,1:56:25,56.68%
138,Duke Bartoo,"Riverside, CA",47,1:56:18,8:53,M 55-59/6,M-56,111,1:56:28,60.69%
139,M Sanborn,"San Bernardino, CA",414,1:56:29,8:54,F 40-44/2,F-40,28,1:56:56,58.94%
140,Nabil Chakoukani,"Corona, CA",101,1:56:29,8:54,M 50-54/20,M-52,112,1:56:31,58.49%
141,Robyn Roybal,"Rancho Cucamonga, CA",409,1:56:50,8:55,F 45-49/2,F-48,29,1:56:59,64.00%
142,George Monge,"Riverside, CA",325,1:56:55,8:56,M 50-54/21,M-50,113,1:57:29,57.27%
143,Matthew Breithaupt,"Temecula, CA",79,1:57:01,8:56,M 30-34/18,M-30,114,1:58:11,50.61%
144,Sheila Wickersham,"Redlands, CA",643,1:57:14,8:57,F 35-39/10,F-37,30,1:57:26,57.42%
145,Michael Robles,"Redlands, CA",405,1:57:16,8:57,M 35-39/18,M-38,115,1:58:14,51.80%
146,Roberto Vargas,"Ontario, CA",486,1:57:55,9:00,M 70-74/1,M-71,116,1:58:04,69.25%
147,Jesus Montes,"Riverside, CA",610,1:57:57,9:00,M 55-59/7,M-58,117,1:58:41,60.92%
148,Scott Nichols,"Corona, CA",349,1:58:01,9:01,M 40-44/13,M-41,118,1:58:33,52.70%
149,Brian Zubak,"Riverside, CA",625,1:58:06,9:01,M 30-34/19,M-32,119,1:59:08,50.16%
150,Carin Barnes,"Visalia, CA",667,1:58:10,9:01,F 40-44/3,F-41,31,1:59:09,58.57%
151,Robert Charreon,"Redlands, CA",103,1:58:11,9:01,M 40-44/14,M-42,120,1:59:23,53.05%
152,Joseph Wyatt,"Redlands, CA",528,1:58:12,9:01,M 20-24/13,M-24,121,1:58:39,50.11%
153,Rudy Montoya,"Corona, CA",327,1:58:17,9:02,M 40-44/15,M-43,122,1:58:20,53.42%
154,Jennifer Munyan,"Apple Valley, CA",332,1:58:36,9:03,F 35-39/11,F-36,32,1:59:14,56.46%
155,Mike Beachtel,"Highland, CA",49,1:58:42,9:04,M 45-49/12,M-48,123,1:59:28,55.47%
156,Wesley Carey,"Highland, CA",93,1:58:50,9:04,M 30-34/20,M-30,124,1:59:04,49.84%
157,Don Frederickson,"Corona, CA",174,1:58:59,9:05,M 35-39/19,M-37,125,1:59:12,50.69%
158,John Gunty,"Rancho Cucamonga, CA",686,1:59:11,9:06,M 25-29/11,M-29,126,1:59:48,49.69%
159,Chris Watkins,"Redlands, CA",496,1:59:15,9:06,M 50-54/22,M-51,127,1:59:19,56.64%
160,Jo Ann Josephson,"Colton, CA",249,1:59:28,9:07,F 50-54/2,F-50,33,1:59:55,64.17%
161,Larry Pollo,"Sierra Madre, CA",382,1:59:29,9:07,M 50-54/23,M-52,128,1:59:39,57.02%
162,Marinella Pollo,"Sierra Madre, CA",383,1:59:35,9:08,F 40-44/4,F-41,34,1:59:45,57.88%
163,Timothy Jung,"Loma Linda, CA",252,1:59:48,9:09,M 65-69/1,M-65,129,1:59:55,64.10%
164,Diana Endler,"San Bernardino, CA",155,2:00:02,9:10,F 45-49/3,F-46,35,2:00:12,60.78%
165,Brian Walker,"Sun City, CA",491,2:00:05,9:10,M 30-34/21,M-31,130,2:00:12,49.32%
166,Xarl Maxwell,"Pomona, CA",308,2:00:11,9:11,M 55-59/8,M-58,131,2:00:36,59.79%
167,Carl Burton,"Riverside, CA",653,2:00:14,9:11,M 60-64/3,M-64,132,2:00:44,63.25%
168,John Johnson,"Moreno Valley, CA",1216,2:00:17,9:11,M 45-49/13,M-46,133,2:01:42,53.84%
169,Chad Stuart,"Visalia, CA",668,2:00:19,9:11,M 30-34/22,M-31,134,2:01:19,49.22%
170,Eliott Willis,"Victorville, CA",513,2:00:19,9:11,M 35-39/20,M-38,135,2:00:50,50.48%
171,Judith Waller,"Henderson, NV",493,2:00:42,9:13,F 35-39/12,F-35,36,2:01:36,55.23%
172,Harold Vollkommer,"Highland, CA",704,2:00:44,9:13,M 45-49/14,M-49,136,2:01:40,54.99%
173,Caroline Boyd,"Redlands, CA",614,2:00:56,9:14,F 40-44/5,F-43,37,2:01:00,58.30%
174,Michael Leiba,"Corona, CA",277,2:00:58,9:14,M 16-19/6,M-17,137,2:01:02,51.47%
175,John Shafai,"Beverly Hills, CA",426,2:01:34,9:17,M 40-44/16,M-40,138,2:02:36,50.75%
176,Brian Koops,"Corona, CA",262,2:01:40,9:17,M 40-44/17,M-43,139,2:01:53,51.94%
177,Blandino Asuncion,"Moreno Valley, CA",35,2:01:50,9:18,M 50-54/24,M-54,140,2:02:35,56.90%
178,Brian Harned,"Temecula, CA",662,2:02:07,9:19,M 45-49/15,M-49,141,2:03:01,54.37%
179,Andrea Beyer,"Murrieta, CA",60,2:02:08,9:19,F 35-39/13,F-35,38,2:03:03,54.58%
180,Erin Sullivan,"Attleboro, MA",450,2:02:14,9:20,F 25-29/9,F-28,39,2:02:24,53.87%
181,Jacob Fred Garcia,"Beaumont, CA",180,2:02:30,9:21,M 25-29/12,M-28,142,2:02:33,48.35%
182,Peter Yee,"San Gabriel, CA",530,2:02:38,9:22,M 35-39/21,M-37,143,2:03:47,49.18%
183,Mike Calendar,"Highland, CA",89,2:02:39,9:22,M 45-49/16,M-48,144,2:03:10,53.68%
184,Ronald Granados,"Chino, CA",190,2:02:42,9:22,M 45-49/17,M-45,145,2:03:23,52.34%
185,Timothy Ericson,"Yorba Linda, CA",156,2:02:42,9:22,M 55-59/9,M-58,146,2:03:23,58.57%
186,Jordan A Ward,"Loma Linda, CA",494,2:02:53,9:23,M 07-15/1,M-15,147,2:02:59,52.33%
187,Cathy Domingo,"Loma Linda, CA",145,2:03:10,9:24,F 30-34/4,F-31,40,2:03:29,53.54%
188,Carmen Conover,"Redlands, CA",119,2:03:19,9:25,F 45-49/4,F-45,41,2:03:35,58.46%
189,Messina Zurbuch,"Pomona, CA",540,2:03:25,9:25,F 30-34/5,F-33,42,2:03:43,53.63%
190,William Luu,"Rancho Cucamonga, CA",290,2:03:42,9:27,M 35-39/22,M-37,148,2:03:48,48.75%
191,Jan Jones,"Redlands, CA",247,2:04:00,9:28,F 50-54/3,F-51,43,2:04:11,62.63%
192,Irene Templeman,"Yucaipa, CA",460,2:04:19,9:29,F 25-29/10,F-25,44,2:05:25,52.96%
193,Jonatan Olafsson,"Loma Linda, CA",646,2:04:30,9:30,M 07-15/2,M-15,149,2:04:57,51.65%
194,Tone Olafsson,"Loma Linda, CA",645,2:04:33,9:31,F 40-44/6,F-44,45,2:05:01,57.22%
195,Alissa Brown,"Pomona, CA",82,2:04:50,9:32,F 20-24/2,F-24,46,2:05:03,52.74%
196,Calvin Anacaya,"Corona, CA",20,2:04:54,9:32,M 35-39/23,M-37,150,2:05:01,48.29%
197,Erin Wiltshire,"Redlands, CA",516,2:04:54,9:32,F 25-29/11,F-28,47,2:05:14,52.72%
198,Carmen Wisdom,"Redlands, CA",613,2:05:00,9:33,F 45-49/5,F-45,48,2:06:11,57.67%
199,Brian Tully,"Calimesa, CA",478,2:05:21,9:34,M 40-44/18,M-42,151,2:06:25,50.01%
200,Margherita Cole,"Redlands, CA",115,2:05:28,9:35,F 07-15/1,F-15,49,2:05:53,56.05%
201,Terry Eckenwiler,"Beaumont, CA",150,2:05:35,9:35,M 50-54/25,M-50,152,2:05:44,53.32%
202,Kris Goodfellow,"Redlands, CA",715,2:06:03,9:37,F 35-39/14,F-39,50,2:07:05,54.07%
203,Michael Pang,"Northridge, CA",360,2:06:07,9:38,M 70-74/2,M-74,153,2:06:09,67.38%
204,Scott Howell,"Murrieta, CA",232,2:06:14,9:38,M 45-49/18,M-48,154,2:06:51,52.16%
205,Ruben Newell,"Moreno Valley, CA",633,2:06:35,9:40,M 25-29/13,M-28,155,2:06:49,46.79%
206,Patrick Hicks,"Henderson, NV",211,2:07:07,9:42,M 45-49/19,M-47,156,2:07:48,51.36%
207,Jamison Turnbull,"Rancho Cucamonga, CA",619,2:07:10,9:42,M 25-29/14,M-26,157,2:07:59,46.57%
208,Jason Sacdalan,"Riverside, CA",413,2:07:30,9:44,M 30-34/23,M-34,158,2:08:08,46.63%
209,Mark Ornstein,"Las Vegas, NV",354,2:07:40,9:45,M 50-54/26,M-50,159,2:08:55,52.45%
210,Beth Stewart,"Yucaipa, CA",445,2:07:41,9:45,F 40-44/7,F-41,51,2:08:02,54.20%
211,Melody Townsend,"Redlands, CA",471,2:07:42,9:45,F 25-29/12,F-25,52,2:07:56,51.56%
212,Phillip Munoz Sr,"Corona, CA",331,2:07:46,9:45,M 40-44/19,M-44,160,2:08:14,49.86%
213,Kim W Palmer,"Redlands, CA",359,2:07:48,9:45,M 50-54/27,M-52,161,2:08:16,53.31%
214,Kevin Bowls,"Temecula, CA",74,2:07:48,9:45,M 50-54/28,M-51,162,2:08:16,52.85%
215,Rakesh Nowrangi,"Redlands, CA",350,2:07:53,9:46,M 25-29/15,M-29,163,2:08:14,46.31%
216,Lynda Kane,"Riverside, CA",257,2:07:53,9:46,F 55-59/1,F-57,53,2:08:19,65.80%
217,Misty Maurin,"Moreno Valley, CA",307,2:08:11,9:47,F 30-34/6,F-30,54,2:09:05,51.38%
218,Vi Nguyen,"Tustin, CA",347,2:08:11,9:47,F 40-44/8,F-40,55,2:08:22,53.56%
219,Wendy Melleby,"Rancho Cucamonga, CA",315,2:08:46,9:50,F 30-34/7,F-32,56,2:09:05,51.29%
220,Gary Regalado,"Costa Mesa, CA",396,2:08:56,9:51,M 45-49/20,M-45,164,2:09:58,49.81%
221,Carrie Davais,"Redlands, CA",131,2:08:58,9:51,F 30-34/8,F-32,57,2:09:21,51.21%
222,Keith Hong,"Colton, CA",678,2:09:20,9:52,M 50-54/29,M-54,165,2:10:22,53.60%
223,Bobby Jardine,"Boise, ID",647,2:09:29,9:53,M 30-34/24,M-34,166,2:10:22,45.92%
224,Sal Soto,"Corona, CA",440,2:09:30,9:53,M 35-39/24,M-38,167,2:09:57,46.90%
225,Christopher Casner,"Adelanto, CA",96,2:09:47,9:54,M 30-34/25,M-32,168,2:09:56,45.65%
226,Mary Mercado,"Fort Collins, CO",547,2:09:53,9:55,F 50-54/4,F-53,58,2:10:02,61.37%
227,Jose Kadry,"Redlands, CA",253,2:09:56,9:55,M 25-29/16,M-29,169,2:10:17,45.58%
228,Joann Low,"Moreno Valley, CA",289,2:10:12,9:56,F 40-44/9,F-44,59,2:10:35,54.74%
229,Thomas Breed,"Beaumont, CA",78,2:10:31,9:58,M 35-39/25,M-35,170,2:11:04,45.72%
230,Bruce Field,"Lake Arrowhead, CA",165,2:10:32,9:58,M 50-54/30,M-50,171,2:10:44,51.30%
231,Ruben Plascencia,"Colton, CA",378,2:10:48,9:59,M 45-49/21,M-46,172,2:11:02,49.51%
232,Lester Banh,"Redlands, CA",41,2:11:02,10:00,M 25-29/17,M-29,173,2:11:16,45.20%
233,Raul Guerrero,"Rancho Cucamonga, CA",196,2:11:13,10:01,M 45-49/22,M-46,174,2:12:40,49.35%
234,Jim Bott,"Yucaipa, CA",73,2:11:30,10:02,M 35-39/26,M-37,175,2:11:39,45.86%
235,Jennifer Casner,"Adelanto, CA",97,2:11:35,10:03,F 30-34/9,F-32,60,2:11:44,50.19%
236,Phill Courtney,"Redlands, CA",719,2:11:37,10:03,M 55-59/10,M-55,176,2:11:37,53.13%
237,Larry Boyer,"Riverside, CA",726,2:11:38,10:03,M 50-54/31,M-50,177,2:12:03,50.87%
238,Jeff Blake,"Lake Arrowhead, CA",65,2:11:39,10:03,M 45-49/23,M-49,178,2:11:51,50.43%
239,Christopher Hallsted,"Santa Ana, CA",203,2:11:55,10:04,M 35-39/27,M-36,179,2:12:19,45.45%
240,Rick Jones,"Yucaipa, CA",248,2:11:57,10:04,M 50-54/32,M-53,180,2:12:09,52.08%
241,Carolyn Edwards,"San Bernardino, CA",151,2:11:59,10:05,F 35-39/15,F-37,61,2:13:37,51.00%
242,Ryan Pennock,"Rancho Cucamonga, CA",367,2:12:19,10:06,M 35-39/28,M-36,181,2:13:04,45.31%
243,Mike Debeneder,"Highland, CA",137,2:12:20,10:06,M 45-49/24,M-48,182,2:12:33,49.75%
244,Isha Wallace,"Colton, CA",492,2:12:22,10:06,F 25-29/13,F-28,62,2:12:50,49.74%
245,Angelina Landeros,"Redlands, CA",269,2:12:41,10:08,F 25-29/14,F-25,63,2:12:59,49.62%
246,Robert Wolfer,"Moreno Valley, CA",526,2:12:41,10:08,M 40-44/20,M-40,183,2:13:41,46.49%
247,Jeffrey Parke,"Redlands, CA",361,2:12:42,10:08,M 50-54/33,M-51,184,2:13:32,50.90%
248,Kathleen Mendoza,"Pasadena, CA",316,2:12:43,10:08,F 50-54/5,F-51,64,2:13:14,58.52%
249,Kristina Holt,"Highland, CA",222,2:12:44,10:08,F 30-34/10,F-31,65,2:13:00,49.68%
250,Natasha Hill,"Fontana, CA",212,2:12:45,10:08,F 30-34/11,F-31,66,2:13:01,49.67%
251,Juli Almanza,"Riverside, CA",16,2:12:45,10:08,F 35-39/16,F-36,67,2:12:52,50.44%
252,Eriq Pimentel,"Walnut, CA",377,2:12:58,10:09,M 25-29/18,M-26,185,2:13:45,44.54%
253,Julie Printz,"Riverside, CA",384,2:13:02,10:09,F 35-39/17,F-37,68,2:14:04,50.60%
254,Donna Espinoza,"Redlands, CA",635,2:13:05,10:10,F 35-39/18,F-39,69,2:13:44,51.21%
255,Terry Office,"Redlands, CA",351,2:13:15,10:10,M 40-44/21,M-40,186,2:14:25,46.30%
256,Marisa Weaver,"Redlands, CA",498,2:13:23,10:11,F 20-24/3,F-20,70,2:13:34,49.39%
257,Cindy Romeo,"Yucaipa, CA",408,2:13:25,10:11,F 45-49/6,F-49,71,2:13:29,56.75%
258,Susan Stiles,"Redlands, CA",446,2:13:33,10:12,F 50-54/6,F-51,72,2:14:03,58.15%
259,John Imbriani,"Redlands, CA",551,2:14:01,10:14,M 35-39/29,M-38,187,2:14:19,45.32%
260,Kirsten Paul,"Yucaipa, CA",364,2:14:11,10:15,F 40-44/10,F-40,73,2:14:23,51.17%
261,Jeff Harder,"Redlands, CA",204,2:14:13,10:15,M 35-39/30,M-39,188,2:14:59,45.60%
262,Mitch Stark,"Redlands, CA",442,2:14:15,10:15,M 45-49/25,M-49,189,2:14:30,49.45%
263,Rita Nardella,"Anaheim, CA",337,2:14:22,10:15,F 50-54/7,F-53,74,2:14:56,59.32%
264,James Anholm,"Redlands, CA",23,2:14:31,10:16,M 55-59/11,M-57,190,2:15:27,52.94%
265,Luis Bueno,"Riverside, CA",86,2:14:50,10:18,M 30-34/26,M-33,191,2:15:18,44.00%
266,Marvin Scoggin,"San Bernardino, CA",424,2:14:57,10:18,M 55-59/12,M-55,192,2:15:14,51.83%
267,Mustafa Abdalla,"Redlands, CA",11,2:15:04,10:19,M 50-54/34,M-50,193,2:15:24,49.57%
268,Alex Hite,"Redlands, CA",213,2:15:08,10:19,M 16-19/7,M-19,194,2:16:00,44.85%
269,Jackie Poehlman,"Laguna Niguel, CA",380,2:15:09,10:19,F 45-49/7,F-46,75,2:16:01,53.98%
270,Debra Mason,"Yucaipa, CA",305,2:15:17,10:20,F 40-44/11,F-41,76,2:16:20,51.16%
271,Peter Toller,"Hesperia, CA",470,2:15:22,10:20,M 45-49/26,M-47,195,2:16:50,48.23%
272,Francisco Tellez,"Corona, CA",459,2:15:36,10:21,M 30-34/27,M-32,196,2:16:23,43.69%
273,George Hardeman,"Forest Falls, CA",634,2:15:44,10:22,M 20-24/14,M-22,197,2:15:56,43.66%
274,Terry Bellanca,"Rancho Cucamonga, CA",52,2:15:53,10:22,M 50-54/35,M-54,198,2:16:01,51.02%
275,Pa Der Vang,"Redlands, CA",485,2:15:55,10:23,F 30-34/12,F-33,77,2:16:16,48.70%
276,Michael Stiegler,"San Bernardino, CA",632,2:16:05,10:23,M 25-29/19,M-25,199,2:16:53,43.52%
277,Neil Madden,"Victorville, CA",296,2:16:07,10:23,M 45-49/27,M-47,200,2:16:49,47.97%
278,Paul Halliday,"Riverside, CA",656,2:16:16,10:24,M 40-44/22,M-43,201,2:16:29,46.37%
279,Edgar Perez,"Beaumont, CA",369,2:16:17,10:24,M 30-34/28,M-34,202,2:16:36,43.63%
280,Anthony Perry,"Moreno Valley, CA",705,2:16:19,10:24,M 25-29/20,M-26,203,2:16:41,43.45%
281,Jody Neermann,"Moreno Valley, CA",339,2:16:19,10:24,F 40-44/12,F-44,78,2:16:54,52.29%
282,Rita Pasiciel-Chalmers,"Hemet, CA",362,2:16:25,10:25,F 55-59/2,F-55,79,2:18:17,60.01%
283,Efrem Gonzales,"Mira Loma, CA",187,2:16:37,10:26,M 35-39/31,M-37,204,2:17:05,44.14%
284,Hector Chavez,"Fontana, CA",105,2:16:40,10:26,M 40-44/23,M-44,205,2:16:54,46.62%
285,Alphos Toyotome,"Riverside, CA",472,2:16:49,10:27,M 50-54/36,M-53,206,2:18:00,50.23%
286,Olivia Guerrero,"Riverside, CA",195,2:17:06,10:28,F 45-49/8,F-45,80,2:17:33,52.58%
287,Melanie Weis,"Loma Linda, CA",504,2:17:18,10:29,F 25-29/15,F-26,81,2:18:48,47.95%
288,Dan Lim,"Loma Linda, CA",279,2:17:25,10:29,M 50-54/37,M-53,207,2:17:32,50.01%
289,Corea Choi,"Anaheim, CA",108,2:17:27,10:30,M 45-49/28,M-45,208,2:18:06,46.73%
290,Aldo Ramirez,"Highland, CA",388,2:17:33,10:30,M 30-34/29,M-30,209,2:18:27,43.06%
291,Daniel Bryan,"Riverside, CA",725,2:17:37,10:30,M 40-44/24,M-44,210,2:18:14,46.29%
292,Jennifer Lackey,"Redlands, CA",267,2:17:53,10:32,F 25-29/16,F-27,82,2:18:23,47.75%
293,John Floccari,"Redlands, CA",169,2:17:54,10:32,M 20-24/15,M-24,211,2:18:20,42.95%
294,Justin Hale,"Hesperia, CA",202,2:18:00,10:32,M 07-15/3,M-15,212,2:18:10,46.60%
295,Jamie Quaid,"Riverside, CA",385,2:18:00,10:32,F 40-44/13,F-43,83,2:18:18,51.09%
296,Kelli Tyson Stockton,"Riverside, CA",482,2:18:01,10:32,F 45-49/9,F-48,84,2:18:18,54.18%
297,Karen Toyotome,"Riverside, CA",473,2:18:07,10:33,F 50-54/8,F-54,85,2:19:20,58.47%
298,Amy Ratzel,"Highland, CA",392,2:18:14,10:33,F 35-39/19,F-36,86,2:18:56,48.44%
299,J Trinidad Lima,"Long Beach, CA",280,2:18:18,10:33,M 40-44/25,M-42,213,2:18:54,45.33%
300,Maria Antonette,"Redlands, CA",26,2:18:20,10:34,F 25-29/17,F-29,87,2:19:22,47.60%
301,Marc Ketchem,"Los Angeles, CA",260,2:18:21,10:34,M 35-39/32,M-35,214,2:19:53,43.13%
302,Lora Roman,"Redlands, CA",407,2:18:23,10:34,F 30-34/13,F-33,88,2:18:31,47.83%
303,Laura Boroughf,"Upland, CA",72,2:18:23,10:34,F 25-29/18,F-28,89,2:18:34,47.58%
304,Perry Wiseman,"Highland, CA",520,2:18:33,10:35,M 30-34/30,M-31,215,2:19:27,42.75%
305,Steffen Schneider,"Las Vegas, NV",423,2:18:35,10:35,M 50-54/38,M-52,216,2:18:38,49.16%
306,Angie Guillian,"Running Springs, CA",599,2:18:39,10:35,F 35-39/20,F-35,90,2:19:11,48.08%
307,Thor Ramsey,"Redlands, CA",391,2:18:46,10:36,M 45-49/29,M-48,217,2:18:54,47.45%
308,Amity Fogle,"Yucaipa, CA",170,2:18:48,10:36,F 25-29/19,F-28,91,2:19:51,47.44%
309,Wendy Betancourt,"Redlands, CA",59,2:18:54,10:36,F 35-39/21,F-36,92,2:19:56,48.21%
310,Monireh Moghadam,"Riverside, CA",323,2:18:56,10:36,F 35-39/22,F-37,93,2:19:19,48.45%
311,Emanuel Jacobson,"Redlands, CA",240,2:19:11,10:37,M 30-34/31,M-30,218,2:19:39,42.55%
312,Jill Green,"Redlands, CA",191,2:19:12,10:38,F 35-39/23,F-39,94,2:20:14,48.96%
313,David Reid,"Crestline, CA",648,2:19:24,10:38,M 60-64/4,M-61,219,2:20:39,53.01%
314,Sally Martin,"Big Bear Lake, CA",302,2:19:30,10:39,F 45-49/10,F-49,95,2:20:00,54.27%
315,Britni Gleason,"Loma Linda, CA",683,2:19:43,10:40,F 20-24/4,F-22,96,2:20:02,47.12%
316,Arturo Lopez,"Highland, CA",287,2:19:45,10:40,M 55-59/13,M-58,220,2:20:02,51.42%
317,Pamela Brandenberger,"Redlands, CA",76,2:19:51,10:41,F 60-64/2,F-64,97,2:20:01,66.66%
318,Russell Perry,"San Bernardino, CA",372,2:20:08,10:42,M 35-39/33,M-35,221,2:20:20,42.58%
319,Stacy Perry,"San Bernardino, CA",373,2:20:09,10:42,F 30-34/14,F-34,98,2:20:20,47.38%
320,Darrell Rosenbrock,"San Bernardino, CA",606,2:20:24,10:43,M 50-54/39,M-51,222,2:21:35,48.11%
321,Crystal Christenbery,"Murrieta, CA",109,2:20:54,10:45,F 20-24/5,F-24,99,2:21:12,46.73%
322,Jerry Doll,"Sequim, WA",639,2:20:56,10:45,M 60-64/5,M-62,223,2:21:04,52.93%
323,Jill Bricker,"Redlands, CA",638,2:20:56,10:46,F 30-34/15,F-33,100,2:21:04,46.97%
324,Jean Paul Ravoninarivo,"Loma Linda, CA",393,2:21:00,10:46,M 40-44/26,M-41,224,2:21:36,44.11%
325,Dan Aviles,"Ontario, CA",36,2:21:07,10:46,M 40-44/27,M-44,225,2:22:30,45.15%
326,Ron Richards,"Highland, CA",402,2:21:08,10:46,M 40-44/28,M-40,226,2:21:21,43.71%
327,Michael Kamio,"Moreno Valley, CA",256,2:21:08,10:46,M 25-29/21,M-27,227,2:22:18,41.96%
328,Marcus Aplin,"Moreno Valley, CA",27,2:21:11,10:47,M 30-34/32,M-30,228,2:22:21,41.95%
329,Dacia Moore,"Redlands, CA",328,2:21:12,10:47,F 25-29/20,F-29,101,2:21:42,46.63%
330,Maria Oropeza,"San Bernardino, CA",355,2:21:21,10:47,F 25-29/21,F-25,102,2:22:34,46.58%
331,Louise Camou,"Riverside, CA",91,2:21:27,10:48,F 25-29/22,F-28,103,2:21:51,46.55%
332,Rajan Christian,"Mira Loma, CA",110,2:21:30,10:48,M 35-39/34,M-39,229,2:22:37,43.26%
333,Kathy Young-Orwig,"Riverside, CA",533,2:21:37,10:49,F 50-54/9,F-53,104,2:22:27,56.29%
334,Dale Winterton,"Riverside, CA",518,2:22:05,10:51,M 50-54/40,M-52,230,2:22:56,47.95%
335,Alyssa Cavanaugh,"Yucaipa, CA",98,2:22:08,10:51,F 30-34/16,F-30,105,2:22:56,46.34%
336,Megan Siana,"Rancho Cucamonga, CA",433,2:22:09,10:51,F 30-34/17,F-30,106,2:22:56,46.33%
337,Robert Braun,"Phoenix, AZ",77,2:22:15,10:52,M 35-39/35,M-39,231,2:22:48,43.03%
338,Alvaro Alvarez,"Rialto, CA",17,2:22:18,10:52,M 25-29/22,M-26,232,2:23:34,41.62%
339,Son Nguyen,"Tustin, CA",345,2:22:21,10:52,M 50-54/41,M-50,233,2:22:32,47.04%
340,Daniel Lara,"Rancho Cucamonga, CA",272,2:22:25,10:52,M 35-39/36,M-38,234,2:22:51,42.65%
341,Salvador Alfaro,"Chino, CA",15,2:22:26,10:52,M 55-59/14,M-57,235,2:22:51,49.99%
342,Christine Hughes,"Apple Valley, CA",234,2:22:32,10:53,F 40-44/14,F-41,107,2:23:23,48.56%
343,Jonathan Chin,"Loma Linda, CA",106,2:22:36,10:53,M 55-59/15,M-57,236,2:22:42,49.94%
344,Michael Lindeman,"Beaumont, CA",282,2:22:43,10:54,M 25-29/23,M-26,237,2:23:18,41.50%
345,Jessica Flattery - Gallacher,"Colton, CA",168,2:22:51,10:54,F 25-29/23,F-29,108,2:23:53,46.09%
346,Robert Jardine,"Yucaipa, CA",241,2:22:52,10:54,M 60-64/6,M-62,238,2:23:43,52.21%
347,Marie Bunke,"Redlands, CA",541,2:23:07,10:56,F 45-49/11,F-48,109,2:24:13,52.25%
348,Andrew Zick,"Ontario, CA",537,2:23:12,10:56,M 20-24/16,M-24,239,2:23:31,41.36%
349,Al Cazas,"Loma Linda, CA",99,2:23:19,10:56,M 50-54/42,M-51,240,2:24:39,47.13%
350,Lindsey Cline,"Riverside, CA",114,2:23:29,10:57,F 20-24/6,F-23,110,2:23:51,45.89%
351,Caroline Raiwaud,"Claremont, CA",387,2:23:35,10:58,F 45-49/12,F-47,111,2:23:43,51.44%
352,Michael Fiedler,"Moreno Valley, CA",164,2:23:47,10:59,M 25-29/24,M-29,241,2:24:00,41.19%
353,Bryan Farr,"Yucaipa, CA",640,2:24:00,11:00,M 35-39/37,M-36,242,2:24:48,41.64%
354,Scott Haines,"San Bernardino, CA",201,2:24:30,11:02,M 45-49/30,M-46,243,2:24:33,44.81%
355,Janet Willard,"Riverside, CA",511,2:24:31,11:02,F 50-54/10,F-53,112,2:24:54,55.16%
356,Rolando Gutierrez,"Rancho Cucamonga, CA",199,2:24:38,11:02,M 35-39/38,M-36,244,2:25:26,41.45%
357,Joseph Ubina,"Victorville, CA",483,2:24:40,11:03,M 30-34/33,M-33,245,2:25:27,41.01%
358,Misty Griffin,"Perris, CA",192,2:25:00,11:04,F 45-49/13,F-45,113,2:25:51,49.72%
359,Dan Arnold,"Redlands, CA",636,2:25:09,11:05,M 45-49/31,M-47,246,2:25:53,44.98%
360,Eric Land,"Victorville, CA",268,2:25:10,11:05,M 30-34/34,M-33,247,2:26:39,40.87%
361,Tim McHargue,"Yucaipa, CA",603,2:25:14,11:05,M 35-39/39,M-39,248,2:26:29,42.14%
362,Ernest Hyde,"Redlands, CA",236,2:25:22,11:06,M 25-29/25,M-28,249,2:26:29,40.74%
363,Todd Bates,"Redlands, CA",48,2:25:24,11:06,M 40-44/29,M-41,250,2:26:13,42.77%
364,Brett Mollers,"Helendale, CA",324,2:25:49,11:08,M 35-39/40,M-37,251,2:26:05,41.36%
365,Kristina Tetting,"Beaumont, CA",462,2:25:51,11:08,F 30-34/18,F-34,114,2:26:12,45.53%
366,Salvador Jimenez-Murguia,"Crestline, CA",243,2:26:22,11:10,M 30-34/35,M-31,252,2:27:43,40.46%
367,Oludare Odumosu,"Loma Linda, CA",617,2:26:39,11:12,M 20-24/17,M-24,253,2:28:24,40.38%
368,Jhoseph Gim,"Colton, CA",184,2:26:55,11:13,M 50-54/43,M-50,254,2:27:52,45.58%
369,Lauren Sheram,"Redlands, CA",429,2:27:03,11:13,F 20-24/7,F-20,115,2:27:54,44.80%
370,Debbie Eshelman,"Highland, CA",157,2:27:27,11:15,F 25-29/24,F-28,116,2:28:06,44.65%
371,Eva Tibbo,"Ontario, CA",467,2:27:45,11:17,F 35-39/24,F-35,117,2:28:46,45.12%
372,Rose Cooke,"Upland, CA",122,2:27:49,11:17,F 50-54/11,F-52,118,2:28:16,53.21%
373,April Stear,"Cardiff By The Sea, CA",443,2:28:10,11:19,F 25-29/25,F-28,119,2:28:39,44.44%
374,Sheri Shubin,"Corona, CA",651,2:28:18,11:19,F 40-44/15,F-44,120,2:29:20,48.06%
375,Andrew Cho,"Colton, CA",107,2:28:25,11:20,M 65-69/2,M-66,255,2:29:22,52.25%
376,Sally Timms,"Redlands, CA",468,2:28:32,11:20,F 50-54/12,F-51,121,2:29:42,52.28%
377,Hayley Scheidemantle,"Rancho Cucamonga, CA",422,2:28:50,11:22,F 07-15/2,F-15,122,2:29:07,47.25%
378,Cindy Scheidemantle,"Rancho Cucamonga, CA",421,2:29:03,11:23,F 40-44/16,F-43,123,2:29:20,47.30%
379,Peter Wheeler,"Yucaipa, CA",506,2:29:03,11:23,M 30-34/36,M-30,256,2:29:30,39.73%
380,Carly Wheeler,"Yucaipa, CA",505,2:29:03,11:23,F 25-29/26,F-29,124,2:29:30,44.17%
381,David Diver,"Redlands, CA",144,2:29:05,11:23,M 55-59/16,M-57,257,2:29:33,47.76%
382,Taylor Keen,"Riverside, CA",259,2:29:09,11:23,F 25-29/27,F-25,125,2:29:16,44.14%
383,Dustin Keen,"Riverside, CA",258,2:29:10,11:23,M 25-29/26,M-28,258,2:29:16,39.70%
384,Antonio Mercado,"Riverside, CA",317,2:29:24,11:24,M 35-39/41,M-38,259,2:30:33,40.66%
385,Mark Barboza,"Loma Linda, CA",43,2:29:35,11:25,M 25-29/27,M-29,260,2:30:10,39.59%
386,Helen Shearer,"Yucaipa, CA",428,2:29:48,11:26,F 35-39/25,F-35,126,2:30:30,44.50%
387,Susan Lin,"Whittier, CA",727,2:29:58,11:27,F 30-34/19,F-31,127,2:30:24,43.97%
388,Troy De Ville,"Victorville, CA",135,2:30:03,11:27,M 20-24/18,M-24,261,2:31:20,39.47%
389,Kelly Jackson,"Redlands, CA",238,2:30:10,11:28,F 30-34/20,F-31,128,2:30:53,43.91%
390,Lisa Debeneder,"Highland, CA",136,2:30:20,11:29,F 45-49/14,F-48,129,2:31:16,49.74%
391,Laurie Hoffee,"Yucaipa, CA",216,2:30:42,11:30,F 25-29/28,F-25,130,2:31:07,43.69%
392,Todd Wesslen,"Redlands, CA",706,2:31:01,11:32,M 30-34/37,M-32,262,2:31:41,39.23%
393,John Joranba,", CA",672,2:31:01,11:32,M NoAge/0,M-0,263,2:31:41, 0.00%
394,Michelle Virgilio,"Big Bear City, CA",490,2:31:10,11:32,F 30-34/21,F-33,131,2:32:30,43.79%
395,John Egan,"Redlands, CA",152,2:31:28,11:34,M 70-74/3,M-72,264,2:32:07,54.56%
396,Gary Macdougall,"Redlands, CA",292,2:31:29,11:34,M 35-39/42,M-37,265,2:32:23,39.81%
397,Mike Vonzabern,"Yorba Linda, CA",721,2:32:15,11:37,M 20-24/19,M-20,266,2:32:28,39.36%
398,Marta Lozada,"Redlands, CA",623,2:32:20,11:38,F 35-39/26,F-37,132,2:32:41,44.18%
399,Milo Aviles,"Huntington Beach, CA",37,2:32:25,11:38,M 07-15/4,M-14,267,2:32:58,43.06%
400,Bernard De La Cruz,"Redlands, CA",134,2:32:43,11:39,M 35-39/43,M-37,268,2:33:19,39.49%
401,Gedeon Pagarigan,"Redlands, CA",357,2:32:46,11:40,M 35-39/44,M-38,269,2:33:20,39.76%
402,Sinclair Langlands,"Wildomar, CA",271,2:32:54,11:40,M 35-39/45,M-38,270,2:33:43,39.73%
403,Anna Langlands,"Wildomar, CA",270,2:32:54,11:40,F 35-39/27,F-38,133,2:33:43,44.27%
404,Jack Moore,"Big Bear City, CA",329,2:33:10,11:41,M 75-99/1,M-77,271,2:33:53,58.39%
405,Mandy Mitchell,"Riverside, CA",322,2:33:11,11:42,F 30-34/22,F-32,134,2:34:10,43.11%
406,Robert Klein,"Redlands, CA",615,2:33:12,11:42,M 60-64/7,M-62,272,2:33:42,48.69%
407,Sharon Lavalley,"Riverside, CA",601,2:33:13,11:42,F 50-54/13,F-54,135,2:33:32,52.71%
408,David Bland,"Redlands, CA",66,2:33:24,11:43,M 55-59/17,M-58,273,2:34:02,46.84%
409,Kevin Decker,"Rancho Cucamonga, CA",138,2:33:33,11:43,M 50-54/44,M-52,274,2:34:52,44.37%
410,Niah Coleman,"Long Beach, CA",600,2:33:37,11:44,F 20-24/8,F-20,136,2:34:07,42.88%
411,Randy Kam,"Tehachapi, CA",254,2:33:38,11:44,M 50-54/45,M-51,275,2:34:08,43.96%
412,Robin Gossage,"Rancho Cucamonga, CA",189,2:33:50,11:45,F 45-49/15,F-48,137,2:34:46,48.61%
413,Binjal Patel,"Riverside, CA",363,2:33:51,11:45,F 20-24/9,F-21,138,2:34:47,42.80%
414,Corey Franks,"Riverside, CA",173,2:33:52,11:45,F 25-29/29,F-29,139,2:34:47,42.79%
415,Jesse Guadiz,"Redlands, CA",193,2:33:53,11:45,M 50-54/46,M-53,276,2:35:06,44.66%
416,Jyuk Kwon,"Loma Linda, CA",265,2:33:55,11:45,M 55-59/18,M-58,277,2:35:13,46.69%
417,Kenneth Kamemoto,"San Pedro, CA",255,2:33:59,11:45,M 40-44/30,M-44,278,2:34:47,41.37%
418,Denise Petersen,"Redlands, CA",374,2:34:00,11:45,F 35-39/28,F-35,140,2:34:34,43.28%
419,Don Sumstine,"Redlands, CA",454,2:34:11,11:46,M 45-49/32,M-47,279,2:34:41,42.35%
420,Jennifer Jackson,"Riverside, CA",237,2:34:42,11:49,F 30-34/23,F-34,141,2:35:31,42.93%
421,Sandy Askew,"Redlands, CA",34,2:34:44,11:49,F 60-64/3,F-61,142,2:35:10,57.59%
422,Sonia Sohaili,"Santa Monica, CA",438,2:35:06,11:50,F 20-24/10,F-21,143,2:37:29,42.45%
423,Diane Parraz,"Nuevo, CA",609,2:35:10,11:51,F 40-44/17,F-44,144,2:35:37,45.93%
424,Ron Mataya,"Loma Linda, CA",306,2:35:20,11:51,M 55-59/19,M-57,280,2:35:27,45.84%
425,Mickey Ask,"Colton, CA",701,2:35:21,11:51,M 55-59/20,M-58,281,2:35:26,46.26%
426,Jeff Eusebio,"Chula Vista, CA",555,2:35:40,11:53,M 35-39/46,M-35,282,2:36:34,38.33%
427,Marco Tabaday,"Colton, CA",650,2:35:43,11:53,M 45-49/33,M-48,283,2:36:18,42.28%
428,Wendy Carney,"Highland, CA",95,2:36:28,11:57,F 35-39/29,F-35,145,2:37:47,42.60%
429,Jason Amaral,"Yucaipa, CA",18,2:36:40,11:58,M 25-29/28,M-26,284,2:38:03,37.80%
430,Jenni Phillips,"Rialto, CA",375,2:36:56,11:59,F 35-39/30,F-37,146,2:38:09,42.89%
431,Eric Carney,"Highland, CA",94,2:36:58,11:59,M 35-39/47,M-37,285,2:37:47,38.42%
432,Tanya Harris,"Corona, CA",206,2:37:06,12:00,F 40-44/18,F-40,147,2:37:10,43.70%
433,Jimmel Fabra,"Loma Linda, CA",673,2:37:37,12:02,M 35-39/48,M-36,286,2:38:13,38.04%
434,David Reuter,"Tustin, CA",717,2:38:22,12:05,M 45-49/34,M-46,287,2:39:36,40.89%
435,Mark Zamora,"Yucaipa, CA",534,2:38:29,12:06,M 35-39/49,M-39,288,2:39:53,38.62%
436,Carlos Arispe,"Highland, CA",710,2:38:30,12:06,M 50-54/47,M-51,289,2:39:02,42.61%
437,Theodis Ward,"Loma Linda, CA",495,2:39:10,12:09,M 55-59/21,M-56,290,2:39:18,44.34%
438,Lee Cooper,"Redlands, CA",123,2:39:12,12:09,M 65-69/3,M-65,291,2:39:24,48.24%
439,Jesenia Gutierrez,"Colton, CA",198,2:39:14,12:09,F 25-29/30,F-26,148,2:39:43,41.35%
440,Leo Ramirez,"Corona, CA",390,2:40:13,12:14,M 25-29/29,M-29,292,2:41:10,36.96%
441,Tanya Appleby,"Corona, CA",28,2:40:39,12:16,F 45-49/16,F-49,149,2:41:12,47.13%
442,Luis Ramirez,"Whittier, CA",687,2:40:49,12:16,M 30-34/38,M-33,293,2:41:14,36.89%
443,Grace Jimenez,"Moreno Valley, CA",242,2:41:23,12:19,F 55-59/3,F-57,150,2:41:41,52.14%
444,Anita Barrett,"Redlands, CA",44,2:41:26,12:19,F 50-54/14,F-53,151,2:41:36,49.38%
445,Marc Houston,"Upland, CA",229,2:42:03,12:22,M 55-59/22,M-55,294,2:42:26,43.16%
446,Jennifer Quintana,"Corona, CA",386,2:42:14,12:23,F 35-39/31,F-35,152,2:42:28,41.09%
447,James Galyen,"Redlands, CA",178,2:42:31,12:24,M 65-69/4,M-68,295,2:43:35,48.68%
448,Mary Guillinta,"Hawthorne, CA",197,2:42:36,12:25,F 35-39/32,F-37,153,2:43:52,41.39%
449,David Chai,"Loma Linda, CA",100,2:42:49,12:26,M 55-59/23,M-59,296,2:42:55,44.55%
450,Yvonne Negrete,"Oxnard, CA",340,2:42:56,12:26,F 25-29/31,F-27,154,2:43:26,40.41%
451,Debra Myers,"Yucaipa, CA",334,2:42:58,12:26,F 40-44/19,F-44,155,2:43:18,43.74%
452,Lorrie Hoel,"Chino, CA",215,2:43:19,12:28,F 45-49/17,F-46,156,2:44:33,44.67%
453,Karen Blaisvonzabern,"Canyon Lake, CA",64,2:43:21,12:28,F 45-49/18,F-47,157,2:43:35,45.21%
454,Jeremy Horton,"Highland, CA",223,2:43:40,12:30,M 07-15/5,M-15,297,2:44:59,39.29%
455,Jeri Brushwiller,"Upland, CA",84,2:43:50,12:30,F 35-39/33,F-36,158,2:44:47,40.87%
456,Angela Thomas,"Mentone, CA",465,2:43:59,12:31,F 35-39/34,F-37,159,2:44:07,41.04%
457,Amber McGregor,"Rancho Cucamonga, CA",310,2:44:15,12:32,F 20-24/11,F-21,160,2:45:12,40.09%
458,Valerie Burton,"Riverside, CA",652,2:44:26,12:33,F 55-59/4,F-57,161,2:45:04,51.17%
459,Tieu Nguyen,"Redlands, CA",346,2:44:50,12:35,F 30-34/24,F-32,162,2:46:00,40.06%
460,Wagih Mikhail,"Loma Linda, CA",320,2:45:11,12:37,M 50-54/48,M-52,298,2:45:31,41.24%
461,Will Macias,"Riverside, CA",294,2:45:12,12:37,M 25-29/30,M-26,299,2:45:33,35.85%
462,Jill Harris,"Yucaipa, CA",205,2:45:29,12:38,F 40-44/20,F-43,163,2:46:51,42.61%
463,Catherine Magana,"San Bernardino, CA",299,2:45:44,12:39,F 55-59/5,F-57,164,2:46:50,50.77%
464,Christina Sumerford,"Riverside, CA",453,2:45:48,12:39,F 40-44/21,F-42,165,2:46:38,42.12%
465,Mac Macfarlane,"Fontana, CA",293,2:47:45,12:48,M 65-69/5,M-66,300,2:48:19,46.22%
466,Pete Antoine,"Beaumont, CA",24,2:47:51,12:49,M 60-64/8,M-64,301,2:48:02,45.30%
467,Betsy Hubbs,"Yucaipa, CA",233,2:48:15,12:51,F 25-29/32,F-29,166,2:48:52,39.13%
468,Kayla Kaiser,"Riverside, CA",712,2:48:30,12:52,F 25-29/33,F-28,167,2:49:45,39.07%
469,Doris Kore,"Loma Linda, CA",543,2:48:35,12:52,F 45-49/19,F-48,168,2:48:53,44.35%
470,Kerri Horton,"Highland, CA",224,2:49:12,12:55,F 35-39/35,F-38,169,2:50:30,40.01%
471,Donald Easter,"San Juan Capistrano, CA",149,2:49:13,12:55,M 55-59/24,M-57,302,2:50:26,42.08%
472,Christa Dierksen,"Yucca Valley, CA",141,2:49:20,12:55,F 55-59/6,F-56,170,2:49:36,49.01%
473,Luz Garcia-Pennock,"Rancho Cucamonga, CA",799,2:49:33,12:56,F 35-39/36,F-36,171,2:50:18,39.49%
474,David Wayne Peake,"Redlands, CA",365,2:49:43,12:57,M 50-54/49,M-50,303,2:50:21,39.45%
475,Lisa Villalpando,"Redlands, CA",488,2:49:44,12:57,F 45-49/20,F-49,172,2:50:23,44.60%
476,Erin Pagel,"Redlands, CA",677,2:50:08,12:59,F 35-39/37,F-39,173,2:51:37,40.06%
477,Ken Mudge,"Redlands, CA",330,2:50:20,13:00,M 75-99/2,M-75,304,2:50:52,50.68%
478,Susumu Toguchi,"Grand Terrace, CA",469,2:50:28,13:01,M 55-59/25,M-58,305,2:50:34,42.15%
479,Annmarie Smith,"Redlands, CA",436,2:50:39,13:01,F 40-44/22,F-43,174,2:51:51,41.32%
480,Rusti Bignami,"Rialto, CA",62,2:50:43,13:02,F 25-29/34,F-28,175,2:51:57,38.57%
481,Francis Kim,"La Mirada, CA",261,2:51:07,13:04,M 40-44/31,M-43,306,2:52:17,36.93%
482,Pamela Durazo,"Riverside, CA",148,2:51:17,13:04,F 40-44/23,F-41,176,2:52:06,40.40%
483,Theresa Pofahl,"Riverside, CA",381,2:51:24,13:05,F 40-44/24,F-44,177,2:52:07,41.58%
484,Matthew Hokenson,"Chino, CA",608,2:52:10,13:08,M 20-24/20,M-20,307,2:52:13,34.80%
485,Janet Hite,"Redlands, CA",214,2:52:28,13:10,F 45-49/21,F-48,178,2:53:21,43.36%
486,Eric Poehlman,"Laguna Niguel, CA",379,2:52:28,13:10,M 07-15/6,M-15,308,2:53:20,37.29%
487,Julie Thams,"Rancho Cucamonga, CA",463,2:52:40,13:11,F 50-54/15,F-51,179,2:53:19,44.98%
488,Laura Stokes,"San Dimas, CA",448,2:52:47,13:11,F 45-49/22,F-47,180,2:52:54,42.75%
489,Carrie Maruno,"Redlands, CA",304,2:53:06,13:13,F 30-34/25,F-31,181,2:53:59,38.09%
490,Christina Merz,"Highland, CA",318,2:53:31,13:15,F 20-24/12,F-23,182,2:54:37,37.94%
491,Phil Weiland,"Las Vegas, NV",503,2:54:11,13:18,M 70-74/4,M-74,309,2:55:29,48.78%
492,Melissa Blankenship,"Yucaipa, CA",67,2:54:28,13:19,F 30-34/26,F-30,183,2:54:54,37.75%
493,Andrea Ettinghausen,"Wildomar, CA",158,2:54:35,13:19,F 16-19/3,F-17,184,2:55:29,38.87%
494,Joi Richardson,"Redlands, CA",403,2:54:38,13:20,F 35-39/38,F-37,185,2:55:20,38.54%
495,Huy Le,"Redlands, CA",273,2:54:38,13:20,F 35-39/39,F-37,186,2:55:20,38.54%
496,Roseanne Gonzales,"Riverside, CA",611,2:54:47,13:20,F 40-44/25,F-40,187,2:55:34,39.28%
497,Leah Cornejo,"Yucaipa, CA",604,2:55:01,13:22,F 30-34/27,F-33,188,2:56:01,37.82%
498,John Phillips,"Rialto, CA",376,2:55:16,13:23,M 40-44/32,M-41,310,2:56:27,35.48%
499,Stephanie Eis,"Beaumont, CA",620,2:55:33,13:24,F 40-44/26,F-44,189,2:56:48,40.60%
500,Leandra McHargue,"Yucaipa, CA",311,2:55:38,13:24,F 35-39/40,F-38,190,2:56:53,38.54%
501,Angeles Vazquez,"Riverside, CA",661,2:55:51,13:25,F 50-54/16,F-51,191,2:56:33,44.16%
502,Lucia Guillen,"Riverside, CA",660,2:56:20,13:27,F 55-59/7,F-55,192,2:57:01,46.42%
503,Ilsia Reuter,"Tustin, CA",716,2:56:57,13:30,F 40-44/27,F-43,193,2:58:12,39.85%
504,Dharmaseeli Moses,"Colton, CA",544,2:57:17,13:32,F 55-59/8,F-57,194,2:57:35,47.46%
505,Jim Fitzpatrick,"Banning, CA",669,2:57:50,13:34,M 70-74/5,M-74,311,2:58:54,47.78%
506,Ron Whitehead,"Redlands, CA",507,2:58:00,13:35,M 65-69/6,M-65,312,2:58:55,43.14%
507,Kimberly Hokenson,"Chino, CA",219,2:59:11,13:41,F 25-29/35,F-25,195,2:59:14,36.74%
508,David Hawkey,"Arcadia, CA",207,2:59:17,13:41,M 20-24/21,M-23,313,3:00:08,33.03%
509,Scott Shier,"Yucaipa, CA",432,2:59:26,13:42,M 45-49/35,M-48,314,3:00:15,36.69%
510,Barbara Emmons,"Riverside, CA",154,2:59:34,13:42,F 55-59/9,F-55,196,3:00:19,45.59%
511,Shelley Mellentine,"Riverside, CA",679,2:59:36,13:42,F 40-44/28,F-43,197,3:00:17,39.26%
512,Candace Baldwin,"Riverside, CA",40,2:59:37,13:43,F 50-54/17,F-54,198,3:00:18,44.96%
513,David Brock,"Claremont, CA",666,2:59:46,13:43,M 50-54/50,M-54,315,3:00:44,38.56%
514,Martin Bol,"Loma Linda, CA",70,3:00:05,13:45,M 50-54/51,M-54,316,3:00:22,38.50%
515,Rebecca Hamm,"Claremont, CA",665,3:00:40,13:47,F 45-49/23,F-47,199,3:01:38,40.88%
516,Touras Shafai,"Riverside, CA",427,3:01:58,13:53,M 70-74/6,M-71,317,3:03:00,44.87%
517,Jessica Montoya,"Fontana, CA",326,3:02:01,13:54,F 30-34/28,F-31,200,3:02:32,36.23%
518,Kristine French,"San Bernardino, CA",175,3:02:20,13:55,F 30-34/29,F-30,201,3:03:44,36.12%
519,Rachelle Sullivan,"Alta Loma, CA",452,3:02:41,13:57,F 35-39/41,F-38,202,3:03:48,37.05%
520,Carrie Brutscher,"Upland, CA",85,3:02:43,13:57,F 50-54/18,F-50,203,3:03:50,41.95%
521,Sarah Wolfarth,"Redlands, CA",525,3:02:45,13:57,F 25-29/36,F-25,204,3:03:46,36.03%
522,Juliet Sorensen,"Redlands, CA",439,3:03:53,14:02,F 50-54/19,F-50,205,3:04:40,41.69%
523,Jeneen Bol,"Loma Linda, CA",69,3:04:06,14:03,F 50-54/20,F-51,206,3:04:23,42.18%
524,John Hokenson,"Chino, CA",218,3:04:08,14:03,M 55-59/26,M-56,318,3:04:10,38.33%
525,Cecilia Houston,"Upland, CA",228,3:05:23,14:09,F 35-39/42,F-37,207,3:05:43,36.31%
526,Robert Calderon,"Redlands, CA",88,3:05:32,14:10,M 50-54/52,M-51,319,3:06:44,36.40%
527,Sandi Ogendahl,"Ontario, CA",649,3:05:51,14:11,F 50-54/21,F-54,208,3:06:45,43.45%
528,Frank Tuttle,"Lake Arrowhead, CA",480,3:06:12,14:13,M 65-69/7,M-66,320,3:07:15,41.64%
529,Cameron Buckley,"Loma Linda, CA",629,3:06:55,14:16,M 16-19/8,M-19,321,3:06:59,32.42%
530,Trisha Aprecio,"Riverside, CA",29,3:06:55,14:16,F 20-24/13,F-20,209,3:06:59,35.24%
531,Albert Cammarata,"Hesperia, CA",90,3:07:06,14:17,M 45-49/36,M-47,322,3:07:56,34.90%
532,Jose Juarez,"Ontario, CA",250,3:07:47,14:20,M 50-54/53,M-51,323,3:08:20,35.97%
533,Paz Juarez,"Ontario, CA",251,3:07:49,14:20,M 45-49/37,M-47,324,3:08:21,34.76%
534,Gordana Vidovic,"Downey, CA",487,3:08:19,14:22,F 50-54/22,F-51,210,3:09:24,41.24%
535,Dean Hoth,"Riverside, CA",226,3:08:22,14:23,M 40-44/33,M-41,325,3:08:26,33.01%
536,Arputharaj Kore,"Loma Linda, CA",542,3:08:22,14:23,M 55-59/27,M-55,326,3:08:42,37.13%
537,Sarah Shier,"Yucaipa, CA",431,3:09:25,14:27,F 20-24/14,F-21,211,3:10:14,34.76%
538,Pam Shier,"Yucaipa, CA",430,3:09:27,14:28,F 40-44/29,F-44,212,3:10:15,37.62%
539,Karen Zirkle,"Redlands, CA",538,3:10:02,14:30,F 40-44/30,F-43,213,3:10:39,37.10%
540,Billie Henry,"Corona, CA",210,3:10:07,14:31,F 40-44/31,F-41,214,3:11:18,36.40%
541,Alan Reynolds,"San Jacinto, CA",628,3:10:35,14:33,M 50-54/54,M-54,327,3:11:41,36.37%
542,Nathan Johnson,"Riverside, CA",246,3:11:07,14:35,M 20-24/22,M-22,328,3:11:30,31.00%
543,Kendra Lingle,"Riverside, CA",283,3:11:23,14:36,F 20-24/15,F-21,215,3:11:46,34.40%
544,Natalie Guerrero,"Chicago, IL",194,3:11:33,14:37,F 20-24/16,F-20,216,3:13:56,34.39%
545,Jane Gopez Johnson,"Moreno Valley, CA",188,3:12:01,14:39,F 30-34/30,F-32,217,3:13:26,34.39%
546,Paul Yee,"San Marino, CA",529,3:12:13,14:40,M 40-44/34,M-41,329,3:13:23,32.35%
547,Connie Houser,"Calimesa, CA",227,3:12:38,14:42,F 45-49/24,F-45,218,3:13:53,37.42%
548,Chris Gibson,"Grand Terrace, CA",671,3:12:48,14:43,M 35-39/50,M-36,330,3:13:14,31.10%
549,Dilys Brooks,"Loma Linda, CA",703,3:12:50,14:43,F 40-44/32,F-40,219,3:13:14,35.60%
550,Orville Bingley,"Palm Desert, CA",63,3:14:33,14:51,M 75-99/3,M-80,331,3:15:15,49.01%
551,Robin Sandusky,"Yucaipa, CA",416,3:14:43,14:52,F 45-49/25,F-47,220,3:15:40,37.93%
552,Debra Tully,"Calimesa, CA",479,3:14:52,14:52,F 35-39/43,F-38,221,3:15:50,34.74%
553,Samantha Wood,"Riverside, CA",621,3:14:52,14:52,F 25-29/37,F-26,222,3:15:50,33.79%
554,Trisha Beckley,"Riverside, CA",654,3:16:35,15:00,F 25-29/38,F-28,223,3:17:22,33.49%
555,Mona Fierro,"Corona, CA",166,3:16:39,15:00,F 40-44/33,F-43,224,3:17:22,35.85%
556,Gay Reece,"Apple Valley, CA",395,3:17:34,15:05,F 50-54/23,F-52,225,3:18:21,39.81%
557,Tina Yee,"San Gabriel, CA",531,3:17:43,15:05,F 35-39/44,F-37,226,3:18:40,34.04%
558,Amanda Francuz,"Riverside, CA",172,3:18:36,15:09,F 25-29/39,F-28,227,3:18:36,33.15%
559,Sara Christian,"Mira Loma, CA",111,3:19:04,15:12,F 16-19/4,F-17,228,3:20:11,34.09%
560,Eden Ettinghausen,"Wildomar, CA",160,3:19:08,15:12,F 07-15/3,F-14,229,3:20:03,36.01%
561,Martha Ettinghausen,"Wildomar, CA",161,3:19:19,15:13,F 45-49/26,F-46,230,3:20:03,36.60%
562,Louise Coy,"Redlands, CA",125,3:21:15,15:22,F 60-64/4,F-60,231,3:22:23,43.63%
563,Cyndi Del Rio,"Riverside, CA",139,3:22:27,15:27,F 45-49/27,F-49,232,3:23:41,37.40%
564,Steve Ciura,"Tempe, AZ",113,3:22:33,15:28,M 40-44/35,M-40,332,3:23:38,30.46%
565,Evelyn Dowell,"Redlands, CA",146,3:22:35,15:28,F 60-64/5,F-62,233,3:22:58,44.64%
566,Kathleen Fisher,"San Bernardino, CA",167,3:22:35,15:28,F 60-64/6,F-62,234,3:22:58,44.64%
567,Donna Witzel,"Riverside, CA",523,3:22:38,15:28,F 50-54/24,F-50,235,3:23:30,37.83%
568,Karima Tahir,"Rancho Cucamonga, CA",457,3:23:01,15:30,F 35-39/45,F-35,236,3:23:38,32.83%
569,Maria Stephens,"Corona, CA",444,3:23:08,15:30,F 30-34/31,F-34,237,3:23:53,32.69%
570,Lily Furlong,"Riverside, CA",720,3:23:09,15:30,F 45-49/28,F-48,238,3:23:40,36.81%
571,Sierra Webb,"Apple Valley, CA",501,3:23:12,15:30,F 25-29/40,F-27,239,3:24:02,32.40%
572,Terri Cook,"Orange, CA",121,3:24:10,15:35,F 40-44/34,F-44,240,3:25:11,34.91%
573,Rosalie Armstrong,"Riverside, CA",31,3:28:12,15:53,F 60-64/7,F-60,241,3:28:57,42.17%
574,Claire Reid,"Redlands, CA",399,3:28:13,15:53,F 60-64/8,F-63,242,3:29:21,44.09%
575,Darrell Rich,"Three Rivers, CA",401,3:30:30,16:04,M 60-64/9,M-64,333,3:31:56,36.12%
576,Virginia Lyons,"Banning, CA",291,3:31:17,16:07,F 60-64/9,F-61,243,3:31:51,42.17%
577,Robyn Necochea,"Banning, CA",338,3:31:18,16:08,F 40-44/35,F-43,244,3:31:51,33.37%
578,Joseph Neves,"La Verne, CA",344,3:34:17,16:21,M 07-15/7,M-13,334,3:34:53,31.35%
579,Jonathan Neves,"La Verne, CA",343,3:34:18,16:21,M 07-15/8,M-10,335,3:34:54,34.27%
580,Carol Neves,"La Verne, CA",342,3:34:18,16:21,F 50-54/25,F-51,245,3:34:55,36.24%
581,Robin Windhorst,"Moreno Valley, CA",517,3:34:22,16:22,F 45-49/29,F-48,246,3:35:29,34.88%
582,Angela Savage,"Ontario, CA",419,3:35:49,16:28,F 40-44/36,F-42,247,3:36:26,32.36%
583,Tobey Furlong,"Laguna Niguel, CA",177,3:37:22,16:35,F 35-39/46,F-39,248,3:38:24,31.35%
584,Susan Tarbutton,"Rancho Cucamonga, CA",458,3:37:26,16:36,F 40-44/37,F-43,249,3:38:26,32.43%
585,Kim Trader,"Ontario, CA",607,3:38:16,16:39,F 35-39/47,F-38,250,3:39:22,31.01%
586,James Babcock,"San Bernardino, CA",39,3:40:49,16:51,M 55-59/28,M-55,336,3:41:31,31.67%
587,Patricia Hokenson,"Chino, CA",220,3:46:04,17:15,F 45-49/30,F-48,251,3:47:11,33.08%
588,Tom Carrier,"Redlands, CA",800,3:47:27,17:21,M 65-69/8,M-66,337,3:48:03,34.09%
589,Christy Williams,"Moreno Valley, CA",624,3:47:28,17:22,F 45-49/31,F-46,252,3:48:36,32.07%
590,Cathy Vining,"San Bernardino, CA",489,3:47:28,17:22,F 55-59/10,F-55,253,3:48:35,35.99%
591,Kelly Barron,"Colton, CA",46,3:48:03,17:24,F 25-29/41,F-28,254,3:48:28,28.87%
592,Deborah Brande,"Alta Loma, CA",658,3:48:09,17:25,F 40-44/38,F-40,255,3:48:26,30.09%
593,Melissa Duarte,"Riverside, CA",685,3:51:47,17:41,F 07-15/4,F-15,256,3:53:09,30.34%
594,Maaurora Concepcion,"San Bernardino, CA",118,3:52:05,17:43,F 60-64/10,F-62,257,3:52:29,38.97%
595,Arturo Concepcion,"San Bernardino, CA",117,3:52:06,17:43,M 60-64/10,M-61,338,3:52:30,31.83%
596,Carol Hogue,"Riverside, CA",217,3:52:18,17:44,F 60-64/11,F-61,258,3:53:10,38.36%
597,Lawren Dak,"Riverside, CA",129,3:52:18,17:44,F 50-54/26,F-52,259,3:53:10,33.86%
598,Madhu Agarwal,"Redlands, CA",13,3:55:49,18:00,F 30-34/32,F-33,260,3:56:53,28.07%
599,Jay Agarwal,"Redlands, CA",12,3:55:49,18:00,M 35-39/51,M-35,339,3:56:52,25.30%
600,Jacqueline Johnson,"Cherry Valley, CA",245,3:56:17,18:02,F 60-64/12,F-62,261,3:57:18,38.28%
601,Laura Myring,"Cherry Valley, CA",335,3:56:18,18:02,F 55-59/11,F-57,262,3:57:19,35.61%
602,Jessica Holland,"Redlands, CA",221,3:56:19,18:02,F 30-34/33,F-30,263,3:57:19,27.87%
603,Nanette Burks,"Moreno Valley, CA",87,3:59:08,18:15,F 50-54/27,F-52,264,3:59:13,32.89%
604,Barbara Rhyne,"Perris, CA",400,4:05:29,18:44,F 55-59/12,F-57,265,4:05:34,34.27%
605,Judy Regan,"Pasadena, CA",398,4:07:07,18:51,F 50-54/28,F-51,266,4:08:00,31.42%
606,Marie Meyer,"Altadena, CA",319,4:07:08,18:52,F 55-59/13,F-59,267,4:08:01,35.02%
607,Kenneth Palmer,"San Bernardino, CA",358,4:07:20,18:52,M 40-44/36,M-43,340,4:08:25,25.55%
