Place,Name,Location,Bib,Net Time,Pace,Division/Place,Sex-Age,Sex-Place,Gun Time,Age Grade
1,Pete Sturtevant,"San Bernardino, CA",401,1:13:48,5:38,M 35-39/1,M-36,1,1:13:48,81.25%
2,Robert Berger,"Redlands, CA",72,1:16:43,5:52,M 25-29/1,M-28,2,1:16:43,77.21%
3,Jeff Ambos,"Riverside, CA",467,1:18:42,6:01,M 45-49/1,M-48,3,1:18:42,83.67%
4,Thomas Beyer,"Murrieta, CA",74,1:25:03,6:30,M 40-44/1,M-40,4,1:25:04,72.54%
5,Sheila Esfahani,"Riverside, CA",565,1:25:18,6:31,F 30-34/1,F-32,1,1:25:18,77.78%
6,David Delgado,"Rancho Cucamonga, CA",471,1:26:29,6:36,M 40-44/2,M-41,5,1:26:29,71.92%
7,Juan Martinez,"San Bernardino, CA",276,1:27:44,6:42,M 40-44/3,M-43,6,1:27:45,72.03%
8,Mark Martinez,"Riverside, CA",554,1:28:39,6:46,M 30-34/1,M-32,7,1:29:40,66.83%
9,Lawrence Albinski,"Arcadia, CA",4406,1:30:57,6:57,M 45-49/2,M-47,8,1:30:58,71.79%
10,David Brunken,"Moreno Valley, CA",4139,1:31:43,7:00,M 45-49/3,M-45,9,1:31:46,70.03%
11,Sergey Shumko,"Big Bear City, CA",380,1:34:33,7:13,M 45-49/4,M-46,10,1:34:37,68.49%
12,Israel Pena,"Corona, CA",326,1:35:17,7:17,M 30-34/2,M-34,11,1:35:24,62.40%
13,Nicholas Brezovar,"Redlands, CA",87,1:35:22,7:17,M 30-34/3,M-32,12,1:35:24,62.12%
14,Christopher Zurbuch,"Pomona, CA",465,1:35:27,7:17,M 35-39/2,M-37,13,1:35:31,63.19%
15,Dan Serna,"Claremont, CA",374,1:35:38,7:18,M 40-44/4,M-41,14,1:35:40,65.03%
16,John Moore,"Big Bear City, CA",296,1:35:56,7:20,M 20-24/1,M-22,15,1:36:14,61.77%
17,Lindsay McKinley,"La Mirada, CA",284,1:37:20,7:26,M 45-49/5,M-48,16,1:37:20,67.65%
18,Geoff Roche,"Redlands, CA",353,1:37:42,7:28,M 35-39/3,M-36,17,1:37:48,61.37%
19,Fred Aguilar,"Redlands, CA",517,1:37:55,7:29,M 45-49/6,M-45,18,1:37:56,65.59%
20,Javier Sanchez,"Montclair, CA",557,1:38:04,7:29,M 40-44/5,M-44,19,1:38:13,64.97%
21,Juan Baltierrez,"Moreno Valley, CA",58,1:38:34,7:32,M 30-34/4,M-31,20,1:38:40,60.09%
22,Mike Redpath,"Redlands, CA",515,1:38:39,7:32,M 40-44/6,M-42,21,1:38:41,63.55%
23,Matthew Litchfield,"Redlands, CA",258,1:39:10,7:34,M 35-39/4,M-39,22,1:39:17,61.72%
24,Tim Rubio,"Redlands, CA",20,1:39:11,7:34,M 30-34/5,M-32,23,1:40:01,59.73%
25,Bobbi McCormick,"Yucaipa, CA",283,1:39:14,7:35,F 25-29/1,F-27,2,1:39:14,66.34%
26,Matthew Trotter,"Redlands, CA",418,1:39:41,7:37,M 25-29/2,M-25,24,1:39:46,59.41%
27,Kathie Turner,"Redlands, CA",419,1:39:41,7:37,F 40-44/1,F-40,3,1:39:43,68.88%
28,Xander Knecht,"Loma Linda, CA",224,1:39:49,7:37,M 16-19/1,M-18,25,1:39:53,61.54%
29,Andrew Bard,"Loma Linda, CA",61,1:39:51,7:37,M 20-24/2,M-23,26,1:39:55,59.32%
30,Steve Rozic,"Redlands, CA",364,1:39:55,7:38,M 30-34/6,M-30,27,1:40:01,59.28%
31,Andrea Johnson,"San Bernardino, CA",523,1:40:04,7:38,F 45-49/1,F-46,4,1:40:06,72.91%
32,Eric Martin,"Riverside, CA",480,1:40:25,7:40,M 35-39/5,M-35,28,1:40:34,59.43%
33,Therese Cools,"Riverside, CA",551,1:40:43,7:41,F 25-29/2,F-29,5,1:40:51,65.38%
34,Jason Chrispens,"Redlands, CA",110,1:41:04,7:43,M 25-29/3,M-29,29,1:41:33,58.60%
35,Scott Meluski,"Riverside, CA",289,1:41:05,7:43,M 20-24/3,M-23,30,1:41:13,58.59%
36,Vincent Dudziak,"Upland, CA",140,1:41:16,7:44,M 40-44/7,M-43,31,1:41:26,62.40%
37,Greg Wojczynski,"Mentone, CA",456,1:41:27,7:45,M 25-29/4,M-28,32,1:41:39,58.38%
38,Jerry Bonello,"La Quinta, CA",81,1:41:40,7:46,M 50-54/1,M-53,33,1:41:51,67.60%
39,Steven Van Esch,"Redlands, CA",529,1:41:40,7:46,M 35-39/6,M-39,34,1:41:42,60.21%
40,Fred Winkler,"Victorville, CA",26,1:41:40,7:46,M 45-49/7,M-49,35,1:41:44,65.31%
41,James W Hughes,"Redlands, CA",198,1:41:43,7:46,M 50-54/2,M-50,36,1:41:56,65.83%
42,Frannie Tennant,"Lake Arrowhead, CA",409,1:42:04,7:48,F 50-54/1,F-54,6,1:42:05,79.13%
43,Chas Demott,"Upland, CA",133,1:42:08,7:48,M 50-54/3,M-50,37,1:42:09,65.56%
44,David Bergeron,"Long Beach, CA",73,1:42:18,7:49,M 55-59/1,M-55,38,1:42:27,68.37%
45,Hansel Alvarez,"Riverside, CA",36,1:42:20,7:49,M 35-39/7,M-38,39,1:42:54,59.36%
46,Chad Lopez,"Forest Falls, CA",542,1:42:30,7:50,M 16-19/2,M-17,40,1:42:31,60.74%
47,Donald Rhea,"Redlands, CA",347,1:43:15,7:53,M 45-49/8,M-49,41,1:43:17,64.30%
48,Evan Perez,"Highland, CA",13,1:43:17,7:53,M 25-29/5,M-27,42,1:43:51,57.34%
49,Brian Oulman,"Riverside, CA",317,1:43:18,7:53,M 45-49/9,M-49,43,1:43:20,64.27%
50,Tom Whittemore,"Redlands, CA",451,1:43:20,7:53,M 45-49/10,M-45,44,1:43:26,62.16%
51,James Harano,"Highland, CA",179,1:43:27,7:54,M 40-44/8,M-41,45,1:43:37,60.12%
52,Shannon Lawrence,"Redlands, CA",247,1:43:40,7:55,F 25-29/3,F-25,7,1:43:44,63.52%
53,Andy Lieberman,"Rialto, CA",561,1:43:48,7:56,M 45-49/11,M-47,46,1:43:52,62.90%
54,Reynaldo Zarate,"Hesperia, CA",462,1:43:50,7:56,M 45-49/12,M-45,47,1:43:51,61.86%
55,Lisa Cohen,"Redlands, CA",115,1:43:54,7:56,F 25-29/4,F-25,8,1:43:54,63.37%
56,Kathryn Frost,"Redlands, CA",535,1:43:55,7:56,F 20-24/1,F-21,9,1:44:09,63.36%
57,John Cools,"Moreno Valley, CA",552,1:44:44,8:00,M 50-54/4,M-54,48,1:44:52,66.19%
58,Thomas Razo,"Chino Hills, CA",342,1:44:45,8:00,M 30-34/7,M-30,49,1:45:11,56.54%
59,Corey Bishop,"Yucaipa, CA",77,1:44:46,8:00,M 35-39/8,M-36,50,1:45:16,57.23%
60,Javier Santiago,"Moreno Valley, CA",373,1:45:22,8:03,M 50-54/5,M-50,51,1:45:31,63.55%
61,George Lindfelt,"Redlands, CA",256,1:45:23,8:03,M 07-15/1,M-12,52,1:45:28,65.44%
62,Dan Carothers,"Riverside, CA",16,1:45:30,8:03,M 50-54/6,M-51,53,1:45:41,64.02%
63,Peter Lirungam,"Amboy, CA",4414,1:45:48,8:05,M 45-49/13,M-48,54,1:45:53,62.23%
64,Eric Teti,"Ontario, CA",491,1:46:07,8:06,M 30-34/8,M-34,55,1:46:18,56.03%
65,Manuel Gonzalez,"Redlands, CA",543,1:46:21,8:07,M 25-29/6,M-28,56,1:46:22,55.69%
66,Mark Hiday,"Redlands, CA",550,1:46:35,8:08,M 25-29/7,M-27,57,1:46:45,55.57%
67,Scott Penington,"Redlands, CA",327,1:46:38,8:08,M 25-29/8,M-27,58,1:46:48,55.54%
68,Refugio Rodriguez,"Riverside, CA",354,1:46:43,8:09,M 35-39/9,M-38,59,1:46:44,56.92%
69,Jeremiah Head,"Redlands, CA",185,1:46:48,8:09,M 35-39/10,M-35,60,1:46:54,55.88%
70,Erik Ramirez,"Menifee, CA",338,1:47:09,8:11,M 20-24/4,M-22,61,1:47:20,55.30%
71,Megan Williams,"Redlands, CA",454,1:47:11,8:11,F 25-29/5,F-26,10,1:47:23,61.43%
72,Drew Norell,"Irvine, CA",307,1:47:17,8:12,M 35-39/11,M-39,62,1:47:27,57.05%
73,Adam Johnson,"Claremont, CA",208,1:47:26,8:12,M 35-39/12,M-38,63,1:47:36,56.54%
74,Kim Ammons,"Mentone, CA",40,1:47:27,8:12,F 25-29/6,F-28,11,1:47:29,61.28%
75,Jenni-Rae Rubio,"Redlands, CA",366,1:47:32,8:13,F 20-24/2,F-24,12,1:47:39,61.23%
76,John How,"Redlands, CA",196,1:47:36,8:13,M 30-34/9,M-32,64,1:47:47,55.06%
77,Mark Averett,"Riverside, CA",468,1:47:38,8:13,M 25-29/9,M-28,65,1:48:05,55.03%
78,Adam Hastert,"Blue Jay, CA",182,1:47:52,8:14,M 20-24/5,M-23,66,1:47:52,54.91%
79,Gary Whightsil,"Fontana, CA",450,1:47:55,8:14,M 40-44/9,M-41,67,1:48:14,57.63%
80,Bradley Wenzel,"Redlands, CA",445,1:48:08,8:15,M 25-29/10,M-28,68,1:48:10,54.77%
81,Miguel Ayala,"Upland, CA",54,1:48:13,8:16,M 30-34/10,M-31,69,1:48:13,54.73%
82,Rebecca Steven,"Wichita, KS",396,1:48:16,8:16,F 45-49/2,F-48,13,1:48:18,69.07%
83,Jesus Silva,"San Bernardino, CA",383,1:48:19,8:16,M 40-44/10,M-44,70,1:48:48,58.82%
84,Jill Dawson,"Yucaipa, CA",131,1:48:20,8:16,F 40-44/2,F-42,14,1:48:24,64.47%
85,Dan Adams,"Pinon Hills, CA",23,1:48:22,8:16,M 60-64/1,M-61,71,1:48:25,68.19%
86,Michael Stewart,"Escondido, CA",398,1:48:22,8:16,M 35-39/13,M-35,72,1:48:23,55.07%
87,Jason Northcott,"Highland, CA",308,1:48:25,8:17,M 25-29/11,M-29,73,1:48:31,54.63%
88,Ben Kumler,"Redlands, CA",235,1:48:32,8:17,M 07-15/2,M-15,74,1:48:39,59.25%
89,Brian Zubak,"Riverside, CA",507,1:48:51,8:19,M 30-34/11,M-33,75,1:49:01,54.50%
90,Tom Kenefick,"Riverside, CA",219,1:49:22,8:21,M 55-59/2,M-56,76,1:49:29,64.53%
91,Hans Mose Jensen,"Redlands, CA",513,1:49:31,8:22,M 40-44/11,M-43,77,1:49:40,57.70%
92,Doyle Lamountain,"Redlands, CA",556,1:49:36,8:22,M 40-44/12,M-44,78,1:49:48,58.13%
93,Jacob McMeans,"Redlands, CA",285,1:49:42,8:23,M 20-24/6,M-20,79,1:49:42,54.63%
94,Eric Shamp,"Redlands, CA",378,1:49:55,8:24,M 35-39/14,M-38,80,1:50:30,55.26%
95,Rachelle Valdez,"Rancho Cucamonga, CA",425,1:49:58,8:24,F 50-54/2,F-50,15,1:50:05,69.71%
96,Michael Pate,"Redlands, CA",324,1:50:07,8:24,M 50-54/7,M-54,81,1:50:10,62.96%
97,Donald Liby,"Redlands, CA",253,1:50:24,8:26,M 30-34/12,M-32,82,1:51:01,53.66%
98,Michael Robles,"Redlands, CA",352,1:50:27,8:26,M 35-39/15,M-39,83,1:50:51,55.42%
99,Nick Weaver,"Fontana, CA",444,1:50:53,8:28,M 30-34/13,M-30,84,1:51:11,53.41%
100,Rita Bashaw,"Claremont, CA",64,1:51:08,8:29,F 40-44/3,F-40,16,1:51:14,61.78%
101,Terry Eckenwiler,"Beaumont, CA",530,1:51:12,8:29,M 50-54/8,M-51,85,1:51:14,60.74%
102,Geoff Daumeyer,"Redlands, CA",129,1:51:17,8:30,M 40-44/13,M-40,86,1:51:37,55.44%
103,Jamie Lima,"Mira Loma, CA",255,1:51:24,8:30,M 30-34/14,M-32,87,1:51:25,53.18%
104,Andrew Fierro,"Redlands, CA",153,1:51:27,8:31,M 30-34/15,M-30,88,1:51:29,53.14%
105,Christina Frohlich,"Loma Linda, CA",156,1:51:40,8:32,F 25-29/7,F-27,17,1:51:40,58.96%
106,Susan Merson,"Palm Desert, CA",290,1:51:46,8:32,F 45-49/3,F-49,18,1:51:57,67.74%
107,Steve Hill,"Redlands, CA",189,1:52:06,8:34,M 25-29/12,M-28,89,1:52:11,52.83%
108,David Shellman,"Highland, CA",29,1:52:11,8:34,M 25-29/13,M-26,90,1:52:32,52.79%
109,Pete Aniello,"Redlands, CA",44,1:52:19,8:35,M 45-49/14,M-45,91,1:52:35,57.18%
110,Daniel Thompson,"Yucaipa, CA",411,1:52:20,8:35,M 35-39/16,M-36,92,1:52:27,53.38%
111,Robin Derdowski,"Yucaipa, CA",135,1:52:38,8:36,F 35-39/1,F-36,19,1:52:46,59.45%
112,Charles Knecht,"Loma Linda, CA",223,1:52:39,8:36,M 50-54/9,M-50,93,1:52:43,59.44%
113,Joanne Morgan,"Prince George, ",297,1:52:50,8:37,F 50-54/3,F-51,20,1:53:11,68.83%
114,Carl Burton,"Riverside, CA",504,1:53:07,8:38,M 65-69/1,M-65,94,1:53:13,67.89%
115,Debbie Huston,"Redlands, CA",199,1:53:12,8:39,F 40-44/4,F-41,21,1:53:24,61.14%
116,Shari Todd,"Redlands, CA",531,1:53:51,8:42,F 35-39/2,F-35,22,1:53:57,58.55%
117,Kathy Hernandez,"Riverside, CA",186,1:53:51,8:42,F 45-49/4,F-47,23,1:54:00,64.88%
118,Liane Axe,"Arlington, VA",53,1:54:02,8:42,F 30-34/2,F-31,24,1:54:17,57.83%
119,Stephen Gonzales,"Riverside, CA",168,1:54:04,8:43,M 25-29/14,M-25,95,1:54:14,51.92%
120,Jeremy Abeyta,"Redlands, CA",501,1:54:07,8:43,M 20-24/7,M-22,96,1:54:20,51.93%
121,Katie Clifford,"San Diego, CA",112,1:54:15,8:43,F 25-29/8,F-27,25,1:54:16,57.63%
122,Donald Benedicto,"Colton, CA",68,1:54:18,8:44,M 50-54/10,M-50,97,1:54:44,58.58%
123,Darold Homan  II,"Moreno Valley, CA",195,1:54:56,8:46,M 25-29/15,M-29,98,1:54:59,51.53%
124,Meriel Wasbotten,"Highland, CA",518,1:54:56,8:47,F 25-29/9,F-25,26,1:55:05,57.29%
125,Dave Lane,"Riverside, CA",245,1:55:10,8:48,M 50-54/11,M-53,99,1:55:20,59.68%
126,Steven Brunner,"Loma Linda, CA",92,1:55:51,8:51,M 30-34/16,M-30,100,1:55:57,51.12%
127,Vickie Adams,"Pinon Hills, CA",24,1:55:56,8:51,F 45-49/5,F-49,27,1:55:59,65.31%
128,Octavio Gutierrez,"Ontario, CA",476,1:56:15,8:53,M 35-39/17,M-35,101,1:56:22,51.33%
129,Jamie Quaid,"Riverside, CA",335,1:56:18,8:53,F 40-44/5,F-44,28,1:56:25,61.29%
130,Jeffrey Talbert,"Redlands, CA",405,1:56:18,8:53,M 16-19/3,M-16,102,1:56:23,54.34%
131,Bob Stockton,"Riverside, CA",399,1:56:18,8:53,M 55-59/3,M-56,103,1:56:25,60.69%
132,Luis Ramirez,"Chula Vista, CA",339,1:56:26,8:53,M 20-24/8,M-21,104,1:56:36,51.08%
133,Steve Noone,"Highland, CA",512,1:56:27,8:53,M 30-34/17,M-31,105,1:56:41,50.86%
134,Greg Zwerner,"Fontana, CA",494,1:56:30,8:54,M 30-34/18,M-30,106,1:56:49,50.84%
135,Marka Fenske,"Riverside, CA",149,1:56:42,8:55,F 20-24/3,F-24,29,1:57:06,56.42%
136,Isabel Biasetti,"Yucaipa, CA",75,1:56:51,8:55,F 40-44/6,F-43,30,1:56:58,60.34%
137,Harold Vollkommer,"Highland, CA",547,1:56:53,8:55,M 50-54/12,M-50,107,1:57:06,57.29%
138,Allison Cobb,"Redlands, CA",113,1:56:55,8:56,F 25-29/10,F-28,31,1:56:55,56.32%
139,Lois Bueno,"Riverside, CA",93,1:56:58,8:56,F 30-34/3,F-34,32,1:57:07,56.78%
140,Angelina Landeros,"Redlands, CA",244,1:57:00,8:56,F 25-29/11,F-26,33,1:57:09,56.28%
141,Stephanie Kowalski,"Beaumont, CA",230,1:57:09,8:57,F 35-39/3,F-38,34,1:57:17,57.78%
142,Lawrence Gregge,"Moreno Valley, CA",566,1:57:11,8:57,M 50-54/13,M-54,108,1:57:11,59.16%
143,Kimberley Simpson,"Riverside, CA",541,1:57:11,8:57,F 40-44/7,F-44,35,1:57:11,60.83%
144,Joseph Eppert,"Hemet, CA",145,1:57:42,8:59,M 30-34/19,M-31,109,1:57:46,50.32%
145,Mike Calendar,"Highland, CA",98,1:57:47,9:00,M 45-49/15,M-49,110,1:58:05,56.37%
146,Thomas Crane,"Yucaipa, CA",128,1:57:50,9:00,M 40-44/14,M-42,111,1:58:12,53.20%
147,Keri Gatling,"Colton, CA",28,1:57:51,9:00,F 30-34/4,F-31,36,1:58:08,55.95%
148,Stacie Lue,"Loma Linda, CA",264,1:57:55,9:00,F 20-24/4,F-24,37,1:57:55,55.84%
149,Agustin Zavala,"Wildomar, CA",22,1:58:00,9:01,M 25-29/16,M-28,112,1:58:05,50.19%
150,Chad Lee,"San Clemente, CA",251,1:58:01,9:01,M 35-39/18,M-36,113,1:58:16,50.81%
151,Sarah Cooke,"Highland, CA",119,1:58:03,9:01,F 25-29/12,F-27,38,1:58:04,55.78%
152,Ed Valdez,"Rancho Cucamonga, CA",423,1:58:24,9:02,M 55-59/4,M-55,114,1:58:31,59.07%
153,Jess Diaz,"Hemet, CA",536,1:58:37,9:03,M 50-54/14,M-52,115,1:59:22,57.43%
154,Andric Diaz,"Sun City, CA",137,1:58:39,9:04,M 30-34/20,M-33,116,1:58:43,50.00%
155,Messina Zurbuch,"Pomona, CA",466,1:58:45,9:04,F 30-34/5,F-34,39,1:59:01,55.92%
156,Kevin Fulford,"Loma Linda, CA",157,1:58:48,9:04,M 35-39/19,M-39,117,1:58:49,51.52%
157,Robert Thompson,"Temecula, CA",412,1:58:48,9:04,M 30-34/21,M-33,118,1:59:10,49.94%
158,Javier Sanchez,"Redlands, CA",370,1:58:51,9:04,M 40-44/15,M-43,119,1:59:12,53.17%
159,Bob Larue,"Chino Hills, CA",555,1:58:52,9:04,M 50-54/15,M-52,120,1:59:02,57.31%
160,Eugene Kim,"Redlands, CA",220,1:58:56,9:05,M 30-34/22,M-33,121,1:58:57,49.88%
161,Amy Cox,"Loma Linda, CA",125,1:59:04,9:05,F 25-29/13,F-26,40,1:59:22,55.30%
162,Maria Clark,"Silverado, CA",111,1:59:14,9:06,F 45-49/6,F-45,41,1:59:28,60.46%
163,Roberto Vargas,"Ontario, CA",432,1:59:23,9:07,M 70-74/1,M-72,122,1:59:29,69.23%
164,Kelly Sandeen,"Tucson, AZ",371,1:59:28,9:07,F 30-34/6,F-32,42,1:59:41,55.28%
165,Daniel Alves,"Loma Linda, CA",38,1:59:36,9:08,M 40-44/16,M-41,123,1:59:38,52.00%
166,Zachary Kushner,"Redlands, CA",238,1:59:40,9:08,M 20-24/9,M-23,124,1:59:46,49.49%
167,Ashley Kushner,"Redlands, CA",237,1:59:40,9:08,F 20-24/5,F-24,43,1:59:46,55.02%
168,Mark Kumler,"Redlands, CA",236,1:59:42,9:08,M 45-49/16,M-45,125,2:00:03,53.66%
169,Jesus Montes,"Riverside, CA",294,1:59:46,9:09,M 55-59/5,M-59,126,2:00:00,60.57%
170,Jeff Wasserman,"Corona, CA",514,2:00:09,9:10,M 35-39/20,M-39,127,2:00:16,50.94%
171,Joan Wharf Higgins,"Victoria, BC",448,2:00:18,9:11,F 45-49/7,F-49,44,2:00:22,62.93%
172,Craig Higgins,"Victoria, BC",188,2:00:18,9:11,M 50-54/16,M-50,128,2:00:22,55.66%
173,William Luu,"Rancho Cucamonga, CA",265,2:00:18,9:11,M 35-39/21,M-38,129,2:00:18,50.49%
174,Jamie Plymesser,"Redlands, CA",331,2:00:18,9:11,M 30-34/23,M-34,130,2:00:34,49.42%
175,Doug Dawson,"Yucaipa, CA",130,2:00:24,9:12,M 40-44/17,M-43,131,2:00:24,52.49%
176,Chris Lipscomb,"Redlands, CA",257,2:00:27,9:12,M 20-24/10,M-24,132,2:00:36,49.17%
177,Elvin Veluz,"Loma Linda, CA",434,2:00:36,9:12,M 50-54/17,M-51,133,2:00:40,56.01%
178,Charissa Plymesser,"Redlands, CA",509,2:00:47,9:13,F 30-34/7,F-34,45,2:01:03,54.98%
179,Michael Matteson,"Yucaipa, CA",278,2:01:00,9:14,M 35-39/22,M-35,134,2:01:09,49.32%
180,Gilda Ochoa,"La Puente, CA",312,2:01:04,9:15,F 40-44/8,F-41,46,2:01:09,57.17%
181,Catherine Domingo,"Loma Linda, CA",558,2:01:04,9:15,F 30-34/8,F-32,47,2:01:06,54.55%
182,Rosalind Wever,"Redlands, CA",537,2:01:17,9:16,F 40-44/9,F-42,48,2:01:43,57.59%
183,Gary Regalado,"Santa Ana, CA",516,2:01:23,9:16,M 45-49/17,M-46,135,2:01:43,53.35%
184,Don Kowalski,"Beaumont, CA",229,2:01:25,9:16,M 40-44/18,M-40,136,2:01:41,50.81%
185,Caroline Garberoglio,"Beaumont, CA",475,2:01:37,9:17,F 35-39/4,F-39,49,2:01:45,56.04%
186,Brenda Ibold,"Redlands, CA",200,2:01:46,9:18,F 55-59/1,F-55,50,2:02:00,67.23%
187,Dianna Glass,"Redlands, CA",521,2:01:49,9:18,F 45-49/8,F-46,51,2:01:49,59.89%
188,Gerardo Zelaya,"Pomona, CA",463,2:02:38,9:22,M 20-24/11,M-24,137,2:02:57,48.29%
189,Kyle Ferrao,"Redlands, CA",151,2:02:43,9:22,M 16-19/4,M-18,138,2:03:00,50.05%
190,Peter Burgess,"San Bernardino, CA",95,2:02:43,9:22,M 16-19/5,M-17,139,2:03:00,50.73%
191,Janine Ledoux,"Redlands, CA",250,2:02:50,9:23,F 45-49/9,F-47,52,2:02:50,60.13%
192,Laura Crane,"Yucaipa, CA",127,2:02:54,9:23,F 30-34/9,F-33,53,2:03:17,53.86%
193,Phillip Harding,"Yucaipa, CA",180,2:03:04,9:24,M 65-69/2,M-65,140,2:03:11,62.40%
194,Ryan Pennock,"Rancho Cucamonga, CA",484,2:03:11,9:24,M 35-39/23,M-37,141,2:03:18,48.96%
195,Mark Josephson,"Colton, CA",214,2:03:17,9:25,M 50-54/18,M-53,142,2:03:30,55.75%
196,Andrew McAllister,"Apple Valley, CA",280,2:03:19,9:25,M 20-24/12,M-22,143,2:03:33,48.05%
197,Allyson Roberts,"Rancho Cucamonga, CA",350,2:03:29,9:26,F 50-54/4,F-51,54,2:03:50,62.89%
198,Hannah Rasmussen,"Claremont, CA",341,2:03:32,9:26,F 20-24/6,F-20,55,2:03:35,53.33%
199,Mery Jien,"Redlands, CA",206,2:03:32,9:26,F 20-24/7,F-24,56,2:03:59,53.30%
200,Katie Briscoe,"Loma Linda, CA",88,2:03:34,9:26,F 25-29/14,F-27,57,2:03:52,53.28%
201,Laura Oliver,"Beaumont, CA",316,2:03:42,9:27,F 45-49/10,F-47,58,2:03:55,59.71%
202,Chris Spencer,"Redlands, CA",490,2:03:46,9:27,M 30-34/24,M-30,144,2:04:05,47.85%
203,Carmen Conover,"Redlands, CA",117,2:03:49,9:27,F 45-49/11,F-46,59,2:03:52,58.93%
204,Dan Lim,"Loma Linda, CA",254,2:03:53,9:27,M 55-59/6,M-55,145,2:03:55,56.46%
205,Christina Farias,"Tahoe City, CA",559,2:03:56,9:28,F 25-29/15,F-25,60,2:04:06,53.13%
206,Jason Sacdalan,"Riverside, CA",367,2:04:09,9:29,M 35-39/24,M-35,146,2:04:19,48.07%
207,Aimee Hutcinson,"Highland, CA",478,2:04:13,9:29,F 35-39/5,F-37,61,2:04:21,54.19%
208,Bruce Field,"Lake Arrowhead, CA",152,2:04:20,9:30,M 50-54/19,M-51,147,2:04:21,54.32%
209,Jeff Blake,"Lake Arrowhead, CA",78,2:04:27,9:30,M 50-54/20,M-50,148,2:04:29,53.80%
210,Ryan Trettevik,"Riverside, CA",417,2:04:31,9:30,F 20-24/8,F-23,62,2:04:38,52.88%
211,Marisa Weaver,"Redlands, CA",443,2:04:39,9:31,F 20-24/9,F-21,63,2:04:44,52.82%
212,Kim Palmer,"Redlands, CA",320,2:04:43,9:31,M 50-54/21,M-53,149,2:04:45,55.11%
213,Elizabeth Sfatcu,"Yucaipa, CA",1669,2:04:46,9:32,F 45-49/12,F-48,64,2:04:57,59.93%
214,Lynda Kane,"Riverside, CA",218,2:04:51,9:32,F 55-59/2,F-58,65,2:05:01,68.34%
215,Shalynn Johansson,"Rancho Cucamonga, CA",207,2:05:05,9:33,F 30-34/10,F-34,66,2:05:27,53.09%
216,Joshua Hargis,"Grand Terrace, CA",12,2:05:39,9:36,M 25-29/17,M-29,150,2:05:48,47.13%
217,Jennifer Oesch,"San Bernardino, CA",314,2:05:47,9:36,F 30-34/11,F-31,67,2:05:55,52.43%
218,Timothy Jung,"Loma Linda, CA",215,2:06:06,9:38,M 65-69/3,M-66,151,2:06:10,61.49%
219,Richard Krabill,"Redlands, CA",231,2:06:10,9:38,M 35-39/25,M-36,152,2:06:12,47.52%
220,Jeanette Bradley,"Ladera Ranch, CA",470,2:06:12,9:38,F 35-39/6,F-35,68,2:06:24,52.82%
221,Lisa Hesse,"Ladera Ranch, CA",477,2:06:12,9:38,F 35-39/7,F-39,69,2:06:24,54.01%
222,Juana Contreras,"Rialto, CA",2822,2:06:23,9:39,F 45-49/13,F-48,70,2:06:28,59.17%
223,Jean Paul Ravoninarivo,"Loma Linda, CA",486,2:06:24,9:39,M 40-44/19,M-42,153,2:06:26,49.60%
224,Lori Driscoll,"Redlands, CA",4337,2:06:29,9:39,F 40-44/10,F-41,71,2:06:45,54.72%
225,Jo Ann Josephson,"Colton, CA",213,2:06:40,9:40,F 50-54/5,F-51,72,2:06:53,61.31%
226,Jeffrey Parke,"Redlands, CA",510,2:06:42,9:40,M 50-54/22,M-52,154,2:06:59,53.77%
227,David Cordes,"Riverside, CA",121,2:06:48,9:41,M 30-34/25,M-31,155,2:07:08,46.71%
228,Maryelaine Barker,"Redlands, CA",62,2:06:49,9:41,F 55-59/3,F-55,73,2:07:01,64.55%
229,Jacqueline Booth,"Crestline, CA",519,2:06:55,9:41,F 45-49/14,F-48,74,2:07:07,58.92%
230,Javier Gutierrez,"Redlands, CA",177,2:07:32,9:44,M 25-29/18,M-26,156,2:07:37,46.44%
231,Siri Penn,"Loma Linda, CA",328,2:07:37,9:45,F 30-34/12,F-33,75,2:07:52,51.87%
232,Shervin Esfahani,"Riverside, CA",146,2:07:40,9:45,M 25-29/19,M-25,157,2:08:03,46.39%
233,Jessalyn Waring,"San Bernardino, CA",441,2:07:59,9:46,F 25-29/16,F-26,76,2:08:10,51.45%
234,Jennifer Campbell,"Yucaipa, CA",99,2:08:09,9:47,F 25-29/17,F-28,77,2:08:14,51.38%
235,Ofelia Brandon,"Fresno, CA",86,2:08:09,9:47,F 35-39/8,F-35,78,2:08:10,52.02%
236,Kuuipo Benson,"Beaumont, CA",71,2:08:11,9:47,F 40-44/11,F-44,79,2:08:57,55.60%
237,Pa Der Vang,"Redlands, CA",430,2:08:19,9:48,F 30-34/13,F-34,80,2:08:41,51.75%
238,John Imbriani,"Redlands, CA",201,2:08:21,9:48,M 35-39/26,M-39,158,2:08:44,47.69%
239,Lisa Shumway,"Redlands, CA",381,2:08:30,9:49,F 30-34/14,F-33,81,2:08:46,51.51%
240,Trent Shumway,"Redlands, CA",382,2:08:31,9:49,M 30-34/26,M-34,159,2:08:46,46.26%
241,William Kosch,"Redlands, CA",228,2:08:51,9:50,M 50-54/23,M-53,160,2:09:05,53.34%
242,Amber Roberts,"Redlands, CA",351,2:08:55,9:50,F 35-39/9,F-39,82,2:09:17,52.87%
243,Jerry Averett,"La Quinta, CA",50,2:09:06,9:51,M 50-54/24,M-50,161,2:09:23,51.87%
244,Marlana McCliman,"Riverside, CA",281,2:09:12,9:52,F 35-39/10,F-39,83,2:09:13,52.75%
245,Meg Kolupski,"San Diego, CA",227,2:09:16,9:52,F 20-24/10,F-24,84,2:09:39,50.93%
246,Sandra Stringham,"Rialto, CA",400,2:09:32,9:53,F 45-49/15,F-49,85,2:09:32,58.45%
247,Emily Reynolds,"Redlands, CA",346,2:09:42,9:54,F 20-24/11,F-22,86,2:09:46,50.76%
248,Laskowski Kelly,"Hemet, CA",246,2:10:07,9:56,F 30-34/15,F-30,87,2:10:18,50.61%
249,Kalli Mikichi,"Hemet, CA",291,2:10:08,9:56,F 25-29/18,F-28,88,2:10:18,50.60%
250,Cindy Musgrave,"Victorville, CA",303,2:10:15,9:57,F 45-49/16,F-48,89,2:10:34,57.41%
251,Theresa McNeil,"Corona, CA",286,2:10:22,9:57,F 30-34/16,F-33,90,2:10:41,50.77%
252,Lucy Nevarez,"Riverside, CA",305,2:10:23,9:57,F 35-39/11,F-39,91,2:10:40,52.28%
253,Christi Macnee,"Riverside, CA",269,2:10:23,9:57,F 40-44/12,F-42,92,2:10:39,53.57%
254,Jocelin Tavares,"Beaumont, CA",407,2:10:24,9:57,F 30-34/17,F-32,93,2:10:49,50.65%
255,Esperanza Pauli,"Perris, CA",325,2:10:26,9:57,F 25-29/19,F-29,94,2:11:01,50.48%
256,Franco Castaneda,"Riverside, CA",102,2:10:39,9:58,M 20-24/13,M-22,162,2:11:04,45.36%
257,Carlos Rosal,"Riverside, CA",358,2:10:43,9:59,M 25-29/20,M-27,163,2:10:58,45.31%
258,Amy Eichperger,"Hemet, CA",142,2:10:48,9:59,F 40-44/13,F-42,95,2:10:51,53.40%
259,Bill Oesterlein,"Redlands, CA",315,2:10:58,10:00,M 45-49/18,M-49,164,2:11:26,50.69%
260,Carissa Parsons,"Redlands, CA",483,2:11:00,10:00,F 30-34/18,F-30,96,2:11:41,50.27%
261,Thad Tilton,"San Bernardino, CA",492,2:11:21,10:02,M 40-44/20,M-43,165,2:12:26,48.11%
262,Daniel Banks,"San Bernardino, CA",14,2:11:23,10:02,M 07-15/3,M-15,166,2:11:36,48.95%
263,Orlando Beltran,"Redlands, CA",15,2:11:25,10:02,M 25-29/21,M-27,167,2:11:38,45.07%
264,Debra Brooks,"Redlands, CA",1126,2:11:35,10:03,F 25-29/20,F-28,97,2:12:53,50.04%
265,Barbara Mitchell,"Norco, CA",293,2:11:40,10:03,F 55-59/4,F-58,98,2:11:49,64.81%
266,Carlos Romero,"Riverisde, CA",511,2:12:05,10:05,M 40-44/21,M-43,168,2:12:05,47.84%
267,Bryan Benson,"Beaumont, CA",70,2:12:08,10:05,M 40-44/22,M-44,169,2:12:28,48.21%
268,Efrem Gonzales,"Mira Loma, CA",167,2:12:09,10:05,M 35-39/27,M-38,170,2:12:45,45.96%
269,Cat Dengate,"Redlands, CA",134,2:12:18,10:06,F 35-39/12,F-38,99,2:12:34,51.17%
270,Catherine Maclean-Miller,"Redlands, CA",268,2:12:27,10:07,F 40-44/14,F-42,100,2:12:51,52.73%
271,Michael Hoffman,"Harker Heights, TX",192,2:12:46,10:08,M 30-34/27,M-32,171,2:13:08,44.62%
272,Michael Pang,"Los Angeles, CA",321,2:12:58,10:09,M 75-99/1,M-75,172,2:12:59,64.92%
273,Greg Couch,"Redlands, CA",123,2:13:04,10:09,M 25-29/22,M-29,173,2:13:21,44.51%
274,Leticia Ferreira,"Fontana, CA",18,2:13:04,10:10,F 30-34/19,F-33,101,2:13:15,49.74%
275,Kipp Duran,"Redlands, CA",141,2:13:10,10:10,M 45-49/19,M-47,174,2:13:15,49.03%
276,Gary Severson,"San Bernardino, CA",376,2:13:14,10:10,M 40-44/23,M-44,175,2:13:22,47.82%
277,Scott Rank,"Riverside, CA",340,2:13:20,10:11,M 25-29/23,M-28,176,2:13:41,44.42%
278,Robert Brown,"Santa Monica, CA",91,2:13:22,10:11,M 35-39/28,M-36,177,2:13:52,44.96%
279,Keith Gallegos,"San Bernardino, CA",474,2:13:24,10:11,M 30-34/28,M-31,178,2:13:49,44.40%
280,Caitlin McBride,"Newbury Park, CA",481,2:13:31,10:12,F 20-24/12,F-22,102,2:13:45,49.31%
281,Sally Martin,"Big Bear Lake, CA",275,2:13:34,10:12,F 50-54/6,F-50,103,2:13:49,57.39%
282,Maria Tipton,"Victorville, CA",415,2:13:35,10:12,F 25-29/21,F-27,104,2:14:08,49.29%
283,Kerri Spalding,"Rancho Cucamonga, CA",393,2:13:36,10:12,F 30-34/20,F-31,105,2:13:58,49.36%
284,Melanie Grochowski,"Redlands, CA",175,2:13:37,10:12,F 35-39/13,F-37,106,2:13:52,50.37%
285,Robert Viola,"San Francisco, CA",503,2:13:39,10:12,M 30-34/29,M-30,179,2:14:11,44.31%
286,Todd Lamph,"Riverside, CA",243,2:13:51,10:13,M 45-49/20,M-48,180,2:14:15,49.19%
287,Michele Burris,"Hemet, CA",96,2:14:04,10:14,F 30-34/21,F-30,107,2:14:07,49.12%
288,Nicole Birabent,"Redlands, CA",469,2:14:05,10:14,F 25-29/22,F-27,108,2:14:05,49.10%
289,Jaime Buenrostro,"Anaheim, CA",94,2:14:11,10:15,M 30-34/30,M-32,181,2:14:36,44.15%
290,Lora Roman,"Beaumont, CA",356,2:14:40,10:17,F 30-34/22,F-34,109,2:14:42,49.31%
291,Jong Hoon Ko,"Moreno Valley, CA",225,2:14:40,10:17,M 60-64/2,M-60,182,2:14:44,54.36%
292,Olivia Guerrero,"Riverside, CA",176,2:15:00,10:18,F 45-49/17,F-46,110,2:15:09,54.04%
293,Cathy Fowler,"Hesperia, CA",154,2:15:03,10:19,F 50-54/7,F-50,111,2:15:57,56.76%
294,Kyle Smith,"Irvine, CA",390,2:15:13,10:19,M 25-29/24,M-26,183,2:15:33,43.80%
295,Juli Almanza,"Riverside, CA",35,2:15:14,10:19,F 35-39/14,F-37,112,2:15:17,49.77%
296,Rick McClung,"Chino Hills, CA",282,2:15:24,10:20,M 50-54/25,M-51,184,2:15:33,49.88%
297,Debra Mason,"Yucaipa, CA",520,2:15:29,10:21,F 40-44/15,F-42,113,2:15:35,51.55%
298,Kevin Decker,"Etiwanda, CA",132,2:15:36,10:21,M 50-54/26,M-53,185,2:15:36,50.68%
299,Becky Baldwin,"Redlands, CA",56,2:15:39,10:21,F 35-39/15,F-36,114,2:15:55,49.36%
300,Julie Seuferling,"Corona, CA",375,2:16:19,10:24,F 40-44/16,F-41,115,2:16:32,50.77%
301,Heather Avis,"Mentone, CA",51,2:16:24,10:25,F 25-29/23,F-28,116,2:16:57,48.27%
302,Joshua Avis,"Mentone, CA",52,2:16:25,10:25,M 30-34/31,M-31,186,2:16:57,43.41%
303,Jordan A Ward,"Loma Linda, CA",439,2:16:31,10:25,M 16-19/6,M-16,187,2:16:40,46.29%
304,Kathy Young-Orwig,"Riverside, CA",459,2:16:38,10:26,F 50-54/8,F-54,117,2:16:56,59.11%
305,Derrick Johnson,"Lake Elsinore, CA",209,2:16:44,10:26,M 25-29/25,M-28,188,2:16:59,43.31%
306,Mauricio Marquez,"Bakersfield, CA",273,2:17:02,10:28,M 30-34/32,M-33,189,2:17:20,43.29%
307,James Morrison,"Bakersfield, CA",299,2:17:03,10:28,M 40-44/24,M-41,190,2:17:21,45.38%
308,Justin Gildner,"Bakersfield, CA",163,2:17:03,10:28,M 35-39/29,M-38,191,2:17:21,44.32%
309,Bertie Brock,"Chandler, AZ",89,2:17:13,10:29,F 55-59/5,F-55,118,2:17:32,59.66%
310,Amy Ratzel,"Highland, CA",485,2:17:25,10:29,F 35-39/16,F-37,119,2:17:39,48.98%
311,Jhoseph Gim,"Colton, CA",164,2:17:31,10:30,M 50-54/27,M-51,192,2:17:38,49.12%
312,Elia Cobian,"Fontana, CA",114,2:17:33,10:30,F 30-34/23,F-32,120,2:17:41,48.01%
313,Rajae Aree,"RedlandsGree$, CA",532,2:17:36,10:30,M 30-34/33,M-33,193,2:17:50,43.11%
314,Bas Van Rhee,"Beaumont, CA",427,2:18:00,10:32,M 30-34/34,M-31,194,2:18:11,42.92%
315,Jimmy Soto,"Long Beach, CA",4419,2:18:07,10:33,M 35-39/30,M-37,195,2:18:12,43.66%
316,David Resweber,"San Bernardino, CA",526,2:18:12,10:33,M 35-39/31,M-39,196,2:18:31,44.29%
317,Michael Deetz,"San Bernardino, CA",539,2:18:20,10:34,M 45-49/21,M-49,197,2:18:34,47.99%
318,Kathryn Van Rhee,"Beaumont, CA",428,2:18:33,10:35,F 25-29/24,F-29,121,2:18:44,47.52%
319,Vanessa Herrera,"Valley Village, CA",187,2:18:40,10:35,F 35-39/17,F-38,122,2:19:02,48.82%
320,Jose Monje,"Valencia, CA",544,2:18:49,10:36,M 50-54/28,M-54,198,2:18:51,49.94%
321,Molly Conroy-Ungerecht,"Cherry Valley, CA",118,2:18:56,10:36,F 35-39/18,F-39,123,2:19:18,49.06%
322,Roberty Boshart,"Rancho Cucamonga, CA",84,2:18:56,10:36,M 45-49/22,M-46,199,2:19:11,46.61%
323,Shawn Armstrong,"Redlands, CA",524,2:19:07,10:37,M 35-39/32,M-35,200,2:19:52,42.89%
324,Amy Locust,"Redlands, CA",259,2:19:07,10:37,F 25-29/25,F-27,124,2:19:52,47.33%
325,Alan Chin,"Highland, CA",108,2:19:12,10:38,M 50-54/29,M-54,201,2:19:53,49.80%
326,Bethania Siviero,"Loma Linda, CA",386,2:19:13,10:38,F 30-34/24,F-31,125,2:19:46,47.37%
327,Theodis R Ward,"Loma Linda, CA",440,2:19:16,10:38,M 55-59/7,M-57,202,2:19:26,51.13%
328,Melissa Bailey,"Sherman Oaks, CA",55,2:19:30,10:39,F 30-34/25,F-34,126,2:19:51,47.60%
329,Lee Cooper,"Redlands, CA",120,2:19:33,10:39,M 65-69/4,M-66,203,2:19:46,55.57%
330,Christa Swanson,"Corona, CA",402,2:19:37,10:39,F 35-39/19,F-38,127,2:19:50,48.48%
331,Lindsey Lopez,"Riverside, CA",262,2:19:46,10:40,F 25-29/26,F-27,128,2:20:06,47.11%
332,Laura Layne,"Highland, CA",248,2:20:09,10:42,F 50-54/9,F-50,129,2:20:25,54.70%
333,Joseph Ubina,"Victorville, CA",420,2:20:27,10:43,M 30-34/35,M-34,204,2:21:03,42.33%
334,Joe Murillo,"Fontana, CA",302,2:20:27,10:43,M 60-64/3,M-62,205,2:20:30,53.11%
335,Alicia Lozada,"Redlands, CA",479,2:20:45,10:45,F 45-49/18,F-48,130,2:21:00,53.13%
336,Denise Martin,"Corona, CA",274,2:20:49,10:45,F 30-34/26,F-33,131,2:20:50,47.01%
337,Dennis Johnston,"Yucaipa, CA",210,2:20:59,10:46,M 30-34/36,M-32,206,2:21:33,42.02%
338,Jack Moore,"Big Bear City, CA",295,2:21:21,10:47,M 75-99/2,M-78,207,2:21:40,64.54%
339,Dana La Curan,"Alta Loma, CA",240,2:21:25,10:48,F 25-29/27,F-29,132,2:21:42,46.56%
340,Spencer Baldwin,"Rialto, CA",57,2:21:40,10:49,M 16-19/7,M-19,208,2:21:56,42.78%
341,Dolores Soto,"Cypress, CA",391,2:21:41,10:49,F 35-39/20,F-35,133,2:21:45,47.05%
342,Kelli De Booy,"Grand Terrace, CA",27,2:21:42,10:49,F 25-29/28,F-28,134,2:21:59,46.47%
343,Socorro Severson,"San Bernardino, CA",377,2:21:44,10:49,F 40-44/17,F-43,135,2:21:52,49.75%
344,Misty Griffin,"Perris, CA",174,2:21:51,10:50,F 45-49/19,F-46,136,2:22:09,51.43%
345,Rosalind Vaccarello,"Cherry Valley, CA",422,2:21:57,10:50,F 50-54/10,F-52,137,2:22:09,55.41%
346,Chris Blanchfield,"Highland, CA",79,2:21:59,10:50,M 40-44/25,M-40,209,2:22:26,43.45%
347,Al Cazas,"Loma Linda, CA",103,2:22:10,10:51,M 50-54/30,M-52,210,2:22:45,47.92%
348,Gedeon Pagarigan,"Redlands, CA",318,2:22:19,10:52,M 35-39/33,M-39,211,2:22:46,43.01%
349,Peter Toller,"Hesperia, CA",416,2:22:30,10:53,M 45-49/23,M-48,212,2:23:09,46.20%
350,Kenneth Kamemoto,"San Pedro, CA",216,2:22:30,10:53,M 45-49/24,M-45,213,2:22:47,45.07%
351,Desiree Morris,"Mentone, CA",298,2:22:53,10:54,F 35-39/21,F-37,138,2:23:36,47.11%
352,Bernard Garcia,"Rancho Cucamonga, CA",11,2:23:03,10:55,M 35-39/34,M-37,214,2:23:39,42.16%
353,Jasmine Baptist,"Redlands, CA",60,2:23:18,10:56,F 25-29/29,F-28,139,2:23:42,45.95%
354,Chuck Griffin,"Perris, CA",173,2:23:19,10:56,M 50-54/31,M-50,215,2:23:37,46.72%
355,Rebecca Lohman,"Riverside, CA",260,2:23:37,10:58,F 25-29/30,F-26,140,2:23:58,45.84%
356,Sarah Gonzalez,"Riverside, CA",169,2:23:38,10:58,F 25-29/31,F-26,141,2:23:58,45.84%
357,Dave Simpson,"Redlands, CA",384,2:23:38,10:58,M 50-54/32,M-50,216,2:23:49,46.62%
358,Melissa Sandoval,"Riverside, CA",372,2:24:10,11:00,F 25-29/32,F-25,142,2:24:31,45.67%
359,Gerry Punongbayan,"Yucaipa, CA",334,2:24:20,11:01,M 40-44/26,M-41,217,2:24:37,43.09%
360,Steve Miller,"Yucaipa, CA",292,2:24:20,11:01,M 50-54/33,M-51,218,2:24:37,46.80%
361,Eva Tibbo,"Ontario, CA",413,2:24:33,11:02,F 35-39/22,F-36,143,2:25:15,46.32%
362,Maurice Jones,"Redlands, CA",211,2:24:48,11:03,M 40-44/27,M-42,219,2:25:09,43.29%
363,Willie Ross,"Forest Falls, CA",360,2:24:59,11:04,M 25-29/26,M-27,220,2:25:10,40.85%
364,James Anholm,"Redlands, CA",43,2:25:15,11:05,M 55-59/8,M-58,221,2:25:37,49.47%
365,Lisa Debewedet,"Highland, CA",1177,2:25:46,11:08,F 45-49/20,F-49,144,2:26:03,51.94%
366,Wesley Ellis,"Mentone, CA",143,2:26:00,11:09,M 30-34/37,M-32,222,2:26:31,40.58%
367,Brenda Lamph,"Riverside, CA",242,2:27:04,11:14,F 45-49/21,F-47,145,2:27:28,50.22%
368,Anthony Perry,"Riverside, CA",329,2:27:18,11:15,M 25-29/27,M-27,223,2:27:26,40.21%
369,Kristin Hinds,"Beaumont, CA",190,2:27:19,11:15,F 35-39/23,F-36,146,2:28:03,45.45%
370,Patti Poyneer,"Beaumont, CA",333,2:27:23,11:15,F 40-44/18,F-43,147,2:28:00,47.84%
371,Kevin Bedel,"Redlands, CA",67,2:27:43,11:17,M 25-29/28,M-27,224,2:28:09,40.09%
372,Debbie Eshelman,"Highland, CA",147,2:27:44,11:17,F 25-29/33,F-29,148,2:28:07,44.57%
373,Amy Bedel,"Redlands, CA",66,2:27:46,11:17,F 25-29/34,F-25,149,2:28:10,44.56%
374,Patrick Munar,"Cherry Valley, CA",301,2:27:49,11:17,M 30-34/38,M-33,225,2:28:14,40.13%
375,Ron Mataya,"Loma Linda, CA",277,2:27:55,11:17,M 55-59/9,M-58,226,2:28:00,48.58%
376,Earl Quijada,"Temecula, CA",4422,2:28:00,11:18,M 40-44/28,M-40,227,2:28:30,41.68%
377,Tammy Terry,"Yucaipa, CA",410,2:28:07,11:18,F 45-49/22,F-47,150,2:28:10,49.86%
378,Anita Barrett,"Redlands, CA",63,2:28:59,11:22,F 50-54/11,F-54,151,2:29:06,54.21%
379,Jennifer Lahood,"Riverside, CA",241,2:29:11,11:23,F 20-24/13,F-23,152,2:29:38,44.13%
380,Kimberlee Hartwig,"Riverside, CA",181,2:29:11,11:23,F 20-24/14,F-22,153,2:29:38,44.13%
381,Audrey Maqueira,"San Bernardino, CA",272,2:29:29,11:25,F 25-29/35,F-25,154,2:29:31,44.05%
382,In Seok Jeon,"Colton, CA",546,2:29:30,11:25,M 45-49/25,M-45,228,2:29:33,42.96%
383,James Galyen,"Redlands, CA",158,2:29:37,11:25,M 65-69/5,M-69,229,2:29:37,53.42%
384,Amanda Alwine,"Morongo Valley, CA",39,2:29:57,11:27,F 30-34/27,F-30,155,2:30:39,43.92%
385,Kevin Izquierdo,"Fontana, CA",204,2:30:22,11:29,M 20-24/14,M-22,230,2:30:32,39.41%
386,Jon Reyna,"Houston, TX",345,2:30:26,11:29,M 40-44/29,M-40,231,2:30:51,41.01%
387,Kristin Gillard,"Redlands, CA",3936,2:30:34,11:30,F 45-49/23,F-45,156,2:30:40,47.88%
388,Bridget O'Connell,"Santa Monica, CA",311,2:30:36,11:30,F 30-34/28,F-34,157,2:31:06,44.10%
389,Andrew Cho,"Colton, CA",109,2:30:50,11:31,M 65-69/6,M-67,232,2:30:53,51.93%
390,Richard Alvarez,"Perris, CA",37,2:30:52,11:31,M 20-24/15,M-20,233,2:31:20,39.72%
391,Valerie Burton,"Riverside, CA",505,2:30:57,11:31,F 55-59/6,F-58,158,2:31:05,56.53%
392,Jim Musgrave,"Victorville, CA",304,2:31:00,11:32,M 40-44/30,M-43,234,2:31:19,41.85%
393,Joshua Goodman,"Loma Linda, CA",170,2:31:32,11:34,M 25-29/29,M-26,235,2:31:47,39.08%
394,Michael Hastert,"Blue Jay, CA",183,2:32:01,11:36,M 50-54/34,M-51,236,2:32:01,44.43%
395,Rebecca Hastert,"Redlands, CA",184,2:32:01,11:36,F 20-24/15,F-21,159,2:32:01,43.31%
396,Tina Cazas,"Loma Linda, CA",104,2:32:03,11:36,F 50-54/12,F-52,160,2:32:35,51.73%
397,Jennifer Caraveo,"Big Bear City, CA",100,2:32:06,11:37,F 25-29/36,F-29,161,2:32:10,43.29%
398,Steve Deslauriers,"Redlands, CA",136,2:32:23,11:38,M 25-29/30,M-26,237,2:32:37,38.86%
399,Annie Teall,"Yucaipa, CA",408,2:32:26,11:38,F 45-49/24,F-45,162,2:32:26,47.29%
400,Pattie Hoffman,"Redlands, CA",193,2:32:26,11:38,F 45-49/25,F-45,163,2:32:31,47.29%
401,Lisa Villalpando,"Redlands, CA",437,2:32:31,11:39,F 50-54/13,F-50,164,2:32:36,50.26%
402,Erin Westphal,"Redlands, CA",447,2:32:54,11:40,F 20-24/16,F-23,165,2:33:20,43.06%
403,Carlla Westphal,"Chico, CA",446,2:32:54,11:40,F 50-54/14,F-53,166,2:33:20,52.13%
404,Christine Taitano,"Murrieta, CA",404,2:33:10,11:42,F 40-44/19,F-44,167,2:33:19,46.53%
405,Erin Borders,"Santa Ana, CA",82,2:33:19,11:42,F 16-19/1,F-17,168,2:33:50,44.25%
406,Patrick Arakawa,"Moreno Valley, CA",45,2:33:25,11:43,M 45-49/26,M-45,238,2:34:03,41.86%
407,Conradical Daniel,"Redlands, CA",562,2:33:25,11:43,M 60-64/4,M-61,239,2:33:56,48.16%
408,David Bland,"Redlands, CA",80,2:33:27,11:43,M 55-59/10,M-59,240,2:33:49,47.27%
409,Esperanza Lopez,"Moreno Valley, CA",261,2:33:42,11:44,F 35-39/24,F-37,169,2:34:00,43.79%
410,Trisha Samseli,"Moorpark, CA",369,2:34:04,11:46,F 45-49/26,F-48,170,2:34:06,48.53%
411,John Borders,"Santa Ana, CA",83,2:34:18,11:47,M 50-54/35,M-50,241,2:34:47,43.39%
412,Jonathan Wollam,"Highland, CA",493,2:35:06,11:50,M 25-29/31,M-28,242,2:35:26,38.18%
413,Susan Charles-Daza,"Murrieta, CA",106,2:35:18,11:51,F 35-39/25,F-37,171,2:35:27,43.34%
414,John Zaragoza,"Riverside, CA",461,2:35:29,11:52,M 35-39/35,M-35,243,2:35:51,38.38%
415,Raymond Diaz,"Redlands, CA",139,2:35:35,11:53,M 16-19/8,M-18,244,2:35:42,39.48%
416,Laura Felix-Moyer,"Highland, CA",473,2:35:41,11:53,F 40-44/20,F-40,172,2:36:20,44.10%
417,Richard Power,"Fontana, CA",332,2:35:53,11:54,M 40-44/31,M-44,245,2:36:15,40.87%
418,Sameul Shavit,"Moorpark, CA",379,2:35:56,11:54,M 50-54/36,M-52,246,2:35:59,43.69%
419,Jackie Rountree,"San Bernardino, CA",362,2:36:09,11:55,F 40-44/21,F-44,173,2:36:24,45.64%
420,Brandon Ramirez,"Riverside, CA",337,2:36:09,11:55,M 20-24/16,M-24,247,2:36:35,37.93%
421,Shannon Romero,"San Bernardino, CA",357,2:36:10,11:55,F 35-39/26,F-36,174,2:36:24,42.88%
422,Marie Rouleau,"Redlands, CA",361,2:36:13,11:55,F 30-34/29,F-34,175,2:36:13,42.51%
423,Robin Gossage,"Rancho Cucamonga, CA",172,2:36:20,11:56,F 45-49/27,F-49,176,2:36:27,48.43%
424,Gail Edwards,"Alta Loma, CA",502,2:36:45,11:58,F 55-59/7,F-56,177,2:36:52,52.95%
425,Gina Briones,"Redlands, CA",564,2:36:47,11:58,F 25-29/37,F-26,178,2:37:03,41.99%
426,Dian Parraz,"Nuevo, CA",323,2:36:47,11:58,F 45-49/28,F-45,179,2:37:06,45.98%
427,Gilbert Yzaguirre,"Highland, CA",460,2:38:15,12:05,M 50-54/37,M-52,248,2:38:48,43.05%
428,Tom Phan,"Rosemead, CA",330,2:39:01,12:08,M 30-34/39,M-33,249,2:39:27,37.31%
429,Lauriehff Hoffee,"Yucaipa, CA",191,2:39:22,12:10,F 25-29/38,F-26,180,2:39:46,41.31%
430,Peter Uwarow,"Hesperia, CA",421,2:39:50,12:12,M 30-34/40,M-33,250,2:40:22,37.12%
431,Melisa Sipes,"Apple Valley, CA",385,2:40:33,12:15,F 30-34/30,F-32,181,2:40:43,41.13%
432,Victor Sanchez,"Fontana, CA",488,2:40:59,12:17,M 40-44/32,M-42,251,2:41:17,38.94%
433,Marlene Kogel,"Yucaipa, CA",226,2:41:00,12:17,F 40-44/22,F-40,182,2:41:06,42.64%
434,Debbie Gentry,"Covina, CA",162,2:41:00,12:17,F 45-49/29,F-46,183,2:41:14,45.32%
435,Melody Van Aken,"Colton, CA",426,2:41:32,12:20,F 45-49/30,F-47,184,2:41:38,45.72%
436,Cheryl Beal,"Riverside, CA",65,2:41:42,12:21,F 45-49/31,F-45,185,2:42:22,44.58%
437,Jeanne Gauthier,"Redlands, CA",160,2:41:46,12:21,F 45-49/32,F-46,186,2:41:54,45.10%
438,Hyukdong Kwon,"Redlands, CA",239,2:42:27,12:24,M 55-59/11,M-59,252,2:42:34,44.65%
439,Dana Nun,"Cathedral City, CA",310,2:42:32,12:24,F 25-29/39,F-26,187,2:43:10,40.51%
440,Monica Bennett,"Hesperia, CA",69,2:42:32,12:24,F 40-44/23,F-41,188,2:43:04,42.58%
441,Vanessa Medina,"Perris, CA",287,2:43:02,12:27,F 20-24/17,F-24,189,2:43:31,40.38%
442,Raquel Tafoya,"Perris, CA",403,2:43:02,12:27,F 25-29/40,F-25,190,2:43:31,40.38%
443,Javier Pina,"Riverside, CA",4315,2:43:15,12:28,M 35-39/36,M-35,253,2:43:41,36.55%
444,Jane Gopez,"Moreno Valley, CA",171,2:43:43,12:30,F 30-34/31,F-33,191,2:43:51,40.43%
445,Leticia Ruben,"Redlands, CA",365,2:43:48,12:30,F 45-49/33,F-47,192,2:44:14,45.09%
446,Claudia Rodriguez,"Riverside, CA",19,2:45:01,12:36,F 20-24/18,F-23,193,2:45:13,39.90%
447,Dora Caceres,"Redlands, CA",97,2:45:18,12:37,F 40-44/24,F-41,194,2:45:29,41.87%
448,Shari Lauda,"Nuevo, CA",545,2:46:14,12:41,F 50-54/15,F-54,195,2:46:26,48.58%
449,Ann Steiner,"Yucaipa, CA",395,2:46:20,12:42,F 60-64/1,F-61,196,2:46:55,53.57%
450,Carol Ross,"Redlands, CA",359,2:46:24,12:42,F 45-49/34,F-47,197,2:46:48,44.39%
451,Kelly Collier,"Ontario, CA",116,2:46:47,12:44,F 35-39/27,F-36,198,2:47:22,40.15%
452,Smitha Paramanandan,"Mira Loma, CA",322,2:46:52,12:44,F 25-29/41,F-29,199,2:47:01,39.46%
453,Jeff Spencer,"Alta Loma, CA",394,2:47:22,12:46,M 50-54/38,M-52,254,2:47:42,40.70%
454,Chris Mackenzie,"Alta Loma, CA",267,2:47:25,12:47,F 45-49/35,F-46,200,2:47:38,43.58%
455,Jessica Courtright,"Alta Loma, CA",124,2:47:25,12:47,F 35-39/28,F-39,201,2:47:37,40.71%
456,Bradley Tatum,"Riverside, CA",406,2:47:54,12:49,M 20-24/17,M-23,255,2:48:38,35.27%
457,James Smith,"Pensacola, FL",388,2:48:04,12:50,M 35-39/37,M-38,256,2:48:24,36.14%
458,Madeilaine Palma,"Loma Linda, CA",538,2:48:12,12:50,F 40-44/25,F-43,202,2:48:25,41.92%
459,Kim Wymore,"Apple Valley, CA",458,2:48:41,12:52,F 35-39/29,F-35,203,2:49:01,39.52%
460,Jorge Sanchez,"Pacoima, CA",487,2:49:15,12:55,M 50-54/39,M-50,257,2:49:33,39.56%
461,Nora Zepeda,"Los Angeles, CA",464,2:50:30,13:01,F 40-44/26,F-44,204,2:50:49,41.80%
462,Donald Rodriguez,"Colton, CA",528,2:50:31,13:01,M 45-49/27,M-48,258,2:51:03,38.61%
463,Carol Ward,"Yucaipa, CA",438,2:52:16,13:09,F 45-49/36,F-48,205,2:52:27,43.41%
464,Robin Windhorst,"Moreno Valley, CA",455,2:52:17,13:09,F 45-49/37,F-49,206,2:52:27,43.94%
465,Dannielle Ivey,"Redlands, CA",202,2:52:22,13:09,F 30-34/32,F-31,207,2:52:50,38.26%
466,Janette Pagarigan,"Redlands, CA",319,2:52:22,13:09,F 40-44/27,F-40,208,2:52:50,39.83%
467,Francine Lemaster,"Yucaipa, CA",252,2:53:15,13:13,F 40-44/28,F-43,209,2:53:33,40.70%
468,Jeje Noval,"Redlands, CA",309,2:53:36,13:15,F 35-39/30,F-39,210,2:53:50,39.26%
469,Naara Valdez,"Redlands, CA",424,2:53:37,13:15,F 35-39/31,F-38,211,2:53:51,38.99%
470,Carlos Valenzuela,"Redlands, CA",506,2:54:40,13:20,M 45-49/28,M-45,259,2:54:50,36.77%
471,Rosa Chavez,"Redlands, CA",107,2:54:41,13:20,F 45-49/38,F-49,212,2:54:51,43.34%
472,Heather Stewart,"Redlands, CA",397,2:55:20,13:23,F 30-34/33,F-31,213,2:56:14,37.61%
473,Renee Augustine,"San Jacinto, CA",548,2:55:24,13:23,F 40-44/29,F-44,214,2:56:06,40.63%
474,Alfonso Fernandez,"Rialto, CA",150,2:55:42,13:25,M 30-34/41,M-30,260,2:55:57,33.71%
475,Carla Tilley-Barker,"Riverside, CA",414,2:55:46,13:25,F 35-39/32,F-36,215,2:55:49,38.09%
476,Kelly Kuhns,"Redlands, CA",234,2:55:50,13:25,F 35-39/33,F-39,216,2:56:05,38.76%
477,Tony Wilcox,"Redlands, CA",453,2:57:32,13:33,M 45-49/29,M-45,261,2:58:00,36.18%
478,Martin Lothyan,"Yucaipa, CA",263,2:57:48,13:34,M 60-64/5,M-64,262,2:58:27,42.77%
479,David Chai,"Loma Linda, CA",105,2:58:00,13:35,M 60-64/6,M-60,263,2:58:32,41.13%
480,Bethany Sloan,"Yucaipa, CA",387,2:58:09,13:36,F 20-24/19,F-24,217,2:58:21,36.96%
481,Beth Vickers,"Hemet, CA",4417,2:58:16,13:36,F 30-34/34,F-30,218,2:58:33,36.94%
482,Patty Holohan,"Redlands, CA",194,2:58:37,13:38,F 45-49/39,F-49,219,2:59:03,42.39%
483,Ajaykumar Dighe,"Diamond Bar, CA",472,2:59:40,13:43,M 40-44/33,M-44,264,2:59:52,35.46%
484,Diane Durden,"Twentynine Palms, CA",560,3:01:28,13:51,F 40-44/30,F-44,220,3:01:28,39.28%
485,Laurie Odlum,"Yucaipa, CA",313,3:01:31,13:51,F 50-54/16,F-54,221,3:02:01,44.49%
486,Milton Johnson,"Highland, CA",525,3:01:33,13:51,M 70-74/2,M-72,265,3:02:09,45.52%
487,John Mee,"Redlands, CA",482,3:03:03,13:58,M 45-49/30,M-47,266,3:03:15,35.67%
488,Razo Sandra,"Fontana, CA",522,3:03:37,14:01,F 40-44/31,F-43,222,3:03:42,38.40%
489,Irah Astorga,"Moreno Valley, CA",49,3:05:48,14:11,M 30-34/42,M-33,267,3:06:18,31.93%
490,Gena Brown,"Hemet, CA",90,3:06:31,14:14,F 45-49/40,F-47,223,3:06:31,39.60%
491,Marissa Fulache,"Dana Point, CA",549,3:07:35,14:19,F 40-44/32,F-41,224,3:07:49,36.89%
492,Valerie Anderlik,"Redlands, CA",41,3:11:44,14:38,F 35-39/34,F-36,225,3:12:28,34.92%
493,Van Garner,"Claremont, CA",159,3:14:43,14:52,M 65-69/7,M-65,268,3:15:24,39.44%
494,Ingrid Enoex-Fistori,"Rancho Cucamonga, CA",4402,3:17:50,15:06,F 55-59/8,F-56,226,3:18:06,41.95%
495,Dionne King,"Mentone, CA",221,3:18:15,15:08,F 35-39/35,F-37,227,3:18:42,33.95%
496,Marilyn King,"Mentone, CA",222,3:18:28,15:09,F 55-59/9,F-55,228,3:18:55,41.24%
497,Sir Orville Bingley 3rd,"Palm Desert, CA",76,3:18:36,15:09,M 75-99/3,M-81,269,3:19:02,49.19%
498,Louise Coy,"Redlands, CA",126,3:18:48,15:10,F 60-64/2,F-61,229,3:19:09,44.82%
499,Julie Smith,"Highland, CA",389,3:21:54,15:25,F 40-44/33,F-41,230,3:22:17,34.28%
500,Lindree Roy,"Upland, CA",363,3:24:22,15:36,F 60-64/3,F-60,231,3:24:44,42.97%
501,Maria Veasley,"Riverside, CA",433,3:24:58,15:39,F 40-44/34,F-41,232,3:25:00,33.76%
502,Gloria Lechuga,"Yucaipa, CA",249,3:25:13,15:40,F 50-54/17,F-53,233,3:25:13,38.84%
503,Doris Lynch,"La Habra Heights, CA",266,3:25:43,15:42,F 70-74/1,F-72,234,3:26:17,51.70%
504,Jan Wright,"Claremont, CA",457,3:25:43,15:42,F 70-74/2,F-72,235,3:26:17,51.70%
505,Crystal Mulder,"Redlands, CA",300,3:27:16,15:49,F 30-34/35,F-31,236,3:27:38,31.81%
506,Roy Genger,"Claremont, CA",161,3:39:38,16:46,M 70-74/3,M-71,270,3:40:13,37.18%
507,Polly Van Slambrouck,"Redlands, CA",429,3:39:39,16:46,F 50-54/18,F-53,237,3:40:11,36.29%
508,Laurie Krause,"Colton, CA",233,3:44:25,17:08,F 25-29/42,F-27,238,3:44:57,29.34%
509,Joy Krause,"Las Vegas, NV",232,3:44:25,17:08,F 50-54/19,F-54,239,3:44:59,35.98%
510,Briana Maynor,"Loma Linda, CA",279,3:44:29,17:08,F 25-29/43,F-25,240,3:45:01,29.33%
511,Misty Arias,"Las Vegas, NV",46,3:44:31,17:08,F 40-44/35,F-40,241,3:45:05,30.58%
512,John Mendiola,"Cathedral City, CA",533,3:48:31,17:26,M 40-44/34,M-41,271,3:49:08,27.21%
513,Heather McGinnis,"Riverside, CA",534,3:48:35,17:27,F 30-34/36,F-30,242,3:49:12,28.81%
514,Julia Ringhofer,"San Diego, CA",349,4:14:12,19:24,F 50-54/20,F-52,243,4:14:40,30.94%
515,Wendy Reuben,"San Diego, CA",344,4:14:16,19:24,F 50-54/21,F-53,244,4:14:44,31.35%
516,Jan Williams,"Redlands, CA",3680,4:14:30,19:25,F 50-54/22,F-51,245,4:14:57,30.51%
517,Jovani Diaz,"Perris, CA",138,4:36:30,21:06,M 20-24/18,M-21,272,4:37:01,21.51%
