Place,Name,Location,Bib,Net Time,Pace,Division/Place,Sex-Age,Sex-Place,Gun Time,Age Grade
1,Pete Sturtevant,"San Bernardino, CA",140,1:13:39,5:38,M 35-39/1,M-37,1,1:13:39,81.97%
2,Ricardo Godoyi,"Riverside, CA",563,1:15:04,5:44,M 30-34/1,M-34,2,1:15:08,79.21%
3,Antonio Torres,"Cedar Glen, CA",556,1:15:44,5:47,M 40-44/1,M-41,3,1:15:47,82.13%
4,Anthony Vincent,"San Diego, CA",59,1:23:43,6:24,M 40-44/2,M-41,4,1:23:48,74.29%
5,Alejandro Quezada,"Fontana, CA",554,1:25:13,6:31,M 40-44/3,M-43,5,1:25:16,74.16%
6,Jayme Daniel,"Redlands, CA",169,1:25:19,6:31,F 25-29/1,F-25,1,1:25:19,77.25%
7,Brad Peters,"Riverside, CA",480,1:26:52,6:38,M 45-49/1,M-45,6,1:26:59,73.94%
8,Chris Gryszan,"Redlands, CA",414,1:27:16,6:40,M 25-29/1,M-28,7,1:27:21,67.87%
9,David Armijo,"Rancho Cucamonga, CA",335,1:27:53,6:43,M 40-44/4,M-41,8,1:27:58,70.77%
10,Ismael Carrillo,"Moreno Valley, CA",397,1:28:21,6:45,M 25-29/2,M-28,9,1:28:36,67.04%
11,Matthew Bierowicz,"Palmdale, CA",475,1:28:55,6:47,M 30-34/2,M-30,10,1:29:00,66.61%
12,Brandon Staddan,"Riverside, CA",539,1:29:00,6:48,M 25-29/3,M-27,11,1:29:03,66.55%
13,Eric Rodriguez,"Indio, CA",184,1:29:16,6:49,M 40-44/5,M-43,12,1:29:21,70.79%
14,Nicholas Brezovar,"Redlands, CA",255,1:32:09,7:02,M 30-34/3,M-33,13,1:32:15,64.38%
15,Keith Richardsdinger,"Redlands, CA",540,1:32:28,7:04,M 40-44/6,M-43,14,1:32:34,68.34%
16,Tim Rubio,"Redlands, CA",413,1:33:06,7:07,M 30-34/4,M-33,15,1:33:06,63.72%
17,Leon Viljoen,"Highland, CA",215,1:33:24,7:08,M 35-39/2,M-37,16,1:33:28,64.57%
18,Fred Aguilar,"Redlands, CA",800,1:33:25,7:08,M 45-49/2,M-46,17,1:33:29,69.33%
19,Geoff Roche,"Redlands, CA",306,1:33:30,7:08,M 35-39/3,M-37,18,1:33:46,64.50%
20,Tom Goldman,"Los Angeles, CA",162,1:33:37,7:09,M 25-29/4,M-28,19,1:34:04,63.27%
21,Israel Pena,"Corona, CA",7,1:33:59,7:11,M 35-39/4,M-35,20,1:34:14,63.50%
22,Bob Baumann,"San Dieog, CA",24,1:34:07,7:11,M 25-29/5,M-29,21,1:34:26,62.93%
23,Jeff Ness,"Claremont, CA",353,1:34:08,7:11,M 40-44/7,M-41,22,1:34:27,66.07%
24,Hayley Hunt,"Loma Linda, CA",81,1:34:09,7:11,F 20-24/1,F-23,2,1:34:33,69.94%
25,Sean Marchal,"Menifee, CA",155,1:35:21,7:17,M 40-44/8,M-43,23,1:35:32,66.28%
26,Alexander Knecht,"Loma Linda, CA",581,1:35:29,7:17,M 16-19/1,M-19,24,1:36:22,63.48%
27,Jason Chrispens,"Redlands, CA",348,1:35:35,7:18,M 30-34/5,M-30,25,1:36:36,61.96%
28,Mark Averett,"Riverside, CA",294,1:35:37,7:18,M 25-29/6,M-29,26,1:35:47,61.94%
29,Alan Eldridge,"Los Angeles, CA",401,1:36:02,7:20,M 25-29/7,M-25,27,1:36:12,61.67%
30,Lisa Cohen,"Redlands, CA",797,1:36:13,7:21,F 25-29/2,F-26,3,1:36:17,68.43%
31,Julio Calicdan,"Upland, CA",587,1:36:33,7:22,M 25-29/8,M-26,28,1:36:40,61.34%
32,Leon Long,"Yucaipa, CA",405,1:36:40,7:23,M 40-44/9,M-41,29,1:36:47,64.34%
33,Manuel Ochoa,"Mira Loma, CA",567,1:36:44,7:23,M 50-54/1,M-51,30,1:37:42,69.81%
34,Antonio Cillo,"Yucca Valley, CA",557,1:36:53,7:24,M 25-29/9,M-25,31,1:37:00,61.13%
35,Steven Vanesch,"Redlands, CA",501,1:37:13,7:25,M 40-44/10,M-40,32,1:37:19,63.46%
36,Todd Rau,"Redlands, CA",98,1:37:26,7:26,M 40-44/11,M-41,33,1:37:41,63.83%
37,Michael Redpath,"Redlands, CA",481,1:38:10,7:30,M 40-44/12,M-43,34,1:38:16,64.37%
38,Elizabeth Anderson,"Brea, CA",163,1:38:43,7:32,F 30-34/1,F-30,4,1:38:55,66.72%
39,Joseph Vanderhoff,"Moreno Valley, CA",553,1:39:06,7:34,M 35-39/5,M-35,35,1:39:50,60.22%
40,Ryan Grover,"Loma Linda, CA",373,1:39:12,7:35,M 35-39/6,M-36,36,1:39:23,60.44%
41,Zacharie Cyrus,"Buena Park, CA",532,1:39:16,7:35,M 25-29/10,M-26,37,1:39:45,59.66%
42,Tom Whittemore,"Redlands, CA",426,1:39:46,7:37,M 45-49/3,M-46,38,1:40:02,64.91%
43,Jordan Goldie,"Riverside, CA",299,1:39:58,7:38,M 16-19/2,M-17,39,1:40:06,62.28%
44,Fred Winkler,"Victorville, CA",226,1:40:03,7:38,M 50-54/2,M-50,40,1:40:15,66.93%
45,Therese Cools,"Redlands, CA",580,1:40:08,7:39,F 30-34/2,F-30,5,1:40:33,65.77%
46,Roger Light,"Highland, CA",570,1:40:10,7:39,M 45-49/4,M-46,41,1:40:10,64.64%
47,Timothy Lapierre,"Loma Linda, CA",237,1:40:45,7:42,M 30-34/6,M-31,42,1:40:55,58.79%
48,Refugio Rodriguez,"Riverside, CA",201,1:41:22,7:44,M 35-39/7,M-39,43,1:41:27,60.38%
49,Matthew Harry,"Redlands, CA",590,1:41:43,7:46,M 25-29/11,M-26,44,1:42:16,58.23%
50,Travis Meier,"Redlands, CA",249,1:42:13,7:48,M 30-34/7,M-30,45,1:42:49,57.94%
51,Tam Darke,"Nuevo, CA",274,1:42:24,7:49,F 40-44/1,F-41,6,1:42:30,66.86%
52,Michael Frazier,"Highland, CA",45,1:42:39,7:50,M NoAge/1,M-0,46,1:42:49, 0.00%
53,Phil Holst,"Redlands, CA",502,1:42:50,7:51,M 25-29/12,M-29,47,1:43:11,57.59%
54,Eric Lopez,"Redlands, CA",11,1:42:58,7:52,M 07-15/1,M-14,48,1:43:04,63.74%
55,Matthew Mattson,"Huntington Beach, CA",62,1:43:04,7:52,M 25-29/13,M-27,49,1:43:15,57.46%
56,Stefan Gogosha,"Irvine, CA",18,1:43:10,7:53,M 35-39/8,M-39,50,1:43:24,59.33%
57,Jennifer Mundall,"Loma Linda, CA",331,1:43:31,7:54,F 30-34/3,F-30,7,1:44:12,63.62%
58,Maggie Jones,"Yucaipa, CA",435,1:43:38,7:55,F 20-24/2,F-24,8,1:44:18,63.54%
59,Tracy Kennedy,"Paul, ID",248,1:43:50,7:56,M 35-39/9,M-35,51,1:44:10,57.47%
60,Kelsey O'Callaghan,"Salt Lake City, UT",200,1:43:55,7:56,F 20-24/3,F-21,9,1:44:12,63.36%
61,Quang Pham,"Mission Viejo, CA",578,1:44:03,7:57,M 45-49/5,M-46,52,1:44:08,62.24%
62,Brian Zubak,"Riverside, CA",496,1:44:32,7:59,M 30-34/8,M-34,53,1:44:55,56.88%
63,John Curlowicz,"Redlands, CA",73,1:45:12,8:02,M 25-29/14,M-26,54,1:45:32,56.30%
64,Rudy Onate,"Harbor City, CA",22,1:45:29,8:03,M 45-49/6,M-45,55,1:45:33,60.89%
65,Don Rhea,"Redlands, CA",254,1:45:34,8:04,M 50-54/3,M-50,56,1:46:12,63.43%
66,John Cools,"Moreno Valley, CA",319,1:45:41,8:04,M 55-59/1,M-55,57,1:46:07,66.18%
67,Gil Sumaya,"San Bernardino, CA",52,1:45:44,8:04,M 25-29/15,M-29,58,1:46:00,56.01%
68,Kathleen Witham,"Redlands, CA",538,1:46:04,8:06,F 30-34/4,F-32,10,1:46:16,62.23%
69,Kelley Hawkins,"San Marcos, CA",301,1:46:29,8:08,F 20-24/4,F-22,11,1:46:39,61.83%
70,Peter Lirungan,"Loma Linda, CA",4257,1:46:32,8:08,M 45-49/7,M-49,59,1:46:39,62.32%
71,Lawrence Gregge,"Moreno Valley, CA",585,1:46:43,8:09,M 55-59/2,M-55,60,1:47:01,65.54%
72,Kelly Bugarin,"Moreno Valley, CA",212,1:46:44,8:09,F 25-29/3,F-28,12,1:47:01,61.69%
73,Tony Tim,"Fontana, CA",323,1:46:59,8:10,M 25-29/16,M-27,61,1:47:56,55.36%
74,Steve Figueroa,"La Verne, CA",134,1:47:02,8:10,M 35-39/10,M-39,62,1:47:38,57.19%
75,Keith Pape,"Arcadia, CA",124,1:47:03,8:10,M 40-44/13,M-42,63,1:47:49,58.56%
76,Tim Dixon,"Rancho Cucamonga, CA",224,1:47:23,8:12,M 35-39/11,M-35,64,1:47:58,55.57%
77,Steven Chenes,"Redlands, CA",583,1:47:37,8:13,M 20-24/1,M-24,65,1:47:53,55.03%
78,Ruth Bury,"Temecula, CA",361,1:47:39,8:13,F 50-54/1,F-51,13,1:47:47,70.15%
79,Andre Chavez,"Los Angeles, CA",256,1:47:40,8:13,M 30-34/9,M-30,66,1:47:52,55.00%
80,Dan Adams,"Pinion Hills, CA",303,1:48:27,8:17,M 60-64/1,M-62,67,1:48:27,68.78%
81,Michael Robles,"Redlands, CA",257,1:48:32,8:17,M 40-44/14,M-40,68,1:49:41,56.84%
82,Alex Nelson,"Redlands, CA",6,1:48:44,8:18,M 07-15/2,M-12,69,1:49:15,63.42%
83,Stephanie Boyer,"Riverside, CA",519,1:48:49,8:19,F 16-19/1,F-19,14,1:49:02,60.85%
84,Holly Rodriguez,"Riverside, CA",230,1:49:01,8:19,F 30-34/5,F-34,15,1:49:35,60.80%
85,Tim Holcomb,"Redlands, CA",271,1:49:07,8:20,M 50-54/4,M-50,70,1:49:33,61.37%
86,Larry Boyer,"Riverside, CA",518,1:49:17,8:21,M 50-54/5,M-52,71,1:49:30,62.34%
87,Curtis Byrd,"Moreno Valley, CA",470,1:49:32,8:22,M 25-29/17,M-28,72,1:49:52,54.07%
88,Kyle Rizzo,"Redlands, CA",500,1:49:53,8:23,M 20-24/2,M-24,73,1:50:14,53.90%
89,Javier Gutierrez,"Redlands, CA",334,1:50:11,8:25,M 25-29/18,M-27,74,1:50:21,53.75%
90,Charles Knecht,"Loma Linda, CA",582,1:50:12,8:25,M 50-54/6,M-51,75,1:51:04,61.29%
91,Andrew Christopherson,"Redlands, CA",176,1:50:12,8:25,M 30-34/10,M-34,76,1:51:20,53.96%
92,Pall Gudgeirsson,"San Clemente, CA",473,1:50:21,8:26,M 60-64/2,M-61,77,1:50:29,66.96%
93,Lesley Valentine,"Indio, CA",126,1:50:38,8:27,F 30-34/6,F-33,16,1:50:56,59.76%
94,Ron Richards,"Highland, CA",326,1:50:39,8:27,M 40-44/15,M-42,78,1:50:59,56.66%
95,Lesley Leal,"La Quinta, CA",246,1:50:39,8:27,F 30-34/7,F-33,17,1:50:56,59.76%
96,Don Benedicto,"Colton, CA",449,1:50:43,8:27,M 50-54/7,M-53,79,1:51:05,62.07%
97,Leisha Clendenen,"Riverside, CA",452,1:51:23,8:30,F 35-39/1,F-35,18,1:51:35,59.68%
98,Diana Endler,"San Bernardino, CA",261,1:51:40,8:32,F 45-49/1,F-48,19,1:52:04,65.22%
99,Matthew White,"Redlands, CA",574,1:51:41,8:32,M 35-39/12,M-37,80,1:52:03,54.00%
100,Brent Johnson,"Highland, CA",417,1:51:41,8:32,M 45-49/8,M-47,81,1:52:06,58.46%
101,Frank Guevara,"Rancho Cucamonga, CA",465,1:52:03,8:33,M 55-59/3,M-55,82,1:52:20,62.42%
102,Trent Shumway,"Redlands, CA",359,1:52:04,8:33,M 30-34/11,M-34,83,1:52:52,53.06%
103,Christin Ilharreguy,"San Dimas, CA",594,1:52:06,8:34,F 35-39/2,F-35,20,1:52:29,59.30%
104,Selvin Fong,"Moreno Valley Ca, CA",394,1:52:10,8:34,M 35-39/13,M-35,84,1:52:15,53.20%
105,Brian Hoehn,"Redlands, CA",174,1:52:13,8:34,M 30-34/12,M-32,85,1:52:26,52.79%
106,Matthew Trussell,"Beaumont, CA",170,1:52:20,8:35,M 40-44/16,M-42,86,1:52:57,55.81%
107,Jamie Plymesser,"Redlands, CA",366,1:52:27,8:35,M 35-39/14,M-35,87,1:53:13,53.07%
108,Ramon Dunnigan,"Colton, CA",297,1:52:28,8:35,M 40-44/17,M-43,88,1:52:49,56.19%
109,Tiffany Thiel,"Loma Linda, CA",80,1:52:36,8:36,F 20-24/5,F-23,21,1:53:01,58.48%
110,Amber Rho,"Los Angeles, CA",347,1:52:40,8:36,F 25-29/4,F-28,22,1:52:51,58.44%
111,Lorne Jennex,"Fontana, CA",209,1:52:55,8:37,M 35-39/15,M-39,89,1:53:21,54.21%
112,Monica Olivas,"Lake Forest, CA",584,1:52:59,8:38,F 25-29/5,F-28,23,1:53:08,58.28%
113,John Carre,"Royersford, PA",227,1:53:01,8:38,M 55-59/4,M-59,90,1:53:37,64.19%
114,Chauntai Marchal,"Menifee, CA",154,1:53:15,8:39,F 30-34/8,F-33,24,1:53:26,58.39%
115,Christine Brandt,"Green Valley Lake, CA",220,1:53:17,8:39,F 50-54/2,F-53,25,1:53:24,68.38%
116,Eric Parkes,"Redlands, CA",388,1:53:21,8:39,M 30-34/13,M-32,91,1:53:56,52.26%
117,Marty Ramseier,"Fresno, CA",10,1:53:23,8:39,M 40-44/18,M-40,92,1:54:04,54.41%
118,Michael Alexander,"Hemet, CA",229,1:53:37,8:40,M 45-49/9,M-49,93,1:54:14,58.44%
119,Caroline Boyd,"Redlands, CA",363,1:53:39,8:41,F 45-49/2,F-45,26,1:53:47,62.17%
120,Gary Regalado,"Santa Ana, CA",65,1:53:47,8:41,M 45-49/10,M-47,94,1:54:23,57.38%
121,Daynon Higgins,"Orange, CA",242,1:53:49,8:41,M 35-39/16,M-36,95,1:54:23,52.68%
122,Kimberley Simpson,"Riverside, CA",566,1:54:17,8:44,F 45-49/3,F-45,27,1:54:34,61.83%
123,Timothy Hughes,"Highland, CA",515,1:54:25,8:44,M 30-34/14,M-32,96,1:54:41,51.78%
124,Eric Shamp,"Redlands, CA",551,1:54:25,8:44,M 35-39/17,M-39,97,1:55:14,53.49%
125,Stephanie Denham,"Riverside, CA",37,1:54:39,8:45,F 30-34/9,F-30,28,1:54:51,57.44%
126,Vickie Adams,"Pinon Hills, CA",304,1:54:50,8:46,F 50-54/3,F-50,29,1:54:50,64.94%
127,Joseph Flores,"Victorville, CA",92,1:55:00,8:47,M 07-15/3,M-15,98,1:55:08,55.92%
128,William Chang,"Redlands, CA",152,1:55:08,8:47,M 50-54/8,M-51,99,1:55:23,58.67%
129,Kyle Takenaga,"Riverside, CA",195,1:55:11,8:48,M 40-44/19,M-42,100,1:55:32,54.43%
130,Seve Rodriguez,"Riverside, CA",468,1:55:13,8:48,M 45-49/11,M-46,101,1:55:19,56.21%
131,Jeff Price,"Highland, CA",122,1:55:17,8:48,M 40-44/20,M-41,102,1:55:27,53.95%
132,Kristy Bauer,"Corona, CA",236,1:55:24,8:49,F 25-29/6,F-27,30,1:55:33,57.06%
133,Harold Wilson,"Redlands, CA",381,1:55:26,8:49,M 45-49/12,M-49,103,1:56:27,57.52%
134,Jong Hoon Ko,"Moreno Valley, CA",425,1:55:37,8:50,M 60-64/3,M-61,104,1:56:28,63.91%
135,Charissa Plymesser,"Redlands, CA",365,1:55:38,8:50,F 35-39/3,F-35,31,1:56:26,57.49%
136,William Kosch,"Redlands, CA",233,1:55:53,8:51,M 50-54/9,M-54,105,1:56:25,59.82%
137,Geoff Raya,"Rancho Cucamonga, CA",378,1:56:04,8:52,M 40-44/21,M-41,106,1:56:23,53.58%
138,Don Kowalski,"Beaumont, CA",238,1:56:04,8:52,M 40-44/22,M-41,107,1:56:17,53.58%
139,Rachel Raya,"Alta Loma, CA",316,1:56:05,8:52,F 35-39/4,F-39,32,1:56:23,58.27%
140,William Luu,"Rancho Cucamonga, CA",99,1:56:10,8:52,M 35-39/18,M-39,108,1:56:32,52.69%
141,Jannet Quinones,"San Diego, CA",157,1:56:11,8:52,F 25-29/7,F-28,33,1:56:22,56.67%
142,Raul Herrera,"Rancho Cucamonga, CA",407,1:56:21,8:53,M 50-54/10,M-50,109,1:56:36,57.55%
143,Daniel Alves,"Loma Linda, CA",577,1:56:24,8:53,M 40-44/23,M-42,110,1:56:42,53.86%
144,Michele Vercoski,"Redlands, CA",33,1:56:35,8:54,F 30-34/10,F-33,34,1:56:54,56.72%
145,Kimber Rawson,"Colton, CA",142,1:56:43,8:55,F 40-44/2,F-44,35,1:57:38,60.00%
146,Steven Shields,"Redlands, CA",25,1:56:48,8:55,M 30-34/15,M-30,111,1:57:25,50.71%
147,Amanda Woodruff,"Redlands, CA",447,1:56:50,8:55,F 30-34/11,F-33,36,1:57:01,56.60%
148,Jo Ann Josephson,"Colton, CA",12,1:56:57,8:56,F 50-54/4,F-52,37,1:57:15,65.39%
149,Erika Kennedy,"Lemon Grove, CA",247,1:57:12,8:57,F 30-34/12,F-33,38,1:57:32,56.42%
150,Keri Gatling,"Colton, CA",408,1:57:13,8:57,F 30-34/13,F-32,39,1:57:24,56.31%
151,Tricia Fynewever,"Redlands, CA",550,1:57:15,8:57,F 30-34/14,F-34,40,1:57:32,56.53%
152,Dan Pillasch,"Claremont, CA",206,1:57:24,8:58,M 60-64/4,M-61,112,1:57:52,62.94%
153,Jeff Wasserman,"Corona, CA",281,1:57:27,8:58,M 40-44/24,M-40,113,1:58:26,52.53%
154,Erin Bernhardt,"Redlands, CA",147,1:57:28,8:58,F 20-24/6,F-23,41,1:57:45,56.05%
155,Mark Bernhardt,"Redlands, CA",148,1:57:29,8:58,M 50-54/11,M-53,114,1:57:46,58.50%
156,Carl Burton,"Riverside, CA",352,1:57:31,8:58,M 65-69/1,M-66,115,1:57:57,65.99%
157,Julie Dupre,"Barstow, CA",295,1:57:39,8:59,F 45-49/4,F-48,42,1:57:58,61.90%
158,Thomas Crane,"Yucaipa, CA",318,1:57:41,8:59,M 40-44/25,M-43,116,1:58:09,53.70%
159,Daniel Solkowitz,"Beaumont, CA",350,1:57:41,8:59,M 45-49/13,M-47,117,1:58:17,55.48%
160,David Crawford,"Chatsworth, CA",325,1:57:43,8:59,M 60-64/5,M-60,118,1:58:03,62.19%
161,Thomas Voden,"North Hollywood, CA",210,1:57:51,9:00,M 30-34/16,M-30,119,1:58:42,50.25%
162,Lori Banu,"Loma Linda, CA",58,1:58:00,9:01,F 20-24/7,F-22,43,1:58:52,55.80%
163,Zachary Forman,"San Bernardino, CA",150,1:58:13,9:02,M 30-34/17,M-34,120,1:58:37,50.30%
164,Jana Arellano,"Mentone, CA",280,1:58:21,9:02,F 35-39/5,F-36,44,1:58:41,56.37%
165,Donald Ketelsleger,"Ontario, CA",524,1:58:33,9:03,M 30-34/18,M-33,121,1:58:54,50.04%
166,Arthur Byrne,"Redlands, CA",429,1:58:34,9:03,M 60-64/6,M-64,122,1:58:52,64.14%
167,Kristin Searing,"Loma Linda, CA",367,1:58:35,9:03,F 25-29/8,F-25,45,1:58:57,55.52%
168,Karen Gryszan,"Redlands, CA",415,1:58:35,9:03,F 30-34/15,F-33,46,1:58:57,55.76%
169,Sarah Collazo,"Highland, CA",111,1:58:37,9:03,F 20-24/8,F-23,47,1:58:57,55.51%
170,Tracy Monroe,"Yucaipa, CA",450,1:58:54,9:05,F 45-49/5,F-48,48,1:59:27,61.25%
171,Miguel Ibarra,"Cathedral City, CA",371,1:59:01,9:05,M 16-19/3,M-17,123,1:59:07,52.31%
172,Benjamin Versteeg,"Redlands, CA",504,1:59:02,9:05,M 35-39/19,M-35,124,1:59:25,50.13%
173,Emanuel Jacobson,"Redlands, CA",165,1:59:10,9:06,M 30-34/19,M-32,125,2:00:35,49.71%
174,Dorothy Vinsky,"Pacific Palisades, CA",164,1:59:11,9:06,F 40-44/3,F-41,49,1:59:16,57.44%
175,Sandy Pearson,"Cherry Valley, CA",424,1:59:16,9:06,F 25-29/9,F-29,50,1:59:43,55.21%
176,Keith Gallegos,"San Bernardino, CA",135,1:59:47,9:09,M 30-34/20,M-32,126,1:59:57,49.46%
177,Anna Chinowth,"Laguna Niguel, CA",36,1:59:49,9:09,F 30-34/16,F-30,51,2:00:43,54.97%
178,Cesar Guevara,"Redlands, CA",64,1:59:56,9:09,M 50-54/12,M-54,127,2:00:29,57.80%
179,Travis Solorio,"Winchester, CA",322,2:00:01,9:10,M 25-29/19,M-25,128,2:00:36,49.35%
180,Cheri Grover,"Loma Linda, CA",374,2:00:03,9:10,F 35-39/6,F-35,52,2:00:15,55.37%
181,Wendy Betancourt,"Redlands, CA",67,2:00:03,9:10,F 35-39/7,F-38,53,2:00:13,56.05%
182,Dan McKenzie,"Wichita, KS",42,2:00:07,9:10,M 55-59/5,M-56,129,2:00:20,58.76%
183,Kaitlyn Brum,"Redlands, CA",198,2:00:07,9:10,F 20-24/9,F-21,54,2:00:24,54.82%
184,Elizabeth Sfatcu,"Yucaipa, CA",430,2:00:10,9:10,F 45-49/6,F-49,55,2:00:39,61.31%
185,Roberto Vargas,"Ontario, CA",569,2:00:11,9:11,M 70-74/1,M-73,130,2:00:17,69.69%
186,Daniella Spielvogel,"Redlands, CA",345,2:00:22,9:11,F 25-29/10,F-28,56,2:00:35,54.70%
187,Kim Jones,"Yucaipa, CA",418,2:00:37,9:12,F 50-54/5,F-51,57,2:01:16,62.60%
188,Kyle Ferrao,"Redlands, CA",298,2:00:44,9:13,M 16-19/4,M-19,131,2:01:02,50.20%
189,Warren Johns,"Colton, CA",346,2:00:47,9:13,M 65-69/2,M-66,132,2:01:34,64.20%
190,Dustin Hess,"Redlands, CA",544,2:00:49,9:13,M 30-34/21,M-31,133,2:01:28,49.02%
191,Sarah De Almeida,"San Diego, CA",100,2:01:04,9:15,F 30-34/17,F-32,58,2:01:34,54.52%
192,Melissa Pitcher,"San Diego, CA",125,2:01:05,9:15,F 30-34/18,F-32,59,2:01:34,54.52%
193,Bruce Field,"Lake Arrowhead, CA",146,2:01:26,9:16,M 50-54/13,M-52,134,2:01:31,56.10%
194,Jeff Blake,"Lake Arrowhead, CA",214,2:01:26,9:16,M 50-54/14,M-51,135,2:01:31,55.62%
195,Paulette Gomez,"Redlands, CA",505,2:01:35,9:17,F 40-44/4,F-40,60,2:01:40,55.95%
196,Carl Pogue,"Redlands, CA",340,2:01:35,9:17,M 40-44/26,M-44,136,2:02:14,52.40%
197,Susan Wood,"Carlsbad, CA",263,2:01:45,9:18,F 55-59/1,F-57,61,2:02:18,67.06%
198,Mike Kowalski,"Camp Verde, AZ",79,2:02:01,9:19,M 45-49/14,M-49,137,2:02:33,54.41%
199,Ashley Rice,"Riverside, CA",579,2:02:05,9:19,F 30-34/19,F-30,62,2:02:38,53.95%
200,Julie Strauss,"Upland, CA",205,2:02:07,9:19,F 25-29/11,F-29,63,2:02:34,53.92%
