Place,Name,Location,Bib,Net Time,Pace,Division/Place,Sex-Age,Sex-Place,Gun Time,Age Grade
1,Jesus Villavicenci,"Camarillo, CA",586,16:49,5:25,M 30-34/1,M-30,1,16:49,76.98%
2,Robert Barrett,"Oak Park, CA",585,19:15,6:12,M 19-29/1,M-29,2,19:15,67.16%
3,Kyle Stonecipher,"Oak Park , CA",561,19:23,6:15,M 45-49/1,M-45,3,19:23,73.24%
4,Vacharin Punyatawe,"Simi Valley, CA",617,19:24,6:15,M 35-39/1,M-36,4,19:24,68.38%
5,Tom Schmidhauser,"Camarillo, CA",582,19:46,6:22,M 50-54/1,M-52,5,19:46,75.86%
6,Arturo Mendoza,"Thousand Oaks, CA",575,19:54,6:25,M 50-54/2,M-51,6,19:54,74.77%
7,Michael Marcinko,"Newhall , CA",537,19:57,6:25,M 40-44/1,M-41,7,19:57,68.98%
8,Eric Hamman,"Moorpark, CA",523,20:00,6:27,M 45-49/2,M-48,8,20:00,72.64%
9,Zareh Keshmeshian,"Camarillo  , CA",529,20:56,6:45,M 35-39/2,M-38,9,20:56,64.30%
10,Greg Smith,"Woodland Hills, CA",600,20:58,6:45,M 35-39/3,M-39,10,20:58,64.68%
11,Susan Worley,"Thousand Oaks  , CA",572,21:18,6:52,F 45-49/1,F-46,1,21:18,75.33%
12,Jason Lopez,"Thousand Oaks, CA",596,21:33,6:56,M 19-29/2,M-23,11,21:33,59.91%
13,Gary Monte,"Moorpark  , CA",539,21:34,6:57,M 45-49/3,M-48,12,21:34,67.36%
14,Travis Coffey,"Moorpark  , CA",512,21:35,6:57,M 35-39/4,M-38,13,21:35,62.36%
15,Marco De La Torre,"Rancho Palos Verdes, CA",577,21:45,7:00,M 50-54/3,M-54,14,21:45,70.09%
16,John McGreevy,"Simi Valley, CA",602,21:46,7:01,M 50-54/4,M-51,15,21:46,68.35%
17,Don Smith,"Camarillo, CA",613,21:58,7:05,M 60-64/1,M-60,16,21:58,73.04%
18,Mike Cowan,"Thousand Oaks  , CA",514,22:05,7:07,M 45-49/4,M-49,17,22:05,66.31%
19,Elizabeth De La Torre,"Rancho Palos Verdes, CA",578,22:07,7:07,F 11-14/1,F-13,2,22:07,72.25%
20,Joe Hampton,"Ventura  , CA",524,22:28,7:14,M 50-54/5,M-50,18,22:28,65.70%
21,Derek Ross,"Oak Park , CA",556,22:56,7:23,M 30-34/2,M-34,19,22:56,57.24%
22,Allan Baxter,"Thousand Oaks  , CA",501,23:14,7:29,M 55-59/1,M-59,20,23:14,68.49%
23,George Tom Puth,"Ojai, CA",614,23:32,7:35,M 45-49/5,M-49,21,23:32,62.23%
24,Jason Burrows,"Westlake Village, CA",620,23:52,7:41,M 30-34/3,M-32,22,23:52,54.51%
25,Larry Norton,"Westlake Village  , CA",542,24:09,7:47,M 60-64/2,M-62,23,24:09,67.61%
26,Brooke Covington,"Thousand Oaks  , CA",513,24:13,7:48,M 35-39/5,M-37,24,24:13,55.17%
27,Wendy Raymond,"Westlake Village  , CA",551,24:19,7:50,F 35-39/1,F-37,3,24:19,61.93%
28,Amy Smith,"Woodland Hills, CA",599,24:42,7:57,F 35-39/2,F-36,4,24:42,60.77%
29,Harry Pantelas,"Newbury Park, CA",574,24:46,7:59,M 70-79/1,M-71,25,24:46,72.12%
30,Susan LaBar,"Newbury Park, CA",534,24:53,8:01,F 45-49/2,F-47,5,24:53,65.15%
31,Rob Paula,"Thousand Oaks  , CA",546,24:55,8:01,M 50-54/6,M-53,26,24:55,60.71%
32,Trevor Burtzloff,"Thousand Oaks  , CA",509,25:03,8:04,M 11-14/1,M-11,27,25:03,61.12%
33,Jim Witt,"West Hills, CA",569,25:14,8:08,M 45-49/6,M-49,28,25:14,58.03%
34,Katie Hosch,"Oxnard , CA",527,25:16,8:08,F 11-14/2,F-12,6,25:16,64.45%
35,Lori Donald,"Ventura  , CA",515,25:18,8:09,F 45-49/3,F-45,7,25:18,62.82%
36,Kristy Lamontagne,"Simi Valley, CA",595,25:22,8:10,F 19-29/1,F-20,8,25:22,58.34%
37,Alexandra De La Torre,"Rancho Palos Verdes, CA",576,25:25,8:11,F 15-18/1,F-16,9,25:25,60.24%
38,Elizabeth Blanding,"Westlake Village  , CA",503,25:42,8:17,F 30-34/1,F-34,10,25:42,58.01%
39,Pablo Castellan,"Oxnard, CA",615,25:43,8:17,M 55-59/2,M-55,29,25:43,59.75%
40,Roger Patrick,"Thousand Oaks  , CA",544,25:55,8:21,M 60-64/3,M-64,30,25:55,64.16%
41,Chad Coppersmith,"Newbury Park, CA",626,26:24,8:30,M 11-14/2,M-14,31,26:24,53.76%
42,David Stuart,"Thousand Oaks, CA",624,26:31,8:32,M 11-14/3,M-11,32,26:31,57.74%
43,Jonathan Kurtzman,"Woodland Hills  , CA",531,26:31,8:32,M 50-54/7,M-52,33,26:31,56.54%
44,Melissa Weyek,"El Segundo, CA",607,26:57,8:41,F 19-29/2,F-28,11,26:57,54.95%
45,Richie Lay,"Calabasas, CA",590,27:04,8:43,M 19-29/3,M-29,34,27:04,47.75%
46,Daniel Blanding,"Westlake Village  , CA",502,27:08,8:44,M 30-34/4,M-33,35,27:08,48.13%
47,Julie Goldberger,"Newbury Park, CA",520,28:05,9:03,F 40-44/1,F-40,12,28:05,54.51%
48,Lisa Loberg,"Thousand Oaks, CA",616,28:13,9:05,F 30-34/2,F-32,13,28:13,52.60%
49,Christy Richey,"Thousand Oaks  , CA",552,28:32,9:11,F 30-34/3,F-32,14,28:32,52.02%
50,Evan Coppersmith,"Newbury Park, CA",623,28:36,9:13,M 11-14/4,M-11,36,28:36,53.53%
51,Don Coppersmith,"Newbury Park, CA",622,28:37,9:13,M 45-49/7,M-45,37,28:37,49.59%
52,Brooke Stuart,"Thousand Oaks, CA",625,28:39,9:13,F 11-14/3,F-12,15,28:39,56.87%
53,Darryl Williams,"Oak Park, CA",587,28:43,9:15,M 45-49/8,M-48,38,28:43,50.58%
54,Aaron Kurtzman,"Woodland Hills  , CA",530,28:46,9:16,M 01-10/1,M-8,39,28:46,59.19%
55,Michelle Bruzzi,"Moorpark  , CA",508,28:52,9:18,F 40-44/2,F-41,16,28:52,53.32%
56,Danah PalmerDeVries,"Moorpark , CA",543,28:54,9:18,F 30-34/4,F-33,17,28:54,51.47%
57,Shari Sutton,"Agoura Hills , CA",562,29:02,9:21,F 40-44/3,F-42,18,29:02,53.42%
58,Evan Bruzzi,"Moorpark  , CA",507,29:10,9:24,M 11-14/5,M-11,40,29:10,52.46%
59,Sean Robbins,"Simi Valley, CA",553,29:16,9:25,M 01-10/2,M-8,41,29:16,58.18%
60,Michelle Schindler,"Thousand Oaks  , CA",557,29:20,9:27,F 19-29/3,F-29,19,29:20,50.48%
61,Peter Schindler,"Thousand Oaks  , CA",558,29:20,9:27,M 35-39/6,M-39,42,29:20,46.22%
62,Kenneth Dailey,"Thousand Oaks, CA",579,29:25,9:28,M 40-44/2,M-43,43,29:25,47.51%
63,David Ramirez,"El Segundo , CA",549,29:29,9:30,M 01-10/3,M-10,44,29:29,53.56%
64,Marvin Ramirez,"El Segundo , CA",550,29:30,9:30,M 45-49/9,M-48,45,29:30,49.24%
65,Stephanie Williams,"Thousand Oaks  , CA",568,29:34,9:31,F 30-34/5,F-33,20,29:34,50.31%
66,Mitch Kander,"Studio City, CA",594,29:38,9:33,M 50-54/8,M-54,46,29:38,51.44%
67,Cecelia McBurnie,"Thousand Oaks  , CA",538,30:13,9:44,F 60-64/1,F-64,21,30:13,67.11%
68,Richard Lopez,"Westlake Village, CA",598,30:50,9:56,M 70-79/2,M-73,47,30:50,59.55%
69,William Barth,"Los Angeles, CA",610,30:54,9:57,M 50-54/9,M-53,48,30:54,48.95%
70,Dane Swanson,"Thousand Oaks  , CA",563,30:59,9:59,M 11-14/6,M-11,49,30:59,49.41%
71,Stacy Swanson,"Thousand Oaks  , CA",564,31:00,9:59,F 35-39/3,F-38,22,31:00,48.84%
72,Katriua Kuratli,"Oxnard, CA",593,31:28,10:08,M 35-39/7,M-37,50,31:28,42.45%
73,Joe Rivas,"Oxnard, CA",592,31:28,10:08,M 35-39/8,M-37,51,31:28,42.45%
74,Lucio Rivas,"Oxnard, CA",591,31:28,10:08,M 01-10/4,M-7,52,31:28,56.60%
75,Gene Worke,"Simi Valley, CA",570,31:49,10:15,M 35-39/9,M-37,53,31:49,41.98%
76,Lisa Wright,"Moorpark, CA",588,31:51,10:16,F 45-49/4,F-48,23,31:51,51.41%
77,Jerry Wauchope,"Thousand Oaks  , CA",567,31:52,10:16,M 45-49/10,M-45,54,31:52,44.53%
78,Donnie Nunnally,"Alta Loma, CA",618,32:10,10:22,M 19-29/4,M-28,55,32:10,40.12%
79,Vanessa Heritier,"Oak Park , CA",525,32:26,10:27,F 30-34/6,F-33,24,32:26,45.86%
80,Timmy Hone,"Thousand Oaks, CA",621,32:26,10:27,M 01-10/5,M-7,56,32:26,54.91%
81,Ellen Creager,"Woodland Hills, CA",601,32:30,10:28,F 40-44/4,F-41,25,32:30,47.36%
82,Monica List,"Simi Valley, CA",536,32:42,10:32,F 35-39/4,F-38,26,32:42,46.30%
83,Sierra Robbins,"Simi Valley, CA",554,32:42,10:32,F 01-10/1,F-9,27,32:42,53.70%
84,Liv Erickson,"Thousand Oaks  , CA",518,32:47,10:33,F 01-10/2,F-8,28,32:47,55.29%
85,Chris Erickson,"Thousand Oaks  , CA",517,32:49,10:34,M 50-54/10,M-53,57,32:49,46.09%
86,Anneliese Erickson,"Thousand Oaks  , CA",516,32:51,10:35,F 01-10/3,F-6,29,32:51,59.49%
87,Erin Brockus,"Moorpark  , CA",505,33:13,10:42,F 35-39/5,F-36,30,33:13,45.18%
88,Abbey Honorico,"Camarillo, CA",609,33:54,10:55,F 35-39/6,F-38,31,33:54,44.66%
89,Suzanne Warner,"Thousand Oaks  , CA",566,34:43,11:11,F 45-49/5,F-46,32,34:43,46.21%
90,Tram Melvin,"Newbury Park, CA",583,35:11,11:20,F 35-39/7,F-36,33,35:11,42.65%
91,Amy Katz,"Woodland Hills, CA",589,35:34,11:27,F 35-39/8,F-35,34,35:34,42.05%
92,Erika Rudner,"Woodland Hills, CA",606,35:39,11:29,F 30-34/7,F-34,35,35:39,41.81%
93,Austin Zamachaj,"Thousand Oaks, CA",605,36:07,11:38,M 11-14/7,M-13,58,36:07,40.17%
94,Mandy Blake,"Santa Monica, CA",604,36:07,11:38,F 30-34/8,F-32,36,36:07,41.09%
95,Noelle Sanjose,"Santa Barbara, CA",608,36:13,11:40,F 19-29/4,F-23,37,36:13,40.88%
96,Stephanie Cash,"Encino  , CA",510,36:24,11:43,F 19-29/5,F-28,38,36:24,40.68%
97,Beth Natcher,"Oak Park, CA",584,36:28,11:45,F 35-39/9,F-38,39,36:28,41.52%
98,Evan Unruh,"Santa Monica, CA",603,38:01,12:14,M 40-44/3,M-41,59,38:01,36.18%
99,Don Bruzzi,"Moorpark  , CA",506,38:01,12:15,M 45-49/11,M-47,60,38:01,37.89%
100,Kimberlee Esaki,"Moorpark  , CA",519,38:17,12:20,F 50-54/1,F-52,40,38:17,44.90%
101,Sam Kurtzman,"Woodland Hills  , CA",533,38:38,12:26,M 11-14/8,M-11,61,38:38,39.62%
102,Jessica Batchelor,"Simi Valley, CA",580,39:45,12:48,F 11-14/4,F-12,41,39:45,40.98%
103,Kelly Decker,"Westlake Village, CA",581,39:46,12:48,F 35-39/10,F-37,42,39:46,37.86%
104,Trudy Patrick,"Thousand Oaks  , CA",545,40:35,13:04,F 60-64/2,F-63,43,40:35,49.22%
105,Jean Gosse,"Thousand Oaks  , CA",522,40:43,13:07,F 80-99/1,F-80,44,40:43,65.48%
106,John Hoos,"Westlake Village  , CA",526,45:01,14:30,M 65-69/1,M-65,62,45:01,37.26%
107,Fran Rogers,"Westlake Village  , CA",555,45:03,14:30,F 60-64/3,F-62,45,45:03,43.71%
108,Pam Rahmani,"Thousand Oaks  , CA",548,45:12,14:33,F 50-54/2,F-54,46,45:12,39.03%
109,Lori Kurtzman,"Woodland Hills  , CA",532,46:47,15:04,F 50-54/3,F-52,47,46:47,36.74%
110,Tina Sechrist,"Newbury Park, CA",559,48:59,15:46,F 50-54/4,F-51,48,48:59,34.65%
111,Jean Fitzpatrick,"Westlake Village, CA",573,50:13,16:10,M 80-99/1,M-84,63,50:13,46.81%
112,Laila Worke,"Simi Valley, CA",571,50:59,16:25,F 30-34/9,F-32,49,50:59,29.10%
113,Lisa Shattuck,"Thousand Oaks, CA",612,51:06,16:27,F 35-39/11,F-37,50,51:06,29.46%
114,Billy Hughes,"Alta Loma, CA",619,51:19,16:31,M 70-79/3,M-70,64,51:19,34.37%
115,Ernest Lauer,"Thousand Oaks  , CA",535,54:59,17:42,M 60-64/4,M-60,65,54:59,29.17%
