Bib,Name,Gender,Age,Hometown,Overall,Men,M 18-24,Age/Grade,Finish,Chip Time,Gun Time,10 Km,Half,21 Mile
14303,Crystal Goade,F,23,"Renton, WA",13385 out of 13392,6513 out of 6519,869 out of 870, 27.72% Place: 13351,8:08:31 Pace: 18:38,8:08:31,8:14:46,1:08:29 Pace: 11:02,2:52:57 Pace: 13:12,5:44:51 Pace: 16:26
15668,Tom Calahan,M,24,"Mission Viejo, CA",13386 out of 13392,6873 out of 6873,568 out of 568, 25.57% Place: 13366,8:08:35 Pace: 18:39,8:08:35,8:11:33,1:15:28 Pace: 12:09,3:01:01 Pace: 13:49,5:59:17 Pace: 17:07
23170,Lynn Wallace,F,25,"Jacksonville, FL",13387 out of 13392,6514 out of 6519,1645 out of 1646, 27.38% Place: 13356,8:14:40 Pace: 18:52,8:14:40,8:25:28,1:44:34 Pace: 16:50,3:46:27 Pace: 17:17,6:18:01 Pace: 18:01
20306,Elaine Morita,F,27,"San Diego, CA",13388 out of 13392,6515 out of 6519,1646 out of 1646, 27.37% Place: 13357,8:14:50 Pace: 18:53,8:14:50,8:22:27,1:20:08 Pace: 12:54,3:47:53 Pace: 17:23,6:11:58 Pace: 17:43
23536,Sharleen Nigma,F,30,"Castaic, CA",13389 out of 13392,6516 out of 6519,1283 out of 1283, 27.28% Place: 13358,8:16:41 Pace: 18:57,8:16:41,8:25:29,1:46:35 Pace: 17:10,3:48:28 Pace: 17:26,6:09:37 Pace: 17:37
23664,Jenny Hess,F,18,"Castaic, CA",13390 out of 13392,6517 out of 6519,870 out of 870, 27.76% Place: 13350,8:16:42 Pace: 18:57,8:16:42,8:25:29,1:31:12 Pace: 14:41,3:39:55 Pace: 16:47,6:01:55 Pace: 17:15
20712,Aster Parker,F,51,"San Diego, CA",13391 out of 13392,6518 out of 6519,280 out of 280, 32.34% Place: 12986,8:20:49 Pace: 19:07,8:20:49,8:30:31,1:38:19 Pace: 15:50,3:36:20 Pace: 16:31,6:19:56 Pace: 18:06
22389,Tammy Teston,F,46,"Tallahassee, FL",13392 out of 13392,6519 out of 6519,504 out of 504, 30.34% Place: 13238,8:21:12 Pace: 19:07,8:21:12,8:31:12,1:35:58 Pace: 15:27,3:37:14 Pace: 16:35,6:19:39 Pace: 18:05
