Bib,Name,Gender,Age,Hometown,Overall,Women,F 25-29,Age/Grade,Finish,Chip Time,Gun Time,10K,Half,21 Mi
21165,Christian Shafer,M,35,"Issaquah, WA",16753 out of 16760,8121 out of 8124,1341 out of 1341, 25.96% Place: 16758,8:06:37 Pace: 18:34,8:06:37,8:17:16,1:43:52 Pace: 16:43,3:41:15 Pace: 16:53,6:04:17 Pace: 17:21
7449,Kelli Hayes,F,29,"Seattle, WA",16754 out of 16760,8633 out of 8636,2166 out of 2167, 28.52% Place: 16722,8:06:37 Pace: 18:34,8:06:37,8:17:17,1:43:52 Pace: 16:43,3:41:14 Pace: 16:53,6:04:18 Pace: 17:21
23880,Kayreth Williams,F,28,"Los Angeles, CA",16755 out of 16760,8634 out of 8636,2167 out of 2167, 28.35% Place: 16727,8:09:32 Pace: 18:41,8:09:32,8:23:32,1:31:48 Pace: 14:47,3:33:16 Pace: 16:17,6:11:07 Pace: 17:41
23702,Frederick Hawkins,M,50,"San Bernardino, CA",16756 out of 16760,8122 out of 8124,671 out of 671, 28.24% Place: 16731,8:14:39 Pace: 18:52,8:14:39,8:25:17,1:34:09 Pace: 15:10,3:34:12 Pace: 16:21,6:15:22 Pace: 17:53
21092,Patty Gonzalez,F,35,"San Diego, CA",16757 out of 16760,8635 out of 8636,1288 out of 1288, 28.19% Place: 16733,8:15:29 Pace: 18:54,8:15:29,8:26:58,1:34:02 Pace: 15:08,3:22:21 Pace: 15:27,6:01:59 Pace: 17:15
18987,Brenda Rapoza,F,44,"San Diego, CA",16758 out of 16760,8636 out of 8636,1037 out of 1037, 30.45% Place: 16596,8:15:29 Pace: 18:54,8:15:29,8:26:58,1:34:01 Pace: 15:08,3:22:21 Pace: 15:27,6:01:53 Pace: 17:14
17170,Hajime Tsuha,M,31,"Covina, CA",16759 out of 16760,8123 out of 8124,1363 out of 1363, 25.30% Place: 16759,8:16:34 Pace: 18:57,8:16:34,8:27:00,1:14:09 Pace: 11:56,3:08:16 Pace: 14:22,5:58:14 Pace: 17:04
14958,Richard Rivera,M,64,"Santa Fe, NM",16760 out of 16760,8124 out of 8124,185 out of 185, 31.71% Place: 16431,8:21:46 Pace: 19:09,8:21:46,8:27:51,1:17:44 Pace: 12:31,2:56:55 Pace: 13:30,5:26:51 Pace: 15:34
