Bib,Name,Gender,Age,Hometown,Overall,Men,M 16-99,Age/Grade,Finish,Chip Time,Gun Time,1.55M,5 Km
111,Tyler Macdonald,M,18,"Beaumont, CA",1 out of 33,1 out of 14,1 out of 13, 73.07% Place: 1,38:02 Pace: 6:08,38:01,38:02,            Pace:            ,            Pace:            
59,Kelsey Deforge,F,25,"Redlands, CA",2 out of 33,1 out of 19,1 out of 18, 71.94% Place: 2,42:11 Pace: 6:48,42:11,42:11,            Pace:            ,            Pace:            
148,Andrew Paez,M,51,"Beaumont, CA",3 out of 33,2 out of 14,2 out of 13, 64.95% Place: 6,47:59 Pace: 7:44,47:40,47:59,            Pace:            ,            Pace:            
153,William Pendley,M,35,"Beaumont, CA",4 out of 33,3 out of 14,3 out of 13, 54.04% Place: 14,50:48 Pace: 8:11,50:47,50:48,            Pace:            ,            Pace:            
208,Nathan Strout,M,30,"Redlands, CA",5 out of 33,4 out of 14,5 out of 13, 52.76% Place: 18,51:02 Pace: 8:13,51:02,51:16,            Pace:            ,            Pace:            
336,Chris Malcolm,M,52,"Wildomar, CA",6 out of 33,5 out of 14,4 out of 13, 61.20% Place: 7,51:03 Pace: 8:13,51:00,51:03,            Pace:            ,            Pace:            
451,Becky Vasquez,F,49,"Riverside, CA",7 out of 33,2 out of 19,2 out of 18, 66.14% Place: 5,51:51 Pace: 8:21,51:48,51:51,            Pace:            ,            Pace:            
77,Caleb Garcia,M,19,"Beaumont, CA",8 out of 33,6 out of 14,6 out of 13, 52.86% Place: 17,51:55 Pace: 8:22,51:55,51:57,            Pace:            ,            Pace:            
273,Orinne Singer,F,52,"Beaumont, CA",9 out of 33,3 out of 19,3 out of 18, 67.77% Place: 3,52:30 Pace: 8:27,52:30,52:30,            Pace:            ,            Pace:            
218,Grant Vorster,M,35,"Indian Wells, CA",10 out of 33,7 out of 14,7 out of 13, 52.11% Place: 19,52:40 Pace: 8:29,52:40,52:41,            Pace:            ,            Pace:            
272,Seth Osterberg,M,26,"Long Beach, CA",11 out of 33,8 out of 14,8 out of 13, 50.05% Place: 22,53:40 Pace: 8:39,53:40,53:53,            Pace:            ,            Pace:            
20,Jeff Bahler,M,35,"Beaumont, CA",12 out of 33,9 out of 14,9 out of 13, 50.83% Place: 20,53:59 Pace: 8:42,53:59,54:15,            Pace:            ,            Pace:            
266,Janine Almanzor,F,47,"Riverside, CA",13 out of 33,4 out of 19,4 out of 18, 61.18% Place: 8,54:43 Pace: 8:49,54:40,54:43,            Pace:            ,            Pace:            
164,Kamron Rajabpoor,M,20,"Cherry Valley, CA",14 out of 33,10 out of 14,10 out of 13, 48.80% Place: 23,55:37 Pace: 8:57,55:37,55:39,            Pace:            ,            Pace:            
177,Kristin Rupp,F,40,"Beaumont, CA",15 out of 33,5 out of 19,5 out of 18, 56.00% Place: 9,56:07 Pace: 9:02,56:07,56:07,            Pace:            ,            Pace:            
267,Robin Sick,F,57,"Beaumont, CA",16 out of 33,6 out of 19,6 out of 18, 67.50% Place: 4,56:19 Pace: 9:04,56:19,56:19,            Pace:            ,            Pace:            
50,Nancy Connell,F,39,"Highland, CA",17 out of 33,7 out of 19,7 out of 18, 55.35% Place: 10,56:27 Pace: 9:05,56:27,56:27,            Pace:            ,            Pace:            
58,Francella Defalco,F,28,"Beaumont, CA",18 out of 33,8 out of 19,8 out of 18, 53.28% Place: 15,56:57 Pace: 9:10,56:57,56:57,            Pace:            ,            Pace:            
329,Stephanie Tickemyer,F,42,"Redlands, CA",19 out of 33,9 out of 19,9 out of 18, 54.74% Place: 11,58:16 Pace: 9:23,58:16,58:42,            Pace:            ,            Pace:            
331,Patricia Hernandez,F,42,"Victorville, CA",20 out of 33,10 out of 19,10 out of 18, 54.72% Place: 12,58:17 Pace: 9:23,58:17,58:41,            Pace:            ,            Pace:            
134,Wendy Miller,F,42,"San Bernardino, CA",21 out of 33,11 out of 19,11 out of 18, 54.63% Place: 13,58:23 Pace: 9:24,58:23,58:23,            Pace:            ,            Pace:            
24,Bryan Benson,M,44,"Beaumont, CA",22 out of 33,11 out of 14,11 out of 13, 50.27% Place: 21,58:31 Pace: 9:25,58:16,58:31,            Pace:            ,            Pace:            
71,Kevin Fuller,M,34,"Beaumont, CA",23 out of 33,12 out of 14,12 out of 13, 45.83% Place: 26,59:33 Pace: 9:35,59:33,59:47,            Pace:            ,            Pace:            
27,Kuuipo Benson,F,44,"Beaumont, CA",24 out of 33,12 out of 19,12 out of 18, 53.20% Place: 16,1:00:57 Pace: 9:49,1:00:57,1:01:19,            Pace:            ,            Pace:            
216,Ima Vejar,F,34,"Beaumont, CA",25 out of 33,13 out of 19,13 out of 18, 45.17% Place: 27,1:07:39 Pace: 10:54,1:07:39,1:07:44,            Pace:            ,            Pace:            
62,Karla Diaz,F,38,"Beaumont, CA",26 out of 33,14 out of 19,14 out of 18, 45.89% Place: 25,1:07:41 Pace: 10:54,1:07:41,1:07:45,            Pace:            ,            Pace:            
171,Lori Robillard,F,44,"Beaumont, CA",27 out of 33,15 out of 19,15 out of 18, 46.87% Place: 24,1:09:11 Pace: 11:08,1:09:11,1:09:29,            Pace:            ,            Pace:            
330,Nicholas Kelly,M,40,"Beaumont, CA",28 out of 33,13 out of 14,13 out of 13, 38.52% Place: 28,1:13:47 Pace: 11:53,1:13:47,1:14:01,            Pace:            ,            Pace:            
207,Monica Strout,F,27,"Redlands, CA",29 out of 33,16 out of 19,16 out of 18, 37.63% Place: 29,1:20:37 Pace: 12:59,1:20:37,1:20:53,            Pace:            ,            Pace:            
255,Michael Ray,M,0,"Beaumont, CA",30 out of 33,14 out of 14,0 out of 0,1:24:14 Pace: 13:34,1:24:14,1:24:33,            Pace:            ,            Pace:            
254,Barbara Ray,F,0,"Beaumont, CA",31 out of 33,17 out of 19,0 out of 0,1:24:15 Pace: 13:34,1:24:15,1:24:33,            Pace:            ,            Pace:            
253,Jamie Santos,F,26,"Beaumont, CA",32 out of 33,18 out of 19,17 out of 18, 36.00% Place: 31,1:24:16 Pace: 13:34,1:24:16,1:24:33,            Pace:            ,            Pace:            
47,Colleen Clark,F,43,"Beaumont, CA",33 out of 33,19 out of 19,18 out of 18, 36.24% Place: 30,1:28:41 Pace: 14:17,1:28:41,1:29:00,            Pace:            ,            Pace:            
