Bib,Name,Gender,Age,Hometown,Overall,Men,M 18-24,Age/Grade,Finish,Chip Time,Gun Time,5 Km
551,Tyler Macdonald,M,19,"Beaumont, CA",1 out of 43,1 out of 27,1 out of 2, 73.42% Place: 1,37:24 Pace: 6:02,37:23,37:24,20:01 Pace: 6:27
564,Daniel Rosales,M,44,"Beaumont, CA",2 out of 43,2 out of 27,1 out of 5, 72.48% Place: 2,40:25 Pace: 6:31,40:25,40:26,21:19 Pace: 6:52
559,Marcos Medina,M,30,"Beaumont, CA",3 out of 43,3 out of 27,1 out of 4, 64.89% Place: 7,41:30 Pace: 6:41,41:30,41:31,22:15 Pace: 7:10
522,Angelo Molina,M,18,"Beaumont, CA",4 out of 43,4 out of 27,2 out of 2, 63.06% Place: 13,44:03 Pace: 7:06,44:03,44:05,23:36 Pace: 7:36
573,Rick Pinarija,M,48,"Aliso Viejo, CA",5 out of 43,5 out of 27,1 out of 3, 67.22% Place: 4,44:58 Pace: 7:15,44:58,45:00,24:12 Pace: 7:48
568,Edgardo Magana,M,34,"Ontario, CA",6 out of 43,6 out of 27,2 out of 4, 59.44% Place: 15,45:55 Pace: 7:24,45:55,45:57,            Pace:            
560,Kelsey De Forge,F,26,"Redlands, CA",7 out of 43,1 out of 16,1 out of 3, 64.11% Place: 10,47:21 Pace: 7:38,47:20,47:21,25:28 Pace: 8:12
577,Lisa Cohen,F,26,"Redlands, CA",8 out of 43,2 out of 16,2 out of 3, 64.04% Place: 11,47:23 Pace: 7:38,47:23,47:24,25:31 Pace: 8:13
561,Raymond Graham,M,52,"Hesperia, CA",9 out of 43,7 out of 27,1 out of 3, 65.18% Place: 6,47:53 Pace: 7:43,47:53,47:55,25:34 Pace: 8:14
572,Apolonio Oceguedavargas,M,55,"Sn Bernrdno, CA",10 out of 43,8 out of 27,1 out of 2, 65.58% Place: 5,48:47 Pace: 7:52,48:47,48:48,25:38 Pace: 8:15
520,John Waddington,M,55,"Crestline, CA",11 out of 43,9 out of 27,2 out of 2, 64.57% Place: 8,49:33 Pace: 7:59,49:33,49:34,26:33 Pace: 8:33
565,Edward Gallup,M,43,"Beaumont, CA",12 out of 43,10 out of 27,2 out of 5, 58.64% Place: 17,49:35 Pace: 7:59,49:35,49:39,25:44 Pace: 8:17
576,Thorarinn Gudgeirsson,M,61,"San Clemente, CA",13 out of 43,11 out of 27,1 out of 2, 67.71% Place: 3,49:46 Pace: 8:01,49:46,49:49,26:40 Pace: 8:35
532,Gerardo Ramirez,M,31,"Banning, CA",14 out of 43,12 out of 27,3 out of 4, 53.88% Place: 20,50:06 Pace: 8:04,50:06,50:07,25:39 Pace: 8:16
531,Gustavo Ramirez,M,13,"Beaumont, CA",15 out of 43,13 out of 27,1 out of 1, 56.93% Place: 18,53:02 Pace: 8:32,53:02,53:03,25:42 Pace: 8:17
556,Diana Dittemore,F,49,"Beaumont, CA",16 out of 43,3 out of 16,1 out of 2, 63.45% Place: 12,53:30 Pace: 8:37,53:30,53:34,28:15 Pace: 9:06
562,Stacey Butter,F,50,"Banning, CA",17 out of 43,4 out of 16,1 out of 3, 64.22% Place: 9,53:32 Pace: 8:37,53:32,53:36,            Pace:            
534,Agustin Alonso,M,43,"Beaumont, CA",18 out of 43,14 out of 27,3 out of 5, 53.40% Place: 21,54:27 Pace: 8:46,54:27,54:27,29:40 Pace: 9:33
548,Daniel Solkowitz,M,47,"Beaumont, CA",19 out of 43,15 out of 27,2 out of 3, 55.02% Place: 19,54:29 Pace: 8:46,54:29,54:36,            Pace:            
535,Brian Adsit,M,33,"Beaumont, CA",20 out of 43,16 out of 27,4 out of 4, 49.08% Place: 30,55:22 Pace: 8:55,55:22,55:28,            Pace:            
570,David Ocegueda,M,16,"San Bernardino, CA",21 out of 43,17 out of 27,1 out of 1, 51.35% Place: 23,55:31 Pace: 8:57,55:31,55:34,            Pace:            
571,Luis Magana,M,60,"Ontario, CA",22 out of 43,18 out of 27,2 out of 2, 59.35% Place: 16,56:16 Pace: 9:04,56:16,56:17,29:23 Pace: 9:28
566,Omar Oriel,M,35,"Beaumont, CA",23 out of 43,19 out of 27,1 out of 2, 48.50% Place: 31,56:35 Pace: 9:07,56:35,56:37,29:52 Pace: 9:37
533,Holly Oliver,F,24,"Beaumont, CA",24 out of 43,5 out of 16,1 out of 2, 52.19% Place: 22,58:08 Pace: 9:22,58:08,58:11,31:47 Pace: 10:14
1272,Wayne Evangelista,M,66,"Beaumont, CA",25 out of 43,20 out of 27,1 out of 1, 59.80% Place: 14,58:56 Pace: 9:30,58:56,1:07:06,            Pace:            
567,Tim Deckard,M,40,"Beaumont, CA",26 out of 43,21 out of 27,4 out of 5, 47.32% Place: 33,1:00:04 Pace: 9:40,1:00:04,1:00:05,            Pace:            
524,Phillip Zuvia,M,36,"Beaumont, CA",27 out of 43,22 out of 27,2 out of 2, 45.43% Place: 34,1:00:46 Pace: 9:47,1:00:46,1:00:49,31:59 Pace: 10:18
574,Megan Williams,F,23,"Redlands, CA",28 out of 43,6 out of 16,2 out of 2, 49.44% Place: 28,1:01:22 Pace: 9:53,1:01:22,1:01:24,            Pace:            
1307,Melrose Vasquez,F,30,"Beaumont, CA",29 out of 43,7 out of 16,1 out of 1, 49.24% Place: 29,1:01:39 Pace: 9:56,1:01:39,1:01:39,            Pace:            
523,Pete Alexander,M,52,"Glendora, CA",30 out of 43,23 out of 27,2 out of 3, 49.97% Place: 26,1:02:27 Pace: 10:03,1:02:27,1:02:29,32:51 Pace: 10:35
563,Ralph Butter,M,53,"Banning, CA",31 out of 43,24 out of 27,3 out of 3, 50.03% Place: 25,1:02:53 Pace: 10:08,1:02:53,1:02:58,            Pace:            
575,Amanda Guarnacci,F,27,"Beaumont, CA",32 out of 43,8 out of 16,3 out of 3, 47.67% Place: 32,1:03:39 Pace: 10:15,1:03:39,1:03:41,            Pace:            
1107,Lori Robillard,F,45,"Beaumont, CA",33 out of 43,9 out of 16,2 out of 2, 50.17% Place: 24,1:04:54 Pace: 10:27,1:04:54,1:04:59,33:39 Pace: 10:50
557,Jackie Codiga,F,55,"Hemet, CA",34 out of 43,10 out of 16,1 out of 1, 49.77% Place: 27,1:13:35 Pace: 11:51,1:13:35,1:13:38,            Pace:            
580,Timberly Axelrod,F,38,"Redlands, CA",35 out of 43,11 out of 16,1 out of 1, 41.96% Place: 38,1:13:54 Pace: 11:54,1:13:54,1:13:57,            Pace:            
525,Joe Murillo,M,11,"Fontana, CA",36 out of 43,25 out of 27,1 out of 1, 43.03% Place: 35,1:14:00 Pace: 11:55,1:14:00,1:14:03,            Pace:            
553,Joanna Helsing,F,10,"Beaumont, CA",37 out of 43,12 out of 16,1 out of 1, 42.70% Place: 36,1:21:59 Pace: 13:12,1:21:59,1:22:05,            Pace:            
552,John Helsing,M,48,"Beaumont, CA",38 out of 43,26 out of 27,3 out of 3, 36.86% Place: 41,1:21:59 Pace: 13:12,1:21:59,1:22:06,            Pace:            
519,Aggie Bartlett,F,52,"Riverside, CA",39 out of 43,13 out of 16,2 out of 3, 42.64% Place: 37,1:22:39 Pace: 13:18,1:22:39,1:22:42,43:25 Pace: 13:59
569,Denee Pruitt,F,40,"Yucaipa, CA",40 out of 43,14 out of 16,1 out of 2, 37.54% Place: 40,1:23:31 Pace: 13:27,1:23:31,1:23:35,            Pace:            
529,Lorna Wong,F,53,"Grand Terrace, CA",41 out of 43,15 out of 16,3 out of 3, 40.12% Place: 39,1:28:57 Pace: 14:19,1:28:57,1:29:01,            Pace:            
517,Bambi Wines,F,41,"Cherry Valley, CA",42 out of 43,16 out of 16,2 out of 2, 33.27% Place: 42,1:34:48 Pace: 15:16,1:34:48,1:34:52,50:25 Pace: 16:14
518,Matthew Wines,M,41,"Cherry Valley, CA",43 out of 43,27 out of 27,5 out of 5, 30.19% Place: 43,1:34:49 Pace: 15:16,1:34:49,1:34:53,50:24 Pace: 16:14
