Bib,Name,Gender,Age,Hometown,Overall,Men,M 15-19,Age/Grade,Finish,Chip Time,Gun Time,5 Km
1352,Maxwell Bakos,M,18,", ",1 out of 62,1 out of 35,1 out of 3, 71.38% Place: 4,38:56 Pace: 6:16,38:55,38:56,20:18 Pace: 6:32
1383,Daniel Rosales,M,45,", ",2 out of 62,2 out of 35,1 out of 2, 75.27% Place: 2,39:14 Pace: 6:19,39:14,39:15,20:20 Pace: 6:33
1373,Marcos Medina,M,31,", ",3 out of 62,3 out of 35,1 out of 14, 66.49% Place: 6,40:36 Pace: 6:32,40:36,40:38,21:35 Pace: 6:57
1371,Tyler Macdonald,M,28,", ",4 out of 62,4 out of 35,1 out of 4, 63.58% Place: 8,42:15 Pace: 6:48,42:15,42:17,22:26 Pace: 7:14
1353,Johnathon Blahut,M,21,", ",5 out of 62,5 out of 35,2 out of 4, 61.00% Place: 11,44:12 Pace: 7:07,44:12,44:15,22:45 Pace: 7:20
1361,Marc Ewalt,M,31,", ",6 out of 62,6 out of 35,2 out of 14, 59.04% Place: 13,45:43 Pace: 7:22,45:43,46:02,23:38 Pace: 7:37
1403,Angelo Molina,M,19,"Beaumont, CA",7 out of 62,7 out of 35,2 out of 3, 59.51% Place: 12,46:07 Pace: 7:26,46:07,46:09,23:44 Pace: 7:39
1365,Tyler Harper,M,12,", ",8 out of 62,8 out of 35,1 out of 4, 64.43% Place: 7,48:03 Pace: 7:44,48:03,48:04,            Pace:            
1386,Curtis Shelton,M,22,", ",9 out of 62,9 out of 35,3 out of 4, 55.45% Place: 17,48:28 Pace: 7:48,48:28,48:32,25:27 Pace: 8:12
599,Candice Clennon,F,24,", ",10 out of 62,1 out of 27,1 out of 3, 62.65% Place: 9,48:32 Pace: 7:49,48:26,48:32,26:35 Pace: 8:34
1398,Gerardo Ramirez,M,24,"Beaumont, CA",11 out of 62,10 out of 35,4 out of 4, 54.46% Place: 20,49:19 Pace: 7:57,49:19,49:21,24:46 Pace: 7:59
1400,Thorarinn Gudgeirsson,M,62,"San Clemente, CA",12 out of 62,11 out of 35,1 out of 4, 66.68% Place: 5,50:59 Pace: 8:13,50:59,51:02,27:26 Pace: 8:50
1367,Robert Hima,M,34,", ",13 out of 62,12 out of 35,3 out of 14, 53.36% Place: 23,51:09 Pace: 8:14,51:09,51:12,26:44 Pace: 8:37
219,Kestler Heitritter,M,31,", ",14 out of 62,13 out of 35,4 out of 14, 52.34% Place: 30,51:34 Pace: 8:18,51:34,51:40,27:40 Pace: 8:55
1378,Omar Oriel,M,36,", ",15 out of 62,14 out of 35,5 out of 14, 53.33% Place: 24,51:46 Pace: 8:20,51:46,51:59,27:08 Pace: 8:44
1397,Gustavo Ramirez,M,14,"Beaumont, CA",16 out of 62,15 out of 35,2 out of 4, 56.76% Place: 16,52:03 Pace: 8:23,52:03,52:06,27:08 Pace: 8:44
1370,John Lohr Jr,M,40,", ",17 out of 62,16 out of 35,2 out of 2, 54.51% Place: 19,52:09 Pace: 8:24,52:09,52:16,27:26 Pace: 8:50
1360,Joseph Estrada,M,34,", ",18 out of 62,17 out of 35,6 out of 14, 52.32% Place: 31,52:10 Pace: 8:24,52:10,52:12,27:02 Pace: 8:42
1379,Greg Papaz,M,56,", ",19 out of 62,18 out of 35,1 out of 1, 61.80% Place: 10,52:12 Pace: 8:24,52:12,52:14,27:30 Pace: 8:52
1350,Lola Ackerman,F,67,", ",20 out of 62,2 out of 27,1 out of 1, 83.27% Place: 1,52:14 Pace: 8:25,52:14,52:18,27:34 Pace: 8:53
1406,Yolanda Gomez,F,37,"Beaumont, CA",21 out of 62,3 out of 27,1 out of 12, 58.84% Place: 14,52:27 Pace: 8:27,52:27,52:29,25:43 Pace: 8:17
1351,Brian Adsit,M,34,", ",22 out of 62,19 out of 35,7 out of 14, 51.45% Place: 35,53:03 Pace: 8:33,53:03,53:10,28:59 Pace: 9:20
1366,Ryan Hill,M,38,", ",23 out of 62,20 out of 35,8 out of 14, 52.47% Place: 29,53:23 Pace: 8:36,53:23,53:27,28:16 Pace: 9:06
1396,Robin Sick,F,59,"Beaumont, CA",24 out of 62,4 out of 27,1 out of 3, 71.42% Place: 3,54:08 Pace: 8:43,54:08,54:13,28:52 Pace: 9:18
590,Matthew Cash,M,32,", ",25 out of 62,21 out of 35,9 out of 14, 49.89% Place: 39,54:16 Pace: 8:44,54:16,54:24,27:43 Pace: 8:55
417,Austin Beach,M,12,", ",26 out of 62,22 out of 35,3 out of 4, 55.12% Place: 18,56:10 Pace: 9:03,56:10,56:14,28:58 Pace: 9:20
1358,Eddie Culin,M,30,", ",27 out of 62,23 out of 35,10 out of 14, 47.74% Place: 47,56:24 Pace: 9:05,56:24,56:32,29:03 Pace: 9:21
1410,Veronica Rust,F,32,"Palm Springs, CA",28 out of 62,5 out of 27,2 out of 12, 53.87% Place: 21,56:27 Pace: 9:06,56:27,56:29,28:57 Pace: 9:19
1381,Thomas Reed,M,31,", ",29 out of 62,24 out of 35,11 out of 14, 47.39% Place: 48,56:57 Pace: 9:10,56:57,57:06,31:46 Pace: 10:14
1401,Olivia Shondeff,F,22,"Riverside, CA",30 out of 62,6 out of 27,2 out of 3, 52.97% Place: 27,57:17 Pace: 9:14,57:17,57:25,30:16 Pace: 9:45
1355,Bobbi Burnett,F,37,", ",31 out of 62,7 out of 27,3 out of 12, 53.08% Place: 25,58:08 Pace: 9:22,58:08,58:12,30:17 Pace: 9:45
1384,Mariana Ryan,F,28,", ",32 out of 62,8 out of 27,3 out of 3, 52.18% Place: 33,58:09 Pace: 9:22,58:09,58:12,30:17 Pace: 9:45
1376,Mishele Oldenburg,F,41,", ",33 out of 62,9 out of 27,1 out of 8, 53.72% Place: 22,58:43 Pace: 9:27,58:43,58:49,30:46 Pace: 9:54
1391,Rochele Urbina,F,39,", ",34 out of 62,10 out of 27,4 out of 12, 53.08% Place: 26,58:44 Pace: 9:27,58:44,58:49,30:45 Pace: 9:54
1380,Nicole Pene,F,37,", ",35 out of 62,11 out of 27,5 out of 12, 52.23% Place: 32,59:05 Pace: 9:31,59:05,59:12,30:14 Pace: 9:44
1362,Zackary Gissel,M,9,", ",36 out of 62,25 out of 35,1 out of 3, 57.05% Place: 15,59:42 Pace: 9:37,59:42,59:46,32:11 Pace: 10:22
1363,Janell Groman,F,32,", ",37 out of 62,12 out of 27,6 out of 12, 50.15% Place: 37,1:00:38 Pace: 9:46,1:00:38,1:00:44,30:51 Pace: 9:56
1409,Joseph Carreon,M,30,"Beaumont, CA",38 out of 62,26 out of 35,12 out of 14, 44.11% Place: 52,1:01:02 Pace: 9:50,1:01:02,1:01:07,30:24 Pace: 9:47
1405,Kristin Pendley,F,42,"Beaumont, CA",39 out of 62,13 out of 27,2 out of 8, 51.96% Place: 34,1:01:09 Pace: 9:51,1:01:09,1:01:14,31:06 Pace: 10:01
1399,Kelly Bustos,F,31,"Beaumont, CA",40 out of 62,14 out of 27,7 out of 12, 48.37% Place: 44,1:02:48 Pace: 10:07,1:02:48,1:02:55,33:57 Pace: 10:56
1402,Elke Thompson,F,37,"Carpinteria, CA",41 out of 62,15 out of 27,8 out of 12, 49.11% Place: 41,1:02:50 Pace: 10:07,1:02:50,1:03:00,32:54 Pace: 10:36
1407,Adrian Gomez,M,15,"Beaumont, CA",42 out of 62,27 out of 35,3 out of 3, 45.99% Place: 51,1:03:02 Pace: 10:09,1:03:02,1:03:04,28:49 Pace: 9:17
1388,Bill Stewart,M,60,", ",43 out of 62,28 out of 35,2 out of 4, 52.48% Place: 28,1:03:38 Pace: 10:15,1:03:38,1:03:47,34:31 Pace: 11:07
1375,Isaac Nesmith,M,30,", ",44 out of 62,29 out of 35,13 out of 14, 42.24% Place: 59,1:03:44 Pace: 10:16,1:03:44,1:03:51,33:48 Pace: 10:53
1382,Lori Robillard,F,46,", ",45 out of 62,16 out of 27,3 out of 8, 49.81% Place: 40,1:05:58 Pace: 10:37,1:05:58,1:06:03,33:54 Pace: 10:55
1354,Marni Bobich,F,40,", ",46 out of 62,17 out of 27,4 out of 8, 47.13% Place: 49,1:06:32 Pace: 10:43,1:06:32,1:06:35,34:47 Pace: 11:12
1368,Keri Johnson,F,42,", ",47 out of 62,18 out of 27,5 out of 8, 47.75% Place: 46,1:06:33 Pace: 10:43,1:06:33,1:06:36,34:47 Pace: 11:12
1408,Michael Purcell,M,37,"Redlands, CA",48 out of 62,30 out of 35,14 out of 14, 41.32% Place: 60,1:07:15 Pace: 10:50,1:07:15,1:07:15,            Pace:            
418,Trever Beach,M,9,", ",49 out of 62,31 out of 35,2 out of 3, 50.52% Place: 36,1:07:25 Pace: 10:51,1:07:25,1:07:29,33:55 Pace: 10:55
1359,Tina Doughton,F,47,", ",50 out of 62,19 out of 27,6 out of 8, 48.48% Place: 42,1:08:28 Pace: 11:01,1:08:28,1:08:33,34:33 Pace: 11:08
1392,Carmen Valencia,F,30,", ",51 out of 62,20 out of 27,9 out of 12, 44.11% Place: 53,1:08:49 Pace: 11:05,1:08:49,1:08:55,35:56 Pace: 11:34
1404,Dan Shondeff,M,60,"Riverside, CA",52 out of 62,32 out of 35,3 out of 4, 48.32% Place: 45,1:09:06 Pace: 11:08,1:09:06,1:09:14,34:38 Pace: 11:09
1385,Andrea Saavedra,F,32,", ",53 out of 62,21 out of 27,10 out of 12, 43.92% Place: 54,1:09:14 Pace: 11:09,1:09:14,1:09:20,35:52 Pace: 11:33
1377,Kara Oriel,F,32,", ",54 out of 62,22 out of 27,11 out of 12, 43.92% Place: 55,1:09:14 Pace: 11:09,1:09:14,1:09:25,36:10 Pace: 11:39
1372,Veronica Martin,F,32,", ",55 out of 62,23 out of 27,12 out of 12, 43.90% Place: 56,1:09:16 Pace: 11:09,1:09:16,1:09:29,35:11 Pace: 11:20
1393,Whitney Shepherd,F,49,", ",56 out of 62,24 out of 27,7 out of 8, 48.45% Place: 43,1:10:03 Pace: 11:17,1:10:03,1:10:03,35:45 Pace: 11:31
1395,Denise Hallbert,F,53,"Calimesa, CA",57 out of 62,25 out of 27,2 out of 3, 49.96% Place: 38,1:11:26 Pace: 11:30,1:11:26,1:11:38,36:46 Pace: 11:50
1369,Marlene Juarez,F,41,", ",58 out of 62,26 out of 27,8 out of 8, 43.19% Place: 58,1:13:02 Pace: 11:46,1:13:02,1:13:09,37:09 Pace: 11:58
1387,Nancy Stewart,F,52,", ",59 out of 62,27 out of 27,3 out of 3, 47.01% Place: 50,1:14:58 Pace: 12:04,1:14:58,1:15:07,37:03 Pace: 11:56
1364,Art Gutierrez,M,12,", ",60 out of 62,33 out of 35,4 out of 4, 40.33% Place: 62,1:16:46 Pace: 12:22,1:16:46,1:16:51,37:45 Pace: 12:09
1374,Joe Murillo,M,65,", ",61 out of 62,34 out of 35,4 out of 4, 43.57% Place: 57,1:20:09 Pace: 12:54,1:20:09,1:20:21,42:13 Pace: 13:36
589,Joshua Flann,M,10,", ",62 out of 62,35 out of 35,3 out of 3, 40.93% Place: 61,1:20:19 Pace: 12:56,1:20:19,1:20:23,35:45 Pace: 11:31
