Place,Name,Location,Bib,Net Time,Pace,Division/Place,Sex-Age,Sex-Place,Gun Time,Age Grade
1,Tyler Macdonald,"Beaumont, CA",551,37:24,6:02,M 18-24/1,M-19,1,37:24,73.42%
2,Daniel Rosales,"Beaumont, CA",564,40:25,6:31,M 40-44/1,M-44,2,40:26,72.48%
3,Marcos Medina,"Beaumont, CA",559,41:30,6:41,M 30-34/1,M-30,3,41:31,64.89%
4,Angelo Molina,"Beaumont, CA",522,44:03,7:06,M 18-24/2,M-18,4,44:05,63.06%
5,Rick Pinarija,"Aliso Viejo, CA",573,44:58,7:15,M 45-49/1,M-48,5,45:00,67.22%
6,Edgardo Magana,"Ontario, CA",568,45:55,7:24,M 30-34/2,M-34,6,45:57,59.44%
7,Kelsey De Forge,"Redlands, CA",560,47:21,7:38,F 25-29/1,F-26,1,47:21,64.11%
8,Lisa Cohen,"Redlands, CA",577,47:23,7:38,F 25-29/2,F-26,2,47:24,64.04%
9,Raymond Graham,"Hesperia, CA",561,47:53,7:43,M 50-54/1,M-52,7,47:55,65.18%
10,Apolonio Oceguedavargas,"Sn Bernrdno, CA",572,48:47,7:52,M 55-59/1,M-55,8,48:48,65.58%
11,John Waddington,"Crestline, CA",520,49:33,7:59,M 55-59/2,M-55,9,49:34,64.57%
12,Edward Gallup,"Beaumont, CA",565,49:35,7:59,M 40-44/2,M-43,10,49:39,58.64%
13,Thorarinn Gudgeirsson,"San Clemente, CA",576,49:46,8:01,M 60-64/1,M-61,11,49:49,67.71%
14,Gerardo Ramirez,"Banning, CA",532,50:06,8:04,M 30-34/3,M-31,12,50:07,53.88%
15,Gustavo Ramirez,"Beaumont, CA",531,53:02,8:32,M 12-15/1,M-13,13,53:03,56.93%
16,Diana Dittemore,"Beaumont, CA",556,53:30,8:37,F 45-49/1,F-49,3,53:34,63.45%
17,Stacey Butter,"Banning, CA",562,53:32,8:37,F 50-54/1,F-50,4,53:36,64.22%
18,Agustin Alonso,"Beaumont, CA",534,54:27,8:46,M 40-44/3,M-43,14,54:27,53.40%
19,Daniel Solkowitz,"Beaumont, CA",548,54:29,8:46,M 45-49/2,M-47,15,54:36,55.02%
20,Brian Adsit,"Beaumont, CA",535,55:22,8:55,M 30-34/4,M-33,16,55:28,49.08%
21,David Ocegueda,"San Bernardino, CA",570,55:31,8:57,M 16-17/1,M-16,17,55:34,51.35%
22,Luis Magana,"Ontario, CA",571,56:16,9:04,M 60-64/2,M-60,18,56:17,59.35%
23,Omar Oriel,"Beaumont, CA",566,56:35,9:07,M 35-39/1,M-35,19,56:37,48.50%
24,Holly Oliver,"Beaumont, CA",533,58:08,9:22,F 18-24/1,F-24,5,58:11,52.19%
25,Wayne Evangelista,"Beaumont, CA",1272,58:56,9:30,M 65-69/1,M-66,20,1:07:06,59.80%
26,Tim Deckard,"Beaumont, CA",567,1:00:04,9:40,M 40-44/4,M-40,21,1:00:05,47.32%
27,Phillip Zuvia,"Beaumont, CA",524,1:00:46,9:47,M 35-39/2,M-36,22,1:00:49,45.43%
28,Megan Williams,"Redlands, CA",574,1:01:22,9:53,F 18-24/2,F-23,6,1:01:24,49.44%
29,Melrose Vasquez,"Beaumont, CA",1307,1:01:39,9:56,F 30-34/1,F-30,7,1:01:39,49.24%
30,Pete Alexander,"Glendora, CA",523,1:02:27,10:03,M 50-54/2,M-52,23,1:02:29,49.97%
31,Ralph Butter,"Banning, CA",563,1:02:53,10:08,M 50-54/3,M-53,24,1:02:58,50.03%
32,Amanda Guarnacci,"Beaumont, CA",575,1:03:39,10:15,F 25-29/3,F-27,8,1:03:41,47.67%
33,Lori Robillard,"Beaumont, CA",1107,1:04:54,10:27,F 45-49/2,F-45,9,1:04:59,50.17%
34,Jackie Codiga,"Hemet, CA",557,1:13:35,11:51,F 55-59/1,F-55,10,1:13:38,49.77%
35,Timberly Axelrod,"Redlands, CA",580,1:13:54,11:54,F 35-39/1,F-38,11,1:13:57,41.96%
36,Joe Murillo,"Fontana, CA",525,1:14:00,11:55,M 09-11/1,M-11,25,1:14:03,43.03%
37,Joanna Helsing,"Beaumont, CA",553,1:21:59,13:12,F 09-11/1,F-10,12,1:22:05,42.70%
38,John Helsing,"Beaumont, CA",552,1:21:59,13:12,M 45-49/3,M-48,26,1:22:06,36.86%
39,Aggie Bartlett,"Riverside, CA",519,1:22:39,13:18,F 50-54/2,F-52,13,1:22:42,42.64%
40,Denee Pruitt,"Yucaipa, CA",569,1:23:31,13:27,F 40-44/1,F-40,14,1:23:35,37.54%
41,Lorna Wong,"Grand Terrace, CA",529,1:28:57,14:19,F 50-54/3,F-53,15,1:29:01,40.12%
42,Bambi Wines,"Cherry Valley, CA",517,1:34:48,15:16,F 40-44/2,F-41,16,1:34:52,33.27%
43,Matthew Wines,"Cherry Valley, CA",518,1:34:49,15:16,M 40-44/5,M-41,27,1:34:53,30.19%
