Bib,Name,Gender,Age,Hometown,Overall,Women,F 60-64,Age/Grade,Finish,Chip Time,Gun Time
422,Melanie Rose,F,61,"Oceanside, CA",2073 out of 2080,1273 out of 1279,8 out of 9, 35.07% Place: 1885,1:12:41 Pace: 18:11,1:12:41,1:15:41
2667,Melanie Rose,F,61,"Oceanside, CA",2074 out of 2080,1274 out of 1279,9 out of 9, 35.05% Place: 1886,1:12:43 Pace: 18:11,1:12:43,1:15:42
165,Jen Van Mater,F,30,"San Diego, CA",2075 out of 2080,1275 out of 1279,276 out of 278, 26.30% Place: 2062,1:13:08 Pace: 18:17,1:13:08,1:15:23
209,Allison Carroll,F,30,"San Diego, CA",2076 out of 2080,1276 out of 1279,277 out of 278, 26.28% Place: 2063,1:13:12 Pace: 18:18,1:13:12,1:15:24
1032,Melissa Litchford,F,59,"San Diego, CA",2077 out of 2080,1277 out of 1279,22 out of 22, 33.77% Place: 1931,1:13:21 Pace: 18:21,1:13:21,1:15:33
532,Marcia Worley,F,33,"Somerton, CA",2078 out of 2080,1278 out of 1279,278 out of 278, 26.33% Place: 2061,1:13:23 Pace: 18:21,1:13:23,1:15:42
411,Deanna Svehla,F,47,"Chula Vista, CA",2079 out of 2080,1279 out of 1279,62 out of 62, 28.42% Place: 2049,1:14:37 Pace: 18:40,1:14:37,1:15:27
733,Scotty Higgs,M,46,"San Diego, CA",2080 out of 2080,801 out of 801,54 out of 54, 24.71% Place: 2067,1:15:33 Pace: 18:54,1:15:33,1:15:33
