Bib,Name,Gender,Age,Hometown,Overall,Women,F 65-69,Age/Grade,Finish,Chip Time,Gun Time
461,Valerie Hardie,F,47,"San Diego, CA",2665 out of 2669,1601 out of 1605,148 out of 148, 24.75% Place: 2547,1:47:17 Pace: 21:35,1:47:17,1:47:17
826,Sharon Barton,F,65,"San Diego, CA",2666 out of 2669,1602 out of 1605,19 out of 19, 31.57% Place: 2097,1:47:17 Pace: 21:35,1:47:17,1:47:17
3220,Josefina Viorato,F,54,"Chula Vista, CA",2667 out of 2669,1603 out of 1605,127 out of 127, 26.68% Place: 2436,1:48:39 Pace: 21:52,1:48:39,1:51:34
3166,Mary Handford,F,42,"Chula Vista, CA",2668 out of 2669,1604 out of 1605,167 out of 167, 23.30% Place: 2597,1:48:40 Pace: 21:52,1:48:40,1:51:34
962,Sandra Ramirez,F,21,"San Diego, CA",2669 out of 2669,1605 out of 1605,142 out of 142, 21.94% Place: 2636,1:49:47 Pace: 22:05,1:49:47,1:53:39
