Bib,Name,Gender,Age,Hometown,Overall,Men,M 30-34,Age/Grade,Finish,Chip Time,Gun Time
1506,Erica Miller,F,56,"La Mesa, CA",2673 out of 2678,1600 out of 1604,77 out of 78, 26.48% Place: 2446,1:47:20 Pace: 21:36,1:47:20,1:51:21
471,Ehab Radwan,M,31,"Temecula, CA",2674 out of 2678,1074 out of 1074,147 out of 147, 19.36% Place: 2652,1:47:30 Pace: 21:38,1:47:30,1:51:52
428,Keham Abdelall,F,30,"Temecula, CA",2675 out of 2678,1601 out of 1604,256 out of 256, 21.64% Place: 2646,1:47:33 Pace: 21:39,1:47:33,1:51:54
1507,Stormy Minter,F,50,"San Diego, CA",2676 out of 2678,1602 out of 1604,127 out of 128, 24.69% Place: 2553,1:47:36 Pace: 21:39,1:47:36,1:51:37
1104,Lynn Hanson-Rowe,F,54,", CA",2677 out of 2678,1603 out of 1604,128 out of 128, 23.33% Place: 2618,1:58:58 Pace: 23:56,1:58:58,2:04:00
2363,Peggy Evans,F,56,"Carlsbad, CA",2678 out of 2678,1604 out of 1604,78 out of 78, 23.89% Place: 2596,1:58:59 Pace: 23:57,1:58:59,2:04:00
