Bib,Name,Gender,Age,Hometown,Overall,Women,F 50-59,Finish,Chip Time,Gun Time
2014,Joseph Krissman,M,66,"Whittier, CA",2097 out of 2102,856 out of 857,74 out of 74,2:02:54 Pace: 23:12,2:02:54,2:05:48
2133,Vivianne Israel,F,57,"Anaheim, CA",2098 out of 2102,1242 out of 1245,262 out of 262,2:03:07 Pace: 23:14,2:03:07,2:05:07
1939,Rex Miller,M,55,"Long Beach, CA",2099 out of 2102,857 out of 857,152 out of 152,2:03:08 Pace: 23:14,2:03:08,2:06:02
1749,Aileen Kaiklian,F,28,"Harbor City, CA",2100 out of 2102,1243 out of 1245,170 out of 170,2:04:00 Pace: 23:24,2:04:00,2:05:51
151,Sj Pribanic,F,63,"Lomita, CA",2101 out of 2102,1244 out of 1245,83 out of 83,2:05:06 Pace: 23:37,2:05:06,2:07:26
152,Pat Tierney,F,75,"Rancho Palos Verdes, CA",2102 out of 2102,1245 out of 1245,16 out of 16,2:05:06 Pace: 23:37,2:05:06,2:07:26
