Bib,Name,Gender,Age,Hometown,Overall,Women,F Open,Age/Grade,Finish,Chip Time,Gun Time
204,Michelle Aizawa,F,36,"Hacienda Heights, CA",249 out of 252,149 out of 151,0 out of 0, 25.37% Place: 238,59:13 Pace: 19:04,59:13,59:24
170,Jennifer Price,F,30,"Lakewood, CA",250 out of 252,150 out of 151,0 out of 0, 24.78% Place: 241,59:45 Pace: 19:14,59:45,1:00:09
169,Dorothy Price,F,55,"Lakewood, CA",251 out of 252,151 out of 151,0 out of 0, 30.18% Place: 202,59:49 Pace: 19:16,59:49,1:00:11
222,Barry Vince,M,44,"Long Beach, CA",252 out of 252,101 out of 101,0 out of 0, 23.49% Place: 247,59:54 Pace: 19:17,59:54,1:00:05
