Bib,Name,Gender,Age,Hometown,Overall,Women,F 40-44,Age/Grade,Finish,Chip Time,Gun Time
1697,Stephen Freiman,M,64,"Pikesville, MD",1657 out of 1663,818 out of 818,51 out of 51, 18.44% Place: 1653,1:29:36 Pace: 28:51,1:29:36,1:29:36
2089,Nicky Tyler,F,44,"Pacific Palisades, CA",1658 out of 1663,840 out of 845,87 out of 88, 16.85% Place: 1658,1:32:31 Pace: 29:47,1:32:31,1:32:31
2853,Ruth Mandelbaum,F,53,"Pacific Palisades, CA",1659 out of 1663,841 out of 845,70 out of 72, 17.76% Place: 1655,1:36:14 Pace: 30:59,1:36:14,1:37:36
2461,Mary James,F,57,"Los Angeles, CA",1660 out of 1663,842 out of 845,62 out of 62, 18.56% Place: 1652,1:36:22 Pace: 31:01,1:36:22,1:37:38
2469,Beth Karmin,F,54,"Pacific Palisades, CA",1661 out of 1663,843 out of 845,71 out of 72, 17.92% Place: 1654,1:36:22 Pace: 31:01,1:36:22,1:37:37
2730,Karin Wholey,F,53,"Santa Monica, CA",1662 out of 1663,844 out of 845,72 out of 72, 15.88% Place: 1659,1:47:35 Pace: 34:38,1:47:35,1:47:35
2037,Jennifer Smith,F,40,"Lake Balboa, CA",1663 out of 1663,845 out of 845,88 out of 88, 12.64% Place: 1660,2:00:00 Pace: 38:38,2:00:00,2:00:00
