Bib,Name,Gender,Age,Hometown,Overall,Women,F 55-59,Age/Grade,Finish,Chip Time,Gun Time
2831,Kathryn C Soll,F,63,"Los Angeles, CA",1425 out of 1430,730 out of 735,38 out of 38, 32.31% Place: 1279,1:02:29 Pace: 20:07,1:02:29,1:04:24
2054,Donna Wintergreen,F,57,"Pacific Palisades, CA",1426 out of 1430,731 out of 735,40 out of 41, 29.67% Place: 1330,1:02:29 Pace: 20:07,1:02:29,1:04:24
738,Kristen Klein,F,44,"Pacific Palisades, CA",1427 out of 1430,732 out of 735,111 out of 111, 25.13% Place: 1394,1:02:58 Pace: 20:16,1:02:58,1:03:11
1895,Priscilla Cohen,F,56,"Santa Monica, CA",1428 out of 1430,733 out of 735,41 out of 41, 28.51% Place: 1356,1:04:09 Pace: 20:39,1:04:09,1:05:48
3227,Genna Grossblatt,F,6,"Calabasas, CA",1429 out of 1430,734 out of 735,99 out of 99, 30.11% Place: 1322,1:04:53 Pace: 20:53,1:04:53,1:04:53
2060,Jean Shargo,f,90,"Pacific Palisades, CA",1430 out of 1430,735 out of 735,1 out of 1, 53.00% Place: 430,1:16:18 Pace: 24:34,1:16:18,1:18:17
