Bib,Name,Gender,Age,Hometown,Overall,Women,F 70-74,Age/Grade,Finish,Chip Time,Gun Time
2058,Annie Wendorf,F,7,"Los Angeles, CA",1561 out of 1566,804 out of 808,99 out of 100, 29.89% Place: 1393,1:04:43 Pace: 20:50,1:04:43,1:04:43
1766,Madeline Tiger,F,73,"Santa Monica, CA",1562 out of 1566,805 out of 808,6 out of 7, 34.79% Place: 1242,1:05:20 Pace: 21:02,1:05:20,1:08:11
959,Barbara Rubens,F,70,"Santa Monica, CA",1563 out of 1566,806 out of 808,7 out of 7, 32.62% Place: 1308,1:05:26 Pace: 21:04,1:05:26,1:08:09
3213,Sara Houghton,F,36,"Los Angeles, CA",1564 out of 1566,807 out of 808,116 out of 116, 21.75% Place: 1522,1:05:36 Pace: 21:07,1:05:36,1:05:36
1897,Alyssa Marsert,F,7,", CA",1565 out of 1566,808 out of 808,100 out of 100, 29.45% Place: 1406,1:05:41 Pace: 21:09,1:05:41,1:05:41
217,Steve Daggett,M,73,"Murrieta, CA",1566 out of 1566,758 out of 758,12 out of 12, 23.33% Place: 1513,1:19:59 Pace: 25:45,1:19:59,1:20:25
