Bib,Name,Gender,Age,Hometown,Overall,Men,M 01-12,Age/Grade,Finish,Chip Time,Gun Time
2593,William Bzura,M,7,"Pacific Palisades, CA",1577 out of 1580,753 out of 755,123 out of 124, 27.11% Place: 1531,1:05:40 Pace: 21:09,1:05:40,1:05:40
3047,Daniel Brown,M,10,"Calabasas, CA",1578 out of 1580,754 out of 755,124 out of 124, 23.65% Place: 1566,1:06:45 Pace: 21:29,1:06:45,1:06:45
3038,Mark Rozett,M,57,"La Crescenta, CA",1579 out of 1580,755 out of 755,47 out of 47, 16.71% Place: 1572,1:33:33 Pace: 30:07,1:33:33,1:35:15
3037,Jessica Lamden,F,58,"Pacific Palisades, CA",1580 out of 1580,825 out of 825,38 out of 38, 20.10% Place: 1571,1:33:33 Pace: 30:07,1:33:33,1:35:15
