Bib,Name,Gender,Age,Hometown,Overall,Men,M 65-69,Age/Grade,Finish,Chip Time,Gun Time
1126,Mary Genow,F,47,"Pacific Palisades, CA",1649 out of 1656,841 out of 844,96 out of 97, 22.97% Place: 1640,1:10:33 Pace: 22:43,1:10:33,1:11:56
2909,Donald Woods,M,66,"Los Angeles, CA",1650 out of 1656,809 out of 844,33 out of 33, 23.38% Place: 1637,1:12:27 Pace: 23:19,1:12:27,1:13:09
2303,Elena Cates,F,49,"Pacific Palisades, CA",1651 out of 1656,842 out of 844,97 out of 97, 22.41% Place: 1644,1:13:56 Pace: 23:48,1:13:56,1:14:38
644,Jack McNamee,M,13,"Pacific Palisades, CA",1652 out of 1656,810 out of 844,47 out of 47, 19.29% Place: 1648,1:15:10 Pace: 24:12,1:15:10,1:15:18
887,Jean Shargo,F,92,"Pacific Palisades, CA",1653 out of 1656,843 out of 844,2 out of 2, 59.68% Place: 210,1:16:39 Pace: 24:41,1:16:39,1:18:38
1956,Marla Butler,F,40,"Pacific Palisades, CA",1654 out of 1656,844 out of 844,114 out of 114, 17.16% Place: 1651,1:29:11 Pace: 28:43,1:29:11,1:29:36
1433,Nathan Banks,M,7,"Pacific Palisades, CA",1655 out of 1656,811 out of 844,160 out of 160, 18.54% Place: 1650,1:36:01 Pace: 30:55,1:36:01,1:37:17
964,Peter Tontonoz,M,45,"Pacific Palisades, CA",1656 out of 1656,812 out of 844,110 out of 110, 14.65% Place: 1652,1:36:50 Pace: 31:11,1:36:50,1:39:22
