Bib,Name,Gender,Age,Hometown,Overall,Women,F 35-39,Age/Grade,Finish,Chip Time,Gun Time
457,Rachel Kalan,F,5,"Manhattan Beach, CA",1369 out of 1373,702 out of 705,88 out of 89, 35.50% Place: 1109,1:06:43 Pace: 21:29,1:06:43,1:10:07
2663,Cristina Amaya,F,39,"Santa Monica, CA",1370 out of 1373,703 out of 705,88 out of 88, 21.34% Place: 1363,1:08:01 Pace: 21:54,1:08:01,1:09:05
2211,Josh Resnick,M,40,"Santa Monica, CA",1371 out of 1373,668 out of 668,78 out of 78, 19.26% Place: 1367,1:09:23 Pace: 22:20,1:09:23,1:09:23
1469,Cathy Muslin,F,55,"Pacific Palisades, CA",1372 out of 1373,704 out of 705,42 out of 42, 23.72% Place: 1350,1:10:59 Pace: 22:51,1:10:59,1:13:51
2020,Ali Lefkowitz,F,12,"Pacific Palisades, CA",1373 out of 1373,705 out of 705,89 out of 89, 22.03% Place: 1359,1:11:02 Pace: 22:52,1:11:02,1:11:02
