Place,Name,Location,Bib,Net Time,Pace,Division/Place,Sex-Age,Sex-Place,Gun Time,Age Grade
1,Danny Lyon,"Hesperia, CA",767,15:17,4:55,M 19-29/0,M-24,1,15:17,84.50%
2,Michael Najera,", CA",1277,15:34,5:01,M 19-29/0,M-19,2,15:34,84.78%
3,Johann Appell,"Huntington Beach, CA",606,15:40,5:03,M 30-39/0,M-32,3,15:40,83.07%
4,Alejandro Tinajero,", CA",1250,15:45,5:05,M 30-39/1,M-32,4,15:46,82.63%
5,Juan Ramirez,"Santa Ana, CA",837,15:46,5:05,M 40-49/1,M-40,6,15:46,86.67%
6,Richard Weis,"Hermosa Beach, CA",902,15:46,5:05,M 30-39/2,M-31,5,15:47,82.33%
7,Josh Yelsey,"Corona Del Mar, CA",911,15:46,5:05,M 19-29/1,M-26,7,15:47,81.90%
8,Dominic Cabada,"Boulder, CO",1253,16:02,5:10,M 15-18/1,M-17,8,16:03,84.29%
9,Mike Buckhoff,"Hesperia, CA",1239,16:06,5:11,M 40-49/2,M-43,9,16:08,86.84%
10,Gilbert Salazar,"Long Beach, CA",1262,16:19,5:16,M 30-39/3,M-36,10,16:20,81.39%
11,Parker Christian,"Cypress, CA",651,16:28,5:18,M 15-18/2,M-16,11,16:29,83.28%
12,Mark Vishnevsky,"Albuquerque, NM",1272,16:37,5:21,M 19-29/2,M-28,12,16:38,77.71%
13,Michael Munoz,"Whittier, CA",792,16:43,5:23,M 01-14/1,M-14,13,16:46,84.93%
14,Kyle O'Reilly,"Cypress, CA",810,16:48,5:25,M 15-18/3,M-17,14,16:50,80.44%
15,Juan Morales,"Huntington Beach, CA",788,16:51,5:26,M 19-29/3,M-29,15,16:52,76.73%
16,Joshua Bollinger,"Anaheim, CA",1216,16:52,5:26,M 15-18/4,M-18,16,16:53,79.13%
17,Sebastien Welch,"Newport Beach, CA",903,16:52,5:26,M 15-18/5,M-17,17,16:54,80.12%
18,Austin Barvin,"Newport Beach, CA",615,17:05,5:30,M 15-18/6,M-16,18,17:08,80.27%
19,Gefry Sarco,"Pico Rivera, CA",857,17:19,5:35,M 01-14/2,M-12,19,17:21,85.93%
20,Derrick Satterfield,"Newport Beach, CA",858,17:26,5:37,M 15-18/7,M-16,20,17:29,78.66%
21,Blake Myers,"Newport Beach, CA",1001,17:31,5:39,M 15-18/8,M-15,21,17:32,79.52%
22,Zac Asdourain,"Newport Beach, CA",608,17:42,5:42,M 15-18/9,M-16,22,17:44,77.47%
23,Chris Burke,"Newport Beach, CA",631,17:42,5:42,M 15-18/10,M-17,23,17:43,76.34%
24,Neal Rummler,"Cypress, CA",1229,17:46,5:44,M 15-18/11,M-18,24,17:48,75.12%
25,James Lamar,"Whittier, CA",756,18:03,5:49,M 15-18/12,M-16,25,18:05,75.97%
26,Jim Bowles,"Yorba Linda, CA",961,18:19,5:54,M 40-49/3,M-42,26,18:21,75.68%
27,Bryan Pluma,", CA",963,18:21,5:55,M 01-14/3,M-11,27,18:25,83.45%
28,Alex Turney,"Newport Beach, CA",883,18:21,5:55,M 15-18/13,M-16,28,18:23,74.66%
29,Zachery Graber,"Garden Grove, CA",712,18:23,5:55,M 01-14/4,M-14,29,18:25,77.22%
30,Carlos Castillo,"Pico Rivera, CA",639,18:25,5:56,M 01-14/5,M-13,30,18:26,78.80%
31,Alex Randolph,"Cypress, CA",838,18:27,5:57,M 15-18/14,M-17,31,18:31,73.24%
32,Mark Petkovic,"Cypress, CA",826,18:42,6:01,M 19-29/4,M-23,32,18:43,69.05%
33,Donald Lamy,"Garden Grove, CA",757,18:46,6:03,M 15-18/15,M-15,33,18:49,74.16%
34,Kjell Wolker,"Newport Beach, CA",908,18:50,6:04,M 15-18/16,M-16,34,18:52,72.81%
35,Nicholas Lopez,"Hemet, CA",764,18:51,6:04,M 15-18/17,M-16,35,18:53,72.74%
36,Holly Hobson,"Irvine, CA",731,19:02,6:08,F 19-29/0,F-26,1,19:02,77.89%
37,Megan Petkovic,"Cypress, CA",827,19:04,6:09,F 19-29/0,F-19,2,19:04,78.02%
38,Jesus Sanchez,"Pico Rivera, CA",853,19:05,6:09,M 01-14/6,M-13,36,19:06,76.05%
39,Robert Miyoshi,"Buena Park, CA",787,19:16,6:12,M 01-14/7,M-14,37,19:20,73.68%
40,Carlos Barrios,"La Mirada, CA",1205,19:18,6:13,M 01-14/8,M-12,38,19:23,77.10%
41,Shelley Foerster,"Garden Grove, CA",959,19:19,6:14,F 19-29/1,F-19,4,19:21,76.88%
42,Andrew Pluma,"Norwalk, CA",962,19:20,6:14,M 30-39/4,M-31,39,19:25,67.13%
43,Melanie Powers,"Newport Beach, CA",835,19:20,6:14,F 15-18/1,F-16,5,19:24,79.21%
44,Marisa Cummings,"Newport Beach, CA",669,19:21,6:14,F 15-18/2,F-17,6,19:24,78.19%
45,Veronika Wylie,"Fullerton, CA",286,19:21,6:14,F 40-49/0,F-46,3,19:21,83.00%
46,Kelly Caulfield,"Garden Grove, CA",1009,19:22,6:14,F 15-18/3,F-16,7,19:24,79.07%
47,Ashlee Powers,"Newport Beach, CA",834,19:23,6:15,F 15-18/4,F-15,8,19:25,80.03%
48,Ceci St Geme,"Newport Beach, CA",874,19:26,6:16,F 40-49/1,F-46,9,19:29,82.58%
49,Kristin Rivera,"Newport Beach, CA",844,19:38,6:20,F 15-18/5,F-15,10,19:41,79.01%
50,Matthew Quirarte,"Pico Rivera, CA",1238,19:46,6:22,M 01-14/9,M-13,40,19:48,73.42%
51,Alfonso Ramirez,"Pico Rivera, CA",1252,19:47,6:22,M 01-14/10,M-13,41,19:48,73.36%
52,Daniel Aguilar,", CA",951,19:56,6:25,M 15-18/18,M-15,42,19:58,69.87%
53,Francisco Franco,", CA",695,19:57,6:26,M 01-14/11,M-14,43,19:58,71.15%
54,Drew Blumenthal,"Newport Beach, CA",619,19:57,6:26,M 15-18/19,M-16,44,20:00,68.73%
55,Jason Bosinski,"Huntington Beach, CA",952,19:57,6:26,M 30-39/5,M-30,45,20:04,64.88%
56,John Hunter,"Cypress, CA",736,20:02,6:27,M 50-59/1,M-52,46,20:07,74.85%
57,William Pluma,", CA",964,20:04,6:28,M 01-14/12,M-8,47,20:08,84.87%
58,Brandon Galvan,"Whittier, CA",1251,20:05,6:28,M 15-18/20,M-15,48,20:10,69.29%
59,William K Sumner,"Newport Beach, CA",877,20:10,6:30,M 60-69/1,M-61,49,20:12,80.31%
60,Mark Kristula,"Los Angeles, CA",753,20:11,6:30,M 40-49/4,M-46,50,20:14,70.83%
61,Lance Collins,"Long Beach, CA",1225,20:20,6:33,M 30-39/6,M-34,51,20:24,64.56%
62,Daniel Dakota,", ",1101,20:20,6:33,M 15-18/21,M-16,52,20:25,67.43%
63,Brad Calvin,"Santa Ana, CA",636,20:26,6:35,M 40-49/5,M-42,53,20:29,67.84%
64,William Bogdanoff,"Whittier, CA",954,20:30,6:36,M 15-18/22,M-15,54,20:35,67.94%
65,Robert Kasper,"Cypress, CA",747,20:38,6:39,M 15-18/23,M-15,55,20:54,67.50%
66,Gordon Currie,"Fountain Valley, CA",1246,20:39,6:39,M 50-59/2,M-59,56,20:43,77.06%
67,Frank Long,"Fountain Valley, CA",763,20:41,6:40,M 40-49/6,M-46,57,20:48,69.11%
68,Bob Murray,"Yorba Linda, CA",794,20:52,6:43,M 50-59/3,M-54,58,20:55,73.06%
69,David Ewoldt,"Long Beach, CA",686,20:56,6:45,M 50-59/4,m-54,59,21:00,72.83%
70,Paulina Viramontes,"Pico Rivera, CA",894,20:57,6:45,F 01-14/1,F-11,11,20:59,79.46%
71,Rick Berrios,"Huntington Beach, CA",913,21:00,6:46,M 50-59/5,M-52,60,21:02,71.41%
72,Wendy Contreras,"Pico Rivera, CA",662,21:11,6:50,F 01-14/2,F-12,12,21:13,76.93%
73,Jeff Goodman,"Upland, CA",711,21:12,6:50,M 40-49/7,M-47,61,21:15,67.98%
74,Robert Filacchione,"Buena Park, CA",691,21:15,6:51,M 40-49/8,M-43,62,21:23,65.78%
75,David Martinez,"Riverside, CA",1268,21:22,6:53,M 30-39/7,M-34,63,21:28,61.44%
76,Erik Knuppel,"Newport Coast, CA",1258,21:25,6:54,M 19-29/5,M-26,64,21:35,60.28%
77,Jonathan Berrysmith,"Cypress, CA",1237,21:25,6:54,M 15-18/24,M-16,65,22:10,64.02%
78,Nicole Hammonds,"La Mirada, CA",725,21:27,6:55,F 15-18/6,F-15,13,21:38,72.32%
79,Lucy Zuniga,"La Habra, CA",1261,21:28,6:55,F 40-49/2,F-49,14,21:31,77.23%
80,Clinton Jamison,"Flagstaff, AZ",741,21:32,6:56,M 19-29/6,M-23,66,21:39,59.95%
81,Martin Nguyen,"Anaheim, CA",1054,21:35,6:57,M 19-29/7,M-21,67,21:42,60.05%
82,Duane Hindman,"Yorba Linda, CA",1241,21:40,6:59,M 50-59/6,M-51,68,21:49,68.67%
83,Peter Morris,"Newport Beach, CA",790,21:41,6:59,M 15-18/25,M-15,69,21:44,64.23%
84,Wayne Church,"Huntington Beach, CA",1055,21:42,6:59,M 50-59/7,M-59,70,21:49,73.33%
85,Erika Newell,"Bayfield, CO",807,21:43,7:00,F 15-18/7,F-16,15,21:45,70.51%
86,Larry Herschler,"Anaheim, CA",729,21:48,7:01,M 50-59/8,M-53,71,21:52,69.40%
87,Howard Bland,"Cypress, CA",1234,21:58,7:05,M 30-39/8,M-39,72,22:04,61.73%
88,Claire Rainey,"Rossmoor, CA",1224,22:00,7:05,F 01-14/3,F-12,16,22:10,74.07%
89,Eric Schramm,"Huntington Beach, CA",863,22:00,7:05,M 19-29/8,M-23,73,22:56,58.68%
90,Jeff Wright,"Anaheim, CA",926,22:01,7:05,M 40-49/9,M-46,74,22:01,64.92%
91,Ron Shranko,"Lakewood, CA",865,22:02,7:06,M 40-49/10,M-49,75,22:08,66.46%
92,Beau Golden,"Fullerton, CA",704,22:09,7:08,M 19-29/9,M-21,76,22:18,58.51%
93,Geoffrey Chen,"Alhambra, CA",650,22:13,7:09,M 19-29/10,M-29,77,22:20,58.18%
94,Ozzie Zea,"Long Beach, CA",1000,22:23,7:12,M 40-49/11,M-46,78,22:25,63.86%
95,Richard Castaneda,"Norwalk, CA",638,22:25,7:13,M 19-29/11,M-25,79,22:29,57.59%
96,Brandon Kelly,"Anaheim, CA",1218,22:25,7:13,M 30-39/9,M-32,80,22:36,58.04%
97,Emily De Boer,"La Mirada, CA",674,22:27,7:14,F 01-14/4,F-13,17,22:37,71.17%
98,Josh Desisto,"Long Beach, CA",1266,22:30,7:15,M 19-29/12,M-26,81,23:27,57.38%
99,Diana Barrera,"Pico Rivera, CA",613,22:34,7:16,F 01-14/5,F-12,18,22:36,72.21%
100,Ana Galicia,"Pico Rivera, CA",701,22:35,7:16,F 01-14/6,F-12,19,22:37,72.16%
101,Julie Vargas,"Huntington Beach, CA",968,22:38,7:18,F 30-39/1,F-38,20,22:43,66.91%
102,Tom Minnich,"La Habra, CA",784,22:48,7:21,M 50-59/9,M-53,82,22:54,66.35%
103,Robert Jr Filacchione,"Buena Park, CA",692,22:52,7:22,M 01-14/13,M-14,83,23:00,62.07%
104,Mike Matuz,"Long Beach, CA",1264,22:59,7:24,M 19-29/13,M-26,84,23:55,56.17%
105,Jacqueline Lacy,"San Pedro, CA",919,22:59,7:24,F 19-29/2,F-24,21,23:05,64.44%
106,Jimmy Watson,"Buena Park, CA",899,23:02,7:25,M 15-18/26,M-16,85,23:17,59.52%
107,Claudia Ortega,"Los Angeles, CA",1267,23:10,7:28,F 30-39/2,F-37,22,23:11,65.01%
108,Mo Bowen,"La Verne, CA",916,23:16,7:30,F 40-49/3,F-44,23,23:20,67.67%
109,Mario Gomez,"Cypress, CA",707,23:25,7:32,M 15-18/27,M-16,86,23:25,58.55%
110,Ivan Catano,"West Covina, CA",643,23:25,7:33,M 30-39/10,M-39,87,23:29,57.91%
111,Gavin Fenske,"Fullerton, CA",689,23:29,7:34,M 40-49/12,M-40,88,23:44,58.17%
112,George Delalis,"Chandler, AZ",60,23:30,7:34,M 40-49/13,M-48,89,23:35,61.82%
113,Jon Copperthite,"Cypress, CA",666,23:35,7:36,M 30-39/11,M-37,90,24:01,56.65%
114,Melissa Gutierrez,"Pico Rivera, CA",721,23:35,7:36,F 01-14/7,F-12,24,23:38,69.09%
115,Jessica Castillo,"Pico Rivera, CA",640,23:37,7:36,F 01-14/8,F-11,25,23:38,70.48%
116,Sean O'Reilly,"Cypress, CA",811,23:39,7:37,M 19-29/14,M-24,91,23:59,54.58%
117,James Kish,"Santa Ana, CA",751,23:40,7:37,M 30-39/12,M-39,92,23:44,57.29%
118,Kathi Guiney,"Rancho Santa Margarita, CA",85,23:44,7:39,F 50-59/1,F-56,26,23:48,76.32%
119,Glenn Gaba,", ",1219,23:46,7:39,M 40-49/14,M-44,93,24:31,59.23%
120,Tom Peebles,"Orange, CA",914,23:46,7:39,M 30-39/13,M-34,94,23:57,55.23%
121,Kevin Rummler,"Cypress, CA",1228,23:53,7:42,M 40-49/15,M-46,95,23:59,59.85%
122,April Panteau,"Long Beach, CA",965,23:57,7:43,F 19-29/3,F-24,27,24:01,61.84%
123,Larry Gutierrez,"Westminster, CA",1260,24:00,7:44,M 50-59/10,M-50,96,24:07,61.50%
124,Eric Green,"Long Beach, CA",714,24:01,7:44,M 15-18/28,M-17,97,24:17,56.25%
125,Christopher Castro,"Cypress, CA",641,24:03,7:45,M 19-29/15,M-29,98,26:33,53.74%
126,David Trumbo,"Placentia, CA",973,24:22,7:51,M 40-49/16,M-44,99,24:29,57.77%
127,Mickey Hunter,"Cypress, CA",737,24:30,7:54,M 40-49/17,M-46,100,25:01,58.34%
128,Jeffrey Magallones,"Los Alamitos, CA",768,24:32,7:54,M 30-39/14,M-39,101,24:35,55.27%
129,Kimberly Alavarez,"Pico Rivera, CA",604,24:32,7:54,F 01-14/9,F-13,28,24:34,65.13%
130,Bob Mosey,"Yorba Linda, CA",791,24:32,7:54,M 50-59/11,M-56,102,24:43,63.22%
131,Heidy Rodriguez,"Pico Rivera, CA",846,24:37,7:56,F 01-14/10,F-12,29,24:39,66.19%
132,Grant Rummler,"Cypress, CA",1282,24:37,7:56,M 01-14/14,M-10,103,24:42,64.16%
133,Joshua Thatcher,", CA",955,24:43,7:58,M 01-14/15,M-14,104,24:52,57.42%
134,Randy Lyde,"Norwalk, CA",766,24:50,8:00,M 30-39/15,M-37,105,24:59,53.79%
135,Jose Gonzalez,"Los Angeles, CA",708,24:54,8:01,M 50-59/12,M-53,106,25:11,60.75%
136,Mike Casalou,"La Mirada, CA",1227,24:56,8:02,M 40-49/18,M-42,107,25:12,55.59%
137,Helen Pappas,"Bellflower, CA",820,25:03,8:04,F 30-39/3,F-31,30,25:13,59.19%
138,Justin Doty,"Buena Park, CA",678,25:06,8:05,M 15-18/29,M-16,108,25:37,54.62%
139,Brooke Warken,"Anaheim, CA",896,25:09,8:06,F 01-14/11,F-12,31,25:17,64.79%
140,John Bahorski,"Long Beach, CA",610,25:11,8:07,M 50-59/13,M-50,109,25:22,58.61%
141,Kristin Soiseth,"Whittier, CA",870,25:13,8:07,F 19-29/4,F-28,32,25:24,58.73%
142,Zachary Sultzet,"Cypress, CA",927,25:17,8:09,M 15-18/30,M-15,110,25:17,55.08%
143,Ryan Murray,"Santa Ana, CA",795,25:22,8:10,M 15-18/31,M-16,111,25:55,54.04%
144,Tony Romo,"Stanton, CA",1007,25:23,8:10,M 30-39/16,M-39,112,26:04,53.42%
145,Devin Fleming,"Cypress, CA",1280,25:37,8:15,F 01-14/12,F-11,33,25:40,64.97%
146,Chris Johns,"Garden Grove, CA",1243,25:38,8:15,M 15-18/32,M-15,113,25:39,54.33%
147,Dennis McGranahan,"Garden Grove, CA",1257,25:44,8:17,M 60-69/2,M-60,114,26:07,62.35%
148,Bruce Edwards,"Santa Monica, CA",681,25:48,8:19,M 30-39/17,M-33,115,25:56,50.61%
149,Reggie Santos,"Cerritos, CA",856,25:49,8:19,M 40-49/19,M-48,116,26:02,56.27%
150,Steven Coler,"Cypress, CA",658,25:49,8:19,M 60-69/3,M-61,117,26:00,62.73%
151,Ernie Salgado,"Ladera Ranch, CA",917,25:52,8:20,M 50-59/14,M-56,118,25:59,59.96%
152,Johnny Duong,"Buena Park, CA",680,25:58,8:22,M 19-29/16,M-23,119,26:28,49.71%
153,Raymond Keifer,"Cypress, CA",748,26:01,8:23,M 50-59/15,M-53,120,26:09,58.14%
154,Alexander Miyoshi,"Buena Park, CA",785,26:05,8:24,M 01-14/16,M-14,121,26:18,54.41%
155,Jennifer Bruner,"Cypress, CA",626,26:07,8:25,F 15-18/8,F-16,34,26:17,58.58%
156,Jeannie Lastufka,"Whittier, CA",759,26:09,8:25,F 40-49/4,F-49,35,26:35,63.39%
157,Jean Chung,"Long Beach, CA",653,26:17,8:28,F NoAge/1,F-0,36,26:20, 0.00%
158,Greg Rummler,"Placentia, CA",972,26:20,8:29,M 40-49/20,M-48,122,26:26,55.16%
159,John Harper,"Seal Beach, CA",960,26:26,8:31,M 70-99/1,M-76,123,26:31,73.00%
160,Brandon Macias,"Buena Park, CA",958,26:29,8:32,M 19-29/18,M-27,124,26:43,48.74%
161,Lucas Farnell,"Anaheim, CA",688,26:29,8:32,M 19-29/17,M-29,125,27:00,48.80%
162,Myles Masui,"Cypress, CA",774,26:32,8:33,M 50-59/16,M-54,126,27:00,57.45%
163,Richard Sumner,"Phoenix, AZ",1217,26:32,8:33,M 50-59/17,M-54,127,26:41,57.45%
164,Valerie Amans,"Lakewood, CA",607,26:34,8:33,F 40-49/5,F-40,37,27:22,57.63%
165,Brittany Bailey,"Buena Park, CA",611,26:39,8:35,F 15-18/9,F-15,38,26:55,58.20%
166,Ayn Learn,"Placentia, CA",1240,26:43,8:36,F 19-29/5,F-21,39,26:56,55.43%
167,Collin Braun,"Cypress, CA",621,26:43,8:36,M 15-18/33,M-15,128,26:43,52.12%
168,Todd Moran,"Corona, CA",970,26:44,8:37,M 19-29/19,M-26,129,27:42,48.28%
169,Eric Edmunds,"Fountain Valley, CA",921,26:47,8:38,M 19-29/20,M-29,130,27:32,48.23%
170,Ben Draper,"La Palma, CA",679,26:50,8:38,M 30-39/18,M-34,131,27:11,48.91%
171,Kellie Hales,"Cypress, CA",724,26:58,8:41,F 19-29/6,F-25,40,27:04,54.92%
172,Anthony Tran,"La Mirada, CA",918,26:59,8:41,M 19-29/21,M-25,132,27:09,47.84%
173,Kristina Diaz,"Cypress, CA",1201,27:02,8:43,F 01-14/13,F-14,41,27:15,58.17%
174,Karen Davis,"Glendora, CA",1281,27:03,8:43,F 40-49/6,F-47,42,27:10,59.93%
175,Rebecca Escalante,"Monterey Park, CA",1263,27:04,8:43,F 30-39/4,F-33,43,27:11,54.96%
176,Robert Entringer,"Cypress, CA",1208,27:06,8:44,M 40-49/21,M-49,133,27:13,54.03%
177,Danielle Accovelli,"Cypress, CA",1206,27:10,8:45,F 15-18/10,F-16,44,27:22,56.35%
178,Stacy Bailey,"Buena Park, CA",612,27:11,8:45,F 30-39/5,F-39,45,27:28,55.95%
179,Mike Paek,"Los Alamitos, CA",818,27:15,8:47,M 40-49/22,M-45,134,27:24,52.08%
180,Troy Gross,"Huntington Beach, CA",719,27:18,8:48,M 01-14/17,M-14,135,27:36,51.99%
181,Ed Buch,"Cypress, CA",627,27:25,8:50,M 60-69/4,M-61,136,27:37,59.06%
182,Jane Fu,"La Palma, CA",697,27:25,8:50,F 30-39/6,F-33,46,27:33,54.26%
183,Christian Co,"Lakewood, CA",656,27:28,8:51,M 01-14/18,M-14,137,28:24,51.67%
184,Britney Rosas,"Cypress, CA",953,27:29,8:51,F 19-29/7,F-21,47,27:39,53.88%
185,Scott Okiishi,"Whittier, CA",815,27:30,8:52,M 40-49/23,M-48,138,27:49,52.82%
186,Carolyn Hudson,"Lakewood, CA",735,27:33,8:52,F 30-39/7,F-35,48,28:36,54.30%
187,Daniel Fujimori,"Cypress, CA",698,27:33,8:52,M 50-59/18,M-51,139,28:23,54.00%
188,Greg Navarrete,"La Mirada, CA",803,27:36,8:53,M 50-59/19,M-51,140,28:03,53.90%
189,Eric Fujimori,"Cypress, CA",699,27:37,8:54,M 15-18/34,M-17,141,28:23,48.91%
190,Christie Warken,"Anaheim, CA",897,27:46,8:57,F 30-39/8,F-34,49,27:54,53.69%
191,Laura Frangiamore,"Garden Grove, CA",1242,27:52,8:58,F 40-49/7,F-47,50,27:53,58.17%
192,Maya Kantak,"Cypress, CA",1214,27:52,8:58,F 15-18/11,F-17,51,28:03,54.28%
193,Sierrah Wilson,"Cypress, CA",1236,27:52,8:58,F 01-14/14,F-14,52,28:03,56.43%
194,Paul Kragenbrink,"Cypress, CA",1210,27:52,8:59,M 19-29/22,M-19,142,28:22,47.34%
195,John Parral,"Norwalk, CA",822,27:58,9:01,M 30-39/19,M-31,143,28:27,46.39%
196,Tony Colvin,"Cypress, CA",659,27:59,9:01,M 30-39/20,M-39,144,28:21,48.45%
197,Kevin Dillard,"Cypress, CA",677,28:02,9:02,M 30-39/21,M-39,145,28:29,48.36%
198,Reyna Villanueva,"Garden Grove, CA",893,28:08,9:04,F 30-39/9,F-38,53,28:25,53.82%
199,Gabriel Gomez,"Cypress, CA",706,28:12,9:05,M 15-18/35,M-15,146,28:26,49.38%
200,Janice Akins,"Cypress, CA",602,28:13,9:05,F 50-59/2,F-53,54,28:42,61.76%
201,David Hurlburt,"Costa Mesa, CA",738,28:14,9:06,M 70-99/2,M-71,147,28:14,63.26%
202,Erica Schatz,"Lomita, CA",966,28:16,9:06,F 19-29/8,F-28,55,28:39,52.39%
203,Jonathon Matson,"Cypress, CA",775,28:16,9:06,M 50-59/20,M-50,148,28:27,52.21%
204,Thomas Parker,"Temple City, CA",201,28:18,9:07,M 60-69/5,M-61,149,28:35,57.22%
205,Dean Ryan,"La Palma, CA",922,28:21,9:08,M 19-29/23,M-26,150,28:35,45.53%
206,Lashanda Del Balso,"Placentia, CA",675,28:24,9:09,F 30-39/10,F-30,56,28:55,52.14%
207,Debbie Meza,"Beaumont, CA",780,28:26,9:10,F 50-59/3,F-55,57,29:12,62.87%
208,Roy Ready,"Cypress, CA",841,28:28,9:10,M 19-29/24,M-19,151,28:49,46.34%
209,Miguel Palacios,"Westminster, CA",819,28:28,9:10,M 30-39/22,M-31,152,28:50,45.58%
210,Susan Petkovic,"Cypress, CA",829,28:34,9:12,F 40-49/8,F-48,58,28:43,57.33%
211,Amanda Esquivel,"Long Beach, CA",1265,28:35,9:12,F 19-29/9,F-24,59,29:31,51.81%
212,Barbie Spatz,"Lakewood, CA",975,28:36,9:13,F 60-69/1,F-61,60,29:00,67.87%
213,Marisela Portugal,"Cypress, CA",833,28:37,9:13,F 30-39/11,F-37,61,28:58,52.62%
214,Alan Adams,"Newport Beach, CA",1256,28:38,9:13,M 60-69/6,M-65,153,28:48,58.59%
215,Larry Holmes,"Fullerton, CA",732,28:42,9:14,M 40-49/24,M-43,154,30:04,48.69%
216,Robert Frankeberger,"Lakewood, CA",696,28:42,9:15,M 50-59/21,M-57,155,29:03,54.50%
217,Sarah Tomeck,"La Verne, CA",881,28:44,9:15,F 19-29/10,F-21,62,28:59,51.54%
218,Patrick McLoy,"Cypress, CA",777,28:44,9:15,M 30-39/23,M-36,156,29:07,46.20%
219,Kyle Thompson,"Long Beach, CA",1271,28:45,9:16,M 30-39/24,M-31,157,29:20,45.13%
220,Caprice McDonald,"Long Beach, CA",978,28:49,9:17,F 40-49/9,F-46,63,29:06,55.67%
221,Douglas Green,"Long Beach, CA",713,28:54,9:18,M 40-49/25,M-44,158,29:41,48.70%
222,Wayne Kwong,"Cypress, CA",1204,28:56,9:19,M 40-49/26,M-48,159,29:23,50.17%
223,Jason Slagle,"La Habra, CA",869,28:58,9:20,M 30-39/25,M-33,160,30:20,45.08%
224,Hilary Dillard,"Cypress, CA",676,28:59,9:20,F 30-39/12,F-38,64,29:21,52.24%
225,Ray Ibarra,"Cypress, CA",739,28:59,9:20,M 19-29/25,M-24,161,29:15,44.53%
226,David Kubicek,"Garden Grove, CA",754,29:00,9:20,M 40-49/27,M-49,162,29:33,50.49%
227,Stacey Williams,"Cypress, CA",907,29:01,9:21,F 30-39/13,F-34,65,29:19,51.38%
228,Justin Paek,"Los Alamitos, CA",817,29:03,9:21,M 01-14/19,M-12,163,29:12,51.21%
229,Angie Sandoval,"Long Beach, CA",854,29:03,9:21,F 40-49/10,F-42,66,29:13,53.39%
230,Jeanette Paek,"Los Alamitos, CA",816,29:07,9:23,F 40-49/11,F-44,67,29:16,54.07%
231,Jonathan Bower,"La Mirada, CA",957,29:09,9:23,M 19-29/26,M-27,164,29:23,44.28%
232,Ryan O'Grady,", CA",925,29:10,9:24,M 30-39/26,M-36,165,29:44,45.51%
233,Kristine Wood,", ",1220,29:13,9:25,F 50-59/4,F-50,68,29:31,57.42%
234,Greg Portugal,"Cypress, CA",832,29:15,9:25,M 40-49/28,M-46,166,29:38,48.86%
235,Cheisea Jamison,"Cypress, CA",1202,29:19,9:26,F 19-29/11,F-25,69,29:50,50.51%
236,Stephen Jamison,"Cypress, CA",1203,29:19,9:27,M 19-29/27,M-28,167,29:50,44.03%
237,Pam Shranko,"Lakewood, CA",864,29:34,9:31,F 50-59/5,F-54,70,30:18,59.67%
238,Dawn Johnson,"Cypress, CA",742,29:38,9:33,F 19-29/12,F-23,71,29:55,49.97%
239,Julio Fernandez,"Cypress, CA",690,29:42,9:34,M 40-49/29,M-42,168,29:52,46.66%
240,Alfonso Vicuna,"Long Beach, CA",890,29:47,9:36,M 50-59/22,M-55,169,30:03,51.62%
241,Monica Bustamante,"Garden Grove, CA",632,29:51,9:37,F 19-29/13,F-28,72,30:17,49.61%
242,Kerri Sandoval,"West Covina, CA",855,29:53,9:38,F 50-59/6,F-51,73,30:20,56.81%
243,Diane Westermann,"Anaheim, CA",904,30:05,9:41,F 60-69/2,F-60,74,30:17,63.64%
244,Leticia Ochoa-Trejo,"Garden Grove, CA",812,30:12,9:44,F 40-49/12,F-47,75,30:29,53.67%
245,Robert Campoy,"Cypress, CA",1274,30:13,9:44,M 50-59/23,M-52,170,30:27,49.61%
246,John Koziel,"Buena Park, CA",1212,30:13,9:44,M 50-59/24,M-52,171,30:50,49.61%
247,Carie Bahorski,"Long Beach, CA",609,30:14,9:44,F 50-59/7,F-50,76,30:38,55.49%
248,Elizabeth Morris,"Huntington Beach, CA",1016,30:15,9:45,F 19-29/14,F-26,77,30:40,48.95%
249,Boyd Conkle,"Westminster, CA",661,30:17,9:45,M 60-69/7,M-60,172,30:49,52.97%
250,Carey Alcocer,"Corona, CA",1052,30:18,9:45,F 30-39/14,F-36,78,30:43,49.53%
251,Gisela Salcedo,"Buena Park, CA",1270,30:18,9:45,F 50-59/8,F-56,79,30:45,59.77%
252,Rod Petkovic,"Cypress, CA",828,30:19,9:46,M 50-59/25,M-58,173,30:26,52.04%
253,Connie Whitledge,"Huntington Beach, CA",906,30:21,9:46,F 50-59/9,F-57,80,30:44,60.49%
254,Aileen Wong Nelson,"Cypress, CA",910,30:24,9:47,F 40-49/13,F-43,81,30:45,51.40%
255,David Erickson,"Cypress, CA",684,30:27,9:48,M 40-49/30,M-47,174,30:53,47.32%
256,Agnes Chen,"Cypress, CA",648,30:35,9:51,F 30-39/15,F-36,82,31:11,49.07%
257,Bernard Chen,"Cypress, CA",649,30:35,9:51,M 30-39/27,M-37,175,31:11,43.68%
258,Terri Causey,"La Habra, CA",1215,30:39,9:52,F 50-59/10,F-50,83,31:10,54.73%
259,Taylor Keifer,"Cypress, CA",749,30:40,9:53,F 01-14/15,F-12,84,30:48,53.13%
260,Jaclyn Okiishi,"Whittier, CA",813,30:44,9:54,F 01-14/16,F-13,85,31:03,51.98%
261,Emily Overturf,"Cypress, CA",915,30:47,9:55,F 01-14/17,F-14,86,30:59,51.08%
262,Keith Harris,"Downey, CA",728,30:47,9:55,M 50-59/26,M-55,176,30:47,49.95%
263,Joy Bland,"Cypress, CA",1233,30:49,9:55,F 40-49/14,F-41,87,30:55,49.95%
264,Susan Svoboda,"Santa Ana, CA",878,31:10,10:02,F 50-59/11,F-55,88,31:32,57.36%
265,Angelo Scarola,"Cypress, CA",1230,31:18,10:05,M 40-49/31,M-46,177,32:06,45.66%
266,Derek Gee,"Diamond Bar, CA",702,31:20,10:05,M 01-14/20,M-11,178,32:20,48.86%
267,Tony Murray,"Santa Ana, CA",796,31:27,10:08,M 40-49/32,M-44,179,31:58,44.75%
268,Casey Burba,"Cypress, CA",629,31:29,10:08,F 19-29/15,F-21,89,31:55,47.03%
269,Donna Burba,"Cypress, CA",630,31:30,10:09,F 40-49/15,F-49,90,31:56,52.62%
270,Lupe Gonzalez,"Los Angeles, CA",709,31:33,10:10,F 40-49/16,F-41,91,31:50,48.78%
271,Jason Mendoza,"Cypress, CA",779,31:39,10:12,M 15-18/36,M-15,180,32:07,43.99%
272,Tammy Hetzel,"Stanton, CA",730,31:46,10:14,F 40-49/17,F-43,92,32:33,49.19%
273,Elisa Kingsbury,"La Palma, CA",969,31:49,10:15,F 40-49/18,F-46,93,32:43,50.42%
274,Cynthia Campoy,"Carlsbad, CA",967,31:49,10:15,F 40-49/19,F-44,94,32:03,49.48%
275,Raj Veleshala,"Anaheim, CA",1003,31:57,10:17,M 19-29/28,M-28,181,32:08,40.40%
276,Tyler Weaver,"Aliso Viejo, CA",900,32:03,10:19,M 01-14/21,M-5,182,32:26,61.71%
277,Tyson Weaver,"Aliso Viejo, CA",901,32:03,10:19,M 30-39/28,M-34,183,32:26,40.95%
278,Henry Yoh,"Cypress, CA",912,32:05,10:20,M 40-49/33,M-46,184,32:05,44.54%
279,Elaine Wu,"Long Beach, CA",1053,32:09,10:21,F 19-29/16,F-22,95,32:34,46.06%
280,Traci Hansen,"Encinitas, CA",726,32:10,10:22,F 40-49/20,F-43,96,32:58,48.57%
281,Debra Rose,"Garden Grove, CA",847,32:13,10:23,F 30-39/16,F-39,97,32:45,47.20%
282,Mona Gross,"Huntington Beach, CA",716,32:19,10:24,F 40-49/21,F-42,98,32:37,47.99%
283,John Guinn,"Anaheim, CA",720,32:25,10:26,M 50-59/27,M-52,185,32:39,46.24%
284,Danny Gomez,"Cypress, CA",705,32:25,10:27,M 01-14/22,M-13,186,32:39,44.75%
285,Paul Briggs,"Peoria, AZ",1279,32:28,10:27,M 40-49/34,M-42,187,32:33,42.68%
286,Kathy Gaba,"Cypress, CA",700,32:29,10:28,F 40-49/22,F-44,99,33:23,48.46%
287,Gwen Rehwinkel,"Huntington Beach, CA",842,32:32,10:29,F 50-59/12,F-54,100,33:30,54.23%
288,Shonna Weaver,"San Marcos, CA",1278,32:35,10:30,F 30-39/17,F-38,101,32:35,46.47%
289,Megan Gwilliam,"Buena Park, CA",722,32:38,10:31,F 30-39/18,F-33,102,33:07,45.58%
290,Paige White,"Cypress, CA",905,32:40,10:31,F 01-14/18,F-14,103,33:33,48.14%
291,John Maloney,"Buena Park, CA",770,32:42,10:32,M 60-69/8,M-63,188,33:10,50.38%
292,Nancy Johnson,"Cypress, CA",744,32:46,10:33,F 50-59/13,F-52,104,33:04,52.47%
293,Eryn Copperthite,"Cypress, CA",665,32:49,10:34,F 30-39/19,F-36,105,33:15,45.73%
294,Aimee Lara,"La Palma, CA",758,32:49,10:34,F 30-39/20,F-32,106,33:09,45.22%
295,Diana Trujillo,"Santa Ana, CA",882,32:50,10:34,F 40-49/23,F-46,107,33:23,48.86%
296,N Koj,"Montebello, CA",977,33:00,10:38,M 40-49/35,M-46,189,33:51,43.30%
297,Anne Milo,"Long Beach, CA",783,33:01,10:38,F 19-29/17,F-24,108,33:11,44.85%
298,Jt Roth,"Long Beach, CA",849,33:04,10:39,M 50-59/28,M-58,190,33:22,47.71%
299,Charlene Wagner,"Orange, CA",895,33:12,10:42,F 19-29/18,F-29,109,33:29,44.58%
300,Jacob Perez,"Cypress, CA",1211,33:18,10:44,M 01-14/23,M-11,191,33:35,45.97%
301,Jerry Perkins,"Whittier, CA",825,33:20,10:44,M 70-99/3,M-73,192,33:39,55.08%
302,Alexandria Akop,"Chino Hills, CA",1247,33:21,10:44,F 19-29/19,F-21,110,33:51,44.40%
303,Jason Brown,"Whittier, CA",923,33:21,10:44,M 19-29/29,M-25,193,33:51,38.70%
304,Kaytee Coomb,"Cypress, CA",1232,33:25,10:46,F 19-29/20,F-22,111,34:28,44.31%
305,Sayra Martinez,"Cypress, CA",773,33:28,10:47,F 19-29/21,F-28,112,33:53,44.25%
306,Joe Stilinovich,"Long Beach, CA",876,33:30,10:47,M 30-39/29,M-39,194,33:55,40.47%
307,George Briney,"Long Beach, CA",625,33:30,10:47,M 60-69/9,M-63,195,33:55,49.18%
308,Michelle Myott,"Long Beach, CA",799,33:30,10:47,F 19-29/22,F-24,113,34:00,44.20%
309,Kipp Coomes,"Anaheim, CA",663,33:30,10:47,M 30-39/30,M-35,196,33:52,39.37%
310,Mandy Barton,"Los Alamitos, CA",614,33:45,10:52,F 50-59/14,F-52,114,34:16,50.94%
311,Nicole Buitrago,"Laguna Niguel, CA",1010,33:48,10:53,F 30-39/21,F-34,115,34:12,44.10%
312,Christine Pilapil,"Chino Hills, CA",831,33:50,10:54,F 40-49/24,F-42,116,34:23,45.84%
313,Betsy Eglash,"Fountain Valley, CA",682,33:53,10:55,F 30-39/22,F-37,117,34:43,44.44%
314,Richard Eglash,"Fountain Valley, CA",683,33:53,10:55,M 40-49/36,M-42,197,34:43,40.90%
315,Sarah Baye,"Cypress, CA",616,33:55,10:55,F 19-29/23,F-29,118,34:47,43.66%
316,Allan Goodman,"Cypress, CA",710,33:56,10:56,M 40-49/37,M-49,198,34:08,43.14%
317,Tera Sorvillo,"Buena Park, CA",872,34:00,10:57,F 19-29/24,F-24,119,34:30,43.55%
318,Lance Rust,"Garden Grove, CA",850,34:04,10:58,M 01-14/24,M-13,199,34:13,42.58%
319,Paul Cone,"Fullerton, CA",660,34:06,10:59,M 60-69/10,M-68,200,35:07,50.61%
320,Bob Myott,"Cypress, CA",798,34:18,11:03,M NoAge/1,M-0,201,34:49, 0.00%
321,Rick Castro,"Walnut, CA",642,34:21,11:04,M 50-59/29,M-52,202,35:11,43.64%
322,Jeff Fierro,"Rowland Heights, CA",924,34:26,11:05,M 15-18/37,M-18,203,35:17,38.74%
323,Charisa Ready,"Cypress, CA",840,34:30,11:07,F 30-39/23,F-39,120,34:51,44.08%
324,Darla Taylor,"Cypress, CA",1207,34:32,11:07,F 40-49/25,F-46,121,34:52,46.45%
325,Gema Kirksey,"Buena Park, CA",974,34:34,11:08,F 30-39/24,F-30,122,34:56,42.84%
326,Jonathan Neves,"La Verne, CA",805,34:38,11:09,M 01-14/25,M-10,204,35:35,45.59%
327,Ken Schu,"Santa Monica, CA",976,34:38,11:09,M 60-69/11,M-67,205,35:05,49.35%
328,Christopher Buckley,"La Verne, CA",628,34:38,11:09,M 19-29/30,M-19,206,35:36,38.08%
329,Kris Chapman,"Long Beach, CA",645,34:38,11:09,M 19-29/31,M-29,207,34:58,37.30%
330,Perry Chapman,"Long Beach, CA",646,34:39,11:09,M 50-59/30,M-50,208,34:59,42.59%
331,Brian Maginnis,"Bellflower, CA",769,34:49,11:13,M 50-59/31,M-59,209,35:06,45.69%
332,Ashlee Davidson,"Arab, AL",671,34:55,11:15,F 19-29/25,F-21,123,35:20,42.41%
333,Richard Braun,"Cypress, CA",622,34:58,11:16,M 50-59/32,M-55,210,35:57,43.97%
334,Leona Charles,"Fontana, CA",647,35:00,11:16,F 30-39/25,F-34,124,35:57,42.59%
335,Danielle Armbrust,"Long Beach, CA",605,35:01,11:16,F 30-39/26,F-30,125,35:48,42.29%
336,Janine Spatz,"Seal Beach, CA",873,35:01,11:16,F 40-49/26,F-41,126,35:53,43.95%
337,Claudia Cabanillas,", ",1223,35:01,11:17,F 19-29/26,F-27,127,35:20,42.29%
338,Angela Butler,"Bellflower, CA",633,35:01,11:17,F 19-29/27,F-23,128,35:36,42.29%
339,Willie Stiger,"Bellflower, CA",875,35:02,11:17,M 19-29/32,M-23,211,35:36,36.84%
340,Otama Salazar,"Long Beach, CA",852,35:05,11:18,F 30-39/27,F-33,129,35:49,42.40%
341,Chen Yin Lin,"Cypress, CA",762,35:07,11:18,F 19-29/28,F-29,130,35:37,42.17%
342,Erica Rollins,"Franklin, TN",1254,35:11,11:20,F 30-39/28,F-31,131,35:57,42.13%
343,Luis Morales,"South Gate, CA",789,35:20,11:23,M 19-29/33,M-26,212,35:51,36.53%
344,Thuy Groner,"Seal Beach, CA",1248,35:29,11:26,F 40-49/27,F-46,132,36:04,45.21%
345,Martha Flores,"South Gate, CA",693,35:35,11:27,F 19-29/29,F-24,133,36:07,41.61%
346,Krisdee Kanaly,"Long Beach, CA",745,35:40,11:29,F 30-39/29,F-31,134,36:31,41.56%
347,Michael Kanaly,"Long Beach, CA",746,35:41,11:29,M 30-39/31,M-31,213,36:31,36.36%
348,Emily Moran,"Corona, CA",971,35:45,11:31,F 19-29/30,F-21,135,36:42,41.42%
349,Julie Miller,"Orange, CA",782,35:46,11:31,F 30-39/30,F-37,136,36:09,42.10%
350,Loronda Davidson,"Arab, AL",673,35:48,11:32,M NoAge/2,M-0,214,36:13, 0.00%
351,Frank Sorvillo,"Buena Park, CA",871,35:50,11:32,M 50-59/33,M-59,215,36:22,44.39%
352,Patricia Coomb,"Buena Park, CA",1231,35:55,11:34,F 50-59/15,F-53,137,36:58,48.51%
353,Irene Tomeck,"San Dimas, CA",880,36:10,11:39,F 40-49/28,F-45,138,36:26,43.94%
354,Ronald Nagy,"Huntington Beach, CA",800,36:22,11:43,M 60-69/12,M-65,216,36:49,46.13%
355,Maria Gee,"Diamond Bar, CA",703,36:22,11:43,F 40-49/29,F-42,139,37:23,42.64%
356,John Singer,"Lakewood, CA",867,36:23,11:43,M 60-69/13,M-68,217,36:50,47.43%
357,Alice Wong,"Alhambra, CA",909,36:31,11:46,F 40-49/30,F-40,140,36:31,41.92%
358,McLean Fahnestock,"Long Beach, CA",1255,36:34,11:47,F 30-39/31,F-32,141,37:20,40.58%
359,Nancy Letofsky,"Cypress, CA",760,36:38,11:48,F 40-49/31,F-42,142,37:30,42.33%
360,Carolyn Johnson,"Cypress, CA",1209,36:38,11:48,F 40-49/32,F-46,143,37:30,43.79%
361,Danielle Nunez,"Pico Rivera, CA",808,36:55,11:53,F 01-14/19,F-11,144,37:11,45.08%
362,Rosemary Nunez,"Pico Rivera, CA",809,36:55,11:53,F 40-49/33,F-45,145,37:11,43.04%
363,James Render,"Westminster, CA",843,37:10,11:58,M 70-99/4,M-77,218,37:38,52.94%
364,Luca Piazza,"Anaheim, CA",830,37:27,12:04,M 30-39/32,M-37,219,38:23,35.66%
365,Peter Comiskey,"Long Beach, CA",1273,37:29,12:04,M 40-49/38,M-43,220,37:51,37.28%
366,Jeverome Co,"Lakewood, CA",657,37:31,12:05,M 40-49/39,M-42,221,38:24,36.93%
367,Sandy Vicuna,"Long Beach, CA",891,37:33,12:05,F 40-49/34,F-46,146,37:48,42.72%
368,Jamie Fournier,"Los Alamitos, CA",694,37:40,12:08,F 19-29/31,F-29,147,38:29,39.31%
369,Raymond Turpin,"Cypress, CA",884,37:42,12:08,M 50-59/34,M-53,222,38:04,40.11%
370,Matthew Ross,"Cypress, CA",848,37:55,12:13,M 30-39/33,M-39,223,38:56,35.75%
371,Pamela Vaccarella,"La Palma, CA",886,37:59,12:14,F 30-39/32,F-36,148,38:18,39.51%
372,Alexandra Vaccarella,"Irvine, CA",885,37:59,12:14,F 01-14/20,F-14,149,38:19,41.40%
373,Melisssa Lundby,"Lakewood, CA",765,38:50,12:30,F 30-39/33,F-34,150,39:28,38.39%
374,Andrew Imparato,"Fullerton, CA",740,38:56,12:32,M 30-39/34,M-37,224,39:23,34.30%
375,Isabella Pedol,"Fullerton, CA",823,38:59,12:33,F 01-14/21,F-11,151,39:23,42.67%
376,Joseph Neves,"La Verne, CA",806,39:21,12:40,M 01-14/26,M-13,225,40:18,36.86%
377,Mary Puth-Ros,"Long Beach, CA",213,39:24,12:41,F 19-29/32,F-29,152,40:28,37.58%
378,Rebecca Tarr,"Garden Grove, CA",256,39:24,12:41,F 50-59/16,F-52,153,40:28,43.63%
379,Delia Olague,"West Covina, CA",193,39:27,12:42,F 40-49/35,F-46,154,40:26,40.66%
380,Bobby Davidson,"Arab, AL",672,39:35,12:45,M 50-59/35,M-51,226,40:01,37.57%
381,Merle Perez,"Garden Grove, CA",824,39:42,12:47,F 40-49/36,F-44,155,40:15,39.65%
382,Anna Davidson,"Arab, AL",670,40:40,13:06,F 15-18/12,F-18,156,41:05,36.82%
383,Destani Cuarezma,"Pico Rivera, CA",668,40:40,13:06,F 01-14/22,F-10,157,44:23,41.98%
384,Afton Toliver,", ",1222,40:44,13:07,F 19-29/33,F-23,158,41:51,36.35%
385,Heather Singh,"Buena Park, CA",868,40:53,13:10,F 30-39/34,F-33,159,41:22,36.38%
386,Eddie Meza,"Cypress, CA",525,40:57,13:11,M 30-39/35,M-32,227,41:26,31.76%
387,Louis Bravo,"Pico Rivera, CA",624,40:57,13:11,M 60-69/14,M-66,228,44:41,41.37%
388,Debra Bravo,"Pico Rivera, CA",623,40:58,13:11,F 30-39/35,F-32,160,44:40,36.22%
389,Ryan Hom,"Cypress, CA",734,41:18,13:18,M 01-14/27,M-9,229,41:45,39.60%
390,Anne Hertz,"Cypress, CA",1221,42:01,13:32,F 40-49/37,F-46,161,42:33,38.17%
391,Alisha Farnell,"Anaheim, CA",687,42:01,13:32,F 19-29/34,F-29,162,42:31,35.24%
392,Ed Miller,"Westminster, CA",781,42:33,13:42,M 60-69/15,M-63,230,42:43,38.71%
393,Ron Carpenter,"San Clemente, CA",637,42:37,13:43,M 60-69/16,M-60,231,43:31,37.64%
394,Masako Chung,"Anaheim, CA",655,42:52,13:48,F 40-49/38,F-49,163,43:58,38.66%
395,Karen Covey,"Cypress, CA",667,43:21,13:58,F 40-49/39,F-46,164,43:57,37.00%
396,Vicky Ryan,"Bellflower, CA",851,44:29,14:19,F 50-59/17,F-59,165,44:45,42.43%
397,Karen Johnson,"Garden Grove, CA",743,44:58,14:29,F 50-59/18,F-50,166,45:08,37.30%
398,Nicholas Miyoshi,"Buena Park, CA",786,45:51,14:46,M 01-14/28,M-12,232,46:09,32.44%
399,Alison Mancinelli,"Irvine, CA",771,46:20,14:55,F 01-14/23,F-11,167,47:07,35.91%
400,Joseph Mancinelli,"Irvine, CA",772,46:20,14:55,M 40-49/40,M-40,233,47:07,29.47%
401,Christina Mecklenburg,"Cerritos, CA",778,46:46,15:03,F 01-14/24,F-14,168,47:08,33.62%
402,Bethany Watson,"Buena Park, CA",898,47:08,15:11,F 01-14/25,F-14,169,47:41,33.36%
403,Jenna Rodriguez,"Cypress, CA",1226,50:47,16:21,F 01-14/26,F-5,170,51:48,40.22%
404,Juan Rodiguez Daza,"Cypress, CA",845,50:47,16:21,M 30-39/36,M-36,234,51:48,26.13%
405,Lee Digregorio,"Anaheim, CA",1235,52:12,16:49,F 70-99/1,F-76,171,52:46,47.30%
406,Matthew Nakayama,"Gardena, CA",801,53:07,17:06,M 01-14/29,M-12,235,54:07,28.00%
407,Laura Bryant,"Bakersfield, CA",35,53:17,17:09,F 30-39/36,F-36,172,54:24,28.16%
408,Richard Nakayama,"Gardena, CA",802,53:34,17:15,M 50-59/36,M-58,236,54:34,29.44%
409,Jennifer Vasquez,"Torrance, CA",887,57:57,18:39,F 30-39/37,F-30,173,58:25,25.55%
