Place,Name,Location,Bib,Net Time,Pace,Division/Place,Sex-Age,Sex-Place,Gun Time,Age Grade
1,Jose Miranda,"Homeland, CA",1353,15:20,4:57,M 30-39/1,M-36,1,15:20,86.80%
2,Eli Rodriquez,"Long Beach, CA",800,15:25,4:58,M 19-29/1,M-22,2,15:25,84.04%
3,Josh Yelsey,"Corona Del Mar, CA",1120,15:25,4:58,M 19-29/2,M-25,3,15:25,83.77%
4,Jason Bruton,"Long Beach, CA",399,15:51,5:06,M 19-29/3,M-24,4,15:54,81.47%
5,Eric Heikkila,"Santa Monica, CA",395,16:14,5:14,M 19-29/4,M-26,5,16:16,79.55%
6,Jose Arias,"Los Angeles, CA",1349,16:14,5:14,M 30-39/2,M-33,6,16:16,80.47%
7,Sylvia Mosqueda,"Los Angeles, CA",191,16:17,5:15,F 40-49/1,F-42,1,16:17,95.69%
8,Daniel Rosales,"Beaumont, CA",682,16:18,5:15,M 40-49/1,M-40,7,16:21,83.83%
9,Jeffrey Redfern,"Los Angeles, CA",666,16:20,5:16,M 19-29/5,M-25,8,16:23,79.06%
10,Maximilian Maier,"Los Angeles, CA",591,16:25,5:17,M 15-18/1,M-17,9,16:28,82.32%
11,Neal Rummler,"Cypress, CA",690,16:25,5:17,M 15-18/2,M-15,10,16:29,84.86%
12,Evae Silva,"Tujunga, CA",272,16:28,5:18,M 40-49/2,M-40,11,16:30,82.98%
13,Mark Gonzales,"La Habra, CA",507,16:32,5:20,M 30-39/3,M-35,12,16:35,79.82%
14,Mark Vishnevsky,"Long Beach, CA",1178,16:33,5:20,M 19-29/6,M-27,13,16:36,78.02%
15,Parker Christian,"Cypress, CA",455,16:38,5:22,M 15-18/3,M-15,14,16:42,83.75%
16,Kary Yergler,"Coto De Caza, CA",1141,16:38,5:22,M 19-29/7,M-19,15,16:41,79.34%
17,David Lendo,"La Habra, CA",1315,16:47,5:25,M 30-39/4,M-32,16,16:49,77.53%
18,Jake Krusinski,"Long Beach, CA",799,16:48,5:25,M 19-29/8,M-25,17,16:51,76.86%
19,Chris Jaggers,"Yorba Linda, CA",549,16:49,5:25,M 40-49/3,M-40,18,16:52,81.25%
20,Kyle O'Reilly,"Cypress, CA",634,16:53,5:26,M 15-18/4,M-15,19,16:58,82.51%
21,Brandon Taylor,"Bellflower, CA",716,17:07,5:31,M 01-14/1,M-14,20,17:20,82.94%
22,Esteban Canales,"Monrovia, CA",1135,17:09,5:31,M 40-49/4,M-42,21,17:11,80.84%
23,Oliver Gallego,"Monrovia, CA",496,17:09,5:32,M 40-49/5,M-46,22,17:12,83.37%
24,John Acuna,"Cypress, CA",403,17:15,5:33,M 15-18/5,M-17,23,17:19,78.34%
25,Brad Wobig,"Irvine, CA",750,17:21,5:35,M 40-49/6,M-40,24,17:25,78.75%
26,Jonathan Lynn,", CA",1455,17:24,5:36,M 15-18/6,M-15,25,17:27,80.06%
27,Ceci St Geme,"Newport Beach, CA",709,17:25,5:37,F 40-49/2,F-45,2,17:25,92.03%
28,George Juarez,"Alhambra, CA",552,17:27,5:37,M 40-49/7,M-40,26,17:30,78.30%
29,Alex Randolph,"Cypress, CA",766,17:38,5:41,M 15-18/7,M-16,27,17:43,77.77%
30,Richard Milner,"Del Mar, CA",1145,17:41,5:42,M 40-49/8,M-46,28,17:44,80.85%
31,Tiffany Turner,"La Crescenta, CA",731,17:44,5:43,F 19-29/1,F-23,3,17:44,83.85%
32,Chuck Weissman,"Hermosa Beach, CA",1119,17:57,5:47,M 40-49/9,M-41,29,18:01,76.67%
33,Meryl Follosco,"Cypress, CA",490,17:59,5:48,F 19-29/2,F-19,4,18:04,82.65%
34,Dick Fitzwell,"Redondo Beach, CA",1327,18:03,5:49,M 19-29/9,M-28,30,18:05,71.53%
35,Jessie Babcock,"Irvine, CA",364,18:17,5:53,F 19-29/3,F-19,5,18:22,81.30%
36,Curt Hughes,"Irvine, CA",1200,18:18,5:54,M 40-49/10,M-42,31,18:20,75.75%
37,Kyle Brown,"Cypress, CA",398,18:27,5:57,M 15-18/8,M-18,32,18:32,72.33%
38,Nicole Blalock,"Huntington Beach, CA",400,18:33,5:59,F 19-29/4,F-23,6,18:39,79.86%
39,Megan Petkovic,"Cypress, CA",658,18:36,6:00,F 15-18/1,F-18,7,18:41,80.54%
40,Alberto Castillo,"Pico Rivera, CA",450,18:42,6:02,M 01-14/2,M-14,33,18:47,75.91%
41,Josh Dutt,"Cypress, CA",793,18:42,6:02,M 19-29/10,M-19,34,19:01,70.56%
42,Cris Garduno,"Perris, CA",1324,18:44,6:02,M 15-18/9,M-15,35,18:48,74.35%
43,Issac Mejia,"Newport Beach, CA",603,18:46,6:03,M 15-18/10,M-16,36,18:54,73.07%
44,Tom Gee,"Cypress, CA",500,18:48,6:03,M 30-39/5,M-30,37,18:54,68.86%
45,Cristian Roldan,"Pico Rivera, CA",679,18:57,6:06,M 01-14/3,M-13,38,19:01,76.58%
46,Rolando Ruiz,"Pico Rivera, CA",1454,18:58,6:07,M 01-14/4,M-13,39,19:03,76.52%
47,Steven Short,"Aliso Viejo, CA",1150,19:00,6:07,M 30-39/6,M-31,40,19:07,68.31%
48,Gregory Doud,"Huntington Beach, CA",472,19:07,6:09,M 40-49/11,M-40,41,19:12,71.47%
49,Manny Reed,"Long Beach, CA",1331,19:07,6:10,M 40-49/12,M-48,42,19:11,76.00%
50,Andre Hernandez,"Pico Rivera, CA",528,19:09,6:10,M 01-14/5,M-13,43,19:14,75.78%
51,Angelo Decollibus,"Orange, CA",1168,19:12,6:11,M 50-59/1,M-51,44,19:15,77.50%
52,Sue Davis,"Costa Mesa, CA",1129,19:14,6:12,F 40-49/3,F-45,8,19:17,83.09%
53,Marlo Quevedo,"Long Beach, CA",1137,19:17,6:13,M 30-39/7,M-32,45,19:24,67.47%
54,Jennifer Norris,"San Juan Capistrano, CA",1158,19:24,6:15,F 15-18/2,F-17,9,19:29,77.99%
55,L Grini,"Long Beach, CA",1149,19:26,6:15,M 30-39/8,M-39,46,19:30,69.79%
56,Alex Lopez,"Whittier, CA",1174,19:33,6:18,M 19-29/11,M-29,47,19:53,66.13%
57,Steven Correll,"Lakewood, CA",1104,19:40,6:20,M 15-18/11,M-15,48,19:53,70.76%
58,Jesse Mejia,"Newport Beach, CA",604,19:42,6:21,M 01-14/6,M-13,49,19:51,73.60%
59,Joshuaq Rogers,"Lakewood, CA",678,19:44,6:21,M 15-18/12,M-15,50,19:56,70.58%
60,Larry Rich,"Monrovia, CA",671,19:44,6:21,M 40-49/13,M-47,51,19:51,73.03%
61,Max Vazquez,"Compton, CA",734,19:47,6:22,M 40-49/14,M-46,52,19:52,72.26%
62,Devin Fielding,"Placerville, CA",386,19:53,6:24,M 15-18/13,M-15,53,20:08,70.05%
63,Tyson Weaver,"Aliso Viejo, CA",768,19:59,6:26,M 30-39/9,M-33,54,20:15,65.36%
64,John Hamilton,"Whittier, CA",1109,20:08,6:29,M 50-59/2,M-57,55,20:19,77.71%
65,Paul Shanley,"Anaheim, CA",1161,20:09,6:29,M 50-59/3,M-50,56,20:13,73.26%
66,Jon Chernila,"Seal Beach, CA",1180,20:12,6:31,M 40-49/15,M-42,57,20:24,68.62%
67,Miguel Felix,"Pico Rivera, CA",480,20:14,6:31,M 01-14/7,M-14,58,20:19,70.16%
68,Steffany Pearce,"Benedict Canyon, CA",1350,20:17,6:32,F 30-39/1,F-31,10,20:21,73.11%
69,Zachary Mejia,"Pico Rivera, CA",605,20:18,6:32,M 01-14/8,M-14,59,20:23,69.93%
70,Donald Lamy,"Garden Grove, CA",379,20:22,6:34,M 01-14/9,M-14,60,20:27,69.70%
71,Eduardo Padilla,"Pico Rivera, CA",641,20:23,6:34,M 01-14/10,M-14,61,20:28,69.64%
72,Thomas Jimenez,"Pico Rivera, CA",1303,20:27,6:35,M 40-49/16,M-41,62,20:32,67.29%
73,William K Sumner,"Newport Beach, CA",712,20:30,6:36,M 60-69/1,M-60,63,20:34,78.28%
74,Michael Hinrichs,"Cypress, CA",533,20:31,6:37,M 01-14/11,M-13,64,20:36,70.73%
75,Chelsea Mumby,"San Diego, CA",615,20:32,6:37,F 15-18/3,F-18,11,20:34,72.95%
76,Brad Calvin,"Huntington Beach, CA",1343,20:42,6:40,M 40-49/17,M-41,65,20:48,66.48%
77,Kirsten Neill,"Cypress, CA",626,20:49,6:42,F 15-18/4,F-15,12,21:06,74.52%
78,Melissa Pilato,"Cypress, CA",660,20:51,6:43,F 15-18/5,F-15,13,21:10,74.40%
79,Johnathan Givens,"Bellflower, CA",789,20:52,6:43,M 15-18/14,M-17,66,21:04,64.75%
80,Scott Kaufman,"Cypress, CA",557,20:52,6:43,M 19-29/12,M-19,67,21:27,63.23%
81,Ozzie Zea,"Long Beach, CA",754,20:57,6:45,M 40-49/18,M-45,68,21:04,67.75%
82,Beau Golden,"Fullerton, CA",502,21:01,6:46,M 19-29/13,M-19,69,21:23,62.78%
83,Kathleen Evans,"Irvine, CA",1401,21:03,6:47,F 40-49/4,F-45,14,21:07,75.91%
84,Lance Collins,"Long Beach, CA",791,21:03,6:47,M 30-39/10,M-33,70,21:12,62.04%
85,Dan Deleon,"Rancho Palos Verdes, CA",464,21:03,6:47,M 40-49/19,M-41,71,21:16,65.37%
86,Robert Filacchione,"Los Alamitos, CA",483,21:05,6:48,M 40-49/20,M-40,72,21:19,64.74%
87,Jake Rozelle,"La Palma, CA",798,21:07,6:48,M 01-14/12,M-14,73,21:13,67.22%
88,Roberto Hernandez,"Pico Riveria, CA",529,21:09,6:49,M 01-14/13,M-13,74,21:14,68.61%
89,Robert Kasper,"Cypress, CA",555,21:11,6:50,M 01-14/14,M-14,75,21:17,67.01%
90,Katherine Lander,"Westminster, CA",780,21:13,6:50,F 40-49/5,F-46,15,21:21,76.10%
91,Anthony Vargas,"Lakewood, CA",733,21:15,6:51,M 15-18/15,M-15,76,21:27,65.54%
92,Eddie Shahrokh,"Sherman Oaks, CA",699,21:15,6:51,M 19-29/14,M-25,77,21:28,60.75%
93,Larry Herschler,", CA",530,21:21,6:53,M 50-59/4,M-52,78,21:28,70.23%
94,Antonio Rebollar,"Baldwin Park, CA",1136,21:26,6:54,M 60-69/2,M-62,79,21:35,76.19%
95,Lucy Zuniga,"La Habra, CA",1317,21:30,6:55,F 40-49/6,F-48,16,21:38,76.88%
96,Matthew Guevara,"Riverside, CA",1323,21:31,6:56,M 15-18/16,M-16,80,21:34,63.72%
97,Walt Hitt,"Costa Mesa, CA",534,21:34,6:57,M 50-59/5,M-57,81,21:40,72.54%
98,Matt Turner,"Lakewood, CA",762,21:35,6:57,M 15-18/17,M-15,82,21:48,64.53%
99,Bob Murray,"Yorba Linda, CA",616,21:38,6:58,M 50-59/6,M-50,83,21:48,68.23%
100,Jason Papelera,"Lakewood, CA",1302,21:39,6:59,M 15-18/18,M-17,84,21:53,62.40%
101,George Delalis,"Chandler, AZ",69,21:45,7:00,M 40-49/21,M-47,85,21:50,66.26%
102,Marvin Gonzalez,"Arleta, CA",1369,21:49,7:02,M 15-18/19,M-15,86,21:56,63.84%
103,Nick Neeper,"Cypress, CA",1181,21:51,7:02,M 19-29/15,M-19,87,21:59,60.38%
104,Greg Ertel,"Irvine, CA",1322,21:51,7:02,M 30-39/11,M-38,88,22:08,61.60%
105,Alice Perez,"Montebello, CA",357,21:57,7:04,F 15-18/6,F-18,17,22:11,68.24%
106,Jeff Goodman,"Upland, CA",514,21:57,7:04,M 40-49/22,M-46,89,22:04,65.12%
107,Clifford Childers,"Glendale, CA",1305,22:07,7:07,M 40-49/23,M-40,90,22:15,61.76%
108,Michelle Acosta,"West Covina, CA",401,22:12,7:09,F 19-29/5,F-19,18,22:21,66.94%
109,Jacob Amador,"Cypress, CA",414,22:12,7:09,M 01-14/15,M-13,91,22:22,65.36%
110,Jimmy Watson,"Buena Park, CA",740,22:14,7:10,M 15-18/20,M-15,92,22:18,62.64%
111,Denise Nunez,"La Mirada, CA",632,22:14,7:10,F 19-29/6,F-19,19,22:26,66.84%
112,Tobias Brown,"Cypress, CA",1182,22:15,7:10,M 30-39/12,M-38,93,22:26,60.49%
113,Clinton Jamison,"Cypress, CA",550,22:21,7:12,M 19-29/16,M-22,94,22:34,57.76%
114,Vincent Perry,"Cypress, CA",653,22:21,7:12,M 15-18/21,M-15,95,22:31,62.31%
115,Stephen Groner,"Seal Beach, CA",1128,22:22,7:12,M 40-49/24,M-40,96,22:34,61.07%
116,Kevin Rummler,"Cypress, CA",689,22:22,7:12,M 40-49/25,M-40,97,22:31,61.07%
117,Jeff Magallanes,"Cypress, CA",777,22:24,7:13,M 30-39/13,M-38,98,22:33,60.09%
118,Howard Bland,"Cypress, CA",797,22:25,7:13,M 30-39/14,M-38,99,22:39,60.04%
119,Ryan Erickson,"Cypress, CA",1142,22:27,7:14,M 19-29/17,M-24,100,22:54,57.50%
120,Matthew Harris,"Huntington Beach, CA",523,22:29,7:15,M 01-14/16,M-12,101,22:50,66.17%
121,David Fier,"Newport Beach, CA",482,22:42,7:19,M 40-49/26,M-40,102,23:05,60.18%
122,Eric Bjorklund,"Cypress, CA",427,22:42,7:19,M 30-39/15,M-39,103,23:03,59.74%
123,Dave Fratello,"Manhattan Beach, CA",787,22:50,7:21,M 40-49/27,M-40,104,23:07,59.82%
124,Raul Garduno,"Perris, CA",1325,22:53,7:22,M 40-49/28,M-48,105,22:53,63.48%
125,Jesus Oramos,"Buena Park, CA",1414,22:53,7:22,M 40-49/29,M-46,106,22:57,62.46%
126,Derek Malloy,"Cypress, CA",592,22:56,7:23,M 50-59/7,M-50,107,23:04,64.36%
127,Tom Martinez,"Cypress, CA",1202,22:56,7:23,M 19-29/18,M-19,108,23:25,57.53%
128,Michael Diller,"Cypress, CA",470,23:12,7:28,M 19-29/19,M-19,109,23:46,56.87%
129,Arcelia Gamez,"Brea, CA",498,23:15,7:29,F 30-39/2,F-30,20,23:37,63.70%
130,Ian Harper,"Cypress, CA",521,23:16,7:30,M 40-49/30,M-40,110,23:25,58.71%
131,Judith Fischer,"Cypress, CA",485,23:30,7:34,F 60-69/1,F-60,21,23:39,82.33%
132,Evonne Williams,"Irvine, CA",1103,23:30,7:34,F 40-49/7,F-49,22,23:35,71.19%
133,Neysa Rummler,"Cypress, CA",691,23:31,7:35,F 40-49/8,F-40,23,23:38,65.25%
134,Sean Fielding,"Placerville, CA",384,23:39,7:37,M 40-49/31,M-40,111,24:04,57.76%
135,Douglas Edwards,"Buena Park, CA",368,23:39,7:37,M 40-49/32,M-43,112,24:05,59.10%
136,Evelyn Fuentes,"Buena Park, CA",493,23:43,7:38,F 30-39/3,F-30,24,24:37,62.45%
137,Urbano Juarez,"Santa Ana, CA",1144,23:46,7:39,M 40-49/33,M-46,113,23:50,60.14%
138,Jesse Juarez,"Santa Ana, CA",1143,23:46,7:39,M 01-14/17,M-11,114,23:50,64.42%
139,Thomas Woscer,"Buena Park, CA",752,23:47,7:39,M 50-59/8,M-50,115,24:03,62.06%
140,Sy Arcaro,"San Clemente, CA",16,23:49,7:40,M 30-39/16,M-30,116,23:59,54.34%
141,Jeannie Thompson,", CA",1457,23:56,7:42,F 50-59/1,F-52,25,24:02,72.54%
142,Timothy Jones,"Cypress, CA",1411,23:56,7:43,M 40-49/34,M-48,117,24:16,60.70%
143,Chanel Jones,"Long Beach, CA",1333,24:01,7:44,M 40-49/35,M-49,118,24:45,60.97%
144,Rachel Viglietta,"Long Beach, CA",739,24:03,7:45,F 19-29/7,F-27,26,24:11,61.54%
145,Bob Norton,"Huntington Beach, CA",630,24:05,7:45,M 70-99/1,M-70,119,24:11,73.27%
146,Michael Harris,"Huntington Beach, CA",524,24:07,7:46,M 60-69/3,M-60,120,24:46,66.53%
147,Scott Finnegan,"Anaheim, CA",484,24:07,7:46,M 30-39/17,M-30,121,24:21,53.67%
148,Ed Wallace,"Cerritos, CA",1130,24:09,7:47,M 50-59/9,M-51,122,24:27,61.60%
149,Ron Maurstad,"Cypress, CA",1309,24:14,7:48,M 50-59/10,M-59,123,25:00,65.66%
150,Kelly Caulfield,"Garden Grove, CA",1164,24:22,7:51,F 15-18/7,F-15,27,24:29,63.66%
151,Jose Gonzalez,"Los Angeles, CA",509,24:22,7:51,M 50-59/11,M-52,124,24:33,61.53%
152,Chad Boberg,"Ladera Ranch, CA",1189,24:25,7:52,M 30-39/18,M-30,125,24:41,53.01%
153,James Jackson,"Cypress, CA",1307,24:39,7:56,M 30-39/19,M-35,126,24:50,53.52%
154,Rachel Pietka,"Glendora, CA",659,24:39,7:56,F 19-29/8,F-24,28,25:30,60.08%
155,Sandra Herrera,"Santa Ana, CA",1187,24:42,7:57,F 30-39/4,F-37,29,24:48,61.11%
156,Carlos Salazar,"Stanton, CA",792,24:46,7:59,M 19-29/20,M-20,127,25:06,52.66%
157,Laural Brooks,"Long Beach, CA",432,24:46,7:59,F 30-39/5,F-35,30,25:26,60.40%
158,Paul Burge,"Chino Hills, CA",441,24:47,7:59,M 19-29/21,M-28,128,25:33,52.09%
159,Sandra Rodriguez,"Long Beach, CA",760,24:49,8:00,F 19-29/9,F-28,31,24:57,59.68%
160,Dallin Earl,"Danville, CA",1337,24:50,8:00,M 01-14/18,M-11,129,25:06,61.65%
161,Russ Royer,"Beaverton, OR",1139,24:54,8:01,M 50-59/12,M-56,130,25:07,62.29%
162,Greg Rathbone,"Garden Grove, CA",785,24:54,8:01,M 40-49/36,M-48,131,25:41,58.34%
163,Dan Shelton,"Cypress, CA",700,24:57,8:02,M 50-59/13,M-59,132,25:25,63.77%
164,Dave Hurlburt,"Costa Mesa, CA",544,25:00,8:03,M 70-99/2,M-70,133,25:12,70.58%
165,Carlos Fernandez,"Anaheim, CA",1134,25:09,8:06,M 19-29/22,M-23,134,25:13,51.33%
166,Jerome Gerard,", CA",1191,25:11,8:07,M 01-14/19,M-13,135,25:27,57.62%
167,Kiki Huettl,"Cypress, CA",542,25:12,8:07,F 01-14/1,F-14,32,25:31,62.41%
168,Brandon Ferguson,"Irvine, CA",1186,25:13,8:07,M 01-14/20,M-13,136,25:27,57.54%
169,Preston Ferguson,"Irvine, CA",1185,25:13,8:07,M 30-39/20,M-38,137,25:27,53.37%
170,Brittany Reese,"Parma, OH",668,25:18,8:09,F 15-18/8,F-18,33,25:39,59.20%
171,Taressa Earl,"Danville, CA",1338,25:20,8:09,F 30-39/6,F-39,34,25:35,60.17%
172,Kiana Kaupiko,"Long Beach, CA",751,25:20,8:10,F 01-14/2,F-14,35,25:30,62.08%
173,Carrie Hood,"Huntington Beach, CA",538,25:21,8:10,F 30-39/7,F-35,36,25:40,59.01%
174,Jennifer Winograd,"Rossmoor, CA",748,25:23,8:11,F 30-39/8,F-30,37,25:58,58.34%
175,Mike O'Reilly,"Cypress, CA",635,25:24,8:11,M 50-59/14,M-50,138,25:29,58.11%
176,Juan Rodriguez Daza,"Cypress, CA",677,25:24,8:11,M 30-39/21,M-30,139,25:31,50.95%
177,Lauren Reese,"Parma, OH",669,25:25,8:11,F 15-18/9,F-17,38,25:46,59.51%
178,Sean Coughlin,"Santa Barbara, CA",1404,25:27,8:12,M 19-29/23,M-29,140,26:03,50.79%
179,Rosa Mancilla,"Montclair, CA",594,25:27,8:12,F 40-49/9,F-43,39,25:49,61.66%
180,Adam Kaufman,"Cypress, CA",556,25:28,8:12,M 19-29/24,M-19,141,26:04,51.80%
181,Ramon Fabian,"Santa Ana, CA",1352,25:30,8:13,M 40-49/37,M-40,142,25:39,53.56%
182,Nina Sanchez,"Los Alamitos, CA",696,25:36,8:15,F 19-29/10,F-22,40,26:01,57.85%
183,Camille Sierra,"La Mirada, CA",702,25:39,8:16,F 15-18/10,F-18,41,26:11,58.39%
184,John Bahorski,"Long Beach, CA",421,25:42,8:17,M 40-49/38,M-40,143,25:42,53.15%
185,Esther Mejia,"Pico Rivera, CA",602,25:48,8:19,F 40-49/10,F-40,42,26:17,59.47%
186,Alexander Miyoshi,"Buena Park, CA",612,25:49,8:19,M 01-14/21,M-14,144,26:10,54.97%
187,Yumi Oshida,"Aliso Viejo, CA",640,25:51,8:20,F 40-49/11,F-40,43,26:06,59.35%
188,Marcy Tieger,"Irvine, CA",1336,25:53,8:20,F 40-49/12,F-48,44,26:03,63.85%
189,Mike Ohrnstein,"Costa Mesa, CA",636,25:53,8:20,M 19-29/25,M-23,145,26:03,49.84%
190,Steven Coler,"Cypress, CA",457,25:54,8:20,M 60-69/4,M-60,146,25:59,61.94%
191,Alyssa Ivins,"Cypress, CA",546,25:56,8:21,F 01-14/3,F-14,45,26:13,60.64%
192,Jj Newkirk,"Cypress, CA",378,25:57,8:22,M 30-39/22,M-32,147,26:24,50.13%
193,Meghan Newkirk,"Cypress, CA",377,25:58,8:22,F 30-39/9,F-31,46,26:24,57.10%
194,Joe Dudley,"Long Beach, CA",773,26:00,8:22,M 40-49/39,M-46,148,26:17,54.97%
195,Erica Morlok,"Salt Lake City, UT",767,26:01,8:23,F 19-29/11,F-29,47,26:17,56.92%
196,Eric Becerra,"Bellflower, CA",424,26:02,8:23,M 19-29/26,M-22,149,26:41,49.58%
197,Tim Pelonis,"Cypress, CA",765,26:05,8:24,M 30-39/23,M-38,150,26:32,51.60%
198,Jeff Hunter,"Cypress, CA",543,26:05,8:24,M 30-39/24,M-30,151,27:12,49.62%
199,Eric Becker,"Santa Clarita, CA",425,26:09,8:25,M 30-39/25,M-36,152,26:32,50.77%
200,Nicholas Atkins,"Cypress, CA",419,26:10,8:26,M 19-29/27,M-27,153,26:51,49.33%
201,David Kubicek,"Los Alamitos, CA",561,26:13,8:27,M 40-49/40,M-48,154,26:26,55.41%
202,Grant Rummler,"Cypress, CA",687,26:14,8:27,M 01-14/22,M-14,155,26:18,54.10%
203,Sal Mancilla,"Montclair, CA",595,26:14,8:27,M 40-49/41,M-45,156,26:37,54.10%
204,Kelly Carter,"Long Beach, CA",448,26:24,8:30,M 19-29/28,M-28,157,27:05,48.89%
205,Rick Castro,"Walnut, CA",451,26:25,8:30,M 50-59/15,M-50,158,27:07,55.87%
206,Kelsey Toyoda,"Cypress, CA",1359,26:26,8:31,F 15-18/11,F-15,48,27:15,58.68%
207,Danny Gomez,"Cypress, CA",504,26:26,8:31,M 01-14/23,M-14,159,26:43,53.69%
208,June Westdal,"Cerritos, CA",743,26:34,8:33,F 19-29/12,F-19,49,27:12,55.93%
209,Jovan Rodriguez,"Lakewood, CA",673,26:36,8:34,M 19-29/29,M-23,160,26:50,48.53%
210,Julia Rummler,"Cypress, CA",688,26:44,8:37,F 01-14/4,F-14,50,27:02,58.83%
211,Emily Nakamoto,"Cypress, CA",623,26:52,8:39,F 01-14/5,F-14,51,27:16,58.54%
212,Chuck Bates,"Laguna Hills, CA",423,26:53,8:39,M 40-49/42,M-47,161,27:06,53.60%
213,Brian Reese,"Parma, OH",667,27:02,8:42,M 40-49/43,M-47,162,27:23,53.30%
214,Steven Andrews,"La Habra, CA",418,27:05,8:43,M 19-29/30,M-19,163,27:14,48.71%
215,Mike Calishev,", CA",1460,27:09,8:45,M 19-29/31,M-22,164,27:18,47.54%
216,Eusebio Guerrero,"Santa Ana, CA",790,27:13,8:46,M 19-29/32,M-29,165,27:27,47.49%
217,Kayla Lewis,"Riverside, CA",1188,27:13,8:46,F 19-29/13,F-19,52,27:30,54.60%
218,Christian Fowler,"Downey, CA",1408,27:14,8:46,M 01-14/24,M-14,166,27:26,52.11%
219,Mitchell Simerly,"Costa Mesa, CA",706,27:17,8:47,M 19-29/33,M-23,167,27:27,47.31%
220,Andres Hernandez,"Baldwin Park, CA",1360,27:17,8:47,M 15-18/22,M-15,168,28:11,51.04%
221,Bo Gaffney,"Buena Park, CA",495,27:19,8:48,M 30-39/26,M-36,169,27:51,48.60%
222,Ian Naftzger,"Tustin, CA",620,27:19,8:48,M 30-39/27,M-37,170,27:45,48.90%
223,Gerald Low,"Whittier, CA",580,27:20,8:48,M 30-39/28,M-35,171,27:46,48.26%
224,Mary Derifield,"Corona, CA",466,27:21,8:48,F 40-49/13,F-44,53,28:01,57.87%
225,Lauren Sierra,"La Mirada, CA",703,27:21,8:48,F 19-29/14,F-21,54,27:51,54.15%
226,Sheila Nardelli,"Buena Park, CA",625,27:22,8:49,F 19-29/15,F-28,55,27:54,54.11%
227,Tina Gabel,"Garden Grove, CA",494,27:23,8:49,F 40-49/14,F-42,56,27:37,56.82%
228,Denise Moore,"Fullerton, CA",614,27:24,8:49,F 40-49/15,F-49,57,27:58,61.05%
229,Joshua Jilk,"Buena Park, CA",551,27:25,8:50,M 19-29/34,M-28,172,28:08,47.08%
230,Nicolas Aguirre,"Santa Ana, CA",408,27:26,8:50,M 50-59/16,M-50,173,27:59,53.80%
231,Robert Campoy,"Cypress, CA",1342,27:28,8:51,M 50-59/17,M-51,174,27:36,54.16%
232,Nicholas Gonzalez,"Los Angeles, CA",511,27:30,8:52,M 01-14/25,M-13,175,27:54,52.76%
233,King Phouangvankha,"Riverside, CA",1347,27:30,8:52,M 40-49/44,M-42,176,27:47,50.39%
234,Bob Blum,"Cypress, CA",431,27:33,8:52,M 60-69/5,M-60,177,27:48,58.23%
235,Collin Brown,", CA",781,27:33,8:52,M 01-14/26,M-14,178,27:49,51.51%
236,Howard Kugel,"Harbor City, CA",562,27:36,8:53,M 70-99/3,M-70,179,27:42,63.93%
237,Andrew Gonzalez,"Los Angeles, CA",508,27:37,8:54,M 15-18/23,M-16,180,28:01,49.64%
238,Kevin Dillard,"Cypress, CA",469,27:43,8:55,M 30-39/29,M-30,181,28:02,46.69%
239,Lizette Montano,"Whittier, CA",1172,27:44,8:56,F 19-29/16,F-20,58,28:15,53.40%
240,Luis Hernandez,"Baldwin Park, CA",1407,27:56,9:00,M 15-18/24,M-16,182,28:50,49.07%
241,Abby Gambrel,"Irvine, CA",497,27:58,9:00,F 19-29/17,F-26,59,28:18,52.95%
242,Gabriel Gomez,"Cypress, CA",505,27:59,9:01,M 01-14/27,M-14,183,28:16,50.72%
243,Devin Fleming,"Cypress, CA",486,28:02,9:02,M 01-14/28,M-10,184,29:05,56.30%
244,Katherine Steeg,"Irvine, CA",710,28:04,9:03,F 01-14/6,F-14,60,28:36,56.03%
245,David Pasillas,"La Mirada, CA",646,28:06,9:03,M 50-59/18,M-50,185,28:30,52.52%
246,Normand Steeg,"Irvine, CA",711,28:07,9:03,M 40-49/45,M-46,186,28:36,50.83%
247,Leena Patel,"Inglewood, CA",647,28:13,9:05,F 30-39/10,F-31,61,28:42,52.54%
248,Erika Juliano,"Cypress, CA",553,28:15,9:06,F 19-29/18,F-19,62,28:28,52.60%
249,Ev Martinez,"Cypress, CA",1165,28:15,9:06,M 40-49/46,M-44,187,28:44,49.82%
250,Ray McQuillan,"Cypress, CA",360,28:17,9:06,M 40-49/47,M-41,188,28:47,48.64%
251,Srima McQuillo,"Cypress, CA",359,28:17,9:06,F 30-39/11,F-35,63,28:47,52.89%
252,Laura Broscow,"Irvine, CA",433,28:19,9:07,F 01-14/7,F-14,64,28:32,55.54%
253,Rosemary Nunez,"Pico Rivera, CA",633,28:31,9:11,F 40-49/16,F-44,65,28:53,55.50%
254,Daniel Tatar,"North Hollywood, CA",714,28:35,9:12,M 30-39/30,M-30,189,28:48,45.27%
255,Mike Paek,"Cypress, CA",644,28:44,9:15,M 40-49/48,M-44,190,29:33,48.98%
256,Carie Bahorski,"Long Beach, CA",420,28:45,9:16,F 40-49/17,F-40,66,29:00,53.36%
257,Arthur Laforteza,"Long Beach, CA",564,28:45,9:16,M 60-69/6,M-66,191,29:12,58.93%
258,Anmarie Fielding,"Placerville, CA",385,28:53,9:18,F 15-18/12,F-17,67,29:17,52.37%
259,Yongqi Dai,"Irvine, CA",460,28:57,9:20,M 50-59/19,M-53,192,29:08,52.25%
260,Jonathan Matson,"Cypress, CA",598,28:58,9:20,M 40-49/49,M-40,193,29:16,47.15%
261,Monica Allison,"La Mirada, CA",412,29:00,9:20,F 30-39/12,F-31,68,29:31,51.12%
262,Amanda Trimmell,"La Mirada, CA",1461,29:00,9:20,F 19-29/19,F-20,69,29:34,51.06%
263,John Koziel,"Buena Park, CA",559,29:01,9:21,M 50-59/20,M-50,194,29:25,50.86%
264,Chuck Laine,"Whittier, CA",1203,29:03,9:22,M 60-69/7,M-64,195,29:31,57.20%
265,Joan McGhee,"Fullerton, CA",600,29:07,9:23,F 40-49/18,F-45,70,29:15,54.87%
266,Rob Dalton,"Lakewood, CA",1405,29:08,9:23,M 40-49/50,M-46,196,29:32,49.06%
267,Alan Adams,"Newport Beach, CA",1102,29:10,9:24,M 60-69/8,M-64,197,29:21,57.00%
268,Alicia Mitchell,"La Palma, CA",611,29:11,9:24,F 40-49/19,F-40,71,29:29,52.57%
269,Stephanie Tatar,"North Hollywood, CA",715,29:14,9:25,F 30-39/13,F-32,72,29:27,50.77%
270,Myles Masui,"Cypress, CA",597,29:15,9:25,M 50-59/21,M-53,198,30:05,51.71%
271,Dianne Ito,"Dana Point, CA",1306,29:17,9:26,F 50-59/2,F-54,73,29:54,60.82%
272,Hilary Dillard,"Cypress, CA",468,29:20,9:27,F 30-39/14,F-30,74,29:41,50.48%
273,Joy Bland,"Cypress, CA",796,29:21,9:27,F 40-49/20,F-40,75,29:35,52.27%
274,Angela Chen,"Hacienda Heights, CA",1313,29:23,9:28,F 19-29/20,F-28,76,30:00,50.40%
275,Jeff Mercier,"Los Alamitos, CA",607,29:23,9:28,M NoAge/0,M-0,199,29:43, 0.00%
276,Marshall Pura,"Los Angeles, CA",772,29:23,9:28,M 60-69/9,M-66,200,30:29,57.66%
277,Ben Agee,"Buena Park, CA",407,29:25,9:28,M 19-29/35,M-29,201,29:57,43.93%
278,Amy Win,"Cypress, CA",747,29:26,9:29,F 30-39/15,F-31,77,29:44,50.37%
279,Monica Rodriguez,"Los Angeles, CA",1406,29:26,9:29,F 30-39/16,F-34,78,30:19,50.65%
280,Lewis Allison,"La Mirada, CA",411,29:27,9:29,M 30-39/31,M-33,202,29:58,44.34%
281,Janette Scott,"Stirling, ",697,29:30,9:30,F 30-39/17,F-35,79,29:55,50.71%
282,Monique Sanchez,"La Mirada, CA",695,29:33,9:31,F 15-18/13,F-18,80,30:17,50.68%
283,Ken Purucker,"Seal Beach, CA",664,29:33,9:31,M 70-99/4,M-70,203,29:45,59.71%
284,Bruce Fenn,"Whittier, CA",481,29:42,9:34,M 60-69/10,M-60,204,29:57,54.01%
285,Joseph Bruney,"Anaheim, CA",434,29:50,9:36,M 70-99/5,M-70,205,30:01,59.14%
286,Chelsea Jamison,"Cypress, CA",775,29:52,9:37,F 19-29/21,F-24,81,30:23,49.58%
287,Mikhail Izraylev,"Cypress, CA",547,30:10,9:43,M 01-14/29,M-14,206,30:32,47.04%
288,Richard Braun,"Cypress, CA",782,30:15,9:45,M 50-59/22,M-54,207,30:31,50.39%
289,Brianna Witte,"Arcadia, CA",749,30:15,9:45,F 19-29/22,F-25,82,31:08,48.95%
290,Kathy Joly,"Sun Valley, CA",1106,30:17,9:45,F 50-59/3,F-58,83,30:27,62.11%
291,Joey Peterson,"Long Beach, CA",656,30:24,9:47,M 01-14/30,M-9,208,30:31,53.81%
292,Jim Madsen,"Mission Viejo, CA",583,30:24,9:47,M 40-49/51,M-46,209,31:20,47.01%
293,Paula Tucker,"Cypress, CA",730,30:25,9:48,F 50-59/4,F-50,84,31:04,55.65%
294,Clare Adams,"Cypress, CA",406,30:25,9:48,F 19-29/23,F-26,85,31:04,48.68%
295,Stacey Williams,"Cypress, CA",746,30:26,9:48,F 30-39/18,F-33,86,30:53,48.88%
296,Chris Robertson,"Santa Monica, CA",1356,30:32,9:50,F 30-39/19,F-32,87,30:41,48.61%
297,Lupe Gonzalez,"Los Angeles, CA",510,30:33,9:50,F 40-49/21,F-40,88,30:57,50.22%
298,Rod Nakamoto,"Cypress, CA",624,30:34,9:51,M 40-49/52,M-40,210,31:25,44.68%
299,Jayson Doty,"Buena Park, CA",471,30:35,9:51,M 15-18/25,M-17,211,30:52,44.17%
300,Brian Reitmeier,"Cypress, CA",670,30:37,9:52,M 40-49/53,M-47,212,30:54,47.06%
301,Susan Liang,"Cypress, CA",575,30:37,9:52,F 40-49/22,F-45,89,30:54,52.18%
302,Kelly Emling,"Long Beach, CA",475,30:42,9:53,F 40-49/23,F-47,90,31:30,53.18%
303,Jason Mercer,"Kellerton, IA",606,30:43,9:53,M 30-39/32,M-31,213,31:34,42.24%
304,Steve Chai,"Cypress, CA",452,30:43,9:53,M 30-39/33,M-39,214,31:24,44.14%
305,Sherlyn Rodriguez,"Cypress, CA",676,30:45,9:54,F 30-39/20,F-38,91,31:10,49.30%
306,Caprice McDonald,"Long Beach, CA",1124,30:50,9:56,F 40-49/24,F-45,92,31:02,51.81%
307,Eva Tibbo,"Ontario, CA",722,30:55,9:57,F 30-39/21,F-34,93,31:06,48.22%
308,Tina Foglesong,"Salisbury, MO",489,31:06,10:01,F 50-59/5,F-51,94,31:06,55.12%
309,Robert Frankeberger,"Lakewood, CA",492,31:07,10:01,M 50-59/23,M-50,215,31:48,47.40%
310,Kevin Orman,"Westminster, CA",638,31:08,10:02,M 19-29/36,M-27,216,31:33,41.46%
311,Paul Foglesong,"Salisbury, MO",488,31:09,10:02,M 50-59/24,M-54,217,31:18,48.93%
312,Jim Coleman,"Cypress, CA",456,31:09,10:02,M 50-59/25,M-55,218,31:57,49.36%
313,John Guinn,"Anaheim, CA",516,31:10,10:02,M 50-59/26,M-50,219,31:28,47.35%
314,Jt Roth,"Long Beach, CA",684,31:14,10:04,M 50-59/27,M-50,220,31:42,47.25%
315,Raymond Leeser,"Huntington Beach, CA",572,31:16,10:04,M 19-29/37,M-20,221,31:41,41.71%
316,Mario Gomez,"Cypress, CA",506,31:17,10:04,M 15-18/26,M-15,222,31:33,44.51%
317,Wil Deleon,"Buena Park, CA",465,31:18,10:05,M 30-39/34,M-35,223,31:57,42.14%
318,Gina Pringle,"Cypress, CA",663,31:21,10:06,F 40-49/25,F-47,95,32:02,52.07%
319,Shital Gokalbhai,"Culver City, CA",501,31:22,10:06,F 19-29/24,F-25,96,31:50,47.21%
320,Joey Testone,"Buena Park, CA",719,31:24,10:07,M 30-39/35,M-30,224,32:24,41.21%
321,Cindy Testone,"Buena Park, CA",718,31:27,10:08,F 30-39/22,F-30,97,32:24,47.08%
322,Shonna Weaver,"San Marcos, CA",1190,31:29,10:08,F 30-39/23,F-37,98,31:43,47.93%
323,John Singer,"Lakewood, CA",707,31:29,10:08,M 60-69/11,M-60,225,31:43,50.95%
324,Jason Hovey,"Los Alamitos, CA",540,31:29,10:08,M 30-39/36,M-30,226,31:44,41.10%
325,Nicole Huckeba,"Cypress, CA",541,31:29,10:08,F 01-14/8,F-14,99,31:50,49.95%
326,Bruce Edwards,"Santa Monica, CA",1310,31:30,10:09,M 30-39/37,M-33,227,32:47,41.45%
327,Joann Skliar,"BREA, CA",1169,31:31,10:09,F 50-59/6,F-56,100,31:46,58.04%
328,Edward Villalobos,"Long Beach, CA",1412,31:32,10:09,M 60-69/12,M-65,228,32:11,53.20%
329,Joe Chen,"Cerritos, CA",454,31:47,10:14,M 30-39/38,M-37,229,32:48,42.03%
330,Kimber Martell,"Glendora, CA",596,31:47,10:14,F 19-29/25,F-24,101,32:39,46.59%
331,Amy Waxham,"Cypress, CA",742,31:47,10:14,F 19-29/26,F-23,102,32:01,46.59%
332,Elda Prieto,"Pico Rivera, CA",662,31:52,10:16,F 30-39/24,F-36,103,32:20,47.15%
333,Maggie Lopez,"Santa Ana, CA",579,31:56,10:17,F 19-29/27,F-26,104,32:32,46.37%
334,Scianna Butler,"Huntington Beach, CA",763,31:59,10:18,F 15-18/14,F-16,105,32:50,47.86%
335,James Harris,"La Mirada, CA",522,32:11,10:22,M 70-99/6,M-70,230,32:40,54.82%
336,Ken Schueler,"Santa Monica, CA",388,32:11,10:22,M 60-69/13,M-66,231,32:20,52.64%
337,Elsle Nakamoto,"Cypress, CA",622,32:21,10:25,F 40-49/26,F-40,106,33:12,47.42%
338,Lavon Lindstrom,"Corona, CA",576,32:24,10:26,F 40-49/27,F-43,107,33:01,48.43%
339,Dwayne Hidalgo,"Whittier, CA",1195,32:25,10:26,M 40-49/54,M-48,232,32:54,44.80%
340,Margie Andrews,"Tustin, CA",1131,32:32,10:29,F 60-69/2,F-61,108,32:47,60.28%
341,Melissa Chavez,"Orange, CA",783,32:37,10:30,F 19-29/28,F-27,109,33:15,45.40%
342,Andres Almaguer,"Huntington Beach, CA",413,32:37,10:30,M 30-39/39,M-31,233,32:57,39.78%
343,Samantha Madsen,"Mission Viejo, CA",584,32:44,10:33,F 01-14/9,F-11,110,33:41,50.84%
344,Ron Sierra,"La Mirada, CA",705,32:50,10:35,M 50-59/28,M-51,234,33:24,45.30%
345,Brian Seybert,"Cypress, CA",698,32:53,10:35,M 15-18/27,M-15,235,33:46,42.34%
346,Len Taylor,"Placentia, CA",1101,32:53,10:35,M 50-59/29,M-57,236,33:10,47.57%
347,Carmelita Sarno,"Costa Mesa, CA",1162,32:55,10:36,F 30-39/25,F-39,111,33:14,46.30%
348,Sherry Donaldson,"Cypress, CA",334,32:56,10:36,F 40-49/28,F-47,112,33:22,49.57%
349,John Maloney,"Buena Park, CA",593,32:56,10:36,M 60-69/14,M-62,237,33:14,49.57%
350,Jacki Teschke,"Cypress, CA",717,32:56,10:36,F 40-49/29,F-40,113,33:47,46.58%
351,Melissa Peterson,"Long Beach, CA",657,32:58,10:37,F 15-18/15,F-16,114,33:23,46.43%
352,Yvonne Hashimoto,"Cypress, CA",526,33:03,10:39,F 50-59/7,F-50,115,33:28,51.21%
353,Megan Tillgren,"Cypress, CA",723,33:04,10:39,F 15-18/16,F-17,116,33:28,45.74%
354,Nana Torii,"Aliso Viejo, CA",726,33:07,10:40,F 01-14/10,F-14,117,33:22,47.48%
355,Angie Hidalgo,"Whittier, CA",1194,33:10,10:41,F 50-59/8,F-51,118,33:40,51.68%
356,Brennan Gambs,"Cypress, CA",774,33:12,10:41,F 15-18/17,F-15,119,33:21,46.71%
357,Christina Shon,"Huntington Beach, CA",764,33:20,10:44,F 30-39/26,F-39,120,34:12,45.72%
358,Karla Rodriguez,"Hacienda Heights, CA",1409,33:20,10:44,F 19-29/29,F-25,121,34:42,44.42%
359,Alejandro Medina,"La Mirada, CA",1410,33:27,10:46,M 40-49/55,M-41,238,34:47,41.13%
360,Craig Hathaway,"La Palma, CA",351,33:29,10:47,M 40-49/56,M-40,239,34:45,40.79%
361,Marlon Zarate,"Long Beach, CA",363,33:30,10:47,M 30-39/40,M-31,240,34:46,38.73%
362,Giovanni Sanchez,"Downey, CA",374,33:31,10:48,M 19-29/38,M-29,241,34:52,38.56%
363,Ivan Montelongo,"Long Beach, CA",365,33:32,10:48,M 30-39/41,M-32,242,34:50,38.79%
364,Paul Cone,"Fullerton, CA",458,34:10,11:00,M 60-69/15,M-67,243,35:00,50.02%
365,Stephen Jaynes,"Yorba Linda, CA",132,34:11,11:00,M 50-59/30,M-52,244,35:01,43.85%
366,Barbara Griffith,"Rancho Santa Margarita, CA",515,34:13,11:01,F 50-59/9,F-50,122,34:49,49.46%
367,Vincent Gonzalez,"Westminster, CA",513,34:20,11:03,M 19-29/39,M-22,245,34:52,37.59%
368,Jose Pelayo,"Buena Park, CA",650,34:20,11:03,M 40-49/57,M-40,246,35:07,39.78%
369,David Erickson,"Cypress, CA",477,34:20,11:03,M 40-49/58,M-46,247,35:14,41.62%
370,Chris Diyco,"Buena Park, CA",794,34:28,11:06,M 30-39/42,M-37,248,34:53,38.75%
371,Shannon Feightner,"Cypress, CA",479,34:30,11:06,F 19-29/30,F-23,123,35:04,42.92%
372,Kelly Young,"Santa Barbara, CA",1345,34:34,11:08,F 19-29/31,F-28,124,35:08,42.84%
373,Janet Bica,"Cypress, CA",1148,34:35,11:08,F 40-49/30,F-43,125,35:10,45.37%
374,Peter Westdal,"Cerritos, CA",744,34:36,11:09,M 50-59/31,M-50,249,35:15,42.65%
375,Jeannie Yin,"Newport Beach, CA",753,34:37,11:09,F 19-29/32,F-27,126,35:31,42.77%
376,Joanne Lee,"Irvine, CA",568,34:37,11:09,F 19-29/33,F-23,127,35:31,42.77%
377,Jennifer Lee,"Los Angeles, CA",567,34:38,11:09,F 19-29/34,F-24,128,35:30,42.75%
378,Janine Spatz,"Seal Beach, CA",708,34:47,11:12,F 40-49/31,F-40,129,35:03,44.10%
379,Renee Bjorklund,"Cypress, CA",429,34:49,11:13,F 30-39/27,F-37,130,35:20,43.34%
380,Justin Paek,"Cypress, CA",643,34:55,11:15,M 01-14/31,M-11,250,35:44,43.84%
381,Collier Nogues,"Irvine, CA",628,34:55,11:15,F 30-39/28,F-31,131,35:15,42.45%
382,Dani Mata,"Huntington Beach, CA",361,34:57,11:15,M 19-29/40,M-25,251,35:38,36.93%
383,Lisa Wood,"Huntington Beach, CA",779,35:05,11:18,F 40-49/32,F-45,132,35:33,45.53%
384,Jeanette Paek,"Cypress, CA",642,35:07,11:18,F 40-49/33,F-43,133,35:56,44.68%
385,Andy Hoang,"Westminster, CA",535,35:16,11:21,M 19-29/41,M-21,252,35:41,36.74%
386,Joy Nasuti,"Long Beach, CA",201,35:24,11:24,F 40-49/34,F-40,134,36:15,43.33%
387,Debbie Mahaffey,"Long Beach, CA",590,35:24,11:24,F 50-59/10,F-51,135,36:16,48.42%
388,Phoung Lee,"Cypress, CA",570,35:27,11:25,F 40-49/35,F-40,136,35:48,43.27%
389,Alana Bunts,"Fullerton, CA",437,35:28,11:25,F 01-14/11,F-9,137,35:48,49.51%
390,Jonathan Neves,"La Verne, CA",1167,35:30,11:26,M 01-14/32,M-9,253,36:14,46.08%
391,Chris Bunts,"Fullerton, CA",440,35:34,11:27,M 40-49/59,M-43,254,35:55,39.29%
392,Julie Miller,"Orange, CA",608,35:40,11:29,F 30-39/29,F-30,138,36:31,41.51%
393,Caleb Thompson,"Lakewood, CA",720,35:45,11:31,M 19-29/42,M-24,255,36:19,36.10%
394,Joseph Neves,"La Verne, CA",1177,35:46,11:31,M 01-14/33,M-12,256,36:27,41.59%
395,Patricia Sierra,"La Mirada, CA",704,35:47,11:31,F 40-49/36,F-49,139,36:20,46.74%
396,Ruth Harris,"Huntington Beach, CA",525,35:48,11:32,F 50-59/11,F-54,140,36:11,49.74%
397,Carol Neves,"La Verne, CA",1170,35:50,11:32,F 50-59/12,F-50,141,36:34,47.23%
398,Jessica Daniel,"Gardena, CA",461,36:00,11:36,F 19-29/35,F-29,142,36:49,41.13%
399,Caroline Song,"Pomona, CA",1413,36:09,11:38,F 30-39/30,F-39,143,37:11,42.16%
400,Danielle Nunez,"Pico Rivera, CA",631,36:12,11:40,F 01-14/12,F-10,144,36:35,47.17%
401,Mindy Rulison,"Garden Grove, CA",686,36:14,11:40,F 40-49/37,F-40,145,36:42,42.34%
402,Arlene Chen,"Cerritos, CA",453,36:18,11:41,F 30-39/31,F-36,146,37:21,41.39%
403,Kenneth Tsang,"Chino, CA",729,36:19,11:42,M 19-29/43,M-20,257,36:56,35.90%
404,Mike Northup,"Lomita, CA",629,36:22,11:43,M 50-59/32,M-59,258,37:20,43.74%
405,Kristina Minton,"Westminster, CA",609,36:23,11:43,F 19-29/36,F-21,147,37:04,40.70%
406,Dora Maese,"La Habra, CA",586,36:30,11:45,F 40-49/38,F-44,148,36:54,43.35%
407,Robin Minton,"Westminster, CA",610,36:33,11:46,F 40-49/39,F-45,149,37:04,43.70%
408,Darnell Fleming Sr,"Cypress, CA",487,36:41,11:49,M 30-39/43,M-36,259,37:47,36.18%
409,Andrew Carrillo,"Buena Park, CA",446,36:43,11:50,M 30-39/44,M-30,260,37:47,35.24%
410,Maria Zarate,"Long Beach, CA",362,36:50,11:52,F 19-29/37,F-27,150,38:05,40.20%
411,Deena Parmar,"Cypress, CA",645,36:56,11:54,F 30-39/32,F-34,151,37:28,40.36%
412,Roma Patel,"Buena Park, CA",649,36:56,11:54,F 19-29/38,F-28,152,37:28,40.09%
413,Rowena Panaguiton,"Long Beach, CA",1183,36:58,11:54,F 40-49/40,F-44,153,37:32,42.81%
414,Reanne Romero,"La Palma, CA",681,37:06,11:57,F 15-18/18,F-15,154,37:48,41.80%
415,Lawrence Romero,"La Palma, CA",680,37:07,11:57,M 40-49/60,M-40,261,37:48,36.79%
416,Briana Peterson,"Long Beach, CA",654,37:11,11:59,F 01-14/13,F-12,155,37:37,43.81%
417,Tammy Holt,"Long Beach, CA",537,37:14,11:59,F 40-49/41,F-44,156,37:43,42.50%
418,Norma Vera,"Buena Park, CA",736,37:16,12:00,F 40-49/42,F-40,157,37:43,41.16%
419,Patti Lusk,"Cypress, CA",581,37:20,12:01,F 30-39/33,F-30,158,38:13,39.66%
420,Lupe Jackson,"West Covina, CA",548,37:24,12:02,F 50-59/13,F-54,159,38:10,47.61%
421,Ronald Nagy,"Huntington Beach, CA",621,37:29,12:04,M 60-69/16,M-64,262,37:50,44.35%
422,Cindy Peterson,"Long Beach, CA",655,37:34,12:06,F 40-49/43,F-43,160,37:59,41.77%
423,Michael Acuna,"Westminster, CA",405,37:36,12:06,M 40-49/61,M-43,263,38:09,37.16%
424,Sheryl Madsen,"Mission Viejo, CA",585,37:38,12:07,F 40-49/44,F-43,161,38:35,41.69%
425,Martin Rodriguez,"Buena Park, CA",675,37:45,12:09,M 40-49/62,M-40,264,38:39,36.17%
426,Don Casados,"Cypress, CA",769,37:48,12:10,M 50-59/33,M-50,265,38:04,39.04%
427,James Rivera,"Cerritos, CA",672,37:53,12:12,M 40-49/63,M-40,266,38:15,36.05%
428,Julie Rodriguez,"La Habra, CA",674,38:09,12:17,F 40-49/45,F-40,162,39:04,40.21%
429,Gwendolyn Sanchez,"Downey, CA",375,38:21,12:21,F 19-29/39,F-26,163,39:39,38.61%
430,Delia Olague,"West Covina, CA",637,38:22,12:21,F 40-49/46,F-45,164,39:11,41.63%
431,Bindiya Bhakta,"Anaheim, CA",392,38:27,12:23,F 19-29/40,F-23,165,39:21,38.51%
432,Swati Bhakta,"Anaheim, CA",426,38:29,12:23,F 30-39/34,F-31,166,39:23,38.52%
433,Betsy-Ann Toffler,"Cypress, CA",725,38:41,12:27,F 60-69/3,F-66,167,39:20,54.66%
434,Nerine Vicencio,"Long Beach, CA",738,38:49,12:30,F 30-39/35,F-38,168,39:22,39.05%
435,Preston Prouty,"Manhattan Beach, CA",1320,38:58,12:33,M 60-69/17,M-64,267,39:45,42.66%
436,Maggie Hamre,"Holliston, CA",755,39:06,12:35,F 01-14/14,F-11,169,39:21,42.56%
437,Vidya Shyamsundar,"Cypress, CA",701,39:19,12:40,F 30-39/36,F-32,170,40:15,37.74%
438,Sarah Hamre,"Cypress, CA",756,39:42,12:47,F 01-14/15,F-11,171,39:56,41.92%
439,Matthew Ross,"Cypress, CA",683,39:49,12:49,M 30-39/45,M-38,268,40:51,33.79%
440,Maureen Halopoff,"La Puente, CA",519,39:54,12:51,F 40-49/47,F-49,172,40:41,41.91%
441,Trudy Engstrom,"Fountain Valley, CA",476,40:01,12:53,F 50-59/14,F-58,173,40:40,47.00%
442,Merle Perez,"Los Alamitos, CA",652,40:11,12:56,F 40-49/48,F-43,174,40:25,39.05%
443,Kati Morris,"Orange, CA",356,40:17,12:58,F 30-39/37,F-30,175,40:32,36.75%
444,Eloisa Casares-Kanter,"La Habra, CA",449,40:30,13:02,F 60-69/4,F-60,176,48:53,47.76%
445,Ida Kwok,"Anaheim, CA",563,40:55,13:11,F 19-29/41,F-27,177,41:32,36.19%
446,Anthony Acuna,"Westminster, CA",402,40:58,13:11,M 01-14/34,M-13,269,41:27,35.41%
447,Anna Orosco,"La Habra, CA",639,41:00,13:12,F 40-49/49,F-40,178,41:00,37.40%
448,Kathy Casados,"Cypress, CA",770,41:06,13:14,F 50-59/15,F-50,179,41:22,41.18%
449,Carlos Vicencio,"Long Beach, CA",737,41:27,13:21,M 30-39/46,M-33,270,42:00,31.50%
450,Michelle Isturis,"Stanton, CA",545,41:28,13:21,F 30-39/38,F-30,180,42:05,35.71%
451,Sonia Gonzalez,"Los Angeles, CA",512,41:44,13:26,F 01-14/16,F-11,181,42:07,39.87%
452,Garret Lee,"Cerritos, CA",566,41:50,13:28,M 40-49/64,M-41,271,42:58,32.88%
453,Tiffany Maese,"La Habra, CA",587,41:50,13:28,F 01-14/17,F-10,182,42:13,40.81%
454,Kate Lee,"Cerritos, CA",569,41:51,13:28,F 01-14/18,F-11,183,42:58,39.76%
455,Brandon Deleon,"Rancho Palos Verdes, CA",463,42:02,13:32,M 01-14/35,M-10,272,42:32,37.56%
456,Adam Di Lisio,"Cypress, CA",778,42:06,13:33,M 01-14/36,M-14,273,43:07,33.70%
457,Alicia Migliarini,"Laguna Hills, CA",1402,42:22,13:39,F 40-49/50,F-49,184,42:44,39.47%
458,Rosalinda Velasco,"Cypress, CA",735,42:44,13:46,F 40-49/51,F-40,185,43:15,35.90%
459,Taylor Baikie,"Seal Beach, CA",422,42:58,13:50,M 15-18/28,M-16,274,43:30,31.90%
460,Hayley Bjorklund,"Cypress, CA",428,42:58,13:50,F 15-18/19,F-16,186,43:30,35.62%
461,Joni Fielding,"Placerville, CA",383,43:11,13:54,F 40-49/52,F-42,187,43:36,36.02%
462,Cassie Bunts,"Fullerton, CA",438,43:13,13:55,F 30-39/39,F-39,188,43:34,35.26%
463,Catherine Bunts,"Fullerton, CA",439,43:13,13:55,F 01-14/19,F-7,189,43:35,43.44%
464,Micaela Acuna,"Westminster, CA",404,43:37,14:03,F 01-14/20,F-11,190,44:07,38.15%
465,Alfred Gassler,"Cerritos, CA",499,43:41,14:04,M 70-99/7,M-70,275,44:10,40.38%
466,Jimmy Duciome,"Signal Hill, CA",1304,44:03,14:11,M 30-39/47,M-30,276,45:06,29.37%
467,Vicky Ryan,"Bellflower, CA",692,44:16,14:15,F 50-59/16,F-50,191,45:13,38.23%
468,Colleen Golden,"Cypress, CA",503,44:50,14:26,F 60-69/5,F-60,192,45:47,43.14%
469,Justin Noh,"Cypress, CA",761,45:07,14:32,M 01-14/37,M-12,277,45:56,32.96%
470,Kathleen Cox,"Yorba Linda, CA",459,45:12,14:33,F 40-49/53,F-44,193,46:05,35.01%
471,Janelle Cabassa,"Tustin, CA",1367,45:12,14:33,F 19-29/42,F-28,194,45:52,32.76%
472,Amy Frankeberger,"Lakewood, CA",491,45:28,14:38,F 01-14/21,F-14,195,46:08,34.58%
473,Diana Hoang,"Westminster, CA",536,45:36,14:41,F 01-14/22,F-11,196,46:03,36.49%
474,Tri To,"Westminster, CA",724,45:37,14:41,M 19-29/44,M-24,278,46:03,28.29%
475,Nina Lopez,"Maywood, CA",162,46:13,14:53,F 19-29/43,F-28,197,46:52,32.03%
476,Christine Kemppainen,"Paramount, CA",142,46:13,14:53,F 30-39/40,F-38,198,46:52,32.79%
477,Mary Haas,"Los Alamitos, CA",517,48:13,15:32,F 70-99/1,F-70,199,49:16,46.75%
478,Matthew Harrison,"Irvine, CA",112,48:32,15:37,M 30-39/48,M-33,279,48:53,26.90%
479,Gabrielle Reyes,"Corona, CA",1198,50:14,16:10,F 01-14/23,F-14,200,51:15,31.30%
480,Kristina Reyes,"Corona, CA",1199,50:18,16:12,F 30-39/41,F-34,201,51:15,29.63%
481,Patricia Lewis,"Fullerton, CA",574,51:09,16:28,F 60-69/6,F-60,202,52:09,37.81%
482,Marylea Todd,"Fullerton, CA",1351,51:26,16:34,F 60-69/7,F-66,203,52:23,41.10%
483,Melissa Miller,"Anaheim, CA",795,51:34,16:36,F 40-49/54,F-44,204,52:15,30.68%
484,Nazarene Anderson,"Cerritos, CA",417,51:46,16:40,F 01-14/24,F-11,205,52:57,32.14%
485,Janel Anderson,"Cerritos, CA",416,51:53,16:42,F 01-14/25,F-9,206,53:02,33.84%
486,Gary Anderson,"Cerritos, CA",415,51:56,16:43,M 30-39/49,M-39,280,53:07,26.10%
487,Soraya Piniones,"Artesia, CA",661,52:58,17:03,F 30-39/42,F-32,207,53:31,28.01%
488,Kevin Jung,"Artesia, CA",554,52:59,17:04,M 30-39/50,M-31,281,53:32,24.48%
489,Nicholas Miyoshi,"Buena Park, CA",613,54:09,17:26,M 01-14/38,M-14,282,54:46,26.20%
490,Michael Digiambattista,"Cypress, CA",467,54:51,17:40,M 50-59/34,M-56,283,55:24,28.27%
491,Darla Doxstater,"Anaheim, CA",1467,56:53,18:19,F 50-59/17,F-55,208,57:35,31.74%
492,Andi Kang,"Fountain Valley, CA",371,1:05:29,21:05,F 50-59/18,F-51,209,1:05:41,26.17%
493,Alexander Leto,"Cypress, CA",573,1:06:27,21:24,M 01-14/39,M-14,284,1:06:52,21.35%
