Bib,Name,Gender,Age,Hometown,Overall,Men,M NoAge,Finish,Chip Time,Gun Time
10623,First Place,M,0,", ",1 out of 592,1 out of 323,0 out of 0,15:35 Pace: 5:01,15:35,15:35
886,Johann Appell,M,33,"Huntington Beach, CA",2 out of 592,2 out of 323,1 out of 56, 83.48% Place: 8,15:39 Pace: 5:03,15:39,15:40
10573,Mark Steyvers,M,40,"Irvine, CA",3 out of 592,3 out of 323,1 out of 58, 85.58% Place: 3,15:58 Pace: 5:09,15:58,15:58
1046,Dillon Scott,M,17,"Irvine, CA",4 out of 592,4 out of 323,1 out of 41, 84.29% Place: 5,16:02 Pace: 5:10,16:02,16:02
887,Dan Arsenault,M,45,"Santa Ana, CA",5 out of 592,5 out of 323,2 out of 58, 88.83% Place: 1,16:02 Pace: 5:10,15:59,15:59
891,Parker Christian,M,17,"Cypress, CA",6 out of 592,6 out of 323,2 out of 41, 83.76% Place: 6,16:08 Pace: 5:12,16:08,16:09
601,Francis Gadayan,M,24,"Berkeley, CA",7 out of 592,7 out of 323,1 out of 50, 79.47% Place: 31,16:15 Pace: 5:14,16:15,16:15
10618,Jorge Herrera,M,17,"Irvine, CA",8 out of 592,8 out of 323,3 out of 41, 83.16% Place: 9,16:15 Pace: 5:14,16:15,16:15
1069,Dragan Simic,M,17,"Irvine, CA",9 out of 592,9 out of 323,4 out of 41, 82.40% Place: 14,16:24 Pace: 5:17,16:24,16:25
10561,Brandon Taylor,M,16,"Bellflower, CA",10 out of 592,10 out of 323,5 out of 41, 83.62% Place: 7,16:24 Pace: 5:17,16:24,16:28
10574,Regan Garcia,M,17,"La Mirada, CA",11 out of 592,11 out of 323,6 out of 41, 82.32% Place: 15,16:25 Pace: 5:17,16:25,16:26
932,Martin Santillan Jr,M,17,"Victorville, CA",12 out of 592,12 out of 323,7 out of 41, 81.82% Place: 18,16:31 Pace: 5:19,16:31,16:33
10559,David Lendo,M,34,"La Habra, CA",13 out of 592,13 out of 323,2 out of 56, 78.94% Place: 34,16:38 Pace: 5:22,16:38,16:40
1035,Trevor Cox,M,31,"Lakewood, CA",14 out of 592,14 out of 323,3 out of 56, 77.88% Place: 37,16:40 Pace: 5:22,16:40,16:42
10572,Juan Morales,M,30,"Huntington Beach, CA",15 out of 592,15 out of 323,4 out of 56, 77.37% Place: 43,16:44 Pace: 5:24,16:44,16:46
825,Patrick Spiller,M,18,"Lafayette, LA",16 out of 592,16 out of 323,8 out of 41, 79.29% Place: 32,16:50 Pace: 5:25,16:50,16:52
10576,John Loftus,M,52,"Laguna Beach, CA",17 out of 592,17 out of 323,1 out of 49, 88.48% Place: 2,16:57 Pace: 5:28,16:57,16:57
10603,Julian Moran,M,16,"Covina, CA",18 out of 592,18 out of 323,9 out of 41, 79.81% Place: 27,17:11 Pace: 5:32,17:11,17:12
595,Brandon Ferguson,M,15,"Irvine, CA",19 out of 592,19 out of 323,10 out of 41, 80.60% Place: 23,17:17 Pace: 5:34,17:17,17:19
778,Trinidad Robles,M,47,"Placentia, CA",20 out of 592,20 out of 323,3 out of 58, 83.16% Place: 10,17:20 Pace: 5:35,17:20,17:21
10562,Richard Paris,M,47,"Trabuco Canyon, CA",21 out of 592,21 out of 323,4 out of 58, 82.84% Place: 11,17:24 Pace: 5:36,17:24,17:25
752,Ryan O'Banion,M,15,"Lafayette, LA",22 out of 592,22 out of 323,11 out of 41, 79.68% Place: 29,17:29 Pace: 5:38,17:29,17:32
10524,Raymond Mitchell,M,29,"Walnut, CA",23 out of 592,23 out of 323,2 out of 50, 73.88% Place: 67,17:30 Pace: 5:38,17:30,17:35
10614,Eric Walters,M,28,"Huntington Beach, CA",24 out of 592,24 out of 323,3 out of 50, 73.78% Place: 68,17:30 Pace: 5:38,17:30,17:30
10513,John Acuna,M,19,"Cypress, CA",25 out of 592,25 out of 323,4 out of 50, 75.12% Place: 57,17:34 Pace: 5:40,17:34,17:34
10531,Caleb Vanderbaan,M,16,"Lakewood, CA",26 out of 592,26 out of 323,12 out of 41, 77.84% Place: 38,17:37 Pace: 5:41,17:37,17:41
10515,Giovanni Casanova,M,16,"Irvine, CA",27 out of 592,27 out of 323,13 out of 41, 77.77% Place: 39,17:38 Pace: 5:41,17:38,17:40
10547,Corey Wong,M,54,"Delta, CO",28 out of 592,28 out of 323,2 out of 49, 85.10% Place: 4,17:55 Pace: 5:46,17:55,17:56
521,Justin Arsement,M,17,"Duson, LA",29 out of 592,29 out of 323,14 out of 41, 74.79% Place: 60,18:04 Pace: 5:49,18:04,18:06
1058,Mary Colburn,F,32,"Culver City, CA",30 out of 592,1 out of 269,1 out of 60, 82.26% Place: 16,18:06 Pace: 5:50,18:03,18:03
727,Robert Miyoshi,M,15,"Buena Park, CA",31 out of 592,30 out of 323,15 out of 41, 76.82% Place: 45,18:08 Pace: 5:51,18:08,18:12
10586,Daniel Toberty,M,16,"Irvine, CA",32 out of 592,31 out of 323,16 out of 41, 75.14% Place: 56,18:15 Pace: 5:53,18:15,18:16
902,Holly Hobson-Gery,F,27,"Irvine, CA",33 out of 592,2 out of 269,1 out of 45, 80.65% Place: 22,18:22 Pace: 5:55,18:22,18:23
836,Brandon Thibodeaux,M,18,"Broussard, LA",34 out of 592,32 out of 323,17 out of 41, 72.60% Place: 77,18:23 Pace: 5:55,18:23,18:26
1071,Veronika Moralieua,F,16,"Irvine, CA",35 out of 592,3 out of 269,1 out of 39, 82.78% Place: 12,18:30 Pace: 5:57,18:30,18:31
1044,Jimmy Duong,M,16,"Bellflower, CA",36 out of 592,33 out of 323,18 out of 41, 73.92% Place: 66,18:33 Pace: 5:59,18:33,18:41
885,Christine Appell,F,32,"Huntington Beach, CA",37 out of 592,4 out of 269,2 out of 60, 79.75% Place: 28,18:37 Pace: 6:00,18:37,18:39
10582,Sita Perry,F,39,"Rancho Santa Margarita, CA",38 out of 592,5 out of 269,3 out of 60, 81.17% Place: 20,18:47 Pace: 6:03,18:47,18:49
10598,Angelo Decollibus,M,53,"Huntington Beach, CA",39 out of 592,34 out of 323,3 out of 49, 80.55% Place: 25,18:47 Pace: 6:03,18:47,18:48
10701,Alfredo Gutierrez,M,47,"South Gate, CA",40 out of 592,35 out of 323,5 out of 58, 76.53% Place: 46,18:50 Pace: 6:04,18:50,18:51
10563,Ben Crellin,M,16,"Irvine, CA",41 out of 592,36 out of 323,19 out of 41, 72.81% Place: 74,18:50 Pace: 6:04,18:50,18:52
1067,Steven Correll,M,17,"Lakewood, CA",42 out of 592,37 out of 323,20 out of 41, 71.62% Place: 83,18:52 Pace: 6:05,18:52,18:55
1080,Timothy Huang,M,15,"Walnut, CA",43 out of 592,38 out of 323,21 out of 41, 73.76% Place: 69,18:53 Pace: 6:05,18:53,19:00
10554,Ali Hummelberg,F,18,"Corona Del Mar, CA",44 out of 592,6 out of 269,2 out of 39, 79.26% Place: 33,18:54 Pace: 6:05,18:54,18:54
841,Raymond Torres,M,13,"Pico Rivera, CA",45 out of 592,39 out of 323,1 out of 23, 76.38% Place: 47,19:00 Pace: 6:07,19:00,19:03
10617,Eduardo Herrera,M,17,"Irvine, CA",46 out of 592,40 out of 323,22 out of 41, 70.68% Place: 91,19:07 Pace: 6:09,19:07,19:09
797,Mike Sanchez Jr,M,13,"Pico Rivera, CA",47 out of 592,41 out of 323,2 out of 23, 75.72% Place: 53,19:10 Pace: 6:10,19:10,19:13
936,Sara Taylor,F,17,"Victorville, CA",48 out of 592,7 out of 269,3 out of 39, 78.60% Place: 36,19:15 Pace: 6:12,19:15,19:15
564,Bailey Coleman,F,15,"Lafayette, LA",49 out of 592,8 out of 269,4 out of 39, 80.59% Place: 24,19:15 Pace: 6:12,19:15,19:20
1083,Hobin Cheong,M,14,"Cypress, CA",50 out of 592,42 out of 323,3 out of 23, 73.68% Place: 70,19:16 Pace: 6:12,19:16,19:19
933,Suzy Schumacher,F,40,"Phoenix, AZ",51 out of 592,9 out of 269,1 out of 48, 79.65% Place: 30,19:16 Pace: 6:12,19:16,19:18
10542,Anna Barcelo,F,15,"Walnut, CA",52 out of 592,10 out of 269,5 out of 39, 80.38% Place: 26,19:18 Pace: 6:13,19:18,19:20
782,David Rodriguez Jr,M,36,"Beaumont, CA",53 out of 592,43 out of 323,5 out of 56, 68.68% Place: 105,19:20 Pace: 6:14,19:20,19:38
10543,Joshsa Hernandez,M,13,"Pico Rivera, CA",54 out of 592,44 out of 323,4 out of 23, 74.81% Place: 59,19:24 Pace: 6:15,19:24,19:29
10532,Lauren Tirges,F,22,"Cypress, CA",55 out of 592,11 out of 269,2 out of 45, 76.16% Place: 49,19:27 Pace: 6:16,19:27,19:29
1037,Jeremy Carter,M,15,"Irvine, CA",56 out of 592,45 out of 323,23 out of 41, 71.55% Place: 84,19:28 Pace: 6:16,19:28,19:32
309,Ryan Taj,M,34,"Newport Beach, CA",57 out of 592,46 out of 323,6 out of 56, 67.32% Place: 109,19:30 Pace: 6:17,19:30,19:31
10528,Wayen Church,M,60,"Huntington Beach, CA",58 out of 592,47 out of 323,1 out of 19, 81.66% Place: 19,19:39 Pace: 6:20,19:39,19:43
10529,Arturo Jasso,M,14,"Pico Rivera, CA",59 out of 592,48 out of 323,5 out of 23, 72.18% Place: 81,19:40 Pace: 6:20,19:40,19:44
775,Kristen Rivera,F,16,"Corona Del Mar, CA",60 out of 592,12 out of 269,6 out of 39, 77.40% Place: 42,19:47 Pace: 6:22,19:47,19:47
10511,Veronika Wylie,F,47,"Fullerton, CA",61 out of 592,13 out of 269,2 out of 48, 82.48% Place: 13,19:48 Pace: 6:23,19:48,19:50
10548,Mark Carpenter,M,55,"Los Alamitos, CA",62 out of 592,49 out of 323,4 out of 49, 77.67% Place: 40,19:48 Pace: 6:23,19:48,19:50
10703,Aaron Smith,M,29,"Cerritos, CA",63 out of 592,50 out of 323,5 out of 50, 65.13% Place: 130,19:51 Pace: 6:24,19:51,19:54
883,Megan Zwerling,F,16,"Corona Del Mar, CA",64 out of 592,14 out of 269,7 out of 39, 77.01% Place: 44,19:53 Pace: 6:24,19:53,19:55
1040,Richard Anderson,M,51,"Perris, CA",65 out of 592,51 out of 323,5 out of 49, 74.71% Place: 61,19:55 Pace: 6:25,19:55,19:56
608,Beau Golden,M,22,"Fullerton, CA",66 out of 592,52 out of 323,6 out of 50, 64.77% Place: 137,19:56 Pace: 6:25,19:56,20:10
10595,Devon Hoppe,F,17,"Newport Beach, CA",67 out of 592,15 out of 269,8 out of 39, 75.90% Place: 51,19:56 Pace: 6:25,19:56,19:58
827,Cecilia St Geme,F,47,"Newport Beach, CA",68 out of 592,16 out of 269,3 out of 48, 81.86% Place: 17,19:57 Pace: 6:26,19:57,19:58
774,Aaron Ridder,M,16,"Cypress, CA",69 out of 592,53 out of 323,24 out of 41, 68.73% Place: 104,19:57 Pace: 6:26,19:57,20:02
924,Shelby Perez,F,15,"Newport Beach, CA",70 out of 592,17 out of 269,9 out of 39, 77.56% Place: 41,20:00 Pace: 6:27,20:00,20:02
10590,Justin Larios,M,15,"Laguna Hills, CA",71 out of 592,54 out of 323,25 out of 41, 69.58% Place: 98,20:01 Pace: 6:27,20:01,20:10
671,Dave Kelly,M,51,"Irvine, CA",72 out of 592,55 out of 323,6 out of 49, 74.27% Place: 64,20:02 Pace: 6:27,20:02,20:05
303,Bill Sumner,M,61,"Newport Beach, CA",73 out of 592,56 out of 323,2 out of 19, 80.71% Place: 21,20:04 Pace: 6:28,20:04,20:04
10594,Francisco Olid,M,33,"Bell Gardens, CA",74 out of 592,57 out of 323,7 out of 56, 64.71% Place: 138,20:11 Pace: 6:30,20:11,20:11
763,John Parral,M,32,"Norwalk, CA",75 out of 592,58 out of 323,8 out of 56, 64.09% Place: 144,20:18 Pace: 6:32,20:18,20:30
681,Clint Leblanc,M,18,"Lafayette, LA",76 out of 592,59 out of 323,26 out of 41, 65.63% Place: 125,20:20 Pace: 6:33,20:20,20:23
527,Melissa Bartoletti,F,16,"Stanton, CA",77 out of 592,18 out of 269,10 out of 39, 75.00% Place: 58,20:25 Pace: 6:35,20:25,20:28
837,Kevin Thibodeaux,M,18,"Lafayette, LA",78 out of 592,60 out of 323,27 out of 41, 65.31% Place: 129,20:26 Pace: 6:35,20:26,20:28
10555,Connie Augustine,F,41,"Mendham, NJ",79 out of 592,19 out of 269,4 out of 48, 75.16% Place: 55,20:33 Pace: 6:37,20:33,20:36
543,Collin Braun,M,16,"Cypress, CA",80 out of 592,61 out of 323,28 out of 41, 66.67% Place: 117,20:34 Pace: 6:37,20:34,20:38
528,Amanda Bastien,F,17,"Corona Del Mar, CA",81 out of 592,20 out of 269,11 out of 39, 73.56% Place: 71,20:34 Pace: 6:38,20:34,20:36
863,Brandon Willett,M,16,"Lakewood, CA",82 out of 592,62 out of 323,29 out of 41, 66.61% Place: 119,20:35 Pace: 6:38,20:35,20:39
1042,Annie Chan,F,16,"Irvine, CA",83 out of 592,21 out of 269,12 out of 39, 74.33% Place: 63,20:36 Pace: 6:38,20:36,20:39
788,Isaac Ruiz,M,14,"Pico Rivera, CA",84 out of 592,63 out of 323,6 out of 23, 68.91% Place: 102,20:36 Pace: 6:38,20:36,20:41
900,Alyssa Gutcher,F,14,"Irvine, CA",85 out of 592,22 out of 269,1 out of 29, 76.23% Place: 48,20:38 Pace: 6:39,20:38,20:41
737,Bob Murray,M,55,"Yorba Linda, CA",86 out of 592,64 out of 323,7 out of 49, 74.47% Place: 62,20:39 Pace: 6:39,20:39,20:44
668,Robert Kasper,M,16,"Cypress, CA",87 out of 592,65 out of 323,30 out of 41, 66.18% Place: 122,20:43 Pace: 6:40,20:43,20:47
617,Jeff Goodman,M,48,"Upland, CA",88 out of 592,66 out of 323,6 out of 58, 70.13% Place: 94,20:43 Pace: 6:40,20:43,20:52
540,Jolee Bonneval,F,17,"New Iberia, LA",89 out of 592,23 out of 269,13 out of 39, 72.68% Place: 76,20:49 Pace: 6:42,20:49,20:49
10533,Therese Shumaker,F,41,"Rochester, MN",90 out of 592,24 out of 269,5 out of 48, 73.96% Place: 65,20:53 Pace: 6:43,20:53,20:59
762,Jason Parral,M,32,"Norwalk, CA",91 out of 592,67 out of 323,9 out of 56, 61.32% Place: 161,21:13 Pace: 6:50,21:13,21:24
1064,Anet Meyer,F,49,"Tustin, CA",92 out of 592,25 out of 269,6 out of 48, 78.73% Place: 35,21:15 Pace: 6:51,21:15,21:24
534,Jeremy Berryman,M,40,"Long Beach, CA",93 out of 592,68 out of 323,7 out of 58, 64.18% Place: 143,21:17 Pace: 6:51,21:17,21:27
846,Daniel Vargas,M,12,"Pico Rivera, CA",94 out of 592,69 out of 323,7 out of 23, 69.74% Place: 96,21:20 Pace: 6:52,21:20,21:23
604,Dan Garten,M,46,"Buena Park, CA",95 out of 592,70 out of 323,8 out of 58, 66.90% Place: 114,21:22 Pace: 6:53,21:22,21:31
771,Gerardo Ramirez,M,21,"Cypress, CA",96 out of 592,71 out of 323,7 out of 50, 60.61% Place: 169,21:23 Pace: 6:53,21:23,21:35
792,Nica Sabouni,F,16,"Newport Coast, CA",97 out of 592,26 out of 269,14 out of 39, 71.22% Place: 88,21:30 Pace: 6:55,21:30,21:32
813,Sara Silverman,F,16,"Newport Beach, CA",98 out of 592,27 out of 269,15 out of 39, 71.22% Place: 87,21:30 Pace: 6:56,21:30,21:32
828,Jill St Geme,F,17,"Newport Beach, CA",99 out of 592,28 out of 269,16 out of 39, 70.36% Place: 92,21:30 Pace: 6:56,21:30,21:32
942,Kylie Walker,F,16,"Costa Mesa, CA",100 out of 592,29 out of 269,17 out of 39, 71.16% Place: 90,21:31 Pace: 6:56,21:31,21:32
624,Jay Harker,M,44,"Irvine, CA",101 out of 592,72 out of 323,9 out of 58, 65.38% Place: 128,21:32 Pace: 6:56,21:32,21:36
10522,Joshua Thatcher,M,15,"Irvine, CA",102 out of 592,73 out of 323,31 out of 41, 64.53% Place: 141,21:35 Pace: 6:57,21:35,21:44
1099,Linda Wirta,F,41,"Newport Coast, CA",103 out of 592,30 out of 269,7 out of 48, 71.29% Place: 85,21:40 Pace: 6:59,21:40,21:42
676,Samantha Knutsen,F,17,"Adelanto, CA",104 out of 592,31 out of 269,18 out of 39, 69.45% Place: 99,21:47 Pace: 7:01,21:47,21:51
597,Jesus Figueroa,M,58,"Moreno Valley, CA",105 out of 592,74 out of 323,8 out of 49, 72.27% Place: 80,21:50 Pace: 7:02,21:50,21:50
1050,Will Scott,M,24,"Camp Pendleton, CA",106 out of 592,75 out of 323,8 out of 50, 59.13% Place: 187,21:50 Pace: 7:02,21:50,21:59
806,Christina Schaub,F,14,"Lafayette, LA",107 out of 592,32 out of 269,2 out of 29, 71.28% Place: 86,22:04 Pace: 7:07,22:04,22:04
634,Shawn Dettmer,M,14,"Cypress, CA",108 out of 592,76 out of 323,8 out of 23, 64.23% Place: 142,22:06 Pace: 7:07,22:06,22:09
629,Robert Heins,M,13,"Cypress, CA",109 out of 592,77 out of 323,9 out of 23, 65.66% Place: 124,22:06 Pace: 7:07,22:06,22:13
655,Clinton Jamison,M,24,"Cypress, CA",110 out of 592,78 out of 323,9 out of 50, 58.11% Place: 197,22:13 Pace: 7:09,22:13,22:22
10578,Rick Joly,M,61,"Sun Valley, CA",111 out of 592,79 out of 323,3 out of 19, 72.73% Place: 75,22:16 Pace: 7:10,22:16,22:21
10608,Ellis Newton,M,14,", CA",112 out of 592,80 out of 323,10 out of 23, 63.60% Place: 147,22:19 Pace: 7:11,22:19,22:28
10567,Lucy Zukiga,F,50,"La Habra, CA",113 out of 592,33 out of 269,1 out of 25, 75.86% Place: 52,22:19 Pace: 7:11,22:19,22:26
10541,Ron Maurstad,M,61,"Cypress, CA",114 out of 592,81 out of 323,4 out of 19, 72.52% Place: 78,22:20 Pace: 7:12,22:20,22:31
10568,Jacob Hernandez,M,13,"Pico Rivera, CA",115 out of 592,82 out of 323,11 out of 23, 64.68% Place: 139,22:26 Pace: 7:14,22:26,22:26
679,Nina Law,F,48,"Long Beach, CA",116 out of 592,34 out of 269,8 out of 48, 73.41% Place: 72,22:31 Pace: 7:15,22:31,22:34
1006,Sharon Karpen,F,51,"Scottsdale, AZ",117 out of 592,35 out of 269,2 out of 25, 76.15% Place: 50,22:31 Pace: 7:15,22:31,22:53
628,Bill Hearn,M,59,"Long Beach, CA",118 out of 592,83 out of 323,9 out of 49, 70.20% Place: 93,22:40 Pace: 7:18,22:40,22:51
853,Robert Wagner,M,28,"Cypress, CA",119 out of 592,84 out of 323,10 out of 50, 56.79% Place: 207,22:44 Pace: 7:19,22:44,22:56
850,Brett Voeller,M,29,"Costa Mesa, CA",120 out of 592,85 out of 323,11 out of 50, 56.73% Place: 208,22:47 Pace: 7:20,22:47,22:58
625,Demetrius Harris,M,41,"Stanton, CA",121 out of 592,86 out of 323,10 out of 58, 60.40% Place: 172,22:47 Pace: 7:20,22:47,23:23
10536,Nicholas Troutman,M,18,"Cypress, CA",122 out of 592,87 out of 323,32 out of 41, 58.57% Place: 193,22:47 Pace: 7:20,22:47,22:54
715,Nicholas McDevitt,M,9,"Cypress, CA",123 out of 592,88 out of 323,1 out of 13, 71.76% Place: 82,22:48 Pace: 7:21,22:48,23:34
10520,David Ericson,M,51,"Whittier, CA",124 out of 592,89 out of 323,10 out of 49, 65.11% Place: 132,22:51 Pace: 7:22,22:51,23:11
578,Iradj Derakhshan,M,54,"Glendale, CA",125 out of 592,90 out of 323,11 out of 49, 66.67% Place: 118,22:52 Pace: 7:22,22:52,22:55
692,Ean Dettmer,M,10,"Cypress, CA",126 out of 592,91 out of 323,2 out of 13, 68.82% Place: 103,22:57 Pace: 7:24,22:57,23:02
698,Jeff Magallenes,M,40,"Los Alamitos, CA",127 out of 592,92 out of 323,11 out of 58, 58.75% Place: 190,23:15 Pace: 7:29,23:15,23:20
1030,Howard Bland,M,40,"Cypress, CA",128 out of 592,93 out of 323,12 out of 58, 58.67% Place: 191,23:17 Pace: 7:30,23:17,23:53
896,Emily Glenn,F,14,"Newport Beach, CA",129 out of 592,36 out of 269,3 out of 29, 67.50% Place: 108,23:18 Pace: 7:30,23:18,23:20
910,Sarah Light,F,16,"Newport Beach, CA",130 out of 592,37 out of 269,19 out of 39, 65.67% Place: 123,23:19 Pace: 7:31,23:19,23:21
1096,Alyssa Ivins,F,16,"Cypress, CA",131 out of 592,38 out of 269,20 out of 39, 65.52% Place: 127,23:22 Pace: 7:31,23:22,23:50
783,David Rojas,M,34,"West Covina, CA",132 out of 592,94 out of 323,10 out of 56, 55.97% Place: 219,23:27 Pace: 7:33,23:27,23:40
734,Bob Mosey,M,57,"Yorba Linda, CA",133 out of 592,95 out of 323,12 out of 49, 66.67% Place: 116,23:28 Pace: 7:33,23:28,23:35
888,Scott Ayres,M,35,"Irvine, CA",134 out of 592,96 out of 323,11 out of 56, 56.02% Place: 217,23:33 Pace: 7:35,23:33,23:40
665,Charles Jones,M,15,"Moorpark, CA",135 out of 592,97 out of 323,33 out of 41, 59.09% Place: 188,23:34 Pace: 7:35,23:34,23:51
780,Joseph Rodriguez,M,35,"Beaumont, CA",136 out of 592,98 out of 323,12 out of 56, 55.90% Place: 221,23:36 Pace: 7:36,23:36,23:53
781,Juan Rodriguez Daza,M,37,"Cypress, CA",137 out of 592,99 out of 323,13 out of 56, 56.57% Place: 213,23:37 Pace: 7:37,23:37,23:40
1073,Veronika Moralieva,F,16,"Irvine, CA",138 out of 592,39 out of 269,21 out of 39, 64.78% Place: 135,23:38 Pace: 7:37,23:38,23:47
1097,Amanda Seeverson,F,17,"Cypress, CA",139 out of 592,40 out of 269,22 out of 39, 63.87% Place: 146,23:41 Pace: 7:38,23:41,24:10
741,Enrico Nava Jr,M,28,"Los Angeles, CA",140 out of 592,100 out of 323,12 out of 50, 54.51% Place: 244,23:41 Pace: 7:38,23:41,24:29
1078,Gerald Tabb,M,50,"Tustin, CA",141 out of 592,101 out of 323,13 out of 49, 62.28% Place: 154,23:42 Pace: 7:38,23:42,23:55
1079,Marcos Tabb,M,14,"Tustin, CA",142 out of 592,102 out of 323,12 out of 23, 59.85% Place: 177,23:43 Pace: 7:38,23:43,23:56
612,Mario Gomez,M,17,"Cypress, CA",143 out of 592,103 out of 323,34 out of 41, 56.64% Place: 210,23:51 Pace: 7:41,23:51,23:51
10611,Eric Haley,M,37,"Long Beach, CA",144 out of 592,104 out of 323,14 out of 56, 55.90% Place: 222,23:54 Pace: 7:42,23:54,24:21
1070,George Varvas,M,63,"Irvine, CA",145 out of 592,105 out of 323,5 out of 19, 68.95% Place: 101,23:54 Pace: 7:42,23:54,24:04
10537,Bruce Troutman,M,56,"Cypress, CA",146 out of 592,106 out of 323,14 out of 49, 64.81% Place: 134,23:56 Pace: 7:43,23:56,24:08
798,Angel Sandoval,M,35,"Anaheim, CA",147 out of 592,107 out of 323,15 out of 56, 55.08% Place: 233,23:57 Pace: 7:43,23:57,24:01
790,Kevin Rummler,M,47,"Cypress, CA",148 out of 592,108 out of 323,13 out of 58, 60.13% Place: 174,23:58 Pace: 7:43,23:58,24:33
669,Molly Keasey,F,14,"Newport Beach, CA",149 out of 592,41 out of 269,4 out of 29, 65.58% Place: 126,23:59 Pace: 7:43,23:59,24:01
558,Wendy Chamberlain,F,27,"Las Vegas, NV",150 out of 592,42 out of 269,3 out of 45, 61.75% Place: 158,23:59 Pace: 7:43,23:59,24:03
640,Naomi Hobayan,F,24,"West Covina, CA",151 out of 592,43 out of 269,4 out of 45, 61.75% Place: 157,23:59 Pace: 7:44,23:59,24:12
903,Kyle Hordyk,M,13,"La Palma, CA",152 out of 592,109 out of 323,13 out of 23, 60.46% Place: 171,24:00 Pace: 7:44,24:00,24:13
10577,Jennifer Brevard,F,37,"Riverside, CA",153 out of 592,44 out of 269,4 out of 60, 62.85% Place: 153,24:01 Pace: 7:44,24:01,24:07
10704,Felipe Campiran,M,55,"Upland, CA",154 out of 592,110 out of 323,15 out of 49, 64.03% Place: 145,24:01 Pace: 7:44,24:01,24:28
833,Zachary Summers,M,17,"Bellflower, CA",155 out of 592,111 out of 323,35 out of 41, 56.21% Place: 215,24:02 Pace: 7:44,24:02,24:11
662,Kriss Johnson,F,46,"La Quinta, CA",156 out of 592,45 out of 269,9 out of 48, 66.99% Place: 112,24:06 Pace: 7:46,24:06,24:19
10553,Megan Satterfield,F,11,"Granada Hills, CA",157 out of 592,46 out of 269,5 out of 29, 68.64% Place: 106,24:15 Pace: 7:49,24:15,24:25
589,Bruce Edwards,M,36,"Aliso Viejo, CA",158 out of 592,112 out of 323,16 out of 56, 54.71% Place: 241,24:16 Pace: 7:49,24:16,24:20
794,Leanza Salas,F,16,"Lakewood, CA",159 out of 592,47 out of 269,23 out of 39, 63.09% Place: 151,24:16 Pace: 7:49,24:16,24:29
644,Larry Holmes,M,44,"Fullerton, CA",160 out of 592,113 out of 323,14 out of 58, 57.85% Place: 202,24:20 Pace: 7:50,24:20,24:26
569,Amber Cornelious,F,14,"Lynwood, CA",161 out of 592,48 out of 269,6 out of 29, 64.54% Place: 140,24:22 Pace: 7:51,24:22,24:36
568,Jon Copperthite,M,38,"Cypress, CA",162 out of 592,114 out of 323,17 out of 56, 55.20% Place: 231,24:23 Pace: 7:51,24:23,24:23
724,Alexander Miyoshi,M,15,"Buena Park, CA",163 out of 592,115 out of 323,36 out of 41, 57.00% Place: 204,24:26 Pace: 7:52,24:26,24:44
761,Joe Padilla,M,38,"Long Beach, CA",164 out of 592,116 out of 323,18 out of 56, 55.09% Place: 232,24:26 Pace: 7:52,24:26,24:54
944,Andrew Westlund,M,36,"Huntington Beach, CA",165 out of 592,117 out of 323,19 out of 56, 54.30% Place: 249,24:27 Pace: 7:53,24:27,24:49
845,Mark Valentino,M,26,"Los Angeles, CA",166 out of 592,118 out of 323,13 out of 50, 52.65% Place: 265,24:31 Pace: 7:54,24:31,24:48
10633,Ted Snavely,M,50,"Mentone, CA",167 out of 592,119 out of 323,16 out of 49, 60.08% Place: 175,24:34 Pace: 7:55,24:34,24:41
562,Jean Chung,F,42,"Long Beach, CA",168 out of 592,49 out of 269,10 out of 48, 63.34% Place: 149,24:34 Pace: 7:55,24:34,24:41
672,Kolby Keo,F,18,"Garden Grove, CA",169 out of 592,50 out of 269,24 out of 39, 60.84% Place: 167,24:37 Pace: 7:56,24:37,24:44
870,Maily Wong,F,12,"Mission Viejo, CA",170 out of 592,51 out of 269,7 out of 29, 66.19% Place: 121,24:37 Pace: 7:56,24:37,25:08
1041,Alexandra Henderson,F,13,"Irvine, CA",171 out of 592,52 out of 269,8 out of 29, 64.77% Place: 136,24:40 Pace: 7:57,24:40,24:50
661,Kathy Johnson,F,17,"Lakewood, CA",172 out of 592,53 out of 269,25 out of 39, 61.28% Place: 162,24:41 Pace: 7:57,24:41,24:55
10540,Julie Flaiz,F,0,"Irvine, CA",173 out of 592,54 out of 269,0 out of 0,24:45 Pace: 7:58,24:45,24:55
913,Shaun Merritt,M,39,"La Palma, CA",174 out of 592,120 out of 323,20 out of 56, 54.78% Place: 238,24:45 Pace: 7:58,24:45,24:54
653,Cathy Imai,F,38,"La Palma, CA",175 out of 592,55 out of 269,5 out of 60, 61.13% Place: 164,24:48 Pace: 7:59,24:48,24:57
735,Sr Bernadette Mota Fma,F,30,"Long Beach, CA",176 out of 592,56 out of 269,6 out of 60, 59.36% Place: 183,24:57 Pace: 8:02,24:57,25:08
596,Alyssa Fermin,F,20,"Cypress, CA",177 out of 592,57 out of 269,5 out of 45, 59.24% Place: 186,25:00 Pace: 8:03,25:00,25:21
731,Erica Morlok,F,31,"Aliso Viejo, CA",178 out of 592,58 out of 269,7 out of 60, 59.27% Place: 185,25:01 Pace: 8:03,25:01,25:30
842,Stephen Torres,M,33,"Long Beach, CA",179 out of 592,121 out of 323,21 out of 56, 52.13% Place: 277,25:03 Pace: 8:04,25:03,25:26
824,Kieron Spice,M,25,"Mission Viejo, CA",180 out of 592,122 out of 323,14 out of 50, 51.43% Place: 289,25:06 Pace: 8:05,25:06,26:16
10535,Simon Simpri,M,39,"Walnut, CA",181 out of 592,123 out of 323,22 out of 56, 53.91% Place: 253,25:09 Pace: 8:06,25:09,25:44
10527,Mike Milligan,M,33,"San Dimas, CA",182 out of 592,124 out of 323,23 out of 56, 51.89% Place: 278,25:10 Pace: 8:06,25:10,25:44
908,Jeannie Lastufka,F,50,"Whittier, CA",183 out of 592,59 out of 269,3 out of 25, 67.13% Place: 111,25:13 Pace: 8:07,25:13,25:19
514,Laura Ahrens,F,13,"Lafayette, LA",184 out of 592,60 out of 269,9 out of 29, 63.23% Place: 150,25:16 Pace: 8:08,25:16,25:22
935,Robert Sittman,M,20,"Cypress, CA",185 out of 592,125 out of 323,15 out of 50, 51.45% Place: 288,25:21 Pace: 8:10,25:21,25:41
805,Mark Schaffner,M,50,"Cypress, CA",186 out of 592,126 out of 323,17 out of 49, 58.03% Place: 200,25:26 Pace: 8:11,25:26,26:57
503,Juventino Luna,M,67,", ",187 out of 592,127 out of 323,6 out of 19, 67.21% Place: 110,25:26 Pace: 8:11,25:26,25:35
901,Kevin Hagerty,M,42,"Fountain Valley, CA",188 out of 592,128 out of 323,15 out of 58, 54.38% Place: 247,25:29 Pace: 8:12,25:29,26:23
583,Ben Draper,M,35,"La Palma, CA",189 out of 592,129 out of 323,24 out of 56, 51.60% Place: 283,25:34 Pace: 8:14,25:34,26:23
707,Myles Masui,M,55,"Cypress, CA",190 out of 592,130 out of 323,18 out of 49, 60.07% Place: 176,25:36 Pace: 8:15,25:36,25:56
602,Gerson Galdamez,M,14,"Buena Park, CA",191 out of 592,131 out of 323,14 out of 23, 55.40% Place: 229,25:37 Pace: 8:15,25:37,25:46
770,James Quintana,M,25,"Signal Hill, CA",192 out of 592,132 out of 323,16 out of 50, 50.33% Place: 305,25:39 Pace: 8:16,25:39,26:24
905,Lauren Kim,F,14,"Irvine, CA",193 out of 592,61 out of 269,10 out of 29, 61.15% Place: 163,25:43 Pace: 8:17,25:43,25:53
1059,Cathe Milward,F,55,"La Mirada, CA",194 out of 592,62 out of 269,4 out of 25, 69.96% Place: 95,25:49 Pace: 8:19,25:49,25:54
821,Jason Slagle,M,34,"La Habra, CA",195 out of 592,133 out of 323,25 out of 56, 50.64% Place: 298,25:55 Pace: 8:21,25:55,26:02
10545,Gary Dunlap,M,56,"Keller, TX",196 out of 592,134 out of 323,19 out of 49, 59.81% Place: 178,25:56 Pace: 8:21,25:56,26:04
917,Kyle Murray,M,18,"Cypress, CA",197 out of 592,135 out of 323,37 out of 41, 51.41% Place: 290,25:57 Pace: 8:21,25:57,26:10
592,Robert Entringer,M,50,"Cypress, CA",198 out of 592,136 out of 323,20 out of 49, 56.73% Place: 209,26:01 Pace: 8:23,26:01,26:13
711,Dona McBride,F,59,"Long Beach, CA",199 out of 592,63 out of 269,5 out of 25, 73.27% Place: 73,26:01 Pace: 8:23,26:01,26:09
10534,John Harper,M,77,"Seal Beach, CA",200 out of 592,137 out of 323,1 out of 8, 75.59% Place: 54,26:02 Pace: 8:23,26:02,26:08
700,Sal Mancilla,M,47,"Montclair, CA",201 out of 592,138 out of 323,16 out of 58, 55.28% Place: 230,26:04 Pace: 8:24,26:04,26:48
10503,Tony Lauber,M,41,"Anaheim, CA",202 out of 592,139 out of 323,17 out of 58, 52.75% Place: 264,26:05 Pace: 8:24,26:05,26:12
1057,Carlos Diaz,M,14,"Irvine, CA",203 out of 592,140 out of 323,15 out of 23, 54.41% Place: 246,26:05 Pace: 8:24,26:05,26:14
10708,Devin Fleming,M,12,", CA",204 out of 592,141 out of 323,16 out of 23, 56.92% Place: 206,26:08 Pace: 8:25,26:08,30:39
695,Jim Madsen,M,48,"Mission Viejo, CA",205 out of 592,142 out of 323,18 out of 58, 55.55% Place: 227,26:09 Pace: 8:25,26:09,26:22
515,Sarah Ahrens,F,16,"Lafayette, LA",206 out of 592,64 out of 269,26 out of 39, 58.40% Place: 194,26:13 Pace: 8:27,26:13,26:19
555,Kelnisha Castille,F,13,"Lafayette, LA",207 out of 592,65 out of 269,11 out of 29, 60.94% Place: 165,26:13 Pace: 8:27,26:13,26:19
699,Rosa Mancilla,F,45,"Montclair, CA",208 out of 592,66 out of 269,11 out of 48, 60.86% Place: 166,26:15 Pace: 8:27,26:15,26:58
633,Jack Hemphill,M,9,"Ladera Ranch, CA",209 out of 592,143 out of 323,3 out of 13, 62.25% Place: 155,26:17 Pace: 8:28,26:17,26:21
614,Jose Gonzalez,M,54,"Los Angeles, CA",210 out of 592,144 out of 323,21 out of 49, 57.88% Place: 201,26:20 Pace: 8:29,26:20,27:55
723,Linda Miller,F,59,"East Wenatchee, WA",211 out of 592,67 out of 269,6 out of 25, 72.30% Place: 79,26:22 Pace: 8:30,26:22,26:27
641,Sharon Hochgaesang,F,58,"Fullerton, CA",212 out of 592,68 out of 269,7 out of 25, 71.21% Place: 89,26:25 Pace: 8:30,26:25,26:31
581,Angelica Dominguez,F,14,"Lakewood, CA",213 out of 592,69 out of 269,12 out of 29, 59.46% Place: 180,26:27 Pace: 8:31,26:27,26:41
603,Adriana Garcia,F,15,"Long Beach, CA",214 out of 592,70 out of 269,27 out of 39, 58.64% Place: 192,26:27 Pace: 8:31,26:27,26:42
10580,Grace Kim,F,14,"Irvine, CA",215 out of 592,71 out of 269,13 out of 29, 59.42% Place: 182,26:28 Pace: 8:31,26:28,26:43
10589,Hannah O'Connor,F,13,"Irvine, CA",216 out of 592,72 out of 269,14 out of 29, 60.29% Place: 173,26:30 Pace: 8:32,26:30,26:45
587,Jonathan Eastin,M,33,"Stanton, CA",217 out of 592,145 out of 323,26 out of 56, 49.25% Place: 320,26:31 Pace: 8:32,26:31,26:56
565,Steve Coler,M,62,"Cypress, CA",218 out of 592,146 out of 323,7 out of 19, 61.49% Place: 159,26:33 Pace: 8:33,26:33,26:37
642,Rachel Hochgesang,F,35,"Fullerton, CA",219 out of 592,73 out of 269,8 out of 60, 56.31% Place: 214,26:34 Pace: 8:33,26:34,26:51
10551,Jennifer Sproha,F,28,"Garden Grove, CA",220 out of 592,74 out of 269,6 out of 45, 55.71% Place: 225,26:35 Pace: 8:34,26:35,26:57
584,Heather Dreessen,F,31,"Moreno Valley, CA",221 out of 592,75 out of 269,9 out of 60, 55.67% Place: 226,26:38 Pace: 8:35,26:38,27:07
10585,Emily Toberty,F,14,"Irvine, CA",222 out of 592,76 out of 269,15 out of 29, 59.05% Place: 189,26:38 Pace: 8:35,26:38,26:54
536,Bob Blum,M,71,"Cypress, CA",223 out of 592,147 out of 323,2 out of 8, 66.94% Place: 113,26:41 Pace: 8:36,26:41,26:53
916,Sandy Mineses,F,34,"Cypress, CA",224 out of 592,77 out of 269,10 out of 60, 55.77% Place: 224,26:44 Pace: 8:37,26:44,26:51
1100,Frank Alonzo,M,48,"La Palma, CA",225 out of 592,148 out of 323,19 out of 58, 54.10% Place: 251,26:51 Pace: 8:39,26:51,26:51
738,Jeff Napper,M,52,"Cypress, CA",226 out of 592,149 out of 323,22 out of 49, 55.80% Place: 223,26:52 Pace: 8:39,26:52,27:08
126,Michaela Herbon,F,30,"Cerritos, CA",227 out of 592,78 out of 269,11 out of 60, 55.05% Place: 235,26:54 Pace: 8:40,26:54,27:32
899,Karyn Grime,F,47,"Pasadena, CA",228 out of 592,79 out of 269,12 out of 48, 60.51% Place: 170,26:59 Pace: 8:42,26:59,27:23
832,Lucy Suarez,F,27,"Anaheim, CA",229 out of 592,80 out of 269,7 out of 45, 54.85% Place: 237,27:00 Pace: 8:42,27:00,27:03
921,Pieter Nauta,M,30,"Cypress, CA",230 out of 592,150 out of 323,27 out of 56, 47.93% Place: 342,27:00 Pace: 8:42,27:00,28:00
800,Gino Santo,M,8,"Anaheim, CA",231 out of 592,151 out of 323,4 out of 13, 63.02% Place: 152,27:01 Pace: 8:42,27:01,27:09
801,Joe Santo,M,43,"Anaheim, CA",232 out of 592,152 out of 323,20 out of 58, 51.73% Place: 281,27:01 Pace: 8:42,27:01,27:09
857,Jimmy Watson,M,17,"Buena Park, CA",233 out of 592,153 out of 323,38 out of 41, 49.97% Place: 313,27:02 Pace: 8:43,27:02,27:23
10508,Greg Navarrette,M,52,"La Mirada, CA",234 out of 592,154 out of 323,23 out of 49, 55.02% Place: 236,27:15 Pace: 8:47,27:15,27:30
598,Scott Finnegan,M,41,"Anaheim, CA",235 out of 592,155 out of 323,21 out of 58, 50.49% Place: 304,27:15 Pace: 8:47,27:15,27:28
687,Ethan Lipman,M,49,"Lakewood, CA",236 out of 592,156 out of 323,22 out of 58, 53.70% Place: 254,27:16 Pace: 8:47,27:16,28:03
897,Brendan Glynn,M,40,"Cypress, CA",237 out of 592,157 out of 323,23 out of 58, 50.06% Place: 311,27:17 Pace: 8:47,27:17,27:34
10634,Anisha Fenske,F,8,"Buena Park, CA",238 out of 592,81 out of 269,1 out of 6, 66.44% Place: 120,27:17 Pace: 8:47,27:17,27:40
580,Kevin Dillard,M,40,"Cypress, CA",239 out of 592,158 out of 323,24 out of 58, 50.03% Place: 312,27:18 Pace: 8:48,27:18,28:00
1047,Chris Pilgrim,M,31,"29 Palms, CA",240 out of 592,159 out of 323,28 out of 56, 47.38% Place: 352,27:23 Pace: 8:49,27:23,28:57
1048,Brantley Friend,M,33,"Oceanside, CA",241 out of 592,160 out of 323,29 out of 56, 47.69% Place: 346,27:23 Pace: 8:49,27:23,28:56
545,Ed Buch,M,62,"Cypress, CA",242 out of 592,161 out of 323,8 out of 19, 59.44% Place: 181,27:28 Pace: 8:51,27:28,28:09
577,Laura Denevan,F,43,"Cypress, CA",243 out of 592,82 out of 269,13 out of 48, 56.58% Place: 212,27:44 Pace: 8:56,27:44,28:07
620,Sean Hagerty,M,42,"Cypress, CA",244 out of 592,162 out of 323,25 out of 58, 49.85% Place: 316,27:48 Pace: 8:57,27:48,28:40
703,Dinah Maroney,F,36,"Cypress, CA",245 out of 592,83 out of 269,12 out of 60, 54.02% Place: 252,27:49 Pace: 8:57,27:49,28:08
1011,Ryan Size,M,29,"Yorba Linda, CA",246 out of 592,163 out of 323,17 out of 50, 46.43% Place: 373,27:50 Pace: 8:58,27:50,28:49
1025,Sunny Dang,M,27,"Westminster, CA",247 out of 592,164 out of 323,18 out of 50, 46.38% Place: 375,27:50 Pace: 8:58,27:50,28:49
1009,Justin Ortega,M,25,"Irvine, CA",248 out of 592,165 out of 323,19 out of 50, 46.38% Place: 374,27:50 Pace: 8:58,27:50,28:48
1019,James Michaud,M,31,"Rancho Santa Margarita, CA",249 out of 592,166 out of 323,30 out of 56, 46.61% Place: 367,27:50 Pace: 8:58,27:50,28:50
1027,Darin Upstill,M,38,"Huntington Beach, CA",250 out of 592,167 out of 323,31 out of 56, 48.35% Place: 330,27:50 Pace: 8:58,27:50,28:47
670,Adam Kelley,M,32,"Cypress, CA",251 out of 592,168 out of 323,32 out of 56, 46.73% Place: 362,27:50 Pace: 8:58,27:50,28:08
1026,Jared Price,M,26,"Long Beach, CA",252 out of 592,169 out of 323,20 out of 50, 46.35% Place: 378,27:51 Pace: 8:58,27:51,28:49
1008,Mark Hamilton,M,22,"Newport Beach, CA",253 out of 592,170 out of 323,21 out of 50, 46.35% Place: 382,27:51 Pace: 8:58,27:51,28:49
1017,Shaun Krogman,M,25,"Rancho Santa Margarita, CA",254 out of 592,171 out of 323,22 out of 50, 46.35% Place: 380,27:51 Pace: 8:58,27:51,28:49
1020,Joshua Orthel,M,34,"Lakewood, CA",255 out of 592,172 out of 323,33 out of 56, 47.13% Place: 356,27:51 Pace: 8:58,27:51,28:48
1007,Matt Bernhardt,M,21,"Newport Coast, CA",256 out of 592,173 out of 323,23 out of 50, 46.53% Place: 371,27:51 Pace: 8:58,27:51,28:48
1022,Jonathan Boyce,M,24,"Lake Forest, CA",257 out of 592,174 out of 323,24 out of 50, 46.35% Place: 379,27:51 Pace: 8:58,27:51,28:47
1014,Steven Parrish,M,23,"Lakewood, CA",258 out of 592,175 out of 323,25 out of 50, 46.35% Place: 377,27:51 Pace: 8:58,27:51,28:49
1018,Roger Maniago,M,27,"Downey, CA",259 out of 592,176 out of 323,26 out of 50, 46.35% Place: 381,27:51 Pace: 8:58,27:51,28:49
23,Russ Barkwelew,M,53,"Long Beach, CA",260 out of 592,177 out of 323,24 out of 49, 54.31% Place: 248,27:51 Pace: 8:58,27:51,28:51
1024,Jeremy Casum,M,23,"Fountain Valley, CA",261 out of 592,178 out of 323,27 out of 50, 46.32% Place: 385,27:52 Pace: 8:58,27:52,28:48
1023,Brian Casteel,M,27,"Dana Point, CA",262 out of 592,179 out of 323,28 out of 50, 46.32% Place: 384,27:52 Pace: 8:59,27:52,28:47
1010,Daniel Inman,M,27,"Torrance, CA",263 out of 592,180 out of 323,29 out of 50, 46.32% Place: 386,27:52 Pace: 8:59,27:52,28:50
1015,Brendan Pefley,M,21,"Cypress, CA",264 out of 592,181 out of 323,30 out of 50, 46.50% Place: 372,27:52 Pace: 8:59,27:52,28:48
1016,Terrik Clark,M,32,"Corona, CA",265 out of 592,182 out of 323,34 out of 56, 46.65% Place: 365,27:53 Pace: 8:59,27:53,28:48
1013,Cory Barrow,M,28,"Laguna Hills, CA",266 out of 592,183 out of 323,31 out of 50, 46.29% Place: 388,27:53 Pace: 8:59,27:53,28:49
1012,Candace Teague,F,23,"Westminster, CA",267 out of 592,84 out of 269,8 out of 45, 53.11% Place: 259,27:53 Pace: 8:59,27:53,28:50
1021,Eric Axe,M,27,"Huntington Beach, CA",268 out of 592,184 out of 323,32 out of 50, 46.24% Place: 392,27:55 Pace: 8:59,27:55,28:50
937,Lindsey Nikki Thornburg,F,16,"Cypress, CA",269 out of 592,85 out of 269,28 out of 39, 54.74% Place: 240,27:58 Pace: 9:00,27:58,28:05
686,Alex Li,M,26,"Cypress, CA",270 out of 592,185 out of 323,33 out of 50, 46.15% Place: 395,27:58 Pace: 9:01,27:58,27:58
858,Tyler Weaver,M,6,"ALISO VIEJO, CA",271 out of 592,186 out of 323,5 out of 13, 66.87% Place: 115,27:59 Pace: 9:01,27:59,28:29
773,Kevin Rice,M,19,"Cypress, CA",272 out of 592,187 out of 323,34 out of 50, 47.14% Place: 355,27:59 Pace: 9:01,27:59,28:04
789,Mark Ruiz,M,24,"Whittier, CA",273 out of 592,188 out of 323,35 out of 50, 46.04% Place: 399,28:02 Pace: 9:02,28:02,28:34
736,Laura Munley,F,12,"Cypress, CA",274 out of 592,86 out of 269,16 out of 29, 58.05% Place: 199,28:04 Pace: 9:02,28:04,28:10
516,Janice Akins,F,54,"Cypress, CA",275 out of 592,87 out of 269,8 out of 25, 63.35% Place: 148,28:07 Pace: 9:03,28:07,28:30
931,Samantha Sandzimier,F,14,"Irvine, CA",276 out of 592,88 out of 269,17 out of 29, 55.93% Place: 220,28:07 Pace: 9:03,28:07,28:16
713,Farrah McCrillis,F,31,"Lakewood, CA",277 out of 592,89 out of 269,13 out of 60, 52.57% Place: 267,28:12 Pace: 9:05,28:12,28:27
928,Mayra Reyes,F,26,"South Gate, CA",278 out of 592,90 out of 269,9 out of 45, 52.48% Place: 270,28:13 Pace: 9:05,28:13,28:27
873,Alex Yam,M,13,"Cypress, CA",279 out of 592,189 out of 323,17 out of 23, 51.39% Place: 292,28:14 Pace: 9:06,28:14,28:32
730,Sid Singh,M,40,"Cypress, CA",280 out of 592,190 out of 323,26 out of 58, 48.32% Place: 332,28:16 Pace: 9:06,28:16,29:07
740,Sheila Nardelli,F,30,"Buena Park, CA",281 out of 592,91 out of 269,14 out of 60, 52.36% Place: 273,28:17 Pace: 9:06,28:17,28:36
10579,Kathy Joly,F,60,"Sun Valley, CA",282 out of 592,92 out of 269,1 out of 8, 68.36% Place: 107,28:18 Pace: 9:07,28:18,28:33
784,Jennifer Rollins,F,25,"Los Angeles, CA",283 out of 592,93 out of 269,10 out of 45, 52.33% Place: 274,28:18 Pace: 9:07,28:18,28:34
674,Franjo Kneefel,M,35,"Irvine, CA",284 out of 592,191 out of 323,35 out of 56, 46.53% Place: 370,28:21 Pace: 9:08,28:21,29:13
663,Rob Johnson,M,53,"Cypress, CA",285 out of 592,192 out of 323,25 out of 49, 53.32% Place: 257,28:22 Pace: 9:08,28:22,29:21
10636,Anthony Nasser,M,31,"Buena Park, CA",286 out of 592,193 out of 323,36 out of 56, 45.74% Place: 408,28:22 Pace: 9:08,28:22,28:51
1089,Luke Farnell,M,30,"Anaheim, CA",287 out of 592,194 out of 323,37 out of 56, 45.46% Place: 413,28:28 Pace: 9:10,28:28,28:37
893,Patti Christoff,F,48,"Newport Beach, CA",288 out of 592,94 out of 269,14 out of 48, 58.06% Place: 198,28:28 Pace: 9:10,28:28,29:04
878,Justin Yik,M,10,"Cypress, CA",289 out of 592,195 out of 323,6 out of 13, 55.48% Place: 228,28:28 Pace: 9:10,28:28,28:45
866,Rhonda Williams,F,43,"Aliso Viejo, CA",290 out of 592,95 out of 269,15 out of 48, 55.06% Place: 234,28:30 Pace: 9:11,28:30,28:43
611,Gabriel Gomez,M,16,"Cypress, CA",291 out of 592,196 out of 323,39 out of 41, 48.07% Place: 339,28:31 Pace: 9:11,28:31,28:31
733,Michelle Morris,F,26,"Bartlesville, OK",292 out of 592,96 out of 269,11 out of 45, 51.84% Place: 279,28:34 Pace: 9:12,28:34,29:11
750,Alyssa Nunez,F,16,"Pico Rivera, CA",293 out of 592,97 out of 269,29 out of 39, 53.40% Place: 255,28:40 Pace: 9:14,28:40,29:23
843,Rob Trester,M,47,"Rancho Palos Verdes, CA",294 out of 592,197 out of 323,27 out of 58, 50.23% Place: 308,28:41 Pace: 9:14,28:41,28:53
1034,Katie Briggs,F,14,"Peoria, AZ",295 out of 592,98 out of 269,18 out of 29, 54.76% Place: 239,28:43 Pace: 9:15,28:43,29:22
941,Maria Vilches,F,27,"Fontana, CA",296 out of 592,99 out of 269,12 out of 45, 51.54% Place: 287,28:44 Pace: 9:15,28:44,29:40
823,Barbie Spatz,F,62,"Long Beach, CA",297 out of 592,100 out of 269,2 out of 8, 69.26% Place: 100,28:45 Pace: 9:16,28:45,29:07
743,Jason Nguyen,M,29,"Garden Grove, CA",298 out of 592,198 out of 323,36 out of 50, 44.93% Place: 420,28:46 Pace: 9:16,28:46,28:46
929,Robert Reyes,M,24,"South Gate, CA",299 out of 592,199 out of 323,37 out of 50, 44.87% Place: 422,28:46 Pace: 9:16,28:46,29:00
10610,Rickster Chstro,M,53,"Walnut, CA",300 out of 592,200 out of 323,26 out of 49, 52.46% Place: 271,28:50 Pace: 9:17,28:50,29:56
751,Rosemary Nunez,F,46,"Pico Rivera, CA",301 out of 592,101 out of 269,16 out of 48, 55.99% Place: 218,28:50 Pace: 9:17,28:50,29:33
795,Edward Salkin,M,78,"Corona Del Mar, CA",302 out of 592,201 out of 323,3 out of 8, 69.65% Place: 97,28:51 Pace: 9:17,28:51,28:55
10569,Mary Medina,F,58,"Downey, CA",303 out of 592,102 out of 269,9 out of 25, 65.05% Place: 133,28:55 Pace: 9:19,28:55,28:59
605,Derek Gee,M,12,"Diamond Bar, CA",304 out of 592,202 out of 323,18 out of 23, 51.41% Place: 291,28:56 Pace: 9:19,28:56,29:50
10601,Steve Alonzo,M,55,"Chino Hills, CA",305 out of 592,203 out of 323,27 out of 49, 53.14% Place: 258,28:56 Pace: 9:19,28:56,29:19
1082,Jay Gardener,M,50,"Cypress, CA",306 out of 592,204 out of 323,28 out of 49, 50.75% Place: 297,29:05 Pace: 9:22,29:05,29:59
10566,Alan Adams,M,66,"Newport Beach, CA",307 out of 592,205 out of 323,9 out of 19, 58.12% Place: 196,29:09 Pace: 9:23,29:09,29:17
579,Hilary Dillard,F,39,"Cypress, CA",308 out of 592,103 out of 269,15 out of 60, 52.26% Place: 276,29:10 Pace: 9:23,29:10,29:51
709,Jonathan Matson,M,51,"Cypress, CA",309 out of 592,206 out of 323,29 out of 49, 50.86% Place: 296,29:15 Pace: 9:25,29:15,29:25
867,Stacey Williams,F,35,"Cypress, CA",310 out of 592,104 out of 269,16 out of 60, 51.08% Place: 295,29:16 Pace: 9:26,29:16,29:51
656,Colin Jamora,M,38,"San Diego, CA",311 out of 592,207 out of 323,38 out of 56, 45.96% Place: 400,29:17 Pace: 9:26,29:17,29:30
529,Stephen Bear,M,40,"San Pedro, CA",312 out of 592,208 out of 323,28 out of 58, 46.53% Place: 369,29:21 Pace: 9:27,29:21,29:37
799,Veronica Sandoval,F,32,"Whittier, CA",313 out of 592,105 out of 269,17 out of 60, 50.57% Place: 301,29:21 Pace: 9:27,29:21,29:47
481,Christy Torres,F,33,"Long Beach, CA",314 out of 592,106 out of 269,18 out of 60, 50.62% Place: 299,29:23 Pace: 9:28,29:23,29:27
1051,Kyle Humphries,M,21,"Camp Pendleton, CA",315 out of 592,209 out of 323,38 out of 50, 44.10% Place: 428,29:23 Pace: 9:28,29:23,29:32
523,Carie Bahorski,F,51,"Long Beach, CA",316 out of 592,107 out of 269,10 out of 25, 58.24% Place: 195,29:26 Pace: 9:29,29:26,29:43
524,John Bahorski,M,51,"Long Beach, CA",317 out of 592,210 out of 323,30 out of 49, 50.51% Place: 303,29:27 Pace: 9:29,29:27,29:44
645,William Holt,M,45,"Cypress, CA",318 out of 592,211 out of 323,29 out of 58, 48.19% Place: 338,29:27 Pace: 9:29,29:27,29:53
912,Meghan McCall,F,34,"Costa Mesa, CA",319 out of 592,108 out of 269,19 out of 60, 50.59% Place: 300,29:28 Pace: 9:30,29:28,30:09
567,Eryn Copperthite,F,37,"Cypress, CA",320 out of 592,109 out of 269,20 out of 60, 51.19% Place: 293,29:29 Pace: 9:30,29:29,30:13
585,Meagan Drury,F,16,"Lafayette, LA",321 out of 592,110 out of 269,30 out of 39, 51.57% Place: 285,29:41 Pace: 9:34,29:41,29:48
720,Linda McKndley,F,35,"Buena Park, CA",322 out of 592,111 out of 269,21 out of 60, 50.25% Place: 307,29:46 Pace: 9:35,29:46,30:44
518,Jim Alverson,M,41,"Falls Church, VA",323 out of 592,212 out of 323,30 out of 58, 46.14% Place: 396,29:49 Pace: 9:36,29:49,30:40
511,Tomiko Abe,F,34,"Seal Beach, CA",324 out of 592,112 out of 269,22 out of 60, 49.92% Place: 314,29:52 Pace: 9:37,29:52,30:08
884,Evan Anderson,M,27,"Long Beach, CA",325 out of 592,213 out of 323,39 out of 50, 43.22% Place: 446,29:52 Pace: 9:37,29:52,30:16
10502,Maureen Smith,F,36,"Stanton, CA",326 out of 592,113 out of 269,23 out of 60, 50.31% Place: 306,29:52 Pace: 9:37,29:52,30:20
911,Tamee Mackay,F,33,"Buena Park, CA",327 out of 592,114 out of 269,24 out of 60, 49.47% Place: 319,30:04 Pace: 9:41,30:04,30:14
862,Diane Westermann,F,61,"Anaheim, CA",328 out of 592,115 out of 269,3 out of 8, 65.12% Place: 131,30:07 Pace: 9:42,30:07,30:41
696,Samantha Madsen,F,13,"Mission Viejo, CA",329 out of 592,116 out of 269,19 out of 29, 53.02% Place: 260,30:08 Pace: 9:42,30:08,31:19
10552,Travis Sproha,M,36,"Garden Grove, CA",330 out of 592,214 out of 323,39 out of 56, 44.05% Place: 430,30:08 Pace: 9:42,30:08,30:30
938,Paul Tiongson,M,25,"Los Angeles, CA",331 out of 592,215 out of 323,40 out of 50, 42.83% Place: 451,30:08 Pace: 9:42,30:08,30:57
10591,Robert Campoy,M,53,"Cypress, CA",332 out of 592,216 out of 323,31 out of 49, 50.17% Place: 309,30:09 Pace: 9:43,30:09,30:17
768,Steven Pilawski,M,35,"Rancho Cucamonga, CA",333 out of 592,217 out of 323,40 out of 56, 43.75% Place: 435,30:09 Pace: 9:43,30:09,30:27
535,Teresa Berryman,F,38,"Long Beach, CA",334 out of 592,117 out of 269,25 out of 60, 50.17% Place: 310,30:12 Pace: 9:44,30:12,30:25
664,Wayne Jonas,M,63,"Mission Viejo, CA",335 out of 592,218 out of 323,10 out of 19, 54.53% Place: 243,30:13 Pace: 9:44,30:13,30:38
556,Richie Castro,M,33,"Norwalk, CA",336 out of 592,219 out of 323,41 out of 56, 43.19% Place: 447,30:14 Pace: 9:44,30:14,31:03
872,Kristine Wood,F,51,"Cypress, CA",337 out of 592,118 out of 269,11 out of 25, 56.61% Place: 211,30:17 Pace: 9:45,30:17,30:35
643,Tim Hohmann,M,50,"Cypress, CA",338 out of 592,220 out of 323,32 out of 49, 48.71% Place: 326,30:18 Pace: 9:46,30:18,31:16
791,Neysa Rummler,F,43,"Cypress, CA",339 out of 592,119 out of 269,17 out of 48, 51.79% Place: 280,30:18 Pace: 9:46,30:18,30:55
10575,Megan Homer,F,28,"Huntington Beach, CA",340 out of 592,120 out of 269,13 out of 45, 48.84% Place: 324,30:19 Pace: 9:46,30:19,30:56
594,David Erickson,M,48,"Cypress, CA",341 out of 592,221 out of 323,31 out of 58, 47.91% Place: 343,30:19 Pace: 9:46,30:19,31:22
618,Troy Gross,M,15,"Huntington Beach, CA",342 out of 592,222 out of 323,40 out of 41, 45.88% Place: 403,30:21 Pace: 9:46,30:21,31:35
749,Victoria Northup,F,34,"Orange, CA",343 out of 592,121 out of 269,26 out of 60, 49.12% Place: 321,30:21 Pace: 9:47,30:21,31:43
533,Roy W Benstead,M,74,"Seal Beach, CA",344 out of 592,223 out of 323,4 out of 8, 61.39% Place: 160,30:22 Pace: 9:47,30:22,30:33
748,Geoff Northup,M,35,"Orange, CA",345 out of 592,224 out of 323,42 out of 56, 43.41% Place: 441,30:23 Pace: 9:47,30:23,31:43
769,Ken Purucker,M,0,"Seal Beach, CA",346 out of 592,225 out of 323,0 out of 0,30:23 Pace: 9:47,30:23,30:33
755,Maria Odvitovic,F,22,"San Pedro, CA",347 out of 592,122 out of 269,14 out of 45, 48.58% Place: 327,30:29 Pace: 9:49,30:29,31:32
1005,Brian Tunnicliff,M,26,"Long Beach, CA",348 out of 592,226 out of 323,41 out of 50, 42.34% Place: 463,30:29 Pace: 9:49,30:29,31:32
717,Rebecca McDevitt,F,8,"Cypress, CA",349 out of 592,123 out of 269,2 out of 6, 59.33% Place: 184,30:33 Pace: 9:50,30:33,31:18
693,Kayoko Macinnes,F,53,"Los Alamitos, CA",350 out of 592,124 out of 269,12 out of 25, 57.49% Place: 203,30:36 Pace: 9:51,30:36,31:32
930,Rebecca Salyards,F,27,"Huntington Beach, CA",351 out of 592,125 out of 269,15 out of 45, 48.31% Place: 333,30:39 Pace: 9:52,30:39,31:16
552,Jessica Byamuicama,F,28,"Anaheim, CA",352 out of 592,126 out of 269,16 out of 45, 48.29% Place: 334,30:40 Pace: 9:53,30:40,30:48
834,Richard Tamoush,M,74,"Yorba Linda, CA",353 out of 592,227 out of 323,5 out of 8, 60.76% Place: 168,30:41 Pace: 9:53,30:41,30:49
744,Jessica Nguyen,F,33,"La Palma, CA",354 out of 592,127 out of 269,27 out of 60, 48.37% Place: 328,30:45 Pace: 9:54,30:45,31:01
654,Lupe Jackson,F,56,"West Covina, CA",355 out of 592,128 out of 269,13 out of 25, 59.49% Place: 179,30:45 Pace: 9:54,30:45,31:34
1088,Glen Lacer,M,48,"Cypress, CA",356 out of 592,228 out of 323,32 out of 58, 47.03% Place: 358,30:53 Pace: 9:57,30:53,31:41
1090,Beth Ernst,F,47,"Murrieta, CA",357 out of 592,129 out of 269,18 out of 48, 52.80% Place: 263,30:55 Pace: 9:57,30:55,31:24
680,Hanh Le,F,34,"Anaheim, CA",358 out of 592,130 out of 269,28 out of 60, 48.19% Place: 337,30:56 Pace: 9:58,30:56,31:04
526,Solomon Baird,M,46,"Cypress, CA",359 out of 592,229 out of 323,33 out of 58, 46.17% Place: 394,30:57 Pace: 9:58,30:57,31:41
851,Amanda Von Gries,F,13,"Cypress, CA",360 out of 592,131 out of 269,20 out of 29, 51.62% Place: 282,30:57 Pace: 9:58,30:57,30:57
525,Luke Baird,M,12,"Cypress, CA",361 out of 592,230 out of 323,19 out of 23, 48.03% Place: 340,30:58 Pace: 9:58,30:58,31:42
551,Donna Burba,F,50,"Cypress, CA",362 out of 592,132 out of 269,14 out of 25, 54.63% Place: 242,30:59 Pace: 9:59,30:59,31:36
860,Mike Wendt,M,62,"Huntington Beach, CA",363 out of 592,231 out of 323,11 out of 19, 52.55% Place: 268,31:04 Pace: 10:00,31:04,31:29
1085,Greg Portugal,M,47,"Cypress, CA",364 out of 592,232 out of 323,34 out of 58, 46.28% Place: 390,31:08 Pace: 10:01,31:08,32:15
17,Danielle Armbrust,F,31,"Long Beach, CA",365 out of 592,133 out of 269,29 out of 60, 47.59% Place: 349,31:09 Pace: 10:02,31:09,31:13
1356,Katie Kneefel,F,12,"Irvine, CA",366 out of 592,134 out of 269,21 out of 29, 52.27% Place: 275,31:10 Pace: 10:02,31:10,32:02
892,George Christoff,M,51,"Newport Beach, CA",367 out of 592,233 out of 323,33 out of 49, 47.73% Place: 344,31:10 Pace: 10:02,31:10,32:22
1086,Joseph Kilpatrick,M,9,"Anaheim, CA",368 out of 592,234 out of 323,7 out of 13, 52.40% Place: 272,31:13 Pace: 10:03,31:13,31:36
210,Marie Mora,F,29,"Buena Park, CA",369 out of 592,135 out of 269,17 out of 45, 47.31% Place: 354,31:18 Pace: 10:05,31:18,31:46
816,Teagan Sirset,F,11,"Orange, CA",370 out of 592,136 out of 269,22 out of 29, 52.89% Place: 262,31:28 Pace: 10:08,31:28,31:53
818,Tor Sirset,M,45,"Orange, CA",371 out of 592,235 out of 323,35 out of 58, 45.10% Place: 415,31:28 Pace: 10:08,31:28,31:53
918,Kei Nagata,M,39,"Rolling Hills Estates, CA",372 out of 592,236 out of 323,43 out of 56, 42.99% Place: 450,31:32 Pace: 10:09,31:32,31:57
621,Scott Hales,M,30,"Cypress, CA",373 out of 592,237 out of 323,44 out of 56, 40.99% Place: 479,31:34 Pace: 10:10,31:34,32:25
890,Leona Charles,F,35,"Fontana, CA",374 out of 592,137 out of 269,30 out of 60, 47.31% Place: 353,31:37 Pace: 10:11,31:37,32:32
554,Laurmer Carol,F,0,"Redondo Beach, CA",375 out of 592,138 out of 269,0 out of 0,31:40 Pace: 10:12,31:40,32:05
716,Patrick McDevitt,M,40,"Cypress, CA",376 out of 592,238 out of 323,36 out of 58, 43.08% Place: 448,31:42 Pace: 10:12,31:42,32:28
64,Hyesoo Chung,F,15,"Cypress, CA",377 out of 592,139 out of 269,31 out of 39, 48.90% Place: 323,31:43 Pace: 10:13,31:43,32:19
915,Vince Mesa,M,37,"Cypress, CA",378 out of 592,239 out of 323,45 out of 56, 42.09% Place: 465,31:44 Pace: 10:13,31:44,31:49
914,Maria Mesa,F,40,"Cypress, CA",379 out of 592,140 out of 269,19 out of 48, 48.34% Place: 331,31:44 Pace: 10:13,31:44,31:49
904,Andrew Imparato,M,38,"Fullerton, CA",380 out of 592,240 out of 323,46 out of 56, 42.38% Place: 461,31:45 Pace: 10:13,31:45,32:27
934,James Shearer,M,29,"Los Angeles, CA",381 out of 592,241 out of 323,42 out of 50, 40.64% Place: 484,31:48 Pace: 10:14,31:48,32:48
728,Marisa Moir,F,17,"Cypress, CA",382 out of 592,141 out of 269,32 out of 39, 47.49% Place: 351,31:51 Pace: 10:15,31:51,32:41
894,Julio Fernandez,M,43,"Cypress, CA",383 out of 592,242 out of 323,37 out of 58, 43.78% Place: 434,31:54 Pace: 10:17,31:54,33:05
807,Nick Scher,M,49,"Cypress, CA",384 out of 592,243 out of 323,38 out of 58, 45.82% Place: 404,31:57 Pace: 10:17,31:57,32:25
829,Cara Stewart,F,40,"Cypress, CA",385 out of 592,142 out of 269,20 out of 48, 47.99% Place: 341,31:58 Pace: 10:18,31:58,33:10
793,Erwin Saenz,M,24,"Long Beach, CA",386 out of 592,244 out of 323,43 out of 50, 40.38% Place: 486,31:58 Pace: 10:18,31:58,31:58
814,John Singer,M,69,", ",387 out of 592,245 out of 323,12 out of 19, 54.45% Place: 245,32:02 Pace: 10:19,32:02,32:23
10521,Mark Huang,M,47,"Walnut, CA",388 out of 592,246 out of 323,39 out of 58, 44.93% Place: 419,32:04 Pace: 10:20,32:04,32:31
678,Chuck Laine,M,66,"Whittier, CA",389 out of 592,247 out of 323,13 out of 19, 52.64% Place: 266,32:11 Pace: 10:22,32:11,32:38
632,Ross Helbling,M,42,"Buena Park, CA",390 out of 592,248 out of 323,40 out of 58, 43.06% Place: 449,32:11 Pace: 10:22,32:11,32:17
626,James Harris,M,72,"La Mirada, CA",391 out of 592,249 out of 323,6 out of 8, 56.10% Place: 216,32:15 Pace: 10:23,32:15,33:20
666,Marlene Jones,F,31,"Stanton, CA",392 out of 592,143 out of 269,31 out of 60, 45.94% Place: 401,32:16 Pace: 10:23,32:16,33:21
539,Chris Stehman,M,0,"Cypress, CA",393 out of 592,250 out of 323,0 out of 0,32:20 Pace: 10:25,32:20,33:08
560,Eva Chavez,F,30,"Norwalk, CA",394 out of 592,144 out of 269,32 out of 60, 45.75% Place: 407,32:22 Pace: 10:26,32:22,33:15
1054,Lang Keo,F,33,"Murrieta, CA",395 out of 592,145 out of 269,33 out of 60, 45.93% Place: 402,32:23 Pace: 10:26,32:23,33:06
889,Kiera Berry,F,23,"Lakewood, CA",396 out of 592,146 out of 269,18 out of 45, 45.70% Place: 409,32:24 Pace: 10:26,32:24,33:23
10602,Rozanne Alonzo,F,53,"Chino Hills, CA",397 out of 592,147 out of 269,15 out of 25, 54.21% Place: 250,32:27 Pace: 10:27,32:27,32:50
607,Bobbi Giannola,F,32,"Long Beach, CA",398 out of 592,148 out of 269,34 out of 60, 45.66% Place: 410,32:30 Pace: 10:28,32:30,32:48
513,Clare Adams,F,28,"Cypress, CA",399 out of 592,149 out of 269,19 out of 45, 45.54% Place: 411,32:31 Pace: 10:28,32:31,33:45
1003,Mickey Hunter,M,47,"Cypress, CA",400 out of 592,251 out of 323,41 out of 58, 44.31% Place: 426,32:31 Pace: 10:28,32:31,33:47
701,Alison Mancinelli,F,12,"Los Alamitos, CA",401 out of 592,150 out of 269,23 out of 29, 49.80% Place: 317,32:43 Pace: 10:32,32:43,33:30
1031,Amanda Briggs,F,16,"Peoria, AZ",402 out of 592,151 out of 269,33 out of 39, 46.69% Place: 364,32:47 Pace: 10:33,32:47,33:25
702,Joseph Mancinelli,M,41,"Los Alamitos, CA",403 out of 592,252 out of 323,42 out of 58, 41.96% Place: 467,32:47 Pace: 10:33,32:47,33:34
13,Juan Alas,M,42,"Hawaiian Gardens, CA",404 out of 592,253 out of 323,43 out of 58, 42.23% Place: 464,32:49 Pace: 10:34,32:49,33:10
1094,April Redoble,F,16,"Sacramento, CA",405 out of 592,152 out of 269,34 out of 39, 46.65% Place: 366,32:49 Pace: 10:34,32:49,33:06
1032,Shonna Briggs,F,39,"Peoria, AZ",406 out of 592,153 out of 269,35 out of 60, 46.37% Place: 376,32:52 Pace: 10:35,32:52,33:30
1033,Paul Briggs,M,43,"Peoria, AZ",407 out of 592,254 out of 323,44 out of 58, 42.49% Place: 459,32:53 Pace: 10:35,32:53,33:31
657,Michelle Jensen,F,20,"Yorba Linda, CA",408 out of 592,154 out of 269,20 out of 45, 44.96% Place: 418,32:56 Pace: 10:36,32:56,33:22
658,Lars Jensen Jr,M,59,"Yorba Linda, CA",409 out of 592,255 out of 323,34 out of 49, 48.28% Place: 335,32:57 Pace: 10:37,32:57,33:22
868,Alice Wong,F,41,"Alhambra, CA",410 out of 592,155 out of 269,21 out of 48, 46.84% Place: 359,32:58 Pace: 10:37,32:58,33:24
1091,Mary Beesley,F,53,"Placentia, CA",411 out of 592,156 out of 269,16 out of 25, 53.36% Place: 256,32:58 Pace: 10:37,32:58,33:16
785,Charles Ronie,M,52,"Mission Viejo, CA",412 out of 592,256 out of 323,35 out of 49, 45.43% Place: 414,33:00 Pace: 10:38,33:00,34:09
638,Andy Hilbert,M,44,"La Palma, CA",413 out of 592,257 out of 323,45 out of 58, 42.65% Place: 454,33:00 Pace: 10:38,33:00,33:24
659,Maloney John,F,64,"Buena Park, CA",414 out of 592,157 out of 269,4 out of 8, 62.03% Place: 156,33:04 Pace: 10:39,33:04,33:44
811,Melanie Sergejeff,F,52,"Cypress, CA",415 out of 592,158 out of 269,17 out of 25, 52.50% Place: 269,33:04 Pace: 10:39,33:04,33:12
646,Ryan Hom,M,10,"Cypress, CA",416 out of 592,258 out of 323,8 out of 13, 47.59% Place: 350,33:11 Pace: 10:41,33:11,34:09
898,Damon Gohata,M,28,"Cypress, CA",417 out of 592,259 out of 323,44 out of 50, 38.89% Place: 507,33:11 Pace: 10:41,33:11,34:09
133,Ann Horton,F,51,"Long Beach, CA",418 out of 592,159 out of 269,18 out of 25, 51.55% Place: 286,33:15 Pace: 10:43,33:15,33:42
907,Parker Lane,M,14,"Lakewood, CA",419 out of 592,260 out of 323,20 out of 23, 42.61% Place: 456,33:18 Pace: 10:43,33:18,34:29
906,Lisa Lane,F,43,"Lakewood, CA",420 out of 592,160 out of 269,22 out of 48, 47.05% Place: 357,33:21 Pace: 10:44,33:21,34:32
895,Amy Gerety,F,41,"Cypress, CA",421 out of 592,161 out of 269,23 out of 48, 46.25% Place: 391,33:23 Pace: 10:45,33:23,34:00
927,Olys Revin,F,18,"Cypress, CA",422 out of 592,162 out of 269,35 out of 39, 44.86% Place: 423,33:23 Pace: 10:45,33:23,34:01
697,Sheryl Madsen,F,45,"Mission Viejo, CA",423 out of 592,163 out of 269,24 out of 48, 47.71% Place: 345,33:29 Pace: 10:47,33:29,34:40
616,Allan Goodman,M,50,"Cypress, CA",424 out of 592,261 out of 323,36 out of 49, 43.96% Place: 433,33:34 Pace: 10:49,33:34,33:34
847,Ashley Velasco,F,15,"Lakewood, CA",425 out of 592,164 out of 269,36 out of 39, 46.18% Place: 393,33:35 Pace: 10:49,33:35,33:49
606,Maria Gee,F,43,"Diamond Bar, CA",426 out of 592,165 out of 269,25 out of 48, 46.72% Place: 363,33:35 Pace: 10:49,33:35,34:36
1029,Joy Bland,F,42,"Cypress, CA",427 out of 592,166 out of 269,26 out of 48, 46.30% Place: 387,33:36 Pace: 10:49,33:36,34:12
615,Lupe Gonzalez,F,42,"Los Angeles, CA",428 out of 592,167 out of 269,27 out of 48, 46.28% Place: 389,33:37 Pace: 10:50,33:37,34:20
753,Enola O'Neil,F,43,"Cypress, CA",429 out of 592,168 out of 269,28 out of 48, 46.56% Place: 368,33:42 Pace: 10:51,33:42,33:55
742,Rick Newman,M,49,"Garden Grove, CA",430 out of 592,262 out of 323,46 out of 58, 43.34% Place: 442,33:47 Pace: 10:53,33:47,34:50
561,Joseph Chen,M,39,"Cerritos, CA",431 out of 592,263 out of 323,47 out of 56, 40.03% Place: 488,33:52 Pace: 10:54,33:52,35:07
726,Nick Miyoshi,M,13,"Buena Park, CA",432 out of 592,264 out of 323,21 out of 23, 42.81% Place: 452,33:53 Pace: 10:55,33:53,34:27
10615,Val Mallari,F,51,"Los Alamitos, CA",433 out of 592,169 out of 269,19 out of 25, 50.57% Place: 302,33:54 Pace: 10:55,33:54,34:17
718,Natasha McGrail,F,26,"Long Beach, CA",434 out of 592,170 out of 269,21 out of 45, 43.64% Place: 436,33:56 Pace: 10:56,33:56,35:05
820,Stephanie Skolburg,F,42,"Alta Loma, CA",435 out of 592,171 out of 269,29 out of 48, 45.76% Place: 406,34:00 Pace: 10:57,34:00,34:45
880,Chrystle Yoder,F,28,"La Quinta, CA",436 out of 592,172 out of 269,22 out of 45, 43.55% Place: 438,34:00 Pace: 10:57,34:00,34:22
714,Quinn McCutchan,M,26,"Signal Hill, CA",437 out of 592,265 out of 323,45 out of 50, 37.92% Place: 519,34:02 Pace: 10:58,34:02,34:02
946,Grace Wu,F,32,"Cypress, CA",438 out of 592,173 out of 269,36 out of 60, 43.61% Place: 437,34:02 Pace: 10:58,34:02,35:16
10637,Richard Dano,M,33,"Buena Park, CA",439 out of 592,266 out of 323,48 out of 56, 38.34% Place: 511,34:03 Pace: 10:58,34:03,34:30
767,Kayla Perkoski,F,21,"Cypress, CA",440 out of 592,174 out of 269,23 out of 45, 43.47% Place: 440,34:04 Pace: 10:58,34:04,34:29
940,Daniel Ursery,M,31,"Cypress, CA",441 out of 592,267 out of 323,49 out of 56, 38.03% Place: 517,34:07 Pace: 10:59,34:07,35:21
881,Katherine Young,F,27,"Anaheim, CA",442 out of 592,175 out of 269,24 out of 45, 43.30% Place: 443,34:12 Pace: 11:01,34:12,35:02
787,Jt Roth,M,0,"Long Beach, CA",443 out of 592,268 out of 323,0 out of 0,34:13 Pace: 11:01,34:13,34:26
647,Cree Horner,M,53,"Monrovia, CA",444 out of 592,269 out of 323,37 out of 49, 44.16% Place: 427,34:15 Pace: 11:02,34:15,34:59
765,David Perez,M,13,"Norwalk, CA",445 out of 592,270 out of 323,22 out of 23, 42.36% Place: 462,34:15 Pace: 11:02,34:15,34:15
855,Joe Ward,M,67,"Cerritos, CA",446 out of 592,271 out of 323,14 out of 19, 49.85% Place: 315,34:17 Pace: 11:02,34:17,34:42
877,Jason Yik,M,9,"Cypress, CA",447 out of 592,272 out of 323,9 out of 13, 47.67% Place: 347,34:19 Pace: 11:03,34:19,34:38
90,Kathy Eimen,F,61,"Garden Grove, CA",448 out of 592,176 out of 269,5 out of 8, 56.98% Place: 205,34:25 Pace: 11:05,34:25,34:37
141,Charloette Hutchinson,F,34,"Garden Grove, CA",449 out of 592,177 out of 269,37 out of 60, 43.29% Place: 444,34:26 Pace: 11:05,34:26,34:37
1028,Lori Gentry,F,51,"Bellflower, CA",450 out of 592,178 out of 269,20 out of 25, 49.78% Place: 318,34:26 Pace: 11:05,34:26,35:14
648,Robert Housley Jr,M,41,"Cypress, CA",451 out of 592,273 out of 323,47 out of 58, 39.93% Place: 493,34:27 Pace: 11:05,34:27,35:32
544,Richard Braun,M,56,"Cypress, CA",452 out of 592,274 out of 323,38 out of 49, 44.97% Place: 416,34:29 Pace: 11:06,34:29,35:29
10609,Jose Lopez,M,50,"South Gate, CA",453 out of 592,275 out of 323,39 out of 49, 42.63% Place: 455,34:37 Pace: 11:09,34:37,34:54
685,Camille Lefaoseu,F,42,"Garden Grove, CA",454 out of 592,179 out of 269,30 out of 48, 44.71% Place: 424,34:48 Pace: 11:12,34:48,35:41
1036,Kathryn Cox,F,31,"Lakewood, CA",455 out of 592,180 out of 269,38 out of 60, 42.60% Place: 458,34:48 Pace: 11:12,34:48,35:49
610,Danny Gomez,M,14,"Cypress, CA",456 out of 592,276 out of 323,23 out of 23, 40.66% Place: 483,34:54 Pace: 11:14,34:54,35:17
865,Lindsay Willey,F,25,"Huntington Beach, CA",457 out of 592,181 out of 269,25 out of 45, 42.39% Place: 460,34:56 Pace: 11:15,34:56,34:56
613,Victoria Gomez,F,11,"Cypress, CA",458 out of 592,182 out of 269,24 out of 29, 47.59% Place: 348,34:58 Pace: 11:16,34:58,35:23
619,John Guinn,M,53,"Anaheim, CA",459 out of 592,277 out of 323,40 out of 49, 43.25% Place: 445,34:58 Pace: 11:16,34:58,35:22
854,Alan Wang,M,26,"Arcadia, CA",460 out of 592,278 out of 323,46 out of 50, 36.79% Place: 528,35:05 Pace: 11:18,35:05,35:45
522,Delia Attebery,F,55,"Claremont, CA",461 out of 592,183 out of 269,21 out of 25, 51.18% Place: 294,35:17 Pace: 11:22,35:17,36:17
563,Richard Chung,M,43,"Long Beach, CA",462 out of 592,279 out of 323,48 out of 58, 39.34% Place: 499,35:31 Pace: 11:26,35:31,35:54
330,Evelyn Wieland,F,24,"Cypress, CA",463 out of 592,184 out of 269,26 out of 45, 41.65% Place: 472,35:33 Pace: 11:27,35:33,36:11
694,Kim Mackinney,F,32,"Riverside, CA",464 out of 592,185 out of 269,39 out of 60, 41.67% Place: 471,35:37 Pace: 11:28,35:37,35:57
826,Paul St Onge Sr,M,68,"Garden Grove, CA",465 out of 592,280 out of 323,15 out of 19, 48.36% Place: 329,35:41 Pace: 11:29,35:41,36:41
588,Becky Edgell,F,45,"Hemet, CA",466 out of 592,186 out of 269,31 out of 48, 44.66% Place: 425,35:46 Pace: 11:31,35:46,35:52
538,Lora Blum,F,31,"Corona, CA",467 out of 592,187 out of 269,40 out of 60, 41.41% Place: 475,35:48 Pace: 11:32,35:48,35:48
759,Karen Olson,F,44,"Garden Grove, CA",468 out of 592,188 out of 269,32 out of 48, 44.08% Place: 429,35:54 Pace: 11:34,35:54,36:57
796,Pamela Samuels Young,F,52,"Cypress, CA",469 out of 592,189 out of 269,22 out of 25, 48.22% Place: 336,36:00 Pace: 11:36,36:00,36:36
758,Jennifer Olsen,F,31,"Buena Park, CA",470 out of 592,190 out of 269,41 out of 60, 41.04% Place: 478,36:07 Pace: 11:38,36:07,36:29
745,Kevin Nieme,M,36,"Norwalk, CA",471 out of 592,281 out of 323,50 out of 56, 36.72% Place: 531,36:09 Pace: 11:38,36:09,37:17
682,Elizabeth Lee,F,25,"Fullerton, CA",472 out of 592,191 out of 269,27 out of 45, 40.92% Place: 480,36:11 Pace: 11:39,36:11,36:53
705,Erin Mary,F,41,"Cypress, CA",473 out of 592,192 out of 269,33 out of 48, 42.61% Place: 457,36:14 Pace: 11:40,36:14,36:32
757,D Olague,F,47,"West Covina, CA",474 out of 592,193 out of 269,34 out of 48, 44.97% Place: 417,36:18 Pace: 11:41,36:18,37:09
542,Abigail Boyd,F,25,"Long Beach, CA",475 out of 592,194 out of 269,28 out of 45, 40.73% Place: 482,36:21 Pace: 11:42,36:21,36:51
725,Michael Miyoshi,M,8,"Buena Park, CA",476 out of 592,282 out of 323,10 out of 13, 46.83% Place: 360,36:21 Pace: 11:42,36:21,36:55
570,Shawna Cox,F,39,"Cypress, CA",477 out of 592,195 out of 269,42 out of 60, 41.93% Place: 468,36:21 Pace: 11:42,36:21,36:40
1087,Debbie Buziecki,F,44,"Cypress, CA",478 out of 592,196 out of 269,35 out of 48, 43.51% Place: 439,36:22 Pace: 11:43,36:22,36:41
684,Phuong Lee,F,39,"Cypress, CA",479 out of 592,197 out of 269,43 out of 60, 41.85% Place: 469,36:25 Pace: 11:44,36:25,36:34
760,Anna Liza Padilla,F,38,"Long Beach, CA",480 out of 592,198 out of 269,44 out of 60, 41.62% Place: 473,36:25 Pace: 11:44,36:25,36:55
571,Jacelyn Youngerman,F,16,"Cypress, CA",481 out of 592,199 out of 269,37 out of 39, 41.69% Place: 470,36:43 Pace: 11:50,36:43,37:04
573,Carly Swanson,F,17,"Anaheim, CA",482 out of 592,200 out of 269,38 out of 39, 41.17% Place: 477,36:44 Pace: 11:50,36:44,37:05
688,David Liu,M,23,"Cypress, CA",483 out of 592,283 out of 323,47 out of 50, 35.10% Place: 536,36:46 Pace: 11:50,36:46,37:00
572,Elysia Dagert,F,34,"Los Alamitos, CA",484 out of 592,201 out of 269,45 out of 60, 40.49% Place: 485,36:49 Pace: 11:51,36:49,37:15
675,Kylee Kneefel,F,27,"Irvine, CA",485 out of 592,202 out of 269,29 out of 45, 40.00% Place: 490,37:01 Pace: 11:55,37:01,37:53
777,Melanie Robinson,F,26,"Bellflower, CA",486 out of 592,203 out of 269,30 out of 45, 40.00% Place: 489,37:01 Pace: 11:55,37:01,37:49
10593,Stephen Jones,M,15,"Buena Park, CA",487 out of 592,284 out of 323,41 out of 41, 37.38% Place: 523,37:15 Pace: 12:00,37:15,38:33
1002,Anna Orosco,F,0,", ",488 out of 592,204 out of 269,0 out of 0,37:21 Pace: 12:02,37:21,38:18
856,Terri Ward,F,56,"Cerritos, CA",489 out of 592,205 out of 269,23 out of 25, 48.73% Place: 325,37:32 Pace: 12:05,37:32,37:56
1081,Lindsey Gardener,F,18,"Cypress, CA",490 out of 592,206 out of 269,39 out of 39, 39.73% Place: 494,37:41 Pace: 12:08,37:41,38:36
491,Phil Nicot,M,50,"Cypress, CA",491 out of 592,285 out of 323,41 out of 49, 39.06% Place: 502,37:47 Pace: 12:10,37:47,38:09
566,Paul Cone,M,69,"Fullerton, CA",492 out of 592,286 out of 323,16 out of 19, 46.14% Place: 397,37:48 Pace: 12:10,37:48,38:58
1045,John Rios,M,54,"Buena Park, CA",493 out of 592,287 out of 323,42 out of 49, 40.30% Place: 487,37:49 Pace: 12:11,37:49,38:25
764,Erika Pena,F,26,"Cerritos, CA",494 out of 592,207 out of 269,31 out of 45, 39.05% Place: 503,37:55 Pace: 12:13,37:55,38:50
530,April Belarmino,F,30,"Anaheim, CA",495 out of 592,208 out of 269,46 out of 60, 38.95% Place: 504,38:01 Pace: 12:14,38:01,38:01
652,Brandon Imai,M,7,"La Palma, CA",496 out of 592,288 out of 323,11 out of 13, 46.80% Place: 361,38:03 Pace: 12:15,38:03,38:32
844,Raymond Turpin,M,54,"Cypress, CA",497 out of 592,289 out of 323,43 out of 49, 39.57% Place: 497,38:31 Pace: 12:24,38:31,39:23
548,Catherine Bunts,F,9,"Fullerton, CA",498 out of 592,209 out of 269,3 out of 6, 45.53% Place: 412,38:34 Pace: 12:25,38:34,39:33
835,Nancy Than,F,23,"Ontario, CA",499 out of 592,210 out of 269,32 out of 45, 38.33% Place: 512,38:38 Pace: 12:26,38:38,39:20
637,Alfred Higa,M,75,"Downey, CA",500 out of 592,290 out of 323,7 out of 8, 49.03% Place: 322,38:40 Pace: 12:27,38:40,39:05
636,Rick Hernandez,M,30,"Cypress, CA",501 out of 592,291 out of 323,51 out of 56, 33.43% Place: 545,38:42 Pace: 12:28,38:42,39:02
840,Luz Acosta,F,27,"Cypress, CA",502 out of 592,211 out of 269,33 out of 45, 38.24% Place: 515,38:43 Pace: 12:28,38:43,39:44
747,Cynthia Nishimoto,F,39,"Cerritos, CA",503 out of 592,212 out of 269,47 out of 60, 39.16% Place: 500,38:55 Pace: 12:32,38:55,39:23
746,Bradley Nishida,M,7,"Cerritos, CA",504 out of 592,292 out of 323,12 out of 13, 45.76% Place: 405,38:55 Pace: 12:32,38:55,39:23
557,Elizabeth Chamberlain,F,39,"Oak Hills, CA",505 out of 592,213 out of 269,48 out of 60, 39.16% Place: 501,38:55 Pace: 12:32,38:55,38:55
576,Fe Delos Santos,F,34,"La Palma, CA",506 out of 592,214 out of 269,49 out of 60, 38.29% Place: 514,38:56 Pace: 12:32,38:56,39:01
547,Cassie Bunts,F,41,"Fullerton, CA",507 out of 592,215 out of 269,36 out of 48, 39.62% Place: 496,38:58 Pace: 12:33,38:58,39:58
546,Alana Bunts,F,11,"Fullerton, CA",508 out of 592,216 out of 269,25 out of 29, 42.69% Place: 453,38:59 Pace: 12:33,38:59,39:58
812,Lorraine Shorman,F,46,"Cypress, CA",509 out of 592,217 out of 269,37 out of 48, 41.39% Place: 476,39:00 Pace: 12:33,39:00,39:42
830,Hannah Stonoha,F,26,"Buena Park, CA",510 out of 592,218 out of 269,34 out of 45, 37.90% Place: 521,39:04 Pace: 12:35,39:04,39:54
831,Nicholas Stonoha,M,30,"Buena Park, CA",511 out of 592,293 out of 323,52 out of 56, 33.11% Place: 546,39:05 Pace: 12:35,39:05,39:55
110,Stephen Gray,M,63,"Norwalk, CA",512 out of 592,294 out of 323,17 out of 19, 41.97% Place: 466,39:15 Pace: 12:38,39:15,39:59
627,Paul Hausback,M,0,"Cypress, CA",513 out of 592,295 out of 323,0 out of 0,39:22 Pace: 12:41,39:22,39:52
756,Angela Okino,F,39,"Irvine, CA",514 out of 592,219 out of 269,50 out of 60, 38.70% Place: 508,39:23 Pace: 12:41,39:23,39:52
1004,Andrea Gonzales,F,35,"Cypress, CA",515 out of 592,220 out of 269,51 out of 60, 37.94% Place: 518,39:25 Pace: 12:41,39:25,39:55
575,Karissa Degener,F,35,"Cypress, CA",516 out of 592,221 out of 269,52 out of 60, 37.91% Place: 520,39:27 Pace: 12:42,39:27,40:19
943,Kathleen Webster,F,56,"Long Beach, CA",517 out of 592,222 out of 269,24 out of 25, 46.33% Place: 383,39:29 Pace: 12:43,39:29,40:29
559,Melissa Champagne,F,39,"La Mirada, CA",518 out of 592,223 out of 269,53 out of 60, 38.45% Place: 510,39:38 Pace: 12:46,39:38,40:10
704,Sayra Martinez,F,29,"Cypress, CA",519 out of 592,224 out of 269,35 out of 45, 37.34% Place: 524,39:39 Pace: 12:46,39:39,39:50
520,Judy Aquino,F,34,"Downey, CA",520 out of 592,225 out of 269,54 out of 60, 37.33% Place: 525,39:56 Pace: 12:51,39:56,40:52
849,Norma Vera,F,44,"Buena Park, CA",521 out of 592,226 out of 269,38 out of 48, 39.62% Place: 495,39:56 Pace: 12:51,39:56,40:51
772,Alan Rice,M,22,"Cypress, CA",522 out of 592,296 out of 323,48 out of 50, 32.22% Place: 549,40:03 Pace: 12:54,40:03,40:09
519,Paige Ammons,F,21,"Cypress, CA",523 out of 592,227 out of 269,36 out of 45, 36.95% Place: 527,40:04 Pace: 12:54,40:04,40:10
809,Desiree Senese,F,27,"Huntington Beach, CA",524 out of 592,228 out of 269,37 out of 45, 36.79% Place: 529,40:15 Pace: 12:58,40:15,40:15
1296,Kathy Cruz,F,49,"Cypress, CA",525 out of 592,229 out of 269,39 out of 48, 41.50% Place: 474,40:18 Pace: 12:59,40:18,41:09
10635,Marianne Dano,F,32,"Buena Park, CA",526 out of 592,230 out of 269,55 out of 60, 36.76% Place: 530,40:22 Pace: 13:00,40:22,40:22
677,Christina Kuse,F,36,"Huntington Beach, CA",527 out of 592,231 out of 269,56 out of 60, 37.14% Place: 526,40:27 Pace: 13:02,40:27,41:07
882,Catherine Youngerman,F,48,"Cypress, CA",528 out of 592,232 out of 269,40 out of 48, 40.77% Place: 481,40:32 Pace: 13:03,40:32,41:23
719,Tanya McGrail,F,22,"Long Beach, CA",529 out of 592,233 out of 269,38 out of 45, 36.51% Place: 532,40:33 Pace: 13:04,40:33,41:43
1092,Carol Doeling,F,56,"Placentia, CA",530 out of 592,234 out of 269,25 out of 25, 44.90% Place: 421,40:44 Pace: 13:07,40:44,41:13
871,Queenie Wong,F,26,"Los Angeles, CA",531 out of 592,235 out of 269,39 out of 45, 36.00% Place: 534,41:08 Pace: 13:15,41:08,41:49
690,Michael Lopez,M,47,"Buena Park, CA",532 out of 592,297 out of 323,49 out of 58, 34.88% Place: 537,41:18 Pace: 13:18,41:18,41:18
691,Shelly Lopez,F,48,"Buena Park, CA",533 out of 592,236 out of 269,41 out of 48, 39.99% Place: 491,41:19 Pace: 13:18,41:19,41:19
10606,Mike Northup,M,61,"Lomita, CA",534 out of 592,298 out of 323,18 out of 19, 38.90% Place: 506,41:37 Pace: 13:24,41:37,42:59
160,Brian Kissinger,M,40,"San Marcos, CA",535 out of 592,299 out of 323,50 out of 58, 32.79% Place: 548,41:39 Pace: 13:25,41:39,41:39
909,Hanna Levine,F,13,"Irvine, CA",536 out of 592,237 out of 269,26 out of 29, 38.30% Place: 513,41:42 Pace: 13:26,41:42,42:33
766,Merle Perez,F,45,"Garden Grove, CA",537 out of 592,238 out of 269,42 out of 48, 37.85% Place: 522,42:12 Pace: 13:35,42:12,43:16
10510,Don Snavely,M,75,"Shell Knob, MO",538 out of 592,300 out of 323,8 out of 8, 44.04% Place: 431,43:03 Pace: 13:52,43:03,43:09
200,Sam Maseba,M,41,"Long Beach, CA",539 out of 592,301 out of 323,51 out of 58, 31.94% Place: 551,43:04 Pace: 13:52,43:04,43:33
729,David Mora,M,32,"Buena Park, CA",540 out of 592,302 out of 323,53 out of 56, 30.16% Place: 560,43:07 Pace: 13:53,43:07,43:35
502,Sunba Villanueva,F,0,", ",541 out of 592,239 out of 269,0 out of 0,43:11 Pace: 13:54,43:11,43:34
650,Dee Hunter,F,41,"Long Beach, CA",542 out of 592,240 out of 269,43 out of 48, 35.64% Place: 535,43:19 Pace: 13:57,43:19,44:10
10639,Kathleen Dano,F,32,"Buena Park, CA",543 out of 592,241 out of 269,57 out of 60, 34.01% Place: 540,43:38 Pace: 14:03,43:38,44:06
10638,Ricci Dano,F,11,"Buena Park, CA",544 out of 592,242 out of 269,27 out of 29, 38.12% Place: 516,43:39 Pace: 14:03,43:39,44:06
1354,Bill Liston,M,50,"Cypress, CA",545 out of 592,303 out of 323,44 out of 49, 33.79% Place: 542,43:40 Pace: 14:04,43:40,44:28
1093,Alan Beesley,M,59,"Buena Park, CA",546 out of 592,304 out of 323,45 out of 49, 36.27% Place: 533,43:51 Pace: 14:07,43:51,44:24
919,Auryana Nauta,F,10,"Cypress, CA",547 out of 592,243 out of 269,4 out of 6, 38.92% Place: 505,43:52 Pace: 14:07,43:52,44:51
920,Kimberly Nauta,F,27,"Cypress, CA",548 out of 592,244 out of 269,40 out of 45, 33.75% Place: 543,43:52 Pace: 14:08,43:52,44:51
609,Colleen Golden,F,71,"Cypress, CA",549 out of 592,245 out of 269,1 out of 3, 51.58% Place: 284,44:26 Pace: 14:19,44:26,44:38
689,Leon Long,M,40,"Yucaipa, CA",550 out of 592,305 out of 323,52 out of 58, 30.59% Place: 557,44:38 Pace: 14:22,44:38,44:50
635,Calvin Henderson,M,68,"Garden Grove, CA",551 out of 592,306 out of 323,19 out of 19, 38.60% Place: 509,44:42 Pace: 14:24,44:42,45:06
531,Amanda Bell,F,29,"Fountain Valley, CA",552 out of 592,246 out of 269,41 out of 45, 32.99% Place: 547,44:53 Pace: 14:27,44:53,45:33
517,Alfredo Alba,M,45,"Cypress, CA",553 out of 592,307 out of 323,53 out of 58, 31.61% Place: 553,44:53 Pace: 14:27,44:53,45:29
876,Denise Yarbrough,F,43,"Cypress, CA",554 out of 592,247 out of 269,44 out of 48, 34.85% Place: 538,45:01 Pace: 14:30,45:01,45:58
721,Mary Meacham,F,39,"Oceanside, CA",555 out of 592,248 out of 269,58 out of 60, 33.59% Place: 544,45:22 Pace: 14:36,45:22,46:10
852,Dan Von Gries,M,40,"Cypress, CA",556 out of 592,308 out of 323,54 out of 58, 30.02% Place: 563,45:29 Pace: 14:39,45:29,45:29
105,Cindy Gleason,F,43,"Tustin, CA",557 out of 592,249 out of 269,45 out of 48, 33.96% Place: 541,46:12 Pace: 14:53,46:12,46:20
939,Afton Toliver,F,24,"Cypress, CA",558 out of 592,250 out of 269,42 out of 45, 32.03% Place: 550,46:13 Pace: 14:53,46:13,47:24
923,Alejandro Perez,M,26,"Placentia, CA",559 out of 592,309 out of 323,49 out of 50, 27.89% Place: 569,46:16 Pace: 14:54,46:16,47:25
10705,Martin Rodriguez,M,45,"Buena Park, CA",560 out of 592,310 out of 323,55 out of 58, 30.20% Place: 559,46:59 Pace: 15:08,46:59,51:23
10706,Leila Rodriguez,F,4,"Buena Park, CA",561 out of 592,251 out of 269,5 out of 6,47:01 Pace: 15:08,47:01,51:23
623,Michelle Haralson,F,29,"Cypress, CA",562 out of 592,252 out of 269,43 out of 45, 31.36% Place: 555,47:13 Pace: 15:12,47:13,48:30
537,Carole Blum,F,68,"Cypress, CA",563 out of 592,253 out of 269,6 out of 8, 46.11% Place: 398,47:20 Pace: 15:14,47:20,48:11
839,Brad Thornquist,M,46,"Lakewood, CA",564 out of 592,311 out of 323,56 out of 58, 30.14% Place: 561,47:24 Pace: 15:16,47:24,48:29
838,Anne Thonquist,F,35,"Lakewood, CA",565 out of 592,254 out of 269,59 out of 60, 31.53% Place: 554,47:26 Pace: 15:16,47:26,48:30
810,Stephanie Senese,F,22,"Huntington Beach, CA",566 out of 592,255 out of 269,44 out of 45, 31.16% Place: 556,47:31 Pace: 15:18,47:31,47:31
10599,Lee Digregorio,F,77,"Anaheim, CA",567 out of 592,256 out of 269,2 out of 3, 53.01% Place: 261,48:07 Pace: 15:29,48:07,49:03
683,Han Lee,M,24,"Cypress, CA",568 out of 592,312 out of 323,50 out of 50, 26.10% Place: 572,49:26 Pace: 15:55,49:26,50:44
804,Lisa Savina,F,28,"La Mesa, CA",569 out of 592,257 out of 269,45 out of 45, 29.89% Place: 565,49:32 Pace: 15:57,49:32,50:21
593,Jessica Erbe,F,14,"Cypress, CA",570 out of 592,258 out of 269,28 out of 29, 31.64% Place: 552,49:41 Pace: 16:00,49:41,50:45
501,Joan Simon,F,61,", ",571 out of 592,259 out of 269,7 out of 8, 39.46% Place: 498,49:41 Pace: 16:00,49:41,50:12
875,Todd Yamasaki,M,34,"Mission Viejo, CA",572 out of 592,313 out of 323,54 out of 56, 26.41% Place: 571,49:41 Pace: 16:00,49:41,51:10
945,Dennis Williams,M,54,"Lakewood, CA",573 out of 592,314 out of 323,46 out of 49, 30.14% Place: 562,50:34 Pace: 16:17,50:34,50:57
1055,Gillian Jackson,F,5,"Cypress, CA",574 out of 592,260 out of 269,6 out of 6, 39.94% Place: 492,51:08 Pace: 16:28,51:08,52:25
1346,James Keston,M,51,", ",575 out of 592,315 out of 323,47 out of 49, 28.64% Place: 566,51:56 Pace: 16:43,51:56,53:12
815,Taylor Sirset,F,14,"Orange, CA",576 out of 592,261 out of 269,29 out of 29, 29.99% Place: 564,52:25 Pace: 16:53,52:25,52:53
817,Teri Sirset,F,45,"Orange, CA",577 out of 592,262 out of 269,46 out of 48, 30.46% Place: 558,52:26 Pace: 16:53,52:26,52:53
779,Carol Rockwell,F,73,"Long Beach, CA",578 out of 592,263 out of 269,3 out of 3, 44.01% Place: 432,53:54 Pace: 17:21,53:54,55:01
1095,Yik Voychong,M,0,", ",579 out of 592,316 out of 323,0 out of 0,55:53 Pace: 17:59,55:53,56:11
874,Stephen Yam,M,10,"Cypress, CA",580 out of 592,317 out of 323,13 out of 13, 28.25% Place: 567,55:53 Pace: 18:00,55:53,56:11
512,Julie Abeyta,F,42,"Cerritos, CA",581 out of 592,264 out of 269,47 out of 48, 27.45% Place: 570,56:40 Pace: 18:15,56:40,57:45
673,Kathy King,F,61,"Long Beach, CA",582 out of 592,265 out of 269,8 out of 8, 34.59% Place: 539,56:41 Pace: 18:15,56:41,57:11
861,Bryan West,M,43,"Cerritos, CA",583 out of 592,318 out of 323,57 out of 58, 24.64% Place: 575,56:42 Pace: 18:15,56:42,57:47
1300,John Bennett,M,59,"Cypress, CA",584 out of 592,319 out of 323,48 out of 49, 27.90% Place: 568,57:00 Pace: 18:21,57:00,58:32
600,Jose J Fregoso,M,38,"Dana Point, CA",585 out of 592,320 out of 323,55 out of 56, 23.28% Place: 576,57:47 Pace: 18:36,57:47,57:47
1307,Joseph Dagley,M,53,"Huntington Beach, CA",586 out of 592,321 out of 323,49 out of 49, 25.28% Place: 574,59:49 Pace: 19:16,59:49,1:01:22
189,Lani Lucero,F,41,"Costa Mesa, CA",587 out of 592,266 out of 269,48 out of 48, 25.59% Place: 573,1:00:19 Pace: 19:25,1:00:19,1:00:19
1102,Michele Tagami,F,0,", ",588 out of 592,267 out of 269,0 out of 0,1:00:58 Pace: 19:38,1:00:58,1:02:11
1101,Jane Oshiro,F,0,", ",589 out of 592,268 out of 269,0 out of 0,1:02:18 Pace: 20:03,1:02:18,1:03:31
10512,Victor Soto,M,47,"Anaheim, CA",590 out of 592,322 out of 323,58 out of 58, 22.47% Place: 577,1:04:06 Pace: 20:38,1:04:06,1:04:40
155,Brynn Keaty,F,31,"Huntington Beach, CA",591 out of 592,269 out of 269,60 out of 60, 19.04% Place: 578,1:17:49 Pace: 25:03,1:17:49,1:18:56
132,Jonas Holl,M,34,"Buena Park, CA",592 out of 592,323 out of 323,56 out of 56, 16.81% Place: 579,1:18:02 Pace: 25:07,1:18:02,1:18:02
