Bib,Name,Gender,Age,Hometown,Overall,Women,F 55-59,Age/Grade,Finish,Chip Time,Gun Time,10 Km
6918,Loretta Rahmani,F,56,"La Verne, CA",6833 out of 6837,3524 out of 3527,95 out of 96, 35.65% Place: 6503,3:45:55 Pace: 17:14,3:45:55,3:56:13,1:31:17 Pace: 14:42
4994,Sandra Hardie-Townsend,F,59,"Claremont, CA",6834 out of 6837,3525 out of 3527,96 out of 96, 37.14% Place: 6265,3:45:55 Pace: 17:14,3:45:55,3:56:13,1:31:22 Pace: 14:43
1100,Nichell Hurley,F,45,"San Diego, CA",6835 out of 6837,3526 out of 3527,315 out of 315, 30.22% Place: 6824,3:53:49 Pace: 17:51,3:53:49,3:55:58,1:42:27 Pace: 16:30
6207,Ruben Mejia,M,30,"Beaumont, CA",6836 out of 6837,3310 out of 3310,571 out of 571, 25.19% Place: 6833,3:55:05 Pace: 17:56,3:55:05,3:55:15,1:33:25 Pace: 15:02
1654,Aurora Ortiz,F,69,"San Diego, CA",6837 out of 6837,3527 out of 3527,15 out of 15, 41.35% Place: 5214,3:55:40 Pace: 17:59,3:55:40,3:56:13,1:43:43 Pace: 16:42
