Bib,Name,Gender,Age,Hometown,Overall,Women,F 30-34,Age/Grade,Finish,Chip Time,Gun Time,10 Km
484,Lisa Burke,F,45,"Escondido, CA",6658 out of 6664,3461 out of 3465,289 out of 289, 33.37% Place: 6609,3:31:45 Pace: 16:10,3:31:45,3:39:34,1:30:53 Pace: 14:38
7588,Monica Salcedo,F,33,"San Diego, CA",6659 out of 6664,3462 out of 3465,699 out of 701, 31.20% Place: 6650,3:31:55 Pace: 16:10,3:31:55,3:32:49,1:33:52 Pace: 15:07
7891,Melissa Skelton,F,31,"Oceanside, CA",6660 out of 6664,3463 out of 3465,700 out of 701, 30.88% Place: 6654,3:33:27 Pace: 16:17,3:33:27,3:36:53,1:30:00 Pace: 14:29
964,George Hatsios,M,50,"Amherst, NY",6661 out of 6664,3198 out of 3199,278 out of 278, 31.11% Place: 6651,3:35:12 Pace: 16:25,3:35:12,3:41:24,1:36:22 Pace: 15:31
1028,Flora Howe,F,52,"Escondido, CA",6662 out of 6664,3464 out of 3465,160 out of 160, 35.41% Place: 6529,3:35:58 Pace: 16:29,3:35:58,3:39:35,1:35:05 Pace: 15:19
8555,Stephen Wertheimer,M,70,"Redondo Beach, CA",6663 out of 6664,3199 out of 3199,16 out of 16, 36.58% Place: 6464,3:40:46 Pace: 16:51,3:40:46,3:42:42,            Pace:            
3800,Dawn Cardenas,F,30,"Dulzura, CA",6664 out of 6664,3465 out of 3465,701 out of 701, 29.39% Place: 6661,3:44:06 Pace: 17:06,3:44:06,3:55:29,            Pace:            
