Bib,Name,Gender,Age,Hometown,Overall,Women,F 65-69,Age/Grade,Finish,Chip Time,Gun Time
855,Monelle Hoisington,F,53,"Poway, CA",6489 out of 6492,3337 out of 3340,163 out of 163, 35.42% Place: 6307,3:45:03 Pace: 17:11,3:45:03,3:50:52
1260,Aurora Ortiz,F,65,"San Diego, CA",6490 out of 6492,3338 out of 3340,11 out of 11, 41.73% Place: 5481,3:46:55 Pace: 17:19,3:46:55,3:53:16
1668,Rosemary Trujillo,F,45,"Nuevo, CA",6491 out of 6492,3339 out of 3340,293 out of 294, 31.51% Place: 6444,3:48:46 Pace: 17:27,3:48:46,3:50:38
4346,Laura Gawecki,F,46,"San Diego, CA",6492 out of 6492,3340 out of 3340,294 out of 294, 31.39% Place: 6446,3:52:26 Pace: 17:44,3:52:26,3:54:04
