Bib,Name,Gender,Age,Hometown,Overall,Women,F 55-59,Age/Grade,Finish,Chip Time,Gun Time,10 Km
6409,Paula Meyers,F,49,"RIVERSIDE, CA",6769 out of 6776,3544 out of 3550,330 out of 331, 34.58% Place: 6694,3:33:03 Pace: 16:16,3:33:03,3:44:55,1:23:45 Pace: 13:29
965,Kathleen Hampton,F,57,"SAN DIEGO, CA",6770 out of 6776,3545 out of 3550,90 out of 92, 37.77% Place: 6458,3:36:10 Pace: 16:30,3:36:10,3:41:02,1:34:25 Pace: 15:12
7890,Patricia Sodaro,F,55,"SANTA ANA, CA",6771 out of 6776,3546 out of 3550,91 out of 92, 36.66% Place: 6570,3:36:51 Pace: 16:33,3:36:51,3:39:09,1:26:22 Pace: 13:54
6629,Kathy Najewicz,F,57,"SAN DIEGO, CA",6772 out of 6776,3547 out of 3550,92 out of 92, 37.56% Place: 6484,3:37:21 Pace: 16:35,3:37:21,3:48:16,1:35:04 Pace: 15:18
1567,Aurora Ortiz,F,68,"SAN DIEGO, CA",6773 out of 6776,3548 out of 3550,14 out of 14, 37.12% Place: 6532,4:18:20 Pace: 19:43,4:18:20,4:29:49,1:37:56 Pace: 15:46
7072,Jim Poole,M,57,"SAN DIEGO, CA",6774 out of 6776,3226 out of 3226,176 out of 176, 27.38% Place: 6772,4:20:01 Pace: 19:51,4:20:01,4:31:44,1:37:21 Pace: 15:40
1391,Arleen Medina,F,45,"ONTARIO, CA",6775 out of 6776,3549 out of 3550,331 out of 331, 26.71% Place: 6773,4:24:30 Pace: 20:11,4:24:30,4:29:25,1:45:06 Pace: 16:55
2794,Cathy Plantenga,F,61,"PASADENA, CA",6776 out of 6776,3550 out of 3550,32 out of 32, 32.08% Place: 6753,4:29:04 Pace: 20:32,4:29:04,4:37:50,1:36:28 Pace: 15:32
