Bib,Name,Gender,Age,Hometown,Overall,Women,F 30-34,Age/Grade,Finish,Chip Time,Gun Time,10 Km
6891,Dan Papararo,M,57,"Grass Valley, CA",7065 out of 7068,3291 out of 3292,175 out of 175, 30.51% Place: 7049,3:53:22 Pace: 17:49,3:53:22,3:58:20,1:14:25 Pace: 11:59
2986,Kelly Bankard,F,32,"Boise, ID",7066 out of 7068,3775 out of 3776,776 out of 776, 28.28% Place: 7058,3:53:24 Pace: 17:49,3:53:24,3:58:23,1:34:39 Pace: 15:14
5774,Angela Landis,F,29,"San Diego, CA",7067 out of 7068,3776 out of 3776,852 out of 852, 28.20% Place: 7059,3:53:26 Pace: 17:49,3:53:26,3:58:25,1:34:39 Pace: 15:14
1264,William McSwain,M,50,"San Diego, CA",7068 out of 7068,3292 out of 3292,264 out of 264, 28.58% Place: 7057,3:54:17 Pace: 17:53,3:54:17,3:58:13,1:45:20 Pace: 16:57
