Bib,Name,Gender,Age,Hometown,Overall,Women,F 35-39,Age/Grade,Finish,Chip Time,Gun Time,8.2 Mi,19.2 Mi,20.2 Mi
924,Greg Damon,M,42,"Portland, OR",1961 out of 1964,1158 out of 1159,182 out of 182, 32.57% Place: 1963,6:39:30 Pace: 15:15,6:39:30,6:42:15,1:49:22 Pace: 13:21,4:35:34 Pace: 14:22,4:57:04 Pace: 14:43
1708,Elisa Melendez Eisman,F,38,"Brighton, CO",1962 out of 1964,804 out of 805,135 out of 136, 34.78% Place: 1952,6:42:11 Pace: 15:21,6:42:11,6:43:44,1:51:44 Pace: 13:38,4:38:34 Pace: 14:31,4:58:51 Pace: 14:48
1993,Rebecca Smith,F,37,"Parker, CO",1963 out of 1964,805 out of 805,136 out of 136, 34.45% Place: 1954,6:43:13 Pace: 15:23,6:43:13,6:47:01,1:45:57 Pace: 12:56,4:31:38 Pace: 14:09,4:53:29 Pace: 14:32
376,Mas Yoshimura,M,81,"Arvada, CO",1964 out of 1964,1159 out of 1159,8 out of 8, 49.21% Place: 1157,6:57:13 Pace: 15:55,6:57:13,7:02:40,1:50:10 Pace: 13:27,4:30:35 Pace: 14:06,4:51:09 Pace: 14:25
