Bib,Name,Gender,Age,Hometown,Overall,Women,F 55-59,Age/Grade,Finish,Chip Time,Gun Time
71,Mary Barry,F,62,"Tustin, CA",1417 out of 1420,705 out of 708,17 out of 18, 35.96% Place: 1353,4:03:28 Pace: 18:35,4:03:28,4:05:08
1154,Beth Wilson,F,59,"Laguna Hills, CA",1418 out of 1420,706 out of 708,23 out of 24, 34.46% Place: 1372,4:03:28 Pace: 18:35,4:03:28,4:05:08
639,Tineke Martina Livingston,F,55,"Anaheim, CA",1419 out of 1420,707 out of 708,24 out of 24, 31.69% Place: 1403,4:10:48 Pace: 19:08,4:10:48,4:12:14
95,Sue Berkman,F,60,"Claremont, CA",1420 out of 1420,708 out of 708,18 out of 18, 33.92% Place: 1378,4:10:49 Pace: 19:08,4:10:49,4:12:14
