Bib,Name,Gender,Age,Hometown,Overall,Men,M 19-24,Age/Grade,Finish,Chip Time,Gun Time
1347,Daniel Rodriguez,M,44,"Santee, CA",1113 out of 1119,522 out of 526,72 out of 72, 27.87% Place: 1113,3:48:35 Pace: 17:27,3:48:35,3:49:15
2579,Scott Cadena,M,21,"Laguna Niguel, CA",1114 out of 1119,523 out of 526,16 out of 16, 25.83% Place: 1115,3:50:17 Pace: 17:34,3:50:17,3:51:08
1923,Donna Lewandowski,F,40,"Tustin, CA",1115 out of 1119,592 out of 593,86 out of 86, 28.40% Place: 1111,4:01:47 Pace: 18:27,4:01:47,4:02:53
1707,Nathan Bowman,M,11,"Ladera Ranch, CA",1116 out of 1119,524 out of 526,1 out of 2, 26.97% Place: 1114,4:23:21 Pace: 20:06,4:23:21,4:23:35
531,Stacy Clark,F,39,"Lake Forest, CA",1117 out of 1119,593 out of 593,104 out of 104, 25.42% Place: 1116,4:28:08 Pace: 20:28,4:28:08,4:28:54
526,August Clark,M,9,"Lake Forest, CA",1118 out of 1119,525 out of 526,2 out of 2, 28.38% Place: 1112,4:28:34 Pace: 20:30,4:28:34,4:28:52
527,Greg Clark,M,39,"Lake Forest, CA",1119 out of 1119,526 out of 526,92 out of 92, 22.79% Place: 1117,4:28:36 Pace: 20:30,4:28:36,4:28:55
