Place,Name,Location,Bib,Net Time,Pace,Division/Place,Sex-Age,Sex-Place,Gun Time,Age Grade
1,Nick Mosey,"Yorba Linda, CA",1786,1:09:54,5:20,M 19-24/1,M-22,1,1:09:54,84.78%
2,Humberto Rojas,"Garden Grove, CA",1805,1:10:30,5:23,M 19-24/2,M-24,2,1:10:30,84.02%
3,John Healy,"Encinitas, CA",819,1:14:54,5:43,M 35-39/1,M-37,3,1:14:54,80.53%
4,Francisco Sandoval,"Santa Ana, CA",2776,1:16:49,5:52,M 30-34/1,M-33,4,1:16:59,77.24%
5,Jeffrey Redfern,"Saint Paul, MN",1798,1:17:54,5:57,M 25-29/1,M-26,5,1:17:55,76.03%
6,Joshua Bolliger,"Anaheim, CA",2851,1:18:45,6:01,M 13-18/1,M-18,6,1:18:45,78.01%
7,Daniel Rosales,"Beaumont, CA",1806,1:18:51,6:01,M 40-44/1,M-41,7,1:18:51,78.90%
8,Kevin Kleinhenz,"Los Angeles, CA",969,1:19:05,6:02,M 30-34/2,M-32,8,1:19:06,74.90%
9,Margaro Morales,"Anaheim, CA",2611,1:19:55,6:06,M 45-49/1,M-47,9,1:19:55,81.71%
10,Anthony Herr,"Tustin, CA",835,1:20:45,6:10,M 25-29/2,M-27,10,1:20:45,73.35%
11,Dan Arsenault,"Santa Ana, CA",338,1:21:34,6:14,M 45-49/2,M-46,11,1:21:34,79.40%
12,Jose Ramos,"Tustin, CA",2858,1:22:24,6:18,M 35-39/2,M-39,12,1:22:24,74.29%
13,Noah Patterson,"San Diego, CA",1247,1:22:34,6:18,M 35-39/3,M-36,13,1:22:34,72.62%
14,Ted Cotti,"Ojai, CA",2561,1:22:40,6:19,M 45-49/3,M-47,14,1:22:41,78.99%
15,Neal Rummler,"Cypress, CA",1377,1:22:42,6:19,M 13-18/2,M-18,15,1:22:46,74.28%
16,Jason Harris,"Pasadena, CA",807,1:23:04,6:21,M 25-29/3,M-28,16,1:23:05,71.30%
17,Tina Stiles,", ",2784,1:25:17,6:31,F 30-34/1,F-33,1,1:25:17,77.65%
18,Jason Baldwin,"Laguna Niguel, CA",1700,1:25:56,6:34,M 30-34/3,M-33,17,1:26:47,69.04%
19,Corey Collins,"San Juan Capistrano, CA",542,1:26:13,6:35,M 25-29/4,M-28,18,1:26:14,68.70%
20,Kyle O'Reilly,"Cypress, CA",1219,1:26:15,6:35,M 13-18/3,M-17,19,1:26:19,72.19%
21,Jason A Ray,"Yorba Linda, CA",3013,1:26:20,6:36,M 25-29/5,M-28,20,1:26:20,68.60%
22,Dan Miller,"Pomona, CA",1140,1:26:53,6:38,M 25-29/6,M-26,21,1:26:59,68.17%
23,Cecilio Aguilar,"La Habra, CA",1691,1:26:59,6:39,M 35-39/4,M-39,22,1:27:00,70.37%
24,Marvin Suntonvipart,"Playa Del Rey, CA",1512,1:27:04,6:39,M 30-34/4,M-34,23,1:27:07,68.29%
25,Parker Christian,"Cypress, CA",520,1:27:42,6:42,M 13-18/4,M-16,24,1:27:46,72.06%
26,Jesus Ramirez,"Lake Forest, CA",1311,1:27:57,6:43,M 40-44/2,M-43,25,1:28:00,71.84%
27,Dave Aronne,"Silverado, CA",3001,1:28:03,6:43,M 45-49/4,M-49,26,1:28:06,75.41%
28,William Carey,"San Diego, CA",3015,1:28:05,6:44,M 40-44/3,M-40,27,1:28:15,70.04%
29,Preston Switzer,"Huntington Beach, CA",1822,1:28:33,6:46,M 19-24/3,M-21,28,1:28:54,67.17%
30,Giovanny Cisneros,"Aliso Viejo, CA",525,1:28:35,6:46,M 30-34/5,M-33,29,1:28:41,66.97%
31,Lindsay Greco,"Hawthorne, CA",757,1:28:35,6:46,F 25-29/1,F-27,2,1:28:35,74.33%
32,Larry Davidson,"Dana Point, CA",573,1:28:38,6:46,M 50-54/1,M-52,30,1:28:38,76.87%
33,Kin'Dra Glavin,"Carlsbad, CA",730,1:28:44,6:47,F 25-29/2,F-28,3,1:28:44,74.22%
34,Dan Mccluskey,"Santa Barbara, CA",2786,1:28:46,6:47,M 50-54/2,M-51,31,1:28:46,76.09%
35,Dale Hutchinson,"Irvine, CA",885,1:29:00,6:48,M 45-49/5,M-48,32,1:29:01,73.98%
36,Eric Chebi,"Costa Mesa, CA",508,1:29:01,6:48,M 35-39/5,M-37,33,1:29:02,67.75%
37,Damien Gomez,"Santa Barbara, CA",737,1:29:26,6:50,M 19-24/4,M-24,34,1:29:29,66.23%
38,Joe Rzepiejewski,"Dana Point, CA",2730,1:29:26,6:50,M 40-44/4,M-43,35,1:29:28,70.66%
39,David Loud,"La Verne, CA",1054,1:29:28,6:50,M 40-44/5,M-43,36,1:29:30,70.64%
40,Jeffrey Gibson,"San Clemente, CA",719,1:30:02,6:53,M 50-54/3,M-51,37,1:30:04,75.02%
41,Don Waggett,"Carlsbad, CA",1609,1:30:05,6:53,M 60-64/1,M-60,38,1:30:07,81.27%
42,Farley Spector,"Easton, MD",1473,1:30:10,6:53,M 55-59/1,M-56,39,1:30:13,78.28%
43,Mike Dietz,"Laguna Niguel, CA",2841,1:30:29,6:55,M 45-49/6,M-45,40,1:30:32,70.98%
44,Kevin Kong,"Irvine, CA",1762,1:31:01,6:57,M 45-49/7,M-46,41,1:31:04,71.15%
45,Brian White,"Laguna Hills, CA",1630,1:31:16,6:58,M 35-39/6,M-36,42,1:31:16,65.70%
46,Henry Canales,"Costa Mesa, CA",3105,1:31:23,6:59,M 40-44/6,M-42,43,1:31:26,68.61%
47,Robert Murray,"San Diego, CA",1788,1:31:46,7:00,M 25-29/7,M-25,44,1:31:48,64.54%
48,Ruben Rodriguez,"Bellflower, CA",3354,1:32:09,7:02,M 45-49/8,M-46,45,1:32:13,70.28%
49,Timothy Sullivan,"Lake Forest, CA",1511,1:32:24,7:03,M 40-44/7,M-43,46,1:32:25,68.39%
50,Gustavo Gaytan,"La Habra, CA",1735,1:32:32,7:04,M 30-34/6,M-34,47,1:32:34,64.26%
51,Orian Price,"Laguna Woods, CA",2544,1:32:36,7:04,M 25-29/8,M-27,48,1:32:43,63.96%
52,Robert Hillery,"Carlsbad, CA",848,1:32:37,7:04,M 25-29/9,M-27,49,1:32:50,63.95%
53,Tom Mountain,"Long Beach, CA",2910,1:33:17,7:07,M 50-54/4,M-50,50,1:33:22,71.78%
54,Raul Gutierrez,"Mission Viejo, CA",776,1:33:33,7:09,M 50-54/5,M-54,51,1:33:33,74.11%
55,Dave Langford,"Dana Point, CA",998,1:33:36,7:09,M 25-29/10,M-28,52,1:33:38,63.28%
56,Chris Davis,"Huntington Beach, CA",576,1:33:51,7:10,M 35-39/7,M-36,53,1:33:51,63.89%
57,Ginny Story,"San Juan Capistrano, CA",1502,1:33:59,7:11,F 40-44/1,F-40,4,1:33:59,73.07%
58,Ben Eicholtz,"Laguna Niguel, CA",2545,1:34:06,7:11,M 35-39/8,M-35,54,1:34:12,63.42%
59,David Stone,"Long Beach, CA",1501,1:34:08,7:11,M 13-18/5,M-16,55,1:34:34,67.13%
60,Rozanne Strong,"Fullerton, CA",1821,1:34:20,7:12,F 45-49/1,F-48,5,1:34:20,79.30%
61,Seth Morgan,"Orange, CA",1163,1:34:24,7:13,M 25-29/11,M-29,56,1:34:44,62.74%
62,Richard Eldridge,"Orange, CA",627,1:34:24,7:13,M 50-54/6,M-50,57,1:34:25,70.93%
63,Stephen Singer,"Huntington Beach, CA",2596,1:34:29,7:13,M 40-44/8,M-44,58,1:34:33,67.43%
64,Ronald Saetermoe,"Laguna Niguel, CA",1393,1:34:40,7:14,M 50-54/7,M-53,59,1:34:41,72.60%
65,Andy Soto,"Victorville, CA",3101,1:34:56,7:15,M 35-39/9,M-38,60,1:35:02,63.99%
66,Arnold Burke,"Lake Forest, CA",2722,1:35:00,7:15,M 45-49/9,M-45,61,1:35:03,67.61%
67,Michael Depasquale,"Orange, CA",1718,1:35:08,7:16,M 50-54/8,M-51,62,1:35:25,71.00%
68,Ben Turriettc,"Whittier, CA",2674,1:35:21,7:17,M 30-34/7,M-33,63,1:35:42,62.22%
69,Christopher Rosario,"Cerritos, CA",1356,1:35:25,7:17,M 35-39/10,M-37,64,1:35:30,63.21%
70,Mike Catanzaro,"Aliso Viejo, CA",2564,1:35:30,7:18,M 35-39/11,M-36,65,1:35:58,62.79%
71,Glenn Ballantyne,"Aliso Viejo, CA",356,1:35:41,7:18,M 45-49/10,M-47,66,1:35:43,68.24%
72,Rick Delanty,"San Clemente, CA",586,1:35:46,7:19,M 55-59/2,M-58,67,1:35:48,75.04%
73,Darren Harris,"Huntington Beach, CA",806,1:35:51,7:19,M 30-34/8,M-31,68,1:36:05,61.79%
74,Richard Pinarija,"Aliso Viejo, CA",1793,1:35:59,7:20,M 45-49/11,M-46,69,1:36:36,67.47%
75,Rudy Carrion,"Irvine, CA",486,1:36:06,7:20,M 35-39/12,M-38,70,1:36:12,63.21%
76,Allison Kelley,"Yorba Linda, CA",940,1:36:16,7:21,F 25-29/3,F-26,6,1:36:26,68.40%
77,Steven Lee,"Long Beach, CA",1018,1:36:26,7:22,M 45-49/12,M-48,71,1:36:45,68.28%
78,Anthony Saglembeni,"Ladera Ranch, CA",1394,1:36:33,7:22,M 45-49/13,M-46,72,1:36:36,67.08%
79,Jennifer Buckley,"Newport Coast, CA",438,1:36:43,7:23,F 50-54/1,F-51,7,1:36:43,80.33%
80,Mary Decker,"Mission Viejo, CA",2855,1:36:50,7:24,F 45-49/2,F-48,8,1:37:02,77.22%
81,Julie Bertoia,"Henderson, NV",393,1:36:52,7:24,F 30-34/2,F-32,9,1:36:56,68.18%
82,Aaron Morgan,"Villa Park, CA",1161,1:36:56,7:24,M 13-18/6,M-16,73,1:37:17,65.19%
83,Eric Q Hinds,"Oceanside, CA",3093,1:36:59,7:24,M 30-34/9,M-32,74,1:37:00,61.09%
84,Hailey Jackett,"Mission Viejo, CA",1752,1:37:07,7:25,F 40-44/2,F-43,10,1:37:11,72.61%
85,Steven Smith,"Cypress, CA",2606,1:37:09,7:25,M 45-49/14,M-49,75,1:37:14,68.34%
86,Mark Luer,"Irvine, CA",3209,1:37:12,7:25,M 45-49/15,M-46,76,1:37:35,66.63%
87,Tim Willette,"Perris, CA",1642,1:37:17,7:26,M 50-54/9,M-53,77,1:39:17,70.65%
88,Todd Huckins,"Bellflower, CA",1905,1:37:21,7:26,M 45-49/16,M-46,78,1:37:41,66.52%
89,Scott Hysler,"Rancho Santa Margarita, CA",888,1:37:22,7:26,M 45-49/17,M-46,79,1:37:22,66.51%
90,Jorge Hernandez,"Garden Grove, CA",3452,1:37:23,7:26,M 40-44/9,M-42,80,1:37:41,64.38%
91,Lorena Ocon,"Inglewood, CA",2768,1:37:24,7:26,F 40-44/3,F-41,11,1:37:25,71.06%
92,Enrique Rodriguez,", ",2704,1:37:28,7:27,M 45-49/18,M-49,81,1:37:30,68.12%
93,Mike Burridge,"Laguna Niguel, CA",447,1:37:29,7:27,M 45-49/19,M-48,82,1:37:29,67.54%
94,Mac Clover,"Richland Hills, TX",538,1:37:30,7:27,M 50-54/10,M-54,83,1:37:59,71.11%
95,Timothy Wilson,"Vista, CA",2504,1:37:31,7:27,M 40-44/10,M-42,84,1:37:47,64.29%
96,Mary Leicht,"Wrightwood, CA",3002,1:37:32,7:27,F 35-39/1,F-39,12,1:37:39,69.89%
97,Joe Sotelo,"Anaheim, CA",2806,1:37:34,7:27,M 45-49/20,M-48,85,1:37:41,67.49%
98,Joseph Smith,"Laguna Niguel, CA",1460,1:37:34,7:27,M 45-49/21,M-49,86,1:37:36,68.05%
99,Stephanie Grant,"Rancho Santa Margarita, CA",3352,1:37:39,7:27,F 25-29/4,F-29,13,1:37:53,67.43%
100,Jerry Dinowitz,"Northridge, CA",597,1:37:49,7:28,M 50-54/11,M-52,87,1:37:49,69.65%
101,Jason Perkins,"Buena Park, CA",1269,1:37:55,7:29,M 35-39/13,M-38,88,1:38:05,62.04%
102,Dori Patterson,"Del Mar, CA",1246,1:37:58,7:29,F 45-49/3,F-49,14,1:38:00,77.28%
103,Zach Madewell,"Santa Barbara, CA",1078,1:38:07,7:30,M NoAge/0,M-0,89,1:38:14, 0.00%
104,Bruce Guter,"Fullerton, CA",775,1:38:14,7:30,M 50-54/12,M-54,90,1:38:15,70.58%
105,Warren Booth,"Laguna Hills, CA",1853,1:38:15,7:30,M 40-44/11,M-44,91,1:38:17,64.85%
106,Darrin Jelly,"Aliso Viejo, CA",906,1:38:20,7:31,M 35-39/14,M-39,92,1:39:23,62.25%
107,Debra Boyd,"Westlake Village, CA",420,1:38:25,7:31,F 35-39/2,F-35,15,1:38:33,67.73%
108,Brian Werner,"Cypress, CA",1624,1:38:29,7:31,M 45-49/22,M-45,93,1:38:34,65.22%
109,Brian Blair,"Rancho Santa Margarita, CA",3353,1:38:32,7:31,M 30-34/10,M-30,94,1:38:46,60.11%
110,Doug Gibson,"Encinitas, CA",718,1:38:32,7:31,M 40-44/12,M-41,95,1:38:35,63.12%
111,Adam Nichols,"Newport Beach, CA",1203,1:38:32,7:31,M 25-29/12,M-27,96,1:38:44,60.11%
112,Jamie Collins,"San Diego, CA",3076,1:38:35,7:32,F 35-39/3,F-37,16,1:38:50,68.28%
113,Randy Kush,"Van Nuys, CA",986,1:38:38,7:32,M 19-24/5,M-24,97,1:38:58,60.05%
114,Tom Dubin,"Wilmette, IL",610,1:38:53,7:33,M 45-49/23,M-46,98,1:38:57,65.49%
115,Marc Napolitano,"Azusa, CA",1187,1:38:54,7:33,M 35-39/15,M-39,99,1:39:02,61.89%
116,Shawn Ferrando,"Rancho Santa Margarita, CA",654,1:38:54,7:33,F 50-54/2,F-51,17,1:38:56,78.53%
117,Myriam Lane,"Laguna Hills, CA",997,1:39:00,7:34,F 35-39/4,F-37,18,1:39:39,67.99%
118,Mike Kidder,"Kansas City, MO",956,1:39:00,7:34,M 40-44/13,M-42,100,1:39:11,63.33%
119,Eric Ball,"Irvine, CA",1846,1:39:09,7:34,M 30-34/11,M-33,101,1:39:14,59.84%
120,Paul Miller,"Diamond Bar, CA",1144,1:39:13,7:35,M 35-39/16,M-39,102,1:40:30,61.69%
121,John Shaver,"Valencia, CA",1973,1:39:34,7:36,M 35-39/17,M-38,103,1:39:41,61.01%
122,Steve Nameroff,"San Clemente, CA",1943,1:39:36,7:36,M 45-49/24,M-46,104,1:39:40,65.02%
123,Alex Celani,"Laguna Hills, CA",3356,1:39:38,7:37,M 50-54/13,M-51,105,1:39:43,67.78%
124,Todd Zebert,"Encino, CA",2854,1:39:40,7:37,M 40-44/14,M-40,106,1:39:42,61.90%
125,Kelly Tisone,"Orange, CA",3351,1:39:45,7:37,F 35-39/5,F-38,19,1:39:50,67.86%
126,Lewis Butler,"Coto De Caza, CA",454,1:39:57,7:38,M 45-49/25,M-46,107,1:40:02,64.79%
127,Andrew Vasquez,"Carson, CA",1587,1:40:09,7:39,M 35-39/18,M-36,108,1:44:44,59.87%
128,Robin Lee Wilhelm,"Cerritos, CA",1641,1:40:20,7:40,F 45-49/4,F-49,20,1:42:44,75.46%
129,Kamie Asciak,", ",2559,1:40:26,7:40,F 35-39/6,F-39,21,1:41:17,67.87%
130,Samantha Pash,"Corona Del Mar, CA",1242,1:40:37,7:41,F 30-34/3,F-30,22,1:40:42,65.46%
131,Lora Wesolowski,"Coto De Caza, CA",1625,1:40:38,7:41,F 30-34/4,F-30,23,1:40:43,65.45%
132,Scott Barker,"San Pedro, CA",1701,1:40:39,7:41,M 50-54/14,M-51,109,1:40:39,67.11%
133,Elaine Rutkowski,"Laguna Niguel, CA",2680,1:40:39,7:41,F 50-54/3,F-53,24,1:40:42,79.19%
134,Alex Ungureanu,"Fountain Valley, CA",1569,1:40:45,7:42,M 25-29/13,M-27,110,1:41:43,58.79%
135,Jim Heller,"Anaheim, CA",1747,1:40:48,7:42,M 60-64/2,M-61,111,1:42:24,73.31%
136,Martin Stein,"Ladera Ranch, CA",3068,1:40:53,7:42,M 35-39/19,M-37,112,1:41:18,59.78%
137,Dave Anderson,"Irvine, CA",1694,1:41:02,7:43,M 45-49/26,M-47,113,1:41:06,64.63%
138,Darlene Liptak,"Redlands, CA",1036,1:41:06,7:43,F 40-44/4,F-42,25,1:41:13,69.08%
139,Brent Johnson,"Ladera Ranch, CA",912,1:41:09,7:43,M 35-39/20,M-39,114,1:42:05,60.51%
140,Brad Calvin,"Irvine, CA",467,1:41:09,7:43,M 40-44/15,M-42,115,1:41:14,61.98%
141,Kevin Rasmussen,"Tustin, CA",1315,1:41:10,7:43,M 25-29/14,M-27,116,1:45:13,58.54%
142,Elizabeth Anderson,"Brea, CA",329,1:41:12,7:44,F 25-29/5,F-28,26,1:41:22,65.06%
143,Steven Short,"Aliso Viejo, CA",3014,1:41:15,7:44,M 30-34/12,M-32,117,1:41:52,58.51%
144,Peter Paterson,"Mission Viejo, CA",1243,1:41:15,7:44,M 50-54/15,M-54,118,1:41:31,68.47%
145,Justin Bernard,"Irvine, CA",3203,1:41:19,7:44,M 25-29/15,M-29,119,1:41:35,58.46%
146,Valerie Kesler,"Newport Beach, CA",1912,1:41:20,7:44,F 45-49/5,F-45,27,1:41:21,71.15%
147,Tom Carpenter,"Laguna Hills, CA",483,1:41:20,7:44,M 50-54/16,M-54,120,1:41:40,68.42%
148,Howard Parkins,"Burbank, CA",1237,1:41:20,7:44,M 45-49/27,M-48,121,1:42:08,64.98%
149,Robbin Muller,"Encinitas, CA",1174,1:41:21,7:44,F 40-44/5,F-42,28,1:41:31,68.91%
150,Eddie Ferguson,"Rancho Santa Margarita, CA",3359,1:41:21,7:44,M 45-49/28,M-46,122,1:41:23,63.90%
151,Jerry Weitzman,"Ladera Ranch, CA",2952,1:41:28,7:45,M 35-39/21,M-36,123,1:41:40,59.09%
152,Chuck Gleason,"Costa Mesa, CA",3102,1:41:41,7:46,M 45-49/29,M-49,124,1:42:30,65.30%
153,Edys Gauger,"Irvine, CA",707,1:41:52,7:47,F 50-54/4,F-53,29,1:41:59,78.25%
154,Robert Brackett,"Carlsbad, CA",422,1:42:11,7:48,M 35-39/22,M-39,125,1:42:26,59.90%
155,Kevin Dunkley,"Mission Viejo, CA",615,1:42:13,7:48,M 30-34/13,M-31,126,1:42:21,57.93%
156,Swava Stengel,"Sherman Oaks, CA",1491,1:42:14,7:48,F 25-29/6,F-29,30,1:42:15,64.41%
157,Ron Kelpe,"Trabuco Canyon, CA",943,1:42:27,7:49,M 50-54/17,M-52,127,1:42:48,66.49%
158,Angie Stoller,"Coto De Caza, CA",1498,1:42:29,7:49,F 35-39/7,F-36,31,1:42:40,65.34%
159,Jessica Chiaverini,"Laguna Niguel, CA",2644,1:42:29,7:50,F 35-39/8,F-39,32,1:42:36,66.51%
160,Steve Knoell,"Irvine, CA",2672,1:42:32,7:50,M 45-49/30,M-47,128,1:42:41,63.68%
161,Quinn Pina,"Seattle, CA",1957,1:42:34,7:50,F 19-24/1,F-22,33,1:42:36,64.20%
162,Mason Ford,"Murrieta, CA",668,1:42:40,7:50,M 40-44/16,M-40,129,1:43:12,60.09%
163,Wayne Liem,"Rancho Santa Margarita, CA",1029,1:42:44,7:51,M 45-49/31,M-47,130,1:42:44,63.56%
164,Paige Mason,"Aliso Viejo, CA",1777,1:42:51,7:51,F 35-39/9,F-38,34,1:42:56,65.82%
165,Michael Schwartz,"Lake Forest, CA",1422,1:42:52,7:51,M 50-54/18,M-51,131,1:47:32,65.66%
166,Ryan Heuser,"Costa Mesa, CA",840,1:42:57,7:52,M 35-39/23,M-36,132,1:43:00,58.24%
167,Lori Preston,"Arlington, VA",3053,1:42:57,7:52,F 35-39/10,F-38,35,1:43:02,65.75%
168,Rhoda Shaver,"Irvine, CA",1435,1:43:01,7:52,F 35-39/11,F-37,36,1:43:04,65.34%
169,Christina Krusiewicz,"Lake Forest, CA",979,1:43:03,7:52,F 30-34/5,F-30,37,1:43:08,63.91%
170,David Schaefer,"Irvine, CA",3109,1:43:03,7:52,M 45-49/32,M-46,133,1:43:20,62.84%
171,Michael Zurovski,"Coto De Caza, CA",1689,1:43:19,7:53,M 40-44/17,M-44,134,1:44:11,61.67%
172,Ignacio Mena,"Foothill Ranch, CA",2756,1:43:23,7:54,M 45-49/33,M-45,135,1:43:41,62.13%
173,Todd Szkotnicki,"Ladera Ranch, CA",1517,1:43:27,7:54,M 35-39/24,M-35,136,1:44:30,57.69%
174,Douglas Earl,"Costa Mesa, CA",620,1:43:44,7:55,M 35-39/25,M-38,137,1:44:35,58.56%
175,Cynthia Vasquez,"Ladera Ranch, CA",1987,1:43:52,7:56,F 30-34/6,F-31,38,1:45:41,63.49%
176,Mitch Hill,"Trabuco Canyon, CA",3064,1:43:53,7:56,M 50-54/19,M-50,138,1:44:00,64.46%
177,Paula Berneathy-Nygren,"Lake Elsinore, CA",390,1:44:06,7:57,F 35-39/12,F-37,39,1:44:19,64.66%
178,Erika Kotteakos,"Laguna Niguel, CA",2905,1:44:08,7:57,F 40-44/6,F-40,40,1:44:21,65.94%
179,Corey Cooper,"Huntington Beach, CA",549,1:44:08,7:57,F 25-29/7,F-29,41,1:44:24,63.23%
180,Jeff Carter,"Laguna Hills, CA",488,1:44:10,7:57,M 45-49/34,M-47,139,1:44:12,62.68%
181,James Lamparter,"Laguna Hills, CA",994,1:44:12,7:57,M 40-44/18,M-42,140,1:44:46,60.17%
182,James Frazier,"Torrance, CA",687,1:44:20,7:58,M 45-49/35,M-45,141,1:44:35,61.56%
183,Kyle Daly,"Placentia, CA",563,1:44:21,7:58,M 19-24/6,M-20,142,1:44:42,57.43%
184,Mark Becker,"Aliso Viejo, CA",2503,1:44:25,7:58,M 50-54/20,M-51,143,1:44:43,64.69%
185,Lyra Seitman,"Scottsdale, AZ",1430,1:44:27,7:59,F 30-34/7,F-34,42,1:44:38,63.58%
186,Noel Baggett,"Mission Viejo, CA",351,1:44:28,7:59,M 30-34/14,M-34,144,1:44:31,56.92%
187,Dave Sprenger,"San Clemente, CA",1478,1:44:31,7:59,M 45-49/36,M-49,145,1:44:37,63.52%
188,Coleen Reinertson,"Placentia, CA",2951,1:44:35,7:59,F 40-44/7,F-43,43,1:44:40,67.42%
189,Jesse Gonzalez,"Laguna Hills, CA",742,1:44:36,7:59,M 13-18/7,M-14,146,1:44:51,62.74%
190,Luis Rodriguez,"Long Beach, CA",1349,1:44:41,8:00,M 30-34/15,M-34,147,1:45:06,56.80%
191,Lori McInerney,"Ladera Ranch, CA",1112,1:44:42,8:00,F 30-34/8,F-33,44,1:45:47,63.22%
192,Michael Forte,"Mission Viejo, CA",2552,1:44:43,8:00,M 40-44/19,M-41,148,1:45:01,59.39%
193,Erik Johnson,"Aliso Viejo, CA",2848,1:44:46,8:00,M 40-44/20,M-42,149,1:44:55,59.84%
194,Robin Conlon,"Los Alamitos, CA",545,1:44:49,8:00,F 30-34/9,F-34,45,1:55:19,63.36%
195,Alan Rosenberg,"Dana Point, CA",1361,1:44:53,8:00,M 55-59/3,M-57,150,1:50:22,67.90%
196,Susan Nunn,"Monument, CO",2742,1:44:54,8:01,F 35-39/13,F-38,46,1:44:59,64.53%
197,Robert Carpenter,"Costa Mesa, CA",1865,1:44:57,8:01,M 30-34/16,M-33,151,1:45:48,56.53%
198,Mike Perez,"Riverside, CA",1956,1:44:58,8:01,M 25-29/16,M-29,152,1:45:49,56.42%
199,Edward Monsour,"Laguna Niguel, CA",2570,1:45:06,8:01,M 50-54/21,M-54,153,1:45:14,65.96%
200,Dan Obannon,"Santa Ana, CA",3077,1:45:07,8:02,M 45-49/37,M-46,154,1:45:16,61.61%
201,Bruce Smerker,"Ladera Ranch, CA",1814,1:45:08,8:02,M 40-44/21,M-40,155,1:45:20,58.68%
202,Katie Desplinter,"Los Angeles, CA",2647,1:45:23,8:03,F 25-29/8,F-26,47,1:45:35,62.48%
203,Emily Carlson,"Helendale, CA",480,1:45:26,8:03,F 30-34/10,F-34,48,1:45:44,62.99%
204,Jennifer Bartlett,"Foothill Ranch, CA",367,1:45:36,8:04,F 40-44/8,F-41,49,1:48:34,65.54%
205,Dean Liptak,"Redlands, CA",1037,1:45:38,8:04,M 40-44/22,M-41,156,1:45:46,58.88%
206,Matthew Reeves,"Long Beach, CA",1324,1:45:38,8:04,M 25-29/17,M-29,157,1:46:17,56.07%
207,Jonathan Huckabay,"Orange, CA",875,1:45:41,8:04,M 30-34/17,M-31,158,1:46:20,56.04%
208,Christina Villena,"Long Beach, CA",1600,1:45:42,8:04,F 30-34/11,F-32,50,1:45:52,62.48%
209,Juliet Corsinita,"Mission Viejo, CA",551,1:45:53,8:05,F 35-39/14,F-38,51,1:46:23,63.93%
210,Dan Adams,"Pinon Hills, CA",308,1:45:54,8:05,M 60-64/3,M-60,159,1:46:02,69.13%
211,Lani Darby,"Anaheim, CA",3071,1:45:55,8:05,F 40-44/9,F-40,52,1:46:45,64.83%
212,Sarah Leaf,"Corona Del Mar, CA",1918,1:46:00,8:06,F 25-29/9,F-26,53,1:46:14,62.12%
213,Jason Charvat,"Pasadena, CA",503,1:46:01,8:06,M 25-29/18,M-29,160,1:46:35,55.86%
214,Tony Garratt,"San Diego, CA",705,1:46:09,8:06,M 40-44/23,M-43,161,1:46:25,59.53%
215,Paige Tecca,"Laguna Niguel, CA",2584,1:46:15,8:07,F 40-44/10,F-42,54,1:46:38,65.74%
216,Kevin Murphy,"Long Beach, CA",2835,1:46:20,8:07,M 35-39/26,M-36,162,1:46:31,56.39%
217,Robyn Roybal,"Rancho Cucamonga, CA",2829,1:46:24,8:07,F 45-49/6,F-48,55,1:46:32,70.28%
218,Stephanie Cole,"Ladera Ranch, CA",541,1:46:42,8:09,F 30-34/12,F-33,56,1:47:47,62.04%
219,Jason Claros,"Ventura, CA",3094,1:46:42,8:09,M 25-29/19,M-28,163,1:52:21,55.51%
220,Michael Kendrick,"Placentia, CA",946,1:46:48,8:09,M 45-49/38,M-49,164,1:46:58,62.17%
221,Miguel Muniz,"Lake Forest, CA",1175,1:46:50,8:09,M 35-39/27,M-37,165,1:47:07,56.45%
222,Mike Burke,"Torrance, CA",1708,1:46:53,8:10,M 45-49/39,M-46,166,1:46:56,60.59%
223,Roger Greene,"Coto De Caza, CA",1894,1:47:03,8:10,M 50-54/22,M-54,167,1:47:20,64.76%
224,Kory Wheeler,"Monrovia, CA",1626,1:47:04,8:10,M 19-24/7,M-19,168,1:47:38,56.61%
225,Mark Abbasi,"Placentia, CA",301,1:47:04,8:10,M 30-34/18,M-31,169,1:47:16,55.32%
226,Tiffany Payton-Jameson,"Irvine, CA",1255,1:47:04,8:10,F 30-34/13,F-34,57,1:47:15,62.03%
227,Chris Elmer,"Playa Del Rey, CA",630,1:47:08,8:11,M 25-29/20,M-25,170,1:47:25,55.28%
228,Craig Rothenburger,"Dana Point, CA",1809,1:47:13,8:11,M 55-59/4,M-57,171,1:47:16,66.42%
229,Jessica Baughman,"Yorba Linda, CA",1847,1:47:16,8:11,F 35-39/15,F-35,58,1:47:22,62.14%
230,Ryan Dalrymple,"Costa Mesa, CA",562,1:47:16,8:11,M 35-39/28,M-35,172,1:47:43,55.63%
231,Tara Termezy,"Long Beach, CA",1981,1:47:17,8:11,F 35-39/16,F-35,59,1:47:28,62.13%
232,Chris Lavender,"Aliso Viejo, CA",1765,1:47:19,8:12,M 35-39/29,M-36,173,1:47:32,55.87%
233,Matt Ellis,"Temecula, CA",628,1:47:22,8:12,M 25-29/21,M-29,174,1:47:31,55.16%
234,Chris Ledbetter,"Aliso Viejo, CA",1921,1:47:28,8:12,M 35-39/30,M-35,175,1:48:19,55.53%
235,Maya Kass,"Irvine, CA",1911,1:47:33,8:13,F 35-39/17,F-39,60,1:47:50,63.38%
236,John Oribe,"Vista, CA",1791,1:47:39,8:13,M 35-39/31,M-39,176,1:48:02,56.86%
237,Jeremy Cookson,"Tehachapi, CA",547,1:47:45,8:14,M 25-29/22,M-26,177,1:48:39,54.97%
238,Don Hoffman,"Santa Monica, CA",1900,1:47:46,8:14,M 40-44/24,M-40,178,1:48:04,57.24%
239,Douglas Evertz,"Irvine, CA",1723,1:47:55,8:14,M 45-49/40,M-48,179,1:48:04,61.01%
240,Jose Flores,"Mission Viejo, CA",1727,1:48:00,8:15,M 55-59/5,M-55,180,1:48:08,64.76%
241,Sterling Kwong,"Buena Park, CA",987,1:48:02,8:15,M 35-39/32,M-38,181,1:52:35,56.23%
242,Carlos Duron,"Mission Viejo, CA",2662,1:48:08,8:15,M 50-54/23,M-52,182,1:48:18,63.00%
243,Jenna Willey,"Mission Viejo, CA",1836,1:48:09,8:15,F 13-18/1,F-16,61,1:48:21,63.86%
244,Ron Heller,"Honolulu, HI",823,1:48:10,8:16,M 50-54/24,M-52,183,1:48:21,62.98%
245,Kathy Whitaker,"San Clemente, CA",1629,1:48:13,8:16,F 50-54/5,F-54,62,1:48:49,74.63%
246,Ian Andes,"Los Angeles, CA",1842,1:48:16,8:16,M 30-34/19,M-33,184,1:49:23,54.80%
247,Max Andes,"Los Angeles, CA",1695,1:48:16,8:16,M 40-44/25,M-40,185,1:49:23,56.98%
248,Paul Bartlett,"Foothill Ranch, CA",368,1:48:17,8:16,M 40-44/26,M-42,186,1:48:32,57.90%
249,Laura Clements,"Buena Park, CA",535,1:48:21,8:16,F 30-34/14,F-34,63,1:48:38,61.29%
250,Mark Lee,"Corona, CA",1017,1:48:23,8:17,M 35-39/33,M-36,187,1:48:34,55.32%
251,Brenda Zizzo,"Laguna Niguel, CA",2605,1:48:30,8:17,F 35-39/18,F-37,64,1:48:42,62.04%
252,Kate Leclerc,"Aliso Viejo, CA",1919,1:48:36,8:18,F 50-54/6,F-52,65,1:48:43,72.43%
253,Rosa Garcia,"San Clemente, CA",1732,1:48:40,8:18,F 45-49/7,F-46,66,1:48:41,67.14%
254,Brad Fowers,"Tustin, CA",677,1:48:41,8:18,M 25-29/23,M-28,188,1:49:35,54.49%
255,Jenny Stahl,"Oceanside, CA",1484,1:48:47,8:18,F 45-49/8,F-45,67,1:48:57,66.27%
256,Francisco Rodriguez,"Irvine, CA",1348,1:48:48,8:18,M 35-39/34,M-39,189,1:49:25,56.26%
257,Melvin Desembrana,"Santa Maria, CA",593,1:48:50,8:19,M 40-44/27,M-44,190,1:48:56,58.54%
258,Alex Popof,"Studio City, CA",3062,1:48:56,8:19,M 13-18/8,M-17,191,1:48:59,57.15%
259,Alexander Popof,"Studio City, CA",3061,1:48:56,8:19,M 50-54/25,M-53,192,1:48:59,63.09%
260,Christina Latham,"Aliso Viejo, CA",1004,1:49:04,8:20,F 25-29/10,F-27,68,1:49:13,60.37%
261,Hans Van Der Laan,"Aliso Viejo, CA",1577,1:49:07,8:20,M 45-49/41,M-48,193,1:49:22,60.34%
262,Yuichi Oi,"Mission Viejo, CA",1222,1:49:09,8:20,M 30-34/20,M-32,194,1:49:31,54.28%
263,Tim Eastep,"Silver City, NM",3113,1:49:13,8:20,M 40-44/28,M-44,195,1:50:07,58.33%
264,Caitlin Moore,"Riverside, CA",1156,1:49:16,8:21,F 19-24/2,F-22,69,1:49:37,60.26%
265,David Goforth,"Mission Viejo, CA",733,1:49:21,8:21,M 55-59/6,M-57,196,1:49:39,65.12%
266,Joe Kubicki,"San Diego, CA",980,1:49:22,8:21,M 30-34/21,M-33,197,1:49:46,54.24%
267,Becky Auerbach,"Irvine, CA",344,1:49:23,8:21,F 45-49/9,F-49,70,1:49:39,69.22%
268,Ron Morgan,"Villa Park, CA",1162,1:49:25,8:21,M 55-59/7,M-56,198,1:49:45,64.50%
269,Amber Varvel,"Chandler, AZ",1586,1:49:26,8:21,F 35-39/19,F-35,71,1:49:30,60.91%
270,Michael Vishnevets,"San Marcos, CA",3011,1:49:33,8:22,M 40-44/29,M-41,199,1:50:31,56.77%
271,Danielle Purcell,"Aliso Viejo, CA",1298,1:49:35,8:22,F 30-34/15,F-33,72,1:49:40,60.40%
272,Eric Dangott,"Tustin, CA",567,1:49:41,8:22,M 35-39/35,M-35,200,1:49:44,54.41%
273,Jeri Salazar,"Irvine, CA",2550,1:49:43,8:23,F 35-39/20,F-39,73,1:49:49,62.12%
274,Eugene Levings,"Vista, CA",1025,1:49:46,8:23,M 65-69/1,M-67,201,1:49:55,71.36%
275,Tayla Nevo,"Corona Del Mar, CA",1197,1:49:46,8:23,F 45-49/10,F-49,74,1:49:58,68.97%
276,Annette Van Der Laan,"Aliso Viejo, CA",1576,1:49:51,8:23,F 45-49/11,F-47,75,1:50:05,67.24%
277,Arthur Stone,"Laguna Niguel, CA",1500,1:49:54,8:23,M 55-59/8,M-55,202,1:50:20,63.64%
278,Ronald Voss,"Anaheim, CA",1604,1:49:59,8:24,M 40-44/30,M-44,203,1:50:16,57.93%
279,Chris Frankos,"Ladera Ranch, CA",684,1:50:09,8:25,M 30-34/22,M-34,204,1:52:07,53.98%
280,Dawn Jackson,"Glendora, CA",898,1:50:15,8:25,F 40-44/11,F-42,76,1:50:21,63.35%
281,Brian Edwards,"Mission Viejo, CA",2580,1:50:16,8:25,M 40-44/31,M-41,205,1:50:29,56.40%
282,Mark Korth,"Ladera Ranch, CA",1763,1:50:18,8:25,M 40-44/32,M-40,206,1:50:52,55.93%
283,Lisa McKowan,"Laguna Niguel, CA",2528,1:50:25,8:26,F 30-34/16,F-30,77,1:50:29,59.65%
284,Megan Bewsey,"Holladay, UT",1704,1:50:27,8:26,F 19-24/3,F-24,78,1:51:00,59.61%
285,James Morris,"Aliso Viejo, CA",1166,1:50:28,8:26,M 70-74/1,M-71,207,1:50:36,73.92%
286,Todd Kiker,"Carlsbad, CA",960,1:50:31,8:26,M 35-39/36,M-37,208,1:50:47,54.57%
287,Danielle Vallome,"Laguna Hills, CA",1575,1:50:33,8:26,F 30-34/17,F-31,79,1:51:11,59.65%
288,Adam Seitman,"Scottsdale, AZ",1429,1:50:36,8:27,M 30-34/23,M-34,209,1:50:47,53.76%
289,Corey Phipps,"Forestville, CA",1283,1:50:50,8:28,M 35-39/37,M-37,210,1:51:14,54.41%
290,Thomas Morse,"San Clemente, CA",1785,1:50:51,8:28,M 50-54/26,M-52,211,1:51:00,61.46%
291,Lindsay Janke,"Brea, CA",903,1:50:56,8:28,F 19-24/4,F-22,80,1:54:18,59.34%
292,Daniel Sterns,"San Juan Capistrano, CA",1493,1:50:58,8:28,M 40-44/33,M-44,212,1:51:06,57.41%
293,Amy Katz,"Irvine, CA",935,1:51:02,8:29,F 35-39/21,F-38,81,1:51:16,60.97%
294,Mark Bauer,"San Juan Capistrano, CA",374,1:51:11,8:29,M 50-54/27,M-54,213,1:51:27,62.35%
295,Jenny Clouse,"Chandler, AZ",536,1:51:14,8:30,F 30-34/18,F-33,82,1:51:18,59.51%
296,Lisa Kulovitz,"Anaheim, CA",983,1:51:24,8:30,F 25-29/11,F-27,83,1:53:36,59.11%
297,Sophia Goggins,"Orange, CA",2553,1:51:24,8:30,F 30-34/19,F-34,84,1:53:36,59.61%
298,Angel Chen,"Anaheim, CA",510,1:51:24,8:30,F 30-34/20,F-32,85,1:53:36,59.28%
299,Elise Paty,"La Mirada, CA",1248,1:51:24,8:30,F 19-24/5,F-20,86,1:52:17,59.14%
300,Peter Lew,"Laguna Hills, CA",1767,1:51:30,8:31,M 45-49/42,M-48,214,1:51:42,59.05%
301,Lanell Smith,"San Marcos, CA",1462,1:51:34,8:31,F 35-39/22,F-39,87,1:51:43,61.09%
302,Jeffrey Hallock,"La Habra, CA",785,1:51:41,8:32,M 30-34/24,M-33,215,1:52:32,53.12%
303,Gregory Black,"Carlsbad, CA",1705,1:51:46,8:32,M 45-49/43,M-47,216,1:52:16,58.42%
304,Maddy Dapper,"Rancho Santa Margarita, CA",569,1:51:56,8:33,F 13-18/2,F-17,88,1:52:08,60.63%
305,Baker Morphy,"Huntington Beach, CA",1165,1:51:58,8:33,M 30-34/25,M-31,217,1:52:12,52.90%
306,Ryan Jones,"Ladera Ranch, CA",3065,1:52:02,8:33,M 35-39/38,M-38,218,1:52:37,54.22%
307,Rj Kern,"Rsm, CA",947,1:52:07,8:34,M 35-39/39,M-37,219,1:52:24,53.79%
308,Andrew Jackson,"San Clemente, CA",1754,1:52:07,8:34,M 40-44/34,M-40,220,1:52:25,55.03%
309,Doug Thomas,"Aliso Viejo, CA",2547,1:52:08,8:34,M 35-39/40,M-37,221,1:53:01,53.78%
310,Marty Ardron,"Phillips Ranch, CA",1697,1:52:14,8:34,M 40-44/35,M-42,222,1:52:28,55.86%
311,Mark Arenal,"San Juan Capistrano, CA",1698,1:52:18,8:34,M 50-54/28,M-51,223,1:52:31,60.15%
312,Linda Chatham,"Newport Beach, CA",506,1:52:18,8:34,F 50-54/7,F-53,89,1:52:40,70.98%
313,Karen Flynn,"San Diego, CA",665,1:52:23,8:35,F 40-44/12,F-44,90,1:52:32,63.42%
314,Daniel Nesbitt,"La Jolla, CA",1195,1:52:24,8:35,M 45-49/44,M-45,224,1:52:44,57.14%
315,Greg Van Patten,"Mission Viejo, CA",1579,1:52:24,8:35,M 35-39/41,M-39,225,1:52:52,54.46%
316,Sean Clark,"Mission Viejo, CA",530,1:52:24,8:35,M 40-44/36,M-41,226,1:52:52,55.33%
317,Richard Muscio,"San Diego, CA",1180,1:52:27,8:35,M 50-54/29,M-50,227,1:54:44,59.55%
318,Tom Fatehi,"Ladera Ranch, CA",649,1:52:28,8:35,M 35-39/42,M-37,228,1:53:05,53.62%
319,Clara Ardron,"Phillips Ranch, CA",1696,1:52:30,8:35,F 40-44/13,F-42,91,1:52:43,62.08%
320,Alexandria McCarten,"San Clemente, CA",1932,1:52:31,8:35,F 30-34/21,F-30,92,1:52:52,58.53%
321,Don Hassua,", ",2702,1:52:33,8:36,M 50-54/30,M-54,229,1:52:41,61.60%
322,David Grethen,"Hermosa Beach, CA",760,1:52:47,8:37,M 50-54/31,M-50,230,1:53:17,59.37%
323,David Voss,"Laguna Niguel, CA",3086,1:52:48,8:37,M 40-44/37,M-44,231,1:53:02,56.48%
324,Katelyn Hunt,"Laguna Niguel, CA",882,1:52:49,8:37,F 25-29/12,F-28,93,1:53:13,58.36%
325,Todd Gallina,"Laguna Niguel, CA",699,1:52:49,8:37,M 40-44/38,M-41,232,1:53:56,55.13%
326,Debra Haybvrn,"Laguna Beach, CA",2654,1:52:50,8:37,F 45-49/12,F-47,94,1:52:51,65.46%
327,Marilee Foley,"Chula Vista, CA",1728,1:52:51,8:37,F 40-44/14,F-44,95,1:52:57,63.16%
328,Jessica Sabetian,"Aliso Viejo, CA",1967,1:52:53,8:37,F 25-29/13,F-29,96,1:53:12,58.33%
329,Eugene Kim,"Los Angeles, CA",1761,1:52:59,8:38,M 35-39/43,M-38,233,1:53:34,53.76%
330,Steven Ozer,"Tappan, NY",1230,1:53:02,8:38,M 60-64/4,M-62,234,1:53:27,65.99%
331,Eve Parsons,"Anaheim, CA",1241,1:53:04,8:38,F 35-39/23,F-39,97,1:55:16,60.28%
332,Claudia Rodriguera,"West Covina, CA",2706,1:53:04,8:38,F 35-39/24,F-36,98,1:56:34,59.22%
333,John Krafcik,"Coto De Caza, CA",977,1:53:12,8:39,M 45-49/45,M-47,235,1:53:51,57.68%
334,Rick Hicksted,"Laguna Niguel, CA",843,1:53:15,8:39,M 40-44/39,M-40,236,1:57:50,54.47%
335,Tim Hanahan,"Lake Elsinore, CA",1745,1:53:30,8:40,M 30-34/26,M-32,237,1:54:03,52.20%
336,Ron Aristondo,"Aliso Viejo, CA",335,1:53:31,8:40,M 30-34/27,M-33,238,1:54:18,52.26%
337,Tina Slagel,"Modesto, CA",1456,1:53:32,8:40,F 19-24/6,F-22,99,1:53:59,57.99%
338,Derek Godfrey,"Dove Canyon, CA",1891,1:53:35,8:40,M 45-49/46,M-46,239,1:55:20,57.01%
339,Richard Noer,"Fountain Valley, CA",1947,1:53:39,8:41,M 55-59/9,M-58,240,1:53:43,63.23%
340,Irma Nunez,"Montebello, CA",1212,1:53:45,8:41,F 40-44/15,F-40,100,1:55:06,60.36%
341,Hilary Mann,"Dana Point, CA",1087,1:53:47,8:41,F 35-39/25,F-36,101,1:54:18,58.85%
342,Andrea Beyer,"Murrieta, CA",397,1:53:47,8:41,F 35-39/26,F-35,102,1:54:18,58.58%
343,Erika Cook,"Lake Forest, CA",1715,1:53:53,8:42,F 19-24/7,F-19,103,1:54:48,58.14%
344,David Avery,"Culver City, CA",347,1:53:54,8:42,M 35-39/44,M-38,241,1:54:10,53.33%
345,Jill Gibson,"Trabuco Canyon, CA",2745,1:53:54,8:42,F 35-39/27,F-37,104,1:54:28,59.10%
346,Carin Patterson,"Mission Viejo, CA",1245,1:54:03,8:42,F 45-49/13,F-46,105,1:54:17,63.97%
347,Jane Williams,"Imperial Beach, CA",1644,1:54:21,8:44,F 60-64/1,F-61,106,1:54:25,77.93%
348,Wendy Oliver,"San Juan Capistrano, CA",3006,1:54:23,8:44,F 50-54/8,F-50,107,1:54:37,67.02%
349,Justin Quino,"La Verne, CA",1303,1:54:28,8:44,M 25-29/24,M-27,242,1:55:22,51.74%
350,Melissa Niles,"La Verne, CA",1207,1:54:28,8:44,F 30-34/22,F-30,108,1:55:22,57.54%
351,Scott Wissel,"Redondo Beach, CA",3218,1:54:30,8:44,M 40-44/40,M-43,243,1:58:40,55.19%
352,Daniel Griffith,"Rancho Santa Margarita, CA",764,1:54:30,8:45,M 30-34/28,M-31,244,1:56:19,51.73%
353,Brian Geesaman,"La Habra, CA",708,1:54:31,8:45,M 25-29/25,M-26,245,1:54:48,51.72%
354,Melody Mangrello,"Fountain Valley, CA",1085,1:54:31,8:45,F 25-29/14,F-27,109,1:55:30,57.50%
355,Stephanie Brandt,"Huntington Beach, CA",2656,1:54:37,8:45,F 40-44/16,F-40,110,1:54:45,59.90%
356,Sunny Shaffer,"Lake Elsinore, CA",1812,1:54:42,8:45,F 25-29/15,F-29,111,1:54:59,57.40%
357,Richard Williams,"Imperial Beach, CA",1647,1:54:45,8:46,M 70-74/2,M-73,246,1:54:49,73.00%
358,Chad Chatham,"Newport Beach, CA",505,1:54:47,8:46,M 55-59/10,M-59,247,1:55:08,63.20%
359,Jennifer Defrain,"Newport Beach, CA",581,1:54:48,8:46,F 40-44/17,F-40,112,1:54:54,59.81%
360,John Steed,"Irvine, CA",1489,1:54:48,8:46,M 35-39/45,M-37,248,1:54:55,52.53%
361,Lisa Niederland,"Huntington Beach, CA",1205,1:54:52,8:46,F 40-44/18,F-44,113,1:55:20,62.05%
362,Briana Meehan,"La Habra, CA",1122,1:54:52,8:46,F 13-18/3,F-18,114,1:54:57,58.21%
363,Raul Villalobos,"Lake Forest, CA",1599,1:54:53,8:46,M 40-44/41,M-44,249,1:55:24,55.46%
364,Pam Fecher,"Mission Viejo, CA",2690,1:54:55,8:46,F 50-54/9,F-50,115,1:55:08,66.71%
365,Linda Lowder,"Tustin, CA",1771,1:54:55,8:46,F 40-44/19,F-44,116,1:55:08,62.02%
366,Gina O'Mara,"Laguna Niguel, CA",1217,1:54:58,8:47,F 40-44/20,F-40,117,1:55:23,59.72%
367,Jerry Mazenko,"Corona, CA",2830,1:55:03,8:47,M 55-59/11,M-55,250,1:55:32,60.79%
368,Claudia Lehker,"El Paso, TX",2758,1:55:04,8:47,F 19-24/8,F-19,118,1:55:24,57.53%
369,Isabel Gonzalez,"Laguna Hills, CA",740,1:55:05,8:47,F 25-29/16,F-28,119,1:55:20,57.21%
370,Rebecca Harvey,"Riverside, CA",813,1:55:07,8:47,F 30-34/23,F-33,120,2:01:47,57.50%
371,Jennifer Rivkind,"Yorba Linda, CA",1961,1:55:15,8:48,F 19-24/9,F-23,121,1:55:42,57.13%
372,Rachael Knoblauch,"Westminster, CA",972,1:55:16,8:48,F 19-24/10,F-24,122,1:56:04,57.12%
373,Teri Weaver,"Anaheim, CA",1619,1:55:24,8:49,F 40-44/21,F-43,123,1:56:17,61.10%
374,Gerard Mangan,"Huntington Beach, CA",2694,1:55:26,8:49,M 55-59/12,M-55,251,1:55:38,60.59%
375,Christan Mather,"Placentia, CA",1097,1:55:31,8:49,M 19-24/8,M-24,252,1:56:03,51.27%
376,Nicole Menconi,"Yorba Linda, CA",1129,1:55:32,8:49,F 19-24/11,F-24,124,1:56:03,56.99%
377,Pat Sandoval,"Aliso Viejo, CA",2909,1:55:32,8:49,M 19-24/9,M-19,253,1:55:51,52.46%
378,Maggie Upshaw,"Santa Ana, CA",2856,1:55:32,8:49,F 19-24/12,F-21,125,1:55:52,56.99%
379,James Douglas,"El Centro, CA",603,1:55:34,8:49,M 25-29/26,M-25,254,1:56:02,51.25%
380,Leslie Jameson,"El Centro, CA",902,1:55:35,8:49,F 19-24/13,F-24,126,1:56:02,56.97%
381,Erin Reasoner,"Ladera Ranch, CA",1321,1:55:38,8:50,F 35-39/28,F-35,127,1:56:09,57.65%
382,Elicia Hartanov,"San Clemente, CA",812,1:55:40,8:50,F 35-39/29,F-37,128,1:55:52,58.19%
383,Gina Lukes,"San Clemente, CA",1067,1:55:40,8:50,F 40-44/22,F-41,129,1:55:52,59.84%
384,Anthony Lucia,"Santa Ana, CA",1064,1:55:47,8:50,M 40-44/42,M-43,255,1:56:13,54.58%
385,William Lafoe,"San Marcos, CA",989,1:55:49,8:51,M 40-44/43,M-43,256,1:56:14,54.56%
386,Mark Sanquist,"Laguna Hills, CA",1406,1:55:50,8:51,M 45-49/47,M-47,257,1:55:54,56.37%
387,Vickie Adams,"Pinon Hills, CA",309,1:55:55,8:51,F 45-49/14,F-48,130,1:56:04,64.51%
388,Neil Talbot,"Los Angeles, CA",1526,1:55:59,8:51,M 40-44/44,M-43,258,1:56:40,54.48%
389,Erich List,"Mission Viejo, CA",1039,1:56:00,8:51,M 35-39/46,M-39,259,1:57:00,52.77%
390,Kurt Leibfreid,"Huntington Beach, CA",1020,1:56:03,8:52,M 45-49/48,M-45,260,1:56:41,55.34%
391,Sally Vonseggern,"Laguna Niguel, CA",1602,1:56:07,8:52,F 45-49/15,F-45,131,1:56:29,62.09%
392,Karl Mount,"Huntington Beach, CA",2593,1:56:11,8:52,M 25-29/27,M-27,261,1:56:24,50.98%
393,Shizumi Velazquez,"Covina, CA",1591,1:56:12,8:52,F 40-44/23,F-43,132,1:56:19,60.68%
394,Kristina Wick,"Long Beach, CA",1635,1:56:12,8:52,F 40-44/24,F-44,133,1:56:50,61.34%
395,Ying Huang,"Irvine, CA",1749,1:56:14,8:52,F 30-34/24,F-30,134,1:56:53,56.66%
396,Lorraine Gersitz,"Fullerton, CA",714,1:56:14,8:52,F 55-59/1,F-55,135,1:56:26,70.43%
397,Greg Curtis,"Aliso Viejo, CA",558,1:56:15,8:53,M 45-49/49,M-49,262,1:58:10,57.11%
398,Cody Neptune,"Rancho Santa Margarita, CA",1194,1:56:19,8:53,M 30-34/29,M-33,263,1:56:52,51.00%
399,Brandy McGrew,"Los Angeles, CA",1111,1:56:25,8:53,F 25-29/17,F-27,136,1:56:49,56.56%
400,Mike Lozoya,"Covina, CA",1062,1:56:26,8:53,M 55-59/13,M-58,264,1:56:35,61.72%
401,Rhonda Clark,"Huntington Beach, CA",1714,1:56:38,8:54,F 30-34/25,F-32,137,1:56:53,56.62%
402,Christopher Dunlap,"Dana Point, CA",1881,1:56:39,8:54,M 25-29/28,M-26,265,1:57:37,50.77%
403,Avery Miyahara,"Rancho Santa Margarita, CA",1148,1:56:45,8:55,F 13-18/4,F-16,138,1:56:56,59.17%
404,Mike Wilde,"Rancho Santa Margarita, CA",2568,1:56:49,8:55,M 45-49/50,M-48,266,1:57:32,56.36%
405,Sofia Shah,"Lake Elsinore, CA",1433,1:56:52,8:55,F 25-29/18,F-25,139,1:56:58,56.34%
406,Paula Mugavero,"Irvine, CA",2554,1:56:52,8:55,F 45-49/16,F-46,140,1:57:10,62.43%
407,Michael Petrucci,"San Clemente, CA",1279,1:56:55,8:56,M 55-59/14,M-55,267,1:57:10,59.82%
408,Ryan Hawley,"Mission Viejo, CA",814,1:57:06,8:56,M 35-39/47,M-35,268,1:57:40,50.96%
409,Daniel Sciortino,"Mission Viejo, CA",1425,1:57:09,8:57,M 30-34/30,M-31,269,1:57:53,50.55%
410,Tony Gammariello,"Simi Valley, CA",702,1:57:11,8:57,M 50-54/32,M-50,270,1:57:20,57.14%
411,Mark Kuwahara,"Laguna Niguel, CA",3004,1:57:21,8:58,M 50-54/33,M-51,271,1:58:15,57.56%
412,Anthony Nahale,"Ladera Ranch, CA",1183,1:57:22,8:58,M 55-59/15,M-59,272,1:58:16,61.81%
413,Mark Anderson,"Santa Monica, CA",1841,1:57:26,8:58,M 30-34/31,M-34,273,1:58:32,50.63%
414,Barry Teats,"Mission Viejo, CA",1539,1:57:33,8:59,M 60-64/5,M-62,274,1:58:12,63.46%
415,Mike Howerton,"Woodinville, WA",2769,1:57:34,8:59,M 35-39/48,M-38,275,1:57:46,51.67%
416,Roger Hernandez,"Monrovia, CA",834,1:57:35,8:59,M 19-24/10,M-20,276,1:58:09,50.96%
417,Kate Franklin,"San Clemente, CA",683,1:57:40,8:59,F 30-34/26,F-30,141,1:58:04,55.97%
418,Colleen Dubost,"San Clemente, CA",611,1:57:40,8:59,F 25-29/19,F-28,142,1:58:04,55.96%
419,Masato Adachi,"Cypress, CA",3103,1:57:41,8:59,M 50-54/34,M-53,277,1:57:53,58.40%
420,Hiroyoshi Oshida,"Aliso Viejo, CA",1950,1:57:54,9:00,M 40-44/45,M-44,278,1:58:03,54.04%
421,Luis Jimenez,"Whittier, CA",910,1:57:59,9:00,M 35-39/49,M-38,279,1:58:58,51.48%
422,Robert Clark,"Riverside, CA",528,1:57:59,9:00,M 50-54/35,M-53,280,1:58:21,58.25%
423,Julieann Goldman,"Murrieta, CA",735,1:58:00,9:01,F 40-44/25,F-44,143,1:58:10,60.40%
424,Danny Shin,"Harbor City, CA",1444,1:58:01,9:01,M 25-29/29,M-26,281,2:00:27,50.18%
425,David Flisk,"San Clemente, CA",1725,1:58:04,9:01,M 50-54/36,M-51,282,1:58:07,57.21%
426,James Matarese,"Laguna Hills, CA",1095,1:58:08,9:01,M 30-34/32,M-32,283,1:58:26,50.15%
427,Mary Missig,"Santa Monica, CA",1147,1:58:08,9:01,F 25-29/20,F-26,144,1:58:38,55.74%
428,Kevin Rummler,"Cypress, CA",1376,1:58:17,9:02,M 45-49/51,M-46,284,1:58:25,54.75%
429,Scott McMaster,"Aliso Viejo, CA",1119,1:58:18,9:02,M 45-49/52,M-46,285,2:02:54,54.74%
430,Marc Tanguay,"Mission Viejo, CA",1527,1:58:21,9:02,M 40-44/46,M-42,286,1:58:36,52.97%
431,Sharon Rodarte,"San Clemente, CA",1344,1:58:23,9:02,F 45-49/17,F-45,145,1:58:35,60.90%
432,Lori Martin,"Rancho Cucamonga, CA",1090,1:58:27,9:03,F 50-54/10,F-50,146,1:58:59,64.72%
433,Dennis Yune,"San Clemente, CA",1681,1:58:34,9:03,M 35-39/50,M-39,287,1:59:11,51.62%
434,Katie Christensen,"Aliso Viejo, CA",3111,1:58:34,9:03,F 19-24/14,F-19,147,1:59:02,55.84%
435,Melanie Beckstrand,"Ladera Ranch, CA",3055,1:58:35,9:03,F 30-34/27,F-30,148,1:59:11,55.54%
436,Ron Maurstad,"Cypress, CA",3005,1:58:43,9:04,M 60-64/6,M-60,288,1:59:00,61.67%
437,Erin Rombach,"San Clemente, CA",1354,1:58:43,9:04,F 25-29/21,F-28,149,1:59:42,55.46%
438,Kenny Bright,"San Clemente, CA",431,1:58:43,9:04,M 25-29/30,M-28,289,1:59:42,49.89%
439,Darwin Cheng,"Irvine, CA",511,1:58:45,9:04,M 35-39/51,M-37,290,2:03:22,50.79%
440,Adam Koch,"Huntington Beach, CA",973,1:58:52,9:04,M 30-34/33,M-32,291,1:59:06,49.84%
441,Allison Vander Wall,"Newport Coast, CA",1583,1:58:56,9:05,F 13-18/5,F-18,150,1:59:54,56.22%
442,Kristina Vander Wall,"Newport Coast, CA",1584,1:58:56,9:05,F 25-29/22,F-27,151,1:59:54,55.36%
443,Natalise Kalea,"Studio City, CA",1910,1:59:00,9:05,F 19-24/15,F-23,152,1:59:03,55.33%
444,Brian Macy,"Oceanside, CA",1076,1:59:03,9:05,M 30-34/34,M-33,292,1:59:35,49.83%
445,Rene Rodarte,"Irvine, CA",1962,1:59:03,9:05,M 50-54/37,M-54,293,1:59:50,58.23%
446,Brant Voss,"Oceanside, CA",1603,1:59:03,9:05,M 35-39/52,M-37,294,1:59:35,50.66%
447,Rachel Feen,"Lancaster, CA",652,1:59:05,9:05,F 30-34/28,F-31,153,1:59:59,55.38%
448,Kevin Smith,"Laguna Niguel, CA",1461,1:59:27,9:07,M 50-54/38,M-51,295,1:59:52,56.54%
449,Gregory Henk,"Trabuco Canyon, CA",829,1:59:29,9:07,M 60-64/7,M-62,296,1:59:34,62.43%
450,Bill Wagner,"Corona, CA",1829,1:59:30,9:07,M 25-29/31,M-27,297,1:59:38,49.56%
451,Janndee Evans,"Costa Mesa, CA",638,1:59:36,9:08,F 30-34/29,F-32,154,2:00:38,55.22%
452,Brent Heppner,"San Dimas, CA",832,1:59:36,9:08,M 35-39/53,M-35,298,2:00:38,49.90%
453,Steven Fry,"Laguna Niguel, CA",692,1:59:36,9:08,M 55-59/16,M-58,299,1:59:54,60.08%
454,Erik Mora,"Ladera Ranch, CA",1159,1:59:37,9:08,M 30-34/35,M-33,300,2:00:13,49.60%
455,Sherie Samuelian,"Laguna Niguel, CA",3153,1:59:43,9:08,F 40-44/26,F-43,155,2:01:21,58.90%
456,Corey Rovzar,"San Juan Capistrano, CA",1370,1:59:46,9:09,F 19-24/16,F-19,156,2:00:41,55.28%
457,Ian Pyka,"Encinitas, CA",2840,1:59:52,9:09,M 30-34/36,M-33,301,2:01:01,49.49%
458,Christopher Dembiec,"Rancho Santa Margarita, CA",589,1:59:53,9:09,M 35-39/54,M-39,302,2:00:41,51.06%
459,Miyoko Houda,"Laguna Hills, CA",871,1:59:57,9:09,F 60-64/2,F-60,157,2:00:11,73.21%
460,Danielle Gabele,"Studio City, CA",695,1:59:57,9:09,F 25-29/23,F-27,158,2:00:29,54.89%
461,Donny Anderson,"Orange, CA",2747,2:00:02,9:10,M 40-44/47,M-41,303,2:01:57,51.81%
462,Jaci Conrad,"Orange, CA",2721,2:00:03,9:10,F 19-24/17,F-22,159,2:01:57,54.85%
463,Fern Nelson,"Pleasant Grove, UT",1193,2:00:03,9:10,F 25-29/24,F-27,160,2:01:04,54.85%
464,Jake Edler,"Newport Beach, CA",1720,2:00:05,9:10,M 25-29/32,M-28,304,2:00:41,49.32%
465,Katie McCool,"Azusa, CA",1102,2:00:15,9:11,F 30-34/30,F-32,161,2:00:56,54.92%
466,Ernie Myers,"San Clemente, CA",1182,2:00:15,9:11,M 60-64/8,M-61,305,2:00:34,61.45%
467,Kelli Chon,"Ladera Ranch, CA",514,2:00:18,9:11,F 35-39/30,F-39,162,2:00:29,56.66%
468,Ryan Majcher,"Fort Worth, TX",1080,2:00:19,9:11,M 25-29/33,M-27,306,2:00:39,49.22%
469,Tiffany Brown,"Chandler, AZ",433,2:00:23,9:11,F 40-44/27,F-41,163,2:00:39,57.49%
470,Michelle Dunkley,"Mission Viejo, CA",616,2:00:28,9:12,F 25-29/25,F-29,164,2:00:36,54.66%
471,Martin Dymon,"Aliso Viejo, CA",617,2:00:30,9:12,M 13-18/9,M-14,307,2:00:40,54.46%
472,Amber Truxler,"San Diego, CA",1564,2:00:35,9:12,F 30-34/31,F-30,165,2:01:00,54.62%
473,Laura Bartz,"Laguna Niguel, CA",369,2:00:40,9:13,F 35-39/31,F-37,166,2:01:03,55.78%
474,Blesie Bray,"Port Hueneme, CA",425,2:00:50,9:13,F 35-39/32,F-38,167,2:01:06,56.02%
475,Aileen Teague,"Carlsbad, CA",1537,2:00:57,9:14,F 19-24/18,F-24,168,2:01:48,54.44%
476,Flavio Salgueiro,"Tustin, CA",1397,2:00:58,9:14,M 30-34/37,M-34,308,2:01:19,49.15%
477,Herma Hoda,"Lake Forest, CA",850,2:00:58,9:14,M 19-24/11,M-24,309,2:01:31,48.96%
478,Juan Patricio,"Laguna Hills, CA",1244,2:00:59,9:14,M 50-54/39,M-52,310,2:01:16,56.31%
479,Ryan Morton,"San Marcos, CA",3204,2:01:01,9:14,M 35-39/55,M-36,311,2:02:03,49.55%
480,Esther Barton,"Downey, CA",1702,2:01:02,9:14,F 45-49/18,F-48,169,2:01:36,61.78%
481,Leanne Harris,"Oceanside, CA",808,2:01:03,9:14,F 30-34/32,F-30,170,2:01:48,54.41%
482,Molly Kassouf,"Newport Beach, CA",932,2:01:03,9:14,F 35-39/33,F-39,171,2:01:13,56.31%
483,Hunter Jackman,"Menifee, CA",896,2:01:03,9:15,M 13-18/10,M-14,312,2:01:20,54.21%
484,Glen Alis,"Laguna Niguel, CA",320,2:01:04,9:15,M 35-39/56,M-36,313,2:01:23,49.52%
485,Shonda Hunt,"Riverside, CA",883,2:01:09,9:15,F 25-29/26,F-25,172,2:01:23,54.35%
486,Yaron Levy,"Rancho Santa Margarita, CA",1026,2:01:13,9:15,M 25-29/34,M-29,314,2:01:14,48.86%
487,Rick Benzinger,"Costa Mesa, CA",388,2:01:13,9:15,M 55-59/17,M-57,315,2:01:25,58.75%
488,Jennifer Bamford,"Laguna Niguel, CA",357,2:01:35,9:17,F 45-49/19,F-46,173,2:02:25,60.01%
489,Doug Flaherty,"Yorba Linda, CA",662,2:01:35,9:17,M 55-59/18,M-57,316,2:01:40,58.56%
490,Pete Vara,"Fountain Valley, CA",1827,2:01:40,9:17,M 35-39/57,M-36,317,2:01:50,49.28%
491,Herme Sotelo,"Anaheim, CA",2807,2:01:40,9:17,F 45-49/20,F-48,174,2:01:47,61.46%
492,Corrinne Wallace,"Lake Forest, CA",1613,2:01:40,9:17,F 40-44/28,F-40,175,2:01:50,56.43%
493,Gema Hess,"Tucson, AZ",1748,2:01:47,9:18,F 45-49/21,f-48,176,2:02:11,61.40%
494,Emily Lehman,"Pasadena, CA",1019,2:01:56,9:19,F 25-29/27,F-25,177,2:02:38,54.00%
495,Ward Wright,"Redondo Beach, CA",1672,2:02:06,9:19,M 65-69/2,M-68,318,2:03:23,64.79%
496,Ragnar Lesch,"Menlo Park, CA",1024,2:02:08,9:19,M 35-39/58,M-39,319,2:09:19,50.12%
497,Sarah Bortz,"Newport Beach, CA",415,2:02:09,9:20,F 25-29/28,F-27,178,2:03:11,53.90%
498,Brock Heinz,"Rancho Santa Margarita, CA",2604,2:02:10,9:20,M 30-34/38,M-31,320,2:03:11,48.48%
499,Angelica Lehker,"El Paso, TX",2755,2:02:13,9:20,F 19-24/19,F-23,179,2:02:33,53.87%
500,Stacy Shourt,"Bellflower, CA",3106,2:02:18,9:20,F 45-49/22,F-46,180,2:02:48,59.66%
501,Greta Boris,"Mission Viejo, CA",2657,2:02:18,9:20,F 50-54/11,F-50,181,2:02:44,62.68%
502,Robert Fisher,"Le Raysville, PA",660,2:02:19,9:20,M 55-59/19,M-58,321,2:03:12,58.75%
503,Lori Szkotnicki,"Ladera Ranch, CA",1516,2:02:19,9:20,F 35-39/34,F-36,182,2:04:17,54.74%
504,Kevin Buron,"Aliso Viejo, CA",446,2:02:20,9:20,M 45-49/53,M-48,322,2:02:31,53.82%
505,Debbie Reich,"Westerville, OH",1326,2:02:20,9:20,F 35-39/35,F-39,183,2:02:42,55.72%
506,Paulo Payabyab,"Rancho Santa Margarita, CA",1254,2:02:23,9:21,M 25-29/35,M-27,323,2:07:49,48.39%
507,Richard Satow,"Long Beach, CA",1409,2:02:25,9:21,M 50-54/40,M-52,324,2:03:34,55.65%
508,Jennifer Kidwell,"La Habra, CA",958,2:02:27,9:21,F 30-34/33,F-33,184,2:03:05,54.06%
509,Scott Lovell,"Murrieta, CA",1056,2:02:30,9:21,M 30-34/39,M-31,325,2:02:46,48.35%
510,Christopher Klug,"Lancaster, CA",971,2:02:34,9:21,M 30-34/40,M-32,326,2:03:28,48.33%
511,Shannon Weed,"Huntington Beach, CA",1621,2:02:36,9:22,F 25-29/29,F-27,185,2:04:50,53.70%
512,Tj Settel,"Sherman Oaks, CA",1811,2:02:37,9:22,M 35-39/59,M-38,327,2:03:18,49.54%
513,Christopher Calvi,"Beverly Hills, CA",1862,2:02:38,9:22,M 25-29/36,M-27,328,2:02:57,48.29%
514,Kirsten Stafford,"Dana Point, CA",1483,2:02:46,9:22,F 35-39/36,F-39,186,2:03:01,55.52%
515,Edith Ibarra,"Huntington Beach, CA",889,2:02:46,9:22,F 35-39/37,F-35,187,2:03:28,54.30%
516,Sally Swenson,"Laguna Niguel, CA",3211,2:02:47,9:22,F 50-54/12,F-51,188,2:04:25,63.25%
517,Kelly Gonzalez,"Mission Viejo, CA",743,2:02:47,9:22,F 30-34/34,F-30,189,2:03:20,53.64%
518,Meko Price,"Dove Canyon, CA",1293,2:02:49,9:23,F 35-39/38,F-36,190,2:03:11,54.52%
519,Alex Balekian,"Glendale, CA",354,2:02:49,9:23,M 30-34/41,M-30,329,2:03:48,48.22%
520,Allie Bertocchini,"Foothill Ranch, CA",392,2:02:52,9:23,F 30-34/35,F-31,191,2:03:26,53.67%
521,Brianna Patterson,"Mission Viejo, CA",3023,2:02:56,9:23,F 19-24/20,F-20,192,2:03:11,53.59%
522,Helen Troy,"Laguna Hills, CA",1562,2:02:59,9:23,F 45-49/23,F-49,193,2:03:26,61.56%
523,Stephen Campbell,"Encinitas, CA",470,2:02:59,9:23,M 50-54/41,M-51,330,2:03:39,54.92%
524,Michael Moore,"Riverside, CA",1158,2:03:02,9:24,M 65-69/3,M-68,331,2:03:06,64.30%
525,Becky Mudd,"Irvine, CA",1171,2:03:03,9:24,F 50-54/13,F-51,194,2:03:25,63.11%
526,Chris Carlos,"Santa Monica, CA",479,2:03:08,9:24,F 45-49/24,F-48,195,2:03:31,60.73%
527,Lindsey Headman,"Aliso Viejo, CA",817,2:03:10,9:24,F 25-29/30,F-25,196,2:03:24,53.46%
528,Richard Maertz,"Laguna Hills, CA",2638,2:03:10,9:24,M 60-64/9,M-64,332,2:03:21,61.74%
529,Beverly Gaitan,"Laguna Niguel, CA",2573,2:03:20,9:25,F 35-39/39,F-39,197,2:03:44,55.26%
530,Ellen Mossler,"San Clemente, CA",1787,2:03:21,9:25,F 55-59/2,F-56,198,2:03:49,67.28%
531,Karl Schulze,"Los Angeles, CA",1418,2:03:24,9:25,M 55-59/20,M-56,333,2:03:32,57.19%
532,Michael Martin,"San Diego, CA",1775,2:03:36,9:26,M 35-39/60,M-36,334,2:04:22,48.51%
533,Yury Pyatigorsky,"Laguna Niguel, CA",1301,2:03:37,9:26,M 35-39/61,M-38,335,2:07:36,49.14%
534,Andrew Cardenas,"San Gabriel, CA",2512,2:03:38,9:26,M 50-54/42,M-53,336,2:04:02,55.59%
535,Roy South,"Mission Viejo, CA",1471,2:03:38,9:26,M 40-44/48,M-44,337,2:04:34,51.53%
536,Judy Radcliffe,"Anaheim, CA",1306,2:03:39,9:26,F 45-49/25,F-48,199,2:04:32,60.47%
537,Cindy Sherrill,"Mission Viejo, CA",1442,2:03:44,9:27,F 45-49/26,F-47,200,2:04:19,59.69%
538,Carly Roth,"San Diego, CA",1369,2:03:45,9:27,F 25-29/31,F-25,201,2:04:32,53.21%
539,Jessica Stroech,"El Centro, CA",1507,2:03:45,9:27,F 25-29/32,F-26,202,2:04:12,53.21%
540,Katie Waldron,"Irvine, CA",1611,2:03:49,9:27,F 25-29/33,F-27,203,2:04:34,53.18%
541,Shinae Chambers,"Mission Viejo, CA",2557,2:03:49,9:27,F 25-29/34,F-28,204,2:04:21,53.18%
542,Luke Lambert,"San Jacinto, CA",992,2:03:50,9:27,M 25-29/37,M-27,338,2:09:14,47.83%
543,Tiffany Berlin,"Mission Viejo, CA",389,2:03:52,9:27,F 40-44/29,F-42,205,2:04:32,56.39%
544,Morgan Ferry,"Huntington Beach, CA",655,2:03:53,9:27,M 45-49/54,M-47,339,2:04:33,52.70%
545,Linda Campbell,"Redondo Beach, CA",469,2:03:54,9:28,F 40-44/30,F-40,206,2:04:34,55.42%
546,Kim Rogers-Carrete,"San Clemente, CA",1351,2:03:56,9:28,F 50-54/14,F-50,207,2:05:14,61.86%
547,Holly Webb,"Laguna Niguel, CA",1620,2:03:58,9:28,F 35-39/40,F-38,208,2:04:47,54.61%
548,Monica Sanchez,"Chino, CA",1404,2:04:05,9:28,F 30-34/36,F-34,209,2:04:22,53.52%
549,Tracey Bengelsdorf,"San Clemente, CA",382,2:04:14,9:29,F 40-44/31,F-42,210,2:04:26,56.22%
550,Tara Williams,"Mission Viejo, CA",1649,2:04:15,9:29,F 25-29/35,F-29,211,2:05:03,52.99%
551,Mino Miyashiro,"Laguna Niguel, CA",1150,2:04:16,9:29,M 35-39/62,M-38,340,2:04:44,48.88%
552,Amy Jorgensen,"Mission Viejo, CA",925,2:04:16,9:29,F 30-34/37,F-31,212,2:05:03,53.07%
553,Brooke Weaver,"Yorba Linda, CA",1618,2:04:17,9:29,F 25-29/36,F-25,213,2:04:49,52.98%
554,Sarah Gonzalez,"Riverside, CA",744,2:04:17,9:29,F 25-29/37,F-25,214,2:04:49,52.98%
555,Lynne Wilson,"Rossmoor, CA",1654,2:04:20,9:29,F 40-44/32,F-44,215,2:05:18,57.33%
556,Jack Ackerman,"Ladera Ranch, CA",304,2:04:21,9:30,M 35-39/63,M-38,341,2:05:20,48.85%
557,Maria Palmer,"Gardena, CA",1951,2:04:23,9:30,F 45-49/27,F-47,216,2:04:37,59.38%
558,Briann Ives,"Camarillo, CA",894,2:04:29,9:30,F 25-29/38,F-29,217,2:04:48,52.89%
559,Quenton Roehricht,"Portola Hills, CA",1350,2:04:29,9:30,M 30-34/42,M-33,342,2:05:10,47.66%
560,Renee Vento,"Cardiff by the Sea, CA",2902,2:04:30,9:30,F 30-34/38,F-32,218,2:05:22,53.05%
561,Dwight Beckstrand,"Ladera Ranch, CA",3054,2:04:39,9:31,M 30-34/43,M-34,343,2:05:15,47.70%
562,Hiu Chung So,"Arcadia, CA",1465,2:04:40,9:31,M 25-29/38,M-26,344,2:04:56,47.51%
563,Ashley Hoffa,"San Clemente, CA",852,2:04:48,9:32,F 25-29/39,F-27,219,2:05:45,52.76%
564,Glenn McLea,"Monrovia, CA",1118,2:04:58,9:32,M NoAge/0,M-0,345,2:05:22, 0.00%
565,Linda Mazenko,"Corona, CA",3052,2:04:58,9:32,F 50-54/15,F-50,220,2:05:27,61.34%
566,James Newheiser,"Escondido, CA",1199,2:05:06,9:33,M 50-54/43,M-50,346,2:05:35,53.52%
567,Chris Fales,"San Diego, CA",645,2:05:06,9:33,M 35-39/64,M-38,347,2:05:35,48.55%
568,Katie Hughes,"Aliso Viejo, CA",878,2:05:11,9:33,F 40-44/33,F-44,221,2:05:24,56.94%
569,Alice Gjovik,"Aliso Viejo, CA",726,2:05:11,9:33,F 40-44/34,F-42,222,2:05:25,55.79%
570,Randy Keyes,"Mission Viejo, CA",949,2:05:12,9:33,M 50-54/44,M-54,348,2:05:56,55.37%
571,Sue Wright,"Mission Viejo, CA",1671,2:05:14,9:34,F 50-54/16,F-50,223,2:05:20,61.21%
572,Chuck Coe,"Irvine, CA",539,2:05:15,9:34,M 60-64/10,M-63,349,2:05:38,60.14%
573,Jannelle Padron,"Corona, CA",1232,2:05:16,9:34,F 30-34/39,F-30,224,2:05:46,52.57%
574,Jonathan Ahrens,"Monrovia, CA",314,2:05:17,9:34,M 30-34/44,M-33,350,2:05:47,47.35%
575,Becky Skoll,"Del Mar, CA",1455,2:05:21,9:34,F 35-39/41,F-39,225,2:05:51,54.37%
576,Christian Arcadio,"Laguna Hills, CA",334,2:05:23,9:34,M 13-18/11,M-16,351,2:05:39,50.40%
577,Monique Geske,"Laguna Niguel, CA",715,2:05:25,9:34,F 40-44/35,F-44,226,2:05:50,56.83%
578,Renee Herrera,"Aliso Viejo, CA",837,2:05:26,9:35,F 40-44/36,F-42,227,2:05:47,55.68%
579,Brian McDonough,"Trabuco Canyon, CA",1104,2:05:27,9:35,M 45-49/55,M-49,352,2:05:36,52.92%
580,Ethan Kaplan,"Burbank, CA",929,2:05:35,9:35,M 30-34/45,M-30,353,2:05:53,47.16%
581,Patti Sanshey,"Escondido, CA",1407,2:05:35,9:35,F 50-54/17,F-50,228,2:05:51,61.04%
582,Michelle Pomeroy,"Irvine, CA",1794,2:05:36,9:35,F 19-24/21,F-24,229,2:06:30,52.42%
583,Miles Pomeroy,"Irvine, CA",1795,2:05:36,9:35,M 25-29/39,M-26,354,2:06:31,47.15%
584,Ruben Garcia,"San Clemente, CA",1733,2:05:40,9:36,M 50-54/45,M-52,355,2:05:42,54.21%
585,Katherine Rupley,"Long Beach, CA",1379,2:05:41,9:36,F 45-49/28,F-45,230,2:06:11,57.36%
586,Errolyn Healy,"Encinitas, CA",818,2:05:41,9:36,F 30-34/40,F-31,231,2:06:05,52.47%
587,Carel Vanheerden,"Irvine, CA",2833,2:05:43,9:36,F 45-49/29,F-47,232,2:06:09,58.75%
588,Hen K Mans,"Irvine, CA",3056,2:05:43,9:36,M 45-49/56,M-49,356,2:06:09,52.81%
589,Nancy Long,"Trabuco Canyon, CA",1051,2:05:43,9:36,F 50-54/18,F-52,233,2:05:56,62.57%
590,Billy Chen,"Irvine, CA",1713,2:05:44,9:36,M 35-39/65,M-37,357,2:06:17,47.96%
591,Frank Lozier,"Paramount, CA",1061,2:05:48,9:36,M 30-34/46,M-32,358,2:06:06,47.09%
592,Mark Dannerth,"Santa Clarita, CA",568,2:05:48,9:36,M 40-44/49,M-40,359,2:06:16,49.04%
593,Kristine Moon,"Santa Ana, CA",1155,2:05:50,9:36,F 25-29/40,F-29,234,2:06:23,52.32%
594,Dona McBride,"Long Beach, CA",1100,2:05:50,9:36,F 55-59/3,F-58,235,2:06:20,67.81%
595,Ed Arpawong,"Laguna Niguel, CA",336,2:05:51,9:36,M 35-39/66,M-37,360,2:07:53,47.92%
596,Brian Lassiter,"Orange, CA",3007,2:06:04,9:37,M 50-54/46,M-52,361,2:06:16,54.04%
597,Stephen Kaplan,"La Jolla, CA",930,2:06:05,9:38,M 35-39/67,M-39,362,2:06:33,48.55%
598,Joe Caracciolo,"Stevenson Ranch, CA",3107,2:06:05,9:38,M 35-39/68,M-39,363,2:06:32,48.55%
599,Abby Seibert,"San Diego, CA",1428,2:06:05,9:38,F 19-24/22,F-19,236,2:06:49,52.51%
600,Jon Wilensky Md,"La Jolla, CA",1639,2:06:06,9:38,M 30-34/47,M-33,364,2:06:33,47.05%
601,Emily Depue,"San Diego, CA",591,2:06:06,9:38,F 25-29/41,F-27,237,2:06:50,52.21%
602,James Watkins,"San Clemente, CA",1617,2:06:06,9:38,M 25-29/40,M-25,365,2:06:44,46.97%
603,Heather Wuebker,"Dana Point, CA",1837,2:06:14,9:38,F 25-29/42,F-27,238,2:06:36,52.16%
604,Ann Husvar,"Studio City, CA",1750,2:06:23,9:39,F 35-39/42,F-37,239,2:07:04,53.26%
605,David Marshall,"Trenton, MI",1774,2:06:23,9:39,M 35-39/69,M-39,366,2:06:58,48.43%
606,William Carter,"Long Beach, CA",489,2:06:26,9:39,M 40-44/50,M-44,367,2:07:01,50.39%
607,Rick Jackson,"Corona, CA",2523,2:06:33,9:40,M 40-44/51,M-41,368,2:06:44,49.14%
608,Tracy Cantin,"Rancho Santa Margarita, CA",475,2:06:35,9:40,F 45-49/30,F-45,240,2:06:50,56.95%
609,Shannon Oberholzer,"La Mesa, CA",1221,2:06:38,9:40,F 35-39/43,F-38,241,2:07:30,53.46%
610,Sompurna Mukherjee,"Los Angeles, CA",1172,2:06:39,9:40,F 19-24/23,F-22,242,2:06:55,51.99%
611,Jamie Cookson,"Tehachapi, CA",546,2:06:39,9:40,F 25-29/43,F-26,243,2:07:40,51.99%
612,Christianne Gillespie,"San Juan Capistrano, CA",721,2:06:39,9:40,F 25-29/44,F-26,244,2:07:40,51.99%
613,Juan C Salazar,"Foothill Ranch, CA",2837,2:06:45,9:41,M 45-49/57,M-45,369,2:07:01,50.67%
614,Erik Hanson,"Rancho Santa Margarita, CA",799,2:06:51,9:41,M 35-39/70,M-35,370,2:07:22,47.04%
615,Carolyn Mcphail,"Lakewood, CA",3201,2:07:04,9:42,F 25-29/45,F-28,245,2:07:09,51.82%
616,Desiree Olivas,"Fullerton, CA",1224,2:07:07,9:42,F 45-49/31,F-46,246,2:07:18,57.40%
617,Dee Dee Keuning,"Mission Viejo, CA",948,2:07:14,9:43,F 40-44/37,F-44,247,2:07:17,56.02%
618,Nichole Reents,"Long Beach, CA",1323,2:07:16,9:43,F 35-39/44,F-39,248,2:08:11,53.56%
619,Yvonne Foster,"Brooklyn, NY",673,2:07:17,9:43,F 25-29/46,F-28,249,2:07:41,51.73%
620,Tom McGovern,"San Clemente, CA",1109,2:07:21,9:43,M 30-34/48,M-32,371,2:07:50,46.52%
621,Stacey Murai,"Laguna Hills, CA",1176,2:07:24,9:44,F 30-34/41,F-34,250,2:08:00,52.13%
622,Barbara George,"Costa Mesa, CA",2700,2:07:24,9:44,F 25-29/47,F-26,251,2:08:00,51.68%
623,Maureen Mckinley,"Lake Forest, CA",2646,2:07:26,9:44,F 55-59/4,F-55,252,2:07:43,64.24%
624,Andrea Davidson,"Laguna Hills, CA",2737,2:07:28,9:44,F 19-24/24,F-20,253,2:07:41,51.68%
625,Lorin Warner,"Irvine, CA",1614,2:07:33,9:44,M 30-34/49,M-31,372,2:07:53,46.43%
626,Alicia Kulikowski,"Playa Del Rey, CA",982,2:07:34,9:44,F 19-24/25,F-23,254,2:07:52,51.61%
627,Allen Warren,"Newport Beach, CA",1615,2:07:43,9:45,M 75-79/1,M-76,373,2:07:59,68.75%
628,Richard Siemer,"Yorba Linda, CA",1446,2:07:55,9:46,M 60-64/11,M-60,374,2:08:32,57.23%
629,Denis Paez,"Fullerton, CA",2535,2:07:56,9:46,M 60-64/12,M-64,375,2:08:31,59.44%
630,Joli Brooks,"Laguna Niguel, CA",2709,2:07:58,9:46,F 45-49/32,F-49,255,2:08:54,59.16%
631,Laura Sonksen,"Corona, CA",1467,2:07:58,9:46,F 35-39/45,F-39,256,2:08:29,53.26%
632,Gloria Ortiz,"Corona, CA",1228,2:07:58,9:46,F 40-44/38,F-42,257,2:08:29,54.58%
633,Sherry Donaldson,"Cypress, CA",1719,2:08:05,9:47,F 45-49/33,F-48,258,2:08:12,58.38%
634,Nadia Moya,"Whittier, CA",1168,2:08:24,9:48,F 25-29/48,F-27,259,2:09:05,51.28%
635,Melanie Fuhriman,"Scottsdale, AZ",693,2:08:24,9:48,F 35-39/46,F-37,260,2:08:41,52.42%
636,Ross Dapper,"Rancho Santa Margarita, CA",570,2:08:26,9:48,M 45-49/58,M-46,376,2:09:19,50.42%
637,Tom Spiegel,"Murrieta, CA",1476,2:08:33,9:49,M 60-64/13,M-60,377,2:09:06,56.95%
638,Julie Copenhaver,"Newport Beach, CA",550,2:08:40,9:49,F 19-24/26,F-23,261,2:08:55,51.17%
639,Julie Neiswonger,"Dana Point, CA",1192,2:08:40,9:49,F 40-44/39,F-43,262,2:09:08,54.80%
640,Heather Frankos,"Ladera Ranch, CA",685,2:08:48,9:50,F 30-34/42,F-34,263,2:10:46,51.56%
641,Kim Ireland,"Laguna Niguel, CA",892,2:08:54,9:50,F 40-44/40,F-42,264,2:09:24,54.18%
642,Warren Emens,"Orange, CA",2501,2:08:56,9:51,M 40-44/52,M-44,378,2:09:36,49.41%
643,Gisela Lopez,"Lake Forest, CA",1052,2:09:00,9:51,F 40-44/41,F-42,265,2:09:04,54.14%
644,Dan Gabele,"Studio City, CA",694,2:09:13,9:52,M 25-29/41,M-29,379,2:09:44,45.83%
645,Jill Golubow,"Laguna Niguel, CA",736,2:09:23,9:53,F 35-39/47,F-37,266,2:10:12,52.02%
646,Jennifer Nance,"San Diego, CA",1789,2:09:25,9:53,F 25-29/49,F-26,267,2:11:22,50.88%
647,Erin Pitcher,"Laguna Hills, CA",1286,2:09:26,9:53,F 35-39/48,F-36,268,2:10:24,51.73%
648,Doug Montana,"Claremont, CA",2648,2:09:30,9:53,M 40-44/53,M-44,380,2:09:41,49.20%
649,Donna Bennett,"Arcadia, CA",384,2:09:34,9:53,F 13-18/6,F-18,269,2:09:58,51.60%
650,Dana Bates,"Marina Del Rey, CA",373,2:09:35,9:54,F 25-29/50,F-27,270,2:10:40,50.81%
651,Jacob Rheuban,"Malibu, CA",1329,2:09:35,9:54,M 30-34/50,M-32,381,2:10:14,45.72%
652,Hugo Carrasco,"Fontana, CA",485,2:09:36,9:54,M 30-34/51,M-30,382,2:09:47,45.70%
653,Janet Cahauntzi,"Costa Mesa, CA",1709,2:09:42,9:54,F 25-29/51,F-26,271,2:10:24,50.76%
654,Chris Mamrot,"La Palma, CA",1083,2:09:43,9:54,M 40-44/54,m-43,383,2:10:41,48.71%
655,Dan Exceen,"Capistrano Beach, CA",639,2:09:44,9:54,M 40-44/55,M-40,384,2:10:12,47.55%
656,Lisa Exceen,"Capistrano Beach, CA",640,2:09:44,9:54,F 35-39/49,F-38,272,2:10:12,52.18%
657,John Oakes,"Los Angeles, CA",1220,2:09:46,9:54,M 25-29/42,M-28,385,2:10:26,45.64%
658,Courtney Bowman,"Huntington Beach, CA",418,2:09:46,9:54,F 25-29/52,F-25,273,2:10:35,50.74%
659,Julio Sanchez,"Aliso Viejo, CA",2612,2:09:49,9:55,M 45-49/59,M-47,386,2:10:15,50.30%
660,Edward Salkin,"Corona Del Mar, CA",1398,2:09:54,9:55,M 75-79/2,M-76,387,2:09:57,67.60%
661,David Ord,"Ladera Ranch, CA",3073,2:09:57,9:55,M 35-39/71,M-39,388,2:10:32,47.10%
662,Greg Belnap,"Rancho Santa Fe, CA",380,2:10:07,9:56,M 30-34/52,M-32,389,2:11:03,45.53%
663,Lawrence Isaacs,"Laguna Woods, CA",143,2:10:14,9:57,M 55-59/21,M-57,390,2:10:25,54.68%
664,Melissa Clater,"Ladera Ranch, CA",533,2:10:14,9:57,F 30-34/43,F-32,274,2:10:55,50.71%
665,Steven Be Cotte,"Long Beach, CA",2697,2:10:19,9:57,M 40-44/56,M-41,391,2:10:54,47.72%
666,Michelle Vaday,"Laguna Hills, CA",1571,2:10:20,9:57,F 13-18/7,F-15,275,2:10:27,53.96%
667,Jeffrey Baillargeon,"Laguna Niguel, CA",353,2:10:21,9:57,M 35-39/72,M-35,392,2:10:39,45.78%
668,Eileen Veach,"Huntington Beach, CA",3080,2:10:22,9:57,F 45-49/34,F-47,276,2:10:30,56.66%
669,Leticia Najera,"Glendora, CA",1184,2:10:24,9:57,F 30-34/44,F-32,277,2:10:53,50.65%
670,Thomas Vovan,"Newport Beach, CA",1605,2:10:29,9:58,M 40-44/57,M-42,393,2:10:46,48.05%
671,Karen Pauling,"Laguna Niguel, CA",1252,2:10:37,9:58,F 50-54/19,F-53,278,2:10:59,61.03%
672,Mona Rieger,"Mission Viejo, CA",1331,2:10:37,9:58,F 35-39/50,F-39,279,2:10:59,52.18%
673,Kevin Johnson,"Whittier, CA",3009,2:10:39,9:58,M 50-54/47,M-50,394,2:11:16,51.24%
674,Yency Mena,"Huntington Beach, CA",1127,2:10:44,9:59,F 50-54/20,F-50,280,2:11:49,58.64%
675,Allison Manning,"Laguna Niguel, CA",2714,2:10:44,9:59,F 13-18/8,F-15,281,2:10:51,53.79%
676,Amy Butler,"Murray, UT",452,2:10:52,9:59,F 25-29/53,F-27,282,2:11:24,50.31%
677,Thomas Jones,"West Covina, CA",921,2:10:54,10:00,M 35-39/73,M-38,395,2:11:54,46.40%
678,Rachel Murray,"Laguna Niguel, CA",1179,2:10:58,10:00,F 25-29/54,F-27,283,2:11:22,50.27%
679,Matt Castle,"Tustin, CA",493,2:11:14,10:01,M 35-39/74,M-36,396,2:11:41,45.69%
680,Kristin Deputy,"Scottsdale, AZ",592,2:11:15,10:01,F 19-24/27,F-23,284,2:11:38,50.17%
681,Lauren Maltby,"Fullerton, CA",2785,2:11:17,10:01,F 19-24/28,F-24,285,2:11:25,50.15%
682,Frank Jameson,"Mission Viejo, CA",901,2:11:24,10:02,M 40-44/58,M-40,397,2:12:00,46.95%
683,Kristen Peregrini,"Mission Viejo, CA",1263,2:11:25,10:02,F 35-39/51,F-36,286,2:12:01,50.95%
684,Robert Burns,"San Clemente, CA",2741,2:11:26,10:02,M 45-49/60,M-49,398,2:11:49,50.51%
685,Stephanie Chandler,"Phoenix, AZ",498,2:11:26,10:02,F 25-29/55,F-28,287,2:11:44,50.10%
686,Ken Wilhelm,"Cerritos, CA",1640,2:11:31,10:02,M 50-54/48,M-54,399,2:13:40,52.71%
687,Elizabeth Mastro,"Tustin, CA",1094,2:11:37,10:03,F 40-44/42,F-41,288,2:12:01,52.58%
688,Lindsey Thompson,"Los Angeles, CA",1544,2:11:44,10:03,F 19-24/29,F-21,289,2:14:17,49.98%
689,Matt Jordan,"Santa Clarita, CA",3024,2:11:45,10:03,M 35-39/75,M-37,400,2:12:09,45.77%
690,Mary Dowell,"San Clemente, CA",604,2:11:53,10:04,F 19-24/30,F-23,290,2:12:31,49.92%
691,Phyllis Bourgault,"Mission Viejo, CA",1854,2:11:56,10:04,F 50-54/21,F-54,291,2:11:56,61.21%
692,Robyn Miner,"Rancho Santa Margarita, CA",1145,2:12:03,10:05,F 25-29/56,F-29,292,2:12:56,49.86%
693,Sarah Draper,"Rancho Santa Margarita, CA",606,2:12:03,10:05,F 30-34/45,F-30,293,2:12:56,49.87%
694,Eric Miller,"Lancaster, CA",1141,2:12:04,10:05,M 50-54/49,M-53,401,2:12:49,52.04%
695,Matthew Nance,"Laguna Hills, CA",1944,2:12:05,10:05,M 19-24/12,M-23,402,2:13:01,44.84%
696,Rena Thayer,"Irvine, CA",1540,2:12:08,10:05,F 25-29/57,F-29,294,2:13:02,49.83%
697,Rebecca Kay,"Encinitas, CA",936,2:12:10,10:05,F 30-34/46,F-33,295,2:12:34,50.08%
698,Allan Mallari,"Mission Viejo, CA",1081,2:12:19,10:06,M 25-29/43,M-27,403,2:12:56,44.76%
699,David Brown,"Boulder, CO",2746,2:12:21,10:06,M 55-59/22,M-56,404,2:12:40,53.32%
700,Summer Plummer,"Lake Forest, CA",1287,2:12:30,10:07,F 35-39/52,F-36,296,2:13:23,50.53%
701,Brandy Merwin,"Laguna Hills, CA",1136,2:12:31,10:07,F 30-34/47,F-31,297,2:13:23,49.76%
702,Jennifer Albert,"San Clemente, CA",317,2:12:31,10:07,F 35-39/53,F-36,298,2:13:23,50.53%
703,Rebekah Samuel,"Oceanside, CA",1401,2:12:37,10:07,F 30-34/48,F-33,299,2:17:01,49.91%
704,Jodie Howerton,"Woodinville, WA",873,2:12:41,10:08,F 30-34/49,F-32,300,2:12:53,49.77%
705,Robin Rutherford,"Irvine, CA",1382,2:12:42,10:08,F 35-39/54,F-37,301,2:13:07,50.72%
706,Kelli Gaines,"Rancho Santa Margarita, CA",696,2:12:42,10:08,F 35-39/55,F-37,302,2:13:23,50.72%
707,Robert Kossin,"Capistrano Beach, CA",2502,2:12:50,10:08,M 60-64/14,M-62,405,2:13:16,56.16%
708,Chuck Bates,"Laguna Hills, CA",372,2:12:54,10:09,M 45-49/61,M-48,406,2:13:31,49.54%
709,Toan Dang,"Santa Ana, CA",1875,2:12:54,10:09,F 55-59/5,F-55,303,2:13:48,61.60%
710,Kim Rahlfs,"Laguna Niguel, CA",1309,2:12:58,10:09,F 50-54/22,F-53,304,2:13:51,59.95%
711,Chris Cordova,"Orange, CA",1871,2:12:59,10:09,M 35-39/76,M-39,407,2:14:12,46.03%
712,Aimee Hostetter,"Mission Viejo, CA",869,2:13:08,10:10,F 35-39/56,F-39,305,2:13:50,51.20%
713,Pamela Wade,"Irvine, CA",1831,2:13:15,10:10,F 50-54/23,F-52,306,2:13:37,59.03%
714,Catherine Jooyan,"San Juan Capistrano, CA",923,2:13:17,10:10,F 45-49/35,F-48,307,2:13:22,56.10%
715,Pat Demicco,", ",2705,2:13:17,10:10,M 40-44/59,M-44,408,2:13:18,47.80%
716,Tamara Runion,"Lake Elsinore, CA",1378,2:13:17,10:11,F 25-29/58,F-29,308,2:13:28,49.40%
717,Diane Falabella,"San Juan Capistrano, CA",644,2:13:19,10:11,F 35-39/57,F-36,309,2:14:01,50.23%
718,Ling-Ka Moore,"Mission Viejo, CA",1157,2:13:20,10:11,F 35-39/58,F-39,310,2:14:12,51.12%
719,Emily Taylor,"San Diego, CA",1534,2:13:29,10:11,F 13-18/9,F-14,311,2:14:45,53.72%
720,Andrew Hill,"Orange, CA",846,2:13:32,10:12,M 25-29/44,M-29,409,2:25:38,44.35%
721,Anne Whitehair,"Irvine, CA",1835,2:13:34,10:12,F 50-54/24,F-54,312,2:14:03,60.46%
722,Jill Sousa,"Irvine, CA",1818,2:13:45,10:13,F 30-34/50,F-33,313,2:14:45,49.49%
723,James Chandler,"Mission Viejo, CA",497,2:13:45,10:13,M 25-29/45,M-27,410,2:16:05,44.28%
724,Dayle Decillo,"Mission Viejo, CA",578,2:13:52,10:13,F 40-44/43,F-42,314,2:14:36,52.17%
725,Nina Savlov,"Mission Viejo, CA",1412,2:13:53,10:13,F 50-54/25,F-52,315,2:14:36,58.75%
726,Megan Page,"Laguna Hills, CA",2825,2:14:04,10:14,F 25-29/59,F-28,316,2:14:55,49.11%
727,Annette Miyashiro,"Laguna Niguel, CA",1149,2:14:09,10:14,F 35-39/59,F-38,317,2:14:37,50.46%
728,Peter Joh,"Laguna Niguel, CA",911,2:14:10,10:15,M 30-34/53,M-34,411,2:15:01,44.32%
729,Lynn Johnson,"Lake Forest, CA",915,2:14:31,10:16,F 50-54/26,F-52,318,2:15:28,58.48%
730,Karen Morris,"Laguna Niguel, CA",1939,2:14:33,10:16,F 45-49/36,F-47,319,2:15:44,54.89%
731,Tracey Morris,"Laguna Niguel, CA",2609,2:14:34,10:16,F 13-18/10,F-17,320,2:15:44,50.43%
732,Ruth Herrera,"Orange, CA",838,2:14:34,10:16,F 19-24/31,F-22,321,2:14:51,48.93%
733,Kenneth Peterson,"Temecula, CA",1275,2:14:38,10:17,M 40-44/60,M-43,412,2:14:59,46.94%
734,Jennifer Irrgang,"Dana Point, CA",893,2:14:43,10:17,F 35-39/60,F-36,322,2:15:21,49.70%
735,Liza Pandolfo,"San Juan Capistrano, CA",2562,2:14:43,10:17,F 35-39/61,F-35,323,2:15:21,49.48%
736,Susan Kearns,"Mission Viejo, CA",939,2:14:43,10:17,F 40-44/44,F-43,324,2:15:18,52.34%
737,Adam Sanchez,"Huntington Beach, CA",1403,2:14:49,10:18,M 40-44/61,M-44,413,2:15:09,47.26%
738,Michelle Cohen,"Mission Viejo, CA",540,2:14:50,10:18,F 35-39/62,F-39,325,2:15:27,50.55%
739,Marie Green,"Mission Viejo, CA",758,2:14:50,10:18,F 19-24/32,F-21,326,2:15:37,48.83%
740,Mimi Win,"Arcadia, CA",2506,2:15:05,10:19,F 40-44/45,F-41,327,2:15:34,51.23%
741,Roseann Peters,"Fountain Valley, CA",1271,2:15:17,10:20,F 25-29/60,F-26,328,2:15:53,48.67%
742,Therese Duffy,"Huntington Beach, CA",614,2:15:18,10:20,F 35-39/63,F-38,329,2:15:53,50.03%
743,Kristina Savage,"Huntington Beach, CA",1410,2:15:19,10:20,F 35-39/64,F-35,330,2:17:33,49.26%
744,Brad McGee,"Vista, CA",1108,2:15:28,10:20,M 45-49/62,M-48,414,2:15:56,48.60%
745,Nourah Mazid,"Laguna Hills, CA",1778,2:15:32,10:21,F 19-24/33,F-24,331,2:19:16,48.58%
746,Michelle Taggart,"Tustin, CA",1520,2:15:36,10:21,F 25-29/61,F-26,332,2:15:55,48.56%
747,Janet Saalberg,"Mission Viejo, CA",1389,2:15:46,10:22,F 35-39/65,F-39,333,2:16:27,50.20%
748,Jc Eckert,"Lake Forest, CA",2541,2:15:50,10:22,M 50-54/50,M-51,415,2:16:41,49.72%
749,Delia Rhoades,"Huntington Beach, CA",3355,2:15:54,10:22,F 35-39/66,F-37,334,2:16:55,49.53%
750,Jennifer Bussell,"Ladera Ranch, CA",451,2:16:00,10:23,F 35-39/67,F-39,335,2:16:29,50.12%
751,Sheila Goodman,"Laguna Hills, CA",745,2:16:01,10:23,F 45-49/37,F-45,336,2:18:17,53.00%
752,Lauren Haynie,"Laguna Hills, CA",815,2:16:01,10:23,F 19-24/34,F-20,337,2:18:17,48.43%
753,Erik Finkelnburg,"San Clemente, CA",2569,2:16:03,10:23,M 25-29/46,M-25,416,2:16:20,43.53%
754,Hope Kidd,"Irvine, CA",953,2:16:07,10:23,F 25-29/62,F-28,338,2:17:01,48.37%
755,Minnie Lawrence,"Chandler, AZ",1012,2:16:07,10:23,F 45-49/38,F-45,339,2:16:25,52.96%
756,Marappa Gopinath,"Santa Ana, CA",746,2:16:12,10:24,M 60-64/15,M-61,417,2:17:10,54.25%
757,John Strand,"Orange, CA",1505,2:16:37,10:26,M 70-74/3,M-74,418,2:17:13,62.20%
758,Prabodh Mathur,"Laguna Niguel, CA",2843,2:16:38,10:26,M 45-49/63,M-49,419,2:16:49,48.59%
759,Patricia Youngstrom,"Riverside, CA",1680,2:16:43,10:26,F 40-44/46,F-41,340,2:17:05,50.62%
760,Eric Schneider,"Los Angeles, CA",2839,2:16:47,10:27,M 55-59/23,M-55,420,2:17:19,51.13%
761,Elizabeth Much,"Los Angeles, CA",1169,2:16:49,10:27,F 45-49/39,F-47,341,2:17:16,53.98%
762,Heather Morganson,"Modesto, CA",1164,2:16:56,10:27,F 35-39/68,F-38,342,2:17:40,49.43%
763,Sandra Latimore,"Rancho Santa Margarita, CA",1006,2:17:00,10:28,F 35-39/69,F-38,343,2:17:58,49.41%
764,Dave Latimore,"Rancho Santa Margarita, CA",1005,2:17:00,10:28,M 40-44/62,M-40,421,2:17:58,45.03%
765,Therese Le Mieux,"Seal Beach, CA",1014,2:17:02,10:28,F 50-54/27,F-52,344,2:18:46,57.40%
766,Christine Hill,"Whittier, CA",847,2:17:13,10:28,F 25-29/63,F-25,345,2:19:45,47.98%
767,Herbert Perer,"Long Beach, CA",1264,2:17:13,10:28,M 55-59/24,M-56,422,2:19:16,51.43%
768,David Molinaro,"Irvine, CA",1936,2:17:19,10:29,M 45-49/64,M-47,423,2:17:42,47.55%
769,Vivian Jui,"Irvine, CA",1909,2:17:19,10:29,F 45-49/40,F-48,346,2:17:42,54.45%
770,Ken Ohlson,"San Juan Capistrano, CA",2954,2:17:20,10:29,M 40-44/63,M-40,424,2:18:28,44.92%
771,Cheri Wallace,"Aliso Viejo, CA",2813,2:17:21,10:29,F 35-39/70,F-36,347,2:21:05,48.75%
772,Chelsey Veturis,"Lake Forest, CA",1828,2:17:22,10:29,F 19-24/35,F-21,348,2:17:29,47.93%
773,Mary Krages,"Aliso Viejo, CA",1915,2:17:24,10:29,F 40-44/47,F-43,349,2:17:58,51.32%
774,Ramona Slagel,"Modesto, CA",1457,2:17:24,10:29,F 50-54/28,F-51,350,2:17:51,56.52%
775,Bill Fleming,"South Pasadena, CA",1884,2:17:24,10:29,M 45-49/65,M-45,425,2:17:30,46.74%
776,Matthew York,"Laguna Beach, CA",1679,2:17:29,10:30,M 35-39/77,M-36,426,2:17:59,43.61%
777,Bethany York,"Laguna Hills, CA",1678,2:17:29,10:30,F 30-34/51,F-32,351,2:18:00,48.04%
778,Trina Mcmann,"Huntington Beach, CA",3029,2:17:31,10:30,F 45-49/41,F-45,352,2:19:15,52.42%
779,Babak Bijarchi,"Long Beach, CA",403,2:17:37,10:30,M 40-44/64,M-44,427,2:18:32,46.29%
780,Leah Humberstone,"Vista, CA",880,2:17:38,10:30,F 25-29/64,F-29,353,2:21:14,47.84%
781,Nancy Pajarillo,"Lake Forest, CA",1234,2:17:39,10:30,F 35-39/71,F-39,354,2:18:45,49.52%
782,Allison Brieg,"Aliso Viejo, CA",1856,2:17:54,10:32,F 30-34/52,F-30,355,2:19:05,47.76%
783,Richard Cherri,"Orange, CA",512,2:17:55,10:32,M 70-74/4,M-72,428,2:18:15,59.92%
784,Keturah Trevor,"La Quinta, CA",1558,2:18:01,10:32,F 25-29/65,F-26,356,2:18:27,47.71%
785,Honie Kerrick,"Irvine, CA",2598,2:18:07,10:33,F 55-59/6,F-58,357,2:18:11,61.78%
786,Judy Benz,"Huntington Beach, CA",387,2:18:17,10:33,F 45-49/42,F-47,358,2:18:54,53.41%
787,Pamela Harrelson,"Modesto, CA",804,2:18:20,10:34,F 25-29/66,F-27,359,2:19:03,47.60%
788,Tim Hwang,"Gardena, CA",886,2:18:25,10:34,M 30-34/54,M-31,429,2:20:52,42.79%
789,Florence Solomon,"Aliso Viejo, CA",1974,2:18:46,10:36,F 45-49/43,F-45,360,2:19:00,51.95%
790,Karen Holmes,"Rancho Santa Margarita, CA",857,2:18:47,10:36,F 40-44/48,F-44,361,2:19:40,51.36%
791,Kyle Hancock,"Riverside, CA",794,2:18:47,10:36,M 19-24/13,M-23,430,2:19:03,42.67%
792,Terry Girch,"Santa Ana, CA",1890,2:18:59,10:37,M 50-54/51,M-52,431,2:19:21,49.02%
793,Cori Leone,"Orange, CA",1922,2:18:59,10:37,F 50-54/29,F-54,362,2:19:21,58.11%
794,Stephanie Hensler,"Long Beach, CA",831,2:19:01,10:37,F 40-44/49,F-44,363,2:19:56,51.27%
795,Lara Alkofer,"Lake Forest, CA",321,2:19:01,10:37,F 40-44/50,F-40,364,2:19:28,49.39%
796,Patti Farr,"Aliso Viejo, CA",2805,2:19:05,10:37,F 40-44/51,F-44,365,2:19:34,51.25%
797,Denise Tran,"Plano, TX",1556,2:19:06,10:37,F 19-24/36,F-23,366,2:19:25,47.33%
798,Jaime Medina,"Anaheim, CA",3060,2:19:07,10:37,M 45-49/66,M-45,432,2:19:42,46.17%
799,Kristen Neal,"Fullerton, CA",1189,2:19:10,10:37,F 35-39/72,F-38,367,2:19:36,48.64%
800,Desiree Tixta,"Corona, CA",3066,2:19:10,10:37,F 30-34/53,F-34,368,2:19:25,47.72%
801,Bill Berman,"Signal Hill, CA",2852,2:19:13,10:38,M 70-74/5,M-72,433,2:19:44,59.36%
802,Jean Gotholo,"San Pedro, CA",1737,2:19:20,10:38,F 50-54/30,F-53,369,2:20:06,57.21%
803,Cora Chan,"Fullerton, CA",495,2:19:21,10:38,F 30-34/54,F-33,370,2:23:45,47.50%
804,Mark Menconi,"Yorba Linda, CA",1128,2:19:23,10:38,M 50-54/52,M-52,434,2:19:55,48.88%
805,Sharon Wenworth,"Silverado, CA",1833,2:19:23,10:38,F 65-69/1,F-65,371,2:19:47,67.94%
806,Clayton Cobb,"Rancho Palos Verdes, CA",3083,2:19:48,10:40,M 55-59/25,M-55,435,2:20:34,50.03%
807,Tom Sullivan,"Rancho Palos Verdes, CA",3084,2:19:48,10:40,M 60-64/16,M-62,436,2:20:35,53.36%
808,Patricia Jasso,"San Dimas, CA",905,2:19:55,10:41,F 40-44/52,F-43,372,2:20:19,50.39%
809,Susan Cossaboom,"Yorba Linda, CA",552,2:19:55,10:41,F 50-54/31,F-53,373,2:19:55,56.97%
810,Allen Dehnke,"Mission Viejo, CA",582,2:20:04,10:42,M 40-44/65,M-41,437,2:20:49,44.40%
811,Allison Straus,"Mission Viejo, CA",1506,2:20:06,10:42,F 40-44/53,F-40,374,2:20:35,49.01%
812,Isaiah Whelpley,"Fullerton, CA",1627,2:20:08,10:42,M 25-29/47,M-27,438,2:21:01,42.26%
813,Richard E Lash,"Fountain Valley, CA",2834,2:20:11,10:42,M 40-44/66,M-42,439,2:21:00,44.72%
814,Chad White,"Aliso Viejo, CA",1631,2:20:28,10:43,M 25-29/48,M-28,440,2:21:05,42.16%
815,Ed Foster,"Yorba Linda, CA",670,2:20:43,10:44,M 65-69/4,M-67,441,2:21:09,55.66%
816,Pasquale Esposito,"Arcadia, CA",1722,2:20:46,10:45,M 65-69/5,M-69,442,2:21:37,56.78%
817,David Urquhart,"Lake Forest, CA",1570,2:20:47,10:45,M 25-29/49,M-27,443,2:21:15,42.07%
818,Lara Freet,"Palo Alto, CA",688,2:20:49,10:45,F 19-24/37,F-24,375,2:21:27,46.76%
819,Ed Tomasek,"Costa Mesa, CA",1552,2:21:05,10:46,M 50-54/53,M-53,444,2:21:36,48.71%
820,Pauline Vallejos,"Long Beach, CA",1574,2:21:11,10:47,F 25-29/67,F-27,376,2:21:40,46.64%
821,Erin Earlywine,"Long Beach, CA",621,2:21:11,10:47,F 25-29/68,F-27,377,2:21:40,46.64%
822,Jennifer Gonzalez,"San Diego, CA",741,2:21:22,10:47,F 19-24/38,F-24,378,2:21:55,46.57%
823,Daniel Eichmann,"Chino Hills, CA",1721,2:21:22,10:47,M 19-24/14,M-19,445,2:21:53,42.87%
824,Nancy Khalaf,"Pasadena, CA",950,2:21:23,10:48,F 30-34/55,F-31,379,2:21:25,46.64%
825,Aashna Basu,"Loma Linda, CA",371,2:21:28,10:48,F 25-29/69,F-28,380,2:22:24,46.54%
826,Luis Marrero,"Los Angeles, CA",1089,2:21:29,10:48,M 30-34/55,M-32,446,2:22:23,41.87%
827,Mariana Silva,"Los Angeles, CA",1450,2:21:29,10:48,F 25-29/70,F-29,381,2:22:24,46.54%
828,Ben Cardenas,"Costa Mesa, CA",1710,2:21:30,10:48,M 25-29/50,M-27,447,2:22:12,41.85%
829,Lisa Gwilliam,"Oceanside, CA",779,2:21:39,10:49,F 25-29/71,F-27,382,2:22:41,46.48%
830,Erin Gwilliam,"Carlsbad, CA",1741,2:21:39,10:49,F 25-29/72,F-26,383,2:22:41,46.48%
831,Shelly Gordon,"Laguna Hills, CA",748,2:21:42,10:49,F 55-59/7,F-56,384,2:21:55,58.57%
832,Wang Teng,"Capistrano Beach, CA",2586,2:21:46,10:49,M 35-39/78,M-37,448,2:25:30,42.53%
833,Heather Philipp,"Orange, CA",1280,2:21:48,10:49,F 40-44/54,F-44,385,2:22:16,50.26%
834,Kinsley Kuhn,"Riverside, CA",981,2:21:51,10:50,F 19-24/39,F-23,386,2:22:24,46.42%
835,Jennifer Price,"Riverside, CA",1292,2:21:51,10:50,F 19-24/40,F-23,387,2:22:24,46.42%
836,Carrie Damschroder,"Aliso Viejo, CA",564,2:22:01,10:50,F 25-29/73,F-28,388,2:22:15,46.36%
837,Isabel Villalobos,"Lake Forest, CA",1598,2:22:06,10:51,F 45-49/44,F-48,389,2:22:38,52.62%
838,Lauren Hoeft,"Ventura, CA",851,2:22:11,10:51,F 25-29/74,F-29,390,2:22:51,46.31%
839,Kenny Jackett,"Mission Viejo, CA",1753,2:22:11,10:51,M 50-54/54,M-50,449,2:22:49,47.09%
840,Nina Chang,"Carlsbad, CA",500,2:22:18,10:52,F 25-29/75,F-25,391,2:22:51,46.27%
841,Drew Belnap,"Carlsbad, CA",379,2:22:43,10:54,M 35-39/79,M-35,450,2:23:39,41.81%
842,Tammi Zelm,"Placentia, CA",1683,2:22:53,10:54,F 40-44/55,F-43,392,2:23:09,49.35%
843,Kara Root,"San Clemente, CA",1964,2:22:56,10:55,F 35-39/73,F-37,393,2:23:22,47.09%
844,Melissa Armstrong,"Laguna Niguel, CA",1845,2:22:56,10:55,F 50-54/32,F-50,394,2:23:22,53.63%
845,Sharon Boles,"Mission Viejo, CA",410,2:22:57,10:55,F 40-44/56,F-41,395,2:23:14,48.41%
846,Esstella Leon,"Laguna Hills, CA",1022,2:23:05,10:55,F 50-54/33,F-54,396,2:23:46,56.44%
847,Sue Lauritzen,"Riverside, CA",1009,2:23:09,10:56,F 55-59/8,F-56,397,2:23:36,57.98%
848,Christine Taitano,"Murrieta, CA",1522,2:23:12,10:56,F 40-44/57,F-43,398,2:23:44,49.24%
849,Susan Daza,"Murrieta, CA",577,2:23:12,10:56,F 35-39/74,F-36,399,2:23:45,46.76%
850,Jerry Huang,"Tustin, CA",2803,2:23:14,10:56,M 35-39/80,M-38,451,2:23:47,42.41%
851,Carissa Schwartz,"Fort Worth, TX",1420,2:23:14,10:56,F 25-29/76,F-26,400,2:23:34,45.97%
852,Dale Kemp,"Laguna Hills, CA",945,2:23:19,10:56,M 50-54/55,M-54,452,2:23:33,48.37%
853,William Leon,"Laguna Hills, CA",1023,2:23:20,10:56,M 50-54/56,M-52,453,2:24:00,47.53%
854,Rebecca Poncher,"Rancho Mirage, CA",1796,2:23:25,10:57,F 25-29/77,F-26,401,2:24:30,45.91%
855,Surbhi Pir,"Rancho Santa Margarita, CA",1285,2:23:29,10:57,F 35-39/75,F-36,402,2:24:17,46.67%
856,Pervez Pir,"Rancho Santa Margarita, CA",1284,2:23:29,10:57,M 30-34/56,M-34,454,2:24:17,41.44%
857,Denise Dymon,"Aliso Viejo, CA",2696,2:23:35,10:58,F 45-49/45,F-45,403,2:23:49,50.21%
858,Ian Chin,"Irvine, CA",513,2:23:36,10:58,M 40-44/67,M-43,455,2:24:36,44.00%
859,Tishia Schwenke,"Chandler, AZ",1424,2:23:50,10:59,F 40-44/58,F-43,404,2:24:07,49.02%
860,Kathy Heffner,"Dana Point, CA",820,2:23:59,10:59,F 45-49/46,F-45,405,2:24:15,50.06%
861,Mary Chapman,"Norwalk, CA",502,2:24:00,11:00,F 25-29/78,F-26,406,2:24:26,45.72%
862,Daisuke Kato,"Mission Viejo, CA",934,2:24:06,11:00,M 30-34/57,M-32,456,2:24:28,41.11%
863,Peter Khang,"Irvine, CA",952,2:24:12,11:00,M 35-39/81,M-38,457,2:24:47,42.12%
864,Alice Lau,"Irvine, CA",1007,2:24:14,11:01,F 35-39/76,F-35,407,2:24:47,46.22%
865,Rebekah Bowman,"Ladera Ranch, CA",419,2:24:15,11:01,F 30-34/56,F-34,408,2:24:29,46.04%
866,Dan Davidson,"Burbank, CA",572,2:24:15,11:01,M 35-39/82,M-37,458,2:24:43,41.81%
867,Armando Huaringa,"Fullerton, CA",874,2:24:17,11:01,M 25-29/51,M-25,459,2:27:15,41.05%
868,Karen Lau,"Diamond Bar, CA",1008,2:24:19,11:01,F 30-34/57,F-31,409,2:24:53,45.69%
869,Brian Hostetter,"Mission Viejo, CA",870,2:24:46,11:03,M 45-49/67,M-48,460,2:25:28,45.48%
870,Robert Thompson,"Trabuco Canyon, CA",1545,2:24:52,11:04,M 45-49/68,M-49,461,2:33:32,45.83%
871,Sonia Davidson,"Burbank, CA",574,2:25:00,11:04,F 35-39/77,F-39,410,2:25:28,47.01%
872,Rachel Dioso-Villa,"Irvine, CA",598,2:25:02,11:04,F 30-34/58,F-30,411,2:25:11,45.41%
873,Christa Strick,"Mission Viejo, CA",1977,2:25:23,11:06,F 30-34/59,F-34,412,2:25:29,45.68%
874,Freya Wilkes,"Aliso Viejo, CA",1999,2:25:23,11:06,F 30-34/60,F-34,413,2:25:29,45.68%
875,Adelaida Mendez,"Mission Viejo, CA",1131,2:25:28,11:06,F 40-44/59,F-42,414,2:26:05,48.01%
876,Kelli Cavaliero,"Mission Viejo, CA",1866,2:25:30,11:06,F 45-49/47,F-47,415,2:26:22,50.76%
877,David Margolin,"Laguna Niguel, CA",1773,2:25:42,11:07,M 45-49/69,M-45,462,2:25:51,44.08%
878,Kelly Peck,"Los Angeles, CA",1259,2:25:47,11:08,F 25-29/79,F-25,416,2:26:50,45.16%
879,Elizabeth Chrisopoulos,"Aliso Viejo, CA",517,2:25:49,11:08,F 30-34/61,F-33,417,2:26:26,45.39%
880,Maria Bashaw,"Mission Viejo, CA",370,2:26:05,11:09,F 40-44/60,F-41,418,2:26:42,47.38%
881,Cristy Berger,"Ladera Ranch, CA",2511,2:26:07,11:09,F 35-39/78,F-37,419,2:26:54,46.06%
882,Carrie Wyckoff,"Mission Viejo, CA",1674,2:26:36,11:11,F 40-44/61,F-43,420,2:27:18,48.10%
883,Daniel Astorga,"West Covina, CA",343,2:26:45,11:12,M 25-29/52,M-26,463,2:27:06,40.36%
884,Lizette Lujan,"Glendora, CA",1066,2:26:46,11:12,F 35-39/79,F-38,421,2:27:07,46.12%
885,Barbara Ryan,"Westminster, CA",1384,2:26:51,11:13,F 50-54/34,F-50,422,2:27:30,52.20%
886,Clive Turner,"Laguna Niguel, CA",1567,2:27:00,11:13,M 45-49/70,M-47,464,2:27:50,44.42%
887,Silke Turner,"Laguna Niguel, CA",1568,2:27:01,11:13,F 35-39/80,F-39,423,2:27:50,46.36%
888,Cliff Abbasi,"Laguna Hills, CA",300,2:27:10,11:14,M 25-29/53,M-27,465,2:27:22,40.24%
889,Lorin Carnahan,"Laguna Niguel, CA",481,2:27:18,11:15,F 30-34/62,F-32,424,2:27:41,44.83%
890,Sheila Riley,"Coronado, CA",1801,2:27:30,11:16,F 40-44/62,F-42,425,2:28:27,47.35%
891,Sean Ricks,"Coronado, CA",1800,2:27:31,11:16,M 35-39/83,M-39,466,2:28:27,41.49%
892,Janet Flisk,"San Clemente, CA",1726,2:27:40,11:16,F 45-49/48,F-49,426,2:27:42,51.27%
893,Cynthia Breit,"Foothill Ranch, CA",427,2:27:41,11:16,F 35-39/81,F-36,427,2:28:42,45.34%
894,Brian Helstien,"Laguna Hills, CA",824,2:27:42,11:16,M 60-64/17,M-60,467,2:32:01,49.57%
895,Shannon Vassar,"Irvine, CA",1589,2:27:44,11:17,F 30-34/63,F-30,428,2:28:13,44.58%
896,Kathy Wolleson,"Corona, CA",1660,2:27:46,11:17,F 50-54/35,F-53,429,2:28:41,53.94%
897,Alex Maggioni,"Los Angeles, CA",2821,2:27:46,11:17,F 35-39/82,F-38,430,2:31:01,45.81%
898,Cara Maggioni,"Los Angeles, CA",2820,2:27:46,11:17,F 40-44/63,F-40,431,2:31:01,46.46%
899,Cindi Tate,"Calabasas, CA",1532,2:27:56,11:18,F 55-59/9,F-55,432,2:28:35,55.34%
900,Ladonna Gryte,"Dayton, NV",766,2:28:00,11:18,F 55-59/10,F-58,433,2:28:12,57.65%
901,Laura Eichhorn,"Mission Viejo, CA",2652,2:28:02,11:18,F 35-39/83,F-37,434,2:28:48,45.47%
902,Karen McKenna,"Costa Mesa, CA",1116,2:28:29,11:20,F 50-54/36,F-53,435,2:28:50,53.68%
903,Arneed Bledsoe,"Tustin, CA",406,2:28:40,11:21,F 50-54/37,F-51,436,2:29:01,52.24%
904,Martha Spelman,"Playa Del Rey, CA",1474,2:28:46,11:21,F 55-59/11,F-55,437,2:29:41,55.03%
905,Angelica Barraza,"San Clemente, CA",363,2:28:52,11:22,F 19-24/41,F-20,438,2:29:27,44.25%
906,Alice Stotler,"Yorba Linda, CA",1820,2:29:13,11:23,F 65-69/2,F-66,439,2:30:13,64.47%
907,Stephanie Meyer,"Beverly Hills, CA",1137,2:29:26,11:24,F 35-39/84,F-38,440,2:29:32,45.30%
908,Tanya Mauldin,"Apple Valley, CA",1098,2:29:31,11:25,F 55-59/12,F-55,441,2:29:40,54.75%
909,Don Crider,"Dana Point, CA",1717,2:29:51,11:26,M 60-64/18,M-64,468,2:30:19,50.75%
910,Cara Lewis,"San Clemente, CA",1768,2:29:51,11:26,F 19-24/42,F-20,442,2:30:19,43.96%
911,Jasmine Putnam,"Fountain Valley, CA",1300,2:29:57,11:27,F 30-34/64,F-33,443,2:30:53,44.14%
912,William Wood,"San Clemente, CA",1664,2:30:02,11:27,M 65-69/6,M-66,469,2:30:41,51.68%
913,Gregory Robinson,"Mission Viejo, CA",1803,2:30:12,11:28,M 55-59/26,M-57,470,2:30:34,47.41%
914,Andrea Ronalds,"Oceanside, CA",1355,2:30:13,11:28,F 30-34/65,F-33,444,2:30:48,44.06%
915,Angela Ryan,"San Clemente, CA",1383,2:30:13,11:28,F 55-59/13,F-58,445,2:30:49,56.80%
916,Jill Tracy,"Mission Viejo, CA",1825,2:30:13,11:28,F 40-44/64,F-43,446,2:30:40,46.94%
917,Valerie Vanhorn,", ",2753,2:30:23,11:29,F 35-39/85,F-39,447,2:31:08,45.32%
918,Jerry Tran,"Covina, CA",1557,2:30:30,11:29,M 45-49/71,M-46,471,2:35:00,43.03%
919,Christi Costello,"Huntington Beach, CA",553,2:30:36,11:30,F 25-29/80,F-26,448,2:30:55,43.72%
920,Colleen Bechtel,"Del Mar, CA",1848,2:30:38,11:30,F 45-49/49,F-47,449,2:32:37,49.03%
921,Kim Stephens,"Ontario, CA",1492,2:30:38,11:30,F 50-54/38,F-52,450,2:31:10,52.22%
922,David Stum,"Escondido, CA",1509,2:30:51,11:31,M 30-34/58,M-34,472,2:31:16,39.41%
923,Lisa Stum,"Escondido, CA",1510,2:30:51,11:31,F 25-29/81,F-28,451,2:31:16,43.65%
924,Vincent Padilla,"Placentia, CA",1231,2:30:52,11:31,M 50-54/57,M-51,473,2:31:21,44.77%
925,Colleen Shea,"Long Beach, CA",1436,2:31:05,11:32,F 45-49/50,F-45,452,2:31:36,47.72%
926,Stelios Chrisopoulos,"Aliso Viejo, CA",518,2:31:17,11:33,M 30-34/59,M-34,474,2:31:54,39.30%
927,Mike Taylor,"Irvine, CA",1536,2:31:20,11:33,M 35-39/84,M-39,475,2:31:58,40.44%
928,Jay Mersch,"San Juan Capistrano, CA",1135,2:31:24,11:33,M 55-59/27,M-59,476,2:32:05,47.91%
929,Becky Fowers,"Tustin, CA",676,2:31:38,11:34,F 30-34/66,F-30,453,2:32:31,43.43%
930,Nicole Harris,"Huntington Beach, CA",810,2:31:40,11:35,F 30-34/67,F-31,454,2:31:56,43.48%
931,Alexei Stoliartchouk,"Santa Monica, CA",1497,2:31:41,11:35,M 30-34/60,M-32,477,2:38:52,39.05%
932,Jennifer Tai,"Arcadia, CA",1521,2:31:53,11:36,F 50-54/39,F-51,455,2:36:24,51.13%
933,Courtney Laser,"Mission Viejo, CA",1002,2:32:31,11:39,F 19-24/43,F-23,456,2:33:12,43.17%
934,Pat Herr,"Mission Viejo, CA",836,2:33:02,11:41,F 70-74/1,F-71,457,2:34:20,68.30%
935,Kelly Farris,"Lake Forest, CA",647,2:33:27,11:43,F 25-29/82,F-29,458,2:34:28,42.91%
936,Denise Hanson,"Trabuco Canyon, CA",798,2:33:27,11:43,F 30-34/68,F-33,459,2:34:28,43.13%
937,Kim Farris-Berg,"Mission Viejo, CA",648,2:33:28,11:43,F 30-34/69,F-33,460,2:34:28,43.13%
938,Brittany Hyams,"Huntington Beach, CA",887,2:33:53,11:45,F 25-29/83,F-25,461,2:34:51,42.79%
939,Sharon Gibby,"Laguna Niguel, CA",2914,2:33:58,11:45,F 50-54/40,F-50,462,2:34:34,49.79%
940,Bryan Burns,"Rancho Santa Margarita, CA",444,2:33:58,11:45,M 35-39/85,M-35,478,2:34:13,38.76%
941,Lisa Quioan,"Whittier, CA",1304,2:34:04,11:46,F 30-34/70,F-30,463,2:34:34,42.75%
942,Anne Grebbin,"Laguna Niguel, CA",756,2:34:21,11:47,F 45-49/51,F-46,464,2:35:11,47.27%
943,Karen Gerber,"Mission Viejo, CA",712,2:34:45,11:49,F 40-44/65,F-42,465,2:35:29,45.13%
944,Betty Sanson,"San Clemente, CA",1408,2:34:47,11:49,F 55-59/14,F-55,466,2:35:23,52.89%
945,Christina Lipera,"Boston, MA",1035,2:34:58,11:50,F 19-24/44,F-24,467,2:35:49,42.49%
946,Steve Stover,"Santa Ana, CA",1503,2:35:04,11:50,M 50-54/58,M-51,479,2:35:33,43.56%
947,Geert Hoste,", ",3070,2:35:20,11:51,M 45-49/72,M-48,480,2:35:25,42.39%
948,John Heylen,", ",3118,2:35:21,11:51,M 35-39/86,M-37,481,2:35:26,38.82%
949,Steven Samuel,"Oceanside, CA",1402,2:35:26,11:52,M 30-34/61,M-33,482,2:40:39,38.17%
950,Karen Vonzabern,"Sun City, CA",3072,2:35:30,11:52,F 01-12/1,F-7,468,2:36:08,58.01%
951,Katherine Whelpley,"Fullerton, CA",1628,2:35:33,11:52,F 25-29/84,F-28,469,2:36:26,42.33%
952,Stephanie Matheny,"Fullerton, CA",1096,2:35:33,11:52,F 30-34/71,F-32,470,2:36:27,42.46%
953,Amber McGregor,"Alta Loma, CA",1110,2:35:42,11:53,F 19-24/45,F-22,471,2:36:08,42.29%
954,Crystal Robbins,"Menifee, CA",3090,2:35:44,11:53,F 30-34/72,F-32,472,2:36:14,42.41%
955,Jenny Carey,"Laguna Niguel, CA",1711,2:35:51,11:54,F 35-39/86,F-37,473,2:36:52,43.19%
956,Jill Jones,"Laguna Niguel, CA",918,2:35:51,11:54,F 30-34/73,F-33,474,2:36:52,42.47%
957,Jeanne Ruiz,"Seal Beach, CA",1373,2:36:13,11:55,F 45-49/52,F-47,475,2:37:19,47.28%
958,Annalee Austin,"Laguna Niguel, CA",345,2:36:15,11:56,F 30-34/74,F-31,476,2:37:16,42.20%
959,Matthew Ruiz,"Seal Beach, CA",1374,2:36:16,11:56,M 45-49/73,M-48,483,2:37:23,42.13%
960,Lori Thurman,"Laguna Niguel, CA",1548,2:36:18,11:56,F 35-39/87,F-35,477,2:37:19,42.65%
961,Daniel Berzsenyi,"Shorewood, WI",394,2:36:21,11:56,M 35-39/87,M-36,484,2:36:52,38.35%
962,Andrew Houston,"Jackson, WY",872,2:36:22,11:56,M 35-39/88,M-37,485,2:36:53,38.57%
963,Erwin Galicinao,"Garden Grove, CA",698,2:36:33,11:57,M 30-34/62,M-33,486,2:38:21,37.89%
964,Jim Collins,"Aliso Viejo, CA",3108,2:36:42,11:58,M 40-44/68,M-40,487,2:37:04,39.37%
965,Jim Grimes,"Huntington Beach, CA",765,2:36:55,11:59,M 60-64/19,M-60,488,2:37:57,46.65%
966,Karen Rehm,"Escondido, CA",1325,2:36:58,11:59,F 50-54/41,F-50,478,2:37:13,48.84%
967,Julie Pandya,"Santa Ana, CA",1235,2:37:48,12:03,F 35-39/88,F-35,479,2:38:37,42.24%
968,Mitch Gerber,"Mission Viejo, CA",713,2:37:55,12:03,M 40-44/69,M-44,489,2:38:39,40.34%
969,Summer Tekippe,"Laguna Hills, CA",2824,2:38:09,12:04,F 25-29/85,F-25,480,2:39:00,41.63%
970,Ashley Smith,"Houston, TX",1458,2:38:15,12:05,F 25-29/86,F-26,481,2:38:39,41.61%
971,Whitney Smith,"Houston, TX",1463,2:38:15,12:05,F 19-24/46,F-23,482,2:38:40,41.61%
972,Kelly Britt,"Mission Viejo, CA",432,2:38:23,12:05,F 45-49/53,F-48,483,2:39:08,47.21%
973,Joseph Mancini,"Tustin, CA",1084,2:38:28,12:06,M 65-69/7,M-68,490,2:39:25,49.92%
974,Dorothy Strand,"Orange, CA",1504,2:38:32,12:06,F 65-69/3,F-69,484,2:39:08,63.73%
975,Julia Bock,"Fullerton, CA",407,2:38:39,12:07,F 25-29/87,F-29,485,2:38:56,41.50%
976,Joji Sakai,"Long Beach, CA",1395,2:38:40,12:07,M 25-29/54,M-28,491,2:39:38,37.33%
977,Joyce Sakai,"Long Beach, CA",1396,2:38:40,12:07,F 25-29/88,F-28,486,2:39:39,41.50%
978,Colleen Lasalle,"Long Beach, CA",1001,2:38:45,12:07,F 45-49/54,F-45,487,2:39:26,45.41%
979,Roger Faubel,"Lake Forest, CA",650,2:38:51,12:07,M 60-64/20,M-60,492,2:39:25,46.09%
980,Kelly Wood,"Aliso Viejo, CA",2735,2:39:05,12:09,F 35-39/89,F-37,488,2:39:30,42.31%
981,Gary La Morte,"Irvine, CA",988,2:39:15,12:09,M 50-54/59,M-53,493,2:39:38,43.15%
982,Melissa Foster,"La Mesa, CA",672,2:39:16,12:09,F 19-24/47,F-24,489,2:40:31,41.34%
983,Kim Dang,"Foothill Ranch, CA",566,2:39:21,12:10,F 40-44/66,F-40,490,2:40:22,43.09%
984,Michele Troyan,"Mission Viejo, CA",1563,2:40:02,12:13,F 35-39/90,F-38,491,2:40:48,42.30%
985,Natalie Polser,"Miami, FL",1289,2:40:04,12:13,F 19-24/48,F-24,492,2:40:29,41.13%
986,Nicholas Lehker,"El Paso, TX",2757,2:40:09,12:13,M 19-24/15,M-21,494,2:40:29,37.14%
987,Steve Okiyama,"Upland, CA",2819,2:41:11,12:18,M 50-54/60,M-51,495,2:42:17,41.90%
988,Alice Woo,"Dorchester, MA",1663,2:41:18,12:19,F 35-39/91,F-38,493,2:50:59,41.97%
989,Summer Barresi,"Laguna Niguel, CA",2555,2:41:37,12:20,F 30-34/75,F-33,494,2:41:49,40.96%
990,Chris Kim,"Rancho Santa Margarita, CA",961,2:41:45,12:21,F 40-44/67,F-43,495,2:42:31,43.59%
991,Alicia Marroquin,"Hawthorne, CA",3210,2:42:13,12:23,F 35-39/92,F-36,496,2:42:37,41.28%
992,Paul Ulan,"Phoenix, AZ",2903,2:42:16,12:23,M 40-44/70,M-42,496,2:42:59,38.63%
993,Rachel Buenviaje,"Santa Monica, CA",2860,2:42:37,12:25,F 30-34/76,F-30,497,2:48:02,40.50%
994,Christopher Radle,"Huntington Beach, CA",1308,2:42:40,12:25,M 30-34/63,M-34,497,2:47:54,36.55%
995,Jerry Lopopolo,"Manhattan Beach, CA",2650,2:42:45,12:25,M 40-44/71,M-41,498,2:43:11,38.21%
996,Jan Newton,"Thousand Oaks, CA",1201,2:42:58,12:26,F 40-44/68,F-43,498,2:44:03,43.26%
997,Michelle Ahrens,"Chino Hills, CA",315,2:43:31,12:29,F 30-34/77,F-33,499,2:44:02,40.48%
998,Julie Butler,"Los Angeles, CA",453,2:43:31,12:29,F 30-34/78,F-33,500,2:44:04,40.48%
999,Heather Karmelich,"Rancho Palos Verdes, CA",931,2:43:32,12:29,F 40-44/69,F-42,501,2:44:04,42.71%
1000,Jennifer Newsom,"Foothill Ranch, CA",1200,2:44:22,12:33,F 40-44/70,F-40,502,2:47:49,41.77%
1001,Bessie Nakashima,"Foothill Ranch, CA",1185,2:44:23,12:33,F 45-49/55,F-49,503,2:47:49,46.06%
1002,Suzanne Steevens,"Foothill Ranch, CA",1490,2:44:23,12:33,F 45-49/56,F-45,504,2:47:49,43.86%
1003,Allison Hughes,"San Juan Capistrano, CA",876,2:45:00,12:36,F 13-18/11,F-18,505,2:45:14,40.52%
1004,Beth Chavez,"Mission Viejo, CA",507,2:45:16,12:37,F 60-64/3,F-60,506,2:45:38,53.13%
1005,James Kim,"Los Angeles, CA",1913,2:45:30,12:38,M 25-29/55,M-25,499,2:47:57,35.78%
1006,Beth Lasich,"Studio City, CA",1003,2:45:34,12:38,F 45-49/57,F-47,507,2:45:53,44.61%
1007,Helen Park,"Pasadena, CA",1236,2:45:39,12:39,F 30-34/79,F-33,508,2:46:53,39.96%
1008,Janet Foster,"Huntington Beach, CA",671,2:46:06,12:41,F 30-34/80,F-33,509,2:47:54,39.85%
1009,Joy Weber,"Fullerton, CA",1832,2:46:07,12:41,F 40-44/71,F-41,510,2:46:46,41.66%
1010,Cynthia Werelius,"Lake Forest, CA",1834,2:46:10,12:41,F 40-44/72,F-40,511,2:46:46,41.32%
1011,Tracy Vasquez,"Brea, CA",1588,2:47:21,12:46,F 50-54/42,F-51,512,2:48:24,46.40%
1012,Fernando Valent,"Trabuco Canyon, CA",1573,2:47:37,12:48,M 65-69/8,M-65,500,2:48:16,45.81%
1013,Susanna Malone,"Lehi, UT",1082,2:48:35,12:52,F 30-34/81,F-33,513,2:49:36,39.26%
1014,Erin McIntyre,"Laguna Hills, CA",1115,2:49:38,12:57,F 19-24/49,F-20,514,2:50:05,38.83%
1015,Brenda Perez,"Irvine, CA",1265,2:49:40,12:57,F 45-49/58,F-48,515,2:50:18,44.07%
1016,Sharon Hamill,"Vista, CA",791,2:49:45,12:57,F 45-49/59,F-47,516,2:50:47,43.51%
1017,Janet Bica,"Cypress, CA",401,2:49:45,12:57,F 40-44/73,F-44,517,2:50:47,41.99%
1018,Rick Nakashima,"Foothill Ranch, CA",1186,2:49:46,12:57,M 45-49/74,M-49,501,2:53:13,39.11%
1019,Em Arpawong,"Claremont, CA",337,2:50:28,13:01,F 30-34/82,F-34,518,2:52:30,38.96%
1020,Pumipak Tantamjarik,"Santa Ana, CA",1529,2:50:33,13:01,M 35-39/89,M-37,502,2:52:33,35.36%
1021,William To,"Santa Ana, CA",1551,2:50:33,13:01,M 35-39/90,M-35,503,2:52:34,34.99%
1022,Staci Campolattaro,"Menifee, CA",471,2:50:34,13:01,F 35-39/93,F-35,519,2:51:05,39.08%
1023,Rand Gordon,"Laguna Hills, CA",747,2:51:32,13:06,M 55-59/28,M-55,504,2:51:45,40.77%
1024,Jamie Pellettera,"Fontana, CA",1262,2:51:47,13:07,F 19-24/50,F-20,520,2:52:13,38.35%
1025,Shayna Hefner,"Huntington Beach, CA",821,2:52:26,13:10,F 30-34/83,F-34,521,2:52:54,38.51%
1026,Darlene Perez,"Orange, CA",1267,2:52:26,13:10,F 19-24/51,F-23,522,2:52:41,38.18%
1027,Terri Smith-Morse,"San Clemente, CA",1816,2:52:40,13:11,F 40-44/74,F-42,523,2:53:45,40.45%
1028,Michelle Sayre,"Manhattan Beach, CA",1970,2:53:20,13:14,F 35-39/94,F-36,524,2:54:16,38.63%
1029,Brent Felsted,"Irvine, CA",2911,2:53:26,13:14,M 50-54/61,M-51,505,2:54:05,38.94%
1030,Angela Acuna,"Westminster, CA",305,2:54:18,13:18,F 40-44/75,F-41,525,2:55:10,39.71%
1031,Maria Kallas,"Mission Viejo, CA",928,2:54:27,13:19,F 50-54/43,F-51,526,2:55:13,44.52%
1032,Talia Glass,"Palm Springs, CA",729,2:54:28,13:19,F 19-24/52,F-23,527,2:55:04,37.74%
1033,Nasreen Khalife,"Irvine, CA",951,2:54:31,13:19,F 19-24/53,F-21,528,2:55:22,37.73%
1034,Heidi Jackman,"Menifee, CA",895,2:55:55,13:26,F 35-39/95,F-37,529,2:56:26,38.26%
1035,Eric Mendoza,"Orange, CA",1132,2:56:13,13:27,M 35-39/91,M-39,506,2:56:14,34.73%
1036,Amelia Tavares,"Agoura Hills, CA",1533,2:57:17,13:32,F 30-34/84,F-30,530,2:58:01,37.15%
1037,Rachel Behen,"Palmdale, CA",377,2:57:18,13:32,F 30-34/85,F-31,531,2:58:02,37.19%
1038,Douglas Northcott,"Costa Mesa, CA",1210,2:58:47,13:39,M 30-34/64,M-30,507,2:59:42,33.13%
1039,Peggy McDowell-Cramer,"Santa Monica, CA",1105,2:59:17,13:41,F 65-69/4,F-68,532,2:59:26,55.42%
1040,Liton Francisco,"Fullerton, CA",680,2:59:24,13:42,M 30-34/65,M-30,508,2:59:24,33.01%
1041,Reyna Benson,"Lake Forest, CA",1849,2:59:40,13:43,F 01-12/2,F-12,533,3:00:01,41.86%
1042,Richard Hunter,"Laguna Woods, CA",2743,3:00:27,13:46,M 75-79/3,M-78,509,3:01:28,50.55%
1043,Sara Spilsbury,"Huntington Beach, CA",1819,3:00:41,13:47,F 30-34/86,F-32,534,3:00:57,36.55%
1044,Doug Custane,"Laguna Hills, CA",1874,3:00:51,13:48,M 55-59/29,M-58,510,3:01:16,39.73%
1045,Thomas Schmitz,"Portland, OR",2505,3:01:07,13:49,M 50-54/62,M-54,511,3:01:31,38.28%
1046,Yasmin Wood,"Mission Viejo, CA",1665,3:01:08,13:49,F 30-34/87,F-30,535,3:02:11,36.36%
1047,Judene Wright,"Tustin, CA",213,3:01:38,13:52,F 40-44/76,F-42,536,3:02:42,38.45%
1048,Lorinda Lozano,"Westminster, CA",1060,3:02:04,13:54,F 25-29/89,F-27,537,3:02:14,36.16%
1049,Ronnie Phin,"Los Angeles, CA",1282,3:02:05,13:54,F 25-29/90,F-27,538,3:02:14,36.16%
1050,Isabele Dargel,"Ladera Ranch, CA",571,3:02:07,13:54,F 30-34/88,F-32,539,3:02:56,36.26%
1051,Candace Lance,"Mission Viejo, CA",995,3:02:25,13:55,F 19-24/54,F-24,540,3:03:05,36.09%
1052,Barbara Murphy,"Laguna Niguel, CA",1177,3:02:45,13:57,F 45-49/60,F-46,541,3:03:37,39.92%
1053,Silvia Zurovski,"Coto De Caza, CA",1690,3:02:45,13:57,F 40-44/77,F-43,542,3:03:37,38.58%
1054,Alison Ray,"San Clemente, CA",1317,3:03:30,14:00,F 45-49/61,F-45,543,3:04:05,39.29%
1055,Pounciana Kaylor,"Mission Viejo, CA",937,3:03:41,14:01,F 35-39/96,F-36,544,3:04:25,36.45%
1056,Ruth Murphy,"Mission Viejo, CA",1178,3:04:48,14:06,F 45-49/62,F-47,545,3:05:32,39.97%
1057,Toni Bushong,"Costa Mesa, CA",450,3:05:46,14:11,F 50-54/44,F-53,546,3:06:05,42.91%
1058,Fran Prisco,"Lake Forest, CA",1294,3:05:48,14:11,F 45-49/63,F-46,547,3:06:31,39.27%
1059,Tracey Walsh,"Trabuco Canyon, CA",1994,3:05:54,14:11,F 35-39/97,F-39,548,3:06:39,36.66%
1060,Sharyn Sasserson,"Trabuco Canyon, CA",1968,3:05:55,14:11,F 35-39/98,F-35,549,3:06:40,35.85%
1061,Gail Ulan,"Phoenix, AZ",2643,3:09:36,14:28,F 40-44/78,F-41,550,3:10:19,36.50%
1062,Robyn Henk,"Trabuco Canyon, CA",830,3:09:52,14:29,F 55-59/15,F-58,551,3:10:05,44.94%
1063,Kyoko Adachi,"Mission Viejo, CA",306,3:10:36,14:33,F 60-64/4,F-61,552,3:10:55,46.75%
1064,Sabrina Ahmad,"Irvine, CA",313,3:10:57,14:34,F 25-29/91,F-28,553,3:14:56,34.48%
1065,Lila Lam,"Irvine, CA",991,3:10:57,14:34,F 25-29/92,F-27,554,3:14:57,34.48%
1066,Jolene Taylor,"Glendale, CA",1535,3:11:03,14:35,F 40-44/79,F-42,555,3:11:11,36.56%
1067,Victoria Spencer,"Glendora, CA",1475,3:11:03,14:35,F 40-44/80,F-42,556,3:11:11,36.55%
1068,Lora Hewitt,"Murrieta, CA",841,3:11:28,14:37,F 50-54/45,F-51,557,3:16:53,40.56%
1069,Shari Lambert,"Riverside, CA",993,3:11:29,14:37,F 25-29/93,F-25,558,3:16:54,34.38%
1070,Alison Ramirez,"Perris, CA",1310,3:12:17,14:41,F 25-29/94,F-29,559,3:13:11,34.24%
1071,Ululahi Cook,"Lake Forest, CA",1716,3:13:22,14:45,F 45-49/64,F-48,560,3:14:17,38.67%
1072,Douglas Ranes,"Pauma Valley, CA",1313,3:14:44,14:52,M 60-64/21,M-63,512,3:15:07,38.68%
1073,Sheri Ranes,"Pauma Valley, CA",1314,3:14:45,14:52,F 35-39/99,F-36,561,3:15:07,34.38%
1074,Marie Callas,"Mission Viejo, CA",465,3:16:30,15:00,F 50-54/46,F-51,562,3:17:14,39.52%
1075,Lara Callas,"Ladera Ranch, CA",464,3:16:31,15:00,F 40-44/81,F-40,563,3:17:14,34.94%
1076,Rainy Nunez,"Sierra Madre, CA",3202,3:18:28,15:09,F 35-39/100,F-38,564,3:19:23,34.11%
1077,Virginia Richie,"Laguna Woods, CA",132,3:18:30,15:09,F 70-74/2,F-74,565,3:20:07,55.55%
1078,Jd Bilbao,"Loma Linda, CA",404,3:18:41,15:10,M 30-34/66,M-31,513,3:19:32,29.81%
1079,Randy Valencia,"Loma Linda, CA",1572,3:18:42,15:10,M 30-34/67,M-32,514,3:19:32,29.81%
1080,Jacob Abramson,"Stevenson Ranch, CA",303,3:19:35,15:14,M 13-18/12,M-13,515,3:20:17,33.66%
1081,Debbie Abramson,"Stevenson Ranch, CA",302,3:19:43,15:15,F 40-44/82,F-41,566,3:20:25,34.65%
1082,Denise Sawicz,"Tustin, CA",1413,3:19:53,15:15,F 45-49/65,F-49,567,3:20:42,37.88%
1083,Peggy Farner,"Anaheim, CA",646,3:19:53,15:15,F 50-54/47,F-52,568,3:20:42,39.35%
1084,Sean Hamill,"Vista, CA",790,3:20:07,15:16,M 50-54/63,M-51,516,3:21:10,33.75%
1085,Tamaron Greene,"Gardena, CA",759,3:20:08,15:16,F 30-34/89,F-34,569,3:20:48,33.18%
1086,Michele McIntosh,"Aliso Viejo, CA",1113,3:20:20,15:17,F 35-39/101,F-39,570,3:21:10,34.02%
1087,Dani Mayer,"Mission Viejo, CA",1099,3:20:44,15:19,F 55-59/16,F-57,571,3:21:32,41.92%
1088,Bruce Quigley,"San Clemente, CA",1302,3:20:46,15:19,M 55-59/30,M-56,517,3:21:07,35.15%
1089,Anna Margaret Teats,"Mission Viejo, CA",1538,3:20:47,15:19,F 55-59/17,F-59,572,3:21:26,43.11%
1090,Arlene Mastandrea,"Huntington Beach, CA",1093,3:21:45,15:24,F 55-59/18,F-56,573,3:23:46,41.14%
1091,Stanton Kim,"Mission Viejo, CA",964,3:21:45,15:24,M 45-49/75,M-49,518,3:23:46,32.90%
1092,Sandy Cushman,"San Clemente, CA",2603,3:21:49,15:24,F 65-69/5,F-65,574,3:22:55,46.92%
1093,Gilda Kim,"Valencia, CA",962,3:22:07,15:25,F 45-49/66,F-46,575,3:22:50,36.10%
1094,Linda Scherer,"Mission Viejo, CA",1415,3:25:58,15:43,F 60-64/5,F-61,576,3:26:46,43.26%
1095,Denise Estrada,"Mission Viejo, CA",637,3:29:16,15:58,F 40-44/83,F-40,577,3:30:03,32.81%
1096,Bob Davies,"San Juan Capistrano, CA",575,3:29:36,16:00,M 65-69/9,M-66,519,3:30:04,36.99%
1097,Sophia Ruiz,"Cypress, CA",1375,3:30:19,16:03,F 40-44/84,F-40,578,3:31:04,32.64%
1098,Paula Joubert-Greene,"Aliso Viejo, CA",926,3:33:02,16:15,F 55-59/19,F-56,579,3:33:43,38.96%
1099,Pramil Kumar,"Mission Viejo, CA",985,3:33:09,16:16,M 55-59/31,M-59,520,3:33:55,34.03%
1100,Anita Kumar,"Mission Viejo, CA",984,3:33:11,16:16,F 55-59/20,F-55,580,3:33:56,38.40%
1101,Linda Kamgar,"Dana Point, CA",1758,3:37:01,16:34,F 60-64/6,F-61,581,3:37:50,41.06%
1102,Heather Kline,"Palos Verdes Estates, CA",970,3:37:32,16:36,F 35-39/102,F-37,582,3:41:59,30.94%
1103,Nancy Hokama,"Palos Verdes Estates, CA",856,3:37:33,16:36,F 30-34/90,F-33,583,3:42:00,30.42%
1104,Rachel Leatherbury,"Palos Verdes Estates, CA",1015,3:37:33,16:36,F 25-29/95,F-27,584,3:42:00,30.26%
1105,Susan Burns,"Long Beach, CA",445,3:38:46,16:42,F 45-49/67,F-48,585,3:39:46,34.18%
1106,Allison Van Wig,"Long Beach, CA",1581,3:38:47,16:42,F 45-49/68,F-48,586,3:39:46,34.18%
1107,Rose Melvin,"Long Beach, CA",1124,3:38:47,16:42,F 45-49/69,F-45,587,3:39:46,32.95%
1108,Pam Hoffman,"Mission Viejo, CA",854,3:41:40,16:55,F 25-29/96,F-26,588,3:42:30,29.70%
1109,Cherie McIntyre,"Laguna Hills, CA",1114,3:41:47,16:56,F 60-64/7,F-60,589,3:42:25,39.59%
1110,Leonard Cadena,"Laguna Niguel, CA",459,3:45:06,17:11,M 45-49/76,M-46,521,3:45:58,28.77%
1111,Gabrielle Salveta,"Foothill Ranch, CA",1399,3:45:06,17:11,F 40-44/85,F-44,590,3:45:58,31.66%
1112,Karen Ekizian,"Laguna Hills, CA",626,3:45:44,17:14,F 35-39/103,F-35,591,3:46:29,29.53%
1113,Daniel Rodriguez,"Santee, CA",1347,3:48:35,17:27,M 40-44/72,M-44,522,3:49:15,27.87%
1114,Scott Cadena,"Laguna Niguel, CA",2579,3:50:17,17:34,M 19-24/16,M-21,523,3:51:08,25.83%
1115,Donna Lewandowski,"Tustin, CA",1923,4:01:47,18:27,F 40-44/86,F-40,592,4:02:53,28.40%
1116,Nathan Bowman,"Ladera Ranch, CA",1707,4:23:21,20:06,M 01-12/1,M-11,524,4:23:35,26.97%
1117,Stacy Clark,"Lake Forest, CA",531,4:28:08,20:28,F 35-39/104,F-39,593,4:28:54,25.42%
1118,August Clark,"Lake Forest, CA",526,4:28:34,20:30,M 01-12/2,M-9,525,4:28:52,28.38%
1119,Greg Clark,"Lake Forest, CA",527,4:28:36,20:30,M 35-39/92,M-39,526,4:28:55,22.79%
