Bib,Name,Gender,Age,Hometown,Overall,Men,M 50-54,Age/Grade,Finish,Chip Time,Gun Time
698,Alison Ray,F,46,"San Clemente, CA",1201 out of 1204,584 out of 585,81 out of 81, 30.47% Place: 1188,3:54:03 Pace: 17:52,3:54:03,3:55:11
432,Karey Keenan,M,51,"Aliso Viejo, CA",1202 out of 1204,618 out of 619,67 out of 67, 28.86% Place: 1197,3:54:03 Pace: 17:52,3:54:03,3:55:12
1187,Troy Ujimori,M,40,"Sandy Springs, SC",1203 out of 1204,619 out of 619,76 out of 76, 24.67% Place: 1203,4:10:06 Pace: 19:05,4:10:06,4:11:00
1547,Debbie Williams,F,56,"Laguna Woods, CA",1204 out of 1204,585 out of 585,21 out of 21, 28.26% Place: 1198,4:45:00 Pace: 21:45,4:45:00,4:46:52
