Bib,Name,Gender,Age,Hometown,Overall,Women,F 65-69,Age/Grade,Finish,Chip Time,Gun Time,1.95 Mi
689,James McCaverty,M,69,"Manhattan Beach, CA",3481 out of 3486,1800 out of 1802,71 out of 71, 30.54% Place: 3435,1:58:45 Pace: 19:07,1:58:45,2:03:07,            Pace:            
3181,Valerie Rae,F,65,"Manhattan Beach, CA",3482 out of 3486,1682 out of 1684,36 out of 36, 35.51% Place: 3286,1:58:45 Pace: 19:07,1:58:45,2:03:07,            Pace:            
3085,Julie Meidroth,F,68,"Manhattan Beach, CA",3483 out of 3486,1683 out of 1684,35 out of 36, 37.21% Place: 3201,1:58:45 Pace: 19:07,1:58:45,2:03:07,            Pace:            
2650,Thomas Hoffman,M,80,"Redondo Beach, CA",3484 out of 3486,1801 out of 1802,4 out of 4, 36.68% Place: 3235,1:59:18 Pace: 19:12,1:59:18,2:00:13,35:05 Pace: 18:00
1190,Andrea Brazel,F,25,"El Segundo, CA",3485 out of 3486,1684 out of 1684,260 out of 260, 25.29% Place: 3484,1:59:57 Pace: 19:19,1:59:57,1:59:57,            Pace:            
1414,Mike Kane,M,70,"Manhattan Beach, CA",3486 out of 3486,1802 out of 1802,32 out of 32, 27.34% Place: 3478,2:14:12 Pace: 21:36,2:14:12,2:16:14,            Pace:            
