Bib,Name,Gender,Age,Hometown,Overall,Men,M 80-84,Age/Grade,Finish,Chip Time,Gun Time,1.2 Mi
1526,Thomas Hastings,M,78,"Manhattan Bc, CA",3353 out of 3357,1692 out of 1694,15 out of 15, 28.57% Place: 3311,2:23:34 Pace: 23:07,2:23:34,2:26:46,39:40 Pace: 33:03
255,James Ryan,M,83,"Manhattan Beach, CA",3354 out of 3357,1693 out of 1694,10 out of 10, 26.00% Place: 3347,2:58:46 Pace: 28:47,2:58:46,3:01:46,            Pace:            
253,Judith Ryan,F,72,"Manhattan Bc, CA",3355 out of 3357,1662 out of 1663,25 out of 25, 25.94% Place: 3348,2:58:50 Pace: 28:47,2:58:50,3:01:46,            Pace:            
143,Louann Evans,F,82,"Hermosa Beach, CA",3356 out of 3357,1663 out of 1663,5 out of 5,  9.33% Place: 3355,10:00:14 Pace: 1:36:36,10:00:14,10:02:00,36:20 Pace: 30:17
141,Cameron Evans,M,53,"Rancho Mirag, CA",3357 out of 3357,1694 out of 1694,174 out of 174,  5.13% Place: 3356,10:00:15 Pace: 1:36:36,10:00:15,10:02:00,36:21 Pace: 30:18
