Bib,Name,Gender,Age,Hometown,Overall,Women,F 60-64,Age/Grade,Finish,Chip Time,Gun Time,1.5 Mi
612,Juleen Jackson,F,70,"Manhattan Bch, CA",3729 out of 3735,1852 out of 1855,16 out of 16, 37.19% Place: 3440,2:02:43 Pace: 19:45,2:02:43,2:04:48,26:18 Pace: 17:32
374,Carol Champagne,F,63,"Manhattan Beach, CA",3730 out of 3735,1853 out of 1855,48 out of 48, 33.28% Place: 3599,2:03:00 Pace: 19:48,2:03:00,2:03:00,            Pace:            
375,Peter Champagne,M,63,"Manhattan Bch, CA",3731 out of 3735,1878 out of 1880,84 out of 85, 27.87% Place: 3710,2:03:00 Pace: 19:48,2:03:00,2:03:00,            Pace:            
2968,Roberta C Hoffman,F,44,"Torrance, CA",3732 out of 3735,1854 out of 1855,275 out of 275, 26.01% Place: 3727,2:04:03 Pace: 19:58,2:04:03,2:06:51,29:01 Pace: 19:21
667,Elbert Tsu,M,60,"Manhattan Beach, CA",3733 out of 3735,1879 out of 1880,85 out of 85, 25.08% Place: 3731,2:13:08 Pace: 21:26,2:13:08,2:15:19,27:59 Pace: 18:39
91,Chang Tsu,M,91,"Manhattan Bch, CA",3734 out of 3735,1880 out of 1880,2 out of 2, 49.14% Place: 2250,2:13:09 Pace: 21:26,2:13:09,2:15:22,27:51 Pace: 18:34
668,Liane Tsu,F,29,"Manhattan Beach, CA",3735 out of 3735,1855 out of 1855,269 out of 269, 22.78% Place: 3733,2:13:11 Pace: 21:26,2:13:11,2:15:22,27:58 Pace: 18:39
