Bib,Name,Gender,Age,Hometown,Overall,Men,M 85-99,Age/Grade,Finish,Chip Time,Gun Time,1.9
3049,Roberta Hoffman,F,79,"Redondo Beach, CA",3561 out of 3566,1786 out of 1789,6 out of 6, 44.81% Place: 2625,1:59:29 Pace: 19:14,1:59:29,2:00:59,            Pace:            
394,Harlan Francis,M,89,"Manhattan Beach, CA",3562 out of 3566,1776 out of 1777,3 out of 3, 49.44% Place: 2046,1:59:54 Pace: 19:18,1:59:54,2:02:25,            Pace:            
398,Joan Delong,F,54,"Manhattan Beach, CA",3563 out of 3566,1787 out of 1789,108 out of 109, 30.15% Place: 3514,1:59:55 Pace: 19:18,1:59:55,2:02:26,            Pace:            
3797,Claire Aukerman,F,80,"Hermosa Beach, CA",3564 out of 3566,1788 out of 1789,4 out of 4, 44.30% Place: 2683,2:03:20 Pace: 19:51,2:03:20,2:03:55,            Pace:            
1850,Janet Tozzi,F,54,"Sacramento, CA",3565 out of 3566,1789 out of 1789,109 out of 109, 29.17% Place: 3535,2:03:56 Pace: 19:57,2:03:56,2:03:56,            Pace:            
127,Roger Core,M,76,"Granville, OH",3566 out of 3566,1777 out of 1777,19 out of 19, 31.60% Place: 3476,2:07:05 Pace: 20:28,2:07:05,2:08:35,            Pace:            
