Bib,Name,Gender,Age,Hometown,Overall,Women,F 70-74,Age/Grade,Finish,Chip Time,Gun Time,1.7 Mi
534,Valerie Rae,F,68,"El Segundo, CA",3305 out of 3308,1689 out of 1690,34 out of 34, 28.05% Place: 3268,2:37:30 Pace: 25:20,2:37:30,2:50:07,            Pace:            
536,Julie Meidroth,F,71,"Manhattan Bch, CA",3306 out of 3308,1690 out of 1690,28 out of 28, 29.45% Place: 3222,2:37:30 Pace: 25:20,2:37:30,2:50:07,            Pace:            
766,James McCaverty,M,72,"Manhattan Bch, CA",3307 out of 3308,1617 out of 1618,50 out of 50, 23.89% Place: 3305,2:37:30 Pace: 25:20,2:37:30,2:50:07,            Pace:            
438,Chang Tsu,M,93,"Manhattan Bch, CA",3308 out of 3308,1618 out of 1618,1 out of 1, 45.69% Place: 2347,2:40:54 Pace: 25:53,2:40:54,2:41:30,39:28 Pace: 23:13
