Bib,Name,Gender,Age,Hometown,Overall,Men,M 40-44,Age/Grade,Finish,Chip Time,Gun Time,1.2 Mi
1021,Ashley Odell,F,33,"Burbank, CA",2753 out of 2759,1312 out of 1315,163 out of 163, 24.39% Place: 2752,2:04:44 Pace: 20:05,2:04:44,2:05:12,26:52 Pace: 22:23
2661,Kim Massey,M,43,"Alexandria, VA",2754 out of 2759,1442 out of 1444,201 out of 201, 22.50% Place: 2757,2:06:07 Pace: 20:18,2:06:07,2:06:35,26:53 Pace: 22:24
2531,Diane Casto,F,74,"Rancho Palos Verdes, CA",2755 out of 2759,1313 out of 1315,21 out of 21, 37.99% Place: 2491,2:06:08 Pace: 20:18,2:06:08,2:06:34,26:53 Pace: 22:25
2852,Roberta Hoffman,F,47,"Torrance, CA",2756 out of 2759,1314 out of 1315,161 out of 161, 25.79% Place: 2747,2:08:21 Pace: 20:40,2:08:21,2:10:38,29:43 Pace: 24:46
1587,Courtney Gronbach,F,13,"Manhattan Beach, CA",2757 out of 2759,1315 out of 1315,56 out of 56, 26.01% Place: 2745,2:08:26 Pace: 20:41,2:08:26,2:10:33,25:33 Pace: 21:17
1588,Garrett Gronbach,M,10,"Manhattan Beach, CA",2758 out of 2759,1443 out of 1444,42 out of 42, 24.89% Place: 2750,2:08:28 Pace: 20:41,2:08:28,2:10:37,22:09 Pace: 18:27
2707,Gary Ruseling,M,75,"Manhattan Beach, CA",2759 out of 2759,1444 out of 1444,15 out of 15, 28.06% Place: 2726,2:18:10 Pace: 22:15,2:18:10,2:20:26,27:44 Pace: 23:07
