Bib,Name,Gender,Age,Hometown,Overall,Women,F 01-15,Age/Grade,Finish,Chip Time,Gun Time,5 Km
1142,Catherine Garrigan,F,34,"Encinitas, CA",3201 out of 3208,1682 out of 1686,249 out of 249, 15.31% Place: 3179,3:19:30 Pace: 32:07,3:19:30,3:19:30,            Pace:            
8834,Gabrielle Wilson,F,5,"Rancho Santa Margarita, CA",3202 out of 3208,1683 out of 1686,66 out of 67, 20.61% Place: 3172,3:23:24 Pace: 32:45,3:23:24,3:23:24,            Pace:            
9874,Eliza Brian,F,6,"Laguna Niguel, CA",3203 out of 3208,1684 out of 1686,67 out of 67, 19.53% Place: 3174,3:25:17 Pace: 33:03,3:25:17,3:25:17,            Pace:            
2637,Teresa Rowe,F,57,"Laguna Niguel, CA",3204 out of 3208,1685 out of 1686,54 out of 54, 18.30% Place: 3176,3:27:39 Pace: 33:25,3:27:39,3:27:39,            Pace:            
3215,Brittain Wilson,F,29,"Placentia, CA",3205 out of 3208,1686 out of 1686,299 out of 299, 14.58% Place: 3180,3:28:04 Pace: 33:29,3:28:04,3:28:35,35:56 Pace: 11:34
1922,Ann Kristin Martin,M,0,"Irvine, CA",3206 out of 3208,1520 out of 1522,0 out of 0,3:28:56 Pace: 33:38,3:28:56,3:28:56,            Pace:            
8905,Art Cowley,M,76,"Porterville, CA",3207 out of 3208,1521 out of 1522,5 out of 5, 18.99% Place: 3175,3:31:27 Pace: 34:02,3:31:27,3:31:27,            Pace:            
2881,Mike Stein,M,38,"Rsm, CA",3208 out of 3208,1522 out of 1522,217 out of 217, 12.96% Place: 3181,3:36:00 Pace: 34:46,3:36:00,3:36:00,            Pace:            
