Bib,Name,Gender,Age,Hometown,Overall,Men,M 40-44,Age/Grade,Finish,Chip Time,Gun Time,5 Km
2173,Cindy Ruth,F,41,"Orange, CA",3769 out of 3774,1982 out of 1983,258 out of 258, 25.18% Place: 3754,2:05:39 Pace: 20:14,2:05:39,2:08:30,1:01:44 Pace: 19:52
3281,Matt Johnson,M,40,"Mission Viejo, CA",3770 out of 3774,1788 out of 1791,232 out of 233, 18.74% Place: 3758,2:31:39 Pace: 24:25,2:31:39,2:31:39,38:55 Pace: 12:32
1743,Aurora Murillo,F,35,"Irvine, CA",3771 out of 3774,1983 out of 1983,297 out of 297, 18.56% Place: 3759,2:45:09 Pace: 26:35,2:45:09,2:45:09,            Pace:            
193,Jim Beck,M,44,"Laguna Hills, CA",3772 out of 3774,1789 out of 1791,233 out of 233, 17.46% Place: 3760,2:47:44 Pace: 27:00,2:47:44,2:47:53,            Pace:            
1585,Kenneth McFarland,M,48,"San Clemente, CA",3773 out of 3774,1790 out of 1791,223 out of 223, 16.08% Place: 3761,3:07:58 Pace: 30:15,3:07:58,3:07:58,            Pace:            
1136,Mike Hurst,M,32,"Venice, CA",3774 out of 3774,1791 out of 1791,206 out of 206, 14.29% Place: 3762,3:09:29 Pace: 30:30,3:09:29,3:09:29,            Pace:            
