Bib,Name,Gender,Age,Hometown,Overall,Women,F 55-59,Age/Grade,Finish,Chip Time,Gun Time
3333,Christopher Dabrow,M,45,"Santa Ana, CA",3625 out of 3632,1698 out of 1700,220 out of 220, 21.13% Place: 3606,2:19:41 Pace: 22:29,2:19:41,2:19:41
4448,Patty Hollis,F,58,"Capistrano Beach, CA",3626 out of 3632,1928 out of 1932,80 out of 80, 26.17% Place: 3602,2:25:43 Pace: 23:28,2:25:43,2:30:12
2531,Brooke Rachman,F,20,"Mission Viejo, CA",3627 out of 3632,1929 out of 1932,168 out of 168, 20.41% Place: 3607,2:28:41 Pace: 23:56,2:28:41,2:28:41
11995,M McDonald,M,0,", ",3628 out of 3632,1699 out of 1700,10 out of 10,2:39:47 Pace: 25:43,2:39:47,2:39:47
3029,Kerry Stewart,F,49,"Laguna Niguel, CA",3629 out of 3632,1930 out of 1932,223 out of 223, 20.30% Place: 3608,2:47:10 Pace: 26:55,2:47:10,2:47:10
752,Richard Ward,M,51,"Lake Forest, CA",3630 out of 3632,1700 out of 1700,203 out of 203, 18.19% Place: 3610,2:50:08 Pace: 27:23,2:50:08,2:50:08
3031,Crystal Ward,F,19,"Lake Forest, CA",3631 out of 3632,1931 out of 1932,67 out of 67, 17.90% Place: 3611,2:50:08 Pace: 27:23,2:50:08,2:50:08
751,Laurie Ward,F,50,"Lake Forest, CA",3632 out of 3632,1932 out of 1932,156 out of 156, 20.20% Place: 3609,2:50:11 Pace: 27:24,2:50:11,2:50:11
