Bib,Name,Gender,Age,Hometown,Overall,Women,F 20-24,Age/Grade,Finish,Chip Time,Gun Time,5 Km
10287,Jean Lee,F,31,"Huntington Beach, CA",3441 out of 3447,1884 out of 1886,268 out of 269, 26.57% Place: 3440,1:54:19 Pace: 18:24,1:54:19,1:54:19,44:44 Pace: 14:24
10263,Caitlin Hendricks,F,20,"Yucca Valley, CA",3442 out of 3447,1885 out of 1886,180 out of 180, 25.59% Place: 3442,1:58:37 Pace: 19:06,1:58:37,1:58:37,            Pace:            
9212,Sean Tyone,M,36,"Midway City, CA",3443 out of 3447,1558 out of 1561,180 out of 180, 22.98% Place: 3445,2:00:08 Pace: 19:20,2:00:08,2:00:08,            Pace:            
10655,Andi Yanok,F,30,"Elk Grove, CA",3445 out of 3447,1886 out of 1886,269 out of 269, 24.65% Place: 3444,2:03:09 Pace: 19:50,2:03:09,2:11:41,1:00:15 Pace: 19:24
9893,Mike Linley,M,62,"Fresno, CA",3446 out of 3447,1560 out of 1561,52 out of 52, 27.60% Place: 3436,2:03:10 Pace: 19:50,2:03:10,2:11:42,1:00:14 Pace: 19:24
8483,Kenton Miersma,M,30,"Laguna Hills, CA",3447 out of 3447,1561 out of 1561,195 out of 195, 13.13% Place: 3446,3:24:57 Pace: 32:59,3:24:57,3:32:58,23:04 Pace: 7:26
