Place,Name,Location,Bib,Net Time,Pace,Division/Place,Sex-Age,Sex-Place,Gun Time,Age Grade
1,Haron Lagat,"Santa Fe, NM",4,14:12,4:34,M ELITE/1,M-23,1,14:12,89.11%
1,Roosevelt Cook,"Fresno, CA",747,15:22,4:57,M 25-29/1,M-27,1,15:22,82.42%
2,Jimmy Grabow,"Running Springs, CA",20,14:12,4:35,M ELITE/2,M-22,2,14:12,89.11%
2,Danny Martinez,"Alhambra, CA",736,15:37,5:02,M 40-44/1,M-44,2,15:37,88.21%
3,Bolota Asmerow,"Oakland, CA",1,14:19,4:37,M ELITE/3,M-28,3,14:19,88.49%
3,Josh Yelsey,"Corona Del Mar, CA",711,15:39,5:02,M 19-24/1,M-23,3,15:39,80.84%
4,Daniel Rojas,"Baldwin Park, CA",23,14:18,4:36,M ELITE/4,M-23,4,14:19,88.38%
4,Juan Valencia,"Los Angeles, CA",833,15:41,5:03,M 25-29/2,M-27,4,15:42,80.58%
5,Richard Kimeli,"Santa Fe, NM",10,14:23,4:38,M ELITE/5,M-26,5,14:23,87.87%
5,Chris Dewitt,"Redondo Beach, CA",814,16:22,5:16,M 25-29/3,M-27,5,16:24,77.21%
6,Josh Spiker,"Ventura, CA",8,14:40,4:44,M ELITE/6,M-24,6,14:42,86.17%
6,Kevin Barda,"Victorville, CA",741,16:30,5:19,M 35-39/1,M-39,6,16:31,80.50%
7,Sergio Reyes,"Palmdale, CA",113,14:43,4:45,M ELITE/7,M-24,7,14:44,85.88%
7,Jose Padilla,"Winnetka, CA",830,16:49,5:25,M 25-29/4,M-29,7,16:50,75.14%
8,Ben Bruce,"San Luis Obispo, CA",3,14:59,4:50,M ELITE/8,M-24,8,15:00,84.35%
8,Matt Harris,"El Segundo, CA",694,16:54,5:27,M 30-34/1,M-30,8,16:55,74.77%
9,Aaron Sharp,"Port Hueneme, CA",9,15:08,4:53,M ELITE/9,M-26,9,15:09,83.51%
9,Tom Gatyas,"Los Angeles, CA",708,17:14,5:33,M 25-29/5,M-26,9,17:16,73.33%
10,Tom Burns,"Del Mar, CA",25,15:08,4:53,M ELITE/10,M-25,10,15:09,83.51%
10,Kevin Durkin,"Los Angeles, CA",777,17:17,5:34,M 25-29/6,M-26,10,17:19,73.11%
11,Marcos Campos,"La Puente, CA",17,15:26,4:58,M ELITE/11,M-24,11,15:28,81.89%
11,Richard Lin,"Arcadia, CA",714,17:19,5:35,M 25-29/7,M-27,11,17:21,72.97%
12,Christian Hesch,"Morro Bay, CA",6,15:35,5:01,M ELITE/12,M-27,12,15:37,81.10%
12,Oliver Gallego,"Arcadia, CA",305,17:29,5:38,M 40-44/2,M-44,12,17:31,78.70%
13,Michael Buckhoff,"Hesperia, CA",19,16:07,5:11,M ELITE/13,M-40,13,16:08,82.98%
13,Jorge Lopez,"Los Angeles, CA",832,17:30,5:38,M 25-29/8,M-26,13,17:31,72.21%
14,David Olds,"Los Angeles, CA",5,16:09,5:12,M ELITE/14,M-49,14,16:10,88.57%
14,Brian Duff,"Santa Monica, CA",829,17:30,5:38,M 30-34/2,M-30,14,17:31,72.21%
15,Emily Chebet,"Santa Fe, NM",50,16:18,5:15,F ELITE/1,F-20,1,16:18,87.09%
15,Chris Jaggers,", CA",801,17:31,5:39,M 45-49/1,M-45,15,17:32,79.14%
16,Angel Roman,", CA",15,16:33,5:20,M ELITE/15,M-21,15,16:34,76.44%
16,Josh Lange,"Hesperia, CA",726,17:32,5:39,M 25-29/9,M-26,16,17:32,72.07%
17,John Moss,"Los Angeles, CA",13,16:40,5:22,M ELITE/16,M-37,16,16:41,78.63%
17,Jake Courtney,"Hermosa Beach, CA",816,17:33,5:39,M 40-44/3,M-43,17,17:34,77.83%
18,Andrew Atkeson,"Los Angeles, CA",7,16:44,5:23,M ELITE/17,M-45,17,16:46,82.85%
18,Lesley Paterson,"Santa Monica, CA",614,17:44,5:43,F 25-29/1,F-26,1,17:44,79.52%
19,Silvia Mosqueda,"Los Angeles, CA",62,17:01,5:29,F ELITE/2,F-40,2,17:01,86.01%
19,Michael Higgins,"Santa Monica, CA",754,17:45,5:43,M 45-49/2,M-45,18,17:48,78.10%
20,Nick Thornton,"Vista, CA",24,17:03,5:30,M ELITE/18,M-25,18,17:03,74.11%
20,Daniel Wilson,"Santa Monica, CA",724,17:46,5:43,M 25-29/10,M-28,19,17:52,71.12%
21,Tom Wheeler,"Santa Monica, CA",555,18:05,5:50,M 50-54/1,M-54,20,18:07,82.56%
21,Sonki Hong,"Santa Monica, CA",21,17:10,5:32,M ELITE/19,M-36,19,17:13,75.84%
22,Nolan Shaheed,"Pasadena, CA",16,17:12,5:33,M ELITE/20,M-57,20,17:15,89.20%
22,Rigo Chavez,"Azusa, CA",1702,18:12,5:52,M 40-44/4,M-41,21,18:13,73.92%
23,Jennifer Derego,"Arroyo Grande, CA",53,17:33,5:39,F ELITE/3,F-26,3,17:33,80.35%
23,Refugio Olmedo,"Arleta, CA",763,18:23,5:55,M 35-39/2,M-36,22,18:24,70.81%
24,Ali Mann,"Venice, CA",60,17:34,5:40,F ELITE/4,F-28,4,17:36,80.12%
24,Kenneth Jung,"Los Angeles, CA",1945,18:35,5:59,M 40-44/5,M-40,23,18:38,71.95%
25,Ceci St Geme,"Newport Beach, CA",63,17:47,5:44,F ELITE/5,F-43,5,17:48,84.01%
25,Diego Ash,"Los Angeles, CA",214,18:37,6:00,M 25-29/11,M-29,24,18:40,67.87%
26,Grace Torres,"Los Angeles, CA",52,18:28,5:57,F ELITE/6,F-35,6,18:31,76.95%
26,T Kevin Powells,"Inglewood, CA",570,18:43,6:02,M 40-44/6,M-41,25,18:46,71.94%
27,Amy Eastwood,"Pasadena, CA",712,18:46,6:03,F 25-29/2,F-27,2,18:46,75.13%
27,Sarah Harris,"El Segundo, CA",56,18:45,6:02,F ELITE/7,F-31,7,18:47,75.06%
28,Kathryn Donovan,"Los Angeles, CA",54,19:03,6:08,F ELITE/8,F-24,8,19:04,73.88%
28,Mana Martin,"Pasadena, CA",696,18:49,6:04,M 19-24/2,M-24,26,18:56,67.15%
29,Thomas Watkins,"Dover, NH",1955,18:49,6:04,M 45-49/3,M-48,27,18:52,75.33%
29,Therese Fricke,"Santa Monica, CA",57,19:34,6:18,F ELITE/9,F-33,9,19:36,72.01%
30,Ron Ryan,"Bakersfield, CA",693,18:56,6:06,M 35-39/3,M-38,28,18:58,69.67%
30,Anthony Turcotle,"Santa Monica, CA",18,21:39,6:59,M ELITE/21,M-26,21,21:52,58.36%
31,Sean Lynch,"Santa Monica, CA",358,18:57,6:06,M 25-29/12,M-28,29,19:00,66.68%
32,Wayne Matsumura,"Santa Monica, CA",369,19:03,6:08,M 40-44/7,M-44,30,19:06,72.22%
33,Damien Doss,"Santa Monica, CA",783,19:11,6:11,M 40-44/8,M-44,31,19:14,71.72%
34,Ken Rickerman,"Burbank, CA",429,19:14,6:12,M 40-44/9,M-40,32,19:14,69.46%
35,Kim Oja,"Los Angeles, CA",402,19:22,6:14,F 35-39/1,F-37,3,19:22,74.57%
36,Mark Yokley,"West Hills, CA",569,19:26,6:16,M 45-49/4,M-48,33,19:34,73.00%
37,Bill Sumner,"Newport Beach, CA",491,19:37,6:19,M 55-59/1,M-58,34,19:39,79.05%
38,Rob Pelinka,"Santa Monica, CA",618,19:55,6:25,M 30-34/3,M-31,35,20:06,63.44%
39,Judd Peters,"Newbury Park, CA",817,19:55,6:25,M 30-34/4,M-32,36,20:01,63.72%
40,Chris Zielin,"Playa Del Rey, CA",489,19:58,6:26,M 25-29/13,M-27,37,20:04,63.28%
41,San Lim,"Monterey Park, CA",837,20:01,6:27,F 30-34/1,F-33,4,20:57,70.39%
42,Elaine Woodward,"Goleta, CA",485,20:05,6:28,F 19-24/1,F-20,5,20:11,70.53%
43,Lauren Tyree,"Santa Monica, CA",473,20:16,6:32,F 19-24/2,F-23,6,20:19,69.38%
44,Susan O'Brien,"Venice, CA",566,20:18,6:32,F 30-34/2,F-31,7,20:23,69.33%
45,Dave Berge,"West Hollywood, CA",558,20:19,6:33,M 50-54/2,M-52,38,20:23,72.19%
46,William Hewes,"Tujunga, CA",617,20:21,6:33,M 50-54/3,M-53,39,20:26,72.70%
47,Jen Smith,"Pasadena, CA",713,20:23,6:34,F 25-29/3,F-25,8,20:26,69.04%
48,Aaron Senter,"Los Angeles, CA",445,20:29,6:36,M 19-24/3,M-21,40,20:42,61.75%
49,Willie Galaviz,"Marina Del Rey, CA",685,20:31,6:37,M 45-49/5,M-48,41,20:37,69.15%
50,Brian Weintraub,"Pacific Palisades, CA",751,20:34,6:37,M 45-49/6,M-49,42,20:35,69.54%
51,Stephanie Alarcon,"Panorama City, CA",795,21:05,6:47,F 17-18/1,F-17,9,21:07,68.70%
52,Frank Sackett,"Santa Monica, CA",436,21:06,6:48,M 30-34/5,M-33,43,21:26,60.52%
53,Katie Beck,"Northridge, CA",228,21:11,6:49,F 25-29/4,F-26,10,21:16,66.43%
54,Monica Corrigan,"Santa Monica, CA",270,21:11,6:49,F 40-44/1,F-41,11,21:13,69.48%
55,Dennis Hall,"Manhattan Beach, CA",719,21:14,6:50,M 50-54/4,M-51,44,21:18,68.48%
56,Ruben Masongsong,"Beaumont, CA",368,21:21,6:53,M 19-24/4,M-21,45,21:47,59.24%
57,Chad Fitzsimmons,"Santa Monica, CA",515,21:28,6:55,M 30-34/6,M-30,46,22:59,58.85%
58,Lou Briones,"Los Angeles, CA",1444,21:28,6:55,M 55-59/2,M-59,47,21:31,72.97%
59,Matthew Doss,"Santa Monica, CA",546,21:30,6:56,M 40-44/10,M-41,48,22:14,62.62%
60,Toshihide Tsugawa,"Encino, CA",815,21:38,6:58,M 50-54/5,M-50,49,21:41,66.65%
61,Chris McKenna,"Los Angeles, CA",824,21:39,6:58,M 25-29/14,M-29,50,21:46,58.36%
62,John Dipietro,"Culver City, CA",283,21:39,6:59,M 40-44/11,M-44,51,21:49,63.49%
63,Fransisco Rosito,"Glendale, CA",681,21:41,6:59,M 55-59/3,M-56,52,21:46,70.13%
64,Brett Scharf,"Los Angeles, CA",677,21:51,7:02,M 30-34/7,M-34,53,21:58,58.81%
65,Anthony Munk,"Torrance, CA",1961,21:52,7:03,M 60-64/1,M-61,54,21:55,73.15%
66,Caroline Lettieri,"Calabasas, CA",560,22:00,7:05,F 45-49/1,F-46,12,22:17,69.62%
67,Kevin Dunn,"El Segundo, CA",779,22:01,7:06,M 19-24/5,M-19,55,22:09,58.52%
68,Cheryl Van Buskirk,"Los Angeles, CA",474,22:05,7:07,F 35-39/2,F-35,13,22:28,64.34%
69,Padraic O'Reilly,"Los Angeles, CA",691,22:12,7:09,M 35-39/4,M-39,56,22:22,59.81%
70,Ted Stecheson,"Monrovia, CA",457,22:14,7:10,M 55-59/4,M-55,57,22:24,67.71%
71,Behee Batjargal,"Los Angeles, CA",710,22:15,7:10,M 19-24/6,M-24,58,22:19,56.78%
72,Eddie Gonzalez,"Fillmore, CA",821,22:19,7:11,M 25-29/15,M-28,59,22:32,56.61%
73,Orlando Canton Jr,"Los Angeles, CA",556,22:20,7:12,M 35-39/5,M-39,60,22:35,59.45%
74,Mackenzie Katz,"Los Angeles, CA",706,22:24,7:13,M 11-12/1,M-12,61,22:33,65.44%
75,Emily Berkin,"Santa Monica, CA",635,22:30,7:15,F 11-12/1,F-11,14,22:39,71.42%
76,Nick Trozzi,"Panorama City, CA",709,22:33,7:16,M 45-49/7,M-46,62,22:34,61.93%
77,Gary Arends,"Los Angeles, CA",538,22:34,7:16,M 30-34/8,M-34,63,23:38,56.94%
78,Patrick Chuchu,"Los Angeles, CA",597,22:36,7:17,M 15-16/1,M-15,64,23:28,60.39%
79,Peter Alliegro,"Hermosa Beach, CA",206,22:38,7:17,M 45-49/8,M-47,65,22:48,62.18%
80,Ricky A Carranza,"Alta Loma, CA",844,22:38,7:17,M 40-44/12,M-42,66,22:41,59.90%
81,Brent Walta,"San Luis Obispo, CA",479,22:44,7:19,M 40-44/13,M-44,67,22:51,60.51%
82,David Greenwood,"Santa Monica, CA",637,22:48,7:21,M 45-49/9,M-47,68,23:00,61.73%
83,Erasto Delgado,"Garden Grove, CA",280,22:51,7:22,M 35-39/6,M-37,69,22:56,57.34%
84,Vickie Ford,"Lancaster, CA",583,22:52,7:22,F 45-49/2,F-45,15,22:58,66.40%
85,Alex Capaldi,"Valley Village, CA",840,22:52,7:22,M 25-29/16,M-28,70,23:11,55.25%
86,Henry Park,"Manhattan Beach, CA",412,22:56,7:23,M 40-44/14,M-43,71,23:07,59.55%
87,Brett Shapiro,"Santa Monica, CA",446,22:57,7:24,M 25-29/17,M-25,72,23:14,55.05%
88,Dan Ries,"Santa Monica, CA",592,22:59,7:24,M 45-49/10,M-45,73,23:12,60.30%
89,Bob Whitehead,"Santa Monica, CA",576,23:00,7:24,M 40-44/15,M-41,74,23:11,58.53%
90,Austin Meyer,"Rancho Palos Verdes, CA",381,23:01,7:25,F 11-12/2,F-12,16,23:11,68.01%
91,Steve Meyer,"Rancho Palos Verdes, CA",382,23:01,7:25,M 45-49/11,M-45,75,23:11,60.22%
92,Eric Cazenave,"Santa Monica, CA",260,23:05,7:26,M 40-44/16,M-43,76,23:22,59.16%
93,Nancy Aguilar,"Valley Village, CA",204,23:06,7:27,F 45-49/3,F-45,17,23:22,65.68%
94,Wes Mollno,"Glendora, CA",386,23:07,7:27,M 35-39/7,M-38,77,23:17,57.05%
95,Walter Wong,"West Hollywood, CA",734,23:10,7:28,M 25-29/18,M-29,78,23:26,54.53%
96,Thomas Farnham,"Pacific Palisades, CA",808,23:11,7:28,M 50-54/6,M-53,79,23:29,63.81%
97,Lorna Richardson,"Los Angeles, CA",428,23:13,7:29,F 30-34/3,F-34,18,23:23,60.92%
98,Silvia Cruz,"Los Angeles, CA",1976,23:16,7:30,F 19-24/3,F-23,19,23:26,60.48%
99,Alex Cusack,"Marina Del Rey, CA",275,23:19,7:31,M 25-29/19,M-28,80,23:41,54.18%
100,Joel Isackson,"Los Angeles, CA",745,23:25,7:33,M 35-39/8,M-37,81,23:38,55.95%
101,Sandra Panattoni,"Burbank, CA",410,23:26,7:33,F 35-39/3,F-37,20,23:36,61.25%
102,John Nestojko,"Santa Monica, CA",539,23:30,7:34,M 25-29/20,M-25,82,23:52,53.76%
103,Tiffany Pan,"Los Angeles, CA",409,23:30,7:34,F 17-18/2,F-18,21,23:51,61.09%
104,Neysa Gordon,"Valley Village, CA",750,23:37,7:37,F 30-34/4,F-32,22,23:52,59.54%
105,Nolan Swanson,"Canyon Country, CA",823,23:39,7:37,M 40-44/17,M-40,83,23:53,56.53%
106,Noah Peterson,"Stevenson Ranch, CA",416,23:40,7:38,M 1-10/1,M-8,84,23:45,73.71%
107,John Portillo,"Los Angeles, CA",632,23:41,7:38,M 50-54/7,M-52,85,23:47,61.92%
108,Dick Held,"Los Angeles, CA",826,23:44,7:39,M 55-59/5,M-58,86,23:50,65.33%
109,Brad Hayes,"Los Angeles, CA",613,23:45,7:39,M 19-24/7,M-23,87,24:20,53.19%
110,William Rustrum,"Los Angeles, CA",434,23:46,7:39,M 35-39/9,M-35,88,24:04,54.41%
111,Brad Bisgard,"La Mirada, CA",1933,23:48,7:40,M 35-39/10,M-39,89,24:26,55.79%
112,Graylin Rogers,"Santa Monica, CA",506,23:48,7:40,M 45-49/12,M-48,90,24:07,59.56%
113,John Gilbert,"Canton, OH",310,23:50,7:41,M 60-64/2,M-61,91,24:03,67.11%
114,Sedina Banks,"Santa Monica, CA",221,23:50,7:41,F 25-29/5,F-28,23,24:04,59.04%
115,Heather Armstrong,"Los Angeles, CA",213,23:51,7:41,F 25-29/6,F-26,24,24:12,59.00%
116,Travis Medlin,"Agoura Hills, CA",380,23:52,7:41,M 13-14/1,M-13,92,24:48,59.75%
117,Kathleen Salcedo,"Glendale, CA",438,24:00,7:44,F 19-24/4,F-23,25,24:25,58.63%
118,Randy Zaret,"Los Angeles, CA",559,24:02,7:44,M 40-44/18,M-41,93,24:08,56.01%
119,Hoshang Dubash,"Valencia, CA",528,24:05,7:45,M 50-54/8,M-50,94,24:29,59.87%
120,Jason Schwarz,"Marina Del Rey, CA",565,24:11,7:47,M 30-34/9,M-31,95,24:22,52.24%
121,Melanie Moreau,"Agoura Hills, CA",585,24:11,7:47,F 40-44/2,F-41,26,24:19,60.86%
122,Joel Bush,"Culver City, CA",256,24:13,7:48,M 30-34/10,M-30,96,24:29,52.17%
123,Darin Burgers,"Newport Beach, CA",730,24:14,7:48,M 25-29/21,M-27,97,25:22,52.13%
124,James Patacsil,"Los Angeles, CA",1431,24:14,7:48,M 35-39/11,M-36,98,24:39,53.71%
125,Jon Manash,"Granada Hills, CA",1704,24:15,7:49,M 45-49/13,M-47,99,24:35,58.03%
126,Christopher Eldredge,"Los Angeles, CA",292,24:15,7:49,M 17-18/1,M-18,100,24:34,53.74%
127,Brandon Dunaway,"Glendora, CA",287,24:17,7:49,M 35-39/12,M-35,101,24:28,53.25%
128,Edgar Gutierrez,"Van Nuys, CA",610,24:19,7:50,M 55-59/6,M-55,102,24:32,61.95%
129,Stephanie Charles,"West Hollywood, CA",760,24:24,7:52,F 35-39/4,F-37,27,24:40,58.82%
130,Andrew Deutsch,"Toluca Lake, CA",281,24:25,7:52,M 30-34/11,M-34,103,24:39,52.62%
131,Mike McDermott,"Los Angeles, CA",687,24:25,7:52,M 25-29/22,M-29,104,24:42,51.70%
132,Seth Brady,"Oak Park, CA",248,24:26,7:52,M 30-34/12,M-31,105,24:47,51.70%
133,Benjamin Bautista,"Los Angeles, CA",669,24:33,7:54,M 35-39/13,M-36,106,24:37,53.01%
134,Brian Frates,"Santa Monica, CA",667,24:35,7:55,M 40-44/19,M-42,107,24:58,55.15%
135,Jaime Moss,"Carlsbad, CA",390,24:38,7:56,F 19-24/5,F-20,28,25:01,57.49%
136,Lissa Anderson,"Pasadena, CA",688,24:38,7:56,F 25-29/7,F-28,29,25:06,57.12%
137,Tom Stringer,"Santa Monica, CA",722,24:45,7:58,M 50-54/9,M-50,108,25:05,58.21%
138,Wes Little,"Palmdale, CA",573,24:47,7:59,M 50-54/10,M-53,109,25:02,59.69%
139,Peter Hamilton,"Santa Monica, CA",619,24:54,8:01,M 19-24/8,M-21,110,26:25,50.79%
140,Jack Aberbook,"Los Angeles, CA",1931,24:56,8:02,M 50-54/11,M-52,111,25:19,58.81%
141,Darrin Macias,"Rialto, CA",360,24:57,8:02,M 19-24/9,M-24,112,26:09,50.63%
142,Jen Kerwin,"Sherman Oaks, CA",342,25:01,8:03,F 25-29/8,F-28,30,25:24,56.25%
143,Ben Jenkins,", CA",623,25:01,8:04,M 25-29/23,M-26,113,25:31,50.50%
144,Chad Horning,"Newport Beach, CA",1180,25:03,8:04,M 30-34/13,M-34,114,25:30,51.29%
145,Roberta Silverman,"Sherman Oaks, CA",827,25:05,8:05,F 50-54/1,F-51,31,25:22,64.12%
146,Alissa Rutledge,"Los Angeles, CA",435,25:05,8:05,F 19-24/6,F-20,32,25:26,56.46%
147,David Attie,"Santa Monica, CA",776,25:07,8:05,M 25-29/24,M-29,115,25:21,50.30%
148,John Spivack,"Los Angeles, CA",551,25:10,8:06,M 70-74/1,M-70,116,25:25,70.98%
149,Tarek Smith,"Los Angeles, CA",584,25:12,8:07,M 35-39/14,M-35,117,25:24,51.31%
150,Jenny Cook,"Los Angeles, CA",267,25:13,8:07,F 45-49/4,F-48,33,25:29,61.86%
151,Kirsten Peterson,"Newport Beach, CA",1309,25:16,8:08,F 25-29/9,F-29,34,25:43,55.69%
152,Carie Krumme,"Los Angeles, CA",684,25:16,8:08,F 40-44/3,F-40,35,25:36,57.85%
153,David Sullivan,"Los Angeles, CA",574,25:16,8:08,M 35-39/15,M-35,118,25:35,51.14%
154,Marx Cazenave,"Kentfield, CA",261,25:17,8:08,M 65-69/1,M-66,119,25:34,67.02%
155,Aureliana Garcia,"Santa Ana, CA",306,25:17,8:08,F 45-49/5,F-47,36,25:49,61.12%
156,Tracey Cox,"Culver City, CA",588,25:24,8:11,F 50-54/2,F-52,37,25:31,64.02%
157,William Burnside,"Los Angeles, CA",255,25:27,8:12,M 45-49/14,M-47,120,26:01,55.30%
158,Shane Brouwer,"Venice, CA",578,25:27,8:12,M 1-10/2,M-9,121,26:15,64.76%
159,Lori Christensen,"Venice, CA",1081,25:31,8:13,F 45-49/6,F-45,38,25:58,59.50%
160,Gregory Marcus,"Los Angeles, CA",683,25:32,8:14,M 13-14/2,M-13,122,25:41,55.85%
161,Christine Boyer,"Los Angeles, CA",244,25:35,8:14,F 25-29/10,F-26,39,25:52,55.00%
162,Mav Wojciechowski,"Pacific Palisades, CA",630,25:35,8:14,F 45-49/7,F-45,40,25:54,59.34%
163,Aaron Simpson,"Venice, CA",448,25:37,8:15,M 35-39/16,M-35,123,26:57,50.48%
164,Julie Arends,"Los Angeles, CA",537,25:39,8:16,F 30-34/5,F-32,41,26:42,54.86%
165,David Gottschalk,"Sherman Oaks, CA",1153,25:44,8:17,M 45-49/15,M-46,124,26:22,54.23%
166,Cindy Truong,"Santa Monica, CA",668,25:45,8:18,F 25-29/11,F-27,42,26:10,54.64%
167,Mayra Garcia,"Pasadena, CA",307,25:49,8:19,F 19-24/7,F-23,43,26:21,54.50%
168,Cat Tuplin,"Santa Monica, CA",698,25:50,8:19,F 30-34/6,F-33,44,26:10,54.53%
169,Jason Founts,"Los Angeles, CA",810,25:50,8:19,M 25-29/25,M-29,125,26:08,48.90%
170,Christine Olah,"Riverside, CA",731,25:50,8:19,F 25-29/12,F-27,45,26:11,54.47%
171,Rob Thayer,"Los Angeles, CA",466,25:51,8:20,M 35-39/17,M-35,126,26:55,50.02%
172,Buck Ehrgood,"Garden Grove, CA",600,25:53,8:20,M 55-59/7,M-59,127,26:45,60.51%
173,Rachel Harrington,"Los Angeles, CA",1164,26:05,8:24,F 19-24/8,F-20,46,26:31,54.29%
174,Jeanne Fong,"Los Angeles, CA",303,26:08,8:25,F 17-18/3,F-18,47,26:27,54.93%
175,Matt Lord,"Santa Monica, CA",1522,26:11,8:26,M 25-29/26,M-27,128,26:43,48.25%
176,Jeff Antimarino,"Los Angeles, CA",211,26:14,8:27,M 40-44/20,M-42,129,27:23,51.68%
177,Jamie Yurk,"Hermosa Beach, CA",782,26:19,8:28,F 40-44/4,F-43,48,26:31,56.75%
178,Tineke Scholten,"Altadena, CA",699,26:20,8:29,F 50-54/3,F-53,49,26:43,62.45%
179,Zoe Gilman,"Los Angeles, CA",643,26:22,8:30,M 25-29/27,M-28,130,27:14,47.91%
180,Brett Labistour,"Santa Monica, CA",348,26:23,8:30,M 35-39/18,M-35,131,26:37,49.01%
181,Robert Hamilton,"Santa Monica, CA",620,26:25,8:30,M 50-54/12,M-53,132,26:56,56.00%
182,Elise Kovi,"Lakeside, CA",345,26:26,8:31,F 17-18/4,F-18,50,26:45,54.31%
183,Diego Lopez,"Los Angeles, CA",692,26:27,8:31,M 13-14/3,M-13,133,26:35,53.91%
184,Stefan Zweig,"Pacific Palisades, CA",490,26:29,8:32,M 45-49/16,M-46,134,26:50,52.73%
185,Dave Chedrick,"Los Angeles, CA",262,26:29,8:32,M 35-39/19,M-36,135,26:46,49.14%
186,Ed Tennis,"Los Angeles, CA",1969,26:29,8:32,M 65-69/2,M-65,136,26:36,63.17%
187,Doug Kasper,"Pomona, CA",524,26:30,8:32,M 35-39/20,M-36,137,26:47,49.11%
188,Noah Schwartz,"Los Angeles, CA",443,26:30,8:32,M 30-34/14,M-30,138,27:06,47.67%
189,Carrie Moffat,"Studio City, CA",746,26:31,8:32,F 19-24/9,F-24,51,26:46,53.06%
190,George Pagorek,"Carlsbad, CA",406,26:32,8:33,M 55-59/8,M-58,139,27:17,58.43%
191,Poline Pourmorady,"Santa Monica, CA",419,26:34,8:33,F 13-14/1,F-13,52,27:03,57.66%
192,Daniel Kim,"Diamond Bar, CA",1208,26:36,8:34,M 25-29/28,M-27,140,27:05,47.49%
193,Claudio Lazo,"Sherman Oaks, CA",350,26:39,8:35,M 40-44/21,M-42,141,27:23,50.87%
194,Maggie Bright,"Calabasas, CA",523,26:40,8:35,F 25-29/13,F-29,53,27:05,52.76%
195,Kristi Shaw,"Manhattan Beach, CA",720,26:40,8:35,F 40-44/5,F-40,54,27:07,54.81%
196,Donald Finch,"Thousand Oaks, CA",302,26:43,8:36,M 45-49/17,M-49,142,27:55,53.52%
197,Jennifer Glover,"Los Angeles, CA",540,26:43,8:36,F 35-39/5,F-35,55,27:01,53.14%
198,Karni Baghdikian,"Hermosa Beach, CA",218,26:44,8:36,M 25-29/29,M-29,143,27:09,47.25%
199,Natalie Deciccio,"Los Angeles, CA",739,26:45,8:37,F 19-24/10,F-24,56,27:00,52.60%
200,Tarah Coows,"Santa Monica, CA",571,26:45,8:37,F 30-34/7,F-30,57,27:19,52.60%
201,Stephanie Myers,"Culver City, CA",638,26:45,8:37,F 19-24/11,F-23,58,28:16,52.60%
202,Rae Azim,"Marina Del Rey, CA",703,26:47,8:38,F 40-44/6,F-43,59,27:06,55.77%
203,Ronald Enriquez,"Santa Monica, CA",295,26:51,8:39,M 40-44/22,M-42,144,28:04,50.49%
204,Lauren Richard,"Baton Rouge, LA",427,26:51,8:39,F 25-29/14,F-26,60,28:05,52.40%
205,Royal Weaver,"Los Angeles, CA",480,26:52,8:39,M 19-24/10,M-23,145,27:36,47.02%
206,Cheryl Franklin,"Redondo Beach, CA",1915,26:52,8:39,F 35-39/6,F-35,61,27:24,52.88%
207,Sandra Thayer,"Los Angeles, CA",467,26:53,8:40,F 30-34/8,F-34,62,27:57,52.61%
208,Carlos Singer,"Los Angeles, CA",450,26:54,8:40,M 25-29/30,M-29,146,27:41,46.96%
209,Clara Spaulding,"Santa Monica, CA",625,26:56,8:40,F 19-24/12,F-21,63,28:27,52.31%
210,Monique Mollno,"Glendora, CA",385,26:56,8:41,F 35-39/7,F-37,64,27:11,53.25%
211,Christine Glick,"Pelham, NY",641,27:00,8:42,F 25-29/15,F-28,65,27:27,52.11%
212,Tamara Adelman,"Santa Monica, CA",203,27:01,8:42,F 35-39/8,F-35,66,27:29,52.58%
213,Sarin Hacatoryan,"Newport Coast, CA",314,27:04,8:43,F 25-29/16,F-29,67,27:30,51.98%
214,Glenn Jaffe,"Santa Monica, CA",1190,27:05,8:43,M 40-44/23,M-42,147,27:33,50.06%
215,Hilary Lambert,"Santa Monica, CA",1708,27:08,8:44,F 35-39/9,F-37,68,27:31,52.89%
216,Dale Bell,"Los Angeles, CA",535,27:09,8:45,M 65-69/3,M-68,148,27:20,64.03%
217,John Thomas,"Santa Monica, CA",470,27:10,8:45,M 25-29/31,M-29,149,28:34,46.50%
218,Pamela Blosser,"Pacific Palisades, CA",629,27:13,8:46,F 40-44/7,F-41,69,27:32,54.07%
219,Veronica Perez,"Santa Ana, CA",414,27:13,8:46,F 19-24/13,F-23,70,27:49,51.70%
220,Sarah Mayfield,"Marina Del Rey, CA",371,27:16,8:47,F 25-29/17,F-25,71,27:51,51.60%
221,Lauren Lambert,"Santa Monica, CA",1226,27:17,8:47,F 40-44/8,F-40,72,27:40,53.57%
222,Eleanor Burke,"N Hollywood, CA",774,27:18,8:48,F 25-29/18,F-28,73,27:33,51.54%
223,Amber Perry,"Santa Monica, CA",415,27:18,8:48,F 30-34/9,F-32,74,28:51,51.54%
224,Aubrey Villalobos,"Santa Monica, CA",744,27:18,8:48,F 25-29/19,F-27,75,27:42,51.54%
225,Kyle Siefert,"Valley Village, CA",749,27:19,8:48,M 35-39/21,M-36,150,27:33,47.64%
226,Todd Harbron,"Pasadena, CA",317,27:24,8:49,M 40-44/24,M-40,151,27:40,48.79%
227,Marvin Barrera,"Hacienda Heights, CA",225,27:25,8:50,M 25-29/32,M-26,152,27:40,46.07%
228,Angel Arciga,"Los Angeles, CA",598,27:33,8:53,M 13-14/4,M-14,153,28:25,50.55%
229,Eduardo Martinez,"Los Angeles, CA",601,27:34,8:53,M 15-16/2,M-15,154,28:25,49.50%
230,Stacie Borah,"Los Angeles, CA",240,27:34,8:53,F 45-49/8,F-46,76,27:53,55.55%
231,Lery Amezcua,"Compton, CA",209,27:36,8:53,M 30-34/15,M-33,155,28:03,46.26%
232,Shawnna Manos,"Newbury Park, CA",362,27:37,8:54,F 35-39/10,F-37,77,28:06,51.97%
233,Austin Baker,"Marina Del Rey, CA",220,27:38,8:54,M 25-29/33,M-29,156,28:01,45.71%
234,Ashley Baker,"Marina Del Rey, CA",219,27:38,8:54,F 25-29/20,F-27,78,28:01,50.92%
235,Kristen Kaufman,"Manhattan Beach, CA",340,27:40,8:55,F 30-34/10,F-31,79,28:00,50.86%
236,Colleen Geary,"Santa Monica, CA",308,27:42,8:55,F 30-34/11,F-32,80,29:10,50.79%
237,Mike Geary,"Santa Monica, CA",309,27:42,8:55,M 30-34/16,M-32,157,29:10,45.80%
238,John A Ortiz,"San Pedro, CA",846,27:47,8:57,M 50-54/13,M-50,158,28:49,51.89%
239,Jayne Cuda,"West Los Angeles, CA",1094,27:50,8:58,F 50-54/4,F-53,81,28:45,59.08%
240,John Mullaney,"San Pedro, CA",678,27:51,8:58,M 50-54/14,M-50,159,28:45,51.76%
241,Rik Bright,"Calabasas, CA",251,27:52,8:59,M 55-59/9,M-55,160,28:11,54.05%
242,Kim Oja,"Los Angeles, CA",1703,27:54,8:59,F 35-39/11,F-37,82,28:49,51.44%
243,Laura Breakley,"Los Angeles, CA",1934,27:55,8:59,F 25-29/21,F-25,83,28:30,50.40%
244,Vicky Chien,"Cerritos, CA",773,27:57,9:00,F 19-24/14,F-23,84,28:32,50.34%
245,Ryan Ferrell,"Santa Monica, CA",648,27:57,9:00,M 25-29/34,M-25,161,28:16,45.19%
246,Amanda Espy,"Santa Monica, CA",649,27:58,9:00,F 19-24/15,F-22,85,28:16,50.31%
247,Tina Chang,"Los Angeles, CA",503,27:58,9:01,F 30-34/12,F-31,86,28:50,50.28%
248,Mike O'Leary,"Los Angeles, CA",529,28:04,9:03,M 40-44/25,M-42,162,28:49,48.27%
249,Claudia Flores,"La Puente, CA",1941,28:05,9:03,F 30-34/13,F-31,87,29:05,50.10%
250,Perla Lopez,"Los Angeles, CA",603,28:11,9:05,F 13-14/2,F-14,88,29:26,53.38%
251,Peter Marino,"Los Angeles, CA",557,28:13,9:05,M 30-34/17,M-34,163,28:26,45.53%
252,Monique Lapuade,"Santa Monica, CA",1227,28:15,9:06,F 30-34/14,F-31,89,29:47,49.80%
253,Ybette Garcia,"Bellflower, CA",772,28:15,9:06,F 25-29/22,F-25,90,28:48,49.80%
254,Max Benjamin,"Santa Monica, CA",234,28:18,9:07,M 17-18/2,M-17,164,28:43,46.66%
255,Michelle Matsunaga,"Malibu, CA",370,28:19,9:07,F 17-18/5,F-17,91,28:43,51.14%
256,Randal Archibold,"Los Angeles, CA",580,28:19,9:07,M 40-44/26,M-41,165,29:43,47.54%
257,Josh Hamilton,"Santa Monica, CA",621,28:19,9:07,M 30-34/18,M-31,166,28:50,44.61%
258,Althea Izawa-Hayden,"South Pasadena, CA",331,28:21,9:08,F 25-29/23,F-28,92,29:00,49.63%
259,Paul Einreinhofer,"Edison, NJ",291,28:22,9:08,M 50-54/15,M-51,167,29:18,51.22%
260,Paige Nesbitt,"Santa Monica, CA",642,28:32,9:11,F 25-29/24,F-29,93,28:52,49.31%
261,Matt Lentz,"Glendora, CA",353,28:35,9:12,M 35-39/22,M-35,168,28:47,45.23%
262,Patrick Deblase,"Venice, CA",838,28:36,9:13,M 35-39/23,M-39,169,28:59,46.42%
263,Marci Seals,"Stevenson Ranch, CA",590,28:37,9:13,F 50-54/5,F-52,94,29:05,56.82%
264,Melissa Frey,"Burbank, CA",589,28:42,9:15,F 30-34/15,F-32,95,29:11,49.02%
265,Robert H Taylor,"Santa Monica, CA",757,28:42,9:15,M 65-69/4,M-66,170,29:03,59.04%
266,Steve Martin,"Los Angeles, CA",733,28:44,9:15,M 40-44/27,M-40,171,28:51,46.52%
267,Bruce Reisenfeld,"Los Angeles, CA",819,28:44,9:15,M 30-34/19,M-30,172,29:23,43.96%
268,Ira Smalberg,"Los Angeles, CA",451,28:46,9:16,M 40-44/28,M-40,173,29:40,46.47%
269,Robert Johnson,"Santa Monica, CA",335,28:48,9:16,M 45-49/18,M-47,174,29:00,48.86%
270,Sarah Baum,"Santa Monica, CA",227,28:48,9:17,F 35-39/12,F-36,96,29:12,49.57%
271,Casey Clark,"Simi Valley, CA",647,28:53,9:18,M 30-34/20,M-30,175,30:14,43.73%
272,Jennifer McCurdy,"Santa Monica, CA",374,28:55,9:19,F 25-29/25,F-27,97,30:16,48.66%
273,Katherine Bernstei,"Sherman Oaks, CA",705,28:56,9:19,F 11-12/3,F-12,98,29:06,54.10%
274,Michelle Cullen,"Venice, CA",274,28:57,9:19,F 35-39/13,F-35,99,30:02,49.07%
275,Margaret Johnston,"Los Angeles, CA",337,28:57,9:19,F 45-49/9,F-46,100,30:02,52.89%
276,Donita Ruehs,"Marina Del Rey, CA",433,28:58,9:20,F 30-34/16,F-34,101,29:19,48.82%
277,Lindsay Mann,"Long Beach, CA",742,28:58,9:20,F 19-24/16,F-21,102,29:36,48.64%
278,Wayne Douglas,"Culver City, CA",587,28:59,9:20,M 55-59/10,M-58,176,29:04,53.49%
279,Estelle Atney,"Los Angeles, CA",216,28:59,9:20,F 35-39/14,F-39,103,29:30,50.10%
280,Cindy Liu,"San Gabriel, CA",507,28:59,9:20,F 13-14/3,F-14,104,30:18,51.91%
281,Sheila Nguyen,"Playa Vista, CA",650,29:02,9:21,F 25-29/26,F-26,105,29:31,48.46%
282,Ron Hunadi,"Mesquite, NV",704,29:04,9:22,M 55-59/11,M-55,177,29:37,51.82%
283,Holly Boyer,"Santa Monica, CA",246,29:04,9:22,F 25-29/27,F-28,106,30:20,48.40%
284,Heather Ash,"Los Angeles, CA",215,29:09,9:23,F 35-39/15,F-38,107,30:17,49.51%
285,Isobel Crump,"Claremont, CA",721,29:12,9:24,F 40-44/9,F-44,108,29:51,51.56%
286,Miranda Wichelns,"North Hollywood, CA",481,29:14,9:25,F 25-29/28,F-26,109,29:48,48.13%
287,David Levine,"Malibu, CA",561,29:17,9:26,M 50-54/16,M-51,178,30:13,49.64%
288,Julie Munjack,"Los Angeles, CA",392,29:17,9:26,F 25-29/29,F-26,110,30:14,48.05%
289,Andreas Sautter,"Los Angeles, CA",636,29:18,9:26,M 40-44/29,M-42,179,29:46,46.27%
290,Evan Kent,"Sherman Oaks, CA",341,29:18,9:26,M 45-49/19,M-47,180,30:14,48.03%
291,Cheryl Capitani,"Santa Monica, CA",581,29:32,9:31,F 25-29/30,F-28,111,30:54,47.64%
292,Katie Shilton,"Los Angeles, CA",1358,29:32,9:31,F 25-29/31,F-25,112,30:54,47.64%
293,Veronica James,"Santa Monica, CA",332,29:34,9:31,F 19-24/17,F-22,113,30:23,47.59%
294,Michael Nagata,"Santa Monica, CA",394,29:36,9:32,M 45-49/20,M-49,181,30:13,48.30%
295,Maya Bedi,"Santa Monica, CA",591,29:38,9:33,F 35-39/16,F-35,114,31:08,47.94%
296,Evan Hamashita,"Playa Del Rey, CA",315,29:41,9:34,M 15-16/3,M-16,182,30:16,45.17%
297,Gillian Argoff-Treseder,"San Diego, CA",1014,29:43,9:34,F 30-34/17,F-31,115,30:29,47.35%
298,Isaac Chambers,"Sherman Oaks, CA",564,29:43,9:34,M 25-29/35,M-26,183,30:41,42.48%
299,Beth Rose,"Santa Monica, CA",1341,29:44,9:35,F 25-29/32,F-29,116,30:29,47.32%
300,David Botton,"Long Beach, CA",241,29:45,9:35,M 30-34/21,M-32,184,30:23,42.64%
301,Mary Celis,"Rancho Cucamonga, CA",809,29:45,9:35,F 30-34/18,F-34,117,30:15,47.54%
302,Urvi Patel,"Los Angeles, CA",413,29:46,9:35,F 25-29/33,F-27,118,30:34,47.27%
303,Gemma Morales,"Los Angeles, CA",389,29:46,9:35,F 19-24/18,F-19,119,30:07,47.87%
304,John Conniff,"Yorba Linda, CA",811,29:46,9:35,M 45-49/21,M-45,185,30:19,46.53%
305,Martha Spelman,"Playa Del Rey, CA",504,29:48,9:36,F 50-54/6,F-53,120,30:16,55.15%
306,Lucille Renwick,"Los Angeles, CA",579,29:50,9:37,F 40-44/10,F-40,121,31:13,48.99%
307,Brian Feth,"Los Angeles, CA",1975,29:50,9:37,M 25-29/36,M-29,186,30:39,42.34%
308,Jalyn Travis,"Los Angeles, CA",1978,29:51,9:37,F 25-29/34,F-26,122,30:40,47.13%
309,Lauren Jenkins,"Santa Monica, CA",622,29:52,9:37,F 19-24/19,F-24,123,30:23,47.11%
310,Cici Woodward,"Santa Monica, CA",531,29:52,9:37,F 30-34/19,F-33,124,30:35,47.16%
311,Jen Lewin,"Manhattan Beach, CA",1236,29:55,9:38,F 30-34/20,F-32,125,30:33,47.03%
312,Nathalie Brouwer,"Venice, CA",577,29:57,9:39,F 35-39/17,F-39,126,30:45,48.48%
313,Emily Liberty,"Malibu, CA",533,29:58,9:39,F 35-39/18,F-36,127,31:07,47.64%
314,Maria Navarro,"Pico Rivera, CA",762,29:58,9:39,F 35-39/19,F-38,128,30:18,48.16%
315,Erin Baker,"Los Angeles, CA",825,30:02,9:40,F 25-29/35,F-27,129,30:30,46.85%
316,Angie Fitzsimmons,"Santa Monica, CA",516,30:02,9:40,F 30-34/21,F-31,130,31:31,46.85%
317,Alice Taylor,"Venice, CA",1706,30:07,9:42,F 19-24/20,F-23,131,30:20,46.72%
318,Steven Shock,"Venice, CA",522,30:08,9:42,M 35-39/24,M-39,187,30:46,44.06%
319,Paul Ruggeri,"Santa Monica, CA",548,30:10,9:43,M 25-29/37,M-28,188,31:25,41.87%
320,Karin Lentz,"Glendora, CA",352,30:11,9:43,F 35-39/20,F-36,132,30:36,47.29%
321,Kelli Dunaway,"Glendora, CA",288,30:11,9:43,F 30-34/22,F-34,133,30:36,46.85%
322,Dan Bedolla,"Anaheim, CA",1904,30:14,9:44,M 60-64/3,M-60,189,31:18,52.34%
323,Wayne Wallace,"Tujunga, CA",1953,30:19,9:46,M 45-49/22,M-45,190,30:48,45.71%
324,Yael Hartstein,"Los Angeles, CA",1802,30:23,9:47,F 35-39/21,F-35,134,30:47,46.75%
325,Rachel Cain,"Santa Monica, CA",1068,30:24,9:47,F 30-34/23,F-34,135,31:06,46.52%
326,Mitchell Kander,"Studio City, CA",1971,30:28,9:49,M 50-54/17,M-52,191,31:31,48.13%
327,Danielle Krauel,"Sherman Oaks, CA",563,30:31,9:50,F 19-24/21,F-23,136,31:30,46.10%
328,Jessica Deese,"Santa Monica, CA",279,30:33,9:50,F 11-12/4,F-11,137,31:11,52.59%
329,Russ Gifford,"Ventura, CA",679,30:34,9:51,M 19-24/11,M-23,192,31:04,41.32%
330,Ruth Barone,"Newbury Park, CA",222,30:36,9:51,F 25-29/36,F-29,138,31:43,45.98%
331,Miriam Anderson,"Newport Beach, CA",1011,30:37,9:51,F 40-44/11,F-40,139,31:12,47.73%
332,Michael Neils,"Los Angeles, CA",397,30:38,9:52,M 55-59/12,M-57,193,31:13,50.11%
333,Stephanie Matsunag,"Malibu, CA",836,30:42,9:53,F 45-49/10,F-49,140,31:30,51.31%
334,Lisa Fredeen,"San Clemente, CA",304,30:43,9:54,F 35-39/22,F-39,141,31:14,47.27%
335,Katie Grassini,"Studio City, CA",586,30:45,9:54,F 30-34/24,F-31,142,31:31,45.75%
336,Caitlin Gremminger,"Marina Del Rey, CA",313,30:47,9:55,F 25-29/37,F-26,143,31:39,45.70%
337,James Naglieri,"North Bergen, NJ",674,30:47,9:55,M 55-59/13,M-58,194,31:38,50.36%
338,Traci Fellman,"Burbank, CA",615,30:47,9:55,F 35-39/23,F-38,144,31:37,46.88%
339,Apryl Perez,"Santa Monica, CA",835,30:47,9:55,F 25-29/38,F-27,145,31:02,45.70%
340,Andrew J Volz,"Venice, CA",690,30:47,9:55,M 45-49/23,M-46,195,31:00,45.36%
341,Stephanie Prial,"Los Angeles, CA",422,30:49,9:56,F 40-44/12,F-40,146,31:37,47.42%
342,Deborah Russell,"Manhattan Beach, CA",1968,30:54,9:57,F 55-59/1,F-57,147,31:23,55.91%
343,Robert Corn,"Corona Del Mar, CA",269,30:58,9:58,M 45-49/24,M-49,196,31:43,46.17%
344,Disa Burnett,"Los Angeles, CA",254,30:58,9:58,F 35-39/24,F-35,148,31:45,45.87%
345,John Khuu,"Burbank, CA",594,30:58,9:58,M 25-29/38,M-25,197,31:38,40.79%
346,Jim Martin,"Santa Monica, CA",366,30:59,9:59,M 55-59/14,M-56,198,31:38,49.07%
347,Lauri Turkheimer,"Los Angeles, CA",512,31:01,9:59,F 50-54/7,F-50,149,31:29,51.30%
348,Erin Kurtz,"Santa Monica, CA",1223,31:06,10:01,F 30-34/25,F-30,150,32:08,45.21%
349,Raz Inserra,"Los Angeles, CA",1187,31:07,10:01,M 25-29/39,M-29,199,32:08,40.59%
350,Santiago Enriquez Jr,"La Puente, CA",1939,31:07,10:01,M 35-39/25,M-37,200,32:00,42.10%
351,Vanessa Paraiso,"Santa Monica, CA",411,31:07,10:01,F 25-29/39,F-26,151,32:09,45.21%
352,Preeti Malladi,"Los Angeles, CA",511,31:08,10:02,F 35-39/25,F-35,152,32:00,45.63%
353,Stephanie Chavez,"Pasadena, CA",695,31:09,10:02,F 19-24/22,F-23,153,31:48,45.17%
354,Julia Anker,"Chatsworth, CA",781,31:13,10:03,F 11-12/5,F-12,154,32:13,50.14%
355,Stefanie Daniel,"Los Angeles, CA",759,31:20,10:05,F 19-24/23,F-21,155,32:15,44.96%
356,Susan Medlin,"Agoura Hills, CA",379,31:22,10:06,F 45-49/11,F-46,156,32:17,48.82%
357,Josh Leith,"Los Angeles, CA",766,31:24,10:07,M 25-29/40,M-27,201,31:42,40.23%
358,Edward Villalobos,"Long Beach, CA",743,31:25,10:07,M 60-64/4,M-64,202,31:49,52.65%
359,Ben Tsuhako,"Gardena, CA",471,31:33,10:10,M 30-34/22,M-34,203,32:01,40.72%
360,Lori Christopher,"Los Angeles, CA",778,31:39,10:11,F 35-39/26,F-38,157,31:52,45.60%
361,Nancy Kadowaki,"Playa Del Rey, CA",338,31:42,10:12,F 45-49/12,F-46,158,32:16,48.30%
362,Frank Deese,"Santa Monica, CA",278,31:47,10:14,M 45-49/25,M-46,204,32:25,43.91%
363,Tadashi Endo,"Los Angeles, CA",293,31:48,10:15,M 35-39/26,M-39,205,32:52,41.75%
364,James Reyna,"Whittier, CA",426,31:49,10:15,M 25-29/41,M-26,206,32:05,39.70%
365,Mary Crowe,"Santa Monica, CA",271,31:50,10:15,F 19-24/24,F-22,159,32:31,44.20%
366,Rosalie Corlin,"Santa Monica, CA",510,31:50,10:15,F 35-39/27,F-38,160,33:16,45.34%
367,Adam Corlin,"Santa Monica, CA",509,31:50,10:15,M 40-44/30,M-40,207,33:16,41.99%
368,Wanda Rovira,"North Hollywood, CA",651,31:51,10:15,F 35-39/28,F-37,161,31:55,45.06%
369,Sarah Girton,"Los Angeles, CA",839,31:53,10:16,F 30-34/26,F-30,162,32:21,44.13%
370,Lucille Ito,"Corona Del Mar, CA",330,31:54,10:16,F 45-49/13,F-46,163,32:41,48.00%
371,Hugo Ito,"Oxnard, CA",329,31:54,10:17,M 45-49/26,M-48,208,32:41,44.44%
372,Jim Anker,"Chatsworth, CA",780,31:57,10:17,M 45-49/27,M-49,209,32:56,44.75%
373,Anthony Yniguez,"Azusa, CA",487,32:02,10:19,M 30-34/23,M-31,210,33:08,39.43%
374,Anna Schierbeek,"Los Angeles, CA",439,32:03,10:19,F 11-12/6,F-12,164,32:40,48.83%
375,Jefferson Schierbeek,"Los Angeles, CA",440,32:05,10:20,M 45-49/28,M-46,211,32:41,43.52%
376,Brian Duff,"Costa Mesa, CA",1912,32:06,10:20,M 50-54/18,M-51,212,32:48,45.29%
377,Carrie Logue,"Norwalk, CA",753,32:06,10:20,F 25-29/40,F-25,165,33:14,43.83%
378,Magnus Morgan,"Venice, CA",697,32:09,10:21,M 35-39/27,M-38,213,32:45,41.01%
379,Carlos Trujillo,"Los Angeles, CA",521,32:10,10:22,M 19-24/12,M-24,214,33:43,39.27%
380,Gwen Noda,"Culver City, CA",401,32:11,10:22,F 30-34/27,F-30,166,33:22,43.69%
381,David Perez,"Granada Hills, CA",520,32:13,10:22,M 11-12/2,M-12,215,33:45,45.49%
382,Bob Rennie,"Burbank, CA",554,32:16,10:23,M 55-59/15,M-58,216,32:46,48.04%
383,Jose Becerra,"Los Angeles, CA",842,32:18,10:24,M 45-49/29,M-47,217,32:26,43.56%
384,Mike Naglieri,"Marina Del Rey, CA",673,32:18,10:24,M 30-34/24,M-30,218,33:09,39.10%
385,Megan Tibby,"Santa Monica, CA",723,32:21,10:25,F 25-29/41,F-26,167,33:09,43.49%
386,Patricia Gaskey,"Santa Monica, CA",527,32:21,10:25,F 40-44/13,F-44,168,32:53,46.53%
387,Glenn Greathouse,"Pacific Palisades, CA",312,32:22,10:25,M 45-49/30,M-45,219,33:22,42.81%
388,Anna Wills,"Santa Monica, CA",822,32:22,10:25,F 25-29/42,F-26,169,33:10,43.47%
389,Iman Saleh,"Los Angeles, CA",764,32:29,10:28,F 19-24/25,F-24,170,33:06,43.31%
390,Michaela Marraffino,"Redondo Beach, CA",365,32:29,10:28,F 40-44/14,F-42,171,33:19,45.60%
391,Veronica Zendejas,"Los Angeles, CA",488,32:30,10:28,F 35-39/29,F-35,172,32:56,43.71%
392,Stella Depooter,"La Mirada, CA",735,32:33,10:29,F 45-49/14,F-47,173,32:53,47.47%
393,Danielle Kennedy,"Los Angeles, CA",1435,32:34,10:29,F 25-29/43,F-29,174,33:10,43.20%
394,Paul Martorano,"Los Angeles, CA",367,32:35,10:30,M 30-34/25,M-31,220,33:17,38.76%
395,Stacy Barker,"Los Angeles, CA",1028,32:38,10:31,F 25-29/44,F-25,175,33:34,43.11%
396,Pete Dimitrakopoulos,"West Hollywood, CA",1107,32:42,10:32,M 25-29/42,M-27,221,34:07,38.63%
397,Talia Gonshor,"Marina Del Rey, CA",311,32:43,10:32,F 30-34/28,F-31,176,33:00,43.00%
398,Sharon Tsuhako,"North Hollywood, CA",472,32:48,10:34,F 35-39/30,F-38,177,33:15,44.00%
399,Laura Cuthbert,"Marina Del Rey, CA",276,32:49,10:34,F 30-34/29,F-30,178,33:41,42.85%
400,Jackeline Guzman,"Los Angeles, CA",602,32:52,10:35,F 15-16/1,F-15,179,34:06,45.09%
401,Megan Kawashiri,"Santa Monica, CA",1197,32:56,10:36,F 25-29/45,F-28,180,33:52,42.72%
402,Rubina Eom,"Los Angeles, CA",296,32:57,10:37,F 40-44/15,F-42,181,33:24,44.98%
403,Bridget Jernigan,"Inglewood, CA",639,32:59,10:37,F 25-29/46,F-28,182,33:26,42.65%
404,Kevin Rhone,"Los Angeles, CA",1967,33:01,10:38,M 35-39/28,M-38,222,34:18,39.94%
405,Tish Starbuck,"Malibu, CA",456,33:11,10:41,F 55-59/2,F-56,183,34:13,51.39%
406,Gene Parks,"Marina Del Rey, CA",595,33:11,10:41,M 60-64/5,M-60,223,33:53,47.68%
407,Alison Needham,"Burbank, CA",820,33:13,10:42,F 45-49/15,F-48,184,33:27,46.96%
408,Laura Lindlief,"Los Angeles, CA",517,33:19,10:44,F 19-24/26,F-20,185,34:40,42.50%
409,Sue Hamerski,"Orange, CA",316,33:24,10:45,F 40-44/16,F-41,186,34:16,44.06%
410,Katy Littlefield,"Los Angeles, CA",355,33:27,10:46,F 19-24/27,F-24,187,34:04,42.06%
411,Daniel Caldwell,"Marina Del Rey, CA",257,33:28,10:46,M 40-44/31,M-42,224,34:07,40.50%
412,Claudia Castaneda,"Los Angeles, CA",519,33:28,10:47,F 19-24/28,F-24,188,34:49,42.04%
413,Anna Bobkowska,"Los Angeles, CA",518,33:28,10:47,F 19-24/29,F-23,189,34:49,42.04%
414,Elsa Amezcua,"Compton, CA",207,33:29,10:47,F 45-49/16,F-47,190,33:55,46.14%
415,Ismael Amezcua,"Compton, CA",208,33:31,10:48,M 40-44/32,M-44,225,33:59,41.03%
416,Bob Lord,"Santa Monica, CA",532,33:35,10:49,M 35-39/29,M-37,226,34:18,39.00%
417,Erin McInerney,"Los Angeles, CA",375,33:35,10:49,F 25-29/47,F-25,191,34:26,41.89%
418,Ellen Berman,"Santa Monica, CA",237,33:36,10:49,F 30-34/30,F-32,192,34:43,41.87%
419,Heath Haynes,"Los Angeles, CA",320,34:00,10:57,M 35-39/30,M-37,227,34:45,38.52%
420,Tara Crow,"Pacific Palisades, CA",676,34:00,10:57,F 25-29/48,F-25,193,35:11,41.38%
421,Simone Brard,"Northridge, CA",758,34:06,10:59,F 40-44/17,F-40,194,35:11,42.86%
422,Leslie Shaffer,"Santa Monica, CA",606,34:18,11:03,F 40-44/18,F-42,195,35:16,43.21%
423,Billy Shaffer,"Santa Monica, CA",605,34:18,11:03,M 1-10/3,M-9,228,35:17,48.04%
424,Judy Bruan,"Lake Elsinore, CA",1707,34:19,11:03,F 35-39/31,F-35,196,35:12,41.39%
425,Erin Lipsey,"Studio City, CA",802,34:20,11:04,F 13-14/4,F-13,197,34:29,44.59%
426,Carver Karaszewski,"Los Angeles, CA",806,34:22,11:04,F 13-14/5,F-13,198,34:31,44.57%
427,Liam Casey,"Toluca Lake, CA",680,34:23,11:04,M 11-12/3,M-12,229,34:32,42.62%
428,Sophia Odegaard,"Los Angeles, CA",807,34:24,11:05,F 11-12/7,F-12,199,34:33,45.50%
429,Marcia Brooks,"Los Angeles, CA",572,34:25,11:05,F 45-49/17,F-46,200,35:00,44.49%
430,Rhett Reese,"Los Angeles, CA",611,34:41,11:10,M 35-39/31,M-37,230,35:50,37.76%
431,Tim McCbe,"Simi Valley, CA",805,34:42,11:10,M 45-49/31,M-47,231,35:24,40.55%
432,Matt Crabtree,"Monrovia, CA",612,34:48,11:12,M 35-39/32,M-37,232,35:56,37.64%
433,Xavier Salazar,"Playa Del Rey, CA",1349,34:48,11:12,M 35-39/33,M-38,233,35:50,37.89%
434,Tom Segotta,"Los Angeles, CA",756,34:49,11:13,M 40-44/33,M-44,234,36:11,39.50%
435,Alexandra Nicolas,"Los Angeles, CA",400,34:53,11:14,F 19-24/30,F-23,201,35:43,40.33%
436,Tim Moran,"Barrington, RI",1461,34:55,11:15,M 55-59/16,M-59,235,35:25,44.85%
437,Aimee Meacham,"West Hollywood, CA",376,34:55,11:15,F 25-29/49,F-29,202,36:07,40.29%
438,Yo Kim,"Los Angeles, CA",343,35:01,11:17,M 25-29/43,M-27,236,35:28,36.07%
439,Trish Procetto,"Playa Del Rey, CA",423,35:02,11:17,F 40-44/19,F-41,203,35:47,42.00%
440,Ann Proyous,"West Hollywood, CA",644,35:05,11:18,F 30-34/31,F-34,204,36:29,40.31%
441,Susanna Eng,"Los Angeles, CA",294,35:08,11:19,F 30-34/32,F-30,205,35:45,40.04%
442,Eric Bracamontes,"Los Angeles, CA",682,35:10,11:19,M 40-44/34,M-43,237,35:17,38.82%
443,Alexandra Martinez,"Marina Del Rey, CA",536,35:10,11:20,F 11-12/8,F-11,206,35:24,45.68%
444,Alina Kouch,"Montebello, CA",843,35:15,11:21,F 19-24/31,F-20,207,36:10,40.17%
445,Maria Hernandez,"Los Angeles, CA",596,35:15,11:21,F 19-24/32,F-24,208,36:29,39.91%
446,Brendan Palomo,"Los Angeles, CA",407,35:20,11:23,M 1-10/4,M-8,238,35:54,49.36%
447,Tom Lynch,"Thousand Oaks, CA",359,35:20,11:23,M 55-59/17,M-58,239,36:38,43.85%
448,Christopher Palomo,"Los Angeles, CA",408,35:21,11:23,M 40-44/35,M-41,240,35:55,38.07%
449,Esther Cho,"Playa Vista, CA",264,35:30,11:26,F 25-29/50,F-28,209,36:34,39.63%
450,Kenneth Wong,"Monterey Park, CA",484,35:30,11:26,M 30-34/26,M-33,241,36:34,35.96%
451,Henry Fuentes,"Maywood, CA",841,35:31,11:26,M 40-44/36,M-42,242,35:39,38.16%
452,Cara Stephens,"Simi Valley, CA",460,35:32,11:27,F 25-29/51,F-25,210,36:39,39.59%
453,Paul Murtagh,"Studio City, CA",813,35:35,11:28,M 35-39/34,M-38,243,36:29,37.05%
454,Paula Johnson,"Los Angeles, CA",334,35:37,11:28,F 45-49/18,F-47,211,36:30,43.38%
455,Young Lee,"Los Angeles, CA",351,35:38,11:28,F 25-29/52,F-28,212,36:06,39.48%
456,Roxanne Neal,"Los Angeles, CA",395,35:39,11:29,F 40-44/20,F-44,213,36:12,42.22%
457,Gavriella Roisman,"Tarzana, CA",431,35:42,11:30,F 30-34/33,F-30,214,36:17,39.41%
458,Michal Babay,"Tarzana, CA",217,35:43,11:30,F 30-34/34,F-34,215,36:18,39.59%
459,Alicia Viramontes,"Hawthorne, CA",1400,35:43,11:30,F 25-29/53,F-28,216,36:10,39.39%
460,Madelyn Viramontes,"Hawthorne, CA",477,35:43,11:30,F 19-24/33,F-20,217,36:10,39.62%
461,Kim Jones,"Fillmore, CA",1944,35:54,11:34,F 45-49/19,F-49,218,37:12,43.87%
462,Rachel Doss,"Santa Monica, CA",547,35:56,11:34,F 30-34/35,F-31,219,36:43,39.15%
463,Erica Wiertz,"Burbank, CA",482,35:59,11:35,F 25-29/54,F-29,220,36:55,39.10%
464,Rachel Soyster,"Camarillo, CA",454,36:00,11:35,F 19-24/34,F-20,221,37:09,39.33%
465,Hallie Rosenblum,"Los Angeles, CA",765,36:02,11:36,F 19-24/35,F-22,222,37:00,39.04%
466,Morgan Slater,"Santa Monica, CA",738,36:03,11:37,M 25-29/44,M-28,244,37:01,35.03%
467,Leah Rosenblum,"Santa Monica, CA",737,36:03,11:37,F 25-29/55,F-25,223,37:02,39.02%
468,Arsiyanti Ardie,"Marina Del Rey, CA",212,36:07,11:38,F 30-34/36,F-30,224,37:07,38.95%
469,Doug Meyer,"Los Angeles, CA",761,36:09,11:38,M 40-44/37,M-44,245,37:39,38.04%
470,Josie Contratto,"Los Angeles, CA",266,36:10,11:39,F 40-44/21,F-40,225,36:49,40.41%
471,Micheal Bock,"Santa Monica, CA",553,36:10,11:39,M 13-14/5,M-13,246,37:19,39.42%
472,Debbie Heller,"Los Angeles, CA",324,36:15,11:40,F 40-44/22,F-40,226,37:02,40.31%
473,Helene Rosenzweig,"Santa Monica, CA",552,36:19,11:42,F 45-49/20,F-49,227,37:28,43.37%
474,Debrah Jenkusky,"Los Angeles, CA",333,36:22,11:43,F 30-34/37,F-30,228,37:25,38.68%
475,Edwin Rocabado,"Los Angeles, CA",430,36:27,11:44,M 35-39/35,M-37,247,37:18,35.93%
476,Monica Duran,"Los Angeles, CA",290,36:28,11:44,F 35-39/32,F-36,229,37:18,39.14%
477,Gene Starbuck,"Malibu, CA",455,36:29,11:45,M 60-64/6,M-60,248,37:32,43.37%
478,Alexandra Cunningham,"Los Angeles, CA",1095,36:31,11:45,F 35-39/33,F-36,230,37:32,39.09%
479,Marian Chen,"Los Angeles, CA",526,36:33,11:46,F 30-34/38,F-32,231,38:36,38.49%
480,Brandon Wilson,"Los Angeles, CA",542,36:33,11:46,M 30-34/27,M-31,249,36:33,34.56%
481,Hyung Kim,"Los Angeles, CA",525,36:33,11:46,M 30-34/28,M-33,250,38:36,34.92%
482,Ashley Suedmeier,"Los Angeles, CA",541,36:33,11:46,F 19-24/36,F-24,232,36:33,38.49%
483,Ella Antimarino,"Los Angeles, CA",210,36:45,11:50,F 35-39/34,F-39,233,37:54,39.51%
484,Ivan Barragan,"Sun Valley, CA",633,36:45,11:50,M 15-16/4,M-16,251,37:57,36.48%
485,Amber Barragan,"Sun Valley, CA",634,36:45,11:50,F 19-24/37,F-19,234,37:57,38.77%
486,Rozlyn Kallen,"West Hills, CA",631,36:46,11:50,F 35-39/35,F-35,235,37:58,38.63%
487,Jaqueline Flores,"La Puente, CA",1940,37:09,11:58,F 17-18/6,F-18,236,38:11,38.63%
488,Sharon Gonshor,"Los Angeles, CA",543,37:11,11:59,F 30-34/39,F-33,237,37:29,37.86%
489,Andrea Rankin,"Sherman Oaks, CA",424,37:14,12:00,F 35-39/36,F-36,238,38:22,38.33%
490,Tammera McCabe,"Simi Valley, CA",804,37:25,12:03,F 40-44/23,F-44,239,38:06,40.23%
491,Elizabeth Ahumada,"Whittier, CA",1966,37:31,12:05,F 55-59/3,F-58,240,38:49,46.66%
492,Darren Medlin,"Agoura Hills, CA",377,37:49,12:11,M 40-44/38,M-44,252,39:00,36.37%
493,Kyle Medlin,"Agoura Hills, CA",378,37:49,12:11,M 11-12/4,M-11,253,39:01,40.03%
494,Kathy Shierman,"Los Angeles, CA",717,37:57,12:13,F 30-34/40,F-34,241,38:54,37.26%
495,Bill Tsatsoulis,"San Clemente, CA",770,38:04,12:16,M 30-34/29,M-33,254,39:15,33.52%
496,Alice Berman,"Glendale, CA",501,38:05,12:16,F 01-10/1,F-10,242,39:11,43.56%
497,Michael Berman,"Glendale, CA",502,38:09,12:17,M 45-49/32,M-49,255,39:16,37.47%
498,Barbara Barton,"Claremont, CA",1932,38:10,12:18,F 50-54/8,F-52,243,39:04,42.58%
499,Jane Thomas,"Culver City, CA",1705,38:11,12:18,F 60-64/1,F-60,244,39:14,47.15%
500,Dolores Schutzman,"Los Angeles, CA",442,38:17,12:20,F 35-39/37,F-39,245,39:16,37.92%
501,Lea Vandenburgh,"Culver City, CA",475,38:24,12:22,F 25-29/56,F-27,246,38:41,36.62%
502,Christopher Kresch,"Santa Monica, CA",346,38:27,12:23,M 30-34/30,M-33,256,39:19,33.20%
503,Emily Yamamoto,"Long Beach, CA",1456,38:28,12:23,F 25-29/57,F-28,247,39:53,36.57%
504,Rachele Maurer,"Manhattan Beach, CA",1455,38:28,12:23,F 30-34/41,F-33,248,39:53,36.61%
505,Paul Soroudi,"Los Angeles, CA",452,38:39,12:27,M 35-39/36,M-36,257,39:04,33.67%
506,Shawn Chittenden,"Newport Beach, CA",263,38:39,12:27,F 25-29/58,F-27,249,39:05,36.40%
507,Carolina Dezubiria,"Santa Barbara, CA",282,38:44,12:28,F 45-49/21,F-49,250,40:06,40.66%
508,Harold Willis,"Redlands, CA",828,38:46,12:29,M 75-79/1,M-79,258,40:13,53.43%
509,Lesli Hernandez,"Los Angeles, CA",604,38:52,12:31,F 13-14/6,F-14,251,40:07,38.70%
510,Bob Glick,"Los Angeles, CA",640,38:54,12:31,M 65-69/5,M-66,259,39:47,43.55%
511,Susanne Ferrull,"Burbank, CA",716,38:54,12:31,F 40-44/24,F-42,252,39:51,38.10%
512,Nancy Soyster,"Camarillo, CA",453,38:54,12:31,F 50-54/9,F-51,253,40:07,41.34%
513,Jennifer Maloney,"Santa Monica, CA",361,39:08,12:36,F 30-34/42,F-30,254,40:24,35.95%
514,Katrina Heger,"Los Angeles, CA",322,39:13,12:38,F 13-14/7,F-14,255,40:15,38.36%
515,Deborah Compton,"West Hollywood, CA",549,39:20,12:40,F 40-44/25,F-44,256,39:54,38.27%
516,Alexsandra Lewicki,"Rialto, CA",354,39:22,12:41,F 19-24/38,F-23,257,40:33,35.73%
517,Tony Cocea,"Beverly Hills, CA",562,39:22,12:41,M 40-44/39,M-40,260,40:22,33.95%
518,Bruce Berman,"Agoura, CA",235,39:24,12:41,M 65-69/6,M-67,261,40:35,43.52%
519,Shahrokh Mokhtarzadeh,"Los Angeles, CA",384,39:38,12:46,M 45-49/33,M-45,262,40:03,34.96%
520,Joe Fleischmann,"Loma Linda, CA",732,39:50,12:50,M 80-99/1,M-83,263,41:05,56.58%
521,Creedance Kresch,"Santa Monica, CA",347,39:52,12:50,F 25-29/59,F-28,258,40:44,35.29%
522,Juliana Froes,"Hollywood, FL",725,39:58,12:52,F 25-29/60,F-29,259,40:37,35.20%
523,Heidi Bramlet,"Pasadena, CA",249,40:03,12:54,F 30-34/43,F-31,260,41:27,35.12%
524,Elizabeth Moursund,"Pasadena, CA",391,40:04,12:54,F 30-34/44,F-30,261,41:28,35.11%
525,Carrie Lohnberg,"Los Angeles, CA",356,40:25,13:01,F 25-29/61,F-25,262,41:15,34.81%
526,Vivi Heger,"Los Angeles, CA",323,40:27,13:02,F 40-44/26,F-41,263,41:29,36.37%
527,Phil Clarke,"Panorama City, CA",1907,40:27,13:02,M 80-99/2,M-80,264,41:13,52.23%
528,Whitney Bellows,"Chicago, IL",233,40:31,13:03,M 35-39/37,M-36,265,42:03,32.11%
529,Anne Bellows,"Santa Monica, CA",229,40:32,13:03,F 30-34/45,F-33,264,42:04,34.74%
530,Sandra Gonzalez,"Hawthorne, CA",1804,40:43,13:07,F 30-34/46,F-32,265,41:10,34.54%
531,Lisa Acker,"Jerome, AZ",201,40:46,13:08,F 45-49/22,F-48,266,42:18,38.26%
532,Dennis Turner,"Oak Park, CA",628,40:51,13:09,M 55-59/18,M-57,266,41:52,37.57%
533,John Basco,"San Diego, CA",226,40:53,13:10,M 25-29/45,M-25,267,41:19,30.89%
534,Saundra Willis,"Los Angeles, CA",1956,40:54,13:10,F 45-49/23,F-49,267,42:07,38.51%
535,Ray Wolffe,"Sunland, CA",1930,40:54,13:10,M 50-54/19,M-52,268,42:27,35.83%
536,Ajla Potur,"Santa Monica, CA",418,40:58,13:11,F 25-29/62,F-27,268,41:45,34.34%
537,Jordan Tager,"Tarzana, CA",707,41:14,13:17,F 01-10/2,F-9,269,41:40,41.86%
538,Stacy Tager,"Tarzana, CA",689,41:15,13:17,F 40-44/27,F-40,270,41:41,35.42%
539,Wendy Cowan,"Los Angeles, CA",755,42:01,13:32,F 40-44/28,F-43,271,43:23,35.54%
540,Ya Hui Wu,"San Gabriel, CA",508,42:30,13:41,F 25-29/63,F-28,272,43:50,33.10%
541,Sarah Segura,"Northridge, CA",444,43:19,13:57,F 19-24/39,F-23,273,44:03,32.47%
542,Lise Hill,"Santa Monica, CA",505,43:26,13:59,F 45-49/24,F-48,274,43:49,35.91%
543,Mel Graham,"Pasadena, CA",718,43:32,14:01,M 60-64/7,M-61,269,44:13,36.73%
544,Chantelle Foran,"Valencia, CA",715,43:53,14:08,F 30-34/47,F-32,275,44:51,32.06%
545,Courtney McCabe,"Simi Valley, CA",803,44:38,14:22,F 15-16/2,F-16,276,45:18,32.78%
546,Brooke Harris,"Sherman Oaks, CA",318,44:51,14:27,F 35-39/38,F-37,277,45:59,31.99%
547,Shizu Mitsuyama,"Santa Monica, CA",593,45:21,14:36,F 35-39/39,F-37,278,46:38,31.64%
548,Andre Illig,"Irvine, CA",834,46:10,14:52,M 25-29/46,M-29,270,46:26,27.35%
549,Ahmad Daeenejad,"North Hills, CA",277,46:15,14:53,M 40-44/40,M-43,271,47:44,29.52%
550,James Coin,"Santa Monica, CA",675,46:39,15:01,M 55-59/19,M-58,272,47:00,33.23%
551,Pateel Boyajian,"West Hills, CA",242,47:33,15:19,F 30-34/48,F-31,279,48:48,29.58%
552,Glenna Monk,"Los Angeles, CA",387,48:02,15:28,F 50-54/10,F-52,280,49:28,33.84%
553,Richard Powers,"Los Angeles, CA",421,48:19,15:33,M 60-64/8,M-63,273,49:36,33.83%
554,Eileen Powers,"Los Angeles, CA",420,48:19,15:33,F 55-59/4,F-56,281,49:36,35.29%
555,Kimberly Freeman,"Los Angeles, CA",1132,48:19,15:33,F 35-39/40,F-38,282,49:33,29.86%
556,Cheryl Finch,"Thousand Oaks, CA",301,48:26,15:36,F 45-49/25,F-48,283,49:43,32.19%
557,Cookie Marck,"Thousand Oaks, CA",363,48:27,15:36,F 55-59/5,F-57,284,49:43,35.65%
558,Phillip Fetchko,"Hawthorne, CA",1964,48:29,15:37,M 70-74/2,M-73,274,49:56,38.50%
559,Nicole Jones,"Los Angeles, CA",1195,49:13,15:51,F 35-39/41,F-36,285,50:30,29.00%
560,Salpy Boyajian,"West Hills, CA",243,49:15,15:51,F 30-34/49,F-32,286,50:31,28.56%
561,Bianca Smith,"Studio City, CA",1364,49:29,15:56,F 25-29/64,F-27,287,49:29,28.42%
562,Jill Weintraub,"Pacific Palisades, CA",752,49:31,15:57,F 45-49/26,F-47,288,50:49,31.20%
563,Karen Harris,"Northridge, CA",319,49:33,15:57,F 40-44/29,F-41,289,50:49,29.69%
564,Nagin Cox,"La Crescenta, CA",701,49:33,15:57,F 40-44/30,F-41,290,50:48,29.69%
565,Barbara Edison,"Carson, CA",1113,49:34,15:58,F 55-59/6,F-59,291,50:51,35.81%
566,Laverne McAdoo,"Gardena, CA",372,49:35,15:58,F 55-59/7,F-55,292,50:50,33.96%
567,Stephanie Hansen,"Reseda, CA",1962,49:38,15:59,F 65-69/1,F-68,293,50:33,41.39%
568,Amy Yang,"Santa Monica, CA",728,51:03,16:26,F 30-34/50,F-31,294,51:48,27.55%
569,Roberta Hoffman,"Torrance, CA",327,52:25,16:52,F 35-39/42,F-38,295,53:44,27.53%
570,Abigail Levine,"Los Angeles, CA",575,52:25,16:53,F 35-39/43,F-37,296,53:32,27.37%
571,Donna Martinez,"Torrance, CA",702,52:26,16:53,F 55-59/8,F-56,297,53:26,32.52%
572,Alicia McClure,"West Hollywood, CA",373,52:37,16:56,F 25-29/65,F-28,298,52:37,26.73%
573,Nessa Dunlap,"Redondo Beach, CA",289,52:48,17:00,F 35-39/44,F-38,299,52:48,27.33%
574,Walter Acker,"Jerome, AZ",202,53:30,17:14,M 50-54/20,M-52,275,55:02,27.40%
575,Leslie Koidahl,"Minneapolis, MN",344,54:25,17:31,F 50-54/11,F-54,300,55:57,30.57%
576,Marta Carrillo,"Morgan Hill, CA",259,54:46,17:38,F 55-59/9,F-57,301,55:28,31.54%
577,Calvin Brantley,"Los Angeles, CA",250,54:47,17:38,M 40-44/41,M-42,276,56:04,24.74%
578,Christine Thomas,"Los Angeles, CA",1387,54:47,17:38,F 40-44/31,F-41,302,55:28,26.85%
579,Virginia Carrillo,"Sun City, CA",1073,54:49,17:39,F 60-64/2,F-64,303,55:29,34.93%
580,Benjamin Ziff,"Los Angeles, CA",513,55:44,17:57,M 35-39/38,M-39,277,57:02,23.81%
581,Perry Wright,"Manhattan Beach, CA",771,56:11,18:05,M 11-12/5,M-12,278,57:34,26.08%
582,Elaine Berman,"Santa Monica, CA",236,58:42,18:54,F 65-69/2,F-69,304,1:00:16,35.66%
583,Alejandra Preciado,"Los Angeles, CA",848,59:02,19:00,F 01-10/3,F-5,305,1:00:22,40.12%
584,Griselda Preciado,"Los Angeles, CA",847,59:47,19:15,F 13-14/8,F-14,306,1:01:07,25.16%
585,Eva Preciado,"Los Angeles, CA",796,1:01:29,19:48,F 40-44/32,F-41,307,1:01:29,23.93%
586,Joseph Tache,"Redondo Beach, CA",652,1:08:47,22:09,M 45-49/34,M-45,279,1:08:51,20.14%
587,Laurel Lightner,"Los Angeles, CA",671,1:14:11,23:53,F 45-49/27,F-49,308,1:15:06,21.23%
588,Risa Beaird,"Los Angeles, CA",670,1:14:11,23:53,F 40-44/33,F-43,309,1:15:07,20.13%
