Place,Name,Location,Bib,Net Time,Pace,Division/Place,Sex-Age,Sex-Place,Gun Time,Age Grade
1,Haron Lagat,"Santa Fe, NM",1,14:05,4:32,M ELITE/0,M-24,1,14:05,89.75%
2,Richard Kimeli,"Santa Fe, NM",2,14:14,4:35,M ELITE/0,M-27,2,14:14,88.80%
3,Abiyot Endale,"High Falls, NY",12,14:16,4:36,M ELITE/0,M-21,3,14:16,88.69%
4,Benjamin Bruce,"San Luis Obispo, CA",3,14:19,4:37,M ELITE/1,M-25,4,14:19,88.28%
5,Jordan Hom,"Rancho Cucamonga, CA",4,14:31,4:41,M ELITE/2,M-23,5,14:31,87.06%
6,Christian Hesch,"Morro Bay, CA",6,14:34,4:42,M ELITE/3,M-28,6,14:34,86.66%
7,Josh Spiker,"Ventura, CA",9,14:56,4:49,M ELITE/4,M-25,7,14:56,84.63%
8,Brian Sullivan,"San Marcos, CA",33,15:06,4:52,M ELITE/5,M-27,8,15:06,83.70%
9,Daniel Rojas,"Chino Hills, CA",47,15:12,4:54,M ELITE/6,M-24,9,15:12,83.14%
10,Jose Rangel,"Chino Hills, CA",49,15:14,4:54,M ELITE/7,M-30,10,15:14,82.96%
11,Solomon Kandie,"Albuquerque, NM",5,15:16,4:55,M ELITE/8,M-29,11,15:16,82.78%
12,Marcos Campos,"La Puente, CA",10,15:25,4:58,M ELITE/9,M-25,12,15:25,81.97%
13,Michael Thatcher,"Glendale, CA",34,15:40,5:03,M ELITE/10,M-30,13,15:40,80.67%
14,Juan Valencia,"Montebello, CA",19,15:42,5:03,M ELITE/11,M-28,14,15:42,80.49%
15,Issac Perez,"Chino Hills, CA",43,15:49,5:06,M ELITE/12,M-23,15,15:49,79.90%
16,Sean Henning,", ",14,15:53,5:07,M NoAge/0,M-0,16,15:53, 0.00%
17,Tyson Sacco,"Palos Verdes Peninsula, CA",18,15:54,5:07,M ELITE/13,M-34,17,15:54,80.84%
18,Gustavo Arceo,"Camarillo, CA",221,15:55,5:08,M 20-24/1,M-23,18,15:56,79.40%
19,Andy Di Conti,"San Gabriel, CA",52,15:55,5:08,M ELITE/14,M-45,19,15:55,87.10%
20,Bernardo Santallin,"Chino Hills, CA",48,15:56,5:08,M ELITE/15,M-23,20,15:56,79.31%
21,David Olds,"Los Angeles, CA",17,15:57,5:08,M ELITE/16,M-46,21,15:57,87.58%
22,Michael Buckhoff,"Hesperia, CA",11,16:03,5:10,M ELITE/17,M-41,22,16:03,83.91%
23,Eddie Venegas,"Chino Hills, CA",45,16:04,5:11,M ELITE/18,M-29,23,16:04,78.66%
24,Alejandro Tinajero,"Van Nuys, CA",1042,16:12,5:13,M 30-34/1,M-30,24,16:14,78.01%
25,Ben Mejia,"Chino Hills, CA",44,16:15,5:14,M ELITE/19,M-30,25,16:15,77.77%
26,Carlos Garcia,"Canoga Park, CA",945,16:16,5:14,M 25-29/1,M-29,26,16:16,77.69%
27,Caroline Cheptanui,"Santa Fe, NM",22,16:18,5:15,F ELITE/0,F-23,1,16:18,86.36%
28,Jason Sigelakis,"Camarillo, CA",679,16:23,5:17,M 1-17/1,M-16,27,16:23,81.88%
29,Alberto Ramos,"Los Angeles, CA",3652,16:27,5:18,M 20-24/2,M-23,28,16:27,76.82%
30,Everlyne Lagat,"Albuquerque, NM",770,16:27,5:18,F 25-29/0,F-26,2,16:27,85.57%
31,Jeffrey Redfern,"Los Angeles, CA",39,16:28,5:18,M ELITE/20,M-24,29,16:28,76.74%
32,Doug Bell,"Greeley, CO",250,16:30,5:19,M 55-59/1,M-56,30,16:30,92.19%
33,Evae Silva,"Tujunga, CA",35,16:36,5:21,M ELITE/21,M-41,31,16:36,81.12%
34,David Foote,"Los Angeles, CA",827,16:38,5:21,M 40-44/1,M-40,32,16:38,80.40%
35,Gabriel Arias,"Los Angeles, CA",20,16:41,5:23,M ELITE/22,M-22,33,16:41,75.74%
36,Peter Birney,"Santa Monica, CA",828,16:42,5:23,M 20-24/3,M-23,34,16:42,75.67%
37,Jorge Lopez,"Los Angeles, CA",1007,16:45,5:24,M 25-29/2,M-28,35,16:45,75.44%
38,Eric Libby,"Santa Monica, CA",507,16:46,5:24,M 20-24/4,M-22,36,16:46,75.37%
39,Alexandro Gomez,"Los Angeles, CA",41,16:48,5:25,M ELITE/23,M-28,37,16:48,75.22%
40,Ricardo Morales,"Camarillo, CA",564,16:53,5:26,M 20-24/5,M-20,38,17:03,75.58%
41,Damian Garcia,"Los Angeles, CA",15,16:58,5:28,M ELITE/24,M-29,39,16:58,74.48%
42,Eleazar Hernandez,"Camarillo, CA",428,17:02,5:29,M 30-34/2,M-30,40,17:04,74.19%
43,Andrew Atkenson,"Los Angeles, CA",7,17:05,5:30,M ELITE/25,M-46,41,17:05,81.77%
44,Jesse Bloom,"Pasadena, CA",40,17:16,5:34,M ELITE/26,M-29,42,17:16,73.18%
45,Genevieve Graff Ermeling,", ",51,17:18,5:34,F ELITE/0,F-36,3,17:18,82.55%
46,Roseline Agboke,", ",50,17:19,5:35,F ELITE/1,F-27,4,17:19,81.28%
47,Kevin Durkin,"Hermosa Beach, CA",1112,17:27,5:37,M 25-29/3,M-27,43,17:27,72.41%
48,Tania Fischer,"Santa Monica, CA",26,17:31,5:39,F ELITE/2,F-41,5,17:31,83.96%
49,Larry Carr,"Santa Monica, CA",293,17:36,5:40,M 20-24/6,M-24,44,17:36,71.80%
50,Oliver Galego,"Arcadia, CA",374,17:39,5:41,M 45-49/1,M-45,45,17:42,78.54%
51,Monica Valdez,"Chino Hills, CA",46,17:43,5:42,F ELITE/3,F-24,6,17:43,79.44%
52,Gracie Padilla,"Los Angeles, CA",24,17:44,5:43,F ELITE/4,F-36,7,17:44,80.53%
53,George Juarez,"Alhambra, CA",38,17:48,5:44,M ELITE/27,M-41,46,17:48,75.65%
54,Brian Alvarado,"Thousand Oaks, CA",919,17:50,5:45,M 18-19/1,M-18,47,17:52,73.10%
55,Nathan Prevendar,"Venice, CA",623,17:50,5:45,M 20-24/7,M-24,48,17:52,70.86%
56,Ali Mann,"Venice, CA",27,17:50,5:45,F ELITE/5,F-29,8,17:50,78.92%
57,Gilberto Ortega,"Anaheim, CA",1050,17:51,5:45,M 40-44/2,M-42,49,17:51,75.97%
58,Cameron Burrell,"Malibu, CA",887,17:52,5:45,M 18-19/2,M-18,50,17:54,72.96%
59,Shannon McConville,"Hermosa Beach, CA",31,17:56,5:47,F ELITE/6,F-25,9,17:56,78.48%
60,David Wolfe,"Venice, CA",934,17:59,5:47,M 45-49/2,M-47,51,18:01,78.28%
61,Alex Eusebio,"Los Angeles, CA",3653,18:18,5:54,M 30-34/3,M-32,52,18:18,69.35%
62,Kim Ramirez,"Carson, CA",25,18:23,5:55,F ELITE/7,F-25,10,18:23,76.56%
63,Simeon Alder,"Los Angeles, CA",36,18:27,5:57,M ELITE/28,M-35,53,18:27,70.10%
64,Daniel Wilson,"Santa Monica, CA",1020,18:27,5:57,M 25-29/4,M-29,54,18:34,68.49%
65,Phil Young,"Los Angeles, CA",1130,18:37,6:00,M 25-29/5,M-27,55,18:41,67.87%
66,Dennis Drisdom,"Santa Monica, CA",341,18:38,6:00,M 20-24/8,M-21,56,18:38,67.89%
67,Marvin Suntonvipart,"Playa Del Rey, CA",701,18:40,6:01,M 30-34/4,M-33,57,18:44,68.41%
68,Damien Doss,"Santa Monica, CA",940,18:42,6:01,M 45-49/3,M-45,58,18:42,74.13%
69,Thomas Case,"Santa Monica, CA",1006,18:55,6:06,M 50-54/1,M-50,59,18:58,76.23%
70,Rosalva Bonilla,"Big Bear City, CA",23,18:57,6:06,F ELITE/8,F-44,11,18:57,79.47%
71,Jon Collins,"Santa Monica, CA",308,19:08,6:10,M 20-24/9,M-23,60,19:08,66.04%
72,Angel Ortega,"Anaheim, CA",1138,19:10,6:10,M 1-17/2,M-14,61,19:23,72.68%
73,Ricardo Leon,"Los Angeles, CA",3654,19:14,6:12,M 20-24/10,M-24,62,19:14,65.69%
74,Zachary Wiedhopf,"Camarillo, CA",745,19:19,6:13,M 1-17/3,M-16,63,19:24,69.43%
75,Rob Cowell,"Los Angeles, CA",857,19:24,6:15,M 30-34/5,M-34,64,19:27,66.24%
76,Alejandro Villero,"Santa Monica, CA",851,19:26,6:16,M 1-17/4,M-15,65,19:31,70.24%
77,Denny Nivens,"Hermosa Beach, CA",818,19:32,6:18,M 50-54/2,M-50,66,19:34,73.82%
78,Amy Duffy,"Santa Monica, CA",342,19:35,6:19,F 30-34/1,F-32,12,19:35,71.87%
79,Agustin Malagon,"Thousand Oaks, CA",917,19:47,6:22,M 1-17/5,M-17,67,19:51,66.77%
80,David Toledo,"California City, CA",1107,19:49,6:23,M 1-17/6,M-15,68,20:08,68.88%
81,Kenji Ikeda,"Torrance, CA",771,19:51,6:24,M 40-44/3,M-40,69,19:54,67.36%
82,Kurt Dufresne,"Los Angeles, CA",344,19:51,6:24,M 35-39/1,M-35,70,19:59,65.15%
83,Jim Newman,"Manhattan Beach, CA",589,19:53,6:24,M 45-49/4,M-49,71,19:53,71.93%
84,Ken Newton,"New York, NY",1004,19:54,6:25,M 45-49/5,M-45,72,19:58,69.65%
85,Matt Doss,"Santa Monica, CA",339,19:56,6:25,M 40-44/4,M-42,73,19:59,68.03%
86,Eric Lawrence,"Los Angeles, CA",501,19:58,6:26,M 25-29/6,M-27,74,20:02,63.28%
87,Nance Tran,"Tarzana, CA",822,19:58,6:26,F 35-39/1,F-38,13,20:01,72.30%
88,Edgar Garcia,"Los Angeles, CA",378,20:06,6:29,M 18-19/3,M-19,75,20:50,64.05%
89,Frank Sackett,"Santa Monica, CA",852,20:08,6:29,M 30-34/6,M-34,76,20:30,63.83%
90,Darrin Stone,"Calabasas, CA",698,20:11,6:30,M 45-49/6,M-47,77,20:14,69.74%
91,Raymond Howard,"Avalon, CA",441,20:13,6:31,M 50-54/3,M-50,78,20:17,71.32%
92,Chris Hino,"Santa Monica, CA",876,20:13,6:31,M 1-17/7,M-15,79,20:19,67.52%
93,Nicole Britvan,"Sherman Oaks, CA",3651,20:21,6:33,F 35-39/2,F-37,14,20:24,70.54%
94,Edmundo Navarro,"Simi Valley, CA",580,20:22,6:34,M 40-44/5,M-44,80,20:25,67.55%
95,Monica Corrigan,"Santa Monica, CA",313,20:28,6:36,F 40-44/1,F-42,15,20:30,72.44%
96,Richard Bouton,"Huntington Beach, CA",272,20:32,6:37,M 50-54/4,M-53,81,20:37,72.05%
97,Rob Keough,"Santa Monica, CA",906,20:34,6:38,M 40-44/6,M-41,82,20:40,65.46%
98,Kate Martini,"Los Angeles, CA",534,20:35,6:38,F 25-29/1,F-26,16,20:39,68.37%
99,Coler Snelleman,", ",3618,20:40,6:40,M 30-34/7,M-32,83,20:46,61.40%
100,Susan O'Brien,"Venice, CA",595,20:41,6:40,F 30-34/2,F-32,17,20:45,68.04%
101,Marcus Capanna,"Los Angeles, CA",292,20:46,6:41,M 20-24/11,M-24,84,20:58,60.84%
102,John Flores,"Monterey Park, CA",362,20:49,6:42,M 30-34/8,M-33,85,20:55,61.34%
103,David Nealy,"Santa Monica, CA",582,20:49,6:42,M 25-29/7,M-28,86,20:56,60.69%
104,William Rogart,"Thousand Oaks, CA",645,20:50,6:43,M 1-17/8,M-15,87,20:53,65.52%
105,Ben Nichols,"Sherman Oaks, CA",3649,20:51,6:43,M 40-44/7,M-42,88,20:54,65.03%
106,Michael Brewer,"Los Angeles, CA",277,20:53,6:44,M 25-29/8,M-27,89,20:58,60.50%
107,Annalisa Peterson,"Pacific Palisades, CA",619,20:53,6:44,F 25-29/2,F-27,18,21:00,67.39%
108,Richard Cimadoro,"Thousand Oaks, CA",301,20:54,6:44,M 35-39/2,M-39,90,20:58,63.54%
109,Jeff Newman,"Los Angeles, CA",588,20:58,6:45,M 35-39/3,M-36,91,21:02,62.08%
110,John Klutke,"Pacific Palisades, CA",837,21:00,6:46,M 40-44/8,M-44,92,21:28,65.51%
111,Dennis Heberer,"Berlin, NY",933,21:06,6:48,M 1-17/9,M-11,93,21:09,71.77%
112,Mahdi Bagheri,"Los Angeles, CA",841,21:15,6:51,M 25-29/9,M-27,94,21:20,59.45%
113,Hart Turner,"Los Angeles, CA",1101,21:20,6:52,M 25-29/10,M-26,95,21:25,59.22%
114,Phillip Picardat,"Grand Rapids, MI",893,21:24,6:54,M 40-44/9,M-42,96,21:32,63.36%
115,Lou Briones,"Los Angeles, CA",884,21:26,6:54,M 55-59/2,M-59,97,21:26,73.08%
116,Kelvin Hill,", ",3614,21:26,6:54,M 45-49/7,M-46,98,21:33,65.16%
117,Jane Giess,"Santa Monica, CA",391,21:30,6:56,F 45-49/1,F-45,19,21:36,70.62%
118,Rebecca Ottusch,"Malibu, CA",1116,21:30,6:56,F 01-17/1,F-16,20,21:32,68.08%
119,Thomas Kuo,"Arcadia, CA",492,21:33,6:56,M NoAge/0,M-0,99,21:43, 0.00%
120,Neal Flesner,"Los Angeles, CA",360,21:33,6:56,M 30-34/9,M-30,100,22:08,58.63%
121,Josh Kaplan,"Santa Monica, CA",840,21:39,6:58,M 30-34/10,M-32,101,21:45,58.61%
122,Rudy Llavanes,"Santa Monica, CA",515,21:40,6:59,M 50-54/5,M-51,102,21:42,67.11%
123,David Cefali,"Sherman Oaks, CA",3650,21:40,6:59,M 45-49/8,M-46,103,21:44,64.46%
124,Borchien Lai,"Santa Monica, CA",494,21:41,6:59,M 25-29/11,M-28,104,22:04,58.27%
125,Elvis Tognia,"Los Angeles, CA",1203,21:41,6:59,M 30-34/11,M-31,105,22:35,58.27%
126,Daniel Levine,"Long Beach, CA",505,21:43,7:00,M 20-24/12,M-24,106,21:52,58.18%
127,Jordan Haggard,"Long Beach, CA",419,21:43,7:00,M 50-54/6,M-53,107,21:53,68.13%
128,Kevin Willette,"Riverside, CA",746,21:44,7:00,M 18-19/4,M-19,108,21:55,59.29%
129,Nick Trozzi,"Panorama City, CA",1012,21:46,7:01,M 45-49/9,M-47,109,21:48,64.66%
130,Charles Villero,"Santa Monica, CA",850,21:51,7:02,M 1-17/10,M-14,110,21:56,63.75%
131,John Duffy,"Santa Monica, CA",343,21:52,7:03,M 35-39/4,M-36,111,23:10,59.52%
132,Jensen Rodney,"West Hollywood, CA",907,21:52,7:03,M 30-34/12,M-31,112,21:59,57.78%
133,Matt Mays,"Santa Monica, CA",536,22:00,7:05,M 30-34/13,M-31,113,24:38,57.43%
134,Damian Jelks,"Santa Monica, CA",460,22:02,7:06,M 30-34/14,M-34,114,22:02,58.32%
135,Agustin Lopez,"Santa Monica, CA",831,22:04,7:07,M 50-54/7,M-52,115,22:20,66.46%
136,Maria Rogers,"Santa Monica, CA",646,22:05,7:07,F 40-44/2,F-42,21,22:07,67.13%
137,Joel Isackson,"Los Angeles, CA",448,22:07,7:07,M 35-39/5,M-38,116,22:16,59.63%
138,Richard Sanchez,"Santa Monica, CA",830,22:16,7:10,M 20-24/13,M-22,117,22:32,56.74%
139,Aziz Goulhiane,"Pico Rivera, CA",938,22:20,7:12,M 35-39/6,M-38,118,22:26,59.05%
140,Hoshang Dubash,"Valencia, CA",814,22:22,7:12,M 50-54/8,M-51,119,22:30,65.01%
141,Fernando Alvarez,", ",3607,22:23,7:13,M 40-44/10,M-41,120,22:42,60.15%
142,Kristina Fernandez,"Manhattan Beach, CA",1135,22:25,7:13,F 20-24/1,F-21,22,22:37,62.86%
143,Lauren Pizzi,"Carson, CA",3612,22:26,7:14,F 25-29/3,F-26,23,22:26,62.73%
144,David Greenwood,"Santa Monica, CA",410,22:28,7:14,M 45-49/10,M-48,121,22:28,63.14%
145,Todd Beckerdite,", ",3613,22:30,7:15,M 30-34/15,M-31,122,22:41,56.15%
146,Kevin Tsia,"Culver City, CA",720,22:30,7:15,M 25-29/12,M-26,123,22:33,56.15%
147,Emily Berkin,"Santa Monica, CA",256,22:31,7:15,F 01-17/2,F-12,24,22:35,69.52%
148,Daniel McKeever,"Los Angeles, CA",543,22:31,7:15,M 25-29/13,M-28,124,22:35,56.11%
149,Morgan Temanson,"Oxnard, CA",708,22:37,7:17,F 01-17/3,F-17,25,22:46,64.04%
150,Arturo De La Torre,"Los Angeles, CA",330,22:38,7:17,M 45-49/11,M-49,125,22:44,63.18%
151,Stanislaw Maslanka,"Burbank, CA",1110,22:38,7:17,M 45-49/12,M-49,126,22:38,63.18%
152,Vejas Anaya,"Santa Monica, CA",839,22:42,7:19,M 25-29/14,M-28,127,23:02,55.65%
153,Noah Grossman,"Santa Monica, CA",414,22:43,7:19,M 25-29/15,M-25,128,22:54,55.61%
154,Carlos Moreno,", ",3639,22:44,7:19,M 1-17/11,M-17,129,23:23,58.10%
155,Yvon Rivest,"Venice, CA",642,22:45,7:20,M 60-64/1,M-62,130,22:51,71.08%
156,Dennis Hall,"Manhattan Beach, CA",1124,22:48,7:21,M 50-54/9,M-52,131,22:48,64.32%
157,Terrance Mananes,", ",3633,22:50,7:21,M 25-29/16,M-26,132,23:23,55.33%
158,Todd Temanson,"Oxnard, CA",709,22:54,7:23,M 45-49/13,M-46,133,23:05,60.98%
159,James Iacono,"Trabuco Canyon, CA",2300,22:54,7:23,M 50-54/10,M-51,134,23:01,63.49%
160,James Iacono,"Trabuco Canyon, CA",444,22:55,7:23,M 50-54/11,M-51,135,23:02,63.45%
161,Ryan Tominaga,"Stevenson Ranch, CA",716,23:01,7:25,M 25-29/17,M-26,136,23:07,54.89%
162,Marco Hernandez,"Whittier, CA",430,23:04,7:26,M 1-17/12,M-13,137,23:08,61.82%
163,Shari Davis,"Santa Monica, CA",1115,23:13,7:29,F 45-49/2,F-46,26,23:16,65.96%
164,Tim Williams,"Beverly Hills, CA",748,23:17,7:30,M 40-44/11,M-42,138,23:22,58.23%
165,Randall Miller I,", ",3631,23:25,7:32,M 25-29/18,M-25,139,23:58,53.95%
166,Naomi Ruiz,"Los Angeles, CA",846,23:30,7:34,F 35-39/3,F-39,27,23:34,61.80%
167,Harry Rayner,"Venice, CA",905,23:31,7:34,M 1-17/13,M-12,140,23:38,62.33%
168,Katy Keen,"Manhattan Beach, CA",768,23:40,7:37,F 20-24/2,F-24,28,24:08,59.46%
169,Michele Mash,"San Diego, CA",1044,23:40,7:38,F 25-29/4,F-26,29,23:47,59.46%
170,Peter Filsinger,"Los Angeles, CA",2211,23:45,7:39,M 35-39/7,M-36,141,23:51,54.80%
171,Dean Gasaway,"Granada Hills, CA",1201,23:47,7:40,M 35-39/8,M-37,142,24:40,55.08%
172,Yoko Eichel,"Woodland Hills, CA",1003,23:47,7:40,F 60-64/1,F-60,30,23:50,75.72%
173,Emma Moore,"Burbank, CA",563,23:50,7:41,F 30-34/3,F-32,31,24:02,59.04%
174,Jorge Macias,"Van Nuys, CA",1202,23:51,7:41,M 30-34/16,M-30,143,24:39,52.97%
175,Diego Lopez,"Los Angeles, CA",1011,23:55,7:42,M 1-17/14,M-14,144,24:02,58.23%
176,John Nestojko,"Culver City, CA",585,23:56,7:43,M 25-29/19,M-26,145,24:09,52.78%
177,Mary Campanella,"Woodland Hills, CA",290,24:00,7:44,F 25-29/5,F-28,32,29:23,58.63%
178,Sameer Khan,"Los Angeles, CA",475,24:05,7:45,M 25-29/20,M-25,146,24:29,52.45%
179,Kevin Patton,"Venice, CA",817,24:09,7:47,M 30-34/17,M-32,147,24:19,52.54%
180,Vickie Ford,"Los Angeles, CA",895,24:16,7:49,F 45-49/3,F-46,33,24:22,63.11%
181,Rosemarie Jeanpierre,"Los Angeles, CA",459,24:17,7:49,F 40-44/3,F-43,34,25:06,61.51%
182,William Burnside,"Los Angeles, CA",286,24:17,7:49,M 45-49/14,M-48,148,24:26,58.41%
183,Daniel Kim,"Diamond Bar, CA",477,24:18,7:50,M 25-29/21,M-28,149,24:36,51.99%
184,Tom Jaynes,"Pasadena, CA",457,24:18,7:50,M 30-34/18,M-30,150,24:34,51.99%
185,Steven Garske,"Los Angeles, CA",386,24:19,7:50,M 40-44/12,M-41,151,24:29,55.36%
186,Yasushi Watabe,"Torrance, CA",737,24:20,7:50,M 30-34/19,M-34,152,24:32,52.80%
187,Brian Feth,"Los Angeles, CA",355,24:23,7:51,M 25-29/22,M-27,153,24:33,51.81%
188,Pei Pei Tan,"Los Angeles, CA",706,24:24,7:52,F 35-39/4,F-37,35,24:34,58.82%
189,Patti Morena,"La Crescenta, CA",565,24:26,7:52,F 45-49/4,F-47,36,24:37,63.21%
190,Kathleen McCool,"Encino, CA",3603,24:27,7:53,F 25-29/6,F-25,37,25:11,57.55%
191,Jenny Tom,"Los Angeles, CA",715,24:30,7:53,F 30-34/4,F-33,38,24:39,57.50%
192,Kaveh Moazzami,"Los Angeles, CA",555,24:33,7:54,M 25-29/23,M-28,154,24:44,51.46%
193,Steve Mullen,"Los Angeles, CA",568,24:34,7:55,M 40-44/13,M-40,155,24:55,54.42%
194,Amber Blanchette,"Cathedral City, CA",262,24:34,7:55,F 20-24/3,F-20,39,25:05,57.65%
195,Greg Marcus,"Los Angeles, CA",1043,24:36,7:56,M 1-17/15,M-14,156,24:43,56.62%
196,Craig Newlands,"Los Angeles, CA",3628,24:43,7:58,M 30-34/20,M-30,157,24:52,51.11%
197,Sangjun Oh,"Torrance, CA",903,24:44,7:58,M 30-34/21,M-32,158,25:10,51.30%
198,Kate Gary,"Los Angeles, CA",387,24:46,7:59,F 20-24/4,F-21,40,24:57,56.89%
199,Nicholas Tillman,"Los Angeles, CA",921,24:47,7:59,M 1-17/16,M-13,159,24:53,57.54%
200,Amanda Nagler,"Los Angeles, CA",3627,24:47,7:59,F 30-34/5,F-30,41,24:56,56.78%
201,Michelle Naka Mura,"Burbank, CA",779,24:47,7:59,F 40-44/4,F-44,42,24:54,60.75%
202,Stacy Kamano,"Santa Monica, CA",843,24:49,8:00,F 30-34/6,F-33,43,25:05,56.76%
203,Aaron Simpson,"Venice, CA",681,24:50,8:00,M 35-39/9,M-36,160,29:33,52.41%
204,Ann Lashbrook,"Los Angeles, CA",892,24:50,8:00,F 25-29/7,F-25,44,24:59,56.66%
205,John Guzman,"California City, CA",418,24:51,8:00,M 1-17/17,M-14,161,25:12,56.05%
206,Sean Miller,"California City, CA",552,24:51,8:00,M 1-17/18,M-14,162,25:12,56.05%
207,Erika Cilengir,"Culver City, CA",3604,24:51,8:00,F 50-54/1,F-50,45,25:11,64.04%
208,Licola Albini,"Santa Monica, CA",844,24:55,8:02,M 35-39/10,M-36,163,25:11,52.23%
209,Marco Hernandez,"Whittier, CA",429,24:56,8:02,M 30-34/22,M-34,164,24:59,51.53%
210,Edgar Gutierrez,"Van Nuys, CA",417,24:58,8:03,M 55-59/3,M-56,165,25:10,60.90%
211,Aaron Day,"Los Angeles, CA",328,24:58,8:03,M 30-34/23,M-30,166,25:11,50.60%
212,Maureen Ohanlon,"Los Angeles, CA",597,24:59,8:03,F 01-17/4,F-13,46,25:07,61.32%
213,Beno Joshua,"Los Angeles, CA",463,25:00,8:03,M 30-34/24,M-31,167,31:59,50.53%
214,Ryan Schneider,"Northridge, CA",1014,25:01,8:03,M 30-34/25,M-33,168,25:22,51.04%
215,Atsushi Maekawa,", ",3616,25:02,8:04,M 25-29/24,M-26,169,25:43,50.46%
216,Mark Rosenbaum,"Santa Monica, CA",1039,25:02,8:04,M 30-34/26,M-34,170,25:17,51.32%
217,Minnie Flores,"Monterey Park, CA",364,25:03,8:04,F 25-29/8,F-29,47,25:11,56.17%
218,Steven Abt,"Santa Monica, CA",776,25:04,8:04,M 1-17/19,M-17,171,25:25,52.69%
219,Joseph Kim,"Glendale, CA",478,25:06,8:05,M 30-34/27,M-34,172,25:24,51.19%
220,Irene Rodriguez,"Playa Vista, CA",912,25:08,8:06,F 40-44/5,F-41,48,25:29,58.56%
221,Nick Troszak,"Beverly Hills, CA",868,25:10,8:06,M 25-29/25,M-28,173,27:30,50.20%
222,Lauren McKenzie,"Los Angeles, CA",910,25:12,8:07,F 30-34/7,F-33,49,25:26,55.90%
223,Alexander Orloff,"Burbank, CA",598,25:12,8:07,M 1-17/20,M-10,174,25:17,62.44%
224,George Orloff,"Burbank, CA",599,25:12,8:07,M 45-49/15,M-46,175,25:17,55.41%
225,Ben Tsuhako,"Gardena, CA",721,25:14,8:08,M 35-39/11,M-35,176,25:26,51.24%
226,Joan Cruz,"Venice, CA",1021,25:17,8:09,F 35-39/5,F-36,50,25:40,56.47%
227,Hal Randall,"Redondo Beach, CA",842,25:20,8:09,M 40-44/14,M-44,177,25:27,54.30%
228,Natania Goldberg,"Santa Monica, CA",1104,25:20,8:10,F 25-29/9,F-29,51,25:34,55.54%
229,Ragavendra Swamy,", ",3609,25:21,8:10,M 30-34/28,M-33,178,25:41,50.36%
230,Kent Stander,"Los Angeles, CA",692,25:23,8:10,M 20-24/14,M-22,179,25:34,49.77%
231,Frank Acosta,"Fontana, CA",204,25:25,8:11,M 40-44/15,M-43,180,25:38,53.69%
232,Benjamin Tan,"Rosemead, CA",784,25:27,8:12,M 35-39/12,M-37,181,26:11,51.47%
233,Patrick Ryan,"Santa Monica, CA",651,25:28,8:12,M 25-29/26,M-25,182,25:37,49.60%
234,Roxana Guardado,"Culver City, CA",415,25:29,8:12,F 25-29/10,F-26,52,25:45,55.22%
235,John Sutherland,"Santa Monica, CA",873,25:30,8:13,M 30-34/29,M-32,183,26:05,49.76%
236,Jim Green,"Los Angeles, CA",879,25:30,8:13,M 45-49/16,M-48,184,25:41,55.62%
237,David Dupree,"Palatine, IL",345,25:32,8:13,M 40-44/16,M-44,185,25:41,53.87%
238,Jason Jordan,"Glendale, CA",1108,25:37,8:15,M 30-34/30,M-34,186,25:53,50.16%
239,Lori Fish,"Portland, OR",869,25:38,8:15,F 35-39/6,F-38,53,25:47,56.31%
240,Tony Blain,"Santa Monica, CA",870,25:39,8:16,M 45-49/17,M-46,187,25:47,54.44%
241,Ion Muslea,"El Segundo, CA",571,25:41,8:16,M 40-44/17,M-40,188,25:46,52.05%
242,Greg Batiste,"Los Angeles, CA",3625,25:43,8:17,M 45-49/18,M-47,189,25:52,54.72%
243,Andra Jaunzeme,"Playa Vista, CA",454,25:43,8:17,F 50-54/2,F-54,54,26:02,64.70%
244,Heather Bagan,"Los Angeles, CA",867,25:45,8:17,F 30-34/8,F-30,55,28:05,54.64%
245,Alexander Smith,"Tustin, CA",683,25:50,8:19,M 1-17/21,M-8,190,25:55,67.53%
246,Aureliana Garcia,"Santa Ana, CA",377,25:50,8:19,F 45-49/5,F-48,56,26:43,60.39%
247,Laura Landgreen,"Los Angeles, CA",496,25:51,8:20,F 25-29/11,F-26,57,26:49,54.43%
248,Jeanne Fong,"Los Angeles, CA",365,25:53,8:20,F 18-19/1,F-19,58,26:11,55.05%
249,Max Lile,"Santa Monica, CA",511,26:00,8:22,M 30-34/31,M-33,191,26:34,49.10%
250,Joel Dons,"Los Angeles, CA",338,26:04,8:24,M 25-29/27,M-26,192,26:13,48.46%
251,Carrie Chow,"Los Angeles, CA",298,26:07,8:25,F 18-19/2,F-19,59,26:26,54.56%
252,Sina Sattari,"Northridge, CA",1120,26:08,8:25,M 25-29/28,M-29,193,26:15,48.34%
253,Raul Martinez,"Carson, CA",889,26:10,8:26,M 45-49/19,M-47,194,26:15,53.78%
254,Matt Woicik,"Manhattan Beach, CA",752,26:13,8:27,M 1-17/22,M-9,195,26:21,62.87%
255,Eric Pakravan,"Los Angeles, CA",607,26:13,8:27,M 1-17/23,M-15,196,26:42,52.05%
256,Jordan Keville,"Los Angeles, CA",1125,26:14,8:27,M 30-34/32,M-31,197,27:07,48.15%
257,Thomas Heberer,"Berlin, NY",932,26:16,8:28,M 40-44/18,M-41,198,26:20,51.25%
258,Elinor Nissley,"Los Angeles, CA",593,26:18,8:28,F 35-39/7,F-36,60,26:29,54.28%
259,Maria Rodriguez,"Las Vegas, NV",644,26:19,8:29,F 30-34/9,F-30,61,26:41,53.47%
260,Michael Margolin,"Santa Monica, CA",775,26:21,8:29,M 35-39/13,M-37,199,26:45,49.72%
261,Lisa Barr,"Santa Monica, CA",236,26:22,8:29,F 30-34/10,F-34,62,26:48,53.64%
262,Sean Green,"Reseda, CA",409,26:22,8:30,M 35-39/14,M-37,200,26:32,49.68%
263,Elizabeth Farrell,"Los Angeles, CA",805,26:23,8:30,F 30-34/11,F-34,63,26:47,53.61%
264,Tina Angelotti,"Venice, CA",1113,26:23,8:30,F 30-34/12,F-33,64,26:48,53.39%
265,Laura Brill,"West Hollywood, CA",278,26:26,8:31,F 40-44/6,F-42,65,26:50,56.08%
266,Liep Goei,", ",3605,26:27,8:31,M 55-59/4,M-55,201,26:46,56.95%
267,Edward Kummer,"Santa Monica, CA",489,26:29,8:32,M 40-44/19,M-44,202,26:42,51.94%
268,Semira Chadorchi,"Los Angeles, CA",820,26:30,8:32,F 25-29/12,F-26,66,26:39,53.10%
269,Robb Word,"Long Beach, CA",755,26:35,8:34,M 40-44/20,M-44,203,26:41,51.74%
270,David Hawkins,"San Antonio, TX",425,26:36,8:34,M 50-54/12,M-52,204,26:54,55.13%
271,Joe Matias,"Los Angeles, CA",849,26:37,8:34,M 40-44/21,M-42,205,26:49,50.93%
272,Vejas Skripkus,"Santa Monica, CA",838,26:38,8:35,M 30-34/33,M-31,206,26:58,47.43%
273,Scott Thornton,"Culver City, CA",1111,26:38,8:35,M 45-49/20,M-46,207,26:46,52.43%
274,Carla Flores,"Los Angeles, CA",848,26:41,8:36,F 45-49/6,F-49,67,26:53,59.04%
275,Crystal Ramos,"North Hollywood, CA",631,26:42,8:36,F 01-17/5,F-15,68,26:47,55.51%
276,Karina Flores,"Los Angeles, CA",363,26:42,8:36,F 20-24/5,F-21,69,26:51,52.77%
277,Gary Lazer,"Santa Monica, CA",502,26:42,8:36,M 50-54/13,M-50,208,26:56,53.99%
278,Jim Winett,"Los Angeles, CA",1032,26:44,8:37,M 40-44/22,M-41,209,27:11,50.35%
279,Maya Bedi,"Santa Monica, CA",246,26:45,8:37,F 35-39/8,F-36,70,27:08,53.37%
280,Richard Escamilla,"Valencia, CA",1030,26:48,8:38,M 40-44/23,M-42,210,26:59,50.59%
281,Colleen Peach,"Riverside, CA",616,26:49,8:38,F 25-29/13,F-29,71,27:00,52.47%
282,Eric Beckman,"Los Angeles, CA",1132,26:49,8:38,M 40-44/24,M-41,211,27:04,50.20%
283,Eric Reiter,"Los Angeles, CA",1131,26:50,8:38,M 30-34/34,M-32,212,27:04,47.28%
284,Zachary Jacobs,"Los Angeles, CA",923,26:55,8:40,M 1-17/24,M-12,213,27:02,54.45%
285,Alfonso Muniz,"Downey, CA",569,26:58,8:41,M 35-39/15,M-39,214,27:04,49.23%
286,Javier R Lopez,"Downey, CA",1106,26:58,8:41,M 50-54/14,M-50,215,27:04,53.43%
287,Brett Drogmuna,"Hermosa Beach, CA",1041,27:02,8:42,M 35-39/16,M-35,216,27:24,47.83%
288,Andrew Schwartz,"Encino, CA",1136,27:03,8:43,M 20-24/15,M-23,217,27:18,46.70%
289,Chak Din,"Westminster, CA",336,27:06,8:44,M 30-34/35,M-30,218,27:22,46.61%
290,Leon S Kaakajian,"Tarzana, CA",466,27:08,8:44,M 30-34/36,M-31,219,27:36,46.55%
291,Brian Tang,"Los Angeles, CA",707,27:11,8:45,M 20-24/16,M-22,220,27:55,46.47%
292,Izzie Levinson,"Los Angeles, CA",927,27:11,8:45,F 01-17/6,F-11,72,27:23,59.11%
293,Scott Fennel,"Santa Monica, CA",1033,27:11,8:45,M NoAge/0,M-0,221,27:11, 0.00%
294,Louis Talamantes,"Canyon Country, CA",1128,27:12,8:45,M 50-54/15,M-52,222,28:03,53.91%
295,Jayme Romano,"Brea, CA",825,27:12,8:46,F 20-24/6,F-21,73,27:21,51.80%
296,Chris Earle,"Brea, CA",824,27:12,8:46,M 20-24/17,M-21,223,27:21,46.49%
297,Elise Kovi,"Lakeside, CA",485,27:15,8:47,F 18-19/3,F-19,74,27:33,52.29%
298,Bruce Vannatta,"Seal Beach, CA",3021,27:15,8:47,M 50-54/16,M-54,224,27:55,54.77%
299,Trey Howard,"Placentia, CA",773,27:16,8:47,M 1-17/25,M-11,225,27:27,55.53%
300,Manuel Mihalas,"Santa Monica, CA",551,27:18,8:47,M 20-24/18,M-24,226,27:41,46.27%
301,Mike Loumeau,"Los Angeles, CA",1140,27:18,8:47,M 45-49/21,M-46,227,28:02,51.15%
302,Colin Woicik,"Manhattan Beach, CA",751,27:18,8:48,M 1-17/26,M-8,228,27:27,63.90%
303,Jonathan Beard,"Los Angeles, CA",241,27:19,8:48,M 25-29/29,M-27,229,27:35,46.24%
304,Victoria Schwartz,"Encino, CA",666,27:20,8:48,F 25-29/14,F-25,75,27:35,51.48%
305,James Gros,"Playa Vista, CA",413,27:20,8:48,M 35-39/17,M-39,230,27:37,48.57%
306,Tracey Cox,"Los Angeles, CA",1105,27:20,8:48,F 50-54/3,F-53,76,27:42,60.16%
307,Carlos Matsuya,"Torrance, CA",812,27:20,8:48,M 50-54/17,M-54,231,27:44,54.61%
308,Nancy Johnson,"Chatham, NJ",1103,27:22,8:49,F 35-39/9,F-39,77,27:34,53.06%
309,Lionel Ruiz,"Los Angeles, CA",847,27:24,8:49,M 1-17/27,M-15,232,27:36,49.80%
310,Toni Beatty,"Los Angeles, CA",242,27:24,8:50,F 30-34/13,F-31,78,27:50,51.35%
311,Maria Muslea,"El Segundo, CA",572,27:25,8:50,F 35-39/10,F-36,79,27:33,52.07%
312,David Albrecht,"Los Angeles, CA",212,27:26,8:50,M 45-49/22,M-45,233,27:39,50.52%
313,Leda Whitmer,"Valencia, CA",925,27:27,8:50,F 55-59/1,F-56,80,27:38,62.13%
314,John Celms,"Playa Vista, CA",295,27:29,8:51,M 60-64/2,M-61,234,27:57,58.19%
315,Bob Koch,"Yorba Linda, CA",1001,27:32,8:52,M 70-99/1,M-80,235,27:39,76.74%
316,Keith Mohr,"Hermosa Beach, CA",557,27:33,8:52,M 35-39/18,M-36,236,27:55,47.24%
317,William Goodin,"Manhattan Beach, CA",402,27:34,8:53,M 60-64/3,M-60,237,27:53,57.40%
318,Nikki Giles,"Los Angeles, CA",780,27:35,8:53,F 30-34/14,F-30,81,28:02,51.01%
319,Cesar Gomez,"Lake Sherwood, CA",396,27:35,8:53,M 50-54/18,M-53,238,28:05,53.63%
320,Caitlin Gremminger,"Marina Del Rey, CA",411,27:36,8:53,F 25-29/15,F-27,82,28:00,50.98%
321,Brendan Palomo,"Los Angeles, CA",611,27:39,8:54,M 1-17/28,M-9,239,27:48,59.61%
322,Jonathan Weaver,"Santa Monica, CA",739,27:39,8:54,M 30-34/37,M-33,240,28:16,46.17%
323,Neven Karlovac,"Pacific Palisades, CA",471,27:39,8:54,M 65-69/1,M-65,241,27:54,60.50%
324,Jim Wong,"Los Angeles, CA",813,27:41,8:55,M 50-54/19,M-50,242,27:59,52.08%
325,Christopher Palomo,"Los Angeles, CA",612,27:42,8:55,M 40-44/25,M-42,243,27:52,48.94%
326,Cindy Arambula,"San Pedro, CA",855,27:47,8:57,F 20-24/7,F-22,83,28:09,50.64%
327,David Sanchez,"Burbank, CA",653,27:47,8:57,M 30-34/38,M-31,244,28:00,45.47%
328,Allison Mininsky,"Los Angeles, CA",554,27:48,8:57,F 30-34/15,F-30,84,28:07,50.61%
329,Maria Rabina,"Moorpark, CA",1019,27:48,8:57,F 20-24/8,F-23,85,28:07,50.61%
330,David Dang,", ",3640,27:53,8:59,M 40-44/26,M-40,245,28:27,47.94%
331,Shirleen Chang,"Pasadena, CA",863,27:53,8:59,F 35-39/11,F-38,86,28:06,51.76%
332,Paul Inglizian,"Venice, CA",447,27:54,8:59,M 50-54/20,M-53,246,28:10,53.02%
333,Lindsay Smith,"Tustin, CA",688,27:54,8:59,F 01-17/7,F-7,87,27:59,69.32%
334,Grace Morris,"Santa Monica, CA",901,27:55,8:59,F 25-29/16,F-28,88,28:24,50.40%
335,Billy Howard,"Placentia, CA",440,27:55,8:59,M 40-44/27,M-42,247,28:08,48.56%
336,Madison Howard,"Placentia, CA",772,27:55,9:00,F 01-17/8,F-9,89,28:08,61.84%
337,Edward Lodgen,"Encino, CA",516,27:56,9:00,M 40-44/28,M-42,248,28:06,48.53%
338,Tamara Adelman,"Santa Monica, CA",206,27:57,9:00,F 35-39/12,F-36,90,28:16,51.07%
339,Steven Shock,"Venice, CA",673,27:57,9:00,M 40-44/29,M-40,249,28:23,47.83%
340,Jason Rosenbach,"Santa Monica, CA",648,28:00,9:01,M 1-17/29,M-9,250,28:08,58.86%
341,Alan Rosenbach,"Los Angeles, CA",647,28:01,9:01,M 45-49/23,M-46,251,28:08,49.84%
342,Ybette Garcia,"Santa Ana, CA",1139,28:02,9:02,F 25-29/17,F-26,91,28:53,50.19%
343,Michelle Huynh,"Redondo Beach, CA",951,28:02,9:02,F 35-39/13,F-36,92,28:41,50.92%
344,Kris Kaufman,"Santa Monica, CA",853,28:03,9:02,F 30-34/16,F-32,93,28:25,50.16%
345,Rebecca Brunet,"Los Angeles, CA",284,28:03,9:02,F 20-24/9,F-22,94,28:17,50.16%
346,James Naglieri,"North Bergen, NJ",575,28:08,9:04,M 55-59/5,M-59,252,28:32,55.67%
347,Mayra Garcia,"Pasadena, CA",380,28:09,9:04,F 20-24/10,F-24,95,29:00,49.98%
348,Piper Dano,"Venice, CA",324,28:12,9:05,F 40-44/7,F-40,96,28:37,51.83%
349,Dax Guenther,"Santa Monica, CA",880,28:12,9:05,M 30-34/39,M-34,253,28:49,45.56%
350,Meagan Plummer,"Santa Monica, CA",881,28:12,9:05,F 25-29/18,F-25,97,28:49,49.89%
351,Lyndsey Blurton,"Hermosa Beach, CA",264,28:16,9:06,F 30-34/17,F-31,98,29:56,49.78%
352,Tanika Ebinum,"Van Nuys, CA",348,28:17,9:06,F 25-29/19,F-25,99,28:40,49.75%
353,Leonard Imada,"Los Angeles, CA",446,28:19,9:07,M 55-59/6,M-58,254,28:59,54.75%
354,Katherine Bernstei,"Sherman Oaks, CA",937,28:20,9:08,F 01-17/9,F-13,100,28:33,54.06%
355,Mark Kalmansohn,"Santa Monica, CA",886,28:21,9:08,M 50-54/21,M-54,255,28:30,52.65%
356,Israel Bautista,"Downey, CA",240,28:23,9:08,M 30-34/40,M-32,256,28:44,44.70%
357,Jeff Parong,"Lomita, CA",615,28:23,9:08,M 35-39/19,M-36,257,28:45,45.85%
358,Jared Munoz,"Montebello, CA",1026,28:28,9:10,M 1-17/30,M-12,258,29:11,51.49%
359,Paul Munoz,", ",3617,28:28,9:10,M 40-44/30,M-44,259,29:11,48.32%
360,Jayne Cuda,"Los Angeles, CA",885,28:28,9:10,F 50-54/4,F-54,101,33:11,58.45%
361,Christopher McCool,"Encino, CA",3602,28:29,9:10,M 30-34/41,M-30,260,29:14,44.35%
362,John Mullaney,"San Pedro, CA",911,28:29,9:10,M 50-54/22,M-51,261,33:11,51.04%
363,Laura Santiago,"Los Angeles, CA",656,28:29,9:11,F 30-34/18,F-32,102,29:00,49.40%
364,Daisy Kwoh,"Los Angeles, CA",493,28:31,9:11,F 20-24/11,F-24,103,28:55,49.34%
365,Howard Kugal,"Harbor City, CA",488,28:33,9:12,M 70-99/2,M-71,262,28:45,63.46%
366,Jillian Jaynes,"Pasadena, CA",456,28:38,9:13,F 25-29/20,F-29,104,29:01,49.14%
367,Christen Tobias,"Los Angeles, CA",714,28:39,9:14,F 20-24/12,F-22,105,28:58,49.11%
368,Margaret Boulton,"Los Angeles, CA",271,28:39,9:14,F 20-24/13,F-20,106,28:57,49.43%
369,Terence Oyape,"Redondo Beach, CA",603,28:44,9:15,M 40-44/31,M-42,263,28:58,47.18%
370,John A Ortiz,"San Pedro, CA",821,28:47,9:16,M 50-54/23,M-51,264,29:13,50.51%
371,Robert H Taylor,"Santa Monica, CA",1038,28:47,9:16,M 65-69/2,M-67,265,28:59,59.61%
372,Ira Smalberg,"Los Angeles, CA",952,28:59,9:20,M 40-44/32,M-41,266,29:48,46.44%
373,Sojun Hoshimoto,"Los Angeles, CA",833,29:00,9:20,M 35-39/20,M-36,267,29:36,44.87%
374,Anne Garofalo,"Venice, CA",384,29:06,9:22,F 30-34/19,F-34,107,29:36,48.60%
375,Ryan Childers,"Los Angeles, CA",297,29:07,9:23,M 25-29/30,M-26,268,29:30,43.38%
376,Suzanne Frick,"Venice, CA",370,29:07,9:23,F 50-54/5,F-50,108,29:35,54.65%
377,Stephanie Vanschai,"Los Angeles, CA",926,29:07,9:23,F 20-24/14,F-24,109,29:29,48.32%
378,Laura Breakey,"Hollywood, CA",276,29:09,9:23,F 25-29/21,F-26,110,29:44,48.27%
379,Christian Hodge,"Los Angeles, CA",3619,29:10,9:24,M 35-39/21,M-37,269,29:44,44.89%
380,Lori Hodge,"Los Angeles, CA",3620,29:11,9:24,F 30-34/20,F-32,111,29:44,48.21%
381,Ana Steenson,"Redondo Beach, CA",694,29:12,9:24,F 40-44/8,F-41,112,29:22,50.40%
382,Maggie Shin,"Pacific Palisades, CA",671,29:13,9:25,F 35-39/14,F-38,113,30:02,49.40%
383,Sean Steenson,"Redondo Beach, CA",695,29:14,9:25,M 40-44/33,M-43,270,29:25,46.71%
384,Craig Kistner,"Hollywood, CA",479,29:17,9:26,M 25-29/31,M-28,271,29:53,43.13%
385,Sharon Mexal,"Tustin, CA",902,29:18,9:26,F 30-34/21,F-30,114,29:47,48.02%
386,Michelle Biagioni,"Santa Monica, CA",259,29:21,9:27,F 50-54/6,F-51,115,29:55,54.79%
387,Ben Perez,"Sacramento, CA",930,29:21,9:27,M 30-34/42,M-30,272,29:51,43.04%
388,Dana Gray,"Los Angeles, CA",405,29:21,9:27,F 40-44/9,F-42,116,29:52,50.50%
389,Lisa Fong,"Benicia, CA",366,29:22,9:28,F 20-24/15,F-21,117,29:41,47.98%
390,Kevin Ni,"Los Angeles, CA",590,29:25,9:28,M 25-29/32,M-25,273,29:47,42.94%
391,Cayleigh Kuntz,"Stillwater, MN",490,29:30,9:30,F 01-17/10,F-15,118,29:44,50.24%
392,Kirsten Shotley,"Stillwater, MN",675,29:30,9:30,F 01-17/11,F-14,119,29:44,51.00%
393,Mike Cowan,"Thousand Oaks, CA",316,29:30,9:30,M 45-49/24,M-48,274,29:58,48.08%
394,Lionel Villanueva,", ",3636,29:30,9:30,M 55-59/7,M-55,275,30:05,51.06%
395,Cheryl Cowan,"Thousand Oaks, CA",315,29:30,9:30,F 60-64/2,F-62,120,29:58,62.90%
396,Jacqueline Lai,"Irvine, CA",495,29:30,9:30,F 20-24/16,F-24,121,29:54,47.69%
397,Rita Sanders,"Tulsa, OK",654,29:32,9:31,F 55-59/2,F-57,122,29:46,58.50%
398,Tasha Boucher,"Venice, CA",270,29:32,9:31,F 35-39/15,F-37,123,29:49,48.59%
399,Sulyn Combs,"Santa Monica, CA",310,29:33,9:31,F 35-39/16,F-36,124,30:01,48.31%
400,Anne Konnath,"Santa Monica, CA",482,29:34,9:31,F 40-44/10,F-43,125,29:56,50.48%
401,Jason Smith,"Marina Del Rey, CA",686,29:35,9:32,M 30-34/43,M-31,276,29:53,42.70%
402,Michael Nagata Md,"Santa Monica, CA",573,29:37,9:32,M 50-54/24,M-50,277,29:59,48.67%
403,Laura Marks,"Santa Monica, CA",530,29:40,9:33,F 30-34/22,F-32,126,30:26,47.43%
404,Maria Rogers,"Santa Monica, CA",1051,29:40,9:33,F 40-44/11,F-40,127,30:26,49.26%
405,Narva Blue,"Valencia, CA",263,29:40,9:33,F 55-59/3,F-55,128,29:48,56.77%
406,Joann Kennedy,"Encino, CA",3601,29:45,9:35,F 30-34/23,F-30,129,30:30,47.29%
407,Dara Holz,"Santa Monica, CA",774,29:46,9:35,F 30-34/24,F-30,130,30:22,47.27%
408,Chloe Kang,", CA",3623,29:47,9:36,F 01-17/12,F-14,131,30:09,50.51%
409,Steve Atlee,"Los Angeles, CA",228,29:48,9:36,M 40-44/34,M-42,278,30:03,45.49%
410,Jones Tidy,"Malibu, CA",712,29:48,9:36,M 1-17/31,M-12,279,30:01,49.18%
411,Michael Davis,"Santa Monica, CA",327,29:49,9:36,M 30-34/44,M-30,280,30:11,42.36%
412,Jake Wexler,"Malibu, CA",743,29:49,9:36,M 1-17/32,M-12,281,30:02,49.16%
413,Alan Wexler,"Malibu, CA",742,29:49,9:36,M 40-44/35,M-44,282,30:01,46.13%
414,Esther Watson,"Sierra Madre, CA",738,29:52,9:37,F 30-34/25,F-34,132,30:16,47.35%
415,Andrew Kaiser,"Sherman Oaks, CA",467,29:54,9:38,M 25-29/33,M-29,283,30:28,42.24%
416,Earl Brendlinger,"Canoga Park, CA",1035,29:56,9:38,M 50-54/25,M-53,284,30:43,49.41%
417,Phoebe Hsu,", ",3606,29:56,9:38,F 50-54/7,F-51,133,30:17,53.73%
418,Ardy Ghanbar,"Los Angeles, CA",909,29:58,9:39,M 25-29/34,M-26,285,30:13,42.15%
419,Ana Escamilla,"Valencia, CA",1031,29:58,9:39,F 40-44/12,F-41,134,30:08,49.11%
420,Hope Adkins,"Los Angeles, CA",908,29:58,9:39,F 25-29/22,F-28,135,30:13,46.95%
421,Julie Nakamura,", ",3646,29:59,9:39,F 50-54/8,F-50,136,32:20,53.07%
422,Anna Grissom,"Santa Monica, CA",412,30:00,9:40,F 20-24/17,F-24,137,30:18,46.90%
423,Patrizio Petrone,"Los Angeles, CA",621,30:01,9:40,M 35-39/22,M-39,286,30:09,44.23%
424,Sophie McLaughlin,"West Hollywood, CA",544,30:01,9:40,F 20-24/18,F-22,138,30:26,46.87%
425,Marci Seals,"Stevenson Ranch, CA",806,30:01,9:40,F 50-54/9,F-53,139,30:21,54.78%
426,Kim Porter,"Torrance, CA",808,30:03,9:41,F 35-39/17,F-37,140,30:35,47.76%
427,Michelle Meredith,"Torrance, CA",809,30:03,9:41,F 35-39/18,F-36,141,30:35,47.50%
428,John Conniff,"Yorba Linda, CA",894,30:03,9:41,M 45-49/25,M-46,287,30:21,46.47%
429,Paola Valdivia,"Las Vegas, NV",726,30:04,9:41,F 30-34/26,F-34,142,30:26,47.04%
430,Alexandria Harrold,"Los Angeles, CA",423,30:12,9:44,F 20-24/19,F-23,143,30:36,46.59%
431,Jess Collette,"Sunland, CA",306,30:12,9:44,M 20-24/19,M-24,288,30:54,41.82%
432,Jason Gareffa,"West Hollywood, CA",875,30:12,9:44,M 30-34/45,M-33,289,30:40,42.27%
433,Matthew Adler,"Los Angeles, CA",207,30:15,9:45,M 30-34/46,M-33,290,30:40,42.20%
434,Helen Baines,"Santa Monica, CA",802,30:18,9:45,F 40-44/13,F-44,144,30:38,49.68%
435,John Strick,"Los Angeles, CA",1045,30:18,9:45,M 35-39/23,M-37,291,32:11,43.23%
436,Brian Hendrickson,"Sunland, CA",427,30:19,9:46,M 30-34/47,M-30,292,31:01,41.66%
437,Carl Schuster,"Los Angeles, CA",662,30:20,9:46,M 50-54/26,M-53,293,30:30,48.76%
438,Daniela Simpson,"Venice, CA",682,30:22,9:47,F 30-34/27,F-31,145,35:06,46.33%
439,Sandra Munguia,"Los Angeles, CA",1137,30:23,9:47,F 25-29/23,F-29,146,30:50,46.31%
440,Jenette Kyte,"Sherman Oaks, CA",1049,30:23,9:47,F 25-29/24,F-29,147,30:51,46.31%
441,Roxanne Neal,"Los Angeles, CA",581,30:24,9:47,F 45-49/7,F-45,148,30:33,49.93%
442,Lori Culleton,"Valencia, CA",321,30:26,9:48,F 45-49/8,F-49,149,30:34,51.76%
443,Nichole Force,"Los Angeles, CA",367,30:30,9:49,F 35-39/19,F-37,150,30:53,47.05%
444,Imroz Ghangas,"Santa Monica, CA",866,30:33,9:50,M 30-34/48,M-32,294,30:46,41.53%
445,Patty Kaiser,"Sherman Oaks, CA",468,30:36,9:51,F 25-29/25,F-28,151,31:10,45.98%
446,Jonathan Decker,"N Hollywood, CA",939,30:38,9:52,M 1-17/33,M-12,295,31:07,47.84%
447,Joel Fox,"Granada Hills, CA",916,30:39,9:52,M 55-59/8,M-58,296,31:01,50.58%
448,Cailey Elliott,"Burbank, CA",872,30:40,9:53,F 01-17/13,F-14,152,31:07,49.06%
449,Ashley Lile,"Santa Monica, CA",510,30:41,9:53,F 25-29/26,F-29,153,31:17,45.85%
450,Sarah Cole,"Santa Monica, CA",874,30:41,9:53,F 30-34/28,F-30,154,31:16,45.83%
451,Christopher Kresch,"Santa Monica, CA",486,30:42,9:53,M 30-34/49,M-34,297,31:10,41.85%
452,Leanna Griffithi,"Marina Del Rey, CA",2737,30:42,9:53,F 40-44/14,F-44,155,31:09,49.04%
453,Rhonda Patton,"Los Angeles, CA",823,30:46,9:55,F 45-49/9,F-48,156,31:08,50.70%
454,Ariel Blackwood,"Los Angeles, CA",261,30:46,9:55,F 01-17/14,F-12,157,31:14,50.87%
455,Philip Mendora,", ",3632,30:49,9:55,M 45-49/26,M-47,298,31:21,45.66%
456,Magdalia Armstrong,"Santa Monica, CA",845,30:56,9:58,F 30-34/29,F-30,158,31:25,45.48%
457,Jennifer Marshall,"West Hollywood, CA",804,30:58,9:58,F 25-29/27,F-29,159,31:34,45.43%
458,Miguel Gonzalez,"Santa Monica, CA",400,30:59,9:59,M 45-49/27,M-46,299,31:05,45.07%
459,David Sullivan,"Los Angeles, CA",699,31:00,9:59,M 35-39/24,M-36,300,31:34,41.98%
460,Amish Patel,"Los Angeles, CA",819,31:00,9:59,M 25-29/35,M-28,301,31:34,40.74%
461,Alexis Goubran,"Santa Monica, CA",404,31:01,9:59,F 25-29/28,F-27,160,31:28,45.36%
462,Karla Alonzo,"Alhambra, CA",215,31:02,10:00,F 30-34/30,F-32,161,31:14,45.34%
463,Elissa Brown,"Santa Monica, CA",280,31:04,10:00,F 01-17/15,F-11,162,31:22,51.72%
464,Elizabeth James,"Los Angeles, CA",453,31:04,10:00,F 25-29/29,F-28,163,31:29,45.29%
465,Sonia Ottusch,"Malibu, CA",929,31:05,10:01,F 45-49/10,F-47,164,31:20,49.71%
466,Aaron Alexander,"California City, CA",213,31:08,10:02,M 1-17/34,M-14,302,31:29,44.73%
467,Diana Zavala,"Los Angeles, CA",759,31:10,10:02,F 18-19/4,F-19,165,33:45,45.71%
468,Cheryl Law,"El Segundo, CA",3621,31:10,10:02,F 40-44/15,F-41,166,31:43,47.21%
469,Ken Schuelr,"Santa Monica, CA",941,31:12,10:03,M 65-69/3,M-65,303,31:28,53.65%
470,Eileen Morgenstern,"Hesperia, CA",1109,31:13,10:03,F 35-39/20,F-39,167,31:21,46.51%
471,Cheryl Kuo,"Los Angeles, CA",807,31:16,10:04,F 30-34/31,F-30,168,32:16,44.97%
472,Meredith Goldenstern,"Manhattan Beach, CA",395,31:17,10:04,F 30-34/32,F-33,169,32:16,45.02%
473,Jennifer Ramirez,"Panorama City, CA",629,31:18,10:05,F 25-29/30,F-25,170,33:53,44.95%
474,Joe Deperine,"Newport Beach, CA",935,31:19,10:05,M 25-29/36,M-25,304,31:29,40.33%
475,D'Lynda Fischer,"Venice, CA",356,31:23,10:06,F 45-49/11,F-48,171,31:51,49.70%
476,Candace Macatangay,"Los Angeles, CA",525,31:23,10:06,F 20-24/20,F-22,172,38:26,44.83%
477,Delia Mendoza,"Tarzana, CA",1013,31:26,10:07,F 55-59/4,F-56,173,31:32,54.25%
478,Aj Konnath,"Santa Monica, CA",481,31:27,10:08,M 1-17/35,M-12,305,31:47,46.60%
479,Grant Talamantes,"Burbank, CA",1129,31:27,10:08,M 20-24/20,M-23,306,32:15,40.16%
480,Mason Purece,"Castaic, CA",897,31:27,10:08,M 1-17/36,M-7,307,31:48,59.54%
481,Todd Jaron,"Simi Valley, CA",898,31:27,10:08,M 30-34/50,M-33,308,31:48,40.57%
482,Connie Armstrong,"Culver City, CA",3608,31:28,10:08,F 45-49/12,F-46,174,31:53,48.66%
483,Billy Shaffer,"Santa Monica, CA",862,31:33,10:10,M 1-17/37,M-10,309,34:53,49.87%
484,Eric Coe,"Redondo Beach, CA",305,31:34,10:10,M 30-34/51,M-33,310,32:05,40.44%
485,Leslie Shaffer,"Santa Monica, CA",860,31:34,10:10,F 40-44/16,F-43,175,34:53,47.31%
486,Shelley Bettger,"Redondo Beach, CA",258,31:34,10:10,F 40-44/17,F-44,176,32:06,47.69%
487,William Rehor,"Culver City, CA",635,31:45,10:14,M 35-39/25,M-38,311,32:27,41.53%
488,Candy Crqciani,"Los Angeles, CA",1009,31:48,10:15,F 35-39/21,F-35,177,32:22,44.67%
489,Manali Shendrikar,"Santa Monica, CA",669,31:49,10:15,F 30-34/33,F-34,178,32:12,44.45%
490,Scott Konnath,"Santa Monica, CA",484,31:52,10:16,M 40-44/36,M-43,312,32:13,42.85%
491,Austin Konnath,"Santa Monica, CA",483,31:52,10:16,M 1-17/38,M-8,313,32:13,54.73%
492,Bill Denecour,"Santa Monica, CA",829,31:55,10:17,M 70-99/3,M-70,314,33:11,55.96%
493,Lynn Rakowsky,"Los Angeles, CA",627,32:02,10:19,F 35-39/22,F-38,179,32:38,45.05%
494,Ashlee Patten,"Redlands, CA",1040,32:06,10:20,F 40-44/18,F-40,180,32:46,45.53%
495,Maggie Chujo,"Los Angeles, CA",299,32:06,10:20,F 25-29/31,F-26,181,32:17,43.83%
496,Dani McGinnis,"Hidden Hills, CA",540,32:08,10:21,F 01-17/16,F-11,182,32:38,50.00%
497,Emeka Dillib,"Los Angeles, CA",950,32:12,10:22,M 35-39/26,M-37,315,34:05,40.68%
498,Ian Gocka,"Woodland Hills, CA",1055,32:12,10:22,M 40-44/37,M-43,316,36:31,42.40%
499,Jaime Medina,"Sherman Oaks, CA",547,32:15,10:23,M 25-29/37,M-28,317,32:53,39.16%
500,Kim Tran,"Chino, CA",718,32:15,10:23,M 20-24/21,M-23,318,32:59,39.16%
501,Leonard Walts,"Los Angeles, CA",1005,32:17,10:24,M 70-99/4,M-78,319,32:29,62.95%
502,Mario Ambush,"Los Angeles, CA",1016,32:18,10:24,M 70-99/5,M-73,320,32:18,57.80%
503,Martha Rich,"Pasadena, CA",638,32:18,10:24,F 40-44/19,F-44,183,32:42,46.61%
504,Diza Burnett,"Los Angeles, CA",1123,32:25,10:26,F 35-39/23,F-36,184,32:43,44.03%
505,Dave Berz,"Northridge, CA",257,32:28,10:27,M 35-39/27,M-37,321,32:45,40.34%
506,Arsiyanti Ardie,"Venice, CA",222,32:38,10:31,F 30-34/34,F-31,185,33:00,43.11%
507,Lindsay Short,"Venice, CA",674,32:52,10:35,F 25-29/32,F-29,186,33:20,42.81%
508,Dayton Woodard,"Los Angeles, CA",754,32:54,10:36,M 30-34/52,M-30,322,33:26,38.39%
509,Rachel Bonkovsky,"Los Angeles, CA",269,32:56,10:36,F 30-34/35,F-33,187,33:41,42.77%
510,Lileny Garcia,"Santa Ana, CA",379,32:56,10:36,F 20-24/21,F-24,188,33:48,42.72%
511,Nina Adatia,"Los Angeles, CA",205,32:58,10:37,F 25-29/33,F-25,189,33:51,42.68%
512,Lisa Webb,"Redondo Beach, CA",740,32:58,10:37,F 30-34/36,F-34,190,33:21,42.90%
513,John Mills,"Los Angeles, CA",553,32:59,10:37,M 30-34/53,M-32,323,33:51,38.46%
514,Charles Tan,"Rosemead, CA",705,33:01,10:38,M 35-39/28,M-36,324,33:45,39.41%
515,Cindy Alvarez,"Pacific Palisades, CA",218,33:05,10:39,F 25-29/34,F-25,191,33:31,42.52%
516,Tamara Riggioni,"Simi Valley, CA",639,33:08,10:40,F 35-39/24,F-38,192,33:41,43.56%
517,Dahlia Reinkopf,"West Hollywood, CA",637,33:12,10:41,F 25-29/35,F-27,193,33:31,42.38%
518,Kathy Sun,"San Marino, CA",700,33:12,10:42,F 20-24/22,F-23,194,33:50,42.38%
519,Miki Inaoka,"Los Angeles, CA",769,33:17,10:43,F 40-44/20,F-42,195,33:30,44.53%
520,Alina Vradiy,"Los Angeles, CA",734,33:17,10:43,F 20-24/23,F-24,196,33:34,42.27%
521,Ian Brooks,"Glendale, CA",279,33:17,10:43,M 30-34/54,M-31,325,33:34,37.95%
522,Matt Beliveau,", ",3610,33:24,10:45,M 30-34/55,M-32,326,34:06,37.98%
523,Brian Ng,"Los Angeles, CA",2472,33:25,10:46,M 30-34/56,M-31,327,33:52,37.80%
524,Jenny Chang,"Los Angeles, CA",2122,33:25,10:46,F 25-29/36,F-26,197,33:53,42.10%
525,Chris Gronowski,"Fullerton, CA",920,33:27,10:46,M 35-39/29,M-38,328,33:31,39.42%
526,Anneke Van Hoesel,"Playa Del Rey, CA",878,33:32,10:48,F 25-29/37,F-26,198,34:08,41.95%
527,Tish Starbuck,"Malibu, CA",693,33:33,10:48,F 55-59/5,F-57,199,33:49,51.49%
528,Arlene Johnson,"Woodland Hills, CA",461,33:33,10:48,F 35-39/25,F-36,200,34:23,42.55%
529,Tom Segotta,"Los Angeles, CA",947,33:33,10:48,M 45-49/28,M-45,329,34:11,41.30%
530,Gordon Uppman,"Canyon Country, CA",1036,33:34,10:49,M 70-99/6,M-70,330,34:01,53.21%
531,Catherine Bacsak,"Santa Monica, CA",229,33:35,10:49,F 35-39/26,F-36,201,34:07,42.50%
532,Chuck Shumar,"Los Angeles, CA",678,33:36,10:49,M 50-54/27,M-52,331,33:55,43.64%
533,Daniel Logue,"Norwalk, CA",518,33:40,10:50,M 25-29/38,M-28,332,33:59,37.52%
534,Elina Kavouridi,"Los Angeles, CA",472,33:42,10:51,F 30-34/37,F-31,202,33:57,41.75%
535,Rodrigo Paes Barreto,"Los Angeles, CA",606,33:42,10:51,M 30-34/57,M-34,333,33:56,38.12%
536,Sophia Bairley,"Winter Haven, FL",230,33:44,10:52,F 01-17/17,F-13,203,34:13,45.40%
537,Rozlyn Miranda,"Encino, CA",1027,33:46,10:52,F 35-39/27,F-36,204,33:59,42.27%
538,Cori Elliott,"Burbank, CA",871,33:46,10:53,F 01-17/18,F-16,205,34:15,43.32%
539,Rebecca Beck,"Ventura, CA",244,33:51,10:54,F 30-34/38,F-32,206,34:26,41.56%
540,Daniel Beck,"Ventura, CA",243,33:51,10:54,M 30-34/58,M-34,334,34:26,37.95%
541,Susan Corral,"San Bernardino, CA",1121,33:53,10:55,F 30-34/39,F-31,207,34:13,41.52%
542,Britta Grayman,"Rancho Mirage, CA",406,33:55,10:55,F 20-24/24,F-20,208,34:27,41.75%
543,Angie Din,"Westminster, CA",335,33:56,10:56,F 30-34/40,F-31,209,34:13,41.46%
544,Carver Karaszewski,"Los Angeles, CA",1126,33:56,10:56,F 01-17/19,F-14,210,34:10,44.33%
545,Karen Hallsman,"Sherman Oaks, CA",420,33:57,10:56,F 35-39/28,F-36,211,34:34,42.04%
546,Tiffany Grunwald,"Los Angeles, CA",783,33:59,10:57,F 40-44/21,F-40,212,34:44,43.00%
547,Sophia Odegaard,"West Hollywood, CA",1029,34:05,10:58,F 01-17/20,F-13,213,34:19,44.94%
548,Liam Casey,"Toluca Lake, CA",1117,34:05,10:59,M 1-17/39,M-13,335,34:20,41.83%
549,Julie Calderon,"Apple Valley, CA",924,34:09,11:00,F 35-39/29,F-39,214,34:17,42.52%
550,Becky Wagner,"Burbank, CA",854,34:10,11:00,F 35-39/30,F-39,215,34:48,42.50%
551,Holly Self,"Coolidge, AZ",668,34:11,11:00,F 25-29/38,F-28,216,34:48,41.16%
552,Sharon Tsuhako,"North Hollywood, CA",722,34:13,11:01,F 35-39/31,F-39,217,34:30,42.43%
553,Aliza Niakyin,"Los Angeles, CA",591,34:15,11:02,F 40-44/22,F-42,218,34:46,43.27%
554,Shelli Paletz,"Los Angeles, CA",609,34:20,11:03,F 35-39/32,F-38,219,35:04,42.03%
555,Jon Biel,"Santa Monica, CA",260,34:22,11:04,M 35-39/30,M-37,336,34:59,38.11%
556,Michelle Harriman,"Marina Del Rey, CA",422,34:23,11:04,F 30-34/41,F-31,220,34:42,40.92%
557,Daniel Smith,"Burbank, CA",684,34:24,11:05,M 35-39/31,M-39,337,35:03,38.59%
558,Carl Spangler,"Placentia, CA",915,34:26,11:05,M 25-29/39,M-26,338,34:37,36.68%
559,Mark Eicker,"Marina Del Rey, CA",1028,34:32,11:07,M 35-39/32,M-37,339,34:45,37.93%
560,Peter Scholze,"Santa Monica, CA",661,34:33,11:08,M 30-34/59,M-31,340,35:19,36.56%
561,Lynda Little,"Palmdale, CA",514,34:35,11:08,F 50-54/10,F-54,221,35:18,48.11%
562,Shaina Pakravan,"Los Angeles, CA",608,34:39,11:10,F 01-17/21,F-15,222,35:09,42.77%
563,Allison Ankrom,"Hidden Hills, CA",858,34:42,11:10,F 20-24/25,F-22,223,35:12,40.54%
564,Steven Colquhoun,"Los Angeles, CA",309,34:51,11:13,M 50-54/28,M-51,341,35:29,41.71%
565,Katharine Najarian,"Studio City, CA",577,34:57,11:15,F 35-39/33,F-39,224,35:26,41.54%
566,Julie Davis,"Santa Monica, CA",1133,34:57,11:15,F 25-29/39,F-29,225,35:19,40.25%
567,Brynn Bailey,"Santa Monica, CA",1048,35:00,11:16,F 25-29/40,F-26,226,35:27,40.20%
568,Hazel Uytioco,"Northridge, CA",725,35:01,11:17,F 30-34/42,F-33,227,35:15,40.22%
569,Carrie Logue,"Norwalk, CA",517,35:02,11:17,F 25-29/41,F-26,228,35:22,40.16%
570,Patrick Huggins,"Los Angeles, CA",1023,35:02,11:17,M 1-17/40,M-12,342,35:42,41.83%
571,Katie Ukkestal,"Canyon Country, CA",1127,35:08,11:19,F 35-39/34,F-38,229,35:55,41.08%
572,Abby Bennett,"Santa Monica, CA",781,35:09,11:19,F 25-29/42,F-28,230,35:46,40.02%
573,Alejandra Ramos,"North Hollywood, CA",630,35:09,11:19,F 01-17/22,F-17,231,35:14,41.19%
574,Emilia Santiago,"Los Angeles, CA",655,35:23,11:24,F 25-29/43,F-25,232,37:58,39.76%
575,Tamara Welch,"Redondo Beach, CA",741,35:29,11:26,F 25-29/44,F-28,233,41:06,39.65%
576,Deana Arutyunyan,"Los Angeles, CA",227,35:29,11:26,F 25-29/45,F-29,234,36:11,39.65%
577,Alberto Alpasan,"Burbank, CA",216,35:31,11:26,M 35-39/33,M-35,343,36:11,36.40%
578,Karla Diaz,"Santa Monica, CA",334,35:31,11:26,F 30-34/43,F-32,235,35:45,39.59%
579,Sherry Steinberg,"Santa Monica, CA",696,35:38,11:28,F 70-99/1,F-70,236,36:00,59.92%
580,Hector Lantin,"Los Angeles, CA",497,35:42,11:30,M 35-39/34,M-35,344,35:55,36.21%
581,Anne Flores,"Los Angeles, CA",361,35:50,11:32,F 25-29/46,F-27,237,36:31,39.26%
582,Desiree Stephenson,"Santa Monica, CA",1047,35:54,11:34,F 25-29/47,F-29,238,36:18,39.19%
583,Jennifer Smith,"Santa Monica, CA",687,35:54,11:34,F 25-29/48,F-28,239,36:19,39.19%
584,George Levy,"West Hills, CA",506,35:57,11:35,M 55-59/9,M-56,345,36:09,42.29%
585,Creedance Kresch,"Santa Monica, CA",487,35:57,11:35,F 25-29/49,F-29,240,36:29,39.13%
586,Alex Bokal,"Redondo Beach, CA",267,36:01,11:36,M 35-39/35,M-35,346,36:35,35.89%
587,Tammy Bokal,"Los Angeles, CA",268,36:07,11:38,F 35-39/35,F-35,241,36:41,39.33%
588,Jenny Arevalo,"California City, CA",223,36:09,11:38,F 01-17/23,F-14,242,36:35,41.61%
589,Brett Juarez,"California City, CA",464,36:10,11:39,F 01-17/24,F-14,243,36:35,41.59%
590,Audrey Williams,"Los Angeles, CA",747,36:15,11:40,F 35-39/36,F-35,244,36:47,39.18%
591,Alice Kim,"Pasadena, CA",476,36:27,11:44,F 30-34/44,F-30,245,37:00,38.58%
592,Hank Owen,"Santa Monica, CA",602,36:30,11:45,M 55-59/10,M-56,347,37:12,41.65%
593,Michaela Shotley,"Stillwater, MN",677,36:30,11:45,F 01-17/25,F-11,246,36:56,44.02%
594,Christine Johnson,"Culver City, CA",462,36:30,11:45,F 40-44/23,F-42,247,37:12,40.60%
595,Gerald Kuntz,"Stillwater, MN",491,36:32,11:46,M 45-49/29,M-48,348,36:58,38.82%
596,Marsha Shotley,"Stillwater, MN",676,36:32,11:46,F 40-44/24,F-42,248,36:58,40.57%
597,Blanca Lopez,"Santa Monica, CA",1119,36:34,11:47,F 30-34/45,F-34,249,37:05,38.67%
598,Emily Gutierrez,"Santa Monica, CA",1118,36:34,11:47,F 30-34/46,F-33,250,37:05,38.52%
599,David Garza,"Culver City, CA",388,36:35,11:47,M 25-29/40,M-29,349,36:50,34.52%
600,Grace Garza,"Culver City, CA",389,36:35,11:47,F 25-29/50,F-27,251,36:51,38.45%
601,Amanda Elliott,"Santa Monica, CA",352,36:43,11:49,F 25-29/51,F-25,252,37:17,38.31%
602,Ashley Aruda,"Los Angeles, CA",226,36:43,11:49,F 20-24/26,F-22,253,36:57,38.31%
603,Stephanie Vieron,"Culver City, CA",732,36:45,11:50,F 20-24/27,F-24,254,37:15,38.28%
604,Jennifer Abalos,"Los Angeles, CA",201,36:45,11:50,F 20-24/28,F-24,255,37:15,38.28%
605,Leigh Parker,"Los Angeles, CA",614,36:46,11:51,F 45-49/13,F-48,256,37:32,42.40%
606,Raul Paredes,"La Puente, CA",836,36:48,11:51,M 35-39/36,M-37,350,37:22,35.59%
607,Harold Willis,"Redlands, CA",1037,36:51,11:52,M 70-99/7,M-80,351,37:32,57.33%
608,Rick Brown,"Pacific Palisades, CA",931,36:59,11:55,M 45-49/30,M-48,352,37:39,38.35%
609,Lorelei Duterte,"Los Angeles, CA",346,37:11,11:58,F 30-34/47,F-34,257,37:45,38.03%
610,Lourdas Brown,"Cerritos, CA",281,37:12,11:59,F 40-44/25,F-42,258,41:32,39.84%
611,Mariana Furtado,"Los Angeles, CA",371,37:22,12:02,F 25-29/52,F-29,259,37:56,37.65%
612,Grace Gonzales,"Glendale, CA",399,37:23,12:02,F 35-39/37,F-37,260,38:01,38.38%
613,Jennifer Maloney,"Santa Monica, CA",527,37:25,12:03,F 30-34/48,F-31,261,37:59,37.60%
614,Judy Bruan,"Lake Elsinore, CA",283,37:32,12:05,F 35-39/38,F-36,262,38:12,38.03%
615,Charlotte Huggins,"Los Angeles, CA",1025,37:32,12:05,F 45-49/14,F-49,263,38:12,41.94%
616,Samuel Shaf,"Santa Monica, CA",859,37:36,12:07,M 1-17/41,M-7,353,40:55,49.80%
617,Jeanne Conklin,"Los Angeles, CA",2142,37:38,12:07,F 60-64/3,F-64,264,37:54,50.89%
618,Tamela Eskridge,"Los Angeles, CA",2200,37:38,12:07,F 55-59/6,F-59,265,37:53,47.17%
619,Michael Berman,"Glendale, CA",1008,37:44,12:09,M 50-54/29,M-50,354,38:15,38.20%
620,Lucille Ito,"Corona Del Mar, CA",449,37:44,12:09,F 45-49/15,F-47,266,38:15,40.95%
621,Ken Fleming,"Palos Verdes Estates, CA",949,37:51,12:11,M 35-39/37,M-37,355,39:49,34.60%
622,Sean Hayes,"Sherman Oaks, CA",426,37:52,12:12,M 40-44/38,M-40,356,38:42,35.30%
623,Melissa Thomas,"Torrance, CA",811,37:55,12:12,F 18-19/5,F-19,267,38:26,37.57%
624,Caroline Connelly,"Los Angeles, CA",311,37:56,12:13,F 50-54/11,F-52,268,38:35,42.86%
625,Wendy Cowan,"Los Angeles, CA",946,38:00,12:14,F 40-44/26,F-44,269,38:38,39.61%
626,Nicole McGinnis,"Hidden Hills, CA",542,38:07,12:17,F 01-17/26,F-7,270,38:37,50.76%
627,John McGinnis,"Hidden Hills, CA",541,38:07,12:17,M 45-49/31,M-46,357,38:38,36.61%
628,Shahrokh Mokhtarzadeh,"Los Angeles, CA",560,38:23,12:22,M 45-49/32,M-46,358,39:07,36.37%
629,Jonah Mokhtarzadeh,"Los Angeles, CA",558,38:24,12:22,M 1-17/42,M-9,359,39:08,42.91%
630,Nathan Mokhtarzadeh,"Los Angeles, CA",559,38:24,12:22,M 1-17/43,M-10,360,39:07,40.97%
631,Kate Rogers,"Venice, CA",2540,38:27,12:23,F 25-29/53,F-27,271,38:45,36.59%
632,Louise Tsukahara,"Los Angeles, CA",832,38:28,12:23,F 45-49/16,F-48,272,39:00,40.54%
633,Debbie Heller,"Los Angeles, CA",936,38:28,12:23,F 40-44/27,F-41,273,38:46,38.25%
634,Celeste Dunlap,"San Bernardino, CA",1122,38:39,12:27,F 35-39/39,F-37,274,38:58,37.11%
635,Adam Idica,"Los Angeles, CA",445,38:43,12:28,M 25-29/41,M-25,361,39:20,32.62%
636,Elizabeth Ahumada,"Whittier, CA",210,39:02,12:34,F 55-59/7,F-59,275,39:31,45.47%
637,Deanne Weiser,", ",3637,39:09,12:36,F 40-44/28,F-44,276,39:50,38.45%
638,Robert Orlan,", ",3638,39:10,12:37,M 45-49/33,M-47,362,39:50,35.92%
639,Pasha Vafaee,"Los Angeles, CA",1114,39:11,12:37,M 1-17/44,M-12,363,39:29,37.40%
640,Suset Vega,"Irvine, CA",1046,39:15,12:38,F 25-29/54,F-28,277,39:51,35.84%
641,Brian Galli,"Playa Vista, CA",375,39:16,12:39,M 35-39/38,M-35,364,39:51,32.92%
642,Michelle Furtney-Goodman,"Los Angeles, CA",372,39:17,12:39,F 35-39/40,F-36,278,40:16,36.33%
643,Charizma Otterson,"Los Angeles, CA",601,39:17,12:39,F 30-34/49,F-32,279,40:16,35.81%
644,Clete Key,", ",3611,39:17,12:39,M 55-59/11,M-56,365,40:00,38.70%
645,Frank Vafaee,"Los Angeles, CA",2906,39:20,12:40,M 50-54/30,M-50,366,39:38,36.65%
646,Karla Ramos,"North Hollywood, CA",632,39:20,12:40,F 35-39/41,F-39,280,39:26,36.91%
647,Roberto Carrillo,"Sun City, CA",890,39:29,12:43,M 65-69/4,M-66,367,39:33,42.91%
648,Nory Candelario,"Santa Monica, CA",291,39:40,12:46,F 35-39/42,F-35,281,40:09,35.81%
649,Susie Villanueva,", ",3635,39:47,12:48,F 55-59/8,F-56,282,40:06,42.86%
650,Molly Fast,"Santa Monica, CA",354,39:49,12:49,F 25-29/55,F-28,283,40:27,35.33%
651,Britney Lynch,"Alhambra, CA",523,40:05,12:54,F 01-17/27,F-13,284,40:49,38.21%
652,Eileen Deng,"Los Angeles, CA",332,40:11,12:56,F 25-29/56,F-26,285,40:49,35.01%
653,Troy Lynch,"Alhambra, CA",834,40:11,12:57,M 35-39/39,M-39,368,40:55,33.02%
654,Pauletta Kaufman,"Culver City, CA",826,40:15,12:58,F 40-44/29,F-42,286,40:39,36.82%
655,Sandra Lynch,"Alhambra, CA",835,40:15,12:58,F 35-39/43,F-39,287,41:00,36.07%
656,Martha Garske,"Los Angeles, CA",385,40:25,13:01,F 40-44/30,F-42,288,40:25,36.67%
657,Enrique Dondonay,"Alhambra, CA",337,40:29,13:02,M 30-34/60,M-33,369,40:41,31.53%
658,Rebecca Zuzow,"Beverly Hills, CA",761,40:31,13:03,F 25-29/57,F-27,289,46:13,34.72%
659,Isabel Clements,"Los Angeles, CA",303,40:48,13:08,F 01-17/28,F-8,290,41:27,44.47%
660,Madeline Lester,"Woodland Hills, CA",766,40:48,13:08,F 01-17/29,F-11,291,41:27,39.37%
661,Justina Bantilan,"Venice, CA",234,40:49,13:08,F 25-29/58,F-28,292,40:49,34.46%
662,Olivia Lester,"Woodland Hills, CA",767,40:49,13:09,F 01-17/30,F-7,293,41:28,47.40%
663,Lisa Clements,"Los Angeles, CA",304,40:49,13:09,F 40-44/31,F-42,294,41:28,36.31%
664,Pateel Boyajian,"West Hills, CA",777,40:52,13:10,F 30-34/50,F-32,295,41:40,34.42%
665,Harry Ayvazia,"Sherman Oaks, CA",922,40:52,13:10,M 50-54/31,M-54,370,41:40,36.51%
666,Stephanie Saravia,"Los Angeles, CA",658,41:17,13:17,F 30-34/51,F-34,296,42:08,34.25%
667,Carmen Garay,"Santa Monica, CA",914,41:19,13:18,F 55-59/9,F-56,297,41:46,41.27%
668,Sheryl Lester,"Woodland Hills, CA",504,41:20,13:19,F 40-44/32,F-43,298,42:00,36.13%
669,Rand Bellows,"Denver, CO",254,41:36,13:24,M 55-59/12,M-55,371,42:22,36.20%
670,Jaime Medina,"Sherman Oaks, CA",546,41:39,13:25,M 25-29/42,M-25,372,42:19,30.32%
671,Susan Nakashima,"Los Angeles, CA",1015,41:40,13:25,F 45-49/17,F-49,299,42:31,37.80%
672,Stacie Neroni,"Culver City, CA",583,41:41,13:25,F 35-39/44,F-39,300,42:32,34.83%
673,Antonio Sanchez,", ",3615,41:55,13:30,M 40-44/39,M-42,373,42:04,32.34%
674,Anne Bellows,"Santa Monica, CA",2054,42:09,13:34,F 30-34/52,F-34,301,42:56,33.55%
675,Ml Lincoln,"Jerome, AZ",513,42:09,13:34,F 50-54/12,F-50,302,42:56,37.73%
676,Van Garner,"Claremont, CA",918,42:12,13:35,M 60-64/4,M-62,374,42:59,38.31%
677,Melanie Robinson,"Los Angeles, CA",864,42:28,13:41,F 30-34/53,F-33,303,43:24,33.16%
678,Lise Hill,"Santa Monica, CA",432,42:31,13:41,F 45-49/18,F-49,304,43:00,37.04%
679,Vera Fleischman,"Los Angeles, CA",358,42:32,13:42,F 60-64/4,F-61,305,42:59,42.96%
680,Gabriela Vega,"Santa Monica, CA",730,42:34,13:42,F 35-39/45,F-37,306,43:00,33.71%
681,Natai Matlock,"Santa Monica, CA",535,42:34,13:43,F 55-59/10,F-56,307,43:01,40.06%
682,Claudia Schafer,"Santa Monica, CA",660,42:59,13:51,F 60-64/5,F-60,308,43:25,41.89%
683,Viral Mehta,"Torrance, CA",548,43:28,14:00,M 25-29/43,M-28,375,44:12,29.05%
684,Carol Dang,", ",3641,43:34,14:02,F 50-54/13,F-50,309,43:53,36.52%
685,Allison Garcia,"Santa Monica, CA",376,43:44,14:05,F 30-34/54,F-30,310,44:17,32.17%
686,Stephen Garcia,"Santa Monica, CA",382,43:44,14:05,M 25-29/44,M-29,376,44:17,28.88%
687,Chris Flanagan,"Los Angeles, CA",782,44:08,14:13,M 30-34/61,M-31,377,44:50,28.62%
688,Sarah Mathey,", ",3648,44:22,14:17,F 40-44/33,F-41,311,46:43,33.16%
689,Rick Solt,", ",3647,44:22,14:17,M 55-59/13,M-56,378,46:43,34.26%
690,Jerry Zerg,"Los Angeles, CA",760,44:23,14:18,M 70-99/8,M-80,379,45:11,47.60%
691,Liana Liberato,"Galveston, TX",508,44:31,14:20,F 01-17/31,F-12,312,44:59,35.15%
692,Marissa Swentkowsky,"Los Angeles, CA",704,44:31,14:20,F 01-17/32,F-13,313,44:59,34.40%
693,Josel Perez,"Glendale, CA",948,44:33,14:21,M 65-69/5,M-69,380,45:11,39.54%
694,Camille Schutzman,"Los Angeles, CA",664,44:33,14:21,F 01-17/33,F-11,314,45:11,36.05%
695,Dolores Schutzman,"Los Angeles, CA",665,44:40,14:23,F 40-44/34,F-40,315,45:18,32.71%
696,Emily Alpert,"Los Angeles, CA",217,44:47,14:25,F 25-29/59,F-27,316,45:04,31.41%
697,Nona Bararsani,"Manhattan Beach, CA",235,44:48,14:25,F 25-29/60,F-28,317,45:24,31.40%
698,Megan Driscoll,"Santa Monica, CA",340,44:48,14:25,F 30-34/55,F-32,318,45:24,31.40%
699,Kristie Kosmides,"Los Angeles, CA",1134,44:51,14:27,F 30-34/56,F-32,319,45:21,31.36%
700,Nick Ramos,"Santa Monica, CA",633,44:59,14:29,M 25-29/45,M-27,381,45:44,28.07%
701,Veronica Jauregui,"Santa Monica, CA",455,45:00,14:29,F 25-29/61,F-29,320,45:45,31.26%
702,Geraldine Villegas,"Los Angeles, CA",733,45:05,14:31,F 35-39/46,F-38,321,45:21,32.01%
703,Patrick Zvara,"Los Angeles, CA",762,45:05,14:31,M 40-44/40,M-40,382,45:21,29.64%
704,Thomas Blum,"Pasadena, CA",1002,45:18,14:35,M 65-69/6,M-69,383,46:05,38.88%
705,Jennifer Reed,"Los Angeles, CA",634,45:25,14:37,F 30-34/57,F-30,322,45:25,30.97%
706,Kim Anway-Anastasia,"Marina Del Rey, CA",220,45:29,14:39,F 55-59/11,F-55,323,46:15,37.02%
707,Laura Davidson,"Los Angeles, CA",325,45:46,14:44,F 30-34/58,F-33,324,46:42,30.77%
708,Andre Soetjahja,"La Habra, CA",691,46:16,14:54,M 25-29/46,M-28,384,46:16,27.30%
709,Karen Albanese,"La Canada, CA",211,46:27,14:57,F 35-39/47,F-37,325,47:12,30.89%
710,Renee Camarena,"Whittier, CA",289,46:29,14:58,F 25-29/62,F-28,326,49:42,30.26%
711,Andy Nauli,"Alhambra, CA",579,46:36,15:00,M 30-34/62,M-30,385,46:36,27.10%
712,Lynn Barzan,"Yucaipa, CA",237,46:37,15:01,F 50-54/14,F-53,327,47:13,35.27%
713,Ray Wolffe,"Sunland, CA",753,47:13,15:12,M 50-54/32,M-53,386,47:54,31.32%
714,Liliana Vides,"Pacific Palisades, CA",731,47:14,15:12,F 25-29/63,F-29,328,47:39,29.78%
715,Noelle Collette,"Sunland, CA",307,47:16,15:13,F 50-54/15,F-51,329,47:59,34.02%
716,Ran Bellows,"Golden, CO",253,47:55,15:26,M 70-99/9,M-79,387,48:47,43.22%
717,Lisa Acker,"Jerome, AZ",203,47:56,15:26,F 45-49/19,F-49,330,48:47,32.86%
718,Clancy Martel,"Los Angeles, CA",532,47:59,15:27,F 65-69/1,F-65,331,48:45,40.58%
719,Dela Eftekhar,"Santa Monica, CA",349,48:03,15:28,F 01-17/34,F-15,332,48:03,30.84%
720,Judy Lin,"Santa Monica, CA",512,48:15,15:32,F 55-59/12,F-57,333,48:15,35.80%
721,Lalita Nordquist,"Thousand Oaks, CA",594,48:24,15:35,F 30-34/59,F-34,334,49:07,29.20%
722,Marta Carrillo,"Morgan Hill, CA",294,48:51,15:44,F 55-59/13,F-58,335,48:55,35.83%
723,Carolina Davila,"Sherman Oaks, CA",326,49:26,15:55,F 18-19/6,F-19,336,50:04,28.82%
724,Cathy Strull,"Encino, CA",954,49:40,16:00,F 50-54/16,F-52,337,51:43,32.73%
725,Roger Strull,"Encino, CA",1052,49:41,16:00,M 55-59/14,M-55,388,51:43,30.31%
726,Sylvia Carrillo,"Santa Monica, CA",1053,49:56,16:05,F 35-39/48,F-36,338,52:49,28.58%
727,Margot Carrillo,"Orange, CA",1054,49:56,16:05,F 60-64/6,F-61,339,52:50,36.59%
728,Peggy Holten-Oyape,"Redondo Beach, CA",438,50:54,16:23,F 40-44/35,F-40,340,51:43,28.71%
729,Virginia Garner,"Claremont, CA",1102,51:11,16:29,F 60-64/7,F-62,341,52:01,36.24%
730,Amy Jaron,"Simi Valley, CA",900,51:16,16:31,F 01-17/35,F-8,342,51:41,35.38%
731,Hayley Smith,"Castaic, CA",896,51:17,16:31,F 30-34/60,F-34,343,51:42,27.57%
732,Ashley Jaron,"Simi Valley, CA",899,51:22,16:32,F 01-17/36,F-12,344,51:43,30.46%
733,Jeson Martajaya,"Alhambra, CA",531,51:39,16:38,M 25-29/47,M-27,389,51:39,24.45%
734,Leslie Koidahl,"Minneapolis, MN",480,52:28,16:54,F 55-59/14,F-55,345,53:24,32.09%
735,Jeffrey Anne Bellows,"Golden, CO",252,52:32,16:55,F 60-64/8,F-62,346,53:24,35.31%
736,Jon English,"Los Angeles, CA",353,52:34,16:56,M 20-24/22,M-23,390,52:34,24.02%
737,Jacqueline Demirjian,"Los Angeles, CA",331,52:35,16:56,F 20-24/29,F-23,347,52:35,26.75%
738,Carmen Garcia,"Pico Rivera, CA",953,52:46,16:59,F 25-29/64,F-28,348,52:46,26.66%
739,Hanna Perez,"Los Angeles, CA",617,52:50,17:01,F 35-39/49,F-37,349,53:47,27.16%
740,Moriano Perez,"Los Angeles, CA",618,52:50,17:01,M 40-44/41,M-41,391,53:47,25.47%
741,Kathy Liera,"Santa Monica, CA",509,53:04,17:05,F 55-59/15,F-58,350,54:03,32.99%
742,Laura Andrews,"Downey, CA",816,53:04,17:05,F 45-49/20,F-49,351,54:03,29.68%
743,Taguhi Boyajian,"La Canada, CA",274,53:13,17:08,F 55-59/16,F-55,352,54:06,31.64%
744,Adam Harrison,", ",3642,53:14,17:08,M 25-29/48,M-25,392,53:53,23.72%
745,Melia Kakita,"Los Angeles, CA",913,53:30,17:14,F 30-34/61,F-33,353,54:19,26.32%
746,Andrea Wasserman,"Canoga Park, CA",943,53:31,17:14,F 25-29/65,F-27,354,54:19,26.28%
747,Aaron Moskowitz,"Encino, CA",944,53:31,17:14,M 30-34/63,M-30,393,54:19,23.60%
748,Allison Hershberg,"Pasadena, CA",1018,53:40,17:17,F 35-39/50,F-35,355,54:29,26.46%
749,Micah Hershberg,"Pasadena, CA",1017,53:41,17:17,M 30-34/64,M-33,394,54:29,23.77%
750,Jescelyn Santos,"Los Angeles, CA",657,53:46,17:19,F 35-39/51,F-36,356,53:57,26.54%
751,Jerome Fleischman,"Los Angeles, CA",357,55:19,17:49,M 65-69/7,M-65,395,56:01,30.25%
752,Hasmig Boyajian,"Canoga Park, CA",1010,55:33,17:53,F 25-29/66,F-27,357,56:26,25.32%
753,Virginia Carrillo,"Sun City, CA",891,55:50,17:59,F 65-69/2,F-65,358,55:56,34.88%
754,Christine Thomas,"Los Angeles, CA",711,55:53,18:00,F 40-44/36,F-42,359,55:59,26.52%
755,Cecilia Merriman,"Tucson, AZ",549,55:54,18:00,F 70-99/2,F-72,360,56:00,39.79%
756,Salpy Boyajian,"West Hills, CA",273,57:10,18:24,F 30-34/62,F-33,361,58:03,24.63%
757,Doug Shaffer,"Santa Monica, CA",861,1:13:11,23:34,M 50-54/33,M-50,396,1:16:31,19.69%
758,Joe Carrillo,"Santa Barbara, CA",3012,1:21:20,26:11,M 50-54/34,M-53,397,1:22:11,18.18%
759,Melissa Carrillo,"Santa Barbara, CA",3107,1:23:19,26:49,F 50-54/17,F-51,362,1:24:12,19.30%
760,Michelle Trieu,"Temple City, CA",2611,1:26:41,27:54,F 30-34/63,F-31,363,1:27:13,16.22%
761,Molly Sakahara,"Monterey Park, CA",2779,1:26:48,27:56,F 30-34/64,F-34,364,1:27:19,16.29%
762,Joselito De Jesus,"Los Angeles, CA",329,1:29:49,28:55,M 30-34/65,M-31,398,1:31:03,14.06%
763,Nigel Hudson,"Los Angeles, CA",443,1:30:16,29:04,M 35-39/40,M-38,399,1:31:30,14.60%
764,Lucas Foster,"Los Angeles, CA",368,1:30:18,29:04,M 45-49/34,M-45,400,1:31:30,15.34%
