Bib,Name,Gender,Age,Hometown,Overall,Men,M 30-34,Age/Grade,Finish,Chip Time,Gun Time,Turn Around
2779,Molly Sakahara,F,34,"Monterey Park, CA",761 out of 0,364 out of 0,64 out of 0, 16.29% Place: 757,1:26:48 Pace: 27:56,1:26:48,1:27:19,27:11 Pace: 10:53
329,Joselito De Jesus,M,31,"Los Angeles, CA",762 out of 761,398 out of 397,65 out of 65, 14.06% Place: 761,1:29:49 Pace: 28:55,1:29:49,1:31:03, Pace: 
443,Nigel Hudson,M,38,"Los Angeles, CA",763 out of 761,399 out of 397,40 out of 39, 14.60% Place: 760,1:30:16 Pace: 29:04,1:30:16,1:31:30, Pace: 
368,Lucas Foster,M,45,"Los Angeles, CA",764 out of 761,400 out of 397,34 out of 34, 15.34% Place: 759,1:30:18 Pace: 29:04,1:30:18,1:31:30, Pace: 
