Bib,Name,Gender,Age,Hometown,Overall,Men,M 40-44,Age/Grade,Finish,Chip Time,Gun Time,10K,Half,20 Mile
2062,Bernice Verzosa,F,17,"Ontario, CA",2065 out of 2069,800 out of 803,9 out of 9, 31.48% Place: 1950,7:59:22 Pace: 18:17,7:59:22,7:59:42,1:44:13 Pace: 16:47,3:43:30 Pace: 17:03,6:16:37 Pace: 18:50
2469,Todd Byers,M,43,"Long Beach, CA",2066 out of 2069,1266 out of 1266,221 out of 221, 25.60% Place: 1978,8:38:41 Pace: 19:47,8:38:41,8:39:26,1:27:20 Pace: 14:04,3:38:37 Pace: 16:41,5:30:26 Pace: 16:32
809,Bonnie Green,F,50,"Stevenson Ranch, CA",2067 out of 2069,801 out of 803,39 out of 40, 24.52% Place: 1980,10:52:37 Pace: 24:54,10:52:37,10:53:15,2:12:57 Pace: 21:24,4:49:57 Pace: 22:08, Pace: 
214,Harriet Bilford,F,53,"Tarzana, CA",2068 out of 2069,802 out of 803,40 out of 40, 25.32% Place: 1979,10:52:39 Pace: 24:54,10:52:39,10:53:15,2:13:05 Pace: 21:26,4:50:02 Pace: 22:08, Pace: 
1555,Marcia Ozeki,F,42,"Sherman Oaks, CA",2069 out of 2069,803 out of 803,87 out of 87, 22.70% Place: 1981,10:52:39 Pace: 24:54,10:52:39,10:53:15,2:12:59 Pace: 21:24,4:49:57 Pace: 22:08, Pace: 
