Bib,Name,Gender,Age,Hometown,Overall,Women,F 35-39,Age/Grade,Finish,Chip Time,Gun Time,10 Km,12.9 Mile,18 Mile
2103,Kriss Marlin,F,53,"La Mirada, CA",3361 out of 3366,1300 out of 1304,96 out of 96, 34.56% Place: 3212,8:04:14 Pace: 18:29,8:04:14,8:04:35,1:45:12 Pace: 16:56,3:38:26 Pace: 16:56,5:13:06 Pace: 17:24
2968,Jeanne Sarmiento,F,38,"Encino, CA",3362 out of 3366,1301 out of 1304,238 out of 238, 28.66% Place: 3343,8:09:08 Pace: 18:40,8:09:08,8:09:29,1:43:26 Pace: 16:39,3:32:55 Pace: 16:31,5:14:50 Pace: 17:30
17658,Jim McHorney,M,37,"Burbank, CA",3363 out of 3366,2062 out of 2062,360 out of 360, 25.04% Place: 3348,8:20:58 Pace: 19:07,8:20:58,8:21:13,1:40:05 Pace: 16:07,3:38:24 Pace: 16:56,5:23:17 Pace: 17:58
17657,Debbie McHorney,F,31,"Burbank, CA",3364 out of 3366,1302 out of 1304,223 out of 223, 27.08% Place: 3346,8:20:59 Pace: 19:07,8:20:59,8:21:13,1:40:05 Pace: 16:07,3:38:24 Pace: 16:56,5:23:18 Pace: 17:58
4348,Bonnie Mather,F,70,"Cambria, CA",3365 out of 3366,1303 out of 1304,2 out of 2, 42.78% Place: 2548,8:27:19 Pace: 19:21,8:27:19,8:39:49,1:23:31 Pace: 13:27,3:28:34 Pace: 16:11,5:18:37 Pace: 17:43
2058,Maria Magana,F,48,"Rancho Santa Margarita, CA",3366 out of 3366,1304 out of 1304,148 out of 148, 30.35% Place: 3326,8:36:36 Pace: 19:43,8:36:36,8:41:10,1:49:36 Pace: 17:39,3:57:18 Pace: 18:24,5:43:27 Pace: 19:05
