Place,Name,Location,Bib,Net Time,Pace,Division/Place,Sex-Age,Sex-Place,Gun Time,Age Grade
1,Kevin Dean,"Lake Hughes, CA",290,2:50:59,6:32,M 35-39/1,M-36,1,2:50:59,74.35%
2,Chuck Teixeira,"Canyon Country, CA",3,2:51:28,6:33,M 45-49/1,M-47,2,2:51:31,79.66%
3,Robert Leonardo,"Lancaster, CA",1,2:57:58,6:48,M 40-44/1,M-44,3,2:58:01,75.14%
4,Mark Mantel,"Chino Hills, CA",336,2:59:52,6:52,M 35-39/2,M-39,4,2:59:55,71.96%
5,Ted Cotti,"Ojai, CA",351,3:00:37,6:54,M 40-44/2,M-44,5,3:00:42,74.04%
6,Mark Johnson,"Los Angeles, CA",312,3:00:54,6:54,M 35-39/3,M-39,6,3:00:56,71.55%
7,Kevin Mc Sweeney,"Newhall, CA",350,3:01:28,6:56,M 35-39/4,M-39,7,3:01:37,71.32%
8,Dale Heys,"Santa Clarita, CA",310,3:02:20,6:58,M 30-34/1,M-34,8,3:02:28,68.91%
9,Edward Dardenne-Ankringa,"Newhall, CA",59,3:04:32,7:03,M 35-39/5,M-37,9,3:04:36,69.29%
10,Dino Cusumano,"New York, NY",56,3:04:33,7:03,M 30-34/2,M-32,10,3:05:12,68.08%
11,Nicholas Florio,"Newhall, CA",75,3:05:36,7:05,M 50-54/1,M-50,11,3:05:44,75.26%
12,Dennis Olsen,"Valencia, CA",354,3:06:40,7:08,M 40-44/3,M-44,12,3:06:47,71.64%
13,Barry Wallman,"Santa Rosa Valley, CA",228,3:08:56,7:13,M 50-54/2,M-54,13,3:08:58,76.39%
14,Su-Yang Liu,"Los Angeles, CA",125,3:09:13,7:13,M 18-24/1,M-24,14,3:09:41,66.71%
15,Frank Mignano,"Huntington Beach, CA",265,3:11:41,7:19,M 25-29/1,M-28,15,3:11:45,65.55%
16,Carrie Blakemore,"Carpinteria, CA",283,3:15:28,7:28,F 40-44/1,F-43,1,3:15:28,76.51%
17,Tim Arndt,"Newhall, CA",315,3:16:11,7:29,M 18-24/2,M-23,16,3:16:37,64.87%
18,Tracy Dimino,"Ramona, CA",64,3:16:34,7:30,F 35-39/1,F-35,2,3:16:40,71.05%
19,Bill Kissell,"Covina, CA",370,3:17:25,7:32,M 50-54/3,M-53,17,3:17:31,72.50%
20,Chris Goddard,"Arcadia, CA",256,3:17:51,7:33,M 35-39/6,M-36,18,3:17:55,64.24%
21,Gregory Faulkner,"Santa Barbara, CA",253,3:18:42,7:35,M 45-49/2,M-48,19,3:19:06,69.25%
22,Ron Paquette,"Los Angeles, CA",331,3:18:53,7:36,M 45-49/3,M-48,20,3:18:58,69.18%
23,Andrew Stevenson,"Glendale, AZ",305,3:18:59,7:36,M 25-29/2,M-27,21,3:19:05,63.14%
24,Karen Wester,"Alta Loma, CA",362,3:20:25,7:39,F 30-34/1,F-31,3,3:20:32,69.25%
25,Vernon Loeb,"South Pasadena, CA",127,3:20:47,7:40,M 50-54/4,M-50,22,3:20:53,69.58%
26,Lonnie Awtrey,"Wichita, KS",242,3:22:09,7:43,M 40-44/4,M-41,23,3:22:32,64.84%
27,Abel Contreras,"Temple City, CA",52,3:22:54,7:45,M 45-49/4,M-49,24,3:23:08,68.32%
28,Jim Rucker,"Walnut, CA",335,3:25:51,7:52,M 55-59/1,M-57,25,3:26:01,72.00%
29,Mike Stephens,"Simi Valley, CA",8,3:25:58,7:52,M 45-49/5,M-48,26,3:26:11,66.80%
30,Scott Delahaut,"Redondo Beach, CA",356,3:26:21,7:53,M 40-44/5,M-40,27,3:26:25,63.12%
31,Katie Tapia,"Ventura, CA",217,3:26:48,7:54,F 40-44/2,F-44,4,3:27:00,72.96%
32,Troy Monges,"Riverside, CA",145,3:27:09,7:55,M 40-44/6,M-43,28,3:27:17,64.12%
33,Ariel Rodriguez,"Simi Valley, CA",360,3:27:29,7:55,M 30-34/3,M-30,29,3:27:33,60.56%
34,Mark Hughes,"Los Angeles, CA",96,3:28:37,7:58,M 50-54/5,M-54,30,3:28:43,69.18%
35,Tom Shull,"Vista, CA",203,3:28:57,7:59,M 50-54/6,M-50,31,3:29:02,66.86%
36,Donald Danlag,"La Crescenta, CA",57,3:30:12,8:02,M 35-39/7,M-39,32,3:30:28,61.57%
37,Raymond Wong,"Palmdale, CA",377,3:30:40,8:03,M 40-44/7,M-44,33,3:30:46,63.47%
38,Robert Coleman,"Moorpark, CA",345,3:30:42,8:03,M 40-44/8,M-40,34,3:30:58,61.81%
39,Nadia Ruiz,"Santa Fe Springs, CA",184,3:31:12,8:04,F 18-24/1,F-22,5,3:31:14,67.12%
40,Amy Slabich,"West Hills, CA",271,3:31:28,8:04,F 25-29/1,F-27,6,3:32:25,65.63%
41,Joe Ogata,"Pacoima, CA",152,3:31:28,8:04,M 55-59/2,M-57,35,3:31:31,70.09%
42,Jorge Ruiz,"Santa Fe Springs, CA",183,3:32:22,8:06,M 45-49/6,M-49,36,3:32:25,65.28%
43,Armando Murillo,"Long Beach, CA",379,3:32:43,8:07,M 35-39/8,M-36,37,3:33:14,59.75%
44,Chris Jensen,"Palmdale, CA",101,3:32:47,8:07,M 40-44/9,M-42,38,3:33:54,62.00%
45,David Pinnick,"Northridge, CA",165,3:33:21,8:09,M 50-54/7,M-50,39,3:33:21,65.47%
46,Freddie Perez,"Sylmar, CA",163,3:34:42,8:12,M 65-69/1,M-66,40,3:34:59,75.84%
47,Donald Welch,"Ventura, CA",230,3:35:03,8:13,M 35-39/9,M-38,41,3:35:12,59.81%
48,Daro Ferrara,"Aiken, SC",71,3:35:29,8:14,M 45-49/7,M-45,42,3:35:33,62.49%
49,Jana Irvine,"Sherman Oaks, CA",259,3:36:42,8:16,F 30-34/2,F-30,7,3:37:22,64.05%
50,Delfino Rodriguez,"Los Angeles, CA",179,3:37:02,8:17,M 55-59/3,M-59,43,3:37:04,69.60%
51,Jorge Martinez,"Venice, CA",319,3:38:08,8:20,M 30-34/4,M-34,44,3:38:20,57.60%
52,Juliet Morgan,"Santa Monica, CA",349,3:38:22,8:20,F 40-44/3,F-40,8,3:38:28,66.67%
53,John Clarke,"Newhall, CA",248,3:38:40,8:21,M 40-44/10,M-43,45,3:38:58,60.74%
54,Randall Schmedthorst,"Roy, UT",196,3:39:55,8:24,M 30-34/5,M-31,46,3:40:38,57.13%
55,Beatrice Davis,"Los Angeles, CA",60,3:40:27,8:25,F 30-34/3,F-32,9,3:40:46,62.96%
56,Donald Sevesind,"El Monte, CA",198,3:40:45,8:26,M 30-34/6,M-32,47,3:40:59,56.91%
57,Neal Viellieu,"Port Hueneme, CA",225,3:40:54,8:26,M 25-29/3,M-29,48,3:41:29,56.88%
58,Kevin Kong,"Irvine, CA",113,3:41:23,8:27,M 40-44/11,M-44,49,3:41:32,60.40%
59,Alan Bennett,"Chino Hills, CA",22,3:41:37,8:28,M 45-49/8,M-45,50,3:41:47,60.76%
60,Diva Burns,"Glendora, CA",41,3:41:38,8:28,F 35-39/2,F-39,10,3:41:47,65.13%
61,Edward Maas,"Las Vegas, NV",131,3:42:44,8:30,M 35-39/10,M-35,51,3:42:49,56.73%
62,Myung Kim,"Los Angeles, CA",110,3:43:57,8:33,F 55-59/1,F-57,11,3:44:04,77.31%
63,Alan Singleton,"Lake Balboa, CA",304,3:44:20,8:34,M 40-44/12,M-41,52,3:46:47,58.42%
64,Jeffrey Urbina,"Valencia, CA",222,3:44:34,8:34,M 30-34/7,M-34,53,3:44:53,55.95%
65,Alfonso Raffta,"Saugus, CA",316,3:44:37,8:35,M 50-54/8,M-50,54,3:45:01,62.19%
66,Hari Keshava,"Northridge, CA",107,3:44:45,8:35,M 25-29/4,M-25,55,3:45:41,55.90%
67,Igor Vezmar,"Venice, CA",339,3:45:01,8:35,M 35-39/11,M-38,56,3:45:09,57.16%
68,Kimball Hoff,"Redlands, CA",294,3:45:10,8:36,M 45-49/9,M-49,57,3:45:29,61.57%
69,Megan Curtis,"Highland, CA",55,3:45:10,8:36,F 25-29/2,F-27,12,3:45:29,61.64%
70,Joanne Gaitanis-Simsovits,"Calabasas, CA",78,3:45:37,8:37,F 35-39/3,F-36,13,3:45:55,62.40%
71,John Toth,"Palmdale, CA",374,3:46:26,8:39,M 40-44/13,M-43,58,3:47:16,58.65%
72,Michael Woods,"Manhattan Beach, CA",348,3:47:53,8:42,M 40-44/14,M-43,59,3:48:11,58.28%
73,Bruce Adams,"Simi Valley, CA",281,3:48:49,8:44,M 40-44/15,M-41,60,3:49:30,57.28%
74,Edward Hahn,"Rancho Cucamonga, CA",86,3:49:18,8:45,M 40-44/16,M-40,61,3:50:25,56.80%
75,Dan Boyle,"Canyon Country, CA",32,3:49:38,8:46,M 50-54/9,M-52,62,3:50:02,61.81%
76,Michael Barge,"Winnetka, CA",352,3:49:59,8:47,M 45-49/10,M-49,63,3:50:47,60.28%
77,Michael Nelson,"Mira Loma, CA",267,3:50:22,8:48,M 45-49/11,M-48,64,3:51:09,59.73%
78,John Sickafoose,"Stevenson Ranch, CA",204,3:51:02,8:49,M 35-39/12,M-38,65,3:51:43,55.68%
79,Doug Hansen,"Costa Mesa, CA",365,3:51:42,8:51,M 35-39/13,M-39,66,3:51:42,55.86%
80,Dan Hughes,"Westerville, OH",95,3:52:12,8:52,M 18-24/3,M-24,67,3:52:37,54.36%
81,Chris Blankenhorn,"Valencia, CA",25,3:52:48,8:53,M 45-49/12,M-49,68,3:53:03,59.55%
82,Robert Garrido,"Thousand Oaks, CA",291,3:53:25,8:55,M 45-49/13,M-45,69,3:54:46,57.68%
83,Darin Sanders,"Saugus, CA",192,3:54:21,8:57,M 35-39/14,M-38,70,3:54:33,54.89%
84,Matthew Boris,"Sherman Oaks, CA",28,3:54:32,8:57,M 40-44/17,M-40,71,3:54:56,55.53%
85,Jin Chung,"Los Angeles, CA",49,3:55:04,8:58,M 55-59/4,M-59,72,3:55:16,64.26%
86,Travis Gahie,"Moorpark, CA",359,3:55:39,9:00,M 30-34/8,M-31,73,3:57:21,53.32%
87,Mori Hannemann,"Lebec, CA",347,3:55:56,9:00,M 40-44/18,M-41,74,3:56:25,55.56%
88,Eric Peterson,"Newhall, CA",164,3:56:05,9:01,M 45-49/14,M-46,75,3:56:15,57.44%
89,Selena Robinet,"Valencia, CA",321,3:56:28,9:02,F 25-29/3,F-26,14,3:56:47,58.69%
90,Paul Arevalo,"Pasadena, CA",18,3:56:47,9:02,M 45-49/15,M-45,76,3:58:03,56.86%
91,Steve Salvatori,"Valencia, CA",190,3:57:07,9:03,M 50-54/10,M-52,77,3:58:03,59.86%
92,Ashley Snellman,"Helena, MT",206,3:57:27,9:04,F 25-29/4,F-25,15,3:58:38,58.45%
93,Rick Gapper,"Bakersfield, CA",79,3:59:06,9:08,M 50-54/11,M-53,78,3:59:20,59.86%
94,Greg Kogut,"La Jolla, CA",112,3:59:06,9:08,M 30-34/9,M-33,79,3:59:11,52.55%
95,Won Bae,"Brea, CA",282,3:59:06,9:08,M 50-54/12,M-52,80,3:59:15,59.36%
96,Guy Moore,"Canyon Country, CA",148,3:59:42,9:09,M 50-54/13,M-50,81,3:59:56,58.28%
97,James Larkin,"Los Angeles, CA",116,3:59:55,9:10,M 35-39/15,M-38,82,4:00:13,53.61%
98,Ed Marquez,"Santa Clarita, CA",137,4:02:01,9:14,M 40-44/19,M-41,83,4:02:45,54.16%
99,Janet Jimenez,"San Marcos, CA",295,4:02:14,9:15,F 18-24/2,F-24,16,4:02:30,57.44%
100,Allyson Delgado,"Stevenson Ranch, CA",250,4:02:15,9:15,F 40-44/4,F-42,17,4:02:30,61.16%
101,Vanessa Gonzalez,"Burbank, CA",293,4:02:16,9:15,F 25-29/5,F-25,18,4:02:30,57.29%
102,Lara McGillicuddy,"Santa Clarita, CA",264,4:02:34,9:16,F 30-34/4,F-33,19,4:02:34,57.22%
103,Carlos Calderon,"Arcadia, CA",246,4:02:37,9:16,M 50-54/14,M-53,84,4:02:43,58.99%
104,Donald Newman,"Phoenix, AZ",150,4:02:38,9:16,M 60-64/1,M-62,85,4:02:55,64.17%
105,William Povletich,"Stevenson Ranch, CA",167,4:03:39,9:18,M 30-34/10,M-34,86,4:04:18,51.57%
106,Teresa Anderson,"Palmdale, CA",17,4:04:01,9:19,F 35-39/4,F-38,20,4:04:55,58.66%
107,Craig Reynolds,"Valencia, CA",269,4:04:26,9:20,M 30-34/11,M-30,87,4:05:00,51.40%
108,Henry Sebata,"Sherman Oaks, CA",303,4:04:38,9:20,M 30-34/12,M-30,88,4:05:01,51.36%
109,Todd Witwer,"Bakersfield, CA",234,4:04:50,9:21,M 50-54/15,M-51,89,4:05:14,57.51%
110,Marcelo Gaete,"Valencia, CA",255,4:04:56,9:21,M 35-39/16,M-39,90,4:05:06,52.84%
111,Dave Anderson,"Emerald Hills, CA",16,4:05:16,9:22,M 35-39/17,M-37,91,4:06:03,52.13%
112,Misato Saito,"Northridge, CA",188,4:07:09,9:26,F 25-29/6,F-26,21,4:07:45,56.16%
113,Adam Crook,"Lake Forest, CA",54,4:07:23,9:27,M 25-29/5,M-25,92,4:08:12,50.79%
114,Sondra Yevette,"Los Angeles, CA",308,4:07:53,9:28,F 50-54/1,F-52,22,4:07:53,65.95%
115,David Dassey,"Los Angeles, CA",249,4:08:16,9:29,M 55-59/5,M-56,93,4:08:24,59.16%
116,Brian Hopp,"Mission Viejo, CA",93,4:08:47,9:30,M 45-49/16,M-48,94,4:10:00,55.30%
117,Greg Lewis,"Northridge, CA",123,4:09:06,9:31,M 40-44/20,M-43,95,4:10:03,53.32%
118,Barry Plaga,"La Canada, CA",166,4:09:52,9:32,M 40-44/21,M-44,96,4:11:02,53.52%
119,Darrell Mauldin,"Long Beach, CA",140,4:09:53,9:32,M 35-39/18,M-37,97,4:11:02,51.16%
120,Ronald Eichler,"Santa Clarita, CA",4,4:10:17,9:33,M 60-64/2,M-60,98,4:10:28,60.95%
121,Jacob Rome,"Manhattan Beach, CA",180,4:10:35,9:34,M 30-34/13,M-34,99,4:10:52,50.14%
122,Gary Boyce,"St Albert, ",31,4:11:08,9:35,M 45-49/17,M-47,100,4:11:39,54.39%
123,Claire Dorotik,"Ventura, CA",66,4:11:13,9:35,F 30-34/5,F-30,23,4:11:22,55.25%
124,Richard Valdez,"North Hollywood, CA",223,4:11:18,9:36,M 35-39/19,M-37,101,4:11:31,50.88%
125,Arlene Lewis,"Granada Hills, CA",262,4:12:27,9:38,F 50-54/2,F-51,24,4:12:38,64.07%
126,Aftab Husain,"Northridge, CA",258,4:12:30,9:38,M 45-49/18,M-45,102,4:13:26,53.32%
127,Sungjip Nam,"Los Angeles, CA",327,4:12:44,9:39,M 30-34/14,M-34,103,4:12:55,49.71%
128,Frank Boyle,"Woodland Hills, CA",33,4:14:24,9:43,M 35-39/20,M-38,104,4:14:34,50.56%
129,Nicole Downing,"Valencia, CA",67,4:15:38,9:45,F 25-29/7,F-29,25,4:15:53,54.29%
130,Bonnie Hooper,"Rancho Santa Fe, CA",91,4:15:40,9:46,F 55-59/2,F-55,26,4:17:35,66.13%
131,Philo Short,"Monterey, CA",202,4:16:17,9:47,M 65-69/2,M-68,105,4:16:21,65.11%
132,J B Woods,"Valencia, CA",236,4:16:22,9:47,M 40-44/22,M-42,106,4:16:27,51.46%
133,Mark Yamarone,"Burbank, CA",307,4:16:43,9:48,M 40-44/23,M-40,107,4:17:32,50.73%
134,Alan Pollack,"San Clemente, CA",357,4:17:30,9:50,M 55-59/6,M-55,108,4:18:02,56.54%
135,Keenan Follis,"Hesperia, CA",76,4:18:12,9:51,M 45-49/19,M-49,109,4:18:29,53.69%
136,Kim Abundis,"Ventura, CA",240,4:18:16,9:52,F 45-49/1,F-46,27,4:18:43,59.54%
137,Ann Braun,"La Canada Flintridge, CA",329,4:18:31,9:52,F 45-49/2,F-45,28,4:19:42,58.92%
138,Jeremy Page,"Santa Cruz, CA",155,4:19:03,9:53,M 30-34/15,M-34,110,4:19:41,48.50%
139,Liz Bennett,"Ventura, CA",23,4:19:07,9:53,F 25-29/8,F-29,30,4:20:07,53.56%
140,Randa Dinkler,"Ventura, CA",372,4:19:07,9:53,F 30-34/6,F-30,29,4:20:07,53.56%
141,Bill Weiner,"Santa Monica, CA",279,4:19:49,9:55,M 50-54/16,M-51,111,4:20:21,54.19%
142,Matthew Brayman,"Canyon Country, CA",34,4:20:34,9:57,M 40-44/24,M-42,112,4:20:52,50.63%
143,Ed Burke,"Canyon Country, CA",39,4:20:58,9:58,M 55-59/7,M-56,113,4:22:08,56.28%
144,Nigel Toates,"Stevenson Ranch, CA",342,4:21:21,9:59,M 45-49/20,M-46,114,4:22:31,51.88%
145,Jean Laroche,"Santa Monica, CA",261,4:21:23,9:59,M 50-54/17,M-53,115,4:21:46,54.75%
146,David Reid,"Crestline, CA",300,4:21:44,9:59,M 55-59/8,M-58,116,4:22:51,57.16%
147,Scott Zierman,"Lancaster, CA",363,4:22:15,10:01,M 50-54/18,M-53,117,4:22:20,54.57%
148,Arsenio Camarillo,"Santa Paula, CA",286,4:22:21,10:01,M 40-44/25,M-40,118,4:22:44,49.64%
149,John Dittmeier,"Santa Paula, CA",65,4:22:21,10:01,M 50-54/19,M-52,119,4:22:44,54.10%
150,Jose Velasquez,"Santa Paula, CA",323,4:22:24,10:01,M 45-49/21,M-46,120,4:22:44,51.68%
151,Gregory Urbina,"Valencia, CA",274,4:22:34,10:01,M 35-39/21,M-36,121,4:22:54,48.40%
152,Q C Chen,"Arcadia, CA",338,4:22:43,10:02,M 50-54/20,M-54,122,4:23:37,54.94%
153,Michael La France,"Palmdale, CA",115,4:23:18,10:03,M 45-49/22,M-47,123,4:24:17,51.87%
154,Alfredo Reina,"Long Beach, CA",337,4:24:07,10:05,M 45-49/23,M-48,124,4:25:47,52.09%
155,Deno Antonini,"Agua Dulce, CA",241,4:24:13,10:05,M 30-34/16,M-34,125,4:24:58,47.55%
156,Mary Bowes,"Agoura Hills, CA",244,4:24:58,10:07,F 40-44/5,F-44,31,4:25:47,56.94%
157,Brian Dubrasky,"Valencia, CA",314,4:25:18,10:08,M 18-24/4,M-22,126,4:25:44,48.41%
158,Jeff Smith,"San Bernardino, CA",205,4:25:48,10:09,M 50-54/21,M-50,127,4:26:39,52.56%
159,Gilbert Kelley,"Diamond Bar, CA",373,4:26:24,10:10,M 55-59/9,M-59,128,4:26:29,56.70%
160,Bruce Bahner,"South Weber, UT",19,4:26:42,10:11,M 40-44/26,M-41,129,4:27:00,49.15%
161,Chuck Taylor,"Tujunga, CA",219,4:26:51,10:11,M 55-59/10,M-58,130,4:27:13,56.06%
162,Wil De Jesus,"Valencia, CA",343,4:27:24,10:12,M 40-44/27,M-42,131,4:28:28,49.34%
163,Randy Kam,"Tehachapi, CA",105,4:27:32,10:13,M 45-49/24,M-49,132,4:27:54,51.82%
164,Keith Lovendosky,"Santa Monica, CA",130,4:27:35,10:13,M 50-54/22,M-51,133,4:28:21,52.62%
165,Fred Weeden,"Burbank, CA",278,4:27:36,10:13,M 40-44/28,M-41,134,4:28:11,48.98%
166,Yoon Chang,"Los Angeles, CA",287,4:27:38,10:13,M 45-49/25,M-46,135,4:27:46,50.67%
167,Yong Chong,"Cerritos, CA",289,4:27:38,10:13,M 45-49/26,M-48,136,4:27:46,51.41%
168,Martin Diekhoff,"Studio City, CA",63,4:28:24,10:15,M 35-39/22,M-36,137,4:29:01,47.35%
169,Albert Shum,"Los Angeles, CA",309,4:28:33,10:15,M 45-49/27,M-46,138,4:29:27,50.49%
170,David Wilson,"Altadena, CA",344,4:28:37,10:15,M 35-39/23,M-36,139,4:29:53,47.31%
171,Lorene Kong,"Irvine, CA",114,4:28:40,10:15,F 45-49/3,F-47,32,4:28:50,57.79%
172,Myung Park,"Pasadena, CA",160,4:28:58,10:16,M 60-64/3,M-64,140,4:29:10,59.16%
173,Nicol Tushla,"La Habra, CA",221,4:29:23,10:17,F 35-39/5,F-37,33,4:30:19,52.69%
174,Daryl Rosenthal,"Canyon Country, CA",182,4:30:43,10:20,M 40-44/29,M-41,141,4:31:23,48.42%
175,Michael Pajaro,"Glendale, CA",156,4:31:20,10:21,M 35-39/24,M-38,142,4:32:22,47.41%
176,Kenneth Johnson,"Van Nuys, CA",103,4:31:25,10:22,M 45-49/28,M-46,143,4:31:42,49.96%
177,William Hooper,"Rancho Santa Fe, CA",92,4:31:59,10:23,M 55-59/11,M-57,144,4:33:54,54.50%
178,Bahman Janka,"Santa Clarita, CA",346,4:32:43,10:25,M 50-54/23,M-50,145,4:33:32,51.22%
179,James Gerdes,"Santa Clarita, CA",81,4:32:48,10:25,M 50-54/24,M-50,146,4:32:51,51.21%
180,Saundra Whitehead,"Torrance, CA",231,4:33:17,10:26,F 50-54/3,F-52,34,4:34:29,59.82%
181,Jay Madhure,"Northridge, CA",133,4:34:07,10:28,M 55-59/12,M-58,147,4:35:03,54.57%
182,Brett Robinson,"Simi Valley, CA",176,4:34:54,10:30,M 45-49/29,M-45,148,4:35:53,48.98%
183,Rafael Paz,"PACOIMA, CA",299,4:35:07,10:30,M 30-34/17,M-30,149,4:36:39,45.67%
184,Neil Van Wagoner,"Ventura, CA",340,4:35:08,10:30,M 45-49/30,M-46,150,4:36:34,49.28%
185,Juan Vildosola,"San Pedro Garza Garcia, ",226,4:35:09,10:30,M 30-34/18,M-33,151,4:36:16,45.66%
186,Michele Early,"Long Beach, CA",69,4:35:16,10:30,F 40-44/6,F-40,35,4:36:06,52.89%
187,Kil Soo Kim,"Farmersville, CA",109,4:35:43,10:31,M 55-59/13,M-58,152,4:35:51,54.26%
188,Kirk Minihane,"Carlsbad, CA",266,4:37:05,10:35,M 30-34/19,M-31,153,4:37:46,45.34%
189,Brad Williams,"Valencia, CA",233,4:37:08,10:35,M 35-39/25,M-39,154,4:38:10,46.70%
190,John Nelson,"Stevenson Ranch, CA",353,4:37:16,10:35,M 40-44/30,M-40,155,4:37:57,46.97%
191,Michael Kim,"North Hills, CA",322,4:37:50,10:36,M 30-34/20,M-34,156,4:39:15,45.22%
192,Andrea Hansen,"Valencia, CA",89,4:37:53,10:36,F 40-44/7,F-41,36,4:38:21,52.85%
193,Melanie Buto,"Camarillo, CA",44,4:38:17,10:37,F 40-44/8,F-42,37,4:38:51,53.24%
194,Joanne Robles,"San Gabriel, CA",177,4:38:56,10:39,F 40-44/9,F-42,38,4:40:15,53.12%
195,Louis Mo,"La Crescenta, CA",144,4:39:56,10:41,M 40-44/31,M-42,157,4:40:30,47.13%
196,Young Choe,"Cerritos, CA",48,4:41:27,10:45,M 50-54/25,M-52,158,4:42:00,50.43%
197,Catherine Gonzales,"Camarillo, CA",292,4:42:20,10:47,F 45-49/4,F-47,39,4:43:06,54.99%
198,Michael Pang,"Porter Ranch, CA",159,4:42:35,10:47,M 70-99/1,M-71,159,4:42:48,61.45%
199,Sheri Okamoto,"Los Angeles, CA",153,4:42:47,10:48,F 45-49/5,F-47,40,4:43:41,54.91%
200,Steven Reti,"Saugus, CA",173,4:43:03,10:48,M 40-44/32,M-43,160,4:43:54,46.92%
201,David Nwachukwu,"Sun Valley, CA",268,4:43:27,10:49,M 45-49/31,M-49,161,4:44:27,48.91%
202,Bill Sampson,"Sylmar, CA",324,4:44:28,10:51,M 55-59/14,M-59,162,4:45:15,53.10%
203,Eddie Schiffer,"Elmont, NY",195,4:44:30,10:52,M 50-54/26,M-50,163,4:45:17,49.10%
204,Cindy Stigall,"Hemet, CA",272,4:46:06,10:55,F 40-44/10,F-43,41,4:46:48,52.25%
205,Ken Saxton,"Huntington Beach, CA",194,4:46:54,10:57,M 50-54/27,M-51,164,4:47:29,49.08%
206,David Demuth,"Canyon Country, CA",61,4:47:07,10:58,M 40-44/33,M-40,165,4:47:29,45.36%
207,Jorge Guzman,"Huntington Park, CA",375,4:47:16,10:58,M 40-44/34,M-40,166,4:47:34,45.34%
208,Larry Freise,"Palmdale, CA",77,4:47:16,10:58,M 40-44/35,M-42,167,4:48:46,45.93%
209,Richard Van Noy,"Northridge, CA",224,4:47:18,10:58,M 50-54/28,M-52,168,4:47:30,49.40%
210,Gregory Brown,"San Francisco, CA",36,4:47:18,10:58,M 55-59/15,M-57,169,4:47:23,51.59%
211,David Campbell,"Palmdale, CA",247,4:47:29,10:58,M 18-24/5,M-19,170,4:48:23,46.20%
212,Steve Chipman,"Lancaster, CA",288,4:47:30,10:58,M 35-39/26,M-36,171,4:48:23,44.21%
213,Melissa Wagner,"Oxnard, CA",227,4:47:53,10:59,F 30-34/7,F-32,42,4:51:03,48.21%
214,Sondra Stubblefield,"Newbury Park, CA",211,4:48:21,11:00,F 35-39/6,F-36,43,4:48:42,48.83%
215,Steven Shatkin,"Valencia, CA",199,4:48:22,11:00,M 40-44/36,M-40,172,4:48:42,45.16%
216,Martha Izazaga,"Pacoima, CA",367,4:49:08,11:02,F 35-39/7,F-38,44,4:49:08,49.50%
217,Royal Dean Md,"Simi Valley, CA",311,4:50:17,11:05,M 45-49/32,M-46,173,4:51:56,46.71%
218,Fred Preston,"Fontana, CA",168,4:50:32,11:05,M 50-54/29,M-51,174,4:50:45,48.46%
219,William Graue,"Del Mar, CA",257,4:51:09,11:07,M 50-54/30,M-52,175,4:51:09,48.75%
220,Kevin Sarkissian,"Valencia, CA",193,4:51:29,11:08,M 35-39/27,M-39,176,4:51:37,44.40%
221,Juan Valencia,"Sylmar, CA",275,4:52:02,11:09,M 60-64/4,M-62,177,4:52:14,53.32%
222,Bhano Patel,"West Hills, CA",161,4:52:50,11:11,M 55-59/16,M-57,178,4:53:04,50.62%
223,Rebecca York,"Alhambra, CA",239,4:53:29,11:12,F 18-24/3,F-22,45,4:54:11,48.30%
224,Sheila Galinsky,"Camarillo, CA",332,4:53:30,11:12,F 60-64/1,F-61,46,4:53:44,62.08%
225,Vasilios Mantis,"Winchester, CA",341,4:54:04,11:13,M 40-44/37,M-42,179,4:55:13,44.86%
226,Rawlings Jordan,"Canyon Country, CA",10,4:54:11,11:14,M 60-64/5,M-63,180,4:55:04,53.50%
227,Mike McGinnis,"Camarillo, CA",141,4:55:16,11:16,M 30-34/21,M-33,181,4:55:45,42.55%
228,Mitchell Chan,"La Mirada, CA",45,4:55:17,11:16,M 30-34/22,M-30,182,4:56:39,42.55%
229,Robert Godfrey,"Frazier Park, CA",83,4:55:17,11:16,M 40-44/38,M-41,183,4:55:45,44.39%
230,Paul Weber,"Oceanside, CA",277,4:55:54,11:18,M 70-99/2,M-70,184,4:55:54,57.89%
231,Fausto Manjarres,"Granada Hills, CA",135,4:56:47,11:20,M 40-44/39,M-42,185,4:57:07,44.45%
232,Jayme Mechur,"Santa Monica, CA",143,4:57:05,11:20,F 18-24/4,F-24,47,4:58:18,46.83%
233,Brian Grider,"Palmdale, CA",85,4:57:08,11:20,M 30-34/23,M-33,186,4:57:47,42.28%
234,Frank Contreraz,"Saugus, CA",7,4:57:55,11:22,M 50-54/31,M-51,187,4:57:59,47.26%
235,Norman Suguitan,"San Diego, CA",213,4:58:35,11:24,M 40-44/40,M-41,188,4:58:50,43.90%
236,Guillermo Rios,"Ventura, CA",175,4:58:37,11:24,M 45-49/33,M-47,189,4:59:05,45.74%
237,Siong-Liep Goei,"Westchester, CA",501,4:59:15,11:25,M 50-54/32,M-54,190,5:00:08,48.23%
238,Travis Stolz,"Valencia, CA",209,4:59:21,11:26,M 30-34/24,M-34,191,4:59:55,41.97%
239,Mark Dannerth,"Santa Clarita, CA",58,4:59:29,11:26,M 35-39/28,M-37,192,5:00:09,42.69%
240,Don Seibert,"Canyon Country, CA",5,4:59:36,11:26,M 55-59/17,M-57,193,5:00:21,49.47%
241,Mark Macfarlane,"Quartz Hill, CA",132,4:59:38,11:26,M 45-49/34,M-47,194,4:59:49,45.58%
242,Mark Lee,"Glendale, CA",118,5:01:33,11:31,M 65-69/3,M-68,195,5:01:44,55.34%
243,Noemy Clayborn,"Burbank, CA",51,5:01:36,11:31,F 35-39/8,F-35,48,5:02:12,46.31%
244,Robert Toler,"Costa Mesa, CA",371,5:01:56,11:31,M 50-54/33,M-53,196,5:02:08,47.40%
245,Seung Jae Lee,"Irvine, CA",296,5:02:06,11:32,M 25-29/6,M-26,197,5:02:50,41.59%
246,Peter Goldman,"Los Angeles, CA",84,5:02:07,11:32,M 18-24/6,M-21,198,5:04:01,42.94%
247,James Foster,"Canyon Country, CA",254,5:02:16,11:32,M 40-44/41,M-44,199,5:02:34,44.24%
248,Gerardo Varela,"Arleta, CA",276,5:02:50,11:33,M 45-49/35,M-45,200,5:03:23,44.46%
249,Rob Baldwin,"Valencia, CA",243,5:03:00,11:34,M 40-44/42,M-43,201,5:03:23,43.83%
250,J Taniguchi,"Huntington Beach, CA",216,5:03:05,11:34,M 45-49/36,M-46,202,5:05:59,44.74%
251,Rose Nadali,"Studio City, CA",378,5:03:27,11:35,F 18-24/5,F-23,49,5:04:11,46.26%
252,Donald Lieu,"San Gabriel, CA",9,5:06:37,11:42,M 55-59/18,M-55,203,5:07:03,47.48%
253,Angela Ivory,"Nashville, TN",98,5:06:45,11:42,F 35-39/9,F-38,50,5:07:52,46.66%
254,Gregory Kory,"Valencia, CA",260,5:06:48,11:43,M 50-54/34,M-51,204,5:07:48,45.89%
255,David Campbell,"Glendale, CA",364,5:07:31,11:44,M 50-54/35,M-50,205,5:08:43,45.43%
256,Gary Hilliard,"Sierra Madre, CA",90,5:08:11,11:46,M 50-54/36,M-52,206,5:08:43,46.06%
257,Steve Rainey,"Santa Clarita, CA",170,5:09:43,11:49,M 45-49/37,M-48,207,5:10:36,44.42%
258,Charles Ryan,"Burbank, CA",187,5:10:07,11:50,M 45-49/38,M-48,208,5:11:08,44.37%
259,Cong Chau,"Rosemead, CA",46,5:11:04,11:52,F 25-29/9,F-27,51,5:14:04,44.62%
260,Christopher Stetson,"Valencia, CA",208,5:11:20,11:53,M 25-29/7,M-29,209,5:12:25,40.36%
261,Ohyoung Lee,"Los Angeles, CA",119,5:12:01,11:55,M 45-49/39,M-48,210,5:12:11,44.10%
262,Jeon Jin,"Los Angeles, CA",326,5:12:01,11:55,M 45-49/40,M-47,211,5:12:11,43.77%
263,Sisung Noh,"Brea, CA",330,5:13:09,11:57,M 50-54/37,M-53,212,5:13:18,45.70%
264,Chris Finlayson,"Los Angeles, CA",72,5:13:18,11:57,M 18-24/7,M-21,213,5:15:12,41.41%
265,Charlie Alewine,"Diamond Bar, CA",358,5:14:22,12:00,M 60-64/6,M-61,214,5:15:19,49.02%
266,Kwonyoung Yoo,"Torrance, CA",280,5:15:15,12:02,M 50-54/38,M-54,215,5:15:27,45.78%
267,Anne Jacobsen,"Culver City, CA",99,5:19:41,12:12,F 35-39/10,F-36,52,5:20:17,44.04%
268,Sandy Meyerowitz,"Van Nuys, CA",369,5:19:54,12:13,F 45-49/6,F-48,53,5:20:53,49.02%
269,Ed Burns,"Valparaiso, IN",42,5:20:02,12:13,M 55-59/19,M-56,216,5:20:35,45.89%
270,Stephanie Koetter,"Quartz Hill, CA",111,5:20:04,12:13,F 18-24/6,F-21,54,5:21:00,44.76%
271,Anne Bischop,"Santa Clarita, CA",24,5:20:56,12:15,F 30-34/8,F-31,55,5:22:08,43.25%
272,Joel Schoerner,"Chicago, IL",197,5:20:56,12:15,M 30-34/25,M-31,217,5:22:08,39.15%
273,Cal Leuning,"Valencia, CA",122,5:21:28,12:16,M 50-54/39,M-53,218,5:21:46,44.52%
274,Harry Lorrimer,"Glendale, CA",129,5:22:03,12:17,M 50-54/40,M-52,219,5:22:10,44.07%
275,Fae Minisee,"Palmdale, CA",1878,5:22:29,12:18,F 30-34/9,F-34,56,5:25:59,43.04%
276,Jann Liang,"Chatsworth, CA",325,5:25:59,12:26,M 65-69/4,M-68,220,5:25:59,51.19%
277,Maria Martinez,"Arleta, CA",263,5:26:05,12:27,F 35-39/11,F-38,57,5:26:38,43.89%
278,Joseph Schwartz,"Burbank, CA",104,5:29:10,12:34,M 40-44/43,M-41,221,5:30:23,39.82%
279,Kelly Firment,"Sherman Oaks, CA",73,5:29:11,12:34,F 30-34/10,F-33,58,5:29:19,42.16%
280,Orlando Rivera,"Castaic, CA",270,5:30:01,12:36,M 50-54/41,M-52,222,5:31:26,43.01%
281,Ernest Fisco,"Santa Clarita, CA",74,5:30:02,12:36,M 40-44/44,M-41,223,5:30:14,39.72%
282,Jason Stout,"Fpo Ap, CA",210,5:32:01,12:40,M 25-29/8,M-26,224,5:32:01,37.84%
283,David Bourne,"San Luis Obispo, CA",284,5:35:24,12:48,M 60-64/7,M-62,225,5:36:47,46.42%
284,Jason Patterson,"Thousand Oaks, CA",162,5:36:12,12:50,M 35-39/29,M-35,226,5:36:44,37.58%
285,Kevin Shenkman,"Los Angeles, CA",200,5:36:45,12:51,M 25-29/9,M-28,227,5:38:06,37.31%
286,Balaji Keshava,"Northridge, CA",106,5:37:34,12:53,M 60-64/8,M-61,228,5:38:30,45.65%
287,Miguel Garcia,"La Puente, CA",80,5:38:26,12:55,M 50-54/42,M-54,229,5:38:47,42.65%
288,Charles Sayles,"Glendale, CA",302,5:39:56,12:58,M 65-69/5,M-69,230,5:41:03,49.72%
289,Robert Tindall,"Canyon Country, CA",306,5:40:10,12:59,M 35-39/30,M-36,231,5:41:25,37.36%
290,Tricia Rasplicka,"Santa Clarita, CA",171,5:42:07,13:03,F 35-39/12,F-36,59,5:43:02,41.15%
291,Vee Cristobal,"Pacific Palisades, CA",53,5:44:15,13:08,F 50-54/4,F-54,60,5:44:35,48.55%
292,Mg Montgomery,"Bakersfield, CA",147,5:44:56,13:10,F 35-39/13,F-37,61,5:48:27,41.15%
293,Deborah Gobins,"Phoenix, AZ",82,5:44:57,13:10,F 45-49/7,F-49,62,5:46:13,45.92%
294,Henry Park,"Los Angeles, CA",366,5:45:10,13:10,M 30-34/26,M-33,232,5:45:10,36.40%
295,Dana Mosell,"Walnut, CA",149,5:46:23,13:13,M 50-54/43,M-54,233,5:47:39,41.67%
296,Jamie Harlor,"Valencia, CA",88,5:46:56,13:14,F 25-29/10,F-26,63,5:47:33,40.00%
297,Daniel Tagliere,"Santa Clarita, CA",214,5:47:24,13:15,M 30-34/27,M-31,234,5:48:07,36.17%
298,Jeannette Roostai,"Yucaipa, CA",181,5:48:52,13:19,F 60-64/2,F-64,64,5:49:51,54.47%
299,Raymond Solis,"Sylmar, CA",320,5:50:52,13:23,M 50-54/44,M-51,235,5:51:44,40.13%
300,Tony Rush,"Santa Clarita, CA",185,5:51:39,13:25,M 30-34/28,M-34,236,5:52:02,35.73%
301,Tessa Lucero,"Canyon Country, CA",313,5:51:40,13:25,F 40-44/11,F-43,65,5:52:50,42.51%
302,Tai Chung,"Northridge, CA",50,5:53:06,13:29,M 45-49/41,M-48,237,5:53:06,38.97%
303,Guerin Butterworth,"Torrance, CA",245,5:56:03,13:35,F 50-54/5,F-50,66,5:57:02,44.95%
304,Emily Jesse,"Sandy, UT",102,6:00:01,13:44,F 25-29/11,F-29,67,6:00:45,38.55%
305,Margaret Blatter,"Northridge, CA",26,6:02:31,13:50,F 35-39/14,F-39,68,6:03:19,39.82%
306,Alfred Vargas,"Ventura, CA",361,6:06:11,13:58,M 35-39/31,M-37,238,6:06:33,34.91%
307,Widad Leal,"Valencia, CA",117,6:08:24,14:04,F 45-49/8,F-47,69,6:09:31,42.14%
308,Keeley Webster,"Los Angeles, CA",229,6:08:28,14:04,F 35-39/15,F-38,70,6:09:50,38.84%
309,Merle Brill,"Los Angeles, CA",35,6:08:29,14:04,F 35-39/16,F-38,71,6:09:49,38.84%
310,Antonio Torres Jr,"South Gate, CA",328,6:09:19,14:06,M 25-29/10,M-29,239,6:09:40,34.02%
311,Tae Jong Shim,"Northridge, CA",201,6:12:14,14:12,M 55-59/20,M-59,240,6:13:02,40.58%
312,Long Thu,"Downey, CA",273,6:16:52,14:23,M 30-34/29,M-34,241,6:17:08,33.34%
313,Sarah Bradshaw,"Los Angeles, CA",384,6:18:53,14:28,F 40-44/12,F-41,72,6:20:40,38.76%
314,Oscar Delgado,"Stevenson Ranch, CA",251,6:20:24,14:31,M 40-44/45,M-43,242,6:20:40,34.91%
315,Todd Byers,"Long Beach, CA",285,6:20:40,14:32,M 40-44/46,M-43,243,6:21:16,34.89%
316,Armando Soto,"Granada Hills, CA",207,6:31:05,14:55,M 60-64/9,M-62,244,6:31:06,39.81%
317,Gene Dorio,"Santa Clarita, CA",252,6:44:15,15:26,M 55-59/21,M-55,245,6:44:53,36.01%
318,Stanley Matalon,"Los Angeles, CA",139,6:44:20,15:26,M 55-59/22,M-59,246,6:44:50,37.36%
319,Bill Yergensen,"Saugus, CA",355,6:48:24,15:35,M 35-39/32,M-39,247,6:48:40,31.69%
