Bib,Name,Gender,Age,Hometown,Overall,Men,M 50-54,Age/Grade,Finish,Chip Time,Gun Time,5.5 Mile,15.3 Mile,21.5 Mile
19,David Cheatham,M,25,"Canyon Country, CA",337 out of 343,233 out of 235,14 out of 14, 31.81% Place: 343,6:32:46 Pace: 14:59,6:32:46,6:34:08,52:36 Pace: 9:34,3:12:05 Pace: 12:34,4:58:14 Pace: 13:53
377,WARREN KUNKLE,M,50,"MONTEREY PARK, CA",338 out of 343,234 out of 235,21 out of 21, 35.44% Place: 336,6:33:36 Pace: 15:01,6:33:36,6:35:15,1:17:54 Pace: 14:10,3:44:42 Pace: 14:42,5:11:09 Pace: 14:29
390,MARY JELLISON,F,52,"NEWHALL, CA",339 out of 343,105 out of 108,12 out of 12, 41.02% Place: 309,6:42:31 Pace: 15:22,6:42:31,6:42:31,42:09 Pace: 7:40,3:33:48 Pace: 13:59,5:08:27 Pace: 14:21
400,steve hernandez,M,43,"Temple City, CA",340 out of 343,235 out of 235,51 out of 51, 32.00% Place: 342,6:50:05 Pace: 15:39,6:50:05,6:51:21,1:12:17 Pace: 13:09,3:44:19 Pace: 14:40,5:22:03 Pace: 14:59
399,JESSICA MONTOYA,F,33,"FONTANA, CA",341 out of 343,106 out of 108,19 out of 19, 33.25% Place: 340,6:50:05 Pace: 15:39,6:50:05,6:51:22,1:12:16 Pace: 13:09,3:44:26 Pace: 14:41,5:22:06 Pace: 14:59
339,FRANCINE TRUJILLO,F,39,"STEVENSON RNH, CA",342 out of 343,107 out of 108,13 out of 13, 32.95% Place: 341,7:08:56 Pace: 16:22,7:08:56,7:10:00,1:27:59 Pace: 16:00,            Pace:            ,            Pace:            
180,Kim Rosen,F,47,"Stevenson Ranch, CA",343 out of 343,108 out of 108,16 out of 16, 36.00% Place: 334,7:10:00 Pace: 16:25,7:10:00,7:11:04,1:27:59 Pace: 16:00,            Pace:            ,            Pace:            
