Bib,Name,Gender,Age,Hometown,Overall,Men,M 40-44,Age/Grade,Finish,Chip Time,Gun Time,18 Mile,23 Mile
384,Sarah Bradshaw,F,41,"Los Angeles, CA",313 out of 319,72 out of 72,12 out of 12, 38.76% Place: 303,6:18:53 Pace: 14:28,6:18:53,6:20:40,4:10:29 Pace: 13:55,5:27:27 Pace: 14:15
251,Oscar Delgado,M,43,"Stevenson Ranch, CA",314 out of 319,242 out of 247,45 out of 46, 34.91% Place: 315,6:20:24 Pace: 14:31,6:20:24,6:20:40,4:12:06 Pace: 14:01,5:28:59 Pace: 14:19
285,Todd Byers,M,43,"Long Beach, CA",315 out of 319,243 out of 247,46 out of 46, 34.89% Place: 316,6:20:40 Pace: 14:32,6:20:40,6:21:16,3:23:44 Pace: 11:20,5:02:28 Pace: 13:10
207,Armando Soto,M,62,"Granada Hills, CA",316 out of 319,244 out of 247,9 out of 9, 39.81% Place: 297,6:31:05 Pace: 14:55,6:31:05,6:31:06,4:06:42 Pace: 13:43,5:30:29 Pace: 14:23
252,Gene Dorio,M,55,"Santa Clarita, CA",317 out of 319,245 out of 247,21 out of 22, 36.01% Place: 312,6:44:15 Pace: 15:26,6:44:15,6:44:53,4:22:26 Pace: 14:35,5:47:41 Pace: 15:07
139,Stanley Matalon,M,59,"Los Angeles, CA",318 out of 319,246 out of 247,22 out of 22, 37.36% Place: 308,6:44:20 Pace: 15:26,6:44:20,6:44:50,4:13:36 Pace: 14:06,5:48:44 Pace: 15:10
355,Bill Yergensen,M,39,"Saugus, CA",319 out of 319,247 out of 247,32 out of 32, 31.69% Place: 319,6:48:24 Pace: 15:35,6:48:24,6:48:40,4:31:17 Pace: 15:05,5:50:36 Pace: 15:15
