Place,Name,Location,Bib,Net Time,Pace,Division/Place,Sex-Age,Sex-Place,Gun Time,Age Grade
1,Zachary Griffen,"Los Angeles, CA",136,2:44:14,6:16,M 25-29/1,M-26,1,2:44:14,76.09%
2,Erik Sorenson,"Pacific Grove, CA",290,2:49:57,6:29,M 25-29/2,M-28,2,2:50:00,73.51%
3,Jesus Lopezherrera,"Huntington P, CA",501,2:52:00,6:34,M 45-49/1,M-48,3,2:52:02,79.66%
4,Bradley Jones,"Camarillo, CA",157,2:52:13,6:35,M 35-39/1,M-37,4,2:52:17,72.83%
5,John McCreadie,"Apple Valley, CA",201,2:53:11,6:37,M 30-34/1,M-32,5,2:53:42,72.14%
6,Naoki Kato,"Torrance, CA",461,2:53:40,6:38,M 40-44/1,M-42,6,2:53:45,74.94%
7,Michael Gulotta,"Los Angeles, CA",137,2:55:04,6:41,M 30-34/2,M-32,7,2:55:07,71.36%
8,Alex Suchey,"Upland, CA",504,2:58:25,6:49,M 45-49/2,M-46,8,2:58:28,75.47%
9,Scott McCreadie,"Apple Valley, CA",202,2:58:33,6:49,M 30-34/3,M-32,9,2:59:04,69.97%
10,Maxwell Metcalfe,"San Francisc, CA",493,2:59:14,6:51,M 25-29/3,M-25,10,2:59:21,69.70%
11,Kyle Robinson,"Newhall, CA",259,2:59:45,6:52,M 25-29/4,M-29,11,2:59:56,69.50%
12,Tomas Varela,"Van Nuys, CA",484,3:04:37,7:03,M 45-49/3,M-46,12,3:04:39,72.93%
13,Jose Renteria,"Palmdale, CA",489,3:06:26,7:07,M 55-59/1,M-55,13,3:06:29,78.32%
14,Julio Herrartemarroquin,"Palmdale, CA",459,3:06:28,7:07,M 45-49/4,M-47,14,3:06:34,72.84%
15,Frank Meza,"S Pasadena, CA",465,3:06:47,7:08,M 65-69/1,M-65,15,3:08:49,86.26%
16,John Vigil,"Covina, CA",318,3:07:22,7:09,M 40-44/2,M-41,16,3:08:13,68.89%
17,Alejandro Estrada,"Van Nuys, CA",111,3:07:45,7:10,M 45-49/5,M-45,17,3:07:45,71.10%
18,Tony Orozco,"Reseda, CA",235,3:07:48,7:10,M 30-34/4,M-32,18,3:07:56,66.52%
19,Wilmer Cerrato,"Los Angeles, CA",79,3:08:14,7:11,M 35-39/2,M-37,19,3:08:18,66.63%
20,Denis Desmond,"San Diego, CA",478,3:08:24,7:12,M 40-44/3,M-41,20,3:08:30,68.51%
21,Sanjiv Arora,"Ladera Ranch, CA",32,3:12:02,7:20,M 45-49/6,M-49,21,3:12:07,71.98%
22,Glimber Ayala,"Santa Ana, CA",39,3:13:11,7:23,M 30-34/5,M-33,22,3:13:21,64.67%
23,Tony Cota,"Valencia, CA",44,3:14:00,7:24,M 40-44/4,M-44,23,3:14:10,68.22%
24,Kevin McSweeney,"Newhall, CA",468,3:14:32,7:26,M 45-49/7,M-47,24,3:14:44,69.82%
25,Andrew Morley,"Boulder, CO",218,3:16:19,7:30,M 50-54/1,M-51,25,3:16:27,71.68%
26,David Louks,"Newbury Park, CA",186,3:17:02,7:31,M 60-64/1,M-61,26,3:17:06,78.52%
27,Gregg Horwitz,"Valencia, CA",150,3:17:37,7:33,M 40-44/5,M-43,27,3:17:52,66.41%
28,Ronald Booker,"Playa Del Rey, CA",47,3:19:04,7:36,M 40-44/6,M-42,28,3:19:26,65.38%
29,Erik Ruble,"Lancaster, CA",488,3:19:45,7:38,M 45-49/8,M-49,29,3:20:02,69.20%
30,Angel Martinez,"Pacoima, CA",196,3:20:32,7:39,M 50-54/2,M-51,30,3:20:33,70.18%
31,Aaron Filene,"Los Angeles, CA",119,3:21:06,7:41,M 25-29/5,M-28,31,3:21:12,62.12%
32,Shannon Landers,"Los Angeles, CA",168,3:21:58,7:43,F 25-29/1,F-29,1,3:21:58,67.17%
33,Barry Wallman,"Newport Beach, CA",324,3:23:52,7:47,M 60-64/2,M-62,32,3:23:56,76.65%
34,Dennis Olsen,"Valencia, CA",473,3:24:13,7:48,M 50-54/3,M-52,33,3:24:25,69.54%
35,Brynn Saunders,"Newport Beach, CA",273,3:24:32,7:49,F 30-34/1,F-32,2,3:24:34,66.47%
36,Miguel Rodriguez,"La Puente, CA",262,3:26:06,7:52,M 50-54/4,M-52,34,3:26:13,68.90%
37,James Weagley,"Porter Ranch, CA",327,3:26:55,7:54,M 50-54/5,M-54,35,3:30:36,69.90%
38,Christopher Lynch,"Palmdale, CA",486,3:27:28,7:55,M 30-34/6,M-32,36,3:28:02,60.22%
39,Ryan Dugan,"Fullerton, CA",106,3:28:06,7:57,M 30-34/7,M-32,37,3:28:36,60.03%
40,Jonathan Morse,"Castaic, CA",330,3:29:21,8:00,M 25-29/6,M-25,38,3:29:45,59.67%
41,William Caplenor,"Chatsworth, CA",329,3:29:22,8:00,M 25-29/7,M-29,39,3:29:45,59.67%
42,Duane Mosher,"Lancaster, CA",221,3:29:25,8:00,M 50-54/6,M-51,40,3:29:46,67.20%
43,Makoto Inoue,"Palmdale, CA",152,3:29:55,8:01,M 30-34/8,M-34,41,3:30:03,59.51%
44,Matthew Springer,"La Crescenta, CA",456,3:30:14,8:02,M 45-49/9,M-47,42,3:30:38,64.61%
45,Toccoa Kahovec,"Saugus, CA",159,3:30:24,8:02,F 16-24/1,F-24,3,3:31:13,64.37%
46,Grant Barnett,"Palmdale, CA",426,3:30:51,8:03,M 35-39/3,M-38,43,3:31:16,59.79%
47,Mark Valbuena,"Valencia, CA",33,3:31:32,8:05,M 30-34/9,M-33,44,3:31:37,59.06%
48,Rick Morales,"Stevenson Ranch, CA",216,3:31:33,8:05,M 45-49/10,M-45,45,3:31:58,63.10%
49,Nadia Ruiz,"Santa Fe Springs, CA",335,3:33:22,8:09,F 30-34/2,F-30,4,3:33:29,63.50%
50,David Levray,"San Gabriel, CA",178,3:33:33,8:09,M 50-54/7,M-50,46,3:33:42,65.31%
51,Juan Camacho,"Pacoima, CA",59,3:34:56,8:12,M 50-54/8,M-52,47,3:35:17,66.07%
52,Craig Anderson,"Corona, CA",27,3:35:06,8:13,M 45-49/11,M-49,48,3:35:14,64.26%
53,David Ventura,"Granada Hills, CA",314,3:35:07,8:13,M 25-29/8,M-25,49,3:35:07,58.07%
54,Kevin Connelly,"Valencia, CA",496,3:35:37,8:14,M 30-34/10,M-32,50,3:35:47,57.94%
55,Jet Aguilar,"Santa Clarita, CA",15,3:35:40,8:14,M 40-44/7,M-41,51,3:35:42,59.85%
56,Pedro Villagran,"Simi Valley, CA",497,3:36:14,8:15,M 45-49/12,M-45,52,3:36:15,61.74%
57,Simon Oliver,"Ladera Ranch, CA",233,3:36:26,8:16,M 40-44/8,M-41,53,3:37:13,59.64%
58,Zheng Liu,"San Gabriel, CA",183,3:37:14,8:18,M 40-44/9,M-43,54,3:37:19,60.42%
59,Sebastian Nosker,"Newhall, CA",230,3:37:39,8:19,M 30-34/11,M-33,55,3:37:45,57.40%
60,Steven Brenner,"Wrightwood, CA",49,3:37:58,8:19,M 40-44/10,M-43,56,3:38:33,60.21%
61,Paul Chung,"Porter Ranch, CA",86,3:39:10,8:22,M 30-34/12,M-34,57,3:39:26,57.00%
62,Alexander Chin,"Rancho Palos Verdes, CA",83,3:39:34,8:23,M 45-49/13,M-47,58,3:40:31,61.86%
63,Rosalia Martinez,"Santa Clarita, CA",197,3:40:04,8:24,F 30-34/3,F-31,5,3:41:03,61.65%
64,Brian Frank,"Valencia, CA",55,3:40:24,8:25,M 55-59/2,M-55,59,3:40:30,66.25%
65,Chad Vogtman,"San Clemente, CA",320,3:41:00,8:26,M 30-34/13,M-34,60,3:41:27,56.53%
66,Dominic Anthony,"Oxnard, CA",29,3:41:22,8:27,M 45-49/14,M-48,61,3:41:24,61.89%
67,Dennis Castaneda,"Los Angeles, CA",67,3:41:37,8:28,M 25-29/9,M-25,62,3:42:50,56.37%
68,Stuart Barrington,"Simi Valley, CA",40,3:42:02,8:29,M 45-49/15,M-47,63,3:42:46,61.17%
69,Paul Ronney,"Monrovia, CA",265,3:42:14,8:29,M 55-59/3,M-57,64,3:43:14,66.95%
70,Jesus Castellanos,"Arleta, CA",70,3:42:19,8:29,M 45-49/16,M-47,65,3:42:21,61.10%
71,Mike Stephens,"Simi Valley, CA",8,3:42:24,8:29,M 55-59/4,M-56,66,3:42:38,66.27%
72,Joe Toth,"Bakersfield, CA",307,3:42:55,8:31,M 45-49/17,M-46,67,3:43:19,60.40%
73,Shigeo Ogino,"Monterey Par, CA",476,3:43:25,8:32,M 50-54/9,M-52,68,3:43:39,63.56%
74,Deysi Osegueda,"N Hollywood, CA",490,3:43:32,8:32,F 30-34/4,F-32,6,3:43:50,60.82%
75,Mark Baum,"Pasadena, CA",60,3:43:43,8:32,M 60-64/3,M-60,69,3:44:17,68.48%
76,Brett Martyn,"Rancho Cucamonga, CA",198,3:44:18,8:34,M 30-34/14,M-34,70,3:44:27,55.70%
77,Heidi Wettstein,"Sacramento, CA",331,3:44:39,8:35,F 30-34/5,F-31,7,3:44:54,60.39%
78,Tarp Ledford,"Lexington, KY",174,3:45:04,8:36,M 35-39/4,M-36,71,3:45:10,55.57%
79,Joe Ogata,"Pacoima, CA",65,3:45:07,8:36,M 65-69/2,M-65,72,3:45:09,71.57%
80,Joel White,"San Diego, CA",345,3:45:15,8:36,M 25-29/10,M-26,73,3:45:32,55.46%
81,Maggie Edmiston,"Casper, WY",22,3:45:31,8:37,F 16-24/2,F-22,8,3:45:45,60.05%
82,Jacob McMeans,"Redlands, CA",204,3:46:13,8:38,M 16-24/1,M-24,74,3:46:24,55.22%
83,Isidro Figueroa,"Oxnard, CA",118,3:47:00,8:40,M 35-39/5,M-37,75,3:47:17,55.25%
84,Ezequiel Cuitino,"Los Angeles, CA",94,3:47:04,8:40,M 35-39/6,M-39,76,3:47:25,55.91%
85,Samanthaxoan Truong,"Chino Hills, CA",309,3:47:25,8:41,F 40-44/1,F-44,9,3:47:33,65.63%
86,Jorge Lemus,"Canyon Country, CA",177,3:47:45,8:42,M 30-34/15,M-34,77,3:47:57,54.85%
87,Johnathan Flaherty,"Los Alamitos, CA",120,3:48:01,8:42,M 16-24/2,M-24,78,3:48:13,54.79%
88,Remy Viehoff,"Lancaster, CA",317,3:48:07,8:42,M 25-29/11,M-26,79,3:49:08,54.76%
89,Mariateresa Magula,"La Crescenta, CA",190,3:48:33,8:44,F 30-34/6,F-34,10,3:48:43,59.88%
90,Sarkis Defterderian,"Glendale, CA",99,3:48:48,8:44,M 50-54/10,M-53,80,3:50:07,62.64%
91,Vanessa Kline,"Hesperia, CA",350,3:49:17,8:45,F 30-34/7,F-33,11,3:49:25,59.46%
92,Paul Cote,"Stevenson Ranch, CA",90,3:49:41,8:46,M 50-54/11,M-52,81,3:49:50,61.83%
93,Janell Fanger,"Moorpark, CA",114,3:49:44,8:46,F 35-39/1,F-35,12,3:50:02,59.86%
94,Stephen Wagner,"Aliso Viejo, CA",323,3:49:48,8:46,M 25-29/12,M-29,82,3:50:35,54.36%
95,David Kuhne,"AUS, ",165,3:50:38,8:48,M 55-59/5,M-57,83,3:50:47,64.52%
96,Xiao Lin,"Porter Ranch, CA",180,3:51:57,8:51,M 50-54/12,M-50,84,3:52:39,60.13%
97,Ferdinel Sabado,"Arleta, CA",267,3:52:17,8:52,M 16-24/3,M-24,85,3:53:46,53.78%
98,Stacey Franco,"Santa Clarita, CA",123,3:52:25,8:52,F 35-39/2,F-39,13,3:52:40,60.81%
99,Vicki Faulkner,"CAN, ",115,3:53:25,8:55,F 45-49/1,F-45,14,3:53:38,64.72%
100,Anel Hernandez,"Inglewood, CA",143,3:53:48,8:56,F 30-34/8,F-34,15,3:53:55,58.54%
101,Monica Olivas,"Pico Rivera, CA",232,3:54:09,8:56,F 30-34/9,F-31,16,3:54:17,57.94%
102,John Clarke,"Newhall, CA",87,3:54:10,8:56,M 50-54/13,M-51,86,3:54:29,60.10%
103,Blair Hansen,"Los Angeles, CA",141,3:55:47,9:00,F 45-49/2,F-48,17,3:56:06,66.49%
104,Frank Seres,"Pasadena, CA",278,3:55:57,9:00,M 35-39/7,M-37,87,3:57:14,53.16%
105,Eric Dangott,"Tustin, CA",96,3:56:08,9:01,M 40-44/11,M-41,88,3:56:20,54.66%
106,Kasey Cass,"Castaic, CA",66,3:56:41,9:02,F 16-24/3,F-22,18,3:57:15,57.22%
107,James Shen,"Saratoga, CA",281,3:56:42,9:02,M 55-59/6,M-57,89,3:58:05,62.86%
108,Daniela Avalosretano,"Sylmar, CA",494,3:56:49,9:02,F 16-24/4,F-23,19,3:57:33,57.19%
109,Jonathan Nez,"Santa Clarita, CA",225,3:56:57,9:03,M 35-39/8,M-37,90,3:57:53,52.93%
110,Manuel Calzadavillagomez,"Sun Valley, CA",462,3:57:10,9:03,M 45-49/18,M-47,91,3:57:12,57.27%
111,Danilo Razon,"Glendale, CA",487,3:57:14,9:03,M 55-59/7,M-59,92,3:58:05,63.94%
112,Deo Jaravata,"Granada Hills, CA",155,3:57:38,9:04,M 45-49/19,M-49,93,3:57:59,58.17%
113,Caitlin Myers,"San Mateo, CA",223,3:57:49,9:05,F 16-24/5,F-23,20,3:57:56,56.95%
114,Benjamin Fiandaca,"Valencia, CA",117,3:58:14,9:06,M 35-39/9,M-37,94,4:00:07,52.65%
115,Brandon Thrush,"Valencia, CA",24,3:58:46,9:07,M 16-24/4,M-24,95,3:59:15,52.32%
116,Andrew Scott,"Santa Clarita, CA",275,3:58:56,9:07,M 35-39/10,M-39,96,3:59:06,53.14%
117,Allen Smith,"Anaheim, CA",286,3:59:13,9:08,M 55-59/8,M-56,97,3:59:28,61.62%
118,Gerardo Torres,"Los Angeles, CA",467,3:59:19,9:08,M 40-44/12,M-41,98,3:59:21,53.94%
119,Jose Loreto,"Newhall, CA",507,3:59:20,9:08,M 25-29/13,M-25,99,3:59:20,52.20%
120,Nicol Tushla,"Brea, CA",310,3:59:22,9:08,F 45-49/3,F-45,21,4:00:13,63.11%
121,Daryl Rosenthal,"Canyon Country, CA",266,3:59:24,9:08,M 45-49/20,M-49,100,3:59:36,57.74%
122,Scott Douglas,"Santa Clarita, CA",359,3:59:46,9:09,M 35-39/11,M-39,101,3:59:56,52.95%
123,Nigel Toates,"Saugus, CA",400,3:59:47,9:09,M 50-54/14,M-54,102,3:59:57,60.32%
124,Gaynor Butler,"Valencia, CA",54,3:59:50,9:09,F 40-44/2,F-43,22,4:00:17,61.49%
125,Jeremy Sander,"Gardena, CA",271,4:00:44,9:11,M 30-34/16,M-33,103,4:01:00,51.89%
126,Yong Lee,"Los Angeles, CA",176,4:01:25,9:13,M 40-44/13,M-44,104,4:01:42,54.82%
127,Ward Sullivan,"Long Beach, CA",506,4:02:07,9:15,M 60-64/4,M-60,105,4:03:55,63.27%
128,Wing Lo,"West Covina, CA",184,4:02:22,9:15,M 50-54/15,M-53,106,4:04:31,59.13%
129,Jack Rhodes,"Edwards, CA",254,4:03:27,9:18,M 30-34/17,M-33,107,4:04:51,51.31%
130,Cesar Hernandez,"Newhall, CA",144,4:03:42,9:18,M 35-39/12,M-36,108,4:03:49,51.32%
131,Michael Enenbach,"San Diego, CA",110,4:03:44,9:18,M 30-34/18,M-34,109,4:04:00,51.25%
132,Mayumi Kimura,"Los Angeles, CA",162,4:04:02,9:19,F 40-44/3,F-43,23,4:04:19,60.43%
133,Vickie Adams,"Pinon Hills, CA",14,4:05:45,9:23,F 50-54/1,F-54,24,4:06:11,69.02%
134,Michael Lane,"San Diego, CA",169,4:06:24,9:24,M 40-44/14,M-41,110,4:07:47,52.38%
135,Berith Toledo,"San Fernando, CA",479,4:06:35,9:25,F 55-59/1,F-59,25,4:06:35,73.83%
136,Michelle Wheeler,"Tujunga, CA",332,4:06:51,9:25,F 40-44/4,F-42,26,4:07:31,59.04%
137,Dan Adams,"Pinon Hills, CA",12,4:06:52,9:25,M 65-69/3,M-66,111,4:07:18,65.94%
138,Steve Applebaum,"La Canada, CA",30,4:07:14,9:26,M 50-54/16,M-50,112,4:07:33,56.41%
139,Lino Torres,"Los Angeles, CA",481,4:07:42,9:27,M 40-44/15,M-44,113,4:07:51,53.43%
140,Joan Mayer,"Santa Barbara, CA",199,4:07:58,9:28,F 50-54/2,F-50,27,4:08:11,64.87%
141,Sy Vu,"Orange, CA",322,4:08:21,9:29,M 45-49/21,M-46,114,4:08:31,54.21%
142,Miguel Silva,"Pacoima, CA",284,4:08:52,9:30,M 25-29/14,M-27,115,4:09:40,50.20%
143,Beth Townsend,"Santa Clarita, CA",308,4:09:19,9:31,F 35-39/3,F-38,28,4:09:39,56.23%
144,Jen Francis,"Victorville, CA",410,4:09:37,9:32,F 40-44/5,F-40,29,4:10:59,57.15%
145,Jessper Maquindang,"Santa Clarita, CA",193,4:09:51,9:32,M 25-29/15,M-27,116,4:11:02,50.00%
146,David Valencia,"Riverside, CA",312,4:10:37,9:34,M 40-44/16,M-42,117,4:10:57,51.93%
147,Leocadia Melchor,"Newhall, CA",466,4:10:43,9:34,F 35-39/4,F-35,30,4:11:19,54.85%
148,Julie Garcia,"Santa Clarita, CA",126,4:11:03,9:35,F 35-39/5,F-37,31,4:11:28,55.43%
149,Andreina Chimal,"Sylmar, CA",82,4:11:57,9:37,F 16-24/6,F-21,32,4:12:36,53.75%
150,Julia Elaine,"Los Angeles, CA",108,4:11:59,9:37,F 45-49/4,F-47,33,4:12:11,61.44%
151,Jorge Guzman Escobar,"Huntington P, CA",499,4:12:02,9:37,M 45-49/22,M-48,118,4:13:02,54.36%
152,David Tokaji,"Monrovia, CA",304,4:12:14,9:38,M 40-44/17,M-44,119,4:12:52,52.47%
153,Jack Warren,"Los Angeles, CA",326,4:12:21,9:38,M 30-34/19,M-33,120,4:12:36,49.50%
154,David Crawford,"Chatsworth, CA",91,4:12:54,9:39,M 60-64/5,M-64,121,4:13:13,63.05%
155,Jack Shannon,"Newhall, CA",280,4:13:33,9:41,M 55-59/9,M-55,122,4:14:13,57.59%
156,Eric Ang,"Chino Hills, CA",483,4:14:20,9:43,M 30-34/20,M-32,123,4:14:37,49.12%
157,Dave Miller,"Palo Alto, CA",209,4:15:36,9:45,M 30-34/21,M-30,124,4:15:48,48.88%
158,Chavet Breslin,"Denver, CO",51,4:16:01,9:46,F 30-34/10,F-32,34,4:16:01,53.10%
159,Leah Perini,"Simi Valley, CA",498,4:16:08,9:47,F 30-34/11,F-33,35,4:17:06,53.23%
160,Allison Aubrey,"Santa Clara, CA",38,4:16:52,9:48,F 16-24/7,F-24,36,4:17:09,52.72%
161,Ted Liston,"Tujunga, CA",181,4:17:21,9:49,M 55-59/10,M-57,125,4:17:52,57.82%
162,Royce Chang,"Los Angeles, CA",81,4:17:38,9:50,F 35-39/6,F-37,37,4:17:57,54.01%
163,Marco Velazquez,"Chino Hills, CA",420,4:17:52,9:51,M 40-44/18,M-40,126,4:18:06,49.64%
164,Sug Jeong,"Woodland Hills, CA",464,4:18:43,9:53,M 50-54/17,M-53,127,4:19:59,55.39%
165,Barry Gribbons,"Stevenson Ranch, CA",135,4:20:47,9:57,M 45-49/23,M-45,128,4:21:10,51.19%
166,Ana Gutierrez,"Redondo Beach, CA",138,4:20:48,9:57,F 40-44/6,F-41,38,4:21:07,55.26%
167,Julie Gardener,"Canyon Country, CA",50,4:21:18,9:58,F 50-54/3,F-50,39,4:22:41,61.56%
168,Cesar Lopez,"National City, CA",19,4:21:43,9:59,M 16-24/5,M-19,129,4:22:16,48.93%
169,Danielle Marsh,"Stevenson Ranch, CA",194,4:22:11,10:00,F 25-29/2,F-29,40,4:22:56,51.65%
170,Eddie Schiffer,"Rahway, NJ",480,4:22:20,10:01,M 55-59/11,M-58,130,4:23:36,57.27%
171,Christopher Boyle,"Glendale, AZ",48,4:22:30,10:01,M 55-59/12,M-57,131,4:25:17,56.68%
172,Heather McCain,"Santa Clarita, CA",200,4:22:36,10:01,F 16-24/8,F-20,41,4:23:20,51.61%
173,Wayne Lee,"Stevenson Ranch, CA",469,4:22:52,10:02,M 45-49/24,M-45,132,4:23:38,50.78%
174,Craig Hasan,"Glendale, CA",475,4:22:54,10:02,M 50-54/18,M-51,133,4:24:41,53.53%
175,Brenda Starkins,"Mentone, CA",293,4:23:31,10:04,F 40-44/7,F-41,42,4:23:51,54.69%
176,Khoa Chu,"Alhambra, CA",84,4:24:12,10:05,M 25-29/16,M-26,134,4:25:57,47.28%
177,Michael Dinicola,"Valenony, CA",470,4:24:23,10:06,M 35-39/13,M-35,135,4:25:10,47.25%
178,Kelly Domaradzki,"Stevenson Ranch, CA",104,4:25:09,10:07,F 16-24/9,F-20,43,4:25:20,51.11%
179,Ricardo Cepeda,"Los Angeles, CA",77,4:25:31,10:08,M 30-34/22,M-31,136,4:25:34,47.05%
180,Carly Asher,"Santa Clarita, CA",37,4:28:14,10:14,F 16-24/10,F-23,44,4:28:58,50.49%
181,Julio Mendizabal,"Sherman Oaks, CA",207,4:28:37,10:15,M 55-59/13,M-56,137,4:29:38,54.87%
182,Richard Walter,"Santa Barbara, CA",325,4:28:41,10:15,M 55-59/14,M-57,138,4:28:55,55.38%
183,Jinghuan Liu Tervalon,"Altadena, CA",429,4:29:12,10:17,F 30-34/12,F-32,45,4:29:28,50.50%
184,Edgar Mejia,"Pasadena, CA",430,4:29:22,10:17,M 45-49/25,M-45,139,4:29:38,49.56%
185,Jackie Nichols,"Rancho Palos Verdes, CA",228,4:31:13,10:21,F 50-54/4,F-52,46,4:33:26,60.88%
186,Raymond Puentes,"Montebello, CA",250,4:31:48,10:22,M 30-34/23,M-33,140,4:33:04,45.96%
187,Glenn Anadeo,"Northridge, CA",26,4:32:33,10:24,M 40-44/19,M-40,141,4:32:46,46.97%
188,Ramiro Siliezar,"North Hollywood, CA",283,4:32:47,10:25,M 45-49/26,M-48,142,4:33:23,50.23%
189,Robert Godfrey,"Pine Mountain Club, CA",130,4:33:15,10:26,M 45-49/27,M-49,143,4:34:14,50.59%
190,Robyn Ortiz,"Saugus, CA",236,4:33:28,10:26,F 35-39/7,F-36,47,4:34:57,50.56%
191,Richard Uranga,"Chino Hills, CA",311,4:33:56,10:27,M 30-34/24,M-33,144,4:36:12,45.60%
192,Ladawn Allen,"San Diego, CA",25,4:34:43,10:29,F 50-54/5,F-51,48,4:34:59,59.31%
193,Jerry Caudillo,"Burbank, CA",491,4:35:09,10:30,M 30-34/25,M-34,145,4:35:31,45.40%
194,Michael Nichols,"Rancho Palos Verdes, CA",229,4:35:14,10:30,M 50-54/19,M-52,146,4:37:28,51.60%
195,Katharine Rietta,"Stevenson Ranch, CA",255,4:35:21,10:31,F 40-44/8,F-44,49,4:37:09,54.20%
196,Richard Hermann,"Camarillo, CA",142,4:35:23,10:31,M 35-39/14,M-35,147,4:36:00,45.36%
197,Baron Thompson,"Glendale, CA",302,4:35:25,10:31,M 35-39/15,M-38,148,4:35:33,45.77%
198,Brad Bartholomew,"Stevenson Ranch, CA",41,4:36:46,10:34,M 55-59/15,M-55,149,4:37:24,52.76%
199,Ronald Kageyama,"Los Angeles, CA",158,4:37:22,10:35,M 50-54/20,M-51,150,4:38:01,50.74%
200,Mark Dannerth,"Santa Clarita, CA",97,4:38:35,10:38,M 45-49/28,M-45,151,4:39:58,47.92%
