
8,Mike Stephens,M,58,"Simi Valley, CA",53 out of 324,49 out of 208,2 out of 25, 65.67% Place: 21,3:44:31 Pace: 8:34,3:44:31,3:44:39,43:24 Pace: 7:54,2:06:19 Pace: 8:16,3:00:41 Pace: 8:25
350,Grant Barnett,M,40,"Palmdale, CA",57 out of 324,52 out of 208,6 out of 26, 54.97% Place: 100,3:50:00 Pace: 8:47,3:50:00,3:50:18,46:55 Pace: 8:32,2:12:21 Pace: 8:39,3:05:35 Pace: 8:38
242,Jose Pablo Morales,M,52,"Pacoima, CA",58 out of 324,53 out of 208,3 out of 31, 60.70% Place: 41,3:50:01 Pace: 8:47,3:50:01,3:50:01,41:02 Pace: 7:28,2:03:49 Pace: 8:06,3:01:25 Pace: 8:27
467,Peter Bolton,M,26,"Santa Monica, CA",60 out of 324,55 out of 208,7 out of 14, 53.38% Place: 116,3:50:20 Pace: 8:48,3:50:20,3:50:54,41:38 Pace: 7:35,2:03:51 Pace: 8:06,3:00:23 Pace: 8:24
189,June Lee,F,57,"Montebello, CA",63 out of 324,7 out of 116,1 out of 10, 72.81% Place: 4,3:51:44 Pace: 8:51,3:51:44,3:52:03,45:52 Pace: 8:21,2:11:43 Pace: 8:37,3:06:16 Pace: 8:40
69,Stefano Cois,M,63,"San Jose, CA",64 out of 324,57 out of 208,3 out of 13, 66.73% Place: 15,3:51:47 Pace: 8:51,3:51:47,3:52:15,45:56 Pace: 8:21,2:11:47 Pace: 8:37,3:07:27 Pace: 8:44
436,Manuel Calzadavillagomez,M,49,"Sun Valley, CA",66 out of 324,58 out of 208,10 out of 26, 58.59% Place: 70,3:52:09 Pace: 8:52,3:52:09,3:52:09,47:13 Pace: 8:35,2:12:41 Pace: 8:41,3:08:04 Pace: 8:45
58,Alberto Cabrera,M,31,"Tustin, CA",68 out of 324,60 out of 208,8 out of 22, 52.75% Place: 124,3:53:07 Pace: 8:54,3:53:07,3:53:30,48:45 Pace: 8:52,            Pace:            ,            Pace:            
195,Erika Lilley,F,37,"Santa Barbara, CA",69 out of 324,9 out of 116,3 out of 20, 58.67% Place: 65,3:54:13 Pace: 8:56,3:54:13,3:54:17,43:39 Pace: 7:57,2:08:20 Pace: 8:24,3:05:48 Pace: 8:39
367,Miranda Westfall,F,27,"Los Angeles, CA",71 out of 324,11 out of 116,3 out of 14, 57.17% Place: 79,3:56:52 Pace: 9:03,3:56:52,3:57:50,43:29 Pace: 7:55,2:09:42 Pace: 8:29,3:08:46 Pace: 8:47
80,Thanh Dang,M,38,"Ridgecrest, CA",72 out of 324,61 out of 208,11 out of 29, 52.73% Place: 125,3:57:03 Pace: 9:03,3:57:03,3:57:06,46:09 Pace: 8:24,2:08:19 Pace: 8:24,3:05:10 Pace: 8:37
279,William Ramirez-Watson,M,26,"Los Angeles, CA",73 out of 324,62 out of 208,8 out of 14, 51.85% Place: 137,3:57:08 Pace: 9:03,3:57:08,3:57:18,45:55 Pace: 8:21,2:13:24 Pace: 8:44,3:09:39 Pace: 8:50
166,Hunter Kenyon,M,21,"Tehachapi, CA",74 out of 324,63 out of 208,7 out of 12, 51.79% Place: 138,3:57:26 Pace: 9:04,3:57:26,3:57:50,43:18 Pace: 7:53,2:04:53 Pace: 8:10,3:00:58 Pace: 8:25
147,Jennifer Huckleberry,F,24,"La Jolla, CA",75 out of 324,12 out of 116,1 out of 9, 56.98% Place: 84,3:57:40 Pace: 9:04,3:57:40,3:57:55,49:50 Pace: 9:04,2:16:28 Pace: 8:56,            Pace:            
20,Corey Albert,M,47,"Pasadena, CA",76 out of 324,64 out of 208,11 out of 26, 56.24% Place: 93,3:57:47 Pace: 9:05,3:57:47,3:57:47,41:08 Pace: 7:29,2:04:22 Pace: 8:08,3:03:36 Pace: 8:33
105,Diego Feo-Mendez,M,37,"Webster, TX",77 out of 324,65 out of 208,12 out of 29, 52.31% Place: 132,3:57:52 Pace: 9:05,3:57:52,3:59:35,48:47 Pace: 8:53,2:16:51 Pace: 8:57,3:13:15 Pace: 9:00
159,Jonathan Kahn,M,34,"Twentynine Palms, CA",78 out of 324,66 out of 208,9 out of 22, 51.75% Place: 139,3:58:16 Pace: 9:06,3:58:16,3:58:53,39:41 Pace: 7:13,1:58:54 Pace: 7:47,2:50:56 Pace: 7:58
464,Jose Loreto,M,27,"Newhall, CA",79 out of 324,67 out of 208,9 out of 14, 51.55% Place: 143,3:58:30 Pace: 9:06,3:58:30,3:58:31,40:40 Pace: 7:24,2:00:36 Pace: 7:53,3:03:29 Pace: 8:33
315,Michael Sim,M,28,"Lakewood, CA",80 out of 324,68 out of 208,10 out of 14, 51.43% Place: 144,3:59:06 Pace: 9:08,3:59:06,3:59:44,48:29 Pace: 8:49,2:18:59 Pace: 9:05,3:14:22 Pace: 9:03
179,Tessa Komine,F,25,"Claremont, CA",81 out of 324,13 out of 116,4 out of 14, 56.47% Place: 90,3:59:48 Pace: 9:09,3:59:48,3:59:58,46:42 Pace: 8:30,2:14:35 Pace: 8:48,3:14:18 Pace: 9:03
318,Theodore Slowiak,M,50,"Hudson, WI",82 out of 324,69 out of 208,6 out of 31, 57.21% Place: 78,3:59:51 Pace: 9:09,3:59:51,4:00:06,48:50 Pace: 8:53,2:19:16 Pace: 9:07,3:15:02 Pace: 9:05
399,Oksana Polukhowich,F,36,", ",83 out of 324,14 out of 116,4 out of 20, 57.07% Place: 82,3:59:52 Pace: 9:09,3:59:52,3:59:56,49:01 Pace: 8:55,2:19:30 Pace: 9:07,3:14:54 Pace: 9:04
400,Nigel Toates,M,56,", ",84 out of 324,70 out of 208,5 out of 25, 60.34% Place: 45,3:59:52 Pace: 9:09,3:59:52,3:59:57,49:01 Pace: 8:55,2:19:30 Pace: 9:08,3:14:54 Pace: 9:04
450,Laurene Box,F,40,"Sherman Oaks, CA",85 out of 324,15 out of 116,2 out of 20, 58.00% Place: 75,4:00:45 Pace: 9:11,4:00:45,4:00:51,45:27 Pace: 8:16,2:10:29 Pace: 8:32,3:08:35 Pace: 8:47
203,Ralph Lufkin,M,33,"San Diego, CA",86 out of 324,71 out of 208,10 out of 22, 50.87% Place: 151,4:01:59 Pace: 9:14,4:01:59,4:01:59,37:39 Pace: 6:51,1:46:59 Pace: 7:00,2:42:18 Pace: 7:33
372,Shigeo Ogino,M,54,"Monterey Park, CA",87 out of 324,72 out of 208,7 out of 31, 58.63% Place: 68,4:02:26 Pace: 9:15,4:02:26,4:02:31,43:38 Pace: 7:56,2:07:56 Pace: 8:22,3:10:59 Pace: 8:53
469,Fermin Lemus,M,46,"Palmdale, CA",88 out of 324,73 out of 208,12 out of 26, 54.61% Place: 107,4:02:48 Pace: 9:16,4:02:48,4:02:57,46:05 Pace: 8:23,2:08:08 Pace: 8:23,3:00:07 Pace: 8:23
116,Julie Garcia,F,39,"Santa Clarita, CA",90 out of 324,16 out of 116,5 out of 20, 57.12% Place: 81,4:02:59 Pace: 9:17,4:02:59,4:03:12,48:53 Pace: 8:54,2:19:22 Pace: 9:07,3:15:11 Pace: 9:05
352,Chris Toh,M,21,"Los Angeles, CA",92 out of 324,76 out of 208,8 out of 12, 50.34% Place: 156,4:04:14 Pace: 9:19,4:04:14,4:04:38,43:18 Pace: 7:53,2:05:29 Pace: 8:13,3:07:49 Pace: 8:45
194,Rodvé Lewis,M,27,"Los Angeles, CA",94 out of 324,78 out of 208,11 out of 14, 50.23% Place: 158,4:04:48 Pace: 9:21,4:04:48,4:06:06,48:21 Pace: 8:48,2:14:19 Pace: 8:47,3:12:45 Pace: 8:58
495,Fernando Santana,M,45,"Tarzana, CA",96 out of 324,80 out of 208,13 out of 26, 53.19% Place: 121,4:07:16 Pace: 9:26,4:07:16,4:08:36,45:09 Pace: 8:13,2:15:39 Pace: 8:52,3:13:37 Pace: 9:01
11,Dan Adams,M,68,"Pinon Hills, CA",97 out of 324,81 out of 208,1 out of 6, 65.76% Place: 20,4:07:19 Pace: 9:26,4:07:19,4:07:33,47:14 Pace: 8:36,2:14:46 Pace: 8:49,3:13:55 Pace: 9:02
370,Yeong Woo,M,55,"Glendale, CA",101 out of 324,84 out of 208,7 out of 25, 57.43% Place: 77,4:09:46 Pace: 9:32,4:09:46,4:11:12,52:16 Pace: 9:31,2:23:28 Pace: 9:23,3:18:44 Pace: 9:15
265,Jose Perez,M,49,"San Marino, CA",194 out of 324,144 out of 208,18 out of 26, 46.50% Place: 206,4:52:31 Pace: 11:10,4:52:31,4:53:11,53:13 Pace: 9:41,2:37:47 Pace: 10:19,3:51:25 Pace: 10:46
39,Geoff Bell,M,37,"Santa Clarita, CA",197 out of 324,146 out of 208,22 out of 29, 42.16% Place: 256,4:55:06 Pace: 11:16,4:55:06,4:56:18,            Pace:            ,            Pace:            ,            Pace:            
103,Jimmy Estrella,M,45,"Burbank, CA",199 out of 324,147 out of 208,19 out of 26, 44.39% Place: 232,4:56:14 Pace: 11:18,4:56:14,4:57:00,55:13 Pace: 10:03,2:43:18 Pace: 10:41,3:55:37 Pace: 10:58
72,Greg Conley,M,62,"Palmdale, CA",200 out of 324,148 out of 208,9 out of 13, 51.68% Place: 141,4:56:21 Pace: 11:19,4:56:21,4:58:57,53:11 Pace: 9:41,2:35:37 Pace: 10:11,3:48:55 Pace: 10:39
