Place,Name,Location,Bib,Net Time,Pace,Division/Place,Sex-Age,Sex-Place,Gun Time,Age Grade
1,jose ortiz,"Gardena, CA",350,2:42:45,6:13,M 45-49/1,M-47,1,2:42:45,83.46%
2,Naoki Kato,"Torrance, CA",114,2:51:21,6:33,M 35-39/1,M-38,2,2:51:21,73.59%
3,Mark Vishnevsky,"Lakewood, CA",260,2:52:42,6:36,M 30-34/1,M-30,3,2:52:42,72.34%
4,Kevin McSweeney,"Newhall, CA",283,2:54:25,6:40,M 40-44/1,M-43,4,2:54:30,75.25%
5,MANDY GRANTZ,"Pasadena, CA",367,2:56:22,6:44,F 18-24/1,F-24,1,2:56:22,76.82%
6,Jesus Lopez Herrera,"Huntington Park, CA",365,2:56:55,6:45,M 40-44/2,M-42,5,2:56:59,73.56%
7,ARMANDO MURILLO,"LONG BEACH, CA",373,2:58:20,6:49,M 40-44/3,M-40,6,2:58:20,71.78%
8,Adrian De Leon,"Canoga Park, CA",271,3:07:38,7:10,M 35-39/2,M-37,7,3:07:39,66.85%
9,KYLE ROBINSON,"NEWHALL, CA",337,3:07:43,7:10,M 25-29/1,M-25,8,3:07:43,66.55%
10,Erik Ohler,"Harbor City, CA",166,3:07:52,7:10,M 25-29/2,M-28,9,3:08:27,66.50%
11,Scott Blietz,"Santa Clarita, CA",218,3:08:17,7:11,M 35-39/3,M-39,10,3:08:22,67.43%
12,EMILIO MARTINEZ,"Los Angeles, CA",395,3:09:31,7:14,M 40-44/4,M-40,11,3:09:31,67.55%
13,Charles Breuer,"Carson, CA",131,3:10:03,7:15,M 45-49/2,M-48,12,3:10:13,72.09%
14,Ralph Obrist,"Los Angeles, CA",242,3:10:25,7:16,M 40-44/5,M-44,13,3:10:27,69.50%
15,Joel Espinoza,"MEX, ",309,3:10:48,7:17,M 30-34/2,M-32,14,3:10:52,65.48%
16,Woody Woodburn,"Ventura, CA",316,3:11:37,7:19,M 50-54/1,M-50,15,3:11:42,72.79%
17,Jesus Navarro,"El Monte, CA",227,3:13:03,7:22,M 45-49/3,M-48,16,3:13:05,70.97%
18,CHRISTOPHER RISCHMILLER,"CAMARILLO, CA",384,3:13:39,7:24,M 40-44/6,M-44,17,3:13:54,68.34%
19,Trevor Neeb,"San Diego, CA",239,3:14:14,7:25,M 30-34/3,M-31,18,3:14:21,64.32%
20,Frank Meza,"South Pasadena, CA",303,3:15:16,7:27,M 60-64/1,M-61,19,3:17:15,79.23%
21,William Peery,"Chino Hills, CA",284,3:15:20,7:27,M 40-44/7,M-44,20,3:15:21,67.75%
22,Grant Long,"San Diego, CA",231,3:15:27,7:28,M 45-49/4,M-45,21,3:16:24,68.30%
23,CHULSEUNG LEE,"GLENDALE, CA",376,3:17:14,7:32,M 45-49/5,M-48,22,3:17:20,69.47%
24,Gordon Kelly,"CAN, ",44,3:21:47,7:42,M 40-44/8,M-44,23,3:21:51,65.59%
25,Keith Panzer,"Aurora, CO",254,3:22:11,7:43,M 50-54/2,M-51,24,3:22:12,69.60%
26,Jack Cheng,"Temple City, CA",148,3:22:12,7:43,M 35-39/4,M-39,25,3:22:40,62.79%
27,Yuzo Yamaguchi,"Los Angeles, CA",300,3:22:44,7:44,M 35-39/5,M-35,26,3:23:02,61.62%
28,Haroutyoun Qahwajian,"Sun Valley, CA",171,3:23:40,7:47,M 40-44/9,M-42,27,3:23:55,63.90%
29,MARIO MORENO,"ARLETA, CA",343,3:23:43,7:47,M 40-44/10,M-43,28,3:23:49,64.42%
30,lino torres,"Alhambra, CA",372,3:24:02,7:47,M 40-44/11,M-40,29,3:24:06,62.74%
31,Lisa Yokoyama,"Huntington Beach, CA",187,3:25:10,7:50,F 40-44/1,F-41,2,3:25:10,70.27%
32,Paul Hammerton,"Sherman Oaks, CA",169,3:25:17,7:50,M 55-59/1,M-56,30,3:25:21,71.80%
33,Tony Cota,"Valencia, CA",138,3:26:43,7:54,M 40-44/12,M-40,31,3:26:51,61.93%
34,Charles Poole,"Palmdale, CA",272,3:26:46,7:54,M 40-44/13,M-40,32,3:27:27,61.91%
35,James Locke,"Manhattan Beach, CA",119,3:26:59,7:54,M 40-44/14,M-43,33,3:27:10,63.41%
36,David Aguirre,"San Fernando, CA",179,3:27:17,7:55,M 25-29/3,M-28,34,3:27:19,60.27%
37,Sheila Murphy,"Oceanside, CA",223,3:27:25,7:55,F 40-44/2,F-44,3,3:27:25,72.00%
38,Bradley Rhodes,"Oceanside, CA",177,3:27:55,7:56,M 45-49/6,M-46,35,3:28:02,64.76%
39,Rj Snyder,"San Diego, CA",84,3:28:00,7:56,M 18-24/1,M-23,36,3:28:06,60.06%
40,Mike Stephens,"Simi Valley, CA",8,3:28:41,7:58,M 50-54/3,M-52,37,3:29:10,68.05%
41,Norbert Hoehne,"Camarillo, CA",301,3:29:01,7:59,M 40-44/15,M-41,38,3:30:09,61.75%
42,Becca Feagin,"College Station, TX",162,3:30:04,8:01,F 18-24/2,F-21,4,3:30:10,64.47%
43,Matt Cobos,"Canyon Country, CA",150,3:30:09,8:01,M 18-24/2,M-22,39,3:30:16,59.48%
44,James Bender,"Playa Vista, CA",230,3:30:45,8:03,M 50-54/4,M-51,40,3:31:00,66.77%
45,SCOTT WILLIAMS,"LA CANADA, CA",353,3:30:52,8:03,M 45-49/7,M-45,41,3:48:52,63.31%
46,Stephen Herczeg,"Valencia, CA",197,3:31:39,8:05,M 18-24/3,M-22,42,3:32:16,59.06%
47,Kong Tan,"Rosemead, CA",280,3:33:37,8:09,M 35-39/6,M-37,43,3:34:14,58.72%
48,Steven Watanabe,"Santa Clarita, CA",11,3:33:37,8:09,M 55-59/2,M-57,44,3:33:40,69.66%
49,Caroline Wilson,"Rancho Santa Margarita, CA",102,3:33:41,8:09,F 40-44/3,F-42,5,3:33:50,68.21%
50,Matt Delmont,"Claremont, CA",255,3:33:51,8:10,M 30-34/4,M-32,45,3:34:05,58.42%
51,Tesha Mullen,"Newhall, CA",314,3:34:17,8:11,F 25-29/1,F-28,6,3:34:22,63.20%
52,Alex Estrada,"Van Nuys, ",325,3:34:43,8:12,M 40-44/16,M-41,46,3:34:54,60.11%
53,Wayne Lee,"Stevenson Ranch, CA",12,3:34:56,8:12,M 40-44/17,M-42,47,3:35:10,60.55%
54,Mara Stegemann,"Valencia, CA",141,3:35:11,8:13,F 35-39/1,F-36,7,3:35:20,64.25%
55,Brian Glasco,"Tucson, AZ",292,3:35:39,8:14,M 30-34/5,M-34,48,3:36:00,57.93%
56,Noreen Neary,"CAN, ",276,3:35:50,8:14,F 40-44/4,F-41,8,3:36:00,66.78%
57,John Hampton,"Long Beach, CA",259,3:37:31,8:18,M 40-44/18,M-44,49,3:37:46,60.84%
58,Deven Berthelson,"Tomball, TX",20,3:37:32,8:18,M 18-24/4,M-20,50,3:38:33,58.16%
59,Josh Greenbaum,"Los Angeles, CA",388,3:38:39,8:21,M 30-34/6,M-31,51,3:39:42,57.14%
60,Blake Teuscher,"Burbank, CA",234,3:39:54,8:24,M 40-44/19,M-40,52,3:40:01,58.21%
61,Romney Resney,"Pacific Palisades, CA",279,3:41:49,8:28,F 40-44/5,F-42,9,3:41:52,65.70%
62,Julio Jaramillo,"SOUTH GATE, CA",366,3:42:24,8:29,M 55-59/3,M-55,53,3:42:24,65.65%
63,STACI ROTH,"THOUSAND OAKS, CA",397,3:42:27,8:30,F 45-49/1,F-46,10,3:42:37,68.75%
64,Neil Quach,"Calabasas, CA",37,3:42:40,8:30,M 35-39/7,M-38,54,3:42:46,56.61%
65,Mike Richey,"Bakersfield, CA",193,3:43:03,8:31,M 35-39/8,M-37,55,3:43:24,56.23%
66,CARI BLANCHARD,"LADERA RANCH, CA",394,3:43:11,8:31,F 35-39/2,F-39,11,3:43:54,63.33%
67,Terry Crocker,"Westlake Village, CA",287,3:43:27,8:32,M 40-44/20,M-44,56,3:44:08,59.23%
68,REBECCA MISKE,"LAKE FOREST, CA",379,3:43:50,8:33,F 25-29/2,F-29,12,3:43:52,60.50%
69,Tim Osti,"Sierra Madre, CA",263,3:44:26,8:34,M 40-44/21,M-43,57,3:44:34,58.48%
70,Joel Behnke,"Valencia, CA",159,3:44:36,8:34,M 25-29/4,M-29,58,3:44:57,55.62%
71,Daniel Valles,"Sun Valley, CA",75,3:44:47,8:35,M 35-39/9,M-38,59,3:45:04,56.08%
72,Omar Robles,"Santa Clarita, CA",304,3:44:48,8:35,M 30-34/7,M-33,60,3:45:15,55.57%
73,John Osborn,"Ventura, CA",133,3:45:32,8:37,M 30-34/8,M-34,61,3:45:45,55.39%
74,Julie Jaross,"La Canada, CA",225,3:45:32,8:37,F 45-49/2,F-47,13,3:45:55,68.65%
75,Wing Lo,"Arcadia, CA",198,3:46:25,8:39,M 45-49/8,M-49,62,3:46:54,61.05%
76,Nicole Crist,"La Jolla, CA",24,3:47:00,8:40,F 25-29/3,F-28,14,3:47:29,59.66%
77,COLLEEN CANAN,"VALENCIA, CA",375,3:48:19,8:43,F 40-44/6,F-40,15,3:48:19,62.48%
78,Amy Wieser Willson,"West Fargo, ND",275,3:50:08,8:47,F 30-34/1,F-33,16,3:50:49,59.25%
79,Paul Arevalo,"Pasadena, CA",285,3:51:18,8:50,M 45-49/9,M-49,63,3:51:37,59.76%
80,Angel Martinez,"Pacoima, CA",142,3:51:23,8:50,M 45-49/10,M-46,64,3:51:23,58.19%
81,Daylene Meuschke,"Valencia, CA",186,3:51:42,8:51,F 30-34/2,F-34,17,3:51:48,59.07%
82,Fred Winkler,"Victorville, CA",118,3:51:51,8:51,M 50-54/5,M-50,65,3:52:22,60.16%
83,Berith Velasquez,"San Fernando, CA",199,3:51:52,8:51,F 55-59/1,F-55,18,3:51:52,74.16%
84,DEREK FRANK,"BURBANK, CA",341,3:52:44,8:53,M 35-39/10,M-37,66,3:52:52,53.89%
85,David Flowers,"Santa Clarita, CA",93,3:53:58,8:56,M 45-49/11,M-48,67,3:54:03,58.56%
86,Ernie Paez,"Lancaster, CA",127,3:54:02,8:56,M 45-49/12,M-49,68,3:54:36,59.06%
87,Richard Valdez,"North Hollywood, CA",246,3:54:15,8:57,M 40-44/22,M-41,69,3:58:06,55.10%
88,Robert Sistko,"Fernandina Beach, FL",178,3:54:24,8:57,M 55-59/4,M-57,70,3:54:52,63.48%
89,KELLEY PUCKETT,"LOS ANGELES, CA",381,3:54:42,8:58,F 25-29/4,F-29,19,3:55:46,57.70%
90,CRAIG HARRISON,"LOS ANGELES, CA",383,3:54:59,8:58,M 30-34/9,M-30,71,3:56:03,53.16%
91,Jessica Balsam,"Los Angeles, CA",89,3:55:06,8:58,F 30-34/3,F-33,20,3:55:15,57.99%
92,Joe Ogata,"Pacoima, CA",61,3:55:08,8:59,M 60-64/2,M-61,72,3:55:13,65.80%
93,Hendrix Caudill,"Hawthorne, CA",60,3:55:08,8:59,M 35-39/11,M-39,73,3:55:25,53.99%
94,Keith Wells,"Valencia, CA",306,3:55:11,8:59,M 18-24/5,M-23,74,3:57:10,53.12%
95,Darryl Wells,"Valencia, CA",305,3:55:17,8:59,M 45-49/13,M-48,75,3:57:17,58.23%
96,MANUEL CALZADA,"SUN VALLEY, CA",349,3:55:18,8:59,M 40-44/23,M-43,76,3:55:22,55.78%
97,Andrew Horng,"Marina Del Rey, CA",212,3:55:36,9:00,M 25-29/5,M-28,77,3:55:52,53.02%
98,Kirk Budds,"El Segundo, CA",277,3:55:38,9:00,M 45-49/14,M-48,78,3:57:36,58.15%
99,Andreas Agster,"DEU, ",290,3:55:38,9:00,M 40-44/24,M-43,79,3:56:01,55.70%
100,Wilson Liu,"Arcadia, CA",53,3:55:42,9:00,M 50-54/6,M-53,80,3:56:10,60.80%
101,Mike Burke,"Torrance, CA",278,3:55:53,9:00,M 45-49/15,M-47,81,3:57:50,57.58%
102,Alyssa Gonzales,"Saugus, CA",31,3:56:22,9:01,F 18-24/3,F-22,21,3:57:43,57.29%
103,MICHAEL FERALDI,"APACHE JUNCTI, CA",363,3:56:34,9:02,M 30-34/10,M-34,82,3:57:00,52.81%
104,Daniel Pearce,"Temple City, CA",128,3:56:47,9:02,M 30-34/11,M-31,83,3:57:42,52.76%
105,LAWRENCE GREGGE,"MORENO VALLEY, CA",340,3:56:53,9:03,M 55-59/5,M-55,84,3:57:35,61.64%
106,Chrissa Rabe,"Valencia, CA",310,3:57:24,9:04,F 30-34/4,F-33,22,3:57:45,57.43%
107,Jerry Vicich,"Woodland Hills, CA",116,3:57:44,9:05,M 50-54/7,M-52,85,3:58:01,59.73%
108,Douglas Steele,"Plano, TX",155,3:57:56,9:05,M 35-39/12,M-38,86,3:58:09,52.98%
109,Nigel Toates,"Saugus, CA",50,3:58:10,9:06,M 50-54/8,M-50,87,3:58:26,58.56%
110,Gerry Ong,"Monterey Park, CA",156,3:59:24,9:08,M 40-44/25,M-41,88,3:59:51,53.92%
111,David Uribe,"La Habra, CA",98,3:59:43,9:09,M 18-24/6,M-24,89,3:59:46,52.11%
112,Vickie Adams,"Pinon Hills, CA",154,4:00:35,9:11,F 50-54/1,F-50,23,4:01:06,66.86%
113,Jason Wagner,"Saugus, CA",112,4:00:45,9:11,M 40-44/26,M-41,90,4:01:17,53.61%
114,Darcee Gilbert-Gomez,"Denver, CO",77,4:00:59,9:12,F 35-39/3,F-36,24,4:01:13,57.37%
115,David Amado,"La Crescenta, CA",88,4:01:34,9:13,M 35-39/13,M-38,91,4:01:49,52.18%
116,Jose Torres,"Northridge, CA",125,4:01:48,9:14,M 40-44/27,M-41,92,4:02:40,53.38%
117,Jason Mock,"Valencia, CA",13,4:02:47,9:16,M 35-39/14,M-38,93,4:03:02,51.92%
118,WARD SULLIVAN,"LONG BEACH, CA",386,4:03:01,9:17,M 55-59/6,M-56,94,4:03:43,60.65%
119,Dan Adams,"Pinon Hills, CA",153,4:03:10,9:17,M 60-64/3,M-62,95,4:03:39,64.26%
120,Betsy Estacio,"Pasadena, CA",16,4:03:51,9:19,F 40-44/7,F-41,25,4:05:23,59.10%
121,Dennis Snyder,"Northridge, CA",90,4:03:57,9:19,M 60-64/4,M-62,96,4:04:12,64.05%
122,CRISPIN TENORIO,"Murrieta, CA",374,4:04:10,9:19,M 40-44/28,M-40,97,4:04:48,52.43%
123,SUE MANN,"DEL MAR, CA",369,4:04:53,9:21,F 55-59/2,F-55,26,4:05:50,70.22%
124,Yong Lee,"Los Angeles, CA",68,4:06:33,9:25,M 40-44/29,M-40,98,4:07:01,51.92%
125,Allen Smith,"Sun Valley, CA",91,4:06:34,9:25,M 50-54/9,M-52,99,4:06:50,57.59%
126,Armen Anassian,"Burbank, CA",120,4:06:45,9:25,M 45-49/16,M-47,100,4:07:04,55.05%
127,Edgar Illescas,"Van Nuys, CA",318,4:07:33,9:27,M 45-49/17,M-47,101,4:08:03,54.87%
128,Deo Jaravata,"Granada Hills, CA",216,4:07:41,9:27,M 45-49/18,M-45,102,4:07:51,53.90%
129,Jon Mahoney,"Palm Desert, CA",28,4:07:49,9:28,M 55-59/7,M-58,103,4:07:59,60.62%
130,Sherry Mahoney,"Palm Desert, CA",29,4:07:55,9:28,F 45-49/3,F-46,27,4:08:02,61.68%
131,Tanya Edwards,"Menlo Park, CA",95,4:08:02,9:28,F 30-34/5,F-33,28,4:08:13,54.97%
132,Stephen Hansen,"Palmdale, CA",190,4:08:11,9:28,M 35-39/15,M-39,104,4:10:10,51.16%
133,Ronald Kim,"Valencia, CA",45,4:08:20,9:29,M 40-44/30,M-41,105,4:09:38,51.98%
134,Alberto Cabrera,"Tustin, CA",147,4:09:08,9:31,M 25-29/6,M-25,106,4:09:48,50.14%
135,Laura Evens,"Newhall, CA",40,4:09:12,9:31,F 40-44/8,F-42,29,4:10:42,58.48%
136,Blyth Matsuoka,"Torrance, CA",182,4:09:20,9:31,F 55-59/3,F-55,30,4:10:16,68.97%
137,Mauricio Puerto,"Port Hueneme, CA",241,4:09:21,9:31,M 35-39/16,M-38,107,4:09:22,50.55%
138,DELFINO RODRIGUEZ,"LOS ANGELES, CA",371,4:09:54,9:32,M 60-64/5,M-63,108,4:09:54,63.16%
139,Lorraine Gersitz,"Fullerton, CA",249,4:09:58,9:33,F 55-59/4,F-56,31,4:10:16,69.76%
140,Robert Sklenar,"Valencia, CA",22,4:10:33,9:34,M 40-44/31,M-40,109,4:11:47,51.09%
141,Andrew Dodd,"Corona, CA",161,4:11:33,9:36,M 40-44/32,M-42,110,4:12:10,51.74%
142,Jakob Herrmann,"Yorba Linda, CA",152,4:11:54,9:37,M 35-39/17,M-39,111,4:12:33,50.40%
143,Dominique Desseroit,"Schenectady, NY",385,4:12:39,9:39,M 25-29/7,M-28,112,4:13:02,49.45%
144,Miguel Martinez,"Santa Fe Springs, CA",233,4:12:45,9:39,M 40-44/33,M-42,113,4:13:17,51.49%
145,ANTHONY TESKE,"LANCASTER, CA",392,4:12:55,9:39,M 65-69/1,M-67,114,4:13:13,65.05%
146,Justina Kahaku,"Canyon Country, CA",52,4:12:58,9:39,F 25-29/5,F-28,32,4:13:56,53.53%
147,Chu Shin,"Burbank, CA",307,4:13:18,9:40,F 60-64/1,F-62,33,4:13:36,75.17%
148,Max Elbaum,"Oakland, CA",175,4:13:21,9:40,M 60-64/6,M-63,115,4:14:00,62.30%
149,Mario Carranza,"Reseda, CA",17,4:13:34,9:41,M 45-49/19,M-49,116,4:14:07,54.51%
150,Brett Reed,"Miami, FL",99,4:13:39,9:41,M 25-29/8,M-29,117,4:14:13,49.25%
151,Sara Johnson,"Arcadia, CA",54,4:14:02,9:42,F 30-34/6,F-33,34,4:15:46,53.67%
152,Victoria Burton,"San Diego, CA",188,4:14:39,9:43,F 18-24/4,F-22,35,4:15:51,53.18%
153,Rizandro Deguzman,"Oxnard, CA",30,4:15:08,9:44,M 35-39/18,M-35,118,4:16:36,48.96%
154,Amy Simmons,"Menlo Park, CA",192,4:15:21,9:45,F 35-39/4,F-37,36,4:16:10,54.50%
155,Jonathan McLean,"Sylmar, CA",226,4:15:22,9:45,M 50-54/10,M-50,119,4:15:46,54.62%
156,RICARDO SANCHEZ,"MCFARLAND, CA",387,4:15:48,9:46,M 25-29/9,M-29,120,4:16:32,48.84%
157,JOHN ABRANTES,"RNCH CUCAMNGA, CA",345,4:15:51,9:46,M 40-44/34,M-44,121,4:16:00,51.73%
158,Albert Au,"Thousand Oaks, CA",157,4:16:18,9:47,M 55-59/8,M-56,122,4:16:42,57.51%
159,Lisa Steen Proctor,"Manhattan Beach, CA",268,4:16:31,9:47,F 45-49/4,F-47,37,4:16:42,60.36%
160,Elisa Johnson,"Manhattan Beach, CA",124,4:16:31,9:48,F 45-49/5,F-45,38,4:16:42,58.89%
161,Bethany Stirdivant,"Glendale, CA",80,4:17:18,9:49,F 30-34/7,F-33,39,4:18:36,52.99%
162,CIMITRIO CERVANTES,"MISSION HILLS, CA",378,4:17:23,9:49,M 40-44/35,M-42,123,4:17:27,50.56%
163,Sharon Allen,"TORRANCE, CA",163,4:17:51,9:51,F 50-54/2,F-53,40,4:18:23,64.90%
164,Dotty Maddock,"Phoenix, AZ",27,4:18:12,9:51,F 55-59/5,F-56,41,4:18:22,67.54%
165,James Bergstrom Ii,"Corona, CA",38,4:18:14,9:51,M 30-34/12,M-34,124,4:19:18,48.38%
166,Pamela Bercovicci,"Santa Clarita, CA",351,4:18:22,9:52,F 45-49/6,F-49,42,4:18:41,61.45%
167,Bethany Sumrall,"San Dimas, CA",184,4:19:16,9:54,F 25-29/6,F-29,43,4:20:16,52.23%
168,DONALD SEVESIND,"COVINA, CA",362,4:19:32,9:54,M 35-39/19,M-36,125,4:19:50,48.19%
169,Lance Close,"Palmdale, CA",56,4:19:36,9:55,M 45-49/20,M-45,126,4:20:52,51.42%
170,Mark Cowdin,"La Canada, CA",229,4:19:50,9:55,M 45-49/21,M-45,127,4:20:35,51.37%
171,ALBERTO ROSARIO,"BUENA PARK, CA",391,4:20:19,9:56,M 50-54/11,M-54,128,4:21:43,55.56%
172,Joey Aschoff,"Saugus, CA",104,4:20:42,9:57,M 45-49/22,M-46,129,4:21:34,51.65%
173,Stan Dewan,"Rancho Santa Margarita, CA",172,4:21:12,9:58,M 40-44/36,M-41,130,4:21:40,49.42%
174,Jeff Neumeister,"Valley Village, CA",210,4:21:16,9:58,M 30-34/13,M-30,131,4:22:09,47.81%
175,Yung Lau,"Downey, CA",92,4:22:52,10:02,M 60-64/7,M-63,132,4:23:10,60.04%
176,Young Pipan,"Harbor City, CA",69,4:23:15,10:03,F 50-54/3,F-53,44,4:23:21,63.57%
177,Gregory Hrncir,"Encino, CA",183,4:23:57,10:05,M 40-44/37,M-43,133,4:24:09,49.72%
178,William Povletich,"Stevenson Ranch, CA",106,4:24:56,10:07,M 35-39/20,M-38,134,4:25:45,47.58%
179,Frank Norton,"Valencia, CA",66,4:26:23,10:10,M 65-69/2,M-66,135,4:26:44,61.11%
180,JANET URIBE,"Pasadena, CA",338,4:26:36,10:11,F 35-39/5,F-39,45,4:27:54,53.02%
181,Victor Trippetti,"Los Angeles, CA",342,4:27:10,10:12,M 60-64/8,M-62,136,4:27:36,58.49%
182,Ruben Arredondo,"Burlington, MA",129,4:27:16,10:12,M 30-34/14,M-34,137,4:28:05,46.74%
183,Hyunchan Choi,"Lomita, CA",58,4:27:20,10:12,M 55-59/9,M-57,138,4:27:28,55.66%
184,Ty Fierroz,"Altadena, CA",257,4:28:00,10:14,M 30-34/15,M-33,139,4:28:51,46.61%
185,Matthew Acer,"Waddell, AZ",160,4:28:07,10:14,M 30-34/16,M-32,140,4:29:58,46.59%
186,Mary Alogo,"Lancaster, CA",253,4:28:10,10:14,F 35-39/6,F-39,46,4:28:42,52.71%
187,Israel Sanchez,"Canyon Country, CA",323,4:28:31,10:15,M 30-34/17,M-31,141,4:29:32,46.52%
188,Selena Leon,"Valencia, CA",105,4:28:56,10:16,F 30-34/8,F-30,47,4:29:07,50.37%
189,Erik Jegel,"Valencia, CA",170,4:29:00,10:16,M 30-34/18,M-33,142,4:30:46,46.44%
190,Mark Dannerth,"Santa Clarita, CA",117,4:30:01,10:18,M 40-44/38,M-41,143,4:30:58,47.80%
191,Myung Park,"Pasadena, CA",35,4:30:31,10:20,M 65-69/3,M-68,144,4:30:51,61.46%
192,Adriana Simon,"Anaheim, CA",273,4:30:46,10:20,F 45-49/7,F-47,48,4:31:59,57.18%
193,LEAH BINGHAM,"Simi Valley, CA",334,4:31:01,10:21,F 25-29/7,F-29,49,4:31:08,49.97%
194,Fred Preston,"San Dimas, CA",139,4:31:45,10:22,M 55-59/10,M-55,145,4:32:15,53.73%
195,Melinda McCallion,"Simi Valley, CA",250,4:32:19,10:24,F 30-34/9,F-31,50,4:32:26,49.82%
196,Eddie Schiffer,"Elmont, NY",368,4:32:52,10:25,M 50-54/12,M-54,146,4:34:03,53.01%
197,Keith Lynn,"Valencia, CA",245,4:32:58,10:25,M 55-59/11,M-58,147,4:33:08,55.03%
198,Ernest Fisco,"Santa Clarita, CA",10,4:33:33,10:26,M 45-49/23,M-45,148,4:33:52,48.80%
199,Ed Burke,"Canyon Country, CA",286,4:33:43,10:27,M 60-64/9,M-60,149,4:34:37,55.97%
200,Krista Vanderwal,"Ontario, CA",251,4:34:03,10:28,F 30-34/10,F-34,51,4:35:30,49.94%
201,WAYNE HANAWALT,"BODFISH, CA",396,4:34:09,10:28,M 45-49/24,M-48,150,4:34:24,49.98%
202,Ronald Eichler,"Santa Clarita, CA",7,4:34:10,10:28,M 60-64/10,M-64,151,4:34:15,58.16%
203,Ann Campbell,"Rolling Hills Estates, CA",65,4:34:18,10:28,F 50-54/4,F-54,52,4:34:34,61.84%
204,Stephanie Baldner,"Tucson, AZ",220,4:34:41,10:29,F 30-34/11,F-34,53,4:35:07,49.82%
205,Michael Woods,"South Holland, IL",64,4:35:15,10:30,M 60-64/11,M-64,152,4:35:21,57.93%
206,Martin Gonzalez,"Canyon Country, CA",269,4:36:37,10:34,M 45-49/25,M-46,153,4:37:26,48.67%
207,Tia Maggini,"Los Angeles, CA",134,4:37:15,10:35,F 35-39/7,F-37,54,4:37:45,50.19%
208,Douglas Forman,"Simi Valley, CA",48,4:37:16,10:35,M 40-44/39,M-41,154,4:37:48,46.55%
209,ROBERT SKLENAR,"STEVENSON RNH, CA",330,4:37:23,10:35,M 40-44/40,M-40,155,4:37:43,46.15%
210,Jose Oros,"Anza, CA",293,4:37:26,10:35,M 18-24/7,M-20,156,4:38:30,45.60%
211,Jay Torres,"La Crescenta, CA",322,4:38:10,10:37,M 40-44/41,M-40,157,4:39:10,46.02%
212,Jong-Kwan Kim,"Palmdale, CA",113,4:38:13,10:37,M 45-49/26,M-45,158,4:38:49,47.98%
213,Michelle Bolen,"Bellevue, WA",295,4:38:41,10:38,F 30-34/12,F-33,55,4:39:02,48.92%
214,Jennifer Whitcomb,"Valencia, CA",296,4:38:42,10:38,F 35-39/8,F-36,56,4:39:02,49.61%
215,Richard Hermann,"Oak Park, CA",21,4:38:44,10:38,M 30-34/19,M-31,159,4:39:42,44.82%
216,Bahman Janka,"Santa Clarita, CA",321,4:39:09,10:39,M 50-54/13,M-54,160,4:40:46,51.82%
217,David Crawford,"Chatsworth, CA",97,4:39:16,10:40,M 60-64/12,M-60,161,4:39:52,54.86%
218,Kent Watts,"Canyon Country, CA",146,4:39:23,10:40,M 45-49/27,M-48,162,4:39:28,49.04%
219,Guillermo Gomez,"Denver, CO",76,4:39:30,10:40,M 35-39/21,M-36,163,4:39:44,44.74%
220,Tamer Barakat,"Valencia, CA",173,4:39:41,10:41,M 35-39/22,M-39,164,4:39:44,45.39%
221,Jeff Moore,"Red Bluff, CA",85,4:40:18,10:42,M 40-44/42,M-44,165,4:40:18,47.21%
222,Michael Dinicola,"Valencia, CA",215,4:41:09,10:44,M 30-34/20,M-31,166,4:41:40,44.43%
223,David Moore,"Acton, CA",221,4:41:58,10:46,M 40-44/43,M-44,167,4:42:43,46.94%
224,Debra Holm,"Orange, CA",213,4:42:09,10:46,F 45-49/8,F-49,57,4:43:53,56.27%
225,KEITH LOVENDOSKY,"SANTA MONICA, CA",331,4:42:11,10:46,M 55-59/12,M-55,168,4:42:46,51.74%
226,Jennifer Proper,"Valencia, CA",115,4:42:33,10:47,F 30-34/13,F-32,58,4:44:12,48.11%
227,Robert Fileta,"Burbank, CA",33,4:42:47,10:48,M 35-39/23,M-36,169,4:43:31,44.22%
228,Noel Garibay,"San Diego, CA",294,4:43:05,10:48,M 40-44/44,M-40,170,4:43:38,45.22%
229,DAVID OCAMPO,"CANOGA PARK, CA",348,4:44:06,10:51,M 35-39/24,M-35,171,4:44:36,43.97%
230,Christopher Boyle,"Glendale, AZ",14,4:44:34,10:52,M 50-54/14,M-53,172,4:46:13,50.36%
231,Raymond Puentes,"Pacoima, CA",209,4:45:12,10:53,M 25-29/10,M-29,173,4:46:32,43.80%
232,Damian Christian,"Northridge, CA",164,4:45:14,10:53,M 45-49/28,M-47,174,4:45:50,47.62%
233,AGUSTINA MONTIEL,"PACOIMA, CA",336,4:45:23,10:54,F 50-54/5,F-52,59,4:46:00,57.86%
234,MARTHA IZAZAGA,"PACOIMA, CA",335,4:45:23,10:54,F 40-44/9,F-42,60,4:46:00,51.07%
235,ARACELI HEREDIA,"CANYON CNTRY, CA",359,4:45:44,10:54,F 40-44/10,F-40,61,4:46:30,49.93%
236,Jeffrey Bass,"Sunland, CA",266,4:45:46,10:54,M 35-39/25,M-36,175,4:46:32,43.76%
237,Lora Tang,"Riverside, CA",149,4:47:23,10:58,F 40-44/11,F-44,62,4:47:51,51.93%
238,Norman Suguitan,"San Diego, CA",82,4:48:57,11:02,M 45-49/29,M-45,176,4:52:01,46.20%
239,Amy Bassett,"Glendale, CA",200,4:49:03,11:02,F 30-34/14,F-30,63,4:50:21,46.87%
240,Jason Schuchard,"Santa Ana, CA",111,4:49:44,11:04,M 30-34/21,M-30,177,4:50:19,43.12%
241,CAROLYN HOWARD,"MAR VISTA, CA",382,4:50:08,11:04,F 40-44/12,F-44,64,4:51:40,51.44%
242,Nancy Shumard,"Quartz Hill, CA",136,4:50:21,11:05,F 35-39/9,F-39,65,4:50:48,48.68%
243,Luke Shumard,"Quartz Hill, CA",135,4:50:21,11:05,M 35-39/26,M-36,178,4:50:48,43.07%
244,Bethanie Bass,"Sunland, CA",265,4:51:09,11:07,F 35-39/10,F-35,66,4:51:52,47.23%
245,Suzan Martiln,"Saugus, CA",222,4:51:24,11:07,F 45-49/9,F-47,67,4:52:26,53.13%
246,Michael Dipperstein,"Reseda, CA",264,4:51:40,11:08,M 18-24/8,M-24,179,4:52:40,42.83%
247,Robin Fontana,"Camarillo, CA",298,4:51:42,11:08,F 45-49/10,F-49,68,4:52:42,54.43%
248,Henry Sorcelli,"Lancaster, CA",168,4:52:29,11:10,M 50-54/15,M-53,180,4:52:41,49.00%
249,Kelly Joiner,"Tujunga, CA",236,4:52:38,11:10,F 45-49/11,F-49,69,4:53:24,54.26%
250,John Digrado,"La Crescenta, CA",282,4:52:59,11:11,M 30-34/22,M-34,181,4:54:28,42.64%
251,Isidro Alamillo,"La Crescenta, CA",302,4:53:08,11:11,M 40-44/45,M-43,182,4:53:39,44.77%
252,Lisa Wikert,"Riverside, CA",238,4:54:27,11:14,F 45-49/12,F-46,70,4:55:09,51.94%
253,Anne Brakeman,"Saugus, CA",247,4:55:39,11:17,F 45-49/13,F-48,71,4:56:59,53.03%
254,Cory Pechtl,"Gilbert, AZ",208,4:56:23,11:19,M 25-29/11,M-28,183,4:58:14,42.15%
255,Angela Gonzalez,"Canyon Country, CA",39,4:57:21,11:21,F 25-29/8,F-28,72,4:58:41,45.54%
256,Arthur Harms,"Pasadena, CA",71,4:57:41,11:22,M 45-49/30,M-48,184,4:57:56,46.02%
257,Leda Whitmer,"Valencia, CA",167,4:57:51,11:22,F 55-59/6,F-59,73,4:58:07,61.12%
258,VICTOR ROMERO,"COVINA, CA",356,4:58:10,11:23,M 55-59/13,M-57,185,4:59:08,49.90%
259,Philo Short,"Monterey, CA",205,4:58:58,11:25,M 70-99/1,M-72,186,4:59:03,58.15%
260,Rawlins Jordan,"Santa Clarita, CA",6,4:59:03,11:25,M 65-69/4,M-67,187,4:59:52,55.01%
261,Ellen Dorsey,"Newbury Park, CA",194,4:59:57,11:27,F 30-34/15,F-31,74,5:01:58,45.23%
262,Ingrid Miller,"Irvine, CA",181,5:03:08,11:34,F 50-54/6,F-50,75,5:03:58,53.06%
263,Jean Laroche,"Santa Monica, CA",36,5:03:21,11:35,M 55-59/14,M-57,188,5:04:24,49.05%
264,Cynthia Clark,"Simi Valley, CA",195,5:03:45,11:36,F 55-59/7,F-57,76,5:04:24,58.23%
265,Jonathan Guardo,"Los Angeles, CA",145,5:04:47,11:38,M 40-44/46,M-41,189,5:05:03,42.35%
266,Carl Rogers,"Norwalk, CA",256,5:05:04,11:39,M 55-59/15,M-57,190,5:05:39,48.77%
267,Jennifer Coppess,"Santa Clarita, CA",207,5:05:26,11:39,F 35-39/11,F-39,77,5:06:16,46.28%
268,Christine Ramirez,"Santa Clarita, CA",62,5:06:36,11:42,F 40-44/13,F-41,78,5:08:05,47.01%
269,JOHN BACKMAN,"ENCINITAS, CA",370,5:07:12,11:43,M 60-64/13,M-64,191,5:08:09,51.90%
270,Chester Reyes,"Los Angeles, CA",15,5:07:31,11:44,M 30-34/23,M-31,192,5:08:08,40.62%
271,ALLEN CEPEDA,"Montclair, CA",354,5:07:39,11:45,M 25-29/12,M-26,193,5:08:11,40.61%
272,Tina M Gaitan,"North Hills, CA",361,5:07:48,11:45,F 40-44/14,F-43,79,5:07:49,47.91%
273,Edward Mayeda,"Seattle, WA",299,5:08:49,11:47,M 45-49/31,M-48,194,5:09:14,44.37%
274,Emily Oshiro,"Portland, OR",122,5:09:51,11:50,F 30-34/16,F-30,80,5:10:18,43.72%
275,Gilbert Kelley,"Diamond Bar, CA",297,5:10:02,11:50,M 60-64/14,M-62,195,5:11:29,50.40%
276,Sara Admiraal,"Chino, CA",121,5:10:15,11:50,F 25-29/9,F-28,81,5:11:42,43.65%
277,Ezra Weisz,"Glendale, CA",201,5:12:15,11:55,M 35-39/27,M-39,196,5:13:34,40.66%
278,Greg Sudbury,"Ventura, CA",185,5:12:54,11:57,M 30-34/24,M-30,197,5:13:22,39.92%
279,Guadalupe Malagon,"San Fernando, CA",191,5:14:05,11:59,F 18-24/5,F-23,83,5:15:08,43.12%
280,Jennifer Magallon,"San Fernando, CA",126,5:14:05,11:59,F 18-24/6,F-23,82,5:15:08,43.12%
281,Sheila Galinsky,"Camarillo, CA",252,5:14:11,11:59,F 65-69/1,F-65,84,5:15:19,63.53%
282,Kira Stammler,"Lodi, CA",258,5:14:26,12:00,F 40-44/15,F-40,85,5:15:46,45.37%
283,Guillermo Godinez,"Los Angeles, CA",214,5:15:33,12:03,M 40-44/47,M-41,198,5:16:50,40.90%
284,Greg Coull,"Camarillo, CA",311,5:16:49,12:06,M 30-34/25,M-33,199,5:17:15,39.43%
285,Yovany Herrera,"Santa Clarita, CA",270,5:17:07,12:06,M 18-24/9,M-21,200,5:17:07,39.57%
286,FRANCISCO RAMIREZ,"SANTA PAULA, CA",355,5:17:18,12:07,M 45-49/32,M-47,201,5:19:09,42.81%
287,Donald Lieu,"San Gabriel, CA",5,5:17:39,12:07,M 55-59/16,M-59,202,5:18:50,47.75%
288,JOSE VELAZQUEZ,"SANTA PAULA, CA",344,5:18:15,12:09,M 50-54/16,M-50,203,5:19:09,43.83%
289,John Dittmeier,"Santa Paula, CA",63,5:18:16,12:09,M 55-59/17,M-56,204,5:19:09,46.31%
290,Agustin Barroso,"Thousand Oaks, CA",109,5:19:04,12:11,M 35-39/28,M-38,205,5:20:35,39.51%
291,Ryan Wolf,"West Hills, CA",333,5:19:58,12:13,Unknown/1,M-17,206,5:19:58,41.20%
292,Steven Patrick,"Moorpark, CA",315,5:21:40,12:17,M 50-54/17,M-54,207,5:23:18,44.97%
293,Darren Gray,"Chino, CA",196,5:23:18,12:20,M 30-34/26,M-30,208,5:24:09,38.64%
294,Brian Gray,"Saugus, CA",228,5:23:18,12:20,M 30-34/27,M-33,209,5:24:10,38.64%
295,Don Seibert,"Canyon Country, CA",4,5:23:39,12:21,M 60-64/15,M-61,210,5:24:03,47.80%
296,Miriam Robles,"Valencia, CA",289,5:24:15,12:23,F 35-39/12,F-36,86,5:24:15,42.64%
297,JORGE GUZMANESCOBAR,"HUNTINGTON PK, CA",393,5:25:20,12:25,M 40-44/48,M-44,211,5:26:01,40.68%
298,Art Esparza,"Bakersfield, CA",217,5:26:05,12:27,M 40-44/49,M-44,212,5:27:49,40.58%
299,Moses Christian,"Loma Linda, CA",78,5:28:03,12:31,M 70-99/2,M-78,213,5:28:17,58.45%
300,Dale Roberts,"Trabuco Canyon, CA",224,5:29:07,12:34,M 55-59/18,M-55,214,5:29:09,44.36%
301,Sherry Kim,"Santa Clarita, CA",132,5:32:10,12:41,F 30-34/17,F-30,87,5:33:01,40.78%
302,Daniel Cruz,"Newhall, CA",189,5:32:20,12:41,M 18-24/10,M-22,215,5:33:33,37.61%
303,James Wambolt,"Valencia, CA",313,5:35:56,12:49,M 40-44/50,M-43,216,5:36:17,39.07%
304,Jann Liang,"Chatsworth, CA",72,5:36:42,12:51,M 70-99/3,M-72,217,5:36:42,51.64%
305,Patti Kahn,"Reseda, CA",240,5:37:19,12:52,F 50-54/7,F-52,88,5:37:21,48.95%
306,Gregory Sadikoff,"Canyon Country, CA",144,5:38:32,12:55,M 25-29/13,M-25,218,5:38:39,36.90%
307,Frank Contreraz,"Santa Clarita, CA",9,5:38:41,12:56,M 55-59/19,M-55,219,5:38:41,43.11%
308,Arlene Lewis,"Granada Hills, CA",319,5:40:29,13:00,F 55-59/8,F-55,89,5:42:05,50.50%
309,TESSA LUCERO,"CANYON CNTRY, CA",357,5:41:27,13:02,F 45-49/14,F-47,90,5:42:57,45.34%
310,ANNAMARIE IZZO,"LEONA VALLEY, CA",389,5:42:07,13:03,F 40-44/16,F-40,91,5:42:44,41.70%
311,Jay Seashore,"West Hills, CA",291,5:44:20,13:08,M 65-69/5,M-68,220,5:45:30,48.28%
312,David Bourne,"San Luis Obispo, CA",262,5:44:27,13:09,M 65-69/6,M-66,221,5:46:19,47.26%
313,Neil Vanwagoner,"Ventura, CA",317,5:46:26,13:13,M 50-54/18,M-50,222,5:48:07,40.26%
314,Sharla Miller,"Encino, CA",81,5:47:18,13:15,F 40-44/17,F-44,92,5:48:33,42.97%
315,Alberto Perusset,"Malibu, CA",312,5:50:04,13:22,M 50-54/19,M-52,223,5:50:04,40.57%
316,Dana Mosell,"Walnut, CA",83,5:50:16,13:22,M 55-59/20,M-58,224,5:51:25,42.89%
317,Naomi Nowland,"Clear Lake, IA",73,5:50:16,13:22,F 50-54/8,F-52,93,5:50:45,47.14%
318,MIGUEL CORONADO,"Lancaster, CA",364,5:50:42,13:23,M 35-39/29,M-37,225,5:54:05,35.76%
319,Antonio Ferranti,"Valencia, CA",41,5:55:56,13:35,M 35-39/30,M-37,226,5:56:53,35.24%
320,Hilda Xicara,"La Canada, CA",32,5:56:24,13:36,F 45-49/15,F-48,94,5:57:41,43.99%
321,Gabriel Torres,"Glendale, CA",151,5:56:30,13:36,M 45-49/33,M-45,227,5:57:48,37.44%
322,Claudia Olivares,"Arcadia, CA",130,5:56:30,13:36,F 30-34/18,F-30,95,5:57:49,38.00%
323,KEVIN MALBON,"VALENCIA, CA",360,5:56:48,13:37,M 55-59/21,M-55,228,5:57:55,40.92%
324,Jane Barbagiovanni,"Valencia, CA",176,6:00:05,13:45,F 55-59/9,F-55,96,6:00:42,47.76%
325,Julie Grimm,"La Mirada, CA",237,6:00:39,13:46,F 40-44/18,F-44,97,6:01:14,41.38%
326,Brandye Smith,"Los Angeles, CA",202,6:03:49,13:53,F 50-54/9,F-50,98,6:05:22,44.21%
327,Lindsey Goldbloom,"North Hills, CA",43,6:03:49,13:53,F 40-44/19,F-43,99,6:05:22,40.54%
328,Michael Mizote,"Gardena, CA",203,6:04:02,13:54,M 50-54/20,M-52,229,6:05:35,39.01%
329,James Erwin,"North Hills, CA",204,6:08:05,14:03,M 18-24/11,M-23,230,6:08:23,33.94%
330,Beverly Young,"Canyon Country, CA",206,6:08:05,14:03,F 18-24/7,F-21,100,6:08:23,36.79%
331,Carol Wolfe,"Ridgecrest, CA",308,6:18:16,14:26,F 50-54/10,F-50,101,6:20:00,42.52%
332,Armando Soto,"Granada Hills, CA",103,6:23:11,14:37,M 65-69/7,M-66,231,6:23:28,42.48%
333,Jeannette Roostai,"Yucaipa, CA",100,6:28:13,14:49,F 65-69/2,F-68,102,6:29:24,54.01%
334,Colleen Griggs,"Santa Clarita, CA",23,6:28:37,14:50,F 60-64/2,F-60,103,6:29:41,47.54%
335,Diane Mindrum,"Rancho Cucamonga, CA",110,6:28:49,14:50,F 50-54/11,F-52,104,6:29:18,42.46%
336,NICOLAOS KKOLI,"SAUGUS, CA",352,6:29:00,14:51,M 45-49/34,M-47,232,6:29:53,34.92%
337,David Cheatham,"Canyon Country, CA",19,6:32:46,14:59,M 25-29/14,M-25,233,6:34:08,31.81%
338,WARREN KUNKLE,"MONTEREY PARK, CA",377,6:33:36,15:01,M 50-54/21,M-50,234,6:35:15,35.44%
339,MARY JELLISON,"NEWHALL, CA",390,6:42:31,15:22,F 50-54/12,F-52,105,6:42:31,41.02%
340,steve hernandez,"Temple City, CA",400,6:50:05,15:39,M 40-44/51,M-43,235,6:51:21,32.00%
341,JESSICA MONTOYA,"FONTANA, CA",399,6:50:05,15:39,F 30-34/19,F-33,106,6:51:22,33.25%
342,FRANCINE TRUJILLO,"STEVENSON RNH, CA",339,7:08:56,16:22,F 35-39/13,F-39,107,7:10:00,32.95%
343,Kim Rosen,"Stevenson Ranch, CA",180,7:10:00,16:25,F 45-49/16,F-47,108,7:11:04,36.00%
