Place,Name,Location,Bib,Net Time,Pace,Division/Place,Sex-Age,Sex-Place,Gun Time,Age Grade
1,Mj Engle,"COOS BAY, OR",316,2:35:07,5:55,M 40-44/1,M-40,1,2:35:07,82.57%
2,Ricardo Ramirez,"SUN VALLEY, CA",452,2:54:14,6:39,M 40-44/2,M-40,2,2:54:14,73.48%
3,Nathan Campeau,"MINNEAPOLIS, MN",193,2:58:16,6:48,M 30-34/1,M-32,3,2:58:16,70.11%
4,Chulseung Lee,"GLENDALE, CA",417,2:58:10,6:48,M 45-49/1,M-49,4,2:58:20,77.58%
5,Jesus Navarro,"EL MONTE, CA",362,3:01:14,6:55,M 45-49/2,M-49,5,3:01:18,76.27%
6,Dominic Lafayette,"LAKE HUGHES, CA",383,3:03:44,7:01,M 25-29/1,M-26,6,3:04:03,67.99%
7,Wes Hinson,"CANYON COUNTRY, CA",278,3:05:39,7:05,M 35-39/1,M-39,7,3:05:50,68.39%
8,Trevor Kusiak,"SANTA FE, NM",29,3:06:06,7:06,M 25-29/2,M-29,8,3:06:34,67.13%
9,Mark Lindberg,"FAIRBANKS, AK",269,3:07:14,7:09,M 45-49/3,M-48,9,3:07:21,73.18%
10,Jesus Lopez,"HUNTINGTON PARK, CA",404,3:10:59,7:18,M 45-49/4,M-45,10,3:11:01,69.90%
11,Jose Reyes,"NEWHALL, CA",419,3:11:13,7:18,M 35-39/2,M-38,11,3:11:22,65.93%
12,Frank Meza,"SOUTH PASADENA, CA",405,3:11:25,7:19,M 60-64/1,M-62,12,3:13:31,81.64%
13,Mike Woginrich,"OAKLAND, CA",178,3:11:33,7:19,M 40-44/3,M-42,13,3:11:47,67.94%
14,Julio Lopez,"MEX, ",43,3:11:36,7:19,M 40-44/4,M-43,14,3:11:53,68.50%
15,Jonathan Ferrin,"PALMDALE, CA",239,3:11:58,7:20,M 16-24/1,M-18,15,3:12:03,67.68%
16,John Ellis,"VALENCIA, CA",428,3:12:26,7:21,M 30-34/2,M-33,16,3:12:35,64.92%
17,Wayne Lee,"STEVENSON RANCH, CA",458,3:13:49,7:24,M 40-44/5,M-43,17,3:14:01,67.72%
18,Arnie Aguila,"PASADENA, CA",296,3:14:18,7:25,M 35-39/3,M-35,18,3:14:27,64.30%
19,Anton Aguila,"PASADENA, CA",295,3:14:18,7:25,M 35-39/4,M-36,19,3:14:27,64.36%
20,Stephen Herczeg,"VALENCIA, CA",408,3:17:52,7:33,M 16-24/2,M-23,20,3:18:41,63.14%
21,Jerry Knox,"CHINO HILLS, CA",449,3:18:14,7:34,M 40-44/6,M-42,21,3:18:22,65.65%
22,Jonathan Morse,"CASTAIC, CA",22,3:18:43,7:35,M 16-24/3,M-22,22,3:18:50,62.90%
23,Alejandro Estrada,"VAN NUYS, CA",455,3:19:14,7:36,M 40-44/7,M-42,23,3:19:17,65.32%
24,Alex Giron,"CANYON COUNTRY, CA",272,3:20:07,7:38,M 30-34/3,M-33,24,3:20:43,62.43%
25,David Kent,"LOS ANGELES, CA",299,3:20:09,7:39,M 45-49/5,M-49,25,3:20:14,69.06%
26,Robert Brown,"LOS ANGELES, CA",253,3:20:10,7:39,M 45-49/6,M-47,26,3:20:14,67.86%
27,Juan Arena,"MEX, ",28,3:21:15,7:41,M 25-29/3,M-28,27,3:21:29,62.08%
28,David Keck,"RANCHO CUCAMONGA, CA",136,3:21:22,7:41,M 50-54/1,M-51,28,3:21:39,69.89%
29,Tony Cota,"VALENCIA, CA",41,3:22:13,7:43,M 40-44/8,M-41,29,3:22:18,63.83%
30,Lenin Lopez,"SYLMAR, CA",420,3:22:28,7:44,M 40-44/9,M-40,30,3:22:35,63.23%
31,Tamas Horvath,"NORTH HILLS, CA",235,3:22:32,7:44,M 35-39/5,M-38,31,3:22:37,62.24%
32,Brian Frank,"VALENCIA, CA",12,3:23:21,7:46,M 50-54/2,M-52,32,3:23:29,69.84%
33,Charles Poole,"PALMDALE, CA",390,3:23:46,7:47,M 40-44/10,M-41,33,3:24:05,63.35%
34,Abel Ibarra,"PACOIMA, CA",414,3:23:55,7:47,M 55-59/1,M-58,34,3:23:58,73.67%
35,Francisco Flores,"NORTH HOLLYWOOD, CA",264,3:24:09,7:48,M 25-29/4,M-26,35,3:24:27,61.19%
36,Darryl Scroggins,"SAN BERNARDINO, CA",370,3:25:26,7:51,M 50-54/3,M-50,36,3:25:39,67.89%
37,Fernando Domingo,"SANTA CLARITA, CA",145,3:27:16,7:55,M 35-39/6,M-36,37,3:27:42,60.34%
38,Brian Kahovec,"SANTA CLARITA, CA",23,3:27:46,7:56,M 16-24/4,M-23,38,3:28:17,60.13%
39,Thelonious Johnson,"BROOKLYN, NY",361,3:28:18,7:57,M 30-34/4,M-31,39,3:28:23,59.97%
40,David Thomson,"CASTAIC, CA",16,3:28:40,7:58,M 16-24/5,M-16,40,3:28:58,64.21%
41,Mike Stephens,"SIMI VALLEY, CA",8,3:28:43,7:58,M 50-54/4,M-53,41,3:29:13,68.66%
42,Greg Parks,"THOUSAND OAKS, CA",280,3:29:16,7:59,M 40-44/11,M-41,42,3:29:23,61.68%
43,Ernesto Guijarro,"FONTANA, CA",454,3:29:33,8:00,M 35-39/7,M-37,43,3:29:41,59.86%
44,Lee Choo-Kang,"SAINT LOUIS, MO",456,3:29:51,8:01,M 40-44/12,M-42,44,3:30:01,62.02%
45,Alberto Ramirez,"MEX, ",48,3:30:18,8:02,M 45-49/7,M-48,45,3:30:34,65.15%
46,Travis Hobbs,"VALENCIA, CA",25,3:30:56,8:03,M 25-29/5,M-25,46,3:31:02,59.23%
47,Stuart Barrington,"THOUSAND OAKS, CA",191,3:31:07,8:04,M 40-44/13,M-44,47,3:31:17,62.69%
48,Jana-Rose Whatley,"SANTA CLARITA, CA",451,3:31:28,8:04,F 16-24/1,F-22,1,3:31:28,64.14%
49,Dolores Valencia,"CHINO HILLS, CA",360,3:31:40,8:05,F 45-49/1,F-47,2,3:31:40,73.21%
50,John Halley,"PASADENA, CA",236,3:32:13,8:06,M 25-29/6,M-27,48,3:32:32,58.87%
51,John Barrios,"POMONA, CA",331,3:32:24,8:07,M 45-49/8,M-49,49,3:32:33,65.08%
52,Katie Tapia,"VENTURA, CA",376,3:32:53,8:08,F 45-49/2,F-49,3,3:32:53,74.69%
53,Cody See,"CHINO, CA",27,3:33:37,8:09,M 25-29/7,M-27,50,3:34:39,58.48%
54,Jack Cheng,"TEMPLE CITY, CA",301,3:34:10,8:11,M 40-44/14,M-40,51,3:34:18,59.77%
55,Ryan Campbell,"ORANGE, CA",171,3:35:04,8:13,M 35-39/8,M-38,52,3:35:19,58.61%
56,Andrew Pupa,"LOWELL, MA",24,3:35:38,8:14,M 16-24/6,M-24,53,3:35:43,57.93%
57,Nigel Rini,"SIERRA MADRE, CA",273,3:36:14,8:15,M 50-54/5,M-51,54,3:36:22,65.08%
58,Dennis Lebman,"SANTA CLARITA, CA",55,3:37:37,8:18,M 45-49/9,M-48,55,3:37:40,62.96%
59,Jay Dobrowalski,"MOORPARK, CA",426,3:37:37,8:18,M 30-34/5,M-32,56,3:37:57,57.41%
60,Jim Gowland,"VALENCIA, CA",52,3:37:41,8:19,M 40-44/15,M-40,57,3:38:39,58.81%
61,Fred Winkler,"VICTORVILLE, CA",258,3:37:41,8:19,M 50-54/6,M-51,58,3:38:23,64.65%
62,Jose Guardado,"SIMI VALLEY, CA",424,3:37:56,8:19,M 30-34/6,M-33,59,3:38:21,57.32%
63,John Clarke,"NEWHALL, CA",286,3:38:18,8:20,M 45-49/10,M-48,60,3:38:53,62.76%
64,Brian Lee,"BAKERSFIELD, CA",381,3:40:20,8:25,M 45-49/11,M-47,61,3:40:37,61.65%
65,Michael Feraldi,"APACHE JUNCTION, AZ",346,3:41:00,8:26,M 35-39/9,M-35,62,3:41:13,56.53%
66,Tim Spence,"CAMARILLO, CA",387,3:41:07,8:27,M 35-39/10,M-37,63,3:41:29,56.72%
67,Eric Chase,"MANHATTAN BEACH, CA",268,3:41:29,8:27,M 40-44/16,M-40,64,3:41:38,57.80%
68,Devon Terraciano,"VAN NUYS, CA",333,3:41:39,8:28,M 16-24/7,M-18,65,3:41:45,58.62%
69,Allen Smith,"LOS ANGELES, CA",137,3:41:43,8:28,M 50-54/7,M-53,66,3:41:49,64.64%
70,Wing Lo,"ARCADIA, CA",154,3:43:17,8:31,M 50-54/8,M-50,67,3:43:33,62.47%
71,Juan Camacho,"PACOIMA, CA",416,3:44:17,8:34,M 45-49/12,M-49,68,3:44:21,61.63%
72,Manuel Calzadavillagomez,"SUN VALLEY, CA",412,3:44:25,8:34,M 40-44/17,M-44,69,3:44:31,58.97%
73,Iyob Tessema,"LOS ANGELES, CA",276,3:44:29,8:34,M 45-49/13,M-48,70,3:44:37,61.03%
74,Jackson Petry,"SAN DIEGO, CA",353,3:44:33,8:34,M 30-34/7,M-31,71,3:45:15,55.63%
75,Hendrix Caudill,"HAWTHORNE, CA",132,3:44:35,8:34,M 40-44/18,M-40,72,3:45:57,57.00%
76,Jet Aguilar III,"SUNLAND, CA",356,3:44:35,8:34,M 35-39/11,M-38,73,3:44:39,56.13%
77,Michael Caputo,"SIMI VALLEY, CA",277,3:44:49,8:35,M 45-49/14,M-46,74,3:45:49,59.89%
78,Lenin H Lopez,"SYLMAR, CA",421,3:44:55,8:35,M 16-24/8,M-18,75,3:45:02,57.77%
79,Jason Kivi,"NEWHALL, CA",228,3:45:40,8:37,M 16-24/9,M-24,76,3:47:02,55.36%
80,Rebecca Korb,"THOUSAND OAKS, CA",305,3:46:04,8:38,F 35-39/1,F-36,4,3:46:16,61.16%
81,Yasushi Tobita,"TORRANCE, CA",242,3:46:30,8:39,M 50-54/9,M-52,77,3:47:11,62.70%
82,Kelly Bugarin,"MORENO VALLEY, CA",366,3:48:04,8:42,F 25-29/1,F-29,5,3:49:50,59.38%
83,Christopher Casner,"ADELANTO, CA",218,3:48:09,8:43,M 30-34/8,M-34,78,3:48:16,54.76%
84,Joe Ogata,"PACOIMA, CA",62,3:48:35,8:44,M 60-64/2,M-62,79,3:48:56,68.36%
85,John Evarts,"VALENCIA, CA",311,3:48:38,8:44,M 35-39/12,M-37,80,3:49:02,54.86%
86,Andrew Minin,"LOS ANGELES, CA",340,3:48:58,8:44,M 45-49/15,M-49,81,3:49:17,60.37%
87,Michelle West,"SANTA MONICA, CA",217,3:48:58,8:44,F 35-39/2,F-39,6,3:49:22,61.73%
88,Edward Wilkinson,"SANTA MONICA, CA",384,3:49:00,8:45,M 30-34/9,M-34,82,3:49:33,54.55%
89,Luis Valdez,"BONITA, CA",112,3:49:08,8:45,M 40-44/19,M-41,83,3:49:21,56.33%
90,Beli Thakur,"STEVENSON RANCH, CA",142,3:49:12,8:45,M 45-49/16,M-48,84,3:49:53,59.78%
91,Miguel Rodriguez,"LA PUENTE, CA",467,3:49:13,8:45,M 45-49/17,M-49,85,3:49:55,60.30%
92,Daniel Valles,"NORTH HOLLYWOOD, CA",265,3:49:31,8:46,M 35-39/13,M-39,86,3:49:48,55.32%
93,Carlos Hernandez,"MONROVIA, CA",352,3:49:33,8:46,M 45-49/18,M-46,87,3:49:41,58.66%
94,Sergio Delatorre,"SYLMAR, CA",413,3:50:15,8:47,M 45-49/19,M-45,88,3:51:47,57.98%
95,Aaron Dilks,"SAINT CLAIR, MO",600,3:50:16,8:47,M 30-34/10,M-33,89,3:51:36,54.25%
96,Vivian Chin Bonner,"VALENCIA, CA",35,3:50:16,8:47,F 35-39/3,F-35,7,3:50:42,59.72%
97,David Liston,"SIMI VALLEY, CA",411,3:50:44,8:48,M 50-54/10,M-54,90,3:51:52,62.69%
98,Jesus Castellanos,"PACOIMA, CA",368,3:51:17,8:50,M 40-44/20,M-44,91,3:51:20,57.22%
99,Shigeo Ogino,"MONTEREY PARK, CA",401,3:51:26,8:50,M 45-49/20,M-49,92,3:51:39,59.73%
100,Mike Fino,"SAN DIEGO, CA",255,3:51:36,8:50,M 35-39/14,M-36,93,3:52:38,54.00%
101,David Hong,"LA HABRA, CA",254,3:52:33,8:53,M 45-49/21,M-46,94,3:54:27,57.90%
102,Paul Arevalo,"PASADENA, CA",317,3:52:34,8:53,M 50-54/11,M-50,95,3:52:57,59.97%
103,Robert Dell Angelo,"ALTADENA, CA",407,3:52:42,8:53,M 50-54/12,M-50,96,3:53:27,59.94%
104,Tianyang Jiang,"SAN JOSE, CA",363,3:52:59,8:54,M 50-54/13,M-51,97,3:53:07,60.40%
105,Andrew West,"LOS ANGELES, CA",209,3:53:21,8:54,M 30-34/11,M-31,98,3:53:45,53.54%
106,Luis Leal,"REDONDO BEACH, CA",304,3:53:38,8:55,M 45-49/22,M-47,99,3:53:51,58.14%
107,Cimitrio Cervantes,"MISSION HILLS, CA",91,3:53:50,8:56,M 40-44/21,M-43,100,3:53:56,56.13%
108,Chris Jensen,"PALMDALE, CA",241,3:54:26,8:57,M 45-49/23,M-47,101,3:54:54,57.94%
109,Matt Authier,"LEMON GROVE, CA",322,3:55:02,8:58,M 35-39/15,M-36,102,3:55:40,53.21%
110,Laura McDonald,"LOS ANGELES, CA",122,3:55:11,8:59,F 25-29/2,F-29,8,3:55:18,57.58%
111,Fernando Santana,"RESEDA, CA",469,3:55:55,9:00,M 40-44/22,M-40,103,3:56:34,54.26%
112,Janell Fanger,"MOORPARK, CA",354,3:56:29,9:02,F 30-34/1,F-32,9,3:57:37,57.49%
113,Rusty Hagen,"SAN BERNARDINO, CA",187,3:56:40,9:02,M 30-34/12,M-30,104,3:57:28,52.79%
114,Kirby Mills,"SAN CLEMENTE, CA",328,3:57:09,9:03,M 25-29/8,M-26,105,3:57:19,52.68%
115,Marwan Ataya,"GLENDALE, CA",198,3:57:36,9:04,M 50-54/14,M-50,106,3:58:14,58.70%
116,Dan Wilson,"SIMI VALLEY, CA",289,3:57:39,9:04,M 25-29/9,M-27,107,3:58:43,52.57%
117,Adam Shay,"REDLANDS, CA",474,3:57:42,9:04,M 45-49/24,M-46,108,3:58:23,56.64%
118,Christien Di Stefano,"SANTA CLARITA, CA",40,3:57:49,9:05,F 50-54/1,F-50,10,3:58:54,67.63%
119,Blaze Patricio,"NEWHALL, CA",287,3:58:16,9:06,M 25-29/10,M-26,109,3:59:27,52.43%
120,Darren Slotsve,"LOS ANGELES, CA",395,3:58:26,9:06,M 40-44/23,M-44,110,3:59:07,55.51%
121,Robert Sklenar,"STEVENSON RANCH, CA",13,3:58:28,9:06,M 40-44/24,M-41,111,3:59:33,54.13%
122,Nicol Tushla,"LA HABRA, CA",339,3:58:47,9:07,F 40-44/1,F-42,11,3:59:00,61.04%
123,Derek Pool,"NORCO, CA",430,3:59:11,9:08,M 35-39/16,M-37,112,4:00:13,52.44%
124,Diana Sjol,"LA VERNE, CA",108,3:59:48,9:09,F 30-34/2,F-32,12,4:00:27,56.69%
125,Howard Roth,"PORTER RANCH, CA",83,4:00:13,9:10,M 50-54/15,M-54,113,4:02:14,60.21%
126,Yukiko Uchida,"SAN DIEGO, CA",293,4:00:52,9:12,F 25-29/3,F-28,13,4:00:52,56.22%
127,Chooran Kim,"LOMITA, CA",123,4:01:21,9:13,F 45-49/3,F-49,14,4:01:39,65.79%
128,Dan Boyle,"CANYON COUNTRY, CA",130,4:01:27,9:13,M 55-59/2,M-57,114,4:02:27,61.63%
129,Lorraine Medina,"WHITTIER, CA",74,4:01:31,9:13,F 35-39/4,F-37,15,4:02:31,57.62%
130,Jose Sanchez,"BAKERSFIELD, CA",226,4:01:41,9:14,M 25-29/11,M-27,115,4:02:47,51.69%
131,Jeff Smith,"SAN BERNARDINO, CA",256,4:01:51,9:14,M 55-59/3,M-55,116,4:01:51,60.37%
132,Simon Fortier,"CAN, ",36,4:02:03,9:14,M 35-39/17,M-36,117,4:02:14,51.67%
133,Roger Biggs,"GBR, ",63,4:02:08,9:15,M 60-64/3,M-63,118,4:02:33,65.18%
134,Brian League,"ALTADENA, CA",372,4:02:18,9:15,M 45-49/25,M-48,119,4:02:41,56.55%
135,Edwin Ettinghausen,"MURRIETA, CA",444,4:03:39,9:18,M 45-49/26,M-49,120,4:10:34,56.73%
136,Michael Hendrick,"SACRAMENTO, CA",179,4:03:44,9:18,M 35-39/18,M-38,121,4:05:10,51.72%
137,Hyunchan Choi,"LOMITA, CA",58,4:04:05,9:19,M 55-59/4,M-58,122,4:04:43,61.55%
138,Delfino Rodriguez,"LOS ANGELES, CA",399,4:04:10,9:19,M 60-64/4,M-64,123,4:04:15,65.30%
139,Rachelle Valdez,"RANCHO CUCAMONGA, CA",312,4:04:21,9:20,F 50-54/2,F-51,16,4:04:28,66.68%
140,Alfredo Reina,"LONG BEACH, CA",202,4:04:47,9:21,M 50-54/16,M-53,124,4:11:19,58.55%
141,Matthew Shaxton,"VALENCIA, CA",174,4:05:16,9:22,M 16-24/10,M-24,125,4:06:13,50.93%
142,Vincent Meade,"SAN DIEGO, CA",355,4:05:31,9:22,M 30-34/13,M-34,126,4:06:54,50.88%
143,Robert Bishton,"FORT MYERS BEACH, FL",470,4:05:54,9:23,M 60-64/5,M-61,127,4:06:18,62.92%
144,Eric Serrano,"CORONA, CA",308,4:05:58,9:23,M 30-34/14,M-34,128,4:06:18,50.79%
145,Sabine Thier,"OAK PARK, CA",146,4:06:01,9:23,F 35-39/5,F-36,17,4:07:35,56.20%
146,Jerry Vicich,"WOODLAND HILLS, CA",215,4:06:03,9:24,M 50-54/17,M-53,129,4:07:08,58.24%
147,Marcia Valenzuela,"PASADENA, CA",185,4:06:03,9:24,F 30-34/3,F-32,18,4:06:46,55.25%
148,Thomas Scheefer,"THOUSAND PALMS, CA",180,4:06:19,9:24,M 55-59/5,M-58,130,4:07:37,60.99%
149,Marisela Mims,"CASTAIC, CA",151,4:06:21,9:24,F 30-34/4,F-32,19,4:13:28,55.18%
150,Bruce McVicker,"OAK PARK, CA",357,4:06:41,9:25,M 45-49/27,M-49,131,4:06:53,56.03%
151,Raudel Banuelos,"RANCHO CUCAMONGA, CA",227,4:06:47,9:25,M 35-39/19,M-37,132,4:07:14,50.82%
152,Jesus Garcia,"UPLAND, CA",309,4:07:05,9:26,M 65-69/1,M-65,133,4:07:41,65.21%
153,Frances Padilla,"VAN NUYS, CA",473,4:07:16,9:26,F 40-44/2,F-44,20,4:07:24,60.36%
154,Dale Martinez,"PALMDALE, CA",188,4:07:32,9:27,M 45-49/28,M-45,134,4:07:39,53.93%
155,Maura Correas,"SYLMAR, CA",302,4:07:41,9:27,F 25-29/4,F-26,21,4:09:01,54.68%
156,James Nussbeck,"SAN DIEGO, CA",344,4:07:57,9:28,M 30-34/15,M-30,135,4:08:35,50.38%
157,Juan Sanchez,"MEX, ",51,4:08:18,9:29,M 50-54/18,M-51,136,4:08:36,56.68%
158,Norm Lopez,"SAN BERNARDINO, CA",60,4:08:31,9:29,M 60-64/6,M-60,137,4:09:19,61.64%
159,Bob Jonsen,"CANYON COUNTRY, CA",371,4:09:01,9:30,M 45-49/29,M-49,138,4:10:32,55.51%
160,Beth Richie,"LAS VEGAS, NV",200,4:09:02,9:30,F 25-29/5,F-27,22,4:10:41,54.38%
161,Francis Mulhare,"LOS ANGELES, CA",249,4:09:40,9:32,M 50-54/19,M-53,139,4:10:13,57.40%
162,Steven Reti,"SANTA CLARITA, CA",208,4:10:21,9:33,M 45-49/30,M-48,140,4:11:36,54.73%
163,Edward Bryan,"DENVER, CO",121,4:10:59,9:35,M 25-29/12,M-26,141,4:12:34,49.77%
164,Sherry Mahoney,"PALM DESERT, CA",85,4:11:12,9:35,F 45-49/4,F-47,23,4:13:53,61.63%
165,John Mahoney,"PALM DESERT, CA",84,4:11:12,9:35,M 55-59/6,M-59,142,4:13:53,60.38%
166,Dan Adams,"PINON HILLS, CA",243,4:11:14,9:35,M 60-64/7,M-63,143,4:11:27,62.82%
167,Tamera Brown,"PASADENA, CA",292,4:11:26,9:36,F 40-44/3,F-44,24,4:13:23,59.36%
168,Elizabeth Bonin-Guzman,"CANYON COUNTRY, CA",206,4:11:27,9:36,F 40-44/4,F-43,25,4:12:35,58.65%
169,Eduardo Camacho,"GLENDALE, CA",472,4:11:39,9:36,M 30-34/16,M-31,144,4:11:48,49.64%
170,Young Pipan,"HARBOR CITY, CA",141,4:12:39,9:39,F 50-54/3,F-54,26,4:12:55,67.14%
171,Armen Anassian,"BURBANK, CA",176,4:12:45,9:39,M 45-49/31,M-48,145,4:13:48,54.21%
172,Jennifer Magallon,"SAN FERNANDO, CA",92,4:13:04,9:40,F 16-24/2,F-24,27,4:14:09,53.51%
173,Jessica Anderson,"SANTA CLARITA, CA",129,4:13:38,9:41,F 16-24/3,F-22,28,4:14:23,53.39%
174,Gerald Odocayen,"CHULA VISTA, CA",103,4:14:31,9:43,M 30-34/17,M-33,146,4:15:03,49.08%
175,Drew Ervin,"SANTA BARBARA, CA",78,4:14:31,9:43,M 25-29/13,M-28,147,4:15:24,49.08%
176,Wilson Liu,"ARCADIA, CA",158,4:14:44,9:43,M 50-54/20,M-53,148,4:14:59,56.26%
177,Aaron Nash,"LAKEWOOD, CA",378,4:15:07,9:44,M 35-39/20,M-38,149,4:16:06,49.41%
178,Vickie Adams,"PINON HILLS, CA",244,4:15:13,9:45,F 50-54/4,F-51,29,4:15:27,63.85%
179,Scot Mahotz,"CANYON COUNTRY, CA",418,4:15:15,9:45,M 40-44/25,M-42,150,4:15:33,50.99%
180,Mel Sandvig,"CHATSWORTH, CA",433,4:15:30,9:45,M 65-69/2,M-65,151,4:15:45,63.06%
181,Jose De La Cruz,"CHULA VISTA, CA",599,4:15:35,9:45,M 35-39/21,M-39,152,4:15:49,49.67%
182,Julia Elaine,"LOS ANGELES, CA",44,4:15:49,9:46,F 40-44/5,F-44,30,4:16:20,58.34%
183,Lindsay Flammer,"SANTA CLARITA, CA",15,4:17:29,9:50,F 50-54/5,F-51,31,4:20:13,63.28%
184,Molly Eledge,"SANTA CLARITA, CA",443,4:17:44,9:50,F 16-24/4,F-22,32,4:19:02,52.54%
185,Brendan Morad,"CANYON COUNTRY, CA",26,4:18:29,9:52,M 25-29/14,M-26,153,4:19:10,48.33%
186,Allyne Winderman,"LOS ANGELES, CA",345,4:18:37,9:52,F 60-64/1,F-60,33,4:19:50,71.44%
187,Eddie Schiffer,"RAHWAY, NJ",427,4:18:59,9:53,M 55-59/7,M-55,154,4:19:34,56.38%
188,Michele Aronson,"LOS ANGELES, CA",310,4:20:02,9:56,F 40-44/6,F-41,34,4:20:55,55.43%
189,Danielle Schlegel,"CARDIFF BY THE SEA, CA",147,4:20:38,9:57,F 30-34/5,F-30,35,4:22:01,51.98%
190,Martin Gonzalez,"CANYON COUNTRY, CA",338,4:20:58,9:58,M 45-49/32,M-47,155,4:21:20,52.05%
191,Nathan Grimes,"LANCASTER, CA",281,4:21:06,9:58,M 35-39/22,M-37,156,4:21:37,48.04%
192,William Povletich,"STEVENSON RANCH, CA",94,4:22:11,10:00,M 35-39/23,M-39,157,4:23:45,48.42%
193,Michael Older,"HOUSTON, TX",439,4:22:14,10:01,M 16-24/11,M-24,158,4:40:47,47.64%
194,Rebekah Kolstad,"NEWHALL, CA",163,4:22:29,10:01,F 16-24/5,F-24,36,4:23:14,51.59%
195,Angela Gonzalez,"CANYON COUNTRY, CA",434,4:22:29,10:01,F 25-29/6,F-29,37,4:39:08,51.59%
196,Letty Ramirez,"CANYON COUNTRY, CA",329,4:22:30,10:01,F 25-29/7,F-29,38,4:39:08,51.59%
197,Miguel Martinez,"SANTA FE SPRINGS, CA",266,4:22:30,10:01,M 40-44/26,M-43,159,4:23:05,50.00%
198,Sofia Rodriguez,"LA PUENTE, CA",466,4:22:34,10:01,F 40-44/7,F-41,39,4:23:17,54.89%
199,Felix De Castro,"NORTH HOLLYWOOD, CA",248,4:22:42,10:02,M 40-44/27,M-41,160,4:23:10,49.13%
200,Brenda Starkins,"MENTONE, CA",323,4:23:58,10:05,F 35-39/6,F-38,40,4:24:11,53.11%
201,Laura Zorner,"WEST HOLLYWOOD, CA",87,4:24:06,10:05,F 25-29/8,F-27,41,4:24:43,51.28%
202,Robert Plush,"CASTAIC, CA",336,4:24:43,10:06,M 45-49/33,M-48,161,4:25:50,51.76%
203,Chad Delgado,"VALENCIA, CA",177,4:24:53,10:07,M 30-34/18,M-31,162,4:25:05,47.16%
204,Mark Dannerth,"CANYON COUNTRY, CA",229,4:25:07,10:07,M 40-44/28,M-42,163,4:26:39,49.09%
205,Marie Sherman,"OXNARD, CA",204,4:25:24,10:08,F 45-49/5,F-49,42,4:26:04,59.83%
206,Daniel Guzman,"CANYON COUNTRY, CA",205,4:25:56,10:09,M 45-49/34,M-45,164,4:27:03,50.20%
207,Meili Mathuren,"RIO RANCHO, NM",423,4:26:20,10:10,F 35-39/7,F-36,43,4:28:18,51.91%
208,Dave Douglas,"SANTA CLARITA, CA",194,4:26:21,10:10,M 30-34/19,M-34,165,4:27:20,46.90%
209,Leah Bingham,"SIMI VALLEY, CA",441,4:26:27,10:10,F 30-34/6,F-30,44,4:26:46,50.84%
210,Randall Harris,"TEHACHAPI, CA",377,4:26:35,10:11,M 45-49/35,M-47,166,4:28:09,50.95%
211,Jeff Moore,"RED BLUFF, CA",82,4:26:49,10:11,M 45-49/36,M-45,167,4:28:02,50.03%
212,Michael Pinzon,"LOS ANGELES, CA",422,4:27:04,10:12,M 35-39/24,M-37,168,4:27:37,46.96%
213,Tawny Stewart,"SANTA CLARITA, CA",300,4:27:06,10:12,F 16-24/6,F-21,45,4:28:28,50.70%
214,Megan Kaye,"SANTA CLARITA, CA",297,4:27:06,10:12,F 16-24/7,F-21,46,4:28:28,50.70%
215,Daryl Demay,"PALMDALE, CA",374,4:27:07,10:12,M 30-34/20,M-34,169,4:27:56,46.77%
216,Bobby Parkinson,"CANYON COUNTRY, CA",68,4:27:53,10:14,M 65-69/3,M-68,170,4:28:47,62.06%
217,Gary Benson,"PLACENTIA, CA",447,4:28:05,10:14,M 55-59/8,M-56,171,4:29:48,54.98%
218,Kyra Sundance,"PALMDALE, CA",343,4:28:07,10:14,F 40-44/8,F-41,47,4:33:54,53.75%
219,Megan Lurie,"SAN DIEGO, CA",468,4:28:14,10:14,F 25-29/9,F-28,48,4:29:11,50.49%
220,Jose Morales,"PACOIMA, CA",364,4:28:52,10:16,M 45-49/37,M-47,172,4:29:24,50.52%
221,Ward Sullivan,"LONG BEACH, CA",448,4:28:57,10:16,M 55-59/9,M-57,173,4:30:37,55.32%
222,Michelle Silvestri,"LAS VEGAS, NV",42,4:29:12,10:17,F 40-44/9,F-42,49,4:30:52,54.14%
223,Justin Fisk,"LANCASTER, CA",373,4:29:24,10:17,M 30-34/21,M-32,174,4:30:54,46.37%
224,Kevin Andrews,"STUDIO CITY, CA",465,4:30:17,10:19,M 25-29/15,M-26,175,4:31:05,46.22%
225,Robert De Otero,"WOODLAND HILLS, CA",100,4:31:10,10:21,M 30-34/22,M-33,176,4:32:05,46.07%
226,David Aguirre,"SAN FERNANDO, CA",101,4:31:10,10:21,M 25-29/16,M-29,177,4:32:05,46.07%
227,Cody Simula,"MORENO VALLEY, CA",161,4:31:16,10:21,F 25-29/10,F-29,50,4:32:27,49.92%
228,Marilyn Zbacnik,"SYLMAR, CA",152,4:31:42,10:22,F 35-39/8,F-35,51,4:31:51,50.61%
229,Rachel Salhi,"MARINA DEL REY, CA",453,4:31:42,10:22,F 40-44/10,F-41,52,4:32:13,53.05%
230,Jim Prins,"FOUNTAIN HILLS, AZ",109,4:32:17,10:24,M 45-49/38,M-48,178,4:33:23,50.32%
231,Melita Prins,"FOUNTAIN HILLS, AZ",110,4:32:18,10:24,F 40-44/11,F-43,53,4:33:23,54.16%
232,Daniel Godinez,"NORTH HOLLYWOOD, CA",410,4:32:20,10:24,M 30-34/23,M-33,179,4:33:31,45.87%
233,Krista Bringley,"SANTA MONICA, CA",117,4:32:56,10:25,F 30-34/7,F-30,54,4:33:46,49.64%
234,Karl Richert,"VENTURA, CA",214,4:33:53,10:27,M 50-54/21,M-51,180,4:35:20,51.38%
235,Fred Preston,"SAN DIMAS, CA",259,4:34:25,10:28,M 55-59/10,M-56,181,4:34:54,53.71%
236,Rolando Rosa,"LOS ANGELES, CA",219,4:34:49,10:29,M 45-49/39,M-48,182,4:36:17,49.85%
237,Alberto Rosario,"BUENA PARK, CA",400,4:35:33,10:31,M 55-59/11,M-55,183,4:37:02,52.99%
238,Jim Green,"LOS ANGELES, CA",240,4:35:45,10:32,M 55-59/12,M-58,184,4:36:58,54.48%
239,Emily Sorensen,"VALENCIA, CA",252,4:36:07,10:32,F 30-34/8,F-32,55,4:37:11,49.23%
240,Jennifer Wightman,"VALENCIA, CA",367,4:36:07,10:32,F 30-34/9,F-33,56,4:37:11,49.38%
241,Roxanne Enright,"CANYON COUNTRY, CA",50,4:36:16,10:33,F 50-54/6,F-50,57,4:37:59,58.22%
242,Albert Au,"THOUSAND OAKS, CA",389,4:36:24,10:33,M 55-59/13,M-57,185,4:37:18,53.83%
243,Frank Albert,"RANCHO PALOS VERDES, CA",291,4:38:01,10:37,M 50-54/22,M-52,186,4:39:04,51.08%
244,Cindi Bukowski,"VALENCIA, CA",53,4:39:21,10:40,F 30-34/10,F-32,58,4:39:48,48.66%
245,Henry Melgar,"VAN NUYS, CA",261,4:40:04,10:41,M 35-39/25,M-39,187,4:41:15,45.33%
246,Pedro Leon,"SYLMAR, CA",263,4:40:05,10:41,M 40-44/29,M-41,188,4:41:16,46.08%
247,Chris Soderlund,"SIMI VALLEY, CA",238,4:40:17,10:42,M 25-29/17,M-26,189,4:41:20,44.57%
248,Tony Mims,"CASTAIC, CA",150,4:40:32,10:42,M 35-39/26,M-35,190,4:47:53,44.53%
249,Stephen Jambrone,"BETHPAGE, NY",207,4:40:36,10:43,M 50-54/23,M-53,191,4:41:53,51.07%
250,Kevin Flynn,"RANCHO CUCAMONGA, CA",313,4:40:36,10:43,M 16-24/12,M-23,192,4:41:11,44.52%
251,Art Zamudio,"NEWHALL, CA",318,4:41:06,10:44,M 50-54/24,M-51,193,4:41:20,50.06%
252,Lydia Arguelles,"SAN DIMAS, CA",321,4:41:09,10:44,F 25-29/11,F-27,59,4:42:06,48.17%
253,Robert Mendezcarranza,"SYLMAR, CA",464,4:41:13,10:44,M 16-24/13,M-19,194,4:42:29,45.54%
254,Christopher Pytel,"LAS VEGAS, NV",216,4:41:17,10:44,M 40-44/30,M-44,195,4:42:33,47.05%
255,Sean Yokoe,"TORRANCE, CA",282,4:41:21,10:44,M 40-44/31,M-43,196,4:43:04,46.65%
256,Anna Easton,"VALLEY VILLAGE, CA",294,4:42:57,10:48,F 45-49/6,F-45,60,4:44:02,53.39%
257,Michael Dinicola,"VALENCIA, CA",409,4:43:01,10:48,M 30-34/24,M-32,197,4:44:16,44.14%
258,Kyle Onaga,"VALENCIA, CA",284,4:43:48,10:50,M 40-44/32,M-44,198,4:45:31,46.63%
259,Teresa Hurst,"PALMDALE, CA",270,4:44:14,10:51,F 45-49/7,F-47,61,4:45:10,54.47%
260,Ernest Fisco,"SANTA CLARITA, CA",46,4:44:45,10:52,M 45-49/40,M-46,199,4:45:03,47.28%
261,Jorge Guzman,"HUNTINGTON PARK, CA",445,4:45:51,10:55,M 45-49/41,M-45,200,4:46:06,46.70%
262,Jorge Lopez,"SANTA CLARITA, CA",380,4:46:17,10:56,M 30-34/25,M-33,201,4:47:01,43.64%
263,Araceli Heredia,"SANTA CLARITA, CA",341,4:46:26,10:56,F 40-44/12,F-41,62,4:48:00,50.32%
264,Bahman Janka,"VALENCIA, CA",14,4:46:33,10:56,M 55-59/14,M-55,202,4:48:04,50.95%
265,Ezequiel Cuitino,"LOS ANGELES, CA",279,4:46:59,10:57,M 35-39/27,M-36,203,4:47:11,43.58%
266,Ryan Wolf,"WEST HILLS, CA",18,4:46:59,10:57,M 16-24/14,M-18,204,4:47:57,45.27%
267,Steven Butensky,"LOS ANGELES, CA",290,4:47:08,10:58,M 45-49/42,M-45,205,4:47:52,46.49%
268,James Speed,"LANCASTER, CA",334,4:47:21,10:58,M 45-49/43,M-46,206,4:48:47,46.86%
269,Hector Aleman,"LA HABRA, CA",392,4:47:35,10:59,M 35-39/28,M-38,207,4:48:20,43.83%
270,Jeremy Walker,"CANYON COUNTRY, CA",348,4:47:35,10:59,M 16-24/15,M-18,208,4:47:35,45.18%
271,Michael Barella,"BAKERSFIELD, CA",192,4:47:45,10:59,M 45-49/44,M-45,209,4:48:29,46.39%
272,Sandy Scheefer,"THOUSAND PALMS, CA",181,4:47:50,10:59,F 60-64/2,F-62,63,4:49:08,66.15%
273,Fabiola Robles,"SYLMAR, CA",125,4:47:59,11:00,F 40-44/13,F-40,64,4:48:32,49.54%
274,Tessa Lucero,"CANYON COUNTRY, CA",388,4:48:15,11:00,F 45-49/8,F-48,65,4:50:17,54.39%
275,Matthew Kessler,"LOS ANGELES, CA",211,4:48:35,11:01,M 50-54/25,M-53,210,4:49:43,49.66%
276,Greg Adkins,"BAKERSFIELD, CA",330,4:49:05,11:02,M 40-44/33,M-40,211,4:49:50,44.28%
277,Caroline Benson,"IRVINE, CA",31,4:49:38,11:03,F 30-34/11,F-31,66,4:50:48,46.84%
278,Anne Brakeman,"SANTA CLARITA, CA",3,4:50:26,11:05,F 45-49/9,F-49,67,4:51:13,54.67%
279,Violeta Lopez,"LOS ANGELES, CA",220,4:50:36,11:05,F 35-39/9,F-36,68,4:51:32,47.58%
280,Sean Callahan,"LOS ANGELES, CA",80,4:50:45,11:06,M 35-39/29,M-35,212,4:52:36,42.97%
281,Rico Villavicencio,"NORTH HOLLYWOOD, CA",197,4:50:49,11:06,M 35-39/30,M-37,213,4:52:13,43.13%
282,Claudia Olivares,"VALENCIA, CA",425,4:51:02,11:06,F 30-34/12,F-31,69,4:52:58,46.61%
283,Rakesh Ajodhia,"BURBANK, CA",382,4:51:06,11:07,M 30-34/26,M-34,214,4:51:30,42.91%
284,Nicole Tyer,"VALENCIA, CA",173,4:51:07,11:07,F 30-34/13,F-31,70,4:52:43,46.60%
285,Ethan Tyer,"VALENCIA, CA",172,4:51:07,11:07,M 35-39/31,M-37,215,4:52:43,43.08%
286,Andrea Bond,"SANTA CLARITA, CA",375,4:51:31,11:08,F 40-44/14,F-40,71,4:52:33,48.94%
287,Michael Barber,"VALENCIA, CA",543,4:51:44,11:08,M 35-39/32,M-38,216,4:52:37,43.21%
288,Joey Aschoff,"SANTA CLARITA, CA",102,4:51:47,11:08,M 45-49/45,M-47,217,4:52:39,46.55%
289,Philip Smith,"VALENCIA, CA",440,4:51:54,11:08,M 45-49/46,M-46,218,4:53:06,46.13%
290,Philo Short,"MONTEREY, CA",149,4:53:01,11:11,M 70-99/1,M-73,219,4:53:16,60.13%
291,Brian Gray,"SANTA CLARITA, CA",134,4:53:20,11:12,M 30-34/27,M-34,220,4:54:12,42.59%
292,Myung Park,"PASADENA, CA",126,4:54:09,11:14,M 65-69/4,M-69,221,4:54:38,57.13%
293,Yung Park,"PASADENA, CA",1121,4:54:17,11:14,F 60-64/3,F-64,72,4:54:38,66.75%
294,Karen Bazo,"PALMDALE, CA",432,4:54:28,11:14,F 35-39/10,F-35,73,4:54:52,46.70%
295,Mike Cook,"SAN BERNARDINO, CA",349,4:55:18,11:16,M 60-64/8,M-60,222,4:55:31,51.88%
296,Sue Reinhardt,"RANCHO PALOS VERDES, CA",65,4:55:32,11:17,F 65-69/1,F-65,74,4:56:07,67.54%
297,David Crawford,"CHATSWORTH, CA",170,4:56:34,11:19,M 60-64/9,M-61,223,4:58:31,52.17%
298,David Moore,"ACTON, CA",326,4:56:53,11:20,M 45-49/47,M-45,224,4:57:57,44.96%
299,Yavonne Sims,"PRESTON, ID",351,4:58:03,11:23,F 45-49/10,F-49,75,4:59:48,53.27%
300,Jose Perez,"SAN MARINO, CA",446,4:58:06,11:23,M 40-44/34,M-44,225,4:58:20,44.39%
301,Maria Filamor,"CHATSWORTH, CA",406,4:58:10,11:23,F 45-49/11,F-46,76,4:58:33,51.29%
302,Lawrence Gregge,"MORENO VALLEY, CA",471,4:58:15,11:23,M 55-59/15,M-56,226,4:59:59,49.42%
303,Grant Wilson,"OXNARD, CA",369,4:58:18,11:23,M 60-64/10,M-64,227,4:59:35,53.45%
304,Vasilios Mantis,"VALENCIA, CA",139,4:58:54,11:24,M 45-49/48,M-47,228,4:59:54,45.44%
305,Norman Suguitan,"SAN DIEGO, CA",124,4:58:54,11:24,M 45-49/49,M-46,229,5:05:20,45.05%
306,Richard Hermann,"OAK PARK, CA",156,4:58:57,11:25,M 30-34/28,M-32,230,5:00:22,41.79%
307,Andy Gutierrez,"NORTH HOLLYWOOD, CA",457,4:59:22,11:26,M 45-49/50,M-49,231,4:59:49,46.17%
308,Travis Duncan,"KATY, TX",119,4:59:26,11:26,M 25-29/18,M-27,232,5:01:02,41.72%
309,Julianna D'Agostaro,"SIMI VALLEY, CA",19,4:59:30,11:26,F 16-24/8,F-19,77,5:00:33,45.51%
310,Christopher Boyle,"GLENDALE, AZ",76,5:00:15,11:28,M 50-54/26,M-54,233,5:01:14,48.17%
311,Michele Padilla,"LITTLEROCK, CA",288,5:00:24,11:28,F 35-39/11,F-35,78,5:02:39,45.77%
312,Michael Kim,"AUSTIN, TX",461,5:01:42,11:31,M 35-39/33,M-39,234,5:03:07,42.08%
313,Robin Fontana,"CAMARILLO, CA",306,5:02:37,11:33,F 50-54/7,F-50,79,5:04:16,53.15%
314,Frank Toothaker,"LAKE HUGHES, CA",274,5:03:49,11:36,M 55-59/16,M-59,235,5:05:53,49.92%
315,Jolie Reel,"VALENCIA, CA",396,5:05:02,11:39,F 35-39/12,F-38,80,5:05:30,45.96%
316,Julie Buchanan-Plaisance,"LANCASTER, CA",89,5:06:01,11:41,F 35-39/13,F-39,81,5:06:57,46.19%
317,Hillary Georgaris,"LOS ANGELES, CA",196,5:06:14,11:41,F 30-34/14,F-31,82,5:08:06,44.30%
318,Constantine Georgaris,"LOS ANGELES, CA",195,5:06:14,11:41,M 40-44/35,M-41,236,5:08:07,42.15%
319,Torre Soderlund,"SIMI VALLEY, CA",250,5:06:20,11:42,M 25-29/19,M-25,237,5:07:24,40.78%
320,Arthur Laforteza,"LONG BEACH, CA",320,5:07:05,11:43,M 65-69/5,M-69,238,5:07:42,54.72%
321,Sheila Galinsky,"CAMARILLO, CA",402,5:07:07,11:43,F 65-69/2,F-66,83,5:08:14,66.05%
322,Matt Gibson,"GRANADA HILLS, CA",438,5:07:10,11:43,M 25-29/20,M-28,239,5:07:50,40.67%
323,Amy Santos,"STEVENSON RANCH, CA",283,5:07:46,11:45,F 35-39/14,F-38,84,5:08:11,45.55%
324,Andrae Dempsey,"SAN BERNARDINO, CA",186,5:09:25,11:49,F 30-34/15,F-32,85,5:10:14,43.93%
325,Darren Gray,"CHINO, CA",138,5:10:05,11:50,M 30-34/29,M-31,240,5:10:58,40.29%
326,Charlie Alewine,"DIAMOND BAR, CA",66,5:10:32,11:51,M 65-69/6,M-66,241,5:11:45,52.42%
327,Steve Hernandez,"TEMPLE CITY, CA",442,5:10:32,11:51,M 40-44/36,M-44,242,5:11:45,42.62%
328,Brandon Marcia,"SANTA CLARITA, CA",153,5:11:54,11:54,M 16-24/16,M-24,243,5:12:51,40.05%
329,Bob Rucker,"VALENCIA, CA",127,5:13:03,11:57,M 50-54/27,M-51,244,5:14:04,44.95%
330,Daniel Deventer,"CANYON COUNTRY, CA",431,5:13:19,11:57,M 25-29/21,M-25,245,5:15:15,39.87%
331,Ben Fiandaca,"VALENCIA, CA",182,5:13:38,11:58,M 30-34/30,M-34,246,5:14:23,39.83%
332,Mark Mozilo,"PASADENA, CA",393,5:14:08,11:59,M 45-49/51,M-48,247,5:14:56,43.61%
333,Vanessa Mota,"MEX, ",33,5:14:47,12:01,F 30-34/16,F-33,86,5:14:59,43.31%
334,Cyndie Merten,"CORVALLIS, OR",230,5:15:28,12:02,F 55-59/1,F-55,87,5:16:12,54.51%
335,Donald Lieu,"SAN GABRIEL, CA",5,5:17:00,12:06,M 60-64/11,M-60,248,5:17:46,48.33%
336,Daniel Gore,"LANCASTER, CA",234,5:17:16,12:07,M 35-39/34,M-39,249,5:18:55,40.02%
337,Joan Kramer,"PLEASANT HILL, CA",69,5:17:47,12:08,F 65-69/3,F-69,88,5:18:00,67.12%
338,Janet Aguilar,"STEVENSON RANCH, CA",57,5:18:38,12:10,F 50-54/8,F-54,89,5:19:42,53.24%
339,Robert Gamble,"GOLDSBORO, NC",267,5:18:44,12:10,M 50-54/28,M-53,250,5:19:05,44.96%
340,Eugene Jacobs,"LOS ANGELES, CA",307,5:19:02,12:11,M 65-69/7,M-69,251,5:20:45,52.67%
341,Mary Jellison,"NEWHALL, CA",450,5:19:41,12:12,F 50-54/9,F-53,90,5:19:41,52.35%
342,Sharla Miller,"ENCINO, CA",90,5:20:11,12:13,F 45-49/12,F-45,91,5:21:43,47.18%
343,Neil Vanwagoner,"VENTURA, CA",271,5:20:18,12:13,M 50-54/29,M-51,252,5:22:14,43.94%
344,Bryndis Svavarsdottir,"ISL, ",54,5:21:17,12:16,F 50-54/10,F-54,92,5:21:59,52.80%
345,Ed Burke,"CANYON COUNTRY, CA",61,5:21:38,12:16,M 60-64/12,M-61,253,5:23:13,48.10%
346,Carl Rogers,"NORWALK, CA",386,5:22:53,12:19,M 55-59/17,M-58,254,5:23:42,46.53%
347,Antonio Ferranti,"VALENCIA, CA",38,5:23:07,12:20,M 35-39/35,M-38,255,5:30:02,39.01%
348,Paul Hasakung,"NORTH HILLS, CA",223,5:24:12,12:22,M 55-59/18,M-57,256,5:25:31,45.89%
349,Gene Aschoff,"LA VERNE, CA",72,5:24:26,12:23,M 70-99/2,M-72,257,5:25:15,53.59%
350,Toni Bau,"CASTAIC, CA",298,5:25:57,12:26,F 55-59/2,F-56,93,5:27:20,53.50%
351,Viktoria Selmser,"NORTHRIDGE, CA",342,5:25:58,12:26,F 25-29/12,F-29,94,5:27:40,41.55%
352,Frank Boyle,"WOODLAND HILLS, CA",285,5:26:42,12:28,M 40-44/37,M-43,258,5:28:10,40.17%
353,Szilard Gyalay,"MOORPARK, CA",70,5:28:01,12:31,M 40-44/38,M-43,259,5:29:52,40.01%
354,Kevin Tetter,"RESEDA, CA",379,5:28:13,12:32,M 45-49/52,M-49,260,5:29:35,42.11%
355,Steve Fraser,"SAN PEDRO, CA",332,5:28:14,12:32,M 40-44/39,M-41,261,5:38:57,39.32%
356,Margot Ochoa,"LONG BEACH, CA",327,5:29:18,12:34,F 35-39/15,F-36,95,5:29:31,41.99%
357,Rawlins Jordan,"CANYON COUNTRY, CA",6,5:30:37,12:37,M 65-69/8,M-68,262,5:31:03,50.29%
358,Dave Bourne,"SAN LUIS OBISPO, CA",262,5:30:50,12:38,M 65-69/9,M-67,263,5:32:47,49.73%
359,Shawn Brock,"MASON, OH",350,5:31:59,12:40,M 35-39/36,M-36,264,5:33:36,37.67%
360,Neil Quach,"CALABASAS, CA",98,5:32:01,12:40,M 35-39/37,M-39,265,5:53:06,38.24%
361,Christopher Older,"CANYON COUNTRY, CA",462,5:32:02,12:40,M 40-44/40,M-43,266,5:53:06,39.53%
362,Gary Cooper,"SYLMAR, CA",246,5:33:44,12:44,M 45-49/53,M-48,267,5:35:38,41.05%
363,Cheryl Fisher,"VALENCIA, CA",190,5:35:11,12:48,F 40-44/15,F-40,96,5:36:46,42.56%
364,Rigoberto Lagos,"PACOIMA, CA",415,5:35:15,12:48,M 45-49/54,M-45,268,5:35:19,39.82%
365,Kathleen Whitehead,"CANOGA PARK, CA",213,5:35:53,12:49,F 40-44/16,F-40,97,5:37:39,42.47%
366,Heidi Boyle,"VALENCIA, CA",347,5:36:22,12:50,F 25-29/13,F-27,98,5:36:56,40.26%
367,Eric Miyamoto,"PORTER RANCH, CA",325,5:37:19,12:52,M 50-54/30,M-50,269,5:38:27,41.35%
368,Dexter Emoto,"LOMA LINDA, CA",71,5:37:22,12:53,M 55-59/19,M-57,270,5:37:31,44.10%
369,Ronald Eichler,"VALENCIA, CA",7,5:38:04,12:54,M 65-69/10,M-65,271,5:38:12,47.66%
370,Tianna Marshall,"WINNETKA, CA",20,5:38:29,12:55,F 16-24/9,F-20,99,5:39:12,40.04%
371,Armando Soto,"GRANADA HILLS, CA",67,5:38:43,12:56,M 65-69/11,M-67,272,5:40:07,48.57%
372,Abraham Lim,"AVON PARK, FL",189,5:38:51,12:56,M 60-64/13,M-61,273,5:40:27,45.66%
373,Gene Borrelli,"VALENCIA, CA",47,5:40:22,12:59,M 60-64/14,M-62,274,5:41:46,45.91%
374,Don Seibert,"CANYON COUNTRY, CA",4,5:41:16,13:01,M 60-64/15,M-62,275,5:41:46,45.79%
375,Helen Chung,"CERRITOS, CA",459,5:43:49,13:07,F 40-44/17,F-44,100,5:45:25,43.41%
376,Jorge Meza,"PACOIMA, CA",429,5:44:48,13:10,M 30-34/31,M-34,276,5:46:44,36.23%
377,Art Macias,"CASTAIC, CA",221,5:44:56,13:10,M 35-39/38,M-39,277,5:46:16,36.81%
378,Rachel Rivera,"WILMINGTON, CA",275,5:46:36,13:14,F 50-54/11,F-50,101,5:47:04,46.41%
379,Caralynn Stein,"ONTARIO, CA",257,5:48:31,13:18,F 40-44/18,F-43,102,5:49:24,42.31%
380,Chester Reyes,"LOS ANGELES, CA",32,5:53:24,13:29,M 30-34/32,M-32,278,5:55:00,35.35%
381,Chris Neuhahn,"BURBANK, CA",175,5:54:59,13:33,M 35-39/39,M-39,279,5:56:10,35.76%
382,Frank Contreraz,"SANTA CLARITA, CA",9,5:56:45,13:37,M 55-59/20,M-56,280,5:56:50,41.31%
383,Scott Stader,"JACKSON, TN",39,5:58:40,13:41,M 35-39/40,M-39,281,6:00:01,35.40%
384,Moses Christian,"BEAUMONT, CA",79,5:59:42,13:44,M 70-99/3,M-79,282,6:00:03,54.44%
385,Katrin Glasgow,"ACTON, CA",231,6:01:41,13:48,F 40-44/19,F-40,103,6:02:14,39.44%
386,Josef Oszuscik,"CARLSBAD, CA",210,6:01:46,13:48,M 65-69/12,M-69,283,6:02:19,46.45%
387,Michael Dipperstein,"RESEDA, CA",247,6:01:58,13:49,M 40-44/41,M-43,284,6:03:37,36.26%
388,Hilario Campos,"LOS ANGELES, CA",460,6:02:08,13:49,M 35-39/41,M-38,285,6:02:12,34.81%
389,Alberto Perusset,"MALIBU, CA",394,6:07:36,14:02,M 50-54/31,M-53,286,6:07:40,38.98%
390,Heather Carter,"MARINA DEL REY, CA",49,6:09:18,14:06,F 45-49/13,F-49,104,6:09:46,42.99%
391,Robert Clarke,"VALENCIA, CA",77,6:09:53,14:07,M 60-64/16,M-62,287,6:10:43,42.24%
392,Debra Buchanan-Plaisance,"LANCASTER, CA",88,6:12:22,14:13,F 45-49/14,F-47,105,6:13:19,41.58%
393,Dana Mosell,"WALNUT, CA",167,6:12:22,14:13,M 55-59/21,M-59,288,6:13:35,40.73%
394,Jann Liang,"CHATSWORTH, CA",73,6:14:45,14:18,M 70-99/4,M-73,289,6:17:07,47.01%
395,Brandye Smith,"LOS ANGELES, CA",385,6:15:23,14:20,F 50-54/12,F-51,106,6:17:22,43.41%
396,Lindsey Goldbloom,"NORTH HILLS, CA",131,6:15:24,14:20,F 40-44/20,F-43,107,6:17:22,39.28%
397,Michael Mizote,"GARDENA, CA",135,6:30:25,14:54,M 50-54/32,M-53,290,6:32:26,36.71%
398,Jeannette Roostai,"YUCAIPA, CA",99,6:42:23,15:21,F 65-69/4,F-69,108,6:44:09,53.01%
399,Nelson Serrano,"NORTH HILLS, CA",203,6:43:09,15:23,M 35-39/42,M-39,291,6:45:06,31.49%
400,Leann Parnell,"RANCHO CUCAMONGA, CA",107,6:44:09,15:25,F 45-49/15,F-46,109,6:45:02,37.84%
401,Haywood Crowder,"COMPTON, CA",437,7:01:17,16:05,M 65-69/13,M-69,292,7:01:38,39.89%
