Place,Name,Location,Bib,Net Time,Pace,Division/Place,Sex-Age,Sex-Place,Gun Time,Age Grade
1,Raul Merino,"Santa Maria, CA",404,2:45:52,6:20,M 30-34/1,M-32,1,2:45:52,75.34%
2,Trevor Elkins,"San Diego, CA",157,2:47:49,6:25,M 01-24/1,M-23,2,2:47:51,74.44%
3,Kyle Robinson,"Newhall, CA",25,2:50:25,6:30,M 25-29/1,M-25,3,2:50:27,73.31%
4,Naoki Kato,"Torrance, CA",206,2:53:00,6:36,M 35-39/1,M-37,4,2:53:03,72.50%
5,Chuck Teixeira,"Canyon Country, CA",3,2:58:07,6:48,M 50-54/1,M-50,5,2:58:08,78.31%
6,Kevin McSweeney,"Newhall, CA",371,2:58:22,6:49,M 40-44/1,M-42,6,2:58:31,72.97%
7,Dennis Olsen,"Valencia, CA",258,2:59:09,6:50,M 45-49/1,M-47,7,2:59:18,75.82%
8,Christopher Clarke,"Santa Clarita, CA",74,3:00:19,6:53,M 35-39/2,M-35,8,3:00:23,69.28%
9,Pedro Villagran,"Simi Valley, CA",367,3:04:01,7:02,M 40-44/2,M-40,9,3:04:03,69.57%
10,Greg Garman,"Valencia, CA",10,3:05:07,7:04,M 45-49/2,M-49,10,3:05:13,74.67%
11,Jorge Pacheco,"Arleta, CA",419,3:05:37,7:05,M 40-44/3,M-41,11,3:05:38,69.54%
12,Mark Puntanilla,"San Jose, CA",273,3:10:31,7:16,M 35-39/3,M-36,12,3:10:39,65.64%
13,Javier Fernandez,"Los Angeles, CA",415,3:10:44,7:17,M 35-39/4,M-37,13,3:10:46,65.76%
14,Ralph Obrist,"Los Angeles, CA",256,3:14:25,7:25,M 40-44/4,M-43,14,3:14:35,67.51%
15,Jennifer Christian-Herman,"Los Angeles, CA",43,3:15:43,7:28,F 40-44/1,F-43,1,3:15:43,74.98%
16,David Dickson,"Boulder, CO",152,3:15:59,7:29,M 45-49/3,M-48,15,3:16:06,69.91%
17,Joel Espinoza,"San Fernando, CA",359,3:16:27,7:30,M 30-34/2,M-31,16,3:16:31,63.59%
18,Tracye Vaughan,"Orange, CA",328,3:16:42,7:31,F 35-39/1,F-38,2,3:16:51,71.11%
19,Cary Tseng,"Fullerton, CA",15,3:17:46,7:33,M 40-44/5,M-42,17,3:17:59,65.81%
20,Cesar Garcia,"MEX, ",172,3:17:49,7:33,M 45-49/4,M-45,18,3:18:00,67.48%
21,Frank Meza,"South Pasadena, CA",237,3:19:59,7:38,M 60-64/1,M-60,19,3:21:44,76.60%
22,Cecil Baumgartner,"Ojai, CA",110,3:20:38,7:40,M 50-54/2,M-54,20,3:20:51,72.09%
23,Emilio Martinez,"Arleta, CA",416,3:21:37,7:42,M 35-39/5,M-39,21,3:21:39,62.97%
24,Eric Munoz,"South Pasadena, CA",26,3:21:49,7:42,M 25-29/2,M-26,22,3:22:00,61.90%
25,Jennifer Nikbakhsh-Tali,"San Jose, CA",253,3:22:05,7:43,F 30-34/1,F-32,3,3:22:14,67.26%
26,Andrew Morley,"Boulder, CO",246,3:22:59,7:45,M 45-49/5,M-47,23,3:23:06,66.92%
27,Lisa Yokoyama,"Huntington Beach, CA",14,3:23:44,7:47,F 40-44/2,F-40,4,3:23:48,69.78%
28,Glimber Ayala,"Santa Ana, CA",105,3:24:55,7:49,M 25-29/3,M-28,24,3:25:04,60.96%
29,Elias Madrid,"Sylmar, CA",230,3:25:33,7:51,M 45-49/6,M-46,25,3:25:40,65.50%
30,Brian Frank,"Valencia, CA",50,3:26:40,7:53,M 50-54/3,M-50,26,3:26:46,67.49%
31,Jack Cheng,"Temple City, CA",132,3:26:43,7:54,M 35-39/6,M-38,27,3:27:16,60.98%
32,John Vigil,"Covina, CA",332,3:26:46,7:54,M 35-39/7,M-36,28,3:27:19,60.48%
33,Sheila Murphy,"Oceanside, CA",249,3:27:50,7:56,F 40-44/3,F-43,5,3:27:56,70.58%
34,John Ellis,"Long Beach, CA",159,3:28:48,7:58,M 30-34/3,M-31,29,3:28:57,59.83%
35,Daniel Gunning,"Santa Clarita, CA",176,3:28:52,7:58,M 45-49/7,M-49,30,3:28:57,66.18%
36,Eddie Diaz,"Winnetka, CA",151,3:29:00,7:59,M 25-29/4,M-29,31,3:29:05,59.77%
37,Haroutyoun Qahwajian,"Sun Valley, CA",275,3:29:10,7:59,M 40-44/6,M-41,32,3:29:45,61.71%
38,Jaren Sorkow,"Granada Hills, CA",301,3:29:19,8:00,M 30-34/4,M-31,33,3:29:32,59.68%
39,Ed Ettinghausen,"Wildomar, CA",161,3:29:51,8:01,M 45-49/8,M-47,34,3:29:57,64.73%
40,Scott Stein,"Evanston, IL",307,3:30:01,8:01,M 45-49/9,M-47,35,3:30:10,64.67%
41,Michelle Nestor,"Mission Viejo, CA",421,3:30:21,8:02,F 35-39/2,F-36,6,3:30:29,65.64%
42,Ernest Delgado,"Alhambra, CA",360,3:30:42,8:03,M 50-54/4,M-54,36,3:30:59,68.65%
43,Jose Vara,"Montebello, CA",326,3:31:24,8:04,M 40-44/7,M-40,37,3:31:28,60.55%
44,Matias Negatu,"San Diego, CA",370,3:31:50,8:05,F 35-39/3,F-38,7,3:32:10,66.03%
45,Mike Stephens,"Simi Valley, CA",8,3:31:59,8:06,M 50-54/5,M-51,38,3:32:20,66.39%
46,James Bender,"Los Angeles, CA",114,3:32:58,8:08,M 50-54/6,M-50,39,3:33:06,65.49%
47,Eleanor Keare,"Pacific Palisades, CA",208,3:34:19,8:11,F 40-44/4,F-40,8,3:34:33,66.33%
48,Joel Cicchella,"Los Angeles, CA",385,3:34:21,8:11,M 25-29/5,M-26,40,3:34:52,58.28%
49,Salvador Bravo,"Long Beach, CA",121,3:35:04,8:13,M 45-49/10,M-49,41,3:36:44,64.27%
50,Missy Shepherd,"Hermosa Beach, CA",374,3:35:37,8:14,F 35-39/4,F-36,9,3:35:44,64.04%
51,Maggie Beach,"La Crescenta, CA",111,3:36:14,8:15,F 35-39/5,F-38,10,3:36:31,64.69%
52,Eric Leos,"San Dimas, CA",27,3:36:24,8:16,M 25-29/6,M-27,42,3:36:32,57.73%
53,Audrey Lickhart,"Redondo Beach, CA",76,3:36:42,8:16,F 25-29/1,F-25,11,3:37:03,62.50%
54,Colleen Canan,"Valencia, CA",127,3:37:18,8:18,F 35-39/6,F-39,12,3:37:35,64.86%
55,Tal Flatt,"Westlake Village, CA",380,3:37:34,8:18,M 40-44/8,M-40,43,3:37:40,58.84%
56,Abraham Alrado,"Los Angeles, CA",420,3:38:20,8:20,M 30-34/5,M-32,44,3:38:21,57.22%
57,Angel Martinez,"Pacoima, CA",233,3:38:56,8:22,M 40-44/9,M-44,45,3:39:03,60.45%
58,Chris Apple,"Carlsbad, CA",101,3:39:18,8:22,M 25-29/7,M-25,46,3:39:30,56.97%
59,Bill Kissell,"Covina, CA",379,3:40:15,8:25,M 55-59/1,M-56,47,3:40:26,66.92%
60,Damian Robertiello,"Valencia, CA",402,3:40:48,8:26,M 40-44/10,M-43,48,3:42:30,59.44%
61,Drew Carr,"Pasadena, CA",126,3:41:18,8:27,M 25-29/8,M-26,49,3:42:23,56.45%
62,Dr Suresh Iyengar,"Sherman Oaks, CA",193,3:42:32,8:30,M 65-69/1,M-66,50,3:42:32,73.16%
63,Katrina Taft,"San Diego, CA",82,3:42:47,8:30,F 30-34/2,F-30,13,3:43:14,60.81%
64,Leilani Morton,"Chantilly, VA",247,3:43:05,8:31,F 35-39/7,F-35,14,3:43:15,61.57%
65,Tin Tse,"Alhambra, CA",318,3:43:53,8:33,M 40-44/11,M-41,51,3:44:28,57.65%
66,Dr Beli Thakur,"Stevenson Ranch, CA",315,3:45:16,8:36,M 45-49/11,M-46,52,3:45:33,59.77%
67,Daniel Benz,"Twentynine Palms, CA",115,3:45:32,8:37,M 35-39/8,M-39,53,3:45:39,56.29%
68,Joe Ogata,"Pacoima, CA",60,3:45:38,8:37,M 60-64/2,M-60,54,3:45:40,67.90%
69,Patrick Moore,"Irvine, CA",242,3:45:48,8:37,M 25-29/9,M-25,55,3:45:51,55.33%
70,K Brooke Billeter,"Ladera Ranch, CA",116,3:46:17,8:38,F 25-29/2,F-29,15,3:46:26,59.85%
71,Jesus Garcia,"Azusa, CA",170,3:46:33,8:39,M 60-64/3,M-63,56,3:46:52,69.67%
72,Roger Weingaertner,"San Fernando, CA",392,3:46:58,8:40,M 60-64/4,M-62,57,3:47:10,68.85%
73,Benjamin Palomares,"Los Angeles, CA",263,3:47:09,8:40,M 40-44/12,M-44,58,3:47:19,58.26%
74,Lora Tang,"Riverside, CA",77,3:47:45,8:42,F 40-44/5,F-43,16,3:48:09,64.41%
75,Delfino Rodriguez,"Los Angeles, CA",366,3:48:32,8:43,M 60-64/5,M-62,59,3:48:34,68.38%
76,Kristine Brenner,"Wrightwood, CA",122,3:48:52,8:44,F 40-44/6,F-40,17,3:49:13,62.11%
77,Michael Lobianco,"Chicago, IL",224,3:49:31,8:46,M 55-59/2,M-55,60,3:50:01,63.62%
78,John Toth,"Palmdale, CA",412,3:49:34,8:46,M 45-49/12,M-46,61,3:49:39,58.65%
79,Kong Tan,"Rosemead, CA",372,3:49:48,8:46,M 35-39/9,M-36,62,3:49:58,54.42%
80,Sail Hong,"Gardena, CA",389,3:49:59,8:47,M 70-99/1,M-71,63,3:50:01,74.70%
81,Maya Kass,"Irvine, CA",205,3:50:48,8:49,F 35-39/8,F-39,18,3:50:54,61.07%
82,Steve Applebaum,"La Canada, CA",102,3:51:08,8:49,M 45-49/13,M-45,64,3:51:44,57.76%
83,Takeshi Yamamoto,"Lomita, CA",342,3:51:30,8:50,M 40-44/13,M-44,65,3:51:43,57.17%
84,Joseph Sanders,"Bonita, CA",58,3:51:45,8:51,M 55-59/3,M-58,66,3:52:09,64.82%
85,Loretta Rushing,"Stevenson Ranch, CA",405,3:51:53,8:51,F 45-49/1,F-46,19,3:53:06,65.58%
86,Ross Lakin,"Valencia, CA",44,3:52:23,8:52,M 40-44/14,M-44,67,3:53:09,56.95%
87,Sena Hoodman,"Huntington Beach, CA",393,3:52:52,8:53,F 50-54/1,F-51,20,3:53:12,69.57%
88,Jose Galvez,", CA",417,3:53:01,8:54,M 45-49/14,M-47,68,3:53:05,58.29%
89,Manuel Calzada,"Sun Valley, CA",125,3:53:27,8:55,M 40-44/15,M-42,69,3:53:45,55.75%
90,Jack Williamson,"Villa Park, CA",365,3:53:40,8:55,M 50-54/7,M-53,70,3:54:00,61.33%
91,Roberto Ramirez,"Los Angeles, CA",276,3:54:09,8:56,M 45-49/15,M-47,71,3:54:33,58.01%
92,William Hooper,"Rancho Santa Fe, CA",189,3:54:12,8:56,M 60-64/6,M-60,72,3:54:12,65.41%
93,Emile Coy,"Corona, CA",139,3:54:18,8:57,M 60-64/7,M-61,73,3:55:06,66.03%
94,Deo Jaravata,"Granada Hills, CA",194,3:54:19,8:57,M 40-44/16,M-44,74,3:54:50,56.48%
95,Nicole Downing,"Santa Clarita, CA",32,3:54:29,8:57,F 30-34/3,F-32,21,3:54:35,57.96%
96,David Flowers,"Canyon Country, CA",165,3:55:15,8:59,M 45-49/16,M-47,75,3:55:41,57.74%
97,Andrea Manella,"Toluca Lake, CA",232,3:55:22,8:59,F 35-39/9,F-39,22,3:55:38,59.88%
98,Amy Chavez,"Santa Monica, CA",130,3:55:33,9:00,F 40-44/7,F-44,23,3:56:29,63.02%
99,Neil Quach,"Woodland Hills, CA",37,3:55:36,9:00,M 35-39/10,M-37,76,3:55:45,53.24%
100,Helen Wu,"Santa Monica, CA",340,3:55:36,9:00,F 30-34/4,F-31,24,3:55:45,57.57%
101,Wilson Liu,"Arcadia, CA",223,3:55:38,9:00,M 50-54/8,M-52,77,3:56:13,60.27%
102,Alberto Perusset,"Malibu, CA",264,3:55:46,9:00,M 50-54/9,M-51,78,3:55:48,59.69%
103,Bruce Dube,"Los Angeles, CA",346,3:56:06,9:01,M 45-49/17,M-46,79,3:56:19,57.03%
104,Ronald Kim,"Valencia, CA",86,3:56:08,9:01,M 40-44/17,M-40,80,3:56:20,54.21%
105,Freddie Perez,"Sylmar, CA",269,3:56:11,9:01,M 65-69/2,M-69,81,3:56:46,71.15%
106,Bobby Scott,"Newport Beach, CA",368,3:56:28,9:02,M 30-34/6,M-34,82,3:56:57,52.83%
107,Lawrence McGivney,"New York, NY",46,3:56:49,9:02,M 45-49/18,M-46,83,3:56:52,56.86%
108,Dan Adams,"Pinon Hills, CA",96,3:56:51,9:03,M 60-64/8,M-61,84,3:57:03,65.32%
109,Wayne Lee,"Stevenson Ranch, CA",218,3:57:23,9:04,M 40-44/18,M-40,85,3:57:55,53.93%
110,Tony Yeates,"Moorpark, CA",343,3:57:32,9:04,M 40-44/19,M-44,86,3:58:36,55.72%
111,Steve Hernandez,"Temple City, CA",399,3:58:08,9:05,M 40-44/20,M-42,87,3:58:18,54.65%
112,Sherry Mahoney,"Palm Desert, CA",95,3:58:18,9:06,F 45-49/2,F-45,25,3:58:28,63.05%
113,Jon Mahoney,"Palm Desert, CA",94,3:58:19,9:06,M 55-59/4,M-57,88,3:58:28,62.44%
114,Jose Vallejo Rangel,"North Hollywood, CA",325,3:58:48,9:07,M 40-44/21,M-40,89,3:58:53,53.61%
115,Cynthia Vasquez,"Ladera Ranch, CA",327,3:59:07,9:08,F 30-34/5,F-32,26,3:59:15,56.84%
116,Chris Louie,"Valencia, CA",11,3:59:16,9:08,M 35-39/11,M-39,90,3:59:49,53.06%
117,Lynette Willis,"Valencia, CA",339,3:59:18,9:08,F 30-34/6,F-30,27,3:59:49,56.61%
118,Nigel Toates,"Stevenson Ranch, CA",52,3:59:18,9:08,M 45-49/19,M-49,91,3:59:50,57.76%
119,Carlos Rodriguez,"Camarillo, CA",281,3:59:45,9:09,M 35-39/12,M-36,92,4:00:27,52.16%
120,Jesus Garcia,"MEX, ",171,3:59:46,9:09,M 45-49/20,M-47,93,3:59:58,56.65%
121,Allen Smith,"Sun Valley, CA",298,3:59:47,9:09,M 50-54/10,M-51,94,3:59:54,58.69%
122,Maria Edelen,"Santa Monica, CA",156,3:59:49,9:09,F 40-44/8,F-44,28,4:00:45,61.90%
123,Gino Moser,"Valencia, CA",354,4:00:00,9:10,M 45-49/21,M-45,95,4:00:26,55.62%
124,Adam Becker,"Lake Hughes, CA",112,4:00:23,9:11,M 40-44/22,M-43,96,4:00:25,54.60%
125,Donald Osborne,"Granada Hills, CA",362,4:00:29,9:11,M 55-59/5,M-57,97,4:00:34,61.87%
126,Leanne Mohr,"Camarillo, CA",241,4:01:03,9:12,F 01-24/1,F-23,29,4:01:05,56.18%
127,Selena Leon,"Valencia, CA",219,4:01:09,9:12,F 25-29/3,F-29,30,4:02:09,56.16%
128,Hyunchan Choi,"Lomita, CA",134,4:01:12,9:12,M 55-59/6,M-56,98,4:01:24,61.11%
129,Roger Greene,"Coto De Caza, CA",175,4:01:59,9:14,M 50-54/11,M-54,99,4:02:07,59.77%
130,Mel Sandvig,"Chatsworth, CA",63,4:02:49,9:16,M 60-64/9,M-63,100,4:02:54,65.00%
131,Juho Lee,"Manhattan Beach, CA",378,4:03:47,9:18,M 55-59/7,M-55,101,4:03:58,59.89%
132,Matthew Hare,"Saugus, CA",183,4:04:13,9:19,M 40-44/23,M-41,102,4:04:38,52.85%
133,Lynn Oppler,"Valencia, CA",261,4:04:42,9:20,F 45-49/3,F-45,31,4:05:55,61.40%
134,Jason Mock,"Valencia, CA",13,4:04:53,9:21,M 35-39/13,M-37,103,4:05:26,51.22%
135,Nicol Tushla,"La Habra, CA",321,4:05:27,9:22,F 40-44/9,F-40,32,4:05:46,57.92%
136,Trini Espinoza,"Sylmar, CA",68,4:05:39,9:23,M 65-69/3,M-68,104,4:05:42,67.68%
137,Michael Gladstone,"Santa Monica, CA",29,4:06:02,9:24,M 25-29/10,M-29,105,4:06:50,50.78%
138,William Povletich,"Stevenson Ranch, CA",92,4:06:49,9:25,M 35-39/14,M-37,106,4:07:18,50.82%
139,Marlisa Pitchford,"Rialto, CA",266,4:06:52,9:25,F 45-49/4,F-46,33,4:08:32,61.60%
140,Noe Avila,"Sylmar, CA",424,4:07:04,9:26,M 30-34/7,M-33,107,4:07:20,50.56%
141,Pamela Bercovici,"Saugus, CA",48,4:07:05,9:26,F 45-49/5,F-48,34,4:07:38,63.09%
142,Jill Bricker,"Redlands, CA",34,4:07:29,9:27,F 30-34/7,F-34,35,4:09:09,55.26%
143,Vickie Adams,"Pinon Hills, CA",97,4:07:57,9:28,F 45-49/6,F-49,36,4:08:08,63.67%
144,Donald Sevesind,"Covina, CA",294,4:08:27,9:29,M 35-39/15,M-35,108,4:08:51,50.28%
145,Alex Giron,"Canyon Country, CA",395,4:08:30,9:29,M 30-34/8,M-31,109,4:09:55,50.27%
146,Bonnie Hooper,"Rancho Santa Fe, CA",190,4:08:31,9:29,F 55-59/1,F-58,37,4:09:18,71.73%
147,Christopher Johnson,"Canyon Country, CA",197,4:08:31,9:29,M 35-39/16,M-39,110,4:09:57,51.09%
148,Kathy Robertson,"North Hollywood, CA",280,4:09:45,9:32,F 50-54/2,F-50,38,4:09:56,64.03%
149,Lorena Hopper,"La Mesa, CA",191,4:10:32,9:34,F 35-39/10,F-39,39,4:10:48,56.26%
150,David Auge,"Valencia, CA",40,4:11:23,9:36,M 40-44/24,M-40,111,4:13:03,50.92%
151,James Hong,"Cerritos, CA",188,4:11:33,9:36,M 35-39/17,M-39,112,4:11:46,50.47%
152,Derek Thompson,"Canyon Country, CA",316,4:11:41,9:36,M 35-39/18,M-38,113,4:12:15,50.09%
153,Everildo Mendez,"Santa Barbara, CA",87,4:11:47,9:37,M 50-54/12,M-52,114,4:11:50,56.40%
154,Gerald Vicich,"Woodland Hills, CA",81,4:12:06,9:37,M 50-54/13,M-51,115,4:12:19,55.82%
155,Howard Audet,"Ontario, CA",103,4:12:32,9:38,M 45-49/22,M-47,116,4:12:48,53.79%
156,Kerry Vines,"Castaic, CA",20,4:12:42,9:39,F 40-44/10,F-40,40,4:13:14,56.26%
157,Frank Norton,"Valencia, CA",65,4:12:48,9:39,M 65-69/4,M-65,117,4:13:14,63.73%
158,Ward Sullivan,"Long Beach, CA",375,4:13:16,9:40,M 55-59/8,M-55,118,4:14:11,57.65%
159,Michael Polak,"Yorba Linda, CA",270,4:13:27,9:40,M 35-39/19,M-39,119,4:14:02,50.09%
160,Yung Lau,"Downey, CA",62,4:13:49,9:41,M 60-64/10,M-62,120,4:14:24,61.56%
161,Alison Yee,"San Francisco, CA",16,4:13:51,9:41,F 25-29/4,F-25,41,4:14:11,53.35%
162,Lindsay Flammer,"Agua Dulce, CA",49,4:14:08,9:42,F 45-49/7,F-49,42,4:15:01,62.12%
163,Daniel Chun,"Hermosa Beach, CA",135,4:14:23,9:43,M 35-39/20,M-38,121,4:15:26,49.55%
164,Caleb Youngblood,"Los Angeles, CA",344,4:14:47,9:44,M 25-29/11,M-25,122,4:15:34,49.03%
165,Colleen Slick,"Redlands, CA",297,4:15:08,9:44,F 40-44/11,F-42,43,4:16:48,56.85%
166,Wesley Mahurin,"Walla Walla, WA",41,4:16:29,9:47,M 40-44/25,M-41,123,4:17:11,50.32%
167,Johnny Hsin,"Chino Hills, CA",192,4:16:42,9:48,M 50-54/14,M-50,124,4:17:17,54.33%
168,Fred Preston,"San Dimas, CA",271,4:16:43,9:48,M 50-54/15,M-54,125,4:17:04,56.34%
169,Jose Soto,"Valencia, CA",302,4:16:49,9:48,M 40-44/26,M-42,126,4:17:09,50.67%
170,Norvin Davis,"Castaic, CA",146,4:16:54,9:48,M 35-39/21,M-38,127,4:17:56,49.07%
171,Berith Velasouez,"San Fernando, CA",329,4:17:11,9:49,F 50-54/3,F-54,44,4:17:13,65.55%
172,Kris McFarren,"Valencia, CA",235,4:17:21,9:49,M 25-29/12,M-29,128,4:17:30,48.54%
173,Youany Herrera,"Newhall, CA",387,4:18:04,9:51,M 01-24/2,M-21,129,4:19:23,48.63%
174,Juan Blanco,"Los Angeles, CA",118,4:19:12,9:54,M 40-44/27,M-43,130,4:21:07,50.63%
175,Jose Son,"Van Nuys, CA",300,4:19:17,9:54,M 55-59/9,M-55,131,4:19:22,56.31%
176,Carlos Da Silva,"El Monte, CA",141,4:19:21,9:54,M 55-59/10,M-56,132,4:19:35,56.83%
177,Gary Lowe,"Benicia, CA",70,4:19:38,9:55,M 55-59/11,M-59,133,4:19:50,58.42%
178,Katharine Rietta,"Stevenson Ranch, CA",376,4:19:49,9:55,F 35-39/11,F-39,45,4:20:39,54.25%
179,Michael Lafrance,"Palmdale, CA",214,4:20:11,9:56,M 50-54/16,M-50,134,4:21:21,53.61%
180,Rubie Franklin,"Romoland, CA",88,4:20:50,9:57,F 25-29/5,F-27,46,4:22:10,51.92%
181,Julie Weiss,"Santa Monica, CA",336,4:20:58,9:58,F 35-39/12,F-39,47,4:21:13,54.01%
182,Holly Briggs,"Las Vegas, NV",373,4:21:21,9:59,F 35-39/13,F-39,48,4:22:10,53.93%
183,John Ramos,"Santa Rosa, CA",39,4:22:07,10:00,M 35-39/22,M-39,135,4:22:24,48.44%
184,Vic Trippetti,"Los Angeles, CA",355,4:24:00,10:05,M 60-64/11,M-61,136,4:24:45,58.60%
185,Vicki Goodwin,"Santa Clarita, CA",174,4:24:07,10:05,F 30-34/8,F-32,49,4:24:43,51.46%
186,Dennis Snyder,"Northridge, CA",93,4:25:02,10:07,M 60-64/12,M-61,137,4:26:20,58.37%
187,Maria Nemecek,"Palmdale, CA",250,4:25:25,10:08,F 30-34/9,F-33,50,4:25:58,51.35%
188,Thomas Cassidy,"Pasadena, CA",129,4:25:58,10:09,M 50-54/17,M-52,138,4:26:13,53.39%
189,Charmaine Bond,"Valencia, CA",90,4:26:23,10:10,F 35-39/14,F-37,51,4:27:28,52.15%
190,Samir Shahin,"Los Angeles, CA",295,4:26:26,10:10,M 50-54/18,M-52,139,4:26:37,53.30%
191,Justine Walker,"Santa Monica, CA",80,4:26:29,10:10,F 30-34/10,F-30,52,4:27:30,50.84%
192,Lynne Gladstone,"San Diego, CA",28,4:26:29,10:10,F 25-29/6,F-28,53,4:27:30,50.82%
193,Victoria Hamilton,"Santa Clarita, CA",180,4:27:25,10:12,F 40-44/12,F-44,54,4:28:02,55.51%
194,Karl Fest,"Chatsworth, CA",358,4:27:42,10:13,M 40-44/28,M-43,140,4:27:42,49.03%
195,Christee Wyre,"Valencia, CA",341,4:28:45,10:15,F 35-39/15,F-36,55,4:29:35,51.38%
196,David Johnson,"West Hollywood, CA",198,4:29:25,10:17,M 25-29/13,M-29,141,4:29:49,46.37%
197,Myung Keun Park,"Pasadena, CA",267,4:29:28,10:17,M 65-69/5,M-67,142,4:29:39,61.05%
198,Dan Calaguas,"Loma Linda, CA",124,4:29:58,10:18,M 50-54/19,M-54,143,4:30:27,53.58%
199,Nicole Brown,"Sun Valley, ID",45,4:30:25,10:19,F 45-49/8,F-45,56,4:30:39,55.56%
200,Anne Brakeman,"Saugus, CA",120,4:30:38,10:20,F 45-49/9,F-47,57,4:31:03,56.89%
