Place,Name,Location,Bib,Net Time,Pace,Division/Place,Sex-Age,Sex-Place,Gun Time,Age Grade
1,Shane Logan,"Pontiac, MI",30,2:37:48,6:02,M 30-34/1,M-30,1,2:37:48,79.19%
2,Blue Benadum,"Malibu, CA",402,2:49:01,6:27,M 25-29/1,M-28,2,2:49:01,73.94%
3,Raul Merino,"Santa Maria, CA",338,2:51:52,6:34,M 30-34/2,M-31,3,2:51:52,72.72%
4,Chuck Teixeira,"Canyon Country, CA",3,2:52:30,6:35,M 45-49/1,M-49,4,2:52:33,80.13%
5,Ricardo Ramirez,"Sun Valley, CA",36,2:56:34,6:45,M 35-39/1,M-37,5,2:56:36,71.04%
6,Greg Garman,"Valencia, CA",262,2:59:03,6:50,M 45-49/2,M-48,6,2:59:07,76.52%
7,Dino Cusumano,"New York, NY",85,3:00:39,6:54,M 30-34/3,M-34,7,3:01:02,69.15%
8,Brandon Adame,"Hacienda Heights, CA",145,3:04:35,7:03,M 30-34/4,M-30,8,3:04:42,67.68%
9,Glenn Racz,"Valencia, CA",209,3:06:29,7:07,M 25-29/2,M-28,9,3:06:33,66.99%
10,Bear Wallman,"Santa Rosa Valley, CA",281,3:07:01,7:08,M 55-59/1,M-56,10,3:07:01,78.81%
11,Dane Rauschenberg,"Salt Lake City, UT",359,3:07:51,7:10,M 30-34/5,M-32,11,3:07:54,66.50%
12,Mary Jones,"Ventura, CA",199,3:08:11,7:11,F 35-39/1,F-38,1,3:08:11,74.38%
13,Cesar Rojas,"Sylmar, CA",4,3:09:20,7:14,M 30-34/6,M-34,12,3:09:24,65.98%
14,Chulseung Lee,"Glendale, CA",133,3:09:23,7:14,M 45-49/3,M-46,13,3:09:29,71.10%
15,Alex Suchey,"Rancho Cucamonga, CA",365,3:09:43,7:15,M 40-44/1,M-40,14,3:09:49,67.47%
16,Ralph Obrist,"Los Angeles, CA",243,3:10:46,7:17,M 40-44/2,M-42,15,3:11:26,68.22%
17,Adrian De Leon,"Canoga Park, CA",400,3:12:35,7:21,M 35-39/2,M-35,16,3:12:45,64.87%
18,Laura Conley,"Malibu, CA",184,3:12:46,7:22,F 25-29/1,F-26,2,3:12:46,70.33%
19,Naoki Kato,"Torrance, CA",129,3:13:36,7:24,M 35-39/3,M-36,17,3:14:02,64.60%
20,Rytis Zajanckauskas,"Vilnius, ",165,3:14:08,7:25,M 35-39/4,M-38,18,3:14:12,64.94%
21,Rob Hennick,"Moorpark, CA",287,3:14:13,7:25,M 45-49/4,M-45,19,3:14:15,68.73%
22,Kevin McSweeney,"Newhall, CA",344,3:14:41,7:26,M 40-44/3,M-41,20,3:15:17,66.30%
23,Joey Whiting,"Palmdale, CA",20,3:14:41,7:26,M 18-24/1,M-20,21,3:14:46,64.98%
24,Keundong Chung,"Montrose, CA",180,3:15:58,7:29,M 45-49/5,M-48,22,3:16:06,69.92%
25,Dennis Olsen,"Valencia, CA",345,3:16:12,7:29,M 45-49/6,M-46,23,3:16:49,68.63%
26,Morgan Boren,"Newbury Park, CA",315,3:17:00,7:31,M 40-44/4,M-42,24,3:17:05,66.06%
27,Jim Gould,"Valencia, CA",237,3:17:19,7:32,M 35-39/5,M-39,25,3:17:33,64.34%
28,Steven Watanabe,"Santa Clarita, CA",11,3:17:50,7:33,M 55-59/2,M-55,26,3:18:27,73.81%
29,Julia Metcalfe,"Los Angeles, CA",93,3:19:39,7:37,F 18-24/1,F-21,3,3:19:39,67.91%
30,Lisa Yokoyama,"Huntington Beach, CA",220,3:20:15,7:39,F 35-39/2,F-39,4,3:20:23,70.38%
31,Woody Woodburn,"Ventura, CA",317,3:20:53,7:40,M 45-49/7,M-48,27,3:28:22,68.20%
32,Jeff Gillin,"Ottawa, ON",390,3:21:22,7:41,M 35-39/6,M-37,28,3:21:41,62.29%
33,Ted Salazar,"Fontana, CA",297,3:22:01,7:43,M 50-54/1,M-51,29,3:22:09,69.66%
34,Lon Richardson,"Santa Clarita, CA",351,3:22:34,7:44,M 45-49/8,M-45,30,3:23:08,65.90%
35,Ismael Ortiz,"Los Angeles, CA",378,3:23:19,7:46,M 40-44/5,M-40,31,3:23:21,62.96%
36,Tracy Dimino,"Ramona, CA",37,3:25:04,7:50,F 35-39/3,F-37,5,3:25:10,67.74%
37,Chris Di Stefano,"Saugus, CA",218,3:25:27,7:51,F 45-49/1,F-47,6,3:26:44,74.94%
38,Toan Nguyen,"Calabasas, CA",304,3:26:24,7:53,M 45-49/9,M-45,32,3:26:29,64.68%
39,Allen Smith,"Sun Valley, CA",50,3:27:40,7:56,M 50-54/2,M-50,33,3:27:53,67.16%
40,Nigel Toates,"Stevenson Ranch, CA",327,3:27:41,7:56,M 45-49/10,M-48,34,3:28:58,65.97%
41,David Keck,"Rancho Cucamonga, CA",195,3:27:47,7:56,M 45-49/11,M-48,35,3:27:55,65.94%
42,Miguel Rodriguez,"La Puente, CA",46,3:27:54,7:56,M 45-49/12,M-46,36,3:27:55,64.76%
43,Mike Stephens,"Simi Valley, CA",8,3:28:16,7:57,M 50-54/3,M-50,37,3:28:30,66.97%
44,Richard Hillestad,"Topanga, CA",266,3:28:25,7:57,M 65-69/1,M-66,38,3:28:32,78.11%
45,Eirik Haenschke,"North Hills, CA",319,3:28:30,7:58,M 45-49/13,M-46,39,3:28:42,64.58%
46,Rachel Boyd,"Westminster, CA",253,3:28:36,7:58,F 25-29/2,F-28,7,3:28:45,64.92%
47,Scott Blietz,"Santa Clarita, CA",247,3:29:21,8:00,M 35-39/7,M-37,40,3:29:44,59.91%
48,Tim Crowley,"Morro Bay, CA",223,3:29:56,8:01,M 50-54/4,M-50,41,3:30:21,66.44%
49,Mary Nelson,"San Diego, CA",320,3:30:43,8:03,F 35-39/4,F-38,8,3:30:49,66.38%
50,Derek Frank,"Burbank, CA",329,3:30:55,8:03,M 35-39/8,M-35,42,3:31:00,59.23%
51,Yi Feng,"Claremont, CA",116,3:31:26,8:04,M 50-54/5,M-51,43,3:31:54,66.56%
52,Carrie Blakemore,"Carpinteria, CA",239,3:31:56,8:05,F 45-49/2,F-45,9,3:32:04,70.89%
53,Charles Poole,"Palmdale, CA",157,3:32:06,8:06,M 35-39/9,M-38,44,3:32:32,59.43%
54,Trevor Kimball,"Valencia, CA",343,3:32:24,8:07,M 40-44/6,M-42,45,3:33:06,61.27%
55,Whitney Lund,"Basalt, CO",301,3:33:24,8:09,F 18-24/2,F-22,10,3:33:35,63.46%
56,Ron Lund,"Basalt, CO",300,3:33:25,8:09,M 50-54/6,M-51,46,3:33:35,65.94%
57,Patrick Tighe,"Santa Barbara, CA",388,3:34:30,8:11,M 40-44/7,M-42,47,3:34:38,60.67%
58,Jeff Urbina,"Valencia, CA",366,3:34:33,8:11,M 35-39/10,M-36,48,3:34:40,58.29%
59,Arturo Valdez,"Panorama City, CA",173,3:35:59,8:15,M 45-49/14,M-45,49,3:36:03,61.81%
60,Manuel Calzada,"Sun Valley, CA",331,3:36:00,8:15,M 40-44/8,M-41,50,3:36:11,59.76%
61,Lara McGillicuddy,"Santa Clarita, CA",362,3:37:14,8:18,F 35-39/5,F-35,11,3:37:14,63.23%
62,Jack Cheng,"Temple City, CA",189,3:37:40,8:19,M 35-39/11,M-37,51,3:37:55,57.62%
63,Bill Kissell,"Covina, CA",358,3:38:35,8:21,M 55-59/3,M-55,52,3:38:59,66.80%
64,Cesar Carbajal,"North Hills, CA",135,3:39:39,8:23,M 35-39/12,M-37,53,3:39:43,57.10%
65,Jesus Garcia,"Azusa, CA",227,3:39:53,8:24,M 60-64/1,M-62,54,3:45:40,71.07%
66,Wilson Liu,"Arcadia, CA",171,3:39:59,8:24,M 50-54/7,M-50,55,3:40:15,63.40%
67,Andrew Minin,"Los Angeles, CA",215,3:40:03,8:24,M 45-49/15,M-46,56,3:40:12,61.19%
68,Stuart Banner,"Santa Monica, CA",194,3:40:04,8:24,M 40-44/9,M-44,57,3:40:26,60.14%
69,Ricardo Lopez,"Queretaro, ",56,3:40:12,8:24,M 55-59/4,M-56,58,3:40:41,66.94%
70,Donald Sevesind,"Covina, CA",96,3:40:33,8:25,M 30-34/7,M-34,59,3:40:45,56.64%
71,Brian Harville,"Goodrich, MI",318,3:42:36,8:30,M 35-39/13,M-39,60,3:42:38,57.03%
72,James Moore,"Oceanside, CA",340,3:42:39,8:30,M 40-44/10,M-40,61,3:42:45,57.49%
73,Robin Krueger,"Pueblo West, CO",298,3:43:20,8:32,F 40-44/1,F-40,12,3:43:29,63.65%
74,Raul Guzman,"Glendora, CA",42,3:44:48,8:35,M 40-44/11,M-42,62,3:45:08,57.89%
75,Colleen Canan,"Valencia, CA",291,3:45:40,8:37,F 35-39/6,F-38,13,3:46:06,61.98%
76,Delfino Rodriguez,"Los Angeles, CA",397,3:45:42,8:37,M 60-64/2,M-61,63,3:45:45,68.55%
77,Keitha Roth,"Valencia, CA",69,3:45:45,8:37,F 35-39/7,F-35,14,3:46:10,60.85%
78,Brad Bleiweis,"Newport Beach, CA",328,3:45:50,8:37,M 50-54/8,M-52,64,3:46:19,62.88%
79,Julie Jaross,"La Canada Flintridge, CA",360,3:46:36,8:39,F 45-49/3,F-45,15,3:47:14,66.30%
80,Alan Singleton,"Lake Balboa, CA",391,3:47:00,8:40,M 40-44/12,M-43,65,3:47:30,57.82%
81,Roger Guerrero,"Phoenix, AZ",143,3:47:51,8:42,M 45-49/16,M-46,66,3:48:02,59.09%
82,Caleb Nelson,"Los Angeles, CA",274,3:48:01,8:42,M 35-39/14,M-38,67,3:48:49,55.28%
83,Alfredo Reina,"Long Beach, CA",372,3:48:16,8:43,M 50-54/9,M-50,68,3:48:18,61.10%
84,Eric Ostendorff,"Torrance, CA",213,3:48:23,8:43,M 45-49/17,M-47,69,3:48:33,59.47%
85,Aaron Wagner,"Palmdale, CA",132,3:49:20,8:45,M 25-29/3,M-26,70,3:49:36,54.47%
86,Vickie Adams,"Pinon Hills, CA",191,3:49:55,8:47,F 45-49/4,F-48,16,3:50:07,67.80%
87,Mara Stegemann,"Valencia, CA",34,3:50:25,8:48,F 30-34/1,F-34,17,3:51:37,59.35%
88,Joe Ogata,"Pacoima, CA",197,3:50:40,8:48,M 55-59/5,M-59,71,3:50:42,65.76%
89,Chris Older,"Canyon Country, CA",296,3:51:14,8:50,M 40-44/13,M-40,72,3:51:42,55.36%
90,Neil Quach,"Woodland Hills, CA",302,3:51:15,8:50,M 35-39/15,M-36,73,3:51:42,54.08%
91,Silverio Rivas,"Alta Loma, CA",113,3:51:26,8:50,M 50-54/10,M-51,74,3:51:46,60.81%
92,Dr Beli Thakur,"Stevenson Ranch, CA",63,3:54:46,8:58,M 45-49/18,M-45,75,3:55:22,56.86%
93,Dan Adams,"Pinon Hills, CA",190,3:54:57,8:58,M 60-64/3,M-60,76,3:55:09,65.20%
94,David Lee,"Manhattan Beach, CA",324,3:55:03,8:58,M 30-34/8,M-30,77,3:55:25,53.15%
95,Matthew Benice,"Rancho Santa Margarita, CA",181,3:55:12,8:59,M 45-49/19,M-45,78,3:55:48,56.76%
96,Christopher Johnson,"Canyon Country, CA",168,3:55:28,8:59,M 35-39/16,M-38,79,3:55:56,53.54%
97,Kristy Howell,"Palmdale, CA",45,3:55:36,9:00,F 45-49/5,F-45,18,3:56:21,63.77%
98,Dan Boyle,"Canyon Country, CA",196,3:56:02,9:01,M 50-54/11,M-54,80,3:56:53,61.28%
99,Hiromi Fujita,"Los Angeles, CA",261,3:56:07,9:01,F 30-34/2,F-32,19,3:56:55,57.56%
100,Pamela Bercovici,"Santa Clarita, CA",31,3:56:09,9:01,F 45-49/6,F-47,20,3:57:27,65.20%
101,Dean Rossi,"Ottawa, KS",118,3:56:11,9:01,M 45-49/20,M-45,81,3:57:04,56.52%
102,Jeffrey Farrier,"San Diego, CA",259,3:56:20,9:01,M 35-39/17,M-38,82,3:56:39,53.34%
103,Kerry Vines,"Castaic, CA",39,3:56:49,9:02,F 35-39/8,F-39,21,3:57:07,59.52%
104,Agustin Barroso,"Thousand Oaks, CA",354,3:57:38,9:04,M 35-39/18,M-36,83,3:58:46,52.63%
105,Lorraine Gersitz,"Fullerton, CA",263,3:58:29,9:06,F 50-54/1,F-54,22,3:58:40,70.69%
106,Jeff Dierksen,"Yucca Valley, CA",186,3:58:41,9:07,M 50-54/12,M-53,84,3:59:16,60.04%
107,Marcos Nami,"Pacoima, CA",368,3:59:33,9:09,M 35-39/19,M-37,85,3:59:38,52.36%
108,Vladimir Pajcin,"Valencia, CA",81,3:59:39,9:09,M 35-39/20,M-38,86,4:00:36,52.60%
109,Robert Hammons,"Valencia, CA",101,3:59:44,9:09,M 45-49/21,M-45,87,4:00:18,55.68%
110,Nicholas Arias Iii,"Moorpark, CA",77,3:59:53,9:09,M 45-49/22,M-46,88,4:00:17,56.13%
111,Jin Taik Chung,"Los Angeles, CA",176,4:00:14,9:10,M 60-64/4,M-61,89,4:02:09,64.40%
112,Ronald Kim,"Valencia, CA",241,4:01:27,9:13,M 35-39/21,M-39,90,4:02:13,52.58%
113,Karl Fest,"Northridge, CA",200,4:02:05,9:14,M 40-44/14,M-42,91,4:02:21,53.76%
114,Jeff Smith,"San Bernardino, CA",15,4:02:15,9:15,M 50-54/13,M-52,92,4:02:26,58.62%
115,Darcy Papp,"Mission Viejo, CA",108,4:02:44,9:16,F 40-44/2,F-40,23,4:03:33,58.57%
116,Todd Stevens,"Santa Clarita, CA",166,4:03:38,9:18,M 40-44/15,M-41,93,4:04:11,52.98%
117,Jonathan Lewis,"Carpinteria, CA",203,4:03:57,9:19,M 50-54/14,M-54,94,4:04:42,59.29%
118,Alfredo Rubalcava,"Sylmar, CA",321,4:04:07,9:19,M 30-34/9,M-34,95,4:04:25,51.17%
119,Rodolfo Yela,"Fontana, CA",225,4:04:14,9:19,M 50-54/15,M-50,96,4:04:18,57.11%
120,Everildo Mendez,"Santa Barbara, CA",212,4:04:58,9:21,M 50-54/16,M-51,97,4:05:03,57.45%
121,Neil Tuber,"Granada Hills, CA",130,4:05:19,9:22,M 30-34/10,M-30,98,4:05:39,50.92%
122,Thompson Haskins,"Los Angeles, CA",126,4:05:32,9:22,M 50-54/17,M-54,99,4:08:34,58.91%
123,Mike Weinstein,"Valencia, CA",149,4:05:42,9:23,M 25-29/4,M-26,100,4:06:46,50.84%
124,Josh Possell,"Canyon Country, CA",399,4:06:31,9:25,M 35-39/22,M-37,101,4:06:31,50.88%
125,Deo Jaravata,"Granada Hills, CA",370,4:06:50,9:25,M 40-44/16,M-43,102,4:07:29,53.17%
126,Michael Larkin,"Fountain Valley, CA",363,4:07:00,9:26,M 60-64/5,M-61,103,4:07:20,62.64%
127,Ross Lakin,"Valencia, CA",43,4:07:28,9:27,M 40-44/17,M-43,104,4:07:58,53.03%
128,Sue Beatty,"Carpinteria, CA",202,4:07:36,9:27,F 45-49/7,F-45,24,4:08:20,60.68%
129,Alberto Zavala,"Oxnard, CA",64,4:07:43,9:27,M 55-59/6,M-57,105,4:07:56,60.07%
130,Paul Arevalo,"Pasadena, CA",169,4:09:23,9:31,M 45-49/23,M-47,106,4:10:25,54.46%
131,Leah Yela,"Fontana, CA",224,4:09:46,9:32,F 35-39/9,F-37,25,4:09:50,55.62%
132,Kira Krayk,"Bear Valley, CA",151,4:09:47,9:32,F 25-29/3,F-26,26,4:10:15,54.22%
133,Jean Laroche,"Santa Monica, CA",89,4:10:20,9:33,M 55-59/7,M-55,107,4:10:33,58.33%
134,Edward Indvik,"Newport Beach, CA",161,4:11:00,9:35,M 50-54/18,M-53,108,4:11:34,57.10%
135,Gary Powell,"Lompoc, CA",12,4:12:18,9:38,M 45-49/24,M-45,109,4:13:23,52.91%
136,James Sohn,"Pasadena, CA",82,4:12:23,9:38,M 40-44/18,M-42,110,4:12:48,51.57%
137,Dwayne Cooper,"Valencia, CA",154,4:12:24,9:38,M 40-44/19,M-42,111,4:13:30,51.56%
138,Laura Urish,"Mission Viejo, CA",395,4:12:25,9:38,F 50-54/2,F-50,27,4:12:36,63.35%
139,John Teobaldi,"Thousand Oaks, CA",286,4:12:50,9:39,M 40-44/20,M-41,112,4:13:10,51.05%
140,Ben Palomares,"Los Angeles, CA",98,4:13:17,9:40,M 40-44/21,M-43,113,4:14:00,51.82%
141,Jc Mejia,"Valencia, CA",380,4:13:21,9:40,M 40-44/22,M-41,114,4:13:34,50.95%
142,Patrick O'Kelley,"Canyon Country, CA",178,4:13:51,9:41,M 45-49/25,M-49,115,4:14:37,54.45%
143,Daeheum Kim,"San Gabriel, CA",271,4:13:55,9:42,M 45-49/26,M-48,116,4:14:43,53.96%
144,Ben Gaetos,"Los Angeles, CA",310,4:14:05,9:42,M 50-54/19,M-51,117,4:14:38,55.39%
145,David Moore,"Acton, CA",137,4:14:08,9:42,M 40-44/23,M-42,118,4:14:33,51.21%
146,Juan Puerto,"West Hollywood, CA",278,4:14:10,9:42,M 35-39/23,M-37,119,4:14:32,49.35%
147,Alejandro Lopez,"Mission Hills, CA",72,4:14:36,9:43,M 35-39/24,M-36,120,4:15:43,49.12%
148,Myung Park,"Pasadena, CA",207,4:14:38,9:43,M 65-69/2,M-66,121,4:14:47,63.93%
149,Kurt Gardner,"Northridge, CA",193,4:14:58,9:44,M 40-44/24,M-41,122,4:15:08,50.62%
150,Mark Haley,"San Clemente, CA",88,4:15:51,9:46,M 35-39/25,M-38,123,4:16:20,49.27%
151,John Ruiz Sr,"Bellflower, CA",100,4:16:10,9:47,M 45-49/27,M-45,124,4:16:24,52.11%
152,Julie Taschetta,"Los Angeles, CA",316,4:16:48,9:48,F 40-44/3,F-41,28,4:17:19,55.90%
153,Stephen Coffman,"Ventura, CA",257,4:17:38,9:50,M 55-59/8,M-57,125,4:17:46,57.75%
154,William Povletich,"Stevenson Ranch, CA",153,4:18:30,9:52,M 35-39/26,M-36,126,4:19:25,48.38%
155,Aaron Baker,"Camarillo, CA",102,4:18:56,9:53,M 35-39/27,M-36,127,4:19:35,48.30%
156,Allyne Winderman,"Los Angeles, CA",140,4:20:12,9:56,F 55-59/1,F-57,29,4:21:19,67.54%
157,Tony Buonbssissi,"Valencia, CA",407,4:20:20,9:56,M 45-49/28,M-47,128,4:21:28,52.17%
158,Darryl Wells,"Valencia, CA",122,4:20:47,9:57,M 45-49/29,M-46,129,4:21:48,51.63%
159,Richard Hermann,"Woodland Hills, CA",265,4:21:07,9:58,M 25-29/5,M-29,130,4:22:06,47.84%
160,James Wilkerson,"Phoenix, AZ",71,4:21:41,9:59,M 35-39/28,M-36,131,4:22:16,47.79%
161,Christy Hotaling,"Venice, CA",341,4:21:46,10:00,F 25-29/4,F-28,30,4:21:56,51.74%
162,Laura Stone,"Valencia, CA",141,4:21:55,10:00,F 18-24/3,F-22,31,4:22:42,51.71%
163,Lynette Willis,"Valencia, CA",182,4:21:56,10:00,F 25-29/5,F-29,32,4:22:42,51.70%
164,Jason Abner,"Valencia, CA",192,4:21:58,10:00,M 35-39/29,M-36,132,4:23:05,47.74%
165,Thomas Herrera,"Long Beach, CA",183,4:22:18,10:01,M 18-24/2,M-22,133,4:22:22,47.65%
166,Philip Rive,"Long Beach, CA",231,4:22:18,10:01,M 60-64/6,M-60,134,4:22:35,58.40%
167,James McCone,"Torrance, CA",144,4:22:25,10:01,M 50-54/20,M-50,135,4:23:16,53.15%
168,Shannon Hunt,"Redondo Beach, CA",198,4:22:26,10:01,F 35-39/10,F-37,33,4:23:16,52.93%
169,Stuart Posnock,"La Jolla, CA",381,4:22:30,10:01,M 45-49/30,M-48,136,4:22:41,52.19%
170,Brett Robinson,"Simi Valley, CA",309,4:22:54,10:02,M 45-49/31,M-47,137,4:23:46,51.66%
171,Polly Melideo,"Valencia, CA",376,4:23:01,10:02,F 35-39/11,F-37,34,4:23:56,52.81%
172,Debbie Caracciolo,"Valencia, CA",398,4:23:01,10:02,F 35-39/12,F-35,35,4:23:56,52.22%
173,Mary Bowes,"Agoura Hills, CA",256,4:23:07,10:03,F 45-49/8,F-46,36,4:23:59,57.80%
174,Arlene Lewis,"Granada Hills, CA",326,4:23:15,10:03,F 50-54/3,F-53,37,4:23:49,63.18%
175,Brent Fowler,"Bakersfield, CA",244,4:23:48,10:04,M 40-44/25,M-43,138,4:24:18,49.75%
176,Mary Hurst,"O Fallon, IL",54,4:24:14,10:05,F 50-54/4,F-54,38,4:25:29,63.80%
177,Michele Early,"Long Beach, CA",258,4:24:44,10:06,F 40-44/4,F-42,39,4:25:35,54.79%
178,Paula Jonson,"Corona, CA",270,4:24:50,10:07,F 45-49/9,F-45,40,4:25:33,56.73%
179,Josie Martin,"Bakersfield, CA",139,4:25:14,10:07,F 50-54/5,F-52,41,4:25:36,61.88%
180,Mitchell Chan,"Costa Mesa, CA",94,4:25:34,10:08,M 30-34/11,M-32,139,4:25:53,47.04%
181,Ally Deutsch,"Simi Valley, CA",142,4:25:40,10:08,F 18-24/4,F-22,42,4:26:14,50.98%
182,Lauren Destino,"Palo Alto, CA",201,4:25:44,10:09,F 30-34/3,F-31,43,4:26:37,51.04%
183,Tim Hurst,"O Fallon, IL",283,4:26:58,10:11,M 50-54/21,M-54,140,4:28:14,54.18%
184,Scott Zierman,"Lancaster, CA",205,4:27:25,10:12,M 55-59/9,M-55,141,4:28:41,54.60%
185,Henry Lee,"Three Rivers, CA",110,4:27:28,10:13,M 55-59/10,M-55,142,4:27:46,54.59%
186,Salah Adenkhalif,"Port Hueneme Cbc Base, CA",387,4:27:43,10:13,M 25-29/6,M-25,143,4:28:26,46.66%
187,Matt Baron,"Los Angeles, CA",408,4:28:39,10:15,M 35-39/30,M-37,144,4:29:12,46.69%
188,Louis Mo,"La Crescenta, CA",232,4:28:42,10:15,M 40-44/26,M-44,145,4:28:58,49.25%
189,Stephanie Franks,"Bakersfield, CA",404,4:29:14,10:17,F 30-34/4,F-33,44,4:29:39,50.62%
190,Trent Miller,"Long Beach, CA",147,4:29:32,10:17,M 40-44/27,M-40,146,4:30:23,47.49%
191,Michael Everroad,"Ridgecrest, CA",246,4:30:13,10:19,M 25-29/7,M-27,147,4:30:43,46.23%
192,Lora Tang,"Riverside, CA",396,4:30:26,10:19,F 40-44/5,F-42,45,4:30:43,53.63%
193,Jen Whitcomb,"Valencia, CA",355,4:31:11,10:21,F 30-34/5,F-34,46,4:31:40,50.43%
194,Jessica Held,"Canyon Country, CA",373,4:31:16,10:21,F 30-34/6,F-34,47,4:31:34,50.41%
195,Janette Folks,"Santa Clarita, CA",146,4:31:41,10:22,F 35-39/13,F-39,48,4:32:30,51.88%
196,Nancy Ottmann,"Henderson, NV",275,4:32:25,10:24,F 45-49/10,F-49,49,4:32:37,57.95%
197,Roy Pierucci,"Bakersfield, CA",277,4:33:58,10:27,M 55-59/11,M-58,148,4:34:20,54.83%
198,Keith Lynn,"Valencia, CA",367,4:34:11,10:28,M 55-59/12,M-56,149,4:35:01,53.76%
199,Sue Reinhardt,"Rancho Palos Verdes, CA",219,4:34:19,10:28,F 60-64/1,F-62,50,4:34:33,69.04%
200,Bahman Janka,"Santa Clarita, CA",382,4:35:21,10:31,M 50-54/22,M-52,150,4:35:42,51.57%
201,Rawlins Jordan,"Canyon Country, CA",6,4:35:44,10:31,M 65-69/3,M-65,151,4:36:54,58.43%
202,Rob Baldwin,"Valencia, CA",295,4:36:24,10:33,M 45-49/32,M-45,152,4:37:51,48.30%
203,Mario Carranza,"Chatsworth, CA",47,4:36:26,10:33,M 45-49/33,M-47,153,4:37:14,49.13%
204,Cimitrio Cervantes,"Mission Hills, CA",307,4:36:51,10:34,M 40-44/28,M-40,154,4:37:03,46.24%
205,Fred Preston,"San Dimas, CA",221,4:37:48,10:36,M 50-54/23,M-53,155,4:38:03,51.59%
206,Norman Baculinao,"Valencia, CA",330,4:37:56,10:37,M 45-49/34,M-46,156,4:38:36,48.44%
207,Sarah Jones,"Los Angeles, CA",25,4:38:00,10:37,F 25-29/6,F-25,51,4:38:00,48.71%
208,Kim Schneeberger,"Santa Monica, CA",409,4:39:06,10:39,F 30-34/7,F-30,52,4:40:05,48.54%
209,Kelly Steele,"Valencia, CA",27,4:39:17,10:40,F 25-29/7,F-27,53,4:40:02,48.49%
210,Tammy Garcia,"Bakersfield, CA",124,4:39:59,10:41,F 40-44/6,F-41,54,4:40:23,51.27%
211,Lawrence Gregge,"Moreno Valley, CA",333,4:40:08,10:42,M 50-54/24,M-53,157,4:40:29,51.16%
212,Graeme McRae,"Palmdale, CA",361,4:40:18,10:42,M 50-54/25,M-50,158,4:41:15,49.76%
213,Luis J Garcia,"Northridge, CA",339,4:40:52,10:43,M 40-44/29,M-40,159,4:41:27,45.58%
214,Richard Valdez,"North Hollywood, CA",174,4:41:05,10:44,M 35-39/31,M-39,160,4:46:12,45.17%
215,Ed Burke,"Canyon Country, CA",58,4:41:08,10:44,M 55-59/13,M-58,161,4:41:49,53.44%
216,Kil Soo Kim,"Visalia, CA",111,4:41:20,10:44,M 60-64/7,M-60,162,4:41:39,54.45%
217,Holly Julien,"Valencia, CA",158,4:41:29,10:45,F 45-49/11,F-47,55,4:42:19,54.70%
218,Mike McGinnis,"Pine Mountain Club, CA",106,4:41:40,10:45,M 35-39/32,M-35,163,4:42:51,44.35%
219,Robert Godfrey,"Pine Mountain Club, CA",105,4:41:46,10:45,M 40-44/30,M-43,164,4:42:56,46.58%
220,Yong J Kim,"Canoga Park, CA",155,4:42:07,10:46,M 55-59/14,M-59,165,4:42:14,53.76%
221,Vic Trippetti,"Los Angeles, CA",334,4:42:21,10:47,M 60-64/8,M-60,166,4:42:45,54.26%
222,Shana Erickson,"San Diego, CA",32,4:43:13,10:49,F 30-34/8,F-31,56,4:43:50,47.89%
223,Karen Stevens,"Santa Clarita, CA",167,4:43:49,10:50,F 40-44/7,F-41,57,4:44:26,50.58%
224,Robert Hafner,"Corona, CA",305,4:43:51,10:50,M 45-49/35,M-46,167,4:44:55,47.43%
225,Nicole Downing,"Santa Clarita, CA",97,4:44:47,10:52,F 30-34/9,F-31,58,4:45:11,47.63%
226,Teri Lovano,"Redondo Beach, CA",136,4:44:59,10:53,F 45-49/12,F-47,59,4:45:27,54.02%
227,John Murray Ii,"Canyon Country, CA",312,4:45:03,10:53,M 18-24/3,M-20,168,4:45:21,44.38%
228,Tom Pelsor,"Ashland, OR",276,4:45:22,10:54,M 60-64/9,M-63,169,4:46:03,55.31%
229,Alberto Perusset,"Malibu, CA",403,4:45:42,10:54,M 50-54/26,M-50,170,4:45:47,48.82%
230,Gregg George,"Oro Valley, AZ",226,4:46:08,10:55,M 45-49/36,M-49,171,4:47:27,48.31%
231,Vicente Herrera,"Los Angeles, CA",179,4:46:42,10:57,M 25-29/8,M-25,172,4:47:05,43.57%
232,Steven Reti,"Santa Clarita, CA",210,4:46:54,10:57,M 45-49/37,M-45,173,4:47:58,46.53%
233,Levi Rizk,"Henderson, NV",285,4:47:55,10:59,M 18-24/4,M-24,174,4:48:21,43.39%
234,Daniel Gore,"Lancaster, CA",254,4:48:09,11:00,M 35-39/33,M-36,175,4:48:31,43.40%
235,Michael McCormick,"Palmdale, CA",272,4:48:11,11:00,M 35-39/34,M-36,176,4:48:32,43.40%
236,Gretchen Warner,"Stevenson Ranch, CA",29,4:48:39,11:01,F 25-29/8,F-29,60,4:48:58,46.92%
237,Scott Slatem,"Los Angeles, CA",16,4:48:47,11:01,M 45-49/38,M-45,177,4:50:01,46.23%
238,Ronald Eichler,"Valencia, CA",10,4:49:42,11:03,M 60-64/10,M-62,178,4:49:48,53.94%
239,Christopher Boyle,"Glendale, AZ",51,4:50:37,11:06,M 50-54/27,M-51,179,4:51:28,48.42%
240,Daniel Hammerand,"Rio Rancho, NM",353,4:51:10,11:07,M 35-39/35,M-37,180,4:52:08,43.08%
241,Philo Short,"Monterey, CA",70,4:51:27,11:07,M 70-99/1,M-70,181,4:51:37,58.29%
242,Mark Dannerth,"Santa Clarita, CA",156,4:51:39,11:08,M 35-39/36,M-39,182,4:52:35,43.53%
243,Stina Tjaden,"Simi Valley, CA",314,4:52:47,11:11,F 40-44/8,F-44,61,4:54:07,50.70%
244,Ingrid Hughes,"Long Beach, CA",187,4:54:11,11:14,F 35-39/14,F-37,62,4:54:21,47.22%
245,Melanie Buto,"Camarillo, CA",112,4:54:14,11:14,F 40-44/9,F-44,63,4:54:43,50.45%
246,Nabih Balady,"Santa Clarita, CA",55,4:54:16,11:14,M 55-59/15,M-55,183,4:54:39,49.62%
247,Jean Cooper,"Tarzana, CA",236,4:54:49,11:15,F 55-59/2,F-57,64,4:55:39,59.61%
248,Sam Inda,"San Jose, CA",14,4:55:13,11:16,M 50-54/28,M-53,184,4:56:12,48.54%
249,Martha Izazaga,"Pacoima, CA",384,4:56:10,11:18,F 40-44/10,F-40,65,4:56:15,48.00%
250,Tina Montiel,"Pacoima, CA",385,4:56:10,11:18,F 50-54/6,F-50,66,4:56:15,53.99%
251,Todd Gustafson,"San Diego, CA",35,4:56:33,11:19,M 35-39/37,M-35,185,4:56:49,42.13%
252,Araceli Heredia,"Saugus, CA",245,4:56:39,11:19,F 25-29/9,F-28,67,4:56:50,45.65%
253,Janet Willard,"Riverside, CA",282,4:57:16,11:21,F 50-54/7,F-53,68,4:57:33,55.95%
254,Douglass Farrar,"Ventura, CA",386,4:58:02,11:23,M 25-29/9,M-28,186,4:58:46,41.92%
255,Charles Schwarz,"Los Angeles, CA",279,4:58:07,11:23,M 55-59/16,M-58,187,4:58:34,50.39%
256,Beverly Schulz,"Saddlebrooke, AZ",79,4:58:09,11:23,F 65-69/1,F-66,69,4:58:37,68.09%
257,Jong Man Hong,"Garden Grove, CA",323,4:58:53,11:24,M 50-54/29,M-51,188,4:59:06,47.08%
258,Donald Lieu,"San Gabriel, CA",5,4:59:38,11:26,M 55-59/17,M-57,189,5:00:20,49.66%
259,J Taniguchi,"Huntington Beach, CA",117,4:59:57,11:27,M 45-49/39,M-48,190,5:03:09,45.68%
260,David Dacio,"San Diego, CA",38,5:00:04,11:27,M 35-39/38,M-38,191,5:00:57,42.01%
261,Maryann Redmond,"Bakersfield, CA",170,5:00:21,11:28,F 30-34/10,F-34,70,5:00:46,45.53%
262,Michael Garcia,"Bakersfield, CA",59,5:00:24,11:28,M 55-59/18,M-59,192,5:00:46,50.49%
263,Gurcharan Gill,"Clovis, CA",401,5:01:10,11:30,M 55-59/19,M-55,193,5:02:18,48.48%
264,Lidia Ontiveros,"San Fernando, CA",230,5:02:36,11:33,F 45-49/13,F-46,71,5:02:52,50.26%
265,Joanne Marmon,"Tucson, AZ",62,5:03:24,11:35,F 60-64/2,F-62,72,5:03:53,62.42%
266,Don Seibert,"Canyon Country, CA",7,5:04:05,11:36,M 55-59/20,M-59,194,5:04:40,49.88%
267,Gene Borrelli,"Valencia, CA",342,5:04:06,11:36,M 55-59/21,M-59,195,5:04:40,49.88%
268,Domitilia Dos Santos,"New York, NY",53,5:07:09,11:43,F 50-54/8,F-53,73,5:07:09,54.15%
269,Marlene Findling,"Portland, OR",107,5:07:31,11:44,F 45-49/14,F-49,74,5:08:52,51.34%
270,Christine Eng,"Arcadia, CA",375,5:09:14,11:48,F 40-44/11,F-44,75,5:10:16,48.00%
271,Scott Mathews,"Newhall, CA",160,5:09:56,11:50,M 45-49/40,M-49,196,5:11:07,44.60%
272,Anne Brakeman,"Saugus, CA",383,5:10:32,11:51,F 45-49/15,F-46,76,5:11:23,48.97%
273,John F Montgomery Ii,"San Francisco, CA",313,5:10:40,11:51,M 25-29/10,M-27,197,5:11:23,40.21%
274,Kristin Mallon,"Brooklyn, NY",28,5:10:55,11:52,F 25-29/10,F-28,77,5:12:00,43.56%
275,Eddie Schiffer,"Elmont, NY",204,5:10:55,11:52,M 50-54/30,M-52,198,5:12:00,45.67%
276,Norman Suguitan,"San Diego, CA",114,5:11:27,11:53,M 40-44/31,M-43,199,5:12:15,42.14%
277,Charlie Alewine,"Diamond Bar, CA",293,5:11:57,11:54,M 60-64/11,M-63,200,5:12:58,50.59%
278,Tasha Riley,"Valencia, CA",374,5:12:38,11:56,F 30-34/11,F-34,78,5:13:17,43.74%
279,Paul Kim,"Van Nuys, CA",208,5:14:07,11:59,M 60-64/12,M-64,201,5:14:15,50.76%
280,Mary Jellison,"Newhall, CA",371,5:15:02,12:01,F 50-54/9,F-50,79,5:16:32,50.76%
281,Emily Wandel,"Valencia, CA",125,5:15:26,12:02,F 25-29/11,F-26,80,5:15:45,42.93%
282,Kevin Sarkissian,"Valencia, CA",152,5:15:58,12:04,M 40-44/32,M-41,202,5:16:29,40.85%
283,Janet Aguilar,"Stevenson Ranch, CA",127,5:16:24,12:05,F 50-54/10,F-51,81,5:16:46,51.20%
284,Doug Meadows,"Ft Collins, CO",311,5:18:41,12:10,M 55-59/22,M-56,203,5:18:55,46.25%
285,Christine Summerell,"Stevenson Ranch, CA",41,5:20:30,12:14,F 40-44/12,F-41,82,5:21:41,44.79%
286,Steven Be Cotte,"Long Beach, CA",242,5:20:31,12:14,M 40-44/33,M-41,204,5:21:41,40.27%
287,Pete Dowling,"Valencia, CA",252,5:21:23,12:16,M 40-44/34,M-44,205,5:22:20,41.18%
288,Carl Rogers,"Norwalk, CA",138,5:22:37,12:19,M 50-54/31,M-53,206,5:23:20,44.42%
289,Guillermo Rios,"Ventura, CA",299,5:22:37,12:19,M 45-49/41,M-49,207,5:26:00,42.84%
290,Jack Hanna,"Laguna Hills, CA",188,5:23:52,12:22,M 50-54/32,M-53,208,5:24:48,44.25%
291,Neil Sanchez,"Newhall, CA",306,5:24:01,12:22,M 35-39/39,M-38,209,5:24:33,38.90%
292,Tracy Lawrence,"Castaic, CA",90,5:24:59,12:24,F 45-49/16,F-45,83,5:25:24,46.23%
293,Rebecca Erickson,"San Diego, CA",92,5:25:46,12:26,F 30-34/12,F-31,84,5:26:23,41.64%
294,Gabriel Aguilera,"Sylmar, CA",222,5:25:59,12:26,M 30-34/12,M-32,210,5:26:21,38.32%
295,Dave Bourne,"San Luis Obispo, CA",240,5:26:38,12:28,M 60-64/13,M-64,211,5:28:09,48.81%
296,Jennifer Biddulph,"Arcadia, CA",255,5:27:28,12:30,F 50-54/11,F-54,85,5:28:04,51.48%
297,Nancy Duncan,"Santa Clarita, CA",52,5:27:38,12:30,F 50-54/12,F-52,86,5:29:24,50.09%
298,Carol Levine,"Tucson, AZ",336,5:29:09,12:34,F NoAge/0,F-0,87,5:29:38, 0.00%
299,Sr Frank Contreraz,"Saugus, CA",9,5:32:00,12:40,M 50-54/33,M-53,212,5:32:00,43.16%
300,Jann Liang,"Chatsworth, CA",104,5:32:16,12:41,M 70-99/2,M-70,213,5:33:06,51.13%
301,Walter Schuttler,"Seymour, CT",57,5:32:32,12:41,M 55-59/23,M-57,214,5:32:57,44.74%
302,Steven Kenedy,"Valencia, CA",406,5:33:45,12:44,M 18-24/5,M-21,215,5:34:14,37.60%
303,Brittany Carlisle,"Clovis, CA",19,5:37:31,12:53,F 18-24/5,F-19,88,5:38:33,40.38%
304,Ernest Fisco,"Santa Clarita, CA",121,5:40:35,13:00,M 40-44/35,M-44,216,5:41:04,38.86%
305,Stephanie Richardson,"Long Beach, CA",148,5:42:58,13:05,F 35-39/15,F-35,89,5:43:49,40.05%
306,Terry Harikul,"Valencia, CA",216,5:43:07,13:06,M 50-54/34,M-53,217,5:44:15,41.77%
307,Jay Jenkins,"Valencia, CA",269,5:44:39,13:09,M 45-49/42,M-46,218,5:45:26,39.07%
308,Theresa Simpson,"Canyon Country, CA",159,5:45:42,13:12,F 35-39/16,F-38,90,5:47:02,40.46%
309,Justo Rivera,"Palmdale, CA",99,5:46:21,13:13,M 60-64/14,M-60,219,5:47:04,44.23%
310,Sandra Jackson,"Oxnard, CA",248,5:48:06,13:17,F 45-49/17,F-45,91,5:48:57,43.16%
311,Jesse Soto,"Oxnard, CA",249,5:48:08,13:17,M 50-54/35,M-50,220,5:48:59,40.06%
312,Armando Soto,"Granada Hills, CA",87,5:48:23,13:18,M 60-64/15,M-64,221,5:48:30,45.77%
313,Joe Winter,"Santa Clarita, CA",48,5:49:04,13:19,M 45-49/43,M-48,222,5:49:27,39.25%
314,Kenneth Dailey,"Thousand Oaks, CA",131,5:49:17,13:20,M 40-44/36,M-43,223,5:50:44,37.57%
315,Clara Garcia,"Canyon Country, CA",346,5:49:19,13:20,F 25-29/12,F-28,92,5:50:20,38.77%
316,Tessa Lucero,"Canyon Country, CA",335,5:49:21,13:20,F 45-49/18,F-45,93,5:50:42,43.01%
317,Mg Montgomery,"Bakersfield, CA",115,5:50:38,13:23,F 35-39/17,F-39,94,5:51:27,40.19%
318,Yolanda Holder,"Corona, CA",268,5:50:46,13:23,F 50-54/13,F-50,95,5:51:35,45.59%
319,Bonnie Coulehan,"Bakersfield, CA",377,5:50:52,13:23,F 25-29/13,F-29,96,5:52:12,38.60%
320,Juan Baello,"Canyon Country, CA",389,5:52:59,13:28,M 50-54/36,M-52,224,5:53:34,40.23%
321,Millie Baello,"Santa Clarita, CA",289,5:53:00,13:28,F 45-49/19,F-48,97,5:53:34,44.16%
322,Jeannette Roostai,"Yucaipa, CA",66,5:53:32,13:30,F 65-69/2,F-66,98,5:54:47,57.42%
323,Gail Campofiore,"Walnut, CA",61,5:54:57,13:33,F 60-64/3,F-61,99,5:56:04,52.52%
324,Orlando Rivera,"Castaic, CA",217,5:57:35,13:39,M 50-54/37,M-54,225,5:59:00,40.45%
325,Jeff Fishkin,"Newhall, CA",290,5:58:33,13:41,M 30-34/13,M-33,226,6:00:01,34.84%
326,Cayetano Santanero,"Castaic, CA",405,6:08:34,14:04,M 45-49/44,M-49,227,6:10:03,37.50%
327,Nicholas Karem,"Louisville, KY",65,6:09:45,14:07,M 65-69/4,M-65,228,6:11:15,43.57%
328,Vicky Minniss,"Valencia, CA",40,6:09:54,14:07,F 40-44/13,F-40,100,6:10:19,38.43%
329,Kathy Kusner,"Playa Vista, CA",369,6:12:18,14:12,F 65-69/3,F-68,101,6:13:08,56.69%
330,Bob Livitz,"Houston, TX",68,6:13:26,14:15,M 65-69/5,M-68,229,6:14:20,44.52%
331,Miguel Coronado,"Lancaster, CA",394,6:14:54,14:18,M 35-39/40,M-35,230,6:14:56,33.32%
332,Salvador Suarez,"Lancaster, CA",393,6:14:55,14:18,M 30-34/14,M-31,231,6:14:57,33.32%
333,Abigail Abbott-Perez,"Simi Valley, CA",292,6:18:30,14:27,F 50-54/14,F-53,102,6:19:57,43.94%
334,Jim McIntosh,"Simi Valley, CA",273,6:18:31,14:27,M 60-64/16,M-61,232,6:19:58,40.87%
335,Christopher Wakamatsu,"Chatsworth, CA",18,6:20:26,14:31,M 18-24/6,M-18,233,6:21:18,34.15%
336,Miriam Saravia,"Chatsworth, CA",74,6:24:00,14:39,F 50-54/15,F-51,103,6:24:48,42.18%
337,Haywood Crowder,"Compton, CA",303,6:34:06,15:02,M 65-69/6,M-66,234,6:34:12,41.31%
338,Jeff Ballard,"Saugus, CA",163,6:46:53,15:32,M 35-39/41,M-36,235,6:47:36,30.73%
339,Carlos Saravia,"Chatsworth, CA",73,6:48:33,15:35,M 18-24/7,M-21,236,6:49:25,30.72%
