Bib,Name,Gender,Age,Hometown,Overall,Men,M 45-49,Age/Grade,Finish,Chip Time,Gun Time,10K
4649,Haleh Fardi,F,45,"Beverly Hills, CA",6217 out of 6223,3034 out of 3036,198 out of 198, 29.12% Place: 6190,4:07:35 Pace: 18:54,4:07:35,4:16:04,1:58:04 Pace: 19:00
1606,John Uribe,M,45,"West Hollywood, CA",6218 out of 6223,3184 out of 3187,191 out of 191, 25.90% Place: 6220,4:07:57 Pace: 18:55,4:07:57,4:07:57,1:59:06 Pace: 19:11
3552,Maribel Vargas,F,31,"Wilmington, CA",6219 out of 6223,3035 out of 3036,333 out of 333, 26.53% Place: 6216,4:08:35 Pace: 18:58,4:08:35,4:24:30,1:55:46 Pace: 18:38
3215,Michal Pasula,M,33,"Santa Monica, CA",6220 out of 6223,3185 out of 3187,229 out of 229, 23.56% Place: 6222,4:11:50 Pace: 19:13,4:11:50,4:11:50,48:40 Pace: 7:50
7316,Belinda Hayde,F,58,", ",6221 out of 6223,3036 out of 3036,73 out of 73, 33.45% Place: 5881,4:15:06 Pace: 19:28,4:15:06,4:27:20,2:01:26 Pace: 19:33
6125,Juan Bernal,M,13,", ",6222 out of 6223,3186 out of 3187,1382 out of 1382, 26.11% Place: 6218,4:17:15 Pace: 19:38,4:17:15,4:30:32,1:52:34 Pace: 18:07
6338,Roman Guerra,M,28,", ",6223 out of 6223,3187 out of 3187,211 out of 211, 22.86% Place: 6223,4:19:02 Pace: 19:46,4:19:02,4:30:32,1:54:20 Pace: 18:24
