
2787,K Faeustle,M,11,"Rosemont, ",5 out of 220,5 out of 218,5 out of 217,8:11 Pace: 6:35,8:11,8:12
2503,R Rodriguez,M,10,"Patrick Henry K-8, ",11 out of 220,11 out of 218,11 out of 217,8:30 Pace: 6:50,8:30,8:32
2274,U Lopez,M,11,"Millikan Ms, ",16 out of 220,16 out of 218,16 out of 217,8:54 Pace: 7:10,8:54,8:55
2774,G Bolstad,M,11,"Rosemont, ",18 out of 220,18 out of 218,18 out of 217,8:55 Pace: 7:10,8:55,8:56
2393,K Abdi,M,11,"Palms Ms, ",21 out of 220,21 out of 218,21 out of 217,9:03 Pace: 7:17,9:03,9:06
2789,Z Johnson,M,11,"Rosemont, ",29 out of 220,29 out of 218,29 out of 217,9:14 Pace: 7:26,9:14,9:15
2561,J Flores,M,11,"Robert Frost Ms, ",30 out of 220,30 out of 218,30 out of 217,9:14 Pace: 7:26,9:14,9:17
