Bib,Name,Gender,Age,Hometown,Overall,Men,M 01-11,Finish,Chip Time,Gun Time
2239,C Sherman,M,11,"Revere MS, ",1 out of 191,1 out of 191,1 out of 191,6:27 Pace: 5:11,6:26,6:27
2141,H Novoa,M,11,"Henry, ",2 out of 191,2 out of 191,2 out of 191,6:31 Pace: 5:15,6:31,6:38
2242,C Stanton,M,11,"Revere MS, ",3 out of 191,3 out of 191,3 out of 191,6:43 Pace: 5:24,6:43,6:44
2549,D Nava,M,11,"Granada, ",4 out of 191,4 out of 191,4 out of 191,6:55 Pace: 5:34,6:55,6:56
2458,A Brown,M,11,"Millikan, ",5 out of 191,5 out of 191,5 out of 191,6:57 Pace: 5:36,6:57,7:01
2483,M Hakobyan,M,11,"Millikan, ",6 out of 191,6 out of 191,6 out of 191,7:01 Pace: 5:39,7:01,7:05
2008,E Juarez,M,11,"Addams MS, ",7 out of 191,7 out of 191,7 out of 191,7:08 Pace: 5:45,7:08,7:10
2441,J Wilkinson Moreno,M,11,"Palms MS, ",8 out of 191,8 out of 191,8 out of 191,7:14 Pace: 5:49,7:14,7:21
2105,M Huerta,M,11,"Frost MS, ",9 out of 191,9 out of 191,9 out of 191,7:14 Pace: 5:49,7:14,7:16
2036,J Gutierrez,M,11,"Bell Gardens, ",10 out of 191,10 out of 191,10 out of 191,7:14 Pace: 5:49,7:14,7:21
2067,M Partain,M,10,"Carlthorp, ",11 out of 191,11 out of 191,11 out of 191,7:17 Pace: 5:52,7:17,7:17
2247,B Allen,M,11,"Rosemont MS, ",12 out of 191,12 out of 191,12 out of 191,7:22 Pace: 5:56,7:22,7:29
2404,J Perez,M,11,"Palms MS, ",13 out of 191,13 out of 191,13 out of 191,7:22 Pace: 5:56,7:22,7:25
2512,M Pelaez,M,11,"Millikan, ",14 out of 191,14 out of 191,14 out of 191,7:23 Pace: 5:57,7:23,7:27
2147,J Rubenaker,M,11,"Hudson, ",15 out of 191,15 out of 191,15 out of 191,7:26 Pace: 5:59,7:26,7:29
2261,J Ostler,M,11,"Rosemont MS, ",16 out of 191,16 out of 191,16 out of 191,7:29 Pace: 6:01,7:29,7:37
2437,E Uqoegwu,M,11,"Palms MS, ",17 out of 191,17 out of 191,17 out of 191,7:30 Pace: 6:02,7:30,7:33
2545,S Leyvas,M,11,"Granada, ",18 out of 191,18 out of 191,18 out of 191,7:34 Pace: 6:05,7:34,7:35
2378,A Lawrence,M,11,"Palms MS, ",19 out of 191,19 out of 191,19 out of 191,7:34 Pace: 6:06,7:34,7:35
2213,L Lopez,M,11,"Montebello Inter, ",20 out of 191,20 out of 191,20 out of 191,7:35 Pace: 6:06,7:35,7:35
2178,C Duran,M,11,"Madrid, ",21 out of 191,21 out of 191,21 out of 191,7:44 Pace: 6:14,7:44,7:49
2310,T Rojas,M,11,"Stevenson MS, ",22 out of 191,22 out of 191,22 out of 191,7:46 Pace: 6:15,7:46,7:50
2255,C Davis,M,11,"Rosemont MS, ",23 out of 191,23 out of 191,23 out of 191,7:46 Pace: 6:15,7:46,7:54
2415,J Sachs Amrami,M,11,"Palms MS, ",24 out of 191,24 out of 191,24 out of 191,7:49 Pace: 6:18,7:49,7:54
2073,B Camargo,M,11,"Eastmont Inter, ",25 out of 191,25 out of 191,25 out of 191,7:51 Pace: 6:19,7:51,7:53
2475,A Golovin,M,11,"Millikan, ",26 out of 191,26 out of 191,26 out of 191,7:56 Pace: 6:23,7:56,8:01
2476,R Gomez,M,11,"Millikan, ",27 out of 191,27 out of 191,27 out of 191,7:56 Pace: 6:23,7:56,8:00
2044,S Morales,M,11,"Bell Gardens, ",28 out of 191,28 out of 191,28 out of 191,7:57 Pace: 6:24,7:57,7:58
2267,R Alejo,M,11,"Roosevelt MS, ",29 out of 191,29 out of 191,29 out of 191,7:58 Pace: 6:25,7:58,8:01
2552,V Urias,M,11,"Granada, ",30 out of 191,30 out of 191,30 out of 191,7:59 Pace: 6:26,7:59,8:03
2516,M Ray,M,11,"Millikan, ",31 out of 191,31 out of 191,31 out of 191,8:00 Pace: 6:27,8:00,8:05
2198,B Ramos,M,11,"Madrid, ",32 out of 191,32 out of 191,32 out of 191,8:02 Pace: 6:28,8:02,8:07
2009,D Menjivar,M,11,"Addams MS, ",33 out of 191,33 out of 191,33 out of 191,8:02 Pace: 6:28,8:02,8:05
2536,D Williams,M,11,"Millikan, ",34 out of 191,34 out of 191,34 out of 191,8:04 Pace: 6:30,8:04,8:08
2469,L Flores,M,11,"Millikan, ",35 out of 191,35 out of 191,35 out of 191,8:04 Pace: 6:30,8:04,8:10
2145,J Galicia,M,11,"Hudson, ",36 out of 191,36 out of 191,36 out of 191,8:08 Pace: 6:33,8:08,8:12
2281,C Herrera,M,11,"Roosevelt MS, ",37 out of 191,37 out of 191,37 out of 191,8:10 Pace: 6:34,8:10,8:15
2142,E Rios,M,11,"Henry, ",38 out of 191,38 out of 191,38 out of 191,8:11 Pace: 6:35,8:11,8:17
2448,A Abrigo,M,11,"Millikan, ",39 out of 191,39 out of 191,39 out of 191,8:17 Pace: 6:40,8:17,8:17
2160,V Mijares,M,11,"Jefferson, ",40 out of 191,40 out of 191,40 out of 191,8:19 Pace: 6:42,8:19,8:22
2235,J Gutheim,M,11,"Revere MS, ",41 out of 191,41 out of 191,41 out of 191,8:20 Pace: 6:43,8:20,8:20
2408,D Ramirez,M,11,"Palms MS, ",42 out of 191,42 out of 191,42 out of 191,8:23 Pace: 6:45,8:23,8:30
2243,E Szayna,M,11,"Revere MS, ",43 out of 191,43 out of 191,43 out of 191,8:27 Pace: 6:48,8:27,8:35
2354,J Cruz,M,11,"Palms MS, ",44 out of 191,44 out of 191,44 out of 191,8:29 Pace: 6:49,8:29,8:35
2026,S Corona,M,11,"Bell Gardens, ",45 out of 191,45 out of 191,45 out of 191,8:29 Pace: 6:50,8:29,8:35
2259,S Linkchorst,M,11,"Rosemont MS, ",46 out of 191,46 out of 191,46 out of 191,8:30 Pace: 6:50,8:30,8:33
2214,B Macias,M,11,"Montebello Inter, ",47 out of 191,47 out of 191,47 out of 191,8:30 Pace: 6:50,8:30,8:31
2048,B Palencia,M,11,"Bell Gardens, ",48 out of 191,48 out of 191,48 out of 191,8:32 Pace: 6:52,8:32,8:35
2356,E Davila,M,11,"Palms MS, ",49 out of 191,49 out of 191,49 out of 191,8:33 Pace: 6:53,8:33,8:33
2158,T Mam,M,11,"Jefferson, ",50 out of 191,50 out of 191,50 out of 191,8:35 Pace: 6:55,8:35,8:38
2112,M Meyers,M,11,"Frost MS, ",51 out of 191,51 out of 191,51 out of 191,8:37 Pace: 6:56,8:37,8:38
2053,A Roman,M,11,"Bell Gardens, ",52 out of 191,52 out of 191,52 out of 191,8:38 Pace: 6:57,8:38,8:38
2024,A Chimal,M,11,"Bell Gardens, ",53 out of 191,53 out of 191,53 out of 191,8:42 Pace: 7:00,8:42,8:44
2445,C Yang,M,11,"Palms MS, ",54 out of 191,54 out of 191,54 out of 191,8:42 Pace: 7:00,8:42,8:43
2234,G Fuliani,M,11,"Revere MS, ",55 out of 191,55 out of 191,55 out of 191,8:46 Pace: 7:04,8:46,8:55
2488,J Jones,M,11,"Millikan, ",56 out of 191,56 out of 191,56 out of 191,8:49 Pace: 7:06,8:49,8:55
2494,A Krogedal,M,11,"Millikan, ",57 out of 191,57 out of 191,57 out of 191,8:50 Pace: 7:06,8:50,8:54
2530,N Trujillo,M,11,"Millikan, ",58 out of 191,58 out of 191,58 out of 191,8:51 Pace: 7:08,8:51,8:58
2279,A Galadzhyan,M,11,"Roosevelt MS, ",59 out of 191,59 out of 191,59 out of 191,8:52 Pace: 7:08,8:52,9:01
2210,S Hidalgo,M,11,"Montebello Inter, ",60 out of 191,60 out of 191,60 out of 191,8:52 Pace: 7:08,8:52,8:54
2311,A Salas,M,11,"Stevenson MS, ",61 out of 191,61 out of 191,61 out of 191,8:54 Pace: 7:10,8:54,8:59
2550,M Nunley,M,11,"Granada, ",62 out of 191,62 out of 191,62 out of 191,8:54 Pace: 7:10,8:54,8:56
2557,D Berry,M,11,"Davis MS, ",63 out of 191,63 out of 191,63 out of 191,8:56 Pace: 7:12,8:56,9:00
2336,J Agbasi,M,11,"Palms MS, ",64 out of 191,64 out of 191,64 out of 191,9:00 Pace: 7:15,9:00,9:03
2211,I Jenkins,M,11,"Montebello Inter, ",65 out of 191,65 out of 191,65 out of 191,9:01 Pace: 7:15,9:01,9:02
2084,G Luviano,M,11,"Edgewood, ",66 out of 191,66 out of 191,66 out of 191,9:01 Pace: 7:15,9:01,9:06
2212,A Keys,M,11,"Montebello Inter, ",67 out of 191,67 out of 191,67 out of 191,9:01 Pace: 7:15,9:01,9:02
2077,J Alcala,M,11,"Edgewood, ",68 out of 191,68 out of 191,68 out of 191,9:02 Pace: 7:16,9:02,9:06
2154,A Gaytan,M,11,"Jefferson, ",69 out of 191,69 out of 191,69 out of 191,9:02 Pace: 7:16,9:02,9:05
2249,M Brunner,M,11,"Rosemont MS, ",70 out of 191,70 out of 191,70 out of 191,9:03 Pace: 7:17,9:03,9:11
2016,L Romero,M,11,"Avalon, ",71 out of 191,71 out of 191,71 out of 191,9:05 Pace: 7:19,9:05,9:11
2499,J Marin,M,11,"Millikan, ",72 out of 191,72 out of 191,72 out of 191,9:10 Pace: 7:23,9:10,9:18
2039,J Jacobo,M,11,"Bell Gardens, ",73 out of 191,73 out of 191,73 out of 191,9:13 Pace: 7:25,9:13,9:16
2180,J Flores Jr,M,11,"Madrid, ",74 out of 191,74 out of 191,74 out of 191,9:15 Pace: 7:27,9:15,9:20
2514,S Ramirez,M,11,"Millikan, ",75 out of 191,75 out of 191,75 out of 191,9:17 Pace: 7:29,9:17,9:21
2200,L Romero Jr,M,11,"Madrid, ",76 out of 191,76 out of 191,76 out of 191,9:20 Pace: 7:30,9:20,9:24
2472,J Garcia,M,11,"Millikan, ",77 out of 191,77 out of 191,77 out of 191,9:20 Pace: 7:31,9:20,9:25
2150,N Blaine,M,11,"Jefferson, ",78 out of 191,78 out of 191,78 out of 191,9:23 Pace: 7:33,9:23,9:25
2361,S Es Said,M,11,"Palms MS, ",79 out of 191,79 out of 191,79 out of 191,9:23 Pace: 7:33,9:23,9:31
2051,S Ramirez,M,11,"Bell Gardens, ",81 out of 191,81 out of 191,81 out of 191,9:26 Pace: 7:36,9:26,9:33
2464,A Danielian,M,11,"Millikan, ",82 out of 191,82 out of 191,82 out of 191,9:26 Pace: 7:36,9:26,9:31
2262,A Travis,M,11,"Rosemont MS, ",83 out of 191,83 out of 191,83 out of 191,9:27 Pace: 7:37,9:27,9:36
2358,M De Leon,M,11,"Palms MS, ",84 out of 191,84 out of 191,84 out of 191,9:30 Pace: 7:39,9:30,9:33
2484,D Harris,M,11,"Millikan, ",85 out of 191,85 out of 191,85 out of 191,9:31 Pace: 7:39,9:31,9:36
2306,E Perez,M,11,"Stevenson MS, ",86 out of 191,86 out of 191,86 out of 191,9:32 Pace: 7:40,9:32,9:36
2054,A Ruiz,M,11,"Bell Gardens, ",87 out of 191,87 out of 191,87 out of 191,9:32 Pace: 7:41,9:32,9:35
2341,J Baehler,M,11,"Palms MS, ",88 out of 191,88 out of 191,88 out of 191,9:37 Pace: 7:45,9:37,9:40
2209,A Herrera,M,11,"Montebello Inter, ",89 out of 191,89 out of 191,89 out of 191,9:41 Pace: 7:48,9:41,9:43
2065,T Nichols,M,11,"Butler, ",90 out of 191,90 out of 191,90 out of 191,9:43 Pace: 7:49,9:43,9:47
2497,M Magtesian,M,11,"Millikan, ",91 out of 191,91 out of 191,91 out of 191,9:44 Pace: 7:50,9:44,9:51
2116,J Paniagua,M,11,"Frost MS, ",92 out of 191,92 out of 191,92 out of 191,9:46 Pace: 7:52,9:46,9:48
2117,C Patron,M,11,"Frost MS, ",93 out of 191,93 out of 191,93 out of 191,9:47 Pace: 7:53,9:47,9:49
2090,E Garcia,M,11,"Fleming, ",94 out of 191,94 out of 191,94 out of 191,9:49 Pace: 7:54,9:49,9:56
2379,B Lee,M,11,"Palms MS, ",95 out of 191,95 out of 191,95 out of 191,9:49 Pace: 7:54,9:49,9:52
2184,M Hurtado,M,11,"Madrid, ",96 out of 191,96 out of 191,96 out of 191,9:50 Pace: 7:55,9:50,9:58
2127,E Snook,M,11,"Frost MS, ",97 out of 191,97 out of 191,97 out of 191,9:51 Pace: 7:56,9:51,9:53
2559,J Colquitt,M,11,"Davis MS, ",98 out of 191,98 out of 191,98 out of 191,9:54 Pace: 7:58,9:54,9:58
2203,R Tapia,M,11,"Madrid, ",99 out of 191,99 out of 191,99 out of 191,9:57 Pace: 8:01,9:57,10:04
2148,J Sunia,M,11,"Hudson, ",100 out of 191,100 out of 191,100 out of 191,9:58 Pace: 8:01,9:58,10:01
2027,U Diaz,M,11,"Bell Gardens, ",101 out of 191,101 out of 191,101 out of 191,10:01 Pace: 8:04,10:01,10:07
2215,A Martinez,M,11,"Montebello Inter, ",102 out of 191,102 out of 191,102 out of 191,10:02 Pace: 8:04,10:02,10:04
2420,D Salazar,M,11,"Palms MS, ",103 out of 191,103 out of 191,103 out of 191,10:03 Pace: 8:05,10:03,10:08
2513,A Rahnama,M,11,"Millikan, ",104 out of 191,104 out of 191,104 out of 191,10:03 Pace: 8:05,10:03,10:11
2480,H Griffin Savas,M,11,"Millikan, ",105 out of 191,105 out of 191,105 out of 191,10:06 Pace: 8:07,10:06,10:10
2282,T Ibrahimi,M,11,"Roosevelt MS, ",106 out of 191,106 out of 191,106 out of 191,10:11 Pace: 8:12,10:11,10:15
2290,E Vazquez,M,11,"Roosevelt MS, ",107 out of 191,107 out of 191,107 out of 191,10:14 Pace: 8:14,10:14,10:22
2010,A Sanchez,M,11,"Addams MS, ",108 out of 191,108 out of 191,108 out of 191,10:16 Pace: 8:16,10:16,10:24
2021,C Castaneda,M,11,"Bell Gardens, ",109 out of 191,109 out of 191,109 out of 191,10:17 Pace: 8:17,10:17,10:21
2527,J Thomas,M,11,"Millikan, ",110 out of 191,110 out of 191,110 out of 191,10:19 Pace: 8:18,10:19,10:23
2538,M Yourist,M,11,"Millikan, ",111 out of 191,111 out of 191,111 out of 191,10:23 Pace: 8:21,10:23,10:27
2518,B Salazar,M,11,"Millikan, ",112 out of 191,112 out of 191,112 out of 191,10:23 Pace: 8:22,10:23,10:27
2164,C Pich,M,11,"Jefferson, ",113 out of 191,113 out of 191,113 out of 191,10:24 Pace: 8:22,10:24,10:27
2496,E Machuca,M,11,"Millikan, ",114 out of 191,114 out of 191,114 out of 191,10:26 Pace: 8:23,10:26,10:31
2500,A Martinez,M,11,"Millikan, ",115 out of 191,115 out of 191,115 out of 191,10:27 Pace: 8:25,10:27,10:34
2049,E Perez,M,11,"Bell Gardens, ",116 out of 191,116 out of 191,116 out of 191,10:37 Pace: 8:33,10:37,10:41
2176,S Chau,M,11,"Madrid, ",117 out of 191,117 out of 191,117 out of 191,10:40 Pace: 8:35,10:40,10:49
2170,J Calderon,M,11,"Madrid, ",118 out of 191,118 out of 191,118 out of 191,10:43 Pace: 8:38,10:43,10:51
2490,A Keshishian,M,11,"Millikan, ",119 out of 191,119 out of 191,119 out of 191,10:44 Pace: 8:39,10:44,10:49
2362,O Feagin,M,11,"Palms MS, ",120 out of 191,120 out of 191,120 out of 191,10:45 Pace: 8:39,10:45,10:46
2428,C Selvo,M,11,"Palms MS, ",121 out of 191,121 out of 191,121 out of 191,10:45 Pace: 8:39,10:45,10:52
2477,S Gonzalez,M,11,"Millikan, ",122 out of 191,122 out of 191,122 out of 191,10:47 Pace: 8:41,10:47,10:51
2473,N Garcia,M,11,"Millikan, ",123 out of 191,123 out of 191,123 out of 191,10:48 Pace: 8:41,10:48,10:54
2167,N Alvarado,M,11,"Madrid, ",124 out of 191,124 out of 191,124 out of 191,10:50 Pace: 8:43,10:50,10:57
2169,R Cabrera III,M,11,"Madrid, ",125 out of 191,125 out of 191,125 out of 191,10:55 Pace: 8:47,10:55,11:04
2014,J Meza,M,11,"Avalon, ",126 out of 191,126 out of 191,126 out of 191,10:56 Pace: 8:48,10:56,11:03
2118,N Perez,M,11,"Frost MS, ",127 out of 191,127 out of 191,127 out of 191,10:57 Pace: 8:49,10:57,11:01
2028,J Dominguez,M,11,"Bell Gardens, ",128 out of 191,128 out of 191,128 out of 191,11:03 Pace: 8:53,11:03,11:06
2115,F Pacheco,M,11,"Frost MS, ",129 out of 191,129 out of 191,129 out of 191,11:03 Pace: 8:53,11:03,11:05
2345,J Booker,M,11,"Palms MS, ",130 out of 191,130 out of 191,130 out of 191,11:05 Pace: 8:55,11:05,11:07
2374,S Khan,M,11,"Palms MS, ",131 out of 191,131 out of 191,131 out of 191,11:08 Pace: 8:57,11:08,11:11
2414,K Rogers,M,11,"Palms MS, ",132 out of 191,132 out of 191,132 out of 191,11:08 Pace: 8:57,11:08,11:11
2372,E Hernandez,M,11,"Palms MS, ",133 out of 191,133 out of 191,133 out of 191,11:16 Pace: 9:04,11:16,11:20
2399,A Ortiz Jr,M,11,"Palms MS, ",134 out of 191,134 out of 191,134 out of 191,11:18 Pace: 9:06,11:18,11:19
2099,B Enriquez,M,11,"Frost MS, ",135 out of 191,135 out of 191,135 out of 191,11:20 Pace: 9:07,11:20,11:22
2479,A Grajalez,M,11,"Millikan, ",136 out of 191,136 out of 191,136 out of 191,11:22 Pace: 9:09,11:22,11:26
2318,E Buch,M,11,"Valley Alternative, ",137 out of 191,137 out of 191,137 out of 191,11:26 Pace: 9:12,11:26,11:27
2031,J Gallegos,M,11,"Bell Gardens, ",138 out of 191,138 out of 191,138 out of 191,11:39 Pace: 9:23,11:39,11:43
2253,J Costibolo,M,11,"Rosemont MS, ",139 out of 191,139 out of 191,139 out of 191,11:40 Pace: 9:24,11:40,11:49
2220,J Vizcarra,M,11,"Montebello Inter, ",140 out of 191,140 out of 191,140 out of 191,11:45 Pace: 9:27,11:45,11:47
2019,S Campos,M,11,"Bell Gardens, ",141 out of 191,141 out of 191,141 out of 191,11:45 Pace: 9:28,11:45,11:48
2459,A Cervantes,M,11,"Millikan, ",142 out of 191,142 out of 191,142 out of 191,11:47 Pace: 9:29,11:47,11:51
2151,J Castillo,M,11,"Jefferson, ",143 out of 191,143 out of 191,143 out of 191,11:51 Pace: 9:32,11:51,11:54
2163,C Orozco,M,11,"Jefferson, ",144 out of 191,144 out of 191,144 out of 191,11:51 Pace: 9:32,11:51,11:54
2510,J Ortiz,M,11,"Millikan, ",145 out of 191,145 out of 191,145 out of 191,11:55 Pace: 9:36,11:55,12:01
2157,F Ledezma,M,11,"Jefferson, ",146 out of 191,146 out of 191,146 out of 191,11:57 Pace: 9:37,11:57,12:01
2082,C Jasso,M,11,"Edgewood, ",147 out of 191,147 out of 191,147 out of 191,11:58 Pace: 9:38,11:58,12:03
2083,D Lam,M,11,"Edgewood, ",148 out of 191,148 out of 191,148 out of 191,11:58 Pace: 9:38,11:58,12:07
2413,A Roble,M,11,"Palms MS, ",149 out of 191,149 out of 191,149 out of 191,12:02 Pace: 9:41,12:02,12:05
2004,K Benites,M,11,"Addams MS, ",150 out of 191,150 out of 191,150 out of 191,12:03 Pace: 9:42,12:03,12:13
2326,J Murillo,M,11,"Valley Alternative, ",151 out of 191,151 out of 191,151 out of 191,12:05 Pace: 9:44,12:05,12:06
2041,A Lopez,M,11,"Bell Gardens, ",152 out of 191,152 out of 191,152 out of 191,12:07 Pace: 9:45,12:07,12:10
2386,D Martinez,M,11,"Palms MS, ",153 out of 191,153 out of 191,153 out of 191,12:08 Pace: 9:46,12:08,12:10
2219,C Velasco,M,11,"Montebello Inter, ",154 out of 191,154 out of 191,154 out of 191,12:12 Pace: 9:49,12:12,12:14
2063,D Clark,M,11,"Butler, ",155 out of 191,155 out of 191,155 out of 191,12:14 Pace: 9:51,12:14,12:18
2435,S Suriya,M,11,"Palms MS, ",156 out of 191,156 out of 191,156 out of 191,12:14 Pace: 9:51,12:14,12:19
2529,G Touboul,M,11,"Millikan, ",157 out of 191,157 out of 191,157 out of 191,12:15 Pace: 9:51,12:15,12:20
2295,E Estrada,M,11,"Stevenson MS, ",158 out of 191,158 out of 191,158 out of 191,12:17 Pace: 9:53,12:17,12:21
2305,D Perez,M,11,"Stevenson MS, ",159 out of 191,159 out of 191,159 out of 191,12:21 Pace: 9:56,12:21,12:25
2136,A Gonzalez,M,11,"Henry, ",160 out of 191,160 out of 191,160 out of 191,12:24 Pace: 9:58,12:24,12:31
2558,S Bonaparter,M,11,"Davis MS, ",161 out of 191,161 out of 191,161 out of 191,12:36 Pace: 10:08,12:36,12:42
2434,C Stephens Jr,M,11,"Palms MS, ",162 out of 191,162 out of 191,162 out of 191,12:39 Pace: 10:11,12:39,12:46
2175,M Cervantes,M,11,"Madrid, ",163 out of 191,163 out of 191,163 out of 191,12:39 Pace: 10:11,12:39,12:46
2047,A Ortiz,M,11,"Bell Gardens, ",164 out of 191,164 out of 191,164 out of 191,12:39 Pace: 10:11,12:39,12:44
2052,D Rodriguez,M,11,"Bell Gardens, ",165 out of 191,165 out of 191,165 out of 191,12:40 Pace: 10:11,12:40,12:44
2396,B Nekookar,M,11,"Palms MS, ",166 out of 191,166 out of 191,166 out of 191,12:41 Pace: 10:13,12:41,12:48
2357,A Davis,M,11,"Palms MS, ",167 out of 191,167 out of 191,167 out of 191,12:42 Pace: 10:13,12:42,12:43
2431,A Silva,M,11,"Palms MS, ",168 out of 191,168 out of 191,168 out of 191,12:43 Pace: 10:14,12:43,12:50
2315,A Valdez,M,11,"Stevenson MS, ",169 out of 191,169 out of 191,169 out of 191,12:49 Pace: 10:19,12:49,12:56
2466,J Feldman,M,11,"Millikan, ",170 out of 191,170 out of 191,170 out of 191,12:58 Pace: 10:26,12:58,13:05
2407,A Ramirez,M,11,"Palms MS, ",171 out of 191,171 out of 191,171 out of 191,13:04 Pace: 10:31,13:04,13:07
2291,I Aguilar,M,11,"Stevenson MS, ",172 out of 191,172 out of 191,172 out of 191,13:06 Pace: 10:32,13:06,13:11
2307,J Rodriguez,M,11,"Stevenson MS, ",173 out of 191,173 out of 191,173 out of 191,13:10 Pace: 10:36,13:10,13:10
2532,M Volante,M,11,"Millikan, ",174 out of 191,174 out of 191,174 out of 191,13:17 Pace: 10:41,13:17,13:22
2121,F Ramos Jr,M,11,"Frost MS, ",175 out of 191,175 out of 191,175 out of 191,14:27 Pace: 11:38,14:27,14:30
2076,J Vega,M,11,"Eastmont Inter, ",176 out of 191,176 out of 191,176 out of 191,14:34 Pace: 11:44,14:34,14:37
2314,D Soriano,M,11,"Stevenson MS, ",177 out of 191,177 out of 191,177 out of 191,14:39 Pace: 11:47,14:39,14:46
2303,A Medina,M,11,"Stevenson MS, ",178 out of 191,178 out of 191,178 out of 191,14:40 Pace: 11:48,14:40,14:46
2186,J Jimenez,M,11,"Madrid, ",179 out of 191,179 out of 191,179 out of 191,14:43 Pace: 11:51,14:43,14:49
2087,J Seanez,M,11,"Edgewood, ",180 out of 191,180 out of 191,180 out of 191,15:06 Pace: 12:09,15:06,15:13
2462,K Chavarria,M,11,"Millikan, ",181 out of 191,181 out of 191,181 out of 191,15:08 Pace: 12:11,15:08,15:13
2304,A Meraz,M,11,"Stevenson MS, ",182 out of 191,182 out of 191,182 out of 191,15:10 Pace: 12:12,15:10,15:17
2468,G Flores,M,11,"Millikan, ",183 out of 191,183 out of 191,183 out of 191,15:11 Pace: 12:13,15:11,15:18
2325,V Manukyan,M,11,"Valley Alternative, ",184 out of 191,184 out of 191,184 out of 191,15:37 Pace: 12:34,15:37,15:38
2346,C Boyd,M,11,"Palms MS, ",185 out of 191,185 out of 191,185 out of 191,15:56 Pace: 12:49,15:56,16:00
2085,J Perez,M,11,"Edgewood, ",186 out of 191,186 out of 191,186 out of 191,16:33 Pace: 13:19,16:33,16:35
2241,J Simon,M,11,"Revere MS, ",187 out of 191,187 out of 191,187 out of 191,45:04 Pace: 36:16,45:04,45:05
2066,F Patino,M,11,"Butler, ",188 out of 191,188 out of 191,188 out of 191,46:17 Pace: 37:15,46:17,46:21
2556,W Evans,M,11,"Butler, ",189 out of 191,189 out of 191,189 out of 191,48:02 Pace: 38:40,48:02,48:07
2551,J Sandoval,M,11,"Granada, ",190 out of 191,190 out of 191,190 out of 191,1:07:15 Pace: 54:07,1:07:15,1:07:15
2229,T Thomas,M,11,"Peary MS, ",191 out of 191,191 out of 191,191 out of 191,1:07:56 Pace: 54:40,1:07:56,1:07:56
