Place,Name,Location,Bib,Net Time,Pace,Division/Place,Sex-Age,Sex-Place,Gun Time,Age Grade
1,Dylan Appleby,"Revere Ms, ",2226,7:56,6:23,M 01-11/1,M-11,1,7:56,70.74%
2,Saulo Barranco,"Bell Gardens, ",2156,8:18,6:41,M 01-11/2,M-11,2,8:19,67.61%
3,Victor Manuel Hernandez,"Wright Ms, ",2689,8:18,6:41,M 01-11/3,M-11,3,8:21,67.61%
4,Cesar Ceja,"Sutter Ms, ",2091,8:20,6:43,M 01-11/4,M-11,4,8:24,67.33%
5,William Brookey,"Rosemont, ",2534,8:22,6:44,M 01-11/5,M-11,5,8:25,67.07%
6,Victor Dominguez,"Pyle Elem, ",2063,8:22,6:44,M 01-11/6,M-11,6,8:24,67.07%
7,Andres Ramirez,"Pyle Elem, ",2069,8:23,6:44,M 01-11/7,M-11,7,8:25,66.93%
8,Alexis Cruz,"Northridge Ms, ",2519,8:29,6:50,M 01-11/8,M-11,8,8:31,66.14%
9,Gerardo Perez,"Belvedere Ms, ",2309,8:29,6:50,M 01-11/9,M-11,9,8:29,66.14%
10,Jesse Pinto,"Sutter Ms, ",2107,8:30,6:50,M 01-11/10,M-11,10,8:33,66.01%
11,Joshua Sillas,"Millikan Ms, ",2654,8:35,6:54,M 01-11/11,M-11,11,8:36,65.37%
12,Garrett Hendriks,"Wright Ms, ",2688,8:36,6:56,M 01-11/12,M-11,12,8:38,65.24%
13,Saul Murguia,"Northridge Ms, ",2521,8:38,6:57,M 01-11/13,M-11,13,8:41,64.99%
14,Ulises Vaca,"Belvedere Ms, ",2324,8:38,6:57,M 01-11/14,M-11,14,8:39,64.99%
15,Cesar Martinez,"Bell Gardens, ",2176,8:38,6:57,M 01-11/15,M-11,15,8:40,64.99%
16,Anthony Escobar,"Sutter Ms, ",2092,8:40,6:59,M 01-11/16,M-11,16,8:44,64.74%
17,Jarrod Garcia,"Bell Gardens, ",2166,8:42,7:00,M 01-11/17,M-10,17,8:43,66.60%
18,Bryan Jimenez,"Millikan Ms, ",2622,8:43,7:01,M 01-11/18,M-11,18,8:43,64.37%
19,Fernando Cruz,"Monroe, ",2049,8:44,7:02,M 01-11/19,M-11,19,8:45,64.24%
20,Kenneth Tijerino,"Bell Gardens, ",2191,8:45,7:03,M 01-11/20,M-11,20,8:47,64.00%
21,John Chaides,"Macy Int, ",2702,8:49,7:05,M 01-11/21,M-11,21,8:53,63.64%
22,Diego Ramirez,"Fleming, ",2021,8:50,7:06,M 01-11/22,M-11,22,8:54,63.52%
23,Victor Lara,"Madrid Ms, ",2032,8:51,7:08,M 01-11/23,M-11,23,8:53,63.40%
24,Jimmy Mendez,"Jefferson, ",2699,8:52,7:08,M 01-11/24,M-11,24,8:52,63.28%
25,Alexandre Tung,"Clifton Ms, ",2006,8:53,7:09,M 01-11/25,M-11,25,8:55,63.16%
26,Nicholas Valdivia,"Frost Ms, ",2394,8:53,7:09,M 01-11/26,M-11,26,8:55,63.16%
27,Timothy Gilmore,"Millikan Ms, ",2609,8:59,7:14,M 01-11/27,M-10,27,8:59,64.50%
28,Nick Ostler,"Rosemont, ",2562,9:01,7:15,M 01-11/28,M-11,28,9:04,62.22%
29,Daniel A Sanchez,"Millikan Ms, ",2651,9:02,7:16,M 01-11/29,M-11,29,9:02,62.11%
30,Cesar Solis,"Torch Ms, ",2148,9:02,7:17,M 01-11/30,M-11,30,9:06,62.11%
31,Omar Gamez,"Bell Gardens, ",2165,9:06,7:19,M 01-11/31,M-11,31,9:06,61.65%
32,Luis Miguel Navarro,"Roosevelt Ms, ",2245,9:07,7:20,M 01-11/32,M-11,32,9:10,61.54%
33,Marco Barajas,"Fleming, ",2017,9:07,7:21,M 01-11/33,M-11,33,9:11,61.54%
34,Ernesto Hernandez,"Roosevelt Ms, ",2240,9:07,7:21,M 01-11/34,M-11,34,9:09,61.54%
35,Cesar Guerrero,"Sutter Ms, ",2093,9:07,7:21,M 01-11/35,M-11,35,9:13,61.54%
36,Sergio Caro,"Sutter Ms, ",2090,9:09,7:22,M 01-11/36,M-11,36,9:13,61.31%
37,Kevin Mendoza,"Frost Ms, ",2376,9:14,7:26,M 01-11/37,M-11,37,9:15,60.76%
38,Aidan Carberry,"Palms Ms, ",2423,9:16,7:27,M 01-11/38,M-11,38,9:19,60.54%
39,Adrien Burgo,"Rogers Ms, ",2679,9:16,7:28,M 01-11/39,M-11,39,9:17,60.54%
40,Jonathan Macias,"Bell Gardens, ",2174,9:18,7:29,M 01-11/40,M-10,40,9:19,62.30%
41,Joe Stewart,"Frost Ms, ",2389,9:19,7:30,M 01-11/41,M-11,41,9:22,60.22%
42,Colin Martin,"Rosemont, ",2555,9:20,7:31,M 01-11/42,M-11,42,9:23,60.11%
43,Gregory Camperos,"Rosemont, ",2537,9:22,7:32,M 01-11/43,M-11,43,9:24,59.89%
44,Daniel Alvarez,"Northridge Ms, ",2516,9:23,7:33,M 01-11/44,M-11,44,9:26,59.79%
45,Gilbert Millan,"Madrid Ms, ",2704,9:25,7:35,M 01-11/45,M-11,45,9:27,59.57%
46,Diego Vazquez,"Northridge Ms, ",2525,9:25,7:35,M 01-11/46,M-11,46,9:27,59.57%
47,Eric Kamulali,"Sutter Ms, ",2096,9:28,7:37,M 01-11/47,M-11,47,9:32,59.26%
48,Gabriel Valle,"Frost Ms, ",2395,9:29,7:38,M 01-11/48,M-11,48,9:29,59.15%
49,Charlie Caballero,"Mulholland Ms, ",2408,9:29,7:38,M 01-11/49,M-11,49,9:29,59.15%
50,Yibtan Gonzalez,"Hollenbeck Ms, ",2208,9:33,7:41,M 01-11/50,M-11,50,9:35,58.74%
51,Ivan Rodriguez Jr,"Sutter Ms, ",2113,9:34,7:42,M 01-11/51,M-11,51,9:38,58.64%
52,Oscar Ramirez,"Granada Ms, ",2513,9:34,7:42,M 01-11/52,M-11,52,9:34,58.64%
53,Victor Miranda,"Frost Ms, ",2378,9:36,7:43,M 01-11/53,M-11,53,9:36,58.43%
54,Anthony Cisneros,"Belvedere Ms, ",2269,9:39,7:46,M 01-11/54,M-11,54,9:39,58.13%
55,Jose L Garcia,"Millikan Ms, ",2606,9:40,7:47,M 01-11/55,M-11,55,9:40,58.03%
56,Luke Johannesen,"Palms Ms, ",2446,9:40,7:47,M 01-11/56,M-11,56,9:40,58.03%
57,Angel Mercado,"Sutter Ms, ",2103,9:40,7:47,M 01-11/57,M-11,57,9:44,58.03%
58,Joshua Dominguez,"Belvedere Ms, ",2274,9:41,7:48,M 01-11/58,M-11,58,9:41,57.93%
59,Edgar Marcial,"Palms Ms, ",2457,9:42,7:48,M 01-11/59,M-11,59,9:42,57.83%
60,Hairo Espinoza,"Jefferson, ",2694,9:44,7:50,M 01-11/60,M-11,60,9:44,57.63%
61,Joshua Mussman,"Wright Ms, ",2692,9:44,7:50,M 01-11/61,M-11,61,9:47,57.63%
62,Mario Gamiz,"Belvedere Ms, ",2279,9:45,7:51,M 01-11/62,M-11,62,9:46,57.53%
63,Jacob Wolf,"Millikan Ms, ",2672,9:49,7:54,M 01-11/63,M-11,63,9:49,57.14%
64,Edwin Lara,"Wright Ms, ",2690,9:52,7:57,M 01-11/64,M-11,64,9:54,56.85%
65,Jonattan Arce,"Palms Ms, ",2416,9:52,7:57,M 01-11/65,M-11,65,9:56,56.85%
66,Cameron Burley,"Palms Ms, ",2422,9:53,7:57,M 01-11/66,M-11,66,9:53,56.76%
67,Luis Contreras,"Belvedere Ms, ",2270,9:53,7:57,M 01-11/67,M-11,67,9:53,56.76%
68,Fernando Varela,"Palms Ms, ",2501,9:54,7:58,M 01-11/68,M-11,68,9:57,56.66%
69,Evan Hill,"Monroe, ",2053,9:54,7:58,M 01-11/69,M-11,69,9:58,56.66%
70,Richard Gonzalez,"Frost Ms, ",2361,9:59,8:02,M 01-11/70,M-11,70,10:03,56.19%
71,Richard Argueta,"Eastmont Int, ",2007,10:00,8:03,M 01-11/71,M-11,71,10:04,56.09%
72,Scott Lopez,"Sutter Ms, ",2099,10:01,8:04,M 01-11/72,M-11,72,10:05,56.00%
73,Nicolas Tovar,"Pyle Elem, ",2072,10:02,8:04,M 01-11/73,M-11,73,10:04,55.91%
74,Ivan Ybarra,"Montebello Int, ",2342,10:02,8:05,M 01-11/74,M-10,74,10:02,57.74%
75,Christopher Rodriguez,"Frost Ms, ",2383,10:05,8:07,M 01-11/75,M-11,75,10:06,55.63%
76,Danny Chung,"Rosemont, ",2541,10:05,8:07,M 01-11/76,M-11,76,10:08,55.63%
77,Aaron Jung,"Rosemont, ",2548,10:06,8:08,M 01-11/77,M-11,77,10:08,55.54%
78,Oscar Vazquez,"Bell Gardens, ",2193,10:07,8:09,M 01-11/78,M-11,78,10:07,55.45%
79,Venustiano Salazar,"Sutter Ms, ",2115,10:09,8:10,M 01-11/79,M-11,79,10:14,55.26%
80,Miles Martin,"Rosemont, ",2556,10:09,8:10,M 01-11/80,M-11,80,10:11,55.26%
81,Matthew Purtu,"Frost Ms, ",2381,10:12,8:12,M 01-11/81,M-11,81,10:12,54.99%
82,Jonathan Flores,"Hollenbeck Ms, ",2204,10:12,8:13,M 01-11/82,M-11,82,10:15,54.99%
83,Ryan Dorris,"Monroe, ",2050,10:15,8:15,M 01-11/83,M-11,83,10:19,54.72%
84,Sunny Lopez,"Palms Ms, ",2454,10:16,8:15,M 01-11/84,M-11,84,10:19,54.63%
85,Jorge Villanueva,"Eastmont Int, ",2015,10:18,8:18,M 01-11/85,M-11,85,10:20,54.46%
86,Justin Abrigo,"Millikan Ms, ",2574,10:18,8:18,M 01-11/86,M-11,86,10:18,54.46%
87,Kevin Hsu,"Palms Ms, ",2444,10:19,8:18,M 01-11/87,M-11,87,10:22,54.37%
88,Katsuya Shiratori,"Palms Ms, ",2490,10:22,8:21,M 01-11/88,M-11,88,10:22,54.11%
89,Christian Garibay,"Granada Ms, ",2511,10:23,8:21,M 01-11/89,M-11,89,10:23,54.02%
90,Jack Gewant,"Millikan Ms, ",2608,10:24,8:23,M 01-11/90,M-11,90,10:35,53.93%
91,Shane McLees,"Jefferson, ",2698,10:26,8:24,M 01-11/91,M-11,91,10:27,53.76%
92,Ronald Hayes,"Hollenbeck Ms, ",2211,10:27,8:25,M 01-11/92,M-11,92,10:27,53.67%
93,Uriel Chaparro,"Bell Gardens, ",2161,10:30,8:27,M 01-11/93,M-10,93,10:31,55.17%
94,Sam Yaffa,"Frost Ms, ",2397,10:31,8:28,M 01-11/94,M-11,94,10:32,53.33%
95,Jose A Olivas,"Belvedere Ms, ",2304,10:33,8:29,M 01-11/95,M-11,95,10:33,53.16%
96,Cameron Mack,"Wright Ms, ",2691,10:33,8:29,M 01-11/96,M-11,96,10:36,53.16%
97,Elijiah Hall,"Millikan Ms, ",2616,10:35,8:31,M 01-11/97,M-11,97,10:38,53.00%
98,Joey Sandoval,"Belvedere Ms, ",2321,10:35,8:31,M 01-11/98,M-11,98,10:35,53.00%
99,Jack Drucker,"Palms Ms, ",2430,10:36,8:32,M 01-11/99,M-11,99,10:37,52.91%
100,Edgar Recinos,"Rogers Ms, ",2685,10:40,8:35,M 01-11/100,M-11,100,10:40,52.58%
101,Kenneth Nino,"Rosemont, ",2559,10:45,8:39,M 01-11/101,M-11,101,10:50,52.17%
102,Jeremy Parker,"Palms Ms, ",2471,10:46,8:40,M 01-11/102,M-11,102,10:46,52.09%
103,Bryan Lopez,"Palms Ms, ",2452,10:47,8:40,M 01-11/103,M-11,103,10:49,52.01%
104,Morris English,"Millikan Ms, ",2599,10:47,8:41,M 01-11/104,M-10,104,10:47,53.72%
105,Sonny Viray,"Roosevelt Ms, ",2249,10:47,8:41,M 01-11/105,M-11,105,10:51,52.01%
106,Abraham Villela,"Pyle Elem, ",2073,10:48,8:41,M 01-11/106,M-11,106,10:50,51.93%
107,Anderson Park,"Rosemont, ",2564,10:48,8:41,M 01-11/107,M-11,107,10:50,51.93%
108,Joseph Alvarez,"Bell Gardens, ",2153,10:49,8:42,M 01-11/108,M-10,108,10:50,53.55%
109,Sheldon Carlyle,"Palms Ms, ",1461,10:54,8:46,M 12-99/1,M-12,109,10:59,49.92%
110,Tate Sherman,"Frost Ms, ",2387,10:59,8:50,M 01-11/109,M-11,110,11:00,51.06%
111,Jonathan Alvarado,"Bell Gardens, ",2152,11:01,8:52,M 01-11/110,M-11,111,11:03,50.91%
112,Rodrigo Erquiaga,"Frost Ms, ",2350,11:01,8:52,M 01-11/111,M-11,112,11:07,50.91%
113,Kevin Lozano,"Jefferson, ",2703,11:04,8:54,M 01-11/112,M-11,113,11:04,50.68%
114,Joses Galdamez,"Frost Ms, ",2353,11:05,8:55,M 01-11/113,M-11,114,11:05,50.60%
115,Bar Yakir,"Millikan Ms, ",2674,11:06,8:56,M 01-11/114,M-11,115,11:06,50.53%
116,Brandon Lopez,"Madrid Ms, ",2035,11:07,8:57,M 01-11/115,M-11,116,11:10,50.45%
117,Vladyslav Naumov,"Millikan Ms, ",2637,11:09,8:58,M 01-11/116,M-11,117,11:11,50.30%
118,Flavio Mendez,"Belvedere Ms, ",2294,11:10,8:59,M 01-11/117,M-11,118,11:10,50.22%
119,Juan Guzman,"Roosevelt Ms, ",2239,11:10,8:59,M 01-11/118,M-11,119,11:13,50.22%
120,Carlos A Hernandez,"Torch Ms, ",2131,11:11,9:00,M 01-11/119,M-11,120,11:15,50.15%
121,Armando Martinez,"Belvedere Ms, ",2289,11:15,9:03,M 01-11/120,M-11,121,11:16,49.85%
122,Luis Bordier,"Frost Ms, ",2345,11:15,9:03,M 01-11/121,M-11,122,11:20,49.85%
123,Michael Cruz,"Mulholland Ms, ",2410,11:18,9:05,M 01-11/122,M-11,123,11:18,49.63%
124,Scott Bush,"Rosemont, ",2536,11:20,9:07,M 01-11/123,M-11,124,11:24,49.48%
125,Lazaro Cano,"Belvedere Ms, ",2264,11:20,9:08,M 01-11/124,M-11,125,11:21,49.48%
126,Jeffrey Szulc,"Rosemont, ",2568,11:25,9:11,M 01-11/125,M-11,126,11:27,49.12%
127,Andy Monteon,"Torch Ms, ",2140,11:26,9:12,M 01-11/126,M-11,127,11:30,49.05%
128,Carlos Palacios,"Palms Ms, ",2470,11:32,9:17,M 01-11/127,M-11,128,11:35,48.55%
129,Irineo Cardenas,"Belvedere Ms, ",2265,11:34,9:18,M 01-11/128,M-11,129,11:34,48.48%
130,Jesse De La Torre,"Hollenbeck Ms, ",2203,11:34,9:18,M 01-11/129,M-11,130,11:35,48.48%
131,Daniel Rosales,"Madrid Ms, ",2043,11:35,9:19,M 01-11/130,M-11,131,11:36,48.41%
132,Morris Taylor,"Millikan Ms, ",2663,11:35,9:20,M 01-11/131,M-11,132,11:37,48.41%
133,Daniel Santos,"Frost Ms, ",2385,11:35,9:20,M 01-11/132,M-11,133,11:37,48.41%
134,Taylor Guerra,"Frost Ms, ",2363,11:38,9:22,M 01-11/133,M-11,134,11:40,48.21%
135,Servando Salazar,"Palms Ms, ",2484,11:41,9:24,M 01-11/134,M-11,135,11:41,48.00%
136,Daniel A Aparicio,"Belvedere Ms, ",2256,11:43,9:26,M 01-11/135,M-11,136,11:44,47.86%
137,Kyle Willcox,"Rosemont, ",2570,11:49,9:31,M 01-11/136,M-11,137,11:52,47.46%
138,William Reyes,"Millikan Ms, ",2648,11:58,9:38,M 01-11/137,M-11,138,11:59,46.86%
139,Abiel Rojas,"Belvedere Ms, ",2314,11:59,9:39,M 01-11/138,M-11,139,11:59,46.80%
140,Jaycob Luque,"Belvedere Ms, ",2287,12:01,9:41,M 01-11/139,M-11,140,12:01,46.67%
141,Michael Espinoza,"Belvedere Ms, ",2277,12:02,9:41,M 01-11/140,M-11,141,12:02,46.60%
142,Carlos Segoviano,"Madrid Ms, ",2046,12:05,9:43,M 01-11/141,M-11,142,12:06,46.41%
143,Francisco Zaragoza,"Bell Gardens, ",2196,12:09,9:47,M 01-11/142,M-11,143,12:09,46.15%
144,Sergio Acevedo,"Belvedere Ms, ",2250,12:11,9:48,M 01-11/143,M-11,144,12:11,46.03%
145,Steven Gia Quach,"Madrid Ms, ",2042,12:15,9:52,M 01-11/144,M-11,145,12:16,45.78%
146,Jacob Mahoney,"Millikan Ms, ",2629,12:17,9:53,M 01-11/145,M-11,146,12:17,45.65%
147,Jose Garcia,"Eastmont Int, ",2011,12:20,9:56,M 01-11/146,M-11,147,12:24,45.47%
148,Jesus Colin,"Bell Gardens, ",2162,12:22,9:57,M 01-11/147,M-11,148,12:22,45.34%
149,Ariel Lopez,"Roosevelt Ms, ",2241,12:24,9:59,M 01-11/148,M-11,149,12:28,45.22%
150,Alfredo Munoz,"Belvedere Ms, ",2303,12:27,10:01,M 01-11/149,M-11,150,12:27,45.04%
151,Edward Ventura,"Millikan Ms, ",2669,12:28,10:02,M 01-11/150,M-11,151,12:30,44.98%
152,Alexis Interiano,"Madrid Ms, ",2031,12:34,10:07,M 01-11/151,M-11,152,12:35,44.62%
153,George Orejuela,"Millikan Ms, ",2639,12:35,10:08,M 01-11/152,M-11,153,12:35,44.56%
154,Abolaji Shiwoku,"Palms Ms, ",2491,12:36,10:09,M 01-11/153,M-11,154,12:39,44.50%
155,Jesse Hernandez,"Bell Gardens, ",2169,12:37,10:10,M 01-11/154,M-10,155,12:39,45.90%
156,Gustavo Gonzalez,"Frost Ms, ",2359,12:42,10:13,M 01-11/155,M-11,156,12:42,44.15%
157,Steven Alvarez,"Belvedere Ms, ",2255,12:42,10:14,M 01-11/156,M-11,157,12:43,44.15%
158,Diego Ugalde,"Fleming, ",2023,12:44,10:15,M 01-11/157,M-11,158,12:48,44.04%
159,Kevin Bonilla,"Millikan Ms, ",2589,12:53,10:22,M 01-11/158,M-11,159,12:55,43.52%
160,Mauro Hidalgo,"Millikan Ms, ",2617,12:57,10:25,M 01-11/159,M-11,160,12:59,43.30%
161,Horacio Rivera,"Frost Ms, ",2382,12:57,10:26,M 01-11/160,M-11,161,13:00,43.30%
162,Jose Gonzalez,"Belvedere Ms, ",2281,12:59,10:27,M 01-11/161,M-11,162,13:00,43.19%
163,Kevork Menechian,"Millikan Ms, ",2633,13:00,10:27,M 01-11/162,M-11,163,13:00,43.13%
164,Cameron Klier,"Millikan Ms, ",2624,13:05,10:32,M 01-11/163,M-11,164,13:07,42.86%
165,Anthony Zambrano,"Stevenson Ms, ",2088,13:12,10:37,M 01-11/164,M-11,165,13:12,42.48%
166,Jordyn Lyngholm,"Millikan Ms, ",2628,13:12,10:37,M 01-11/165,M-11,166,13:16,42.48%
167,Brando Chavez,"Madrid Ms, ",2026,13:12,10:37,M 01-11/166,M-11,167,13:14,42.48%
168,Fredy Renteria,"Bell Gardens, ",2185,13:13,10:39,M 01-11/167,M-10,168,13:13,43.81%
169,Jerry Aguilar,"Sutter Ms, ",2089,13:16,10:40,M 01-11/168,M-11,169,13:21,42.26%
170,Eduardo Alvarez,"Hollenbeck Ms, ",2198,13:17,10:41,M 01-11/169,M-11,170,13:18,42.21%
171,Jordian Grimes,"Frost Ms, ",2362,13:19,10:43,M 01-11/170,M-11,171,13:19,42.11%
172,David Romero,"Palms Ms, ",2481,13:23,10:46,M 01-11/171,M-11,172,13:26,41.90%
173,Miguel Morales,"Palms Ms, ",2463,13:25,10:48,M 01-11/172,M-11,173,13:29,41.79%
174,Benedict Casillas,"Stevenson Ms, ",2079,13:26,10:49,M 01-11/173,M-11,174,13:26,41.74%
175,Andrew Celis,"Bell Gardens, ",2159,13:28,10:50,M 01-11/174,M-11,175,13:28,41.64%
176,Cruz Barrera,"Belvedere Ms, ",2260,13:31,10:52,M 01-11/175,M-11,176,13:31,41.48%
177,Jesus J Maldonado,"Madrid Ms, ",2038,13:39,10:59,M 01-11/176,M-11,177,13:41,41.08%
178,Guillermo Cervantes,"Palms Ms, ",2426,13:41,11:01,M 01-11/177,M-11,178,13:46,40.98%
179,Marcelo Morales,"Hollenbeck Ms, ",2212,13:43,11:02,M 01-11/178,M-11,179,13:43,40.88%
180,Daniel Andrade,"Palms Ms, ",2415,13:46,11:04,M 01-11/179,M-11,180,13:47,40.73%
181,Jimmy Vargas,"Hollenbeck Ms, ",2222,13:48,11:06,M 01-11/180,M-11,181,13:48,40.63%
182,Justin Singleton,"Palms Ms, ",2492,13:56,11:13,M 01-11/181,M-11,182,13:56,40.24%
183,Rafael Valdez,"Palms Ms, ",2500,14:02,11:18,M 01-11/182,M-11,183,14:03,39.95%
184,Alexis Meono,"Bell Gardens, ",2179,14:07,11:22,M 01-11/183,M-11,184,14:09,39.72%
185,Manuel Ruiz,"Madrid Ms, ",2044,14:09,11:23,M 01-11/184,M-11,185,14:10,39.62%
186,Douglas Price,"Monroe, ",2058,14:09,11:23,M 01-11/185,M-11,186,14:11,39.62%
187,Luis Garcia,"Palms Ms, ",2433,14:15,11:28,M 01-11/186,M-11,187,14:16,39.34%
188,Juan Macias,"Belvedere Ms, ",2288,14:18,11:30,M 01-11/187,M-11,188,14:18,39.21%
189,Talha Sheikh,"Palms Ms, ",2488,14:23,11:34,M 01-11/188,M-11,189,14:26,38.98%
190,Xavier Albin,"Millikan Ms, ",2575,14:26,11:37,M 01-11/189,M-11,190,14:27,38.84%
191,Sergio Sosa,"Millikan Ms, ",2656,14:47,11:54,M 01-11/190,M-11,191,14:48,37.92%
192,Samuel Oliva,"Millikan Ms, ",2638,15:05,12:09,M 01-11/191,M-11,192,15:08,37.17%
193,Jayson Hernandez,"Stevenson, ",2701,15:11,12:13,M 01-11/192,M-11,193,15:11,36.92%
194,Luis Hernandez,"Madrid Ms, ",2029,15:14,12:16,M 01-11/193,M-11,194,15:16,36.80%
195,Jonathan Guzman,"Stevenson Ms, ",2083,15:19,12:20,M 01-11/194,M-11,195,15:19,36.60%
196,Darren Guevara,"Hollenbeck Ms, ",2210,15:22,12:22,M 01-11/195,M-11,196,15:26,36.48%
197,Myles Williams,"Frost Ms, ",2396,15:28,12:27,M 01-11/196,M-11,197,15:29,36.25%
198,Evan Stevens,"Millikan Ms, ",2659,15:53,12:47,M 01-11/197,M-11,198,15:55,35.29%
199,Edward Guino Mangandy,"Palms Ms, ",2439,15:53,12:47,M 01-11/198,M-11,199,15:57,35.29%
200,Sebastian Gonzalez,"Bell Gardens, ",2168,15:55,12:49,M 01-11/199,M-10,200,15:57,36.37%
201,Faisal Al Shawwa,"Frost Ms, ",2343,16:21,13:09,M 01-11/200,M-11,201,16:22,34.29%
202,Richard Johnson,"Frost Ms, ",2369,21:01,16:55,M 01-11/201,M-11,202,21:01,26.67%
