Bib,Name,Gender,Age,Hometown,Overall,Women,F 50-54,Age/Grade,Finish,Chip Time,Gun Time,15K,22K,19.6 Mile
1035,Deborah McGlennon,F,48,"El Cajon, CA",1137 out of 1144,441 out of 448,49 out of 49, 35.25% Place: 1118,7:22:14 Pace: 16:53,7:22:14,7:23:14,2:37:07 Pace: 16:52,            Pace:            ,            Pace:            
448,Sylvia Coleman,F,53,"San Diego, CA",1138 out of 1144,442 out of 448,37 out of 37, 37.61% Place: 1106,7:22:14 Pace: 16:53,7:22:14,7:23:14,2:37:07 Pace: 16:52,            Pace:            ,            Pace:            
300,Monica Bertola,F,30,"Vista, CA",1139 out of 1144,443 out of 448,66 out of 68, 30.46% Place: 1135,7:24:42 Pace: 16:58,7:24:42,7:25:32,2:21:34 Pace: 15:12,3:30:04 Pace: 15:20,5:12:30 Pace: 15:57
524,Jessica Dhaliwal,F,34,"Del Mar, CA",1140 out of 1144,444 out of 448,67 out of 68, 30.74% Place: 1133,7:24:52 Pace: 16:59,7:24:52,7:25:32,2:12:32 Pace: 14:14,3:20:00 Pace: 14:36,            Pace:            
794,Carey Hultgren,F,36,"San Diego, CA",1141 out of 1144,445 out of 448,80 out of 81, 30.84% Place: 1132,7:27:39 Pace: 17:05,7:27:39,7:28:51,2:30:43 Pace: 16:11,3:44:19 Pace: 16:23,            Pace:            
826,Katie Januario,F,35,"San Diego, CA",1142 out of 1144,446 out of 448,81 out of 81, 30.68% Place: 1134,7:27:40 Pace: 17:05,7:27:40,7:28:51,2:30:43 Pace: 16:11,3:44:20 Pace: 16:23,            Pace:            
1150,Claudia Norris,F,63,"Aliso Viejo, CA",1143 out of 1144,447 out of 448,6 out of 6, 40.62% Place: 1053,7:53:55 Pace: 18:05,7:53:55,7:55:00,2:30:36 Pace: 16:10,3:43:27 Pace: 16:19,            Pace:            
390,Myra Casillas,F,30,"Oceanside, CA",1144 out of 1144,448 out of 448,68 out of 68, 28.15% Place: 1138,8:01:10 Pace: 18:22,8:01:10,8:02:00,2:30:01 Pace: 16:06,3:47:00 Pace: 16:35,            Pace:            
