Place,Name,Location,Bib,Net Time,Pace,Division/Place,Sex-Age,Sex-Place,Gun Time,Age Grade
1,Josh Spiker,"Ventura, CA",21,2:24:56,5:32,M 25-29/0,M-26,1,2:24:56,86.20%
2,Andrew Musuva,"Santa Fe, NM",3,2:26:50,5:36,M 35-39/0,M-39,2,2:26:50,86.47%
3,Bernard Songoka,", ",29,2:27:13,5:37,M 30-34/0,M-31,3,2:27:13,84.86%
4,Andy Martin,"Bend, OR",5,2:31:40,5:48,M 30-34/1,M-33,4,2:31:40,82.37%
5,David Kloz,"Oceanside, CA",17,2:31:53,5:48,M 30-34/2,M-33,5,2:31:53,82.25%
6,Peter Cottle,"Palo Alto, CA",468,2:47:16,6:23,M 18-24/1,M-19,6,2:47:18,76.56%
7,Tim Gunther,"Carlsbad, CA",711,2:49:38,6:29,M 30-34/3,M-30,7,2:49:38,73.65%
8,Mark Murray,"Sacramento, CA",1120,2:50:19,6:30,M 45-49/1,M-46,8,2:50:19,79.06%
9,Scott Mangers,"Moorpark, CA",989,2:50:27,6:31,M 30-34/4,M-31,9,2:50:28,73.29%
10,Joe Nordin,"Camarillo, CA",1149,2:51:10,6:32,M 40-44/1,M-43,10,2:51:10,76.68%
11,Ben Vaughan,"Coronado, CA",1556,2:53:30,6:38,M 40-44/2,M-40,11,2:53:30,73.79%
12,Brendan Wolters,"San Diego, CA",1650,2:56:21,6:44,M 25-29/1,M-25,12,2:56:23,70.84%
13,Mark Shorter,"North Vancouver, BC",1398,2:59:02,6:50,M 50-54/1,M-52,13,2:59:03,79.32%
14,Rance Myers,"Phoenix, AZ",1124,3:01:11,6:55,M 40-44/3,M-44,14,3:01:14,73.05%
15,Shawna Wilskey,"Burlington, WA",1635,3:01:17,6:55,F 35-39/0,F-36,1,3:01:17,76.18%
16,Peggy Kern,"Riverside, CA",15,3:03:05,6:59,F 25-29/0,F-28,2,3:03:05,73.97%
17,Andrew Maskery,"Corona, CA",1008,3:03:37,7:01,M 35-39/1,M-38,15,3:03:37,68.65%
18,Deda Makaj,"San Diego, CA",987,3:05:03,7:04,M 40-44/4,M-42,16,3:05:03,70.33%
19,Dan Works,"Greene, ME",1657,3:05:09,7:04,M 45-49/2,M-48,17,3:05:11,73.99%
20,Jason Jacobson,"San Rafael, CA",821,3:05:17,7:04,M 35-39/2,M-35,18,3:05:18,67.43%
21,Dean Sprague,"San Diego, CA",1440,3:06:02,7:06,M 45-49/3,M-45,19,3:08:08,71.76%
22,Joseph Tompkins,"Mount Vernon, WA",1515,3:06:19,7:07,M 35-39/3,M-38,20,3:06:21,67.66%
23,Brian Orozco,"Van Nuys, CA",1173,3:07:01,7:08,M 01-17/1,M-17,21,3:07:04,70.50%
24,Marvin Rodriguez,"Pacoima, CA",1293,3:07:22,7:09,M 25-29/2,M-29,22,3:07:25,66.68%
25,Michael Rubio,"Pine Mountain Club, CA",1316,3:07:52,7:10,M 35-39/4,M-38,23,3:08:00,67.10%
26,Kristin Carpenter,"Boulder, CO",9,3:08:00,7:11,F 25-29/0,F-29,3,3:08:00,72.04%
27,Lucas Marcel,"Carlsbad, CA",991,3:09:06,7:13,M 30-34/5,M-33,24,3:09:10,66.06%
28,Dennis Sheehan,"San Diego, CA",1389,3:09:18,7:14,M 25-29/3,M-25,25,3:09:21,65.99%
29,Dale Haas,"San Diego, CA",714,3:09:28,7:14,M 50-54/2,M-54,26,3:09:31,76.34%
30,Emilio Martinez,"Arleta, CA",1002,3:09:28,7:14,M 35-39/5,M-39,27,3:09:29,67.01%
31,Alan Villavicencio,"Longmont, CO",1569,3:09:43,7:15,M 40-44/5,M-40,28,3:09:43,67.47%
32,Michael Santiesteban,"Chula Vista, CA",1343,3:09:44,7:15,M 30-34/6,M-33,29,3:10:09,65.84%
33,Mario Nicholas,"La Canada, CA",1141,3:09:51,7:15,M 18-24/2,M-24,30,3:09:55,65.80%
34,Dane Rauschenberg,"Salt Lake City, UT",1257,3:09:52,7:15,M 30-34/7,M-32,31,3:09:55,65.80%
35,Donald Wilson,"Newport Beach, CA",1637,3:09:53,7:15,M 40-44/6,M-44,32,3:09:58,69.70%
36,Dave Easa,"Vista, CA",1696,3:09:55,7:15,M 30-34/8,M-34,33,3:09:58,65.78%
37,Todd Davis,"San Marcos, CA",509,3:10:25,7:16,M 40-44/7,M-42,34,3:10:28,68.35%
38,Darren Brown,"Carlsbad, CA",351,3:10:28,7:16,M 35-39/6,M-35,35,3:10:31,65.59%
39,Michael Whalen,"San Diego, CA",1615,3:10:30,7:16,M 35-39/7,M-37,36,3:10:34,65.84%
40,Oscar Blando,"San Diego, CA",315,3:11:09,7:18,M 45-49/4,M-45,37,3:11:09,69.84%
41,Mark Barnett,"Cardiff, CA",275,3:11:11,7:18,M 45-49/5,M-49,38,3:11:53,72.30%
42,Jeremy Culuko,"Chula Vista, CA",488,3:11:19,7:18,M 30-34/9,M-30,39,3:11:21,65.30%
43,Ahmed Abou-Zamzam,"Redlands, CA",208,3:11:22,7:18,M 40-44/8,M-42,40,3:11:26,68.01%
44,Jason Counsman,"Norristown, PA",469,3:11:49,7:19,M 18-24/3,M-22,41,3:11:56,65.16%
45,Giovani Moreno,"Ramona, CA",1092,3:12:12,7:20,M 18-24/4,M-19,42,3:12:41,66.63%
46,Jennifer Enge,"Redondo Beach, CA",577,3:12:26,7:21,F 35-39/1,F-36,4,3:12:31,71.75%
47,Maurizio Pellecchia,"San Diego, CA",1687,3:12:26,7:21,M 40-44/9,M-40,43,3:12:28,66.52%
48,Dalton Sprinkle,"Coronado, CA",1443,3:12:28,7:21,M 35-39/8,M-35,44,3:12:33,64.91%
49,Lloyd Levine,"Los Angeles, CA",1715,3:12:46,7:22,M 35-39/9,M-39,45,3:12:47,65.86%
50,Keith Burns,"El Cajon, CA",368,3:12:54,7:22,M 55-59/1,M-58,46,3:13:01,77.88%
51,Trevor Johnson,"Moorpark, CA",837,3:13:08,7:22,M 18-24/5,M-20,47,3:13:10,65.50%
52,Rob Rusunen,"Camas, WA",1326,3:13:14,7:23,M 35-39/10,M-35,48,3:13:19,64.65%
53,Edmund Murphy,"Newport Beach, CA",1118,3:13:15,7:23,M 50-54/3,M-50,49,3:13:18,72.18%
54,John Conyers,"San Diego, CA",460,3:13:39,7:24,M 35-39/11,M-35,50,3:14:05,64.51%
55,Michael Stowers,"El Cajon, CA",1458,3:13:44,7:24,M 40-44/10,M-41,51,3:13:49,66.63%
56,Tony Bajtala,"Bishop, CA",263,3:13:58,7:24,M 40-44/11,M-43,52,3:14:02,67.66%
57,Martin Ellison,"Escondido, CA",1697,3:14:18,7:25,M 50-54/4,M-54,53,3:14:23,74.44%
58,Debbie Strosnider,"Temecula, CA",1464,3:14:36,7:26,F 40-44/1,F-43,5,3:14:36,75.39%
59,Tony Donagrechia,"Redondo Beach, CA",534,3:15:27,7:28,M 50-54/5,M-52,54,3:15:33,72.66%
60,Ross Geske,"San Diego, CA",655,3:15:40,7:28,M 25-29/4,M-28,55,3:16:03,63.85%
61,Roger Saenz,"Cardiff By The Sea, CA",1331,3:15:47,7:29,M 45-49/6,M-45,56,3:15:52,68.18%
62,Noah Sandler,"Hopkins, MN",1338,3:15:52,7:29,M 40-44/12,M-43,57,3:15:54,67.01%
63,Michael Johansen,"Holmegaard, ",832,3:15:58,7:29,M 45-49/7,M-45,58,3:16:00,68.12%
64,Robert Froehlich,"Ridgecrest, CA",631,3:16:06,7:29,M 25-29/5,M-29,59,3:16:25,63.71%
65,Damian Michaels,"Imperial Beach, CA",1062,3:16:39,7:31,M 30-34/10,M-34,60,3:16:41,63.53%
66,Michael Lidd,"Charles City, IA",941,3:17:18,7:32,M 50-54/6,M-52,61,3:17:21,71.98%
67,Joe Stevenson,"San Diego, CA",1452,3:18:01,7:34,M 50-54/7,M-53,62,3:18:11,72.37%
68,James Pearce,"San Diego, CA",1205,3:18:08,7:34,M 30-34/11,M-32,63,3:18:15,63.05%
69,Sean Morgan,"Mechanicsburg, PA",1096,3:18:19,7:34,M 01-17/2,M-16,64,3:18:25,67.56%
70,Jose Aponte,"Oceanside, CA",241,3:18:38,7:35,M 55-59/2,M-58,65,3:18:44,75.63%
71,Steve Albanese,"Oceanside, CA",1688,3:18:39,7:35,M 18-24/6,M-24,66,3:18:46,62.89%
72,Adam Strobl,"La Jolla, CA",1461,3:18:40,7:35,M 25-29/6,M-28,67,3:18:41,62.88%
73,Albert Ferderer,"Great Falls, MT",596,3:18:44,7:35,M 40-44/13,M-43,68,4:41:32,66.04%
74,Sam Felsenfeld,"Foothill Ranch, CA",594,3:19:12,7:36,M 30-34/12,M-34,69,3:19:15,62.71%
75,Matthew Bohnert,"Boise, ID",324,3:19:29,7:37,M 40-44/14,M-42,70,3:20:21,65.24%
76,Michael Moretto,"San Diego, CA",1094,3:19:30,7:37,M 35-39/12,M-37,71,3:19:42,62.87%
77,Brandon Schmidt,"West Point, NY",1359,3:19:50,7:38,M 18-24/7,M-21,72,3:19:54,62.80%
78,Keith Miller,"Eugene, OR",1068,3:19:56,7:38,M 30-34/13,M-32,73,3:19:59,62.48%
79,Andrew Irwin,"Mountain View, CA",816,3:20:02,7:38,M 25-29/7,M-27,74,3:20:05,62.45%
80,Mark Shields,"San Diego, CA",1393,3:20:06,7:38,M 35-39/13,M-36,75,3:20:14,62.50%
81,Nace Mullen,"Philadelphia, PA",204,3:20:08,7:38,M 50-54/8,M-52,76,3:20:08,70.96%
82,Laura Sasaki,"San Diego, CA",1346,3:20:08,7:38,F 45-49/1,F-45,6,3:20:08,75.10%
83,Matt Metzger,"San Francisco, CA",1061,3:20:58,7:40,M 35-39/14,M-36,77,3:20:58,62.23%
84,Tarik Inge,"Oceanside, CA",810,3:21:29,7:42,M 35-39/15,M-37,78,3:21:32,62.25%
85,Rich Blagden,"La Mirada, CA",313,3:21:35,7:42,M 45-49/8,M-47,79,3:21:39,67.38%
86,Joel Hunter,"San Diego, CA",797,3:21:44,7:42,M 40-44/15,M-40,80,3:21:50,63.46%
87,Terri Bodden,"Kewaskum, WI",317,3:21:52,7:42,F 35-39/2,F-38,7,3:21:53,69.29%
88,Joseph Meindl,"San Diego, CA",1049,3:22:04,7:43,M 25-29/8,M-28,81,3:22:22,61.82%
89,Matthew Cheetham,"Oxford, ",410,3:22:04,7:43,M 35-39/16,M-39,82,3:22:12,62.83%
90,Jeff Holmes,"San Diego, CA",777,3:22:29,7:44,M 40-44/16,M-44,83,3:22:37,65.36%
91,Ismael Ortiz,"Los Angeles, CA",1178,3:22:29,7:44,M 40-44/17,M-40,84,3:22:29,63.22%
92,Greg Woskow,"Littleton, CO",1658,3:22:37,7:44,M 40-44/18,M-43,85,3:22:39,64.77%
93,Jennifer O'Connell,"Carlsbad, CA",1163,3:22:53,7:45,F 35-39/3,F-39,8,3:23:26,69.47%
94,John Spykerman,"Moorpark, CA",1444,3:23:03,7:45,M 40-44/19,M-44,86,3:23:06,65.18%
95,Matt Mills,"Beverly Hills, CA",1071,3:23:07,7:45,M 25-29/9,M-25,87,3:23:16,61.51%
96,Brett Lawrie,"Tampa, FL",19,3:23:21,7:46,M 25-29/10,M-28,88,3:23:21,61.43%
97,Michael Vangorder,"San Diego, CA",1549,3:23:23,7:46,M 18-24/8,M-19,89,3:23:29,62.97%
98,Ryan Matienzo,"Whittier, CA",1014,3:23:38,7:46,M 30-34/14,M-32,90,3:23:49,61.35%
99,Michael Preston,"Sherman Oaks, CA",1247,3:24:23,7:48,M 35-39/17,M-38,91,3:24:35,61.68%
100,Jordan Bancroft,"San Diego, CA",268,3:24:26,7:48,M 18-24/9,M-24,92,3:24:28,61.11%
101,Scott Morgan,"Mechanicsburg, PA",1095,3:25:03,7:50,M 40-44/20,M-43,93,3:25:09,64.01%
102,Arkady Hagopian,"Los Angeles, CA",721,3:25:49,7:51,M 25-29/11,M-29,94,3:26:00,60.70%
103,Kevin Appleton,"Durham, NH",242,3:26:23,7:53,M 45-49/9,M-47,95,3:26:30,65.81%
104,Dave Brownie,"Vista, CA",356,3:26:36,7:53,M 40-44/21,M-42,96,3:26:46,62.99%
105,Kevin Gordon,"San Diego, CA",683,3:26:42,7:54,M 30-34/15,M-34,97,3:26:43,60.44%
106,Neal Viellieu,"Port Hueneme, CA",1567,3:26:55,7:54,M 30-34/16,M-32,98,3:27:32,60.38%
107,Andrew Minin,"Los Angeles, CA",1072,3:27:11,7:55,M 45-49/10,M-47,99,3:27:14,65.56%
108,Jim Beck,"Laguna Hills, CA",285,3:27:13,7:55,M 40-44/22,M-43,100,3:27:21,63.34%
109,Keizo Amakawa,"Encinitas, CA",230,3:27:23,7:55,M 45-49/11,M-49,101,3:27:25,66.65%
110,Zack Shinar,"San Diego, CA",1396,3:27:28,7:55,M 30-34/17,M-31,102,3:27:40,60.22%
111,Michael Phillippi,"San Diego, CA",1226,3:27:35,7:56,M 40-44/23,M-41,103,3:27:41,62.18%
112,Linda Walters,"Carlsbad, CA",1587,3:27:35,7:56,F 45-49/2,F-47,9,3:27:35,74.20%
113,Michael Hernandez,"Mission Viejo, CA",761,3:27:37,7:56,M 35-39/18,M-38,104,3:28:07,60.72%
114,Mike Vu,"Carlsbad, CA",1576,3:28:03,7:57,M 30-34/18,M-32,105,3:28:10,60.05%
115,Heather Hall,"San Diego, CA",729,3:28:16,7:57,F 35-39/4,F-38,10,3:28:28,67.16%
116,Christopher Sanderson,"Boulder Junction, WI",1337,3:28:22,7:57,M 35-39/19,M-38,106,3:28:23,60.50%
117,Emilie Schwager,"San Francisco, CA",1371,3:28:26,7:57,F 25-29/1,F-26,11,3:29:23,64.97%
118,Peter Nerothin,"San Diego, CA",1135,3:28:29,7:58,M 25-29/12,M-29,107,3:29:06,59.92%
119,Jason Uhl,"Carlsbad, CA",1714,3:28:30,7:58,M 35-39/20,M-37,108,3:29:06,60.16%
120,Ralph Carolin,"San Diego, CA",384,3:28:39,7:58,M 45-49/12,M-46,109,3:28:47,64.53%
121,Patrick Tighe,"Santa Barbara, CA",1507,3:28:39,7:58,M 40-44/24,M-43,110,3:28:43,62.90%
122,Rory Farrell,"San Diego, CA",591,3:28:42,7:58,M 18-24/10,M-24,111,3:28:50,59.86%
123,Thomas Ebright,"San Diego, CA",557,3:28:44,7:58,M 35-39/21,M-36,112,3:28:57,59.91%
124,Mike Rouse,"Vista, CA",1311,3:28:46,7:58,M 55-59/3,M-56,113,3:28:58,70.60%
125,Kristin Mayer,"Encinitas, CA",1022,3:28:47,7:58,F 40-44/2,F-41,12,3:28:58,68.75%
126,Armando Hermosillo,"Guadalajara, OH",760,3:28:53,7:58,M 50-54/9,M-50,114,3:28:57,66.77%
127,Stephan Turnbull,"White Bear Lake, MN",1527,3:29:04,7:59,M 30-34/19,M-33,115,3:29:12,59.75%
128,Angela Erdmann,"Murrieta, CA",27,3:29:05,7:59,F 25-29/2,F-26,13,3:29:05,64.77%
129,Elizabeth Camy,"Simi Valley, CA",378,3:29:08,7:59,F 25-29/3,F-25,14,3:29:20,64.76%
130,Steve O'Conner,"Modesto, CA",1158,3:29:13,7:59,M 35-39/22,M-35,116,3:29:18,59.71%
131,Vinh Nguyen,"Carlsbad, CA",1140,3:29:13,7:59,M 45-49/13,M-47,117,3:29:23,64.92%
132,Wendy Aubuchon,"Poway, CA",252,3:29:14,7:59,F 35-39/5,F-35,15,3:29:23,65.65%
133,Martin Bryan,"Las Vegas, NV",360,3:29:15,7:59,M 45-49/14,M-48,118,3:29:21,65.48%
134,Steve Hale,"Ramona, CA",725,3:29:17,7:59,M 50-54/10,M-50,119,3:29:28,66.65%
135,Peter Susic,"Carlsbad, CA",1473,3:29:18,7:59,M 40-44/25,M-40,120,3:29:27,61.16%
136,Wayne Leafstone,"Ontario, CA",917,3:29:18,7:59,M 45-49/15,M-47,121,3:29:20,64.90%
137,Jeff Rangan,"Encinitas, CA",1705,3:29:20,8:00,M 25-29/13,M-28,122,3:29:28,59.68%
138,Michael Hsieh,"San Francisco, CA",789,3:29:25,8:00,M 30-34/20,M-34,123,3:29:29,59.65%
139,Angela Livingston,"Vista, CA",950,3:29:27,8:00,F 25-29/4,F-29,16,3:29:37,64.66%
140,Glenn Rogers,"Murrieta, CA",1296,3:29:29,8:00,M 45-49/16,M-45,124,3:29:33,63.73%
141,Shannon O'Connor,"Redlands, CA",1159,3:29:48,8:01,F 25-29/5,F-29,17,3:29:54,64.55%
142,Garret Akerson,"Oceanside, CA",215,3:29:52,8:01,M 30-34/21,M-31,125,3:30:01,59.53%
143,Akos Konya,"Carlsbad, CA",1701,3:29:54,8:01,M NoAge/0,M-0,126,3:30:02, 0.00%
144,Lenny Gunn,"Murrieta, CA",709,3:30:00,8:01,M 45-49/17,M-47,127,3:30:07,64.68%
145,Brian Champagne,"San Diego, CA",402,3:30:09,8:01,M 18-24/11,M-20,128,3:30:31,60.20%
146,Craig Lucas,"Riverside, CA",962,3:30:29,8:02,M 35-39/23,M-38,129,3:30:34,59.89%
147,Neal Shaver,"Laguna Niguel, CA",1385,3:30:35,8:02,M 40-44/26,M-41,130,3:31:01,61.29%
148,Naoyuki Niijima,"Chula Vista, CA",1142,3:30:43,8:03,M 50-54/11,M-53,131,3:30:53,68.01%
149,Tim Hieber,"Huntley, IL",764,3:30:43,8:03,M 35-39/24,M-37,132,3:30:52,59.52%
150,Chris Spetzler,"Portola Valley, CA",1436,3:30:47,8:03,M 35-39/25,M-37,133,3:30:53,59.50%
151,David Bounds,"Sanger, TX",336,3:30:49,8:03,M 35-39/26,M-39,134,3:30:57,60.22%
152,Joe Darrieulat,"El Cajon, CA",502,3:30:51,8:03,M 50-54/12,M-52,135,3:30:58,67.35%
153,Vincent Wallace,"Carlsbad, CA",1582,3:30:54,8:03,M 35-39/27,M-36,136,3:31:06,59.30%
154,Dave Pfeiffer,"San Juan Capistrano, CA",1223,3:31:41,8:05,M 40-44/27,M-43,137,3:31:46,62.00%
155,Marco Amador,"San Jose, ",229,3:31:43,8:05,M 25-29/14,M-26,138,3:31:55,59.01%
156,Julie McClanahan,"Clackamas, OR",1027,3:32:07,8:06,F 40-44/3,F-44,18,3:32:15,69.98%
157,Lisa Stout,"San Marcos, CA",1456,3:32:08,8:06,F 30-34/1,F-32,19,3:33:06,64.07%
158,Abel Contreras,"Temple City, CA",458,3:32:15,8:06,M 50-54/13,M-51,139,3:32:19,66.30%
159,Michael Coleman,"Edwards, CA",447,3:32:19,8:06,M 25-29/15,M-29,140,3:32:23,58.84%
160,James Hensley,"Fowlerville, MI",758,3:32:21,8:06,M 25-29/16,M-25,141,3:32:46,58.83%
161,Eric Smigels,"Oceanside, CA",1409,3:32:22,8:06,M 35-39/28,M-37,142,3:32:34,59.06%
162,Roopinder Tara,"Novato, CA",1492,3:32:23,8:07,M 50-54/14,M-51,143,3:32:35,66.26%
163,Henk Overdevest,"Ramona, CA",1184,3:32:43,8:07,M 40-44/28,M-44,144,3:32:56,62.22%
164,Annie Rusunen,"Camas, WA",1325,3:32:44,8:07,F 30-34/2,F-34,20,3:32:49,64.29%
165,Monique Frost,"San Marcos, CA",632,3:32:50,8:08,F 25-29/6,F-29,21,3:32:57,63.63%
166,Carmela Rosas,"San Diego, CA",1304,3:32:56,8:08,F 25-29/7,F-27,22,3:33:04,63.60%
167,Robert Krummen,"Columbus, OH",897,3:33:03,8:08,M 25-29/17,M-29,145,3:33:14,58.64%
168,Jeremy Baker,"San Diego, CA",266,3:33:15,8:08,M 30-34/22,M-33,146,3:33:50,58.58%
169,Huy Pham,"San Ramon, CA",1224,3:33:17,8:09,M NoAge/0,M-0,147,3:33:45, 0.00%
170,Dean Harper,"Walnut Creek, CA",744,3:33:26,8:09,M 55-59/4,M-55,148,3:33:34,68.41%
171,Justin Freyermuth,"Chino Hills, CA",629,3:33:38,8:09,M 18-24/12,M-24,149,3:33:44,58.48%
172,Steven Strand,"San Diego, CA",1459,3:33:46,8:10,M 35-39/29,M-38,150,3:33:52,58.97%
173,Andrew Hudson,"San Diego, CA",791,3:33:47,8:10,M 45-49/18,M-45,151,3:33:57,62.44%
174,Thomas Patterson,"Brisbane, QL",1199,3:33:51,8:10,M 25-29/18,M-26,152,3:34:04,58.42%
175,Steve Supkoff,"North Bend, WA",1471,3:33:52,8:10,M 40-44/29,M-43,153,3:34:03,61.37%
176,Jacob Cutting,"Ramona, CA",492,3:33:54,8:10,M 25-29/19,M-28,154,3:34:37,58.40%
177,Gina Natera,"Oceanside, CA",1129,3:34:02,8:10,F 30-34/3,F-34,23,3:34:22,63.90%
178,Katherine Krummen,"Los Angeles, CA",896,3:34:03,8:10,F 18-24/1,F-24,24,3:34:11,63.27%
179,Gary Davis,"Camarillo, CA",505,3:34:25,8:11,M 55-59/5,M-56,155,3:34:39,68.74%
180,Mitchell Compton Ii,"Chula Vista, CA",455,3:34:26,8:11,M 30-34/23,M-32,156,3:34:35,58.26%
181,Jerry Santillan,"Brawley, CA",1344,3:34:27,8:11,M 25-29/20,M-25,157,3:34:27,58.25%
182,Gerard Reski,"Oceanside, CA",1706,3:34:40,8:12,M 40-44/30,M-44,158,3:34:51,61.65%
183,Linda Fradkin,"Solana Beach, CA",623,3:34:54,8:12,F 40-44/4,F-44,25,3:35:03,69.08%
184,Janet Chenier,"Del Mar, CA",416,3:35:19,8:13,F 50-54/1,F-53,26,3:35:28,77.25%
185,Shawn Veronese,"Irvine, CA",1563,3:35:30,8:14,F 40-44/5,F-41,27,3:35:43,66.61%
186,Brooks Williams,"Colorado Springs, CO",1624,3:35:30,8:14,M 25-29/21,M-26,159,3:35:40,57.97%
187,Al Harman,"West Vancouver, BC",743,3:35:32,8:14,M 45-49/19,M-47,160,3:35:35,63.02%
188,Laurelee Welder,"Kelowna, BC",1603,3:35:32,8:14,F 50-54/2,F-54,28,3:35:47,78.22%
189,Ely Yaron,"Studio City, CA",1663,3:35:36,8:14,M 35-39/30,M-38,161,3:35:52,58.47%
190,Owen Nucci,"San Diego, CA",1154,3:35:42,8:14,M 30-34/24,M-32,162,3:35:42,57.92%
191,Timothy Jankowski,"La Jolla, CA",825,3:35:53,8:15,M 25-29/22,M-25,163,3:36:05,57.87%
192,Jose Talavera Oros,"Ramona, CA",1486,3:35:57,8:15,M 18-24/13,M-18,164,3:36:56,60.17%
193,Christian Arment,"Columbia, MO",247,3:36:02,8:15,M 25-29/23,M-27,165,3:36:08,57.83%
194,Bruno Tse,"Brighton, MA",1525,3:36:07,8:15,M 40-44/31,M-42,166,3:36:31,60.22%
195,Kim Schreiner,"Encinitas, CA",1368,3:36:09,8:15,F 25-29/8,F-25,29,3:36:23,62.65%
196,Ian Berman,"West Covina, CA",297,3:36:29,8:16,M 35-39/31,M-38,167,3:36:37,58.23%
197,Glenn Matanza,"San Diego, CA",1013,3:36:30,8:16,M 30-34/25,M-32,168,3:36:30,57.70%
198,Luis Alberto Reyes,"San Ysidro, CA",1273,3:36:31,8:16,M 35-39/32,M-35,169,3:36:59,57.70%
199,Sharon Lheureux,"San Clemente, CA",940,3:36:41,8:16,F 40-44/6,F-41,30,3:36:53,66.25%
200,Kimberley Bandy,"San Diego, CA",269,3:36:43,8:16,F 35-39/6,F-37,31,3:36:53,64.10%
201,Joe Churchman,"San Diego, CA",429,3:36:43,8:16,M 35-39/33,M-37,170,3:36:53,57.88%
202,Marissa Rotz,"Allentown, PA",1310,3:36:50,8:17,F 25-29/9,F-25,32,3:37:12,62.46%
203,Alfredo Zepeda,"Chula Vista, CA",1676,3:36:56,8:17,M 35-39/34,M-35,171,3:37:16,57.59%
204,Minh-Duc Nguyen,"Escondido, CA",1139,3:37:00,8:17,M 35-39/35,M-38,172,3:37:14,58.09%
205,Mark Simpson,"San Diego, CA",1403,3:37:20,8:18,M 35-39/36,M-36,173,3:37:33,57.54%
206,Sonia Bergler,"Portland, OR",295,3:37:21,8:18,F 35-39/7,F-36,33,3:37:38,63.53%
207,Yvonne Lorenz,"El Cajon, CA",959,3:37:29,8:18,F 35-39/8,F-35,34,3:37:33,63.16%
208,Joe Ogata,"Pacoima, CA",1166,3:37:30,8:18,M 60-64/1,M-60,174,3:37:30,70.43%
209,Lara Callas,"Ladera Ranch, CA",375,3:37:35,8:18,F 35-39/9,F-39,35,3:38:06,64.78%
210,John Leslie,"Toronto, ON",928,3:37:42,8:19,M 50-54/15,M-50,175,3:37:56,64.07%
211,Stan Shatenstein,"Montreal, QC",1383,3:37:50,8:19,M 50-54/16,M-54,176,3:38:00,66.40%
212,David Reiley,"Rancho Cucamonga, CA",1264,3:38:09,8:20,M 35-39/37,M-36,177,3:38:24,57.33%
213,Suzanne Carlson,"Chandler, AZ",383,3:38:12,8:20,F 35-39/10,F-36,36,3:38:30,63.28%
214,Molly McCorkle,"La Jolla, CA",1031,3:38:12,8:20,F 25-29/10,F-28,37,3:38:18,62.07%
215,Jamie Robb,"Oceanside, CA",1286,3:38:26,8:20,F 25-29/11,F-26,38,3:38:40,62.00%
216,Johnny Feher,"San Diego, CA",593,3:38:30,8:20,M 30-34/26,M-34,178,3:38:39,57.17%
217,Richard Glynne,"La Jolla, CA",665,3:38:37,8:21,M 35-39/38,M-39,179,3:38:45,58.07%
218,Ramon Betancourt,"San Diego, CA",301,3:38:40,8:21,M 55-59/6,M-55,180,3:38:54,66.77%
219,Taryn Spates,"Granada Hills, CA",1432,3:38:49,8:21,F 25-29/12,F-29,39,3:39:12,61.89%
220,Fred Vehorn,"Carlsbad, CA",1559,3:38:51,8:21,M 40-44/32,M-43,181,3:39:01,59.97%
221,Lauren Scheinfeldt,"San Diego, CA",1354,3:39:00,8:22,F 25-29/13,F-29,40,3:39:15,61.84%
222,Mike Ortiz,"Encinitas, CA",1179,3:39:01,8:22,M 45-49/20,M-46,182,3:39:10,61.48%
223,Brandon Saxon,"San Diego, CA",1349,3:39:03,8:22,M 30-34/27,M-30,183,3:39:04,57.03%
224,Christofer Jennings,"Oceanside, CA",829,3:39:06,8:22,M 40-44/33,M-42,184,3:39:32,59.40%
225,Tonson Tong,"Newport Beach, CA",1709,3:39:08,8:22,M 40-44/34,M-41,185,3:39:20,58.90%
226,Tom Van Pelt,"Laguna Niguel, CA",1544,3:39:09,8:22,M 18-24/14,M-24,186,3:39:09,57.00%
227,Derrick Pollock,"Oceanside, CA",1237,3:39:14,8:22,M 35-39/39,M-38,187,3:39:49,57.50%
228,Cynthia Vasquez,"Ladera Ranch, CA",1554,3:39:20,8:22,F 30-34/4,F-31,41,3:39:34,61.84%
229,Pk Robbins,"Del Mar, CA",205,3:39:28,8:23,F 40-44/7,F-44,42,3:39:38,67.64%
230,Edward Smith,"Rancho Santa Fe, CA",345,3:39:36,8:23,M 55-59/7,M-56,188,3:39:49,67.12%
231,Jo Ann Denney,"Seattle, WA",520,3:39:37,8:23,F 35-39/11,F-37,43,3:40:06,63.25%
232,Joe Van Bolderen,"Medina, OH",1540,3:39:44,8:23,M 01-17/3,M-16,189,3:39:52,60.97%
233,Parks Williams,"Colorado Springs, CO",1629,3:39:53,8:24,M 65-69/1,M-67,190,3:40:09,74.82%
234,David Lam,"Culver City, CA",907,3:39:59,8:24,M 25-29/24,M-28,191,3:40:04,56.79%
235,John Gorman,"San Diego, CA",684,3:40:05,8:24,M 25-29/25,M-28,192,3:40:17,56.76%
236,Radford Hallman,"Los Angeles, CA",732,3:40:18,8:25,M 30-34/28,M-31,193,3:40:34,56.71%
237,Kristi Lucas,"San Diego, CA",963,3:40:46,8:26,F 40-44/8,F-40,44,3:40:58,64.39%
238,Jacob Morris,"San Diego, CA",1100,3:40:54,8:26,M 25-29/26,M-27,194,3:41:18,56.55%
239,Betty Wagner,"Portland, OR",1578,3:40:54,8:26,F 55-59/1,F-57,45,3:41:05,79.56%
240,Julian Maher,"Salinas, CA",981,3:40:55,8:26,M 18-24/15,M-20,195,3:41:33,57.27%
241,Kevin Bertoia,"Surrey, BC",299,3:40:58,8:26,M 35-39/40,M-38,196,3:41:07,57.05%
242,Kevin Mattson,"Santee, CA",1018,3:41:17,8:27,M 40-44/35,M-40,197,3:41:37,57.85%
243,Renae Welder,"Phoenix, AZ",1604,3:41:42,8:28,F 35-39/12,F-38,46,3:42:43,63.09%
244,Brad Williams,"Dana Point, CA",1623,3:41:46,8:28,M 25-29/27,M-25,198,3:42:45,56.33%
245,Glen Andrews,"San Diego, CA",238,3:41:47,8:28,M 45-49/21,M-47,199,3:41:57,61.24%
246,Benjamin Vanegtern,"San Diego, CA",1548,3:41:48,8:28,M 25-29/28,M-26,200,3:42:18,56.32%
247,Marc Rousselot-Emart,"Pirae, ",1312,3:41:50,8:28,M 35-39/41,M-39,201,3:41:57,57.23%
248,Craig Suiter,"San Diego, CA",1466,3:41:57,8:28,M 40-44/36,M-43,202,3:42:08,59.13%
249,Michael Spears,"Louisville, KY",1434,3:42:01,8:29,M 30-34/29,M-34,203,3:42:15,56.27%
250,Timothy Dock,"San Marcos, CA",533,3:42:05,8:29,M 30-34/30,M-33,204,3:42:14,56.25%
251,Bill Smith,"Carlsbad, CA",1413,3:42:07,8:29,M 45-49/22,M-47,205,3:42:36,61.15%
252,Brent Cunningham,"Sitka, AK",1695,3:42:15,8:29,M 40-44/37,M-42,206,3:42:28,58.56%
253,Jeffrey Kiyama,"San Diego, CA",878,3:42:25,8:29,M 25-29/29,M-25,207,3:42:39,56.17%
254,Brett Katz,"Oceanside, CA",857,3:42:38,8:30,M 30-34/31,M-33,208,3:42:38,56.11%
255,Kristie Allen,"Calgary, AB",224,3:42:50,8:30,F 30-34/5,F-33,47,3:43:10,61.16%
256,Shannon Morgan,"San Diego, CA",1097,3:42:51,8:30,F 25-29/14,F-25,48,3:42:51,60.77%
257,Kevin Ford,"Albany, CA",622,3:42:59,8:31,M 25-29/30,M-25,209,3:43:14,56.02%
258,Laura Muir,"Damascus, OR",1114,3:43:12,8:31,F 35-39/13,F-38,49,3:43:34,62.67%
259,Alexander Smith,"Riverside, CA",1411,3:43:15,8:31,M 18-24/16,M-23,210,3:43:28,55.96%
260,Arturo Zamudio,"Oceanside, CA",1672,3:43:25,8:32,M 18-24/17,M-24,211,3:44:28,55.92%
261,Dottie Wilmeth,"La Quinta, CA",1634,3:43:25,8:32,F 40-44/9,F-44,50,3:43:40,66.44%
262,Maggie Bikowski,"Madison, WI",305,3:43:25,8:32,F 25-29/15,F-27,51,3:43:40,60.62%
263,Donald Sevesind,"Covina, CA",1377,3:43:32,8:32,M 30-34/32,M-34,212,3:43:47,55.89%
264,Jeremy Milbrodt,"La Canada, CA",1063,3:44:11,8:33,M 35-39/42,M-37,213,3:44:21,55.95%
265,Fiona McGovern,"San Diego, CA",1036,3:44:17,8:34,F 25-29/16,F-28,52,3:44:30,60.38%
266,Edwin Kornoelje,"Grand Rapids, MI",889,3:44:28,8:34,M 40-44/38,M-41,214,3:44:37,57.50%
267,David Bush,"Seattle, WA",369,3:44:32,8:34,M 45-49/23,M-46,215,3:44:43,59.97%
268,Justin Lenio,"Oceanside, CA",927,3:44:42,8:35,M 25-29/31,M-26,216,3:44:57,55.60%
269,Steffanie Griffith,"San Clemente, CA",697,3:44:49,8:35,F 35-39/14,F-35,53,3:44:54,61.10%
270,Scott Sharpless,"Torrance, CA",1382,3:45:11,8:36,M 50-54/17,M-54,217,3:46:18,64.23%
271,Andrew Swanson,"Encino, CA",1476,3:45:14,8:36,M 25-29/32,M-28,218,3:45:34,55.47%
272,Christopher Comalli,"Chula Vista, CA",453,3:45:18,8:36,M 40-44/39,M-42,219,3:45:21,57.76%
273,David Milem,"San Diego, CA",1064,3:45:35,8:37,M 30-34/33,M-34,220,3:45:40,55.38%
274,Rob Roel,"Capistrano Beach, CA",206,3:45:36,8:37,M 40-44/40,M-44,221,3:46:12,58.66%
275,Ronald Martin,"Hermosa Beach, CA",999,3:45:37,8:37,M 40-44/41,M-43,222,3:45:43,58.17%
276,Mosi Smith,"Carlsbad, CA",1707,3:45:37,8:37,M 25-29/33,M-26,223,3:45:55,55.37%
277,Timothy Shimada,"Chino Hills, CA",1395,3:45:43,8:37,M 18-24/18,M-19,224,3:45:44,56.73%
278,Helen Barker,"Carlsbad, CA",272,3:45:50,8:37,F 40-44/10,F-40,54,3:46:05,62.95%
279,Ben Eicholtz,"Laguna Niguel, CA",564,3:46:05,8:38,M 35-39/43,M-35,225,3:46:41,55.26%
280,Miguel Moran,"San Marcos, CA",1090,3:46:08,8:38,M 35-39/44,M-35,226,3:46:33,55.24%
281,Steve Kulchin,"Santa Barbara, CA",901,3:46:14,8:38,M 50-54/18,M-53,227,3:46:24,63.35%
282,Michael Crandell,"Santa Barbara, CA",478,3:46:14,8:38,M 50-54/19,M-53,228,3:46:25,63.35%
283,Tiffanie Gaspar,"Las Vegas, NV",651,3:46:15,8:38,F 30-34/6,F-31,55,3:46:35,59.95%
284,Mark Vidovich,"Marina Del Rey, CA",1566,3:46:45,8:39,M 30-34/34,M-30,229,3:47:04,55.09%
285,Jaye Morris,"Oceanside, CA",1101,3:46:53,8:40,F 40-44/11,F-44,56,3:47:00,65.43%
286,Brent Sherrell,"Temecula, CA",1392,3:47:08,8:40,M 35-39/45,M-39,230,3:47:20,55.90%
287,Kim Phillips,"Solana Beach, CA",1228,3:47:11,8:40,F 35-39/15,F-38,57,3:47:29,61.57%
288,Alisa Arkinzadeh,"Poway, CA",245,3:47:11,8:40,F 35-39/16,F-35,58,3:47:35,60.46%
289,Jennifer Frascino,"San Diego, CA",625,3:47:22,8:41,F 35-39/17,F-37,59,3:47:40,61.10%
290,Erik Ohler,"Torrance, CA",1167,3:47:27,8:41,M 25-29/34,M-26,231,3:47:44,54.92%
291,Robert Mow,"Portland, OR",1110,3:47:31,8:41,M 55-59/8,M-58,232,3:47:41,66.03%
292,Bob Kroeger,"Cincinnati, OH",895,3:47:39,8:41,M 60-64/2,M-62,233,3:48:21,68.64%
293,Steven Shackford,"San Diego, CA",1379,3:47:50,8:42,M 60-64/3,M-63,234,3:48:02,69.27%
294,Andrew McLeod,"Santa Rosa, CA",1044,3:47:57,8:42,M 18-24/19,M-19,235,3:48:07,56.18%
295,Jason Binswanger,"San Diego, CA",307,3:48:06,8:42,M 35-39/46,M-36,236,3:48:15,54.83%
296,Tom Bell,"Medford, OR",291,3:48:09,8:43,M 35-39/47,M-39,237,3:48:23,55.65%
297,Brian Neubauer,"Dana Point, CA",1136,3:48:20,8:43,M 30-34/35,M-32,238,3:48:42,54.71%
298,Tom Jones,"Murrieta, CA",843,3:48:22,8:43,M 40-44/42,M-42,239,3:48:35,56.99%
299,Robert Maher,"Salinas, CA",983,3:48:29,8:43,M 18-24/20,M-21,240,3:49:07,54.92%
300,Heather Spector,"San Diego, CA",1435,3:48:56,8:44,F 30-34/7,F-34,60,3:49:11,59.74%
301,Shawn Weidmann,"Studio City, CA",1602,3:49:00,8:45,M 45-49/24,M-45,241,3:49:52,58.29%
302,Clayton Lewis,"Seattle, WA",936,3:49:10,8:45,M 45-49/25,M-49,242,3:49:33,60.32%
303,Steven Calhoun,"Lakewood, CO",374,3:49:30,8:46,M 60-64/4,M-60,243,3:49:48,66.75%
304,Ian Reilly,"Cardiff By The Sea, CA",1265,3:49:36,8:46,M 35-39/48,M-35,244,3:50:34,54.41%
305,Dale Bonifield,"San Diego, CA",327,3:49:41,8:46,M 45-49/26,M-48,245,3:49:55,59.65%
306,Mark Pakulat,"San Diego, CA",1186,3:49:46,8:46,M 18-24/21,M-23,246,3:49:57,54.37%
307,Michael Ibarra,"San Diego, CA",806,3:49:50,8:46,M 35-39/49,M-36,247,3:50:03,54.41%
308,Steve Adams,"Oceanside, CA",212,3:50:02,8:47,M 40-44/43,M-42,248,3:50:18,56.58%
309,Ashley O'Hara,"Encinitas, CA",1160,3:50:19,8:48,F 40-44/12,F-42,61,3:50:28,62.98%
310,Kirby Mills,"San Clemente, CA",31,3:50:22,8:48,M 18-24/22,M-23,249,3:50:25,54.23%
311,Olivia Kuhn-Lloyd,"Santa Monica, CA",899,3:50:22,8:48,F 25-29/17,F-29,62,3:51:20,58.79%
312,Amy Unseld,"Pierce, NE",1535,3:50:28,8:48,F 40-44/13,F-40,63,3:50:51,61.68%
313,Geoff Schulteis,"Vista, CA",1151,3:50:29,8:48,M 35-39/50,M-36,250,4:18:22,54.26%
314,Kelsey Williams,"San Diego, CA",1627,3:50:35,8:48,F 25-29/18,F-28,64,3:51:38,58.73%
315,Pierre Dufour,"Oceanside, CA",547,3:50:38,8:48,M 35-39/51,M-35,251,3:50:46,54.17%
316,Kyle Ashley,"Cardiff, CA",250,3:50:50,8:49,M 25-29/35,M-28,252,3:50:56,54.12%
317,David Browning,"Las Vegas, NV",357,3:50:53,8:49,M 35-39/52,M-39,253,3:51:19,54.99%
318,Chris Korn,"San Diego, CA",887,3:51:07,8:49,M 45-49/27,M-45,254,3:51:29,57.76%
319,Thomas Martiner,"Temecula, CA",1000,3:51:13,8:50,M 35-39/53,M-38,255,3:51:19,54.52%
320,Albert Lee,"Kansas City, MO",921,3:51:19,8:50,M 35-39/54,M-39,256,3:51:27,54.89%
321,David Eshbaugh,"Cardiff, CA",580,3:51:31,8:50,M 35-39/55,M-39,257,3:52:38,54.84%
322,Matt Swanson,"Carlsbad, CA",1480,3:51:35,8:50,M 30-34/36,M-33,258,3:52:07,53.94%
323,Kevin Zerrusen,"Washington, DC",1678,3:51:52,8:51,M 45-49/28,M-48,259,3:52:22,59.09%
324,Aki Hoshi,"Irvine, CA",785,3:51:56,8:51,F 40-44/14,F-41,65,3:52:03,61.89%
325,Tim Schmitt,"San Diego, CA",1363,3:52:02,8:51,M 25-29/36,M-26,260,3:52:18,53.84%
326,Jonathan Umlor,"Carlsbad, CA",1534,3:52:05,8:52,M 30-34/37,M-34,261,3:52:12,53.83%
327,Michael Schatzl,"San Francisco, CA",1353,3:52:07,8:52,M 45-49/29,M-46,262,3:52:21,58.01%
328,Marc Trahand,"San Diego, CA",1519,3:52:10,8:52,M 35-39/56,M-38,263,3:52:17,54.30%
329,Michael Roloff,"Longmont, CO",1301,3:52:17,8:52,M 35-39/57,M-39,264,3:52:29,54.66%
330,Jerald Cook,"Gaithersburg, MD",462,3:52:20,8:52,M 40-44/44,M-40,265,3:52:24,55.10%
331,Jason Tung,"Thornhill, ON",1526,3:52:26,8:52,M 50-54/20,M-52,266,3:52:44,61.10%
332,Osvaldo Bojorquez,"Temecula, CA",326,3:52:29,8:53,M 35-39/58,M-39,267,3:52:59,54.61%
333,Bryan Barletto,"San Diego, CA",274,3:52:48,8:53,M 25-29/37,M-27,268,3:53:41,53.66%
334,Candice Reyes,"Chino Hills, CA",1271,3:52:50,8:53,F 25-29/19,F-25,66,3:53:05,58.16%
335,Paul Amann,"Sandy, UT",716,3:52:54,8:53,M 45-49/30,M-46,269,3:53:21,57.81%
336,Keith Browning,"Bolingbrook, IL",358,3:52:55,8:53,M 35-39/59,M-37,270,3:53:21,53.85%
337,Garrett Harris,"San Diego, CA",745,3:52:57,8:54,M 35-39/60,M-37,271,3:53:40,53.84%
338,Cassidy Powers,"Vista, CA",1246,3:53:01,8:54,F 18-24/2,F-24,67,3:53:21,58.12%
339,Stephanie Nissen,"Prescott, AZ",1145,3:53:08,8:54,F 18-24/3,F-24,68,3:53:25,58.09%
340,Eugene Levings,"Vista, CA",933,3:53:11,8:54,M 65-69/2,M-67,272,3:53:30,70.55%
341,Robbin Muller,"Encinitas, CA",1116,3:53:15,8:54,F 40-44/15,F-41,69,3:53:48,61.54%
342,Erik Vinland,"San Diego, CA",1571,3:53:25,8:55,M 30-34/38,M-32,273,3:53:26,53.52%
343,Caren Darrow,"Newport Beach, CA",503,3:53:30,8:55,F 30-34/8,F-32,70,3:53:52,58.21%
344,Sonja Anderson,"Mission Viejo, CA",236,3:53:30,8:55,F 35-39/18,F-35,71,3:53:52,58.83%
345,Clare Conway,"Encinitas, CA",459,3:53:34,8:55,F 35-39/19,F-36,72,3:53:49,59.12%
346,Eric Ostendorff,"Torrance, CA",1181,3:53:44,8:55,M 45-49/31,M-48,274,3:53:54,58.62%
347,Benjamin Chan,"Portland, OR",403,3:53:53,8:56,M 35-39/61,M-38,275,3:54:16,53.90%
348,Michael Jacob,"Temecula, CA",819,3:53:55,8:56,M 40-44/45,M-40,276,3:54:43,54.72%
349,Diana Fenner,"San Diego, CA",595,3:54:14,8:56,F 45-49/3,F-45,73,3:54:14,64.14%
350,Patrick Madigan,"Fullerton, CA",979,3:54:16,8:57,M 25-29/38,M-27,277,3:54:21,53.33%
351,Ames Freeman,"Castle Rock, CO",626,3:54:22,8:57,M 30-34/39,M-33,278,3:54:22,53.30%
352,Steve Seapker,"Carlsbad, CA",1373,3:54:25,8:57,M 35-39/62,M-38,279,3:54:46,53.78%
353,Ryan Morton,"San Marcos, CA",1105,3:54:27,8:57,M 35-39/63,M-36,280,3:55:23,53.34%
354,Gavin Muck,"San Diego, CA",1111,3:54:28,8:57,M 35-39/64,M-37,281,3:54:56,53.49%
355,Bill Floeter,"San Diego, CA",616,3:54:30,8:57,M 45-49/32,M-46,282,3:54:48,57.42%
356,Jim Ritch,"Santee, CA",1283,3:54:32,8:57,M 40-44/46,M-43,283,3:55:12,55.96%
357,David Swift,"San Diego, CA",1482,3:54:34,8:57,M 45-49/33,M-46,284,3:55:27,57.40%
358,Rick Paul,"Irvine, CA",1203,3:54:40,8:57,M 40-44/47,M-40,285,3:54:59,54.55%
359,Victor Varas Leon,"Guadalajara, OH",1552,3:54:45,8:58,M 40-44/48,M-44,286,3:54:49,56.38%
360,Hideo Watanabe,"Torrance, CA",1598,3:54:45,8:58,M 40-44/49,M-42,287,3:55:02,55.44%
361,Eric Devine,"San Diego, CA",523,3:54:49,8:58,M 40-44/50,M-40,288,3:55:13,54.51%
362,Sophie Anderson,"Carlsbad, CA",237,3:54:50,8:58,F 25-29/20,F-25,74,3:55:11,57.67%
363,Kevin Morris,"Danville, CA",1102,3:54:58,8:58,M 45-49/34,M-46,289,3:55:16,57.30%
364,Jenny Stahl,"Oceanside, CA",1445,3:54:58,8:58,F 45-49/4,F-45,75,3:55:30,63.94%
365,Charlie Itchko,"San Diego, CA",500,3:54:59,8:58,M 50-54/21,M-54,290,3:55:53,61.55%
366,Samuel Ponti,"Riverside, CA",1240,3:55:03,8:58,M 35-39/65,M-38,291,3:55:23,53.63%
367,Bryan Cox,"San Diego, CA",472,3:55:09,8:59,M 30-34/40,M-33,292,3:55:32,53.13%
368,Susan Walton,"Brooklyn, NY",1590,3:55:20,8:59,F 35-39/20,F-36,76,3:55:37,58.67%
369,Faith Hermann,"Dana Point, CA",759,3:55:35,9:00,F 30-34/9,F-33,77,3:55:56,57.85%
370,Richard Rojeck,"Rancho Santa Fe, CA",1299,3:55:40,9:00,M 55-59/9,M-56,293,3:56:13,62.54%
371,Noel Fischer,"San Diego, CA",607,3:55:43,9:00,M 30-34/41,M-30,294,3:56:08,53.00%
372,Dean Andersen,"Oceanside, CA",231,3:55:44,9:00,M 40-44/51,M-43,295,3:56:07,55.67%
373,Chuck Casson,"Allen, TX",391,3:55:48,9:00,M 40-44/52,M-43,296,3:56:14,55.66%
374,Chris Fales,"San Diego, CA",587,3:55:51,9:00,M 35-39/66,M-37,297,3:56:33,53.18%
375,Mary White,"Tucson, AZ",1618,3:55:55,9:00,F 45-49/5,F-46,78,3:56:15,64.46%
376,Alan Kwok,"San Francisco, CA",904,3:55:56,9:00,M 25-29/39,M-29,298,3:56:13,52.95%
377,Sharon Lum,"Redlands, CA",969,3:55:59,9:01,F 40-44/16,F-41,79,3:56:17,60.83%
378,William Rodriquez Jr,"Carlsbad, CA",1295,3:56:03,9:01,M 35-39/67,M-37,299,3:56:22,53.14%
379,Robert Moreno,"Tustin, CA",1093,3:56:06,9:01,M 40-44/53,M-40,300,3:56:24,54.22%
380,Al Cameron,"Draper, UT",376,3:56:07,9:01,M 45-49/35,M-48,301,3:56:31,58.03%
381,Gillian Macey,"Carlsbad, CA",976,3:56:07,9:01,F 45-49/6,F-46,80,3:56:28,64.41%
382,Melissa Cox,"Carlsbad, CA",474,3:56:12,9:01,F 30-34/10,F-30,81,3:56:35,57.36%
383,Anna Crowley,"San Diego, CA",484,3:56:15,9:01,F 55-59/2,F-55,82,3:56:30,72.34%
384,Dennis Smith,"Olympia, WA",1415,3:56:15,9:01,M 55-59/10,M-58,302,3:56:39,63.59%
385,Deeanne Akerson,"Oceanside, CA",214,3:56:19,9:01,F 25-29/21,F-29,83,3:56:37,57.31%
386,Todd Royal,"Alpine, CA",1315,3:56:21,9:01,M 40-44/54,M-43,303,3:56:40,55.53%
387,Michele O'Brien,"Oro Valley, AZ",1157,3:56:22,9:01,F 40-44/17,F-44,84,3:56:42,62.80%
388,Sookhyun Cho,"San Diego, CA",420,3:56:24,9:01,F 25-29/22,F-29,85,3:56:24,57.29%
389,Jerry Nairn,"Chandler, AZ",1037,3:56:25,9:02,M 45-49/36,M-49,304,3:57:02,58.47%
390,Dawn Steinberg,"Oceanside, CA",1448,3:56:27,9:02,F 30-34/11,F-32,86,3:56:35,57.48%
391,Shannon Hughes,"Encinitas, CA",793,3:56:27,9:02,F 40-44/18,F-43,87,3:56:48,62.04%
392,Brad Cloverdyke,"Lake Tapawingo, MO",443,3:56:36,9:02,M 50-54/22,M-52,305,3:56:46,60.02%
393,Amy Boyer,"Lees Summit, MO",341,3:56:36,9:02,F 30-34/12,F-34,88,3:56:47,57.80%
394,Danielle Kochman,"San Diego, CA",1700,3:56:44,9:02,F 25-29/23,F-26,89,3:57:06,57.20%
395,David Lipke,"Cardiff By The Sea, CA",1703,3:56:51,9:03,M 30-34/42,M-30,306,3:57:12,52.74%
396,John Burke,"La Jolla, CA",1692,3:56:52,9:03,M 25-29/40,M-27,307,3:57:13,52.74%
397,Kevin Keith,"Burbank, CA",861,3:57:05,9:03,M 45-49/37,M-47,308,3:57:14,57.29%
398,Karrie Villavicencio,"Longmont, CO",1570,3:57:09,9:03,F 35-39/21,F-37,90,3:57:17,58.57%
399,Neil Saxon,"Hollywood, CA",1350,3:57:17,9:03,M 30-34/43,M-32,309,3:57:43,52.65%
400,Theresa Pappas,"Del Mar, CA",1188,3:57:24,9:04,F 30-34/13,F-34,91,3:57:42,57.61%
401,Tom Moudry,"San Diego, CA",1109,3:57:29,9:04,M 35-39/68,M-35,310,3:57:59,52.60%
402,James Eidem,"Syracuse, UT",565,3:57:47,9:05,M 40-44/55,M-44,311,3:58:08,55.66%
403,Michael Rust,"Hemet, CA",1324,3:57:49,9:05,M 60-64/5,M-60,312,3:58:09,64.42%
404,Douglas Grant,"San Diego, CA",653,3:57:57,9:05,M 30-34/44,M-31,313,3:58:11,52.50%
405,Haley Hunter-Zinck,"San Diego, CA",799,3:57:59,9:05,F 18-24/4,F-21,92,3:58:30,56.91%
406,Michael Daigle,"Oceanside, CA",494,3:58:00,9:05,M 45-49/38,M-49,314,3:59:08,58.08%
407,Emily Schmied,"San Diego, CA",1360,3:58:04,9:05,F 25-29/24,F-25,93,3:58:28,56.89%
408,David Tartaglio,"Pasadena, CA",1493,3:58:05,9:05,M 50-54/23,M-50,315,3:58:28,58.58%
409,Jonathan Miller,"Santa Monica, CA",1066,3:58:09,9:05,M 35-39/69,M-36,316,3:58:27,52.51%
410,Cheryl Orr,"La Canada, CA",1174,3:58:14,9:06,F 45-49/7,F-46,94,3:58:36,63.84%
411,Jose Mendez,"Long Beach, CA",1055,3:58:16,9:06,M 30-34/45,M-32,317,3:58:35,52.43%
412,Nikee Pomper,"San Diego, CA",1239,3:58:25,9:06,F 30-34/14,F-30,95,3:58:36,56.82%
413,Francisca Fujimoto,"Poway, CA",635,3:58:25,9:06,F 45-49/8,F-45,96,3:58:37,63.02%
414,Atsuyuki Katsuyama,"Chula Vista, CA",856,3:58:30,9:06,M 40-44/56,M-41,318,3:59:45,54.12%
415,Karla Miller,"Encinitas, CA",1067,3:58:40,9:07,F 35-39/22,F-38,97,3:59:00,58.61%
416,Jamie McGrew,"San Diego, CA",1038,3:58:46,9:07,F 18-24/5,F-23,98,3:58:54,56.72%
417,John Wick,"San Diego, CA",1620,3:58:53,9:07,M 35-39/70,M-35,319,3:59:15,52.30%
418,Rupert Kiefer,"Lancaster, CA",868,3:59:02,9:08,M 25-29/41,M-28,320,3:59:58,52.26%
419,Chris Parr,"La Jolla, CA",1191,3:59:04,9:08,M 40-44/57,M-41,321,3:59:29,53.99%
420,Julie Honse,"Portland, OR",780,3:59:09,9:08,F 35-39/23,F-36,99,3:59:31,57.74%
421,Willie Banford Iii,"Corona, CA",270,3:59:13,9:08,M 45-49/39,M-47,322,3:59:18,56.78%
422,Patrick Kelley,"Simi Valley, CA",864,3:59:15,9:08,M 30-34/46,M-34,323,3:59:19,52.22%
423,Rufino Vegamora,"San Diego, CA",1558,3:59:17,9:08,M 30-34/47,M-31,324,3:59:25,52.21%
424,Jb Daines,"Carlsbad, CA",495,3:59:21,9:08,M 40-44/58,M-42,325,3:59:38,54.37%
425,Denver Inopiquez,"Chula Vista, CA",812,3:59:25,9:08,M 30-34/48,M-31,326,4:27:25,52.18%
426,Frederick Hanhauser,"Carlsbad, CA",738,3:59:33,9:09,M 60-64/6,M-61,327,4:00:30,64.58%
427,Gerardo Gonzalez,"Oceanside, CA",677,3:59:46,9:09,M 25-29/42,M-26,328,3:59:48,52.10%
428,Dan Tomlin,"San Marcos, CA",1514,3:59:57,9:10,M 35-39/71,M-35,329,4:00:12,52.06%
429,Kylo Anderson,"San Diego, CA",235,3:59:57,9:10,M 30-34/49,M-30,330,4:00:42,52.06%
430,Jimmy Hwang,"La Mesa, CA",805,4:00:04,9:10,M 55-59/11,M-57,331,4:00:31,61.98%
431,Francois Thuiliere,"San Marcos, CA",1505,4:00:04,9:10,M 40-44/59,M-40,332,4:01:29,53.32%
432,Jennifer Lynn,"Costa Mesa, CA",974,4:00:17,9:10,F 25-29/25,F-27,100,4:01:07,56.36%
433,Stephanie Tobin,"San Diego, CA",1512,4:00:17,9:10,F 25-29/26,F-26,101,4:01:07,56.36%
434,Michele Carson,"Del Mar, CA",387,4:00:32,9:11,F 30-34/15,F-30,102,4:01:00,56.32%
435,Edward Davis,"San Bernardino, CA",504,4:00:40,9:11,M 30-34/50,M-34,333,4:01:21,51.91%
436,John Mills,"Lemon Grove, CA",1070,4:00:54,9:12,M 45-49/40,M-48,334,4:01:56,56.87%
437,Sonny Rull,"Riverside, CA",1318,4:00:56,9:12,M 25-29/43,M-25,335,4:01:10,51.85%
438,Rafael Covarrubias,"Long Beach, CA",471,4:01:33,9:13,M 40-44/60,M-40,336,4:02:22,52.99%
439,Ron Spiker,"Ventura, CA",1437,4:01:46,9:14,M 50-54/24,M-50,337,4:02:08,57.69%
440,Adrian Swanson,"San Diego, CA",1475,4:01:48,9:14,M 50-54/25,M-51,338,4:02:01,58.20%
441,Jon Hershman,"Redondo Beach, CA",763,4:01:59,9:14,M 35-39/72,M-36,339,4:02:24,51.68%
442,Tanya Davis,"Vista, CA",508,4:02:24,9:15,F 35-39/24,F-36,103,4:02:53,56.96%
443,Keira Henninger,"Laguna Niguel, CA",756,4:02:29,9:15,F 30-34/16,F-32,104,4:02:56,56.05%
444,George Jakubek,"San Diego, CA",823,4:02:43,9:16,M 25-29/44,M-26,340,4:03:05,51.47%
445,Pierre Letourneau,"Las Vegas, NV",930,4:02:46,9:16,M 40-44/61,M-43,341,4:02:53,54.06%
446,Octavio Armas,"La Mesa, CA",246,4:02:52,9:16,M 45-49/41,M-48,342,4:03:02,56.41%
447,Vic Birtalan,"Goleta, CA",308,4:02:53,9:16,M 65-69/3,M-65,343,4:03:27,66.33%
448,Jaclyn Kalemba,"San Marcos, CA",848,4:03:00,9:17,F 25-29/27,F-26,105,4:03:58,55.73%
449,Annette Daoust,"Oceanside, CA",498,4:03:04,9:17,F 50-54/3,F-51,106,4:03:39,66.65%
450,Jim Hagan,"San Diego, CA",720,4:03:18,9:17,M 35-39/73,M-35,344,4:03:54,51.35%
451,Evonne Williams,"Irvine, CA",1626,4:03:18,9:17,F 50-54/4,F-50,107,4:03:34,65.73%
452,Shari Hume,"Encinitas, CA",795,4:03:20,9:17,F 40-44/19,F-43,108,4:03:29,60.28%
453,Dotty Maddock,"Phoenix, AZ",203,4:03:25,9:18,F 50-54/5,F-54,109,4:03:33,69.26%
454,Brad Willoughby,"San Diego, CA",1633,4:03:31,9:18,M 30-34/51,M-31,345,4:03:54,51.30%
455,Steven Lober,"Thousand Oaks, CA",951,4:03:31,9:18,M 50-54/26,M-52,346,4:03:53,58.32%
456,Arthur Johnston,"San Diego, CA",838,4:03:37,9:18,M 18-24/23,M-24,347,4:04:34,51.28%
457,William Parks,"South Haven, MI",1190,4:03:42,9:18,M 50-54/27,M-53,348,4:04:03,58.81%
458,Mark David Baddas,"La Jolla, CA",260,4:03:42,9:18,M 25-29/45,M-26,349,4:03:56,51.26%
459,Christina Donigan,"Solana Beach, CA",535,4:03:44,9:18,F 35-39/25,F-37,110,4:04:36,56.99%
460,Debbra Zockoll,"St George, UT",1683,4:03:52,9:19,F 50-54/6,F-52,111,4:04:21,67.30%
461,Sean Kute,"Colorado Springs, CO",903,4:04:00,9:19,M 35-39/74,M-35,350,4:04:56,51.20%
462,Bristol Hartlage,"San Diego, CA",749,4:04:01,9:19,F 25-29/28,F-27,112,4:04:22,55.50%
463,Alex Antonau,"Lake Forest, CA",240,4:04:11,9:19,M 35-39/75,M-36,351,4:04:28,51.22%
464,Matthias Schubien,"Denzlingen, ",1369,4:04:16,9:19,M 45-49/42,M-46,352,4:04:49,55.12%
465,Matthias Schmitz,"Zurich, ",1365,4:04:16,9:19,M 40-44/62,M-42,353,4:04:49,53.28%
466,Aaron Hamby,"Berkeley, CA",735,4:04:19,9:20,M 25-29/46,M-28,354,4:04:34,51.13%
467,James Ferris,"San Diego, CA",600,4:04:30,9:20,M 25-29/47,M-25,355,4:05:20,51.09%
468,Robert Dell Angelo,"Altadena, CA",516,4:04:49,9:21,M 45-49/43,M-47,356,4:05:11,55.48%
469,Hallie Davis,"Boulder, CO",506,4:04:54,9:21,F 18-24/6,F-20,113,4:05:06,55.34%
470,Deanna Lyle,"San Diego, CA",972,4:05:06,9:21,F 40-44/20,F-42,114,4:05:24,59.18%
471,Doug Evanchuk,"Edmonton, AB",978,4:05:13,9:22,M 45-49/44,M-47,357,4:05:30,55.39%
472,Patrick King,"San Diego, CA",874,4:05:16,9:22,M 25-29/48,M-27,358,4:05:32,50.93%
473,Scott Warwick,"San Diego, CA",1595,4:05:23,9:22,M 30-34/52,M-31,359,4:05:41,50.91%
474,Michael Dimmitt,"San Diego, CA",528,4:05:24,9:22,M 25-29/49,M-28,360,4:06:30,50.91%
475,Bill Macbride,"Mammoth Lakes, CA",202,4:05:36,9:23,M 50-54/28,M-53,361,4:06:18,58.35%
476,Carmen Allison,"Goleta, CA",225,4:06:22,9:24,F 55-59/3,F-56,115,4:06:37,70.34%
477,Christopher Hofer,"Fpo, AP",770,4:06:39,9:25,M 25-29/50,M-26,362,4:07:33,50.65%
478,Eric Lovell,"Carlsbad, CA",960,4:06:41,9:25,M 45-49/45,M-48,363,4:06:58,55.54%
479,Julie Bowen,"San Diego, CA",338,4:06:46,9:25,F 35-39/26,F-35,116,4:07:06,55.66%
480,Elizabeth Bodenhamer,"San Diego, CA",319,4:06:59,9:26,F 50-54/7,F-50,117,4:07:41,64.75%
481,Maria Halvorson,"Ojai, CA",734,4:07:00,9:26,F 35-39/27,F-37,118,4:07:20,56.24%
482,Alan Pollack,"San Clemente, CA",1532,4:07:07,9:26,M 55-59/12,M-57,364,4:07:26,60.21%
483,Kerrie Bruxvoort,"Phoenix, AZ",359,4:07:19,9:26,F 30-34/17,F-32,119,4:07:21,54.95%
484,Audrey Boixo,"Laguna Beach, CA",325,4:07:52,9:28,F 30-34/18,F-30,120,4:08:55,54.66%
485,Bill Trapp,"Aliso Viejo, CA",1520,4:08:11,9:28,M 60-64/7,M-61,365,4:08:41,62.34%
486,Chris Dulnikowski,"San Diego, CA",548,4:08:18,9:29,F 40-44/21,F-40,121,4:08:36,57.25%
487,Vandee Marquez,"La Mesa, CA",995,4:08:21,9:29,F 25-29/29,F-28,122,4:08:34,54.53%
488,Lauren Ishimaru,"Reedley, CA",818,4:08:22,9:29,F 18-24/7,F-20,123,4:08:59,54.57%
489,Jim Jimenez,"Concord, CA",831,4:08:32,9:29,M 45-49/46,M-48,366,4:09:05,55.13%
490,Lisa Oliver,"Mammoth Lakes, CA",1171,4:08:33,9:29,F 40-44/22,F-40,124,4:08:49,57.20%
491,Chris Desrochers,"San Diego, CA",522,4:08:33,9:29,F 40-44/23,F-41,125,4:09:06,57.75%
492,David Smith,"Encinitas, CA",1414,4:08:46,9:30,M 55-59/13,M-55,367,4:09:12,58.69%
493,Stacy Esquivel,"Fresno, CA",581,4:08:55,9:30,F 25-29/30,F-29,126,4:09:49,54.41%
494,Wing Chan,"Carlsbad, CA",404,4:08:58,9:30,M 40-44/63,M-40,368,4:09:08,51.42%
495,J Taniguchi,"Huntington Beach, CA",1491,4:09:17,9:31,M 45-49/47,M-49,369,4:10:54,55.45%
496,Angela Fetrow,"Escondido, CA",601,4:09:18,9:31,F 40-44/24,F-42,127,4:09:39,58.18%
497,Jan Ruona,"Los Angeles, CA",1321,4:09:24,9:31,F 35-39/28,F-38,128,4:10:21,56.09%
498,Frank Ruona,"Novato, CA",1320,4:09:26,9:31,M 60-64/8,M-63,370,4:10:24,63.27%
499,Kameron Wong,"Poway, CA",1651,4:09:28,9:31,M 40-44/64,M-44,371,4:09:46,53.05%
500,Steven Guilday,"Menifee, CA",707,4:09:29,9:31,M 50-54/29,M-50,372,4:10:27,55.91%
501,Darin Yeoman,"Escondido, CA",1668,4:09:32,9:32,M 35-39/76,M-39,373,4:09:45,50.88%
502,Don Haas,"Reno, NV",715,4:09:33,9:32,M 65-69/4,M-67,374,4:09:58,65.92%
503,Megan Van Wieren,"Boulder, CO",1546,4:09:35,9:32,F 18-24/8,F-24,129,4:10:35,54.26%
504,Emily Montgomery,"La Jolla, CA",1083,4:10:00,9:33,F 30-34/19,F-30,130,4:10:38,54.19%
505,Ursula Melhuish,"Louisville, KY",1052,4:10:00,9:33,F 35-39/29,F-39,131,4:10:22,56.38%
506,Jen Tarvin,"Newport Beach, CA",1494,4:10:09,9:33,F 18-24/9,F-24,132,4:10:46,54.14%
507,Tiffany Collins,"San Diego, CA",451,4:10:19,9:33,F 30-34/20,F-33,133,4:13:15,54.45%
508,Patricia Garcia,"Vista, CA",646,4:10:51,9:35,F 45-49/9,F-49,134,4:11:18,62.94%
509,Danielle Snyder,"San Marcos, CA",1424,4:11:05,9:35,F 40-44/25,F-40,135,4:11:26,56.62%
510,Christina Sandvold,"Vista, CA",1341,4:11:17,9:36,F 40-44/26,F-43,136,4:11:51,58.38%
511,Jeff Kriner,"Las Vegas, NV",893,4:11:21,9:36,M 45-49/48,M-45,375,4:11:35,53.11%
512,Michael Gartland,"Carlsbad, CA",650,4:11:26,9:36,M 40-44/65,M-43,376,4:12:23,52.20%
513,Joel Gonzalez,"Newman, CA",678,4:11:28,9:36,M 25-29/51,M-29,377,4:12:02,49.68%
514,Nicholas Warren,"Solana Beach, CA",1594,4:11:40,9:36,M 30-34/53,M-30,378,4:12:37,49.64%
515,Cheyanne Warren,"Rockville, VA",1593,4:11:40,9:36,F 25-29/31,F-29,137,4:12:36,53.81%
516,Mark Wesley,"San Diego, CA",1607,4:11:43,9:37,M 50-54/30,M-50,379,4:12:01,55.41%
517,Jean-Paul Dumouchel,"Carlsbad, CA",549,4:11:45,9:37,M 25-29/52,M-26,380,4:12:16,49.62%
518,Thomas Elliott,"San Diego, CA",573,4:11:48,9:37,M 45-49/49,M-48,381,4:12:18,54.41%
519,Chris Bender,"Carlsbad, CA",293,4:11:59,9:37,M 25-29/53,M-28,382,4:12:18,49.58%
520,Simon Waters,"San Diego, CA",1600,4:11:59,9:37,M 45-49/50,M-46,383,4:12:26,53.43%
521,Mark Haley,"San Clemente, CA",726,4:12:02,9:37,M 35-39/77,M-38,384,4:12:22,50.02%
522,Ron Kelly,"Poway, CA",866,4:12:05,9:37,M 55-59/14,M-57,385,4:12:20,59.03%
523,Cameron Westfall,"Chowchilla, CA",1612,4:12:28,9:38,M 18-24/24,M-22,386,4:13:21,49.51%
524,Rick Young,"San Diego, CA",1671,4:12:30,9:38,M 50-54/31,M-51,387,4:13:02,55.73%
525,John Hayes,"Reno, NV",751,4:12:42,9:39,M 40-44/66,M-41,388,4:13:08,51.08%
526,Sara Terhune,"Venice, CA",1503,4:12:50,9:39,F 30-34/21,F-30,138,4:13:36,53.58%
527,Brenda Graff,"St George, UT",686,4:12:52,9:39,F 50-54/8,F-50,139,4:13:21,63.24%
528,Mark Gardner,"Carlsbad, CA",648,4:12:56,9:39,M 40-44/67,M-43,389,4:13:23,51.89%
529,Dave Franke,"Sherwood Park, AB",624,4:13:02,9:40,M 40-44/68,M-44,390,4:14:01,52.30%
530,Peter Hincks,"Carlsbad, CA",765,4:13:22,9:40,M 45-49/51,M-46,391,4:14:18,53.14%
531,Scheri Chavez,"Lemon Grove, CA",409,4:13:23,9:40,F 35-39/30,F-39,140,4:13:47,55.62%
532,Brian Giaretta,"San Clemente, CA",657,4:13:34,9:41,M 18-24/25,M-24,392,4:13:36,49.27%
533,Leslie Bell,"Costa Mesa, CA",290,4:13:39,9:41,F 35-39/31,F-35,141,4:14:16,54.15%
534,James Patterson,"Carlsbad, CA",1198,4:13:45,9:41,M 35-39/78,M-39,393,4:14:12,50.03%
535,Anthonia Edgren,"Escondido, CA",560,4:13:46,9:41,F 18-24/10,F-18,142,4:13:57,54.34%
536,Mike Miller,"Loves Park, IL",1069,4:13:55,9:42,M 18-24/26,M-24,394,4:14:00,49.20%
537,Adrienne Cook,"Pittsburgh, PA",461,4:13:56,9:42,F 40-44/27,F-40,143,4:14:20,55.98%
538,Philip Dinsky,"Framingham, MA",529,4:13:58,9:42,M 60-64/9,M-60,395,4:14:19,60.32%
539,Peter Silvester,"Encinitas, CA",1400,4:14:04,9:42,M 35-39/79,M-39,396,4:14:31,49.97%
540,Alison Smith,"Olympia, WA",1412,4:14:05,9:42,F 25-29/32,F-26,144,4:14:30,53.30%
541,Billy Whitford,"El Centro, CA",1619,4:14:09,9:42,M 50-54/32,M-53,397,4:14:33,56.39%
542,Julia Luraschi,"La Jolla, CA",970,4:14:13,9:42,F 25-29/33,F-27,145,4:14:13,53.27%
543,Rocky Adams,"Los Angeles, CA",211,4:14:17,9:42,M 25-29/54,M-29,398,4:15:22,49.13%
544,Kelly Mok,"Carlsbad, CA",1079,4:14:18,9:42,F 40-44/28,F-41,146,4:14:40,56.45%
545,Andrew Gray,"Encinitas, CA",689,4:14:20,9:42,M 25-29/55,M-26,399,4:14:52,49.12%
546,Jason Ohmstede,"Encinitas, CA",1169,4:14:31,9:43,M 40-44/69,M-40,400,4:15:11,50.29%
547,Bev Steele,"San Diego, CA",1447,4:14:33,9:43,F 45-49/10,F-45,147,4:14:54,59.02%
548,Mark Ledesma,"San Diego, CA",919,4:14:34,9:43,M 25-29/56,M-29,401,4:14:49,49.07%
549,Rj Salus,"San Diego, CA",1332,4:14:44,9:43,M 30-34/54,M-32,402,4:15:19,49.04%
550,Laurent Lebouder,"San Diego, CA",918,4:14:45,9:43,M 40-44/70,M-40,403,4:15:05,50.25%
551,Mikaela Sellner,"Upland, CA",1376,4:14:48,9:44,F 18-24/11,F-24,148,4:15:18,53.15%
552,Daniel Finnegan,"Carlsbad, CA",605,4:14:51,9:44,M 35-39/80,M-37,404,4:15:20,49.22%
553,Stanley Martinez,"Highland Park, IL",1004,4:14:52,9:44,M 40-44/71,M-40,405,4:15:15,50.23%
554,Gary Tillman,"La Jolla, CA",1508,4:14:53,9:44,M 55-59/15,M-55,406,4:15:28,57.28%
555,Noah Russell,"Scottsdale, AZ",1323,4:14:56,9:44,M 30-34/55,M-31,407,4:15:21,49.00%
556,Celso Apuyan,"San Diego, CA",243,4:14:57,9:44,M 50-54/33,M-54,408,4:15:54,56.73%
557,Paula Paul,"Irvine, CA",1202,4:14:58,9:44,F 40-44/29,F-44,149,4:15:29,58.22%
558,Brenda Ford,"San Diego, CA",621,4:14:59,9:44,F 50-54/9,F-52,150,4:15:52,64.37%
559,Heather Saviage,"Gaston, OR",1348,4:15:05,9:44,F 45-49/11,F-49,151,4:15:32,61.89%
560,Curtis Childers,"Escondido, CA",417,4:15:07,9:44,M 45-49/52,M-47,409,4:15:27,53.24%
561,Megan Flodder,"San Diego, CA",615,4:15:08,9:44,F 30-34/22,F-30,152,4:15:31,53.10%
562,Michael Shilling,"Perrineville, NJ",1394,4:15:08,9:44,M 45-49/53,M-48,410,4:15:26,53.70%
563,Kelly Horton,"Lake Oswego, OR",784,4:15:10,9:44,F 45-49/12,F-46,153,4:15:38,59.60%
564,Akihisa Kawai,"Imperial Beach, CA",858,4:15:42,9:46,M 35-39/81,M-35,411,4:16:08,48.86%
565,Kevin Bridges,"Encinitas, CA",346,4:15:52,9:46,M 40-44/72,M-42,412,4:16:12,50.86%
566,Julia Polloreno,"Encinitas, CA",1238,4:15:57,9:46,F 30-34/23,F-30,154,4:16:11,52.93%
567,Dylan Potter,"Portland, OR",1242,4:16:40,9:48,M 18-24/27,M-24,413,4:17:29,48.67%
568,Wesley Sasser,"Newport Beach, CA",1347,4:16:41,9:48,M 25-29/57,M-29,414,4:17:18,48.67%
569,Jon Ross Wilson,"Buffalo, NY",1640,4:16:55,9:48,M 30-34/56,M-30,415,4:17:08,48.62%
570,Carlos Arreola,"San Ysidro, CA",248,4:16:58,9:49,M 30-34/57,M-34,416,4:17:19,48.62%
571,Robert Roach,"Lancaster Park, AB",1285,4:17:03,9:49,M 30-34/58,M-34,417,4:17:21,48.60%
572,Jeff Boyle,"San Diego, CA",342,4:17:04,9:49,M 25-29/58,M-29,418,4:17:27,48.60%
573,Tatiana Westfall,"Chowchilla, CA",1613,4:17:27,9:50,F 18-24/12,F-21,155,4:18:19,52.60%
574,Dave Perey,"Chula Vista, CA",1213,4:17:27,9:50,M 35-39/82,M-39,419,4:17:40,49.31%
575,Christiane Honisch,"La Jolla, CA",779,4:17:35,9:50,F 40-44/30,F-40,156,4:17:50,55.19%
576,Joshua Fluty,"San Diego, CA",618,4:17:38,9:50,M 30-34/59,M-33,420,4:18:05,48.49%
577,Ed Cabanero,"San Diego, CA",370,4:17:43,9:50,M 40-44/73,M-42,421,4:17:57,50.50%
578,Mandy Powell,"Gilbert, AZ",1244,4:17:44,9:50,F 25-29/34,F-28,157,4:18:16,52.54%
579,Brian Burns,"Mammoth Lakes, CA",367,4:18:07,9:51,M 45-49/54,M-47,422,4:18:44,52.62%
580,Raul Martin,"Downey, CA",998,4:18:13,9:51,M 50-54/34,M-53,423,4:19:02,55.50%
581,Doyle Daniel,"Yuma, AZ",496,4:18:33,9:52,M 40-44/74,M-41,424,4:18:56,49.92%
582,Matt Buller,"San Diego, CA",363,4:18:41,9:52,M 25-29/59,M-25,425,4:19:01,48.29%
583,Elijah Barreto,"San Diego, CA",276,4:18:44,9:53,M 25-29/60,M-28,426,4:19:38,48.28%
584,James Macgillivray,"Albquerque, NM",977,4:18:46,9:53,M 65-69/5,M-67,427,4:19:11,63.57%
585,Wendy Gwinner,"Bozeman, MT",713,4:18:50,9:53,F 40-44/31,F-41,158,4:19:21,55.46%
586,C Edward Clemmer,"Nipigon, ON",440,4:18:56,9:53,M 55-59/16,M-57,428,4:19:25,57.46%
587,Kelli Hustead,"St George, UT",802,4:18:58,9:53,F 35-39/32,F-37,159,4:19:28,53.64%
588,Michael Sand,"Torrance, CA",1336,4:19:01,9:53,M 25-29/61,M-28,429,4:19:20,48.23%
589,Nathan Frey,"Seymour, IN",628,4:19:01,9:53,M 30-34/60,M-32,430,4:19:32,48.23%
590,Lambert Timmermans,"Riverside, CA",1509,4:19:20,9:54,M 40-44/75,M-42,431,4:19:47,50.18%
591,Martin Wadley,"Encinitas, CA",1577,4:19:29,9:54,M 40-44/76,M-44,432,4:19:35,51.00%
592,Heidi Swanson,"Carlsbad, CA",1478,4:19:36,9:55,F 30-34/24,F-33,160,4:20:07,52.50%
593,Jon Donigan,"Solana Beach, CA",536,4:19:39,9:55,M 35-39/83,M-38,433,4:20:31,48.55%
594,Jacqueline Kandalaft,"Carlsbad, CA",851,4:19:43,9:55,F 30-34/25,F-34,161,4:20:09,52.66%
595,Tierney Phillips,"San Diego, CA",1230,4:19:56,9:55,F 45-49/13,F-46,162,4:20:31,58.51%
596,Michael Waters,"San Diego, CA",1599,4:19:56,9:55,M 35-39/84,M-37,434,4:20:12,48.25%
597,Siobhan Maher,"San Diego, CA",984,4:20:09,9:56,F 25-29/35,F-27,163,4:20:43,52.06%
598,Tom Greene,"San Diego, CA",693,4:20:15,9:56,M 40-44/77,M-43,435,4:21:19,50.43%
599,Matthew Goldman,"Carlsbad, CA",671,4:20:27,9:56,M 35-39/85,M-37,436,4:21:21,48.16%
600,Mark Klein,"North Hollywood, CA",881,4:20:40,9:57,M 25-29/62,M-25,437,4:21:11,47.93%
601,Johanna Alandt,"Vista, CA",216,4:20:46,9:57,F 50-54/10,F-54,164,4:21:14,64.65%
602,Trasie Phan,"San Diego, CA",1225,4:20:48,9:57,F 30-34/26,F-34,165,4:20:56,52.44%
603,Reuben Spilkin,"Encinitas, CA",1438,4:21:06,9:58,M 35-39/86,M-39,438,4:21:23,48.62%
604,Patrick Jacox,"Aurora, CO",822,4:21:09,9:58,M 18-24/28,M-22,439,4:21:25,47.86%
605,Jenna Strazzulla,"Buffalo, NY",1460,4:21:11,9:58,F 30-34/27,F-31,166,4:21:24,51.93%
606,Kris Ressler,"San Diego, CA",1269,4:21:13,9:58,F 45-49/14,F-46,167,4:21:38,58.22%
607,Adela Doyle,"San Diego, CA",543,4:21:15,9:58,F 35-39/33,F-39,168,4:22:07,53.95%
608,Gary Gray,"San Diego, CA",690,4:21:20,9:59,M 40-44/78,M-40,440,4:21:53,48.98%
609,Christopher Mordy,"San Diego, CA",1091,4:21:26,9:59,M 30-34/61,M-34,441,4:21:42,47.78%
610,Ryan Yates,"Washington, IL",1665,4:21:36,9:59,M 30-34/62,M-33,442,4:21:54,47.75%
611,Eileen Gumpel,"Mission Viejo, CA",708,4:22:20,10:01,F 35-39/34,F-38,169,4:22:45,53.32%
612,Leslie Muench,"Carlsbad, CA",1113,4:22:21,10:01,F 35-39/35,F-36,170,4:23:04,52.63%
613,Juan Sobenes,"Fresno, CA",1425,4:22:33,10:01,M 70-74/1,M-71,443,4:23:01,65.43%
614,Rick Zaugg,"Pasadena, CA",1673,4:22:47,10:02,M 50-54/35,M-50,444,4:23:30,53.08%
615,Elizabeth Welsh,"San Diego, CA",1605,4:22:53,10:02,F 18-24/13,F-22,171,4:23:34,51.52%
616,Julie Schmitz,"Fitchburg, WI",1364,4:23:20,10:03,F 45-49/15,F-45,172,4:24:07,57.05%
617,Son Evans,"Corona, CA",582,4:23:31,10:04,M 40-44/79,M-42,445,4:24:42,49.39%
618,Craig Kishaba,"San Diego, CA",876,4:23:31,10:04,M 45-49/55,M-46,446,4:24:29,51.09%
619,Joanne Levreault,"San Diego, CA",1718,4:23:34,10:04,F 35-39/36,F-37,173,4:24:34,52.70%
620,Tiffany Chin,"Upland, CA",418,4:23:53,10:04,F 18-24/14,F-23,174,4:24:30,51.32%
621,Tania Beaudoin,"Glendora, CA",284,4:24:02,10:05,F 18-24/15,F-23,175,4:24:23,51.29%
622,Kim Lewis,"Broomfield, CO",937,4:24:03,10:05,M 50-54/36,M-54,447,4:24:15,54.78%
623,Suzanne Aldecoa,"Carlsbad, CA",218,4:24:18,10:05,F 35-39/37,F-37,176,4:24:43,52.56%
624,Silverio Rivas,"Rancho Cucamonga, CA",1284,4:24:47,10:06,M 50-54/37,M-51,448,4:25:14,53.15%
625,Min-Seok Chae,"Lynwood, CA",399,4:24:47,10:06,M 50-54/38,M-53,449,4:25:14,54.12%
626,Jean Laroche,"Santa Monica, CA",910,4:24:47,10:06,M 55-59/17,M-56,450,4:25:38,55.67%
627,Melissa Smith,"Cardiff By The Sea, CA",1419,4:24:49,10:06,F 40-44/32,F-40,177,4:25:37,53.68%
628,Aaron Werner,"El Cajon, CA",1606,4:24:55,10:07,M 25-29/63,M-28,451,4:25:19,47.16%
629,Robbie Ladrillono,"San Diego, CA",906,4:24:57,10:07,M 25-29/64,M-29,452,4:25:12,47.15%
630,Ken West,"Eagan, MN",1609,4:24:58,10:07,M 45-49/56,M-48,453,4:25:23,51.71%
631,John Peters,"Santa Monica, CA",1220,4:25:00,10:07,M 35-39/87,M-37,454,4:25:56,47.33%
632,Bonnie Eichenberger,"Bozeman, MT",563,4:25:02,10:07,F 45-49/16,F-45,178,4:25:12,56.69%
633,Ann Engstrom,"Sammamish, WA",578,4:25:10,10:07,F 50-54/11,F-50,179,4:25:38,60.31%
634,Matthew Shaver,"San Diego, CA",1384,4:25:21,10:08,M 40-44/80,M-40,455,4:26:10,48.24%
635,Kay Reynolds,"Deer Park, WA",1275,4:25:24,10:08,F 45-49/17,F-48,180,4:26:12,58.74%
636,Nicole Pederson,"San Diego, CA",1207,4:25:28,10:08,F 25-29/36,F-27,181,4:26:16,51.01%
637,Karin Goncalves,"Seattle, WA",675,4:25:33,10:08,F 40-44/33,F-44,182,4:26:21,55.90%
638,Johannes Dharmawan,"San Diego, CA",525,4:25:42,10:09,M 40-44/81,M-44,456,4:26:51,49.81%
639,Miyoko Houda,"Laguna Hills, CA",786,4:26:05,10:09,F 55-59/4,F-59,183,4:26:56,67.97%
640,Alexander Mason,"Boulder, CO",1009,4:26:08,10:09,M 35-39/88,M-38,457,4:26:49,47.37%
641,Kerri Mason,"Boulder, CO",1011,4:26:08,10:10,F 30-34/28,F-34,184,4:26:49,51.39%
642,Chris Eilertson,"Carlsbad, CA",567,4:26:10,10:10,M 35-39/89,M-37,458,4:27:03,47.12%
643,Randal Lohrenz,"San Diego, CA",954,4:26:13,10:10,M 35-39/90,M-39,459,4:26:34,47.69%
644,Lucas Wakeley,"La Verne, CA",1579,4:26:13,10:10,M 18-24/29,M-21,460,4:26:59,47.14%
645,Mindy Lindo,"San Diego, CA",994,4:26:22,10:10,F 25-29/37,F-29,185,4:27:00,50.84%
646,Taylor McLemore,"Charlotte, NC",1043,4:26:24,10:10,M 18-24/30,M-23,461,4:27:00,46.89%
647,Jeff Price,"Rancho Santa Fe, CA",606,4:26:28,10:10,M 45-49/57,M-49,462,4:27:32,51.87%
648,Janis Bowdler,"Washington, DC",337,4:26:42,10:11,F 30-34/29,F-30,186,4:27:34,50.80%
649,Chris Roberts,"Oceanside, CA",1287,4:26:48,10:11,M 50-54/39,M-50,463,4:27:33,52.28%
650,Daniel Oliver,"Encinitas, CA",1170,4:26:48,10:11,M 70-74/2,M-70,464,4:27:16,63.68%
651,Steven Trudgen,"San Diego, CA",1524,4:26:52,10:11,M 45-49/58,M-48,465,4:27:33,51.34%
652,Sheli Nunes,"Coronado, CA",1155,4:26:52,10:11,F 30-34/30,F-32,187,4:27:29,50.93%
653,William Bachicha,"Rocklin, CA",256,4:26:57,10:11,M 45-49/59,M-45,466,4:27:54,50.01%
654,Christy Bantugan-Bohan,"Encinitas, CA",1689,4:26:59,10:11,F 45-49/18,F-45,188,4:27:33,56.27%
655,Sam Collins,"San Diego, CA",450,4:26:59,10:11,M 30-34/63,M-31,467,4:27:24,46.79%
656,Janet Petersen,"Wilsonville, OR",1221,4:27:05,10:12,F 45-49/19,F-47,189,4:27:34,57.64%
657,Mari Gromkowski,"San Diego, CA",701,4:27:11,10:12,F 18-24/16,F-21,190,4:27:47,50.69%
658,Randy Carlson,"Fallbrook, CA",1693,4:27:16,10:12,M 50-54/40,M-51,468,4:27:51,52.65%
659,Natasha Sandrock,"San Diego, CA",1340,4:27:17,10:12,F 40-44/34,F-40,191,4:28:10,53.19%
660,Lauren Hutchens,"Philadelphia, PA",803,4:27:25,10:12,F 30-34/31,F-32,192,4:27:31,50.82%
661,Jennifer Adams,"Carlsbad, CA",210,4:27:26,10:12,F 18-24/17,F-24,193,4:34:07,50.64%
662,Dean Tan,"Irvine, CA",1490,4:27:37,10:13,M 45-49/60,M-46,469,4:28:09,50.31%
663,Jill Brown,"Dover, DE",352,4:27:37,10:13,F 30-34/32,F-34,194,4:28:37,51.10%
664,Liz Shaw,"Santa Fe, NM",1386,4:27:38,10:13,F 45-49/20,F-49,195,4:28:04,58.99%
665,Karen Laser,"Temecula, CA",912,4:27:51,10:13,F 40-44/35,F-43,196,4:28:27,54.77%
666,Jessica Rarity,"Escondido, CA",1255,4:27:54,10:14,F NoAge/0,F-0,197,4:28:34, 0.00%
667,Meghann Peer,"San Diego, CA",1209,4:27:56,10:14,F 25-29/38,F-29,198,4:28:22,50.54%
668,Mercedes Gonzalez,"Elk Grove, CA",679,4:28:05,10:14,F 25-29/39,F-26,199,4:28:39,50.52%
669,Margaret Stroika,"Oceanside, CA",1463,4:28:08,10:14,F 50-54/12,F-53,200,4:28:40,62.03%
670,Kim Vo,"San Diego, CA",1572,4:28:11,10:14,M 40-44/82,M-43,470,4:28:48,48.94%
671,Tom Decino,"Carlsbad, CA",514,4:28:11,10:14,M 60-64/10,M-60,471,4:28:48,57.12%
672,Siobhan Wilson Gray,"San Diego, CA",1643,4:28:23,10:15,F 30-34/33,F-32,201,4:28:56,50.64%
673,Walter Rodriguez,"La Canada, CA",1294,4:28:24,10:15,M 18-24/31,M-19,472,4:29:11,47.71%
674,Jan Cutler,"Huntington Beach, CA",491,4:28:24,10:15,F 18-24/18,F-20,202,4:29:12,50.49%
675,Lisa Hogan,"Fallbrook, CA",771,4:28:27,10:15,F 35-39/38,F-35,203,4:28:48,51.17%
676,Robyn Powell,"Marietta, GA",1245,4:28:34,10:15,F 40-44/36,F-41,204,4:29:06,53.45%
677,Michele Early,"Long Beach, CA",340,4:28:46,10:16,F 40-44/37,F-43,205,4:29:24,54.58%
678,Thierry Pinguet,"Cardiff By The Sea, CA",1232,4:28:48,10:16,M 35-39/91,M-35,473,4:29:17,46.47%
679,Vanessa Molvik,"Carlsbad, CA",1081,4:28:53,10:16,F 25-29/40,F-26,206,4:29:22,50.36%
680,Tino Martinez,"Encinitas, CA",1704,4:28:54,10:16,M 45-49/61,M-45,474,4:29:21,49.64%
681,Jorge Gamez,"San Diego, CA",641,4:29:06,10:16,M 45-49/62,M-46,475,4:29:34,50.03%
682,Troy Woodard,"Chicago, IL",1655,4:29:22,10:17,M 18-24/32,M-24,476,4:29:39,46.38%
683,Libby Nowak,"Chicago, IL",1153,4:29:22,10:17,F 18-24/19,F-23,207,4:29:39,50.28%
684,Heather McCluskey,"San Diego, CA",1029,4:29:36,10:17,F 25-29/41,F-29,208,4:29:36,50.23%
685,Jose Solano,"San Diego, CA",1426,4:29:36,10:17,M 55-59/18,M-55,477,4:29:47,54.16%
686,Elisa Wiggins,"San Diego, CA",1622,4:29:43,10:18,F 45-49/21,F-45,209,4:30:08,55.70%
687,Jennifer Reed,"Sheridan, WY",1261,4:29:46,10:18,F 30-34/34,F-32,210,4:30:07,50.38%
688,Noreen Beiro,"San Francisco, CA",288,4:29:52,10:18,F 50-54/13,F-51,211,4:30:07,60.03%
689,Molly Kassouf,"Newport Beach, CA",855,4:29:53,10:18,F 35-39/39,F-38,212,4:30:14,51.83%
690,Robin Brown,"San Diego, CA",354,4:30:05,10:19,M 55-59/19,M-57,478,4:31:03,55.09%
691,Jeffrey Mason,"San Diego, CA",1010,4:30:06,10:19,M 35-39/92,M-38,479,4:30:54,46.67%
692,Jay Lee,"Diamond Bar, CA",922,4:30:06,10:19,M 50-54/41,M-51,480,4:30:31,52.10%
693,Laura Chambers,"Valley Center, CA",400,4:30:08,10:19,F 35-39/40,F-38,213,4:30:21,51.78%
694,Saranac Harris,"Carlsbad, CA",747,4:30:37,10:20,F 35-39/41,F-37,214,4:30:56,51.33%
695,Roger Gedminas,"San Diego, CA",652,4:30:44,10:20,M 35-39/93,M-39,481,4:31:51,46.89%
696,Amy Hansen,"San Diego, CA",739,4:30:48,10:20,F 25-29/42,F-29,215,4:31:23,50.01%
697,Kathryn Neff,"Oceanside, CA",1131,4:31:01,10:21,F 18-24/20,F-24,216,4:31:23,49.97%
698,Jim Wetton,"Carlsbad, CA",1614,4:31:02,10:21,M 50-54/42,M-51,482,4:31:26,51.92%
699,Jake Van Den Akker,"San Diego, CA",1541,4:31:24,10:22,M 30-34/64,M-31,483,4:31:24,46.03%
700,Kerry Hoeveler,"La Jolla, CA",769,4:31:44,10:22,F 30-34/35,F-32,217,4:32:27,50.02%
701,Karen Bloch,"San Diego, CA",316,4:31:47,10:22,F 25-29/43,F-28,218,4:32:27,49.83%
702,Deirdre Bogan,"Oceanside, CA",323,4:32:18,10:24,F 50-54/14,F-52,219,4:33:08,60.27%
703,Karrie McGuigan,"San Marcos, CA",1039,4:32:20,10:24,F 40-44/38,F-44,220,4:33:08,54.51%
704,Amy Allan,"Encinitas, CA",223,4:32:20,10:24,F 35-39/42,F-39,221,4:32:48,51.75%
705,John Kelly,"Carlsbad, CA",865,4:32:24,10:24,M 45-49/63,M-45,484,4:32:38,49.01%
706,Deanne Reeder,"Sebastopol, CA",1262,4:32:53,10:25,F 35-39/43,F-37,222,4:33:14,50.90%
707,Colleen Ryan,"San Diego, CA",1328,4:32:54,10:25,F 30-34/36,F-30,223,4:33:30,49.64%
708,Larry Bodenhamer,"San Diego, CA",320,4:32:55,10:25,M 55-59/20,M-58,485,4:33:37,55.04%
709,Raymond Morales,"Pasadena, CA",1089,4:33:00,10:25,M 35-39/94,M-37,486,4:33:35,45.94%
710,Mark Becker,"Hermosa Beach, CA",287,4:33:08,10:26,M 45-49/64,M-48,487,4:33:46,50.16%
711,Meridith Kho,"West Vancouver, BC",867,4:33:21,10:26,F 45-49/22,F-46,224,4:34:09,55.63%
712,Al Perez,"San Diego, CA",1214,4:33:21,10:26,M 45-49/65,M-48,488,4:34:14,50.12%
713,Kirsten Clemons,"San Diego, CA",441,4:33:22,10:26,F 30-34/37,F-32,225,4:34:13,49.72%
714,Jeff Coon,"Coronado, CA",464,4:33:23,10:26,M 50-54/43,M-51,489,4:34:13,51.48%
715,Karthikeyan Rajendran,"San Diego, CA",1253,4:33:26,10:26,M 30-34/65,M-30,490,4:33:57,45.69%
716,Deo Jaravata,"Granada Hills, CA",827,4:33:33,10:26,M 40-44/83,M-43,491,4:34:23,47.98%
717,Lisa Stoeffler,"Bozeman, MT",1455,4:33:36,10:27,F 40-44/39,F-44,226,4:34:06,54.26%
718,Eileen Garcia,"Modesto, CA",645,4:33:37,10:27,F 40-44/40,F-44,227,4:34:17,54.25%
719,Vickie Chu-Hermis,"Modesto, CA",427,4:33:37,10:27,F 40-44/41,F-40,228,4:34:17,51.96%
720,Jay Kadowaki,"San Diego, CA",846,4:33:38,10:27,M 45-49/66,M-45,492,4:34:05,48.78%
721,Marianne Bulaong,"San Bruno, CA",362,4:33:41,10:27,F 30-34/38,F-30,229,4:33:55,49.50%
722,Jakob Herrmann,"Anaheim, CA",762,4:33:41,10:27,M 35-39/95,M-37,493,4:34:41,45.83%
723,Gina Carpenter,"Temecula, CA",201,4:33:42,10:27,F 30-34/39,F-33,230,4:34:05,49.80%
724,Mara Paul,"Aliso Viejo, CA",1201,4:34:01,10:28,F 45-49/23,F-46,231,4:34:59,55.50%
725,Julia Martony,"Santa Barbara, CA",1006,4:34:15,10:28,F 30-34/40,F-34,232,4:35:14,49.87%
726,Despina Froumis,"San Diego, CA",633,4:34:21,10:28,F 25-29/44,F-29,233,4:35:02,49.36%
727,Paul Durr,"El Cajon, CA",552,4:34:23,10:28,M 40-44/84,M-44,494,4:35:22,48.23%
728,Sue Demko,"San Diego, CA",518,4:34:24,10:28,F 40-44/42,F-41,234,4:35:22,52.31%
729,Shawn Ringo,"Moscow, ID",1280,4:34:39,10:29,M 40-44/85,M-40,495,4:34:46,46.61%
730,Gus Villalba,"Rancho Santa Fe, CA",1568,4:34:43,10:29,M 45-49/67,M-49,496,4:35:36,50.32%
731,Erin Reasoner,"Ladera Ranch, CA",1259,4:34:49,10:29,F 30-34/41,F-34,235,4:35:47,49.76%
732,Ryan Fleming,"Vista, CA",613,4:35:28,10:31,M 25-29/65,M-27,497,4:36:34,45.35%
733,Ramona Lee,"Long Beach, CA",923,4:35:46,10:32,F 45-49/24,F-47,236,4:35:46,55.83%
734,Kristy Lawrie,"Atlanta, GA",915,4:35:48,10:32,F 25-29/45,F-25,237,4:36:24,49.10%
735,Kenneth Stephens,"Fort Worth, TX",1450,4:35:49,10:32,M 35-39/96,M-35,498,4:36:40,45.29%
736,Robert Danner,"San Diego, CA",497,4:36:19,10:33,M 25-29/66,M-29,499,4:36:47,45.21%
737,Tracy Borin,"San Diego, CA",330,4:36:23,10:33,F 45-49/25,F-47,238,4:37:14,55.70%
738,Michael Urbach,"Cardiff, CA",1536,4:36:24,10:33,M 50-54/44,M-51,500,4:36:59,50.91%
739,Shawn Zausch,"Fair Oaks, CA",1674,4:36:25,10:33,M 45-49/68,M-45,501,4:36:54,48.29%
740,Christy Bartlett,"San Diego, CA",278,4:36:25,10:33,F 35-39/44,F-35,239,4:36:59,49.69%
741,Mika Marquart,"Santa Monica, CA",1717,4:36:31,10:33,F 18-24/21,F-23,240,4:36:51,48.98%
742,Greg Dowell,"Carlsbad, CA",540,4:36:40,10:34,M 55-59/21,M-55,502,4:37:28,52.77%
743,Sean Og Mullan,"Vista, CA",1115,4:36:54,10:34,M 18-24/33,M-23,503,4:37:16,45.12%
744,Whitney Vickers,"Carlsbad, CA",1564,4:37:04,10:35,F 30-34/42,F-32,241,4:37:49,49.05%
745,Chris Shumate,"Carlsbad, CA",1399,4:37:35,10:36,M 45-49/69,M-46,504,4:38:06,48.50%
746,David Ortega,"Chula Vista, CA",1176,4:37:35,10:36,M 50-54/45,M-51,505,4:38:31,50.70%
747,Valerie Goodin,"Menifee, CA",681,4:38:02,10:37,F 45-49/26,F-45,242,4:38:32,54.04%
748,Correy Geno,"Oceanside, CA",654,4:38:07,10:37,M 30-34/66,M-33,506,4:38:41,44.92%
749,Kevin Emmert,"Carlsbad, CA",576,4:38:18,10:37,M 30-34/67,M-30,507,4:39:01,44.89%
750,Elizabeth Schmies,"Venice, CA",1361,4:38:28,10:38,F 25-29/46,F-28,243,4:38:50,48.63%
751,Nathan Schmies,"Venice, CA",1362,4:38:28,10:38,M 30-34/68,M-30,508,4:38:50,44.86%
752,Eric Green,"Temecula, CA",691,4:38:38,10:38,M 30-34/69,M-33,509,4:39:03,44.83%
753,Ingrid Hughes,"Long Beach, CA",792,4:39:08,10:39,F 35-39/45,F-37,244,4:39:45,49.76%
754,Bill Miller,"Del Mar, CA",1065,4:39:09,10:39,M 40-44/86,M-43,510,4:39:59,47.01%
755,Shannon Peck,"San Diego, CA",1206,4:39:26,10:40,F 40-44/43,F-40,245,4:39:54,50.87%
756,Tiffany Brenner,"San Diego, CA",1691,4:39:27,10:40,F 35-39/46,F-35,246,4:40:18,49.15%
757,Roxanne Fulton,"San Diego, CA",637,4:39:33,10:40,F 35-39/47,F-37,247,4:40:25,49.69%
758,Brit Swanson,"San Diego, CA",1477,4:39:46,10:41,M 25-29/67,M-27,511,4:40:31,44.65%
759,Elyse Taylor,"Oceanside, CA",1497,4:39:48,10:41,F 25-29/47,F-27,248,4:40:09,48.40%
760,William Scott,"Long Beach, CA",1422,4:39:55,10:41,M 55-59/22,M-58,512,4:40:53,53.67%
761,James Hutchison,"Calgary, AB",804,4:40:01,10:41,M 65-69/6,M-68,513,4:40:25,59.38%
762,Gary Clancy,"Santa Barbara, CA",432,4:40:10,10:42,M 60-64/11,M-63,514,4:40:39,56.33%
763,Rachel Toberman,"Saint Paul, MN",1510,4:40:14,10:42,F 25-29/48,F-27,249,4:40:54,48.33%
764,Michael Taylor,"Oceanside, CA",1499,4:40:15,10:42,M 25-29/68,M-27,515,4:40:15,44.58%
765,Sheryl Bode,"Encinitas, CA",318,4:40:40,10:43,F 40-44/44,F-41,250,4:40:47,51.14%
766,John Backman,"Encinitas, CA",257,4:40:50,10:43,M 60-64/12,M-62,516,4:40:55,55.64%
767,Michael Becker,"Chula Vista, CA",920,4:41:00,10:44,M 45-49/70,M-49,517,4:41:35,49.19%
768,Erika Ellis,"Encinitas, CA",574,4:41:16,10:44,F 35-39/48,F-39,251,4:41:42,50.11%
769,Ray Kinne,"San Diego, CA",875,4:41:19,10:44,M 45-49/71,M-45,518,4:42:16,47.45%
770,Desi Klaar,"Lakeside, CA",879,4:41:27,10:45,F 40-44/45,F-42,252,4:42:04,51.53%
771,Koko Cattran,"San Diego, CA",393,4:41:30,10:45,F 50-54/15,F-54,253,4:42:22,59.89%
772,Diane Fidler,"Chicago, IL",602,4:41:34,10:45,F 35-39/49,F-39,254,4:42:36,50.06%
773,Ronen Habot,"San Diego, CA",717,4:41:34,10:45,M 35-39/97,M-39,519,4:42:06,45.09%
774,Timothy Mudd,"San Diego, CA",1112,4:41:35,10:45,M 30-34/70,M-30,520,4:42:24,44.36%
775,Christopher White,"Fpo, AP",1617,4:41:40,10:45,M 40-44/87,M-44,521,4:42:00,46.99%
776,Marisela Santiesteban,"Chula Vista, CA",1342,4:41:41,10:45,F 25-29/49,F-29,255,4:42:07,48.08%
777,Kristen Hines,"Arlington, VA",766,4:41:43,10:45,F 25-29/50,F-27,256,4:42:28,48.07%
778,Matt Clements,"San Diego, CA",439,4:42:00,10:46,M 40-44/88,M-44,522,4:42:34,46.93%
779,Phil Williams,"Dana Point, CA",1630,4:42:15,10:46,M 60-64/13,M-64,523,4:43:15,56.49%
780,Mark Keeney,"San Diego, CA",859,4:42:20,10:47,M 40-44/89,M-44,524,4:43:14,46.87%
781,Brian Wilson,"Arlington, VA",1636,4:42:28,10:47,M 35-39/98,M-35,525,4:42:28,44.23%
782,Yukiko Uchida,"San Diego, CA",1531,4:42:36,10:47,F 25-29/51,F-25,257,4:42:46,47.92%
783,Fumie Miyashita,"Irvine, CA",1075,4:42:49,10:48,F 40-44/46,F-43,258,4:43:28,51.87%
784,Gary Gardner,"Whittier, CA",647,4:42:51,10:48,M 50-54/46,M-54,526,4:43:28,51.14%
785,Larry McDaniel,"San Diego, CA",1032,4:43:26,10:49,M 60-64/14,M-62,527,4:44:02,55.13%
786,Heather Wuebker,"Aliso Viejo, CA",1660,4:43:28,10:49,F 25-29/52,F-27,259,4:43:59,47.77%
787,Bernard Bayer,"San Diego, CA",281,4:43:47,10:50,M 25-29/69,M-28,528,4:44:29,44.02%
788,Candace Hodges,"Escondido, CA",767,4:43:50,10:50,F 45-49/27,F-46,260,4:44:49,53.58%
789,Tracey Vansteenhouse,"San Diego, CA",1551,4:43:59,10:50,F 35-39/50,F-35,261,4:44:42,48.37%
790,Christine Taitano,"Murrieta, CA",1485,4:44:12,10:51,F 40-44/47,F-43,262,4:44:48,51.62%
791,Debra Nameth,"Temecula, CA",1127,4:44:14,10:51,F 40-44/48,F-43,263,4:45:01,51.61%
792,Abigail Atamian,"San Diego, CA",251,4:44:19,10:51,F 30-34/43,F-30,264,4:45:00,47.65%
793,Sandra Taylor,"Escondido, CA",1500,4:44:20,10:51,F 30-34/44,F-30,265,4:44:58,47.65%
794,Lisa Henderson,"Costa Mesa, CA",754,4:44:21,10:51,F 35-39/51,F-39,266,4:45:01,49.57%
795,Debbie-Ann Paterson,"Murrieta, CA",1196,4:44:21,10:51,F 35-39/52,F-39,267,4:44:41,49.57%
796,Thaniel Noles,"San Diego, CA",1147,4:44:24,10:51,M 40-44/90,M-41,529,4:44:39,45.38%
797,Joyce Merritt,"Lake City, IA",1059,4:44:27,10:51,F 50-54/16,F-50,268,4:45:04,56.22%
798,Pablo Roncoroni,"San Diego, CA",1302,4:44:41,10:52,M 40-44/91,M-42,530,4:45:52,45.71%
799,Justin Hurley,"Fresno, CA",801,4:44:45,10:52,M 25-29/70,M-25,531,4:45:45,43.87%
800,Steve Gonzales,"Riverside, CA",1699,4:45:14,10:53,M 18-24/34,M-24,532,4:45:52,43.80%
801,Thomas Cotterell,"San Diego, CA",467,4:45:15,10:53,M 25-29/71,M-25,533,4:45:31,43.79%
802,Sean Rogers,"San Diego, CA",1297,4:45:16,10:53,M 25-29/72,M-29,534,4:45:47,43.79%
803,Bill Anderson,"San Diego, CA",232,4:45:17,10:53,M 35-39/99,M-35,535,4:45:47,43.79%
804,Lorie Meglio,"Murrieta, CA",1048,4:45:22,10:54,F 45-49/28,F-47,269,4:45:58,53.95%
805,Luke Lauer,"Oceanside, CA",914,4:45:26,10:54,M 30-34/71,M-34,536,4:45:51,43.77%
806,Ryan Jacobs,"Oceanside, CA",820,4:45:52,10:55,M 30-34/72,M-34,537,4:46:05,43.70%
807,Steven Greene,"San Diego, CA",692,4:46:00,10:55,M 55-59/23,M-59,538,4:46:31,53.03%
808,Nerel Winter,"Carlsbad, CA",1645,4:46:14,10:55,M 18-24/35,M-19,539,4:46:23,44.74%
809,Issie Pelc,"Thornhill, ON",1210,4:46:20,10:56,M 55-59/24,M-58,540,4:46:38,52.47%
810,Danielle Godon,"Wilbraham, MA",669,4:46:28,10:56,F 18-24/22,F-23,270,4:47:23,47.27%
811,Gurcharan Gill,"Clovis, CA",661,4:46:40,10:57,M 55-59/25,M-55,541,4:47:35,50.93%
812,Michelle Walters,"Boulder City, NV",1588,4:46:41,10:57,F 40-44/49,F-42,271,4:47:32,50.59%
813,Randy Wong,"Covina, CA",1653,4:47:05,10:57,M 40-44/92,M-42,542,4:48:08,45.33%
814,Rick Tambio,"Ramona, CA",1489,4:47:23,10:58,M 50-54/47,M-53,543,4:48:05,49.87%
815,Wendy Melleby,"Alta Loma, CA",1053,4:47:33,10:59,F 30-34/45,F-32,272,4:48:39,47.26%
816,Tracy Kulbin,"Redlands, CA",900,4:47:33,10:59,F 35-39/53,F-36,273,4:48:38,48.02%
817,Oliver Seitz,"79244  Mstertal, ",1375,4:48:09,11:00,M 45-49/72,M-46,544,4:48:43,46.73%
818,Pattie Keller,"Escondido, CA",863,4:48:19,11:00,F 45-49/29,F-48,274,4:48:59,54.07%
819,Steve Compton,"Hemet, CA",454,4:48:34,11:01,M 55-59/26,M-57,545,4:48:53,51.56%
820,Steve Batutis,"San Marcos, CA",279,4:48:37,11:01,M 50-54/48,M-52,546,4:49:33,49.20%
821,Aloysius Casey,"Redlands, CA",389,4:48:42,11:01,M 75-79/1,M-76,547,4:49:29,63.95%
822,Levi Hunt,"Oakland, CA",796,4:48:50,11:01,M 30-34/73,M-30,548,4:49:54,43.25%
823,Doug Black,"Santa Barbara, CA",310,4:48:57,11:02,M 50-54/49,M-51,549,4:49:53,48.70%
824,Victoria Wehrley,"Cardiff By The Sea, CA",1601,4:49:25,11:03,F 50-54/17,F-52,275,4:50:10,56.71%
825,Joanne Fagnani,"San Diego, CA",586,4:50:20,11:05,F 55-59/5,F-59,276,4:51:00,62.29%
826,Kelli Steinke,"Ballwin, MO",1449,4:50:25,11:05,F 18-24/23,F-23,277,4:51:05,46.63%
827,Lindsey Howard,"Ballwin, MO",788,4:50:25,11:05,F 18-24/24,F-23,278,4:51:05,46.63%
828,Satchid Taylor,"San Diego, CA",1501,4:50:43,11:06,F 35-39/54,F-37,279,4:51:26,47.78%
829,Amy Comalli,"San Diego, CA",452,4:50:45,11:06,F 30-34/46,F-33,280,4:51:17,46.88%
830,Cindy Syrett,"Hemet, CA",1484,4:50:45,11:06,F 35-39/55,F-37,281,4:51:17,47.78%
831,Rustom Jamadar,"San Diego, CA",824,4:52:04,11:09,M 55-59/27,M-58,550,4:52:57,51.44%
832,Fred Yeilding,"San Clemente, CA",1666,4:52:07,11:09,M 25-29/73,M-25,551,5:02:55,42.77%
833,Richard Currier,"El Cajon, CA",489,4:52:08,11:09,M 60-64/15,M-62,552,4:52:33,53.49%
834,Louise Yeilding,"San Clemente, CA",1667,4:52:08,11:09,F 55-59/6,F-58,282,5:02:55,61.02%
835,Tod Reeder,"San Diego, CA",1263,4:52:08,11:09,M 45-49/73,M-45,553,4:52:32,45.70%
836,Amado Pastor,"Chula Vista, CA",1195,4:52:13,11:09,M 60-64/16,M-61,554,4:52:47,52.94%
837,Tracy Nackel,"Encinitas, CA",1125,4:52:14,11:09,F NoAge/0,F-0,283,4:52:40, 0.00%
838,Sven Wiesrecker,"Denzlingen, ",1621,4:52:39,11:10,M 40-44/93,M-44,555,4:53:12,45.22%
839,Hung Vu,"Campbell, CA",1575,4:52:56,11:11,M 50-54/50,M-50,556,4:53:42,47.61%
840,Morgan Christian,"San Diego, CA",425,4:53:01,11:11,M 30-34/74,M-33,557,4:54:06,42.63%
841,Lynda Farr,"Haymarket, VA",589,4:53:01,11:11,F 50-54/18,F-54,284,4:53:48,57.54%
842,Johan Otter,"Escondido, CA",1182,4:53:03,11:11,M 45-49/74,M-47,558,4:53:13,46.35%
843,David Mayer,"Apex, NC",1021,4:53:16,11:12,M 45-49/75,M-48,559,4:53:56,46.72%
844,Melvin Russell,"San Marcos, CA",1322,4:53:17,11:12,M 40-44/94,M-40,560,4:53:41,43.65%
845,Hector Martinez,"Whittier, CA",1003,4:53:17,11:12,M 35-39/100,M-38,561,4:53:31,42.98%
846,Robert Winters,"Alhambra, CA",1646,4:53:40,11:13,M 45-49/76,M-45,562,4:53:57,45.46%
847,Frank Tobin,"San Diego, CA",1708,4:53:49,11:13,M 40-44/95,M-42,563,4:54:28,44.29%
848,Michael Alfred,"La Jolla, CA",221,4:53:50,11:13,M 25-29/74,M-27,564,4:54:15,42.52%
849,Edward Alfred,"San Diego, CA",220,4:53:50,11:13,M 18-24/36,M-19,565,4:54:15,43.58%
850,Wayne Hanawalt,"Bodfish, CA",737,4:53:50,11:13,M 45-49/77,M-47,566,4:53:50,46.22%
851,Manuel Lazaro,"San Diego, CA",916,4:53:54,11:13,M 35-39/101,M-37,567,4:54:45,42.68%
852,Scott Retzak,"San Diego, CA",1270,4:53:57,11:13,M 50-54/51,M-54,568,4:54:31,49.21%
853,Chris Haines,"Trabuco Canyon, CA",722,4:54:08,11:14,M 50-54/52,M-50,569,4:55:17,47.42%
854,Mark Klausner,"San Diego, CA",880,4:54:20,11:14,M 35-39/102,M-36,570,4:54:58,42.49%
855,Christie Troutt,"Santa Monica, CA",1523,4:54:31,11:14,F 35-39/56,F-35,285,4:55:11,46.64%
856,Philip Lorang,"Raleigh, NC",958,4:54:36,11:15,M 50-54/53,M-54,571,4:55:23,49.10%
857,David Dacio,"San Diego, CA",493,4:54:40,11:15,M 35-39/103,M-38,572,4:55:31,42.78%
858,Sandy Marlin,"Ramona, CA",993,4:54:49,11:15,F 45-49/30,F-46,286,4:55:27,51.58%
859,Debby Graham,"Spokane, WA",687,4:54:49,11:15,F 50-54/19,F-54,287,4:55:38,57.19%
860,Tiffany Yano,"Vista, CA",1231,4:54:49,11:15,F 30-34/47,F-32,288,4:55:36,46.10%
861,Michelle Echelberry,"Tustin, CA",558,4:54:51,11:15,F 40-44/50,F-43,289,4:55:29,49.75%
862,George Sunderland,"Wanship, UT",1470,4:54:51,11:15,M 50-54/54,M-53,573,4:55:47,48.60%
863,Susie Durr,"Draper, UT",553,4:54:51,11:15,F 55-59/7,F-57,290,4:55:47,59.60%
864,Steven Jones,"San Diego, CA",842,4:55:00,11:16,M 40-44/96,M-44,574,4:55:49,44.86%
865,Rudy Montoya,"Corona, CA",1085,4:55:04,11:16,M 40-44/97,M-43,575,4:55:10,44.48%
866,Ferdinand Scholz,"Santee, CA",1367,4:55:06,11:16,M 45-49/78,M-49,576,4:56:04,46.84%
867,Taylor Simpson,"Mountain View, CA",1404,4:55:11,11:16,F 25-29/53,F-28,291,4:55:45,45.88%
868,Russell Davison,"Vista, CA",510,4:55:17,11:16,M 50-54/55,M-51,577,4:55:51,47.66%
869,Joseph Taricani,"Southlake, TX",207,4:55:45,11:17,M 50-54/56,M-50,578,4:55:52,47.16%
870,Amy Spriggle,"La Crosse, WI",1441,4:55:50,11:17,F 30-34/48,F-34,292,4:56:22,46.23%
871,Gregory Joslyn,"Newport Beach, CA",844,4:56:04,11:18,M 55-59/28,M-55,579,4:56:11,49.32%
872,Alfonso Gomez,"Santee, CA",674,4:56:09,11:18,M 40-44/98,M-42,580,4:56:32,43.94%
873,Cary Malazarte,"San Diego, CA",988,4:56:20,11:19,M 35-39/104,M-37,581,4:57:14,42.33%
874,Greg Fitzgerald,"Solana Beach, CA",609,4:56:30,11:19,M 25-29/75,M-27,582,4:56:46,42.13%
875,Jennifer Johnson,"La Mesa, CA",835,4:56:30,11:19,F 40-44/51,F-40,293,4:57:20,47.95%
876,Dan Levinson,"Solana Beach, CA",934,4:56:42,11:19,M 40-44/99,M-42,583,4:57:30,43.86%
877,Leigh Fitzgerald,"San Diego, CA",610,4:56:42,11:19,F 30-34/49,F-31,294,4:57:30,45.72%
878,James Ealer,"Hood River, OR",556,4:56:45,11:20,M 35-39/105,M-39,584,4:57:47,42.78%
879,Laine Potter,"San Diego, CA",1243,4:56:47,11:20,F 18-24/25,F-22,295,4:57:36,45.63%
880,John Sarti,"Valencia, CA",1345,4:56:47,11:20,M 45-49/79,M-46,585,4:57:43,45.37%
881,Teresa Lambert,"Encinitas, CA",908,4:56:52,11:20,F 50-54/20,F-50,296,4:57:39,53.87%
882,Julie Puraty,"Bellflower, CA",1248,4:56:58,11:20,F 55-59/8,F-55,297,4:57:37,57.55%
883,Tracy Reynolds,"Deer Park, WA",1276,4:57:05,11:20,F 25-29/54,F-27,298,4:57:53,45.58%
884,Anthony Spears,"Jermyn, PA",1433,4:57:06,11:20,M 35-39/106,M-38,586,4:57:41,42.43%
885,Jennifer Godfrey,"Escondido, CA",666,4:57:07,11:20,F 30-34/50,F-32,299,4:57:47,45.74%
886,Carla Anderson,"San Diego, CA",233,4:57:17,11:21,F 35-39/57,F-37,300,4:57:42,46.73%
887,Jean Cordalis,"Carmichael, CA",1694,4:57:20,11:21,F 50-54/21,F-50,301,4:58:05,53.78%
888,Michael Costa,"Rio Linda, CA",466,4:57:23,11:21,M 35-39/107,M-39,587,4:57:51,42.69%
889,Barry McLeod,"Oceanside, CA",1045,4:57:28,11:21,M 25-29/76,M-27,588,4:57:28,42.00%
890,Louis Mo,"La Crescenta, CA",1076,4:57:31,11:21,M 45-49/80,M-45,589,4:57:51,44.87%
891,Marilyn Pyke,"Graham, WA",1251,4:57:55,11:22,F 45-49/31,F-47,302,4:58:07,51.68%
892,Jacqueline Craddock,"San Diego, CA",476,4:57:55,11:22,F 35-39/58,F-36,303,4:58:38,46.35%
893,Sandra Grow,"Santee, CA",705,4:58:00,11:22,F 40-44/52,F-42,304,4:58:54,48.67%
894,Ghia Patton,"Alta Loma, CA",1200,4:58:08,11:23,F 40-44/53,F-43,305,4:58:37,49.20%
895,Robert Walton,"Santa Ana, CA",1589,4:58:31,11:24,M 50-54/57,M-52,590,4:59:10,47.57%
896,Robert Wheeler,"El Cajon, CA",1616,4:58:48,11:24,M 40-44/100,M-43,591,4:59:19,43.92%
897,Anne Kuo,"Chino Hills, CA",902,4:58:59,11:25,F 25-29/55,F-28,306,4:59:30,45.29%
898,Steve Floyd,"San Marcos, CA",617,4:59:18,11:25,M 35-39/108,M-39,592,4:59:42,42.42%
899,James McCann,"Fullerton, CA",1026,4:59:21,11:26,M 55-59/29,M-59,593,4:59:21,50.67%
900,Sheri Epps,"Vista, CA",579,4:59:23,11:26,F 45-49/32,F-47,307,4:59:59,51.43%
901,Jacquie Wilson,"Walnut Creek, CA",1639,4:59:28,11:26,F 25-29/56,F-26,308,5:00:20,45.22%
902,Emil Cheng,"Diamond Bar, CA",415,4:59:49,11:27,M 30-34/75,M-34,594,5:00:18,41.67%
903,Jennifer Robinson,"Oceanside, CA",1288,5:00:12,11:27,F 25-29/57,F-25,309,5:00:55,45.11%
904,Jennifer Johnson,"Encinitas, CA",834,5:00:28,11:28,F 25-29/58,F-27,310,5:01:06,45.07%
905,Catherine Kagen,"San Diego, CA",847,5:00:33,11:28,F 40-44/54,F-42,311,5:01:15,48.26%
906,Suzanne Holbrook,"Salt Lake City, UT",773,5:00:49,11:29,F 45-49/33,F-45,312,5:01:42,49.94%
907,Anmarie Crook,"La Mesa, CA",483,5:00:49,11:29,F 35-39/59,F-37,313,5:01:44,46.18%
908,Lisa Doring,"Oceanside, CA",538,5:00:59,11:29,F 30-34/51,F-32,314,5:01:56,45.15%
909,Dawn Levine,"Vista, CA",1685,5:01:29,11:30,F 45-49/34,F-46,315,5:02:26,50.44%
910,Dennis Ramirez,"San Diego, CA",1254,5:01:37,11:31,M 40-44/101,M-43,595,5:02:43,43.51%
911,Marianne Ellis,"Santa Cruz, CA",575,5:01:39,11:31,F 55-59/9,F-56,316,5:02:24,57.45%
912,Cari Bacon,"Oceanside, CA",259,5:02:18,11:32,F 30-34/52,F-30,317,5:03:24,44.81%
913,Bob Bacon,"Oceanside, CA",258,5:02:20,11:32,M 55-59/30,M-57,596,5:03:26,49.21%
914,Sara Croft,"Long Beach, CA",482,5:02:29,11:33,F 40-44/55,F-43,318,5:03:19,48.50%
915,Vanessa Burnett,"Glendale, CA",366,5:02:54,11:34,F 25-29/59,F-25,319,5:03:32,44.71%
916,Kelli Christian,"Tigard, OR",424,5:03:03,11:34,F 30-34/53,F-31,320,5:03:31,44.76%
917,Ryan Alfred,"La Jolla, CA",222,5:03:54,11:36,M 25-29/77,M-25,597,5:04:35,41.11%
918,Charles Deckert,"San Diego, CA",515,5:04:04,11:36,M 50-54/58,M-50,598,5:05:10,45.87%
919,Robin Stevens,"Felton, CA",1451,5:04:20,11:37,F 50-54/22,F-50,321,5:05:05,52.54%
920,Kara Dean,"Carlsbad, CA",513,5:04:23,11:37,F 30-34/54,F-32,322,5:04:59,44.65%
921,Michael Gainey,"Ramona, CA",639,5:05:04,11:39,M 30-34/76,M-31,599,5:05:04,40.95%
922,Chris Irwin,"Shiloh, GA",817,5:05:30,11:40,M 50-54/59,M-50,600,5:06:10,45.65%
923,Carly Shankman,"San Diego, CA",1381,5:05:42,11:40,F 18-24/26,F-23,323,5:06:37,44.30%
924,Glenn Joiner,"Fallbrook, CA",839,5:05:45,11:40,M 50-54/60,M-52,601,5:06:30,46.45%
925,Henry Hall,"San Diego, CA",730,5:05:54,11:41,M 45-49/81,M-49,602,5:06:24,45.19%
926,Kok-Fai Kong,"San Diego, CA",885,5:06:47,11:43,M 30-34/77,M-32,603,5:07:39,40.72%
927,Anjan Raymond-Bhatt,"Calgary, AB",1258,5:06:53,11:43,M 35-39/109,M-38,604,5:08:03,41.08%
928,Jessi Sykes,"Del Mar, CA",1483,5:07:23,11:44,F 18-24/27,F-21,324,5:07:59,44.06%
929,Gloria Chiu,"Vista, CA",892,5:07:35,11:44,F 25-29/60,F-26,325,5:08:32,44.03%
930,Ron Mahoney,"Vista, CA",985,5:07:59,11:45,M 40-44/102,M-42,605,5:08:35,42.26%
931,Walter Grubb,"San Diego, CA",706,5:08:06,11:46,M 30-34/78,M-32,606,5:08:49,40.55%
932,Andre Yarbrough,"Oceanside, CA",1662,5:08:23,11:46,M 35-39/110,M-38,607,5:09:06,40.88%
933,Megan King,"San Diego, CA",873,5:08:35,11:47,F 25-29/61,F-27,326,5:09:10,43.89%
934,Victoria Ahumada,"Carlsbad, CA",213,5:08:40,11:47,F 60-64/1,F-60,327,5:09:06,59.47%
935,Alvan Cheng,"Vista, CA",414,5:08:53,11:47,M 01-17/4,M-16,608,5:08:54,43.37%
936,Nicol Vrzich,"El Cajon, CA",1574,5:09:02,11:48,F 35-39/60,F-38,328,5:09:59,45.26%
937,Joseph Reilly,"Orange, CA",1266,5:09:16,11:48,M 65-69/7,M-65,609,5:10:05,52.09%
938,Amy Chandler,"El Cajon, CA",406,5:09:36,11:49,F 50-54/23,F-54,329,5:10:24,54.45%
939,Mark Kassab,"San Diego, CA",854,5:09:37,11:49,M 45-49/82,M-49,610,5:10:24,44.64%
940,Rami Indudhara,"Carlsbad, CA",808,5:10:00,11:50,M 45-49/83,M-49,611,5:10:13,44.59%
941,Ed Payne,"Lawrence, KS",1204,5:10:08,11:50,M 60-64/17,M-60,612,5:10:30,49.40%
942,Leo Surprenant,"Los Angeles, CA",1472,5:10:15,11:50,M 40-44/103,M-41,613,5:10:16,41.60%
943,Eric Smith,"Victoria, BC",1416,5:10:29,11:51,M 35-39/111,M-39,614,5:10:30,40.89%
944,Molly Cook,"San Diego, CA",463,5:10:31,11:51,F 35-39/61,F-39,330,5:11:30,45.39%
945,Mark Chomut,"Newton, NJ",421,5:11:06,11:52,M 65-69/8,M-65,615,5:11:58,51.79%
946,Amanda Lockhart,"San Diego, CA",952,5:11:39,11:54,F 30-34/55,F-32,331,5:12:40,43.61%
947,Dianne Area,"Santa Ana, CA",244,5:11:39,11:54,F 45-49/35,F-49,332,5:12:41,50.66%
948,Linda Hayes,"Reno, NV",752,5:11:40,11:54,F 45-49/36,F-48,333,5:12:26,50.02%
949,Talmage Kuhl,"San Diego, CA",898,5:12:14,11:55,M 30-34/79,M-34,616,5:12:53,40.01%
950,Kevin Maher,"Salinas, CA",982,5:12:19,11:55,M 55-59/31,M-55,617,5:12:49,46.75%
951,Kazuhiko Fujiyama,"Gardena, CA",636,5:12:29,11:56,M 35-39/112,M-35,618,5:13:12,39.98%
952,Robin Chriss,"Carlsbad, CA",422,5:13:38,11:58,F 55-59/10,F-55,334,5:14:27,54.49%
953,Michael Godfrey,"Carlsbad, CA",667,5:13:38,11:58,M 45-49/84,M-46,619,5:14:21,42.93%
954,Michael Bower,"Albany, CA",339,5:14:10,11:59,M 55-59/32,M-56,620,5:14:59,46.91%
955,Jonas Castillo,"San Diego, CA",392,5:14:39,12:01,M 30-34/80,M-34,621,5:15:49,39.70%
956,Nicole Clancy,"Santa Barbara, CA",434,5:14:47,12:01,F 35-39/62,F-36,335,5:15:18,43.86%
957,Karen Roque,"San Diego, CA",1303,5:15:41,12:03,F 25-29/62,F-29,336,5:16:37,42.90%
958,Breeann Montes,"San Marcos, CA",1082,5:15:42,12:03,F 18-24/28,F-24,337,5:16:37,42.90%
959,Charlene Liegner,"San Diego, CA",942,5:15:52,12:03,F 40-44/56,F-41,338,5:16:32,45.44%
960,Natalie Muth,"Encinitas, CA",1122,5:16:14,12:04,F 25-29/63,F-28,339,5:17:05,42.82%
961,Aaron Doyle,"Temecula, CA",542,5:16:17,12:04,M 35-39/113,M-39,622,5:17:04,40.14%
962,Laurie Adam,"Chula Vista, CA",209,5:16:18,12:04,F 60-64/2,F-60,340,5:17:12,58.04%
963,James Hu,"Walnut, CA",790,5:16:19,12:04,M 45-49/85,M-47,623,5:16:35,42.94%
964,Charlie Alewine,"Diamond Bar, CA",332,5:16:20,12:04,M 60-64/18,M-63,624,5:17:00,49.89%
965,Jim O'Connell,"Carlsbad, CA",1164,5:16:23,12:05,M 40-44/104,M-40,625,5:16:57,40.46%
966,Norman Suguitan,"San Diego, CA",1465,5:16:48,12:05,M 40-44/105,M-43,626,5:17:49,41.43%
967,Malee Tobias,"Carlsbad, CA",1511,5:17:22,12:07,F 35-39/63,F-38,341,5:18:08,44.07%
968,Bruce Hurd,"San Diego, CA",800,5:17:34,12:07,M 50-54/61,M-54,627,5:17:45,45.55%
969,Khartoon Brown,"Mount Hermon, CA",353,5:17:55,12:08,F 70-74/1,F-71,342,5:18:41,70.75%
970,Michael Sabanovich,"Fallon, NV",1330,5:18:01,12:08,M 40-44/106,M-44,628,5:18:30,41.61%
971,Monica Valle,"San Diego, CA",1539,5:18:11,12:09,F 25-29/64,F-26,343,5:18:51,42.56%
972,Dharam Paul Piplani,"Phoenix, AZ",1233,5:18:11,12:09,M 60-64/19,M-61,629,5:18:52,48.62%
973,Becky Chui,"San Diego, CA",428,5:18:12,12:09,F 25-29/65,F-25,344,5:18:51,42.56%
974,Heather Lindquist,"San Diego, CA",945,5:18:22,12:09,F 25-29/66,F-27,345,5:18:55,42.54%
975,Cloe Peralez,"Rancho Santa Margarita, CA",1212,5:18:34,12:09,F 01-17/1,F-17,346,5:23:23,44.05%
976,Jonathan Plapp,"San Diego, CA",1235,5:18:45,12:10,M 35-39/114,M-36,630,5:19:27,39.23%
977,Cheryl Garbutt,"Murrieta, CA",643,5:18:59,12:10,F 40-44/57,F-42,347,5:20:05,45.47%
978,Michael Hardebeck,"Fpo, AP",742,5:19:06,12:11,M 45-49/86,M-48,631,5:19:41,42.94%
979,Nicole Boehm,"Lake Forest, CA",321,5:19:29,12:12,F 35-39/64,F-36,348,5:20:27,43.22%
980,Erin Griffth,"San Diego, CA",698,5:19:36,12:12,F 18-24/29,F-24,349,5:20:21,42.37%
981,Jon Anderson,"San Diego, CA",234,5:19:37,12:12,M 18-24/37,M-21,632,5:20:21,39.26%
982,Cory Wolsey,"San Diego, CA",1648,5:19:37,12:12,M 18-24/38,M-24,633,5:20:21,39.09%
983,Caroline Shahin,"Sylmar, CA",1380,5:19:42,12:12,F 50-54/24,F-50,350,5:20:29,50.02%
984,Richard Morris Jr,"Oceanside, CA",1103,5:20:00,12:13,M 30-34/81,M-31,634,5:21:05,39.04%
985,Vincent Vasquez,"San Diego, CA",1555,5:20:14,12:13,M 25-29/78,M-28,635,5:21:00,39.01%
986,Shela Clark,"Oceanside, CA",436,5:20:50,12:15,F 25-29/67,F-28,351,5:21:35,42.21%
987,Brian Scull,"San Diego, CA",1372,5:21:00,12:15,M 30-34/82,M-34,636,5:21:00,38.92%
988,Dale Tylor,"San Diego, CA",1530,5:21:34,12:16,F 30-34/56,F-30,352,5:24:36,42.13%
989,Kirk Dunn,"Highland, CA",550,5:22:29,12:18,M 45-49/87,M-48,637,5:23:18,42.49%
990,Darron Manley,"San Marcos, CA",990,5:22:42,12:19,M 45-49/88,M-49,638,5:23:05,42.83%
991,Marie Matthews,"Helena, MT",1017,5:22:46,12:19,F 35-39/65,F-37,353,5:23:21,43.04%
992,Roseann Ferre,"Carlsbad, CA",598,5:22:59,12:20,F 40-44/58,F-41,354,5:23:43,44.44%
993,Douglas Dube,"Jamul, CA",545,5:23:02,12:20,M 45-49/89,M-48,639,5:23:43,42.41%
994,Carol Dube,"Jamul, CA",544,5:23:03,12:20,F 45-49/37,F-46,355,5:23:44,47.07%
995,Danny Cardenas,"Corona, CA",381,5:23:08,12:20,M 40-44/107,M-43,640,5:23:25,40.61%
996,Cilka Csaszi,"Oceanside, CA",486,5:23:11,12:20,F 50-54/25,F-50,356,5:23:57,49.48%
997,Bret Bihler,"Mammoth Lakes, CA",304,5:23:19,12:20,M 60-64/20,M-60,641,5:24:01,47.38%
998,Jennifer Peterson,"Woodward, IA",1222,5:24:00,12:22,F 30-34/57,F-33,357,5:24:54,42.06%
999,Julie Furgerson,"Encinitas, CA",638,5:24:23,12:23,F 40-44/59,F-44,358,5:25:09,45.76%
1000,Autumn Perry,"Milledgeville, GA",1216,5:24:33,12:23,F 60-64/3,F-61,359,5:25:03,57.44%
1001,Susana Lopez,"Lakeside, CA",956,5:25:05,12:24,F 30-34/58,F-31,360,5:25:57,41.72%
1002,Lisa Sandoval,"Murrieta, CA",1339,5:25:06,12:24,F 40-44/60,F-44,361,5:26:02,45.66%
1003,Celeste Siordia,"Los Angeles, CA",1406,5:25:45,12:26,F 25-29/68,F-26,362,5:26:23,41.57%
1004,Tammy Waldron,"Temecula, CA",1580,5:26:04,12:27,F 40-44/61,F-41,363,5:27:00,44.02%
1005,Karen Ekizian,"Laguna Hills, CA",568,5:26:26,12:28,F 30-34/59,F-34,364,5:27:25,41.89%
1006,Mary Lou Zimmerman,"Aguanga, CA",1681,5:27:18,12:29,F 70-74/2,F-70,365,5:27:42,67.23%
1007,Erica Mazur,"Thousand Oaks, CA",1025,5:27:25,12:30,F 35-39/66,F-36,366,5:28:19,42.17%
1008,Mike Darcy,"Oak Harbor, WA",501,5:27:26,12:30,M 18-24/39,M-21,642,5:28:17,38.33%
1009,Marie Clark,"Temecula, CA",435,5:27:42,12:30,F 35-39/67,F-39,367,5:28:08,43.01%
1010,Jason Rollo,"San Diego, CA",1300,5:27:58,12:31,M 25-29/79,M-27,643,5:28:37,38.09%
1011,Sergio Rubio,"San Diego, CA",1317,5:28:12,12:32,M 30-34/83,M-32,644,5:29:05,38.06%
1012,Gary Pahl,"San Diego, CA",1185,5:28:21,12:32,M 40-44/108,M-43,645,5:29:32,39.97%
1013,Norman Lee Jr,"Edgewater, MD",924,5:29:15,12:34,M 70-74/3,M-73,646,5:30:18,53.51%
1014,Toniann Rebick,"San Diego, CA",1260,5:29:32,12:35,F 25-29/69,F-28,368,5:30:19,41.10%
1015,Raul Topete,"Ventura, CA",1516,5:29:35,12:35,M 30-34/84,M-32,647,5:30:23,37.90%
1016,Brad McGee,"Vista, CA",1034,5:29:46,12:35,M 45-49/90,M-48,648,5:30:51,41.55%
1017,Sally Cravens,"Oceanside, CA",479,5:30:25,12:37,F 50-54/26,F-53,369,5:31:26,50.34%
1018,Cynthia Halpin Brown,"Carlsbad, CA",733,5:30:36,12:37,F 40-44/62,F-43,370,5:31:36,44.37%
1019,Gail Fink,"San Diego, CA",604,5:31:16,12:39,F 50-54/27,F-54,371,5:32:00,50.89%
1020,Joni Rullo,"San Diego, CA",1319,5:31:23,12:39,F 25-29/70,F-28,372,5:32:11,40.87%
1021,Anoop Elgonda,"San Marcos, CA",570,5:32:14,12:41,M 40-44/109,M-40,649,5:32:58,38.53%
1022,Janice Hong,"Cardiff By The Sea, CA",778,5:32:44,12:42,F 30-34/60,F-31,373,5:33:36,40.77%
1023,Catherine Larsen,"San Diego, CA",911,5:33:37,12:44,F 35-39/68,F-38,374,5:34:24,41.93%
1024,Shane Waller,"San Diego, CA",1585,5:33:44,12:44,M 18-24/40,M-24,650,5:34:11,37.43%
1025,Margaret Gunn,"Murrieta, CA",710,5:34:12,12:45,F 40-44/63,F-42,375,5:35:08,43.40%
1026,Cathie Summerford,"Apple Valley, CA",1468,5:34:17,12:45,F 50-54/28,F-51,376,5:35:02,48.46%
1027,Rick Napolitan,"West Barnstable, MA",1128,5:34:32,12:46,M 45-49/91,M-48,651,5:35:18,40.95%
1028,Noe Soto,"Montebello, CA",1431,5:34:53,12:47,M 50-54/62,M-52,652,5:35:38,42.40%
1029,Kristine Polanco,"San Marcos, CA",1236,5:35:44,12:49,F 45-49/38,F-45,377,5:36:11,44.75%
1030,Jaci Johnson,"Carlsbad, CA",833,5:35:44,12:49,F 35-39/69,F-39,378,5:36:11,41.98%
1031,Tricia Hacker,"Bakersfield, CA",719,5:35:59,12:49,F NoAge/0,F-0,379,5:36:38, 0.00%
1032,Katelyn Hacker,"Bakersfield, CA",718,5:36:00,12:49,F 18-24/30,F-18,380,5:36:38,41.04%
1033,Mike Brooks,"Danville, ME",348,5:36:34,12:51,M 60-64/21,M-63,653,5:37:36,46.89%
1034,Erica Baker,"San Diego, CA",265,5:36:58,12:52,F 35-39/70,F-37,381,5:37:34,41.22%
1035,Francisco Rosito,"Glendale, CA",1307,5:37:10,12:52,M 55-59/33,M-59,654,5:37:46,44.98%
1036,Reena Godhia,"Glendale, CA",668,5:37:10,12:52,F 25-29/71,F-29,382,5:37:46,40.17%
1037,Mona Myers,"San Diego, CA",1123,5:37:48,12:54,F NoAge/0,F-0,383,5:38:02, 0.00%
1038,Ruben Nunez,"Carlsbad, CA",1156,5:38:16,12:55,M 45-49/92,M-46,655,5:38:55,39.80%
1039,Janell Bell,"Chula Vista, CA",289,5:38:24,12:55,F 18-24/31,F-24,384,5:39:31,40.02%
1040,Crystina Vela,"Spring Valley, CA",1561,5:38:24,12:55,F 18-24/32,F-24,385,5:39:31,40.02%
1041,Cynthia Shirah,"San Diego, CA",1397,5:38:59,12:56,F 40-44/64,F-41,386,5:38:59,42.34%
1042,Laura Kim,"Los Angeles, CA",870,5:39:19,12:57,F 40-44/65,F-40,387,5:39:43,41.90%
1043,Bill Albright,"Bountiful, UT",217,5:39:28,12:57,M 55-59/34,M-56,656,5:40:12,43.42%
1044,Heidi Hammack,"San Francisco, CA",736,5:39:29,12:57,F 40-44/66,F-42,388,5:40:21,42.72%
1045,Michael Theobald,"Santa Barbara, CA",1504,5:39:31,12:57,M 50-54/63,M-52,657,5:40:09,41.83%
1046,Carlos Marin,"Chula Vista, CA",992,5:39:35,12:58,M 45-49/93,M-47,658,5:40:32,40.00%
1047,Suzanna Smedley,"Orange, CA",1408,5:39:51,12:58,F 35-39/71,F-36,389,5:40:30,40.63%
1048,Trina Limberg,"San Diego, CA",943,5:40:01,12:59,F 45-49/39,F-49,390,5:40:54,46.43%
1049,Andrew Yoon,"Fremont, CA",1670,5:40:06,12:59,M 45-49/94,M-47,659,5:41:20,39.94%
1050,David Perry,"Milledgeville, GA",1218,5:40:06,12:59,M 60-64/22,M-62,660,5:40:37,45.94%
1051,Patty Knudsen,"Carlsbad, CA",883,5:41:13,13:01,F 45-49/40,F-48,391,5:42:16,45.69%
1052,Colonel Garcia,"Chino, CA",644,5:41:33,13:02,M 30-34/85,M-33,661,5:42:39,36.58%
1053,Terri Rashid,"Los Gatos, CA",1256,5:41:37,13:02,F 40-44/67,F-42,392,5:42:35,42.46%
1054,Bryon Solberg,"San Diego, CA",1427,5:42:34,13:04,M 45-49/95,M-47,662,5:42:38,39.65%
1055,Vanessa Perry,"Carlsbad, CA",1219,5:42:39,13:05,F 18-24/33,F-24,393,5:43:24,39.52%
1056,Meghan Cipperley,"San Diego, CA",430,5:43:19,13:06,F 30-34/61,F-32,394,5:44:06,39.59%
1057,Beckie Merrill,"Oceanside, CA",1058,5:43:20,13:06,F 30-34/62,F-32,395,5:44:06,39.58%
1058,Glady Pasoz,"San Clemente, CA",1194,5:43:37,13:07,F 45-49/41,F-49,396,5:44:31,45.94%
1059,Michelle Lukich,"Carlsbad, CA",968,5:44:16,13:08,F 35-39/72,F-35,397,5:44:34,39.90%
1060,Kristy Walker,"Carlsbad, CA",1581,5:44:19,13:08,F 30-34/63,F-30,398,5:44:33,39.35%
1061,Jennifer Bailes,"Oceanside, CA",262,5:44:30,13:09,F 25-29/72,F-27,399,5:45:15,39.31%
1062,Wayne Borin,"San Diego, CA",331,5:47:09,13:15,M 50-54/64,M-50,663,5:47:59,40.18%
1063,Dennis Mori,"San Leandro, CA",1098,5:47:31,13:16,M 60-64/23,M-62,664,5:48:24,44.96%
1064,Dana Mosell,"Walnut, CA",1107,5:48:25,13:18,F 55-59/11,F-57,400,5:49:28,50.44%
1065,Lucinda Wong,"Cypress, CA",1652,5:48:29,13:18,F 45-49/42,F-45,401,5:49:00,43.11%
1066,Mike Rockwood,"Saint Paul, MN",1291,5:48:29,13:18,M 18-24/41,M-24,665,5:49:11,35.85%
1067,Amelia Rockwood,"Saint Paul, MN",1290,5:48:30,13:18,F 18-24/34,F-22,402,5:49:11,38.86%
1068,Mike Rockwood,"Torrance, CA",1292,5:48:30,13:18,M 55-59/35,M-55,666,5:49:11,41.90%
1069,Maureen Ferrel,"Carlsbad, CA",599,5:48:33,13:18,F 50-54/29,F-53,403,5:49:28,47.72%
1070,Capt Joe Cacciola,"Oceanside, CA",371,5:48:54,13:19,M 60-64/24,M-61,667,5:50:03,44.34%
1071,Sarah Lewis,"Bakersfield, CA",939,5:49:08,13:19,F 25-29/73,F-28,404,5:49:46,38.79%
1072,Nancy Wright,"Oceanside, CA",1659,5:49:08,13:19,F 25-29/74,F-29,405,5:49:47,38.79%
1073,Michael Lewis,"Bakersfield, CA",938,5:49:08,13:19,M 55-59/36,M-56,668,5:49:47,42.22%
1074,Gail Campofiore,"Walnut, CA",377,5:49:10,13:20,F 60-64/4,F-61,406,5:49:47,53.39%
1075,M G Montgomery,"Bakersfield, CA",1084,5:49:21,13:20,F 35-39/73,F-39,407,5:49:53,40.34%
1076,Brandon Morales,"Los Angeles, CA",1716,5:49:23,13:20,M 25-29/80,M-26,669,5:49:53,35.76%
1077,Charlene Elder,"Oceanside, CA",569,5:49:34,13:20,F 45-49/43,F-46,408,5:50:39,43.50%
1078,Laszlo Kisteleky,"Ramona, CA",877,5:49:36,13:21,M 50-54/65,M-52,670,5:50:28,40.62%
1079,Michael Cultrera,"Escondido, CA",487,5:49:44,13:21,M 18-24/42,M-22,671,5:50:46,35.74%
1080,Carol Dellinger,"Spokane, WA",517,5:50:17,13:22,F 45-49/44,F-46,409,5:50:17,43.41%
1081,Michael Darcy,"Oak Harbor, WA",499,5:50:42,13:23,M 45-49/96,M-46,672,5:51:33,38.39%
1082,Donna Martin,"Pasadena, CA",997,5:51:12,13:24,F 50-54/30,F-51,410,5:52:13,46.13%
1083,Abel Vargas,"Camp Pendleton, CA",1553,5:51:39,13:25,M 18-24/43,M-24,673,5:52:02,35.52%
1084,Linda Nguyen,"Laguna Beach, CA",1137,5:52:18,13:27,F 25-29/75,F-26,411,5:53:25,38.44%
1085,Rachel Gutierrez,"Laguna Beach, CA",712,5:52:18,13:27,F 25-29/76,F-25,412,5:53:25,38.44%
1086,Sonoko Kameoka,"Oceanside, CA",850,5:52:28,13:27,F 18-24/35,F-23,413,5:53:10,38.42%
1087,Rich Ehrlich,"New York, NY",562,5:53:40,13:30,M 55-59/37,M-55,674,5:53:58,41.28%
1088,Marappa Gopinath,"Santa Ana, CA",682,5:54:45,13:32,M 60-64/25,M-61,675,5:55:24,43.61%
1089,Michael Washington,"Temecula, CA",1596,5:57:27,13:38,M 45-49/97,M-49,676,5:58:39,38.67%
1090,Adriana Lopez Rosas,"San Diego, CA",957,5:57:59,13:40,F 30-34/64,F-32,414,5:58:52,37.96%
1091,Randy Wolman,"San Diego, CA",1647,5:58:06,13:40,M 50-54/66,M-54,677,5:59:12,40.39%
1092,Cynthia Vidaurre,"Los Angeles, CA",1565,5:58:18,13:40,F 35-39/74,F-35,415,6:00:58,38.34%
1093,Shino Morita,"Imperial Beach, CA",1099,5:58:42,13:41,F 25-29/77,F-28,416,5:59:09,37.75%
1094,Susan Van Order,"Spring Valley, CA",1543,5:58:59,13:42,F 40-44/68,F-44,417,6:00:04,41.35%
1095,James Buchholz,"Trabuco Canyon, CA",361,5:59:23,13:43,M 55-59/38,M-56,678,5:59:23,41.01%
1096,Andrew Warner,"Santa Monica, CA",1592,5:59:45,13:44,M 30-34/86,M-34,679,6:00:48,34.72%
1097,Xanthe Belsky,"Campo, CA",292,5:59:53,13:44,F 35-39/75,F-38,418,6:01:14,38.87%
1098,Darcy Ike,"San Diego, CA",807,6:00:06,13:45,M 65-69/9,M-65,680,6:01:09,44.74%
1099,Linda Zweig,"Rancho Santa Fe, CA",1684,6:00:31,13:45,F 50-54/31,F-52,419,6:00:41,45.52%
1100,Ollie Biederman,"La Mesa, CA",303,6:00:41,13:46,M 75-79/2,M-77,681,6:01:36,52.13%
1101,Heather Greife,"Bonita, CA",696,6:00:50,13:46,F 18-24/36,F-23,420,6:01:37,37.53%
1102,Jay Seashore,"West Hills, CA",1374,6:01:22,13:47,M 65-69/10,M-66,682,6:02:24,45.05%
1103,Pat Clower,"Chula Vista, CA",444,6:04:29,13:55,F 45-49/45,F-48,421,6:05:37,42.77%
1104,Tim Thomas,"Escondido, CA",1417,6:04:29,13:55,M 40-44/110,M-41,683,6:05:22,35.41%
1105,Tawni Gomes,"Ventura, CA",673,6:04:39,13:55,F 45-49/46,F-45,422,6:05:42,41.20%
1106,Margie Cavolina,"Phoenix, AZ",395,6:04:53,13:55,F 50-54/32,F-53,423,6:05:34,45.58%
1107,Alice Crema,"Santa Cruz, CA",480,6:05:43,13:57,F 60-64/5,F-61,424,6:05:43,50.97%
1108,Cindy O'Donnel,"Carlsbad, CA",1165,6:06:43,14:00,F 50-54/33,F-51,425,6:07:35,44.17%
1109,Merlina Reyna,"San Diego, CA",1274,6:07:57,14:03,F 50-54/34,F-52,426,6:09:06,44.60%
1110,Danielle Melcher,"Burbank, CA",1051,6:11:14,14:10,F 35-39/76,F-38,427,6:12:01,37.68%
1111,Jacqueline Dean,"Escondido, CA",512,6:14:31,14:18,F 35-39/77,F-39,428,6:15:18,37.63%
1112,Ronald Sinclair,"Laguna Niguel, CA",1405,6:16:43,14:23,M 50-54/67,M-53,684,6:17:42,38.04%
1113,Derek Laskar,"San Marcos, CA",913,6:16:58,14:23,M 25-29/81,M-27,685,6:20:09,33.14%
1114,Yolanda Holder,"Corona, CA",774,6:22:55,14:37,F 50-54/35,F-50,429,6:23:48,41.76%
1115,Michael Dipippo,"San Diego, CA",1686,6:24:05,14:39,M 50-54/68,M-54,686,6:25:11,37.66%
1116,Reginald Waller,"San Diego, CA",1584,6:24:11,14:40,M 50-54/69,M-53,687,6:25:11,37.30%
1117,Ralph Cripe,"Carlsbad, CA",481,6:26:50,14:46,M 65-69/11,M-67,688,6:27:31,42.53%
1118,Jim Browder,"Rock Hill, SC",349,6:26:51,14:46,M 50-54/70,M-54,689,6:27:32,37.39%
1119,Grisel Borrello,"Carlsbad, CA",333,6:27:17,14:47,F 45-49/47,F-49,430,6:27:42,40.76%
1120,Rick Von Der Lancken,"Manhattan Beach, CA",1573,6:28:28,14:49,M 35-39/115,M-35,690,6:28:52,32.16%
1121,Sandra Rosenthal,"La Mesa, CA",1306,6:28:37,14:50,F 55-59/12,F-59,431,6:29:39,46.54%
1122,Joyce Waller,"San Diego, CA",1583,6:28:38,14:50,F 50-54/36,F-51,432,6:29:39,41.68%
1123,Deborah Ingram,"Gainesville, FL",811,6:36:45,15:08,F 55-59/13,F-55,433,6:37:35,43.08%
1124,Jeffrey Van Gundy,"Oceanside, CA",1542,6:47:22,15:33,M 45-49/98,M-47,691,6:47:39,33.34%
1125,Less Antman,"Bonsall, CA",239,6:48:44,15:36,M 50-54/71,M-51,692,6:49:30,34.43%
1126,Wanda Augustyniak,"Oceanside, CA",253,7:04:25,16:12,F 45-49/48,F-47,434,7:05:10,36.27%
1127,Alma McElroy,"Temecula, CA",1033,7:06:55,16:17,F 35-39/78,F-35,435,7:07:51,32.17%
1128,Jennifer Ziegeler,"San Diego, CA",1680,7:08:57,16:22,F 30-34/65,F-32,436,7:09:59,31.68%
1129,Patricia Ganley,"Chula Vista, CA",642,7:09:13,16:23,F 40-44/69,F-41,437,7:10:22,33.44%
1130,Kip Bondietti,"Carlsbad, CA",1252,7:09:13,16:23,M 50-54/72,M-51,693,7:10:22,32.79%
1131,Karissa Scheuermann,"Woodland, CA",1355,7:11:15,16:27,F 01-17/2,F-14,438,7:12:18,34.74%
1132,Angelica Ruvalcaba,"San Ysidro, CA",1327,7:14:23,16:35,F 25-29/78,F-29,439,7:15:06,31.18%
1133,Luis Zepeda,"Chula Vista, CA",1677,7:14:23,16:35,M 25-29/82,M-28,694,7:15:06,28.76%
1134,Celeste Musick,"Orange, CA",1121,7:15:01,16:36,F 35-39/79,F-38,440,7:15:41,32.15%
1135,Kyle Scheuermann,"Woodland, CA",1356,7:21:07,16:50,M 01-17/5,M-14,695,7:22:10,31.62%
1136,Richard Clarke,"Davis, CA",438,7:21:57,16:52,M 40-44/111,M-44,696,7:23:01,29.94%
1137,Deborah McGlennon,"El Cajon, CA",1035,7:22:14,16:53,F 45-49/49,F-48,441,7:23:14,35.25%
1138,Sylvia Coleman,"San Diego, CA",448,7:22:14,16:53,F 50-54/37,F-53,442,7:23:14,37.61%
1139,Monica Bertola,"Vista, CA",300,7:24:42,16:58,F 30-34/66,F-30,443,7:25:32,30.46%
1140,Jessica Dhaliwal,"Del Mar, CA",524,7:24:52,16:59,F 30-34/67,F-34,444,7:25:32,30.74%
1141,Carey Hultgren,"San Diego, CA",794,7:27:39,17:05,F 35-39/80,F-36,445,7:28:51,30.84%
1142,Katie Januario,"San Diego, CA",826,7:27:40,17:05,F 35-39/81,F-35,446,7:28:51,30.68%
1143,Claudia Norris,"Aliso Viejo, CA",1150,7:53:55,18:05,F 60-64/6,F-63,447,7:55:00,40.62%
1144,Myra Casillas,"Oceanside, CA",390,8:01:10,18:22,F 30-34/68,F-30,448,8:02:00,28.15%
