Bib,Name,Gender,Age,Hometown,Overall,Women,F 45-49,Age/Grade,Finish,Chip Time,Gun Time,15k,22K,20 Mile
2510,Xanthe Belsky,F,37,"Campo, CA",921 out of 927,366 out of 371,53 out of 54, 33.60% Place: 919,7:02:24 Pace: 16:07,7:02:24,7:02:32,2:25:49 Pace: 15:39,3:35:08 Pace: 15:43,5:16:30 Pace: 15:50
2502,Deleata Adams,F,48,"Laveen, AZ",922 out of 927,367 out of 371,49 out of 49, 36.86% Place: 904,7:05:26 Pace: 16:14,7:05:26,7:05:38, Pace: ,3:26:43 Pace: 15:06,5:12:22 Pace: 15:38
2505,Audrey Alexander,F,41,"Bellevue, WA",923 out of 927,368 out of 371,63 out of 65, 34.52% Place: 918,7:05:26 Pace: 16:14,7:05:26,7:05:38, Pace: ,3:26:43 Pace: 15:06,5:12:22 Pace: 15:38
2599,Michael Wasyliw,M,60,"El Cajon, CA",924 out of 927,556 out of 556,21 out of 21, 35.71% Place: 913,7:07:08 Pace: 16:18,7:07:08,7:07:22, Pace: ,3:27:17 Pace: 15:08,5:16:07 Pace: 15:49
2579,Tonya Reed,F,39,"Laguna Niguel, CA",925 out of 927,369 out of 371,54 out of 54, 33.42% Place: 921,7:11:51 Pace: 16:29,7:11:51,7:12:02,2:31:12 Pace: 16:14,3:38:36 Pace: 15:58,5:18:19 Pace: 15:55
2606,Madison Monk,F,41,"Carlsbad, CA",926 out of 927,370 out of 371,64 out of 65, 32.14% Place: 923,7:36:56 Pace: 17:26,7:36:56,7:37:11,2:32:42 Pace: 16:23,3:38:15 Pace: 15:56,5:35:06 Pace: 16:46
2557,Angela Kanish,F,40,"San Diego, CA",927 out of 927,371 out of 371,65 out of 65, 26.81% Place: 924,9:02:57 Pace: 20:43,9:02:57,9:02:57, Pace: ,1:41:47 Pace: 7:26,3:50:37 Pace: 11:32
