Place,Name,Location,Bib,Net Time,Pace,Division/Place,Sex-Age,Sex-Place,Gun Time,Age Grade
1,Fernando Cabada,"Clovis, CA",9,2:18:14,5:17,M 30-34/0,M-33,1,2:18:14,89.05%
2,Tekeste Nekatibebe,"Bronx, NY",5,2:19:52,5:21,M 35-39/0,M-35,2,2:19:52,88.36%
3,Teklu Deneke,"Flagstaff, AZ",11,2:21:02,5:23,M 35-39/0,M-36,3,2:21:02,87.90%
4,Mario Macias,"Boulder, CO",1,2:26:15,5:35,M 30-34/1,M-34,4,2:26:16,84.30%
5,David Chepkwony,"Grand Prairie, TX",7,2:29:58,5:44,M 35-39/1,M-37,5,2:29:58,82.97%
6,Mary Akor,"Hawthorne, CA",1613,2:41:24,6:10,F 35-39/0,F-39,1,2:41:24,86.03%
7,Bonnie Axman Keating,"Imperial Beach, CA",27,2:44:05,6:16,F 30-34/0,F-30,2,2:44:05,82.54%
8,Robert Hilton,"Oceanside, CA",590,2:46:53,6:22,M 40-44/1,M-42,6,2:46:54,76.88%
9,Abby Dean,"Philadelphia, PA",25,2:50:16,6:30,F 40-44/0,F-44,3,2:50:16,84.56%
10,Ezra Becker,"San Francisco, CA",1384,2:50:42,6:31,M 30-34/2,M-30,7,2:50:43,72.03%
11,David Berard,"San Diego, CA",184,2:51:32,6:33,M 01-17/1,M-17,8,2:51:35,72.29%
12,Jane Rotich,"Grand Prairie, TX",23,2:53:59,6:39,F 35-39/1,F-35,4,2:53:59,78.42%
13,Chris Toepfer,"Chicago, IL",1521,2:55:05,6:41,M 50-54/1,M-53,9,2:55:07,80.46%
14,Daniel Robin,"Encinitas, CA",1426,2:55:19,6:42,M 35-39/2,M-38,10,2:55:20,71.30%
15,Maija Hitchings,"San Diego, CA",43,2:56:20,6:44,F 30-34/1,F-32,5,2:56:21,76.89%
16,Kurt Braeckel,"Coronado, CA",217,2:57:13,6:46,M 35-39/3,M-38,11,2:57:16,70.53%
17,Glimber Ayala,"Santa Ana, CA",1451,2:57:33,6:47,M 30-34/3,M-34,12,2:57:40,69.44%
18,Martin Rosas Jr,"Escondido, CA",1061,2:57:42,6:47,M 18-24/1,M-23,13,2:57:45,69.20%
19,Camille Shiflett,"Silverdale, WA",41,2:58:25,6:49,F 40-44/1,F-41,6,2:58:26,78.78%
20,Scott Gelletich,"Denver, CO",1467,2:58:27,6:49,M 25-29/1,M-29,14,2:58:28,68.91%
21,Dani Steinbacher,"Ann Arbor, MI",29,2:58:57,6:50,F 30-34/2,F-30,7,2:58:58,75.68%
22,Randy Lum,"Fremont, CA",1479,2:59:53,6:52,M 35-39/4,M-36,15,2:59:58,68.90%
23,Edward Agunos,"San Diego, CA",1605,2:59:57,6:52,M 35-39/5,M-39,16,2:59:57,69.84%
24,Juan Carlos Ayala Castro,"San Diego, CA",1452,2:59:58,6:52,M 40-44/2,M-42,17,3:00:01,71.29%
25,Jimmy Dean Freeman,"Los Angeles, CA",470,3:00:55,6:54,M 35-39/6,M-39,18,3:00:57,69.47%
26,Alex Buyanin,"Berkeley, CA",253,3:01:35,6:56,M 25-29/2,M-26,19,3:01:39,67.72%
27,John McGreevy,"La Jolla, CA",833,3:01:40,6:56,M 40-44/3,M-40,20,3:02:55,69.60%
28,John Bowen,"Fox Point, WI",214,3:02:51,6:59,M 25-29/3,M-26,21,3:03:00,67.25%
29,Christopher Moreland,"San Diego, CA",1600,3:03:18,7:00,M 30-34/4,M-33,22,3:03:18,67.15%
30,Kimberly Mueller,"Castle Hayne, NC",35,3:04:26,7:03,F 35-39/2,F-39,8,3:04:27,75.26%
31,Jennifer Bayliss,"Danville, CA",172,3:04:59,7:04,F 45-49/1,F-45,9,3:05:07,78.57%
32,Eric Roby,"El Cajon, CA",1047,3:05:17,7:04,M 35-39/7,M-36,23,3:05:19,66.89%
33,Sean Valentine,"Encinitas, CA",1259,3:07:36,7:10,M 40-44/4,M-44,24,3:07:41,69.52%
34,Sergio Gaytan,"Lemon Grove, CA",1466,3:08:00,7:11,M 35-39/8,M-37,25,3:08:00,66.18%
35,Stefan Asbock,"Carlsbad, CA",133,3:08:30,7:12,M 35-39/9,M-39,26,3:08:34,66.67%
36,Matt Olson,"San Diego, CA",929,3:09:50,7:15,M 40-44/5,M-40,27,3:09:53,66.61%
37,Jeremiah Moersch,"Carlsbad, CA",859,3:09:51,7:15,M 35-39/10,M-36,28,3:09:57,65.29%
38,Eric Brown,"Valley Center, CA",236,3:10:14,7:16,M 30-34/5,M-31,29,3:10:23,64.64%
39,Mackenzie Grimmer,"Poway, CA",535,3:10:28,7:16,F 25-29/1,F-27,10,3:10:34,71.10%
40,Steve Peppard,"Fallbrook, CA",967,3:10:47,7:17,M 45-49/1,M-46,30,3:10:51,69.49%
41,Jesus Perez,"Oxnard, CA",1518,3:10:54,7:17,M 35-39/11,M-39,31,3:10:58,65.83%
42,Todd Brehm,"Oceanside, CA",224,3:10:57,7:17,M 35-39/12,M-35,32,3:10:58,64.72%
43,Zack Shinar,"San Diego, CA",1150,3:10:58,7:18,M 35-39/13,M-38,33,3:11:07,65.45%
44,Andrew Marchi,"Carlsbad, CA",800,3:11:15,7:18,M 35-39/14,M-38,34,3:11:17,65.36%
45,Frank Biess,"San Diego, CA",194,3:11:55,7:20,M 45-49/2,M-49,35,3:12:04,70.88%
46,Jay Colwell,"Lincoln, NE",1391,3:12:20,7:21,M 18-24/2,M-23,36,3:12:35,63.93%
47,Roger Leszczynski,"San Diego, CA",1477,3:12:39,7:21,M 30-34/6,M-34,37,3:12:50,64.00%
48,Krista Germeroth,"Tucson, AZ",509,3:13:09,7:23,F 30-34/3,F-30,11,3:13:17,70.12%
49,Russ Reinbolt,"La Jolla, CA",1604,3:13:41,7:24,M 50-54/2,M-50,38,3:13:50,70.84%
50,Jerry Fetzer,"San Clemente, CA",1399,3:14:16,7:25,M 45-49/3,M-45,39,3:14:19,67.70%
51,David Goddard,"Santa Monica, CA",515,3:14:37,7:26,M 55-59/1,M-55,40,3:14:46,73.71%
52,Michael Nelson,"Grand Rapids, MI",901,3:14:37,7:26,M 45-49/4,M-47,41,3:14:42,68.71%
53,Efren Limbag,"San Diego, CA",1413,3:15:01,7:27,M 40-44/6,M-44,42,3:15:10,66.88%
54,Rachelle Pizarro,"San Diego, CA",989,3:15:17,7:27,F 30-34/4,F-33,12,3:15:31,69.53%
55,David Dail,"Worthington, OH",358,3:15:38,7:28,M 30-34/7,M-34,43,3:15:45,63.02%
56,Craig Woodhouse,"Carlsbad, CA",1348,3:16:35,7:30,M 50-54/3,M-50,44,3:16:44,69.80%
57,David Henry,"Baker City, OR",578,3:16:36,7:30,M 30-34/8,M-31,45,3:16:39,62.54%
58,Mike Tucker,"San Clemente, CA",1245,3:16:59,7:31,M 35-39/15,M-36,46,3:17:05,62.92%
59,Christopher Mearn,"Boston, MA",840,3:17:17,7:32,M 30-34/9,M-33,47,3:17:30,62.39%
60,Sage Bassett,"San Diego, CA",164,3:17:44,7:33,M 35-39/16,M-35,48,3:17:48,62.50%
61,Bethany Hoy,"San Diego, CA",613,3:17:49,7:33,F 30-34/5,F-33,13,3:17:58,68.64%
62,Len Jensen,"Menifee, CA",1471,3:18:16,7:34,M 40-44/7,M-42,49,3:18:16,64.71%
63,Roger Sunahara,"San Diego, CA",1206,3:18:19,7:34,M 50-54/4,M-53,50,3:18:32,71.04%
64,Wes Harding,"CA, ",552,3:18:26,7:35,M 45-49/5,M-48,51,3:18:29,67.96%
65,Sally McRae,"Huntington Beach, CA",838,3:18:28,7:35,F 35-39/3,F-36,14,3:18:36,68.98%
66,Janel Zick,"San Diego, CA",1376,3:18:55,7:36,F 18-24/1,F-24,15,3:19:05,68.08%
67,Kelsie Baker,"Carlsbad, CA",141,3:19:04,7:36,F 18-24/2,F-24,16,3:19:08,68.03%
68,Denis McDaniel,"San Diego, CA",829,3:19:47,7:38,M 55-59/2,M-55,52,3:19:50,71.80%
69,Patrick Pacumio,"San Diego, CA",944,3:19:52,7:38,M 40-44/8,M-41,53,3:20:01,63.70%
70,Allan Caldwell,"New York, NY",258,3:19:52,7:38,M 25-29/4,M-28,54,3:20:06,61.52%
71,Brian Kennedy,"San Diego, CA",671,3:20:03,7:38,M 45-49/6,M-46,55,3:20:14,66.28%
72,Joel Fenlason,"Patrick Afb, FL",449,3:20:13,7:39,M 40-44/9,M-42,56,3:20:24,64.08%
73,Darren Brown,"Carlsbad, CA",235,3:20:24,7:39,M 40-44/10,M-42,57,3:20:29,64.02%
74,Simon Kobayashi,"San Diego, CA",689,3:20:39,7:40,M 25-29/5,M-26,58,3:20:45,61.28%
75,Rhea Deroian,"Hesperia, CA",39,3:20:42,7:40,F 25-29/2,F-29,17,3:20:42,67.48%
76,David Lusignan,"Woodstock, CT",785,3:21:00,7:40,M 35-39/17,M-39,59,3:21:03,62.53%
77,Riley Pathman,"Del Mar, CA",960,3:21:00,7:40,M 01-17/2,M-17,60,3:21:03,61.69%
78,Joe Lopez,"Vista, CA",777,3:21:29,7:42,M 18-24/3,M-20,61,3:21:32,61.03%
79,Mark Preston,"San Diego, CA",999,3:21:43,7:42,M 45-49/7,M-46,62,3:21:57,65.73%
80,Bessy Leszczynski,"San Diego, CA",1476,3:21:51,7:42,F 30-34/6,F-31,18,3:21:51,67.11%
81,Cara Simonsen,"San Diego, CA",1161,3:22:21,7:44,F 25-29/3,F-26,19,3:22:34,66.93%
82,Angela Erdmann,"Fargo, ND",425,3:22:53,7:45,F 30-34/7,F-33,20,3:23:02,66.92%
83,Marvin Rodriguez,"Arleta, CA",1054,3:23:11,7:45,M 35-39/18,M-36,63,3:23:18,61.00%
84,Brandon Walsh,"Carlsbad, CA",1296,3:23:46,7:47,M 40-44/11,M-40,64,3:23:55,62.05%
85,Emily Bastani,"Encinitas, CA",165,3:24:11,7:48,F 25-29/4,F-28,21,3:24:29,66.33%
86,Clem Chavez,"Oceanside, CA",293,3:24:13,7:48,M 25-29/6,M-28,65,3:24:28,60.21%
87,Jacob Beard,"Oklahoma City, OK",174,3:24:31,7:49,M 25-29/7,M-28,66,3:32:58,60.12%
88,Jonathan Piccirillo,"Los Angeles, CA",1485,3:24:40,7:49,M 30-34/10,M-32,67,3:25:12,60.09%
89,Alexander Juden,"Chula Vista, CA",661,3:25:51,7:52,M 45-49/8,M-46,68,3:26:04,64.41%
90,Martin Almazan,"Denver, CO",115,3:25:57,7:52,M 25-29/8,M-25,69,3:26:08,59.70%
91,Nicholas Saunders,"Carlsbad, CA",1107,3:25:58,7:52,M 25-29/9,M-29,70,3:26:20,59.70%
92,James O'Donnell,"Littleton, CO",920,3:26:09,7:52,M 55-59/3,M-59,71,3:26:29,72.20%
93,Andrew Kleinke,"San Diego, CA",685,3:26:20,7:53,M 30-34/11,M-33,72,3:26:37,59.66%
94,Mary Leicht,"Wrightwood, CA",745,3:26:23,7:53,F 45-49/2,F-45,22,3:26:28,70.42%
95,Allison Espinoza,"San Diego, CA",430,3:26:44,7:54,F 30-34/8,F-31,23,3:27:00,65.52%
96,Dan Omelveny,"Dana Point, CA",930,3:26:47,7:54,M 45-49/9,M-49,73,3:26:51,65.78%
97,Timothy Wilson,"Vista, CA",1336,3:26:57,7:54,M 45-49/10,M-49,74,3:27:06,65.73%
98,Dan Harvey,"Lake Mills, WI",562,3:27:20,7:55,M 65-69/1,M-68,75,3:28:56,78.44%
99,Daniel Shaffer,"Carlsbad, CA",1141,3:27:47,7:56,M 18-24/4,M-22,76,3:27:51,59.18%
100,Heath Thurston,"Payson, UT",1442,3:27:52,7:56,M 35-39/19,M-37,77,3:27:55,59.86%
101,Jake Wiley,"Oceanside, CA",1328,3:28:21,7:57,M 35-39/20,M-39,78,3:28:38,60.32%
102,Tinh Khuong,"Chula Vista, CA",676,3:28:39,7:58,M 40-44/12,M-40,79,3:28:52,60.60%
103,Jason Smith,"San Diego, CA",1434,3:28:51,7:58,M 50-54/5,M-51,80,3:29:38,66.27%
104,Shiloh Sanders,"Highland, CA",1098,3:28:53,7:58,M 40-44/13,M-41,81,3:29:03,60.95%
105,Kai Nakamura,"San Diego, CA",887,3:29:20,8:00,M 40-44/14,M-41,82,3:29:30,60.82%
106,Lisa Schroeder,"San Diego, CA",1120,3:29:46,8:01,F 25-29/5,F-25,24,3:30:00,64.56%
107,John Famulare,"Carlsbad, CA",444,3:29:50,8:01,M 50-54/6,M-53,83,3:30:03,67.14%
108,Laurie Gartrell,"San Diego, CA",499,3:29:54,8:01,F 30-34/9,F-30,25,3:30:06,64.52%
109,Michael Stowers,"El Cajon, CA",1439,3:30:01,8:01,M 45-49/11,M-48,84,3:30:15,64.21%
110,Justin Mih,"San Diego, CA",1516,3:30:02,8:01,M 35-39/21,M-38,85,3:30:07,59.51%
111,Krystalore Stegner,"Grand Island, NY",1495,3:30:03,8:01,F 30-34/10,F-32,26,3:30:32,64.55%
112,Steven Daniel,"Escondido, CA",361,3:30:05,8:01,M 50-54/7,M-52,86,3:30:22,66.46%
113,Vy Nguyen,"Lawndale, CA",909,3:30:07,8:01,M 30-34/12,M-31,87,3:30:27,58.52%
114,John David,"San Marcos, CA",1459,3:30:10,8:01,M 45-49/12,M-46,88,3:30:15,63.09%
115,Rick Mabe,"Eureka, MO",788,3:30:19,8:02,M 45-49/13,M-49,89,3:30:32,64.68%
116,Will Phillips,"San Antonio, TX",981,3:30:28,8:02,M 35-39/22,M-39,90,3:30:36,59.71%
117,Nate Jones,"Carlsbad, CA",657,3:31:00,8:03,M 30-34/13,M-33,91,3:31:09,58.34%
118,Matthew Thompson,"San Diego, CA",1227,3:31:02,8:03,M 35-39/23,M-38,92,3:31:14,59.23%
119,Hiro Konishi,"Aliso Viejo, CA",693,3:31:08,8:04,M 50-54/8,M-52,93,3:31:29,66.13%
120,Federico Garcia,"San Diego, CA",486,3:31:30,8:04,M 45-49/14,M-45,94,3:31:39,62.18%
121,John Cox,"San Diego, CA",346,3:31:31,8:05,M 55-59/4,M-57,95,3:31:42,69.06%
122,Gene Dykes,"Bala Cynwyd, PA",412,3:31:51,8:05,M 65-69/2,M-67,96,3:31:57,75.98%
123,Travis Stravasnik,"San Diego, CA",1440,3:32:11,8:06,M 40-44/15,M-40,97,3:32:35,59.59%
124,Michael Budelsky,"Solana Beach, CA",243,3:32:12,8:06,M 40-44/16,M-43,98,3:32:34,60.95%
125,Kenneth Bell,"Oceanside, CA",1500,3:32:19,8:06,M 30-34/14,M-33,99,3:33:19,57.98%
126,Shaun Collett,"San Diego, CA",323,3:32:32,8:07,M 35-39/24,M-35,100,3:32:54,58.14%
127,James May,"San Diego, CA",821,3:32:34,8:07,M 40-44/17,M-40,101,3:32:48,59.48%
128,Mark Ledesma,"Spring Valley, CA",1475,3:32:42,8:07,M 30-34/15,M-32,102,3:33:01,57.82%
129,Chuck Wilson,"Carlsbad, CA",1333,3:32:46,8:07,M 40-44/18,M-40,103,3:32:51,59.43%
130,David Gerharter,"Burbank, CA",508,3:33:12,8:08,M 50-54/9,M-53,104,3:33:23,66.08%
131,Amaris Martinez,"San Diego, CA",811,3:33:21,8:09,F 18-24/3,F-21,27,3:33:33,63.48%
132,Lauren Kearney,"Carlsbad, CA",667,3:33:24,8:09,F 45-49/3,F-49,28,3:33:30,71.26%
133,Michael Clausen,"Eugene, OR",306,3:33:45,8:10,M 35-39/25,M-39,105,3:34:00,58.80%
134,Gary Aultz,"Poway, CA",1499,3:34:08,8:11,M 60-64/1,M-61,106,3:34:18,70.84%
135,Anna Barron,"Vista, CA",157,3:34:20,8:11,F 35-39/4,F-37,29,3:34:39,64.12%
136,Daniel Shamburg,"Encinitas, CA",1145,3:34:28,8:11,M 35-39/26,M-36,107,3:35:17,57.79%
137,Mark Trostler,"Carlsbad, CA",1241,3:35:07,8:13,M 45-49/15,M-46,108,3:35:21,61.64%
138,Scott Johnston,"Encinitas, CA",650,3:35:22,8:13,M 50-54/10,M-52,109,3:35:33,64.83%
139,Ben Vollrath,"San Diego, CA",1289,3:35:31,8:14,M 45-49/16,M-47,110,3:35:50,62.05%
140,Rick Willard,"Broomfield, CO",1446,3:35:31,8:14,M 45-49/17,M-48,111,3:35:50,62.58%
141,Carolyn Tallman,"Oceanside, CA",1214,3:35:46,8:14,F 25-29/6,F-29,30,3:35:57,62.77%
142,Chase Spain,"Lakeside, CA",1184,3:35:49,8:14,M 18-24/5,M-24,112,3:36:08,56.97%
143,Ardy Azadgan,"Laguna Niguel, CA",1454,3:35:57,8:15,M 30-34/16,M-33,113,3:36:13,57.00%
144,Douglas Jones,"Julian, CA",653,3:36:13,8:15,M 25-29/10,M-29,114,3:36:27,56.87%
145,Brian Priselac,"San Diego, CA",1001,3:36:15,8:15,M 25-29/11,M-29,115,3:36:28,56.86%
146,Enkhnaran Jargalsaikhan,"Oceanside, CA",637,3:36:23,8:16,F 30-34/11,F-34,31,3:36:46,62.88%
147,Luis Montes,"Poway, CA",862,3:36:25,8:16,M 50-54/11,M-51,116,3:36:41,63.96%
148,Tiffany Keithly,"Orange, CA",669,3:36:37,8:16,F 30-34/12,F-34,32,3:36:56,62.81%
149,Chris Riddle,"Solana Beach, CA",1036,3:36:40,8:16,M 45-49/18,M-45,117,3:36:51,60.70%
150,Luis Lara III,"Plainfield, IL",726,3:36:44,8:16,M 30-34/17,M-32,118,3:37:01,56.74%
151,Kathleen Schaefer,"Valley Forge, PA",1111,3:36:52,8:17,F 45-49/4,F-47,33,3:37:12,68.46%
152,Jolene Weston,"San Diego, CA",1318,3:36:59,8:17,F 25-29/7,F-29,34,3:37:17,62.41%
153,Rick Lopez,"San Diego, CA",1414,3:37:00,8:17,M 45-49/19,M-46,119,3:37:16,61.10%
154,Eric Vogel,"San Diego, CA",1286,3:37:18,8:18,M 45-49/20,M-46,120,3:37:31,61.02%
155,Kyle Hargrave,"Carlsbad, CA",554,3:37:26,8:18,M 30-34/18,M-30,121,3:37:44,56.55%
156,Andres Giron,"Thousand Oaks, CA",513,3:37:58,8:19,M 55-59/5,M-57,122,3:38:08,67.02%
157,Lee Maxson,"Chandler, AZ",819,3:38:09,8:20,M 50-54/12,M-54,123,3:38:18,65.16%
158,Mark Kneisel,"Oceanside, CA",1408,3:38:19,8:20,M 40-44/19,M-42,124,3:39:17,58.76%
159,Suraj Tuladhar,"Phoenix, AZ",1248,3:38:20,8:20,M 30-34/19,M-31,125,3:38:30,56.32%
160,Erin Powers,"Newport Beach, CA",996,3:38:31,8:21,F 25-29/8,F-25,35,3:38:42,61.98%
161,Heidi Hasapopoulos,"Alexandria, MN",563,3:38:39,8:21,F 35-39/5,F-36,36,3:38:43,62.61%
162,Kristin Stehly,"Escondido, CA",1194,3:38:42,8:21,F 35-39/6,F-38,37,3:38:51,63.14%
163,Scott La Londe,"San Clemente, CA",714,3:38:44,8:21,M 30-34/20,M-30,126,3:38:50,56.21%
164,Gabriel Simon,"San Diego, CA",1160,3:38:49,8:21,M 30-34/21,M-34,127,3:39:06,56.35%
165,Monique Frost,"Oceanside, CA",1464,3:38:55,8:21,F 35-39/7,F-36,38,3:39:07,62.53%
166,Jeff Barker,"Carlsbad, CA",151,3:39:06,8:22,M 35-39/27,M-39,128,3:39:39,57.36%
167,Kristi Gadalla,"San Diego, CA",478,3:39:33,8:23,F 18-24/4,F-23,39,3:40:17,61.68%
168,John Reed,"Laguna Niguel, CA",1022,3:40:10,8:24,M 55-59/6,M-57,129,3:40:31,66.35%
169,Jesse Funderburk,"San Diego, CA",1465,3:40:15,8:25,M 35-39/28,M-37,130,3:40:27,56.49%
170,Logan Brown,"Cardiff By The Sea, CA",237,3:40:22,8:25,M 30-34/22,M-30,131,3:40:38,55.80%
171,Travis Bernard,"Torrance, CA",188,3:40:22,8:25,M 30-34/23,M-30,132,3:41:58,55.80%
172,Mary Reed,"La Verne, CA",1024,3:40:24,8:25,F 45-49/5,F-49,40,3:41:42,68.99%
173,Jeffrey McNaughton,"Alpine, CA",834,3:40:24,8:25,M 30-34/24,M-32,133,3:40:41,55.80%
174,Thomas Torres,"San Diego, CA",1237,3:40:30,8:25,M 25-29/12,M-29,134,3:40:44,55.76%
175,Jake Pison,"Temecula, CA",987,3:40:33,8:25,M 40-44/20,M-43,135,3:42:41,58.65%
176,Noah Sandler,"Hopkins, MN",1099,3:40:33,8:25,M 50-54/13,M-50,136,3:40:43,62.21%
177,Paul Malz,"Escondido, CA",797,3:41:03,8:26,M 40-44/21,M-40,137,3:41:11,57.20%
178,Joshua Astin,"Charlotte, NC",135,3:41:22,8:27,M 30-34/25,M-32,138,3:41:43,55.55%
179,Brittany McCullough,"Bonsall, CA",828,3:41:32,8:27,F 30-34/13,F-31,41,3:41:45,61.15%
180,Justin Jones,"Fallbrook, CA",654,3:41:41,8:28,M 35-39/29,M-36,139,3:42:05,55.91%
181,Sean Flock,"Chula Vista, CA",1505,3:41:59,8:28,M 45-49/21,M-45,140,3:42:26,59.24%
182,Michael Biolley,"Rancho Santa Margarita, CA",197,3:42:31,8:30,M 25-29/13,M-29,141,3:42:50,55.26%
183,Thomas Hird,"Encinitas, CA",592,3:42:31,8:30,M 50-54/14,M-53,142,3:42:31,63.31%
184,David Espinoza,"San Diego, CA",431,3:42:33,8:30,M 35-39/30,M-36,143,3:42:49,55.69%
185,Matthew Vasquez,"La Jolla, CA",1273,3:42:33,8:30,M 18-24/6,M-20,144,3:42:50,55.25%
186,Anacarolina Carrazedo,"Victorville, CA",272,3:42:40,8:30,F 18-24/5,F-20,42,3:43:06,60.82%
187,Jenn Belanger,"Trabuco Canyon, CA",177,3:42:43,8:30,F 18-24/6,F-22,43,3:43:09,60.81%
188,Laura Gonzalez,"Lake Forest, CA",1614,3:42:46,8:30,F 30-34/14,F-31,44,3:43:05,60.81%
189,Michelle Mead,"San Diego, CA",839,3:42:47,8:30,F 30-34/15,F-31,45,3:43:00,60.80%
190,Bernd Haferkamp,"Fallbrook, CA",543,3:43:08,8:31,M 45-49/22,M-47,145,3:43:11,59.93%
191,Gem Pham,"Poway, CA",978,3:43:20,8:32,M 45-49/23,M-46,146,3:43:50,59.37%
192,Matt Holmes,"San Diego, CA",601,3:43:27,8:32,M 45-49/24,M-48,147,3:43:46,60.35%
193,Jaime Krause,"San Diego, CA",700,3:43:31,8:32,F 30-34/16,F-31,46,3:43:51,60.60%
194,Caroline Aceves,"Escondido, CA",103,3:44:22,8:34,F 25-29/9,F-25,47,3:44:59,60.36%
195,Benson Lu,"San Diego, CA",780,3:44:23,8:34,M 35-39/31,M-39,148,3:44:41,56.01%
196,Andrea Miller,"San Diego, CA",1415,3:44:26,8:34,F 25-29/10,F-26,48,3:44:43,60.34%
197,Liz Mendelson-Goossens,"Mission Viejo, CA",843,3:44:27,8:34,F 30-34/17,F-31,49,3:44:42,60.35%
198,Kristen Anderson,"San Diego, CA",123,3:44:36,8:34,F 40-44/2,F-40,50,3:44:54,62.17%
199,Tiffany Lam,"San Diego, CA",718,3:44:58,8:35,F 35-39/8,F-36,51,3:45:57,60.85%
200,Weston Popichak,"Oceanside, CA",993,3:44:59,8:35,M 25-29/14,M-28,149,3:45:12,54.65%
201,Douglas Majorsky,"El Cajon, CA",795,3:45:08,8:36,M 30-34/26,M-32,150,3:45:25,54.62%
202,Nekeisha Nogal,"San Marcos, CA",916,3:45:08,8:36,F 35-39/9,F-39,52,3:45:25,61.65%
203,Megan Lurie,"San Marcos, CA",784,3:45:10,8:36,F 30-34/18,F-32,53,3:45:30,60.21%
204,Steph Paine,"Arvada, CO",946,3:45:14,8:36,F 25-29/11,F-29,54,3:45:54,60.13%
205,Jesus Luna,"San Diego, CA",1480,3:45:18,8:36,M 35-39/32,M-35,151,3:45:30,54.85%
206,Kyle Atkins,"Salt Lake City, UT",138,3:45:40,8:37,M 35-39/33,M-36,152,3:46:03,54.92%
207,Nick Watts,"San Diego, CA",1309,3:45:41,8:37,M 30-34/27,M-33,153,3:46:08,54.54%
208,Jackie Crosby,"San Diego, CA",348,3:45:50,8:37,F 25-29/12,F-26,55,3:46:05,59.97%
209,Bruce Urquhart,"San Diego, CA",1257,3:46:03,8:38,M 60-64/2,M-60,154,3:46:08,66.47%
210,Dave Osborn,"Carlsbad, CA",937,3:46:10,8:38,M 40-44/22,M-44,155,3:46:23,57.67%
211,Greg Zahner,"San Francisco, CA",1366,3:46:18,8:38,M 25-29/15,M-26,156,3:46:45,54.33%
212,Kimberly McCarthy,"Encinitas, CA",822,3:46:19,8:38,F 35-39/10,F-39,56,3:46:28,61.33%
213,Tanner Cobb,"Oceanside, CA",314,3:46:29,8:39,M 25-29/16,M-26,157,3:46:51,54.29%
214,Jeffrey Rosser,"Houston, TX",1064,3:46:42,8:39,M 30-34/28,M-31,158,3:47:10,54.24%
215,Matthew Logsdon,"Murrieta, CA",772,3:46:55,8:40,M 45-49/25,M-46,159,3:46:57,58.43%
216,Jason Hacker,"Chula Vista, CA",1606,3:47:06,8:40,M 45-49/26,M-45,160,3:47:29,57.91%
217,Erik Matheson,"Culver City, CA",817,3:47:21,8:41,M 40-44/23,M-42,161,3:47:28,56.43%
218,Terry Dirbas,"San Diego, CA",1460,3:47:35,8:41,F 30-34/19,F-32,57,3:47:47,59.57%
219,Jodi Hays,"Carlsbad, CA",568,3:47:39,8:41,F 50-54/1,F-51,58,3:47:39,68.49%
220,Sally Boles,"Mission Viejo, CA",205,3:47:45,8:42,F 45-49/6,F-47,59,3:48:07,65.19%
221,Mark Robinson,"Carlsbad, CA",1046,3:48:10,8:43,M 55-59/7,M-57,162,3:48:59,64.02%
222,James Robeson,"Escondido, CA",1042,3:48:25,8:43,M 30-34/29,M-31,163,3:48:52,53.83%
223,Louisa Dunwiddie,"San Francisco, CA",408,3:48:38,8:44,F 18-24/7,F-22,60,3:49:05,59.23%
224,Kimberly Velazquez,"Chino Hills, CA",1276,3:48:41,8:44,F 40-44/3,F-44,61,3:48:58,62.96%
225,Adalberto Arenas,"San Diego, CA",126,3:49:02,8:45,M 40-44/24,M-41,164,3:52:22,55.59%
226,Michael Rogers,"Encinitas, CA",1056,3:49:02,8:45,M 30-34/30,M-31,165,3:49:20,53.69%
227,Margaret Blake,"New York, NY",199,3:49:07,8:45,F 40-44/4,F-41,62,3:49:55,61.35%
228,Denise Ingram,"San Diego, CA",630,3:49:11,8:45,F 50-54/2,F-51,63,3:49:29,68.03%
229,Sean Callahan,"Solana Beach, CA",1457,3:49:16,8:45,M 35-39/34,M-36,166,3:49:52,54.06%
230,Christopher Drozd,"Winchester, CA",402,3:49:16,8:45,M 45-49/27,M-45,167,3:49:58,57.36%
231,Grant Barnett,"Palmdale, CA",1456,3:49:44,8:46,M 35-39/35,M-39,168,3:50:11,54.71%
232,Jian Zhang,"San Diego, CA",1375,3:49:44,8:46,M 35-39/36,M-36,169,3:50:09,53.95%
233,Brian Harned,"Temecula, CA",556,3:49:50,8:46,M 55-59/8,M-55,170,3:50:47,62.41%
234,Jason Sung,"Rosemead, CA",1207,3:49:54,8:47,M 35-39/37,M-37,171,3:50:31,54.12%
235,Charles Ware,"Coronado, CA",1302,3:50:00,8:47,M 50-54/15,M-50,172,3:50:15,59.66%
236,Jason Kwok,"Oceanside, CA",712,3:50:02,8:47,M 35-39/38,M-38,173,3:50:11,54.34%
237,Christina Vincent,"Oakland, CA",1284,3:50:13,8:47,F 35-39/11,F-39,64,3:50:33,60.29%
238,George Garcia,"Spring Valley, CA",487,3:50:21,8:48,M 40-44/25,M-42,174,3:50:35,55.69%
239,Christopher Kunkel,"Oradell, NJ",710,3:50:26,8:48,M 55-59/9,M-59,175,3:50:34,64.59%
240,Michael Schwartz,"Lake Forest, CA",1123,3:50:31,8:48,M 55-59/10,M-57,176,3:53:01,63.37%
241,Brian Scarbrough,"Temecula, CA",1649,3:50:39,8:48,M 50-54/16,M-50,177,3:50:57,59.49%
242,Kelli Khuong,"Chula Vista, CA",675,3:50:40,8:48,F 35-39/12,F-37,65,3:50:54,59.58%
243,Don Wright,"CA, ",1349,3:50:43,8:48,M 55-59/11,M-57,178,3:50:56,63.31%
244,Edgardo Ferrer,"Oceanside, CA",452,3:51:40,8:51,M 45-49/28,M-45,179,3:51:52,56.77%
245,Thomas Bevilacqua,"Imperial Beach, CA",191,3:52:02,8:51,M 40-44/26,M-41,180,3:52:15,54.87%
246,Joey Jamias,"San Diego, CA",1407,3:52:03,8:51,M 40-44/27,M-40,181,3:53:32,54.49%
247,Rafael Serrano,"Houston, TX",1136,3:52:10,8:52,M 30-34/31,M-31,182,3:53:15,52.96%
248,Pam Sanchez,"Upland, CA",1429,3:52:18,8:52,F 35-39/13,F-39,66,3:52:37,59.75%
249,Malika Middlebrooks,"Costa Mesa, CA",849,3:52:31,8:53,F 25-29/13,F-29,67,3:52:50,58.24%
250,Roger Levy,"La Jolla, CA",1515,3:52:35,8:53,M 40-44/28,M-42,183,3:53:10,55.16%
251,Kahveh Atef,"San Diego, CA",137,3:52:43,8:53,M 30-34/32,M-30,184,3:53:10,52.84%
252,Ralf Williams,"Chula Vista, CA",1447,3:52:43,8:53,M 40-44/29,M-42,185,3:53:39,55.13%
253,Alexander Walker,"San Diego, CA",1293,3:52:46,8:53,M 25-29/17,M-28,186,3:53:29,52.82%
254,Miranda Hyldahl,"Cardiff, CA",627,3:52:57,8:54,F 25-29/14,F-25,68,3:53:35,58.14%
255,Ran Shenhar,"San Diego, CA",1491,3:53:18,8:54,M 40-44/30,M-40,187,3:53:45,54.20%
256,Mark Friedrich,"Temecula, CA",1463,3:53:20,8:54,M 35-39/39,M-36,188,3:53:30,53.12%
257,Jesse Chan,"Carlsbad, CA",2043,3:53:36,8:55,M 35-39/40,M-39,189,3:53:36,53.80%
258,Mike Cabrero,"Oceanside, CA",255,3:53:46,8:55,M 35-39/41,M-35,190,3:54:03,52.86%
259,David Huynh,"Santa Clara, CA",625,3:54:10,8:56,M 30-34/33,M-32,191,3:54:35,52.52%
260,Oscar Sainz,"Chula Vista, CA",1086,3:54:23,8:57,M 40-44/31,M-42,192,3:54:59,54.74%
261,Tim Mundy,"Laguna Niguel, CA",879,3:54:56,8:58,M 45-49/29,M-49,193,3:55:00,57.90%
262,Steven Lengua,"Carlsbad, CA",748,3:55:11,8:59,M 40-44/32,M-42,194,3:56:26,54.55%
263,Bernardo Mandujano,"El Centro, CA",798,3:55:15,8:59,M 35-39/42,M-36,195,3:57:21,52.69%
264,Andrea Armstead,"Santee, CA",130,3:55:15,8:59,F 30-34/20,F-33,69,3:56:11,57.72%
265,Trevor Splettstoesser,"Santee, CA",1191,3:55:16,8:59,M 40-44/33,M-40,196,3:56:11,53.74%
266,Doug Vargo,"Carlsbad, CA",1267,3:55:31,8:59,M 40-44/34,M-41,197,3:55:41,54.06%
267,Brian Banister,"San Diego, CA",146,3:55:53,9:00,M 45-49/30,M-46,198,3:56:32,56.21%
268,Evan Taylor,"San Diego, CA",1218,3:56:03,9:01,M 25-29/18,M-26,199,3:56:08,52.09%
269,Benjamin Ibarra,"Vista, CA",628,3:56:10,9:01,M 30-34/34,M-32,200,3:56:38,52.07%
270,Farshid Sabet,"Los Altos Hills, CA",1428,3:56:19,9:01,M 45-49/31,M-49,201,3:56:26,57.56%
271,Sai Kwok,"Escondido, CA",713,3:56:19,9:01,M 50-54/17,M-52,202,3:56:50,59.08%
272,Sean Gullikson,"La Mesa, CA",539,3:56:23,9:01,M 45-49/32,M-45,203,3:57:06,55.63%
273,Kevin Sahnd,"San Diego, CA",1085,3:56:24,9:01,M 25-29/19,M-29,204,3:56:27,52.01%
274,Kendra Hailey,"San Diego, CA",1508,3:56:29,9:02,F 35-39/14,F-37,70,3:56:53,58.11%
275,Lindsey Lewis,"San Diego, CA",755,3:56:37,9:02,F 35-39/15,F-35,71,3:56:56,57.66%
276,Almadelia Hisazaga,"La Jolla, CA",593,3:56:44,9:02,F 35-39/16,F-36,72,3:56:52,57.83%
277,Crystal Waterman,"San Marcos, CA",1305,3:56:51,9:03,F 35-39/17,F-36,73,3:57:13,57.80%
278,Trevor Outman,"San Diego, CA",942,3:56:54,9:03,M 35-39/43,M-36,205,3:57:28,52.32%
279,Frank Cibulka,"Phoenix, AZ",303,3:57:05,9:03,M 50-54/18,M-51,206,3:57:50,58.38%
280,Michelle Corbett,"Rancho Santa Margarita, CA",340,3:57:09,9:03,F 30-34/21,F-34,74,3:57:34,57.37%
281,Richard St John,"CA, ",1435,3:57:18,9:04,M 65-69/3,M-69,207,3:57:24,69.24%
282,Asako Whennen,"Carlsbad, CA",1321,3:57:25,9:04,F 45-49/7,F-45,75,3:58:26,61.22%
283,Hai Nguyen,"Seattle, WA",906,3:57:26,9:04,M 30-34/35,M-32,208,3:57:45,51.79%
284,Ted Markus,"San Diego, CA",803,3:57:31,9:04,M 45-49/33,M-47,209,3:57:51,56.30%
285,Allen Smith,"Anaheim, CA",1170,3:57:45,9:05,M 55-59/12,M-57,210,3:57:50,61.44%
286,Frank Young,"Newport, RI",1362,3:57:53,9:05,M 55-59/13,M-59,211,3:58:01,62.57%
287,Andrea Eggleton,"Temecula, CA",417,3:57:53,9:05,F 40-44/5,F-41,76,3:57:58,59.09%
288,Alicia Phillips,"Temecula, CA",980,3:58:05,9:05,F 18-24/8,F-23,77,3:58:42,56.88%
289,Jason Parker,"Rogers, AR",953,3:58:23,9:06,M 40-44/35,M-43,212,3:59:08,54.26%
290,Kimberley Bandy,"San Diego, CA",1383,3:58:23,9:06,F 40-44/6,F-44,78,3:58:34,60.40%
291,Tess Chapman,"Seattle, WA",288,3:58:24,9:06,F 40-44/7,F-43,79,3:58:47,59.87%
292,First Doyle,"Vista, CA",395,3:58:33,9:06,M 25-29/20,M-29,213,3:59:12,51.54%
293,John Hayes,"Reno, NV",566,3:58:46,9:07,M 45-49/34,M-48,214,3:58:57,56.48%
294,Brian Pratschner,"Carlsbad, CA",998,3:58:48,9:07,M 45-49/35,M-48,215,3:59:48,56.47%
295,Ricky Jessop,"Tempe, AZ",641,3:58:49,9:07,M 35-39/44,M-39,216,3:58:59,52.62%
296,Bruce Reinig,"San Diego, CA",1424,3:58:52,9:07,M 45-49/36,M-46,217,3:59:02,55.51%
297,Joel White,"San Diego, CA",1323,3:58:56,9:07,M 25-29/21,M-27,218,3:59:19,51.46%
298,Chuck Stempler,"Seattle, WA",1437,3:59:03,9:08,M 55-59/14,M-57,219,3:59:40,61.11%
299,Richard Eggleton,"Temecula, CA",418,3:59:05,9:08,M 30-34/36,M-34,220,3:59:10,51.57%
300,Yasushi Yamasaki,"San Marcos, CA",1352,3:59:06,9:08,M 50-54/19,M-50,221,4:00:37,57.39%
301,Tammy Lamb,"Westlake Village, CA",719,3:59:09,9:08,F 45-49/8,F-47,80,3:59:23,62.08%
302,Kim Antonio-Hopkins,"West Hills, CA",125,3:59:10,9:08,F 40-44/8,F-44,81,3:59:49,60.20%
303,Stephen Lees,"Solana Beach, CA",742,3:59:17,9:08,M 40-44/36,M-40,222,3:59:42,52.84%
304,Jelle Roes,"NL, ",1055,3:59:19,9:08,M 45-49/37,M-49,223,3:59:47,56.84%
305,Doug McKay,"Fullerton, CA",1481,3:59:22,9:08,M 45-49/38,M-49,224,3:59:56,56.83%
306,Scott Perkins,"Pasadena, CA",1484,3:59:22,9:08,M 25-29/22,M-28,225,3:59:57,51.37%
307,Christopher Huitt,"Sacramento, CA",619,3:59:24,9:08,M 45-49/39,M-48,226,3:59:36,56.33%
308,Julie Caldwell,"New York, NY",260,3:59:26,9:08,F 25-29/15,F-29,82,3:59:40,56.56%
309,Samantha Clemens,"Pleasant Hill, CA",310,3:59:57,9:10,F 35-39/18,F-39,83,4:00:38,57.84%
310,Emily Dreager,"Oceanside, CA",397,4:00:02,9:10,F 25-29/16,F-29,84,4:00:14,56.42%
311,Welmer Alamo,"Carlsbad, CA",109,4:00:08,9:10,M 45-49/40,M-46,227,4:00:43,55.22%
312,Tom Hosner,"Trabuco Canyon, CA",609,4:00:24,9:11,M 65-69/4,M-65,228,4:00:40,65.62%
313,Newton Chalker,"Escondido, CA",284,4:00:24,9:11,M 45-49/41,M-48,229,4:01:06,56.10%
314,Richard Lai Fatt,"Encinitas, CA",1411,4:00:46,9:11,M 55-59/15,M-59,230,4:01:16,61.82%
315,Steven Brandt,"Carlsbad, CA",220,4:00:58,9:12,M 45-49/42,M-49,231,4:01:15,56.45%
316,Theresa Cibulka,"Phoenix, AZ",1502,4:01:01,9:12,F 50-54/3,F-51,85,4:01:45,64.69%
317,Matthew Barry,"Vista, CA",158,4:01:08,9:12,M 30-34/37,M-30,232,4:01:27,50.99%
318,Teresa Velarde,"Chino, CA",1275,4:01:34,9:13,F 40-44/9,F-41,86,4:01:45,58.19%
319,Steve Barker,"Seattle, WA",152,4:01:38,9:13,M 35-39/45,M-35,233,4:02:12,51.14%
320,William Haffey,"Coronado, CA",544,4:01:54,9:14,M 65-69/5,M-68,234,4:02:20,67.23%
321,Ely Yaron,"Studio City, CA",1356,4:02:01,9:14,M 45-49/43,M-45,235,4:02:36,54.34%
322,Todd Cardiff,"San Diego, CA",1389,4:02:09,9:15,M 45-49/44,M-48,236,4:02:52,55.69%
323,Rich Hathaway,"San Diego, CA",1510,4:02:22,9:15,M 45-49/45,M-48,237,4:02:42,55.64%
324,Laura Calderon,"Clovis, CA",257,4:02:24,9:15,F 40-44/10,F-40,87,4:02:57,57.60%
325,Shad Butte,"Encinitas, CA",251,4:02:46,9:16,M 45-49/46,M-47,238,4:03:05,55.08%
326,Max Pinna,"San Diego, CA",986,4:02:49,9:16,M 50-54/20,M-51,239,4:03:16,57.00%
327,Wendy Roy,"Rosemead, CA",1069,4:02:51,9:16,F 35-39/19,F-38,88,4:03:08,56.86%
328,Ashley Chatham,"Las Vegas, NV",292,4:03:03,9:17,F 35-39/20,F-38,89,4:03:20,56.81%
329,Jennifer L Anderson,"Albuquerque, NM",121,4:03:05,9:17,F 40-44/11,F-40,90,4:03:37,57.44%
330,Octavio Armas,"La Mesa, CA",129,4:03:14,9:17,M 55-59/16,M-55,240,4:04:21,58.97%
331,Chiara Gelinas,"San Diego, CA",503,4:03:23,9:17,F 35-39/21,F-37,91,4:03:44,56.46%
332,Krista Ballew,"Redlands, CA",142,4:03:29,9:18,F 25-29/17,F-26,92,4:04:11,55.62%
333,Michael Johansen,"DK, ",643,4:03:41,9:18,M 50-54/21,M-52,241,4:03:49,57.30%
334,Meca Francis Swanson,"San Diego, CA",467,4:03:44,9:18,F 45-49/9,F-45,93,4:04:27,59.63%
335,Diorella Gatchalian,"San Diego, CA",501,4:03:46,9:18,F 25-29/18,F-27,94,4:03:57,55.56%
336,Julie Clemens,"Long Beach, CA",308,4:04:09,9:19,F 45-49/10,F-46,95,4:04:49,60.14%
337,Guillermina Garcia,"San Diego, CA",488,4:04:10,9:19,F 40-44/12,F-44,96,4:04:46,58.97%
338,Tony Donagrechia,"Redondo Beach, CA",391,4:04:12,9:19,M 55-59/17,M-59,242,4:04:47,60.95%
339,Kevin Lewis,"San Diego, CA",754,4:04:20,9:20,M 30-34/38,M-32,243,4:04:43,50.33%
340,David Fitzgerald,"San Diego, CA",458,4:04:20,9:20,M 40-44/37,M-43,244,4:04:43,52.94%
341,Andrea Lilly,"Denver, CO",760,4:04:26,9:20,F 25-29/19,F-26,97,4:04:49,55.40%
342,Ray El-Wailly,"Glendale, AZ",419,4:04:27,9:20,M 55-59/18,M-56,245,4:04:50,59.21%
343,Lindy Merson,"San Diego, CA",847,4:04:33,9:20,F 40-44/13,F-43,98,4:04:53,58.36%
344,Richard Kiy,"San Diego, CA",681,4:04:40,9:20,M 50-54/22,M-53,246,4:04:50,57.58%
345,Sharon Cherf,"San Diego, CA",296,4:04:43,9:20,F 45-49/11,F-49,99,4:04:58,62.14%
346,Daniel Delino,"San Diego, CA",1395,4:04:46,9:21,M 45-49/47,M-47,247,4:05:14,54.63%
347,Audrey Vespe,"San Diego, CA",1279,4:04:50,9:21,F 30-34/22,F-31,100,4:05:33,55.33%
348,Nicholas Roshon,"La Jolla, CA",1062,4:04:59,9:21,M 30-34/39,M-31,248,4:05:25,50.19%
349,Hyosun Ko,"Carlsbad, CA",688,4:05:10,9:22,M 50-54/23,M-50,249,4:06:09,55.97%
350,Greg Houlgate,"Carlsbad, CA",610,4:05:15,9:22,M 45-49/48,M-48,250,4:05:17,54.99%
351,Elmer Scherger,"San Diego, CA",1114,4:05:25,9:22,M 35-39/46,M-36,251,4:17:14,50.50%
352,Jeanne Bruss,"Chula Vista, CA",241,4:05:26,9:22,F 40-44/14,F-42,101,4:06:23,57.69%
353,Kristin Banach,"San Diego, CA",144,4:05:30,9:22,F 40-44/15,F-40,102,4:05:50,56.87%
354,Adrian Radulescu,"San Diego, CA",1009,4:05:34,9:22,M 40-44/38,M-43,252,4:05:45,52.67%
355,Cecilia Mitchell,"Escondido, CA",856,4:05:50,9:23,F 30-34/23,F-32,103,4:05:53,55.15%
356,Luke Rosenberger,"San Diego, CA",1519,4:05:55,9:23,M 18-24/7,M-24,253,4:06:33,50.00%
357,Bill Smith,"Arlington Heights, IL",1494,4:05:56,9:23,M 25-29/23,M-27,254,4:06:00,50.00%
358,Vince Villegas,"San Diego, CA",1282,4:06:02,9:24,M 40-44/39,M-42,255,4:06:28,52.14%
359,Steven Sims,"Carlsbad, CA",1164,4:06:20,9:24,M 40-44/40,M-43,256,4:07:33,52.51%
360,Chuck Stigers,"Temecula, CA",1438,4:06:30,9:25,M 35-39/47,M-37,257,4:07:08,50.48%
361,Malia Jarvis,"Fpo, AP",639,4:06:31,9:25,F 35-39/22,F-39,104,4:07:08,56.30%
362,Chase Leavitt,"Las Vegas, NV",1474,4:06:35,9:25,M 30-34/40,M-34,258,4:07:04,50.00%
363,Christine Desrochers,"Ramona, CA",383,4:06:55,9:26,F 45-49/12,F-48,105,4:07:30,60.83%
364,Kate Hauser,"San Clemente, CA",564,4:06:59,9:26,F 30-34/24,F-33,106,4:07:56,54.97%
365,Linda Drosky,"Mission Viejo, CA",401,4:07:15,9:26,F 50-54/4,F-52,107,4:07:38,63.87%
366,Daria Y,"Encinitas, CA",1351,4:07:18,9:26,F 25-29/20,F-28,108,4:07:38,54.76%
367,Jim Vanwagner,"Chula Vista, CA",1265,4:07:21,9:27,M 35-39/48,M-38,259,4:07:50,50.53%
368,Travis Wessler,"San Jacinto, CA",1315,4:07:26,9:27,M 30-34/41,M-33,260,4:07:37,49.75%
369,Patrick Murphy,"San Diego, CA",881,4:07:28,9:27,M 35-39/49,M-35,261,4:08:07,49.94%
370,Janet Green,"CA, ",528,4:07:34,9:27,F 60-64/1,F-62,109,4:08:07,73.17%
371,Michelle Forshner,"San Francisco, CA",465,4:07:54,9:28,F 30-34/25,F-32,110,4:08:39,54.69%
372,Jayson Loyola,"Whittier, CA",640,4:07:59,9:28,M 35-39/50,M-36,262,4:08:12,49.98%
373,Rachel Seeman,"San Francisco, CA",1134,4:08:00,9:28,F 18-24/9,F-23,111,4:08:27,54.61%
374,Steven Fellows,"Dover, NH",448,4:08:04,9:28,M 30-34/42,M-34,263,4:08:39,49.70%
375,Scott Herndon,"San Diego, CA",582,4:08:08,9:28,M 50-54/24,M-51,264,4:08:19,55.78%
376,Brad Colonna,"Oceanside, CA",325,4:08:16,9:29,M 35-39/51,M-36,265,4:08:51,49.92%
377,Glennon Gray,"Alta Loma, CA",1405,4:08:16,9:29,M 50-54/25,M-51,266,4:09:00,55.75%
378,Kevin O'Donnell,"Carlsbad, CA",921,4:08:28,9:29,M 25-29/24,M-26,267,4:09:31,49.49%
379,Martin Piceno,"Camp Pendleton, CA",982,4:08:42,9:30,M 18-24/8,M-19,268,4:09:05,49.44%
380,Dongjie Wang,"Carlsbad, CA",1298,4:08:45,9:30,M 45-49/49,M-47,269,4:09:34,53.76%
381,Jonathan Flavin,"Menifee, CA",460,4:08:52,9:30,M 45-49/50,M-47,270,4:09:20,53.73%
382,Jen Brown,"Chula Vista, CA",1386,4:09:00,9:30,F 30-34/26,F-32,112,4:09:43,54.45%
383,Brandon Nguyen,"San Diego, CA",905,4:09:06,9:31,M 45-49/51,M-46,271,4:09:59,53.23%
384,Mike Evans,"San Diego, CA",440,4:09:10,9:31,M 55-59/19,M-57,272,4:09:47,58.63%
385,Kristel Alliaume,"Hermosa Beach, CA",114,4:09:30,9:31,F 25-29/21,F-29,113,4:09:48,54.28%
386,Matt Myers,"San Diego, CA",883,4:09:40,9:32,M 40-44/41,M-41,273,4:11:12,50.99%
387,Matthew Eric Viernes,"Carlsbad, CA",1280,4:09:41,9:32,M 45-49/52,M-46,274,4:10:02,53.10%
388,Charles Wong,"San Clemente, CA",1343,4:09:43,9:32,M 30-34/43,M-30,275,4:09:50,49.24%
389,Christopher Garcia,"San Diego, CA",485,4:09:46,9:32,M 35-39/52,M-35,276,4:10:17,49.48%
390,Hongder Lin,"La Mesa, CA",761,4:09:55,9:32,M 60-64/3,M-64,277,4:11:01,62.50%
391,Chad Vogtman,"San Clemente, CA",1287,4:10:00,9:33,M 35-39/53,M-35,278,4:11:08,49.43%
392,Wayne Wheeler,"San Diego, CA",1320,4:10:05,9:33,M 50-54/26,M-53,279,4:10:39,56.33%
393,Christy Bantugan-Bohan,"Encinitas, CA",148,4:10:09,9:33,F 50-54/5,F-52,114,4:10:45,63.13%
394,Adam Buckley,"Oceanside, CA",1609,4:10:10,9:33,M 35-39/54,M-38,280,4:10:32,49.96%
395,Frank Tobin,"San Diego, CA",1230,4:10:30,9:34,M 45-49/53,M-49,281,4:10:45,54.30%
396,Eric Estabrook,"Vista, CA",433,4:10:46,9:34,M 30-34/44,M-31,282,4:10:51,49.03%
397,Tina Wang,"San Diego, CA",1299,4:10:51,9:35,F 25-29/22,F-26,115,4:11:40,53.99%
398,Susan Landolt,"Escondido, CA",720,4:10:52,9:35,F 35-39/23,F-35,116,4:13:08,54.39%
399,Natalie Lee,"Temecula, CA",741,4:10:59,9:35,F 35-39/24,F-38,117,4:11:34,55.01%
400,Drisbredt Gonzalez,"Vista, CA",1403,4:11:01,9:35,F 35-39/25,F-35,118,4:11:48,54.36%
401,Elisa Boorman,"San Diego, CA",208,4:11:09,9:35,F 25-29/23,F-27,119,4:11:31,53.92%
402,Carolyne Chen,"San Diego, CA",294,4:11:14,9:35,F 18-24/10,F-22,120,4:11:35,53.90%
403,Ramon Betancourt,"San Diego, CA",190,4:11:29,9:36,M 60-64/4,M-62,283,4:11:44,60.90%
404,Sadie Bassett,"Cedar City, UT",163,4:11:31,9:36,F 25-29/24,F-26,121,4:11:53,53.84%
405,David Witkin,"Redondo Beach, CA",1340,4:11:33,9:36,M 35-39/55,M-38,284,4:11:58,49.69%
406,Melinda Yanuaria,"Harbor City, CA",1449,4:11:39,9:36,F 50-54/6,F-52,122,4:12:20,62.75%
407,Jeffrey Debacco,"Waukesha, WI",373,4:11:42,9:36,M 55-59/20,M-56,285,4:12:22,57.51%
408,Carlton Idol,"San Diego, CA",629,4:11:42,9:36,M 30-34/45,M-30,286,4:12:35,48.85%
409,Sasha Lara Felizha Garcia,"San Diego, CA",491,4:11:44,9:37,F 18-24/11,F-24,123,4:12:16,53.80%
410,Brandon Nelson,"San Diego, CA",900,4:11:56,9:37,M 40-44/42,M-43,287,4:12:24,51.34%
411,Larry Renac,"Encinitas, CA",1027,4:12:04,9:37,M 35-39/56,M-39,288,4:12:29,49.86%
412,Anthony Kovach,"Portland, OR",694,4:12:04,9:37,M 25-29/25,M-25,289,4:12:49,48.78%
413,Rohan Kennedy,"Oceanside, CA",672,4:12:06,9:37,M 50-54/27,M-53,290,4:12:28,55.88%
414,Rolf Ebeling,"Kirkland, WA",414,4:12:08,9:37,M 45-49/54,M-45,291,4:12:38,52.16%
415,Patrick O'Sullivan,"Castaic, CA",924,4:12:29,9:38,M 30-34/46,M-30,292,4:12:55,48.70%
416,Jeff Deocampo,"Lynnwood, WA",379,4:12:35,9:38,M 40-44/43,M-41,293,4:13:10,50.40%
417,Monica Orozco,"Solana Beach, CA",934,4:12:38,9:39,F 45-49/13,F-46,124,4:13:15,58.12%
418,William Scott,"Stanwood, WA",1129,4:12:45,9:39,M 50-54/28,M-54,294,4:13:29,56.24%
419,Jim Lischio,"Vista, CA",763,4:12:45,9:39,M 40-44/44,M-44,295,4:14:03,51.60%
420,William Marder,"Hollister, CA",801,4:12:48,9:39,M 45-49/55,M-46,296,4:13:20,52.45%
421,Natalie Oxford,"Carlsbad, CA",943,4:12:57,9:39,F 30-34/27,F-32,125,4:13:24,53.60%
422,Gregory Seaver,"San Diego, CA",1132,4:13:25,9:40,M 45-49/56,M-46,297,4:14:15,52.32%
423,Fei Liu,"Encinitas, CA",766,4:13:39,9:41,F 35-39/26,F-38,126,4:14:22,54.44%
424,Jane Ferguson,"Cardiff, CA",450,4:13:50,9:41,F 25-29/25,F-26,127,4:14:27,53.35%
425,Leonard Wennekers,"NL, ",1314,4:13:50,9:41,M 50-54/29,M-50,298,4:14:19,54.05%
426,Amy Cornejo,"Escondido, CA",341,4:14:00,9:42,F 35-39/27,F-35,128,4:14:28,53.72%
427,Angie Fetrow,"Escondido, CA",455,4:14:00,9:42,F 45-49/14,F-49,129,4:14:28,59.87%
428,Julie Hendrickson,"Escondido, CA",575,4:14:00,9:42,F 45-49/15,F-46,130,4:14:28,57.81%
429,Angel Espino,"Chula Vista, CA",428,4:14:17,9:42,M 30-34/47,M-33,299,4:15:02,48.41%
430,Meri Smalstig,"Huntington Beach, CA",1493,4:14:26,9:43,F 45-49/16,F-46,131,4:15:08,57.71%
431,Linda Price,"Ladera Ranch, CA",1487,4:14:26,9:43,F 35-39/28,F-36,132,4:15:07,53.80%
432,Androméda Ciptadi,"Monterey, CA",1390,4:14:33,9:43,M 30-34/48,M-31,300,4:15:08,48.30%
433,Douglas Greenwood,"Carlsbad, CA",529,4:14:33,9:43,M 55-59/21,M-59,301,4:15:26,58.47%
434,Elizabeth Ross,"Dana Point, CA",1063,4:14:35,9:43,F 40-44/16,F-44,133,4:15:05,56.55%
435,John Naslund,"Bloomington, MN",890,4:14:46,9:43,M 65-69/6,M-65,302,4:15:24,61.92%
436,Eleanor Hauft,"San Diego, CA",1470,4:15:00,9:44,F 45-49/17,F-45,134,4:15:24,57.00%
437,Donald Simmons,"Coronado, CA",1159,4:15:03,9:44,M 50-54/30,M-50,303,4:15:29,53.80%
438,Ray Salinas,"San Diego, CA",1090,4:15:19,9:45,M 35-39/57,M-36,304,4:16:04,48.54%
439,Branden Barnett,"San Diego, CA",153,4:15:21,9:45,M 30-34/49,M-32,305,4:16:20,48.16%
440,Ana Tovar,"San Diego, CA",1238,4:15:34,9:45,F 18-24/12,F-21,135,4:15:45,52.99%
441,Abdullah Sahib,"San Diego, CA",1084,4:15:34,9:45,M 35-39/58,M-36,306,4:16:59,48.50%
442,John Welborn,"Carlsbad, CA",1312,4:15:35,9:45,M 01-17/3,M-17,307,4:16:09,48.51%
443,Ilian Moctezuma,"Bonsall, CA",858,4:15:42,9:46,F 45-49/18,F-47,136,4:15:56,58.06%
444,Jeff Baker,"Renton, WA",140,4:15:49,9:46,M 35-39/59,M-39,308,4:16:17,49.13%
445,Yong Wang,"CN, ",1300,4:15:53,9:46,M 45-49/57,M-45,309,4:16:24,51.39%
446,Chris Pullis,"Costa Mesa, CA",1003,4:16:02,9:46,M 40-44/45,M-43,310,4:16:38,50.52%
447,Ashlynn Leblanc,"Goliad, TX",737,4:16:07,9:47,F 45-49/19,F-47,137,4:16:12,57.97%
448,Juliana Branco Haddad Molina Gil,"BR, ",218,4:16:13,9:47,F 25-29/26,F-29,138,4:16:57,52.86%
449,Luana Ciasca,"San Diego, CA",302,4:16:13,9:47,F 30-34/28,F-31,139,4:16:57,52.87%
450,Lauren Veit,"Easthampton, MA",1274,4:16:22,9:47,F 25-29/27,F-27,140,4:16:52,52.82%
451,Justin Hunter,"Carlsbad, CA",621,4:16:25,9:47,M 30-34/50,M-34,311,4:17:23,48.08%
452,Lindsay Dawson,"San Diego, CA",369,4:16:29,9:47,F 25-29/28,F-28,141,4:16:52,52.80%
453,Michael Vince,"Coronado, CA",1283,4:16:49,9:48,M 40-44/46,M-40,312,4:17:29,49.23%
454,Dan Goldberg,"Mission Viejo, CA",1610,4:17:00,9:49,M 40-44/47,M-44,313,4:17:09,50.75%
455,Jaya Pattem,"Carlsbad, CA",963,4:17:00,9:49,F 25-29/29,F-25,142,4:17:43,52.69%
456,Kerry Bowden,"Carlsbad, CA",213,4:17:05,9:49,F 18-24/13,F-24,143,4:17:42,52.68%
457,Andrew Bohnert,"Carlsbad, CA",204,4:17:11,9:49,M 45-49/58,M-45,314,4:18:24,51.13%
458,Philip Kovach,"Oceanside, CA",695,4:17:18,9:49,M 25-29/26,M-29,315,4:18:03,47.79%
459,Courtney Stelling,"Solana Beach, CA",1436,4:17:35,9:50,F 30-34/29,F-33,144,4:18:16,52.71%
460,Joseph Dreager,"Oceanside, CA",399,4:17:40,9:50,M 30-34/51,M-34,316,4:17:53,47.85%
461,Kailyn Fitzgerald,"San Francisco, CA",1400,4:17:43,9:50,F 25-29/30,F-26,145,4:18:17,52.55%
462,Christie Buse,"Palmdale, CA",248,4:17:47,9:50,F 30-34/30,F-31,146,4:18:31,52.55%
463,Timothy Buse,"Palmdale, CA",249,4:17:48,9:50,M 30-34/52,M-31,317,4:18:31,47.70%
464,Stephanie Gonzalez,"Solana Beach, CA",520,4:17:49,9:50,F 30-34/31,F-34,147,4:17:55,52.77%
465,Peter Jost,"Coronado, CA",658,4:17:57,9:51,M 40-44/48,M-41,318,4:18:13,49.35%
466,Daniel Wood,"San Diego, CA",1346,4:18:07,9:51,M 25-29/27,M-25,319,4:18:56,47.64%
467,Caroline Muir,"Hesperia, CA",1416,4:18:07,9:51,F 18-24/14,F-23,148,4:18:55,52.47%
468,Joshua Guzman,"San Marcos, CA",542,4:18:17,9:52,M 25-29/28,M-25,320,4:18:35,47.61%
469,Robert Huss,"Long Beach, CA",1511,4:18:21,9:52,M 65-69/7,M-66,321,4:19:58,61.67%
470,Nicol Tushla,"Brea, CA",1251,4:19:01,9:53,F 45-49/20,F-46,149,4:19:43,56.69%
471,Darik Tolnay,"Golden, CO",1231,4:19:01,9:53,M 35-39/60,M-35,322,4:19:49,47.71%
472,Chris Striebel,"San Diego, CA",1203,4:19:13,9:54,M 45-49/59,M-45,323,4:19:18,50.73%
473,Anne Kerr,"San Diego, CA",674,4:19:19,9:54,F 50-54/7,F-53,150,4:20:13,61.69%
474,Insa Prochnow-Sturm,"Spring Valley, CA",1002,4:19:32,9:54,F 30-34/32,F-34,151,4:20:08,52.42%
475,Francisco Contijoch,"San Diego, CA",332,4:19:33,9:54,M 25-29/29,M-29,324,4:20:13,47.37%
476,Paige Scofield Contijoch,"San Diego, CA",1126,4:19:34,9:54,F 25-29/31,F-29,152,4:20:13,52.17%
477,Juan Cruz,"San Diego, CA",351,4:20:06,9:56,M 50-54/31,M-51,325,4:21:04,53.21%
478,Jinming Xia,"Oceanside, CA",1350,4:20:22,9:56,M 50-54/32,M-50,326,4:21:02,52.70%
479,Linda Hayes,"Reno, NV",567,4:20:25,9:56,F 55-59/1,F-55,153,4:20:39,63.06%
480,Raymond Berdugo,"San Diego, CA",185,4:20:35,9:57,M 30-34/53,M-33,327,4:20:57,47.24%
481,Michael Lemaire,"Woodland, CA",747,4:20:36,9:57,M 60-64/5,M-61,328,4:21:00,58.21%
482,Kimberli Weeks,"Cardiff By The Sea, CA",1310,4:21:36,9:59,F 35-39/29,F-37,154,4:21:53,52.53%
483,Benjamin Caldwell,"Van Nuys, CA",259,4:21:46,10:00,M 35-39/61,M-39,329,4:22:22,48.01%
484,Shannon Quach,"Murrieta, CA",1005,4:21:54,10:00,F 30-34/33,F-32,155,4:22:27,51.77%
485,Sharon Boles,"Mission Viejo, CA",206,4:21:57,10:00,F 45-49/21,F-48,156,4:22:26,57.34%
486,Nicole Vasil,"Carlsbad, CA",1269,4:21:58,10:00,F 35-39/30,F-38,157,4:22:48,52.71%
487,Peter Le,"San Diego, CA",734,4:22:07,10:00,M 45-49/60,M-45,330,4:22:23,50.17%
488,Khalil Ashtari,"San Diego, CA",1450,4:22:38,10:02,M 50-54/33,M-53,331,4:23:33,53.64%
489,Kelly Miller,"Carlsbad, CA",851,4:22:53,10:02,M 45-49/61,M-49,332,4:23:53,51.74%
490,Josh Savage,"Carlsbad, CA",1108,4:23:36,10:04,M 35-39/62,M-35,333,4:24:12,46.88%
491,Andria Kerkof,"Seattle, WA",673,4:23:41,10:04,F 45-49/22,F-47,158,4:24:02,56.30%
492,Maria Horenstein,"San Diego, CA",606,4:23:48,10:04,F 45-49/23,F-46,159,4:24:17,55.65%
493,Ed Ettinghausen,"Wildomar, CA",1504,4:24:24,10:06,M 50-54/34,M-53,334,4:32:21,53.28%
494,Nichole Hansen,"San Diego, CA",550,4:24:24,10:06,F 25-29/32,F-29,160,4:25:05,51.22%
495,Annelies Paluso,"Washington, UT",949,4:24:34,10:06,F 50-54/8,F-50,161,4:25:13,58.19%
496,Amy Simpson,"Vista, CA",1162,4:24:37,10:06,F 35-39/31,F-38,162,4:25:24,52.18%
497,Debbie Zockoll,"St George, UT",1377,4:24:37,10:06,F 55-59/2,F-59,163,4:25:14,65.56%
498,Stephen Johnstone,"San Diego, CA",651,4:24:38,10:06,M 40-44/49,M-41,335,4:24:48,48.11%
499,Kurt Diepraam,"Las Vegas, NV",386,4:24:50,10:07,M 30-34/54,M-30,336,4:25:28,46.43%
500,Kathy Stoehr,"SANTA CLARA, CA",1201,4:24:55,10:07,F 55-59/3,F-57,164,4:25:20,63.69%
501,Amy Gomoll,"San Diego, CA",518,4:24:56,10:07,F 35-39/32,F-39,165,4:27:01,52.39%
502,Orbary Walker Jr,"Oceanside, CA",1445,4:24:57,10:07,M 35-39/63,M-37,337,4:26:00,46.96%
503,Shanna Maloney,"Milwaukee, WI",796,4:25:00,10:07,F 30-34/34,F-30,166,4:25:37,51.10%
504,Hector Orozco Mendoza,", ",936,4:25:05,10:07,M 50-54/35,M-54,338,4:25:22,53.62%
505,Cynthia Rodarte,"Phoenix, AZ",1048,4:25:07,10:07,F 45-49/24,F-45,167,4:25:51,54.82%
506,John D'Amico,"Alamo, CA",357,4:25:17,10:08,M 55-59/22,M-55,339,4:26:05,54.07%
507,Miseker Abate,"San Marco, CA",102,4:25:17,10:08,F 18-24/15,F-24,168,4:25:28,51.05%
508,Judith Kieffer,"Los Angeles, CA",1472,4:25:24,10:08,F 65-69/1,F-65,169,4:26:13,71.41%
509,Robin Huntinghouse,"San Diego, CA",622,4:25:39,10:08,F 40-44/17,F-44,170,4:26:32,54.20%
510,Greg Schulman,"Las Vegas, NV",1121,4:26:01,10:09,M 45-49/62,M-46,340,4:26:30,49.84%
511,Michelle Unger,"San Jose, CA",1256,4:26:05,10:09,F 45-49/25,F-46,171,4:27:21,55.18%
512,Jeff Marrah,"Santa Monica, CA",805,4:26:14,10:10,M 40-44/50,M-43,341,4:26:52,48.58%
513,Summer Sweeney,"Santee, CA",1210,4:26:14,10:10,F 40-44/18,F-41,172,4:26:53,52.80%
514,Michele O'Brien,"Oro Valley, AZ",919,4:26:23,10:10,F 50-54/9,F-51,173,4:27:02,58.53%
515,Cindy Nissen,"San Diego, CA",915,4:26:32,10:10,F 25-29/33,F-29,174,4:27:12,50.81%
516,Michael Holmes,"Dublin, CA",602,4:26:33,10:10,M 30-34/55,M-31,342,4:27:19,46.13%
517,Emily Buckley,"La Jolla, CA",242,4:26:33,10:10,F 18-24/16,F-22,175,4:26:45,50.81%
518,Bryan O'Neill,"Carlsbad, CA",923,4:26:42,10:11,M 35-39/64,M-37,343,4:27:32,46.65%
519,Christopher Rodney,"Oceanside, CA",1050,4:26:48,10:11,M 30-34/56,M-33,344,4:27:09,46.14%
520,Allison Garcia,"La Jolla, CA",484,4:26:51,10:11,F 40-44/19,F-41,176,4:27:41,52.67%
521,Mark Evans,"Coronado, CA",438,4:27:01,10:12,M 40-44/51,M-40,345,4:27:15,47.35%
522,Federico Capati Jr,"Chula Vista, CA",265,4:27:10,10:12,M 45-49/63,M-47,346,4:28:06,50.05%
523,Brittany Russell,"La Jolla, CA",1075,4:27:13,10:12,F 30-34/35,F-33,177,4:28:22,50.81%
524,Grant Graber,"Carlsbad, CA",1468,4:27:22,10:12,M 45-49/64,M-47,347,4:28:12,50.02%
525,Alma Martinez,"San Diego, CA",810,4:27:32,10:13,F 50-54/10,F-51,178,4:27:48,58.28%
526,Jeff Brennan,"Palm Desert, CA",225,4:27:39,10:13,M 45-49/65,M-45,348,4:28:28,49.13%
527,David Smith,"Encinitas, CA",1173,4:27:43,10:13,M 60-64/6,M-62,349,4:28:10,57.21%
528,Angel Nieves,"Durham, NC",913,4:27:51,10:13,M 45-49/66,M-46,350,4:28:48,49.50%
529,Krista Miller,"Vandenberg Afb, CA",852,4:27:53,10:14,F 25-29/34,F-29,179,4:28:23,50.55%
530,Kelly Bruhn,"San Diego, CA",240,4:27:55,10:14,F 40-44/20,F-41,180,4:28:42,52.46%
531,John Clement,"San Diego, CA",311,4:28:24,10:15,M 40-44/52,M-44,351,4:29:13,48.59%
532,Janet Chenier,"Del Mar, CA",295,4:28:28,10:15,F 60-64/2,F-60,181,4:29:05,65.54%
533,Kevin Egger,"San Diego, CA",416,4:28:42,10:15,M 25-29/30,M-29,352,4:29:17,45.76%
534,Kent Kondo,"Los Angeles, CA",1410,4:28:44,10:15,M 50-54/36,M-52,353,4:29:17,51.96%
535,Nancy Browne,"Gardnerville, NV",238,4:28:46,10:16,F 45-49/26,F-47,182,4:29:27,55.24%
536,Jason Goebel,"Chula Vista, CA",516,4:29:24,10:17,M 35-39/65,M-39,354,4:29:57,46.65%
537,Janet Patkowa,"Henderson, NV",962,4:29:26,10:17,F 40-44/21,F-43,183,4:30:23,52.97%
538,Vanessa Kline,"Hesperia, CA",1473,4:29:36,10:17,F 30-34/36,F-34,184,4:30:23,50.47%
539,Brisa Hughes,"Chula Vista, CA",617,4:29:36,10:17,F 30-34/37,F-34,185,4:29:54,50.47%
540,Ryan Anderson,"Oceanside, CA",124,4:29:43,10:18,M 30-34/57,M-31,355,4:30:08,45.59%
541,Samantha Hosenkamp,"San Diego, CA",608,4:29:51,10:18,F 30-34/38,F-32,186,4:30:43,50.24%
542,Anna Stepanenko,"San Diego, CA",1195,4:29:51,10:18,F 40-44/22,F-44,187,4:30:45,53.35%
543,Robin Secades,"Carlsbad, CA",1133,4:29:54,10:18,F 45-49/27,F-46,188,4:30:44,54.40%
544,Michelle Zurlo,"Potomac Falls, VA",1381,4:30:05,10:19,F 25-29/35,F-25,189,4:30:12,50.14%
545,Shelbi Ratliff,"Cornelius, NC",1015,4:30:05,10:19,F 25-29/36,F-25,190,4:30:13,50.14%
546,Asa Carrasco,"Oceanside, CA",271,4:30:07,10:19,M 40-44/53,M-43,356,4:30:53,47.88%
547,Jeffrey Kay,"La Jolla, CA",665,4:30:10,10:19,M 30-34/58,M-31,357,4:30:48,45.51%
548,Cristina Dressel,"Olympia, WA",400,4:30:55,10:20,F 30-34/39,F-30,191,4:31:39,49.99%
549,Evelyne Huegi,"Corona Del Mar, CA",616,4:30:56,10:20,F 60-64/3,F-60,192,4:31:39,64.95%
550,Shangrila Rendon,"Pasadena, CA",1028,4:31:05,10:21,F 30-34/40,F-34,193,4:31:57,50.19%
551,Theresa Perales,"San Diego, CA",968,4:31:20,10:21,F 35-39/33,F-35,194,4:33:00,50.29%
552,Heidi Kelsch,"Phoenix, AZ",670,4:31:23,10:22,F 40-44/23,F-40,195,4:33:15,51.45%
553,Brien Dodd,"Orange, CA",388,4:31:36,10:22,M 55-59/23,M-59,358,4:32:28,54.80%
554,Jimmy Hwang,"La Mesa, CA",626,4:31:48,10:22,M 60-64/7,M-64,359,4:32:31,57.47%
555,Ryan Boslego,"San Diego, CA",210,4:31:52,10:23,M 35-39/66,M-36,360,4:32:41,45.59%
556,Lucie Murray,"Los Angeles, CA",882,4:32:05,10:23,F 40-44/24,F-44,196,4:32:47,52.92%
557,Lucia Caiata,"CH, ",1388,4:32:13,10:23,F 18-24/17,F-22,197,4:32:34,49.75%
558,Kristen Harr,"Carlsbad, CA",557,4:32:22,10:24,F 35-39/34,F-39,198,4:33:00,50.96%
559,David Armstrong,"San Diego, CA",131,4:32:27,10:24,M 30-34/59,M-33,361,4:32:32,45.18%
560,Alexis Chamness,"Highlands Ranch, CO",1458,4:32:33,10:24,F 18-24/18,F-18,199,4:32:50,50.23%
561,Frank Zamani,"Cupertino, CA",1368,4:32:42,10:25,M 50-54/37,M-51,362,4:32:50,50.75%
562,Bruce Pettibone,"Carlsbad, CA",977,4:32:44,10:25,M 60-64/8,M-61,363,4:33:16,55.62%
563,Louis Ponce,"Campbell, CA",991,4:32:55,10:25,M 45-49/67,M-45,364,4:33:39,48.19%
564,Eric Navarro,"Chula Vista, CA",891,4:32:58,10:25,M 35-39/67,M-37,365,4:33:50,45.58%
565,David Leonard,"San Diego, CA",749,4:33:12,10:26,M 55-59/24,M-55,366,4:33:25,52.50%
566,Pablo Cabeera,"Hartford, CT",1387,4:33:20,10:26,M 25-29/31,M-26,367,4:33:20,44.98%
567,Keizo Amakawa,"Encinitas, CA",117,4:33:24,10:26,M 55-59/25,M-56,368,4:33:51,52.94%
568,Craig Anderson,"Corona, CA",120,4:33:35,10:27,M 50-54/38,M-50,369,4:33:42,50.15%
569,Scott Coe,"Portland, OR",316,4:33:38,10:27,M 55-59/26,M-59,370,4:34:00,54.39%
570,Patrick Kingsbury,"San Diego, CA",680,4:33:38,10:27,M 60-64/9,M-61,371,4:34:05,55.44%
571,Jen A,"Lake Forest, CA",101,4:33:43,10:27,F 40-44/25,F-41,200,4:34:24,51.35%
572,Michelle Speers,"South Pasadena, CA",1186,4:33:43,10:27,F 50-54/11,F-51,201,4:34:25,56.96%
573,Katie Krapes,"Ringwood, NJ",699,4:33:44,10:27,F 25-29/37,F-28,202,4:34:48,49.47%
574,Patrick Boudrot,"Roslindale, MA",212,4:33:53,10:27,M 30-34/60,M-31,372,4:34:42,44.89%
575,Craig Kiest,"Portland, OR",1514,4:34:00,10:28,M 60-64/10,M-60,373,4:34:22,54.84%
576,Jennifer Hoffman,"Folsom, CA",595,4:34:04,10:28,F 18-24/19,F-19,203,4:34:31,49.55%
577,Brandon Pate,"San Diego, CA",958,4:34:30,10:29,M 25-29/32,M-29,374,4:35:09,44.79%
578,Carmen Bravo,"Brawley, CA",223,4:34:38,10:29,F 30-34/41,F-34,204,4:35:07,49.54%
579,Mairead Ripp,"Carlsbad, CA",1040,4:35:01,10:30,F 25-29/38,F-25,205,4:35:40,49.24%
580,Charles Hollingsworth,"Oceanside, CA",598,4:35:07,10:30,M 30-34/61,M-30,375,4:35:23,44.69%
581,James Adams,"Yuma, AZ",105,4:35:21,10:31,M 45-49/68,M-47,376,4:35:28,48.57%
582,Derek Gonzales,"San Marcos, CA",1506,4:35:35,10:31,M 35-39/68,M-36,377,4:36:03,44.97%
583,Ali Coons,"San Diego, CA",338,4:36:11,10:33,F 30-34/42,F-34,206,4:37:08,49.26%
584,Vic Balwinder Sachdev,"San Diego, CA",1081,4:36:16,10:33,M 30-34/62,M-32,378,4:37:39,44.51%
585,Tatiana Gaur,"Culver City, CA",502,4:36:21,10:33,F 40-44/26,F-41,207,4:37:07,50.86%
586,Reema Krichati,"San Diego, CA",701,4:36:29,10:33,F 18-24/20,F-19,208,4:37:17,49.11%
587,Brian Belasco,"Vista, CA",178,4:36:30,10:33,M 35-39/69,M-37,379,4:37:06,45.00%
588,Adam Ko,"Chula Vista, CA",687,4:36:33,10:33,M 30-34/63,M-34,380,4:37:13,44.58%
589,Steve Martin,"Chula Vista, CA",809,4:36:34,10:33,M 40-44/54,M-43,381,4:37:13,46.77%
590,David Shirley,"Oceanside, CA",1151,4:36:38,10:34,M 25-29/33,M-27,382,4:37:30,44.45%
591,Robert Pixley,"San Diego, CA",988,4:36:40,10:34,M 50-54/39,M-53,383,4:37:29,50.92%
592,Kristina Marchesano,"Santee, CA",799,4:37:01,10:34,F 40-44/27,F-41,209,4:37:43,50.74%
593,Kelli Hustead,"Saint George, UT",1512,4:37:12,10:35,F 40-44/28,F-44,210,4:37:48,51.94%
594,Kumiko Warner,"San Diego, CA",1303,4:37:16,10:35,F 35-39/35,F-36,211,4:38:12,49.37%
595,Angela Barger,"CA, ",150,4:37:21,10:35,F 45-49/28,F-47,212,4:38:05,53.53%
596,Kevin Branderhorst,"San Diego, CA",219,4:37:22,10:35,M 25-29/34,M-25,384,4:37:57,44.33%
597,Judy Nishi,"San Diego, CA",914,4:37:57,10:37,F 55-59/4,F-55,213,4:38:54,59.08%
598,Dennis Michael,"San Diego, CA",848,4:38:21,10:37,M 60-64/11,M-63,385,4:39:14,55.56%
599,Nicholas Franco,"Murrieta, CA",1402,4:38:24,10:38,M 30-34/64,M-32,386,4:39:17,44.17%
600,Kameron Wong,"Poway, CA",1344,4:38:41,10:38,M 50-54/40,M-51,387,4:39:26,49.67%
601,Stephen Harman,"GB, ",555,4:38:52,10:39,M 50-54/41,M-50,388,4:39:38,49.20%
602,Nancy Lara,"Carlsbad, CA",725,4:39:11,10:39,F 50-54/12,F-50,214,4:39:24,55.15%
603,Kathryn Bossart,"Yuma, AZ",211,4:39:27,10:40,F 30-34/43,F-33,215,4:39:32,48.59%
604,Margaret Seymour,"San Diego, CA",1140,4:39:27,10:40,F 25-29/39,F-29,216,4:39:32,48.46%
605,Jennie Verry,"Chesapeake, VA",1278,4:39:28,10:40,F 40-44/29,F-43,217,4:39:32,51.07%
606,Cindy Carlson,"Cerritos, CA",269,4:39:36,10:40,F 40-44/30,F-42,218,4:40:46,50.64%
607,Jaime Marie Pinckard,"Murrieta, CA",984,4:39:40,10:40,F 25-29/40,F-25,219,4:40:22,48.42%
608,Carlos Rodriguez,"Chula Vista, CA",1053,4:39:41,10:41,M 50-54/42,M-53,389,4:40:13,50.37%
609,Dallas Daley,"Midland, TX",359,4:39:58,10:41,M 25-29/35,M-28,390,4:40:37,43.92%
610,Terry Charles,"Spring Valley, CA",291,4:39:59,10:41,M 45-49/69,M-46,391,4:40:29,47.36%
611,David McCorquodale,"Wilmington, DE",827,4:40:04,10:41,M 70-74/1,M-71,392,4:40:49,59.94%
612,Julie Sabin,"Henderson, NV",1079,4:40:15,10:42,F 35-39/36,F-36,220,4:41:00,48.85%
613,Genie Bianchi,"La Jolla, CA",193,4:40:23,10:42,F 30-34/44,F-33,221,4:41:24,48.42%
614,Sandra Gonzalez,"Vista, CA",1404,4:40:26,10:42,F 30-34/45,F-33,222,4:41:13,48.42%
615,Allison Hawley,"Oceanside, CA",565,4:40:43,10:43,F 30-34/46,F-33,223,4:41:25,48.37%
616,Christopher O'Neil,"San Diego, CA",932,4:40:44,10:43,M 30-34/65,M-32,393,4:41:20,43.80%
617,Brett Simmons,"San Diego, CA",1158,4:40:47,10:43,M 30-34/66,M-33,394,4:41:09,43.84%
618,Laura Dawson,"San Jose, CA",368,4:40:51,10:43,F 45-49/29,F-45,224,4:42:07,51.75%
619,David Capuno,"Chula Vista, CA",267,4:40:51,10:43,M 40-44/55,M-44,395,4:41:47,46.44%
620,Angelica Lagunas,"San Diego, CA",716,4:40:58,10:43,F 45-49/30,F-45,225,4:41:58,51.73%
621,Sandy White,"Tucson, AZ",1324,4:41:13,10:44,F 50-54/13,F-53,226,4:41:52,56.88%
622,Xiaochuan Li,"Chesterfield, MO",757,4:41:28,10:45,M 40-44/56,M-40,396,4:41:31,44.92%
623,Larry Martin,"San Diego, CA",807,4:41:31,10:45,M 45-49/70,M-47,397,4:42:36,47.50%
624,Scott Hall,"Blue Springs, MO",547,4:41:32,10:45,M 35-39/70,M-38,398,4:42:22,44.40%
625,Barry O'Brien,"IE, ",1418,4:41:35,10:45,M 50-54/43,M-50,399,4:42:51,48.73%
626,J Taniguchi,"Huntington Beach, CA",1215,4:41:40,10:45,M 55-59/27,M-56,400,4:43:26,51.39%
627,Reggie Santos,"Cypress, CA",1103,4:41:53,10:46,M 55-59/28,M-55,401,4:42:42,50.89%
628,Ricky Moreno,"Coronado, CA",867,4:41:54,10:46,M 35-39/71,M-37,402,4:42:16,44.14%
629,Kelsey Stief,"Westerville, OH",1200,4:41:58,10:46,F 25-29/41,F-27,227,4:42:47,48.03%
630,Halee Stief,"Upper Sandusky, OH",1199,4:41:58,10:46,F 18-24/21,F-21,228,4:42:46,48.03%
631,John Templer,"San Diego, CA",1222,4:42:16,10:46,M 45-49/71,M-45,403,4:43:05,46.59%
632,Kevin Rykoski,"Palomar Mountain, CA",1077,4:42:21,10:47,M 55-59/29,M-58,404,4:43:14,52.22%
633,Joshua Coleman,"Milwaukee, WI",321,4:42:21,10:47,M 25-29/36,M-28,405,4:43:11,43.55%
634,Tom Le,"San Diego, CA",735,4:42:23,10:47,M 45-49/72,M-45,406,4:42:51,46.57%
635,Yolanda Brinkley,"Playa Del Rey, CA",231,4:42:25,10:47,F 30-34/47,F-31,229,4:44:56,47.96%
636,Tom Nieblas,"Corona, CA",912,4:42:26,10:47,M 55-59/30,M-58,407,4:43:26,52.20%
637,Luis Munoz,"Los Angeles, CA",880,4:42:54,10:48,M 30-34/67,M-32,408,4:43:47,43.47%
638,Ashley Whipple,"San Diego, CA",1322,4:43:02,10:48,F 25-29/42,F-27,230,4:44:10,47.85%
639,Jennifer Goldston,"San Diego, CA",517,4:43:02,10:48,F 40-44/31,F-41,231,4:44:10,49.66%
640,Rodolfo Sierra,"Chula Vista, CA",1156,4:43:20,10:49,M 45-49/73,M-45,409,4:43:58,46.41%
641,Karie Torres,"Corona, CA",1496,4:43:22,10:49,F 40-44/32,F-41,232,4:44:12,49.60%
642,Sandra Vivas,"San Diego, CA",1497,4:43:23,10:49,F 40-44/33,F-41,233,4:44:12,49.60%
643,Leah Wilson,"Laguna Hills, CA",1335,4:43:50,10:50,F 30-34/48,F-34,234,4:44:10,47.94%
644,Blandino Asuncion,"Moreno Valley, CA",136,4:43:58,10:50,M 60-64/12,M-61,410,4:44:46,53.42%
645,Jeff Dufek,"San Marcos, CA",405,4:44:07,10:51,M 40-44/57,M-40,411,4:44:11,44.50%
646,Faye Saunders,"San Diego, CA",1106,4:44:25,10:51,F 35-39/37,F-36,235,4:45:24,48.13%
647,Eugene Bock,"Vista, CA",1385,4:44:31,10:52,M 45-49/74,M-47,412,4:45:37,47.00%
648,Michael Holz,"San Diego, CA",605,4:44:38,10:52,M 45-49/75,M-49,413,4:45:34,47.79%
649,Bill Ralph,"Seattle, WA",1011,4:44:41,10:52,M 55-59/31,M-58,414,4:45:04,51.79%
650,Rachel Hernandez,"Eureka, CA",581,4:45:06,10:53,F 35-39/38,F-35,236,4:46:17,47.86%
651,Kai Zu,"La Mesa, CA",1378,4:45:08,10:53,M 45-49/76,M-48,415,4:46:14,47.29%
652,Ron Young,"Carlsbad, CA",1363,4:45:37,10:54,M 55-59/32,M-55,416,4:46:26,50.22%
653,Horacio Cruz,"San Diego, CA",350,4:45:58,10:55,M 30-34/68,M-33,417,4:46:57,43.04%
654,Rachel Tomaino,"Imperial Beach, CA",1232,4:46:16,10:56,F 35-39/39,F-36,237,4:46:30,47.82%
655,John Dreager,"Fountain Hills, AZ",398,4:46:18,10:56,M 40-44/58,M-42,418,4:46:31,44.81%
656,Laura Schneider,"San Diego, CA",1116,4:46:27,10:56,F 30-34/49,F-30,238,4:47:14,47.28%
657,Peter Cook,"Los Angeles, CA",1392,4:46:31,10:56,M 50-54/44,M-53,419,4:46:41,49.17%
658,Ashley Cole,"Oceanside, CA",318,4:46:37,10:56,F 25-29/43,F-27,239,4:47:19,47.25%
659,Tim Daly,"Carlsbad, CA",360,4:46:45,10:57,M 55-59/33,M-55,420,4:48:46,50.02%
660,Candice Robinson,"Oceanside, CA",1043,4:46:45,10:57,F 25-29/44,F-26,240,4:46:58,47.23%
661,Jung-Tsung Li,"La Jolla, CA",756,4:46:47,10:57,M 25-29/37,M-26,421,4:47:58,42.87%
662,Albert Lee,"Redlands, CA",738,4:46:49,10:57,M 55-59/34,M-58,422,4:47:44,51.40%
663,Nadirah Nayo,"Pasadena, CA",895,4:46:55,10:57,F 45-49/31,F-48,241,4:48:08,52.35%
664,Brita Lum,"San Diego, CA",781,4:46:56,10:57,F 35-39/40,F-37,242,4:47:54,47.89%
665,Ana Rabago,"San Ysidro, CA",1008,4:46:58,10:57,F 45-49/32,F-46,243,4:47:50,51.16%
666,Armando Chacon,"Oceanside, CA",282,4:47:05,10:57,M 45-49/77,M-45,423,4:48:05,45.81%
667,Lynda Chang,"San Diego, CA",287,4:47:05,10:57,F 40-44/34,F-40,244,4:47:31,48.64%
668,Johanna Alandt,"Vista, CA",110,4:47:15,10:58,F 60-64/4,F-61,245,4:48:16,62.15%
669,Alejandro Hernandez,"Chula Vista, CA",580,4:47:17,10:58,M 40-44/59,M-44,424,4:48:25,45.40%
670,Patrick Sweet,"San Diego, CA",1211,4:47:34,10:59,M 35-39/72,M-38,425,4:49:29,43.46%
671,Crystal Stewart,"San Diego, CA",1197,4:47:51,10:59,F 35-39/41,F-36,246,4:48:42,47.56%
672,Chris Darigo,"San Diego, CA",362,4:48:05,11:00,M 30-34/69,M-31,426,4:48:49,42.68%
673,Jorge Carrillo,"Davis, CA",273,4:48:11,11:00,M 65-69/8,M-65,427,4:48:22,54.74%
674,Kim Vo,"San Diego, CA",1285,4:48:15,11:00,M 50-54/45,M-50,428,4:49:05,47.60%
675,William Bachicha,"Rocklin, CA",1382,4:48:18,11:00,M 50-54/46,M-52,429,4:50:28,48.43%
676,Katie Bindschadler,"Tucson, AZ",196,4:48:30,11:01,F 50-54/14,F-52,247,4:48:54,54.73%
677,Steve Cumming,"Murrieta, CA",354,4:48:46,11:01,M 45-49/78,M-46,430,4:49:28,45.92%
678,Mirko Marrone,"San Marcos, CA",806,4:48:55,11:02,M 35-39/73,M-35,431,4:49:43,42.77%
679,Jonathan Catangay,"Chula Vista, CA",278,4:49:02,11:02,M 35-39/74,M-35,432,4:49:58,42.75%
680,Moriah Westfall,"La Jolla, CA",1317,4:49:09,11:02,F 35-39/42,F-37,248,4:50:10,47.53%
681,Ashkon Banihashemi,"Redlands, CA",145,4:49:14,11:02,M 25-29/38,M-26,433,4:49:46,42.51%
682,Jeanine Neiman,"Chula Vista, CA",898,4:49:16,11:02,F 30-34/50,F-34,249,4:50:13,47.04%
683,Noel Garibay,"Escondido, CA",493,4:49:17,11:02,M 45-49/79,M-45,434,4:50:25,45.46%
684,Natalie Cuthbert,"San Diego, CA",1393,4:49:29,11:03,F 30-34/51,F-31,250,4:50:17,46.79%
685,Alison McGinnis,"Anaheim, CA",832,4:49:46,11:04,F 35-39/43,F-35,251,4:50:44,47.09%
686,Ric Basanese,"Carlsbad, CA",161,4:49:47,11:04,M 50-54/47,M-52,435,4:50:39,48.18%
687,Raven Zuniga,"Downey, CA",1380,4:49:57,11:04,F 40-44/35,F-40,252,4:50:03,48.15%
688,Brandon Huntley,"Chandler, AZ",623,4:50:02,11:04,M 45-49/80,M-45,436,4:50:53,45.34%
689,Lee Movic,"San Diego, CA",876,4:50:11,11:05,M 30-34/70,M-31,437,4:51:10,42.37%
690,Alyson Watson,"Pacifica, CA",1307,4:50:30,11:05,F 35-39/44,F-38,253,4:51:20,47.53%
691,Eszter Szatmary,"San Diego, CA",1212,4:50:32,11:05,F 40-44/36,F-40,254,4:51:21,48.06%
692,Brady Porter,"Eastvale, CA",994,4:50:40,11:06,M 35-39/75,M-38,438,4:51:02,43.00%
693,Amanda Hall,"Blue Springs, MO",546,4:50:46,11:06,F 30-34/52,F-33,255,4:51:35,46.70%
694,Luke Foster,"Reedley, CA",466,4:51:01,11:06,M 18-24/9,M-20,439,4:51:41,42.25%
695,Meggan Weinell,"San Francisco, CA",1311,4:51:04,11:07,F 18-24/22,F-24,256,4:51:52,46.53%
696,Kendra Keenan,"Carlsbad, CA",668,4:51:05,11:07,F 18-24/23,F-24,257,4:51:53,46.52%
697,Yangyang Sun,"San Diego, CA",1204,4:51:16,11:07,F 35-39/45,F-38,258,4:51:19,47.40%
698,Bethany Schramm,"Bakersfield, CA",1490,4:51:18,11:07,F 40-44/37,F-43,259,4:52:17,49.00%
699,Christopher Brown,"Carlsbad, CA",234,4:51:43,11:08,M 35-39/76,M-37,440,4:51:58,42.65%
700,Joe Garbutt,"Murrieta, CA",482,4:51:58,11:09,M 50-54/48,M-50,441,4:52:36,46.99%
701,Kayley Garbutt,"Murrieta, CA",483,4:51:59,11:09,F 25-29/45,F-28,260,4:52:37,46.38%
702,Emily Parker,"Encinitas, CA",952,4:52:07,11:09,F 40-44/38,F-40,261,4:53:20,47.80%
703,Jane Perez,"San Diego, CA",1422,4:52:11,11:09,F 30-34/53,F-34,262,4:52:56,46.57%
704,Kendra Blankenship,"Laguna Hills, CA",201,4:52:16,11:09,F 40-44/39,F-40,263,4:52:36,47.77%
705,Daniel Luna Arellano,"San Diego, CA",783,4:52:22,11:10,M 40-44/60,M-43,442,4:52:23,44.24%
706,Jeanette Perry,"Henderson, NV",973,4:52:23,11:10,F 30-34/54,F-33,264,4:53:25,46.44%
707,Donald Sevesind,"Covina, CA",1432,4:52:25,11:10,M 40-44/61,M-41,443,4:53:11,43.54%
708,Stacy Laney,"San Diego, CA",722,4:52:45,11:10,F 35-39/46,F-38,265,4:53:05,47.16%
709,Christopher Smith,"Hobbs, NM",1172,4:52:46,11:10,M 30-34/71,M-34,444,4:53:25,42.11%
710,Sarah Johnson,"Solana Beach, CA",649,4:52:53,11:11,F 25-29/46,F-26,266,4:54:01,46.24%
711,Danielle Debano,"Chula Vista, CA",375,4:52:57,11:11,F 25-29/47,F-29,267,4:53:53,46.23%
712,Sean Walsh,"La Jolla, CA",1297,4:53:00,11:11,M 18-24/10,M-24,445,4:53:14,41.96%
713,Angelica Wolff,"Oceanside, CA",1448,4:53:13,11:12,F 30-34/55,F-31,268,4:54:16,46.20%
714,Kratin Kumar,"San Diego, CA",708,4:53:15,11:12,M 01-17/4,M-15,446,4:54:09,43.42%
715,Sue Cox,"San Diego, CA",347,4:53:18,11:12,F 55-59/5,F-55,269,4:54:06,55.99%
716,Henry Kwo,"Phoenix, AZ",711,4:53:19,11:12,M 30-34/72,M-32,447,4:53:31,41.93%
717,Vaughan Watson,"Encinitas, CA",1308,4:53:22,11:12,M 50-54/49,M-50,448,4:53:42,46.77%
718,Huy Le,"Redlands, CA",733,4:53:35,11:12,F 40-44/40,F-44,270,4:54:25,49.04%
719,Michelle Johanski,"Snohomish, WA",645,4:54:03,11:13,F 35-39/47,F-37,271,4:55:13,46.74%
720,Brian Johanski,"Snohomish, WA",644,4:54:03,11:13,M 40-44/62,M-40,449,4:55:12,43.00%
721,Reba Tuetken,"San Diego, CA",1247,4:54:23,11:14,F 50-54/15,F-51,272,4:54:57,52.96%
722,Edmund Doucette,"El Cajon, APO",1503,4:54:37,11:15,M 25-29/39,M-26,450,4:55:25,41.73%
723,Jared Barton,"Chula Vista, CA",160,4:54:37,11:15,M 25-29/40,M-29,451,4:55:24,41.73%
724,Kurt Spingath,"Steilacoom, WA",1190,4:54:39,11:15,M 60-64/13,M-60,452,4:55:27,51.00%
725,Dennis Tucker,"San Marcos, CA",1244,4:54:55,11:15,M 45-49/81,M-46,453,4:56:00,44.96%
726,Oyvind Dossland,"San Clemente, CA",392,4:55:16,11:16,M 55-59/35,M-56,454,4:55:18,49.02%
727,Hugo Lepur,"Santee, CA",751,4:55:41,11:17,M 45-49/82,M-46,455,4:56:38,44.84%
728,Michael Noble,"San Diego, CA",1417,4:55:43,11:17,M 40-44/63,M-42,456,4:56:42,43.38%
729,Jessica Speer,"Chula Vista, CA",1185,4:55:47,11:17,F 30-34/56,F-32,273,4:56:44,45.84%
730,Amber Berg,"Solana Beach, CA",186,4:55:52,11:18,F 35-39/48,F-39,274,4:57:07,46.91%
731,Brian Grasso,"Santee, CA",526,4:55:56,11:18,M 35-39/77,M-37,457,4:56:39,42.04%
732,Vincent Phan,"San Diego, CA",979,4:56:05,11:18,M 40-44/64,M-43,458,4:57:06,43.68%
733,Melvi Francisco,"San Diego, CA",468,4:56:14,11:18,F 35-39/49,F-37,275,4:58:06,46.39%
734,Arthur Santos,"San Diego, CA",1101,4:56:15,11:18,M 45-49/83,M-45,459,4:58:06,44.39%
735,Jess Kiebach,"Menifee, CA",678,4:56:29,11:19,M 40-44/65,M-40,460,4:57:08,42.65%
736,Dedrick Girley,"Carlsbad, CA",512,4:56:48,11:20,M 40-44/66,M-44,461,4:56:50,43.94%
737,Margaret Wong,"New York, NY",1345,4:56:49,11:20,F 35-39/50,F-36,276,4:57:08,46.12%
738,Ana Pazos,"Carlsbad, CA",965,4:56:52,11:20,F 45-49/33,F-45,277,4:57:44,48.96%
739,Dannielle Ivey,"Redlands, CA",633,4:57:02,11:20,F 35-39/51,F-37,278,4:58:18,46.27%
740,Barry Peters,"San Diego, CA",974,4:57:24,11:21,M 55-59/36,M-58,462,4:58:24,49.58%
741,Shannon Ferrigno,"San Diego, CA",453,4:57:56,11:22,F 25-29/48,F-28,279,4:58:57,45.45%
742,Scott Moon,"Tustin, CA",864,4:57:59,11:22,M 35-39/78,M-35,463,4:58:36,41.47%
743,David Baum,"San Diego, CA",167,4:58:13,11:23,M 60-64/14,M-61,464,4:59:14,50.87%
744,Kris Duncan,"CA, ",407,4:58:26,11:23,M 40-44/67,M-40,465,4:59:11,42.37%
745,Les Martin,"San Francisco, CA",808,4:58:31,11:24,M 75-79/1,M-75,466,4:58:31,59.45%
746,Jim Tello,"Chula Vista, CA",1520,4:58:40,11:24,M 50-54/50,M-54,467,4:59:52,47.59%
747,Renee Neufeld,"Anchorage, AK",1483,4:58:41,11:24,F 35-39/52,F-35,280,4:59:50,45.68%
748,John Hinman,"Carlsbad, CA",591,4:58:49,11:24,M 60-64/15,M-61,468,4:59:35,50.76%
749,Alberto Barba,"Azle, TX",1647,4:59:04,11:25,M 35-39/79,M-38,469,4:59:08,41.79%
750,Mark Santoro,"Playa Del Rey, CA",1489,4:59:09,11:25,M 55-59/37,M-58,470,4:59:56,49.29%
751,Larry Landry,"North Richland Hills, TX",721,4:59:25,11:26,M 60-64/16,M-64,471,5:00:24,52.17%
752,Dennis Herris,"Canton, OH",584,4:59:28,11:26,M 65-69/9,M-65,472,4:59:44,52.68%
753,Nancy Knoll,"Warren, MI",1409,4:59:28,11:26,F 55-59/6,F-59,281,5:00:04,57.93%
754,Linh Bui,"Los Angeles, CA",246,4:59:34,11:26,F 25-29/49,F-29,282,5:00:20,45.21%
755,Katie Shaffer,"Carlsbad, CA",1142,4:59:42,11:26,F 25-29/50,F-25,283,5:00:33,45.19%
756,Brian Cepaitis,"Ridgecrest, CA",281,4:59:48,11:27,M 40-44/68,M-40,473,5:00:37,42.17%
757,Matt Moran,"Vista, CA",866,4:59:52,11:27,M 40-44/69,M-41,474,5:01:06,42.45%
758,Sheila Christine McQuaid-Moran,"Vista, CA",837,4:59:53,11:27,F 40-44/41,F-44,284,5:01:07,48.01%
759,Glenda Palafox,"San Diego, CA",948,5:00:05,11:27,F 30-34/57,F-33,285,5:00:15,45.25%
760,Bill Mortimer,"San Diego, CA",871,5:00:17,11:28,M 30-34/73,M-34,475,5:00:26,41.06%
761,Dawn Emry,"San Diego, CA",422,5:00:22,11:28,F 35-39/53,F-38,286,5:00:43,45.97%
762,Jennifer Baldwin,"Rancho Santa Margarita, CA",1455,5:00:32,11:28,F 40-44/42,F-43,287,5:01:17,47.49%
763,Luke Lauer,"La Jolla, CA",730,5:00:33,11:28,M 40-44/70,M-41,476,5:01:27,42.36%
764,Mark Strauss,"Olympia, WA",1612,5:00:41,11:29,M 55-59/38,M-56,477,5:01:41,48.14%
765,Chaz Fitzhugh,"Woodland Hills, CA",459,5:01:20,11:30,M 60-64/17,M-60,478,5:02:07,49.86%
766,Hannah Zulueta,"San Diego, CA",1379,5:01:24,11:30,F 40-44/43,F-42,288,5:02:12,46.98%
767,Kimberly Luu,"San Diego, CA",787,5:01:24,11:30,F 35-39/54,F-39,289,5:02:12,46.05%
768,Johnny Hsin,"Chino Hills, CA",614,5:01:44,11:31,M 55-59/39,M-57,479,5:02:05,48.41%
769,Niko Rounds,"San Diego, CA",1066,5:02:13,11:32,M 18-24/11,M-22,480,5:02:53,40.68%
770,Dan Hull,"Oceanside, CA",620,5:02:17,11:32,M 45-49/84,M-45,481,5:03:00,43.50%
771,Sarah Tomal,"La Mesa, CA",1234,5:02:31,11:33,F 25-29/51,F-29,290,5:03:35,44.77%
772,Isaac Garcia,"Pasadena, CA",489,5:02:42,11:33,M 35-39/80,M-38,482,5:02:56,41.29%
773,Silverio Rivas,"Alta Loma, CA",1425,5:02:42,11:33,M 55-59/40,M-58,483,5:03:06,48.71%
774,Josh U'Ren,"Escondido, CA",1252,5:03:02,11:34,M 40-44/71,M-41,484,5:03:57,42.01%
775,Duyen Howe,"Carlsbad, CA",612,5:03:26,11:35,F 40-44/44,F-42,291,5:04:26,46.66%
776,Janet Cho,"Fresh Meadows, NY",299,5:03:44,11:36,F 40-44/45,F-41,292,5:04:03,46.28%
777,Claudia Uchima,"Atlanta, GA",1253,5:03:51,11:36,F 35-39/55,F-39,293,5:04:00,45.68%
778,Jason Stewart,"Carlsbad, CA",1198,5:03:59,11:36,M 40-44/72,M-44,485,5:04:44,42.90%
779,Kristin Barsoom,"Reedley, CA",159,5:04:10,11:37,F 30-34/58,F-33,294,5:04:52,44.64%
780,David Pleman,"San Diego, CA",990,5:04:17,11:37,M 30-34/74,M-34,486,5:05:06,40.52%
781,Charlie Itchko,"San Diego, CA",632,5:04:37,11:38,M 60-64/18,M-61,487,5:04:52,49.80%
782,Leslie Willis,"San Diego, CA",1332,5:04:40,11:38,F 30-34/59,F-30,295,5:05:29,44.45%
783,Raul Orozco,"MX, ",935,5:04:50,11:38,M 25-29/41,M-26,488,5:05:11,40.34%
784,Rebecca Smith,"San Bernardino, CA",1175,5:04:59,11:38,F 45-49/34,F-48,296,5:06:13,49.25%
785,Joe Hoffman,"Trabuco Canyon, CA",596,5:05:06,11:39,M 55-59/41,M-55,489,5:06:00,47.01%
786,Nilda Vanderlipe,"San Marcos, CA",1263,5:05:14,11:39,F 50-54/16,F-53,297,5:06:51,52.41%
787,Gail Root,"Rancho Santa Fe, CA",1059,5:05:40,11:40,F 60-64/5,F-64,298,5:07:00,61.06%
788,Alvaro Pineda,"Oceanside, CA",985,5:06:02,11:41,M 30-34/75,M-34,490,5:07:16,40.29%
789,Angela Edwards,"Imperial Beach, CA",415,5:06:09,11:41,F 35-39/56,F-37,299,5:06:51,44.89%
790,Josef Oszuscik,"Carlsbad, CA",940,5:06:10,11:41,M 70-74/2,M-73,491,5:06:10,56.25%
791,Sherry Mahoney,"CA, ",794,5:06:47,11:43,F 50-54/17,F-51,300,5:07:41,50.82%
792,Jon Mahoney,"CA, ",793,5:06:48,11:43,M 60-64/19,M-63,492,5:07:41,50.41%
793,Josefina Perez,"San Diego, CA",969,5:06:53,11:43,F 30-34/60,F-33,301,5:07:48,44.24%
794,Katrina Rasmussen-Ream,"Oceanside, CA",1014,5:07:42,11:45,F 35-39/57,F-39,302,5:08:35,45.10%
795,Steven Rios,"San Diego, CA",1039,5:07:48,11:45,M 25-29/42,M-28,493,5:08:53,39.95%
796,Rosario Zamora,"Riverside, CA",1369,5:07:56,11:45,M 25-29/43,M-27,494,5:08:11,39.93%
797,Antonio Castelan,"Cardiff, CA",1501,5:08:00,11:45,M 40-44/73,M-41,495,5:08:13,41.33%
798,Victor Magalhaes,"San Diego, CA",791,5:08:23,11:46,M 50-54/51,M-51,496,5:09:06,44.88%
799,Don Pineda,"San Diego, CA",1486,5:08:34,11:47,M 40-44/74,M-43,497,5:08:47,41.92%
800,Jeffery Tuetken,"San Diego, CA",1246,5:08:36,11:47,M 55-59/42,M-58,498,5:09:55,47.78%
801,Andrea Hester,"Encinitas, CA",588,5:08:44,11:47,F 50-54/18,F-51,303,5:09:44,50.50%
802,John Co,"Norwalk, CA",313,5:08:48,11:47,M 25-29/44,M-26,499,5:09:57,39.82%
803,Pascale Ngo,"Cerritos, CA",904,5:08:48,11:47,F 25-29/52,F-28,304,5:09:57,43.85%
804,Beth Herzog,"Oceanside, CA",586,5:08:53,11:47,F 35-39/58,F-37,305,5:09:52,44.49%
805,Ashley Coleman,"Milwaukee, WI",320,5:08:57,11:47,F 25-29/53,F-28,306,5:09:47,43.83%
806,Victoria Brinkley,"San Diego, CA",230,5:09:08,11:48,F 25-29/54,F-29,307,5:11:38,43.81%
807,Shannon Fagerlund,"Carlsbad, CA",442,5:09:15,11:48,F 40-44/46,F-40,308,5:10:17,45.15%
808,Amy Cook,"Costa Mesa, CA",334,5:09:48,11:49,F 40-44/47,F-44,309,5:10:02,46.47%
809,Carlo Pineda,"Monterey Park, CA",1601,5:10:06,11:50,M 40-44/75,M-42,500,5:12:36,41.37%
810,Simon Ulmer,"Denver, CO",1255,5:10:07,11:50,M 70-74/3,M-70,501,5:11:02,53.54%
811,Doug Shea,"Santee, CA",1147,5:10:46,11:52,M 35-39/81,M-37,502,5:11:34,40.04%
812,Vida Sajedi,"San Diego, CA",1087,5:10:49,11:52,F 50-54/19,F-53,310,5:11:48,51.46%
813,Kyle Cory-Yaeggi,"Vista, CA",342,5:11:07,11:52,M 25-29/45,M-26,503,5:11:55,39.52%
814,Angela Rodriguez,"Chula Vista, CA",1052,5:11:21,11:53,F 30-34/61,F-31,311,5:12:13,43.51%
815,Nicole D'Alessandro,"Studio City, CA",356,5:11:47,11:54,F 45-49/35,F-45,312,5:12:41,46.62%
816,James Yanoschik,"Murrieta, CA",1355,5:11:48,11:54,M 55-59/43,M-59,504,5:12:47,47.74%
817,Rob Reape,"San Marcos, CA",1019,5:11:50,11:54,M 40-44/76,M-44,505,5:12:10,41.82%
818,Thomas Rudden Jr,"Carlsbad, CA",1072,5:12:04,11:55,M 25-29/46,M-26,506,5:13:36,39.40%
819,Elina Saeki,"Altadena, CA",1082,5:12:39,11:56,F 30-34/62,F-31,313,5:13:40,43.33%
820,Linda McFadden,"Modesto, CA",830,5:12:57,11:57,F 50-54/20,F-53,314,5:13:39,51.11%
821,Dhiraj Agrawal,"San Diego, CA",107,5:12:58,11:57,M 35-39/82,M-35,507,5:14:22,39.48%
822,James Ealer,"Waimanalo, HI",413,5:13:11,11:57,M 45-49/85,M-46,508,5:15:04,42.34%
823,Rico Acosta,"Oceanside, CA",104,5:13:35,11:58,M 35-39/83,M-36,509,5:14:18,39.52%
824,David Garrett,"La Mesa, CA",495,5:13:40,11:58,M 45-49/86,M-48,510,5:14:12,42.99%
825,James Morris III,"Sacramento, CA",870,5:13:54,11:59,M 50-54/52,M-52,511,5:14:35,44.48%
826,Charles Brown,"San Diego, CA",233,5:14:05,11:59,M 40-44/77,M-44,512,5:14:45,41.53%
827,Prudence Pedrotti,"Carlsbad, CA",1650,5:14:11,11:59,F 50-54/21,F-52,315,5:14:53,50.26%
828,Chioke Nayo,"Pasadena, CA",894,5:14:30,12:00,M 50-54/53,M-52,513,5:15:42,44.40%
829,Sonja Kulstad-Hurst,"Kamiah, ID",707,5:14:37,12:00,F 35-39/59,F-35,316,5:15:48,43.37%
830,Howard Ruble,"San Diego, CA",1071,5:14:44,12:01,M 25-29/47,M-29,514,5:15:57,39.07%
831,Alexander Reyes,"Poway, CA",1488,5:14:50,12:01,M 30-34/76,M-30,515,5:15:53,39.05%
832,Ashley Mumbower,"Fpo, AP",878,5:14:59,12:01,F 18-24/24,F-22,317,5:16:14,42.99%
833,Sharon Nardozza,"Encinitas, CA",889,5:15:16,12:02,F 50-54/22,F-54,318,5:16:20,51.41%
834,Patti Johnson,"San Diego, CA",648,5:15:17,12:02,F 55-59/7,F-58,319,5:16:19,54.26%
835,Ronly Schlenk,"Oceanside, CA",1115,5:15:17,12:02,F 50-54/23,F-52,320,5:16:20,50.08%
836,Abhijit Patil,"San Diego, CA",961,5:15:17,12:02,M 35-39/84,M-38,516,5:15:46,39.64%
837,Kirstin Kragten,"San Diego, CA",697,5:15:27,12:02,F 25-29/55,F-25,321,5:16:11,42.93%
838,Margaret Barrett,"Seattle, WA",155,5:15:52,12:03,F 55-59/8,F-56,322,5:17:03,52.69%
839,C Edward Clemmer,"CA, ",312,5:15:55,12:03,M 60-64/20,M-64,517,5:16:49,49.44%
840,Ron Leader,"San Diego, CA",736,5:16:10,12:04,M 45-49/87,M-48,518,5:17:00,42.65%
841,Susana Wallace,"San Marcos, CA",1295,5:16:49,12:06,F 35-39/60,F-39,323,5:17:21,43.81%
842,Mallory Liberty,"San Diego, CA",758,5:16:57,12:06,F 25-29/56,F-28,324,5:17:54,42.73%
843,David Head,"Las Vegas, NV",569,5:17:05,12:06,M 35-39/85,M-36,519,5:19:34,39.09%
844,Cristina Castro,"Chula Vista, CA",277,5:17:08,12:06,F 40-44/48,F-41,325,5:17:47,44.32%
845,William Kulhanek,"San Diego, CA",706,5:17:08,12:06,M 50-54/54,M-52,520,5:17:55,44.03%
846,Kristina Rich,"Salt Lake City, UT",1034,5:17:29,12:07,F 40-44/49,F-42,326,5:18:21,44.60%
847,Joanne Fagnani,"San Diego, CA",443,5:17:34,12:07,F 65-69/2,F-66,327,5:18:24,60.61%
848,Raul Ruiz,"Grandview, TX",1646,5:17:43,12:08,M NoAge/1,M-0,521,5:17:47, 0.00%
849,Jeffrey Hahn,"Chino Hills, CA",545,5:18:03,12:08,M 50-54/55,M-54,522,5:19:17,44.69%
850,Naomi Shimasaki,"San Diego, CA",1603,5:18:26,12:09,F 55-59/9,F-56,328,5:19:16,52.27%
851,Joseph Merrihew,"Bonita, CA",846,5:18:29,12:09,M 50-54/56,M-54,523,5:19:44,44.63%
852,Jennifer Juergens,"San Diego, CA",662,5:18:35,12:10,F 30-34/63,F-30,329,5:19:39,42.51%
853,Alexander Palafox,"San Diego, CA",947,5:18:45,12:10,M 30-34/77,M-34,524,5:18:54,38.68%
854,Christie Marra,"Alexandria, VA",804,5:18:46,12:10,F 35-39/61,F-37,330,5:19:34,43.11%
855,Emily Koltak,"El Cajon, CA",692,5:19:05,12:11,F 35-39/62,F-35,331,5:20:00,42.76%
856,Marco Velazquez,"Chino Hills, CA",1277,5:19:27,12:12,M 40-44/78,M-41,525,5:19:46,39.85%
857,Banafsheh Alai,"Escondido, CA",108,5:19:31,12:12,F 40-44/50,F-42,332,5:19:59,44.31%
858,Tom Bridges,"San Diego, CA",227,5:19:45,12:12,M 55-59/44,M-57,526,5:20:03,45.68%
859,Lisa Fuhr,"Columbiaville, MI",475,5:19:54,12:13,F 30-34/64,F-31,333,5:20:47,42.34%
860,Edson Sanches,"New York, NY",1093,5:20:11,12:13,M 65-69/10,M-65,527,5:20:54,49.27%
861,Tao Yang,"San Diego, CA",1354,5:20:17,12:13,M 40-44/79,M-42,528,5:21:07,40.06%
862,Dan Rivera,"San Diego, CA",1041,5:20:18,12:13,M 30-34/78,M-30,529,5:20:22,38.39%
863,John Vanderpot,"La Mesa, CA",1264,5:20:34,12:14,M 50-54/57,M-52,530,5:21:35,43.56%
864,Terence Shigg,"San Diego, CA",1149,5:20:39,12:14,M 45-49/88,M-47,531,5:21:40,41.70%
865,Natalia Royal,"San Diego, CA",1070,5:20:58,12:15,F 18-24/25,F-22,334,5:21:49,42.19%
866,Tina Conlee,"Santee, CA",327,5:21:22,12:16,F 55-59/10,F-58,335,5:22:23,53.23%
867,Shelley Perkins,"San Diego, CA",971,5:22:00,12:17,F 45-49/36,F-47,336,5:22:58,46.10%
868,Nancy Long,"Trabuco Canyon, CA",776,5:22:19,12:18,F 55-59/11,F-58,337,5:22:45,53.08%
869,Kathleen Grubbs,"San Diego, CA",1507,5:22:38,12:19,F 35-39/63,F-38,338,5:23:38,42.80%
870,Trace Funderburk,"San Diego, CA",477,5:22:49,12:19,M 45-49/89,M-49,532,5:24:01,42.14%
871,Joyce McPherson,"San Diego, CA",836,5:23:06,12:20,F 40-44/51,F-43,339,5:25:03,44.17%
872,J Gerardo Rea,"MX, ",1018,5:23:09,12:20,M 55-59/45,M-59,533,5:24:00,46.06%
873,Miranda Leopold,"Chula Vista, CA",750,5:23:12,12:20,F 18-24/26,F-19,340,5:24:05,42.01%
874,Jessica Salgado,"San Jacinto, CA",1648,5:23:20,12:20,F 30-34/65,F-31,341,5:24:17,41.89%
875,Teresa Henderson,"Carlsbad, CA",574,5:23:21,12:20,F 40-44/52,F-44,342,5:24:16,44.53%
876,Jesus Macias,"San Diego, CA",790,5:23:23,12:21,M 25-29/48,M-27,534,5:34:55,38.02%
877,Uziel Sauceda,"San Diego, CA",1105,5:23:24,12:21,M 25-29/49,M-28,535,5:34:56,38.02%
878,Elizabeth McCormack,"Escondido, CA",826,5:23:46,12:21,F 35-39/64,F-37,343,5:24:53,42.45%
879,Kathryn Zalovcik,"La Jolla, CA",1367,5:23:57,12:22,F 35-39/65,F-39,344,5:25:21,42.84%
880,Sonny Flores,"Escondido, CA",463,5:24:35,12:23,M 40-44/80,M-43,536,5:25:21,39.85%
881,Annette Tomal,"Wheaton, IL",1233,5:24:51,12:24,F 60-64/6,F-62,345,5:25:54,55.76%
882,Marappa Gopinath,"Irvine, CA",522,5:25:12,12:25,M 65-69/11,M-68,537,5:26:02,50.01%
883,Mike Butts,"Marshall, MI",252,5:25:37,12:26,M 40-44/81,M-42,538,5:26:37,39.40%
884,Nicholas Kovarik,"Spokane, WA",696,5:25:48,12:26,M 35-39/86,M-37,539,5:26:33,38.19%
885,Louis Mo,"La Crescenta, CA",1482,5:25:54,12:26,M 50-54/58,M-52,540,5:26:15,42.84%
886,Jon Enriquez,"Los Angeles, CA",424,5:26:20,12:27,M 35-39/87,M-36,541,5:27:13,37.98%
887,Fanny Chu,"Sunnyside, NY",301,5:26:26,12:27,F 35-39/66,F-35,346,5:27:39,41.80%
888,Ivon Mireles,"Calipatria, CA",855,5:26:30,12:28,F 18-24/27,F-22,347,5:26:34,41.48%
889,Amara Momoh,"San Diego, CA",860,5:26:41,12:28,M 50-54/59,M-54,542,5:29:47,43.51%
890,Laurie Hendrickson,"Albuquerque, NM",576,5:26:48,12:28,F 55-59/12,F-58,348,5:27:38,52.35%
891,Ann Yerkes,"San Diego, CA",1359,5:26:49,12:28,F 50-54/24,F-54,349,5:28:15,49.59%
892,Heidy Escobar Guinea,"Chula Vista, CA",1461,5:26:58,12:29,F 40-44/53,F-41,350,5:27:29,42.99%
893,Aubrie Anderson,"Davis, CA",119,5:27:06,12:29,F 18-24/28,F-18,351,5:27:11,41.85%
894,Renee Bowman,"Vista, CA",215,5:27:11,12:29,F 50-54/25,F-52,352,5:28:54,48.26%
895,Victoria Farrow,"San Diego, CA",1398,5:27:13,12:29,F 30-34/66,F-31,353,5:27:57,41.40%
896,Amanda Stephens,"Poway, CA",1196,5:27:27,12:30,F 45-49/37,F-45,354,5:28:21,44.39%
897,William Ray,"Carlsbad, CA",1016,5:27:39,12:30,M 55-59/46,M-57,543,5:28:52,44.58%
898,Sylvia Carr,"Oceanside, CA",270,5:27:39,12:30,F 50-54/26,F-54,355,5:28:52,49.47%
899,Scott Schneider,"Lakeside, CA",1117,5:27:44,12:30,M 40-44/82,M-41,544,5:28:06,38.84%
900,Kristopher Kleeb,"Carlsbad, CA",683,5:28:14,12:32,M 45-49/90,M-46,545,5:29:08,40.40%
901,I-Da Chiang,"La Jolla, CA",297,5:28:20,12:32,M 25-29/50,M-27,546,5:29:08,37.45%
902,Erik Fredrikson,"Vista, CA",469,5:28:23,12:32,M 45-49/91,M-45,547,5:29:16,40.05%
903,Carrie Slayback,"Newport Beach, CA",1166,5:28:49,12:33,F 70-74/1,F-72,356,5:29:40,64.59%
904,Reza Ghazinouri,"San Diego, CA",510,5:29:08,12:34,M 55-59/47,M-58,548,5:30:03,44.80%
905,Jeff Kump,"McKinney, TX",709,5:29:09,12:34,M 35-39/88,M-38,549,5:29:46,37.97%
906,Kerry Debacco,"Waukesha, WI",374,5:29:51,12:35,F 50-54/27,F-51,357,5:31:06,47.27%
907,Rosaura Silva,"Aliso Viejo, CA",1433,5:30:33,12:37,F 40-44/54,F-41,358,5:31:16,42.52%
908,Elena Morales,"Oceanside, CA",865,5:30:33,12:37,F 40-44/55,F-42,359,5:31:17,42.83%
909,Lawrence Cook,"Santee, CA",337,5:31:04,12:38,M 50-54/60,M-54,550,5:31:59,42.93%
910,Molly Hansen,"Carlsbad, CA",549,5:31:20,12:39,F 25-29/57,F-27,360,5:31:20,40.87%
911,Jonathan Uyboco,"San Clemente, CA",1258,5:31:20,12:39,M 35-39/89,M-38,551,5:32:24,37.72%
912,Jay Whitefield,"Lubbock, TX",1325,5:31:25,12:39,M 30-34/79,M-34,552,5:32:15,37.20%
913,Carmen Rene,"Carlsbad, CA",1029,5:31:36,12:39,F 45-49/38,F-48,361,5:32:57,45.30%
914,Lisa Collins,"San Diego, CA",324,5:31:56,12:40,F 55-59/13,F-59,362,5:31:56,52.27%
915,Trish Wolsey,"San Diego, CA",1342,5:31:57,12:40,F 50-54/28,F-54,363,5:31:57,48.83%
916,Paul Culver,"Carlsbad, CA",353,5:32:02,12:40,M 40-44/83,M-44,553,5:32:41,39.28%
917,Emily Culver,"Carlsbad, CA",352,5:32:02,12:40,F 30-34/67,F-32,364,5:32:41,40.83%
918,Aurora Vargas,"Oceanside, CA",1266,5:32:11,12:41,F 35-39/67,F-35,365,5:32:28,41.07%
919,Diane Durden,"Twentynin Pl, CA",1616,5:32:16,12:41,F 50-54/29,F-50,366,5:32:31,46.34%
920,Romyr Mendoza,"Long Beach, CA",845,5:32:42,12:42,M 25-29/51,M-27,554,5:33:21,36.96%
921,Jonathan Hollist,"San Jacinto, CA",599,5:32:46,12:42,M 35-39/90,M-38,555,5:33:52,37.56%
922,Pamela Olson,"San Diego, CA",1419,5:32:58,12:42,F 50-54/30,F-52,367,5:33:55,47.42%
923,Joseph Reilly,"Orange, CA",1026,5:33:24,12:43,M 70-74/4,M-72,556,5:33:38,50.97%
924,Barbara Lomax,"Vista, CA",773,5:33:45,12:44,F 45-49/39,F-49,368,5:34:47,45.56%
925,Gregory Wood,"Arlington, VA",1347,5:33:46,12:44,M 45-49/92,M-49,557,5:34:48,40.75%
926,Robin Gossage,"Rancho Cucamonga, CA",523,5:33:57,12:45,F 55-59/14,F-55,369,5:35:11,49.18%
927,Stanley Matalon,"Los Angeles, CA",816,5:34:09,12:45,M 65-69/12,M-69,558,5:34:21,49.17%
928,Craig Wilson,"San Diego, CA",1334,5:34:18,12:45,M 30-34/80,M-33,559,5:34:44,36.82%
929,Aaron Aristide,"San Diego, CA",128,5:34:18,12:46,M 30-34/81,M-31,560,5:35:22,36.78%
930,Alicia Cook,"San Marcos, CA",333,5:34:19,12:46,F 30-34/68,F-33,370,5:35:14,40.61%
931,Sierra Hartwell,"El Cajon, CA",1406,5:34:49,12:47,F 18-24/29,F-24,371,5:35:46,40.45%
932,Vanna Decaza,"La Mesa, CA",1394,5:34:49,12:47,F 35-39/68,F-39,372,5:35:46,41.45%
933,Claudia Ortega,"San Diego, CA",1420,5:34:50,12:47,F 25-29/58,F-27,373,5:35:47,40.45%
934,Bernadette Wieboldt,"Oceanside, CA",1326,5:34:56,12:47,F 50-54/31,F-52,374,5:36:00,47.15%
935,Davinee Huden,"San Diego, CA",615,5:35:55,12:49,F 35-39/69,F-39,375,5:37:07,41.32%
936,Michael Francisco,"San Diego, CA",1401,5:36:02,12:49,M 35-39/91,M-38,561,5:37:53,37.20%
937,John Coughlin,"Grand Terrace, CA",343,5:36:08,12:50,M 35-39/92,M-37,562,5:39:18,37.02%
938,Whitney Fichtelberg,"Carlsbad, CA",456,5:36:40,12:51,F 35-39/70,F-39,376,5:37:46,41.22%
939,She'La Clark,"Oceanside, CA",305,5:36:42,12:51,F 35-39/71,F-35,377,5:37:46,40.52%
940,Julia Khvasechko,"New York, NY",677,5:37:26,12:53,F 40-44/56,F-41,378,5:38:16,41.65%
941,Shane Garling,"Portland, OR",494,5:37:26,12:53,M 40-44/84,M-43,563,5:38:16,38.33%
942,Mark Lara,"Chula Vista, CA",1412,5:37:57,12:54,M 45-49/93,M-47,564,5:39:14,39.57%
943,Jessica Reynolds,"Chula Vista, CA",1033,5:38:01,12:54,F 35-39/72,F-38,379,5:38:07,40.85%
944,Robin Sese,"Chula Vista, CA",1137,5:38:04,12:54,F 25-29/59,F-27,380,5:38:19,40.06%
945,Heather Caya,"Santee, CA",280,5:38:24,12:55,F 35-39/73,F-37,381,5:39:22,40.61%
946,Julie Lepur,"Santee, CA",752,5:38:25,12:55,F 45-49/40,F-45,382,5:39:22,42.95%
947,Laura Garrison,"Carlsbad, CA",497,5:38:27,12:55,F 25-29/60,F-28,383,5:39:22,40.01%
948,Dave Demuth,"Carlsbad, CA",378,5:38:28,12:55,M 30-34/82,M-32,565,5:39:22,36.33%
949,Eileen Harrington,"Portland, OR",558,5:38:30,12:55,F 65-69/3,F-67,384,5:39:23,57.76%
950,Rosa Espino,"Chula Vista, CA",429,5:38:48,12:56,F 30-34/69,F-34,385,5:39:33,40.16%
951,Jim Donahue,"Oceanside, CA",1396,5:38:53,12:56,M 50-54/61,M-50,566,5:40:07,40.49%
952,Jennifer Helm,"Brooklyn, NY",573,5:39:07,12:57,F 30-34/70,F-34,386,5:39:12,40.12%
953,Christian Riegel,"CA, ",1037,5:39:17,12:57,M 45-49/94,M-47,567,5:40:16,39.41%
954,Katherine Robinson,"CA, ",1044,5:39:17,12:57,F 45-49/41,F-47,387,5:40:17,43.76%
955,Henrique Ferreira,"San Diego, CA",451,5:39:29,12:57,M 35-39/93,M-39,568,5:40:20,37.02%
956,Gilda Sellers,"CA, ",1135,5:39:37,12:58,F 55-59/15,F-55,388,5:39:50,48.36%
957,Leilani Ojinaga,"Chula Vista, CA",926,5:39:54,12:58,F 35-39/74,F-39,389,5:40:52,40.83%
958,Hector Villa,"Imperial Beach, CA",1281,5:40:29,13:00,M 30-34/83,M-33,569,5:40:59,36.15%
959,Susan Seah,"Seattle, WA",1430,5:40:50,13:00,F 45-49/42,F-49,390,5:41:20,44.61%
960,Dawn Sims,"Carlsbad, CA",1163,5:41:02,13:01,F 40-44/57,F-44,391,5:42:18,42.21%
961,Denise Bassett,"Canyon Lake, CA",162,5:41:07,13:01,F 45-49/43,F-45,392,5:42:18,42.61%
962,Jennifer Liesemeyer,"Menifee, CA",759,5:41:08,13:01,F 35-39/75,F-38,393,5:42:19,40.47%
963,Nicole Thome,"Garden Grove, CA",1441,5:41:40,13:02,F 40-44/58,F-42,394,5:42:51,41.44%
964,Kathleen Demarjian,"Rsm, CA",377,5:42:01,13:03,F 50-54/32,F-53,395,5:42:27,46.77%
965,Nathan Combes,"San Diego, CA",326,5:43:02,13:05,M 25-29/52,M-29,570,5:44:17,35.84%
966,Louis Skelton,"Palos Verdes Estates, CA",1492,5:43:27,13:06,M 65-69/13,M-65,571,5:44:14,45.93%
967,Perla Galvez,"Escondido, CA",480,5:44:17,13:08,F 30-34/71,F-32,396,5:45:12,39.38%
968,Viviana Finney,"Escondido, CA",457,5:44:17,13:08,F 35-39/76,F-36,397,5:45:12,39.76%
969,Dolores Dubbs,"Chula Vista, CA",403,5:44:18,13:08,F 50-54/33,F-52,398,5:45:18,45.86%
970,Marsha Wingler,"Lakeside, CA",1337,5:44:27,13:09,F 40-44/59,F-44,399,5:45:39,41.80%
971,Lance Brooks,"San Diego, CA",232,5:44:36,13:09,M 25-29/53,M-29,572,5:49:29,35.68%
972,Christopher Penaflor,"San Diego, CA",966,5:44:37,13:09,M 25-29/54,M-27,573,5:49:29,35.68%
973,Tony Lettieri,"San Diego, CA",753,5:45:01,13:10,M 65-69/14,M-68,574,5:47:13,47.14%
974,Courtney Davis,"Escondido, CA",364,5:45:04,13:10,F 35-39/77,F-39,400,5:46:00,40.22%
975,Bryon Solberg,"San Diego, CA",1179,5:45:11,13:10,M 50-54/62,M-54,575,5:46:10,41.18%
976,Andrea Thompson,"Houston, TX",1225,5:45:15,13:11,F 30-34/72,F-34,401,5:46:20,39.41%
977,Carole Williams,"Pullman, WA",1329,5:45:47,13:12,F 55-59/16,F-58,402,5:46:57,49.47%
978,Thomas Williams,"Pullman, WA",1331,5:45:48,13:12,M 50-54/63,M-54,576,5:46:59,41.10%
979,Michelle Partsch,"San Jose, CA",956,5:46:22,13:13,F 40-44/60,F-43,403,5:47:38,41.21%
980,Vieno Castillo,"San Diego, CA",276,5:47:50,13:16,F 45-49/44,F-45,404,5:48:55,41.78%
981,E Gasaway,"San Diego, CA",500,5:48:03,13:17,M 40-44/85,M-40,577,5:49:15,36.33%
982,Joel Tinnaro,"Anchorage, AK",1229,5:48:10,13:17,M 30-34/84,M-32,578,5:49:06,35.32%
983,Joanne Torres,"Imperial Beach, CA",1522,5:48:16,13:17,F 40-44/61,F-41,405,5:49:21,40.36%
984,Paula Lutz,"Durango, CO",786,5:48:17,13:18,F 60-64/7,F-64,406,5:49:10,53.59%
985,Len Legotte,"La Mesa, CA",744,5:48:22,13:18,M 50-54/64,M-54,579,5:49:46,40.80%
986,Hans Christiansen,"Valley Center, CA",300,5:48:41,13:18,M 50-54/65,M-54,580,5:49:06,40.76%
987,Peter Guiriba,"San Diego, CA",538,5:48:49,13:19,M 45-49/95,M-47,581,5:49:54,38.34%
988,Timothy Cann,"Foothill Ranch, CA",263,5:49:21,13:20,M 50-54/66,M-53,582,5:49:37,40.32%
989,David Sammut,"Woodland, CA",1091,5:49:30,13:20,M 55-59/48,M-57,583,5:50:09,41.80%
990,Leeann Leigh,"Vista, CA",746,5:50:30,13:23,F 55-59/17,F-58,407,5:51:39,48.81%
991,Eve Guianan,"Alpine, CA",1469,5:52:07,13:26,F 50-54/34,F-50,408,5:53:16,43.72%
992,Kathy Spencer,"San Diego, CA",1187,5:52:52,13:28,F 40-44/62,F-40,409,5:53:35,39.57%
993,Veronica Schenk,"North Las Vegas, NV",1113,5:52:53,13:28,F 45-49/45,F-46,410,5:53:34,41.61%
994,Dan Stokes,"San Diego, CA",1202,5:52:54,13:28,M 65-69/15,M-65,584,5:54:03,44.70%
995,Pedro Sagisi,"Camarillo, CA",1083,5:52:57,13:28,M 50-54/67,M-52,585,5:54:15,39.56%
996,Chelsea Gregory,"Poway, CA",530,5:53:01,13:28,F 18-24/30,F-24,411,5:53:36,38.36%
997,Kevin Anderson,"Carlsbad, CA",122,5:53:02,13:28,M 25-29/55,M-25,586,5:53:36,34.83%
998,Daniel Nunez,"Vista, CA",918,5:53:35,13:30,M 30-34/85,M-32,587,5:54:51,34.78%
999,Pedro Sanchez,"Carlsbad, CA",1097,5:54:26,13:32,M 40-44/86,M-42,588,5:55:46,36.20%
1000,Laurette Bradley,"Cumberland, RI",216,5:55:27,13:34,F 55-59/18,F-59,412,5:55:31,48.81%
1001,Edwin Pampo,"San Diego, CA",950,5:55:38,13:34,M 40-44/87,M-42,589,5:57:24,36.07%
1002,Brian Reed,"Coronado, CA",1021,5:55:40,13:34,M 25-29/56,M-29,590,5:57:26,34.57%
1003,Eric Chan,"San Diego, CA",285,5:55:40,13:34,M 01-17/5,M-17,591,5:55:51,34.86%
1004,Glenda Mahlman,"Santee, CA",792,5:55:49,13:35,F 45-49/46,F-49,413,5:56:42,42.73%
1005,Yvette Lischio,"Vista, CA",764,5:55:50,13:35,F 40-44/63,F-42,414,5:57:08,39.79%
1006,Duy Bui,"Tigard, OR",244,5:55:59,13:35,M 30-34/86,M-31,592,5:56:45,34.54%
1007,Kien Bui,"San Diego, CA",245,5:56:00,13:35,M 50-54/68,M-50,593,5:56:46,38.54%
1008,Marjorie Nicol,"Houston, TX",910,5:56:01,13:35,F 50-54/35,F-50,415,5:56:53,43.24%
1009,Daniel Oliver,"Encinitas, CA",927,5:56:22,13:36,M 75-79/2,M-77,594,5:57:14,51.58%
1010,Lisa Monroy,"Riverside, CA",861,5:56:34,13:36,F 35-39/78,F-35,416,5:57:18,38.26%
1011,Nancy Wilcox,"Chula Vista, CA",1327,5:57:06,13:38,F 60-64/8,F-60,417,5:58:31,49.27%
1012,Jonathan Bendor,"La Jolla, CA",181,5:57:15,13:38,M 60-64/21,M-60,595,5:59:10,42.06%
1013,Capt Joe Cacciola,"Oceanside, CA",256,5:57:39,13:39,M 65-69/16,M-68,596,5:59:02,45.47%
1014,Teri Pasch,"Escondido, CA",957,5:57:59,13:40,F 50-54/36,F-51,418,5:59:05,43.55%
1015,Debbie Henke,"Escondido, CA",577,5:57:59,13:40,F 45-49/47,F-48,419,5:59:05,41.96%
1016,Roselyn Kakai,"San Diego, CA",663,5:58:11,13:40,F 35-39/79,F-35,420,6:00:17,38.09%
1017,Philo Short,"Monterey, CA",1152,5:58:20,13:41,M 75-79/3,M-77,597,5:58:59,51.30%
1018,Young Duong,"San Diego, CA",409,5:58:25,13:41,M 30-34/87,M-34,598,5:59:31,34.40%
1019,Roberta Horn,"San Diego, CA",607,5:58:44,13:41,F 55-59/19,F-56,421,5:59:22,46.40%
1020,Carolyn Downing,"Santee, CA",394,5:59:32,13:43,F 35-39/80,F-37,422,6:00:40,38.22%
1021,Amanda Livesay,"El Cajon, CA",767,5:59:32,13:43,F 35-39/81,F-38,423,6:00:41,38.40%
1022,Tracy Watkins,"Fortuna, CA",1306,6:00:10,13:45,F 35-39/82,F-35,424,6:01:22,37.88%
1023,William Scott,"Long Beach, CA",1130,6:00:13,13:45,M 65-69/17,M-65,599,6:01:15,43.80%
1024,Gail Campofiore,"San Clemente, CA",262,6:00:59,13:47,F 65-69/4,F-68,425,6:01:49,55.04%
1025,Erica Flora,"San Diego, CA",461,6:01:09,13:47,F 30-34/73,F-32,426,6:01:09,37.54%
1026,Gilberta Larmon,"Frazier Park, CA",727,6:01:28,13:48,F 40-44/64,F-42,427,6:01:29,39.17%
1027,Gina Barrit,"Carlsbad, CA",156,6:01:32,13:48,F 40-44/65,F-42,428,6:02:24,39.16%
1028,Ernie Pampo,"San Diego, CA",1421,6:01:51,13:49,M 45-49/96,M-45,600,6:03:41,36.34%
1029,Carol Obmina,"Hemet, CA",925,6:02:46,13:51,F 40-44/66,F-40,429,6:03:37,38.49%
1030,Jane Thompson,"Glendora, CA",1226,6:03:43,13:53,F 50-54/37,F-52,430,6:04:09,43.41%
1031,Erin McGee,"Glendora, CA",831,6:03:45,13:53,F 30-34/74,F-33,431,6:04:09,37.33%
1032,Michael Washington,"San Marcos, CA",1304,6:05:11,13:56,M 55-59/49,M-56,601,6:06:11,39.63%
1033,Ana Trujillo,"Oceanside, CA",1242,6:05:50,13:58,F 25-29/61,F-29,432,6:07:03,37.02%
1034,Nichole Snyder,"Oceanside, CA",1177,6:05:50,13:58,F 30-34/75,F-32,433,6:07:03,37.06%
1035,Katlyn Medlam,"Spring Valley, CA",841,6:06:08,13:58,F 18-24/31,F-19,434,6:07:02,37.09%
1036,Becca Barr,"San Diego, CA",154,6:07:13,14:01,F 45-49/48,F-45,435,6:08:27,39.58%
1037,Mihael Herrera,"Brea, CA",583,6:07:14,14:01,M 50-54/69,M-50,602,6:08:28,37.36%
1038,Ferdinand Scholz,"Santee, CA",1119,6:07:59,14:03,M 55-59/50,M-56,603,6:09:29,39.33%
1039,Raquel Salazar Carrillo,"Davis, CA",1088,6:08:41,14:04,F 65-69/5,F-67,436,6:08:53,53.03%
1040,Tami Boesch,"Vista, CA",203,6:09:58,14:07,F 50-54/38,F-51,437,6:10:50,42.14%
1041,Jim Bell,"San Marcos, CA",179,6:09:58,14:07,M 55-59/51,M-58,604,6:10:50,39.85%
1042,Robert Dubbs,"Chula Vista, CA",404,6:12:20,14:13,M 55-59/52,M-56,605,6:13:20,38.87%
1043,Jim Poole,"San Diego, CA",992,6:13:01,14:14,M 60-64/22,M-61,606,6:14:12,40.67%
1044,Carolyn Mills,"San Diego, CA",853,6:13:30,14:15,F 35-39/83,F-38,438,6:14:26,36.97%
1045,Saul Vidrio,"Vista, CA",1444,6:14:59,14:19,M 45-49/97,M-46,607,6:15:42,35.36%
1046,Colleen Vidrio,"Vista, CA",1443,6:15:01,14:19,F 40-44/67,F-44,439,6:15:42,38.39%
1047,Ash Shah,"Carlsbad, CA",1143,6:15:03,14:19,M 50-54/70,M-51,608,6:16:15,36.90%
1048,Frank Orozco,"Vista, CA",933,6:15:29,14:20,M 40-44/88,M-40,609,6:16:37,33.67%
1049,Kim Kranz,"Riverside, CA",698,6:16:17,14:22,F 50-54/39,F-51,440,6:17:21,41.43%
1050,Jessica Sanchez,"Carlsbad, CA",1095,6:17:42,14:25,F 40-44/68,F-40,441,6:19:01,36.97%
1051,Mark Holborn,"San Marcos, CA",597,6:18:30,14:27,M 55-59/53,M-55,610,6:19:55,37.90%
1052,Larry Ballew,"Pollock Pines, CA",143,6:19:30,14:29,M 70-74/5,M-70,611,6:20:11,43.75%
1053,Marcela Calimlim,"San Diego, CA",261,6:19:45,14:30,F 35-39/84,F-38,442,6:21:04,36.36%
1054,Dana Mosell,"Rancho Cucamonga, CA",872,6:21:37,14:34,M 60-64/23,M-64,612,6:22:20,40.93%
1055,Dimitrios Bavelas,"Carlsbad, CA",170,6:21:50,14:34,M 60-64/24,M-62,613,6:22:34,40.11%
1056,Rhina David,"San Marcos, CA",363,6:21:57,14:35,F 45-49/49,F-47,443,6:22:37,38.87%
1057,Mai Reyes,"San Francisco, CA",1032,6:21:57,14:35,F 45-49/50,F-48,444,6:22:37,39.33%
1058,Summer Nelson,"La Mesa, CA",902,6:23:36,14:38,F 40-44/69,F-40,445,6:24:41,36.40%
1059,Colleen Flores De La Cruz,"San Diego, CA",464,6:23:38,14:38,F 40-44/70,F-40,446,6:24:43,36.39%
1060,Amanda Locke,"Canton, GA",769,6:24:08,14:40,F 30-34/76,F-34,447,6:24:28,35.42%
1061,Ken Locke,"Canton, GA",770,6:24:08,14:40,M 50-54/71,M-52,614,6:24:28,36.35%
1062,Luis Garcia,"Chula Vista, CA",490,6:24:48,14:41,M 25-29/57,M-25,615,6:26:22,31.95%
1063,Eden Partido,"Chula Vista, CA",1517,6:28:35,14:50,F 45-49/51,F-49,448,6:29:55,39.13%
1064,Dennis Mori,"San Leandro, CA",869,6:31:18,14:56,M 65-69/18,M-69,616,6:31:18,41.99%
1065,Christine Alford,"San Clemente, CA",113,6:34:37,15:04,F 45-49/52,F-46,449,6:35:56,37.21%
1066,Rachel Santos,"San Diego, CA",1102,6:40:14,15:16,F 45-49/53,F-45,450,6:42:44,36.31%
1067,Donna Florendo,"Lake Elsinore, CA",462,6:42:05,15:21,F 35-39/85,F-39,451,6:44:35,34.52%
1068,Richard George,"Bloomington, MN",506,6:43:15,15:23,M 55-59/54,M-55,617,6:44:41,35.57%
1069,David Durkin,"La Mesa, CA",410,6:44:32,15:26,M 60-64/25,M-62,618,6:45:39,37.86%
1070,Crista Corbett,"Roseville, CA",339,6:47:55,15:34,F 40-44/71,F-42,452,6:47:55,34.71%
1071,Marvin Errickson,"San Diego, CA",426,6:48:07,15:34,M 70-74/6,M-72,619,6:48:22,41.64%
1072,Selim Guncer,"San Diego, CA",540,6:51:34,15:42,M 50-54/72,M-50,620,6:51:55,33.34%
1073,Jody Martz,"San Marcos, CA",815,6:55:36,15:52,F 45-49/54,F-45,453,6:57:21,34.97%
1074,Cliff Walker,"Tustin, CA",1498,6:58:23,15:58,M 45-49/98,M-49,621,6:59:18,32.51%
1075,Alissa Olson,"San Diego, CA",928,6:59:08,16:00,F 30-34/77,F-33,454,6:59:51,32.39%
1076,Jane Veronica Alejandro,"San Diego, CA",112,6:59:19,16:00,F 30-34/78,F-31,455,7:01:05,32.30%
1077,Chris Pangilinan,"Chula Vista, CA",951,6:59:19,16:00,M 40-44/89,M-40,622,7:01:05,30.15%
1078,Christian Cruz,"San Diego, CA",349,7:00:25,16:03,M 25-29/58,M-27,623,7:01:05,29.25%
1079,Jim Partridge,"San Diego, CA",955,7:04:12,16:11,M 65-69/19,M-67,624,7:05:17,37.94%
1080,Carol Bautista,"Hacienda Heights, CA",169,7:07:13,16:18,F 65-69/6,F-66,456,7:07:13,45.05%
1081,Melinda Graham,"Cardiff, CA",525,7:27:41,17:05,F 45-49/55,F-45,457,7:28:44,32.46%
