Place,Name,Location,Bib,Net Time,Pace,Division/Place,Sex-Age,Sex-Place,Gun Time,Age Grade
1,Tesfaye Dirba,"Inglewood, CA",16,2:19:26,5:20,M 18-24/0,M-24,1,2:19:26,90.53%
2,Andy Martin,"Los Osos, CA",14,2:23:45,5:29,M 30-34/0,M-32,2,2:23:45,87.41%
3,Benard Songoka,"Tula De Allenda, HG",30,2:27:03,5:37,M 30-34/0,M-30,3,2:27:03,85.45%
4,David Kloz,"Oceanside, CA",18,2:34:30,5:54,M 30-34/1,M-32,4,2:34:30,81.32%
5,Sean Birren,"Oceanside, CA",24,2:42:46,6:13,M 30-34/2,M-34,5,2:42:46,77.19%
6,Kyle Gallagher,"Hesperia, CA",1013,2:44:13,6:16,M 18-24/1,M-18,6,2:44:15,82.01%
7,Philippe Krebs,"La Jolla, CA",572,2:49:33,6:28,M 30-34/3,M-30,7,2:49:37,74.11%
8,Jonathan Landis,"Liverpool, PA",98,2:53:27,6:37,M 35-39/1,M-38,8,2:53:27,74.16%
9,Kevin Takabayashi,"Orange, CA",1569,2:54:12,6:39,M 40-44/1,M-41,9,2:54:12,75.25%
10,Brett Lawrie,"Tampa, FL",583,2:54:15,6:39,M 25-29/1,M-27,10,2:54:17,72.11%
11,Mark Shorter,"North Vancouver, BC",802,2:55:27,6:42,M 50-54/1,M-51,11,2:55:32,80.25%
12,John Rutherford,"San Diego, CA",956,2:55:34,6:42,M 25-29/2,M-28,12,2:55:39,71.57%
13,Martin Ellison,"Oceanside, CA",28,2:56:54,6:45,M 50-54/2,M-53,13,2:56:54,80.90%
14,Tim Gunther,"Carlsbad, CA",461,2:57:17,6:46,M 25-29/3,M-29,14,2:57:25,70.87%
15,Kevin Cave,"Portland, OR",314,2:59:58,6:52,M 25-29/4,M-27,15,3:00:07,69.82%
16,Ian Mikelson,"Manhattan Beach, CA",641,3:00:20,6:53,M 25-29/5,M-27,16,3:00:37,69.67%
17,Dave Easa,"Oceanside, CA",26,3:01:11,6:55,M 30-34/4,M-33,17,3:01:11,69.35%
18,Jason Jacobson,"San Rafael, CA",531,3:03:59,7:02,M 30-34/5,M-34,18,3:04:06,68.29%
19,Kristi Jones,"Carlsbad, CA",540,3:04:09,7:02,F 25-29/0,F-28,1,3:04:09,75.36%
20,Mick Morris,"Brielle, NJ",665,3:07:22,7:09,M 40-44/2,M-42,19,3:07:25,70.42%
21,Diona Fulton,"Somerville, MA",20,3:07:56,7:11,F 25-29/0,F-27,2,3:07:56,73.85%
22,Ron Ringler,"Folsom, CA",745,3:08:56,7:13,M 1-17/1,M-17,20,3:09:16,72.38%
23,Andrew Tibbits,"San Mateo, CA",868,3:08:58,7:13,M 18-24/2,M-22,21,3:10:44,67.96%
24,Dale Haas,"San Diego, CA",464,3:09:11,7:13,M 50-54/3,M-53,22,3:09:17,75.65%
25,Dan Fucinaro,"Ralston, NE",436,3:09:30,7:14,M 40-44/3,M-40,23,3:09:37,68.73%
26,Demsas Teferri,"Redondo Beach, CA",859,3:09:44,7:15,M 50-54/4,M-54,24,3:09:54,76.07%
27,Dane Rauschenberg,"Arlington, VA",1002,3:09:50,7:15,M 30-34/6,M-31,25,3:09:59,66.19%
28,Mark Spence,"Albany, OR",828,3:09:53,7:15,M 40-44/4,M-44,26,3:10:00,70.42%
29,Rich Gustafson,"Denver, CO",462,3:11:03,7:18,M 35-39/2,M-37,27,3:11:23,66.92%
30,Dr Suresh Iyengar,"Sherman Oaks, CA",526,3:11:05,7:18,M 60-64/1,M-64,28,3:11:05,83.27%
31,Jolene Vanyo,"San Diego, CA",888,3:11:22,7:18,F 30-34/1,F-30,3,3:15:46,72.53%
32,James Drinkard,"Atlanta, GA",385,3:11:39,7:19,M 50-54/5,M-53,29,3:11:48,74.68%
33,Tom Cavallo,"La Jolla, CA",313,3:11:42,7:19,M 35-39/3,M-36,30,3:12:42,66.30%
34,Richard Contreras,"San Diego, CA",340,3:12:29,7:21,M 25-29/6,M-29,31,3:12:47,65.28%
35,Seigo Masubuchi,"Saint Paul, MN",971,3:12:46,7:22,M 35-39/4,M-35,32,3:13:09,65.55%
36,Ruben Contreras,"Stanwood, WA",341,3:13:16,7:23,M 50-54/6,M-53,33,3:13:27,74.05%
37,Lucas Marcel,"Carlsbad, CA",615,3:13:27,7:23,M 30-34/7,M-32,34,3:13:46,64.95%
38,Blaze Patricio,"Newhall, CA",1727,3:13:51,7:24,M 18-24/3,M-22,35,3:13:51,66.25%
39,Noah Sandler,"Hopkins, MN",774,3:13:58,7:24,M 40-44/5,M-42,36,3:14:03,68.02%
40,Alison Meadow,"Tucson, AZ",636,3:14:31,7:26,F 30-34/2,F-34,4,3:14:40,71.35%
41,Jaime Campos,"San Diego, CA",302,3:14:47,7:26,M 35-39/5,M-35,37,3:14:56,64.87%
42,Josh Bicondova,"Chula Vista, CA",1021,3:15:12,7:27,M 30-34/8,M-34,38,3:15:29,64.37%
43,Daniel Anderson,"La Jolla, CA",946,3:15:13,7:27,M 25-29/7,M-25,39,3:15:23,64.36%
44,Luke Betts,"Portland, OR",260,3:15:16,7:27,M 30-34/9,M-30,40,3:15:16,64.34%
45,Steve Ware,"Stockton, CA",897,3:15:42,7:28,M 35-39/6,M-36,41,3:15:50,64.94%
46,Thomas Dolan,"San Diego, CA",378,3:15:44,7:28,M 35-39/7,M-38,42,3:16:13,65.72%
47,Darren Brown,"Carlsbad, CA",961,3:15:52,7:29,M 30-34/10,M-34,43,3:16:04,64.15%
48,Sam Felsenfeld,"Foothill Ranch, CA",408,3:16:22,7:30,M 30-34/11,M-33,44,3:16:31,63.98%
49,Alexandra Wolfe,"Santa Rosa, CA",22,3:16:40,7:31,F 18-24/1,F-21,5,3:16:40,72.84%
50,Georgi Gehrke,"Carlsbad, CA",1611,3:16:53,7:31,F 35-39/1,F-36,6,3:16:53,71.51%
51,Thomas Herron,"Gig Harbor, WA",487,3:16:56,7:31,M 50-54/7,M-51,45,3:17:14,71.50%
52,Mark Barnett,"Cardiff, CA",238,3:17:37,7:33,M 45-49/1,M-48,46,3:17:44,69.63%
53,Chris Baskerville,"San Diego, CA",246,3:17:56,7:33,M 40-44/6,M-42,47,3:18:00,66.66%
54,Matthias Schoeck,"Pasadena, CA",786,3:18:06,7:34,M 35-39/8,M-38,48,3:18:18,64.93%
55,Shannon Back,"North Vancouver, BC",226,3:18:22,7:34,F 18-24/2,F-24,7,3:18:28,70.14%
56,Geoff Schulteis,"Vista, CA",787,3:18:52,7:36,M 35-39/9,M-35,49,3:18:52,63.54%
57,Mark Sadauski,"Ladera Ranch, CA",768,3:19:00,7:36,M 30-34/12,M-33,50,3:19:17,63.14%
58,Bernard Maillet,"Chestermere, AB",610,3:19:07,7:36,M 45-49/2,M-46,51,3:19:10,68.10%
59,Courtne Mao,"La Mesa, CA",1682,3:19:42,7:37,M 25-29/8,M-27,52,3:20:00,62.92%
60,Jesus Deniz,"San Diego, CA",371,3:19:44,7:38,M 25-29/9,M-29,53,3:21:49,62.90%
61,Bob Doucette,"Ramona, CA",2532,3:19:49,7:38,M 50-54/8,M-54,54,3:19:49,72.23%
62,Joshua Saak,"Boise, ID",957,3:19:56,7:38,M 30-34/13,M-30,55,3:20:12,62.84%
63,Bruce Urquhart,"San Diego, CA",883,3:20:08,7:38,M 50-54/9,M-52,56,3:20:15,70.92%
64,Marilou Russell,"Olympia, WA",1757,3:20:12,7:39,F 45-49/1,F-46,8,3:20:12,76.81%
65,Karya Irwin,"San Marcos, CA",523,3:20:32,7:39,F 30-34/3,F-30,9,3:20:42,69.21%
66,Steven Ogus,"Carlsbad, CA",690,3:20:43,7:40,M 40-44/7,M-43,57,3:22:20,66.17%
67,Mike Castaldi,"San Diego, CA",309,3:20:52,7:40,M 55-59/1,M-59,58,3:21:04,75.20%
68,Fred Beavers,"Longmont, CO",250,3:20:53,7:40,M 50-54/10,M-50,59,3:20:57,69.54%
69,Michael Rubio,"Pine Mountain Club, CA",761,3:21:01,7:40,M 35-39/10,M-37,60,3:21:31,63.60%
70,Dennis White,"Bonita, CA",1824,3:22:05,7:43,M 50-54/11,M-54,61,3:22:05,71.42%
71,Rob Weber,"San Diego, CA",901,3:22:42,7:44,M 40-44/8,M-40,62,3:23:14,64.25%
72,Jackie Pedicini,"Carlsbad, CA",1730,3:23:07,7:45,F 35-39/2,F-37,10,3:23:07,69.89%
73,Frank Nelson,"Sn Luis Obisp, CA",676,3:23:14,7:46,M 40-44/9,M-40,63,3:25:51,64.08%
74,Andrew Chekian,"Rolling Hills Estates, CA",318,3:23:17,7:46,M 40-44/10,M-40,64,3:23:33,64.07%
75,Mick Barrett,"Cardiff, CA",240,3:23:44,7:47,M 50-54/12,M-50,65,3:24:07,68.57%
76,Shawn Burke,"Kirkland, WA",293,3:23:45,7:47,M 30-34/14,M-33,66,3:24:03,61.67%
77,Timothy Loomis,"Las Cruces, NM",599,3:23:55,7:47,M 35-39/11,M-39,67,3:24:12,63.47%
78,Bart McGhee,"Encinitas, CA",630,3:23:59,7:47,M 35-39/12,M-38,68,3:24:37,63.06%
79,Bogi Andersen,"La Jolla, CA",1008,3:24:27,7:48,M 50-54/13,M-51,69,3:30:33,68.87%
80,Linda Johnson,"San Diego, CA",968,3:24:36,7:49,F 25-29/1,F-25,11,3:24:54,67.84%
81,Gus Munoz,"Plano, TX",670,3:25:03,7:50,M 30-34/15,M-34,70,3:28:23,61.27%
82,Richard Greinke,"Geneva, IL",1622,3:25:06,7:50,M 45-49/3,M-49,71,3:25:06,67.59%
83,Damian Michaels,"Imperial Beach, CA",640,3:25:06,7:50,M 30-34/16,M-33,72,3:25:24,61.26%
84,Fred German,"Vista, CA",1613,3:25:18,7:50,M 40-44/11,M-43,73,3:25:18,64.69%
85,John Hoenigman,"Santa Barbara, CA",499,3:25:29,7:51,M 40-44/12,M-43,74,3:26:01,64.64%
86,Joe Thomas,"San Marcos, CA",861,3:25:53,7:52,M 30-34/17,M-34,75,3:25:59,61.03%
87,Michael Seaton,"Eden Prairie, MN",792,3:26:23,7:53,M 40-44/13,M-43,76,3:26:52,64.35%
88,Timothy Barry,"Colorado Springs, CO",242,3:26:30,7:53,M 45-49/4,M-47,77,3:26:41,66.14%
89,Roger Saenz,"Cardiff, CA",769,3:26:48,7:54,M 45-49/5,M-45,78,3:27:13,65.11%
90,Phil Yim,"San Diego, CA",938,3:27:06,7:54,M 25-29/10,M-27,79,3:30:34,60.67%
91,Albert Li,"Alhambra, CA",590,3:27:17,7:55,M 35-39/13,M-37,80,3:27:21,61.68%
92,Nick Echter,"Wheat Ridge, CO",391,3:27:52,7:56,M 18-24/4,M-21,81,3:31:00,62.41%
93,Darryl Ayers,"Fredericksburg, VA",225,3:28:08,7:57,M 30-34/18,M-34,82,3:28:23,60.37%
94,Edward Weiler,"Yigo, GU",904,3:29:26,8:00,M 30-34/19,M-32,83,3:29:55,59.99%
95,Mel Sandvig,"Chatsworth, CA",776,3:29:28,8:00,M 60-64/2,M-61,84,3:29:45,73.56%
96,Matias Negatu,"San Diego, CA",674,3:29:42,8:00,M NoAge/0,M-0,85,3:29:56, 0.00%
97,Wendy Aubuchon,"Poway, CA",224,3:29:48,8:01,F 30-34/4,F-34,12,3:30:23,66.16%
98,Dick Sumerfield,"Boulder, CO",839,3:29:56,8:01,M 45-49/6,M-45,86,3:30:21,64.14%
99,Mark Schmisseur,"Phoenix, AZ",1009,3:30:02,8:01,M 40-44/14,M-43,87,3:30:27,63.24%
100,Glenn Ohler,"Atascadero, CA",691,3:30:07,8:01,M 45-49/7,M-45,88,3:30:26,64.08%
101,Roger Marquis,"Old Town, ME",952,3:30:09,8:01,M 40-44/15,M-44,89,3:30:32,63.63%
102,Gary Moon,"Irvine, CA",658,3:30:14,8:02,M 45-49/8,M-45,90,3:30:32,64.05%
103,Dane Whipple,"Coronado, CA",1010,3:30:17,8:02,M 40-44/16,M-40,91,3:30:38,61.94%
104,Gary Olivarez,"Sanger, CA",692,3:30:18,8:02,M 35-39/14,M-39,92,3:31:10,61.54%
105,Jennifer Klessig,"West Aliss, WI",561,3:30:26,8:02,F 18-24/3,F-23,13,3:30:57,66.72%
106,Jyoti Mishra,"La Jolla, CA",1696,3:30:31,8:02,F 25-29/2,F-28,14,3:30:31,65.93%
107,Rhianna Derenick-Hannigan,"Escondido, CA",990,3:30:41,8:03,F 25-29/3,F-29,15,3:31:08,65.88%
108,Sherri Rothenberger,"San Diego, CA",758,3:30:48,8:03,F 30-34/5,F-32,16,3:30:48,65.84%
109,Jean Laroche,"Santa Monica, CA",1664,3:30:51,8:03,M 55-59/2,M-55,93,3:30:51,69.05%
110,Kass Flaig,"Atascadero, CA",418,3:30:54,8:03,F 45-49/2,F-47,17,3:31:13,73.62%
111,Colin Keith,"Corona Del Mar, CA",547,3:31:19,8:04,M 1-17/2,M-17,94,3:31:36,64.71%
112,Ricardo Fuentes,"Riverside, CA",1602,3:31:23,8:04,M 45-49/9,M-45,95,3:31:23,63.70%
113,Megan Flodder,"San Diego, CA",1596,3:31:54,8:05,F 25-29/4,F-29,18,3:31:54,65.50%
114,Don Wright,"Burnaby, BC",929,3:32:20,8:06,M 45-49/10,M-49,96,3:32:40,65.29%
115,Lisa Stout,"San Marcos, CA",834,3:32:38,8:07,F 30-34/6,F-31,19,3:33:18,65.27%
116,Michelle Trapp,"Irvine, CA",1016,3:33:00,8:08,F 40-44/1,F-41,20,3:33:43,68.94%
117,Lou D'Alessandris,"Akron, OH",1566,3:33:08,8:08,M 35-39/15,M-37,97,3:33:08,59.99%
118,Rick Moody,"Ansonia, OH",657,3:33:21,8:09,M 45-49/11,M-49,98,3:33:52,64.98%
119,Tod Reeder,"San Diego, CA",1745,3:33:24,8:09,M 40-44/17,M-44,99,3:33:24,62.66%
120,Matt Fletcher,"San Diego, CA",419,3:33:39,8:09,M 30-34/20,M-33,100,3:33:50,58.81%
121,Bruce Guter,"Fullerton, CA",999,3:34:24,8:11,M 50-54/14,M-53,101,3:34:32,66.75%
122,Karl Rysted,"Oklahoma City, OK",1758,3:34:54,8:12,M 45-49/12,M-46,102,3:34:54,63.10%
123,Gordon Medd,"Rocklin, CA",637,3:35:31,8:14,M 45-49/13,M-45,103,3:35:55,62.48%
124,Eric Wiesner,"Escondido, CA",914,3:35:35,8:14,M 45-49/14,M-47,104,3:36:06,63.35%
125,Rachel Stortvedt,"Costa Mesa, CA",1020,3:35:45,8:14,F 25-29/5,F-25,21,3:36:30,64.33%
126,Jude Gonong,"Sacramento, CA",1841,3:35:52,8:14,M 35-39/16,M-37,105,3:35:52,59.23%
127,Dave Perey,"Chula Vista, CA",1733,3:35:52,8:14,M 35-39/17,M-38,106,3:35:52,59.59%
128,Susan King,"La Mesa, CA",1860,3:35:55,8:15,F 40-44/2,F-43,22,3:35:55,69.25%
129,Peter Susic,"San Marcos, CA",842,3:35:56,8:15,M 35-39/18,M-38,107,3:36:19,59.57%
130,John Caulfield,"Taft, CA",312,3:36:00,8:15,M 50-54/15,M-50,108,3:36:25,64.68%
131,Verity Prey,"San Diego, CA",1825,3:36:01,8:15,F 25-29/6,F-27,23,3:36:01,64.25%
132,Christopher Martin,"Newport, NH",618,3:36:04,8:15,M 35-39/19,M-35,109,3:36:23,58.48%
133,Stephen Osterman,"Issaquah, WA",696,3:36:25,8:16,M 35-39/20,M-36,110,3:36:44,58.73%
134,Chadney Rogers,"New York, NY",752,3:37:18,8:18,M 25-29/11,M-26,111,3:37:27,57.82%
135,Jennifer Littlehales,"Studio City, CA",1673,3:37:52,8:19,F 35-39/3,F-36,24,3:37:52,64.62%
136,Jay Knowles,"Weston, MA",565,3:37:52,8:19,M 40-44/18,M-44,112,3:38:18,61.38%
137,David Weiner,"Del Mar, CA",905,3:37:52,8:19,M 40-44/19,M-42,113,3:41:59,60.56%
138,Eric Twelker,"Juneau, AK",878,3:38:08,8:20,M 55-59/3,M-58,114,3:38:32,68.59%
139,Kristina Bukovi,"Henderson, NV",287,3:38:20,8:20,F 35-39/4,F-39,25,3:38:20,66.11%
140,Michael Powell,"Walnut Creek, CA",722,3:38:36,8:21,M 25-29/12,M-28,115,3:39:39,57.48%
141,Rachel Gans,"Portland, OR",439,3:38:41,8:21,F 25-29/7,F-27,26,3:39:49,63.47%
142,Mary Clabby,"Manhattan Beach, CA",326,3:38:42,8:21,F 40-44/3,F-40,27,3:39:26,66.57%
143,Marc Frommer,"Portland, OR",435,3:38:44,8:21,M 55-59/4,M-55,116,3:39:14,66.56%
144,Steven Melendez,"San Diego, CA",1690,3:38:46,8:21,M 25-29/13,M-25,117,3:38:46,57.43%
145,Shannon Castle,"San Diego, CA",311,3:38:52,8:21,F 25-29/8,F-28,28,3:39:34,63.41%
146,Timothy Spencer,"Sherwood, OR",1782,3:39:04,8:22,M 25-29/14,M-26,118,3:39:04,57.35%
147,Chris Gauthier,"Escondido, CA",441,3:39:17,8:22,M 50-54/16,M-51,119,3:39:57,64.21%
148,Maria Pakaluk,"Santa Paula, CA",1723,3:39:20,8:22,F 18-24/4,F-20,29,3:39:20,66.06%
149,Annie Rusunen,"Camas, WA",762,3:39:23,8:23,F 30-34/7,F-32,30,3:39:53,63.27%
150,Kimberley Bandy,"San Diego, CA",233,3:39:23,8:23,F 35-39/5,F-36,31,3:39:55,64.18%
151,Willie Banford III,"Corona, CA",234,3:39:36,8:23,M 45-49/15,M-46,120,3:39:58,61.75%
152,Blake Barrington,"Lake Forest, CA",241,3:39:39,8:23,M 25-29/15,M-27,121,3:41:31,57.20%
153,Michelle Winsor,"Endicott, NY",919,3:39:42,8:23,F 40-44/4,F-41,32,3:40:06,66.85%
154,Jeff Landau,"Simi Valley, CA",576,3:39:51,8:24,M 40-44/20,M-43,122,3:46:11,60.41%
155,Kristin Mayer,"Encinitas, CA",624,3:40:11,8:24,F 40-44/5,F-40,33,3:40:33,66.12%
156,Kevin Stull,"San Diego, CA",837,3:40:28,8:25,M 25-29/16,M-26,123,3:41:24,56.99%
157,David Baril,"Carlsbad, CA",235,3:40:30,8:25,M 30-34/21,M-32,124,3:41:19,56.98%
158,Daniel Fagundes Jr,"Dixon, CA",406,3:40:36,8:25,M 40-44/21,M-43,125,3:40:54,60.21%
159,Patrick Tighe,"Santa Barbara, CA",871,3:40:45,8:26,M 40-44/22,M-42,126,3:41:05,59.77%
160,Luke Miracco,"Carlsbad, CA",651,3:41:00,8:26,M 40-44/23,M-40,127,3:42:02,58.93%
161,Melanie Irwin,"San Marcos, CA",524,3:41:01,8:26,F 30-34/8,F-32,34,3:41:11,62.80%
162,Kelly Winters,"Fallbrook, CA",1890,3:41:12,8:27,M 45-49/16,M-45,128,3:41:12,60.87%
163,Elvi Benitez-Mackintosh,"Escondido, CA",1522,3:41:22,8:27,F 45-49/3,F-46,35,3:41:22,69.46%
164,Rae Clark,"Arleta, CA",964,3:41:28,8:27,M 55-59/5,M-55,129,3:42:08,65.74%
165,Lee Fuhr,"Solana Beach, CA",1603,3:41:46,8:28,M 25-29/17,M-29,130,3:41:46,56.66%
166,Tiffany Brenner,"San Diego, CA",1529,3:41:46,8:28,F 30-34/9,F-34,36,3:41:46,62.59%
167,Joseph Zeugschmidt,"San Diego, CA",945,3:41:57,8:28,M 25-29/18,M-28,131,3:48:40,56.61%
168,Steven Cassaro,"Temecula, CA",308,3:42:03,8:29,M 50-54/17,M-50,132,3:42:24,62.91%
169,Edward Indvik,"Newport Beach, CA",521,3:42:17,8:29,M 50-54/18,M-52,133,3:43:14,63.86%
170,Michael Phillippi,"San Diego, CA",715,3:42:31,8:30,M 40-44/24,M-40,134,3:43:16,58.53%
171,Dennis Kinder,"Steamboat Springs, CO",554,3:42:48,8:30,M 40-44/25,M-44,135,3:43:15,60.01%
172,Lawton Delisser,"Lansdale, PA",368,3:42:56,8:31,M 45-49/17,M-47,136,3:43:08,61.27%
173,Jeff Johnston,"Deer Park, WI",539,3:42:57,8:31,M 50-54/19,M-53,137,3:43:21,64.19%
174,Scott Alcantar,"Sparks, NV",205,3:42:57,8:31,M 45-49/18,M-46,138,3:43:04,60.82%
175,Patrick Hogan,"Gig Harbor, WA",502,3:43:01,8:31,M 55-59/6,M-56,139,3:43:16,65.86%
176,Linda Fradkin,"Solana Beach, CA",966,3:43:09,8:31,F 40-44/6,F-43,37,3:44:02,67.00%
177,Benjamin Howard,"Escondido, CA",1836,3:43:28,8:32,M 30-34/22,M-33,140,3:43:28,56.22%
178,Eric Smigels,"Oceanside, CA",818,3:44:09,8:33,M 35-39/21,M-36,141,3:46:34,56.70%
179,Nathan Lewis,"San Diego, CA",589,3:44:25,8:34,M 25-29/19,M-27,142,3:45:06,55.99%
180,John Thornton,"Huntington Beach, CA",866,3:44:28,8:34,M 50-54/20,M-51,143,3:44:50,62.73%
181,Stephen McCourt,"San Diego, CA",629,3:44:33,8:34,M 35-39/22,M-35,144,3:45:02,56.27%
182,Sam Gardea,"Upland, CA",1608,3:44:37,8:34,M 50-54/21,M-52,145,3:44:37,63.19%
183,Octavio Espinoza,"San Diego, CA",1558,3:44:50,8:35,M 35-39/23,M-37,146,3:44:50,56.86%
184,Luis Garcia,"Northridge, CA",1607,3:44:56,8:35,M 35-39/24,M-39,147,3:44:56,57.54%
185,Tom Knochenhauer,"Chula Vista, CA",564,3:45:01,8:35,M 50-54/22,M-52,148,3:45:21,63.08%
186,Sara Croft,"Long Beach, CA",1811,3:45:04,8:36,F 40-44/7,F-42,38,3:45:04,65.83%
187,James Connole,"San Diego, CA",338,3:45:11,8:36,M 30-34/23,M-31,149,3:45:39,55.80%
188,Jill Sinclair,"Tucson, AZ",807,3:45:15,8:36,F 40-44/8,F-42,39,3:51:29,65.78%
189,Jeffrey Raegen,"San Jose, CA",728,3:45:30,8:37,M 25-29/20,M-29,150,3:45:59,55.72%
190,Kurt Rossow,"Roseville, MN",757,3:45:33,8:37,M 45-49/19,M-47,151,3:48:58,60.55%
191,Daria Wegner,"Temecula, CA",1022,3:45:40,8:37,F 45-49/4,F-49,40,3:46:32,70.19%
192,Ryan Hershman,"San Diego, CA",488,3:45:41,8:37,M 25-29/21,M-25,152,3:46:33,55.67%
193,Kevin Sanchez,"San Juan Capistrano, CA",771,3:45:43,8:37,M 40-44/26,M-40,153,3:46:44,57.70%
194,Christopher Strawn,"Seattle, WA",835,3:45:52,8:37,M 35-39/25,M-37,154,3:46:46,56.61%
195,Christopher Tiernan,"Murrieta, CA",870,3:45:56,8:38,M 40-44/27,M-41,155,3:49:23,58.02%
196,Brad Drake,"Sun Prairie, WI",384,3:46:03,8:38,M 50-54/23,M-53,156,3:49:28,63.31%
197,Jerry Bollig,"Oregon, WI",266,3:46:04,8:38,M 55-59/7,M-58,157,3:49:28,66.18%
198,Anna Slattery,"Belvedere Tiburon, CA",815,3:46:21,8:38,F 45-49/5,F-48,41,3:47:21,69.28%
199,Lora Liu,"Loma Linda, CA",595,3:46:24,8:39,F 25-29/9,F-25,42,3:47:08,61.30%
200,Pk Robbins,"Del Mar, CA",748,3:46:35,8:39,F 40-44/9,F-43,43,3:47:30,65.98%
201,Sean Conway,"Fort Collins, CO",342,3:46:50,8:40,M 18-24/5,M-20,158,3:49:59,57.83%
202,Jacob Morris,"San Diego, CA",702,3:46:54,8:40,M 25-29/22,M-26,159,3:48:08,55.37%
203,Maya Kass,"Irvine, CA",543,3:47:03,8:40,F 35-39/6,F-37,44,3:47:58,62.52%
204,David Garrett,"La Mesa, CA",1609,3:47:15,8:41,M 40-44/28,M-40,160,3:47:15,57.31%
205,Tim Gober,"Baltimore, MD",449,3:47:21,8:41,M 25-29/23,M-27,161,3:47:45,55.26%
206,Ural Yal,"Solana Beach, CA",933,3:47:24,8:41,M 30-34/24,M-30,162,3:47:56,55.25%
207,Jay Skaalen,"Carlsbad, CA",811,3:47:34,8:41,M 18-24/6,M-22,163,3:54:09,56.43%
208,Audrey Jackson,"San Marcos, CA",528,3:47:43,8:42,F 40-44/10,F-43,45,3:58:28,65.66%
209,Brent Unferth,"Helendale, CA",1880,3:47:48,8:42,M 35-39/26,M-37,164,3:47:48,56.12%
210,Susan Bennis,"Apple Valley, CA",1877,3:47:48,8:42,F 40-44/11,F-43,46,3:47:48,65.63%
211,Ronald Martin,"Los Angeles, CA",620,3:47:55,8:42,M 40-44/29,M-42,165,3:48:05,57.89%
212,Won Park,"Carlsbad, CA",704,3:48:06,8:42,M 35-39/27,M-37,166,3:48:32,56.05%
213,Jeffrey Mintz,"Goleta, CA",650,3:48:11,8:43,M 30-34/25,M-31,167,3:51:41,55.06%
214,Ric Munoz,"Van Nuys, CA",671,3:48:21,8:43,M 45-49/20,M-49,168,3:51:30,60.71%
215,Jennifer Davenport,"San Francisco, CA",361,3:48:27,8:43,F 30-34/10,F-32,47,3:49:08,60.75%
216,Lonnie Horner,"Escondido, CA",1641,3:48:28,8:43,M 55-59/8,M-59,169,3:49:44,66.11%
217,Jeff Kemp,"Santa Clara, CA",550,3:48:31,8:43,M 30-34/26,M-32,170,3:52:14,54.98%
218,Gregory Dotzman,"Carlsbad, CA",381,3:48:32,8:43,M 40-44/30,M-41,171,3:50:09,57.36%
219,James Garner,"Coronado, CA",440,3:48:47,8:44,M 40-44/31,M-40,172,3:51:08,56.93%
220,Jamie McGrew,"San Diego, CA",631,3:49:01,8:45,F 18-24/5,F-22,48,3:49:21,61.90%
221,Lisa Uhrig,"Redondo Beach, CA",880,3:49:06,8:45,F 45-49/6,F-47,49,3:49:43,67.77%
222,Linda Jannelli,"Carlsbad, CA",534,3:49:12,8:45,F 50-54/1,F-52,50,3:49:46,71.33%
223,Joe Ogata,"Pacoima, CA",689,3:49:14,8:45,M 55-59/9,M-59,173,3:55:48,65.89%
224,Dean Andersen,"Oceanside, CA",210,3:49:19,8:45,M 40-44/32,M-42,174,3:50:12,57.53%
225,William Varhue,"Middletown, CT",890,3:49:22,8:45,M 40-44/33,M-44,175,3:49:46,58.30%
226,Michael Thurston,"Coronado, CA",867,3:49:29,8:46,M 25-29/24,M-26,176,3:53:05,54.75%
227,Amadita Dicochea,"Santa Clara, CA",375,3:49:31,8:46,F 30-34/11,F-34,51,3:52:07,60.47%
228,Nancy Fries,"Newport Beach, CA",433,3:49:32,8:46,F 40-44/12,F-43,52,3:50:16,65.14%
229,Melanee Pile,"Valley Center, CA",1739,3:49:35,8:46,F 18-24/6,F-24,53,3:49:35,60.60%
230,Hannah Savenye,"Escondido, CA",1854,3:49:37,8:46,F 18-24/7,F-20,54,3:49:37,63.10%
231,Sherry Mahoney,"Palm Desert, CA",609,3:49:41,8:46,F 40-44/13,F-43,55,3:49:52,65.09%
232,Keizo Amakawa,"Encinitas, CA",209,3:49:42,8:46,M 45-49/21,M-48,177,3:50:16,59.90%
233,Patrick Moran,"San Diego, CA",662,3:49:47,8:46,M 40-44/34,M-43,178,3:51:45,57.80%
234,Tony Cruz,"El Centro, CA",356,3:50:08,8:47,M 35-39/28,M-39,179,3:51:51,56.24%
235,Edgar Sevilla,"San Diego, CA",1875,3:50:19,8:48,M 45-49/22,M-46,180,3:50:19,58.88%
236,Ed Sevilla,"Chula Vista, CA",8813,3:50:19,8:48,M 55-59/10,M-57,181,3:50:19,64.35%
237,Chuck Spresser,"Eugene, OR",830,3:50:31,8:48,M 50-54/24,M-54,182,3:53:29,62.61%
238,Kevin Cruickshank,"Cardiff, CA",355,3:50:47,8:49,M 40-44/35,M-44,183,3:52:04,57.94%
239,Janel Takahashi,"San Diego, CA",848,3:51:00,8:49,F 30-34/12,F-30,56,3:51:42,60.08%
240,Bruce Neuschwander,"Pleasanton, CA",679,3:51:09,8:49,M 55-59/11,M-55,184,3:51:40,62.98%
241,Roy Rubinstein,"Glen Ellyn, IL",1756,3:51:23,8:50,M 70-74/1,M-71,185,3:51:23,75.05%
242,Ken Christianson,"San Diego, CA",323,3:51:26,8:50,M 25-29/25,M-28,186,3:53:34,54.29%
243,Rachel Hartman,"Mercer Island, WA",475,3:51:27,8:50,F 30-34/13,F-32,57,3:53:13,59.97%
244,Erika Van Flein,"Fairbanks, AK",885,3:51:28,8:50,F 45-49/7,F-48,58,3:52:26,67.75%
245,Paul Redfern,"Encinitas, CA",734,3:51:45,8:51,M 30-34/27,M-30,187,3:52:11,54.21%
246,Jennifer Silhavy,"San Diego, CA",805,3:51:57,8:51,F 30-34/14,F-31,59,3:52:59,59.84%
247,Fred Houry,"Ramona, CA",1642,3:52:00,8:51,M 40-44/36,M-40,188,3:52:00,56.14%
248,George Cooper,"San Diego, CA",345,3:52:02,8:51,M 50-54/25,M-54,189,3:56:35,62.20%
249,Bill Kissell,"Covina, CA",559,3:52:05,8:52,M 55-59/12,M-55,190,3:52:40,62.73%
250,Rob Schultz,"Portland, OR",789,3:52:15,8:52,M 35-39/29,M-36,191,3:53:12,54.72%
251,Jimmy Pangestoe,"San Diego, CA",701,3:52:18,8:52,M 30-34/28,M-30,192,3:58:38,54.09%
252,Carly Wendt,"Omaha, NE",908,3:52:26,8:52,F 25-29/10,F-27,60,3:54:08,59.71%
253,Dietrich Hildebrandt,"San Diego, CA",492,3:53:03,8:54,M 18-24/7,M-24,193,3:53:29,54.16%
254,Greg Wierman,"Chula Vista, CA",913,3:53:17,8:54,M 40-44/37,M-41,194,3:56:12,56.19%
255,Zinta Zarins,"Berkeley, CA",943,3:53:18,8:54,F 25-29/11,F-28,61,3:54:02,59.49%
256,Christopher Conklin,"Edwards, CA",989,3:53:20,8:54,M 35-39/30,M-36,195,3:54:30,54.47%
257,Ed Cabanero,"San Diego, CA",1540,3:53:21,8:54,M 40-44/38,M-41,196,3:53:33,56.17%
258,Robert Jones,"San Diego, CA",541,3:53:26,8:55,M 40-44/39,M-41,197,3:54:34,56.15%
259,Jay Ridgeway,"San Francisco, CA",1012,3:53:27,8:55,M 35-39/31,M-39,198,3:54:39,55.44%
260,Rachel Main,"Oakland, CA",611,3:53:28,8:55,F 30-34/15,F-31,62,3:54:40,59.45%
261,Darci Cassinelli,"Santa Clara, CA",298,3:53:34,8:55,F 25-29/12,F-29,63,3:54:04,59.42%
262,Ron Evancho,"Crabtree, PA",404,3:53:43,8:55,M 35-39/32,M-38,199,3:54:26,55.04%
263,Terre Weatherspoon,"Burnsville, MN",1818,3:53:50,8:56,M 30-34/29,M-34,200,3:53:50,53.73%
264,Evan Vapnek,"San Diego, CA",889,3:53:53,8:56,M 40-44/40,M-42,201,3:54:36,56.41%
265,Terri Kragen,"San Diego, CA",737,3:54:03,8:56,F 45-49/8,F-45,64,3:54:08,65.07%
266,Mark Greenberg,"San Diego, CA",977,3:54:03,8:56,M 45-49/23,M-46,202,3:54:09,57.94%
267,Jeff Coon,"San Diego, CA",1851,3:54:03,8:56,M 50-54/26,M-50,203,3:54:03,59.69%
268,Kevin Weed,"Snohomish, WA",902,3:54:11,8:56,M 40-44/41,M-44,204,3:58:41,57.10%
269,Matthew Weed,"Snohomish, WA",903,3:54:12,8:56,M 18-24/8,M-21,205,3:58:42,55.39%
270,Steven Calhoun,"Lakewood, CO",299,3:54:19,8:57,M 55-59/13,M-59,206,3:54:43,64.46%
271,Katie Boydston,"San Diego, CA",275,3:54:27,8:57,F 25-29/13,F-28,65,3:55:50,59.20%
272,Barry Brown,"Colorado Springs, CO",960,3:54:27,8:57,M 25-29/26,M-28,207,3:55:21,53.59%
273,H Joshua Rytz,"Encinitas, CA",764,3:54:51,8:58,M 35-39/33,M-35,208,3:56:08,53.80%
274,Christina Garcia,"Walnut Creek, CA",1835,3:54:57,8:58,F 18-24/8,F-23,66,3:55:02,59.75%
275,Michael Keane,"Sierra Madre, CA",545,3:55:05,8:58,M 25-29/27,M-25,209,3:55:40,53.45%
276,Luis Rzeslawski,"Bonita, CA",765,3:55:08,8:59,M 45-49/24,M-47,210,3:55:43,58.09%
277,Scott Bussing,"Vancouver, WA",296,3:55:09,8:59,M 40-44/42,M-43,211,3:56:29,56.48%
278,Eric Lovell,"Carlsbad, CA",603,3:55:10,8:59,M 45-49/25,M-47,212,3:56:25,58.07%
279,Peter Klein,"Oconomowoc, WI",560,3:55:27,8:59,M 45-49/26,M-47,213,3:57:32,58.01%
280,Bruce Swanson,"Oceanside, CA",844,3:55:45,9:00,M 55-59/14,M-56,214,3:57:14,62.30%
281,Janet Green,"Courtenay, BC",458,3:55:48,9:00,F 50-54/2,F-54,67,3:56:24,70.89%
282,Erick Von Berge,"San Diego, CA",958,3:55:49,9:00,M 45-49/27,M-46,215,3:59:16,57.50%
283,Scott Sharpless,"Torrance, CA",797,3:55:52,9:00,M 50-54/27,M-53,216,3:57:42,60.68%
284,Brian Smallwood,"Camarillo, CA",816,3:55:54,9:00,M 50-54/28,M-52,217,3:58:30,60.17%
285,Rajan Christian,"Loma Linda, CA",1874,3:55:58,9:00,M 35-39/34,M-38,218,3:55:58,54.51%
286,Khevin Barnes,"Carlsbad, CA",236,3:56:01,9:01,M 55-59/15,M-57,219,3:56:22,62.80%
287,Jon Mahoney,"Palm Desert, CA",608,3:56:05,9:01,M 55-59/16,M-55,220,3:56:16,61.67%
288,Robert Franks,"Carlsbad, CA",429,3:56:08,9:01,M 35-39/35,M-39,221,3:56:56,54.81%
289,Jeffrey Koh,"Lake Oswego, OR",566,3:56:09,9:01,M 45-49/28,M-48,222,4:00:30,58.26%
290,Leah Anderson,"San Diego, CA",988,3:56:15,9:01,F 25-29/14,F-27,68,4:00:11,58.75%
291,Richard Barton,"Greenville, OH",243,3:56:16,9:01,M 50-54/29,M-54,223,3:56:47,61.09%
292,Janeann Twelker,"Juneau, AK",879,3:56:26,9:02,F 55-59/1,F-55,69,3:57:37,71.51%
293,Gary Janisch,"San Marcos, CA",533,3:56:32,9:02,M 50-54/30,M-50,224,3:56:58,59.06%
294,David Highsmith,"Chula Vista, CA",1636,3:56:34,9:02,M 40-44/43,M-40,225,3:56:34,55.05%
295,James Highsmith,"Anaheim, CA",1886,3:56:35,9:02,M 40-44/44,M-41,226,3:56:35,55.40%
296,Lauren Emblem,"San Diego, CA",1584,3:56:37,9:02,F 25-29/15,F-28,70,3:56:42,58.66%
297,Jennifer Livermore,"Vista, CA",596,3:56:43,9:02,F 25-29/16,F-25,71,4:00:41,58.63%
298,Ben Sprague,"Las Vegas, NV",829,3:57:07,9:03,M 45-49/29,M-45,227,3:57:45,56.78%
299,Monique Gill,"Wildomar, CA",443,3:57:10,9:03,F 35-39/7,F-38,72,3:58:02,60.35%
300,Richard Pon,"San Francisco, CA",2575,3:57:12,9:03,M 55-59/17,M-56,228,3:57:12,61.92%
301,Patrick Huston,"Carlsbad, CA",519,3:57:24,9:04,M 35-39/36,M-38,229,3:58:04,54.18%
302,Gary Ostwald,"Phoenixville, PA",697,3:57:26,9:04,M 60-64/3,M-61,230,3:58:17,64.90%
303,Zack Daniels,"Seattle, WA",359,3:57:27,9:04,M 25-29/28,M-27,231,3:58:17,52.91%
304,David Christian,"Tigard, OR",322,3:57:34,9:04,M 30-34/30,M-32,232,4:00:36,52.89%
305,Jay Bautista,"San Diego, CA",1519,3:57:37,9:04,M 35-39/37,M-37,233,3:57:37,53.81%
306,Ramon Betancourt,"San Diego, CA",259,3:57:39,9:04,M 50-54/31,M-54,234,3:58:32,60.73%
307,Scott Thatcher,"San Marcos, CA",1800,3:57:41,9:04,M 35-39/38,M-38,235,3:57:54,54.12%
308,Karolina Hobson,"El Cajon, CA",497,3:57:42,9:04,F 25-29/17,F-25,73,3:58:54,58.39%
309,Emily Powell,"Del Mar, CA",721,3:57:42,9:04,F 18-24/9,F-24,74,3:58:43,58.53%
310,Eugene Leving,"Vista, CA",588,3:57:46,9:05,M 65-69/1,M-66,236,3:59:17,68.48%
311,Shawn Grafitti,"Castle Rock, CO",1620,3:57:53,9:05,F 35-39/8,F-39,75,3:57:53,60.68%
312,Jairo Fredonis,"Oceanside, CA",430,3:57:59,9:05,M 30-34/31,M-34,237,3:58:52,52.79%
313,Stephan Pejouan,"Carlsbad, CA",955,3:58:01,9:05,M 40-44/45,M-41,238,3:58:57,55.07%
314,Cynthia Rohrer,"Redondo Beach, CA",753,3:58:03,9:05,F 45-49/9,F-49,76,3:59:09,66.54%
315,Jeffrey Farrier,"San Diego, CA",965,3:58:04,9:05,M 35-39/39,M-37,239,4:03:48,53.70%
316,David Larson,"Birmingham, MI",579,3:58:05,9:05,M 55-59/18,M-55,240,3:59:18,61.15%
317,Jeff Godlis,"Encinitas, CA",992,3:58:06,9:05,M 50-54/32,M-54,241,3:59:43,60.62%
318,James Person,"San Clemente, CA",1567,3:58:12,9:06,M 50-54/33,M-53,242,3:58:12,60.08%
319,Nadine Gnall,"Cardiff, CA",448,3:58:17,9:06,F 35-39/9,F-38,77,3:58:50,60.07%
320,Steven Poirier,"Pepperell, MA",718,3:58:23,9:06,M 30-34/32,M-32,243,3:59:17,52.71%
321,Taylor Sowards,"Irvine, CA",826,3:58:24,9:06,M 25-29/29,M-29,244,3:59:16,52.70%
322,Lilly Wheet,"Bowling Green, KY",911,3:58:27,9:06,F 45-49/10,F-47,78,3:59:07,65.11%
323,Greg Chandler,"Lakeside, CA",316,3:58:27,9:06,M 30-34/33,M-34,245,3:59:57,52.69%
324,Celso Apuyan,"San Diego, CA",217,3:58:38,9:07,M 50-54/34,M-53,246,4:01:03,59.97%
325,Adrian Floren,"St Louis Park, MN",1597,3:58:53,9:07,M 25-29/30,M-28,247,3:59:09,52.60%
326,Jeanine Huebner,"San Marcos, CA",514,3:58:54,9:07,F 45-49/11,F-47,79,3:59:48,64.99%
327,Kelly Kingston,"Poway, CA",557,3:59:01,9:07,F 35-39/10,F-39,80,4:00:11,60.39%
328,Troy Mills,"San Diego, CA",648,3:59:11,9:08,M 40-44/46,M-43,248,3:59:33,55.53%
329,Philip Sage,"Mantua, OH",770,3:59:11,9:08,M 45-49/30,M-47,249,4:00:22,57.10%
330,Brandon Berger,"West Chester, PA",257,3:59:13,9:08,M 30-34/34,M-30,250,3:59:46,52.52%
331,Wendy Francke,"Ventura, CA",428,3:59:18,9:08,F 35-39/11,F-38,81,4:00:11,59.81%
332,Dennis Hermanson,"San Diego, CA",1632,3:59:23,9:08,M 45-49/31,M-45,251,3:59:23,56.25%
333,Darren Arola,"San Diego, CA",222,3:59:35,9:09,M 35-39/40,M-38,252,4:02:47,53.69%
334,Mitchell De Neve,"Escondido, CA",1570,3:59:49,9:09,M 35-39/41,M-38,253,3:59:49,53.64%
335,Jeffrey Todd,"Carlsbad, CA",873,3:59:56,9:10,M 35-39/42,M-38,254,4:00:46,53.61%
336,Todd Holmes,"Lakewood, CO",967,3:59:58,9:10,M 50-54/35,M-51,255,4:01:08,58.68%
337,Lauriejo Hall,"Marietta, OH",470,4:00:01,9:10,F 30-34/16,F-31,82,4:01:33,57.83%
338,Dedrick Girley,"Carlsbad, CA",446,4:00:03,9:10,M 35-39/43,M-36,256,4:00:06,52.94%
339,Carlos Hernandez,"Rancho Santa Margarita, CA",484,4:00:04,9:10,M 40-44/47,M-40,257,4:02:08,54.25%
340,Dean Tan,"Irvine, CA",850,4:00:04,9:10,M 40-44/48,M-44,258,4:02:47,55.70%
341,Laura Chambers,"Valley Center, CA",1548,4:00:07,9:10,F 35-39/12,F-37,83,4:00:10,59.12%
342,Kimberley Beatty,"San Diego, CA",249,4:00:18,9:10,F 40-44/14,F-41,84,4:01:07,61.12%
343,Robert Bailey,"South Charleston, WV",1516,4:00:46,9:11,M 55-59/19,M-59,259,4:00:46,62.74%
344,Kevin Hoelscher,"San Diego, CA",1639,4:00:56,9:12,M 25-29/31,M-25,260,4:01:10,52.15%
345,Steve Lavering,"San Juan Capistrano, CA",1665,4:01:00,9:12,M 45-49/32,M-49,261,4:01:00,57.52%
346,Kristine Williams,"Leavenworth, WA",916,4:01:30,9:13,F 25-29/18,F-29,85,4:04:08,57.47%
347,Keith Williams,"Fpo Ap, CA",915,4:01:31,9:13,M 18-24/9,M-21,262,4:04:09,53.71%
348,Clifford Kaiser,"Vista, CA",1648,4:01:33,9:13,M 45-49/33,M-47,263,4:01:33,56.54%
349,Dawn Kulesa,"Oro Valley, AZ",1659,4:01:42,9:14,F 45-49/12,F-46,86,4:01:42,63.62%
350,Therese Schmisseur,"Phoenix, AZ",1767,4:01:43,9:14,F 40-44/15,F-44,87,4:01:43,62.42%
351,Constance O'Brien,"Saint Paul, MN",995,4:01:58,9:14,F 45-49/13,F-46,88,4:03:00,63.55%
352,Roger Dufresne,"Derry, NH",1581,4:02:05,9:14,M 60-64/4,M-60,264,4:02:05,63.01%
353,Elaine Roberge,"Simpsonville, SC",749,4:02:10,9:15,F 45-49/14,F-47,89,4:05:12,64.11%
354,Steven Lober,"Thousand Oaks, CA",1018,4:02:11,9:15,M 50-54/36,M-51,265,4:03:34,58.14%
355,Rosa Estorga,"Simi Valley, CA",403,4:02:30,9:15,F 35-39/13,F-36,90,4:02:36,58.06%
356,Diana Endler,"San Bernardino, CA",398,4:02:33,9:16,F 45-49/15,F-45,91,4:03:55,62.79%
357,Daniel De La Vega Jr,"San Diego, CA",365,4:02:34,9:16,M 40-44/49,M-42,266,4:03:18,54.39%
358,Steven Bailey,"Escondido, CA",227,4:02:46,9:16,M 35-39/44,M-39,267,4:08:01,53.31%
359,David Bush,"Seattle, WA",295,4:02:49,9:16,M 45-49/34,M-45,268,4:03:19,55.45%
360,Lyne Perry,"Alpine, CA",1735,4:03:06,9:17,F 45-49/16,F-45,92,4:03:12,62.65%
361,Jesper Larsson,"Uppsala, ",580,4:03:07,9:17,M 40-44/50,M-44,269,4:05:48,55.00%
362,Charles Kinzer Jr,"Omaha, NE",558,4:03:20,9:17,M 45-49/35,M-46,270,4:07:21,55.72%
363,Joel Weber,"Elk Grove, CA",1011,4:03:28,9:18,M 45-49/36,M-47,271,4:03:57,56.10%
364,Joe Kubicki,"San Diego, CA",574,4:03:51,9:19,M 30-34/35,M-32,272,4:05:43,51.52%
365,Jennifer Goodwin,"Yarmouth Port, MA",453,4:03:57,9:19,F 18-24/10,F-22,93,4:05:31,58.11%
366,James Vasterling,"Fort Myers, FL",892,4:04:10,9:19,M 18-24/10,M-22,273,4:05:47,52.60%
367,Victor Montes,"Chubbuck, ID",1700,4:04:24,9:20,M 25-29/32,M-29,274,4:04:35,51.41%
368,Paul Northen,"Coto De Caza, CA",682,4:04:26,9:20,M 40-44/51,M-43,275,4:04:34,54.34%
369,Tracy South,"Chandler, AZ",825,4:04:27,9:20,F 25-29/19,F-27,94,4:05:09,56.78%
370,Eric Ostendorff,"Torrance, CA",695,4:04:34,9:20,M 45-49/37,M-47,276,4:04:49,55.85%
371,Nanette Brown,"Chula Vista, CA",1534,4:04:46,9:21,F 40-44/16,F-40,95,4:04:46,59.48%
372,Summer Nelson,"San Diego, CA",1713,4:04:47,9:21,F 30-34/17,F-32,96,4:04:55,56.70%
373,Paul Horvath,"Laguna Niguel, CA",1871,4:04:57,9:21,M 35-39/45,M-38,277,4:05:00,52.51%
374,Mark Santoro,"Pasadena, CA",777,4:05:02,9:21,M 50-54/37,M-50,278,4:06:12,57.01%
375,Ted Juarez,"El Cajon, CA",542,4:05:02,9:21,M 35-39/46,M-36,279,4:10:31,51.87%
376,David Ko,"San Diego, CA",969,4:05:13,9:22,M 18-24/11,M-23,280,4:05:31,51.90%
377,Rachel Millstone,"La Mesa, CA",1695,4:05:15,9:22,F 40-44/17,F-42,97,4:05:15,60.41%
378,Gerard Lumabas,"San Diego, CA",1677,4:05:39,9:23,M 30-34/36,M-33,281,4:05:39,51.15%
379,Diane Casey,"Alpine, CA",307,4:05:45,9:23,F 45-49/17,F-45,98,4:06:28,61.97%
380,Jordan Malka,"Carlsbad, CA",612,4:05:47,9:23,M 18-24/12,M-18,282,4:06:42,54.79%
381,Jason Defay,"San Diego, CA",366,4:06:03,9:24,M 35-39/47,M-37,283,4:08:14,51.96%
382,Jasmine Smith,"San Diego, CA",820,4:06:10,9:24,F 25-29/20,F-28,99,4:07:35,56.38%
383,Jennifer Delson,"Long Beach, CA",1840,4:06:37,9:25,F NoAge/0,F-0,100,4:06:37, 0.00%
384,John Murdzek,"San Diego, CA",1709,4:06:51,9:25,M 45-49/38,M-47,284,4:06:51,55.33%
385,Mark Palmerton,"San Diego, CA",1725,4:06:55,9:26,M 45-49/39,M-45,285,4:07:11,54.53%
386,Jeffrey Mason,"San Diego, CA",1686,4:07:01,9:26,M 35-39/48,M-37,286,4:07:01,51.76%
387,Rick Burgess,"Saratoga, CA",291,4:07:07,9:26,M 55-59/20,M-58,287,4:08:08,60.54%
388,Nicole Clancy,"Santa Barbara, CA",1556,4:07:07,9:26,F 35-39/14,F-35,101,4:07:07,56.52%
389,Jill Geer,"Bakersfield, CA",1610,4:07:10,9:26,F 40-44/18,F-44,102,4:07:21,61.05%
390,Christopher Higgins,"Boise, ID",490,4:07:21,9:27,M 30-34/37,M-33,288,4:13:09,50.80%
391,Cindy Campbell,"San Diego, CA",300,4:07:22,9:27,F 45-49/18,F-46,103,4:07:43,62.16%
392,Ronald Ringler,"Folsom, CA",746,4:07:41,9:27,M 50-54/38,M-51,289,4:08:02,56.85%
393,Alan Pollack,"San Clemente, CA",979,4:07:56,9:28,M 55-59/21,M-56,290,4:08:22,59.24%
394,Dean Yasutomi,"San Marcos, CA",936,4:08:08,9:28,M 45-49/40,M-47,291,4:09:47,55.04%
395,Lynda Farr,"Haymarket, VA",1589,4:08:11,9:28,F 50-54/3,F-53,104,4:08:11,66.60%
396,Elizabeth Granquist,"San Diego, CA",455,4:08:26,9:29,F 40-44/19,F-41,105,4:12:14,59.11%
397,Christine Demshar,"New Berlin, WI",1015,4:08:37,9:29,F 30-34/18,F-34,106,4:12:06,55.83%
398,Kylie Shea,"San Diego, CA",799,4:08:50,9:30,F 18-24/11,F-23,107,4:12:50,56.42%
399,Celia Metz,"San Diego, CA",1691,4:08:59,9:30,F 50-54/4,F-51,108,4:08:59,64.96%
400,Lora Tang,"Riverside, CA",851,4:09:01,9:30,F 40-44/20,F-41,109,4:10:35,58.98%
401,Mary Ratzlaff,"San Diego, CA",732,4:09:02,9:30,F 40-44/21,F-40,110,4:12:51,58.46%
402,Florent Martin,"Del Mar, CA",619,4:09:07,9:31,M 30-34/38,M-33,292,4:10:42,50.43%
403,Mark Haley,"Lagrange, KY",467,4:09:07,9:31,M 35-39/49,M-37,293,4:09:20,51.32%
404,Chris Blankenhorn,"Pasadena, CA",1527,4:09:07,9:31,M 50-54/39,M-51,294,4:09:21,56.52%
405,Ray Brown,"San Diego, CA",282,4:09:10,9:31,M 40-44/52,M-41,295,4:11:45,52.61%
406,Rocio Botello,"Wildomar, CA",271,4:09:25,9:31,F 35-39/15,F-35,111,4:09:31,56.00%
407,Alice Taggart,"Jamaica Plain, MA",846,4:09:27,9:31,F 25-29/21,F-29,112,4:11:08,55.64%
408,Kris Gibson,"San Diego, CA",442,4:09:30,9:31,M 25-29/33,M-28,296,4:13:40,50.36%
409,Tim Thurston,"Manhattan Beach, CA",1802,4:09:44,9:32,M 30-34/39,M-34,297,4:09:44,50.31%
410,Brienne Thomson,"Del Mar, CA",864,4:09:46,9:32,F 25-29/22,F-28,113,4:10:18,55.57%
411,Daniel Oliver,"Encinitas, CA",1582,4:09:57,9:32,M 65-69/2,M-69,298,4:09:57,67.62%
412,Lisa Luyet,"North Little Rock, AR",606,4:10:10,9:33,F 35-39/16,F-36,114,4:11:45,56.28%
413,Emmy Hume,"Brea, CA",518,4:10:15,9:33,F 30-34/19,F-31,115,4:11:42,55.46%
414,Alan Fowler,"Carlsbad, CA",425,4:10:33,9:34,M 25-29/34,M-26,299,4:11:11,50.15%
415,Davin Sunley,"Victorville, CA",841,4:10:35,9:34,M 25-29/35,M-28,300,4:17:21,50.14%
416,Leslie Thiessen,"San Diego, CA",860,4:11:34,9:36,F 25-29/23,F-26,116,4:12:36,55.17%
417,Kendall Hartley,"Henderson, NV",474,4:11:37,9:36,M 35-39/50,M-37,301,4:16:15,50.81%
418,Jones Ramsey,"Houston, TX",730,4:11:38,9:36,M 40-44/53,M-44,302,4:11:46,53.14%
419,Charlie Alewine,"Diamond Bar, CA",1505,4:11:42,9:36,M 60-64/5,M-62,303,4:11:42,61.86%
420,Nick Nichols,"San Jose, CA",1715,4:11:43,9:37,M 50-54/40,M-52,304,4:11:43,56.39%
421,David Parker,"Santa Barbara, CA",705,4:11:55,9:37,M 45-49/41,M-47,305,4:12:27,54.22%
422,Carrie Lynn Gauden,"Boulder, CO",1859,4:11:57,9:37,F 30-34/20,F-33,117,4:12:04,55.09%
423,Michael Friess,"Boulder, CO",434,4:12:19,9:38,M 55-59/22,M-57,306,4:12:44,58.74%
424,John Hinman,"Carlsbad, CA",495,4:12:22,9:38,M 50-54/41,M-53,307,4:14:08,56.71%
425,John Daley,"Oceanside, CA",2525,4:12:24,9:38,M 55-59/23,M-59,308,4:12:24,59.84%
426,Marissa Yates,"La Jolla, CA",937,4:12:29,9:38,F 25-29/24,F-26,118,4:17:16,54.97%
427,Greg Smeltzer,"San Diego, CA",817,4:12:33,9:38,M 35-39/51,M-38,309,4:15:03,50.93%
428,William Hooper,"Rancho Santa Fe, CA",507,4:12:33,9:38,M 55-59/24,M-58,310,4:12:57,59.24%
429,Jerry Nairn,"Chandler, AZ",972,4:12:41,9:39,M 45-49/42,M-48,311,4:14:08,54.45%
430,Michael Proctor,"San Diego, CA",727,4:12:46,9:39,M 25-29/36,M-27,312,4:14:00,49.71%
431,Jennifer Tate,"San Diego, CA",856,4:12:46,9:39,F 25-29/25,F-26,119,4:14:00,54.91%
432,Kim Fitzpatrick,"Indian Wells, CA",1595,4:12:50,9:39,F 35-39/17,F-38,120,4:12:50,56.61%
433,Mark Bradshaw,"Mount Hermon, CA",277,4:12:51,9:39,M 25-29/37,M-26,313,4:13:46,49.69%
434,Greg Aarons,"San Diego, CA",201,4:12:53,9:39,M 55-59/25,M-55,314,4:13:36,57.57%
435,Libby Coalson,"San Diego, CA",1679,4:13:14,9:40,F 40-44/22,F-40,121,4:13:14,57.49%
436,Pamela Bercovici,"Santa Clarita, CA",256,4:13:23,9:40,F 45-49/19,F-46,122,4:14:20,60.68%
437,Stan Shatenstein,"Montreal, QC",798,4:13:23,9:40,M 50-54/42,M-53,315,4:13:52,56.48%
438,John Miller,"Carlsbad, CA",953,4:13:32,9:41,M 40-44/54,M-44,316,4:14:39,52.74%
439,Kristin Tate,"Oceanside, CA",974,4:13:39,9:41,F 30-34/21,F-32,123,4:16:17,54.71%
440,Eric Youngren,"Oceanside, CA",939,4:13:41,9:41,M 25-29/38,M-29,317,4:15:17,49.52%
441,Ralph Cripe,"Carlsbad, CA",350,4:13:47,9:41,M 65-69/3,M-66,318,4:13:47,64.16%
442,Bryan Cimicata,"Carlsbad, CA",325,4:14:01,9:42,M 35-39/52,M-37,319,4:19:11,50.33%
443,Ron Lesnick,"Highlands Ranch, CO",587,4:14:20,9:42,M 45-49/43,M-47,320,4:15:22,53.70%
444,Lexy Kearns,"San Diego, CA",1526,4:14:26,9:43,F 25-29/26,F-27,124,4:14:26,54.55%
445,Kevin Mildner,"Pullman, WA",642,4:14:28,9:43,M 18-24/13,M-21,321,4:17:04,50.98%
446,Thomas Freese,"San Diego, CA",432,4:14:28,9:43,M 35-39/53,M-36,322,4:15:40,49.94%
447,Paul Bielinski,"Franklin, WI",263,4:14:34,9:43,M 40-44/55,M-43,323,4:15:10,52.17%
448,Christopher Leyerle,"San Diego, CA",1005,4:14:42,9:43,M 30-34/40,M-33,324,4:15:25,49.33%
449,Paul Poffenroth,"Calgary, AB",717,4:14:46,9:43,M 70-74/2,M-70,325,4:16:13,67.23%
450,Rut Laureano,"Valencia, CA",582,4:14:47,9:44,F 25-29/27,F-29,125,4:16:35,54.47%
451,Beth Kelsic,"Longmont, CO",549,4:14:57,9:44,F 50-54/5,F-53,126,4:16:35,64.83%
452,Ami Adkins,"El Cajon, CA",203,4:14:58,9:44,F 40-44/23,F-40,127,4:16:32,57.10%
453,John Hodgson,"Waterford, MI",949,4:14:58,9:44,M 35-39/54,M-38,326,4:16:31,50.45%
454,Ryan Grigsby,"Escondido, CA",1623,4:15:05,9:44,M 35-39/55,M-36,327,4:15:05,49.82%
455,Christopher Huitt,"Sacramento, CA",515,4:15:07,9:44,M 40-44/56,M-40,328,4:16:03,51.05%
456,Angie Fetrow,"Escondido, CA",412,4:15:10,9:44,F 40-44/24,F-41,128,4:16:47,57.55%
457,Charles Mueller III,"San Diego, CA",669,4:15:22,9:45,M 25-29/39,M-29,329,4:19:02,49.20%
458,Thomas Marquardt,"Delta, BC",617,4:15:22,9:45,M 55-59/26,M-56,330,4:18:43,57.52%
459,Curtis Childers,"Escondido, CA",320,4:15:24,9:45,M 45-49/44,M-46,331,4:19:57,53.09%
460,Changping Li,"Carlsbad, CA",591,4:15:34,9:45,M 35-39/56,M-36,332,4:17:43,49.73%
461,Octavio Armas,"La Mesa, CA",221,4:15:52,9:46,M 45-49/45,M-47,333,4:18:33,53.38%
462,Yonah Offner,"Carlsbad, CA",688,4:15:55,9:46,M 60-64/6,M-63,334,4:16:03,61.50%
463,Tobin McManus,"Cardiff By The Sea, CA",633,4:16:02,9:46,M 35-39/57,M-36,335,4:17:12,49.64%
464,Eric Burton,"Lake Havasu City, AZ",294,4:16:07,9:47,M 30-34/41,M-34,336,4:19:41,49.06%
465,Cynthia Halpin Brown,"Carlsbad, CA",1625,4:16:08,9:47,F 40-44/25,F-42,129,4:16:08,57.85%
466,Deborah Rubens,"Kirkland, WA",1755,4:16:08,9:47,F 35-39/18,F-35,130,4:16:12,54.53%
467,Daniel Lehner,"Encinitas, CA",585,4:16:10,9:47,M 55-59/27,M-56,337,4:22:12,57.34%
468,Tanya Goff,"Troy, NY",1616,4:16:23,9:47,F 35-39/19,F-37,131,4:16:38,55.37%
469,Sam Nickel,"Folsom, CA",1716,4:16:35,9:48,M 1-17/3,M-17,338,4:16:35,53.30%
470,Tommy Fay,"Folsom, CA",1590,4:16:36,9:48,M 1-17/4,M-17,339,4:16:36,53.29%
471,Joseph Reilly,"Orange, CA",1878,4:17:01,9:49,M 60-64/7,M-64,340,4:17:01,61.91%
472,Rachel Saak,"Creve Coeur, MO",766,4:17:08,9:49,F 25-29/28,F-28,132,4:21:07,53.98%
473,Peter Nerothin,"Laveen, AZ",1019,4:17:33,9:50,M 25-29/40,M-28,341,4:19:00,48.78%
474,Sharon Westfall-Loomis,"Las Cruces, NM",1822,4:17:36,9:50,F 40-44/26,F-40,133,4:17:36,56.52%
475,Ryan Huston,"Temecula, CA",1872,4:18:00,9:51,M 30-34/42,M-34,342,4:18:12,48.70%
476,Steven Welch,"Murrieta, CA",907,4:18:09,9:51,M 40-44/57,M-42,343,4:19:39,51.11%
477,Ricardo Cabanit Jr,"Imperial, CA",962,4:18:13,9:51,M 30-34/43,M-31,344,4:24:53,48.66%
478,Natalie Prust,"La Quinta, CA",1744,4:18:17,9:52,F 30-34/22,F-34,134,4:18:17,53.74%
479,David Barraza,"National City, CA",239,4:18:20,9:52,M 35-39/58,M-38,345,4:19:22,49.79%
480,Tomas Macango,"San Marcos, CA",1678,4:18:21,9:52,M 30-34/44,M-32,346,4:18:32,48.63%
481,Tetsuji Kojima,"San Diego, CA",567,4:18:26,9:52,M 40-44/58,M-44,347,4:19:20,51.74%
482,Madison Lamb,", CA",951,4:18:45,9:53,F 18-24/12,F-21,135,4:25:07,55.37%
483,Dave Otey,"Blue Jay, CA",1722,4:19:01,9:53,M 45-49/46,M-49,348,4:19:01,53.52%
484,Sara Knitt,"San Diego, CA",563,4:19:03,9:53,F 18-24/13,F-23,136,4:26:38,54.19%
485,Matt Knitt,"San Diego, CA",562,4:19:03,9:53,M 18-24/14,M-23,349,4:26:38,49.13%
486,Julia Chan,"San Francisco, CA",1549,4:19:04,9:53,F 18-24/14,F-23,137,4:19:04,54.19%
487,Tim Tibbits,"La Quinta, CA",1803,4:19:22,9:54,M 55-59/28,M-58,350,4:19:31,57.68%
488,Darol Caster,"Escondido, CA",310,4:19:30,9:54,M 55-59/29,M-59,351,4:20:42,58.21%
489,Hugh Ferry,"Houston, TX",411,4:19:30,9:54,M 40-44/59,M-44,352,4:24:40,51.53%
490,Blessing Mobolade,"Mishawaka, IN",655,4:19:33,9:54,M 25-29/41,M-28,353,4:20:13,48.41%
491,Kathryn Cogswell,"San Diego, CA",334,4:19:46,9:55,F 18-24/15,F-23,138,4:20:32,54.04%
492,Steven Slacum,"Newark, DE",814,4:19:51,9:55,M 18-24/15,M-22,354,4:20:59,49.42%
493,Travis Vance,"Carlsbad, CA",887,4:19:57,9:55,M 30-34/45,M-32,355,4:24:08,48.33%
494,Greg Dalforno,"Santa Barbara, CA",358,4:20:09,9:56,M 35-39/59,M-37,356,4:22:55,49.15%
495,Wing Chan,"Carlsbad, CA",1550,4:20:10,9:56,M 35-39/60,M-39,357,4:20:17,49.75%
496,Nicholas Demaison,"La Jolla, CA",370,4:20:32,9:57,M 25-29/42,M-28,358,4:21:44,48.22%
497,J Taniguchi,"Huntington Beach, CA",852,4:20:36,9:57,M 45-49/47,M-48,359,4:30:13,52.80%
498,Reid Brinton,"Sandy, UT",279,4:20:37,9:57,M 60-64/8,M-60,360,4:21:47,58.53%
499,Erica Ball,"Havertown, PA",230,4:20:39,9:57,F 18-24/16,F-19,139,4:21:51,56.28%
500,Frank Cherne,"Los Alamos, NM",1551,4:20:53,9:57,M 40-44/60,M-41,361,4:20:53,50.24%
501,Michael Howard,"San Diego, CA",512,4:21:00,9:58,M 35-39/61,M-38,362,4:22:36,49.28%
502,Nichole Hildebrandt,"Tualatin, OR",493,4:21:01,9:58,F 30-34/23,F-33,140,4:24:04,53.17%
503,Mark Scanlon,"San Diego, CA",781,4:21:07,9:58,M 35-39/62,M-38,363,4:21:19,49.26%
504,Elliott Fabrizio,"Bremerton, WA",948,4:21:20,9:59,M 18-24/16,M-21,364,4:21:22,49.64%
505,Andre Yarbrough,"Oceanside, CA",934,4:21:24,9:59,M 35-39/63,M-37,365,4:27:37,48.91%
506,Charlene O'Campo,"San Diego, CA",687,4:21:28,9:59,F 25-29/29,F-25,141,4:23:40,53.08%
507,Sy Vu,"Orange, CA",1815,4:21:29,9:59,M 40-44/61,M-40,366,4:21:38,49.81%
508,Stephanie Skladzien,"Madison, WI",812,4:21:47,10:00,F 25-29/30,F-26,142,4:22:17,53.02%
509,Lane Steed,"Apple Valley, CA",2613,4:21:48,10:00,F 45-49/20,F-49,143,4:21:55,60.50%
510,Brian Luschwitz,"Escondido, CA",605,4:21:50,10:00,M 40-44/62,M-40,367,4:27:11,49.74%
511,Samantha Greasley,"San Diego, CA",457,4:21:54,10:00,F 35-39/20,F-37,144,4:23:40,54.20%
512,Kameron Wong,"Poway, CA",923,4:22:12,10:01,M 40-44/63,M-43,368,4:23:33,50.65%
513,Stephen Sox,"La Canada, CA",827,4:22:15,10:01,M 40-44/64,M-42,369,4:23:17,50.31%
514,Brisa Huerta-Price,"El Centro, CA",1000,4:22:21,10:01,F 25-29/31,F-28,145,4:22:21,52.90%
515,Genesis Dunn,"San Diego, CA",991,4:22:22,10:01,F 25-29/32,F-29,146,4:25:47,52.90%
516,Nicola Thomson,"Unionville, ON",865,4:22:23,10:01,F 55-59/2,F-59,147,4:25:28,67.65%
517,Todd Byers,"Long Beach, CA",297,4:22:29,10:01,M 40-44/65,M-44,370,4:29:05,50.94%
518,Emily Hogenboom,"San Diego, CA",1640,4:22:32,10:01,F 40-44/27,F-40,148,4:22:36,55.45%
519,Yukiko Uchida,"San Diego, CA",1812,4:22:39,10:02,F 18-24/17,F-24,149,4:22:54,52.97%
520,Heidi Bertrand,"Vista, CA",258,4:22:48,10:02,F 40-44/28,F-43,150,4:29:11,56.89%
521,Silverio Rivas,"Rancho Cucamonga, CA",747,4:22:58,10:02,M 50-54/43,M-50,371,4:24:03,53.12%
522,Kate Leclerc,"Aliso Viejo, CA",970,4:23:07,10:03,F 50-54/6,F-51,151,4:23:50,61.46%
523,Jennifer Walker,"Calgary, AB",894,4:23:14,10:03,F 30-34/24,F-31,152,4:27:14,52.73%
524,Rick Hood,"Houston, TX",506,4:23:20,10:03,M 50-54/44,M-54,372,4:24:52,54.81%
525,Ryan Scarbrough,"Vista, CA",783,4:23:24,10:03,M 18-24/17,M-19,373,4:23:24,50.43%
526,David Scarbrough,"Vista, CA",782,4:23:24,10:03,M 50-54/45,M-50,374,4:23:24,53.04%
527,Courtney Hatcher,"San Diego, CA",478,4:23:26,10:03,F 18-24/18,F-24,153,4:25:52,52.81%
528,Lisa Smith,"San Diego, CA",1780,4:23:26,10:03,F 25-29/33,F-25,154,4:23:26,52.69%
529,Jeremy Frehner,"Saint George, UT",1601,4:23:32,10:04,M 35-39/64,M-37,375,4:23:43,48.51%
530,Tawni Gomes,"Long Beach, CA",1617,4:23:45,10:04,F 40-44/29,F-44,155,4:23:45,57.21%
531,Arne Gunnarsson,"Fallbrook, CA",1004,4:23:49,10:04,M 65-69/4,M-65,376,4:24:52,61.00%
532,Michael Jacob,"Temecula, CA",2555,4:23:54,10:04,M 35-39/65,M-39,377,4:29:08,49.04%
533,Amara Momoh,"San Diego, CA",1697,4:23:58,10:05,M 45-49/48,M-46,378,4:23:58,51.37%
534,Eduardo Iriarte,"Vista, CA",522,4:24:11,10:05,M 18-24/18,M-19,379,4:24:38,50.28%
535,Sean Dwyer,"San Marcos, CA",389,4:24:11,10:05,M 30-34/46,M-32,380,4:25:43,47.56%
536,Edward Pardi II,"San Diego, CA",703,4:24:12,10:05,M 45-49/49,M-45,381,4:26:28,50.96%
537,Paul Escola,"Poway, CA",401,4:24:12,10:05,M 35-39/66,M-38,382,4:25:02,48.69%
538,Annette Daoust,"Oceanside, CA",360,4:24:15,10:05,F 50-54/7,F-50,156,4:26:17,60.56%
539,Susan Bunnell,"Newbury Park, CA",289,4:24:19,10:05,F 45-49/21,F-45,157,4:25:18,57.62%
540,Steven Batutis,"San Marcos, CA",1518,4:24:26,10:06,M 50-54/46,M-51,383,4:24:39,53.25%
541,Colleen Nettekoven,"Aliso Viejo, CA",1863,4:24:28,10:06,F 35-39/21,F-38,158,4:24:32,54.12%
542,David Benavente,"Valley Village, CA",252,4:24:31,10:06,M 45-49/50,M-46,384,4:25:41,51.26%
543,Sarah Wilson,"Clovis, CA",1003,4:24:36,10:06,F 30-34/25,F-33,159,4:25:08,52.45%
544,Stephanie Dougherty,"San Diego, CA",382,4:24:39,10:06,F 30-34/26,F-31,160,4:28:13,52.44%
545,Darlene Willis,"San Diego, CA",2602,4:24:41,10:06,F 40-44/30,F-44,161,4:24:51,57.01%
546,Zach Thomas,"Bakersfield, CA",863,4:24:42,10:06,M 1-17/5,M-17,385,4:25:13,51.66%
547,Charlie Itchko,"San Diego, CA",1001,4:24:42,10:06,M 50-54/47,M-53,386,4:24:56,54.07%
548,Brittany Watrous,"Fullerton, CA",900,4:24:46,10:06,F 25-29/34,F-29,162,4:25:30,52.42%
549,Jerome Sebestyen,"La Grande, OR",793,4:24:57,10:07,M 55-59/30,M-56,387,4:27:19,55.44%
550,Greg Bulla,"Chula Vista, CA",288,4:24:59,10:07,M 40-44/66,M-44,388,4:30:14,50.46%
551,Arturo Zamudio,"Oceanside, CA",942,4:25:04,10:07,M 18-24/19,M-23,389,4:31:35,48.01%
552,Beth Rosenblum,"Las Vegas, NV",1752,4:25:14,10:07,F 25-29/35,F-29,163,4:25:20,52.33%
553,Kathryn White,"Tulsa, OK",959,4:25:18,10:08,F 40-44/31,F-40,164,4:27:28,54.88%
554,Judy Richwine,"San Marcos, CA",980,4:25:53,10:09,F 60-64/1,F-64,165,4:32:17,71.47%
555,Troy Gregory,"Aliso Viejo, CA",1621,4:26:03,10:09,M 40-44/67,M-44,390,4:26:10,50.26%
556,Vann Wesley,"San Diego, CA",9901,4:26:05,10:09,F 45-49/22,F-48,166,4:26:15,58.93%
557,Janet Petersen,"Wilsonville, OR",1873,4:26:11,10:10,F 45-49/23,F-46,167,4:26:27,57.77%
558,Ron Davis,"Carlsbad, CA",362,4:26:15,10:10,M 55-59/31,M-56,391,4:29:20,55.16%
559,Bob George,"Iowa City, IA",1612,4:26:43,10:11,M 50-54/48,M-52,392,4:26:54,53.22%
560,Barbara Lomax,"Vista, CA",1676,4:26:45,10:11,F 40-44/32,F-41,168,4:26:45,55.05%
561,Amy Kentner,"Wapakoneta, OH",1843,4:26:47,10:11,F 25-29/36,F-27,169,4:26:47,52.02%
562,Karen Magdangal,"Makati, ",1680,4:26:47,10:11,F 40-44/33,F-42,170,4:26:47,55.54%
563,Miguel Hilario,"La Jolla, CA",1637,4:26:47,10:11,M 40-44/68,M-42,393,4:26:47,49.45%
564,Shannon Haines-Briley,"La Jolla, CA",466,4:26:53,10:11,F 30-34/27,F-32,171,4:28:26,52.00%
565,Mark Yasuda,"San Diego, CA",1850,4:27:15,10:12,M 40-44/69,M-42,394,4:27:18,49.37%
566,Leticia Moore,"Palos Verdes Estates, CA",661,4:27:22,10:12,F 35-39/22,F-36,172,4:28:24,52.66%
567,Michael Slattery,"Belvedere Tiburon, CA",1014,4:27:34,10:13,M 50-54/49,M-52,395,4:28:34,53.05%
568,Mary McMillan,"West Chester, PA",634,4:27:53,10:14,F 40-44/34,F-43,173,4:33:49,55.81%
569,Kelly Brown,"Carlsbad, CA",281,4:27:54,10:14,F 35-39/23,F-37,174,4:33:49,52.99%
570,Suwanna Siegler,"San Diego, CA",1773,4:28:25,10:15,F 45-49/24,F-49,175,4:28:25,59.01%
571,Adela Doyle,"San Diego, CA",1576,4:28:39,10:15,F 35-39/24,F-37,176,4:28:48,52.84%
572,Deani Iversen,"Portland, OR",1635,4:28:40,10:15,F 35-39/25,F-39,177,4:28:47,53.73%
573,Paula Digerness,"Escondido, CA",2531,4:28:47,10:16,F 40-44/35,F-40,178,4:28:47,54.16%
574,David Broussard,"Vista, CA",1006,4:28:59,10:16,M 45-49/51,M-47,396,4:30:54,50.78%
575,Mary Savenye,"Escondido, CA",1763,4:29:30,10:17,F 50-54/8,F-54,179,4:29:30,62.02%
576,Alfonso Gomez,"Santee, CA",1748,4:29:31,10:17,M 40-44/70,M-41,397,4:29:36,48.63%
577,Holly Gossard,"Oceanside, CA",1619,4:29:32,10:17,F 40-44/36,F-43,180,4:29:42,55.47%
578,Peter Daigle,"Dedham, ME",357,4:29:40,10:18,M 60-64/9,M-60,398,4:29:53,56.56%
579,Jason Rothfeld,"Carlsbad, CA",1754,4:29:42,10:18,M 30-34/47,M-32,399,4:29:50,46.59%
580,Holly Anderson,"Carlsbad, CA",1510,4:29:44,10:18,F 30-34/28,F-30,181,4:29:56,51.46%
581,Adelaida Leptich,"Lafayette, CO",586,4:29:58,10:18,F 45-49/25,F-46,182,4:31:49,56.96%
582,James Brown,"Chula Vista, CA",1531,4:30:03,10:18,M 35-39/67,M-36,400,4:30:03,47.06%
583,Michele Fiala,"Bowling Green, KY",413,4:30:22,10:19,F 30-34/29,F-32,183,4:31:03,51.33%
584,Mary Brooks,"Alexandria, VA",280,4:30:33,10:20,F 35-39/26,F-38,184,4:34:05,52.90%
585,Ian Lashley,"Los Angeles, CA",581,4:30:41,10:20,M 35-39/68,M-35,401,4:32:14,46.68%
586,Jomel Fampulme,"San Diego, CA",1834,4:30:48,10:20,M 30-34/48,M-34,402,4:31:05,46.40%
587,Melisa Tintocalis-Gauthier,"San Diego, CA",1879,4:31:00,10:21,F 30-34/30,F-33,185,4:31:10,51.21%
588,Susan Pelletier,"Cardiff, CA",1731,4:31:15,10:21,F 45-49/26,F-48,186,4:31:21,57.81%
589,Rebecca Harvey,"San Diego, CA",476,4:31:19,10:21,F 30-34/31,F-32,187,4:31:28,51.15%
590,Roger Herzler,"Valley Center, CA",489,4:31:43,10:22,M 35-39/69,M-36,403,4:40:08,46.77%
591,Carlos Aguila,"Elk Grove, CA",1888,4:31:44,10:22,M 50-54/50,M-50,404,4:31:44,51.41%
592,Gerardo Ramos,"Galt, CA",1887,4:31:44,10:22,M 35-39/70,M-39,405,4:31:44,47.63%
593,Trish Fisher,"San Diego, CA",1594,4:31:53,10:23,F 30-34/32,F-32,188,4:31:58,51.05%
594,Jeffrey Woodruff,"Boulder, CO",925,4:32:10,10:23,M 35-39/71,M-39,406,4:34:01,47.55%
595,Kristen Sutton,"Orange, CA",1794,4:32:16,10:24,F 25-29/37,F-25,189,4:32:16,50.98%
596,Stephen Martinez,"Santa Clara, CA",1685,4:32:22,10:24,M 45-49/52,M-49,407,4:32:22,50.90%
597,Todd Gustafson,"San Diego, CA",463,4:32:25,10:24,M 30-34/49,M-34,408,4:33:38,46.12%
598,Lloyd Little,"Palm Desert, CA",1862,4:32:26,10:24,M 30-34/50,M-32,409,4:32:34,46.12%
599,Mark Klausner,"San Diego, CA",1655,4:32:36,10:24,M 35-39/72,M-35,410,4:32:47,46.35%
600,Elaine Riendeau,"Ridgecrest, CA",742,4:32:41,10:24,F 40-44/37,F-40,190,4:38:27,53.39%
601,Tommy Dang,"San Diego, CA",976,4:33:03,10:25,M 30-34/51,M-31,411,4:36:57,46.01%
602,Colin Eckelman,"San Diego, CA",392,4:33:13,10:26,M 45-49/53,M-46,412,4:36:50,49.63%
603,Katie Taylor,"Brooklyn, NY",857,4:33:14,10:26,F 25-29/38,F-26,191,4:33:23,50.80%
604,Steve Clark,"Costa Mesa, CA",329,4:33:23,10:26,M 55-59/32,M-56,413,4:36:07,53.73%
605,Resa Register,"Sonora, CA",735,4:33:45,10:27,F 45-49/27,F-45,192,4:37:15,55.64%
606,Deo Jaravata,"Granada Hills, CA",537,4:33:45,10:27,M 40-44/71,M-42,414,4:35:13,48.19%
607,Paul Carter,"San Diego, CA",1546,4:33:47,10:27,M 60-64/10,M-64,415,4:33:47,58.12%
608,Rob Stewart,"Lake Havasu City, AZ",1789,4:33:56,10:27,M 40-44/72,M-40,416,4:34:08,47.54%
609,Howard Rose,"Chula Vista, CA",754,4:34:02,10:28,M 40-44/73,M-43,417,4:38:52,48.47%
610,Anatoly Yakovenko,"San Diego, CA",932,4:34:02,10:28,M 25-29/43,M-27,418,4:35:12,45.85%
611,Rajeev Kurian,"Highland, CA",2647,4:34:10,10:28,M 35-39/73,M-37,419,4:34:10,46.63%
612,Vanessa Langer,"San Diego, CA",994,4:34:43,10:29,F 25-29/39,F-25,193,4:39:33,50.52%
613,Brian Scull,"San Diego, CA",2628,4:34:45,10:29,M 30-34/52,M-33,420,4:34:45,45.73%
614,Erica Torske,"San Diego, CA",1806,4:34:47,10:29,F 30-34/33,F-30,194,4:37:13,50.51%
615,Philip Dinsky,"Framingham, MA",1574,4:35:14,10:30,M 55-59/33,M-59,421,4:35:25,54.88%
616,Adriane Frehner,"Saint George, UT",1600,4:35:29,10:31,F 30-34/34,F-33,195,4:35:39,50.38%
617,Jim Dixon,"Irvine, CA",377,4:35:33,10:31,M 50-54/51,M-52,422,4:36:46,51.51%
618,Raef Guirges,"Torrance, CA",1870,4:35:36,10:31,M 50-54/52,M-51,423,4:35:36,51.09%
619,Richard Payne,"Encinitas, CA",708,4:35:42,10:31,M 50-54/53,M-51,424,4:40:48,51.07%
620,Tonya Mauldin,"Anaheim, CA",623,4:36:07,10:32,F 60-64/2,F-60,196,4:36:07,65.12%
621,Bruce Mauldin,"Anaheim, CA",622,4:36:08,10:32,M 60-64/11,M-60,425,4:36:08,55.24%
622,David Smith,"Encinitas, CA",1777,4:36:11,10:33,M 50-54/54,M-54,426,4:36:15,52.26%
623,Vincent Fisher,"Carlsbad, CA",416,4:36:17,10:33,M 40-44/74,M-43,427,4:38:28,48.07%
624,Becky Phillipson,"El Cajon, CA",716,4:36:24,10:33,F 30-34/35,F-30,197,4:37:58,50.21%
625,Sandra Taylor,"Escondido, CA",1797,4:36:30,10:33,F 25-29/40,F-29,198,4:36:45,50.20%
626,Armando Escalante,"Temecula, CA",400,4:36:30,10:33,M 55-59/34,M-56,428,4:39:54,53.12%
627,Alexandra Rome,"La Jolla, CA",1750,4:36:41,10:34,F 40-44/38,F-42,199,4:36:48,53.55%
628,Victor Munoz,"Pensacola, FL",672,4:36:42,10:34,M 25-29/44,M-29,429,4:40:03,45.41%
629,Nick Holden,"Tustin, CA",503,4:36:52,10:34,M 40-44/75,M-40,430,4:36:52,47.04%
630,Valerie Holden,"Tustin, CA",504,4:36:52,10:34,F 40-44/39,F-41,200,4:36:52,53.04%
631,Joy Wyatt,"Murrieta, CA",1830,4:37:09,10:35,F 35-39/27,F-36,201,4:37:25,50.80%
632,Akihisa Kawai,"Imperial Beach, CA",1649,4:37:17,10:35,M 30-34/53,M-34,431,4:37:22,45.31%
633,Michele Early,"Long Beach, CA",390,4:37:19,10:35,F 40-44/40,F-42,202,4:40:43,53.43%
634,Chelsea Cohrs,"Seattle, WA",2620,4:37:36,10:36,F 18-24/19,F-23,203,4:37:36,50.57%
635,Jeff McAlexander,"Seattle, WA",2625,4:37:36,10:36,M 18-24/20,M-24,432,4:37:36,45.47%
636,Judy Hengesbaugh,"La Mesa, CA",1631,4:37:52,10:36,F 50-54/9,F-50,204,4:38:06,57.60%
637,Anthony Fantacone II,"Carlsbad, CA",1858,4:38:04,10:37,M 30-34/54,M-31,433,4:38:09,45.18%
638,Lucas Wakeley,"La Verne, CA",1816,4:38:07,10:37,M 18-24/21,M-20,434,4:38:11,47.17%
639,Ann Wirtz,"Goleta, CA",1829,4:38:27,10:38,F 35-39/28,F-35,205,4:38:44,50.16%
640,David Rines,"Carlsbad, CA",1749,4:38:36,10:38,M 30-34/55,M-30,435,4:38:49,45.10%
641,Simone Trimm,"Canoga Park, CA",1809,4:38:47,10:38,F 40-44/41,F-42,206,4:38:47,53.15%
642,Christopher Trimm,"Canoga Park, CA",1808,4:38:47,10:38,M 40-44/76,M-44,436,4:38:47,47.96%
643,Richard Powell,"San Diego, CA",723,4:38:51,10:39,M 18-24/22,M-24,437,4:46:36,45.27%
644,Lindzie Stmartin,"Coeur D Alene, ID",1790,4:39:06,10:39,F 30-34/36,F-30,207,4:39:12,49.73%
645,Michael Amschel,"Corona, CA",1508,4:39:06,10:39,M 35-39/74,M-36,438,4:39:18,45.54%
646,Mitchell Winston,"Sunny Isles Beach, FL",1828,4:39:19,10:40,M 25-29/45,M-25,439,4:39:19,44.98%
647,Erin Reilly,"La Jolla, CA",736,4:39:39,10:40,F 18-24/20,F-24,208,4:40:45,49.75%
648,Joe Servais,"Vista, CA",794,4:39:46,10:41,M 50-54/55,M-54,440,4:45:41,51.59%
649,Cathie Summerford,"Apple Valley, CA",840,4:40:05,10:41,F 50-54/10,F-50,209,4:40:05,57.14%
650,Perfrancis Penaranda,"San Diego, CA",1732,4:40:11,10:42,M 40-44/77,M-40,441,4:40:13,46.48%
651,Laurie Adam,"San Diego, CA",1502,4:40:18,10:42,F 55-59/3,F-59,210,4:40:18,63.33%
652,Mitch Reif,"San Francisco, CA",1746,4:40:31,10:42,M 45-49/54,M-45,442,4:40:42,48.00%
653,Virginia Crowe,"Dana Point, CA",1852,4:40:48,10:43,F 30-34/37,F-33,211,4:40:53,49.42%
654,Todd King,"West Hills, CA",1844,4:40:53,10:43,M 45-49/55,M-46,443,4:41:03,48.28%
655,John Tastad,"El Cajon, CA",1633,4:41:03,10:44,M 45-49/56,M-45,444,4:41:11,47.91%
656,Ari Crandall,"San Diego, CA",347,4:41:33,10:45,M 30-34/56,M-31,445,4:44:28,44.62%
657,Elena Gradillas,"San Diego, CA",454,4:41:33,10:45,F 18-24/21,F-23,212,4:44:28,49.86%
658,Nanci Wilson,"San Diego, CA",918,4:41:46,10:45,F 55-59/4,F-55,213,4:44:11,60.01%
659,Jordan Winston,"San Diego, CA",1827,4:41:46,10:45,M 25-29/46,M-28,446,4:41:46,44.59%
660,Dave Cook,"Encinitas, CA",343,4:41:47,10:45,M 60-64/12,M-60,447,4:43:26,54.13%
661,Jason Sacdalan,"Riverside, CA",1759,4:42:18,10:46,M 30-34/57,M-32,448,4:42:26,44.51%
662,Darron Manley,"San Marcos, CA",613,4:42:30,10:47,M 45-49/57,M-48,449,4:44:12,48.70%
663,Steve Floyd,"San Marcos, CA",422,4:42:31,10:47,M 35-39/75,M-38,450,4:44:13,45.53%
664,Paul Balmer,"San Diego, CA",1856,4:42:52,10:48,M 30-34/58,M-34,451,4:43:05,44.42%
665,Steve Frankum,"San Diego, CA",1598,4:43:21,10:49,M 65-69/5,M-68,452,4:43:21,58.89%
666,Jane Orlando,"Venice, CA",1720,4:43:38,10:50,F 40-44/42,F-42,214,4:43:47,52.24%
667,Raquel Westover,"Orem, UT",910,4:43:49,10:50,F 30-34/38,F-30,215,4:44:59,48.90%
668,Jennifer Khoe,"Del Mar, CA",1838,4:43:51,10:50,F 30-34/39,F-33,216,4:43:54,48.90%
669,Rob Stout,"San Diego, CA",1792,4:44:05,10:51,M 25-29/47,M-26,453,4:44:05,44.23%
670,Edgar Gonzalez Cruz,"Mexico, DF",452,4:44:10,10:51,M 25-29/48,M-29,454,4:48:13,44.21%
671,Robert Vadeboncoeur,"Oceanside, CA",884,4:44:15,10:51,M 40-44/78,M-40,455,4:47:32,45.82%
672,Cammy Wesson-Cohen,"San Diego, CA",1821,4:44:16,10:51,F 60-64/3,F-63,217,4:44:16,65.89%
673,John Simko,"San Diego, CA",806,4:44:22,10:51,M 30-34/59,M-33,456,4:46:20,44.18%
674,Choo Kim-Isgitt,"San Diego, CA",553,4:44:23,10:51,F 35-39/29,F-36,218,4:46:48,49.51%
675,Cathy Perry,"San Diego, CA",1734,4:44:25,10:51,F 55-59/5,F-58,219,4:44:25,61.63%
676,Jesse Woodson,"San Diego, CA",1865,4:44:43,10:52,M 30-34/60,M-30,457,4:44:57,44.13%
677,Joe Oliver,"Ridgecrest, CA",1718,4:45:16,10:53,M 65-69/6,M-66,458,4:45:16,57.08%
678,Heather Tipton,"Carlsbad, CA",872,4:45:24,10:54,F 18-24/22,F-18,220,4:47:57,52.10%
679,Randal Lohrenz,"San Diego, CA",598,4:45:39,10:54,M 35-39/76,M-38,459,4:50:50,45.03%
680,Dina Talbert,"Rio Vista, CA",1795,4:46:01,10:55,F 70-74/1,F-71,221,4:46:01,74.39%
681,Patty Dunnells,"La Mesa, CA",1583,4:46:14,10:56,F 50-54/11,F-54,222,4:46:29,58.39%
682,Stephanie Scott,"San Diego, CA",1771,4:46:29,10:56,F 35-39/30,F-37,223,4:46:29,49.55%
683,Liberty Schuller,"Coronado, CA",1770,4:46:29,10:56,F 30-34/40,F-31,224,4:46:29,48.45%
684,Cliff Dickey,"Encinitas, CA",2530,4:46:30,10:56,M 35-39/77,M-39,460,4:46:34,45.17%
685,David Kirven,"Carlsbad, CA",1654,4:46:43,10:57,M 40-44/79,M-43,461,4:46:54,46.32%
686,Alan Schalscha,"Peoria, AZ",1764,4:46:55,10:57,M 35-39/78,M-39,462,4:47:02,45.11%
687,Serina Anderson,"San Diego, CA",1702,4:47:47,10:59,F 25-29/41,F-29,225,4:48:04,48.23%
688,David Erlandson,"Encinitas, CA",399,4:47:57,10:59,M 40-44/80,M-42,463,4:52:36,45.82%
689,Ute Brindl,"San Diego, CA",1530,4:48:18,11:00,F 25-29/42,F-26,226,4:48:26,48.14%
690,Marykay Brown,"Bothell, WA",1533,4:48:24,11:00,F 35-39/31,F-36,227,4:48:24,48.82%
691,Paul Timm,"Orem, UT",1804,4:48:36,11:01,M 60-64/13,M-64,464,4:48:43,55.13%
692,Karla Burke,"Marion, MA",292,4:49:00,11:02,F 45-49/28,F-46,228,4:50:19,53.21%
693,Glenn Sawyer,"San Marcos, CA",780,4:49:42,11:03,M 30-34/61,M-31,465,4:49:52,43.37%
694,Kelli Christian,"Tigard, OR",1007,4:49:59,11:04,F 30-34/41,F-30,229,4:53:01,47.86%
695,Anthony Zielinski,"San Diego, CA",1833,4:50:15,11:05,M 45-49/58,M-48,466,4:53:09,47.40%
696,Michele Mash,"San Diego, CA",6937,4:50:19,11:05,F 25-29/43,F-26,230,4:54:24,47.81%
697,Guillermo Corona,", DF",1689,4:50:44,11:06,M 35-39/79,M-39,467,4:50:58,44.51%
698,Kathy Dryden,"Henderson, NV",1577,4:51:11,11:07,F 25-29/44,F-26,231,4:51:13,47.66%
699,Will Dryden,"Henderson, NV",1578,4:51:11,11:07,M 25-29/49,M-27,468,4:51:14,43.15%
700,Gerald Fineman,"Murrieta, CA",414,4:51:18,11:07,M 45-49/59,M-45,469,4:51:32,46.22%
701,Jennifer Wolff,"San Diego, CA",922,4:51:42,11:08,F 35-39/32,F-35,232,4:53:16,47.88%
702,Margaret Harrison-Zacher,"Hales Corners, WI",2546,4:51:52,11:08,F 50-54/12,F-53,233,4:51:52,56.63%
703,Ben Peterson,"San Diego, CA",1736,4:51:58,11:09,M 30-34/62,M-32,470,4:52:13,43.03%
704,Odell Wilson Jr,"San Diego, CA",2652,4:52:18,11:09,M 50-54/56,M-53,471,4:52:18,48.96%
705,Elizabeth Murney,"Poway, CA",2627,4:52:42,11:10,F 50-54/13,F-50,234,4:52:42,54.68%
706,Victor Souza,"Carlsbad, CA",982,4:52:49,11:11,M 40-44/81,M-41,472,4:56:23,44.76%
707,Kelly Gorman,"San Diego, CA",1618,4:52:54,11:11,F 45-49/29,F-46,235,4:53:07,52.50%
708,Norman Suguitan,"San Diego, CA",1592,4:53:29,11:12,M 40-44/82,M-42,473,4:53:42,44.95%
709,Christopher Whitman,"Tujunga, CA",912,4:53:32,11:12,M 55-59/35,M-57,474,4:56:21,50.49%
710,Clare Bagalso,"Escondido, CA",1515,4:53:54,11:13,F 18-24/23,F-22,236,4:53:54,48.23%
711,Ferdinand Scholz,"Santee, CA",1768,4:53:54,11:13,M 45-49/60,M-48,475,4:53:54,46.81%
712,Adam Calderon,"Carlsbad, CA",1541,4:53:55,11:13,M 40-44/83,M-43,476,4:53:55,45.19%
713,Dawn Smith,"Farmington Hills, MI",1779,4:54:26,11:14,F 50-54/14,F-53,237,4:54:30,56.14%
714,Alison Rossi,"Dayton, NJ",1753,4:54:34,11:15,F 18-24/24,F-21,238,4:54:37,48.63%
715,Suguna Sridhar,"New Brunswick, NJ",1783,4:54:35,11:15,F 18-24/25,F-21,239,4:54:37,48.63%
716,Nicole Olivarez,"Sanger, CA",1717,4:54:44,11:15,F 40-44/43,F-41,240,4:54:52,49.83%
717,Liane Monaco,"Vista, CA",1698,4:55:26,11:17,F 45-49/30,F-46,241,4:55:26,52.05%
718,Glen Failla,"Portland, OR",1588,4:55:26,11:17,M 40-44/84,M-44,477,4:55:26,45.26%
719,Peter Starodub,"Rancho Palos Verdes, CA",1784,4:55:30,11:17,M 60-64/14,M-61,478,4:55:44,52.15%
720,Joey Allen,"Mount Hermon, CA",207,4:55:30,11:17,M 25-29/50,M-27,479,4:56:29,42.52%
721,Kit Cressaty,"San Luis Obispo, CA",348,4:55:31,11:17,F 25-29/45,F-27,242,4:56:29,46.97%
722,Patricio Malibago,"San Diego, CA",1881,4:55:34,11:17,M 35-39/80,M-39,480,4:55:46,43.79%
723,Gary Pahl,"San Marcos, CA",1847,4:55:39,11:17,M 40-44/85,M-42,481,4:55:55,44.62%
724,Sarah Barron,"Coeur D Alene, ID",1517,4:55:46,11:17,F 30-34/42,F-34,243,4:55:53,46.93%
725,Lee Anne Robotta,"Carlsbad, CA",751,4:55:48,11:17,F 40-44/44,F-43,244,5:06:34,50.54%
726,Kristen Zeimantz,"San Diego, CA",1832,4:55:49,11:17,F 40-44/45,F-44,245,4:55:54,51.01%
727,Pilar Herriott,"Bakersfield, CA",1634,4:55:53,11:18,F 30-34/43,F-34,246,4:55:53,46.91%
728,Johnny Israel,"San Diego, CA",1645,4:55:54,11:18,M 50-54/57,M-52,482,4:56:11,47.97%
729,Otto Gonzalez,"Oceanside, CA",1869,4:55:54,11:18,M 25-29/51,M-27,483,4:56:07,42.46%
730,Brenna Coffey,"San Diego, CA",333,4:55:58,11:18,F 25-29/46,F-25,247,4:59:59,46.89%
731,Robin Stevens,"Felton, CA",1855,4:56:23,11:19,F 45-49/31,F-49,248,4:56:27,53.44%
732,Natasha Sandrock,"San Diego, CA",775,4:57:54,11:22,F 35-39/33,F-39,249,5:00:04,48.45%
733,Stanley Wong,"San Diego, CA",924,4:57:54,11:22,M 25-29/52,M-27,484,5:00:05,42.18%
734,Micah Yu,"Walnut, CA",1831,4:57:56,11:22,M 18-24/23,M-22,485,4:57:56,43.11%
735,Angela Avalos-Manzano,"San Diego, CA",1514,4:57:57,11:22,F 18-24/26,F-24,250,4:57:57,46.70%
736,Ryan Jablonski,"La Jolla, CA",1787,4:58:01,11:22,M 18-24/24,M-24,486,4:58:16,42.36%
737,Jarrod Hammack,"El Cajon, CA",471,4:58:05,11:23,M 25-29/53,M-28,487,5:00:31,42.15%
738,Kris Bhatti,"Tustin, CA",1524,4:58:19,11:23,F 40-44/46,F-44,251,4:58:19,50.58%
739,Michelle Palmer,"Irvine, CA",1724,4:58:24,11:23,F 55-59/6,F-57,252,4:58:24,58.02%
740,Annling Chien,"Carlsbad, CA",1552,4:58:40,11:24,F 55-59/7,F-57,253,4:58:53,57.97%
741,Eric Teplitz,"Los Angeles, CA",1799,4:58:53,11:24,M 35-39/81,M-35,488,4:58:53,42.27%
742,Michael Rose,"San Diego, CA",755,4:58:58,11:25,M 55-59/36,M-56,489,5:01:22,49.13%
743,Victoria Venditelli,"Oceanside, CA",1813,4:59:05,11:25,F 30-34/44,F-30,254,4:59:16,46.41%
744,Diana Schnell,"Libertyville, IL",1848,4:59:27,11:26,F 45-49/32,F-49,255,4:59:30,52.90%
745,Cheryl Hausman,"Escondido, CA",1842,4:59:31,11:26,F 45-49/33,F-48,256,4:59:38,52.35%
746,Allan Tangonan,"Escondido, CA",1796,4:59:32,11:26,M 25-29/54,M-27,490,4:59:48,41.95%
747,Landon Burt,"San Diego, CA",1539,4:59:33,11:26,M 25-29/55,M-25,491,4:59:34,41.94%
748,Greg Dowell,"Carlsbad, CA",383,4:59:59,11:27,M 50-54/58,M-54,492,5:03:34,48.11%
749,Minerva Herrera,"National City, CA",1883,5:00:19,11:28,F 30-34/45,F-31,257,5:00:25,46.21%
750,Ann Herrick,"San Marcos, CA",486,5:00:58,11:29,F 40-44/47,F-40,258,5:04:54,48.37%
751,Valerie Mahoney,"Cardiff By The Sea, CA",1681,5:01:13,11:30,F 50-54/15,F-53,259,5:01:25,54.87%
752,Kim Oliver,"Las Cruces, NM",1719,5:01:36,11:31,F 40-44/48,F-40,260,5:01:51,48.27%
753,Alana Cooper,"Jamul, CA",1561,5:01:41,11:31,F 18-24/27,F-24,261,5:01:47,46.12%
754,Kevin McAllister,"Las Vegas, NV",626,5:02:01,11:32,M 45-49/61,M-45,493,5:05:38,44.58%
755,Craig Allen,"Sammamish, WA",1506,5:02:16,11:32,M 55-59/37,M-56,494,5:02:28,48.59%
756,Deanna Kiesel,"Findlay, OH",1652,5:02:34,11:33,F 40-44/49,F-43,262,5:02:40,49.41%
757,Charlene Elder,"Oceanside, CA",2536,5:03:02,11:34,F 45-49/34,F-45,263,5:03:02,50.26%
758,Danielle Boda,"Carlsbad, CA",1575,5:03:21,11:35,F 30-34/46,F-34,264,5:03:25,45.75%
759,Amelia Loaiza-Avila,"San Diego, CA",1674,5:03:21,11:35,F 40-44/50,F-43,265,5:03:25,49.29%
760,Maurice Moe Miller,"San Marcos, CA",1845,5:04:04,11:36,M 55-59/38,M-56,495,5:04:14,48.30%
761,Shannon Harrison,"Coeur D Alene, ID",1628,5:05:38,11:40,F 30-34/47,F-31,266,5:05:44,45.41%
762,Thomas Pavlik,"San Diego, CA",1728,5:06:01,11:41,M 30-34/63,M-30,496,5:06:09,41.06%
763,Laura Tarman,"Carlsbad, CA",854,5:06:12,11:41,F 35-39/34,F-36,267,5:06:21,45.98%
764,Laurie Janssen,"La Jolla, CA",1882,5:06:29,11:42,F 25-29/47,F-28,268,5:06:39,45.28%
765,John Miranda,"Oro Valley, AZ",1663,5:06:42,11:42,M 40-44/86,M-41,497,5:06:54,42.74%
766,Michelle Stephens,"Camp Pendleton, CA",1788,5:06:47,11:43,F 18-24/28,F-22,269,5:06:58,46.21%
767,Rabah Sinnawi,"La Mesa, CA",2629,5:07:10,11:43,M 1-17/6,M-17,498,5:07:13,44.52%
768,Ben Anella,"Alpine, CA",213,5:08:20,11:46,M 60-64/15,M-63,499,5:11:17,51.04%
769,Yen Nguyen,"Houston, TX",2607,5:08:45,11:47,F 45-49/35,F-45,270,5:08:51,49.33%
770,Tom Pauly,"Oceanside, CA",707,5:09:07,11:48,M 45-49/62,M-47,500,5:12:43,44.18%
771,Vickey Lee,"Orange, CA",1668,5:09:50,11:50,F 35-39/35,F-37,271,5:09:56,45.81%
772,Mg Montgomery,"Bakersfield, CA",2568,5:09:57,11:50,F 35-39/36,F-38,272,5:09:57,46.18%
773,Yolanda Holder,"Corona, CA",2549,5:09:58,11:50,F 45-49/36,F-49,273,5:09:58,51.10%
774,Kori Clark,"Encinitas, CA",1857,5:10:09,11:50,F 35-39/37,F-38,274,5:10:20,46.15%
775,Abraham Anderson,"Murrieta, CA",1885,5:10:34,11:51,M 50-54/59,M-51,501,5:10:34,45.34%
776,Jeannie Presley,"San Diego, CA",1742,5:10:51,11:52,F 25-29/48,F-28,275,5:11:02,44.65%
777,Mary Tess Cramm,"San Diego, CA",1564,5:10:52,11:52,F 25-29/49,F-28,276,5:11:03,44.65%
778,Cathy Chang,"San Marcos, CA",2608,5:11:19,11:53,F 40-44/51,F-43,277,5:11:33,48.02%
779,Khanh Bui,"Chicago, IL",286,5:12:18,11:55,M 35-39/82,M-37,502,5:12:27,40.94%
780,Alejandro Saenz,", DF",1760,5:12:42,11:56,M 40-44/87,M-41,503,5:12:56,41.92%
781,Aloysius Casey,"Redlands, CA",306,5:13:02,11:57,M 75-79/1,M-75,504,5:13:18,58.91%
782,Tamar Gale,"Solana Beach, CA",2538,5:13:16,11:57,F 30-34/48,F-33,278,5:13:22,44.30%
783,Erin Johnson,"San Diego, CA",1853,5:13:22,11:58,F 25-29/50,F-29,279,5:13:32,44.29%
784,Marwan Khaireddin,"Encinitas, CA",1651,5:14:02,11:59,M 55-59/39,M-57,505,5:14:14,47.20%
785,Kara Kruse,"Encinitas, CA",1658,5:14:18,12:00,F 35-39/38,F-36,280,5:14:29,44.80%
786,Tom Hosner,"Trabuco Canyon, CA",2550,5:14:42,12:01,M 55-59/40,M-57,506,5:14:51,47.10%
787,Louis Mo,"La Crescenta, CA",1801,5:14:52,12:01,M 40-44/88,M-44,507,5:14:58,42.47%
788,Jessica Calixto,"San Diego, CA",1543,5:15:14,12:02,F 18-24/29,F-24,281,5:15:23,44.14%
789,Kendra Archer,"Del Mar, CA",1694,5:15:22,12:02,F 30-34/49,F-30,282,5:15:31,44.01%
790,Peter Montgomery,"San Diego, CA",1701,5:15:38,12:03,M 30-34/64,M-30,508,5:15:53,39.81%
791,Karen Evans,"Carlsbad, CA",1867,5:17:52,12:08,F 65-69/1,F-67,283,5:17:57,62.57%
792,Chris Kennedy,"Rock Springs, WY",1563,5:19:00,12:10,M 50-54/60,M-51,509,5:19:14,44.14%
793,Harry Lorrimer,"Glendale, CA",601,5:19:32,12:12,M 50-54/61,M-53,510,5:19:36,44.79%
794,Laurence Macon,"San Antonio, TX",2565,5:19:55,12:13,M 60-64/16,M-63,511,5:20:02,49.19%
795,Michelle Biber,"San Diego, CA",261,5:20:33,12:14,F 30-34/50,F-33,284,5:25:30,43.30%
796,Aneesa Baker,"Escondido, CA",228,5:20:33,12:14,F 50-54/16,F-50,285,5:25:30,49.93%
797,Sheryl Stone,"Upland, CA",2592,5:20:36,12:14,F 50-54/17,F-50,286,5:20:44,49.92%
798,Chuck Deckert,"San Diego, CA",1571,5:21:10,12:15,M 45-49/63,M-49,512,5:21:16,43.16%
799,Pat Clower,"Chula Vista, CA",2523,5:21:34,12:16,F 45-49/37,F-47,287,5:21:34,48.28%
800,Pia Morgan,"Poway, CA",2569,5:21:44,12:17,F 50-54/18,F-51,288,5:21:44,50.27%
801,Jason Dehn,"Sauk Rapids, MN",1572,5:21:58,12:17,M 1-17/7,M-16,513,5:22:01,43.20%
802,Brian Wensmann,"Bowlus, MN",1820,5:21:58,12:17,M 40-44/89,M-42,514,5:22:01,40.98%
803,Sherry Bellovin,"Massapequa, NY",1521,5:22:12,12:18,F 60-64/4,F-60,289,5:22:29,55.81%
804,Padma Kodukula,"San Diego, CA",1656,5:22:50,12:19,F 35-39/39,F-39,290,5:22:57,44.71%
805,Caroline Shahin,"Sylmar, CA",1772,5:22:51,12:19,F 45-49/38,F-49,291,5:23:04,49.06%
806,Karen Brown,"San Clemente, CA",1532,5:23:29,12:21,F 40-44/52,F-44,292,5:23:33,46.64%
807,Rami Indudhara,"Carlsbad, CA",1643,5:23:59,12:22,M 45-49/64,M-48,515,5:24:02,42.47%
808,John Langdon,"Santee, CA",1662,5:24:41,12:23,M 45-49/65,M-47,516,5:24:47,42.06%
809,Marla Monk,"Oceanside, CA",1699,5:25:04,12:24,F 25-29/51,F-29,293,5:25:13,42.70%
810,Wendy Cohen,"El Cajon, CA",2619,5:25:09,12:25,F 30-34/51,F-33,294,5:25:22,42.69%
811,Joanne Fagnani,"San Diego, CA",1587,5:26:38,12:28,F 55-59/8,F-58,295,5:26:50,53.66%
812,Perry Warren,"Newtown, PA",1817,5:27:04,12:29,M 40-44/90,M-44,517,5:27:09,40.88%
813,Moses Christian,"Loma Linda, CA",2624,5:27:15,12:29,M 75-79/2,M-75,518,5:27:25,56.35%
814,Mark Chomut,"Newton, NJ",321,5:28:00,12:31,M 60-64/17,M-64,519,5:28:17,48.51%
815,James Mariano,"Chula Vista, CA",1683,5:28:12,12:32,M 55-59/41,M-58,520,5:28:12,45.58%
816,Andrew Harding,"San Diego, CA",1626,5:29:13,12:34,M 45-49/66,M-45,521,5:29:19,40.90%
817,James Austen,"San Diego, CA",1513,5:29:18,12:34,M 50-54/62,M-52,522,5:29:22,43.10%
818,Manuel Lazaro,"San Diego, CA",1666,5:30:14,12:36,M 35-39/83,M-36,523,5:30:18,38.49%
819,Jessica Travis,"San Diego, CA",983,5:30:14,12:36,F 18-24/30,F-23,296,5:30:23,42.51%
820,Noelle Denke,"Temecula, CA",1876,5:30:24,12:37,F 40-44/53,F-40,297,5:30:36,44.06%
821,Josh Sacora,"Carlsbad, CA",767,5:30:34,12:37,M 30-34/65,M-33,524,5:30:44,38.01%
822,Academy Interac Carlsbad Village,"Carlsbad, CA",2623,5:30:39,12:37,F 18-24/31,F-18,298,5:30:39,44.97%
823,Walter Lenehan,"San Diego, CA",1671,5:30:47,12:37,M 45-49/67,M-49,525,5:30:55,41.91%
824,Mok Choe,"Los Angeles, CA",1554,5:30:48,12:37,M 45-49/68,M-49,526,5:30:55,41.91%
825,Alan Hirasuna,"Simi Valley, CA",1638,5:31:09,12:38,M 50-54/63,M-51,527,5:31:18,42.52%
826,Gregory McMullen,"San Diego, CA",635,5:31:59,12:40,M 35-39/84,M-36,528,5:32:05,38.28%
827,Samuel Estrada,"San Diego, CA",1866,5:32:15,12:41,M 50-54/64,M-50,529,5:32:28,42.05%
828,Monica La Dell,"San Marcos, CA",1660,5:33:33,12:44,F 35-39/40,F-38,299,5:33:38,42.91%
829,Daniel Hench,"Oceanside, CA",482,5:33:45,12:44,M 30-34/66,M-33,530,5:33:52,37.64%
830,Kristen Hench,"Oceanside, CA",483,5:33:46,12:44,F 25-29/52,F-28,300,5:33:52,41.58%
831,Laurie Woodrow,"West Hollywood, CA",1839,5:34:17,12:45,F 45-49/39,F-47,301,5:34:34,46.45%
832,Kenneth Dehn,"Sauk Rapids, MN",1573,5:34:43,12:46,M 40-44/91,M-41,531,5:34:46,39.16%
833,Mary Beth Lee Lee,"Solvang, CA",2563,5:35:04,12:47,F 35-39/41,F-37,302,5:35:15,42.36%
834,Dorsey Dubbs,"Chula Vista, CA",1579,5:35:11,12:48,F 40-44/54,F-44,303,5:35:11,45.02%
835,Robert Dubbs,"Chula Vista, CA",1580,5:35:11,12:48,M 45-49/69,M-48,532,5:35:11,41.05%
836,Shahzad Anwar,"Roseville, CA",1512,5:35:39,12:49,F 25-29/53,F-25,304,5:35:46,41.35%
837,Nick Tsai,"Barstow, CA",2594,5:36:07,12:50,M 60-64/18,M-60,533,5:36:07,45.38%
838,Lois-Marie Deschner,"Lake Arrowhead, CA",2527,5:36:16,12:50,F 55-59/9,F-56,305,5:36:16,50.87%
839,Lucy Pon,"San Francisco, CA",2574,5:37:33,12:53,F 55-59/10,F-55,306,5:37:40,50.09%
840,Julie Furgerson,"Encinitas, CA",1604,5:38:13,12:54,F 40-44/55,F-43,307,5:38:25,44.20%
841,Sean Griswold,"San Diego, CA",2644,5:38:57,12:56,M 30-34/67,M-34,534,5:38:57,37.07%
842,Jamie Griswold,"San Diego, CA",2645,5:38:58,12:56,F 25-29/54,F-29,308,5:38:58,40.95%
843,Lily Dabeke Mabolia,"San Diego, CA",2564,5:40:35,13:00,F 50-54/19,F-52,309,5:40:35,48.00%
844,Joseph Heinicke,"San Diego, CA",1630,5:40:40,13:00,M 18-24/25,M-22,535,5:40:57,37.70%
845,Carrie Welsh,"Carlsbad, CA",2633,5:40:44,13:00,F 40-44/56,F-43,310,5:40:50,43.88%
846,Kevin Chung,"San Diego, CA",324,5:41:36,13:02,M 35-39/85,M-39,536,5:41:50,37.89%
847,Capt Joe Cacciola,"Oceanside, CA",2514,5:42:03,13:03,M 60-64/19,M-60,537,5:42:06,44.60%
848,Adrianna Cobian,"Vista, CA",1557,5:42:41,13:05,F 25-29/55,F-27,311,5:42:47,40.50%
849,Scott Hueston,"Brooklyn, NY",2551,5:42:55,13:05,M 35-39/86,M-37,538,5:43:04,37.28%
850,John Ramos,"San Diego, CA",2578,5:43:07,13:06,M 40-44/92,M-43,539,5:43:13,38.71%
851,Steve Worley,"Carlsbad, CA",928,5:43:36,13:07,M 45-49/70,M-45,540,5:47:12,39.19%
852,Dana Schlossberg,"Arlington, VA",1765,5:43:46,13:07,F 35-39/42,F-35,312,5:43:46,40.63%
853,Darcy Ike,"San Diego, CA",2554,5:44:25,13:09,M 60-64/20,M-64,541,5:44:38,46.20%
854,Winnie Lam,"Arcadia, CA",2562,5:44:37,13:09,F 50-54/20,F-50,313,5:44:47,46.44%
855,Patricia Wesley,"Altadena, CA",2601,5:44:38,13:09,F 45-49/40,F-49,314,5:44:47,45.96%
856,Celester Celestino,"Murrieta, CA",1547,5:45:19,13:11,M 25-29/56,M-25,542,5:45:33,36.38%
857,James Chavez,"San Diego, CA",2519,5:46:22,13:13,M 35-39/87,M-38,543,5:46:22,37.14%
858,Annalisa Chavez,"San Diego, CA",2518,5:46:22,13:13,F 35-39/43,F-37,315,5:46:22,40.98%
859,Rashae Taylor,"Rancho Santa Fe, CA",1537,5:46:26,13:13,F 35-39/44,F-38,316,5:46:30,41.31%
860,Beth Rantze,"Cardiff By The Sea, CA",2611,5:46:26,13:13,F 40-44/57,F-43,317,5:46:33,43.15%
861,Marnie Buddo,"San Diego, CA",975,5:47:12,13:15,F 35-39/45,F-38,318,5:47:12,41.22%
862,Ken Wolsey,"San Diego, CA",984,5:47:12,13:15,M 50-54/65,M-52,544,5:47:12,40.88%
863,Namia Allen,"San Diego, CA",2648,5:48:19,13:18,F 35-39/46,F-39,319,5:48:32,41.44%
864,William Scott,"Long Beach, CA",1593,5:49:00,13:19,M 55-59/42,M-57,545,5:49:16,42.47%
865,Rosemarie Morgans,"Santee, CA",2626,5:50:05,13:22,F 35-39/47,F-35,320,5:50:17,39.89%
866,Carol Ray-Malone,"La Crescenta, CA",733,5:51:18,13:24,F 45-49/41,F-49,321,5:51:28,45.09%
867,Laura Sprung,"Crozet, VA",2612,5:52:31,13:27,F 55-59/11,F-55,322,5:52:40,47.96%
868,Jeanette McGowan,"San Diego, CA",2566,5:53:02,13:28,F 40-44/58,F-43,323,5:53:02,42.35%
869,Geraldine Kemp,"Escondido, CA",2558,5:53:02,13:28,F 40-44/59,F-41,324,5:53:02,41.60%
870,Lawanda Chester,"San Diego, CA",2520,5:54:24,13:32,F 25-29/56,F-29,325,5:54:24,39.16%
871,Ellen Ward,"La Jolla, CA",2598,5:54:26,13:32,F 50-54/21,F-52,326,5:54:26,46.12%
872,Elizabeth Young Gentile,"San Diego, CA",2604,5:54:53,13:33,F 45-49/42,F-48,327,5:54:53,44.19%
873,Kristine Ferguson,"Carlsbad, CA",2635,5:54:55,13:33,F 30-34/52,F-32,328,5:55:03,39.10%
874,Merlina Reyna,"San Diego, CA",738,6:02:09,13:49,F NoAge/0,F-0,329,6:02:09, 0.00%
875,Patricia Ganley,"Chula Vista, CA",2539,6:02:09,13:49,F 40-44/60,F-40,330,6:02:09,40.20%
876,Margaret Glaser,"San Diego, CA",2542,6:02:19,13:50,F 60-64/5,F-60,331,6:02:27,49.63%
877,Ollie Biederman,"La Mesa, CA",2640,6:03:52,13:53,M 75-79/3,M-76,546,6:04:01,51.52%
878,James Pethigal,"Edmonds, WA",2639,6:03:56,13:53,M 40-44/93,M-42,547,6:04:06,36.25%
879,Daniel Gordon,"San Diego, CA",2544,6:04:55,13:56,M 45-49/71,M-48,548,6:04:59,37.70%
880,Wendy Todd,"Evanston, IL",2632,6:06:11,13:58,F 45-49/43,F-46,332,6:06:18,41.99%
881,Janet Yaws,"Carlsbad, CA",2603,6:09:08,14:05,F 50-54/22,F-51,333,6:09:13,43.81%
882,Dana Mosell,"Walnut, CA",1707,6:10:38,14:09,F 55-59/12,F-56,334,6:10:54,46.16%
883,Michael Di Pippo,"San Diego, CA",2529,6:10:45,14:09,M 50-54/66,M-53,549,6:10:49,38.60%
884,Sue Walch,"Carlsbad, CA",2597,6:11:01,14:10,F 50-54/23,F-51,335,6:11:06,43.59%
885,Lester Antman,"Bonsall, CA",2642,6:11:02,14:10,M 50-54/67,M-50,550,6:11:11,37.65%
886,Bryon Solberg,"San Diego, CA",2590,6:13:26,14:15,M 45-49/72,M-46,551,6:13:32,36.31%
887,Gwen Keohane,"San Diego, CA",2559,6:13:37,14:15,F 35-39/48,F-38,336,6:13:44,38.31%
888,Elaine Ali,"San Diego, CA",206,6:15:25,14:20,F 30-34/53,F-31,337,6:15:34,36.97%
889,Catherine Calixto,"Chula Vista, CA",1542,6:15:25,14:20,F 25-29/57,F-26,338,6:15:34,36.97%
890,Marlene Kalish,"Dana Point, CA",1837,6:17:07,14:24,F 75-79/1,F-75,339,6:17:16,60.92%
891,Claudine Bishop,"San Diego, CA",2511,6:17:21,14:24,F 35-39/49,F-37,340,6:17:28,37.62%
892,Shelly Hess,"San Diego, CA",2548,6:17:21,14:24,F 35-39/50,F-35,341,6:17:28,37.01%
893,Maureen Ferrel,"Carlsbad, CA",2537,6:17:40,14:25,F 50-54/24,F-52,342,6:17:44,43.29%
894,Jim Poole,"San Diego, CA",1741,6:17:55,14:25,M 50-54/68,M-53,552,6:18:06,37.87%
895,Shirley Strand,"San Diego, CA",2593,6:23:09,14:37,F 50-54/25,F-50,343,6:23:17,41.77%
896,Kelly Metz-Matthew,"Oceanside, CA",2637,6:24:11,14:40,F 25-29/58,F-27,344,6:24:16,36.13%
897,Donna Metz,"San Marcos, CA",2636,6:24:12,14:40,F 50-54/26,F-51,345,6:24:17,42.09%
898,Linda Zweig,"San Diego, CA",2605,6:26:39,14:45,F 50-54/27,F-51,346,6:26:51,41.83%
899,Michelle Blanchard,"San Diego, CA",2618,6:28:58,14:51,F 35-39/51,F-36,347,6:28:58,36.20%
900,Vanessa Robinson,"Santa Fe, NM",2638,6:29:16,14:51,F 45-49/44,F-47,348,6:29:23,39.89%
901,Gail Campofiore,"Walnut, CA",2646,6:31:30,14:56,F 60-64/6,F-60,349,6:31:45,45.93%
902,Raymond Scharenbrock,"South Milwaukee, WI",2587,6:31:33,14:57,M 70-74/3,M-74,553,6:31:42,46.35%
903,Carol Dellinger,"Spokane, WA",2526,6:31:33,14:57,F 45-49/45,F-45,350,6:31:42,38.90%
904,Tara Neldon,"Poway, CA",2630,6:34:46,15:04,F 30-34/54,F-31,351,6:34:52,35.16%
905,Amy Beaulieu,"Carlsbad, CA",2631,6:34:47,15:04,F 25-29/59,F-26,352,6:34:52,35.16%
906,Bill Dryden,"Nevada City, CA",2534,6:37:35,15:10,M 50-54/69,M-53,554,6:37:45,36.00%
907,Nichell Hurley,"San Diego, CA",2552,6:38:34,15:13,F 40-44/61,F-40,353,6:38:34,36.53%
908,Carolee Washburn,"Carlsbad, CA",2615,6:40:07,15:16,F 50-54/28,F-51,354,6:40:17,40.42%
909,Inez Baker,"San Diego, CA",2507,6:42:00,15:20,F 60-64/7,F-63,355,6:42:08,46.60%
910,Melody Rocco,"San Diego, CA",2581,6:42:01,15:20,F 60-64/8,F-64,356,6:42:09,47.27%
911,Patricia Yu,"Hacienda Heights, CA",2650,6:50:26,15:40,F 45-49/46,F-49,357,6:50:34,38.59%
912,Cecelia Buchanan,"San Diego, CA",2513,6:51:54,15:43,F 50-54/29,F-52,358,6:52:07,39.69%
913,Susan Ruff,"El Cajon, CA",2585,6:51:54,15:43,F 50-54/30,F-50,359,6:52:07,38.85%
914,Trish Carter-Anderson,"Trabuco Canyon, CA",2516,6:55:49,15:52,F 40-44/62,F-40,360,6:55:56,35.01%
915,Melissa Glastetter,"Twentynine Palms, CA",2543,6:55:51,15:52,F 30-34/55,F-33,361,6:55:57,33.37%
916,Susie Hanson,"Dana Point, CA",2545,6:55:51,15:52,F 65-69/2,F-65,362,6:55:57,46.37%
917,Liz Gary,"San Diego, CA",2540,6:57:37,15:56,F 45-49/47,F-45,363,6:57:52,36.47%
918,Scott Doyle,"San Diego, CA",2533,6:57:37,15:56,M 50-54/70,M-50,555,6:57:52,33.45%
919,Allison Cecil,"San Diego, CA",2517,6:57:47,15:57,F 35-39/52,F-39,364,6:57:59,34.55%
920,Jeanine Cross,"Noblesville, IN",2524,7:00:55,16:04,F 45-49/48,F-47,365,7:01:05,36.89%
921,Xanthe Belsky,"Campo, CA",2510,7:02:24,16:07,F 35-39/53,F-37,366,7:02:32,33.60%
922,Deleata Adams,"Laveen, AZ",2502,7:05:26,16:14,F 45-49/49,F-48,367,7:05:38,36.86%
923,Audrey Alexander,"Bellevue, WA",2505,7:05:26,16:14,F 40-44/63,F-41,368,7:05:38,34.52%
924,Michael Wasyliw,"El Cajon, CA",2599,7:07:08,16:18,M 60-64/21,M-60,556,7:07:22,35.71%
925,Tonya Reed,"Laguna Niguel, CA",2579,7:11:51,16:29,F 35-39/54,F-39,369,7:12:02,33.42%
926,Madison Monk,"Carlsbad, CA",2606,7:36:56,17:26,F 40-44/64,F-41,370,7:37:11,32.14%
927,Angela Kanish,"San Diego, CA",2557,9:02:57,20:43,F 40-44/65,F-40,371,9:02:57,26.81%
