Bib,Name,Gender,Age,Hometown,Overall,Men,M 75-79,Age/Grade,Finish,Chip Time,Gun Time,9.4 Mi,13.8 Mi,18.0 Mi,19.8 Mile
330,Mirelle Chateigne,F,41,"San Diego, CA",1137 out of 1141,459 out of 0,77 out of 77, 36.57% Place: 1125,6:34:04 Pace: 15:02,6:34:04,6:34:27,1:56:42 Pace: 12:25,2:57:03 Pace: 12:50,4:07:24 Pace: 13:45,4:44:46 Pace: 14:23
316,Aloysius Casey,M,79,"Redlands, CA",1138 out of 1141,679 out of 0,2 out of 3, 48.13% Place: 773,6:46:51 Pace: 15:32,6:46:51,6:47:36,2:10:00 Pace: 13:50,3:10:15 Pace: 13:48,4:19:53 Pace: 14:27,4:56:33 Pace: 14:59
1174,John O'Shea,M,68,"Greenwood Village, CO",1139 out of 1141,680 out of 0,7 out of 7, 39.91% Place: 1067,6:56:32 Pace: 15:54,6:56:32,6:57:34,2:23:20 Pace: 15:15,3:28:57 Pace: 15:09,            Pace:            ,5:15:03 Pace: 15:55
1200,Bob Patterson,M,75,"Alta Loma, CA",1140 out of 1141,681 out of 0,3 out of 3, 42.85% Place: 987,7:03:36 Pace: 16:10,7:03:36,7:04:21,2:33:51 Pace: 16:22,3:37:40 Pace: 15:47,            Pace:            ,5:21:54 Pace: 16:16
187,Carol Bautista,F,62,"Hacienda Heights, CA",1141 out of 1141,460 out of 0,8 out of 8, 44.51% Place: 923,7:07:49 Pace: 16:20,7:07:49,7:07:49,            Pace:            ,            Pace:            ,            Pace:            ,            Pace:            
