Place,Name,Location,Bib,Net Time,Pace,Division/Place,Sex-Age,Sex-Place,Gun Time,Age Grade
1,Bryan Morseman,"Bath, NY",15,2:22:10,5:26,M 25-29/0,M-29,1,2:22:10,86.49%
2,Mario Macias,"Boulder, CO",3,2:23:02,5:28,M 30-34/0,M-33,2,2:23:02,86.06%
3,Christopher Zablocki,"Essex, CT",11,2:24:53,5:32,M 25-29/0,M-26,3,2:24:53,84.87%
4,Alemayehu Bedasa,"Washington, DC",9,2:27:30,5:38,M 30-34/1,M-32,4,2:27:31,83.38%
5,Abiyot Endale,"Bronx, NY",1,2:31:16,5:47,M 25-29/1,M-28,5,2:31:17,81.29%
6,Vivien Duponchez,"San Diego, CA",423,2:46:48,6:22,M 35-39/1,M-39,6,2:46:51,75.35%
7,Ryan Grove,"San Diego, CA",545,2:47:04,6:23,M 40-44/1,M-41,7,2:47:06,76.20%
8,Jennifer Zwick,"Raleigh, NC",61,2:48:19,6:26,F 25-29/0,F-28,1,2:48:19,80.46%
9,Cassio Debiasi,"San Diego, CA",389,2:49:23,6:28,M 35-39/2,M-35,8,2:49:26,72.96%
10,Marcus Voss,"DE, ",1536,2:52:08,6:34,M 45-49/1,M-46,9,2:52:09,77.03%
11,Gerad Mead,"Minneapolis, MN",838,2:52:36,6:35,M 35-39/3,M-35,10,2:52:39,71.60%
12,Andrew Hahn,"Albuquerque, NM",557,2:53:49,6:38,M 40-44/2,M-41,11,2:53:57,73.25%
13,Andrew Marchi,"Carlsbad, CA",797,2:54:42,6:40,M 35-39/4,M-37,12,2:54:43,71.22%
14,John McGreevy,"La Jolla, CA",825,2:55:20,6:42,M 35-39/5,M-39,13,2:55:22,71.68%
15,Sabina Piras,"San Diego, CA",57,2:55:23,6:42,F 25-29/0,F-25,2,2:55:23,77.23%
16,Brian Coullahan,"San Diego, CA",357,2:58:27,6:49,M 40-44/3,M-40,14,2:58:31,70.86%
17,Alex Suchey,"Irvine, CA",1527,2:59:28,6:51,M 45-49/2,M-46,15,2:59:30,73.88%
18,Jeff Galford,"Lemon Grove, CA",491,3:01:59,6:57,M 30-34/2,M-32,16,3:02:01,67.58%
19,Barry Spital,"San Diego, CA",1198,3:02:03,6:57,M 40-44/4,M-43,17,3:02:06,71.05%
20,David Cruz,"Kenilworth, NJ",368,3:03:10,7:00,M 30-34/3,M-34,18,3:03:14,67.31%
21,Edward Agunos,"San Diego, CA",1403,3:03:14,7:00,M 35-39/6,M-38,19,3:03:14,68.22%
22,Jennifer Edwards,"Seattle, WA",427,3:03:54,7:01,F 30-34/0,F-30,3,3:03:54,73.66%
23,Eric Roby,"El Cajon, CA",1513,3:05:40,7:05,M 35-39/7,M-35,20,3:05:45,66.56%
24,Sanjiv Arora,"Ladera Ranch, CA",148,3:05:47,7:06,M 45-49/3,M-49,21,3:05:52,73.22%
25,Ayako Kawakami,"Irvine, CA",1568,3:06:23,7:07,F 30-34/1,F-34,4,3:06:25,73.00%
26,Jessica Goertz,"San Diego, CA",1699,3:07:27,7:09,F 35-39/1,F-36,5,3:07:32,73.03%
27,Denis Desmond,"San Diego, CA",1429,3:07:41,7:10,M 40-44/5,M-41,22,3:07:45,67.83%
28,Kyle Richards,"Issaquah, WA",1059,3:08:23,7:12,M 25-29/2,M-28,23,3:08:29,65.27%
29,Jason Carney,"Yucaipa, CA",287,3:08:36,7:12,M 40-44/6,M-42,24,3:08:41,68.02%
30,Haas Sullivan,"Redondo Beach, CA",1221,3:08:55,7:13,M 30-34/4,M-31,25,3:08:57,65.09%
31,Joey Neptune,"San Marcos, CA",909,3:08:58,7:13,M 25-29/3,M-28,26,3:09:02,65.07%
32,Jeremy Crossley,"El Cajon, CA",365,3:10:04,7:15,M 30-34/5,M-34,27,3:10:15,64.87%
33,Timothy Wilson,"Vista, CA",1359,3:10:29,7:16,M 45-49/4,M-48,28,3:10:34,70.80%
34,Rhea Deroian,"Hesperia, CA",400,3:10:29,7:16,F 25-29/1,F-28,6,3:10:33,71.10%
35,April Dyer,"Walnut Creek, CA",426,3:10:52,7:17,F 25-29/2,F-27,7,3:10:55,70.95%
36,Mackenzie Grimmer,"Poway, CA",543,3:11:30,7:19,F 25-29/3,F-26,8,3:11:43,70.71%
37,Wilmer Gange,"Chula Vista, CA",496,3:11:58,7:20,M 40-44/7,M-40,29,3:12:06,65.87%
38,Jeffrey Quinn,"San Francisco, CA",1026,3:12:11,7:20,M 25-29/4,M-26,30,3:12:17,63.98%
39,Daniel Blascyk,"Ashland, WI",1411,3:12:14,7:20,M 35-39/8,M-36,31,3:12:34,64.48%
40,Stefan Asbock,"Carlsbad, CA",152,3:13:07,7:22,M 35-39/9,M-38,32,3:13:11,64.72%
41,Adeline Plesiu,"La Jolla, CA",1000,3:13:50,7:24,F 25-29/4,F-27,9,3:14:16,69.87%
42,Eric Brown,"Valley Center, CA",250,3:14:05,7:25,M 30-34/6,M-30,33,3:14:10,63.35%
43,Rich Curley,"San Diego, CA",1424,3:14:11,7:25,M 18-24/1,M-23,34,3:22:06,63.32%
44,Jeremiah Moersch,"Carlsbad, CA",866,3:14:15,7:25,M 35-39/10,M-35,35,3:14:24,63.62%
45,Joanna Pomykala,"Los Altos, CA",1004,3:14:15,7:25,F 35-39/2,F-38,10,3:14:20,71.08%
46,Joe McCollam,"San Diego, CA",1491,3:14:20,7:25,M 35-39/11,M-35,36,3:14:20,63.59%
47,Anthony Matera,"San Diego, CA",810,3:14:50,7:26,M 40-44/8,M-40,37,3:14:54,64.90%
48,Denis McDaniel,"San Diego, CA",819,3:14:53,7:26,M 50-54/1,M-54,38,3:14:56,72.94%
49,Jason Harger,"San Diego, CA",571,3:15:30,7:28,M 40-44/9,M-40,39,3:17:00,64.68%
50,Arash Mohtashamian,"San Diego, CA",870,3:15:47,7:29,M 40-44/10,M-42,40,3:16:00,65.53%
51,Daniel Shaffer,"Carlsbad, CA",1151,3:16:21,7:30,M 18-24/2,M-21,41,3:17:00,62.62%
52,Jonathan Jo,"New York, NY",640,3:16:44,7:31,M 25-29/5,M-26,42,3:16:58,62.50%
53,Abelardo Sanchez,"Chula Vista, CA",1120,3:16:46,7:31,M 25-29/6,M-25,43,3:16:49,62.49%
54,Robert Bucelli,"Saint Louis, MO",260,3:17:42,7:33,M 35-39/12,M-35,44,3:17:54,62.51%
55,Crystal Thakkar,"Encinitas, CA",1241,3:18:14,7:34,F 35-39/3,F-37,11,3:18:20,69.33%
56,Sergio Garcia,"Carlsbad, CA",504,3:18:18,7:34,M 35-39/13,M-35,45,3:18:25,62.32%
57,Trevor Neeb,"San Diego, CA",1498,3:18:33,7:35,M 35-39/14,M-35,46,3:18:36,62.24%
58,David Sanchez,"Oceanside, CA",1122,3:18:36,7:35,M 30-34/7,M-30,47,3:18:42,61.91%
59,Reggie Thomas,"Chino Hills, CA",1245,3:18:51,7:36,M 50-54/2,M-51,48,3:18:55,69.61%
60,Robert Martin,"San Diego, CA",804,3:19:17,7:37,M 45-49/5,M-48,49,3:19:21,67.67%
61,Gene Williamson,"Tucson, AZ",1601,3:19:33,7:37,M 45-49/6,M-45,50,3:19:37,65.90%
62,Michael Preston,"Sherman Oaks, CA",1014,3:19:39,7:37,M 40-44/11,M-44,51,3:19:43,65.33%
63,Erin Young,"Carlsbad, CA",1385,3:20:31,7:39,F 35-39/4,F-38,12,3:20:37,68.86%
64,David Armstrong,"San Diego, CA",146,3:21:38,7:42,M 30-34/8,M-32,52,3:21:47,60.99%
65,Christopher Mosunic,"Easton, CT",880,3:21:48,7:42,M 40-44/12,M-42,53,3:22:21,63.57%
66,Roberto Jourdain,"Vista, CA",658,3:21:55,7:43,M 55-59/1,M-56,54,3:24:37,71.69%
67,Thomas Woods,"La Mesa, CA",1367,3:22:35,7:44,M 25-29/7,M-28,55,3:22:39,60.70%
68,James Pathman,"Del Mar, CA",972,3:22:46,7:45,M 50-54/3,M-50,56,3:22:48,67.67%
69,Riley Pathman,"Del Mar, CA",973,3:22:47,7:45,M 01-17/1,M-16,57,3:22:48,61.90%
70,David Lusignan,"Woodstock, CT",775,3:22:47,7:45,M 35-39/15,M-38,58,3:22:48,61.64%
71,Wes Harding,"CA, ",570,3:22:47,7:45,M 45-49/7,M-47,59,3:22:48,65.95%
72,Buddy Carr,"Carlsbad, CA",289,3:23:02,7:45,M 45-49/8,M-48,60,3:23:09,66.42%
73,James O'Donnell,"Littleton, CO",928,3:23:05,7:45,M 55-59/2,M-58,61,3:26:23,72.60%
74,Mark Alfaro,"Chula Vista, CA",120,3:23:11,7:45,M 35-39/16,M-35,62,3:23:17,60.82%
75,Terry Dirbas,"San Diego, CA",1430,3:23:14,7:46,F 30-34/2,F-31,13,3:23:21,66.65%
76,Sunita Seshia,"CA, ",1518,3:23:26,7:46,F 35-39/5,F-36,14,3:23:32,67.29%
77,Greg Wierman,"San Diego, CA",1341,3:23:30,7:46,M 45-49/9,M-48,63,3:23:33,66.27%
78,Will Lippert,"Chandler, AZ",748,3:24:10,7:48,M 35-39/17,M-36,64,3:24:32,60.71%
79,Hanna Madrid,"Yucaipa, CA",783,3:24:12,7:48,F 18-24/1,F-24,15,3:24:17,66.32%
80,Trevor Milligan,"San Diego, CA",857,3:24:20,7:48,M 30-34/9,M-30,65,3:24:30,60.18%
81,Javier Madrid,"Yucaipa, CA",784,3:24:23,7:48,M 25-29/8,M-25,66,3:24:23,60.16%
82,Matt Whalen,"San Diego, CA",1334,3:24:23,7:48,M 35-39/18,M-36,67,3:24:29,60.64%
83,John Raines,"San Diego, CA",1031,3:24:34,7:49,M 45-49/10,M-47,68,3:24:42,65.37%
84,Marvin Rodriguez,"Canoga Park, CA",1085,3:24:47,7:49,M 35-39/19,M-35,69,3:24:52,60.35%
85,Andrew Rice,"Carlsbad, CA",1056,3:24:49,7:49,M 35-39/20,M-38,70,3:24:56,61.03%
86,Benjamin Rubin,"Del Mar, CA",1101,3:25:30,7:51,M 25-29/9,M-25,71,3:25:51,59.83%
87,Dave Preston,"Issaquah, WA",1012,3:25:34,7:51,M 35-39/21,M-38,72,3:25:40,60.80%
88,William Bates,"Washington, DC",181,3:25:56,7:52,M 45-49/11,M-48,73,3:25:59,65.49%
89,Kelsie Baker,"Carlsbad, CA",163,3:26:03,7:52,F 18-24/2,F-23,16,3:26:11,65.73%
90,Spencer Betancourt,"Ridgewood, NJ",202,3:26:10,7:52,M 25-29/10,M-26,74,3:26:57,59.64%
91,Doug Jungclaus,"Sammamish, WA",663,3:26:44,7:54,M 40-44/13,M-44,75,3:26:49,63.09%
92,Christianne Samaras,"Redding, CA",1119,3:26:54,7:54,F 35-39/6,F-39,17,3:26:57,67.08%
93,Marla Randall,"Ventura, CA",1034,3:27:13,7:55,F 55-59/1,F-57,18,3:27:20,81.43%
94,John Famulare,"Carlsbad, CA",445,3:27:20,7:55,M 50-54/4,M-52,76,3:27:34,67.34%
95,Audrey Peters,"Winchester, CA",983,3:27:26,7:55,F 35-39/7,F-35,19,3:27:37,65.78%
96,John Cumbie,"Carlsbad, CA",1700,3:27:36,7:56,M 30-34/10,M-30,77,3:28:18,59.23%
97,Brad Drake,"Sun Prairie, WI",413,3:27:37,7:56,M 60-64/1,M-60,78,3:27:46,72.37%
98,Bret Woodward,"Del Mar, CA",1541,3:27:56,7:56,M 50-54/5,M-50,79,3:28:03,65.99%
99,Brandon Suttle,"Atlanta, GA",1529,3:28:08,7:57,M 25-29/11,M-26,80,3:28:15,59.08%
100,Lauren Carter,"Gainesville, GA",1416,3:28:08,7:57,F 25-29/5,F-28,20,3:28:15,65.07%
101,Edward Birmingham,"Carlsbad, CA",205,3:28:09,7:57,M 50-54/6,M-51,81,3:28:17,66.50%
102,John Genduso,"Fallbrook, CA",1450,3:28:17,7:57,M 45-49/12,M-45,82,3:28:26,63.14%
103,Bruce Urquhart,"San Diego, CA",1278,3:28:17,7:57,M 55-59/3,M-59,83,3:28:23,71.46%
104,Patrick Stone,"Monterey, CA",1585,3:28:43,7:58,M 30-34/11,M-33,84,3:28:46,58.98%
105,Tami Threet,"El Cajon, CA",1251,3:28:50,7:58,F 45-49/1,F-45,21,3:29:06,69.60%
106,Ricardo Hoffman,"Seattle, WA",1461,3:29:01,7:59,M 30-34/12,M-32,85,3:29:05,58.84%
107,Caitlyn Pilkington,"Cardiff, CA",996,3:29:02,7:59,F 25-29/6,F-27,22,3:29:29,64.79%
108,David Easa,"Encinitas, CA",1436,3:29:02,7:59,M 40-44/14,M-40,86,3:29:30,60.49%
109,David Searle,"La Jolla, CA",1142,3:29:14,7:59,M 25-29/12,M-26,87,3:29:24,58.77%
110,Matthew Vasquez,"La Jolla, CA",1287,3:29:20,8:00,M 18-24/3,M-19,88,3:29:26,58.74%
111,Michael Stowers,"El Cajon, CA",1526,3:29:24,8:00,M 45-49/13,M-47,89,3:29:35,63.86%
112,Ryan Alex,"Encinitas, CA",119,3:29:24,8:00,M 35-39/22,M-39,90,3:29:29,60.02%
113,David Martinez,"San Diego, CA",1489,3:29:30,8:00,M 40-44/15,M-41,91,3:29:39,60.77%
114,Nadia Ruiz,"Santa Fe Springs, CA",1103,3:29:42,8:00,F 30-34/3,F-30,23,3:29:55,64.58%
115,Noah Sandler,"Hopkins, MN",1123,3:29:57,8:01,M 45-49/14,M-49,92,3:30:02,64.79%
116,Joel White,"San Diego, CA",1539,3:30:00,8:01,M 25-29/13,M-26,93,3:30:07,58.55%
117,Terese Moya,"Winchester, CA",882,3:30:13,8:02,F 30-34/4,F-34,24,3:30:59,64.72%
118,Melissa Fischer,"San Diego, CA",462,3:30:15,8:02,F 30-34/5,F-31,25,3:30:23,64.43%
119,Ezequiel De La Rosa,"Hawaiian Gardens, CA",1426,3:30:24,8:02,M 40-44/16,M-40,94,3:30:35,60.10%
120,Roger Park,"Los Angeles, CA",1506,3:30:34,8:02,M 40-44/17,M-43,95,3:30:41,61.43%
121,Timothy Christoni,"Rancho Cucamonga, CA",1419,3:30:47,8:03,M 45-49/15,M-46,96,3:30:56,62.90%
122,Leann Nguyen,"Torrance, CA",1500,3:31:01,8:03,F 25-29/7,F-26,26,3:31:12,64.18%
123,Nicholas Saunders,"Carlsbad, CA",1127,3:31:23,8:04,M 25-29/14,M-28,97,3:37:58,58.17%
124,Greg Pieratt,"Cardiff, CA",993,3:31:34,8:05,M 30-34/13,M-34,98,3:32:40,58.28%
125,Mike Stephens,"Simi Valley, CA",1214,3:32:05,8:06,M 55-59/4,M-56,99,3:32:16,68.25%
126,Michael Landa,"Irvine, CA",1570,3:32:05,8:06,M 35-39/23,M-35,100,3:32:30,58.27%
127,Allison Leppke,"Atlanta, GA",737,3:32:07,8:06,F 35-39/8,F-36,27,3:32:21,64.54%
128,Rebecca Dutton,"San Francisco, CA",425,3:32:08,8:06,F 30-34/6,F-33,28,3:32:15,64.01%
129,Mark Londhair,"Carlsbad, CA",1483,3:32:09,8:06,M 50-54/7,M-53,101,3:32:16,66.40%
130,Alex Esquivel,"Pala, CA",1438,3:32:10,8:06,M 45-49/16,M-49,102,3:32:24,64.11%
131,Michael Hicks,"San Clemente, CA",1566,3:32:35,8:07,M 45-49/17,M-45,103,3:32:49,61.86%
132,Paul Malz,"Escondido, CA",791,3:33:05,8:08,M 35-39/24,M-39,104,3:33:10,58.98%
133,Mark Preston,"San Diego, CA",1013,3:33:10,8:08,M 45-49/18,M-45,105,3:33:21,61.69%
134,Kevin Zagorski,"Redondo Beach, CA",1543,3:33:11,8:08,M 18-24/4,M-24,106,3:33:15,57.68%
135,Sheri Matthews,"La Jolla, CA",812,3:33:15,8:08,F 30-34/7,F-33,29,3:33:18,63.67%
136,David Fellows,"La Mesa, CA",454,3:33:20,8:09,M 40-44/18,M-42,107,3:33:32,60.14%
137,Melissa Flaherty,"San Diego, CA",465,3:33:27,8:09,F 40-44/1,F-43,30,3:33:35,66.87%
138,William Reeves,"Mechanicsburg, PA",1044,3:33:48,8:10,M 50-54/8,M-51,108,3:33:59,64.74%
139,Kimberley Bandy,"San Diego, CA",166,3:34:01,8:10,F 40-44/2,F-43,31,3:34:08,66.69%
140,Sarawut Deajakoom,"San Diego, CA",1427,3:34:20,8:11,M 40-44/19,M-43,109,3:34:26,60.35%
141,Len Jensen,"Menifee, CA",1463,3:34:23,8:11,M 40-44/20,M-41,110,3:34:23,59.38%
142,Ashley Ornelas,"San Diego, CA",950,3:34:38,8:12,F 25-29/8,F-27,32,3:35:10,63.10%
143,Tyler Willis,"Escondido, CA",1352,3:34:44,8:12,M 30-34/14,M-30,111,3:34:49,57.26%
144,Jaime Seligmann,"Middletown, CT",1517,3:34:47,8:12,F 25-29/9,F-27,33,3:34:57,63.05%
145,Hiroshi Yamamoto,"Irvine, CA",1375,3:34:59,8:12,M 45-49/19,M-48,112,3:35:11,62.73%
146,Tina-Marie Freeman,"San Diego, CA",479,3:35:32,8:14,F 25-29/10,F-26,34,3:35:44,62.83%
147,Rhoda Shaver,"Irvine, CA",1155,3:35:37,8:14,F 40-44/3,F-43,35,3:35:52,66.20%
148,Jesus Luna,"San Diego, CA",1485,3:35:40,8:14,M 30-34/15,M-34,113,3:35:50,57.17%
149,Daniel Arellano,"San Diego, CA",142,3:35:46,8:14,M 40-44/21,M-42,114,3:35:48,59.46%
150,Chris Rosario,"Cerritos, CA",1515,3:36:16,8:15,M 40-44/22,M-43,115,3:36:27,59.81%
151,Douglas Pierce,"Rancho Cucamonga, CA",994,3:36:16,8:15,M 45-49/20,M-46,116,3:36:27,61.31%
152,Heidi Derossett,"Aguanga, CA",401,3:36:19,8:15,F 35-39/9,F-38,36,3:36:38,63.83%
153,Fernando Bautista,"Escondido, CA",1409,3:36:23,8:16,M 30-34/16,M-32,117,3:36:36,56.83%
154,Mark McFadyen,"Bellevue, WA",820,3:36:40,8:16,M 30-34/17,M-33,118,3:36:46,56.81%
155,Sally Boles,"Mission Viejo, CA",214,3:36:54,8:17,F 45-49/2,F-46,37,3:37:03,67.69%
156,Brandon Nelson,"Vista, CA",908,3:37:29,8:18,M 40-44/23,M-42,119,3:37:40,58.99%
157,Johan Otter,"Escondido, CA",955,3:37:32,8:18,M 50-54/9,M-53,120,3:37:38,64.76%
158,Heidi Gaertner,"Seattle, WA",489,3:37:46,8:19,F 40-44/4,F-41,38,3:37:55,64.55%
159,Racquel Kolsrud,"San Diego, CA",693,3:37:52,8:19,F 35-39/10,F-39,39,3:38:08,63.71%
160,Liberty Harper,"Encinitas, CA",572,3:38:07,8:20,F 30-34/8,F-34,40,3:38:13,62.38%
161,Gustavo Prado,"San Diego, CA",1011,3:38:13,8:20,M 35-39/25,M-38,121,3:38:17,57.28%
162,Rafael Guzman,"San Diego, CA",1605,3:38:17,8:20,M 30-34/18,M-32,122,3:38:47,56.34%
163,Faye Britt,"Everett, WA",242,3:38:22,8:20,F 35-39/11,F-39,41,3:38:33,63.56%
164,Piete Darnaud,"San Diego, CA",383,3:38:26,8:20,M 40-44/24,M-41,123,3:38:30,58.28%
165,Omar Bouhaddou,"Rancho Santa Fe, CA",222,3:38:36,8:21,M 55-59/5,M-58,124,3:38:49,67.45%
166,Jerame Kranendonk,"Santee, CA",1475,3:38:48,8:21,M 35-39/26,M-35,125,3:38:48,56.48%
167,Joshua Sacca,"Canton, GA",1107,3:38:49,8:21,M 35-39/27,M-38,126,3:38:52,57.12%
168,Greg Woskow,"Littleton, CO",1369,3:39:00,8:22,M 45-49/21,M-49,127,3:39:03,62.11%
169,Richard Whitelaw,"Beryl, UT",1337,3:39:26,8:23,M 40-44/25,M-43,128,3:40:49,58.94%
170,Shelah Miner,"Salt Lake City, UT",860,3:39:38,8:23,F 35-39/12,F-39,42,3:41:11,63.19%
171,Julie Hendrickson,"Escondido, CA",589,3:39:47,8:23,F 45-49/3,F-45,43,3:43:11,66.13%
172,Miguel L Ayala,"Spring Valley, CA",1603,3:39:48,8:23,M 30-34/19,M-32,129,3:39:50,55.95%
173,Rob Heijman,"NL, ",585,3:39:55,8:24,M 50-54/10,M-52,130,3:40:11,63.49%
174,Chad Vogtman,"San Clemente, CA",1304,3:40:01,8:24,M 30-34/20,M-34,131,3:40:44,56.04%
175,Don Wright,"CA, ",1370,3:40:24,8:25,M 55-59/6,M-56,132,3:40:33,65.67%
176,Patrick Coughlin,"Carlsbad, CA",356,3:40:24,8:25,M 30-34/21,M-33,133,3:40:38,55.85%
177,Mark Fraser,"CA, ",475,3:40:34,8:25,M 50-54/11,M-53,134,3:40:45,63.87%
178,Amy Cornejo,"Escondido, CA",348,3:40:38,8:25,F 30-34/9,F-34,44,3:40:59,61.67%
179,Jeffery Tippmann,"Del Mar, CA",1255,3:40:43,8:26,M 30-34/22,M-30,135,3:40:53,55.71%
180,Jennifer Rose,"Solana Beach, CA",1095,3:40:43,8:26,F 40-44/5,F-40,45,3:40:49,63.26%
181,Kelsey Thomas,"La Jolla, CA",1244,3:40:44,8:26,F 25-29/11,F-25,46,3:40:53,61.35%
182,Alex Leano,"San Jose, CA",725,3:40:54,8:26,M 18-24/5,M-19,136,3:41:57,55.66%
183,Adam Iannazzo,"San Diego, CA",625,3:40:55,8:26,M 35-39/28,M-38,137,3:41:38,56.58%
184,Yasushi Yamasaki,"San Marcos, CA",1376,3:41:08,8:27,M 45-49/22,M-49,138,3:41:14,61.51%
185,David Anderson,"Irvine, CA",1547,3:41:17,8:27,M 50-54/12,M-52,139,3:41:22,63.10%
186,Cavan Noone,"Mesa, AZ",922,3:41:23,8:27,M 30-34/23,M-31,140,3:41:43,55.54%
187,Stephanie Starkey,"San Diego, CA",1204,3:41:27,8:27,F 25-29/12,F-27,47,3:41:38,61.15%
188,Shawn Catt,"San Diego, CA",1418,3:41:34,8:28,M 30-34/24,M-32,141,3:41:44,55.50%
189,Samantha Kaplan,"San Diego, CA",670,3:41:34,8:28,F 35-39/13,F-36,48,3:41:41,61.78%
190,Celia Jenkinson,"San Diego, CA",635,3:41:45,8:28,F 45-49/4,F-46,49,3:41:56,66.21%
191,Anne Summa,"San Diego, CA",1222,3:41:46,8:28,F 35-39/14,F-37,50,3:41:59,61.97%
192,Pedro Rios,"Chula Vista, CA",1068,3:42:01,8:29,M 40-44/26,M-41,142,3:42:15,57.34%
193,Stacy Swanson,"Thousand Oaks, CA",1225,3:42:01,8:29,F 45-49/5,F-45,51,3:42:23,65.47%
194,Tasha Orlando,"Vista, CA",949,3:42:05,8:29,F 25-29/13,F-27,52,3:45:24,60.98%
195,Jeff Lyles,"San Diego, CA",778,3:42:06,8:29,M 35-39/29,M-36,143,3:42:29,55.80%
196,Kevin Beers,"Las Vegas, NV",189,3:42:15,8:29,M 50-54/13,M-54,144,3:48:22,63.96%
197,Matthew Behrendt,"Escondido, CA",190,3:42:17,8:29,M 35-39/30,M-37,145,3:42:59,55.98%
198,Shawn Boudreau,"Oceanside, CA",220,3:42:36,8:30,M 40-44/27,M-43,146,3:42:45,58.11%
199,Jamie Peters,"Lincoln, NE",985,3:42:54,8:31,F 35-39/15,F-39,53,3:43:16,62.27%
200,Kevin Hopp,"San Marcos, CA",605,3:42:57,8:31,M 40-44/28,M-43,147,3:43:07,58.01%
201,Dustin Hein,"San Marcos, CA",586,3:43:03,8:31,M 30-34/25,M-32,148,3:43:08,55.13%
202,Hiro Konishi,"Aliso Viejo, CA",1471,3:43:07,8:31,M 50-54/14,M-51,149,3:43:21,62.03%
203,Brian Casola,"San Marcos, CA",292,3:43:12,8:31,M 35-39/31,M-38,150,3:43:20,56.00%
204,Jessica Hartgrave,"El Cajon, CA",1459,3:43:27,8:32,F 35-39/16,F-37,54,3:43:46,61.50%
205,Christine Desrochers,"San Diego, CA",402,3:43:37,8:32,F 45-49/6,F-47,55,3:43:51,66.39%
206,Monique Frost,"Oceanside, CA",1560,3:43:41,8:32,F 35-39/17,F-35,56,3:43:51,61.00%
207,Yvonne Lorenz,"El Cajon, CA",766,3:43:48,8:33,F 40-44/6,F-41,57,3:44:00,62.80%
208,Jen Nash,"Henderson, NV",900,3:43:58,8:33,F 40-44/7,F-41,58,3:44:11,62.76%
209,Rod Takeshita,"San Diego, CA",1231,3:43:59,8:33,M 50-54/15,M-50,151,3:44:44,61.26%
210,Justin Mih,"San Diego, CA",853,3:44:17,8:34,M 35-39/32,M-37,152,3:44:44,55.48%
211,Edgardo Ferrer,"Oceanside, CA",455,3:44:20,8:34,M 40-44/29,M-44,153,3:44:33,58.14%
212,Michael Bujold,"Los Angeles, CA",261,3:44:22,8:34,M 25-29/15,M-28,154,3:44:34,54.80%
213,Becky Miller,"Scottsdale, AZ",854,3:44:24,8:34,F 30-34/10,F-32,59,3:44:35,60.42%
214,Ludovic Vincent,"La Jolla, CA",1299,3:44:27,8:34,M 25-29/16,M-27,155,3:44:41,54.78%
215,Chris Bravata,"Chino Hills, CA",235,3:44:31,8:34,M 45-49/23,M-46,156,3:44:39,59.06%
216,Bill Floeter,"San Diego, CA",467,3:44:37,8:34,M 50-54/16,M-52,157,3:44:47,62.16%
217,Kyle Hudick,"Twentynine Palms, CA",615,3:44:48,8:35,M 30-34/26,M-32,158,3:45:19,54.70%
218,Rodel Divina,"San Diego, CA",1431,3:44:53,8:35,M 35-39/33,M-37,159,3:45:12,55.33%
219,Shaun Collett,"San Diego, CA",332,3:45:16,8:36,M 30-34/27,M-34,160,3:45:58,54.73%
220,Jen Francis,"Victorville, CA",1445,3:45:19,8:36,F 40-44/8,F-40,60,3:45:34,61.97%
221,Ardy Azadgan,"Laguna Niguel, CA",1407,3:45:20,8:36,M 30-34/28,M-32,161,3:45:35,54.58%
222,John Cox,"San Diego, CA",362,3:45:31,8:37,M 55-59/7,M-56,162,3:45:39,64.18%
223,Ted Armstrong,"Valparaiso, IN",147,3:45:40,8:37,M 45-49/24,M-49,163,3:45:48,60.28%
224,Patricia Siladi,"San Diego, CA",1170,3:45:41,8:37,F 25-29/14,F-29,61,3:46:01,60.01%
225,Brenda Contreras,"Chula Vista, CA",343,3:46:04,8:38,F 35-39/18,F-37,62,3:46:16,60.79%
226,Miki Scarlett,"Chula Vista, CA",1128,3:46:06,8:38,F 35-39/19,F-36,63,3:46:21,60.55%
227,Julia Rossi,"San Diego, CA",1098,3:46:12,8:38,F 25-29/15,F-28,64,3:46:45,59.87%
228,Bernardo Mandujano,"El Centro, CA",794,3:46:17,8:38,M 35-39/34,M-35,164,3:46:42,54.61%
229,Rachel Otero,"Orange, CA",954,3:46:36,8:39,F 35-39/20,F-36,65,3:46:48,60.41%
230,David Dildy,"Mission Viejo, CA",404,3:46:43,8:39,M 50-54/17,M-53,165,3:46:54,62.14%
231,Peter Davis,"San Diego, CA",388,3:46:45,8:39,M 50-54/18,M-52,166,3:47:16,61.58%
232,Paula Harrisberger,"Orange, CA",2875,3:46:48,8:39,F 45-49/7,F-48,66,3:46:48,66.23%
233,Henry Schwartz,"La Quinta, CA",1137,3:46:54,8:40,M 50-54/19,M-53,167,3:47:05,62.09%
234,John Reed,"Laguna Niguel, CA",1040,3:46:55,8:40,M 55-59/8,M-56,168,3:47:12,63.79%
235,Drake Foster,"Mulvane, KS",473,3:47:02,8:40,M 25-29/17,M-26,169,3:47:10,54.16%
236,Janice Korbely,"CA, ",696,3:47:04,8:40,F 40-44/9,F-41,67,3:47:21,61.90%
237,Robert Joost,"Gilbert, AZ",656,3:47:10,8:40,M 45-49/25,M-47,170,3:47:20,58.87%
238,Matthew Barry,"Vista, CA",1408,3:47:42,8:42,M 25-29/18,M-29,171,3:47:55,54.00%
239,Eric Combes,"San Diego, CA",337,3:47:46,8:42,M 40-44/30,M-43,172,3:47:57,56.79%
240,Patrick Thrush,"San Diego, CA",1253,3:47:50,8:42,M 45-49/26,M-49,173,3:48:09,59.70%
241,James Marshall,"San Diego, CA",803,3:47:58,8:42,M 40-44/31,M-40,174,3:48:13,55.47%
242,Werner Mairl,"AT, ",1487,3:48:01,8:42,M 40-44/32,M-41,175,3:48:40,55.83%
243,Tod Reeder,"San Diego, CA",1042,3:48:18,8:43,M 50-54/20,M-51,176,3:48:41,60.63%
244,Alexander Juden,"Chula Vista, CA",661,3:48:21,8:43,M 45-49/27,M-45,177,3:48:43,57.59%
245,Kevin Lewallen,"Carlsbad, CA",740,3:48:21,8:43,M 35-39/35,M-39,178,3:48:21,55.04%
246,Victor Ong,"SG, ",946,3:48:25,8:43,M 30-34/29,M-32,179,3:48:36,53.84%
247,Christian Teutsch,"Dumfries, VA",1240,3:48:27,8:43,M 40-44/33,M-40,180,3:48:39,55.35%
248,Chase Spain,"Lakeside, CA",1195,3:48:33,8:44,M 18-24/6,M-23,181,3:48:44,53.80%
249,Jonathan Siladi,"San Diego, CA",1169,3:48:35,8:44,M 30-34/30,M-32,182,3:48:55,53.80%
250,Carrie Teahen,"Davenport, IA",1237,3:48:36,8:44,F 30-34/11,F-30,68,3:48:47,59.24%
251,Sandy Lamanna,"Travis Afb, CA",715,3:48:41,8:44,F 25-29/16,F-29,69,3:48:50,59.22%
252,Greg Labuda,"San Diego, CA",708,3:48:51,8:44,M 55-59/9,M-55,183,3:49:06,62.68%
253,Samantha Clemens,"Pleasant Hill, CA",328,3:48:53,8:44,F 35-39/21,F-38,70,3:51:03,60.33%
254,Jeremy Watkin,"San Diego, CA",1322,3:49:02,8:45,M 35-39/36,M-37,184,3:49:15,54.33%
255,Eric Batchelor,"San Diego, CA",180,3:49:06,8:45,M 25-29/19,M-29,185,3:49:21,53.67%
256,Steve Adams,"Oceanside, CA",1545,3:49:22,8:45,M 45-49/28,M-47,186,3:49:30,58.30%
257,Anne Gemkow,"San Diego, CA",1562,3:49:28,8:46,F 40-44/10,F-41,71,3:50:15,61.26%
258,Darci Kruse,"Oceanside, CA",705,3:49:31,8:46,F 25-29/17,F-29,72,3:49:43,59.01%
259,Michael Mock,"San Diego, CA",864,3:49:33,8:46,M 30-34/31,M-31,187,3:49:53,53.57%
260,Masatoshi Fujimoto,"JP, ",487,3:49:38,8:46,M 60-64/2,M-62,188,3:50:00,66.70%
261,Doug Beagle,"Houston, TX",1550,3:49:54,8:47,M 60-64/3,M-64,189,3:50:12,67.94%
262,Josh Borrud,"Portland, OR",218,3:49:56,8:47,M 30-34/32,M-31,190,3:50:34,53.48%
263,Adam Walker,"Murrieta, CA",1591,3:50:00,8:47,M 35-39/37,M-38,191,3:50:24,54.34%
264,Matthew Eric Viernes,"Oceanside, CA",1295,3:50:00,8:47,M 45-49/29,M-45,192,3:50:09,57.18%
265,Michelle Krok,"Granada Hills, CA",1476,3:50:00,8:47,F 45-49/8,F-47,73,3:50:09,64.55%
266,Sonia Ahuja,"San Diego, CA",110,3:50:04,8:47,F 35-39/22,F-39,74,3:50:10,60.33%
267,John Maultsby,"Las Vegas, NV",814,3:50:11,8:47,M 70-74/1,M-72,193,3:55:01,73.82%
268,Joonsuk Lee,"Poway, CA",730,3:50:19,8:48,M 40-44/34,M-40,194,3:50:54,54.90%
269,Mike Serrin,"San Marcos, CA",1146,3:50:24,8:48,M 55-59/10,M-59,195,3:50:40,64.60%
270,Jason Cox,"Encinitas, CA",361,3:50:26,8:48,M 40-44/35,M-43,196,3:50:39,56.13%
271,Brent Shaver,"Irvine, CA",1154,3:50:29,8:48,M 40-44/36,M-43,197,3:50:45,56.12%
272,Michael Britt,"Everett, WA",243,3:50:45,8:49,M 45-49/30,M-49,198,3:51:02,58.95%
273,Karima Salmi,"La Jolla, CA",1516,3:50:50,8:49,F 25-29/18,F-28,75,3:51:03,58.67%
274,Roger Greene,"Coto De Caza, CA",541,3:51:07,8:49,M 55-59/11,M-59,199,3:51:26,64.40%
275,Sheila Murphy,"Oceanside, CA",893,3:51:11,8:50,F 45-49/9,F-48,76,3:51:28,64.97%
276,Cory Ducker,"Cardiff, CA",418,3:51:34,8:50,M 35-39/38,M-35,200,3:52:25,53.37%
277,Brian Haycock,"GB, ",581,3:51:37,8:51,M 55-59/12,M-55,201,3:51:53,61.93%
278,David Kacsur,"San Diego, CA",664,3:51:41,8:51,M 45-49/31,M-46,202,3:52:07,57.23%
279,Stephen Durr,"San Diego, CA",424,3:51:52,8:51,M 45-49/32,M-47,203,3:52:23,57.67%
280,Tammy Accola-Newell,"Belleville, IL",103,3:52:03,8:52,F 45-49/10,F-47,77,3:52:12,63.98%
281,Matthew Koral,"San Diego, CA",695,3:52:17,8:52,M 18-24/7,M-23,204,3:52:55,52.93%
282,Jesse Martinez,"Solana Beach, CA",1490,3:52:18,8:52,M 40-44/37,M-41,205,3:52:26,54.80%
283,Gary Ostwald,"Harrisburg, PA",953,3:52:20,8:52,M 65-69/1,M-68,206,3:52:24,70.00%
284,Mary Handy,"San Marcos, CA",563,3:52:20,8:52,F 40-44/11,F-41,78,3:52:35,60.50%
285,Meleah Murphy,"Henderson, NV",892,3:52:29,8:53,F 30-34/12,F-30,79,3:52:43,58.25%
286,Phil Brotherton,"San Jose, CA",1414,3:52:32,8:53,M 50-54/21,M-53,207,3:52:46,60.58%
287,Whitney Betancourt,"Athens, GA",203,3:52:45,8:53,F 18-24/3,F-24,80,3:53:32,58.19%
288,Joe Ogata,"Pacoima, CA",1502,3:53:08,8:54,M 65-69/2,M-66,208,3:53:10,68.34%
289,Daniel Lurie,"San Francisco, CA",773,3:53:21,8:54,M 25-29/20,M-25,209,3:53:42,52.69%
290,Fausto Castaneda,"Chula Vista, CA",293,3:53:30,8:55,M 40-44/38,M-41,210,3:53:53,54.52%
291,Sara Young,"San Diego, CA",1386,3:53:33,8:55,F 35-39/23,F-39,81,3:53:48,59.43%
292,Miguel Enciso,"Bonita, CA",431,3:53:33,8:55,M 35-39/39,M-39,211,3:53:56,53.81%
293,David Hynan,"Solana Beach, CA",1597,3:53:35,8:55,M 45-49/33,M-45,212,3:53:38,56.30%
294,Linda Drosky,"Mission Viejo, CA",416,3:53:37,8:55,F 50-54/1,F-51,82,3:53:45,66.74%
295,Matthew Logston,"Poway, CA",755,3:53:53,8:56,M 30-34/33,M-31,213,3:54:06,52.57%
296,Natasha Ratajczak,"Encinitas, CA",1037,3:53:55,8:56,F 25-29/19,F-28,83,3:54:08,57.90%
297,Allissa Thompson,"Oceanside, CA",1247,3:53:57,8:56,F 30-34/13,F-34,84,3:54:06,58.16%
298,Brisa Hughes,"Chula Vista, CA",1462,3:54:09,8:56,F 30-34/14,F-33,85,3:54:28,57.99%
299,Theresa Hoff,"Escondido, CA",597,3:54:10,8:56,F 40-44/12,F-40,86,3:54:19,59.63%
300,Lori Palmer,"Pine Valley, CA",963,3:54:27,8:57,F 55-59/2,F-57,87,3:54:43,71.97%
301,Erich Lippincott,"Riverside, CA",749,3:54:36,8:57,M 40-44/39,M-41,214,3:54:45,54.27%
302,David King,"Solana Beach, CA",685,3:54:50,8:58,M 30-34/34,M-31,215,3:59:23,52.36%
303,Jim Medall,"Escondido, CA",839,3:54:54,8:58,M 45-49/34,M-49,216,3:55:15,57.91%
304,Heidi Munneke,"Del Mar, CA",889,3:54:56,8:58,F 35-39/24,F-35,88,3:55:17,58.08%
305,Shingo Omura,"San Diego, CA",945,3:55:02,8:58,M 35-39/40,M-38,217,3:55:19,53.18%
306,Chris Brown,"La Mesa, CA",249,3:55:10,8:59,M 30-34/35,M-31,218,3:55:31,52.29%
307,Josh Tomasewski,"San Diego, CA",1258,3:55:13,8:59,M 35-39/41,M-38,219,3:55:29,53.14%
308,Patricia K Joyce,"El Cajon, CA",660,3:55:14,8:59,F 45-49/11,F-46,89,3:55:33,62.42%
309,Chuck Olson,"Auburn, CA",943,3:55:16,8:59,M 55-59/13,M-59,220,3:55:30,63.27%
310,Alejandro Castillo,"Dana Point, CA",294,3:55:43,9:00,M 40-44/40,M-44,221,3:55:46,55.33%
311,Shelby Stegall,"Santa Ana, CA",1210,3:56:06,9:01,F 18-24/4,F-22,90,3:56:18,57.36%
312,Cassie Stegall,"Santa Ana, CA",1209,3:56:07,9:01,F 18-24/5,F-22,91,3:56:18,57.36%
313,Al Torre,"San Diego, CA",1586,3:56:07,9:01,M 55-59/14,M-55,222,3:56:36,60.75%
314,Kristy Wynn,"San Jose, CA",1373,3:56:12,9:01,F 35-39/25,F-36,92,3:56:30,57.96%
315,Greg Jamieson,"Henderson, NV",629,3:56:18,9:01,M 55-59/15,M-59,223,3:56:39,62.99%
316,Anida Sahinovic,"Boston, MA",1110,3:56:19,9:01,F 25-29/20,F-28,93,3:56:29,57.31%
317,Roberto Vizcarra,"Calexico, CA",1589,3:56:40,9:02,M 18-24/8,M-23,224,3:56:55,51.95%
318,Peter Sargious,"CA, ",1126,3:56:41,9:02,M 45-49/35,M-46,225,3:56:56,56.02%
319,Roy Glass,"Cardiff, CA",519,3:56:44,9:02,M 55-59/16,M-59,226,3:57:01,62.87%
320,Sharon Cherf,"San Diego, CA",313,3:56:45,9:02,F 45-49/12,F-48,94,3:57:01,63.45%
321,Greg Bergeron,"Milton, VT",197,3:56:46,9:02,M 40-44/41,M-44,227,3:57:09,55.09%
322,Adele Panasci,"Livermore, CA",965,3:56:46,9:02,F 25-29/21,F-27,95,3:57:01,57.20%
323,Christyn Putulowski,"Seattle, WA",1024,3:56:52,9:03,F 25-29/22,F-28,96,3:57:22,57.17%
324,Eric Paavola,"Lakeside, CA",959,3:57:08,9:03,M 60-64/4,M-61,228,3:58:51,63.97%
325,Michelle Lenahan,"Evansville, IN",734,3:57:10,9:03,F 30-34/15,F-34,97,3:57:27,57.37%
326,Frank Tobin,"San Diego, CA",1257,3:57:11,9:03,M 45-49/36,M-48,229,3:57:27,56.86%
327,Scott Murray,"El Cajon, CA",894,3:57:12,9:03,M 40-44/42,M-44,230,3:58:16,54.99%
328,Gabriela Khayyat,"El Cajon, CA",677,3:57:15,9:03,F 45-49/13,F-49,98,3:57:32,64.09%
329,Joseph Howeth,"Dublin, CA",614,3:57:29,9:04,M 40-44/43,M-41,231,3:57:57,53.61%
330,Nicolo Mazzocco,"Carlsbad, CA",815,3:57:33,9:04,M 35-39/42,M-36,232,3:58:10,52.18%
331,Adrian Radulescu,"San Diego, CA",1029,3:57:40,9:04,M 40-44/44,M-42,233,3:57:46,53.98%
332,Bryan Delgado,"San Diego, CA",395,3:57:41,9:04,M 18-24/9,M-22,234,3:57:57,51.73%
333,Wes Koseki,"El Cajon, CA",700,3:58:06,9:05,M 18-24/10,M-24,235,3:58:45,51.64%
334,Treven Ho,"Burbank, CA",596,3:58:06,9:05,F 35-39/26,F-39,99,3:58:21,58.29%
335,Ramon Betancourt,"San Diego, CA",201,3:58:10,9:05,M 60-64/5,M-61,236,3:58:23,63.69%
336,William Ghali,"CA, ",511,3:58:13,9:06,M 45-49/37,M-48,237,3:58:51,56.61%
337,Derek Frank,"Burbank, CA",1446,3:58:16,9:06,M 40-44/45,M-41,238,3:58:33,53.43%
338,Amanda Newsome,"Del Mar, CA",915,3:58:17,9:06,F 40-44/13,F-42,100,3:58:28,59.42%
339,Steve Lister,"Ogden, UT",751,3:58:22,9:06,M 45-49/38,M-47,239,3:59:08,56.10%
340,Adrian Ravitz,"San Diego, CA",1038,3:58:22,9:06,M 40-44/46,M-43,240,3:58:33,54.26%
341,Brian Burba,"San Diego, CA",263,3:58:30,9:06,M 40-44/47,M-42,241,3:58:41,53.79%
342,Kristin Sitarz,"Greenwich, CT",1522,3:58:34,9:06,F 18-24/6,F-19,101,3:58:46,56.92%
343,Diona Atkins,"Escondido, CA",1548,3:58:36,9:07,F 30-34/16,F-34,102,3:58:57,57.02%
344,Robert Beckmann,"Grand Rapids, MI",188,3:58:45,9:07,M 25-29/21,M-29,242,3:58:56,51.50%
345,Mitchell Summers,"Eastvale, CA",1223,3:58:47,9:07,M 40-44/48,M-44,243,3:58:56,54.62%
346,Stefanie Owczarczak,"Encinitas, CA",958,3:58:49,9:07,F 30-34/17,F-30,103,3:58:58,56.71%
347,Edwin Ettinghausen,"Wildomar, CA",1610,3:58:49,9:07,M 50-54/22,M-52,244,4:05:12,58.47%
348,Kylee Soto Molloy,"San Diego, CA",1194,3:58:51,9:07,F 25-29/23,F-29,104,3:59:06,56.70%
349,Vaughn Stakes,"San Diego, CA",1201,3:58:52,9:07,M 45-49/39,M-47,245,3:58:53,55.98%
350,Brennan Cox,"San Diego, CA",360,3:58:56,9:07,M 30-34/36,M-34,246,3:59:12,51.60%
351,Virginia Clay,"Fort Collins, CO",325,3:58:59,9:07,F 18-24/7,F-23,105,3:59:16,56.67%
352,Janet Chenier,"Del Mar, CA",312,3:59:00,9:07,F 55-59/3,F-59,106,3:59:16,72.59%
353,Rita Salem,"El Cajon, CA",1115,3:59:00,9:07,F 30-34/18,F-33,107,3:59:17,56.81%
354,Angeles Crowne,"San Diego, CA",366,3:59:03,9:08,F 45-49/14,F-48,108,3:59:22,62.84%
355,Mark Hanratty,"San Diego, CA",566,3:59:03,9:08,M 30-34/37,M-31,247,3:59:18,51.44%
356,Kay Reynolds,"Deer Park, WA",1054,3:59:03,9:08,F 50-54/2,F-54,109,3:59:40,67.80%
357,Kimberly Morseth,"Carlsbad, CA",1496,3:59:05,9:08,F 30-34/19,F-32,110,3:59:24,56.71%
358,Gerardo Berrelleza,"Spring Valley, CA",1410,3:59:11,9:08,M 45-49/40,M-45,248,3:59:27,54.98%
359,William Haffey,"Coronado, CA",1457,3:59:18,9:08,M 65-69/3,M-67,249,3:59:33,67.26%
360,John Henry Schroeder,"San Diego, CA",1135,3:59:23,9:08,M 25-29/22,M-28,250,3:59:36,51.36%
361,Oscar Lee,"Carlsbad, CA",731,3:59:28,9:08,M 25-29/23,M-26,251,3:59:38,51.35%
362,Guillermina Garcia,"Vista, CA",501,3:59:29,9:09,F 40-44/14,F-43,111,3:59:44,59.60%
363,Matthieu Czajkowski,"San Diego, CA",374,3:59:32,9:09,M 30-34/38,M-32,252,3:59:45,51.34%
364,Ann Herrin,"San Diego, CA",1565,3:59:38,9:09,F 50-54/3,F-52,112,3:59:53,65.90%
365,Monica Chapokas,"Carlsbad, CA",306,3:59:45,9:09,F 35-39/27,F-35,113,4:00:17,56.91%
366,Joseph Zeugschmidt,"San Diego, CA",1399,3:59:47,9:09,M 35-39/43,M-35,253,4:00:43,51.54%
367,Vanessa Kline,"Hesperia, CA",1469,3:59:48,9:09,F 30-34/20,F-33,114,4:00:02,56.62%
368,Lori Hansen,"Victorville, CA",1458,3:59:49,9:09,F 35-39/28,F-37,115,4:00:04,57.30%
369,Lauren Shrader,"San Diego, CA",1167,3:59:51,9:09,F 30-34/21,F-33,116,4:00:04,56.61%
370,Richard McKenna,"CA, ",831,4:00:04,9:10,M 55-59/17,M-55,254,4:00:43,59.75%
371,Johanna Arias,"Chula Vista, CA",144,4:00:10,9:10,F 30-34/22,F-33,117,4:00:33,56.53%
372,Richard Barajas,"La Mesa, CA",167,4:00:36,9:11,M 60-64/6,M-64,255,4:00:54,64.92%
373,Cecilia Mitchell,"Escondido, CA",862,4:01:00,9:12,F 30-34/23,F-31,118,4:01:05,56.21%
374,Monica Orozco,"Solana Beach, CA",951,4:01:09,9:12,F 45-49/15,F-45,119,4:01:41,60.27%
375,Jd Lima,"San Diego, CA",743,4:01:49,9:14,M 50-54/23,M-52,256,4:02:08,57.74%
376,David Durago,"Chula Vista, CA",1435,4:02:14,9:15,M 30-34/39,M-34,257,4:02:28,50.90%
377,Lawrence Loo,"San Gabriel, CA",759,4:02:28,9:15,M 40-44/49,M-41,258,4:02:53,52.51%
378,Alma Martinez,"San Diego, CA",1697,4:02:50,9:16,F 50-54/4,F-50,120,4:03:02,63.40%
379,Susy Gutierrez,"Murrieta, CA",1456,4:02:55,9:16,F 35-39/29,F-39,121,4:03:13,57.14%
380,Carmen Bravo,"Brawley, CA",236,4:02:56,9:16,F 30-34/24,F-33,122,4:03:02,55.89%
381,Aaron Harding,"San Diego, CA",569,4:02:58,9:16,M 45-49/41,M-49,259,4:03:11,55.99%
382,Amanda Gerber,"Oceanside, CA",508,4:02:58,9:16,F 30-34/25,F-31,123,4:03:21,55.75%
383,Ross Lacourt,"Oceanside, CA",710,4:03:01,9:17,M 25-29/24,M-29,260,4:03:05,50.60%
384,Nikon Chen,"San Diego, CA",309,4:03:07,9:17,F 30-34/26,F-32,124,4:03:28,55.77%
385,Kimberly Hooper,"Dana Point, CA",603,4:03:18,9:17,F 35-39/30,F-35,125,4:03:46,56.08%
386,Jessica Rush,"San Diego, CA",1106,4:03:29,9:18,F 35-39/31,F-37,126,4:03:29,56.44%
387,Lindy Merson,"San Diego, CA",850,4:03:45,9:18,F 40-44/15,F-42,127,4:04:09,58.09%
388,Karey Blascyk,"Ashland, WI",1412,4:03:54,9:19,F 35-39/32,F-36,128,4:04:14,56.13%
389,Branden Barnett,"Carlsbad, CA",171,4:03:57,9:19,M 30-34/40,M-31,261,4:04:47,50.40%
390,Bruna Mead,"Las Vegas, NV",837,4:04:12,9:19,F 35-39/33,F-36,129,4:04:25,56.06%
391,Scott Richardson,"Medford, NJ",1061,4:04:16,9:19,M 45-49/42,M-46,262,4:04:36,54.28%
392,Janet Green,"CA, ",540,4:04:20,9:20,F 60-64/1,F-61,130,4:04:38,73.07%
393,Alex Ainslie,"San Francisco, CA",112,4:04:24,9:20,M 25-29/25,M-26,263,4:04:45,50.31%
394,David Arias,"San Marcos, CA",143,4:04:25,9:20,M 60-64/7,M-60,264,4:04:47,61.48%
395,Pete Fregoso,"Agoura Hills, CA",481,4:04:39,9:20,M 50-54/24,M-50,265,4:05:03,56.08%
396,Zhu Huiyu,"Houston, TX",618,4:04:50,9:21,M 18-24/11,M-24,266,4:05:15,50.22%
397,Anthony Borjan,"Lemon Grove, CA",1602,4:04:55,9:21,M 25-29/26,M-28,267,4:04:59,50.20%
398,Karen Kemp,"Oceanside, CA",675,4:04:59,9:21,F 25-29/24,F-29,131,4:05:19,55.28%
399,Tim Gonyea,"South Rockwood, MI",525,4:05:06,9:21,M 55-59/18,M-55,268,4:05:18,58.52%
400,Brandon Huntley,"Chandler, AZ",620,4:05:08,9:21,M 40-44/50,M-44,269,4:05:32,53.21%
401,Andrew Bohnert,"Carlsbad, CA",213,4:05:24,9:22,M 40-44/51,M-44,270,4:05:34,53.15%
402,Bill Otto,"San Diego, CA",1505,4:06:16,9:24,M 65-69/4,M-67,271,4:06:32,65.36%
403,Dan Whitaker,"Auburn, WA",1335,4:06:19,9:24,M 50-54/25,M-53,272,4:07:12,57.19%
404,Justin Jones,"Fallbrook, CA",649,4:06:22,9:24,M 35-39/44,M-35,273,4:06:35,50.16%
405,Scott Thatcher,"San Marcos, CA",1242,4:06:26,9:24,M 45-49/43,M-45,274,4:06:34,53.36%
406,Robert Fell,"Oceanside, CA",453,4:06:38,9:25,M 35-39/45,M-37,275,4:07:16,50.45%
407,Allen Smith,"Anaheim, CA",1524,4:06:40,9:25,M 55-59/19,M-56,276,4:06:46,58.68%
408,Laura Boyd,"Solana Beach, CA",228,4:06:41,9:25,F 55-59/4,F-57,132,4:06:59,68.40%
409,Anirudh Garg,"San Diego, CA",1449,4:06:45,9:25,M 25-29/27,M-28,277,4:07:04,49.83%
410,Heidi Kelsch,"Phoenix, AZ",674,4:06:51,9:25,F 35-39/34,F-39,133,4:07:18,56.23%
411,John Bon,"La Jolla, CA",216,4:06:59,9:26,M 30-34/41,M-33,278,4:07:14,49.84%
412,Ricardo Leyva,"Lake Elsinore, CA",1482,4:07:10,9:26,M 40-44/52,M-40,279,4:07:54,51.16%
413,Phali Try,"Long Beach, CA",1532,4:07:17,9:26,M 30-34/42,M-31,280,4:07:31,49.72%
414,Loralyn Cross,"San Diego, CA",364,4:07:21,9:27,F 30-34/27,F-33,134,4:08:32,54.89%
415,Richard Fielding,"Chula Vista, CA",1607,4:07:25,9:27,M 55-59/20,M-55,281,4:07:47,57.98%
416,Christopher Garcia,"San Diego, CA",499,4:07:42,9:27,M 30-34/43,M-34,282,4:08:18,49.77%
417,Meca Francis Swanson,"San Diego, CA",474,4:07:43,9:27,F 40-44/16,F-44,135,4:10:10,58.12%
418,Luigi Delgado,"Alhambra, CA",397,4:07:45,9:27,M 25-29/28,M-29,283,4:08:35,49.63%
419,Sandra Moya,"San Diego, CA",1576,4:07:58,9:28,F 35-39/35,F-35,136,4:08:17,55.02%
420,Marina Field,"Chula Vista, CA",1559,4:07:59,9:28,F 40-44/17,F-44,137,4:08:14,58.06%
421,William Marder,"Hollister, CA",798,4:08:39,9:30,M 45-49/44,M-45,284,4:08:57,52.89%
422,Melanie Tyszkiewicz,"Carlsbad, CA",1275,4:08:45,9:30,F 35-39/36,F-38,138,4:09:08,55.51%
423,Emily Harris,"Charlestown, MA",573,4:08:54,9:30,F 35-39/37,F-39,139,4:09:12,55.76%
424,Gavin Huntley-Fenner,"Irvine, CA",621,4:08:55,9:30,M 50-54/26,M-50,285,4:09:13,55.12%
425,Ramiro Viramontes,"Long Beach, CA",1301,4:08:58,9:30,M 60-64/8,M-62,286,4:09:11,61.52%
426,Robert Wilson,"Haworth, NJ",1358,4:09:05,9:30,M 50-54/27,M-50,287,4:09:25,55.09%
427,Heather Faulkner,"Uncasville, CT",1440,4:09:08,9:31,F 30-34/28,F-30,140,4:09:26,54.36%
428,Tim Jones,"Portland, OR",655,4:09:14,9:31,M 50-54/28,M-51,288,4:09:28,55.53%
429,Denise Lynn Jones,"Portland, OR",648,4:09:15,9:31,F 45-49/16,F-49,141,4:09:28,61.01%
430,Carl Tsang,"Vista, CA",1271,4:09:21,9:31,M 30-34/44,M-31,289,4:09:27,49.31%
431,Helen Crutchfield,"Los Angeles, CA",367,4:09:24,9:31,F 40-44/18,F-44,142,4:09:33,57.73%
432,Andrew Arzate,"Fresno, CA",150,4:09:38,9:32,M 18-24/12,M-20,290,4:09:41,49.26%
433,Steve Lemig,"Arvada, CO",1480,4:09:43,9:32,M 40-44/53,M-40,291,4:10:09,50.63%
434,Richard Lai Fatt,"Encinitas, CA",712,4:09:46,9:32,M 55-59/21,M-58,292,4:10:28,59.03%
435,Nathanielle Carpenter,"Del Mar, CA",1552,4:09:51,9:32,M 25-29/29,M-29,293,4:10:31,49.21%
436,Jack Covalin,"San Diego, CA",358,4:09:57,9:32,M 40-44/54,M-43,294,4:10:21,51.75%
437,Megan Hebbe,"Boulder, CO",583,4:10:07,9:33,F 30-34/29,F-31,143,4:10:13,54.16%
438,Shelley Miller,"Yuma, AZ",856,4:10:09,9:33,F 40-44/19,F-43,144,4:10:34,57.06%
439,Ryan Bowers,"Fair Oaks, CA",225,4:10:12,9:33,M 30-34/45,M-31,295,4:10:28,49.14%
440,Hans Christiansen,"Valley Center, CA",318,4:10:14,9:33,M 50-54/29,M-53,296,4:11:13,56.30%
441,Steven Ricks,"Provo, UT",1062,4:10:16,9:33,M 45-49/45,M-45,297,4:10:49,52.55%
442,Keizo Amakawa,"Encinitas, CA",127,4:10:18,9:33,M 55-59/22,M-55,298,4:10:24,57.31%
443,Yelena Tatarintseva,"Rancho Palos Verdes, CA",1234,4:10:26,9:34,F 35-39/38,F-39,145,4:11:08,55.42%
444,Maggie Downer,"Seattle, WA",411,4:10:35,9:34,F 18-24/8,F-18,146,4:10:58,54.63%
445,Eric Grammel,"Los Angeles, CA",1608,4:10:50,9:34,M 45-49/46,M-49,299,4:11:07,54.23%
446,Abhijit Patil,"San Diego, CA",974,4:11:00,9:35,M 35-39/46,M-37,300,4:11:49,49.57%
447,Donald Simmons,"Coronado, CA",1600,4:11:05,9:35,M 45-49/47,M-49,301,4:11:13,54.18%
448,Jerry Navarro,"San Diego, CA",904,4:11:35,9:36,M 35-39/47,M-39,302,4:12:18,49.95%
449,Allison Keltner,"San Diego, CA",1467,4:11:46,9:37,F 25-29/25,F-28,147,4:12:02,53.79%
450,Dani Mathieu,"Solana Beach, CA",811,4:11:53,9:37,F 30-34/30,F-30,148,4:12:43,53.77%
451,Jen Aichelman,"San Diego, CA",111,4:12:12,9:38,F 30-34/31,F-34,149,4:12:37,53.95%
452,Timo Siltanen,"Pasadena, CA",1583,4:12:15,9:38,M 45-49/48,M-45,303,4:12:31,52.13%
453,Shaun Taylor,"La Mesa, CA",1236,4:12:16,9:38,M 35-39/48,M-36,304,4:12:50,49.13%
454,Elaine Lu,"Carlsbad, CA",768,4:12:24,9:38,F 40-44/20,F-41,150,4:12:38,55.69%
455,Matthew Wegrzyn,"San Diego, CA",1328,4:12:28,9:38,M 30-34/46,M-30,305,4:13:56,48.70%
456,Katherine-Marie Fixsen,"La Mesa, CA",1443,4:12:30,9:38,F 25-29/26,F-28,151,4:13:25,53.63%
457,Lori Panduro,"Escondido, CA",966,4:12:35,9:39,F 35-39/39,F-37,152,4:12:58,54.41%
458,Andrew Smisek,"San Diego, CA",1179,4:12:40,9:39,M 25-29/30,M-28,306,4:13:06,48.66%
459,Emily Arzate,"Albuquerque, NM",151,4:12:54,9:39,F 30-34/32,F-30,153,4:13:18,53.55%
460,Timothy Cohen,"Albuquerque, NM",331,4:12:58,9:39,M 50-54/30,M-51,307,4:13:22,54.71%
461,Grayson Marshall,"San Francisco, CA",802,4:13:13,9:40,M 30-34/47,M-31,308,4:13:32,48.56%
462,Stephanie Straka,"San Francisco, CA",1218,4:13:13,9:40,F 25-29/27,F-29,154,4:13:33,53.48%
463,Jarod Backens,"Del Mar, CA",161,4:13:16,9:40,M 18-24/13,M-24,309,4:13:38,48.55%
464,Ely Yaron,"Studio City, CA",1381,4:13:17,9:40,M 40-44/55,M-44,310,4:13:35,51.49%
465,Erika Capistran,"Fallbrook, CA",284,4:13:18,9:40,F 35-39/40,F-37,155,4:13:32,54.25%
466,Rosa Castro,"Chula Vista, CA",1417,4:13:20,9:40,F 40-44/21,F-44,156,4:13:43,56.83%
467,Tara Wilson,"Fort Worth, TX",1540,4:13:20,9:40,F 35-39/41,F-39,157,4:13:39,54.79%
468,Christopher Nardo,"Carlsbad, CA",898,4:13:24,9:40,M 50-54/31,M-50,311,4:13:43,54.15%
469,Michael Hartogs,"San Diego, CA",579,4:13:25,9:40,M 45-49/49,M-49,312,4:13:43,53.68%
470,Lisa Williams,"Harleysville, PA",1345,4:13:26,9:40,F 25-29/28,F-26,158,4:13:49,53.44%
471,Miguel Lopez,"San Diego, CA",1484,4:13:27,9:40,M 50-54/32,M-52,313,4:13:59,55.09%
472,Cara Bute,"El Cajon, CA",272,4:13:28,9:41,F 25-29/29,F-29,159,4:13:55,53.43%
473,Joann Nygard,"Carlsbad, CA",925,4:13:34,9:41,F 45-49/17,F-46,160,4:13:46,57.90%
474,Tatsuya Kato,"Imperial, CA",671,4:13:36,9:41,M 60-64/9,M-61,314,4:13:52,59.82%
475,Peter Woodson,"Coronado, CA",1368,4:13:41,9:41,M 45-49/50,M-48,315,4:13:57,53.16%
476,Janine Stassen,"Bend, OR",1205,4:13:43,9:41,F 35-39/42,F-38,161,4:14:03,54.42%
477,Jose Guerrero,"MX, ",1454,4:13:46,9:41,M 40-44/56,M-41,316,4:13:46,50.17%
478,Denisa Mault,"Evergreen, CO",813,4:13:58,9:42,F 40-44/22,F-40,162,4:14:07,54.98%
479,Michael Aragon,"Colorado Springs, CO",139,4:14:08,9:42,M 45-49/51,M-47,317,4:14:25,52.62%
480,Tingfang Ji,"San Diego, CA",639,4:14:10,9:42,M 40-44/57,M-41,318,4:14:28,50.09%
481,Meri Smalstig,"Huntington Beach, CA",1523,4:14:14,9:42,F 45-49/18,F-45,163,4:14:33,57.17%
482,Doug McKay,"Fullerton, CA",1492,4:14:14,9:42,M 45-49/52,M-48,319,4:14:33,53.05%
483,Victor Gamboa,"Vista, CA",494,4:14:28,9:43,M 25-29/31,M-28,320,4:14:59,48.32%
484,Edward Wang,"San Diego, CA",1315,4:14:49,9:44,M 50-54/33,M-50,321,4:15:08,53.85%
485,Jinming Xia,"Oceanside, CA",1374,4:14:51,9:44,M 45-49/53,M-49,322,4:15:09,53.37%
486,Josh Rosenbaum,"San Diego, CA",1096,4:14:53,9:44,M 30-34/48,M-33,323,4:15:10,48.29%
487,Carla Barnett,"Carlsbad, CA",172,4:14:59,9:44,F 50-54/5,F-54,164,4:15:16,63.56%
488,Ilian Moctezuma,"Coronado, CA",865,4:15:14,9:45,F 45-49/19,F-46,165,4:15:42,57.53%
489,Jill Willingham,"Vista, CA",1351,4:15:33,9:45,F 35-39/43,F-35,166,4:15:51,53.39%
490,Dave Blehm,"Monument, CO",208,4:15:36,9:45,M 55-59/23,M-57,324,4:15:48,57.15%
491,Ricardo Guzman,"Escondido, CA",555,4:15:49,9:46,M 25-29/32,M-26,325,4:18:09,48.06%
492,John Naslund,"Bloomington, MN",901,4:15:53,9:46,M 60-64/10,M-64,326,4:16:07,61.04%
493,Hunter Bodycott,"San Diego, CA",212,4:15:54,9:46,M 30-34/49,M-32,327,4:16:12,48.06%
494,Maria Horenstein,"San Diego, CA",607,4:15:56,9:46,F 45-49/20,F-45,167,4:16:16,56.79%
495,Tom Hall,"Carlsbad, CA",558,4:15:57,9:46,M 45-49/54,M-45,328,4:16:20,51.38%
496,Madison Thompkins,"Oceanside, CA",1246,4:16:09,9:47,M 18-24/14,M-24,329,4:16:21,48.00%
497,David Bork,"Carlsbad, CA",217,4:16:09,9:47,M 40-44/58,M-42,330,4:16:23,50.08%
498,Chris Schoeneck,"Carlsbad, CA",1130,4:16:13,9:47,M 25-29/33,M-29,331,4:16:33,47.99%
499,Luis Capistran,"Fallbrook, CA",285,4:16:17,9:47,M 35-39/49,M-39,332,4:16:32,49.04%
500,Briana Lopez,"Fallbrook, CA",761,4:16:22,9:47,F 25-29/30,F-25,168,4:16:52,52.82%
501,Donovan Roberts,"San Diego, CA",1074,4:16:25,9:47,M 35-39/50,M-39,333,4:16:57,49.01%
502,Brett Bookser,"San Diego, CA",1551,4:16:39,9:48,M 50-54/34,M-52,334,4:16:56,54.40%
503,Reid Hansen,"Peoria, IL",567,4:16:48,9:48,M 60-64/11,M-63,335,4:17:09,60.23%
504,Stephanie Frianela,"San Diego, CA",483,4:16:51,9:48,F 30-34/33,F-30,169,4:17:25,52.73%
505,Lauren Vincent,"La Jolla, CA",1298,4:16:51,9:48,F 25-29/31,F-29,170,4:17:36,52.73%
506,Cesar Leal,"MX, ",724,4:16:54,9:48,M 40-44/59,M-42,336,4:17:17,49.94%
507,Donald Sevesind,"Covina, CA",1148,4:16:56,9:48,M 40-44/60,M-40,337,4:17:22,49.21%
508,Theresa Perales,"La Jolla, CA",982,4:17:01,9:49,F 30-34/34,F-34,171,4:17:26,52.93%
509,Diana Ngo,"Artesia, CA",916,4:17:03,9:49,F 30-34/35,F-31,172,4:17:14,52.70%
510,Frederick Hanhauser,"Mission Viejo, CA",564,4:17:05,9:49,M 65-69/5,M-67,338,4:17:50,62.61%
511,Mark Santoro,"Playa Del Rey, CA",1124,4:17:16,9:49,M 55-59/24,M-57,339,4:17:35,56.78%
512,Antoinette Lucero,"Riverside, CA",769,4:17:41,9:50,F 45-49/21,F-45,173,4:18:20,56.40%
513,Katheryn Rendon,"Chino Hills, CA",1049,4:17:52,9:51,F 18-24/9,F-24,174,4:18:22,52.52%
514,Jackie Nguyen,"Fremont, CA",918,4:18:10,9:51,F 18-24/10,F-19,175,4:18:28,52.60%
515,Fariborz Assaderaghi,"Emerald Hills, CA",153,4:18:16,9:51,M 50-54/35,M-52,340,4:18:55,54.06%
516,Luis Cano,"Chula Vista, CA",282,4:18:18,9:52,M 35-39/51,M-36,341,4:18:37,47.98%
517,Shari Babin,"El Cajon, CA",159,4:18:32,9:52,F 35-39/44,F-38,176,4:19:22,53.41%
518,Steven Hemple,"Vista, CA",587,4:18:36,9:52,M 40-44/61,M-41,342,4:18:44,49.23%
519,Cori Tinaz,"Temecula, CA",1254,4:18:41,9:52,F 45-49/22,F-45,177,4:19:23,56.19%
520,Emma Jeter,"Temecula, CA",638,4:18:51,9:53,F 40-44/23,F-41,178,4:19:33,54.30%
521,Tanya Morgan,"Temecula, CA",878,4:18:52,9:53,F 40-44/24,F-44,179,4:19:33,55.62%
522,Welmer Alamo,"Carlsbad, CA",114,4:18:54,9:53,M 45-49/55,M-45,343,4:19:00,50.80%
523,Jeff Kimura,"Carlsbad, CA",682,4:18:55,9:53,M 50-54/36,M-51,344,4:19:01,53.46%
524,Chris Hughes,"CA, ",617,4:19:14,9:54,F 45-49/23,F-49,180,4:19:37,58.66%
525,Michele O'Brien,"Oro Valley, AZ",926,4:19:17,9:54,F 50-54/6,F-50,181,4:19:33,59.38%
526,Leticia Gonzalez,"Vista, CA",529,4:19:28,9:54,F 45-49/24,F-45,182,4:19:57,56.02%
527,Bryan Symons,"San Diego, CA",1229,4:19:32,9:54,M 55-59/25,M-55,345,4:19:38,55.27%
528,Annelies Paluso,"Washington, UT",964,4:19:46,9:55,F 45-49/25,F-49,183,4:20:09,58.54%
529,Debbie Zockoll,"St George, UT",1401,4:19:46,9:55,F 55-59/5,F-58,184,4:20:09,65.86%
530,Kelly Bruhn,"San Diego, CA",257,4:20:05,9:56,F 40-44/25,F-40,185,4:20:44,53.68%
531,Richelle Mancini,"El Cajon, CA",793,4:20:30,9:57,F 40-44/26,F-42,186,4:20:53,54.35%
532,Michelle Trott,"San Marcos, CA",1269,4:20:37,9:57,F 35-39/45,F-36,187,4:21:05,52.53%
533,Igor Dubrovsky,"Ladera Ranch, CA",417,4:20:44,9:57,M 35-39/52,M-39,346,4:21:15,48.20%
534,Kristin Guardado,"Chula Vista, CA",546,4:20:44,9:57,F 35-39/46,F-37,188,4:21:04,52.71%
535,Terriann Jui,"Chula Vista, CA",662,4:20:57,9:58,F 25-29/32,F-28,189,4:21:16,51.90%
536,Ali Purpera,"San Diego, CA",1022,4:21:03,9:58,F 30-34/36,F-30,190,4:21:26,51.88%
537,Olivier Guinard,"San Diego, CA",552,4:21:14,9:58,M 35-39/53,M-37,347,4:21:30,47.63%
538,Armando Benny,"San Diego, CA",193,4:21:15,9:58,M 45-49/56,M-45,348,4:21:55,50.34%
539,Chimei Fregoso,"Agoura Hills, CA",480,4:21:22,9:59,F 45-49/26,F-45,191,4:25:36,55.61%
540,Dana Harrison,"Oceanside, CA",577,4:21:29,9:59,F 40-44/27,F-41,192,4:21:49,53.75%
541,Long Cao,"San Diego, CA",283,4:21:30,9:59,M 35-39/54,M-35,349,4:22:25,47.26%
542,Jena Muhr,"Chino, CA",884,4:21:32,9:59,F 25-29/33,F-27,193,4:22:01,51.78%
543,Nicole Walton,"Oceanside, CA",1314,4:21:38,9:59,F 18-24/11,F-23,194,4:22:05,51.76%
544,Veronica Golub,"Lisle, IL",524,4:21:49,10:00,F 45-49/27,F-45,195,4:22:06,55.51%
545,Mark De Anda,"San Diego, CA",1425,4:22:16,10:01,M 30-34/50,M-30,350,4:22:48,46.88%
546,Courtney Welden,"La Mesa, CA",1538,4:22:32,10:01,F 30-34/37,F-31,196,4:23:01,51.60%
547,Jude Buquid,"Poway, CA",262,4:22:39,10:02,M 40-44/62,M-41,351,4:22:56,48.47%
548,Octavio Armas,"La Mesa, CA",145,4:22:52,10:02,M 50-54/37,M-54,352,4:22:58,54.07%
549,Cynthia Corona,"Coronado, CA",350,4:22:53,10:02,F 40-44/28,F-41,197,4:23:47,53.47%
550,Aaron Field,"San Diego, CA",457,4:23:05,10:03,M 30-34/51,M-33,353,4:24:08,46.79%
551,Jeffery Partain,"Vista, CA",971,4:23:07,10:03,M 45-49/57,M-45,354,4:23:20,49.98%
552,Hongder Lin,"La Mesa, CA",744,4:23:55,10:04,M 60-64/12,M-63,355,4:24:42,58.60%
553,Leigh Barlow,"Northport, AL",170,4:24:06,10:05,F 35-39/47,F-37,198,4:24:42,52.04%
554,Karen Falat,"Descanso, CA",442,4:24:11,10:05,F 35-39/48,F-38,199,4:24:43,52.26%
555,Danny Chang,"Santa Fe Springs, CA",1553,4:24:14,10:05,M 50-54/38,M-53,356,4:24:39,53.31%
556,Amy Warren,"San Diego, CA",1320,4:24:27,10:06,F 40-44/29,F-41,200,4:25:02,53.15%
557,Ashley Espinosa,"San Diego, CA",434,4:24:36,10:06,F 25-29/34,F-25,201,4:24:57,51.18%
558,Denise Walker,"Santee, CA",1309,4:24:41,10:06,F 50-54/7,F-54,202,4:25:02,61.23%
559,Wanshi Chen,"San Diego, CA",310,4:24:45,10:06,M 40-44/63,M-42,357,4:24:53,48.46%
560,Leticia Leano,"San Jose, CA",727,4:24:54,10:07,F 50-54/8,F-50,203,4:25:20,58.12%
561,Alicia Kobe,"Chesterton, IN",1470,4:25:00,10:07,F 35-39/49,F-36,204,4:25:36,51.66%
562,Rich Kraus,"Fallbrook, CA",703,4:25:17,10:08,M 55-59/26,M-55,358,4:27:57,54.07%
563,David Smith,"Encinitas, CA",1181,4:25:18,10:08,M 60-64/13,M-61,359,4:25:25,57.18%
564,Joy Delamaide Gasper,"San Diego, CA",393,4:25:21,10:08,F 30-34/38,F-31,205,4:25:43,51.05%
565,Blanca Zarate,"Chula Vista, CA",1392,4:25:22,10:08,F 45-49/28,F-45,206,4:26:06,54.77%
566,Grant Graber,"Carlsbad, CA",1452,4:25:25,10:08,M 45-49/58,M-46,360,4:25:55,49.96%
567,Kevin Kuper,"Anchorage, AK",1477,4:25:30,10:08,M 45-49/59,M-47,361,4:25:47,50.37%
568,Greg Robertson,"Alpine, CA",1077,4:25:34,10:08,M 40-44/64,M-44,362,4:26:25,49.11%
569,Scott Coe,"Portland, OR",330,4:25:50,10:09,M 55-59/27,M-58,363,4:26:02,55.46%
570,Lara Touryan-Whelan,"Oceanside, CA",1262,4:26:16,10:10,F 45-49/29,F-47,207,4:26:51,55.76%
571,Olivia Porciuncula,"Chula Vista, CA",1005,4:26:59,10:11,F 40-44/30,F-44,208,4:28:17,53.93%
572,Eszter Szatmary,"San Diego, CA",1530,4:27:08,10:12,F 35-39/50,F-39,209,4:27:47,51.96%
573,Chaz Fitzhugh,"Woodland Hills, CA",1442,4:27:09,10:12,M 55-59/28,M-59,364,4:27:33,55.72%
574,Aurora Vargas,"Oceanside, CA",1282,4:27:27,10:13,F 30-34/39,F-34,210,4:27:42,50.87%
575,Timmy Forney,"El Cajon, CA",470,4:27:35,10:13,M 50-54/39,M-50,365,4:28:03,51.28%
576,Jennifer Cosco,"Carlsbad, CA",354,4:27:59,10:14,F 30-34/40,F-30,211,4:28:17,50.53%
577,Judy Nishi,"San Diego, CA",920,4:28:02,10:14,F 50-54/9,F-54,212,4:28:40,60.47%
578,Iris Antunez,"Vista, CA",137,4:28:06,10:14,F 25-29/35,F-28,213,4:28:40,50.51%
579,Lorin Birmingham,"Carlsbad, CA",206,4:28:15,10:14,F 50-54/10,F-52,214,4:28:36,58.87%
580,Kristi Kienborts,"Tigard, OR",679,4:28:24,10:15,F 35-39/51,F-36,215,4:28:42,51.00%
581,Aki Hoshi,"Irvine, CA",610,4:28:53,10:16,F 45-49/30,F-47,216,4:28:58,55.21%
582,Angie Fetrow,"Escondido, CA",456,4:29:03,10:16,F 45-49/31,F-48,217,4:29:26,55.83%
583,Jodie Grenier,"Carlsbad, CA",1453,4:29:21,10:17,F 30-34/41,F-32,218,4:29:25,50.33%
584,Zhang Chao,"Houston, TX",304,4:29:27,10:17,M 25-29/34,M-26,366,4:29:48,45.63%
585,Andrea Dorris,"San Diego, CA",410,4:29:48,10:18,F 30-34/42,F-31,219,4:29:59,50.21%
586,Ron Yarnall,"San Diego, CA",1380,4:29:56,10:18,M 60-64/14,M-60,367,4:30:20,55.67%
587,Wayne Reisberg,"South Burlington, VT",1048,4:29:57,10:18,M 45-49/60,M-47,368,4:30:21,49.54%
588,Rene Velazco,"Perris, CA",1288,4:30:01,10:18,M 40-44/65,M-40,369,4:30:42,46.83%
589,Tiffanie Cortez,"Los Angeles, CA",352,4:30:05,10:19,F 18-24/12,F-23,220,4:30:20,50.14%
590,Sara Gillette,"Encinitas, CA",515,4:30:07,10:19,F 30-34/43,F-30,221,4:30:23,50.14%
591,Damian Piza,"Chula Vista, CA",998,4:30:09,10:19,M 35-39/55,M-39,370,4:31:25,46.52%
592,Sandra Vivas,"San Diego, CA",1535,4:30:22,10:19,F 40-44/31,F-40,222,4:30:44,51.64%
593,Linda Price,"Laguna Niguel, CA",1509,4:30:22,10:19,F 35-39/52,F-35,223,4:30:44,50.47%
594,Sean Hamm,"Encinitas, CA",560,4:30:39,10:20,M 40-44/66,M-44,371,4:31:21,48.19%
595,Brady Porter,"Eastvale, CA",1006,4:30:49,10:20,M 35-39/56,M-37,372,4:31:16,45.94%
596,Catie Neumann,"Schaumburg, IL",912,4:30:57,10:21,F 30-34/44,F-31,224,4:31:00,49.99%
597,Reyna Rodriguez Valencia,"Oceanside, CA",1086,4:31:20,10:21,F 30-34/45,F-33,225,4:31:52,50.04%
598,John Merson,"Thorntown, IN",849,4:31:22,10:21,M 55-59/29,M-56,373,4:31:50,53.34%
599,Guillermo Ramirez,"San Diego, CA",1032,4:31:26,10:22,M 50-54/40,M-54,374,4:32:08,52.37%
600,Raymond Macavinta,"Pleasant Hill, CA",779,4:31:27,10:22,M 45-49/61,M-46,375,4:32:16,48.85%
601,Geraldine Evans,"Chula Vista, CA",435,4:31:31,10:22,F 35-39/53,F-36,226,4:32:31,50.42%
602,Robin Gilbert,"Caldwell, ID",1451,4:31:36,10:22,F 55-59/6,F-57,227,4:31:50,62.12%
603,Shaun Olson,"Murrieta, CA",1504,4:31:38,10:22,M 30-34/52,M-31,376,4:32:05,45.27%
604,Amanda Howard,"Carlsbad, CA",612,4:32:03,10:23,F 18-24/13,F-24,228,4:32:44,49.78%
605,Hung Vo,"San Diego, CA",1303,4:32:10,10:23,M 45-49/62,M-45,377,4:32:30,48.32%
606,Cliff Boyles,"San Diego, CA",230,4:32:10,10:23,M 35-39/57,M-38,378,4:32:43,45.92%
607,Kris Ressler,"San Diego, CA",1051,4:32:20,10:24,F 50-54/11,F-52,229,4:32:48,57.98%
608,Edward Redikop,"Oceanside, CA",1039,4:32:26,10:24,M 40-44/67,M-41,379,4:33:32,46.73%
609,Derek Gonzales,"San Marcos, CA",526,4:32:40,10:24,M 35-39/58,M-35,380,4:33:00,45.32%
610,Rosa Maria Garcia,"Chula Vista, CA",1695,4:33:01,10:25,F 50-54/12,F-52,230,4:33:25,57.84%
611,James Sherrard,"San Diego, CA",1160,4:33:20,10:26,M 50-54/41,M-53,381,4:34:13,51.54%
612,Lauren Accola,"San Clemente, CA",102,4:33:28,10:26,F 18-24/14,F-22,231,4:33:50,49.52%
613,Ulrike Strasser,"San Diego, CA",1219,4:33:43,10:27,F 50-54/13,F-50,232,4:34:04,56.25%
614,Alyssa Vasquez,"La Jolla, CA",1284,4:33:54,10:27,F 25-29/36,F-25,233,4:34:33,49.44%
615,Khalil Ashtari,"San Diego, CA",1406,4:34:01,10:28,M 60-64/15,M-62,382,4:34:40,55.89%
616,Peter Le,"San Diego, CA",1479,4:34:06,10:28,M 40-44/68,M-44,383,4:34:22,47.58%
617,Lynda Chang,"San Diego, CA",303,4:34:22,10:28,F 35-39/54,F-39,234,4:34:42,50.59%
618,Oscar Sainz,"Chula Vista, CA",1112,4:34:40,10:29,M 40-44/69,M-41,384,4:34:56,46.35%
619,Bennett Samson,"West Hollywood, CA",1580,4:34:44,10:29,M 55-59/30,M-55,385,4:35:21,52.21%
620,Shannon Rodrigue,"Encinitas, CA",1081,4:34:55,10:30,F 40-44/32,F-41,235,4:36:09,51.13%
621,Judith Akida,"Riverside, CA",1546,4:34:58,10:30,F 35-39/55,F-35,236,4:35:40,49.62%
622,Brooke Schoenen,"San Diego, CA",1131,4:35:03,10:30,F 35-39/56,F-35,237,4:35:29,49.61%
623,Ricardo Sanchez,"Chula Vista, CA",1581,4:36:02,10:32,M 45-49/63,M-45,386,4:36:51,47.64%
624,Kris Falkengren,"Palmdale, CA",443,4:36:08,10:32,F 01-17/1,F-17,238,4:36:33,50.25%
625,Makgoale Magwentshu,"Carlsbad, CA",1604,4:36:30,10:33,F 40-44/33,F-42,239,4:36:41,51.21%
626,Jamey Osborn,"Chula Vista, CA",952,4:36:38,10:34,F 30-34/46,F-33,240,4:36:58,49.08%
627,Maeve Anderson,"Seattle, WA",133,4:36:42,10:34,F 01-17/2,F-17,241,4:39:33,50.15%
628,Juan Valdes-Garcia,"San Diego, CA",1587,4:36:43,10:34,M 25-29/35,M-29,387,4:37:21,44.43%
629,Lauren Macmanus,"Carlsbad, CA",781,4:36:44,10:34,F 30-34/47,F-34,242,4:40:21,49.17%
630,Craig Mischler,"Las Cruces, NM",861,4:36:47,10:34,M 40-44/70,M-40,388,4:37:13,45.68%
631,Launa Cornell,"San Marcos, CA",349,4:37:05,10:35,F 40-44/34,F-43,243,4:37:53,51.51%
632,Paul Culver,"Carlsbad, CA",372,4:37:24,10:35,M 40-44/71,M-43,389,4:37:38,46.63%
633,Gemma Frulla,"Escondido, CA",486,4:37:35,10:36,F 50-54/14,F-50,244,4:38:07,55.46%
634,Matthew Spire,"Valley Center, CA",1197,4:37:56,10:37,M 30-34/53,M-30,390,4:38:00,44.24%
635,Hank Donigan,"Fallbrook, CA",409,4:38:13,10:37,M 55-59/31,M-59,391,4:38:40,53.50%
636,Kimberly Guillen,"Oceanside, CA",551,4:38:18,10:37,F 35-39/57,F-39,245,4:38:41,49.87%
637,Milo Johnston,"San Diego, CA",645,4:38:22,10:38,M 40-44/72,M-40,392,4:39:01,45.42%
638,Kevin Robinson,"San Diego, CA",1079,4:38:35,10:38,M 35-39/59,M-39,393,4:39:50,45.11%
639,Sherry Mahoney,"CA, ",788,4:38:36,10:38,F 50-54/15,F-50,246,4:38:59,55.26%
640,Jon Mahoney,"CA, ",787,4:38:36,10:38,M 60-64/16,M-62,394,4:39:00,54.97%
641,Sandy White,"Tucson, AZ",1336,4:38:38,10:38,F 50-54/16,F-52,247,4:38:54,56.67%
642,Perla Chavira,"Hemet, CA",308,4:38:39,10:38,F 35-39/58,F-36,248,4:38:46,49.13%
643,Grace Mak,"Temple City, CA",789,4:38:39,10:38,F 35-39/59,F-36,249,4:39:04,49.13%
644,Thomasina Griffiths,"La Mesa, CA",542,4:38:48,10:38,F 40-44/35,F-42,250,4:39:19,50.79%
645,Tiffany Jessen,"San Diego, CA",637,4:39:11,10:39,F 18-24/15,F-22,251,4:39:46,48.51%
646,Maureen Anderson,"Seattle, WA",134,4:39:11,10:39,F 50-54/17,F-50,252,4:39:34,55.15%
647,Jen Brown,"Chula Vista, CA",1415,4:39:16,10:40,F 30-34/48,F-31,253,4:40:07,48.50%
648,Anna Stepanenko,"San Diego, CA",1213,4:39:16,10:40,F 40-44/36,F-43,254,4:39:40,51.11%
649,Casey Gini,"Santee, CA",516,4:39:16,10:40,M 45-49/64,M-46,395,4:39:57,47.48%
650,Kailene Gini,"Santee, CA",517,4:39:16,10:40,F 18-24/16,F-21,255,4:39:57,48.49%
651,Cecelia Csaftis,"Carlsbad, CA",1423,4:39:23,10:40,F 35-39/60,F-36,256,4:39:44,49.00%
652,Ren Tanaka,"San Diego, CA",1232,4:39:48,10:41,M 25-29/36,M-29,396,4:40:25,43.94%
653,Justin Eisenman,"La Mesa, CA",428,4:39:48,10:41,M 30-34/54,M-33,397,4:40:03,43.99%
654,Dennis Michael,"San Diego, CA",1595,4:40:01,10:41,M 60-64/17,M-62,398,4:41:40,54.70%
655,Lloyd Mills,"San Diego, CA",858,4:40:01,10:41,M 45-49/65,M-49,399,4:40:16,48.58%
656,Kameron Wong,"Poway, CA",1364,4:40:04,10:41,M 50-54/42,M-50,400,4:40:26,48.99%
657,Matt Brown,"Chula Vista, CA",253,4:40:11,10:42,M 45-49/66,M-46,401,4:40:59,47.32%
658,Kara O'Connor,"Oakland, CA",927,4:40:38,10:43,F 18-24/17,F-21,257,4:41:18,48.26%
659,Jackson Chia,"San Gabriel, CA",314,4:40:38,10:43,M 45-49/67,M-45,402,4:41:07,46.86%
660,Jonathan Powers,"San Francisco, CA",1010,4:40:39,10:43,M 30-34/55,M-32,403,4:40:59,43.82%
661,Kurt Sorensen,"Yucca Valley, CA",1191,4:40:46,10:43,M 25-29/37,M-28,404,4:40:59,43.79%
662,Kim Grant,"San Diego, CA",538,4:40:57,10:43,F 45-49/32,F-47,258,4:41:18,52.84%
663,Heidi Burnell,"San Marcos, CA",268,4:40:58,10:43,F 35-39/61,F-39,259,4:41:53,49.40%
664,Ralph Guerrero,"Bonsall, CA",549,4:41:12,10:44,M 55-59/32,M-59,405,4:41:28,52.93%
665,Heather Vorwerck,"San Diego, CA",1305,4:41:15,10:44,F 35-39/62,F-38,260,4:42:01,49.09%
666,Veronica Anzaldo,"San Marcos, CA",138,4:41:17,10:44,F 30-34/49,F-30,261,4:41:43,48.15%
667,Susan Landolt,"Escondido, CA",716,4:41:23,10:44,F 30-34/50,F-34,262,4:41:47,48.35%
668,Sherry Shay,"Pocatello, ID",1157,4:41:31,10:45,F 50-54/18,F-50,263,4:42:26,54.69%
669,Erin Scott,"San Diego, CA",1138,4:41:31,10:45,F 18-24/18,F-23,264,4:42:26,48.11%
670,Stephanie Korszen,"San Diego, CA",698,4:41:37,10:45,F 25-29/37,F-26,265,4:41:57,48.09%
671,Dorothy Korszen,"Englewood, FL",697,4:41:37,10:45,F 55-59/7,F-56,266,4:41:58,59.10%
672,Charlie Itchko,"San Diego, CA",627,4:41:39,10:45,M 60-64/18,M-60,406,4:41:47,53.35%
673,Bryana Eastman,"Ewa Beach, HI",1437,4:41:39,10:45,F 25-29/38,F-26,267,4:42:19,48.08%
674,Kelly Medvec,"Tucson, AZ",841,4:41:46,10:45,F 40-44/37,F-40,268,4:42:13,49.55%
675,Lisa Miller,"Seattle, WA",855,4:41:46,10:45,F 35-39/63,F-36,269,4:42:14,48.58%
676,Juan Cruz,"San Diego, CA",369,4:41:49,10:45,M 50-54/43,M-50,407,4:42:30,48.69%
677,Armen Anassian,"Burbank, CA",129,4:41:52,10:45,M 50-54/44,M-51,408,4:48:53,49.10%
678,Henry Lundy,"Hemet, CA",1486,4:41:54,10:46,M 40-44/73,M-42,409,4:42:25,45.51%
679,Jeffrey Check,"Carlsbad, CA",1555,4:42:03,10:46,M 25-29/38,M-26,410,4:42:15,43.59%
680,Jason Check,"Carlsbad, CA",1554,4:42:03,10:46,M 30-34/56,M-33,411,4:42:14,43.64%
681,Kim Blehm,"Monument, CO",209,4:42:06,10:46,F 45-49/33,F-49,270,4:42:18,53.90%
682,Kristina Rodriguez,"San Diego, CA",1084,4:42:08,10:46,F 25-29/39,F-25,271,4:42:31,48.00%
683,Steven Daniel,"Escondido, CA",380,4:42:18,10:47,M 50-54/45,M-51,412,4:42:43,49.03%
684,Linda Hayes,"Reno, NV",1460,4:42:21,10:47,F 50-54/19,F-54,272,4:42:45,57.40%
685,Shangrila Rendon,"Pasadena, CA",1510,4:42:22,10:47,F 30-34/51,F-33,273,4:42:45,48.08%
686,Kyle Smith,"Solana Beach, CA",1182,4:42:22,10:47,M 30-34/57,M-31,413,4:42:45,43.55%
687,Anthony Bussen,"Vista, CA",271,4:42:29,10:47,M 30-34/58,M-33,414,4:42:47,43.57%
688,Jennifer Famiglietti,"Lexington, MA",444,4:42:29,10:47,F 40-44/38,F-42,274,4:42:32,50.12%
689,Christina Cosentino,"Poway, CA",355,4:42:34,10:47,F 18-24/19,F-22,275,4:42:42,47.93%
690,Jaime Marie Pinckard,"Murrieta, CA",997,4:42:42,10:47,F 18-24/20,F-24,276,4:43:22,47.90%
691,Hector Pulido,"Colton, CA",1021,4:43:03,10:48,M 35-39/60,M-38,415,4:44:03,44.16%
692,Brien Dodd,"Orange, CA",407,4:43:05,10:48,M 55-59/33,M-58,416,4:43:35,52.08%
693,Michelle Ragsdale,"San Diego, CA",1030,4:43:09,10:48,F 35-39/64,F-38,277,4:43:29,48.76%
694,Steve Conner,"San Diego, CA",1422,4:43:21,10:49,M 60-64/19,M-64,417,4:43:48,55.12%
695,Regina Peters,"San Diego, CA",1507,4:43:22,10:49,F 50-54/20,F-50,278,4:43:48,54.33%
696,Lennard Ordinario,"La Mesa, CA",948,4:43:29,10:49,M 35-39/61,M-37,418,4:43:50,43.89%
697,Craig Price,"San Diego, CA",1017,4:43:34,10:49,M 30-34/59,M-31,419,4:44:13,43.36%
698,Jezer Manalastas,"San Diego, CA",792,4:43:45,10:50,M 30-34/60,M-33,420,4:44:26,43.38%
699,Christina Vineyard,"Poway, CA",1300,4:43:52,10:50,F 45-49/34,F-49,279,4:47:25,53.57%
700,Claudia Roedl,"Scottsdale, AZ",1514,4:44:05,10:51,F 50-54/21,F-50,280,4:44:30,54.20%
701,Brianne Martinez,"Chula Vista, CA",807,4:44:11,10:51,F 25-29/40,F-29,281,4:45:06,47.65%
702,Eva Oostburg,"Chula Vista, CA",947,4:44:18,10:51,F 40-44/39,F-44,282,4:45:17,50.64%
703,Tomoko McGrew,"El Cajon, CA",826,4:44:23,10:51,F 40-44/40,F-43,283,4:45:09,50.19%
704,Monika Jara,"San Diego, CA",633,4:44:25,10:51,F 35-39/65,F-36,284,4:45:06,48.13%
705,Jeff Barnett,"Ann Arbor, MI",173,4:44:34,10:52,M 55-59/34,M-59,421,4:44:59,52.30%
706,Murray Fox,"CA, ",1444,4:44:35,10:52,M 55-59/35,M-59,422,4:44:57,52.30%
707,Noel Garibay,"Escondido, CA",505,4:44:38,10:52,M 40-44/74,M-44,423,4:45:11,45.82%
708,Kelly Roberts,"Oceanside, CA",1512,4:44:39,10:52,F 45-49/35,F-46,285,4:44:52,51.58%
709,Juliann Gonzales,"Chula Vista, CA",527,4:45:03,10:53,F 30-34/52,F-31,286,4:45:54,47.52%
710,Nana Kay Burkhart,"Vista, CA",267,4:45:04,10:53,F 25-29/41,F-25,287,4:45:11,47.51%
711,Jennifer Gill,"San Marcos, CA",514,4:45:16,10:53,F 35-39/66,F-39,288,4:46:04,48.65%
712,Kayleen Kavanagh,"Glendale, CA",673,4:45:26,10:54,F 30-34/53,F-31,289,4:50:30,47.46%
713,Kathleen Walker,"Orange, CA",1310,4:45:27,10:54,F 40-44/41,F-41,290,4:45:35,49.24%
714,Pascale Ngo,"Artesia, CA",917,4:45:28,10:54,F 25-29/42,F-27,291,4:46:06,47.44%
715,Catherine O'Leary,"Durham, NH",931,4:45:44,10:54,F 30-34/54,F-34,292,4:46:28,47.62%
716,Robin O'Connell,"Mesa, AZ",936,4:45:57,10:55,F 35-39/67,F-39,293,4:46:27,48.54%
717,Cliff Clemente,"San Diego, CA",329,4:46:02,10:55,M 35-39/62,M-38,424,4:46:22,43.70%
718,Yvonne Meulemans,"Encinitas, CA",851,4:46:06,10:55,F 35-39/68,F-38,294,4:46:21,48.26%
719,Danilo Bautista,"San Diego, CA",185,4:46:08,10:55,M 50-54/46,M-51,425,4:47:05,48.37%
720,Kevin Aubel,"Carlsbad, CA",155,4:46:15,10:56,M 45-49/68,M-45,426,4:46:46,45.94%
721,Grzegorz Kolodko,"PL, ",692,4:46:18,10:56,M 65-69/6,M-65,427,4:46:25,55.10%
722,Greg Uruburu,"Encinitas, CA",1279,4:46:24,10:56,M 30-34/61,M-33,428,4:47:01,42.98%
723,Michael Noble,"San Diego, CA",1501,4:46:29,10:56,M 40-44/75,M-41,429,4:47:17,44.44%
724,David Wernick,"Los Angeles, CA",1331,4:46:32,10:56,M 25-29/39,M-27,430,4:46:47,42.91%
725,Jill Gerber,"San Diego, CA",509,4:46:38,10:56,F 30-34/55,F-31,295,4:47:16,47.26%
726,Tracey Rowley,"Tucson, AZ",1099,4:46:49,10:57,F 45-49/36,F-46,296,4:47:17,51.19%
727,Mirna Zatarain-Beckwith,"Chula Vista, CA",1544,4:46:49,10:57,F 45-49/37,F-45,297,4:47:49,50.67%
728,Bill Fitzsimmons,"Encinitas, CA",463,4:47:06,10:57,M 35-39/63,M-36,431,4:48:03,43.17%
729,Chris Leano,"San Jose, CA",726,4:47:08,10:58,M 50-54/47,M-51,432,4:47:34,48.20%
730,Robert Barbier,"Perris, CA",168,4:47:09,10:58,M 35-39/64,M-37,433,4:47:49,43.33%
731,Dean Yasutomi,"San Marcos, CA",1383,4:47:25,10:58,M 50-54/48,M-54,434,4:47:55,49.45%
732,Diana Field,"San Marcos, CA",1441,4:47:55,10:59,F 60-64/2,F-60,298,4:48:47,61.11%
733,Daniel Oliver,"Encinitas, CA",941,4:47:59,11:00,M 75-79/1,M-76,435,4:48:31,62.67%
734,Andrea Garro,"Escondido, CA",507,4:48:09,11:00,F 35-39/69,F-38,299,4:48:39,47.92%
735,Suzanne Nester,"Bothell, WA",910,4:48:48,11:01,F 45-49/38,F-48,300,4:49:40,52.01%
736,Frank Sison,"Mission Viejo, CA",1174,4:49:15,11:02,M 40-44/76,M-43,436,4:49:50,44.72%
737,Hannah Dollete,"Vista, CA",1557,4:49:51,11:04,F 30-34/56,F-31,301,4:50:38,46.73%
738,Michelle Bacardi,"San Marcos, CA",160,4:50:01,11:04,F 40-44/42,F-42,302,4:50:24,48.82%
739,Abel Martinez,"Escondido, CA",806,4:50:02,11:04,M 35-39/65,M-39,437,4:50:45,43.33%
740,Kristi Nevarez,"San Diego, CA",913,4:50:05,11:04,F 40-44/43,F-40,303,4:50:50,48.13%
741,Earl Carrasco,"Glendale, CA",290,4:50:05,11:04,M 30-34/62,M-33,438,4:50:31,42.43%
742,Sai Varanasi,"Boulder, CO",1588,4:50:53,11:06,M 40-44/77,M-42,439,4:50:57,44.10%
743,Kimberly Daubert,"Fogelsville, PA",384,4:51:16,11:07,F 45-49/39,F-46,304,4:51:44,50.41%
744,Linda Stefanoff,"Moreno Valley, CA",1208,4:51:29,11:08,F 50-54/22,F-50,305,4:52:11,52.82%
745,Esperanza Lomeli,"San Diego, CA",757,4:51:46,11:08,F 50-54/23,F-54,306,4:52:24,55.55%
746,Erin Jolk,"San Diego, CA",646,4:51:48,11:08,F 18-24/21,F-24,307,4:52:25,46.41%
747,Jim Dixon,"Irvine, CA",405,4:51:52,11:08,M 55-59/36,M-59,440,4:52:14,50.99%
748,Heather Ekola,"Springboro, OH",429,4:51:53,11:08,F 35-39/70,F-35,308,4:52:16,46.75%
749,Suzanne Kairy,"Las Vegas, NV",1464,4:51:57,11:09,F 45-49/40,F-49,309,4:52:10,52.08%
750,Kiyen Williams,"San Diego, CA",1344,4:51:59,11:09,F 40-44/44,F-42,310,4:52:44,48.49%
751,Ina Deras,"San Diego, CA",398,4:52:25,11:10,F 45-49/41,F-47,311,4:53:05,50.77%
752,Michael Deras,"San Diego, CA",399,4:52:26,11:10,M 45-49/69,M-46,441,4:53:07,45.34%
753,Joan Wilson,"Haworth, NJ",1357,4:52:51,11:11,F 45-49/42,F-47,312,4:53:11,50.69%
754,Kevin Bowen,"Woodinville, WA",223,4:52:53,11:11,M 40-44/78,M-43,442,4:53:23,44.16%
755,Ellie Serras,"Ann Arbor, MI",1145,4:52:53,11:11,F 65-69/1,F-65,313,4:53:18,64.71%
756,Nashieli Reyes,"Escondido, CA",1053,4:53:05,11:11,F 25-29/43,F-28,314,4:53:32,46.21%
757,Adela Medina,"Santee, CA",840,4:53:13,11:11,F 45-49/43,F-46,315,4:54:00,50.07%
758,Mary Gorsuch,"Escondido, CA",531,4:53:14,11:12,F 55-59/8,F-57,316,4:53:36,57.54%
759,Ray Sanz,"San Diego, CA",1125,4:53:15,11:12,M 40-44/79,M-44,443,4:54:00,44.48%
760,Nadirah Nayo,"Pasadena, CA",907,4:53:17,11:12,F 45-49/44,F-47,317,4:54:02,50.62%
761,Mythili Srinivasan,"Rochester, MI",1199,4:53:19,11:12,F 55-59/9,F-55,318,4:53:47,55.99%
762,Ricky Moreno,"Coronado, CA",876,4:53:31,11:12,M 35-39/66,M-36,444,4:54:13,42.22%
763,Jackie Lease,"Chula Vista, CA",728,4:53:35,11:12,F 30-34/57,F-32,319,4:54:34,46.18%
764,Tim Meador,"Stillwater, MN",1494,4:53:39,11:12,M 50-54/49,M-52,445,4:54:13,47.55%
765,Jack O'Neil,"Carlsbad, CA",932,4:53:40,11:13,M 50-54/50,M-53,446,4:54:12,47.97%
766,Perla Galvez,"Escondido, CA",493,4:53:44,11:13,F 30-34/58,F-31,320,4:54:12,46.12%
767,Jean-Charles Cailliez,"FR, ",276,4:53:44,11:13,M 50-54/51,M-52,447,4:53:54,47.53%
768,Merlin Bozone,"San Diego, CA",232,4:53:54,11:13,M 50-54/52,M-54,448,4:54:12,48.36%
769,Matthew Bozone,"San Diego, CA",231,4:53:57,11:13,M 01-17/2,M-17,449,4:54:15,42.18%
770,Christopher Harrison,"San Diego, CA",576,4:54:06,11:14,M 40-44/80,M-42,450,4:54:25,43.62%
771,J Taniguch,"Huntington Beach, CA",1233,4:54:19,11:14,M 55-59/37,M-55,451,4:55:36,48.74%
772,Summer Sweeney,"Santee, CA",1228,4:54:25,11:14,F 40-44/45,F-40,321,4:55:05,47.42%
773,Marie Boudreau-Ninkov,"Rochester, NY",221,4:54:42,11:15,F 50-54/24,F-53,322,4:55:06,54.28%
774,Ferdinand Scholz,"Santee, CA",1133,4:54:45,11:15,M 55-59/38,M-55,452,4:55:46,48.67%
775,Jeanne Mogauro,"Pittsford, NY",869,4:54:45,11:15,F 45-49/45,F-48,323,4:55:09,50.96%
776,Steven Collins,"San Diego, CA",334,4:54:49,11:15,M 30-34/63,M-31,453,4:55:45,41.71%
777,Greg Otto,"Escondido, CA",956,4:54:51,11:15,M 45-49/70,M-48,454,4:55:09,45.74%
778,Sara Otto,"Carlsbad, CA",957,4:54:55,11:15,F 35-39/71,F-38,324,4:55:28,46.82%
779,Steve Clark,"Costa Mesa, CA",324,4:55:06,11:16,M 60-64/20,M-63,455,4:55:44,52.41%
780,Emily Constantini,"Encinitas, CA",341,4:55:06,11:16,F 35-39/72,F-37,325,4:55:59,46.57%
781,Gail Root,"Rancho Santa Fe, CA",1094,4:55:09,11:16,F 60-64/3,F-63,326,4:56:05,62.29%
782,John Konno,"San Diego, CA",1472,4:55:29,11:17,M 35-39/67,M-38,456,4:56:22,42.30%
783,Lisa Reid,"Bothell, WA",1045,4:55:34,11:17,F 45-49/46,F-49,327,4:56:27,51.45%
784,William Scott,"Stanwood, WA",1140,4:55:34,11:17,M 50-54/53,M-53,457,4:56:28,47.66%
785,Chul Hyun,"Palisades, NY",624,4:55:37,11:17,M 60-64/21,M-60,458,4:56:14,50.83%
786,Alan Dean,"Crestview, FL",1428,4:56:12,11:18,M 50-54/54,M-51,459,4:56:36,46.73%
787,Joseph S Rhee,"Cerritos, CA",1055,4:56:47,11:20,M 40-44/81,M-44,460,4:57:06,43.95%
788,John Pang,"Rowland Heights, CA",967,4:56:57,11:20,M 55-59/39,M-57,461,4:57:12,49.19%
789,Cyndee Kane,"San Diego, CA",669,4:57:03,11:20,F 45-49/47,F-45,328,4:57:36,48.93%
790,Tamara Sue Hlavaty,"North Platte, NE",595,4:57:10,11:21,F 55-59/10,F-55,329,4:58:05,55.26%
791,Anne Clifford,"Denville, NJ",1421,4:57:24,11:21,F 30-34/59,F-31,330,4:57:51,45.55%
792,Vaughan Watson,"Encinitas, CA",1326,4:57:25,11:21,M 45-49/71,M-49,462,4:57:52,45.74%
793,Hao Wang,"San Diego, CA",1316,4:57:26,11:21,M 40-44/82,M-42,463,4:57:59,43.13%
794,Trang Pham,"San Diego, CA",988,4:57:29,11:21,F 18-24/22,F-21,331,4:58:11,45.52%
795,Dianne Area,"Santa Ana, CA",1405,4:57:30,11:21,F 55-59/11,F-55,332,4:58:33,55.20%
796,Stephanie Olson,"San Diego, CA",944,4:57:38,11:22,F 25-29/44,F-25,333,4:58:14,45.50%
797,Christina Schoenhofen,"San Diego, CA",1132,4:57:39,11:22,F 35-39/73,F-35,334,4:58:15,45.84%
798,Gary Anderson,"Bonsall, CA",132,4:57:39,11:22,M 35-39/68,M-35,464,4:58:30,41.52%
799,Shane Ciota,"La Mesa, CA",321,4:57:50,11:22,M 40-44/83,M-42,465,4:58:43,43.07%
800,Ana Lyles,"San Diego, CA",777,4:57:53,11:22,F 35-39/74,F-36,335,4:58:26,45.95%
801,Prerna Seth,"Los Altos, CA",1147,4:58:01,11:22,F 25-29/45,F-26,336,4:58:27,45.44%
802,Amber Berg,"Solana Beach, CA",196,4:58:09,11:23,F 35-39/75,F-38,337,4:58:29,46.31%
803,David Ogul,"San Diego, CA",938,4:58:10,11:23,M 55-59/40,M-55,466,4:58:59,48.11%
804,Michelle Boyer,"Riverside, CA",229,4:58:16,11:23,F 45-49/48,F-47,338,4:58:26,49.77%
805,Sarah Treanor,"Carlsbad, CA",1265,4:58:25,11:23,F 18-24/23,F-23,339,4:58:54,45.38%
806,Vivienne Parra,"Oceanside, CA",969,4:58:33,11:24,F 40-44/46,F-41,340,4:59:01,47.08%
807,Veronica Zarate,"Imperial, CA",1394,4:58:37,11:24,F 40-44/47,F-41,341,4:59:08,47.07%
808,Amy King,"Oceanside, CA",684,4:58:45,11:24,F 25-29/46,F-28,342,4:59:15,45.33%
809,Cindy Carlson,"Cerritos, CA",286,4:58:51,11:24,F 40-44/48,F-41,343,4:59:20,47.03%
810,George Walther-Meade,"La Jolla, CA",1313,4:58:52,11:24,M 40-44/84,M-41,467,4:59:07,42.60%
811,Carl Ogden,"Encinitas, CA",1503,4:58:57,11:25,M 50-54/55,M-50,468,4:59:45,45.90%
812,Sean Monfort,"Ramona, CA",1495,4:58:59,11:25,M 35-39/69,M-39,469,4:59:25,42.03%
813,Ryan Launder,"Landers, CA",1478,4:59:09,11:25,M 35-39/70,M-38,470,4:59:43,41.78%
814,Andrea Kooiman,"Mission Viejo, CA",1473,4:59:10,11:25,F 35-39/76,F-39,344,4:59:43,46.39%
815,Deanna Nunez,"San Diego, CA",1596,4:59:11,11:25,F 45-49/49,F-45,345,4:59:44,48.58%
816,Alexis Davidson,"Brooklyn, NY",385,4:59:11,11:25,M 55-59/41,M-59,471,4:59:39,49.75%
817,Raymond Andalio,"San Diego, CA",130,4:59:17,11:25,M 40-44/85,M-43,472,4:59:43,43.22%
818,Michelle Neuenswander,"Escondido, CA",911,5:00:12,11:27,F 40-44/49,F-42,346,5:00:56,47.17%
819,Chioke Nayo,"Pasadena, CA",906,5:00:29,11:28,M 50-54/56,M-51,473,5:01:14,46.06%
820,Alex Khan,"Kirkland, WA",676,5:00:42,11:29,M 25-29/40,M-27,474,5:01:09,40.89%
821,Dhiraj Agrawal,"San Diego, CA",107,5:01:56,11:31,M 30-34/64,M-34,475,5:02:24,40.83%
822,Zachary Osborne,"Goleta, CA",1579,5:01:57,11:31,M 18-24/15,M-22,476,5:03:07,40.72%
823,Gary Pahl,"Murrieta, CA",961,5:01:58,11:32,M 45-49/72,M-49,477,5:02:21,45.05%
824,Francisco Lio,"Chula Vista, CA",747,5:02:05,11:32,M 35-39/71,M-39,478,5:02:05,41.60%
825,Sheryl Leonard-Schneck,"Wauwatosa, WI",736,5:02:44,11:33,F 50-54/25,F-50,347,5:03:18,50.86%
826,Daniel Fritts,"Escondido, CA",1448,5:02:47,11:33,M 18-24/16,M-23,479,5:02:50,40.61%
827,Vanessa Guthrie,"Goleta, CA",1563,5:02:53,11:34,F 18-24/24,F-22,348,5:03:07,44.71%
828,Kristen Long,"San Diego, CA",758,5:02:54,11:34,F 25-29/47,F-25,349,5:03:28,44.71%
829,Ryan McKennon,"San Diego, CA",832,5:02:55,11:34,M 18-24/17,M-24,480,5:03:29,40.59%
830,Lourdes Vite,"Escondido, CA",1302,5:03:15,11:34,F 55-59/12,F-59,350,5:03:37,57.21%
831,Kristopher Kleeb,"Carlsbad, CA",1468,5:03:25,11:35,M 45-49/73,M-45,481,5:03:44,43.34%
832,Tim Brown,"Murrieta, CA",256,5:03:43,11:36,M 45-49/74,M-48,482,5:04:24,44.40%
833,Barbara Carpenter,"San Diego, CA",288,5:04:25,11:37,F 35-39/77,F-38,351,5:05:01,45.36%
834,Tonya Jamois,"San Marcos, CA",630,5:04:28,11:37,F 45-49/50,F-45,352,5:05:02,47.74%
835,Dennis Tucker,"San Marcos, CA",1273,5:04:34,11:37,M 45-49/75,M-45,483,5:05:10,43.18%
836,Naomi Shimasaki,"San Diego, CA",1162,5:04:45,11:38,F 55-59/13,F-55,353,5:05:10,53.89%
837,Constantino Soria,"Escondido, CA",1193,5:05:28,11:40,M 35-39/72,M-38,484,5:06:05,40.92%
838,Mollie Fitzsimmons,"Encinitas, CA",464,5:06:11,11:41,F 35-39/78,F-39,354,5:07:08,45.33%
839,Emily Zabrodski,"Fort Washington, PA",1388,5:06:12,11:41,F 30-34/60,F-31,355,5:06:42,44.24%
840,Michael Zabrodski,"Fort Washington, PA",1389,5:06:12,11:41,M 30-34/65,M-30,485,5:06:43,40.16%
841,Patrick Smith,"San Marcos, CA",1184,5:06:43,11:42,M 40-44/86,M-42,486,5:07:24,41.83%
842,Yvonne Martinez,"San Diego, CA",1573,5:06:49,11:43,F 35-39/79,F-36,356,5:07:25,44.62%
843,Jessica Farley,"La Mesa, CA",1439,5:06:50,11:43,F 30-34/61,F-32,357,5:07:24,44.18%
844,Sarah Donald,"Sacramento, CA",1433,5:06:55,11:43,F 30-34/62,F-33,358,5:07:22,44.24%
845,John Alvarez,"San Diego, CA",126,5:06:55,11:43,M 40-44/87,M-44,487,5:08:03,42.49%
846,Adam Donald,"Sacramento, CA",1432,5:06:59,11:43,M 40-44/88,M-41,488,5:07:25,41.47%
847,Balwinder Sachdev,"San Diego, CA",1108,5:07:00,11:43,M 30-34/66,M-31,489,5:07:27,40.05%
848,Estelio Lopez,"Vista, CA",762,5:07:00,11:43,M 30-34/67,M-34,490,5:07:43,40.16%
849,Denitza Marquez,"El Cajon, CA",799,5:07:01,11:43,F 30-34/63,F-33,359,5:07:54,44.22%
850,Rocio Galeana,"Vista, CA",490,5:07:02,11:43,F 25-29/48,F-28,360,5:07:45,44.11%
851,He Yongbo,"Houston, TX",1384,5:07:04,11:43,M 35-39/73,M-35,491,5:07:31,40.24%
852,Jane Thompson,"Glendora, CA",1250,5:07:25,11:44,F 50-54/26,F-52,361,5:08:05,51.37%
853,Monica Senese,"San Diego, CA",1144,5:07:37,11:44,F 01-17/3,F-17,362,5:08:08,45.11%
854,Kim Huynh,"San Diego, CA",623,5:08:24,11:46,F 30-34/64,F-31,363,5:09:00,43.92%
855,Melody Nieder,"San Diego, CA",919,5:08:31,11:46,F 30-34/65,F-34,364,5:09:12,44.10%
856,Rebekah Parsons,"Winchester, CA",970,5:08:36,11:47,F 35-39/80,F-38,365,5:09:06,44.74%
857,Michelle Walsh,"Temecula, CA",1312,5:08:39,11:47,F 35-39/81,F-38,366,5:09:05,44.73%
858,Maria Austero-Macavinta,"Pleasant Hill, CA",157,5:08:40,11:47,F 45-49/51,F-49,367,5:09:22,49.26%
859,Andrea Hester,"Encinitas, CA",591,5:08:41,11:47,F 50-54/27,F-50,368,5:09:17,49.88%
860,Chad Kim,"Carlsbad, CA",681,5:09:00,11:48,M 40-44/89,M-43,492,5:09:34,41.86%
861,Grace Smith,"San Diego, CA",1525,5:09:05,11:48,F 40-44/50,F-43,369,5:09:47,46.17%
862,Joanne Fagnani,"San Diego, CA",439,5:09:10,11:48,F 65-69/2,F-65,370,5:10:32,61.30%
863,Abraham Ibanez,"Encinitas, CA",626,5:09:13,11:48,M 18-24/18,M-22,493,5:09:47,39.76%
864,Joyce McPherson,"San Diego, CA",836,5:09:18,11:48,F 40-44/51,F-42,371,5:10:30,45.78%
865,Beverly Silldorf,"La Jolla, CA",1521,5:09:23,11:48,F 60-64/4,F-60,372,5:10:14,56.87%
866,Dan Naughton,"San Diego, CA",903,5:09:30,11:49,M 50-54/57,M-53,494,5:10:11,45.52%
867,Michael Larsen,"Chula Vista, CA",720,5:10:19,11:51,M 35-39/74,M-38,495,5:10:38,40.28%
868,Giang Huynh,"Encinitas, CA",622,5:10:33,11:51,M 25-29/41,M-27,496,5:11:29,39.59%
869,Rajan Christian,"Loma Linda, CA",317,5:10:44,11:52,M 45-49/76,M-45,497,5:11:26,42.32%
870,Anne McKeirnan,"San Diego, CA",830,5:11:14,11:53,F 50-54/28,F-50,373,5:11:33,49.46%
871,Patti Johnson,"San Diego, CA",644,5:11:17,11:53,F 55-59/14,F-57,374,5:11:49,54.20%
872,Sharon Nardozza,"Encinitas, CA",899,5:11:18,11:53,F 50-54/29,F-53,375,5:11:49,51.38%
873,Eugene Bock,"Vista, CA",1413,5:11:22,11:53,M 45-49/77,M-46,498,5:11:49,42.58%
874,Chelsie Avila,"Carlsbad, CA",1549,5:11:49,11:54,F 30-34/66,F-32,376,5:13:10,43.48%
875,Trish Wolsey,"San Diego, CA",1363,5:12:03,11:55,F 50-54/30,F-53,377,5:12:03,51.26%
876,Lisa Collins,"San Diego, CA",333,5:12:03,11:55,F 55-59/15,F-58,378,5:12:03,54.82%
877,Emili Steele,"Murrieta, CA",1206,5:12:04,11:55,F 35-39/82,F-39,379,5:12:28,44.47%
878,Barbara Vasquez,"La Jolla, CA",1285,5:12:31,11:56,F 40-44/52,F-43,380,5:13:09,45.67%
879,Michelle Weaver,"Murrieta, CA",1327,5:12:34,11:56,F 40-44/53,F-41,381,5:12:59,44.97%
880,Harold Wilson,"Redlands, CA",1355,5:12:38,11:56,M 50-54/58,M-53,499,5:18:35,45.06%
881,Yin Ho,"Carlsbad, CA",1567,5:13:10,11:57,M 30-34/68,M-32,500,5:13:10,39.27%
882,Emily Culver,"Carlsbad, CA",371,5:13:20,11:58,F 30-34/67,F-31,382,5:13:34,43.23%
883,Barry Peters,"San Diego, CA",984,5:13:23,11:58,M 55-59/42,M-57,501,5:17:56,46.61%
884,Craig Kiest,"Portland, OR",680,5:13:29,11:58,M 55-59/43,M-59,502,5:13:42,47.48%
885,Lawrence Cook,"Santee, CA",345,5:13:43,11:58,M 50-54/59,M-53,503,5:14:19,44.90%
886,Lisa Kunzman,"Fair Oaks, CA",1698,5:13:45,11:58,F 50-54/31,F-52,383,5:14:15,50.33%
887,Davis Kamatari,"Carlsbad, CA",1465,5:13:46,11:58,M 50-54/60,M-50,504,5:14:15,43.73%
888,Orbary Walker Jr,"Oceanside, CA",1537,5:13:56,11:59,M 35-39/75,M-36,505,5:14:32,39.48%
889,Diane Durden,"Twentynine Palms, CA",1558,5:14:06,11:59,F 45-49/52,F-49,384,5:14:33,48.41%
890,Wendy Everson,"Las Vegas, NV",437,5:14:28,12:00,F 45-49/53,F-49,385,5:15:13,48.35%
891,Citlalli Gutierrez,"San Diego, CA",554,5:15:04,12:02,F 30-34/68,F-31,386,5:15:39,42.99%
892,Raul Rios,"Oceanside, CA",1069,5:15:05,12:02,M 25-29/42,M-27,506,5:15:37,39.02%
893,Quang Pham,"Union City, CA",987,5:15:22,12:02,M 18-24/19,M-19,507,5:16:05,38.99%
894,Heather Tesiero,"San Diego, CA",1239,5:15:33,12:03,F 45-49/54,F-45,387,5:15:52,46.06%
895,Tracy Youngstedt,"Sacramento, CA",1542,5:15:37,12:03,F 50-54/32,F-50,388,5:16:17,48.78%
896,Nancy Mitchum,"Elk Grove, CA",863,5:15:37,12:03,F 55-59/16,F-55,389,5:16:17,52.03%
897,Marappa Gopinath,"Irvine, CA",530,5:16:10,12:04,M 65-69/7,M-67,508,5:16:47,50.91%
898,Heidi Hasapopoulos,"Alexandria, MN",1694,5:16:11,12:04,F 35-39/83,F-35,390,5:16:13,43.15%
899,Margaret Seymour,"Virginia Beach, VA",1149,5:16:13,12:04,F 25-29/49,F-28,391,5:16:15,42.83%
900,Michael Davis,"Chesapeake, VA",387,5:16:14,12:04,M 30-34/69,M-30,509,5:16:17,38.88%
901,Jennie Verry,"Chesapeake, VA",1291,5:16:14,12:04,F 40-44/54,F-42,392,5:16:17,44.77%
902,Linda Yzurdiaga,"San Diego, CA",1387,5:17:10,12:06,F 25-29/50,F-25,393,5:17:57,42.70%
903,David Shaw Jr,"Spring Valley, CA",1156,5:17:17,12:07,M 40-44/90,M-40,510,5:17:38,39.85%
904,Vicki Scott,"Carlsbad, CA",1139,5:17:24,12:07,F 30-34/69,F-34,394,5:17:36,42.87%
905,Bolaji Nafiu,"Corona, CA",1577,5:17:34,12:07,M 45-49/78,M-47,511,5:18:11,42.11%
906,Jon Athanacio,"San Diego, CA",154,5:18:14,12:09,M 35-39/76,M-38,512,5:19:11,39.28%
907,Kierston Brickweg,"Milford, OH",240,5:18:16,12:09,F 25-29/51,F-29,395,5:19:11,42.55%
908,Daniel Gubaton,"Vista, CA",547,5:18:20,12:09,M 25-29/43,M-28,513,5:19:01,38.63%
909,Matt Brabeck,"Milford, OH",233,5:18:34,12:10,M 35-39/77,M-39,514,5:19:29,39.45%
910,Don Brickweg,"Milford, OH",239,5:18:35,12:10,M 55-59/44,M-59,515,5:19:30,46.72%
911,Rhona Sitjar,"Temecula, CA",1176,5:18:46,12:10,F 35-39/84,F-39,396,5:19:44,43.54%
912,Donna Renner,"Oceanside, CA",1050,5:19:12,12:11,F 50-54/33,F-52,397,5:19:52,49.47%
913,Alina Sanchez,"Chula Vista, CA",1121,5:20:14,12:13,F 35-39/85,F-39,398,5:21:05,43.34%
914,Yvette Hopping,"San Diego, CA",606,5:20:15,12:13,F 40-44/55,F-42,399,5:21:00,44.21%
915,Martha Corazzini,"North Las Vegas, NV",1556,5:20:24,12:14,F 55-59/17,F-56,400,5:20:43,51.95%
916,Lisa Walsh,"Carlsbad, CA",1311,5:20:30,12:14,F 45-49/55,F-45,401,5:21:04,45.35%
917,Jessica Munoz,"Chula Vista, CA",890,5:20:42,12:14,F 25-29/52,F-27,402,5:21:09,42.23%
918,Alice Homza,"Temecula, CA",602,5:20:42,12:14,F 50-54/34,F-51,403,5:21:13,48.61%
919,Rebecca Miller,"Temecula, CA",1575,5:20:42,12:14,F 40-44/56,F-42,404,5:21:11,44.15%
920,Gail Fink,"San Diego, CA",459,5:20:59,12:15,F 60-64/5,F-60,405,5:21:35,54.82%
921,Kimberly Muirhead,"San Diego, CA",885,5:21:06,12:15,F 18-24/25,F-23,406,5:21:31,42.17%
922,Madison Jones,"San Diego, CA",651,5:21:07,12:15,F 18-24/26,F-24,407,5:21:32,42.17%
923,Katrina Rasmussen-Ream,"Oceanside, CA",1036,5:21:13,12:16,F 35-39/86,F-38,408,5:21:51,42.98%
924,Sandy Waite,"Santa Ana, CA",1308,5:22:20,12:18,F 55-59/18,F-55,409,5:22:50,50.95%
925,Johnny Vasquez,"La Jolla, CA",1286,5:22:21,12:18,M 18-24/20,M-23,516,5:22:54,38.14%
926,Steven Spence,"San Diego, CA",1196,5:22:42,12:19,M 25-29/44,M-29,517,5:23:07,38.10%
927,Maria Topolovac,"San Diego, CA",1259,5:23:00,12:20,F 40-44/57,F-40,410,5:23:51,43.23%
928,Bryon Solberg,"San Diego, CA",1188,5:23:01,12:20,M 50-54/61,M-53,518,5:23:39,43.61%
929,Gilda Sellers,"CA, ",1143,5:23:05,12:20,F 50-54/35,F-54,411,5:23:29,50.17%
930,Eric Chan,"San Diego, CA",302,5:23:46,12:21,M 01-17/3,M-16,519,5:23:52,38.77%
931,Denise Bardsley,"Rancho Santa Margarita, CA",169,5:23:48,12:21,F 55-59/19,F-58,412,5:24:17,52.83%
932,Mary Murphy,"San Jose, CA",891,5:23:55,12:22,F 50-54/36,F-52,413,5:24:24,48.75%
933,Kasey Burcham,"Carlsbad, CA",264,5:24:29,12:23,F 40-44/58,F-42,414,5:25:07,43.64%
934,Mario Zepeda,"Lemon Grove, CA",1609,5:25:12,12:25,M 25-29/45,M-26,520,5:25:57,37.81%
935,Danny Clem,"Hemet, CA",327,5:25:26,12:25,M 18-24/21,M-24,521,5:25:59,37.78%
936,Laura Dahl,"San Diego, CA",376,5:25:26,12:25,F 25-29/53,F-25,415,5:25:59,41.61%
937,Ofelia Yanez,"MX, ",1377,5:25:40,12:26,F 55-59/20,F-56,416,5:26:17,51.11%
938,David Mueller,"Long Beach, CA",883,5:26:03,12:27,M 50-54/62,M-51,522,5:26:27,42.45%
939,Ellen Phinney,"Long Beach, CA",991,5:26:03,12:27,F 35-39/87,F-36,417,5:26:27,41.98%
940,Rene Salazar,"Los Angeles, CA",1114,5:26:10,12:27,M 40-44/91,M-43,523,5:27:04,39.65%
941,Javier Salazar,"Oceanside, CA",1113,5:26:11,12:27,M 45-49/79,M-45,524,5:27:05,40.32%
942,Richard Reilly,"San Diego, CA",1047,5:26:15,12:27,M 45-49/80,M-48,525,5:26:43,41.34%
943,Jordan Boyce,"Denver, CO",227,5:27:41,12:30,M 35-39/78,M-37,526,5:28:14,37.97%
944,Joseph Bainum,"Encinitas, CA",162,5:28:12,12:32,M 60-64/22,M-62,527,5:29:19,46.67%
945,Barry Lipson,"Poway, CA",1572,5:28:13,12:32,M 50-54/63,M-54,528,5:28:47,43.31%
946,Cyd Stevenson,"East Palo Alto, CA",1216,5:28:27,12:32,F 50-54/37,F-52,418,5:29:01,48.08%
947,Darwin Villaruz,"San Diego, CA",1297,5:28:30,12:32,M 35-39/79,M-39,529,5:28:55,38.26%
948,Marne Sall,"Redmond, WA",1118,5:28:30,12:32,F 45-49/56,F-45,419,5:29:01,44.24%
949,Mary Anne Guiriba,"San Diego, CA",553,5:28:36,12:32,F 45-49/57,F-46,420,5:29:31,44.68%
950,Alina Salinas,"San Diego, CA",1116,5:28:50,12:33,F 35-39/88,F-39,421,5:29:30,42.21%
951,Christine Cyman,"San Marcos, CA",373,5:29:02,12:33,F 35-39/89,F-37,422,5:32:59,41.77%
952,Hector Rodriguez,"Oceanside, CA",1083,5:29:08,12:34,M 60-64/23,M-60,530,5:29:11,45.65%
953,Laurie Woodrow,"West Hollywood, CA",1593,5:29:09,12:34,F 50-54/38,F-54,423,5:29:47,49.24%
954,Shamby Dahlke,"San Diego, CA",377,5:29:16,12:34,F 40-44/59,F-44,424,5:29:57,43.73%
955,Bryce Basey,"Peoria, AZ",175,5:29:45,12:35,M 60-64/24,M-61,531,5:30:35,46.00%
956,Ingram Ober,"San Diego, CA",933,5:29:56,12:36,M 35-39/80,M-39,532,5:29:56,38.09%
957,Yvette Lischio,"Vista, CA",750,5:30:00,12:36,F 40-44/60,F-41,425,5:31:18,42.59%
958,Olivia Quintanilla,"La Jolla, CA",1027,5:30:03,12:36,F 18-24/27,F-24,426,5:30:47,41.03%
959,Gerardo Castro,"MX, ",295,5:30:30,12:37,M 55-59/45,M-58,533,5:31:11,44.61%
960,Andrea Roebuck,"Escondido, CA",1087,5:30:35,12:37,F 30-34/70,F-34,427,5:31:02,41.16%
961,Curtis Phillipson,"Carlsbad, CA",1508,5:31:01,12:38,M 35-39/81,M-39,534,5:31:27,37.97%
962,Adelqui Rodriguez,"Carlsbad, CA",1082,5:31:13,12:38,M 45-49/81,M-46,535,5:31:35,40.03%
963,Irene Yasuda,"San Diego, CA",1382,5:31:18,12:39,F 35-39/90,F-36,428,5:31:44,41.32%
964,Michael Zepeda,"Carlsbad, CA",1397,5:31:48,12:40,M 50-54/64,M-53,536,5:32:49,42.46%
965,Mary McMillan,"West Chester, PA",834,5:31:49,12:40,F 50-54/39,F-50,429,5:32:13,46.40%
966,Kim Marrs,"Hemet, CA",801,5:32:04,12:40,F 45-49/58,F-47,430,5:32:45,44.71%
967,Carol Obmina,"Hemet, CA",934,5:32:08,12:41,F 35-39/91,F-39,431,5:33:06,41.79%
968,Helena Czanik,"San Diego, CA",375,5:32:11,12:41,F 35-39/92,F-38,432,5:32:41,41.57%
969,Tresha Souza,"La Jolla, CA",1584,5:32:16,12:41,F 45-49/59,F-49,433,5:33:08,45.76%
970,George Procak,"Sun Prairie, WI",1018,5:32:19,12:41,M 50-54/65,M-51,537,5:32:21,41.65%
971,Carrie Davis,"Lake Elsinore, CA",386,5:32:52,12:42,F 30-34/71,F-33,434,5:33:37,40.79%
972,Jeremy Benson,"San Diego, CA",194,5:33:02,12:43,M 35-39/82,M-37,538,5:33:14,37.36%
973,Zhiyang Liu,"San Diego, CA",754,5:33:04,12:43,M 25-29/46,M-25,539,5:33:32,36.92%
974,Greg Lopez,"Poway, CA",763,5:33:12,12:43,M 45-49/82,M-45,540,5:34:13,39.47%
975,Lichym Wu,"La Crescenta, CA",1372,5:33:15,12:43,F 55-59/21,F-58,435,5:33:46,51.34%
976,Jo May,"Houston, TX",1574,5:33:20,12:43,F 65-69/3,F-66,436,5:33:39,57.74%
977,Jennifer Luoma,"San Diego, CA",772,5:33:33,12:44,F 25-29/54,F-26,437,5:34:28,40.60%
978,Beth Warrem,"Poway, CA",1319,5:34:52,12:47,F 45-49/60,F-47,438,5:35:38,44.33%
979,Prudence Pedrotti,"Carlsbad, CA",1598,5:35:03,12:47,F 50-54/40,F-51,439,5:35:29,46.53%
980,Lisa Monroy,"Riverside, CA",872,5:35:22,12:48,F 30-34/72,F-34,440,5:35:44,40.57%
981,Jerry Brummet,"Carlsbad, CA",258,5:35:26,12:48,M 50-54/66,M-51,541,5:36:12,41.26%
982,Reyna Cabrera,"Ontario, CA",274,5:35:29,12:48,F 40-44/61,F-42,441,5:35:57,42.20%
983,Jacqueline Stanley,"Hemet, CA",1203,5:35:34,12:48,F 45-49/61,F-47,442,5:36:07,44.24%
984,Joseph Reilly,"Orange, CA",1046,5:36:16,12:50,M 70-74/2,M-71,542,5:36:20,49.92%
985,Nick Ungermann,"Forest Grove, OR",1277,5:36:36,12:51,M 18-24/22,M-18,543,5:36:36,36.55%
986,Crystal Wilson,"Vista, CA",1354,5:37:39,12:53,F 50-54/41,F-50,443,5:38:25,45.60%
987,Tim Altizer,"Colorado Springs, CO",122,5:38:03,12:54,M 30-34/70,M-31,544,5:38:33,36.37%
988,George Stanley,"Hemet, CA",1202,5:38:03,12:54,M 60-64/25,M-63,545,5:38:35,45.75%
989,Karina Sohn,"Carlsbad, CA",1186,5:38:18,12:55,F 35-39/93,F-36,444,5:38:54,40.46%
990,Mae Sison,"Mission Viejo, CA",1175,5:38:19,12:55,F 50-54/42,F-50,445,5:38:54,45.51%
991,Cecile Fajardo,"Redlands, CA",440,5:38:31,12:55,F 25-29/55,F-29,446,5:39:21,40.00%
992,Erin Dale,"San Diego, CA",378,5:38:39,12:55,F 35-39/94,F-35,447,5:39:08,40.29%
993,Marsha Wingler,"Lakeside, CA",1360,5:39:20,12:57,F 40-44/62,F-43,448,5:39:55,42.06%
994,Richard Bentancourt,"Chula Vista, CA",195,5:39:34,12:58,M 25-29/47,M-28,546,5:40:25,36.21%
995,Pamela Palma,"PH, ",962,5:39:54,12:58,F 45-49/62,F-45,449,5:40:29,42.76%
996,Jennifer Gatti,"Las Vegas, NV",1561,5:40:06,12:59,F 40-44/63,F-43,450,5:40:46,41.97%
997,Mo Callahan,"Portland, OR",279,5:40:39,13:00,F 50-54/43,F-51,451,5:41:15,45.77%
998,T Kevin Powells,"Los Angeles, CA",11042,5:40:54,13:01,M 45-49/83,M-49,547,5:40:54,39.90%
999,Minnie Sierra,"Lake Elsinore, CA",1168,5:41:07,13:01,F 35-39/95,F-39,452,5:41:43,40.69%
1000,Kanyama Debrodtsharper,"Oceanside, CA",390,5:41:23,13:02,M 30-34/71,M-33,548,5:41:43,36.06%
1001,Joseph Domagala,"Oceanside, CA",408,5:41:27,13:02,M 18-24/23,M-21,549,5:41:52,36.01%
1002,Eunhee Sung,"Cerritos, CA",1528,5:41:57,13:03,F 45-49/63,F-48,453,5:42:23,43.93%
1003,Thomas Eng,"Chino Hills, CA",432,5:42:15,13:04,M 55-59/46,M-55,550,5:43:04,41.91%
1004,Teresa Clanton,"La Mesa, CA",322,5:42:16,13:04,F 45-49/64,F-45,454,5:42:58,42.46%
1005,Dyan Lorenzen,"Poway, CA",767,5:43:02,13:05,F 50-54/44,F-53,455,5:43:39,46.63%
1006,Kelly Stewart,"San Diego, CA",1217,5:43:08,13:06,M 30-34/72,M-31,551,5:43:59,35.83%
1007,Linda Alvarado,"Escondido, CA",125,5:43:37,13:07,F 45-49/65,F-49,456,5:44:12,44.25%
1008,Sara Fredrick,"San Diego, CA",476,5:44:20,13:08,F 40-44/64,F-40,457,5:45:05,40.55%
1009,Michelle Goltiao,"Riverside, CA",522,5:44:22,13:09,F 25-29/56,F-29,458,5:44:49,39.33%
1010,Mindy Goltiao,"Riverside, CA",523,5:44:22,13:09,F 25-29/57,F-28,459,5:44:49,39.33%
1011,Mark Wadel,"San Diego, CA",1307,5:44:58,13:10,M 40-44/92,M-44,552,5:45:40,37.81%
1012,Katharine Wardle,"San Diego, CA",1318,5:46:01,13:12,F 50-54/45,F-50,460,5:46:32,44.49%
1013,Capt Joe Cacciola,"Oceanside, CA",275,5:46:10,13:13,M 65-69/8,M-67,553,5:46:57,46.50%
1014,Luis Navarro,"MX, ",905,5:46:50,13:14,M 40-44/93,M-43,554,5:47:26,37.29%
1015,Raul Alaniz,"MX, ",115,5:46:52,13:14,M 25-29/48,M-28,555,5:47:27,35.45%
1016,Paul Aragon,"Northglenn, CO",140,5:46:54,13:14,M 01-17/4,M-17,556,5:47:25,35.74%
1017,Sarah Brandes,"San Diego, CA",234,5:47:28,13:16,F 25-29/58,F-26,461,5:48:04,38.97%
1018,Tiffany Toth,"Encinitas, CA",1261,5:47:34,13:16,F 25-29/59,F-29,462,5:48:11,38.96%
1019,Kaila Reed,"Vista, CA",1041,5:49:04,13:19,F 18-24/28,F-21,463,5:49:18,38.80%
1020,Josh Leupold,"Carlsbad, CA",738,5:49:06,13:19,M 40-44/94,M-42,557,5:49:46,36.75%
1021,Sam Blackwood,"San Diego, CA",207,5:49:09,13:19,M 45-49/84,M-45,558,5:49:22,37.66%
1022,Kelsi Nicole Harris,"Sierra Vista, AZ",574,5:49:11,13:20,F 18-24/29,F-18,464,5:50:22,39.20%
1023,Marcela Calimlim,"San Diego, CA",277,5:49:17,13:20,F 35-39/96,F-37,465,5:50:15,39.34%
1024,Jonathan Watson,"San Diego, CA",1324,5:49:42,13:21,M 25-29/49,M-26,559,5:50:27,35.16%
1025,Art Basa,"Chula Vista, CA",174,5:49:51,13:21,M 35-39/83,M-38,560,5:50:13,35.73%
1026,Mark Holborn,"San Marcos, CA",599,5:49:56,13:21,M 50-54/67,M-54,561,5:50:52,40.62%
1027,Estefania Quezada Munoz,"La Mesa, CA",1025,5:50:20,13:22,F 01-17/4,F-17,466,5:50:25,39.61%
1028,Mike Wood,"San Diego, CA",1366,5:50:29,13:23,M 70-74/3,M-72,562,5:51:29,48.48%
1029,Viviana Finney,"Escondido, CA",461,5:50:31,13:23,F 35-39/97,F-35,467,5:50:59,38.93%
1030,Marcela Rock,"Pasadena, CA",1080,5:51:10,13:24,F 40-44/65,F-44,468,5:51:46,41.00%
1031,Meghan O'Donnell,"La Jolla, CA",930,5:51:42,13:25,F 18-24/30,F-24,469,5:52:13,38.51%
1032,Monisha Vasa,"Irvine, CA",1534,5:52:05,13:26,F 35-39/98,F-37,470,5:52:52,39.03%
1033,Maria Leupold,"Carlsbad, CA",739,5:52:37,13:27,F 40-44/66,F-41,471,5:53:17,39.86%
1034,Leilani Ojinaga,"Chula Vista, CA",939,5:52:49,13:28,F 35-39/99,F-38,472,5:53:41,39.13%
1035,Konnie Drews,"Bothell, WA",415,5:54:12,13:31,F 40-44/67,F-44,473,5:54:42,40.65%
1036,Katie Goldsmith,"Bothell, WA",521,5:54:13,13:31,F 40-44/68,F-42,474,5:54:42,39.97%
1037,Alisa McKenzie,"Bothell, WA",833,5:54:14,13:31,F 35-39/100,F-39,475,5:54:43,39.18%
1038,Jennifer Sofie,"Manhattan, MT",1185,5:54:14,13:31,F 40-44/69,F-40,476,5:54:43,39.42%
1039,Paulina Torres,"Lemon Grove, CA",1260,5:54:22,13:31,F 30-34/73,F-30,477,5:55:16,38.22%
1040,Cory Mosunic,"Easton, CT",881,5:54:28,13:32,F 40-44/70,F-43,478,5:55:00,40.26%
1041,John McGuinness,"Oceanside, CA",829,5:54:47,13:32,M 55-59/47,M-57,563,5:55:33,41.17%
1042,Isabelle Krystynak,"Los Altos Hills, CA",1569,5:54:54,13:33,F 45-49/66,F-48,479,5:55:27,42.32%
1043,Tim Hamm,"CA, ",561,5:54:54,13:33,M 65-69/9,M-69,564,5:55:39,46.30%
1044,Cesar Zambrano,"Simi Valley, CA",1390,5:55:06,13:33,M 65-69/10,M-65,565,5:55:09,44.43%
1045,Steffen Schneider,"Las Vegas, NV",1582,5:55:36,13:34,M 55-59/48,M-57,566,5:55:53,41.08%
1046,Eliora Pearson,"San Diego, CA",978,5:55:39,13:34,F 40-44/71,F-40,480,5:56:22,39.26%
1047,Ruth Mason,"Menifee, CA",809,5:56:01,13:35,F 45-49/67,F-46,481,5:56:27,41.24%
1048,William Scott,"Long Beach, CA",1141,5:56:45,13:37,M 60-64/26,M-64,567,5:57:36,43.78%
1049,Margret Ocadiz,"San Diego, CA",935,5:57:00,13:37,F 25-29/60,F-25,482,5:57:33,37.93%
1050,Jay Contemprato,"San Diego, CA",342,5:57:17,13:38,M 25-29/50,M-26,568,5:57:39,34.41%
1051,Chris Thompson,"Escondido, CA",1249,5:57:37,13:39,M 60-64/27,M-62,569,5:58:18,42.83%
1052,Dan Luttrell,"San Diego, CA",776,5:58:35,13:41,M 65-69/11,M-65,570,5:58:45,43.99%
1053,Sandra Mendez,"Valley Center, CA",846,5:59:05,13:42,F 35-39/101,F-38,483,5:59:49,38.45%
1054,Luis Clark,"San Diego, CA",323,5:59:24,13:43,M 40-44/95,M-42,571,6:00:10,35.70%
1055,Andrea Price,"Bakersfield, CA",1016,5:59:36,13:43,F 50-54/46,F-50,484,5:59:38,42.81%
1056,Gary Manimtim,"San Diego, CA",795,5:59:37,13:43,M 50-54/68,M-50,572,6:00:13,38.15%
1057,Elena Morales,"Oceanside, CA",875,5:59:54,13:44,F 40-44/72,F-41,485,5:59:59,39.05%
1058,Jessica Ceballos,"San Marcos, CA",297,5:59:54,13:44,F 25-29/61,F-25,486,5:59:59,37.63%
1059,Nathan Manimtim,"San Diego, CA",796,6:00:15,13:45,M 18-24/24,M-20,573,6:00:15,34.13%
1060,Felipe Acevedo,"San Diego, CA",104,6:01:05,13:47,M 35-39/84,M-36,574,6:01:21,34.32%
1061,Tenna Brown,"Oceanside, CA",255,6:01:13,13:47,F 45-49/68,F-48,487,6:02:17,41.58%
1062,Kristin Leaf,"El Cajon, CA",1571,6:01:39,13:48,F 60-64/6,F-60,488,6:02:08,48.65%
1063,Desi Klaar,"Lakeside, CA",688,6:02:31,13:50,F 45-49/69,F-48,489,6:03:17,41.43%
1064,Leticia Luna-Sims,"Winchester, CA",771,6:03:32,13:52,F 35-39/102,F-37,490,6:04:00,37.80%
1065,Angela Felker,"Temecula, CA",452,6:03:35,13:53,F 30-34/74,F-33,491,6:04:01,37.34%
1066,Sarah Wright,"Escondido, CA",1371,6:05:11,13:56,F 18-24/31,F-24,492,6:05:51,37.08%
1067,James Pae,"Irvine, CA",960,6:05:30,13:57,M 45-49/85,M-49,575,6:05:32,37.22%
1068,Justin Cha,"Irvine, CA",299,6:05:30,13:57,M 01-17/5,M-14,576,6:05:33,35.50%
1069,Joshua Yang,"Irvine, CA",1378,6:05:30,13:57,M 01-17/6,M-13,577,6:05:33,36.34%
1070,Brittany Rifenburgh,"Oceanside, CA",1065,6:06:02,13:58,F 25-29/62,F-29,493,6:06:39,37.00%
1071,Dana Mosell,"Walnut, CA",879,6:06:05,13:58,M 60-64/28,M-63,578,6:06:55,42.25%
1072,Sarah Groesbeck,"San Diego, CA",544,6:06:42,14:00,F 25-29/63,F-25,494,6:07:26,36.93%
1073,Mary Ciota,"La Mesa, CA",1420,6:08:17,14:03,F 50-54/47,F-51,495,6:09:09,42.33%
1074,Justin Pierce,"Cleburne, TX",995,6:08:42,14:04,M 25-29/51,M-25,579,6:09:14,33.35%
1075,Khoa Nguyen,"San Diego, CA",1499,6:08:56,14:05,M 25-29/52,M-29,580,6:09:16,33.33%
1076,Erik Daniels,"Vinita, OK",381,6:09:13,14:05,M 18-24/25,M-21,581,6:09:13,33.30%
1077,Sofronio Basical,"Loma Linda, CA",177,6:09:51,14:07,M 45-49/86,M-49,582,6:10:35,36.78%
1078,Kira Basical,"Loma Linda, CA",176,6:09:51,14:07,F 45-49/70,F-49,496,6:10:35,41.11%
1079,Alicia Wesley,"Riverside, CA",1332,6:09:55,14:07,F 18-24/32,F-22,497,6:10:40,36.61%
1080,Johannes Dharmawan,"San Diego, CA",403,6:10:17,14:08,M 50-54/69,M-50,583,6:10:49,37.05%
1081,Kim Kranz,"Riverside, CA",702,6:10:20,14:08,F 50-54/48,F-50,498,6:11:04,41.57%
1082,Erick Betancourt,"Escondido, CA",200,6:10:45,14:09,M 40-44/96,M-43,584,6:11:21,34.89%
1083,Ricky Linder,"Flagstaff, AZ",746,6:11:01,14:10,M 60-64/29,M-63,585,6:11:47,41.68%
1084,Kim Rolfe,"Menifee, CA",1089,6:11:10,14:10,F 35-39/103,F-39,499,6:11:56,37.39%
1085,Antonio Alvarado,"Bronx, NY",124,6:12:20,14:13,M 30-34/73,M-34,586,6:13:14,33.11%
1086,Jessica Leichtweisz,"Bronx, NY",732,6:13:15,14:15,F 25-29/64,F-28,500,6:13:15,36.28%
1087,Dimitrios Bavelas,"Carlsbad, CA",186,6:13:45,14:16,M 60-64/30,M-61,587,6:14:23,40.59%
1088,Crista Corbett,"Roseville, CA",347,6:13:46,14:16,F 40-44/73,F-41,501,6:14:09,37.61%
1089,Esther Garcia,"Escondido, CA",500,6:14:35,14:18,F 25-29/65,F-26,502,6:15:13,36.15%
1090,Herminia Ledesma,"Escondido, CA",729,6:14:35,14:18,F 25-29/66,F-27,503,6:15:13,36.15%
1091,Laura Valdes,"San Diego, CA",1533,6:15:47,14:20,F 35-39/104,F-36,504,6:16:25,36.43%
1092,Marvin Errickson,"San Diego, CA",433,6:17:43,14:25,M 70-74/4,M-71,588,6:17:53,44.44%
1093,Bernadette Wieboldt,"Oceanside, CA",1339,6:18:13,14:26,F 50-54/49,F-51,505,6:18:31,41.22%
1094,Audrey McMullen,"Los Angeles, CA",835,6:19:09,14:28,F 35-39/105,F-35,506,6:19:35,35.99%
1095,Lena Harris,"Sierra Vista, AZ",575,6:23:31,14:38,F 40-44/74,F-44,507,6:24:43,37.54%
1096,John Kalka,"Mooresville, NC",665,6:23:32,14:38,M 40-44/97,M-41,589,6:24:46,33.19%
1097,Jenifer Brooks,"Buena Park, CA",246,6:23:39,14:38,F 55-59/22,F-55,508,6:24:17,42.81%
1098,Gail Campofiore,"Walnut, CA",280,6:24:01,14:39,F 65-69/4,F-67,509,6:24:54,50.92%
1099,Diane Mindrum,"Rancho Cucamonga, CA",859,6:24:31,14:40,F 55-59/23,F-56,510,6:24:36,43.29%
1100,Kyle Brown,"Vista, CA",252,6:25:21,14:42,M 30-34/74,M-32,590,6:26:01,31.91%
1101,Roberta Horn,"San Diego, CA",608,6:26:17,14:44,F 55-59/24,F-55,511,6:27:03,42.51%
1102,Arturo Garcia,"Escondido, CA",498,6:28:58,14:51,M 45-49/87,M-45,591,6:29:36,33.81%
1103,Joseph Monreal,"Santee, CA",871,6:40:33,15:17,M 45-49/88,M-45,592,6:41:18,32.83%
1104,Judy Wade,"Oceanside, CA",1590,6:45:43,15:29,F 45-49/71,F-48,512,6:46:32,37.02%
1105,Mary Altomare,"Oceanside, CA",123,6:45:46,15:29,F 60-64/7,F-61,513,6:46:34,44.00%
1106,Joy Ann Schell,"Chula Vista, CA",1129,6:46:57,15:32,F 40-44/75,F-44,514,6:47:25,35.38%
1107,Carol Bautista,", ",184,6:47:50,15:34,F 65-69/5,F-65,515,6:47:50,46.47%
1108,Latonia Cook,"Fallbrook, CA",344,6:48:14,15:35,F 45-49/72,F-45,516,6:48:57,35.60%
1109,Katrina Briggs,"San Diego, CA",241,6:48:14,15:35,F 40-44/76,F-44,517,6:48:57,35.27%
1110,Bethany Moffat-Santos,"Oceanside, CA",867,6:49:00,15:36,F 35-39/106,F-36,518,6:49:00,33.47%
1111,Sonia Martins,"Temecula, CA",808,6:49:52,15:38,F 40-44/77,F-41,519,6:50:28,34.29%
1112,Janice Bray,"Valley Center, CA",237,6:49:58,15:39,F 70-74/1,F-70,520,6:51:01,50.08%
1113,Peter Nolan,"Oceanside, CA",921,6:54:16,15:49,M 45-49/89,M-46,593,6:54:29,32.01%
1114,Jay Gandhi,"Irvine, CA",495,6:59:10,16:00,M 40-44/98,M-43,594,6:59:32,30.86%
1115,Hemali Shah,"Rancho Santa Margarita, CA",1153,6:59:12,16:00,F 30-34/75,F-32,521,6:59:33,32.34%
1116,Parul Mehta Patel,"Irvine, CA",842,6:59:12,16:00,F 40-44/78,F-43,522,6:59:33,34.05%
1117,Maribel Neanover,"Port Orchard, WA",1578,7:02:30,16:07,F 40-44/79,F-44,523,7:02:35,34.08%
1118,Belinda Martinez,"Encinitas, CA",1488,7:04:18,16:11,F 30-34/76,F-30,524,7:04:39,31.92%
1119,Maria Salinas,"San Diego, CA",1117,7:24:11,16:57,F 35-39/107,F-36,525,7:24:50,30.82%
1120,Rodora Angeles,"Fremont, CA",135,7:24:23,16:57,F 45-49/73,F-45,526,7:24:57,32.71%
1121,Nancy Steele,"Mansfield, TX",1207,7:46:53,17:49,F 50-54/50,F-54,527,7:47:59,34.71%
1122,Daniel Dunn,"Aliso Viejo, CA",420,8:18:49,19:02,M 35-39/85,M-39,595,8:19:34,25.19%
1123,Monica Dunn,"Aliso Viejo, CA",421,8:18:50,19:02,F 35-39/108,F-39,528,8:19:34,27.82%
