Place,Name,Location,Bib,Net Time,Pace,Division/Place,Sex-Age,Sex-Place,Gun Time,Age Grade
1,Mario Macias,"Alamosa, CO",30,2:22:24,5:26,M 30-34/0,M-30,1,2:22:24,87.73%
2,Jae Yung Hyung,"Albuquerque, NM",24,2:25:03,5:32,M 40-44/0,M-40,2,2:25:03,88.26%
3,Jacques Sallberg,"Pasadena, CA",14,2:29:11,5:42,M 35-39/0,M-37,3,2:29:11,84.08%
4,David Kloz,"Oceanside, CA",20,2:36:18,5:58,M 35-39/1,M-36,4,2:36:20,80.01%
5,Chris Stelzer,"Houston, TX",1474,2:40:53,6:09,M 35-39/2,M-38,5,2:40:56,78.36%
6,John Van Steenbergh,"Flowery Branch, GA",1576,2:47:47,6:24,M 45-49/1,M-45,6,2:47:50,79.56%
7,Kyle Hills,"Yuma, AZ",717,2:48:28,6:26,M 18-24/1,M-24,7,2:48:38,74.16%
8,Christine Kenney,"New York, NY",10,2:53:07,6:37,F 30-34/0,F-33,1,2:53:07,78.77%
9,Steven Underwood,"Encinitas, CA",1747,2:53:12,6:37,M 18-24/2,M-24,8,2:53:15,72.13%
10,Ryan Barrett,"San Diego, CA",178,2:53:57,6:39,M 01-17/1,M-16,9,2:54:01,77.02%
11,Eddie Perez,"Norwalk, CA",1218,2:54:45,6:40,M 25-29/1,M-25,10,2:54:48,71.49%
12,Ethan Mefford,"Trinidad, CA",1023,2:54:55,6:41,M 25-29/2,M-26,11,2:54:59,71.42%
13,Christophe Sigel,"San Diego, CA",1428,2:55:14,6:41,M 40-44/1,M-40,12,2:55:18,73.05%
14,John Rashap,"Carlsbad, CA",1270,2:56:30,6:44,M 25-29/3,M-27,13,2:56:47,70.78%
15,Michael Finn,"Kirkland, WA",1760,2:56:31,6:44,M 35-39/3,M-37,14,2:56:34,71.06%
16,Sarah Hallas,"Petaluma, CA",8,2:57:49,6:47,F 30-34/0,F-32,2,2:57:49,76.46%
17,Bryce Williams,"San Diego, CA",1641,2:58:46,6:50,M 30-34/1,M-32,15,2:58:50,69.88%
18,Casey McKinney,"Oceanside, CA",1014,2:58:59,6:50,M 40-44/2,M-40,16,2:59:02,71.52%
19,Jeffrey Scudder,"San Diego, CA",1396,2:59:05,6:50,M 40-44/3,M-40,17,2:59:08,71.48%
20,Keith Ryan,"Fountain Valley, CA",1347,2:59:36,6:51,M 25-29/4,M-27,18,2:59:40,69.56%
21,Lucas Marcel,"Carlsbad, CA",981,3:00:30,6:54,M 35-39/4,M-36,19,3:00:34,69.29%
22,Hans Ouellet,"San Diego, CA",1178,3:00:37,6:54,M 40-44/4,M-43,20,3:00:42,72.67%
23,Andrew Kovacevic,"San Diego, CA",863,3:01:50,6:57,M 45-49/2,M-45,21,3:01:53,73.42%
24,Julie Brekke,"La Jolla, CA",12,3:02:38,6:58,F 35-39/0,F-38,3,3:02:38,76.78%
25,Kathryn Kasischke,"San Diego, CA",28,3:03:06,6:59,F 35-39/1,F-35,4,3:03:07,75.10%
26,Cassio Debiasi,"San Diego, CA",426,3:04:25,7:02,M 30-34/2,M-32,22,3:04:29,67.74%
27,Marisa Lizak,"Santa Monica, CA",26,3:06:57,7:08,F 30-34/1,F-32,5,3:06:58,72.72%
28,Mark Shorter,"CANADA, ",1421,3:07:21,7:09,M 55-59/1,M-55,23,3:07:29,77.94%
29,Andrew Paulson,"San Diego, CA",1205,3:08:05,7:11,M 30-34/3,M-30,24,3:08:09,66.42%
30,Levi Shaw,"Redondo Beach, CA",1411,3:08:06,7:11,M 30-34/4,M-32,25,3:08:10,66.42%
31,Mitchell Wright,"San Diego, CA",1665,3:08:08,7:11,M 18-24/3,M-24,26,3:08:15,66.40%
32,Eric Mackie,"San Diego, CA",966,3:08:18,7:11,M 30-34/5,M-30,27,3:08:26,66.35%
33,Darren Brown,"Carlsbad, CA",271,3:08:32,7:12,M 35-39/5,M-38,28,3:08:36,66.86%
34,Christopher Mosunic,"Easton, CT",1090,3:08:34,7:12,M 35-39/6,M-39,29,3:08:39,67.33%
35,Sanjiv Arora,"Ladera Ranch, CA",153,3:08:36,7:12,M 45-49/3,M-46,30,3:08:44,71.39%
36,Kurt Sellerberg,"San Diego, CA",1403,3:09:01,7:13,M 35-39/7,M-36,31,3:09:12,66.16%
37,Scott Thompson,"San Diego, CA",1531,3:09:10,7:13,M 35-39/8,M-37,32,3:09:14,66.31%
38,Mitchell Compton II,"Bonita, CA",371,3:09:49,7:15,M 35-39/9,M-35,33,3:09:56,65.81%
39,Dale Haas,"San Diego, CA",648,3:10:18,7:16,M 55-59/2,M-57,34,3:10:22,78.19%
40,Jon Davis,"Carlsbad, CA",418,3:11:51,7:20,M 35-39/10,M-39,35,3:11:56,66.18%
41,Jon Rust,"Camarillo, CA",1740,3:11:56,7:20,M 40-44/5,M-41,36,3:12:00,67.25%
42,Alex Suchey,"Rancho Cucamonga, CA",1489,3:12:04,7:20,M 40-44/6,M-43,37,3:12:09,68.33%
43,Anna Leer,"San Diego, CA",911,3:13:24,7:23,F 25-29/1,F-27,6,3:13:38,70.02%
44,Bryan Rockwood,"San Diego, CA",1310,3:13:25,7:23,M 45-49/4,M-46,38,3:13:33,69.61%
45,Paull Connolly,"Carlsbad, CA",374,3:13:32,7:23,M 40-44/7,M-43,39,3:13:36,67.82%
46,Joey Neptune,"Vista, CA",1128,3:13:56,7:24,M 25-29/5,M-25,40,3:14:02,64.42%
47,Shawn O'Shea,"Carlsbad, CA",1173,3:14:16,7:25,M 35-39/11,M-37,41,3:14:24,64.56%
48,Meghann Nelles,"San Diego, CA",1125,3:14:22,7:25,F 30-34/2,F-33,7,3:14:26,70.15%
49,Sarah Moore,"Aliso Viejo, CA",1073,3:14:31,7:26,F 25-29/2,F-29,8,3:14:49,69.62%
50,David Easa,"Encinitas, CA",1759,3:14:31,7:26,M 35-39/12,M-37,42,3:14:49,64.48%
51,Garrett Sheehan,"San Diego, CA",1414,3:14:38,7:26,M 25-29/6,M-29,43,3:14:41,64.19%
52,Marvin Rodriguez,"North Hollywood, CA",1315,3:14:40,7:26,M 30-34/6,M-32,44,3:14:44,64.18%
53,Eric Koster,"La Jolla, CA",1719,3:14:43,7:26,M 25-29/7,M-29,45,3:14:43,64.16%
54,Clayton Lewis,"Seattle, WA",927,3:16:18,7:30,M 50-54/1,M-52,46,3:16:23,72.34%
55,Benjamin Uphoff,"Anthem, AZ",1564,3:16:35,7:30,M 25-29/8,M-27,47,3:16:38,63.55%
56,Dennis Hurley,"San Marcos, CA",755,3:16:36,7:30,M 40-44/8,M-41,48,3:16:42,65.65%
57,Chase Muller,"Santa Barbara, CA",1732,3:16:44,7:31,M 25-29/9,M-26,49,3:16:54,63.50%
58,Alex Tyner,"Rancho Santa Fe, CA",1562,3:16:48,7:31,M 01-17/2,M-17,50,3:16:51,66.99%
59,Sara Siesco,"Phoenix, AZ",1427,3:16:56,7:31,F 25-29/3,F-29,9,3:17:05,68.77%
60,David Louvet,"Costa Mesa, CA",948,3:16:59,7:31,M 30-34/7,M-30,51,3:17:03,63.42%
61,Brian Polidori,"San Luis Obispo, CA",1236,3:17:13,7:32,M 18-24/4,M-21,52,3:17:17,63.63%
62,Greg Wright,"Loma Linda, CA",1664,3:17:24,7:32,M 25-29/10,M-25,53,3:17:28,63.29%
63,Luis Reyes,"Chula Vista, CA",1289,3:17:39,7:33,M 35-39/13,M-38,54,3:17:53,63.78%
64,Paul Todd,"San Diego, CA",1542,3:18:01,7:34,M 35-39/14,M-39,55,3:18:12,64.12%
65,Emily Castro,"San Diego, CA",320,3:18:11,7:34,F 25-29/4,F-26,10,3:18:17,68.33%
66,Glenn Matanza,"San Diego, CA",999,3:18:15,7:34,M 35-39/15,M-35,56,3:18:28,63.01%
67,Sammie Green,"San Diego, CA",623,3:18:44,7:35,M 40-44/9,M-40,57,3:18:53,64.41%
68,Alden Wood,"Boulder Creek, CA",1656,3:19:42,7:37,M 18-24/5,M-22,58,3:19:47,62.59%
69,Tom Macrae,"Coronado, CA",969,3:19:55,7:38,M 45-49/5,M-46,59,3:19:59,67.35%
70,John Barry,"San Diego, CA",180,3:20:25,7:39,M 25-29/11,M-25,60,3:20:58,62.33%
71,Clark Acuna,"San Diego, CA",106,3:21:32,7:42,M 40-44/10,M-42,61,3:21:37,64.58%
72,Billy Richardson,"New York, NY",1297,3:21:35,7:42,M 40-44/11,M-41,62,3:22:44,64.03%
73,Timothy Sullivan,"Lake Forest, CA",1494,3:21:38,7:42,M 45-49/6,M-46,63,3:21:43,66.78%
74,Erik Visnyak,"San Diego, CA",1597,3:21:48,7:42,M 30-34/8,M-30,64,3:22:02,61.91%
75,Michael Phillippi,"San Diego, CA",1229,3:22:00,7:43,M 40-44/12,M-44,65,3:22:06,65.52%
76,Marc Schommer,"San Diego, CA",1384,3:22:18,7:43,M 25-29/12,M-25,66,3:22:23,61.75%
77,Noah Friedman,"Del Mar, CA",1754,3:22:23,7:44,M 18-24/6,M-18,67,3:22:31,64.20%
78,Arturo Zamudio,"Oceanside, CA",1682,3:22:30,7:44,M 25-29/13,M-27,68,3:24:06,61.69%
79,Eric Boernke,"Chula Vista, CA",236,3:22:39,7:44,M 30-34/9,M-30,69,3:22:47,61.65%
80,Drew Fagent,"San Diego, CA",513,3:23:15,7:46,M 25-29/14,M-28,70,3:23:21,61.46%
81,Anya Oleynik,"Los Angeles, CA",22,3:23:50,7:47,F 18-24/1,F-23,11,3:23:51,66.44%
82,Shane Blatz,"San Diego, CA",230,3:23:52,7:47,M 25-29/15,M-25,71,3:23:54,61.28%
83,Jorge Angeles,"San Diego, CA",11121,3:23:52,7:47,M 25-29/16,M-27,72,3:24:08,61.28%
84,Greg Woskow,"Littleton, CO",1662,3:23:55,7:47,M 45-49/7,M-46,73,3:23:58,66.03%
85,Linda Vigil,"Carlsbad, CA",1592,3:23:55,7:47,F 40-44/1,F-43,12,3:24:00,72.32%
86,Greg Melgares,"Oconomowoc, WI",1027,3:24:01,7:47,M 45-49/8,M-45,74,3:24:08,65.43%
87,Eric Devine,"San Diego, CA",447,3:24:17,7:48,M 40-44/13,M-43,75,3:24:21,64.25%
88,Matt Anderson,"Murrieta, CA",138,3:24:27,7:48,M 35-39/16,M-37,76,3:24:37,61.35%
89,John Heusner,"Corona, CA",709,3:24:40,7:49,M 35-39/17,M-37,77,3:24:44,61.28%
90,Telan Nichols,"Lake Forest, CA",1136,3:24:48,7:49,M 35-39/18,M-38,78,3:24:56,61.55%
91,Kimberley Bandy,"San Diego, CA",168,3:25:19,7:50,F 40-44/2,F-40,13,3:25:27,69.48%
92,Jared Kirkwood,"Irvine, CA",846,3:25:25,7:51,M 35-39/19,M-37,79,3:25:27,61.06%
93,Michael Stange,"San Diego, CA",1467,3:25:36,7:51,M 40-44/14,M-41,80,3:25:40,62.78%
94,Victor Manningham,"Valley Center, CA",980,3:25:50,7:52,M 45-49/9,M-45,81,3:25:55,64.86%
95,Greg Hall,"Kansas City, MO",655,3:25:51,7:52,M 55-59/3,M-57,82,3:25:57,72.28%
96,Lisa Anderson,"Rancho Santa Margarita, CA",136,3:25:59,7:52,F 45-49/1,F-46,14,3:26:11,74.24%
97,Leslie Buehler,"Laguna Niguel, CA",278,3:25:59,7:52,F 40-44/3,F-43,15,3:26:10,71.60%
98,Peter Blomgren,"La Mesa, CA",234,3:26:19,7:53,M 40-44/15,M-40,83,3:26:29,62.05%
99,Ashley Estes,"La Jolla, CA",506,3:26:31,7:53,F 25-29/5,F-25,16,3:26:45,65.58%
100,David Keck,"Rancho Cucamonga, CA",823,3:26:32,7:53,M 50-54/2,M-51,84,3:26:41,68.14%
101,Michael Bujold,"Riverside, CA",281,3:26:42,7:54,M 25-29/17,M-25,85,3:30:36,60.44%
102,Buddy Carr,"Carlsbad, CA",311,3:26:43,7:54,M 45-49/10,M-45,86,3:27:05,64.58%
103,Celia Jenkinson,"San Diego, CA",782,3:26:44,7:54,F 40-44/4,F-43,17,3:26:51,71.34%
104,Jim Goss,"Spring Valley, CA",611,3:27:37,7:56,M 40-44/16,M-44,87,3:28:37,63.74%
105,Kerry-Shannon Grieser,"Solana Beach, CA",632,3:27:40,7:56,F 40-44/5,F-41,18,3:31:28,69.40%
106,Triston Jointer,"San Diego, CA",802,3:27:59,7:56,M 25-29/18,M-29,88,3:28:35,60.07%
107,Andrew Gillespie,"Tucson, AZ",584,3:28:04,7:57,M 45-49/11,M-45,89,3:28:14,64.16%
108,Bart McGhee,"Encinitas, CA",1011,3:28:09,7:57,M 40-44/17,M-42,90,3:28:25,62.52%
109,Julie Rueckheim,"Carlsbad, CA",1341,3:28:13,7:57,F 25-29/6,F-27,19,3:28:43,65.04%
110,Patrick Leary,"Coronado, CA",905,3:28:17,7:57,M 45-49/12,M-48,91,3:28:22,65.78%
111,Ashley Wiese,"San Diego, CA",1638,3:28:20,7:57,F 30-34/3,F-32,20,3:28:27,65.25%
112,Scott Atkins,"San Diego, CA",156,3:28:38,7:58,M 25-29/19,M-26,92,3:28:56,59.88%
113,Kasey Zapatka,"Carlsbad, CA",1683,3:28:53,7:59,M 18-24/7,M-23,93,3:28:58,59.81%
114,Richie Rausch,"Encinitas, CA",1272,3:28:57,7:59,M 25-29/20,M-28,94,3:29:07,59.79%
115,Oscar Blando,"San Diego, CA",228,3:29:01,7:59,M 45-49/13,M-48,95,3:29:14,65.55%
116,Christine Sciabarrasi,"Carlsbad, CA",1388,3:29:02,7:59,F 40-44/6,F-41,21,3:29:08,68.95%
117,Todd Coyer,"Temecula, CA",391,3:29:11,7:59,M 30-34/10,M-33,96,3:29:34,59.72%
118,Andy Sweet,"San Marcos, CA",1501,3:29:14,7:59,M 50-54/3,M-50,97,3:29:21,66.66%
119,Hugo Lecomte,"Carlsbad, CA",906,3:29:15,7:59,M 35-39/20,M-38,98,3:29:26,60.24%
120,Jason Maune,"San Diego, CA",1003,3:29:15,7:59,M 35-39/21,M-37,99,3:29:26,59.94%
121,Shannon Holden,"Spokane, WA",728,3:29:16,7:59,F 35-39/2,F-35,22,3:29:23,65.71%
122,Scott Stafford,"San Diego, CA",1466,3:29:18,7:59,M 35-39/22,M-38,100,3:29:25,60.23%
123,Fabiola Figueroa,"San Diego, CA",524,3:29:22,8:00,F 35-39/3,F-35,23,3:29:27,65.68%
124,Shannon Orr,"San Diego, CA",1734,3:29:32,8:00,F 30-34/4,F-34,24,3:29:38,65.32%
125,Steven Shadley,"San Diego, CA",1741,3:29:38,8:00,M 25-29/21,M-28,101,3:29:38,59.59%
126,Breanne Reid,"San Diego, CA",1280,3:29:59,8:01,F 30-34/5,F-32,25,3:30:08,64.74%
127,Jodawn Whitlock-Karnowski,"Carlsbad, CA",1633,3:30:16,8:02,F 30-34/6,F-33,26,3:30:25,64.84%
128,Andrew Moulis,"Solana Beach, CA",1093,3:30:19,8:02,M 35-39/23,M-39,102,3:30:34,60.37%
129,Greg Wierman,"San Diego, CA",1637,3:30:24,8:02,M 45-49/14,M-45,103,3:30:32,63.45%
130,Vito Bica,"Poway, CA",217,3:30:31,8:02,M 50-54/4,M-51,104,3:30:38,66.85%
131,Shad Butte,"Encinitas, CA",296,3:30:43,8:03,M 40-44/18,M-43,105,3:31:00,62.28%
132,Samantha Wang,"San Diego, CA",1612,3:30:55,8:03,F 18-24/2,F-23,27,3:31:21,64.21%
133,Michael Fredette,"Carlsbad, CA",541,3:31:28,8:04,M 35-39/24,M-36,106,3:31:34,59.14%
134,Gary Deacon,"Sonora, CA",424,3:31:28,8:04,M 50-54/5,M-52,107,3:31:35,67.16%
135,Elizabeth Kettel,"San Francisco, CA",837,3:31:32,8:05,F 25-29/7,F-26,28,3:31:39,64.02%
136,Joseph Gleeson,"San Diego, CA",597,3:31:39,8:05,M 45-49/15,M-47,108,3:31:46,64.18%
137,Uli Samer-Rodrigues,"Poway, CA",1360,3:32:02,8:06,F 45-49/2,F-46,29,3:32:07,72.12%
138,Dave Drake,"Phoenix, AZ",464,3:32:09,8:06,M 45-49/16,M-48,109,3:32:16,64.58%
139,Ryan Botts,"San Diego, CA",252,3:32:15,8:06,M 30-34/11,M-32,110,3:32:45,58.86%
140,Caitlin Davis,"Chula Vista, CA",415,3:32:20,8:06,F 25-29/8,F-28,30,3:32:35,63.78%
141,Jerry Bonello,"Farmington Hills, MI",242,3:32:35,8:07,M 50-54/6,M-54,111,3:32:44,68.04%
142,John Breding,"Encinitas, CA",263,3:32:37,8:07,M 45-49/17,M-48,112,3:37:45,64.44%
143,Kenny Hardy,"San Diego, CA",673,3:32:46,8:07,M 40-44/19,M-41,113,3:32:49,60.67%
144,Jeffrey Mendoza,"Chula Vista, CA",1031,3:32:59,8:08,M 25-29/22,M-28,114,3:33:13,58.66%
145,Seth Roland,"Denver, CO",1324,3:33:06,8:08,M 35-39/25,M-36,115,3:33:19,58.69%
146,Eugene Nagata,"Fallbrook, CA",1108,3:33:12,8:08,M 50-54/7,M-54,116,3:33:28,67.84%
147,Ozcan Eren,"San Diego, CA",500,3:33:22,8:09,M 35-39/26,M-37,117,3:33:27,58.78%
148,Timothy Rayner,"San Diego, CA",1273,3:33:27,8:09,M 45-49/18,M-45,118,3:33:31,62.54%
149,Greg Hoagland,"San Diego, CA",721,3:33:36,8:09,M 45-49/19,M-45,119,3:33:43,62.50%
150,Bob Routt,"Kirkland, WA",1337,3:33:37,8:09,M 55-59/4,M-59,120,3:33:55,71.00%
151,Kyle Billings,"Twentynine Palms, CA",1699,3:33:47,8:10,M 25-29/23,M-26,121,3:33:57,58.44%
152,Colin Hickle,"San Diego, CA",713,3:34:00,8:10,M 25-29/24,M-29,122,3:34:24,58.38%
153,Rob Braulik,"Pleasanton, CA",261,3:34:19,8:11,M 45-49/20,M-45,123,3:34:22,62.29%
154,Thomas Knochenhauer,"San Diego, CA",856,3:34:42,8:12,M 55-59/5,M-56,124,3:34:46,68.65%
155,Cassandra Glaser,"Indio, CA",593,3:34:50,8:12,F 25-29/9,F-29,31,3:35:09,63.04%
156,Linda Fradkin,"Solana Beach, CA",535,3:34:52,8:12,F 45-49/3,F-47,32,3:34:57,72.06%
157,Kevin Koenig,"San Diego, CA",858,3:34:53,8:12,M 25-29/25,M-25,125,3:35:25,58.14%
158,Jim Beck,"Laguna Hills, CA",191,3:35:12,8:13,M 45-49/21,M-46,126,3:35:20,62.57%
159,Michael Jacobson,"Oceanside, CA",772,3:35:24,8:13,M 35-39/27,M-38,127,3:35:38,58.52%
160,Eric Smigels,"Oceanside, CA",1438,3:35:25,8:13,M 40-44/20,M-40,128,3:36:00,59.42%
161,Sean Ruiz,"San Diego, CA",1343,3:35:30,8:14,M 30-34/12,M-34,129,3:36:09,57.97%
162,Carl Tsang,"San Diego, CA",1554,3:35:42,8:14,M 25-29/26,M-28,130,3:35:55,57.92%
163,Allison Gerrard,"Slc, UT",575,3:36:03,8:15,F 35-39/4,F-38,33,3:36:08,64.89%
164,Samuel Rocke,"Fort Wayne, IN",1309,3:36:08,8:15,M 25-29/27,M-25,131,3:36:17,57.80%
165,Yasushi Yamasaki,"San Marcos, CA",1668,3:36:12,8:15,M 45-49/22,M-46,132,3:37:01,62.28%
166,Greg Ball,"Encinitas, CA",167,3:36:19,8:15,M 35-39/28,M-35,133,3:37:22,57.75%
167,Lauren Gately,"La Jolla, CA",568,3:36:22,8:16,F 18-24/3,F-24,34,3:36:51,62.59%
168,Jari Niskala,"San Diego, CA",1139,3:36:31,8:16,M 30-34/13,M-33,134,3:36:37,57.70%
169,Angela Rebol,"Aptos, CA",1274,3:36:40,8:16,F 35-39/5,F-36,35,3:36:50,63.81%
170,Heather Catchpole,"San Diego, CA",321,3:37:06,8:17,F 35-39/6,F-36,36,3:37:17,63.69%
171,Per Milam,"La Jolla, CA",1043,3:37:19,8:18,M 25-29/28,M-29,135,3:37:27,57.49%
172,John Stark,"Minneapolis, MN",1469,3:37:31,8:18,M 40-44/21,M-41,136,3:37:39,59.34%
173,Mignon Hilts,"San Diego, CA",718,3:37:34,8:18,F 35-39/7,F-37,37,3:37:44,63.96%
174,David Sibbrel,"Chino Hills, CA",1424,3:37:37,8:18,M 35-39/29,M-38,137,3:37:49,57.93%
175,Brian Knosp,"Pasadena, CA",857,3:37:49,8:19,M 30-34/14,M-31,138,3:38:02,57.35%
176,Bob Sheffres,"Poway, CA",1415,3:37:51,8:19,M 50-54/8,M-54,139,3:38:00,66.40%
177,Ramon Betancourt,"San Diego, CA",214,3:38:05,8:20,M 55-59/6,M-58,140,3:38:21,68.89%
178,Briana Lopez,"Fallbrook, CA",942,3:38:24,8:20,F 18-24/4,F-22,38,3:38:55,62.01%
179,Jill Armstrong,"Carlsbad, CA",151,3:38:25,8:20,F 50-54/1,F-51,39,3:38:36,74.60%
180,Alexander Wallin,"San Diego, CA",1606,3:38:28,8:20,M 18-24/8,M-24,141,3:38:52,57.18%
181,Marc Frommer,"Portland, OR",547,3:38:28,8:20,M 55-59/7,M-59,142,3:38:38,69.43%
182,Scott Larson,"San Diego, CA",896,3:38:34,8:21,M 25-29/29,M-29,143,3:38:48,57.16%
183,Bobby Haywood,"Carlsbad, CA",691,3:38:36,8:21,M 35-39/30,M-36,144,3:38:48,57.21%
184,Vanessa Jones,"Apple Valley, CA",809,3:38:37,8:21,F 50-54/2,F-50,40,3:38:47,73.57%
185,Ian Stuart,"San Diego, CA",1484,3:38:39,8:21,M 50-54/9,M-50,145,3:38:51,63.79%
186,Allison Johnson,"Yuma, AZ",787,3:38:40,8:21,F 35-39/8,F-36,41,3:38:51,63.23%
187,Carlos Portal,"San Diego, CA",1245,3:38:45,8:21,M 45-49/23,M-48,146,3:38:54,62.63%
188,Benjamin Kern,"Chicago, IL",835,3:38:48,8:21,M 40-44/22,M-41,147,3:38:53,58.99%
189,Gaetano Bologna,"San Diego, CA",1700,3:38:57,8:22,M 25-29/30,M-25,148,3:39:40,57.06%
190,Ignacio Aguilar,"Murrieta, CA",112,3:39:03,8:22,M 40-44/23,M-44,149,3:39:17,60.42%
191,Kevin Smith,"San Diego, CA",1445,3:39:04,8:22,M 50-54/10,M-54,150,3:39:11,66.03%
192,Ian Bradley,"El Cajon, CA",258,3:39:16,8:22,M 25-29/31,M-27,151,3:39:19,56.97%
193,Nicholas Wetta,"San Diego, CA",1628,3:39:18,8:22,M 18-24/9,M-22,152,3:39:29,57.00%
194,Nadia Brouillette,"Denver, CO",269,3:39:18,8:22,F 25-29/10,F-26,42,3:39:51,61.75%
195,Goldamer Thach,"San Diego, CA",1746,3:39:29,8:23,F 25-29/11,F-26,43,3:39:41,61.70%
196,Mark Preston,"San Diego, CA",1253,3:39:41,8:23,M 40-44/24,M-42,153,3:39:57,59.24%
197,Svetlana Yesaulova,"Carlsbad, CA",1751,3:39:41,8:23,F 35-39/9,F-35,44,3:39:41,62.59%
198,Alejandro Giffords,"MEXICO, ",581,3:39:49,8:24,M 50-54/11,M-51,154,3:39:52,64.02%
199,Cary Henderson,"San Diego, CA",702,3:39:58,8:24,F 35-39/10,F-35,45,3:40:11,62.51%
200,Joe Tucker,"Philadelphia, PA",1556,3:40:08,8:24,M 45-49/24,M-49,155,3:40:13,62.79%
201,Andrew Mulligan,"San Diego, CA",1098,3:40:24,8:25,M 30-34/15,M-34,156,3:40:36,56.68%
202,Taylor Sowards,"Carlsbad, CA",1455,3:40:28,8:25,M 30-34/16,M-33,157,3:40:43,56.66%
203,Ilian Borsberry,"Coronado, CA",1701,3:40:28,8:25,F 40-44/7,F-43,46,3:40:39,66.89%
204,Tavish Margers,"Santee, CA",983,3:40:34,8:25,M 35-39/31,M-39,158,3:40:40,57.56%
205,Tanner Jones,"Tucson, AZ",807,3:40:35,8:25,M 30-34/17,M-33,159,3:41:12,56.63%
206,Alexis Perea,"Tucson, AZ",1216,3:40:35,8:25,F 30-34/7,F-33,47,3:41:12,61.81%
207,Thomas Hird,"Encinitas, CA",1716,3:40:44,8:26,M 45-49/25,M-49,160,3:41:06,62.62%
208,Tina Secrest,"Scottsdale, AZ",1397,3:40:44,8:26,F 35-39/11,F-38,48,3:40:57,63.51%
209,Miguel Mata,"San Diego, CA",998,3:40:47,8:26,M 45-49/26,M-49,161,3:40:57,62.61%
210,John Genduso,"San Clemente, CA",574,3:40:50,8:26,M 40-44/25,M-42,162,3:41:31,58.93%
211,Eric Navarro,"Chula Vista, CA",1118,3:40:50,8:26,M 30-34/18,M-33,163,3:41:05,56.57%
212,Sean Hawkins,"Oceanside, CA",683,3:40:51,8:26,M 40-44/26,M-41,164,3:41:08,58.45%
213,Shelly Barron,"Oceanside, CA",179,3:40:54,8:26,F 30-34/8,F-31,49,3:41:14,61.41%
214,Clark Tella,"San Diego, CA",1519,3:41:07,8:26,M 18-24/10,M-22,165,3:41:23,56.53%
215,Adrian Robles,"National City, CA",1308,3:41:31,8:27,M 30-34/19,M-34,166,3:41:50,56.40%
216,John Kim,"Hoffman Estates, IL",842,3:41:48,8:28,M 45-49/27,M-49,167,3:41:58,62.32%
217,Greg Cartwright,"Poway, CA",315,3:41:49,8:28,M 55-59/8,M-59,168,3:41:56,68.38%
218,Jason Im,"San Diego, CA",760,3:42:06,8:29,M 18-24/11,M-24,169,3:42:17,56.25%
219,David Hynan,"Solana Beach, CA",759,3:42:09,8:29,M 40-44/27,M-42,170,3:42:17,58.58%
220,Erin House,"Astoria, OR",741,3:42:24,8:29,F 25-29/12,F-29,50,3:42:32,60.89%
221,Christine Houser,"San Diego, CA",742,3:42:24,8:29,F 30-34/9,F-32,51,3:42:47,61.13%
222,Erin Peitzmeier,"Phoenix, AZ",1209,3:42:30,8:30,F 25-29/13,F-28,52,3:42:38,60.87%
223,Drew Newberry,"La Jolla, CA",1131,3:42:45,8:30,M 18-24/12,M-22,171,3:42:53,56.11%
224,Dennis Smith,"Olympia, WA",1443,3:42:47,8:30,M 60-64/1,M-61,172,3:43:04,69.44%
225,Daniel Miesner,"San Diego, CA",1042,3:42:48,8:30,M 25-29/32,M-26,173,3:42:54,56.07%
226,Sara Nucci,"San Diego, CA",1146,3:42:48,8:30,F 35-39/12,F-35,53,3:43:12,61.72%
227,Carolyn Tallman,"Vista, CA",1508,3:42:53,8:31,F 25-29/14,F-25,54,3:43:38,60.76%
228,Eric Hsu,"San Diego, CA",746,3:42:55,8:31,M 18-24/13,M-23,174,3:43:38,56.04%
229,Haydn Howe,"San Marcos, CA",745,3:43:11,8:31,M 45-49/28,M-45,175,3:43:28,59.81%
230,Bernard De Jager,"Walnut Creek, CA",423,3:43:12,8:31,M 40-44/28,M-40,176,3:43:30,57.35%
231,Colleen Lynn,"San Diego, CA",963,3:43:13,8:31,F 35-39/13,F-39,55,3:43:34,63.32%
232,Andrew Keller,"Carlsbad, CA",827,3:43:20,8:32,M 18-24/14,M-23,177,3:43:40,55.94%
233,Kim Lester,"Camas, WA",922,3:43:35,8:32,F 35-39/14,F-37,56,3:43:59,62.24%
234,Benjamin Posthuma,"San Diego, CA",1247,3:43:44,8:32,M 30-34/20,M-30,178,3:43:56,55.84%
235,Bryson Menke,"Chula Vista, CA",1727,3:43:50,8:33,M 25-29/33,M-28,179,3:43:58,55.81%
236,Justin Smiech,"Corona, CA",1743,3:44:03,8:33,M 30-34/21,M-32,180,3:44:06,55.76%
237,John Duerksen,"CANADA, ",472,3:44:14,8:34,M 50-54/12,M-53,181,3:44:23,63.91%
238,Sean Day,"Lemon Grove, CA",421,3:44:57,8:35,M 40-44/29,M-44,182,3:45:15,58.83%
239,Jennifer Rose,"Solana Beach, CA",1331,3:45:09,8:36,F 35-39/15,F-37,57,3:45:26,61.81%
240,Gordon Topper,"Oceanside, CA",1549,3:45:14,8:36,M 30-34/22,M-34,183,3:45:25,55.47%
241,Mark Londhair,"Escondido, CA",939,3:45:19,8:36,M 50-54/13,M-50,184,3:45:41,61.90%
242,Roy Glass,"Portland, OR",595,3:45:21,8:36,M 55-59/9,M-56,185,3:45:34,65.41%
243,Jennifer Pollock,"San Diego, CA",1240,3:45:23,8:36,F 30-34/10,F-33,58,3:45:31,60.49%
244,Bobby Van Hollebeke,"San Diego, CA",1572,3:45:34,8:37,M 25-29/34,M-27,186,3:45:50,55.38%
245,Gustavo Prado,"San Diego, CA",1251,3:45:37,8:37,M 35-39/32,M-35,187,3:45:46,55.37%
246,Silvia Legaspi,"San Diego, CA",912,3:45:38,8:37,F 35-39/16,F-37,59,3:46:42,61.68%
247,Joe Henry,"Encinitas, CA",704,3:45:55,8:37,M 25-29/35,M-28,188,3:46:04,55.30%
248,Joe Ogata,"Pacoima, CA",1154,3:46:01,8:38,M 60-64/2,M-63,189,3:46:04,69.83%
249,Travis Keys,"Mercer Island, WA",839,3:46:04,8:38,M 30-34/23,M-33,190,3:46:17,55.26%
250,Carolyn Nutovic,"Carlsbad, CA",1148,3:46:11,8:38,F 50-54/3,F-52,60,3:46:18,73.00%
251,Nancy Moulis,"Solana Beach, CA",1094,3:46:18,8:38,F 35-39/17,F-35,61,3:46:32,60.76%
252,Kyle Elser,"La Mesa, CA",492,3:46:20,8:38,M 45-49/29,M-49,191,3:46:34,61.07%
253,Kenny Hamilton,"El Cajon, CA",662,3:46:20,8:38,M 45-49/30,M-48,192,3:46:34,60.53%
254,Alan Hamilton,"El Cajon, CA",659,3:46:21,8:38,M 50-54/14,M-50,193,3:46:35,61.62%
255,John Paladino,"Escondido, CA",1187,3:46:25,8:39,M 30-34/24,M-34,194,3:46:28,55.18%
256,Robert Switzler,"Encinitas, CA",1505,3:46:43,8:39,M 45-49/31,M-47,195,3:46:49,59.91%
257,Peter Lesaca,"Santee, CA",919,3:46:45,8:39,M 30-34/25,M-31,196,3:46:56,55.09%
258,Julie Rohmann,"San Diego, CA",1321,3:46:55,8:40,F 25-29/15,F-28,62,3:47:15,59.68%
259,Ed Ettinghausen,"Wildomar, CA",507,3:47:03,8:40,M 45-49/32,M-49,197,3:52:35,60.88%
260,Mark Anderson,"Yorba Linda, CA",137,3:47:06,8:40,M 18-24/15,M-20,198,3:47:25,55.71%
261,Katie Busch-Sorensen,"San Diego, CA",291,3:48:13,8:43,F 40-44/8,F-40,63,3:48:53,62.51%
262,Erin Hochstatter,"Chicago, IL",722,3:48:20,8:43,F 35-39/18,F-36,64,3:48:44,60.55%
263,Larry Rich,"San Francisco, CA",1295,3:48:36,8:44,M 40-44/30,M-42,199,3:48:46,56.93%
264,Chris McCann,"Carlsbad, CA",1005,3:48:36,8:44,M 30-34/26,M-32,200,3:48:39,54.65%
265,Kelly Cockrell,"Peoria, AZ",360,3:48:37,8:44,F 30-34/11,F-32,65,3:48:59,59.46%
266,John Branigin,"Bloomington, IN",259,3:48:41,8:44,M 40-44/31,M-44,201,3:48:59,57.87%
267,Eric Paavola,"Lakeside, CA",1182,3:49:08,8:45,M 55-59/10,M-58,202,3:49:42,65.56%
268,Jeff Padilla,"Newport Beach, CA",1184,3:49:10,8:45,M 60-64/3,M-62,203,3:49:41,68.19%
269,Kristian Marlow,"Saint Louis, MO",985,3:49:34,8:46,M 25-29/36,M-25,204,3:50:18,54.42%
270,Kenton Davis,"Haymarket, VA",419,3:49:45,8:46,M 40-44/32,M-40,205,3:50:06,55.72%
271,Rick Carlson,"Phoenix, AZ",310,3:49:56,8:47,M 40-44/33,M-44,206,3:50:49,57.56%
272,Sam Pruitt,"Grapevine, TX",1256,3:50:00,8:47,M 40-44/34,M-41,207,3:50:22,56.12%
273,Debbie Moore,"El Cajon, CA",1070,3:50:11,8:47,F 50-54/4,F-51,66,3:50:27,70.79%
274,Peter McNamara,"San Diego, CA",1019,3:50:34,8:48,M 40-44/35,M-41,208,3:50:45,55.98%
275,Terrie West,"Pleasanton, CA",1627,3:50:43,8:48,F 45-49/4,F-48,67,3:50:54,67.95%
276,Christian Heckscher,"Del Mar, CA",693,3:50:44,8:48,M 60-64/4,M-60,209,3:51:01,66.39%
277,Jorge Reyes,"San Diego, CA",1288,3:50:47,8:49,M 50-54/15,M-53,210,3:50:51,62.10%
278,Teresita Guzman,"San Diego, CA",645,3:50:50,8:49,F 18-24/5,F-21,68,3:50:57,58.67%
279,James Davis,"Carlsbad, CA",417,3:50:55,8:49,M 18-24/16,M-24,211,3:51:34,54.10%
280,Craig Anderson,"Corona, CA",132,3:51:02,8:49,M 45-49/33,M-46,212,3:51:09,58.28%
281,Daniel Shamburg,"San Diego, CA",1742,3:51:08,8:49,M 30-34/27,M-32,213,3:51:25,54.05%
282,Chiara Gelinas,"Oceanside, CA",573,3:51:10,8:49,F 30-34/12,F-33,69,3:51:28,58.98%
283,Jeff Haak,"Portland, OR",646,3:51:32,8:50,M 18-24/17,M-24,214,3:51:52,53.96%
284,Matt Zabriskie,"Salt Lake City, UT",1753,3:51:32,8:50,M 18-24/18,M-24,215,3:51:52,53.96%
285,Victoria Moore,"Coronado, CA",1074,3:51:35,8:50,F 25-29/16,F-25,70,3:51:40,58.48%
286,Natalie Darr,"San Luis Obispo, CA",412,3:51:37,8:51,F 18-24/6,F-19,71,3:52:00,58.84%
287,Noel Garibay,"San Diego, CA",565,3:51:48,8:51,M 40-44/36,M-41,216,3:52:07,55.68%
288,Tran Bui,"San Jose, CA",279,3:51:50,8:51,M 40-44/37,M-42,217,3:52:05,56.14%
289,Melody Hayward,"Boise, ID",690,3:51:50,8:51,F 25-29/17,F-27,72,3:52:04,58.42%
290,Bernell Tebbe,"Cincinnati, OH",1517,3:51:53,8:51,M 40-44/38,M-41,218,3:52:10,55.66%
291,Jeremy Valentiner,"Los Gatos, CA",1568,3:51:57,8:51,M 25-29/37,M-28,219,3:52:22,53.86%
292,Jacquilyn Venstrom,"Carlsbad, CA",1586,3:52:10,8:52,F 35-39/19,F-36,73,3:52:22,59.55%
293,Mark Wilkinson,"Vista, CA",1639,3:52:12,8:52,M 30-34/28,M-32,220,3:52:22,53.80%
294,Kelly Hoopes,"Oceanside, CA",735,3:52:31,8:53,M 40-44/39,M-42,221,3:52:46,55.97%
295,Caryl Weir,"San Diego, CA",1622,3:52:34,8:53,F 45-49/5,F-48,74,3:53:27,67.41%
296,Amy Elwell,"Bellevue, WA",493,3:52:37,8:53,F 35-39/20,F-39,75,3:52:57,60.76%
297,Anja Koester,"San Diego, CA",859,3:52:40,8:53,F 45-49/6,F-45,76,3:53:04,64.93%
298,Adrian Radulescu,"San Diego, CA",1264,3:52:45,8:53,M 35-39/33,M-39,222,3:53:04,54.55%
299,Dennis Zaborac,"Kent, WA",1679,3:52:55,8:53,M 60-64/5,M-62,223,3:53:05,67.09%
300,Roy Lai,"San Diego, CA",885,3:52:56,8:54,M 35-39/34,M-35,224,3:53:14,53.63%
301,Alistair Cubbon,"Solana Beach, CA",402,3:52:58,8:54,M 35-39/35,M-36,225,3:53:14,53.68%
302,Aki Hoshi,"Irvine, CA",738,3:53:00,8:54,F 40-44/9,F-44,77,3:53:07,64.05%
303,Emmanuel Debrand,"La Jolla, CA",1708,3:53:05,8:54,M 40-44/40,M-40,226,3:53:33,54.92%
304,Jeffrey Fortuna,"San Marcos, CA",534,3:53:05,8:54,M 30-34/29,M-33,227,3:53:41,53.60%
305,Mathew Brzezinski,"Lakeside, CA",276,3:53:10,8:54,M 30-34/30,M-34,228,3:53:25,53.58%
306,Brandon Saxon,"San Diego, CA",1368,3:53:10,8:54,M 30-34/31,M-33,229,3:53:19,53.58%
307,Debbie Rough,"Carlsbad, CA",1336,3:53:15,8:54,F 40-44/10,F-41,78,3:53:26,61.79%
308,Kristin Stehly,"Escondido, CA",1472,3:53:19,8:54,F 30-34/13,F-34,79,3:58:28,58.66%
309,Jason Binswanger,"San Diego, CA",225,3:53:19,8:54,M 35-39/36,M-39,230,3:53:36,54.41%
310,Peter Goslow,"Woodland Hills, CA",610,3:53:27,8:55,M 40-44/41,M-41,231,3:53:52,55.29%
311,Karla Hill,"Brentwood, CA",816,3:53:30,8:55,F 18-24/7,F-24,80,3:53:53,58.00%
312,Henry Donigan,"Fallbrook, CA",459,3:53:31,8:55,M 55-59/11,M-56,232,3:53:50,63.12%
313,Kevin Kragen,"San Diego, CA",865,3:53:31,8:55,M 50-54/16,M-51,233,3:53:50,60.26%
314,Rainer Kurz,"San Diego, CA",879,3:53:41,8:55,M 50-54/17,M-51,234,3:53:54,60.22%
315,Jason Ohmstede,"Solana Beach, CA",1158,3:53:43,8:55,M 40-44/42,M-43,235,3:54:09,56.15%
316,Taku Inoue,"San Diego, CA",762,3:53:50,8:56,M 35-39/37,M-37,236,3:54:06,53.64%
317,Richard Glynne,"La Jolla, CA",598,3:54:20,8:57,M 40-44/43,M-42,237,3:54:30,55.54%
318,Joan Baxter,"Pittsburgh, PA",189,3:54:26,8:57,F 50-54/5,F-50,81,3:54:44,68.61%
319,Ryan Green,"San Marcos, CA",622,3:54:27,8:57,M 35-39/38,M-37,238,3:54:34,53.50%
320,Trent Tischer,"El Cajon, CA",1538,3:54:31,8:57,M 40-44/44,M-42,239,3:54:55,55.49%
321,Octavio Armas,"La Mesa, CA",148,3:54:39,8:57,M 50-54/18,M-51,240,3:55:46,59.97%
322,Matt Allison,"San Diego, CA",124,3:54:43,8:58,M 25-29/38,M-29,241,3:55:12,53.22%
323,Suzy Ryan,"Carlsbad, CA",1349,3:54:44,8:58,F 45-49/7,F-49,82,3:54:51,67.64%
324,Jeff Rittener,"San Jose, CA",1300,3:54:50,8:58,M 50-54/19,M-52,242,3:55:04,60.47%
325,John Reed,"Rancho Santa Fe, CA",1276,3:55:03,8:58,M 50-54/20,M-53,243,3:55:11,60.97%
326,Henry Tong,"Carlsbad, CA",1545,3:55:08,8:59,M 45-49/34,M-45,244,3:55:20,56.77%
327,Mike Serrin,"Valley Center, CA",1406,3:55:38,9:00,M 55-59/12,M-56,245,3:55:57,62.55%
328,Lance Taschner,"San Diego, CA",1514,3:55:38,9:00,M 35-39/39,M-38,246,3:55:56,53.50%
329,Warren Vasquez,"Redondo Beach, CA",1583,3:55:43,9:00,M 40-44/45,M-44,247,3:56:22,56.14%
330,Mari Lansford,"Glendora, CA",892,3:55:43,9:00,F 30-34/14,F-30,83,3:56:22,57.47%
331,Christopher Frantz,"Costa Mesa, CA",539,3:55:47,9:00,M 25-29/39,M-26,248,3:56:35,52.98%
332,Sandy White,"Tucson, AZ",1632,3:55:47,9:00,F 45-49/8,F-49,84,3:56:01,67.34%
333,Rebecca Stepnick,"Coronado, CA",1475,3:55:50,9:00,F 30-34/15,F-32,85,3:56:07,57.64%
334,Jesus A Najera,"San Diego, CA",1110,3:55:58,9:00,M 50-54/21,M-51,249,3:56:15,59.64%
335,Kayla Whittington,"Beaverton, OR",1635,3:56:01,9:01,F 18-24/8,F-24,86,3:56:17,57.38%
336,Paul McEwen,"Oceanside, CA",1009,3:56:03,9:01,M 50-54/22,M-53,250,3:56:40,60.71%
337,Karen Anderson,"Ravensdale, WA",134,3:56:29,9:02,F 40-44/11,F-42,87,3:56:50,61.63%
338,Nick Orlove,"Carlsbad, CA",1168,3:56:38,9:02,M 18-24/19,M-23,251,3:57:30,52.79%
339,Joey Bryan,"Oceanside, CA",275,3:56:39,9:02,M 40-44/46,M-42,252,3:56:59,54.99%
340,Jeffery Partain,"Vista, CA",1197,3:56:41,9:02,M 40-44/47,M-42,253,3:57:03,54.99%
341,David Sasaki,"MEXICO, ",1367,3:56:45,9:02,M 30-34/32,M-31,254,3:57:28,52.77%
342,Liza Hoffman,"Chula Vista, CA",725,3:56:45,9:02,F 35-39/21,F-39,88,3:57:00,59.70%
343,Janet Chenier,"Del Mar, CA",338,3:56:54,9:03,F 55-59/1,F-56,89,3:57:07,73.61%
344,Alexander Power,"Pacifica, CA",1250,3:56:54,9:03,M 18-24/20,M-22,255,3:57:05,52.76%
345,Anthony Bussen,"San Diego, CA",293,3:56:57,9:03,M 30-34/33,M-30,256,3:57:12,52.72%
346,Andrew Hudson,"San Diego, CA",749,3:56:58,9:03,M 45-49/35,M-48,257,3:57:18,57.82%
347,William Scott,"Stanwood, WA",1394,3:57:07,9:03,M 50-54/23,M-50,258,3:57:25,58.82%
348,Marc Moody,"Carlsbad, CA",1068,3:57:17,9:03,M 45-49/36,M-46,259,3:57:38,56.74%
349,David Weiner,"Del Mar, CA",1621,3:57:17,9:03,M 45-49/37,M-46,260,3:57:32,56.74%
350,Heather Hall,"San Diego, CA",656,3:57:17,9:03,F 40-44/12,F-41,90,3:57:35,60.74%
351,Ty Haeber,"San Diego, CA",650,3:57:25,9:04,M 45-49/38,M-45,261,3:57:51,56.23%
352,David Weiss,"Coronado, CA",1623,3:57:25,9:04,M 45-49/39,M-46,262,3:57:38,56.71%
353,Jennifer Ward,"Cardiff By The Sea, CA",1613,3:57:31,9:04,F 30-34/16,F-31,91,3:58:03,57.12%
354,Donelle Horton,"El Cajon, CA",737,3:57:36,9:04,F 18-24/9,F-21,92,3:58:16,57.00%
355,Ralph Magdaleno,"Solana Beach, CA",974,3:57:42,9:04,M 35-39/40,M-36,263,4:03:33,52.61%
356,Larissa Richards,"Winslow, AZ",1296,3:57:47,9:05,F 25-29/18,F-25,93,3:58:00,56.95%
357,Adela Doyle,"San Diego, CA",463,3:57:48,9:05,F 40-44/13,F-41,94,3:58:13,60.61%
358,Rachel Huber,"San Diego, CA",747,3:57:53,9:05,F 30-34/17,F-33,95,3:58:04,57.32%
359,Chris Wells,"Cardiff, CA",1625,3:57:57,9:05,M 45-49/40,M-49,264,3:58:14,58.09%
360,Neil Quach,"Calabasas, CA",1258,3:58:01,9:05,M 35-39/41,M-39,265,3:58:11,53.34%
361,Jonathan Reiland,"Vista, CA",1739,3:58:03,9:05,M 30-34/34,M-31,266,3:58:54,52.48%
362,Jose Vasquez,"Oceanside, CA",1748,3:58:04,9:05,M 30-34/35,M-33,267,3:58:55,52.47%
363,Simon Vainer,"La Jolla, CA",1566,3:58:11,9:06,M 45-49/41,M-45,268,3:58:15,56.05%
364,Jerry Lee,"San Diego, CA",909,3:58:11,9:06,M 35-39/42,M-38,269,3:58:22,52.93%
365,Brian Andreasen,"Escondido, CA",141,3:58:13,9:06,M 25-29/40,M-28,270,3:59:06,52.44%
366,Krystal Debaker,"Oceanside, CA",1707,3:58:16,9:06,F 18-24/10,F-24,96,3:58:37,56.84%
367,Richard Rojeck,"Rancho Santa Fe, CA",1323,3:58:24,9:06,M 55-59/13,M-59,271,3:58:40,63.62%
368,Cory Ducker,"Cardiff, CA",469,3:58:31,9:06,M 30-34/36,M-32,272,3:58:48,52.38%
369,Natalie Olson,"San Diego, CA",1163,3:58:37,9:07,F 25-29/19,F-27,97,3:59:11,56.75%
370,Michael Morgan,"Carlsbad, CA",1080,3:58:46,9:07,M 25-29/41,M-29,273,3:59:12,52.32%
371,Emile Davis,"San Diego, CA",416,3:58:48,9:07,M 30-34/37,M-30,274,3:59:24,52.31%
372,Branden Barnett,"Carlsbad, CA",175,3:58:55,9:07,M 25-29/42,M-28,275,3:59:39,52.29%
373,Ron Lesnick,"Highlands Ranch, CO",1761,3:58:56,9:07,M 50-54/24,M-51,276,3:59:10,58.90%
374,Christine Desrochers,"San Diego, CA",445,3:58:58,9:07,F 40-44/14,F-44,98,3:59:13,62.45%
375,Tim Jankowiak,"San Diego, CA",778,3:59:21,9:08,M 25-29/43,M-29,277,3:59:29,52.19%
376,Ronald Martin,"Hermosa Beach, CA",991,3:59:21,9:08,M 45-49/42,M-46,278,3:59:23,56.25%
377,John Leonhart,"Urbandale, IA",917,3:59:21,9:08,M 60-64/6,M-60,279,3:59:45,64.00%
378,James Flannery,"San Diego, CA",529,3:59:21,9:08,M 25-29/44,M-25,280,3:59:37,52.19%
379,Steven Stachwick,"San Diego, CA",1464,3:59:27,9:08,M 50-54/25,M-50,281,4:04:12,58.25%
380,David Lozar,"Carlsbad, CA",951,3:59:28,9:08,M 40-44/48,M-42,282,3:59:31,54.35%
381,Scott Ludwig,"Peachtree City, GA",1722,3:59:40,9:09,M 55-59/14,M-57,283,4:00:24,62.08%
382,Aileen Meyers,"San Diego, CA",1036,3:59:44,9:09,F 35-39/22,F-36,99,4:00:08,57.67%
383,Allison Matthews,"San Diego, CA",1001,4:00:03,9:10,F 25-29/20,F-26,100,4:00:22,56.42%
384,Rod Gerritsen,"San Marcos, CA",576,4:00:05,9:10,M 35-39/43,M-39,284,4:00:58,52.88%
385,Joel Dumas,"San Diego, CA",473,4:00:17,9:10,M 50-54/26,M-50,285,4:00:32,58.05%
386,Bill Floeter,"San Diego, CA",532,4:00:19,9:10,M 45-49/43,M-49,286,4:00:39,57.52%
387,Kimberlee Henling,"Winslow, AZ",703,4:00:24,9:11,F 30-34/18,F-31,101,4:00:37,56.43%
388,Nobukazu Sugiyama,"San Diego, CA",1490,4:00:37,9:11,M 35-39/44,M-38,287,4:00:56,52.39%
389,James Ackerman,"Lancaster, CA",105,4:00:52,9:12,M 25-29/45,M-29,288,4:01:26,51.86%
390,Donald Klein,"Newbury Park, CA",850,4:01:01,9:12,M 50-54/27,M-54,289,4:01:22,60.01%
391,Angela Evans,"Alpine, CA",509,4:01:35,9:13,F 40-44/15,F-42,102,4:02:41,60.33%
392,Keizo Amakawa,"Encinitas, CA",126,4:01:36,9:13,M 50-54/28,M-52,290,4:01:44,58.78%
393,Amanda Denton,"San Diego, CA",440,4:01:38,9:13,F 30-34/19,F-30,103,4:01:57,56.07%
394,Shannon Peck,"San Diego, CA",1208,4:01:43,9:14,F 40-44/16,F-43,104,4:02:08,61.01%
395,Gerry Hong,"San Diego, CA",734,4:02:04,9:14,M 30-34/38,M-32,291,4:02:48,51.61%
396,Hans Garcia,"San Diego, CA",558,4:02:12,9:15,M 40-44/49,M-41,292,4:02:21,53.29%
397,Dennis Durling,"Temecula, CA",478,4:02:27,9:15,M 40-44/50,M-42,293,4:02:49,53.68%
398,Charlie Itchko,"San Diego, CA",765,4:02:31,9:15,M 55-59/15,M-57,294,4:02:40,61.35%
399,Wing Chan,"Carlsbad, CA",325,4:02:38,9:16,M 40-44/51,M-43,295,4:03:15,54.09%
400,Monica Olson,"San Diego, CA",1162,4:02:42,9:16,F 30-34/20,F-32,105,4:02:50,56.01%
401,Kim Harrington,"Oceanside, CA",676,4:02:49,9:16,F 50-54/6,F-50,106,4:03:11,66.24%
402,Ron Hayashi,"Fair Oaks, CA",686,4:03:00,9:17,M 50-54/29,M-53,296,4:03:24,58.98%
403,Stephanie Ellyse Schneider,"Saint Louis, MO",1377,4:03:01,9:17,F 25-29/21,F-25,107,4:03:45,55.73%
404,Christopher Hayashi,"San Diego, CA",684,4:03:01,9:17,M 35-39/45,M-35,297,4:03:25,51.41%
405,Kirk Karver,"Tucson, AZ",819,4:03:14,9:17,M 50-54/30,M-50,298,4:03:37,57.34%
406,John Chau,"San Diego, CA",331,4:03:34,9:18,M 45-49/44,M-49,299,4:03:54,56.75%
407,Jim Burlew,"Oceanside, CA",288,4:03:37,9:18,M 35-39/46,M-37,300,4:04:09,51.48%
408,Vinay Dias,"San Diego, CA",449,4:03:50,9:18,M 35-39/47,M-36,301,4:04:04,51.29%
409,Megan McNamara,"Cottonwood Heights, UT",1018,4:03:54,9:19,F 18-24/11,F-24,108,4:04:20,55.53%
410,Jorge Aguilar,"Chula Vista, CA",113,4:04:19,9:20,M 55-59/16,M-56,302,4:04:49,60.33%
411,Catharine Hasle,"Temecula, CA",680,4:04:22,9:20,F 40-44/17,F-41,109,4:04:30,58.98%
412,Diana Cook,"Boise, ID",376,4:04:37,9:20,F 18-24/12,F-21,110,4:05:05,55.36%
413,Jordan Bletscher,"Newport Beach, CA",232,4:04:45,9:21,M 25-29/46,M-26,303,4:05:07,51.04%
414,Bethany Elam,"Newport Beach, CA",490,4:04:45,9:21,F 25-29/22,F-27,111,4:05:06,55.33%
415,Nicol Tushla,"La Habra, CA",1559,4:04:56,9:21,F 40-44/18,F-42,112,4:05:04,59.50%
416,Honza Uher,"San Diego, CA",1563,4:05:13,9:22,M 45-49/45,M-46,304,4:05:28,54.91%
417,Merrill Sweet,"Osterville, MA",1502,4:05:14,9:22,M 45-49/46,M-46,305,4:05:31,54.90%
418,Jodi Hays,"Carlsbad, CA",689,4:05:26,9:22,F 45-49/9,F-47,113,4:05:33,63.08%
419,Mandi Makie,"Carlsbad, CA",975,4:05:38,9:23,F 35-39/23,F-36,114,4:05:50,56.29%
420,Emily Mickle,"San Diego, CA",1038,4:05:40,9:23,F 18-24/13,F-23,115,4:06:06,55.13%
421,Tim Matzkiw,"Vista, CA",1002,4:05:47,9:23,M 40-44/52,M-44,306,4:05:55,53.85%
422,Derek Poulin,"San Diego, CA",1325,4:05:53,9:23,M 35-39/48,M-39,307,4:06:00,51.63%
423,Ryan Huston,"Temecula, CA",757,4:06:06,9:24,M 35-39/49,M-38,308,4:06:51,51.22%
424,Kai Nakamura,"San Diego, CA",1111,4:06:06,9:24,M 35-39/50,M-37,309,4:06:22,50.97%
425,Stephanie Thompson,"Sandwich, MA",1532,4:06:07,9:24,F 25-29/23,F-28,116,4:06:25,55.03%
426,Sharon Cherf,"San Diego, CA",340,4:06:11,9:24,F 45-49/10,F-45,117,4:06:37,61.36%
427,Kelly Green,"Oceanside, CA",621,4:06:18,9:24,F 30-34/21,F-33,118,4:06:42,55.36%
428,Chadwick Johnson,"Knoxville, TN",791,4:06:26,9:24,M 35-39/51,M-39,310,4:06:40,51.52%
429,Victor Burke,"Carlsbad, CA",287,4:06:26,9:24,M 30-34/39,M-32,311,4:06:33,50.69%
430,Stephen Burder,"Spokane, WA",283,4:06:32,9:25,M 55-59/17,M-55,312,4:06:42,59.23%
431,Benjamin Baize,"San Diego, CA",164,4:06:53,9:25,M 30-34/40,M-34,313,4:07:29,50.60%
432,Jeff Trask,"Oak Creek, WI",1553,4:06:59,9:26,M 40-44/53,M-40,314,4:07:14,51.83%
433,Glenn Micko,"Costa Mesa, CA",1039,4:07:04,9:26,M 25-29/47,M-25,315,4:07:53,50.56%
434,Chris Eilertson,"Carlsbad, CA",489,4:07:10,9:26,M 40-44/54,M-40,316,4:07:59,51.79%
435,Maureen Cottrell,"San Diego, CA",386,4:07:18,9:26,F 45-49/11,F-49,119,4:07:43,64.20%
436,Tim Valentiner,"Salt Lake City, UT",1569,4:07:21,9:27,M 30-34/41,M-33,317,4:07:47,50.51%
437,Adriane Stewart,"San Diego, CA",1478,4:07:22,9:27,F 35-39/24,F-37,120,4:07:46,56.26%
438,Phil Clark,"Carlsbad, CA",353,4:07:24,9:27,M 45-49/47,M-45,318,4:08:05,53.96%
439,Brian Hostetter,"Mission Viejo, CA",740,4:07:29,9:27,M 50-54/31,M-51,319,4:07:47,56.86%
440,Elena Darr,"Carlsbad, CA",411,4:07:42,9:27,F 25-29/24,F-26,121,4:08:05,54.67%
441,Lisa Archbold,"La Jolla, CA",147,4:08:03,9:28,F 35-39/25,F-37,122,4:08:26,56.10%
442,Isaac Bejar,"La Jolla, CA",195,4:08:05,9:28,M 25-29/48,M-25,320,4:08:27,50.36%
443,Jessicah Amrine,"Scottsdale, AZ",130,4:08:10,9:28,F 30-34/22,F-30,123,4:08:43,54.59%
444,Christy Gianoussopoulos,"Manhattan Beach, CA",579,4:08:12,9:28,F 30-34/23,F-34,124,4:08:16,55.14%
445,Felix Tweraser,"San Antonio, TX",1561,4:08:30,9:29,M 50-54/32,M-50,321,4:08:53,56.13%
446,Jessica Wang,"San Francisco, CA",1611,4:08:46,9:30,F 30-34/24,F-30,125,4:09:56,54.46%
447,Joel White,"San Diego, CA",1630,4:08:47,9:30,M 18-24/21,M-23,322,4:08:53,50.21%
448,Jan Peart,"Ridgway, CO",1207,4:08:51,9:30,F 60-64/1,F-60,126,4:09:14,74.25%
449,Jennifer Cedillo,"Temecula, CA",323,4:08:51,9:30,F 40-44/19,F-40,127,4:09:03,57.33%
450,Gary Rice,"San Marcos, CA",1293,4:09:12,9:31,M 35-39/52,M-35,323,4:09:42,50.13%
451,Dorota Hanling,"Coronado, CA",668,4:09:15,9:31,F 40-44/20,F-41,128,4:09:36,57.82%
452,Brian Krumweide,"Wildomar, CA",873,4:09:18,9:31,M 40-44/55,M-40,324,4:09:56,51.35%
453,Alan Pollack,"San Clemente, CA",1239,4:09:31,9:31,M 60-64/7,M-60,325,4:09:38,61.40%
454,Erika Andresen,"Longmont, CO",142,4:09:31,9:31,F 40-44/21,F-40,129,4:09:56,57.17%
455,Alexandria Dietrich,"Lewiston, ID",453,4:09:34,9:32,F 01-17/1,F-17,130,4:10:02,56.23%
456,Greg Dietrich,"Lewiston, ID",454,4:09:35,9:32,M 45-49/48,M-46,326,4:10:03,53.95%
457,Jolee Edwards,"Bluffdale, UT",486,4:09:56,9:32,F 45-49/12,F-46,131,4:10:19,61.19%
458,Jared Sanderson,"San Diego, CA",1362,4:10:12,9:33,M 30-34/42,M-30,327,4:10:28,49.93%
459,Don Cherf,"San Diego, CA",339,4:10:19,9:33,M 50-54/33,M-53,328,4:10:46,57.25%
460,Sirenio Victoria Jr,"Bellflower, CA",1590,4:10:21,9:33,M 35-39/53,M-36,329,4:10:28,49.95%
461,Angelo Lubiano,"Daly City, CA",953,4:10:40,9:34,M 25-29/49,M-27,330,4:11:00,49.84%
462,Stephen Compton,"Hemet, CA",370,4:10:50,9:34,M 60-64/8,M-60,331,4:11:08,61.07%
463,Lorenzo Moreno,"Vista, CA",1078,4:10:52,9:35,M 18-24/22,M-21,332,4:11:20,50.02%
464,Julie Laforge,"Utica, MI",883,4:10:53,9:35,F 45-49/13,F-48,132,4:11:16,62.49%
465,Tod Reeder,"San Diego, CA",1279,4:11:59,9:37,M 45-49/49,M-48,333,4:12:21,54.37%
466,Kevin Mooney,"San Diego, CA",1069,4:12:15,9:38,M 45-49/50,M-47,334,4:12:34,53.85%
467,Loren Glasson,"San Diego, CA",596,4:12:20,9:38,F 30-34/25,F-30,133,4:12:44,53.69%
468,Sean Campbell,"Irvine, CA",302,4:12:21,9:38,M 18-24/23,M-24,335,4:12:46,49.50%
469,Jeremy Latona,"San Diego, CA",897,4:12:26,9:38,M 30-34/43,M-34,336,4:12:51,49.49%
470,Steve Chabot,"Westbrook, ME",324,4:12:31,9:38,M 30-34/44,M-31,337,4:12:44,49.47%
471,Jeff Gray,"Ramona, CA",619,4:12:31,9:38,M 50-54/34,M-52,338,4:12:59,56.24%
472,Scott Herrin,"Solana Beach, CA",707,4:12:32,9:38,M 40-44/56,M-40,339,4:12:55,50.69%
473,Patrice Hunefeld,"San Diego, CA",751,4:12:34,9:38,F 18-24/14,F-24,134,4:12:46,53.62%
474,Michael Hoefer,"Carlsbad, CA",724,4:12:35,9:39,M 40-44/57,M-44,340,4:12:48,52.40%
475,Aleksandrs Nehajenko,"San Diego, CA",1124,4:12:44,9:39,M 18-24/24,M-23,341,4:12:53,49.43%
476,Ryan Cooper,"Oceanside, CA",379,4:13:38,9:41,M 18-24/25,M-24,342,4:14:29,49.25%
477,Elizabeth Aguilar,"San Diego, CA",111,4:13:40,9:41,F 40-44/22,F-41,135,4:14:11,56.82%
478,Patrick Koranda,"San Diego, CA",861,4:13:45,9:41,M 35-39/54,M-36,343,4:14:39,49.28%
479,David Slayton,"San Diego, CA",1437,4:13:47,9:41,M 45-49/51,M-45,344,4:13:52,52.60%
480,Mandi Hart,"Tampa, FL",679,4:14:01,9:42,F 35-39/26,F-35,136,4:14:17,54.13%
481,Cortney Overstreet,"Tampa, FL",1757,4:14:01,9:42,F 30-34/26,F-32,137,4:14:17,53.52%
482,Elsa Escobar,"Chula Vista, CA",503,4:14:06,9:42,F 35-39/27,F-39,138,4:14:20,55.62%
483,John Hayes,"Reno, NV",687,4:14:10,9:42,M 40-44/58,M-44,345,4:14:29,52.07%
484,Antony Fletcher,"Redlands, CA",531,4:14:10,9:42,M 25-29/50,M-26,346,4:14:43,49.15%
485,Jason Megraw,"San Diego, CA",1026,4:14:16,9:42,M 45-49/52,M-47,347,4:14:35,53.42%
486,Bev Ofsthun,"O Fallon, MO",1153,4:14:17,9:42,F 45-49/14,F-48,139,4:14:43,61.65%
487,Jack Redmond,"Camarillo, CA",1275,4:14:29,9:43,M 65-69/1,M-65,348,4:14:39,63.31%
488,Johanna Yliportimo,"San Diego, CA",1675,4:14:30,9:43,F 25-29/25,F-29,140,4:15:21,53.21%
489,Joanne Steinauer,"La Mesa, CA",1473,4:14:31,9:43,F 45-49/15,F-48,141,4:15:35,61.60%
490,Jessica Ortiz,"Chula Vista, CA",1170,4:14:32,9:43,F 25-29/26,F-28,142,4:15:16,53.21%
491,Chris Scheppmann,"San Diego, CA",1373,4:14:35,9:43,M 18-24/26,M-23,349,4:15:03,49.07%
492,Jennifer Tarvin,"Escondido, CA",1512,4:14:46,9:44,F 25-29/27,F-27,143,4:14:56,53.16%
493,Keefe Reuther,"San Diego, CA",1287,4:14:51,9:44,M 30-34/45,M-31,350,4:15:28,49.02%
494,Dan Love,"CANADA, ",949,4:15:06,9:44,M 45-49/53,M-45,351,4:15:26,52.33%
495,Grace Clarke,"Oceanside, CA",356,4:15:11,9:44,F 40-44/23,F-41,144,4:15:39,56.48%
496,Sara Kennedy,"Carlsbad, CA",832,4:15:13,9:45,F 25-29/28,F-28,145,4:15:41,53.06%
497,Emily Scholl,"Loma Linda, CA",1380,4:15:14,9:45,F 25-29/29,F-25,146,4:15:42,53.06%
498,Paul Luthman,"Carlsbad, CA",959,4:15:16,9:45,M 30-34/46,M-31,352,4:16:01,48.94%
499,Cole Cade,"Encinitas, CA",298,4:15:23,9:45,F 18-24/15,F-24,147,4:15:52,53.03%
500,Kelli Hustead,"St George, UT",756,4:15:24,9:45,F 40-44/24,F-40,148,4:15:47,55.86%
501,Cesar Mora,"Vista, CA",1075,4:15:24,9:45,M 40-44/59,M-40,353,4:16:01,50.12%
502,Evan Swanson,"Carlsbad, CA",1499,4:15:29,9:45,M 30-34/47,M-31,354,4:15:52,48.90%
503,Martha Martinez,"Bonita, CA",994,4:15:30,9:45,F 40-44/25,F-41,149,4:16:35,56.41%
504,Raymond Wang,"San Diego, CA",1750,4:15:35,9:45,M 40-44/60,M-44,355,4:16:01,51.78%
505,Christofer Jennings,"Oceanside, CA",783,4:15:45,9:46,M 45-49/54,M-45,356,4:16:00,52.20%
506,Jamie Clave,"La Jolla, CA",1755,4:16:01,9:46,F 25-29/30,F-25,150,4:16:01,52.90%
507,Gary Gardner,"Whittier, CA",563,4:16:03,9:46,M 55-59/18,M-57,357,4:17:07,58.11%
508,Colette Rose,"Redondo Beach, CA",1330,4:16:07,9:47,F 25-29/31,F-26,151,4:16:55,52.88%
509,James Armstrong,"Oceanside, CA",149,4:16:37,9:48,M 25-29/51,M-25,358,4:17:02,48.68%
510,Ryan Adams,"San Diego, CA",108,4:16:44,9:48,M 35-39/55,M-38,359,4:17:08,49.10%
511,William Hunter,"San Diego, CA",753,4:16:53,9:48,M 50-54/35,M-53,360,4:17:17,55.79%
512,Harold Wilson,"Redlands, CA",1646,4:16:55,9:48,M 50-54/36,M-50,361,4:27:19,54.29%
513,Annelies Paluso,"St George, UT",1736,4:16:55,9:48,F 45-49/16,F-46,152,4:17:19,59.52%
514,Stacy Bonagura,"Carlsbad, CA",241,4:17:04,9:49,F 40-44/26,F-41,153,4:17:15,56.07%
515,Don Simmons,"Coronado, CA",1430,4:17:10,9:49,M 45-49/55,M-46,362,4:17:31,52.36%
516,Michael McMinn,"San Diego, CA",1017,4:17:34,9:50,M 45-49/56,M-49,363,4:18:02,53.67%
517,Denis Sullivan,"Carlsbad, CA",1493,4:17:41,9:50,M 30-34/48,M-30,364,4:18:04,48.48%
518,Eric Viernes,"Carlsbad, CA",1591,4:17:42,9:50,M 40-44/61,M-42,365,4:18:09,50.50%
519,Rosie Johnson,"Tucson, AZ",798,4:17:49,9:50,F 40-44/27,F-43,154,4:18:29,57.20%
520,Boris Popadiuk,"Portland, OR",1241,4:17:50,9:51,M 18-24/27,M-19,366,4:18:14,49.66%
521,Armen Anassian,"Burbank, CA",131,4:17:52,9:51,M 45-49/57,M-48,367,4:18:13,53.13%
522,Julie Puentes,"Carlsbad, CA",1738,4:18:03,9:51,F 50-54/7,F-50,155,4:18:17,62.33%
523,Taya Rabinowitz,"New York, NY",1262,4:18:05,9:51,F 30-34/27,F-31,156,4:18:26,52.56%
524,Jennifer Raczka,"Lakeside, CA",1263,4:18:07,9:51,F 35-39/28,F-37,157,4:18:40,53.91%
525,Matt Blase,"Ramona, CA",229,4:18:16,9:51,M 18-24/28,M-21,368,4:18:42,48.59%
526,Martha Zarate,"Chula Vista, CA",1684,4:18:20,9:52,F 45-49/17,F-47,158,4:19:23,59.93%
527,Gunnar Velasquez,"Campo, CA",1585,4:18:23,9:52,M 25-29/52,M-27,369,4:18:26,48.35%
528,Paul Badillo,"Fontana, CA",1763,4:18:23,9:52,M 40-44/62,M-40,370,4:19:27,49.54%
529,Olivier Lesecq,"San Diego, CA",920,4:18:30,9:52,M 45-49/58,M-47,371,4:18:40,52.54%
530,Barbara Boone,"San Diego, CA",244,4:18:32,9:52,F 50-54/8,F-54,159,4:18:55,65.61%
531,Scott Chirgwin,"La Mesa, CA",343,4:18:34,9:52,M 25-29/53,M-29,372,4:19:05,48.31%
532,Brad Vaughan,"Mission Viejo, CA",1584,4:18:36,9:52,M 40-44/63,M-43,373,4:19:00,50.75%
533,Eric Cheek,"Carlsbad, CA",333,4:18:40,9:52,M 30-34/49,M-33,374,4:18:57,48.30%
534,Jamie Testin,"Meridian, ID",1522,4:19:06,9:53,F 25-29/32,F-29,160,4:19:34,52.27%
535,Javier Lara,"Carlsbad, CA",894,4:19:15,9:54,M 45-49/59,M-46,375,4:19:24,51.94%
536,Stephen Garcia,"San Tan Valley, AZ",562,4:19:23,9:54,M 45-49/60,M-46,376,4:19:29,51.91%
537,Andrew Arner,"San Diego, CA",152,4:19:55,9:55,M 18-24/29,M-20,377,4:20:41,48.67%
538,Philip Dinsky,"Framingham, MA",455,4:20:01,9:56,M 60-64/9,M-63,378,4:20:19,60.70%
539,John Oslovar,"Carlsbad, CA",1175,4:20:11,9:56,M 25-29/54,M-27,379,4:20:23,48.01%
540,Andrew Hatch,"Cambridge, MA",682,4:20:22,9:56,M 25-29/55,M-25,380,4:20:22,47.98%
541,Molly Lewis,"San Diego, CA",928,4:20:26,9:56,F 25-29/33,F-26,161,4:21:17,52.00%
542,Robby Ray Domasing,"San Marcos, CA",458,4:20:29,9:57,M 25-29/56,M-25,381,4:20:59,47.96%
543,Lana Kovarik,"Goose Creek, SC",864,4:20:32,9:57,F 40-44/28,F-42,162,4:20:52,55.94%
544,Bryan Robinson,"San Diego, CA",1305,4:20:34,9:57,M 40-44/64,M-41,382,4:20:51,49.54%
545,Sandra Lee,"La Jolla, CA",910,4:20:36,9:57,F 18-24/16,F-22,163,4:21:24,51.97%
546,Shay Johnson,"San Diego, CA",799,4:20:51,9:57,M 35-39/56,M-37,383,4:21:23,48.08%
547,Kaitlyn Cister,"Oberlin, OH",350,4:20:53,9:57,F 18-24/17,F-19,164,4:21:13,52.24%
548,Nikki Botts,"San Diego, CA",251,4:20:59,9:58,F 18-24/18,F-24,165,4:21:29,51.89%
549,Rob Stewart,"Lake Havasu City, AZ",1479,4:21:01,9:58,M 40-44/65,M-44,384,4:21:29,50.70%
550,Glen Van Peski,"Carlsbad, CA",1574,4:21:04,9:58,M 50-54/37,M-53,385,4:21:55,54.89%
551,Michael Smith,"Lebanon, CT",1447,4:21:05,9:58,M 45-49/61,M-45,386,4:21:15,51.13%
552,Leigh Mason,"La Jolla, CA",996,4:21:12,9:58,F 18-24/19,F-22,166,4:21:35,51.85%
553,Kimberly Paul,"Chula Vista, CA",1204,4:21:17,9:58,F 35-39/29,F-38,167,4:22:19,53.66%
554,Cathy Chang,"San Marcos, CA",328,4:21:17,9:58,F 45-49/18,F-47,168,4:22:23,59.26%
555,Bruce Edwards,"Saint Charles, MO",484,4:21:18,9:58,M 60-64/10,M-63,387,4:21:50,60.40%
556,Bill Gallagher,"Chesapeake Beach, MD",556,4:21:32,9:59,M 40-44/66,M-44,388,4:21:51,50.60%
557,David Smith,"Encinitas, CA",1442,4:21:33,9:59,M 55-59/19,M-58,389,4:21:50,57.44%
558,Dawn Liu,"Solana Beach, CA",1721,4:21:38,9:59,F 40-44/29,F-41,169,4:21:50,55.09%
559,David Mills,"Carlsbad, CA",1728,4:21:50,10:00,M 40-44/67,M-41,390,4:22:31,49.30%
560,Kris Ressler,"San Diego, CA",1284,4:21:58,10:00,F 45-49/19,F-49,170,4:22:25,60.61%
561,Trinh Bui,"San Jose, CA",280,4:22:00,10:00,F 35-39/30,F-39,171,4:22:03,53.95%
562,Angela Konstantaras,"Oceanside, CA",860,4:22:00,10:00,F 30-34/28,F-32,172,4:22:27,51.89%
563,Raymond Morales,"Pasadena, CA",1730,4:22:03,10:00,M 40-44/68,M-40,391,4:22:35,48.85%
564,Kathryn Cheng,"San Diego, CA",337,4:22:05,10:00,F 25-29/34,F-28,173,4:22:38,51.67%
565,Courtney Valletta,"San Diego, CA",1570,4:22:14,10:01,F 18-24/20,F-21,174,4:22:40,51.64%
566,Andrew Ticich,"Oceanside, CA",1537,4:22:14,10:01,M 18-24/30,M-23,392,4:22:40,47.64%
567,Paul Maes,"Encinitas, CA",972,4:22:27,10:01,M 35-39/57,M-39,393,4:23:19,48.37%
568,Michael Blaauboer,"San Diego, CA",227,4:22:27,10:01,M 40-44/69,M-41,394,4:23:19,49.18%
569,Dean Yasutomi,"San Marcos, CA",1670,4:22:27,10:01,M 50-54/38,M-51,395,4:22:52,53.62%
570,Henry Hall,"San Diego, CA",657,4:22:31,10:01,M 50-54/39,M-52,396,4:22:40,54.10%
571,Janine Zuniga,"San Diego, CA",1691,4:22:38,10:02,F 45-49/20,F-49,175,4:22:48,60.46%
572,Jonathan Huckabay,"Irvine, CA",748,4:22:39,10:02,M 30-34/50,M-34,397,4:23:20,47.56%
573,Tim O'Neil,"Los Angeles, CA",1164,4:22:41,10:02,M 35-39/58,M-35,398,4:23:20,47.56%
574,Debbie Zockoll,"St George, UT",1690,4:22:51,10:02,F 55-59/2,F-55,176,4:23:15,65.42%
575,Ewa Biernacka,"Oceanside, CA",219,4:23:01,10:02,F 35-39/31,F-36,177,4:23:38,52.57%
576,Carrie Holzman-Little,"Pasadena, CA",730,4:23:13,10:03,F 55-59/3,F-55,178,4:23:46,65.33%
577,C Edward Clemmer,"CANADA, ",358,4:23:22,10:03,M 60-64/11,M-60,399,4:24:08,58.17%
578,Dan Minteer,"Rancho Santa Fe, CA",1054,4:23:43,10:04,M 60-64/12,M-62,400,4:24:26,59.25%
579,Bassima Halim,"Carlsbad, CA",653,4:23:47,10:04,F 40-44/30,F-42,179,4:24:25,55.25%
580,David Bennett,"San Marcos, CA",205,4:23:52,10:04,M 45-49/62,M-49,401,4:24:18,52.38%
581,Kirby Mills,"San Clemente, CA",1729,4:23:59,10:05,M 25-29/57,M-26,402,4:24:34,47.32%
582,Oliver Oco,"Oceanside, CA",1149,4:24:06,10:05,M 35-39/59,M-39,403,4:24:31,48.07%
583,Giovanni Guevarra,"North Las Vegas, NV",637,4:24:15,10:05,M 45-49/63,M-48,404,4:24:45,51.85%
584,Dean Jarmusch,"San Diego, CA",781,4:24:15,10:05,M 45-49/64,M-46,405,4:24:41,50.95%
585,Luis Montes,"Poway, CA",1066,4:24:22,10:05,M 45-49/65,M-47,406,4:25:03,51.38%
586,Jerry Rugg,"Oceanside, CA",1342,4:24:25,10:06,M 60-64/13,M-60,407,4:24:52,57.94%
587,Nadezhda Khuzina,"San Diego, CA",840,4:24:30,10:06,F 25-29/35,F-29,180,4:24:38,51.20%
588,J Taniguchi,"Huntington Beach, CA",1510,4:24:46,10:06,M 50-54/40,M-52,408,4:27:13,53.63%
589,Tom Hosner,"Trabuco Canyon, CA",739,4:24:56,10:07,M 60-64/14,M-61,409,4:25:05,58.40%
590,Michelle Miller,"San Diego, CA",1048,4:24:58,10:07,F 18-24/21,F-23,181,4:25:31,51.11%
591,Melissa Collins-Porter,"Carlsbad, CA",369,4:25:08,10:07,F 40-44/31,F-42,182,4:25:36,54.97%
592,David Carlson,"San Diego, CA",307,4:25:09,10:07,M 25-29/58,M-28,410,4:25:41,47.11%
593,Rick Lench,"San Diego, CA",915,4:25:24,10:08,M 50-54/41,M-51,411,4:26:04,53.02%
594,Leonard Daniels,"San Diego, CA",410,4:25:25,10:08,M 55-59/20,M-55,412,4:25:48,55.01%
595,Katherine Bindschadler,"Tucson, AZ",224,4:25:35,10:08,F 45-49/21,F-48,183,4:25:48,59.03%
596,Erin Greene,"Coronado, CA",625,4:25:43,10:09,F 30-34/29,F-34,184,4:26:03,51.51%
597,Eva Macleod,"Laguna Niguel, CA",967,4:25:44,10:09,F 40-44/32,F-41,185,4:26:20,54.24%
598,Ed Loonam,"Santa Ana, CA",941,4:25:49,10:09,M 40-44/70,M-40,413,4:27:02,48.16%
599,Lisa Picek,"Westfield, IN",1232,4:26:05,10:09,F 30-34/30,F-32,186,4:26:42,51.09%
600,Adam Brewer,"Chula Vista, CA",264,4:26:11,10:10,M 25-29/59,M-27,414,4:26:39,46.93%
601,Michael Bascon,"San Diego, CA",183,4:26:17,10:10,M 25-29/60,M-26,415,4:26:35,46.91%
602,Myriam Bender,"Peoria, AZ",202,4:26:18,10:10,F 35-39/32,F-39,187,4:27:23,53.08%
603,Michael Nalan,"San Diego, CA",1114,4:26:19,10:10,M 25-29/61,M-26,416,4:26:38,46.91%
604,Steve Conner,"San Diego, CA",373,4:26:22,10:10,M 60-64/15,M-61,417,4:26:36,58.08%
605,Sharon Woelfel,"Pine Bush, NY",1652,4:26:34,10:11,F 35-39/33,F-36,188,4:27:06,51.87%
606,Kevin Murray,"Mission Viejo, CA",1102,4:26:50,10:11,M 25-29/62,M-28,418,4:27:00,46.82%
607,Perry Vittoria,"Pleasanton, CA",1598,4:26:52,10:11,M 40-44/71,M-41,419,4:27:30,48.37%
608,Rachael Jadin,"Holland, MI",773,4:26:53,10:11,F 25-29/36,F-28,189,4:27:11,50.74%
609,Nicolas Gonzalez,"Encinitas, CA",607,4:26:55,10:11,M 18-24/31,M-23,420,4:27:21,46.80%
610,Lorie Meglio,"Murrieta, CA",1025,4:26:59,10:11,F 50-54/9,F-50,190,4:27:33,60.24%
611,Rick Kaufman,"Temecula, CA",822,4:27:01,10:12,M 45-49/66,M-45,421,4:27:30,49.99%
612,Patricia Earnest,"Carlsbad, CA",480,4:27:03,10:12,F 40-44/33,F-40,191,4:27:26,53.42%
613,Todd Borchert,"San Diego, CA",245,4:27:07,10:12,M 40-44/72,M-42,422,4:27:28,48.72%
614,Daniel Oliver,"Encinitas, CA",1160,4:27:14,10:12,M 70-74/1,M-73,423,4:27:46,65.93%
615,Craig Malm,"Mahtomedi, MN",977,4:27:37,10:13,M 60-64/16,M-61,424,4:28:13,57.81%
616,Gina Cornacchione,"San Marcos, CA",381,4:27:39,10:13,F 18-24/22,F-24,192,4:27:57,50.60%
617,Diego Villamizar,"Carlsbad, CA",1593,4:27:44,10:13,M 35-39/60,M-35,425,4:28:24,46.66%
618,Susan Ferguson,"San Diego, CA",519,4:27:47,10:13,F 45-49/22,F-48,193,4:28:15,58.54%
619,Dennis White,"Poway, CA",1629,4:28:00,10:14,M 55-59/21,M-58,426,4:28:16,56.05%
620,Susan McClellan,"Murrieta, CA",1007,4:28:03,10:14,F 40-44/34,F-43,194,4:28:15,55.02%
621,Sue Duong,"San Diego, CA",477,4:28:04,10:14,F 40-44/35,F-43,195,4:29:09,55.01%
622,Henry Hoa Duong,"San Diego, CA",476,4:28:05,10:14,F 45-49/23,F-45,196,4:29:09,56.35%
623,Kameron Wong,"Poway, CA",1655,4:28:20,10:15,M 45-49/67,M-47,427,4:28:49,50.62%
624,Matt Murrell,"Carlsbad, CA",1103,4:28:33,10:15,M 18-24/32,M-24,428,4:29:08,46.52%
625,Shannon Cross,"Manhattan Beach, CA",401,4:28:57,10:16,F 25-29/37,F-29,197,4:29:59,50.35%
626,Daniella Bosio,"Mission Viejo, CA",248,4:28:57,10:16,F 25-29/38,F-28,198,4:29:59,50.35%
627,Joe Hall,"Santee, CA",658,4:29:13,10:17,M 50-54/42,M-51,429,4:30:17,52.27%
628,Kevin Malone,"Chula Vista, CA",978,4:29:20,10:17,M 60-64/17,M-60,430,4:29:31,56.88%
629,Ann Huynh,"San Diego, CA",758,4:29:23,10:17,F 35-39/34,F-36,199,4:29:53,51.32%
630,David Gutierrez,"Vista, CA",641,4:29:36,10:17,M 50-54/43,M-52,431,4:30:03,52.67%
631,Michael Jaffe,"La Jolla, CA",775,4:29:50,10:18,M 45-49/68,M-48,432,4:30:11,50.78%
632,Linda Jaffe,"La Jolla, CA",774,4:29:50,10:18,F 45-49/24,F-47,200,4:30:12,57.38%
633,Dave Friedman,"San Marcos, CA",544,4:29:52,10:18,M 35-39/61,M-38,433,4:30:14,46.71%
634,Aaron Montan,"Poway, CA",1064,4:29:54,10:18,M 25-29/63,M-26,434,4:30:32,46.29%
635,Barry Morrell,"CANADA, ",1085,4:30:16,10:19,M 50-54/44,M-51,435,4:30:22,52.07%
636,Monika Carlson,"San Diego, CA",309,4:30:17,10:19,F 30-34/31,F-33,201,4:31:21,50.44%
637,Taramae Baize,"San Diego, CA",165,4:30:18,10:19,F 30-34/32,F-34,202,4:31:21,50.63%
638,Herbert Verhagen,"Wildomar, CA",1589,4:30:20,10:19,M 50-54/45,M-50,436,4:31:20,51.59%
639,Kathy Green,"Torrance, CA",620,4:30:24,10:19,F 50-54/10,F-53,203,4:31:28,61.89%
640,Sergio Garcia,"Carlsbad, CA",561,4:30:34,10:20,M 30-34/51,M-32,437,4:30:59,46.17%
641,Jillian Delabar,"San Diego, CA",432,4:31:06,10:21,F 25-29/39,F-27,204,4:31:39,49.95%
642,Ashley Miller,"Bellevue, WA",1044,4:31:21,10:21,F 25-29/40,F-25,205,4:37:06,49.91%
643,Jerry Brummet,"Carlsbad, CA",274,4:31:27,10:22,M 45-49/69,M-48,438,4:32:03,50.47%
644,Jason Sacdalan,"Riverside, CA",1351,4:31:30,10:22,M 35-39/62,M-36,439,4:32:04,46.06%
645,Mitch Ridder,"Laguna Beach, CA",1298,4:31:41,10:22,M 50-54/46,M-50,440,4:31:50,51.34%
646,Christopher Burrell,"Escondido, CA",289,4:31:46,10:22,M 35-39/63,M-35,441,4:32:26,45.97%
647,Thomas Jolly,"San Diego, CA",803,4:31:51,10:23,M 30-34/52,M-31,442,4:32:33,45.95%
648,John Reed,"Laguna Niguel, CA",1277,4:32:15,10:24,M 50-54/47,M-54,443,4:32:51,53.13%
649,Ginny Hellerud,"Long Beach, CA",700,4:32:31,10:24,F 50-54/11,F-51,206,4:32:46,59.79%
650,Loida Morrison,"San Diego, CA",1087,4:32:33,10:24,F 45-49/25,F-49,207,4:32:53,58.26%
651,Keizo Amakawa,"Encinitas, CA",127,4:32:36,10:24,M 18-24/33,M-18,444,4:32:44,47.66%
652,Anna Kurtz,"Los Angeles, CA",878,4:32:37,10:24,F 30-34/33,F-30,208,4:33:11,49.69%
653,Kira Heartwick,"San Diego, CA",692,4:32:50,10:25,F 25-29/41,F-25,209,4:33:30,49.64%
654,Adriana Diaz,"Chicago, IL",450,4:32:58,10:25,F 30-34/34,F-32,210,4:33:42,49.80%
655,Frank Tobin,"San Diego, CA",1540,4:32:59,10:25,M 45-49/70,M-45,445,4:33:26,48.90%
656,Billy Ramos,"Carlsbad, CA",1268,4:33:05,10:25,M 30-34/53,M-33,446,4:44:47,45.75%
657,Paul Marzan,"Chula Vista, CA",995,4:33:11,10:26,M 45-49/71,M-46,447,4:33:18,49.29%
658,Larry Renac,"Encinitas, CA",1283,4:33:14,10:26,M 35-39/64,M-35,448,4:33:53,45.72%
659,Julia Kennedy,"Furlong, PA",831,4:33:18,10:26,F 55-59/4,F-55,211,4:33:35,62.92%
660,Candi Neal,"Oceanside, CA",1123,4:33:21,10:26,F 50-54/12,F-53,212,4:33:59,61.22%
661,Kelly Cool,"Charlotte, MI",378,4:33:22,10:26,F 40-44/36,F-44,213,4:33:59,54.59%
662,Andrew Vogel,"South Pasadena, CA",1600,4:33:48,10:27,M 40-44/73,M-40,449,4:34:54,46.75%
663,Cynthia Cuccia,"Vista, CA",403,4:34:05,10:28,F 40-44/37,F-43,214,4:34:22,53.81%
664,Mallory Lake,"Los Gatos, CA",887,4:34:17,10:28,F 18-24/23,F-24,215,4:35:12,49.37%
665,Michael Welton,"San Diego, CA",1626,4:34:19,10:28,M 30-34/54,M-33,450,4:34:58,45.54%
666,Trisha Palma,"Chicago, IL",1188,4:34:38,10:29,F 35-39/35,F-38,216,4:35:11,51.05%
667,Bob Venter,"Oceanside, CA",1587,4:34:40,10:29,M 40-44/74,M-42,451,4:35:09,47.38%
668,Jill Parker,"Centennial, CO",1194,4:34:53,10:30,F 45-49/26,F-48,217,4:35:13,57.03%
669,William Hegardt,"Santa Ana, CA",696,4:34:57,10:30,M 50-54/48,M-53,452,4:35:25,52.12%
670,James Sherrard,"San Diego, CA",1416,4:35:04,10:30,M 50-54/49,M-50,453,4:36:29,50.71%
671,Val Villegas,"San Diego, CA",1595,4:35:22,10:31,M 35-39/65,M-35,454,4:35:56,45.37%
672,Frederick Hanhauser,"Mission Viejo, CA",666,4:35:37,10:31,M 60-64/18,M-64,455,4:36:48,57.85%
673,Richard Lai Fatt,"Encinitas, CA",886,4:35:45,10:32,M 55-59/22,M-55,456,4:36:22,52.95%
674,Denise Janssen,"Escondido, CA",779,4:36:05,10:32,F 55-59/5,F-55,218,4:36:28,62.29%
675,Erika Guerrero,"Escondido, CA",636,4:36:16,10:33,F 35-39/36,F-37,219,4:36:26,50.37%
676,Todd Hanson,"San Marcos, CA",671,4:36:30,10:33,M 45-49/72,M-48,457,4:36:54,49.55%
677,Christopher Powell,"San Diego, CA",1248,4:36:34,10:33,M 35-39/66,M-39,458,4:37:38,45.90%
678,Tonya Albrecht,"Litchfield Park, AZ",118,4:36:39,10:34,F 35-39/37,F-36,220,4:37:44,49.98%
679,Bert Neal,"Saint Charles, MO",1121,4:36:42,10:34,M 45-49/73,M-49,459,4:40:33,49.95%
680,Chris Chandler,"Oceanside, CA",326,4:36:45,10:34,M 30-34/55,M-31,460,4:37:18,45.14%
681,Kristopher Fukuda,"San Diego, CA",548,4:36:46,10:34,M 25-29/64,M-29,461,4:36:59,45.14%
682,Briana Betschart,"San Diego, CA",1698,4:36:51,10:34,F 30-34/35,F-34,221,4:37:33,49.43%
683,Betty Michaelwicz,"San Diego, CA",1037,4:37:01,10:34,F 45-49/27,F-45,222,4:37:33,54.53%
684,Kay McVey,"Saint Peters, MO",1022,4:37:20,10:35,F 55-59/6,F-59,223,4:37:52,65.64%
685,Gary Schmidt,"Waterloo, IL",1375,4:37:30,10:36,M 35-39/67,M-37,462,4:37:53,45.20%
686,Emily Tiberio,"Ontario, NY",1536,4:37:30,10:36,F 25-29/42,F-27,224,4:37:53,48.80%
687,David O'Hair,"Vista, CA",1157,4:37:36,10:36,M 18-24/34,M-18,463,4:38:15,46.80%
688,James Spencer,"CANADA, ",1458,4:37:38,10:36,M 55-59/23,M-58,464,4:37:44,54.11%
689,Michael Woodruff,"Pleasanton, CA",1658,4:37:55,10:36,M 40-44/75,M-41,465,4:38:34,46.44%
690,Grace Bernal,"San Diego, CA",210,4:38:03,10:37,F 50-54/13,F-52,225,4:39:15,59.38%
691,Melinda Krupcyznski,"San Marcos, CA",874,4:38:03,10:37,F 40-44/38,F-40,226,4:38:37,51.31%
692,Fenya Urane,"La Habra, CA",1565,4:38:07,10:37,F 18-24/24,F-22,227,4:38:21,48.69%
693,Maureen Glaser,"San Diego, CA",594,4:38:07,10:37,F 45-49/28,F-45,228,4:38:44,54.31%
694,Maryellen Adan,"Carlsbad, CA",110,4:38:10,10:37,F 45-49/29,F-45,229,4:38:37,54.31%
695,Vetta Homutoff,"La Habra, CA",733,4:38:11,10:37,F 18-24/25,F-24,230,4:38:26,48.68%
696,Billy Freels,"Bakersfield, CA",542,4:38:24,10:38,M 25-29/65,M-28,466,4:38:36,44.87%
697,Steve Norton,"San Diego, CA",1145,4:38:37,10:38,M 55-59/24,M-56,467,4:39:43,52.90%
698,Melissa Zatarain,"MEXICO, ",1685,4:38:42,10:38,F 30-34/36,F-33,231,4:39:06,48.92%
699,Philo Short,"Monterey, CA",1420,4:38:55,10:39,M 70-74/2,M-73,468,4:39:09,63.16%
700,Banafsheh Alai,"Escondido, CA",116,4:38:56,10:39,F 35-39/38,F-38,232,4:39:23,50.26%
701,Ashley Stafford,"San Diego, CA",1465,4:39:02,10:39,F 35-39/39,F-38,233,4:40:13,50.24%
702,Jacques Barralon,"Laguna Niguel, CA",177,4:39:05,10:39,M 45-49/74,M-48,469,4:39:10,49.09%
703,Steven Franklin,"San Diego, CA",537,4:39:07,10:39,M 01-17/3,M-17,470,4:39:26,47.24%
704,Nicholas Bosse,"La Jolla, CA",250,4:39:08,10:39,M 18-24/35,M-18,471,4:39:25,46.55%
705,David Ogul,"San Diego, CA",1156,4:39:14,10:39,M 50-54/50,M-52,472,4:39:44,50.86%
706,Ching Lee,"Carlsbad, CA",908,4:39:20,10:40,M 40-44/76,M-42,473,4:39:56,46.59%
707,Justin Wahl,"Del Mar, CA",1603,4:39:26,10:40,M 25-29/66,M-25,474,4:39:57,44.71%
708,Perfrancis Penaranda,"San Diego, CA",1215,4:39:30,10:40,M 40-44/77,M-44,475,4:40:01,47.35%
709,Hamed Tavasoli,"San Diego, CA",1515,4:39:47,10:41,M 30-34/56,M-31,476,4:40:47,44.65%
710,Gail Root,"Rancho Santa Fe, CA",1329,4:39:49,10:41,F 60-64/2,F-60,234,4:40:56,66.03%
711,Caryn Demoura,"Davis, CA",436,4:39:53,10:41,F 25-29/43,F-28,235,4:40:19,48.39%
712,Nancy Klutenkamper,"Lake St Louis, MO",853,4:40:02,10:41,F 50-54/14,F-54,236,4:40:33,60.57%
713,Patty Garcia,"San Diego, CA",560,4:40:03,10:41,F 40-44/39,F-41,237,4:40:52,51.46%
714,Julian Valencia,"La Quinta, CA",1567,4:40:05,10:41,M 25-29/67,M-26,477,4:40:46,44.60%
715,Heike Rodriguez,"San Diego, CA",1313,4:40:08,10:42,F 45-49/30,F-48,238,4:40:41,55.96%
716,David Goldstein,"Coto De Caza, CA",601,4:40:12,10:42,M 40-44/78,M-42,478,4:40:30,46.45%
717,Quyet Nguyen,"San Marcos, CA",1134,4:40:23,10:42,M 25-29/68,M-26,479,4:40:47,44.55%
718,William Bachicha,"Rocklin, CA",161,4:41:03,10:44,M 45-49/75,M-48,480,4:42:03,48.75%
719,Mark Earnest,"Carlsbad, CA",479,4:41:18,10:44,M 35-39/68,M-37,481,4:41:39,44.59%
720,Leslie Carlson,"San Diego, CA",308,4:41:33,10:45,F 40-44/40,F-41,239,4:42:05,51.19%
721,Jim Bell,"Oceanside, CA",198,4:41:35,10:45,M 45-49/76,M-47,482,4:41:48,48.24%
722,Cyndee Maxwell,"Tulsa, OK",1004,4:41:36,10:45,F 50-54/15,F-50,240,4:42:10,57.12%
723,Pamela Moore,"Tulsa, OK",1072,4:41:37,10:45,F 45-49/31,F-45,241,4:42:10,53.64%
724,Kathy Ostrem,"Tehachapi, CA",1176,4:41:37,10:45,F 45-49/32,F-45,242,4:42:10,53.64%
725,Steven Sandoval,"San Diego, CA",1365,4:41:41,10:45,M 35-39/69,M-35,483,4:42:05,44.35%
726,Chuck Olson,"Auburn, CA",1161,4:41:57,10:46,M 55-59/25,M-56,484,4:42:40,52.28%
727,Rebecca Scholte,"San Diego, CA",1382,4:42:17,10:46,F 18-24/26,F-20,243,4:43:05,48.01%
728,Gregory Stone,"San Diego, CA",1480,4:42:38,10:47,M 25-29/69,M-27,485,4:43:26,44.20%
729,Aloysius Lubiano,"Daly City, CA",952,4:42:47,10:48,M 30-34/57,M-33,486,4:43:07,44.18%
730,Brooke Schoenen,"San Diego, CA",1379,4:42:51,10:48,F 30-34/37,F-32,244,4:43:28,48.06%
731,Michael Johansson,"Coronado, CA",784,4:42:57,10:48,M 45-49/77,M-49,487,4:43:34,48.85%
732,Richard Carreon,"Carlsbad, CA",313,4:42:58,10:48,M 50-54/51,M-54,488,4:43:20,51.12%
733,Martha Yidonoy,"Chula Vista, CA",1673,4:43:04,10:48,F 30-34/38,F-30,245,4:44:59,47.86%
734,Dedrick Girley,"Carlsbad, CA",592,4:43:06,10:48,M 40-44/79,M-40,489,4:44:31,45.22%
735,Julie Pena,"Victorville, CA",1213,4:43:07,10:48,F 40-44/41,F-41,246,4:44:08,50.91%
736,Paul Korn,"Carlsbad, CA",862,4:43:13,10:49,M 50-54/52,M-52,490,4:44:09,50.14%
737,Rajan Christian,"Mira Loma, CA",349,4:43:15,10:49,M 40-44/80,M-42,491,4:43:51,45.95%
738,Beau Moffatt,"Vista, CA",1061,4:43:22,10:49,M 30-34/58,M-31,492,4:44:12,44.09%
739,Josephine Nagal,"Chula Vista, CA",1107,4:43:31,10:49,F 40-44/42,F-41,247,4:44:33,50.83%
740,Josef Cuesico,"San Diego, CA",404,4:43:32,10:49,M 40-44/81,M-40,493,4:44:34,45.15%
741,Jordan Boyce,"Vista, CA",256,4:43:40,10:50,M 30-34/59,M-34,494,4:46:57,44.04%
742,Nathaniel Frichtel,"San Diego, CA",543,4:43:44,10:50,M 35-39/70,M-36,495,4:44:45,44.08%
743,David Engfer,"San Diego, CA",496,4:43:45,10:50,M 30-34/60,M-31,496,4:44:18,44.02%
744,Brandon Hall,"Citrus Heights, CA",654,4:43:47,10:50,M 25-29/70,M-29,497,4:44:05,44.02%
745,Sarah Beckman,"San Diego, CA",1695,4:43:49,10:50,F 35-39/40,F-39,248,4:44:15,49.80%
746,Sean Ezell,"San Diego, CA",511,4:43:53,10:50,M 30-34/61,M-32,498,4:44:33,44.01%
747,Brad Beddow,"San Diego, CA",193,4:43:58,10:50,M 50-54/53,M-53,499,4:44:48,50.47%
748,Stacey Thornburg,"Gilroy, CA",1534,4:44:21,10:51,F 40-44/43,F-43,249,4:44:48,51.86%
749,Christina Moetamedi,"Oceanside, CA",1060,4:44:22,10:51,F 25-29/44,F-28,250,4:45:04,47.62%
750,Jennifer Driessen,"Coronado, CA",465,4:44:35,10:52,F 30-34/39,F-34,251,4:45:02,48.09%
751,Allison Doyle,"San Diego, CA",1709,4:44:47,10:52,F 25-29/45,F-27,252,4:45:45,47.55%
752,Seung Lee,"San Diego, CA",1720,4:44:47,10:52,M 30-34/62,M-34,500,4:45:46,43.87%
753,Jorge Mendoza,"Escondido, CA",1032,4:44:54,10:52,M 18-24/36,M-23,501,4:45:44,43.85%
754,Patti Johnson,"San Diego, CA",795,4:44:55,10:53,F 50-54/16,F-54,253,4:45:40,59.54%
755,Trevor Devlin,"Escondido, CA",448,4:44:57,10:53,M 25-29/71,M-27,502,4:45:32,43.84%
756,Joanne Dempsey,"Coronado, CA",437,4:45:03,10:53,F 40-44/44,F-43,254,4:46:04,51.74%
757,Sara Skiles,"Sierra Madre, CA",1434,4:45:04,10:53,F 25-29/46,F-27,255,4:45:40,47.51%
758,Mark Tait,"Milpitas, CA",1507,4:45:11,10:53,M 55-59/26,M-58,503,4:45:38,52.68%
759,Nicholas Lyndon,"Nashville, TN",962,4:45:14,10:53,M 30-34/63,M-30,504,4:45:55,43.80%
760,Natalie Lyndon,"Nashville, TN",961,4:45:14,10:53,F 25-29/47,F-28,256,4:45:55,47.48%
761,Asa Carrasco,"Oceanside, CA",312,4:45:16,10:53,M 35-39/71,M-39,505,4:45:26,44.50%
762,Douglas Campbell,"Rancho Santa Fe, CA",301,4:45:26,10:54,M 60-64/19,M-60,506,4:45:41,53.67%
763,Sean Nakamura,"San Diego, CA",1112,4:45:28,10:54,M 30-34/64,M-33,507,4:45:49,43.76%
764,Jeanette Massey,"Laguna Niguel, CA",997,4:45:36,10:54,F 40-44/45,F-43,257,4:45:56,51.64%
765,Mark Becker,"Hermosa Beach, CA",192,4:45:42,10:54,M 50-54/54,M-51,508,4:45:54,49.26%
766,Carmen Creamer,"Oceanside, CA",393,4:45:51,10:55,F 35-39/41,F-35,258,4:45:59,48.10%
767,Marilyn Keys,"Mercer Island, WA",838,4:46:03,10:55,F 30-34/40,F-31,259,4:46:32,47.42%
768,Sophia Vandewater,"San Diego, CA",3496,4:46:04,10:55,F 35-39/42,F-37,260,4:46:24,48.65%
769,Taylor Bilby,"Scottsdale, AZ",221,4:46:11,10:55,F 18-24/27,F-21,261,4:46:25,47.32%
770,Pati Gutierrez,"Vista, CA",642,4:46:20,10:56,F 45-49/33,F-49,262,4:46:47,55.45%
771,Judy Wade,"Oceanside, CA",1749,4:46:23,10:56,F 45-49/34,F-45,263,4:46:47,52.75%
772,Kym Anderson,"Carlsbad, CA",135,4:46:30,10:56,F 40-44/46,F-44,264,4:52:30,52.09%
773,Debbie Hexom,"Carlsbad, CA",711,4:46:30,10:56,F 55-59/7,F-55,265,4:47:04,60.02%
774,Nicola Thomson,"CANADA, ",1533,4:46:36,10:56,F 60-64/3,F-63,266,4:47:35,67.47%
775,Denise Lapaglia,"San Diego, CA",893,4:47:08,10:58,F 40-44/47,F-41,267,4:47:57,50.19%
776,Daysha Barahura,"San Diego, CA",170,4:47:08,10:58,F 30-34/41,F-33,268,4:47:58,47.48%
777,James Loren,"Chula Vista, CA",943,4:47:17,10:58,M 40-44/82,M-42,509,4:47:44,45.30%
778,Karen Ross,"Santee, CA",1333,4:47:51,10:59,F 40-44/48,F-41,269,4:48:58,50.07%
779,Daniel Sciortino,"Mission Viejo, CA",1389,4:47:56,10:59,M 30-34/65,M-34,510,4:48:15,43.38%
780,Mae Gacula,"Chula Vista, CA",551,4:48:08,11:00,F 30-34/42,F-32,270,4:49:10,47.18%
781,Nick Gomez,"Lake Forest, CA",604,4:48:09,11:00,M 18-24/37,M-24,511,4:58:42,43.35%
782,Jeff Coffman,"Phoenix, AZ",362,4:48:16,11:00,M 45-49/78,M-46,512,4:49:26,46.71%
783,David Garrett,"La Mesa, CA",566,4:48:21,11:00,M 40-44/83,M-44,513,4:48:54,45.90%
784,Shawna Held,"San Diego, CA",699,4:48:30,11:01,F 18-24/28,F-24,271,4:49:12,46.94%
785,Julia Kennelly,"Saint Louis, MO",833,4:48:36,11:01,F 18-24/29,F-24,272,4:49:20,46.92%
786,Gloria Gilman,"Moreno Valley, CA",586,4:49:04,11:02,F 01-17/2,F-14,273,4:50:12,51.83%
787,Grace Gilman,"Moreno Valley, CA",587,4:49:04,11:02,F 01-17/3,F-16,274,4:50:12,49.58%
788,Doug Scott,"Encinitas, CA",1391,4:49:04,11:02,M 55-59/27,M-55,514,4:49:44,50.51%
789,Alexandra Rome,"La Jolla, CA",1327,4:49:18,11:03,F 45-49/35,F-46,275,4:49:40,52.86%
790,Antonio Pena,"Victorville, CA",1210,4:49:29,11:03,M 45-49/79,M-48,515,4:50:31,47.33%
791,Jeremy Bjork,"San Diego, CA",226,4:49:31,11:03,M 35-39/72,M-37,516,4:50:03,43.32%
792,Michael Winton,"San Diego, CA",1649,4:49:39,11:03,M 30-34/66,M-31,517,4:49:56,43.13%
793,Thomas Scott,"Encinitas, CA",1392,4:50:04,11:04,M 45-49/80,M-47,518,4:50:39,46.83%
794,Danielle Benjamin,"La Mesa, CA",203,4:50:12,11:05,F 35-39/43,F-36,276,4:50:50,47.64%
795,Joanne Fagnani,"San Diego, CA",514,4:50:20,11:05,F 60-64/4,F-62,277,4:50:55,65.58%
796,Brianna Meshke,"Vista, CA",1034,4:50:27,11:05,F 25-29/48,F-26,278,4:50:56,46.63%
797,Kevin McLay,"Vista, CA",1016,4:50:28,11:05,M 25-29/72,M-27,519,4:50:56,43.01%
798,Krystal Linnabery,"San Diego, CA",932,4:50:33,11:05,F 25-29/49,F-26,279,4:51:09,46.61%
799,Christine Gaasch,"Encinitas, CA",550,4:50:51,11:06,F 40-44/49,F-44,280,4:51:50,51.31%
800,Ziad Abikaram,"San Jose, CA",104,4:50:53,11:06,M 45-49/81,M-48,520,4:51:11,47.10%
801,Amanda Cross,"Manhattan Beach, CA",399,4:51:00,11:06,F 25-29/50,F-29,281,4:52:03,46.54%
802,Dana Mello,"San Diego, CA",1028,4:51:07,11:07,F 30-34/43,F-31,282,4:55:51,46.60%
803,Heather Rogers,"El Cajon, CA",1319,4:51:10,11:07,F 18-24/30,F-22,283,4:51:44,46.51%
804,Janet Burgess,"Renton, WA",284,4:51:13,11:07,F 50-54/17,F-50,284,4:51:26,55.23%
805,Kiki Rich,"Salt Lake City, UT",1294,4:51:24,11:07,F 35-39/44,F-38,285,4:51:59,48.11%
806,Brent Williams,"Encinitas, CA",1640,4:51:29,11:08,M 25-29/73,M-28,521,4:52:01,42.86%
807,Meaghen Sharik,"San Diego, CA",1408,4:51:30,11:08,F 25-29/51,F-27,286,4:52:01,46.46%
808,Naomi Ruschak,"Media, PA",1345,4:51:31,11:08,F 50-54/18,F-54,287,4:52:09,58.19%
809,Keiko Suzuki,"San Diego, CA",1497,4:51:47,11:08,F 35-39/45,F-35,288,4:52:31,47.13%
810,Tracey Kiernan,"Carlsbad, CA",841,4:51:48,11:08,F 40-44/50,F-40,289,4:52:29,48.89%
811,Margaret Rolfe,"Coronado, CA",1326,4:52:04,11:09,F 40-44/51,F-44,290,4:52:37,51.10%
812,Manuel Lazaro,"San Diego, CA",903,4:52:26,11:10,M 40-44/84,M-40,522,4:52:37,43.77%
813,Dorothy Sukalski,"Long Beach, CA",1492,4:52:30,11:10,F 25-29/52,F-29,291,4:53:27,46.30%
814,Ron Cole,"San Diego, CA",364,4:52:42,11:10,M 40-44/85,M-41,523,4:53:41,44.10%
815,John Franklin,"Yuma, AZ",536,4:52:44,11:10,M 30-34/67,M-34,524,4:53:16,42.67%
816,Kelley Hodgkiss-Harlow,"San Diego, CA",723,4:52:45,11:10,F 30-34/44,F-32,292,4:53:33,46.44%
817,Kaitlyn O'Rinn,"Carlsbad, CA",1167,4:52:52,11:11,F 25-29/53,F-26,293,4:53:29,46.24%
818,Tim Daly,"Carlsbad, CA",409,4:52:52,11:11,M 50-54/55,M-51,525,4:54:05,48.05%
819,Dan Deleon,"Carlsbad, CA",433,4:53:03,11:11,M 45-49/82,M-45,526,4:53:34,45.55%
820,Susan Deleon,"Carlsbad, CA",434,4:53:03,11:11,F 40-44/52,F-41,294,4:53:34,49.18%
821,Jocelyne Stover,"Carlsbad, CA",1482,4:53:14,11:12,F 45-49/36,F-47,295,4:53:48,52.80%
822,Daniel Dunderman,"Corona, CA",474,4:53:41,11:13,M 45-49/83,M-45,527,4:54:40,45.45%
823,Joshua Tootell,"Vista, CA",1547,4:54:07,11:14,M 30-34/68,M-31,528,4:54:31,42.47%
824,Rawlin Warta,"Rancho Cucamonga, CA",1617,4:54:29,11:14,M 55-59/28,M-57,529,4:55:26,50.53%
825,Christina Shaw,"Murrieta, CA",1410,4:54:29,11:14,F 30-34/45,F-33,296,4:55:26,46.30%
826,Tony Lettieri,"San Diego, CA",924,4:54:52,11:15,M 60-64/20,M-64,530,4:55:47,54.07%
827,Craig Nusenow,"San Diego, CA",1147,4:55:01,11:16,M 45-49/84,M-47,531,4:55:28,46.04%
828,Chris Gilmore,"Carlsbad, CA",589,4:55:14,11:16,M 45-49/85,M-46,532,4:55:49,45.60%
829,Anushka Sirdeshpande,"San Diego, CA",1432,4:55:15,11:16,F 25-29/54,F-26,297,4:55:21,45.87%
830,Sharon Nardozza,"Encinitas, CA",1115,4:55:18,11:16,F 50-54/19,F-50,298,4:55:59,54.47%
831,Fariba Moghbel,"San Diego, CA",1062,4:55:20,11:16,F 45-49/37,F-45,299,4:55:58,51.15%
832,Kris Atkins,"San Diego, CA",155,4:55:44,11:17,M 30-34/69,M-30,533,4:56:00,42.24%
833,Nadirah Nayo,"Pasadena, CA",1120,4:55:47,11:17,F 40-44/53,F-44,300,4:56:19,50.46%
834,Donna Denham,"Chula Vista, CA",438,4:55:50,11:17,F 45-49/38,F-46,301,4:56:09,51.69%
835,Christopher Berg,"San Diego, CA",208,4:55:56,11:18,M 25-29/74,M-29,534,4:56:21,42.21%
836,Linda Klute,"Chicago, IL",852,4:56:23,11:19,F 60-64/5,F-63,302,4:57:28,65.25%
837,Sabrina Demonte,"Torrance, CA",435,4:56:30,11:19,F 25-29/55,F-27,303,4:57:32,45.67%
838,Todd Gustafson,"Carlsbad, CA",640,4:56:42,11:19,M 35-39/73,M-38,535,4:57:14,42.49%
839,Brian Johnson,"Carlsbad, CA",788,4:57:06,11:20,M 35-39/74,M-39,536,4:57:36,42.73%
840,Ryan Patterson,"Oxnard, CA",1203,4:57:19,11:21,M 01-17/4,M-17,537,4:57:59,44.34%
841,Daniel Louvet,"Torrance, CA",947,4:57:27,11:21,M 25-29/75,M-29,538,4:57:33,42.00%
842,Andrew Rodriguez,"South San Francisco, CA",1311,4:57:35,11:21,M 18-24/38,M-23,539,5:03:02,41.98%
843,Liz Shaw,"Santa Fe, NM",1412,4:57:37,11:22,F 50-54/20,F-52,304,4:58:11,55.47%
844,Linda Hayes,"Reno, NV",688,4:57:45,11:22,F 50-54/21,F-51,305,4:58:19,54.72%
845,Heather Hermanson,"La Verne, CA",706,4:57:57,11:22,F 30-34/46,F-30,306,4:58:26,45.47%
846,Lindsay Knabe,"San Marcos, CA",854,4:57:57,11:22,F 25-29/56,F-29,307,4:58:27,45.45%
847,Charles Howard,"Woodridge, IL",743,4:57:58,11:22,M 50-54/56,M-53,540,4:58:25,48.10%
848,Rachel Butrum,"Ramona, CA",294,4:58:00,11:22,F 18-24/31,F-23,308,4:58:34,45.44%
849,Thomas Cunningham,"San Diego, CA",405,4:58:01,11:22,M 25-29/76,M-29,541,4:58:33,41.92%
850,Laura Ecklund,"Oceanside, CA",483,4:58:04,11:23,F 35-39/46,F-39,309,4:58:48,47.42%
851,Olivia Garcia,"Bakersfield, CA",559,4:58:04,11:23,F 35-39/47,F-39,310,4:58:34,47.42%
852,Patty Dunnells,"La Mesa, CA",475,4:58:04,11:23,F 55-59/8,F-58,311,4:58:55,60.19%
853,Dick Dubois,"Encinitas, CA",468,4:58:23,11:23,M 55-59/29,M-59,542,4:58:39,50.83%
854,Regina Dudley,"San Diego, CA",470,4:58:48,11:24,F 45-49/39,F-47,312,4:59:46,51.82%
855,Ethan Rohr,"Escondido, CA",1322,4:58:56,11:25,M 25-29/77,M-26,543,4:59:49,41.79%
856,Timothy Butrum,"Ramona, CA",295,4:59:05,11:25,M 50-54/57,M-53,544,4:59:45,47.92%
857,Andrea Hester,"Encinitas, CA",708,4:59:06,11:25,F 45-49/40,F-47,313,4:59:45,51.76%
858,Maria Webster,"San Diego, CA",1620,4:59:31,11:26,F 45-49/41,F-49,314,4:59:57,53.01%
859,Dan Webster,"San Diego, CA",1619,4:59:31,11:26,M 50-54/58,M-53,545,4:59:57,47.85%
860,Hong-Der Lin,"Poway, CA",929,4:59:35,11:26,M 60-64/21,M-60,546,5:00:41,51.13%
861,Mike Patterson,"Oxnard, CA",1202,4:59:59,11:27,M 45-49/86,M-49,547,5:00:42,46.08%
862,Nathalie Wisneski,"Tucson, AZ",1651,5:00:02,11:27,F 45-49/42,F-48,315,5:01:02,52.25%
863,Brian Gillette,"Carlsbad, CA",585,5:00:09,11:27,M 25-29/78,M-28,548,5:00:59,41.62%
864,Norman Suguitan,"San Diego, CA",1491,5:00:16,11:28,M 45-49/87,M-46,549,5:01:34,44.84%
865,Andrew Moreau,"San Diego, CA",1076,5:00:26,11:28,M 35-39/75,M-39,550,5:01:35,42.26%
866,Roseann Ferre,"Carlsbad, CA",521,5:00:31,11:28,F 40-44/54,F-44,316,5:01:11,49.66%
867,Arun Mirpuri,"San Diego, CA",1055,5:00:44,11:29,M 30-34/70,M-30,551,5:00:50,41.54%
868,John Famulare,"Carlsbad, CA",515,5:00:49,11:29,M 45-49/88,M-49,552,5:01:32,45.95%
869,Rita Famulare,"Carlsbad, CA",516,5:00:50,11:29,F 45-49/43,F-48,317,5:01:32,52.11%
870,Vidal Arroyo,"San Marcos, CA",154,5:00:57,11:29,M 35-39/76,M-36,553,5:01:23,41.55%
871,Erick Karsten,"San Diego, CA",817,5:01:12,11:30,M 35-39/77,M-37,554,5:01:44,41.64%
872,Timothy Evans,"San Diego, CA",510,5:01:14,11:30,M 18-24/39,M-24,555,5:05:32,41.47%
873,Norma Figueroa,"Irvine, CA",525,5:01:16,11:30,F 55-59/9,F-57,318,5:01:54,58.71%
874,Tom Decino,"Carlsbad, CA",427,5:01:16,11:30,M 60-64/22,M-63,556,5:02:21,52.39%
875,Alison Gregory,"Oceanside, CA",628,5:01:20,11:30,F 55-59/10,F-55,319,5:02:43,57.07%
876,Makunda Varade,"San Diego, CA",1580,5:01:28,11:30,M 40-44/86,M-44,557,5:01:50,43.90%
877,Donny Farmer,"Irvine, CA",517,5:01:35,11:31,M 30-34/71,M-31,558,5:03:34,41.42%
878,Steve Clark,"Costa Mesa, CA",355,5:01:47,11:31,M 60-64/23,M-60,559,5:02:25,50.76%
879,Kristin Gillard,"Redlands, CA",583,5:02:07,11:32,F 45-49/44,F-46,320,5:03:09,50.62%
880,Kendall Heisey,"Bakersfield, CA",698,5:02:11,11:32,F 35-39/48,F-35,321,5:02:41,45.50%
881,Nicole Connelly,"Olathe, KS",372,5:02:32,11:33,F 30-34/47,F-31,322,5:02:51,44.84%
882,Vince Villegas,"San Diego, CA",1596,5:02:44,11:33,M 35-39/78,M-38,560,5:03:20,41.64%
883,Javier Rodriguez,"Spring Valley, CA",1314,5:02:59,11:34,M 40-44/87,M-44,561,5:03:27,43.68%
884,Larrie Don Parreno,"Loma Linda, CA",1196,5:03:09,11:34,M 25-29/79,M-29,562,5:03:28,41.21%
885,Carole Jacob,"Brighton, CO",771,5:03:10,11:34,F 50-54/22,F-52,323,5:03:46,54.46%
886,Kadie King,"Oceanside, CA",844,5:03:14,11:34,F 25-29/57,F-26,324,5:03:48,44.66%
887,Martha McNamara-Allison,"San Diego, CA",1020,5:03:38,11:35,F 35-39/49,F-37,325,5:04:27,45.83%
888,Melissa Anderson,"Oceanside, CA",139,5:03:40,11:35,F 35-39/50,F-35,326,5:03:53,45.28%
889,Andrea Sperduto,"San Diego, CA",1459,5:03:41,11:35,F 40-44/55,F-40,327,5:03:54,46.98%
890,Douglas Atkin,"Playa Del Rey, CA",1693,5:03:42,11:35,M 50-54/59,M-54,563,5:03:52,47.63%
891,Grant Gilman,"Moreno Valley, CA",588,5:04:03,11:36,M 45-49/89,M-45,564,5:05:11,43.90%
892,Loni Vasquez,"Lake Bluff, IL",1582,5:04:05,11:36,F 35-39/51,F-36,328,5:04:43,45.47%
893,Jason Johnston,"Oceanside, CA",801,5:04:06,11:36,M 40-44/88,M-42,565,5:04:56,42.80%
894,Tami Greer,"Murrieta, CA",626,5:04:08,11:36,F 45-49/45,F-48,329,5:05:25,51.55%
895,Mary Schmit,"Escondido, CA",1376,5:04:47,11:38,F 50-54/23,F-53,330,5:05:34,54.91%
896,Raquel Depiano,"Carlsbad, CA",441,5:04:47,11:38,F 45-49/46,F-45,331,5:05:06,49.56%
897,Juliann Gonzales,"Chula Vista, CA",605,5:04:56,11:38,F 25-29/58,F-28,332,5:05:12,44.41%
898,Joseph Reilly,"Orange, CA",1281,5:05:20,11:39,M 65-69/2,M-68,566,5:05:41,54.45%
899,Lacey Andrews,"Oceanside, CA",143,5:05:37,11:40,F 25-29/59,F-28,333,5:06:39,44.31%
900,Tamara Stubbs,"Broomfield, CO",1486,5:06:10,11:41,F 45-49/47,F-48,334,5:06:53,51.21%
901,Guillermo Ramirez,"San Diego, CA",1267,5:06:16,11:41,M 50-54/60,M-51,567,5:07:27,45.95%
902,Deborah Coy-Cirillo,"Phoenix, AZ",390,5:06:32,11:42,F 50-54/24,F-53,335,5:07:06,54.59%
903,Sarkis Defterderian,"Glendale, CA",429,5:07:15,11:44,M 50-54/61,M-50,568,5:08:28,45.39%
904,Jimmy Brown,"Oceanside, CA",272,5:07:25,11:44,M 40-44/89,M-40,569,5:07:55,41.64%
905,Trisha Swanson,"Tigard, OR",1500,5:07:46,11:45,F 40-44/56,F-41,336,5:08:32,46.83%
906,Kimberly Johnson,"Oceanside, CA",793,5:07:46,11:45,F 35-39/52,F-36,337,5:08:32,44.92%
907,Dennis Bandyk,"Tampa, FL",169,5:07:53,11:45,M 60-64/24,M-64,570,5:08:42,51.79%
908,Tim Derose,"Irvine, CA",443,5:08:12,11:46,M 40-44/90,M-44,571,5:09:06,42.94%
909,Gabriel Alcaraz,"San Diego, CA",119,5:08:22,11:46,M 55-59/30,M-56,572,5:09:50,47.80%
910,Jackson Chia,"San Gabriel, CA",341,5:08:40,11:47,M 40-44/91,M-42,573,5:08:47,42.16%
911,Charlie Alewine,"Diamond Bar, CA",120,5:09:01,11:48,M 65-69/3,M-66,574,5:09:16,52.68%
912,Nancy Lara,"Chula Vista, CA",895,5:09:02,11:48,F 45-49/48,F-46,338,5:09:13,49.48%
913,Kristi Cheek,"Carlsbad, CA",334,5:09:07,11:48,F 30-34/48,F-31,339,5:09:39,43.89%
914,Grace Nakashima,"Carlsbad, CA",1113,5:09:14,11:48,F 25-29/60,F-27,340,5:10:06,43.79%
915,Louis Mo,"La Crescenta, CA",1059,5:09:33,11:49,M 45-49/90,M-48,575,5:09:57,44.26%
916,Manda Mitchell,"Nashville, TN",1057,5:09:36,11:49,F 25-29/61,F-27,341,5:10:17,43.74%
917,Li Min Chen,"TAIWAN, ",335,5:09:44,11:49,F 40-44/57,F-42,342,5:10:43,47.05%
918,Kirsten Plambeck,"Scottsdale, AZ",1234,5:10:00,11:50,F 45-49/49,F-47,343,5:10:18,49.94%
919,Sonny Santiaguel,"Escondido, CA",1366,5:10:09,11:50,M 55-59/31,M-59,576,5:11:00,48.90%
920,Eileen Hargrave,"Denver, CO",674,5:10:26,11:51,F 50-54/25,F-50,344,5:11:10,51.81%
921,Victor Diaz,"San Diego, CA",452,5:10:27,11:51,M 30-34/72,M-33,577,5:15:43,40.24%
922,Bryce Watts,"Phoenix, AZ",1618,5:11:01,11:52,M 40-44/92,M-40,578,5:11:45,41.16%
923,Rami Indudhara,"Carlsbad, CA",761,5:12:24,11:55,M 50-54/62,M-52,579,5:12:33,45.46%
924,Scott Christensen,"Carlsbad, CA",347,5:12:25,11:55,M 40-44/93,M-41,580,5:13:01,41.31%
925,Dan Rodriguez,"Carlsbad, CA",1312,5:12:42,11:56,M 45-49/91,M-46,581,5:13:34,43.06%
926,Marla Wagner,"Escondido, CA",1602,5:13:11,11:57,F 40-44/58,F-42,345,5:14:23,46.54%
927,Ferdinand Scholz,"Santee, CA",1383,5:13:17,11:57,M 50-54/63,M-52,582,5:14:17,45.33%
928,Robert Zermeno,"Ridgecrest, CA",1686,5:13:19,11:57,M 25-29/80,M-28,583,5:13:24,39.87%
929,Daniel Sprague,"Carlsbad, CA",1745,5:13:29,11:58,M 01-17/5,M-16,584,5:14:05,42.74%
930,David Phillips,"San Diego, CA",1230,5:13:37,11:58,M 18-24/40,M-23,585,5:13:55,39.83%
931,Ivan Montoya,"San Diego, CA",1067,5:13:57,11:59,M 30-34/73,M-33,586,5:14:23,39.79%
932,Annie Haghani,"Encinitas, CA",1713,5:14:47,12:01,F 45-49/50,F-49,346,5:15:47,50.44%
933,Michael Kane,"Santee, CA",813,5:14:57,12:01,M 55-59/32,M-57,587,5:16:03,47.24%
934,Jon Epstein,"Encinitas, CA",499,5:15:02,12:01,M 25-29/81,M-29,588,5:16:07,39.65%
935,Cooper Thornton,"Sierra Madre, CA",1535,5:15:06,12:02,M 50-54/64,M-50,589,5:15:35,44.26%
936,Heidi Willis,"San Marcos, CA",1642,5:15:20,12:02,F 35-39/53,F-37,347,5:16:21,44.13%
937,Cynthia Stapp,"Shawnee, KS",1468,5:15:39,12:03,F 50-54/26,F-53,348,5:16:51,53.02%
938,Chinyere Obasi,"Kearney, NE",1733,5:15:40,12:03,M 50-54/65,M-50,590,5:16:56,44.18%
939,John Schaap,"Louisville, KY",1371,5:16:02,12:04,M 60-64/25,M-64,591,5:17:03,50.45%
940,John Comstock,"Redmond, WA",1704,5:16:03,12:04,M 45-49/92,M-49,592,5:20:47,43.73%
941,John Clement,"San Diego, CA",357,5:17:21,12:07,M 40-44/94,M-40,593,5:18:21,40.34%
942,Dannielle Ivey,"Redlands, CA",766,5:17:24,12:07,F 30-34/49,F-33,349,5:17:49,42.96%
943,Robin Stevens,"Felton, CA",1476,5:17:31,12:07,F 50-54/27,F-53,350,5:18:05,52.70%
944,Steven Jones,"San Diego, CA",806,5:17:37,12:07,M 45-49/93,M-47,594,5:18:05,42.76%
945,David Lancaster,"Fennville, MI",890,5:17:50,12:08,M 30-34/74,M-33,595,5:18:07,39.30%
946,Gail Edwards,"Alta Loma, CA",485,5:17:50,12:08,F 55-59/11,F-58,351,5:18:52,56.45%
947,Gina Van Hyfte,"San Diego, CA",1573,5:18:29,12:09,F 45-49/51,F-47,352,5:18:55,48.61%
948,Sandra Anderson,"Encinitas, CA",140,5:18:43,12:10,F 45-49/52,F-49,353,5:19:44,49.82%
949,Thomas Noonan,"Carlsbad, CA",1144,5:18:49,12:10,M 50-54/66,M-54,596,5:19:22,45.37%
950,Gedeon Pagarigan,"Redlands, CA",1186,5:18:50,12:10,M 40-44/95,M-41,597,5:19:15,40.48%
951,Brian Jackson,"San Diego, CA",768,5:18:55,12:10,M 35-39/79,M-37,598,5:19:50,39.33%
952,Jamie Sorenson,"Coronado, CA",1454,5:19:05,12:11,F 30-34/50,F-34,354,5:19:36,42.89%
953,Thomas Gregory Jr,"Chula Vista, CA",629,5:19:09,12:11,M 45-49/94,M-45,599,5:19:45,41.83%
954,Scott Petersen,"Oceanside, CA",1221,5:19:09,12:11,M 35-39/80,M-36,600,5:20:08,39.18%
955,Jeni Lench,"San Diego, CA",914,5:19:18,12:11,F 50-54/28,F-50,355,5:19:59,50.37%
956,Karen Mellor,"Spring Valley, CA",1726,5:19:21,12:11,F 25-29/62,F-29,356,5:19:52,42.41%
957,Randi Dunn,"San Diego, CA",1756,5:19:36,12:12,F 35-39/54,F-35,357,5:20:38,43.02%
958,Audrey Ruland,"Bonita, CA",1344,5:19:36,12:12,F 45-49/53,F-48,358,5:20:38,49.05%
959,Bill Snyder,"Bakersfield, CA",1452,5:19:41,12:12,M 30-34/75,M-33,601,5:20:26,39.08%
960,Dan Randol,"Encinitas, CA",1269,5:19:53,12:13,M 40-44/96,M-44,602,5:20:53,41.37%
961,Andrea B Gallagher,"San Diego, CA",555,5:19:56,12:13,F 35-39/55,F-37,359,5:20:36,43.50%
962,Victoria Wolter,"Encinitas, CA",1654,5:20:18,12:13,F 25-29/63,F-28,360,5:20:35,42.28%
963,Seth Graham,"Del Mar, CA",617,5:20:23,12:14,M 30-34/76,M-33,603,5:22:26,38.99%
964,Scott Smith,"San Diego, CA",1448,5:20:27,12:14,M 45-49/95,M-49,604,5:21:30,43.13%
965,Jennifer Orr,"Murrieta, CA",1169,5:20:31,12:14,F 30-34/51,F-34,361,5:21:34,42.70%
966,Corrina Castillo,"San Diego, CA",319,5:20:42,12:14,F 30-34/52,F-34,362,5:21:08,42.67%
967,Misty Griffin,"Perris, CA",634,5:20:54,12:15,F 45-49/54,F-48,363,5:21:29,48.85%
968,Kathy Young-Orwig,"Riverside, CA",1752,5:20:56,12:15,F 55-59/12,F-56,364,5:21:28,54.33%
969,James Walker,"El Cajon, CA",1605,5:21:02,12:15,M 30-34/78,M-30,606,5:22:01,38.91%
970,Adam Osborn,"El Cajon, CA",1172,5:21:02,12:15,M 30-34/77,M-30,605,5:22:01,38.91%
971,Nathan Lynch,"Camp Pendleton, CA",960,5:21:10,12:15,M 30-34/79,M-34,607,5:22:21,38.90%
972,Anthony Madonia,"Oceanside, CA",971,5:21:11,12:15,M 25-29/82,M-26,608,5:22:22,38.89%
973,Kyle Ricciarelli,"San Clemente, CA",1291,5:21:11,12:15,M 25-29/83,M-25,609,5:22:22,38.89%
974,Travis Morrow,"Oceanside, CA",1088,5:21:12,12:16,M 35-39/81,M-35,610,5:22:23,38.89%
975,James Carey,"Silverado, CA",306,5:21:12,12:16,M 18-24/41,M-24,611,5:22:22,38.89%
976,Richard Reilly II,"San Diego, CA",1282,5:21:14,12:16,M 45-49/96,M-45,612,5:22:00,41.56%
977,Chih Wang,"San Diego, CA",1609,5:21:43,12:17,F 25-29/64,F-28,365,5:24:23,42.09%
978,Steve Berenson,"San Diego, CA",207,5:21:45,12:17,M 45-49/97,M-48,613,5:22:33,42.58%
979,Amy Galbraith,"Venice, CA",553,5:21:46,12:17,F 65-69/1,F-68,366,5:22:25,65.17%
980,Joseph Gombos,"San Diego, CA",602,5:21:46,12:17,M 25-29/84,M-27,614,5:24:23,38.82%
981,Dave Bell,"Highlands Ranch, CO",197,5:22:08,12:18,M 45-49/98,M-49,615,5:25:50,42.91%
982,Tim Marchelli,"San Diego, CA",982,5:22:08,12:18,M 30-34/80,M-32,616,5:22:45,38.78%
983,Lisa Clairmont,"Vancouver, WA",352,5:22:09,12:18,F 40-44/59,F-44,367,5:23:10,46.33%
984,Vanessa Bowman,"San Diego, CA",255,5:22:41,12:19,F 40-44/60,F-41,368,5:23:53,44.66%
985,Susan Brophy,"San Diego, CA",268,5:22:43,12:19,F 40-44/61,F-40,369,5:23:30,44.21%
986,Dawn Swan,"Alpine, CA",1498,5:22:43,12:19,F 40-44/62,F-40,370,5:23:30,44.20%
987,Rob Prince,"Poway, CA",1255,5:23:03,12:20,M 50-54/67,M-52,617,5:23:49,43.96%
988,Edward Macphee,"San Diego, CA",968,5:23:03,12:20,M 25-29/85,M-28,618,5:23:32,38.67%
989,Kim Lai,"San Diego, CA",884,5:23:13,12:20,F 35-39/56,F-39,371,5:23:38,43.73%
990,Luis Marquez,"Chula Vista, CA",986,5:23:43,12:21,M 45-49/99,M-48,619,5:24:48,42.32%
991,Gina Springer,"San Diego, CA",1463,5:23:56,12:22,F 35-39/57,F-38,372,5:24:56,43.28%
992,Chioke Nayo,"Pasadena, CA",1119,5:24:12,12:22,M 45-49/100,M-48,620,5:24:45,42.26%
993,Ted Ricasa,"San Diego, CA",1290,5:24:14,12:22,M 35-39/82,M-38,621,5:24:47,38.88%
994,Teresa Lambert,"Encinitas, CA",889,5:24:18,12:23,F 50-54/29,F-53,373,5:24:42,51.60%
995,Chris Shumate,"Carlsbad, CA",1423,5:24:43,12:24,M 45-49/101,M-49,622,5:25:42,42.57%
996,Thomas Chrisopulos,"Escondido, CA",345,5:24:54,12:24,M 55-59/33,M-56,623,5:25:38,45.36%
997,Kim Horner,"Mission Viejo, CA",1717,5:25:34,12:26,F 40-44/63,F-44,374,5:25:47,45.84%
998,Sally Boles,"Mission Viejo, CA",101,5:25:35,12:26,F 40-44/64,F-43,375,5:25:47,45.30%
999,Kristen Peregrini,"Mission Viejo, CA",1217,5:25:36,12:26,F 35-39/58,F-38,376,5:25:48,43.06%
1000,Harold Jackson,"Riverside, CA",100,5:25:36,12:26,M 65-69/4,M-66,624,5:25:47,50.00%
1001,Aileen Abad,"San Diego, CA",103,5:25:41,12:26,F 35-39/59,F-38,377,5:26:10,43.05%
1002,Jim Fishinger,"Vista, CA",528,5:26:00,12:27,M 60-64/26,M-61,625,5:26:46,47.46%
1003,Nathan Faber,"San Diego, CA",512,5:26:14,12:27,M 30-34/81,M-33,626,5:26:50,38.29%
1004,Javier Bautista,"Bonita, CA",188,5:26:20,12:27,M 60-64/27,M-61,627,5:26:49,47.41%
1005,Tami Mousty,"San Diego, CA",1095,5:26:48,12:28,F 50-54/30,F-50,378,5:27:49,49.22%
1006,Linda McDonald,"Oceanside, CA",1008,5:27:01,12:29,F 30-34/53,F-32,379,5:28:11,41.57%
1007,Travis Walsh,"Phoenix, AZ",1607,5:27:36,12:30,M 30-34/82,M-34,628,5:28:37,38.13%
1008,Gregory Baumann,"Encinitas, CA",186,5:27:36,12:30,M 01-17/6,M-17,629,5:28:13,40.24%
1009,Randy Wolman,"San Diego, CA",1653,5:27:37,12:30,M 55-59/34,M-57,630,5:28:37,45.42%
1010,Erin McGee,"Pomona, CA",1010,5:27:37,12:30,F 25-29/65,F-29,380,5:28:42,41.34%
1011,Jane Thompson,"Glendora, CA",1529,5:27:37,12:30,F 45-49/55,F-48,381,5:28:43,47.85%
1012,Pat Guzman,"San Diego, CA",644,5:27:37,12:30,M 45-49/102,M-47,631,5:28:28,41.46%
1013,Chadwick McHenry,"Arlington, VA",1013,5:27:50,12:31,M 35-39/83,M-38,632,5:28:23,38.45%
1014,Rebecca Kriegsman,"Poway, CA",868,5:28:06,12:31,F 40-44/65,F-44,382,5:28:41,45.49%
1015,Scott Kriegsman,"Poway, CA",869,5:28:06,12:31,M 40-44/97,M-43,633,5:28:41,40.00%
1016,David Miller,"Poway, CA",1046,5:28:15,12:32,M 35-39/84,M-39,634,5:28:53,38.68%
1017,Tim Hampton,"San Diego, CA",664,5:28:39,12:33,M 60-64/28,M-62,635,5:29:33,47.55%
1018,Doug Layne,"Carlsbad, CA",901,5:28:51,12:33,M 40-44/98,M-43,636,5:29:19,39.91%
1019,Mark Fulcher,"San Diego, CA",549,5:28:56,12:33,M 50-54/68,M-52,637,5:29:50,43.17%
1020,Jessica Da Silva,"San Diego, CA",407,5:28:57,12:33,F 25-29/66,F-28,383,5:29:32,41.17%
1021,Anmarie Crook,"Lemon Grove, CA",397,5:28:57,12:33,F 40-44/66,F-40,384,5:29:32,43.37%
1022,Beatriz Salgado,"San Diego, CA",1359,5:29:11,12:34,F 30-34/54,F-32,385,5:30:18,41.30%
1023,Rosie Montano,"Chula Vista, CA",1065,5:29:31,12:35,F 25-29/67,F-29,386,5:30:37,41.10%
1024,Lisa Devargas,"Salt Lake City, UT",446,5:29:42,12:35,F 30-34/55,F-33,387,5:30:26,41.35%
1025,Blakely Hamilton,"Santa Monica, CA",660,5:29:43,12:35,F 35-39/60,F-35,388,5:30:27,41.70%
1026,Lisa Lindsay,"Fresno, CA",930,5:29:45,12:35,F 30-34/56,F-34,389,5:30:22,41.50%
1027,Yvette Lischio,"Vista, CA",933,5:29:46,12:35,F 35-39/61,F-38,390,5:30:57,42.51%
1028,Chris Thompson,"Escondido, CA",1527,5:30:39,12:37,M 55-59/35,M-59,638,5:31:18,45.87%
1029,Robert Perez,"Lemon Grove, CA",1737,5:30:48,12:37,M 45-49/103,M-49,639,5:31:52,41.78%
1030,Omer Miller,"Temecula, CA",1049,5:30:59,12:38,M 50-54/69,M-52,640,5:33:56,42.90%
1031,Troy Quigley,"Elk Grove, CA",1261,5:31:15,12:39,M 40-44/99,M-41,641,5:31:46,38.97%
1032,Jamie Quigley,"Elk Grove, CA",1260,5:31:15,12:39,F 35-39/62,F-35,391,5:31:46,41.51%
1033,Jason Rosete,"San Diego, CA",1332,5:31:32,12:39,M 25-29/86,M-25,642,5:32:09,37.68%
1034,Jerry Nairn,"Chandler, AZ",1109,5:31:49,12:40,M 50-54/70,M-52,643,5:32:24,42.80%
1035,Peter Nerothin,"San Diego, CA",1129,5:31:49,12:40,M 30-34/83,M-32,644,5:32:24,37.65%
1036,Moses Christian,"Loma Linda, CA",348,5:32:18,12:41,M 75-79/1,M-79,645,5:32:54,58.93%
1037,Carlos Chavez,"Oceanside, CA",332,5:32:33,12:42,M 25-29/87,M-27,646,5:33:50,37.57%
1038,Blair Mitchell,"Vista, CA",1056,5:32:47,12:42,F 35-39/63,F-37,392,5:33:14,41.82%
1039,Gregory Wilson,"Murrieta, CA",1645,5:32:59,12:43,M 35-39/85,M-38,647,5:33:48,37.86%
1040,Doug Blickhan,"Murrieta, CA",233,5:33:05,12:43,M 40-44/100,M-42,648,5:33:47,39.07%
1041,Jason Spickelmire,"Spring Valley, CA",1460,5:33:12,12:43,M 35-39/86,M-36,649,5:33:40,37.53%
1042,Ruth Spickelmire,"Spring Valley, CA",1461,5:33:13,12:43,F 30-34/57,F-30,393,5:33:40,40.66%
1043,Bianca Marino,"San Diego, CA",984,5:33:47,12:44,F 25-29/68,F-27,394,5:34:25,40.57%
1044,Tricia Hacker,"Bakersfield, CA",649,5:33:57,12:45,F 50-54/31,F-53,395,5:35:01,50.11%
1045,Shari Ross,"Whittier, CA",1335,5:33:57,12:45,F 50-54/32,F-54,396,5:35:01,50.79%
1046,Claudia Barragan,"La Mesa, CA",176,5:33:57,12:45,F 25-29/69,F-29,397,5:34:34,40.55%
1047,Courtney Sanchez,"San Diego, CA",1361,5:34:17,12:45,F 18-24/32,F-23,398,5:34:51,40.51%
1048,Sally Phung,"Alhambra, CA",1231,5:34:42,12:46,F 25-29/70,F-25,399,5:35:19,40.46%
1049,Tracy Miller,"Poway, CA",1051,5:34:43,12:46,F 30-34/58,F-33,400,5:35:21,40.73%
1050,Lucas Keenan,"San Diego, CA",824,5:35:35,12:48,M 25-29/88,M-29,650,5:36:10,37.23%
1051,Carolina Martinez,"Chula Vista, CA",993,5:36:21,12:50,F 40-44/67,F-43,401,5:37:31,43.85%
1052,Tracy Friedman,"Santee, CA",545,5:36:21,12:50,F 18-24/33,F-22,402,5:37:24,40.26%
1053,Ryane Burke,"Oceanside, CA",286,5:36:24,12:50,F 25-29/71,F-25,403,5:37:15,40.26%
1054,Thaniel Noles,"San Diego, CA",1142,5:36:27,12:50,M 40-44/101,M-44,651,5:37:27,39.33%
1055,Sandy Gage,"Chino Hills, CA",552,5:36:48,12:51,F 50-54/33,F-53,404,5:37:27,49.69%
1056,Hollee Meged,"Highland Park, IL",1024,5:36:54,12:51,F 45-49/56,F-45,405,5:37:22,44.84%
1057,Leticia Tena,"San Diego, CA",1520,5:36:56,12:52,F 35-39/64,F-36,406,5:37:38,41.03%
1058,Sue Shaw,"Carlsbad, CA",1413,5:37:06,12:52,F 45-49/57,F-45,407,5:37:46,44.81%
1059,Todd Cockrell,"Peoria, AZ",361,5:38:45,12:56,M 30-34/84,M-33,652,5:39:06,36.88%
1060,Zachary Mollette,"San Diego, CA",1063,5:38:56,12:56,M 25-29/89,M-29,653,5:39:36,36.86%
1061,John Lally,"Imperial Beach, CA",888,5:40:19,12:59,M 40-44/102,M-43,654,5:40:51,38.56%
1062,Barbara Lomax,"Vista, CA",938,5:40:49,13:00,F 45-49/58,F-45,408,5:41:21,44.32%
1063,Laura Pangelinan,"San Diego, CA",1190,5:40:58,13:01,F 40-44/68,F-44,409,5:42:12,43.77%
1064,Gene Erickson,"Poway, CA",501,5:43:14,13:06,M 55-59/36,M-57,655,5:43:50,43.35%
1065,Jason Moseley,"Falls Church, VA",1731,5:43:14,13:06,M 30-34/85,M-32,656,5:43:50,36.40%
1066,Jennifer Kersten,"Minneapolis, MN",836,5:43:41,13:07,F 35-39/65,F-38,410,5:44:22,40.79%
1067,Grace Levoir,"Minneapolis, MN",925,5:43:41,13:07,F 50-54/34,F-51,411,5:44:21,47.41%
1068,Dexter Emoto,"Loma Linda, CA",494,5:43:44,13:07,M 55-59/37,M-57,657,5:44:28,43.29%
1069,Sonia Angulo,"Chula Vista, CA",144,5:43:46,13:07,F 35-39/66,F-38,412,5:44:52,40.78%
1070,Nicolas Padagas,"Solana Beach, CA",1183,5:44:39,13:09,M 30-34/86,M-32,658,5:45:21,36.25%
1071,Jennifer Robinson,"Carlsbad, CA",1307,5:44:39,13:09,F 25-29/72,F-28,413,5:45:21,39.29%
1072,Emil Cheng,"Diamond Bar, CA",336,5:44:48,13:10,M 35-39/87,M-37,659,5:45:08,36.38%
1073,Courtney Murphy,"Irvine, CA",1101,5:45:24,13:11,F 30-34/59,F-30,414,5:45:51,39.22%
1074,Joseph Taricani,"Newport Beach, CA",1511,5:45:53,13:12,M 50-54/71,M-53,660,5:46:05,41.43%
1075,Mai Nguyen,"Alhambra, CA",1133,5:46:56,13:14,F 25-29/73,F-25,415,5:47:32,39.03%
1076,Frankie Thompson,"San Diego, CA",1528,5:47:46,13:16,F 50-54/35,F-50,416,5:48:33,46.25%
1077,Michael Harper,"Carlsbad, CA",675,5:48:22,13:18,M 35-39/88,M-37,661,5:49:48,36.00%
1078,Perla Galvez,"Escondido, CA",557,5:48:22,13:18,F 25-29/74,F-28,417,5:49:25,38.87%
1079,H Robinson,"San Diego, CA",1306,5:48:55,13:19,F 30-34/60,F-32,418,5:49:21,38.96%
1080,Daniel Panayil,"San Diego, CA",1189,5:49:17,13:20,M 35-39/89,M-36,662,5:50:00,35.80%
1081,Dr Bryon Solberg,"San Diego, CA",1453,5:49:28,13:20,M 50-54/72,M-50,663,5:49:51,39.91%
1082,Rose Coates,"Tacoma, WA",359,5:49:31,13:20,F 40-44/69,F-44,419,5:49:50,42.70%
1083,Chante Quesada,"San Diego, CA",1259,5:49:40,13:21,F 25-29/75,F-27,420,5:50:33,38.73%
1084,Amanda Gragg,"San Diego, CA",616,5:50:14,13:22,F 25-29/76,F-26,421,5:50:24,38.67%
1085,Capt Joe Cacciola,"Oceanside, CA",297,5:50:54,13:23,M 60-64/29,M-64,664,5:52:05,45.44%
1086,Gretchen Donndelinger,"Carlsbad, CA",460,5:52:33,13:27,F 55-59/13,F-59,422,5:52:45,51.64%
1087,Jayne Myers,"Spring Valley, CA",1105,5:53:27,13:29,F 45-49/59,F-49,423,5:54:07,44.92%
1088,Jennifer Smith,"San Diego, CA",1444,5:54:21,13:31,F 40-44/70,F-42,424,5:55:33,41.13%
1089,Jasmin Flores,"Walnut, CA",533,5:54:24,13:32,F 25-29/77,F-26,425,5:55:22,38.21%
1090,Kalli Boyne,"Encinitas, CA",257,5:55:12,13:33,F 18-24/34,F-23,426,5:55:51,38.13%
1091,Chantae Wilson,"Highland, CA",1643,5:55:34,13:34,F 45-49/60,F-47,427,6:05:58,43.54%
1092,Karen Axelrod,"Northampton, MA",160,5:55:40,13:34,F 50-54/36,F-54,428,5:56:32,47.69%
1093,Venny Bernardo,"Chula Vista, CA",211,5:56:05,13:35,M 01-17/7,M-1,665,5:57:19, 0.00%
1094,Mike Hellerud,"Long Beach, CA",701,5:56:12,13:36,M 50-54/73,M-52,666,5:56:28,39.87%
1095,Stephanie Gilbeau,"Burke, VA",582,5:56:22,13:36,F 25-29/78,F-27,429,5:56:54,38.00%
1096,Yolanda Holder,"Corona, CA",729,5:56:34,13:36,F 50-54/37,F-53,430,5:56:50,46.93%
1097,Alex Thompson,"San Diego, CA",1526,5:56:42,13:37,F 40-44/71,F-43,431,5:57:36,41.34%
1098,Caroline Shahin,"Sylmar, CA",1407,5:56:53,13:37,F 50-54/38,F-53,432,5:57:44,46.89%
1099,Lukas Johnson,"Carlsbad, CA",794,5:57:01,13:37,M 30-34/87,M-32,667,5:57:23,34.99%
1100,Curtis Childers,"Escondido, CA",342,5:57:03,13:38,M 50-54/74,M-50,668,5:58:17,39.06%
1101,Marappa Gopinath,"Santa Ana, CA",608,5:57:11,13:38,M 60-64/30,M-64,669,5:57:48,44.64%
1102,Allan Tangonan,"Escondido, CA",1509,5:57:12,13:38,M 30-34/88,M-31,670,5:58:17,34.97%
1103,Paula Hamilton,"Ontario, CA",663,5:58:54,13:42,F 55-59/14,F-56,433,6:00:44,48.59%
1104,Alicia Johnson,"Sparks, NV",786,5:59:25,13:43,F 40-44/72,F-42,434,6:00:27,40.55%
1105,Gail Campofiore,"Walnut, CA",303,5:59:36,13:43,F 60-64/6,F-64,435,6:00:31,54.63%
1106,Dennis Mori,"San Leandro, CA",1081,5:59:36,13:43,M 65-69/5,M-65,671,6:00:13,44.80%
1107,Debra Scott,"San Diego, CA",1390,6:00:03,13:44,F 50-54/39,F-54,436,6:00:24,47.11%
1108,Najat Choukri,"Cardiff, CA",344,6:02:06,13:49,F 45-49/61,F-45,437,6:02:48,41.72%
1109,Diana Lucina,"Elk Grove, CA",954,6:03:53,13:53,F 50-54/40,F-53,438,6:04:13,45.99%
1110,Alexis Luitjens,"Ramona, CA",955,6:04:02,13:54,F 30-34/61,F-31,439,6:04:50,37.26%
1111,Matthew Kadin,"San Diego, CA",810,6:04:03,13:54,M 25-29/90,M-26,672,6:04:50,34.31%
1112,Robyn Eaton,"San Diego, CA",481,6:04:16,13:54,F 35-39/67,F-36,440,6:05:03,37.95%
1113,Sara Croft,"Long Beach, CA",396,6:05:29,13:57,F 45-49/62,F-46,441,6:06:38,41.84%
1114,Joyce McPherson,"San Diego, CA",1021,6:06:21,13:59,F 35-39/68,F-39,442,6:07:12,38.58%
1115,Eric Gremban,"Oceanside, CA",630,6:06:41,14:00,M 25-29/91,M-27,673,6:07:53,34.07%
1116,Cynthia Barnaby,"Portage, MI",173,6:06:41,14:00,F 55-59/15,F-55,443,6:07:54,46.90%
1117,Michelle Roberts,"Escondido, CA",1303,6:08:02,14:03,F 45-49/63,F-46,444,6:08:41,41.55%
1118,Robert Bray,"San Diego, CA",262,6:08:33,14:04,M 60-64/31,M-60,674,6:09:25,41.57%
1119,Darren Eggers,"Chula Vista, CA",487,6:09:06,14:05,M 35-39/90,M-36,675,6:09:53,33.88%
1120,Mira Hayashi,"Chicago, IL",685,6:09:20,14:06,F 30-34/62,F-32,445,6:10:24,36.81%
1121,Rosa Nelly Garza,"Rowland Heights, CA",567,6:09:58,14:07,F 60-64/7,F-60,446,6:10:37,49.94%
1122,Shelley Finneran,"Capistrano Beach, CA",1764,6:10:08,14:08,F 40-44/73,F-40,447,6:10:49,38.54%
1123,Kely Engdahl,"Dana Point, CA",495,6:10:11,14:08,F 50-54/41,F-51,448,6:10:49,44.02%
1124,Carol Kelley,"San Diego, CA",828,6:12:13,14:12,F 40-44/74,F-43,449,6:12:30,39.62%
1125,Marlene Kalish,"Dana Point, CA",811,6:12:16,14:12,F 75-79/1,F-78,450,6:13:23,68.78%
1126,Lilyanne Pagador,"San Diego, CA",1185,6:12:34,14:13,F 18-24/35,F-24,451,6:12:49,36.35%
1127,Mary Altomare,"Oceanside, CA",125,6:17:07,14:23,F 55-59/16,F-58,452,6:17:36,47.57%
1128,Bernadette Wieboldt,"Oceanside, CA",1636,6:19:13,14:28,F 45-49/64,F-48,453,6:19:42,41.34%
1129,Ivett Kell,"Chula Vista, CA",826,6:19:50,14:30,F 40-44/75,F-40,454,6:20:54,37.56%
1130,Maurita Ventura,"San Diego, CA",1588,6:22:21,14:35,F 30-34/63,F-32,455,6:23:00,35.55%
1131,Dana Mosell,"Walnut, CA",1089,6:22:30,14:36,M 60-64/32,M-60,676,6:23:28,40.05%
1132,Robert Worth,"San Diego, CA",1660,6:23:01,14:37,M 65-69/6,M-67,677,6:23:14,42.95%
1133,Rusty Irwin,"Yuma, AZ",764,6:24:19,14:40,M 30-34/89,M-32,678,6:24:56,32.50%
1134,Marivel Zialcita,"Upland, CA",1687,6:29:34,14:52,F 35-39/69,F-36,456,6:30:24,35.49%
1135,Kathleen Lawrence,"Oceanside, CA",899,6:29:39,14:52,F 55-59/17,F-58,457,6:30:17,46.04%
1136,Jennifer Gatti,"Las Vegas, NV",569,6:33:33,15:01,F 40-44/76,F-40,458,6:34:21,36.25%
1137,Mirelle Chateigne,"San Diego, CA",330,6:34:04,15:02,F 40-44/77,F-41,459,6:34:27,36.57%
1138,Aloysius Casey,"Redlands, CA",316,6:46:51,15:32,M 75-79/2,M-79,679,6:47:36,48.13%
1139,John O'Shea,"Greenwood Village, CO",1174,6:56:32,15:54,M 65-69/7,M-68,680,6:57:34,39.91%
1140,Bob Patterson,"Alta Loma, CA",1200,7:03:36,16:10,M 75-79/3,M-75,681,7:04:21,42.85%
1141,Carol Bautista,"Hacienda Heights, CA",187,7:07:49,16:20,F 60-64/8,F-62,460,7:07:49,44.51%
