Bib,Name,Gender,Age,Hometown,Overall,Men,M 13-19,Age/Grade,Finish,Chip Time,Gun Time,Hayes St
50789,Hung Dao,M,30,"Foster City, CA",43897 out of 43904,19777 out of 19780,5218 out of 5218, 10.81% Place: 43807,4:59:30 Pace: 40:10,4:59:30,4:59:30,2:45:04 Pace: 1:01:22
50787,Alan Phan,M,17,"Foster City, CA",43898 out of 43904,19778 out of 19780,834 out of 834, 10.90% Place: 43805,4:59:32 Pace: 40:11,4:59:32,4:59:32,2:45:08 Pace: 1:01:24
43722,Anita Erhart,F,46,"Eagle, ID",43899 out of 43904,24099 out of 24102,5723 out of 5723, 12.96% Place: 43736,5:04:47 Pace: 40:53,5:04:47,5:04:47,3:41:25 Pace: 1:22:19
42339,Giselle Velazquez,F,29,"South San Francisco, CA",43900 out of 43904,24100 out of 24102,4755 out of 4756, 12.00% Place: 43786,5:04:50 Pace: 40:53,5:04:50,5:04:50,3:28:35 Pace: 1:17:33
23324,Mark Silva,M,59,"Rancho Cucamonga, CA",43901 out of 43904,19779 out of 19780,3524 out of 3524, 12.71% Place: 43757,5:09:35 Pace: 41:32,5:09:35,5:09:35,3:41:25 Pace: 1:22:19
23323,Lynne Weigand,F,54,"Rancho Cucamonga, CA",43902 out of 43904,24101 out of 24102,3943 out of 3943, 14.01% Place: 43610,5:09:39 Pace: 41:32,5:09:39,5:09:39,3:41:28 Pace: 1:22:20
35871,Michael Crehan,M,40,"San Francisco, CA",43903 out of 43904,19780 out of 19780,4671 out of 4671, 10.81% Place: 43806,5:09:48 Pace: 41:33,5:09:48,5:09:48,            Pace:            
37274,Chelsea Lawson,F,27,"Carmichael, CA",43904 out of 43904,24102 out of 24102,4756 out of 4756, 11.46% Place: 43798,5:19:04 Pace: 42:48,5:19:04,5:19:04,3:36:01 Pace: 1:20:19
