Bib,Name,Gender,Age,Hometown,Overall,Women,F 50-59,Age/Grade,Finish,Chip Time,Gun Time,Hayes Hills
22383,Terri Corona,F,32,"STOCKTON, CA",22449 out of 22454,11514 out of 11519,3017 out of 3018, 16.16% Place: 21980,3:41:56 Pace: 29:46,3:41:56,3:47:40, Pace: 
20773,Diane Espinoza,F,54,"STOCKTON, CA",22450 out of 22454,11515 out of 11519,1603 out of 1604, 19.39% Place: 21445,3:41:56 Pace: 29:46,3:41:56,3:47:40, Pace: 
19775,Christine Donohoe,F,0,"WALNUT CREEK, CA",22451 out of 22454,11516 out of 11519,0 out of 0,3:43:14 Pace: 29:57,3:43:14,3:43:14, Pace: 
24667,Brigit Riley,F,30,"PALO ALTO, CA",22452 out of 22454,11517 out of 11519,3018 out of 3018, 15.83% Place: 21990,3:46:32 Pace: 30:23,3:46:32,3:46:32, Pace: 
31274,Carmen Robinett,F,40,"PALO ALTO, CA",22453 out of 22454,11518 out of 11519,2310 out of 2310, 16.63% Place: 21951,3:46:33 Pace: 30:23,3:46:33,3:46:33, Pace: 
28362,Elaine Pingue,F,53,"SAN MARTIN, CA",22454 out of 22454,11519 out of 11519,1604 out of 1604, 18.69% Place: 21653,3:47:41 Pace: 30:32,3:47:41,3:47:41, Pace: 
