Bib,Name,Gender,Age,Hometown,Overall,Men,M 40-49,Age/Grade,Finish,Chip Time,Gun Time,Hayes,6 mile
38001,Alexander Santiago,M,35,"Oakland, CA",24537 out of 24543,11941 out of 11943,3217 out of 3217, 12.72% Place: 24394,4:20:13 Pace: 34:54,4:20:13,4:20:13,1:13:48 Pace: 27:27,            Pace:            
20911,Derek Reisfield,M,46,"San Francisco, CA",24538 out of 24543,11942 out of 11943,2680 out of 2680, 13.55% Place: 24389,4:25:09 Pace: 35:34,4:25:09,4:25:09,            Pace:            ,            Pace:            
20910,Stasia Reisfield,F,35,"San Francisco, CA",24539 out of 24543,12597 out of 12600,3537 out of 3537, 13.97% Place: 24385,4:25:09 Pace: 35:34,4:25:09,4:25:09,            Pace:            ,            Pace:            
38228,Anna Su,F,29,"San Francisco, CA",24540 out of 24543,12598 out of 12600,2965 out of 2967, 13.52% Place: 24390,4:31:08 Pace: 36:22,4:31:08,4:31:26,1:50:39 Pace: 41:08,            Pace:            
18646,Jeremy Fong,M,25,"San Francisco, CA",24541 out of 24543,11943 out of 11943,2263 out of 2263, 11.99% Place: 24396,4:31:17 Pace: 36:23,4:31:17,4:31:17,1:50:54 Pace: 41:14,            Pace:            
38112,Kay Chan,F,25,"San Francisco, CA",24542 out of 24543,12599 out of 12600,2966 out of 2967, 13.52% Place: 24391,4:31:19 Pace: 36:24,4:31:19,4:31:37,1:50:31 Pace: 41:05,            Pace:            
28756,Kitty Hau Man Lam,F,29,"San Francisco, CA",24543 out of 24543,12600 out of 12600,2967 out of 2967, 13.50% Place: 24392,4:31:41 Pace: 36:27,4:31:41,4:31:41,1:51:03 Pace: 41:17,            Pace:            
