Bib,Name,Gender,Age,Hometown,Overall,Men,M Open,Age/Grade,Finish,Chip Time,Gun Time
84,Zachary Komen,M,36,"San Diego, CA",1 out of 66,1 out of 20,0 out of 0, 67.21% Place: 3,41:05 Pace: 6:37,41:05,41:05
154,Michael Stange,M,40,"San Diego, CA",2 out of 66,2 out of 20,0 out of 0, 69.00% Place: 2,41:12 Pace: 6:38,41:12,41:12
253,John Miles,M,20,"Lakeside, CA",3 out of 66,3 out of 20,0 out of 0, 63.37% Place: 5,42:50 Pace: 6:54,42:50,42:50
152,Allison Spies,F,23,"San Diego, CA",4 out of 66,1 out of 46,0 out of 0, 70.19% Place: 1,43:14 Pace: 6:58,43:14,43:14
23,Adam Bernot,M,24,"San Diego, CA",5 out of 66,4 out of 20,0 out of 0, 60.82% Place: 8,44:10 Pace: 7:07,44:10,44:10
239,Jessica Hartung,F,22,"San Diego, CA",6 out of 66,2 out of 46,0 out of 0, 61.42% Place: 6,49:24 Pace: 7:57,49:24,49:24
167,Marion Webb,F,45,"San Diego, CA",7 out of 66,3 out of 46,0 out of 0, 65.45% Place: 4,49:45 Pace: 8:01,49:45,49:45
36,Rhonda Correia,F,37,"Santee, CA",8 out of 66,4 out of 46,0 out of 0, 60.99% Place: 7,50:36 Pace: 8:09,50:36,50:36
92,Chris Lucero,M,24,"Bakersfield, CA",9 out of 66,5 out of 20,0 out of 0, 51.50% Place: 22,52:09 Pace: 8:24,52:09,52:09
187,Katherine Lamons,F,28,"San Diego, CA",10 out of 66,5 out of 46,0 out of 0, 56.09% Place: 10,54:06 Pace: 8:43,54:06,54:06
65,Sarah Hartung,F,27,"San Diego, CA",11 out of 66,6 out of 46,0 out of 0, 55.27% Place: 11,54:54 Pace: 8:51,54:54,54:54
230,Rachel Hartung,F,25,"La Quinta, CA",12 out of 66,7 out of 46,0 out of 0, 54.70% Place: 12,55:28 Pace: 8:56,55:28,55:28
14,Emily Adamiec,F,35,"Poway, CA",13 out of 66,8 out of 46,0 out of 0, 54.52% Place: 13,56:12 Pace: 9:03,56:12,56:12
56,Joanna Flavin,F,25,"San Diego, CA",14 out of 66,9 out of 46,0 out of 0, 53.69% Place: 15,56:31 Pace: 9:06,56:31,56:31
57,Timothy Ganter,M,33,"Pasadena, CA",15 out of 66,6 out of 20,0 out of 0, 47.84% Place: 38,56:48 Pace: 9:09,56:48,56:48
233,Rachel Prince,F,23,"Solana Beach, CA",16 out of 66,10 out of 46,0 out of 0, 53.33% Place: 17,56:54 Pace: 9:10,56:54,56:54
87,Jason Lewko,M,29,"San Diego, CA",17 out of 66,7 out of 20,0 out of 0, 46.85% Place: 42,57:22 Pace: 9:14,57:22,57:22
189,Nicholas Harvey,M,30,"La Mesa, CA",18 out of 66,8 out of 20,0 out of 0, 46.31% Place: 45,58:08 Pace: 9:22,58:08,58:08
193,steve norton,M,55,"san diego, CA",19 out of 66,9 out of 20,0 out of 0, 54.46% Place: 14,58:45 Pace: 9:28,58:45,58:45
169,Amanda Williamson,F,34,"San Diego, CA",20 out of 66,11 out of 46,0 out of 0, 51.97% Place: 20,58:46 Pace: 9:28,58:46,58:46
162,Aly Vickery,F,24,"Bakersfield, CA",21 out of 66,12 out of 46,0 out of 0, 51.60% Place: 21,58:48 Pace: 9:28,58:48,58:48
207,Mike Brodeur,M,41,"San Diego, CA",22 out of 66,10 out of 20,0 out of 0, 48.24% Place: 37,59:20 Pace: 9:33,59:20,59:20
208,Jen Goodhue,F,42,"San Diego, CA",23 out of 66,13 out of 46,0 out of 0, 53.55% Place: 16,59:20 Pace: 9:33,59:20,59:20
138,Sheila Redfern,F,50,"San Diego, CA",24 out of 66,14 out of 46,0 out of 0, 57.91% Place: 9,59:22 Pace: 9:34,59:22,59:22
112,Jacqueline Montgomery,F,40,"CA, ",25 out of 66,15 out of 46,0 out of 0, 52.48% Place: 19,59:45 Pace: 9:37,59:45,59:45
50,Joe Dominguez,M,47,"San Diego, CA",26 out of 66,11 out of 20,0 out of 0, 50.03% Place: 29,59:55 Pace: 9:39,59:55,59:55
21,Frances Ber,F,36,"San Diego, CA",27 out of 66,16 out of 46,0 out of 0, 51.25% Place: 24,59:59 Pace: 9:40,59:59,59:59
124,Daniel Perry,M,47,"Holtville, CA",28 out of 66,12 out of 20,0 out of 0, 49.83% Place: 30,1:00:09 Pace: 9:41,1:00:09,1:00:09
89,Chelsea Long,F,29,"San Diego, CA",29 out of 66,17 out of 46,0 out of 0, 50.35% Place: 27,1:00:16 Pace: 9:42,1:00:16,1:00:16
98,Dana Macaloney,F,30,"San Diego, CA",30 out of 66,18 out of 46,0 out of 0, 50.35% Place: 28,1:00:18 Pace: 9:43,1:00:18,1:00:18
144,Karme Sheridan,F,35,"San Diego, CA",31 out of 66,19 out of 46,0 out of 0, 50.79% Place: 25,1:00:20 Pace: 9:43,1:00:20,1:00:20
238,Diana Anderson,F,39,"San Diego, CA",32 out of 66,20 out of 46,0 out of 0, 51.50% Place: 23,1:00:32 Pace: 9:45,1:00:32,1:00:32
11,Aileen Abad,F,36,"San Diego, CA",33 out of 66,21 out of 46,0 out of 0, 50.70% Place: 26,1:00:38 Pace: 9:46,1:00:38,1:00:38
55,Andrew Flavin,M,25,"San Diego, CA",34 out of 66,13 out of 20,0 out of 0, 44.19% Place: 50,1:00:47 Pace: 9:47,1:00:47,1:00:47
236,Chelsea Tysdal,F,24,"San Diego, CA",35 out of 66,22 out of 46,0 out of 0, 49.82% Place: 31,1:00:54 Pace: 9:48,1:00:54,1:00:54
123,Jessica Palma,F,30,"Fontana, CA",36 out of 66,23 out of 46,0 out of 0, 49.55% Place: 32,1:01:15 Pace: 9:52,1:01:15,1:01:15
240,Carissa Cardenas,F,0,", ",37 out of 66,24 out of 46,0 out of 0,1:01:16 Pace: 9:52,1:01:16,1:01:16
12,Karen Abruscato,F,31,"San Diego, CA",38 out of 66,25 out of 46,0 out of 0, 49.14% Place: 33,1:01:49 Pace: 9:57,1:01:49,1:01:49
142,Emily Schill,F,25,"Encinitas, CA",39 out of 66,26 out of 46,0 out of 0, 48.81% Place: 35,1:02:10 Pace: 10:01,1:02:10,1:02:10
108,Bethany McMahon,F,29,"San Diego, CA",40 out of 66,27 out of 46,0 out of 0, 48.79% Place: 36,1:02:11 Pace: 10:01,1:02:11,1:02:11
114,Bryan Morgan,M,41,"Ramona, CA",41 out of 66,14 out of 20,0 out of 0, 45.95% Place: 46,1:02:18 Pace: 10:02,1:02:18,1:02:18
73,Janice Hong,F,34,"San Diego, CA",42 out of 66,28 out of 46,0 out of 0, 48.96% Place: 34,1:02:23 Pace: 10:03,1:02:23,1:02:23
168,Mike Webb,M,36,"San Diego, CA",43 out of 66,15 out of 20,0 out of 0, 43.34% Place: 51,1:03:42 Pace: 10:16,1:03:42,1:03:42
180,Christine Ziegler,F,26,"San Diego, CA",44 out of 66,29 out of 46,0 out of 0, 46.96% Place: 40,1:04:37 Pace: 10:24,1:04:37,1:04:37
126,Marina Perry,F,19,"Holtville, CA",45 out of 66,30 out of 46,0 out of 0, 46.92% Place: 41,1:04:55 Pace: 10:27,1:04:55,1:04:55
229,Alma Lopez,F,0,", ",46 out of 66,31 out of 46,0 out of 0,1:05:05 Pace: 10:29,1:05:05,1:05:05
143,Lynn Schubert,F,50,"UM, ",47 out of 66,32 out of 46,0 out of 0, 52.70% Place: 18,1:05:14 Pace: 10:30,1:05:14,1:05:14
33,Jessie Colburn,F,27,"Cardiff By The Sea, CA",48 out of 66,33 out of 46,0 out of 0, 45.18% Place: 47,1:07:09 Pace: 10:49,1:07:09,1:07:09
247,Meagan Peterson,F,0,", ",49 out of 66,34 out of 46,0 out of 0,1:07:13 Pace: 10:49,1:07:13,1:07:13
257,Tracy Miller,F,0,", ",50 out of 66,35 out of 46,0 out of 0,1:07:13 Pace: 10:49,1:07:13,1:07:13
147,Stephanie Smith,F,40,"San Diego, CA",51 out of 66,36 out of 46,0 out of 0, 46.36% Place: 44,1:07:38 Pace: 10:53,1:07:38,1:07:38
221,Chris Evans,F,41,", ",52 out of 66,37 out of 46,0 out of 0, 46.54% Place: 43,1:07:46 Pace: 10:55,1:07:46,1:07:46
43,Tanya Degregorio,F,34,"Carlsbad, CA",53 out of 66,38 out of 46,0 out of 0, 44.48% Place: 49,1:08:40 Pace: 11:03,1:08:40,1:08:40
115,Michael Morgan,M,39,"San Diego, CA",54 out of 66,16 out of 20,0 out of 0, 41.05% Place: 52,1:08:43 Pace: 11:04,1:08:43,1:08:43
117,Patricia Murray,F,45,"San Diego, CA",55 out of 66,39 out of 46,0 out of 0, 47.13% Place: 39,1:09:05 Pace: 11:08,1:09:05,1:09:05
125,Derek Perry,M,23,"Holtville, CA",56 out of 66,17 out of 20,0 out of 0, 37.35% Place: 59,1:11:54 Pace: 11:35,1:11:54,1:11:54
77,Robert Ilko,M,46,"San Diego, CA",57 out of 66,18 out of 20,0 out of 0, 40.58% Place: 54,1:13:17 Pace: 11:48,1:13:17,1:13:17
205,Katherine Alvarado,F,30,"Chula Vista, CA",58 out of 66,40 out of 46,0 out of 0, 40.47% Place: 55,1:15:00 Pace: 12:05,1:15:00,1:15:00
27,Alana Butler,F,37,"San Diego, CA",59 out of 66,41 out of 46,0 out of 0, 41.03% Place: 53,1:15:12 Pace: 12:07,1:15:12,1:15:12
133,Karen Putnam,F,51,"Santee, CA",60 out of 66,42 out of 46,0 out of 0, 44.88% Place: 48,1:17:31 Pace: 12:29,1:17:31,1:17:31
179,Molly Younts,F,24,"Lemoore, CA",61 out of 66,43 out of 46,0 out of 0, 39.01% Place: 56,1:17:46 Pace: 12:31,1:17:46,1:17:46
237,Savina Alvarado,F,0,", ",62 out of 66,44 out of 46,0 out of 0,1:17:59 Pace: 12:33,1:17:59,1:17:59
149,Lizette Sornia,F,22,"Imperial, CA",63 out of 66,45 out of 46,0 out of 0, 38.78% Place: 58,1:18:14 Pace: 12:36,1:18:14,1:18:14
163,Son Vo,M,26,"San Diego, CA",64 out of 66,19 out of 20,0 out of 0, 33.80% Place: 61,1:19:27 Pace: 12:48,1:19:27,1:19:27
63,Mark Hamel,M,51,"El Cajon, CA",65 out of 66,20 out of 20,0 out of 0, 38.91% Place: 57,1:19:33 Pace: 12:48,1:19:33,1:19:33
71,Amanda Hilligrass,F,24,"Lemoore, CA",66 out of 66,46 out of 46,0 out of 0, 37.30% Place: 60,1:21:20 Pace: 13:06,1:21:20,1:21:20
