Bib,Name,Gender,Age,Hometown,Overall,Women,Unknown,Age/Grade,Finish,Chip Time,Gun Time
774,Joshua Wilson,M,26,", ",105 out of 112,61 out of 61,9 out of 9, 34.55% Place: 101,35:14 Pace: 11:45,35:14,35:19
989,Brooke Hearn,F,10,", ",106 out of 112,45 out of 51,1 out of 2, 45.26% Place: 74,35:22 Pace: 11:48,35:22,35:29
720,Sandra Hearn,F,45,", ",107 out of 112,46 out of 51,7 out of 9, 42.86% Place: 88,35:22 Pace: 11:48,35:22,35:30
790,Katherine Robi,F,47,", ",108 out of 112,47 out of 51,8 out of 9, 43.89% Place: 84,35:22 Pace: 11:48,35:22,35:22
729,Maria Lee,F,36,", ",109 out of 112,48 out of 51,19 out of 19, 32.78% Place: 103,43:05 Pace: 14:22,43:05,43:14
726,Karen Jacksone Williams,F,50,", ",110 out of 112,49 out of 51,3 out of 3, 37.42% Place: 99,43:05 Pace: 14:22,43:05,43:14
778,Tonya Wyatt-Mulligan,F,49,", ",111 out of 112,50 out of 51,9 out of 9, 36.48% Place: 100,43:39 Pace: 14:33,43:39,43:39
791,Jennifer Robi,F,14,", ",112 out of 112,51 out of 51,9 out of 9, 32.97% Place: 102,44:42 Pace: 14:54,44:42,44:42
