Bib,Name,Gender,Age,Hometown,Overall,Men,M 55-59,Age/Grade,Finish,Chip Time,Gun Time,3 Mi,6 Mi,12.2 Mi,20.9 Mi
3877,Sok Chul Jung,M,59,"Los Angeles, CA",2433 out of 2438,1466 out of 1469,109 out of 110, 35.09% Place: 2401,7:12:18 Pace: 16:30,7:12:18,7:15:30,33:19 Pace: 11:07,1:07:24 Pace: 11:14,2:26:31 Pace: 12:01,5:01:39 Pace: 14:26
4189,Stephen Booth,M,55,"Garden Grove, CA",2434 out of 2438,1467 out of 1469,110 out of 110, 33.61% Place: 2413,7:14:21 Pace: 16:34,7:14:21,7:14:21,            Pace:            ,            Pace:            ,            Pace:            ,            Pace:            
4112,Amy Masino,F,47,"Thousand Oaks, CA",2435 out of 2438,968 out of 969,124 out of 124, 35.41% Place: 2395,7:17:13 Pace: 16:41,7:17:13,7:25:32,47:40 Pace: 15:54,1:32:58 Pace: 15:30,3:24:54 Pace: 16:48,5:50:44 Pace: 16:47
1550,Diane Zordilla,F,30,"La Puente, CA",2436 out of 2438,969 out of 969,134 out of 134, 30.16% Place: 2430,7:29:09 Pace: 17:08,7:29:09,7:29:14,32:49 Pace: 10:57,1:08:57 Pace: 11:30,2:44:08 Pace: 13:28,5:33:01 Pace: 15:57
4134,David Berger,M,41,"Las Vegas, NV",2437 out of 2438,1468 out of 1469,206 out of 206, 27.43% Place: 2432,7:50:35 Pace: 17:57,7:50:35,7:58:49,45:40 Pace: 15:14,1:32:00 Pace: 15:20,3:15:15 Pace: 16:01,5:47:06 Pace: 16:37
4211,Richard May,M,63,"Bellflower, CA",2438 out of 2438,1469 out of 1469,46 out of 46, 33.21% Place: 2415,7:55:10 Pace: 18:08,7:55:10,8:02:41,52:38 Pace: 17:33,1:44:54 Pace: 17:29,3:37:52 Pace: 17:52,            Pace:            
