Bib,Name,Gender,Age,Hometown,Overall,Women,F 45-49,Age/Grade,Finish,Chip Time,Gun Time,3 Mi,6 Mi,12.2 Mi,20.9 Mi
1132,Sara Christian,F,18,"Mira Loma, CA",2353 out of 2359,965 out of 967,94 out of 94, 31.97% Place: 2352,7:11:16 Pace: 16:27,7:11:16,7:13:50,35:20 Pace: 11:47,1:12:31 Pace: 12:06,2:43:46 Pace: 13:26,5:22:09 Pace: 15:25
3330,Yolanda Villagomez,F,45,"Visalia, CA",2354 out of 2359,966 out of 967,130 out of 130, 34.45% Place: 2338,7:18:32 Pace: 16:44,7:18:32,7:22:48,42:57 Pace: 14:19,1:28:11 Pace: 14:42,3:12:55 Pace: 15:49,5:45:02 Pace: 16:31
3418,Josh White,M,27,"Cathedral City, CA",2355 out of 2359,1389 out of 1392,150 out of 150, 28.49% Place: 2359,7:18:32 Pace: 16:44,7:18:32,7:21:04,32:39 Pace: 10:53,1:08:52 Pace: 11:29,2:38:12 Pace: 12:58,5:31:13 Pace: 15:51
2691,Roy Peterson,M,65,"El Monte, CA",2356 out of 2359,1390 out of 1392,24 out of 24, 36.46% Place: 2287,7:21:50 Pace: 16:52,7:21:50,7:26:40,36:55 Pace: 12:19,1:17:40 Pace: 12:57,2:52:24 Pace: 14:08,5:29:01 Pace: 15:45
1384,Ronald Esguerra,M,40,"Rsm, CA",2357 out of 2359,1391 out of 1392,227 out of 227, 28.82% Place: 2358,7:24:05 Pace: 16:57,7:24:05,7:27:07,43:11 Pace: 14:24,1:29:28 Pace: 14:55,3:17:15 Pace: 16:11,            Pace:            
2187,Bernice Lowenstein,F,71,"Highland, CA",2358 out of 2359,967 out of 967,1 out of 1, 46.54% Place: 1682,7:54:35 Pace: 18:07,7:54:35,7:56:11,51:48 Pace: 17:16,1:45:24 Pace: 17:34,3:36:48 Pace: 17:47,            Pace:            
2186,Barry Lowenstein,M,71,"Highland, CA",2359 out of 2359,1392 out of 1392,10 out of 10, 36.20% Place: 2297,7:54:36 Pace: 18:07,7:54:36,7:56:11,51:48 Pace: 17:16,1:45:22 Pace: 17:34,3:36:50 Pace: 17:47,            Pace:            
