Bib,Name,Gender,Age,Hometown,Overall,Women,F 55-59,Age/Grade,Finish,Chip Time,Gun Time,3 Mile,6 Mile,12 Mile,20 Mile
1753,Greg Trujillo,M,44,"Nuevo, CA",1081 out of 1088,665 out of 668,124 out of 124, 33.31% Place: 1084,6:41:22 Pace: 15:19,6:41:22,6:42:59,39:14 Pace: 13:05,1:19:10 Pace: 13:12,2:47:11 Pace: 13:56,5:00:20 Pace: 15:01
230,Alexandra Whitehead,F,59,"Alexandria, VA",1082 out of 1088,417 out of 420,8 out of 8, 44.11% Place: 884,6:42:23 Pace: 15:21,6:42:23,6:42:59,36:10 Pace: 12:04,1:16:03 Pace: 12:41,2:47:56 Pace: 14:00,5:01:21 Pace: 15:05
215,Christine Schubert,F,51,"Huntington Beach, CA",1083 out of 1088,418 out of 420,32 out of 32, 39.62% Place: 1016,6:48:12 Pace: 15:35,6:48:12,6:49:41,38:19 Pace: 12:47,1:15:56 Pace: 12:40,2:37:59 Pace: 13:10,4:54:41 Pace: 14:45
1734,Stephen Brown,M,48,"Fountain Valley, CA",1084 out of 1088,666 out of 668,95 out of 95, 33.65% Place: 1081,6:48:50 Pace: 15:36,6:48:50,6:50:00,35:08 Pace: 11:43,1:15:21 Pace: 12:34,2:47:24 Pace: 13:57,5:03:55 Pace: 15:12
875,Tamara Kay,F,37,"Cambridge, MA",1085 out of 1088,419 out of 420,91 out of 91, 34.65% Place: 1077,6:49:36 Pace: 15:38,6:49:36,6:50:58,38:16 Pace: 12:46,1:19:18 Pace: 13:13,2:58:50 Pace: 14:55,5:15:23 Pace: 15:47
1321,Eric Kasum,M,50,"Saugus, CA",1086 out of 1088,667 out of 668,81 out of 81, 33.81% Place: 1080,6:53:11 Pace: 15:46,6:53:11,6:53:23,35:57 Pace: 11:59,1:13:56 Pace: 12:20,2:44:42 Pace: 13:44,5:24:11 Pace: 16:13
684,Kathryn Shaw,F,43,"La Habra, CA",1087 out of 1088,420 out of 420,69 out of 69, 35.49% Place: 1071,7:01:17 Pace: 16:05,7:01:17,7:02:20,38:09 Pace: 12:43,1:16:28 Pace: 12:45,2:46:28 Pace: 13:53,5:16:35 Pace: 15:50
1725,Robert Trazo,M,35,"Huntington Beach, CA",1088 out of 1088,668 out of 668,116 out of 116, 29.24% Place: 1088,7:12:02 Pace: 16:29,7:12:02,7:13:38,36:08 Pace: 12:03,1:11:38 Pace: 11:57,2:40:26 Pace: 13:23,5:11:59 Pace: 15:36
