Bib,Name,Gender,Age,Hometown,Overall,Women,F 55-59,Age/Grade,Finish,Chip Time,Gun Time,3 Mi,6 Mi,Half,15 Mi,20.9 Mi,24 Mi
3968,Alison Riley,F,30,"Los Angeles, CA",2305 out of 2309,912 out of 914,130 out of 130, 30.21% Place: 2303,7:28:25 Pace: 17:07,7:28:25,7:38:19,46:50 Pace: 15:37,1:33:25 Pace: 15:35,3:28:50 Pace: 15:56,3:59:36 Pace: 15:59,5:54:44 Pace: 16:59,6:47:22 Pace: 16:59
3990,Janice Leroy,F,59,"Canada, ",2306 out of 2309,913 out of 914,36 out of 36, 39.12% Place: 2114,7:45:18 Pace: 17:45,7:45:18,7:55:21,46:41 Pace: 15:34,1:33:16 Pace: 15:33,3:28:41 Pace: 15:56,3:59:27 Pace: 15:58,            Pace:            ,5:01:42 Pace: 12:35
2096,Mike Dipippo,M,58,"Inland San Diego, CA",2307 out of 2309,1394 out of 1395,112 out of 112, 32.28% Place: 2293,7:45:19 Pace: 17:45,7:45:19,7:48:17,45:14 Pace: 15:05,1:31:57 Pace: 15:20,3:35:34 Pace: 16:27,4:09:08 Pace: 16:37,5:59:40 Pace: 17:13,7:02:38 Pace: 17:37
3976,Chanda Cross,F,39,"Battle Ground, WA",2308 out of 2309,914 out of 914,159 out of 159, 28.60% Place: 2307,8:14:08 Pace: 18:51,8:14:08,8:20:22,44:31 Pace: 14:51,1:30:01 Pace: 15:01,3:39:43 Pace: 16:46,4:17:10 Pace: 17:09,            Pace:            ,5:10:04 Pace: 12:56
3145,Satch Ladwa,M,31,"Norwalk, CA",2309 out of 2309,1395 out of 1395,180 out of 180, 22.57% Place: 2308,9:13:26 Pace: 21:07,9:13:26,9:19:03,27:43 Pace: 9:15,57:36 Pace: 9:36,2:20:45 Pace: 10:45,2:52:53 Pace: 11:32,5:08:02 Pace: 14:45,3:56:17 Pace: 9:51
