Place,Name,Location,Bib,Net Time,Pace,Division/Place,Sex-Age,Sex-Place,Gun Time,Age Grade
1,Jason Weber,"Arlington, VA",1382,2:35:18,5:56,M 30-34/1,M-30,1,2:35:21,80.91%
2,Benjamin Mulvaney,"Nashville, TN",1344,2:39:16,6:05,M 30-34/2,M-30,2,2:39:18,78.89%
3,Stephen Neri,"North Providence, RI",1355,2:42:50,6:13,M 35-39/1,M-39,3,2:42:53,79.49%
4,Christophe Lepage,"Issy Les Moulineaux, CA",1343,2:43:31,6:15,M 40-44/1,M-40,4,2:43:33,79.65%
5,Tim Donahugh,"Mukwonago, WI",110,2:46:30,6:22,M 30-34/3,M-32,5,2:46:31,75.46%
6,Brett Lawrie,"Tampa, FL",1117,2:47:47,6:24,M 25-29/1,M-26,6,2:47:50,74.89%
7,Miguel Duarte,"Campinas, NY",1337,2:48:27,6:26,M 45-49/1,M-47,7,2:48:30,81.08%
8,Gary Anderson,"Benbrook, TX",1359,2:51:23,6:33,M 45-49/2,M-45,8,2:51:25,78.57%
9,David Schiller,"Irvine, CA",122,2:52:48,6:36,M 45-49/3,M-45,9,2:52:52,77.92%
10,Larry Witte,"Alameda, CA",124,2:53:31,6:38,M 40-44/2,M-42,10,2:53:36,76.04%
11,Matt Tebbe,"Silver Spring, MD",1373,2:55:06,6:41,M 30-34/4,M-30,11,2:55:09,71.76%
12,Brian Ebiner,"Whittier, CA",128,2:56:09,6:44,M 35-39/2,M-38,12,2:56:13,73.02%
13,Norm Smith,"Oceanside, CA",1102,2:56:43,6:45,M 30-34/5,M-34,13,2:56:48,71.10%
14,Fernando Ceccopieri,"Loveland, OH",1335,2:57:58,6:48,M 45-49/4,M-49,14,2:58:06,77.90%
15,Alexander Hoerniss,"Burscheid, ",1338,2:57:59,6:48,M 35-39/3,M-36,15,2:58:02,71.41%
16,Stephen Rose,"Greenville, SC",1339,2:58:33,6:49,M 25-29/2,M-28,16,2:58:36,70.37%
17,Paul Shanklin,"Los Angeles, CA",186,2:58:41,6:49,M 30-34/6,M-32,17,2:58:47,70.32%
18,Henry Gleisberg,"Yorktown, VA",1371,2:59:02,6:50,M 50-54/1,M-50,18,2:59:06,78.03%
19,Nadia Noorzai,"South San Francisco, CA",3,2:59:25,6:51,F 35-39/1,F-37,1,2:59:28,79.12%
20,Gary Cohen,"Valencia, CA",28,3:00:33,6:54,M 45-49/5,M-49,19,3:00:36,76.78%
21,Patrick Fisher,"Sparks, NV",117,3:00:50,6:54,M 35-39/4,M-38,20,3:00:53,71.13%
22,Henk-Jan Kooijman,"Enschede, ",1353,3:00:55,6:55,M 35-39/5,M-37,21,3:01:00,70.67%
23,Eric Wellmeyer,"Yorba Linda, CA",125,3:01:18,6:55,M 30-34/7,M-32,22,3:01:23,69.30%
24,Tom Carminati,"Boulder, CO",38,3:01:45,6:56,M 50-54/2,M-50,23,3:01:48,76.87%
25,Brian Lamar,"Whittier, CA",143,3:01:51,6:57,M 18-24/1,M-23,24,3:01:52,69.98%
26,Barry Wallman,"Santa Rosa Valley, CA",1318,3:01:55,6:57,M 55-59/1,M-55,25,3:01:58,80.03%
27,Takashi Yagisawa,"Los Angeles, CA",1013,3:01:55,6:57,M 50-54/3,M-53,26,3:01:58,78.67%
28,Lorenzo Naldi,"Florence, IA",1349,3:02:15,6:58,M 30-34/8,M-34,27,3:02:19,68.94%
29,Rodney Bertrand,"Fort Worth, TX",1361,3:02:24,6:58,M 35-39/6,M-36,28,3:02:27,69.68%
30,Rob McNair,"Huntington Beach, CA",123,3:02:59,6:59,M 50-54/4,M-52,29,3:03:08,77.57%
31,Eric Chabin,"Chanhassen, MN",115,3:03:33,7:01,M 35-39/7,M-39,30,3:03:35,70.51%
32,Pedro Martinez Jr,"Mendota, CA",174,3:04:21,7:02,M 40-44/3,M-40,31,3:04:24,70.65%
33,Chuck Weidner,"Arlington, TX",25,3:04:53,7:04,M 40-44/4,M-43,32,3:04:55,71.84%
34,Sam Yourd,"Dana Point, CA",179,3:05:56,7:06,M 50-54/5,M-51,33,3:06:01,75.73%
35,Jeffrey Roth,"Baltimore, MD",1370,3:06:01,7:06,M 30-34/9,M-32,34,3:06:06,67.54%
36,Chris Crawford,"Dallas, TX",194,3:06:10,7:07,M 45-49/6,M-45,35,3:06:15,72.33%
37,Conrad Meyer,"Huntsville, AL",1360,3:06:16,7:07,M 40-44/5,M-42,36,3:06:19,70.83%
38,Damian Coffey,"London, ",1374,3:06:24,7:07,M 35-39/8,M-38,37,3:06:29,69.01%
39,Douglas Tobias,"Laguna Beach, CA",193,3:06:41,7:08,M 40-44/6,M-44,38,3:06:47,71.63%
40,Richard Stotlar,"Oriental, NC",1358,3:06:45,7:08,M 65-69/1,M-65,39,3:06:50,86.18%
41,Michael Grier,"Beaverton, OR",168,3:07:39,7:10,M 40-44/7,M-40,40,3:07:43,69.41%
42,Anthony Iavarone,"Albany, CA",163,3:07:53,7:10,M 30-34/10,M-32,41,3:08:00,66.87%
43,Darren Cox,"Laguna Hills, CA",27,3:08:25,7:12,M 35-39/9,M-36,42,3:08:28,67.45%
44,Jim Armenia,"Schenectady, NY",1114,3:08:42,7:12,M 40-44/8,M-42,43,3:08:46,69.92%
45,Lukas Temer,"Los Angeles, CA",1230,3:09:12,7:13,M 35-39/10,M-35,44,3:09:24,66.78%
46,Karl Schulze,"Kennesaw, GA",23,3:09:15,7:14,M 40-44/9,M-40,45,3:09:18,68.82%
47,Michael Mazza,"Ladera Ranch, CA",1081,3:09:19,7:14,M 30-34/11,M-33,46,3:09:28,66.37%
48,Greg Jones,"Irvine, CA",14,3:09:24,7:14,M 30-34/12,M-32,47,3:09:30,66.34%
49,Allen Brown,"Pasadena, CA",159,3:09:27,7:14,M 25-29/3,M-25,48,3:09:35,66.32%
50,Paul Basola,"Washington, DC",26,3:09:57,7:15,M 35-39/11,M-38,49,3:10:01,67.72%
51,Daniel Weissauer-Condon,"Santa Monica, CA",1283,3:10:26,7:16,M 25-29/4,M-25,50,3:10:29,65.98%
52,Laszlo Bodai,"Newport Beach, CA",137,3:11:32,7:19,M 30-34/13,M-32,51,3:11:36,65.60%
53,Joseph Pendleton,"Apple Valley, CA",1210,3:11:34,7:19,M 35-39/12,M-39,52,3:11:39,67.56%
54,John Araujo,"Placentia, CA",34,3:14:07,7:25,M 45-49/7,M-48,53,3:14:10,70.88%
55,George Nelson,"Cos Cob, CT",1083,3:14:37,7:26,M 50-54/6,M-53,54,3:14:45,73.54%
56,David Kim,"Frisco, TX",176,3:15:04,7:27,M 45-49/8,M-46,55,3:15:12,69.52%
57,Chris O'Connor,"San Diego, CA",1331,3:15:05,7:27,M 35-39/13,M-37,56,3:15:11,65.54%
58,Bryan Baroffio,"Grand Junction, CO",208,3:15:09,7:27,M 45-49/9,M-48,57,3:15:15,70.51%
59,Jeffrey Martin,"Phoenix, AZ",1315,3:15:10,7:27,M 40-44/10,M-44,58,3:15:18,68.52%
60,Michael Fiene,"Newburyport, MA",1346,3:15:27,7:28,M 60-64/1,M-60,59,3:15:34,78.05%
61,Nicole Sereno,"Irvine, CA",129,3:16:07,7:29,F 18-24/1,F-19,2,3:16:12,74.80%
62,Lenny Munari,"Huntington Beach, CA",215,3:16:26,7:30,M 40-44/11,M-44,60,3:16:36,68.07%
63,Andre Boulais,"Irvine, CA",971,3:16:32,7:30,M 45-49/10,M-45,61,3:16:38,68.51%
64,Eric Ritchson,"Los Angeles, CA",246,3:16:36,7:30,M 25-29/5,M-25,62,3:16:49,63.91%
65,Marshall Contino,"Alexandria, VA",1369,3:16:41,7:31,M 35-39/14,M-36,63,3:16:44,64.62%
66,Brian Genter,"Marietta, GA",1399,3:16:50,7:31,M 35-39/15,M-37,64,3:16:55,64.96%
67,Donald Skiver,"Pasadena, CA",228,3:17:35,7:33,M 45-49/11,M-45,65,3:17:48,68.15%
68,Vincent Hassel,"Rancho Santa Margarita, CA",181,3:17:47,7:33,M 40-44/12,M-44,66,3:17:57,67.61%
69,Amy Horst,"Milwaukee, WI",175,3:18:04,7:34,F 25-29/1,F-26,3,3:18:09,70.07%
70,Henry Voros,"Corona, CA",1006,3:18:17,7:34,M 40-44/13,M-40,67,3:18:29,65.68%
71,Roger Marquis,"Old Town, ME",1347,3:18:37,7:35,M 40-44/14,M-43,68,3:18:45,66.87%
72,Keith Thaxter,"Whitehorse, ",156,3:18:44,7:35,M 40-44/15,M-44,69,3:18:49,67.29%
73,James Kalasky,"Tustin, CA",36,3:19:23,7:37,M 40-44/16,M-43,70,3:19:30,66.61%
74,Tod Davis,"Liberty Twp, OH",160,3:20:11,7:39,M 45-49/12,M-48,71,3:20:19,68.73%
75,Rich Garrison,"Chino, CA",211,3:21:26,7:41,M 45-49/13,M-46,72,3:21:40,67.32%
76,John Penner,"Kingsburg, CA",180,3:22:15,7:43,M 35-39/16,M-35,73,3:22:22,62.47%
77,Larry Rich,"Monrovia, CA",279,3:23:01,7:45,M 45-49/14,M-46,74,3:23:15,66.79%
78,Zach Johnson,"San Diego, CA",1376,3:23:11,7:45,M 25-29/6,M-27,75,3:23:24,61.84%
79,Mike Duggan,"San Diego, CA",1397,3:23:12,7:45,M 25-29/7,M-27,76,3:23:24,61.83%
80,Nikolaus Peterson,"Riverside, CA",263,3:23:12,7:45,M 25-29/8,M-26,77,3:23:25,61.83%
81,Benjamin Richter,"Washington, DC",1367,3:23:15,7:46,M 50-54/7,M-50,78,3:23:29,68.73%
82,Beth Toussaint,"West Chester, OH",1336,3:23:17,7:46,F 35-39/2,F-35,4,3:23:36,68.71%
83,Jonathan Resnick,"Irvine, CA",206,3:23:38,7:46,M 45-49/15,M-46,79,3:23:53,66.59%
84,Edward Maas,"Las Vegas, NV",1204,3:23:53,7:47,M 35-39/17,M-36,80,3:23:57,62.34%
85,Karen Kochel,"Phoenix, AZ",169,3:24:04,7:47,F 25-29/2,F-25,5,3:24:12,68.01%
86,Dave Stefanides,"Aliso Viejo, CA",349,3:24:19,7:48,M 40-44/17,M-40,81,3:24:35,63.74%
87,Enrique Sanqui,"Walnut, CA",162,3:24:25,7:48,M 35-39/18,M-39,82,3:24:35,63.31%
88,Randy Wilkinson,"San Diego, CA",1330,3:24:53,7:49,M 25-29/9,M-28,83,3:25:08,61.32%
89,Edward Indvik,"Newport Beach, CA",361,3:25:07,7:50,M 50-54/8,M-51,84,3:25:19,68.65%
90,Lauren Kearney,"San Diego, CA",1031,3:25:07,7:50,F 40-44/1,F-40,6,3:25:14,70.97%
91,Chuck Goetschel,"Lake Forest, CA",1207,3:25:34,7:51,M 40-44/18,M-40,85,3:25:59,63.36%
92,Jim Beck,"Laguna Hills, CA",201,3:25:39,7:51,M 40-44/19,M-41,86,3:25:45,63.74%
93,Jim Higashi,"Dana Point, CA",210,3:25:52,7:52,M 35-39/19,M-36,87,3:26:09,61.74%
94,Mike Verrastro,"Huntington Beach, CA",1103,3:25:56,7:52,M 40-44/20,M-43,88,3:26:12,64.49%
95,Kie Soohoo,"Placentia, CA",30,3:26:05,7:52,M 50-54/9,M-50,89,3:26:09,67.79%
96,Dana Crawley,"Laguna Beach, CA",273,3:26:10,7:52,F 40-44/2,F-44,7,3:26:22,73.19%
97,Kevin Lohner,"Stanford, CA",1327,3:26:22,7:53,M 30-34/14,M-32,90,3:29:00,60.88%
98,Dietmar Wendelin,"Pasadena, CA",189,3:26:40,7:53,M 35-39/20,M-35,91,3:27:55,61.14%
99,Ron Byrnes,"Olympia, WA",207,3:26:50,7:54,M 40-44/21,M-44,92,3:27:02,64.65%
100,Bruce Mauldin,"Anaheim, CA",1092,3:27:25,7:55,M 55-59/2,M-59,93,3:27:37,72.82%
101,Maureen Peniuk,"Winnipeg, ",1058,3:27:34,7:55,F 40-44/3,F-40,8,3:27:41,70.14%
102,Raymond Wong,"Palmdale, CA",31,3:27:56,7:56,M 40-44/22,M-44,94,3:28:05,64.31%
103,Wing-Kwong Keung,"Perrysburg, OH",1154,3:28:01,7:57,M 55-59/3,M-55,95,3:28:11,69.99%
104,Sangho Seo,"Los Angeles, CA",1300,3:28:09,7:57,M 45-49/16,M-46,96,3:29:06,65.15%
105,Jesus Gonzalez,"Garden Grove, CA",1095,3:28:26,7:57,M 30-34/15,M-30,97,3:28:32,60.28%
106,Allen Smith,"Carson, CA",1200,3:28:27,7:58,M 45-49/17,M-48,98,3:29:01,66.01%
107,Chris Yamauchi,"Lake Forest, CA",348,3:28:28,7:58,M 25-29/10,M-26,99,3:28:43,60.27%
108,Mark Hendrickson,"Minneapolis, MN",164,3:28:31,7:58,M 35-39/21,M-39,100,3:28:38,62.07%
109,Mark Ziobro,"Rancho Palos Verdes, CA",144,3:28:36,7:58,M 40-44/23,M-43,101,3:28:51,63.67%
110,Kyle Ericson,"Riverside, CA",970,3:28:36,7:58,M 40-44/24,M-43,102,3:28:54,63.67%
111,Alex Gomez,"Los Angeles, CA",16,3:29:03,7:59,M 25-29/11,M-28,103,3:29:16,60.10%
112,Gordon Smith,"Alexandria, VA",1378,3:29:16,7:59,M 45-49/18,M-48,104,3:29:29,65.75%
113,Eric Huss,"Los Angeles, CA",113,3:29:18,7:59,M 35-39/22,M-39,105,3:29:21,61.84%
114,Mark Prendergast,"Fresno, CA",209,3:29:21,8:00,M 50-54/10,M-51,106,3:29:27,67.26%
115,Lex Curtis,"Salt Lake City, UT",20,3:29:45,8:00,M 30-34/16,M-31,107,3:29:56,59.90%
116,Thomas Stelter,"Huntington Beach, CA",1148,3:29:48,8:01,M 35-39/23,M-38,108,3:30:08,61.31%
117,Mark Roman,"Carrollton, TX",197,3:30:03,8:01,M 50-54/11,M-53,109,3:30:12,68.13%
118,Christopher Clemens,"Santa Barbara, CA",1265,3:30:43,8:03,M 18-24/2,M-23,110,3:31:03,60.40%
119,Brian Liquin,"Boise, ID",301,3:30:58,8:03,M 30-34/17,M-33,111,3:31:09,59.56%
120,Scott Williams,"La Canada, CA",255,3:31:17,8:04,M 40-44/25,M-41,112,3:31:30,62.04%
121,Kenneth Ketchum,"Mission Viejo, CA",465,3:31:18,8:04,M 45-49/19,M-47,113,3:31:34,64.64%
122,Terrie West,"Pleasanton, CA",39,3:31:20,8:04,F 40-44/4,F-43,9,3:31:36,70.75%
123,Carolyn Sion,"Glendale, CA",1072,3:31:40,8:05,F 35-39/3,F-37,10,3:31:50,67.06%
124,Robert Heineman,"San Juan Capistrano, CA",1737,3:31:52,8:05,M 55-59/4,M-55,114,3:32:03,68.71%
125,Faith Kennedy,"Surfside, CA",286,3:32:09,8:06,F 30-34/1,F-34,11,3:32:24,65.42%
126,Katie Rzadkowolska,"Laguna Niguel, CA",342,3:32:13,8:06,F 25-29/3,F-28,12,3:32:28,65.40%
127,Dylan Avery,"Sierra Madre, CA",1324,3:32:20,8:06,M 30-34/18,M-32,115,3:32:26,59.17%
128,Bruce Guter,"Fullerton, CA",173,3:33:04,8:08,M 50-54/12,M-52,116,3:33:09,66.62%
129,Cecil Cooper,"Fort Worth, TX",22,3:33:19,8:09,M 45-49/20,M-45,117,3:33:29,63.12%
130,Denice Cahill,"Riverside, CA",1046,3:33:38,8:09,F 30-34/2,F-30,13,3:33:54,64.97%
131,Allan Ansdell,"Anaheim, CA",227,3:33:47,8:10,M 40-44/26,M-41,118,3:33:59,61.31%
132,Michael Weinberger,"La Canada, CA",225,3:34:01,8:10,M 45-49/21,M-45,119,3:34:15,62.91%
133,Steve Franks,"Newport Beach, CA",170,3:34:07,8:10,M 35-39/24,M-36,120,3:34:27,59.36%
134,Tony Tuttle,"Hercules, CA",395,3:34:09,8:11,M 55-59/5,M-55,121,3:34:16,67.98%
135,Michael Burkoth,"Kenosha, WI",1340,3:34:20,8:11,M 50-54/13,M-51,122,3:34:26,65.69%
136,Alan Singleton,"Van Nuys, CA",262,3:34:39,8:12,M 40-44/27,M-41,123,3:34:51,61.06%
137,Lewis Lucky,"Riverside, CA",323,3:34:46,8:12,M 35-39/25,M-37,124,3:35:00,59.53%
138,Ricardo Matus,"Oceanside, CA",379,3:34:53,8:12,M 35-39/26,M-37,125,3:35:11,59.50%
139,Gary Poignant,"Edmonton, AB",1172,3:35:22,8:13,M 45-49/22,M-49,126,3:35:45,64.37%
140,Sarah Wilson,"Denver, CO",1365,3:35:53,8:15,F 30-34/3,F-32,14,3:36:07,64.29%
141,Steven Abrahamson,"Pewaukee, WI",1342,3:35:55,8:15,M 45-49/23,M-45,127,3:36:03,62.36%
142,Heather Black,"Coronado, CA",281,3:36:11,8:15,F 30-34/4,F-31,15,3:36:26,64.20%
143,Casey Johnson,"Ventura, CA",217,3:36:21,8:16,M 30-34/19,M-30,128,3:36:32,58.07%
144,David Piper,"Los Angeles, CA",133,3:36:22,8:16,M 35-39/27,M-35,129,3:36:53,58.40%
145,David Hong,"West Covina, CA",213,3:36:26,8:16,M 40-44/28,M-42,130,3:36:39,60.96%
146,Erin Hudson,"Huntington Beach, CA",382,3:36:47,8:17,F 25-29/4,F-29,16,3:36:55,64.02%
147,Jon Chernila,"Seal Beach, CA",1282,3:36:49,8:17,M 40-44/29,M-40,131,3:37:01,60.07%
148,Mikalle Higby,"San Clemente, CA",218,3:36:57,8:17,F 30-34/5,F-33,17,3:37:21,63.98%
149,J Luis Vargas,"Monterey Park, CA",277,3:37:00,8:17,M 35-39/28,M-36,132,3:37:08,58.57%
150,Dan O'Bannon,"Santa Ana, CA",21,3:37:01,8:17,M 40-44/30,M-43,133,3:37:22,61.20%
151,Deana Bartolotto,"Livermore, CA",371,3:37:06,8:17,F 35-39/4,F-35,18,3:37:34,64.33%
152,Robert Toonkel,"Arlington, VA",335,3:37:21,8:18,M 30-34/20,M-31,134,3:37:33,57.81%
153,Mitchell Roberts,"Encinitas, CA",205,3:37:25,8:18,M 45-49/24,M-46,135,3:37:41,62.37%
154,Mark Wilkinson,"Overland Park, KS",222,3:37:28,8:18,M 35-39/29,M-38,136,3:37:37,59.15%
155,Alena Machova,"Costa Mesa, CA",498,3:37:50,8:19,F 30-34/6,F-32,19,3:38:26,63.72%
156,Nichole Kendall,"Huntington Beach, CA",315,3:38:04,8:20,F 30-34/7,F-32,20,3:38:20,63.65%
157,Richard Crosthwaite,"Santa Ana, CA",537,3:38:09,8:20,M 35-39/30,M-36,137,3:38:20,58.26%
158,Donald Danlag,"La Crescenta, CA",1071,3:38:11,8:20,M 35-39/31,M-39,138,3:38:26,59.32%
159,Conrad Fernandes,"Silver Spring, MD",1364,3:38:16,8:20,M 35-39/32,M-39,139,3:38:35,59.30%
160,John Fleming,"Cypress, CA",204,3:38:18,8:20,M 40-44/31,M-44,140,3:38:27,61.25%
161,Jim Flanagan,"Haddonfield, NJ",1357,3:38:31,8:21,M 65-69/2,M-69,141,3:38:46,77.35%
162,Jeff Gura,"Potomac, MD",1400,3:38:36,8:21,M 45-49/25,M-48,142,3:38:41,62.94%
163,Ron Stanley,"Antelope, CA",1317,3:38:39,8:21,M 50-54/14,M-53,143,3:38:53,65.45%
164,Sam Felsenfeld,"Foothill Ranch, CA",151,3:38:46,8:21,M 30-34/21,M-32,144,3:39:09,57.43%
165,Leo Rutten,"Beloit, KS",223,3:38:53,8:21,M 60-64/2,M-63,145,3:39:01,71.90%
166,Sheila Eadie,"San Diego, CA",311,3:38:59,8:22,F 40-44/5,F-40,21,3:39:21,66.48%
167,Jason Coddington,"Kingsburg, CA",184,3:39:16,8:22,M 30-34/22,M-34,146,3:39:31,57.30%
168,Andy Kirk,"Anchorage, AK",157,3:39:18,8:22,M 45-49/26,M-47,147,3:40:13,62.28%
169,Hippo Nicholson,"Vancouver, WA",199,3:39:22,8:23,M 45-49/27,M-47,148,3:39:36,62.26%
170,Sally Boles,"Mission Viejo, CA",372,3:39:23,8:23,F 35-39/5,F-38,22,3:39:45,65.24%
171,Kim Cormier,"Laguna Niguel, CA",316,3:39:29,8:23,F 40-44/6,F-40,23,3:39:51,66.33%
172,Meredith Smith,"Corona Del Mar, CA",1377,3:39:32,8:23,F 30-34/8,F-30,24,3:39:58,63.22%
173,Tonson Tong,"Newport Beach, CA",8,3:39:35,8:23,M 40-44/32,M-40,149,3:39:54,59.31%
174,George Mills,"Huntington Beach, CA",443,3:39:39,8:23,M 30-34/23,M-30,150,3:40:14,57.20%
175,Brandon Ueki,"Layton, UT",171,3:39:40,8:23,M 18-24/3,M-23,151,3:39:47,57.93%
176,Mark Duss,"Newport Beach, CA",296,3:40:00,8:24,M 40-44/33,M-44,152,3:40:28,60.78%
177,Curt Monson,"Boise, ID",1289,3:40:45,8:26,M 55-59/6,M-55,153,3:41:00,65.95%
178,Wes Schroeder,"Madison, WI",364,3:41:12,8:27,M 30-34/24,M-33,154,3:42:19,56.80%
179,Steve Weisman,"Danville, CA",365,3:41:17,8:27,M 35-39/33,M-36,155,3:42:17,57.43%
180,Michael Lynch,"East Lansing, MI",240,3:41:21,8:27,M 35-39/34,M-36,156,3:41:36,57.42%
181,Rick Bearden,"Calimesa, CA",328,3:41:30,8:27,M 45-49/28,M-49,157,3:41:48,62.59%
182,Brett Habegger,"Garden Grove, CA",565,3:41:37,8:28,M 18-24/4,M-19,158,3:41:37,59.94%
183,Michael Paisley,"Long Beach, CA",938,3:41:51,8:28,M 45-49/29,M-47,159,3:42:07,61.56%
184,Joe Ogata,"Pacoima, CA",1161,3:42:16,8:29,M 55-59/7,M-58,160,3:43:59,67.31%
185,Lou Johnson,"Monument, CO",1049,3:42:22,8:29,M 50-54/15,M-50,161,3:42:28,62.82%
186,Gary Citron,"Tustin, CA",983,3:42:22,8:29,M 45-49/30,M-49,162,3:42:34,62.34%
187,Andrew Beauchamp,"Alta Loma, CA",1104,3:42:48,8:30,M 45-49/31,M-46,163,3:45:26,60.86%
188,Mike Schmitz,"Carlsbad, CA",353,3:42:54,8:31,M 35-39/35,M-37,164,3:43:38,57.36%
189,Donald Sevesind,"Covina, CA",1213,3:42:56,8:31,M 30-34/25,M-32,165,3:43:10,56.36%
190,Steve Haferkamp,"Carlsbad, CA",9673,3:43:03,8:31,M 30-34/26,M-34,166,3:43:46,56.33%
191,Nadia Ruiz,"Santa Fe Springs, CA",1306,3:43:10,8:31,F 18-24/2,F-22,25,3:43:21,63.52%
192,Jorge Ruiz Sr,"Santa Fe Springs, CA",1294,3:43:10,8:31,M 45-49/32,M-49,167,3:43:21,62.12%
193,Jeffrey Furr,"Washington, DC",1384,3:43:16,8:31,M 30-34/27,M-34,168,3:43:27,56.27%
194,Hailyn Chen,"South Pasadena, CA",187,3:43:42,8:32,F 30-34/9,F-31,26,3:43:48,62.04%
195,Kevin Dowdey,"Santa Rosa, CA",479,3:43:44,8:32,M 18-24/5,M-21,169,3:44:01,57.98%
196,Christopher Louie,"Valencia, CA",546,3:44:05,8:33,M 35-39/36,M-37,170,3:44:35,57.05%
197,Scott Taylor,"Draper, UT",253,3:44:14,8:34,M 40-44/34,M-42,171,3:44:33,58.84%
198,Yoshitoshi Takahashi,"Rancho Palos Verdes, CA",1030,3:44:16,8:34,M 45-49/33,M-47,172,3:44:40,60.90%
199,Joe Weisenburger,"Golden Valley, MN",1097,3:44:27,8:34,M 45-49/34,M-46,173,3:44:51,60.41%
200,Stephen Brang,"Claremont, CA",319,3:44:44,8:35,M 50-54/16,M-52,174,3:45:01,63.16%
201,Mike Sanderson,"Fullerton, CA",1109,3:44:53,8:35,M 30-34/28,M-32,175,3:45:11,55.87%
202,Michael Calabrese,"Rowland Heights, CA",1141,3:44:53,8:35,M 18-24/6,M-24,176,3:45:11,56.13%
203,Benjamin Budde,"San Diego, CA",551,3:45:05,8:36,M 25-29/12,M-25,177,3:45:36,55.82%
204,Bruce Quam,"Manchester, WA",438,3:45:07,8:36,M 50-54/17,M-51,178,3:45:33,62.54%
205,Kimberlyn Hicks,"Tucson, AZ",571,3:45:44,8:37,F 35-39/6,F-37,27,3:46:06,62.88%
206,Scott Hardy,"Alpine, UT",1309,3:45:45,8:37,M 40-44/35,M-41,179,3:46:12,58.06%
207,Lauren Udden,"Santa Barbara, CA",1311,3:45:52,8:37,M 55-59/8,M-56,180,3:46:19,65.03%
208,Michael Conran,"San Clemente, CA",139,3:46:05,8:38,M 35-39/37,M-39,181,3:46:19,57.24%
209,Julie Taschetta,"Los Angeles, CA",313,3:46:15,8:38,F 40-44/7,F-40,28,3:46:36,64.35%
210,Joseph Rubert,"Chino Hills, CA",295,3:46:17,8:38,M 35-39/38,M-37,182,3:46:32,56.50%
211,Edzel Cabanero,"San Diego, CA",392,3:46:18,8:38,M 40-44/36,M-40,183,3:46:35,57.55%
212,Kevin Nugent,"Boston, MA",386,3:46:32,8:39,M 40-44/37,M-41,184,3:46:41,57.86%
213,Jeff Johnston,"Deer Park, WI",1130,3:46:39,8:39,M 50-54/18,M-52,185,3:46:50,62.63%
214,Dianna Sulser,"Denison, TX",1278,3:47:00,8:40,F 50-54/1,F-50,29,3:47:09,70.50%
215,Sokha Chhun-Dugger,"Laguna Hills, CA",1159,3:47:33,8:41,F 35-39/7,F-38,30,3:48:01,62.90%
216,Ricardo Ornelas,"San Dimas, CA",408,3:48:06,8:42,M 30-34/29,M-33,186,3:49:06,55.08%
217,Stuart Holland,"Chino, CA",289,3:48:20,8:43,M 45-49/35,M-49,187,3:48:35,60.71%
218,Linda Hammond,"Irvine, CA",358,3:48:20,8:43,F 40-44/8,F-42,31,3:50:40,64.89%
219,Christopher Kearns,"Los Angeles, CA",235,3:48:27,8:43,M 40-44/38,M-40,188,3:48:54,57.01%
220,Dave Achtemichuk,"Ottawa, ",538,3:48:29,8:43,M 40-44/39,M-44,189,3:48:46,58.52%
221,Kevin Kong,"Irvine, CA",304,3:48:35,8:44,M 40-44/40,M-44,190,3:48:57,58.50%
222,Rebecca Shoff,"Whittier, CA",727,3:48:39,8:44,F 25-29/5,F-27,32,3:49:16,60.70%
223,Erik Haaf,"Buena Park, CA",669,3:48:48,8:44,M 30-34/30,M-33,191,3:49:18,54.91%
224,Francis Melendez,"Inglewood, CA",167,3:48:48,8:44,M 35-39/39,M-35,192,3:48:56,55.22%
225,Jim Heller,"Anaheim, CA",35,3:49:04,8:45,M 55-59/9,M-59,193,3:49:13,65.94%
226,Jintaik Chung,"Los Angeles, CA",1874,3:49:11,8:45,M 55-59/10,M-59,194,3:49:45,65.91%
227,Enrico Bartolomei,"Chateauguay, ",276,3:49:16,8:45,M 50-54/19,M-52,195,3:49:28,61.91%
228,Tom Fedro,"Irvine, CA",1201,3:49:20,8:45,M 45-49/36,M-46,196,3:49:42,59.13%
229,Sena Hoodman,"Huntington Beach, CA",1074,3:49:21,8:45,F 45-49/1,F-48,33,3:50:02,68.37%
230,Thomas McNamara,"Huntington Beach, CA",861,3:49:45,8:46,M 35-39/40,M-39,197,3:50:29,56.33%
231,Peter Houston,"Dublin, CA",990,3:50:03,8:47,M 30-34/31,M-32,198,3:50:31,54.62%
232,Kurt Grunwald,"Mclean, VA",1240,3:50:03,8:47,M 35-39/41,M-36,199,3:50:20,55.25%
233,Navid Ahrarian,"Vienna, VA",1239,3:50:03,8:47,M 30-34/32,M-32,200,3:50:20,54.62%
234,Jon Mahoney,"Vernon, BC",1319,3:50:14,8:47,M 50-54/20,M-54,201,3:50:40,62.69%
235,Tim Steiner,"Marina Del Rey, CA",530,3:50:15,8:47,M 30-34/33,M-33,202,3:50:48,54.57%
236,Zsuzsi Burkhalter,"Irvine, CA",424,3:50:15,8:47,F 30-34/10,F-33,34,3:50:48,60.28%
237,Rhiana Allston,"Hughesville, MD",1381,3:50:46,8:49,F 25-29/6,F-28,35,3:51:14,60.14%
238,Simone Bender,"Mesa, AZ",150,3:50:48,8:49,F 35-39/8,F-36,36,3:51:09,61.00%
239,Gloria Argumedo,"Los Angeles, CA",576,3:50:48,8:49,F 35-39/9,F-36,37,3:51:11,61.00%
240,Jennifer Schiffer,"Solana Beach, CA",1304,3:51:01,8:49,F 30-34/11,F-32,38,3:51:22,60.08%
241,Lara McFarlin,"San Diego, CA",1303,3:51:01,8:49,F 30-34/12,F-30,39,3:51:22,60.08%
242,Ann Braun,"La Canada, CA",370,3:51:02,8:49,F 45-49/2,F-45,40,3:51:30,65.92%
243,Pat Copps,"Costa Mesa, CA",9,3:51:04,8:49,M 50-54/21,M-53,203,3:51:30,61.94%
244,Keith Keana,"Peyton, CO",332,3:51:11,8:50,M 35-39/42,M-38,204,3:51:29,55.64%
245,Amir Barzin,"Los Altos, CA",366,3:51:18,8:50,M 45-49/37,M-46,205,3:51:45,58.62%
246,David Auerbach,"Irvine, CA",251,3:51:19,8:50,M 45-49/38,M-48,206,3:51:33,59.48%
247,Paul Jansak,"Coto De Caza, CA",1198,3:51:44,8:51,M 50-54/22,M-50,207,3:52:23,60.28%
248,Geoff Hamshar,"Fairfax, VA",440,3:51:48,8:51,M 25-29/13,M-26,208,3:52:12,54.20%
249,Roberta Gonzales,"San Francisco, CA",1325,3:51:54,8:51,F 40-44/9,F-44,41,3:52:20,65.07%
250,Thomas Petrucci,"Murrieta, CA",165,3:52:09,8:52,M 40-44/41,M-43,209,3:52:17,57.21%
251,Michelle De Jong,"Long Beach, CA",411,3:52:15,8:52,F 35-39/10,F-37,42,4:23:13,61.12%
252,Roisin Macmahon,"Santa Monica, CA",525,3:52:20,8:52,F 45-49/3,F-47,43,3:52:50,66.83%
253,Monica Hirschberger,"Santa Monica, CA",322,3:52:21,8:52,F 40-44/10,F-42,44,3:52:50,63.77%
254,Doron Tisser,"Encino, CA",401,3:52:35,8:53,M 50-54/23,M-51,210,3:53:12,60.54%
255,Carrie Prince,"Huntington Beach, CA",394,3:52:37,8:53,F 25-29/7,F-28,45,3:53:09,59.67%
256,Min Chae,"San Marino, CA",242,3:52:41,8:53,M 50-54/24,M-51,211,3:55:15,60.51%
257,Peter Altick,"Cardiff, CA",413,3:53:10,8:54,M 50-54/25,M-52,212,3:53:51,60.88%
258,Brian Eichler,"Laguna Niguel, CA",346,3:53:33,8:55,M 35-39/43,M-37,213,3:53:43,54.74%
259,Jessica Kozuki,"Huntington Beach, CA",362,3:53:48,8:56,F 25-29/8,F-26,46,3:54:04,59.36%
260,Terry Rousset,"Boise, ID",6,3:54:11,8:56,M 40-44/42,M-42,214,3:54:37,56.34%
261,Michael Beauregard,"Los Angeles, CA",1147,3:54:19,8:57,M 30-34/34,M-32,215,3:54:46,53.62%
262,Rebecca Rogoff-Bartis,"Huntington Beach, CA",284,3:54:36,8:57,F 35-39/11,F-37,47,3:54:46,60.51%
263,Joel Williams,"New York, NY",567,3:54:36,8:57,M 25-29/14,M-25,216,3:55:06,53.56%
264,Scott Slatem,"Los Angeles, CA",236,3:54:37,8:57,M 40-44/43,M-43,217,3:54:49,56.61%
265,Michael Moore,"Manhattan Beach, CA",338,3:54:51,8:58,M 65-69/3,M-65,218,3:55:01,68.53%
266,Michele Burch,"Huntington Beach, CA",526,3:55:11,8:59,F 40-44/11,F-41,48,3:55:30,62.45%
267,Karen Wester,"Alta Loma, CA",274,3:55:14,8:59,F 30-34/13,F-31,49,3:55:54,59.00%
268,Bruce McLaughlin,"Royersford, PA",37,3:55:14,8:59,M 45-49/39,M-49,219,3:55:37,58.93%
269,Barry Kuhnke,"Huntington Beach, CA",407,3:55:28,8:59,M 50-54/26,M-50,220,3:55:39,59.33%
270,Euisoo Kim,"Los Angeles, CA",1299,3:55:33,9:00,M 55-59/11,M-59,221,3:56:30,64.13%
271,Tim Chesko,"Lockport, NY",1301,3:55:34,9:00,M 40-44/44,M-41,222,3:56:06,55.64%
272,Zach Ducker,"Shelton, WA",331,3:55:44,9:00,M 18-24/7,M-20,223,3:56:38,55.65%
273,Margaret Meyer,"Pasadena, CA",1295,3:55:50,9:00,F 30-34/14,F-31,50,3:56:15,58.85%
274,Marcela Salazar,"Littleton, CO",568,3:55:59,9:01,F 50-54/2,F-51,51,3:56:08,68.54%
275,Philip Rottenborn,"Huntington Beach, CA",305,3:56:07,9:01,M 30-34/35,M-33,224,3:56:24,53.21%
276,Stephen Windes,"Brea, CA",442,3:56:18,9:01,M 35-39/44,M-36,225,3:56:45,53.78%
277,Vincent Keenan,"Fresno, CA",511,3:57:05,9:03,M 25-29/15,M-27,226,3:57:32,52.99%
278,Scott Sylvester,"Dana Point, CA",753,3:57:19,9:04,M 35-39/45,M-39,227,3:57:54,54.54%
279,Deo Jaravata,"Granada Hills, CA",1205,3:57:20,9:04,M 40-44/45,M-41,228,3:57:47,55.22%
280,Bell Lee,"Gardena, CA",268,3:57:28,9:04,M 35-39/46,M-39,229,3:58:05,54.50%
281,Ray Escobar,"Aliso Viejo, CA",478,3:57:29,9:04,M 30-34/36,M-33,230,3:57:56,52.91%
282,Yacob Gebrebi,"Carson, CA",1096,3:57:42,9:04,M 50-54/27,M-51,231,3:58:03,59.24%
283,Sean Chalmers,"Huntington Beach, CA",1118,3:57:46,9:05,M 45-49/40,M-46,232,3:58:24,57.03%
284,Lyle Hatridge,"Pasadena, CA",224,3:57:48,9:05,M 45-49/41,M-45,233,3:58:19,56.62%
285,Jeffrey Farrier,"San Diego, CA",1163,3:57:56,9:05,M 35-39/47,M-36,234,3:58:46,53.42%
286,Steven Molstad,"La Crosse, WI",234,3:58:03,9:05,M 45-49/42,M-47,235,3:58:25,57.37%
287,Oscar Leboeuf Jr,"Oxnard, CA",287,3:58:09,9:05,M 50-54/28,M-51,236,3:58:45,59.12%
288,Maureen Hogan,"Fort Worth, TX",1362,3:58:13,9:06,F 35-39/12,F-35,52,3:58:35,58.63%
289,Tina Gallegos,"Costa Mesa, CA",1328,3:58:22,9:06,F 30-34/15,F-34,53,3:58:40,58.23%
290,Alexander Chin,"Rancho Palos Verdes, CA",1193,3:58:40,9:07,M 35-39/48,M-39,237,3:59:20,54.23%
291,John Teckemeyer,"Fremont, CA",270,3:58:40,9:07,M 25-29/16,M-25,238,3:58:51,52.64%
292,Dennis Yasutomi,"San Jose, CA",486,3:58:45,9:07,M 45-49/43,M-48,239,3:59:19,57.63%
293,Justin La Ferriere,"Apple Valley, CA",445,3:58:46,9:07,M 18-24/8,M-24,240,3:59:24,52.87%
294,Courtney Andersen,"Oak Park, CA",410,3:58:50,9:07,F 25-29/9,F-27,54,3:59:14,58.11%
295,Mark Wisch,"Linden, VA",32,3:58:51,9:07,M 45-49/44,M-48,241,3:59:08,57.60%
296,Gary Geuss,"Studio City, CA",1085,3:59:29,9:09,M 45-49/45,M-48,242,3:59:54,57.45%
297,Miles Schuler,"Murrieta, CA",518,3:59:39,9:09,M 40-44/46,M-42,243,4:00:04,55.05%
298,Eddie Hahn,"Rancho Cucamonga, CA",1155,3:59:42,9:09,M 40-44/47,M-41,244,4:00:03,54.68%
299,William Graf,"Downey, CA",422,3:59:42,9:09,M 50-54/29,M-50,245,4:00:12,58.28%
300,Chad Morris,"Salt Lake City, UT",475,3:59:43,9:09,M 35-39/49,M-38,246,4:00:02,53.66%
301,Ryan Albu,"Pasadena, CA",7,3:59:44,9:09,M 25-29/17,M-28,247,4:00:20,52.41%
302,David Milem,"Huntington Beach, CA",573,3:59:45,9:09,M 30-34/37,M-32,248,4:00:13,52.41%
303,Mike Kennedy,"Denver, CO",329,3:59:48,9:09,M 30-34/38,M-31,249,4:00:09,52.39%
304,Douglas McCowen,"Tustin, CA",1187,3:59:56,9:10,M 55-59/12,M-56,250,4:00:20,61.22%
305,Trisha Tyminski,"Long Beach, CA",320,4:00:20,9:10,F 30-34/16,F-30,55,4:00:40,57.75%
306,Cheri Rich,"Monrovia, CA",1326,4:00:34,9:11,F 45-49/4,F-45,56,4:00:47,63.31%
307,Zeke Zatyko,"San Diego, CA",433,4:00:42,9:11,M 35-39/50,M-37,251,4:01:40,53.12%
308,A J Shaka,"Irvine, CA",553,4:00:59,9:12,M 45-49/46,M-48,252,4:01:27,57.10%
309,Tracy Hacker,"Washington, DC",1368,4:01:08,9:12,F 18-24/3,F-24,57,4:01:44,57.70%
310,Elizabeth Hart,"Alexandria, VA",1363,4:01:11,9:12,F 25-29/10,F-29,58,4:01:25,57.55%
311,Becky Trickett,"Arvada, CO",460,4:01:25,9:13,F 18-24/4,F-23,59,4:01:57,58.15%
312,Ken Saxton,"Huntington Beach, CA",514,4:01:32,9:13,M 50-54/30,M-51,253,4:02:57,58.30%
313,Vicki Mann,"Vancouver, BC",357,4:01:55,9:14,F 40-44/12,F-40,60,4:02:22,60.18%
314,Myung Park,"Pasadena, CA",351,4:02:13,9:15,M 60-64/3,M-64,254,4:02:44,65.69%
315,Harry Pettibone,"Yorba Linda, CA",1061,4:02:26,9:15,M 45-49/47,M-49,255,4:03:06,57.18%
316,Julie Olmstead,"Webster City, IA",585,4:02:32,9:16,F 40-44/13,F-43,62,4:03:07,61.65%
317,Lori Foster,"Webster City, IA",722,4:02:32,9:16,F 35-39/13,F-37,61,4:03:07,58.53%
318,Mark Rule,"Huntington Beach, CA",229,4:02:37,9:16,M 45-49/48,M-46,256,4:02:48,55.89%
319,Rasha Prince,"Shadow Hills, CA",347,4:03:00,9:17,F 40-44/14,F-41,63,4:04:23,60.44%
320,Nicole Bauman,"Denver, CO",451,4:03:12,9:17,F 35-39/14,F-35,64,4:03:59,57.43%
321,Gary Novotny,"La Palma, CA",155,4:03:16,9:17,M 45-49/49,M-47,257,4:03:51,56.14%
322,Robert Szekeresh,"Huntington Beach, CA",400,4:03:22,9:17,M 55-59/13,M-59,258,4:03:46,62.07%
323,Douglas Angel,"Washingtn Twp, MI",343,4:03:43,9:18,M 40-44/48,M-41,259,4:04:07,53.78%
324,Gregory Porcho,"Fullerton, CA",398,4:03:53,9:19,M 50-54/31,M-50,260,4:04:23,57.28%
325,Jay Palchikoff,"Corona Del Mar, CA",1302,4:03:55,9:19,M 50-54/32,M-51,261,4:04:03,57.73%
326,Robert Neves,"Huntington Beach, CA",432,4:04:09,9:19,M 35-39/51,M-38,262,4:04:44,52.68%
327,Andrew Bramblett,"Huntington Beach, CA",598,4:04:15,9:19,M 35-39/52,M-39,263,4:04:38,52.99%
328,Robert Lopez,"Seattle, WA",1196,4:04:18,9:20,M 40-44/49,M-40,264,4:04:52,53.31%
329,Kirsten Brantley,"Torrance, CA",474,4:04:23,9:20,F 30-34/17,F-31,65,4:04:32,56.79%
330,Jack Cheng,"Temple City, CA",430,4:04:29,9:20,M 35-39/53,M-35,265,4:04:47,51.68%
331,Stephanie Pillard,"Burbank, CA",509,4:04:34,9:20,F 30-34/18,F-33,66,4:05:06,56.75%
332,Mike Hoffman,"Huntington Beach, CA",1190,4:04:38,9:20,M 40-44/50,M-42,266,4:05:15,53.93%
333,Mark Carey,"San Diego, CA",1145,4:05:04,9:21,M 40-44/51,M-44,267,4:05:34,54.56%
334,Tony Branham,"Hollywood, MD",1391,4:05:06,9:21,M 45-49/50,M-46,268,4:05:25,55.32%
335,Edward Ellis,"Newport Beach, CA",981,4:05:44,9:23,M 45-49/51,M-48,269,4:06:24,55.99%
336,Manuel Prieto,"Los Angeles, CA",238,4:05:44,9:23,M 45-49/52,M-45,270,4:05:48,54.79%
337,Gunilla Ceder,"Uddevalla, ",101,4:05:55,9:23,F 45-49/5,F-49,67,4:06:09,64.41%
338,Dennis Kato,"Huntington Beach, CA",1015,4:06:14,9:24,M 45-49/53,M-48,271,4:06:56,55.88%
339,Ruth Jones,"Temecula, CA",481,4:06:15,9:24,F 45-49/6,F-47,68,4:06:44,63.05%
340,Charlie Jones,"Beaverton, OR",1263,4:06:17,9:24,M 45-49/54,M-45,272,4:06:43,54.67%
341,Jim Vitucci,"Cincinnati, OH",1356,4:06:26,9:24,M 50-54/33,M-53,273,4:06:42,58.07%
342,Aaron Granofsky,"Laguna Niguel, CA",154,4:06:34,9:25,M 35-39/54,M-35,274,4:07:09,51.24%
343,Mark Brinich,"Lakewood, OH",1396,4:06:35,9:25,M 55-59/14,M-55,275,4:07:10,59.04%
344,Robert Miltner,"Saint Paul, MN",1199,4:06:36,9:25,M 25-29/18,M-29,276,4:07:16,50.95%
345,John McIlnay,"West Covina, CA",340,4:06:40,9:25,M 25-29/19,M-25,277,4:07:12,50.94%
346,Peter Chung,"Loma Linda, CA",542,4:06:48,9:25,M 60-64/4,M-62,278,4:07:19,63.09%
347,Jill Dawson,"Yucaipa, CA",2742,4:06:57,9:26,F 35-39/15,F-39,69,4:07:30,58.45%
348,Edward Bushel,"Denver, CO",453,4:07:17,9:26,M 35-39/55,M-37,279,4:07:39,51.70%
349,Lorraine Gersitz,"Fullerton, CA",412,4:07:21,9:27,F 50-54/3,F-52,70,4:07:37,66.09%
350,Qc Chen,"Arcadia, CA",1202,4:07:29,9:27,M 50-54/34,M-54,280,4:08:19,58.32%
351,John Cerecedes,"Huntington Beach, CA",418,4:07:47,9:28,M 40-44/52,M-41,281,4:08:24,52.90%
352,Heather Stillman,"Santa Monica, CA",587,4:07:49,9:28,F 35-39/16,F-38,71,4:08:31,57.76%
353,Joyce Vastola,"Scarsdale, NY",1293,4:07:50,9:28,F 50-54/4,F-53,72,4:07:54,66.69%
354,Sunny Fitzgerald,"Rockville, MD",1366,4:08:00,9:28,F 50-54/5,F-51,73,4:08:37,65.21%
355,Kathryn Thomasson,"McKinney, TX",572,4:08:01,9:28,F 25-29/11,F-28,74,4:08:40,55.96%
356,Aric Ladd,"Pioneer, CA",467,4:08:34,9:29,M 30-34/39,M-33,282,4:08:54,50.55%
357,Mark Turner,"Dove Canyon, CA",552,4:08:40,9:30,M 40-44/53,M-43,283,4:09:16,53.41%
358,Constance O'Brien,"Shoreview, MN",1133,4:08:47,9:30,F 45-49/7,F-45,75,4:09:15,61.22%
359,Fausto Rowlan,"La Mirada, CA",471,4:08:48,9:30,M 45-49/55,M-46,284,4:09:29,54.50%
360,Juergen Dold,"Redondo Beach, CA",397,4:08:56,9:30,M 30-34/40,M-33,285,4:18:42,50.47%
361,Arthur Warner,"San Diego, CA",275,4:09:07,9:31,M 45-49/56,M-49,286,4:09:37,55.65%
362,Allen Liang,"Irvine, CA",12,4:09:13,9:31,M 35-39/56,M-39,287,4:09:51,51.93%
363,Zanetta Carr,"Huntington Beach, CA",539,4:09:16,9:31,F 50-54/6,F-50,76,4:09:53,64.20%
364,Paul Yoo,"Huntington Beach, CA",1086,4:09:21,9:31,M 35-39/57,M-35,288,4:09:59,50.67%
365,Paul Blakesley,"Pasadena, CA",621,4:09:22,9:31,M 25-29/20,M-26,289,4:10:01,50.38%
366,Mary Talavera,"Laguna Beach, CA",550,4:09:38,9:32,F 35-39/17,F-39,77,4:10:12,57.82%
367,Jeffery Buckwalter,"Salt Lake City, UT",337,4:09:40,9:32,M 30-34/41,M-34,290,4:10:04,50.32%
368,Sabrina Ahmad,"Irvine, CA",678,4:09:56,9:32,F 25-29/12,F-26,78,4:10:30,55.53%
369,Doug Wegnes,"Rancho Palos Verdes, CA",232,4:10:00,9:33,M 45-49/57,M-47,291,4:10:11,54.63%
370,David Bartholomew,"Walnut Creek, CA",149,4:10:03,9:33,M 50-54/35,M-51,292,4:10:19,56.31%
371,Pete Delagardelle,"Apple Valley, CA",1281,4:10:18,9:33,M 50-54/36,M-50,293,4:10:39,55.81%
372,Brad Daley,"Belmont, CA",103,4:10:33,9:34,M 45-49/58,M-45,294,4:11:12,53.74%
373,Mary Bowes,"Agoura Hills, CA",589,4:10:47,9:34,F 45-49/8,F-45,79,4:11:08,60.73%
374,Christy Noel,"Manhattan Beach, CA",557,4:11:08,9:35,F 40-44/15,F-40,80,4:12:31,57.97%
375,James Yanoschik,"Murrieta, CA",1066,4:11:32,9:36,M 50-54/37,M-50,295,4:12:26,55.54%
376,James Moore,"Oceanside, CA",200,4:12:03,9:37,M 35-39/58,M-38,296,4:12:17,51.03%
377,Michelle Lee,"Fremont, CA",1121,4:12:08,9:37,F 25-29/13,F-29,81,4:13:04,55.05%
378,Daren Nicholson,"San Mateo, CA",1122,4:12:09,9:37,M 30-34/42,M-31,297,4:13:04,49.83%
379,Martha Medina,"Los Angeles, CA",441,4:12:11,9:38,F 45-49/9,F-48,82,4:12:47,62.18%
380,Michael Cole,"Fremont, CA",416,4:12:23,9:38,M 40-44/54,M-42,298,4:13:02,52.27%
381,Anamaria Reyes,"San Diego, CA",1332,4:12:28,9:38,F 25-29/14,F-29,83,4:13:01,54.97%
382,Molly Buccola,"Portola Valley, CA",600,4:12:30,9:38,F 18-24/5,F-23,84,4:13:01,55.60%
383,Donald Cherf,"San Diego, CA",423,4:12:31,9:38,M 45-49/59,M-48,299,4:13:35,54.49%
384,Kevin Gray,"Rancho Dominguez, CA",221,4:12:32,9:38,M 45-49/60,M-46,300,4:15:01,53.70%
385,Jeff Schroer,"Crestline, CA",637,4:12:44,9:39,M 40-44/55,M-43,301,4:13:44,52.55%
386,Art Magsayo,"Torrance, CA",1310,4:13:02,9:40,M 45-49/61,M-46,302,4:13:27,53.59%
387,Hong Chung,"Riverside, CA",385,4:13:12,9:40,M 55-59/15,M-59,303,4:13:44,59.66%
388,Leslie Oliver,"Huntington Beach, CA",146,4:13:40,9:41,F 40-44/16,F-41,85,4:14:24,57.89%
389,Jim Baillargeon,"Somerset, WI",1131,4:13:59,9:42,M 60-64/5,M-62,304,4:14:18,61.30%
390,Greg Keizer,"Langley, BC",586,4:14:02,9:42,M 35-39/59,M-39,305,4:14:42,50.95%
391,Richard Ruppel,"Orange, CA",220,4:14:03,9:42,M 50-54/38,M-52,306,4:14:25,55.87%
392,Mu Huang,"Los Angeles, CA",138,4:14:09,9:42,M 18-24/9,M-23,307,4:14:23,50.07%
393,Emma Chaput,"Bakersfield, CA",285,4:14:12,9:42,F 30-34/19,F-33,86,4:14:27,54.60%
394,Paul Christensen,"Corona, CA",1112,4:14:32,9:43,M 35-39/60,M-39,308,4:15:17,50.85%
395,Stan Broadfoot,"Yorba Linda, CA",333,4:14:45,9:43,M 55-59/16,M-55,309,4:15:45,57.15%
396,Cynthia Mayberry,"Newport Beach, CA",545,4:14:45,9:43,F 35-39/18,F-35,87,4:15:06,54.82%
397,Craig Ciandella,"Huntington Beach, CA",488,4:15:22,9:45,M 55-59/17,M-57,310,4:15:45,58.04%
398,Melissa Oshiro,"Long Beach, CA",1113,4:15:32,9:45,F 25-29/15,F-25,88,4:16:01,54.31%
399,Patrick McConnaughey,"Eagle River, AK",1259,4:16:22,9:47,M 50-54/39,M-51,311,4:17:04,54.92%
400,Sandra Draper,"Huntington Beach, CA",13,4:16:23,9:47,F 40-44/17,F-43,89,4:17:06,58.31%
401,David Campbell,"Glendale, CA",345,4:16:23,9:47,M 50-54/40,M-51,312,4:17:06,54.92%
402,Seonghoh Jee,"Los Angeles, CA",1297,4:16:33,9:48,M 55-59/18,M-57,313,4:17:24,57.77%
403,Allison Melton,"Fairfax, VA",640,4:16:41,9:48,F 25-29/16,F-26,90,4:17:29,54.07%
404,Tennille Christensen,"Mountain View, CA",757,4:17:13,9:49,F 30-34/20,F-30,91,4:18:17,53.96%
405,Melanie Morales,"Ventura, CA",1316,4:17:19,9:49,F 30-34/21,F-34,92,4:20:29,53.94%
406,Steven Kohorst,"Cohasset, MN",1350,4:17:30,9:50,M 55-59/19,M-56,314,4:17:35,57.04%
407,Brian Tsuyuki,"Roseville, CA",485,4:17:31,9:50,M 50-54/41,M-54,315,4:17:55,56.05%
408,Jean Laroche,"Santa Monica, CA",977,4:17:31,9:50,M 50-54/42,M-54,316,4:18:26,56.05%
409,Rick Espinosa,"Lincoln, CA",360,4:17:37,9:50,M 60-64/6,M-61,317,4:17:52,59.81%
410,William Hughes,"Riverside, CA",293,4:17:54,9:51,M 40-44/56,M-40,318,4:18:47,50.50%
411,Terry Rabun,"Huntington Beach, CA",996,4:18:04,9:51,M 50-54/43,M-52,319,4:19:02,55.00%
412,Theresa Rowland,"Palo Alto, CA",466,4:18:05,9:51,F 40-44/18,F-43,93,4:18:24,57.93%
413,Prasad Pokkunuri,"Riverside, CA",354,4:18:07,9:51,M 25-29/21,M-27,320,4:18:41,48.68%
414,Maggie Beach,"Altadena, CA",769,4:18:13,9:51,F 35-39/19,F-35,94,4:18:41,54.09%
415,Jessica Cleeton,"Palm Desert, CA",420,4:18:21,9:52,F 18-24/6,F-23,95,4:18:56,54.34%
416,Kil Soo Kim,"Farmersville, CA",1043,4:18:23,9:52,M 55-59/20,M-58,321,4:19:10,57.90%
417,David Asbury,"Foothill Ranch, CA",496,4:18:24,9:52,M 35-39/61,M-38,322,4:18:52,49.78%
418,Jong Chun Park,"Arcadia, CA",405,4:18:43,9:53,M 45-49/62,M-46,323,4:19:15,52.41%
419,Pamela Kane,"Yorba Linda, CA",380,4:18:54,9:53,F 40-44/19,F-43,96,4:19:25,57.75%
420,Jonathan Wilson,"Columbia, MD",1393,4:19:23,9:54,M 30-34/43,M-31,324,4:20:08,48.44%
421,Stacy Carlier,"Oro Valley, AZ",1182,4:19:26,9:54,F 30-34/22,F-32,97,4:20:05,53.50%
422,Johanna Alandt,"Vista, CA",555,4:19:27,9:54,F 50-54/7,F-52,98,4:20:20,63.01%
423,Marco Montes,"Costa Mesa, CA",736,4:19:29,9:54,M 30-34/44,M-34,325,4:20:40,48.42%
424,Lynne Truong,"Solana Beach, CA",543,4:19:35,9:55,F 40-44/20,F-44,99,4:20:14,58.13%
425,Cathy Pickering,"Tempe, AZ",558,4:19:39,9:55,F 25-29/17,F-25,100,4:20:11,53.45%
426,Lori Nugent,"Boston, MA",730,4:19:52,9:55,F 35-39/20,F-38,101,4:20:21,55.08%
427,Francisco Rodriguez,"Irvine, CA",810,4:19:55,9:55,M 35-39/62,M-37,326,4:20:23,49.19%
428,Brady Michel,"Tustin, CA",247,4:20:08,9:56,M 35-39/63,M-36,327,4:20:43,48.86%
429,Brett Sevilla,"South Pasadena, CA",603,4:20:11,9:56,M 35-39/64,M-38,328,4:20:49,49.44%
430,Eby Boals,"Newport Beach, CA",489,4:20:34,9:57,F 25-29/18,F-25,102,4:21:25,53.27%
431,Mark Kent,"Newport Beach, CA",490,4:20:34,9:57,M 35-39/65,M-36,329,4:21:25,48.78%
432,Russell Ragland,"Bakersfield, CA",312,4:20:40,9:57,M 35-39/66,M-38,330,4:21:19,49.35%
433,Suzanne Medairy,"Ashburn, VA",1372,4:20:44,9:57,F 30-34/23,F-33,103,4:21:19,53.23%
434,Jackie Booth,"Crestline, CA",2993,4:20:55,9:58,F 45-49/10,F-45,104,4:21:28,58.37%
435,Ginger Klein,"Colorado Springs, CO",570,4:20:59,9:58,F 30-34/24,F-30,105,4:21:48,53.18%
436,Daniel Tou,"West Hills, CA",646,4:21:09,9:58,M 65-69/4,M-65,331,4:21:52,61.63%
437,Steve Long,"San Jose, CA",104,4:21:18,9:58,M 40-44/57,M-42,332,4:21:53,50.49%
438,Maricel Jusay,"Buena Park, CA",860,4:21:18,9:58,F 25-29/19,F-27,106,4:21:45,53.12%
439,Grant Lindsay,"Los Angeles, CA",776,4:21:19,9:58,M 30-34/45,M-30,333,4:22:21,48.08%
440,Jon Cornick,"Colorado Springs, CO",1386,4:21:40,9:59,M 50-54/44,M-50,334,4:22:15,53.39%
441,Adolfo Amador,"La Mirada, CA",725,4:21:49,10:00,M 30-34/46,M-32,335,4:23:00,47.99%
442,Boek Kim,"Irvine, CA",280,4:21:50,10:00,M 45-49/63,M-49,336,4:22:15,52.95%
443,Veronica Molina,"Allen, TX",450,4:21:51,10:00,F 25-29/20,F-29,107,4:22:30,53.00%
444,Barry Sohl,"Huntington Beach, CA",1041,4:21:55,10:00,M 35-39/67,M-35,337,4:22:21,48.24%
445,Steve Clark,"Costa Mesa, CA",623,4:21:58,10:00,M 55-59/21,M-55,338,4:22:59,55.57%
446,Donald Brueck,"El Segundo, CA",1054,4:21:58,10:00,M 55-59/22,M-57,339,4:22:43,56.58%
447,Gary Hilliard,"Sierra Madre, CA",381,4:22:00,10:00,M 50-54/45,M-52,340,4:22:26,54.18%
448,Kristi Monson,"Fountain Valley, CA",643,4:22:04,10:00,F 25-29/21,F-29,108,4:22:12,52.96%
449,Kelley Marcotte,"Chilliwack, BC",1256,4:22:20,10:01,F 40-44/21,F-44,109,4:23:08,57.52%
450,Gamal Balady,"Chatsworth, CA",267,4:22:22,10:01,M 50-54/46,M-51,341,4:24:28,53.67%
451,Christine Brown,"Mission Viejo, CA",874,4:22:24,10:01,F 50-54/8,F-53,110,4:23:10,62.99%
452,Patrick Dunlap,"Laguna Niguel, CA",480,4:22:39,10:02,M 25-29/22,M-28,342,4:38:00,47.84%
453,Norio Iwahori,"Los Angeles, CA",1005,4:22:41,10:02,F 40-44/22,F-44,111,4:23:33,57.44%
454,James Heczko,"Manhattan Beach, CA",764,4:22:55,10:02,M 40-44/58,M-41,343,4:23:20,49.85%
455,Tim Adams,"Deer Park, WI",1209,4:23:09,10:03,M 45-49/64,M-47,344,4:23:28,51.90%
456,Maria Bright,"Mission Viejo, CA",506,4:23:17,10:03,F 40-44/23,F-40,112,4:32:10,55.30%
457,Stephanie Mayor,"Placentia, CA",17,4:23:27,10:03,F 30-34/25,F-33,113,4:24:11,52.68%
458,Fausto Grajeda,"Los Angeles, CA",773,4:23:28,10:03,M 35-39/68,M-36,345,4:24:08,48.24%
459,Mark Jones,"Laguna Hills, CA",592,4:23:31,10:04,M 50-54/47,M-53,346,4:24:41,54.31%
460,Scott Fowler,"Altadena, CA",535,4:23:42,10:04,M 35-39/69,M-36,347,4:24:27,48.20%
461,Chris Sommer,"Huntington Beach, CA",444,4:23:43,10:04,M 40-44/59,M-42,348,4:24:39,50.03%
462,Andrew Nowland,"Rancho Santa Margarita, CA",1110,4:23:44,10:04,M 40-44/60,M-40,349,4:24:39,49.38%
463,Dean Yasutomi,"San Marcos, CA",578,4:23:57,10:05,M 45-49/65,M-46,350,4:24:30,51.37%
464,Eric Schmand,"Newport Beach, CA",318,4:24:04,10:05,M 50-54/48,M-51,351,4:25:16,53.32%
465,Michele Early,"Long Beach, CA",726,4:24:16,10:05,F 40-44/24,F-41,114,4:24:37,55.57%
466,Mara McGuin,"Denver, CO",707,4:24:17,10:05,F 25-29/22,F-25,115,4:25:21,52.52%
467,Gaby McQuitty,"Santa Maria, CA",687,4:24:37,10:06,F 65-69/1,F-69,116,4:25:20,77.66%
468,Stewart Rawlings,"Ladera Ranch, CA",1045,4:24:37,10:06,M 40-44/61,M-40,352,4:25:22,49.21%
469,Jason Park,"Aliso Viejo, CA",1197,4:24:38,10:06,M 35-39/70,M-35,353,4:25:23,47.75%
470,Monica Salazar,"Littleton, CO",519,4:24:45,10:06,F 18-24/7,F-21,117,4:24:53,54.11%
471,Andrew Altman,"Orange, CA",1024,4:24:52,10:07,M 50-54/49,M-52,354,4:25:02,53.59%
472,Luanne Wories,"Arvada, CO",723,4:24:54,10:07,F 18-24/8,F-23,118,4:25:58,53.00%
473,Jerry Jefferson,"San Juan Capistrano, CA",40,4:25:16,10:08,M 70-79/1,M-74,355,4:26:00,68.42%
474,Anne Kuiper,"Denver, CO",657,4:25:21,10:08,F 25-29/23,F-25,119,4:25:21,52.31%
475,Thomas Wilson,"Tujunga, CA",1264,4:25:39,10:08,M 45-49/66,M-49,356,4:26:27,52.18%
476,Silverio Rivas,"Alta Loma, CA",1333,4:25:43,10:09,M 45-49/67,M-49,357,4:26:31,52.17%
477,Pete Schneck,"Redondo Beach, CA",1008,4:25:54,10:09,M 35-39/71,M-35,358,4:26:20,47.52%
478,Alberto Ornelas,"Los Angeles, CA",908,4:26:02,10:09,M 40-44/62,M-41,359,4:27:13,49.27%
479,Betsy Wells,"Lafayette, CO",720,4:26:08,10:10,F 35-39/21,F-35,120,4:26:48,52.48%
480,Athena Bressel-Garrett,"Altadena, CA",638,4:26:13,10:10,F 50-54/9,F-51,121,4:26:59,60.75%
481,Liz Bennett,"Ventura, CA",1313,4:26:17,10:10,F 25-29/24,F-29,122,4:29:27,52.12%
482,Alex Vanichuk,"Langley, BC",1162,4:26:17,10:10,M 35-39/72,M-39,360,4:26:37,48.60%
483,Ray Mena,"Long Beach, CA",212,4:26:30,10:10,M 50-54/50,M-51,361,4:27:16,52.83%
484,Connie C Hong,"Fullerton, CA",943,4:26:34,10:10,F 45-49/11,F-49,123,4:27:19,59.42%
485,Lucy Wise,"Valley Lee, MD",1389,4:26:56,10:11,F 35-39/22,F-38,124,4:27:41,53.62%
486,Ally Ducker,"Shelton, WA",1280,4:27:14,10:12,F 01-17/1,F-17,125,4:28:08,56.46%
487,Breana Chavez,"Shelton, WA",1279,4:27:15,10:12,F 01-17/2,F-17,126,4:28:08,56.46%
488,Alan Hirasuna,"Simi Valley, CA",627,4:27:17,10:12,M 50-54/51,M-50,362,4:27:58,52.27%
489,John Schaap,"Louisville, KY",1171,4:27:27,10:13,M 55-59/23,M-59,363,4:28:17,56.48%
490,Hanh Huynh,"Canoga Park, CA",561,4:27:35,10:13,F 18-24/9,F-24,127,4:28:03,51.99%
491,J Taniguchi,"Huntington Beach, CA",1029,4:27:40,10:13,M 45-49/68,M-47,364,4:35:31,51.03%
492,Paul Jarmul,"Cary, NC",1146,4:28:03,10:14,M 50-54/52,M-53,365,4:29:09,53.39%
493,Sharon McNary,"Pasadena, CA",615,4:28:18,10:14,F 45-49/12,F-48,128,4:29:07,58.45%
494,Mark Robson,"Van Nuys, CA",1208,4:28:22,10:15,M 50-54/53,M-50,366,4:28:41,52.05%
495,Randy Kam,"Tehachapi, CA",622,4:28:42,10:15,M 45-49/69,M-49,367,4:29:27,51.59%
496,John Barcellona,"Huntington Beach, CA",715,4:28:44,10:15,M 55-59/24,M-59,368,4:30:13,56.21%
497,Paul Both,"Huntington Beach, CA",709,4:29:01,10:16,M 40-44/63,M-40,369,4:29:41,48.41%
498,Lisa Zick,"Lake Elsinore, CA",634,4:29:12,10:17,F 40-44/25,F-43,129,4:29:55,55.54%
499,Nehemiah Robinson,"Leesburg, VA",1392,4:29:15,10:17,M 40-44/64,M-44,370,4:30:00,49.66%
500,Todd King,"West Hills, CA",1292,4:29:20,10:17,M 45-49/70,M-45,371,4:29:47,49.99%
501,Meredith Peterson,"Annandale, VA",1383,4:29:22,10:17,F 18-24/10,F-24,130,4:29:58,51.65%
502,Jenny Gottbreht,"Seal Beach, CA",710,4:29:41,10:18,F 25-29/25,F-25,131,4:30:42,51.46%
503,Kevin Morrissette,"Los Angeles, CA",716,4:30:00,10:18,M 45-49/71,M-48,372,4:31:31,50.96%
504,David Emerson,"Dana Point, CA",647,4:30:04,10:19,M 45-49/72,M-49,373,4:30:54,51.33%
505,Ryan Wright,"Foothill Ranch, CA",1312,4:30:05,10:19,M 35-39/73,M-36,374,4:30:52,47.06%
506,Helena Lawrence,"Arlington, VA",1388,4:30:11,10:19,F 30-34/26,F-31,132,4:30:39,51.37%
507,Yasuyuki Unno,"Irvine, CA",429,4:30:11,10:19,M 40-44/65,M-43,375,4:30:43,49.16%
508,Sheri Okamoto,"Los Angeles, CA",608,4:30:21,10:19,F 45-49/13,F-47,133,4:31:18,57.43%
509,Melissa Montenegro,"Orange, CA",851,4:30:24,10:19,F 30-34/27,F-31,134,4:31:00,51.33%
510,Lorene Kong,"Irvine, CA",668,4:30:31,10:20,F 45-49/14,F-48,135,4:30:58,57.97%
511,Norm Santos,"Oxnard, CA",609,4:30:53,10:20,M 40-44/66,M-41,376,4:31:18,48.39%
512,Juli Liebler,"East Lansing, MI",1260,4:31:08,10:21,F 40-44/26,F-41,136,4:31:15,54.16%
513,Michael Kinsella,"Salt Lake City, UT",763,4:31:40,10:22,M 45-49/73,M-49,377,4:32:16,51.03%
514,Juan Gomez,"Marina, CA",624,4:31:49,10:23,M 30-34/47,M-31,378,4:32:46,46.22%
515,Gary Broadwater,"Bowie, MD",855,4:31:53,10:23,M 35-39/74,M-36,379,4:32:29,46.74%
516,Ralph Moy,"Surrey, BC",1033,4:31:55,10:23,M 55-59/25,M-58,380,4:32:15,55.02%
517,Michelle Landrith,"Orange, CA",1040,4:32:01,10:23,F 35-39/23,F-37,137,4:33:11,52.18%
518,Jennifer Paludi,"Santa Barbara, CA",463,4:32:05,10:23,F 18-24/11,F-23,138,4:32:31,51.60%
519,Dan Teodorescu,"Fountain Valley, CA",483,4:32:05,10:23,M 25-29/23,M-27,381,4:33:04,46.18%
520,Timothy Morgan,"Santa Maria, CA",921,4:32:09,10:23,M 30-34/48,M-30,382,4:32:46,46.17%
521,Nicol Tushla,"La Habra, CA",1048,4:32:17,10:24,F 35-39/24,F-37,139,4:32:49,52.13%
522,Kristi Balaam,"Huntington Beach, CA",1243,4:32:23,10:24,F 18-24/12,F-24,140,4:33:24,51.08%
523,James Fernandez,"Paramount, CA",949,4:32:24,10:24,M 30-34/49,M-31,383,4:33:08,46.12%
524,Decio Rangel,"Los Angeles, CA",632,4:32:27,10:24,M 40-44/67,M-40,384,4:33:38,47.80%
525,Anne Nguyen,"Redondo Beach, CA",682,4:32:27,10:24,F 40-44/27,F-41,141,4:33:38,53.90%
526,Veronica Caprara,"Laurel, MD",1387,4:32:27,10:24,F 40-44/28,F-42,142,4:33:05,54.38%
527,Vinnie Torres,"Pasadena, CA",409,4:32:39,10:24,M 30-34/50,M-32,385,4:33:19,46.08%
528,Jasper Mueller,"Salt Lake City, UT",1351,4:32:44,10:25,M 35-39/75,M-39,386,4:33:25,47.45%
529,Dan Calaguas,"Loma Linda, CA",564,4:33:11,10:26,M 50-54/54,M-51,387,4:33:34,51.54%
530,Jeff Lawrence,"Anaheim, CA",662,4:33:18,10:26,M 30-34/51,M-32,388,4:34:29,45.97%
531,Debbra Jacobs-Robinson,"Burbank, CA",599,4:33:18,10:26,F 55-59/1,F-55,143,4:34:01,61.86%
532,Natalie Dice,"Arvada, CO",754,4:33:28,10:26,F 18-24/13,F-24,144,4:34:32,50.88%
533,Samuel Gallagher,"Ladera Ranch, CA",520,4:33:32,10:26,M 40-44/68,M-42,389,4:34:10,48.23%
534,Bill Abbley,"Lomita, CA",1286,4:33:38,10:27,M 50-54/55,M-52,390,4:36:42,51.87%
535,Hayley McCowen,"Tustin, CA",1189,4:33:46,10:27,F 18-24/14,F-24,145,4:34:09,50.82%
536,Angela Barnum,"Santa Ana, CA",917,4:33:46,10:27,F 25-29/26,F-27,146,4:34:42,50.70%
537,Betsy Paskvan,"Anchorage, AK",633,4:33:49,10:27,F 40-44/29,F-42,147,4:34:30,54.11%
538,Rebecca Hesser,"Huntington Beach, CA",1212,4:34:18,10:28,F 18-24/15,F-24,148,4:35:03,50.72%
539,Terri Ingevaldsson,"Torrance, CA",339,4:34:48,10:29,F 40-44/30,F-40,149,4:34:58,52.98%
540,Mark Davenport,"Los Angeles, CA",684,4:34:49,10:29,M 30-34/52,M-32,391,4:36:02,45.72%
541,David Cook,"Encinitas, CA",148,4:35:09,10:30,M 55-59/26,M-59,392,4:36:01,54.90%
542,Colette Abbott,"Vermillion, SD",1064,4:35:31,10:31,F 50-54/10,F-50,150,4:36:13,58.09%
543,Colleen Vanloh,"Kansas City, MO",1089,4:35:31,10:31,F 50-54/11,F-50,151,4:36:13,58.09%
544,Kevin Phillips,"San Clemente, CA",271,4:35:43,10:31,M 45-49/74,M-48,393,4:36:12,49.90%
545,Becky Hamilton,"Boulder, CO",719,4:35:44,10:31,F 35-39/25,F-35,152,4:36:24,50.65%
546,Jeffrey Flory,"Huntington Beach, CA",644,4:36:20,10:33,M 35-39/76,M-37,394,4:37:13,46.27%
547,Conrad Carino,"Covina, CA",601,4:36:22,10:33,M 35-39/77,M-37,395,4:37:01,46.26%
548,Amy Daley,"Casper, WY",1245,4:36:24,10:33,F 50-54/12,F-51,153,4:36:57,58.51%
549,Gabriel Olszewski,"San Diego, CA",771,4:36:38,10:34,M 40-44/69,M-42,396,4:37:29,47.69%
550,Dan Sheeran,"Lakewood, CA",742,4:36:51,10:34,M 40-44/70,M-44,397,4:37:48,48.30%
551,James Sannebeck,"Yorba Linda, CA",1065,4:36:53,10:34,M 50-54/56,M-51,398,4:37:51,50.85%
552,Franklin Banzali,"Huntington Beach, CA",665,4:36:54,10:34,M 30-34/53,M-31,399,4:37:29,45.37%
553,Roger Salameh,"Roseville, CA",631,4:36:54,10:34,M 40-44/71,M-43,400,4:37:41,47.96%
554,Eddie Gonsalves,"Chino, CA",396,4:37:01,10:34,M 30-34/54,M-32,401,4:38:15,45.36%
555,Jeff Horton,"Huntington Beach, CA",1127,4:37:01,10:34,M 40-44/72,M-44,402,4:37:43,48.27%
556,Jim Macleod,"Long Beach, CA",147,4:37:04,10:35,M 40-44/73,M-41,403,4:37:58,47.31%
557,Michael Barber,"Anaheim, CA",384,4:37:12,10:35,M 25-29/24,M-28,404,4:37:59,45.32%
558,Julia Metcalfe,"Los Angeles, CA",848,4:37:12,10:35,F 18-24/16,F-19,154,4:38:24,52.92%
559,Joshua Peterson,"Covina, CA",808,4:37:14,10:35,M 30-34/55,M-33,405,4:37:55,45.32%
560,Mark Mangio,"Oceanside, CA",417,4:37:56,10:37,M 25-29/25,M-27,406,4:46:10,45.21%
561,Samir Shahin,"Los Angeles, CA",1334,4:38:15,10:37,M 45-49/75,M-49,407,4:38:49,49.82%
562,Christine Harrison,"Fallbrook, CA",516,4:38:23,10:38,F 45-49/15,F-48,155,4:39:31,56.33%
563,Shawn Harrison,"Fallbrook, CA",517,4:38:23,10:38,M 35-39/78,M-37,408,4:39:31,45.93%
564,Charles Pearce,"Huntington Beach, CA",689,4:38:34,10:38,M 55-59/27,M-58,409,4:40:02,53.71%
565,Rich Magnuson,"Glendale, CA",1032,4:38:49,10:39,M 45-49/76,M-48,410,4:39:41,49.35%
566,Michele Biagioni,"Santa Monica, CA",930,4:39:12,10:39,F 50-54/13,F-50,156,4:40:16,57.32%
567,Brian Busony,"Pacifica, CA",735,4:39:32,10:40,M 35-39/79,M-38,411,4:40:35,46.01%
568,Jason McClain,"Los Angeles, CA",655,4:39:35,10:40,M 35-39/80,M-36,412,4:40:17,45.46%
569,Patricia Garcia,"Vista, CA",554,4:39:50,10:41,F 45-49/16,F-47,157,4:40:43,55.48%
570,Roger Smith,"Ojai, CA",577,4:40:04,10:41,M 65-69/5,M-67,413,4:40:45,58.84%
571,Steve O'Neill,"Huntington Beach, CA",427,4:40:11,10:42,M 55-59/28,M-58,414,4:41:13,53.40%
572,Eric Teplitz,"Los Angeles, CA",1270,4:40:14,10:42,M 30-34/56,M-34,415,4:41:15,44.83%
573,William Mattson,"Newport Beach, CA",1323,4:40:16,10:42,M 60-64/7,M-62,416,4:40:48,55.55%
574,Ben Buckwalter,"Murray, UT",254,4:40:18,10:42,M 35-39/81,M-39,417,4:41:00,46.17%
575,Michelle Arbeitman,"Los Angeles, CA",1262,4:40:30,10:42,F 35-39/26,F-38,158,4:41:38,51.02%
576,Chris Boles,"Mission Viejo, CA",605,4:40:35,10:43,M 40-44/74,M-41,418,4:40:57,46.71%
577,Jessmar Basaca,"Long Beach, CA",1273,4:40:44,10:43,M 35-39/82,M-38,419,4:41:52,45.82%
578,George Border,"Huntington Beach, CA",1001,4:40:52,10:43,M 70-79/2,M-78,420,4:41:01,69.12%
579,Colette Simonds,"El Segundo, CA",641,4:40:52,10:43,F 55-59/2,F-59,159,4:41:38,63.20%
580,Linda Wanninger,"Noblesville, IN",449,4:40:57,10:43,F 35-39/27,F-37,160,4:41:50,50.52%
581,Viviana Ramirez,"Salt Lake City, UT",1178,4:41:10,10:44,F 35-39/28,F-36,161,4:41:56,50.07%
582,Connie Saqueton,"Las Vegas, NV",873,4:41:24,10:44,F 40-44/31,F-41,162,4:42:11,52.19%
583,Dwayne Angebrandt,"Santa Ana, CA",493,4:41:24,10:44,M 35-39/83,M-36,421,4:42:16,45.16%
584,Michael Sweeney,"Laguna Beach, CA",309,4:41:33,10:45,M 50-54/57,M-53,422,4:42:12,50.83%
585,Anne Jacobsen,"Culver City, CA",815,4:41:42,10:45,F 35-39/29,F-36,163,4:42:32,49.98%
586,Bri Caldara,"Federal Way, WA",988,4:41:53,10:46,F 25-29/27,F-26,164,4:42:41,49.24%
587,Fidelin Willybiro,"Huntington Beach, CA",1166,4:41:55,10:46,M 25-29/26,M-29,423,4:42:43,44.57%
588,Philip Toomey,"Torrance, CA",1158,4:42:02,10:46,M 50-54/58,M-52,424,4:42:50,50.33%
589,Laura Boyd,"Solana Beach, CA",556,4:42:04,10:46,F 45-49/17,F-49,165,4:42:57,56.16%
590,Jenna O'Connor,"Baltimore, MD",383,4:42:07,10:46,F 18-24/17,F-22,166,4:42:54,50.25%
591,Susan Duoblys,"Des Moines, IA",1137,4:42:23,10:47,F 50-54/14,F-52,167,4:43:00,57.89%
592,Carl Cox,"Lodi, CA",1322,4:42:47,10:48,M 50-54/59,M-53,425,4:43:03,50.61%
593,Edward Madigan,"Morongo Valley, CA",1106,4:42:57,10:48,M 55-59/29,M-55,426,4:43:43,51.45%
594,Robert Elorreaga,"Mission Viejo, CA",823,4:43:06,10:48,M 45-49/77,M-45,427,4:43:50,47.56%
595,Rick Shackelford,"Thousand Oaks, CA",768,4:43:25,10:49,M 40-44/75,M-43,428,4:44:19,46.86%
596,Robert Williams,"Marina Del Rey, CA",718,4:43:47,10:50,M 50-54/60,M-53,429,4:44:07,50.43%
597,David McKemy,"Westminster, CA",1261,4:43:53,10:50,M 35-39/84,M-38,430,4:45:01,45.31%
598,Thomas Warner,"Huntington Beach, CA",782,4:43:54,10:50,M 25-29/27,M-29,431,4:44:50,44.26%
599,Janet Burgess,"Renton, WA",1308,4:44:32,10:52,F 45-49/18,F-46,168,4:45:37,54.04%
600,Nadia Oenar,"Fullerton, CA",892,4:44:40,10:52,F 25-29/28,F-27,169,4:45:23,48.76%
601,Jaime Cabudol,"Las Vegas, NV",752,4:44:56,10:53,F 30-34/28,F-30,170,4:47:12,48.71%
602,Bill Ruebsamen,"Brea, CA",439,4:45:18,10:53,M 50-54/61,M-51,432,4:46:01,49.35%
603,Larissa Buso,"Aurora, CO",671,4:45:24,10:54,F 40-44/32,F-40,171,4:46:03,51.01%
604,Tuan Nguyen,"Santa Ana, CA",434,4:45:29,10:54,M 1-17/1,M-17,433,4:45:38,47.90%
605,Scott Browar,"Coarsegold, CA",1233,4:45:30,10:54,M 50-54/62,M-53,434,4:46:43,50.13%
606,Victoria Murphy,"Newport Beach, CA",659,4:45:31,10:54,F 30-34/29,F-30,172,4:46:19,48.61%
607,Doanh Nguyen,"Huntington Beach, CA",1004,4:45:32,10:54,M 40-44/76,M-42,435,4:45:41,46.21%
608,D'Ann Wilbur,"Minneapolis, MN",590,4:45:34,10:54,F 35-39/30,F-36,173,4:46:21,49.30%
609,Robert Borck,"Fremont, CA",399,4:45:46,10:54,M 35-39/85,M-39,436,4:46:25,45.29%
610,Regina Zumel,"Los Angeles, CA",781,4:45:49,10:55,F 35-39/31,F-35,174,4:46:48,48.87%
611,Laura Coapstick,"Virginia Beach, VA",713,4:45:52,10:55,F 30-34/30,F-33,175,4:46:39,48.55%
612,Esplender Marroquin,"Huntington Park, CA",264,4:45:52,10:55,M 35-39/86,M-39,437,4:46:11,45.27%
613,Hugo Mendez,"Oxnard, CA",980,4:45:53,10:55,M 45-49/78,M-46,438,4:48:42,47.43%
614,Michael Long,"Lakewood, CA",626,4:45:56,10:55,M 35-39/87,M-39,439,4:46:47,45.26%
615,Julie Long,"Lakewood, CA",625,4:45:56,10:55,F 30-34/31,F-34,176,4:46:47,48.54%
616,Frank Paskvan,"Anchorage, AK",582,4:46:01,10:55,M 40-44/77,M-42,440,4:46:42,46.13%
617,Ricardo Marquez,"La Puente, CA",1271,4:46:04,10:55,M 18-24/10,M-20,441,4:47:18,45.86%
618,Frances Castillo,"Huntington Beach, CA",1192,4:46:16,10:56,F 45-49/19,F-45,177,4:47:19,53.20%
619,Robert Gleckler,"Scottsdale, AZ",660,4:46:17,10:56,M 45-49/79,M-46,442,4:46:20,47.36%
620,John Williams,"Culver City, CA",1203,4:46:20,10:56,M 65-69/6,M-69,443,4:46:57,59.03%
621,Larry Freise,"Palmdale, CA",700,4:46:31,10:56,M 40-44/78,M-42,444,4:47:19,46.05%
622,Carmen Wisdom,"Redlands, CA",1111,4:46:31,10:56,F 40-44/33,F-43,178,4:47:18,52.18%
623,Caremelo Vaca,"Long Beach, CA",836,4:46:39,10:56,M 30-34/57,M-34,445,4:47:18,43.83%
624,Michelle Hetherington,"Huntington Beach, CA",804,4:46:51,10:57,F 40-44/34,F-42,179,4:47:31,51.65%
625,Scott Christensen,"San Diego, CA",737,4:47:00,10:57,M 40-44/79,M-42,446,4:48:04,45.97%
626,Tom Dugan,"Newport Beach, CA",1011,4:47:41,10:59,M 45-49/80,M-45,447,4:48:41,46.80%
627,Dempsy Chappell Ii,"Yucaipa, CA",484,4:47:43,10:59,M 35-39/88,M-36,448,4:48:26,44.17%
628,Ann Engstrom,"Kirkland, WA",739,4:47:45,10:59,F 45-49/20,F-48,180,4:48:14,54.49%
629,Stan Lowe,"Newport Beach, CA",13594,4:47:45,10:59,M 40-44/80,M-43,449,4:48:45,46.16%
630,Brenda Buckwalter,"Murray, UT",389,4:47:56,10:59,F 30-34/32,F-34,181,4:48:38,48.20%
631,Don Flaherty,"Huntington Beach, CA",699,4:48:08,11:00,M 50-54/63,M-50,450,4:49:02,48.48%
632,Brett Pangburn,"Huntington Beach, CA",3334,4:48:16,11:00,M 30-34/58,M-34,451,4:48:35,43.58%
633,Elizabeth Graham,"Santa Monica, CA",302,4:48:23,11:00,F 18-24/18,F-24,182,4:48:36,48.24%
634,Scott Engelman,"Santa Barbara, CA",494,4:48:26,11:01,M 35-39/89,M-35,452,4:49:27,43.81%
635,Regina Roberts,"Long Beach, CA",677,4:48:28,11:01,F 45-49/21,F-49,183,4:49:29,54.91%
636,James Donahue,"Huntington Beach, CA",1176,4:48:42,11:01,M 30-34/59,M-33,453,4:49:52,43.52%
637,Erica Donahue,"Huntington Beach, CA",1177,4:48:42,11:01,F 25-29/29,F-27,184,4:49:52,48.07%
638,Cedric Caagbay,"Honolulu, HI",870,4:48:45,11:01,M 30-34/60,M-32,454,4:49:53,43.51%
639,Ginger Lassy,"Los Angeles, CA",1042,4:48:47,11:01,F 60-64/1,F-64,185,4:49:03,65.80%
640,Colleen Iacofano,"Painesville, OH",732,4:48:47,11:01,F 50-54/15,F-51,186,4:49:38,56.00%
641,James De Jesus,"Redondo Beach, CA",190,4:49:20,11:03,M 35-39/90,M-36,455,4:50:09,43.93%
642,Patricia Stiles,"Folsom, CA",529,4:49:38,11:03,F 40-44/35,F-41,187,4:50:20,50.70%
643,Gerrett Snediker,"Huntington Beach, CA",974,4:49:39,11:03,M 25-29/28,M-26,456,4:49:47,43.38%
644,Edwin Clement,"Corona, CA",1119,4:49:46,11:04,M 30-34/61,M-32,457,4:50:27,43.36%
645,Ludmila Bojman,"Santa Monica, CA",675,4:50:32,11:05,F 55-59/3,F-55,188,4:51:21,58.19%
646,John Stark,"Danville, CA",461,4:50:36,11:06,M 40-44/81,M-42,458,4:51:51,45.40%
647,Daniel Perez,"South Gate, CA",803,4:50:44,11:06,M 25-29/29,M-25,459,4:51:04,43.22%
648,Marappa Gopinath,"Tustin, CA",729,4:50:52,11:06,M 55-59/30,M-59,460,4:51:31,51.93%
649,Joseph Fung,"El Segundo, CA",1249,4:50:53,11:06,M 45-49/81,M-46,461,4:51:24,46.62%
650,Mai Nguyen,"Buena Park, CA",1248,4:50:54,11:06,F 40-44/36,F-44,189,4:51:24,51.87%
651,Jody Callihan,"Huntington Beach, CA",152,4:51:07,11:07,M 45-49/82,M-45,462,4:52:36,46.25%
652,Kevin Lynch,"Thousand Oaks, CA",749,4:51:11,11:07,M 35-39/91,M-37,463,4:51:49,43.91%
653,Frank Camacho,"Costa Mesa, CA",1174,4:51:18,11:07,M 35-39/92,M-37,464,4:52:11,43.89%
654,Alfred Lopez,"Temple City, CA",772,4:51:20,11:07,M 50-54/64,M-52,465,4:52:25,48.72%
655,Wilson Liu,"Arcadia, CA",1216,4:51:24,11:07,M 45-49/83,M-49,466,4:52:14,47.57%
656,Mitchell Chan,"La Mirada, CA",1105,4:51:47,11:08,M 30-34/62,M-31,467,4:53:02,43.06%
657,Frank Boyle,"Woodland Hills, CA",310,4:52:23,11:10,M 35-39/93,M-39,468,4:55:04,44.26%
658,Dave Jacobs-Robinson,"Burbank, CA",510,4:52:26,11:10,M 60-64/8,M-60,469,4:53:24,52.16%
659,Cassandra Johnson,"Huntington Beach, CA",779,4:52:27,11:10,F 60-64/2,F-60,190,4:53:05,61.48%
660,Frank Jilek Iii,"Orange, CA",428,4:52:29,11:10,M 45-49/84,M-49,470,4:53:29,47.40%
661,Samuel Mehr,"Henderson, NV",131,4:52:32,11:10,M 25-29/30,M-27,471,4:53:01,42.95%
662,Mindi Mehr,"Henderson, NV",299,4:52:32,11:10,F 25-29/30,F-29,191,4:53:01,47.44%
663,Robert Steffan,"Brea, CA",1235,4:52:36,11:10,M 40-44/82,M-42,472,4:53:43,45.09%
664,Erin Foley,"Huntington Beach, CA",826,4:52:56,11:11,F 25-29/31,F-25,192,4:53:57,47.38%
665,Sheila Galinsky,"Camarillo, CA",731,4:52:59,11:11,F 60-64/3,F-61,193,4:54:05,62.19%
666,Robert Moreno,"Tustin, CA",15,4:53:09,11:11,M 35-39/94,M-38,473,4:53:53,43.88%
667,Sandy Martin,"Rancho Santa Margarita, CA",829,4:53:30,11:12,F 50-54/16,F-50,194,4:54:40,54.53%
668,Chris Bruning,"Fountain Valley, CA",714,4:53:41,11:13,M 50-54/65,M-50,474,4:54:34,47.57%
669,Carlos Lucas,"Garden Grove, CA",549,4:53:49,11:13,M 25-29/31,M-27,475,4:53:54,42.76%
670,Sam Taylor,"Mahomet, IL",770,4:54:17,11:14,M 30-34/63,M-32,476,4:54:44,42.69%
671,Lucia Williams,"Marina Del Rey, CA",717,4:54:17,11:14,F 50-54/17,F-52,195,4:54:37,55.55%
672,Facundo Alvarez,"Buenos Aires, ",738,4:54:33,11:15,M 30-34/64,M-31,477,4:55:38,42.66%
673,David Quezada,"Dana Point, CA",952,4:54:36,11:15,M 35-39/95,M-37,478,5:00:28,43.40%
674,Phillip Luong,"Costa Mesa, CA",825,4:54:42,11:15,M 40-44/83,M-44,479,4:58:32,45.37%
675,Andre Munoz,"Glendale, CA",863,4:54:48,11:15,M 30-34/65,M-30,480,4:55:36,42.62%
676,Keith Stevens,"Hawthorne, CA",862,4:54:49,11:15,M 35-39/96,M-37,481,4:55:37,43.37%
677,John Scott,"Garden Grove, CA",1047,4:55:03,11:16,M 40-44/84,M-42,482,4:56:04,44.72%
678,Marina White,"Isla Vista, CA",783,4:55:31,11:17,F 18-24/19,F-20,196,4:56:37,49.03%
679,Dale Raymond,"Mira Loma, CA",569,4:55:43,11:17,F 50-54/18,F-52,197,4:56:57,55.28%
680,Peggy Beth,"Costa Mesa, CA",654,4:55:48,11:17,F 50-54/19,F-54,198,4:56:46,56.51%
681,James Simpson,"Huntington Beach, CA",1274,4:56:30,11:19,M 65-69/7,M-65,483,4:57:11,54.28%
682,Krystal Butson,"Huntington Beach, CA",734,4:56:37,11:19,F 18-24/20,F-20,199,4:56:46,48.85%
683,Jordan Weinshank,"Huntington Beach, CA",531,4:56:41,11:19,M 18-24/11,M-24,484,4:58:00,42.55%
684,Michael Coursey,"Rancho Santa Margarita, CA",532,4:56:41,11:19,M 35-39/97,M-37,485,4:58:00,43.09%
685,Steve Park,"Anaheim, CA",784,4:56:44,11:20,M 35-39/98,M-36,486,4:57:51,42.83%
686,James Alvarado,"Huntington Beach, CA",1179,4:57:01,11:20,M 25-29/32,M-25,487,4:57:01,42.30%
687,Wan-Fan Feng,"Saratoga, CA",1272,4:57:05,11:20,F 40-44/37,F-42,200,4:58:15,49.87%
688,Molly Sweet,"Toluca Lake, CA",847,4:57:07,11:20,F 18-24/21,F-24,201,4:58:14,46.83%
689,Ashleii Kim,"Huntington Beach, CA",107,4:57:12,11:21,F 30-34/33,F-34,202,4:57:37,46.70%
690,Cynthia Smith,"Venice, CA",765,4:57:12,11:21,F 50-54/20,F-52,203,4:58:15,55.01%
691,Annaliisa Readman,"San Diego, CA",857,4:57:13,11:21,F 25-29/32,F-27,204,4:58:02,46.70%
692,Jigar Khant,"Anaheim, CA",973,4:57:14,11:21,M 25-29/33,M-28,488,4:57:24,42.27%
693,Ben Glaraga,"Rancho Santa Margarita, CA",750,4:57:17,11:21,M 35-39/99,M-35,489,4:58:21,42.50%
694,Lauren Mueller,"Mission Viejo, CA",11,4:57:22,11:21,F 55-59/4,F-56,205,4:58:24,57.53%
695,George Salameh,"Los Angeles, CA",679,4:57:26,11:21,M 35-39/100,M-37,490,4:58:12,42.98%
696,Tim Davis,"Pasadena, CA",746,4:57:43,11:22,M 30-34/66,M-32,491,4:57:57,42.20%
697,Kyle Fritsch,"Denver, CO",541,4:57:47,11:22,M 35-39/101,M-38,492,4:58:44,43.19%
698,Behdad Payami,"Huntington Beach, CA",968,4:57:49,11:22,M 45-49/85,M-47,493,4:58:19,45.86%
699,Robert Mignosa,"Huntington Beach, CA",18,4:57:49,11:22,M 55-59/31,M-57,494,4:58:51,49.77%
700,Elizabeth Springborn,"Pasadena, CA",840,4:57:55,11:22,F 30-34/34,F-33,206,4:59:03,46.59%
701,Michael Gartner,"Irvine, CA",902,4:58:04,11:23,M 25-29/34,M-26,495,4:58:40,42.15%
702,Jenny Bravo,"Huntington Beach, CA",1275,4:58:07,11:23,F 35-39/32,F-38,207,4:59:13,48.01%
703,Fred Valenzuela,"Westminster, CA",774,4:58:15,11:23,M 35-39/102,M-36,496,4:59:17,42.61%
704,Renee Morris,"Altadena, CA",611,4:58:21,11:23,F 25-29/33,F-27,208,4:58:46,46.52%
705,Kimberly Shipman,"Irvine, CA",618,4:58:43,11:24,F 30-34/35,F-32,209,4:59:39,46.46%
706,Aron Swyers,"Highlands Ranch, CO",1390,4:58:44,11:24,M 30-34/67,M-33,497,4:59:55,42.06%
707,Bill Espinosa,"Irvine, CA",1070,4:58:45,11:24,M 55-59/32,M-59,498,4:59:41,50.56%
708,Peter Starodub,"Rancho Palos Verdes, CA",865,4:58:48,11:24,M 60-64/9,M-60,499,4:59:28,51.05%
709,Dan Rowley,"Westminster, CA",1266,4:58:57,11:25,M 50-54/66,M-50,500,5:00:01,46.73%
710,Mary Wilvert,"Huntington Beach, CA",830,4:59:03,11:25,F 60-64/4,F-62,210,4:59:15,61.77%
711,John Mireles,"Long Beach, CA",580,4:59:17,11:25,M 45-49/86,M-49,501,4:59:56,46.32%
712,Charlie Alewine,"Diamond Bar, CA",1076,4:59:26,11:26,M 60-64/10,M-61,502,4:59:54,51.46%
713,Michael Chapman,"Pittsburgh, PA",294,4:59:28,11:26,M 30-34/68,M-30,503,5:00:15,41.95%
714,Dolan McMillan,"Evanston, IL",673,4:59:30,11:26,M 35-39/103,M-35,504,5:00:14,42.19%
715,Tammy Zweiacher,"Ponca City, OK",102,4:59:34,11:26,F 40-44/38,F-43,211,5:00:10,49.91%
716,Ashley Mott,"Frisco, TX",635,4:59:34,11:26,F 25-29/34,F-25,212,5:00:10,46.33%
717,Todd Gustafson,"San Diego, CA",314,4:59:51,11:27,M 30-34/69,M-33,505,5:00:08,41.90%
718,Marlin Solo,"Yorba Linda, CA",906,4:59:53,11:27,F 35-39/33,F-37,213,5:00:47,47.33%
719,Michael Biagi,"Fullerton, CA",1152,5:00:02,11:27,M 40-44/85,M-43,506,5:01:05,44.27%
720,Marla Biagi,"Fullerton, CA",1153,5:00:03,11:27,F 40-44/39,F-43,214,5:01:06,49.83%
721,Jeniffer Alcaide,"Piedmont, CA",797,5:01:05,11:29,F 30-34/36,F-33,215,5:02:13,46.10%
722,Wayne Hooper,"Rancho Santa Fe, CA",1002,5:01:05,11:30,M 55-59/33,M-57,507,5:01:05,49.23%
723,Abigail Coursolle,"Los Angeles, CA",879,5:01:07,11:30,F 25-29/35,F-26,216,5:02:19,46.09%
724,Bonnie Hooper,"Rancho Santa Fe, CA",1003,5:01:07,11:30,F 55-59/5,F-55,217,5:01:07,56.15%
725,Cori Leone,"Orange, CA",756,5:01:08,11:30,F 50-54/21,F-52,218,5:01:54,54.29%
726,Richard Vander Tuig,"Tulare, CA",501,5:01:12,11:30,M 55-59/34,M-58,508,5:01:44,49.67%
727,Kathleen Jagiello,"Rancho Santa Margarita, CA",824,5:01:14,11:30,F 40-44/40,F-41,219,5:02:30,48.75%
728,Julia Ahlswede,"Walnut Creek, CA",106,5:01:19,11:30,F 30-34/37,F-34,220,5:02:24,46.06%
729,Kathryne Feng,"Santa Fe, NM",916,5:02:22,11:32,F 35-39/34,F-36,221,5:03:32,46.56%
730,Daphne Feng,"Newbury Park, CA",1269,5:02:22,11:32,F 35-39/35,F-38,222,5:03:32,47.34%
731,Brian Ebert,"New York, NY",755,5:02:22,11:32,M 35-39/104,M-37,509,5:03:26,42.28%
732,Jonathan Geller,"Canyon Country, CA",613,5:02:26,11:33,M 30-34/70,M-33,510,5:03:15,41.54%
733,Johnson Lane,"Temecula, CA",708,5:02:49,11:33,M 35-39/105,M-36,511,5:03:37,41.97%
734,Faith Morris,"Laguna Niguel, CA",10,5:02:52,11:34,F 50-54/22,F-50,223,5:03:55,52.84%
735,Craig Brandon,"Clovis, CA",583,5:02:56,11:34,M 40-44/86,M-44,512,5:03:56,44.14%
736,Branden Burch,"Huntington Beach, CA",352,5:03:36,11:35,M 18-24/12,M-20,513,5:20:55,43.21%
737,Jim Grimes,"Huntington Beach, CA",1034,5:03:51,11:36,M 55-59/35,M-57,514,5:05:01,48.78%
738,Bonnie Yeung,"Alameda, CA",881,5:04:08,11:36,F 25-29/36,F-25,224,5:05:16,45.63%
739,Trena Mertlich,"Henderson, NV",300,5:04:12,11:37,F 25-29/37,F-26,225,5:04:41,45.62%
740,Steve Chapman,"Bountiful, UT",616,5:05:06,11:39,M 50-54/67,M-53,515,5:06:11,46.91%
741,Elijah Buck,"Los Angeles, CA",581,5:05:53,11:40,M 25-29/35,M-26,516,5:06:59,41.07%
742,Arnie Higa,"Long Beach, CA",849,5:06:24,11:42,M 45-49/87,M-47,517,5:07:36,44.58%
743,Rich Hale,"Corona, CA",469,5:06:38,11:42,M 45-49/88,M-45,518,5:20:20,43.91%
744,Mark Morales,"Lakewood, CA",850,5:06:55,11:43,M 30-34/71,M-32,519,5:08:05,40.94%
745,John Gazdik,"Long Beach, CA",743,5:06:57,11:43,M 55-59/36,M-56,520,5:07:28,47.85%
746,Erica Meyer,"North Hollywood, CA",728,5:07:51,11:45,F 18-24/22,F-22,226,5:08:58,46.05%
747,Julie Espinosa,"Los Angeles, CA",877,5:08:06,11:46,F 45-49/22,F-47,227,5:09:31,50.39%
748,Kelly Yokoe,"Huntington Beach, CA",775,5:08:10,11:46,M 35-39/106,M-35,521,5:09:22,41.00%
749,Alden Velez,"Huntington Beach, CA",563,5:08:17,11:46,M 25-29/36,M-27,522,5:09:35,40.75%
750,Mike Vucinic,"Huntington Beach, CA",1107,5:08:20,11:46,M 45-49/89,M-45,523,5:08:45,43.67%
751,Kelly Irwin,"Fresno, CA",748,5:09:16,11:48,F 40-44/41,F-43,228,5:09:51,48.34%
752,William Roble,"Costa Mesa, CA",1217,5:09:32,11:49,M 40-44/87,M-42,524,5:10:03,42.62%
753,Somchai Sinkarjarern,"Rowland Heights, CA",864,5:10:01,11:50,M 55-59/37,M-56,525,5:11:09,47.38%
754,Lawrence Liu,"Arcadia, CA",393,5:10:41,11:51,M 30-34/72,M-31,526,5:11:46,40.44%
755,Carmen Jan,"Huntington Beach, CA",1099,5:10:58,11:52,F 30-34/38,F-32,229,5:11:36,44.63%
756,Steven Short,"Mission Viejo, CA",759,5:11:15,11:53,M 45-49/90,M-48,527,5:12:09,44.20%
757,Mark Abend,"Huntington Beach, CA",579,5:11:16,11:53,M 35-39/107,M-38,528,5:12:10,41.32%
758,Patrick Gleason,"Costa Mesa, CA",685,5:11:17,11:53,M 35-39/108,M-36,529,5:12:10,40.83%
759,Brent Richins,"Temecula, CA",758,5:11:17,11:53,M 50-54/68,M-52,530,5:12:10,45.60%
760,Paul Swanson,"Perris, CA",502,5:11:17,11:53,M 45-49/91,M-46,531,5:12:10,43.56%
761,Warren Ward,"Simi Valley, CA",712,5:11:31,11:53,M 35-39/109,M-38,532,5:12:32,41.29%
762,Gerald Fineman,"Murrieta, CA",472,5:12:09,11:55,M 40-44/88,M-44,533,5:13:06,42.84%
763,Scott Underhill,"Huntington Beach, CA",462,5:12:09,11:55,M 50-54/69,M-50,534,5:13:06,44.75%
764,Guy Pittman,"Riverside, CA",477,5:12:09,11:55,M 45-49/92,M-45,535,5:13:07,43.13%
765,Chae Bramlett,"San Pedro, CA",802,5:12:47,11:56,F 55-59/6,F-55,230,5:13:29,54.05%
766,Aimee Wright,"Fullerton, CA",652,5:13:12,11:57,F 25-29/38,F-25,231,5:13:44,44.31%
767,Stanley Polski,"Fullerton, CA",672,5:13:13,11:57,M 70-79/3,M-73,536,5:13:51,57.07%
768,Carl Glim,"Huntington Beach, CA",886,5:13:29,11:58,M 50-54/70,M-52,537,5:14:39,45.28%
769,John Preisser,"Parker, CO",740,5:13:33,11:58,M 35-39/110,M-37,538,5:14:30,40.77%
770,James Palmer,"Westminster, CA",777,5:13:34,11:58,M 40-44/89,M-44,539,5:14:28,42.64%
771,Margarita Hodge,"La Verne, CA",909,5:13:50,11:59,F 40-44/42,F-43,232,5:15:13,47.64%
772,Ronald Kenyon,"Orange, CA",688,5:13:50,11:59,M 65-69/8,M-65,540,5:14:38,51.28%
773,David Kellerman,"Wilton, NY",367,5:14:13,12:00,M 40-44/90,M-43,541,5:14:43,42.27%
774,Dana Kellerman,"Wilton, NY",368,5:14:13,12:00,F 35-39/36,F-36,233,5:14:43,44.81%
775,Jaime Weyman,"Downey, CA",610,5:14:30,12:00,M 35-39/111,M-39,542,5:15:05,41.15%
776,Victoria Bundy,"Chino, CA",1010,5:14:40,12:01,F 30-34/39,F-31,234,5:15:43,44.11%
777,Tracy Vasquez,"Brea, CA",1039,5:14:46,12:01,F 45-49/23,F-49,235,5:15:54,50.32%
778,Philip Rizzo,"Huntington Beach, CA",183,5:14:59,12:01,M 30-34/73,M-32,543,5:15:37,39.89%
779,Timothy Jackson,"Huntington Beach, CA",835,5:15:09,12:02,M 40-44/91,M-41,544,5:16:01,41.59%
780,Gerry Ong,"Monterey Park, CA",807,5:15:09,12:02,M 35-39/112,M-37,545,5:15:27,40.57%
781,Mark Tsai,"Ladera Ranch, CA",733,5:16:01,12:04,M 35-39/113,M-37,546,5:16:46,40.46%
782,Ellen Demsky,"Tarzana, CA",670,5:16:08,12:04,F 65-69/2,F-66,236,5:16:58,61.94%
783,Desari Herrera,"Tempe, AZ",512,5:16:42,12:05,F 35-39/37,F-36,237,5:17:16,44.46%
784,Sonja Leigh,"Newport Beach, CA",619,5:16:50,12:06,F 35-39/38,F-38,238,5:17:33,45.17%
785,Andrew Youssef,"Huntington Beach, CA",828,5:16:54,12:06,M 30-34/74,M-31,547,5:17:59,39.65%
786,John Adams,"Santa Ana, CA",894,5:16:58,12:06,M 25-29/37,M-29,548,5:17:58,39.64%
787,Bill Boronow,"Madison, AL",1385,5:17:06,12:06,M 50-54/71,M-52,549,5:17:44,44.76%
788,Claudia Fuentes,"Montclair, CA",869,5:17:27,12:07,F 25-29/39,F-29,239,5:18:41,43.72%
789,Kent Hamilton,"Belmont, CA",854,5:18:09,12:09,M 55-59/38,M-56,550,5:19:15,46.17%
790,Seth Weil,"Anaheim, CA",950,5:18:29,12:09,M 30-34/75,M-31,551,5:19:29,39.45%
791,Annie Feng,"Austin, TX",656,5:18:56,12:10,F 30-34/40,F-30,240,5:20:00,43.52%
792,Patricia Orman,"Tustin, CA",792,5:19:08,12:11,F 45-49/24,F-46,241,5:20:27,48.18%
793,Gerald Campbell,"San Clemente, CA",786,5:19:15,12:11,M 55-59/39,M-59,552,5:20:12,47.31%
794,Maria Diaz,"Los Angeles, CA",839,5:19:23,12:11,F 30-34/41,F-30,242,5:20:12,43.46%
795,Roselle Martinez,"Phillips Ranch, CA",838,5:19:24,12:11,F 25-29/40,F-28,243,5:20:13,43.45%
796,Erika Baker,"Moscow, ID",1220,5:20:35,12:14,F 25-29/41,F-29,244,5:35:47,43.29%
797,Louis Mo,"La Crescenta, CA",1246,5:20:38,12:14,M 40-44/92,M-43,553,5:21:29,41.42%
798,Jeri Jorgenson,"Garden Grove, CA",1098,5:21:47,12:17,F 45-49/25,F-49,245,5:22:42,49.22%
799,Miguel Hernandez,"Whittier, CA",1253,5:21:57,12:17,M 35-39/114,M-38,554,5:23:11,39.95%
800,Bonnie Lytle,"Huntington Beach, CA",1180,5:22:19,12:18,F 45-49/26,F-45,246,5:23:13,47.25%
801,Susan Bouris,"Downey, CA",953,5:22:20,12:18,F 60-64/5,F-62,247,5:23:35,57.31%
802,Bryan Somen,"Santa Ana, CA",390,5:22:32,12:19,M 45-49/93,M-46,555,5:23:30,42.04%
803,Nicole Hansen,"Huntington Beach, CA",1175,5:22:52,12:19,F 25-29/42,F-28,248,5:23:17,42.99%
804,Ali Salehifar,"Pleasanton, CA",325,5:23:12,12:20,M 35-39/115,M-36,556,5:35:14,39.32%
805,June Sabo,"Foothill Ranch, CA",344,5:23:29,12:21,F 40-44/43,F-41,249,5:24:19,45.40%
806,Charles Brower Ii,"Lake Forest, CA",1149,5:23:40,12:21,M 35-39/116,M-35,557,5:24:55,39.04%
807,Jacqueline Chang,"Pacific Grove, CA",799,5:24:10,12:22,F 40-44/44,F-41,250,5:24:53,45.30%
808,Lawrence Bird Iii,"Hesperia, CA",612,5:24:15,12:22,M 45-49/94,M-45,558,5:24:36,41.52%
809,Jason Hong,"Placentia, CA",256,5:25:48,12:26,M 35-39/117,M-35,559,5:27:02,38.78%
810,William Go,"Irvine, CA",105,5:25:52,12:26,M 30-34/76,M-31,560,5:27:03,38.56%
811,Ed Narvaez,"Irvine, CA",141,5:25:54,12:26,M 35-39/118,M-39,561,5:27:03,39.71%
812,Michael Smith,"Huntington Beach, CA",1252,5:26:00,12:27,M 50-54/72,M-54,562,5:26:59,44.27%
813,Patrick Smith,"Kansas City, MO",800,5:26:00,12:27,M 45-49/95,M-49,563,5:26:59,42.52%
814,Karen Hutson,"Lakewood, CO",883,5:26:22,12:27,F 40-44/45,F-41,251,5:27:33,45.00%
815,Timothy Cann,"Foothill Ranch, CA",1090,5:26:42,12:28,M 40-44/93,M-44,564,5:27:52,40.93%
816,Edgar Toh,"Huntington Beach, CA",663,5:26:49,12:28,M 35-39/119,M-35,565,5:27:52,38.66%
817,Lisa Nielson,"Henderson, NV",868,5:26:56,12:29,F 25-29/43,F-29,252,5:27:59,42.45%
818,Nancy Tseng,"Arlington, VA",24,5:27:04,12:29,F 25-29/44,F-27,253,5:27:33,42.43%
819,Sable Cantus,"Redondo Beach, CA",876,5:27:14,12:29,M 30-34/77,M-32,566,5:30:41,38.39%
820,Elena Reyes,"Fullerton, CA",109,5:27:25,12:30,F 50-54/23,F-52,254,5:28:13,49.93%
821,Gwen Connolly,"Clovis, CA",747,5:27:31,12:30,F 35-39/39,F-39,255,5:28:06,44.07%
822,Regina Apigo,"Sherman Oaks, CA",834,5:27:37,12:30,F 35-39/40,F-35,256,5:28:43,42.63%
823,Danny Fernandez,"Tustin, CA",821,5:27:40,12:30,M 30-34/78,M-34,567,5:28:55,38.34%
824,Maureen Hoang,"Newport Beach, CA",1116,5:28:05,12:31,F 30-34/42,F-30,257,5:29:08,42.30%
825,Bj Rhodes,"Tustin, CA",798,5:28:10,12:31,F 50-54/24,F-50,258,5:29:29,48.77%
826,Michael Swanson,"Plymouth, MN",741,5:28:22,12:32,M 55-59/40,M-55,568,5:29:09,44.33%
827,Adam Crook,"Lake Forest, CA",648,5:28:26,12:32,M 25-29/38,M-25,569,5:28:52,38.25%
828,Ellis Ninonuevo,"Irvine, CA",683,5:28:30,12:32,F 40-44/46,F-44,259,5:37:22,45.93%
829,Steve Hwang,"Santa Ana, CA",882,5:28:33,12:32,M 60-64/11,M-64,570,5:29:24,48.43%
830,Richard Perruccio,"Huntington Beach, CA",858,5:28:39,12:33,M 50-54/73,M-51,571,5:29:04,42.84%
831,David Graves,"Highland, CA",812,5:29:26,12:34,M 40-44/94,M-40,572,5:30:30,39.53%
832,Daniel Nelson,"Huntington Beach, CA",455,5:30:00,12:36,M 30-34/79,M-33,573,5:30:00,38.07%
833,Carl Rogers,"Norwalk, CA",761,5:30:19,12:36,M 50-54/74,M-53,574,5:31:15,43.33%
834,Michele Farmer,"Huntington Beach, CA",1218,5:30:21,12:36,F 40-44/47,F-43,260,5:31:34,45.26%
835,Charles Sayles,"Glendale, CA",982,5:30:23,12:37,M 70-79/4,M-70,575,5:31:28,51.84%
836,Susan Dao,"West Covina, CA",1052,5:31:13,12:38,F 45-49/27,F-48,261,5:32:14,47.34%
837,Eric Akau,"Fountain Valley, CA",690,5:31:51,12:40,M 45-49/96,M-46,576,5:32:50,40.86%
838,David Bourne,"San Luis Obispo, CA",871,5:32:37,12:42,M 60-64/12,M-62,577,5:33:53,46.81%
839,Denise Dulaigh,"Parker, CO",724,5:32:50,12:42,F 35-39/41,F-37,262,5:33:37,42.65%
840,Scott Rittenhouse,"Fountain Valley, CA",680,5:32:54,12:42,M 18-24/13,M-24,578,5:35:29,37.92%
841,Rhonda Cox,"Los Angeles, CA",859,5:34:03,12:45,F 40-44/48,F-42,263,5:34:42,44.35%
842,Kazuhide Okumura,"Los Angeles, CA",1027,5:35:11,12:48,M 60-64/13,M-63,579,5:36:03,46.95%
843,Criztina Jean,"Fort Irwin, CA",1314,5:35:43,12:49,F 35-39/42,F-38,264,5:37:48,42.63%
844,Tonya Mauldin,"Anaheim, CA",1091,5:35:54,12:49,F 55-59/7,F-59,265,5:37:15,52.85%
845,Jerry Giragossian,"Huntington Beach, CA",1277,5:35:56,12:49,M 60-64/14,M-63,580,5:36:45,46.85%
846,Tom Tran,"Buena Park, CA",814,5:36:16,12:50,M 18-24/14,M-24,581,5:36:45,37.54%
847,Lilibeth Babiera,"Azusa, CA",985,5:37:11,12:52,F 35-39/43,F-39,266,5:38:18,42.81%
848,Dorothy Strand,"Orange, CA",1018,5:37:13,12:52,F 65-69/3,F-67,267,5:38:20,58.98%
849,Carol Cohen,"Miami Beach, FL",1375,5:37:19,12:52,F 30-34/43,F-30,268,5:38:20,41.15%
850,Christy Belknap,"Saugus, CA",942,5:37:59,12:54,F 30-34/44,F-31,269,5:38:46,41.06%
851,Nicole White,"Breckenridge, CO",298,5:38:56,12:56,F 30-34/45,F-34,270,5:39:09,40.95%
852,Holly McDonald,"Long Beach, CA",880,5:39:03,12:56,F 35-39/44,F-37,271,5:39:19,41.87%
853,Michael Hoodman,"Huntington Beach, CA",1073,5:40:05,12:59,M 50-54/75,M-52,582,5:41:27,41.74%
854,Shari Wynd,"Calgary, ",1247,5:40:18,12:59,F 40-44/49,F-40,272,5:41:32,42.78%
855,William Malecki,"Irvine, CA",1215,5:40:36,13:00,M 40-44/95,M-42,583,5:41:45,38.73%
856,Monica Wolfson,"Windsor, ",805,5:40:51,13:01,F 35-39/45,F-37,273,5:41:55,41.64%
857,Jeanette Roostai,"Yucaipa, CA",927,5:41:00,13:01,F 60-64/6,F-64,274,5:41:44,55.73%
858,Sheena Smith,"Tucson, AZ",903,5:41:52,13:03,F 25-29/45,F-29,275,5:43:02,40.60%
859,Michael Pang,"Porter Ranch, CA",1194,5:42:03,13:03,M 70-79/5,M-71,584,5:42:10,50.77%
860,Lawrence Block,"New York, NY",919,5:42:59,13:05,M 65-69/9,M-68,585,5:44:20,48.65%
861,Krista Kirby,"Madison, WI",816,5:43:47,13:07,F 25-29/46,F-27,276,5:44:55,40.37%
862,Juan Arias,"Downey, CA",1173,5:43:54,13:07,M 30-34/80,M-32,586,5:44:39,36.53%
863,Kim Valenzuela,"Orange, CA",1084,5:44:31,13:09,F 40-44/50,F-43,277,5:45:26,43.40%
864,Guy Buker,"Huntington Beach, CA",492,5:44:33,13:09,M 40-44/96,M-42,587,5:45:49,38.29%
865,Arthur Barela,"Monterey Park, CA",984,5:44:37,13:09,M 55-59/41,M-57,588,5:45:44,43.01%
866,Elizabeth Hernandez,"Marina Del Rey, CA",373,5:46:38,13:14,F 35-39/46,F-39,278,5:47:04,41.64%
867,Bret Nelson,"Culver City, CA",1079,5:46:42,13:14,M 40-44/97,M-42,589,5:47:58,38.05%
868,Donna Ferguson,"Chino Hills, CA",918,5:47:40,13:16,F 45-49/28,F-49,279,5:48:54,45.56%
869,Mi Kyong Kim,"Riverside, CA",1055,5:47:43,13:16,F 35-39/47,F-39,280,5:48:58,41.51%
870,Monique Nguyen,"Garden Grove, CA",818,5:48:25,13:18,F 30-34/46,F-34,281,6:02:08,39.83%
871,Chuong Nguyen,"Orange, CA",703,5:48:39,13:18,M 35-39/120,M-35,590,5:48:49,36.24%
872,Andrea Gilkinson,"Tustin, CA",1057,5:48:59,13:19,F 35-39/48,F-38,282,5:49:54,41.01%
873,Jock Petersen,"Huntington Beach, CA",833,5:48:59,13:19,M 35-39/121,M-39,591,5:49:41,37.09%
874,Thanh Tran,"Portland, OR",923,5:49:15,13:20,F 35-39/49,F-39,283,5:49:25,41.33%
875,Tawni Gomes,"Long Beach, CA",819,5:49:33,13:20,F 40-44/51,F-43,284,5:50:55,42.77%
876,Dennis Mori,"San Leandro, CA",929,5:50:01,13:21,M 60-64/15,M-60,592,5:51:14,43.58%
877,Marci Schroeder,"Los Angeles, CA",960,5:50:04,13:22,F 30-34/47,F-31,285,5:51:13,39.65%
878,Steve Concotelli,"Los Angeles, CA",961,5:50:04,13:22,M 30-34/81,M-32,593,5:51:13,35.89%
879,Jim Yi,"Los Angeles, CA",667,5:50:25,13:22,M 35-39/122,M-36,594,5:51:24,36.27%
880,Laurie Woodrow,"West Hollywood, CA",845,5:51:04,13:24,F 45-49/29,F-46,286,5:52:10,43.80%
881,Dana Mosell,"Walnut, CA",992,5:51:04,13:24,M 55-59/42,M-55,595,5:52:09,41.47%
882,Sam Benedict,"Coronado, CA",897,5:51:12,13:24,M 60-64/16,M-63,596,5:52:22,44.81%
883,Nhung Tran,"Huntington Beach, CA",602,5:51:15,13:24,F 25-29/47,F-27,287,5:51:58,39.51%
884,Christy Lee,"Santa Clara, CA",1124,5:51:48,13:26,F 30-34/48,F-30,288,5:52:46,39.45%
885,Peter Phan,"Santa Clara, CA",1123,5:51:49,13:26,M 30-34/82,M-31,597,5:52:46,35.71%
886,Ronald Lassy,"Los Angeles, CA",1053,5:51:54,13:26,M 65-69/10,M-66,598,5:52:10,46.27%
887,Corinne Hoffman,"Huntington Beach, CA",1191,5:52:07,13:26,F 40-44/52,F-43,289,5:52:44,42.46%
888,Kevin Carlson,"Fullerton, CA",820,5:52:38,13:27,M 30-34/83,M-34,599,5:53:53,35.63%
889,Hung Nguyen,"Torrance, CA",1168,5:53:00,13:28,M 45-49/97,M-49,600,5:54:16,39.27%
890,Stormi Brandenburg,"Los Angeles, CA",936,5:53:02,13:28,F 40-44/53,F-40,290,5:53:12,41.24%
891,Barbara Mathews,"Costa Mesa, CA",933,5:53:23,13:29,F 30-34/49,F-30,291,5:54:26,39.27%
892,Deborah Gobins,"Phoenix, AZ",791,5:53:30,13:29,F 45-49/30,F-49,292,5:55:49,44.81%
893,Candice Touchton,"Sierra Vista, AZ",1078,5:53:35,13:30,F 25-29/48,F-28,293,5:54:40,39.25%
894,Bobbi Martinek,"Sierra Vista, AZ",1094,5:53:36,13:30,F 35-39/50,F-36,294,5:54:40,39.82%
895,Sebastian Munoz,"South Gate, CA",1160,5:53:38,13:30,M 40-44/98,M-43,601,5:54:34,37.56%
896,Robert English,"Redondo Beach, CA",875,5:53:46,13:30,M 35-39/123,M-39,602,5:57:12,36.58%
897,John Strand,"Orange, CA",1017,5:54:14,13:31,M 70-79/6,M-72,603,5:55:30,49.72%
898,Eugene Defronzo,"Cheshire, CT",920,5:54:22,13:31,M 70-79/7,M-71,604,5:55:06,49.00%
899,Patrick Bivona,"La Verne, CA",1026,5:54:23,13:31,M 65-69/11,M-65,605,5:55:23,45.41%
900,Maria Guzman,"Chino, CA",922,5:54:28,13:32,F 40-44/54,F-40,295,5:55:52,41.07%
901,David Jones,"Huntington Beach, CA",904,5:54:46,13:32,M 35-39/124,M-39,606,5:56:02,36.48%
902,Dolores Yost,"Orange, CA",948,5:55:02,13:33,F 45-49/31,F-48,296,5:56:05,44.16%
903,Tammy Robinson,"Orange, CA",947,5:55:03,13:33,F 45-49/32,F-45,297,5:56:05,42.90%
904,John Rodgers,"Huntington Beach, CA",705,5:55:29,13:34,M 30-34/84,M-33,607,5:56:36,35.34%
905,Le Ng,"Cerritos, CA",925,5:56:22,13:36,F 25-29/49,F-26,298,5:57:36,38.95%
906,Hoa Thai,"Monterey Park, CA",932,5:56:24,13:36,F 25-29/50,F-27,299,5:57:37,38.94%
907,Gregory Bamberger,"Rancho Santa Margarita, CA",658,5:56:44,13:37,M 40-44/99,M-42,608,5:57:52,36.98%
908,Jennifer Maloy,"Venice, CA",8526,5:56:59,13:37,F 40-44/55,F-40,300,5:58:01,40.78%
909,James Chang,"Playa Vista, CA",1185,5:57:02,13:38,M 30-34/85,M-33,609,5:58:11,35.19%
910,Jennifer Bruce,"Topanga, CA",935,5:57:20,13:38,F 35-39/51,F-36,301,6:12:40,39.40%
911,Jonathan Bruce,"Topanga, CA",934,5:57:21,13:38,M 30-34/86,M-33,610,6:12:41,35.16%
912,Valorie Hall,"Corona Del Mar, CA",1050,5:57:42,13:39,F 55-59/8,F-57,302,5:58:40,48.40%
913,Barbara Rollins,"Huntington Beach, CA",901,5:58:10,13:40,F 55-59/9,F-56,303,5:58:32,47.76%
914,Andrea Kalander,"Westminster, CA",817,5:58:20,13:40,F 30-34/50,F-30,304,5:59:33,38.73%
915,Mai Torralba,"San Jose, CA",745,6:00:03,13:44,F 30-34/51,F-32,305,6:01:07,38.55%
916,Chad Freese,"Tempe, AZ",513,6:03:34,13:52,M 30-34/87,M-34,611,6:04:07,34.56%
917,Mg Montgomery,"Canyon Country, CA",969,6:03:44,13:53,F 35-39/52,F-37,306,6:05:35,39.02%
918,Julie Wang,"Beverly Hills, CA",1229,6:05:33,13:57,F 30-34/52,F-30,307,6:05:33,37.97%
919,Antonia Martinez,"Whittier, CA",912,6:06:03,13:58,F 45-49/33,F-45,308,6:07:26,41.61%
920,Teodoro Alvarez,"Buenos Aires, ",831,6:06:42,14:00,M 55-59/43,M-57,612,6:07:49,40.42%
921,Jere Harper,"Redondo Beach, CA",895,6:07:12,14:01,M 60-64/17,M-63,613,6:08:29,42.86%
922,Vee Cristobal,"Pacific Palisades, CA",1214,6:10:07,14:07,F 50-54/25,F-54,309,6:10:12,45.16%
923,Leonor Vazquez,"Downey, CA",12876,6:10:08,14:08,F 50-54/26,F-50,310,6:10:14,43.24%
924,Shahrokh Mokhtarzadeh,"Los Angeles, CA",995,6:10:15,14:08,M 45-49/98,M-45,614,6:10:15,36.37%
925,Whitney La Rocca,"Katy, TX",1241,6:10:22,14:08,F 25-29/51,F-29,311,6:10:55,37.47%
926,William Akerboom,"El Monte, CA",1075,6:10:37,14:09,M 70-79/8,M-70,615,6:11:50,46.22%
927,Jia-Lyn Yuh,"Anaheim, CA",1237,6:11:10,14:10,F 30-34/53,F-31,312,6:12:40,37.39%
928,Elia Cobian,"Los Angeles, CA",911,6:12:22,14:13,F 25-29/52,F-29,313,6:13:35,37.27%
929,Moses Christian,"Loma Linda, CA",905,6:13:10,14:14,M 70-79/9,M-74,616,6:13:34,48.64%
930,Michelle Palmer,"Irvine, CA",1142,6:13:59,14:16,F 55-59/10,F-56,314,6:17:50,45.74%
931,John Hammonds,"Huntington Beach, CA",1060,6:14:49,14:18,M 55-59/44,M-57,617,6:15:46,39.54%
932,Steven Penzes,"Westminster, CA",896,6:16:38,14:22,M 55-59/45,M-57,618,6:17:45,39.35%
933,Joey Herman,"Santa Monica, CA",866,6:18:06,14:26,M 25-29/39,M-27,619,6:18:26,33.23%
934,Mary Delgado,"Irvine, CA",780,6:18:40,14:27,F 45-49/34,F-46,315,6:18:57,40.61%
935,Michael Dipippo,"San Diego, CA",966,6:20:25,14:31,M 50-54/76,M-52,620,6:26:35,37.31%
936,Stephen Brown,"Fountain Valley, CA",939,6:23:19,14:38,M 45-49/99,M-47,621,6:23:54,35.63%
937,Jack Huggett,"Anaheim, CA",924,6:23:34,14:38,M 50-54/77,M-54,622,6:24:57,37.63%
938,Juliet Kovach-Ham,"Downey, CA",666,6:29:04,14:51,F 40-44/56,F-41,316,6:30:19,37.75%
939,Cynthia Strickler,"Santa Ana, CA",790,6:29:15,14:51,F 35-39/53,F-36,317,6:30:28,36.17%
940,Erica Espinosa,"Los Angeles, CA",852,6:37:24,15:10,F 18-24/23,F-18,318,6:38:48,37.41%
941,Suzanne Ohman,"Mission Viejo, CA",937,6:39:32,15:15,F 35-39/54,F-38,319,6:40:54,35.82%
942,Alfred Vargas,"Ventura, CA",1291,6:42:06,15:21,M 35-39/125,M-38,623,6:43:18,31.99%
943,Mike Kerney,"Simi Valley, CA",1254,6:42:30,15:22,M 50-54/78,M-53,624,6:43:47,35.56%
944,Bobbi Pollock,"Claremont, CA",376,6:45:04,15:27,F 70-79/1,F-74,320,6:46:17,55.58%
945,Ben Balzer,"Simi Valley, CA",944,6:45:51,15:29,M 45-49/100,M-45,625,6:46:26,33.18%
946,Jeri Kerney,"Simi Valley, CA",1255,6:52:54,15:45,F 50-54/27,F-53,321,6:54:10,40.03%
947,Susan Daley,"Chicago, IL",976,6:55:50,15:52,F 45-49/35,F-47,322,6:56:41,37.34%
948,Gordana Vidovic,"Downey, CA",1329,6:56:01,15:53,F 45-49/36,F-49,323,6:58:28,38.07%
949,Amelia Snediker,"Huntington Beach, CA",975,7:02:13,16:07,F 18-24/24,F-24,324,7:03:34,32.95%
950,Susan Logan,"Irvine, CA",959,7:08:31,16:21,F 40-44/57,F-41,325,7:08:48,34.27%
951,Barbara Moore,"Norwalk, CA",1051,7:15:26,16:37,F 60-64/7,F-62,326,7:16:26,42.42%
952,Sarah Nhan,"Garden Grove, CA",928,7:19:47,16:47,F 18-24/25,F-24,327,8:12:51,31.64%
953,Nenita Perez,"Loma Linda, CA",913,7:23:08,16:55,F 35-39/55,F-39,328,7:24:09,32.57%
954,Lesa Weinert,"Dana Point, CA",1144,7:23:09,16:55,F 40-44/58,F-44,329,7:24:09,34.05%
955,Marjorie Shefer,"Newport Beach, CA",965,7:44:34,17:44,F 65-69/4,F-67,330,7:45:50,42.81%
956,Glenn Anderson,"Crescent City, CA",1067,7:50:18,17:57,M 50-54/79,M-54,626,7:50:52,30.69%
