Bib,Name,Gender,Age,Hometown,Overall,Women,F 40-44,Age/Grade,Finish,Chip Time,Gun Time,10K,14 Mile,20 Mile,22 Mile
913,Nenita Perez,F,39,"Loma Linda, CA",953 out of 956,328 out of 330,55 out of 55, 32.57% Place: 953,7:23:08 Pace: 16:55,7:23:08,7:24:09,1:06:54 Pace: 10:46,3:23:30 Pace: 14:33,5:36:13 Pace: 16:49,6:03:32 Pace: 16:32
1144,Lesa Weinert,F,44,"Dana Point, CA",954 out of 956,329 out of 330,58 out of 58, 34.05% Place: 949,7:23:09 Pace: 16:55,7:23:09,7:24:09,1:17:29 Pace: 12:29,3:33:13 Pace: 15:14,5:36:14 Pace: 16:49,6:03:34 Pace: 16:32
965,Marjorie Shefer,F,67,"Newport Beach, CA",955 out of 956,330 out of 330,4 out of 4, 42.81% Place: 809,7:44:34 Pace: 17:44,7:44:34,7:45:50,1:29:51 Pace: 14:28,4:03:44 Pace: 17:25,6:06:56 Pace: 18:21,6:31:29 Pace: 17:48
1067,Glenn Anderson,M,54,"Crescent City, CA",956 out of 956,626 out of 626,79 out of 79, 30.69% Place: 956,7:50:18 Pace: 17:57,7:50:18,7:50:52,1:13:41 Pace: 11:52,3:52:03 Pace: 16:35,6:06:03 Pace: 18:19,6:32:15 Pace: 17:50
