Place,Name,Location,Bib,Net Time,Pace,Division/Place,Sex-Age,Sex-Place,Gun Time,Age Grade
1,Todd Braje,"Eugene, OR",10,2:32:56,5:50,M 30-34/1,M-31,1,2:32:57,82.16%
2,Timothy Briggs,"San Diego, CA",287,2:49:15,6:28,M 25-29/1,M-25,2,2:49:15,74.24%
3,Antonio Lopez,"Santa Fe, NM",249,2:53:30,6:38,M 25-29/2,M-27,3,2:53:31,72.42%
4,Hank Risley,"Cedar Springs, MI",262,2:54:17,6:39,M 40-44/1,M-40,4,2:54:20,74.73%
5,Brian Ebiner,"Whittier, CA",256,2:58:13,6:48,M 35-39/1,M-39,5,2:58:13,72.62%
6,Scott Hanes,"Riverside, CA",722,2:58:55,6:50,M 35-39/2,M-38,6,2:58:57,71.89%
7,Richard Hansen Iii,"Fullerton, CA",291,2:59:34,6:51,M 25-29/3,M-25,7,2:59:36,69.97%
8,Eric Nilsen,"Fullerton, CA",284,2:59:45,6:52,M 25-29/4,M-26,8,2:59:47,69.90%
9,Jeffrey Welch,"Chula Vista, CA",669,3:01:23,6:56,M 1-24/1,M-18,9,3:01:51,74.25%
10,Michael Reeves,"Irvine, CA",257,3:02:29,6:58,M 30-34/2,M-32,10,3:02:33,68.85%
11,Dan Hollingsworth,"Oceanside, CA",283,3:03:36,7:01,M 35-39/3,M-36,11,3:03:37,69.22%
12,Justin Barth,"Kalispell, MT",280,3:04:40,7:03,M 1-24/2,M-18,12,3:04:43,72.93%
13,Preston Switzer,"Huntington Beach, CA",292,3:06:02,7:06,M 1-24/3,M-19,13,3:06:38,71.40%
14,Jeffrey Oram,"Redondo Beach, CA",309,3:07:33,7:10,M 30-34/3,M-34,14,3:07:36,66.99%
15,Ron Paquette,"Los Angeles, CA",323,3:08:18,7:11,M 45-49/1,M-49,15,3:08:22,73.62%
16,Laura Gould,"Sequim, WA",324,3:08:29,7:12,F 30-34/1,F-31,1,3:08:36,73.64%
17,Brian Eldridge,"Lompoc, CA",289,3:08:53,7:13,M 35-39/4,M-36,16,3:10:06,67.29%
18,Jerry Bugh,"Victorville, CA",335,3:10:23,7:16,M 1-24/4,M-24,17,3:10:30,66.30%
19,Keun Chung,"Montrose, CA",267,3:10:27,7:16,M 45-49/2,M-47,18,3:10:29,71.72%
20,Ieng Klukken,"Huntington Beach, CA",175,3:10:43,7:17,F 35-39/1,F-36,2,3:10:46,73.83%
21,Brian Tork,"Geneva, IL",276,3:11:43,7:19,M 40-44/2,M-41,19,3:11:46,68.37%
22,John Baxter,"Sierra Madre, CA",352,3:11:47,7:19,M 35-39/5,M-36,20,3:11:52,66.27%
23,Ryan Huckabay,"Kingsburg, CA",295,3:13:08,7:22,M 35-39/6,M-38,21,3:13:11,66.60%
24,John Penner,"Kingsburg, CA",332,3:13:16,7:23,M 35-39/7,M-36,22,3:13:28,65.76%
25,Erik Broderick,"Los Angeles, CA",346,3:13:53,7:24,M 25-29/5,M-25,23,3:14:03,64.80%
26,Marisol Garza,"San Clemente, CA",386,3:13:54,7:24,F 40-44/1,F-40,3,3:14:25,75.08%
27,Steve Jurman,"San Diego, CA",343,3:14:29,7:26,M 35-39/8,M-38,24,3:14:29,66.14%
28,Jeff Rowe,"Roslyn, NY",356,3:14:40,7:26,M 40-44/3,M-40,25,3:14:46,66.91%
29,Hugh Pearson,"Leeds, ",312,3:15:57,7:29,M 45-49/3,M-46,26,3:16:02,69.20%
30,Sam Felsenfeld,"Foothill Ranch, CA",145,3:16:41,7:31,M 30-34/4,M-33,27,3:16:44,63.88%
31,Jason Griffith,"Thousand Oaks, CA",263,3:17:34,7:33,M 35-39/9,M-36,28,3:17:49,64.33%
32,Brynje Ray,"Portland, OR",275,3:17:59,7:34,F 25-29/1,F-29,4,3:18:01,70.10%
33,Mike Lacy,"Lenexa, KS",375,3:18:10,7:34,M 35-39/10,M-35,29,3:18:21,63.76%
34,Steven Monke,"Clovis, CA",296,3:18:14,7:34,M 40-44/4,M-40,30,3:18:25,65.70%
35,Daniel Weissauer,"Santa Monica, CA",251,3:19:17,7:37,M 25-29/6,M-26,31,3:19:20,63.05%
36,James Slepski,"San Bernardino, CA",347,3:19:31,7:37,M 50-54/1,M-52,32,3:19:52,71.14%
37,James Butler,"Boulder, CO",317,3:19:35,7:37,M 35-39/11,M-39,33,3:19:44,64.85%
38,Andre Boulais,"Irvine, CA",114,3:19:40,7:37,M 45-49/4,M-46,34,3:19:55,67.91%
39,Jeremy Hilsabeck,"Las Vegas, NV",522,3:20:19,7:39,M 30-34/5,M-34,35,3:20:26,62.72%
40,Ej Gorman,"Fairview Park, OH",369,3:20:56,7:40,M 40-44/5,M-44,36,3:21:08,66.55%
41,George Nelson,"Cos Cob, CT",193,3:21:08,7:41,M 50-54/2,M-54,37,3:21:16,71.76%
42,Nicholas Godinez,"Amherst, NY",474,3:22:00,7:43,M 25-29/7,M-25,38,3:22:05,62.20%
43,Bob Morgan,"Placentia, CA",438,3:22:01,7:43,M 40-44/6,M-42,39,3:22:17,65.31%
44,Lindsay Reed,"Manheim, PA",767,3:22:01,7:43,M 45-49/5,M-48,40,3:22:20,68.10%
45,Bill Brasier,"Los Gatos, CA",349,3:22:42,7:44,M 50-54/3,M-50,41,3:22:48,68.91%
46,Christopher Fox,"Superior, CO",338,3:22:45,7:44,M 35-39/12,M-38,42,3:22:57,63.44%
47,Jim Bergmann,"Corona, CA",372,3:23:51,7:47,M 40-44/7,M-41,43,3:24:02,64.30%
48,Maximiliaan Hoes,"Rancho Dominguez, CA",158,3:23:56,7:47,M 40-44/8,M-43,44,3:23:59,65.13%
49,Charles McCracken,"Grapevine, TX",664,3:24:17,7:48,M 25-29/8,M-27,45,3:24:28,61.50%
50,Jose Molina,"Murrieta, CA",290,3:24:39,7:49,M 30-34/6,M-32,46,3:24:44,61.39%
51,Ben Duncan,"Fontana, CA",373,3:24:58,7:50,M 30-34/7,M-34,47,3:26:13,61.30%
52,Louis Gardner,"San Diego, CA",911,3:25:09,7:50,M 45-49/6,M-46,48,3:25:32,66.10%
53,Erin Wharton,"Thousand Oaks, CA",472,3:26:12,7:52,F 01-24/1,F-24,5,3:26:36,67.47%
54,Allen Smith,"Sun Valley, CA",326,3:26:26,7:53,M 45-49/7,M-49,49,3:26:34,67.15%
55,Henry Voros,"Corona, CA",228,3:26:31,7:53,M 40-44/9,M-41,50,3:26:38,63.47%
56,Michael Urbanski,"Tucson, AZ",308,3:26:54,7:54,M 55-59/1,M-59,51,3:26:56,73.01%
57,Josh Wojtkiewicz,"Roseville, CA",351,3:27:08,7:55,M 35-39/13,M-36,52,3:27:17,61.36%
58,Mitchell Roberts,"Encinitas, CA",397,3:27:30,7:55,M 45-49/8,M-47,53,3:27:42,65.82%
59,Greg Finstad,"Fairbanks, AK",529,3:27:34,7:55,M 50-54/4,M-53,54,3:27:37,68.95%
60,Lisa Yokoyama,"Huntington Beach, CA",385,3:27:42,7:56,F 35-39/2,F-38,6,3:27:46,68.91%
61,Paul Coats,"Lebanon, NH",315,3:28:30,7:58,M 30-34/8,M-34,55,3:28:42,60.26%
62,David Litvak,"Irvine, CA",362,3:28:31,7:58,M 40-44/10,M-40,56,3:28:41,62.46%
63,Dominic Bulone,"Corona Del Mar, CA",1813,3:28:35,7:58,M 35-39/14,M-35,57,3:28:41,60.58%
64,Avi Zadok,"Pasadena, CA",517,3:28:41,7:58,M 30-34/9,M-34,58,3:28:48,60.21%
65,Mike Verrastro,"Huntington Beach, CA",227,3:28:44,7:58,M 40-44/11,M-44,59,3:28:55,64.06%
66,Jeff Coen,"Vancouver, BC",508,3:28:59,7:59,M 35-39/15,M-39,60,3:29:16,61.93%
67,Keith Moore,"Dana Point, CA",507,3:29:10,7:59,M 45-49/9,M-47,61,3:29:25,65.30%
68,Jacob Martini,"San Francisco, CA",307,3:29:25,8:00,M 1-24/5,M-24,62,3:29:39,60.28%
69,Patrick Chalmers,"Barrington, IL",628,3:29:27,8:00,M 30-34/10,M-33,63,3:29:40,59.99%
70,Pat Copps,"Costa Mesa, CA",510,3:29:27,8:00,M 50-54/5,M-54,64,3:29:41,68.91%
71,Bryan Meyer,"Sammamish, WA",465,3:29:28,8:00,M 35-39/16,M-39,65,3:29:45,61.79%
72,Ken Ketchum,"Mission Viejo, CA",562,3:29:40,8:00,M 45-49/10,M-48,66,3:29:52,65.62%
73,Rene Van Hoorde,"Miami, FL",342,3:30:11,8:01,M 35-39/17,M-39,67,3:30:17,61.58%
74,Suzanne Hollister,"Thousand Oaks, CA",574,3:30:26,8:02,F 40-44/2,F-44,7,3:30:44,71.70%
75,Anthony Perrault,"Los Angeles, CA",462,3:30:27,8:02,M 30-34/11,M-32,68,3:30:49,59.70%
76,Lauren Kearney,"Carlsbad, CA",168,3:30:29,8:02,F 40-44/3,F-41,8,3:30:34,69.77%
77,Matthew Johnson,"Denver, CO",616,3:30:35,8:02,M 35-39/18,M-35,69,3:31:17,60.00%
78,Allan Dodge,"Visalia, CA",382,3:30:36,8:02,M 40-44/12,M-42,70,3:30:50,62.65%
79,Yvonne Jessup,"Hanford, CA",391,3:30:42,8:03,F 45-49/1,F-45,9,3:30:55,72.29%
80,Grant Lindsay,"Los Angeles, CA",354,3:30:46,8:03,M 30-34/12,M-31,71,3:30:57,59.61%
81,Mark Wilkinson,"Overland Park, KS",377,3:31:04,8:03,M 35-39/19,M-39,72,3:31:13,61.32%
82,Ed McCullough,"Leawood, KS",482,3:31:04,8:03,M 45-49/11,M-49,73,3:31:14,65.68%
83,Matt Arreola,"Annapolis, MD",1217,3:31:04,8:04,M 1-24/6,M-23,74,3:31:33,60.30%
84,Polly Crawford,"Temecula, CA",344,3:31:13,8:04,F 35-39/3,F-37,10,3:31:17,67.21%
85,Kimberly Setlak,"Chicago, IL",528,3:31:19,8:04,F 25-29/2,F-25,11,3:31:35,65.68%
86,Joseph Patierno,"Costa Mesa, CA",297,3:31:39,8:05,M 1-24/7,M-24,75,3:31:41,59.64%
87,Daniel Margolis,"Rancho Santa Margarita, CA",645,3:31:42,8:05,M 40-44/13,M-42,76,3:31:57,62.32%
88,Kyle Ericson,"Riverside, CA",405,3:31:49,8:05,M 40-44/14,M-44,77,3:32:04,63.13%
89,Howard Gimblett,"Tucson, AZ",518,3:32:07,8:06,M 50-54/6,M-53,78,3:32:12,67.47%
90,Jody Herzog,"Sagamore Hills, OH",459,3:32:34,8:07,M 25-29/9,M-27,79,3:32:35,59.11%
91,Ken Craig,"North Saanich, BC",371,3:32:38,8:07,M 40-44/15,M-41,80,3:33:22,61.64%
92,Glenn Duh,"Temple City, CA",141,3:33:09,8:08,M 40-44/16,M-42,81,3:33:19,61.90%
93,Katie Stevenson,"Jackson, WY",937,3:33:16,8:09,F 25-29/3,F-25,12,3:33:53,65.08%
94,Jeremy Andre,"Alta Loma, CA",337,3:33:28,8:09,M 35-39/20,M-37,82,3:33:42,59.89%
95,Jack Strausman,"Silver Spring, MD",414,3:33:38,8:09,M 45-49/12,M-46,83,3:34:00,63.47%
96,Sally Boles,"Mission Viejo, CA",112,3:34:07,8:10,F 35-39/4,F-39,13,3:34:24,67.41%
97,Harold Jackson,"Riverside, CA",1354,3:34:09,8:11,M 60-64/1,M-62,84,3:34:26,72.71%
98,Matthew Lawton,"Irvine, CA",899,3:34:09,8:11,M 30-34/13,M-33,85,3:34:49,58.67%
99,Laurie Meacham,"Santa Monica, CA",325,3:34:19,8:11,F 35-39/5,F-39,14,3:34:24,67.35%
100,Dana Whitmer,"Corona Del Mar, CA",557,3:34:33,8:11,M 30-34/14,M-32,86,3:34:45,58.56%
101,Marlin Nicol,"Orrville, OH",461,3:34:39,8:12,M 55-59/2,M-56,87,3:34:58,68.43%
102,David Silva,"Kingsburg, CA",365,3:34:43,8:12,M 40-44/17,M-40,88,3:34:54,60.66%
103,Ken McKnight,"Flagstaff, AZ",610,3:34:51,8:12,M 40-44/18,M-42,89,3:35:09,61.41%
104,Laura Sand,"Solana Beach, CA",532,3:34:57,8:12,F 30-34/2,F-34,15,3:35:08,64.57%
105,Nicky Osking,"Albuquerque, NM",641,3:35:21,8:13,F 40-44/4,F-40,16,3:35:53,67.60%
106,Joseph Jarrett,"Makawao, HI",379,3:35:31,8:14,M 40-44/19,M-41,90,3:35:40,60.82%
107,Keith Woodside,"Yorba Linda, CA",466,3:36:05,8:15,M 30-34/15,M-33,91,3:36:21,58.15%
108,Jennifer McDaniel,"San Diego, CA",554,3:36:49,8:17,F 35-39/6,F-38,17,3:37:04,66.02%
109,Patricia Langum,"Maple Grove, MN",358,3:36:55,8:17,F 45-49/2,F-47,18,3:36:59,71.58%
110,Norm Lonergan,"Ajax, ON",493,3:36:59,8:17,M 45-49/13,M-46,92,3:37:21,62.49%
111,Jeremy Schwartz,"Calabasas, CA",698,3:37:00,8:17,M 30-34/16,M-34,93,3:37:04,57.90%
112,Elizabeth Finkel,"Ann Arbor, MI",583,3:37:03,8:17,F 25-29/4,F-27,19,3:37:14,63.95%
113,Julie Boledovich,"Ypsilanti, MI",584,3:37:03,8:17,F 25-29/5,F-26,20,3:37:14,63.95%
114,Jason Coddington,"Kingsburg, CA",330,3:37:10,8:17,M 35-39/21,M-35,94,3:37:22,58.18%
115,Kyle Matthies,"Yorba Linda, CA",448,3:37:11,8:17,M 1-24/8,M-24,95,3:37:14,58.12%
116,Chris Borg,"Huntington Beach, CA",376,3:37:38,8:19,M 50-54/7,M-51,96,3:37:41,64.70%
117,Diane Garcia,"West Covina, CA",487,3:37:40,8:19,F 25-29/6,F-28,21,3:38:09,63.76%
118,Michael Nyerges,"Temple City, CA",1050,3:37:48,8:19,M 25-29/10,M-29,97,3:38:10,57.69%
119,Myron Sidloski,"Dallas, PA",384,3:37:57,8:19,M 55-59/3,M-57,98,3:38:07,68.01%
120,Elizabeth Jensen,"Redondo Beach, CA",822,3:37:59,8:19,F 30-34/3,F-30,22,3:38:30,63.67%
121,Abel Contreras,"Temple City, CA",130,3:38:08,8:20,M 50-54/8,M-51,99,3:38:12,64.55%
122,Mario Nicholas,"San Francisco, CA",303,3:38:15,8:20,M 1-24/9,M-23,100,3:38:23,58.31%
123,Robert Heineman,"San Juan Capistrano, CA",328,3:38:26,8:20,M 55-59/4,M-56,101,3:38:46,67.24%
124,Elliott Reese,"Goleta, CA",506,3:38:30,8:20,M 1-24/10,M-23,102,3:38:56,58.24%
125,James Heczko,"Manhattan Beach, CA",717,3:38:35,8:21,M 40-44/20,M-42,103,3:38:49,60.36%
126,Anthony Murray,"Laguna Niguel, CA",649,3:38:36,8:21,M 40-44/21,M-40,104,3:38:52,59.58%
127,Alberto Hernandez,"Hacienda Heights, CA",542,3:38:37,8:21,M 40-44/22,M-41,105,3:38:54,59.96%
128,Rhoben Dalusong,"Citrus Heights, CA",604,3:38:45,8:21,M 45-49/14,M-47,106,3:39:21,62.44%
129,Mike Stephens,"Simi Valley, CA",300,3:38:46,8:21,M 45-49/15,M-49,107,3:38:49,63.37%
130,Brent Hurst,"Carlsbad, CA",456,3:38:50,8:21,M 35-39/22,M-39,108,3:39:06,59.14%
131,Roland Molina,"Cincinnati, OH",455,3:38:51,8:21,M 25-29/11,M-28,109,3:39:10,57.41%
132,Nancy Dagostino,"Newport Beach, CA",437,3:38:54,8:21,F 35-39/7,F-36,23,3:39:10,64.32%
133,Jenni Chillstrom,"Burnsville, MN",687,3:38:56,8:21,F 25-29/7,F-28,24,3:39:26,63.40%
134,Philip Rottenborn,"Huntington Beach, CA",393,3:38:56,8:22,M 30-34/17,M-34,110,3:39:11,57.39%
135,Lisa Newman-Wise,"Edwards, CA",724,3:38:58,8:22,F 01-24/2,F-23,25,3:39:14,64.11%
136,Richard Lunsford,"Lowell, IN",311,3:39:00,8:22,M 25-29/12,M-27,111,3:42:11,57.37%
137,Simone Bender,"Mesa, AZ",108,3:39:03,8:22,F 35-39/8,F-37,26,3:39:23,64.80%
138,Tonson Tong,"Newport Beach, CA",587,3:39:12,8:22,M 40-44/23,M-41,112,3:39:28,59.80%
139,Mike Sanderson,"Fullerton, CA",211,3:39:14,8:22,M 30-34/18,M-33,113,3:40:37,57.31%
140,Mark Kirkby,"Casa Grande, AZ",505,3:39:20,8:22,M 35-39/23,M-39,114,3:39:26,59.01%
141,Ryan Lee,"Glendale, CA",564,3:39:30,8:23,M 40-44/24,M-40,115,3:39:50,59.34%
142,Elizabeth Schilling,"Orange, CA",569,3:39:35,8:23,F 30-34/4,F-30,27,3:39:52,63.21%
143,Mike Scurich,"Watsonville, CA",458,3:39:36,8:23,M 45-49/16,M-46,116,3:39:48,61.75%
144,Matthew Brown,"Long Beach, CA",800,3:39:48,8:23,M 35-39/24,M-37,117,3:40:04,58.17%
145,Karen Wester,"Alta Loma, CA",471,3:39:52,8:24,F 30-34/5,F-32,28,3:40:18,63.13%
146,Melinda Wenny,"Portland, OR",578,3:40:00,8:24,F 30-34/6,F-31,29,3:40:16,63.09%
147,Brett Jacobson,"San Rafael, CA",1816,3:40:20,8:25,M 35-39/25,M-38,118,3:40:30,58.38%
148,Ernie Martinez,"Murrieta, CA",457,3:40:54,8:26,M 30-34/19,M-33,119,3:41:30,56.87%
149,Mark Aiello,"Thousand Oaks, CA",345,3:41:00,8:26,M 35-39/26,M-37,120,3:41:14,57.85%
150,Diane Hyat,"San Diego, CA",586,3:41:03,8:26,F 35-39/9,F-38,30,3:41:22,64.75%
151,Susan Duenas,"Thousand Oaks, CA",636,3:41:13,8:27,F 40-44/5,F-44,31,3:41:31,68.21%
152,Daryl Howland,"Redondo Beach, CA",659,3:41:24,8:27,M 40-44/25,M-42,121,3:41:37,59.59%
153,Amie Kurian,"Portland, OR",541,3:41:32,8:27,F 30-34/7,F-31,32,3:41:49,62.65%
154,Suzy Degazon,"Glendora, CA",670,3:41:33,8:27,F 40-44/6,F-43,33,3:41:47,67.48%
155,Dave Heintz,"Loveland, CO",697,3:41:40,8:28,M 40-44/26,M-44,122,3:42:13,60.32%
156,Mark Boyce,"Chino Hills, CA",679,3:41:54,8:28,M 30-34/20,M-31,123,3:42:14,56.62%
157,Robert Henderson,"Tustin, CA",858,3:41:58,8:28,M 30-34/21,M-33,124,3:42:43,56.60%
158,Dan Trembly,"Temecula, CA",366,3:42:00,8:29,M 45-49/17,M-48,125,3:42:35,61.98%
159,Brandon Ueki,"Layton, UT",318,3:42:04,8:29,M 1-24/11,M-24,126,3:42:10,56.84%
160,Douglas Pierce,"Rancho Cucamonga, CA",605,3:42:04,8:29,M 35-39/27,M-39,127,3:42:14,58.28%
161,Ryan Spencer,"Pasadena, CA",313,3:42:11,8:29,M 30-34/22,M-30,128,3:42:38,56.55%
162,Maria Aiello,"Thousand Oaks, CA",480,3:42:27,8:30,F 35-39/10,F-37,34,3:42:41,63.81%
163,Terrie West,"Pleasanton, CA",401,3:42:29,8:30,F 40-44/7,F-44,35,3:42:36,67.82%
164,Pete Shepherd,"San Francisco, CA",777,3:42:38,8:30,M 25-29/13,M-28,129,3:42:46,56.43%
165,Joe Truini,"Akron, OH",568,3:42:52,8:31,M 35-39/28,M-36,130,3:43:13,57.03%
166,Dan O'Bannon,"Santa Ana, CA",478,3:42:53,8:31,M 40-44/27,M-44,131,3:43:05,59.99%
167,Jessica Fasulo,"Las Vegas, NV",654,3:43:11,8:31,F 25-29/8,F-26,36,3:43:20,62.19%
168,Sean Chalmers,"Huntington Beach, CA",790,3:43:23,8:32,M 45-49/18,M-47,132,3:43:44,61.14%
169,Michael Dendinger,"San Diego, CA",298,3:43:27,8:32,M 30-34/23,M-33,133,3:43:48,56.23%
170,Ryan Primosch,"Lakewood, CA",404,3:43:30,8:32,M 25-29/14,M-27,134,3:43:47,56.22%
171,Joe Ogata,"Pacoima, CA",197,3:43:33,8:32,M 55-59/5,M-59,135,3:43:35,67.57%
172,Leo Sitton,"Brea, CA",442,3:43:42,8:32,M 55-59/6,M-57,136,3:44:01,66.26%
173,Stephen Brang,"Claremont, CA",525,3:43:42,8:32,M 50-54/9,M-53,137,3:44:01,63.98%
174,Joe Weisenburger,"Golden Valley, MN",229,3:43:44,8:32,M 45-49/19,M-47,138,3:43:57,61.05%
175,David Brunken,"Moreno Valley, CA",265,3:44:08,8:33,M 40-44/28,M-42,139,3:44:22,58.86%
176,Gary Arends,"Los Angeles, CA",772,3:44:15,8:34,M 35-39/29,M-36,140,3:44:35,56.67%
177,Kristin Sailsbury,"Woodbury, MN",686,3:44:19,8:34,F 25-29/9,F-29,37,3:44:49,61.87%
178,Brian Turner,"Redondo Beach, CA",625,3:44:30,8:34,M 30-34/24,M-30,141,3:44:41,55.97%
179,Sean Gullikson,"Minneapolis, MN",906,3:44:51,8:35,M 35-39/30,M-37,142,3:45:49,56.86%
180,Mike Tyler,"San Diego, CA",699,3:44:59,8:35,M 35-39/31,M-39,143,3:45:30,57.53%
181,Zsuzsi Burkhalter,"Irvine, CA",120,3:45:01,8:35,F 30-34/8,F-34,38,3:45:17,61.68%
182,Clark Leadbetter,"Agua Dulce, CA",890,3:45:01,8:35,M 40-44/29,M-44,144,3:45:45,59.43%
183,Randall Kopf,"Santa Barbara, CA",495,3:45:21,8:36,M 25-29/15,M-29,145,3:45:29,55.75%
184,Amanda Ebner,"Los Angeles, CA",744,3:45:38,8:37,F 01-24/3,F-24,39,3:45:51,61.66%
185,Rick Rizzo,"Rancho Palos Verdes, CA",882,3:45:49,8:37,M 35-39/32,M-38,146,4:08:09,56.96%
186,James Scollick,"Villa Park, CA",500,3:45:56,8:38,M 25-29/16,M-28,147,3:46:53,55.61%
187,Elizabeth Jaramillo,"Santa Fe, NM",440,3:46:08,8:38,F 25-29/10,F-28,40,3:46:30,61.38%
188,Christina Mendoza,"Santa Monica, CA",779,3:46:11,8:38,F 25-29/11,F-25,41,3:46:30,61.36%
189,Pamela Krantz-Lee,"Somonauk, IL",327,3:46:26,8:39,F 35-39/11,F-38,42,3:46:38,63.21%
190,Bernadette Kribs,"San Diego, CA",718,3:46:28,8:39,F 40-44/8,F-44,43,3:46:46,66.63%
191,Nick Palefsky,"Los Angeles, CA",994,3:46:59,8:40,M 1-24/12,M-22,148,3:47:43,56.58%
192,Kristopher Stevens,"Toluca Lake, CA",4007,3:46:59,8:40,M 30-34/25,M-31,149,3:47:44,55.35%
193,Donald Hunt,"Orinda, CA",648,3:47:26,8:41,M 55-59/7,M-56,150,3:47:36,64.58%
194,Joey Bryan,"Oceanside, CA",501,3:47:34,8:41,M 35-39/33,M-38,151,3:48:13,56.52%
195,Greg Parks,"Newbury Park, CA",1035,3:47:35,8:41,M 35-39/34,M-37,152,3:48:00,56.18%
196,Amy Perez,"Laguna Hills, CA",241,3:47:36,8:41,F 35-39/12,F-36,44,3:48:08,61.86%
197,Jennifer Henderson,"Barstow, CA",889,3:47:54,8:42,F 45-49/3,F-49,45,3:48:12,69.50%
198,Abigail Reaser,"Pasadena, CA",694,3:47:57,8:42,F 25-29/12,F-27,46,3:48:01,60.89%
199,Andrew Beauchamp,"Alta Loma, CA",540,3:48:00,8:42,M 45-49/20,M-47,153,3:48:15,59.90%
200,Bruce Guter,"Fullerton, CA",152,3:48:06,8:42,M 50-54/10,M-53,154,3:48:08,62.74%
201,Jim Cody,"Whittier, CA",238,3:48:16,8:43,M 55-59/8,M-56,155,3:49:02,64.35%
202,Andrew Coetzee,"Huntington Beach, CA",930,3:48:19,8:43,M 45-49/21,M-47,156,3:48:38,59.82%
203,Steve Bainbridge,"Fairbanks, AK",514,3:48:23,8:43,M 55-59/9,M-58,157,3:48:25,65.51%
204,Michael Biagi,"Fullerton, CA",1062,3:48:24,8:43,M 40-44/30,M-44,158,3:48:34,58.55%
205,Perry Harless,"Prosper, TX",689,3:48:27,8:43,M 35-39/35,M-39,159,3:48:45,56.65%
206,Brandon Tisor,"Anaheim, CA",785,3:48:47,8:44,M 35-39/36,M-36,160,3:48:56,55.55%
207,Melisa Newlin,"San Diego, CA",576,3:49:10,8:45,F 25-29/13,F-26,47,3:49:30,60.56%
208,Joe Veiga,"Elk Grove, CA",1810,3:49:12,8:45,M 45-49/22,M-49,161,3:49:24,60.48%
209,Matthew Himmelman,"Aliso Viejo, CA",756,3:49:13,8:45,M 35-39/37,M-37,162,3:49:26,55.78%
210,William Tai,"Sudbury, ON",690,3:49:19,8:45,M 30-34/26,M-31,163,3:49:46,54.79%
211,Kristin Penton,"Visalia, CA",695,3:49:22,8:45,F 40-44/9,F-41,48,3:50:56,64.03%
212,Peter Houston,"Dublin, CA",161,3:49:26,8:46,M 30-34/27,M-33,164,3:50:01,54.76%
213,Jeff Dierksen,"Yucca Valley, CA",719,3:49:29,8:46,M 50-54/11,M-52,165,3:50:29,61.85%
214,Melvin Sanvig,"Valencia, CA",1831,3:49:29,8:46,M 60-64/2,M-63,166,3:49:35,68.58%
215,Diane Burgin,"Los Alamitos, CA",520,3:49:32,8:46,F 45-49/4,F-47,49,3:49:45,67.64%
216,Alison Stout,"Woodinville, WA",534,3:49:41,8:46,F 30-34/9,F-32,50,3:50:05,60.43%
217,Jung Hoon Han,"Los Angeles, CA",368,3:49:46,8:46,M 30-34/28,M-33,167,3:49:56,54.68%
218,Elizabeth Scheid,"Puyallup, WA",712,3:49:49,8:46,F 40-44/10,F-42,51,3:50:10,64.47%
219,Juan Jarrin,"Torrance, CA",703,3:49:50,8:46,M 35-39/38,M-37,168,3:50:16,55.63%
220,Alexander Wood,"Isla Vista, CA",589,3:49:51,8:46,M 1-24/13,M-21,169,3:50:54,56.44%
221,Jonathan Resnick,"Irvine, CA",732,3:50:09,8:47,M 45-49/23,M-47,170,3:50:09,59.34%
222,Stuart Banner,"Santa Monica, CA",553,3:50:10,8:47,M 40-44/31,M-44,171,3:50:28,58.10%
223,Mike Hoffman,"Huntington Beach, CA",159,3:50:28,8:48,M 40-44/32,M-43,172,3:50:39,57.63%
224,James Miller,"Pasadena, CA",639,3:50:51,8:49,M 55-59/10,M-58,173,3:51:24,64.81%
225,Soohan Kim,"Tujunga, CA",392,3:50:52,8:49,M 50-54/12,M-53,174,3:50:54,61.99%
226,Jeff Zavitz,"Newbury Park, CA",402,3:51:07,8:49,M 45-49/24,M-47,175,3:51:48,59.10%
227,Amelia Carchidi,"Rancho Santa Marg, CA",630,3:51:09,8:49,F 30-34/10,F-32,52,3:51:26,60.04%
228,Thomas Ruzicka,"North Kansas City, MO",1020,3:51:12,8:50,M 25-29/17,M-27,176,3:51:42,54.34%
229,Gary Citron,"Tustin, CA",403,3:51:20,8:50,M 50-54/13,M-50,177,3:51:27,60.39%
230,Vickie Adams,"Pinon Hills, CA",609,3:51:20,8:50,F 45-49/5,F-47,53,3:57:00,67.12%
231,Mark Raichel,"Anaheim, CA",1420,3:51:22,8:50,M 40-44/33,M-43,178,3:51:42,57.40%
232,Donald Danlag,"La Crescenta, CA",137,3:51:43,8:51,M 40-44/34,M-40,179,3:52:00,56.21%
233,Ali Sarreshteh,"Chatham, IL",445,3:51:50,8:51,M 45-49/25,M-45,180,3:52:58,58.08%
234,Jimmy Pangestoe,"San Diego, CA",1820,3:51:59,8:51,M 30-34/29,M-30,181,3:52:35,54.16%
235,Robert Harris,"Lonehill, ",155,3:52:04,8:52,M 40-44/35,M-41,182,3:52:13,56.48%
236,Eric Repaal,"Grand Haven, MI",435,3:52:11,8:52,M 45-49/26,M-48,183,3:52:14,59.26%
237,Shane Ross,"Studio City, CA",563,3:52:35,8:53,M 30-34/30,M-33,184,3:53:08,54.02%
238,Steve Weisman,"Danville, CA",559,3:52:37,8:53,M 35-39/39,M-37,185,3:52:54,54.96%
239,Ricardo Ornelas,"San Dimas, CA",199,3:52:44,8:53,M 30-34/31,M-34,186,3:54:40,53.99%
240,Jason Graban,"Rancho Santa Marg, CA",1533,3:52:57,8:54,M 1-24/14,M-22,187,3:53:06,55.13%
241,Eric Wernicke,"Santa Barbara, CA",986,3:53:10,8:54,M 25-29/18,M-28,188,3:53:18,53.89%
242,Alvin Klausen,"Camp Pendleton, CA",1133,3:53:11,8:54,M 1-24/15,M-22,189,3:53:47,55.08%
243,Benji Chu,"Richmond, BC",513,3:53:15,8:54,M 45-49/27,M-45,190,3:53:39,57.73%
244,Mike Lieberman,"Deerfield, IL",776,3:53:20,8:54,M 30-34/32,M-30,191,3:53:44,53.85%
245,Lynette D'Urso,"Santa Monica, CA",567,3:53:21,8:54,F 30-34/11,F-33,54,3:54:34,59.48%
246,Thomas Hewko,"Huntington Beach, CA",470,3:53:31,8:55,M 50-54/14,M-52,192,3:53:35,60.78%
247,Alden Velez Jr,"Huntington Beach, CA",1081,3:53:31,8:55,M 25-29/19,M-28,193,3:53:52,53.80%
248,Lorraine Gersitz,"Fullerton, CA",149,3:53:34,8:55,F 50-54/1,F-53,55,3:54:10,70.77%
249,Brad Rable,"Phoenix, AZ",693,3:53:36,8:55,M 25-29/20,M-25,194,3:53:56,53.79%
250,Kimberlyn Hicks,"Tucson, AZ",675,3:53:42,8:55,F 35-39/13,F-38,56,3:53:47,61.25%
251,Katie Rzadkowolska,"Laguna Niguel, CA",433,3:53:43,8:55,F 25-29/14,F-29,57,3:53:49,59.39%
252,Robert Britain,"Wayzata, MN",359,3:53:50,8:56,M 45-49/28,M-49,195,3:53:54,59.29%
253,Thomas Fassbender,"Los Angeles, CA",614,3:53:53,8:56,M 35-39/40,M-39,196,3:54:01,55.34%
254,Jose Vallejo Rangel,"Milwaukee, WI",451,3:54:10,8:56,M 35-39/41,M-38,197,3:54:41,54.93%
255,Echo Chadwick,"Boise, ID",998,3:54:17,8:57,F 35-39/14,F-38,58,3:54:57,61.09%
256,Robert Coleman,"Mission Viejo, CA",606,3:54:21,8:57,M 45-49/29,M-48,198,3:54:56,58.71%
257,Maria Ramirez,"Salem, MA",635,3:54:30,8:57,F 35-39/15,F-38,59,3:55:07,61.04%
258,Katelyn McCabe,"Los Angeles, CA",914,3:54:31,8:57,F 25-29/15,F-26,60,3:55:16,59.18%
259,Lauren De Giorgio,"San Diego, CA",1830,3:54:35,8:57,F 25-29/16,F-28,61,3:54:41,59.17%
260,Guillaume Chanfreau,"Los Angeles, CA",1476,3:54:40,8:57,M 40-44/36,M-40,199,3:55:10,55.50%
261,Peter Tuccillo,"Culver City, CA",1021,3:54:48,8:58,M 45-49/30,M-48,200,3:55:20,58.60%
262,Brian Amende,"Costa Mesa, CA",491,3:55:05,8:58,M 30-34/33,M-30,201,3:55:15,53.44%
263,James Keating,"Champaign, IL",1817,3:55:16,8:59,M 35-39/42,M-38,202,3:55:50,54.67%
264,Emily Yarrell,"Long Beach, CA",577,3:55:17,8:59,F 25-29/17,F-25,62,3:55:35,58.99%
265,Robb Ferguson,"Westminster, CA",829,3:55:20,8:59,M 45-49/31,M-48,203,3:55:26,58.47%
266,Tracy York,"Santa Barbara, CA",239,3:55:48,9:00,M 1-24/16,M-24,204,3:56:20,53.53%
267,Michael Miskel,"Ventura, CA",499,3:55:54,9:00,M 45-49/32,M-48,205,4:15:00,58.33%
268,Harper Summers,"San Diego, CA",422,3:55:56,9:00,M 40-44/37,M-43,206,3:56:06,56.29%
269,Nell Shuttleworth,"Buffalo Grove, IL",632,3:56:03,9:01,F 25-29/18,F-29,63,3:56:49,58.80%
270,Todd Frantz,"Rancho Cucamonga, CA",760,3:56:06,9:01,M 40-44/38,M-40,207,3:56:14,55.16%
271,Jeffrey Farrier,"San Diego, CA",734,3:56:29,9:02,M 35-39/43,M-37,208,3:57:06,54.06%
272,Brian Defrancesco,"Huntington Beach, CA",971,3:56:50,9:02,M 1-24/17,M-24,209,3:57:17,53.30%
273,Susan Southworth,"Seal Beach, CA",866,3:56:51,9:03,F 40-44/11,F-43,64,3:56:58,63.12%
274,Erin Walsh,"Westlake, OH",1011,3:56:54,9:03,F 25-29/19,F-28,65,3:57:33,58.59%
275,Waldemar Kolodziej,"Chicago, IL",801,3:57:00,9:03,M 45-49/33,M-45,210,3:57:09,56.81%
276,Mladen Sokolovic,"Brooklyn, NY",759,3:57:00,9:03,M 30-34/34,M-31,211,3:57:47,53.01%
277,Keith Bell,"Fort Worth, TX",730,3:57:10,9:03,M 50-54/15,M-53,212,3:57:29,60.34%
278,Won Bae,"Brea, CA",526,3:57:20,9:04,M 50-54/16,M-54,213,3:57:45,60.81%
279,Chris Louie,"Valencia, CA",12472,3:57:26,9:04,M 35-39/44,M-38,214,3:58:12,54.17%
280,Joshua Dickson,"Chicago, IL",646,3:57:33,9:04,M 1-24/18,M-23,215,3:58:10,53.57%
281,Laura Branch,"Los Angeles, CA",538,3:57:33,9:04,F 01-24/4,F-23,66,3:58:10,59.10%
282,Ron Dodge,"Aliso Viejo, CA",972,3:57:50,9:05,M 40-44/39,M-43,216,3:58:16,55.84%
283,Grace Seaton,"Alexandria, VA",957,3:57:58,9:05,F 01-24/5,F-24,67,3:58:28,58.47%
284,Edward Indvik,"Newport Beach, CA",476,3:58:05,9:05,M 50-54/17,M-52,217,3:58:25,59.62%
285,Delfino Rodriguez,"Los Angeles, CA",497,3:58:10,9:06,M 60-64/3,M-61,218,4:01:33,64.70%
286,Michael Bower,"Huntington Beach, CA",509,3:58:14,9:06,M 40-44/40,M-44,219,3:58:25,56.13%
287,Chad Stammerjohan,"Santa Clara, CA",667,3:58:23,9:06,M 30-34/35,M-32,220,3:58:43,52.71%
288,David Boudreault,"Palo Alto, CA",668,3:58:23,9:06,M 30-34/36,M-32,221,3:58:43,52.71%
289,Mike Calabrese,"Rowland Heights, CA",550,3:58:29,9:06,M 25-29/21,M-25,222,3:59:47,52.68%
290,Gary Abraham,"Orange, CA",1053,3:58:47,9:07,M 45-49/34,M-45,223,3:59:01,56.39%
291,Jeannie Choi-Wolff,"Santa Monica, CA",1131,3:58:51,9:07,F 35-39/16,F-37,68,3:59:18,59.43%
292,Ed Cabanero,"San Diego, CA",439,3:59:00,9:07,M 40-44/41,M-41,224,3:59:03,54.84%
293,Cheri Rich,"Monrovia, CA",1821,3:59:01,9:07,F 45-49/6,F-46,69,3:59:35,64.33%
294,Linda Drosky,"Mission Viejo, CA",139,3:59:35,9:09,F 40-44/12,F-44,70,3:59:54,62.98%
295,Stephen Windes,"Brea, CA",797,3:59:36,9:09,M 35-39/45,M-37,225,4:00:01,53.36%
296,Will Lennertz,"Laguna Hills, CA",406,3:59:40,9:09,M 40-44/42,M-43,226,4:01:03,55.42%
297,Q C Chen,"Arcadia, CA",685,3:59:42,9:09,M 55-59/11,M-55,227,4:00:12,60.73%
298,Sy Vu,"Orange, CA",842,3:59:44,9:09,M 40-44/43,M-40,228,3:59:48,54.33%
299,Brian Leach,"Huntington Beach, CA",856,3:59:50,9:09,M 35-39/46,M-38,229,4:00:25,53.63%
300,Tommy Lorenzo,"North Saanich, BC",640,4:00:08,9:10,M 45-49/35,M-48,230,4:00:39,57.30%
301,Kristine Brenner,"Wrightwood, CA",845,4:00:17,9:10,F 35-39/17,F-38,71,4:00:45,59.57%
302,Dave Numme,"San Francisco, CA",395,4:00:33,9:11,M 45-49/36,M-46,231,4:00:58,56.37%
303,Pj Baker,"Murrieta, CA",427,4:00:37,9:11,M 40-44/44,M-42,232,4:00:59,54.83%
304,Shauna Taylor,"Fayette, MO",696,4:00:39,9:11,F 35-39/18,F-35,72,4:01:13,58.03%
305,Frank Bucher,"Long Beach, CA",631,4:00:53,9:12,M 35-39/47,M-36,233,4:01:07,52.76%
306,Joyce Chang,"Los Angeles, CA",1482,4:00:56,9:12,F 35-39/19,F-35,73,4:01:20,57.96%
307,Jake Stawoney,"Carol Stream, IL",1239,4:01:02,9:12,M 30-34/37,M-33,234,4:01:26,52.13%
308,Rachel Boyd,"Manhattan Beach, CA",953,4:01:09,9:12,F 25-29/20,F-27,74,4:02:27,57.55%
309,Stephen Burns,"Shelton, WA",728,4:01:19,9:13,M 1-24/19,M-18,235,4:01:52,55.81%
310,Margaret Reilly-Bates,"Stevenson Ranch, CA",900,4:01:28,9:13,F 35-39/20,F-38,75,4:01:59,59.28%
311,Patrick Hattori,"Agoura Hills, CA",1799,4:01:30,9:13,M 35-39/48,M-36,236,4:01:45,52.62%
312,Carol Davenport,"Santa Fe, NM",623,4:01:44,9:14,F 55-59/1,F-56,76,4:01:55,70.77%
313,David Piper,"Los Angeles, CA",426,4:01:51,9:14,M 35-39/49,M-36,237,4:01:58,52.55%
314,Michael Kingen,"Escondido, CA",876,4:01:56,9:14,M 25-29/22,M-26,238,4:02:56,51.93%
315,Rana Ansari,"San Francisco, CA",1768,4:02:01,9:14,F 25-29/21,F-26,77,4:05:58,57.35%
316,Edward Mariscal,"Rowland Heights, CA",441,4:02:04,9:14,M 35-39/50,M-35,239,4:02:10,52.20%
317,Lorelle Vascos-Pages,"Oceanside, CA",504,4:02:06,9:15,F 25-29/22,F-29,78,4:02:55,57.33%
318,Christopher Southard,"Margate City, NJ",1349,4:02:19,9:15,M 25-29/23,M-28,240,4:02:40,51.85%
319,Kristi Gunyula,"Kent, OH",1032,4:02:28,9:15,F 25-29/23,F-26,79,4:03:00,57.24%
320,Scott Slatem,"Los Angeles, CA",217,4:02:33,9:16,M 40-44/45,M-44,241,4:02:35,55.13%
321,Klimenty Granovsky,"Aliso Viejo, CA",151,4:02:36,9:16,M 55-59/12,M-57,242,4:02:41,61.10%
322,Troy Lesovsky,"Canoga Park, CA",498,4:02:39,9:16,M 40-44/46,M-43,243,4:05:46,54.73%
323,Aric Ladd,"Pioneer, CA",479,4:02:47,9:16,M 30-34/38,M-34,244,4:04:18,51.75%
324,Matthew Edmond,"Boise, ID",286,4:03:02,9:17,M 35-39/51,M-35,245,4:03:42,51.99%
325,John Meacham,"Westminster, CA",1727,4:03:17,9:17,M 55-59/13,M-56,246,4:31:30,60.37%
326,Kimberly Antonio-Hopkins,"Encino, CA",1252,4:03:18,9:17,F 35-39/21,F-36,80,4:04:06,57.87%
327,Mark Rule,"Huntington Beach, CA",210,4:03:28,9:18,M 45-49/37,M-47,247,4:03:53,56.10%
328,Lori Thompson,"Costa Mesa, CA",225,4:04:28,9:20,F 40-44/13,F-41,81,4:05:40,60.07%
329,Ann Smith,"Roberts, WI",907,4:04:36,9:20,F 30-34/12,F-30,82,4:05:41,56.74%
330,Bearden Rick,"Calimesa, CA",637,4:04:40,9:20,M 50-54/18,M-50,248,4:04:50,57.10%
331,Jennifer Evans-Wong,"Cardiff, CA",1004,4:04:42,9:20,F 30-34/13,F-32,83,4:04:59,56.72%
332,Mike Barton,"Huntington Beach, CA",105,4:05:04,9:21,M 40-44/47,M-40,249,4:06:27,53.14%
333,Joshua Evans,"Newport Beach, CA",883,4:05:11,9:22,M 25-29/24,M-28,250,4:05:44,51.24%
334,Sean Hawkins,"Oceanside, CA",621,4:05:15,9:22,M 35-39/52,M-37,251,4:06:14,52.13%
335,Terry Rabun,"Huntington Beach, CA",206,4:05:16,9:22,M 50-54/19,M-53,252,4:05:49,58.35%
336,Behdad Payami,"Huntington Beach, CA",201,4:05:25,9:22,M 45-49/38,M-48,253,4:06:33,56.06%
337,Michelle De Jong,"Long Beach, CA",709,4:05:32,9:22,F 35-39/22,F-38,84,4:06:21,58.29%
338,Robert Pratt,"Nampa, ID",544,4:05:34,9:22,M 35-39/53,M-38,254,4:06:17,52.38%
339,Doron Tisser,"Encino, CA",415,4:05:39,9:23,M 50-54/20,M-52,255,4:05:58,57.78%
340,Alan Chavarin,"Diamond Bar, CA",1065,4:05:41,9:23,M 35-39/54,M-39,256,4:06:11,52.68%
341,Dori Coetzee,"Huntington Beach, CA",931,4:05:51,9:23,F 45-49/7,F-49,85,4:06:09,64.43%
342,Michael Beauregard,"Los Angeles, CA",107,4:05:58,9:23,M 30-34/39,M-33,257,4:07:28,51.08%
343,Seanna Browder,"Seattle, WA",761,4:06:05,9:24,F 45-49/8,F-49,86,4:06:46,64.37%
344,Susan Calderon,"Saratoga, CA",778,4:06:08,9:24,F 45-49/9,F-49,87,4:06:14,64.36%
345,Trish Kasey,"Irvine, CA",921,4:06:14,9:24,F 40-44/14,F-44,88,4:06:22,61.28%
346,Dan Adams,"Pinon Hills, CA",745,4:06:19,9:24,M 55-59/14,M-59,258,4:12:00,61.32%
347,Rick Vander Ploeg,"Grand Rapids, MI",410,4:06:36,9:25,M 40-44/48,M-42,259,4:07:18,53.50%
348,Timothy Jung,"Loma Linda, CA",771,4:06:37,9:25,M 60-64/4,M-64,260,4:06:40,64.52%
349,Emily Niles,"Costa Mesa, CA",1548,4:06:41,9:25,F 01-24/6,F-20,89,4:14:33,58.74%
350,Elizabeth Mastro,"Tustin, CA",1155,4:06:41,9:25,F 40-44/15,F-40,90,4:07:21,59.02%
351,Anthony Guynes,"Upland, CA",783,4:06:44,9:25,M 30-34/40,M-33,261,4:06:52,50.92%
352,Andrew O'Reilly,"Los Angeles, CA",1300,4:06:49,9:25,M 25-29/25,M-26,262,4:07:26,50.90%
353,Wendy Rullman,"Solvang, CA",270,4:06:54,9:26,F 35-39/23,F-37,91,4:07:35,57.49%
354,Rebecca Card,"La Mirada, CA",1063,4:07:07,9:26,F 01-24/7,F-22,92,4:08:21,57.37%
355,Tom Henderson,"Lowell, MA",748,4:07:23,9:27,M 65-69/1,M-65,263,4:07:59,65.05%
356,Bernadette Creaven,"Seattle, WA",1029,4:07:28,9:27,F 45-49/10,F-49,93,4:07:55,64.01%
357,David Menefee-Libey,"Claremont, CA",1056,4:07:37,9:27,M 45-49/39,M-49,264,4:08:09,55.99%
358,Gene Tsudek,"Irvine, CA",715,4:07:37,9:27,M 40-44/49,M-44,265,4:08:05,54.00%
359,Jannay Morrison,"Irvine, CA",731,4:07:44,9:27,F 40-44/16,F-41,94,4:08:12,59.28%
360,John Purzycki,"Irvine, CA",579,4:07:57,9:28,M 40-44/50,M-41,266,4:09:21,52.86%
361,Mary Krause,"Yorkville, IL",519,4:08:04,9:28,F 50-54/2,F-50,95,4:08:16,64.52%
362,Derek Wilson,"Orange, CA",1109,4:08:04,9:28,M 30-34/41,M-32,267,4:08:40,50.65%
363,Teresa Shively,"Kennewick, WA",619,4:08:05,9:28,F 45-49/11,F-47,96,4:08:45,62.59%
364,James Williamson,"Coeur D Alene, ID",339,4:08:06,9:28,M 45-49/40,M-47,268,4:08:45,55.05%
365,Suzie Lauer,"Hayden, ID",340,4:08:06,9:28,F 45-49/12,F-48,97,4:08:45,63.20%
366,Matthew Labbe,"Clovis, CA",851,4:08:11,9:28,M 30-34/42,M-34,269,4:08:52,50.62%
367,Jeff Huber,"Villa Park, CA",949,4:08:12,9:28,M 45-49/41,M-48,270,4:08:58,55.43%
368,Dana Burns,"Long Beach, CA",837,4:08:20,9:29,F 40-44/17,F-40,98,4:08:43,58.63%
369,Tia Hugie,"Providence, UT",627,4:08:20,9:29,F 45-49/13,F-45,99,4:09:16,61.33%
370,Carson Roy,"New York, NY",786,4:08:26,9:29,M 25-29/26,M-29,271,4:09:10,50.57%
371,Jill Dawson,"Yucaipa, CA",138,4:08:29,9:29,F 40-44/18,F-40,100,4:09:09,58.59%
372,Kent Cooper,"Redlands, CA",1151,4:08:50,9:30,M 35-39/55,M-39,272,4:09:20,52.01%
373,Brian Jones,"Seattle, WA",9694,4:08:52,9:30,M 1-24/20,M-22,273,4:09:26,51.60%
374,Lora Tang,"Riverside, CA",1503,4:08:57,9:30,F 40-44/19,F-41,101,4:09:19,58.99%
375,John Hackbarth,"Cedar Rapids, IA",965,4:09:02,9:30,M 25-29/27,M-25,274,4:09:35,50.45%
376,Michelle Silver,"Cedar Rapids, IA",966,4:09:03,9:30,F 01-24/8,F-24,102,4:09:35,55.86%
377,Michael Eke,"Redondo Beach, CA",1517,4:09:14,9:31,M 40-44/51,M-40,275,4:09:40,52.26%
378,Kevin Michaels,"Aliso Viejo, CA",1006,4:09:18,9:31,M 35-39/56,M-36,276,4:09:51,50.98%
379,Elke Cooper,"Redlands, CA",1152,4:09:20,9:31,F 35-39/24,F-39,103,4:09:20,57.89%
380,Shiliang Liang,"Irvine, CA",1042,4:09:39,9:32,M 40-44/52,M-40,277,4:10:29,52.17%
381,Rick Adams,"Irvine, CA",740,4:09:40,9:32,M 45-49/42,M-49,278,4:11:05,55.53%
382,Ruoyu Susan Liu,"Irvine, CA",1043,4:09:40,9:32,F 30-34/14,F-34,104,4:10:29,55.59%
383,Donald Newhall,"Torrance, CA",967,4:09:42,9:32,M 50-54/21,M-53,279,4:10:17,57.31%
384,Keith Rozanski,"Hermosa Beach, CA",847,4:09:44,9:32,M 30-34/43,M-30,280,4:10:14,50.31%
385,Erin Wheeler,"Portland, OR",980,4:09:56,9:32,F 25-29/24,F-25,105,4:10:13,55.53%
386,Donald Sevesind,"Covina, CA",543,4:10:02,9:33,M 30-34/44,M-33,281,4:15:10,50.25%
387,Jayna Neilson,"Henderson, NV",1474,4:10:06,9:33,F 01-24/9,F-24,106,4:10:42,55.63%
388,Christian Valdes,"Dana Point, CA",1136,4:10:07,9:33,M 35-39/57,M-35,282,4:10:32,50.52%
389,Curt Hardy,"Boise, ID",494,4:10:08,9:33,M 45-49/43,M-47,283,4:10:19,54.60%
390,Emily Chung,"Los Angeles, CA",809,4:10:12,9:33,F 25-29/25,F-28,107,4:10:39,55.47%
391,Manuel Prieto,"Los Angeles, CA",205,4:10:29,9:34,M 45-49/44,M-46,284,4:43:13,54.13%
392,Alan Singleton,"Lake Balboa, CA",380,4:10:30,9:34,M 40-44/53,M-42,285,4:10:41,52.67%
393,Cherylynn Higa,"Brea, CA",157,4:10:33,9:34,F 35-39/25,F-38,108,4:11:30,57.13%
394,Evelyn Khachikian,"La Crescenta, CA",170,4:10:44,9:34,F 25-29/26,F-25,109,4:11:07,55.35%
395,Dennis Barr,"Ridge, MD",691,4:10:48,9:34,M 50-54/22,M-54,286,4:11:15,57.55%
396,Howard Gest,"Santa Monica, CA",888,4:10:53,9:35,M 55-59/15,M-56,287,4:11:23,58.54%
397,Alan Tran,"Huntington Beach, CA",676,4:11:03,9:35,M 40-44/54,M-42,288,4:13:06,52.55%
398,Steve Shapiro,"Corona Del Mar, CA",1808,4:11:03,9:35,M 40-44/55,M-41,289,4:13:06,52.21%
399,Julie Nelson,"Orange, CA",1033,4:11:04,9:35,F 01-24/10,F-23,110,4:12:35,55.92%
400,Christine Dibugnara,"Hermosa Beach, CA",1307,4:11:05,9:35,F 30-34/15,F-30,111,4:12:44,55.28%
401,Chris Boles,"Mission Viejo, CA",1335,4:11:07,9:35,M 40-44/56,M-42,290,4:11:55,52.54%
402,Justin Renton,"Escondido, CA",1118,4:11:33,9:36,M 1-24/21,M-22,291,4:12:33,51.05%
403,Linda Taylor,"Phelan, CA",1026,4:11:35,9:36,F 45-49/14,F-47,112,4:12:22,61.71%
404,Lucely Escamilla,"Los Angeles, CA",555,4:11:37,9:36,F 30-34/16,F-34,113,4:12:05,55.16%
405,Benjamin Barfield,"Hawthorne, CA",973,4:11:46,9:37,M 25-29/28,M-27,292,4:12:27,49.90%
406,Mervyn Cooper,"Santa Monica, CA",742,4:11:50,9:37,M 65-69/2,M-69,293,4:12:29,67.12%
407,Mani Ehteshami,"Redding, CA",143,4:11:52,9:37,M 50-54/23,M-52,294,4:12:01,56.36%
408,John Diaz,"Miami, FL",394,4:11:53,9:37,M 30-34/45,M-31,295,4:12:38,49.88%
409,Lisa Doud,"Irvine, CA",1291,4:11:55,9:37,F 40-44/20,F-42,114,4:13:09,58.82%
410,Sara Maher,"Grand Rapids, MI",749,4:11:59,9:37,F 25-29/27,F-29,115,4:12:41,55.08%
411,Gary Geuss,"Studio City, CA",150,4:12:06,9:37,M 45-49/45,M-49,296,4:12:33,54.99%
412,Jukka Tarnanen,"Vantaa, ",751,4:12:12,9:38,M 40-44/57,M-43,297,4:12:52,52.66%
413,Mark Domzal,"Chicago, IL",807,4:12:32,9:38,M 30-34/46,M-30,298,4:12:39,49.75%
414,Carl Cox,"Lodi, CA",531,4:12:41,9:39,M 50-54/24,M-54,299,4:13:05,57.12%
415,Robyn Holland,"North Tustin, CA",1333,4:12:42,9:39,F 01-24/11,F-23,116,4:14:13,55.56%
416,Sam Chong,"Walnut, CA",585,4:12:44,9:39,M 50-54/25,M-50,300,4:12:48,55.28%
417,Heather Petersen,"Hermosa Beach, CA",552,4:12:45,9:39,F 25-29/28,F-28,117,4:13:29,54.91%
418,Darla Phillips,"South Pasadena, CA",1515,4:12:46,9:39,F 25-29/29,F-26,118,4:13:29,54.91%
419,Ignacio Bucio,"Oxnard, CA",118,4:12:49,9:39,M 30-34/47,M-30,301,4:12:55,49.70%
420,Rhea Borja,"Pasadena, CA",780,4:13:06,9:40,F 35-39/26,F-38,119,4:13:39,56.55%
421,Linda Pinard,"San Jose, CA",988,4:13:12,9:40,F 45-49/15,F-46,120,4:13:42,60.73%
422,Donna Botkin,"Manchester, MO",862,4:13:12,9:40,F 50-54/3,F-54,121,4:13:52,66.01%
423,Stan Broadfoot,"Yorba Linda, CA",117,4:13:17,9:40,M 55-59/16,M-56,302,4:13:49,57.99%
424,Paul Liu,"Tustin, CA",594,4:13:36,9:41,M 40-44/58,M-42,303,4:14:06,52.02%
425,Jack Kim,"Santa Ana, CA",929,4:13:38,9:41,M 50-54/26,M-53,304,4:14:50,56.43%
426,Don Lewis,"Long Beach, CA",1415,4:13:41,9:41,M 45-49/46,M-48,305,4:14:45,54.24%
427,Cindy Slack,"Lake Havasu City, AZ",1254,4:13:47,9:41,F 45-49/16,F-46,122,4:14:41,60.59%
428,Gwen King,"Columbus, OH",1226,4:13:49,9:41,F 30-34/17,F-32,123,4:14:25,54.68%
429,Susan Steele,"Coatesville, PA",523,4:13:59,9:42,F 45-49/17,F-49,124,4:14:52,62.37%
430,Dennis Kato,"Huntington Beach, CA",407,4:13:59,9:42,M 45-49/47,M-49,306,4:14:52,54.58%
431,Jimmy Andres,"Fullerton, CA",1138,4:13:59,9:42,M 45-49/48,M-48,307,4:14:52,54.17%
432,Juan Cerna,"Fountain Valley, CA",1005,4:14:05,9:42,M 35-39/58,M-36,308,4:14:42,50.02%
433,R Greene,"Trabuco Canyon, CA",1201,4:14:12,9:42,M 50-54/27,M-52,309,4:14:37,55.84%
434,Elizabeth Willey,"Glendale, CA",1824,4:14:15,9:42,F 01-24/12,F-21,125,4:15:18,56.35%
435,Myung Park,"Pasadena, CA",200,4:14:24,9:43,M 65-69/3,M-65,310,4:15:03,63.26%
436,Erin Thompson,"Saskatoon, ",1037,4:14:35,9:43,F 30-34/18,F-30,126,4:15:20,54.52%
437,Steve Manchester,"Riverside, CA",908,4:14:47,9:44,M 45-49/49,M-47,311,4:15:10,53.61%
438,Terra McIntosh,"Costa Mesa, CA",1519,4:14:48,9:44,F 25-29/30,F-25,127,4:15:44,54.47%
439,Glenn Sanford,"Bellingham, WA",708,4:15:05,9:44,M 40-44/59,M-41,312,4:15:30,51.39%
440,Lauriejo Hall,"Marietta, OH",1314,4:15:21,9:45,F 30-34/19,F-31,128,4:15:48,54.35%
441,Dawn Vonderheide,"Fullerton, CA",1139,4:15:28,9:45,F 50-54/4,F-52,129,4:16:21,63.99%
442,Aaron Pitt,"Fort Collins, CO",428,4:15:30,9:45,M 30-34/48,M-30,313,4:17:01,49.17%
443,Catherine McNair,"Kirkland, WA",874,4:15:39,9:46,F 35-39/27,F-39,130,4:16:08,56.46%
444,Tom Weinum,"Rancho Santa Margarita, CA",816,4:15:39,9:46,M 55-59/17,M-57,314,4:16:28,57.98%
445,Dan Sheeran,"Lakewood, CA",1092,4:15:45,9:46,M 45-49/50,M-45,315,4:17:12,52.65%
446,Anne Brandvold,"Huntington Beach, CA",116,4:15:46,9:46,F 40-44/21,F-43,131,4:16:00,58.45%
447,Marissa Phatipat,"Chino Hills, CA",1027,4:15:49,9:46,F 01-24/13,F-24,132,4:16:22,54.39%
448,Geoffrey Stowe,"Herndon, VA",892,4:16:09,9:47,M 25-29/29,M-25,316,4:16:46,49.05%
449,Megan Vander Ploeg,"Grand Rapids, MI",810,4:16:15,9:47,F 25-29/31,F-25,133,4:16:58,54.16%
450,Adrian Daniels,"Escondido, CA",879,4:16:20,9:47,M 1-24/22,M-22,317,4:17:21,50.10%
451,Jim Dascoulias,"Descanso, CA",1148,4:16:26,9:47,M 50-54/28,M-50,318,4:17:06,54.48%
452,Hugh Estes,"Seal Beach, CA",1115,4:16:47,9:48,M 40-44/60,M-41,319,4:16:54,51.05%
453,Marta Medina,"Los Angeles, CA",596,4:17:05,9:49,F 45-49/18,F-49,134,4:17:39,61.61%
454,Mark Petersen,"Las Cruces, NM",713,4:17:11,9:49,M 55-59/18,M-56,320,4:17:45,57.11%
455,Steve Shea,"San Jose, CA",658,4:17:25,9:50,M 25-29/30,M-27,321,4:17:50,48.81%
456,Kazuhide Okumura,"Los Angeles, CA",821,4:17:45,9:50,M 60-64/5,M-64,322,4:18:35,61.73%
457,Ken Dixon,"Huntington Beach, CA",1191,4:18:00,9:51,M 35-39/59,M-37,323,4:18:24,49.55%
458,Rj Beaty,"Chicago, IL",1564,4:18:16,9:52,M 35-39/60,M-36,324,4:18:43,49.21%
459,Eric Neumann,"Ferndale, CA",1702,4:18:18,9:52,M 30-34/49,M-31,325,4:19:01,48.64%
460,Natalie Smith,"Maple Ridge, BC",1047,4:18:28,9:52,F 40-44/22,F-44,135,4:19:01,58.38%
461,Allen Gates,"Modesto, CA",1142,4:18:28,9:52,M 45-49/51,M-45,326,4:19:17,52.09%
462,Rachel Ney-Sokolovic,"Brooklyn, NY",758,4:18:46,9:53,F 25-29/32,F-28,136,4:19:32,53.64%
463,Ross Surrency,"Huntington Beach, CA",1193,4:18:53,9:53,M 40-44/61,M-40,327,4:19:37,50.31%
464,Veronique Selby,"Spring Valley, CA",547,4:18:54,9:53,F 40-44/23,F-43,137,4:19:35,57.75%
465,Carmelo Vaca,"Long Beach, CA",1007,4:19:06,9:53,M 35-39/61,M-35,328,4:20:24,48.77%
466,Kirk Scott,"San Clemente, CA",1454,4:19:07,9:53,M 50-54/29,M-50,329,4:20:03,53.91%
467,Michael Lane,"San Diego, CA",1368,4:19:50,9:55,M 35-39/62,M-35,330,4:20:54,48.62%
468,Linda Rowe-O'Neal,"Des Moines, WA",743,4:19:55,9:55,F 50-54/5,F-53,138,4:20:11,63.59%
469,Emily Dean,"Oklahoma City, OK",1371,4:20:02,9:56,F 25-29/33,F-26,139,4:21:01,53.37%
470,Landon Dean,"Oklahoma City, OK",1203,4:20:03,9:56,M 25-29/31,M-28,331,4:21:01,48.31%
471,Jude Nazareth,"Las Vegas, NV",1074,4:20:10,9:56,M 30-34/50,M-34,332,4:21:17,48.29%
472,Archie Guevarra,"Lake Forest, CA",849,4:20:21,9:56,M 35-39/63,M-38,333,4:20:33,49.41%
473,Jeffrey Wright,"Winnetka, CA",956,4:20:30,9:57,M 25-29/32,M-28,334,4:21:22,48.23%
474,Gloria Argumedo,"Los Angeles, CA",680,4:20:33,9:57,F 35-39/28,F-37,140,4:20:55,54.48%
475,Bill Gross,"Ridgefield, CT",617,4:20:38,9:57,M 50-54/30,M-54,335,4:20:44,55.38%
476,David Alva,"Bakersfield, CA",285,4:20:40,9:57,M 60-64/6,M-60,336,4:27:41,58.52%
477,Christine Helsby,"Fresno, CA",1010,4:20:55,9:58,F 25-29/34,F-29,141,4:22:31,53.19%
478,Jessica Clyne,"Glendale, AZ",1080,4:20:58,9:58,F 30-34/20,F-30,142,4:21:44,53.18%
479,Deborah Melton,"San Luis Obispo, CA",902,4:21:10,9:58,F 35-39/29,F-36,143,4:22:07,53.91%
480,Ronald Kageyama,"Los Angeles, CA",1188,4:21:25,9:59,M 45-49/52,M-45,337,4:22:48,51.51%
481,Chris Bush,"Hermosa Beach, CA",655,4:21:25,9:59,M 30-34/51,M-31,338,4:22:03,48.06%
482,Jennifer Odrich,"Castaic, CA",1332,4:21:29,9:59,F 35-39/30,F-35,144,4:22:28,53.41%
483,Hong-Taek Chung,"Riverside, CA",729,4:21:50,10:00,M 60-64/7,M-60,339,4:22:05,58.26%
484,Ryan Flanagan,"Newport Beach, CA",1677,4:21:55,10:00,M 25-29/33,M-25,340,4:22:12,47.97%
485,Andrew Pier,"Huntington Beach, CA",5713,4:21:56,10:00,M 40-44/62,M-43,341,4:21:56,50.70%
486,Yasuyuki Unno,"Irvine, CA",840,4:22:05,10:00,M 40-44/63,M-44,342,4:22:08,51.02%
487,Wing Chan,"Carlsbad, CA",1206,4:22:05,10:00,M 35-39/64,M-39,343,4:23:20,49.38%
488,Micah Shelton,"Los Angeles, CA",960,4:22:13,10:01,M 25-29/34,M-29,344,4:22:20,47.92%
489,Eric Klingsporn,"Tustin, CA",1818,4:22:26,10:01,M 35-39/65,M-36,345,4:22:43,48.43%
490,Brenda Graff,"St George, UT",672,4:22:37,10:01,F 45-49/19,F-49,145,4:23:39,60.32%
491,Debbra Zockoll,"Saint George, UT",893,4:22:38,10:02,F 50-54/6,F-51,146,4:23:39,61.58%
492,Kelly Douglas,"Santa Ana, CA",244,4:22:39,10:02,F 01-24/14,F-23,147,4:23:54,53.45%
493,Rob McNair,"Huntington Beach, CA",187,4:22:52,10:02,M 50-54/31,M-53,346,4:23:27,54.44%
494,Robert Szekeresh,"Huntington Beach, CA",873,4:22:52,10:02,M 60-64/8,M-60,347,4:23:26,58.03%
495,Blake Dirickson,"Saratoga, CA",1002,4:22:59,10:02,M 25-29/35,M-28,348,4:23:24,47.78%
496,Debbie Gasser,"Mission Viejo, CA",843,4:23:03,10:02,F 40-44/24,F-42,148,4:23:19,56.33%
497,David Ure,"Laguna Niguel, CA",412,4:23:09,10:03,M 35-39/66,M-37,349,4:23:53,48.58%
498,Jason Parker,"Maple Grove, MN",904,4:23:29,10:03,M 35-39/67,M-36,350,4:24:27,48.24%
499,Heidi Kaiserman,"Park City, UT",647,4:23:30,10:03,F 35-39/31,F-37,149,4:23:55,53.87%
500,Stacy Embretson,"Long Beach, CA",1330,4:23:30,10:03,F 35-39/32,F-35,150,4:24:48,53.00%
501,Kevin Spenla,"Fpo, AP",301,4:23:31,10:04,M 1-24/23,M-22,351,4:24:32,48.73%
502,Svetlana Lysenko,"Fresno, CA",1015,4:23:34,10:04,F 35-39/33,F-37,151,4:24:00,53.86%
503,Michelle Daly,"Broken Arrow, OK",1088,4:23:35,10:04,F 01-24/15,F-23,152,4:24:08,53.26%
504,Henry Guzman,"Boulder, CO",1815,4:23:42,10:04,M 40-44/64,M-43,352,4:23:50,50.37%
505,Mary Butler,"Boulder, CO",1082,4:23:42,10:04,F 30-34/21,F-33,153,4:23:51,52.63%
506,Ricardo Mendoza,"Alhambra, CA",1105,4:23:54,10:04,M 25-29/36,M-29,353,4:24:00,47.61%
507,James Wu,"Newbury Park, CA",496,4:24:00,10:05,M 40-44/65,M-44,354,4:35:50,50.65%
508,Carol Bautista,"Hacienda Heights, CA",1774,4:24:21,10:05,F 55-59/2,F-58,154,4:24:21,66.31%
509,Robert Moreno,"Irvine, CA",1329,4:24:27,10:06,M 35-39/68,M-39,355,4:24:48,48.94%
510,Meagan Keener,"Albuquerque, NM",1059,4:24:30,10:06,F 25-29/35,F-28,155,4:25:33,52.47%
511,Stefanie Parey,"Columbus, OH",681,4:24:39,10:06,F 35-39/34,F-35,156,4:24:55,52.77%
512,David Ruehlman,"Lompoc, CA",705,4:24:40,10:06,M 35-39/69,M-39,356,4:25:12,48.90%
513,Maria Bright,"Mission Viejo, CA",1068,4:24:43,10:06,F 40-44/25,F-40,157,4:24:43,55.00%
514,Wendy Barth,"Glendora, CA",1591,4:24:47,10:06,F 35-39/35,F-35,158,4:25:42,52.75%
515,Joe Garcia,"Newbury Park, CA",987,4:25:03,10:07,M 45-49/53,M-46,357,4:36:51,51.16%
516,Lawrence Crane,"Montrose, CA",131,4:25:09,10:07,M 40-44/66,M-40,358,4:25:27,49.12%
517,Catherine Goldman,"Costa Mesa, CA",1712,4:25:15,10:07,F 30-34/22,F-31,159,4:26:35,52.32%
518,Carl Spradling,"Wheatland, CA",661,4:25:24,10:08,M 40-44/67,M-41,359,4:26:13,49.39%
519,Laura Scotty,"San Diego, CA",1788,4:25:32,10:08,F 35-39/36,F-39,160,4:26:54,54.36%
520,Nancy Ishizawa,"Cerritos, CA",163,4:25:46,10:09,F 40-44/26,F-42,161,4:26:36,55.75%
521,Adam Molina,"New York, NY",1798,4:25:51,10:09,M 25-29/37,M-29,360,4:26:09,47.26%
522,Ali Arastu,"Chino Hills, CA",995,4:26:03,10:09,M 1-24/24,M-22,361,4:26:48,48.27%
523,James Doti,"Villa Park, CA",976,4:26:16,10:10,M 60-64/9,M-61,362,4:26:39,57.87%
524,Kelli Hustead,"St George, UT",922,4:26:24,10:10,F 35-39/37,F-36,162,4:27:24,52.85%
525,Alberto Ornelas,"Los Angeles, CA",1361,4:26:30,10:10,M 40-44/68,M-42,363,4:28:27,49.51%
526,Karen Hoffman,"Mission Viejo, CA",1434,4:26:30,10:10,F 35-39/38,F-35,163,4:27:53,52.41%
527,Jan Kendrick,"Henderson, NV",1153,4:26:31,10:10,M 50-54/32,M-54,364,4:27:12,54.15%
528,Kathy Whitaker,"San Clemente, CA",1811,4:26:36,10:11,F 50-54/7,F-52,164,4:27:15,61.32%
529,Brian Tsuyuki,"Roseville, CA",226,4:26:41,10:11,M 55-59/19,M-55,365,4:27:16,54.59%
530,Matthew Cole,"Monrovia, CA",1236,4:26:42,10:11,M 1-24/25,M-22,366,4:28:17,48.15%
531,Norm Santos,"Huntington Beach, CA",212,4:26:45,10:11,M 40-44/69,M-42,367,4:27:35,49.46%
532,Ronald Bergeson,"Eugene, OR",1019,4:26:54,10:11,M 55-59/20,M-58,368,4:27:25,56.05%
533,Linda Vidov,"Pasadena, CA",795,4:26:56,10:11,F 25-29/36,F-25,165,4:38:28,51.99%
534,Andrew Bramblett,"Huntington Beach, CA",1045,4:27:32,10:13,M 40-44/70,M-40,369,4:28:31,48.68%
535,Leonid Bychkovsky,"Long Beach, CA",121,4:27:33,10:13,M 50-54/33,M-51,370,4:28:22,52.63%
536,Rich Shimano,"Walnut Creek, CA",1372,4:27:39,10:13,M 40-44/71,M-41,371,4:28:45,48.97%
537,Kevin Curren,"Camarillo, CA",599,4:27:45,10:13,M 35-39/70,M-37,372,4:28:56,47.75%
538,Steve Long,"San Jose, CA",871,4:27:54,10:14,M 40-44/72,M-43,373,4:28:49,49.58%
539,Sam Louie,"Los Angeles, CA",766,4:27:55,10:14,M 40-44/73,M-40,374,4:29:13,48.61%
540,Maux Kayne,"Irvine, CA",511,4:28:07,10:14,M 30-34/52,M-30,375,4:28:10,46.86%
541,Jim Nixon,"Chino Hills, CA",917,4:28:07,10:14,M 55-59/21,M-58,376,4:28:27,55.80%
542,Deanna Folgner-Diaz,"Santa Ynez, CA",836,4:28:21,10:15,F 30-34/23,F-31,166,4:29:02,51.72%
543,Silverio Rivas,"Alta Loma, CA",1025,4:28:34,10:15,M 50-54/34,M-50,377,4:29:20,52.02%
544,Mark Ornstein,"Las Vegas, NV",757,4:28:40,10:15,M 45-49/54,M-49,378,4:29:10,51.60%
545,James Potapa,"Kentwood, MI",1161,4:28:51,10:16,M 55-59/22,M-58,379,4:29:33,55.65%
546,Jong Kim,"Fullerton, CA",171,4:29:20,10:17,M 55-59/23,M-59,380,4:29:45,56.08%
547,Cathy Aleman,"Quincy, IL",951,4:29:20,10:17,F 40-44/27,F-40,167,4:29:57,54.05%
548,Jeff Polak,"Los Angeles, CA",1101,4:29:20,10:17,M 35-39/71,M-37,381,4:29:47,47.47%
549,Dana Ziegert,"Ventura, CA",1520,4:29:22,10:17,F 30-34/24,F-31,168,4:30:52,51.53%
550,Alison Williams,"San Jose, CA",1255,4:29:23,10:17,F 25-29/37,F-27,169,4:29:49,51.52%
551,Derek Coy,"Baytown, TX",923,4:29:32,10:17,M 1-24/26,M-22,382,4:30:10,47.65%
552,Rex Uzelac,"Quincy, IL",1394,4:29:33,10:17,M 45-49/55,M-45,383,4:30:10,49.95%
553,Nicol Tushla,"La Habra, CA",1098,4:29:42,10:18,F 35-39/39,F-38,170,4:30:04,53.07%
554,Brian Bruns,"Westminster, CA",726,4:29:44,10:18,M 25-29/38,M-25,384,4:31:03,46.58%
555,David Campbell,"Glendale, CA",124,4:29:44,10:18,M 50-54/35,M-52,385,4:57:58,52.62%
556,Dylan Stclair,"Casper, WY",955,4:30:10,10:19,M 1-24/27,M-18,386,4:30:20,49.85%
557,Jody Callihan,"Huntington Beach, CA",6060,4:30:13,10:19,M 45-49/56,M-46,387,4:31:52,50.18%
558,Catharine Fix,"Lakewood, CA",1316,4:30:13,10:19,F 25-29/38,F-25,171,4:30:31,51.36%
559,Chris Coon,"Huntington Beach, CA",834,4:30:14,10:19,M 40-44/74,M-44,388,4:31:21,49.48%
560,John Wood,"Huntington Beach, CA",436,4:30:14,10:19,M 40-44/75,M-44,390,4:30:36,49.48%
561,Greg Parra,"Huntington Beach, CA",1309,4:30:14,10:19,M 45-49/57,M-46,389,4:30:35,50.18%
562,Jenny Jones,"Ottumwa, IA",940,4:30:15,10:19,F 40-44/28,F-44,172,4:30:47,55.83%
563,Andy Rose,"Gunnison, CO",946,4:30:16,10:19,M 35-39/72,M-37,391,4:30:47,47.31%
564,Heather Herzog,"Sagamore Hls, OH",1393,4:30:24,10:19,F 25-29/39,F-26,173,4:30:39,51.33%
565,Yun Kim,"Garden Grove, CA",1827,4:30:30,10:20,M 50-54/36,M-53,392,4:30:46,52.91%
566,Randy Kam,"Tehachapi, CA",167,4:30:37,10:20,M 50-54/37,M-50,393,4:31:12,51.62%
567,Katherine Remington,"Irvine, CA",1268,4:30:46,10:20,F 35-39/40,F-35,174,4:32:11,51.58%
568,Ted Liston,"Tujunga, CA",530,4:30:47,10:20,M 50-54/38,M-50,394,4:32:09,51.59%
569,Alex Cortes,"Long Beach, CA",261,4:30:48,10:20,M 35-39/73,M-35,395,4:30:48,46.66%
570,Mark Haley,"Lagrange, KY",804,4:31:00,10:21,M 35-39/74,M-37,396,4:31:42,47.18%
571,Victoria Richards,"Long Beach, CA",1000,4:31:12,10:21,F 35-39/41,F-36,175,4:31:34,51.91%
572,Liam Mycroft,"Dublin, ",516,4:31:14,10:21,M 45-49/58,M-49,397,4:31:34,51.11%
573,Richard Garrett,"Bakersfield, CA",634,4:31:15,10:21,M 45-49/59,M-48,398,4:31:29,50.72%
574,Tammy Zeptner,"Mansfield, TX",1001,4:31:20,10:21,F 45-49/20,F-46,176,4:31:39,56.67%
575,Tamara Hopkins,"Westlake Village, CA",626,4:31:21,10:21,F 45-49/21,F-49,177,4:31:39,58.37%
576,Scott Rylander,"Austin, TX",746,4:31:39,10:22,M 35-39/75,M-35,399,4:32:39,46.51%
577,Bob Hankins,"Maple Grove, MN",936,4:31:42,10:22,M 35-39/76,M-38,400,4:33:10,47.34%
578,Chris Krull,"Minneapolis, MN",935,4:31:42,10:22,M 40-44/76,M-41,401,4:33:09,48.24%
579,Stephen Bouwkamp,"Farmington Hills, MI",799,4:31:42,10:22,M 55-59/24,M-55,402,4:32:16,53.58%
580,Matthew Bradbury,"Covina, CA",1108,4:32:16,10:24,M 30-34/53,M-33,403,4:32:38,46.15%
581,Susannah Labbe,"Clovis, CA",682,4:32:17,10:24,F 30-34/25,F-31,178,4:32:58,50.97%
582,Daniel Cenci,"Bellflower, CA",1046,4:32:20,10:24,M 40-44/77,M-41,404,4:32:56,48.13%
583,Zach Hunt,"Los Angeles, CA",1232,4:32:31,10:24,M 30-34/54,M-31,405,4:33:14,46.10%
584,Kenneth Guinn,"Lynnwood, WA",942,4:32:46,10:25,M 40-44/78,M-44,406,4:33:53,49.02%
585,Jim Goossen,"Castaic, CA",992,4:33:21,10:26,M 40-44/79,M-41,407,4:34:01,47.95%
586,Larry Rich,"Monrovia, CA",12925,4:33:21,10:26,M 45-49/60,M-47,408,4:33:56,49.96%
587,Marcia Soto,"Lake Forest, CA",642,4:33:28,10:26,F 45-49/22,F-48,179,4:33:45,57.34%
588,Christopher Miller,"Denver, CO",961,4:34:14,10:28,M 1-24/28,M-24,409,4:35:05,46.03%
589,Tom Dugan,"Newport Beach, CA",140,4:34:24,10:28,M 45-49/61,M-46,410,4:35:10,49.42%
590,David Chong,"Fullerton, CA",1828,4:34:28,10:29,M 35-39/77,M-35,411,4:34:41,46.04%
591,Clarice Scarry,"Fresno, CA",1510,4:34:32,10:29,F 35-39/42,F-36,180,4:35:17,51.28%
592,Tom Hosner,"Trabuco Canyon, CA",1099,4:34:33,10:29,M 55-59/25,M-57,412,4:35:54,53.99%
593,Michael Lucas,"Austin, TX",711,4:34:47,10:29,M 40-44/80,M-41,413,4:35:08,47.70%
594,Ray Chien,"Monrovia, CA",1197,4:34:54,10:30,M 45-49/62,M-48,414,4:35:24,50.05%
595,Wilson Liu,"Arcadia, CA",181,4:34:54,10:30,M 50-54/39,M-50,415,4:35:23,50.82%
596,Tyler Holst,"Huntington Beach, CA",1243,4:35:00,10:30,M 25-29/39,M-27,416,4:35:36,45.69%
597,Tuan Nguyen,"Santa Ana, CA",846,4:35:02,10:30,M 1-24/29,M-18,417,4:35:02,48.96%
598,Brian Drozd,"Los Angeles, CA",1227,4:35:05,10:30,M 30-34/55,M-30,418,4:36:06,45.67%
599,Thomas Rau,"Tustin, CA",1077,4:35:05,10:30,M 40-44/81,M-43,419,4:35:52,48.28%
600,Sheri Okamoto,"Los Angeles, CA",198,4:35:07,10:30,F 45-49/23,F-48,181,4:36:19,57.00%
601,Nikki Neumayer,"Arlington Heights, IL",1141,4:35:09,10:30,F 25-29/40,F-29,182,4:36:14,50.44%
602,Maggie Ward,"Sacramento, CA",1190,4:35:15,10:30,F 60-64/1,F-60,183,4:35:42,65.33%
603,Arthur Otsuka,"San Pedro, CA",1344,4:35:15,10:30,M 45-49/63,M-48,420,4:35:30,49.99%
604,Barbara Harrington,"Huntington Beach, CA",154,4:35:19,10:31,F 30-34/26,F-33,184,4:35:21,50.41%
605,Dean Blodgett,"West Covina, CA",111,4:35:24,10:31,M 45-49/64,M-46,421,4:36:44,49.24%
606,Jens McNaughton,"Cupertino, CA",962,4:35:26,10:31,M 35-39/78,M-36,422,4:36:20,46.14%
607,Howard Levine,"Anchorage, AK",1143,4:35:26,10:31,M 50-54/40,M-52,423,4:35:46,51.53%
608,Heidi Claus,"Manhattan, KS",1111,4:35:26,10:31,F 01-24/16,F-24,185,4:37:02,50.51%
609,Scott Morey,"Manhattan, KS",857,4:35:27,10:31,M 1-24/30,M-23,424,4:37:02,46.20%
610,Lesley Kovar,"Snohomish, WA",1248,4:35:28,10:31,F 45-49/24,F-48,186,4:35:55,56.92%
611,Martijn Linden,"Long Beach, CA",964,4:35:29,10:31,M 30-34/56,M-34,425,4:36:09,45.61%
612,Lynwood Lord,"Santa Monica, CA",1301,4:35:30,10:31,M 35-39/79,M-36,426,4:38:38,46.13%
613,Larry Buchanan,"Portland, OR",490,4:35:32,10:31,M 35-39/80,M-36,427,4:35:49,46.13%
614,Veronica Perez,"Westminster, CA",1494,4:35:32,10:31,F 25-29/41,F-26,187,4:36:00,50.37%
615,Susan Buchanan,"Portland, OR",1313,4:35:32,10:31,F 40-44/29,F-40,188,4:35:49,52.84%
616,David Glassman,"Redondo Beach, CA",1495,4:35:33,10:31,M 25-29/40,M-25,428,4:36:00,45.60%
617,Aliisa Tornikoski,"Canoga Park, CA",1282,4:35:33,10:31,F 25-29/42,F-26,189,4:36:24,50.37%
618,Dane Pearson,"Medford, OR",558,4:35:41,10:31,M 1-24/31,M-18,429,4:35:57,48.85%
619,John Downing,"Aliso Viejo, CA",1555,4:35:44,10:31,M 45-49/65,M-45,430,4:36:33,48.83%
620,Kevin Brosi,"Flower Mound, TX",1328,4:35:44,10:31,M 50-54/41,M-52,431,4:36:28,51.48%
621,Lisa Frick,"Murrieta, CA",1292,4:35:50,10:32,F 45-49/25,F-45,190,4:36:19,55.22%
622,Michele Hill,"Santa Rosa, CA",901,4:35:59,10:32,F 40-44/30,F-42,191,4:36:46,53.69%
623,Felicia Young,"Huntington Beach, CA",1384,4:36:05,10:32,F 50-54/8,F-51,192,4:37:19,58.58%
624,Georgette Sleeth,"Fountain Valley, CA",218,4:36:07,10:32,F 35-39/43,F-38,193,4:36:51,51.84%
625,Andrew Altman,"Orange, CA",102,4:36:09,10:32,M 50-54/42,M-53,432,4:39:24,51.82%
626,Jin Taik Chung,"Los Angeles, CA",2976,4:36:14,10:33,M 60-64/10,M-60,433,4:37:54,55.22%
627,Jean Laroche,"Santa Monica, CA",177,4:36:22,10:33,M 55-59/26,M-55,434,4:37:32,52.68%
628,Stanley Lowe,"Newport Beach, CA",1112,4:36:24,10:33,M 40-44/82,M-44,435,4:37:10,48.38%
629,Oscar Diaz,"Santa Ana, CA",1511,4:36:43,10:34,M 30-34/57,M-34,436,4:37:17,45.40%
630,Ben Stripe,"Santa Ana, CA",1582,4:36:54,10:34,M 50-54/43,M-50,437,4:38:02,50.45%
631,Don McNeil,"Hacienda Heights, CA",1695,4:37:09,10:35,M 45-49/66,M-48,438,4:39:07,49.64%
632,Christine Van Dusen,"Millbrae, CA",1577,4:37:10,10:35,F 40-44/31,F-40,194,4:38:38,52.53%
633,Clark Kellogg,"Madison, WI",423,4:37:19,10:35,M 40-44/83,M-42,439,4:37:29,47.57%
634,Erik Chellevold,"Janesville, WI",1104,4:37:41,10:36,M 35-39/81,M-36,440,4:38:43,45.77%
635,Tate Truc Vo,"Los Angeles, CA",1173,4:37:50,10:36,F 30-34/27,F-31,195,4:37:53,49.96%
636,Wendy Prediger,"Sylvan Lake, CA",622,4:37:53,10:36,F 40-44/32,F-40,196,4:38:15,52.39%
637,Mike McCoy,"Cerritos, CA",1360,4:37:54,10:36,M 45-49/67,M-49,441,4:38:32,49.88%
638,Bri Caldara,"Federal Way, WA",1095,4:37:58,10:37,F 25-29/43,F-27,197,4:39:04,49.93%
639,Larry Studer,"Salem, OR",1044,4:37:59,10:37,M 50-54/44,M-50,442,4:38:28,50.25%
640,Deb Wilding,"Salem, OR",1249,4:38:01,10:37,F 50-54/9,F-53,198,4:38:28,59.45%
641,Peter Chung,"Loma Linda, CA",854,4:38:02,10:37,M 60-64/11,M-63,443,4:38:04,56.60%
642,Rick Shackelford,"Thousand Oaks, CA",1829,4:38:03,10:37,M 40-44/84,M-44,444,5:09:19,48.09%
643,Monika Kretzschmar,"Salem, OR",1386,4:38:06,10:37,F 35-39/44,F-37,199,4:39:20,51.04%
644,Craig Hugie,"Providence, UT",895,4:38:11,10:37,M 45-49/68,M-46,445,4:39:07,48.74%
645,Phillip Graves,"Chino, CA",1107,4:38:22,10:38,M 50-54/45,M-51,446,4:38:45,50.58%
646,Colin Bornia,"Niland, CA",1093,4:38:56,10:39,M 40-44/85,M-40,447,4:39:59,46.69%
647,Kelly Yokoe,"Huntington Beach, CA",232,4:38:56,10:39,M 35-39/82,M-36,448,4:39:53,45.56%
648,Karen Bassoff,"Anaheim, CA",1338,4:38:59,10:39,F 50-54/10,F-50,200,4:40:16,57.37%
649,John Gillespie,"Anaheim, CA",1355,4:38:59,10:39,M 50-54/46,M-54,449,4:40:16,51.73%
650,Manuel Charca,"San Dimas, CA",1251,4:39:03,10:39,M 45-49/69,M-46,450,4:39:57,48.59%
651,Jill Sperber,"Dana Point, CA",1689,4:39:06,10:39,F 30-34/28,F-32,201,4:39:31,49.73%
652,Conrad King,"Ayrshire, ",812,4:39:22,10:40,M 40-44/86,M-41,451,4:39:58,46.92%
653,Amanda Schneider,"Milwaukee, WI",1738,4:39:30,10:40,F 30-34/29,F-30,202,4:40:57,49.66%
654,Pamela Pietrafesa,"Los Angeles, CA",1066,4:39:33,10:40,F 40-44/33,F-41,203,4:39:55,52.53%
655,Barrett Crandall,"Santa Maria, CA",464,4:39:35,10:40,M 25-29/41,M-27,452,4:39:36,44.94%
656,Paul Holstege,"Salem, OR",665,4:39:41,10:41,M 55-59/27,M-57,453,4:40:09,52.99%
657,Mark Offenbacher,"Santa Monica, CA",533,4:39:41,10:41,M 50-54/47,M-53,454,4:40:09,51.17%
658,Matthew McGonigle,"San Diego, CA",1229,4:39:57,10:41,M 35-39/83,M-38,455,4:40:48,45.95%
659,Victor Macaluso,"Bethpage, NY",1166,4:39:58,10:41,M 40-44/87,M-40,456,4:40:49,46.52%
660,Stephanie Soltis,"Temecula, CA",1048,4:39:58,10:41,F 25-29/44,F-28,204,4:40:47,49.57%
661,Dale Shotkoski,"Grand Island, NE",1322,4:39:59,10:41,M 45-49/70,M-47,457,4:41:21,48.78%
662,David Parker,"Long Beach, CA",886,4:40:05,10:41,M 30-34/58,M-34,458,4:40:47,44.86%
663,Arthur Andrial,"Tustin, CA",1380,4:40:14,10:42,M 40-44/88,M-42,459,4:41:39,47.08%
664,Jessmar Basaca,"Long Beach, CA",1218,4:40:14,10:42,M 35-39/84,M-39,460,4:40:39,46.18%
665,Charles Schwan Jr,"San Diego, CA",815,4:40:15,10:42,M 60-64/12,M-60,461,4:40:33,54.43%
666,Courtney Chandler,"San Diego, CA",1524,4:40:16,10:42,F 25-29/45,F-27,205,4:41:14,49.52%
667,Scott Jacob,"Surrey, BC",773,4:40:20,10:42,M 40-44/89,M-43,462,4:40:46,47.38%
668,Darren Svab,"Surrey, BC",1064,4:40:20,10:42,M 35-39/85,M-35,463,4:40:46,45.07%
669,Jennifer Irrgang,"Dana Point, CA",1036,4:40:42,10:43,F 35-39/45,F-35,206,4:41:30,49.76%
670,George Border,"Huntington Beach, CA",113,4:40:47,10:43,M 75-79/1,M-79,464,4:41:26,70.43%
671,Ken Saxton,"Huntington Beach, CA",213,4:41:03,10:44,M 50-54/48,M-52,465,4:42:41,50.50%
672,Gladys Aquino,"Northridge, CA",1422,4:41:04,10:44,F 30-34/30,F-31,207,4:42:11,49.38%
673,Colleen Good,"Yorba Linda, CA",1832,4:41:04,10:44,F 45-49/26,F-45,208,4:41:37,54.19%
674,Colleen Vanloh,"Kansas City, MO",1212,4:41:05,10:44,F 50-54/11,F-51,209,4:41:48,57.54%
675,Colette Abbott,"Vermillion, SD",100,4:41:06,10:44,F 50-54/12,F-51,210,4:41:48,57.54%
676,Sean Cahill,"Temecula, CA",1040,4:41:09,10:44,M 35-39/86,M-37,466,4:41:44,45.47%
677,Lourdes Bernal,"Ladera Ranch, CA",1414,4:41:11,10:44,F 35-39/46,F-37,211,4:42:15,50.48%
678,Joel Geary,"Manhattan Beach, CA",1113,4:41:16,10:44,M 30-34/59,M-31,467,4:42:08,44.67%
679,Carlos Aleman,"Exeter, CA",872,4:41:32,10:45,M 40-44/90,M-41,468,4:42:04,46.56%
680,Annie Blackmun,"Hudson, WI",1270,4:41:39,10:45,F 30-34/31,F-31,212,4:43:07,49.28%
681,Sheila Gaalswyk,"Cottage Grove, MN",1456,4:41:39,10:45,F 55-59/3,F-58,213,4:43:08,62.23%
682,Kendra Ryder,"Hudson, WI",1269,4:41:39,10:45,F 35-39/47,F-39,214,4:43:07,51.25%
683,Jessica Newberg,"Chicago, IL",1028,4:42:04,10:46,F 25-29/46,F-25,215,4:42:35,49.21%
684,Erica Newberg,"Chicago, IL",1382,4:42:04,10:46,F 25-29/47,F-26,216,4:42:35,49.21%
685,Steve Clark,"Costa Mesa, CA",128,4:42:07,10:46,M 55-59/28,M-56,469,4:42:55,52.06%
686,Fernando Villaluna,"San Marino, CA",1489,4:42:09,10:46,M 30-34/60,M-34,470,4:42:47,44.53%
687,Timothy Harward,"Santa Ana, CA",600,4:42:20,10:47,M 50-54/49,M-54,471,4:42:37,51.12%
688,Aracely Szalas,"Norco, CA",1070,4:42:20,10:47,F 30-34/32,F-34,217,4:42:49,49.16%
689,Doanh Nguyen,"Huntington Beach, CA",1171,4:42:34,10:47,M 40-44/91,M-43,472,4:44:06,47.00%
690,Kristine Shahmirza,"Millbrae, CA",1016,4:42:41,10:47,F 50-54/13,F-50,218,4:43:42,56.61%
691,John Barcellona,"Huntington Beach, CA",1241,4:42:42,10:47,M 60-64/13,M-60,473,4:43:31,53.96%
692,Katrine Smith,"Layton, UT",1472,4:43:08,10:48,F 01-24/17,F-24,219,4:44:24,49.14%
693,Bonnie Reed,"Corona, CA",958,4:43:12,10:49,F 35-39/48,F-39,220,4:43:39,50.97%
694,Nell French,"Prairie Village, KS",1377,4:43:33,10:49,F 25-29/48,F-29,221,4:44:36,48.95%
695,Dan McCormick,"San Diego, CA",1079,4:43:59,10:50,M 30-34/61,M-33,474,4:44:50,44.24%
696,Kathryn Hulgrave,"San Francisco, CA",1129,4:44:06,10:51,F 25-29/49,F-27,222,4:45:00,48.85%
697,Eric Smies,"Buffalo Grove, IL",910,4:44:29,10:51,M 35-39/87,M-35,475,4:45:15,44.41%
698,Diana Devot-Miltimore,"Chicago, IL",556,4:44:36,10:52,F 25-29/50,F-25,223,4:44:55,48.77%
699,Lacy Wize,"San Jose, CA",933,4:44:43,10:52,F 25-29/51,F-26,224,4:46:00,48.75%
700,Amy Lopez,"Redondo Beach, CA",1365,4:44:56,10:53,F 35-39/49,F-38,225,4:46:33,50.23%
701,Brian McKeever,"Long Beach, CA",963,4:44:59,10:53,M 30-34/62,M-33,476,4:45:42,44.09%
702,Tom Dapice,"Oakland, CA",1297,4:45:01,10:53,M 25-29/42,M-29,477,4:46:25,44.08%
703,Stanley Boganey,"Gardena, CA",959,4:45:01,10:53,M 50-54/50,M-50,478,4:46:38,49.01%
704,Grenda Lee,"Brea, CA",1122,4:45:06,10:53,F 35-39/50,F-37,226,4:46:02,49.79%
705,Guillermo Rios,"Ventura, CA",1399,4:45:27,10:54,M 45-49/71,M-49,479,4:58:38,48.56%
706,Rick Roeber,"Lees Summit, MO",1003,4:45:27,10:54,M 50-54/51,M-52,480,4:46:54,49.72%
707,Charles Pearce,"Huntington Beach, CA",203,4:45:35,10:54,M 55-59/29,M-59,481,4:46:24,52.89%
708,Scott Holman,"Lake Elsinore, CA",818,4:45:39,10:54,M 40-44/92,M-40,482,4:45:49,45.59%
709,Brittany McDonald,"Santa Maria, CA",1228,4:45:47,10:54,F 01-24/18,F-22,227,4:46:44,49.60%
710,Katrina Fuller,"Sherman Oaks, CA",1584,4:45:48,10:55,F 25-29/52,F-29,228,4:46:46,48.56%
711,Sloane Provenza,"Irvine, CA",1433,4:45:58,10:55,F 30-34/33,F-30,229,4:47:16,48.53%
712,Amy Musgrove,"Sun City, CA",1443,4:46:09,10:55,F 25-29/53,F-26,230,4:47:28,48.50%
713,Brandon Musgrove,"Sun City, CA",861,4:46:09,10:55,M 25-29/43,M-29,483,4:47:28,43.91%
714,Gary Law,"Pittsburgh, PA",1233,4:46:15,10:56,M 50-54/52,M-52,484,4:47:14,49.59%
715,Sabrina Ahmad,"Irvine, CA",970,4:46:18,10:56,F 25-29/54,F-27,231,4:47:50,48.48%
716,Denise Tinkess,"Scotts Valley, CA",1391,4:46:33,10:56,F 40-44/34,F-41,232,4:47:27,51.25%
717,Peter Prisbrey,"Glendora, CA",425,4:46:39,10:56,M 25-29/44,M-27,485,4:47:24,43.83%
718,Anne Jacobsen,"Culver City, CA",1418,4:46:50,10:57,F 35-39/51,F-37,233,4:48:03,49.49%
719,Tim Epperly,"West Linn, OR",1311,4:46:51,10:57,M 40-44/93,M-40,486,4:47:19,45.40%
720,Shawn Lucas,"Calabasas, CA",678,4:46:59,10:57,M 40-44/94,M-40,487,4:47:21,45.38%
721,Amy Masino,"Thousand Oaks, CA",1658,4:46:59,10:57,F 40-44/35,F-44,234,4:48:46,52.57%
722,Jerry Russell,"Costa Mesa, CA",1275,4:47:00,10:57,M 50-54/53,M-53,488,4:47:22,49.87%
723,Phil Millard,"Mill Creek, WA",1220,4:47:08,10:58,M 45-49/72,M-48,489,4:48:00,47.92%
724,Brad Holmgren,"Los Gatos, CA",1509,4:47:15,10:58,M 45-49/73,M-47,490,4:48:19,47.55%
725,Bernardo Guzman,"Los Angeles, CA",1742,4:47:16,10:58,M 50-54/54,M-54,491,4:48:24,50.24%
726,Glenn Gaba,"Cypress, CA",850,4:47:20,10:58,M 40-44/95,M-43,492,4:49:44,46.22%
727,Dara Benveniste,"Culver City, CA",1289,4:47:34,10:59,F 35-39/52,F-35,235,4:48:27,48.57%
728,Andrew Romaine,"Chino Hills, CA",452,4:47:48,10:59,M 40-44/96,M-41,493,4:59:19,45.54%
729,Guy Buker,"Huntington Beach, CA",119,4:48:12,11:00,M 40-44/97,M-43,494,4:49:47,46.08%
730,Margaret Janicki,"Akron, OH",1031,4:48:29,11:01,F 30-34/34,F-33,236,4:49:00,48.11%
731,Jerald Sam Pietzold Jr,"Salem, OR",1078,4:48:48,11:01,M 50-54/55,M-50,495,4:49:17,48.37%
732,Theresa Pietzold,"Salem, OR",1278,4:48:48,11:01,F 40-44/36,F-40,237,4:49:17,50.41%
733,Haywood Crowder,"Compton, CA",1341,4:48:53,11:02,M 65-69/4,M-65,496,5:04:10,55.71%
734,Juan Maldonado,"Garden Grove, CA",1352,4:48:53,11:02,M 35-39/88,M-36,497,4:50:18,43.99%
735,Sean Day,"Edmonds, WA",1260,4:48:55,11:02,M 40-44/98,M-40,498,4:49:55,45.08%
736,Ginger Lassy,"Los Angeles, CA",178,4:48:56,11:02,F 65-69/1,F-65,238,4:49:25,66.75%
737,Regina Zumel,"Los Angeles, CA",1407,4:49:05,11:02,F 35-39/53,F-36,239,4:50:18,48.70%
738,Kathryn Wallace,"Los Angeles, CA",8472,4:49:10,11:02,F 40-44/37,F-41,240,4:50:24,50.78%
739,Jason Sigala,"La Jolla, CA",673,4:49:17,11:02,M 30-34/63,M-34,499,4:49:38,43.43%
740,Antoinette Smith,"Chicago, IL",1544,4:49:19,11:03,F 25-29/55,F-28,241,4:50:47,47.97%
741,Michael Kinsella,"Salt Lake City, UT",1324,4:49:23,11:03,M 50-54/56,M-50,500,4:50:34,48.27%
742,Daniel Guerrero,"Huntington Beach, CA",1310,4:49:40,11:03,M 35-39/89,M-38,501,4:51:05,44.41%
743,David Reuter,"Tustin, CA",1554,4:49:49,11:04,M 40-44/99,M-44,502,4:51:07,46.14%
744,Donna Reed,"Surprise, AZ",1336,4:49:53,11:04,F 40-44/38,F-41,242,4:50:52,50.66%
745,Michael Larkin,"Fountain Valley, CA",1067,4:49:56,11:04,M 60-64/14,M-61,503,4:50:41,53.15%
746,Paul Bauer,"Elkton, MD",1451,4:49:58,11:04,M 60-64/15,M-64,504,4:51:08,54.87%
747,Andi Kang,"Fountain Valley, CA",1158,4:50:11,11:05,F 50-54/14,F-50,243,4:50:44,55.15%
748,Mark Tsai,"Ladera Ranch, CA",1388,4:50:44,11:06,M 35-39/90,M-38,505,4:51:52,44.24%
749,Lauren Leal,"San Jose, CA",1302,4:50:48,11:06,F 01-24/19,F-23,244,4:52:15,48.28%
750,Frank Boyle,"Woodland Hills, CA",932,4:50:51,11:06,M 40-44/100,M-40,506,5:23:51,44.78%
751,Shannon Vallanueva,"Midway City, CA",1604,4:50:55,11:06,F 35-39/54,F-39,245,4:52:12,49.62%
752,Caesar Villanueva,"Midway City, CA",1611,4:50:55,11:06,M 35-39/91,M-38,507,4:52:12,44.21%
753,Roy Eads,"Cathedral City, CA",1274,4:51:19,11:07,M 55-59/30,M-55,508,4:52:11,49.97%
754,Richard Hermann,"Irvine, CA",1087,4:51:28,11:07,M 25-29/45,M-28,509,4:52:35,43.11%
755,Thomas Vanravenswaay,"Irvine, CA",1273,4:51:59,11:09,M 40-44/101,M-43,510,4:53:12,45.49%
756,Ralph Otto,"Chula Vista, CA",1637,4:52:16,11:09,M 40-44/102,M-44,511,4:53:25,45.75%
757,Laura Mosqueda,"Pasadena, CA",1374,4:52:20,11:09,F 45-49/27,F-47,246,4:53:40,53.11%
758,Judith Hering,"Los Angeles, CA",1491,4:52:22,11:10,F 45-49/28,F-48,247,4:53:29,53.63%
759,Eyad Fakhreddine,"Glendale, CA",1588,4:52:34,11:10,M 35-39/92,M-36,512,4:53:21,43.44%
760,Jim Cisneros,"West Covina, CA",127,4:52:38,11:10,M 50-54/57,M-52,513,4:53:31,48.50%
761,Sunni Kang,"Santa Barbara, CA",607,4:52:52,11:11,F 35-39/55,F-38,248,4:52:58,48.87%
762,Anna Risse,"Huntington Beach, CA",838,4:52:52,11:11,F 35-39/56,F-35,249,4:54:03,47.69%
763,Joseph Boyd,"Dallas, TX",1213,4:52:52,11:11,M 35-39/93,M-35,514,4:54:03,43.14%
764,James Yanoschik,"Murrieta, CA",739,4:53:15,11:12,M 50-54/58,M-51,515,4:54:30,48.01%
765,Franklin Gray,"Gilbert, AZ",1358,4:53:33,11:12,M 45-49/74,M-46,516,4:54:16,46.19%
766,Ana Gutierrez,"Hawthorne, CA",1385,4:54:12,11:14,F 30-34/35,F-34,250,4:55:54,47.18%
767,Sonia Rodriguez,"Oxnard, CA",916,4:54:12,11:14,F 30-34/36,F-30,251,4:55:54,47.18%
768,Lissette Baker,"San Dimas, CA",813,4:54:13,11:14,F 35-39/57,F-35,252,4:55:08,47.47%
769,Mario Reyes,"Alhambra, CA",1130,4:54:51,11:15,M 45-49/75,M-45,517,4:55:17,45.66%
770,Lisa Kelly,"Alta Loma, CA",1409,4:55:06,11:16,F 40-44/39,F-41,253,4:56:18,49.77%
771,Jeff Knowles,"Livermore, CA",1096,4:55:07,11:16,M 45-49/76,M-49,518,5:04:55,46.97%
772,Francisco Rodriguez,"Irvine, CA",1103,4:55:34,11:17,M 35-39/94,M-38,519,4:56:09,43.52%
773,Norio Iwahori,"Los Angeles, CA",164,4:55:36,11:17,M 45-49/77,M-45,520,4:56:23,45.55%
774,Moris Shemian,"Beverly Hills, CA",1823,4:55:47,11:17,M 45-49/78,M-49,521,5:20:28,46.87%
775,Colleen Iacofano,"Painesville, OH",1342,4:56:00,11:18,F 50-54/15,F-52,254,4:57:06,55.23%
776,Dannah Christensen,"Santa Barbara, CA",823,4:56:10,11:18,F 01-24/20,F-21,255,4:57:29,48.37%
777,Evan Walton,"Grand Junction, CO",1240,4:56:12,11:18,M 25-29/46,M-27,522,4:57:15,42.42%
778,Alicia Strang,"Orange, CA",1436,4:56:28,11:19,F 40-44/40,F-41,256,4:57:35,49.53%
779,Jeremy Graham,"Spokane, WA",859,4:56:35,11:19,M 35-39/95,M-36,523,4:57:55,42.85%
780,Lynne Wilson,"Rossmoor, CA",1102,4:56:38,11:19,F 40-44/41,F-43,257,4:57:46,50.40%
781,Josie Clark,"Orange, CA",1452,4:56:43,11:19,F 50-54/16,F-50,258,4:57:49,53.94%
782,Marc Zucker,"Palo Alto, CA",1283,4:56:45,11:20,M 50-54/59,M-53,524,4:57:39,48.23%
783,Kay Ehteshami,"Redding, CA",142,4:56:45,11:20,F 50-54/17,F-52,259,4:56:53,55.09%
784,Patrick Merrill,"Glendora, CA",1805,4:56:48,11:20,M 1-24/32,M-18,525,4:57:22,45.37%
785,Paul Loubet,"Costa Mesa, CA",1334,4:56:52,11:20,M 45-49/79,M-48,526,4:57:36,46.35%
786,Chrissy Griffith,"San Clemente, CA",1060,4:57:05,11:20,F 40-44/42,F-44,260,4:58:39,50.79%
787,David Pellegrino,"Englewood, CO",1073,4:57:10,11:21,M 35-39/96,M-36,527,4:58:30,42.77%
788,Ann Eckels,"Glendale, CA",869,4:57:12,11:21,F 45-49/29,F-45,261,4:57:57,51.25%
789,Scott Reading,"Avondale, AZ",1351,4:57:22,11:21,M 35-39/97,M-38,528,4:58:32,43.26%
790,Frances Castillo,"Huntington Beach, CA",1641,4:57:29,11:21,F 45-49/30,F-46,262,4:59:03,51.69%
791,Michael Thibodeau,"Surrey, BC",383,4:57:58,11:22,M 55-59/31,M-55,529,4:58:35,48.86%
792,Wanda Reynoso-Thibodeau,"Surrey, BC",1012,4:57:59,11:22,F 50-54/18,F-54,263,4:58:35,56.09%
793,Helen Baines,"Santa Monica, CA",1590,4:58:04,11:23,F 40-44/43,F-44,264,4:59:04,50.62%
794,John Hammonds,"Huntington Beach, CA",1632,4:58:17,11:23,M 55-59/32,M-58,530,4:58:17,50.16%
795,Kelly McBean,"Mission Viejo, CA",1084,4:58:28,11:23,M 40-44/103,M-42,531,4:59:44,44.20%
796,Pete Vara,"Fountain Valley, CA",1340,4:58:41,11:24,M 35-39/98,M-35,532,5:00:16,42.30%
797,Glen Barclay,"Thousand Oaks, CA",104,4:58:58,11:25,M 40-44/104,M-41,533,4:59:51,43.84%
798,Kathy Murdock,"Fountain Valley, CA",1207,4:58:59,11:25,F 35-39/58,F-37,265,4:59:49,47.47%
799,Jonathan Geller,"Los Angeles, CA",1261,4:59:48,11:27,M 30-34/64,M-34,534,5:00:39,41.91%
800,Alexandra Myers,"Claremont, CA",1726,5:00:11,11:27,F 01-24/21,F-23,266,5:01:46,46.77%
801,Grace Cho,"Fullerton, CA",919,5:00:39,11:28,F 35-39/59,F-36,267,5:01:35,46.83%
802,Marilynn Kauffman,"Huntington Beach, CA",1801,5:00:46,11:29,F 60-64/2,F-63,268,5:02:13,62.28%
803,Venus Butler,"Fullerton, CA",1795,5:00:46,11:29,F 50-54/19,F-51,269,5:02:13,53.77%
804,Alexander Jeon,"Glendale, CA",1462,5:00:47,11:29,M 35-39/99,M-38,535,5:01:12,42.76%
805,Terry Orsi,"Stockton, CA",1089,5:00:52,11:29,M 30-34/65,M-34,536,5:01:32,41.76%
806,Kimberly Paiva,"Watertown, MA",1244,5:01:24,11:30,F 25-29/56,F-27,270,5:02:01,46.05%
807,Tori McLanahan,"Casper, WY",1396,5:02:00,11:32,F 40-44/44,F-44,271,5:02:10,49.96%
808,Warren Ward,"Simi Valley, CA",1347,5:02:12,11:32,M 35-39/100,M-39,537,5:03:16,42.83%
809,Margaret Glassco,"Huntington Beach, CA",1259,5:02:27,11:33,F 01-24/22,F-24,272,5:10:55,46.00%
810,Garry Russell,"Salem, OR",1706,5:02:27,11:33,M 35-39/101,M-38,538,5:03:41,42.53%
811,Beverly Kishida,"Aliso Viejo, CA",1529,5:02:58,11:34,F 30-34/37,F-33,273,5:04:05,45.81%
812,Anne Nevison-Brand,"Culver City, CA",1583,5:03:00,11:34,F 45-49/31,F-49,274,5:04:14,52.28%
813,Sarah Norris,"Morgan Hill, CA",1760,5:03:17,11:35,F 25-29/57,F-27,275,5:04:33,45.76%
814,Lauren McGregor,"Simi Valley, CA",1802,5:03:31,11:35,F 01-24/23,F-16,276,5:04:17,50.52%
815,Greg Vogelman,"Pittsburgh, PA",1222,5:03:34,11:35,M 30-34/66,M-34,539,5:04:36,41.39%
816,Ralph Moy,"Surrey, BC",190,5:03:51,11:36,M 55-59/33,M-59,540,5:04:08,49.71%
817,Ross Johnson,"Anaheim, CA",1581,5:03:53,11:36,M 50-54/60,M-54,541,5:04:50,47.49%
818,Neil Chueng,"Laguna Niguel, CA",1601,5:04:00,11:36,M 50-54/61,M-54,542,5:05:02,47.48%
819,Teri Lovano,"Redondo Beach, CA",1069,5:04:48,11:38,F 45-49/32,F-46,277,5:05:25,50.44%
820,Kuca Torres,"Dayton, OR",1319,5:04:50,11:38,F 50-54/20,F-53,278,5:05:20,54.22%
821,Kirstyn Lynn Grittman,"Rancho Santa Margarita, CA",1357,5:04:54,11:38,F 01-24/24,F-23,279,5:09:15,46.04%
822,Karmen Chow,"Long Beach, CA",1237,5:05:20,11:39,F 30-34/38,F-32,280,5:06:32,45.46%
823,Danielle Biard,"Westerville, OH",1208,5:05:47,11:40,F 25-29/58,F-27,281,5:06:42,45.39%
824,Rajan Christian,"Loma Linda, CA",1691,5:06:02,11:41,M 35-39/102,M-38,543,5:07:04,42.03%
825,David Chien,"Montebello, CA",1667,5:06:04,11:41,M 35-39/103,M-36,544,5:07:15,41.52%
826,Perry Anderson,"Calgary, AB",1198,5:06:12,11:41,M 50-54/62,M-51,545,5:07:06,45.98%
827,Grace Chung,"Loma Linda, CA",1745,5:06:23,11:42,F 25-29/59,F-25,282,5:07:55,45.30%
828,Maricel Del Rosario,"Huntington Beach, CA",1410,5:06:51,11:43,F 30-34/39,F-32,283,5:06:54,45.23%
829,Heather Rein,"Austin, TX",897,5:06:52,11:43,F 35-39/60,F-36,284,5:08:15,45.88%
830,Kim Colloton,"Santa Monica, CA",1242,5:07:01,11:43,F 35-39/61,F-38,285,5:07:27,46.62%
831,Cathy Chin,"Santa Monica, CA",1516,5:07:01,11:43,F 40-44/45,F-43,286,5:07:28,48.70%
832,Allison Haynes,"Santa Ana, CA",1642,5:07:04,11:43,F 45-49/33,F-46,287,5:08:27,50.07%
833,Samir Shahin,"Los Angeles, CA",765,5:07:37,11:44,M 50-54/63,M-50,546,5:07:50,45.41%
834,Avedis Injejikian,"Northridge, CA",811,5:07:42,11:45,M 45-49/80,M-46,547,5:08:04,44.07%
835,Tracy Andersen,"Huntington Beach, CA",247,5:08:36,11:47,F 25-29/60,F-25,288,5:09:48,44.97%
836,Sandra Israel,"Palm Desert, CA",1164,5:08:36,11:47,F 60-64/3,F-60,289,5:09:08,58.27%
837,Michael Lynch,"Los Angeles, CA",1296,5:08:41,11:47,M 45-49/81,M-48,548,5:10:18,44.57%
838,Chaim Kaplan,"Cupertino, CA",1312,5:08:46,11:47,M 1-24/33,M-24,549,5:09:48,40.88%
839,Jeffrey Matchett-Robles,"La Jolla, CA",863,5:09:52,11:50,M 25-29/47,M-26,550,5:10:12,40.55%
840,Joy Campbell,"Huntington Beach, CA",125,5:10:06,11:50,F 50-54/21,F-50,290,5:10:29,51.61%
841,Barbara Prud'Homme,"Hilton Head Island, SC",1622,5:10:25,11:51,F 55-59/4,F-56,291,5:11:51,55.11%
842,David Hering,"Rancho Cucamonga, CA",1724,5:10:35,11:51,M 35-39/104,M-38,551,5:12:13,41.41%
843,Matthew Daly,"Huntington Beach, CA",1331,5:10:42,11:51,M 25-29/48,M-25,552,5:11:54,40.44%
844,Julia Silka,"Playa Del Rey, CA",1210,5:10:47,11:52,F 40-44/46,F-40,292,5:11:34,46.84%
845,Sam Caricato,"Arlington, TX",1572,5:10:52,11:52,M 45-49/82,M-49,553,5:12:14,44.59%
846,Anne Konnath,"Santa Monica, CA",1528,5:12:04,11:55,F 40-44/47,F-43,293,5:12:30,47.91%
847,William Doernbach,"Gaithersburg, MD",1483,5:12:40,11:56,M 50-54/64,M-54,554,5:13:22,46.16%
848,Felix Jimenez,"N Hollywood, CA",1621,5:12:41,11:56,M 1-24/34,M-24,555,5:13:29,40.37%
849,David Gordon,"Playa Del Rey, CA",1137,5:12:45,11:56,M 55-59/34,M-58,556,5:14:28,47.84%
850,Daniel Scaff,"La Crescenta, CA",1506,5:12:47,11:56,M 35-39/105,M-38,557,5:13:10,41.12%
851,Nayiri Doudikian-Scaff,"La Crescenta, CA",1505,5:12:47,11:56,F 35-39/62,F-37,294,5:13:11,45.38%
852,Juliana Velasquez,"Los Angeles, CA",1481,5:12:47,11:56,F 25-29/61,F-26,295,5:43:02,44.37%
853,Scott Browar,"Coarsegold, CA",1786,5:13:34,11:58,M 50-54/65,M-54,558,5:15:09,46.03%
854,Andrea Arena,"Pacific Palisades, CA",1298,5:13:34,11:58,F 35-39/63,F-37,296,5:17:16,45.27%
855,Matt Bradley,"El Cajon, CA",1075,5:13:51,11:59,M 35-39/106,M-36,559,5:14:45,40.49%
856,Kevin Andersen,"Point Mugu Nawc, CA",1199,5:14:13,12:00,M 45-49/83,M-45,560,5:14:42,42.85%
857,Cathe Milward,"La Mirada, CA",860,5:14:41,12:01,F 50-54/22,F-53,297,5:29:27,52.52%
858,Lisa Carlucci,"Victorville, CA",1214,5:14:52,12:01,F 45-49/34,F-48,298,5:16:01,49.80%
859,Mary Fischl,"Spring Valley Lake, CA",1215,5:14:52,12:01,F 45-49/35,F-47,299,5:16:01,49.31%
860,Samara Franklin,"Hacienda Heights, CA",1219,5:15:25,12:02,F 40-44/48,F-44,300,5:16:03,47.84%
861,Albert Espinosa,"Tustin, CA",1246,5:15:26,12:02,M 35-39/107,M-35,561,5:16:05,40.06%
862,Keith Miller,"Costa Mesa, CA",1189,5:15:40,12:03,M 55-59/35,M-55,562,5:16:24,46.12%
863,Roxanne Cheong,"Los Angeles, CA",1600,5:16:06,12:04,F 40-44/49,F-42,301,5:17:09,46.87%
864,Nazareno Sestoso,"Foothill Ranch, CA",909,5:16:19,12:04,M 45-49/84,M-46,563,5:17:40,42.87%
865,Paul Nguyen,"Newport Beach, CA",196,5:16:21,12:04,M 35-39/108,M-38,564,5:17:26,40.66%
866,Don Flaherty,"Huntington Beach, CA",1337,5:16:26,12:05,M 50-54/66,M-51,565,5:16:55,44.50%
867,Joyce Peterson,"Huntington Beach, CA",1170,5:16:28,12:05,F 45-49/36,F-48,302,5:17:33,49.55%
868,James Hall,"Kansas City, MO",747,5:16:35,12:05,M 30-34/67,M-34,566,5:17:38,39.69%
869,Melanie Macinnes,"Vancouver, BC",1323,5:16:58,12:06,F 25-29/62,F-27,303,5:27:49,43.79%
870,John Riccione,"Clifton Springs, NY",1685,5:17:00,12:06,M 50-54/67,M-50,567,5:17:27,44.07%
871,Matthew Riccione,"Fairport, NY",1684,5:17:00,12:06,M 25-29/49,M-29,568,5:17:28,39.63%
872,Wes Ong,"Sacramento, CA",1666,5:17:05,12:06,M 55-59/36,M-58,569,5:18:40,47.18%
873,Robert Lind,"Huntington Beach, CA",1172,5:17:42,12:08,M 40-44/105,M-42,570,5:19:11,41.53%
874,Kathy Kenner,"Coto De Caza, CA",1402,5:17:48,12:08,F 45-49/37,F-45,304,5:18:19,47.92%
875,Mona Winokur,"San Clemente, CA",1696,5:19:09,12:11,F 45-49/38,F-49,305,5:19:33,49.63%
876,Robert Givenrod,"San Diego, CA",413,5:19:14,12:11,M 30-34/68,M-30,571,5:20:30,39.36%
877,Tim Kjenstad,"Henderson, NV",1381,5:19:20,12:11,M 50-54/68,M-50,572,5:20:09,43.74%
878,Norman Suguitan,"San Diego, CA",1421,5:19:24,12:11,M 40-44/106,M-42,573,5:20:41,41.31%
879,April Reading,"Avondale, AZ",1665,5:19:33,12:12,F 35-39/64,F-38,306,5:20:43,44.79%
880,Cynthia Smith,"Venice, CA",1362,5:19:38,12:12,F 50-54/23,F-53,307,5:21:13,51.71%
881,Jodi Brown,"Santa Monica, CA",1353,5:19:38,12:12,F 35-39/65,F-37,308,5:21:14,44.41%
882,Joan McKelvey,"Pawnee, IL",536,5:20:29,12:14,F 55-59/5,F-55,309,5:20:40,52.76%
883,Phillip Luong,"Costa Mesa, CA",1534,5:20:49,12:15,M 45-49/85,M-45,574,5:21:58,41.97%
884,Iris Biboso,"Glendale, CA",1545,5:21:09,12:15,F 35-39/66,F-36,310,5:22:33,43.84%
885,Steve Parey,"Columbus, OH",1024,5:21:46,12:17,M 60-64/16,M-61,575,5:22:44,47.89%
886,Dean Dauger,"Huntington Beach, CA",1487,5:21:54,12:17,M 35-39/109,M-35,576,5:22:33,39.25%
887,Erik Hanson,"Rancho Santa Margarita, CA",1573,5:21:56,12:17,M 30-34/69,M-34,577,5:23:02,39.03%
888,Anne Garrett,"Pasadena, CA",1655,5:22:08,12:18,F 40-44/50,F-41,311,5:23:08,45.59%
889,Lily Chiu,"Glendale, CA",1653,5:22:08,12:18,F 35-39/67,F-36,312,5:23:08,43.71%
890,Shannon Elwell,"San Diego, CA",1295,5:22:17,12:18,F 35-39/68,F-39,313,5:23:22,44.79%
891,Heather Phillips,"Aliso Viejo, CA",1486,5:22:19,12:18,F 35-39/69,F-39,314,5:23:24,44.78%
892,Leon Strayer,"Hacienda Heights, CA",1376,5:22:50,12:19,M 35-39/110,M-35,578,5:23:28,39.14%
893,Miguel Hernandez,"Whittier, CA",1610,5:23:21,12:20,M 35-39/111,M-39,579,5:30:01,40.03%
894,Jarki Jarkin,"Fountain Valley, CA",166,5:23:22,12:20,M 35-39/112,M-39,580,5:24:05,40.02%
895,Ronald Mussman,"South San Francisco, CA",1057,5:23:47,12:21,M 35-39/113,M-39,581,5:23:57,39.97%
896,John Harrison,"West Covina, CA",796,5:23:57,12:22,M 40-44/107,M-44,582,5:24:24,41.27%
897,Raquel Cruz,"West Covina, CA",133,5:23:58,12:22,F 40-44/51,F-43,315,5:24:23,46.15%
898,Glenn Liu,"Rowland Heights, CA",1597,5:24:09,12:22,M 45-49/86,M-45,583,5:25:53,41.54%
899,Carl Rogers,"Norwalk, CA",1167,5:24:26,12:23,M 50-54/69,M-54,584,5:25:05,44.49%
900,Louis Mo,"La Crescenta, CA",808,5:24:31,12:23,M 40-44/108,M-44,585,5:25:13,41.20%
901,Criztina Jean,"Fort Irwin, CA",1504,5:24:42,12:24,F 35-39/70,F-39,316,5:26:06,44.45%
902,Lauren Turner,"Los Angeles, CA",1299,5:24:43,12:24,F 30-34/40,F-32,317,5:25:41,42.74%
903,Wendy Haining,"Brea, CA",1389,5:25:05,12:24,F 35-39/71,F-36,318,5:26:01,43.31%
904,Marcela Pullman,"Vista, CA",1625,5:25:05,12:24,F 30-34/41,F-34,319,5:26:19,42.69%
905,Scott Rittenhouse,"Westminster, CA",209,5:25:24,12:25,M 25-29/50,M-25,586,5:29:42,38.61%
906,Li Huo,"Woodland Hills, CA",1776,5:25:25,12:25,F 35-39/72,F-36,320,5:26:19,43.27%
907,Michael Schwartz,"Lake Forest, CA",1404,5:25:56,12:26,M 45-49/87,M-49,587,5:27:40,42.53%
908,Anson Moran,"Huntington Beach, CA",1356,5:26:00,12:27,M 30-34/70,M-33,588,5:27:43,38.54%
909,Michael Fiedler,"Moreno Valley, CA",1463,5:26:43,12:28,M 25-29/51,M-28,589,5:27:20,38.46%
910,Brian Keltner,"Long Beach, CA",755,5:27:03,12:29,M 40-44/109,M-40,590,6:22:08,39.82%
911,Kristen Abraham,"Los Angeles, CA",10601,5:27:06,12:29,F 35-39/73,F-36,321,5:28:19,43.04%
912,Sarah McPhee,"Duvall, WA",1200,5:27:07,12:29,F 01-24/25,F-22,322,5:27:41,43.34%
913,Kristina Scarff,"Kent, WA",1049,5:27:07,12:29,F 01-24/26,F-22,323,5:27:41,43.34%
914,Patrick Bishop,"Santa Cruz, CA",1549,5:27:10,12:29,M 40-44/110,M-42,591,5:28:24,40.33%
915,Felicia Ruiz,"Anaheim, CA",1490,5:27:13,12:29,F 30-34/42,F-31,324,5:28:31,42.42%
916,Paul Little,"Fremont, CA",1673,5:27:21,12:30,M 40-44/111,M-42,592,5:28:35,40.30%
917,Christine Graham,"Huntington Beach, CA",1216,5:27:23,12:30,F 35-39/74,F-35,325,5:28:06,42.66%
918,Cindy Stigall,"Hemet, CA",1450,5:28:11,12:32,F 40-44/52,F-44,326,5:29:27,45.98%
919,Brian Robins,"North Salt Lake, UT",608,5:28:13,12:32,M 45-49/88,M-45,593,5:28:44,41.02%
920,Kim Robins,"North Salt Lake, UT",1473,5:28:14,12:32,F 40-44/53,F-41,327,5:28:44,44.74%
921,Scott Hardy,"Alpine, UT",364,5:28:14,12:32,M 40-44/112,M-42,594,5:28:44,40.19%
922,Kelly Hardy,"Alpine, UT",1475,5:28:14,12:32,F 40-44/54,F-44,328,5:28:45,45.97%
923,Marisa Keohohou,"Newbury Park, CA",1469,5:28:34,12:32,F 45-49/39,F-46,329,5:29:13,46.80%
924,Erica Easterly,"Providence, UT",1661,5:28:59,12:33,F 30-34/43,F-34,330,5:30:27,42.19%
925,Tonya Mauldin,"Anaheim, CA",185,5:29:07,12:34,F 60-64/4,F-60,331,5:29:28,54.64%
926,Bruce Mauldin,"Anaheim, CA",184,5:29:07,12:34,M 60-64/17,M-60,595,5:29:28,46.35%
927,Myra Chang,"Walnut, CA",1557,5:29:10,12:34,F 25-29/63,F-26,332,5:30:40,42.16%
928,Rebecca Grey,"Vancouver, BC",1403,5:29:53,12:35,F 30-34/44,F-31,333,5:32:38,42.07%
929,Sam Serna,"Hacienda Heights, CA",1822,5:29:57,12:36,M 35-39/114,M-36,596,5:30:28,38.52%
930,Martin Sultan,"Los Angeles, CA",224,5:30:00,12:36,M 55-59/37,M-58,597,5:30:51,45.34%
931,Patricia Wang,"Moraga, CA",1412,5:30:30,12:37,F 35-39/75,F-37,334,5:31:24,42.95%
932,David Bauer,"Apple Valley, CA",1631,5:30:36,12:37,M 40-44/113,M-43,598,5:31:46,40.17%
933,Sherrie Austin,"Portland, OR",1565,5:30:52,12:38,F 40-44/55,F-40,335,5:31:45,44.00%
934,Roger Sanford,"Los Gatos, CA",10571,5:30:52,12:38,M 50-54/70,M-52,599,5:31:45,42.90%
935,Robert Mignosa,"Huntington Beach, CA",1580,5:31:05,12:38,M 55-59/38,M-58,600,5:32:02,45.19%
936,Adrienne Wittenberg,"Los Angeles, CA",1682,5:31:27,12:39,F 35-39/76,F-36,336,5:32:36,42.48%
937,Chas Quan,"Los Angeles, CA",1496,5:31:42,12:40,M 50-54/71,M-52,601,5:32:35,42.79%
938,Scott Jacaway,"Downers Grove, IL",1675,5:31:46,12:40,M 45-49/89,M-49,602,5:33:19,41.78%
939,Michelle Bower,"Huntington Beach, CA",1793,5:31:50,12:40,F 45-49/40,F-49,337,5:33:13,47.73%
940,Kelly Zucha,"Newport Beach, CA",1812,5:31:50,12:40,F 25-29/64,F-29,338,5:33:13,41.83%
941,Stacy Williams,"San Francisco, CA",1455,5:32:04,12:40,F 35-39/77,F-37,339,5:33:19,42.75%
942,Tammy Sue Roberts,"Calabasas, CA",1441,5:32:04,12:40,F 35-39/78,F-39,340,5:32:51,43.47%
943,Larrie Bowen,"Riverside, CA",1484,5:32:12,12:41,M 30-34/71,M-32,603,5:33:34,37.82%
944,Dan Lim,"Loma Linda, CA",432,5:32:15,12:41,M 50-54/72,M-52,604,5:32:17,42.72%
945,Jill Nelson,"Rancho Santa Margarita, CA",194,5:32:17,12:41,F 40-44/56,F-44,341,5:33:51,45.41%
946,Susan Zneimer,"West Hills, CA",1728,5:32:18,12:41,F 45-49/41,F-49,342,5:32:58,47.67%
947,Kathleen Sullivan,"Los Angeles, CA",1599,5:33:42,12:44,F 45-49/42,F-46,343,5:34:45,46.08%
948,Tami Eldredge,"Oro Valley, AZ",1592,5:33:45,12:44,F 45-49/43,F-45,344,5:34:57,45.63%
949,Erika Fretheim,"Oro Valley, AZ",1369,5:33:45,12:44,F 40-44/57,F-40,345,5:34:57,43.62%
950,Juliana Parker,"Fullerton, CA",1556,5:33:58,12:45,F 30-34/45,F-33,346,5:35:24,41.56%
951,Kym McNeil,"Hacienda Heights, CA",1694,5:34:05,12:45,F 45-49/44,F-48,347,5:36:04,46.93%
952,Gary Groelle,"Milton, WI",833,5:34:06,12:45,M 45-49/90,M-48,605,5:35:09,41.18%
953,Jim Grimes,"Huntington Beach, CA",1430,5:34:13,12:45,M 55-59/39,M-58,606,5:35:40,44.76%
954,Joseph Reilly,"Orange, CA",592,5:34:18,12:46,M 60-64/18,M-64,607,5:34:31,47.60%
955,Geri O'Krepki,"Hammond, LA",1562,5:34:24,12:46,F 45-49/45,F-47,348,5:35:30,46.43%
956,John Scott,"Garden Grove, CA",216,5:34:38,12:46,M 40-44/114,M-43,608,5:35:15,39.69%
957,Melanie Haro,"Van Nuys, CA",1159,5:34:48,12:47,F 30-34/46,F-33,349,5:36:15,41.45%
958,Sheila Amado,"Sylmar, CA",1546,5:35:32,12:48,F 35-39/79,F-37,350,5:36:19,42.30%
959,Morgan Von Drehle,"San Francisco, CA",1649,5:36:28,12:50,F 25-29/65,F-25,351,5:37:38,41.25%
960,Quyen Phan,"Orange, CA",1605,5:38:35,12:55,F 40-44/58,F-44,352,5:42:52,44.56%
961,Vivienmarie Tagatac,"Lake Forest, CA",1508,5:38:35,12:55,F 40-44/59,F-41,353,5:39:40,43.37%
962,Rick McIlmoil,"Newark, CA",1518,5:39:55,12:58,M 55-59/40,M-55,609,5:41:27,42.83%
963,Chris Haro,"Van Nuys, CA",1157,5:39:56,12:58,M 30-34/72,M-33,610,5:41:16,36.96%
964,Jerry Schumacher,"Denver, CO",1304,5:40:45,13:00,M 40-44/115,M-41,611,5:41:23,38.47%
965,Sable Cantus,"Santa Fe Springs, CA",126,5:40:54,13:01,M 30-34/73,M-33,612,5:41:21,36.86%
966,Heather Johnson,"Redlands, CA",1759,5:41:06,13:01,F 01-24/27,F-24,354,5:42:22,40.79%
967,Bethany Bowers,"Portland, OR",1758,5:41:07,13:01,F 01-24/28,F-24,355,5:42:22,40.79%
968,Raef Guirges,"Torrance, CA",1699,5:41:19,13:02,M 50-54/73,M-51,613,5:42:29,41.25%
969,Gary Morgan,"Stockbridge, GA",1547,5:41:42,13:02,M 45-49/91,M-47,614,5:42:43,39.97%
970,Christa Flynt,"Yucca Valley, CA",1613,5:41:51,13:03,F 55-59/6,F-55,356,5:42:51,49.46%
971,Neil Silvers,"Arroyo Grande, CA",1721,5:41:52,13:03,M 45-49/92,M-49,615,5:42:54,40.55%
972,Nancy Hixson,"Federal Way, WA",1720,5:41:52,13:03,F 45-49/46,F-49,357,5:42:54,46.33%
973,Martin Siller,"Eagle Mountain, UT",1643,5:42:05,13:03,M 40-44/116,M-41,616,5:43:42,38.32%
974,Amy Scotty,"Portland, OR",1789,5:42:06,13:03,F 35-39/80,F-36,358,5:43:27,41.16%
975,Lyly Nguyen,"Huntington Beach, CA",1652,5:42:50,13:05,F 40-44/60,F-40,359,5:44:42,42.46%
976,Stephanie Hover,"Hilton Head Island, SC",1647,5:43:07,13:06,F 50-54/24,F-52,360,5:44:33,47.64%
977,Debbie Frankel,"Portland, OR",1346,5:43:18,13:06,F 35-39/81,F-36,361,5:44:44,41.01%
978,Kelly Vicari,"Elk Grove, CA",1514,5:43:20,13:06,F 35-39/82,F-39,362,5:43:58,42.04%
979,Debra McCann,"Elk Grove, CA",1598,5:43:20,13:06,F 40-44/61,F-41,363,5:43:59,42.77%
980,Brian Haymond,"Orange, CA",1558,5:43:57,13:08,M 25-29/52,M-29,617,5:44:43,36.53%
981,Corey Thai,"Los Angeles, CA",1498,5:44:05,13:08,M 25-29/53,M-29,618,5:45:37,36.51%
982,Patricia Perello,"Santa Monica, CA",1756,5:44:28,13:09,F 30-34/47,F-32,364,5:45:47,40.29%
983,Olivia Uribe,"Goleta, CA",1288,5:44:39,13:09,F 01-24/29,F-23,365,5:45:29,40.73%
984,Veronica Burkhalter,"Costa Mesa, CA",1235,5:44:41,13:09,F 60-64/5,F-62,366,5:45:39,53.59%
985,Kris Bhatti,"Tustin, CA",1763,5:44:43,13:09,F 40-44/62,F-44,367,5:46:17,43.77%
986,Michelle Palmer,"Irvine, CA",1627,5:44:45,13:09,F 55-59/7,F-57,368,5:46:18,50.22%
987,Frank Deese,"Santa Monica, CA",1531,5:44:45,13:09,M 45-49/93,M-47,619,5:45:57,39.62%
988,Harry Lorrimer,"Glendale, CA",1160,5:45:03,13:10,M 50-54/74,M-53,620,5:45:10,41.48%
989,Garen Arabian,"Pasadena, CA",720,5:45:11,13:10,M 1-24/35,M-14,621,5:45:18,41.98%
990,Hyuk-Dong Kwon,"Redlands, CA",1507,5:46:29,13:13,M 55-59/41,M-57,622,5:48:01,42.78%
991,Steve Hwang,"Santa Ana, CA",162,5:47:32,13:16,M 65-69/5,M-65,623,5:48:58,46.31%
992,Michelle Philo,"Irvine, CA",1411,5:47:39,13:16,F 25-29/66,F-28,369,5:48:40,39.92%
993,Jeff Venable,"Dallas, TX",737,5:48:17,13:17,M 50-54/75,M-52,624,5:50:58,40.75%
994,John Clifford,"Santa Ana, CA",129,5:48:25,13:18,M 40-44/117,M-40,625,5:48:25,37.38%
995,Tara Martin,"Foothill Ranch, CA",183,5:48:25,13:18,F 40-44/63,F-44,370,5:48:25,43.31%
996,Jenny Beck,"Mission Viejo, CA",1636,5:48:36,13:18,F 01-24/30,F-21,371,5:49:16,41.09%
997,Juan Nunez,"Glendale, CA",1772,5:48:37,13:18,M 40-44/118,M-40,626,5:49:08,37.36%
998,Donald Pemberton,"Mesa, AZ",1502,5:49:31,13:20,M 40-44/119,M-44,627,5:50:58,38.26%
999,Julia Bolle,"Yorba Linda, CA",1618,5:49:32,13:20,F 25-29/67,F-29,372,5:50:49,39.71%
1000,Tricia Bolle,"Yorba Linda, CA",1327,5:49:32,13:20,F 25-29/68,F-29,373,5:50:49,39.71%
1001,Tracy Vasquez,"Brea, CA",1431,5:49:40,13:21,F 50-54/25,F-50,374,5:51:08,45.77%
1002,Marc Myers,"Claremont, CA",1271,5:49:42,13:21,M 1-24/36,M-24,628,5:51:18,36.10%
1003,Joann Keller,"Upland, CA",333,5:50:00,13:21,F 35-39/83,F-37,375,5:50:00,40.55%
1004,Melissa Thomson,"Los Altos, CA",1551,5:50:04,13:22,F 40-44/64,F-41,376,5:51:02,41.95%
1005,Jessica Conver,"Santa Monica, CA",1698,5:50:20,13:22,F 30-34/48,F-34,377,5:51:27,39.62%
1006,Summers Bruno,"Santa Monica, CA",1664,5:50:43,13:23,F 25-29/69,F-29,378,5:51:50,39.57%
1007,Mary Gaede,"La Habra, CA",1488,5:51:03,13:24,F 45-49/47,F-47,379,6:01:47,44.23%
1008,Lawrence Cartmill,"Las Vegas, NV",240,5:51:38,13:25,M 40-44/120,M-43,629,5:52:54,37.77%
1009,Sara Cartmill,"Las Vegas, NV",245,5:51:39,13:25,F 40-44/65,F-44,380,5:52:55,42.91%
1010,Emily Parker,"Oceanside, CA",1657,5:51:46,13:25,F 01-24/31,F-20,381,5:58:38,41.19%
1011,Dana Mosell,"Walnut, CA",189,5:52:08,13:26,M 55-59/42,M-56,630,5:53:14,41.71%
1012,Linda Johnson,"Castro Valley, CA",1280,5:52:10,13:26,F 45-49/48,F-48,382,5:53:22,44.53%
1013,Jarod Cipriano,"Huntington Beach, CA",835,5:52:13,13:26,M 1-24/37,M-21,631,5:53:21,36.83%
1014,Jimmy Velez,"Fullerton, CA",1741,5:52:33,13:27,M 25-29/54,M-29,632,5:53:23,35.64%
1015,James Simpson,"Huntington Beach, CA",1140,5:53:20,13:29,M 65-69/6,M-66,633,5:53:43,46.08%
1016,Catherine Magno,"Chino, CA",1370,5:54:26,13:32,F 25-29/70,F-28,383,5:59:28,39.16%
1017,Dennis Mori,"San Leandro, CA",188,5:55:18,13:34,M 60-64/19,M-61,634,5:56:23,43.37%
1018,Heather Skinner,"Lake Forest, CA",1512,5:55:23,13:34,F 30-34/49,F-33,384,5:56:20,39.05%
1019,Moses Christian,"Loma Linda, CA",1784,5:55:35,13:34,M 75-79/2,M-75,635,5:56:38,51.86%
1020,William Akerboom,"El Monte, CA",101,5:56:02,13:35,M 70-74/1,M-71,636,5:57:30,48.77%
1021,Bret Nelson,"Culver City, CA",191,5:56:15,13:36,M 40-44/121,M-43,637,5:57:44,37.28%
1022,John Strand,"Orange, CA",223,5:56:44,13:37,M 70-74/2,M-73,638,5:58:05,50.11%
1023,Somchai Sinkarjarern,"Rowland Heights, CA",1672,5:57:09,13:38,M 55-59/43,M-57,639,5:57:50,41.50%
1024,Christopher Alcudia,"Los Angeles, CA",1683,5:57:27,13:38,M 50-54/76,M-54,640,5:58:51,40.38%
1025,Brittany Damerval,"Huntington Beach, CA",1814,5:58:01,13:40,F 01-24/32,F-21,385,5:59:05,40.01%
1026,Jacqueline Lacy,"Hacienda Heights, CA",1579,5:58:18,13:40,F 01-24/33,F-23,386,5:59:14,39.18%
1027,Dorothy Strand,"Orange, CA",222,5:58:38,13:41,F 65-69/2,F-68,387,6:02:05,56.36%
1028,Trista Snow,"Chino Hills, CA",1541,5:58:43,13:41,F 35-39/84,F-35,388,6:10:15,38.93%
1029,Jacqueline Romaine,"Chino Hills, CA",920,5:58:44,13:41,F 40-44/66,F-40,389,6:10:15,40.58%
1030,Celeste Yen,"Portland, OR",1701,5:58:52,13:42,F 50-54/26,F-51,390,5:59:13,45.07%
1031,Tai Vo,"Orange, CA",1366,5:59:06,13:42,M 25-29/55,M-29,641,5:59:44,34.99%
1032,Steave Savage,"Huntington Beach, CA",1501,5:59:15,13:43,M 45-49/94,M-45,642,6:00:38,37.48%
1033,Ashleii Kim,"Huntington Beach, CA",246,6:00:08,13:45,F 35-39/85,F-35,391,6:01:03,38.78%
1034,Karyn Fierst,"Buena Park, CA",1538,6:00:27,13:45,F 25-29/71,F-26,392,6:01:23,38.50%
1035,Erma Lee,"Fort Worth, TX",1709,6:01:05,13:47,F 45-49/49,F-45,393,6:01:19,42.18%
1036,Trudy Sanders,"Fort Worth, TX",1710,6:01:05,13:47,F 50-54/27,F-52,394,6:01:18,45.27%
1037,Cale Monson,"Fountain Valley, CA",1521,6:01:36,13:48,M 25-29/56,M-28,643,6:01:36,34.75%
1038,Devin Binder,"Newport Beach, CA",1183,6:02:06,13:49,M 35-39/115,M-39,644,6:03:28,35.74%
1039,Kellie Ma,"Newport Beach, CA",1184,6:02:07,13:49,F 30-34/50,F-30,395,6:03:28,38.33%
1040,Greg Garcia,"Lake Forest, CA",827,6:02:39,13:50,M 25-29/57,M-25,645,6:03:43,34.64%
1041,Dana Garcia,"Lake Forest, CA",826,6:02:39,13:50,F 25-29/72,F-29,396,6:03:43,38.27%
1042,Ray Garcia,"Oviedo, FL",806,6:02:40,13:50,M 50-54/77,M-54,646,6:03:43,39.80%
1043,Patrick Bivona,"La Verne, CA",110,6:02:45,13:51,M 65-69/7,M-66,647,6:03:17,44.89%
1044,Tom Conrad,"Reston, VA",1723,6:03:59,13:53,M 70-74/3,M-71,648,6:05:26,47.71%
1045,Robert Ruiz,"Buena Park, CA",1746,6:04:24,13:54,M 50-54/78,M-50,649,6:05:42,38.34%
1046,Jennie Eddy,"San Francisco, CA",1124,6:06:36,13:59,F 30-34/51,F-33,397,6:07:44,37.86%
1047,Mg Montgomery,"Bakersfield, CA",1731,6:06:46,14:00,F 35-39/86,F-38,398,6:08:30,39.02%
1048,Arthur Barela,"Monterey Park, CA",1606,6:07:22,14:01,M 55-59/44,M-58,650,6:08:31,40.72%
1049,Jennifer Fah,"Van Nuys, CA",1750,6:07:36,14:02,F 35-39/87,F-35,399,6:08:43,37.99%
1050,Timothy McReynolds,"Corona, CA",1803,6:08:38,14:04,M 40-44/122,M-41,651,6:10:00,35.56%
1051,Jeri Trachtman,"Redondo Beach, CA",1783,6:08:41,14:04,F 50-54/28,F-51,400,6:10:11,43.87%
1052,Christine Silva,"Costa Mesa, CA",1644,6:08:49,14:05,F 35-39/88,F-36,401,6:09:39,38.17%
1053,David Graham,"Huntington Beach, CA",1797,6:09:02,14:05,M 50-54/79,M-50,652,6:09:59,37.85%
1054,Denise Matthias,"Victorville, CA",656,6:09:37,14:06,F 40-44/67,F-42,402,6:11:07,40.09%
1055,Donald Matthias,"Victorville, CA",1729,6:09:37,14:06,M 70-74/4,M-72,653,6:11:07,47.65%
1056,Brian Fisher,"Lakewood, CA",1645,6:11:33,14:11,M 25-29/58,M-27,654,6:12:42,33.81%
1057,Krista Brungardt,"Orange, CA",512,6:12:26,14:13,F 01-24/34,F-20,403,6:12:41,38.90%
1058,Kathryn Owen,"Grand Terrace, CA",1819,6:15:21,14:19,F 25-29/73,F-29,404,6:16:44,36.98%
1059,Jason Sacdalan,"Riverside, CA",1771,6:15:21,14:19,M 30-34/74,M-32,655,6:16:44,33.47%
1060,Jana Alva,"Bakersfield, CA",1769,6:15:42,14:20,F 50-54/29,F-50,405,6:23:25,42.60%
1061,Jetta Disco,"San Diego, CA",243,6:16:25,14:22,F 25-29/74,F-29,406,6:17:56,36.87%
1062,Anastasia Devlin,"San Diego, CA",1595,6:16:25,14:22,F 25-29/75,F-27,407,6:17:57,36.87%
1063,Timothy Martin,"Pasadena, CA",6998,6:17:30,14:24,M 40-44/123,M-42,656,6:18:21,34.95%
1064,Donna Martin,"Pasadena, CA",374,6:17:30,14:24,F 50-54/30,F-50,408,6:18:21,42.39%
1065,Katie Sweeney,"Seattle, WA",781,6:18:39,14:27,F 01-24/35,F-24,409,6:19:24,36.74%
1066,Bryan Lord,"Seattle, WA",782,6:18:39,14:27,M 1-24/38,M-24,657,6:19:24,33.34%
1067,Lilibeth Babiera,"Azusa, CA",1628,6:19:16,14:28,F 40-44/68,F-40,410,6:20:25,38.39%
1068,Tamy Chapman,"Huntington Beach, CA",1679,6:22:23,14:36,F 35-39/89,F-35,411,6:23:29,36.52%
1069,Dexter Emoto,"Loma Linda, CA",792,6:26:40,14:45,M 50-54/80,M-53,658,6:26:40,37.01%
1070,Ronald Smitter,"Escondido, CA",1566,6:27:12,14:47,M 55-59/45,M-56,659,6:38:56,37.93%
1071,Julie Ontiveros,"Santa Ana, CA",277,6:27:22,14:47,F 50-54/31,F-52,412,6:28:49,42.20%
1072,Farid Mosher,"Laguna Niguel, CA",1293,6:30:38,14:54,M 1-24/39,M-23,660,6:31:40,32.58%
1073,Darwin Busuego,"Panorama City, CA",1703,6:31:35,14:57,M 30-34/75,M-31,661,6:33:09,32.08%
1074,Kathleen Callaway,"Redlands, CA",122,6:32:02,14:58,F 75-79/1,F-76,413,6:32:02,59.84%
1075,Denise Mendoza,"Alhambra, CA",1804,6:34:15,15:03,F 35-39/90,F-37,414,6:35:36,36.00%
1076,Monica Jan,"Ladera Ranch, CA",165,6:34:20,15:03,F 30-34/52,F-33,415,6:36:02,35.20%
1077,Hien Nguyen,"Westminster, CA",1752,6:35:05,15:05,M 25-29/59,M-29,662,6:36:02,31.80%
1078,Paul Rohal,"Alpine, CA",1609,6:35:59,15:07,M 60-64/20,M-64,663,6:37:28,40.18%
1079,Heidi Stearns,"Orange, CA",1714,6:36:23,15:08,F 25-29/76,F-25,416,6:37:28,35.01%
1080,Patrick Carvalho,"Castro Valley, CA",1761,6:38:02,15:11,M 55-59/46,M-55,664,6:39:13,36.57%
1081,Greg Trujillo,"Nuevo, CA",1753,6:41:22,15:19,M 40-44/124,M-44,665,6:42:59,33.31%
1082,Alexandra Whitehead,"Alexandria, VA",230,6:42:23,15:21,F 55-59/8,F-59,417,6:42:59,44.11%
1083,Christine Schubert,"Huntington Beach, CA",215,6:48:12,15:35,F 50-54/32,F-51,418,6:49:41,39.62%
1084,Stephen Brown,"Fountain Valley, CA",1734,6:48:50,15:36,M 45-49/95,M-48,666,6:50:00,33.65%
1085,Tamara Kay,"Cambridge, MA",875,6:49:36,15:38,F 35-39/91,F-37,419,6:50:58,34.65%
1086,Eric Kasum,"Saugus, CA",1321,6:53:11,15:46,M 50-54/81,M-50,667,6:53:23,33.81%
1087,Kathryn Shaw,"La Habra, CA",684,7:01:17,16:05,F 40-44/69,F-43,420,7:02:20,35.49%
1088,Robert Trazo,"Huntington Beach, CA",1725,7:12:02,16:29,M 35-39/116,M-35,668,7:13:38,29.24%
