Bib,Name,Gender,Age,Hometown,Overall,Men,M 16-19,Age/Grade,Finish,Chip Time,Gun Time
104,Edward Gunby,M,18,"Barnack, UK",1 out of 60,1 out of 34,1 out of 1, 83.16% Place: 1,16:03 Pace: 5:10,16:03,16:03
24,Robert Gates,M,40,"Banning, CA",2 out of 60,2 out of 34,1 out of 7, 76.26% Place: 3,17:55 Pace: 5:46,17:55,17:55
30,Lars Hertzog,M,40,"Long Beach, CA",3 out of 60,3 out of 34,2 out of 7, 75.69% Place: 4,18:02 Pace: 5:49,18:02,18:02
48,Mario Quevedo,M,33,"Long Beach, CA",4 out of 60,4 out of 34,1 out of 2, 71.25% Place: 5,18:20 Pace: 5:54,18:20,18:20
117,Matias Murillo,M,50,"Calexico, CA",5 out of 60,5 out of 34,1 out of 8, 78.88% Place: 2,18:43 Pace: 6:02,18:43,18:43
43,Eric Macleod,M,23,"La Mirada, CA",6 out of 60,6 out of 34,1 out of 2, 64.77% Place: 13,19:56 Pace: 6:25,19:56,19:56
114,Allen Smith,M,46,"Alta Loma, CA",7 out of 60,7 out of 34,1 out of 4, 69.11% Place: 7,20:41 Pace: 6:40,20:41,20:41
113,Scott Ispirescu,M,40,"Laguna Niguel, CA",8 out of 60,8 out of 34,3 out of 7, 61.81% Place: 17,22:06 Pace: 7:07,22:06,22:06
37,Fatima Iqbal Zubair,F,26,"Costa Mesa, CA",9 out of 60,1 out of 26,1 out of 3, 66.82% Place: 10,22:10 Pace: 7:08,22:10,22:10
45,Jeffrey McKinney,M,42,"Long Beach, CA",10 out of 60,9 out of 34,4 out of 7, 62.48% Place: 15,22:11 Pace: 7:09,22:11,22:11
102,Gabriel Schij,M,61,"Long Beach, CA",11 out of 60,10 out of 34,1 out of 2, 69.91% Place: 6,23:10 Pace: 7:28,23:10,23:10
28,Mel Guzman,M,33,"Lakewood, CA",12 out of 60,11 out of 34,2 out of 2, 55.61% Place: 24,23:29 Pace: 7:34,23:29,23:29
12,Katie Baca,F,14,"Petaluma, CA",13 out of 60,2 out of 26,1 out of 1, 66.36% Place: 11,23:42 Pace: 7:38,23:42,23:42
116,Mike Roy,M,53,"Whittier, CA",14 out of 60,12 out of 34,2 out of 8, 63.07% Place: 14,23:59 Pace: 7:44,23:59,24:02
106,Doug Hurd,M,29,"Alta Loma, CA",15 out of 60,13 out of 34,1 out of 3, 52.79% Place: 28,24:29 Pace: 7:53,24:29,24:29
101,Glenn Jones,M,65,"Indio, CA",16 out of 60,14 out of 34,1 out of 2, 68.48% Place: 9,24:30 Pace: 7:54,24:30,24:30
18,Roseann Chapman,F,51,"Long Beach, CA",17 out of 60,3 out of 26,1 out of 2, 68.90% Place: 8,24:53 Pace: 8:01,24:53,24:56
31,Shaun Hicks,M,24,"Anaheim, CA",18 out of 60,15 out of 34,2 out of 2, 51.57% Place: 29,25:02 Pace: 8:04,25:02,25:11
63,Yuka Wada,F,25,"Long Beach, CA",19 out of 60,4 out of 26,2 out of 3, 59.04% Place: 18,25:05 Pace: 8:05,25:05,25:13
59,Keith Simmons,M,29,"Long Beach, CA",20 out of 60,16 out of 34,2 out of 3, 51.26% Place: 30,25:13 Pace: 8:07,25:13,25:15
103,Jim Litzel,M,63,"Harbor City, CA",21 out of 60,17 out of 34,2 out of 2, 65.21% Place: 12,25:16 Pace: 8:08,25:16,25:17
107,Susie Silveia,F,44,"Alta Loma, CA",22 out of 60,5 out of 26,1 out of 2, 61.82% Place: 16,25:36 Pace: 8:15,25:36,25:36
47,Lawrie Morey,F,27,"Long Beach, CA",23 out of 60,6 out of 26,3 out of 3, 57.07% Place: 19,25:57 Pace: 8:22,25:57,26:01
17,Perry Chapman,M,51,"Long Beach, CA",24 out of 60,18 out of 34,3 out of 8, 56.24% Place: 22,26:27 Pace: 8:31,26:27,26:30
111,Melissa Huntington,F,22,"Long Beach, CA",25 out of 60,7 out of 26,1 out of 1, 55.88% Place: 23,26:30 Pace: 8:32,26:30,26:30
42,Dave Lyman,M,43,"Long Beach, CA",26 out of 60,19 out of 34,5 out of 7, 48.24% Place: 34,28:58 Pace: 9:20,28:58,29:00
29,John Hammonds,M,59,"Huntington Beach, CA",27 out of 60,20 out of 34,1 out of 1, 54.61% Place: 26,29:08 Pace: 9:23,29:08,29:15
61,Hiroshi Suzuki,M,49,"Fullerton, CA",28 out of 60,21 out of 34,2 out of 4, 48.54% Place: 33,30:10 Pace: 9:43,30:10,30:12
11,Christina Aurea,F,31,"Long Beach, CA",29 out of 60,8 out of 26,1 out of 7, 48.82% Place: 32,30:22 Pace: 9:47,30:22,30:31
41,Maria Lopez,F,51,"Los Angeles, CA",30 out of 60,9 out of 26,2 out of 2, 56.45% Place: 21,30:22 Pace: 9:47,30:22,30:27
38,Yosuke Ito,M,48,"Fullerton, CA",31 out of 60,22 out of 34,3 out of 4, 47.70% Place: 35,30:27 Pace: 9:48,30:27,30:29
33,Hitori Hirata,M,51,"Torrance, CA",32 out of 60,23 out of 34,4 out of 8, 48.85% Place: 31,30:27 Pace: 9:49,30:27,30:29
32,Neal Higa,M,40,"Los Angeles, CA",33 out of 60,24 out of 34,6 out of 7, 44.83% Place: 42,30:28 Pace: 9:49,30:28,30:29
25,Bradley Gillespie,M,69,"Huntington Beach, CA",34 out of 60,25 out of 34,2 out of 2, 56.72% Place: 20,30:45 Pace: 9:54,30:45,30:47
58,Nadia Sharrar,F,30,"Torrance, CA",35 out of 60,10 out of 26,2 out of 7, 47.39% Place: 36,31:14 Pace: 10:04,31:14,31:14
34,Jana Hollingsworth,F,37,"Saskatoon, SK",36 out of 60,11 out of 26,1 out of 5, 46.06% Place: 40,32:46 Pace: 10:33,32:46,32:54
21,Carylann Elleri,F,38,"Huntington Beach, CA",37 out of 60,12 out of 26,2 out of 5, 46.24% Place: 37,32:47 Pace: 10:33,32:47,32:48
62,Noreen Tanioka,F,38,"Hacienda Heights, CA",38 out of 60,13 out of 26,3 out of 5, 46.17% Place: 38,32:50 Pace: 10:34,32:50,32:50
105,Donnie Nunnally,M,29,"Alta Loma, CA",39 out of 60,26 out of 34,3 out of 3, 39.10% Place: 52,33:03 Pace: 10:39,33:03,33:05
14,Kim Bowman,F,34,"Costa Mesa, CA",40 out of 60,14 out of 26,3 out of 7, 44.95% Place: 41,33:10 Pace: 10:41,33:10,33:16
15,Kelly Boyle Wilk,F,40,"Long Beach, CA",41 out of 60,15 out of 26,2 out of 2, 46.07% Place: 39,33:18 Pace: 10:43,33:18,33:24
16,Kurt Brockman,M,51,"Lakewood, CA",42 out of 60,27 out of 34,5 out of 8, 43.88% Place: 45,33:54 Pace: 10:55,33:54,34:02
26,Vanessa Gordon,F,35,"Venice, CA",43 out of 60,16 out of 26,4 out of 5, 43.69% Place: 46,34:14 Pace: 11:01,34:14,34:21
44,Colleen Maher,F,32,"Lake Forest, CA",44 out of 60,17 out of 26,4 out of 7, 43.00% Place: 47,34:31 Pace: 11:07,34:31,34:36
23,Phil Figueroa,M,54,"Long Beach, CA",45 out of 60,28 out of 34,6 out of 8, 44.03% Place: 44,34:37 Pace: 11:09,34:37,34:44
50,Rob Patterson,M,35,"Irvine, CA",46 out of 60,29 out of 34,1 out of 1, 37.90% Place: 53,34:48 Pace: 11:13,34:48,34:54
46,Alan Miller,M,54,"Costa Mesa, CA",47 out of 60,30 out of 34,7 out of 8, 42.31% Place: 48,36:01 Pace: 11:36,36:01,36:05
40,Karin Lagally,F,39,"Aschaffenburg, ",48 out of 60,18 out of 26,5 out of 5, 41.85% Place: 49,36:25 Pace: 11:44,36:25,36:32
112,Nancy Huntington,F,61,"Long Beach, CA",49 out of 60,19 out of 26,1 out of 2, 53.77% Place: 27,36:28 Pace: 11:45,36:28,36:28
54,Michelle Prieto,F,33,"Norwalk, CA",50 out of 60,20 out of 26,5 out of 7, 40.38% Place: 50,36:50 Pace: 11:52,36:50,36:50
119,Anne Thornquist,F,34,"Lakewood, CA",51 out of 60,21 out of 26,6 out of 7, 37.69% Place: 54,39:33 Pace: 12:44,39:33,39:33
65,Leann Zunich,F,55,"Long Beach, CA",52 out of 60,22 out of 26,1 out of 1, 44.39% Place: 43,40:41 Pace: 13:06,40:41,40:49
110,Lee Di Gregorio,F,76,"Anaheim, CA",53 out of 60,23 out of 26,1 out of 1, 55.57% Place: 25,45:04 Pace: 14:31,45:04,45:14
118,Brad Thornquist,M,45,"Lakewood, CA",54 out of 60,31 out of 34,4 out of 4, 29.80% Place: 58,47:37 Pace: 15:20,47:37,47:37
57,Kent Sanders,M,50,"Long Beach, CA",55 out of 60,32 out of 34,8 out of 8, 30.94% Place: 57,47:41 Pace: 15:21,47:41,47:52
115,Katherine Smith,F,48,"Alta Loma, CA",56 out of 60,24 out of 26,1 out of 1, 33.17% Place: 56,49:49 Pace: 16:02,49:49,50:08
109,Bill Hughes,M,71,"Rancho Cucamonga, CA",57 out of 60,33 out of 34,1 out of 1, 34.75% Place: 55,51:23 Pace: 16:33,51:23,51:29
108,Susan Floyd,F,63,"Yucaipa, CA",58 out of 60,25 out of 26,2 out of 2, 39.29% Place: 51,51:23 Pace: 16:33,51:23,51:29
120,Anna Koo,F,31,"Redondo Beach, CA",59 out of 60,26 out of 26,7 out of 7, 26.79% Place: 59,55:19 Pace: 17:49,55:19,55:19
19,Pete Dack,M,42,"Northridge, CA",60 out of 60,34 out of 34,7 out of 7, 11.80% Place: 60,1:57:24 Pace: 37:48,1:57:24,1:57:24
