Place,Name,Location,Bib,Net Time,Pace,Division/Place,Sex-Age,Sex-Place,Gun Time,Age Grade
1,Edward Gunby,"Barnack, UK",104,16:03,5:10,M 16-19/1,M-18,1,16:03,83.16%
2,Robert Gates,"Banning, CA",24,17:55,5:46,M 40-44/1,M-40,2,17:55,76.26%
3,Lars Hertzog,"Long Beach, CA",30,18:02,5:49,M 40-44/2,M-40,3,18:02,75.69%
4,Mario Quevedo,"Long Beach, CA",48,18:20,5:54,M 30-34/1,M-33,4,18:20,71.25%
5,Matias Murillo,"Calexico, CA",117,18:43,6:02,M 50-54/1,M-50,5,18:43,78.88%
6,Eric Macleod,"La Mirada, CA",43,19:56,6:25,M 20-24/1,M-23,6,19:56,64.77%
7,Allen Smith,"Alta Loma, CA",114,20:41,6:40,M 45-49/1,M-46,7,20:41,69.11%
8,Scott Ispirescu,"Laguna Niguel, CA",113,22:06,7:07,M 40-44/3,M-40,8,22:06,61.81%
9,Fatima Iqbal Zubair,"Costa Mesa, CA",37,22:10,7:08,F 25-29/1,F-26,1,22:10,66.82%
10,Jeffrey McKinney,"Long Beach, CA",45,22:11,7:09,M 40-44/4,M-42,9,22:11,62.48%
11,Gabriel Schij,"Long Beach, CA",102,23:10,7:28,M 60-64/1,M-61,10,23:10,69.91%
12,Mel Guzman,"Lakewood, CA",28,23:29,7:34,M 30-34/2,M-33,11,23:29,55.61%
13,Katie Baca,"Petaluma, CA",12,23:42,7:38,F 01-15/1,F-14,2,23:42,66.36%
14,Mike Roy,"Whittier, CA",116,23:59,7:44,M 50-54/2,M-53,12,24:02,63.07%
15,Doug Hurd,"Alta Loma, CA",106,24:29,7:53,M 25-29/1,M-29,13,24:29,52.79%
16,Glenn Jones,"Indio, CA",101,24:30,7:54,M 65-69/1,M-65,14,24:30,68.48%
17,Roseann Chapman,"Long Beach, CA",18,24:53,8:01,F 50-54/1,F-51,3,24:56,68.90%
18,Shaun Hicks,"Anaheim, CA",31,25:02,8:04,M 20-24/2,M-24,15,25:11,51.57%
19,Yuka Wada,"Long Beach, CA",63,25:05,8:05,F 25-29/2,F-25,4,25:13,59.04%
20,Keith Simmons,"Long Beach, CA",59,25:13,8:07,M 25-29/2,M-29,16,25:15,51.26%
21,Jim Litzel,"Harbor City, CA",103,25:16,8:08,M 60-64/2,M-63,17,25:17,65.21%
22,Susie Silveia,"Alta Loma, CA",107,25:36,8:15,F 40-44/1,F-44,5,25:36,61.82%
23,Lawrie Morey,"Long Beach, CA",47,25:57,8:22,F 25-29/3,F-27,6,26:01,57.07%
24,Perry Chapman,"Long Beach, CA",17,26:27,8:31,M 50-54/3,M-51,18,26:30,56.24%
25,Melissa Huntington,"Long Beach, CA",111,26:30,8:32,F 20-24/1,F-22,7,26:30,55.88%
26,Dave Lyman,"Long Beach, CA",42,28:58,9:20,M 40-44/5,M-43,19,29:00,48.24%
27,John Hammonds,"Huntington Beach, CA",29,29:08,9:23,M 55-59/1,M-59,20,29:15,54.61%
28,Hiroshi Suzuki,"Fullerton, CA",61,30:10,9:43,M 45-49/2,M-49,21,30:12,48.54%
29,Christina Aurea,"Long Beach, CA",11,30:22,9:47,F 30-34/1,F-31,8,30:31,48.82%
30,Maria Lopez,"Los Angeles, CA",41,30:22,9:47,F 50-54/2,F-51,9,30:27,56.45%
31,Yosuke Ito,"Fullerton, CA",38,30:27,9:48,M 45-49/3,M-48,22,30:29,47.70%
32,Hitori Hirata,"Torrance, CA",33,30:27,9:49,M 50-54/4,M-51,23,30:29,48.85%
33,Neal Higa,"Los Angeles, CA",32,30:28,9:49,M 40-44/6,M-40,24,30:29,44.83%
34,Bradley Gillespie,"Huntington Beach, CA",25,30:45,9:54,M 65-69/2,M-69,25,30:47,56.72%
35,Nadia Sharrar,"Torrance, CA",58,31:14,10:04,F 30-34/2,F-30,10,31:14,47.39%
36,Jana Hollingsworth,"Saskatoon, SK",34,32:46,10:33,F 35-39/1,F-37,11,32:54,46.06%
37,Carylann Elleri,"Huntington Beach, CA",21,32:47,10:33,F 35-39/2,F-38,12,32:48,46.24%
38,Noreen Tanioka,"Hacienda Heights, CA",62,32:50,10:34,F 35-39/3,F-38,13,32:50,46.17%
39,Donnie Nunnally,"Alta Loma, CA",105,33:03,10:39,M 25-29/3,M-29,26,33:05,39.10%
40,Kim Bowman,"Costa Mesa, CA",14,33:10,10:41,F 30-34/3,F-34,14,33:16,44.95%
41,Kelly Boyle Wilk,"Long Beach, CA",15,33:18,10:43,F 40-44/2,F-40,15,33:24,46.07%
42,Kurt Brockman,"Lakewood, CA",16,33:54,10:55,M 50-54/5,M-51,27,34:02,43.88%
43,Vanessa Gordon,"Venice, CA",26,34:14,11:01,F 35-39/4,F-35,16,34:21,43.69%
44,Colleen Maher,"Lake Forest, CA",44,34:31,11:07,F 30-34/4,F-32,17,34:36,43.00%
45,Phil Figueroa,"Long Beach, CA",23,34:37,11:09,M 50-54/6,M-54,28,34:44,44.03%
46,Rob Patterson,"Irvine, CA",50,34:48,11:13,M 35-39/1,M-35,29,34:54,37.90%
47,Alan Miller,"Costa Mesa, CA",46,36:01,11:36,M 50-54/7,M-54,30,36:05,42.31%
48,Karin Lagally,"Aschaffenburg, ",40,36:25,11:44,F 35-39/5,F-39,18,36:32,41.85%
49,Nancy Huntington,"Long Beach, CA",112,36:28,11:45,F 60-64/1,F-61,19,36:28,53.77%
50,Michelle Prieto,"Norwalk, CA",54,36:50,11:52,F 30-34/5,F-33,20,36:50,40.38%
51,Anne Thornquist,"Lakewood, CA",119,39:33,12:44,F 30-34/6,F-34,21,39:33,37.69%
52,Leann Zunich,"Long Beach, CA",65,40:41,13:06,F 55-59/1,F-55,22,40:49,44.39%
53,Lee Di Gregorio,"Anaheim, CA",110,45:04,14:31,F 70-99/1,F-76,23,45:14,55.57%
54,Brad Thornquist,"Lakewood, CA",118,47:37,15:20,M 45-49/4,M-45,31,47:37,29.80%
55,Kent Sanders,"Long Beach, CA",57,47:41,15:21,M 50-54/8,M-50,32,47:52,30.94%
56,Katherine Smith,"Alta Loma, CA",115,49:49,16:02,F 45-49/1,F-48,24,50:08,33.17%
57,Bill Hughes,"Rancho Cucamonga, CA",109,51:23,16:33,M 70-99/1,M-71,33,51:29,34.75%
58,Susan Floyd,"Yucaipa, CA",108,51:23,16:33,F 60-64/2,F-63,25,51:29,39.29%
59,Anna Koo,"Redondo Beach, CA",120,55:19,17:49,F 30-34/7,F-31,26,55:19,26.79%
60,Pete Dack,"Northridge, CA",19,1:57:24,37:48,M 40-44/7,M-42,34,1:57:24,11.80%
