Place,Name,Location,Bib,Net Time,Pace,Division/Place,Sex-Age,Sex-Place,Gun Time,Age Grade
1,Haydn Tierney,"Carlsbad, CA",1326,20:03,20:03,M 25-29/0,M-26,1,20:03, 0.00%
2,Wil Whaley,"San Juan Capistrano, CA",1335,20:37,20:37,M 16-19/0,M-19,2,20:37, 0.00%
3,Andrew Godbe,"Mission Viejo, CA",1251,20:37,20:37,M 16-19/0,M-18,3,20:37, 0.00%
4,Lucas Norman,"San Juan Capistrano, CA",1275,21:06,21:06,M 1-15/1,M-14,4,21:06, 0.00%
5,Daniel Hofstedt,"Trabuco Canyon, CA",1261,21:57,21:57,M 16-19/1,M-17,5,21:57, 0.00%
6,John Criste,"Trabuco Canyon, CA",1232,21:59,21:59,M 16-19/2,M-18,6,21:59, 0.00%
7,Logan Redondo,"Lake Forest, CA",1304,22:09,22:09,M 1-15/2,M-13,7,22:09, 0.00%
8,Tyler Deshon,"Mission Viejo, CA",1356,22:11,22:11,M 16-19/3,M-16,8,22:11, 0.00%
9,Adam Gonzalez,"Lake Forest, CA",1252,22:42,22:42,M 16-19/4,M-17,9,22:42, 0.00%
10,Matthew Hammer,"Culver City, CA",1257,22:48,22:48,M 1-15/3,M-12,10,22:48, 0.00%
11,Derek Young,"Mission Viejo, CA",1338,23:23,23:23,M 1-15/4,M-13,11,23:23, 0.00%
12,Tegze (Tex) Haraszti,"Newport Beach, CA",1353,24:13,24:13,M 65-69/1,M-65,12,24:13, 0.00%
13,Zach Ridout,"Dana Point, CA",1305,24:38,24:38,M 1-15/5,M-13,13,24:38, 0.00%
14,Cameron Willment,"Mission Viejo, CA",1336,24:38,24:38,M 1-15/6,M-12,14,24:38, 0.00%
15,Jason Smith,"Claremont, CA",1321,24:41,24:41,M 35-39/1,M-36,15,24:41, 0.00%
16,Mathew Chalcarz,"Mission Viejo, CA",1221,24:48,24:48,M 1-15/7,M-10,16,24:48, 0.00%
17,Doug Boswell,"Redondo Beach, CA",1213,25:16,25:16,M 50-54/1,M-53,17,25:16, 0.00%
18,Huble Kerns,"Pacific Palisades, CA",1368,25:26,25:26,M 55-59/1,M-57,18,25:26, 0.00%
19,Alex Duncan,"Mission Viejo, CA",1359,25:33,25:33,M 16-19/5,M-17,19,25:33, 0.00%
20,Steve Willment,"Mission Viejo, CA",1351,25:38,25:38,M 45-49/1,M-48,20,25:38, 0.00%
21,Joseph Wu,"Mission Viejo, CA",1343,26:11,26:11,M 1-15/8,M-14,21,26:11, 0.00%
22,John Chetwyn,"San Clemente, CA",1223,26:35,26:35,M 1-15/9,M-11,22,26:35, 0.00%
23,Chris Cosner,"Manhattan Beach, CA",1231,27:01,27:01,M 45-49/2,M-45,23,27:01, 0.00%
24,David Neilan,"Los Angeles, CA",1294,27:30,27:30,M 40-44/1,M-41,24,27:30, 0.00%
25,Joe Burschinger,"Los Angeles, CA",1364,27:44,27:44,M 40-44/2,M-40,25,27:44, 0.00%
26,Alexander Karn,"Los Angeles, CA",1264,28:13,28:13,M 35-39/2,M-37,26,28:13, 0.00%
27,Mike Pawloski,"Yorba Linda, CA",1357,28:23,28:23,M 50-54/2,M-50,27,28:23, 0.00%
28,Jeff Matlow,"Santa Monica, CA",1279,28:26,28:26,M 40-44/3,M-40,28,28:26, 0.00%
29,Mike Mitchell,"Laguna Niguel, CA",1287,28:34,28:34,M 50-54/3,M-50,29,28:34, 0.00%
30,David Aprea,"Irvine, CA",1205,28:50,28:50,M 40-44/4,M-40,30,28:50, 0.00%
31,Terry Henderson,"Pacific Palisades, CA",1258,29:05,29:05,M 50-54/4,M-53,31,29:05, 0.00%
32,Warren Booth,"Laguna Hills, CA",1342,29:13,29:13,M 40-44/5,M-42,32,29:13, 0.00%
33,Jonathan Lantz,"Fullerton, CA",1377,29:14,29:14,M 1-15/10,M-14,33,29:14, 0.00%
34,Matthew Hormatz,"San Pedro, CA",1347,29:15,29:15,M 1-15/11,M-12,34,29:15, 0.00%
35,Martin Risley,"Long Beach, CA",1352,29:38,29:38,M 50-54/5,M-53,35,29:38, 0.00%
36,Thomas Hughes,"Laguna Hills, CA",1369,30:40,30:40,M 45-49/3,M-48,36,30:40, 0.00%
37,Nicholas Norman,"San Juan Capistrano, CA",1296,30:48,30:48,M 1-15/12,M-10,37,30:48, 0.00%
38,John Gorman,"Redlands, CA",1362,31:04,31:04,M 55-59/2,M-58,38,31:04, 0.00%
39,Bill Roberts,"Long Beach, CA",1375,31:04,31:04,M 30-34/1,M-31,39,31:04, 0.00%
40,Brian Koenemann,"La Mirada, CA",1363,31:13,31:13,M 45-49/4,M-47,40,31:13, 0.00%
41,Thomas Taylor,"Long Beach, CA",1345,31:29,31:29,M 35-39/3,M-39,41,31:29, 0.00%
42,Steve Cook,"Glendora, CA",1341,32:05,32:05,M 45-49/5,M-47,42,32:05, 0.00%
43,Michael Mourey,"San Diego, CA",1374,32:12,32:12,M 20-24/1,M-23,43,32:12, 0.00%
44,Ken Tolar,"Redlands, CA",1327,32:31,32:31,M 55-59/3,M-58,44,32:31, 0.00%
45,Jeff Drake,"San Juan Capistrano, CA",1235,34:11,34:11,M 40-44/6,M-44,45,34:11, 0.00%
46,Mike Kramer,"Huntington Beach, CA",1348,34:19,34:19,M 40-44/7,M-42,46,34:19, 0.00%
47,John Uribe,"Los Angeles, CA",1330,34:36,34:36,M 40-44/8,M-43,47,34:36, 0.00%
48,Frankie Ayes,"Simi Valley, CA",1206,34:45,34:45,M 40-44/9,M-44,48,34:45, 0.00%
49,Shaun Uebelhor,"Encinitas, CA",1329,34:58,34:58,M 40-44/10,M-40,49,34:58, 0.00%
50,Benjamin Chi,"Los Angeles, CA",1370,35:01,35:01,M 25-29/1,M-29,50,35:01, 0.00%
51,Patrick Gilbert,"Tustin, CA",1249,35:36,35:36,M 45-49/6,M-46,51,35:36, 0.00%
52,Chris Oconnell,"Long Beach, CA",1367,35:42,35:42,M 60-64/1,M-61,52,35:42, 0.00%
53,Toshinori Hinoue,"Los Angeles, CA",1259,35:45,35:45,M 30-34/2,M-32,53,35:45, 0.00%
54,Bob Goodis,"Beverly Hills, CA",1253,36:03,36:03,M 50-54/6,M-50,54,36:03, 0.00%
55,Scott Beyma,"Long Beach, CA",1209,36:05,36:05,M 35-39/4,M-37,55,36:05, 0.00%
56,Grant Fontan,"Huntington Beach, CA",1244,36:15,36:15,M 50-54/7,M-53,56,36:15, 0.00%
57,Sang Yoon,"Loma Linda, CA",1346,37:02,37:02,M 35-39/5,M-35,57,37:02, 0.00%
58,Bob Gresl,"Downey, CA",1254,37:12,37:12,M 40-44/11,M-44,58,37:12, 0.00%
59,James Siler,"Torrance, CA",1320,37:21,37:21,M 35-39/6,M-37,59,37:21, 0.00%
60,Sergey Lototsky,"San Pedro, CA",1274,37:48,37:48,M 35-39/7,M-37,60,37:48, 0.00%
61,Harvy Vevni,"Long Beach, CA",1361,38:29,38:29,M 50-54/8,M-53,61,38:29, 0.00%
62,Fabio Taglieri,"Mission Viejo, CA",1325,38:59,38:59,M 60-64/2,M-60,62,38:59, 0.00%
63,Michael Resk,"Newport Beach, CA",1373,41:27,41:27,M 35-39/8,M-35,63,41:27, 0.00%
64,John Barthelmass,"Huntington Beach, CA",1207,47:32,47:32,M 50-54/9,M-53,64,47:32, 0.00%
65,Laurentiu Popescu,"Redlands, CA",1303,51:12,51:12,M 30-34/3,M-34,65,51:12, 0.00%
66,Richard May,"Bellflower, CA",1281,1:00:58,1:00:58,M 60-64/3,M-60,66,1:00:58, 0.00%
