Bib,Name,Gender,Age,Hometown,Overall,Men,M 30-34,Age/Grade,Finish,Chip Time,Gun Time
1393,Rudy Mendoza,M,39,"San Diego, CA",313 out of 317,133 out of 135,16 out of 16, 15.69% Place: 315,1:26:49 Pace: 27:57,1:26:49,1:31:24
1115,Chris Wilke,M,32,"Del Mar, CA",314 out of 317,134 out of 135,16 out of 16, 15.02% Place: 316,1:27:06 Pace: 28:03,1:27:06,1:27:06
1416,Arturo Martinez,M,44,"San Diego, CA",315 out of 317,135 out of 135,16 out of 16, 16.19% Place: 314,1:27:07 Pace: 28:03,1:27:07,1:29:59
1303,Nancy Fahey,F,62,"El Cajon, CA",316 out of 317,181 out of 182,13 out of 13, 21.48% Place: 293,1:28:28 Pace: 28:29,1:28:28,1:40:31
1004,Esther Banda,F,53,"Chula Vista, CA",317 out of 317,182 out of 182,15 out of 15, 18.64% Place: 306,1:31:40 Pace: 29:31,1:31:40,1:31:40
