Bib,Name,Gender,Age,Hometown,Overall,Women,F 18-24,Age/Grade,Finish,Chip Time,Gun Time
1284,Xavier Avila,M,9,"San Diego, CA",313 out of 318,151 out of 154,11 out of 13, 17.18% Place: 299,1:34:47 Pace: 30:31,1:34:47,1:39:41
1179,Rachel Rivera,F,24,"Irvine, CA",314 out of 318,163 out of 164,10 out of 10, 15.47% Place: 305,1:35:28 Pace: 30:44,1:35:28,1:35:28
1309,Max Osborn,M,47,"Chula Vista, CA",315 out of 318,152 out of 154,12 out of 12, 15.03% Place: 307,1:35:56 Pace: 30:53,1:35:56,1:35:56
1241,Cristina Guerrero,F,31,"San Ysidro, CA",316 out of 318,164 out of 164,15 out of 15, 15.24% Place: 306,1:36:53 Pace: 31:11,1:36:53,1:40:45
1169,Jason Miramontes,M,6,"Chula Vista, CA",317 out of 318,153 out of 154,12 out of 13, 18.85% Place: 284,1:44:25 Pace: 33:37,1:44:25,1:44:25
1170,Jace Welchance,M,8,"Chula Vista, CA",318 out of 318,154 out of 154,13 out of 13, 16.45% Place: 302,1:44:28 Pace: 33:38,1:44:28,1:44:28
