Place,Name,Location,Bib,Net Time,Pace,Division/Place,Sex-Age,Sex-Place,Gun Time,Age Grade
1,Daniel Farmer,"ESCONDIDO, CA",1655,16:20,5:16,M 25-29/0,M-26,1,16:20,79.06%
2,Ciro Pluma-Melendez,"San Diego, CA",1632,16:55,5:27,M 40-44/0,M-41,2,16:55, 0.00%
3,Bryan Johnson,"Cardiff, CA",1104,17:08,5:31,M 13-17/0,M-15,3,17:08,81.38%
4,Noah Potts,"La Mesa, CA",1101,17:14,5:33,M 13-17/1,M-15,4,17:16,80.83%
5,David Mitchell,"San Diego, CA",1485,17:21,5:35,M 25-29/1,M-29,5,17:21,74.52%
6,Paul Justice,"San Diego, CA",1256,17:45,5:43,M 45-49/1,M-46,6,17:45,80.47%
7,Omar Aguilar,"San Diego, CA",1625,17:57,5:47,M 35-39/1,M-35,7,17:58,73.51%
8,Dmitri Journist,"Escondido, CA",1633,18:04,5:49,M 18-24/1,M-24,8,18:06,71.47%
9,Bryan Wallbank,"Chula Vista, CA",1602,18:27,5:57,M 40-44/1,M-44,9,18:27,76.31%
10,Jose Moreno,"San Diego, CA",1202,18:36,6:00,M 18-24/2,M-18,10,18:37,71.75%
11,Zachary Lewis,"San Diego, CA",1146,18:47,6:03,M 25-29/2,M-25,11,24:16,68.74%
12,Steve Hlavacek,"San Diego, CA",1139,19:23,6:15,M 45-49/2,M-46,12,19:24,73.75%
13,Devin Sattelberg,"San Diego, CA",1541,19:47,6:22,M 18-24/3,M-24,13,19:47,65.26%
14,Christopher Mefford,"San Diego, CA",1534,19:47,6:22,M 35-39/2,M-35,14,19:47,66.69%
15,Jennifer Mitchell,"Fallbrook, CA",1063,20:01,6:27,F 25-29/0,F-28,1,20:01,74.06%
16,Matthew Johnson,"Santee, CA",1507,20:04,6:28,M 30-34/1,M-30,15,20:08,64.51%
17,Alex Stewart,"Santee, CA",1635,20:13,6:31,M 30-34/2,M-32,16,20:19,64.36%
18,Julie Bosch,"BISMARCK, ND",1653,20:17,6:32,F 50-54/0,F-51,2,20:17,83.86%
19,Jordana Henderson,"La Jolla, CA",1519,20:28,6:36,F 18-24/0,F-24,3,20:28,72.43%
20,William Schneider,"San Diego, CA",1191,20:30,6:36,M 35-39/3,M-35,17,20:34,64.36%
21,Clay Cardozo,"San Diego, CA",1556,20:35,6:38,M 25-29/3,M-27,18,20:37,62.72%
22,John Loomis,"Chula Vista, CA",1589,20:35,6:38,M 35-39/4,M-37,19,20:37,64.91%
23,Liam Lau,"San Diego, CA",1396,20:35,6:38,M 13-17/2,M-14,20,20:39,68.96%
24,Jeff Galford,", ",1658,20:44,6:41,M 30-34/3,M-30,21,20:45,62.43%
25,Heidi Nevin,"San Diego, CA",1258,20:46,6:41,F 35-39/1,F-39,4,20:51,73.25%
26,Joseph Grimshaw,"San Diego, CA",1049,20:53,6:44,M 25-29/4,M-26,22,20:58,61.82%
27,Ryan White,"Punta Gorda, FL",1603,20:53,6:44,M 18-24/4,M-21,23,20:53,62.06%
28,Guillermo Quintero,"San Diego, CA",1010,20:56,6:45,M 30-34/4,M-31,24,21:01,61.99%
29,Ed Macbean,"San Diego, CA",1197,20:57,6:45,M 40-44/2,M-43,25,20:59,66.72%
30,Felipe Parkins,"NATIONAL CITY, CA",1657,21:00,6:46,M 45-49/3,M-47,26,21:05,68.63%
31,Basil Coronado,"La Mesa, CA",1564,21:04,6:47,M 40-44/3,M-41,27,21:08,65.32%
32,Kevin Vanwanseele,"Lakeside, CA",1511,21:09,6:49,M 30-34/5,M-32,28,21:11,61.51%
33,Stan Ideker,"San Diego, CA",1388,21:13,6:50,M 55-59/1,M-59,29,21:15,75.00%
34,Corey Gray,"Poway, CA",1106,21:15,6:51,M 13-17/3,M-13,30,21:16,68.29%
35,Michael Deras,"San Diego, CA",1185,21:16,6:51,M 40-44/4,M-44,31,21:19,66.20%
36,Zachary Spafford,"San Marcos, CA",1336,21:18,6:52,M 01-12/1,M-11,32,21:18,71.89%
37,Bryan Bauerle,"Lakeside, CA",1238,21:22,6:53,M 30-34/6,M-30,33,21:24,60.58%
38,Marcella Teran,"San Diego, CA",1600,21:23,6:53,F 55-59/1,F-57,5,21:23,85.88%
39,Chris Costales,"San Diego, CA",1115,21:23,6:53,M 30-34/7,M-34,34,21:27,61.39%
40,Steve Lathrop,"San Diego, CA",1483,21:32,6:56,M 35-39/5,M-38,35,21:36,62.51%
41,Dmitri Soloviev,"San Diego, CA",1011,21:37,6:58,M 35-39/6,M-38,36,21:40,62.22%
42,Mitchell Danford,"San Diego, CA",1515,21:39,6:58,M 18-24/5,M-19,37,21:41,60.94%
43,Lise Cartoni,"San Diego, CA",1180,21:43,7:00,F 40-44/1,F-44,6,21:45,72.50%
44,Russ Osborn,"Carlsbad, CA",1610,21:47,7:01,M 50-54/1,M-53,38,21:50,69.45%
45,Christopher Frost,"San Diego, CA",1322,21:48,7:01,M 13-17/4,M-15,39,21:48,63.89%
46,Mikhael Harris,"San Diego, CA",1384,21:48,7:01,M 18-24/6,M-23,40,21:49,59.22%
47,Tyler Yamamoto,"San Diego, CA",1461,21:56,7:04,M 13-17/5,M-17,41,21:57,61.60%
48,Reis Rosenbledt,"San Diego, CA",1557,21:57,7:04,M 25-29/5,M-27,42,22:00,58.81%
49,John Nell,"Midlothian, VA",1416,22:01,7:05,M 45-49/4,M-46,43,22:04,64.92%
50,Lukas Zvers,"San Diego, CA",1251,22:10,7:08,M 25-29/6,M-25,44,26:44,58.24%
51,Anthony Cafiso,"San Diego, CA",1614,22:15,7:10,M 35-39/7,M-37,45,22:18,60.04%
52,George Kiefer,"Studio City, CA",1520,22:22,7:12,M 25-29/7,M-27,46,22:25,57.72%
53,Oscar Luna,"San Diego, CA",1007,22:26,7:14,M NoAge/1,M-0,47,22:28, 0.00%
54,Jack Barry,"San Diego, CA",1183,22:29,7:14,M 30-34/8,M-33,48,22:30,58.09%
55,Colin Tedeschi,"San Diego, CA",1448,22:29,7:14,M 18-24/7,M-24,49,22:31,57.42%
56,Joshua James Spann,"Escondido, CA",1437,22:35,7:16,M 30-34/9,M-32,50,22:39,57.61%
57,Mark Fisher,"Coronado, CA",1628,22:38,7:17,M 40-44/5,M-43,51,22:41,61.75%
58,James Hickey,"Chula Vista, CA",1386,22:41,7:18,M 25-29/8,M-26,52,22:45,56.91%
59,Jaime Bradburn,"Spring Valley, CA",1107,22:42,7:19,F 35-39/2,F-35,7,22:43,65.91%
60,Chris Desrochers,"San Diego, CA",811,22:45,7:20,F 45-49/1,F-45,8,22:50,69.87%
61,Sasha Pino,"La Mesa, CA",1422,22:49,7:21,F 25-29/1,F-25,9,27:58,64.91%
62,Christina Irish,"SAN DIEGO, CA",1645,22:51,7:22,F 18-24/1,F-19,10,22:53,65.04%
63,Pete Chacon,"Fallbrook, CA",1031,22:52,7:22,M 30-34/10,M-31,53,22:52,56.75%
64,Carlie Dorostkar,"San Diego, CA",1582,22:53,7:22,F 01-12/1,F-10,11,23:04,74.64%
65,Jason Giavara,"San Diego, CA",1627,22:54,7:23,M 40-44/6,M-44,54,22:55,61.47%
66,Carlos Ochoa,"Chula Vista, CA",1221,22:56,7:23,M 25-29/9,M-29,55,23:00,56.36%
67,Thomas Cano,"El Cajon, CA",1560,22:57,7:23,M 01-12/2,M-11,56,23:00,66.72%
68,Gregory Amorelli,"San Diego, CA",1530,22:57,7:23,M 30-34/11,M-34,57,22:59,57.19%
69,Bijan Dorostkar,"San Diego, CA",1581,22:57,7:24,M 40-44/7,M-44,58,23:09,61.34%
70,Douglas Kenyon,"San Diego, CA",1533,23:11,7:28,M 65-69/1,M-69,59,23:19,75.25%
71,Nena Jackson,"SAN DIEGO, CA",1639,23:13,7:29,F 30-34/1,F-30,12,23:18,63.79%
72,Michael Jones,"Oakland, CA",1241,23:14,7:29,M 40-44/8,M-44,60,23:19,60.59%
73,Ken Mitchell,"San Diego, CA",1413,23:14,7:29,M 60-64/1,M-60,61,23:16,69.06%
74,Melanie Malski,"SAN DIEGO, CA",1638,23:18,7:30,F 25-29/2,F-28,13,23:20,63.56%
75,Sofia Loomis,"Chula Vista, CA",1590,23:18,7:30,F 35-39/3,F-37,14,23:21,64.64%
76,Nathan Orenstein,"San Diego, CA",1662,23:20,7:31,M 13-17/6,M-14,62,23:21,60.83%
77,Divina Meng,"Chula Vista, CA",1469,23:20,7:31,F 30-34/2,F-33,15,23:23,63.76%
78,Aaron Adamson,"San Diego, CA",1319,23:20,7:31,M 13-17/7,M-14,63,23:22,60.83%
79,Tracy Pompeo,"Encinitas, CA",1423,23:26,7:33,F 45-49/2,F-46,16,23:27,68.47%
80,Cheryl Southwick,"San Diego, CA",1436,23:37,7:36,F 50-54/1,F-50,17,23:39,71.05%
81,Edward Federman,"San Diego, CA",1585,23:41,7:38,M 55-59/2,M-55,64,23:42,64.93%
82,Sheila Schneider,"San Diego, CA",1208,23:42,7:38,F 40-44/2,F-43,18,23:43,65.94%
83,Paul Nutting,"San Diego, CA",1592,23:56,7:42,M 18-24/8,M-24,65,23:58,53.94%
84,Delaney Alonso,"San Diego, CA",1020,24:02,7:44,F 01-12/2,F-7,19,24:03,78.14%
85,Jennifer Alonso,"San Diego, CA",1021,24:03,7:45,F 40-44/3,F-40,20,24:03,63.66%
86,Danika Lau,"San Diego, CA",1395,24:04,7:45,F 13-17/1,F-16,21,24:06,63.62%
87,Thomas Karins,"Bonita, CA",1391,24:04,7:45,M 40-44/9,M-43,66,24:10,58.07%
88,Alex Silva,"Imperial Beach, CA",1175,24:06,7:46,M 18-24/9,M-23,67,24:14,53.56%
89,Carissa Finch,"San Diego, CA",1630,24:12,7:48,F 18-24/2,F-22,22,24:18,61.20%
90,Suzzana George,"San Diego, CA",1113,24:15,7:49,F 30-34/3,F-32,23,24:22,61.21%
91,Everardo Gutierez,"NATIONAL CITY, CA",1661,24:20,7:50,M 35-39/8,M-35,68,24:24,54.22%
92,Patrick Nevin,"San Diego, CA",1259,24:22,7:51,M 45-49/5,M-46,69,25:56,58.66%
93,Julia Sinsay,"San Diego, CA",1281,24:29,7:53,F 13-17/2,F-16,24,24:30,62.53%
94,Brian Maskiewicz,"SAN DIEGO, CA",1656,24:30,7:53,M 50-54/2,M-50,70,24:31,60.25%
95,Jimena Perez-Vargas,"San Diego, CA",8801,24:35,7:55,F 35-39/4,F-38,25,34:33,61.60%
96,Nikki La Scala,"San Diego, CA",1394,24:39,7:56,F 13-17/3,F-17,26,24:45,61.37%
97,Edward Dugbailay,"SAN DIEGO, CA",1647,24:41,7:57,M 30-34/12,M-31,71,24:41,52.57%
98,Kai Delman,"San Diego, CA",1195,24:46,7:59,F 01-12/3,F-12,27,26:06,65.79%
99,Christine Barreras,"San Diego, CA",1349,24:47,7:59,F 25-29/3,F-27,28,24:55,59.76%
100,Adam Barreras,"San Diego, CA",1348,24:47,7:59,M 25-29/10,M-27,72,24:55,52.09%
101,David White,"San Diego, CA",1636,24:47,7:59,M 65-69/2,M-65,73,24:55,67.70%
102,Jamie Harris,"LA MESA, CA",1659,24:48,7:59,F 25-29/4,F-26,29,28:06,59.72%
103,Elaine Hill,"Solana Beach, CA",1563,24:54,8:01,F 55-59/2,F-55,30,25:00,71.80%
104,Aaron Dockter,"San Diego, CA",1186,24:55,8:02,M 01-12/3,M-12,74,24:56,59.71%
105,Sam Derenne,"San Diego, CA",1170,24:55,8:02,M 18-24/10,M-24,75,25:02,51.81%
106,Bill Manders,"CHULA VISTA, CA",1644,25:00,8:03,M 55-59/3,M-59,76,25:04,63.64%
107,Jim Wink,"Coronado, CA",1459,25:00,8:03,M 45-49/6,M-48,77,25:07,58.11%
108,Brendan McGunigle,"San Diego, CA",1409,25:01,8:04,M 25-29/11,M-28,78,25:10,51.60%
109,Duane Thompson,"Chula Vista, CA",1529,25:06,8:05,M 45-49/7,M-47,79,25:17,57.41%
110,Brady Aiken,"Jamul, CA",1566,25:07,8:05,M 13-17/8,M-16,80,25:14,54.58%
111,Kristina Black,"San Diego, CA",1571,25:07,8:05,F 25-29/5,F-27,31,25:13,58.96%
112,Whitney Shryock,"San Diego, CA",1329,25:12,8:07,F 18-24/3,F-24,32,25:15,58.77%
113,Lourdes Barnes,"Chula Vista, CA",1570,25:14,8:08,F 50-54/2,F-51,33,25:17,67.28%
114,Rosina Campos,"San Diego, CA",1360,25:16,8:08,F 35-39/5,F-37,34,25:22,59.60%
115,Jennifer Syler,"El Cajon, CA",1446,25:18,8:09,F 25-29/6,F-28,35,25:25,58.54%
116,Joseph Yeats,"El Cajon, CA",1605,25:20,8:10,M 25-29/12,M-26,81,25:22,50.95%
117,Ina Deras,"San Diego, CA",803,25:22,8:10,F 45-49/3,F-45,36,25:26,62.66%
118,Kyle Carlstrom,"Imperial Beach, CA",1362,25:23,8:10,M 25-29/13,M-26,82,40:25,50.85%
119,Jacqueline Celi,"San Diego, CA",1363,25:25,8:11,F 45-49/4,F-47,37,25:30,63.78%
120,Richard Muscio,"San Diego, CA",1415,25:25,8:11,M 50-54/3,M-54,83,25:28,59.97%
121,Jaden Herrera,"San Diego, CA",1001,25:27,8:12,M 01-12/4,M-7,84,25:32,69.99%
122,Janine Bailey,"Coronado, CA",1344,25:28,8:12,F 35-39/6,F-36,38,25:37,58.94%
123,Christopher Bailey,"Coronado, CA",1343,25:29,8:13,M 35-39/9,M-39,85,25:38,53.21%
124,Sandi Briner,"San Diego, CA",1292,25:32,8:14,F 40-44/4,F-43,39,25:43,61.20%
125,Danilo Bautista,"San Diego, CA",1352,25:33,8:14,M 45-49/8,M-49,86,25:38,57.31%
126,Kim Schaeffer,"San Diego, CA",1328,25:33,8:14,M 50-54/4,M-53,87,25:37,59.20%
127,Luis Scheibe,"Carlsbad, CA",1526,25:37,8:15,M 01-12/5,M-9,88,26:12,63.87%
128,Luke Thomas,"San Diego, CA",1449,25:38,8:15,M 25-29/14,M-29,89,25:45,50.42%
129,Matt Thompson,"San Diego, CA",1467,25:39,8:16,M 30-34/13,M-32,90,27:00,50.72%
130,Chase Amos,"San Diego, CA",1466,25:40,8:16,M 18-24/11,M-24,91,27:00,50.29%
131,Ellis Slack,"San Diego, CA",1435,25:46,8:18,M 55-59/4,M-56,92,25:54,60.19%
132,Gary Rotto,"San Diego, CA",1147,25:56,8:21,M 50-54/5,M-52,93,25:58,57.81%
133,Jesse Herrera,"San Diego, CA",1003,25:59,8:22,M 40-44/10,M-40,94,26:04,52.57%
134,David Magana,"Chula Vista, CA",1230,26:03,8:24,M 35-39/10,M-36,95,26:08,50.96%
135,Greg Duenas,"San Diego, CA",1274,26:04,8:24,M 35-39/11,M-38,96,26:09,51.63%
136,Jason Udan,"Chula Vista, CA",1624,26:04,8:24,M 30-34/14,M-33,97,26:04,50.10%
137,Michael Chambrello,"SAN DIEGO, CA",1648,26:05,8:24,M 25-29/15,M-25,98,34:17,49.49%
138,Pedro Garcia,"San Diego, CA",1174,26:06,8:24,M 35-39/12,M-37,99,26:12,51.18%
139,Tanya Spenst,"Encinitas, CA",1484,26:08,8:25,F 30-34/4,F-33,40,26:10,56.92%
140,Joey Izidorc,"SAN DIEGO, CA",1641,26:08,8:25,M 55-59/5,M-56,100,26:11,59.35%
141,Kiyomi Powers,"Chula Vista, CA",1233,26:14,8:27,F 40-44/5,F-41,41,26:21,58.68%
142,Eric Villhauer,"San Diego, CA",1474,26:15,8:27,M 25-29/16,M-27,101,26:23,49.17%
143,Cybele Thompson,"San Diego, CA",1450,26:16,8:28,F 45-49/5,F-45,42,26:20,60.51%
144,Walter Bateman,"SAN DIEGO, CA",1646,26:17,8:28,M 60-64/2,M-63,102,26:25,62.69%
145,Becky Yzaguirre,"San Diego, CA",1232,26:19,8:28,F 45-49/6,F-47,43,26:23,61.60%
146,Brad Cano,"El Cajon, CA",1561,26:24,8:30,M 55-59/6,M-55,103,26:28,58.24%
147,Karla Onstott,"San Diego, CA",1168,26:25,8:30,F 35-39/7,F-36,44,26:34,56.82%
148,Tracy White,"San Diego, CA",1116,26:28,8:32,F 18-24/4,F-22,45,26:28,55.95%
149,Dennis Nelson,"San Diego, CA",1522,26:33,8:33,M 35-39/13,M-38,104,26:36,50.69%
150,Peggy Yamamoto,"San Diego, CA",1460,26:40,8:35,F 45-49/7,F-47,46,26:42,60.79%
151,Ryan Gilbert,"Escondido, CA",1179,26:43,8:36,M 40-44/11,M-42,105,26:53,51.87%
152,Christine Antonelli,"Solana Beach, CA",1199,26:45,8:37,F 50-54/3,F-50,47,27:34,62.72%
153,Don Counts,"San Diego, CA",1134,26:47,8:38,M 45-49/9,M-47,106,26:49,53.80%
154,Blake Duplass,"San Diego, CA",1037,26:50,8:38,M 25-29/17,M-27,107,35:41,48.10%
155,Elizabeth Byrnes,"Carlsbad, CA",1573,26:53,8:40,F 55-59/3,F-59,48,26:59,70.22%
156,Kelli Barrett,"Santa Barbara, CA",1137,26:56,8:40,F 50-54/4,F-50,49,27:01,62.29%
157,Morgan Vanderpool,"Costa Mesa, CA",1453,26:58,8:41,M 35-39/14,M-35,108,27:04,48.92%
158,Jim Aiken,"Jamul, CA",1567,26:59,8:41,M 50-54/6,M-50,109,27:07,54.70%
159,Christopher Cooke,"San Diego, CA",1275,27:01,8:42,M 30-34/15,M-33,110,27:07,48.33%
160,Pete Gutana,"San Diego, CA",1216,27:02,8:42,M 35-39/15,M-38,111,27:13,49.78%
161,John Parker,"Costa Mesa, CA",1419,27:05,8:43,M 35-39/16,M-39,112,32:49,50.06%
162,Kelley Smith,"La Jolla, CA",1555,27:07,8:44,F 50-54/5,F-50,50,30:42,61.87%
163,Sara Kenniston,"San Diego, CA",1171,27:08,8:44,F 25-29/7,F-26,51,27:15,54.58%
164,Joshua Garrett,"San Diego, CA",1380,27:15,8:47,M 30-34/16,M-34,113,27:23,48.16%
165,Mark Wurtenberger,"San Diego, CA",1192,27:16,8:47,M 30-34/17,M-30,114,27:20,47.46%
166,Judy Galindo,"Lemon Grove, CA",1586,27:19,8:48,F 30-34/5,F-30,52,27:26,54.21%
167,David Pradel,"San Diego, CA",1310,27:19,8:48,M 18-24/12,M-18,115,27:27,48.84%
168,Jennifer Cooper,"San Diego, CA",1247,27:20,8:48,F 25-29/8,F-29,53,29:30,54.18%
169,Hayden Moore,"Spring Valley, CA",1065,27:21,8:49,M 01-12/6,M-12,116,27:57,54.39%
170,Eric Hollister,"San Diego, CA",1587,27:29,8:51,M 30-34/18,M-30,117,27:31,47.09%
171,Lan Jefferson,"San Diego, CA",1389,27:30,8:52,F 40-44/6,F-43,54,27:40,56.82%
172,Justin Couvignor,"SAN DIEGO, CA",1643,27:34,8:53,M 13-17/9,M-15,118,27:38,50.51%
173,Allison McClung,"San Diego, CA",1008,27:38,8:54,F 18-24/5,F-24,55,27:43,53.59%
174,Richard Bromley,"National City, CA",1229,27:40,8:55,M 50-54/7,M-50,119,27:46,53.35%
175,Michael Mateo,"Liverpool, NY",1407,27:40,8:55,M 18-24/13,M-23,120,27:40,46.65%
176,Amanda Vraga,"San Diego, CA",1012,27:42,8:55,F 25-29/9,F-26,56,27:48,53.46%
177,David Blumberg,"San Diego, CA",1481,27:44,8:56,M 40-44/12,M-43,121,27:46,50.39%
178,Jerri Brown,"San Diego, CA",806,27:46,8:57,F 55-59/4,F-57,57,27:56,66.13%
179,Adriana Bernal,"San Diego, CA",1487,27:47,8:57,F 18-24/6,F-23,58,27:50,53.30%
180,Gia Kengott,"San Diego, CA",1135,27:48,8:57,F 18-24/7,F-23,59,27:53,53.27%
181,Aaran Lutz,"EL CAJON, CA",1637,27:52,8:58,M 18-24/14,M-24,122,27:52,46.32%
182,Jessica Kasl,"El Cajon, CA",1054,27:52,8:59,F 01-12/4,F-12,60,31:48,58.47%
183,Millie Van Horn,"Santee, CA",1017,28:00,9:01,F 13-17/4,F-13,61,28:01,57.06%
184,Matthew Frost,"San Diego, CA",1324,28:06,9:03,M 13-17/10,M-14,123,28:07,50.50%
185,Jackie Meyer,"San Diego, CA",1412,28:07,9:03,F 50-54/6,F-50,62,28:14,59.67%
186,Lana Tiley,"San Diego, CA",1172,28:09,9:04,F 18-24/8,F-23,63,28:15,52.61%
187,Lawrence Barnett,"Carlsbad, CA",1346,28:12,9:05,M 55-59/7,M-59,124,28:19,56.42%
188,Nany McMichael,"NATIONAL CITY, CA",1642,28:18,9:07,F 35-39/8,F-38,64,28:21,53.51%
189,Michelle Nichols,"El Cajon, CA",1468,28:21,9:08,F 40-44/7,F-43,65,28:21,55.12%
190,Rheesa Eddings,"San Diego, CA",1122,28:22,9:08,F 40-44/8,F-42,66,28:25,54.67%
191,Chelsea Zendejas,"Escondido, CA",1316,28:24,9:09,F 13-17/5,F-14,67,29:17,55.37%
192,Kelly Wood,"San Diego, CA",1231,28:26,9:09,F 40-44/9,F-43,68,28:30,54.96%
193,Lynn Scozzari,"Vista, CA",816,28:32,9:11,F 50-54/7,F-52,69,28:37,60.26%
194,Martha De Leon,"Coronado, CA",1369,28:34,9:12,F 45-49/8,F-48,70,28:38,57.33%
195,Bev Coalson,"San Diego, CA",1580,28:40,9:14,F 65-69/1,F-66,71,28:49,72.95%
196,Patricia Betts,"San Diego, CA",1024,28:46,9:16,F 25-29/10,F-25,72,37:31,51.48%
197,Vicki Moore,"Fallbrook, CA",1140,28:49,9:17,F 55-59/5,F-57,73,28:55,63.72%
198,Marianne McLean,"Lakeside, CA",809,28:50,9:17,F 50-54/8,F-52,74,28:53,59.63%
199,Petrea Hodge,"Jamul, CA",1189,28:52,9:18,F 40-44/10,F-43,75,28:55,54.13%
200,Flora Li,"La Jolla, CA",1311,29:02,9:21,F 18-24/9,F-23,76,39:06,51.01%
201,Keri Moore,"Spring Valley, CA",1066,29:10,9:24,F 30-34/6,F-34,77,29:47,51.11%
202,Daniel Snyder,"San Diego, CA",1598,29:11,9:24,M 45-49/10,M-46,125,33:15,48.97%
203,Knvul Sheikh,"San Diego, CA",1431,29:12,9:24,F 18-24/10,F-23,78,40:41,50.71%
204,Steve Gonzalez,"Santee, CA",1504,29:12,9:24,M 18-24/15,M-23,126,35:37,44.20%
205,Dennis Lazaga,"Chula Vista, CA",1295,29:16,9:26,M 30-34/19,M-30,127,31:08,44.22%
206,Anthony Armijo,"San Diego, CA",1514,29:20,9:27,M 25-29/18,M-25,128,29:29,44.00%
207,Taylor-Ashley Siao,"Spring Valley, CA",1082,29:22,9:27,F 13-17/6,F-15,79,29:59,52.81%
208,Katherine Pekny,"San Diego, CA",1190,29:23,9:28,F 50-54/9,F-54,80,29:27,60.05%
209,Thomas Jolliff,"Oceanside, CA",1390,29:24,9:28,M 50-54/8,M-51,129,29:33,50.60%
210,Jennifer Manion,"San Diego, CA",1404,29:28,9:29,F 40-44/11,F-41,81,29:35,52.24%
211,Christine Magill,"San Diego, CA",1401,29:29,9:30,F 18-24/11,F-22,82,29:38,50.23%
212,Jan Scheibe,"Carlsbad, CA",1525,29:33,9:31,M 45-49/11,M-46,130,30:08,48.36%
213,Karen Marie Warner- Spann,"Escondido, CA",1455,29:33,9:31,F 30-34/7,F-32,83,29:38,50.23%
214,Michael Meng,"Chula Vista, CA",1470,29:36,9:32,M 35-39/17,M-36,131,29:40,44.85%
215,Brooke Walsh,"San Diego, CA",1454,29:37,9:32,F 18-24/12,F-21,84,29:45,50.00%
216,Danielle Bobadilla,"Escondido, CA",1177,29:37,9:32,F 18-24/13,F-22,85,29:47,50.00%
217,Corina Palacios,"San Diego, CA",1418,29:39,9:33,F 30-34/8,F-34,86,30:12,50.28%
218,Patty Jennings,"Poway, CA",802,29:43,9:34,F 60-64/1,F-63,87,29:48,67.23%
219,Jason Rulloda,"Lemon Grove, CA",1426,29:43,9:34,M 30-34/20,M-33,132,29:50,43.94%
220,Shen Arenas,"Chula Vista, CA",1342,29:44,9:34,F 30-34/9,F-33,88,29:51,50.03%
221,Kyle Kraska,", ",1554,29:44,9:35,M 40-44/13,M-43,133,31:26,47.00%
222,Julie Quesada,"San Dieg, CA",1252,29:47,9:35,F 35-39/9,F-37,89,31:14,50.56%
223,Jessica Williams,"San Diego, CA",1136,29:50,9:36,F 25-29/11,F-27,90,32:46,49.64%
224,Dave Vinluan,"San Diego, CA",1227,29:51,9:37,M 18-24/16,M-24,134,34:37,43.24%
225,Carl Tresnak,"San Diego, CA",1544,29:52,9:37,M 60-64/3,M-60,135,29:57,53.71%
226,Raul Campos,"San Diego, CA",1359,29:56,9:38,M 40-44/14,M-40,136,30:03,45.63%
227,Jessica Burns,"San Diego, CA",1572,29:56,9:38,F 30-34/10,F-31,91,30:01,49.53%
228,Yesica Zanellato,"San Diego, CA",1608,29:58,9:39,F 25-29/12,F-29,92,29:59,49.42%
229,Anthony Duya,", ",1584,29:59,9:39,M 18-24/17,M-23,137,34:27,43.05%
230,Brian Laurente,"San Diego, CA",1397,30:04,9:41,M 40-44/15,M-42,138,30:11,46.09%
231,Emily Reilly,"Chula Vista, CA",1537,30:06,9:42,F 13-17/7,F-15,93,34:19,51.52%
232,Tom Alford,"San Diego, CA",1304,30:07,9:42,M 25-29/19,M-25,139,30:15,42.86%
233,Cristina Juarez,"San Diego, CA",1218,30:08,9:42,F 30-34/11,F-31,94,31:24,49.20%
234,Linda Aiken,"Jamul, CA",1568,30:12,9:44,F 45-49/9,F-49,95,30:19,54.89%
235,Anitra Rooney,"La Mesa, CA",810,30:14,9:44,F 40-44/12,F-40,96,30:23,50.63%
236,Abby Abraham,"SAN DIEGO, CA",1613,30:16,9:45,F 25-29/13,F-25,97,36:28,48.93%
237,Godofredo Macaranas,"San Diego, CA",1399,30:19,9:46,M 55-59/8,M-59,140,30:20,52.48%
238,Francis Rubi,"San Diego, CA",1596,30:20,9:46,M 18-24/18,M-23,141,34:48,42.55%
239,Ashley Graham,"Chula Vista, CA",1299,30:22,9:47,F 25-29/14,F-26,98,30:40,48.76%
240,Mark Hall,"Chula Vista, CA",1518,30:29,9:49,M 30-34/21,M-30,142,30:37,42.45%
241,James Frost,"San Diego, CA",1323,30:31,9:50,M 45-49/12,M-45,143,30:33,46.50%
242,Noah Frost,"San Diego, CA",1325,30:31,9:50,M 01-12/7,M-12,144,30:33,48.74%
243,Mg Kristian,"Carlsbad, CA",1006,30:33,9:50,F 55-59/6,F-56,99,30:38,59.28%
244,Richard Ray,"EL CAJON, CA",1565,30:39,9:52,M 30-34/22,M-31,145,30:43,42.33%
245,Diana McHugh,"San Diego, CA",1327,30:39,9:52,F 25-29/15,F-28,100,30:43,48.31%
246,Jane Muir,"SAN DIEGO, CA",1663,30:40,9:52,F 40-44/13,F-44,101,42:03,51.33%
247,Barbara Childers,"Escondido, CA",807,30:42,9:53,F 45-49/10,F-48,102,30:50,53.34%
248,Silas Black,"San Diego, CA",1201,30:45,9:54,M 01-12/8,M-12,146,30:54,48.37%
249,Maria Aldaco,"San Diego, CA",1513,30:47,9:55,F 45-49/11,F-49,103,37:20,53.85%
250,Kristina Acosta,"Chula Vista, CA",1338,30:48,9:55,F 18-24/14,F-22,104,30:48,48.08%
251,Carmen Caamano Blanco,"San Diego, CA",1102,30:49,9:55,F 35-39/10,F-35,105,35:28,48.54%
252,Kari Swanson,"Bonita, CA",1085,30:55,9:57,F 25-29/16,F-27,106,31:24,47.90%
253,Julieta Moreno,"San Diego, CA",1204,30:56,9:58,F 01-12/5,F-12,107,31:05,52.67%
254,Jacqueline Powers,"San Diego, CA",1121,30:57,9:58,F 40-44/14,F-44,108,33:55,50.86%
255,Glen Story,"San Diego, CA",1543,31:01,9:59,M 35-39/18,M-39,147,31:28,43.71%
256,Steve Schissler,"San Marcos, CA",1429,31:01,9:59,M 60-64/4,M-63,148,33:26,53.12%
257,Maria Gutierrez,"San Diego, CA",1382,31:03,10:00,F 30-34/12,F-31,109,36:47,47.74%
258,Jose Moreno,"San Diego, CA",1203,31:04,10:00,M 50-54/9,M-51,149,31:13,47.88%
259,Rene O'Connell,"Oceanside, CA",1417,31:10,10:02,F 30-34/13,F-31,110,31:17,47.57%
260,Pinky Dasco,"San Diego, CA",1034,31:13,10:03,F 25-29/17,F-28,111,39:59,47.44%
261,Isabel Davis,"San Diego, CA",1516,31:13,10:03,F 01-12/6,F-11,112,31:16,53.31%
262,Kathy Swinyer,"San Diego, CA",1599,31:14,10:04,F 50-54/10,F-54,113,31:18,56.49%
263,Erin Baca,"San Diego, CA",1023,31:15,10:04,F 35-39/11,F-35,114,31:23,47.87%
264,Berenice Larre,"Oceanside, CA",1611,31:18,10:05,F 30-34/14,F-30,115,36:08,47.31%
265,Sarah Quintans,"Chula Vista, CA",1594,31:19,10:05,F 25-29/18,F-25,116,31:19,47.28%
266,Andrew Rosenburg,"San Diego, CA",1631,31:19,10:05,M 40-44/16,M-44,150,31:21,44.94%
267,Dakota Hernandez,"Lakeside, CA",1300,31:21,10:06,M 01-12/9,M-11,151,31:22,48.83%
268,Manuel Hernandez,"Lakeside, CA",1302,31:22,10:06,M 40-44/17,M-42,152,31:23,44.18%
269,Sue Davis,"San Diego, CA",1517,31:23,10:06,F 50-54/11,F-51,117,31:23,54.09%
270,Timothy Hampton,"San Diego, CA",1287,31:24,10:07,M 60-64/5,M-63,153,31:28,52.47%
271,Marissa Erickson,"San Diego, CA",1510,31:26,10:07,F 01-12/7,F-9,118,31:27,55.86%
272,Jenna Hernandez,"Lakeside, CA",1301,31:26,10:07,F 01-12/8,F-9,119,31:27,55.86%
273,Mary Kay Stupeck,"San Diego, CA",1289,31:28,10:08,F 45-49/12,F-47,120,31:32,51.51%
274,Tim Forney,"El Cajon, CA",1490,31:31,10:09,M 45-49/13,M-48,154,31:36,46.08%
275,Laurie Adam,"San Diego, CA",804,31:32,10:09,F 60-64/2,F-64,121,31:36,64.30%
276,Louis Alonso,"San Diego, CA",1022,31:36,10:10,M 45-49/14,M-45,155,31:37,44.91%
277,Heather Falasco,"San Diego, CA",1297,31:40,10:12,F 35-39/12,F-36,122,36:01,47.39%
278,Alec Adamson,"San Diego, CA",1320,31:43,10:13,M 18-24/19,M-19,156,31:48,41.59%
279,Betty Buselt,"Carlsbad, CA",1265,31:49,10:15,F 65-69/2,F-67,123,31:57,66.72%
280,Joyce Medina,"San Diego, CA",1261,31:49,10:15,F 40-44/15,F-43,124,33:33,49.11%
281,Kara Hepburn,"La Mesa, CA",1385,31:51,10:15,F 25-29/19,F-29,125,32:01,46.49%
282,Russ Machado,"San Diego, CA",1060,31:53,10:16,M 50-54/10,M-51,157,32:14,46.65%
283,Lorraine Morgan,"San Diego, CA",1296,31:56,10:17,F 40-44/16,F-44,126,32:04,49.30%
284,Rachel Smith,"San Diego, CA",1629,32:01,10:19,F 35-39/13,F-36,127,32:05,46.88%
285,Demi Muscio,"Solana Beach, CA",1626,32:04,10:20,F 13-17/8,F-16,128,32:13,47.74%
286,Angie Lee,"Encinitas, CA",1257,32:04,10:20,F 35-39/14,F-39,129,33:28,47.43%
287,Andrew Espiritu,"San Diego, CA",1236,32:11,10:22,M 25-29/20,M-29,158,32:22,40.16%
288,Olivia Guillen,"San Diego, CA",1317,32:13,10:23,F 30-34/15,F-32,130,32:18,46.07%
289,Beth Machado,"San Diego, CA",1059,32:14,10:23,F 50-54/12,F-51,131,32:14,52.66%
290,Debby Burger,"El Cajon, CA",1357,32:21,10:25,F 60-64/3,F-60,132,32:25,59.18%
291,Karla Lyon,"San Diego, CA",1182,32:24,10:26,F 45-49/13,F-45,133,32:26,49.05%
292,Daniel Johnson,"Santee, CA",1505,32:30,10:28,M 30-34/23,M-30,159,34:45,39.82%
293,Sarah Reily,"Chula Vista, CA",1539,32:32,10:29,F 40-44/17,F-44,134,36:48,48.39%
294,Bill Payne,"Carlsbad, CA",1009,32:33,10:29,M 45-49/15,M-46,160,32:38,43.90%
295,Brianna Page,"San Diego, CA",1166,32:34,10:29,F 18-24/15,F-21,135,40:30,45.47%
296,Jeff Ramsey,"San Diego, CA",1074,32:41,10:31,M 25-29/21,M-29,161,32:44,39.54%
297,Gabrielle Ramsey,"San Diego, CA",1073,32:41,10:31,F 25-29/20,F-29,136,32:44,45.31%
298,Paige Townsend,"Escondido, CA",1486,32:42,10:32,F 01-12/9,F-11,137,37:48,50.89%
299,Andre Kell,"Chula Vista, CA",1156,32:42,10:32,M 01-12/10,M-12,162,32:42,45.49%
300,Chuck Browder,"San Diego, CA",1123,32:43,10:32,M 35-39/19,M-38,163,36:25,41.13%
301,Brenda Martinez,"Santa Ana, CA",1406,32:43,10:32,F 18-24/16,F-24,138,32:49,45.26%
302,Marvin Roxas,"San Diego, CA",1523,32:44,10:33,M 25-29/22,M-25,164,36:04,39.43%
303,Savannah Braithwaite,"Los Angeles, CA",1354,32:47,10:33,F 25-29/21,F-25,139,35:54,45.17%
304,Krista Thompson,"Oceanside, CA",1451,32:48,10:34,F 18-24/17,F-24,140,32:53,45.14%
305,Curtis Childers,"Escondido, CA",1366,32:52,10:35,M 50-54/11,M-51,165,32:59,45.26%
306,Jack Yang,"San Diego, CA",1562,32:54,10:36,M 45-49/16,M-49,166,35:50,44.50%
307,John King,"San Diego, CA",1277,33:04,10:39,M 45-49/17,M-49,167,40:27,44.28%
308,Joe Thor,"Rancho Santa Fe, CA",1086,33:06,10:39,M 25-29/23,M-25,168,42:52,38.99%
309,Melanie Parker,"San Diego, CA",1536,33:07,10:40,F 50-54/13,F-50,141,33:33,50.65%
310,Luisa Gonzalez,"Santee, CA",9992,33:07,10:40,F 18-24/18,F-21,142,33:33,44.71%
311,Fabiola Johnson,"Santee, CA",1506,33:08,10:40,F 30-34/16,F-30,143,35:23,44.69%
312,Keith Prince,"Spring Valley, CA",1224,33:09,10:41,M 45-49/18,M-49,169,33:21,44.16%
313,Lisa Baldwin,"Oceanside, CA",1312,33:09,10:41,F 50-54/14,F-50,144,33:24,50.60%
314,Tffany Lipetzky,"Imperial Beach, CA",1173,33:16,10:43,F 25-29/22,F-28,145,33:21,44.51%
315,Joy Robinson,"Poway, CA",1119,33:18,10:44,F 50-54/15,F-52,146,33:24,51.63%
316,Victor Sandoval,"National City, CA",1540,33:20,10:44,M 18-24/20,M-24,170,33:24,38.72%
317,Angela Forney,"El Cajon, CA",1489,33:24,10:45,F 40-44/18,F-41,147,33:29,46.08%
318,Glen Bulatao,"Santee, CA",1497,33:28,10:47,M 40-44/18,M-40,171,36:58,40.81%
319,Janel Dockter,"San Diego, CA",1188,33:28,10:47,F 40-44/19,F-43,148,33:32,46.69%
320,Rhonda Burt,"Imperial, CA",1138,33:38,10:50,F 50-54/16,F-50,149,33:43,49.88%
321,Amber Delecce,"San Diego, CA",1181,33:43,10:52,F 35-39/15,F-38,150,33:49,44.91%
322,Zachary Powers,"Chula Vista, CA",1235,33:44,10:52,M 01-12/11,M-12,172,33:50,44.09%
323,Tyler Powers,"Chula Vista, CA",1234,33:45,10:52,M 01-12/12,M-10,173,33:51,46.79%
324,Michael Ross,"San Diego, CA",1425,33:53,10:55,M 25-29/24,M-26,174,34:00,38.09%
325,Stephanie Gilliland,"San Diego, CA",1045,33:54,10:55,F 30-34/17,F-32,151,33:54,43.78%
326,Nathan Fox,"Spring Valley, CA",1263,34:02,10:58,M 01-12/13,M-11,175,34:10,44.98%
327,Monique Garcia,"San Diego, CA",1378,34:05,10:58,F 40-44/20,F-44,152,37:34,46.18%
328,Bryan Fox,"Spring Valley, CA",1262,34:05,10:59,M 40-44/19,M-44,176,34:13,41.29%
329,Megan Street,"Yorba Linda, CA",1269,34:10,11:00,F 18-24/19,F-22,153,35:40,43.34%
330,Jimmy Doan,"San Diego, CA",1374,34:10,11:00,M 18-24/21,M-19,177,34:22,38.60%
331,Deanna Tresnak,"San Diego, CA",1545,34:12,11:01,F 40-44/21,F-42,154,34:18,45.34%
332,Mamiko Suzuki,"San Diego, CA",1445,34:15,11:02,F 45-49/14,F-47,155,34:22,47.32%
333,Angel Aguilar,"Santee, CA",1492,34:17,11:02,M 18-24/22,M-18,178,40:42,38.91%
334,Mary Krebill,"San Diego, CA",1392,34:22,11:04,F 40-44/22,F-44,156,34:32,45.80%
335,Michelle Schmidt,"Coronado, CA",1542,34:26,11:05,F 50-54/17,F-54,157,34:33,51.23%
336,Kathy Giles,"El Cajon, CA",1253,34:30,11:07,F 55-59/7,F-55,158,34:41,51.81%
337,Tenna Brown,"Oceanside, CA",1114,34:32,11:07,F 45-49/15,F-45,159,34:49,46.02%
338,Irene Ortega,"San Diego, CA",1243,34:32,11:07,F 25-29/23,F-25,160,40:18,42.88%
339,Johnny Manley,"Carlsbad, CA",1405,34:36,11:08,M 50-54/12,M-50,179,34:44,42.65%
340,Michael Frederick,"San Diego, CA",1213,34:47,11:12,M 40-44/20,M-41,180,45:38,39.55%
341,Jasmine Herrera,"San Diego, CA",1002,34:53,11:14,F 01-12/10,F-11,161,34:58,47.71%
342,Phuong Herrera,"San Diego, CA",1004,34:57,11:15,F 40-44/23,F-43,162,35:03,44.70%
343,Jason Ondeck,"Chula Vista, CA",1222,35:03,11:17,M 40-44/21,M-42,181,36:19,39.53%
344,Tami Mousty,"San Diego, CA",1288,35:10,11:19,F 50-54/18,F-51,163,35:16,48.27%
345,Jessica Voss,"SAN DIEGO, CA",1654,35:18,11:22,F 30-34/18,F-32,164,42:33,42.04%
346,Darlene Evardone,"El Cajon, CA",1609,35:18,11:22,F 40-44/24,F-42,165,35:31,43.93%
347,Crystal Doerry ,"San Diego, CA",1651,35:19,11:22,F 25-29/24,F-27,166,37:23,41.93%
348,Shelia Bell,"San Diego, CA",1353,35:28,11:25,F 35-39/16,F-37,167,36:07,42.45%
349,Susan Pelletier,"Cardiff, CA",815,35:28,11:25,F 50-54/19,F-53,168,43:42,49.13%
350,Beth Hope,", ",817,35:29,11:26,F 50-54/20,F-54,169,35:30,49.69%
351,Dean Shrum,"Escondido, CA",1433,35:34,11:27,M 30-34/24,M-30,182,35:40,36.38%
352,Jill Gordy,"Encinitas, CA",1531,35:36,11:28,F 35-39/17,F-37,170,51:48,42.30%
353,Son Vo,"San Diego, CA",1479,35:38,11:29,M 25-29/25,M-28,183,40:47,36.22%
354,Christopher Moody,"Encinitas, CA",1535,35:40,11:29,M 35-39/20,M-39,184,51:52,38.01%
355,Joseph Montalto,"Carlsbad, CA",1279,35:42,11:30,M 13-17/11,M-14,185,43:07,39.75%
356,Gregg Montalto,"Carlsbad, CA",1278,35:42,11:30,M 40-44/22,M-42,186,43:07,38.81%
357,Kay Chiaravalle,"San Diego, CA",1365,35:43,11:30,F 65-69/3,F-67,171,35:56,59.43%
358,Troy Neptune,"Encinitas, CA",1266,35:47,11:31,M 40-44/23,M-41,187,37:29,38.44%
359,Rhonele Laurente,"San Diego, CA",1398,35:51,11:33,F 40-44/25,F-43,172,35:58,43.58%
360,Patrick Ferland,"Carlsbad, CA",1144,36:02,11:36,M 30-34/25,M-34,188,36:11,36.42%
361,Kandace Redmond,"Lake Elsinore, CA",1169,36:07,11:38,F 25-29/25,F-29,173,45:14,41.00%
362,Joshua Fuller,"San Diego, CA",1210,36:08,11:38,M 01-12/14,M-12,189,39:29,41.16%
363,Mariflor Bulatao,"Santee, CA",1499,36:16,11:41,F 35-39/18,F-38,174,39:46,41.75%
364,Kimberly Brown,"San Diego, CA",1356,36:34,11:46,F 40-44/26,F-40,175,36:42,41.86%
365,Elise Paul,"Alpine, CA",1593,36:56,11:53,F 45-49/16,F-49,176,37:03,44.88%
366,Rosalie Garcia,"Imperial Beach, CA",1379,36:58,11:54,F 25-29/26,F-25,177,46:05,40.05%
367,Valerie Goodpaster,"San Diego, CA",1549,37:13,11:59,F 70-74/1,F-70,178,37:22,59.86%
368,Kimberly Miller,"Lemon Grove, CA",1198,37:30,12:04,F 35-39/19,F-37,179,46:40,40.15%
369,Caitlyn Kelly,"San Diego, CA",1326,37:38,12:07,F 18-24/20,F-23,180,37:41,39.34%
370,Rob Yeates,"Escondido, CA",1148,37:41,12:08,M 40-44/24,M-43,190,37:42,37.08%
371,Julia Sullivan,"San Diego, CA",1444,37:57,12:13,F 18-24/21,F-22,181,38:07,39.02%
372,Megan Spencer,"Fallbrook, CA",1438,38:00,12:14,F 13-17/9,F-13,182,38:13,42.04%
373,Cartier Conley,"Spring Valley, CA",801,38:13,12:18,M 35-39/21,M-36,191,38:14,34.73%
374,Will White,"Encinitas, CA",1457,38:17,12:20,M 70-74/1,M-71,192,38:24,46.65%
375,Kenny Peters,", ",1660,38:20,12:21,M 45-49/19,M-47,193,39:28,37.58%
376,Brian Dockter,"San Diego, CA",1187,38:23,12:22,M 13-17/12,M-17,194,38:24,35.19%
377,Shalanda Conley,"Spring Valley, CA",800,38:36,12:26,F 40-44/27,F-44,183,38:37,40.78%
378,Holly Adams,"La Jolla, CA",1245,38:41,12:28,F 35-39/20,F-38,184,39:51,39.14%
379,Theresa Torres,"San Diego, CA",1225,38:42,12:28,F 25-29/27,F-29,185,38:46,38.26%
380,Lynn Dalechek,"San Diego, CA",1248,38:49,12:30,F 35-39/21,F-35,186,38:49,38.53%
381,Adrienne Bledsoe,"San Diego, CA",1096,38:52,12:31,F 35-39/22,F-38,187,43:36,38.95%
382,Kimberly Oberrecht,"San Diego, CA",1098,38:56,12:32,F 40-44/28,F-40,188,43:39,39.31%
383,Becki Macumber,"Fallbrook, CA",1400,38:58,12:33,F 45-49/17,F-45,189,39:10,40.78%
384,Mpaji Elimu,"San Diego, CA",1375,39:20,12:40,F 55-59/8,F-56,190,43:37,46.04%
385,Amy Ruminski,"La Jolla, CA",1111,39:21,12:40,F 35-39/23,F-39,191,40:02,38.64%
386,Joel Parada,"San Diego, CA",1244,39:28,12:43,M 18-24/23,M-21,195,45:13,32.83%
387,Madison Carmichael,"Poway, CA",1575,39:41,12:47,F 13-17/10,F-15,192,39:46,39.08%
388,Monica Dang,"San Diego, CA",1154,40:30,13:03,F 50-54/21,F-51,193,40:37,41.91%
389,Richard Carrico,"Ramona, CA",1577,40:47,13:08,M 65-69/3,M-66,196,42:23,41.54%
390,Debra Walker,"San Diego, CA",1551,40:55,13:11,F 55-59/9,F-56,194,41:06,44.25%
391,Kari Harrington,"San Diego, CA",1383,40:56,13:11,F 25-29/28,F-27,195,40:56,36.17%
392,Juliette Sakasegawa,"San Diego, CA",1547,40:57,13:11,F 30-34/19,F-32,196,41:06,36.24%
393,Noelle Vitor,"San Diego, CA",1548,41:00,13:12,F 25-29/29,F-26,197,41:10,36.11%
394,Hal Van Horn,"Santee, CA",1016,41:15,13:17,M 55-59/9,M-59,197,41:15,38.56%
395,Monika Valdez-Nava,"Vista, CA",1337,41:27,13:21,F 40-44/29,F-40,198,41:32,36.93%
396,Jessica McDermott,"Oceanside, CA",1332,41:27,13:21,F 35-39/24,F-37,199,41:33,36.32%
397,Jenna Rivera,"Oceanside, CA",1333,41:28,13:21,F 35-39/25,F-37,200,41:33,36.31%
398,Julia Stangl,"Lakeside, CA",1303,41:59,13:31,F 18-24/22,F-19,201,42:01,35.39%
399,Kristin Roberts,"Corona, CA",1268,42:07,13:34,F 30-34/20,F-30,202,43:50,35.15%
400,Alejo Cortez,"Calexico, CA",1151,42:12,13:35,M 35-39/22,M-35,198,42:21,31.25%
401,Tara Smith,"San Diego, CA",1652,42:24,13:39,F 30-34/21,F-34,203,42:31,35.16%
402,Donna Contrado,"Oceanside, CA",1368,42:47,13:46,F 55-59/10,F-55,204,49:43,41.78%
403,Kurtis Gehman,"Santee, CA",1502,43:19,13:57,M 30-34/26,M-32,199,46:48,30.02%
404,Hazel Bulatao,"Santee, CA",1498,43:21,13:58,F 30-34/22,F-32,205,46:48,34.23%
405,Donna Dube,"San Diego, CA",1552,43:27,14:00,F 55-59/11,F-58,206,45:13,42.82%
406,Dennis Burton,"Oceanside, CA",1358,43:42,14:04,M 60-64/6,M-60,200,43:52,36.70%
407,Eddie Gonzalez,"Santee, CA",1503,43:58,14:09,M 18-24/24,M-22,201,50:25,29.35%
408,Elizabeth Richardson,"San Francisco, CA",1205,43:59,14:10,F 18-24/23,F-24,207,44:13,33.66%
409,John Richardson,"La Mesa, CA",1206,44:13,14:14,M 60-64/7,M-61,202,44:13,36.61%
410,Tamara Barnett,"La Jolla, CA",1347,44:41,14:23,F 45-49/18,F-48,208,44:47,36.64%
411,Christopher Ridenour,"La Mesa, CA",1424,44:41,14:23,M 35-39/23,M-39,203,49:47,30.34%
412,Fernando Aguilar Jr,"Santee, CA",1494,44:44,14:24,M 13-17/13,M-14,204,51:08,31.72%
413,Nickie Harris,"La Mesa, CA",1051,45:25,14:37,F 40-44/30,F-40,209,1:09:42,33.70%
414,Doris Caramello,"Chula Vista, CA",1361,45:26,14:38,F 45-49/19,F-48,210,46:04,36.04%
415,Debra Portee,"San Diego, CA",1072,45:28,14:38,F 40-44/31,F-41,211,1:09:45,33.85%
416,Chelsea Wild,"San Diego, CA",1546,45:31,14:39,F 30-34/23,F-32,212,45:31,32.60%
417,Renato Manzano,"San Diego, CA",1015,45:51,14:46,M 25-29/26,M-28,205,49:18,28.15%
418,Mary Reilly,"Chula Vista, CA",1538,45:54,14:47,F 13-17/11,F-15,213,50:10,33.78%
419,Cindi Consigli,"San Diego, CA",1367,46:50,15:05,F 40-44/32,F-44,214,46:50,33.61%
420,Marie English,"Carlsbad, CA",1376,46:56,15:07,F 55-59/12,F-56,215,46:57,38.58%
421,Michael Bedison,"San Diego, CA",1176,47:23,15:15,M 35-39/24,M-37,206,53:10,28.18%
422,Reyna Bobadilla,"San Diego, CA",1178,47:23,15:15,F 35-39/26,F-35,216,53:10,31.56%
423,Raylynn Holma,"Bonita, CA",1387,47:44,15:22,F 25-29/30,F-28,217,47:53,31.02%
424,Charlotte Potente,"Santee, CA",1508,48:17,15:33,F 35-39/27,F-38,218,51:45,31.35%
425,Monica Ornelas,"San Diego, CA",1477,48:25,15:35,F 25-29/31,F-25,219,1:01:44,30.58%
426,Haley Dunning,"San Diego, CA",1209,48:56,15:45,F 01-12/11,F-10,220,52:21,34.89%
427,Tasha Fuller,"San Diego, CA",1211,48:57,15:46,F 01-12/12,F-10,221,52:21,34.88%
428,Christian Ramirez,"San Diego, CA",1153,49:50,16:03,M 35-39/25,M-35,207,49:58,26.46%
429,Edna Llanes,"San Diego, CA",1152,49:50,16:03,F 35-39/28,F-36,222,49:58,30.11%
430,Alena Bartakova,"La Jolla, CA",1350,50:06,16:08,F 25-29/32,F-28,223,1:01:16,29.55%
431,Rui Pereira De Sa,"La Jolla, CA",1420,50:07,16:08,M 35-39/26,M-37,208,1:01:16,26.65%
432,Franklin Aitken,"Napa, CA",1339,50:38,16:18,M 35-39/27,M-36,209,52:05,26.21%
433,Lynne Aitken,"Napa, CA",1341,50:38,16:18,F 40-44/33,F-44,224,52:05,31.08%
434,Isabella Aitken,"Napa, CA",1340,50:39,16:19,F 01-12/13,F-9,225,52:05,34.66%
435,Thomas Richardson,"San Francisco, CA",1207,50:56,16:24,M 30-34/27,M-34,210,51:09,25.76%
436,Liz Black,"San Diego, CA",1200,50:57,16:24,F 35-39/29,F-38,226,51:10,29.71%
437,Bill Welsh,"Staten Island, NY",1456,51:15,16:30,M 80-99/1,M-83,211,51:26,44.47%
438,Sean Dullano,"San Diego, CA",1013,51:58,16:44,M 30-34/28,M-30,212,55:23,24.90%
439,Michael Malmgren,"Carlsbad, CA",1402,52:53,17:02,M 45-49/20,M-45,213,1:01:22,26.83%
440,Susan Del Real,"Santa Barbara, CA",1464,53:33,17:15,F 65-69/4,F-65,227,53:33,38.45%
441,Grace Willson,"Santa Barbara, CA",1465,53:45,17:18,F 60-64/4,F-62,228,53:45,36.63%
442,Sheila Pemberton,"La Mesa, CA",1071,53:47,17:19,F 30-34/24,F-34,229,1:01:58,27.71%
443,Heidi Tonomura,"San Diego, CA",1088,53:48,17:19,F 35-39/30,F-39,230,1:01:59,28.26%
444,Julie Mollica,"San Diego, CA",1064,53:51,17:20,F 30-34/25,F-30,231,53:51,27.49%
445,Brooke Alley,"San Diego, CA",1019,53:52,17:20,F 25-29/33,F-26,232,53:52,27.48%
446,Amber Alley,"San Diego, CA",1018,53:53,17:21,F 30-34/26,F-30,233,53:53,27.48%
447,Farah Krayem,"San Ysidro, CA",1164,54:17,17:29,F 18-24/24,F-24,234,54:24,27.27%
448,Maria Gutierrez,"San Diego, CA",1163,54:44,17:37,F 30-34/27,F-33,235,54:49,27.17%
449,Jasmeet Singh,"San Diego, CA",1434,54:46,17:38,M 25-29/27,M-28,214,1:07:54,23.56%
450,Santos Aguilar,"Santee, CA",1493,55:19,17:49,M 40-44/25,M-44,215,1:01:47,25.44%
451,Miranda Del Real,"San Diego, CA",1035,55:26,17:51,F 30-34/28,F-32,236,55:26,26.77%
452,Arthur Gorton,"San Diego, CA",1046,56:25,18:10,M 60-64/8,M-62,216,58:32,28.93%
453,Karen Gorton,"San Diego, CA",1047,56:25,18:10,F 55-59/13,F-59,237,58:33,33.45%
454,Laurie Moran,"Carlsbad, CA",1145,56:54,18:19,F 35-39/31,F-36,238,57:45,26.37%
455,Janice Glines,"San Diego, CA",1249,57:11,18:25,F 25-29/34,F-26,239,57:11,25.89%
456,Walter Roussell,"San Diego, CA",1276,57:19,18:27,M 60-64/9,M-62,217,57:19,28.48%
457,Elise Wainwright,"San Diego, CA",1601,57:23,18:28,F 25-29/35,F-26,240,1:02:55,25.80%
458,Justin Llorente,"San Diego, CA",1014,57:45,18:36,M NoAge/2,M-0,218,1:01:12, 0.00%
459,Viviane Mason,"San Diego, CA",1110,58:39,18:53,F 40-44/34,F-41,241,59:19,26.24%
460,Ismael Negrete,"San Diego, CA",1282,59:59,19:19,M 25-29/28,M-29,219,59:59,21.54%
461,Richard Wissemann,"El Cajon, CA",1228,1:01:02,19:39,M 45-49/21,M-46,220,1:02:14,23.41%
462,Alison Roberts,"San Diego, CA",1267,1:01:20,19:45,F 25-29/36,F-27,242,1:02:55,24.13%
463,Edith Kaspin,"San Diego, CA",1313,1:01:59,19:57,F 55-59/14,F-57,243,1:02:53,29.61%
464,Mike Cook,"Sunnyvale, CA",1143,1:02:14,20:02,M 30-34/29,M-34,221,1:03:07,21.08%
465,Kelly Batten,"San Diego, CA",1291,1:02:25,20:06,F 35-39/32,F-38,244,1:02:25,24.25%
466,Susana Tillinghast,"El Cajon, CA",1132,1:02:38,20:10,F 25-29/37,F-27,245,1:16:06,23.64%
467,James Tillinghast,"El Cajon, CA",1131,1:02:39,20:10,M 35-39/28,M-35,222,1:16:06,21.05%
468,Cyril Manthorpe,"Poway, CA",1284,1:03:15,20:22,M 45-49/22,M-45,223,1:03:15,22.43%
469,Christina Scherr,"San Diego, CA",1428,1:03:18,20:23,F 30-34/29,F-34,246,1:03:18,23.54%
470,Marissa Edwards,"San Diego, CA",1038,1:03:25,20:25,F 25-29/38,F-27,247,1:03:25,23.34%
471,Michael Drummond,"San Diego, CA",1036,1:03:25,20:25,M 25-29/29,M-27,224,1:03:25,20.35%
472,Margaret Wiedower,"El Cajon, CA",1558,1:03:34,20:28,F 60-64/5,F-62,248,1:09:47,30.97%
473,Logan Spafford,"San Marcos, CA",1334,1:03:35,20:28,M 01-12/15,M-9,225,1:04:11,25.72%
474,Victoria Spafford,"San Marcos, CA",1335,1:03:36,20:28,F 01-12/14,F-6,249,1:04:10,30.72%
475,Dawn Dooley,"Napa, CA",1294,1:03:39,20:30,F 40-44/35,F-43,250,1:05:48,24.54%
476,Dannell Messenger,"Spring Valley, CA",1128,1:05:01,20:56,F 25-29/39,F-28,251,1:18:50,22.77%
477,Leonard Ochoa,"Vista, CA",1165,1:05:09,20:59,M 55-59/10,M-55,226,1:05:09,23.59%
478,Melissa Hagen,"Lakside, CA",1126,1:05:27,21:04,F 30-34/30,F-30,252,1:18:51,22.62%
479,Taylar Semonchuk,"El Cajon, CA",1130,1:05:27,21:04,F 25-29/40,F-25,253,1:18:53,22.62%
480,Carolyn Pelletier,"Calgary, ",826,1:05:52,21:13,F 75-79/1,F-75,254,1:14:08,36.82%
481,Alexis Ogilvie,"Carlsbad, CA",1067,1:06:20,21:21,F 35-39/33,F-35,255,1:08:13,22.54%
482,Araceli Landgrave,"Ramona, CA",10243,1:06:41,21:28,F 40-44/36,F-42,256,1:06:41,23.25%
483,Scotty Wallace,"El Cajon, CA",1091,1:06:50,21:31,M 45-49/23,M-46,227,1:07:01,21.38%
484,Connie Gutana,"San Diego, CA",1215,1:08:08,21:56,F 30-34/31,F-30,257,1:08:08,21.73%
485,David Licea,"Escondido, CA",1219,1:08:11,21:57,M 50-54/13,M-51,228,1:08:11,21.81%
486,Javier Padilla,"San Diego, CA",1129,1:08:22,22:01,M 18-24/25,M-23,229,1:21:48,18.87%
487,Brent Jackson,"SAN DIEGO, CA",1640,1:09:15,22:18,M 30-34/30,M-34,230,1:09:49,18.95%
488,Kim Lathrop,"San Diego, CA",1482,1:09:16,22:18,F 35-39/34,F-37,258,1:09:49,21.73%
489,Francisco Garcia,"San Diego, CA",1377,1:09:50,22:29,M 45-49/24,M-45,231,1:09:50,20.32%
490,John Sandoval,"Brawley, CA",1524,1:10:29,22:41,M 35-39/29,M-37,232,1:10:29,18.95%
491,Aaron Rodriguez,"San Diego, CA",1595,1:10:48,22:48,M 25-29/30,M-26,233,1:23:56,18.22%
492,Karla Hanson,"La Mesa, CA",1255,1:11:21,22:58,F 35-39/35,F-35,259,1:11:21,20.96%
493,Jim Hanson,"La Mesa, CA",1254,1:11:22,22:58,M 35-39/30,M-36,234,1:11:22,18.59%
494,Erica Stewart,"Escondido, CA",1318,1:11:27,23:00,F 35-39/36,F-38,260,1:11:27,21.19%
495,Lauren Knox,"Del Mar, CA",3923,1:11:53,23:09,M 18-24/26,M-22,235,1:13:32,17.95%
496,Stephanie Aleman,"San Diego, CA",1306,1:11:56,23:10,F 25-29/41,F-29,261,1:35:43,20.58%
497,Maria Rodriguez,"San Diego, CA",1473,1:12:42,23:24,F 30-34/32,F-32,262,1:26:03,20.41%
498,Spencer Shobe,"Encinitas, CA",1194,1:12:55,23:29,M 13-17/14,M-17,236,1:12:55,18.52%
499,Michelle Falick,"Prescott, AZ",1491,1:13:14,23:35,F 40-44/37,F-41,263,1:15:38,21.01%
500,Lisa Buth,"Carlsbad, CA",1293,1:13:26,23:38,F 40-44/38,F-43,264,1:15:35,21.27%
501,Melissa Lambertus,"San Deigo, CA",1472,1:13:33,23:41,F 25-29/42,F-25,265,1:27:00,20.13%
502,Maggie Barritt,"Santee, CA",1495,1:15:36,24:20,F 13-17/12,F-16,266,1:24:44,20.24%
503,Marty Barritt,"Santee, CA",1496,1:15:37,24:21,F 50-54/22,F-51,267,1:24:45,22.44%
504,Sarah English,"Santee, CA",1501,1:15:37,24:21,F 25-29/43,F-26,268,1:24:45,19.58%
505,Dimple Talisetty,"San Diego, CA",1447,1:16:04,24:29,F 35-39/37,F-39,269,1:19:15,19.99%
506,Abby Riordan,"San Diego, CA",7350,1:16:06,24:30,F 01-12/15,F-8,270,1:19:48,23.81%
507,Celia Macbean,"San Diego, CA",1196,1:16:13,24:32,F 01-12/16,F-11,271,1:20:24,21.83%
508,Khristy Rodriguez,"Escondido, CA",1315,1:16:51,24:45,F 13-17/13,F-13,272,1:20:44,20.78%
509,Ozzie Desantiago,"San Diego, CA",1212,1:17:26,24:56,M 35-39/31,M-35,237,1:17:26,17.03%
510,Bonny Garza,"San Diego, CA",1476,1:17:44,25:02,F 30-34/33,F-34,273,1:24:24,19.17%
511,Clemente Valdez,"San Diego, CA",1478,1:17:44,25:02,M 25-29/31,M-27,238,1:24:24,16.60%
512,Paige Edwards,"San Diego, CA",1475,1:17:45,25:02,F 25-29/44,F-26,274,1:24:25,19.04%
513,Paul Gasper,"San Diego, CA",1471,1:18:13,25:11,M 25-29/32,M-29,239,1:22:48,16.52%
514,Robert Carmichael,"Poway, CA",1576,1:18:24,25:14,M 01-12/16,M-11,240,1:18:24,19.52%
515,Veronica Navarro,"El Cajon, CA",1285,1:19:05,25:28,F 40-44/39,F-44,275,1:19:05,19.90%
516,Jessica Rodriguez,"Mexicali, ",1488,1:19:20,25:32,F 30-34/34,F-30,276,1:20:51,18.66%
517,Sandra Mora,"San Diego, CA",9156,1:19:59,25:45,F 18-24/25,F-23,277,1:19:59,18.51%
518,Cindy Salonga,"San Marcos, CA",1078,1:20:08,25:48,F 30-34/35,F-31,278,1:38:57,18.49%
519,Kathy Hewitt,"Rancho Santa Fe, CA",1532,1:20:11,25:49,F 50-54/23,F-54,279,1:20:11,22.00%
520,Julie Hile,"Aliso Viejo, CA",1184,1:20:16,25:51,F 50-54/24,F-53,280,1:20:16,21.70%
521,Tyler Epp,"San Diego, CA",1286,1:21:11,26:08,M 35-39/32,M-35,241,1:27:03,16.24%
522,Lisa Cox,"Oceanside, CA",1308,1:22:03,26:25,F 40-44/40,F-44,281,1:26:09,19.18%
523,Jackie West,"San Diego, CA",1133,1:23:20,26:50,F 30-34/36,F-32,282,1:36:46,17.80%
524,Ericka Dunning,"San Diego, CA",1124,1:23:20,26:50,F 30-34/37,F-32,283,1:36:48,17.80%
525,Mary Gay,"San Diego, CA",1125,1:23:20,26:50,F 30-34/38,F-33,284,1:36:44,17.84%
526,Alexander Golu,"El Cajon, CA",1309,1:23:40,26:56,M 01-12/17,M-7,242,1:27:46,21.28%
527,Cristiana Golu,"El Cajon, CA",805,1:23:41,26:56,F 45-49/20,F-47,285,1:27:46,19.36%
528,Fisher Cherney,"San Diego, CA",1579,1:25:40,27:35,M 01-12/18,M-10,243,1:31:57,18.43%
529,Jonathan Garcia,"San Diego, CA",1161,1:26:59,28:00,F 13-17/14,F-13,286,1:36:07,18.36%
530,David Vasquez,"San Diego, CA",1159,1:27:24,28:08,M 55-59/11,M-59,244,1:34:39,18.20%
531,Sara Guerra,"San Diego, CA",1155,1:27:24,28:08,F 30-34/39,F-33,287,1:34:39,17.01%
532,Paul Vasquez,"San Diego, CA",1160,1:27:25,28:08,M 40-44/26,M-40,245,1:34:40,15.62%
533,Carmen Vasquez,"San Diego, CA",1158,1:27:26,28:09,F 55-59/15,F-55,288,1:34:37,20.44%
534,Ryan Kelleher,"San Diego, CA",1157,1:27:27,28:09,M 25-29/33,M-29,246,1:34:39,14.77%
535,Tiba Farahani,"San Diego, CA",1237,1:27:29,28:10,F 30-34/40,F-33,289,1:27:29,17.00%
536,Alexander Palazuelos,"El Cajon, CA",1068,1:28:28,28:29,M 01-12/19,M-8,247,1:41:43,19.24%
537,Kristen Palazuelos,"El Cajon, CA",1069,1:28:34,28:31,F 30-34/41,F-31,290,1:41:48,16.73%
538,Guy Shobe,"Encinitas, CA",1193,1:29:33,28:50,M 45-49/25,M-46,248,1:29:33,15.95%
539,Camille Hughes,"Poway, CA",20081,1:30:29,29:08,M 50-54/14,M-51,249,1:30:29,16.43%
540,Morgan Spangler,"San Diego, CA",1084,1:31:36,29:29,F 25-29/45,F-26,291,1:31:36,16.16%
541,Heidi Klein,"San Diego, CA",1056,1:31:38,29:30,F 01-12/17,F-6,292,1:31:38,21.32%
542,Alexis Mullard,"La Jolla, CA",1149,1:37:20,31:20,F 01-12/18,F-11,293,1:37:20,17.09%
543,Kurt Krummel,"San Diego, CA",1393,1:38:06,31:35,M 35-39/33,M-38,250,1:42:53,13.71%
544,Isabella Bowles,"San Diego, CA",1029,1:38:48,31:48,F 01-12/19,F-5,294,1:38:48,20.67%
545,Cassidy Sitter,"San Diego, CA",1083,1:42:33,33:01,F 45-49/21,F-48,295,1:42:33,15.96%
546,Natasha McKown,"Poway, CA",1410,1:45:24,33:56,F 01-12/20,F-8,296,1:45:24,17.19%
