Place,Name,Location,Bib,Net Time,Pace,Division/Place,Sex-Age,Sex-Place,Gun Time,Age Grade
1,Spencer Hoffman,"San Diego, CA",1090,17:45,5:43,M 18-24/0,M-21,1,17:45,73.21%
2,Vincent Tran,"San Diego, CA",1273,18:03,5:49,M 13-17/0,M-16,2,18:03,73.48%
3,Kai Delman,"San Diego, CA",1228,18:08,5:51,M 13-17/0,M-16,3,18:08,73.14%
4,Sebastian Gomez,"San Diego, CA",1317,19:05,6:09,M 13-17/1,M-14,4,19:05,71.85%
5,Jose Alesandro Santiago,"SAN DIEGO, CA",1428,19:06,6:09,M 25-29/1,M-29,5,19:07,68.12%
6,Andrew Chang,"San Diego, CA",1121,19:13,6:11,M 30-34/1,M-33,6,19:17,68.40%
7,Juan Martin Ruiz Cruz,"San Diego, CA",1265,19:21,6:14,M 35-39/1,M-38,7,19:21,69.91%
8,Ulysses Jimenez,"San Diego, CA",1384,19:28,6:16,M 18-24/1,M-20,8,19:28,66.75%
9,Charles D'AmcIo,"San Diego, CA",1226,19:40,6:20,M 13-17/2,M-16,9,19:41,67.43%
10,Daniel Moncada,"San Diego, CA",1166,19:42,6:21,M 30-34/2,M-30,10,19:43,66.13%
11,Phil Durnford,"San Diego, CA",1106,19:48,6:23,M 18-24/2,M-24,11,19:49,65.57%
12,Darryl Anderson,"San Diego, CA",1214,20:00,6:27,M 25-29/2,M-29,12,20:00,65.05%
13,Mike Nguyen,"Carlsbad, CA",1205,20:01,6:27,M 35-39/2,M-35,13,20:09,66.33%
14,Daniel Ponce,"San Diego, CA",1259,20:03,6:27,M 13-17/3,M-16,14,20:03,66.14%
15,Esteban Farias,"San Diego, CA",1088,20:11,6:30,M 13-17/4,M-15,15,20:11,66.69%
16,Robert Clayton,"San Diego, CA",1162,20:15,6:31,M 18-24/3,M-23,16,20:15,64.17%
17,Corey Martin,"Henderson, NV",1252,20:28,6:36,M 13-17/5,M-16,17,20:28,64.79%
18,Atticus Acosta,"Chula Vista, CA",1208,20:29,6:36,M 13-17/6,M-15,18,20:29,65.72%
19,Jack Nash,"Coronado, CA",1346,20:36,6:38,M 60-64/1,M-62,19,20:37,78.87%
20,Francisco Sandoval,"Imperial Beach, CA",1318,20:46,6:41,M 13-17/7,M-15,20,20:47,64.82%
21,Eriberto Ramirez,"San Diego, CA",1315,20:56,6:45,M 18-24/4,M-24,21,20:57,62.07%
22,Nathan Young,"San Diego, CA",1091,20:59,6:46,M 35-39/3,M-36,22,21:01,63.59%
23,Danny Lee,"Irvine, CA",1187,21:12,6:50,M 25-29/3,M-28,23,21:12,61.29%
24,Ivan Carlos,"SAN DIEGO, CA",1427,21:18,6:52,M 45-49/1,M-46,24,21:20,67.27%
25,Anthony Cafiso,"San Diego, CA",1151,21:24,6:54,M 40-44/1,M-41,25,21:24,64.54%
26,Andy Thacher,"San Diego, CA",1272,21:53,7:03,M 50-54/1,M-53,26,21:53,69.05%
27,Jaclyn Fuhrman,"San Diego, CA",1355,22:08,7:08,F 30-34/0,F-30,1,22:08,66.87%
28,Russell Osborn,"Carlsbad, CA",1336,22:19,7:11,M 55-59/1,M-57,27,22:21,69.88%
29,Nicole Samuel,"La Jolla, CA",1266,22:24,7:13,F 25-29/0,F-28,2,22:24,65.97%
30,Juan Rojas,"San Diego, CA",1033,22:29,7:14,M 30-34/3,M-33,28,22:30,58.46%
31,Armando Sepulveda,"San Diego, CA",1150,22:32,7:16,M 18-24/5,M-18,29,22:33,57.74%
32,Ryan Wolff,"San Diego, CA",1131,22:36,7:17,M 30-34/4,M-32,30,22:40,57.93%
33,Phillip Levasseur,"San Marcos, CA",1023,22:39,7:18,M 25-29/4,M-29,31,22:43,57.44%
34,Jeffrey Lorentz,"San Diego, CA",1198,22:39,7:18,M 13-17/8,M-13,32,22:39,62.00%
35,Sean Martin,"San Diego, CA",1310,22:51,7:22,M 30-34/5,M-34,33,22:52,57.81%
36,Scott Yandell,"San Diego, CA",1070,23:01,7:25,M 35-39/4,M-37,34,23:06,58.33%
37,Alan Adamson,"San Diego, CA",1348,23:14,7:29,M 50-54/2,M-52,35,23:17,64.54%
38,Tait Elder,"Coronado, CA",1234,23:18,7:30,M 30-34/6,M-34,36,23:21,56.69%
39,Katie Knott,"San Diego, CA",1164,23:22,7:32,F 30-34/1,F-30,4,23:24,63.20%
40,Kristy Valdez,"Oceanside, CA",1277,23:23,7:32,F NoAge/0,F-,3,23:23, 0.00%
41,Ellen Fleischman,"San Diego, CA",1240,23:31,7:34,F 50-54/1,F-54,5,23:32,73.48%
42,Christine Desrochers,"Ramona, CA",912,23:43,7:38,F 45-49/1,F-49,6,23:45,68.99%
43,Kenneth Haley,"San Diego, CA",1006,23:44,7:39,M NoAge/1,M-,37,23:45, 0.00%
44,Joel Vann,"CARLSBAD, CA",1432,23:50,7:41,M 55-59/2,M-58,38,23:52,65.99%
45,Alex Lawton,"San Diego, CA",1357,23:50,7:41,M 30-34/7,M-33,39,23:58,55.14%
46,Miguel Bonilla,"CHULA VISTA, CA",1405,23:51,7:41,M 40-44/2,M-44,40,23:55,59.16%
47,Vivien Tran,"San Diego, CA",1274,23:54,7:42,F 18-24/1,F-20,7,23:55,61.83%
48,Chloe Cartwright,"San Diego, CA",1217,23:55,7:42,F 13-17/1,F-13,8,23:55,67.43%
49,Muhammed Zatar,"SAN DIEGO, CA",1441,23:57,7:43,M 01-12/1,M-12,41,48:26,60.31%
50,Tate Clapham,"El Cajon, CA",1222,24:15,7:49,M NoAge/2,M-,42,24:18, 0.00%
51,Jose Robes,"OKLAHOMA CITY, OK",1409,24:18,7:50,M 25-29/5,M-29,43,24:23,53.53%
52,Benjamin Green,"San Diego, CA",1100,24:22,7:51,M 30-34/8,M-32,44,24:24,53.73%
53,Marvell Rossell,"San Diego, CA",1360,24:30,7:53,M 25-29/6,M-29,45,24:30,53.10%
54,Ricky Romero,"SAN DIEGO, CA",1430,24:36,7:55,M 40-44/3,M-40,46,24:36,55.80%
55,Gabriel Sitapati,"San Diego, CA",1142,24:51,8:00,M 18-24/6,M-18,47,24:53,52.35%
56,Kedar Sitapati,"San Diego, CA",1143,24:51,8:00,M 13-17/9,M-15,48,24:53,54.16%
57,Phil Klopfstein,"Port Orchard, WA",1248,25:00,8:03,M 55-59/3,M-55,49,25:02,61.37%
58,Mayra Alvarez,"San Diego, CA",1212,25:03,8:04,F 30-34/2,F-33,9,25:07,59.12%
59,Sarah Cardillo,"La Jolla, CA",1333,25:10,8:07,F 30-34/3,F-30,10,25:12,58.71%
60,Jose Esquivel,"National City, CA",1029,25:13,8:07,M 18-24/7,M-22,50,25:15,51.52%
61,Jeff Hester,"San Diego, CA",1322,25:14,8:07,M 25-29/7,M-28,51,25:15,51.49%
62,Nora O'Brien,"Solana Beach, CA",1153,25:14,8:08,F 35-39/1,F-35,11,25:15,58.96%
63,Tori Hester,"San Diego, CA",1323,25:15,8:08,F 25-29/1,F-27,12,25:16,58.52%
64,Jill Michell,"SAN DIEGO, CA",1438,25:16,8:08,F 40-44/1,F-41,13,25:21,60.40%
65,Salvador Telumbre,"San Diego, CA",1271,25:51,8:19,M 35-39/5,M-38,52,25:54,52.32%
66,Christopher Laroco,"San Diego, CA",1375,25:59,8:22,M 40-44/4,M-40,53,25:59,52.82%
67,Alani Delman,"San Diego, CA",1227,26:03,8:23,F 13-17/2,F-13,14,26:03,61.91%
68,Shayne Haley,"Katy, TX",1083,26:06,8:24,F NoAge/1,F-0,15,26:07, 0.00%
69,Jerry Delair,"San Diego, CA",1003,26:19,8:28,M 40-44/5,M-41,54,26:22,52.47%
70,Anthony Ogilvie,"Temecula, CA",1137,26:21,8:29,M 45-49/2,M-49,55,26:21,55.57%
71,Mike Luthiger,"Temecula, CA",1110,26:26,8:31,M 25-29/8,M-25,56,26:26,49.15%
72,Shan Shan Huang,"San Diego, CA",1054,26:27,8:31,F 25-29/2,F-25,16,26:32,55.86%
73,Chuck Goehring,"San Diego, CA",1035,26:28,8:32,M 45-49/3,M-45,57,26:32,53.75%
74,Jose Ramirez,"Escondido, CA",1062,26:38,8:35,M 30-34/9,M-31,58,26:38,49.03%
75,Jimmy Vasquez,"Chula Vista, CA",1308,26:39,8:35,M 30-34/10,M-33,59,26:40,49.31%
76,Mike Kastan,"El Cajon, CA",1007,26:46,8:37,M 60-64/2,M-61,60,26:50,60.19%
77,Joseph Chen,"San Diego, CA",1122,26:59,8:41,M 25-29/9,M-27,61,27:04,48.15%
78,Rosa Garrett,"ALPINE, CA",1431,27:09,8:45,F 50-54/2,F-53,17,27:11,62.96%
79,Suzanne Person,"La Jolla, CA",1257,27:10,8:45,F 50-54/3,F-52,18,27:12,62.19%
80,Melissa Damas,"San Diego, CA",1350,27:15,8:47,F 18-24/2,F-23,19,27:19,54.22%
81,Sebastien Damas,"San Diego, CA",1351,27:17,8:47,M 25-29/10,M-26,62,27:17,47.62%
82,Gary Tedeschi,"San Diego, CA",1270,27:24,8:50,M 55-59/4,M-56,63,27:28,56.42%
83,Trudy Hawkins,"San Diego, CA",903,27:27,8:51,F 55-59/1,F-59,20,27:28,66.77%
84,Hassan Musa,"LA JOLLA, CA",1440,27:27,8:51,M 01-12/2,M-12,64,51:57,52.61%
85,Rachel Green,"San Diego, CA",1191,27:28,8:51,F 25-29/3,F-29,21,29:58,53.79%
86,Michael Romero,"San Diego, CA",1263,27:33,8:52,M 25-29/11,M-29,65,27:36,47.22%
87,Shannon Okimoto,"San Diego, CA",1254,27:33,8:52,F 25-29/4,F-27,22,27:36,53.63%
88,Arturo Nathaniel Herrera,"Chula Vista, CA",1168,27:37,8:54,M 18-24/8,M-19,66,37:12,47.04%
89,Mikal McClung,"San Diego, CA",1358,27:40,8:55,M 55-59/5,M-58,67,27:44,56.84%
90,Angel Castillo,"Chula Vista, CA",1218,27:40,8:55,M 50-54/3,M-51,68,27:41,53.77%
91,Angelica Aguilar,"San Diego, CA",1190,27:44,8:56,F 40-44/2,F-41,23,27:48,55.02%
92,Karen Derenthal,"San Diego, CA",1092,27:47,8:57,F 55-59/2,F-55,24,27:53,62.91%
93,Carlo Cecchetto,", ",1330,27:51,8:58,M NoAge/3,M-,69,29:27, 0.00%
94,Lauren Oberbauer,"San Diego, CA",1096,27:51,8:58,F 25-29/5,F-29,25,27:54,53.05%
95,Rachel Parker,"San Diego, CA",1359,27:53,8:59,F 18-24/3,F-18,26,27:54,53.23%
96,Charlene Rohrer,"San Diego, CA",1262,27:54,8:59,F 65-69/1,F-65,27,27:57,70.77%
97,Diane Deem,"Oceanside, CA",911,28:07,9:03,F 50-54/4,F-52,28,28:12,60.08%
98,Vincent Villafranca,"Chula Vista, CA",1365,28:08,9:04,M 50-54/4,M-50,70,28:10,52.46%
99,Trevor Hewey,"San Diego, CA",1156,28:11,9:05,M 35-39/6,M-36,71,28:20,47.34%
100,Tara Nekoroski,"San Diego, CA",1158,28:12,9:05,F 35-39/2,F-36,29,28:20,52.87%
101,John Alegre,"Escondido, CA",1211,28:12,9:05,M 45-49/4,M-46,72,28:13,50.80%
102,Jerri Brown,"San Diego, CA",909,28:16,9:06,F 60-64/1,F-61,30,28:20,66.43%
103,Alexis Pedroza,"San Diego, CA",1024,28:19,9:07,F 18-24/4,F-24,31,28:23,52.18%
104,Jordan Saxman,"La Mesa, CA",1319,28:22,9:08,M 30-34/11,M-34,73,29:31,46.56%
105,Andrew Pennock,"Rancho Santa Fe, CA",1138,28:32,9:11,M 40-44/6,M-40,74,28:32,48.10%
106,Leonard Vann,"Coventry, CT",1278,28:39,9:14,M 60-64/3,M-64,75,28:41,57.68%
107,Binhai Zheng,"San Diego, CA",1072,28:43,9:15,M 45-49/5,M-45,76,28:43,49.54%
108,Sabrina Silva,"San Diego, CA",1361,28:44,9:15,F 18-24/5,F-19,32,28:52,51.42%
109,Tammy Marquez,"CHULA VISTA, CA",1451,28:55,9:19,F 40-44/3,F-41,33,28:55,52.77%
110,Danielle Ricci,"San Diego, CA",1111,28:57,9:19,F 25-29/6,F-25,34,28:59,51.04%
111,Kelly Spire,"Valley Center, CA",1363,29:05,9:22,F 50-54/5,F-53,35,29:10,58.77%
112,Natalie Vadun,"Carlsbad, CA",1364,29:16,9:26,F 01-12/1,F-9,36,32:24,61.31%
113,Rebecca D'Andrea,"San Diego, CA",1028,29:28,9:29,F 25-29/7,F-25,37,29:30,50.14%
114,Kim Lovett,"San Diego, CA",1008,29:31,9:30,F 55-59/3,F-55,38,29:35,59.21%
115,Mohammed Naveed Shaik,"San Diego, CA",1126,29:38,9:33,M 35-39/7,M-39,77,29:44,45.98%
116,Jessica Sanchez,"CHULA VISTA, CA",1406,29:38,9:33,F 18-24/6,F-23,39,29:42,49.86%
117,Patrick McKenna,"Bonita, CA",1139,29:58,9:39,M 40-44/7,M-44,78,30:00,47.08%
118,Kyle Angello,"San Diego, CA",1036,30:02,9:40,M 30-34/12,M-33,79,30:08,43.73%
119,Anghel Jimenez,"San Diego, CA",1157,30:03,9:41,F 25-29/8,F-29,40,30:03,49.17%
120,Eva Fong,"San Diego, CA",1155,30:03,9:41,F 40-44/4,F-41,41,30:03,50.78%
121,Amy Robinson,"National City, CA",1147,30:04,9:41,F 40-44/5,F-40,42,30:04,50.47%
122,Young Duong,"San Diego, CA",1230,30:07,9:42,M 35-39/8,M-35,80,36:06,44.08%
123,Karen Silva,"San Diego, CA",1085,30:07,9:42,F 30-34/4,F-34,43,31:32,49.28%
124,Debby Burger,"Oceanside, CA",1216,30:09,9:43,F 60-64/2,F-64,44,30:14,64.66%
125,Crosby Yung,"SAN DIEGO, CA",1439,30:16,9:45,M 35-39/9,M-35,81,33:01,43.86%
126,Bob Feinberg,"San Diego, CA",1237,30:16,9:45,M 60-64/4,M-60,82,30:22,52.78%
127,Isabella Rosenstein,"Poway, CA",1026,30:25,9:48,F 13-17/3,F-14,45,31:13,51.92%
128,Robin Simmons,"San Diego, CA",1067,30:28,9:49,M 25-29/12,M-25,83,30:33,42.64%
129,Matthew Lorentz,"San Diego, CA",1199,30:37,9:52,M 13-17/10,M-15,84,30:37,43.95%
130,Maria Putrino,"Yucca Valley, CA",1261,30:42,9:53,F 60-64/3,F-61,46,31:02,61.16%
131,Wyatt Jessee,"Murrieta, CA",1135,30:43,9:53,M 01-12/3,M-12,85,30:44,47.01%
132,Garret Jessee,"Murrieta, CA",1134,30:45,9:54,M 01-12/4,M-10,86,30:46,50.54%
133,Jeff Landes,"La Jolla, CA",1165,30:47,9:55,M 45-49/6,M-48,87,30:50,47.24%
134,Reid Landes,"La Jolla, CA",1329,30:47,9:55,M 01-12/5,M-10,88,30:50,50.49%
135,Ethan Landes,"La Jolla, CA",1328,30:48,9:55,M 01-12/6,M-12,89,30:51,46.89%
136,Sam Porter,"San Diego, CA",1099,30:49,9:55,M 18-24/9,M-18,90,30:49,42.21%
137,Ben Porter,"San Diego, CA",1098,30:53,9:57,M 13-17/11,M-14,91,30:53,44.38%
138,Nicholas Daryafe,"SAN DIEGO, CA",1426,30:53,9:57,M 35-39/10,M-39,92,30:55,44.11%
139,Evan Comiskey,"Porter Ranch, CA",1343,31:02,10:00,M 13-17/12,M-13,93,31:03,45.24%
140,Andres Chavarro,"San Diego, CA",1043,31:04,10:00,M 25-29/13,M-29,94,31:07,41.87%
141,Henry Cheng,"Rancho Santa Fe, CA",1123,31:13,10:03,M 50-54/5,M-51,95,31:35,47.65%
142,Walter Bateman,"SAN DIEGO, CA",1433,31:13,10:03,M 65-69/1,M-67,96,31:19,54.33%
143,Kevin Lu,"Milpitas, CA",1250,31:15,10:04,M NoAge/4,M-,97,31:15, 0.00%
144,Jim Chrusciel,"WESTERN SPRINGS, IL",1408,31:18,10:05,M 70-74/1,M-70,98,33:15,55.83%
145,Melissa Chavarro,"San Diego, CA",1044,31:29,10:08,F 25-29/9,F-26,47,31:31,46.93%
146,Luisana Elias,"San Diego, CA",1292,31:33,10:10,F 30-34/5,F-33,48,31:40,46.93%
147,Ernesto Rivera,"San Diego, CA",1010,31:34,10:10,M 25-29/14,M-27,99,31:37,41.15%
148,Charles Pierre,"El Cajon, CA",1032,31:42,10:12,M 30-34/13,M-31,100,31:44,41.19%
149,Nicole Smith,"San Diego, CA",1269,31:55,10:17,F 25-29/10,F-28,49,31:59,46.29%
150,Ken Kawabata,"Spring Valley, CA",1245,31:58,10:18,M 50-54/6,M-52,101,32:05,46.90%
151,Giselle Geering,"Carlsbad, CA",1335,31:59,10:18,F 01-12/2,F-11,50,35:07,52.87%
152,Andrea Blea,"Carlsbad, CA",1332,32:02,10:19,F 50-54/6,F-53,51,35:10,53.36%
153,Cheryl Tyler,"San Diego, CA",1178,32:10,10:21,F 50-54/7,F-52,52,32:32,52.51%
154,Olivia Ramirez,"Chula Vista, CA",1185,32:11,10:22,F 13-17/4,F-13,53,33:44,50.10%
155,Min-Ru Gan,"San Diego, CA",1186,32:11,10:22,F 35-39/3,F-38,54,32:13,46.68%
156,Mayra Matthews,"Chula Vista, CA",1030,32:12,10:22,F 25-29/11,F-28,55,32:14,45.88%
157,Vanessa Ashley,"San Diego, CA",1037,32:19,10:24,F 18-24/7,F-24,56,32:25,45.72%
158,Maria Torres,"Los Angeles, CA",1105,32:27,10:27,F 35-39/4,F-35,57,32:33,45.84%
159,Jessica Zeait,"San Marcos, CA",905,32:34,10:29,F 35-39/5,F-39,58,32:36,46.34%
160,Shankar Sitapati,"San Diego, CA",1144,32:38,10:31,M 45-49/7,M-47,102,32:38,44.20%
161,Mayo Osman Strauss,"El Cajon, CA",1255,32:43,10:32,M NoAge/5,M-,103,32:46, 0.00%
162,Yin Gu,"San Diego, CA",1005,32:44,10:33,F 50-54/8,F-50,59,32:52,50.48%
163,Amelia Kirkegaard,"San Diego, CA",1247,32:53,10:35,F 01-12/3,F-9,60,32:54,54.56%
164,Bill Wischmeyer,"San Diego, CA",1089,32:58,10:37,M 50-54/7,M-50,104,33:12,44.76%
165,Jessica Edney,"San Diego, CA",1046,32:58,10:37,F 25-29/12,F-29,61,33:00,44.82%
166,Ryan Roxas,"San Diego, CA",1160,33:11,10:41,M 30-34/14,M-31,105,33:11,39.35%
167,Cheryl Kurtz,", CA",1172,33:14,10:42,F NoAge/2,F-,62,33:20, 0.00%
168,Brendan Jepsen,"San Diego, CA",1312,33:15,10:43,M 30-34/15,M-31,106,33:21,39.27%
169,Linda Eckert,"Oceanside, CA",1232,33:16,10:43,F 35-39/6,F-35,63,33:18,44.71%
170,Tenna Brown,"Oceanside, CA",1084,33:25,10:46,M 55-59/6,M-56,107,33:32,46.26%
171,Natalie Peña,"San Diego, CA",1410,33:27,10:46,F 25-29/13,F-26,64,36:52,44.17%
172,Isha Nayak,"San Diego, CA",1129,33:28,10:47,F 01-12/4,F-9,65,33:32,53.61%
173,Anika Nayak,"San Diego, CA",1128,33:29,10:47,F 01-12/5,F-7,66,33:34,57.62%
174,Jaimee Olson,"Carlsbad, CA",1321,33:40,10:50,F 55-59/4,F-58,67,33:41,53.79%
175,Elizabeth Pollard,"San Diego, CA",1258,33:45,10:52,F 45-49/2,F-45,68,33:47,46.59%
176,Ana Ruiz,"San Diego, CA",1125,33:48,10:53,F 40-44/6,F-42,69,33:53,45.44%
177,Francisco Machuca,"San Ysidro, CA",1120,33:55,10:55,M 40-44/8,M-43,108,33:55,41.30%
178,Danielle Bonilla,"CHULA VISTA, CA",1407,34:17,11:02,F 45-49/3,F-45,70,34:20,45.87%
179,Tara Ponce,"San Diego, CA",1260,34:19,11:03,F 45-49/4,F-47,71,34:21,46.65%
180,Ali Cline,"Santee, CA",1223,34:33,11:08,F 01-12/6,F-10,72,34:34,50.34%
181,Sonya Curiel,"Chula Vista, CA",1103,34:40,11:10,F 25-29/14,F-26,73,34:47,42.62%
182,Dana Alligood,"La Jolla, CA",1114,34:45,11:11,F 45-49/5,F-45,74,36:22,45.25%
183,Jenna Slegl,"Spring Valley, CA",1268,35:07,11:19,F 25-29/15,F-29,75,35:11,42.07%
184,Brenda Esposito,"San Marcos, CA",1163,35:08,11:19,F 40-44/7,F-43,76,35:13,44.04%
185,Dave Yarnall,"GRAND TERRACE, CA",1429,35:21,11:23,M 60-64/5,M-64,109,35:28,46.75%
186,Juan Espinoza,"Chula Vista, CA",1148,35:22,11:23,M 18-24/10,M-23,110,39:48,36.73%
187,Daniella Huston,"Murrieta, CA",1242,35:27,11:25,F 13-17/5,F-16,77,35:28,43.04%
188,Jae Lee,"Carlsbad, CA",1109,35:30,11:26,M 40-44/9,M-43,111,35:30,39.46%
189,Patricia Jennings,"Poway, CA",904,35:33,11:27,F 65-69/2,F-67,78,35:36,57.04%
190,Donna Patricio,"Poway, CA",1337,35:57,11:35,F 45-49/6,F-45,79,36:02,43.74%
191,John Crawley,"San Diego, CA",1154,35:59,11:35,M 60-64/6,M-62,112,36:05,45.13%
192,Ron Elsasser,"San Diego, CA",1235,36:19,11:42,M 60-64/7,M-62,113,36:23,44.72%
193,Danielle Andrew,"Nuevo, CA",1203,36:31,11:46,F 25-29/16,F-27,80,36:37,40.46%
194,Heather Saunders-Harbaugh,"San Diego, CA",1383,36:32,11:46,F 30-34/6,F-34,81,36:38,40.62%
195,Mercedes Oropeza,"San Diego, CA",1377,36:42,11:49,F 50-54/9,F-52,82,36:44,46.02%
196,Carly Alvernaz,"Carlsbad, CA",1213,36:44,11:50,F 30-34/7,F-30,83,36:47,40.22%
197,Kelly Bixler,"Santee, CA",1367,36:54,11:53,F 25-29/17,F-28,84,37:00,40.04%
198,Alvin Zheng,"San Diego, CA",1071,36:58,11:54,M 13-17/13,M-17,114,36:58,35.45%
199,Debbie Griffin,"San Diego, CA",1014,37:14,11:59,F 60-64/4,F-61,85,37:20,50.43%
200,Andrew Marchand,"Oceanside, CA",1149,37:30,12:05,M 25-29/15,M-26,115,39:43,34.64%
201,Melissa Williams,"San Diego, CA",1200,37:36,12:07,F 30-34/8,F-33,86,39:19,39.38%
202,Aracely Elias,"San Diego, CA",1290,38:00,12:14,F 35-39/7,F-39,87,38:07,39.71%
203,Peter Andersen,"Jamul, CA",1034,38:13,12:18,M 65-69/2,M-69,116,38:16,45.24%
204,Maggie Tran,"San Diego, CA",1338,38:29,12:23,F 01-12/7,F-12,88,39:15,42.85%
205,Hannah Cohn-Manik,"San Diego, CA",1224,38:47,12:29,F 18-24/8,F-19,89,38:48,38.09%
206,Maria Cerda,"Spring Valley, CA",1220,38:49,12:30,F 01-12/8,F-7,90,38:51,49.70%
207,Lilith Terry,"Playa Del Rey, CA",902,38:50,12:30,F 50-54/10,F-50,91,38:54,42.55%
208,Tyler Hennessey,"Playa Del Rey, CA",1015,38:51,12:31,M 35-39/11,M-37,117,38:56,34.55%
209,Lori Underwood,"San Diego, CA",1275,38:53,12:31,F 50-54/11,F-51,92,39:02,42.97%
210,Eddmond Alberto,"San Diego, CA",1210,38:54,12:32,M 35-39/12,M-38,118,39:03,34.76%
211,Christine Alberto,"San Diego, CA",1209,38:59,12:33,F 30-34/9,F-33,93,39:07,37.98%
212,Kathy Holderman,"San Diego, CA",965,39:00,12:34,F 55-59/5,F-59,94,39:03,46.99%
213,Samantha Carlisle,"San Diego, CA",1369,39:24,12:41,F 13-17/6,F-15,95,39:29,39.40%
214,Charlene Kawabata,"Spring Valley, CA",1244,39:28,12:43,F 55-59/6,F-56,96,39:28,44.82%
215,Valerie Goodpaster,"San Diego, CA",914,40:15,12:58,F 70-74/1,F-74,97,40:20,55.53%
216,Kellee Dietrich,"Lakeside, CA",1354,40:25,13:01,F 45-49/7,F-45,98,40:31,38.90%
217,Colton Dietrich,"Lakeside, CA",1352,40:26,13:01,M 01-12/7,M-12,119,40:31,35.71%
218,James Dietrich,"Lakeside, CA",1353,40:26,13:01,M 45-49/8,M-47,120,40:31,35.67%
219,Marci Tran,"San Diego, CA",1339,40:37,13:05,F 13-17/7,F-13,99,42:55,39.70%
220,Brook Trujillo,"Lakeside, CA",1401,40:42,13:06,F 25-29/18,F-26,100,41:43,36.30%
221,Matthew Gaines,"Escondido, CA",1404,41:16,13:17,M 18-24/11,M-24,121,47:30,31.47%
222,Becky Fraser,"Escondido, CA",1403,41:25,13:20,F 18-24/9,F-23,101,47:40,35.67%
223,Donna Contrado,"Oceanside, CA",1225,41:28,13:21,F 55-59/7,F-59,102,41:36,44.19%
224,Jaquelin Almaraz,"Bonita, CA",1314,41:44,13:26,F 25-29/19,F-29,103,41:44,35.40%
225,Jessica Peter,"San Diego, CA",1031,41:44,13:26,F 30-34/10,F-33,104,43:03,35.48%
226,Carolina Ceballos,"San Diego, CA",1161,41:57,13:30,F 25-29/20,F-29,105,45:51,35.21%
227,Yingtzu Yu,"San Diego, CA",1189,42:08,13:34,F 30-34/11,F-32,106,42:10,35.10%
228,Kay Chiaravalle,"San Diego, CA",910,42:10,13:35,F 70-74/2,F-71,107,42:19,50.77%
229,Kristin Erickson,"San Diego, CA",1107,42:45,13:46,F 35-39/8,F-38,108,42:48,35.14%
230,Mitchell Nitta,"San Diego, CA",1009,43:05,13:52,M 30-34/16,M-31,122,43:05,30.30%
231,Melissa Asarch,"Valencia, CA",1012,44:05,14:12,F 30-34/12,F-32,109,44:11,33.55%
232,Wendy Margon,"Escondido, CA",901,44:06,14:12,F 60-64/5,F-63,110,44:12,43.67%
233,Ann Fitzgerald,"San Diego, CA",1239,45:36,14:41,F 55-59/8,F-58,111,45:39,39.71%
234,Duane Spire,"Valley Center, CA",1362,45:39,14:42,M 75-79/1,M-76,123,45:55,41.82%
235,Desiderio Gomez,"San Diego, CA",1195,46:09,14:52,M 65-69/3,M-65,124,46:46,36.09%
236,Jack Doherty,"San Diego, CA",1193,46:10,14:52,M 01-12/8,M-7,125,46:45,39.65%
237,Claudine Hernandez,"Chula Vista, CA",1108,46:50,15:05,F 40-44/8,F-42,112,47:30,32.79%
238,Tina Perri,"Chula Vista, CA",1256,48:17,15:33,F 50-54/12,F-54,113,48:58,35.77%
239,Bruno Valdez,"Chandler, AZ",1276,48:35,15:39,M 25-29/16,M-28,126,48:35,26.72%
240,Tabaitha Harcum,"San Diego, CA",1093,48:43,15:41,F 45-49/8,F-45,114,50:09,32.27%
241,Nancy Cawley,"San Diego, CA",1219,49:00,15:47,F 55-59/9,F-57,115,49:10,36.51%
242,Mellissa Saxman,"La Mesa, CA",1112,51:26,16:34,F 30-34/13,F-32,116,52:43,28.75%
243,Suzette Carlisle,"San Diego, CA",1370,52:37,16:56,F 50-54/13,F-50,117,52:42,31.40%
244,Carmen Barbosa,"La Jolla, CA",1038,53:31,17:14,F 50-54/14,F-50,118,53:39,30.87%
245,Edith Kaspin,"San Diego, CA",1201,53:39,17:17,F 60-64/6,F-61,119,55:47,34.99%
246,Yitschak Pomeranetz,"San Diego, CA",1379,54:20,17:30,M 55-59/7,M-58,127,54:20,28.94%
247,Avril Pomeranetz,"San Diego, CA",1378,54:20,17:30,F 55-59/10,F-59,120,54:20,33.71%
248,Sheri Langerman,"Porter Ranch, CA",1345,54:52,17:40,F 45-49/9,F-46,121,55:01,28.90%
249,Teri Brown,"San Diego, CA",1368,55:34,17:53,F 50-54/15,F-54,122,56:34,31.08%
250,Marianne McLean,"Lakeside, CA",915,55:34,17:53,F 55-59/11,F-56,123,55:46,31.83%
251,Ashley Hostetter,"Encinitas, CA",1052,56:10,18:05,F 25-29/21,F-28,124,59:45,26.30%
252,Greg Mann,"Encinitas, CA",1059,56:11,18:05,M 65-69/4,M-67,128,59:47,30.18%
253,Timothy Hostetter,"Encinitas, CA",1053,56:12,18:06,M 35-39/13,M-37,129,59:44,23.88%
254,Elizabeth Aubin,"San Diego, CA",1366,56:46,18:17,F 01-12/9,F-7,125,59:51,33.98%
255,Julian Williams,"Horn Lake, MS",1281,57:01,18:21,M 45-49/9,M-47,130,1:01:08,25.29%
256,Garret Duke,"San Diego, CA",1316,57:32,18:31,M 45-49/10,M-45,131,57:32,24.72%
257,Spencer Alligood,"La Jolla, CA",1116,58:35,18:52,M 13-17/14,M-16,132,1:00:08,22.62%
258,James Durbin,"San Diego, CA",1231,59:11,19:03,M 75-79/2,M-76,133,59:19,32.25%
259,Vicki Dunbar,"Murrieta, CA",1004,1:00:09,19:22,F 50-54/16,F-53,126,1:01:10,28.41%
260,Nora Barasch,"San Diego, CA",1180,1:00:10,19:22,F 55-59/12,F-56,127,1:01:16,29.40%
261,Richard Nathanson,"San Diego, CA",1184,1:00:11,19:23,M 60-64/8,M-62,134,1:01:16,26.98%
262,Nick Robinson,"San Diego, CA",1063,1:01:03,19:39,M 25-29/17,M-27,135,1:01:03,21.27%
263,Cathryn Barrett,"Brampton, ON",907,1:01:54,19:56,F 60-64/7,F-63,128,1:01:54,31.11%
264,Agnieszka Skala,"San Diego, CA",1192,1:02:59,20:17,F 35-39/9,F-37,129,1:03:47,23.77%
265,Chau Le,"San Diego, CA",1376,1:06:04,21:16,F 40-44/9,F-44,130,1:06:17,23.59%
266,Donna Plourd,"San Diego, CA",1197,1:06:05,21:16,F NoAge/3,F-,131,1:06:36, 0.00%
267,Etelvina Gomez,"San Diego, CA",1196,1:06:06,21:17,F 70-74/3,F-70,132,1:06:42,31.95%
268,Cristiana Golu,"El Cajon, CA",906,1:06:08,21:17,F 50-54/17,F-51,133,1:06:42,25.26%
269,Lilly Pokal,"San Diego, CA",1060,1:07:46,21:49,F 01-12/10,F-11,134,1:07:46,24.94%
270,Rebecca Pokal,"San Diego, CA",1061,1:08:29,22:03,F 50-54/18,F-51,135,1:08:29,24.39%
271,Carter Rose,"Solana Beach, CA",1380,1:08:57,22:12,M 01-12/9,M-7,136,1:11:09,26.55%
272,Kiersten Nagata,"Carlsbad, CA",1182,1:08:59,22:12,F 25-29/22,F-28,136,1:16:17,21.41%
273,Jennifer Rose,"Solana Beach, CA",1381,1:09:02,22:14,F 40-44/10,F-42,137,1:11:19,22.24%
274,Caitlin Shinsky,"Lakeside, CA",1382,1:09:33,22:23,F 13-17/8,F-17,138,1:11:18,21.57%
275,Eddie Ibarra,"Chula Vista, CA",1373,1:09:36,22:24,M 25-29/18,M-27,137,1:09:36,18.66%
276,Adriana Ibarra,"Chula Vista, CA",1372,1:09:38,22:25,F 40-44/11,F-42,139,1:09:38,22.05%
277,Jennifer Hernandez,"Walnut, CA",1016,1:12:30,23:20,F 35-39/10,F-38,140,1:15:44,20.72%
278,Zaneta Brommer,"San Diego, CA",1119,1:13:04,23:31,F 35-39/11,F-39,141,1:33:58,20.65%
279,Marsha Harris,"Alpine, CA",1175,1:13:22,23:37,F 55-59/13,F-55,142,1:13:22,23.81%
280,Courtney Freitag,"San Diego, CA",1048,1:13:40,23:43,F 25-29/23,F-26,143,1:13:40,20.05%
281,Thomas Highshoe,"San Diego, CA",1051,1:13:48,23:46,M 25-29/19,M-26,138,1:13:48,17.60%
282,Diane West,"San Diego, CA",1077,1:13:58,23:49,F 50-54/19,F-52,144,1:27:55,22.83%
283,Kyle Briggs,"San Diego, CA",1076,1:14:00,23:49,M 25-29/20,M-26,139,1:27:56,17.55%
284,Peggy Yamamoto,"San Diego, CA",1282,1:14:17,23:55,F 50-54/20,F-51,145,1:14:19,22.49%
285,Josue Gomez,"Chula Vista, CA",1297,1:15:15,24:13,M 01-12/10,M-6,140,1:27:08,26.16%
286,Kylie Reyes,"Chula Vista, CA",1305,1:15:18,24:14,F 01-12/11,F-11,146,1:27:09,22.45%
287,Alyssa Reyes,"Chula Vista, CA",1304,1:15:20,24:15,F 01-12/12,F-9,147,1:27:09,23.81%
288,Jahaira Gomez,"Chula Vista, CA",1294,1:15:31,24:19,F 25-29/24,F-28,148,1:27:23,19.56%
289,John Gonzalez,"San Diego, CA",1050,1:15:45,24:23,M NoAge/6,M-,141,1:27:37, 0.00%
290,Allison Gomez,"Chula Vista, CA",1293,1:16:00,24:28,F 30-34/14,F-32,149,1:27:52,19.46%
291,Josue Gomez,"Chula Vista, CA",1296,1:16:05,24:30,M 30-34/17,M-32,142,1:27:59,17.20%
292,Joel Gomez,"Chula Vista, CA",1295,1:16:05,24:30,M 30-34/18,M-30,143,1:27:59,17.11%
293,Jason Lookes,"SAN DIEGO, CA",1434,1:18:04,25:08,M NoAge/7,M-0,144,1:18:04, 0.00%
294,David Boles,"San Diego, CA",1132,1:19:04,25:27,M 65-69/5,M-66,145,1:21:28,21.25%
295,Kristina Johnson,"El Cajon, CA",1313,1:20:12,25:49,F 45-49/10,F-47,150,1:20:12,19.95%
296,Teri Brooks,"Vista, CA",1042,1:20:24,25:53,F 35-39/12,F-35,151,1:26:10,18.49%
297,Jacqui Brooks,"Vista, CA",1041,1:20:30,25:55,F 55-59/14,F-57,152,1:26:19,22.22%
298,Giovanni Brooks,"Vista, CA",1040,1:20:30,25:55,M 30-34/19,M-34,146,1:26:20,16.40%
299,Cindy Salonga,"Chula Vista, CA",1066,1:21:07,26:07,F 35-39/13,F-35,153,1:27:12,18.33%
300,Edgar Del Fierro,"Chula Vista, CA",1045,1:21:07,26:07,M 35-39/14,M-36,147,1:27:13,16.44%
301,Elaine Chadwick,"San Diego, CA",1080,1:21:44,26:19,F 55-59/15,F-58,154,1:22:34,22.15%
302,Haley Faubert,"Chandler, AZ",1236,1:21:59,26:24,F 25-29/25,F-28,155,1:30:59,18.02%
303,Christian Bentley,"Encinitas, CA",1078,1:22:02,26:25,M 45-49/11,M-47,148,1:22:53,17.58%
304,Sandy Valone,"San Diego, CA",1320,1:22:20,26:30,F 01-12/13,F-5,156,1:22:20,25.59%
305,Eddie Ybarra,"San Diego, CA",1021,1:22:22,26:31,M 50-54/8,M-53,149,1:22:22,18.34%
306,Jasmyn White,"San Diego, CA",1074,1:24:06,27:05,F 13-17/9,F-15,157,1:32:02,18.45%
307,Diana Barrera,"San Diego, CA",1349,1:24:26,27:11,F 45-49/11,F-48,158,1:25:12,19.15%
308,Natalie Crew,"San Diego, CA",1095,1:24:54,27:20,F 25-29/26,F-28,159,1:27:28,17.40%
309,Elaine Lu,"Encinitas, CA",1188,1:25:52,27:39,F 40-44/12,F-43,160,1:28:42,18.02%
310,Emma Sullaway,"San Diego, CA",1402,1:25:52,27:39,F 13-17/10,F-14,161,1:25:52,18.38%
311,Michael Sullaway,"San Diego, CA",1347,1:25:53,27:39,M 50-54/9,M-54,150,1:25:53,17.72%
312,Linda Cha,"San Diego, CA",1289,1:27:32,28:11,F 25-29/27,F-25,162,1:32:11,16.87%
313,Xavier Avila,"San Diego, CA",1284,1:34:47,30:31,M 01-12/11,M-9,151,1:39:41,17.18%
314,Rachel Rivera,"Irvine, CA",1179,1:35:28,30:44,F 18-24/10,F-24,163,1:35:28,15.47%
315,Max Osborn,"Chula Vista, CA",1309,1:35:56,30:53,M 45-49/12,M-47,152,1:35:56,15.03%
316,Cristina Guerrero,"San Ysidro, CA",1241,1:36:53,31:11,F 30-34/15,F-31,164,1:40:45,15.24%
317,Jason Miramontes,"Chula Vista, CA",1169,1:44:25,33:37,M 01-12/12,M-6,153,1:44:25,18.85%
318,Jace Welchance,"Chula Vista, CA",1170,1:44:28,33:38,M 01-12/13,M-8,154,1:44:28,16.45%
