Place,Name,Location,Bib,Net Time,Pace,Division/Place,Sex-Age,Sex-Place,Gun Time,Age Grade
1,Thuc Tran,", CA",1351,17:32,5:39,M 13-17/0,M-15,1,17:32,76.78%
2,Michael Mark,", ",1461,17:45,5:43,M 40-44/0,M-40,2,17:45,77.42%
3,Daniel Ponce,"San Diego, CA",1338,18:00,5:48,M 13-17/0,M-15,3,18:00,74.79%
4,Jens Lykke-Andersen,"San Diego, CA",1321,18:38,6:00,M 45-49/1,M-47,4,18:38,77.44%
5,Jordan Nava,"Oceanside, CA",1365,18:54,6:05,M 18-24/1,M-18,5,18:54,68.84%
6,Jason Karp,"San Diego, CA",1414,18:59,6:07,M 40-44/1,M-42,6,18:59,73.29%
7,Gerardo Arciga,"Vista, CA",1454,19:07,6:09,M 45-49/2,M-46,7,19:07,74.96%
8,Robert Parrish,"San Diego, CA",1455,19:32,6:18,M 40-44/2,M-41,8,19:33,70.71%
9,Mimo `parkins,"National City, CA",1462,19:37,6:19,M 50-54/1,M-50,9,19:39,75.26%
10,Joseph Grimshaw,"San Diego, CA",1150,20:14,6:31,M 25-29/1,M-29,10,20:16,64.30%
11,Jaysen Marquez,"Chula Vista, CA",1323,20:29,6:36,M 13-17/1,M-13,11,20:29,68.57%
12,Hans Van Bakel,"San Diego, CA",1186,20:37,6:39,M 30-34/1,M-30,12,20:39,63.19%
13,Steve Worland,"Del Mar, CA",1193,20:38,6:39,M 55-59/1,M-57,13,20:41,75.59%
14,Darryl Anderson,"San Diego, CA",1285,20:51,6:43,M 25-29/2,M-28,14,20:51,62.32%
15,Andy Thacher,"San Diego, CA",1350,20:58,6:45,M 50-54/2,M-52,15,20:58,71.52%
16,Chris Costales,"San Diego, CA",1252,21:02,6:47,M 35-39/1,M-37,16,21:04,63.84%
17,Michael Allan,"Encinitas, CA",1280,21:10,6:49,M 55-59/2,M-55,17,21:12,72.50%
18,Fransico Hernandez,"Coronado, CA",1460,21:20,6:52,M 30-34/2,M-32,18,21:21,61.38%
19,Anthony Cafiso,"San Diego, CA",1251,21:22,6:53,M 40-44/3,M-40,19,21:23,64.25%
20,Steven McBrayer,"San Diego, CA",1245,21:25,6:54,M 35-39/2,M-37,20,21:27,62.69%
21,Judy Pickett,"Cameron Park, CA",1019,21:31,6:56,F 50-54/0,F-52,1,21:31,78.53%
22,Chase Mertz,"La Jolla, CA",1258,21:55,7:04,M 18-24/2,M-22,21,21:55,59.28%
23,Nicole Samuel,"La Jolla, CA",1344,21:58,7:05,F 25-29/0,F-27,2,21:58,67.33%
24,Susan Jarvis,"San Diego, CA",1201,22:16,7:10,F 50-54/0,F-50,3,22:16,74.34%
25,Alain Austenfeld,"San Diego, CA",1212,22:29,7:14,M 35-39/3,M-35,22,22:38,59.05%
26,Jose Santiago,"San Diego, CA",1466,22:30,7:15,M 25-29/3,M-28,23,22:30,57.75%
27,Allison Sherwood,"San Diego, CA",1422,22:33,7:16,F 55-59/1,F-57,4,22:34,79.36%
28,Cesar Parra,"San Diego, CA",1473,22:33,7:16,M 18-24/3,M-22,24,22:33,57.62%
29,Jeff Lannen,"San Diego, CA",1319,22:36,7:17,M 40-44/4,M-43,25,22:39,61.99%
30,Chloe Cartwright,"San Diego, CA",1469,22:41,7:18,F 01-12/1,F-12,5,22:41,72.72%
31,Nieves Soriano,"Chula Vista, CA",1117,22:44,7:19,F 30-34/1,F-31,6,22:45,65.00%
32,Heather Catchpole,"San Diego, CA",1467,22:47,7:20,F 35-39/1,F-39,7,22:49,66.25%
33,Patrick Shinsky,"San Diego, CA",1476,22:48,7:21,M 45-49/3,M-48,26,22:50,63.79%
34,Michael Mitsingas,"San Diego, CA",1328,22:48,7:21,M 50-54/3,M-52,27,22:51,65.76%
35,Julia Sinsay,"San Diego, CA",1272,22:50,7:21,F 18-24/1,F-19,8,22:52,64.72%
36,Joseph Rogers,"La Jolla, CA",1395,22:54,7:23,M 25-29/4,M-27,28,22:56,56.74%
37,Arturo Nathaniel Herrera,"Chula Vista, CA",1266,23:03,7:26,M 18-24/4,M-18,29,23:08,56.44%
38,Juan Garcia,"San Diego, CA",1411,23:19,7:31,M 25-29/5,M-27,30,23:20,55.72%
39,Zach Marsh,"Chula Vista, CA",1195,23:19,7:31,M 25-29/6,M-27,31,23:22,55.72%
40,Yvonne Lorenz,"El Cajon, CA",1426,23:22,7:32,F 40-44/1,F-42,9,23:22,65.74%
41,Atticus Acosta,"Chula Vista, CA",1407,23:22,7:32,M 13-17/2,M-14,32,23:23,58.67%
42,Rolando Ranada,"San Diego, CA",1383,23:32,7:35,M 25-29/7,M-25,33,23:33,55.21%
43,Delano Carter,"Duluth, GA",1463,23:34,7:35,M 50-54/4,M-52,34,23:37,63.62%
44,Laura Campion,"San Diego, CA",1129,23:38,7:37,F 30-34/2,F-34,10,23:40,62.81%
45,Liam Walters,"San Diego, CA",1471,23:50,7:41,M 01-12/1,M-12,35,23:56,60.60%
46,Lauren Matazuski,"San Diego, CA",1234,23:52,7:41,F 25-29/1,F-26,11,23:55,61.91%
47,Joe Kubes,"Carlsbad, CA",1318,23:54,7:42,M 18-24/5,M-20,36,23:58,54.36%
48,Laura Peiffer,"San Diego, CA",1337,23:55,7:42,F 35-39/2,F-39,12,23:59,63.11%
49,Bernhard Nelson,"San Diego, CA",1331,23:55,7:42,M 55-59/3,M-59,37,23:57,66.25%
50,Vivien Tran,"San Diego, CA",1352,24:06,7:46,F 45-49/1,F-49,13,24:07,67.89%
51,Dean Burgess,"Oceanside, CA",1179,24:09,7:47,M 18-24/6,M-20,38,25:01,53.80%
52,Scott Yandell,"San Diego, CA",1173,24:09,7:47,M 35-39/4,M-36,39,24:11,55.25%
53,Pejman Kharrazian,"San Diego, CA",1253,24:11,7:47,M 30-34/3,M-33,40,24:19,54.34%
54,Jeffrey Clarine,"San Diego, CA",1400,24:14,7:48,M 35-39/5,M-36,41,24:19,55.06%
55,Elena Bolino,"San Diego, CA",1397,24:15,7:49,F 40-44/2,F-42,14,24:15,63.34%
56,Shaione Simmons,"San Diego, CA",1475,24:15,7:49,F 25-29/2,F-26,15,24:18,60.94%
57,Mercedes Nava,"Oceanside, CA",1197,24:15,7:49,F 45-49/2,F-46,16,24:15,65.41%
58,Edwardo Soto,"Fallbrook, CA",1474,24:18,7:50,M 35-39/6,M-36,42,24:19,54.91%
59,Rob Sandie,"San Francisco, CA",1192,24:22,7:51,M 30-34/4,M-32,43,24:22,53.73%
60,Ellen Fleischman,"San Diego, CA",1470,24:22,7:51,F 50-54/1,F-53,17,24:22,70.16%
61,Jesse John,"Oceanside, CA",1313,24:30,7:53,M 25-29/8,M-29,44,27:50,53.10%
62,Thomas Karins,"Bonita, CA",1316,24:30,7:53,M 45-49/4,M-46,45,24:31,58.48%
63,Gary Rotto,"San Diego, CA",1343,24:31,7:54,M 55-59/4,M-55,46,24:34,62.59%
64,Rosina Campos,"San Diego, CA",1290,24:40,7:57,F 40-44/3,F-40,18,24:41,61.53%
65,Kenneth Mitchell,"San Diego, CA",1270,24:40,7:57,M 60-64/1,M-63,47,24:41,66.40%
66,Adrian Sanchez,", ",1451,24:51,8:00,M 13-17/3,M-14,48,24:51,55.17%
67,Christine Desrochers,"Ramona, CA",1014,24:59,8:03,F 45-49/3,F-48,19,25:01,64.75%
68,Tan Dinh,"San Diego, CA",1211,25:04,8:04,F 25-29/3,F-27,20,38:34,58.95%
69,David Glaze,"San Diego, CA",1187,25:10,8:06,M 60-64/2,M-61,49,25:17,64.02%
70,Brett Adler,"San Diego, CA",1130,25:10,8:06,F 30-34/3,F-32,21,25:12,58.78%
71,Jason Dykstra,"San Diego, CA",1225,25:12,8:07,M 13-17/4,M-14,50,25:15,54.40%
72,Christian Tran,"San Diego, CA",1228,25:13,8:07,M 13-17/5,M-15,51,25:17,53.37%
73,Kimie McBrayer,"San Diego, CA",1244,25:17,8:09,F 40-44/4,F-40,22,25:19,60.03%
74,Brooke Miller,"La Jolla, CA",1278,25:19,8:09,F 35-39/3,F-35,23,25:23,58.76%
75,Kelly Brase,"Santee, CA",1180,25:26,8:11,F 35-39/4,F-39,24,25:53,59.34%
76,Benjamin Sichel,"La Mesa, CA",1423,25:27,8:12,M 13-17/6,M-16,52,25:29,52.10%
77,Michael Correia,"San Diego, CA",1408,25:28,8:12,M 25-29/9,M-28,53,25:31,51.02%
78,Elaine Lu,"Encinitas, CA",1275,25:29,8:13,F 40-44/5,F-42,25,25:34,60.27%
79,Tiffany Shafer,"San Diego, CA",1246,25:51,8:19,F 35-39/5,F-39,26,26:51,58.39%
80,Kyle Stanner,"Pacifica, CA",1437,26:00,8:22,M 30-34/5,M-33,54,26:08,50.55%
81,Gabriel Rios,"San Diego, CA",1183,26:02,8:23,M 18-24/7,M-24,55,26:02,49.90%
82,Russ Osborn,"Carlsbad, CA",1334,26:03,8:23,M 55-59/5,M-56,56,26:09,59.35%
83,Craig Horner,"San Diego, CA",1311,26:09,8:25,M 65-69/1,M-66,57,26:11,64.29%
84,Rj Muscio,"San Diego, CA",1330,26:10,8:26,M 55-59/6,M-57,58,26:16,59.59%
85,Lisa Roth,"San Diego, CA",1457,26:16,8:27,F 55-59/2,F-56,27,26:22,67.37%
86,David Martin,"San Diego, CA",1456,26:16,8:28,M 30-34/6,M-32,59,26:22,49.84%
87,Doug Wallace,"Coronado, CA",1433,26:17,8:28,M 55-59/7,M-55,60,26:22,58.38%
88,Marvell Rossell,"San Diego, CA",1213,26:20,8:29,M 25-29/10,M-28,61,26:32,49.34%
89,Michael Bynum,"San Diego, CA",1194,26:22,8:30,M 25-29/11,M-28,62,26:26,49.27%
90,Jerry Delair,"San Diego, CA",1298,26:23,8:30,M 40-44/5,M-40,63,26:26,52.02%
91,Gary Tedeschi,"San Diego, CA",1349,26:24,8:30,M 55-59/8,M-55,64,26:28,58.12%
92,Amy Hurley,"Imperial Beach, CA",1110,26:28,8:32,F 35-39/6,F-39,28,26:32,57.03%
93,Patrick McKenna,"Bonita, CA",1232,26:32,8:33,M 40-44/6,M-43,65,26:32,52.80%
94,Esteban Montes,"San Diego, CA",1472,26:34,8:33,M 35-39/7,M-39,66,26:35,51.29%
95,Mikal McClung,"San Diego, CA",1418,26:34,8:33,M 55-59/9,M-57,67,26:38,58.69%
96,Pat Nevin,"La Jolla, CA",1265,26:36,8:34,M 45-49/5,M-49,68,27:46,55.05%
97,Justin Stoger,"San Diego, CA",1254,26:36,8:34,M 35-39/8,M-39,69,26:44,51.22%
98,Veronica Munoz,", ",1465,26:41,8:36,F 35-39/7,F-39,29,26:44,56.56%
99,Tiana Strachan,"Fallbrook, CA",1108,26:44,8:37,F 13-17/1,F-15,30,26:49,58.08%
100,Martin Campos,"San Diego, CA",1289,26:46,8:37,M 40-44/7,M-40,70,26:48,51.28%
101,Cathy Baron,"San Diego, CA",1459,26:47,8:38,F 60-64/1,F-63,31,26:50,71.92%
102,Nydia Parra,"San Diego, CA",1436,26:55,8:40,F 18-24/2,F-24,32,26:56,54.89%
103,Pedro Garcia,"San Diego, CA",1377,26:58,8:41,M 40-44/8,M-40,71,27:00,50.90%
104,Nicole Del Priore,"San Diego, CA",1297,27:03,8:43,F 35-39/8,F-36,33,27:05,55.12%
105,Mari Muscio,"San Diego, CA",1329,27:06,8:44,F 55-59/3,F-56,34,27:12,65.29%
106,Phil Dykstra,"San Diego, CA",1226,27:07,8:44,M 50-54/5,M-52,72,27:07,55.29%
107,Laura Barrera,"Del Mar, CA",1390,27:07,8:44,F 30-34/4,F-30,35,27:11,54.49%
108,Dana Peters,"Santa Cruz, CA",1191,27:16,8:47,F 25-29/4,F-29,36,27:16,54.19%
109,Angel Castillo,"Chula Vista, CA",1291,27:17,8:47,M 50-54/6,M-50,73,27:17,54.10%
110,Lauren Oberbauer,"San Diego, CA",1207,27:19,8:48,F 25-29/5,F-28,37,27:22,54.09%
111,Clara Lane,"San Diego, CA",1392,27:25,8:50,F 13-17/2,F-15,38,27:27,56.63%
112,Rachel Phalan,"Santee, CA",1382,27:28,8:51,F 18-24/3,F-24,39,27:30,53.79%
113,Laura Cervino,"San Diego, CA",1007,27:29,8:51,F 35-39/9,F-39,40,27:49,54.92%
114,Michael Pfetsch,"San Diego, CA",1430,27:40,8:55,M 30-34/7,M-32,74,32:49,47.32%
115,Gary Davila,"San Marcos, CA",1268,27:52,8:58,M 55-59/10,M-56,75,27:52,55.48%
116,Robert Park,"Mililani, HI",1159,27:53,8:59,M 55-59/11,M-56,76,27:58,55.44%
117,Chuck Goehring,"San Diego, CA",1126,28:00,9:01,M 40-44/9,M-44,77,28:14,50.39%
118,Karl Cahill,"San Diego, CA",1458,28:15,9:06,M 40-44/10,M-42,78,28:16,49.23%
119,Michael Pollard,"San Marcos, CA",1276,28:17,9:06,M 45-49/6,M-45,79,30:05,50.29%
120,Melinda Stoger,"San Diego, CA",1255,28:23,9:09,F 30-34/5,F-31,41,28:23,52.06%
121,Boyd Masing,"Escondido, CA",1224,28:24,9:09,M 50-54/7,M-52,80,28:24,52.79%
122,Joseph Roche,"San Diego, CA",1342,28:28,9:10,M 18-24/8,M-22,81,28:28,45.64%
123,Jerri Brown,"San Diego, CA",1013,28:31,9:11,F 60-64/2,F-60,42,28:32,65.03%
124,Katie White,"San Diego, CA",1171,28:36,9:13,F 30-34/6,F-31,43,29:39,51.66%
125,Kelly Spire,"Valley Center, CA",1348,28:37,9:13,F 50-54/2,F-52,44,28:44,59.03%
126,Marta Rubio,"Spring Valley, CA",1262,28:41,9:14,F 40-44/6,F-40,45,31:29,52.91%
127,Thomas Wilcox,"Spring Valley, CA",1264,28:43,9:15,M 40-44/11,M-40,82,31:30,47.79%
128,Laura Garcia,"San Diego, CA",1376,28:43,9:15,F 35-39/10,F-39,46,28:45,52.56%
129,Melissa Braswell,"San Diego, CA",1287,28:48,9:16,F 50-54/3,F-50,47,28:52,57.38%
130,Stephen Rose,"San Diego, CA",1247,28:50,9:17,M 45-49/7,M-48,83,32:02,50.43%
131,James Hill,"San Diego, CA",1310,28:51,9:17,M 40-44/12,M-44,84,28:51,48.90%
132,Lupe Frayre-Godat,"San Diego, CA",1200,28:53,9:18,F 40-44/7,F-44,48,28:59,53.98%
133,Trudy Hawkins,"San Diego, CA",1005,28:57,9:20,F 55-59/4,F-58,49,29:01,62.56%
134,Erica Osborn,"Carlsbad, CA",1333,29:04,9:22,F 30-34/7,F-34,50,29:09,51.06%
135,Wyatt Jessee,"Murrieta, CA",1229,29:06,9:22,M 01-12/2,M-11,85,29:09,51.29%
136,Curina Feggans,"El Cajon, CA",1396,29:12,9:24,F 30-34/8,F-32,51,29:16,50.66%
137,Jason Issertell,"Carlsbad, CA",1152,29:19,9:27,M 30-34/8,M-34,86,30:21,45.05%
138,Kenny Shaw,"San Diego, CA",1164,29:22,9:27,M 25-29/12,M-26,87,29:26,44.24%
139,Katherine Pekny,"San Diego, CA",1260,29:23,9:28,F 55-59/5,F-57,52,29:26,60.90%
140,Tammy Marquez,"Chula Vista, CA",1324,29:28,9:29,F 40-44/8,F-40,53,29:28,51.50%
141,Nellie Davis,"Oceanside, CA",1296,29:29,9:30,F 45-49/4,F-46,54,29:31,53.79%
142,Chris Moosios,"San Diego, CA",1363,29:31,9:30,M 25-29/13,M-28,88,29:34,44.01%
143,Isabella Rosenstein,"Poway, CA",1123,29:35,9:32,M 13-17/7,M-13,89,29:38,47.46%
144,Michele Marzoni,"Imperial Beach, CA",1018,29:38,9:33,F 60-64/3,F-60,55,29:46,62.58%
145,Waiel Ali,"Carlsbad, CA",1242,29:45,9:35,M 50-54/8,M-53,90,29:51,50.78%
146,Rebecca Leopard,"San Diego, CA",1320,29:47,9:35,F 35-39/11,F-38,56,29:49,50.45%
147,Tenna Brown,"Oceanside, CA",1182,29:50,9:37,F 45-49/5,F-48,57,29:57,54.22%
148,Robert Feinberg,"San Diego, CA",1118,29:54,9:38,M 55-59/12,M-59,91,29:54,52.98%
149,Yesenia Gonzalez,"Bonita, CA",1356,30:05,9:41,F 40-44/9,F-40,58,30:09,50.44%
150,Suneth Desilva,"San Diego, CA",1184,30:10,9:43,M 30-34/9,M-33,92,30:15,43.56%
151,Patricia Macedo,"Escondido, CA",1427,30:13,9:44,F 30-34/9,F-31,59,30:14,48.90%
152,Gargi Godbole,"San Diego, CA",1402,30:16,9:45,F 25-29/6,F-25,60,30:18,48.82%
153,Raymond Butiong,"San Diego, CA",1243,30:19,9:46,M 35-39/9,M-36,93,30:24,44.00%
154,Monika Valdez-Nava,"Vista, CA",1283,30:23,9:47,F 40-44/10,F-43,61,30:29,50.93%
155,Allison Issertell,"Carlsbad, CA",1151,30:29,9:49,F 35-39/12,F-35,62,31:31,48.80%
156,Katherine Smay,"Coronado, CA",1431,30:36,9:51,F 40-44/11,F-44,63,30:41,50.95%
157,Neal Washburn,"Escondido, CA",1249,30:39,9:52,M 55-59/13,M-58,94,30:45,51.31%
158,Rianne Garretsen,"San Diego, CA",1378,30:39,9:52,F 40-44/12,F-44,64,30:39,50.87%
159,Jan Patterson,"San Diego, CA",1248,30:50,9:56,F 50-54/4,F-52,65,30:54,54.79%
160,Phyllis Swanegan,"San Diego, CA",1386,30:53,9:57,F 45-49/6,F-46,66,30:58,51.35%
161,Cristiana Golu,"El Cajon, CA",1010,30:55,9:57,F 50-54/5,F-50,67,30:58,53.45%
162,Andrea Sosa,"San Diego, CA",1166,30:56,9:58,F 18-24/4,F-24,68,30:58,47.76%
163,Emel Bautista,"San Diego, CA",1286,31:09,10:02,M 18-24/9,M-21,95,31:14,41.70%
164,Tim Quast,"Coronado, CA",1360,31:10,10:02,M 50-54/9,M-50,96,34:26,47.35%
165,Monica Sok,"San Diego, CA",1347,31:12,10:03,F 18-24/5,F-22,69,31:18,47.35%
166,Nicole Betterton,"Lakeside, CA",1468,31:12,10:03,F 40-44/13,F-44,70,31:17,49.97%
167,Lindsay Martin,"San Diego, CA",1215,31:17,10:04,F 30-34/10,F-31,71,42:09,47.23%
168,Grace Nguyen,"San Diego, CA",1419,31:27,10:08,F 35-39/13,F-36,72,44:58,47.40%
169,Debby Burger,"Chula Vista, CA",1288,31:28,10:08,F 60-64/4,F-63,73,31:31,61.21%
170,Sarah Attwood,"San Diego, CA",1128,31:28,10:08,F 40-44/14,F-42,74,31:32,48.81%
171,Natalia Moorhead,"San Diego, CA",1381,31:33,10:10,F 40-44/15,F-43,75,31:37,49.05%
172,Geniene Logsdon,"La Mesa, CA",1209,31:33,10:10,F 40-44/16,F-40,76,31:36,48.10%
173,Jack Parker,"San Diego, CA",1220,31:39,10:11,M 01-12/3,M-10,97,31:40,49.10%
174,Elana Parker,"San Diego, CA",1219,31:39,10:12,F 45-49/7,F-49,77,31:40,51.69%
175,Waynne Dartnall,"Redwood City, CA",1371,31:43,10:13,M 50-54/10,M-51,98,31:47,46.90%
176,Jacquelyn Coleman,"San Diego, CA",1293,31:46,10:14,F 40-44/17,F-40,78,31:48,47.77%
177,Lynne Dartnall,"Redwood City, CA",1370,31:47,10:14,F 50-54/6,F-50,79,31:47,51.99%
178,Megan Long,"San Diego, CA",1403,31:49,10:15,F 30-34/11,F-34,80,31:55,46.65%
179,Jeanne Elia,"San Diego, CA",1016,31:52,10:16,F 50-54/7,F-50,81,31:52,51.86%
180,Devin Long,"San Diego, CA",1361,31:55,10:17,M 35-39/10,M-36,99,31:55,41.80%
181,Edward Snare,"San Diego, CA",1165,32:00,10:18,M 40-44/13,M-41,100,32:06,43.15%
182,Andrea Parks,"San Diego, CA",1160,32:01,10:18,F 35-39/14,F-35,82,32:06,46.46%
183,Soleil Randall,"San Diego, CA",1241,32:07,10:20,F 35-39/15,F-37,83,32:41,46.63%
184,Blanca Sanchez,"San Diego, CA",1398,32:27,10:27,F 30-34/12,F-30,84,32:29,45.53%
185,Pam Washburn,"Escondido, CA",1250,32:29,10:28,F 50-54/8,F-54,85,32:35,53.18%
186,Patty Jennings,"Poway, CA",1008,32:29,10:28,F 65-69/1,F-66,86,32:32,61.60%
187,Laurie Adam,"San Diego, CA",1009,32:31,10:28,F 65-69/2,F-67,87,32:37,62.36%
188,Alexander Becker,"San Diego, CA",1233,32:35,10:30,M 13-17/8,M-16,101,32:42,40.69%
189,Chris Loo,"San Diego, CA",1104,32:35,10:30,M 30-34/10,M-32,102,32:36,40.17%
190,Steve Wisner,"San Diego, CA",1238,32:35,10:30,M 55-59/14,M-58,103,32:43,48.26%
191,Nancy Moeller,"San Diego, CA",1109,32:36,10:30,F 18-24/6,F-22,88,32:36,45.32%
192,Chris Kelly,"Del Mar, CA",1153,32:49,10:34,M 30-34/11,M-32,104,36:19,39.89%
193,Didier Bagnol,"San Diego, CA",1127,32:50,10:34,M 50-54/11,M-51,105,33:30,45.30%
194,Lisa Baldwin,"Oceanside, CA",1389,32:51,10:35,F 50-54/9,F-53,89,32:59,52.03%
195,Matilde Bermudez,"Chula Vista, CA",1012,32:53,10:35,F 45-49/8,F-45,90,33:00,47.82%
196,Jessica Zeait,"San Marcos, CA",1020,32:54,10:36,F 35-39/16,F-38,91,33:01,45.67%
197,Kirsten Watters,"San Diego, CA",1394,32:57,10:37,F 45-49/9,F-47,92,33:03,48.58%
198,Lori Ortenstone,"San Diego, CA",1421,33:40,10:51,F 60-64/5,F-63,93,33:59,57.21%
199,Jana Peale,"San Diego, CA",1429,33:50,10:54,F 18-24/7,F-22,94,33:54,43.67%
200,Amelia Kirkegaard,"San Diego, CA",1404,33:55,10:55,F 01-12/2,F-8,95,33:55,54.77%
201,Estella Parker,"Vernon Hills, IL",1335,34:01,10:57,F 55-59/6,F-55,96,34:08,51.37%
202,Mariana Hernandez,"San Diego, CA",1175,34:10,11:00,F 18-24/8,F-23,97,34:10,43.24%
203,Carrie Beaulieu,"San Diego, CA",1174,34:10,11:00,F 18-24/9,F-24,98,34:10,43.24%
204,Elizabeth Pollard,"San Diego, CA",1405,34:17,11:03,F 40-44/18,F-44,99,34:22,45.48%
205,Merilyn McGirr,"San Diego, CA",1406,34:39,11:09,F 65-69/3,F-66,100,34:47,57.75%
206,Mark May,"San Diego, CA",1417,34:52,11:14,M 35-39/11,M-37,106,34:59,38.50%
207,Ken Basurto,"San Diego, CA",1135,35:11,11:20,M NoAge/1,M-0,107,35:44, 0.00%
208,Desiree Vargas,"Del Mar, CA",1169,35:18,11:22,F 25-29/7,F-27,101,38:49,41.85%
209,Alvona Whyte,"San Diego, CA",1172,35:19,11:22,F 30-34/13,F-32,102,35:19,41.88%
210,Alma Casillas,"Vista, CA",1399,35:32,11:26,F 30-34/14,F-31,103,35:33,41.58%
211,Luisana Elias,"San Diego, CA",1147,35:39,11:29,F 30-34/15,F-32,104,35:39,41.49%
212,Frances Edwards,"San Diego, CA",1015,35:44,11:31,F 55-59/7,F-56,105,35:53,49.51%
213,David Edwards,"San Diego, CA",1372,35:45,11:31,M 13-17/9,M-15,108,35:53,37.64%
214,Stacy Wisner,"San Diego, CA",1237,35:46,11:31,F 35-39/17,F-39,106,35:46,42.19%
215,Peter Andersen,"Jamul, CA",1125,35:48,11:32,M 65-69/2,M-68,109,35:54,47.79%
216,Tara Ponce,"San Diego, CA",1339,35:51,11:33,F 45-49/10,F-46,107,35:54,44.23%
217,Laurie Park,"Mililani, HI",1158,36:04,11:37,F 50-54/10,F-53,108,36:04,47.39%
218,Beth Hope,", ",1025,36:04,11:37,F 55-59/8,F-57,109,36:05,49.58%
219,Racquel Allen,"Virginia Beach, VA",1366,36:12,11:39,F 30-34/16,F-34,110,36:15,40.99%
220,Lacey Robb,"Los Angeles, CA",1001,36:14,11:40,F 40-44/19,F-40,111,52:56,41.88%
221,Lois Daniele,"San Diego, CA",1295,36:20,11:42,F 60-64/6,F-63,112,36:21,53.01%
222,Jadielle Garcia,"Chula Vista, CA",1434,37:07,11:57,F 18-24/10,F-22,113,37:10,39.80%
223,Kevin Jones,"Louisville, KY",1315,37:12,11:59,M 45-49/8,M-49,110,43:47,39.35%
224,Magdalena Torrance,"San Diego, CA",1263,37:13,11:59,F 35-39/18,F-39,114,40:20,40.55%
225,Lisa McVicker,"San Diego, CA",1257,37:14,11:59,F 30-34/17,F-30,115,40:21,39.68%
226,Ranmali Rodrigo,"San Diego, CA",1261,37:14,11:59,F 35-39/19,F-37,116,40:21,40.21%
227,Therri Ruffin,"Carlsbad, CA",1384,37:32,12:05,F 55-59/9,F-56,117,37:39,47.13%
228,Santiago Enriquez,"La Puente, CA",1302,37:37,12:07,M 45-49/9,M-46,111,37:46,38.08%
229,Jorge Rivera,"Oceanside, CA",1282,37:46,12:10,M 35-39/12,M-36,112,37:46,35.32%
230,Gifford Marzoni,"Imperial Beach, CA",1326,37:53,12:12,M 60-64/3,M-62,113,38:00,42.87%
231,Tyler Powers,"Chula Vista, CA",1341,38:09,12:17,M 13-17/10,M-13,114,38:14,36.80%
232,Kiyomi Powers,"Chula Vista, CA",1340,38:11,12:18,F 40-44/20,F-44,118,38:16,40.83%
233,Marybeth Furlano,"Poway, CA",1307,38:16,12:19,F 45-49/11,F-46,119,38:23,41.44%
234,Brady Furlano,"Poway, CA",1306,38:16,12:19,M 01-12/4,M-12,115,38:23,37.73%
235,Vanessa Ocampo,"Chula Vista, CA",1420,39:00,12:34,F 01-12/3,F-12,120,39:08,42.28%
236,Melissa Ocampo,"Chula Vista, CA",1024,39:01,12:34,F 40-44/21,F-40,121,39:09,38.89%
237,Kathy Holderman,"San Diego, CA",1022,39:22,12:41,F 55-59/10,F-58,122,39:30,46.00%
238,Miranda Moore,"San Marcos, CA",1380,39:29,12:43,F 30-34/18,F-32,123,39:29,37.46%
239,Geraldine Aquino,"San Diego, CA",1453,40:04,12:54,F 40-44/22,F-42,124,40:07,38.33%
240,Rhona Fink,"La Jolla, CA",1105,40:05,12:55,F 60-64/7,F-60,125,41:01,46.26%
241,Valerie Goodpaster,"San Diego, CA",1017,40:21,13:00,F 70-74/1,F-73,126,40:24,54.63%
242,Shannon Okimoto,"San Diego, CA",1332,40:23,13:00,F 25-29/8,F-26,127,54:34,36.58%
243,Gabriel Sitapati,"San Diego, CA",1235,40:25,13:01,M 13-17/11,M-17,116,42:14,32.43%
244,Taylor Young,"San Marcos, CA",1387,40:26,13:01,M 25-29/14,M-27,117,40:26,32.12%
245,Pacita Glaze,"San Diego, CA",1188,40:29,13:02,F 55-59/11,F-59,128,40:29,45.26%
246,Kay Chiaravalle,"San Diego, CA",1292,40:49,13:09,F 70-74/2,F-70,129,40:59,51.76%
247,Jordyn Auino,"San Francisco, CA",1452,41:09,13:15,F 18-24/11,F-22,130,41:12,35.88%
248,Malik Ismail,"San Diego, CA",1312,41:36,13:24,M 40-44/14,M-44,118,47:24,33.91%
249,Leigh Foster,"San Diego, CA",1305,41:37,13:24,F 45-49/12,F-48,131,47:25,38.86%
250,Peggy Randalls,"San Diego, CA",1122,41:46,13:27,F 55-59/12,F-57,132,42:34,42.83%
251,Annette Oatt,"San Diego, CA",1359,41:54,13:30,F 55-59/13,F-56,133,41:54,42.22%
252,Cher Duron,"San Diego, CA",1269,41:57,13:30,F 55-59/14,F-56,134,41:57,42.17%
253,Sangita Baxi,"San Diego, CA",1216,42:01,13:32,F 35-39/20,F-39,135,42:08,35.91%
254,George Gomez,"San Diego, CA",1379,42:07,13:34,M 40-44/15,M-42,119,44:09,33.02%
255,Jocelyn Johnson,"Louisville, KY",1314,42:10,13:35,F 45-49/13,F-49,136,48:44,38.79%
256,Ann Fitzgerald,"San Diego, CA",1374,42:19,13:38,F 55-59/15,F-57,137,42:24,42.28%
257,Patrick Sichel,"La Mesa, CA",1425,42:48,13:47,M 18-24/10,M-21,120,42:51,30.35%
258,Robert Charette,"Los Angeles, CA",1206,42:51,13:48,M 25-29/15,M-27,121,42:54,30.31%
259,Ashton Charette,"Los Angeles, CA",1205,42:54,13:49,F 25-29/9,F-27,138,42:54,34.43%
260,Sheila Graves,"San Diego, CA",1102,43:04,13:52,F 45-49/14,F-47,139,43:12,37.17%
261,Donna Contrado,"Oceanside, CA",1294,43:31,14:01,F 55-59/16,F-58,140,43:41,41.61%
262,Brigitte Marzoni,"Imperial Beach, CA",1325,43:41,14:04,F 18-24/12,F-18,141,43:48,33.97%
263,Amelianne Johannes,"Escondido, CA",9344,43:47,14:06,F 18-24/13,F-24,142,46:16,33.74%
264,Ismael Garcia,"Oceanside, CA",1357,44:11,14:14,M 30-34/12,M-30,122,44:11,29.47%
265,Veronica Jose,"Encinitas, CA",1358,44:12,14:14,F 25-29/10,F-25,143,44:12,33.42%
266,Joy Chidgey,"Escondido, CA",1369,46:50,15:05,F 45-49/15,F-47,144,49:17,34.18%
267,Dominique Fortson,"San Diego, CA",1410,48:36,15:39,F 25-29/11,F-29,145,48:36,30.39%
268,Liana Domingo,"San Diego, CA",1300,50:41,16:19,F 01-12/4,F-12,146,51:35,32.53%
269,Lydia Leduc,"Mesquite, NV",1415,51:33,16:36,F 60-64/8,F-64,147,51:37,37.81%
270,Coleen Sichel,"La Mesa, CA",1424,52:17,16:50,F 45-49/16,F-48,148,53:26,30.93%
271,Heidi Tonomura,"San Diego, CA",1167,53:58,17:23,F 40-44/23,F-42,149,53:58,28.45%
272,Sheila Pemberton,"La Mesa, CA",1161,54:28,17:32,F 35-39/21,F-37,150,54:36,27.49%
273,Dee Dee Andrews,"San Diego, CA",1388,54:53,17:40,F 40-44/24,F-40,151,1:05:53,27.64%
274,Nicole Johnson,"San Diego, CA",1391,54:53,17:40,F 30-34/19,F-32,152,1:05:54,26.94%
275,Blossom Paradeza,"Oceanside, CA",1103,56:35,18:13,F 35-39/22,F-35,153,56:41,26.28%
276,James Durbin,"San Diego, CA",1301,58:35,18:52,M 75-79/1,M-75,123,58:45,32.01%
277,Edith Kaspin,"San Diego, CA",1279,58:39,18:53,F 60-64/9,F-60,154,58:49,31.61%
278,Sean Redmond,"San Diego, CA",1271,59:11,19:03,M 25-29/16,M-27,124,1:00:14,21.94%
279,Dee Hanson,"Santee, CA",1181,1:00:31,19:29,F 65-69/4,F-69,155,1:05:29,34.41%
280,Meghan O'Donnell,"Discovery Bay, CA",1259,1:00:59,19:38,F 25-29/12,F-25,156,1:00:59,24.22%
281,Maggie Watkins,"Alpine, CA",1002,1:01:05,19:40,F 60-64/10,F-60,157,1:01:47,30.35%
282,Barbara Gayle,"San Diego, CA",1003,1:01:07,19:41,F 40-44/25,F-42,158,1:05:24,25.12%
283,Aracely Elias,"San Diego, CA",1145,1:03:39,20:30,F 35-39/23,F-38,159,1:10:39,23.60%
284,Brandon Schlegel,"San Diego, CA",1385,1:04:26,20:45,M 25-29/17,M-26,125,1:04:26,20.16%
285,Chrissy Donahue,"San Diego, CA",1144,1:05:05,20:57,F 25-29/13,F-29,160,1:05:05,22.69%
286,Zach Klemo,"San Diego, CA",1155,1:05:06,20:57,M 35-39/13,M-35,126,1:05:06,20.38%
287,Susan Patience,"San Diego, CA",1336,1:07:03,21:35,F 50-54/11,F-54,161,1:11:31,25.76%
288,Mary Shinsky,"San Diego, CA",1435,1:07:03,21:35,F 75-79/1,F-75,162,1:11:31,33.84%
289,Nina Jimenez-Taylor,"Carlsbad, CA",1190,1:07:39,21:47,F 45-49/17,F-47,163,1:07:39,23.66%
290,Yolanda McGee,"Escondido, CA",1464,1:08:00,21:53,F 60-64/11,F-63,164,1:08:02,28.32%
291,Holly Bridges,"San Diego, CA",1140,1:09:01,22:13,F 45-49/18,F-45,165,1:13:31,22.78%
292,Briana Bridges,"San Diego, CA",1139,1:09:37,22:25,F 18-24/14,F-22,166,1:14:07,21.22%
293,Gabriel Gutierrez,"San Diego, CA",1277,1:09:59,22:32,M 35-39/14,M-38,127,1:09:59,19.32%
294,Cindy Elias,"Lakeside, CA",1146,1:10:38,22:45,F 35-39/24,F-36,167,1:10:38,21.10%
295,Megan Paul,"Ramona, CA",1203,1:10:54,22:49,F 25-29/14,F-29,168,1:15:44,20.83%
296,Kathryn Feld,"San Diego, CA",1116,1:11:25,23:00,F 55-59/17,F-57,169,1:11:25,25.05%
297,Giovanni Brooks,"Vista, CA",1141,1:11:51,23:08,M 30-34/13,M-33,128,1:11:59,18.28%
298,Josue Gomez,"Chula Vista, CA",1149,1:12:08,23:13,M 30-34/14,M-31,129,1:12:08,18.10%
299,Bella Basurto,"San Diego, CA",1133,1:12:38,23:23,F 01-12/5,F-12,170,1:12:38,22.70%
300,Teri Brooks,"Vista, CA",1142,1:12:42,23:24,F 30-34/20,F-34,171,1:12:48,20.41%
301,Debra Burke,"El Cajon, CA",1364,1:13:08,23:33,F 55-59/18,F-59,172,1:15:12,25.05%
302,Alina Garcia,"San Diego, CA",1401,1:13:56,23:48,F 25-29/15,F-25,173,1:13:56,19.98%
303,Hana Abdo,"New York, NY",1120,1:15:57,24:27,F 25-29/16,F-29,174,1:24:03,19.45%
304,Francisco Vera,"Covina, CA",1121,1:15:59,24:28,M 30-34/15,M-31,130,1:24:04,17.18%
305,Jacqueline Castro,"San Diego, CA",1011,1:18:08,25:09,F 50-54/12,F-51,175,1:39:36,21.38%
306,Chris Butcher,"National City, CA",1231,1:18:57,25:25,M 45-49/10,M-49,131,1:27:09,18.54%
307,Peggy Yamamoto,"San Diego, CA",1355,1:19:08,25:29,F 50-54/13,F-50,176,1:19:11,20.88%
308,Patricia Morris,"San Diego, CA",1239,1:19:33,25:37,F 50-54/14,F-52,177,1:19:33,21.23%
309,Jan Cronin,"San Diego, CA",1113,1:21:09,26:07,F 60-64/12,F-62,178,1:27:22,23.42%
310,Alvira Creacy,"La Mesa, CA",1409,1:21:16,26:10,F 35-39/25,F-37,179,1:21:16,18.42%
311,Joshua Stevens,"La Jolla, CA",1114,1:21:31,26:15,M 35-39/15,M-35,132,1:27:21,16.28%
312,Landen Villanueva,"Santee, CA",1267,1:22:30,26:34,F 30-34/21,F-31,180,1:29:26,17.90%
313,Rudy Mendoza,"San Diego, CA",1393,1:26:49,27:57,M 35-39/16,M-39,133,1:31:24,15.69%
314,Chris Wilke,"Del Mar, CA",1115,1:27:06,28:03,M 30-34/16,M-32,134,1:27:06,15.02%
315,Arturo Martinez,"San Diego, CA",1416,1:27:07,28:03,M 40-44/16,M-44,135,1:29:59,16.19%
316,Nancy Fahey,"El Cajon, CA",1303,1:28:28,28:29,F 60-64/13,F-62,181,1:40:31,21.48%
317,Esther Banda,"Chula Vista, CA",1004,1:31:40,29:31,F 50-54/15,F-53,182,1:31:40,18.64%
