Place,Name,Location,Bib,Net Time,Pace,Division/Place,Sex-Age,Sex-Place,Gun Time,Age Grade
1,Jordan Nava,"Oceanside, CA",1603,16:57,5:27,M 13-17/0,M-17,1,16:57,79.65%
2,Joey Hammack,"San Diego, CA",1363,17:38,5:40,M 13-17/0,M-14,2,17:38,80.51%
3,Andrew McCluskey,"Escondido, CA",1376,17:52,5:45,M 13-17/0,M-17,3,17:52,75.63%
4,Sam Porter,"San Diego, CA",1178,18:29,5:56,M 13-17/1,M-16,4,18:29,74.12%
5,Gabriel Sitapati,"San Diego, CA",1216,18:50,6:03,M 13-17/2,M-16,5,20:05,72.74%
6,Jason Karp,"San Diego, CA",1515,18:50,6:03,M 40-44/1,M-41,6,18:50,73.01%
7,Chris Ostoich,"San Diego, CA",1691,19:10,6:10,M 30-34/1,M-31,7,19:11,67.65%
8,Ernesto Cantera,"National City, CA",1418,19:18,6:12,M 18-24/1,M-22,8,22:25,66.84%
9,Tinh-Alfredo Khuong,"Chula Vista, CA",1371,19:18,6:12,M 35-39/1,M-38,9,19:19,69.69%
10,Armando Sepulveda,"San Diego, CA",1576,19:25,6:15,M 13-17/3,M-16,10,19:26,70.56%
11,Robert Diaz,"San Diego, CA",1348,19:27,6:15,M 45-49/1,M-48,11,19:28,74.64%
12,Kai Delman,"San Diego, CA",1346,19:30,6:16,M 13-17/4,M-14,12,19:32,72.74%
13,Paige Carter,"San Marcos, CA",1249,19:32,6:17,F 13-17/0,F-15,1,19:32,79.42%
14,Anthony Baldman,"San Diego, CA",1412,19:36,6:18,M 35-39/2,M-38,13,19:37,68.62%
15,Maureen Friend,"San Diego, CA",1355,19:45,6:21,F 45-49/0,F-48,2,19:45,82.87%
16,Steven McBrayer,"San Diego, CA",1220,19:47,6:22,M 35-39/3,M-36,14,19:47,67.06%
17,Daniel Ponce,"San Diego, CA",1612,19:52,6:23,M 13-17/5,M-14,15,19:52,71.39%
18,John Spindler,"Carlsbad, CA",1128,19:56,6:25,M 40-44/2,M-41,16,19:58,68.98%
19,Mimo Parkins,"National City, CA",1664,20:00,6:26,M 45-49/2,M-49,17,20:00,73.17%
20,Ana Calderon,"San Diego, CA",1337,20:06,6:28,F 25-29/0,F-27,3,20:06,73.63%
21,Charlenne Falcis-Stevens,"San Diego, CA",1350,20:13,6:30,F 40-44/1,F-41,4,20:14,76.09%
22,Paul Durfee,"Poway, CA",1423,20:14,6:31,M 25-29/1,M-28,18,20:18,63.76%
23,Stan Ideker,"San Diego, CA",1366,20:19,6:32,M 60-64/1,M-60,19,20:19,78.92%
24,Lise Cartoni,"San Diego, CA",1339,20:23,6:33,F 45-49/1,F-46,5,20:25,78.66%
25,Nick Edmounds,"El Cajon, CA",1688,20:23,6:33,M 13-17/6,M-14,20,20:24,69.58%
26,Jeff Lannen,"San Diego, CA",1140,20:29,6:35,M 40-44/3,M-42,21,20:31,67.62%
27,Gurupreet Chahal,"San Diego, CA",1116,20:42,6:39,M 25-29/2,M-27,22,23:23,62.32%
28,Andy Thacher,"San Diego, CA",1401,20:46,6:41,M 50-54/1,M-51,23,20:47,71.59%
29,Jordana Henderson,"LA JOLLA, CA",1667,20:46,6:41,F 25-29/1,F-26,6,20:47,71.27%
30,Rick Mills,"Encinitas, CA",1552,20:52,6:43,M 30-34/2,M-33,24,20:54,62.54%
31,Joseph Grimshaw,"San Diego, CA",1427,20:53,6:43,M 25-29/3,M-28,25,20:56,61.77%
32,Elia Espitia,"El Cajon, CA",1310,20:53,6:43,F 25-29/2,F-28,7,20:57,70.87%
33,Russ Osborn,"Carlsbad, CA",1580,20:56,6:44,M 55-59/1,M-55,26,20:57,73.41%
34,Steve Worland,"Del Mar, CA",1162,20:59,6:45,M 55-59/2,M-56,27,21:04,73.87%
35,Cesar Parra,", ",1685,21:01,6:45,M 18-24/2,M-21,28,21:01,61.62%
36,Benjamin Hargas,"Oceanside, CA",1591,21:18,6:51,M 18-24/3,M-23,29,21:18,60.56%
37,Alex Becker,"San Diego, CA",1457,21:18,6:51,M 13-17/7,M-15,30,22:35,65.34%
38,Rob McCluskey,"Escondido, CA",1377,21:24,6:53,M 50-54/2,M-50,31,21:26,68.93%
39,Andrew Ramirez,"Whittier, CA",1454,21:30,6:55,M 18-24/4,M-21,32,21:30,60.23%
40,Matthew Sandubrae,"San Diego, CA",1396,21:30,6:55,M 13-17/8,M-16,33,21:33,63.72%
41,Melissa Everard,"San Diego, CA",1349,21:31,6:55,F 35-39/1,F-35,8,21:37,69.48%
42,Patrick McKenna,"Bonita, CA",1456,21:40,6:58,M 40-44/4,M-42,34,21:41,63.92%
43,Anthony Cafiso,"San Diego, CA",1227,21:40,6:58,M 35-39/4,M-39,35,21:42,62.54%
44,Heather Catchpole,"San Diego, CA",1665,21:43,6:59,F 35-39/2,F-38,9,21:45,69.69%
45,Cheryl Southwick,"San Diego, CA",1141,21:53,7:02,F 50-54/1,F-52,10,21:55,78.52%
46,Peter Mendoza,"San Diego, CA",1378,21:53,7:02,M 40-44/5,M-44,36,21:54,64.28%
47,Eduardo Soto,"Escondido, CA",1604,22:29,7:14,M 35-39/5,M-35,37,22:30,58.64%
48,Zachary Derham,"San Diego, CA",1502,22:35,7:16,M 01-12/1,M-10,38,27:01,69.89%
49,Michael Dungan,"Santa Barbara, CA",1154,22:36,7:16,M 60-64/2,M-62,39,22:37,72.20%
50,Adam Ally,"San Marcos, CA",1581,22:39,7:17,M 18-24/5,M-23,40,22:40,56.95%
51,Matt Jubenville,"San Diego, CA",1144,22:43,7:18,M 35-39/6,M-37,41,22:48,58.77%
52,Christine Desrochers,"Ramona, CA",1012,22:44,7:19,F 45-49/2,F-47,11,22:46,71.26%
53,Nicole Samuel,"La Jolla, CA",1307,22:47,7:20,F 25-29/3,F-26,12,22:48,64.96%
54,Alana Acuna,"Encinitas, CA",1615,22:47,7:20,F 13-17/1,F-15,13,22:50,68.03%
55,Luke Thomas,"San Diego, CA",1247,22:57,7:23,M 30-34/3,M-31,42,23:04,56.50%
56,John Brenner,"Winchester, CA",1171,23:03,7:25,M 50-54/3,M-50,43,23:07,63.99%
57,Julio Cesar Medina,"Escondido, CA",1142,23:08,7:26,M 30-34/4,M-33,44,25:27,56.41%
58,Jeff Gladstone,"San Diego, CA",1246,23:09,7:27,M 30-34/5,M-31,45,23:17,56.01%
59,Daniel Lopez,"Chula Vista, CA",1237,23:19,7:30,M 35-39/7,M-38,46,23:19,57.68%
60,Michael Ricacho,"El Cajon, CA",1539,23:23,7:31,M 30-34/6,M-31,47,23:28,55.45%
61,Kimie McBrayer,"San Diego, CA",1219,23:24,7:32,F 35-39/3,F-39,14,23:26,64.96%
62,John Wagner,"Madison, WI",1661,23:27,7:32,M 50-54/4,M-53,48,23:29,64.46%
63,Mikal McClung,"San Diego, CA",1571,23:28,7:33,M 55-59/3,M-56,49,23:30,66.05%
64,Daniel Crane,"San Diego, CA",1500,23:28,7:33,M 01-12/2,M-9,50,27:53,69.67%
65,Arturo Nathaniel Herrera,"Chula Vista, CA",1602,23:34,7:35,M 13-17/9,M-17,51,23:34,57.28%
66,Thomas Karins,"Bonita, CA",1370,23:37,7:36,M 45-49/3,M-45,52,24:58,60.06%
67,Cathy Olszewski,"Temecula, CA",1387,23:44,7:38,F 50-54/2,F-53,15,23:51,73.38%
68,Robert I Johnson,"San Diego, CA",1245,23:47,7:39,M 40-44/6,M-40,53,23:51,57.39%
69,Ken Mitchell,"San Diego, CA",1379,23:49,7:40,M 60-64/3,M-62,54,23:50,68.51%
70,Bernhard Nelson,"San Diego, CA",1386,23:51,7:40,M 55-59/4,M-58,55,23:57,66.11%
71,Rick Ayala,"El Cajon, CA",1248,23:52,7:41,M 45-49/4,M-45,56,23:57,59.43%
72,Sarah Harty,"San Diego, CA",1232,23:57,7:42,F 25-29/4,F-28,16,23:57,61.80%
73,Brooke Benlifer,"Carlsbad, CA",1332,23:57,7:42,F 35-39/4,F-35,17,23:58,62.42%
74,Dave Deboskey,", ",1690,24:07,7:45,M 45-49/5,M-49,57,24:11,60.68%
75,Katherine Morrill,"San Diego, CA",1381,24:08,7:46,F 35-39/5,F-36,18,24:10,62.15%
76,Jerry Delair,"San Diego, CA",1345,24:13,7:47,M 35-39/8,M-39,58,24:13,55.95%
77,John Beckman,"Wichita, KS",1658,24:13,7:47,M 45-49/6,M-48,59,24:16,59.94%
78,Nicholas Derham,"San Diego, CA",1501,24:14,7:48,M 01-12/3,M-8,60,28:39,70.22%
79,Stephanie Kozak,"Bonsall, CA",1508,24:29,7:52,F 45-49/3,F-45,19,24:35,64.87%
80,Jonathan Penuliar,"San Diego, CA",1449,24:33,7:54,M 25-29/4,M-27,61,24:35,52.55%
81,David Kobrinetz,"La Jolla, CA",1626,24:34,7:54,M 50-54/5,M-51,62,24:34,60.52%
82,Ben Raccn,"Hamden, CT",1654,24:34,7:54,M 25-29/5,M-27,63,24:38,52.51%
83,Becky Yzaguirre,"San Diego, CA",1192,24:41,7:56,F 45-49/4,F-49,20,24:44,67.12%
84,Mark Cawley,"San Diego, CA",1340,24:43,7:57,M 50-54/6,M-50,64,24:43,59.68%
85,Steve Wisner,"San Diego, CA",1459,24:48,7:59,M 55-59/5,M-57,65,24:53,63.04%
86,Elaine Lu,"Encinitas, CA",1295,24:56,8:01,F 40-44/2,F-41,21,25:02,61.70%
87,Brett Adler,"San Diego, CA",1104,24:58,8:02,M 30-34/7,M-31,66,24:59,51.94%
88,Gabriel Rios,"San Diego, CA",1156,24:59,8:02,M 18-24/6,M-23,67,25:00,51.63%
89,Richard Muscio,"San Diego, CA",1383,25:06,8:04,M 55-59/6,M-56,68,25:09,61.75%
90,Tim Perkins,"Bettendorf, IA",1657,25:07,8:05,M 40-44/7,M-42,69,25:16,55.14%
91,Tyler Hennessey,"Playa Del Rey, CA",1158,25:11,8:06,M 35-39/9,M-35,70,25:26,52.35%
92,Trudy Hawkins,"San Diego, CA",1002,25:12,8:06,F 55-59/1,F-57,22,25:12,72.82%
93,Katie Knott,"San Diego, CA",1121,25:13,8:07,F 25-29/5,F-28,23,27:22,58.69%
94,Shirley Lau,"San Diego, CA",1103,25:16,8:08,F 45-49/5,F-46,24,27:31,63.46%
95,Peggy Yamamoto,"San Diego, CA",1406,25:24,8:10,F 45-49/6,F-49,25,25:28,65.22%
96,Tracy Lynn,"San Diego, CA",1600,25:25,8:11,F 25-29/6,F-29,26,29:55,58.23%
97,Julie Puentes,"Carlsbad, CA",1252,25:28,8:11,F 50-54/3,F-53,27,25:29,68.39%
98,Jacqueline Celi,"San Diego, CA",1342,25:28,8:12,F 45-49/7,F-49,28,25:34,65.05%
99,Justin McMorris,"Fontana, CA",1610,25:31,8:13,M 25-29/6,M-29,71,25:38,50.62%
100,Judy Gallardo,"Chula Vista, CA",1164,25:34,8:13,F 35-39/6,F-39,29,25:34,59.45%
