Place,Name,Location,Bib,Net Time,Pace,Division/Place,Sex-Age,Sex-Place,Gun Time,Age Grade
1,Daniel Farmer,"Escondido, CA",1670,15:56,5:08,M 25-29/0,M-27,1,15:56,81.05%
2,David Groth,"Vista, CA",1497,16:57,5:28,M 18-24/0,M-18,2,16:57,78.74%
3,Dmitri Journist,"Escondido, CA",1586,17:37,5:40,M 25-29/0,M-25,3,17:37,73.36%
4,Jordan Nava,"Oceanside, CA",1334,17:38,5:41,M 13-17/1,M-16,4,17:38,77.77%
5,Noah Potts,"La Mesa, CA",1425,17:53,5:46,M 13-17/2,M-16,5,17:53,76.68%
6,Kyle Felton,"Oceanside, CA",1257,18:34,5:59,M 25-29/1,M-25,6,18:35,69.54%
7,Jordan Ramsey,"San Diego, CA",1156,18:40,6:01,M 18-24/1,M-24,7,18:40,69.17%
8,Adrian Delgado,"San Marcos, CA",1191,18:48,6:03,M 30-34/1,M-30,8,18:48,68.86%
9,Anthony Baldman,"San Diego, CA",1656,19:02,6:08,M 35-39/1,M-37,9,19:03,70.20%
10,Sam Porter,"San Diego, CA",1295,19:12,6:11,M 13-17/3,M-15,10,19:13,72.55%
11,Anthony La Scala,"San Diego, CA",1365,19:46,6:22,M 13-17/4,M-15,11,19:47,70.46%
12,Evan Day,"San Diego, CA",1659,19:48,6:23,M 50-54/1,M-53,12,19:48,76.41%
13,Mimo Parkins,"National City, CA",1384,19:50,6:23,M 45-49/1,M-48,13,19:51,73.25%
14,Michael Deras,"San Diego, CA",1248,19:52,6:24,M 45-49/2,M-45,14,19:53,71.45%
15,Joseph Grimshaw,"San Diego, CA",1135,20:27,6:35,M 25-29/2,M-27,15,20:29,63.13%
16,Bradley Pickard,"San Diego, CA",1465,20:28,6:35,M 13-17/5,M-13,16,20:29,70.90%
17,Kevin Vanwanseele,"Lakeside, CA",1535,20:38,6:39,M 30-34/2,M-33,17,20:38,63.30%
18,Tessa Martin,"Del Mar, CA",1606,20:41,6:40,F 13-17/0,F-17,1,20:41,73.15%
19,Henri Brown,"San Diego, CA",1664,20:44,6:41,M 25-29/3,M-28,18,20:45,62.27%
20,Alex Blood,"San Diego, CA",1490,21:08,6:48,M 13-17/6,M-16,19,21:14,64.88%
21,Joshua Cuevas,"Imperial Beach, CA",1181,21:37,6:58,M 25-29/4,M-26,20,21:41,59.72%
22,Claire Johns,"San Diego, CA",1660,21:37,6:58,F 18-24/0,F-23,2,21:37,68.57%
23,Matthew Sandubrae,"San Diego, CA",1392,21:38,6:58,M 13-17/7,M-15,21,21:38,64.38%
24,Anthony Cafiso,"San Diego, CA",1279,21:50,7:02,M 35-39/2,M-38,22,21:54,61.65%
25,Jaysen Marquez,"Chula Vista, CA",1485,21:54,7:03,M 01-12/1,M-11,23,21:55,69.92%
26,Melissa Evearrd,"Las Vegas, NV",1352,21:57,7:04,F 30-34/0,F-34,3,21:57,68.30%
27,Heather Catchpole,", ",1601,21:57,7:04,F 35-39/1,F-37,4,21:58,68.62%
28,Eddie Soto,"Escondido, CA",1675,22:07,7:07,M 30-34/3,M-34,24,22:28,59.35%
29,Stan Ideker,"San Diego, CA",1362,22:08,7:08,M 60-64/1,M-60,25,22:12,72.49%
30,Russ Osborn,"Carlsbad, CA",1509,22:19,7:11,M 50-54/2,M-54,26,22:21,68.31%
31,Michael Ricacho,"El Cajon, CA",1428,22:26,7:14,M 30-34/4,M-30,27,22:29,57.70%
32,Thomas Cano,"El Cajon, CA",1439,22:31,7:15,M 01-12/2,M-12,28,22:36,66.07%
33,Terence Cooke,"San Diego, CA",1114,22:36,7:17,M 35-39/3,M-35,29,22:40,58.38%
34,Stacy Tabuena,"Oceanside, CA",1171,22:41,7:19,F 25-29/1,F-27,5,22:41,65.29%
35,Gurupreet Chahal,"San Diego, CA",1112,22:43,7:19,M 25-29/5,M-26,30,27:42,56.83%
36,Kai Delman,"San Diego, CA",1478,22:49,7:21,M 13-17/8,M-13,31,22:49,63.60%
37,Prudencio Sanchez,"San Marcos, CA",1533,22:57,7:23,M 25-29/6,M-26,32,22:58,56.25%
38,Jim Silva,"Poway, CA",1537,23:00,7:24,M 50-54/3,M-51,33,23:02,64.68%
39,Chris Desrochers,"San Diego, CA",25,23:00,7:25,F 45-49/1,F-46,6,23:01,69.76%
40,Stephan Dupourque,"Coronado, CA",1351,23:03,7:25,M 45-49/3,M-48,34,23:11,63.02%
41,Chris Gage,"San Diego, CA",1569,23:12,7:28,M 25-29/7,M-26,35,26:53,55.64%
42,Gregory Sweet,"San Diego, CA",1663,23:12,7:28,M 25-29/8,M-26,36,23:12,55.64%
43,Taki Taki,"San Diego, CA",1576,23:18,7:30,M 55-59/1,M-58,37,23:19,67.72%
44,Rachel Gerrard,"Oceanside, CA",1258,23:21,7:31,F 18-24/1,F-24,7,23:24,63.43%
45,Kyle Fraser,"San Diego, CA",1427,23:25,7:33,M 01-12/3,M-11,38,23:26,65.38%
46,Abraham Cabrera,"San Diego, CA",1584,23:27,7:33,M 13-17/9,M-16,39,23:29,58.46%
47,Stephen Hill,"Chula Vista, CA",1328,23:33,7:35,M 25-29/9,M-28,40,24:15,54.82%
48,Michael Alexander,"La Mesa, CA",1301,23:41,7:38,M 30-34/5,M-31,41,23:42,54.79%
49,Jordan Beach,"San Diego, CA",1550,23:57,7:43,F 01-12/1,F-10,8,23:58,71.31%
50,Carlos Ochoa,"Chula Vista, CA",1264,24:00,7:44,M 30-34/6,M-30,42,24:06,53.93%
51,Mayra Alvarez,"San Diego, CA",1337,24:05,7:46,F 30-34/1,F-30,9,24:05,61.50%
52,Jill Mitchell,"San Diego, CA",1571,24:05,7:46,F 35-39/2,F-38,10,25:39,62.88%
53,Shawn Green,"Carlsbad, CA",1360,24:10,7:47,M 35-39/4,M-37,43,24:10,55.28%
54,Patti Betts,"San Diego, CA",1106,24:16,7:49,F 25-29/2,F-25,11,29:15,61.03%
55,Erwin Boer,"La Jolla, CA",1511,24:17,7:49,M 45-49/4,M-48,44,24:21,59.82%
56,Esteban Montes,"San Diego, CA",1309,24:18,7:50,M 35-39/5,M-37,45,24:20,54.98%
57,Joseph Yeats,"El Cajon, CA",1508,24:19,7:50,M 25-29/10,M-27,46,24:21,53.09%
58,Colin Tedeschi,"San Diego, CA",1653,24:21,7:50,M 25-29/11,M-25,47,24:27,53.01%
59,Gavin Brooks,"San Diego, CA",1340,24:21,7:51,M 25-29/12,M-26,48,24:23,53.01%
60,Tim Paxson,"San Diego, CA",1151,24:21,7:51,M 40-44/1,M-42,49,29:21,56.92%
61,Christine Poletto,"San Diego, CA",1440,24:25,7:52,F 18-24/2,F-23,12,24:27,60.66%
62,Mikal McClung,"San Diego, CA",1570,24:27,7:52,M 55-59/2,M-55,50,24:30,62.89%
63,Tiana Strachan,"Fallbrook, CA",1575,24:27,7:52,F 13-17/1,F-13,13,24:31,65.35%
64,Eliane Hill,"Solana Beach, CA",1657,24:30,7:54,F 55-59/1,F-56,14,24:34,73.93%
65,Jack Barry,"San Diego, CA",1462,24:30,7:54,M 30-34/7,M-34,51,24:35,53.57%
66,Paola Gonzalez,"San Diego, CA",1445,24:33,7:54,F 18-24/3,F-23,15,24:37,60.33%
67,Pedro Garcia,"San Diego, CA",1448,24:33,7:55,M 35-39/6,M-38,52,24:35,54.82%
68,Omar Faraj,"San Marcos, CA",1194,24:34,7:55,M 30-34/8,M-30,53,24:38,52.68%
69,Vivek Nadimpalli,"San Diego, CA",1589,24:35,7:55,M 13-17/10,M-13,54,24:36,59.02%
70,Steve Yamamoto,"San Diego, CA",1417,24:36,7:55,M 50-54/4,M-52,55,24:42,60.95%
71,Arlene Peck,"Escondido, CA",1300,24:37,7:56,F 30-34/2,F-32,16,24:43,60.30%
72,Edward Bajet,"San Diego, CA",1593,24:37,7:56,M 45-49/5,M-45,56,25:01,57.66%
73,Katie Knott,"San Diego, CA",1141,24:40,7:57,F 25-29/3,F-27,17,24:40,60.04%
74,David Kobrinetz,"La Jolla, CA",1582,24:40,7:57,M 50-54/5,M-50,57,24:42,59.84%
75,Jacqueline Celi,"San Diego, CA",1343,24:40,7:57,F 45-49/2,F-48,18,24:41,66.40%
76,Celeste Pilkington,"San Diego, CA",1153,24:43,7:58,F 35-39/3,F-39,19,24:44,61.54%
77,Annie Fraser,"San Diego, CA",1426,24:45,7:58,F 50-54/1,F-50,20,24:46,67.79%
78,John Sudduth,"Colorado Springs, CO",1401,24:51,8:00,M 60-64/2,M-63,58,24:51,66.31%
79,Kimberly Hyde,"Coronado, CA",1280,24:51,8:00,F 25-29/4,F-29,21,28:25,59.60%
80,Aaron Dockter,"San Diego, CA",1249,24:52,8:00,M 13-17/11,M-13,59,24:53,58.35%
81,Justin D'Avanzo,"Carlsbad, CA",1494,24:52,8:01,M 18-24/2,M-20,60,24:54,52.45%
82,Douglas Kenyon,"San Diego, CA",1499,24:53,8:01,M 70-74/1,M-71,61,24:58,71.78%
83,Katherine Morrill,"San Diego, CA",1500,25:08,8:06,F 35-39/4,F-35,22,25:10,59.52%
84,Harrison Pierce,"San Diego, CA",1467,25:10,8:06,M 01-12/4,M-10,62,25:11,62.76%
85,Amber Lung,"San Diego, CA",1321,25:13,8:07,F 30-34/3,F-31,23,25:18,58.80%
86,Ryan Beach,"San Diego, CA",1549,25:13,8:07,M 01-12/5,M-7,63,25:14,70.63%
87,Chris Roberts,"Corona, CA",1297,25:14,8:08,M 30-34/9,M-30,64,28:56,51.29%
88,Jeremiah Lowe,"San Diego, CA",1587,25:16,8:08,M 30-34/10,M-33,65,25:21,51.68%
89,Isabella Rosenstien,"Poway, CA",1651,25:20,8:10,F 01-12/2,F-11,24,25:22,65.70%
90,Bill Manders,"Chula Vista, CA",1374,25:26,8:11,M 60-64/3,M-60,66,25:32,63.08%
91,Brad Cano,"El Cajon, CA",1437,25:32,8:13,M 55-59/3,M-56,67,25:36,60.74%
92,Beth Burns,"San Diego, CA",1342,25:34,8:14,F 55-59/2,F-56,25,25:45,70.84%
93,Michael Craig,"Lake Forest, CA",1331,25:35,8:14,M 25-29/13,M-29,68,25:36,50.52%
94,Steven Blanden,"San Diego, CA",1510,25:35,8:14,M 40-44/2,M-44,69,25:40,55.02%
95,Jacob Tellert,"San Diego, CA",1405,25:37,8:15,M 30-34/11,M-34,70,25:45,51.24%
96,Rosina Campos,"San Diego, CA",1246,25:38,8:15,F 35-39/5,F-38,26,25:39,59.08%
97,Jesnel Pierrot,"San Diego, CA",1442,25:43,8:17,M 35-39/7,M-39,71,27:51,52.72%
98,Jamie Ledezma,"San Diego, CA",39,25:47,8:18,F 30-34/4,F-33,27,25:51,57.70%
99,Dax Avelino Tuazon,"San Diego, CA",1658,25:50,8:19,M 40-44/3,M-40,72,25:58,52.87%
100,Kathryn Clark,"San Diego, AP",1344,25:51,8:19,F 18-24/4,F-22,28,25:53,57.29%
101,Patrick Williams,"San Diego, CA",1453,25:55,8:21,M 01-12/6,M-1,73,25:57, 0.00%
102,Becky Yzaguirre,"San Diego, CA",1240,25:56,8:21,F 45-49/3,F-48,29,26:00,63.15%
103,Trudy Hawkins,"San Diego, CA",14,25:56,8:21,F 55-59/3,F-56,30,25:57,69.84%
104,Kelley Hawkins,"San Marcos, CA",1430,25:57,8:21,F 25-29/5,F-25,31,25:57,57.07%
105,Jake Elliott,"San Diego, CA",1421,25:57,8:21,M 01-12/7,M-11,74,26:00,59.00%
106,Louie Barragan,"Los Angeles, CA",1476,25:57,8:22,M 18-24/3,M-23,75,25:59,49.74%
107,Michael Command,"San Diego, CA",1113,26:00,8:22,M 40-44/4,M-41,76,26:00,52.92%
108,Emmanuel Santacruz,"San Marcos, CA",1198,26:00,8:23,M 25-29/14,M-27,77,26:05,49.65%
109,Peggy Yamamoto,"San Diego, CA",1416,26:01,8:23,F 45-49/4,F-48,32,26:07,62.95%
110,Dave Mussatti,"Valley Center, CA",1210,26:01,8:23,M 45-49/6,M-48,78,26:08,55.83%
111,Jennifer Syler,"El Cajon, CA",1403,26:04,8:24,F 25-29/6,F-28,33,26:38,56.81%
112,Kim Schaeffer,"San Diego, CA",1332,26:05,8:24,M 50-54/6,M-54,79,26:07,58.44%
113,Karl Matlage,"Oceanside, CA",1183,26:08,8:25,M 35-39/8,M-38,80,30:31,51.50%
114,Paul Bernal,"San Diego, CA",1452,26:10,8:26,M 01-12/8,M-12,81,36:05,56.85%
115,Elizabeth Byrnes,"Carlsbad, CA",1566,26:12,8:26,F 60-64/1,F-60,34,26:14,73.07%
116,Monica Gabourel,"San Diego, CA",1356,26:16,8:28,F 35-39/6,F-37,35,27:22,57.33%
117,Kiyomi Powers,"Chula Vista, CA",1273,26:20,8:29,F 40-44/1,F-42,36,26:26,58.90%
118,Paula Robles,"Escondido, CA",1157,26:22,8:30,F 30-34/5,F-32,37,26:58,56.29%
119,Mark Priver,"Oceanside, CA",1531,26:24,8:30,M 40-44/5,M-40,82,26:29,51.74%
120,Kory Helms,"San Diego, CA",1274,26:30,8:32,M 25-29/15,M-27,83,26:37,48.71%
121,Veronica Munoz,"San Diego, CA",1382,26:34,8:34,F 35-39/7,F-36,38,26:35,56.50%
122,James Garrison,"El Cajon, CA",1357,26:35,8:34,M 40-44/6,M-40,84,26:38,51.38%
123,Kariya Lau,"San Diego, CA",1483,26:36,8:34,F 01-12/3,F-11,39,26:40,62.57%
124,Melinda Estrada,"San Diego, CA",1256,26:37,8:34,F 30-34/6,F-30,40,26:41,55.64%
125,Michelle Chapman,"Vista, CA",1668,26:39,8:35,F 45-49/5,F-49,41,26:40,62.20%
126,Russell Schechter,"San Diego, CA",1502,26:39,8:35,M 50-54/7,M-50,85,26:42,55.38%
127,Timothy Hampton,"San Diego, CA",1314,26:44,8:37,M 60-64/4,M-64,86,26:50,62.20%
128,Sarah Lowe,"San Diego, CA",1588,26:45,8:37,F 30-34/7,F-31,42,26:51,55.42%
129,Miguel Garcia,"San Diego, CA",1307,26:47,8:38,M 30-34/12,M-33,87,29:44,48.75%
130,Trevor Beach,"San Diego, CA",1551,26:47,8:38,M 40-44/7,M-44,88,26:47,52.52%
131,Cristiana Golu,"El Cajon, CA",22,26:49,8:38,F 45-49/6,F-48,43,26:49,61.07%
132,Tonya Jamois,"San Marcos, CA",18,26:49,8:38,F 40-44/2,F-44,44,26:53,58.71%
133,Sara Hare,"San Diego, CA",1242,26:49,8:38,F 30-34/8,F-34,45,26:56,55.60%
134,Constanze Taylor,"Encinintas, CA",1450,26:50,8:39,F 40-44/3,F-43,46,26:54,58.23%
135,Shirley Lau,"San Diego, CA",1367,26:53,8:39,F 45-49/7,F-45,47,26:57,59.12%
136,Teresa Moore,"San Diego, CA",1604,26:57,8:41,F 25-29/7,F-26,48,26:59,54.95%
137,Kelby Brooks,"Vista, CA",1514,26:57,8:41,F 18-24/5,F-22,49,27:00,54.95%
138,Gary Tedeschi,"San Diego, CA",1404,27:01,8:42,M 50-54/8,M-53,89,27:07,55.99%
139,April Major,"San Diego, CA",1272,27:01,8:42,F 40-44/4,F-42,50,27:07,57.41%
140,Sheli Seaman,"San Diego, CA",1163,27:05,8:43,F 35-39/8,F-37,51,27:10,55.60%
141,Lisa Dibbell,"San Diego, CA",1349,27:06,8:44,F 30-34/9,F-34,52,27:10,55.02%
142,Robert Brown,"Chula Vista, CA",1515,27:06,8:44,M 35-39/9,M-39,90,27:11,50.03%
143,Frances Rivera,"Chula Vista, CA",1532,27:06,8:44,F 30-34/10,F-34,53,27:10,55.02%
144,Paul Rosenstein,"Poway, CA",1652,27:08,8:44,M 40-44/8,M-43,91,27:11,51.51%
145,Lauren Ramirez,"San Diego, CA",1557,27:08,8:44,F 25-29/8,F-27,54,27:10,54.58%
146,Dave Vinluan,"San Diego, CA",1268,27:09,8:45,M 25-29/16,M-25,92,28:46,47.54%
147,Danee Cook,"Oceanside, CA",1347,27:09,8:45,F 35-39/9,F-35,55,27:11,55.10%
148,Charles Cousin,"San Diego, CA",1455,27:11,8:45,M 35-39/10,M-38,93,27:12,49.51%
149,Tristan Cousin,"San Diego, CA",1457,27:11,8:45,M 01-12/9,M-10,94,27:12,58.10%
150,Ina Deras,"San Diego, CA",19,27:11,8:45,F 45-49/8,F-46,56,27:13,59.02%
151,Jerri Brown,"San Diego, CA",24,27:13,8:46,F 55-59/4,F-58,57,27:15,68.38%
152,Deb Bloch,"Escondido, CA",1338,27:14,8:46,F 55-59/5,F-56,58,27:15,66.50%
153,Josue Gomez,"Chula Vista, CA",1132,27:16,8:47,M 25-29/17,M-29,95,27:33,47.40%
154,Millie Van Horn,"Santee, CA",1102,27:16,8:47,F 13-17/2,F-14,59,27:17,57.68%
155,Aimee Wilcox,"El Cajon, CA",1547,27:17,8:47,F 40-44/5,F-40,60,27:25,56.11%
156,Scott Newhan,"Escondido, CA",1383,27:29,8:51,M 40-44/9,M-43,96,27:29,50.85%
157,Kayla Kulhanek,"Spring Valley, CA",1585,27:31,8:52,F 18-24/6,F-18,61,27:38,54.42%
158,Kenneth Archer,"Jamul, CA",1303,27:31,8:52,M 18-24/4,M-20,97,27:38,47.39%
159,Tina Fodrie,"Del Mar, CA",1250,27:33,8:52,F 40-44/6,F-41,62,27:35,55.87%
160,Larry Perry,"San Diego, CA",1602,27:44,8:56,M 70-74/2,M-70,98,27:52,63.62%
161,Laura Garcia,"San Diego, CA",1447,27:45,8:56,F 35-39/10,F-37,63,27:47,54.27%
162,Marilyn Wilhelm,"Imperial Beach, CA",1412,27:47,8:57,F 25-29/9,F-26,64,27:50,53.30%
163,Hershey Velasco,"San Diego, CA",1254,27:55,8:59,F 35-39/11,F-35,65,28:15,53.58%
164,Lauren Feehrer,"Temecula, CA",1353,28:00,9:01,F 35-39/12,F-35,66,28:01,53.42%
165,Linda Walsh,"Poway, CA",1441,28:06,9:03,F 45-49/9,F-45,67,28:08,56.56%
166,Sally Ganley,"San Diego, CA",1320,28:07,9:03,F 40-44/7,F-40,68,28:09,54.45%
167,Jennifer Martinez,"Spring Valley, CA",1376,28:09,9:04,F 30-34/11,F-31,69,28:12,52.67%
168,Jennifer Manion,"San Diego, CA",1484,28:10,9:04,F 40-44/8,F-41,70,28:20,54.65%
169,Paul Stallbaum,"Imperial Beach, CA",1399,28:12,9:05,M 25-29/18,M-27,99,28:15,45.77%
170,Joel Gomez,"Chula Vista, CA",1131,28:12,9:05,M 25-29/19,M-27,100,28:30,45.77%
171,Martha Castiglia,"San Diego, CA",1209,28:13,9:05,F 45-49/10,F-48,71,28:13,58.04%
172,Sonia Tucker,"California, CA",1224,28:14,9:06,F 35-39/13,F-36,72,28:19,53.16%
173,Rena Carlson,"Coronado, CA",1662,28:14,9:06,F 50-54/2,F-50,73,28:19,59.42%
174,Jessi Ross,"Encinitas, CA",1158,28:15,9:06,F 30-34/12,F-32,74,28:21,52.54%
175,Anthony Armijo,"San Diego, CA",1475,28:21,9:08,M 25-29/20,M-26,101,28:27,45.53%
176,Bee Lew,"San Marcos, CA",1143,28:23,9:08,F 35-39/14,F-38,75,28:36,53.35%
177,Michael Murray,"San Diego, CA",1572,28:25,9:09,M 35-39/11,M-39,102,28:32,47.71%
178,Steve Wehn,"San Diego, CA",1178,28:32,9:11,M 50-54/9,M-52,103,33:37,52.54%
179,Lynn Scozzari,"Vista, CA",38,28:36,9:13,F 50-54/3,F-53,76,28:38,60.93%
180,Marianne McLean,"Lakeside, CA",27,28:37,9:13,F 50-54/4,F-53,77,28:38,60.90%
181,Jennifer McLean,"Lakeside, CA",1380,28:37,9:13,F 25-29/10,F-28,78,28:38,51.75%
182,Kim Gaddy,"San Diego, CA",1591,28:45,9:16,F 45-49/11,F-48,79,28:53,56.96%
183,Katherine Pekny,"San Diego, CA",1252,28:48,9:17,F 55-59/6,F-55,80,28:53,62.07%
184,Walter Bateman,"San Diego, CA",1666,28:50,9:17,M 60-64/5,M-64,104,28:55,57.66%
185,Emily Schmid,"San Diego, CA",30,28:51,9:17,F 35-39/15,F-37,81,29:05,52.20%
186,Franke Lauria,"San Diego, CA",1368,29:01,9:21,M 45-49/7,M-45,105,29:01,48.91%
187,John Chu,"San Diego, CA",1306,29:06,9:22,M 25-29/21,M-27,106,29:08,44.36%
188,Irene Ortega,"San Diego, CA",1276,29:20,9:27,F 25-29/11,F-26,82,29:22,50.48%
189,Ashley Hause,"San Diego, CA",1361,29:20,9:27,F 25-29/12,F-28,83,29:23,50.48%
190,Dayna Davis,"El Cajon, CA",40,29:20,9:27,F 40-44/9,F-41,84,29:28,52.47%
191,Mayra Velazquez De Leon,"Chula Vista, CA",1579,29:20,9:27,F 50-54/5,F-51,85,29:20,57.87%
192,Rachel Barry,"San Diego, CA",1463,29:21,9:27,F 35-39/16,F-38,86,29:27,51.59%
193,Cindy Pencek,"San Diego, CA",1215,29:22,9:27,F 35-39/17,F-38,87,29:27,51.56%
194,Danielle Scott,"San Diego, CA",1211,29:22,9:28,F 18-24/7,F-22,88,29:29,50.43%
195,Judy Gallardo,"Chula Vista, CA",1213,29:23,9:28,F 35-39/18,F-38,89,29:31,51.53%
196,James Gomez,"El Cajon, CA",1130,29:28,9:29,M 25-29/22,M-28,107,29:30,43.80%
197,Donna Powell,"92108, CA",1386,29:29,9:30,F 35-39/19,F-36,90,29:35,50.90%
198,Leticia Vallejo,"San Diego, CA",1247,29:31,9:30,F 40-44/10,F-40,91,29:34,51.86%
199,Mari Ricanor,"Chula Vista, CA",1443,29:41,9:34,F 40-44/11,F-44,92,29:51,53.03%
200,Monique Williams,"Chula Vista, CA",1413,29:42,9:34,F 25-29/13,F-27,93,29:47,49.86%
201,Marlene Cabrera,"San Diego, CA",1109,29:44,9:35,F 30-34/13,F-33,94,29:47,50.03%
202,Hayden Moore,"Spring Valley, CA",1148,29:51,9:37,M 13-17/12,M-13,108,29:53,48.60%
203,Avegail Alvarez,"San Diego, CA",1259,29:53,9:38,F 35-39/20,F-38,95,30:07,50.67%
204,Darice Nguyen,"San Diego, CA",1530,29:57,9:39,F 40-44/12,F-42,96,29:57,51.78%
205,Carla Livolsi,"Spring Valley, CA",1291,29:57,9:39,F 40-44/13,F-41,97,30:03,51.39%
206,Julie Garrison,"El Cajon, CA",1358,29:59,9:39,F 35-39/21,F-36,98,30:02,50.06%
207,Isabelle Jamois,"San Marcos, CA",1446,30:03,9:41,F 01-12/4,F-12,99,30:07,54.22%
208,Patty Jennings,"Poway, CA",20,30:08,9:42,F 60-64/2,F-64,100,30:12,67.29%
209,Stephanie Shevlin,"San Diego, CA",1164,30:14,9:44,F 30-34/14,F-30,101,30:17,48.98%
210,Karez Espinoza,"San Diego, CA",1661,30:16,9:45,F 18-24/8,F-22,102,30:17,48.93%
211,Harry Shrum,"La Mesa, CA",1395,30:20,9:46,M 50-54/10,M-53,109,30:22,49.86%
212,Eric Kovner,"San Diego, CA",1364,30:20,9:46,M 18-24/5,M-24,110,32:34,42.55%
213,Nick Hubachek,"San Diego, CA",1676,30:23,9:47,M 13-17/13,M-14,111,30:29,46.71%
214,Evelyn Reyroso,"Escondido, CA",1672,30:24,9:47,F 13-17/3,F-17,103,31:09,49.75%
215,Alyson Flynn,"San Diego, CA",1354,30:25,9:48,F 25-29/14,F-26,104,30:28,48.68%
216,Zach Flynn,"San Diego, CA",1355,30:26,9:48,M 25-29/23,M-28,112,30:28,42.41%
217,Shayna Kobrinetz,"La Jolla, CA",1581,30:26,9:48,F 13-17/4,F-13,105,30:29,52.49%
218,John Stillwagen,"San Diego, CA",1400,30:28,9:49,M 30-34/13,M-34,113,30:31,43.08%
219,Desiree Peters,"San Diego, CA",1385,30:28,9:49,M 18-24/6,M-23,114,32:41,42.36%
220,Jeanne Elia,"San Diego, CA",26,30:29,9:49,F 45-49/12,F-48,106,30:34,53.72%
221,Jack McGraw,"San Diego, CA",1529,30:30,9:49,M 13-17/14,M-15,115,30:36,45.65%
222,Jessica Li,"San Diego, CA",1423,30:30,9:49,M 01-12/10,M-9,116,30:30,53.64%
223,Xiaowen Xi,"San Diego, CA",1179,30:30,9:49,F 40-44/14,F-41,107,30:30,50.46%
224,Tim Blood,"San Diego, CA",1492,30:32,9:50,M 45-49/8,M-48,117,32:15,47.57%
225,Emma McGraw,"San Diego, CA",1449,30:33,9:50,F 01-12/5,F-12,108,32:15,53.33%
226,Hannah Blood,"San Diego, CA",1491,30:34,9:51,F 13-17/5,F-13,109,32:16,52.26%
227,Bianca Silva,"Chula Vista, CA",1574,30:37,9:52,F 25-29/15,F-26,110,34:51,48.37%
228,Ceilia Rodriguez,"Oceanside, CA",1390,30:38,9:52,F 30-34/15,F-34,111,46:14,48.67%
229,Anthony Rodriguez,"Oceanside, CA",1389,30:39,9:52,M 35-39/12,M-39,118,46:14,44.23%
230,Victor Gallardo,"Chula Vista, CA",1214,30:48,9:55,M 35-39/13,M-39,119,30:55,44.02%
231,David Priver,"San Diego, CA",1223,30:49,9:55,M 70-74/3,M-70,120,30:54,57.25%
232,Paulet Bernal,"San Diego, CA",1263,30:53,9:57,F 13-17/6,F-15,112,40:47,50.22%
233,Jimmy Vasquez,"San Diego, CA",1174,30:54,9:57,M 30-34/14,M-30,121,30:56,41.88%
234,Jennifer Smith,"El Cajon, CA",1218,30:56,9:58,F 35-39/22,F-36,113,30:58,48.52%
235,Pinky Dasco,"San Diego, CA",1116,30:59,9:59,F 25-29/16,F-29,114,35:55,47.79%
236,Christopher Lott,"El Cajon, CA",1524,31:01,9:59,M 40-44/10,M-43,122,31:07,45.05%
237,Manuel Hernandez,"Lakeside, CA",1322,31:02,10:00,M 40-44/11,M-43,123,31:05,45.03%
238,Sam Kwong,"San Diego, CA",1481,31:02,10:00,M 35-39/14,M-36,124,31:07,42.77%
239,Dakota Hernandez,"Lakeside, CA",1469,31:02,10:00,M 01-12/11,M-12,125,31:05,47.93%
240,Vivienne Parra,"Oceanside, CA",29,31:05,10:01,F 40-44/15,F-40,115,31:06,49.25%
241,Matthew Goodrich,"El Cajon, CA",1522,31:07,10:01,M 18-24/7,M-21,126,31:07,41.64%
242,Tenna Brown,"Oceanside, CA",1201,31:10,10:02,F 45-49/13,F-46,116,31:15,51.47%
243,Angelica Aguilar,"San Diego, CA",1312,31:11,10:03,F 35-39/23,F-38,117,31:20,48.56%
244,Tanya Lott,"El Cajon, CA",1526,31:12,10:03,F 40-44/16,F-41,118,31:16,49.33%
245,Heather Gedney,"Eastvale, CA",1128,31:13,10:03,F 30-34/16,F-32,119,31:13,47.54%
246,Kristin San Martin,"La Mesa, CA",1260,31:22,10:06,F 40-44/17,F-44,120,31:27,50.19%
247,Kristine Volk,"Northville, MI",1410,31:22,10:06,F 40-44/18,F-44,121,31:34,50.19%
248,Monika Valdez-Nava,"Vista, CA",1669,31:23,10:07,F 40-44/19,F-41,122,31:28,49.04%
249,Luisana Elias,"San Diego, CA",1125,31:26,10:07,F 30-34/17,F-30,123,31:34,47.11%
250,Keri Moore,"Spring Valley, CA",1149,31:28,10:08,F 35-39/24,F-35,124,31:30,47.54%
251,Kathy Silva,"San Diego, CA",1503,31:36,10:11,F 50-54/6,F-52,125,31:38,54.41%
252,Vanessa Silva,"San Diego, CA",1504,31:37,10:11,M 18-24/8,M-22,127,31:38,40.82%
253,Jack Dupourque,"Coronado, CA",1479,31:43,10:13,M 01-12/12,M-9,128,31:52,51.58%
254,Sophie Visonneau,"San Diego, CA",1506,31:44,10:13,F 50-54/7,F-50,126,31:48,52.86%
255,Luis Camarena,"Chula Vista, CA",1516,31:50,10:15,M 01-12/13,M-8,129,34:50,53.48%
256,Cy Nguyen,"San Diego, CA",1284,31:52,10:16,M 35-39/15,M-35,130,31:57,41.39%
257,Dave Rapp,"Encinitas, CA",1185,31:59,10:18,M NoAge/1,M-0,131,32:02, 0.00%
258,Rachel Smith,"San Diego, CA",1398,32:06,10:20,F 35-39/25,F-37,127,32:13,46.91%
259,Debby Burger,"El Cajon, CA",1341,32:09,10:21,F 60-64/3,F-61,128,32:13,60.37%
260,Yuna Medina,"Irvine, CA",1294,32:30,10:28,F 35-39/26,F-39,129,33:11,46.79%
261,Kendra Hoffman,"San Diego, CA",1138,32:36,10:30,F 40-44/20,F-40,130,32:44,46.96%
262,Alejandro Deregules,"San Diego, CA",1117,32:36,10:30,M 40-44/12,M-42,132,32:44,42.51%
263,Diana Plascencia,"Heber, CA",1435,32:38,10:30,F 50-54/8,F-50,131,32:41,51.41%
264,Vanessa Urea,"Chula Vista, CA",1408,32:39,10:31,F 25-29/17,F-29,132,32:49,45.35%
265,John Battin,"San Diego, CA",1241,32:39,10:31,M 35-39/16,M-37,133,32:39,40.91%
266,Kim Pfankuch,"San Diego, CA",1471,32:40,10:31,F 45-49/14,F-46,133,32:46,49.11%
267,Mary Kay Stupeck,"San Diego, CA",1318,32:49,10:34,F 45-49/15,F-48,134,32:55,49.90%
268,Laurie Adam,"San Diego, CA",21,32:49,10:34,F 65-69/1,F-65,135,32:56,62.75%
269,Alonso Avalos,"Mexicali, NON",1205,32:50,10:34,M 35-39/17,M-35,134,37:17,40.17%
270,Marcela Alomia,"San Diego, CA",1565,32:51,10:35,F 30-34/18,F-33,136,33:09,45.28%
271,Johanna Dubyak,"Costa Mesa, CA",1292,32:55,10:36,F 40-44/21,F-40,137,34:31,46.50%
272,Mishelle Lott,"El Cajon, CA",1525,32:58,10:37,F 35-39/27,F-36,138,33:02,45.52%
273,Elizabeth Walker,"Santee, CA",1472,33:01,10:38,F 25-29/18,F-29,139,33:01,44.85%
274,Maricruz Zuniga,"Oceanside, CA",1184,33:02,10:38,F 18-24/9,F-24,140,35:33,44.83%
275,Luke Berardi,"Cardiff By The Sea, CA",1667,33:05,10:39,M 01-12/14,M-12,135,33:05,44.96%
276,Amy Donegan,"San Marcos, CA",1192,33:07,10:40,F 40-44/22,F-43,141,34:00,47.18%
277,Jordan Balce,"Chula Vista, CA",1461,33:13,10:42,M 01-12/15,M-12,136,36:15,44.78%
278,Adrien Cousin,"San Diego, CA",1454,33:18,10:43,M 01-12/16,M-8,137,33:18,51.13%
279,Art Basa,"Chula Vista, CA",1330,33:27,10:46,M 35-39/18,M-37,138,33:31,39.93%
280,Anderson Pierce,"San Diego, CA",1466,33:28,10:47,M 01-12/17,M-8,139,33:28,50.87%
281,Crystina Juarez,"San Diego, CA",1139,33:30,10:47,F 30-34/19,F-30,142,33:33,44.20%
282,Laetitia Cousin,"San Diego, CA",1456,33:31,10:48,F 35-39/28,F-37,143,33:32,44.93%
283,Eva Van Linge,"Poway, CA",1409,33:33,10:48,F 35-39/29,F-38,144,33:44,45.13%
284,Nandy Beach,"San Diego, CA",1548,33:36,10:49,F 40-44/23,F-41,145,33:37,45.81%
285,Suzanne Lutz,"San Diego, CA",1373,33:37,10:50,F 45-49/16,F-49,146,33:45,49.31%
286,Elizabeth Chase,"La Jolla, CA",1222,33:42,10:51,F 18-24/10,F-24,147,35:17,43.94%
287,Jeff Upp,"Alpine, CA",1290,33:43,10:51,M 40-44/13,M-40,140,33:43,40.50%
288,Ronald Williams,"San Diego, CA",1507,33:44,10:52,M 50-54/11,M-51,141,33:55,44.09%
289,Shawn Gallagher,"San Diego, CA",1563,33:44,10:52,F 40-44/24,F-40,148,33:50,45.38%
290,Cheri McRoberts,"La Mesa, CA",1583,33:47,10:53,F 60-64/4,F-63,149,33:55,59.13%
291,Chris Guanzon,"San Diego, CA",1536,33:48,10:53,M 25-29/24,M-27,142,39:36,38.18%
292,Lisa Cox,"San Diego, CA",1324,33:53,10:55,F 45-49/17,F-45,150,33:54,46.90%
293,Bridget Williams,"San Diego, CA",1243,33:54,10:55,F 30-34/20,F-31,151,33:59,43.73%
294,Patricia Geist-Martin,"San Diego, CA",1101,33:54,10:55,F 55-59/7,F-59,152,33:55,55.68%
295,Lourdes Silva,"Chula Vista, CA",1468,33:57,10:56,F 50-54/9,F-51,153,38:10,50.00%
296,Tiffany Lipetzky,"Imperial Beach, CA",1370,34:09,11:00,F 25-29/19,F-29,154,34:14,43.36%
297,Marissa Ritchie,"San Ysidro, CA",1271,34:12,11:01,F 25-29/20,F-25,155,34:17,43.30%
298,Thomas Osborne,"San Jose, CA",1316,34:14,11:01,M 60-64/6,M-64,143,34:20,48.56%
299,Lisa Schirmer,"Vista, CA",1665,34:14,11:01,F 45-49/18,F-47,156,34:27,47.35%
300,Christy Rosenberg,"San Diego, CA",1206,34:20,11:03,F 45-49/19,F-45,157,34:23,46.28%
301,Diane Roberts,"Solana Beach, CA",15,34:23,11:04,F 55-59/8,F-56,158,34:26,52.67%
302,Jahaira Gomez,"Chula Vista, CA",1129,34:26,11:05,F 25-29/21,F-25,159,34:43,43.00%
303,Shane Huckabee,"San Diego, CA",1464,34:27,11:05,F 50-54/10,F-54,160,34:33,51.21%
304,Ashley Graham,"Chula Vista, CA",1319,34:28,11:06,F 25-29/22,F-27,161,34:53,42.96%
305,Sharon Graham,"Escondido, CA",1245,34:32,11:07,F 65-69/2,F-65,162,34:36,59.63%
306,Laura Cano,"El Cajon, CA",1438,34:37,11:09,F 45-49/20,F-45,163,34:40,45.91%
307,Fsmeralda Orozeo,"El Cajon, CA",1562,34:38,11:09,F 35-39/30,F-39,164,34:42,43.91%
308,Steve Rafferty,"San Marcos, CA",1197,34:58,11:15,M 30-34/15,M-31,144,35:01,37.10%
309,Charice Tellez,"Escondido, CA",1406,34:59,11:16,F 35-39/31,F-37,165,35:23,43.04%
310,Sammy Comandante,"Chula Vista, CA",1518,35:02,11:17,F 13-17/7,F-13,166,35:05,45.60%
311,Arnie Comandante,"Chula Vista, CA",1517,35:02,11:17,F 45-49/21,F-47,167,35:05,46.26%
312,Jeffrey Ramsey,"San Diego, CA",1155,35:14,11:21,M 30-34/16,M-30,145,35:22,36.73%
313,Tammy Marquez,"Chula Vista, CA",1375,35:14,11:21,F 35-39/32,F-38,168,35:14,42.97%
314,Jose Chavez,"San Marcos, CA",1190,35:16,11:21,M 40-44/14,M-43,146,35:20,39.62%
315,Nicole Gallagher,"San Diego, CA",1521,35:17,11:22,M 30-34/17,M-33,147,37:30,37.00%
316,Daniel Gallagher,"San Diego, CA",1520,35:19,11:22,M 30-34/18,M-33,148,37:32,36.97%
317,Joshua Erskine,"San Diego, CA",1519,35:24,11:24,M 30-34/19,M-31,149,42:11,36.65%
318,Elizabeth Pollard,"San Diego, CA",1555,35:27,11:25,F 40-44/25,F-42,169,35:32,43.74%
319,Amelia Kirkegaard,"San Diego, CA",1556,35:27,11:25,F 01-12/6,F-6,170,35:33,55.13%
320,Gabrielle Ramsey,"San Diego, CA",1154,35:31,11:26,F 25-29/23,F-26,171,35:40,41.69%
321,Otay- Chula Vista Medical Plaza,"Chula Vista, CA",1234,35:43,11:30,F 40-44/26,F-43,172,41:46,43.74%
322,Ashley Mann,"Encinitas, CA",1145,35:57,11:35,F 25-29/24,F-25,173,36:44,41.19%
323,Layla Mosqueda,"Oceanside, CA",1429,36:08,11:38,F 01-12/7,F-11,174,38:39,46.05%
324,Jenna Hernandez,"Lakeside, CA",1470,36:15,11:41,M 01-12/18,M-10,150,36:18,43.56%
325,Susan Ekard,"La Mesa, CA",1495,36:19,11:42,F 50-54/11,F-53,175,36:25,47.98%
326,James Atwood,"La Jolla, CA",1180,36:20,11:42,M 35-39/19,M-37,151,37:32,36.76%
327,Valerie Goodpaster,"San Diego, CA",1359,36:38,11:48,F 70-74/1,F-71,176,36:40,61.81%
328,Matilde Bermudez,"Chula Vista, CA",23,36:39,11:48,F 40-44/27,F-43,177,36:45,42.63%
329,Kyle Rubcic,"Santee, CA",1424,36:39,11:48,M 01-12/19,M-7,152,37:50,48.59%
330,Lina Willis,"San Diego, CA",1414,36:39,11:48,F 45-49/22,F-45,178,36:40,43.36%
331,Matthew Rubcic,"Santee, CA",1159,36:40,11:48,M 35-39/20,M-36,153,37:50,36.20%
332,Alexis Ogilvie,"Carlsbad, CA",1561,36:42,11:49,F 35-39/33,F-36,179,37:18,40.89%
333,Cindy Elias,"Lakeside, CA",1124,36:48,11:51,F 30-34/21,F-34,180,37:02,40.51%
334,Jess McDermott,"Oceanside, CA",1333,37:22,12:02,F 35-39/34,F-38,181,37:28,40.52%
335,Jenna Rivera,"Oceanside, CA",1335,37:23,12:02,F 35-39/35,F-38,182,37:28,40.50%
336,Marci Clarke,"Lakeside, CA",1493,37:31,12:05,F 45-49/23,F-45,183,37:38,42.36%
337,Roland Tijerina,"Chula Vista, CA",1577,37:33,12:06,M 35-39/21,M-35,154,37:36,35.12%
338,Mary Balce,"Chula Vista, CA",1296,37:44,12:09,F 40-44/28,F-41,184,40:46,40.79%
339,Micah Kosemund,"San Diego, CA",1363,37:50,12:11,F 25-29/25,F-28,185,37:56,39.14%
340,Mariah Jarin,"Chula Vista, CA",1603,37:50,12:11,F 13-17/8,F-16,186,37:50,40.46%
341,Bethann Giraldi,"San Diego, CA",1313,37:52,12:12,F 30-34/22,F-32,187,37:58,39.19%
342,Paul Tritch,"San Diego, CA",1407,37:55,12:13,M 25-29/25,M-29,155,38:02,34.08%
343,Mandy Tong,"San Diego, CA",1488,38:08,12:17,F 30-34/23,F-33,188,38:13,39.00%
344,Connie Dukes,"Escondio, CA",1350,38:14,12:19,F 30-34/24,F-31,189,38:14,38.77%
345,Tuyet Vu,"San Diego, CA",1187,38:18,12:20,F 40-44/29,F-41,190,38:19,40.18%
346,Isabel Stuart,"San Marcos, CA",1200,38:35,12:26,F 30-34/25,F-30,191,39:28,38.38%
347,Madison Carmichael,"Poway, CA",1217,38:49,12:30,F 13-17/9,F-16,192,38:53,39.43%
348,Charlene Hernandez,"Oceanside, CA",1182,38:50,12:30,F 30-34/26,F-31,193,41:25,38.17%
349,Leo Perez,"San Diego, CA",1285,38:57,12:32,M 30-34/20,M-31,156,39:16,33.30%
350,Taylor Siao,"Spring Valley, CA",1165,39:16,12:39,F 13-17/10,F-16,194,39:18,38.98%
351,Anitra Scotese Rooney,"La Mesa, CA",41,39:18,12:39,F 40-44/30,F-41,195,39:18,39.16%
352,Laura Brown,"Alphine, CA",1605,39:24,12:41,F 01-12/8,F-9,196,39:27,44.56%
353,Evelyn Silver,"Lakeside, CA",1323,39:24,12:41,M NoAge/2,M-0,157,39:27, 0.00%
354,Sarah Moore,"Santee, CA",1671,39:55,12:51,F 30-34/27,F-31,197,39:59,37.13%
355,Anene Torres,"Spring Valley, CA",1607,39:59,12:53,F 25-29/26,F-28,198,39:59,37.03%
356,Pietra McCotter,"San Marcos, CA",1378,40:16,12:58,F 35-39/36,F-35,199,40:27,37.14%
357,Beatriz Corral,"San Ysidro, CA",1270,40:18,12:59,F 25-29/27,F-25,200,40:22,36.74%
358,Donna Contrado,"Oceanside, CA",1346,40:46,13:08,F 55-59/9,F-56,201,40:56,44.42%
359,Melissa Cleary,", CA",1345,41:12,13:16,M 55-59/4,M-55,158,41:25,37.31%
360,Fabienne Bouton,"Jamul, CA",1339,41:12,13:16,F 50-54/12,F-50,202,41:24,40.71%
361,David McCue,"Chula Vista, CA",1379,41:19,13:18,M 35-39/22,M-39,159,41:45,32.81%
362,Janette Zazueta,"Chula Vista, CA",1269,42:35,13:43,F 25-29/28,F-27,203,42:46,34.77%
363,Kimberly Johnson,"San Diego, CA",1539,42:53,13:49,F 40-44/31,F-44,204,44:33,36.70%
364,Steven Lasensky,"Carlsbad, CA",1592,43:47,14:06,M 45-49/9,M-47,160,45:33,32.90%
365,Raylynn Holma,"Bonita, CA",1480,43:50,14:07,F 25-29/29,F-29,205,43:50,33.78%
366,Jackie Schuman,"San Diego, CA",1573,44:00,14:10,F 30-34/28,F-34,206,44:11,33.88%
367,Bryana Vilches,"Chula Vista, CA",1176,44:12,14:14,F 13-17/11,F-13,207,49:22,36.14%
368,Antonio Vilches,"Chula Vista, CA",1175,44:14,14:15,M 35-39/23,M-35,161,49:22,29.82%
369,Jennifer Lear,"San Diego, CA",1369,44:27,14:19,F 50-54/13,F-51,208,44:27,38.18%
370,Cynthia Sizemore,"San Diego, CA",1397,44:28,14:19,F 50-54/14,F-51,209,44:29,38.17%
371,Margarita Davalos,"Indio, CA",1278,44:29,14:19,F 35-39/37,F-36,210,49:45,33.73%
372,Sohrob Tahmasebi,"San Diego, CA",1432,44:34,14:21,M 35-39/24,M-37,162,49:56,29.97%
373,Lisa Coffman,"San Diego, CA",31,45:51,14:46,F 50-54/15,F-52,211,46:23,37.49%
374,Estella Vigil,"San Diego, CA",1505,47:03,15:09,F 55-59/10,F-59,212,47:03,40.11%
375,Tania Sunday,"Temecula, CA",1402,47:52,15:25,F 40-44/32,F-41,213,56:38,32.15%
376,Marisol Lean,"Escondido, CA",1674,48:06,15:29,F 18-24/11,F-20,214,48:06,30.78%
377,Nicholas Lara,"Oceanside, CA",1230,48:49,15:43,M 25-29/26,M-25,163,48:49,26.43%
378,Cathy Rockdashil,"San Diego, CA",1317,50:19,16:12,F 60-64/5,F-61,215,50:26,38.57%
379,Kat Watts,"San Diego, CA",1177,50:59,16:25,F 25-29/30,F-28,216,56:36,29.04%
380,Sage Ollison,"El Cajon, CA",1541,51:28,16:34,M 01-12/20,M-10,164,51:40,30.68%
381,Sonya Ollison,"El Cajon, CA",1540,51:41,16:38,F 45-49/24,F-48,217,51:52,31.68%
382,Inaja Zepeda,"Bonita, CA",1227,52:14,16:49,F 13-17/12,F-14,218,54:25,30.10%
383,Leonardo Zepeda,"Bonita, CA",1436,52:15,16:49,M 01-12/21,M-9,165,54:26,31.30%
384,Vincent Zepeda,"Bonita, CA",1228,52:43,16:58,M 35-39/25,M-37,166,55:04,25.33%
385,Claudia Zepeeda,"Bonita, CA",1229,52:52,17:01,F 35-39/38,F-38,219,55:05,28.63%
386,Tiffanie Rubcic,"Santee, CA",1160,53:07,17:06,F 30-34/29,F-33,220,54:18,28.00%
387,Robert Carmichael,"Poway, CA",1434,55:06,17:44,M 01-12/22,M-12,167,55:27,26.99%
388,Stephanie Roper,"Alpine, CA",1204,55:58,18:01,F 30-34/30,F-31,221,55:58,26.48%
389,Lisa Roper,"Ramona, CA",1203,55:59,18:01,F 35-39/39,F-35,222,55:59,26.71%
390,Alison Stanton,"Encinitas, CA",1169,56:29,18:11,F 30-34/31,F-30,223,59:13,26.21%
391,Kathy White,"Santee, CA",1186,57:01,18:21,F 55-59/11,F-56,224,1:02:19,31.75%
392,Vicki Armstrong,"San Diego, CA",1104,57:36,18:33,F 35-39/40,F-39,225,57:36,26.40%
393,Leonel Rodriguez,"Oceanside, CA",1232,58:27,18:49,M 45-49/10,M-45,168,58:27,24.27%
394,Sharlene Greene,"El Cajon, CA",1554,58:45,18:55,F 60-64/6,F-63,226,58:56,34.00%
395,Renee Wilcox,"El Cajon, CA",1546,58:46,18:55,F 40-44/33,F-42,227,58:56,26.38%
396,Jenna Friedman,"San Diego, CA",1431,59:54,19:17,F 13-17/13,F-13,228,59:54,26.66%
397,Karen Gorton,"San Diego, CA",1134,59:59,19:19,F 60-64/7,F-60,229,1:00:42,31.91%
398,Arthur Gorton,"San Diego, CA",1133,1:00:00,19:19,M 60-64/7,M-63,169,1:00:43,27.45%
399,Jenn Luong,"San Diego, CA",1144,1:00:57,19:37,F 25-29/31,F-25,230,1:00:57,24.29%
400,Angelica Rodriguez,"Oceanside, CA",1231,1:01:26,19:47,F 25-29/32,F-27,231,1:01:26,24.10%
401,Nerissa Carlson,"Vista, CA",1111,1:01:55,19:56,F 30-34/32,F-32,232,1:01:55,23.96%
402,Steven Secker,"San Diego, CA",1655,1:02:15,20:03,M 40-44/15,M-42,170,1:05:06,22.25%
403,Kylie Secker,"San Diego, CA",1654,1:02:15,20:03,F 01-12/9,F-7,233,1:05:05,30.16%
404,Heidi Tonomura,"San Diego, CA",1173,1:02:21,20:05,F 40-44/34,F-40,234,1:18:47,24.55%
405,Sheila Pemberton,"La Mesa, CA",1152,1:02:22,20:05,F 35-39/41,F-35,235,1:18:47,23.98%
406,Maria Andrade,"Chulavista, CA",1302,1:02:56,20:16,F 35-39/42,F-35,236,1:03:39,23.76%
407,Patti Adams,"San Diego, CA",16,1:03:39,20:29,F 65-69/3,F-65,237,1:03:49,32.35%
408,Mary Beth Digiovanni,"Las Vegas, NV",1287,1:04:44,20:50,F 45-49/25,F-49,238,1:05:00,25.60%
409,Joy Robinson,"Poway, CA",1212,1:04:44,20:51,F 50-54/16,F-53,239,1:05:00,26.91%
410,Joy Robinosn,"Poway, CA",1458,1:04:45,20:51,F 50-54/17,F-53,240,1:05:00,26.91%
411,Nora Corcoran,"San Diego, CA",1286,1:05:00,20:56,F 40-44/35,F-43,241,1:05:00,24.03%
412,Carlos Medina,"Irvine, CA",1293,1:06:20,21:21,M 40-44/16,M-40,171,1:07:06,20.58%
413,Mary Ellen Langton,"San Diego, CA",1366,1:07:54,21:52,F 35-39/43,F-39,242,1:07:58,22.39%
414,Anne Cravo,"Santee, CA",1348,1:07:54,21:52,F 40-44/36,F-43,243,1:07:58,23.01%
415,Lauren Hernandez,"La Mesa, CA",1283,1:10:11,22:36,F 30-34/33,F-34,244,1:11:11,21.24%
416,Isiah Cooper,"La Mesa, CA",1282,1:10:14,22:37,M 13-17/15,M-14,172,1:11:13,20.20%
417,Omar Diaz,"Chula Vista, CA",1119,1:10:37,22:44,M 35-39/26,M-36,173,1:13:15,18.79%
418,Danielle Diaz,"Chula Vista, CA",1118,1:10:37,22:44,F 35-39/44,F-36,245,1:13:15,21.25%
419,Sharon Scholfield,"El Cajon, CA",1266,1:11:07,22:54,M 55-59/5,M-59,174,1:13:00,22.36%
420,Shelly Russell,"El Cajon, CA",1265,1:11:07,22:54,F 55-59/12,F-55,246,1:12:59,25.12%
421,Anne McAndrew,"San Diego, CA",1474,1:12:53,23:28,F 40-44/37,F-42,247,1:14:43,21.27%
422,Sharon Hill,"Chula Vista, CA",1327,1:12:55,23:28,F 50-54/18,F-52,248,1:14:45,23.57%
423,Stephen Hill Sr,"Chula Vista, CA",1325,1:12:55,23:29,M 50-54/12,M-53,175,1:14:45,20.74%
424,Lisa Brink,"San Marcos, CA",1188,1:13:50,23:46,F 40-44/38,F-41,249,1:19:32,20.84%
425,Maureen Erro,"San Marcos, CA",1193,1:13:51,23:47,F 35-39/45,F-35,250,1:19:32,20.25%
426,Naomi Hill,"Chula Vista, CA",1326,1:14:45,24:04,F 25-29/33,F-25,251,1:14:45,19.80%
427,Desmond Edwards,"San Marcos, CA",1120,1:16:27,24:37,M 18-24/9,M-18,176,1:22:34,17.44%
428,Dominick Edwards,"San Marcos, CA",1121,1:16:28,24:37,M 18-24/10,M-21,177,1:22:33,16.94%
429,Stephanie Edwards,"San Marcos, CA",1420,1:16:30,24:38,F 18-24/12,F-19,252,1:22:35,19.42%
430,Kimberly Edwards,"San Marcos, CA",1122,1:16:54,24:45,F 35-39/46,F-39,253,1:23:02,19.77%
431,Nikki Drennen,"San Diego, CA",1288,1:17:16,24:53,F 30-34/34,F-30,254,1:17:16,19.16%
432,Sarah Edwards,"San Marcos, CA",1123,1:17:22,24:54,F 35-39/47,F-38,255,1:23:29,19.56%
433,Frederick Teixeira,"San Marcos, CA",1172,1:17:23,24:55,M 40-44/17,M-40,178,1:23:30,17.64%
434,Renato Manzano,"San Diego, CA",1233,1:18:49,25:23,M 25-29/27,M-29,179,1:27:26,16.39%
435,Antonia Bloem,"Carlsbad, CA",1107,1:19:41,25:39,F 30-34/35,F-32,256,1:19:41,18.62%
436,Christina Scherr,"San Diego, CA",1393,1:19:45,25:40,F 35-39/48,F-35,257,1:25:20,18.75%
437,Carol Stachwick,"San Diego, CA",1487,1:20:25,25:53,F 45-49/26,F-47,258,1:20:25,20.15%
438,Lindsay Greene,"San Marcos, CA",1523,1:20:28,25:54,F 18-24/13,F-19,259,1:26:17,18.46%
439,Francisco Servin,"San Marcos, CA",1199,1:20:30,25:55,M 35-39/27,M-35,180,1:26:17,16.38%
440,Crystal Hollinger,"San Marcos, CA",1195,1:20:30,25:55,F 35-39/49,F-39,260,1:26:17,18.89%
441,Chip Morgan,"San Marcos, CA",1196,1:20:31,25:55,M 30-34/21,M-32,181,1:26:16,16.15%
442,Kristi Carter,"San Marcos, CA",1189,1:20:33,25:56,F 25-29/34,F-28,261,1:26:16,18.38%
443,Carly Stachwick,"San Diego, CA",1486,1:20:46,26:00,F 13-17/14,F-15,262,1:20:46,19.20%
444,Cheri Huenergardt,"Vista, CA",12,1:22:00,26:24,F 45-49/27,F-48,263,1:27:53,19.96%
445,Maria Martinez,"Burbank, CA",1377,1:22:58,26:43,F 35-39/50,F-39,264,1:29:39,18.32%
446,Alfonso Bautista,"Chula Vista, CA",1304,1:28:30,28:30,M 40-44/18,M-43,182,1:28:30,15.78%
447,Janet Dennison,"El Cajon, CA",11,1:30:50,29:15,F 75-79/1,F-76,265,1:34:26,27.18%
448,Adriana Ventura,"San Diego, CA",1580,1:31:15,29:22,F 40-44/39,F-43,266,1:42:03,17.12%
449,Jason Canaya,"Chula Vista, CA",1552,1:32:08,29:40,M 18-24/11,M-20,183,1:32:08,14.15%
450,Lauvai Tufele,"San Diego, CA",1553,1:32:20,29:43,M 18-24/12,M-20,184,1:32:20,14.12%
451,Cindy Salonga,"Chula Vista, CA",1161,1:34:02,30:16,F 30-34/36,F-32,267,1:34:02,15.78%
452,Kendra Banks,"Rancho Santa Fe, CA",1489,1:36:06,30:56,F 01-12/10,F-11,268,1:36:06,17.31%
453,Tramaine Clay,", ",1236,1:36:58,31:13,M 30-34/22,M-32,185,1:36:58,13.41%
454,Marshaun Barr,"El Cajon, CA",1235,1:37:19,31:20,F 35-39/51,F-36,269,1:37:19,15.42%
455,Jasmine Sadler,"San Diego, CA",1238,1:37:23,31:21,M 25-29/28,M-26,186,1:37:23,13.25%
456,Mary Mitchell - Sadler,", ",17,1:37:23,31:21,M 60-64/8,M-63,187,1:37:23,16.91%
457,James Sadler,"Lathrup Village, MI",1237,1:37:25,31:22,M 65-69/1,M-69,188,1:37:25,17.90%
458,Jermil Sadler,", ",1239,1:37:25,31:22,M 30-34/23,M-30,189,1:37:25,13.28%
