Bib,Name,Gender,Age,Hometown,Overall,Men,M 30-34,Age/Grade,Finish,Chip Time,Gun Time,8.1 Miles
6586,Falu Rami,F,38,"Tustin, CA",4273 out of 4278,2603 out of 2605,431 out of 431, 29.32% Place: 4273,3:50:53 Pace: 17:37,3:50:53,3:56:07,2:16:42 Pace: 16:53
6574,Brad Ranola,M,32,"Oak View, CA",4274 out of 4278,1671 out of 1673,250 out of 251, 25.54% Place: 4276,3:51:56 Pace: 17:42,3:51:56,3:57:38,2:08:49 Pace: 15:55
5428,Peggy Graham,F,32,"Davis, CA",4275 out of 4278,2604 out of 2605,416 out of 416, 28.47% Place: 4274,3:51:57 Pace: 17:42,3:51:57,3:57:38,2:08:52 Pace: 15:55
6494,Jannita McCarty,F,69,"Salinas, CA",4276 out of 4278,2605 out of 2605,17 out of 17, 43.22% Place: 3640,3:53:44 Pace: 17:50,3:53:44,3:59:08,2:23:45 Pace: 17:45
1170,Tyson Eckerle,M,29,"Goleta, CA",4277 out of 4278,1672 out of 1673,262 out of 262, 23.39% Place: 4277,4:13:11 Pace: 19:19,4:13:11,4:20:09,            Pace:            
1171,Aaron Feinberg,M,32,"San Francisco, CA",4278 out of 4278,1673 out of 1673,251 out of 251, 23.34% Place: 4278,4:13:51 Pace: 19:22,4:13:51,4:20:49,            Pace:            
