Bib,Name,Gender,Age,Hometown,Overall,Men,M 55-59,Age/Grade,Finish,Chip Time,Gun Time,8 Miles
9869,Leslie Dennett,F,45,"Petaluma, CA",4817 out of 0,3055 out of 0,355 out of 0, 29.04% Place: 4795,4:08:14 Pace: 18:57,4:08:14,4:17:39,2:30:59 Pace: 18:53
9851,Gary Piazza,M,58,"Menlo Park, CA",4818 out of 0,1763 out of 0,113 out of 0, 28.94% Place: 4798,4:08:15 Pace: 18:57,4:08:15,4:17:42,2:31:08 Pace: 18:54
9257,Pixie Geesaman,F,76,"Monterey, CA",4819 out of 0,3056 out of 0,1 out of 0, 46.27% Place: 3215,4:08:16 Pace: 18:57,4:08:16,4:17:51,2:22:52 Pace: 17:52
9258,Jeannie Eagleton,F,65,"Monterey, CA",4820 out of 0,3057 out of 0,36 out of 0, 38.14% Place: 4307,4:08:16 Pace: 18:57,4:08:16,4:17:51,2:22:07 Pace: 17:46
9800,Dawn Coupe,F,49,"Castro Valley, CA",4821 out of 0,3058 out of 0,356 out of 0, 29.96% Place: 4774,4:12:41 Pace: 19:17,4:12:41,4:19:21,2:29:41 Pace: 18:43
9690,Cindy Dotson,F,63,"Marina, CA",4822 out of 0,3059 out of 0,84 out of 0, 35.71% Place: 4515,4:17:07 Pace: 19:37,4:17:07,4:25:52,2:24:49 Pace: 18:07
9850,Sue Peteson,F,41,"Palo Alto, CA",4823 out of 0,3060 out of 0,443 out of 0, 26.86% Place: 4815,4:17:38 Pace: 19:40,4:17:38,4:27:04,2:23:22 Pace: 17:56
9852,Marie Barone,F,42,"San Jose, CA",4824 out of 0,3061 out of 0,444 out of 0, 27.06% Place: 4813,4:18:05 Pace: 19:42,4:18:05,4:27:11,            Pace:            
