Bib,Name,Gender,Age,Hometown,Overall,Women,F 50-54,Age/Grade,Finish,Chip Time,Gun Time,8 Mi
292,Alison Kelsey,F,40,"Carmichael, CA",6113 out of 6116,4008 out of 4011,608 out of 608, 29.29% Place: 6100,3:52:14 Pace: 17:43,3:52:14,4:15:41,2:17:10 Pace: 17:09
8021,Heather Hutchison,F,54,"Santa Cruz, CA",6114 out of 6116,4009 out of 4011,395 out of 395, 32.93% Place: 5965,3:58:17 Pace: 18:11,3:58:17,4:04:28,            Pace:            
4957,Susan Ecker,F,39,"Berkeley, CA",6115 out of 6116,4010 out of 4011,640 out of 640, 28.25% Place: 6112,3:59:25 Pace: 18:16,3:59:25,4:14:37,2:15:45 Pace: 16:59
5499,Eleanore Rodriguez,F,30,"Suisun City, CA",6116 out of 6116,4011 out of 4011,708 out of 708, 26.65% Place: 6116,4:07:04 Pace: 18:51,4:07:04,4:23:02,2:14:12 Pace: 16:47
