Bib,Name,Gender,Age,Hometown,Overall,Women,F 35-39,Age/Grade,Finish,Chip Time,Gun Time,1.55 Mile,10K,7.5 Mile
318,Armando Saldana,M,34,"Trabuco Canyon, CA",529 out of 534,281 out of 285,34 out of 34, 25.22% Place: 533,3:53:21 Pace: 17:48,3:53:21,3:53:49,3:37:34 Pace: 2:20:22,1:47:55 Pace: 17:22,2:06:12 Pace: 16:50
191,Joann Keller,F,37,"Upland, CA",530 out of 534,249 out of 249,47 out of 47, 28.84% Place: 525,3:53:31 Pace: 17:49,3:53:31,3:54:15,3:19:24 Pace: 2:08:39,1:31:19 Pace: 14:42,1:49:11 Pace: 14:34
177,Edward Irving,M,53,"Corona, CA",531 out of 534,282 out of 285,37 out of 37, 28.18% Place: 528,3:57:30 Pace: 18:07,3:57:30,3:57:57,3:27:35 Pace: 2:13:55,1:44:16 Pace: 16:47,2:02:25 Pace: 16:20
533,Gregory Ramos,M,57,"Moreno Valley, CA",532 out of 534,283 out of 285,18 out of 18, 29.12% Place: 522,3:57:48 Pace: 18:09,3:57:48,3:58:19,3:31:05 Pace: 2:16:11,1:50:01 Pace: 17:43,2:09:43 Pace: 17:18
471,Allen Trujillo,M,17,"Nuevo, CA",533 out of 534,284 out of 285,0 out of 0, 26.31% Place: 532,3:57:57 Pace: 18:10,3:57:57,3:58:19,3:31:14 Pace: 2:16:17,1:48:25 Pace: 17:27,2:06:30 Pace: 16:52
398,Charles Hornsby Jr,M,45,"Moreno Valley, CA",534 out of 534,285 out of 285,45 out of 45, 26.48% Place: 531,3:58:11 Pace: 18:11,3:58:11,3:58:30,3:28:10 Pace: 2:14:18,1:44:28 Pace: 16:49,2:02:36 Pace: 16:21
