Place,Name,Location,Bib,Net Time,Pace,Division/Place,Sex-Age,Sex-Place,Gun Time,Age Grade
1,Tesfaye Dirba,"Inglewood, CA",94,1:08:27,5:14,M 18-24/1,M-24,1,1:08:27,85.49%
2,Gurmessa Megerssa,"Inglewood, CA",240,1:09:27,5:18,M 25-29/1,M-28,2,1:09:27,84.26%
3,Jose Rangel,"Pomona, CA",491,1:11:23,5:27,M 30-34/1,M-31,3,1:11:26,81.98%
4,Ruben Ramirez,"Chino, CA",417,1:12:35,5:33,M 18-24/2,M-22,4,1:12:37,81.36%
5,Juan Ramirez,"Santa Ana, CA",943,1:14:37,5:42,M 35-39/1,M-39,5,1:14:40,81.30%
6,Jim Lubinski,"Los Angeles, CA",221,1:17:46,5:56,M 25-29/2,M-29,6,1:17:49,75.25%
7,Phil Orr,"Riverside, CA",944,1:18:54,6:02,M 45-49/1,M-45,7,1:18:56,79.95%
8,Danny Arteaga,"Chino Hills, CA",490,1:19:54,6:06,M 45-49/2,M-46,8,1:19:57,79.48%
9,Juan Martinez,"San Bernardino, CA",442,1:23:10,6:21,M 40-44/1,M-41,9,1:23:12,73.87%
10,Javier Fernandez,"Los Angeles, CA",954,1:23:38,6:23,M 35-39/2,M-35,10,1:23:40,70.78%
11,C Scott Chaney,"Monrovia, CA",66,1:23:42,6:24,M 35-39/3,M-35,11,1:23:47,70.74%
12,Alex Quezada,"Fontana, CA",544,1:25:22,6:31,M 35-39/4,M-39,12,1:25:25,71.06%
13,Ron Little,"Montara, CA",212,1:26:53,6:38,M 35-39/5,M-36,13,1:26:56,68.55%
14,Dave Cook,"Oak Hills, CA",79,1:27:07,6:39,M 50-54/1,M-50,14,1:27:09,75.06%
15,Mark Taylor,"Corona, CA",997,1:28:06,6:44,M 35-39/6,M-35,15,1:28:10,67.20%
16,Eric Guerrero,"Rialto, CA",549,1:28:20,6:45,M 18-24/3,M-18,16,1:28:24,69.85%
17,Miguel Rodriguez,"La Puente, CA",927,1:28:50,6:47,M 45-49/3,M-45,17,1:28:52,71.01%
18,David Rosas,"Covina, CA",311,1:28:56,6:48,M 40-44/2,M-43,18,1:29:01,69.98%
19,Kyle Goodman,"Upland, CA",136,1:29:16,6:49,M Open/0,M-17,19,1:29:18,70.14%
20,Harpreet Singh,"Fontana, CA",338,1:29:29,6:50,M Open/0,M-17,20,1:29:34,69.97%
21,John De Anda,"Fontana, CA",440,1:29:29,6:50,M Open/0,M-16,21,1:29:34,71.13%
22,Jose Molina,"Murrieta, CA",250,1:29:46,6:51,M 30-34/2,M-32,22,1:29:51,65.19%
23,Wayne Mitchell,"Silverado, CA",247,1:29:48,6:51,M 60-64/1,M-63,23,1:29:50,81.70%
24,Jim Hernandez,"Fontana, CA",502,1:30:08,6:53,M 30-34/3,M-32,24,1:30:11,64.92%
25,Conrado Ramirez,"Ontario, CA",550,1:30:11,6:53,M 30-34/4,M-33,25,1:30:15,64.89%
26,Felipe Olmedo,"Pomona, CA",488,1:30:35,6:55,M 40-44/3,M-43,26,1:30:37,68.69%
27,Whitney Hurley,"Rancho Cucamonga, CA",174,1:30:38,6:55,F 18-24/1,F-22,1,1:30:38,73.28%
28,Art Romero,"Pomona, CA",928,1:31:26,6:59,M 30-34/5,M-34,27,1:31:31,64.37%
29,George Saunders,"Redlands, CA",325,1:31:57,7:01,M 40-44/4,M-44,28,1:32:02,68.14%
30,Bruce Guter,"Fullerton, CA",474,1:32:11,7:02,M 50-54/2,M-53,29,1:32:13,72.61%
31,Jorge Suarez,"Ontario, CA",933,1:32:16,7:03,M 25-29/3,M-26,30,1:32:39,63.42%
32,David Delgado,"Rancho Cucamonga, CA",930,1:33:05,7:06,M 35-39/7,M-39,31,1:33:09,65.17%
33,Raul Cortez,"Moreno Valley, CA",539,1:33:11,7:07,M 35-39/8,M-36,32,1:33:14,63.92%
34,Dustin Culhan,"Beaumont, CA",86,1:33:45,7:10,M 30-34/6,M-31,33,1:33:51,62.42%
35,Alex Forbess,"Covina, CA",114,1:34:06,7:11,M Open/0,M-16,34,1:34:10,67.64%
36,Matt Trueba,"Riverside, CA",361,1:34:22,7:12,M 18-24/4,M-22,35,1:34:30,62.58%
37,Christopher Howes,"Highland, CA",167,1:34:25,7:13,M Open/0,M-14,36,1:34:34,70.13%
38,Javier Sanchez,"Los Angeles, CA",453,1:34:47,7:14,M 18-24/5,M-19,37,1:35:30,64.26%
39,Tony Hull,"Fort Irwin, CA",172,1:35:30,7:18,M 30-34/7,M-30,38,1:35:39,61.27%
40,Israel Pena,"Corona, CA",283,1:35:46,7:19,M 30-34/8,M-32,39,1:35:51,61.10%
41,Polly Crawford,"Temecula, CA",84,1:35:56,7:20,F 35-39/1,F-37,2,1:35:56,70.25%
42,Zachary Requejo,"Yucaipa, CA",301,1:36:14,7:21,M Open/0,M-15,40,1:36:20,67.38%
43,Christian Garcia,"Yucaipa, CA",125,1:36:15,7:21,M Open/0,M-15,41,1:36:20,67.36%
44,Tony David,"Riverside, CA",403,1:36:16,7:21,M 50-54/3,M-52,42,1:37:35,68.98%
45,Chris Logel,"Moreno Valley, CA",494,1:36:25,7:22,M 45-49/4,M-47,43,1:36:30,66.34%
46,Amanda Chann,"Moreno Valley, CA",68,1:36:38,7:23,F 30-34/1,F-34,3,1:36:42,68.06%
47,Andrea Grunst,"Riverside, CA",431,1:37:04,7:25,F 25-29/1,F-26,4,1:37:11,67.35%
48,Melissa Grunst,"Riverside, CA",430,1:37:04,7:25,F 25-29/2,F-26,5,1:37:11,67.35%
49,Hector Chavez,"Corona, CA",941,1:37:28,7:27,M 35-39/9,M-35,44,1:37:55,60.75%
50,Hector Mendez,"Los Angeles, CA",524,1:37:48,7:28,M 35-39/10,M-35,45,1:38:30,60.54%
51,John Delgado,"Rancho Cucamonga, CA",929,1:37:54,7:29,M 45-49/5,M-45,46,1:37:59,64.43%
52,Andy Lieberman,"Rialto, CA",956,1:38:06,7:29,M 45-49/6,M-45,47,1:38:12,64.30%
53,Lloyd Chang,"Hacienda Heights, CA",516,1:38:49,7:33,M 40-44/5,M-40,48,1:38:55,61.77%
54,Vitaliy Orlov,"Blue Jay, CA",405,1:38:50,7:33,M 18-24/6,M-21,49,1:39:07,60.30%
55,Moises Serrato,"Rialto, CA",333,1:39:09,7:34,M 30-34/9,M-30,50,1:39:19,59.02%
56,Enrique Lopez,"Rialto, CA",218,1:39:21,7:35,M 40-44/6,M-44,51,1:39:25,63.05%
57,Mark Richter,"Rancho Cucamonga, CA",404,1:39:30,7:36,M 30-34/10,M-31,52,1:39:34,58.80%
58,Alexander Weisse,"Calabasas, CA",382,1:39:38,7:37,M 30-34/11,M-34,53,1:39:56,59.06%
59,Jim Hollenberg,"Redlands, CA",935,1:39:54,7:38,M 40-44/7,M-43,54,1:39:58,62.30%
60,Marc Napolitano,"West Covina, CA",948,1:40:35,7:41,M 35-39/11,M-38,55,1:40:56,59.94%
61,Steven Edwards,"Rancho Cucamonga, CA",98,1:40:45,7:42,M 18-24/7,M-24,56,1:40:52,58.08%
62,Karis Frankian,"Canyon Country, CA",118,1:40:53,7:42,F Open/0,F-13,6,1:40:57,74.68%
63,Nahum Axume,"Hawthorne, CA",27,1:41:03,7:43,M 18-24/8,M-20,57,1:42:12,59.58%
64,Richard Uranga,"West Covina, CA",365,1:41:04,7:43,M 25-29/4,M-26,58,1:41:15,57.90%
65,Alfredo Lopez,"Pomona, CA",219,1:41:15,7:44,M 45-49/7,M-46,59,1:41:17,62.73%
66,Carri Arrieta,"Moreno Valley, CA",428,1:41:18,7:44,F 40-44/1,F-41,7,1:41:25,68.73%
67,Edward Davis,"San Bernardino, CA",520,1:41:37,7:46,M 30-34/12,M-33,60,1:42:06,57.59%
68,Corie Bates,"Corona, CA",504,1:42:21,7:49,F 30-34/2,F-32,8,1:42:39,63.88%
69,James Coffelt,"Gilbert, AZ",77,1:42:24,7:49,M 30-34/13,M-30,61,1:42:36,57.14%
70,Calvin Lewis,"Riverside, CA",211,1:42:30,7:50,M 30-34/14,M-32,62,1:42:42,57.09%
71,Raymond Rodriguez,"Los Angeles, CA",308,1:42:43,7:51,M 45-49/8,M-46,63,1:43:13,61.83%
72,Stephen Myung,"Fontana, CA",259,1:43:01,7:52,M 40-44/8,M-43,64,1:43:13,60.41%
73,Jeffrey Anderson,"Glendora, CA",20,1:43:19,7:53,M 45-49/9,M-47,65,1:43:23,61.91%
74,Jesse Morales,"Fontana, CA",446,1:44:19,7:58,M 45-49/10,M-48,66,1:45:05,61.75%
75,Michael Nava,"Duarte, CA",260,1:44:34,7:59,M 25-29/5,M-25,67,1:45:44,55.96%
76,Michael Lyman,"Los Angeles, CA",953,1:44:39,7:59,M 45-49/11,M-45,68,1:44:41,60.27%
77,Eduardo Valencia,"Chino Hills, CA",891,1:44:43,8:00,M 35-39/12,M-38,69,1:45:02,57.57%
78,Keri Garcia,"Riverside, CA",126,1:45:20,8:03,F 40-44/2,F-41,9,1:45:39,66.10%
79,Francisco Cabadas,"Pomona, CA",53,1:45:24,8:03,M 55-59/1,M-59,70,1:45:27,66.91%
80,Robert Viers,"Menifee, CA",370,1:45:32,8:03,M 30-34/15,M-31,71,1:45:43,55.45%
81,Guy Favatella,"La Verne, CA",106,1:45:33,8:04,M 45-49/12,M-49,72,1:45:44,61.49%
82,Raul Herrera,"Rancho Cucamonga, CA",161,1:45:33,8:04,M 45-49/13,M-47,73,1:45:41,60.60%
83,Jane Gainer,"Wildomar, CA",120,1:46:02,8:06,F 50-54/1,F-53,10,1:46:18,73.61%
84,Bryan Allen,"Temecula, CA",14,1:46:19,8:07,M 50-54/4,M-51,74,1:46:25,61.97%
85,Rene Garcia,"Beaumont, CA",455,1:46:48,8:09,M 18-24/9,M-20,75,1:47:31,56.38%
86,George Monge,"Riverside, CA",251,1:46:58,8:10,M 45-49/14,M-49,76,1:47:05,60.67%
87,Alejandra Santiago,"San Bernardino, CA",322,1:47:00,8:10,F 25-29/3,F-25,11,1:47:50,61.10%
88,Kevin Koch,"Fontana, CA",203,1:47:10,8:11,M 40-44/9,M-44,77,1:48:15,58.46%
89,Ismael Zamarripa,"Hacienda Hts, CA",523,1:47:14,8:11,M 60-64/2,M-62,78,1:47:17,67.71%
90,Blandino Asuncion,"Moreno Valley, CA",26,1:47:29,8:12,M 50-54/5,M-53,79,1:47:50,62.28%
91,Tanya Johnson,"Rialto, CA",184,1:47:32,8:13,F 45-49/1,F-46,12,1:47:41,67.69%
92,Lori Martin,"Rancho Cucamonga, CA",231,1:47:52,8:14,F 45-49/2,F-49,13,1:48:00,69.45%
93,Lorraine Gersitz,"Fullerton, CA",473,1:48:09,8:15,F 50-54/2,F-53,14,1:48:16,72.17%
94,Brian Ilharreguy,"San Dimas, CA",959,1:48:25,8:17,M 30-34/16,M-33,80,1:49:27,53.97%
95,Jonathan Hua,"San Gabriel, CA",476,1:48:28,8:17,M 25-29/6,M-28,81,1:48:38,53.95%
96,Ronnie Cerda,"Rancho Cucamonga, CA",543,1:48:36,8:18,M 18-24/10,M-24,82,1:49:05,53.88%
97,Rosemary Lee,"La Verne, CA",932,1:48:37,8:18,F 35-39/2,F-39,15,1:48:48,63.03%
98,Mark Vondersaar,"Riverside, CA",373,1:48:49,8:19,M 50-54/6,M-54,83,1:49:04,62.01%
99,Juan Ramos,"Moreno Valley, CA",296,1:50:12,8:25,M 45-49/15,M-48,84,1:50:44,58.46%
100,Lupe Mora,"Victorville, CA",517,1:50:52,8:28,F 40-44/3,F-44,16,1:51:00,64.47%
101,Lora Tang,"Riverside, CA",525,1:51:06,8:29,F 40-44/4,F-41,17,1:51:18,62.67%
102,Apolonio Ocegueda,"San Bernardino, CA",445,1:51:23,8:30,M 50-54/7,M-52,85,1:52:06,59.62%
103,Rachelle Valdez,"Rancho Cucamonga, CA",368,1:51:34,8:31,F 45-49/3,F-47,18,1:51:44,65.86%
104,Sinta Tan,"Ontario, CA",354,1:52:00,8:33,F 30-34/3,F-33,19,1:52:29,58.37%
105,Dan Bixby,"Upland, CA",416,1:52:06,8:34,M 40-44/10,M-44,86,1:52:43,55.89%
106,Earl Wong,"San Jose, CA",391,1:52:07,8:34,M 35-39/13,M-38,87,1:52:07,53.77%
107,Tommy Owen,"Rancho Cucamonga, CA",279,1:52:27,8:35,M 25-29/7,M-27,88,1:52:55,52.04%
108,Emile Coy,"Corona, CA",475,1:52:52,8:37,M 55-59/2,M-59,89,1:53:24,62.48%
109,Richard Lopez,"San Bernardino, CA",215,1:53:13,8:39,M 45-49/16,M-49,90,1:53:24,57.32%
110,Alfredo Fierro,"Redlands, CA",443,1:53:20,8:39,M 25-29/8,M-29,91,1:54:13,51.63%
111,Adela Olivares,"Diamond Bar, CA",429,1:53:34,8:40,F 40-44/5,F-40,20,1:53:46,60.78%
112,Ed Valdez,"Rancho Cucamonga, CA",367,1:53:37,8:40,M 50-54/8,M-53,92,1:53:47,58.91%
113,Greg Serrato,"Ontario, CA",335,1:53:40,8:41,M 50-54/9,M-50,93,1:53:52,57.52%
114,Patrick Burke,"Orange, CA",49,1:53:49,8:41,M 35-39/14,M-38,94,1:54:04,52.97%
115,Carl Maxwell,"Pomona, CA",239,1:54:07,8:43,M 55-59/3,M-57,95,1:54:18,60.68%
116,Philip Schofield,"Moorpark, CA",329,1:54:07,8:43,M 35-39/15,M-38,96,1:54:37,52.83%
117,Brandon Hall,"Brea, CA",151,1:54:08,8:43,M 30-34/17,M-34,97,1:54:17,51.57%
118,Kevin Neff,"Pomona, CA",261,1:54:10,8:43,M 50-54/10,M-54,98,1:54:16,59.11%
119,Sean Sudol,"Corona, CA",501,1:54:13,8:43,M 18-24/11,M-20,99,1:54:28,52.71%
120,Ken Klein,"Azusa, CA",202,1:54:13,8:43,M 60-64/3,M-61,100,1:55:13,62.94%
121,Jim Crawford,"La Verne, CA",536,1:54:14,8:43,M 30-34/18,M-30,101,1:55:13,51.22%
122,Roberto Vargas,"Ontario, CA",466,1:54:14,8:43,M 70-74/1,M-70,102,1:54:19,69.68%
123,Zarah-Marie Healy,"Anaheim, CA",155,1:54:16,8:43,F 35-39/3,F-36,21,1:54:50,58.47%
124,Rudolph Howell,"Crestline, CA",481,1:54:16,8:43,M 40-44/11,M-43,103,1:54:58,54.45%
125,Eric Martin,"Riverside, CA",229,1:54:17,8:43,M 30-34/19,M-33,104,1:54:33,51.20%
126,Glenn Hamann,"Lake Arrowhead, CA",152,1:54:44,8:46,M 45-49/17,M-48,105,1:55:06,56.15%
127,Rita Pasiciel-Chalmers,"Hemet, CA",957,1:54:59,8:47,F 50-54/3,F-54,22,1:55:08,68.61%
128,Jose Estrada,"Rialto, CA",535,1:55:06,8:47,M 40-44/12,M-44,106,1:55:44,54.43%
129,Jimmy Waki,"Chino Hills, CA",376,1:55:17,8:48,M 45-49/18,M-49,107,1:55:28,56.29%
130,Abraham Kou,"Corona, CA",413,1:55:39,8:50,M Open/0,M-15,108,1:55:49,56.06%
131,Matthew Adams,"Riverside, CA",432,1:55:49,8:51,M 25-29/9,M-27,109,1:56:18,50.52%
132,Andy Candelario,"Fontana, CA",56,1:56:02,8:52,M 45-49/19,M-45,110,1:56:17,54.36%
133,Ramon Padilla,"Fontana, CA",436,1:56:07,8:52,M 35-39/16,M-36,111,1:56:50,51.29%
134,Anthony Andred,"Los Angeles, CA",21,1:56:14,8:52,M 40-44/13,M-41,112,1:57:23,52.85%
135,Gilbert Kelley,"Diamond Bar, CA",459,1:56:15,8:53,M 60-64/4,M-60,113,1:56:22,61.24%
136,Barbara Mezaki,"Rancho Cucamonga, CA",246,1:56:25,8:53,F 40-44/6,F-44,23,1:56:33,61.40%
137,Anakary Cardenas,"Bloomington, CA",581,1:56:34,8:54,F Open/0,F-15,24,1:57:44,62.20%
138,Jose Bermudez,"Fontana, CA",39,1:56:38,8:54,M 45-49/20,M-45,114,1:56:43,54.08%
139,James Luna,"Riverside, CA",224,1:56:38,8:54,M 45-49/21,M-45,115,1:57:09,54.08%
140,Michael Hornsby,"Moreno Valley, CA",397,1:56:46,8:55,M 18-24/12,M-18,116,1:56:48,52.84%
141,Brittany Fellows,"Highland, CA",545,1:56:46,8:55,F Open/0,F-14,25,1:57:01,63.23%
142,Candice Reyes,"Chino Hills, CA",302,1:56:55,8:56,F 18-24/2,F-24,26,2:03:55,55.92%
143,Mike Paul,"Rancho Cucamonga, CA",441,1:56:58,8:56,M 25-29/10,M-25,117,1:57:43,50.02%
144,Alma Butler,"Rancho Cucamonga, CA",52,1:56:59,8:56,F 35-39/4,F-35,27,1:57:13,56.66%
145,M Sanborn,"San Bernardino, CA",320,1:57:06,8:56,F 35-39/5,F-39,28,1:57:42,58.46%
146,David Ontiveros,"Loma Linda, CA",274,1:57:07,8:57,M 18-24/13,M-24,118,1:57:24,49.96%
147,George G Welsh Jr,"West Covina, CA",940,1:57:09,8:57,M 40-44/14,M-42,119,1:58:19,52.77%
148,Robin Soto,"Corona, CA",529,1:57:10,8:57,F 30-34/4,F-34,29,1:57:22,56.13%
149,Michele Martin,"Rancho Cucamonga, CA",232,1:57:14,8:57,F 35-39/6,F-36,30,1:57:28,56.99%
150,Bob Murray,"Yorba Linda, CA",470,1:57:18,8:57,M 50-54/11,M-52,120,1:57:26,56.61%
151,Robyn Roybal,"Highland, CA",314,1:57:21,8:58,F 45-49/4,F-47,31,1:57:31,62.62%
152,Mark Frankian,"Canyon Country, CA",117,1:57:32,8:58,M 45-49/22,M-45,121,1:57:46,53.67%
153,Vincent Polhemus,"Corona, CA",291,1:57:35,8:59,M 25-29/11,M-26,122,1:57:49,49.76%
154,Robert Moore,"Fontana, CA",254,1:57:38,8:59,M 50-54/12,M-51,123,1:57:51,56.01%
155,Jonathan Pauley,"Irvine, CA",399,1:57:51,9:00,M 45-49/23,M-45,124,1:57:58,53.52%
156,Mark Woodward,"San Jacinto, CA",392,1:57:54,9:00,M 40-44/15,M-42,125,1:58:55,52.44%
157,Dave Carlson,"Norco, CA",489,1:57:59,9:00,M 55-59/4,M-59,126,1:58:08,59.77%
158,Tess Antes-Neu,"Hacienda Hts, CA",958,1:58:00,9:01,F 40-44/7,F-42,32,1:58:36,59.51%
159,Scott Nichols,"Corona, CA",265,1:58:09,9:01,M 40-44/16,M-40,127,1:58:22,51.66%
160,Jean Laroche,"Santa Monica, CA",205,1:58:09,9:01,M 55-59/5,M-55,128,1:58:17,57.60%
161,Carl Burton,"Riverside, CA",500,1:58:10,9:01,M 60-64/5,M-63,129,1:58:20,62.08%
162,Suzan Erwin,"Rancho Cucamonga, CA",104,1:58:10,9:01,F 40-44/8,F-42,33,1:58:45,59.43%
163,Tyler Stroupe,"Thousand Oaks, CA",348,1:58:12,9:01,M 25-29/12,M-26,130,1:58:34,49.51%
164,Sharon Lemoine,"Corona, CA",537,1:58:53,9:05,F 35-39/7,F-38,34,1:59:27,57.11%
165,Dan Butler,"Chino, CA",51,1:59:15,9:06,M 30-34/20,M-32,131,1:59:50,49.06%
166,Sofia Rodriguez,"La Puente, CA",540,1:59:23,9:07,F 35-39/8,F-37,35,1:59:26,56.41%
167,Victoria Jaworski,"Riverside, CA",179,1:59:40,9:08,F 40-44/9,F-40,36,1:59:47,57.69%
168,Ronda Sims,"Rialto, CA",460,1:59:50,9:09,F 40-44/10,F-42,37,2:00:25,58.60%
169,Frank Barraza,"Rancho Cucamonga, CA",568,1:59:53,9:09,M 40-44/17,M-42,132,2:00:52,51.57%
170,Lisa Guajardo,"La Verne, CA",147,2:00:04,9:10,F 45-49/5,F-47,38,2:00:25,61.20%
171,Thomas Raupach,"San Pedro, CA",297,2:00:20,9:11,M 35-39/17,M-37,133,2:00:35,49.79%
172,Joseph Wojcik,"Claremont, CA",479,2:00:25,9:12,M 65-69/1,M-67,134,2:00:31,63.69%
173,Nathan Cafferky,"Loma Linda, CA",54,2:00:33,9:12,M 25-29/13,M-27,135,2:00:56,48.54%
174,Carlos Avila,"Riverside, CA",548,2:00:43,9:13,M 18-24/14,M-19,136,2:00:59,50.45%
175,Lawrence Gregge,"Moreno Valley, CA",408,2:00:58,9:14,M 50-54/13,M-52,137,2:01:18,54.89%
176,Roberto De La Torre,"Murrieta, CA",90,2:01:00,9:14,M 30-34/21,M-31,138,2:01:04,48.36%
177,Karla Adams,"Norco, CA",541,2:01:01,9:14,F 25-29/4,F-28,39,2:17:41,54.02%
178,Pedro Salgado,"Mira Loma, CA",319,2:01:03,9:14,M 40-44/18,M-40,139,2:01:23,50.42%
179,Tony Gammariello,"Simi Valley, CA",123,2:01:25,9:16,M 45-49/24,M-48,140,2:01:31,53.06%
180,John Urbina,"San Dimas, CA",366,2:01:57,9:19,M 35-39/18,M-37,141,2:02:06,49.13%
181,Madison Edwards,"Redlands, CA",605,2:02:17,9:20,F Open/0,F-13,40,2:03:27,61.61%
182,Jose Garcia Jr,"Moreno Valley, CA",128,2:02:45,9:22,M 30-34/22,M-31,142,2:03:19,47.67%
183,Matt Buller,"San Diego, CA",47,2:02:45,9:22,M 18-24/15,M-24,143,2:03:32,47.66%
184,Ralph Quesada,"Riverside, CA",477,2:02:50,9:23,M 45-49/25,M-47,144,2:02:53,52.07%
185,Greg Pittman,"Upland, CA",290,2:03:04,9:24,M 40-44/19,M-42,145,2:03:33,50.24%
186,Rhonda Scott,"Ontario, CA",423,2:03:14,9:25,F 45-49/6,F-45,41,2:03:27,58.53%
187,James George,"Corona, CA",450,2:03:20,9:25,M 50-54/14,M-53,146,2:03:47,54.27%
188,Samantha Taylor,"Corona, CA",998,2:03:22,9:25,F 30-34/5,F-33,42,2:03:30,52.99%
189,Jose Garcia,"Perris, CA",883,2:03:44,9:27,M 25-29/14,M-25,147,2:03:49,47.28%
190,Joe Johnson,"Redlands, CA",182,2:03:46,9:27,M 35-39/19,M-38,148,2:04:40,48.71%
191,Jesse Hernandez,"Norwalk, CA",160,2:03:47,9:27,M 18-24/16,M-19,149,2:04:09,49.20%
192,Julia Dunphy,"Harbor City, CA",510,2:03:50,9:27,F 65-69/1,F-65,43,2:03:59,73.09%
193,Cathy Domingo,"Loma Linda, CA",95,2:04:25,9:30,F 30-34/6,F-30,44,2:04:32,52.54%
194,Alvin Valdez,"Anaheim, CA",527,2:04:36,9:31,M 50-54/15,M-54,150,2:05:38,54.16%
195,Emil Cheng,"Diamond Bar, CA",71,2:04:47,9:32,M 30-34/23,M-33,151,2:05:01,46.89%
196,Tom Owen,"Rancho Cucamonga, CA",278,2:04:58,9:32,M 60-64/6,M-62,152,2:05:26,58.10%
197,Jerry Lukas,"Murrieta, CA",877,2:05:00,9:33,M 35-39/20,M-38,153,2:05:14,48.23%
198,Beverly Tibbo,"Tustin, CA",358,2:05:02,9:33,F 30-34/7,F-31,45,2:05:44,52.29%
199,Olivier Battaglione,"Rancho Cucamonga, CA",33,2:05:06,9:33,M 30-34/24,M-34,154,2:05:43,47.05%
200,Luis Diaz,"Pomona, CA",538,2:05:14,9:34,M 35-39/21,M-39,155,2:05:19,48.44%
201,Terri Willoughby,"Riverside, CA",496,2:05:35,9:35,F 45-49/7,F-48,46,2:05:55,59.07%
202,Charlotte Pereira Reisch,"Claremont, CA",480,2:05:39,9:36,F 40-44/11,F-41,47,2:06:10,55.41%
203,Shelly Mason,"Highland, CA",950,2:05:57,9:37,F 45-49/8,F-45,48,2:06:33,57.26%
204,Rick Gutman,"Alta Loma, CA",447,2:06:08,9:38,M 50-54/16,M-54,156,2:06:18,53.50%
205,Manuel Nunez,"Fontana, CA",269,2:06:29,9:39,M 25-29/15,M-25,157,2:06:39,46.26%
206,Brittany Quintana,"Fontana, CA",462,2:06:41,9:40,F Open/0,F-16,49,2:07:08,56.31%
207,Eric Richtman,"Rancho Cucamonga, CA",434,2:07:35,9:44,M 25-29/16,M-27,158,2:08:19,45.86%
208,Micahel Deetz,"San Bernardino, CA",92,2:07:44,9:45,M 45-49/26,M-47,159,2:07:52,50.07%
209,Beth Elwell,"Menifee, CA",99,2:07:53,9:46,F 35-39/9,F-39,50,2:08:23,53.53%
210,Daniel Mergil,"Pomona, CA",245,2:07:56,9:46,M 60-64/7,M-61,160,2:08:49,56.19%
211,John Gunty,"Rancho Cucamonga, CA",400,2:08:01,9:46,M 25-29/17,M-28,161,2:08:36,45.71%
212,William Cavanaugh,"San Bernardino, CA",63,2:08:08,9:47,M 35-39/22,M-39,162,2:09:13,47.34%
213,Dawn Critchfield,"Rancho Cucamonga, CA",85,2:08:10,9:47,F 45-49/9,F-45,51,2:09:14,56.27%
214,Erin Fahres,"Rancho Cucamonga, CA",409,2:08:20,9:48,F 18-24/3,F-23,52,2:08:40,51.21%
215,Justin Rieger,"Los Angeles, CA",304,2:08:29,9:49,M 18-24/17,M-24,163,2:08:50,45.54%
216,Gina Stassi,"Los Angeles, CA",346,2:08:29,9:49,F 18-24/4,F-24,53,2:08:50,50.88%
217,Barbara Carlson,"Norco, CA",58,2:08:29,9:49,F 55-59/1,F-56,54,2:08:38,62.79%
218,Kevin Bowls,"Temecula, CA",43,2:08:32,9:49,M 50-54/17,M-50,164,2:09:03,50.87%
219,Jonathan Chin,"Loma Linda, CA",72,2:08:48,9:50,M 55-59/6,M-56,165,2:09:01,53.29%
220,Jack Young,"Upland, CA",395,2:09:06,9:51,M 45-49/27,M-47,166,2:09:31,49.54%
221,Flavio Argueta,"Montclair, CA",24,2:09:32,9:53,M 35-39/23,M-37,167,2:10:26,46.26%
222,Marty Spainhower,"Corona, CA",345,2:09:38,9:54,M 50-54/18,M-50,168,2:10:01,50.44%
223,Herbert Johnson Jr,"Claremont, CA",513,2:09:53,9:55,M 45-49/28,M-45,169,2:10:48,48.56%
224,Jeremy Fuerte,"Colton, CA",119,2:10:00,9:55,M Open/0,M-16,170,2:10:24,48.96%
225,Ed Chavez,"Mira Loma, CA",70,2:10:03,9:56,M 45-49/29,M-49,171,2:10:10,49.90%
226,Todd King,"West Hills, CA",200,2:10:03,9:56,M 45-49/30,M-46,172,2:10:31,48.84%
227,Scott Gotreau,"Corona, CA",946,2:10:04,9:56,M 35-39/24,M-36,173,2:10:41,45.79%
228,Myrna    M Moreno,"Chino Hills, CA",255,2:10:08,9:56,F 45-49/10,F-47,55,2:10:18,56.46%
229,Rebecca Smith,"Ontario, CA",342,2:10:36,9:58,F 35-39/10,F-37,56,2:11:16,51.57%
230,Lynda Vitort,"Riverside, CA",372,2:10:47,9:59,F 45-49/11,F-47,57,2:11:50,56.18%
231,Laura Boroughf,"Upland, CA",41,2:11:08,10:01,F 25-29/5,F-26,58,2:11:47,49.85%
232,Valarie Serrato,"Ontario, CA",334,2:11:09,10:01,F 40-44/12,F-41,59,2:11:21,53.08%
233,Julie Sanchez,"Fontana, CA",433,2:11:13,10:01,F 45-49/12,F-45,60,2:11:38,54.97%
234,Kim Amy,"Las Vegas, NV",18,2:11:23,10:02,F 40-44/13,F-40,61,2:11:58,52.54%
235,Ryan Pennock,"Rancho Cucamonga, CA",284,2:11:38,10:03,M 35-39/25,M-35,174,2:11:49,44.98%
236,Christopher Ulreich,"Highland, CA",363,2:11:45,10:03,M 30-34/25,M-32,175,2:12:13,44.41%
237,Jesica Lexis Leigh,"Huntington Beach, CA",208,2:11:59,10:05,F 25-29/6,F-27,62,2:12:57,49.53%
238,Rick Guerrero,"Riverside, CA",461,2:12:02,10:05,M 45-49/31,M-49,176,2:12:23,49.15%
239,Russ Villescas,"Walnut, CA",371,2:12:22,10:06,M 50-54/19,M-52,177,2:13:12,50.17%
240,Joshua Hayes,"Whittier, CA",952,2:12:26,10:07,M 30-34/26,M-31,178,2:12:33,44.18%
241,Jessie Yick,"Claremont, CA",394,2:12:28,10:07,F 25-29/7,F-26,63,2:13:01,49.35%
242,Debby Wall,"Rancho Cucamonga, CA",379,2:12:32,10:07,F 45-49/13,F-45,64,2:13:10,54.42%
243,Roy Kidwell,"Corona, CA",199,2:12:34,10:07,M 35-39/26,M-38,179,2:13:09,45.47%
244,Sandra Sloan,"Rancho Cucamonga, CA",509,2:12:45,10:08,F 40-44/14,F-44,65,2:13:25,53.84%
245,Vanessa Rodriguez,"Rancho Cucamonga, CA",309,2:12:48,10:08,F 25-29/8,F-27,66,2:13:04,49.23%
246,Janie Lopez,"Los Angeles, CA",217,2:12:58,10:09,F 25-29/9,F-27,67,2:13:01,49.17%
247,Stephen Lyons,"La Verne, CA",484,2:13:09,10:10,M 35-39/27,M-36,180,2:13:57,44.73%
248,Mallory Olson,"Berrien Springs, MI",272,2:13:19,10:11,F 50-54/4,F-52,68,2:13:49,57.93%
249,Paul Manrique,"Corona, CA",226,2:13:33,10:12,M 45-49/32,M-49,181,2:14:37,48.59%
250,Andrea Johnson,"San Bernardino, CA",547,2:13:40,10:12,F 40-44/15,F-44,69,2:13:57,53.47%
251,Sayla Hicks,"Highland, CA",162,2:13:40,10:12,F Open/0,F-15,70,2:13:58,54.24%
252,Johnna Randazzo,"Redlands, CA",993,2:13:40,10:12,F Open/0,F-15,71,2:13:57,54.24%
253,Kristy Morris,"Highland, CA",992,2:13:41,10:12,F Open/0,F-16,72,2:13:58,53.36%
254,Briana Beck,"Mentone, CA",546,2:13:42,10:12,F Open/0,F-16,73,2:13:59,53.35%
255,David Griffin,"Chino Hills, CA",145,2:13:49,10:13,M 35-39/28,M-38,182,2:14:04,45.05%
256,Olivia Hernandez,"Rancho Cucamonga, CA",159,2:13:58,10:14,F 18-24/5,F-20,74,2:14:30,50.54%
257,Carolyn Edwards,"San Bernardino, CA",418,2:14:12,10:15,F 35-39/11,F-35,75,2:14:56,49.39%
258,Lori C Piccini,"Murrieta, CA",289,2:14:17,10:15,F 35-39/12,F-39,76,2:14:30,50.98%
259,Michele Nelson,"Riverside, CA",263,2:14:18,10:15,F 30-34/8,F-31,77,2:14:32,48.68%
260,Carolyn Voss,"Walnut, CA",374,2:14:27,10:16,F 18-24/6,F-20,78,2:15:14,50.36%
261,Steven Castro,"Riverside, CA",62,2:14:42,10:17,M 35-39/29,M-36,183,2:15:28,44.21%
262,Donald Zabala,"Ontario, CA",396,2:14:54,10:18,M Open/0,M-17,184,2:15:27,46.41%
263,Joseph Sexton,"Riverside, CA",939,2:15:27,10:20,M 35-39/30,M-37,185,2:15:56,44.24%
264,Aileen Couture,"Riverside, CA",82,2:15:34,10:21,F 45-49/14,F-47,79,2:16:28,54.20%
265,Darrin Hoebel,"Anaheim, CA",164,2:15:34,10:21,M 35-39/31,M-39,186,2:15:43,44.74%
266,Karie Hoebel,"Anaheim, CA",163,2:15:35,10:21,F 35-39/13,F-37,80,2:15:43,49.67%
267,Susan Chavez,"Riverside, CA",493,2:15:39,10:21,F Open/0,F-12,81,2:16:01,56.82%
268,Richard Flin,"Chino, CA",110,2:15:53,10:22,M 45-49/33,M-49,187,2:16:07,47.76%
269,Joyce Goral,"Orange, CA",138,2:16:23,10:25,F 40-44/16,F-42,82,2:16:56,51.49%
270,David Hering,"Rancho Cucamonga, CA",157,2:16:28,10:25,M 35-39/32,M-38,188,2:16:52,44.17%
271,Long Sung,"Rosemead, CA",478,2:16:31,10:25,M 25-29/18,M-27,189,2:16:41,42.86%
272,Ronald Mataya,"Loma Linda, CA",235,2:16:43,10:26,M 55-59/7,M-56,190,2:16:48,50.20%
273,Mickey Ask,"Colton, CA",25,2:16:44,10:26,M 55-59/8,M-57,191,2:16:48,50.64%
274,Jerome Johnson,"Rancho Cucamonga, CA",181,2:16:45,10:26,M 45-49/34,M-46,192,2:16:50,46.44%
275,Jill Phillips,"Corona, CA",288,2:16:53,10:27,F 40-44/17,F-41,83,2:17:24,50.86%
276,Mark Getchell,"Claremont, CA",131,2:17:06,10:28,M 25-29/19,M-29,193,2:17:17,42.68%
277,Juan Amaral,"Chino, CA",16,2:17:09,10:28,M 45-49/35,M-45,194,2:17:15,45.98%
278,Joseph Reilly,"Orange, CA",300,2:17:31,10:30,M 60-64/8,M-64,195,2:17:50,53.92%
279,Ivan Lugo,"Moreno Valley, CA",223,2:17:48,10:31,M 25-29/20,M-27,196,2:18:40,42.46%
280,Lisa Kelly,"Rancho Cucamonga, CA",193,2:17:56,10:32,F 40-44/18,F-41,84,2:18:07,50.47%
281,Rajan Christian,"Loma Linda, CA",73,2:18:06,10:33,M 35-39/33,M-38,197,2:18:38,43.65%
282,Mario Garcia,"Rancho Cucamonga, CA",127,2:18:36,10:35,M Open/0,M-14,198,2:18:46,47.77%
283,Debby Hulsebosch,"Rancho Cucamonga, CA",173,2:18:43,10:35,F 30-34/9,F-30,85,2:18:58,47.13%
284,Yesenia Mejia-Hudson,"Riverside, CA",241,2:18:54,10:36,F 35-39/14,F-36,86,2:19:24,48.10%
285,Alejandro Irineo,"Riverside, CA",411,2:19:15,10:38,M 35-39/34,M-35,199,2:19:24,42.52%
286,Janet Willard,"Riverside, CA",385,2:19:17,10:38,F 50-54/5,F-52,87,2:19:25,55.44%
287,Monireh Moghadam,"Riverside, CA",249,2:19:19,10:38,F 35-39/15,F-35,88,2:19:28,47.58%
288,Kerry Goral Sr,"Orange, CA",139,2:19:50,10:40,M 50-54/20,M-51,200,2:20:23,47.12%
289,Robert Tellkamp,"Rancho Cucamonga, CA",355,2:19:53,10:41,M 35-39/35,M-38,201,2:20:31,43.10%
290,Henry Wolfe,"Highland, CA",390,2:20:01,10:41,M 65-69/2,M-65,202,2:20:13,53.54%
291,Robert Voss,"Walnut, CA",375,2:20:03,10:41,M 50-54/21,M-53,203,2:20:50,47.79%
292,Les Schaefer,"Rancho Cucamonga, CA",327,2:20:11,10:42,M 40-44/20,M-40,204,2:20:26,43.54%
293,Borg Hsu,"Villa Park, CA",169,2:20:13,10:42,M 25-29/21,M-27,205,2:20:54,41.73%
294,Salvador Arteaga,"Rancho Cucamonga, CA",534,2:20:20,10:43,M 40-44/21,M-41,206,2:21:16,43.77%
295,Laura Neglia,"Riverside, CA",262,2:20:47,10:45,F 40-44/19,F-44,89,2:21:05,50.77%
296,Rita Cobb,"Riverside, CA",76,2:20:47,10:45,F 40-44/20,F-42,90,2:21:05,49.88%
297,Raman Unnikrishnan,"Fullerton, CA",364,2:20:59,10:46,M 60-64/9,M-63,207,2:21:05,52.03%
298,Harold Overton,"Los Angeles, CA",277,2:21:06,10:46,M 35-39/36,M-37,208,2:21:12,42.46%
299,Donna Espinoza,"Redlands, CA",526,2:21:18,10:47,F 35-39/16,F-38,91,2:21:47,48.05%
300,Theresa Wolfe,"Highland, CA",389,2:21:19,10:47,F 55-59/2,F-55,92,2:21:31,56.45%
301,Josh Hernandez,"Corona, CA",498,2:21:42,10:49,M 18-24/18,M-24,209,2:22:38,41.29%
302,Alan Banks,"Crestline, CA",532,2:21:57,10:50,M 65-69/3,M-68,210,2:22:13,54.68%
303,Robert Thompson,"Trabuco Canyon, CA",356,2:22:00,10:50,M 45-49/36,M-48,211,2:22:57,45.37%
304,Gail Foyle,"Corona, CA",115,2:22:19,10:52,F 50-54/6,F-50,93,2:22:50,53.16%
305,Anna Pudelek,"Moreno Valley, CA",292,2:23:05,10:55,F 45-49/15,F-45,94,2:23:23,50.41%
306,Pablo D'Angelo,"San Dimas, CA",87,2:23:26,10:57,M 30-34/27,M-33,212,2:24:05,40.79%
307,Ghia Patton,"Rancho Cucamonga, CA",282,2:23:28,10:57,F 40-44/21,F-42,95,2:23:42,48.95%
308,Beth Dalton,"Rancho Cucamonga, CA",89,2:23:43,10:58,F 45-49/16,F-45,96,2:24:48,50.18%
309,Yvette Solis,"Ontario, CA",344,2:23:59,10:59,F 25-29/10,F-25,97,2:24:39,45.40%
310,Brittany Gray,"Chino Hills, CA",141,2:24:10,11:00,F 25-29/11,F-25,98,2:24:43,45.35%
311,Juan Nunez,"Glendale, CA",270,2:24:29,11:02,M 40-44/22,M-40,213,2:25:01,42.25%
312,David Parral III,"La Puente, CA",402,2:24:34,11:02,M 40-44/23,M-41,214,2:25:01,42.49%
313,David Anderson,"Claremont, CA",506,2:24:41,11:03,M 55-59/9,M-56,215,2:25:02,47.44%
314,Christin Ilharreguy,"San Dimas, CA",960,2:24:53,11:04,F 30-34/10,F-32,99,2:25:56,45.12%
315,Gina Lawson-Egan,"Ontario, CA",515,2:25:09,11:05,F 45-49/17,F-45,100,2:25:42,49.69%
316,Rebecca Hamm,"Claremont, CA",153,2:25:12,11:05,F 45-49/18,F-46,101,2:25:45,50.13%
317,Jose Ontiveros,"Loma Linda, CA",273,2:25:22,11:06,M 55-59/10,M-57,216,2:25:39,47.63%
318,James Galyen,"Redlands, CA",121,2:25:23,11:06,M 65-69/4,M-67,217,2:25:48,52.75%
319,Roland Gutierrez,"Fontana, CA",483,2:25:24,11:06,M 50-54/22,M-54,218,2:25:40,46.41%
320,Gregory Leite,"Los Angeles, CA",209,2:26:07,11:09,M 30-34/28,M-30,219,2:26:53,40.04%
321,Anthony Magana,"Riverside, CA",225,2:26:35,11:11,M 50-54/23,M-52,220,2:28:31,45.30%
322,Sue Robertson,"Fontana, CA",307,2:26:43,11:12,F 50-54/7,F-51,102,2:27:11,52.09%
323,Genaro Mitjans,"Glendale, CA",248,2:27:00,11:13,F 35-39/17,F-36,103,2:27:31,45.45%
324,Dexter Emoto,"Loma Linda, CA",101,2:27:07,11:14,M 50-54/24,M-53,221,2:27:12,45.49%
325,Nikole Rushlow,"Riverside, CA",315,2:27:34,11:16,F 35-39/18,F-35,104,2:28:15,44.91%
326,Tony Smith,"Yucaipa, CA",341,2:27:41,11:16,M 35-39/37,M-35,222,2:28:40,40.09%
327,Rebecca Gutierrez,"Perris, CA",148,2:27:52,11:17,F 30-34/11,F-33,105,2:28:44,44.21%
328,Michael Verner,"Calimesa, CA",482,2:28:13,11:19,M 65-69/5,M-67,223,2:28:44,51.74%
329,Jose Guzman,"Moreno Valley, CA",149,2:28:23,11:20,M 50-54/25,M-51,224,2:29:22,44.40%
330,Michele Epps,"Yucaipa, CA",103,2:28:27,11:20,F 40-44/22,F-40,106,2:29:02,46.50%
331,Rudy Westervelt,"Crestline, CA",383,2:28:33,11:20,M 55-59/11,M-57,225,2:28:55,46.61%
332,Jessica Hurst,"San Bernardino, CA",175,2:28:36,11:21,F 30-34/12,F-31,107,2:29:22,43.99%
333,Sharon Lavalley,"Riverside, CA",942,2:28:42,11:21,F 50-54/8,F-53,108,2:28:53,52.48%
334,Linda Coy,"Chino Hills, CA",83,2:29:00,11:22,F 45-49/19,F-47,109,2:29:41,49.31%
335,Judith Hering,"Los Angeles, CA",156,2:29:00,11:22,F 45-49/20,F-48,110,2:29:23,49.79%
336,Lory Candelario,"Fontana, CA",55,2:29:15,11:24,F 40-44/23,F-43,111,2:29:31,47.46%
337,Harry Lorrimer,"Glendale, CA",438,2:29:52,11:26,M 50-54/26,M-53,226,2:29:57,44.66%
338,Teresa Schneider,"Rancho Cucamonga, CA",328,2:30:05,11:27,F 35-39/19,F-38,112,2:30:19,45.24%
339,Benjamin Cruz,"Los Angeles, CA",937,2:30:06,11:27,M 25-29/22,M-27,227,2:31:03,38.98%
340,Steve Bretches,"Corona, CA",497,2:30:40,11:30,M 45-49/37,M-47,228,2:31:35,42.45%
341,Veronica Mendoza,"Los Angeles, CA",244,2:30:40,11:30,F 25-29/12,F-26,113,2:31:26,43.39%
342,Jim Warmington,"Ontario, CA",955,2:31:58,11:36,M 50-54/27,M-51,229,2:32:18,43.35%
343,Al Cazas,"Loma Linda, CA",65,2:32:07,11:37,M 50-54/28,M-50,230,2:33:20,42.98%
344,Rafael Garcia,"Mira Loma, CA",124,2:32:12,11:37,M 18-24/19,M-23,231,2:32:44,38.49%
345,Mary Gonzales,"Northridge, CA",469,2:32:12,11:37,F 50-54/9,F-54,114,2:32:49,51.83%
346,Patricia Hathor,"Colton, CA",522,2:32:27,11:38,F 45-49/21,F-48,115,2:33:04,48.66%
347,Rachel Sutton,"Ontario, CA",352,2:32:30,11:38,F 35-39/20,F-38,116,2:33:06,44.52%
348,Kym McNeil,"Hacienda Hts, CA",485,2:32:30,11:38,F 45-49/22,F-48,117,2:33:23,48.64%
349,Mami Hsu,"Villa Park, CA",170,2:32:55,11:40,F 18-24/7,F-24,118,2:33:37,42.75%
350,Yukiko Flournoy,"Rancho Cucamonga, CA",112,2:33:04,11:41,F 65-69/2,F-65,119,2:33:09,59.13%
351,Sara Nunez,"Corona, CA",271,2:33:44,11:44,F 35-39/21,F-36,120,2:33:54,43.46%
352,Don McNeil,"Hacienda Hts, CA",486,2:33:45,11:44,M 45-49/38,M-48,232,2:34:37,41.90%
353,Nadine Okuns,"San Bernardino, CA",472,2:34:01,11:45,F 40-44/24,F-42,121,2:34:09,45.59%
354,Paul Quinto,"Walnut, CA",294,2:34:22,11:47,M 18-24/20,M-22,233,2:34:38,38.25%
355,Rand Nielson,"Sandy, UT",266,2:34:22,11:47,M 55-59/12,M-55,234,2:34:28,44.08%
356,Viesturs Quinto,"Rialto, CA",295,2:34:24,11:47,M 18-24/21,M-23,235,2:34:40,37.94%
357,Daniel Castillon,"Ontario, CA",61,2:34:40,11:48,M 65-69/6,M-68,236,2:35:07,50.18%
358,Denise Petersen,"Redlands, CA",286,2:34:46,11:49,F 30-34/13,F-34,122,2:35:39,42.49%
359,Linda White,"Rancho Cucamonga, CA",384,2:34:53,11:49,F 35-39/22,F-38,123,2:35:03,43.84%
360,Lisa Gonzales,"Chino, CA",134,2:34:54,11:49,F 30-34/14,F-31,124,2:35:29,42.20%
361,Maritza Valle,"Fontana, CA",369,2:35:11,11:51,F 35-39/23,F-35,125,2:35:38,42.71%
362,Lily Dominguez,"Riverside, CA",96,2:35:34,11:52,F 30-34/15,F-33,126,2:36:08,42.02%
363,Charles Van Zee,"Riverside, CA",457,2:35:35,11:53,M 60-64/10,M-60,237,2:35:50,45.76%
364,Kathryn Kendall,"Claremont, CA",195,2:36:11,11:55,F 18-24/8,F-24,127,2:36:26,41.86%
365,Belinda Walker,"Riverside, CA",378,2:36:14,11:56,F 45-49/23,F-48,128,2:36:45,47.48%
366,Sara Loeper,"Rancho Cucamonga, CA",435,2:36:14,11:56,F 18-24/9,F-21,129,2:36:53,42.88%
367,Oscar Garcia,"Riverside, CA",519,2:36:15,11:56,M 55-59/13,M-57,238,2:36:24,44.31%
368,Shani Kaufman,"Covina, CA",451,2:36:34,11:57,F 35-39/24,F-37,130,2:37:19,43.01%
369,Tammy Pino,"Glendora, CA",452,2:36:34,11:57,F 35-39/25,F-39,131,2:37:19,43.72%
370,Vera Sanchez,"La Puente, CA",321,2:36:54,11:59,F 40-44/25,F-42,132,2:37:15,44.76%
371,Victoria Groscost,"Brea, CA",146,2:37:40,12:02,F 35-39/26,F-37,133,2:38:22,42.71%
372,Moses Christian,"Loma Linda, CA",75,2:37:42,12:02,M 75-79/1,M-75,239,2:38:15,54.18%
373,Joesel Sabio,"Moreno Valley, CA",317,2:37:54,12:03,M 40-44/24,M-42,240,2:38:42,39.15%
374,Conception Banks,"Crestline, CA",531,2:37:58,12:03,F 60-64/1,F-62,134,2:38:18,54.98%
375,Angelina Cavanaugh,"San Bernardino, CA",64,2:38:38,12:07,F 35-39/27,F-38,135,2:39:44,42.80%
376,Daniel Lara,"Ontario, CA",945,2:38:48,12:07,M 35-39/38,M-36,241,2:39:45,37.50%
377,Felicia Webber,"San Bernardino, CA",380,2:38:58,12:08,F 35-39/28,F-37,136,2:39:41,42.36%
378,Misael Hernandez,"Los Angeles, CA",936,2:39:04,12:08,M 35-39/39,M-37,242,2:40:01,37.67%
379,Eva Tibbo,"Ontario, CA",357,2:40:00,12:13,F 30-34/16,F-34,137,2:40:44,41.10%
380,Cassandra Duong,"San Bernardino, CA",97,2:40:33,12:15,F 35-39/29,F-39,138,2:40:53,42.64%
381,Tammy Nelson,"Riverside, CA",264,2:40:54,12:17,F 35-39/30,F-37,139,2:41:11,41.86%
382,Juan Rosas,"Corona, CA",414,2:40:56,12:17,M 30-34/29,M-33,243,2:41:23,36.36%
383,Carolyn Murphy,"Riverside, CA",257,2:41:19,12:19,F 18-24/10,F-22,140,2:42:10,41.12%
384,Michelle Montes,"Highland, CA",487,2:41:19,12:19,F 35-39/31,F-36,141,2:42:10,41.41%
385,Gayle Burke,"Orange, CA",48,2:41:24,12:19,F 40-44/26,F-42,142,2:41:58,43.51%
386,Rosa Nelly Garza,"Rowland Heights, CA",130,2:41:25,12:19,F 55-59/3,F-56,143,2:42:06,49.98%
387,Amylou Frank,"Montclair, CA",116,2:41:55,12:22,F 25-29/13,F-29,144,2:42:34,40.37%
388,Yvonne Juarez,"Montclair, CA",464,2:42:09,12:23,F 45-49/24,F-47,145,2:43:09,45.31%
389,Benito Juarez,"Montclair, CA",465,2:42:09,12:23,M 55-59/14,M-55,244,2:43:09,41.97%
390,Georgeta Marin,"San Bernardino, CA",227,2:42:34,12:25,F 45-49/25,F-49,146,2:42:39,46.08%
391,Garrett Ritchea,"Riverside, CA",305,2:42:42,12:25,M 25-29/23,M-26,245,2:44:38,35.96%
392,Paula Emanuele,"Walnut, CA",100,2:42:45,12:25,F 40-44/27,F-40,147,2:43:27,42.42%
393,Valerie Burton,"Riverside, CA",931,2:43:03,12:27,F 55-59/4,F-56,148,2:43:32,49.48%
394,James Hughes,"Santa Monica, CA",171,2:43:05,12:27,M 35-39/40,M-35,246,2:43:05,36.30%
395,Patricia Barbosa,"Ontario, CA",31,2:43:55,12:31,F 25-29/14,F-29,149,2:44:47,39.88%
396,Waugh Khandie,"Los Angeles, CA",198,2:44:09,12:32,F 25-29/15,F-28,150,2:45:04,39.82%
397,Rosa Hornsby,"Riverside, CA",503,2:44:27,12:33,F 45-49/26,F-47,151,2:44:47,44.68%
398,Jose Juarez,"Ontario, CA",511,2:44:34,12:34,M 50-54/29,M-50,247,2:45:22,39.73%
399,Jennifer Bourgeois,"Norco, CA",42,2:45:08,12:36,F 35-39/32,F-36,152,2:46:12,40.46%
400,Cheryl Shira,"Yucaipa, CA",337,2:46:00,12:40,F 45-49/27,F-45,153,2:46:35,43.45%
401,Cathleen Corella-Polanco,"Highland, CA",80,2:46:20,12:42,F 40-44/28,F-41,154,2:46:56,41.86%
402,Jennifer Sais,"Chino Hills, CA",505,2:46:54,12:44,F 25-29/16,F-26,155,2:47:20,39.17%
403,Brenda Schwinghammer,"Upland, CA",330,2:47:16,12:46,F 30-34/17,F-33,156,2:47:57,39.08%
404,Senita Rogers,"Chino, CA",310,2:47:27,12:47,F 35-39/33,F-36,157,2:48:12,39.90%
405,Roberta Figueroa,"Yucaipa, CA",108,2:47:44,12:48,F 30-34/18,F-34,158,2:48:22,39.21%
406,Debra Smith,"Yucaipa, CA",340,2:47:45,12:48,F 50-54/10,F-53,159,2:48:23,46.52%
407,Teresa Bennett,"Upland, CA",36,2:48:36,12:52,F 50-54/11,F-54,160,2:48:48,46.79%
408,Dawn Saunders,"Redlands, CA",324,2:48:54,12:54,F 40-44/29,F-43,161,2:49:22,41.94%
409,Satoshi Yamazaki,"Whittier, CA",393,2:49:15,12:55,M 55-59/15,M-58,248,2:49:39,41.28%
410,Kristen Mason,"Corona, CA",233,2:49:17,12:55,F 30-34/19,F-33,162,2:49:47,38.62%
411,Dave Littlehales,"La Mirada, CA",213,2:50:03,12:59,M 55-59/16,M-59,249,2:50:22,41.47%
412,Maria Leyva,"Beaumont, CA",961,2:50:19,13:00,F 25-29/17,F-27,163,2:50:19,38.38%
413,Joann Shelton,"San Bernardino, CA",947,2:50:27,13:01,F 45-49/28,F-47,164,2:50:51,43.11%
414,James Burns,"Norco, CA",50,2:51:33,13:06,M 65-69/7,M-65,250,2:52:09,43.69%
415,Ana Flores,"Chino, CA",111,2:51:59,13:08,F 35-39/34,F-35,165,2:52:14,38.54%
416,Duncan Macfarlane,"Fontana, CA",427,2:52:12,13:09,M 60-64/11,M-64,251,2:53:05,43.06%
417,Barbara Goering,"Chicago, IL",133,2:52:35,13:10,F 55-59/5,F-55,166,2:53:44,46.22%
418,Kimwuana Kelley,"Ontario, CA",192,2:52:59,13:12,F 25-29/18,F-29,167,2:54:30,37.79%
419,John Johnson,"Moreno Valley, CA",183,2:53:00,13:12,M 45-49/39,M-45,252,2:55:55,36.46%
420,Maria Lopez,"Cathedral City, CA",216,2:53:01,13:12,F 35-39/35,F-36,168,2:54:03,38.61%
421,Tracey Quach,"Pomona, CA",293,2:53:09,13:13,F 30-34/20,F-33,169,2:54:11,37.75%
422,Maximiliano Velazques,"Los Angeles, CA",934,2:53:29,13:14,M 40-44/25,M-43,253,2:54:25,35.87%
423,Yvonne Weber,"Rancho Cucamonga, CA",381,2:54:37,13:20,F 70-74/1,F-70,170,2:54:51,56.00%
424,Sharon Irving,"Corona, CA",176,2:54:47,13:20,F 50-54/12,F-52,171,2:55:12,44.18%
425,Constance Koenig,"San Bernardino, CA",204,2:55:24,13:23,F 55-59/6,F-58,172,2:56:30,47.08%
426,Grace Jimenez,"Moreno Valley, CA",180,2:55:41,13:25,F 55-59/7,F-56,173,2:55:59,45.92%
427,Vickie Diaz,"Fontana, CA",93,2:57:02,13:31,F 45-49/29,F-45,174,2:57:53,40.74%
428,Graciela Amaya,"Fullerton, CA",17,2:57:10,13:31,F 35-39/36,F-35,175,2:58:17,37.41%
429,Pauline Morgan,"Rowland Heights, CA",256,2:57:14,13:32,F 50-54/13,F-54,176,2:57:53,44.51%
430,Lisa Williams,"Riverside, CA",386,2:57:17,13:32,F 40-44/30,F-44,177,2:57:34,40.32%
431,Vanessa Flores,"Highland, CA",425,2:57:29,13:33,F 30-34/21,F-34,178,2:57:46,37.05%
432,Rachelle Sullivan,"Upland, CA",349,2:57:36,13:33,F 35-39/37,F-37,179,2:58:14,37.92%
433,Saul Mendoza,"Fontana, CA",243,2:57:38,13:33,M 25-29/24,M-27,254,2:57:47,32.94%
434,Dolores Mendoza,"Fontana, CA",242,2:57:48,13:34,F 45-49/30,F-48,180,2:57:55,41.72%
435,Jennifer Ornelas,"South Gate, CA",276,2:57:51,13:34,F 18-24/11,F-24,181,2:58:34,36.76%
436,Rc Trujillo,"Nuevo, CA",362,2:57:58,13:35,F 45-49/31,F-45,182,2:59:13,40.53%
437,Paz Juarez,"Ontario, CA",514,2:58:04,13:35,F 45-49/32,F-46,183,2:58:51,40.88%
438,Tanya Mauldin,"Apple Valley, CA",238,2:58:21,13:37,F 50-54/14,F-54,184,2:59:15,44.23%
439,Luz Garcia Pennock,"Rancho Cucamonga, CA",129,2:58:26,13:37,F 35-39/38,F-35,185,2:58:37,37.14%
440,Eddie Agundez,"Sun City, CA",412,2:58:50,13:39,M 30-34/30,M-33,255,2:59:57,32.72%
441,Sandi Ogendahl,"Ontario, CA",512,2:59:03,13:40,F 50-54/15,F-53,186,2:59:43,43.59%
442,James Fryman,"Alta Loma, CA",467,3:00:09,13:45,M 45-49/40,M-46,256,3:01:06,35.25%
443,Michele Lucero,"Los Angeles, CA",222,3:00:41,13:47,F 25-29/19,F-29,187,3:01:01,36.18%
444,Emma Sabean,"Claremont, CA",316,3:01:22,13:51,F 35-39/39,F-39,188,3:02:36,37.74%
445,Daniel Espinosa,"Covina, CA",949,3:01:57,13:53,M 50-54/30,M-52,257,3:02:38,36.49%
446,Tolly Scarborough,"Chino, CA",326,3:03:07,13:59,F 55-59/8,F-59,189,3:03:44,45.65%
447,Rosheen Erangey,"Redondo Beach, CA",951,3:03:42,14:01,F 40-44/31,F-40,190,3:04:27,37.58%
448,Art Montes,"Highland, CA",252,3:05:20,14:09,M 35-39/41,M-39,258,3:06:11,32.73%
449,Jane Gopez,"Moreno Valley, CA",137,3:05:20,14:09,F 30-34/22,F-30,191,3:06:11,35.27%
450,Sara Christian,"Mira Loma, CA",74,3:05:31,14:10,F Open/0,F-16,192,3:06:02,38.45%
451,Laura Glenn,"Highland, CA",132,3:08:15,14:22,F 35-39/40,F-38,193,3:09:05,36.07%
452,Ingrid Enoex-Fistori,"Rancho Cucamonga, CA",102,3:08:39,14:24,F 55-59/9,F-56,194,3:08:51,42.76%
453,Bob Chase,"Corona, CA",69,3:09:34,14:28,M 45-49/41,M-48,259,3:09:46,33.98%
454,Archiball Flournoy,"Rancho Cucamonga, CA",113,3:10:00,14:30,M 60-64/12,M-64,260,3:10:24,39.02%
455,Arnita D Hornsby,"Moreno Valley, CA",165,3:10:05,14:30,F 40-44/32,F-40,195,3:10:24,36.32%
456,Elaine Flin,"Chino, CA",109,3:10:51,14:34,F 45-49/33,F-47,196,3:11:43,38.50%
457,Toni Greene,"Yucaipa, CA",142,3:10:59,14:35,F 70-74/2,F-72,197,3:11:36,52.99%
458,Anthony Williams,"Fontana, CA",410,3:11:01,14:35,M 45-49/42,M-49,261,3:11:28,33.97%
459,Synovia Trim,"Chino, CA",360,3:11:03,14:35,F 45-49/34,F-48,198,3:11:28,38.83%
460,Marie Shillingford,"Chino Hills, CA",336,3:11:03,14:35,F 45-49/35,F-48,199,3:11:28,38.83%
461,Angelina Richards,"Rancho Cucamonga, CA",303,3:11:43,14:38,F 30-34/23,F-34,200,3:11:55,34.30%
462,Sara Fossen,"Chandler, AZ",521,3:11:43,14:38,F 35-39/41,F-39,201,3:11:55,35.71%
463,Bill Greene,"Yucaipa, CA",143,3:12:24,14:41,M 75-79/2,M-76,262,3:13:00,45.12%
464,Madelyn Walker,"Upland, CA",377,3:13:22,14:45,F 55-59/10,F-57,202,3:13:47,42.20%
465,Dan Bell,"Corona, CA",35,3:13:52,14:48,M 45-49/43,M-49,263,3:15:06,33.47%
466,Pete Roselle,"Corona, CA",312,3:13:53,14:48,M 30-34/31,M-34,264,3:15:06,30.35%
467,Sue James,"Upland, CA",421,3:14:38,14:51,F 40-44/33,F-43,203,3:15:03,36.40%
468,Kim Juarez,"Yucaipa, CA",449,3:14:50,14:52,F 45-49/36,F-46,204,3:15:00,37.36%
469,Pam Baird,"Riverside, CA",30,3:15:05,14:53,F 45-49/37,F-45,205,3:15:47,36.97%
470,Doraluz Ancona,"Alta Loma, CA",518,3:16:24,14:59,F 45-49/38,F-49,206,3:16:57,38.14%
471,Cami Anderson,"Rancho Cucamonga, CA",19,3:17:12,15:03,F 25-29/20,F-29,207,3:17:35,33.15%
472,Jenny Dean,"Yucaipa, CA",91,3:17:26,15:04,F 55-59/11,F-56,208,3:18:05,40.86%
473,Suzy Sweeney,"Chino Hills, CA",353,3:17:27,15:04,F 40-44/34,F-43,209,3:18:19,35.88%
474,Linda Sellaro,"Riverside, CA",332,3:17:27,15:04,F 60-64/2,F-62,210,3:18:09,43.98%
475,Patsy Sapra,"Upland, CA",323,3:18:06,15:07,F 70-74/3,F-71,211,3:18:42,50.20%
476,Audrey Hadnagy,"Moreno Valley, CA",150,3:19:43,15:15,F 45-49/39,F-48,212,3:20:03,37.14%
477,Gregory Hornsby Sr,"Moreno Valley, CA",166,3:19:44,15:15,M 40-44/26,M-43,265,3:20:03,31.16%
478,Bernadette Kendall,"Claremont, CA",194,3:20:06,15:16,F 50-54/16,F-52,213,3:20:20,38.59%
479,Dee Dee Seek,"Moreno Valley, CA",331,3:20:42,15:19,F 55-59/12,F-59,214,3:21:08,41.65%
480,Dorothy Karpinski,"Upland, CA",188,3:21:46,15:24,F 50-54/17,F-53,215,3:22:12,38.68%
481,Eugene Hampton,"Montclair, CA",154,3:22:08,15:26,M NoAge/0,M-0,266,3:22:44, 0.00%
482,Tamar Tin,"San Jacinto, CA",359,3:23:22,15:31,F 45-49/40,F-49,216,3:23:49,36.83%
483,Doug Haberman,"Riverside, CA",508,3:23:38,15:32,M 45-49/44,M-48,267,3:24:20,31.64%
484,Lisa Haaberman,"Riverside, CA",507,3:23:39,15:33,F 45-49/41,F-45,217,3:24:20,35.41%
485,Patti Kennedy,"Rowland Heights, CA",196,3:24:17,15:35,F 75-79/1,F-77,218,3:24:53,54.59%
486,Miguel Garcia,"Riverside, CA",492,3:24:31,15:37,M 30-34/32,M-33,268,3:25:29,28.61%
487,Scott Colin,"Yucaipa, CA",78,3:24:32,15:37,M 35-39/42,M-37,269,3:25:30,29.29%
488,Laura Lopez,"Chino Hills, CA",220,3:24:49,15:38,F 40-44/35,F-42,219,3:25:27,34.28%
489,Enrique Cota,"Sherman Oaks, CA",962,3:27:02,15:48,M 35-39/43,M-37,270,3:27:02,28.94%
490,Sarah Keeney,"Upland, CA",190,3:27:21,15:49,F 65-69/3,F-67,220,3:27:35,44.96%
491,Lynette Casciato,"Glendora, CA",59,3:28:14,15:53,F 50-54/18,F-52,221,3:29:18,37.08%
492,Jeffrey Berkey,"Lake Elsinore, CA",37,3:28:18,15:54,M 35-39/44,M-36,271,3:29:22,28.59%
493,Suzanne Berkey,"Lake Elsinore, CA",38,3:28:19,15:54,F 30-34/24,F-34,222,3:29:22,31.57%
494,Karen Lent,"Glendora, CA",210,3:28:39,15:55,F 50-54/19,F-50,223,3:29:44,36.26%
495,Julia Acosta,"Highland, CA",424,3:29:15,15:58,F 55-59/13,F-56,224,3:29:33,38.55%
496,Rae Long,"Alta Loma, CA",454,3:30:02,16:02,F 55-59/14,F-55,225,3:30:51,37.97%
497,Lou Ann Carey,"Alta Loma, CA",456,3:30:03,16:02,F 65-69/4,F-67,226,3:30:51,44.38%
498,Tracey Moon,"La Verne, CA",253,3:30:14,16:03,F 35-39/42,F-38,227,3:31:00,32.29%
499,Charlotte Moon,"La Verne, CA",938,3:30:15,16:03,F 70-74/4,F-70,228,3:31:01,46.51%
500,John Iyott,"Riverside, CA",178,3:31:19,16:08,M 50-54/31,M-50,272,3:32:32,30.94%
501,Nadine Ordaz,"Mentone, CA",275,3:31:22,16:08,F 35-39/43,F-38,229,3:31:50,32.12%
502,Bennie Phillips,"Nuevo, CA",287,3:31:22,16:08,F 50-54/20,F-53,230,3:31:49,36.92%
503,Sylvia Olmos,"Rancho Cucamonga, CA",422,3:31:42,16:09,F 40-44/36,F-42,231,3:32:41,33.17%
504,Griselda Alfaro,"Ontario, CA",439,3:31:43,16:09,F 30-34/25,F-30,232,3:32:41,30.88%
505,Valerie Battles,"Fontana, CA",34,3:32:13,16:12,F 40-44/37,F-44,233,3:32:57,33.68%
506,Dorothy Joy,"Yucaipa, CA",186,3:33:03,16:16,F 80-99/1,F-81,234,3:33:42,57.38%
507,Lloyd Noonan,"Culver City, CA",267,3:33:27,16:17,M 50-54/32,M-50,273,3:33:53,30.63%
508,Amy Ledesma,"Fontana, CA",207,3:34:11,16:21,F 35-39/44,F-37,235,3:34:15,31.44%
509,Beth Cassel,"Crestline, CA",60,3:34:12,16:21,F 40-44/38,F-43,236,3:34:15,33.07%
510,Patricia Robert,"Rancho Cucamonga, CA",306,3:36:37,16:32,F 40-44/39,F-42,237,3:37:51,32.42%
511,Maria Amaral,"Chino, CA",15,3:36:53,16:33,F 45-49/42,F-46,238,3:38:07,33.56%
512,Marilynn Jordan,"Lake Arrowhead, CA",185,3:39:23,16:45,F 60-64/3,F-60,239,3:39:39,38.58%
513,Juan Angulo,"La Puente, CA",23,3:39:57,16:47,M 30-34/33,M-31,274,3:41:08,26.60%
514,Kristina Kinsey,"Covina, CA",201,3:39:58,16:47,F 30-34/26,F-32,240,3:41:08,29.72%
515,Anita Matlock,"Redlands, CA",237,3:40:17,16:49,F 50-54/21,F-54,241,3:40:56,35.81%
516,Linda Burk,"Cathedral City, CA",528,3:40:23,16:49,F 60-64/4,F-60,242,3:40:45,38.40%
517,Shelly Zinkosky,"Rancho Cucamonga, CA",420,3:40:27,16:49,F 35-39/45,F-38,243,3:40:53,30.80%
518,Dan Adams,"Norco, CA",407,3:41:19,16:53,M 55-59/17,M-56,275,3:41:51,31.01%
519,Gloria Adams,"Norco, CA",406,3:41:19,16:53,F 55-59/15,F-55,244,3:41:51,36.04%
520,Maureen Smith,"Stanton, CA",339,3:41:21,16:54,F 30-34/27,F-34,245,3:41:52,29.71%
521,James Babcock,"San Bernardino, CA",29,3:41:24,16:54,M 50-54/33,M-54,276,3:42:32,30.48%
522,Mitchell Ryder,"San Bernardino, CA",468,3:41:24,16:54,M 50-54/34,M-53,277,3:42:32,30.23%
523,Ray Allard,"Rancho Cucamonga, CA",13,3:42:01,16:57,M 50-54/35,M-51,278,3:43:08,29.67%
524,Daniel Ledesma,"Fontana, CA",206,3:44:05,17:06,M 40-44/27,M-44,279,3:44:09,27.96%
525,Elizabeth Reid,"Chino Hills, CA",298,3:46:30,17:17,F 45-49/43,F-48,246,3:46:45,32.75%
526,Kevin Reid,"Chino Hills, CA",299,3:46:30,17:17,M 50-54/36,M-51,280,3:46:45,29.09%
527,Julie Ferrick,"Corona, CA",107,3:47:18,17:21,F 35-39/46,F-36,247,3:48:00,29.39%
528,Jennifer Lopez,"Corona, CA",214,3:47:38,17:22,F 45-49/44,F-47,248,3:48:20,32.28%
529,Armando Saldana,"Trabuco Canyon, CA",318,3:53:21,17:48,M 30-34/34,M-34,281,3:53:49,25.22%
530,Joann Keller,"Upland, CA",191,3:53:31,17:49,F 35-39/47,F-37,249,3:54:15,28.84%
531,Edward Irving,"Corona, CA",177,3:57:30,18:07,M 50-54/37,M-53,282,3:57:57,28.18%
532,Gregory Ramos,"Moreno Valley, CA",533,3:57:48,18:09,M 55-59/18,M-57,283,3:58:19,29.12%
533,Allen Trujillo,"Nuevo, CA",471,3:57:57,18:10,M Open/0,M-17,284,3:58:19,26.31%
534,Charles Hornsby Jr,"Moreno Valley, CA",398,3:58:11,18:11,M 45-49/45,M-45,285,3:58:30,26.48%
