Bib,Name,Gender,Age,Hometown,Overall,Men,M 45-49,Age/Grade,Finish,Chip Time,Gun Time
1025,Steve Chavez,M,28,"La Habra, CA",681 out of 688,252 out of 255,50 out of 51, 21.62% Place: 682,1:17:57 Pace: 19:30,1:17:57,1:59:41
146,Gene Lilienthal,M,46,"Lake Forest, CA",682 out of 688,253 out of 255,20 out of 20, 23.85% Place: 680,1:18:17 Pace: 19:35,1:18:17,1:28:50
2311,Deborah Standiford,F,47,"Anaheim, CA",683 out of 688,430 out of 433,31 out of 31, 27.03% Place: 670,1:18:27 Pace: 19:37,1:18:27,1:31:46
1220,Judy Bliss,F,43,"Corona, CA",684 out of 688,431 out of 433,53 out of 54, 25.79% Place: 673,1:19:03 Pace: 19:46,1:19:03,2:00:45
1230,Malinda Diaz,F,40,"Chino, CA",685 out of 688,432 out of 433,54 out of 54, 24.37% Place: 679,1:21:44 Pace: 20:26,1:21:44,1:46:40
1055,Daniel Kahale,M,29,"Huntington Beach, CA",686 out of 688,254 out of 255,51 out of 51, 15.64% Place: 684,1:47:52 Pace: 26:58,1:47:52,1:47:52
2160,Cristin Illes,F,29,"Huntington Beach, CA",687 out of 688,433 out of 433,90 out of 90, 17.77% Place: 683,1:48:16 Pace: 27:04,1:48:16,1:48:16
67,Chris Rodriguez,M,0,"Yorba Linda, CA",688 out of 688,255 out of 255,0 out of 0,2:37:39 Pace: 39:25,2:37:39,2:37:39
