Bib,Name,Gender,Age,Hometown,Overall,Women,F 25-29,Age/Grade,Finish,Chip Time,Gun Time
7316,Daniel Warden,M,17,"Glendale, CA",817 out of 820,360 out of 361,29 out of 29,  4.22% Place: 818,6:28:28 Pace: 1:44:12,6:28:28,6:28:28
7272,Judy Guzman,F,28,"Paramount, CA",818 out of 820,458 out of 459,128 out of 128,  4.55% Place: 817,6:33:26 Pace: 1:45:32,6:33:26,6:33:26
7266,Nancy Mejia,F,33,"Paramount, CA",819 out of 820,459 out of 459,91 out of 91,  4.57% Place: 816,6:33:28 Pace: 1:45:33,6:33:28,6:33:28
7303,Nathan Darmody,M,20,"San Diego, CA",820 out of 820,361 out of 361,36 out of 36,  4.01% Place: 819,6:35:15 Pace: 1:46:01,6:35:15,6:35:15
