Place,Name,Location,Bib,Net Time,Pace,Division/Place,Sex-Age,Sex-Place,Gun Time,Age Grade
1,Michael Chavez,"Fullerton, CA",2,18:38,6:13,M 20-24/1,M-24,1,18:39,65.35%
2,Jon Clark,"Rancho Santa Margarita, CA",1,20:02,6:41,M 35-39/1,M-36,2,20:02,62.45%
3,Greg King,"Ann Arbor, MI",1925,22:10,7:24,M 25-29/1,M-26,3,22:11,54.93%
4,Jeffrey King,"Los Angeles, CA",1926,23:26,7:49,M 25-29/2,M-27,4,23:28,51.96%
5,Harrison Evans,"Rancho Santa Margarita, CA",1773,23:43,7:55,M 13-19/1,M-13,5,23:44,57.74%
6,*bairon Mejia,"Van Nuys, CA",317,24:09,8:03,M 13-19/2,M-18,6,26:52,52.14%
7,Scott Van Horn,"Aliso Viejo, CA",2230,25:14,8:25,M 40-44/1,M-44,7,35:03,52.61%
8,*austin Marshall,"Fullerton, CA",301,25:30,8:30,M 20-24/2,M-21,8,25:30,47.94%
9,Bobby Vidales,"La Mirada, CA",2237,25:44,8:35,M 20-24/3,M-24,9,25:47,47.31%
10,Andrew Newfer,"Corona, CA",2046,25:44,8:35,M 13-19/3,M-15,10,25:45,51.07%
11,Al Gaspari,"Foothill Ranch, CA",1820,26:05,8:42,M 40-44/2,M-42,11,30:56,50.13%
12,Keshav Dahiya,"San Diego, CA",1738,26:43,8:55,M 30-34/1,M-31,12,26:45,45.82%
13,*robert Hillery,"Carlsbad, CA",205,26:46,8:56,M 25-29/3,M-29,13,26:46,45.55%
14,*ron Pulido,"Westminster, CA",389,27:22,9:08,M 35-39/2,M-39,14,30:08,46.74%
15,Jeremy Brown,"Placentia, CA",1660,27:25,9:09,M 25-29/4,M-29,15,30:11,44.46%
16,*bryan Valdez,"Azusa, CA",503,27:38,9:13,M 20-24/4,M-20,16,27:40,44.54%
17,*craig Vaden,"Long Beach, CA",501,27:42,9:14,M 20-24/5,M-24,17,27:43,43.95%
18,*keith Pulliam,"Colton, CA",390,27:44,9:15,M 25-29/5,M-26,18,30:28,43.90%
19,Christopher Keeley,"Huntington Beach, CA",1915,27:47,9:16,M 25-29/6,M-27,19,30:32,43.82%
20,Valerie Willhoit,"Huntington Beach, CA",2255,27:58,9:20,F 25-29/1,F-26,1,44:59,49.67%
21,Joshua Remington,"Placentia, CA",2112,27:59,9:20,M 20-24/6,M-21,20,30:46,43.68%
22,*luke Mitchell,"Pasadena, CA",327,28:18,9:26,M 25-29/7,M-29,21,31:05,43.08%
23,Jordan Brooksher,"Altadena, CA",1658,28:25,9:29,M 20-24/7,M-24,22,28:27,42.84%
24,Ryan Jensen,"Costa Mesa, CA",1900,28:29,9:30,M 30-34/2,M-30,23,33:21,42.86%
25,*abraham Mojica,"Oceanside, CA",329,28:31,9:31,M 30-34/3,M-30,24,33:22,42.81%
26,Horacio Gonzalez,"Riverside, CA",1840,28:39,9:33,M 35-39/3,M-35,25,36:05,43.42%
27,Gustavo Cano,"Adelanto, CA",1683,28:43,9:35,M 20-24/8,M-23,26,31:29,42.39%
28,Kevin Nolen,"Newport Beach, CA",2056,28:51,9:37,M 30-34/4,M-31,27,33:42,42.43%
29,*ken Lukaszonas,"Lancaster, CA",287,28:56,9:39,M 30-34/5,M-34,28,33:46,42.77%
30,*albert Serna,"Phillips Ranch, CA",473,28:57,9:39,M 40-44/3,M-43,29,38:46,45.51%
31,Bradley Olsen,"Anaheim, CA",2066,29:04,9:42,M 13-19/4,M-13,30,29:05,47.10%
32,*harry Lopez,"La Mirada, CA",282,29:09,9:43,M 30-34/6,M-32,31,29:10,42.11%
33,*robert Perez,"Santa Ana, CA",377,29:14,9:45,M 25-29/8,M-28,32,31:59,41.64%
34,*michael Dillon,"Dana Point, CA",133,29:14,9:45,M 40-44/4,M-43,33,39:06,45.07%
35,*heather Lander,"Pasadena, CA",254,29:22,9:48,F 20-24/1,F-24,2,41:35,47.30%
36,Mike Diaz,"Downey, CA",1753,29:35,9:52,M 35-39/4,M-35,34,53:20,42.05%
37,*matt Musser,"Chino, CA",345,29:43,9:55,M 25-29/9,M-29,35,32:27,41.02%
38,Ryan Wright,"Foothill Ranch, CA",2268,29:54,9:58,M 35-39/5,M-39,36,37:23,42.78%
39,*david Sibbrel,"Chino Hills, CA",476,29:56,9:59,M 35-39/6,M-37,37,37:22,42.12%
40,David Lindholm,"Los Angeles, CA",1951,30:05,10:02,M 25-29/10,M-27,38,32:49,40.47%
41,*john Felton,"Huntington Beach, CA",147,30:10,10:04,M 40-44/5,M-44,39,30:12,44.00%
42,Gary Kearns,"Corona Del Mar, CA",1914,30:14,10:05,M 50-54/1,M-53,40,40:03,47.16%
43,Michael Burgstaller,"Irvine, CA",1668,30:20,10:07,M 25-29/11,M-26,41,33:05,40.13%
44,Mike Berry,"Monrovia, CA",1641,30:21,10:07,M 20-24/9,M-24,42,30:23,40.11%
45,Lexie Kelly,"Costa Mesa, CA",1917,30:31,10:11,F 20-24/2,F-23,3,42:47,45.52%
46,*ambrose Fuerte,"South Gate, CA",160,30:45,10:15,M 45-49/1,M-47,43,51:08,44.20%
47,Alexander Cerda,"Whittier, CA",1698,30:46,10:16,M 25-29/12,M-28,44,33:31,39.57%
48,*rocio Villa,"La Habra, CA",726,30:48,10:16,F 30-34/1,F-34,4,43:00,45.48%
49,Manuel Urias,"Norwalk, CA",2225,30:51,10:17,M 20-24/10,M-23,45,1:05:34,39.46%
50,*kelly Bugarin,"Moreno Valley, CA",77,30:55,10:19,F 25-29/2,F-27,5,47:56,44.93%
51,Huy Nguyen,"Santa Ana, CA",2049,30:56,10:19,M 25-29/13,M-25,46,3:18:21,39.35%
52,Agustin Flores,"Los Angeles, CA",1793,30:56,10:19,M 20-24/11,M-22,47,33:42,39.35%
53,*tom Holmes,"Valencia, CA",208,31:06,10:22,M 30-34/7,M-30,48,35:57,39.25%
54,*jose Garcia,"Ontario, CA",168,31:10,10:24,M 40-44/6,M-43,49,40:59,42.27%
55,*kurt Schroeder,"Aliso Viejo, CA",466,31:14,10:25,M 40-44/7,M-43,50,41:05,42.18%
56,*peter Jaramillo,"Riverside, CA",225,31:15,10:25,M 20-24/12,M-21,51,34:03,39.11%
57,Brian Stillman,"Mission Viejo, CA",2195,31:23,10:28,M 45-49/2,M-49,52,41:13,44.00%
58,Rachel Stillman,"Mission Viejo, CA",2196,31:25,10:29,F 13-19/1,F-14,6,41:15,46.92%
59,*rick Pearson,"Costa Mesa, CA",375,31:25,10:29,M 40-44/8,M-40,53,31:28,40.98%
60,*richard Cartaciano,"Long Beach, CA",96,31:27,10:29,M 20-24/13,M-24,54,31:29,38.71%
61,*chad Amick,"Temecula, CA",22,31:32,10:31,M 25-29/14,M-28,55,34:17,38.60%
62,*sara Mosher,"Orange, CA",341,31:36,10:32,F 25-29/3,F-25,7,31:39,43.96%
63,*jesse Maas-Baldwin,"Hermosa Beach, CA",288,31:38,10:33,M 30-34/8,M-32,56,1:00:48,38.80%
64,Paul Lucero,"Costa Mesa, CA",1966,31:39,10:33,M 40-44/9,M-43,57,41:29,41.62%
65,Christopher Regalado,"Riverside, CA",2108,31:48,10:36,M 13-19/5,M-15,58,31:50,41.32%
66,Patrick Gallagher,"Yucaipa, CA",1805,31:49,10:37,M 30-34/9,M-30,59,36:41,38.36%
67,*robert Scheid,"North Hollywood, CA",464,31:51,10:37,M 30-34/10,M-31,60,36:41,38.43%
68,John Casarietti,"Trabuco Canyon, CA",1688,32:07,10:43,M 35-39/7,M-37,61,52:30,39.25%
69,*oscar Reyes,"Los Angeles, CA",410,32:08,10:43,M 13-19/6,M-18,62,34:54,39.18%
70,Elizabeth Hoss,"Aliso Viejo, CA",1880,32:10,10:44,F 30-34/2,F-33,8,52:29,43.39%
71,*john Ganahl,"Orange, CA",166,32:22,10:48,M 60-99/1,M-66,63,42:11,49.36%
72,Kim Shebel,"San Clemente, CA",2172,32:22,10:48,F 25-29/4,F-29,9,49:23,42.92%
73,Tom Shebel,"San Clemente, CA",2173,32:25,10:49,M 35-39/8,M-36,64,39:52,38.58%
74,*brendon Reyes,"Thousand Oaks, CA",408,32:26,10:49,M 13-19/7,M-16,65,32:29,39.85%
75,*phillip Thomas,"Silverado, CA",492,32:37,10:53,M 20-24/14,M-20,66,32:39,37.73%
76,Pedro Cano,"Maywood, CA",1684,32:39,10:53,M 30-34/11,M-32,67,35:25,37.59%
77,*alex Kapustin,"Chatsworth, CA",237,32:51,10:57,M 20-24/15,M-22,68,32:52,37.06%
78,Brandon Vedder,", ",5619,32:51,10:57,M 13-19/8,M-16,69,59:35,39.34%
79,*nick Neilson,"Simi Valley, CA",348,33:02,11:01,M 30-34/12,M-31,70,37:57,37.05%
80,*daniel McNeely,"Irvine, CA",315,33:03,11:01,M 30-34/13,M-30,71,35:46,36.93%
81,Dale Marin,"Rancho Santa Margarita, CA",1978,33:04,11:02,M 55-59/1,M-56,72,42:53,44.23%
82,Jonathan Remington,"Placentia, CA",2111,33:08,11:03,M 25-29/15,M-25,73,35:54,36.74%
83,Shari Summers,"Canyon Country, CA",2202,33:17,11:06,F 20-24/3,F-24,10,45:29,41.73%
84,Jeff Parks,"Mission Viejo, CA",2083,33:18,11:06,M 50-54/2,M-50,74,43:09,41.81%
85,*kyle Erwin,"Silverado, CA",139,33:19,11:07,M 30-34/14,M-32,75,38:11,36.84%
86,*jennifer Glassman,"Redondo Beach, CA",176,33:20,11:07,F 20-24/4,F-24,11,50:24,41.67%
87,*ramiro Landeros Jr,"Garden Grove, CA",256,33:31,11:11,M 25-29/16,M-28,76,36:16,36.32%
88,Christian Martinez,"Santa Ana, CA",1982,33:31,11:11,M 25-29/17,M-27,77,36:17,36.32%
89,*fausto Reyes,"Los Angeles, CA",409,33:32,11:11,M 20-24/16,M-20,78,36:18,36.70%
90,*milagros Villalobos,"Glendale, CA",510,33:32,11:11,F 20-24/5,F-21,12,45:44,41.42%
91,*george Oballe,"Chino, CA",356,33:43,11:15,M 35-39/9,M-36,79,41:09,37.09%
92,Kevin Rondeau,"Huntington Beach, CA",2126,34:00,11:20,M 35-39/10,M-38,80,38:52,37.32%
93,Danny Ramos,"Anaheim, CA",2103,34:02,11:21,M 25-29/18,M-27,81,1:08:45,35.77%
94,*albert Lim,"Diamond Bar, CA",276,34:03,11:21,M 30-34/15,M-32,82,38:56,36.04%
95,Matthew Holbrook,"Yorba Linda, CA",1877,34:04,11:22,M 35-39/11,M-36,83,41:32,36.71%
96,Barry Massey,"Long Beach, CA",1996,34:07,11:23,M 35-39/12,M-36,84,41:36,36.66%
97,Richard Hurtado,"Orange, CA",1885,34:08,11:23,M 13-19/9,M-18,85,34:11,36.88%
98,Micaiah Robnette,"Norwalk, CA",2117,34:10,11:24,M 25-29/19,M-29,86,1:08:52,35.68%
99,John Carter,"Aliso Viejo, CA",1687,34:10,11:24,M 40-44/10,M-40,87,41:42,37.68%
100,*tony Zamora,"Tarzana, CA",543,34:13,11:25,M 40-44/11,M-44,88,44:03,38.79%
101,*franco Marenin,"Los Angeles, CA",300,34:15,11:25,M 30-34/16,M-32,89,39:10,35.83%
102,Maria Rangel,"North Hollywood, CA",2104,34:24,11:28,F 30-34/3,F-33,13,54:41,40.57%
103,*ryan Fischer,"Costa Mesa, CA",152,34:24,11:28,M 30-34/17,M-34,90,39:16,35.97%
104,Ryan Lozano,"Santa Ana, CA",1964,34:28,11:30,M 25-29/20,M-29,91,37:12,35.37%
105,*rick Lanuza,"San Gabriel, CA",260,34:34,11:32,M 30-34/18,M-30,92,39:30,35.31%
106,Kardena Pauza,"Irvine, CA",2085,34:38,11:33,F 30-34/4,F-33,14,39:29,40.30%
107,Jason Collier,"Riverton, UT",1720,34:41,11:34,M 30-34/19,M-33,93,55:01,35.48%
108,Keith Beard,"Lake Forest, CA",1631,34:43,11:35,M 35-39/13,M-36,94,42:10,36.02%
109,*freddy Fernandez,"Pico Rivera, CA",149,34:43,11:35,M 25-29/21,M-25,95,58:27,35.06%
110,*mark Dang,"Los Angeles, CA",122,34:44,11:35,M 30-34/20,M-34,96,39:36,35.62%
111,*andrew Priebe,"West Hills, CA",386,34:53,11:38,M 30-34/21,M-31,97,55:21,35.09%
112,Brian Jensen,"Placentia, CA",1899,35:02,11:41,M 35-39/14,M-37,98,39:56,35.98%
113,Isaac Fatigoni,"Newport Beach, CA",1780,35:02,11:41,M 30-34/22,M-34,99,37:48,35.32%
114,Jun Goeku,"Gardena, CA",1833,35:04,11:42,M 35-39/15,M-39,100,42:32,36.47%
115,*rudy Sanchez,"Pico Rivera, CA",454,35:05,11:42,M 25-29/22,M-25,101,55:23,34.70%
116,*daniel Yaroslavski,"Irvine, CA",540,35:05,11:42,M 13-19/10,M-18,102,35:08,35.88%
117,*brandon Pearce,"Marina Del Rey, CA",374,35:11,11:44,M 35-39/16,M-37,103,42:37,35.83%
118,*jason Duke,"Los Angeles, CA",135,35:16,11:46,M 25-29/23,M-28,104,35:16,34.52%
119,Arland Van Horn,"Aliso Viejo, CA",2229,35:19,11:47,F 40-44/1,F-42,15,1:02:03,41.64%
120,*arthur Wypchlak,"Valley Village, CA",538,35:27,11:49,M 30-34/23,M-30,105,59:11,34.43%
121,Guy Whitney,"Cypress, CA",2251,35:27,11:49,M 55-59/2,M-56,106,45:34,41.25%
122,Andrea Williams,"Moreno Valley, CA",2256,35:29,11:50,F 25-29/5,F-25,16,52:29,39.14%
123,*michael Antoci,"Redondo Beach, CA",32,35:30,11:50,M 13-19/11,M-16,107,1:04:38,36.40%
124,Yolanda Gomez,"Anaheim, CA",1835,35:32,11:51,F 25-29/6,F-28,17,1:10:14,39.09%
125,*john Gilmour,"Playa Del Rey, CA",174,35:32,11:51,M 25-29/24,M-27,108,1:13:42,34.26%
126,Luis Montenegro,"Pasadena, CA",2019,35:42,11:54,M 35-39/17,M-36,109,43:09,35.03%
127,*michael Rubin,"Woodland Hills, CA",442,35:44,11:55,M 40-44/12,M-43,110,48:01,36.86%
128,Nicholas Stewart,"Placentia, CA",2193,35:45,11:55,M 25-29/25,M-27,111,38:29,34.05%
129,Laura Ellsworth,"Garden Grove, CA",1768,35:47,11:56,F 20-24/6,F-24,18,1:35:00,38.82%
130,Lori Westerlin,"Calimesa, CA",2248,35:51,11:57,F 25-29/7,F-29,19,52:52,38.74%
131,Danny O'Malley,"Lake Forest, CA",2060,35:53,11:58,M 45-49/3,M-47,112,1:05:01,37.87%
132,Tremor Olaes,"Rancho Santa Margarita, CA",2065,36:03,12:01,M 40-44/13,M-41,113,48:18,35.99%
133,*jaimi Oeck,"Aliso Viejo, CA",358,36:05,12:02,F 30-34/5,F-31,20,1:23:29,38.54%
134,*richard Rodeback,"Garden Grove, CA",424,36:07,12:03,M 13-19/12,M-19,114,36:10,34.44%
135,Sydney Van Horn,"Aliso Viejo, CA",2231,36:10,12:04,F 13-19/2,F-19,21,48:22,38.54%
136,*christiane Brown,"Corona, CA",5610,36:13,12:05,F 30-34/6,F-30,22,53:15,38.35%
137,*colleen Bell,"Moreno Valley, CA",50,36:15,12:05,F 35-39/1,F-35,23,1:05:26,38.78%
138,Gavin Martin,"Mission Viejo, CA",1981,36:20,12:07,M 13-19/13,M-13,115,46:10,37.68%
139,Dwight Martin,"Mission Viejo, CA",1980,36:23,12:08,M 50-54/3,M-50,116,46:13,38.27%
140,*reyes Lopez,"La Mirada, CA",284,36:24,12:08,M 25-29/26,M-25,117,39:11,33.44%
141,Jennifer Childress,"Huntington Beach, CA",1714,36:25,12:09,F 45-49/1,F-45,24,1:03:09,41.62%
142,*michelle Jaramillo,"La Habra, CA",717,36:26,12:09,F 20-24/7,F-24,25,48:39,38.12%
143,*courtney Lee,"Arcadia, CA",266,36:38,12:13,F 13-19/3,F-19,26,1:28:14,38.05%
144,Marc Kazlauskas,"Anaheim, CA",1912,36:47,12:16,M 35-39/18,M-38,118,44:16,34.50%
145,*joseph Jaramillo,"Rolling Hills Estates, CA",224,36:59,12:20,M 40-44/14,M-40,119,57:20,34.81%
146,Brett Becker,"Huntington Beach, CA",1635,37:05,12:22,M 25-29/27,M-29,120,39:51,32.87%
147,Bill Fellers,"Irvine, CA",1785,37:05,12:22,M 50-54/4,M-53,121,42:02,38.44%
148,Lisa Chandler,"Tustin, CA",1708,37:05,12:22,F 30-34/7,F-30,27,42:02,37.46%
149,*cyndi Cail,"Santa Ana, CA",84,37:12,12:24,F 50-54/1,F-50,28,1:03:56,43.34%
150,Shawn Grout,"Moreno Valley, CA",1844,37:14,12:25,M 25-29/28,M-28,122,47:06,32.69%
151,Ben Meza,"San Diego, CA",2013,37:14,12:25,M 25-29/29,M-26,123,40:00,32.69%
152,*diego Partida,"Torrance, CA",369,37:20,12:27,M 30-34/24,M-32,124,42:13,32.87%
153,Kristi Schreiber,"La Habra, CA",2161,37:21,12:27,F 40-44/2,F-44,29,49:38,40.13%
154,Mike Snyder,"Orange, CA",2183,37:21,12:27,M 40-44/15,M-44,125,49:38,35.54%
155,*victor Quinones,"Los Angeles, CA",393,37:27,12:29,M 40-44/16,M-44,126,57:50,35.43%
156,Robert Medina,"Orange, CA",2010,37:34,12:32,M 30-34/25,M-31,127,37:36,32.58%
157,*ingemar Samayoa,"Ontario, CA",448,37:36,12:32,M 35-39/19,M-37,128,45:05,33.53%
158,*patrik Ryan,"Redondo Beach, CA",446,37:37,12:33,M 35-39/20,M-37,129,45:04,33.51%
159,*mark Hammer,"Redondo Beach, CA",190,37:37,12:33,M 55-59/3,M-55,130,45:04,38.56%
160,*nick Johanson,"Simi Valley, CA",229,37:58,12:40,M 30-34/26,M-30,131,42:52,32.15%
161,*casey Johanson,"Simi Valley, CA",228,37:58,12:40,M 25-29/30,M-27,132,42:53,32.06%
162,*frank Quinones,"Redondo Beach, CA",392,38:02,12:41,M 30-34/27,M-33,133,45:31,32.35%
163,*marissa Flores,"Redondo Beach, CA",158,38:02,12:41,F 20-24/8,F-24,30,45:32,36.52%
164,*gina Erickson,"Lake Forest, CA",137,38:05,12:42,F 40-44/3,F-40,31,1:16:25,37.96%
165,*linc Erickson,"Lake Forest, CA",138,38:05,12:42,M 40-44/17,M-41,134,1:16:25,34.06%
166,Brandy Londoff,"Yorba Linda, CA",1955,38:07,12:43,F 25-29/8,F-26,32,42:57,36.44%
167,*grace Martinez,"La Puente, CA",305,38:14,12:45,F 25-29/9,F-29,33,55:18,36.33%
168,Sarah Bechtol,"Lake Forest, CA",1634,38:15,12:45,F 13-19/4,F-17,34,48:04,37.10%
169,*norberto Murrieta,"Downey, CA",344,38:16,12:46,M 30-34/28,M-32,135,1:01:58,32.07%
170,Anthony Segovia,"Newport Beach, CA",2167,38:16,12:46,M 13-19/14,M-13,136,38:17,35.77%
171,Peter Martinovich,"Aliso Viejo, CA",1992,38:18,12:46,M 40-44/18,M-41,137,48:10,33.87%
172,Jorge D Mateos,"Los Angeles, CA",1997,38:19,12:47,M 25-29/31,M-27,138,41:05,31.77%
173,James Wright,"Tustin, CA",2266,38:20,12:47,M 13-19/15,M-19,139,55:22,32.45%
174,*christina Der Sarkissian,"Glendale, CA",131,38:26,12:49,F 20-24/9,F-20,35,50:37,36.14%
175,Brandon Mosavian,"Anaheim, CA",2033,38:28,12:50,M 25-29/32,M-27,140,38:33,31.64%
176,*beverly Rubio,"Riverside, CA",443,38:30,12:50,F 20-24/10,F-22,36,41:17,36.08%
177,*aidan Owens,"Aliso Viejo, CA",364,38:30,12:50,M 35-39/21,M-37,141,1:25:55,32.74%
178,*alan Jaramillo,"Riverside, CA",222,38:30,12:50,M 20-24/17,M-24,142,41:18,31.62%
179,Amy Gingrich,"Huntington Beach, CA",1829,38:31,12:51,F 40-44/4,F-42,37,1:02:13,38.18%
180,Angaileca Bryner,"Aliso Viejo, CA",1665,38:31,12:51,F 35-39/2,F-39,38,1:02:13,37.27%
181,David Yslas,"San Juan Capistrano, CA",2273,38:32,12:51,M 13-19/16,M-19,143,1:25:55,32.28%
182,*hilda Corral,"Westminster, CA",114,38:35,12:52,F 40-44/5,F-43,39,55:39,38.46%
183,Candice Roque,"Huntington Beach, CA",2127,38:36,12:52,F 20-24/11,F-23,40,41:24,35.98%
184,Alisa Fogt,"Irvine, CA",1802,38:39,12:53,F 30-34/8,F-31,41,59:03,35.98%
185,Lorena Rojas,"Chino Hills, CA",2123,38:42,12:54,F 25-29/10,F-27,42,1:30:19,35.89%
186,Michelle Balisi,"Moreno Valley, CA",1618,38:44,12:55,F 30-34/9,F-30,43,43:35,35.86%
187,*dayana Williams,"Murrieta, CA",530,38:50,12:57,F 30-34/10,F-34,44,43:43,36.07%
188,*sandra Riley,"Murrieta, CA",416,38:51,12:57,F 35-39/3,F-35,45,43:43,36.18%
189,Andre Hawkins,"Long Beach, CA",1857,38:54,12:58,M 13-19/17,M-15,144,59:16,33.78%
190,*melanie Matheu,"Newport Beach, CA",308,38:54,12:58,F 30-34/11,F-31,46,59:12,35.75%
191,*eric Zeichner,"San Diego, CA",545,38:56,12:59,M 30-34/29,M-33,145,43:49,31.61%
192,Dustin Fellers,"Rancho Santa Margarita, CA",1786,38:58,13:00,M 25-29/33,M-28,146,43:55,31.24%
193,Brett Chandler,"Tustin, CA",1707,39:01,13:01,M 30-34/30,M-30,147,43:57,31.28%
194,*valentine Lopez,"La Mirada, CA",285,39:01,13:01,M 30-34/31,M-34,148,41:48,31.71%
195,Tami Wright,"Foothill Ranch, CA",2269,39:06,13:02,F 40-44/6,F-40,47,46:34,36.97%
196,*scott Crisler,"Corona, CA",118,39:13,13:05,M 40-44/19,M-44,149,49:03,33.84%
197,*chris Rooney,"Walnut, CA",435,39:16,13:06,M 25-29/34,M-26,150,1:17:26,31.00%
198,Sal Uribe,"Maywood, CA",2226,39:21,13:07,M 35-39/22,M-35,151,46:48,31.61%
199,Skyler Summers,"Canyon Country, CA",2204,39:22,13:08,M 13-19/18,M-19,152,39:23,31.60%
200,Angel Barragan,"Inglewood, CA",1622,39:23,13:08,M 35-39/23,M-36,153,1:26:49,31.75%
201,*kory Blum,"San Clemente, CA",60,39:23,13:08,F 30-34/12,F-32,48,1:26:47,35.39%
202,Ryan Sader,"Anaheim, CA",2141,39:26,13:09,M 25-29/35,M-27,154,42:10,30.87%
203,*charles Newton,"Pomona, CA",349,39:26,13:09,M 40-44/20,M-40,155,49:18,32.64%
204,Holly Permeh,"Trabuco Canyon, CA",2089,39:30,13:10,F 30-34/13,F-30,49,59:50,35.16%
205,*daniel Hurley,"Redondo Beach, CA",214,39:35,13:12,M 13-19/19,M-18,156,1:08:42,31.80%
206,*brandy McLaws,"Tustin, CA",314,39:39,13:13,F 30-34/14,F-32,50,59:57,35.16%
207,*neal Chapman,"Murrieta, CA",103,39:49,13:17,M 40-44/21,M-44,157,49:36,33.33%
208,*colby Ballard,"Redlands, CA",5626,39:50,13:17,M 13-19/20,M-19,158,1:17:58,31.23%
209,Annie Secrest,"Aliso Viejo, CA",2166,39:50,13:17,F 25-29/11,F-26,51,52:05,34.87%
210,Alicia Rebollo,"Huntington Beach, CA",2107,39:50,13:17,F 25-29/12,F-25,52,52:05,34.87%
211,*angel Valdez,"Norwalk, CA",502,39:52,13:18,M 20-24/18,M-23,159,1:06:37,30.53%
212,*kristen Oballe,"Chino, CA",357,39:52,13:18,F 30-34/15,F-33,53,56:55,35.01%
213,Ian Brault,"Mission Viejo, CA",1655,39:53,13:18,M 13-19/21,M-13,160,47:20,34.32%
214,Elaine Brault,"Mission Viejo, CA",1654,39:54,13:18,F 50-54/2,F-52,54,47:22,41.45%
215,*luis Rodriguez,"Los Angeles, CA",428,39:57,13:19,M 25-29/36,M-28,161,1:06:43,30.47%
216,*makiko Yamashiro,"Torrance, CA",539,40:01,13:21,F 30-34/16,F-33,55,1:00:19,34.87%
217,*sheila Anello,"Woodland Hills, CA",29,40:06,13:22,F 35-39/4,F-35,56,52:23,35.05%
218,Myra Kelly,"Etiwanda, CA",1918,40:12,13:24,F 30-34/17,F-33,57,1:00:35,34.72%
219,*eugene Lilienthal,"Lake Forest, CA",275,40:15,13:25,M 45-49/4,M-46,162,57:21,33.51%
220,*cassandra Radigan,"Garden Grove, CA",397,40:21,13:27,F 40-44/7,F-40,58,4:05:57,35.83%
221,Bianca Garcia,"Irvine, CA",1808,40:23,13:28,F 20-24/12,F-23,59,52:35,34.39%
222,*ulysses Gallegos,"South Gate, CA",164,40:26,13:29,M 35-39/24,M-39,163,1:39:46,31.63%
223,David Niles,"La Habra, CA",2052,40:33,13:31,M 50-54/5,M-54,164,48:02,35.44%
224,Jared Cascadden,"Gardena, CA",1690,40:37,13:33,M 30-34/32,M-31,165,45:30,30.13%
225,Michael Mason,"Newport Beach, CA",1995,40:38,13:33,M 45-49/5,M-48,166,50:28,33.69%
226,Jamie Mason,"Newport Beach, CA",1994,40:39,13:33,F 25-29/13,F-28,60,50:28,34.17%
227,Paul Sparsons,"Walnut, CA",5621,40:45,13:35,M 25-29/37,M-28,167,50:34,29.87%
228,*craig Pulido,"Westminster, CA",388,40:49,13:37,M 35-39/25,M-39,168,45:41,31.33%
229,Chad Amaro,"Santa Ana, CA",1606,40:50,13:37,M 35-39/26,M-37,169,45:41,30.87%
230,Ronaldo Martinez,"Whittier, CA",1989,40:51,13:37,M 30-34/33,M-32,170,45:41,30.04%
231,Belle Escobar,"San Juan Capistrano, CA",1769,40:51,13:37,F 13-19/5,F-14,61,1:28:14,36.08%
232,*desiree Meyers,"Irvine, CA",322,40:51,13:37,F 25-29/14,F-27,62,57:52,34.00%
233,Daniel Padilla,"Sun Valley, CA",2078,40:51,13:37,M 40-44/22,M-40,171,1:15:36,31.51%
234,*alyssa Tryon,"Glendale, CA",498,40:53,13:38,F 30-34/18,F-31,63,50:47,34.01%
235,*brandon Zampelli,"Anaheim, CA",544,40:57,13:39,M 25-29/38,M-27,172,41:01,29.72%
236,Kaitlyn Blake,"Anaheim, CA",1642,41:01,13:41,F 13-19/6,F-18,64,53:14,34.23%
237,Lisa Nelson,"Irvine, CA",2045,41:01,13:41,F 40-44/8,F-42,65,48:31,35.85%
238,Jose Cruz,"La Mirada, CA",1736,41:05,13:42,M 30-34/34,M-32,173,1:22:53,29.87%
239,Karla Beard,"Lake Forest, CA",1630,41:05,13:42,F 35-39/5,F-36,66,48:33,34.38%
240,Kyle McNally,"Santa Monica, CA",2007,41:07,13:43,M 25-29/39,M-26,174,43:52,29.60%
241,William Feige,"Capistrano Beach, CA",1784,41:09,13:43,M 25-29/40,M-27,175,43:53,29.58%
242,Cynthia Zamora,"Brea, CA",2274,41:11,13:44,F 30-34/19,F-31,67,41:13,33.77%
243,*laura Fielding,"Hemet, CA",151,41:18,13:46,F 40-44/9,F-40,68,41:20,35.00%
244,Roberto Echeverria,"Los Angeles, CA",1764,41:18,13:46,M 25-29/41,M-26,176,44:02,29.47%
245,*amber Fielding,"Hemet, CA",150,41:18,13:46,F 13-19/7,F-17,69,41:20,34.36%
246,*mark Baker,"Santa Clarita, CA",39,41:21,13:47,M 35-39/27,M-35,177,44:07,30.08%
247,Gerardo Mohar,"Orange, CA",2017,41:22,13:48,M 25-29/42,M-28,178,1:08:08,29.42%
248,Johanna Scarpetta,"Mission Viejo, CA",2159,41:26,13:49,F 30-34/20,F-33,70,1:37:01,33.68%
249,Todd Petrowski,"Irvine, CA",2090,41:30,13:50,M 30-34/35,M-30,179,1:19:54,29.41%
250,*lindsay Ross,"Irvine, CA",437,41:36,13:52,F 30-34/21,F-32,71,1:05:21,33.51%
251,Frankie Fierro,"Chino, CA",1788,41:39,13:53,M 25-29/43,M-29,180,1:02:06,29.26%
252,*kerrie Leason,"Hermosa Beach, CA",265,41:42,13:54,F 30-34/22,F-31,72,1:10:51,33.35%
253,*courtney Zwahlen,"Lake Forest, CA",546,41:42,13:54,F 35-39/6,F-39,73,1:05:24,34.43%
254,Dora Torres,"Lake Forest, CA",2215,41:47,13:56,F 30-34/23,F-34,74,54:02,33.52%
255,*amanda Davis,"Fontana, CA",123,41:48,13:56,F 30-34/24,F-30,75,1:02:08,33.23%
256,Rob Kesel,"La Quinta, CA",1920,41:53,13:58,M 40-44/23,M-41,181,51:45,30.97%
257,*tracy Ricker,"Canoga Park, CA",415,41:53,13:58,F 25-29/15,F-26,76,51:46,33.16%
258,*denise Watts,"Newbury Park, CA",516,42:00,14:00,F 30-34/25,F-34,77,1:02:24,33.35%
259,*rene Amy,"Altadena, CA",23,42:08,14:03,M 50-54/6,M-50,182,1:08:56,33.04%
260,Lino Cambaliza,"Lancaster, CA",1674,42:08,14:03,M 25-29/44,M-27,183,1:11:21,28.89%
261,*jayme Connors,"Long Beach, CA",110,42:10,14:04,F 25-29/16,F-27,78,59:12,32.94%
262,*ricci Pascua,"Winnetka, CA",371,42:12,14:04,F 25-29/17,F-28,79,59:13,32.91%
263,*jessica Fender,"Newbury Park, CA",148,42:20,14:07,F 30-34/26,F-31,80,1:02:44,32.85%
264,Fred Balguma,"Upland, CA",1617,42:21,14:07,M 35-39/28,M-35,184,1:02:44,29.37%
265,Robert Huggins,"Fontana, CA",1882,42:22,14:08,M 30-34/36,M-30,185,1:02:44,28.81%
266,*christy McNeil,"West Hills, CA",316,42:27,14:09,F 35-39/7,F-38,81,52:20,33.62%
267,*david Mahakian,"Cypress, CA",292,42:27,14:09,M 25-29/45,M-27,186,1:06:13,28.67%
268,Dulce Barton,"Long Beach, CA",1626,42:51,14:17,F 50-54/3,F-54,82,52:41,39.65%
269,*ron Pavlick,"Hermosa Beach, CA",372,42:53,14:18,M 45-49/6,M-48,187,59:59,31.92%
270,Sara Stranovsky,"Venice, CA",2200,42:54,14:18,F 25-29/18,F-28,83,59:55,32.37%
271,Job Castillo,"Norwalk, CA",1693,42:57,14:19,M 30-34/37,M-30,188,55:12,28.42%
272,Daniel Garcia,"Irvine, CA",5605,42:59,14:20,M 35-39/29,M-36,189,47:52,29.09%
273,*eileen O'Shea,"Long Beach, CA",361,43:03,14:21,F 50-54/4,F-52,84,1:09:47,38.42%
274,Nicholas Sakamoto,"Irvine, CA",2144,43:04,14:22,M 20-24/19,M-22,190,52:56,28.25%
275,Elizabeth Sakamoto,"Irvine, CA",2143,43:05,14:22,F 20-24/13,F-24,85,52:56,32.24%
276,*jennifer Martinez,"Brea, CA",307,43:18,14:26,F 35-39/8,F-36,86,1:07:01,32.61%
277,*kyle Sapak,"Tustin, CA",462,43:21,14:27,M 25-29/46,M-26,191,43:25,28.08%
278,*katie Falcon,"Tustin, CA",144,43:21,14:27,F 25-29/19,F-26,87,43:25,32.04%
279,*beverly Magee,"Valencia, CA",290,43:22,14:28,F 30-34/27,F-34,88,48:16,32.30%
280,*james Magee,"Valencia, CA",291,43:22,14:28,M 35-39/30,M-39,192,48:16,29.49%
281,*ashley Niles,"Los Angeles, CA",5623,43:22,14:28,F 25-29/20,F-25,89,50:53,32.03%
282,Anthony Johnson,"Costa Mesa, CA",1904,43:24,14:28,M 25-29/47,M-26,193,50:52,28.04%
283,Hunter Padar,"Placentia, CA",2076,43:26,14:29,M 35-39/31,M-37,194,1:07:10,29.02%
284,Sandy Padar,"Placentia, CA",2077,43:26,14:29,F 35-39/9,F-36,90,1:07:10,32.51%
285,Tiana Song,"Costa Mesa, CA",2185,43:26,14:29,F 25-29/21,F-28,91,50:54,31.98%
286,Carlos Quiroz,"Santa Ana, CA",2101,43:27,14:29,M 25-29/48,M-25,195,1:10:15,28.01%
287,*pein Chhin,"Lancaster, CA",105,43:28,14:30,F 13-19/8,F-19,92,55:41,32.07%
288,Cristabel Cervantes,"Norwalk, CA",1700,43:28,14:30,F 20-24/14,F-22,93,55:40,31.95%
289,Afton Kelly,"Long Beach, CA",1916,43:34,14:32,F 20-24/15,F-20,94,55:51,31.88%
290,Stephanie Lyncheski,"Irvine, CA",1969,43:35,14:32,F 35-39/10,F-38,95,1:07:19,32.75%
291,Deserea Hernandez,"Corona, CA",1867,43:37,14:33,F 30-34/28,F-31,96,48:39,31.88%
292,Cindy Bobadilla,"Santa Ana, CA",1645,43:40,14:34,F 25-29/22,F-27,97,46:26,31.81%
293,Greg Hernandez,"Corona, CA",1869,43:41,14:34,M 30-34/38,M-33,196,48:42,28.17%
294,David Luebberman,"Tustin, CA",1967,43:41,14:34,M 35-39/32,M-36,197,48:33,28.63%
295,David Ochoa,"Alta Loma, CA",2063,43:47,14:36,M 30-34/39,M-33,198,48:41,28.10%
296,Gloria Gonzalez,"Calimesa, CA",1839,43:49,14:37,F 25-29/23,F-26,98,1:00:50,31.70%
297,*dr Lou Woelfel,"Redondo Beach, CA",533,43:49,14:37,M 35-39/33,M-35,199,51:15,28.39%
298,*james Martinez,"Long Beach, CA",306,43:50,14:37,M 30-34/40,M-32,200,46:35,28.00%
299,Rita Cervantes,"Norwalk, CA",1702,43:53,14:38,F 13-19/9,F-15,99,56:05,33.13%
300,*laura Landeros,"Long Beach, CA",255,43:56,14:39,F 30-34/29,F-30,100,46:42,31.61%
301,Melissa Daley,"West Covina, CA",1739,44:02,14:41,F 25-29/24,F-26,101,1:04:29,31.54%
302,Erin Martinez,"San Dimas, CA",1984,44:08,14:43,F 30-34/30,F-33,102,49:03,31.62%
303,Christopher Langer,"Laguna Beach, CA",1936,44:09,14:43,M 35-39/34,M-39,201,56:24,28.97%
304,Greg Jackson,"Cathedral City, CA",1893,44:13,14:45,M 35-39/35,M-39,202,54:05,28.92%
305,Chris Rush,"Long Beach, CA",2134,44:13,14:45,M 30-34/41,M-32,203,49:04,27.75%
306,Lauren Shea,"Tustin, CA",2171,44:21,14:47,F 13-19/10,F-19,103,56:38,31.43%
307,Jessica Montgomery,"Riverside, CA",2025,44:21,14:47,F 13-19/11,F-19,104,56:38,31.43%
308,Andrew Soriano,"Newport Beach, CA",2186,44:21,14:47,M 20-24/20,M-24,204,1:08:07,27.44%
309,Melissa Soriano,"Newport Beach, CA",2187,44:22,14:48,F 20-24/16,F-24,105,1:08:07,31.30%
310,Jennifer Garcia,"Anaheim, CA",1812,44:26,14:49,F 30-34/31,F-32,106,1:04:44,31.37%
311,Kristen Zierhut,"Ladera Ranch, CA",2275,44:29,14:50,F 20-24/17,F-24,107,49:23,31.22%
312,Jimmy Cabral,"Pico Rivera, CA",1673,44:31,14:51,M 30-34/42,M-30,205,49:26,27.42%
313,*heather Stephenson,"Fullerton, CA",483,44:32,14:51,F 35-39/11,F-35,108,1:08:13,31.56%
314,*nick Holloway,"Rosamond, CA",206,44:39,14:53,M 25-29/49,M-27,206,1:29:05,27.26%
315,*steven Estevane,"Rosamond, CA",142,44:39,14:53,M 25-29/50,M-25,207,1:29:06,27.26%
316,Natalie Matsumoto,"San Marino, CA",1998,44:40,14:54,F 20-24/18,F-23,109,56:53,31.09%
317,Casey Ying,"San Marino, CA",2272,44:40,14:54,M 20-24/21,M-23,208,56:53,27.25%
318,Carlos Coria,"Los Angeles, CA",1725,44:42,14:54,M 25-29/51,M-28,209,1:11:29,27.23%
319,*jacob Peterson,"Huntington Beach, CA",378,44:46,14:56,M 20-24/22,M-24,210,54:38,27.19%
320,Leah Walker,"Carlsbad, CA",2242,44:48,14:56,F 30-34/32,F-34,110,1:05:08,31.26%
321,Jennifer Maloof,"Placentia, CA",1977,44:48,14:56,F 35-39/12,F-35,111,1:05:08,31.37%
322,*susan Ruzzamenti,"Moreno Valley, CA",445,44:49,14:57,F 45-49/2,F-48,112,1:11:34,35.08%
323,*brandon Michels,"Duarte, CA",325,44:55,14:59,M 25-29/52,M-27,211,44:55,27.10%
324,James Onizuka,"Irvine, CA",2067,45:00,15:00,M 30-34/43,M-30,212,1:14:14,27.12%
325,Pamela Giachetti,"La Verne, CA",1826,45:01,15:01,F 25-29/25,F-29,113,1:02:04,30.85%
326,Alejandro Lopez,"El Monte, CA",1958,45:03,15:01,M 30-34/44,M-30,213,1:14:15,27.09%
327,John Chadwell,"Foothill Ranch, CA",1703,45:06,15:02,M 35-39/36,M-38,214,52:33,28.13%
328,Jneen Abramjian,"Montebello, CA",5604,45:06,15:02,F 30-34/33,F-32,114,1:05:34,30.91%
329,Kazia Remington,"Placentia, CA",2113,45:07,15:03,F 25-29/26,F-28,115,49:59,30.78%
330,Jefferson Remington,"Placentia, CA",2109,45:07,15:03,M 13-19/22,M-17,215,49:59,28.23%
331,*danielle Dabney,"Fountain Valley, CA",121,45:09,15:03,F 20-24/19,F-23,116,45:12,30.76%
332,*mark Vega,"Fountain Valley, CA",509,45:09,15:03,M 20-24/23,M-23,216,45:12,26.96%
333,Bethany Cech,"Tustin, CA",1697,45:12,15:04,F 20-24/20,F-20,117,57:25,30.73%
334,Lauren Clark,"Orange, CA",1719,45:12,15:04,F 13-19/12,F-18,118,57:25,31.06%
335,Oscar Wood,"Downey, CA",2264,45:13,15:05,M 13-19/23,M-18,217,52:42,27.84%
336,*michael Rovira,"Tustin, CA",439,45:15,15:05,M 30-34/45,M-32,218,55:06,27.12%
337,*blake Landis,"Sherman Oaks, CA",257,45:24,15:08,M 35-39/37,M-37,219,57:39,27.76%
338,*jesse Overton,"Los Angeles, CA",363,45:26,15:09,M 35-39/38,M-36,220,57:42,27.52%
339,*ashleigh Kellar,"Sherman Oaks, CA",240,45:27,15:09,F 25-29/27,F-25,119,57:43,30.56%
340,Ryan Conger,"Orange, CA",1722,45:29,15:10,M 25-29/53,M-26,221,48:13,26.76%
341,Donald Lowe,"San Diego, CA",1962,45:45,15:15,M 30-34/46,M-30,222,1:33:09,26.68%
342,Sam Valdez,"Santa Ana, CA",2228,45:49,15:17,F 20-24/21,F-20,120,1:09:33,30.31%
343,*stacey Parzik,"Woodland Hills, CA",370,45:49,15:17,F 40-44/10,F-41,121,1:12:36,31.80%
344,Abad Loza,"Santa Ana, CA",1963,45:50,15:17,M 20-24/24,M-22,223,1:09:34,26.56%
345,Heather Newton,"Garden Grove, CA",2047,45:58,15:20,F 20-24/22,F-20,122,58:10,30.21%
346,Mira Smeltzer,"Long Beach, CA",2180,46:01,15:21,F 25-29/28,F-29,123,1:18:09,30.18%
347,*thomas Justus,"Murrieta, CA",234,46:02,15:21,M 55-59/4,M-58,224,1:09:52,32.31%
348,*april Warren,"Murrieta, CA",515,46:03,15:21,F 35-39/13,F-35,124,1:09:48,30.52%
349,Victor Ng,"Hacienda Heights, CA",2048,46:05,15:22,M 30-34/47,M-30,225,50:57,26.48%
350,*ken Potter,"Valencia, CA",381,46:07,15:23,M 40-44/24,M-43,226,1:09:52,28.56%
351,*john Weber,"Corona, CA",519,46:09,15:23,M 45-49/7,M-49,227,55:58,29.91%
352,Marc Nakao,"La Palma, CA",2040,46:11,15:24,M 35-39/39,M-39,228,1:15:21,27.69%
353,Jason Everetts,"California City, CA",1776,46:13,15:25,M 30-34/48,M-33,229,58:27,26.62%
354,Jorgette Joanne Yamyamin,"Tarzana, CA",2270,46:14,15:25,F 25-29/29,F-29,125,1:30:41,30.04%
355,Erin Igarashi,"Yorba Linda, CA",1888,46:17,15:26,F 25-29/30,F-29,126,1:06:35,30.01%
356,*tammi Samuelson,"Santa Ana, CA",450,46:17,15:26,F 30-34/34,F-32,127,1:06:35,30.12%
357,*stacy Igarashi,"Santa Ana, CA",217,46:17,15:26,F 30-34/35,F-32,128,1:06:35,30.12%
358,Jill Smithwick,"Artesia, CA",2182,46:21,15:27,F 20-24/23,F-23,129,1:21:04,29.96%
359,*victor Michel,"Reseda, CA",324,46:32,15:31,M 30-34/49,M-34,230,1:06:58,26.59%
360,*noah Michel,"Reseda, CA",323,46:33,15:31,M 13-19/24,M-13,231,1:06:59,29.41%
361,*anna Gaal,"Dana Point, CA",161,46:34,15:32,F 25-29/31,F-25,130,1:10:18,29.82%
362,Yvette Vazquez,"La Puente, CA",2236,46:35,15:32,F 25-29/32,F-29,131,1:03:36,29.81%
363,Diane Orozco,"Huntington Beach, CA",2072,46:36,15:32,F 25-29/33,F-28,132,1:56:33,29.80%
364,Andi Shultz,"Mission Viejo, CA",2176,46:38,15:33,F 30-34/36,F-30,133,1:06:56,29.78%
365,Tam Nguyen,"Corona, CA",2050,46:39,15:33,M 40-44/25,M-42,232,54:10,28.02%
366,*erin Thompson,"Costa Mesa, CA",493,46:41,15:34,F 30-34/37,F-30,134,1:06:59,29.75%
367,Terra Whitmeyer,"Lake Forest, CA",2250,46:42,15:34,F 30-34/38,F-33,135,1:07:00,29.88%
368,Manuel Vazquez,"Orange, CA",2235,46:46,15:36,M 13-19/25,M-16,233,1:07:06,27.63%
369,Diego Hernandez,"Orange, CA",1868,46:46,15:36,M 13-19/26,M-13,234,1:07:07,29.27%
370,Lidia Rojas,"Long Beach, CA",2122,46:48,15:36,F 25-29/34,F-25,136,1:21:33,29.68%
371,Michael Beers,"Tustin, CA",1636,46:50,15:37,M 40-44/26,M-43,235,46:50,28.12%
372,Heidy Aguilar,"Newport Beach, CA",1602,46:51,15:37,F 30-34/39,F-30,137,1:07:11,29.64%
373,William Daniel,"San Clemente, CA",1741,46:53,15:38,M 13-19/27,M-14,236,56:42,28.56%
374,*alexandra Moreno,"Hawthorne, CA",339,46:55,15:39,F 25-29/35,F-29,138,1:21:39,29.60%
375,*connie Cervantes,"Sylmar, CA",100,46:55,15:39,F 25-29/36,F-29,139,1:07:17,29.60%
376,Sandy Martinovich,"Aliso Viejo, CA",1993,46:57,15:39,F 35-39/14,F-37,140,56:49,30.22%
377,Jody Alfaro,"Tustin, CA",1605,46:57,15:39,F 30-34/40,F-32,141,1:07:16,29.69%
378,Giuliana Langer,"Laguna Beach, CA",1937,47:02,15:41,F 35-39/15,F-36,142,59:18,30.02%
379,Danielle Shindler,"Irvine, CA",2175,47:02,15:41,F 20-24/24,F-24,143,56:54,29.53%
380,*nancy Ha,"Garden Grove, CA",716,47:03,15:41,F 20-24/25,F-23,144,49:49,29.52%
381,*ruby Avitia,"Whittier, CA",37,47:04,15:42,F 30-34/41,F-32,145,1:07:21,29.61%
382,Albert Landeros,"Garden Grove, CA",1934,47:11,15:44,M 20-24/25,M-24,237,49:56,25.79%
383,Markeith Pilot,"Grand Terrace, CA",2093,47:14,15:45,M 20-24/26,M-24,238,47:16,25.77%
384,Rick Hurtado,"Orange, CA",1886,47:16,15:46,M 40-44/27,M-44,239,47:19,28.08%
385,*ernesto Lanuza,"San Gabriel, CA",259,47:16,15:46,M 30-34/50,M-33,240,52:12,26.03%
386,*dawn Ward,"Corona, CA",514,47:17,15:46,F 30-34/42,F-34,146,54:45,29.62%
387,Steve Sanchez,"San Pedro, CA",2153,47:19,15:47,M 30-34/51,M-30,241,1:07:39,25.79%
388,*audrey Bridges,"Corona, CA",65,47:19,15:47,F 35-39/16,F-38,147,1:07:40,30.16%
389,*john Capella,"Valley Village, CA",89,47:24,15:48,M 20-24/27,M-20,242,1:11:08,25.96%
390,*chris Costlow,"Costa Mesa, CA",115,47:24,15:48,M 35-39/40,M-38,243,47:28,26.77%
391,*dan Crane,"Irvine, CA",117,47:28,15:50,M 40-44/28,M-40,244,47:31,27.12%
392,Leonard Lagunas,"Bell Gardens, CA",1933,47:31,15:51,M 25-29/54,M-27,245,50:15,25.61%
393,Jennifer Edwards,"Rancho Santa Margarita, CA",1766,47:35,15:52,F 40-44/11,F-41,148,55:02,30.62%
394,Timothy Edwards,"Rancho Santa Margarita, CA",1767,47:35,15:52,M 40-44/29,M-42,246,55:02,27.47%
395,Jon Remington,"Placentia, CA",2110,47:35,15:52,M 50-54/7,M-52,247,52:27,29.71%
396,Kim Remington,"Placentia, CA",2114,47:35,15:52,F 50-54/5,F-51,149,52:28,34.30%
397,*leah Mahakian,"Cypress, CA",293,47:38,15:53,F 20-24/26,F-24,150,1:11:23,29.16%
398,*rachael Kimmins,"Silverado, CA",243,47:41,15:54,F 30-34/43,F-30,151,1:07:59,29.13%
399,Ivan Maldonado,"Santa Ana, CA",1976,47:44,15:55,M 25-29/55,M-25,248,50:31,25.50%
400,Kenny Koch,"Alta Loma, CA",1929,47:47,15:56,M 40-44/30,M-44,249,1:11:28,27.77%
401,Cierra Koch,"Alta Loma, CA",1928,47:47,15:56,F 13-19/13,F-15,152,1:11:28,30.43%
402,Jeannette Rodriguez,"Santa Fe Springs, CA",2119,47:50,15:57,F 20-24/27,F-22,153,55:18,29.03%
403,Elpidio Martinez,"San Dimas, CA",1983,47:53,15:58,M 30-34/52,M-33,250,52:47,25.70%
404,Michelle Goeku,"Gardena, CA",1834,47:53,15:58,F 35-39/17,F-38,154,1:04:56,29.81%
405,Brady O'Brien,"Mission Viejo, CA",2058,47:57,15:59,M 13-19/28,M-13,251,55:24,28.55%
406,Lisa O'Brien,"Mission Viejo, CA",2059,47:57,15:59,F 40-44/12,F-41,155,55:24,30.39%
407,*mario Meneses,"Glendale, CA",319,47:58,16:00,M 30-34/53,M-33,252,1:08:20,25.65%
408,*rachelle Lagnado,"Los Angeles, CA",250,47:59,16:00,F 35-39/18,F-39,156,1:14:45,29.92%
409,*sarah Hafley,"Ventura, CA",187,48:02,16:01,F 25-29/37,F-27,157,1:26:18,28.91%
410,*cheryl Gorbe,"Ventura, CA",183,48:02,16:01,F 25-29/38,F-27,158,1:26:18,28.91%
411,Victor Solis,"North Hollywood, CA",2184,48:05,16:02,M 35-39/41,M-35,253,48:08,25.87%
412,*kristina Rivera,"Cypress, CA",422,48:06,16:02,F 35-39/19,F-35,159,55:35,29.22%
413,*saul Adelsberg,"Newport Beach, CA",11,48:08,16:03,M 50-54/8,M-50,254,1:17:16,28.92%
414,*sophia Antoci,"Redondo Beach, CA",33,48:09,16:03,F 13-19/14,F-17,160,1:17:16,29.47%
415,Fred Nawrot,"Costa Mesa, CA",2043,48:09,16:03,M 35-39/42,M-39,255,55:40,26.56%
416,Kyle Owens,"Santa Ana, CA",2075,48:10,16:04,M 35-39/43,M-37,256,55:39,26.17%
417,*trisha Reyes,"Ontario, CA",411,48:17,16:06,F 30-34/44,F-33,161,1:05:19,28.90%
418,Mayra Contreras,"West Covina, CA",1724,48:26,16:09,F 30-34/45,F-30,162,1:30:16,28.67%
419,Arianna Contreras,"West Covina, CA",1723,48:27,16:09,F 20-24/28,F-21,163,1:30:16,28.66%
420,*rick Sekely,"Paramount, CA",723,48:30,16:10,M 50-54/9,M-51,257,53:23,28.91%
421,*jasmine Jefferson,"Inglewood, CA",226,48:34,16:12,F 30-34/46,F-34,164,1:08:53,28.84%
422,*carl Bruckschlager,"Riverside, CA",73,48:35,16:12,M 55-59/5,M-55,258,58:26,29.86%
423,*corey Bruckschlager,"Laguna Niguel, CA",74,48:36,16:12,F 20-24/29,F-24,165,58:26,28.58%
424,*danny Andrews,"Chino, CA",28,48:43,16:15,M 35-39/44,M-38,259,56:10,26.04%
425,*kevin O'Donnell,"La Verne, CA",355,48:44,16:15,M 40-44/31,M-40,260,56:14,26.41%
426,Jennifer Ketchersid,"Anaheim, CA",1921,48:47,16:16,F 25-29/39,F-25,166,1:01:01,28.47%
427,*melinda Campbell,"San Dimas, CA",86,48:49,16:17,F 20-24/30,F-21,167,1:44:25,28.45%
428,*ruben Rojas,"Ontario, CA",433,48:55,16:19,M 30-34/54,M-30,261,53:46,24.95%
429,Donna Palacios,"Glendale, CA",2079,48:57,16:19,F 30-34/47,F-30,168,49:00,28.37%
430,*michelle Palafox,"Los Angeles, CA",366,48:57,16:19,F 25-29/40,F-26,169,49:00,28.37%
431,*karen Flores,"Canyon Country, CA",157,48:57,16:19,F 25-29/41,F-26,170,49:01,28.37%
432,Max Madson,"Orange, CA",1971,48:58,16:20,M 13-19/29,M-13,262,1:09:20,27.95%
433,Chris Jaksha,"Ontario, CA",1895,49:05,16:22,M 25-29/56,M-29,263,1:09:32,24.83%
434,*alexander Beltran,"San Bernardino, CA",53,49:06,16:22,M 13-19/30,M-14,264,58:56,27.27%
435,Adam Gubman,"Ladera Ranch, CA",1846,49:08,16:23,M 30-34/55,M-31,265,1:09:36,24.91%
436,*vanessa Moir,"San Tan Valley, AZ",328,49:09,16:23,F 40-44/13,F-40,171,1:48:24,29.41%
437,*kirk Beebe,"Apache Junction, AZ",48,49:10,16:24,M 45-49/8,M-48,266,1:48:27,27.84%
438,Greg Borchard,"San Clemente, CA",1646,49:11,16:24,M 40-44/32,M-41,267,1:48:25,26.37%
439,Michael Del Viscovo,"Huntington Beach, CA",1747,49:34,16:32,M 30-34/56,M-32,268,1:18:46,24.76%
440,Jami Berdelis,"Huntington Beach, CA",1639,49:34,16:32,F 30-34/48,F-32,172,1:18:47,28.12%
441,*mary Falconer,"Ontario, CA",146,49:41,16:34,F 55-59/1,F-56,173,59:31,35.13%
442,James Linares,"Whittier, CA",1949,49:43,16:35,M 30-34/57,M-33,269,54:35,24.75%
443,Marina Linares,"Whittier, CA",1950,49:44,16:35,F 30-34/49,F-33,174,54:35,28.06%
444,*kim Miller,"Yorba Linda, CA",326,49:45,16:35,F 35-39/20,F-36,175,1:13:26,28.38%
445,Joanna Setiawan,"Arcadia, CA",2169,49:54,16:38,F 13-19/15,F-18,176,1:41:30,28.13%
446,Steven Do,"Alhambra, CA",1756,49:54,16:38,M 25-29/57,M-25,270,1:41:30,24.39%
447,*kurt Hardin,"Indio, CA",192,49:55,16:39,M 35-39/45,M-35,271,54:47,24.92%
448,*maria Hardin,"Indio, CA",193,49:55,16:39,F 45-49/3,F-47,177,54:47,31.10%
449,Scott Schultz,"Laguna Beach, CA",2164,49:56,16:39,M 40-44/33,M-41,272,59:47,25.98%
450,*rosa Garcia,"San Bernardino, CA",170,50:03,16:41,F 35-39/21,F-35,178,59:53,28.08%
451,*randy Hy,"Los Angeles, CA",216,50:14,16:45,M 25-29/58,M-29,273,1:28:34,24.26%
452,*kristen Sullivan,"Oceanside, CA",486,50:15,16:45,F 40-44/14,F-40,179,1:17:01,28.77%
453,Savannah Escobedo,"Pomona, CA",1771,50:15,16:45,F 20-24/31,F-20,180,1:02:31,27.64%
454,Stephanie Weimer,"Placentia, CA",2246,50:16,16:46,F 13-19/16,F-19,181,1:02:31,27.73%
455,Julie Levashova,"Dana Point, CA",1946,50:16,16:46,F 25-29/42,F-29,182,1:28:37,27.63%
456,*berlyn Sanchez,"Pico Rivera, CA",451,50:20,16:47,F 20-24/32,F-23,183,1:14:03,27.59%
457,Melissa Duchesne,"Mission Viejo, CA",1759,50:20,16:47,F 35-39/22,F-39,184,1:28:40,28.52%
458,Chris Park,"Westminster, CA",2082,50:22,16:48,M 25-29/59,M-25,274,1:02:40,24.16%
459,Fernando Vargas,"Corona, CA",2232,50:23,16:48,M 35-39/46,M-36,275,1:02:41,24.82%
460,Rica Viola,"San Pedro, CA",2240,50:24,16:48,F 45-49/4,F-48,185,1:32:11,31.19%
461,*tracy Rinauro,"Yorba Linda, CA",417,50:28,16:50,F 40-44/15,F-40,186,1:14:09,28.64%
462,Jason Daniel,"San Clemente, CA",1740,50:34,16:52,M 40-44/34,M-43,276,1:00:23,26.05%
463,Anna Romiti,"Rancho Santa Margarita, CA",2124,50:38,16:53,F 30-34/50,F-32,187,1:11:01,27.53%
464,Chad Romiti,"Rancho Santa Margarita, CA",2125,50:38,16:53,M 35-39/47,M-36,277,1:11:01,24.70%
465,*david Falconer,"Ontario, CA",145,50:41,16:54,M 60-99/2,M-65,278,1:00:30,31.22%
466,Danielle Paris,"La Verne, CA",2081,50:45,16:55,F 30-34/51,F-32,188,1:07:48,27.46%
467,Richard Dulay,"Garden Grove, CA",1761,50:48,16:56,M 35-39/48,M-37,279,1:14:31,24.81%
468,Lynda Dulay,"Garden Grove, CA",1760,50:49,16:57,F 35-39/23,F-36,189,1:14:32,27.79%
469,Richard Jaimes,"La Habra, CA",5618,50:53,16:58,M 30-34/58,M-33,280,1:07:55,24.18%
470,*matthew McCartin,"California City, CA",309,50:55,16:59,M 25-29/60,M-27,281,2:00:56,23.90%
471,Anthony Nipps,"Ladera Ranch, CA",2053,50:57,16:59,M 25-29/61,M-29,282,1:17:42,23.92%
472,Teresa Dominguez,"Orange, CA",1758,50:59,17:00,F 25-29/43,F-25,190,1:11:20,27.24%
473,Lindsey Janssen,"Moreno Valley, CA",1897,50:59,17:00,F 20-24/33,F-24,191,1:11:21,27.24%
474,Gaby Vazquez,"Orange, CA",2234,50:59,17:00,F 25-29/44,F-28,192,1:11:20,27.24%
475,Adiana Javier,"Orange, CA",1898,50:59,17:00,F 13-19/17,F-15,193,1:11:21,28.52%
476,Steve Madson,"Orange, CA",1973,50:59,17:00,M 45-49/9,M-46,283,1:11:21,26.46%
477,Lily Hernandez,"Orange, CA",1870,50:59,17:00,F 13-19/18,F-16,194,1:11:21,28.16%
478,Mucio Vidales,"La Mirada, CA",2238,51:00,17:00,M 30-34/59,M-31,284,51:05,23.99%
479,Sheri Whitney,"Cypress, CA",2252,51:05,17:02,F 50-54/6,F-53,195,1:14:50,32.80%
480,*brian Webb,"Perris, CA",517,51:08,17:03,M 40-44/35,M-42,285,1:01:01,25.56%
481,*amy Wellman,"Valencia, CA",522,51:11,17:04,F 30-34/52,F-34,196,1:11:28,27.36%
482,*norma Spracale,"Placentia, CA",477,51:14,17:05,F 40-44/16,F-43,197,1:14:55,28.96%
483,*larry White,"Valencia, CA",527,51:21,17:07,M 35-39/49,M-36,286,1:11:38,24.35%
484,*rodney Martin-Hunt,"Fontana, CA",303,51:24,17:08,M 40-44/36,M-44,287,1:18:12,25.82%
485,*brian Carter,"Anaheim, CA",97,51:27,17:09,M 35-39/50,M-38,288,1:11:48,24.66%
486,*carly Maitlen,"Anaheim, CA",294,51:29,17:10,F 35-39/24,F-35,198,1:11:49,27.30%
487,Rebecca Dodge,"Orange, CA",1757,51:32,17:11,F 30-34/53,F-34,199,1:08:35,27.18%
488,*jeff Bell,"Maricopa, AZ",51,51:34,17:12,M 35-39/51,M-37,289,1:03:48,24.44%
489,Robert Faucett,"Lake Forest, CA",1782,51:38,17:13,M 35-39/52,M-36,290,59:06,24.22%
490,*melissa Magat,"San Diego, CA",289,51:38,17:13,F 30-34/54,F-31,200,51:42,26.93%
491,*teresa Tomaszewski,"Hawaiian Gardens, CA",496,51:40,17:14,F 30-34/55,F-30,201,1:12:05,26.88%
492,Maria Barrera,"Downey, CA",1624,51:42,17:14,F 40-44/17,F-40,202,59:10,27.96%
493,*teri Wells,"Aliso Viejo, CA",523,51:42,17:14,F 40-44/18,F-41,203,1:12:07,28.18%
494,Lisa Chadwell,"Foothill Ranch, CA",1704,51:42,17:14,F 35-39/25,F-38,204,1:12:08,27.60%
495,Martha Rodriguez,"Santa Fe Springs, CA",2121,51:43,17:15,F 40-44/19,F-41,205,59:11,28.18%
496,Nick Bahr,"Mission Viejo, CA",1616,51:44,17:15,M 20-24/28,M-23,291,1:18:30,23.53%
497,*christian Stephens,"Huntington Beach, CA",482,51:47,17:16,M 35-39/53,M-39,292,1:15:33,24.69%
498,Gerardo Gonzalez,"Anaheim, CA",1838,51:47,17:16,M 25-29/62,M-26,293,54:33,23.50%
499,Nicole Kazlauskas,"Anaheim, CA",1913,51:48,17:16,F 35-39/26,F-37,206,1:04:06,27.39%
500,Mahtab Moatamer,"Foothill Ranch, CA",2016,51:52,17:18,F 25-29/45,F-29,207,2:46:55,26.78%
501,Louis Hernandez,"Whittier, CA",1872,51:53,17:18,M 30-34/60,M-31,294,56:44,23.59%
502,Christopher Sanchez,"Norwalk, CA",2150,51:53,17:18,M 20-24/29,M-22,295,56:45,23.46%
503,Robyn Stiffler,"Santa Ana, CA",2194,51:54,17:18,F 50-54/7,F-53,208,1:15:40,32.28%
504,*lillani Moran,"Los Angeles, CA",337,51:55,17:19,F 30-34/56,F-31,209,2:06:51,26.78%
505,*stephanie Castillo,"Rosemead, CA",99,52:01,17:21,F 30-34/57,F-30,210,1:21:11,26.70%
506,Stephanie Watters,"Irvine, CA",2245,52:03,17:21,F 35-39/27,F-35,211,1:33:52,27.00%
507,*kimberly Whalen,"Rancho Santa Margarita, CA",524,52:03,17:21,F 25-29/46,F-28,212,1:33:51,26.68%
508,Brittney Gingrich,"Huntington Beach, CA",1830,52:08,17:23,F 13-19/19,F-15,213,1:15:49,27.89%
509,Mackenzie Bryner,"Aliso Viejo, CA",1666,52:08,17:23,F 13-19/20,F-15,214,1:15:49,27.89%
510,*ema Burman,"Chino, CA",79,52:10,17:24,F 35-39/28,F-38,215,1:15:57,27.36%
511,Julie Fisher,"San Juan Capo, CA",1790,52:10,17:24,F 40-44/20,F-40,216,1:15:57,27.71%
512,*todd Burman,"Chino, CA",80,52:11,17:24,M 35-39/54,M-36,296,1:15:57,23.96%
513,Ivan Rubio,"Fountain Valley, CA",2129,52:11,17:24,M 25-29/63,M-27,297,54:57,23.32%
514,*josh Blandi,"Huntington Beach, CA",59,52:24,17:28,M 30-34/61,M-33,298,2:41:52,23.48%
515,*tracy Vasquez,"Riverside, CA",508,52:24,17:28,F 35-39/29,F-35,217,59:54,26.82%
516,Alicia Everetts,"Rosamond, CA",1775,52:26,17:29,F 20-24/34,F-24,218,1:04:40,26.49%
517,*cristina Martinez,"Anaheim, CA",304,52:28,17:30,F 25-29/47,F-26,219,55:12,26.47%
518,*ula Justus,"Murrieta, CA",235,52:30,17:30,F 35-39/30,F-38,220,1:16:19,27.18%
519,*tara Nuez,"Lakewood, CA",353,52:33,17:31,F 35-39/31,F-35,221,55:19,26.74%
520,*giovanna Nuez,"Long Beach, CA",352,52:33,17:31,F 35-39/32,F-36,222,55:19,26.87%
521,*nga Bell,"Maricopa, AZ",52,52:38,17:33,F 35-39/33,F-35,223,1:04:53,26.70%
522,Robert Serbin,"Los Angeles, CA",2168,52:49,17:37,M 30-34/62,M-33,299,2:12:19,23.30%
523,Julie Morgan,"Rancho Santa Margarita, CA",2032,52:55,17:39,F 35-39/34,F-38,224,57:48,26.97%
524,Janet Rios,"Irvine, CA",2115,52:56,17:39,F 30-34/58,F-34,225,57:49,26.46%
525,Kelly Mead,"Yucaipa, CA",2009,53:04,17:42,F 25-29/48,F-28,226,1:58:24,26.17%
526,*sarah Morales,"Riverside, CA",335,53:05,17:42,F 30-34/59,F-31,227,1:58:24,26.19%
527,Josefina Garcia,"La Habra, CA",1814,53:06,17:42,F 30-34/60,F-32,228,1:12:43,26.25%
528,*cindy Gonzalez,"Los Angeles, CA",181,53:06,17:42,F 30-34/61,F-30,229,1:19:55,26.15%
529,Ryan Parks,"Mission Viejo, CA",2084,53:11,17:44,F 13-19/21,F-19,230,1:05:23,26.21%
530,*steven Rodriguez,"Buena Park, CA",431,53:20,17:47,M 25-29/64,M-29,300,1:13:46,22.85%
531,*lori Lombera,"Whittier, CA",279,53:21,17:47,F 30-34/62,F-34,231,1:13:46,26.25%
532,*rob Becker,"Mission Viejo, CA",46,53:21,17:47,M 40-44/37,M-41,301,1:03:14,24.31%
533,*samara Ruland,"Mission Viejo, CA",444,53:22,17:48,F 35-39/35,F-38,232,1:03:15,26.74%
534,Elizabeth Ruiz,"Santa Ana, CA",2131,53:22,17:48,F 30-34/63,F-34,233,1:05:37,26.24%
535,Angela Canant,"Santa Ana, CA",1678,53:23,17:48,F 30-34/64,F-32,234,2:53:40,26.11%
536,Danielle Wright,"Santa Ana, CA",2265,53:23,17:48,F 35-39/36,F-36,235,1:45:02,26.45%
537,*racquel Manalili,"Calabasas, CA",297,53:28,17:50,F 45-49/5,F-47,236,1:00:56,29.03%
538,Rachel Heldt,"Castle Rock, CO",1864,53:30,17:50,F 30-34/65,F-32,237,1:13:49,26.05%
539,Julie Fuentes,"North Hollywood, CA",1804,53:34,17:52,F 30-34/66,F-30,238,2:17:13,25.93%
540,*kirsten Seda,"Yucaipa, CA",469,53:38,17:53,F 25-29/49,F-27,239,1:45:14,25.89%
541,Kimberly Burgueno,"Van Nuys, CA",1669,53:38,17:53,F 25-29/50,F-28,240,1:10:42,25.89%
542,Amber Wagner,"Huntington Beach, CA",2241,53:45,17:55,F 35-39/37,F-35,241,1:17:32,26.15%
543,*harry Lopez,"La Mirada, CA",283,53:45,17:55,M 30-34/63,M-32,302,56:32,22.83%
544,*angie Alvarado,"Baldwin Park, CA",21,53:49,17:57,F 25-29/51,F-27,242,1:10:53,25.81%
545,*john Giovanini,"Temple City, CA",175,53:49,17:57,M 30-34/64,M-30,303,1:10:52,22.68%
546,*isabel Sanchez,"Baldwin Park, CA",453,53:50,17:57,F 25-29/52,F-28,243,1:10:54,25.80%
547,Star Morales,"San Juan Capistrano, CA",2030,53:52,17:58,F 35-39/38,F-37,244,1:41:16,26.34%
548,Romualdo Diaz,"Orange, CA",5036,54:02,18:01,M 40-44/38,M-40,304,1:03:53,23.82%
549,Nisha Chawla,"Orange, CA",5035,54:02,18:01,F 20-24/35,F-23,245,1:03:53,25.70%
550,Liliana Hurtado,"Orange, CA",1884,54:03,18:01,F 30-34/67,F-34,246,54:05,25.91%
551,Jennifer Ruacho,"Fullerton, CA",2128,54:03,18:01,F 30-34/68,F-32,247,54:04,25.79%
552,David Faust,"Orange, CA",1783,54:03,18:01,M 45-49/10,M-45,305,54:05,24.74%
553,Viviana Tapia,"Santa Ana, CA",2208,54:10,18:04,F 20-24/36,F-24,248,1:45:46,25.64%
554,Berenice Tapia,"Santa Ana, CA",2207,54:11,18:04,F 20-24/37,F-22,249,1:45:47,25.63%
555,*jim Hearron,"Orange, CA",199,54:11,18:04,M 35-39/55,M-35,306,1:20:58,22.95%
556,*gretchen Fisher,"Alta Loma, CA",153,54:14,18:05,F 30-34/69,F-30,250,1:14:39,25.61%
557,*heather Krey,"Rancho Cucamonga, CA",248,54:14,18:05,F 30-34/70,F-31,251,1:14:40,25.64%
558,Cindy Esquivias,"Long Beach, CA",1772,54:20,18:07,F 25-29/53,F-29,252,2:04:26,25.56%
559,Adriana Phann,"Long Beach, CA",2092,54:20,18:07,F 30-34/71,F-30,253,2:04:27,25.56%
560,*renee Wagner,"San Diego, CA",513,54:24,18:08,F 30-34/72,F-30,254,59:18,25.53%
561,*bill Browning,"San Diego, CA",72,54:26,18:09,M 30-34/65,M-32,307,59:20,22.54%
562,*denise Monahan,"Tustin, CA",331,54:34,18:12,F 55-59/2,F-58,255,1:04:28,32.91%
563,*diana Andrade,"Orange, CA",27,54:35,18:12,F 30-34/73,F-33,256,1:04:29,25.57%
564,*nickolas Decastro,"Tustin, CA",130,54:36,18:12,M 25-29/65,M-27,308,1:04:31,22.29%
565,*michele Sepulveda,"Santa Ana, CA",471,54:36,18:12,F 30-34/74,F-33,257,1:04:30,25.56%
566,*karla Sankitts,"West Covina, CA",458,54:41,18:14,F 30-34/75,F-32,258,1:36:30,25.49%
567,*robert Heineman,"Laguna Niguel, CA",201,54:45,18:15,M 55-59/6,M-59,309,1:11:47,27.41%
568,Kari Casarietti,"Trabuco Canyon, CA",1689,54:45,18:15,F 30-34/76,F-34,259,1:15:09,25.58%
569,*lisa Gable,"Fullerton, CA",162,54:47,18:16,F 50-54/8,F-50,260,1:07:02,29.43%
570,*jacob Rivera,"Long Beach, CA",421,54:48,18:16,M 30-34/66,M-32,310,1:07:00,22.39%
571,Jocelyn Viola,"Carson, CA",2239,54:49,18:17,F 50-54/9,F-50,261,1:36:37,29.41%
572,*tracy Ross,"La Habra, CA",438,54:49,18:17,M 35-39/56,M-39,311,1:07:02,23.33%
573,*araceli Ross,"La Habra, CA",436,54:49,18:17,F 35-39/39,F-38,262,1:07:03,26.03%
574,*claudia Azucar White,"Lakewood, CA",38,54:50,18:17,F 35-39/40,F-39,263,1:07:04,26.17%
575,Leah Isas,"Capistrano Beach, CA",1890,54:54,18:18,F 25-29/54,F-25,264,1:11:58,25.30%
576,Cori Stroud,"Orange, CA",2201,54:55,18:19,F 35-39/41,F-35,265,54:57,25.59%
577,*jaina Kennedy,"Dana Point, CA",241,54:59,18:20,F 55-59/3,F-55,266,55:00,31.32%
578,Nicholas Balogh,"Aliso Viejo, CA",1620,55:03,18:21,M 30-34/67,M-31,312,1:12:04,22.23%
579,Mia Heineman,"Laguna Niguel, CA",1863,55:03,18:21,F 25-29/55,F-26,267,1:12:06,25.23%
580,Daniel Batty,"San Clemente, CA",1628,55:07,18:23,M 45-49/11,M-45,313,1:42:30,24.26%
581,Jessica Garcia,"Chino Hills, CA",1813,55:22,18:28,F 25-29/56,F-28,268,1:24:34,25.08%
582,Sheldon Summers,"Canyon Country, CA",2203,55:24,18:28,M 55-59/7,M-55,314,1:05:16,26.18%
583,*sandra Sandoval,"Ontario, CA",455,55:25,18:29,F 35-39/42,F-36,269,1:02:55,25.48%
584,Ernesto Garcia,"Chino Hills, CA",1811,55:25,18:29,M 30-34/68,M-33,315,1:24:37,22.20%
585,Marjory Martinez,"Yucaipa, CA",1988,55:27,18:29,F 30-34/77,F-32,270,1:00:19,25.14%
586,Chari Langsford,"Aliso Viejo, CA",1938,55:34,18:32,F 35-39/43,F-35,271,1:19:18,25.29%
587,*alicia Holmes,"Huntington Beach, CA",207,55:36,18:32,F 20-24/38,F-24,272,2:01:29,24.98%
588,Jennifer McGrath,"Huntington Beach, CA",2006,55:38,18:33,F 30-34/78,F-30,273,2:01:28,24.96%
589,Kristin Dutwiler,"Mission Viejo, CA",1762,55:39,18:33,F 30-34/79,F-30,274,1:07:57,24.96%
590,Hisako Naito,"Tustin, CA",2039,55:40,18:34,F 30-34/80,F-33,275,1:12:42,25.07%
591,James Hazen,"Santa Ana, CA",1859,55:40,18:34,M 35-39/57,M-36,316,1:12:43,22.46%
592,Joshua Montes,"Downey, CA",2024,55:46,18:36,M 30-34/69,M-31,317,1:22:33,21.94%
593,*julie Hatcher,"Huntington Beach, CA",195,55:56,18:39,F 30-34/81,F-31,276,2:45:25,24.86%
594,Adrian Montero,"Tustin, CA",2020,56:03,18:41,M 30-34/70,M-34,318,1:16:23,22.07%
595,Aracely Montero,"Tustin, CA",2021,56:04,18:42,F 30-34/82,F-34,277,1:16:22,24.98%
596,*dee Dee H,"Placentia, CA",185,56:07,18:43,F 30-34/83,F-32,278,1:13:09,24.84%
597,*katrina Santos,"Palmdale, CA",461,56:07,18:43,F 20-24/39,F-20,279,1:08:20,24.75%
598,*jeanna Richards,"Placentia, CA",414,56:08,18:43,F 25-29/57,F-29,280,1:13:10,24.74%
599,*james Rennie,"Lancaster, CA",406,56:08,18:43,M 20-24/30,M-24,319,1:08:22,21.68%
600,*laura Tampon,"Palmdale, CA",487,56:08,18:43,F 20-24/40,F-24,281,1:08:22,24.74%
601,*sacarias Tampon,"Palmdale, CA",488,56:08,18:43,M 25-29/66,M-26,320,1:08:22,21.68%
602,Melissa Olaes,"Rancho Santa Margarita, CA",2064,56:09,18:43,F 35-39/44,F-36,282,1:08:24,25.15%
603,*amy Barker,"Rancho Santa Margarita, CA",43,56:11,18:44,F 35-39/45,F-36,283,1:19:55,25.13%
604,Christie Trieu,"Arcadia, CA",2220,56:13,18:45,F 25-29/58,F-26,284,1:08:29,24.70%
605,Carol Wolcott,"La Palma, CA",2262,56:13,18:45,F 25-29/59,F-27,285,1:08:30,24.70%
606,*victoria Fountain,"Henderson, NV",159,56:13,18:45,F 40-44/21,F-40,286,1:22:58,25.71%
607,Terri Blake,"Anaheim, CA",1643,56:13,18:45,F 50-54/10,F-54,287,1:03:42,30.22%
608,*joseph Chang,"West Covina, CA",102,56:20,18:47,M 25-29/67,M-28,321,1:28:26,21.60%
609,*linny Le,"Rosemead, CA",263,56:21,18:47,F 20-24/41,F-23,288,1:28:27,24.64%
610,Alberto Morales,"San Juan Capistrano, CA",2029,56:29,18:50,M 60-99/3,M-63,322,1:43:52,27.51%
611,*tom Murray,"Lake Forest, CA",343,56:31,18:51,M 55-59/8,M-56,323,1:16:51,25.87%
612,Lani Lucero,"Costa Mesa, CA",1965,56:32,18:51,F 40-44/22,F-41,289,1:20:17,25.77%
613,Yvette Player,"Garden Grove, CA",2098,56:34,18:52,F 35-39/46,F-36,290,4:22:10,24.96%
614,*jarrod Ingle,"Corona, CA",218,56:35,18:52,M 35-39/58,M-36,324,1:16:56,22.10%
615,Alexis Nava,"Los Angeles, CA",2042,56:35,18:52,M 13-19/31,M-13,325,1:08:47,24.19%
616,Claire Nipps,"Ladera Ranch, CA",2054,56:35,18:52,F 25-29/60,F-25,291,1:23:21,24.54%
617,Michelle Gerwin,"Mission Viejo, CA",1823,56:35,18:52,F 25-29/61,F-29,292,1:23:21,24.54%
618,Elsie Edmond,"Los Angeles, CA",1765,56:35,18:52,F 13-19/22,F-13,293,1:08:47,26.49%
619,Robert Gerwin,"Mission Viejo, CA",1825,56:36,18:52,M 50-54/10,M-51,326,1:23:22,24.77%
620,Niki Gerwin,"Mission Viejo, CA",1824,56:36,18:52,F 20-24/42,F-21,294,1:23:21,24.54%
621,*sharon Ingle,"Corona, CA",219,56:37,18:53,F 30-34/84,F-34,295,1:16:57,24.73%
622,*corinne Valle,"Hawthorne, CA",506,56:40,18:54,F 30-34/85,F-30,296,1:17:00,24.51%
623,*wonda Santilena,"Inglewood, CA",460,56:44,18:55,F 25-29/62,F-27,297,1:34:59,24.48%
624,Ariana Mota,"San Bernardino, CA",2035,56:45,18:55,F 25-29/63,F-26,298,2:16:17,24.47%
625,David Flores,"Baldwin Park, CA",1797,56:49,18:57,M 13-19/32,M-17,327,2:16:21,22.42%
626,Karl Schlecht,"Irvine, CA",2160,56:51,18:57,M 40-44/39,M-41,328,1:06:43,22.82%
627,Denise Kesel,"La Quinta, CA",1919,56:53,18:58,F 35-39/47,F-39,299,1:06:44,25.23%
628,*jacquleen Alagozian,"Montebello, CA",16,56:56,18:59,F 25-29/64,F-28,300,2:16:25,24.39%
629,Jessica Lopez,"Long Beach, CA",1960,56:59,19:00,F 20-24/43,F-21,301,1:31:43,24.37%
630,Maricela Flores,"Baldwin Park, CA",1799,57:08,19:03,F 30-34/86,F-33,302,2:16:39,24.42%
631,Daniell Flores,"Baldwin Park, CA",1796,57:12,19:04,F 13-19/23,F-17,303,2:16:43,24.80%
632,Jessicao Cerda,"Chino, CA",1699,57:17,19:06,F 25-29/65,F-29,304,1:17:44,24.24%
633,*rob Cormier,"Fullerton, CA",112,57:20,19:07,M 45-49/12,M-45,329,1:17:45,23.32%
634,*daniel Rivera,"Cypress, CA",419,57:20,19:07,M 35-39/59,M-36,330,1:04:49,21.81%
635,Sheri Lesser,"Mission Viejo, CA",1945,57:23,19:08,F 40-44/23,F-40,305,1:04:51,25.19%
636,*raul Aguirre,"Indio, CA",12,57:28,19:10,M 45-49/13,M-46,331,1:02:21,23.47%
637,*gabriela Gil,"Indio, CA",173,57:29,19:10,F 40-44/24,F-40,306,1:02:22,25.15%
638,Jimmy Player,"Garden Grove, CA",2097,57:29,19:10,M 35-39/60,M-38,332,4:23:06,22.07%
639,Heather Thomas,"Irvine, CA",2210,57:37,19:13,F 30-34/87,F-32,307,1:07:27,24.19%
640,*melinda Leekin,"Whittier, CA",268,57:39,19:13,F 25-29/66,F-27,308,1:21:24,24.09%
641,Lissette Hernandez,"Norwalk, CA",1871,57:41,19:14,F 25-29/67,F-25,309,1:14:41,24.08%
642,Theresa Barragan-Echeverria,"Los Angeles, CA",1623,57:41,19:14,F 25-29/68,F-27,310,1:14:42,24.08%
643,Elisha Peralto,"Whittier, CA",2086,57:49,19:17,F 30-34/88,F-34,311,1:10:05,24.22%
644,Isela Cruz,"Los Angeles, CA",1735,57:51,19:17,F 35-39/48,F-35,312,1:10:03,24.29%
645,*angelica Roman,"Lake Forest, CA",434,57:54,19:18,F 20-24/44,F-21,313,1:49:31,23.99%
646,*devin Meyer,"Dana Point, CA",321,57:54,19:18,F 20-24/45,F-23,314,1:49:31,23.99%
647,*lindsey Germain,"Lake Forest, CA",172,57:54,19:18,F 20-24/46,F-21,315,1:49:31,23.99%
648,Shelley Sanchez,"Chino Hills, CA",2152,57:54,19:18,F 45-49/6,F-49,316,1:10:09,27.50%
649,*karlene Rahn,"Ontario, CA",399,57:58,19:20,F 40-44/25,F-43,317,1:21:46,25.60%
650,*allison Stokka,"Long Beach, CA",484,58:08,19:23,F 25-29/69,F-29,318,1:18:30,23.89%
651,Kayla Rudman,"UM, ",2130,58:10,19:24,F 13-19/24,F-15,319,1:00:56,24.99%
652,*jesse Buffehr,"Long Beach, CA",76,58:10,19:24,F 25-29/70,F-28,320,2:47:40,23.88%
653,Victoria Turner,"Santa Ana, CA",2223,58:10,19:24,F 45-49/7,F-46,321,1:15:17,26.37%
654,*sheila Hatcher,"Huntington Beach, CA",196,58:11,19:24,F 30-34/89,F-32,322,2:47:39,23.95%
655,Peggy Garofalo,"Santa Ana, CA",1818,58:11,19:24,F 50-54/11,F-53,323,1:15:17,28.80%
656,Kathy Butler,"Orange, CA",1672,58:16,19:26,F 50-54/12,F-50,324,58:17,27.67%
657,*mellissa Bisel,"Laguna Niguel, CA",58,58:20,19:27,F 25-29/71,F-27,325,1:27:29,23.81%
658,*john Priebe,"Granada Hills, CA",387,58:23,19:28,M 35-39/61,M-36,333,1:18:50,21.42%
659,*patrick Justus,"Murrieta, CA",233,58:25,19:29,M 13-19/33,M-16,334,1:22:14,22.12%
660,*kristi Sanger,"Fullerton, CA",457,58:36,19:32,F 35-39/49,F-35,326,1:46:02,23.98%
661,Yaneli Saldana,"Santa Ana, CA",2147,58:44,19:35,F 20-24/47,F-23,327,2:48:09,23.64%
662,*grace Arevalo,"Los Angeles, CA",35,58:45,19:35,F 25-29/72,F-28,328,1:11:04,23.64%
663,*tiana Robles,"Chula Vista, CA",722,58:46,19:36,F 25-29/73,F-26,329,1:11:04,23.63%
664,*iris Caballero,"Long Beach, CA",82,58:47,19:36,F 25-29/74,F-26,330,1:22:29,23.62%
665,*kyle Ankney,"Irvine, CA",30,58:47,19:36,M 20-24/31,M-23,335,1:15:51,20.70%
666,*casey Pickett,"Laguna Beach, CA",380,58:48,19:36,M 20-24/32,M-24,336,1:15:52,20.70%
667,Cynthia Gonzalez,"Santa Ana, CA",1836,58:50,19:37,F 20-24/48,F-24,331,2:48:15,23.60%
668,Guadalupe Saldana,"Riverside, CA",2146,58:52,19:38,F 25-29/75,F-28,332,2:48:17,23.59%
669,Eric Guzman,"Santa Ana, CA",1850,58:53,19:38,M 25-29/68,M-26,337,1:15:57,20.67%
670,Erica Gil,"Santa Ana, CA",1827,58:54,19:38,F 25-29/76,F-26,333,1:15:58,23.58%
671,*edward Sanchez,"Lake Balboa, CA",452,59:06,19:42,M 30-34/71,M-33,338,1:40:56,20.82%
672,Nicole Joseph,"Huntington Beach, CA",1911,59:08,19:43,F 25-29/77,F-26,334,1:06:35,23.48%
673,*gail Bolander,"Dayton, NV",62,59:09,19:43,F 40-44/26,F-44,335,1:19:33,25.34%
674,Alanna Handler,"Long Beach, CA",1854,59:10,19:44,F 13-19/25,F-19,336,1:16:13,23.56%
675,*tina Becker,"Mission Viejo, CA",47,59:10,19:44,F 40-44/27,F-40,337,1:09:03,24.43%
676,*berenice Ramirez,"Corona, CA",400,59:16,19:46,F 35-39/50,F-36,338,1:23:01,23.83%
677,*tina Leonard,"Corona, CA",271,59:18,19:46,F 35-39/51,F-36,339,1:23:03,23.81%
678,*veronica Ramirez,"Los Angeles, CA",402,59:24,19:48,F 30-34/90,F-32,340,1:16:28,23.46%
679,*anna Guzman,"San Pedro, CA",184,59:24,19:48,F 30-34/91,F-32,341,1:16:28,23.46%
680,*tony Carnicello,"Orange, CA",95,59:33,19:51,M 50-54/11,M-50,339,1:09:24,23.38%
681,*elisa Meza,"Paramount, CA",720,59:34,19:52,F 45-49/8,F-45,342,1:04:27,25.44%
682,*tamara Carnicello,"Orange, CA",94,59:37,19:53,F 45-49/9,F-49,343,1:09:28,26.71%
683,*stephen Hulsey,"Los Angeles, CA",211,59:37,19:53,M 60-99/4,M-68,340,1:09:28,27.29%
684,David Kim,"Redondo Beach, CA",1922,59:39,19:53,M 30-34/72,M-34,341,1:23:30,20.74%
685,Courtney Ryu,"Redondo Beach, CA",2137,59:40,19:54,F 25-29/78,F-26,344,1:23:30,23.27%
686,*harry Lizarraga,"Upland, CA",278,59:42,19:54,M 25-29/69,M-28,342,1:23:33,20.39%
687,Rudy Cortez,"Riverside, CA",1728,59:43,19:55,M 30-34/73,M-34,343,1:23:33,20.71%
688,*mario Benavides,"Rialto, CA",55,59:44,19:55,M 30-34/74,M-32,344,1:28:55,20.54%
689,*karla Benavides,"Rialto, CA",54,59:45,19:55,F 30-34/92,F-30,345,1:28:55,23.24%
690,Staphany Jimenez,"Los Angeles, CA",1903,59:46,19:56,F 13-19/26,F-13,346,1:11:59,25.08%
691,Isaura Horta,"Los Angeles, CA",1878,59:46,19:56,F 13-19/27,F-13,347,1:11:59,25.08%
692,Elizabeth Waner,"Los Angeles, CA",2244,59:46,19:56,F 13-19/28,F-13,348,1:11:59,25.08%
693,*odulia Garcia,"San Bernardino, CA",169,59:47,19:56,F 30-34/93,F-32,349,1:09:37,23.31%
694,Roberto Jimenez,"Los Angeles, CA",1902,59:48,19:56,M 35-39/62,M-39,345,1:12:00,21.38%
695,*lisa Quintana,"Mission Viejo, CA",394,59:52,19:58,F 45-49/10,F-47,350,1:09:45,25.93%
696,*laura Scovel,"Ontario, CA",468,59:53,19:58,F 40-44/28,F-44,351,1:09:43,25.03%
697,*jennifer Weber,"Corona, CA",518,59:53,19:58,F 45-49/11,F-47,352,1:09:43,25.92%
698,Garrett Hamblin,"Fountain Valley, CA",1853,59:59,20:00,M 45-49/14,M-46,346,1:20:19,22.48%
699,Mahin Yassini,"Fountain Valley, CA",2271,1:00:00,20:00,F 40-44/29,F-40,353,1:20:20,24.09%
700,Lourdes Martinez,"La Verne, CA",1987,1:00:03,20:01,F 30-34/94,F-33,354,1:04:58,23.24%
701,Jesse Mikolajczyk,"Huntington Beach, CA",2014,1:00:16,20:06,M 25-29/70,M-27,347,1:07:45,20.19%
702,*valerie Anderson,"Ventura, CA",26,1:00:17,20:06,F 25-29/79,F-26,355,1:07:43,23.04%
703,*david Bean,"Ventura, CA",45,1:00:17,20:06,M 35-39/63,M-35,348,1:07:43,20.63%
704,Jeremy Cridlebaugh,"Menifee, CA",1731,1:00:17,20:06,M 20-24/33,M-23,349,1:07:47,20.19%
705,Richard Cridlebaugh,"Menifee, CA",1732,1:00:17,20:06,M 25-29/71,M-26,350,1:07:47,20.19%
706,Sara Longlee,"Bakersfield, CA",1956,1:00:22,20:08,F 20-24/49,F-21,356,1:29:31,23.00%
707,*alicia Komancheck,"West Hills, CA",246,1:00:23,20:08,F 25-29/80,F-28,357,1:20:49,23.00%
708,Alice Hill,"Santa Ana, CA",1875,1:00:41,20:14,F 50-54/13,F-51,358,1:27:28,26.90%
709,Cathy Trujillo,"Fountain Valley, CA",2221,1:00:43,20:15,F 55-59/4,F-55,359,1:27:29,28.36%
710,Sanam Loghavi,"Los Angeles, CA",1954,1:00:56,20:19,F 30-34/95,F-30,360,1:33:00,22.79%
711,*blythe Curran,"Huntington Beach, CA",120,1:00:56,20:19,F 25-29/81,F-29,361,1:27:43,22.79%
712,Roshanak Vazinpour,"Los Angeles, CA",2233,1:00:57,20:19,F 30-34/96,F-32,362,1:33:01,22.87%
713,Lisa Norlie,"Los Angeles, CA",2057,1:01:02,20:21,F 35-39/52,F-36,363,1:08:33,23.14%
714,Trina McCord,"Montebello, CA",2004,1:01:02,20:21,F 35-39/53,F-37,364,1:21:31,23.25%
715,Michelle Gardner,"Corona, CA",1817,1:01:04,20:22,F 35-39/54,F-36,365,1:08:33,23.12%
716,*amber Bridges,"Corona, CA",64,1:01:11,20:24,F 13-19/29,F-16,366,1:21:31,23.46%
717,Alyson Wilson,"Placentia, CA",2259,1:01:12,20:24,F 30-34/97,F-30,367,1:21:31,22.69%
718,*lisa Clark,"Cave Creek, AZ",5622,1:01:20,20:27,F 35-39/55,F-39,368,1:06:14,23.40%
719,*laura Davis,"Laveen, AZ",127,1:01:20,20:27,F 35-39/56,F-36,369,1:06:14,23.02%
720,*terri Troyanos,"Cave Creek, AZ",497,1:01:20,20:27,F 35-39/57,F-38,370,1:06:14,23.27%
721,*darlene Antoci,"Redondo Beach, CA",31,1:01:34,20:32,F 35-39/58,F-37,371,1:30:43,23.04%
722,*lois Shimazaki,"Granada Hills, CA",475,1:01:36,20:32,F 45-49/12,F-45,372,1:22:03,24.60%
723,Nicole Johnson,"San Clemente, CA",1906,1:01:37,20:33,F 30-34/98,F-30,373,1:39:56,22.54%
724,Yvonne Wigginton,"San Juan Capistrano, CA",2253,1:01:38,20:33,F 40-44/30,F-44,374,1:39:56,24.32%
725,*jill Huyck,"Laguna Niguel, CA",215,1:01:38,20:33,F 40-44/31,F-42,375,1:39:56,23.86%
726,Paola Garcia,"Aliso Viejo, CA",1815,1:01:46,20:36,F 30-34/99,F-33,376,1:49:12,22.59%
727,*kymberli Quackenbush,"Los Alamitos, CA",391,1:01:46,20:36,F 35-39/59,F-37,377,1:25:28,22.97%
728,*daniel Padilla,"Indio, CA",365,1:01:59,20:40,M 13-19/34,M-17,351,1:02:02,20.55%
729,*matthew Fajardo,"Indio, CA",143,1:02:00,20:40,M 13-19/35,M-16,352,1:02:02,20.84%
730,*anikke Volivitch,"Tustin, CA",512,1:02:02,20:41,F 20-24/50,F-24,378,1:22:26,22.39%
731,Michael Che,"West Hollywood, CA",1713,1:02:05,20:42,M 30-34/75,M-34,353,1:28:54,19.92%
732,Khoa Bui,"Santa Ana, CA",1667,1:02:07,20:43,M 35-39/64,M-35,354,1:28:56,20.02%
733,*amanda Heath,"Yorba Linda, CA",200,1:02:07,20:43,F 20-24/51,F-22,379,1:14:19,22.36%
734,*rez Shad,"Anaheim, CA",474,1:02:07,20:43,M 20-24/34,M-24,355,1:14:20,19.59%
735,*chelsea Hayes,"Los Angeles, CA",197,1:02:14,20:45,F 25-29/82,F-28,380,1:09:44,22.31%
736,*heather Parker,"Huntington Beach, CA",367,1:02:14,20:45,F 25-29/83,F-28,381,1:09:43,22.31%
737,*jacqueline Wu,"Pasadena, CA",535,1:02:28,20:50,F 13-19/30,F-19,382,2:07:49,22.31%
738,*dongkook Lim,"Pasadena, CA",277,1:02:28,20:50,M 20-24/35,M-21,356,2:07:49,19.56%
739,Christe Bruderlin-Nelson,"North Tustin, CA",1661,1:02:30,20:50,F 35-39/60,F-39,383,1:46:58,22.97%
740,Eric Stiner,"North Tustin, CA",2197,1:02:31,20:51,M 35-39/65,M-36,357,1:47:00,19.99%
741,*kimberly Parker,"Murrieta, CA",368,1:02:33,20:51,F 25-29/84,F-25,384,1:10:02,22.20%
742,*jasmin Mallillin,"Beverly Hills, CA",295,1:02:35,20:52,F 35-39/61,F-38,385,1:26:22,22.80%
743,*yvette Ramirez,"West Hollywood, CA",403,1:02:35,20:52,F 35-39/62,F-39,386,1:26:22,22.94%
744,*tracy Aguirre,"Highland, CA",13,1:02:36,20:52,F 35-39/63,F-36,387,1:10:07,22.56%
745,*chuck Hummitsch,"Riverside, CA",212,1:02:36,20:52,M 40-44/40,M-40,358,1:10:06,20.56%
746,Kenya Hernandez,"Irvine, CA",5034,1:02:40,20:54,F 30-34/100,F-33,388,1:54:18,22.27%
747,*matt Schnablegger,"Anaheim, CA",465,1:02:49,20:57,M 20-24/36,M-22,359,1:26:36,19.37%
748,*mike Prescott,"Hesperia, CA",383,1:02:49,20:57,M 45-49/15,M-46,360,1:26:36,21.47%
749,Joann Carlson,"Fullerton, CA",1685,1:02:50,20:57,F 40-44/32,F-42,389,1:26:36,23.40%
750,*sierra Prescott,"Hesperia, CA",384,1:02:50,20:57,F 13-19/31,F-14,390,1:26:36,23.45%
751,*krista Carlson,"Anaheim, CA",93,1:02:50,20:57,F 20-24/52,F-23,391,1:26:37,22.10%
752,*michael Prescott,"Hesperia, CA",382,1:02:52,20:58,M 20-24/37,M-21,361,1:26:37,19.44%
753,*rinda Komora,"Rancho Cucamonga, CA",247,1:02:53,20:58,F 30-34/101,F-32,392,1:23:19,22.16%
754,Nicole Siwiecki,"Huntington Beach, CA",2179,1:02:54,20:58,F 20-24/53,F-23,393,1:41:11,22.08%
755,Daniel Timoti,"Huntington Beach, CA",2211,1:02:55,20:59,M 25-29/72,M-26,362,1:41:12,19.34%
756,*caryn Brinegar,"Silverado, CA",67,1:02:56,20:59,F 40-44/33,F-41,394,1:23:22,23.15%
757,Caroline McCord,"Whittier, CA",2003,1:03:06,21:02,F 30-34/102,F-32,395,1:23:35,22.09%
758,Maribel Aguirre,"Downey, CA",1603,1:03:20,21:07,F 30-34/103,F-32,396,1:30:07,22.01%
759,Jason Gasmin,"Moreno Valley, CA",1819,1:03:22,21:08,M 20-24/38,M-24,363,1:30:11,19.21%
760,Robert Balisi,"Moreno Valley, CA",1619,1:03:23,21:08,M 25-29/73,M-26,364,1:30:10,19.20%
761,Renee Belen,"San Diego, CA",1637,1:03:23,21:08,F 20-24/54,F-24,397,1:30:11,21.91%
762,Adrian Papas,"San Diego, CA",2080,1:03:25,21:09,M 20-24/39,M-24,365,1:30:14,19.19%
763,*ana Villegas,"Anaheim, CA",511,1:03:38,21:13,F 35-39/64,F-37,398,1:20:42,22.29%
764,Miriam Campa,"Tolleson, AZ",1675,1:03:38,21:13,F 30-34/104,F-34,399,1:32:50,22.01%
765,*jennifer Lightfoot,"Fontana, CA",274,1:03:38,21:13,F 25-29/85,F-29,400,1:32:50,21.82%
766,Kreithchele Barnard,"Orange, CA",1621,1:03:38,21:13,M 30-34/76,M-31,366,1:32:50,19.23%
767,Rebecca Arellano,"Los Angeles, CA",1611,1:04:10,21:24,F 25-29/86,F-25,401,1:30:57,21.64%
768,*celeste Ruano,"Los Angeles, CA",441,1:04:14,21:25,F 30-34/105,F-30,402,1:31:03,21.62%
769,Danielle Smith,"Murrieta, CA",2181,1:04:16,21:26,F 30-34/106,F-33,403,2:40:01,21.71%
770,Layla Shademan,"Long Beach, CA",2170,1:04:24,21:28,F 25-29/87,F-27,404,2:00:04,21.56%
771,Nichole Hydaryacil,"Costa Mesa, CA",1887,1:04:24,21:28,F 25-29/88,F-26,405,2:00:04,21.56%
772,McKenzie Orand,"Orange, CA",2070,1:04:25,21:29,F 20-24/55,F-20,406,1:24:54,21.56%
773,Heather McCollum,"Irvine, CA",2002,1:04:26,21:29,F 30-34/107,F-30,407,1:24:54,21.55%
774,Alexa Orand,"Orange, CA",2068,1:04:26,21:29,F 20-24/56,F-22,408,1:24:55,21.55%
775,Jordan Perkins,"Irvine, CA",2088,1:04:28,21:30,M 25-29/74,M-25,367,1:24:55,18.88%
776,*greg Kroleski,"Huntington Beach, CA",249,1:04:28,21:30,M 20-24/40,M-23,368,1:24:55,18.88%
777,*nicole Melton,"Fontana, CA",318,1:04:29,21:30,F 30-34/108,F-33,409,1:31:17,21.64%
778,Renny Chavanikamannil,"Newport Beach, CA",1711,1:04:29,21:30,M 30-34/77,M-34,369,1:24:57,19.18%
779,*roshel Robinson,"Fontana, CA",423,1:04:29,21:30,F 40-44/34,F-41,410,1:31:17,22.60%
780,Oscar Cortez,"Westminster, CA",1727,1:04:31,21:31,M 30-34/78,M-33,370,1:16:47,19.07%
781,Brenda Cortez,"Westminster, CA",1726,1:04:32,21:31,F 30-34/109,F-32,411,1:16:46,21.60%
782,Lisa Bryce,"Fullerton, CA",1664,1:04:36,21:32,F 35-39/65,F-36,412,1:28:18,21.86%
783,Dean Bryce,"Fullerton, CA",1663,1:04:41,21:34,M 40-44/41,M-41,371,1:28:22,20.05%
784,Daniel Litzinger,"Glendale, CA",1953,1:04:53,21:38,M 25-29/75,M-29,372,1:21:58,18.78%
785,Amy Aniobi,"Los Angeles, CA",1608,1:04:53,21:38,F 25-29/89,F-25,413,1:21:58,21.40%
786,Reena Magsarili,"Los Angeles, CA",1974,1:04:53,21:38,F 25-29/90,F-25,414,1:21:58,21.40%
787,Chelsea Steiner,"Los Angeles, CA",2192,1:04:53,21:38,F 25-29/91,F-26,415,1:21:58,21.40%
788,Lesley Gonzalez,"Irvine, CA",1841,1:04:55,21:39,F 55-59/5,F-58,416,1:05:00,27.66%
789,Leticia Raya,"Orange, CA",2106,1:04:57,21:39,F 50-54/14,F-51,417,1:05:02,25.13%
790,*emelida Garcia,"Long Beach, CA",167,1:04:58,21:40,F 20-24/57,F-24,418,1:28:40,21.38%
791,*chelsea McGaw,"Rossmoor, CA",311,1:04:59,21:40,F 20-24/58,F-22,419,1:25:24,21.37%
792,Madeline Hayes,"Huntington Beach, CA",1858,1:05:00,21:40,F 25-29/92,F-26,420,1:25:25,21.36%
793,Claudia Sherry,"Trabuco Canyon, CA",2174,1:05:03,21:41,F 40-44/35,F-40,421,1:17:19,22.21%
794,*james O'Brien II,"San Mateo, CA",354,1:05:10,21:44,M 55-59/9,M-56,373,1:15:00,22.44%
795,Jenny Saeta,"Lake Forest, CA",2142,1:05:18,21:46,F 30-34/110,F-31,422,1:34:27,21.29%
796,Kay Steele,"Orange, CA",2191,1:05:18,21:46,F 45-49/13,F-46,423,1:05:24,23.49%
797,Roger Montero,"Rancho Santa Margarita, CA",2023,1:05:19,21:47,M 35-39/66,M-36,374,1:25:40,19.14%
798,Crystal Ortega,"Tustin, CA",2074,1:05:20,21:47,F 25-29/93,F-29,424,1:25:39,21.26%
799,Judene Wright,"Tustin, CA",2267,1:05:20,21:47,F 40-44/36,F-43,425,1:22:23,22.71%
800,Eileen Montero,"Rancho Santa Margarita, CA",2022,1:05:22,21:48,F 30-34/111,F-31,426,1:25:41,21.27%
801,*deanne Zamora,"La Habra, CA",541,1:05:26,21:49,F 30-34/112,F-32,427,1:17:43,21.30%
802,*jessica Esparza,"Van Nuys, CA",141,1:05:41,21:54,F 25-29/94,F-26,428,2:20:37,21.14%
803,*crystina Esparza,"Van Nuys, CA",140,1:05:41,21:54,F 20-24/59,F-20,429,2:20:38,21.14%
804,*lisa Cordova-Bryant,"Brea, CA",111,1:05:54,21:58,F 40-44/37,F-40,430,1:29:36,21.93%
805,*jill Hilbert,"Brea, CA",204,1:05:54,21:58,F 35-39/66,F-35,431,1:29:36,21.33%
806,John Martinez Sr,"Lakewood, CA",1991,1:05:56,21:59,M 55-59/10,M-58,375,1:15:50,22.55%
807,*sheron Wingate,"Redlands, CA",531,1:05:57,21:59,F 25-29/95,F-28,432,1:50:25,21.06%
808,Julie Makowski,"Orange, CA",1975,1:06:06,22:02,F 45-49/14,F-45,433,2:41:51,22.93%
809,*jesus Morales,"San Juan Capistrano, CA",334,1:06:15,22:05,M 30-34/79,M-33,376,1:53:38,18.57%
810,Lydia Torres,"Reseda, CA",2217,1:06:21,22:07,F 30-34/113,F-34,434,1:41:09,21.11%
811,Mayra Garay,"Ontario, CA",1807,1:06:21,22:07,F 35-39/67,F-38,435,1:57:59,21.51%
812,Jocelyn Saavedra,"Reseda, CA",2138,1:06:22,22:08,F 13-19/32,F-15,436,1:41:08,21.90%
813,Sadie Torres,"Van Nuys, CA",2218,1:06:22,22:08,F 20-24/60,F-20,437,1:41:09,20.92%
814,Erica Azoyan,"Orange, CA",1615,1:06:24,22:08,F 25-29/96,F-29,438,1:30:11,20.91%
815,*taianne Carey,"Long Beach, CA",92,1:06:25,22:09,F 30-34/114,F-32,439,1:26:44,20.98%
816,Jason Limburg,"Orange, CA",1948,1:06:25,22:09,M 30-34/80,M-30,377,1:30:12,18.37%
817,*savannah Carey,"Long Beach, CA",91,1:06:26,22:09,F 13-19/33,F-13,440,1:26:44,22.56%
818,Kelsey Wood,"Yorba Linda, CA",2263,1:06:43,22:15,F 20-24/61,F-21,441,1:18:57,20.81%
819,Stefany D'Amore,"Anaheim, CA",1737,1:06:43,22:15,F 13-19/34,F-18,442,1:18:57,21.04%
820,*jennifer Stahlnecker,"San Bernardino, CA",478,1:06:44,22:15,F 30-34/115,F-30,443,1:30:33,20.81%
821,Alissa Archer,"Los Angeles, CA",1610,1:06:52,22:18,F 30-34/116,F-31,444,3:12:01,20.79%
822,Meghan Pinckard,"Los Angeles, CA",2095,1:06:52,22:18,F 30-34/117,F-31,445,3:12:01,20.79%
823,Marilu Munoz,"Baldwin Park, CA",2036,1:07:05,22:22,F 30-34/118,F-30,446,2:26:37,20.70%
824,Maria Madson,"Orange, CA",1970,1:07:34,22:32,F 40-44/38,F-44,447,1:27:56,22.18%
825,Joel Torres,"Reseda, CA",2216,1:07:37,22:33,M 35-39/67,M-38,378,1:42:25,18.76%
826,Jorge Saavedra,"Reseda, CA",2139,1:07:37,22:33,M 13-19/36,M-13,379,1:42:26,20.24%
827,Carson King,"San Clemente, CA",1924,1:07:51,22:37,M 25-29/76,M-26,380,1:20:06,17.94%
828,Monica Negrete,"San Clemente, CA",2044,1:07:54,22:38,F 25-29/97,F-25,448,1:20:08,20.45%
829,Ellon Lindsey,"Orange, CA",1952,1:08:20,22:47,F 45-49/15,F-49,449,1:08:28,23.30%
830,*jennifer Nakamatsu,"Buena Park, CA",346,1:08:25,22:49,F 45-49/16,F-47,450,3:08:44,22.69%
831,*angie Anderson,"Riverside, CA",24,1:08:35,22:52,F 45-49/17,F-45,451,3:08:57,22.10%
832,*ian Anderson,"Riverside, CA",25,1:08:36,22:52,M 40-44/42,M-42,381,3:08:56,19.05%
833,*dan Moses,"Norco, CA",340,1:08:37,22:53,M 40-44/43,M-42,382,3:08:58,19.05%
834,Elizabeth Ramirez,"Santa Ana, CA",2102,1:09:01,23:01,F 40-44/39,F-42,452,1:26:06,21.30%
835,Sonia Flores,"Ontario, CA",1801,1:09:04,23:02,F 40-44/40,F-43,453,1:26:08,21.48%
836,*elaine Haines,"Chatsworth, CA",188,1:09:34,23:12,F 40-44/41,F-40,454,1:36:22,20.78%
837,Layne Courtney,"Lake Forest, CA",1730,1:09:34,23:12,F 25-29/98,F-27,455,1:26:34,19.96%
838,*tina Ullmer,"Valley Village, CA",500,1:09:35,23:12,F 40-44/42,F-41,456,1:36:22,20.94%
839,*dawn Cox,"Stevenson Ranch, CA",116,1:09:35,23:12,F 40-44/43,F-44,457,1:36:22,21.54%
840,*crystal Marshall,"Burbank, CA",302,1:09:36,23:12,F 30-34/119,F-34,458,1:36:23,20.12%
841,Keith Bradford,"Midvale, UT",1650,1:09:46,23:16,M 50-54/12,M-54,383,1:30:12,20.60%
842,Heather Runkel,"Torrance, CA",2133,1:09:47,23:16,F 25-29/99,F-26,459,1:30:14,19.90%
843,Kristi Bradford,"Las Vegas, NV",1651,1:09:47,23:16,F 20-24/62,F-20,460,1:30:13,19.90%
844,Adam Runkel,"Torrance, CA",2132,1:09:48,23:16,M 25-29/77,M-28,384,1:30:13,17.43%
845,Josh Bradford,"Las Vegas, NV",1649,1:09:49,23:17,M 20-24/41,M-22,385,1:30:14,17.43%
846,*ana Rodriguez,"Los Angeles, CA",425,1:09:55,23:19,F 20-24/63,F-24,461,1:44:40,19.86%
847,Antonio Ortega,"La Habra, CA",2073,1:09:56,23:19,M 35-39/68,M-39,386,2:19:58,18.28%
848,Karie Lafferty,"La Habra, CA",1932,1:09:56,23:19,F 35-39/68,F-38,462,2:19:58,20.41%
849,*johnny Zamora,"Monrovia, CA",542,1:10:15,23:25,M 45-49/16,M-49,387,1:22:33,19.65%
850,Janine Mendoza,"Azusa, CA",2012,1:10:17,23:26,F 20-24/64,F-23,463,1:22:35,19.76%
851,Elizabeth Garcia,"Rancho Santa Margarita, CA",1810,1:10:55,23:39,F 20-24/65,F-20,464,1:58:19,19.58%
852,Naya Brannam,"Mission Viejo, CA",1653,1:10:55,23:39,F 13-19/35,F-13,465,1:58:19,21.13%
853,Andrea Brannam,"Mission Viejo, CA",1652,1:10:56,23:39,F 30-34/120,F-34,466,1:58:19,19.74%
854,*dawn Laguardia,"Moorpark, CA",251,1:11:13,23:45,F 35-39/69,F-37,467,1:31:39,19.92%
855,Jacqueline Jimenez,"Covina, CA",1901,1:11:36,23:52,F 25-29/100,F-25,468,1:32:05,19.39%
856,Denise Cervantes,"Los Angeles, CA",1701,1:11:38,23:53,F 40-44/44,F-43,469,1:32:06,20.71%
857,*phuong Chau,"Mira Loma, CA",5632,1:11:44,23:55,F 25-29/101,F-28,470,3:21:54,19.36%
858,*brooks Moonan,"Sun City, CA",333,1:12:12,24:04,M 45-49/17,M-47,388,1:50:32,18.82%
859,*tamara Stump,"Sun City, CA",485,1:12:14,24:05,F 40-44/45,F-41,471,1:50:34,20.17%
860,*alexandra Lopez,"Los Angeles, CA",280,1:12:15,24:05,F 25-29/102,F-27,472,1:39:01,19.22%
861,*lianna Quintero,"West Covina, CA",395,1:12:16,24:06,F 20-24/66,F-20,473,1:39:01,19.22%
862,Stacy Zimmer,"Gardena, CA",2276,1:12:22,24:08,F 25-29/103,F-26,474,1:29:25,19.19%
863,Danielle McCoy,"Long Beach, CA",2005,1:12:23,24:08,F 13-19/36,F-18,475,1:29:27,19.39%
864,Cheryl Bruton,"San Clemente, CA",1662,1:12:55,24:19,F 50-54/15,F-52,476,1:36:42,22.68%
865,Kalindi Orman,"Aliso Viejo, CA",2071,1:12:59,24:20,F 35-39/70,F-38,477,1:36:42,19.55%
866,Rhys Salcedo,"Huntington Beach, CA",2145,1:13:02,24:21,F 25-29/104,F-29,478,4:00:25,19.01%
867,Anne Milo,"Long Beach, CA",2015,1:13:03,24:21,F 25-29/105,F-25,479,4:00:25,19.01%
868,Edith Molotla,"Santa Ana, CA",2018,1:13:29,24:30,F 35-39/71,F-36,480,1:13:29,19.22%
869,Joshua Chamness,"Tustin, CA",1706,1:13:31,24:31,M 30-34/81,M-33,389,2:53:48,16.73%
870,Jennifer Henninger,"Rancho Santa Margarita, CA",1865,1:13:32,24:31,F 35-39/72,F-36,481,2:53:56,19.20%
871,Beth Ewing,"Rancho Santa Margarita, CA",1777,1:13:33,24:31,F 40-44/46,F-40,482,2:53:57,19.65%
872,Angela Weiss,"Costa Mesa, CA",2247,1:14:10,24:44,F 25-29/106,F-28,483,1:31:11,18.72%
873,Erica Wilmot,"Irvine, CA",2257,1:14:10,24:44,F 25-29/107,F-29,484,1:31:11,18.72%
874,Cari Morgan,"Costa Mesa, CA",2031,1:14:10,24:44,F 30-34/121,F-33,485,1:31:11,18.81%
875,*mary Batarseh,"South Pasadena, CA",44,1:14:17,24:46,F 30-34/122,F-32,486,3:40:15,18.76%
876,*michele Aparicio,"Long Beach, CA",34,1:14:17,24:46,F 35-39/73,F-37,487,3:40:16,19.10%
877,*raquel Ippoliti,"Diamond Bar, CA",220,1:14:19,24:47,F 30-34/123,F-31,488,3:40:17,18.71%
878,Gabriela L Flores,"Baldwin Park, CA",1798,1:14:50,24:57,F 20-24/67,F-22,489,2:34:20,18.56%
879,Maria Pitts,"Tustin, CA",2096,1:14:54,24:58,F 45-49/18,F-46,490,1:35:20,20.48%
880,Sharon Guzman,"Whittier, CA",1851,1:14:55,24:59,F 40-44/47,F-41,491,1:35:20,19.45%
881,*nadia Fisk,"Lancaster, CA",154,1:14:58,25:00,F 30-34/124,F-33,492,1:14:58,18.61%
882,*meredith Merriman,"Redlands, CA",320,1:15:55,25:19,F 30-34/125,F-32,493,1:39:44,18.36%
883,Cesar Ocampo,"Highland, CA",2061,1:15:56,25:19,M 30-34/82,M-33,390,1:39:44,16.20%
884,Yaret Ocampo,"Highland, CA",2062,1:15:58,25:20,F 30-34/126,F-31,494,1:39:45,18.30%
885,Cheryl Schubert,"Anaheim, CA",2163,1:16:04,25:22,F 50-54/16,F-53,495,1:28:20,22.02%
886,Brittany Schubert,"Anaheim, CA",2162,1:16:04,25:22,F 20-24/68,F-24,496,1:28:21,18.26%
887,*rudy Haniff,"Canyon Country, CA",191,1:16:29,25:30,M 35-39/69,M-39,391,2:31:25,16.72%
888,*kayla Hamilton,"Canyon Country, CA",189,1:16:30,25:30,F 40-44/48,F-40,497,2:31:26,18.89%
889,Laura Murillo,"Baldwin Park, CA",2037,1:16:45,25:35,F 35-39/74,F-38,498,1:40:31,18.59%
890,*leroy Pedigo,"Hawaiian Gardens, CA",376,1:17:16,25:46,M 35-39/70,M-37,392,1:37:40,16.31%
891,Marijin Diaz,"Huntington Beach, CA",1752,1:17:25,25:49,F 30-34/127,F-32,499,1:29:43,18.00%
892,Jennifer Murrey,"La Habra, CA",2038,1:17:25,25:49,F 30-34/128,F-32,500,1:29:43,18.00%
893,*sonia Rodriguez,"Carson, CA",430,1:17:28,25:50,F NoAge/0,F-0,501,1:29:44, 0.00%
894,*javier Rodriguez,"Carson, CA",427,1:17:28,25:50,M 40-44/44,M-41,393,1:29:44,16.74%
895,Morales Blas,"Fullerton, CA",1644,1:18:18,26:06,M 35-39/71,M-36,394,3:02:40,15.97%
896,Sandra Farias,"Santa Ana, CA",1779,1:18:18,26:06,F 35-39/75,F-35,502,3:02:39,17.95%
897,Jose Briseno,"Orange, CA",1657,1:18:19,26:07,M 35-39/72,M-37,395,3:02:40,16.09%
898,Krysclie Mayer,"Long Beach, CA",2001,1:18:21,26:07,F 40-44/49,F-42,503,2:02:50,18.77%
899,Leah Browitt,"Los Angeles, CA",1659,1:19:07,26:23,F 30-34/129,F-32,504,1:39:31,17.61%
900,Veronica Pimentel,"Bellflower, CA",2094,1:19:08,26:23,F 25-29/108,F-28,505,1:39:31,17.55%
901,Michelle Jones,"Long Beach, CA",1909,1:19:08,26:23,F 30-34/130,F-32,506,1:39:31,17.61%
902,Nicole James,"Carson, CA",1896,1:19:14,26:25,F 30-34/131,F-30,507,1:39:38,17.53%
903,*vanessa Reyes,"Loma Linda, CA",412,1:22:15,27:25,F 25-29/109,F-27,508,1:42:42,16.88%
904,Ian Cosley,"Huntington Beach, CA",1729,1:24:05,28:02,M 30-34/83,M-32,396,4:11:27,14.59%
905,*gaylord Rivera,"Long Beach, CA",420,1:24:05,28:02,M 35-39/73,M-38,397,4:11:31,15.09%
906,*lilah Larrabure,"Artesia, CA",262,1:27:29,29:10,F 30-34/132,F-34,509,3:07:48,16.01%
907,*romil Nathan,"Artesia, CA",347,1:27:30,29:10,M 13-19/37,M-15,398,3:07:49,15.01%
908,Thi Nguyen,"Fountain Valley, CA",2051,1:31:57,30:39,M 20-24/42,M-23,399,4:19:29,13.23%
909,Christine Pham,"Garden Grove, CA",2091,1:31:59,30:40,F 20-24/69,F-23,510,4:19:29,15.10%
910,*stephanie Prescott,"Hesperia, CA",385,1:33:18,31:06,F 13-19/37,F-19,511,1:57:04,14.94%
911,*robin Gates,"Orange, CA",171,1:34:02,31:21,F 40-44/50,F-43,512,2:00:46,15.78%
912,*dorit Campbell,"Orange, CA",85,1:34:02,31:21,F 40-44/51,F-43,513,2:00:47,15.78%
913,Astrid Toledo,"Sylmar, CA",2212,1:34:49,31:37,F 13-19/38,F-13,514,1:47:03,15.81%
914,Jessica Martinez,"Arleta, CA",1985,1:34:49,31:37,F 20-24/70,F-22,515,1:47:03,14.64%
915,Marilyn Toledo,"Sylmar, CA",2214,1:34:50,31:37,F 20-24/71,F-23,516,1:47:03,14.64%
916,*drew Cartwright,"Los Angeles, CA",98,1:34:59,31:40,M 30-34/84,M-34,400,1:34:59,13.02%
917,*petra Higginbotham,"Anaheim, CA",203,1:36:18,32:06,F 60-99/1,F-62,517,2:03:03,19.77%
918,*dorit Glover,"Anaheim, CA",177,1:36:18,32:06,F 60-99/2,F-65,518,2:03:03,20.70%
919,Carlos Toledo,"Sylmar, CA",2213,1:37:09,32:23,M 45-49/18,M-47,401,1:47:04,13.98%
920,Allison Santos,"Ladera Ranch, CA",2155,1:39:33,33:11,F 30-34/133,F-31,519,2:00:02,13.97%
921,*ronald Welemin,"Victorville, CA",521,3:52:02,1:17:21,M 50-54/13,M-54,402,4:01:55, 6.19%
922,Hilda Botello,"Los Angeles, CA",1647,3:53:14,1:17:45,F 25-29/110,F-27,520,4:20:01, 5.95%
