Place,Name,Location,Bib,Net Time,Pace,Division/Place,Sex-Age,Sex-Place,Gun Time,Age Grade
1,Thomas Jimenez,"Pico Rivera, CA",1112,28:42,7:42,M 13-19/1,M-19,1,28:44,55.78%
2,Robert Rust,"Garden Grove, CA",319,29:16,7:51,M 40-44/1,M-42,2,33:25,57.55%
3,Nathan* Meier,"Riverside, CA",2006,30:35,8:13,M 13-19/2,M-16,3,30:37,54.42%
4,David Keys,", ",7374,32:14,8:39,M 30-34/1,M-30,4,4:18:53,48.73%
5,David* Sanchez,"Long Beach, CA",525,32:16,8:40,M 25-29/1,M-26,5,43:45,48.58%
6,Johnny Castaneda,"Los Angeles, CA",1034,32:20,8:41,M 20-24/1,M-21,6,36:30,48.68%
7,Glenn Nutting,"Mission Viejo, CA",1107,32:27,8:43,M 13-19/3,M-18,7,32:29,49.95%
8,Edward Argyle,"Tustin, CA",837,32:33,8:44,M 20-24/2,M-23,8,36:38,48.16%
9,David* Sibbrel,"Chino Hills, CA",393,32:57,8:51,M 35-39/1,M-38,9,35:16,49.60%
10,Kim Shebel,"San Clemente, CA",63,33:24,8:58,F 30-34/1,F-30,1,1:07:43,53.57%
11,Michelle Barton,"Laguna Niguel, CA",7342,33:29,8:59,F 40-44/1,F-40,2,33:29,55.23%
12,Sean* McKenrick,"La Habra, CA",1553,35:08,9:26,M 25-29/2,M-27,10,46:36,44.61%
13,Ken Gunn,"Huntington Beach, CA",2437,35:11,9:27,M 45-49/1,M-45,11,37:28,48.96%
14,Jaimi* Oeck,"Aliso Viejo, CA",1012,35:24,9:30,F 30-34/2,F-32,3,46:52,50.68%
15,Daniel* Villarruel,"Bell Gardens, CA",194,35:38,9:34,M 30-34/2,M-34,12,1:06:19,44.69%
16,Kevin* Bauder,"Riverside, CA",1316,35:39,9:34,M 30-34/3,M-32,13,1:06:20,44.29%
17,Amanda McConnell,"Brea, CA",758,35:39,9:34,F 20-24/1,F-20,4,42:04,50.19%
18,Aaron* McManus,"Lake Elsinore, CA",418,35:48,9:37,M 30-34/4,M-31,14,1:03:05,44.01%
19,Mitch Giffin,"Tustin, CA",512,35:49,9:37,M 30-34/5,M-31,15,1:03:06,43.99%
20,Jan* Redondo,"Lakewood, CA",1068,35:53,9:38,M 13-19/4,M-19,16,49:56,44.61%
21,David Castellanos,"Mission Viejo, CA",7368,36:04,9:41,M 35-39/2,M-37,17,3:41:37,44.98%
22,Daniel Perez,"Downey, CA",1460,36:12,9:43,M 30-34/6,M-30,18,1:03:35,43.39%
23,Jenna* Keller,"Rosemead, CA",306,36:30,9:48,F 25-29/1,F-26,5,1:13:20,49.02%
24,Matthew** Harmelink,"Long Beach, CA",1474,37:12,9:59,M 25-29/3,M-28,19,51:11,42.13%
25,Breanna Moorman,"Buena Park, CA",1420,37:42,10:07,F 20-24/2,F-23,6,46:13,47.46%
26,Patrick Detken,"Costa Mesa, CA",1265,37:52,10:10,M 35-39/3,M-38,20,1:05:08,43.15%
27,Donny** Farmer,"Irvine, CA",7493,38:05,10:13,M 30-34/7,M-30,21,1:05:28,41.24%
28,Gabriella Villalobos,"Pico Rivera, CA",1111,38:05,10:13,F 13-19/1,F-19,7,40:24,47.15%
29,Priest Medina,"Long Beach, CA",593,38:06,10:14,M 30-34/8,M-31,22,1:12:27,41.36%
30,Andres Esparza,"La Habra, CA",1606,38:19,10:17,M 35-39/4,M-35,23,38:21,41.78%
31,Jason Phillippe,"Fontana, CA",234,38:20,10:17,M 30-34/9,M-33,24,56:36,41.37%
32,Charles Mahovlic,"Laguna Hills, CA",576,38:56,10:27,M 20-24/3,M-24,25,43:06,40.26%
33,Gabe* Calzada,"Santa Monica, CA",642,38:57,10:27,M 35-39/5,M-35,26,1:19:50,41.10%
34,Eric* Ho,"Manhattan Beach, CA",633,38:57,10:27,M 35-39/6,M-36,27,1:19:50,41.35%
35,Christy Lindsey,"Laguna Niguel, CA",10,39:03,10:29,F 30-34/3,F-32,8,1:13:41,45.94%
36,Stefanie* Gibson,"Hemet, CA",753,39:13,10:32,F 13-19/2,F-19,9,45:38,45.79%
37,Isaac Alfaro,"Chino, CA",670,39:16,10:32,M 25-29/4,M-29,28,50:45,39.96%
38,Kurt* Schroeder,"Aliso Viejo, CA",1283,39:22,10:34,M 40-44/2,M-44,29,45:51,43.41%
39,Daniel Guillen,"Santa Ana, CA",1174,39:34,10:37,M 20-24/4,M-21,30,43:44,39.78%
40,Tyler* Kaegi,"Aliso Viejo, CA",1005,39:37,10:38,M 13-19/5,M-14,31,51:05,43.52%
41,Bob Stubbs,"Huntington Beach, CA",1642,39:38,10:38,M 45-49/2,M-49,32,51:06,44.85%
42,Amanda Strand,"Ridgecrest, CA",909,39:38,10:38,F 13-19/3,F-16,10,41:56,46.70%
43,Orlando* Covarrubias,"Maywood, CA",1235,39:42,10:39,M 20-24/5,M-24,33,43:53,39.48%
44,Mike Wetzel,"Crestline, CA",334,39:44,10:40,M 30-34/10,M-33,34,58:00,39.91%
45,Ricardo* Inostroza,"Los Angeles, CA",1554,39:53,10:42,M 35-39/7,M-38,35,1:03:39,40.97%
46,Jason Toma,"Los Alamitos, CA",928,40:10,10:47,M 25-29/5,M-26,36,51:38,39.02%
47,Robb* Briggs,"Pasadena, CA",107,40:14,10:48,M 40-44/3,M-42,37,1:28:47,41.86%
48,Michele* Lally,"San Diego, CA",150,40:22,10:50,F 45-49/1,F-49,11,48:52,49.61%
49,Miguel Angel Luna,"Brea, CA",538,40:30,10:52,M 45-49/3,M-46,38,44:40,42.86%
50,Jessica* Cedillos,"Pacoima, CA",1023,40:33,10:53,F 25-29/2,F-26,12,57:08,44.12%
51,Pat* Lopez,"Rosemead, CA",1287,40:43,10:56,M 35-39/8,M-35,39,54:46,39.31%
52,Heather Stephenson,"Fullerton, CA",60,40:44,10:56,F 35-39/1,F-36,13,1:23:27,44.49%
53,Raymond Silva,"Long Beach, CA",1127,40:48,10:57,M 30-34/11,M-31,40,1:08:05,38.62%
54,Christopher* Bertell,"Riverside, CA",1779,40:56,10:59,M 30-34/12,M-32,41,1:08:13,38.57%
55,Phillip Stephenson,"Fullerton, CA",61,41:01,11:00,M 35-39/9,M-38,42,1:21:52,39.84%
56,Baris Kizilgedik,"Stanton, CA",1851,41:01,11:00,M 30-34/13,M-33,43,57:39,38.66%
57,Maria Huerta,"Encinitas, CA",2160,41:15,11:04,F 30-34/4,F-33,14,1:01:18,43.57%
58,Dale Marin,"Rancho Santa Margarita, CA",203,41:27,11:07,M 55-59/1,M-57,44,1:37:27,45.82%
59,Sheri Thomas,"San Clemente, CA",611,41:29,11:08,F 40-44/2,F-41,15,1:30:03,44.86%
60,Jim* Phibbs,"Riverside, CA",249,41:29,11:08,M 35-39/10,M-36,45,1:22:22,38.83%
61,Marco* Medrano,"Apple Valley, CA",792,41:43,11:12,M 35-39/11,M-35,46,1:22:38,38.37%
62,Alec Mamrot,"La Palma, CA",295,41:49,11:13,M 13-19/6,M-14,47,45:59,41.23%
63,Ruben Munoz,"Downey, CA",1264,41:51,11:14,M 13-19/7,M-19,48,53:29,38.25%
64,Anthony* Gilmore,"Brea, CA",1167,42:00,11:16,M 30-34/14,M-33,49,1:12:42,37.75%
65,Oscar Xicohtencatl,"Midway, CA",1217,42:02,11:17,M 20-24/6,M-21,50,46:12,37.45%
66,Craig Shideler,"Seal Beach, CA",1131,42:16,11:21,M 30-34/15,M-33,51,1:09:34,37.51%
67,Christopher** Marzouki,"Long Beach, CA",1989,42:17,11:21,M 13-19/8,M-15,52,42:19,39.98%
68,Andrew* Pechy,"Diamond Bar, CA",1059,42:34,11:25,M 35-39/12,M-38,53,1:23:27,38.39%
69,David* Cardoso,"Huntington Beach, CA",91,42:40,11:27,M 20-24/7,M-21,54,46:50,36.88%
70,Wendy* Castellanos,"Riverside, CA",1508,42:41,11:27,F 40-44/3,F-40,16,4:28:38,43.32%
71,Juan Valle,"San Bernardino, CA",276,42:44,11:28,M 30-34/16,M-31,55,1:10:04,36.87%
72,Shawn Silva,"La Habra, CA",335,42:57,11:32,M 35-39/13,M-36,56,1:10:14,37.50%
73,Jeb Barnouski,"Long Beach, CA",110,43:11,11:35,M 20-24/8,M-24,57,1:17:33,36.29%
74,Kristiina Beary,"Laguna Niguel, CA",312,43:39,11:43,F 30-34/5,F-34,17,1:20:28,41.25%
75,Lindsey White,"Laguna Beach, CA",7418,43:45,11:45,F 25-29/3,F-27,18,3:49:22,40.89%
76,Paul Felberg,"Beaumont, CA",7369,43:49,11:45,M 35-39/14,M-39,58,3:49:22,37.56%
77,Kelly Caulfield,"Garden Grove, CA",1035,43:52,11:46,F 13-19/4,F-18,19,50:22,41.24%
78,Aiko Araki,"Garden Grove, CA",1046,43:52,11:46,F 20-24/3,F-20,20,50:22,40.78%
79,Jennifer Childress,"Huntington Beach, CA",1542,43:55,11:47,F 45-49/2,F-46,21,1:41:59,44.10%
80,Jeffrey Davis,"Lakewood, CA",1555,44:27,11:56,M 45-49/4,M-47,59,1:48:41,39.35%
81,Michael Nunez,"Long Beach, CA",539,44:28,11:56,M 45-49/5,M-46,60,48:38,39.03%
82,Allison Cabral,"Dana Point, CA",1547,44:33,11:57,F 30-34/6,F-34,22,1:23:11,40.42%
83,Angela* Phillips,"Rancho Cucamonga, CA",430,44:34,11:58,F 25-29/4,F-27,23,1:21:29,40.14%
84,Lisa* Perez,"Rancho Cucamonga, CA",293,44:34,11:58,F 25-29/5,F-27,24,1:21:29,40.14%
85,Gene Hsieh,"Fountain Valley, CA",1484,44:37,11:58,M 35-39/15,M-39,61,1:01:16,36.88%
86,Mark Signaigo,"Rosemead, CA",2366,44:39,11:59,M 25-29/6,M-27,62,1:21:30,35.10%
87,Michael Acuna,"Downey, CA",201,44:43,12:00,M 30-34/17,M-31,63,1:12:05,35.23%
88,Oliver* Lally,"San Diego, CA",151,44:44,12:00,M 13-19/9,M-16,64,44:45,37.20%
89,Christopher* Ferrer,"Chula Vista, CA",767,44:46,12:01,M 20-24/9,M-21,65,48:56,35.16%
90,Zachary Stauber,"Altadena, CA",812,44:47,12:01,M 20-24/10,M-23,66,48:57,35.00%
91,Brian Wong,"Duarte, CA",790,44:50,12:02,M 20-24/11,M-24,67,56:24,34.94%
92,Andrea Williams,"Moreno Valley, CA",412,45:05,12:06,F 25-29/6,F-26,25,1:03:21,39.68%
93,Matt Stahl,"Yorba Linda, CA",1142,45:14,12:08,M 13-19/10,M-16,68,1:36:23,36.79%
94,Robert Hernandez,"Santa Ana, CA",7285,45:23,12:11,M 20-24/12,M-23,69,45:26,34.53%
95,Michael Brinkman,"Aliso Viejo, CA",174,45:33,12:13,M 40-44/4,M-44,70,2:11:07,37.52%
96,Phillip* De Los Santos,"Huntington Beach, CA",523,45:39,12:15,M 35-39/16,M-37,71,59:41,35.54%
97,Axel* Olson,"San Bernardino, CA",817,45:40,12:15,M 25-29/7,M-29,72,59:40,34.36%
98,Katie Wing,"Buena Park, CA",1577,45:45,12:17,F 20-24/4,F-20,26,45:45,39.10%
99,Juan* Aguilar,"Perris, CA",339,45:50,12:18,M 25-29/8,M-27,73,1:05:53,34.19%
100,Quan Nguyen,"Irvine, CA",98,45:54,12:19,M 25-29/9,M-29,74,1:04:12,34.18%
101,Lester Alan Dumpit,"Whittier, CA",99,45:55,12:19,M 25-29/10,M-26,75,1:04:13,34.13%
102,Jon* Carlson,"Murrieta, CA",714,45:55,12:19,M 25-29/11,M-26,76,57:26,34.13%
103,Maria Sotomayor,"Downey, CA",485,46:04,12:22,F 40-44/4,F-40,27,57:34,40.14%
104,Chris Mamrot,"La Palma, CA",296,46:08,12:23,M 40-44/5,M-44,77,46:08,37.04%
105,Daniel* Felix,"Victorville, CA",713,46:08,12:23,M 30-34/18,M-33,78,1:06:12,34.37%
106,Kristin* Bishop,"San Gabriel, CA",594,46:10,12:23,F 25-29/7,F-27,28,1:06:15,38.75%
107,Emily Phillippe,"Fontana, CA",233,46:15,12:25,F 35-39/2,F-35,29,1:04:32,39.04%
108,Annika Hirschler,"Corona, CA",158,46:15,12:25,F 20-24/5,F-20,30,52:41,38.68%
109,Monica Wood,"Laguna Hills, CA",1564,46:17,12:25,F 35-39/3,F-38,31,52:44,39.52%
110,Bill Wood,"Laguna Hills, CA",1565,46:18,12:25,M 40-44/6,M-40,79,52:44,35.83%
111,Brandon Lee,"Tujunga, CA",94,46:41,12:32,M 30-34/19,M-30,80,1:04:59,33.64%
112,Brian* Salgado,"Anaheim, CA",475,46:57,12:36,M 40-44/7,M-43,81,1:35:27,36.12%
113,Calvin* Vuong,"San Gabriel, CA",1359,47:02,12:37,M 30-34/20,M-30,82,1:14:23,33.39%
114,Jordan* Latimer,"Rancho Cucamonga, CA",905,47:03,12:38,M 25-29/12,M-29,83,1:23:58,33.35%
115,Alesa* West,"Signal Hill, CA",1424,47:05,12:38,F 40-44/5,F-43,32,1:17:51,40.08%
116,Zachary* Pizzullo,"Sun City, CA",971,47:10,12:39,M 35-39/17,M-38,84,1:28:04,34.64%
117,Jodi Kohanek,"Westminster, CA",1039,47:16,12:41,F 35-39/4,F-39,33,53:43,38.87%
118,Peter Martinovich,"Aliso Viejo, CA",436,47:21,12:42,M 40-44/8,M-42,85,53:49,35.56%
119,Ingrid* Grubb,"Manhattan Beach, CA",1216,47:21,12:42,F 30-34/7,F-30,34,1:35:54,37.78%
120,Jake Demsey,"Long Beach, CA",1590,47:25,12:44,M 25-29/13,M-25,86,1:45:30,33.05%
121,Renee Robertson,"Crestline, CA",333,47:29,12:44,F 25-29/8,F-28,35,1:05:46,37.68%
122,Nick Ares,"Lake Forest, CA",7321,47:38,12:47,M 25-29/14,M-26,87,1:05:54,32.90%
123,Sarah De Crescenzo,"Lake Forest, CA",7320,47:38,12:47,F 20-24/6,F-23,36,1:05:55,37.56%
124,Dave Thomas,"San Clemente, CA",612,47:44,12:49,M 55-59/2,M-56,88,1:36:18,39.43%
125,Larry Christensen,"Laguna Hills, CA",1964,47:50,12:50,M 60-64/1,M-62,89,1:04:25,41.48%
126,Allan Ines,"Montclair, CA",101,47:52,12:51,M 20-24/13,M-22,90,1:06:10,32.74%
127,Yasamin Subat,"North Hollywood, CA",1302,47:55,12:51,F 25-29/9,F-29,37,1:11:37,37.33%
128,Cherie* McManus,"Lake Elsinore, CA",419,47:55,12:52,F 30-34/8,F-31,38,1:15:13,37.37%
129,Aldo Soto,"Irvine, CA",292,47:56,12:52,M 40-44/9,M-40,91,1:24:49,34.61%
130,Louis* Valverde,"Ontario, CA",1326,47:58,12:52,M 30-34/21,M-34,92,1:18:39,33.19%
131,Brian Gardner,"Lake Forest, CA",2083,48:08,12:55,M 50-54/1,M-51,93,1:44:09,37.51%
132,Ashley Strand,"Ridgecrest, CA",908,48:10,12:56,F 13-19/5,F-18,39,50:29,37.56%
133,Matthew Pohl,"Beaumont, CA",1696,48:17,12:57,M 35-39/18,M-38,94,59:47,33.84%
134,Andrea Rodriguez,"Whittier, CA",7403,48:21,12:59,F 35-39/5,F-36,40,1:29:17,37.48%
135,Amy Wattles,"Mission Viejo, CA",7372,48:24,12:59,F 30-34/9,F-30,41,3:53:59,36.96%
136,Erin Amico,"Costa Mesa, CA",431,48:27,13:00,F 20-24/7,F-24,42,48:27,36.92%
137,Lance Rust,"Garden Grove, CA",318,48:50,13:06,M 13-19/11,M-14,95,48:53,35.30%
138,Sean Mansfield,"Lake Forest, CA",1139,48:55,13:08,M 35-39/19,M-35,96,1:05:34,32.72%
139,Julie Devin,"Corona Del Mar, CA",255,48:55,13:08,F 25-29/10,F-28,43,1:29:52,36.57%
140,Leah Hines,"Rancho Santa Margarita, CA",1120,48:55,13:08,F 25-29/11,F-29,44,1:05:33,36.57%
141,Brian Lorton,"Rancho Santa Margarita, CA",1589,48:56,13:08,M 35-39/20,M-35,97,1:05:34,32.71%
142,Ryan Devin,"Corona Del Mar, CA",253,48:58,13:09,M 25-29/15,M-28,98,1:29:52,32.01%
143,David* Church,"Orange, CA",744,49:05,13:10,M 25-29/16,M-26,99,1:00:32,31.93%
144,Daniel England,"Irvine, CA",1327,49:06,13:11,M 40-44/10,M-43,100,1:10:59,34.53%
145,Benjamin* Leslie,"Victorville, CA",300,49:07,13:11,M 30-34/22,M-30,101,1:09:11,31.98%
146,Nazanin Subat,"North Hollywood, CA",1301,49:09,13:11,F 25-29/12,F-29,45,1:12:53,36.40%
147,Todd Clore,"Aliso Viejo, CA",973,49:09,13:11,M 40-44/11,M-41,102,1:37:42,33.99%
148,Stephen Harris,"North Hollywood, CA",1574,49:15,13:13,M 50-54/2,M-50,103,1:47:48,36.38%
149,Sandra Nguyen,"Sacramento, CA",426,49:16,13:13,F 20-24/8,F-20,46,55:42,36.31%
150,William Truong,"Baldwin Park, CA",427,49:17,13:13,M 13-19/12,M-19,104,55:42,32.48%
151,Catherine Bui,"Santa Ana, CA",3,49:17,13:14,F 25-29/13,F-28,47,1:03:21,36.30%
152,Rafaelle Felberg,"Beaumont, CA",7371,49:18,13:14,F 30-34/10,F-34,48,3:54:53,36.52%
153,Cassandra Ngo,"Alhambra, CA",1008,49:29,13:17,F 20-24/9,F-22,49,1:03:30,36.15%
154,Alison Desjardins,"Huntington Beach, CA",929,49:30,13:17,F 25-29/14,F-25,50,1:06:03,36.14%
155,Amy* Tondro,"Diamond Bar, CA",1060,49:32,13:17,F 35-39/6,F-36,51,1:28:10,36.59%
156,Kathleen Boyle,"Santa Ana, CA",17,49:34,13:18,F 35-39/7,F-38,52,1:09:38,36.90%
157,Jinny Lee,"Corona Del Mar, CA",46,49:35,13:18,F 35-39/8,F-37,53,1:09:38,36.72%
158,Maria Romero,"Montebello, CA",584,49:36,13:19,F 25-29/15,F-29,54,1:11:27,36.07%
159,Elizabeth Gonzalez,"Hawthorne, CA",1082,49:40,13:20,F 25-29/16,F-28,55,1:07:57,36.02%
160,Natalie* Matsumoto,"San Marino, CA",721,49:57,13:24,F 20-24/10,F-24,56,49:57,35.81%
161,Vincent* Wong,"Montebello, CA",717,49:57,13:24,M 25-29/17,M-29,105,49:57,31.41%
162,Jindalea Jones,"San Mateo, CA",1156,49:59,13:25,F 25-29/17,F-25,57,1:01:28,35.79%
163,Jill Brown,"La Habra, CA",216,49:59,13:25,F 30-34/11,F-31,58,1:04:03,35.82%
164,Derek Reinig,"Newport Beach, CA",1155,49:59,13:25,M 30-34/23,M-34,106,1:01:29,31.85%
165,Scott Moore,"La Habra, CA",559,50:00,13:25,M 30-34/24,M-30,107,1:04:02,31.41%
166,Jacob* Lacivita,"La Habra, CA",963,50:01,13:25,M 13-19/13,M-16,108,1:01:40,33.27%
167,Vincent Valenzuela,"Lake Forest, CA",269,50:22,13:31,M 30-34/25,M-34,109,1:17:39,31.61%
168,Froylan Araujo,"Santa Ana, CA",273,50:22,13:31,M 25-29/18,M-28,110,1:17:39,31.12%
169,Douglas Malewicki,"Irvine, CA",1089,50:24,13:31,M 70-74/1,M-72,111,1:46:23,43.60%
170,Holly Dauenhauer,"Long Beach, CA",563,50:32,13:34,F 20-24/11,F-21,59,56:58,35.40%
171,Lauren Alvarado,"Long Beach, CA",562,50:33,13:34,F 20-24/12,F-22,60,56:58,35.39%
172,Lisa* Baland,"Calimesa, CA",756,50:42,13:36,F 30-34/12,F-30,61,50:42,35.28%
173,Magee Mudge,"Manhattan Beach, CA",1479,50:43,13:37,F 40-44/6,F-43,62,1:46:43,37.21%
174,Josh Fleury,"Mission Viejo, CA",7156,50:45,13:37,Unknown/1,M-12,112,50:45,35.61%
175,Erick* Mansilla,"Orange, CA",1143,50:52,13:39,M 25-29/19,M-28,113,50:52,30.81%
176,Rachel* Chavez,"Lake Forest, CA",1015,50:58,13:41,F 35-39/9,F-35,63,1:07:34,35.43%
177,Dana Rauth,"Mission Viejo, CA",1796,51:09,13:44,F 20-24/13,F-20,64,1:07:46,34.97%
178,Craig Maurer,"Mission Viejo, CA",1795,51:09,13:44,M 20-24/14,M-24,114,1:07:46,30.63%
179,Sergio Gardea,"Pomona, CA",466,51:15,13:45,M 35-39/21,M-37,115,1:22:00,31.65%
180,Gabriela Gaytan,"Los Angeles, CA",406,51:21,13:47,F 20-24/14,F-22,65,1:09:40,34.84%
181,Pamela** Borja,"Huntington Beach, CA",242,51:24,13:48,F 25-29/18,F-27,66,1:25:43,34.80%
182,Janet Chou,"Long Beach, CA",1446,51:25,13:48,F 25-29/19,F-27,67,1:13:17,34.79%
183,Spencer Wing,"Buena Park, CA",1578,51:26,13:48,M 13-19/14,M-13,116,51:26,34.26%
184,Jessica* Coleman,"Newport Beach, CA",1611,51:30,13:49,F 20-24/15,F-22,68,1:45:03,34.74%
185,Emre* Comertoglu,"Long Beach, CA",1135,51:32,13:50,M 30-34/26,M-32,117,1:32:25,30.64%
186,Kathleen* Switzer,"Fullerton, CA",1468,51:35,13:51,F 35-39/10,F-37,69,1:34:21,35.29%
187,Kevin* Cheng,"Rosemead, CA",1347,51:40,13:52,M 25-29/20,M-28,118,1:19:01,30.33%
188,Mackenzie Kohanek,"Westminster, CA",1042,51:45,13:53,F 13-19/6,F-13,70,58:12,37.31%
189,Lonnie Lopez,"La Habra, CA",215,51:50,13:55,M 30-34/27,M-32,119,1:03:22,30.46%
190,Kristina* Kiss,"Venice, CA",975,51:52,13:55,F 40-44/7,F-41,71,1:22:35,35.87%
191,Kate* Tobin,"Manhattan Beach, CA",856,51:53,13:55,F 30-34/13,F-33,72,1:28:44,34.64%
192,Cristian Castel,"Santa Ana, CA",1292,51:54,13:56,M 25-29/21,M-28,120,1:08:34,30.20%
193,Zack Thar,"Alhambra, CA",1009,52:04,13:58,M 20-24/15,M-21,121,1:06:05,30.23%
194,Giovanni* Valdivia,"Fontana, CA",823,52:05,13:59,M 35-39/22,M-36,122,1:29:02,30.92%
195,Lauren Stambaugh,"Huntington Beach, CA",1306,52:11,14:00,F 25-29/20,F-25,73,1:08:51,34.28%
196,Ian Kent,"Los Alamitos, CA",531,52:13,14:01,M 25-29/22,M-26,123,52:13,30.01%
197,Tyler Kohanek,"Westminster, CA",1040,52:18,14:02,M 13-19/15,M-13,124,58:44,33.69%
198,Dolores Soto,"Cypress, CA",932,52:19,14:02,F 35-39/11,F-36,74,1:26:39,34.64%
199,Jessica* Curiel,"Maywood, CA",1236,52:24,14:04,F 25-29/21,F-25,75,58:49,34.14%
200,Shima* Baghdachi,"Pasadena, CA",1321,52:25,14:04,F 25-29/22,F-28,76,1:23:10,34.13%
201,April Feeley,"Long Beach, CA",1237,52:26,14:04,F 30-34/14,F-30,77,1:23:10,34.12%
202,Maribel Romero,"Santa Ana, CA",598,52:30,14:05,F 20-24/16,F-24,78,1:06:30,34.07%
203,Picolya** McCall,"Long Beach, CA",2495,52:34,14:06,F 25-29/23,F-29,79,1:16:21,34.03%
204,Ronnie Pigao,"Lakewood, CA",737,52:36,14:07,M 30-34/28,M-33,125,1:23:22,30.14%
205,Leah Isas,"Capistrano Beach, CA",342,52:41,14:08,F 25-29/24,F-26,80,1:06:44,33.96%
206,Kellie Padilla,"Los Alamitos, CA",1032,52:47,14:10,F 25-29/25,F-27,81,1:27:08,33.89%
207,Michael Maldonado,"Huntington Park, CA",1847,52:48,14:10,M 40-44/12,M-42,126,1:04:26,31.89%
208,Rod* Hawkins,"Orange, CA",1296,52:59,14:13,M 40-44/13,M-43,127,1:23:44,32.00%
209,Joshua Rhonemus,"Long Beach, CA",1394,53:01,14:14,M 30-34/29,M-31,128,1:20:21,29.72%
210,Travis Moore,"Orange, CA",1372,53:04,14:14,M 25-29/23,M-27,129,1:23:47,29.53%
211,Amanda Thompson,"Montebello, CA",585,53:11,14:16,F 25-29/26,F-26,82,1:11:28,33.64%
212,David* Long,"Santa Clarita, CA",1157,53:12,14:17,M 35-39/23,M-35,130,53:15,30.08%
213,Robert* Kresher,"Lake Forest, CA",1169,53:26,14:20,M 40-44/14,M-44,131,1:24:08,31.98%
214,Paul Parsons,"Walnut, CA",450,53:26,14:20,M 55-59/3,M-59,132,1:49:26,36.16%
215,Chris* Martin,"Santa Clarita, CA",1158,53:35,14:23,M 13-19/16,M-14,133,53:38,32.17%
216,Brett Miller,"Lake Forest, CA",2082,53:41,14:24,M 40-44/15,M-42,134,1:49:42,31.37%
217,Paul Lee,"Chatsworth, CA",1211,53:48,14:26,M 45-49/6,M-48,135,1:21:08,32.79%
218,Lynn Thomas,"Moorpark, CA",1404,53:49,14:26,F 40-44/8,F-40,83,1:21:09,34.36%
219,Lauren* Salloum,"Anaheim, CA",405,53:52,14:27,F 30-34/15,F-34,84,1:07:54,33.43%
220,Erin* Salloum,"Villa Park, CA",399,53:53,14:27,F 35-39/12,F-38,85,1:07:54,33.94%
221,Jennifer Miller,"Costa Mesa, CA",400,53:53,14:28,F 35-39/13,F-38,86,1:07:54,33.94%
222,Joe Aranda,"Tustin, CA",1487,54:01,14:30,M 40-44/16,M-42,136,1:30:51,31.17%
223,Matt Garrigue,"West Covina, CA",213,54:02,14:30,M 25-29/24,M-26,137,1:05:33,29.00%
224,Kevin Scally,"Mission Viejo, CA",1488,54:06,14:31,M 40-44/17,M-40,138,1:30:55,30.66%
225,William Lim,"Walnut, CA",414,54:13,14:33,M 40-44/18,M-42,139,1:24:57,31.06%
226,Kim Bache,"Mission Viejo, CA",1149,54:17,14:34,F 40-44/9,F-42,87,1:39:49,34.49%
227,Cathy Batesole,"Mission Viejo, CA",1148,54:17,14:34,F 50-54/1,F-52,88,1:39:49,38.27%
228,Lisa O'Brien,"Mission Viejo, CA",1208,54:17,14:34,F 40-44/10,F-42,89,1:39:49,34.49%
229,Michael Brooks,"Aliso Viejo, CA",391,54:19,14:35,M 30-34/30,M-33,140,1:25:01,29.19%
230,Frank Sanchez,"Aliso Viejo, CA",1290,54:24,14:36,M 40-44/19,M-40,141,1:25:04,30.49%
231,Ryan Garcia,"La Habra, CA",218,54:25,14:36,M 25-29/25,M-28,142,1:05:57,28.80%
232,Jenna* Alvarado,"Bonita, CA",574,54:26,14:36,F 13-19/7,F-18,90,1:00:51,33.23%
233,Ronald Cooper,"San Dimas, CA",788,54:26,14:36,M 30-34/31,M-31,143,1:21:42,28.94%
234,Kevin* Gauger,"Newport Beach, CA",327,54:28,14:37,M 50-54/3,M-51,144,1:03:03,33.15%
235,Eric* Schneider,"North Hollywood, CA",1176,54:29,14:37,M 30-34/32,M-34,145,1:25:14,29.22%
236,Grady* Gauger,"Newport Beach, CA",328,54:31,14:38,M 13-19/17,M-13,146,1:03:05,32.32%
237,Lindsay* Vanleeuwen,"Los Angeles, CA",458,54:34,14:39,F 25-29/27,F-29,91,1:03:07,32.78%
238,Carlos* Salazar,"Whittier, CA",958,54:35,14:39,M 30-34/33,M-33,147,1:25:18,29.05%
239,Rick Rodriguez,"Downey, CA",853,54:38,14:40,M 25-29/26,M-26,148,1:06:09,28.68%
240,Arthur Youssefian,"Anaheim, CA",1138,54:43,14:41,M 30-34/34,M-31,149,1:16:33,28.79%
241,Ro* Almazan,"Downey, CA",451,54:43,14:41,M 35-39/24,M-39,150,1:03:16,30.07%
242,Dennis Lazarte,"Temple City, CA",267,54:44,14:41,M 40-44/20,M-41,151,1:03:16,30.52%
243,Hilda Gurrola,"Cypress, CA",317,54:45,14:42,F 30-34/16,F-31,92,1:29:07,32.70%
244,Bozo* Best,"Newport Beach, CA",1222,54:46,14:42,M 13-19/18,M-13,152,1:03:22,32.18%
245,Gilda Ngo,"Tustin, CA",1137,54:54,14:44,F 25-29/28,F-29,93,1:16:45,32.58%
246,Kevin Hamano,"Torrance, CA",1004,54:55,14:44,M 20-24/16,M-24,153,1:06:29,28.54%
247,Tiffany Duong,"Rosemead, CA",785,54:56,14:45,F 20-24/17,F-23,94,1:06:29,32.56%
248,Jennifer Shirley,"Anaheim, CA",52,54:57,14:45,F 30-34/17,F-31,95,1:22:15,32.58%
249,Darryl Shirley,"Anaheim, CA",51,54:57,14:45,M 30-34/35,M-31,154,1:22:15,28.67%
250,Phillip Navarro,"Covina, CA",1092,55:00,14:46,M 20-24/17,M-24,155,1:09:01,28.49%
251,Jeremy Newman,"Corona, CA",68,55:04,14:47,M 25-29/27,M-29,156,1:22:23,28.49%
252,Juan Buitrago,"Laguna Hills, CA",1506,55:09,14:48,M 35-39/25,M-37,157,1:01:36,29.41%
253,Stan* Sudarso,"Rosemead, CA",1346,55:11,14:48,M 30-34/36,M-30,158,1:22:32,28.46%
254,Maria Barrera,"Downey, CA",918,55:13,14:49,F 40-44/11,F-41,96,1:06:50,33.70%
255,Suzanne Tack,"Villa Park, CA",915,55:16,14:50,F 20-24/18,F-23,97,1:06:50,32.37%
256,Joe Tack,"Villa Park, CA",914,55:17,14:50,M 50-54/4,M-53,159,1:06:50,33.20%
257,Rommer Villar,"West Covina, CA",1180,55:18,14:50,M 25-29/28,M-28,160,1:09:20,28.34%
258,Sadaf Soheili,"Fullerton, CA",1259,55:21,14:51,F 25-29/29,F-28,98,1:22:42,32.32%
259,Laura* Pacillas,"Chino, CA",1532,55:21,14:51,F 25-29/30,F-27,99,1:22:42,32.32%
260,Christina Bui,"Santa Ana, CA",8,55:21,14:51,F 20-24/19,F-22,100,1:09:25,32.31%
261,Joshua Laguana,"Buena Park, CA",1105,55:22,14:51,M 13-19/19,M-15,161,1:26:07,30.53%
262,Dung Tran,"Westminster, CA",860,55:22,14:51,M 20-24/18,M-23,162,1:09:25,28.30%
263,Lindsay Bergenthal,"Anaheim, CA",310,55:27,14:53,F 30-34/18,F-32,101,1:56:08,32.35%
264,Robyn Stiffler,"Santa Ana, CA",124,55:31,14:54,F 50-54/2,F-54,102,1:13:54,38.41%
265,Karen Anthony,"Seal Beach, CA",1132,55:31,14:54,F 25-29/31,F-25,103,1:09:32,32.22%
266,John* Weber,"Corona, CA",138,55:32,14:54,M 50-54/5,M-50,163,1:46:40,32.27%
267,Ramon Melendrez,"Baldwin Park, CA",510,55:33,14:54,M 45-49/7,M-49,164,1:41:07,31.99%
268,Laurie* Hance,"San Bernardino, CA",589,55:33,14:54,F 40-44/12,F-40,104,1:46:41,33.28%
269,Ricky* Madson,"Orange, CA",1000,55:41,14:57,M 20-24/19,M-20,165,55:41,28.44%
270,Veronica Cuevas,"Riverside, CA",1811,55:42,14:57,F 35-39/14,F-35,105,1:07:12,32.42%
271,Freddie Agyin,"Corona, CA",936,55:54,15:00,M 40-44/21,M-42,166,1:14:10,30.12%
272,Abraham Montoya,"La Habra, CA",214,55:55,15:00,M 25-29/29,M-28,167,1:07:27,28.03%
273,Denny* Truong,"Rosemead, CA",1350,55:58,15:01,M 25-29/30,M-28,168,1:23:20,28.00%
274,Max* Madson,"Orange, CA",1001,56:01,15:02,M 13-19/20,M-14,169,56:01,30.77%
275,Anders* Engdahl,"Los Angeles, CA",1079,56:02,15:02,M 25-29/31,M-26,170,56:02,27.96%
276,Nancy* Hauffen,"Glendora, CA",305,56:04,15:03,F 25-29/32,F-29,106,1:32:55,31.91%
277,Lorena* Guerrero,"Fontana, CA",793,56:04,15:03,F 35-39/15,F-36,107,1:32:55,32.32%
278,Jason Roberts,"Fontana, CA",912,56:07,15:03,M 35-39/26,M-37,171,1:32:56,28.91%
279,Jake* Nelson,"Silverado, CA",168,56:08,15:04,M 35-39/27,M-36,172,1:14:27,28.69%
280,Katie* Walker,"Silverado, CA",167,56:10,15:04,F 20-24/20,F-24,108,1:14:29,31.85%
281,Michelle McDevitt,"Laguna Hills, CA",181,56:11,15:04,F 40-44/13,F-40,109,1:14:29,32.91%
282,Jonathan* Rubinfeld,"Los Angeles, CA",1073,56:15,15:06,M 25-29/32,M-27,173,56:15,27.86%
283,Dana Werschke,"Laguna Hills, CA",105,56:18,15:07,F 40-44/14,F-41,110,1:10:21,33.05%
284,Keith Werschke,"Laguna Hills, CA",104,56:19,15:07,M 40-44/22,M-42,174,1:10:21,29.90%
285,Amy Treadwell,"Long Beach, CA",7402,56:22,15:08,M 35-39/28,M-36,175,1:14:43,28.57%
286,Daniel Dorsett,"Fountain Valley, CA",7401,56:24,15:08,M 30-34/37,M-34,176,1:14:43,28.23%
287,Trevor Lum,"San Diego, CA",1098,56:24,15:08,M 30-34/38,M-33,177,1:14:46,28.11%
288,Rick Hurtado,"Hemet, CA",1904,56:36,15:11,M 45-49/8,M-45,178,1:18:28,30.43%
289,Laura Fielding,"Hemet, CA",1905,56:37,15:12,F 40-44/15,F-41,111,1:18:29,32.86%
290,Harry Chu,"Monterey Park, CA",309,56:40,15:12,M 20-24/20,M-24,179,1:27:22,27.66%
291,Bill Horack,"La Habra, CA",219,56:45,15:14,M 50-54/6,M-52,180,1:08:16,32.08%
292,Heidi* Villanueva,"Duarte, CA",1390,56:49,15:15,F 25-29/33,F-29,112,1:20:34,31.48%
293,Jim Pijloo,"Orange, CA",1703,56:55,15:16,M 50-54/7,M-51,181,56:55,31.72%
294,Grizelda Reisinger,"San Bernardino, CA",1115,56:59,15:17,F 35-39/16,F-38,113,1:15:15,32.09%
295,Jennifer Pijloo,"Orange, CA",1704,57:00,15:18,F 45-49/3,F-46,114,57:00,33.99%
296,Christina* Gibson,"Placentia, CA",7352,57:07,15:20,F 20-24/21,F-24,115,1:03:33,31.32%
297,Noe Canas,"Santa Ana, CA",23,57:15,15:22,M 20-24/21,M-22,182,1:24:37,27.37%
298,Lorraine Lau,"Anaheim, CA",2488,57:17,15:22,F 20-24/22,F-23,116,1:05:50,31.23%
299,Allan Hsu,"Orange, CA",1063,57:18,15:23,M 25-29/33,M-28,183,1:05:50,27.35%
300,Jenifer Jennings,"Huntington Beach, CA",1090,57:18,15:23,F 20-24/23,F-24,117,1:05:50,31.22%
301,Marlon Martinez,"West Covina, CA",1220,57:25,15:24,M 25-29/34,M-27,184,1:11:27,27.29%
302,Krista* Limburg,"Temecula, CA",196,57:27,15:25,F 45-49/4,F-45,118,1:15:51,33.40%
303,Romalyne Villar,"West Covina, CA",1093,57:30,15:26,F 25-29/34,F-25,119,1:11:30,31.11%
304,Vanessa* Justin,"Whittier, CA",422,57:31,15:26,F 20-24/24,F-24,120,1:43:05,31.10%
305,Melissa* Ramos,"Rancho Cucamonga, CA",775,57:35,15:27,F 35-39/17,F-35,121,1:38:31,31.35%
306,Shawn Parsons,"Riverside, CA",1476,57:44,15:30,M 30-34/39,M-33,185,1:14:58,27.46%
307,Kirsten* Seda,"Yucaipa, CA",462,57:52,15:32,F 25-29/35,F-28,122,1:55:59,30.91%
308,Kelly* Mead,"Yucaipa, CA",668,57:52,15:32,F 25-29/36,F-29,123,1:55:59,30.91%
309,Carol Goodell,"Fontana, CA",913,57:55,15:33,F 30-34/19,F-31,124,1:34:43,30.92%
310,Colleen* Reber,"Santa Ana, CA",1016,57:58,15:33,F 40-44/16,F-42,125,1:14:34,32.30%
311,Sergio Cruz,"Palos Verdes Peninsula, CA",733,58:02,15:34,M 35-39/29,M-38,186,1:38:55,28.15%
312,Marcos Cruz,"Carson, CA",583,58:04,15:35,M 35-39/30,M-39,187,1:38:58,28.34%
313,Cappie* Baker,"Carson, CA",69,58:06,15:35,F 50-54/3,F-53,126,1:46:39,36.21%
314,Rj** Waddy,"Carson, CA",70,58:06,15:36,M 40-44/23,M-44,188,1:46:40,29.41%
315,Mathew Wood,"Downey, CA",920,58:08,15:36,M 13-19/21,M-15,189,1:09:47,29.08%
316,Brandon Chavira,"Garden Grove, CA",1383,58:11,15:37,M 35-39/31,M-38,190,1:35:03,28.08%
317,Gregg Evangelho,"Los Angeles, CA",225,58:25,15:41,M 30-34/40,M-34,191,1:32:47,27.25%
318,Brandon Patterson,"Los Angeles, CA",226,58:29,15:42,M 25-29/35,M-28,192,1:32:52,26.80%
319,Daniel* Ybarra,"San Gabriel, CA",1483,58:40,15:44,M 40-44/24,M-44,193,1:47:12,29.13%
320,Blair Becker,"Yorba Linda, CA",654,58:43,15:45,F 13-19/8,F-15,127,1:56:48,31.91%
321,Claudia Castellanos,"Orange, CA",247,58:51,15:47,F 35-39/18,F-37,128,1:41:35,30.93%
322,Jessica Morales,"Orange, CA",1196,58:56,15:49,F 25-29/37,F-26,129,1:15:30,30.35%
323,Taylor Dickinson,"Lake Forest, CA",1195,58:56,15:49,F 25-29/38,F-26,130,1:15:30,30.35%
324,Kimberly Albarq,"Orange, CA",1232,58:56,15:49,F 25-29/39,F-26,131,1:15:30,30.35%
325,Justin Morinaka,"Anaheim, CA",1251,59:03,15:51,M 30-34/41,M-31,194,1:35:54,26.68%
326,Colleen Davis,"Lakewood, CA",1556,59:03,15:51,F 45-49/5,F-47,132,1:35:53,33.15%
327,Trisha Lynch,"La Habra, CA",1519,59:03,15:51,F NoAge/1,F-0,133,1:35:55, 0.00%
328,Jim* Callahan,"Los Angeles, CA",1141,59:09,15:52,M 30-34/42,M-31,195,1:47:42,26.63%
329,Kaylyn Hekimian,"Trabuco Canyon, CA",969,59:11,15:53,F 13-19/9,F-16,134,1:17:28,31.27%
330,Joe Hekimian,"Trabuco Canyon, CA",968,59:11,15:53,F 45-49/6,F-49,135,1:17:28,33.83%
331,Courtney Davis,"Lakewood, CA",1557,59:13,15:53,F 20-24/25,F-23,136,1:36:03,30.21%
332,Jeff Bauman,"Lakewood, CA",1384,59:17,15:55,M 40-44/25,M-44,196,1:36:08,28.82%
333,Samantha Cook-Watt,"San Diego, CA",1075,59:22,15:56,F 30-34/20,F-31,137,1:36:11,30.16%
334,Lauren Eastmead,"Poway, CA",1074,59:23,15:56,F 30-34/21,F-31,138,1:36:11,30.15%
335,Alex Villalobos,"Santa Ana, CA",665,59:27,15:57,M 25-29/36,M-27,197,1:10:53,26.36%
336,Dave Lazaro,"Placentia, CA",2410,59:29,15:58,M 40-44/26,M-40,198,1:40:23,27.89%
337,Aimee* Fox,"Costa Mesa, CA",1566,59:32,15:59,F 30-34/22,F-31,139,1:30:15,30.08%
338,Claire* Sosa,"Costa Mesa, CA",1567,59:32,15:59,F 30-34/23,F-34,140,1:30:15,30.24%
339,Abraham* Obuaran,"Capo Beach, CA",1868,59:40,16:00,M 20-24/22,M-22,199,1:38:18,26.26%
340,Alan Losee,"Mission Viejo, CA",1514,59:40,16:01,M 35-39/32,M-37,200,1:38:18,27.19%
341,Mario Pinedo,"Lake Elsinore, CA",1880,59:46,16:02,M 35-39/33,M-35,201,1:27:04,26.78%
342,Kattie Garrigue,"La Habra, CA",212,59:50,16:03,F 25-29/40,F-26,141,1:11:21,29.90%
343,Adriane Marmolejo,"San Dimas, CA",789,59:54,16:04,F 25-29/41,F-28,142,1:21:45,29.86%
344,Jared James,"Los Alamitos, CA",722,59:57,16:05,M 25-29/37,M-26,202,1:08:32,26.14%
345,Kim James,"Los Alamitos, CA",723,59:59,16:06,F 25-29/42,F-29,143,1:08:34,29.81%
346,Daniel Popescu,"Whittier, CA",1680,1:00:00,16:06,M 30-34/43,M-34,203,1:00:00,26.54%
347,Miguel Ramirez,"La Puente, CA",1398,1:00:13,16:09,M 25-29/38,M-27,204,1:14:14,26.02%
348,Ricky* Yslas,"Aliso Viejo, CA",1793,1:00:15,16:10,M 25-29/39,M-29,205,1:16:51,26.04%
349,Marc Becker,"Yorba Linda, CA",651,1:00:24,16:13,M 55-59/4,M-59,206,1:58:31,31.99%
350,Gary McDonnell,"West Covina, CA",217,1:00:29,16:14,M 50-54/8,M-51,207,1:12:00,29.85%
351,Tom* Stefl,"Corona Del Mar, CA",604,1:00:33,16:15,M 60-64/2,M-61,208,1:56:34,32.46%
352,Kelli* Stefl,"Corona Del Mar, CA",605,1:00:34,16:15,F 13-19/10,F-16,144,1:56:35,30.55%
353,Tony Hansford,"Irvine, CA",1207,1:00:34,16:15,M 45-49/9,M-45,209,1:27:55,28.43%
354,Jessica* Almera,"Costa Mesa, CA",65,1:00:37,16:16,F 35-39/19,F-35,145,1:43:21,29.79%
355,Piper Nicolosi,"Tustin, CA",2267,1:00:37,16:16,F 25-29/43,F-29,146,1:43:22,29.51%
356,Alexandra Schenck,"Los Alamitos, CA",1561,1:00:57,16:21,F 20-24/26,F-23,147,1:00:57,29.35%
357,Nicholas Baclit,"Fullerton, CA",7245,1:00:57,16:21,M 30-34/44,M-32,210,1:41:51,25.90%
358,Nathan Lau,"Gardena, CA",456,1:01:05,16:23,M 20-24/23,M-23,211,1:31:46,25.66%
359,Andrea Alfaro,"Chino, CA",671,1:01:07,16:24,F 25-29/44,F-28,148,1:12:38,29.27%
360,Khadija* Monk,"Long Beach, CA",906,1:01:08,16:24,F 35-39/20,F-37,149,1:42:03,29.78%
361,Stephanie* Anda,"West Covina, CA",1125,1:01:08,16:24,F 25-29/45,F-29,150,1:35:27,29.26%
362,Dina* Perrone,"Costa Mesa, CA",870,1:01:08,16:24,F 35-39/21,F-35,151,1:42:03,29.53%
363,Juan Carlos Ortiz,"Bell Gardens, CA",7490,1:01:08,16:24,M 30-34/45,M-31,212,1:35:28,25.77%
364,Ryan* Fischer,"Costa Mesa, CA",869,1:01:08,16:24,M 35-39/34,M-35,213,1:42:04,26.18%
365,Debbie Fogel,"Panorama City, CA",773,1:01:12,16:25,F 25-29/46,F-28,152,1:23:02,29.23%
366,Jennifer* Nakamatsu,"Buena Park, CA",1282,1:01:18,16:27,F 45-49/7,F-48,153,1:44:05,32.28%
367,Lezlee Murrey,"Anaheim, CA",1044,1:01:19,16:27,F 40-44/17,F-43,154,1:07:46,30.78%
368,Steve R* Madon,"Orange, CA",999,1:01:20,16:27,M 45-49/10,M-48,214,1:01:20,28.76%
369,Lauren Ashenfelter,"Anaheim, CA",1045,1:01:20,16:27,F 13-19/11,F-17,155,1:07:46,29.79%
370,Maggie M* Madson,"Orange, CA",998,1:01:20,16:28,F 45-49/8,F-45,156,1:01:20,31.29%
371,Leslie* Herrig,"La Verne, CA",1437,1:01:27,16:29,F 35-39/22,F-37,157,1:44:11,29.63%
372,Magaly Navarro,"Downey, CA",570,1:01:37,16:32,F 20-24/27,F-23,158,1:10:11,29.03%
373,Liliana Salazar,"Downey, CA",571,1:01:38,16:32,F 20-24/28,F-23,159,1:10:12,29.02%
374,Marisol Estrada,"Downey, CA",573,1:01:38,16:32,F 20-24/29,F-23,160,1:10:11,29.02%
375,Yvette Villalobos,"Whittier, CA",645,1:01:38,16:32,F 20-24/30,F-21,161,1:10:12,29.02%
376,Amber Lukes,"Corona, CA",1477,1:01:40,16:33,F 25-29/47,F-28,162,1:23:31,29.01%
377,Carol Kenton,"Simi Valley, CA",1206,1:01:51,16:36,F 45-49/9,F-45,163,1:29:11,31.02%
378,Wayne Kenton,"Simi Valley, CA",1205,1:01:52,16:36,M 40-44/27,M-44,215,1:29:11,27.62%
379,Cynthia* Carter,"La Puente, CA",153,1:01:57,16:37,F 25-29/48,F-27,164,2:27:21,28.88%
380,Enrique* Avalos,"Norwalk, CA",994,1:02:03,16:39,M 30-34/46,M-34,216,1:13:34,25.66%
381,Sylvia* Retamoza,"Corona, CA",1502,1:02:05,16:40,F 40-44/18,F-41,165,1:53:13,29.97%
382,Phayvanh Nanthavongdouangsy,"Banning, CA",272,1:02:10,16:41,F 30-34/24,F-31,166,1:44:56,28.80%
383,Tom Lim,"Los Angeles, CA",440,1:02:15,16:42,M 40-44/28,M-44,217,1:32:58,27.45%
384,Bill Stahl,"Yorba Linda, CA",1106,1:02:19,16:43,M 45-49/11,M-46,218,1:53:29,27.85%
385,Jessica Romero,"Santa Ana, CA",596,1:02:20,16:44,F 13-19/12,F-16,167,1:04:39,29.69%
386,Paul Lew,"Los Angeles, CA",443,1:02:23,16:44,M 40-44/29,M-43,219,1:33:04,27.18%
387,Maryvon Xayaphanthong,"Moreno Valley, CA",271,1:02:27,16:45,F 13-19/13,F-19,168,1:45:13,28.75%
388,Tricia Matsuda,"Irvine, CA",235,1:02:30,16:46,F 40-44/19,F-42,169,1:56:04,29.95%
389,Catherine* Lacivita,"La Habra, CA",962,1:02:32,16:47,F 45-49/10,F-47,170,1:14:09,31.30%
390,Holly Caprio,"Moreno Valley, CA",620,1:02:34,16:47,F 25-29/49,F-26,171,1:20:51,28.59%
391,Susan Ruzzamenti,"Moreno Valley, CA",417,1:02:34,16:47,F 45-49/11,F-49,172,1:20:52,32.00%
392,Sovirny Norng,"Lakewood, CA",1166,1:02:48,16:51,F 25-29/50,F-25,173,1:53:56,28.48%
393,Susan Hathaway,"Los Angeles, CA",1165,1:02:48,16:51,F 45-49/12,F-45,174,1:53:56,30.55%
394,Ashley Hickson,"Corona Del Mar, CA",7491,1:02:51,16:52,F 20-24/31,F-23,175,1:02:51,28.46%
395,Crystal Scovel,"Tustin, CA",2247,1:02:51,16:52,F 20-24/32,F-24,176,1:53:59,28.46%
396,Laura* Scovel,"Ontario, CA",135,1:02:53,16:52,F 45-49/13,F-45,177,1:54:02,30.51%
397,Adam George,"Tustin, CA",2246,1:02:59,16:54,M 25-29/40,M-28,220,1:54:06,24.88%
398,Kimberly* Camp,"Mission Viejo, CA",1513,1:03:05,16:56,F 35-39/23,F-36,178,1:41:41,28.73%
399,Jose Parra,"La Puente, CA",86,1:03:12,16:57,M 25-29/41,M-29,221,1:21:35,24.82%
400,Jocelyn Velez,"Panorama City, CA",160,1:03:13,16:58,F 25-29/51,F-26,179,1:21:33,28.30%
401,Wendy Garcia,"La Puente, CA",85,1:03:16,16:58,F 30-34/25,F-30,180,1:21:37,28.27%
402,Lilyanne Pagador,"Santa Ana, CA",1108,1:03:34,17:03,F 20-24/33,F-24,181,1:12:06,28.14%
403,Kimberly Shibuya,"Orange, CA",1062,1:03:35,17:04,F 20-24/34,F-24,182,1:12:07,28.13%
404,Valeria* Bonales,"Lake Forest, CA",358,1:03:39,17:05,F 35-39/24,F-38,183,1:38:01,28.73%
405,Trevor Sambrano,"Dana Point, CA",813,1:03:41,17:05,M 30-34/47,M-34,222,1:38:02,25.00%
406,Kellie Sambrano,"Dana Point, CA",236,1:03:44,17:06,F 30-34/26,F-32,184,1:38:05,28.15%
407,Alejandro Mexicano,"Long Beach, CA",618,1:03:45,17:06,M 30-34/48,M-33,223,1:34:31,24.87%
408,Jessenia Perilla,"West Covina, CA",172,1:03:46,17:07,F 25-29/52,F-26,185,1:22:06,28.05%
409,Quenya* Pollakoff,"La Verne, CA",429,1:03:48,17:07,F 30-34/27,F-31,186,1:40:38,28.06%
410,Amanda* Brinegar,"Upland, CA",360,1:03:49,17:07,F 30-34/28,F-31,187,1:40:39,28.06%
411,Sarah Demont,"Tustin, CA",48,1:04:04,17:11,F 40-44/20,F-43,188,1:57:37,29.46%
412,Tami* Vigil,"Chino, CA",679,1:04:06,17:12,F 45-49/14,F-45,189,1:10:31,29.93%
413,Veronica Solis,"Chino, CA",1853,1:04:06,17:12,F 25-29/53,F-29,190,1:10:31,27.91%
414,Sheryl Becker,"Yorba Linda, CA",652,1:04:15,17:14,F 45-49/15,F-49,191,2:02:21,31.16%
415,Samantha Becker,"Yorba Linda, CA",653,1:04:15,17:14,F 13-19/14,F-17,192,2:02:21,28.44%
416,Chad Amaro,"Santa Ana, CA",2463,1:04:20,17:16,M 35-39/35,M-38,224,1:52:53,25.40%
417,Lori* Garcia,"West Covina, CA",84,1:04:23,17:16,F 25-29/54,F-28,193,1:18:25,27.78%
418,Jennifer Ngo,"Garden Grove, CA",883,1:04:23,17:17,F 20-24/35,F-22,194,1:04:23,27.78%
419,Alejandro* Garcia,"West Covina, CA",83,1:04:24,17:17,M 25-29/42,M-28,225,1:18:26,24.33%
420,Ivan Miranda,"Yorba Linda, CA",238,1:04:31,17:19,M 40-44/30,M-41,226,1:58:05,25.89%
421,Oscar Wood,"Downey, CA",919,1:04:42,17:22,M 13-19/22,M-19,227,1:16:20,24.74%
422,James Tack,"Villa Park, CA",916,1:04:49,17:23,M 13-19/23,M-19,228,1:16:22,24.69%
423,Gabriela Soto,"Wilmington, CA",1550,1:04:58,17:26,F 20-24/36,F-24,195,1:21:38,27.53%
424,Virginia Martinez,"Lakewood, CA",1385,1:04:59,17:26,F 35-39/25,F-36,196,1:21:38,27.89%
425,Jennifer Murillo,"Wilmington, CA",1373,1:04:59,17:26,F 25-29/55,F-25,197,1:21:39,27.53%
426,Alfredo Avila Jr,"Wilmington, CA",1374,1:05:00,17:26,M 25-29/43,M-25,229,1:21:40,24.11%
427,Jesus R Murillo,"Wilmington, CA",1381,1:05:00,17:26,M 55-59/5,M-55,230,1:21:38,28.73%
428,Leslie Torres,"Wilmington, CA",1389,1:05:00,17:26,F 13-19/15,F-13,198,1:21:38,29.70%
429,Roxanne Murillo,"Wilmington, CA",1376,1:05:00,17:26,F 20-24/37,F-21,199,1:21:37,27.52%
430,Cesario Cuevas,"Wilmington, CA",1380,1:05:01,17:27,M 30-34/49,M-30,231,1:21:39,24.15%
431,Rosa Cuevas,"Wilmington, CA",1378,1:05:01,17:27,F 25-29/56,F-28,200,1:21:39,27.51%
432,Brian Kuntz,"Huntington Beach, CA",311,1:05:04,17:27,M 30-34/50,M-31,232,1:32:28,24.21%
433,Ashley Garcia,"Santee, CA",1700,1:05:05,17:28,M 25-29/44,M-26,233,1:32:29,24.08%
434,Timothy Sullivan,"Chula Vista, CA",565,1:05:06,17:28,M 25-29/45,M-28,234,1:32:29,24.07%
435,Corinna Sullivan,"Chula Vista, CA",564,1:05:06,17:28,F 25-29/57,F-28,201,1:32:29,27.48%
436,Tanya Millichamp,"Long Beach, CA",1267,1:05:21,17:32,F 25-29/58,F-29,202,1:21:56,27.37%
437,Leanne Malinowsky,"Long Beach, CA",1254,1:05:22,17:32,F 30-34/29,F-32,203,1:21:56,27.44%
438,Monique Millichamp,"Long Beach, CA",1261,1:05:22,17:32,F 25-29/59,F-27,204,1:21:56,27.37%
439,Chelsea* Coran,"Huntington Beach, CA",265,1:05:22,17:32,F 13-19/16,F-13,205,1:48:07,29.53%
440,Michelle* Coran,"Huntington Beach, CA",264,1:05:23,17:33,F 40-44/21,F-43,206,1:48:07,28.86%
441,Alejandra* Padilla,"San Diego, CA",230,1:05:23,17:33,F 25-29/61,F-27,208,1:39:43,27.36%
442,Amber* Bechtel,"Los Angeles, CA",211,1:05:23,17:33,F 25-29/60,F-27,207,1:39:43,27.36%
443,Kristina* Borja,"Huntington Beach, CA",220,1:05:23,17:33,F 25-29/62,F-28,209,1:39:43,27.36%
444,Che Rodriguez,"West Covina, CA",2468,1:05:24,17:33,M 30-34/51,M-31,235,1:53:58,24.09%
445,Acosta Vanessa,"Whittier, CA",2465,1:05:25,17:33,F 20-24/38,F-24,210,1:53:59,27.34%
446,Santos Garcia,"Santee, CA",1702,1:05:25,17:33,M 25-29/46,M-28,236,1:32:47,23.96%
447,Linh Nguyen,"Newport Beach, CA",1413,1:05:32,17:35,F 25-29/63,F-28,211,1:27:24,27.30%
448,Geoffrey Kenyota,"Seal Beach, CA",1388,1:05:32,17:35,M 30-34/52,M-31,237,1:27:24,24.04%
449,Salvador Yu,"Los Alamitos, CA",126,1:05:36,17:36,M 30-34/53,M-31,238,1:32:55,24.02%
450,Matthew Marquez,"Downey, CA",7273,1:05:37,17:36,M 13-19/24,M-14,239,1:48:24,26.27%
451,Matthew Everitt,"Tustin, CA",7225,1:05:39,17:37,M 30-34/54,M-34,240,1:44:16,24.25%
452,Akane Everitt,"Tustin, CA",428,1:05:39,17:37,F 30-34/30,F-34,212,1:44:16,27.43%
453,Jeal Completo,"Cerritos, CA",532,1:05:45,17:39,F 25-29/64,F-26,213,1:05:45,27.21%
454,Lydia Ochoa,"South Gate, CA",1022,1:05:46,17:39,F 40-44/22,F-41,214,1:48:32,28.29%
455,Tina Ranalletti,"Irvine, CA",1492,1:05:50,17:40,F 50-54/4,F-50,215,2:03:54,30.77%
456,Sonia* Pereda,"La Verne, CA",1438,1:06:00,17:42,F 35-39/26,F-35,216,1:48:45,27.36%
457,Letty Jimenez,"Downey, CA",741,1:06:03,17:43,F 30-34/31,F-30,217,1:36:49,27.08%
458,Tamara Carnicello,"Orange, CA",323,1:06:03,17:43,F 50-54/5,F-50,218,2:02:06,30.67%
459,Tony Carnicello,"Orange, CA",324,1:06:05,17:44,M 50-54/9,M-51,241,2:02:06,27.32%
460,Hue Cao,"San Diego, CA",72,1:06:12,17:46,F 25-29/65,F-29,219,1:14:47,27.02%
461,My Diem Nguyen,"San Diego, CA",75,1:06:12,17:46,F 30-34/32,F-30,220,1:14:47,27.02%
462,Tien Hoang,"San Diego, CA",74,1:06:17,17:47,M 30-34/55,M-32,242,1:14:52,23.82%
463,Ryan Quach,"San Diego, CA",73,1:06:20,17:48,M 30-34/56,M-34,243,1:14:53,24.00%
464,Eddie* Yao,"Walnut, CA",917,1:06:27,17:50,M 20-24/24,M-24,244,1:06:27,23.58%
465,Tuong Nguyen,"Garden Grove, CA",1314,1:06:30,17:51,M 30-34/57,M-34,245,1:37:13,23.94%
466,Lori* Perez,"Rancho Cucamonga, CA",904,1:06:32,17:51,F 25-29/66,F-29,221,1:43:26,26.89%
467,Lindy* Sheridan,"Rancho Cucamonga, CA",294,1:06:33,17:51,F 30-34/33,F-31,222,1:43:27,26.90%
468,Kelly* Kulm,"Rancho Cucamonga, CA",308,1:06:33,17:51,F 25-29/67,F-26,223,1:43:27,26.88%
469,Tina Pazienza,"Lake Elsinore, CA",1881,1:06:43,17:54,F 30-34/34,F-34,224,1:34:01,26.99%
470,Dominic Pasillas,"Montclair, CA",156,1:06:51,17:56,M 25-29/47,M-27,246,1:25:14,23.44%
471,Denise Cabrera-Pasillas,"Montclair, CA",155,1:06:52,17:57,F 25-29/68,F-27,225,1:25:13,26.75%
472,Nora Fragoso,"Downey, CA",547,1:06:54,17:57,F 30-34/35,F-33,226,1:49:41,26.86%
473,Sandra Beltran,"Downey, CA",473,1:06:54,17:57,F 30-34/36,F-33,227,1:49:40,26.86%
474,Diana Lumbreras,"Whittier, CA",521,1:06:55,17:57,F 30-34/37,F-34,228,1:49:42,26.91%
475,Tony Martin,"Downey, CA",548,1:06:56,17:57,M 35-39/36,M-35,247,1:49:43,23.91%
476,Denise Highley,"Mission Viejo, CA",1315,1:07:00,17:59,F 45-49/16,F-48,229,1:37:44,29.53%
477,Cesar* Umali,"Lakewood, CA",1121,1:07:02,17:59,M 25-29/48,M-29,248,1:49:47,23.40%
478,Emil Cajucom,"Lakewood, CA",1276,1:07:04,18:00,M 25-29/49,M-25,249,1:49:48,23.37%
479,Raechel Cortez,"Whittier, CA",7114,1:07:04,18:00,F 20-24/39,F-20,230,1:49:50,26.67%
480,Anelia Glebocki,"Santee, CA",985,1:07:05,18:00,F 40-44/23,F-41,231,1:41:26,27.73%
481,Shelley Glaze,"San Clemente, CA",992,1:07:06,18:00,F 30-34/38,F-30,232,1:41:26,26.66%
482,Mayra Martinez,"Brea, CA",496,1:07:09,18:01,F 25-29/69,F-28,233,2:32:32,26.64%
483,Danielle Cortez,"Whittier, CA",1122,1:07:12,18:02,F 20-24/40,F-23,234,1:49:56,26.62%
484,Arica Rodriguez,"Lake Forest, CA",1117,1:07:17,18:03,F 25-29/70,F-28,235,3:05:52,26.59%
485,Edgar Gomez,"Burbank, CA",1083,1:07:25,18:05,M 35-39/37,M-35,250,1:48:20,23.74%
486,Deanna* Yakubovsky,"Corona, CA",1099,1:07:27,18:06,F 25-29/71,F-29,236,1:23:59,26.52%
487,Elisa Padilla,"Rancho Santa Margarita, CA",1403,1:07:27,18:06,F 40-44/24,F-40,237,1:50:13,27.41%
488,Heather McCollum,"Irvine, CA",1445,1:07:28,18:06,F 30-34/39,F-31,238,1:50:13,26.54%
489,Benito* Delgado,"Maywood, CA",798,1:07:28,18:06,M 25-29/50,M-25,251,1:34:50,23.23%
490,Scott* Yakubovsky,"Corona, CA",1100,1:07:29,18:06,M 25-29/51,M-29,252,1:24:01,23.25%
491,Joel* Montenegro,"Maywood, CA",786,1:07:29,18:06,M 35-39/38,M-37,253,1:34:50,24.04%
492,Oscar* Montenegro,"Maywood, CA",791,1:07:29,18:07,M 30-34/58,M-32,254,1:34:50,23.39%
493,Michelle Nguyen,"Irvine, CA",2422,1:07:30,18:07,F 30-34/40,F-33,239,1:50:15,26.62%
494,Wendy* Montenegro,"Maywood, CA",787,1:07:32,18:07,F 20-24/41,F-24,240,1:34:53,26.49%
495,Carol Beaumont,"Orange, CA",976,1:07:37,18:09,F 45-49/17,F-49,241,1:53:10,29.61%
496,Tara Meyer,"Tustin, CA",966,1:07:37,18:09,F 35-39/27,F-38,242,1:53:11,27.05%
497,Lisa Zhang,"Los Angeles, CA",442,1:07:38,18:09,F 13-19/17,F-19,243,1:38:20,26.55%
498,Flower Ho,"Los Angeles, CA",445,1:07:38,18:09,F 30-34/41,F-30,244,1:38:20,26.45%
499,Carrie Griggs,"Santa Ana, CA",986,1:07:39,18:09,F 30-34/42,F-31,245,1:53:10,26.47%
500,Patrick Chen,"Fountain Valley, CA",677,1:07:41,18:10,M 40-44/31,M-41,255,1:42:03,24.68%
501,Kristin Chen,"Fountain Valley, CA",675,1:07:41,18:10,F 30-34/43,F-34,246,1:42:03,26.60%
502,Long Nguyen,"Garden Grove, CA",882,1:07:44,18:11,M 25-29/52,M-29,256,1:07:44,23.16%
503,Jaime Chavez,"Oakley, CA",252,1:07:53,18:13,M 45-49/12,M-48,257,1:44:50,25.98%
504,Candice Carre,"Sherman Oaks, CA",732,1:08:04,18:16,F 25-29/72,F-28,247,1:29:55,26.28%
505,Pablo Lomeli,"Carson, CA",686,1:08:06,18:16,M 30-34/59,M-30,258,1:28:11,23.06%
506,Claudia Lopez,"Carson, CA",685,1:08:09,18:17,F 25-29/73,F-26,248,1:28:14,26.25%
507,Nubia Lopez,"Hawthorne, CA",487,1:08:12,18:18,F 25-29/74,F-28,249,1:28:18,26.23%
508,Ronald* Welemin,"Victorville, CA",432,1:08:23,18:21,M 55-59/6,M-55,259,2:04:25,27.30%
509,Colleen* Crusinberry,"Corona, CA",79,1:08:25,18:21,F 45-49/18,F-45,250,1:10:44,28.05%
510,Rudy Alvarado,"Ontario, CA",290,1:08:39,18:25,M 30-34/60,M-31,260,1:35:57,22.95%
511,Felipe Herrera,"Hawthorne, CA",486,1:08:39,18:25,M 30-34/61,M-30,261,1:28:45,22.88%
512,Cynthia Herrera,"Hawthorne, CA",556,1:08:40,18:25,F 30-34/44,F-33,251,1:28:45,26.17%
513,Joyce* Sanchez,"Corona, CA",7357,1:08:44,18:26,F 45-49/19,F-48,252,2:02:17,28.79%
514,Christina* Encinas,"Vista, CA",655,1:08:45,18:27,F 25-29/75,F-25,253,1:25:18,26.02%
515,Rebecca* Hernandez,"Fontana, CA",657,1:08:49,18:28,F 30-34/45,F-30,254,1:47:27,25.99%
516,Phillippa* Kennedy,"San Dimas, CA",656,1:08:49,18:28,F 30-34/46,F-33,255,1:47:27,26.11%
517,Kelly Ellis,"Ontario, CA",1123,1:08:53,18:29,F 25-29/76,F-29,256,1:49:48,25.97%
518,Connie** Kuykendall,"San Bernardino, CA",1134,1:08:54,18:29,F 30-34/47,F-31,257,1:49:51,25.99%
519,Rick* Clifton,"Van Nuys, CA",1329,1:09:16,18:35,M 35-39/39,M-38,262,1:33:03,23.59%
520,Shannon* Schram,"Sherman Oaks, CA",1354,1:09:18,18:36,F 35-39/28,F-38,258,1:33:02,26.39%
521,Monica Talavera,"La Puente, CA",336,1:09:26,18:38,F 20-24/42,F-23,259,1:36:45,25.76%
522,Lizette Vargas,"Burbank, CA",302,1:09:26,18:38,F 25-29/77,F-27,260,1:36:46,25.76%
523,Ernesto Huerta-Juarez,"Burbank, CA",301,1:09:27,18:38,M 30-34/62,M-32,263,1:36:46,22.73%
524,Emmy Talavera,"Fullerton, CA",298,1:09:27,18:38,F 30-34/48,F-30,261,1:36:46,25.76%
525,Leonel Talavera,"Fullerton, CA",299,1:09:28,18:38,M 30-34/63,M-30,264,1:36:46,22.61%
526,Gina* Angelo,"West Covina, CA",1126,1:09:29,18:39,F 25-29/78,F-29,262,1:43:48,25.74%
527,Dotty* Merino,"Diamond Bar, CA",664,1:09:31,18:39,F 35-39/29,F-35,263,1:50:27,25.97%
528,Alfredo* Tarango,"West Covina, CA",7360,1:09:32,18:39,M 30-34/64,M-32,265,1:43:51,22.70%
529,Rachelle Silva,"Long Beach, CA",1128,1:09:32,18:39,F 25-29/79,F-26,264,1:09:32,25.73%
530,Sidney Sonnier,"Fountain Valley, CA",808,1:09:41,18:42,M 30-34/65,M-31,266,1:09:41,22.61%
531,Regina Kim,"Mission Viejo, CA",1256,1:09:44,18:43,F 20-24/43,F-22,265,1:09:44,25.65%
532,Samantha Woodside,"Huntington Beach, CA",129,1:09:46,18:43,F 13-19/18,F-19,266,1:26:25,25.73%
533,Kristin Woodside,"Huntington Beach, CA",128,1:09:48,18:44,F 40-44/25,F-41,267,1:26:25,26.65%
534,Mandy Santillanes,"Irvine, CA",40,1:09:50,18:44,F 25-29/80,F-25,268,1:09:50,25.61%
535,Sid* Kirkland,"Indio, CA",938,1:09:52,18:45,M 45-49/13,M-45,267,2:03:25,24.65%
536,Debbie Kim,"Mission Viejo, CA",1257,1:09:53,18:45,F 13-19/19,F-19,269,1:09:53,25.69%
537,Gina* Fetherston,"Huntington Beach, CA",1512,1:09:54,18:45,F 40-44/26,F-42,270,2:03:28,26.78%
538,Laurel* Casey,"Huntington Beach, CA",1543,1:09:55,18:46,F 45-49/20,F-47,271,2:03:29,27.99%
539,Carlee* Casey,"Huntington Beach, CA",1582,1:09:57,18:46,F 20-24/44,F-22,272,2:03:31,25.57%
540,Racheal Messina,"Huntington Beach, CA",1511,1:09:58,18:46,F 35-39/30,F-38,273,2:03:30,26.14%
541,Alyssa Higgins,"Huntington Beach, CA",41,1:09:59,18:47,F 20-24/45,F-24,274,1:09:59,25.56%
542,Justin Ferdinand,"Laguna Niguel, CA",553,1:10:01,18:47,M 30-34/66,M-34,268,1:46:51,22.74%
543,Julia Ferdinand,"Laguna Niguel, CA",554,1:10:02,18:47,F 35-39/31,F-37,275,1:46:50,25.99%
544,Veronica* Alexander,"Burbank, CA",117,1:10:04,18:48,F 30-34/49,F-32,276,1:46:55,25.60%
545,Al Keuth,"Long Beach, CA",702,1:10:09,18:49,M 35-39/40,M-38,269,1:40:57,23.29%
546,Allison Wing,"Buena Park, CA",1576,1:10:14,18:51,F 25-29/81,F-25,277,1:10:14,25.47%
547,Karla Sonnier,"Fountain Valley, CA",806,1:10:19,18:52,F 30-34/50,F-32,278,1:10:19,25.51%
548,Rebecca Losee,"Mission Viejo, CA",7492,1:10:19,18:52,F 35-39/32,F-38,279,1:48:57,26.01%
549,Ludvin Hernandez,"Tustin, CA",7359,1:10:20,18:52,M 25-29/53,M-28,270,1:41:03,22.28%
550,Erica Azoyan,"Wildomar, CA",122,1:10:20,18:52,F 30-34/51,F-30,280,1:28:44,25.43%
551,Anna Wing,"Irvine, CA",1575,1:10:23,18:53,F 20-24/46,F-23,281,1:10:23,25.41%
552,Nichole Jones,"Laguna Hills, CA",1494,1:10:28,18:55,F 25-29/82,F-26,282,1:41:13,25.38%
553,Lisa Doumar,"Huntington Beach, CA",1491,1:10:43,18:59,F 45-49/21,F-46,283,2:08:48,27.39%
554,Susan Lam,"Placentia, CA",522,1:10:45,18:59,F 25-29/83,F-25,284,1:27:15,25.28%
555,Colleen Torres,"Fullerton, CA",526,1:10:45,18:59,F 25-29/84,F-25,285,1:27:16,25.28%
556,Alyssa Mauney,"Studio City, CA",1344,1:10:49,19:00,F 35-39/33,F-38,286,1:56:23,25.82%
557,Jill Breitzman,"Thousand Oaks, CA",1352,1:10:50,19:00,F 35-39/34,F-38,287,1:56:24,25.82%
558,Matthew Nguyen,"Westminster, CA",628,1:10:52,19:01,M 20-24/25,M-21,271,1:56:27,22.21%
559,Sandra Valle,"San Bernardino, CA",275,1:10:53,19:01,F 30-34/52,F-32,288,1:47:45,25.31%
560,Antoinette Saenz,"Whittier, CA",1201,1:10:53,19:01,F 25-29/85,F-28,289,1:10:53,25.24%
561,Annie Tran,"Buena Park, CA",764,1:10:54,19:01,F 25-29/86,F-27,290,1:56:28,25.23%
562,Fredrick Highley,"Mission Viejo, CA",1510,1:10:54,19:01,M 45-49/14,M-48,272,1:41:36,24.88%
563,Elizabeth Mai,"Lawndale, CA",844,1:10:54,19:01,F 20-24/47,F-21,291,1:56:30,25.23%
564,Dennis Tran,"Garden Grove, CA",843,1:10:54,19:01,M 20-24/26,M-21,273,1:56:30,22.20%
565,Michael Ong,"Westminster, CA",765,1:10:55,19:02,M 25-29/54,M-27,274,1:56:30,22.10%
566,Michael Quach,"Garden Grove, CA",706,1:10:56,19:02,M 20-24/27,M-22,275,1:56:31,22.09%
567,James Jones,"Laguna Hills, CA",1493,1:11:02,19:04,M 30-34/67,M-30,276,1:11:02,22.11%
568,Suzan Dennis,"Lake Forest, CA",1336,1:11:07,19:05,F 45-49/22,F-45,292,2:02:15,26.98%
569,Kim Martinez,"Lake Forest, CA",1308,1:11:08,19:05,F 40-44/27,F-41,293,2:02:16,26.15%
570,Lucia Reyes,"Rialto, CA",331,1:11:08,19:05,F 20-24/48,F-22,294,2:02:16,25.15%
571,Holly Schwartz,"Costa Mesa, CA",13,1:11:08,19:05,F 30-34/53,F-30,295,1:11:08,25.15%
572,Felicia Pim,"Corona, CA",1583,1:11:10,19:06,F 35-39/35,F-36,296,1:48:01,25.46%
573,Joy Thacker,"Corona, CA",1541,1:11:11,19:06,F 30-34/54,F-32,297,1:48:01,25.20%
574,Matt Beary,"Laguna Niguel, CA",313,1:11:23,19:09,M 35-39/41,M-38,277,1:48:13,22.89%
575,Rebecca Perez,"San Clemente, CA",1454,1:11:41,19:14,F 13-19/20,F-15,298,1:20:13,26.14%
576,Vanessa Rodriguez,"Palmdale, CA",1548,1:11:48,19:16,F 35-39/36,F-37,299,2:27:05,25.35%
577,Courtney Cuevas,"Aliso Viejo, CA",330,1:11:48,19:16,F 20-24/49,F-22,300,1:11:48,24.91%
578,Sebastian Newman,"Rancho Cucamonga, CA",911,1:11:51,19:17,M 40-44/32,M-40,278,1:11:51,23.09%
579,Claudia Martinez,"Whittier, CA",734,1:11:53,19:17,F 30-34/55,F-31,301,1:42:40,24.91%
580,Michelle Le,"Irvine, CA",1250,1:11:59,19:19,F 25-29/87,F-28,302,1:26:00,24.85%
581,Cang Tran,"Lake Forest, CA",1249,1:12:00,19:19,M 25-29/55,M-29,279,1:25:59,21.79%
582,Roman Medina,"Chino, CA",316,1:12:15,19:23,M 35-39/42,M-35,280,2:03:24,22.15%
583,Angie* Alvarado,"Baldwin Park, CA",78,1:12:16,19:23,F 25-29/88,F-28,303,2:03:23,24.75%
584,Yvette* Lee,"Chino, CA",852,1:12:16,19:24,F 35-39/37,F-38,304,2:03:25,25.31%
585,Jennifer Maguire,"Anaheim, CA",474,1:12:19,19:24,F 45-49/23,F-45,305,2:05:54,26.53%
586,Kathy* Razo,"Pomona, CA",254,1:12:21,19:25,F 45-49/24,F-49,306,2:03:28,27.67%
587,Raquel Dominguez,"Upland, CA",258,1:12:22,19:25,F 45-49/25,F-45,307,2:03:29,26.51%
588,Kimberly* Morohunfola,"Upland, CA",7350,1:12:22,19:25,F 25-29/89,F-29,308,2:03:31,24.72%
589,Lucy Bauman,"Lakewood, CA",1382,1:12:24,19:26,F 40-44/28,F-44,309,1:49:18,26.27%
590,Danielle Liptak,"Long Beach, CA",1471,1:12:25,19:26,F 30-34/56,F-32,310,1:49:19,24.77%
591,Kim Nienhuis,"Placentia, CA",287,1:12:25,19:26,F 35-39/38,F-37,311,1:43:10,25.14%
592,Elizabeth Fong,"Corona, CA",304,1:12:26,19:26,F 30-34/57,F-34,312,1:43:09,24.86%
593,Ron* Sluyter,"Playa Del Rey, CA",703,1:12:26,19:26,M 40-44/33,M-40,281,1:12:26,22.90%
594,John Connell,"Chino, CA",97,1:12:31,19:27,M 25-29/56,M-26,282,1:12:31,21.61%
595,Kristal Perez,"Orange, CA",96,1:12:35,19:29,F 25-29/90,F-25,313,1:12:35,24.64%
596,Katy Nachbaur,"Huntington Beach, CA",11,1:12:39,19:30,F 30-34/58,F-34,314,1:36:26,24.78%
597,Phillip* Vargas,"Glendale, CA",1588,1:12:40,19:30,M 30-34/68,M-33,283,1:36:27,21.82%
598,Wendy* Calabro,"Glendale, CA",1587,1:12:40,19:30,F 25-29/91,F-29,315,1:36:27,24.62%
599,Gina* Silva,"Hacienda Heights, CA",1570,1:12:41,19:30,F 30-34/59,F-33,316,1:36:27,24.72%
600,Arlene Corpus,"San Bernardino, CA",2403,1:12:50,19:32,F 30-34/60,F-30,317,1:49:46,24.56%
601,Sylvia Ornelas,"Temecula, CA",815,1:12:50,19:33,F 30-34/61,F-30,318,1:49:46,24.56%
602,Alisha Cruzan,"Oceanside, CA",7070,1:12:51,19:33,F 25-29/92,F-27,319,1:49:46,24.55%
603,Gloria* Zendejas,"Norwalk, CA",1184,1:12:52,19:33,F 20-24/50,F-22,320,1:21:26,24.55%
604,Adriana Gardea,"Pomona, CA",467,1:12:54,19:33,F 35-39/39,F-35,321,1:43:39,24.77%
605,Viridiana Briseno,"Ontario, CA",863,1:12:54,19:34,F 25-29/93,F-25,322,1:43:39,24.54%
606,Anedia Arroyo,"Chino, CA",864,1:12:54,19:34,F 20-24/51,F-24,323,1:43:39,24.54%
607,Chris Watanabe,"Irvine, CA",268,1:13:02,19:36,M 35-39/43,M-36,284,1:53:55,22.05%
608,Cindy Haro,"Sherman Oaks, CA",285,1:13:02,19:36,F 30-34/62,F-32,324,1:49:55,24.56%
609,Marco Haro,"Sherman Oaks, CA",284,1:13:25,19:42,M 30-34/69,M-32,285,1:13:25,21.50%
610,Selina Esquivel,"Palmdale, CA",1401,1:13:34,19:44,F 13-19/21,F-16,325,1:33:40,25.15%
611,Elisha* Peralto,"Whittier, CA",1974,1:13:38,19:45,F 35-39/40,F-35,326,1:31:55,24.52%
612,Shauna* Patin,"Whittier, CA",468,1:13:38,19:45,F 45-49/26,F-45,327,1:31:56,26.06%
613,Elizabeth Ellis,"Fullerton, CA",1723,1:13:38,19:45,F 50-54/6,F-52,328,1:54:35,28.21%
614,Mary Ann* Mendoza,"La Habra, CA",455,1:13:39,19:46,F 50-54/7,F-51,329,1:31:56,27.86%
615,Oonagh* Kennedy,"Fullerton, CA",1480,1:13:50,19:49,F 30-34/63,F-30,330,1:30:24,24.23%
616,Michael* Keegan,"Norco, CA",1947,1:13:51,19:49,M 30-34/70,M-32,286,1:30:23,21.38%
617,Laura Arnett,"Placentia, CA",1562,1:13:55,19:50,F 35-39/41,F-37,331,1:30:30,24.63%
618,Jennifer Alvarado,"Ontario, CA",291,1:14:00,19:51,F 30-34/64,F-30,332,1:41:19,24.17%
619,Jennifer Hanke,"San Diego, CA",840,1:14:01,19:52,F 25-29/94,F-26,333,1:32:17,24.17%
620,Ericka Oseguera,"Chino Hills, CA",118,1:14:02,19:52,F 25-29/95,F-29,334,1:50:54,24.16%
621,Lisbeth Cabrera,"Aliso Viejo, CA",841,1:14:06,19:53,F 25-29/96,F-27,335,1:32:22,24.14%
622,Kim Leyva,"Mission Viejo, CA",1027,1:14:06,19:53,F 25-29/97,F-26,336,1:32:20,24.14%
623,Cristina Jones,"Costa Mesa, CA",446,1:14:09,19:54,F 35-39/42,F-35,337,3:20:58,24.35%
624,Joseph Meehan,"Dana Point, CA",1486,1:14:28,19:59,M 40-44/34,M-42,287,1:45:17,22.61%
625,Antonio Flores II,"Santa Fe Springs, CA",154,1:14:36,20:01,M 35-39/44,M-36,288,1:45:24,21.59%
626,Maria Luisa Sanchez,"Laguna Hills, CA",663,1:14:37,20:01,F 35-39/43,F-37,338,1:45:24,24.40%
627,Willie Ellis,"Fullerton, CA",1724,1:14:37,20:01,M 50-54/10,M-52,289,1:55:34,24.40%
628,Ana Villegas,"Anaheim, CA",165,1:14:44,20:03,F 35-39/44,F-38,339,1:45:31,24.47%
629,Lisamarie Silva,"Orange, CA",634,1:14:45,20:03,F 35-39/45,F-35,340,1:45:34,24.15%
630,Kellie* Yarnell,"Anaheim, CA",898,1:14:59,20:07,F 30-34/65,F-33,341,1:49:19,23.97%
631,Katie* Mackey,"Anaheim, CA",826,1:15:02,20:08,F 30-34/66,F-30,342,1:49:23,23.84%
632,Lulu Watanabe,"Irvine, CA",270,1:15:20,20:13,F 35-39/46,F-37,343,1:56:14,24.16%
633,Crystal Beard,"Lake Forest, CA",221,1:15:25,20:14,F 25-29/98,F-29,344,1:46:11,23.72%
634,Joseph Beard,"Lake Forest, CA",222,1:15:29,20:15,M 30-34/71,M-30,290,1:46:15,20.80%
635,Kenny Collis,"Dana Point, CA",136,1:15:29,20:15,M 35-39/45,M-39,291,1:15:29,21.80%
636,Justin Schwartz,"Fullerton, CA",541,1:15:46,20:20,M 20-24/28,M-23,292,1:27:15,20.68%
637,Marlor Lambaco,"Mission Viejo, CA",766,1:15:46,20:20,M 30-34/72,M-32,293,1:46:34,20.84%
638,Lisa Berumen,"Alhambra, CA",747,1:15:57,20:23,F 20-24/52,F-21,345,1:43:19,23.55%
639,Jackie Paredes,"Los Angeles, CA",748,1:15:57,20:23,F 20-24/53,F-22,346,1:43:19,23.55%
640,Adrienne Rothstein,"Huntington Beach, CA",243,1:16:03,20:24,F 20-24/54,F-23,347,1:18:23,23.52%
641,David* White,"Hacienda Heights, CA",1247,1:16:05,20:25,M 45-49/15,M-47,294,1:52:55,22.98%
642,Matt Smith,"Placentia, CA",543,1:16:05,20:25,M 25-29/57,M-27,295,1:27:33,20.60%
643,Jeana* Bruner,"Placentia, CA",232,1:16:15,20:28,F 30-34/67,F-30,348,2:16:57,23.46%
644,Lisa Casados,"El Monte, CA",2162,1:16:16,20:28,F 30-34/68,F-30,349,2:16:57,23.45%
645,Divita Elliott,"Huntington Beach, CA",1189,1:16:23,20:30,F 35-39/47,F-39,350,2:01:59,24.05%
646,April Russell,"Huntington Beach, CA",1214,1:16:23,20:30,F 35-39/48,F-36,351,2:01:59,23.72%
647,Marina Rothstein,"Huntington Beach, CA",248,1:16:27,20:31,F 25-29/99,F-26,352,1:16:27,23.40%
648,Tim* Ireland,"Laguna Woods, CA",164,1:16:42,20:35,M 60-64/3,M-63,296,1:28:11,26.08%
649,Michael* Leslie,"Victorville, CA",297,1:16:53,20:38,M 30-34/73,M-32,297,1:36:57,20.53%
650,Jessica* Heritage,"Apple Valley, CA",1119,1:16:54,20:38,F 20-24/55,F-20,353,1:36:58,23.26%
651,Tamara Nieraeth,"Lakewood, CA",1203,1:17:17,20:44,F 13-19/22,F-14,354,2:15:22,24.57%
652,Taryn Tanner,"Lakewood, CA",1129,1:17:19,20:45,F 25-29/100,F-28,355,2:15:24,23.13%
653,Diane Tanner,"Lakewood, CA",1130,1:17:19,20:45,F 55-59/1,F-57,356,2:15:24,28.68%
654,Andrea* Gilmore,"San Diego, CA",1194,1:17:21,20:45,F 30-34/69,F-30,357,1:48:03,23.13%
655,Mary Nieraeth,"Lakewood, CA",1204,1:17:22,20:45,F 50-54/8,F-53,358,2:15:27,27.19%
656,Eddie Gaytan,"Los Angeles, CA",409,1:17:22,20:45,M 25-29/58,M-26,298,1:28:52,20.25%
657,Brian Watkins,"Lakewood, CA",632,1:17:23,20:46,M 30-34/74,M-33,299,1:17:23,20.49%
658,Chastity Rustman,"Lakewood, CA",631,1:17:23,20:46,F 35-39/49,F-36,359,1:17:23,23.42%
659,Danijel* Savich,"Garden Grove, CA",1170,1:17:24,20:46,M 30-34/75,M-32,300,1:48:05,20.40%
660,Jack Zhang,"Monterey Park, CA",1241,1:17:33,20:49,M 30-34/76,M-30,301,1:17:33,20.25%
661,Tabitha Coronado,"Ontario, CA",1200,1:17:34,20:49,F 25-29/101,F-27,360,1:17:34,23.06%
662,Rebekah** McCall,"Long Beach, CA",2493,1:17:45,20:52,F 25-29/102,F-25,361,1:41:32,23.01%
663,Barbara** Jones,"Long Beach, CA",2494,1:17:47,20:52,F 55-59/2,F-55,362,1:41:31,27.75%
664,Rosie* Valadez,"Pomona, CA",896,1:17:59,20:55,F 30-34/70,F-30,363,2:14:01,22.94%
665,Gerardo Garcia,"Los Angeles, CA",621,1:18:00,20:56,M 35-39/46,M-35,302,1:41:48,20.52%
666,Judy* Huang,"Los Angeles, CA",939,1:18:04,20:57,F 30-34/71,F-30,364,1:41:51,22.91%
667,Pasha Ameli,"Irvine, CA",797,1:18:04,20:57,M 20-24/29,M-24,303,1:41:51,20.07%
668,Carlo* Chupina,"Los Angeles, CA",607,1:18:04,20:57,M 25-29/59,M-29,304,1:41:52,20.09%
669,Glen Ishii,"Rosemead, CA",441,1:18:14,21:00,M 40-44/35,M-40,305,1:48:57,21.20%
670,Zachary* White,"Hacienda Heights, CA",1248,1:18:23,21:02,M 13-19/25,M-13,306,1:55:16,22.48%
671,Aaron* Eide,"Playa Del Rey, CA",704,1:18:27,21:03,M 35-39/47,M-35,307,1:18:27,20.40%
672,Tan Nguyen,"Westminster, CA",31,1:18:29,21:03,M 30-34/77,M-31,308,1:52:50,20.07%
673,Victor Do,"Fullerton, CA",39,1:18:29,21:03,M 30-34/78,M-30,309,1:52:50,20.01%
674,Thu Dang,"Santa Ana, CA",30,1:18:52,21:10,F 25-29/103,F-28,365,1:53:12,22.68%
675,Timothy Whitton,"Lancaster, CA",1820,1:18:56,21:11,M 13-19/26,M-16,310,1:27:27,21.08%
676,Kristina Smith,"Lancaster, CA",1210,1:18:56,21:11,F 13-19/23,F-15,366,1:27:28,23.74%
677,Felicia Darnold,"Lancaster, CA",1209,1:18:58,21:11,F 20-24/56,F-24,367,1:27:29,22.65%
678,Jenny* Michelle,"Burbank, CA",159,1:18:59,21:11,F 30-34/72,F-32,368,1:55:50,22.71%
679,Chrystal* Gyger,"Los Angeles, CA",1303,1:18:59,21:11,F 35-39/50,F-35,369,1:42:43,22.86%
680,Joelly* Mejia,"Los Angeles, CA",1365,1:19:04,21:13,F 25-29/104,F-25,370,1:42:49,22.62%
681,David Ramirez,"North Hollywood, CA",1333,1:19:06,21:13,M 25-29/60,M-29,311,2:17:13,19.83%
682,Angelica Martinez,"North Hollywood, CA",1334,1:19:06,21:13,F 35-39/51,F-36,371,2:17:13,22.91%
683,Kimberly Woolley,"Foothill Ranch, CA",1397,1:19:15,21:16,F 35-39/52,F-37,372,2:02:01,22.97%
684,Tashia Jacques,"Van Nuys, CA",7355,1:19:15,21:16,F 35-39/53,F-38,373,1:41:06,23.08%
685,Mindy Phan,"Westminster, CA",18,1:19:30,21:20,F 25-29/105,F-25,374,1:46:52,22.50%
686,San Kong,"Santa Ana, CA",20,1:19:30,21:20,F 25-29/106,F-26,375,1:46:52,22.50%
687,Kay Seap,"Santa Ana, CA",21,1:19:30,21:20,F 30-34/73,F-30,376,1:46:52,22.50%
688,Sharifa Porome,"Westminster, CA",22,1:19:30,21:20,F 25-29/107,F-26,377,1:46:52,22.50%
689,Sunil Vaswani,"Cerritos, CA",19,1:19:31,21:20,M 25-29/61,M-26,312,1:46:53,19.71%
690,Eric Ceralde,"Walnut, CA",740,1:19:38,21:22,M 25-29/62,M-26,313,2:00:35,19.68%
691,Colin Nguyen,"Huntington Beach, CA",36,1:19:48,21:25,M 25-29/63,M-29,314,1:54:10,19.66%
692,Joanna Yu,"Yorba Linda, CA",540,1:19:49,21:25,F 25-29/108,F-25,378,1:28:23,22.41%
693,Jessica Bustos,"Placentia, CA",829,1:19:50,21:25,F 20-24/57,F-23,379,1:28:23,22.41%
694,Steve Nguyen,"Santa Ana, CA",34,1:19:53,21:26,M 25-29/64,M-28,315,1:54:14,19.62%
695,Dominique Hysmith,"Azusa, CA",1408,1:19:55,21:26,M 30-34/79,M-33,316,1:41:47,19.84%
696,Linh Nguyen,"Santa Ana, CA",33,1:19:55,21:26,F 25-29/109,F-29,380,1:54:15,22.38%
697,Julia Robles,"Whittier, CA",1224,1:19:56,21:27,F 20-24/58,F-23,381,1:41:49,22.38%
698,Maria Botello,"Azusa, CA",1407,1:19:58,21:27,F 25-29/110,F-27,382,1:41:50,22.37%
699,Delicia* Castellanos,"Riverside, CA",1549,1:20:00,21:28,F 13-19/24,F-16,383,5:05:57,23.13%
700,Shannon Griffith,"Oxnard, CA",960,1:20:10,21:31,F 20-24/59,F-23,384,1:20:10,22.31%
701,Samantha Burns,"Lakewood, CA",16,1:20:10,21:31,F 25-29/111,F-26,385,1:20:10,22.31%
702,Esperanza Bustos,"San Clemente, CA",1457,1:20:11,21:31,F 20-24/60,F-24,386,1:20:11,22.31%
703,Omega Jacques,"Yorba Linda, CA",239,1:20:11,21:31,F 30-34/74,F-34,387,2:13:46,22.45%
704,Yanira Prado,"Garden Grove, CA",278,1:20:12,21:31,F 30-34/75,F-31,388,2:13:46,22.32%
705,Miguel Bustos,"San Clemente, CA",1447,1:20:16,21:32,M 25-29/65,M-26,317,1:20:16,19.52%
706,Vinh Le,"Fullerton, CA",35,1:21:03,21:45,M 30-34/80,M-34,318,1:55:25,19.64%
707,Hillary Pearson,"San Clemente, CA",1436,1:21:09,21:46,F 30-34/76,F-30,389,1:55:30,22.04%
708,Jaritza* Gonzalez,"Anaheim, CA",493,1:21:32,21:53,F 25-29/112,F-26,390,1:21:32,21.94%
709,Johanna Pigao,"Lakewood, CA",736,1:22:13,22:04,F 35-39/54,F-35,391,1:53:00,21.96%
710,Michael Datu,"Long Beach, CA",639,1:22:15,22:04,M 35-39/48,M-35,319,1:53:03,19.46%
711,Jennie Lambaco,"Mission Viejo, CA",763,1:22:15,22:04,F 30-34/77,F-34,392,1:53:03,21.89%
712,Jim Duarte,"Whittier, CA",1252,1:22:29,22:08,M 40-44/36,M-41,320,2:11:01,20.25%
713,Andrew* Villanueva,"Whittier, CA",1395,1:22:31,22:08,M 20-24/30,M-22,321,1:26:40,18.99%
714,Stephen* Hulsey,"Los Angeles, CA",183,1:23:10,22:19,M 65-69/1,M-69,322,2:19:10,25.46%
715,James* O'Brien II,"San Mateo, CA",2,1:23:28,22:24,M 55-59/7,M-57,323,2:19:29,22.75%
716,Keith Wong,"North Hollywood, CA",1440,1:23:38,22:26,M 40-44/37,M-43,324,1:57:59,20.27%
717,Amy Messeroll,"Valley Village, CA",1434,1:23:39,22:26,F 30-34/78,F-30,393,1:58:00,21.38%
718,Chris Canaria,"Long Beach, CA",638,1:23:50,22:30,F 30-34/79,F-34,394,1:54:38,21.48%
719,Cassandra Trent,"Corona, CA",1475,1:24:19,22:37,F 25-29/113,F-25,395,1:24:19,21.21%
720,Maria* Soto,"Anaheim, CA",7361,1:24:23,22:38,F 25-29/114,F-28,396,2:09:57,21.20%
721,Stacy* Flores,"Whittier, CA",424,1:24:24,22:39,F 35-39/55,F-36,397,2:09:57,21.47%
722,Steven* Solis,"Pico Rivera, CA",1521,1:24:46,22:45,M 30-34/81,M-34,325,1:55:30,18.78%
723,John Mowrey,"Redondo Beach, CA",1219,1:25:05,22:50,M 55-59/8,M-56,326,2:13:37,22.12%
724,Marc Kawashima,"Rowland Heights, CA",1435,1:25:08,22:51,M 20-24/31,M-23,327,1:41:41,18.41%
725,Chris Hollingsworth,"Laguna Hills, CA",1888,1:25:09,22:51,M 20-24/32,M-21,328,1:25:09,18.48%
726,Melvin Tobaru,"Mission Viejo, CA",1416,1:25:10,22:51,M 35-39/49,M-35,329,1:41:43,18.79%
727,Leslie Kawashima,"Rowland Heights, CA",1422,1:25:11,22:51,F 20-24/61,F-24,398,1:41:43,21.00%
728,Stephanie Tobaru,"Mission Viejo, CA",1414,1:25:12,22:51,F 30-34/80,F-34,399,1:41:44,21.13%
729,Nadine* Solis,"Pico Rivera, CA",1522,1:25:15,22:52,F 35-39/56,F-35,400,1:55:57,21.18%
730,Chelsea* Shelton,"Oceanside, CA",659,1:25:18,22:53,F 25-29/115,F-25,401,1:25:18,20.97%
731,Chuck* Hayden,"Murrieta, CA",715,1:25:38,22:58,M 55-59/9,M-55,330,1:37:09,21.80%
732,Kris Brattain,"Placentia, CA",1405,1:25:48,23:01,M 35-39/50,M-35,331,1:25:48,18.65%
733,Stephanie Ho,"Monterey Park, CA",708,1:26:10,23:07,F 20-24/62,F-23,402,1:34:43,20.76%
734,Sheena Shokoohi,"Anaheim, CA",658,1:26:10,23:07,F 20-24/63,F-23,403,1:34:43,20.76%
735,Jessica Dela Cruz,"Irvine, CA",707,1:28:08,23:39,F 20-24/64,F-23,404,1:36:41,20.30%
736,Elba Robles,"San Gabriel, CA",433,1:28:39,23:47,F 30-34/81,F-31,405,1:50:34,20.20%
737,Laura* Hernandez,"Lakewood, CA",1096,1:28:42,23:48,F 40-44/29,F-42,406,1:28:42,21.11%
738,Oscar Robles,"San Gabriel, CA",435,1:28:44,23:48,M 35-39/51,M-37,332,1:50:38,18.28%
739,Jose Egrimaldo,"San Gabriel, CA",434,1:28:44,23:48,M 35-39/52,M-35,333,1:50:37,18.03%
740,Marisa Gaitan,"Los Angeles, CA",408,1:28:52,23:51,F 25-29/116,F-29,407,1:28:52,20.13%
741,Maria* Moreno,"Beverly Hills, CA",1293,1:29:51,24:06,F 25-29/117,F-29,408,2:21:01,19.91%
742,Shelley Kottman,"Huntington Beach, CA",2202,1:29:58,24:08,F 40-44/30,F-43,409,1:29:58,20.97%
743,Monica Soto,"Anaheim, CA",690,1:30:08,24:11,F 35-39/57,F-37,410,1:30:08,20.20%
744,Jessica Guay,"Santa Ana, CA",689,1:30:12,24:12,F 25-29/118,F-29,411,1:30:12,19.83%
745,Joyce* Takata,"Culver City, CA",616,1:30:15,24:13,F 40-44/31,F-41,412,1:44:16,20.61%
746,Kaoru* Mulvihill,"Culver City, CA",615,1:30:16,24:13,F 45-49/27,F-46,413,1:44:17,21.46%
747,Aaron Sanchez,"Long Beach, CA",867,1:30:39,24:19,M 30-34/82,M-31,334,1:30:39,17.38%
748,Rachel Sanchez,"Long Beach, CA",866,1:30:40,24:20,F 30-34/82,F-31,414,1:30:40,19.75%
749,Stephen Freeland,"Lakewood, CA",315,1:30:43,24:20,M 30-34/83,M-30,335,1:30:43,17.31%
750,Rebecca Vance-Freeland,"Seal Beach, CA",314,1:30:44,24:20,F 25-29/119,F-27,415,1:30:44,19.71%
751,Allison Rickerts,"Yorba Linda, CA",42,1:30:57,24:24,F 20-24/65,F-20,416,1:44:57,19.67%
752,Beth Genter,"Pomona, CA",28,1:31:01,24:25,F 20-24/66,F-22,417,1:45:02,19.65%
753,Holly Johns,"Westminster, CA",38,1:31:09,24:27,F 20-24/67,F-23,418,1:45:11,19.62%
754,Jessica Rickerts,"Fullerton, CA",43,1:31:10,24:28,F 25-29/120,F-26,419,1:45:12,19.62%
755,Victor* Tobar,"Los Angeles, CA",1173,1:31:30,24:33,M 30-34/84,M-32,336,2:02:13,17.25%
756,Connie Ho,"Chino Hills, CA",1429,1:31:57,24:40,F 20-24/68,F-22,420,1:50:16,19.45%
757,Sherry Amor Agustin,"Irvine, CA",7159,1:31:58,24:40,F 25-29/121,F-26,421,1:50:16,19.45%
758,Lenna Stites,"Gardena, CA",1430,1:31:58,24:40,F 20-24/69,F-22,422,1:50:16,19.45%
759,Jackie Gonzalez,"La Mirada, CA",4,1:32:17,24:46,F 20-24/70,F-23,423,1:40:48,19.38%
760,Jeanette Aguirre,"La Habra, CA",5,1:32:17,24:46,F 20-24/71,F-24,424,1:40:49,19.38%
761,Armando* Gallegos,"Lakewood, CA",1097,1:32:55,24:56,M 30-34/85,M-32,337,1:32:55,16.99%
762,Haide* Lopez,"San Bernardino, CA",959,1:33:31,25:05,F 30-34/83,F-34,425,1:33:31,19.25%
763,Christy* Brown,"Whittier, CA",423,1:33:56,25:12,F 35-39/58,F-36,426,2:19:31,19.29%
764,Dawn* McCaffer,"La Mirada, CA",964,1:33:59,25:13,F 30-34/84,F-31,427,2:19:32,19.05%
765,Adriana Bagues,"Pico Rivera, CA",447,1:34:58,25:29,F 30-34/85,F-31,428,1:34:58,18.85%
766,Noah Munoz,"Pico Rivera, CA",448,1:34:59,25:29,M 30-34/86,M-31,338,1:34:59,16.58%
767,Marielou Keuth,"Long Beach, CA",701,1:35:43,25:41,F 35-39/59,F-35,429,2:06:31,18.86%
768,Miles* Leslie,"Beverly Hills, CA",1294,1:35:57,25:45,M 25-29/66,M-26,339,2:27:05,16.33%
769,Catherne Taylor,"Santa Ana, CA",7286,1:36:16,25:50,F 45-49/28,F-49,430,1:44:49,20.80%
770,Czerny Najera,"Buena Park, CA",1104,1:37:04,26:03,F 30-34/86,F-34,431,2:07:53,18.55%
771,Helen Villareal,"La Mirada, CA",1305,1:37:06,26:03,F 50-54/9,F-52,432,1:37:06,21.39%
772,Selina Lopez,"Orange, CA",1304,1:37:07,26:03,F 25-29/122,F-29,433,1:37:07,18.42%
773,Mark Griffith,"Laguna Beach, CA",587,1:37:13,26:05,M 35-39/53,M-39,340,1:37:13,16.92%
774,Katie McGowan,"Silverado, CA",115,1:38:45,26:30,F 45-49/29,F-48,434,1:57:05,20.04%
775,Cynthia* Patino,"Alhambra, CA",820,1:39:03,26:34,F 25-29/123,F-29,435,1:39:03,18.06%
776,Fabviola* Rosales,"Alhambra, CA",757,1:39:04,26:35,F 25-29/124,F-26,436,1:39:04,18.05%
777,Dale Hutchinson,"Irvine, CA",1088,1:39:48,26:46,M 50-54/11,M-50,341,1:39:48,17.96%
778,Wendy* Arellano,"Upland, CA",926,1:40:26,26:57,F 35-39/60,F-39,437,2:26:00,18.29%
779,George Martinez,"Tustin, CA",602,1:40:34,26:59,M 45-49/16,M-46,342,1:58:54,17.26%
780,Heather* Ruiz,"Covina, CA",325,1:40:39,27:00,F 35-39/61,F-38,438,1:40:39,18.17%
781,Gerry Hoadley,"Garden Grove, CA",600,1:40:43,27:01,M 40-44/38,M-44,343,1:59:02,16.96%
782,Veronica* Arellano,"Upland, CA",7356,1:40:58,27:05,F 35-39/62,F-35,439,2:26:32,17.88%
783,Alexis Linares,"Garden Grove, CA",662,1:41:02,27:06,F 13-19/25,F-15,440,1:59:22,18.54%
784,Joceline Islas,"Garden Grove, CA",661,1:41:04,27:07,F 13-19/26,F-14,441,1:59:23,18.79%
785,Gina Hoadley,"Garden Grove, CA",601,1:41:06,27:07,F 35-39/63,F-35,442,1:59:25,17.86%
786,Susan* Justin,"Whittier, CA",425,1:41:30,27:14,F 30-34/87,F-31,443,2:27:06,17.64%
787,Eddie* Villa Senor,"Whittier, CA",649,1:41:41,27:17,M 45-49/17,M-47,344,2:27:14,17.20%
788,Margarit* Gumruyan,"Whittier, CA",421,1:42:09,27:24,F 35-39/64,F-36,444,2:27:43,17.74%
789,Lisa Otis,"Mission Viejo, CA",179,1:43:05,27:39,F 40-44/32,F-42,445,1:43:05,18.16%
790,Cristina* Valdivia,"Fontana, CA",824,1:43:56,27:53,F 35-39/65,F-37,446,2:20:54,17.51%
791,Servando Silva,"Orange, CA",635,1:45:33,28:19,M 35-39/54,M-37,345,1:45:33,15.37%
792,Luz Padron,"Palmdale, CA",1402,1:46:22,28:32,F 25-29/125,F-26,447,2:06:29,16.82%
793,Maria Fernandez,"Lancaster, CA",1362,1:46:22,28:32,F 30-34/88,F-32,448,2:06:29,16.86%
794,Michael Ruffalo,"Seal Beach, CA",147,1:46:42,28:38,M 30-34/87,M-32,346,1:46:42,14.79%
795,Maggie* Carlson,"Los Angeles, CA",1140,1:47:39,28:53,F 25-29/126,F-28,449,1:47:39,16.62%
796,Jessica* Acevedo,"Buena Park, CA",492,1:48:04,29:00,F 25-29/127,F-29,450,1:48:04,16.55%
797,Tarena* Chatman,"Eastvale, CA",1369,1:48:27,29:06,F 35-39/66,F-38,451,2:05:02,16.86%
798,Kelly* McDole,"Yucaipa, CA",143,1:50:50,29:44,F 40-44/33,F-43,452,1:50:50,17.03%
799,Haroon Khan,"Aliso Viejo, CA",477,1:53:46,30:31,M 35-39/55,M-39,347,1:53:46,14.46%
800,Sean Forge,"Tustin, CA",478,1:53:49,30:32,M 40-44/39,M-40,348,1:53:49,14.57%
801,Jean-Claude Demont,"Tustin, CA",49,1:55:25,30:58,M 13-19/27,M-14,349,1:55:25,14.93%
802,Tom* Boyer,"Riverside, CA",629,1:56:43,31:19,M 50-54/12,M-50,350,1:56:43,15.35%
803,Christina Moronez,"La Verne, CA",709,1:56:45,31:19,F 35-39/67,F-37,453,1:56:45,15.59%
804,Earl Doyle,"La Verne, CA",710,1:56:47,31:20,M 40-44/40,M-41,351,1:56:47,14.30%
805,Geoff Charpentier,"Rancho Cucamonga, CA",472,2:00:33,32:20,M 35-39/56,M-37,352,2:31:14,13.45%
806,Dina Mengsha,"Cerritos, CA",7354,2:05:17,33:37,F 30-34/89,F-32,454,2:05:17,14.32%
807,Christette Melendrez,"West Covina, CA",490,2:27:43,39:38,F 45-49/30,F-48,455,2:27:43,13.39%
808,Vanessa Gomez,"Walnut, CA",567,2:45:27,44:23,F 30-34/90,F-31,456,3:16:10,10.82%
809,Xochitl* Guerino,"Chino Hills, CA",1551,2:54:04,46:42,F 35-39/68,F-39,457,2:54:04,10.55%
810,Marian Kahale,"Fountain Vly, CA",7423,4:48:21,1:17:21,M 20-24/33,M-22,353,4:48:21, 5.43%
811,April Porteneuve,"Costa Mesa, CA",7422,5:03:18,1:21:22,M 20-24/34,M-20,354,5:03:18, 5.22%
812,Daniel Martin,"Corona, CA",7435,5:21:56,1:26:22,M 40-44/41,M-43,355,5:21:56, 5.27%
813,Trevor Woods,"Los Alamitos, CA",7427,5:25:51,1:27:24,M 20-24/35,M-20,356,5:25:51, 4.86%
814,Patrick McCord,"Simi Valley, CA",7229,5:35:01,1:29:52,M 13-19/28,M-19,357,5:35:01, 4.78%
815,Travis Dowthwaite,"Valencia, CA",7230,5:35:02,1:29:52,M 35-39/57,M-37,358,5:35:02, 4.84%
816,Phil Davy,"Simi Valley, CA",7231,5:35:03,1:29:52,M 50-54/13,M-54,359,5:35:03, 5.52%
817,Daniel Warden,"Glendale, CA",7316,6:28:28,1:44:12,M 13-19/29,M-17,360,6:28:28, 4.22%
818,Judy Guzman,"Paramount, CA",7272,6:33:26,1:45:32,F 25-29/128,F-28,458,6:33:26, 4.55%
819,Nancy Mejia,"Paramount, CA",7266,6:33:28,1:45:33,F 30-34/91,F-33,459,6:33:28, 4.57%
820,Nathan Darmody,"San Diego, CA",7303,6:35:15,1:46:01,M 20-24/36,M-20,361,6:35:15, 4.01%
