Bib,Name,Gender,Age,Hometown,Overall,Men,M 50-54,Age/Grade,Finish,Chip Time,Gun Time
1984,Tim Lunsford*,M,31,"Upland, CA",2609 out of 2615,1121 out of 0,219 out of 219,  9.92% Place: 2596,2:38:48 Pace: 42:36,2:38:48,2:38:48
3748,Pete Alexander,M,52,"Glendora, CA",2610 out of 2615,1122 out of 0,30 out of 30,  9.50% Place: 2597,3:11:35 Pace: 51:24,3:11:35,5:19:09
9056,Steve Addobati,M,26,"Irvine, CA",2611 out of 2615,1123 out of 0,270 out of 270,  7.64% Place: 2599,3:25:05 Pace: 55:01,3:25:05,3:25:05
606,Brice Keyser,M,36,"Mission Viejo, CA",2612 out of 2615,1124 out of 0,150 out of 150,  7.45% Place: 2600,3:36:10 Pace: 57:59,3:36:10,4:48:03
795,Marc Gehlke,M,16,"Newport Beach, CA",2613 out of 2615,1125 out of 0,87 out of 87,  7.33% Place: 2601,3:46:56 Pace: 1:00:53,3:46:56,9:10:15
1937,Callie Lopez,F,33,"Covina, CA",2614 out of 2615,1489 out of 0,279 out of 279,  7.65% Place: 2598,3:54:55 Pace: 1:03:01,3:54:55,5:32:40
223,Andrea Gammoh,F,25,"Garden Grove, CA",2615 out of 2615,1490 out of 0,378 out of 378,  6.90% Place: 2602,4:19:07 Pace: 1:09:30,4:19:07,5:35:08
