Bib,Name,Gender,Age,Hometown,Overall,Men,M 20-24,Age/Grade,Finish,Chip Time,Gun Time
887,Frederick Nerizon,M,38,"Irvine, CA",1153 out of 1156,455 out of 457,58 out of 58,  7.87% Place: 1148,3:43:12 Pace: 55:48,3:43:12,4:44:03
5769,Alberto Lizarraga,M,23,"Los Angeles, CA",1154 out of 1156,456 out of 457,52 out of 53,  6.77% Place: 1150,4:08:47 Pace: 1:02:12,4:08:47,4:12:58
5646,Daniel Delgado,M,24,"Baldwin Park, CA",1155 out of 1156,457 out of 457,53 out of 53,  6.09% Place: 1151,4:36:50 Pace: 1:09:13,4:36:50,4:41:00
4,Jamie Gust,F,33,"Orange, CA",1156 out of 1156,699 out of 699,146 out of 146,  5.41% Place: 1152,5:57:14 Pace: 1:29:19,5:57:14,5:57:14
