Bib,Name,Gender,Age,Hometown,Overall,Men,M 30-34,Age/Grade,Finish,Chip Time,Gun Time
7073,Dwight Wilson,M,34,"Huntington Beach, CA",1 out of 710,1 out of 286,1 out of 66, 76.93% Place: 2,22:16 Pace: 5:34,22:16,29:11
5040,Harrison Evans,M,13,"Rancho Santa Margarita, CA",2 out of 710,2 out of 286,1 out of 31, 82.87% Place: 1,22:53 Pace: 5:44,22:53,22:54
2,Vincent Valenzuela,M,33,"Lake Forest, CA",3 out of 710,3 out of 286,2 out of 66, 72.14% Place: 4,23:39 Pace: 5:55,23:39,26:49
6022,Miles Evans,M,29,"Tustin, CA",4 out of 710,4 out of 286,1 out of 55, 71.02% Place: 6,23:46 Pace: 5:57,23:46,26:55
7775,Josh Stroup,M,24,"Redondo Beach, CA",5 out of 710,5 out of 286,1 out of 37, 70.16% Place: 7,24:02 Pace: 6:01,24:02,24:04
5029,Colton Crain,M,16,"Orange, CA",6 out of 710,6 out of 286,2 out of 31, 74.15% Place: 3,24:08 Pace: 6:02,24:08,24:10
44,Daniel Khalili,M,23,", ",7 out of 710,7 out of 286,2 out of 37, 68.87% Place: 12,24:28 Pace: 6:07,24:28,24:28
6030,Matt Hazard,M,29,"Newport Beach, CA",8 out of 710,8 out of 286,2 out of 55, 68.80% Place: 13,24:32 Pace: 6:08,24:32,27:43
8016,Steve Lane,M,36,"Huntington Beach, CA",9 out of 710,9 out of 286,1 out of 34, 70.01% Place: 8,24:45 Pace: 6:12,24:45,24:46
6026,Robert Gilmore,M,25,"Chino, CA",10 out of 710,10 out of 286,3 out of 55, 67.09% Place: 16,25:08 Pace: 6:17,25:08,28:18
8026,Matthew Olivolo,M,38,"Fullerton, CA",11 out of 710,11 out of 286,2 out of 34, 69.25% Place: 10,25:23 Pace: 6:21,25:23,35:27
5093,Gary Wharton,M,18,"Mission Viejo, CA",12 out of 710,12 out of 286,3 out of 31, 68.73% Place: 14,25:23 Pace: 6:21,25:23,25:24
5071,Don Pham,M,20,"Westminster, CA",13 out of 710,13 out of 286,3 out of 37, 65.94% Place: 20,25:50 Pace: 6:28,25:50,25:52
5121,Phil Harrison,M,42,"Chino Hills, CA",14 out of 710,14 out of 286,1 out of 28, 69.00% Place: 11,26:15 Pace: 6:34,26:15,38:52
5051,Sean Husted,M,21,"Moorpark, CA",15 out of 710,15 out of 286,4 out of 37, 64.16% Place: 27,26:23 Pace: 6:36,26:23,26:26
6009,Rigoberto Buenrostro,M,28,"Maywood, CA",16 out of 710,16 out of 286,4 out of 55, 63.47% Place: 31,26:34 Pace: 6:39,26:34,36:43
5036,Luke Duran,M,24,"Placentia, CA",17 out of 710,17 out of 286,5 out of 37, 62.80% Place: 35,26:51 Pace: 6:43,26:51,36:56
6035,Odis Johnson,M,26,"Fontana, CA",18 out of 710,18 out of 286,5 out of 55, 62.60% Place: 39,26:56 Pace: 6:44,26:56,30:06
6116,Jenna Fie,F,21,"Ridgecrest, CA",19 out of 710,1 out of 424,1 out of 79, 71.32% Place: 5,26:59 Pace: 6:45,26:59,43:01
7058,Matt Olson,M,30,"Corona, CA",20 out of 710,19 out of 286,3 out of 66, 62.63% Place: 37,27:00 Pace: 6:45,27:00,33:56
6972,Sean McNamara,M,20,"Ridgecrest, CA",21 out of 710,20 out of 286,6 out of 37, 62.78% Place: 36,27:09 Pace: 6:48,27:09,27:10
6012,Aaron Cipriano,M,25,"Upland, CA",22 out of 710,21 out of 286,6 out of 55, 62.02% Place: 44,27:11 Pace: 6:48,27:11,30:21
5030,Zachary Crain,M,13,"Orange, CA",23 out of 710,22 out of 286,4 out of 31, 69.63% Place: 9,27:14 Pace: 6:49,27:14,27:16
7051,Octavio Marquez,M,34,"Norwalk, CA",24 out of 710,23 out of 286,4 out of 66, 62.62% Place: 38,27:21 Pace: 6:51,27:21,34:18
5083,Daniel Schweitzer,M,19,"Irvine, CA",25 out of 710,24 out of 286,5 out of 31, 62.91% Place: 33,27:23 Pace: 6:51,27:23,1:19:47
7020,Sam De Lira,M,30,"Pico Rivera, CA",26 out of 710,25 out of 286,5 out of 66, 61.75% Place: 47,27:23 Pace: 6:51,27:23,34:19
8017,Robin Lie,M,38,"Loma Linda, CA",27 out of 710,26 out of 286,3 out of 34, 64.07% Place: 28,27:26 Pace: 6:52,27:26,37:32
6979,Brian Nix,M,35,"Lakewood, CA",28 out of 710,27 out of 286,4 out of 34, 62.53% Place: 40,27:33 Pace: 6:54,27:33,34:31
5053,Ryan James,M,16,"Anaheim Hills, CA",29 out of 710,28 out of 286,6 out of 31, 64.91% Place: 23,27:34 Pace: 6:54,27:34,1:25:11
5055,Nick Jimenez,M,13,"Alta Loma, CA",30 out of 710,29 out of 286,7 out of 31, 68.70% Place: 15,27:36 Pace: 6:54,27:36,34:34
8018,Matthew Lindblom,M,36,"Los Angeles, CA",31 out of 710,30 out of 286,5 out of 34, 62.36% Place: 41,27:47 Pace: 6:57,27:47,50:43
6045,Elias Osorio,M,28,"Artesia, CA",32 out of 710,31 out of 286,7 out of 55, 60.58% Place: 51,27:50 Pace: 6:58,27:50,37:59
6048,Jorge Raya,M,27,"Orange, CA",33 out of 710,32 out of 286,8 out of 55, 60.21% Place: 53,28:00 Pace: 7:00,28:00,31:10
6833,Keith Stimson,M,41,"Belvedere Tiburon, CA",34 out of 710,33 out of 286,2 out of 28, 63.82% Place: 30,28:10 Pace: 7:03,28:10,35:06
6017,Marcel Demaree,M,25,"Irvine, CA",35 out of 710,34 out of 286,9 out of 55, 59.82% Place: 58,28:11 Pace: 7:03,28:11,1:05:01
6834,Chris Hebble,M,39,"Ladera Ranch, CA",36 out of 710,35 out of 286,6 out of 34, 62.80% Place: 34,28:12 Pace: 7:03,28:12,35:09
5146,Albert Serna,M,43,"Phillips Ranch, CA",37 out of 710,36 out of 286,3 out of 28, 64.70% Place: 24,28:12 Pace: 7:03,28:12,40:49
5116,Jose Q Garcia,M,43,"Ontario, CA",38 out of 710,37 out of 286,4 out of 28, 64.24% Place: 26,28:24 Pace: 7:06,28:24,41:01
5020,Vincent Bird,M,19,"Irvine, CA",39 out of 710,38 out of 286,8 out of 31, 60.16% Place: 54,28:38 Pace: 7:10,28:38,28:39
8035,Tom Shebel,M,36,"San Clemente, CA",40 out of 710,39 out of 286,7 out of 34, 59.99% Place: 55,28:53 Pace: 7:14,28:53,38:58
7125,Kim Maclean,F,25,"Diamond Bar, CA",41 out of 710,2 out of 424,1 out of 94, 66.63% Place: 18,28:53 Pace: 7:14,28:53,48:32
6130,Jessyca Henman,F,19,"Rancho Santa Fe, CA",42 out of 710,3 out of 424,1 out of 34, 66.84% Place: 17,28:55 Pace: 7:14,28:55,44:56
5082,Nick Schirmer,M,16,"Costa Mesa, CA",43 out of 710,40 out of 286,9 out of 31, 61.84% Place: 45,28:56 Pace: 7:14,28:56,28:56
6039,Sean Lynott,M,25,"Irvine, CA",44 out of 710,41 out of 286,10 out of 55, 58.20% Place: 76,28:58 Pace: 7:15,28:58,32:08
6184,Kristina Schneider,F,20,"San Diego, CA",45 out of 710,4 out of 424,2 out of 79, 66.36% Place: 19,29:00 Pace: 7:15,29:00,45:01
5044,Ryan Garner,M,13,"San Juan Capistrano, CA",46 out of 710,42 out of 286,10 out of 31, 65.34% Place: 22,29:01 Pace: 7:16,29:01,41:38
5100,Chris Bamsey,M,42,"Huntington Beach, CA",47 out of 710,43 out of 286,5 out of 28, 62.23% Place: 42,29:05 Pace: 7:17,29:05,45:11
6018,Dominick Diaz,M,27,"Costa Mesa, CA",48 out of 710,44 out of 286,11 out of 55, 57.64% Place: 80,29:15 Pace: 7:19,29:15,36:11
7052,Wayne Marshall,M,34,"Riverside, CO",49 out of 710,45 out of 286,6 out of 66, 58.55% Place: 69,29:15 Pace: 7:19,29:15,36:11
7042,Roland Jimenez,M,33,"Hacienda Heights, CA",50 out of 710,46 out of 286,7 out of 66, 57.83% Place: 79,29:30 Pace: 7:23,29:30,45:36
5035,Matt Dufour,M,22,"Placentia, CA",51 out of 710,47 out of 286,7 out of 37, 57.12% Place: 85,29:31 Pace: 7:23,29:31,29:33
5018,Michael Berry,M,24,"Monrovia, CA",52 out of 710,48 out of 286,8 out of 37, 56.70% Place: 90,29:44 Pace: 7:26,29:44,29:46
7078,Kathy Baumberger,F,29,"Costa Mesa, CA",53 out of 710,5 out of 424,2 out of 94, 64.69% Place: 25,29:45 Pace: 7:27,29:45,49:25
7031,Patrick Galvin,M,33,"Riverside, CA",54 out of 710,49 out of 286,8 out of 66, 57.28% Place: 83,29:47 Pace: 7:27,29:47,36:43
5052,Alan Jacobson,M,24,"Irvine, CA",55 out of 710,50 out of 286,9 out of 37, 56.35% Place: 94,29:55 Pace: 7:29,29:55,29:56
6040,Corey McCoy,M,27,"Fontana, CA",56 out of 710,51 out of 286,12 out of 55, 55.98% Place: 101,30:07 Pace: 7:32,30:07,33:16
6939,Michael Burgstaulter,M,0,", ",57 out of 710,52 out of 286,0 out of 0,30:13 Pace: 7:34,30:13,2:04:22
5138,Jeff Parks,M,49,"Mission Viejo, CA",58 out of 710,53 out of 286,1 out of 12, 63.27% Place: 32,30:14 Pace: 7:34,30:14,42:52
5147,Ken Shields,M,44,"Riverside, CA",59 out of 710,54 out of 286,6 out of 28, 60.67% Place: 50,30:19 Pace: 7:35,30:19,37:16
5064,Alex Maher,M,16,"Costa Mesa, CA",60 out of 710,55 out of 286,11 out of 31, 58.83% Place: 66,30:25 Pace: 7:37,30:25,30:26
5090,Matt Thompson,M,21,"Chino, CA",61 out of 710,56 out of 286,10 out of 37, 55.53% Place: 109,30:29 Pace: 7:38,30:29,46:37
6474,Emilio Acosta,M,23,"La Pente, CA",62 out of 710,57 out of 286,11 out of 37, 55.25% Place: 113,30:31 Pace: 7:38,30:31,1:28:13
7021,Jimmy Di Dodo,M,32,"Yorba Linda, CA",63 out of 710,58 out of 286,9 out of 66, 55.59% Place: 107,30:34 Pace: 7:39,30:34,40:40
8014,Ryan Johnson,M,37,"Newport Beach, CA",64 out of 710,59 out of 286,8 out of 34, 56.91% Place: 88,30:39 Pace: 7:40,30:39,40:44
8040,Michael Ward,M,35,"Rancho Santa Margarita, CA",65 out of 710,60 out of 286,9 out of 34, 56.20% Place: 96,30:39 Pace: 7:40,30:39,46:48
8012,Brian Jensen,M,37,"Placentia, CA",66 out of 710,61 out of 286,10 out of 34, 56.76% Place: 89,30:44 Pace: 7:41,30:44,40:54
8887,Kelly Williams,F,38,", ",67 out of 710,6 out of 424,1 out of 68, 63.87% Place: 29,30:50 Pace: 7:43,30:50,30:51
5959,Jesus Izabal,M,30,"Hawthorne, CA",68 out of 710,62 out of 286,10 out of 66, 54.78% Place: 120,30:52 Pace: 7:43,30:52,41:02
5021,Jordan Brooksher,M,23,"Altadena, CA",69 out of 710,63 out of 286,12 out of 37, 54.53% Place: 126,30:55 Pace: 7:44,30:55,30:57
8058,Katie Capano,F,31,"Irvine, CA",70 out of 710,7 out of 424,1 out of 78, 62.06% Place: 43,31:02 Pace: 7:46,31:02,53:59
5830,Phillip Thomas,M,19,"Silverado, CA",71 out of 710,64 out of 286,12 out of 31, 55.42% Place: 111,31:05 Pace: 7:47,31:05,43:46
990,Ward Strona,M,57,"Mira Loma, CA",72 out of 710,65 out of 286,1 out of 4, 65.68% Place: 21,31:06 Pace: 7:47,31:06,43:43
7064,Stephen Simpson,M,32,"Irvine, CA",73 out of 710,66 out of 286,11 out of 66, 54.40% Place: 129,31:14 Pace: 7:49,31:14,38:10
6919,Greg Hardessey,M,0,", ",74 out of 710,67 out of 286,0 out of 0,31:14 Pace: 7:49,31:14,1:35:29
1984,Andres Roldan,M,25,", ",75 out of 710,68 out of 286,13 out of 55, 53.95% Place: 134,31:15 Pace: 7:49,31:15,38:11
8003,Randy Blancq,M,39,"Norwalk, CA",76 out of 710,69 out of 286,11 out of 34, 56.67% Place: 91,31:15 Pace: 7:49,31:15,1:08:06
7066,James Spicer,M,33,"Los Angeles, CA",77 out of 710,70 out of 286,12 out of 66, 54.56% Place: 125,31:16 Pace: 7:49,31:16,1:28:57
7039,Steve Hawes,M,33,"Riverside, CA",78 out of 710,71 out of 286,13 out of 66, 53.90% Place: 135,31:39 Pace: 7:55,31:39,38:35
5015,Colby Ballard,M,18,"Redlands, CA",79 out of 710,72 out of 286,13 out of 31, 54.91% Place: 116,31:46 Pace: 7:57,31:46,31:47
5172,Colleen Bell,F,35,"Irvine, CA",80 out of 710,8 out of 424,2 out of 68, 61.21% Place: 49,31:46 Pace: 7:57,31:46,59:58
5148,Casey Simpson,M,40,"Lake Forest, CA",81 out of 710,73 out of 286,7 out of 28, 56.14% Place: 99,31:47 Pace: 7:57,31:47,44:26
5162,Brian Wilson,M,40,"Foothill Ranch, CA",82 out of 710,74 out of 286,8 out of 28, 56.14% Place: 98,31:47 Pace: 7:57,31:47,44:26
6001,Michael Akins,M,26,"Temecula, CA",83 out of 710,75 out of 286,14 out of 55, 53.04% Place: 149,31:47 Pace: 7:57,31:47,41:55
6075,Taylour Ballard,F,17,"Redlands, CA",84 out of 710,9 out of 424,2 out of 34, 61.76% Place: 46,31:50 Pace: 7:58,31:50,31:51
5103,Alan Bechtol,M,49,"Lake Forest, CA",85 out of 710,76 out of 286,2 out of 12, 59.93% Place: 56,31:55 Pace: 7:59,31:55,38:52
7070,Sam Tanng,M,34,"Irvine, CA",86 out of 710,77 out of 286,14 out of 66, 53.52% Place: 140,32:00 Pace: 8:00,32:00,38:56
6954,Reggie Almario,M,16,"Tujunga, CA",87 out of 710,78 out of 286,14 out of 31, 55.48% Place: 110,32:15 Pace: 8:04,32:15,32:17
6181,Kierney Ross,F,20,"Huntington Beach, CA",88 out of 710,10 out of 424,3 out of 79, 59.64% Place: 59,32:16 Pace: 8:04,32:16,39:14
7166,Kim Shebel,F,29,"San Clemente, CA",89 out of 710,11 out of 424,3 out of 94, 59.48% Place: 60,32:21 Pace: 8:06,32:21,52:00
7145,Sarah Owens,F,27,"Orange, CA",90 out of 710,12 out of 424,4 out of 94, 59.33% Place: 62,32:26 Pace: 8:07,32:26,52:05
8056,Sarah Butte,F,31,"Long Beach, CA",91 out of 710,13 out of 424,2 out of 78, 59.38% Place: 61,32:26 Pace: 8:07,32:26,39:23
5123,Michael Hooker,M,42,"Orange, CA",92 out of 710,79 out of 286,9 out of 28, 55.75% Place: 102,32:29 Pace: 8:08,32:29,1:04:49
6220,Michele Hooker,F,41,"Orange, CA",93 out of 710,14 out of 424,1 out of 35, 61.71% Place: 48,32:32 Pace: 8:08,32:32,1:04:51
8004,John Carter,M,40,"Aliso Viejo, CA",94 out of 710,80 out of 286,10 out of 28, 54.84% Place: 117,32:32 Pace: 8:08,32:32,42:40
7004,Adrian Aguilar,M,30,"Rancho Cucamonga, CA",95 out of 710,81 out of 286,15 out of 66, 51.97% Place: 173,32:32 Pace: 8:08,32:32,39:30
7083,Nikki Blum,F,25,"Irvine, CA",96 out of 710,15 out of 424,5 out of 94, 58.97% Place: 64,32:38 Pace: 8:10,32:38,52:17
7119,Brandy Londoff,F,26,"Irvine, CA",97 out of 710,16 out of 424,6 out of 94, 58.88% Place: 65,32:41 Pace: 8:11,32:41,52:19
8895,Nick Mangano,M,25,"Mission Viejo, CA",98 out of 710,82 out of 286,15 out of 55, 51.53% Place: 187,32:43 Pace: 8:11,32:43,35:54
5072,James Pond,M,18,"Costa Mesa, CA",99 out of 710,83 out of 286,15 out of 31, 53.20% Place: 145,32:47 Pace: 8:12,32:47,32:48
7001,Elvis Acosta,M,32,"Covina, CA",100 out of 710,84 out of 286,16 out of 66, 51.75% Place: 178,32:50 Pace: 8:13,32:50,39:54
7057,David Ochoa,M,33,"Alta Loma, CA",101 out of 710,85 out of 286,17 out of 66, 51.93% Place: 175,32:51 Pace: 8:13,32:51,39:47
8025,Steve Oh,M,38,"La Mirada, CA",102 out of 710,86 out of 286,12 out of 34, 53.50% Place: 141,32:51 Pace: 8:13,32:51,42:58
8047,Kimberly Akins,F,30,"Temecula, CA",103 out of 710,17 out of 424,3 out of 78, 58.43% Place: 70,32:56 Pace: 8:14,32:56,55:54
8021,Luis Montenegro,M,35,"Pasadena, CA",104 out of 710,87 out of 286,13 out of 34, 51.99% Place: 172,33:08 Pace: 8:17,33:08,43:14
8097,Amy Klepsa,F,30,"Santa Ana, CA",105 out of 710,18 out of 424,4 out of 78, 57.87% Place: 78,33:15 Pace: 8:19,33:15,40:12
8007,Bobby Garcia,M,36,"Los Angeles, CA",106 out of 710,88 out of 286,14 out of 34, 52.03% Place: 170,33:18 Pace: 8:20,33:18,43:25
6937,Ashley Bermudez,F,18,"Downey, CA",107 out of 710,19 out of 424,3 out of 34, 58.21% Place: 75,33:24 Pace: 8:21,33:24,49:27
5133,Charles Newton,M,40,"Pomona, CA",108 out of 710,89 out of 286,11 out of 28, 53.42% Place: 143,33:24 Pace: 8:21,33:24,46:01
8033,Ingemar Samayoa,M,37,"Ontario, CA",109 out of 710,90 out of 286,15 out of 34, 52.14% Place: 169,33:27 Pace: 8:22,33:27,43:34
5155,John Thompson,M,51,"Chino, CA",110 out of 710,91 out of 286,1 out of 6, 58.02% Place: 77,33:29 Pace: 8:23,33:29,49:38
5245,Courtney Zwahlen,F,39,"Irvine, CA",111 out of 710,20 out of 424,3 out of 68, 59.13% Place: 63,33:30 Pace: 8:23,33:30,1:01:42
7183,Heather Wuebker,F,28,"Dana Point, CA",112 out of 710,21 out of 424,7 out of 94, 57.30% Place: 82,33:35 Pace: 8:24,33:35,1:01:49
6176,Zhavon Resendez,F,19,"Lakewood, CA",113 out of 710,22 out of 424,4 out of 34, 57.38% Place: 81,33:41 Pace: 8:26,33:41,46:18
6110,Kenzie Estes,F,17,"Riverside, CA",114 out of 710,23 out of 424,5 out of 34, 58.34% Place: 71,33:42 Pace: 8:26,33:42,46:23
6084,Cristy Carrera,F,17,"Downey, CA",115 out of 710,24 out of 424,6 out of 34, 58.22% Place: 74,33:46 Pace: 8:27,33:46,49:49
8044,Noel Ye,M,39,"La Palma, CA",116 out of 710,92 out of 286,16 out of 34, 52.24% Place: 166,33:54 Pace: 8:29,33:54,44:01
5143,Gabriel Schiavone,M,47,"Carlsbad, CA",117 out of 710,93 out of 286,3 out of 12, 54.91% Place: 115,34:17 Pace: 8:35,34:17,1:02:30
7030,Brantley Friend,M,33,"Oceanside, CA",118 out of 710,94 out of 286,18 out of 66, 49.76% Place: 222,34:17 Pace: 8:35,34:17,50:24
6803,Hernaldo Tito Lazo,F,18,"Corona, CA",119 out of 710,25 out of 424,7 out of 34, 56.49% Place: 93,34:25 Pace: 8:37,34:25,54:06
8030,Anthony Ratkovic,M,36,"Upland, CA",120 out of 710,95 out of 286,17 out of 34, 50.34% Place: 204,34:25 Pace: 8:37,34:25,44:30
5102,Rolando Barrientos,M,40,"Garden Grove, CA",121 out of 710,96 out of 286,12 out of 28, 51.74% Place: 179,34:29 Pace: 8:38,34:29,47:07
6914,Lili Lira,F,0,", ",122 out of 710,26 out of 424,0 out of 0,34:35 Pace: 8:39,34:35,37:45
6146,Amanda Magallanez,F,23,"Santa Ana, CA",123 out of 710,27 out of 424,4 out of 79, 55.61% Place: 105,34:36 Pace: 8:39,34:36,37:46
7043,Nick Johnson,M,31,"Anaheim, CA",124 out of 710,97 out of 286,19 out of 66, 48.96% Place: 238,34:36 Pace: 8:39,34:36,41:33
5043,Brian Garcia,M,24,"Orange, CA",125 out of 710,98 out of 286,13 out of 37, 48.72% Place: 244,34:36 Pace: 8:39,34:36,37:46
6004,Kris Alvarado,M,26,"Fontana, CA",126 out of 710,99 out of 286,16 out of 55, 48.68% Place: 247,34:38 Pace: 8:40,34:38,37:47
6015,Gelbert De Guzman,M,25,"Walnut, CA",127 out of 710,100 out of 286,17 out of 55, 48.68% Place: 246,34:38 Pace: 8:40,34:38,37:49
6142,Brittany Long,F,22,"Orange, CA",128 out of 710,28 out of 424,5 out of 79, 55.56% Place: 108,34:38 Pace: 8:40,34:38,44:46
5107,Neal Chapman,M,44,"Murrieta, CA",129 out of 710,101 out of 286,13 out of 28, 53.08% Place: 148,34:39 Pace: 8:40,34:39,47:17
6191,Alyssa Stolo,F,13,"Orange, CA",130 out of 710,29 out of 424,8 out of 34, 59.86% Place: 57,34:41 Pace: 8:41,34:41,57:40
7008,Richard Barragan,M,33,"Covina, CA",131 out of 710,102 out of 286,20 out of 66, 49.16% Place: 234,34:42 Pace: 8:41,34:42,41:45
5032,Aria Daneshvar,M,13,"Mission Viejo, CA",132 out of 710,103 out of 286,16 out of 31, 54.64% Place: 124,34:42 Pace: 8:41,34:42,34:43
5013,Jorge Alonzo,M,18,"Fullerton, CA",133 out of 710,104 out of 286,17 out of 31, 50.14% Place: 212,34:47 Pace: 8:42,34:47,1:03:01
7019,Gerald De Guzman,M,33,"Chino Hills, CA",134 out of 710,105 out of 286,21 out of 66, 49.02% Place: 237,34:48 Pace: 8:42,34:48,37:59
5022,James Bustamante,M,21,"Long Beach, CA",135 out of 710,106 out of 286,14 out of 37, 48.56% Place: 251,34:51 Pace: 8:43,34:51,50:54
6199,Rachel Waite,F,20,"Garden Grove, CA",136 out of 710,30 out of 424,6 out of 79, 55.19% Place: 114,34:52 Pace: 8:43,34:52,50:54
5060,Mathew Lassak,M,13,"Torrance, CA",137 out of 710,107 out of 286,18 out of 31, 54.35% Place: 131,34:53 Pace: 8:44,34:53,34:55
5111,Jeff Dowding,M,54,"Santa Ana, CA",138 out of 710,108 out of 286,2 out of 6, 57.05% Place: 86,34:54 Pace: 8:44,34:54,47:32
5157,Miguel Tinajero,M,44,"Laguna Hills, CA",139 out of 710,109 out of 286,14 out of 28, 52.60% Place: 157,34:58 Pace: 8:45,34:58,47:36
5132,Mike Matranga,M,48,"Mission Viejo, CA",140 out of 710,110 out of 286,4 out of 12, 54.14% Place: 132,35:01 Pace: 8:46,35:01,47:39
6054,Eric Summerfield,M,27,"Costa Mesa, CA",141 out of 710,111 out of 286,18 out of 55, 48.12% Place: 261,35:02 Pace: 8:46,35:02,38:12
6060,Manuel Walker,M,27,"Long Beach, CA",142 out of 710,112 out of 286,19 out of 55, 48.10% Place: 263,35:03 Pace: 8:46,35:03,38:14
5230,Emily Stevenson,F,35,"Upland, CA",143 out of 710,31 out of 424,4 out of 68, 55.39% Place: 112,35:06 Pace: 8:47,35:06,45:11
8034,Rene Sandoval,M,36,"Los Alamitos, CA",144 out of 710,113 out of 286,18 out of 34, 49.36% Place: 229,35:06 Pace: 8:47,35:06,45:11
5192,Jennifer Grombone,F,38,"Los Alamitos, CA",145 out of 710,32 out of 424,5 out of 68, 56.08% Place: 100,35:07 Pace: 8:47,35:07,1:03:23
6239,Kristi Schreiber,F,44,"La Habra, CA",146 out of 710,33 out of 424,2 out of 35, 58.59% Place: 68,35:07 Pace: 8:47,35:07,47:47
7143,Maritza Osorio,F,27,"Artesia, CA",147 out of 710,34 out of 424,8 out of 94, 54.77% Place: 121,35:08 Pace: 8:47,35:08,45:16
5150,Michael Snyder,M,44,"Orange, CA",148 out of 710,114 out of 286,15 out of 28, 52.32% Place: 164,35:09 Pace: 8:48,35:09,47:48
5016,Michael Bannock,M,15,"Carlsbad, CA",149 out of 710,115 out of 286,19 out of 31, 51.68% Place: 182,35:12 Pace: 8:48,35:12,35:13
6010,Alfred Cabrera,M,27,"Brea, CA",150 out of 710,116 out of 286,20 out of 55, 47.85% Place: 268,35:14 Pace: 8:49,35:14,1:32:52
6940,Vay Yam,M,0,", ",151 out of 710,117 out of 286,0 out of 0,35:15 Pace: 8:49,35:15,2:09:24
5031,Jeremy Cridlebaugh,M,23,"Menifee, CA",152 out of 710,118 out of 286,15 out of 37, 47.82% Place: 269,35:15 Pace: 8:49,35:15,51:17
6219,Amy Gingrich,F,41,"Huntington Beach, CA",153 out of 710,35 out of 424,3 out of 35, 56.93% Place: 87,35:16 Pace: 8:49,35:16,1:03:31
5177,Angaileca Bryner,F,39,"Aliso Viejo, CA",154 out of 710,36 out of 424,6 out of 68, 56.14% Place: 97,35:17 Pace: 8:50,35:17,1:03:31
6043,Tony Nieto,M,26,"Covina, CA",155 out of 710,119 out of 286,21 out of 55, 47.78% Place: 271,35:17 Pace: 8:50,35:17,2:05:09
6150,Louise Miclat,F,21,"Claremont, CA",156 out of 710,37 out of 424,7 out of 79, 54.49% Place: 127,35:19 Pace: 8:50,35:19,2:05:10
5054,Chris Jimenez,M,9,"Alta Loma, CA",157 out of 710,120 out of 286,1 out of 2, 60.50% Place: 52,35:20 Pace: 8:50,35:20,42:17
5160,Keith Watkins,M,54,"Bakersfield, CA",158 out of 710,121 out of 286,3 out of 6, 56.35% Place: 95,35:20 Pace: 8:50,35:20,42:18
6200,Lindsey Watkins,F,21,"Bakersfield, CA",159 out of 710,38 out of 424,8 out of 79, 54.41% Place: 128,35:22 Pace: 8:51,35:22,42:20
7165,Jessica Shaw,F,25,"Fullerton, CA",160 out of 710,39 out of 424,9 out of 94, 54.36% Place: 130,35:24 Pace: 8:51,35:24,2:05:15
5175,Lori Broussard,F,38,"Huntington Beach, CA",161 out of 710,40 out of 424,7 out of 68, 55.63% Place: 104,35:24 Pace: 8:51,35:24,1:03:39
7032,Ben Garcia,M,32,"Long Beach, CA",162 out of 710,122 out of 286,22 out of 66, 48.00% Place: 265,35:24 Pace: 8:51,35:24,42:21
7054,Victor Michel,M,33,"Resda, CA",163 out of 710,123 out of 286,23 out of 66, 48.07% Place: 264,35:29 Pace: 8:53,35:29,42:26
6050,Rene Rodriguez,M,29,"Paramount, CA",164 out of 710,124 out of 286,22 out of 55, 47.40% Place: 281,35:36 Pace: 8:54,35:36,45:45
6031,Sean Hill,M,26,"Irvine, CA",165 out of 710,125 out of 286,23 out of 55, 47.33% Place: 286,35:37 Pace: 8:55,35:37,51:40
7107,Erin Hill,F,27,"Irvine, CA",166 out of 710,41 out of 424,10 out of 94, 54.03% Place: 133,35:37 Pace: 8:55,35:37,51:40
5145,Brian Schlatter,M,47,"Fullerton, CA",167 out of 710,126 out of 286,5 out of 12, 52.86% Place: 153,35:37 Pace: 8:55,35:37,48:15
8898,Ronnie Ruelas,M,29,"Lomita, CA",168 out of 710,127 out of 286,24 out of 55, 47.33% Place: 285,35:39 Pace: 8:55,35:39,38:49
7033,Fiili Garcia,M,33,"Irvine, CA",169 out of 710,128 out of 286,24 out of 66, 47.80% Place: 270,35:41 Pace: 8:56,35:41,42:37
5154,Robert Sutton,M,57,"Mission Viejo, CA",170 out of 710,129 out of 286,2 out of 4, 57.19% Place: 84,35:43 Pace: 8:56,35:43,55:26
6053,Nathan Smith,M,28,"Newport Beach, CA",171 out of 710,130 out of 286,25 out of 55, 47.20% Place: 292,35:43 Pace: 8:56,35:43,38:55
5156,Ralph Thrasher,M,48,"Fontana, CA",172 out of 710,131 out of 286,6 out of 12, 52.96% Place: 151,35:48 Pace: 8:57,35:48,48:25
6023,William Feige,M,27,"Capistrano Beach, CA",173 out of 710,132 out of 286,26 out of 55, 46.94% Place: 302,35:55 Pace: 8:59,35:55,39:04
6178,Rachel Richardson,F,24,"Irvine, CA",174 out of 710,42 out of 424,9 out of 79, 53.57% Place: 138,35:55 Pace: 8:59,35:55,42:51
7090,Quintessa Cu,F,25,"Anaheim, CA",175 out of 710,43 out of 424,11 out of 94, 53.57% Place: 137,35:55 Pace: 8:59,35:55,42:53
5038,Kenny Elifritz,M,22,"Riverside, CA",176 out of 710,133 out of 286,16 out of 37, 46.91% Place: 303,35:56 Pace: 8:59,35:56,35:58
8041,Gabriel White,M,36,"La Crescenta, CA",177 out of 710,134 out of 286,19 out of 34, 48.15% Place: 260,35:59 Pace: 9:00,35:59,1:08:18
5056,Yuta Kanbayashi,M,20,"Costa Mesa, CA",178 out of 710,135 out of 286,17 out of 37, 47.36% Place: 284,35:59 Pace: 9:00,35:59,48:47
7223,Lisa Stallings,F,46,"Irvine, CA",179 out of 710,44 out of 424,1 out of 24, 58.24% Place: 73,36:01 Pace: 9:01,36:01,59:02
5117,Michael Garner,M,46,"San Juan Capistrano, CA",180 out of 710,136 out of 286,7 out of 12, 51.78% Place: 176,36:04 Pace: 9:01,36:04,48:42
6056,Chris Thomson,M,28,"Tustin, CA",181 out of 710,137 out of 286,27 out of 55, 46.70% Place: 307,36:06 Pace: 9:02,36:06,39:18
6114,Emily Fazio,F,14,"Aliso Viejo, CA",182 out of 710,45 out of 424,9 out of 34, 56.50% Place: 92,36:09 Pace: 9:03,36:09,52:11
6113,Dannie Fazio,F,23,"Carlsbad, CA",183 out of 710,46 out of 424,10 out of 79, 53.23% Place: 144,36:09 Pace: 9:03,36:09,52:11
5058,Michael Kiem,M,17,"Westminster, CA",184 out of 710,138 out of 286,20 out of 31, 48.82% Place: 241,36:10 Pace: 9:03,36:10,36:13
7120,Heather Lopez,F,28,"Rancho Palos Verdes, CA",185 out of 710,47 out of 424,12 out of 94, 53.11% Place: 147,36:14 Pace: 9:04,36:14,52:22
5979,Dale Hickman,M,31,"Rancho Santa Margarita, CA",186 out of 710,139 out of 286,25 out of 66, 46.39% Place: 314,36:31 Pace: 9:08,36:31,1:16:23
6071,Amanda Arbues,F,23,"Yorba Linda, CA",187 out of 710,48 out of 424,11 out of 79, 52.62% Place: 156,36:34 Pace: 9:09,36:34,52:40
6058,Philip Tyler Thorpe,M,25,"Covina, CA",188 out of 710,140 out of 286,28 out of 55, 46.10% Place: 322,36:34 Pace: 9:09,36:34,39:44
6091,Courtney Crain,F,19,"Orange, CA",189 out of 710,49 out of 424,10 out of 34, 52.83% Place: 154,36:35 Pace: 9:09,36:35,52:42
7025,Abner Fernandez,M,34,"Pomona, CA",190 out of 710,141 out of 286,26 out of 66, 46.77% Place: 305,36:37 Pace: 9:10,36:37,2:10:46
7049,Camilo Lopez,M,33,"Rancho Palos Verdes, CA",191 out of 710,142 out of 286,27 out of 66, 46.56% Place: 311,36:38 Pace: 9:10,36:38,52:45
6167,Natalie Plascencia,F,19,"Costa Mesa, CA",192 out of 710,50 out of 424,11 out of 34, 52.71% Place: 155,36:40 Pace: 9:10,36:40,49:28
5088,Brian Sullivan,M,24,"Laguna Beach, CA",193 out of 710,143 out of 286,18 out of 37, 45.93% Place: 329,36:42 Pace: 9:11,36:42,1:55:56
6162,Tiffany Pesch,F,23,"Ladera Ranch, CA",194 out of 710,51 out of 424,12 out of 79, 52.43% Place: 159,36:42 Pace: 9:11,36:42,1:55:57
5195,Cindy Hayes,F,36,"Irvine, CA",195 out of 710,52 out of 424,8 out of 68, 53.03% Place: 150,36:49 Pace: 9:13,36:49,1:05:02
7134,Georgina B Mojica,F,28,"Norwalk, CA",196 out of 710,53 out of 424,13 out of 94, 52.24% Place: 165,36:50 Pace: 9:13,36:50,46:57
5204,Summer Lindo,F,38,"Costa Mesa, CA",197 out of 710,54 out of 424,9 out of 68, 53.44% Place: 142,36:51 Pace: 9:13,36:51,59:50
7095,Alyssa Dowding,F,27,"Santa Ana, CA",198 out of 710,55 out of 424,14 out of 94, 52.17% Place: 168,36:53 Pace: 9:14,36:53,49:30
8075,Missy Douglas,F,30,"Costa Mesa, CA",199 out of 710,56 out of 424,5 out of 78, 52.17% Place: 167,36:53 Pace: 9:14,36:53,59:52
7023,Winter Douglas,M,34,"Costa Mesa, CA",200 out of 710,144 out of 286,28 out of 66, 46.41% Place: 313,36:54 Pace: 9:14,36:54,59:53
8106,Erin Martinez,F,33,"San Dimas, CA",201 out of 710,57 out of 424,6 out of 78, 52.35% Place: 163,36:55 Pace: 9:14,36:55,43:52
6051,Bradley Smith,M,27,"Long Beach, CA",202 out of 710,145 out of 286,29 out of 55, 45.60% Place: 343,36:58 Pace: 9:15,36:58,1:16:43
7053,Elpidio Martinez,M,33,"San Dimas, CA",203 out of 710,146 out of 286,29 out of 66, 46.12% Place: 321,36:59 Pace: 9:15,36:59,43:56
7017,Matt Collings,M,34,"Ladera Ranch, CA",204 out of 710,147 out of 286,30 out of 66, 46.28% Place: 315,37:00 Pace: 9:15,37:00,49:39
6163,Natascia Pfister,F,20,"Mission Viejo, CA",205 out of 710,58 out of 424,13 out of 79, 51.94% Place: 174,37:03 Pace: 9:16,37:03,1:29:27
5076,Eric Roy,M,20,"Mission Viejo, CA",206 out of 710,148 out of 286,19 out of 37, 45.97% Place: 327,37:04 Pace: 9:16,37:04,1:29:28
6229,Marisol Masjuan,F,43,"Rancho Santa Margarita, CA",207 out of 710,59 out of 424,4 out of 35, 54.84% Place: 118,37:11 Pace: 9:18,37:11,1:09:30
5220,Tracey Rossi,F,36,"Irvine, CA",208 out of 710,60 out of 424,10 out of 68, 52.44% Place: 158,37:14 Pace: 9:19,37:14,1:05:26
6210,Laura Chartier,F,43,"Fulleton, CA",209 out of 710,61 out of 424,5 out of 35, 54.77% Place: 122,37:14 Pace: 9:19,37:14,1:09:36
5214,Mariela Pedroza,F,36,"Fullerton, CA",210 out of 710,62 out of 424,11 out of 68, 52.42% Place: 161,37:15 Pace: 9:19,37:15,1:05:28
8134,Sabine Thier,F,34,"Woodland Hills, CA",211 out of 710,63 out of 424,7 out of 78, 51.99% Place: 171,37:16 Pace: 9:19,37:16,56:57
6072,Kathy Baca,F,24,"San Clemente, CA",212 out of 710,64 out of 424,14 out of 79, 51.63% Place: 184,37:16 Pace: 9:19,37:16,1:05:30
7068,Brian Strelitz,M,30,"San Clemente, CA",213 out of 710,149 out of 286,31 out of 66, 45.37% Place: 353,37:16 Pace: 9:19,37:16,1:05:30
7040,Richard Hermann,M,30,"Woodland Hills, CA",214 out of 710,150 out of 286,32 out of 66, 45.37% Place: 354,37:16 Pace: 9:19,37:16,56:58
6046,Ryan Parker,M,25,"Murrieta, CA",215 out of 710,151 out of 286,30 out of 55, 45.17% Place: 365,37:19 Pace: 9:20,37:19,53:21
5011,Garrett Adame,M,24,"Costa Mesa, CA",216 out of 710,152 out of 286,20 out of 37, 45.07% Place: 369,37:24 Pace: 9:21,37:24,1:09:47
5200,Sandie Jimenez,F,37,"Alta Loma, CA",217 out of 710,65 out of 424,12 out of 68, 52.43% Place: 160,37:24 Pace: 9:21,37:24,44:22
7009,Stephen Bell,M,34,"Sylmar, CA",218 out of 710,153 out of 286,33 out of 66, 45.75% Place: 335,37:26 Pace: 9:22,37:26,1:14:16
6980,Bryan Bello,M,29,"Garden Grove, CA",219 out of 710,154 out of 286,31 out of 55, 45.02% Place: 371,37:29 Pace: 9:23,37:29,40:42
6981,Ngan Nguyen,M,26,"Santa Ana, CA",220 out of 710,155 out of 286,32 out of 55, 44.97% Place: 372,37:29 Pace: 9:23,37:29,40:42
5127,Robert Lange,M,51,"Lake Forest, CA",221 out of 710,156 out of 286,4 out of 6, 51.78% Place: 177,37:31 Pace: 9:23,37:31,50:11
6174,Marilen Ramirez,F,24,"Long Beach, CA",222 out of 710,66 out of 424,15 out of 79, 51.27% Place: 190,37:32 Pace: 9:23,37:32,37:33
5062,Anthony Lopez,M,22,"Carson, CA",223 out of 710,157 out of 286,21 out of 37, 44.87% Place: 375,37:34 Pace: 9:24,37:34,37:35
6034,Jean Philippe Jarbath II,M,29,"Fullerton, CA",224 out of 710,158 out of 286,33 out of 55, 44.90% Place: 374,37:34 Pace: 9:24,37:34,1:45:44
5188,Christine Ghent,F,35,"San Luis Obispo, CA",225 out of 710,67 out of 424,13 out of 68, 51.73% Place: 181,37:35 Pace: 9:24,37:35,1:05:48
5203,Susie Lerner,F,38,"San Luis Obispo, CA",226 out of 710,68 out of 424,14 out of 68, 52.40% Place: 162,37:35 Pace: 9:24,37:35,1:05:48
6241,Rhonda Thayer,F,42,"Laguna Hills, CA",227 out of 710,69 out of 424,6 out of 35, 53.79% Place: 136,37:36 Pace: 9:24,37:36,1:09:54
5237,Stephanie Watters,F,35,"Irvine, CA",228 out of 710,70 out of 424,15 out of 68, 51.64% Place: 183,37:39 Pace: 9:25,37:39,1:25:55
5070,Cole Parker,M,13,"Riverside, CA",229 out of 710,159 out of 286,21 out of 31, 50.31% Place: 206,37:41 Pace: 9:26,37:41,44:37
6125,Bianca Garcia,F,23,"Irvine, CA",230 out of 710,71 out of 424,16 out of 79, 51.04% Place: 194,37:42 Pace: 9:26,37:42,40:54
5078,Ethan Sanchez,M,13,"Riverside, CA",231 out of 710,160 out of 286,22 out of 31, 50.20% Place: 210,37:46 Pace: 9:27,37:46,44:42
6246,Rhonda Williams,F,42,"Aliso Viejo, CA",232 out of 710,72 out of 424,7 out of 35, 53.53% Place: 139,37:47 Pace: 9:27,37:47,1:10:06
5205,Tammy Machicado,F,36,"Simi Valley, CA",233 out of 710,73 out of 424,16 out of 68, 51.63% Place: 185,37:48 Pace: 9:27,37:48,1:06:03
8032,Chris Richards,M,37,"Glendale, CA",234 out of 710,161 out of 286,20 out of 34, 46.06% Place: 324,37:52 Pace: 9:28,37:52,37:54
6976,Sumaiy Chareunsy,F,25,"Anaheim, CA",235 out of 710,74 out of 424,15 out of 94, 50.73% Place: 198,37:56 Pace: 9:29,37:56,54:03
6222,Soo Kyung Kim,F,41,"Los Angeles, CA",236 out of 710,75 out of 424,8 out of 35, 52.92% Place: 152,37:56 Pace: 9:29,37:56,1:10:15
8006,Brian Galey,M,37,"Orange, CA",237 out of 710,162 out of 286,21 out of 34, 45.94% Place: 328,37:58 Pace: 9:30,37:58,1:10:21
5209,Vanessa Massey,F,35,"Orange, CA",238 out of 710,76 out of 424,17 out of 68, 51.19% Place: 191,37:59 Pace: 9:30,37:59,1:10:21
7136,Brittany Murray,F,26,"Whittier, CA",239 out of 710,77 out of 424,16 out of 94, 50.57% Place: 200,38:03 Pace: 9:31,38:03,1:16:53
6172,Aurora Ramirez,F,24,"Huntington Beach, CA",240 out of 710,78 out of 424,17 out of 79, 50.28% Place: 208,38:16 Pace: 9:34,38:16,1:01:15
8107,Holly Mikkelsen,F,31,"Fullerton, CA",241 out of 710,79 out of 424,8 out of 78, 50.30% Place: 207,38:17 Pace: 9:35,38:17,1:06:30
980,Heidi Laughlin,F,32,"Mission Viejo, CA",242 out of 710,80 out of 424,9 out of 78, 50.39% Place: 202,38:17 Pace: 9:35,38:17,1:06:31
5199,Michelle Jalowiec,F,37,"San Clemente, CA",243 out of 710,81 out of 424,18 out of 68, 51.17% Place: 192,38:19 Pace: 9:35,38:19,1:06:32
5099,Don Balser,M,62,"Laguna Niguel, CA",244 out of 710,163 out of 286,1 out of 6, 55.61% Place: 106,38:21 Pace: 9:36,38:21,1:06:39
8131,Kristeen Stolo,F,33,"Orange, CA",245 out of 710,82 out of 424,10 out of 78, 50.37% Place: 203,38:22 Pace: 9:36,38:22,1:01:20
7050,John Macchiarella,M,34,"Stevenson Ranch, CA",246 out of 710,164 out of 286,34 out of 66, 44.63% Place: 385,38:22 Pace: 9:36,38:22,1:06:39
5833,Kristine Johnson,F,36,", ",247 out of 710,83 out of 424,19 out of 68, 50.85% Place: 196,38:24 Pace: 9:36,38:24,48:29
6977,Derrick Limson,M,31,"Anaheim, CA",248 out of 710,165 out of 286,35 out of 66, 44.08% Place: 400,38:26 Pace: 9:37,38:26,54:33
7024,Jason Everetts,M,33,"California City, CA",249 out of 710,166 out of 286,36 out of 66, 44.32% Place: 394,38:29 Pace: 9:38,38:29,54:33
6066,Alisha Allred,F,24,"Glendora, CA",250 out of 710,84 out of 424,18 out of 79, 49.94% Place: 213,38:32 Pace: 9:38,38:32,54:35
7185,Jorgettejoanne Yamyamin,F,29,"Tarzana, CA",251 out of 710,85 out of 424,17 out of 94, 49.85% Place: 220,38:36 Pace: 9:39,38:36,1:15:30
6025,Mike Gates,M,28,"Huntington Beach, CA",252 out of 710,167 out of 286,34 out of 55, 43.62% Place: 414,38:39 Pace: 9:40,38:39,1:01:39
7192,Elaine Brault,F,52,"Mission Viejo, CA",253 out of 710,86 out of 424,1 out of 5, 58.29% Place: 72,38:42 Pace: 9:41,38:42,54:44
5159,Gilbert Velasquez,M,40,"Irvine, CA",254 out of 710,168 out of 286,16 out of 28, 46.10% Place: 323,38:42 Pace: 9:41,38:42,51:23
8027,Mike Pinnow,M,38,"Laguna Niguel, CA",255 out of 710,169 out of 286,22 out of 34, 45.39% Place: 350,38:43 Pace: 9:41,38:43,45:40
6228,Monica Malone,F,40,"Fullerton, CA",256 out of 710,87 out of 424,9 out of 35, 51.40% Place: 189,38:46 Pace: 9:42,38:46,1:06:59
6234,Lisa O'Brien,F,41,"Mission Viejo, CA",257 out of 710,88 out of 424,10 out of 35, 51.74% Place: 180,38:48 Pace: 9:42,38:48,54:50
5122,Fred Hernandez,M,43,"Ladera Ranch, CA",258 out of 710,170 out of 286,17 out of 28, 47.01% Place: 299,38:48 Pace: 9:42,38:48,51:28
5211,Monica Nguyenduc,F,39,"Irvine, CA",259 out of 710,89 out of 424,20 out of 68, 51.03% Place: 195,38:49 Pace: 9:43,38:49,1:18:36
3,Rachel Bausch,F,28,"Los Angeles, CA",260 out of 710,90 out of 424,18 out of 94, 49.57% Place: 225,38:49 Pace: 9:43,38:49,1:11:12
7151,Rebecca Pate,F,27,"Huntington Beach, CA",261 out of 710,91 out of 424,19 out of 94, 49.53% Place: 227,38:51 Pace: 9:43,38:51,1:36:31
6059,Trung Truong,M,25,"Tustin, CA",262 out of 710,171 out of 286,35 out of 55, 43.39% Place: 421,38:51 Pace: 9:43,38:51,1:47:00
7059,Jim Pate,M,32,"Huntington Beach, CA",263 out of 710,172 out of 286,37 out of 66, 43.73% Place: 407,38:51 Pace: 9:43,38:51,1:36:31
8063,Katie Christiansen,F,31,"Norco, CA",264 out of 710,92 out of 424,11 out of 78, 49.55% Place: 226,38:52 Pace: 9:43,38:52,48:58
8145,Patricia Zulim,F,34,"Huntington Beach, CA",265 out of 710,93 out of 424,12 out of 78, 49.83% Place: 221,38:53 Pace: 9:44,38:53,1:01:51
5190,Cynthia Grasman,F,36,"Orange, CA",266 out of 710,94 out of 424,21 out of 68, 50.19% Place: 211,38:54 Pace: 9:44,38:54,49:00
6007,Bryan Bethel,M,26,"Newport Beach, CA",267 out of 710,173 out of 286,36 out of 55, 43.30% Place: 427,38:56 Pace: 9:44,38:56,1:11:19
5144,Eric Schirmer,M,53,"Costa Mesa, CA",268 out of 710,174 out of 286,5 out of 6, 50.68% Place: 199,38:57 Pace: 9:45,38:57,51:35
8010,Jeremy Guajardo,M,35,"Foothill Ranch, CA",269 out of 710,175 out of 286,23 out of 34, 44.18% Place: 399,38:59 Pace: 9:45,38:59,1:15:53
5019,Eric Bessette,M,23,"Baldwin Park, CA",270 out of 710,176 out of 286,22 out of 37, 43.24% Place: 431,38:59 Pace: 9:45,38:59,55:04
6067,Stephanie Alvarado,F,23,"La Puente, CA",271 out of 710,95 out of 424,19 out of 79, 49.36% Place: 230,38:59 Pace: 9:45,38:59,55:04
8144,Jennifer Zubkoff,F,34,"Westminster, CA",272 out of 710,96 out of 424,13 out of 78, 49.68% Place: 223,39:00 Pace: 9:45,39:00,1:01:57
7072,Daniel Wagner,M,30,"West Hollywood, CA",273 out of 710,177 out of 286,38 out of 66, 43.35% Place: 425,39:00 Pace: 9:45,39:00,1:11:23
8082,Brigida Fox,F,31,"Tustin, CA",274 out of 710,97 out of 424,14 out of 78, 49.36% Place: 228,39:01 Pace: 9:46,39:01,1:01:59
6164,Nicole Phan,F,20,"Irvine, CA",275 out of 710,98 out of 424,20 out of 79, 49.30% Place: 232,39:02 Pace: 9:46,39:02,55:07
8051,Andrea Barry,F,31,"San Diego, CA",276 out of 710,99 out of 424,15 out of 78, 49.32% Place: 231,39:03 Pace: 9:46,39:03,55:09
7214,Brenda Mankarious,F,48,"San Clemente, CA",277 out of 710,100 out of 424,2 out of 24, 54.79% Place: 119,39:10 Pace: 9:48,39:10,1:16:00
6975,David Badillo,M,13,"Commerce, CA",278 out of 710,178 out of 286,23 out of 31, 48.32% Place: 255,39:14 Pace: 9:49,39:14,46:18
6232,Shaila Nagarkar,F,41,"Mission Viejo, CA",279 out of 710,101 out of 424,11 out of 35, 51.17% Place: 193,39:14 Pace: 9:49,39:14,1:11:32
3170,Jennifer Moinoz,F,31,", ",280 out of 710,102 out of 424,16 out of 78, 49.07% Place: 235,39:14 Pace: 9:49,39:14,1:02:14
5067,Kenneth McDowell,M,24,"Pasadena, CA",281 out of 710,179 out of 286,23 out of 37, 42.95% Place: 440,39:15 Pace: 9:49,39:15,1:16:07
5089,Jeffrey Syh,M,24,"Tustin, CA",282 out of 710,180 out of 286,24 out of 37, 42.95% Place: 441,39:15 Pace: 9:49,39:15,1:16:07
7034,Jereld Gash,M,32,"Irvine, CA",283 out of 710,181 out of 286,39 out of 66, 43.23% Place: 432,39:18 Pace: 9:50,39:18,1:27:35
5223,Hilda Schneider,F,37,"Huntigton Beach, CA",284 out of 710,103 out of 424,22 out of 68, 49.87% Place: 218,39:19 Pace: 9:50,39:19,1:02:16
5213,Christine Olivolo,F,37,"Fullerton, CA",285 out of 710,104 out of 424,23 out of 68, 49.85% Place: 219,39:20 Pace: 9:50,39:20,1:07:35
5243,Tracy Zerkel,F,39,"Irvine, CA",286 out of 710,105 out of 424,24 out of 68, 50.25% Place: 209,39:25 Pace: 9:52,39:25,1:07:39
5164,Mike Zerkel,M,41,"Irvine, CA",287 out of 710,182 out of 286,18 out of 28, 45.56% Place: 348,39:27 Pace: 9:52,39:27,1:07:41
5185,Jenny Fan,F,38,"Irvine, CA",288 out of 710,106 out of 424,25 out of 68, 49.92% Place: 215,39:27 Pace: 9:52,39:27,1:07:42
5074,Bryce Reich,M,16,"Fountain Valley, CA",289 out of 710,183 out of 286,24 out of 31, 45.31% Place: 356,39:29 Pace: 9:53,39:29,52:08
7006,Arturo Armenta,M,31,"La Verne, CA",290 out of 710,184 out of 286,40 out of 66, 42.89% Place: 443,39:30 Pace: 9:53,39:30,1:02:26
5065,Michael Mangrello,M,16,"Fountain Valley, CA",291 out of 710,185 out of 286,25 out of 31, 45.29% Place: 357,39:30 Pace: 9:53,39:30,52:09
6182,Jasmine Sanchez,F,22,"Yorba Linda, CA",292 out of 710,107 out of 424,21 out of 79, 48.67% Place: 249,39:32 Pace: 9:53,39:32,55:34
8077,Maria Estrada,F,32,"Santa Ana, CA",293 out of 710,108 out of 424,17 out of 78, 48.78% Place: 242,39:33 Pace: 9:54,39:33,1:02:30
8126,Tammi Samuelson,F,32,"Santa Ana, CA",294 out of 710,109 out of 424,18 out of 78, 48.78% Place: 243,39:33 Pace: 9:54,39:33,1:02:33
8130,Julie Stoico,F,31,"Orange, CA",295 out of 710,110 out of 424,19 out of 78, 48.67% Place: 248,39:34 Pace: 9:54,39:34,49:40
8013,Fabian Jimenez,M,39,"Alta Loma, CA",296 out of 710,186 out of 286,24 out of 34, 44.73% Place: 380,39:35 Pace: 9:54,39:35,46:32
6207,Liliana Bilger,F,40,"Huntington Beach, CA",297 out of 710,111 out of 424,12 out of 35, 50.34% Place: 205,39:35 Pace: 9:54,39:35,1:02:32
7128,Rio Mauriello,F,27,"Ladera Ranch, CA",298 out of 710,112 out of 424,20 out of 94, 48.55% Place: 252,39:38 Pace: 9:55,39:38,1:11:55
5234,Albany Taylor,F,36,"Mission Viejo, CA",299 out of 710,113 out of 424,26 out of 68, 49.24% Place: 233,39:39 Pace: 9:55,39:39,1:11:57
8039,Fernando Villegas,M,35,"Whittier, CA",300 out of 710,187 out of 286,25 out of 34, 43.44% Place: 420,39:39 Pace: 9:55,39:39,1:37:18
8073,Veronica Distefano,F,33,"Whittier, CA",301 out of 710,114 out of 424,20 out of 78, 48.70% Place: 245,39:41 Pace: 9:56,39:41,1:37:19
7016,Marc Cnossen,M,33,"San Diego, CA",302 out of 710,188 out of 286,41 out of 66, 42.98% Place: 437,39:41 Pace: 9:56,39:41,1:19:28
6033,Mark Humphreys,M,29,"Fullerton, CA",303 out of 710,189 out of 286,37 out of 55, 42.52% Place: 455,39:41 Pace: 9:56,39:41,1:19:28
7108,Katy Humphreys,F,26,"San Diego, CA",304 out of 710,115 out of 424,21 out of 94, 48.47% Place: 253,39:42 Pace: 9:56,39:42,1:19:29
6133,Rebecca Humphreys,F,24,"Fullerton, CA",305 out of 710,116 out of 424,22 out of 79, 48.45% Place: 254,39:43 Pace: 9:56,39:43,1:19:30
7202,Gilda Garcia,F,49,"Irvine, CA",306 out of 710,117 out of 424,3 out of 24, 54.70% Place: 123,39:43 Pace: 9:56,39:43,42:55
7035,Stanford Guerra,M,32,"Los Angeles, CA",307 out of 710,190 out of 286,42 out of 66, 42.73% Place: 450,39:46 Pace: 9:57,39:46,46:53
5225,Lisa Skibar,F,36,"Pomona, CA",308 out of 710,118 out of 424,27 out of 68, 49.04% Place: 236,39:49 Pace: 9:58,39:49,1:02:48
8112,Ruth Padron,F,30,"San Diego, CA",309 out of 710,119 out of 424,21 out of 78, 48.22% Place: 257,39:54 Pace: 9:59,39:54,55:59
5041,Keith Flores,M,23,"San Clemente, CA",310 out of 710,191 out of 286,25 out of 37, 42.16% Place: 468,39:59 Pace: 10:00,39:59,1:03:00
8049,Maribel Arellano,F,31,"Corona, CA",311 out of 710,120 out of 424,22 out of 78, 48.10% Place: 262,40:02 Pace: 10:01,40:02,1:03:00
6171,Mallari Prendergast,F,24,"San Clemente, CA",312 out of 710,121 out of 424,23 out of 79, 47.92% Place: 266,40:09 Pace: 10:03,40:09,1:03:10
6127,Raylene Gonzalez,F,24,"Rancho Cucamonga, CA",313 out of 710,122 out of 424,24 out of 79, 47.86% Place: 267,40:12 Pace: 10:03,40:12,1:37:47
8023,Freddie Nawrot,M,38,"Costa Mesa, CA",314 out of 710,192 out of 286,26 out of 34, 43.70% Place: 410,40:13 Pace: 10:04,40:13,50:21
5106,Mark Chadeayne,M,43,"Pomona, CA",315 out of 710,193 out of 286,19 out of 28, 45.26% Place: 361,40:18 Pace: 10:05,40:18,53:00
7221,Janna Roncelli,F,48,"Encinitas, CA",316 out of 710,123 out of 424,4 out of 24, 53.16% Place: 146,40:22 Pace: 10:06,40:22,1:08:35
7167,Tina Shull,F,29,"Newport Beach, CA",317 out of 710,124 out of 424,22 out of 94, 47.65% Place: 273,40:23 Pace: 10:06,40:23,1:17:18
6168,Corina Powers,F,21,"Rialto, CA",318 out of 710,125 out of 424,25 out of 79, 47.63% Place: 274,40:24 Pace: 10:06,40:24,1:20:16
5210,Caren McDonald,F,39,"Carlsbad, CA",319 out of 710,126 out of 424,28 out of 68, 48.95% Place: 239,40:28 Pace: 10:07,40:28,1:03:28
6233,Kennedy Nicolello,F,44,"San Pedro, CA",320 out of 710,127 out of 424,13 out of 35, 50.82% Place: 197,40:29 Pace: 10:08,40:29,1:08:45
7012,Michael Bennett,M,30,"Los Angeles, CA",321 out of 710,194 out of 286,43 out of 66, 41.76% Place: 477,40:29 Pace: 10:08,40:29,1:17:24
5222,Cindy Saucedo,F,38,"Yorba Linda, CA",322 out of 710,128 out of 424,29 out of 68, 48.64% Place: 250,40:29 Pace: 10:08,40:29,1:08:42
6055,Ken Taylor,M,28,"Marina Del Rey, CA",323 out of 710,195 out of 286,38 out of 55, 41.60% Place: 484,40:31 Pace: 10:08,40:31,1:17:27
7087,Tara Canny,F,28,"Santa Monica, CA",324 out of 710,129 out of 424,23 out of 94, 47.47% Place: 279,40:32 Pace: 10:08,40:32,1:17:27
7061,Paul Prince,M,33,"Lake Balboa, CA",325 out of 710,196 out of 286,44 out of 66, 42.06% Place: 470,40:33 Pace: 10:09,40:33,2:19:52
8119,Rochelle Reyes,F,32,"Mission Viejo, CA",326 out of 710,130 out of 424,23 out of 78, 47.55% Place: 275,40:34 Pace: 10:09,40:34,1:00:17
8011,Troy Harrison,M,35,"Downey, CA",327 out of 710,197 out of 286,27 out of 34, 42.46% Place: 459,40:34 Pace: 10:09,40:34,47:31
7081,Colleen Berry,F,29,"Anaheim, CA",328 out of 710,131 out of 424,24 out of 94, 47.41% Place: 280,40:35 Pace: 10:09,40:35,1:17:31
8132,Heather Sutton,F,32,"Nipomo, CA",329 out of 710,132 out of 424,24 out of 78, 47.53% Place: 276,40:35 Pace: 10:09,40:35,1:00:18
5042,Ivan Galindo,M,21,"San Bernardino, CA",330 out of 710,198 out of 286,26 out of 37, 41.68% Place: 482,40:36 Pace: 10:09,40:36,53:14
5079,Nolan Sanchez,M,14,"Riverside, CA",331 out of 710,199 out of 286,26 out of 31, 45.65% Place: 339,40:37 Pace: 10:10,40:37,1:17:28
5189,Dina Gomes,F,37,"Placentia, CA",332 out of 710,133 out of 424,30 out of 68, 48.22% Place: 258,40:40 Pace: 10:10,40:40,1:08:56
6951,Brett Bashow,M,47,"Newport Beach, CA",333 out of 710,200 out of 286,8 out of 12, 46.25% Place: 316,40:42 Pace: 10:11,40:42,50:51
6141,Latoya Lo,F,24,"Lake Balboa, CA",334 out of 710,134 out of 424,26 out of 79, 47.28% Place: 290,40:42 Pace: 10:11,40:42,2:20:00
7163,Lissette Sanguino,F,27,"Grand Terrace, CA",335 out of 710,135 out of 424,25 out of 94, 47.28% Place: 289,40:42 Pace: 10:11,40:42,1:38:18
6935,Stacie Smith,F,35,"Downey, CA",336 out of 710,136 out of 424,31 out of 68, 47.75% Place: 272,40:43 Pace: 10:11,40:43,47:39
7103,Diana Habr,F,29,"Los Angeles, CA",337 out of 710,137 out of 424,26 out of 94, 47.18% Place: 293,40:47 Pace: 10:12,40:47,1:17:42
5066,Aaron McCullough,M,19,"Santa Clarita, CA",338 out of 710,201 out of 286,27 out of 31, 42.18% Place: 466,40:50 Pace: 10:13,40:50,1:17:42
8121,Ronney Rios,F,30,"South Gate, CA",339 out of 710,138 out of 424,25 out of 78, 47.12% Place: 295,40:50 Pace: 10:13,40:50,1:03:48
6151,Amanda Molinary,F,24,"Covina, CA",340 out of 710,139 out of 424,27 out of 79, 47.10% Place: 297,40:51 Pace: 10:13,40:51,1:20:42
6198,Katherine Villarreal,F,19,"Irvine, CA",341 out of 710,140 out of 424,12 out of 34, 47.31% Place: 287,40:51 Pace: 10:13,40:51,1:17:44
5073,William Rankin,M,20,"Irvine, CA",342 out of 710,202 out of 286,27 out of 37, 41.70% Place: 481,40:52 Pace: 10:13,40:52,1:17:44
5169,Erica Armenta,F,35,"San Dimas, CA",343 out of 710,141 out of 424,32 out of 68, 47.53% Place: 277,40:54 Pace: 10:14,40:54,1:03:52
5136,Al Parajeckas,M,61,"San Juan Capistrano, CA",344 out of 710,203 out of 286,2 out of 6, 51.63% Place: 186,40:57 Pace: 10:15,40:57,1:03:59
8115,Hollie Parajeckas,F,31,"San Juan Capistrano, CA",345 out of 710,142 out of 424,26 out of 78, 47.01% Place: 300,40:58 Pace: 10:15,40:58,1:03:59
5026,Jack Chang,M,20,"Irvine, CA",346 out of 710,204 out of 286,28 out of 37, 41.56% Place: 489,41:00 Pace: 10:15,41:00,44:10
6131,Jane Henninger,F,18,"Mission Viejo, CA",347 out of 710,143 out of 424,13 out of 34, 47.40% Place: 282,41:01 Pace: 10:16,41:01,41:02
6082,Kendall Brown,F,23,"Irvine, CA",348 out of 710,144 out of 424,28 out of 79, 46.91% Place: 304,41:01 Pace: 10:16,41:01,57:03
6201,Lauren Wharton,F,19,"Mission Viejo, CA",349 out of 710,145 out of 424,14 out of 34, 47.11% Place: 296,41:01 Pace: 10:16,41:01,41:03
8896,Kyle Walker,F,45,"Villa Park, CA",350 out of 710,146 out of 424,5 out of 24, 50.57% Place: 201,41:03 Pace: 10:16,41:03,1:17:53
8118,Wendy Relich,F,34,"Huntington Beach, CA",351 out of 710,147 out of 424,27 out of 78, 47.10% Place: 298,41:08 Pace: 10:17,41:08,1:04:07
8143,Karen Wrght,F,32,"Rancho Cucamonga, CA",352 out of 710,148 out of 424,28 out of 78, 46.77% Place: 306,41:15 Pace: 10:19,41:15,1:04:14
7084,Lindsay Booze,F,28,"San Diego, CA",353 out of 710,149 out of 424,27 out of 94, 46.65% Place: 309,41:15 Pace: 10:19,41:15,1:09:30
6011,Brett Chotkevys,M,26,"Santa Ana, CA",354 out of 710,205 out of 286,39 out of 55, 40.80% Place: 511,41:19 Pace: 10:20,41:19,48:18
6085,Laura Chotkevys,F,24,"Santa Ana, CA",355 out of 710,150 out of 424,29 out of 79, 46.55% Place: 312,41:20 Pace: 10:20,41:20,48:18
2998,Gladys Castillo,F,24,"Chino, CA",356 out of 710,151 out of 424,30 out of 79, 46.18% Place: 318,41:40 Pace: 10:25,41:40,57:45
6809,John Stevens,M,45,"Trabuco Canyon, CA",357 out of 710,206 out of 286,9 out of 12, 44.44% Place: 391,41:41 Pace: 10:26,41:41,51:50
8894,Jeanette Jimenez,F,24,"Burbank, CA",358 out of 710,152 out of 424,31 out of 79, 46.14% Place: 319,41:42 Pace: 10:26,41:42,57:45
6070,Aileen Arban,F,24,"Bellflower, CA",359 out of 710,153 out of 424,32 out of 79, 46.12% Place: 320,41:43 Pace: 10:26,41:43,2:00:57
6808,David Salene,M,45,"Anaheim, CA",360 out of 710,207 out of 286,10 out of 12, 44.35% Place: 393,41:46 Pace: 10:27,41:46,51:55
8037,Tim Stolo,M,36,"Orange, CA",361 out of 710,208 out of 286,28 out of 34, 41.46% Place: 491,41:47 Pace: 10:27,41:47,51:54
7069,Brian Summerfield,M,31,"Costa Mesa, CA",362 out of 710,209 out of 286,45 out of 66, 40.48% Place: 517,41:51 Pace: 10:28,41:51,48:47
8141,Sheila Walker,F,33,"Claremont, CA",363 out of 710,154 out of 424,29 out of 78, 46.05% Place: 325,41:58 Pace: 10:30,41:58,48:54
6120,Jodalyn Flores,F,23,"Irvine, CA",364 out of 710,155 out of 424,33 out of 79, 45.81% Place: 332,42:00 Pace: 10:30,42:00,58:02
7130,Jessica McKay-Dasent,F,29,"Irvine, CA",365 out of 710,156 out of 424,28 out of 94, 45.79% Place: 333,42:01 Pace: 10:31,42:01,1:01:40
5996,Zack Lemley,M,31,"San Diego, CA",366 out of 710,210 out of 286,46 out of 66, 40.30% Place: 521,42:02 Pace: 10:31,42:02,2:33:57
6129,Kathy Ha,F,23,"Ridgecrest, CA",367 out of 710,157 out of 424,34 out of 79, 45.78% Place: 334,42:02 Pace: 10:31,42:02,1:39:44
7159,Sonia Rodriguez,F,29,"Bellflower, CA",368 out of 710,158 out of 424,29 out of 94, 45.68% Place: 337,42:07 Pace: 10:32,42:07,1:01:48
8117,Leanna Ramirez,F,34,"La Puente, CA",369 out of 710,159 out of 424,30 out of 78, 46.00% Place: 326,42:07 Pace: 10:32,42:07,58:10
6090,Amanda Costa,F,24,"San Diego, CA",370 out of 710,160 out of 424,35 out of 79, 45.63% Place: 340,42:10 Pace: 10:33,42:10,1:55:51
6106,Christina Duong,F,24,"Garden Grove, CA",371 out of 710,161 out of 424,36 out of 79, 45.59% Place: 344,42:12 Pace: 10:33,42:12,1:50:21
6104,Chantel Donnan,F,21,"Lakewood, CA",372 out of 710,162 out of 424,37 out of 79, 45.59% Place: 345,42:12 Pace: 10:33,42:12,54:49
6057,Quincy Thongphuw,M,26,"Hawaiian Gardens, CA",373 out of 710,211 out of 286,40 out of 55, 39.93% Place: 529,42:13 Pace: 10:34,42:13,1:05:13
6159,Megan O'Connell,F,24,"Rancho Cucamonga, CA",374 out of 710,163 out of 424,38 out of 79, 45.58% Place: 346,42:13 Pace: 10:34,42:13,1:55:54
5218,Loraine Rodas,F,36,"Whittier, CA",375 out of 710,164 out of 424,33 out of 68, 46.23% Place: 317,42:14 Pace: 10:34,42:14,1:55:58
6230,Tricia Matsuda,F,41,"Irvine, CA",376 out of 710,165 out of 424,14 out of 35, 47.50% Place: 278,42:16 Pace: 10:34,42:16,1:14:34
6126,Stacey Giles,F,23,"Los Angeles, CA",377 out of 710,166 out of 424,39 out of 79, 45.49% Place: 349,42:18 Pace: 10:35,42:18,1:56:02
6209,Jamie Burton,F,43,"San Pedro, CA",378 out of 710,167 out of 424,15 out of 35, 48.15% Place: 259,42:21 Pace: 10:36,42:21,1:10:36
8072,Michelle Dill,F,33,"San Pedro, CA",379 out of 710,168 out of 424,31 out of 78, 45.63% Place: 341,42:21 Pace: 10:36,42:21,1:10:36
6966,Ron Whaley,M,61,"Orange, CA",380 out of 710,212 out of 286,3 out of 6, 49.90% Place: 217,42:22 Pace: 10:36,42:22,55:03
6148,Jenna McHale,F,20,"Los Angeles, CA",381 out of 710,169 out of 424,40 out of 79, 45.34% Place: 355,42:26 Pace: 10:37,42:26,58:28
6212,Jennifer Crain,F,40,"Orange, CA",382 out of 710,170 out of 424,16 out of 35, 46.94% Place: 301,42:27 Pace: 10:37,42:27,58:34
5142,Craig Satterfield,M,47,"Huntington Beach, CA",383 out of 710,213 out of 286,11 out of 12, 44.31% Place: 395,42:29 Pace: 10:38,42:29,55:08
7222,Stephanie Satterfield,F,45,"Huntington Beach, CA",384 out of 710,171 out of 424,6 out of 24, 48.86% Place: 240,42:29 Pace: 10:38,42:29,55:08
6193,Brooke Thom,F,24,"Irvine, CA",385 out of 710,172 out of 424,41 out of 79, 45.27% Place: 359,42:30 Pace: 10:38,42:30,58:33
6134,Michelle Jackson,F,25,"Irvine, CA",386 out of 710,173 out of 424,30 out of 94, 45.27% Place: 360,42:30 Pace: 10:38,42:30,58:33
6161,Brittney Orand,F,22,"Corona, CA",387 out of 710,174 out of 424,42 out of 79, 45.24% Place: 363,42:32 Pace: 10:38,42:32,58:35
7168,Gina Skibar,F,29,"Pomona, CA",388 out of 710,175 out of 424,31 out of 94, 45.18% Place: 364,42:35 Pace: 10:39,42:35,1:05:33
6211,Jackie Collins,F,41,"Newport Beach, CA",389 out of 710,176 out of 424,17 out of 35, 47.14% Place: 294,42:35 Pace: 10:39,42:35,1:05:37
6083,Marissa May Buck,F,23,"Long Beach, CA",390 out of 710,177 out of 424,43 out of 79, 45.15% Place: 366,42:37 Pace: 10:40,42:37,58:39
8103,Ashley Lombard,F,33,"Tustin, CA",391 out of 710,178 out of 424,32 out of 78, 45.29% Place: 358,42:40 Pace: 10:40,42:40,58:44
7037,Jon Haritatos,M,30,"Huntington Beach, CA",392 out of 710,214 out of 286,47 out of 66, 39.53% Place: 537,42:46 Pace: 10:42,42:46,52:54
6226,Jina Lassak Lopresti,F,40,"Torrance, CA",393 out of 710,179 out of 424,18 out of 35, 46.57% Place: 310,42:47 Pace: 10:42,42:47,1:15:05
5130,Jay Makemson,M,42,"Ladera Ranch, CA",394 out of 710,215 out of 286,20 out of 28, 42.31% Place: 462,42:48 Pace: 10:42,42:48,55:27
6047,Garrett Peavy,M,28,"Huntington Beach, CA",395 out of 710,216 out of 286,41 out of 55, 39.35% Place: 540,42:50 Pace: 10:43,42:50,52:58
8113,Autumn Palazzola,F,30,"Irvine, CA",396 out of 710,180 out of 424,33 out of 78, 44.83% Place: 377,42:55 Pace: 10:44,42:55,1:15:16
6111,Alicia Everetts,F,23,"Irvine, CA",397 out of 710,181 out of 424,44 out of 79, 44.83% Place: 378,42:55 Pace: 10:44,42:55,58:58
6112,Jeanine Farrell,F,24,"San Dimas, CA",398 out of 710,182 out of 424,45 out of 79, 44.80% Place: 379,42:57 Pace: 10:45,42:57,1:15:18
7200,Lindsey Fernandez,F,45,"Santa Ana, CA",399 out of 710,183 out of 424,7 out of 24, 48.31% Place: 256,42:58 Pace: 10:45,42:58,1:15:19
6143,Stephanie Lopes,F,22,"Los Alamitos, CA",400 out of 710,184 out of 424,46 out of 79, 44.71% Place: 381,43:02 Pace: 10:46,43:02,2:22:21
8139,Marlena Wagner,F,31,"Los Angeles, CA",401 out of 710,185 out of 424,34 out of 78, 44.70% Place: 382,43:05 Pace: 10:47,43:05,1:06:04
7146,Sara Palazzola,F,28,"Irvine, CA",402 out of 710,186 out of 424,32 out of 94, 44.64% Place: 384,43:06 Pace: 10:47,43:06,1:15:27
8120,Janet Rios,F,34,"Irvine, CA",403 out of 710,187 out of 424,35 out of 78, 44.85% Place: 376,43:12 Pace: 10:48,43:12,1:06:11
5170,Deborah Bamsey,F,39,"Huntington Beach, CA",404 out of 710,188 out of 424,34 out of 68, 45.83% Place: 331,43:13 Pace: 10:49,43:13,59:18
5238,Michelle White,F,38,"Huntington Beach, CA",405 out of 710,189 out of 424,35 out of 68, 45.56% Place: 347,43:13 Pace: 10:49,43:13,59:18
7109,Erin Igarashi,F,28,"Yorba Linda, CA",406 out of 710,190 out of 424,33 out of 94, 44.49% Place: 388,43:15 Pace: 10:49,43:15,1:06:15
7138,Heather Newport,F,28,"Orange, CA",407 out of 710,191 out of 424,34 out of 94, 44.49% Place: 389,43:15 Pace: 10:49,43:15,1:15:38
7196,Diane Decrona,F,57,"Tustin, CA",408 out of 710,192 out of 424,1 out of 2, 55.68% Place: 103,43:16 Pace: 10:49,43:16,1:15:38
7182,Dawn White,F,29,"La Mirada, CA",409 out of 710,193 out of 424,35 out of 94, 44.47% Place: 390,43:16 Pace: 10:49,43:16,1:06:16
6041,Jesse Mikolajczyk,M,27,"Huntington Beach, CA",410 out of 710,217 out of 286,42 out of 55, 38.96% Place: 544,43:16 Pace: 10:49,43:16,59:18
8093,Stacy Igarashi,F,32,"Santa Ana, CA",411 out of 710,194 out of 424,36 out of 78, 44.59% Place: 386,43:16 Pace: 10:49,43:16,1:06:16
5109,Toby Crain,M,44,"Orange, CA",412 out of 710,218 out of 286,21 out of 28, 42.50% Place: 457,43:16 Pace: 10:49,43:16,55:54
6179,Briana Rios,F,23,"Fullerton, CA",413 out of 710,195 out of 424,47 out of 79, 44.40% Place: 392,43:20 Pace: 10:50,43:20,43:21
5240,Aubrie Wilson,F,37,"Foothill Ranch, CA",414 out of 710,196 out of 424,36 out of 68, 45.25% Place: 362,43:20 Pace: 10:50,43:20,1:11:36
8038,Travis Torres,M,39,"Anaheim Hills, CA",415 out of 710,219 out of 286,29 out of 34, 40.86% Place: 510,43:20 Pace: 10:50,43:20,53:26
6208,Brittany Brooks,F,42,"Laguna Niguel, CA",416 out of 710,197 out of 424,19 out of 35, 46.67% Place: 308,43:20 Pace: 10:50,43:20,1:15:42
5224,Marty Simpson,F,39,"Lake Forest, CA",417 out of 710,198 out of 424,37 out of 68, 45.67% Place: 338,43:22 Pace: 10:51,43:22,1:11:38
5193,Pryndana Hahn,F,36,"San Clemente, CA",418 out of 710,199 out of 424,38 out of 68, 45.02% Place: 370,43:22 Pace: 10:51,43:22,1:11:37
5126,Bryan Jennings,M,40,"Fountain Valley, CA",419 out of 710,220 out of 286,22 out of 28, 41.11% Place: 501,43:24 Pace: 10:51,43:24,56:05
5207,Julie Mangrello,F,38,"Fountain Valley, CA",420 out of 710,200 out of 424,39 out of 68, 45.37% Place: 352,43:24 Pace: 10:51,43:24,56:04
6165,Sylvania Phann,F,19,"Fullerton, CA",421 out of 710,201 out of 424,15 out of 34, 44.53% Place: 387,43:24 Pace: 10:51,43:24,1:11:42
5069,Jonathan Navarette,M,24,"Corona, CA",422 out of 710,221 out of 286,29 out of 37, 38.81% Place: 546,43:26 Pace: 10:52,43:26,43:27
7195,Diana Davila,F,49,"Hacienda Heights, CA",423 out of 710,202 out of 424,8 out of 24, 49.90% Place: 216,43:32 Pace: 10:53,43:32,59:38
8114,Miriam Palma,F,32,"Corona, CA",424 out of 710,203 out of 424,37 out of 78, 44.23% Place: 397,43:37 Pace: 10:55,43:37,1:03:20
5221,Samara Ruland,F,38,"Mission Viejo, CA",425 out of 710,204 out of 424,40 out of 68, 45.11% Place: 368,43:39 Pace: 10:55,43:39,1:11:52
5025,Eddie Carden,M,22,"Los Angeles, CA",426 out of 710,222 out of 286,30 out of 37, 38.60% Place: 550,43:40 Pace: 10:55,43:40,1:06:40
8079,Joanna Fabicon,F,33,"West Hollywood, CA",427 out of 710,205 out of 424,38 out of 78, 44.20% Place: 398,43:43 Pace: 10:56,43:43,1:06:42
5998,Isabelle Huguet,F,29,"Los Angeles, CA",428 out of 710,206 out of 424,36 out of 94, 43.98% Place: 402,43:45 Pace: 10:57,43:45,1:06:44
6216,Jane Espino,F,45,"San Pedro, CA",429 out of 710,207 out of 424,9 out of 24, 47.39% Place: 283,43:48 Pace: 10:57,43:48,1:12:04
6080,Kimberly Boynton,F,23,"Los Angeles, CA",430 out of 710,208 out of 424,48 out of 79, 43.90% Place: 403,43:50 Pace: 10:58,43:50,1:06:50
8881,Leah Bollier,F,27,"Long Beach, CA",431 out of 710,209 out of 424,37 out of 94, 43.81% Place: 405,43:55 Pace: 10:59,43:55,1:52:10
6227,Nicole Lauro,F,41,"San Pedro, CA",432 out of 710,210 out of 424,20 out of 35, 45.62% Place: 342,44:00 Pace: 11:00,44:00,1:12:16
7106,Chelsea Hayes,F,27,"Los Angeles, CA",433 out of 710,211 out of 424,38 out of 94, 43.68% Place: 412,44:03 Pace: 11:01,44:03,1:00:06
6074,Baylee Baker,F,15,"Mission Viejo, CA",434 out of 710,212 out of 424,16 out of 34, 45.71% Place: 336,44:04 Pace: 11:01,44:04,1:00:10
5131,Anthony Martinez,M,51,"Claremont, CA",435 out of 710,223 out of 286,6 out of 6, 44.01% Place: 401,44:08 Pace: 11:02,44:08,44:08
6180,Yesenia Rodriguez,F,24,"Gardena, CA",436 out of 710,213 out of 424,49 out of 79, 43.60% Place: 415,44:08 Pace: 11:02,44:08,1:36:34
7074,Jacquleen Alagozian,F,28,"Montebello, CA",437 out of 710,214 out of 424,39 out of 94, 43.58% Place: 416,44:09 Pace: 11:03,44:09,1:52:20
8054,Sharla Bird,F,31,"Huntington Beach, CA",438 out of 710,215 out of 424,39 out of 78, 43.62% Place: 413,44:09 Pace: 11:03,44:09,1:07:06
8065,Maisha Clark,F,34,"Lake Forest, CA",439 out of 710,216 out of 424,40 out of 78, 43.88% Place: 404,44:09 Pace: 11:03,44:09,1:07:06
6064,Alejandra Aguilar,F,24,"Gardena, CA",440 out of 710,217 out of 424,50 out of 79, 43.56% Place: 417,44:10 Pace: 11:03,44:10,1:36:35
6154,Keya Mukherjee,F,22,"Agoura Hills, CA",441 out of 710,218 out of 424,51 out of 79, 43.53% Place: 418,44:12 Pace: 11:03,44:12,1:07:12
7060,Billy Pinson,M,32,"Chino, CA",442 out of 710,224 out of 286,48 out of 66, 38.38% Place: 557,44:16 Pace: 11:04,44:16,51:13
7038,Greg Hastings,M,32,"Brea, CA",443 out of 710,225 out of 286,49 out of 66, 38.37% Place: 558,44:17 Pace: 11:05,44:17,56:58
8087,Chrystal Gyger,F,34,"Los Angeles, CA",444 out of 710,219 out of 424,41 out of 78, 43.70% Place: 409,44:20 Pace: 11:05,44:20,1:07:18
8068,Nicolle Cuello,F,32,"West Hollywood, CA",445 out of 710,220 out of 424,42 out of 78, 43.50% Place: 419,44:21 Pace: 11:06,44:21,1:07:19
7174,Jessica Thurber,F,29,"Los Angeles, CA",446 out of 710,221 out of 424,40 out of 94, 43.38% Place: 422,44:21 Pace: 11:06,44:21,1:07:19
7141,Amy Oliver,F,28,"Corona, CA",447 out of 710,222 out of 424,41 out of 94, 43.38% Place: 423,44:21 Pace: 11:06,44:21,57:03
7122,Gloria Lozano,F,29,"Whittier, CA",448 out of 710,223 out of 424,42 out of 94, 43.37% Place: 424,44:22 Pace: 11:06,44:22,1:21:14
7198,Nora Etter,F,53,"Newport Beach, CA",449 out of 710,224 out of 424,2 out of 5, 51.50% Place: 188,44:23 Pace: 11:06,44:23,1:16:44
7224,Kathy Stassforth,F,46,"Santa Barbara, CA",450 out of 710,225 out of 424,10 out of 24, 47.22% Place: 291,44:25 Pace: 11:07,44:25,1:16:45
7055,Michael Moncera,M,32,"Anaheim, CA",451 out of 710,226 out of 286,50 out of 66, 38.25% Place: 562,44:25 Pace: 11:07,44:25,1:52:38
6243,Gina Vander Meer,F,43,"Brea, CA",452 out of 710,226 out of 424,21 out of 35, 45.86% Place: 330,44:28 Pace: 11:07,44:28,1:16:45
8095,Kathy Jouneghani,F,30,"Mission Viejo, CA",453 out of 710,227 out of 424,43 out of 78, 43.25% Place: 429,44:29 Pace: 11:08,44:29,1:52:42
5837,Lara Maclean,F,0,"Anaheim, CA",454 out of 710,228 out of 424,0 out of 0,44:30 Pace: 11:08,44:30,1:00:36
6008,Joshua Bobb,M,25,"Arcadia, CA",455 out of 710,227 out of 286,43 out of 55, 37.78% Place: 578,44:37 Pace: 11:10,44:37,47:48
7124,Teresa Luna,F,29,"Glendora, CA",456 out of 710,229 out of 424,43 out of 94, 43.12% Place: 434,44:37 Pace: 11:10,44:37,47:49
6804,Brian Hill,M,29,"Irvine, CA",457 out of 710,228 out of 286,44 out of 55, 37.75% Place: 579,44:42 Pace: 11:11,44:42,57:19
5124,Stephen Hulsey,M,67,"Los Angeles, CA",458 out of 710,229 out of 286,4 out of 6, 49.93% Place: 214,44:43 Pace: 11:11,44:43,57:21
6105,Jenna Dowding,F,25,"Irvine, CA",459 out of 710,230 out of 424,44 out of 94, 43.03% Place: 436,44:43 Pace: 11:11,44:43,57:21
6967,Gretchen Genato,F,27,"Corona, CA",460 out of 710,231 out of 424,45 out of 94, 42.90% Place: 442,44:51 Pace: 11:13,44:51,1:04:30
8897,Sammy Alcaraz,M,29,"Santa Ana, CA",461 out of 710,230 out of 286,45 out of 55, 37.58% Place: 581,44:54 Pace: 11:14,44:54,1:00:58
6021,Kristopher Escoto,M,28,"Glendora, CA",462 out of 710,231 out of 286,46 out of 55, 37.53% Place: 583,44:55 Pace: 11:14,44:55,48:07
6036,Ryan Laiola,M,27,"Anaheim, CA",463 out of 710,232 out of 286,47 out of 55, 37.53% Place: 582,44:55 Pace: 11:14,44:55,1:21:47
8900,Monica Aguilar,F,25,"Anaheim, CA",464 out of 710,232 out of 424,46 out of 94, 42.82% Place: 447,44:56 Pace: 11:14,44:56,1:01:00
8092,Natalie Huynh,F,31,"Westminster, CA",465 out of 710,233 out of 424,44 out of 78, 42.84% Place: 445,44:57 Pace: 11:15,44:57,1:42:37
6079,Destinee Blake,F,18,"Rowland Heights, CA",466 out of 710,234 out of 424,17 out of 34, 43.25% Place: 430,44:57 Pace: 11:15,44:57,1:17:16
7147,Karen Pandeli,F,27,"Los Angeles, CA",467 out of 710,235 out of 424,47 out of 94, 42.71% Place: 452,45:03 Pace: 11:16,45:03,52:00
8089,Crystal Hastings,F,30,"Brea, CA",468 out of 710,236 out of 424,45 out of 78, 42.69% Place: 453,45:04 Pace: 11:16,45:04,57:46
7022,Kevin Divine,M,31,"Temecula, CA",469 out of 710,233 out of 286,51 out of 66, 37.49% Place: 584,45:11 Pace: 11:18,45:11,1:13:26
6147,Rita Manoukian,F,22,"Pasadena, CA",470 out of 710,237 out of 424,52 out of 79, 42.58% Place: 454,45:11 Pace: 11:18,45:11,1:53:22
8074,Carol Divine,F,33,"Temecula, CA",471 out of 710,238 out of 424,46 out of 78, 42.77% Place: 449,45:11 Pace: 11:18,45:11,1:13:25
6152,Brittany Montoya,F,19,"Fullerton, CA",472 out of 710,239 out of 424,18 out of 34, 42.72% Place: 451,45:14 Pace: 11:19,45:14,1:13:31
8099,Gianna Laiola,F,30,"Irvine, CA",473 out of 710,240 out of 424,47 out of 78, 42.49% Place: 458,45:17 Pace: 11:20,45:17,1:22:08
6122,Sarah Foley,F,21,"Fullerton, CA",474 out of 710,241 out of 424,53 out of 79, 42.44% Place: 461,45:20 Pace: 11:20,45:20,1:13:37
5173,Erlinda Beltran,F,36,"Moreno Valley, CA",475 out of 710,242 out of 424,41 out of 68, 43.05% Place: 435,45:21 Pace: 11:21,45:21,1:13:34
5110,Michael Dillon,M,42,"Dana Point, CA",476 out of 710,234 out of 286,23 out of 28, 39.91% Place: 531,45:22 Pace: 11:21,45:22,58:00
5233,Maria Tantania,F,35,"North Hills, CA",477 out of 710,243 out of 424,42 out of 68, 42.82% Place: 446,45:24 Pace: 11:21,45:24,1:17:44
6013,Richard Cridlebaugh,M,26,"Menifee, CA",478 out of 710,235 out of 286,48 out of 55, 37.11% Place: 595,45:25 Pace: 11:22,45:25,1:01:28
5231,Christine Stolo,F,38,"Orange, CA",479 out of 710,244 out of 424,43 out of 68, 43.34% Place: 426,45:26 Pace: 11:22,45:26,55:34
8135,Annelyn Tolentino,F,32,"Sherman Oaks, CA",480 out of 710,245 out of 424,48 out of 78, 42.44% Place: 460,45:27 Pace: 11:22,45:27,1:17:45
8042,Jeff Woo,M,38,"Aliso Viejo, CA",481 out of 710,236 out of 286,30 out of 34, 38.61% Place: 549,45:31 Pace: 11:23,45:31,1:13:45
7149,Heather Parker,F,28,"Huntington Beach, CA",482 out of 710,246 out of 424,48 out of 94, 42.21% Place: 464,45:35 Pace: 11:24,45:35,1:01:37
5241,Roberta Yoo,F,37,"Covina, CA",483 out of 710,247 out of 424,44 out of 68, 42.98% Place: 438,45:37 Pace: 11:25,45:37,1:17:55
7026,Jeff Fingler,M,31,"Pasadena, CA",484 out of 710,237 out of 286,52 out of 66, 37.12% Place: 594,45:38 Pace: 11:25,45:38,1:08:37
8084,Harmony Gates,F,30,"Huntington Beach, CA",485 out of 710,248 out of 424,49 out of 78, 42.16% Place: 467,45:38 Pace: 11:25,45:38,1:08:37
6236,Jane Pappas,F,43,"Orange, CA",486 out of 710,249 out of 424,22 out of 35, 44.65% Place: 383,45:40 Pace: 11:25,45:40,1:17:58
6032,Ted Hill,M,29,"Mission Viejo, CA",487 out of 710,238 out of 286,49 out of 55, 36.92% Place: 602,45:42 Pace: 11:26,45:42,1:08:44
8127,Rachel Spitz,F,32,"Yorba Linda, CA",488 out of 710,250 out of 424,50 out of 78, 42.21% Place: 463,45:42 Pace: 11:26,45:42,1:08:42
8091,Nicole Hill,F,30,"Mission Viejo, CA",489 out of 710,251 out of 424,51 out of 78, 42.09% Place: 469,45:43 Pace: 11:26,45:43,1:08:44
8088,Jana Haney,F,32,"Los Angeles, CA",490 out of 710,252 out of 424,52 out of 78, 42.04% Place: 471,45:53 Pace: 11:29,45:53,1:05:36
8138,Joan Villaros,F,34,"Torrance, CA",491 out of 710,253 out of 424,53 out of 78, 42.19% Place: 465,45:55 Pace: 11:29,45:55,1:14:09
6038,Jonathan Lomibao,M,28,"Los Angeles, CA",492 out of 710,239 out of 286,50 out of 55, 36.67% Place: 607,45:58 Pace: 11:30,45:58,1:18:20
7118,Mary Lou Liebau,F,25,"Newport Beach, CA",493 out of 710,254 out of 424,49 out of 94, 41.86% Place: 473,45:58 Pace: 11:30,45:58,1:18:20
7048,Michael Lomibao,M,33,"Los Angeles, CA",494 out of 710,240 out of 286,53 out of 66, 37.11% Place: 596,45:58 Pace: 11:30,45:58,1:18:20
7014,Ruben Castorena,M,32,"Cypress, CA",495 out of 710,241 out of 286,54 out of 66, 36.93% Place: 601,46:00 Pace: 11:30,46:00,1:18:23
6213,Lia Crilly,F,40,"San Clemente, CA",496 out of 710,255 out of 424,23 out of 35, 43.30% Place: 428,46:01 Pace: 11:31,46:01,1:18:19
8105,Carmel Martinez,F,31,"La Verne, CA",497 out of 710,256 out of 424,54 out of 78, 41.79% Place: 476,46:05 Pace: 11:32,46:05,53:02
7047,Christopher Lomibao,M,30,"Newport Beach, CA",498 out of 710,242 out of 286,55 out of 66, 36.67% Place: 606,46:06 Pace: 11:32,46:06,1:18:28
7193,Michelle Burke,F,45,"Brea, CA",499 out of 710,257 out of 424,11 out of 24, 44.91% Place: 373,46:13 Pace: 11:34,46:13,1:23:05
7212,Lisa London,F,46,"Irvine, CA",500 out of 710,258 out of 424,12 out of 24, 45.38% Place: 351,46:13 Pace: 11:34,46:13,1:23:05
6231,Yvette Moore,F,42,"Simi Valley, CA",501 out of 710,259 out of 424,24 out of 35, 43.73% Place: 408,46:15 Pace: 11:34,46:15,1:18:34
7101,Marilyn Galindez,F,27,"Los Angeles, CA",502 out of 710,260 out of 424,50 out of 94, 41.59% Place: 487,46:16 Pace: 11:34,46:16,1:34:33
6153,Nicole Moore,F,22,"Simi Valley, CA",503 out of 710,261 out of 424,54 out of 79, 41.59% Place: 486,46:16 Pace: 11:34,46:16,1:18:35
5139,Tony Pedroza,M,41,"Fullerton, CA",504 out of 710,243 out of 286,24 out of 28, 38.80% Place: 547,46:19 Pace: 11:35,46:19,1:14:33
5120,David Haney,M,65,"Irvine, CA",505 out of 710,244 out of 286,5 out of 6, 47.30% Place: 288,46:21 Pace: 11:36,46:21,1:06:04
6081,Britni Brown,F,22,"Orange, CA",506 out of 710,262 out of 424,55 out of 79, 41.33% Place: 494,46:33 Pace: 11:39,46:33,1:02:36
8015,Parissh Knox,M,36,"Los Angeles, CA",507 out of 710,245 out of 286,31 out of 34, 37.21% Place: 593,46:33 Pace: 11:39,46:33,1:34:51
7029,Matthew Fox,M,31,"Tustin, CA",508 out of 710,246 out of 286,56 out of 66, 36.35% Place: 613,46:36 Pace: 11:39,46:36,53:33
8076,Ashlee Eagle,F,33,"Seal Beach, CA",509 out of 710,263 out of 424,55 out of 78, 41.41% Place: 492,46:40 Pace: 11:40,46:40,1:34:52
6247,Miki Wise,F,43,"Cypress, CA",510 out of 710,264 out of 424,25 out of 35, 43.69% Place: 411,46:40 Pace: 11:40,46:40,1:34:53
5115,Edmundo Galindo,M,47,"San Bernardino, CA",511 out of 710,247 out of 286,12 out of 12, 40.32% Place: 520,46:41 Pace: 11:41,46:41,59:21
8104,Kimberly Marshall,F,32,"San Clemente, CA",512 out of 710,265 out of 424,56 out of 78, 41.31% Place: 495,46:42 Pace: 11:41,46:42,1:19:03
7080,Jordyn Bennett,F,28,"Ladera Ranch, CA",513 out of 710,266 out of 424,51 out of 94, 41.18% Place: 498,46:43 Pace: 11:41,46:43,1:19:03
7161,Courtney Ruby,F,25,"Costa Mesa, CA",514 out of 710,267 out of 424,52 out of 94, 41.18% Place: 497,46:43 Pace: 11:41,46:43,1:09:42
5182,Arlene Colon,F,36,"Mission Viejo, CA",515 out of 710,268 out of 424,45 out of 68, 41.75% Place: 479,46:46 Pace: 11:42,46:46,1:19:06
7089,Cynthia Critchley,F,27,"Huntington Beach, CA",516 out of 710,269 out of 424,53 out of 94, 41.11% Place: 500,46:48 Pace: 11:42,46:48,56:56
5105,Lorenzo Candelario,M,40,"Riverside, CA",517 out of 710,248 out of 286,25 out of 28, 38.05% Place: 570,46:53 Pace: 11:44,46:53,56:59
6069,Niki Andrews,F,24,"Ladera Ranch, CA",518 out of 710,270 out of 424,56 out of 79, 41.02% Place: 503,46:54 Pace: 11:44,46:54,1:23:44
7102,Amber Gallis,F,27,"Laguna Hills, CA",519 out of 710,271 out of 424,54 out of 94, 40.95% Place: 506,46:59 Pace: 11:45,46:59,1:19:19
6215,Cheryl Dodd,F,44,"Rsm, CA",520 out of 710,272 out of 424,26 out of 35, 43.77% Place: 406,47:00 Pace: 11:45,47:00,1:19:19
5181,Melinda Chisick,F,38,"Anaheim, CA",521 out of 710,273 out of 424,46 out of 68, 41.85% Place: 474,47:03 Pace: 11:46,47:03,57:09
7187,Michal Zeituni,F,27,"Los Angeles, CA",522 out of 710,274 out of 424,55 out of 94, 40.88% Place: 509,47:04 Pace: 11:46,47:04,1:06:44
7028,Anthony Foster,M,31,"San Diego, CA",523 out of 710,249 out of 286,57 out of 66, 35.98% Place: 618,47:05 Pace: 11:47,47:05,1:06:45
8061,Kat Chin,F,33,"Irvine, CA",524 out of 710,275 out of 424,57 out of 78, 41.00% Place: 504,47:08 Pace: 11:47,47:08,1:10:10
5168,Lupita Arciniega,F,37,"Rancho Cucamonga, CA",525 out of 710,276 out of 424,47 out of 68, 41.58% Place: 488,47:09 Pace: 11:48,47:09,1:19:26
6235,Sonia Okerlund,F,42,"Fullerton, CA",526 out of 710,277 out of 424,27 out of 35, 42.82% Place: 448,47:14 Pace: 11:49,47:14,1:19:36
8122,Lisa Rodriguez,F,34,"Walnut, CA",527 out of 710,278 out of 424,58 out of 78, 40.96% Place: 505,47:18 Pace: 11:50,47:18,1:24:11
7157,Vanessa Riojas,F,29,"Rowland Heights, CA",528 out of 710,279 out of 424,56 out of 94, 40.65% Place: 513,47:20 Pace: 11:50,47:20,1:24:12
5194,Cindy Hansen,F,38,"Anaheim, CA",529 out of 710,280 out of 424,48 out of 68, 41.60% Place: 485,47:20 Pace: 11:50,47:20,57:25
7216,Michelle Murray,F,46,"Whittier, CA",530 out of 710,281 out of 424,13 out of 24, 44.30% Place: 396,47:21 Pace: 11:51,47:21,1:26:09
5212,Lisa Norlie,F,36,"Los Angeles, CA",531 out of 710,282 out of 424,49 out of 68, 41.17% Place: 499,47:25 Pace: 11:52,47:25,1:15:39
5219,Sheila Rodriguez,F,39,"Rancho Cucamonga, CA",532 out of 710,283 out of 424,50 out of 68, 41.74% Place: 480,47:27 Pace: 11:52,47:27,1:15:41
7115,Amber Lane,F,25,"Pasadena, CA",533 out of 710,284 out of 424,57 out of 94, 40.52% Place: 515,47:29 Pace: 11:53,47:29,1:27:20
5191,Melody Green,F,38,"Torrance, CA",534 out of 710,285 out of 424,51 out of 68, 41.47% Place: 490,47:29 Pace: 11:53,47:29,1:15:43
5186,Michelle Gardner,F,36,"Corona, CA",535 out of 710,286 out of 424,52 out of 68, 41.07% Place: 502,47:32 Pace: 11:53,47:32,1:15:46
8124,Kate Rouker,F,31,"Culver City, CA",536 out of 710,287 out of 424,59 out of 78, 40.29% Place: 522,47:48 Pace: 11:57,47:48,1:10:48
8071,Stacy Di Dodo,F,34,"Yorba Linda, CA",537 out of 710,288 out of 424,60 out of 78, 40.49% Place: 516,47:51 Pace: 11:58,47:51,57:57
6157,Jasmine Naziri,F,20,"Newport Beach, CA",538 out of 710,289 out of 424,57 out of 79, 40.18% Place: 525,47:53 Pace: 11:59,47:53,1:56:10
5085,Saum Senemar,M,20,"Yorba Linda, CA",539 out of 710,250 out of 286,31 out of 37, 35.58% Place: 627,47:53 Pace: 11:59,47:53,1:56:10
6065,Nooshin Aliandust,F,19,"Newport Coast, CA",540 out of 710,290 out of 424,19 out of 34, 40.34% Place: 519,47:54 Pace: 11:59,47:54,1:56:11
7062,Marc Sciortino,M,34,"Orange, CA",541 out of 710,251 out of 286,58 out of 66, 35.67% Place: 626,48:00 Pace: 12:00,48:00,1:36:13
6005,Dan Arakawa,M,29,"Trabuco Canyon, CA",542 out of 710,252 out of 286,51 out of 55, 34.88% Place: 638,48:22 Pace: 12:06,48:22,2:22:29
8048,Christine Arakawa,F,31,"Trabuco Canyon, CA",543 out of 710,291 out of 424,61 out of 78, 39.81% Place: 533,48:22 Pace: 12:06,48:22,2:22:29
8094,Nicole Johnson,F,30,"San Clemente, CA",544 out of 710,292 out of 424,62 out of 78, 39.75% Place: 535,48:24 Pace: 12:06,48:24,1:08:07
6245,Yvonne Wigginton,F,44,"San Juan Capistrano, CA",545 out of 710,293 out of 424,28 out of 35, 42.51% Place: 456,48:24 Pace: 12:06,48:24,1:08:07
6189,Hannah Smith,F,13,"Huntington Beach, CA",546 out of 710,294 out of 424,20 out of 34, 42.87% Place: 444,48:25 Pace: 12:07,48:25,1:33:15
8090,Kenya Hernandez,F,32,"Irvine, CA",547 out of 710,295 out of 424,63 out of 78, 39.79% Place: 534,48:29 Pace: 12:08,48:29,1:08:09
7085,Sarine Boyadjian,F,28,"Valley Village, CA",548 out of 710,296 out of 424,58 out of 94, 39.64% Place: 536,48:32 Pace: 12:08,48:32,1:56:43
7203,Karen Githens,F,46,"Fullerton, CA",549 out of 710,297 out of 424,14 out of 24, 43.17% Place: 433,48:35 Pace: 12:09,48:35,1:20:56
8064,Korey Clark,F,34,"Corona, CA",550 out of 710,298 out of 424,64 out of 78, 39.86% Place: 532,48:36 Pace: 12:09,48:36,1:36:49
7160,Danielle Rosales,F,25,"Orange, CA",551 out of 710,299 out of 424,59 out of 94, 39.51% Place: 538,48:42 Pace: 12:11,48:42,1:08:22
5184,Florence Diaz,F,39,"Riverside, CA",552 out of 710,300 out of 424,53 out of 68, 40.66% Place: 512,48:43 Pace: 12:11,48:43,1:11:43
5178,Tara Candelario,F,38,"Riverside, CA",553 out of 710,301 out of 424,54 out of 68, 40.35% Place: 518,48:48 Pace: 12:12,48:48,58:54
5024,Joshua Candelario,M,13,"Riverside, CA",554 out of 710,253 out of 286,28 out of 31, 38.83% Place: 545,48:49 Pace: 12:13,48:49,58:56
6990,Teresa Acero,F,46,"Irvine, CA",555 out of 710,302 out of 424,15 out of 24, 42.95% Place: 439,48:50 Pace: 12:13,48:50,1:57:06
5226,Kara Smith,F,38,"Huntington Beach, CA",556 out of 710,303 out of 424,55 out of 68, 40.22% Place: 524,48:57 Pace: 12:15,48:57,1:33:47
8884,Desiree Vargas,F,16,"Chino, CA",557 out of 710,304 out of 424,21 out of 34, 40.59% Place: 514,49:00 Pace: 12:15,49:00,1:17:13
8081,Claudia Fernandez,F,30,"Pomona, CA",558 out of 710,305 out of 424,65 out of 78, 39.25% Place: 542,49:01 Pace: 12:16,49:01,1:12:00
5216,Cynthia Quintana,F,38,"Woodland Hills, CA",559 out of 710,306 out of 424,56 out of 68, 40.16% Place: 526,49:02 Pace: 12:16,49:02,59:11
7094,Candace Diaz,F,27,"Costa Mesa, CA",560 out of 710,307 out of 424,60 out of 94, 39.08% Place: 543,49:14 Pace: 12:19,49:14,56:10
6062,Alex Wilson,M,29,"Laguna Hills, CA",561 out of 710,254 out of 286,52 out of 55, 34.11% Place: 642,49:28 Pace: 12:22,49:28,2:03:12
7197,Charissa Dugan,F,45,"Lake Forest, CA",562 out of 710,308 out of 424,16 out of 24, 41.85% Place: 475,49:36 Pace: 12:24,49:36,2:23:43
5114,Frank Slovak,M,44,"Orange, CA",563 out of 710,255 out of 286,26 out of 28, 36.99% Place: 598,49:43 Pace: 12:26,49:43,1:29:27
6188,Shay Slovak,F,13,"Orange, CA",564 out of 710,309 out of 424,22 out of 34, 41.75% Place: 478,49:43 Pace: 12:26,49:43,1:29:27
5057,Charles Kiem,M,22,"Westminster, CA",565 out of 710,256 out of 286,32 out of 37, 33.89% Place: 648,49:44 Pace: 12:26,49:44,49:47
7139,Laila Nikjoo,F,25,"Anaheim, CA",566 out of 710,310 out of 424,61 out of 94, 38.63% Place: 548,49:48 Pace: 12:27,49:48,1:09:29
7170,Alison Summerfield,F,25,"Costa Mesa, CA",567 out of 710,311 out of 424,62 out of 94, 38.58% Place: 551,49:52 Pace: 12:28,49:52,1:09:34
6119,Hana Fisher,F,14,"Laguna Niguel, CA",568 out of 710,312 out of 424,23 out of 34, 40.94% Place: 507,49:53 Pace: 12:29,49:53,1:05:57
6177,Rachel Richardson,F,14,"Laguna Niguel, CA",569 out of 710,313 out of 424,24 out of 34, 40.94% Place: 508,49:53 Pace: 12:29,49:53,1:05:57
6985,Amber Rose Dean,F,26,", ",570 out of 710,314 out of 424,63 out of 94, 38.52% Place: 552,49:57 Pace: 12:30,49:57,1:05:59
6096,Jade Dean,F,21,"Long Beach, CA",571 out of 710,315 out of 424,58 out of 79, 38.51% Place: 553,49:58 Pace: 12:30,49:58,1:05:59
7092,Melissa Davis,F,25,"Costa Mesa, CA",572 out of 710,316 out of 424,64 out of 94, 38.49% Place: 555,49:59 Pace: 12:30,49:59,2:03:43
5059,Kevin Lane,M,18,"Long Beach, CA",573 out of 710,257 out of 286,29 out of 31, 34.87% Place: 639,50:01 Pace: 12:31,50:01,1:02:40
6136,Kristin Lane,F,20,"Long Beach, CA",574 out of 710,317 out of 424,59 out of 79, 38.34% Place: 560,50:11 Pace: 12:33,50:11,1:02:50
7144,Miranda Otero,F,25,"Long Beach, CA",575 out of 710,318 out of 424,65 out of 94, 38.20% Place: 564,50:22 Pace: 12:36,50:22,1:10:04
7127,Crystal Joyce Martirez,F,27,"Corona, CA",576 out of 710,319 out of 424,66 out of 94, 38.19% Place: 565,50:23 Pace: 12:36,50:23,1:58:37
7135,Nancy Murad,F,29,"Fontana, CA",577 out of 710,320 out of 424,67 out of 94, 38.15% Place: 566,50:26 Pace: 12:37,50:26,1:13:26
8057,Kimberly Cannon,F,30,"Alta Loma, CA",578 out of 710,321 out of 424,66 out of 78, 38.12% Place: 567,50:28 Pace: 12:37,50:28,1:13:28
7077,Cassie Backer,F,25,"La Mirada, CA",579 out of 710,322 out of 424,68 out of 94, 38.11% Place: 568,50:29 Pace: 12:38,50:29,1:10:11
6156,Atousa Nainavaii,F,18,"Oak Park, CA",580 out of 710,323 out of 424,25 out of 34, 38.49% Place: 554,50:30 Pace: 12:38,50:30,2:20:21
7117,Leigha Levig,F,26,"Rsm, CA",581 out of 710,324 out of 424,69 out of 94, 38.06% Place: 569,50:33 Pace: 12:39,50:33,1:22:53
6094,Rena Dahan,F,20,"Long Beach, CA",582 out of 710,325 out of 424,60 out of 79, 38.05% Place: 571,50:34 Pace: 12:39,50:34,1:35:27
7194,Linda Chapin,F,60,"Visalia, CA",583 out of 710,326 out of 424,1 out of 2, 49.65% Place: 224,50:36 Pace: 12:39,50:36,1:22:56
7079,Jessica Bautista,F,27,"Anaheim, CA",584 out of 710,327 out of 424,70 out of 94, 37.97% Place: 572,50:40 Pace: 12:40,50:40,1:10:19
6175,Caitlin Redak,F,14,"Riverside, CA",585 out of 710,328 out of 424,26 out of 34, 40.28% Place: 523,50:42 Pace: 12:41,50:42,1:27:32
7075,Yolanda Alvarez,F,25,"Huntington Beach, CA",586 out of 710,329 out of 424,71 out of 94, 37.90% Place: 573,50:46 Pace: 12:42,50:46,1:10:25
6117,Allyson Fierro,F,18,"Irvine, CA",587 out of 710,330 out of 424,27 out of 34, 38.23% Place: 563,50:51 Pace: 12:43,50:51,2:20:43
7184,Kimberly Yaeger,F,26,"Yorba Linda, CA",588 out of 710,331 out of 424,72 out of 94, 37.82% Place: 576,50:52 Pace: 12:43,50:52,1:55:06
5045,Erik Green,M,24,"Sunland, CA",589 out of 710,258 out of 286,33 out of 37, 33.11% Place: 650,50:54 Pace: 12:44,50:54,1:06:57
6095,Beth Danna,F,24,"Irvine, CA",590 out of 710,332 out of 424,61 out of 79, 37.80% Place: 577,50:54 Pace: 12:44,50:54,1:06:57
5244,Lisa Zubia,F,37,"Corona, CA",591 out of 710,333 out of 424,57 out of 68, 38.46% Place: 556,50:59 Pace: 12:45,50:59,1:13:58
8102,Liz Leal,F,33,"Corona, CA",592 out of 710,334 out of 424,67 out of 78, 37.89% Place: 574,51:00 Pace: 12:45,51:00,1:13:59
6221,Kim Hyun,F,41,"Irvine, CA",593 out of 710,335 out of 424,29 out of 35, 39.33% Place: 541,51:02 Pace: 12:46,51:02,1:30:54
5125,Bing Hyun,M,41,"Irvine, CA",594 out of 710,259 out of 286,27 out of 28, 35.21% Place: 635,51:03 Pace: 12:46,51:03,1:30:54
7154,Alicia Peterson,F,28,"Huntington Beach, CA",595 out of 710,336 out of 424,73 out of 94, 37.65% Place: 580,51:06 Pace: 12:47,51:06,1:10:46
8024,Johnny Nguyen,M,37,"Irvine, CA",596 out of 710,260 out of 286,32 out of 34, 34.04% Place: 644,51:14 Pace: 12:49,51:14,1:48:54
5955,Eduardo Alfaro,M,25,"Inglewood, CA",597 out of 710,261 out of 286,53 out of 55, 32.89% Place: 653,51:15 Pace: 12:49,51:15,1:01:26
7005,Hector Alfaro,M,31,"Inglewood, CA",598 out of 710,262 out of 286,59 out of 66, 33.04% Place: 651,51:16 Pace: 12:49,51:16,1:01:26
5023,Jonathan Caballero,M,24,"Bellflower, CA",599 out of 710,263 out of 286,34 out of 37, 32.87% Place: 654,51:17 Pace: 12:50,51:17,1:28:16
7226,Kris Wood,F,47,"Yorba Linda, CA",600 out of 710,337 out of 424,17 out of 24, 41.34% Place: 493,51:18 Pace: 12:50,51:18,1:28:09
7204,Kimberly Hammond,F,54,"Riverside, CA",601 out of 710,338 out of 424,3 out of 5, 45.14% Place: 367,51:18 Pace: 12:50,51:18,1:28:09
6202,Corey Wood,F,18,"Yorba Linda, CA",602 out of 710,339 out of 424,28 out of 34, 37.88% Place: 575,51:19 Pace: 12:50,51:19,1:28:10
7082,Therese Betita,F,26,"Glendale, CA",603 out of 710,340 out of 424,74 out of 94, 37.48% Place: 585,51:20 Pace: 12:50,51:20,1:28:18
6203,Kelsey Wood,F,21,"Yorba Linda, CA",604 out of 710,341 out of 424,62 out of 79, 37.47% Place: 586,51:21 Pace: 12:51,51:21,1:28:13
7045,Kevin Keleher,M,31,"Fountain Valley, CA",605 out of 710,264 out of 286,60 out of 66, 32.93% Place: 652,51:26 Pace: 12:52,51:26,1:31:13
7176,Rosalie Ungria,F,28,"Fountain Valley, CA",606 out of 710,342 out of 424,75 out of 94, 37.38% Place: 588,51:28 Pace: 12:52,51:28,1:31:14
7177,Esther Valdovinos,F,28,"Huntng, CA",607 out of 710,343 out of 424,76 out of 94, 37.37% Place: 589,51:29 Pace: 12:53,51:29,1:11:09
6108,Cynthia Enriquez,F,23,"Anaheim, CA",608 out of 710,344 out of 424,63 out of 79, 37.27% Place: 591,51:37 Pace: 12:55,51:37,1:39:52
7153,Victoria Perreira-Pico,F,27,"Van Nuys, CA",609 out of 710,345 out of 424,77 out of 94, 37.25% Place: 592,51:39 Pace: 12:55,51:39,1:28:29
6942,Banner Kerr,M,0,", ",610 out of 710,265 out of 286,0 out of 0,51:39 Pace: 12:55,51:39,1:59:48
7220,Cathy Prather,F,45,"Corona, CA",611 out of 710,346 out of 424,18 out of 24, 40.12% Place: 527,51:44 Pace: 12:56,51:44,1:39:52
5236,Cindy Turner,F,39,"Corona, CA",612 out of 710,347 out of 424,58 out of 68, 38.26% Place: 561,51:46 Pace: 12:57,51:46,1:39:55
7218,Kristen Nelson,F,45,"San Clemente, CA",613 out of 710,348 out of 424,19 out of 24, 40.10% Place: 528,51:46 Pace: 12:57,51:46,2:53:57
8111,Kathryn Nguyen,F,34,"Irvine, CA",614 out of 710,349 out of 424,68 out of 78, 37.41% Place: 587,51:47 Pace: 12:57,51:47,1:49:26
5047,Jesse Hernandez,M,23,"Placebtia, CA",615 out of 710,266 out of 286,35 out of 37, 32.46% Place: 659,51:56 Pace: 12:59,51:56,51:58
7129,Amber McIntyre,F,26,"Perris, CA",616 out of 710,350 out of 424,78 out of 94, 36.95% Place: 599,52:04 Pace: 13:01,52:04,1:28:55
8891,Shirley Dean Lopez,F,50,", ",617 out of 710,351 out of 424,4 out of 5, 41.91% Place: 472,52:28 Pace: 13:07,52:28,1:08:30
7086,Annette Brown,F,28,"Long Beach, CA",618 out of 710,352 out of 424,79 out of 94, 36.53% Place: 609,52:40 Pace: 13:10,52:40,1:05:19
6968,Melissa Lacdoanio,F,23,"Rancho Cucamonga, CA",619 out of 710,353 out of 424,64 out of 79, 36.53% Place: 608,52:40 Pace: 13:10,52:40,1:05:19
7114,Shannon Lacabanne,F,26,"Rancho Cucamonga, CA",620 out of 710,354 out of 424,80 out of 94, 36.53% Place: 610,52:40 Pace: 13:10,52:40,1:05:19
5135,Mark Onorofski,M,59,"Irvine, CA",621 out of 710,267 out of 286,3 out of 4, 39.38% Place: 539,52:45 Pace: 13:12,52:45,1:05:23
5134,James O'Brien II,M,56,"San Mateo, CA",622 out of 710,268 out of 286,4 out of 4, 38.35% Place: 559,52:49 Pace: 13:13,52:49,1:05:26
7172,Ramela Tehrani,F,27,"Northridge, CA",623 out of 710,355 out of 424,81 out of 94, 36.38% Place: 612,52:53 Pace: 13:14,52:53,2:50:44
5229,Jennifer Stephenson,F,37,"Huntington Beach, CA",624 out of 710,356 out of 424,59 out of 68, 36.95% Place: 600,53:04 Pace: 13:16,53:04,1:25:24
5977,Adriana Ruelas,F,30,"Los Angeles, CA",625 out of 710,357 out of 424,69 out of 78, 36.21% Place: 614,53:08 Pace: 13:17,53:08,1:37:59
6103,Erika Dominguez,F,23,"Corona, CA",626 out of 710,358 out of 424,65 out of 79, 36.00% Place: 617,53:27 Pace: 13:22,53:27,1:09:32
8005,Eric Ferreiro,M,35,"Fullerton, CA",627 out of 710,269 out of 286,33 out of 34, 32.20% Place: 661,53:29 Pace: 13:23,53:29,1:09:33
6118,Melissa Finke,F,23,"Placentia, CA",628 out of 710,359 out of 424,66 out of 79, 35.97% Place: 619,53:29 Pace: 13:23,53:29,1:09:34
6099,Haley Dickerson,F,22,"Long Beach, CA",629 out of 710,360 out of 424,67 out of 79, 35.96% Place: 620,53:30 Pace: 13:23,53:30,1:06:10
6128,Anastasia Grisham,F,22,"Long Beach, CA",630 out of 710,361 out of 424,68 out of 79, 35.95% Place: 622,53:31 Pace: 13:23,53:31,1:06:10
5180,Tracy Castorena,F,37,"Covina, CA",631 out of 710,362 out of 424,60 out of 68, 36.49% Place: 611,53:44 Pace: 13:26,53:44,1:26:01
7219,Ginger Noble,F,48,"Riverside, CA",632 out of 710,363 out of 424,20 out of 24, 39.92% Place: 530,53:45 Pace: 13:27,53:45,1:09:55
6160,Chelsea Olmstead,F,19,"Westminster, CA",633 out of 710,364 out of 424,29 out of 34, 35.85% Place: 623,53:54 Pace: 13:29,53:54,1:09:56
7199,Dusty Ferguson,F,51,"Riverside, CA",634 out of 710,365 out of 424,5 out of 5, 41.30% Place: 496,53:56 Pace: 13:29,53:56,1:10:05
6107,Briana England,F,18,"Fullerton, CA",635 out of 710,366 out of 424,30 out of 34, 36.04% Place: 616,53:56 Pace: 13:29,53:56,1:09:59
6024,Victor Gallego,M,28,"Monterey Park, CA",636 out of 710,270 out of 286,54 out of 55, 31.23% Place: 672,53:58 Pace: 13:30,53:58,1:33:47
7131,Kelly Mead,F,28,"Yucaipa, CA",637 out of 710,367 out of 424,82 out of 94, 35.58% Place: 628,54:04 Pace: 13:31,54:04,1:13:46
7126,Kacye Marshall,F,26,"Los Angeles, CA",638 out of 710,368 out of 424,83 out of 94, 35.58% Place: 629,54:04 Pace: 13:31,54:04,1:13:46
8085,Michelle Gonzales,F,34,"Anaheim, CA",639 out of 710,369 out of 424,70 out of 78, 35.76% Place: 624,54:10 Pace: 13:33,54:10,1:34:03
7065,Ian Slade,M,31,"Anaheim, CA",640 out of 710,271 out of 286,61 out of 66, 31.26% Place: 670,54:11 Pace: 13:33,54:11,1:34:03
6237,Lisa Quezada,F,41,"Rancho Cucamonga, CA",641 out of 710,370 out of 424,30 out of 35, 37.01% Place: 597,54:14 Pace: 13:34,54:14,1:26:31
6192,Christina Teneriello,F,23,"Corona, CA",642 out of 710,371 out of 424,69 out of 79, 35.41% Place: 631,54:20 Pace: 13:35,54:20,2:08:03
6187,Amanda Slayton,F,23,"Glendora, CA",643 out of 710,372 out of 424,70 out of 79, 35.31% Place: 633,54:29 Pace: 13:38,54:29,2:08:12
6991,Cindy Cutzada,F,32,"South Gate, CA",644 out of 710,373 out of 424,71 out of 78, 35.37% Place: 632,54:32 Pace: 13:38,54:32,57:44
7156,Arlene Reyes,F,27,"Long Beach, CA",645 out of 710,374 out of 424,84 out of 94, 35.28% Place: 634,54:32 Pace: 13:38,54:32,1:14:12
8116,Christina Ramirez,F,30,"Sun City, CA",646 out of 710,375 out of 424,72 out of 78, 35.12% Place: 636,54:47 Pace: 13:42,54:47,54:47
6028,Luis Guerra,M,26,"Chino, CA",647 out of 710,272 out of 286,55 out of 55, 30.75% Place: 677,54:49 Pace: 13:43,54:49,1:34:40
5176,Lisa Bryce,F,36,"Fullerton, CA",648 out of 710,376 out of 424,61 out of 68, 35.42% Place: 630,55:07 Pace: 13:47,55:07,1:23:22
5104,Dean Bryce,M,41,"Fullerton, CA",649 out of 710,273 out of 286,28 out of 28, 32.60% Place: 655,55:08 Pace: 13:47,55:08,1:23:23
7007,Manuel Badillo,M,33,"Commerce, CA",650 out of 710,274 out of 286,62 out of 66, 30.75% Place: 676,55:28 Pace: 13:52,55:28,1:05:36
6206,Karla Augustin,F,42,"San Diego, CA",651 out of 710,377 out of 424,31 out of 35, 35.95% Place: 621,56:15 Pace: 14:04,56:15,1:28:32
6149,Maggie McLachlan,F,13,"San Diego, CA",652 out of 710,378 out of 424,31 out of 34, 36.80% Place: 604,56:24 Pace: 14:06,56:24,1:28:41
6183,Nicole Scalese,F,24,"La Jolla, CA",653 out of 710,379 out of 424,71 out of 79, 34.10% Place: 643,56:25 Pace: 14:07,56:25,1:09:03
6088,Athena Constantine,F,14,"San Diego, CA",654 out of 710,380 out of 424,32 out of 34, 36.19% Place: 615,56:26 Pace: 14:07,56:26,1:28:42
8053,Elizabeth Betita,F,30,"Irvine, CA",655 out of 710,381 out of 424,73 out of 78, 34.03% Place: 645,56:32 Pace: 14:08,56:32,1:33:29
5208,Danielle Masella,F,39,"Newport Beach, CA",656 out of 710,382 out of 424,62 out of 68, 34.98% Place: 637,56:37 Pace: 14:10,56:37,1:28:56
6223,Kimberly King,F,42,"Mission Viejo, CA",657 out of 710,383 out of 424,32 out of 35, 35.69% Place: 625,56:40 Pace: 14:10,56:40,1:28:59
7046,Mishel Keshishian,M,30,"Newport Beach, CA",658 out of 710,275 out of 286,63 out of 66, 29.81% Place: 685,56:42 Pace: 14:11,56:42,1:29:04
6823,Nupur Sharma,M,24,"Diamond Bar, CA",659 out of 710,276 out of 286,36 out of 37, 29.70% Place: 687,56:45 Pace: 14:12,56:45,1:09:23
7180,Elizabeth Watier,F,26,"Huntington Beach, CA",660 out of 710,384 out of 424,85 out of 94, 33.90% Place: 647,56:45 Pace: 14:12,56:45,1:16:28
5080,Zane Sand,M,14,"Riverside, CA",661 out of 710,277 out of 286,30 out of 31, 32.55% Place: 656,56:57 Pace: 14:15,56:57,1:09:41
5129,Arlan Lejak,M,60,"La Mirada, CA",662 out of 710,278 out of 286,6 out of 6, 36.72% Place: 605,57:04 Pace: 14:16,57:04,1:09:44
5187,Krista Geissinger,F,38,"Newport Beach, CA",663 out of 710,385 out of 424,63 out of 68, 34.46% Place: 640,57:08 Pace: 14:17,57:08,1:29:29
6158,Christina Noble,F,18,"Riverside, CA",664 out of 710,386 out of 424,33 out of 34, 33.97% Place: 646,57:13 Pace: 14:19,57:13,1:09:56
7100,Karen Flores,F,29,"Los Angeles, CA",665 out of 710,387 out of 424,86 out of 94, 33.58% Place: 649,57:18 Pace: 14:20,57:18,1:17:00
7217,Maria Needles,F,57,"Redondo Beach, CA",666 out of 710,388 out of 424,2 out of 2, 41.64% Place: 483,57:51 Pace: 14:28,57:51,1:30:11
7190,Susan Begay,F,49,"Brea, CA",667 out of 710,389 out of 424,21 out of 24, 37.37% Place: 590,58:07 Pace: 14:32,58:07,1:34:59
7207,Caprice Hjellum,F,48,"Corona, CA",668 out of 710,390 out of 424,22 out of 24, 36.87% Place: 603,58:12 Pace: 14:33,58:12,1:35:04
7063,John Shaka,M,30,"South Pasadena, CA",669 out of 710,279 out of 286,64 out of 66, 28.98% Place: 691,58:20 Pace: 14:35,58:20,1:26:37
6969,Allison Lee,F,25,"Cerritos, CA",670 out of 710,391 out of 424,87 out of 94, 32.51% Place: 657,59:11 Pace: 14:48,59:11,1:15:17
5094,Hollan Whitlock,M,22,"Rialto, CA",671 out of 710,280 out of 286,37 out of 37, 28.22% Place: 695,59:44 Pace: 14:56,59:44,1:39:36
6140,Lisa Llamas,F,22,"Newport Beach, CA",672 out of 710,392 out of 424,72 out of 79, 32.04% Place: 663,1:00:03 Pace: 15:01,1:00:03,1:39:53
8096,Lynda Kiem,F,30,"Westminster, CA",673 out of 710,393 out of 424,74 out of 78, 31.99% Place: 664,1:00:08 Pace: 15:02,1:00:08,1:23:06
5239,Bertha Willner,F,37,"Los Angeles, CA",674 out of 710,394 out of 424,64 out of 68, 32.50% Place: 658,1:00:20 Pace: 15:05,1:00:20,1:40:08
7205,Lisa Hanzlik,F,45,"Granada Hills, CA",675 out of 710,395 out of 424,23 out of 24, 34.28% Place: 641,1:00:33 Pace: 15:09,1:00:33,1:23:33
6138,Kristal Lewis,F,24,"Moreno Valley, CA",676 out of 710,396 out of 424,73 out of 79, 31.73% Place: 665,1:00:38 Pace: 15:10,1:00:38,1:40:25
7097,Christina Estrella,F,27,"Moreno Valley, CA",677 out of 710,397 out of 424,88 out of 94, 31.73% Place: 666,1:00:38 Pace: 15:10,1:00:38,1:40:25
8036,Robert Faucett,M,36,"Lake Forest, CA",678 out of 710,281 out of 286,34 out of 34, 28.13% Place: 696,1:01:35 Pace: 15:24,1:01:35,1:11:42
8080,Brandi Faucett,F,33,"Trabuco Canyon, CA",679 out of 710,398 out of 424,75 out of 78, 31.38% Place: 667,1:01:35 Pace: 15:24,1:01:35,1:11:42
5217,Angela Rice,F,39,"Moreno Valley, CA",680 out of 710,399 out of 424,65 out of 68, 32.15% Place: 662,1:01:36 Pace: 15:24,1:01:36,1:24:34
8083,Cecilia Galiana,F,31,"Moreno Valley, CA",681 out of 710,400 out of 424,76 out of 78, 31.25% Place: 671,1:01:37 Pace: 15:25,1:01:37,1:24:35
8062,Julie Christian,F,31,"Fontana, CA",682 out of 710,401 out of 424,77 out of 78, 31.18% Place: 673,1:01:45 Pace: 15:27,1:01:45,1:34:05
7015,Ryan Christian,M,34,"Fontana, CA",683 out of 710,282 out of 286,65 out of 66, 27.70% Place: 697,1:01:48 Pace: 15:27,1:01:48,1:34:07
7105,Lara Hansen,F,28,"Pasadena, CA",684 out of 710,402 out of 424,89 out of 94, 31.11% Place: 674,1:01:51 Pace: 15:28,1:01:51,1:41:42
8060,Amanda Childs,F,34,"Ladera Ranch, CA",685 out of 710,403 out of 424,78 out of 78, 31.30% Place: 669,1:01:53 Pace: 15:29,1:01:53,1:34:13
7003,Kirk Aguiar,M,34,"Fontana, CA",686 out of 710,283 out of 286,66 out of 66, 27.45% Place: 699,1:02:23 Pace: 15:36,1:02:23,1:34:42
5166,Jennifer Aguiar,F,37,"Fontana, CA",687 out of 710,404 out of 424,66 out of 68, 31.37% Place: 668,1:02:30 Pace: 15:38,1:02:30,1:34:49
6190,Jenna Stark,F,24,"Oceanside, CA",688 out of 710,405 out of 424,74 out of 79, 30.47% Place: 680,1:03:08 Pace: 15:47,1:03:08,1:35:28
6196,Jennifer Tucker,F,24,"San Marcos, CA",689 out of 710,406 out of 424,75 out of 79, 30.47% Place: 681,1:03:08 Pace: 15:47,1:03:08,1:35:29
6205,Kira Young,F,24,"San Diego, CA",690 out of 710,407 out of 424,76 out of 79, 30.46% Place: 682,1:03:09 Pace: 15:48,1:03:09,1:35:30
6068,Jennifer Andrews,F,24,"Long Beach, CA",691 out of 710,408 out of 424,77 out of 79, 30.45% Place: 683,1:03:11 Pace: 15:48,1:03:11,1:35:32
5061,Jesse Leigh,M,13,"Manhattan Beach, CA",692 out of 710,284 out of 286,31 out of 31, 29.74% Place: 686,1:03:44 Pace: 15:56,1:03:44,2:17:26
6063,Breanna Adamovich,F,18,"Murrieta, CA",693 out of 710,409 out of 424,34 out of 34, 30.26% Place: 684,1:04:14 Pace: 16:04,1:04:14,1:32:28
5197,Sandra Heredia,F,40,"San Pedro, CA",694 out of 710,410 out of 424,33 out of 35, 31.00% Place: 675,1:04:16 Pace: 16:04,1:04:16,1:32:30
5165,Cristina Adamovich,F,38,"Murrieta, CA",695 out of 710,411 out of 424,67 out of 68, 30.63% Place: 679,1:04:17 Pace: 16:05,1:04:17,1:32:32
6822,Susan Dumes,F,0,"Manhattan Beach, CA",696 out of 710,412 out of 424,0 out of 0,1:04:45 Pace: 16:12,1:04:45,2:18:28
6821,Carol Simon,F,83,"Manhattan Beach, CA",697 out of 710,413 out of 424,2 out of 2, 58.67% Place: 67,1:04:52 Pace: 16:13,1:04:52,2:18:35
6225,Inger Lane,F,41,"Long Beach, CA",698 out of 710,414 out of 424,34 out of 35, 30.70% Place: 678,1:05:23 Pace: 16:21,1:05:23,1:18:03
7104,Jasmyne Han,F,27,"Los Angeles, CA",699 out of 710,415 out of 424,90 out of 94, 29.42% Place: 688,1:05:24 Pace: 16:21,1:05:24,2:35:18
7173,Karen Thai,F,28,"Los Angeles, CA",700 out of 710,416 out of 424,91 out of 94, 29.41% Place: 689,1:05:25 Pace: 16:22,1:05:25,2:35:18
7116,Helen Lee,F,27,"Los Angeles, CA",701 out of 710,417 out of 424,92 out of 94, 29.40% Place: 690,1:05:26 Pace: 16:22,1:05:26,2:35:19
7209,Julie Lane,F,47,"Long Beach, CA",702 out of 710,418 out of 424,24 out of 24, 32.39% Place: 660,1:05:28 Pace: 16:22,1:05:28,1:18:07
6185,Noelle Seibert,F,24,"Placentia, CA",703 out of 710,419 out of 424,78 out of 79, 28.56% Place: 693,1:07:21 Pace: 16:51,1:07:21,1:30:21
6115,Katie Fickey,F,20,"La Verne, CA",704 out of 710,420 out of 424,79 out of 79, 28.56% Place: 692,1:07:21 Pace: 16:51,1:07:21,1:30:21
7093,Jennifer Degrave,F,27,"Anaheim, CA",705 out of 710,421 out of 424,93 out of 94, 27.59% Place: 698,1:09:44 Pace: 17:26,1:09:44,1:09:44
6244,Debbie Wahe,F,44,"Palmdale, CA",706 out of 710,422 out of 424,35 out of 35, 28.26% Place: 694,1:12:47 Pace: 18:12,1:12:47,1:45:05
5995,Gary Whaten,M,0,", ",707 out of 710,285 out of 286,0 out of 0,1:14:29 Pace: 18:38,1:14:29,1:14:29
7142,Angela Osaw,F,26,"Irvine, CA",708 out of 710,423 out of 424,94 out of 94, 23.17% Place: 700,1:23:01 Pace: 20:46,1:23:01,2:31:11
2726,Tanya Carmona,F,35,", ",709 out of 710,424 out of 424,68 out of 68, 20.24% Place: 701,1:36:00 Pace: 24:00,1:36:00,1:59:53
5081,Cameron Schirmer,M,9,"Costa Mesa, CA",710 out of 710,286 out of 286,2 out of 2, 12.62% Place: 702,2:49:20 Pace: 42:20,2:49:20,2:49:20
