Bib,Name,Gender,Age,Hometown,Overall,Women,F 30-34,Age/Grade,Finish,Chip Time,Gun Time
1243,Daniel Barba,M,19,"Fullerton, CA",2753 out of 2760,1071 out of 1075,91 out of 91,  4.33% Place: 2745,6:37:17 Pace: 1:39:20,6:37:17,6:37:17
5814,Crystal Ledoux,F,30,"Santa Ana, CA",2754 out of 2760,1683 out of 1685,319 out of 319,  4.72% Place: 2742,6:47:24 Pace: 1:41:51,6:47:24,6:47:24
7761,Vanessa Jones*,F,39,"Chino Hills, CA",2755 out of 2760,1684 out of 1685,224 out of 224,  4.82% Place: 2740,6:50:02 Pace: 1:42:31,6:50:02,6:50:02
5961,Raymundo Ochoa,M,29,"Santa Ana, CA",2756 out of 2760,1072 out of 1075,249 out of 249,  3.99% Place: 2747,7:02:17 Pace: 1:45:35,7:02:17,7:02:17
7590,Daren De Heras*,M,38,"Monrovia, CA",2757 out of 2760,1073 out of 1075,161 out of 161,  3.50% Place: 2748,8:21:31 Pace: 2:05:23,8:21:31,8:21:31
7970,Ryan Pfautz,M,22,"Costa Mesa, CA",2758 out of 2760,1074 out of 1075,112 out of 112,  3.33% Place: 2750,8:25:21 Pace: 2:06:21,8:25:21,8:25:21
1309,Greg Viele,M,40,"Anaheim, CA",2759 out of 2760,1075 out of 1075,124 out of 124,  3.40% Place: 2749,8:44:33 Pace: 2:11:09,8:44:33,8:44:33
1466,Jesica Hernandez,F,22,"Laguna Hills, CA",2760 out of 2760,1685 out of 1685,242 out of 242,  3.26% Place: 2751,9:49:23 Pace: 2:27:21,9:49:23,9:49:23
