Place,Name,Location,Bib,Net Time,Pace,Division/Place,Sex-Age,Sex-Place,Gun Time,Age Grade
1,Dwight Wilson,"Huntington Beach, CA",7073,22:16,5:34,M 30-34/1,M-34,1,29:11,76.93%
2,Harrison Evans,"Rancho Santa Margarita, CA",5040,22:53,5:44,M 13-19/1,M-13,2,22:54,82.87%
3,Vincent Valenzuela,"Lake Forest, CA",2,23:39,5:55,M 30-34/2,M-33,3,26:49,72.14%
4,Miles Evans,"Tustin, CA",6022,23:46,5:57,M 25-29/1,M-29,4,26:55,71.02%
5,Josh Stroup,"Redondo Beach, CA",7775,24:02,6:01,M 20-24/1,M-24,5,24:04,70.16%
6,Colton Crain,"Orange, CA",5029,24:08,6:02,M 13-19/2,M-16,6,24:10,74.15%
7,Daniel Khalili,", ",44,24:28,6:07,M 20-24/2,M-23,7,24:28,68.87%
8,Matt Hazard,"Newport Beach, CA",6030,24:32,6:08,M 25-29/2,M-29,8,27:43,68.80%
9,Steve Lane,"Huntington Beach, CA",8016,24:45,6:12,M 35-39/1,M-36,9,24:46,70.01%
10,Robert Gilmore,"Chino, CA",6026,25:08,6:17,M 25-29/3,M-25,10,28:18,67.09%
11,Matthew Olivolo,"Fullerton, CA",8026,25:23,6:21,M 35-39/2,M-38,11,35:27,69.25%
12,Gary Wharton,"Mission Viejo, CA",5093,25:23,6:21,M 13-19/3,M-18,12,25:24,68.73%
13,Don Pham,"Westminster, CA",5071,25:50,6:28,M 20-24/3,M-20,13,25:52,65.94%
14,Phil Harrison,"Chino Hills, CA",5121,26:15,6:34,M 40-44/1,M-42,14,38:52,69.00%
15,Sean Husted,"Moorpark, CA",5051,26:23,6:36,M 20-24/4,M-21,15,26:26,64.16%
16,Rigoberto Buenrostro,"Maywood, CA",6009,26:34,6:39,M 25-29/4,M-28,16,36:43,63.47%
17,Luke Duran,"Placentia, CA",5036,26:51,6:43,M 20-24/5,M-24,17,36:56,62.80%
18,Odis Johnson,"Fontana, CA",6035,26:56,6:44,M 25-29/5,M-26,18,30:06,62.60%
19,Jenna Fie,"Ridgecrest, CA",6116,26:59,6:45,F 20-24/1,F-21,1,43:01,71.32%
20,Matt Olson,"Corona, CA",7058,27:00,6:45,M 30-34/3,M-30,19,33:56,62.63%
21,Sean McNamara,"Ridgecrest, CA",6972,27:09,6:48,M 20-24/6,M-20,20,27:10,62.78%
22,Aaron Cipriano,"Upland, CA",6012,27:11,6:48,M 25-29/6,M-25,21,30:21,62.02%
23,Zachary Crain,"Orange, CA",5030,27:14,6:49,M 13-19/4,M-13,22,27:16,69.63%
24,Octavio Marquez,"Norwalk, CA",7051,27:21,6:51,M 30-34/4,M-34,23,34:18,62.62%
25,Daniel Schweitzer,"Irvine, CA",5083,27:23,6:51,M 13-19/5,M-19,24,1:19:47,62.91%
26,Sam De Lira,"Pico Rivera, CA",7020,27:23,6:51,M 30-34/5,M-30,25,34:19,61.75%
27,Robin Lie,"Loma Linda, CA",8017,27:26,6:52,M 35-39/3,M-38,26,37:32,64.07%
28,Brian Nix,"Lakewood, CA",6979,27:33,6:54,M 35-39/4,M-35,27,34:31,62.53%
29,Ryan James,"Anaheim Hills, CA",5053,27:34,6:54,M 13-19/6,M-16,28,1:25:11,64.91%
30,Nick Jimenez,"Alta Loma, CA",5055,27:36,6:54,M 13-19/7,M-13,29,34:34,68.70%
31,Matthew Lindblom,"Los Angeles, CA",8018,27:47,6:57,M 35-39/5,M-36,30,50:43,62.36%
32,Elias Osorio,"Artesia, CA",6045,27:50,6:58,M 25-29/7,M-28,31,37:59,60.58%
33,Jorge Raya,"Orange, CA",6048,28:00,7:00,M 25-29/8,M-27,32,31:10,60.21%
34,Keith Stimson,"Belvedere Tiburon, CA",6833,28:10,7:03,M 40-44/2,M-41,33,35:06,63.82%
35,Marcel Demaree,"Irvine, CA",6017,28:11,7:03,M 25-29/9,M-25,34,1:05:01,59.82%
36,Chris Hebble,"Ladera Ranch, CA",6834,28:12,7:03,M 35-39/6,M-39,35,35:09,62.80%
37,Albert Serna,"Phillips Ranch, CA",5146,28:12,7:03,M 40-44/3,M-43,36,40:49,64.70%
38,Jose Q Garcia,"Ontario, CA",5116,28:24,7:06,M 40-44/4,M-43,37,41:01,64.24%
39,Vincent Bird,"Irvine, CA",5020,28:38,7:10,M 13-19/8,M-19,38,28:39,60.16%
40,Tom Shebel,"San Clemente, CA",8035,28:53,7:14,M 35-39/7,M-36,39,38:58,59.99%
41,Kim Maclean,"Diamond Bar, CA",7125,28:53,7:14,F 25-29/1,F-25,2,48:32,66.63%
42,Jessyca Henman,"Rancho Santa Fe, CA",6130,28:55,7:14,F 13-19/1,F-19,3,44:56,66.84%
43,Nick Schirmer,"Costa Mesa, CA",5082,28:56,7:14,M 13-19/9,M-16,40,28:56,61.84%
44,Sean Lynott,"Irvine, CA",6039,28:58,7:15,M 25-29/10,M-25,41,32:08,58.20%
45,Kristina Schneider,"San Diego, CA",6184,29:00,7:15,F 20-24/2,F-20,4,45:01,66.36%
46,Ryan Garner,"San Juan Capistrano, CA",5044,29:01,7:16,M 13-19/10,M-13,42,41:38,65.34%
47,Chris Bamsey,"Huntington Beach, CA",5100,29:05,7:17,M 40-44/5,M-42,43,45:11,62.23%
48,Dominick Diaz,"Costa Mesa, CA",6018,29:15,7:19,M 25-29/11,M-27,44,36:11,57.64%
49,Wayne Marshall,"Riverside, CO",7052,29:15,7:19,M 30-34/6,M-34,45,36:11,58.55%
50,Roland Jimenez,"Hacienda Heights, CA",7042,29:30,7:23,M 30-34/7,M-33,46,45:36,57.83%
51,Matt Dufour,"Placentia, CA",5035,29:31,7:23,M 20-24/7,M-22,47,29:33,57.12%
52,Michael Berry,"Monrovia, CA",5018,29:44,7:26,M 20-24/8,M-24,48,29:46,56.70%
53,Kathy Baumberger,"Costa Mesa, CA",7078,29:45,7:27,F 25-29/2,F-29,5,49:25,64.69%
54,Patrick Galvin,"Riverside, CA",7031,29:47,7:27,M 30-34/8,M-33,49,36:43,57.28%
55,Alan Jacobson,"Irvine, CA",5052,29:55,7:29,M 20-24/9,M-24,50,29:56,56.35%
56,Corey McCoy,"Fontana, CA",6040,30:07,7:32,M 25-29/12,M-27,51,33:16,55.98%
57,Michael Burgstaulter,", ",6939,30:13,7:34,M NoAge/0,M-0,52,2:04:22, 0.00%
58,Jeff Parks,"Mission Viejo, CA",5138,30:14,7:34,M 45-49/1,M-49,53,42:52,63.27%
59,Ken Shields,"Riverside, CA",5147,30:19,7:35,M 40-44/6,M-44,54,37:16,60.67%
60,Alex Maher,"Costa Mesa, CA",5064,30:25,7:37,M 13-19/11,M-16,55,30:26,58.83%
61,Matt Thompson,"Chino, CA",5090,30:29,7:38,M 20-24/10,M-21,56,46:37,55.53%
62,Emilio Acosta,"La Pente, CA",6474,30:31,7:38,M 20-24/11,M-23,57,1:28:13,55.25%
63,Jimmy Di Dodo,"Yorba Linda, CA",7021,30:34,7:39,M 30-34/9,M-32,58,40:40,55.59%
64,Ryan Johnson,"Newport Beach, CA",8014,30:39,7:40,M 35-39/8,M-37,59,40:44,56.91%
65,Michael Ward,"Rancho Santa Margarita, CA",8040,30:39,7:40,M 35-39/9,M-35,60,46:48,56.20%
66,Brian Jensen,"Placentia, CA",8012,30:44,7:41,M 35-39/10,M-37,61,40:54,56.76%
67,Kelly Williams,", ",8887,30:50,7:43,F 35-39/1,F-38,6,30:51,63.87%
68,Jesus Izabal,"Hawthorne, CA",5959,30:52,7:43,M 30-34/10,M-30,62,41:02,54.78%
69,Jordan Brooksher,"Altadena, CA",5021,30:55,7:44,M 20-24/12,M-23,63,30:57,54.53%
70,Katie Capano,"Irvine, CA",8058,31:02,7:46,F 30-34/1,F-31,7,53:59,62.06%
71,Phillip Thomas,"Silverado, CA",5830,31:05,7:47,M 13-19/12,M-19,64,43:46,55.42%
72,Ward Strona,"Mira Loma, CA",990,31:06,7:47,M 55-59/1,M-57,65,43:43,65.68%
73,Stephen Simpson,"Irvine, CA",7064,31:14,7:49,M 30-34/11,M-32,66,38:10,54.40%
74,Greg Hardessey,", ",6919,31:14,7:49,M NoAge/0,M-0,67,1:35:29, 0.00%
75,Andres Roldan,", ",1984,31:15,7:49,M 25-29/13,M-25,68,38:11,53.95%
76,Randy Blancq,"Norwalk, CA",8003,31:15,7:49,M 35-39/11,M-39,69,1:08:06,56.67%
77,James Spicer,"Los Angeles, CA",7066,31:16,7:49,M 30-34/12,M-33,70,1:28:57,54.56%
78,Steve Hawes,"Riverside, CA",7039,31:39,7:55,M 30-34/13,M-33,71,38:35,53.90%
79,Colby Ballard,"Redlands, CA",5015,31:46,7:57,M 13-19/13,M-18,72,31:47,54.91%
80,Colleen Bell,"Irvine, CA",5172,31:46,7:57,F 35-39/2,F-35,8,59:58,61.21%
81,Casey Simpson,"Lake Forest, CA",5148,31:47,7:57,M 40-44/7,M-40,73,44:26,56.14%
82,Brian Wilson,"Foothill Ranch, CA",5162,31:47,7:57,M 40-44/8,M-40,74,44:26,56.14%
83,Michael Akins,"Temecula, CA",6001,31:47,7:57,M 25-29/14,M-26,75,41:55,53.04%
84,Taylour Ballard,"Redlands, CA",6075,31:50,7:58,F 13-19/2,F-17,9,31:51,61.76%
85,Alan Bechtol,"Lake Forest, CA",5103,31:55,7:59,M 45-49/2,M-49,76,38:52,59.93%
86,Sam Tanng,"Irvine, CA",7070,32:00,8:00,M 30-34/14,M-34,77,38:56,53.52%
87,Reggie Almario,"Tujunga, CA",6954,32:15,8:04,M 13-19/14,M-16,78,32:17,55.48%
88,Kierney Ross,"Huntington Beach, CA",6181,32:16,8:04,F 20-24/3,F-20,10,39:14,59.64%
89,Kim Shebel,"San Clemente, CA",7166,32:21,8:06,F 25-29/3,F-29,11,52:00,59.48%
90,Sarah Owens,"Orange, CA",7145,32:26,8:07,F 25-29/4,F-27,12,52:05,59.33%
91,Sarah Butte,"Long Beach, CA",8056,32:26,8:07,F 30-34/2,F-31,13,39:23,59.38%
92,Michael Hooker,"Orange, CA",5123,32:29,8:08,M 40-44/9,M-42,79,1:04:49,55.75%
93,Michele Hooker,"Orange, CA",6220,32:32,8:08,F 40-44/1,F-41,14,1:04:51,61.71%
94,John Carter,"Aliso Viejo, CA",8004,32:32,8:08,M 40-44/10,M-40,80,42:40,54.84%
95,Adrian Aguilar,"Rancho Cucamonga, CA",7004,32:32,8:08,M 30-34/15,M-30,81,39:30,51.97%
96,Nikki Blum,"Irvine, CA",7083,32:38,8:10,F 25-29/5,F-25,15,52:17,58.97%
97,Brandy Londoff,"Irvine, CA",7119,32:41,8:11,F 25-29/6,F-26,16,52:19,58.88%
98,Nick Mangano,"Mission Viejo, CA",8895,32:43,8:11,M 25-29/15,M-25,82,35:54,51.53%
99,James Pond,"Costa Mesa, CA",5072,32:47,8:12,M 13-19/15,M-18,83,32:48,53.20%
100,Elvis Acosta,"Covina, CA",7001,32:50,8:13,M 30-34/16,M-32,84,39:54,51.75%
101,David Ochoa,"Alta Loma, CA",7057,32:51,8:13,M 30-34/17,M-33,85,39:47,51.93%
102,Steve Oh,"La Mirada, CA",8025,32:51,8:13,M 35-39/12,M-38,86,42:58,53.50%
103,Kimberly Akins,"Temecula, CA",8047,32:56,8:14,F 30-34/3,F-30,17,55:54,58.43%
104,Luis Montenegro,"Pasadena, CA",8021,33:08,8:17,M 35-39/13,M-35,87,43:14,51.99%
105,Amy Klepsa,"Santa Ana, CA",8097,33:15,8:19,F 30-34/4,F-30,18,40:12,57.87%
106,Bobby Garcia,"Los Angeles, CA",8007,33:18,8:20,M 35-39/14,M-36,88,43:25,52.03%
107,Ashley Bermudez,"Downey, CA",6937,33:24,8:21,F 13-19/3,F-18,19,49:27,58.21%
108,Charles Newton,"Pomona, CA",5133,33:24,8:21,M 40-44/11,M-40,89,46:01,53.42%
109,Ingemar Samayoa,"Ontario, CA",8033,33:27,8:22,M 35-39/15,M-37,90,43:34,52.14%
110,John Thompson,"Chino, CA",5155,33:29,8:23,M 50-54/1,M-51,91,49:38,58.02%
111,Courtney Zwahlen,"Irvine, CA",5245,33:30,8:23,F 35-39/3,F-39,20,1:01:42,59.13%
112,Heather Wuebker,"Dana Point, CA",7183,33:35,8:24,F 25-29/7,F-28,21,1:01:49,57.30%
113,Zhavon Resendez,"Lakewood, CA",6176,33:41,8:26,F 13-19/4,F-19,22,46:18,57.38%
114,Kenzie Estes,"Riverside, CA",6110,33:42,8:26,F 13-19/5,F-17,23,46:23,58.34%
115,Cristy Carrera,"Downey, CA",6084,33:46,8:27,F 13-19/6,F-17,24,49:49,58.22%
116,Noel Ye,"La Palma, CA",8044,33:54,8:29,M 35-39/16,M-39,92,44:01,52.24%
117,Gabriel Schiavone,"Carlsbad, CA",5143,34:17,8:35,M 45-49/3,M-47,93,1:02:30,54.91%
118,Brantley Friend,"Oceanside, CA",7030,34:17,8:35,M 30-34/18,M-33,94,50:24,49.76%
119,Hernaldo Tito Lazo,"Corona, CA",6803,34:25,8:37,F 13-19/7,F-18,25,54:06,56.49%
120,Anthony Ratkovic,"Upland, CA",8030,34:25,8:37,M 35-39/17,M-36,95,44:30,50.34%
121,Rolando Barrientos,"Garden Grove, CA",5102,34:29,8:38,M 40-44/12,M-40,96,47:07,51.74%
122,Lili Lira,", ",6914,34:35,8:39,F NoAge/0,F-0,26,37:45, 0.00%
123,Amanda Magallanez,"Santa Ana, CA",6146,34:36,8:39,F 20-24/4,F-23,27,37:46,55.61%
124,Nick Johnson,"Anaheim, CA",7043,34:36,8:39,M 30-34/19,M-31,97,41:33,48.96%
125,Brian Garcia,"Orange, CA",5043,34:36,8:39,M 20-24/13,M-24,98,37:46,48.72%
126,Kris Alvarado,"Fontana, CA",6004,34:38,8:40,M 25-29/16,M-26,99,37:47,48.68%
127,Gelbert De Guzman,"Walnut, CA",6015,34:38,8:40,M 25-29/17,M-25,100,37:49,48.68%
128,Brittany Long,"Orange, CA",6142,34:38,8:40,F 20-24/5,F-22,28,44:46,55.56%
129,Neal Chapman,"Murrieta, CA",5107,34:39,8:40,M 40-44/13,M-44,101,47:17,53.08%
130,Alyssa Stolo,"Orange, CA",6191,34:41,8:41,F 13-19/8,F-13,29,57:40,59.86%
131,Richard Barragan,"Covina, CA",7008,34:42,8:41,M 30-34/20,M-33,102,41:45,49.16%
132,Aria Daneshvar,"Mission Viejo, CA",5032,34:42,8:41,M 13-19/16,M-13,103,34:43,54.64%
133,Jorge Alonzo,"Fullerton, CA",5013,34:47,8:42,M 13-19/17,M-18,104,1:03:01,50.14%
134,Gerald De Guzman,"Chino Hills, CA",7019,34:48,8:42,M 30-34/21,M-33,105,37:59,49.02%
135,James Bustamante,"Long Beach, CA",5022,34:51,8:43,M 20-24/14,M-21,106,50:54,48.56%
136,Rachel Waite,"Garden Grove, CA",6199,34:52,8:43,F 20-24/6,F-20,30,50:54,55.19%
137,Mathew Lassak,"Torrance, CA",5060,34:53,8:44,M 13-19/18,M-13,107,34:55,54.35%
138,Jeff Dowding,"Santa Ana, CA",5111,34:54,8:44,M 50-54/2,M-54,108,47:32,57.05%
139,Miguel Tinajero,"Laguna Hills, CA",5157,34:58,8:45,M 40-44/14,M-44,109,47:36,52.60%
140,Mike Matranga,"Mission Viejo, CA",5132,35:01,8:46,M 45-49/4,M-48,110,47:39,54.14%
141,Eric Summerfield,"Costa Mesa, CA",6054,35:02,8:46,M 25-29/18,M-27,111,38:12,48.12%
142,Manuel Walker,"Long Beach, CA",6060,35:03,8:46,M 25-29/19,M-27,112,38:14,48.10%
143,Emily Stevenson,"Upland, CA",5230,35:06,8:47,F 35-39/4,F-35,31,45:11,55.39%
144,Rene Sandoval,"Los Alamitos, CA",8034,35:06,8:47,M 35-39/18,M-36,113,45:11,49.36%
145,Jennifer Grombone,"Los Alamitos, CA",5192,35:07,8:47,F 35-39/5,F-38,32,1:03:23,56.08%
146,Kristi Schreiber,"La Habra, CA",6239,35:07,8:47,F 40-44/2,F-44,33,47:47,58.59%
147,Maritza Osorio,"Artesia, CA",7143,35:08,8:47,F 25-29/8,F-27,34,45:16,54.77%
148,Michael Snyder,"Orange, CA",5150,35:09,8:48,M 40-44/15,M-44,114,47:48,52.32%
149,Michael Bannock,"Carlsbad, CA",5016,35:12,8:48,M 13-19/19,M-15,115,35:13,51.68%
150,Alfred Cabrera,"Brea, CA",6010,35:14,8:49,M 25-29/20,M-27,116,1:32:52,47.85%
151,Vay Yam,", ",6940,35:15,8:49,M NoAge/0,M-0,117,2:09:24, 0.00%
152,Jeremy Cridlebaugh,"Menifee, CA",5031,35:15,8:49,M 20-24/15,M-23,118,51:17,47.82%
153,Amy Gingrich,"Huntington Beach, CA",6219,35:16,8:49,F 40-44/3,F-41,35,1:03:31,56.93%
154,Angaileca Bryner,"Aliso Viejo, CA",5177,35:17,8:50,F 35-39/6,F-39,36,1:03:31,56.14%
155,Tony Nieto,"Covina, CA",6043,35:17,8:50,M 25-29/21,M-26,119,2:05:09,47.78%
156,Louise Miclat,"Claremont, CA",6150,35:19,8:50,F 20-24/7,F-21,37,2:05:10,54.49%
157,Chris Jimenez,"Alta Loma, CA",5054,35:20,8:50,Unknown/1,M-9,120,42:17,60.50%
158,Keith Watkins,"Bakersfield, CA",5160,35:20,8:50,M 50-54/3,M-54,121,42:18,56.35%
159,Lindsey Watkins,"Bakersfield, CA",6200,35:22,8:51,F 20-24/8,F-21,38,42:20,54.41%
160,Jessica Shaw,"Fullerton, CA",7165,35:24,8:51,F 25-29/9,F-25,39,2:05:15,54.36%
161,Lori Broussard,"Huntington Beach, CA",5175,35:24,8:51,F 35-39/7,F-38,40,1:03:39,55.63%
162,Ben Garcia,"Long Beach, CA",7032,35:24,8:51,M 30-34/22,M-32,122,42:21,48.00%
163,Victor Michel,"Resda, CA",7054,35:29,8:53,M 30-34/23,M-33,123,42:26,48.07%
164,Rene Rodriguez,"Paramount, CA",6050,35:36,8:54,M 25-29/22,M-29,124,45:45,47.40%
165,Sean Hill,"Irvine, CA",6031,35:37,8:55,M 25-29/23,M-26,125,51:40,47.33%
166,Erin Hill,"Irvine, CA",7107,35:37,8:55,F 25-29/10,F-27,41,51:40,54.03%
167,Brian Schlatter,"Fullerton, CA",5145,35:37,8:55,M 45-49/5,M-47,126,48:15,52.86%
168,Ronnie Ruelas,"Lomita, CA",8898,35:39,8:55,M 25-29/24,M-29,127,38:49,47.33%
169,Fiili Garcia,"Irvine, CA",7033,35:41,8:56,M 30-34/24,M-33,128,42:37,47.80%
170,Robert Sutton,"Mission Viejo, CA",5154,35:43,8:56,M 55-59/2,M-57,129,55:26,57.19%
171,Nathan Smith,"Newport Beach, CA",6053,35:43,8:56,M 25-29/25,M-28,130,38:55,47.20%
172,Ralph Thrasher,"Fontana, CA",5156,35:48,8:57,M 45-49/6,M-48,131,48:25,52.96%
173,William Feige,"Capistrano Beach, CA",6023,35:55,8:59,M 25-29/26,M-27,132,39:04,46.94%
174,Rachel Richardson,"Irvine, CA",6178,35:55,8:59,F 20-24/9,F-24,42,42:51,53.57%
175,Quintessa Cu,"Anaheim, CA",7090,35:55,8:59,F 25-29/11,F-25,43,42:53,53.57%
176,Kenny Elifritz,"Riverside, CA",5038,35:56,8:59,M 20-24/16,M-22,133,35:58,46.91%
177,Gabriel White,"La Crescenta, CA",8041,35:59,9:00,M 35-39/19,M-36,134,1:08:18,48.15%
178,Yuta Kanbayashi,"Costa Mesa, CA",5056,35:59,9:00,M 20-24/17,M-20,135,48:47,47.36%
179,Lisa Stallings,"Irvine, CA",7223,36:01,9:01,F 45-49/1,F-46,44,59:02,58.24%
180,Michael Garner,"San Juan Capistrano, CA",5117,36:04,9:01,M 45-49/7,M-46,136,48:42,51.78%
181,Chris Thomson,"Tustin, CA",6056,36:06,9:02,M 25-29/27,M-28,137,39:18,46.70%
182,Emily Fazio,"Aliso Viejo, CA",6114,36:09,9:03,F 13-19/9,F-14,45,52:11,56.50%
183,Dannie Fazio,"Carlsbad, CA",6113,36:09,9:03,F 20-24/10,F-23,46,52:11,53.23%
184,Michael Kiem,"Westminster, CA",5058,36:10,9:03,M 13-19/20,M-17,138,36:13,48.82%
185,Heather Lopez,"Rancho Palos Verdes, CA",7120,36:14,9:04,F 25-29/12,F-28,47,52:22,53.11%
186,Dale Hickman,"Rancho Santa Margarita, CA",5979,36:31,9:08,M 30-34/25,M-31,139,1:16:23,46.39%
187,Amanda Arbues,"Yorba Linda, CA",6071,36:34,9:09,F 20-24/11,F-23,48,52:40,52.62%
188,Philip Tyler Thorpe,"Covina, CA",6058,36:34,9:09,M 25-29/28,M-25,140,39:44,46.10%
189,Courtney Crain,"Orange, CA",6091,36:35,9:09,F 13-19/10,F-19,49,52:42,52.83%
190,Abner Fernandez,"Pomona, CA",7025,36:37,9:10,M 30-34/26,M-34,141,2:10:46,46.77%
191,Camilo Lopez,"Rancho Palos Verdes, CA",7049,36:38,9:10,M 30-34/27,M-33,142,52:45,46.56%
192,Natalie Plascencia,"Costa Mesa, CA",6167,36:40,9:10,F 13-19/11,F-19,50,49:28,52.71%
193,Brian Sullivan,"Laguna Beach, CA",5088,36:42,9:11,M 20-24/18,M-24,143,1:55:56,45.93%
194,Tiffany Pesch,"Ladera Ranch, CA",6162,36:42,9:11,F 20-24/12,F-23,51,1:55:57,52.43%
195,Cindy Hayes,"Irvine, CA",5195,36:49,9:13,F 35-39/8,F-36,52,1:05:02,53.03%
196,Georgina B Mojica,"Norwalk, CA",7134,36:50,9:13,F 25-29/13,F-28,53,46:57,52.24%
197,Summer Lindo,"Costa Mesa, CA",5204,36:51,9:13,F 35-39/9,F-38,54,59:50,53.44%
198,Alyssa Dowding,"Santa Ana, CA",7095,36:53,9:14,F 25-29/14,F-27,55,49:30,52.17%
199,Missy Douglas,"Costa Mesa, CA",8075,36:53,9:14,F 30-34/5,F-30,56,59:52,52.17%
200,Winter Douglas,"Costa Mesa, CA",7023,36:54,9:14,M 30-34/28,M-34,144,59:53,46.41%
201,Erin Martinez,"San Dimas, CA",8106,36:55,9:14,F 30-34/6,F-33,57,43:52,52.35%
202,Bradley Smith,"Long Beach, CA",6051,36:58,9:15,M 25-29/29,M-27,145,1:16:43,45.60%
203,Elpidio Martinez,"San Dimas, CA",7053,36:59,9:15,M 30-34/29,M-33,146,43:56,46.12%
204,Matt Collings,"Ladera Ranch, CA",7017,37:00,9:15,M 30-34/30,M-34,147,49:39,46.28%
205,Natascia Pfister,"Mission Viejo, CA",6163,37:03,9:16,F 20-24/13,F-20,58,1:29:27,51.94%
206,Eric Roy,"Mission Viejo, CA",5076,37:04,9:16,M 20-24/19,M-20,148,1:29:28,45.97%
207,Marisol Masjuan,"Rancho Santa Margarita, CA",6229,37:11,9:18,F 40-44/4,F-43,59,1:09:30,54.84%
208,Tracey Rossi,"Irvine, CA",5220,37:14,9:19,F 35-39/10,F-36,60,1:05:26,52.44%
209,Laura Chartier,"Fulleton, CA",6210,37:14,9:19,F 40-44/5,F-43,61,1:09:36,54.77%
210,Mariela Pedroza,"Fullerton, CA",5214,37:15,9:19,F 35-39/11,F-36,62,1:05:28,52.42%
211,Sabine Thier,"Woodland Hills, CA",8134,37:16,9:19,F 30-34/7,F-34,63,56:57,51.99%
212,Kathy Baca,"San Clemente, CA",6072,37:16,9:19,F 20-24/14,F-24,64,1:05:30,51.63%
213,Brian Strelitz,"San Clemente, CA",7068,37:16,9:19,M 30-34/31,M-30,149,1:05:30,45.37%
214,Richard Hermann,"Woodland Hills, CA",7040,37:16,9:19,M 30-34/32,M-30,150,56:58,45.37%
215,Ryan Parker,"Murrieta, CA",6046,37:19,9:20,M 25-29/30,M-25,151,53:21,45.17%
216,Garrett Adame,"Costa Mesa, CA",5011,37:24,9:21,M 20-24/20,M-24,152,1:09:47,45.07%
217,Sandie Jimenez,"Alta Loma, CA",5200,37:24,9:21,F 35-39/12,F-37,65,44:22,52.43%
218,Stephen Bell,"Sylmar, CA",7009,37:26,9:22,M 30-34/33,M-34,153,1:14:16,45.75%
219,Bryan Bello,"Garden Grove, CA",6980,37:29,9:23,M 25-29/31,M-29,154,40:42,45.02%
220,Ngan Nguyen,"Santa Ana, CA",6981,37:29,9:23,M 25-29/32,M-26,155,40:42,44.97%
221,Robert Lange,"Lake Forest, CA",5127,37:31,9:23,M 50-54/4,M-51,156,50:11,51.78%
222,Marilen Ramirez,"Long Beach, CA",6174,37:32,9:23,F 20-24/15,F-24,66,37:33,51.27%
223,Anthony Lopez,"Carson, CA",5062,37:34,9:24,M 20-24/21,M-22,157,37:35,44.87%
224,Jean Philippe Jarbath II,"Fullerton, CA",6034,37:34,9:24,M 25-29/33,M-29,158,1:45:44,44.90%
225,Christine Ghent,"San Luis Obispo, CA",5188,37:35,9:24,F 35-39/13,F-35,67,1:05:48,51.73%
226,Susie Lerner,"San Luis Obispo, CA",5203,37:35,9:24,F 35-39/14,F-38,68,1:05:48,52.40%
227,Rhonda Thayer,"Laguna Hills, CA",6241,37:36,9:24,F 40-44/6,F-42,69,1:09:54,53.79%
228,Stephanie Watters,"Irvine, CA",5237,37:39,9:25,F 35-39/15,F-35,70,1:25:55,51.64%
229,Cole Parker,"Riverside, CA",5070,37:41,9:26,M 13-19/21,M-13,159,44:37,50.31%
230,Bianca Garcia,"Irvine, CA",6125,37:42,9:26,F 20-24/16,F-23,71,40:54,51.04%
231,Ethan Sanchez,"Riverside, CA",5078,37:46,9:27,M 13-19/22,M-13,160,44:42,50.20%
232,Rhonda Williams,"Aliso Viejo, CA",6246,37:47,9:27,F 40-44/7,F-42,72,1:10:06,53.53%
233,Tammy Machicado,"Simi Valley, CA",5205,37:48,9:27,F 35-39/16,F-36,73,1:06:03,51.63%
234,Chris Richards,"Glendale, CA",8032,37:52,9:28,M 35-39/20,M-37,161,37:54,46.06%
235,Sumaiy Chareunsy,"Anaheim, CA",6976,37:56,9:29,F 25-29/15,F-25,74,54:03,50.73%
236,Soo Kyung Kim,"Los Angeles, CA",6222,37:56,9:29,F 40-44/8,F-41,75,1:10:15,52.92%
237,Brian Galey,"Orange, CA",8006,37:58,9:30,M 35-39/21,M-37,162,1:10:21,45.94%
238,Vanessa Massey,"Orange, CA",5209,37:59,9:30,F 35-39/17,F-35,76,1:10:21,51.19%
239,Brittany Murray,"Whittier, CA",7136,38:03,9:31,F 25-29/16,F-26,77,1:16:53,50.57%
240,Aurora Ramirez,"Huntington Beach, CA",6172,38:16,9:34,F 20-24/17,F-24,78,1:01:15,50.28%
241,Holly Mikkelsen,"Fullerton, CA",8107,38:17,9:35,F 30-34/8,F-31,79,1:06:30,50.30%
242,Heidi Laughlin,"Mission Viejo, CA",980,38:17,9:35,F 30-34/9,F-32,80,1:06:31,50.39%
243,Michelle Jalowiec,"San Clemente, CA",5199,38:19,9:35,F 35-39/18,F-37,81,1:06:32,51.17%
244,Don Balser,"Laguna Niguel, CA",5099,38:21,9:36,M 60-99/1,M-62,163,1:06:39,55.61%
245,Kristeen Stolo,"Orange, CA",8131,38:22,9:36,F 30-34/10,F-33,82,1:01:20,50.37%
246,John Macchiarella,"Stevenson Ranch, CA",7050,38:22,9:36,M 30-34/34,M-34,164,1:06:39,44.63%
247,Kristine Johnson,", ",5833,38:24,9:36,F 35-39/19,F-36,83,48:29,50.85%
248,Derrick Limson,"Anaheim, CA",6977,38:26,9:37,M 30-34/35,M-31,165,54:33,44.08%
249,Jason Everetts,"California City, CA",7024,38:29,9:38,M 30-34/36,M-33,166,54:33,44.32%
250,Alisha Allred,"Glendora, CA",6066,38:32,9:38,F 20-24/18,F-24,84,54:35,49.94%
251,Jorgettejoanne Yamyamin,"Tarzana, CA",7185,38:36,9:39,F 25-29/17,F-29,85,1:15:30,49.85%
252,Mike Gates,"Huntington Beach, CA",6025,38:39,9:40,M 25-29/34,M-28,167,1:01:39,43.62%
253,Elaine Brault,"Mission Viejo, CA",7192,38:42,9:41,F 50-54/1,F-52,86,54:44,58.29%
254,Gilbert Velasquez,"Irvine, CA",5159,38:42,9:41,M 40-44/16,M-40,168,51:23,46.10%
255,Mike Pinnow,"Laguna Niguel, CA",8027,38:43,9:41,M 35-39/22,M-38,169,45:40,45.39%
256,Monica Malone,"Fullerton, CA",6228,38:46,9:42,F 40-44/9,F-40,87,1:06:59,51.40%
257,Lisa O'Brien,"Mission Viejo, CA",6234,38:48,9:42,F 40-44/10,F-41,88,54:50,51.74%
258,Fred Hernandez,"Ladera Ranch, CA",5122,38:48,9:42,M 40-44/17,M-43,170,51:28,47.01%
259,Monica Nguyenduc,"Irvine, CA",5211,38:49,9:43,F 35-39/20,F-39,89,1:18:36,51.03%
260,Rachel Bausch,"Los Angeles, CA",3,38:49,9:43,F 25-29/18,F-28,90,1:11:12,49.57%
261,Rebecca Pate,"Huntington Beach, CA",7151,38:51,9:43,F 25-29/19,F-27,91,1:36:31,49.53%
262,Trung Truong,"Tustin, CA",6059,38:51,9:43,M 25-29/35,M-25,171,1:47:00,43.39%
263,Jim Pate,"Huntington Beach, CA",7059,38:51,9:43,M 30-34/37,M-32,172,1:36:31,43.73%
264,Katie Christiansen,"Norco, CA",8063,38:52,9:43,F 30-34/11,F-31,92,48:58,49.55%
265,Patricia Zulim,"Huntington Beach, CA",8145,38:53,9:44,F 30-34/12,F-34,93,1:01:51,49.83%
266,Cynthia Grasman,"Orange, CA",5190,38:54,9:44,F 35-39/21,F-36,94,49:00,50.19%
267,Bryan Bethel,"Newport Beach, CA",6007,38:56,9:44,M 25-29/36,M-26,173,1:11:19,43.30%
268,Eric Schirmer,"Costa Mesa, CA",5144,38:57,9:45,M 50-54/5,M-53,174,51:35,50.68%
269,Jeremy Guajardo,"Foothill Ranch, CA",8010,38:59,9:45,M 35-39/23,M-35,175,1:15:53,44.18%
270,Eric Bessette,"Baldwin Park, CA",5019,38:59,9:45,M 20-24/22,M-23,176,55:04,43.24%
271,Stephanie Alvarado,"La Puente, CA",6067,38:59,9:45,F 20-24/19,F-23,95,55:04,49.36%
272,Jennifer Zubkoff,"Westminster, CA",8144,39:00,9:45,F 30-34/13,F-34,96,1:01:57,49.68%
273,Daniel Wagner,"West Hollywood, CA",7072,39:00,9:45,M 30-34/38,M-30,177,1:11:23,43.35%
274,Brigida Fox,"Tustin, CA",8082,39:01,9:46,F 30-34/14,F-31,97,1:01:59,49.36%
275,Nicole Phan,"Irvine, CA",6164,39:02,9:46,F 20-24/20,F-20,98,55:07,49.30%
276,Andrea Barry,"San Diego, CA",8051,39:03,9:46,F 30-34/15,F-31,99,55:09,49.32%
277,Brenda Mankarious,"San Clemente, CA",7214,39:10,9:48,F 45-49/2,F-48,100,1:16:00,54.79%
278,David Badillo,"Commerce, CA",6975,39:14,9:49,M 13-19/23,M-13,178,46:18,48.32%
279,Shaila Nagarkar,"Mission Viejo, CA",6232,39:14,9:49,F 40-44/11,F-41,101,1:11:32,51.17%
280,Jennifer Moinoz,", ",3170,39:14,9:49,F 30-34/16,F-31,102,1:02:14,49.07%
281,Kenneth McDowell,"Pasadena, CA",5067,39:15,9:49,M 20-24/23,M-24,179,1:16:07,42.95%
282,Jeffrey Syh,"Tustin, CA",5089,39:15,9:49,M 20-24/24,M-24,180,1:16:07,42.95%
283,Jereld Gash,"Irvine, CA",7034,39:18,9:50,M 30-34/39,M-32,181,1:27:35,43.23%
284,Hilda Schneider,"Huntigton Beach, CA",5223,39:19,9:50,F 35-39/22,F-37,103,1:02:16,49.87%
285,Christine Olivolo,"Fullerton, CA",5213,39:20,9:50,F 35-39/23,F-37,104,1:07:35,49.85%
286,Tracy Zerkel,"Irvine, CA",5243,39:25,9:52,F 35-39/24,F-39,105,1:07:39,50.25%
287,Mike Zerkel,"Irvine, CA",5164,39:27,9:52,M 40-44/18,M-41,182,1:07:41,45.56%
288,Jenny Fan,"Irvine, CA",5185,39:27,9:52,F 35-39/25,F-38,106,1:07:42,49.92%
289,Bryce Reich,"Fountain Valley, CA",5074,39:29,9:53,M 13-19/24,M-16,183,52:08,45.31%
290,Arturo Armenta,"La Verne, CA",7006,39:30,9:53,M 30-34/40,M-31,184,1:02:26,42.89%
291,Michael Mangrello,"Fountain Valley, CA",5065,39:30,9:53,M 13-19/25,M-16,185,52:09,45.29%
292,Jasmine Sanchez,"Yorba Linda, CA",6182,39:32,9:53,F 20-24/21,F-22,107,55:34,48.67%
293,Maria Estrada,"Santa Ana, CA",8077,39:33,9:54,F 30-34/17,F-32,108,1:02:30,48.78%
294,Tammi Samuelson,"Santa Ana, CA",8126,39:33,9:54,F 30-34/18,F-32,109,1:02:33,48.78%
295,Julie Stoico,"Orange, CA",8130,39:34,9:54,F 30-34/19,F-31,110,49:40,48.67%
296,Fabian Jimenez,"Alta Loma, CA",8013,39:35,9:54,M 35-39/24,M-39,186,46:32,44.73%
297,Liliana Bilger,"Huntington Beach, CA",6207,39:35,9:54,F 40-44/12,F-40,111,1:02:32,50.34%
298,Rio Mauriello,"Ladera Ranch, CA",7128,39:38,9:55,F 25-29/20,F-27,112,1:11:55,48.55%
299,Albany Taylor,"Mission Viejo, CA",5234,39:39,9:55,F 35-39/26,F-36,113,1:11:57,49.24%
300,Fernando Villegas,"Whittier, CA",8039,39:39,9:55,M 35-39/25,M-35,187,1:37:18,43.44%
301,Veronica Distefano,"Whittier, CA",8073,39:41,9:56,F 30-34/20,F-33,114,1:37:19,48.70%
302,Marc Cnossen,"San Diego, CA",7016,39:41,9:56,M 30-34/41,M-33,188,1:19:28,42.98%
303,Mark Humphreys,"Fullerton, CA",6033,39:41,9:56,M 25-29/37,M-29,189,1:19:28,42.52%
304,Katy Humphreys,"San Diego, CA",7108,39:42,9:56,F 25-29/21,F-26,115,1:19:29,48.47%
305,Rebecca Humphreys,"Fullerton, CA",6133,39:43,9:56,F 20-24/22,F-24,116,1:19:30,48.45%
306,Gilda Garcia,"Irvine, CA",7202,39:43,9:56,F 45-49/3,F-49,117,42:55,54.70%
307,Stanford Guerra,"Los Angeles, CA",7035,39:46,9:57,M 30-34/42,M-32,190,46:53,42.73%
308,Lisa Skibar,"Pomona, CA",5225,39:49,9:58,F 35-39/27,F-36,118,1:02:48,49.04%
309,Ruth Padron,"San Diego, CA",8112,39:54,9:59,F 30-34/21,F-30,119,55:59,48.22%
310,Keith Flores,"San Clemente, CA",5041,39:59,10:00,M 20-24/25,M-23,191,1:03:00,42.16%
311,Maribel Arellano,"Corona, CA",8049,40:02,10:01,F 30-34/22,F-31,120,1:03:00,48.10%
312,Mallari Prendergast,"San Clemente, CA",6171,40:09,10:03,F 20-24/23,F-24,121,1:03:10,47.92%
313,Raylene Gonzalez,"Rancho Cucamonga, CA",6127,40:12,10:03,F 20-24/24,F-24,122,1:37:47,47.86%
314,Freddie Nawrot,"Costa Mesa, CA",8023,40:13,10:04,M 35-39/26,M-38,192,50:21,43.70%
315,Mark Chadeayne,"Pomona, CA",5106,40:18,10:05,M 40-44/19,M-43,193,53:00,45.26%
316,Janna Roncelli,"Encinitas, CA",7221,40:22,10:06,F 45-49/4,F-48,123,1:08:35,53.16%
317,Tina Shull,"Newport Beach, CA",7167,40:23,10:06,F 25-29/22,F-29,124,1:17:18,47.65%
318,Corina Powers,"Rialto, CA",6168,40:24,10:06,F 20-24/25,F-21,125,1:20:16,47.63%
319,Caren McDonald,"Carlsbad, CA",5210,40:28,10:07,F 35-39/28,F-39,126,1:03:28,48.95%
320,Kennedy Nicolello,"San Pedro, CA",6233,40:29,10:08,F 40-44/13,F-44,127,1:08:45,50.82%
321,Michael Bennett,"Los Angeles, CA",7012,40:29,10:08,M 30-34/43,M-30,194,1:17:24,41.76%
322,Cindy Saucedo,"Yorba Linda, CA",5222,40:29,10:08,F 35-39/29,F-38,128,1:08:42,48.64%
323,Ken Taylor,"Marina Del Rey, CA",6055,40:31,10:08,M 25-29/38,M-28,195,1:17:27,41.60%
324,Tara Canny,"Santa Monica, CA",7087,40:32,10:08,F 25-29/23,F-28,129,1:17:27,47.47%
325,Paul Prince,"Lake Balboa, CA",7061,40:33,10:09,M 30-34/44,M-33,196,2:19:52,42.06%
326,Rochelle Reyes,"Mission Viejo, CA",8119,40:34,10:09,F 30-34/23,F-32,130,1:00:17,47.55%
327,Troy Harrison,"Downey, CA",8011,40:34,10:09,M 35-39/27,M-35,197,47:31,42.46%
328,Colleen Berry,"Anaheim, CA",7081,40:35,10:09,F 25-29/24,F-29,131,1:17:31,47.41%
329,Heather Sutton,"Nipomo, CA",8132,40:35,10:09,F 30-34/24,F-32,132,1:00:18,47.53%
330,Ivan Galindo,"San Bernardino, CA",5042,40:36,10:09,M 20-24/26,M-21,198,53:14,41.68%
331,Nolan Sanchez,"Riverside, CA",5079,40:37,10:10,M 13-19/26,M-14,199,1:17:28,45.65%
332,Dina Gomes,"Placentia, CA",5189,40:40,10:10,F 35-39/30,F-37,133,1:08:56,48.22%
333,Brett Bashow,"Newport Beach, CA",6951,40:42,10:11,M 45-49/8,M-47,200,50:51,46.25%
334,Latoya Lo,"Lake Balboa, CA",6141,40:42,10:11,F 20-24/26,F-24,134,2:20:00,47.28%
335,Lissette Sanguino,"Grand Terrace, CA",7163,40:42,10:11,F 25-29/25,F-27,135,1:38:18,47.28%
336,Stacie Smith,"Downey, CA",6935,40:43,10:11,F 35-39/31,F-35,136,47:39,47.75%
337,Diana Habr,"Los Angeles, CA",7103,40:47,10:12,F 25-29/26,F-29,137,1:17:42,47.18%
338,Aaron McCullough,"Santa Clarita, CA",5066,40:50,10:13,M 13-19/27,M-19,201,1:17:42,42.18%
339,Ronney Rios,"South Gate, CA",8121,40:50,10:13,F 30-34/25,F-30,138,1:03:48,47.12%
340,Amanda Molinary,"Covina, CA",6151,40:51,10:13,F 20-24/27,F-24,139,1:20:42,47.10%
341,Katherine Villarreal,"Irvine, CA",6198,40:51,10:13,F 13-19/12,F-19,140,1:17:44,47.31%
342,William Rankin,"Irvine, CA",5073,40:52,10:13,M 20-24/27,M-20,202,1:17:44,41.70%
343,Erica Armenta,"San Dimas, CA",5169,40:54,10:14,F 35-39/32,F-35,141,1:03:52,47.53%
344,Al Parajeckas,"San Juan Capistrano, CA",5136,40:57,10:15,M 60-99/2,M-61,203,1:03:59,51.63%
345,Hollie Parajeckas,"San Juan Capistrano, CA",8115,40:58,10:15,F 30-34/26,F-31,142,1:03:59,47.01%
346,Jack Chang,"Irvine, CA",5026,41:00,10:15,M 20-24/28,M-20,204,44:10,41.56%
347,Jane Henninger,"Mission Viejo, CA",6131,41:01,10:16,F 13-19/13,F-18,143,41:02,47.40%
348,Kendall Brown,"Irvine, CA",6082,41:01,10:16,F 20-24/28,F-23,144,57:03,46.91%
349,Lauren Wharton,"Mission Viejo, CA",6201,41:01,10:16,F 13-19/14,F-19,145,41:03,47.11%
350,Kyle Walker,"Villa Park, CA",8896,41:03,10:16,F 45-49/5,F-45,146,1:17:53,50.57%
351,Wendy Relich,"Huntington Beach, CA",8118,41:08,10:17,F 30-34/27,F-34,147,1:04:07,47.10%
352,Karen Wrght,"Rancho Cucamonga, CA",8143,41:15,10:19,F 30-34/28,F-32,148,1:04:14,46.77%
353,Lindsay Booze,"San Diego, CA",7084,41:15,10:19,F 25-29/27,F-28,149,1:09:30,46.65%
354,Brett Chotkevys,"Santa Ana, CA",6011,41:19,10:20,M 25-29/39,M-26,205,48:18,40.80%
355,Laura Chotkevys,"Santa Ana, CA",6085,41:20,10:20,F 20-24/29,F-24,150,48:18,46.55%
356,Gladys Castillo,"Chino, CA",2998,41:40,10:25,F 20-24/30,F-24,151,57:45,46.18%
357,John Stevens,"Trabuco Canyon, CA",6809,41:41,10:26,M 45-49/9,M-45,206,51:50,44.44%
358,Jeanette Jimenez,"Burbank, CA",8894,41:42,10:26,F 20-24/31,F-24,152,57:45,46.14%
359,Aileen Arban,"Bellflower, CA",6070,41:43,10:26,F 20-24/32,F-24,153,2:00:57,46.12%
360,David Salene,"Anaheim, CA",6808,41:46,10:27,M 45-49/10,M-45,207,51:55,44.35%
361,Tim Stolo,"Orange, CA",8037,41:47,10:27,M 35-39/28,M-36,208,51:54,41.46%
362,Brian Summerfield,"Costa Mesa, CA",7069,41:51,10:28,M 30-34/45,M-31,209,48:47,40.48%
363,Sheila Walker,"Claremont, CA",8141,41:58,10:30,F 30-34/29,F-33,154,48:54,46.05%
364,Jodalyn Flores,"Irvine, CA",6120,42:00,10:30,F 20-24/33,F-23,155,58:02,45.81%
365,Jessica McKay-Dasent,"Irvine, CA",7130,42:01,10:31,F 25-29/28,F-29,156,1:01:40,45.79%
366,Zack Lemley,"San Diego, CA",5996,42:02,10:31,M 30-34/46,M-31,210,2:33:57,40.30%
367,Kathy Ha,"Ridgecrest, CA",6129,42:02,10:31,F 20-24/34,F-23,157,1:39:44,45.78%
368,Sonia Rodriguez,"Bellflower, CA",7159,42:07,10:32,F 25-29/29,F-29,158,1:01:48,45.68%
369,Leanna Ramirez,"La Puente, CA",8117,42:07,10:32,F 30-34/30,F-34,159,58:10,46.00%
370,Amanda Costa,"San Diego, CA",6090,42:10,10:33,F 20-24/35,F-24,160,1:55:51,45.63%
371,Christina Duong,"Garden Grove, CA",6106,42:12,10:33,F 20-24/36,F-24,161,1:50:21,45.59%
372,Chantel Donnan,"Lakewood, CA",6104,42:12,10:33,F 20-24/37,F-21,162,54:49,45.59%
373,Quincy Thongphuw,"Hawaiian Gardens, CA",6057,42:13,10:34,M 25-29/40,M-26,211,1:05:13,39.93%
374,Megan O'Connell,"Rancho Cucamonga, CA",6159,42:13,10:34,F 20-24/38,F-24,163,1:55:54,45.58%
375,Loraine Rodas,"Whittier, CA",5218,42:14,10:34,F 35-39/33,F-36,164,1:55:58,46.23%
376,Tricia Matsuda,"Irvine, CA",6230,42:16,10:34,F 40-44/14,F-41,165,1:14:34,47.50%
377,Stacey Giles,"Los Angeles, CA",6126,42:18,10:35,F 20-24/39,F-23,166,1:56:02,45.49%
378,Jamie Burton,"San Pedro, CA",6209,42:21,10:36,F 40-44/15,F-43,167,1:10:36,48.15%
379,Michelle Dill,"San Pedro, CA",8072,42:21,10:36,F 30-34/31,F-33,168,1:10:36,45.63%
380,Ron Whaley,"Orange, CA",6966,42:22,10:36,M 60-99/3,M-61,212,55:03,49.90%
381,Jenna McHale,"Los Angeles, CA",6148,42:26,10:37,F 20-24/40,F-20,169,58:28,45.34%
382,Jennifer Crain,"Orange, CA",6212,42:27,10:37,F 40-44/16,F-40,170,58:34,46.94%
383,Craig Satterfield,"Huntington Beach, CA",5142,42:29,10:38,M 45-49/11,M-47,213,55:08,44.31%
384,Stephanie Satterfield,"Huntington Beach, CA",7222,42:29,10:38,F 45-49/6,F-45,171,55:08,48.86%
385,Brooke Thom,"Irvine, CA",6193,42:30,10:38,F 20-24/41,F-24,172,58:33,45.27%
386,Michelle Jackson,"Irvine, CA",6134,42:30,10:38,F 25-29/30,F-25,173,58:33,45.27%
387,Brittney Orand,"Corona, CA",6161,42:32,10:38,F 20-24/42,F-22,174,58:35,45.24%
388,Gina Skibar,"Pomona, CA",7168,42:35,10:39,F 25-29/31,F-29,175,1:05:33,45.18%
389,Jackie Collins,"Newport Beach, CA",6211,42:35,10:39,F 40-44/17,F-41,176,1:05:37,47.14%
390,Marissa May Buck,"Long Beach, CA",6083,42:37,10:40,F 20-24/43,F-23,177,58:39,45.15%
391,Ashley Lombard,"Tustin, CA",8103,42:40,10:40,F 30-34/32,F-33,178,58:44,45.29%
392,Jon Haritatos,"Huntington Beach, CA",7037,42:46,10:42,M 30-34/47,M-30,214,52:54,39.53%
393,Jina Lassak Lopresti,"Torrance, CA",6226,42:47,10:42,F 40-44/18,F-40,179,1:15:05,46.57%
394,Jay Makemson,"Ladera Ranch, CA",5130,42:48,10:42,M 40-44/20,M-42,215,55:27,42.31%
395,Garrett Peavy,"Huntington Beach, CA",6047,42:50,10:43,M 25-29/41,M-28,216,52:58,39.35%
396,Autumn Palazzola,"Irvine, CA",8113,42:55,10:44,F 30-34/33,F-30,180,1:15:16,44.83%
397,Alicia Everetts,"Irvine, CA",6111,42:55,10:44,F 20-24/44,F-23,181,58:58,44.83%
398,Jeanine Farrell,"San Dimas, CA",6112,42:57,10:45,F 20-24/45,F-24,182,1:15:18,44.80%
399,Lindsey Fernandez,"Santa Ana, CA",7200,42:58,10:45,F 45-49/7,F-45,183,1:15:19,48.31%
400,Stephanie Lopes,"Los Alamitos, CA",6143,43:02,10:46,F 20-24/46,F-22,184,2:22:21,44.71%
401,Marlena Wagner,"Los Angeles, CA",8139,43:05,10:47,F 30-34/34,F-31,185,1:06:04,44.70%
402,Sara Palazzola,"Irvine, CA",7146,43:06,10:47,F 25-29/32,F-28,186,1:15:27,44.64%
403,Janet Rios,"Irvine, CA",8120,43:12,10:48,F 30-34/35,F-34,187,1:06:11,44.85%
404,Deborah Bamsey,"Huntington Beach, CA",5170,43:13,10:49,F 35-39/34,F-39,188,59:18,45.83%
405,Michelle White,"Huntington Beach, CA",5238,43:13,10:49,F 35-39/35,F-38,189,59:18,45.56%
406,Erin Igarashi,"Yorba Linda, CA",7109,43:15,10:49,F 25-29/33,F-28,190,1:06:15,44.49%
407,Heather Newport,"Orange, CA",7138,43:15,10:49,F 25-29/34,F-28,191,1:15:38,44.49%
408,Diane Decrona,"Tustin, CA",7196,43:16,10:49,F 55-59/1,F-57,192,1:15:38,55.68%
409,Dawn White,"La Mirada, CA",7182,43:16,10:49,F 25-29/35,F-29,193,1:06:16,44.47%
410,Jesse Mikolajczyk,"Huntington Beach, CA",6041,43:16,10:49,M 25-29/42,M-27,217,59:18,38.96%
411,Stacy Igarashi,"Santa Ana, CA",8093,43:16,10:49,F 30-34/36,F-32,194,1:06:16,44.59%
412,Toby Crain,"Orange, CA",5109,43:16,10:49,M 40-44/21,M-44,218,55:54,42.50%
413,Briana Rios,"Fullerton, CA",6179,43:20,10:50,F 20-24/47,F-23,195,43:21,44.40%
414,Aubrie Wilson,"Foothill Ranch, CA",5240,43:20,10:50,F 35-39/36,F-37,196,1:11:36,45.25%
415,Travis Torres,"Anaheim Hills, CA",8038,43:20,10:50,M 35-39/29,M-39,219,53:26,40.86%
416,Brittany Brooks,"Laguna Niguel, CA",6208,43:20,10:50,F 40-44/19,F-42,197,1:15:42,46.67%
417,Marty Simpson,"Lake Forest, CA",5224,43:22,10:51,F 35-39/37,F-39,198,1:11:38,45.67%
418,Pryndana Hahn,"San Clemente, CA",5193,43:22,10:51,F 35-39/38,F-36,199,1:11:37,45.02%
419,Bryan Jennings,"Fountain Valley, CA",5126,43:24,10:51,M 40-44/22,M-40,220,56:05,41.11%
420,Julie Mangrello,"Fountain Valley, CA",5207,43:24,10:51,F 35-39/39,F-38,200,56:04,45.37%
421,Sylvania Phann,"Fullerton, CA",6165,43:24,10:51,F 13-19/15,F-19,201,1:11:42,44.53%
422,Jonathan Navarette,"Corona, CA",5069,43:26,10:52,M 20-24/29,M-24,221,43:27,38.81%
423,Diana Davila,"Hacienda Heights, CA",7195,43:32,10:53,F 45-49/8,F-49,202,59:38,49.90%
424,Miriam Palma,"Corona, CA",8114,43:37,10:55,F 30-34/37,F-32,203,1:03:20,44.23%
425,Samara Ruland,"Mission Viejo, CA",5221,43:39,10:55,F 35-39/40,F-38,204,1:11:52,45.11%
426,Eddie Carden,"Los Angeles, CA",5025,43:40,10:55,M 20-24/30,M-22,222,1:06:40,38.60%
427,Joanna Fabicon,"West Hollywood, CA",8079,43:43,10:56,F 30-34/38,F-33,205,1:06:42,44.20%
428,Isabelle Huguet,"Los Angeles, CA",5998,43:45,10:57,F 25-29/36,F-29,206,1:06:44,43.98%
429,Jane Espino,"San Pedro, CA",6216,43:48,10:57,F 45-49/9,F-45,207,1:12:04,47.39%
430,Kimberly Boynton,"Los Angeles, CA",6080,43:50,10:58,F 20-24/48,F-23,208,1:06:50,43.90%
431,Leah Bollier,"Long Beach, CA",8881,43:55,10:59,F 25-29/37,F-27,209,1:52:10,43.81%
432,Nicole Lauro,"San Pedro, CA",6227,44:00,11:00,F 40-44/20,F-41,210,1:12:16,45.62%
433,Chelsea Hayes,"Los Angeles, CA",7106,44:03,11:01,F 25-29/38,F-27,211,1:00:06,43.68%
434,Baylee Baker,"Mission Viejo, CA",6074,44:04,11:01,F 13-19/16,F-15,212,1:00:10,45.71%
435,Anthony Martinez,"Claremont, CA",5131,44:08,11:02,M 50-54/6,M-51,223,44:08,44.01%
436,Yesenia Rodriguez,"Gardena, CA",6180,44:08,11:02,F 20-24/49,F-24,213,1:36:34,43.60%
437,Jacquleen Alagozian,"Montebello, CA",7074,44:09,11:03,F 25-29/39,F-28,214,1:52:20,43.58%
438,Sharla Bird,"Huntington Beach, CA",8054,44:09,11:03,F 30-34/39,F-31,215,1:07:06,43.62%
439,Maisha Clark,"Lake Forest, CA",8065,44:09,11:03,F 30-34/40,F-34,216,1:07:06,43.88%
440,Alejandra Aguilar,"Gardena, CA",6064,44:10,11:03,F 20-24/50,F-24,217,1:36:35,43.56%
441,Keya Mukherjee,"Agoura Hills, CA",6154,44:12,11:03,F 20-24/51,F-22,218,1:07:12,43.53%
442,Billy Pinson,"Chino, CA",7060,44:16,11:04,M 30-34/48,M-32,224,51:13,38.38%
443,Greg Hastings,"Brea, CA",7038,44:17,11:05,M 30-34/49,M-32,225,56:58,38.37%
444,Chrystal Gyger,"Los Angeles, CA",8087,44:20,11:05,F 30-34/41,F-34,219,1:07:18,43.70%
445,Nicolle Cuello,"West Hollywood, CA",8068,44:21,11:06,F 30-34/42,F-32,220,1:07:19,43.50%
446,Jessica Thurber,"Los Angeles, CA",7174,44:21,11:06,F 25-29/40,F-29,221,1:07:19,43.38%
447,Amy Oliver,"Corona, CA",7141,44:21,11:06,F 25-29/41,F-28,222,57:03,43.38%
448,Gloria Lozano,"Whittier, CA",7122,44:22,11:06,F 25-29/42,F-29,223,1:21:14,43.37%
449,Nora Etter,"Newport Beach, CA",7198,44:23,11:06,F 50-54/2,F-53,224,1:16:44,51.50%
450,Kathy Stassforth,"Santa Barbara, CA",7224,44:25,11:07,F 45-49/10,F-46,225,1:16:45,47.22%
451,Michael Moncera,"Anaheim, CA",7055,44:25,11:07,M 30-34/50,M-32,226,1:52:38,38.25%
452,Gina Vander Meer,"Brea, CA",6243,44:28,11:07,F 40-44/21,F-43,226,1:16:45,45.86%
453,Kathy Jouneghani,"Mission Viejo, CA",8095,44:29,11:08,F 30-34/43,F-30,227,1:52:42,43.25%
454,Lara Maclean,"Anaheim, CA",5837,44:30,11:08,F NoAge/0,F-0,228,1:00:36, 0.00%
455,Joshua Bobb,"Arcadia, CA",6008,44:37,11:10,M 25-29/43,M-25,227,47:48,37.78%
456,Teresa Luna,"Glendora, CA",7124,44:37,11:10,F 25-29/43,F-29,229,47:49,43.12%
457,Brian Hill,"Irvine, CA",6804,44:42,11:11,M 25-29/44,M-29,228,57:19,37.75%
458,Stephen Hulsey,"Los Angeles, CA",5124,44:43,11:11,M 60-99/4,M-67,229,57:21,49.93%
459,Jenna Dowding,"Irvine, CA",6105,44:43,11:11,F 25-29/44,F-25,230,57:21,43.03%
460,Gretchen Genato,"Corona, CA",6967,44:51,11:13,F 25-29/45,F-27,231,1:04:30,42.90%
461,Sammy Alcaraz,"Santa Ana, CA",8897,44:54,11:14,M 25-29/45,M-29,230,1:00:58,37.58%
462,Kristopher Escoto,"Glendora, CA",6021,44:55,11:14,M 25-29/46,M-28,231,48:07,37.53%
463,Ryan Laiola,"Anaheim, CA",6036,44:55,11:14,M 25-29/47,M-27,232,1:21:47,37.53%
464,Monica Aguilar,"Anaheim, CA",8900,44:56,11:14,F 25-29/46,F-25,232,1:01:00,42.82%
465,Natalie Huynh,"Westminster, CA",8092,44:57,11:15,F 30-34/44,F-31,233,1:42:37,42.84%
466,Destinee Blake,"Rowland Heights, CA",6079,44:57,11:15,F 13-19/17,F-18,234,1:17:16,43.25%
467,Karen Pandeli,"Los Angeles, CA",7147,45:03,11:16,F 25-29/47,F-27,235,52:00,42.71%
468,Crystal Hastings,"Brea, CA",8089,45:04,11:16,F 30-34/45,F-30,236,57:46,42.69%
469,Kevin Divine,"Temecula, CA",7022,45:11,11:18,M 30-34/51,M-31,233,1:13:26,37.49%
470,Rita Manoukian,"Pasadena, CA",6147,45:11,11:18,F 20-24/52,F-22,237,1:53:22,42.58%
471,Carol Divine,"Temecula, CA",8074,45:11,11:18,F 30-34/46,F-33,238,1:13:25,42.77%
472,Brittany Montoya,"Fullerton, CA",6152,45:14,11:19,F 13-19/18,F-19,239,1:13:31,42.72%
473,Gianna Laiola,"Irvine, CA",8099,45:17,11:20,F 30-34/47,F-30,240,1:22:08,42.49%
474,Sarah Foley,"Fullerton, CA",6122,45:20,11:20,F 20-24/53,F-21,241,1:13:37,42.44%
475,Erlinda Beltran,"Moreno Valley, CA",5173,45:21,11:21,F 35-39/41,F-36,242,1:13:34,43.05%
476,Michael Dillon,"Dana Point, CA",5110,45:22,11:21,M 40-44/23,M-42,234,58:00,39.91%
477,Maria Tantania,"North Hills, CA",5233,45:24,11:21,F 35-39/42,F-35,243,1:17:44,42.82%
478,Richard Cridlebaugh,"Menifee, CA",6013,45:25,11:22,M 25-29/48,M-26,235,1:01:28,37.11%
479,Christine Stolo,"Orange, CA",5231,45:26,11:22,F 35-39/43,F-38,244,55:34,43.34%
480,Annelyn Tolentino,"Sherman Oaks, CA",8135,45:27,11:22,F 30-34/48,F-32,245,1:17:45,42.44%
481,Jeff Woo,"Aliso Viejo, CA",8042,45:31,11:23,M 35-39/30,M-38,236,1:13:45,38.61%
482,Heather Parker,"Huntington Beach, CA",7149,45:35,11:24,F 25-29/48,F-28,246,1:01:37,42.21%
483,Roberta Yoo,"Covina, CA",5241,45:37,11:25,F 35-39/44,F-37,247,1:17:55,42.98%
484,Jeff Fingler,"Pasadena, CA",7026,45:38,11:25,M 30-34/52,M-31,237,1:08:37,37.12%
485,Harmony Gates,"Huntington Beach, CA",8084,45:38,11:25,F 30-34/49,F-30,248,1:08:37,42.16%
486,Jane Pappas,"Orange, CA",6236,45:40,11:25,F 40-44/22,F-43,249,1:17:58,44.65%
487,Ted Hill,"Mission Viejo, CA",6032,45:42,11:26,M 25-29/49,M-29,238,1:08:44,36.92%
488,Rachel Spitz,"Yorba Linda, CA",8127,45:42,11:26,F 30-34/50,F-32,250,1:08:42,42.21%
489,Nicole Hill,"Mission Viejo, CA",8091,45:43,11:26,F 30-34/51,F-30,251,1:08:44,42.09%
490,Jana Haney,"Los Angeles, CA",8088,45:53,11:29,F 30-34/52,F-32,252,1:05:36,42.04%
491,Joan Villaros,"Torrance, CA",8138,45:55,11:29,F 30-34/53,F-34,253,1:14:09,42.19%
492,Jonathan Lomibao,"Los Angeles, CA",6038,45:58,11:30,M 25-29/50,M-28,239,1:18:20,36.67%
493,Mary Lou Liebau,"Newport Beach, CA",7118,45:58,11:30,F 25-29/49,F-25,254,1:18:20,41.86%
494,Michael Lomibao,"Los Angeles, CA",7048,45:58,11:30,M 30-34/53,M-33,240,1:18:20,37.11%
495,Ruben Castorena,"Cypress, CA",7014,46:00,11:30,M 30-34/54,M-32,241,1:18:23,36.93%
496,Lia Crilly,"San Clemente, CA",6213,46:01,11:31,F 40-44/23,F-40,255,1:18:19,43.30%
497,Carmel Martinez,"La Verne, CA",8105,46:05,11:32,F 30-34/54,F-31,256,53:02,41.79%
498,Christopher Lomibao,"Newport Beach, CA",7047,46:06,11:32,M 30-34/55,M-30,242,1:18:28,36.67%
499,Michelle Burke,"Brea, CA",7193,46:13,11:34,F 45-49/11,F-45,257,1:23:05,44.91%
500,Lisa London,"Irvine, CA",7212,46:13,11:34,F 45-49/12,F-46,258,1:23:05,45.38%
501,Yvette Moore,"Simi Valley, CA",6231,46:15,11:34,F 40-44/24,F-42,259,1:18:34,43.73%
502,Marilyn Galindez,"Los Angeles, CA",7101,46:16,11:34,F 25-29/50,F-27,260,1:34:33,41.59%
503,Nicole Moore,"Simi Valley, CA",6153,46:16,11:34,F 20-24/54,F-22,261,1:18:35,41.59%
504,Tony Pedroza,"Fullerton, CA",5139,46:19,11:35,M 40-44/24,M-41,243,1:14:33,38.80%
505,David Haney,"Irvine, CA",5120,46:21,11:36,M 60-99/5,M-65,244,1:06:04,47.30%
506,Britni Brown,"Orange, CA",6081,46:33,11:39,F 20-24/55,F-22,262,1:02:36,41.33%
507,Parissh Knox,"Los Angeles, CA",8015,46:33,11:39,M 35-39/31,M-36,245,1:34:51,37.21%
508,Matthew Fox,"Tustin, CA",7029,46:36,11:39,M 30-34/56,M-31,246,53:33,36.35%
509,Ashlee Eagle,"Seal Beach, CA",8076,46:40,11:40,F 30-34/55,F-33,263,1:34:52,41.41%
510,Miki Wise,"Cypress, CA",6247,46:40,11:40,F 40-44/25,F-43,264,1:34:53,43.69%
511,Edmundo Galindo,"San Bernardino, CA",5115,46:41,11:41,M 45-49/12,M-47,247,59:21,40.32%
512,Kimberly Marshall,"San Clemente, CA",8104,46:42,11:41,F 30-34/56,F-32,265,1:19:03,41.31%
513,Jordyn Bennett,"Ladera Ranch, CA",7080,46:43,11:41,F 25-29/51,F-28,266,1:19:03,41.18%
514,Courtney Ruby,"Costa Mesa, CA",7161,46:43,11:41,F 25-29/52,F-25,267,1:09:42,41.18%
515,Arlene Colon,"Mission Viejo, CA",5182,46:46,11:42,F 35-39/45,F-36,268,1:19:06,41.75%
516,Cynthia Critchley,"Huntington Beach, CA",7089,46:48,11:42,F 25-29/53,F-27,269,56:56,41.11%
517,Lorenzo Candelario,"Riverside, CA",5105,46:53,11:44,M 40-44/25,M-40,248,56:59,38.05%
518,Niki Andrews,"Ladera Ranch, CA",6069,46:54,11:44,F 20-24/56,F-24,270,1:23:44,41.02%
519,Amber Gallis,"Laguna Hills, CA",7102,46:59,11:45,F 25-29/54,F-27,271,1:19:19,40.95%
520,Cheryl Dodd,"Rsm, CA",6215,47:00,11:45,F 40-44/26,F-44,272,1:19:19,43.77%
521,Melinda Chisick,"Anaheim, CA",5181,47:03,11:46,F 35-39/46,F-38,273,57:09,41.85%
522,Michal Zeituni,"Los Angeles, CA",7187,47:04,11:46,F 25-29/55,F-27,274,1:06:44,40.88%
523,Anthony Foster,"San Diego, CA",7028,47:05,11:47,M 30-34/57,M-31,249,1:06:45,35.98%
524,Kat Chin,"Irvine, CA",8061,47:08,11:47,F 30-34/57,F-33,275,1:10:10,41.00%
525,Lupita Arciniega,"Rancho Cucamonga, CA",5168,47:09,11:48,F 35-39/47,F-37,276,1:19:26,41.58%
526,Sonia Okerlund,"Fullerton, CA",6235,47:14,11:49,F 40-44/27,F-42,277,1:19:36,42.82%
527,Lisa Rodriguez,"Walnut, CA",8122,47:18,11:50,F 30-34/58,F-34,278,1:24:11,40.96%
528,Vanessa Riojas,"Rowland Heights, CA",7157,47:20,11:50,F 25-29/56,F-29,279,1:24:12,40.65%
529,Cindy Hansen,"Anaheim, CA",5194,47:20,11:50,F 35-39/48,F-38,280,57:25,41.60%
530,Michelle Murray,"Whittier, CA",7216,47:21,11:51,F 45-49/13,F-46,281,1:26:09,44.30%
531,Lisa Norlie,"Los Angeles, CA",5212,47:25,11:52,F 35-39/49,F-36,282,1:15:39,41.17%
532,Sheila Rodriguez,"Rancho Cucamonga, CA",5219,47:27,11:52,F 35-39/50,F-39,283,1:15:41,41.74%
533,Amber Lane,"Pasadena, CA",7115,47:29,11:53,F 25-29/57,F-25,284,1:27:20,40.52%
534,Melody Green,"Torrance, CA",5191,47:29,11:53,F 35-39/51,F-38,285,1:15:43,41.47%
535,Michelle Gardner,"Corona, CA",5186,47:32,11:53,F 35-39/52,F-36,286,1:15:46,41.07%
536,Kate Rouker,"Culver City, CA",8124,47:48,11:57,F 30-34/59,F-31,287,1:10:48,40.29%
537,Stacy Di Dodo,"Yorba Linda, CA",8071,47:51,11:58,F 30-34/60,F-34,288,57:57,40.49%
538,Jasmine Naziri,"Newport Beach, CA",6157,47:53,11:59,F 20-24/57,F-20,289,1:56:10,40.18%
539,Saum Senemar,"Yorba Linda, CA",5085,47:53,11:59,M 20-24/31,M-20,250,1:56:10,35.58%
540,Nooshin Aliandust,"Newport Coast, CA",6065,47:54,11:59,F 13-19/19,F-19,290,1:56:11,40.34%
541,Marc Sciortino,"Orange, CA",7062,48:00,12:00,M 30-34/58,M-34,251,1:36:13,35.67%
542,Dan Arakawa,"Trabuco Canyon, CA",6005,48:22,12:06,M 25-29/51,M-29,252,2:22:29,34.88%
543,Christine Arakawa,"Trabuco Canyon, CA",8048,48:22,12:06,F 30-34/61,F-31,291,2:22:29,39.81%
544,Nicole Johnson,"San Clemente, CA",8094,48:24,12:06,F 30-34/62,F-30,292,1:08:07,39.75%
545,Yvonne Wigginton,"San Juan Capistrano, CA",6245,48:24,12:06,F 40-44/28,F-44,293,1:08:07,42.51%
546,Hannah Smith,"Huntington Beach, CA",6189,48:25,12:07,F 13-19/20,F-13,294,1:33:15,42.87%
547,Kenya Hernandez,"Irvine, CA",8090,48:29,12:08,F 30-34/63,F-32,295,1:08:09,39.79%
548,Sarine Boyadjian,"Valley Village, CA",7085,48:32,12:08,F 25-29/58,F-28,296,1:56:43,39.64%
549,Karen Githens,"Fullerton, CA",7203,48:35,12:09,F 45-49/14,F-46,297,1:20:56,43.17%
550,Korey Clark,"Corona, CA",8064,48:36,12:09,F 30-34/64,F-34,298,1:36:49,39.86%
551,Danielle Rosales,"Orange, CA",7160,48:42,12:11,F 25-29/59,F-25,299,1:08:22,39.51%
552,Florence Diaz,"Riverside, CA",5184,48:43,12:11,F 35-39/53,F-39,300,1:11:43,40.66%
553,Tara Candelario,"Riverside, CA",5178,48:48,12:12,F 35-39/54,F-38,301,58:54,40.35%
554,Joshua Candelario,"Riverside, CA",5024,48:49,12:13,M 13-19/28,M-13,253,58:56,38.83%
555,Teresa Acero,"Irvine, CA",6990,48:50,12:13,F 45-49/15,F-46,302,1:57:06,42.95%
556,Kara Smith,"Huntington Beach, CA",5226,48:57,12:15,F 35-39/55,F-38,303,1:33:47,40.22%
557,Desiree Vargas,"Chino, CA",8884,49:00,12:15,F 13-19/21,F-16,304,1:17:13,40.59%
558,Claudia Fernandez,"Pomona, CA",8081,49:01,12:16,F 30-34/65,F-30,305,1:12:00,39.25%
559,Cynthia Quintana,"Woodland Hills, CA",5216,49:02,12:16,F 35-39/56,F-38,306,59:11,40.16%
560,Candace Diaz,"Costa Mesa, CA",7094,49:14,12:19,F 25-29/60,F-27,307,56:10,39.08%
561,Alex Wilson,"Laguna Hills, CA",6062,49:28,12:22,M 25-29/52,M-29,254,2:03:12,34.11%
562,Charissa Dugan,"Lake Forest, CA",7197,49:36,12:24,F 45-49/16,F-45,308,2:23:43,41.85%
563,Frank Slovak,"Orange, CA",5114,49:43,12:26,M 40-44/26,M-44,255,1:29:27,36.99%
564,Shay Slovak,"Orange, CA",6188,49:43,12:26,F 13-19/22,F-13,309,1:29:27,41.75%
565,Charles Kiem,"Westminster, CA",5057,49:44,12:26,M 20-24/32,M-22,256,49:47,33.89%
566,Laila Nikjoo,"Anaheim, CA",7139,49:48,12:27,F 25-29/61,F-25,310,1:09:29,38.63%
567,Alison Summerfield,"Costa Mesa, CA",7170,49:52,12:28,F 25-29/62,F-25,311,1:09:34,38.58%
568,Hana Fisher,"Laguna Niguel, CA",6119,49:53,12:29,F 13-19/23,F-14,312,1:05:57,40.94%
569,Rachel Richardson,"Laguna Niguel, CA",6177,49:53,12:29,F 13-19/24,F-14,313,1:05:57,40.94%
570,Amber Rose Dean,", ",6985,49:57,12:30,F 25-29/63,F-26,314,1:05:59,38.52%
571,Jade Dean,"Long Beach, CA",6096,49:58,12:30,F 20-24/58,F-21,315,1:05:59,38.51%
572,Melissa Davis,"Costa Mesa, CA",7092,49:59,12:30,F 25-29/64,F-25,316,2:03:43,38.49%
573,Kevin Lane,"Long Beach, CA",5059,50:01,12:31,M 13-19/29,M-18,257,1:02:40,34.87%
574,Kristin Lane,"Long Beach, CA",6136,50:11,12:33,F 20-24/59,F-20,317,1:02:50,38.34%
575,Miranda Otero,"Long Beach, CA",7144,50:22,12:36,F 25-29/65,F-25,318,1:10:04,38.20%
576,Crystal Joyce Martirez,"Corona, CA",7127,50:23,12:36,F 25-29/66,F-27,319,1:58:37,38.19%
577,Nancy Murad,"Fontana, CA",7135,50:26,12:37,F 25-29/67,F-29,320,1:13:26,38.15%
578,Kimberly Cannon,"Alta Loma, CA",8057,50:28,12:37,F 30-34/66,F-30,321,1:13:28,38.12%
579,Cassie Backer,"La Mirada, CA",7077,50:29,12:38,F 25-29/68,F-25,322,1:10:11,38.11%
580,Atousa Nainavaii,"Oak Park, CA",6156,50:30,12:38,F 13-19/25,F-18,323,2:20:21,38.49%
581,Leigha Levig,"Rsm, CA",7117,50:33,12:39,F 25-29/69,F-26,324,1:22:53,38.06%
582,Rena Dahan,"Long Beach, CA",6094,50:34,12:39,F 20-24/60,F-20,325,1:35:27,38.05%
583,Linda Chapin,"Visalia, CA",7194,50:36,12:39,F 60-99/1,F-60,326,1:22:56,49.65%
584,Jessica Bautista,"Anaheim, CA",7079,50:40,12:40,F 25-29/70,F-27,327,1:10:19,37.97%
585,Caitlin Redak,"Riverside, CA",6175,50:42,12:41,F 13-19/26,F-14,328,1:27:32,40.28%
586,Yolanda Alvarez,"Huntington Beach, CA",7075,50:46,12:42,F 25-29/71,F-25,329,1:10:25,37.90%
587,Allyson Fierro,"Irvine, CA",6117,50:51,12:43,F 13-19/27,F-18,330,2:20:43,38.23%
588,Kimberly Yaeger,"Yorba Linda, CA",7184,50:52,12:43,F 25-29/72,F-26,331,1:55:06,37.82%
589,Erik Green,"Sunland, CA",5045,50:54,12:44,M 20-24/33,M-24,258,1:06:57,33.11%
590,Beth Danna,"Irvine, CA",6095,50:54,12:44,F 20-24/61,F-24,332,1:06:57,37.80%
591,Lisa Zubia,"Corona, CA",5244,50:59,12:45,F 35-39/57,F-37,333,1:13:58,38.46%
592,Liz Leal,"Corona, CA",8102,51:00,12:45,F 30-34/67,F-33,334,1:13:59,37.89%
593,Kim Hyun,"Irvine, CA",6221,51:02,12:46,F 40-44/29,F-41,335,1:30:54,39.33%
594,Bing Hyun,"Irvine, CA",5125,51:03,12:46,M 40-44/27,M-41,259,1:30:54,35.21%
595,Alicia Peterson,"Huntington Beach, CA",7154,51:06,12:47,F 25-29/73,F-28,336,1:10:46,37.65%
596,Johnny Nguyen,"Irvine, CA",8024,51:14,12:49,M 35-39/32,M-37,260,1:48:54,34.04%
597,Eduardo Alfaro,"Inglewood, CA",5955,51:15,12:49,M 25-29/53,M-25,261,1:01:26,32.89%
598,Hector Alfaro,"Inglewood, CA",7005,51:16,12:49,M 30-34/59,M-31,262,1:01:26,33.04%
599,Jonathan Caballero,"Bellflower, CA",5023,51:17,12:50,M 20-24/34,M-24,263,1:28:16,32.87%
600,Kris Wood,"Yorba Linda, CA",7226,51:18,12:50,F 45-49/17,F-47,337,1:28:09,41.34%
601,Kimberly Hammond,"Riverside, CA",7204,51:18,12:50,F 50-54/3,F-54,338,1:28:09,45.14%
602,Corey Wood,"Yorba Linda, CA",6202,51:19,12:50,F 13-19/28,F-18,339,1:28:10,37.88%
603,Therese Betita,"Glendale, CA",7082,51:20,12:50,F 25-29/74,F-26,340,1:28:18,37.48%
604,Kelsey Wood,"Yorba Linda, CA",6203,51:21,12:51,F 20-24/62,F-21,341,1:28:13,37.47%
605,Kevin Keleher,"Fountain Valley, CA",7045,51:26,12:52,M 30-34/60,M-31,264,1:31:13,32.93%
606,Rosalie Ungria,"Fountain Valley, CA",7176,51:28,12:52,F 25-29/75,F-28,342,1:31:14,37.38%
607,Esther Valdovinos,"Huntng, CA",7177,51:29,12:53,F 25-29/76,F-28,343,1:11:09,37.37%
608,Cynthia Enriquez,"Anaheim, CA",6108,51:37,12:55,F 20-24/63,F-23,344,1:39:52,37.27%
609,Victoria Perreira-Pico,"Van Nuys, CA",7153,51:39,12:55,F 25-29/77,F-27,345,1:28:29,37.25%
610,Banner Kerr,", ",6942,51:39,12:55,M NoAge/0,M-0,265,1:59:48, 0.00%
611,Cathy Prather,"Corona, CA",7220,51:44,12:56,F 45-49/18,F-45,346,1:39:52,40.12%
612,Cindy Turner,"Corona, CA",5236,51:46,12:57,F 35-39/58,F-39,347,1:39:55,38.26%
613,Kristen Nelson,"San Clemente, CA",7218,51:46,12:57,F 45-49/19,F-45,348,2:53:57,40.10%
614,Kathryn Nguyen,"Irvine, CA",8111,51:47,12:57,F 30-34/68,F-34,349,1:49:26,37.41%
615,Jesse Hernandez,"Placebtia, CA",5047,51:56,12:59,M 20-24/35,M-23,266,51:58,32.46%
616,Amber McIntyre,"Perris, CA",7129,52:04,13:01,F 25-29/78,F-26,350,1:28:55,36.95%
617,Shirley Dean Lopez,", ",8891,52:28,13:07,F 50-54/4,F-50,351,1:08:30,41.91%
618,Annette Brown,"Long Beach, CA",7086,52:40,13:10,F 25-29/79,F-28,352,1:05:19,36.53%
619,Melissa Lacdoanio,"Rancho Cucamonga, CA",6968,52:40,13:10,F 20-24/64,F-23,353,1:05:19,36.53%
620,Shannon Lacabanne,"Rancho Cucamonga, CA",7114,52:40,13:10,F 25-29/80,F-26,354,1:05:19,36.53%
621,Mark Onorofski,"Irvine, CA",5135,52:45,13:12,M 55-59/3,M-59,267,1:05:23,39.38%
622,James O'Brien II,"San Mateo, CA",5134,52:49,13:13,M 55-59/4,M-56,268,1:05:26,38.35%
623,Ramela Tehrani,"Northridge, CA",7172,52:53,13:14,F 25-29/81,F-27,355,2:50:44,36.38%
624,Jennifer Stephenson,"Huntington Beach, CA",5229,53:04,13:16,F 35-39/59,F-37,356,1:25:24,36.95%
625,Adriana Ruelas,"Los Angeles, CA",5977,53:08,13:17,F 30-34/69,F-30,357,1:37:59,36.21%
626,Erika Dominguez,"Corona, CA",6103,53:27,13:22,F 20-24/65,F-23,358,1:09:32,36.00%
627,Eric Ferreiro,"Fullerton, CA",8005,53:29,13:23,M 35-39/33,M-35,269,1:09:33,32.20%
628,Melissa Finke,"Placentia, CA",6118,53:29,13:23,F 20-24/66,F-23,359,1:09:34,35.97%
629,Haley Dickerson,"Long Beach, CA",6099,53:30,13:23,F 20-24/67,F-22,360,1:06:10,35.96%
630,Anastasia Grisham,"Long Beach, CA",6128,53:31,13:23,F 20-24/68,F-22,361,1:06:10,35.95%
631,Tracy Castorena,"Covina, CA",5180,53:44,13:26,F 35-39/60,F-37,362,1:26:01,36.49%
632,Ginger Noble,"Riverside, CA",7219,53:45,13:27,F 45-49/20,F-48,363,1:09:55,39.92%
633,Chelsea Olmstead,"Westminster, CA",6160,53:54,13:29,F 13-19/29,F-19,364,1:09:56,35.85%
634,Dusty Ferguson,"Riverside, CA",7199,53:56,13:29,F 50-54/5,F-51,365,1:10:05,41.30%
635,Briana England,"Fullerton, CA",6107,53:56,13:29,F 13-19/30,F-18,366,1:09:59,36.04%
636,Victor Gallego,"Monterey Park, CA",6024,53:58,13:30,M 25-29/54,M-28,270,1:33:47,31.23%
637,Kelly Mead,"Yucaipa, CA",7131,54:04,13:31,F 25-29/82,F-28,367,1:13:46,35.58%
638,Kacye Marshall,"Los Angeles, CA",7126,54:04,13:31,F 25-29/83,F-26,368,1:13:46,35.58%
639,Michelle Gonzales,"Anaheim, CA",8085,54:10,13:33,F 30-34/70,F-34,369,1:34:03,35.76%
640,Ian Slade,"Anaheim, CA",7065,54:11,13:33,M 30-34/61,M-31,271,1:34:03,31.26%
641,Lisa Quezada,"Rancho Cucamonga, CA",6237,54:14,13:34,F 40-44/30,F-41,370,1:26:31,37.01%
642,Christina Teneriello,"Corona, CA",6192,54:20,13:35,F 20-24/69,F-23,371,2:08:03,35.41%
643,Amanda Slayton,"Glendora, CA",6187,54:29,13:38,F 20-24/70,F-23,372,2:08:12,35.31%
644,Cindy Cutzada,"South Gate, CA",6991,54:32,13:38,F 30-34/71,F-32,373,57:44,35.37%
645,Arlene Reyes,"Long Beach, CA",7156,54:32,13:38,F 25-29/84,F-27,374,1:14:12,35.28%
646,Christina Ramirez,"Sun City, CA",8116,54:47,13:42,F 30-34/72,F-30,375,54:47,35.12%
647,Luis Guerra,"Chino, CA",6028,54:49,13:43,M 25-29/55,M-26,272,1:34:40,30.75%
648,Lisa Bryce,"Fullerton, CA",5176,55:07,13:47,F 35-39/61,F-36,376,1:23:22,35.42%
649,Dean Bryce,"Fullerton, CA",5104,55:08,13:47,M 40-44/28,M-41,273,1:23:23,32.60%
650,Manuel Badillo,"Commerce, CA",7007,55:28,13:52,M 30-34/62,M-33,274,1:05:36,30.75%
651,Karla Augustin,"San Diego, CA",6206,56:15,14:04,F 40-44/31,F-42,377,1:28:32,35.95%
652,Maggie McLachlan,"San Diego, CA",6149,56:24,14:06,F 13-19/31,F-13,378,1:28:41,36.80%
653,Nicole Scalese,"La Jolla, CA",6183,56:25,14:07,F 20-24/71,F-24,379,1:09:03,34.10%
654,Athena Constantine,"San Diego, CA",6088,56:26,14:07,F 13-19/32,F-14,380,1:28:42,36.19%
655,Elizabeth Betita,"Irvine, CA",8053,56:32,14:08,F 30-34/73,F-30,381,1:33:29,34.03%
656,Danielle Masella,"Newport Beach, CA",5208,56:37,14:10,F 35-39/62,F-39,382,1:28:56,34.98%
657,Kimberly King,"Mission Viejo, CA",6223,56:40,14:10,F 40-44/32,F-42,383,1:28:59,35.69%
658,Mishel Keshishian,"Newport Beach, CA",7046,56:42,14:11,M 30-34/63,M-30,275,1:29:04,29.81%
659,Nupur Sharma,"Diamond Bar, CA",6823,56:45,14:12,M 20-24/36,M-24,276,1:09:23,29.70%
660,Elizabeth Watier,"Huntington Beach, CA",7180,56:45,14:12,F 25-29/85,F-26,384,1:16:28,33.90%
661,Zane Sand,"Riverside, CA",5080,56:57,14:15,M 13-19/30,M-14,277,1:09:41,32.55%
662,Arlan Lejak,"La Mirada, CA",5129,57:04,14:16,M 60-99/6,M-60,278,1:09:44,36.72%
663,Krista Geissinger,"Newport Beach, CA",5187,57:08,14:17,F 35-39/63,F-38,385,1:29:29,34.46%
664,Christina Noble,"Riverside, CA",6158,57:13,14:19,F 13-19/33,F-18,386,1:09:56,33.97%
665,Karen Flores,"Los Angeles, CA",7100,57:18,14:20,F 25-29/86,F-29,387,1:17:00,33.58%
666,Maria Needles,"Redondo Beach, CA",7217,57:51,14:28,F 55-59/2,F-57,388,1:30:11,41.64%
667,Susan Begay,"Brea, CA",7190,58:07,14:32,F 45-49/21,F-49,389,1:34:59,37.37%
668,Caprice Hjellum,"Corona, CA",7207,58:12,14:33,F 45-49/22,F-48,390,1:35:04,36.87%
669,John Shaka,"South Pasadena, CA",7063,58:20,14:35,M 30-34/64,M-30,279,1:26:37,28.98%
670,Allison Lee,"Cerritos, CA",6969,59:11,14:48,F 25-29/87,F-25,391,1:15:17,32.51%
671,Hollan Whitlock,"Rialto, CA",5094,59:44,14:56,M 20-24/37,M-22,280,1:39:36,28.22%
672,Lisa Llamas,"Newport Beach, CA",6140,1:00:03,15:01,F 20-24/72,F-22,392,1:39:53,32.04%
673,Lynda Kiem,"Westminster, CA",8096,1:00:08,15:02,F 30-34/74,F-30,393,1:23:06,31.99%
674,Bertha Willner,"Los Angeles, CA",5239,1:00:20,15:05,F 35-39/64,F-37,394,1:40:08,32.50%
675,Lisa Hanzlik,"Granada Hills, CA",7205,1:00:33,15:09,F 45-49/23,F-45,395,1:23:33,34.28%
676,Kristal Lewis,"Moreno Valley, CA",6138,1:00:38,15:10,F 20-24/73,F-24,396,1:40:25,31.73%
677,Christina Estrella,"Moreno Valley, CA",7097,1:00:38,15:10,F 25-29/88,F-27,397,1:40:25,31.73%
678,Robert Faucett,"Lake Forest, CA",8036,1:01:35,15:24,M 35-39/34,M-36,281,1:11:42,28.13%
679,Brandi Faucett,"Trabuco Canyon, CA",8080,1:01:35,15:24,F 30-34/75,F-33,398,1:11:42,31.38%
680,Angela Rice,"Moreno Valley, CA",5217,1:01:36,15:24,F 35-39/65,F-39,399,1:24:34,32.15%
681,Cecilia Galiana,"Moreno Valley, CA",8083,1:01:37,15:25,F 30-34/76,F-31,400,1:24:35,31.25%
682,Julie Christian,"Fontana, CA",8062,1:01:45,15:27,F 30-34/77,F-31,401,1:34:05,31.18%
683,Ryan Christian,"Fontana, CA",7015,1:01:48,15:27,M 30-34/65,M-34,282,1:34:07,27.70%
684,Lara Hansen,"Pasadena, CA",7105,1:01:51,15:28,F 25-29/89,F-28,402,1:41:42,31.11%
685,Amanda Childs,"Ladera Ranch, CA",8060,1:01:53,15:29,F 30-34/78,F-34,403,1:34:13,31.30%
686,Kirk Aguiar,"Fontana, CA",7003,1:02:23,15:36,M 30-34/66,M-34,283,1:34:42,27.45%
687,Jennifer Aguiar,"Fontana, CA",5166,1:02:30,15:38,F 35-39/66,F-37,404,1:34:49,31.37%
688,Jenna Stark,"Oceanside, CA",6190,1:03:08,15:47,F 20-24/74,F-24,405,1:35:28,30.47%
689,Jennifer Tucker,"San Marcos, CA",6196,1:03:08,15:47,F 20-24/75,F-24,406,1:35:29,30.47%
690,Kira Young,"San Diego, CA",6205,1:03:09,15:48,F 20-24/76,F-24,407,1:35:30,30.46%
691,Jennifer Andrews,"Long Beach, CA",6068,1:03:11,15:48,F 20-24/77,F-24,408,1:35:32,30.45%
692,Jesse Leigh,"Manhattan Beach, CA",5061,1:03:44,15:56,M 13-19/31,M-13,284,2:17:26,29.74%
693,Breanna Adamovich,"Murrieta, CA",6063,1:04:14,16:04,F 13-19/34,F-18,409,1:32:28,30.26%
694,Sandra Heredia,"San Pedro, CA",5197,1:04:16,16:04,F 40-44/33,F-40,410,1:32:30,31.00%
695,Cristina Adamovich,"Murrieta, CA",5165,1:04:17,16:05,F 35-39/67,F-38,411,1:32:32,30.63%
696,Susan Dumes,"Manhattan Beach, CA",6822,1:04:45,16:12,F NoAge/0,F-0,412,2:18:28, 0.00%
697,Carol Simon,"Manhattan Beach, CA",6821,1:04:52,16:13,F 60-99/2,F-83,413,2:18:35,58.67%
698,Inger Lane,"Long Beach, CA",6225,1:05:23,16:21,F 40-44/34,F-41,414,1:18:03,30.70%
699,Jasmyne Han,"Los Angeles, CA",7104,1:05:24,16:21,F 25-29/90,F-27,415,2:35:18,29.42%
700,Karen Thai,"Los Angeles, CA",7173,1:05:25,16:22,F 25-29/91,F-28,416,2:35:18,29.41%
701,Helen Lee,"Los Angeles, CA",7116,1:05:26,16:22,F 25-29/92,F-27,417,2:35:19,29.40%
702,Julie Lane,"Long Beach, CA",7209,1:05:28,16:22,F 45-49/24,F-47,418,1:18:07,32.39%
703,Noelle Seibert,"Placentia, CA",6185,1:07:21,16:51,F 20-24/78,F-24,419,1:30:21,28.56%
704,Katie Fickey,"La Verne, CA",6115,1:07:21,16:51,F 20-24/79,F-20,420,1:30:21,28.56%
705,Jennifer Degrave,"Anaheim, CA",7093,1:09:44,17:26,F 25-29/93,F-27,421,1:09:44,27.59%
706,Debbie Wahe,"Palmdale, CA",6244,1:12:47,18:12,F 40-44/35,F-44,422,1:45:05,28.26%
707,Gary Whaten,", ",5995,1:14:29,18:38,M NoAge/0,M-0,285,1:14:29, 0.00%
708,Angela Osaw,"Irvine, CA",7142,1:23:01,20:46,F 25-29/94,F-26,423,2:31:11,23.17%
709,Tanya Carmona,", ",2726,1:36:00,24:00,F 35-39/68,F-35,424,1:59:53,20.24%
710,Cameron Schirmer,"Costa Mesa, CA",5081,2:49:20,42:20,Unknown/2,M-9,286,2:49:20,12.62%
