Place,Name,Location,Bib,Net Time,Pace,Division/Place,Sex-Age,Sex-Place,Gun Time,Age Grade
1,Micah Carlson,"Hawthorne, CA",134,39:30,19:45,M 25-29/1,M-25,1,39:30, 0.00%
2,Alex Kostich,"Los Angeles, CA",311,39:35,19:48,M 35-39/1,M-38,2,39:35, 0.00%
3,David Schlesinger,"Studio City, CA",599,40:25,20:13,M 30-34/1,M-32,3,40:25, 0.00%
4,Sean Lemm,"El Segundo, CA",620,42:03,21:02,M 35-39/2,M-36,4,42:03, 0.00%
5,Kevin Silberman,"Manhattan Beach, CA",140,42:04,21:02,M 01-17/1,M-17,5,42:04, 0.00%
6,Gerry Rodrigues,"Beverly Hills, CA",384,42:06,21:03,M 45-49/1,M-45,6,42:06, 0.00%
7,Jason May,"Redondo Beach, CA",596,42:09,21:05,M 30-34/2,M-33,7,42:09, 0.00%
8,Michael K Lee,"Redondo Beach, CA",576,42:12,21:06,M 30-34/3,M-34,8,42:12, 0.00%
9,Scott Smith,"Redondo Beach, CA",627,43:28,21:44,M 25-29/2,M-26,9,43:28, 0.00%
10,Dian Gallas,"Manhattan Beach, CA",743,43:42,21:51,F 40-44/1,F-44,1,43:42, 0.00%
11,Buzz Harper,"Torrance, CA",974,43:43,21:52,M 45-49/2,M-48,10,43:43, 0.00%
12,Marlena Tonelli,"Yorba Linda, CA",32,43:47,21:54,F 18-24/1,F-19,2,43:47, 0.00%
13,Eric Chase,"Redondo Beach, CA",356,43:57,21:59,M 35-39/3,M-37,11,43:57, 0.00%
14,Grant Levy,"Beverly Hills, CA",402,44:00,22:00,M 45-49/3,M-45,12,44:00, 0.00%
15,Frank Bird,"San Pedro, CA",236,44:08,22:04,M 40-44/1,M-44,13,44:08, 0.00%
16,Tracy Edwards,"Santa Monica, CA",172,44:09,22:05,M 50-54/1,M-51,14,44:09, 0.00%
17,Tyler Storie,"Portland, OR",369,44:17,22:09,M 18-24/1,M-24,15,44:17, 0.00%
18,Robert Breitel,"Monrovia, CA",461,44:26,22:13,M 40-44/2,M-40,16,44:26, 0.00%
19,Jeremy Weinman,"Santa Monica, CA",208,44:36,22:18,M 30-34/4,M-30,17,44:36, 0.00%
20,Matthew Hammer,"Culver City, CA",528,44:39,22:20,M 01-17/2,M-13,18,44:39, 0.00%
21,Marc Eskes,"Fountain Valley, CA",635,44:48,22:24,M 30-34/5,M-31,19,44:48, 0.00%
22,Matthew Covington,"Santa Monica, CA",411,44:52,22:26,M 35-39/4,M-36,20,44:52, 0.00%
23,Amy Dantzler,"Los Angeles, CA",833,45:03,22:32,F 40-44/2,F-44,3,45:03, 0.00%
24,Brian Johnson,"Rolling Hills Estates, CA",89,45:13,22:37,M 45-49/4,M-47,21,45:13, 0.00%
25,Kailey Makuta,"El Segundo, CA",750,45:14,22:37,F 01-17/1,F-17,4,45:14, 0.00%
26,Ben Gabbard,"Vacaville, CA",801,45:17,22:39,M 01-17/3,M-15,22,45:17, 0.00%
27,Jill Boline,"Azusa, CA",612,45:19,22:40,F 35-39/1,F-39,5,45:19, 0.00%
28,Ron Hamilton,"Poway, CA",618,45:21,22:41,M 50-54/2,M-52,23,45:21, 0.00%
29,Chappie Dehaven,"Culver City, CA",46,45:32,22:46,M 35-39/5,M-39,24,45:32, 0.00%
30,Simon Millar,"Studio City, CA",604,45:38,22:49,M 40-44/3,M-42,25,45:38, 0.00%
31,Danielle Wong,"Rancho Palos Verdes, CA",343,45:41,22:51,F 01-17/2,F-16,6,45:41, 0.00%
32,Brent Blackman,"Los Angeles, CA",947,45:41,22:51,M 35-39/6,M-38,26,45:41, 0.00%
33,Matthew Harmatz,"San Pedro, CA",770,45:41,22:51,M 01-17/4,M-14,27,45:41, 0.00%
34,Eric Erenstoft,"Los Angeles, CA",449,45:42,22:51,M 35-39/7,M-39,28,45:42, 0.00%
35,Taylor Spivey,"Manhattan Beach, CA",368,45:44,22:52,F 01-17/3,F-17,7,45:44, 0.00%
36,Christopher Armstrong,"Santa Monica, CA",198,45:47,22:54,M 30-34/6,M-33,29,45:47, 0.00%
37,Doug Koehler,"Newbury Park, CA",319,45:47,22:54,M 40-44/4,M-42,30,45:47, 0.00%
38,Scott Davis,"Rancho Palos Verdes, CA",163,45:49,22:55,M 40-44/5,M-42,31,45:49, 0.00%
39,Brad Shenfeld,"Encino, CA",876,45:53,22:57,M 35-39/8,M-37,32,45:53, 0.00%
40,Bruce Thomas,"Hermosa Beach, CA",202,46:04,23:02,M 50-54/3,M-51,33,46:04, 0.00%
41,Dean Nicolls,"Palos Verdes Estates, CA",818,46:09,23:05,M 40-44/6,M-43,34,46:09, 0.00%
42,Brad Magit,"Venice, CA",726,46:17,23:09,M 50-54/4,M-50,35,46:17, 0.00%
43,Louis Caron,"San Dimas, CA",147,46:40,23:20,M 50-54/5,M-50,36,46:40, 0.00%
44,Jonathan Diaz,"Redondo Beach, CA",571,46:47,23:24,M 01-17/5,M-15,37,46:47, 0.00%
45,Kris Behrens,"Marina Del Rey, CA",547,46:58,23:29,M 30-34/7,M-33,38,46:58, 0.00%
46,Alec Campbell,"Hermosa Beach, CA",70,47:11,23:36,M 40-44/7,M-42,39,47:11, 0.00%
47,Ivan Rodriquez,"Redondo Beach, CA",626,47:25,23:43,M 30-34/8,M-33,40,47:25, 0.00%
48,Marshall AbramcZyk,"Fairfax, VA",327,47:29,23:45,M 18-24/2,M-21,41,47:29, 0.00%
49,Heather Beckman,"Hermosa Beach, CA",57,47:30,23:45,F 18-24/2,F-24,8,47:30, 0.00%
50,Philip Godfrey,"San Clemente, CA",371,47:33,23:47,M 45-49/5,M-49,42,47:33, 0.00%
51,Andy Hoover,"Manhattan Beach, CA",190,47:38,23:49,M 35-39/9,M-37,43,47:38, 0.00%
52,Alison Riddle,"Hermosa Beach, CA",73,47:45,23:53,F 18-24/3,F-22,9,47:45, 0.00%
53,Jenny Cook,"Los Angeles, CA",666,47:48,23:54,F 50-54/1,F-50,10,47:48, 0.00%
54,Connor Johnson,"Rolling Hills Estates, CA",471,47:48,23:54,M 01-17/6,M-14,44,47:48, 0.00%
55,Jake Adams,"Redondo Beach, CA",923,47:52,23:56,M 40-44/8,M-42,45,47:52, 0.00%
56,Megan Nolan,"Hermosa Beach, CA",603,47:56,23:58,F 25-29/1,F-26,11,47:56, 0.00%
57,Heather Defelice,"Culver City, CA",760,47:57,23:59,F 25-29/2,F-28,12,47:57, 0.00%
58,Mary Donlevy,"Manhattan Beach, CA",728,47:59,24:00,F 35-39/2,F-38,13,47:59, 0.00%
59,Taylor Williams,"Manhattan Beach, CA",512,48:01,24:01,M 25-29/3,M-27,46,48:01, 0.00%
60,Barbara Goodwin,"San Pedro, CA",360,48:03,24:02,F 40-44/3,F-43,14,48:03, 0.00%
61,Warren Mori,"Manhattan Beach, CA",58,48:09,24:05,M 45-49/6,M-48,47,48:09, 0.00%
62,Sean Richardson,"Palos Verdes Estates, CA",282,48:09,24:05,M 45-49/7,M-47,48,48:09, 0.00%
63,Gina Battaglia,"Los Angeles, CA",441,48:11,24:06,F 18-24/4,F-23,15,48:11, 0.00%
64,Esmie Holderman,"San Pedro, CA",557,48:22,24:11,F 18-24/5,F-24,16,48:22, 0.00%
65,Bill Kane,"Huntington Beach, CA",401,48:24,24:12,M 35-39/10,M-38,49,48:24, 0.00%
66,Rick Phillips,"San Marino, CA",455,48:25,24:13,M 50-54/6,M-54,50,48:25, 0.00%
67,Alex Tahmoush,"Altadena, CA",333,48:25,24:13,M 30-34/9,M-34,51,48:25, 0.00%
68,Bill Darby,"Rosemead, CA",970,48:27,24:14,M 60-99/1,M-61,52,48:27, 0.00%
69,Jake Glick,"Santa Monica, CA",573,48:32,24:16,M 18-24/3,M-24,53,48:32, 0.00%
70,Alex Fortis,"Manhattan Bch, CA",274,48:38,24:19,M 01-17/7,M-16,54,48:38, 0.00%
71,Andrew Kratz,"Santa Monica, CA",223,48:45,24:23,M 40-44/9,M-44,55,48:45, 0.00%
72,Scott Lee,"Redondo Beach, CA",660,48:49,24:25,M 45-49/8,M-47,56,48:49, 0.00%
73,Austin Nguyen,"Palos Verdes Estates, CA",759,49:31,24:46,M 01-17/8,M-16,57,49:31, 0.00%
74,Matthew Kadowaki,"Redondo Beach, CA",103,49:33,24:47,M 30-34/10,M-30,58,49:33, 0.00%
75,Stephen Neushul,"Palos Verdes Estates, CA",211,49:37,24:49,M 45-49/9,M-45,59,49:37, 0.00%
76,David Hartmire,"Valencia, CA",901,49:39,24:50,M 45-49/10,M-47,60,49:39, 0.00%
77,Vern Long,"Redondo Beach, CA",456,49:47,24:54,M 40-44/10,M-41,61,49:47, 0.00%
78,Myka Winder,"El Segundo, CA",531,49:48,24:54,F 18-24/6,F-22,17,49:48, 0.00%
79,Maureen Macdonald,"Canoga Park, CA",919,49:51,24:56,F 45-49/1,F-45,18,49:51, 0.00%
80,John Jericiau,"Santa Monica, CA",892,49:57,24:59,M 45-49/11,M-46,62,49:57, 0.00%
81,Timothy Flynn,"Manhattan Beach, CA",228,50:01,25:01,M 35-39/11,M-35,63,50:01, 0.00%
82,Conner Sharpe,"Los Angeles, CA",847,50:12,25:06,M 01-17/9,M-16,64,50:12, 0.00%
83,Bryan Libit,"Los Angeles, CA",999,50:13,25:07,M 25-29/4,M-29,65,50:13, 0.00%
84,Nancy Jo,"Santa Monica, CA",524,50:20,25:10,F 25-29/3,F-29,19,50:20, 0.00%
85,Kathy Glaser,"Santa Monica, CA",630,50:22,25:11,F 25-29/4,F-26,20,50:22, 0.00%
86,Colby Genrich,"Santa Monica, CA",75,50:26,25:13,M 30-34/11,M-30,66,50:26, 0.00%
87,Kekoa Jackson,"Rolling Hills Estates, CA",96,50:26,25:13,M 01-17/10,M-16,67,50:26, 0.00%
88,Jerad Slagle,"Hermosa Beach, CA",771,50:30,25:15,M 18-24/4,M-23,68,50:30, 0.00%
89,Tyler Krikorian,"Manhattan Beach, CA",12,50:36,25:18,M 25-29/5,M-25,69,50:36, 0.00%
90,Breanne Melconian,"Playa Del Rey, CA",499,50:36,25:18,F 25-29/5,F-25,21,50:36, 0.00%
91,Fram Virjee,"Rolling Hills, CA",49,50:37,25:19,M 45-49/12,M-47,70,50:37, 0.00%
92,Thomas Fink,"San Pedro, CA",93,50:43,25:22,M 45-49/13,M-46,71,50:43, 0.00%
93,Walter Hitch,"La Crescenta, CA",64,50:43,25:22,M 55-59/1,M-55,72,50:43, 0.00%
94,Nils Nehrenhein,"San Pedro, CA",56,50:48,25:24,M 30-34/12,M-30,73,50:48, 0.00%
95,Doug Kajiwara,"Northridge, CA",909,50:52,25:26,M 50-54/7,M-51,74,50:52, 0.00%
96,Ann Finley,"Hermosa Beach, CA",239,50:53,25:27,F 45-49/2,F-45,22,50:53, 0.00%
97,Erina Kwon,"Los Angeles, CA",19,50:54,25:27,F 30-34/1,F-30,23,50:54, 0.00%
98,James Hoeschler,"El Segundo, CA",267,50:55,25:27,M 45-49/14,M-45,75,50:55, 0.00%
99,Bonnie Spivey,"Manhattan Beach, CA",367,50:58,25:29,F 45-49/3,F-49,24,50:58, 0.00%
100,Tristan Koester,"Manhattan Beach, CA",481,51:02,25:31,M 01-17/11,M-15,76,51:02, 0.00%
101,Bill McNulty,"Santee, CA",810,51:08,25:34,M 50-54/8,M-52,77,51:08, 0.00%
102,Robin Lyon,"Flagstaff, AZ",473,51:11,25:36,F 35-39/3,F-36,25,51:11, 0.00%
103,Mayuko Abe,"Los Angeles, CA",523,51:17,25:39,F 30-34/2,F-31,26,51:17, 0.00%
104,Len Kortekaas,"Manhattan Beach, CA",324,51:17,25:39,M 40-44/11,M-42,78,51:17, 0.00%
105,Scott Comley,"Redondo Beach, CA",614,51:25,25:43,M 18-24/5,M-18,79,51:25, 0.00%
106,Brendon Nguyen,"Palos Verdes Estates, CA",758,51:25,25:43,M 01-17/12,M-15,80,51:25, 0.00%
107,Rebecca Pontius,"Santa Monica, CA",729,51:28,25:44,F 25-29/6,F-28,27,51:28, 0.00%
108,Chris Brainard,"Santa Monica, CA",354,51:35,25:48,M 35-39/12,M-38,81,51:35, 0.00%
109,Nicole Kawakami,"Palos Verdes Estates, CA",992,51:42,25:51,F 01-17/4,F-14,28,51:42, 0.00%
110,Drew Skelly,"Glendale, CA",942,51:43,25:52,M 40-44/12,M-42,82,51:43, 0.00%
111,David Oliver,"Hermosa Beach, CA",204,51:45,25:53,M 30-34/13,M-33,83,51:45, 0.00%
112,Mike Romesser,"Torrance, CA",539,51:53,25:57,M 30-34/14,M-34,84,51:53, 0.00%
113,Sean Sisk,"Playa Del Rey, CA",821,52:00,26:00,M 18-24/6,M-21,85,52:00, 0.00%
114,Jasmine Punch,"Los Angeles, CA",145,52:02,26:01,F 01-17/5,F-17,29,52:02, 0.00%
115,Mike Griffith,"Manhattan Beach, CA",321,52:03,26:02,M 45-49/15,M-48,86,52:03, 0.00%
116,Jeff Condon,"Los Angeles, CA",389,52:08,26:04,M 45-49/16,M-46,87,52:08, 0.00%
117,Elizabeth Lee,"Manhattan Beach, CA",703,52:08,26:04,F 45-49/4,F-48,30,52:08, 0.00%
118,Lisa Odland,"Torrance, CA",799,52:09,26:05,F 18-24/7,F-19,31,52:09, 0.00%
119,Kristina Fernandez,"Manhattan Beach, CA",822,52:10,26:05,F 18-24/8,F-22,32,52:10, 0.00%
120,David Neilan,"Los Angeles, CA",373,52:11,26:06,M 40-44/13,M-42,88,52:11, 0.00%
121,Lisa Caputo,"Manhattan Beach, CA",78,52:14,26:07,F 45-49/5,F-46,33,52:14, 0.00%
122,Bree Swenson,"Rancho Palos Verdes, CA",647,52:15,26:08,F 01-17/6,F-15,34,52:15, 0.00%
123,Patrick Dixon,"Los Angeles, CA",138,52:16,26:08,M 55-59/2,M-59,89,52:16, 0.00%
124,Chelsea Kemp,"El Segundo, CA",433,52:17,26:09,F 18-24/9,F-18,35,52:17, 0.00%
125,Daniel Slosberg,"Los Angeles, CA",181,52:21,26:11,M 50-54/9,M-51,90,52:21, 0.00%
126,Hugo Zhang,"Walnut, CA",216,52:21,26:11,M 45-49/17,M-47,91,52:21, 0.00%
127,Taylor Turney,"Hermosa Beach, CA",735,52:27,26:14,M 25-29/6,M-25,92,52:27, 0.00%
128,Danielle Swenson,"Rancho Palos Verdes, CA",1008,52:31,26:16,F 01-17/7,F-15,36,52:31, 0.00%
129,Gary Wimenitz,"Santa Monica, CA",154,52:32,26:16,M 45-49/18,M-49,93,52:32, 0.00%
130,Tom Ettinger,"La Crescenta, CA",681,52:34,26:17,M 55-59/3,M-59,94,52:34, 0.00%
131,Lee Berg,"Torrance, CA",119,52:36,26:18,M 45-49/19,M-48,95,52:36, 0.00%
132,Eric Jones,"Torrance, CA",320,52:37,26:19,M 50-54/10,M-54,96,52:37, 0.00%
133,Neda Momeni,"Santa Monica, CA",772,52:41,26:21,F 18-24/10,F-20,37,52:41, 0.00%
134,Jake Edelstein,", ",1010,52:41,26:21,M 01-17/13,M-15,97,52:41, 0.00%
135,Colin Williamson,"Los Angeles, CA",764,52:42,26:21,M 25-29/7,M-29,98,52:42, 0.00%
136,Ricardo Monroy,"Lawndale, CA",700,52:46,26:23,M 45-49/20,M-45,99,52:46, 0.00%
137,Carlos Delgado,"Los Angeles, CA",398,52:48,26:24,M 45-49/21,M-49,100,52:48, 0.00%
138,David Barnes,"Manhattan Beach, CA",396,52:51,26:26,M 45-49/22,M-45,101,52:51, 0.00%
139,Christopher Cosner,"Manhattan Beach, CA",380,52:53,26:27,M 45-49/23,M-47,102,52:53, 0.00%
140,Glenn Lucas,"Manhattan Beach, CA",863,52:56,26:28,M 40-44/14,M-41,103,52:56, 0.00%
141,Dirk Meyer Zu Drewer,"Hermosa Beach, CA",1004,52:58,26:29,M 40-44/15,M-44,104,52:58, 0.00%
142,Elisa Nye,"Redondo Beach, CA",55,53:03,26:32,F 35-39/4,F-35,38,53:03, 0.00%
143,Jeff Klemes,"Beverly Hills, CA",949,53:03,26:32,M 45-49/24,M-49,105,53:03, 0.00%
144,Adrienne Durand,"Playa Del Rey, CA",87,53:08,26:34,F 25-29/7,F-28,39,53:08, 0.00%
145,Matt Carmichael,"Redondo Beach, CA",31,53:09,26:35,M 30-34/15,M-34,106,53:09, 0.00%
146,Anthony Zamora,"Los Angeles, CA",639,53:10,26:35,M 45-49/25,M-47,107,53:10, 0.00%
147,Savannah Bettis,"Redondo Beach, CA",176,53:12,26:36,F 18-24/11,F-18,40,53:12, 0.00%
148,Brianna McNulty,"Manhattan Beach, CA",809,53:13,26:37,F 18-24/12,F-21,41,53:13, 0.00%
149,William Falkenborg,"Valencia, CA",856,53:14,26:37,M 50-54/11,M-50,108,53:14, 0.00%
150,James Magin,"Santa Monica, CA",701,53:14,26:37,M 50-54/12,M-50,109,53:14, 0.00%
151,Jen Temperley,"Manhattan Beach, CA",422,53:14,26:37,F 35-39/5,F-35,42,53:14, 0.00%
152,Anneka Sakovich,"San Diego, CA",652,53:15,26:38,F 30-34/3,F-34,43,53:15, 0.00%
153,Jim Hillis,"Los Angeles, CA",975,53:18,26:39,M 35-39/13,M-38,110,53:18, 0.00%
154,Will Catterson,"Northridge, CA",171,53:18,26:39,M 35-39/14,M-35,111,53:18, 0.00%
155,Andy Watkins,"Marina Del Rey, CA",583,53:20,26:40,M 35-39/15,M-38,112,53:20, 0.00%
156,Laurie Ayoob,"Rolling Hills Estates, CA",567,53:27,26:44,F 50-54/2,F-51,44,53:27, 0.00%
157,Greg Heyes,"Palos Verdes Estates, CA",467,53:31,26:46,M 50-54/13,M-53,113,53:31, 0.00%
158,Wayne Lavassar,"Manhattan Beach, CA",444,53:31,26:46,M 50-54/14,M-51,114,53:31, 0.00%
159,Peter O'Keeffe,"Los Angeles, CA",428,53:31,26:46,M 55-59/4,M-58,115,53:31, 0.00%
160,Beth Dreyfuss,"Westchester, CA",910,53:36,26:48,F 40-44/4,F-42,45,53:36, 0.00%
161,Mark Rehbein,"Hawthorne, CA",417,53:37,26:49,M 18-24/7,M-20,116,53:37, 0.00%
162,Katay Kocsis,"Redondo Beach, CA",977,53:40,26:50,F 25-29/8,F-25,46,53:40, 0.00%
163,Bruce Kocsis,"Manhattan Beach, CA",978,53:41,26:51,M 55-59/5,M-55,117,53:41, 0.00%
164,Brian Oles,"Los Angeles, CA",487,53:45,26:53,M 30-34/16,M-31,118,53:45, 0.00%
165,Andy Krikorian,"San Francisco, CA",782,53:50,26:55,M 25-29/8,M-28,119,53:50, 0.00%
166,Joseph Symond,"Hermosa Beach, CA",483,53:51,26:56,M 35-39/16,M-37,120,53:51, 0.00%
167,Shana Strange,"Manhattan Beach, CA",100,53:52,26:56,F 18-24/13,F-20,47,53:52, 0.00%
168,Robert Phalen,"Laguna Niguel, CA",108,53:57,26:59,M 50-54/15,M-53,121,53:57, 0.00%
169,Austin Jones,"Manhattan Beach, CA",97,54:00,27:00,M 01-17/14,M-17,122,54:00, 0.00%
170,Ryan Blaney,"San Pedro, CA",723,54:02,27:01,M 30-34/17,M-30,123,54:02, 0.00%
171,Thomas Fernley,"Los Angeles, CA",1000,54:05,27:03,M 30-34/18,M-30,124,54:05, 0.00%
172,Bill Johnston,"Redondo Beach, CA",860,54:10,27:05,M 35-39/17,M-39,125,54:10, 0.00%
173,Melissa Everett,"Redondo Beach, CA",24,54:11,27:06,F 25-29/9,F-25,48,54:11, 0.00%
174,Eric Steller,"Manhattan Beach, CA",874,54:12,27:06,M 35-39/18,M-37,126,54:12, 0.00%
175,Margaret Cook,"San Pedro, CA",615,54:12,27:06,F 45-49/6,F-48,49,54:12, 0.00%
176,David Strybel,"Tujunga, CA",35,54:18,27:09,M 50-54/16,M-53,127,54:18, 0.00%
177,Michael Erin Flaherty,"Los Angeles, CA",20,54:21,27:11,F 30-34/4,F-32,50,54:21, 0.00%
178,Steven Barnard,"Rancho Palos Verdes, CA",665,54:30,27:15,M 50-54/17,M-50,128,54:30, 0.00%
179,Erika Torres,"San Pedro, CA",1002,54:32,27:16,F 01-17/8,F-14,51,54:32, 0.00%
180,Donald Harrell,"Redondo Beach, CA",415,54:33,27:17,M 50-54/18,M-52,129,54:33, 0.00%
181,Vince Guagliano,"Rolling Hills Estates, CA",836,54:35,27:18,M 40-44/16,M-43,130,54:35, 0.00%
182,Nicole Violani,"Los Angeles, CA",827,54:36,27:18,F 25-29/10,F-26,52,54:36, 0.00%
183,Chris Roscoe,"Los Angeles, CA",265,54:40,27:20,M 55-59/6,M-58,131,54:40, 0.00%
184,Lee Meister,"San Pedro, CA",404,54:41,27:21,M 50-54/19,M-50,132,54:41, 0.00%
185,Iola Seligson,"Manhattan Bch, CA",786,54:43,27:22,F 35-39/6,F-35,53,54:43, 0.00%
186,Doug Kirk,"Valencia, CA",189,54:47,27:24,M 55-59/7,M-58,133,54:47, 0.00%
187,Kayla Bazshushtari,"Rolling Hills Estates, CA",335,54:51,27:26,F 01-17/9,F-15,54,54:51, 0.00%
188,Alexandra Gudmundsson,"Hermosa Beach, CA",608,54:52,27:26,F 25-29/11,F-26,55,54:52, 0.00%
189,John Janicek,"Valencia, CA",329,54:54,27:27,M 40-44/17,M-42,134,54:54, 0.00%
190,Theresa Dunn,"Hermosa Beach, CA",382,55:00,27:30,F 25-29/12,F-27,56,55:00, 0.00%
191,Aaron Tolt,"Manhattan Beach, CA",346,55:12,27:36,M 01-17/15,M-15,135,55:12, 0.00%
192,Marcus Wooler,"El Segundo, CA",510,55:13,27:37,M 35-39/19,M-36,136,55:13, 0.00%
193,Anne-Marie Boisseau,"Santa Rosa, CA",954,55:14,27:37,F 01-17/10,F-15,57,55:14, 0.00%
194,Katrina Lyter,"Manhattan Beach, CA",815,55:15,27:38,F 01-17/11,F-17,58,55:15, 0.00%
195,Eric Fonkalsrud Jr,"Rancho Santa Margarita, CA",672,55:15,27:38,M 45-49/26,M-47,137,55:15, 0.00%
196,Erin Cammann,"Andover, MA",741,55:16,27:38,F 35-39/7,F-38,59,55:16, 0.00%
197,Trevor Trosper,"Hermosa Beach, CA",837,55:26,27:43,M 01-17/16,M-15,138,55:26, 0.00%
198,Rod Mitchell,"Rolling Hills Estates, CA",98,55:29,27:45,M 50-54/20,M-50,139,55:29, 0.00%
199,Greer Montgomery,"Manhattan Beach, CA",691,55:36,27:48,F 01-17/12,F-17,60,55:36, 0.00%
200,Kira Baccari,"Hermosa Beach, CA",102,55:40,27:50,F 30-34/5,F-31,61,55:40, 0.00%
201,Chuck Milam,"Manhattan Beach, CA",348,55:43,27:52,M 60-99/2,M-63,140,55:43, 0.00%
202,Kerri Gentry,"South Pasadena, CA",590,55:44,27:52,F 50-54/3,F-51,62,55:44, 0.00%
203,Julie Ruhlin,"Long Beach, CA",454,55:49,27:55,F 35-39/8,F-38,63,55:49, 0.00%
204,Michael Hajek,"Rancho Palos Verdes, CA",881,55:50,27:55,M 35-39/20,M-38,141,55:50, 0.00%
205,Tony Gale,"Long Beach, CA",192,55:51,27:56,M 40-44/18,M-41,142,55:51, 0.00%
206,Natalie Bray,"Manhattan Beach, CA",440,55:56,27:58,F 01-17/13,F-17,64,55:56, 0.00%
207,Tor Hovind,"San Pedro, CA",956,56:02,28:01,M 45-49/27,M-47,143,56:02, 0.00%
208,Kevin Portis,"Redondo Beach, CA",575,56:06,28:03,M 01-17/17,M-15,144,56:06, 0.00%
209,Joseph Gulley,"Garden Grove, CA",973,56:16,28:08,M 50-54/21,M-52,145,56:16, 0.00%
210,Britt Bettis,"Redondo Beach, CA",175,56:18,28:09,M 45-49/28,M-48,146,56:18, 0.00%
211,Hank Amos,"Redondo Beach, CA",775,56:26,28:13,M 35-39/21,M-37,147,56:26, 0.00%
212,Doug Roscoe,"Rancho Palos Verdes, CA",406,56:27,28:14,M 55-59/8,M-58,148,56:27, 0.00%
213,Tyler Duncan,"Manhattan Beach, CA",169,56:28,28:14,M 01-17/18,M-16,149,56:28, 0.00%
214,Onnalee Macdonald,"Manhattan Beach, CA",403,56:31,28:16,F 40-44/5,F-44,65,56:31, 0.00%
215,Rebecca Nevitt,"Los Angeles, CA",894,56:31,28:16,F 40-44/6,F-41,66,56:31, 0.00%
216,Lawrence Haggquist,"Monterey, CA",585,56:32,28:16,M 35-39/22,M-36,150,56:32, 0.00%
217,Mary Manzo,"Upland, CA",893,56:33,28:17,F 18-24/14,F-24,67,56:33, 0.00%
218,Patrick McGoldrick,"El Segundo, CA",309,56:33,28:17,M 35-39/23,M-37,151,56:33, 0.00%
219,Emily Ewart,"Redondo Beach, CA",413,56:34,28:17,F 01-17/14,F-14,68,56:34, 0.00%
220,Kristi Mirich,"Rancho Palos Verdes, CA",331,56:34,28:17,F 01-17/15,F-16,69,56:34, 0.00%
221,Julie Brancato,"Redondo Beach, CA",566,56:34,28:17,F 35-39/9,F-38,70,56:34, 0.00%
222,Andrew Aukland,"Hermosa Beach, CA",842,56:34,28:17,M 25-29/9,M-27,152,56:34, 0.00%
223,Robert Thalmann,"Lomita, CA",420,56:35,28:18,M 45-49/29,M-49,153,56:35, 0.00%
224,Ted Iantuono,"Manhattan Beach, CA",226,56:35,28:18,M 40-44/19,M-40,154,56:35, 0.00%
225,Todd Mittleman,"Santa Monica, CA",280,56:36,28:18,M 40-44/20,M-44,155,56:36, 0.00%
226,Mark Toyooka,"Manhattan Beach, CA",295,56:40,28:20,M 40-44/21,M-42,156,56:40, 0.00%
227,Casey Jahn,"Los Angeles, CA",828,56:48,28:24,F 30-34/6,F-31,71,56:48, 0.00%
228,Nicholas Lowell,"Hermosa Beach, CA",188,56:49,28:25,M 01-17/19,M-14,157,56:49, 0.00%
229,James Durand,"Playa Del Rey, CA",88,56:50,28:25,M 30-34/19,M-31,158,56:50, 0.00%
230,Christopher Godfrey,"Manhattan Beach, CA",843,56:51,28:26,M 25-29/10,M-28,159,56:51, 0.00%
231,Jeff Taylor,"Redondo Beach, CA",629,56:58,28:29,M 45-49/30,M-49,160,56:58, 0.00%
232,Sarah Schenker,"Hermosa Beach, CA",696,56:59,28:30,F 01-17/16,F-15,72,56:59, 0.00%
233,Heather Pearson,"Alhambra, CA",718,57:00,28:30,F 45-49/7,F-49,73,57:00, 0.00%
234,Mark Anderson,"Santa Monica, CA",664,57:00,28:30,M 30-34/20,M-33,161,57:00, 0.00%
235,Jon Sargent,"Manhattan Beach, CA",739,57:01,28:31,M 35-39/24,M-36,162,57:01, 0.00%
236,Tom Turley,"Los Angeles, CA",306,57:01,28:31,M 40-44/22,M-42,163,57:01, 0.00%
237,Daniel Muth,"Manhattan Beach, CA",514,57:01,28:31,M 40-44/23,M-42,164,57:01, 0.00%
238,Mark Tripp,"Redondo Beach, CA",636,57:02,28:31,M 25-29/11,M-27,165,57:02, 0.00%
239,Steve Childers,"Los Angeles, CA",238,57:03,28:32,M 40-44/24,M-43,166,57:03, 0.00%
240,Kenneth Shoor,"Rolling Hills Estates, CA",996,57:04,28:32,M 60-99/3,M-60,167,57:04, 0.00%
241,Ali Wagner,"Santa Monica, CA",826,57:07,28:34,F 35-39/10,F-35,74,57:07, 0.00%
242,Jon Finkel,"Redondo Beach, CA",43,57:07,28:34,M 30-34/21,M-30,168,57:07, 0.00%
243,Patrick Ganahl,"Santa Ana, CA",661,57:10,28:35,M 45-49/31,M-46,169,57:10, 0.00%
244,Ryan Reede,"Manhattan Beach, CA",653,57:13,28:37,M 01-17/20,M-14,170,57:13, 0.00%
245,Deanna Koehler,"Simi Valley, CA",170,57:18,28:39,F 35-39/11,F-39,75,57:18, 0.00%
246,Mark Levy,"Manhattan Beach, CA",819,57:21,28:41,M 50-54/22,M-50,171,57:21, 0.00%
247,Eliza Hynes,"Venice, CA",905,57:21,28:41,F 18-24/15,F-22,76,57:21, 0.00%
248,Joy Hancock,"San Mateo, CA",676,57:25,28:43,F 30-34/7,F-34,77,57:25, 0.00%
249,Cynthia Parker,"Santa Monica, CA",755,57:26,28:43,F 30-34/8,F-32,78,57:26, 0.00%
250,Tessa Larose,"Los Angeles, CA",231,57:32,28:46,F 01-17/17,F-17,79,57:32, 0.00%
251,Chris Menjou,"Torrance, CA",866,57:34,28:47,M 40-44/25,M-41,172,57:34, 0.00%
252,Ryan Nord,"Pacific Palisades, CA",895,57:36,28:48,M 30-34/22,M-32,173,57:36, 0.00%
253,Chuck Sperazza,"Redondo Beach, CA",250,57:37,28:49,M 50-54/23,M-50,174,57:37, 0.00%
254,Peter Achberger,"Simi Valley, CA",846,57:38,28:49,M 25-29/12,M-29,175,57:38, 0.00%
255,Steve Kern,"Valley Village, CA",159,57:40,28:50,M 35-39/25,M-37,176,57:40, 0.00%
256,Kim Shockley,"El Segundo, CA",315,57:40,28:50,F 55-59/1,F-56,80,57:40, 0.00%
257,Patrick Wickens,"Redondo Beach, CA",982,57:40,28:50,M 60-99/4,M-67,177,57:40, 0.00%
258,Ian Benavidez,"Costa Mesa, CA",939,57:42,28:51,M 25-29/13,M-27,178,57:42, 0.00%
259,Stan Majcher,"Manhattan Beach, CA",864,57:42,28:51,M 35-39/26,M-37,179,57:42, 0.00%
260,Ryan Brown,"Malibu, CA",546,57:43,28:52,M 01-17/21,M-15,180,57:43, 0.00%
261,Lyra Hall,"Manhattan Beach, CA",504,57:46,28:53,F 01-17/18,F-16,81,57:46, 0.00%
262,Patrick Fink,"San Pedro, CA",90,57:58,28:59,M 01-17/22,M-14,181,57:58, 0.00%
263,Matthew Fink,"San Pedro, CA",91,58:01,29:01,M 01-17/23,M-14,182,58:01, 0.00%
264,Jj Kuwata,"Rolling Hills, CA",515,58:02,29:01,M 01-17/24,M-14,183,58:02, 0.00%
265,Bill Kalmenson,"Los Angeles, CA",489,58:02,29:01,M 50-54/24,M-52,184,58:02, 0.00%
266,John Shannon,"Hermosa Beach, CA",506,58:08,29:04,M 40-44/26,M-43,185,58:08, 0.00%
267,Tim Ozenne,"Torrance, CA",131,58:10,29:05,M 60-99/5,M-63,186,58:10, 0.00%
268,Jacob Cisneros,"Redondo Beach, CA",984,58:10,29:05,M 01-17/25,M-15,187,58:10, 0.00%
269,Lindsey Bennett,"Torrance, CA",969,58:14,29:07,F 01-17/19,F-17,82,58:14, 0.00%
270,David Kintas,"Rolling Hills Estates, CA",146,58:18,29:09,M 55-59/9,M-55,188,58:18, 0.00%
271,Nicola George,"Torrance, CA",359,58:18,29:09,F 01-17/20,F-16,83,58:18, 0.00%
272,Brandon Wong,"Redondo Beach, CA",271,58:23,29:12,M 01-17/26,M-17,189,58:23, 0.00%
273,Cole Hepper,"Houston, TX",106,58:26,29:13,M 01-17/27,M-17,190,58:26, 0.00%
274,Emma Cammann,"Andover, MA",542,58:27,29:14,F 01-17/21,F-13,84,58:27, 0.00%
275,Chris Smith,"Manhattan Beach, CA",28,58:30,29:15,M 30-34/23,M-31,191,58:30, 0.00%
276,Dennis Holderman,"San Pedro, CA",435,58:32,29:16,M 60-99/6,M-62,192,58:32, 0.00%
277,Fuad Burki,"Torrance, CA",237,58:35,29:18,M 50-54/25,M-52,193,58:35, 0.00%
278,Victoria Crawford,"Santa Monica, CA",358,58:41,29:21,F 40-44/7,F-42,85,58:41, 0.00%
279,Charles Blanchard,"Venice, CA",177,58:46,29:23,M 30-34/24,M-30,194,58:46, 0.00%
280,Sarah Tennison,"Los Angeles, CA",967,58:47,29:24,F 25-29/13,F-25,86,58:47, 0.00%
281,James Merrill,"Westchester, CA",363,58:48,29:24,M 45-49/32,M-46,195,58:48, 0.00%
282,Susan Brilliant,"Redondo Beach, CA",987,58:48,29:24,F 45-49/8,F-47,87,58:48, 0.00%
283,Jim Duffy,"Inglewood, CA",125,58:49,29:25,M 50-54/26,M-54,196,58:49, 0.00%
284,Romina Gorordo,"Redondo Beach, CA",242,58:59,29:30,F 30-34/9,F-31,88,58:59, 0.00%
285,Amy Aukstikalnis,"Santa Monica, CA",293,59:04,29:32,F 40-44/8,F-43,89,59:04, 0.00%
286,Allison Wehrley,"Los Angeles, CA",774,59:04,29:32,F 25-29/14,F-25,90,59:04, 0.00%
287,Chris Salazar,"Montrose, CA",297,59:07,29:34,M 18-24/8,M-24,198,59:07, 0.00%
288,Michael Raven,"Pasadena, CA",897,59:07,29:34,M 55-59/10,M-57,197,59:07, 0.00%
289,Blaine Holman,"Los Angeles, CA",817,59:07,29:34,M 40-44/27,M-42,199,59:07, 0.00%
290,John Wallace,"Hermosa Beach, CA",423,59:10,29:35,M 55-59/11,M-56,200,59:10, 0.00%
291,Ned O'Rourke,"Los Angeles, CA",124,59:13,29:37,M 55-59/12,M-56,201,59:13, 0.00%
292,Patrick O'Hare,"Hermosa Beach, CA",761,59:14,29:37,M 18-24/9,M-24,202,59:14, 0.00%
293,Amanda Atkins,"San Pedro, CA",80,59:19,29:40,F 01-17/22,F-16,91,59:19, 0.00%
294,Mac Montgomery,"Beverly Hills, CA",284,59:20,29:40,M 55-59/13,M-59,203,59:20, 0.00%
295,Quinn Montgomery,"Manhattan Beach, CA",692,59:35,29:48,M 01-17/28,M-14,204,59:35, 0.00%
296,Jamie Hazlitt,"Los Angeles, CA",944,59:38,29:49,F 30-34/10,F-32,92,59:38, 0.00%
297,Tim McGoldrick,"Redondo Beach, CA",41,59:39,29:50,M 35-39/27,M-35,205,59:39, 0.00%
298,Lauren Wagman,"Manhattan Beach, CA",254,59:39,29:50,F 18-24/16,F-24,93,59:39, 0.00%
299,John Heal,"San Clemente, CA",492,59:40,29:50,M 30-34/25,M-32,206,59:40, 0.00%
300,Laura Winslow,"Santa Monica, CA",166,59:40,29:50,F 50-54/4,F-51,94,59:40, 0.00%
501,Will Wood,"Manhattan Beach, CA",727,1:09:11,34:36,M 40-44/48,M-44,342,1:09:11, 0.00%
502,Karen Harry,"Cardiff, CA",783,1:09:15,34:38,F 50-54/9,F-51,160,1:09:15, 0.00%
503,Keith Covington,"El Segundo, CA",644,1:09:15,34:38,M 45-49/54,M-45,343,1:09:15, 0.00%
504,Hanna Raine,"Rolling Hills, CA",40,1:09:16,34:38,F 01-17/33,F-17,161,1:09:16, 0.00%
505,Charlie Raine,"Rolling Hills, CA",39,1:09:17,34:39,M 45-49/55,M-48,344,1:09:17, 0.00%
506,Elizabeth Welch,"Hermosa Beach, CA",945,1:09:22,34:41,F 30-34/21,F-34,162,1:09:22, 0.00%
507,Reed Gimian,"Torrance, CA",157,1:09:27,34:44,M 50-54/47,M-50,345,1:09:27, 0.00%
508,Andrew Rudy,"Carmel Valley, CA",407,1:09:32,34:46,M 45-49/56,M-49,346,1:09:32, 0.00%
509,Maria Naughton,"Marina Del Rey, CA",316,1:09:34,34:47,F 45-49/19,F-46,163,1:09:34, 0.00%
510,Devin Daly,"Redondo Beach, CA",378,1:09:35,34:48,M 35-39/46,M-37,347,1:09:35, 0.00%
511,Amy Lau,"Porter Ranch, CA",753,1:09:35,34:48,F 40-44/14,F-41,164,1:09:35, 0.00%
512,Jennifer Douglass,"San Pedro, CA",638,1:09:36,34:48,F 25-29/24,F-28,165,1:09:36, 0.00%
513,Andrea Zuckerbraun,"Santa Monica, CA",704,1:09:38,34:49,F 40-44/15,F-40,166,1:09:38, 0.00%
514,Debi Pfeiffer,"Redondo Beach, CA",637,1:09:43,34:52,F 30-34/22,F-34,167,1:09:43, 0.00%
515,David Caskey,"Manhattan Beach, CA",301,1:09:48,34:54,M 40-44/49,M-42,348,1:09:48, 0.00%
516,David Wardlow,"Northridge, CA",589,1:09:48,34:54,M 35-39/47,M-37,349,1:09:48, 0.00%
517,Ken Gould,"Newport Beach, CA",276,1:09:53,34:57,M 45-49/57,M-45,350,1:09:53, 0.00%
518,Frank Buckley,"Manhattan Beach, CA",161,1:09:58,34:59,M 45-49/58,M-45,351,1:09:58, 0.00%
519,Beverly Gates,"Palos Verdes Estates, CA",151,1:10:06,35:03,F 60-99/2,F-63,168,1:10:06, 0.00%
520,Sarah Morford,"Torrance, CA",259,1:10:07,35:04,F 18-24/24,F-20,169,1:10:07, 0.00%
521,Lorie Armendariz,"Hermosa Beach, CA",722,1:10:08,35:04,F 40-44/16,F-42,170,1:10:08, 0.00%
522,John Logsdon,"Marina Del Rey, CA",508,1:10:10,35:05,M 30-34/39,M-33,352,1:10:10, 0.00%
523,Doug Bond,"Manhattan Beach, CA",196,1:10:10,35:05,M 40-44/50,M-43,353,1:10:10, 0.00%
524,Dan Gutherie,"Torrance, CA",796,1:10:13,35:07,M 40-44/51,M-42,354,1:10:13, 0.00%
525,Sarah Knopp,"San Pedro, CA",924,1:10:19,35:10,F 30-34/23,F-30,171,1:10:19, 0.00%
526,John Doyle,"Laguna Woods, CA",464,1:10:20,35:10,M 60-99/15,M-65,355,1:10:20, 0.00%
527,Sue Harry,"Manhattan Beach, CA",142,1:10:22,35:11,F 35-39/20,F-39,172,1:10:22, 0.00%
528,Debi Jones,"Palos Verdes Estates, CA",619,1:10:27,35:14,F 45-49/20,F-48,173,1:10:27, 0.00%
529,Paige Kobayashi,"Gardena, CA",247,1:10:31,35:16,F 35-39/21,F-39,174,1:10:31, 0.00%
530,Kimble Cannon,"Los Angeles, CA",885,1:10:37,35:19,M 35-39/48,M-39,356,1:10:37, 0.00%
531,Pierre Gorordo,"Redondo Beach, CA",243,1:10:42,35:21,M 30-34/40,M-31,357,1:10:42, 0.00%
532,Martin Ryan,"Los Angeles, CA",29,1:10:45,35:23,M 40-44/52,M-43,358,1:10:45, 0.00%
533,Susan Bagley,"Encino, CA",517,1:10:45,35:23,F 45-49/21,F-49,175,1:10:45, 0.00%
534,Steve Notaro,"Torrance, CA",962,1:10:45,35:23,M 60-99/16,M-60,359,1:10:45, 0.00%
535,Darrin Prescott,"Camarillo, CA",968,1:10:48,35:24,M 35-39/49,M-39,360,1:10:48, 0.00%
536,Erik Zuckerbraun,"Beverly Hills, CA",180,1:10:49,35:25,M 50-54/48,M-51,361,1:10:49, 0.00%
537,Kevin Mackintosh,"Torrance, CA",965,1:10:54,35:27,M 40-44/53,M-43,362,1:10:54, 0.00%
538,Tom Dolan,"South Pasadena, CA",522,1:11:02,35:31,M 55-59/28,M-55,363,1:11:02, 0.00%
539,Rachel Effros,"Santa Monica, CA",985,1:11:09,35:35,F 35-39/22,F-39,176,1:11:09, 0.00%
540,John Shearer,"Hermosa Beach, CA",385,1:11:09,35:35,M 50-54/49,M-53,364,1:11:09, 0.00%
541,Jay Estabrook,"Torrance, CA",670,1:11:10,35:35,M 30-34/41,M-34,365,1:11:10, 0.00%
542,Cynthia Huang,"Los Angeles, CA",60,1:11:11,35:36,F 18-24/25,F-23,177,1:11:11, 0.00%
543,Randall Leff,"Santa Monica, CA",563,1:11:12,35:36,M 55-59/29,M-56,366,1:11:12, 0.00%
544,Gregory Travis,"Los Angeles, CA",831,1:11:19,35:40,M 50-54/50,M-50,367,1:11:19, 0.00%
545,Sean Weatherly,"Manhattan Beach, CA",733,1:11:21,35:41,M 01-17/38,M-13,368,1:11:21, 0.00%
546,Thomas Cheney,"Redondo Beach, CA",878,1:11:24,35:42,M 45-49/59,M-45,369,1:11:24, 0.00%
547,Jim Mosier,"Hermosa Beach, CA",684,1:11:27,35:44,M 25-29/18,M-28,370,1:11:27, 0.00%
548,Todd Weatherly,"Manhattan Beach, CA",734,1:11:28,35:44,M 40-44/54,M-42,371,1:11:28, 0.00%
549,Christopher King,"Santa Monica, CA",587,1:11:29,35:45,M 40-44/55,M-41,372,1:11:29, 0.00%
550,Matthew Mintzias,"Redondo Beach, CA",291,1:11:29,35:45,M 18-24/18,M-21,373,1:11:29, 0.00%
551,Greg Papke,"Lakewood, CA",622,1:11:31,35:46,M 55-59/30,M-57,374,1:11:31, 0.00%
552,Karl Rodenbaugh,"Hermosa Beach, CA",218,1:11:32,35:46,M 50-54/51,M-54,375,1:11:32, 0.00%
553,William Daly,"San Clemente, CA",150,1:11:35,35:48,M 50-54/52,M-52,376,1:11:35, 0.00%
554,Joe Waldinger,"Redondo Beach, CA",263,1:11:49,35:55,M 40-44/56,M-43,377,1:11:49, 0.00%
555,Elke Yuk,"Fresno, CA",841,1:11:52,35:56,F 45-49/22,F-46,178,1:11:52, 0.00%
556,Caroline Honrubia,"Mission, TX",569,1:11:54,35:57,F 01-17/34,F-13,179,1:11:54, 0.00%
557,Joe Doerr,"Hermosa Beach, CA",448,1:11:56,35:58,M 35-39/50,M-39,378,1:11:56, 0.00%
558,Shelly Williams,"Sherman Oaks, CA",602,1:11:57,35:59,F 30-34/24,F-33,180,1:11:57, 0.00%
559,Mary Turley,"Santa Barbara, CA",591,1:12:05,36:03,F 50-54/10,F-50,181,1:12:05, 0.00%
560,Kent Lowell,"Hermosa Beach, CA",187,1:12:05,36:03,M 50-54/53,M-51,379,1:12:05, 0.00%
561,James Loss,"Laguna Beach, CA",318,1:12:09,36:05,M 55-59/31,M-55,380,1:12:09, 0.00%
562,Tony Donagrechia,"Redondo Beach, CA",414,1:12:13,36:07,M 50-54/54,M-51,381,1:12:13, 0.00%
563,Mark Hildreth,"Burbank, CA",191,1:12:20,36:10,M 50-54/55,M-53,382,1:12:20, 0.00%
564,Marq Prince,"El Segundo, CA",475,1:12:26,36:13,M 40-44/57,M-43,383,1:12:26, 0.00%
565,Sarah Crist,"Hawthorne, CA",288,1:12:32,36:16,F 01-17/35,F-12,182,1:12:32, 0.00%
566,Paul Brady,"Laguna Hills, CA",642,1:12:33,36:17,M 40-44/58,M-43,384,1:12:33, 0.00%
567,Ruby Del Rio,"Hawthorne, CA",990,1:12:34,36:17,F 30-34/25,F-33,183,1:12:34, 0.00%
568,Christian Ratsch,"Pacific Palisades, CA",940,1:12:39,36:20,M 40-44/59,M-41,385,1:12:39, 0.00%
569,Michael Marcin,"Huntington Beach, CA",14,1:12:42,36:21,M 30-34/42,M-32,386,1:12:42, 0.00%
570,Alan Nitzberg,"Manhattan Beach, CA",266,1:12:44,36:22,M 50-54/56,M-52,387,1:12:44, 0.00%
571,Ed Nelson,"Redondo Beach, CA",136,1:12:44,36:22,M 60-99/17,M-68,388,1:12:44, 0.00%
572,Jacinda Raiche,"Venice, CA",698,1:12:48,36:24,F 35-39/23,F-36,184,1:12:48, 0.00%
573,Pete Hubbell,"Redondo Beach, CA",663,1:12:48,36:24,M 55-59/32,M-55,389,1:12:48, 0.00%
574,Edward King,"Manhattan Beach, CA",634,1:12:52,36:26,M 30-34/43,M-34,390,1:12:52, 0.00%
575,Elizabeth O'Driscoll,"Torrance, CA",511,1:12:53,36:27,F 18-24/26,F-21,185,1:12:53, 0.00%
576,Barb Ringhofer,"Los Alamitos, CA",474,1:12:59,36:30,F 45-49/23,F-47,186,1:12:59, 0.00%
577,Joe Del Rosario,"Long Beach, CA",44,1:13:06,36:33,M 40-44/60,M-42,391,1:13:06, 0.00%
578,David McDowell,"Long Beach, CA",979,1:13:06,36:33,M 45-49/60,M-46,392,1:13:06, 0.00%
579,Gerry Denney,"Torrance, CA",257,1:13:12,36:36,M 45-49/61,M-49,393,1:13:12, 0.00%
580,Bill Mustard,"Torrance, CA",832,1:13:13,36:37,M 40-44/61,M-40,394,1:13:13, 0.00%
581,Pat Lennon,"El Segundo, CA",861,1:13:13,36:37,M 55-59/33,M-56,395,1:13:13, 0.00%
582,Brian Sheps,"Rancho Palos Verdes, CA",337,1:13:16,36:38,M 45-49/62,M-47,396,1:13:16, 0.00%
583,Eric Cheung,"Los Angeles, CA",928,1:13:23,36:42,M 25-29/19,M-29,397,1:13:23, 0.00%
584,Michael Hahn,"Torrance, CA",300,1:13:23,36:42,M 50-54/57,M-51,398,1:13:23, 0.00%
585,Anna Wills,"Santa Monica, CA",806,1:13:26,36:43,F 25-29/25,F-28,187,1:13:26, 0.00%
586,Glenn Gillaspie,"Santa Monica, CA",889,1:13:29,36:45,M 45-49/63,M-48,399,1:13:29, 0.00%
587,Stephanie Peterman,"El Segundo, CA",933,1:13:29,36:45,F 35-39/24,F-37,188,1:13:29, 0.00%
588,Laura Minton,"Los Angeles, CA",143,1:13:33,36:47,F 30-34/26,F-31,189,1:13:33, 0.00%
589,Gino Cochella,"Redondo Beach, CA",379,1:13:39,36:50,M 40-44/62,M-44,400,1:13:39, 0.00%
590,Colleen Dougher,"Long Beach, CA",85,1:13:40,36:50,F 18-24/27,F-21,190,1:13:40, 0.00%
591,Carol Gregory,"Pacific Palisades, CA",731,1:13:42,36:51,F 60-99/3,F-61,191,1:13:42, 0.00%
592,Tina Geller,"Encino, CA",675,1:13:43,36:52,F 30-34/27,F-33,192,1:13:43, 0.00%
593,Cindy Tournat,"Torrance, CA",966,1:13:48,36:54,F 50-54/11,F-53,193,1:13:48, 0.00%
594,Alan Fry,"Redondo Beach, CA",673,1:13:49,36:55,M 50-54/58,M-52,401,1:13:49, 0.00%
595,Bill Stout,"Manhattan Beach, CA",600,1:13:53,36:57,M 50-54/59,M-54,402,1:13:53, 0.00%
596,Lewis Gabbard,"Vacaville, CA",747,1:13:53,36:57,M 45-49/64,M-47,403,1:13:53, 0.00%
597,Amy Gardiner,"Carson, CA",544,1:13:54,36:57,F 30-34/28,F-31,194,1:13:54, 0.00%
598,George Hicks,"Rancho Palos Verdes, CA",890,1:13:54,36:57,M 55-59/34,M-55,404,1:13:54, 0.00%
599,Don Nelson,"Hermosa Beach, CA",405,1:13:56,36:58,M 60-99/18,M-66,405,1:13:56, 0.00%
600,Luis Gorordo,"Redondo Beach, CA",241,1:13:58,36:59,M 60-99/19,M-69,406,1:13:58, 0.00%
601,Mo Sadrpour,"Los Angeles, CA",262,1:14:04,37:02,M 50-54/60,M-50,407,1:14:04, 0.00%
602,Michael Ramage,"Torrance, CA",793,1:14:05,37:03,M 45-49/65,M-45,408,1:14:05, 0.00%
603,Adrian Llano,"Garden Grove, CA",785,1:14:07,37:04,M 30-34/44,M-34,409,1:14:07, 0.00%
604,Alison Wright,"Manhattan Beach, CA",693,1:14:09,37:05,F 50-54/12,F-52,195,1:14:09, 0.00%
605,Cheryl Siler,"Torrance, CA",555,1:14:19,37:10,F 35-39/25,F-37,196,1:14:19, 0.00%
606,David Suh,"Newport Beach, CA",294,1:14:21,37:11,M 35-39/51,M-38,410,1:14:21, 0.00%
607,Pablo Prietto,"Los Angeles, CA",178,1:14:22,37:11,M 45-49/66,M-45,411,1:14:22, 0.00%
608,Dana Montgomery,"Manhattan Beach, CA",690,1:14:24,37:12,M 50-54/61,M-54,412,1:14:24, 0.00%
609,Jeff Hepper,"Houston, TX",107,1:14:32,37:16,M 50-54/62,M-51,413,1:14:32, 0.00%
610,Fory Horio,"El Segundo, CA",662,1:14:38,37:19,M 45-49/67,M-45,414,1:14:38, 0.00%
611,Sue Feehan,"Glendale, CA",971,1:14:44,37:22,F 45-49/24,F-46,197,1:14:44, 0.00%
612,Tim McGinity,"Redondo Beach, CA",509,1:14:48,37:24,M 35-39/52,M-39,415,1:14:48, 0.00%
613,Howard Roth,"Porter Ranch, CA",814,1:14:51,37:26,M 50-54/63,M-50,416,1:14:51, 0.00%
614,Dennis Hall,"Manhattan Beach, CA",352,1:14:57,37:29,M 50-54/64,M-53,417,1:14:57, 0.00%
615,Gregory Cash,"Lake Balboa, CA",439,1:15:00,37:30,M 60-99/20,M-60,418,1:15:00, 0.00%
616,Mori Biener,"Manhattan Beach, CA",197,1:15:07,37:34,M 50-54/65,M-54,419,1:15:07, 0.00%
617,John Whitaker,"Manhattan Beach, CA",392,1:15:14,37:37,M 55-59/35,M-59,420,1:15:14, 0.00%
618,Jeremy Godo Kiss,"Hermosa Beach, CA",972,1:15:15,37:38,M 30-34/45,M-34,421,1:15:15, 0.00%
619,Paul Craig,"Manhattan Beach, CA",712,1:15:17,37:39,M 50-54/66,M-54,422,1:15:17, 0.00%
620,Meagan Sestich,"San Pedro, CA",808,1:15:19,37:40,F 01-17/36,F-16,198,1:15:19, 0.00%
621,Richard Knapp,"Manhattan Beach, CA",680,1:15:25,37:43,M 50-54/67,M-53,423,1:15:25, 0.00%
622,Jerry Holland,"Torrance, CA",480,1:15:25,37:43,M 60-99/21,M-69,424,1:15:25, 0.00%
623,Michael Slattery,"Tiburon, CA",595,1:15:28,37:44,M 50-54/68,M-53,425,1:15:28, 0.00%
624,Eric Agliozzo,"Manhattan Beach, CA",853,1:15:34,37:47,M 01-17/39,M-13,426,1:15:34, 0.00%
625,Kristina Benner,"Culver City, CA",829,1:15:35,37:48,F 25-29/26,F-25,199,1:15:35, 0.00%
626,Rachel Tominaga,"Manhattan Beach, CA",780,1:15:38,37:49,F 01-17/37,F-11,200,1:15:38, 0.00%
627,Raymond Robinson,"Torrance, CA",477,1:15:47,37:54,M 45-49/68,M-49,427,1:15:47, 0.00%
628,Danny Kole,"Manhattan Beach, CA",478,1:15:49,37:55,M 40-44/63,M-43,428,1:15:49, 0.00%
629,Brian Krieger,"Cypress, CA",390,1:15:56,37:58,M 45-49/69,M-48,429,1:15:56, 0.00%
630,Scotty Gibb,"Manhattan Beach, CA",888,1:15:58,37:59,M 30-34/46,M-32,430,1:15:58, 0.00%
631,David Hershey,"Hermosa Beach, CA",466,1:16:01,38:01,M 55-59/36,M-55,431,1:16:01, 0.00%
632,Nancy Roe,"Manhattan Beach, CA",144,1:16:02,38:01,F 45-49/25,F-49,201,1:16:02, 0.00%
633,Jean Bolling,"Manhattan Beach, CA",763,1:16:02,38:01,F 50-54/13,F-50,202,1:16:02, 0.00%
634,Beverly Baird,"Hermosa Beach, CA",445,1:16:03,38:02,F 45-49/26,F-48,203,1:16:03, 0.00%
635,Brett Kennedy,"Santa Monica, CA",804,1:16:04,38:02,M 30-34/47,M-34,432,1:16:04, 0.00%
636,Craig Jackson,"Manhattan Beach, CA",538,1:16:06,38:03,M 40-44/64,M-42,433,1:16:06, 0.00%
637,Karen Bauer,"Los Angeles, CA",766,1:16:12,38:06,F 40-44/17,F-43,204,1:16:12, 0.00%
638,Bob Goodis,"Beverly Hills, CA",148,1:16:12,38:06,M 50-54/69,M-51,434,1:16:12, 0.00%
639,Nancy Aguilar,"Newbury Park, CA",395,1:16:13,38:07,F 45-49/27,F-47,205,1:16:13, 0.00%
640,Peter Reale,"Los Angeles, CA",185,1:16:17,38:09,M 45-49/70,M-47,435,1:16:17, 0.00%
641,George Brown,"Hermosa Beach, CA",139,1:16:19,38:10,M 55-59/37,M-59,436,1:16:19, 0.00%
642,Ben Gutherie,"Pleasant Hill, CA",825,1:16:24,38:12,M 50-54/70,M-50,437,1:16:24, 0.00%
643,Dennis Kang,"Torrance, CA",77,1:16:32,38:16,M 30-34/48,M-30,438,1:16:32, 0.00%
644,Michael Connolly,"Manhattan Beach, CA",886,1:16:42,38:21,M 40-44/65,M-42,439,1:16:42, 0.00%
645,Jeff Press,"Hermosa Beach, CA",308,1:17:01,38:31,M 50-54/71,M-53,440,1:17:01, 0.00%
646,Richard Gronbach,"Manhattan Beach, CA",205,1:17:05,38:33,M 50-54/72,M-51,441,1:17:05, 0.00%
647,Richard Freeman,"Rolling Hills Estates, CA",463,1:17:10,38:35,M 60-99/22,M-66,442,1:17:10, 0.00%
648,Monica Morant,"Los Angeles, CA",536,1:17:10,38:35,F 35-39/26,F-36,206,1:17:10, 0.00%
649,Laura Schare,"Encino, CA",535,1:17:20,38:40,F 40-44/18,F-43,207,1:17:20, 0.00%
650,Scott Manclark,"Hermosa Beach, CA",220,1:17:20,38:40,M 45-49/71,M-48,443,1:17:20, 0.00%
651,Matt McMahon,"Venice, CA",715,1:17:22,38:41,M 30-34/49,M-34,444,1:17:22, 0.00%
652,Kim White,"Rancho Palos Verdes, CA",209,1:17:33,38:47,F 45-49/28,F-45,208,1:17:33, 0.00%
653,Jens Wessel,"Redondo Beach, CA",344,1:17:34,38:47,M 40-44/66,M-43,445,1:17:34, 0.00%
654,Linda Miller,"Pine Mountain Club, CA",325,1:17:39,38:50,F 60-99/4,F-60,209,1:17:39, 0.00%
655,Heather Richards,"El Segundo, CA",249,1:17:40,38:50,F 40-44/19,F-42,210,1:17:40, 0.00%
656,Julie Seidman,"Manhattan Beach, CA",183,1:17:53,38:57,F 45-49/29,F-47,211,1:17:53, 0.00%
657,Joe Agliozzo,"Manhattan Beach, CA",852,1:18:00,39:00,M 45-49/72,M-45,446,1:18:00, 0.00%
658,Laura Hufschmidt,"Los Angeles, CA",941,1:18:07,39:04,F 25-29/27,F-27,212,1:18:07, 0.00%
659,Lou Briones,"Los Angeles, CA",497,1:18:07,39:04,M 60-99/23,M-60,447,1:18:07, 0.00%
660,Bill Singley,"Manhattan Beach, CA",153,1:18:09,39:05,M 60-99/24,M-70,448,1:18:09, 0.00%
661,Kathy Hopkins,"Rancho Palos Verdes, CA",469,1:18:14,39:07,F 45-49/30,F-45,213,1:18:14, 0.00%
662,Nat Holt,"Redondo Beach, CA",53,1:18:18,39:09,M 45-49/73,M-47,449,1:18:18, 0.00%
663,Gila Ruivenkamp,"Chatsworth, CA",745,1:18:19,39:10,F 30-34/29,F-30,214,1:18:19, 0.00%
664,David Ballantine,"Manhattan Beach, CA",304,1:18:21,39:11,M 45-49/74,M-45,450,1:18:21, 0.00%
665,Maureen Kikut,"Manhattan Beach, CA",976,1:18:37,39:19,F 60-99/5,F-63,215,1:18:37, 0.00%
666,Eric Cardenas,"Manhattan Beach, CA",550,1:18:43,39:22,M 35-39/53,M-37,451,1:18:43, 0.00%
667,Steve Hyde,"Manhattan Beach, CA",18,1:18:48,39:24,M 55-59/38,M-59,452,1:18:48, 0.00%
668,Stacey Lakind,"Redondo Beach, CA",751,1:18:51,39:26,F 35-39/27,F-36,216,1:18:51, 0.00%
669,Greg Davis,"Los Angeles, CA",900,1:18:53,39:27,M 40-44/67,M-40,453,1:18:53, 0.00%
670,Harold Vance,"Los Angeles, CA",980,1:19:11,39:36,M 50-54/73,M-50,454,1:19:11, 0.00%
671,Bill Brand,"Redondo Beach, CA",72,1:19:14,39:37,M 50-54/74,M-50,455,1:19:14, 0.00%
672,Shannon Alves,"Redondo Beach, CA",797,1:19:15,39:38,F 30-34/30,F-31,217,1:19:15, 0.00%
673,Gary Sterling,"Redondo Beach, CA",484,1:19:18,39:39,M 55-59/39,M-57,456,1:19:18, 0.00%
674,Erika Perri,"San Pedro, CA",582,1:19:37,39:49,F 35-39/28,F-37,218,1:19:37, 0.00%
675,Franco Reitz,"Torrance, CA",452,1:19:42,39:51,M 55-59/40,M-57,457,1:19:42, 0.00%
676,Ernie Echeverria,"Los Angeles, CA",645,1:19:43,39:52,M 50-54/75,M-54,458,1:19:43, 0.00%
677,Cody Strange,"Manhattan Beach, CA",779,1:19:49,39:55,M 01-17/40,M-17,459,1:19:49, 0.00%
678,Becky Cherry,"Rolling Hills Estates, CA",855,1:19:50,39:55,F 18-24/28,F-22,219,1:19:50, 0.00%
679,James Seixas,"San Pedro, CA",695,1:19:53,39:57,M 55-59/41,M-55,460,1:19:53, 0.00%
680,Steve Lemire,"Harbor City, CA",120,1:19:56,39:58,M 50-54/76,M-50,461,1:19:56, 0.00%
681,James Myers,"Torrance, CA",391,1:20:01,40:01,M 50-54/77,M-53,462,1:20:01, 0.00%
682,Monika Zands,"Los Angeles, CA",994,1:20:05,40:03,F 35-39/29,F-35,220,1:20:05, 0.00%
683,Bret Anthony,"Hermosa Beach, CA",10,1:20:09,40:05,M 35-39/54,M-36,463,1:20:09, 0.00%
684,Erin Barry,"Hermosa Beach, CA",631,1:20:11,40:06,F 35-39/30,F-35,221,1:20:11, 0.00%
685,Robert Flanigan,"Marina Del Rey, CA",671,1:20:13,40:07,M 25-29/20,M-27,464,1:20:13, 0.00%
686,Brian Davidoff,"Los Angeles, CA",922,1:20:16,40:08,M 50-54/78,M-51,465,1:20:16, 0.00%
687,Dennis McNeil,"El Segundo, CA",317,1:20:26,40:13,M 45-49/75,M-48,466,1:20:26, 0.00%
688,Mario Gerla,"Santa Monica, CA",240,1:20:27,40:14,M 60-99/25,M-65,467,1:20:27, 0.00%
689,Deanna Adams,"El Segundo, CA",862,1:20:44,40:22,F 40-44/20,F-41,222,1:20:44, 0.00%
690,Marvin Suntonvipart,"Playa Del Rey, CA",251,1:20:46,40:23,M 30-34/50,M-33,468,1:20:46, 0.00%
691,Melissa Neff,"El Segundo, CA",270,1:20:47,40:24,F 25-29/28,F-27,223,1:20:47, 0.00%
692,Dennis Harris,"Manhattan Beach, CA",351,1:20:49,40:25,M 55-59/42,M-58,469,1:20:49, 0.00%
693,James Hallett,"Manhattan Beach, CA",436,1:20:56,40:28,M 60-99/26,M-60,470,1:20:56, 0.00%
694,William Averill,"Palos Verdes Estates, CA",610,1:21:08,40:34,M 50-54/79,M-50,471,1:21:08, 0.00%
695,Amy Lieurance,"Desert Hot Springs, CA",345,1:21:09,40:35,F 45-49/31,F-49,224,1:21:09, 0.00%
696,Laure Weber,"Pacific Palisades, CA",719,1:21:10,40:35,F 55-59/3,F-55,225,1:21:10, 0.00%
697,Vicki Gomez,"Palos Verdes Estates, CA",394,1:21:19,40:40,F 45-49/32,F-46,226,1:21:19, 0.00%
698,Diane Leenders,"Vacaville, CA",683,1:21:20,40:40,F 40-44/21,F-42,227,1:21:20, 0.00%
699,Nicole McGuinness,"Hermosa Beach, CA",488,1:21:36,40:48,F 40-44/22,F-41,228,1:21:36, 0.00%
700,Sandy Field,"Lakewood, CA",646,1:21:42,40:51,F 50-54/14,F-53,229,1:21:42, 0.00%
701,Cameron Paulson,"Redondo Beach, CA",929,1:21:43,40:52,M 40-44/68,M-44,472,1:21:43, 0.00%
702,Phil Traeger,"San Pedro, CA",957,1:21:46,40:53,M 50-54/80,M-51,473,1:21:46, 0.00%
703,Bill Richard,"Redondo Beach, CA",38,1:21:50,40:55,M 55-59/43,M-55,474,1:21:50, 0.00%
704,Vincent Honrubia,"Mission, TX",568,1:21:51,40:56,M 40-44/69,M-44,475,1:21:51, 0.00%
705,Linda Kraus,"Las Vegas, NV",791,1:21:54,40:57,F 45-49/33,F-49,230,1:21:54, 0.00%
706,Richard Mack,", ",1013,1:21:59,41:00,M 50-54/81,M-51,476,1:21:59, 0.00%
707,Levalley Pattison,"Redondo Beach, CA",623,1:22:03,41:02,F 40-44/23,F-44,231,1:22:03, 0.00%
708,Mike Whitcombe,"Manhattan Beach, CA",476,1:22:08,41:04,M 40-44/70,M-44,477,1:22:08, 0.00%
709,Dean Wilson,"Redondo Beach, CA",133,1:22:15,41:08,M 40-44/71,M-41,478,1:22:15, 0.00%
710,Alastair Binks,"Manhattan Beach, CA",447,1:22:32,41:16,M 40-44/72,M-41,479,1:22:32, 0.00%
711,Tom Hoffman,"Rancho Palos Verdes, CA",891,1:22:39,41:20,M 55-59/44,M-58,480,1:22:39, 0.00%
712,Eric Pandzic,"Redondo Beach, CA",925,1:22:46,41:23,M 45-49/76,M-47,481,1:22:46, 0.00%
713,Derek Traeger,"San Pedro, CA",958,1:22:48,41:24,M 01-17/41,M-14,482,1:22:48, 0.00%
714,Mike Campbell,"Rancho Palos Verdes, CA",135,1:22:55,41:28,M 50-54/82,M-54,483,1:22:55, 0.00%
715,Kim Shales,"Manhattan Beach, CA",935,1:22:56,41:28,F 18-24/29,F-19,232,1:22:56, 0.00%
716,Huntley Castner,"Manhattan Beach, CA",643,1:22:57,41:29,M 45-49/77,M-45,484,1:22:57, 0.00%
717,Marilyn Gudmundsson,"Hermosa Beach, CA",948,1:22:58,41:29,F 50-54/15,F-53,233,1:22:58, 0.00%
718,Taryn Smith,"Phoenix, AZ",323,1:22:59,41:30,F 30-34/31,F-34,234,1:22:59, 0.00%
719,Sabine Huemer,"Redondo Beach, CA",285,1:23:03,41:32,F 40-44/24,F-44,235,1:23:03, 0.00%
720,Chuck Dembo,"Beverly Hills, CA",724,1:23:15,41:38,M 45-49/78,M-45,485,1:23:15, 0.00%
721,William Kuehn,"Pasadena, CA",916,1:23:34,41:47,M 60-99/27,M-64,486,1:23:34, 0.00%
722,Laura Stoneman,"Manhattan Beach, CA",686,1:23:35,41:48,F 18-24/30,F-23,236,1:23:35, 0.00%
723,Page Powers,"Redondo Beach, CA",725,1:23:36,41:48,F 30-34/32,F-34,237,1:23:36, 0.00%
724,Greg Less,"Hermosa Beach, CA",562,1:23:38,41:49,M 45-49/79,M-47,487,1:23:38, 0.00%
725,Elizabeth Sala,"Rancho Palos Verdes, CA",651,1:23:39,41:50,F 50-54/16,F-51,238,1:23:39, 0.00%
726,Kathryn Kassai,"Rancho Palos Verdes, CA",823,1:23:41,41:51,F 50-54/17,F-52,239,1:23:41, 0.00%
727,Stuart Nieman,"Los Angeles, CA",174,1:23:56,41:58,M 60-99/28,M-66,488,1:23:56, 0.00%
728,Lori Craig,"Los Angeles, CA",688,1:23:58,41:59,F 25-29/29,F-27,240,1:23:58, 0.00%
729,Joe Pantera,"Redondo Beach, CA",998,1:24:01,42:01,M 45-49/80,M-46,489,1:24:01, 0.00%
730,Steven Chiamori,"Los Angeles, CA",156,1:24:18,42:09,M 45-49/81,M-48,490,1:24:18, 0.00%
731,Jeff Widmann,"Malibu, CA",126,1:24:44,42:22,M 50-54/83,M-53,491,1:24:44, 0.00%
732,Carol Brothers,"Plano, TX",561,1:24:51,42:26,F 40-44/25,F-44,241,1:24:51, 0.00%
733,Lisa Hetherington,"Torrance, CA",578,1:25:06,42:33,F 25-29/30,F-27,242,1:25:06, 0.00%
734,Rachelle Radpour,"Redondo Beach, CA",816,1:25:07,42:34,F 25-29/31,F-25,243,1:25:07, 0.00%
735,Tom Hynes,"Rancho Palos Verdes, CA",918,1:25:09,42:35,M 50-54/84,M-54,492,1:25:09, 0.00%
736,Megan Dalton,"Redondo Beach, CA",553,1:25:12,42:36,F 35-39/31,F-36,244,1:25:12, 0.00%
737,Susan Fitzgerald,"Pacific Palisades, CA",593,1:25:14,42:37,F 45-49/34,F-49,245,1:25:14, 0.00%
738,Lester Torres,"Torrance, CA",598,1:25:19,42:40,M 50-54/85,M-50,493,1:25:19, 0.00%
739,Pier Serota,"Manhattan Beach, CA",789,1:25:23,42:42,F 35-39/32,F-39,246,1:25:23, 0.00%
740,John Martin,"San Pedro, CA",875,1:25:44,42:52,M 40-44/73,M-44,494,1:25:44, 0.00%
741,Bridget Sheehan,"Torrance, CA",210,1:25:48,42:54,F 45-49/35,F-46,247,1:25:48, 0.00%
742,Tom Humbarger,"Manhattan Beach, CA",490,1:25:48,42:54,M 45-49/82,M-48,495,1:25:48, 0.00%
743,Jim Cody,"Hermosa Beach, CA",834,1:25:54,42:57,M 01-17/42,M-16,496,1:25:54, 0.00%
744,Dan Matulich,"Rolling Hills Estates, CA",349,1:25:55,42:58,M 60-99/29,M-77,497,1:25:55, 0.00%
745,Scott Tregarthen,"Redondo Beach, CA",838,1:26:06,43:03,M 18-24/19,M-20,498,1:26:06, 0.00%
746,Marc Strange,"Manhattan Beach, CA",778,1:26:06,43:03,M 50-54/86,M-50,499,1:26:06, 0.00%
747,Alexander Berger,"Torrance, CA",545,1:26:08,43:04,M 40-44/74,M-41,500,1:26:08, 0.00%
748,Adam Pomfret,"Redondo Beach, CA",943,1:26:10,43:05,M 35-39/55,M-36,501,1:26:10, 0.00%
749,Bill Daniel,"Sherman Oaks, CA",229,1:26:15,43:08,M 60-99/30,M-65,502,1:26:15, 0.00%
750,Christina Kahn,"Manhattan Beach, CA",738,1:26:15,43:08,F 40-44/26,F-40,248,1:26:15, 0.00%
751,Frank Deese,"Santa Monica, CA",207,1:26:23,43:12,M 45-49/83,M-48,503,1:26:23, 0.00%
752,Michele Sayre,"Manhattan Beach, CA",697,1:26:42,43:21,F 35-39/33,F-35,249,1:26:42, 0.00%
753,Lee Hunt,"Playa Del Rey, CA",21,1:26:44,43:22,M 30-34/51,M-31,504,1:26:44, 0.00%
754,Tracey Corinne,"Los Angeles, CA",713,1:26:50,43:25,F 40-44/27,F-44,250,1:26:50, 0.00%
755,Jack Bryant,"Redondo Beach, CA",912,1:26:52,43:26,M 40-44/75,M-41,505,1:26:52, 0.00%
756,Damon Tedesco,"Los Angeles, CA",109,1:26:55,43:28,M 35-39/56,M-39,506,1:26:55, 0.00%
757,Brian Zark,"Hermosa Beach, CA",34,1:26:59,43:30,M 25-29/21,M-29,507,1:26:59, 0.00%
758,Carolyn Miller,"Norfolk, NE",867,1:27:04,43:32,F 45-49/36,F-45,251,1:27:04, 0.00%
759,William Brown,"Manhattan Beach, CA",1003,1:27:10,43:35,M 60-99/31,M-65,508,1:27:10, 0.00%
760,Marsha Carry,"Manhattan Beach, CA",322,1:27:14,43:37,F 55-59/4,F-59,252,1:27:14, 0.00%
761,Courtney Tylka,"Hermosa Beach, CA",409,1:27:16,43:38,F 40-44/28,F-40,253,1:27:16, 0.00%
762,Sidney Bateman,"Hermosa Beach, CA",446,1:27:18,43:39,F 35-39/34,F-37,254,1:27:18, 0.00%
763,Cissy Mladinich,"Rancho Palos Verdes, CA",162,1:27:32,43:46,F 55-59/5,F-59,255,1:27:32, 0.00%
764,Frederick Findley,"South Pasadena, CA",437,1:27:35,43:48,M 60-99/32,M-63,509,1:27:35, 0.00%
765,Gary Cawthon,"Manhattan Beach, CA",152,1:27:35,43:48,M 60-99/33,M-64,510,1:27:35, 0.00%
766,Susan Fuhs,"Hermosa Beach, CA",419,1:27:37,43:49,F 45-49/37,F-48,256,1:27:37, 0.00%
767,Marc Binenfeld,"Los Angeles, CA",479,1:27:37,43:49,M 55-59/45,M-57,511,1:27:37, 0.00%
768,Tori Smith,"Manhattan Beach, CA",694,1:27:41,43:51,F 01-17/38,F-15,257,1:27:41, 0.00%
769,Andrea Conrad,"Hermosa Beach, CA",746,1:28:21,44:11,F 40-44/29,F-40,258,1:28:21, 0.00%
770,Margaret Parlee,"Palos Verdes Estates, CA",52,1:28:23,44:12,F 45-49/38,F-48,259,1:28:23, 0.00%
771,Patricia Costales,"Redondo Beach, CA",376,1:28:39,44:20,F 40-44/30,F-42,260,1:28:39, 0.00%
772,Joni Toyooka,"Manhattan Beach, CA",581,1:28:40,44:20,F 40-44/31,F-42,261,1:28:40, 0.00%
773,John Clarke,"Manhattan Beach, CA",179,1:28:42,44:21,M 60-99/34,M-65,512,1:28:42, 0.00%
774,Jennifer J Lee,"Los Angeles, CA",950,1:28:42,44:21,F 25-29/32,F-25,262,1:28:42, 0.00%
775,Trey Pogue,"Rancho Palos Verdes, CA",800,1:28:51,44:26,M 35-39/57,M-38,513,1:28:51, 0.00%
776,Susan Goodlerner,"Manhattan Beach, CA",540,1:28:52,44:26,F 55-59/6,F-56,263,1:28:52, 0.00%
777,Valerie Baggett,"El Segundo, CA",305,1:29:22,44:41,F 50-54/18,F-54,264,1:29:22, 0.00%
778,Peggy Sullivan,"Manhattan Beach, CA",628,1:29:24,44:42,F 55-59/7,F-57,265,1:29:24, 0.00%
779,Anne Dawson,"Hermosa Beach, CA",465,1:29:29,44:45,F 50-54/19,F-54,266,1:29:29, 0.00%
780,Mike Maloney,"Hermosa Beach, CA",525,1:29:31,44:46,M 35-39/58,M-39,514,1:29:31, 0.00%
781,Anne Donohue,"San Pedro, CA",377,1:29:45,44:53,F 25-29/33,F-26,267,1:29:45, 0.00%
782,Mary Gabbard,"Vacaville, CA",802,1:29:47,44:54,F 45-49/39,F-49,268,1:29:47, 0.00%
783,Ty Panitz,"Manhattan Beach, CA",898,1:29:48,44:54,M 01-17/43,M-9,515,1:29:48, 0.00%
784,Jim Donlan,"Manhattan Beach, CA",141,1:29:50,44:55,M 55-59/46,M-55,516,1:29:50, 0.00%
785,Pat Caskey,"Manhattan Beach, CA",302,1:29:54,44:57,M 40-44/76,M-44,517,1:29:54, 0.00%
786,Jean Rutherford,"Manhattan Beach, CA",899,1:29:56,44:58,F 40-44/32,F-41,269,1:29:56, 0.00%
787,Dave Anton,"Porter Ranch, CA",459,1:30:13,45:07,M 50-54/87,M-50,518,1:30:13, 0.00%
788,Clarinda Keldrauk,"Manhattan Beach, CA",299,1:30:14,45:07,F 55-59/8,F-55,270,1:30:14, 0.00%
789,Michael Hays,"Artesia, CA",677,1:30:34,45:17,M 35-39/59,M-37,519,1:30:34, 0.00%
790,Kiyoe Fukushima,"Rancho Palos Verdes, CA",572,1:30:36,45:18,F 60-99/6,F-61,271,1:30:36, 0.00%
791,Vicki Myers,"Torrance, CA",532,1:30:39,45:20,F 40-44/33,F-41,272,1:30:39, 0.00%
792,Chuck Skiko,"Redondo Beach, CA",252,1:30:39,45:20,M 45-49/84,M-46,520,1:30:39, 0.00%
793,Kirk Rossberg,"Torrance, CA",132,1:30:43,45:22,M 50-54/88,M-50,521,1:30:43, 0.00%
794,Jason Kikugawa,"Manhattan Beach, CA",606,1:30:47,45:24,M 35-39/60,M-38,522,1:30:47, 0.00%
795,Stephanie Elliott,"Gardena, CA",788,1:31:05,45:33,F 25-29/34,F-28,273,1:31:05, 0.00%
796,Daniel Rude,"Los Angeles, CA",932,1:31:17,45:39,M 40-44/77,M-44,523,1:31:17, 0.00%
797,James Houston,"Manhattan Beach, CA",911,1:31:37,45:49,M 50-54/89,M-50,524,1:31:37, 0.00%
798,Bill Pratt,"Manhattan Beach, CA",870,1:32:41,46:21,M 50-54/90,M-53,525,1:32:41, 0.00%
799,Ji Im,"Los Angeles, CA",129,1:32:47,46:24,M 35-39/61,M-38,526,1:32:47, 0.00%
800,Daniel Bomfim,"Manhattan Beach, CA",580,1:32:57,46:29,M 35-39/62,M-38,527,1:32:57, 0.00%
801,Kevin Bateman,"Manhattan Beach, CA",48,1:33:03,46:32,M 45-49/85,M-46,528,1:33:03, 0.00%
802,Caroline Collins,"Hawthorne, CA",397,1:33:05,46:33,F 18-24/31,F-21,274,1:33:05, 0.00%
803,Leon Darley,"Long Beach, CA",194,1:33:14,46:37,M 55-59/47,M-59,529,1:33:14, 0.00%
804,Mickey Kolodny,"Manhattan Beach, CA",432,1:33:17,46:39,M 50-54/91,M-54,530,1:33:17, 0.00%
805,Juliet Salazar,"Los Angeles, CA",904,1:33:22,46:41,F 30-34/33,F-34,275,1:33:22, 0.00%
806,Bob Masenga,"Manhattan Beach, CA",989,1:33:37,46:49,M 55-59/48,M-59,531,1:33:37, 0.00%
807,Nancy Koopmann,"Hermosa Beach, CA",275,1:33:43,46:52,F 40-44/34,F-44,276,1:33:43, 0.00%
808,David Daigle,"Pacific Palisades, CA",45,1:33:54,46:57,M 45-49/86,M-45,532,1:33:54, 0.00%
809,Robert Philipson,"Santa Monica, CA",624,1:34:00,47:00,M 50-54/92,M-54,533,1:34:00, 0.00%
810,Keith Simmons,"Manhattan Beach, CA",418,1:34:01,47:01,M 50-54/93,M-50,534,1:34:01, 0.00%
811,Josh Futterman,"West Hollywood, CA",501,1:34:14,47:07,M 40-44/78,M-41,535,1:34:14, 0.00%
812,John Kovac,"Hermosa Beach, CA",248,1:34:41,47:21,M 55-59/49,M-59,536,1:34:41, 0.00%
813,Erica Hovind,"San Pedro, CA",955,1:34:44,47:22,F 01-17/39,F-17,277,1:34:44, 0.00%
814,Rubin Johnson,"Whittier, CA",375,1:34:52,47:26,M 50-54/94,M-51,537,1:34:52, 0.00%
815,Steven Herbert,"Culver City, CA",880,1:34:54,47:27,M 45-49/87,M-45,538,1:34:54, 0.00%
816,Tim Good,"Palos Verdes Estates, CA",601,1:34:56,47:28,M 55-59/50,M-56,539,1:34:56, 0.00%
817,Dustin Carle,"Long Beach, CA",930,1:34:59,47:30,M 25-29/22,M-25,540,1:34:59, 0.00%
818,David Garland,"Hermosa Beach, CA",79,1:35:12,47:36,M 40-44/79,M-41,541,1:35:12, 0.00%
819,Michael R Lee,"Manhattan Beach, CA",749,1:35:32,47:46,M 50-54/95,M-50,542,1:35:32, 0.00%
820,Beatrice Dartley,"Manhattan Beach, CA",579,1:36:18,48:09,F 30-34/34,F-32,278,1:36:18, 0.00%
821,Kelly Calabio,"Redondo Beach, CA",495,1:36:23,48:12,M 45-49/88,M-47,543,1:36:23, 0.00%
822,Albert Dudley,"Lawndale, CA",854,1:37:00,48:30,M 30-34/52,M-32,544,1:37:00, 0.00%
823,Barbara Moore,"Playa Del Rey, CA",298,1:37:03,48:32,F 45-49/40,F-46,279,1:37:03, 0.00%
824,Cat Moore,"Los Angeles, CA",340,1:37:03,48:32,F 45-49/41,F-47,280,1:37:03, 0.00%
825,Cory Faucher,"Los Angeles, CA",988,1:37:11,48:36,M 50-54/96,M-51,545,1:37:11, 0.00%
826,Mark Skarulis,"Redondo Beach, CA",813,1:37:14,48:37,M 30-34/53,M-34,546,1:37:14, 0.00%
827,Beatrice James,"Los Angeles, CA",245,1:37:23,48:42,F 50-54/20,F-50,281,1:37:23, 0.00%
828,Ron Honeycutt,"Redondo Beach, CA",235,1:37:30,48:45,M 40-44/80,M-40,547,1:37:30, 0.00%
829,Elizabeth Jacobs,"Buena Park, CA",708,1:37:34,48:47,F 40-44/35,F-43,282,1:37:34, 0.00%
830,Patrick Tregarthen,"Redondo Beach, CA",51,1:37:40,48:50,M 60-99/35,M-62,548,1:37:40, 0.00%
831,Tom Vaughn,"San Pedro, CA",334,1:37:43,48:52,M 50-54/97,M-51,549,1:37:43, 0.00%
832,Dan Tyukody,"Manhattan Beach, CA",201,1:37:46,48:53,M 50-54/98,M-51,550,1:37:46, 0.00%
833,Tyler Patton,"Culver City, CA",365,1:37:55,48:58,M 40-44/81,M-41,551,1:37:55, 0.00%
834,John Sandoval,"Hermosa Beach, CA",37,1:38:06,49:03,M 35-39/63,M-36,552,1:38:06, 0.00%
835,Marc Bierrat,"Torrance, CA",732,1:38:14,49:07,M 40-44/82,M-43,553,1:38:14, 0.00%
836,Sarah Traeger,"San Pedro, CA",959,1:38:20,49:10,F 01-17/40,F-14,283,1:38:20, 0.00%
837,Thomas Kaehler,"Lomita, CA",374,1:38:40,49:20,M 55-59/51,M-57,554,1:38:40, 0.00%
838,Mike Eaton,"El Segundo, CA",887,1:38:53,49:27,M 40-44/83,M-42,555,1:38:53, 0.00%
839,Bill Brogan,"Redondo Beach, CA",762,1:39:11,49:36,M 60-99/36,M-66,556,1:39:11, 0.00%
840,Stephen Saussy,"Manhattan Beach, CA",366,1:39:14,49:37,M 55-59/52,M-59,557,1:39:14, 0.00%
841,Richard Holm,"Hermosa Beach, CA",62,1:39:19,49:40,M 35-39/64,M-39,558,1:39:19, 0.00%
842,Sue Funkhouser,"Los Angeles, CA",193,1:39:25,49:43,F 40-44/36,F-44,284,1:39:25, 0.00%
843,Vivian Lokhorst,"Los Angeles, CA",658,1:39:29,49:45,F 40-44/37,F-40,285,1:39:29, 0.00%
844,Tamra Blair,"Hermosa Beach, CA",494,1:39:36,49:48,F 35-39/35,F-38,286,1:39:36, 0.00%
845,Jean Dodge,"San Pedro, CA",84,1:39:53,49:57,F 35-39/36,F-39,287,1:39:53, 0.00%
846,Anthony Pitko,"Hermosa Beach, CA",339,1:40:19,50:10,M 40-44/84,M-40,559,1:40:19, 0.00%
847,Anne Moler,"Hermosa Beach, CA",425,1:41:02,50:31,F 60-99/7,F-67,288,1:41:02, 0.00%
848,Jamie Siler,"Torrance, CA",556,1:41:17,50:39,M 35-39/65,M-38,560,1:41:17, 0.00%
849,Liz Tanner,"Manhattan Beach, CA",453,1:41:39,50:50,F 50-54/21,F-50,289,1:41:39, 0.00%
850,Ron Reto,"Rancho Palos Verdes, CA",485,1:41:59,51:00,M 60-99/37,M-60,561,1:41:59, 0.00%
851,David Bates,"Hermosa Beach, CA",105,1:42:06,51:03,M 60-99/38,M-71,562,1:42:06, 0.00%
852,Francisco Cabrera,"Inglewood, CA",498,1:42:10,51:05,M 60-99/39,M-60,563,1:42:10, 0.00%
853,Poppy Purcell,"Hermosa Beach, CA",896,1:42:26,51:13,F 30-34/35,F-33,290,1:42:26, 0.00%
854,Jacqueline Godo Kiss,"Hermosa Beach, CA",710,1:42:31,51:16,F 60-99/8,F-70,291,1:42:31, 0.00%
855,James Franks,"Torrance, CA",137,1:42:42,51:21,M 60-99/40,M-81,564,1:42:42, 0.00%
856,Mark Becker,"Hermosa Beach, CA",200,1:43:18,51:39,M 45-49/89,M-47,565,1:43:18, 0.00%
857,Mark Hoel,"Torrance, CA",214,1:43:19,51:40,M 55-59/53,M-59,566,1:43:19, 0.00%
858,John Thum,"West Hollywood, CA",740,1:43:25,51:43,M 45-49/90,M-45,567,1:43:25, 0.00%
859,Chris Devirgilio,"Manhattan Beach, CA",633,1:43:46,51:53,M 45-49/91,M-46,568,1:43:46, 0.00%
860,Nancy Humbarger,"Manhattan Beach, CA",491,1:43:56,51:58,F 45-49/42,F-49,292,1:43:56, 0.00%
861,Scott Lyness,"Los Angeles, CA",702,1:44:08,52:04,M 50-54/99,M-51,569,1:44:08, 0.00%
862,Jason Waggoner,"Playa Del Rey, CA",33,1:44:11,52:06,M 35-39/66,M-39,570,1:44:11, 0.00%
863,Melissa Alves,"Redondo Beach, CA",798,1:44:18,52:09,F 25-29/35,F-26,293,1:44:18, 0.00%
864,Jim Michaelson,"Redondo Beach, CA",794,1:44:37,52:19,M 55-59/54,M-57,571,1:44:37, 0.00%
865,Elana Luber,"Redondo Beach, CA",186,1:44:52,52:26,F 35-39/37,F-38,294,1:44:52, 0.00%
866,Kelley Preach,"Manhattan Beach, CA",869,1:46:13,53:07,M 50-54/100,M-53,572,1:46:13, 0.00%
867,Lauren Thompson,"Hermosa Beach, CA",551,1:47:06,53:33,F 01-17/41,F-15,295,1:47:06, 0.00%
868,Sharon Thompson,"Hermosa Beach, CA",611,1:47:06,53:33,F 45-49/43,F-47,296,1:47:06, 0.00%
869,Meghan McMahon,"Manhattan Beach, CA",427,1:47:32,53:46,F 01-17/42,F-11,297,1:47:32, 0.00%
870,Richard Seidman,"Manhattan Beach, CA",184,1:48:20,54:10,M 55-59/55,M-56,573,1:48:20, 0.00%
871,Joe Iseri,"Gardena, CA",527,1:48:30,54:15,M 60-99/41,M-71,574,1:48:30, 0.00%
872,John Coughlin,"Manhattan Beach, CA",616,1:48:50,54:25,M 45-49/92,M-45,575,1:48:50, 0.00%
873,Xochitl Boehm,"Hermosa Beach, CA",11,1:49:24,54:42,F 35-39/38,F-39,298,1:49:24, 0.00%
874,Renata D'Angelo,"Torrance, CA",462,1:49:28,54:44,F 35-39/39,F-36,299,1:49:28, 0.00%
875,David Jonta,"El Segundo, CA",224,1:49:48,54:54,M 60-99/42,M-64,576,1:49:48, 0.00%
876,Alan Cox,"Torrance, CA",668,1:50:42,55:21,M 30-34/54,M-34,577,1:50:42, 0.00%
877,Chad Cardenas,"Redondo Beach, CA",113,1:50:49,55:25,M 30-34/55,M-33,578,1:50:49, 0.00%
878,Samir Shahin,"Manhattan Beach, CA",36,1:53:06,56:33,M 50-54/101,M-51,579,1:53:06, 0.00%
879,Rachel Blitz,"San Pedro, CA",851,1:53:08,56:34,F 01-17/43,F-13,300,1:53:08, 0.00%
880,John Perkins,"Newport Beach, CA",805,1:53:10,56:35,M 60-99/43,M-60,580,1:53:10, 0.00%
881,Jean Custer,"Torrance, CA",233,1:54:26,57:13,F 60-99/9,F-65,301,1:54:26, 0.00%
882,Emmanuel Belviz,"Glendale, CA",130,1:55:01,57:31,M 40-44/85,M-44,581,1:55:01, 0.00%
883,Gary Kawakami,"Los Angeles, CA",906,1:57:22,58:41,M 50-54/102,M-51,582,1:57:22, 0.00%
884,Eric Block,"Manhattan Beach, CA",82,1:57:37,58:49,M 35-39/67,M-39,583,1:57:37, 0.00%
885,Blake Feldmar,"Encino, CA",736,1:59:07,59:34,F 01-17/44,F-10,302,1:59:07, 0.00%
886,Jason Feldmar,"Encino, CA",737,1:59:08,59:34,M 35-39/68,M-37,584,1:59:08, 0.00%
887,Dean Paul,"Los Angeles, CA",868,2:01:32,1:00:46,M 50-54/103,M-51,585,2:01:32, 0.00%
888,Keith Adsen,"Gardena, CA",71,2:04:00,1:02:00,M 50-54/104,M-51,586,2:04:00, 0.00%
889,Gerard Melling,"Rancho Palos Verdes, CA",505,2:04:10,1:02:05,M 50-54/105,M-51,587,2:04:10, 0.00%
890,Frederick Lorig,"Rolling Hills, CA",167,2:04:32,1:02:16,M 60-99/44,M-62,588,2:04:32, 0.00%
891,Jackie Yukawa,"Pasadena, CA",370,2:05:25,1:02:43,F 55-59/9,F-59,303,2:05:25, 0.00%
892,Anna Slattery,"Tiburon, CA",776,2:05:35,1:02:48,F 45-49/44,F-48,304,2:05:35, 0.00%
893,Michelle Hess,"Santa Monica, CA",244,2:05:52,1:02:56,F 35-39/40,F-35,305,2:05:52, 0.00%
894,Ed Zuckerman,"Manhattan Beach, CA",110,2:07:01,1:03:31,M 55-59/56,M-59,589,2:07:01, 0.00%
895,Holley Blitz,"San Pedro, CA",849,2:08:40,1:04:20,F 45-49/45,F-48,306,2:08:40, 0.00%
896,Darleen Forbes,"Torrance, CA",820,2:08:52,1:04:26,F 45-49/46,F-46,307,2:08:52, 0.00%
897,Janis Fitzsimmons,"Palos Verdes Estates, CA",286,2:09:54,1:04:57,F 55-59/10,F-59,308,2:09:54, 0.00%
