Bib,Name,Gender,Age,Hometown,Overall,Men,M 25-29,Finish,Chip Time,Gun Time
134,Micah Carlson,M,25,"Hawthorne, CA",1 out of 897,1 out of 589,1 out of 22,39:30 Pace: 19:45,39:30,39:30
311,Alex Kostich,M,38,"Los Angeles, CA",2 out of 897,2 out of 589,1 out of 68,39:35 Pace: 19:48,39:35,39:35
599,David Schlesinger,M,32,"Studio City, CA",3 out of 897,3 out of 589,1 out of 55,40:25 Pace: 20:13,40:25,40:25
620,Sean Lemm,M,36,"El Segundo, CA",4 out of 897,4 out of 589,2 out of 68,42:03 Pace: 21:02,42:03,42:03
140,Kevin Silberman,M,17,"Manhattan Beach, CA",5 out of 897,5 out of 589,1 out of 43,42:04 Pace: 21:02,42:04,42:04
384,Gerry Rodrigues,M,45,"Beverly Hills, CA",6 out of 897,6 out of 589,1 out of 92,42:06 Pace: 21:03,42:06,42:06
596,Jason May,M,33,"Redondo Beach, CA",7 out of 897,7 out of 589,2 out of 55,42:09 Pace: 21:05,42:09,42:09
576,Michael K Lee,M,34,"Redondo Beach, CA",8 out of 897,8 out of 589,3 out of 55,42:12 Pace: 21:06,42:12,42:12
627,Scott Smith,M,26,"Redondo Beach, CA",9 out of 897,9 out of 589,2 out of 22,43:28 Pace: 21:44,43:28,43:28
743,Dian Gallas,F,44,"Manhattan Beach, CA",10 out of 897,1 out of 308,1 out of 37,43:42 Pace: 21:51,43:42,43:42
974,Buzz Harper,M,48,"Torrance, CA",11 out of 897,10 out of 589,2 out of 92,43:43 Pace: 21:52,43:43,43:43
32,Marlena Tonelli,F,19,"Yorba Linda, CA",12 out of 897,2 out of 308,1 out of 31,43:47 Pace: 21:54,43:47,43:47
356,Eric Chase,M,37,"Redondo Beach, CA",13 out of 897,11 out of 589,3 out of 68,43:57 Pace: 21:59,43:57,43:57
402,Grant Levy,M,45,"Beverly Hills, CA",14 out of 897,12 out of 589,3 out of 92,44:00 Pace: 22:00,44:00,44:00
236,Frank Bird,M,44,"San Pedro, CA",15 out of 897,13 out of 589,1 out of 85,44:08 Pace: 22:04,44:08,44:08
172,Tracy Edwards,M,51,"Santa Monica, CA",16 out of 897,14 out of 589,1 out of 105,44:09 Pace: 22:05,44:09,44:09
369,Tyler Storie,M,24,"Portland, OR",17 out of 897,15 out of 589,1 out of 19,44:17 Pace: 22:09,44:17,44:17
461,Robert Breitel,M,40,"Monrovia, CA",18 out of 897,16 out of 589,2 out of 85,44:26 Pace: 22:13,44:26,44:26
208,Jeremy Weinman,M,30,"Santa Monica, CA",19 out of 897,17 out of 589,4 out of 55,44:36 Pace: 22:18,44:36,44:36
528,Matthew Hammer,M,13,"Culver City, CA",20 out of 897,18 out of 589,2 out of 43,44:39 Pace: 22:20,44:39,44:39
635,Marc Eskes,M,31,"Fountain Valley, CA",21 out of 897,19 out of 589,5 out of 55,44:48 Pace: 22:24,44:48,44:48
411,Matthew Covington,M,36,"Santa Monica, CA",22 out of 897,20 out of 589,4 out of 68,44:52 Pace: 22:26,44:52,44:52
833,Amy Dantzler,F,44,"Los Angeles, CA",23 out of 897,3 out of 308,2 out of 37,45:03 Pace: 22:32,45:03,45:03
89,Brian Johnson,M,47,"Rolling Hills Estates, CA",24 out of 897,21 out of 589,4 out of 92,45:13 Pace: 22:37,45:13,45:13
750,Kailey Makuta,F,17,"El Segundo, CA",25 out of 897,4 out of 308,1 out of 44,45:14 Pace: 22:37,45:14,45:14
801,Ben Gabbard,M,15,"Vacaville, CA",26 out of 897,22 out of 589,3 out of 43,45:17 Pace: 22:39,45:17,45:17
612,Jill Boline,F,39,"Azusa, CA",27 out of 897,5 out of 308,1 out of 40,45:19 Pace: 22:40,45:19,45:19
618,Ron Hamilton,M,52,"Poway, CA",28 out of 897,23 out of 589,2 out of 105,45:21 Pace: 22:41,45:21,45:21
46,Chappie Dehaven,M,39,"Culver City, CA",29 out of 897,24 out of 589,5 out of 68,45:32 Pace: 22:46,45:32,45:32
604,Simon Millar,M,42,"Studio City, CA",30 out of 897,25 out of 589,3 out of 85,45:38 Pace: 22:49,45:38,45:38
343,Danielle Wong,F,16,"Rancho Palos Verdes, CA",31 out of 897,6 out of 308,2 out of 44,45:41 Pace: 22:51,45:41,45:41
947,Brent Blackman,M,38,"Los Angeles, CA",32 out of 897,26 out of 589,6 out of 68,45:41 Pace: 22:51,45:41,45:41
770,Matthew Harmatz,M,14,"San Pedro, CA",33 out of 897,27 out of 589,4 out of 43,45:41 Pace: 22:51,45:41,45:41
449,Eric Erenstoft,M,39,"Los Angeles, CA",34 out of 897,28 out of 589,7 out of 68,45:42 Pace: 22:51,45:42,45:42
368,Taylor Spivey,F,17,"Manhattan Beach, CA",35 out of 897,7 out of 308,3 out of 44,45:44 Pace: 22:52,45:44,45:44
198,Christopher Armstrong,M,33,"Santa Monica, CA",36 out of 897,29 out of 589,6 out of 55,45:47 Pace: 22:54,45:47,45:47
319,Doug Koehler,M,42,"Newbury Park, CA",37 out of 897,30 out of 589,4 out of 85,45:47 Pace: 22:54,45:47,45:47
163,Scott Davis,M,42,"Rancho Palos Verdes, CA",38 out of 897,31 out of 589,5 out of 85,45:49 Pace: 22:55,45:49,45:49
876,Brad Shenfeld,M,37,"Encino, CA",39 out of 897,32 out of 589,8 out of 68,45:53 Pace: 22:57,45:53,45:53
202,Bruce Thomas,M,51,"Hermosa Beach, CA",40 out of 897,33 out of 589,3 out of 105,46:04 Pace: 23:02,46:04,46:04
818,Dean Nicolls,M,43,"Palos Verdes Estates, CA",41 out of 897,34 out of 589,6 out of 85,46:09 Pace: 23:05,46:09,46:09
726,Brad Magit,M,50,"Venice, CA",42 out of 897,35 out of 589,4 out of 105,46:17 Pace: 23:09,46:17,46:17
147,Louis Caron,M,50,"San Dimas, CA",43 out of 897,36 out of 589,5 out of 105,46:40 Pace: 23:20,46:40,46:40
571,Jonathan Diaz,M,15,"Redondo Beach, CA",44 out of 897,37 out of 589,5 out of 43,46:47 Pace: 23:24,46:47,46:47
547,Kris Behrens,M,33,"Marina Del Rey, CA",45 out of 897,38 out of 589,7 out of 55,46:58 Pace: 23:29,46:58,46:58
70,Alec Campbell,M,42,"Hermosa Beach, CA",46 out of 897,39 out of 589,7 out of 85,47:11 Pace: 23:36,47:11,47:11
626,Ivan Rodriquez,M,33,"Redondo Beach, CA",47 out of 897,40 out of 589,8 out of 55,47:25 Pace: 23:43,47:25,47:25
327,Marshall AbramcZyk,M,21,"Fairfax, VA",48 out of 897,41 out of 589,2 out of 19,47:29 Pace: 23:45,47:29,47:29
57,Heather Beckman,F,24,"Hermosa Beach, CA",49 out of 897,8 out of 308,2 out of 31,47:30 Pace: 23:45,47:30,47:30
371,Philip Godfrey,M,49,"San Clemente, CA",50 out of 897,42 out of 589,5 out of 92,47:33 Pace: 23:47,47:33,47:33
190,Andy Hoover,M,37,"Manhattan Beach, CA",51 out of 897,43 out of 589,9 out of 68,47:38 Pace: 23:49,47:38,47:38
73,Alison Riddle,F,22,"Hermosa Beach, CA",52 out of 897,9 out of 308,3 out of 31,47:45 Pace: 23:53,47:45,47:45
666,Jenny Cook,F,50,"Los Angeles, CA",53 out of 897,10 out of 308,1 out of 21,47:48 Pace: 23:54,47:48,47:48
471,Connor Johnson,M,14,"Rolling Hills Estates, CA",54 out of 897,44 out of 589,6 out of 43,47:48 Pace: 23:54,47:48,47:48
923,Jake Adams,M,42,"Redondo Beach, CA",55 out of 897,45 out of 589,8 out of 85,47:52 Pace: 23:56,47:52,47:52
603,Megan Nolan,F,26,"Hermosa Beach, CA",56 out of 897,11 out of 308,1 out of 35,47:56 Pace: 23:58,47:56,47:56
760,Heather Defelice,F,28,"Culver City, CA",57 out of 897,12 out of 308,2 out of 35,47:57 Pace: 23:59,47:57,47:57
728,Mary Donlevy,F,38,"Manhattan Beach, CA",58 out of 897,13 out of 308,2 out of 40,47:59 Pace: 24:00,47:59,47:59
512,Taylor Williams,M,27,"Manhattan Beach, CA",59 out of 897,46 out of 589,3 out of 22,48:01 Pace: 24:01,48:01,48:01
360,Barbara Goodwin,F,43,"San Pedro, CA",60 out of 897,14 out of 308,3 out of 37,48:03 Pace: 24:02,48:03,48:03
58,Warren Mori,M,48,"Manhattan Beach, CA",61 out of 897,47 out of 589,6 out of 92,48:09 Pace: 24:05,48:09,48:09
282,Sean Richardson,M,47,"Palos Verdes Estates, CA",62 out of 897,48 out of 589,7 out of 92,48:09 Pace: 24:05,48:09,48:09
441,Gina Battaglia,F,23,"Los Angeles, CA",63 out of 897,15 out of 308,4 out of 31,48:11 Pace: 24:06,48:11,48:11
557,Esmie Holderman,F,24,"San Pedro, CA",64 out of 897,16 out of 308,5 out of 31,48:22 Pace: 24:11,48:22,48:22
401,Bill Kane,M,38,"Huntington Beach, CA",65 out of 897,49 out of 589,10 out of 68,48:24 Pace: 24:12,48:24,48:24
455,Rick Phillips,M,54,"San Marino, CA",66 out of 897,50 out of 589,6 out of 105,48:25 Pace: 24:13,48:25,48:25
333,Alex Tahmoush,M,34,"Altadena, CA",67 out of 897,51 out of 589,9 out of 55,48:25 Pace: 24:13,48:25,48:25
970,Bill Darby,M,61,"Rosemead, CA",68 out of 897,52 out of 589,1 out of 44,48:27 Pace: 24:14,48:27,48:27
573,Jake Glick,M,24,"Santa Monica, CA",69 out of 897,53 out of 589,3 out of 19,48:32 Pace: 24:16,48:32,48:32
274,Alex Fortis,M,16,"Manhattan Bch, CA",70 out of 897,54 out of 589,7 out of 43,48:38 Pace: 24:19,48:38,48:38
223,Andrew Kratz,M,44,"Santa Monica, CA",71 out of 897,55 out of 589,9 out of 85,48:45 Pace: 24:23,48:45,48:45
660,Scott Lee,M,47,"Redondo Beach, CA",72 out of 897,56 out of 589,8 out of 92,48:49 Pace: 24:25,48:49,48:49
759,Austin Nguyen,M,16,"Palos Verdes Estates, CA",73 out of 897,57 out of 589,8 out of 43,49:31 Pace: 24:46,49:31,49:31
103,Matthew Kadowaki,M,30,"Redondo Beach, CA",74 out of 897,58 out of 589,10 out of 55,49:33 Pace: 24:47,49:33,49:33
211,Stephen Neushul,M,45,"Palos Verdes Estates, CA",75 out of 897,59 out of 589,9 out of 92,49:37 Pace: 24:49,49:37,49:37
901,David Hartmire,M,47,"Valencia, CA",76 out of 897,60 out of 589,10 out of 92,49:39 Pace: 24:50,49:39,49:39
456,Vern Long,M,41,"Redondo Beach, CA",77 out of 897,61 out of 589,10 out of 85,49:47 Pace: 24:54,49:47,49:47
531,Myka Winder,F,22,"El Segundo, CA",78 out of 897,17 out of 308,6 out of 31,49:48 Pace: 24:54,49:48,49:48
919,Maureen Macdonald,F,45,"Canoga Park, CA",79 out of 897,18 out of 308,1 out of 46,49:51 Pace: 24:56,49:51,49:51
892,John Jericiau,M,46,"Santa Monica, CA",80 out of 897,62 out of 589,11 out of 92,49:57 Pace: 24:59,49:57,49:57
228,Timothy Flynn,M,35,"Manhattan Beach, CA",81 out of 897,63 out of 589,11 out of 68,50:01 Pace: 25:01,50:01,50:01
847,Conner Sharpe,M,16,"Los Angeles, CA",82 out of 897,64 out of 589,9 out of 43,50:12 Pace: 25:06,50:12,50:12
999,Bryan Libit,M,29,"Los Angeles, CA",83 out of 897,65 out of 589,4 out of 22,50:13 Pace: 25:07,50:13,50:13
524,Nancy Jo,F,29,"Santa Monica, CA",84 out of 897,19 out of 308,3 out of 35,50:20 Pace: 25:10,50:20,50:20
630,Kathy Glaser,F,26,"Santa Monica, CA",85 out of 897,20 out of 308,4 out of 35,50:22 Pace: 25:11,50:22,50:22
75,Colby Genrich,M,30,"Santa Monica, CA",86 out of 897,66 out of 589,11 out of 55,50:26 Pace: 25:13,50:26,50:26
96,Kekoa Jackson,M,16,"Rolling Hills Estates, CA",87 out of 897,67 out of 589,10 out of 43,50:26 Pace: 25:13,50:26,50:26
771,Jerad Slagle,M,23,"Hermosa Beach, CA",88 out of 897,68 out of 589,4 out of 19,50:30 Pace: 25:15,50:30,50:30
12,Tyler Krikorian,M,25,"Manhattan Beach, CA",89 out of 897,69 out of 589,5 out of 22,50:36 Pace: 25:18,50:36,50:36
499,Breanne Melconian,F,25,"Playa Del Rey, CA",90 out of 897,21 out of 308,5 out of 35,50:36 Pace: 25:18,50:36,50:36
49,Fram Virjee,M,47,"Rolling Hills, CA",91 out of 897,70 out of 589,12 out of 92,50:37 Pace: 25:19,50:37,50:37
93,Thomas Fink,M,46,"San Pedro, CA",92 out of 897,71 out of 589,13 out of 92,50:43 Pace: 25:22,50:43,50:43
64,Walter Hitch,M,55,"La Crescenta, CA",93 out of 897,72 out of 589,1 out of 56,50:43 Pace: 25:22,50:43,50:43
56,Nils Nehrenhein,M,30,"San Pedro, CA",94 out of 897,73 out of 589,12 out of 55,50:48 Pace: 25:24,50:48,50:48
909,Doug Kajiwara,M,51,"Northridge, CA",95 out of 897,74 out of 589,7 out of 105,50:52 Pace: 25:26,50:52,50:52
239,Ann Finley,F,45,"Hermosa Beach, CA",96 out of 897,22 out of 308,2 out of 46,50:53 Pace: 25:27,50:53,50:53
19,Erina Kwon,F,30,"Los Angeles, CA",97 out of 897,23 out of 308,1 out of 35,50:54 Pace: 25:27,50:54,50:54
267,James Hoeschler,M,45,"El Segundo, CA",98 out of 897,75 out of 589,14 out of 92,50:55 Pace: 25:27,50:55,50:55
367,Bonnie Spivey,F,49,"Manhattan Beach, CA",99 out of 897,24 out of 308,3 out of 46,50:58 Pace: 25:29,50:58,50:58
481,Tristan Koester,M,15,"Manhattan Beach, CA",100 out of 897,76 out of 589,11 out of 43,51:02 Pace: 25:31,51:02,51:02
810,Bill McNulty,M,52,"Santee, CA",101 out of 897,77 out of 589,8 out of 105,51:08 Pace: 25:34,51:08,51:08
473,Robin Lyon,F,36,"Flagstaff, AZ",102 out of 897,25 out of 308,3 out of 40,51:11 Pace: 25:36,51:11,51:11
523,Mayuko Abe,F,31,"Los Angeles, CA",103 out of 897,26 out of 308,2 out of 35,51:17 Pace: 25:39,51:17,51:17
324,Len Kortekaas,M,42,"Manhattan Beach, CA",104 out of 897,78 out of 589,11 out of 85,51:17 Pace: 25:39,51:17,51:17
614,Scott Comley,M,18,"Redondo Beach, CA",105 out of 897,79 out of 589,5 out of 19,51:25 Pace: 25:43,51:25,51:25
758,Brendon Nguyen,M,15,"Palos Verdes Estates, CA",106 out of 897,80 out of 589,12 out of 43,51:25 Pace: 25:43,51:25,51:25
729,Rebecca Pontius,F,28,"Santa Monica, CA",107 out of 897,27 out of 308,6 out of 35,51:28 Pace: 25:44,51:28,51:28
354,Chris Brainard,M,38,"Santa Monica, CA",108 out of 897,81 out of 589,12 out of 68,51:35 Pace: 25:48,51:35,51:35
992,Nicole Kawakami,F,14,"Palos Verdes Estates, CA",109 out of 897,28 out of 308,4 out of 44,51:42 Pace: 25:51,51:42,51:42
942,Drew Skelly,M,42,"Glendale, CA",110 out of 897,82 out of 589,12 out of 85,51:43 Pace: 25:52,51:43,51:43
204,David Oliver,M,33,"Hermosa Beach, CA",111 out of 897,83 out of 589,13 out of 55,51:45 Pace: 25:53,51:45,51:45
539,Mike Romesser,M,34,"Torrance, CA",112 out of 897,84 out of 589,14 out of 55,51:53 Pace: 25:57,51:53,51:53
821,Sean Sisk,M,21,"Playa Del Rey, CA",113 out of 897,85 out of 589,6 out of 19,52:00 Pace: 26:00,52:00,52:00
145,Jasmine Punch,F,17,"Los Angeles, CA",114 out of 897,29 out of 308,5 out of 44,52:02 Pace: 26:01,52:02,52:02
321,Mike Griffith,M,48,"Manhattan Beach, CA",115 out of 897,86 out of 589,15 out of 92,52:03 Pace: 26:02,52:03,52:03
389,Jeff Condon,M,46,"Los Angeles, CA",116 out of 897,87 out of 589,16 out of 92,52:08 Pace: 26:04,52:08,52:08
703,Elizabeth Lee,F,48,"Manhattan Beach, CA",117 out of 897,30 out of 308,4 out of 46,52:08 Pace: 26:04,52:08,52:08
799,Lisa Odland,F,19,"Torrance, CA",118 out of 897,31 out of 308,7 out of 31,52:09 Pace: 26:05,52:09,52:09
822,Kristina Fernandez,F,22,"Manhattan Beach, CA",119 out of 897,32 out of 308,8 out of 31,52:10 Pace: 26:05,52:10,52:10
373,David Neilan,M,42,"Los Angeles, CA",120 out of 897,88 out of 589,13 out of 85,52:11 Pace: 26:06,52:11,52:11
78,Lisa Caputo,F,46,"Manhattan Beach, CA",121 out of 897,33 out of 308,5 out of 46,52:14 Pace: 26:07,52:14,52:14
647,Bree Swenson,F,15,"Rancho Palos Verdes, CA",122 out of 897,34 out of 308,6 out of 44,52:15 Pace: 26:08,52:15,52:15
138,Patrick Dixon,M,59,"Los Angeles, CA",123 out of 897,89 out of 589,2 out of 56,52:16 Pace: 26:08,52:16,52:16
433,Chelsea Kemp,F,18,"El Segundo, CA",124 out of 897,35 out of 308,9 out of 31,52:17 Pace: 26:09,52:17,52:17
181,Daniel Slosberg,M,51,"Los Angeles, CA",125 out of 897,90 out of 589,9 out of 105,52:21 Pace: 26:11,52:21,52:21
216,Hugo Zhang,M,47,"Walnut, CA",126 out of 897,91 out of 589,17 out of 92,52:21 Pace: 26:11,52:21,52:21
735,Taylor Turney,M,25,"Hermosa Beach, CA",127 out of 897,92 out of 589,6 out of 22,52:27 Pace: 26:14,52:27,52:27
1008,Danielle Swenson,F,15,"Rancho Palos Verdes, CA",128 out of 897,36 out of 308,7 out of 44,52:31 Pace: 26:16,52:31,52:31
154,Gary Wimenitz,M,49,"Santa Monica, CA",129 out of 897,93 out of 589,18 out of 92,52:32 Pace: 26:16,52:32,52:32
681,Tom Ettinger,M,59,"La Crescenta, CA",130 out of 897,94 out of 589,3 out of 56,52:34 Pace: 26:17,52:34,52:34
119,Lee Berg,M,48,"Torrance, CA",131 out of 897,95 out of 589,19 out of 92,52:36 Pace: 26:18,52:36,52:36
320,Eric Jones,M,54,"Torrance, CA",132 out of 897,96 out of 589,10 out of 105,52:37 Pace: 26:19,52:37,52:37
772,Neda Momeni,F,20,"Santa Monica, CA",133 out of 897,37 out of 308,10 out of 31,52:41 Pace: 26:21,52:41,52:41
1010,Jake Edelstein,M,15,", ",134 out of 897,97 out of 589,13 out of 43,52:41 Pace: 26:21,52:41,52:41
764,Colin Williamson,M,29,"Los Angeles, CA",135 out of 897,98 out of 589,7 out of 22,52:42 Pace: 26:21,52:42,52:42
700,Ricardo Monroy,M,45,"Lawndale, CA",136 out of 897,99 out of 589,20 out of 92,52:46 Pace: 26:23,52:46,52:46
398,Carlos Delgado,M,49,"Los Angeles, CA",137 out of 897,100 out of 589,21 out of 92,52:48 Pace: 26:24,52:48,52:48
396,David Barnes,M,45,"Manhattan Beach, CA",138 out of 897,101 out of 589,22 out of 92,52:51 Pace: 26:26,52:51,52:51
380,Christopher Cosner,M,47,"Manhattan Beach, CA",139 out of 897,102 out of 589,23 out of 92,52:53 Pace: 26:27,52:53,52:53
863,Glenn Lucas,M,41,"Manhattan Beach, CA",140 out of 897,103 out of 589,14 out of 85,52:56 Pace: 26:28,52:56,52:56
1004,Dirk Meyer Zu Drewer,M,44,"Hermosa Beach, CA",141 out of 897,104 out of 589,15 out of 85,52:58 Pace: 26:29,52:58,52:58
55,Elisa Nye,F,35,"Redondo Beach, CA",142 out of 897,38 out of 308,4 out of 40,53:03 Pace: 26:32,53:03,53:03
949,Jeff Klemes,M,49,"Beverly Hills, CA",143 out of 897,105 out of 589,24 out of 92,53:03 Pace: 26:32,53:03,53:03
87,Adrienne Durand,F,28,"Playa Del Rey, CA",144 out of 897,39 out of 308,7 out of 35,53:08 Pace: 26:34,53:08,53:08
31,Matt Carmichael,M,34,"Redondo Beach, CA",145 out of 897,106 out of 589,15 out of 55,53:09 Pace: 26:35,53:09,53:09
639,Anthony Zamora,M,47,"Los Angeles, CA",146 out of 897,107 out of 589,25 out of 92,53:10 Pace: 26:35,53:10,53:10
176,Savannah Bettis,F,18,"Redondo Beach, CA",147 out of 897,40 out of 308,11 out of 31,53:12 Pace: 26:36,53:12,53:12
809,Brianna McNulty,F,21,"Manhattan Beach, CA",148 out of 897,41 out of 308,12 out of 31,53:13 Pace: 26:37,53:13,53:13
856,William Falkenborg,M,50,"Valencia, CA",149 out of 897,108 out of 589,11 out of 105,53:14 Pace: 26:37,53:14,53:14
701,James Magin,M,50,"Santa Monica, CA",150 out of 897,109 out of 589,12 out of 105,53:14 Pace: 26:37,53:14,53:14
422,Jen Temperley,F,35,"Manhattan Beach, CA",151 out of 897,42 out of 308,5 out of 40,53:14 Pace: 26:37,53:14,53:14
652,Anneka Sakovich,F,34,"San Diego, CA",152 out of 897,43 out of 308,3 out of 35,53:15 Pace: 26:38,53:15,53:15
975,Jim Hillis,M,38,"Los Angeles, CA",153 out of 897,110 out of 589,13 out of 68,53:18 Pace: 26:39,53:18,53:18
171,Will Catterson,M,35,"Northridge, CA",154 out of 897,111 out of 589,14 out of 68,53:18 Pace: 26:39,53:18,53:18
583,Andy Watkins,M,38,"Marina Del Rey, CA",155 out of 897,112 out of 589,15 out of 68,53:20 Pace: 26:40,53:20,53:20
567,Laurie Ayoob,F,51,"Rolling Hills Estates, CA",156 out of 897,44 out of 308,2 out of 21,53:27 Pace: 26:44,53:27,53:27
467,Greg Heyes,M,53,"Palos Verdes Estates, CA",157 out of 897,113 out of 589,13 out of 105,53:31 Pace: 26:46,53:31,53:31
444,Wayne Lavassar,M,51,"Manhattan Beach, CA",158 out of 897,114 out of 589,14 out of 105,53:31 Pace: 26:46,53:31,53:31
428,Peter O'Keeffe,M,58,"Los Angeles, CA",159 out of 897,115 out of 589,4 out of 56,53:31 Pace: 26:46,53:31,53:31
910,Beth Dreyfuss,F,42,"Westchester, CA",160 out of 897,45 out of 308,4 out of 37,53:36 Pace: 26:48,53:36,53:36
417,Mark Rehbein,M,20,"Hawthorne, CA",161 out of 897,116 out of 589,7 out of 19,53:37 Pace: 26:49,53:37,53:37
977,Katay Kocsis,F,25,"Redondo Beach, CA",162 out of 897,46 out of 308,8 out of 35,53:40 Pace: 26:50,53:40,53:40
978,Bruce Kocsis,M,55,"Manhattan Beach, CA",163 out of 897,117 out of 589,5 out of 56,53:41 Pace: 26:51,53:41,53:41
487,Brian Oles,M,31,"Los Angeles, CA",164 out of 897,118 out of 589,16 out of 55,53:45 Pace: 26:53,53:45,53:45
782,Andy Krikorian,M,28,"San Francisco, CA",165 out of 897,119 out of 589,8 out of 22,53:50 Pace: 26:55,53:50,53:50
483,Joseph Symond,M,37,"Hermosa Beach, CA",166 out of 897,120 out of 589,16 out of 68,53:51 Pace: 26:56,53:51,53:51
100,Shana Strange,F,20,"Manhattan Beach, CA",167 out of 897,47 out of 308,13 out of 31,53:52 Pace: 26:56,53:52,53:52
108,Robert Phalen,M,53,"Laguna Niguel, CA",168 out of 897,121 out of 589,15 out of 105,53:57 Pace: 26:59,53:57,53:57
97,Austin Jones,M,17,"Manhattan Beach, CA",169 out of 897,122 out of 589,14 out of 43,54:00 Pace: 27:00,54:00,54:00
723,Ryan Blaney,M,30,"San Pedro, CA",170 out of 897,123 out of 589,17 out of 55,54:02 Pace: 27:01,54:02,54:02
1000,Thomas Fernley,M,30,"Los Angeles, CA",171 out of 897,124 out of 589,18 out of 55,54:05 Pace: 27:03,54:05,54:05
860,Bill Johnston,M,39,"Redondo Beach, CA",172 out of 897,125 out of 589,17 out of 68,54:10 Pace: 27:05,54:10,54:10
24,Melissa Everett,F,25,"Redondo Beach, CA",173 out of 897,48 out of 308,9 out of 35,54:11 Pace: 27:06,54:11,54:11
874,Eric Steller,M,37,"Manhattan Beach, CA",174 out of 897,126 out of 589,18 out of 68,54:12 Pace: 27:06,54:12,54:12
615,Margaret Cook,F,48,"San Pedro, CA",175 out of 897,49 out of 308,6 out of 46,54:12 Pace: 27:06,54:12,54:12
35,David Strybel,M,53,"Tujunga, CA",176 out of 897,127 out of 589,16 out of 105,54:18 Pace: 27:09,54:18,54:18
20,Michael Erin Flaherty,F,32,"Los Angeles, CA",177 out of 897,50 out of 308,4 out of 35,54:21 Pace: 27:11,54:21,54:21
665,Steven Barnard,M,50,"Rancho Palos Verdes, CA",178 out of 897,128 out of 589,17 out of 105,54:30 Pace: 27:15,54:30,54:30
1002,Erika Torres,F,14,"San Pedro, CA",179 out of 897,51 out of 308,8 out of 44,54:32 Pace: 27:16,54:32,54:32
415,Donald Harrell,M,52,"Redondo Beach, CA",180 out of 897,129 out of 589,18 out of 105,54:33 Pace: 27:17,54:33,54:33
836,Vince Guagliano,M,43,"Rolling Hills Estates, CA",181 out of 897,130 out of 589,16 out of 85,54:35 Pace: 27:18,54:35,54:35
827,Nicole Violani,F,26,"Los Angeles, CA",182 out of 897,52 out of 308,10 out of 35,54:36 Pace: 27:18,54:36,54:36
265,Chris Roscoe,M,58,"Los Angeles, CA",183 out of 897,131 out of 589,6 out of 56,54:40 Pace: 27:20,54:40,54:40
404,Lee Meister,M,50,"San Pedro, CA",184 out of 897,132 out of 589,19 out of 105,54:41 Pace: 27:21,54:41,54:41
786,Iola Seligson,F,35,"Manhattan Bch, CA",185 out of 897,53 out of 308,6 out of 40,54:43 Pace: 27:22,54:43,54:43
189,Doug Kirk,M,58,"Valencia, CA",186 out of 897,133 out of 589,7 out of 56,54:47 Pace: 27:24,54:47,54:47
335,Kayla Bazshushtari,F,15,"Rolling Hills Estates, CA",187 out of 897,54 out of 308,9 out of 44,54:51 Pace: 27:26,54:51,54:51
608,Alexandra Gudmundsson,F,26,"Hermosa Beach, CA",188 out of 897,55 out of 308,11 out of 35,54:52 Pace: 27:26,54:52,54:52
329,John Janicek,M,42,"Valencia, CA",189 out of 897,134 out of 589,17 out of 85,54:54 Pace: 27:27,54:54,54:54
382,Theresa Dunn,F,27,"Hermosa Beach, CA",190 out of 897,56 out of 308,12 out of 35,55:00 Pace: 27:30,55:00,55:00
346,Aaron Tolt,M,15,"Manhattan Beach, CA",191 out of 897,135 out of 589,15 out of 43,55:12 Pace: 27:36,55:12,55:12
510,Marcus Wooler,M,36,"El Segundo, CA",192 out of 897,136 out of 589,19 out of 68,55:13 Pace: 27:37,55:13,55:13
954,Anne-Marie Boisseau,F,15,"Santa Rosa, CA",193 out of 897,57 out of 308,10 out of 44,55:14 Pace: 27:37,55:14,55:14
815,Katrina Lyter,F,17,"Manhattan Beach, CA",194 out of 897,58 out of 308,11 out of 44,55:15 Pace: 27:38,55:15,55:15
672,Eric Fonkalsrud Jr,M,47,"Rancho Santa Margarita, CA",195 out of 897,137 out of 589,26 out of 92,55:15 Pace: 27:38,55:15,55:15
741,Erin Cammann,F,38,"Andover, MA",196 out of 897,59 out of 308,7 out of 40,55:16 Pace: 27:38,55:16,55:16
837,Trevor Trosper,M,15,"Hermosa Beach, CA",197 out of 897,138 out of 589,16 out of 43,55:26 Pace: 27:43,55:26,55:26
98,Rod Mitchell,M,50,"Rolling Hills Estates, CA",198 out of 897,139 out of 589,20 out of 105,55:29 Pace: 27:45,55:29,55:29
691,Greer Montgomery,F,17,"Manhattan Beach, CA",199 out of 897,60 out of 308,12 out of 44,55:36 Pace: 27:48,55:36,55:36
102,Kira Baccari,F,31,"Hermosa Beach, CA",200 out of 897,61 out of 308,5 out of 35,55:40 Pace: 27:50,55:40,55:40
348,Chuck Milam,M,63,"Manhattan Beach, CA",201 out of 897,140 out of 589,2 out of 44,55:43 Pace: 27:52,55:43,55:43
590,Kerri Gentry,F,51,"South Pasadena, CA",202 out of 897,62 out of 308,3 out of 21,55:44 Pace: 27:52,55:44,55:44
454,Julie Ruhlin,F,38,"Long Beach, CA",203 out of 897,63 out of 308,8 out of 40,55:49 Pace: 27:55,55:49,55:49
881,Michael Hajek,M,38,"Rancho Palos Verdes, CA",204 out of 897,141 out of 589,20 out of 68,55:50 Pace: 27:55,55:50,55:50
192,Tony Gale,M,41,"Long Beach, CA",205 out of 897,142 out of 589,18 out of 85,55:51 Pace: 27:56,55:51,55:51
440,Natalie Bray,F,17,"Manhattan Beach, CA",206 out of 897,64 out of 308,13 out of 44,55:56 Pace: 27:58,55:56,55:56
956,Tor Hovind,M,47,"San Pedro, CA",207 out of 897,143 out of 589,27 out of 92,56:02 Pace: 28:01,56:02,56:02
575,Kevin Portis,M,15,"Redondo Beach, CA",208 out of 897,144 out of 589,17 out of 43,56:06 Pace: 28:03,56:06,56:06
973,Joseph Gulley,M,52,"Garden Grove, CA",209 out of 897,145 out of 589,21 out of 105,56:16 Pace: 28:08,56:16,56:16
175,Britt Bettis,M,48,"Redondo Beach, CA",210 out of 897,146 out of 589,28 out of 92,56:18 Pace: 28:09,56:18,56:18
775,Hank Amos,M,37,"Redondo Beach, CA",211 out of 897,147 out of 589,21 out of 68,56:26 Pace: 28:13,56:26,56:26
406,Doug Roscoe,M,58,"Rancho Palos Verdes, CA",212 out of 897,148 out of 589,8 out of 56,56:27 Pace: 28:14,56:27,56:27
169,Tyler Duncan,M,16,"Manhattan Beach, CA",213 out of 897,149 out of 589,18 out of 43,56:28 Pace: 28:14,56:28,56:28
403,Onnalee Macdonald,F,44,"Manhattan Beach, CA",214 out of 897,65 out of 308,5 out of 37,56:31 Pace: 28:16,56:31,56:31
894,Rebecca Nevitt,F,41,"Los Angeles, CA",215 out of 897,66 out of 308,6 out of 37,56:31 Pace: 28:16,56:31,56:31
585,Lawrence Haggquist,M,36,"Monterey, CA",216 out of 897,150 out of 589,22 out of 68,56:32 Pace: 28:16,56:32,56:32
893,Mary Manzo,F,24,"Upland, CA",217 out of 897,67 out of 308,14 out of 31,56:33 Pace: 28:17,56:33,56:33
309,Patrick McGoldrick,M,37,"El Segundo, CA",218 out of 897,151 out of 589,23 out of 68,56:33 Pace: 28:17,56:33,56:33
413,Emily Ewart,F,14,"Redondo Beach, CA",219 out of 897,68 out of 308,14 out of 44,56:34 Pace: 28:17,56:34,56:34
331,Kristi Mirich,F,16,"Rancho Palos Verdes, CA",220 out of 897,69 out of 308,15 out of 44,56:34 Pace: 28:17,56:34,56:34
566,Julie Brancato,F,38,"Redondo Beach, CA",221 out of 897,70 out of 308,9 out of 40,56:34 Pace: 28:17,56:34,56:34
842,Andrew Aukland,M,27,"Hermosa Beach, CA",222 out of 897,152 out of 589,9 out of 22,56:34 Pace: 28:17,56:34,56:34
420,Robert Thalmann,M,49,"Lomita, CA",223 out of 897,153 out of 589,29 out of 92,56:35 Pace: 28:18,56:35,56:35
226,Ted Iantuono,M,40,"Manhattan Beach, CA",224 out of 897,154 out of 589,19 out of 85,56:35 Pace: 28:18,56:35,56:35
280,Todd Mittleman,M,44,"Santa Monica, CA",225 out of 897,155 out of 589,20 out of 85,56:36 Pace: 28:18,56:36,56:36
295,Mark Toyooka,M,42,"Manhattan Beach, CA",226 out of 897,156 out of 589,21 out of 85,56:40 Pace: 28:20,56:40,56:40
828,Casey Jahn,F,31,"Los Angeles, CA",227 out of 897,71 out of 308,6 out of 35,56:48 Pace: 28:24,56:48,56:48
188,Nicholas Lowell,M,14,"Hermosa Beach, CA",228 out of 897,157 out of 589,19 out of 43,56:49 Pace: 28:25,56:49,56:49
88,James Durand,M,31,"Playa Del Rey, CA",229 out of 897,158 out of 589,19 out of 55,56:50 Pace: 28:25,56:50,56:50
843,Christopher Godfrey,M,28,"Manhattan Beach, CA",230 out of 897,159 out of 589,10 out of 22,56:51 Pace: 28:26,56:51,56:51
629,Jeff Taylor,M,49,"Redondo Beach, CA",231 out of 897,160 out of 589,30 out of 92,56:58 Pace: 28:29,56:58,56:58
696,Sarah Schenker,F,15,"Hermosa Beach, CA",232 out of 897,72 out of 308,16 out of 44,56:59 Pace: 28:30,56:59,56:59
718,Heather Pearson,F,49,"Alhambra, CA",233 out of 897,73 out of 308,7 out of 46,57:00 Pace: 28:30,57:00,57:00
664,Mark Anderson,M,33,"Santa Monica, CA",234 out of 897,161 out of 589,20 out of 55,57:00 Pace: 28:30,57:00,57:00
739,Jon Sargent,M,36,"Manhattan Beach, CA",235 out of 897,162 out of 589,24 out of 68,57:01 Pace: 28:31,57:01,57:01
306,Tom Turley,M,42,"Los Angeles, CA",236 out of 897,163 out of 589,22 out of 85,57:01 Pace: 28:31,57:01,57:01
514,Daniel Muth,M,42,"Manhattan Beach, CA",237 out of 897,164 out of 589,23 out of 85,57:01 Pace: 28:31,57:01,57:01
636,Mark Tripp,M,27,"Redondo Beach, CA",238 out of 897,165 out of 589,11 out of 22,57:02 Pace: 28:31,57:02,57:02
238,Steve Childers,M,43,"Los Angeles, CA",239 out of 897,166 out of 589,24 out of 85,57:03 Pace: 28:32,57:03,57:03
996,Kenneth Shoor,M,60,"Rolling Hills Estates, CA",240 out of 897,167 out of 589,3 out of 44,57:04 Pace: 28:32,57:04,57:04
826,Ali Wagner,F,35,"Santa Monica, CA",241 out of 897,74 out of 308,10 out of 40,57:07 Pace: 28:34,57:07,57:07
43,Jon Finkel,M,30,"Redondo Beach, CA",242 out of 897,168 out of 589,21 out of 55,57:07 Pace: 28:34,57:07,57:07
661,Patrick Ganahl,M,46,"Santa Ana, CA",243 out of 897,169 out of 589,31 out of 92,57:10 Pace: 28:35,57:10,57:10
653,Ryan Reede,M,14,"Manhattan Beach, CA",244 out of 897,170 out of 589,20 out of 43,57:13 Pace: 28:37,57:13,57:13
170,Deanna Koehler,F,39,"Simi Valley, CA",245 out of 897,75 out of 308,11 out of 40,57:18 Pace: 28:39,57:18,57:18
819,Mark Levy,M,50,"Manhattan Beach, CA",246 out of 897,171 out of 589,22 out of 105,57:21 Pace: 28:41,57:21,57:21
905,Eliza Hynes,F,22,"Venice, CA",247 out of 897,76 out of 308,15 out of 31,57:21 Pace: 28:41,57:21,57:21
676,Joy Hancock,F,34,"San Mateo, CA",248 out of 897,77 out of 308,7 out of 35,57:25 Pace: 28:43,57:25,57:25
755,Cynthia Parker,F,32,"Santa Monica, CA",249 out of 897,78 out of 308,8 out of 35,57:26 Pace: 28:43,57:26,57:26
231,Tessa Larose,F,17,"Los Angeles, CA",250 out of 897,79 out of 308,17 out of 44,57:32 Pace: 28:46,57:32,57:32
866,Chris Menjou,M,41,"Torrance, CA",251 out of 897,172 out of 589,25 out of 85,57:34 Pace: 28:47,57:34,57:34
895,Ryan Nord,M,32,"Pacific Palisades, CA",252 out of 897,173 out of 589,22 out of 55,57:36 Pace: 28:48,57:36,57:36
250,Chuck Sperazza,M,50,"Redondo Beach, CA",253 out of 897,174 out of 589,23 out of 105,57:37 Pace: 28:49,57:37,57:37
846,Peter Achberger,M,29,"Simi Valley, CA",254 out of 897,175 out of 589,12 out of 22,57:38 Pace: 28:49,57:38,57:38
159,Steve Kern,M,37,"Valley Village, CA",255 out of 897,176 out of 589,25 out of 68,57:40 Pace: 28:50,57:40,57:40
315,Kim Shockley,F,56,"El Segundo, CA",256 out of 897,80 out of 308,1 out of 10,57:40 Pace: 28:50,57:40,57:40
982,Patrick Wickens,M,67,"Redondo Beach, CA",257 out of 897,177 out of 589,4 out of 44,57:40 Pace: 28:50,57:40,57:40
939,Ian Benavidez,M,27,"Costa Mesa, CA",258 out of 897,178 out of 589,13 out of 22,57:42 Pace: 28:51,57:42,57:42
864,Stan Majcher,M,37,"Manhattan Beach, CA",259 out of 897,179 out of 589,26 out of 68,57:42 Pace: 28:51,57:42,57:42
546,Ryan Brown,M,15,"Malibu, CA",260 out of 897,180 out of 589,21 out of 43,57:43 Pace: 28:52,57:43,57:43
504,Lyra Hall,F,16,"Manhattan Beach, CA",261 out of 897,81 out of 308,18 out of 44,57:46 Pace: 28:53,57:46,57:46
90,Patrick Fink,M,14,"San Pedro, CA",262 out of 897,181 out of 589,22 out of 43,57:58 Pace: 28:59,57:58,57:58
91,Matthew Fink,M,14,"San Pedro, CA",263 out of 897,182 out of 589,23 out of 43,58:01 Pace: 29:01,58:01,58:01
515,Jj Kuwata,M,14,"Rolling Hills, CA",264 out of 897,183 out of 589,24 out of 43,58:02 Pace: 29:01,58:02,58:02
489,Bill Kalmenson,M,52,"Los Angeles, CA",265 out of 897,184 out of 589,24 out of 105,58:02 Pace: 29:01,58:02,58:02
506,John Shannon,M,43,"Hermosa Beach, CA",266 out of 897,185 out of 589,26 out of 85,58:08 Pace: 29:04,58:08,58:08
131,Tim Ozenne,M,63,"Torrance, CA",267 out of 897,186 out of 589,5 out of 44,58:10 Pace: 29:05,58:10,58:10
984,Jacob Cisneros,M,15,"Redondo Beach, CA",268 out of 897,187 out of 589,25 out of 43,58:10 Pace: 29:05,58:10,58:10
969,Lindsey Bennett,F,17,"Torrance, CA",269 out of 897,82 out of 308,19 out of 44,58:14 Pace: 29:07,58:14,58:14
146,David Kintas,M,55,"Rolling Hills Estates, CA",270 out of 897,188 out of 589,9 out of 56,58:18 Pace: 29:09,58:18,58:18
359,Nicola George,F,16,"Torrance, CA",271 out of 897,83 out of 308,20 out of 44,58:18 Pace: 29:09,58:18,58:18
271,Brandon Wong,M,17,"Redondo Beach, CA",272 out of 897,189 out of 589,26 out of 43,58:23 Pace: 29:12,58:23,58:23
106,Cole Hepper,M,17,"Houston, TX",273 out of 897,190 out of 589,27 out of 43,58:26 Pace: 29:13,58:26,58:26
542,Emma Cammann,F,13,"Andover, MA",274 out of 897,84 out of 308,21 out of 44,58:27 Pace: 29:14,58:27,58:27
28,Chris Smith,M,31,"Manhattan Beach, CA",275 out of 897,191 out of 589,23 out of 55,58:30 Pace: 29:15,58:30,58:30
435,Dennis Holderman,M,62,"San Pedro, CA",276 out of 897,192 out of 589,6 out of 44,58:32 Pace: 29:16,58:32,58:32
237,Fuad Burki,M,52,"Torrance, CA",277 out of 897,193 out of 589,25 out of 105,58:35 Pace: 29:18,58:35,58:35
358,Victoria Crawford,F,42,"Santa Monica, CA",278 out of 897,85 out of 308,7 out of 37,58:41 Pace: 29:21,58:41,58:41
177,Charles Blanchard,M,30,"Venice, CA",279 out of 897,194 out of 589,24 out of 55,58:46 Pace: 29:23,58:46,58:46
967,Sarah Tennison,F,25,"Los Angeles, CA",280 out of 897,86 out of 308,13 out of 35,58:47 Pace: 29:24,58:47,58:47
363,James Merrill,M,46,"Westchester, CA",281 out of 897,195 out of 589,32 out of 92,58:48 Pace: 29:24,58:48,58:48
987,Susan Brilliant,F,47,"Redondo Beach, CA",282 out of 897,87 out of 308,8 out of 46,58:48 Pace: 29:24,58:48,58:48
125,Jim Duffy,M,54,"Inglewood, CA",283 out of 897,196 out of 589,26 out of 105,58:49 Pace: 29:25,58:49,58:49
242,Romina Gorordo,F,31,"Redondo Beach, CA",284 out of 897,88 out of 308,9 out of 35,58:59 Pace: 29:30,58:59,58:59
293,Amy Aukstikalnis,F,43,"Santa Monica, CA",285 out of 897,89 out of 308,8 out of 37,59:04 Pace: 29:32,59:04,59:04
774,Allison Wehrley,F,25,"Los Angeles, CA",286 out of 897,90 out of 308,14 out of 35,59:04 Pace: 29:32,59:04,59:04
297,Chris Salazar,M,24,"Montrose, CA",287 out of 897,198 out of 589,8 out of 19,59:07 Pace: 29:34,59:07,59:07
897,Michael Raven,M,57,"Pasadena, CA",288 out of 897,197 out of 589,10 out of 56,59:07 Pace: 29:34,59:07,59:07
817,Blaine Holman,M,42,"Los Angeles, CA",289 out of 897,199 out of 589,27 out of 85,59:07 Pace: 29:34,59:07,59:07
423,John Wallace,M,56,"Hermosa Beach, CA",290 out of 897,200 out of 589,11 out of 56,59:10 Pace: 29:35,59:10,59:10
124,Ned O'Rourke,M,56,"Los Angeles, CA",291 out of 897,201 out of 589,12 out of 56,59:13 Pace: 29:37,59:13,59:13
761,Patrick O'Hare,M,24,"Hermosa Beach, CA",292 out of 897,202 out of 589,9 out of 19,59:14 Pace: 29:37,59:14,59:14
80,Amanda Atkins,F,16,"San Pedro, CA",293 out of 897,91 out of 308,22 out of 44,59:19 Pace: 29:40,59:19,59:19
284,Mac Montgomery,M,59,"Beverly Hills, CA",294 out of 897,203 out of 589,13 out of 56,59:20 Pace: 29:40,59:20,59:20
692,Quinn Montgomery,M,14,"Manhattan Beach, CA",295 out of 897,204 out of 589,28 out of 43,59:35 Pace: 29:48,59:35,59:35
944,Jamie Hazlitt,F,32,"Los Angeles, CA",296 out of 897,92 out of 308,10 out of 35,59:38 Pace: 29:49,59:38,59:38
41,Tim McGoldrick,M,35,"Redondo Beach, CA",297 out of 897,205 out of 589,27 out of 68,59:39 Pace: 29:50,59:39,59:39
254,Lauren Wagman,F,24,"Manhattan Beach, CA",298 out of 897,93 out of 308,16 out of 31,59:39 Pace: 29:50,59:39,59:39
492,John Heal,M,32,"San Clemente, CA",299 out of 897,206 out of 589,25 out of 55,59:40 Pace: 29:50,59:40,59:40
166,Laura Winslow,F,51,"Santa Monica, CA",300 out of 897,94 out of 308,4 out of 21,59:40 Pace: 29:50,59:40,59:40
727,Will Wood,M,44,"Manhattan Beach, CA",501 out of 897,342 out of 589,48 out of 85,1:09:11 Pace: 34:36,1:09:11,1:09:11
783,Karen Harry,F,51,"Cardiff, CA",502 out of 897,160 out of 308,9 out of 21,1:09:15 Pace: 34:38,1:09:15,1:09:15
644,Keith Covington,M,45,"El Segundo, CA",503 out of 897,343 out of 589,54 out of 92,1:09:15 Pace: 34:38,1:09:15,1:09:15
40,Hanna Raine,F,17,"Rolling Hills, CA",504 out of 897,161 out of 308,33 out of 44,1:09:16 Pace: 34:38,1:09:16,1:09:16
39,Charlie Raine,M,48,"Rolling Hills, CA",505 out of 897,344 out of 589,55 out of 92,1:09:17 Pace: 34:39,1:09:17,1:09:17
945,Elizabeth Welch,F,34,"Hermosa Beach, CA",506 out of 897,162 out of 308,21 out of 35,1:09:22 Pace: 34:41,1:09:22,1:09:22
157,Reed Gimian,M,50,"Torrance, CA",507 out of 897,345 out of 589,47 out of 105,1:09:27 Pace: 34:44,1:09:27,1:09:27
407,Andrew Rudy,M,49,"Carmel Valley, CA",508 out of 897,346 out of 589,56 out of 92,1:09:32 Pace: 34:46,1:09:32,1:09:32
316,Maria Naughton,F,46,"Marina Del Rey, CA",509 out of 897,163 out of 308,19 out of 46,1:09:34 Pace: 34:47,1:09:34,1:09:34
378,Devin Daly,M,37,"Redondo Beach, CA",510 out of 897,347 out of 589,46 out of 68,1:09:35 Pace: 34:48,1:09:35,1:09:35
753,Amy Lau,F,41,"Porter Ranch, CA",511 out of 897,164 out of 308,14 out of 37,1:09:35 Pace: 34:48,1:09:35,1:09:35
638,Jennifer Douglass,F,28,"San Pedro, CA",512 out of 897,165 out of 308,24 out of 35,1:09:36 Pace: 34:48,1:09:36,1:09:36
704,Andrea Zuckerbraun,F,40,"Santa Monica, CA",513 out of 897,166 out of 308,15 out of 37,1:09:38 Pace: 34:49,1:09:38,1:09:38
637,Debi Pfeiffer,F,34,"Redondo Beach, CA",514 out of 897,167 out of 308,22 out of 35,1:09:43 Pace: 34:52,1:09:43,1:09:43
301,David Caskey,M,42,"Manhattan Beach, CA",515 out of 897,348 out of 589,49 out of 85,1:09:48 Pace: 34:54,1:09:48,1:09:48
589,David Wardlow,M,37,"Northridge, CA",516 out of 897,349 out of 589,47 out of 68,1:09:48 Pace: 34:54,1:09:48,1:09:48
276,Ken Gould,M,45,"Newport Beach, CA",517 out of 897,350 out of 589,57 out of 92,1:09:53 Pace: 34:57,1:09:53,1:09:53
161,Frank Buckley,M,45,"Manhattan Beach, CA",518 out of 897,351 out of 589,58 out of 92,1:09:58 Pace: 34:59,1:09:58,1:09:58
151,Beverly Gates,F,63,"Palos Verdes Estates, CA",519 out of 897,168 out of 308,2 out of 9,1:10:06 Pace: 35:03,1:10:06,1:10:06
259,Sarah Morford,F,20,"Torrance, CA",520 out of 897,169 out of 308,24 out of 31,1:10:07 Pace: 35:04,1:10:07,1:10:07
722,Lorie Armendariz,F,42,"Hermosa Beach, CA",521 out of 897,170 out of 308,16 out of 37,1:10:08 Pace: 35:04,1:10:08,1:10:08
508,John Logsdon,M,33,"Marina Del Rey, CA",522 out of 897,352 out of 589,39 out of 55,1:10:10 Pace: 35:05,1:10:10,1:10:10
196,Doug Bond,M,43,"Manhattan Beach, CA",523 out of 897,353 out of 589,50 out of 85,1:10:10 Pace: 35:05,1:10:10,1:10:10
796,Dan Gutherie,M,42,"Torrance, CA",524 out of 897,354 out of 589,51 out of 85,1:10:13 Pace: 35:07,1:10:13,1:10:13
924,Sarah Knopp,F,30,"San Pedro, CA",525 out of 897,171 out of 308,23 out of 35,1:10:19 Pace: 35:10,1:10:19,1:10:19
464,John Doyle,M,65,"Laguna Woods, CA",526 out of 897,355 out of 589,15 out of 44,1:10:20 Pace: 35:10,1:10:20,1:10:20
142,Sue Harry,F,39,"Manhattan Beach, CA",527 out of 897,172 out of 308,20 out of 40,1:10:22 Pace: 35:11,1:10:22,1:10:22
619,Debi Jones,F,48,"Palos Verdes Estates, CA",528 out of 897,173 out of 308,20 out of 46,1:10:27 Pace: 35:14,1:10:27,1:10:27
247,Paige Kobayashi,F,39,"Gardena, CA",529 out of 897,174 out of 308,21 out of 40,1:10:31 Pace: 35:16,1:10:31,1:10:31
885,Kimble Cannon,M,39,"Los Angeles, CA",530 out of 897,356 out of 589,48 out of 68,1:10:37 Pace: 35:19,1:10:37,1:10:37
243,Pierre Gorordo,M,31,"Redondo Beach, CA",531 out of 897,357 out of 589,40 out of 55,1:10:42 Pace: 35:21,1:10:42,1:10:42
29,Martin Ryan,M,43,"Los Angeles, CA",532 out of 897,358 out of 589,52 out of 85,1:10:45 Pace: 35:23,1:10:45,1:10:45
517,Susan Bagley,F,49,"Encino, CA",533 out of 897,175 out of 308,21 out of 46,1:10:45 Pace: 35:23,1:10:45,1:10:45
962,Steve Notaro,M,60,"Torrance, CA",534 out of 897,359 out of 589,16 out of 44,1:10:45 Pace: 35:23,1:10:45,1:10:45
968,Darrin Prescott,M,39,"Camarillo, CA",535 out of 897,360 out of 589,49 out of 68,1:10:48 Pace: 35:24,1:10:48,1:10:48
180,Erik Zuckerbraun,M,51,"Beverly Hills, CA",536 out of 897,361 out of 589,48 out of 105,1:10:49 Pace: 35:25,1:10:49,1:10:49
965,Kevin Mackintosh,M,43,"Torrance, CA",537 out of 897,362 out of 589,53 out of 85,1:10:54 Pace: 35:27,1:10:54,1:10:54
522,Tom Dolan,M,55,"South Pasadena, CA",538 out of 897,363 out of 589,28 out of 56,1:11:02 Pace: 35:31,1:11:02,1:11:02
985,Rachel Effros,F,39,"Santa Monica, CA",539 out of 897,176 out of 308,22 out of 40,1:11:09 Pace: 35:35,1:11:09,1:11:09
385,John Shearer,M,53,"Hermosa Beach, CA",540 out of 897,364 out of 589,49 out of 105,1:11:09 Pace: 35:35,1:11:09,1:11:09
670,Jay Estabrook,M,34,"Torrance, CA",541 out of 897,365 out of 589,41 out of 55,1:11:10 Pace: 35:35,1:11:10,1:11:10
60,Cynthia Huang,F,23,"Los Angeles, CA",542 out of 897,177 out of 308,25 out of 31,1:11:11 Pace: 35:36,1:11:11,1:11:11
563,Randall Leff,M,56,"Santa Monica, CA",543 out of 897,366 out of 589,29 out of 56,1:11:12 Pace: 35:36,1:11:12,1:11:12
831,Gregory Travis,M,50,"Los Angeles, CA",544 out of 897,367 out of 589,50 out of 105,1:11:19 Pace: 35:40,1:11:19,1:11:19
733,Sean Weatherly,M,13,"Manhattan Beach, CA",545 out of 897,368 out of 589,38 out of 43,1:11:21 Pace: 35:41,1:11:21,1:11:21
878,Thomas Cheney,M,45,"Redondo Beach, CA",546 out of 897,369 out of 589,59 out of 92,1:11:24 Pace: 35:42,1:11:24,1:11:24
684,Jim Mosier,M,28,"Hermosa Beach, CA",547 out of 897,370 out of 589,18 out of 22,1:11:27 Pace: 35:44,1:11:27,1:11:27
734,Todd Weatherly,M,42,"Manhattan Beach, CA",548 out of 897,371 out of 589,54 out of 85,1:11:28 Pace: 35:44,1:11:28,1:11:28
587,Christopher King,M,41,"Santa Monica, CA",549 out of 897,372 out of 589,55 out of 85,1:11:29 Pace: 35:45,1:11:29,1:11:29
291,Matthew Mintzias,M,21,"Redondo Beach, CA",550 out of 897,373 out of 589,18 out of 19,1:11:29 Pace: 35:45,1:11:29,1:11:29
622,Greg Papke,M,57,"Lakewood, CA",551 out of 897,374 out of 589,30 out of 56,1:11:31 Pace: 35:46,1:11:31,1:11:31
218,Karl Rodenbaugh,M,54,"Hermosa Beach, CA",552 out of 897,375 out of 589,51 out of 105,1:11:32 Pace: 35:46,1:11:32,1:11:32
150,William Daly,M,52,"San Clemente, CA",553 out of 897,376 out of 589,52 out of 105,1:11:35 Pace: 35:48,1:11:35,1:11:35
263,Joe Waldinger,M,43,"Redondo Beach, CA",554 out of 897,377 out of 589,56 out of 85,1:11:49 Pace: 35:55,1:11:49,1:11:49
841,Elke Yuk,F,46,"Fresno, CA",555 out of 897,178 out of 308,22 out of 46,1:11:52 Pace: 35:56,1:11:52,1:11:52
569,Caroline Honrubia,F,13,"Mission, TX",556 out of 897,179 out of 308,34 out of 44,1:11:54 Pace: 35:57,1:11:54,1:11:54
448,Joe Doerr,M,39,"Hermosa Beach, CA",557 out of 897,378 out of 589,50 out of 68,1:11:56 Pace: 35:58,1:11:56,1:11:56
602,Shelly Williams,F,33,"Sherman Oaks, CA",558 out of 897,180 out of 308,24 out of 35,1:11:57 Pace: 35:59,1:11:57,1:11:57
591,Mary Turley,F,50,"Santa Barbara, CA",559 out of 897,181 out of 308,10 out of 21,1:12:05 Pace: 36:03,1:12:05,1:12:05
187,Kent Lowell,M,51,"Hermosa Beach, CA",560 out of 897,379 out of 589,53 out of 105,1:12:05 Pace: 36:03,1:12:05,1:12:05
318,James Loss,M,55,"Laguna Beach, CA",561 out of 897,380 out of 589,31 out of 56,1:12:09 Pace: 36:05,1:12:09,1:12:09
414,Tony Donagrechia,M,51,"Redondo Beach, CA",562 out of 897,381 out of 589,54 out of 105,1:12:13 Pace: 36:07,1:12:13,1:12:13
191,Mark Hildreth,M,53,"Burbank, CA",563 out of 897,382 out of 589,55 out of 105,1:12:20 Pace: 36:10,1:12:20,1:12:20
475,Marq Prince,M,43,"El Segundo, CA",564 out of 897,383 out of 589,57 out of 85,1:12:26 Pace: 36:13,1:12:26,1:12:26
288,Sarah Crist,F,12,"Hawthorne, CA",565 out of 897,182 out of 308,35 out of 44,1:12:32 Pace: 36:16,1:12:32,1:12:32
642,Paul Brady,M,43,"Laguna Hills, CA",566 out of 897,384 out of 589,58 out of 85,1:12:33 Pace: 36:17,1:12:33,1:12:33
990,Ruby Del Rio,F,33,"Hawthorne, CA",567 out of 897,183 out of 308,25 out of 35,1:12:34 Pace: 36:17,1:12:34,1:12:34
940,Christian Ratsch,M,41,"Pacific Palisades, CA",568 out of 897,385 out of 589,59 out of 85,1:12:39 Pace: 36:20,1:12:39,1:12:39
14,Michael Marcin,M,32,"Huntington Beach, CA",569 out of 897,386 out of 589,42 out of 55,1:12:42 Pace: 36:21,1:12:42,1:12:42
266,Alan Nitzberg,M,52,"Manhattan Beach, CA",570 out of 897,387 out of 589,56 out of 105,1:12:44 Pace: 36:22,1:12:44,1:12:44
136,Ed Nelson,M,68,"Redondo Beach, CA",571 out of 897,388 out of 589,17 out of 44,1:12:44 Pace: 36:22,1:12:44,1:12:44
698,Jacinda Raiche,F,36,"Venice, CA",572 out of 897,184 out of 308,23 out of 40,1:12:48 Pace: 36:24,1:12:48,1:12:48
663,Pete Hubbell,M,55,"Redondo Beach, CA",573 out of 897,389 out of 589,32 out of 56,1:12:48 Pace: 36:24,1:12:48,1:12:48
634,Edward King,M,34,"Manhattan Beach, CA",574 out of 897,390 out of 589,43 out of 55,1:12:52 Pace: 36:26,1:12:52,1:12:52
511,Elizabeth O'Driscoll,F,21,"Torrance, CA",575 out of 897,185 out of 308,26 out of 31,1:12:53 Pace: 36:27,1:12:53,1:12:53
474,Barb Ringhofer,F,47,"Los Alamitos, CA",576 out of 897,186 out of 308,23 out of 46,1:12:59 Pace: 36:30,1:12:59,1:12:59
44,Joe Del Rosario,M,42,"Long Beach, CA",577 out of 897,391 out of 589,60 out of 85,1:13:06 Pace: 36:33,1:13:06,1:13:06
979,David McDowell,M,46,"Long Beach, CA",578 out of 897,392 out of 589,60 out of 92,1:13:06 Pace: 36:33,1:13:06,1:13:06
257,Gerry Denney,M,49,"Torrance, CA",579 out of 897,393 out of 589,61 out of 92,1:13:12 Pace: 36:36,1:13:12,1:13:12
832,Bill Mustard,M,40,"Torrance, CA",580 out of 897,394 out of 589,61 out of 85,1:13:13 Pace: 36:37,1:13:13,1:13:13
861,Pat Lennon,M,56,"El Segundo, CA",581 out of 897,395 out of 589,33 out of 56,1:13:13 Pace: 36:37,1:13:13,1:13:13
337,Brian Sheps,M,47,"Rancho Palos Verdes, CA",582 out of 897,396 out of 589,62 out of 92,1:13:16 Pace: 36:38,1:13:16,1:13:16
928,Eric Cheung,M,29,"Los Angeles, CA",583 out of 897,397 out of 589,19 out of 22,1:13:23 Pace: 36:42,1:13:23,1:13:23
300,Michael Hahn,M,51,"Torrance, CA",584 out of 897,398 out of 589,57 out of 105,1:13:23 Pace: 36:42,1:13:23,1:13:23
806,Anna Wills,F,28,"Santa Monica, CA",585 out of 897,187 out of 308,25 out of 35,1:13:26 Pace: 36:43,1:13:26,1:13:26
889,Glenn Gillaspie,M,48,"Santa Monica, CA",586 out of 897,399 out of 589,63 out of 92,1:13:29 Pace: 36:45,1:13:29,1:13:29
933,Stephanie Peterman,F,37,"El Segundo, CA",587 out of 897,188 out of 308,24 out of 40,1:13:29 Pace: 36:45,1:13:29,1:13:29
143,Laura Minton,F,31,"Los Angeles, CA",588 out of 897,189 out of 308,26 out of 35,1:13:33 Pace: 36:47,1:13:33,1:13:33
379,Gino Cochella,M,44,"Redondo Beach, CA",589 out of 897,400 out of 589,62 out of 85,1:13:39 Pace: 36:50,1:13:39,1:13:39
85,Colleen Dougher,F,21,"Long Beach, CA",590 out of 897,190 out of 308,27 out of 31,1:13:40 Pace: 36:50,1:13:40,1:13:40
731,Carol Gregory,F,61,"Pacific Palisades, CA",591 out of 897,191 out of 308,3 out of 9,1:13:42 Pace: 36:51,1:13:42,1:13:42
675,Tina Geller,F,33,"Encino, CA",592 out of 897,192 out of 308,27 out of 35,1:13:43 Pace: 36:52,1:13:43,1:13:43
966,Cindy Tournat,F,53,"Torrance, CA",593 out of 897,193 out of 308,11 out of 21,1:13:48 Pace: 36:54,1:13:48,1:13:48
673,Alan Fry,M,52,"Redondo Beach, CA",594 out of 897,401 out of 589,58 out of 105,1:13:49 Pace: 36:55,1:13:49,1:13:49
600,Bill Stout,M,54,"Manhattan Beach, CA",595 out of 897,402 out of 589,59 out of 105,1:13:53 Pace: 36:57,1:13:53,1:13:53
747,Lewis Gabbard,M,47,"Vacaville, CA",596 out of 897,403 out of 589,64 out of 92,1:13:53 Pace: 36:57,1:13:53,1:13:53
544,Amy Gardiner,F,31,"Carson, CA",597 out of 897,194 out of 308,28 out of 35,1:13:54 Pace: 36:57,1:13:54,1:13:54
890,George Hicks,M,55,"Rancho Palos Verdes, CA",598 out of 897,404 out of 589,34 out of 56,1:13:54 Pace: 36:57,1:13:54,1:13:54
405,Don Nelson,M,66,"Hermosa Beach, CA",599 out of 897,405 out of 589,18 out of 44,1:13:56 Pace: 36:58,1:13:56,1:13:56
241,Luis Gorordo,M,69,"Redondo Beach, CA",600 out of 897,406 out of 589,19 out of 44,1:13:58 Pace: 36:59,1:13:58,1:13:58
262,Mo Sadrpour,M,50,"Los Angeles, CA",601 out of 897,407 out of 589,60 out of 105,1:14:04 Pace: 37:02,1:14:04,1:14:04
793,Michael Ramage,M,45,"Torrance, CA",602 out of 897,408 out of 589,65 out of 92,1:14:05 Pace: 37:03,1:14:05,1:14:05
785,Adrian Llano,M,34,"Garden Grove, CA",603 out of 897,409 out of 589,44 out of 55,1:14:07 Pace: 37:04,1:14:07,1:14:07
693,Alison Wright,F,52,"Manhattan Beach, CA",604 out of 897,195 out of 308,12 out of 21,1:14:09 Pace: 37:05,1:14:09,1:14:09
555,Cheryl Siler,F,37,"Torrance, CA",605 out of 897,196 out of 308,25 out of 40,1:14:19 Pace: 37:10,1:14:19,1:14:19
294,David Suh,M,38,"Newport Beach, CA",606 out of 897,410 out of 589,51 out of 68,1:14:21 Pace: 37:11,1:14:21,1:14:21
178,Pablo Prietto,M,45,"Los Angeles, CA",607 out of 897,411 out of 589,66 out of 92,1:14:22 Pace: 37:11,1:14:22,1:14:22
690,Dana Montgomery,M,54,"Manhattan Beach, CA",608 out of 897,412 out of 589,61 out of 105,1:14:24 Pace: 37:12,1:14:24,1:14:24
107,Jeff Hepper,M,51,"Houston, TX",609 out of 897,413 out of 589,62 out of 105,1:14:32 Pace: 37:16,1:14:32,1:14:32
662,Fory Horio,M,45,"El Segundo, CA",610 out of 897,414 out of 589,67 out of 92,1:14:38 Pace: 37:19,1:14:38,1:14:38
971,Sue Feehan,F,46,"Glendale, CA",611 out of 897,197 out of 308,24 out of 46,1:14:44 Pace: 37:22,1:14:44,1:14:44
509,Tim McGinity,M,39,"Redondo Beach, CA",612 out of 897,415 out of 589,52 out of 68,1:14:48 Pace: 37:24,1:14:48,1:14:48
814,Howard Roth,M,50,"Porter Ranch, CA",613 out of 897,416 out of 589,63 out of 105,1:14:51 Pace: 37:26,1:14:51,1:14:51
352,Dennis Hall,M,53,"Manhattan Beach, CA",614 out of 897,417 out of 589,64 out of 105,1:14:57 Pace: 37:29,1:14:57,1:14:57
439,Gregory Cash,M,60,"Lake Balboa, CA",615 out of 897,418 out of 589,20 out of 44,1:15:00 Pace: 37:30,1:15:00,1:15:00
197,Mori Biener,M,54,"Manhattan Beach, CA",616 out of 897,419 out of 589,65 out of 105,1:15:07 Pace: 37:34,1:15:07,1:15:07
392,John Whitaker,M,59,"Manhattan Beach, CA",617 out of 897,420 out of 589,35 out of 56,1:15:14 Pace: 37:37,1:15:14,1:15:14
972,Jeremy Godo Kiss,M,34,"Hermosa Beach, CA",618 out of 897,421 out of 589,45 out of 55,1:15:15 Pace: 37:38,1:15:15,1:15:15
712,Paul Craig,M,54,"Manhattan Beach, CA",619 out of 897,422 out of 589,66 out of 105,1:15:17 Pace: 37:39,1:15:17,1:15:17
808,Meagan Sestich,F,16,"San Pedro, CA",620 out of 897,198 out of 308,36 out of 44,1:15:19 Pace: 37:40,1:15:19,1:15:19
680,Richard Knapp,M,53,"Manhattan Beach, CA",621 out of 897,423 out of 589,67 out of 105,1:15:25 Pace: 37:43,1:15:25,1:15:25
480,Jerry Holland,M,69,"Torrance, CA",622 out of 897,424 out of 589,21 out of 44,1:15:25 Pace: 37:43,1:15:25,1:15:25
595,Michael Slattery,M,53,"Tiburon, CA",623 out of 897,425 out of 589,68 out of 105,1:15:28 Pace: 37:44,1:15:28,1:15:28
853,Eric Agliozzo,M,13,"Manhattan Beach, CA",624 out of 897,426 out of 589,39 out of 43,1:15:34 Pace: 37:47,1:15:34,1:15:34
829,Kristina Benner,F,25,"Culver City, CA",625 out of 897,199 out of 308,26 out of 35,1:15:35 Pace: 37:48,1:15:35,1:15:35
780,Rachel Tominaga,F,11,"Manhattan Beach, CA",626 out of 897,200 out of 308,37 out of 44,1:15:38 Pace: 37:49,1:15:38,1:15:38
477,Raymond Robinson,M,49,"Torrance, CA",627 out of 897,427 out of 589,68 out of 92,1:15:47 Pace: 37:54,1:15:47,1:15:47
478,Danny Kole,M,43,"Manhattan Beach, CA",628 out of 897,428 out of 589,63 out of 85,1:15:49 Pace: 37:55,1:15:49,1:15:49
390,Brian Krieger,M,48,"Cypress, CA",629 out of 897,429 out of 589,69 out of 92,1:15:56 Pace: 37:58,1:15:56,1:15:56
888,Scotty Gibb,M,32,"Manhattan Beach, CA",630 out of 897,430 out of 589,46 out of 55,1:15:58 Pace: 37:59,1:15:58,1:15:58
466,David Hershey,M,55,"Hermosa Beach, CA",631 out of 897,431 out of 589,36 out of 56,1:16:01 Pace: 38:01,1:16:01,1:16:01
144,Nancy Roe,F,49,"Manhattan Beach, CA",632 out of 897,201 out of 308,25 out of 46,1:16:02 Pace: 38:01,1:16:02,1:16:02
763,Jean Bolling,F,50,"Manhattan Beach, CA",633 out of 897,202 out of 308,13 out of 21,1:16:02 Pace: 38:01,1:16:02,1:16:02
445,Beverly Baird,F,48,"Hermosa Beach, CA",634 out of 897,203 out of 308,26 out of 46,1:16:03 Pace: 38:02,1:16:03,1:16:03
804,Brett Kennedy,M,34,"Santa Monica, CA",635 out of 897,432 out of 589,47 out of 55,1:16:04 Pace: 38:02,1:16:04,1:16:04
538,Craig Jackson,M,42,"Manhattan Beach, CA",636 out of 897,433 out of 589,64 out of 85,1:16:06 Pace: 38:03,1:16:06,1:16:06
766,Karen Bauer,F,43,"Los Angeles, CA",637 out of 897,204 out of 308,17 out of 37,1:16:12 Pace: 38:06,1:16:12,1:16:12
148,Bob Goodis,M,51,"Beverly Hills, CA",638 out of 897,434 out of 589,69 out of 105,1:16:12 Pace: 38:06,1:16:12,1:16:12
395,Nancy Aguilar,F,47,"Newbury Park, CA",639 out of 897,205 out of 308,27 out of 46,1:16:13 Pace: 38:07,1:16:13,1:16:13
185,Peter Reale,M,47,"Los Angeles, CA",640 out of 897,435 out of 589,70 out of 92,1:16:17 Pace: 38:09,1:16:17,1:16:17
139,George Brown,M,59,"Hermosa Beach, CA",641 out of 897,436 out of 589,37 out of 56,1:16:19 Pace: 38:10,1:16:19,1:16:19
825,Ben Gutherie,M,50,"Pleasant Hill, CA",642 out of 897,437 out of 589,70 out of 105,1:16:24 Pace: 38:12,1:16:24,1:16:24
77,Dennis Kang,M,30,"Torrance, CA",643 out of 897,438 out of 589,48 out of 55,1:16:32 Pace: 38:16,1:16:32,1:16:32
886,Michael Connolly,M,42,"Manhattan Beach, CA",644 out of 897,439 out of 589,65 out of 85,1:16:42 Pace: 38:21,1:16:42,1:16:42
308,Jeff Press,M,53,"Hermosa Beach, CA",645 out of 897,440 out of 589,71 out of 105,1:17:01 Pace: 38:31,1:17:01,1:17:01
205,Richard Gronbach,M,51,"Manhattan Beach, CA",646 out of 897,441 out of 589,72 out of 105,1:17:05 Pace: 38:33,1:17:05,1:17:05
463,Richard Freeman,M,66,"Rolling Hills Estates, CA",647 out of 897,442 out of 589,22 out of 44,1:17:10 Pace: 38:35,1:17:10,1:17:10
536,Monica Morant,F,36,"Los Angeles, CA",648 out of 897,206 out of 308,26 out of 40,1:17:10 Pace: 38:35,1:17:10,1:17:10
535,Laura Schare,F,43,"Encino, CA",649 out of 897,207 out of 308,18 out of 37,1:17:20 Pace: 38:40,1:17:20,1:17:20
220,Scott Manclark,M,48,"Hermosa Beach, CA",650 out of 897,443 out of 589,71 out of 92,1:17:20 Pace: 38:40,1:17:20,1:17:20
715,Matt McMahon,M,34,"Venice, CA",651 out of 897,444 out of 589,49 out of 55,1:17:22 Pace: 38:41,1:17:22,1:17:22
209,Kim White,F,45,"Rancho Palos Verdes, CA",652 out of 897,208 out of 308,28 out of 46,1:17:33 Pace: 38:47,1:17:33,1:17:33
344,Jens Wessel,M,43,"Redondo Beach, CA",653 out of 897,445 out of 589,66 out of 85,1:17:34 Pace: 38:47,1:17:34,1:17:34
325,Linda Miller,F,60,"Pine Mountain Club, CA",654 out of 897,209 out of 308,4 out of 9,1:17:39 Pace: 38:50,1:17:39,1:17:39
249,Heather Richards,F,42,"El Segundo, CA",655 out of 897,210 out of 308,19 out of 37,1:17:40 Pace: 38:50,1:17:40,1:17:40
183,Julie Seidman,F,47,"Manhattan Beach, CA",656 out of 897,211 out of 308,29 out of 46,1:17:53 Pace: 38:57,1:17:53,1:17:53
852,Joe Agliozzo,M,45,"Manhattan Beach, CA",657 out of 897,446 out of 589,72 out of 92,1:18:00 Pace: 39:00,1:18:00,1:18:00
941,Laura Hufschmidt,F,27,"Los Angeles, CA",658 out of 897,212 out of 308,27 out of 35,1:18:07 Pace: 39:04,1:18:07,1:18:07
497,Lou Briones,M,60,"Los Angeles, CA",659 out of 897,447 out of 589,23 out of 44,1:18:07 Pace: 39:04,1:18:07,1:18:07
153,Bill Singley,M,70,"Manhattan Beach, CA",660 out of 897,448 out of 589,24 out of 44,1:18:09 Pace: 39:05,1:18:09,1:18:09
469,Kathy Hopkins,F,45,"Rancho Palos Verdes, CA",661 out of 897,213 out of 308,30 out of 46,1:18:14 Pace: 39:07,1:18:14,1:18:14
53,Nat Holt,M,47,"Redondo Beach, CA",662 out of 897,449 out of 589,73 out of 92,1:18:18 Pace: 39:09,1:18:18,1:18:18
745,Gila Ruivenkamp,F,30,"Chatsworth, CA",663 out of 897,214 out of 308,29 out of 35,1:18:19 Pace: 39:10,1:18:19,1:18:19
304,David Ballantine,M,45,"Manhattan Beach, CA",664 out of 897,450 out of 589,74 out of 92,1:18:21 Pace: 39:11,1:18:21,1:18:21
976,Maureen Kikut,F,63,"Manhattan Beach, CA",665 out of 897,215 out of 308,5 out of 9,1:18:37 Pace: 39:19,1:18:37,1:18:37
550,Eric Cardenas,M,37,"Manhattan Beach, CA",666 out of 897,451 out of 589,53 out of 68,1:18:43 Pace: 39:22,1:18:43,1:18:43
18,Steve Hyde,M,59,"Manhattan Beach, CA",667 out of 897,452 out of 589,38 out of 56,1:18:48 Pace: 39:24,1:18:48,1:18:48
751,Stacey Lakind,F,36,"Redondo Beach, CA",668 out of 897,216 out of 308,27 out of 40,1:18:51 Pace: 39:26,1:18:51,1:18:51
900,Greg Davis,M,40,"Los Angeles, CA",669 out of 897,453 out of 589,67 out of 85,1:18:53 Pace: 39:27,1:18:53,1:18:53
980,Harold Vance,M,50,"Los Angeles, CA",670 out of 897,454 out of 589,73 out of 105,1:19:11 Pace: 39:36,1:19:11,1:19:11
72,Bill Brand,M,50,"Redondo Beach, CA",671 out of 897,455 out of 589,74 out of 105,1:19:14 Pace: 39:37,1:19:14,1:19:14
797,Shannon Alves,F,31,"Redondo Beach, CA",672 out of 897,217 out of 308,30 out of 35,1:19:15 Pace: 39:38,1:19:15,1:19:15
484,Gary Sterling,M,57,"Redondo Beach, CA",673 out of 897,456 out of 589,39 out of 56,1:19:18 Pace: 39:39,1:19:18,1:19:18
582,Erika Perri,F,37,"San Pedro, CA",674 out of 897,218 out of 308,28 out of 40,1:19:37 Pace: 39:49,1:19:37,1:19:37
452,Franco Reitz,M,57,"Torrance, CA",675 out of 897,457 out of 589,40 out of 56,1:19:42 Pace: 39:51,1:19:42,1:19:42
645,Ernie Echeverria,M,54,"Los Angeles, CA",676 out of 897,458 out of 589,75 out of 105,1:19:43 Pace: 39:52,1:19:43,1:19:43
779,Cody Strange,M,17,"Manhattan Beach, CA",677 out of 897,459 out of 589,40 out of 43,1:19:49 Pace: 39:55,1:19:49,1:19:49
855,Becky Cherry,F,22,"Rolling Hills Estates, CA",678 out of 897,219 out of 308,28 out of 31,1:19:50 Pace: 39:55,1:19:50,1:19:50
695,James Seixas,M,55,"San Pedro, CA",679 out of 897,460 out of 589,41 out of 56,1:19:53 Pace: 39:57,1:19:53,1:19:53
120,Steve Lemire,M,50,"Harbor City, CA",680 out of 897,461 out of 589,76 out of 105,1:19:56 Pace: 39:58,1:19:56,1:19:56
391,James Myers,M,53,"Torrance, CA",681 out of 897,462 out of 589,77 out of 105,1:20:01 Pace: 40:01,1:20:01,1:20:01
994,Monika Zands,F,35,"Los Angeles, CA",682 out of 897,220 out of 308,29 out of 40,1:20:05 Pace: 40:03,1:20:05,1:20:05
10,Bret Anthony,M,36,"Hermosa Beach, CA",683 out of 897,463 out of 589,54 out of 68,1:20:09 Pace: 40:05,1:20:09,1:20:09
631,Erin Barry,F,35,"Hermosa Beach, CA",684 out of 897,221 out of 308,30 out of 40,1:20:11 Pace: 40:06,1:20:11,1:20:11
671,Robert Flanigan,M,27,"Marina Del Rey, CA",685 out of 897,464 out of 589,20 out of 22,1:20:13 Pace: 40:07,1:20:13,1:20:13
922,Brian Davidoff,M,51,"Los Angeles, CA",686 out of 897,465 out of 589,78 out of 105,1:20:16 Pace: 40:08,1:20:16,1:20:16
317,Dennis McNeil,M,48,"El Segundo, CA",687 out of 897,466 out of 589,75 out of 92,1:20:26 Pace: 40:13,1:20:26,1:20:26
240,Mario Gerla,M,65,"Santa Monica, CA",688 out of 897,467 out of 589,25 out of 44,1:20:27 Pace: 40:14,1:20:27,1:20:27
862,Deanna Adams,F,41,"El Segundo, CA",689 out of 897,222 out of 308,20 out of 37,1:20:44 Pace: 40:22,1:20:44,1:20:44
251,Marvin Suntonvipart,M,33,"Playa Del Rey, CA",690 out of 897,468 out of 589,50 out of 55,1:20:46 Pace: 40:23,1:20:46,1:20:46
270,Melissa Neff,F,27,"El Segundo, CA",691 out of 897,223 out of 308,28 out of 35,1:20:47 Pace: 40:24,1:20:47,1:20:47
351,Dennis Harris,M,58,"Manhattan Beach, CA",692 out of 897,469 out of 589,42 out of 56,1:20:49 Pace: 40:25,1:20:49,1:20:49
436,James Hallett,M,60,"Manhattan Beach, CA",693 out of 897,470 out of 589,26 out of 44,1:20:56 Pace: 40:28,1:20:56,1:20:56
610,William Averill,M,50,"Palos Verdes Estates, CA",694 out of 897,471 out of 589,79 out of 105,1:21:08 Pace: 40:34,1:21:08,1:21:08
345,Amy Lieurance,F,49,"Desert Hot Springs, CA",695 out of 897,224 out of 308,31 out of 46,1:21:09 Pace: 40:35,1:21:09,1:21:09
719,Laure Weber,F,55,"Pacific Palisades, CA",696 out of 897,225 out of 308,3 out of 10,1:21:10 Pace: 40:35,1:21:10,1:21:10
394,Vicki Gomez,F,46,"Palos Verdes Estates, CA",697 out of 897,226 out of 308,32 out of 46,1:21:19 Pace: 40:40,1:21:19,1:21:19
683,Diane Leenders,F,42,"Vacaville, CA",698 out of 897,227 out of 308,21 out of 37,1:21:20 Pace: 40:40,1:21:20,1:21:20
488,Nicole McGuinness,F,41,"Hermosa Beach, CA",699 out of 897,228 out of 308,22 out of 37,1:21:36 Pace: 40:48,1:21:36,1:21:36
646,Sandy Field,F,53,"Lakewood, CA",700 out of 897,229 out of 308,14 out of 21,1:21:42 Pace: 40:51,1:21:42,1:21:42
929,Cameron Paulson,M,44,"Redondo Beach, CA",701 out of 897,472 out of 589,68 out of 85,1:21:43 Pace: 40:52,1:21:43,1:21:43
957,Phil Traeger,M,51,"San Pedro, CA",702 out of 897,473 out of 589,80 out of 105,1:21:46 Pace: 40:53,1:21:46,1:21:46
38,Bill Richard,M,55,"Redondo Beach, CA",703 out of 897,474 out of 589,43 out of 56,1:21:50 Pace: 40:55,1:21:50,1:21:50
568,Vincent Honrubia,M,44,"Mission, TX",704 out of 897,475 out of 589,69 out of 85,1:21:51 Pace: 40:56,1:21:51,1:21:51
791,Linda Kraus,F,49,"Las Vegas, NV",705 out of 897,230 out of 308,33 out of 46,1:21:54 Pace: 40:57,1:21:54,1:21:54
1013,Richard Mack,M,51,", ",706 out of 897,476 out of 589,81 out of 105,1:21:59 Pace: 41:00,1:21:59,1:21:59
623,Levalley Pattison,F,44,"Redondo Beach, CA",707 out of 897,231 out of 308,23 out of 37,1:22:03 Pace: 41:02,1:22:03,1:22:03
476,Mike Whitcombe,M,44,"Manhattan Beach, CA",708 out of 897,477 out of 589,70 out of 85,1:22:08 Pace: 41:04,1:22:08,1:22:08
133,Dean Wilson,M,41,"Redondo Beach, CA",709 out of 897,478 out of 589,71 out of 85,1:22:15 Pace: 41:08,1:22:15,1:22:15
447,Alastair Binks,M,41,"Manhattan Beach, CA",710 out of 897,479 out of 589,72 out of 85,1:22:32 Pace: 41:16,1:22:32,1:22:32
891,Tom Hoffman,M,58,"Rancho Palos Verdes, CA",711 out of 897,480 out of 589,44 out of 56,1:22:39 Pace: 41:20,1:22:39,1:22:39
925,Eric Pandzic,M,47,"Redondo Beach, CA",712 out of 897,481 out of 589,76 out of 92,1:22:46 Pace: 41:23,1:22:46,1:22:46
958,Derek Traeger,M,14,"San Pedro, CA",713 out of 897,482 out of 589,41 out of 43,1:22:48 Pace: 41:24,1:22:48,1:22:48
135,Mike Campbell,M,54,"Rancho Palos Verdes, CA",714 out of 897,483 out of 589,82 out of 105,1:22:55 Pace: 41:28,1:22:55,1:22:55
935,Kim Shales,F,19,"Manhattan Beach, CA",715 out of 897,232 out of 308,29 out of 31,1:22:56 Pace: 41:28,1:22:56,1:22:56
643,Huntley Castner,M,45,"Manhattan Beach, CA",716 out of 897,484 out of 589,77 out of 92,1:22:57 Pace: 41:29,1:22:57,1:22:57
948,Marilyn Gudmundsson,F,53,"Hermosa Beach, CA",717 out of 897,233 out of 308,15 out of 21,1:22:58 Pace: 41:29,1:22:58,1:22:58
323,Taryn Smith,F,34,"Phoenix, AZ",718 out of 897,234 out of 308,31 out of 35,1:22:59 Pace: 41:30,1:22:59,1:22:59
285,Sabine Huemer,F,44,"Redondo Beach, CA",719 out of 897,235 out of 308,24 out of 37,1:23:03 Pace: 41:32,1:23:03,1:23:03
724,Chuck Dembo,M,45,"Beverly Hills, CA",720 out of 897,485 out of 589,78 out of 92,1:23:15 Pace: 41:38,1:23:15,1:23:15
916,William Kuehn,M,64,"Pasadena, CA",721 out of 897,486 out of 589,27 out of 44,1:23:34 Pace: 41:47,1:23:34,1:23:34
686,Laura Stoneman,F,23,"Manhattan Beach, CA",722 out of 897,236 out of 308,30 out of 31,1:23:35 Pace: 41:48,1:23:35,1:23:35
725,Page Powers,F,34,"Redondo Beach, CA",723 out of 897,237 out of 308,32 out of 35,1:23:36 Pace: 41:48,1:23:36,1:23:36
562,Greg Less,M,47,"Hermosa Beach, CA",724 out of 897,487 out of 589,79 out of 92,1:23:38 Pace: 41:49,1:23:38,1:23:38
651,Elizabeth Sala,F,51,"Rancho Palos Verdes, CA",725 out of 897,238 out of 308,16 out of 21,1:23:39 Pace: 41:50,1:23:39,1:23:39
823,Kathryn Kassai,F,52,"Rancho Palos Verdes, CA",726 out of 897,239 out of 308,17 out of 21,1:23:41 Pace: 41:51,1:23:41,1:23:41
174,Stuart Nieman,M,66,"Los Angeles, CA",727 out of 897,488 out of 589,28 out of 44,1:23:56 Pace: 41:58,1:23:56,1:23:56
688,Lori Craig,F,27,"Los Angeles, CA",728 out of 897,240 out of 308,29 out of 35,1:23:58 Pace: 41:59,1:23:58,1:23:58
998,Joe Pantera,M,46,"Redondo Beach, CA",729 out of 897,489 out of 589,80 out of 92,1:24:01 Pace: 42:01,1:24:01,1:24:01
156,Steven Chiamori,M,48,"Los Angeles, CA",730 out of 897,490 out of 589,81 out of 92,1:24:18 Pace: 42:09,1:24:18,1:24:18
126,Jeff Widmann,M,53,"Malibu, CA",731 out of 897,491 out of 589,83 out of 105,1:24:44 Pace: 42:22,1:24:44,1:24:44
561,Carol Brothers,F,44,"Plano, TX",732 out of 897,241 out of 308,25 out of 37,1:24:51 Pace: 42:26,1:24:51,1:24:51
578,Lisa Hetherington,F,27,"Torrance, CA",733 out of 897,242 out of 308,30 out of 35,1:25:06 Pace: 42:33,1:25:06,1:25:06
816,Rachelle Radpour,F,25,"Redondo Beach, CA",734 out of 897,243 out of 308,31 out of 35,1:25:07 Pace: 42:34,1:25:07,1:25:07
918,Tom Hynes,M,54,"Rancho Palos Verdes, CA",735 out of 897,492 out of 589,84 out of 105,1:25:09 Pace: 42:35,1:25:09,1:25:09
553,Megan Dalton,F,36,"Redondo Beach, CA",736 out of 897,244 out of 308,31 out of 40,1:25:12 Pace: 42:36,1:25:12,1:25:12
593,Susan Fitzgerald,F,49,"Pacific Palisades, CA",737 out of 897,245 out of 308,34 out of 46,1:25:14 Pace: 42:37,1:25:14,1:25:14
598,Lester Torres,M,50,"Torrance, CA",738 out of 897,493 out of 589,85 out of 105,1:25:19 Pace: 42:40,1:25:19,1:25:19
789,Pier Serota,F,39,"Manhattan Beach, CA",739 out of 897,246 out of 308,32 out of 40,1:25:23 Pace: 42:42,1:25:23,1:25:23
875,John Martin,M,44,"San Pedro, CA",740 out of 897,494 out of 589,73 out of 85,1:25:44 Pace: 42:52,1:25:44,1:25:44
210,Bridget Sheehan,F,46,"Torrance, CA",741 out of 897,247 out of 308,35 out of 46,1:25:48 Pace: 42:54,1:25:48,1:25:48
490,Tom Humbarger,M,48,"Manhattan Beach, CA",742 out of 897,495 out of 589,82 out of 92,1:25:48 Pace: 42:54,1:25:48,1:25:48
834,Jim Cody,M,16,"Hermosa Beach, CA",743 out of 897,496 out of 589,42 out of 43,1:25:54 Pace: 42:57,1:25:54,1:25:54
349,Dan Matulich,M,77,"Rolling Hills Estates, CA",744 out of 897,497 out of 589,29 out of 44,1:25:55 Pace: 42:58,1:25:55,1:25:55
838,Scott Tregarthen,M,20,"Redondo Beach, CA",745 out of 897,498 out of 589,19 out of 19,1:26:06 Pace: 43:03,1:26:06,1:26:06
778,Marc Strange,M,50,"Manhattan Beach, CA",746 out of 897,499 out of 589,86 out of 105,1:26:06 Pace: 43:03,1:26:06,1:26:06
545,Alexander Berger,M,41,"Torrance, CA",747 out of 897,500 out of 589,74 out of 85,1:26:08 Pace: 43:04,1:26:08,1:26:08
943,Adam Pomfret,M,36,"Redondo Beach, CA",748 out of 897,501 out of 589,55 out of 68,1:26:10 Pace: 43:05,1:26:10,1:26:10
229,Bill Daniel,M,65,"Sherman Oaks, CA",749 out of 897,502 out of 589,30 out of 44,1:26:15 Pace: 43:08,1:26:15,1:26:15
738,Christina Kahn,F,40,"Manhattan Beach, CA",750 out of 897,248 out of 308,26 out of 37,1:26:15 Pace: 43:08,1:26:15,1:26:15
207,Frank Deese,M,48,"Santa Monica, CA",751 out of 897,503 out of 589,83 out of 92,1:26:23 Pace: 43:12,1:26:23,1:26:23
697,Michele Sayre,F,35,"Manhattan Beach, CA",752 out of 897,249 out of 308,33 out of 40,1:26:42 Pace: 43:21,1:26:42,1:26:42
21,Lee Hunt,M,31,"Playa Del Rey, CA",753 out of 897,504 out of 589,51 out of 55,1:26:44 Pace: 43:22,1:26:44,1:26:44
713,Tracey Corinne,F,44,"Los Angeles, CA",754 out of 897,250 out of 308,27 out of 37,1:26:50 Pace: 43:25,1:26:50,1:26:50
912,Jack Bryant,M,41,"Redondo Beach, CA",755 out of 897,505 out of 589,75 out of 85,1:26:52 Pace: 43:26,1:26:52,1:26:52
109,Damon Tedesco,M,39,"Los Angeles, CA",756 out of 897,506 out of 589,56 out of 68,1:26:55 Pace: 43:28,1:26:55,1:26:55
34,Brian Zark,M,29,"Hermosa Beach, CA",757 out of 897,507 out of 589,21 out of 22,1:26:59 Pace: 43:30,1:26:59,1:26:59
867,Carolyn Miller,F,45,"Norfolk, NE",758 out of 897,251 out of 308,36 out of 46,1:27:04 Pace: 43:32,1:27:04,1:27:04
1003,William Brown,M,65,"Manhattan Beach, CA",759 out of 897,508 out of 589,31 out of 44,1:27:10 Pace: 43:35,1:27:10,1:27:10
322,Marsha Carry,F,59,"Manhattan Beach, CA",760 out of 897,252 out of 308,4 out of 10,1:27:14 Pace: 43:37,1:27:14,1:27:14
409,Courtney Tylka,F,40,"Hermosa Beach, CA",761 out of 897,253 out of 308,28 out of 37,1:27:16 Pace: 43:38,1:27:16,1:27:16
446,Sidney Bateman,F,37,"Hermosa Beach, CA",762 out of 897,254 out of 308,34 out of 40,1:27:18 Pace: 43:39,1:27:18,1:27:18
162,Cissy Mladinich,F,59,"Rancho Palos Verdes, CA",763 out of 897,255 out of 308,5 out of 10,1:27:32 Pace: 43:46,1:27:32,1:27:32
437,Frederick Findley,M,63,"South Pasadena, CA",764 out of 897,509 out of 589,32 out of 44,1:27:35 Pace: 43:48,1:27:35,1:27:35
152,Gary Cawthon,M,64,"Manhattan Beach, CA",765 out of 897,510 out of 589,33 out of 44,1:27:35 Pace: 43:48,1:27:35,1:27:35
419,Susan Fuhs,F,48,"Hermosa Beach, CA",766 out of 897,256 out of 308,37 out of 46,1:27:37 Pace: 43:49,1:27:37,1:27:37
479,Marc Binenfeld,M,57,"Los Angeles, CA",767 out of 897,511 out of 589,45 out of 56,1:27:37 Pace: 43:49,1:27:37,1:27:37
694,Tori Smith,F,15,"Manhattan Beach, CA",768 out of 897,257 out of 308,38 out of 44,1:27:41 Pace: 43:51,1:27:41,1:27:41
746,Andrea Conrad,F,40,"Hermosa Beach, CA",769 out of 897,258 out of 308,29 out of 37,1:28:21 Pace: 44:11,1:28:21,1:28:21
52,Margaret Parlee,F,48,"Palos Verdes Estates, CA",770 out of 897,259 out of 308,38 out of 46,1:28:23 Pace: 44:12,1:28:23,1:28:23
376,Patricia Costales,F,42,"Redondo Beach, CA",771 out of 897,260 out of 308,30 out of 37,1:28:39 Pace: 44:20,1:28:39,1:28:39
581,Joni Toyooka,F,42,"Manhattan Beach, CA",772 out of 897,261 out of 308,31 out of 37,1:28:40 Pace: 44:20,1:28:40,1:28:40
179,John Clarke,M,65,"Manhattan Beach, CA",773 out of 897,512 out of 589,34 out of 44,1:28:42 Pace: 44:21,1:28:42,1:28:42
950,Jennifer J Lee,F,25,"Los Angeles, CA",774 out of 897,262 out of 308,32 out of 35,1:28:42 Pace: 44:21,1:28:42,1:28:42
800,Trey Pogue,M,38,"Rancho Palos Verdes, CA",775 out of 897,513 out of 589,57 out of 68,1:28:51 Pace: 44:26,1:28:51,1:28:51
540,Susan Goodlerner,F,56,"Manhattan Beach, CA",776 out of 897,263 out of 308,6 out of 10,1:28:52 Pace: 44:26,1:28:52,1:28:52
305,Valerie Baggett,F,54,"El Segundo, CA",777 out of 897,264 out of 308,18 out of 21,1:29:22 Pace: 44:41,1:29:22,1:29:22
628,Peggy Sullivan,F,57,"Manhattan Beach, CA",778 out of 897,265 out of 308,7 out of 10,1:29:24 Pace: 44:42,1:29:24,1:29:24
465,Anne Dawson,F,54,"Hermosa Beach, CA",779 out of 897,266 out of 308,19 out of 21,1:29:29 Pace: 44:45,1:29:29,1:29:29
525,Mike Maloney,M,39,"Hermosa Beach, CA",780 out of 897,514 out of 589,58 out of 68,1:29:31 Pace: 44:46,1:29:31,1:29:31
377,Anne Donohue,F,26,"San Pedro, CA",781 out of 897,267 out of 308,33 out of 35,1:29:45 Pace: 44:53,1:29:45,1:29:45
802,Mary Gabbard,F,49,"Vacaville, CA",782 out of 897,268 out of 308,39 out of 46,1:29:47 Pace: 44:54,1:29:47,1:29:47
898,Ty Panitz,M,9,"Manhattan Beach, CA",783 out of 897,515 out of 589,43 out of 43,1:29:48 Pace: 44:54,1:29:48,1:29:48
141,Jim Donlan,M,55,"Manhattan Beach, CA",784 out of 897,516 out of 589,46 out of 56,1:29:50 Pace: 44:55,1:29:50,1:29:50
302,Pat Caskey,M,44,"Manhattan Beach, CA",785 out of 897,517 out of 589,76 out of 85,1:29:54 Pace: 44:57,1:29:54,1:29:54
899,Jean Rutherford,F,41,"Manhattan Beach, CA",786 out of 897,269 out of 308,32 out of 37,1:29:56 Pace: 44:58,1:29:56,1:29:56
459,Dave Anton,M,50,"Porter Ranch, CA",787 out of 897,518 out of 589,87 out of 105,1:30:13 Pace: 45:07,1:30:13,1:30:13
299,Clarinda Keldrauk,F,55,"Manhattan Beach, CA",788 out of 897,270 out of 308,8 out of 10,1:30:14 Pace: 45:07,1:30:14,1:30:14
677,Michael Hays,M,37,"Artesia, CA",789 out of 897,519 out of 589,59 out of 68,1:30:34 Pace: 45:17,1:30:34,1:30:34
572,Kiyoe Fukushima,F,61,"Rancho Palos Verdes, CA",790 out of 897,271 out of 308,6 out of 9,1:30:36 Pace: 45:18,1:30:36,1:30:36
532,Vicki Myers,F,41,"Torrance, CA",791 out of 897,272 out of 308,33 out of 37,1:30:39 Pace: 45:20,1:30:39,1:30:39
252,Chuck Skiko,M,46,"Redondo Beach, CA",792 out of 897,520 out of 589,84 out of 92,1:30:39 Pace: 45:20,1:30:39,1:30:39
132,Kirk Rossberg,M,50,"Torrance, CA",793 out of 897,521 out of 589,88 out of 105,1:30:43 Pace: 45:22,1:30:43,1:30:43
606,Jason Kikugawa,M,38,"Manhattan Beach, CA",794 out of 897,522 out of 589,60 out of 68,1:30:47 Pace: 45:24,1:30:47,1:30:47
788,Stephanie Elliott,F,28,"Gardena, CA",795 out of 897,273 out of 308,34 out of 35,1:31:05 Pace: 45:33,1:31:05,1:31:05
932,Daniel Rude,M,44,"Los Angeles, CA",796 out of 897,523 out of 589,77 out of 85,1:31:17 Pace: 45:39,1:31:17,1:31:17
911,James Houston,M,50,"Manhattan Beach, CA",797 out of 897,524 out of 589,89 out of 105,1:31:37 Pace: 45:49,1:31:37,1:31:37
870,Bill Pratt,M,53,"Manhattan Beach, CA",798 out of 897,525 out of 589,90 out of 105,1:32:41 Pace: 46:21,1:32:41,1:32:41
129,Ji Im,M,38,"Los Angeles, CA",799 out of 897,526 out of 589,61 out of 68,1:32:47 Pace: 46:24,1:32:47,1:32:47
580,Daniel Bomfim,M,38,"Manhattan Beach, CA",800 out of 897,527 out of 589,62 out of 68,1:32:57 Pace: 46:29,1:32:57,1:32:57
48,Kevin Bateman,M,46,"Manhattan Beach, CA",801 out of 897,528 out of 589,85 out of 92,1:33:03 Pace: 46:32,1:33:03,1:33:03
397,Caroline Collins,F,21,"Hawthorne, CA",802 out of 897,274 out of 308,31 out of 31,1:33:05 Pace: 46:33,1:33:05,1:33:05
194,Leon Darley,M,59,"Long Beach, CA",803 out of 897,529 out of 589,47 out of 56,1:33:14 Pace: 46:37,1:33:14,1:33:14
432,Mickey Kolodny,M,54,"Manhattan Beach, CA",804 out of 897,530 out of 589,91 out of 105,1:33:17 Pace: 46:39,1:33:17,1:33:17
904,Juliet Salazar,F,34,"Los Angeles, CA",805 out of 897,275 out of 308,33 out of 35,1:33:22 Pace: 46:41,1:33:22,1:33:22
989,Bob Masenga,M,59,"Manhattan Beach, CA",806 out of 897,531 out of 589,48 out of 56,1:33:37 Pace: 46:49,1:33:37,1:33:37
275,Nancy Koopmann,F,44,"Hermosa Beach, CA",807 out of 897,276 out of 308,34 out of 37,1:33:43 Pace: 46:52,1:33:43,1:33:43
45,David Daigle,M,45,"Pacific Palisades, CA",808 out of 897,532 out of 589,86 out of 92,1:33:54 Pace: 46:57,1:33:54,1:33:54
624,Robert Philipson,M,54,"Santa Monica, CA",809 out of 897,533 out of 589,92 out of 105,1:34:00 Pace: 47:00,1:34:00,1:34:00
418,Keith Simmons,M,50,"Manhattan Beach, CA",810 out of 897,534 out of 589,93 out of 105,1:34:01 Pace: 47:01,1:34:01,1:34:01
501,Josh Futterman,M,41,"West Hollywood, CA",811 out of 897,535 out of 589,78 out of 85,1:34:14 Pace: 47:07,1:34:14,1:34:14
248,John Kovac,M,59,"Hermosa Beach, CA",812 out of 897,536 out of 589,49 out of 56,1:34:41 Pace: 47:21,1:34:41,1:34:41
955,Erica Hovind,F,17,"San Pedro, CA",813 out of 897,277 out of 308,39 out of 44,1:34:44 Pace: 47:22,1:34:44,1:34:44
375,Rubin Johnson,M,51,"Whittier, CA",814 out of 897,537 out of 589,94 out of 105,1:34:52 Pace: 47:26,1:34:52,1:34:52
880,Steven Herbert,M,45,"Culver City, CA",815 out of 897,538 out of 589,87 out of 92,1:34:54 Pace: 47:27,1:34:54,1:34:54
601,Tim Good,M,56,"Palos Verdes Estates, CA",816 out of 897,539 out of 589,50 out of 56,1:34:56 Pace: 47:28,1:34:56,1:34:56
930,Dustin Carle,M,25,"Long Beach, CA",817 out of 897,540 out of 589,22 out of 22,1:34:59 Pace: 47:30,1:34:59,1:34:59
79,David Garland,M,41,"Hermosa Beach, CA",818 out of 897,541 out of 589,79 out of 85,1:35:12 Pace: 47:36,1:35:12,1:35:12
749,Michael R Lee,M,50,"Manhattan Beach, CA",819 out of 897,542 out of 589,95 out of 105,1:35:32 Pace: 47:46,1:35:32,1:35:32
579,Beatrice Dartley,F,32,"Manhattan Beach, CA",820 out of 897,278 out of 308,34 out of 35,1:36:18 Pace: 48:09,1:36:18,1:36:18
495,Kelly Calabio,M,47,"Redondo Beach, CA",821 out of 897,543 out of 589,88 out of 92,1:36:23 Pace: 48:12,1:36:23,1:36:23
854,Albert Dudley,M,32,"Lawndale, CA",822 out of 897,544 out of 589,52 out of 55,1:37:00 Pace: 48:30,1:37:00,1:37:00
298,Barbara Moore,F,46,"Playa Del Rey, CA",823 out of 897,279 out of 308,40 out of 46,1:37:03 Pace: 48:32,1:37:03,1:37:03
340,Cat Moore,F,47,"Los Angeles, CA",824 out of 897,280 out of 308,41 out of 46,1:37:03 Pace: 48:32,1:37:03,1:37:03
988,Cory Faucher,M,51,"Los Angeles, CA",825 out of 897,545 out of 589,96 out of 105,1:37:11 Pace: 48:36,1:37:11,1:37:11
813,Mark Skarulis,M,34,"Redondo Beach, CA",826 out of 897,546 out of 589,53 out of 55,1:37:14 Pace: 48:37,1:37:14,1:37:14
245,Beatrice James,F,50,"Los Angeles, CA",827 out of 897,281 out of 308,20 out of 21,1:37:23 Pace: 48:42,1:37:23,1:37:23
235,Ron Honeycutt,M,40,"Redondo Beach, CA",828 out of 897,547 out of 589,80 out of 85,1:37:30 Pace: 48:45,1:37:30,1:37:30
708,Elizabeth Jacobs,F,43,"Buena Park, CA",829 out of 897,282 out of 308,35 out of 37,1:37:34 Pace: 48:47,1:37:34,1:37:34
51,Patrick Tregarthen,M,62,"Redondo Beach, CA",830 out of 897,548 out of 589,35 out of 44,1:37:40 Pace: 48:50,1:37:40,1:37:40
334,Tom Vaughn,M,51,"San Pedro, CA",831 out of 897,549 out of 589,97 out of 105,1:37:43 Pace: 48:52,1:37:43,1:37:43
201,Dan Tyukody,M,51,"Manhattan Beach, CA",832 out of 897,550 out of 589,98 out of 105,1:37:46 Pace: 48:53,1:37:46,1:37:46
365,Tyler Patton,M,41,"Culver City, CA",833 out of 897,551 out of 589,81 out of 85,1:37:55 Pace: 48:58,1:37:55,1:37:55
37,John Sandoval,M,36,"Hermosa Beach, CA",834 out of 897,552 out of 589,63 out of 68,1:38:06 Pace: 49:03,1:38:06,1:38:06
732,Marc Bierrat,M,43,"Torrance, CA",835 out of 897,553 out of 589,82 out of 85,1:38:14 Pace: 49:07,1:38:14,1:38:14
959,Sarah Traeger,F,14,"San Pedro, CA",836 out of 897,283 out of 308,40 out of 44,1:38:20 Pace: 49:10,1:38:20,1:38:20
374,Thomas Kaehler,M,57,"Lomita, CA",837 out of 897,554 out of 589,51 out of 56,1:38:40 Pace: 49:20,1:38:40,1:38:40
887,Mike Eaton,M,42,"El Segundo, CA",838 out of 897,555 out of 589,83 out of 85,1:38:53 Pace: 49:27,1:38:53,1:38:53
762,Bill Brogan,M,66,"Redondo Beach, CA",839 out of 897,556 out of 589,36 out of 44,1:39:11 Pace: 49:36,1:39:11,1:39:11
366,Stephen Saussy,M,59,"Manhattan Beach, CA",840 out of 897,557 out of 589,52 out of 56,1:39:14 Pace: 49:37,1:39:14,1:39:14
62,Richard Holm,M,39,"Hermosa Beach, CA",841 out of 897,558 out of 589,64 out of 68,1:39:19 Pace: 49:40,1:39:19,1:39:19
193,Sue Funkhouser,F,44,"Los Angeles, CA",842 out of 897,284 out of 308,36 out of 37,1:39:25 Pace: 49:43,1:39:25,1:39:25
658,Vivian Lokhorst,F,40,"Los Angeles, CA",843 out of 897,285 out of 308,37 out of 37,1:39:29 Pace: 49:45,1:39:29,1:39:29
494,Tamra Blair,F,38,"Hermosa Beach, CA",844 out of 897,286 out of 308,35 out of 40,1:39:36 Pace: 49:48,1:39:36,1:39:36
84,Jean Dodge,F,39,"San Pedro, CA",845 out of 897,287 out of 308,36 out of 40,1:39:53 Pace: 49:57,1:39:53,1:39:53
339,Anthony Pitko,M,40,"Hermosa Beach, CA",846 out of 897,559 out of 589,84 out of 85,1:40:19 Pace: 50:10,1:40:19,1:40:19
425,Anne Moler,F,67,"Hermosa Beach, CA",847 out of 897,288 out of 308,7 out of 9,1:41:02 Pace: 50:31,1:41:02,1:41:02
556,Jamie Siler,M,38,"Torrance, CA",848 out of 897,560 out of 589,65 out of 68,1:41:17 Pace: 50:39,1:41:17,1:41:17
453,Liz Tanner,F,50,"Manhattan Beach, CA",849 out of 897,289 out of 308,21 out of 21,1:41:39 Pace: 50:50,1:41:39,1:41:39
485,Ron Reto,M,60,"Rancho Palos Verdes, CA",850 out of 897,561 out of 589,37 out of 44,1:41:59 Pace: 51:00,1:41:59,1:41:59
105,David Bates,M,71,"Hermosa Beach, CA",851 out of 897,562 out of 589,38 out of 44,1:42:06 Pace: 51:03,1:42:06,1:42:06
498,Francisco Cabrera,M,60,"Inglewood, CA",852 out of 897,563 out of 589,39 out of 44,1:42:10 Pace: 51:05,1:42:10,1:42:10
896,Poppy Purcell,F,33,"Hermosa Beach, CA",853 out of 897,290 out of 308,35 out of 35,1:42:26 Pace: 51:13,1:42:26,1:42:26
710,Jacqueline Godo Kiss,F,70,"Hermosa Beach, CA",854 out of 897,291 out of 308,8 out of 9,1:42:31 Pace: 51:16,1:42:31,1:42:31
137,James Franks,M,81,"Torrance, CA",855 out of 897,564 out of 589,40 out of 44,1:42:42 Pace: 51:21,1:42:42,1:42:42
200,Mark Becker,M,47,"Hermosa Beach, CA",856 out of 897,565 out of 589,89 out of 92,1:43:18 Pace: 51:39,1:43:18,1:43:18
214,Mark Hoel,M,59,"Torrance, CA",857 out of 897,566 out of 589,53 out of 56,1:43:19 Pace: 51:40,1:43:19,1:43:19
740,John Thum,M,45,"West Hollywood, CA",858 out of 897,567 out of 589,90 out of 92,1:43:25 Pace: 51:43,1:43:25,1:43:25
633,Chris Devirgilio,M,46,"Manhattan Beach, CA",859 out of 897,568 out of 589,91 out of 92,1:43:46 Pace: 51:53,1:43:46,1:43:46
491,Nancy Humbarger,F,49,"Manhattan Beach, CA",860 out of 897,292 out of 308,42 out of 46,1:43:56 Pace: 51:58,1:43:56,1:43:56
702,Scott Lyness,M,51,"Los Angeles, CA",861 out of 897,569 out of 589,99 out of 105,1:44:08 Pace: 52:04,1:44:08,1:44:08
33,Jason Waggoner,M,39,"Playa Del Rey, CA",862 out of 897,570 out of 589,66 out of 68,1:44:11 Pace: 52:06,1:44:11,1:44:11
798,Melissa Alves,F,26,"Redondo Beach, CA",863 out of 897,293 out of 308,35 out of 35,1:44:18 Pace: 52:09,1:44:18,1:44:18
794,Jim Michaelson,M,57,"Redondo Beach, CA",864 out of 897,571 out of 589,54 out of 56,1:44:37 Pace: 52:19,1:44:37,1:44:37
186,Elana Luber,F,38,"Redondo Beach, CA",865 out of 897,294 out of 308,37 out of 40,1:44:52 Pace: 52:26,1:44:52,1:44:52
869,Kelley Preach,M,53,"Manhattan Beach, CA",866 out of 897,572 out of 589,100 out of 105,1:46:13 Pace: 53:07,1:46:13,1:46:13
551,Lauren Thompson,F,15,"Hermosa Beach, CA",867 out of 897,295 out of 308,41 out of 44,1:47:06 Pace: 53:33,1:47:06,1:47:06
611,Sharon Thompson,F,47,"Hermosa Beach, CA",868 out of 897,296 out of 308,43 out of 46,1:47:06 Pace: 53:33,1:47:06,1:47:06
427,Meghan McMahon,F,11,"Manhattan Beach, CA",869 out of 897,297 out of 308,42 out of 44,1:47:32 Pace: 53:46,1:47:32,1:47:32
184,Richard Seidman,M,56,"Manhattan Beach, CA",870 out of 897,573 out of 589,55 out of 56,1:48:20 Pace: 54:10,1:48:20,1:48:20
527,Joe Iseri,M,71,"Gardena, CA",871 out of 897,574 out of 589,41 out of 44,1:48:30 Pace: 54:15,1:48:30,1:48:30
616,John Coughlin,M,45,"Manhattan Beach, CA",872 out of 897,575 out of 589,92 out of 92,1:48:50 Pace: 54:25,1:48:50,1:48:50
11,Xochitl Boehm,F,39,"Hermosa Beach, CA",873 out of 897,298 out of 308,38 out of 40,1:49:24 Pace: 54:42,1:49:24,1:49:24
462,Renata D'Angelo,F,36,"Torrance, CA",874 out of 897,299 out of 308,39 out of 40,1:49:28 Pace: 54:44,1:49:28,1:49:28
224,David Jonta,M,64,"El Segundo, CA",875 out of 897,576 out of 589,42 out of 44,1:49:48 Pace: 54:54,1:49:48,1:49:48
668,Alan Cox,M,34,"Torrance, CA",876 out of 897,577 out of 589,54 out of 55,1:50:42 Pace: 55:21,1:50:42,1:50:42
113,Chad Cardenas,M,33,"Redondo Beach, CA",877 out of 897,578 out of 589,55 out of 55,1:50:49 Pace: 55:25,1:50:49,1:50:49
36,Samir Shahin,M,51,"Manhattan Beach, CA",878 out of 897,579 out of 589,101 out of 105,1:53:06 Pace: 56:33,1:53:06,1:53:06
851,Rachel Blitz,F,13,"San Pedro, CA",879 out of 897,300 out of 308,43 out of 44,1:53:08 Pace: 56:34,1:53:08,1:53:08
805,John Perkins,M,60,"Newport Beach, CA",880 out of 897,580 out of 589,43 out of 44,1:53:10 Pace: 56:35,1:53:10,1:53:10
233,Jean Custer,F,65,"Torrance, CA",881 out of 897,301 out of 308,9 out of 9,1:54:26 Pace: 57:13,1:54:26,1:54:26
130,Emmanuel Belviz,M,44,"Glendale, CA",882 out of 897,581 out of 589,85 out of 85,1:55:01 Pace: 57:31,1:55:01,1:55:01
906,Gary Kawakami,M,51,"Los Angeles, CA",883 out of 897,582 out of 589,102 out of 105,1:57:22 Pace: 58:41,1:57:22,1:57:22
82,Eric Block,M,39,"Manhattan Beach, CA",884 out of 897,583 out of 589,67 out of 68,1:57:37 Pace: 58:49,1:57:37,1:57:37
736,Blake Feldmar,F,10,"Encino, CA",885 out of 897,302 out of 308,44 out of 44,1:59:07 Pace: 59:34,1:59:07,1:59:07
737,Jason Feldmar,M,37,"Encino, CA",886 out of 897,584 out of 589,68 out of 68,1:59:08 Pace: 59:34,1:59:08,1:59:08
868,Dean Paul,M,51,"Los Angeles, CA",887 out of 897,585 out of 589,103 out of 105,2:01:32 Pace: 1:00:46,2:01:32,2:01:32
71,Keith Adsen,M,51,"Gardena, CA",888 out of 897,586 out of 589,104 out of 105,2:04:00 Pace: 1:02:00,2:04:00,2:04:00
505,Gerard Melling,M,51,"Rancho Palos Verdes, CA",889 out of 897,587 out of 589,105 out of 105,2:04:10 Pace: 1:02:05,2:04:10,2:04:10
167,Frederick Lorig,M,62,"Rolling Hills, CA",890 out of 897,588 out of 589,44 out of 44,2:04:32 Pace: 1:02:16,2:04:32,2:04:32
370,Jackie Yukawa,F,59,"Pasadena, CA",891 out of 897,303 out of 308,9 out of 10,2:05:25 Pace: 1:02:43,2:05:25,2:05:25
776,Anna Slattery,F,48,"Tiburon, CA",892 out of 897,304 out of 308,44 out of 46,2:05:35 Pace: 1:02:48,2:05:35,2:05:35
244,Michelle Hess,F,35,"Santa Monica, CA",893 out of 897,305 out of 308,40 out of 40,2:05:52 Pace: 1:02:56,2:05:52,2:05:52
110,Ed Zuckerman,M,59,"Manhattan Beach, CA",894 out of 897,589 out of 589,56 out of 56,2:07:01 Pace: 1:03:31,2:07:01,2:07:01
849,Holley Blitz,F,48,"San Pedro, CA",895 out of 897,306 out of 308,45 out of 46,2:08:40 Pace: 1:04:20,2:08:40,2:08:40
820,Darleen Forbes,F,46,"Torrance, CA",896 out of 897,307 out of 308,46 out of 46,2:08:52 Pace: 1:04:26,2:08:52,2:08:52
286,Janis Fitzsimmons,F,59,"Palos Verdes Estates, CA",897 out of 897,308 out of 308,10 out of 10,2:09:54 Pace: 1:04:57,2:09:54,2:09:54
