Place,Name,Location,Bib,Net Time,Pace,Division/Place,Sex-Age,Sex-Place,Gun Time,Age Grade
1,James Sheremeta,"La Jolla, CA",2609,35:59,5:48,M 45-49/0,M-46,1,35:59,82.75%
2,Ryan Lawler,"Alpine, CA",2894,36:43,5:55,M 18-24/1,M-18,2,36:56,75.66%
3,Mark Milliken,"Pensacola, FL",2571,37:01,5:58,M 25-29/1,M-29,3,37:04,72.61%
4,Nathan Dancher,"San Diego, CA",635,37:07,5:59,M 18-24/2,M-19,4,37:14,73.94%
5,James Flatley,"Coronado, CA",2600,37:20,6:01,M 25-29/2,M-25,5,37:30,71.95%
6,Justin Hoblet,", ",351,37:26,6:02,M 30-34/1,m-32,6,37:30,72.34%
7,Jennifer Santa Maria,"San Diego, CA",365,37:35,6:03,F 30-34/0,F-32,1,37:35,81.07%
8,Taylor Robinson,"Spring Valley, CA",2612,37:36,6:04,M 13-17/1,M-17,7,37:46,74.81%
9,James Caress,"Salinas, CA",3358,37:39,6:04,M 18-24/3,M-19,8,37:43,72.90%
10,Samuel Blackmar,"Newport Beach, CA",483,37:47,6:05,M 18-24/4,M-21,9,37:58,71.36%
11,Kenneth Schramm,"San Diego, CA",3427,37:55,6:07,M 25-29/3,M-25,10,37:57,70.84%
12,James Stoffer,"Cincinnati, OH",3236,38:18,6:10,M 25-29/4,M-29,11,38:24,70.18%
13,Thomas Hartmann,"Coronado, CA",2241,38:22,6:11,M 50-54/1,M-50,12,38:27,80.05%
14,Kraig Willett,"Fallbrook, CA",67,38:28,6:12,M 35-39/1,M-38,13,38:33,72.82%
15,Emily Larrimer,"San Diego, CA",1396,38:30,6:12,F 30-34/1,F-30,2,38:34,78.87%
16,Caleb Keiter,"San Diego, CA",212,38:43,6:14,M 25-29/5,M-28,14,38:44,69.38%
17,Dominic Ewers,"San Deigo, CA",1327,38:43,6:14,M 30-34/2,M-32,15,39:05,69.94%
18,Michael Clow,"Poway, CA",1621,38:48,6:15,M 18-24/5,M-20,16,38:49,69.96%
19,Victor Tello,"San Diego, CA",3122,38:50,6:15,M 30-34/3,M-30,17,38:53,69.34%
20,Jessica Goertz,"San Diego, CA",2562,38:57,6:16,F 30-34/2,F-32,3,39:04,78.08%
21,Erik Schwartz,"San Diego, CA",1149,39:00,6:17,M 30-34/4,M-30,18,39:09,69.05%
22,Kristin Schleicher,"San Diego, CA",2205,39:09,6:18,F 25-29/1,F-27,4,39:15,77.51%
23,Richard Waters,"San Diego, CA",3426,39:26,6:21,M 35-39/2,M-39,19,39:32,71.54%
24,Jason Homestead,"San Diego, CA",2393,39:33,6:22,M 30-34/5,M-31,20,39:54,68.25%
25,Matt Harder,", CA",407,39:44,6:24,M 35-39/3,M-37,21,39:45,69.95%
26,Sarah Schmidt,"Denver, CO",887,39:48,6:25,F 30-34/3,F-32,5,39:51,76.41%
27,Jordan Caress,"Salinas, CA",3359,39:50,6:25,M 13-17/2,M-15,22,39:55,72.79%
28,Ryan Wilshusen,"San Diego, CA",1360,39:50,6:25,M 30-34/6,M-31,23,39:53,67.77%
29,Matt Hall,"La Jolla, CA",2067,39:52,6:25,M 25-29/6,M-29,24,40:04,67.42%
30,Alejandro Valencia,"San Diego, CA",2006,39:52,6:25,M 25-29/7,M-28,25,41:14,67.38%
31,Michael Stange,"San Diego, CA",3180,39:56,6:26,M 40-44/1,M-40,26,39:58,71.19%
32,Joey Hinton,"San Diego, CA",3107,40:01,6:27,M 45-49/1,M-45,27,40:03,73.79%
33,Chris Hou,"Encinitas, CA",1345,40:07,6:28,M 30-34/7,M-31,28,40:11,67.29%
34,Dean Andreuzzi,"San Diego, CA",3517,40:12,6:29,M 35-39/4,M-37,29,40:14,69.14%
35,Andy Thacher,"San Diego, CA",97,40:23,6:30,M 45-49/2,M-47,30,40:25,74.24%
36,Mitchell Nodland,"San Diego, CA",970,40:32,6:32,M 18-24/6,M-21,31,40:35,66.52%
37,Vincent Santiago,"San Diego, CA",380,40:40,6:33,M 13-17/3,M-17,32,42:33,69.17%
38,David Espiritu,"Chula Vista, CA",2625,40:41,6:33,M 40-44/2,M-43,33,41:04,71.48%
39,Esteban Nandin,"San Diego, CA",2887,41:00,6:36,M 18-24/7,M-22,34,41:05,65.56%
40,Brent Drown,"Encinitas, CA",1627,41:12,6:38,M 30-34/8,M-32,35,41:15,65.72%
41,Caron Trakman,"San Diego, CA",2435,41:14,6:39,F 30-34/4,F-34,6,41:17,74.08%
42,Joanne Einhorn,"San Diego, CA",725,41:17,6:39,F 60-64/0,F-61,7,42:25,96.37%
43,Jason Pammer,"San Diego, CA",758,41:19,6:39,M 18-24/8,M-24,36,41:35,65.01%
44,Patrice Breslow,"San Diego, CA",3117,41:21,6:40,M 50-54/2,M-54,37,42:30,76.73%
45,Kyle Holzl,"San Marcos, CA",971,41:29,6:41,M 25-29/8,M-27,38,41:34,64.75%
46,Emily Joller,"San Diego, CA",3089,41:32,6:42,F 25-29/2,F-28,8,41:37,73.06%
47,John Gutheil,"La Jolla, CA",2337,41:38,6:43,M 50-54/3,M-54,39,41:44,76.21%
48,Mark Kempfert,"San Diego, CA",2355,41:45,6:44,M 25-29/9,M-25,40,41:51,64.34%
49,Shannon Orr,"San Diego, CA",3268,41:47,6:44,F 30-34/5,F-33,9,41:53,72.94%
50,Shelby Hartmann,"Coronado, CA",2240,41:53,6:45,F 35-39/1,F-37,10,41:58,73.69%
51,Russell Leverich,"San Diego, CA",1932,41:54,6:45,M 25-29/10,M-29,41,42:00,64.15%
52,Mitchel Zafer,"San Diego, CA",2928,42:01,6:46,M 25-29/11,M-29,42,42:07,63.97%
53,Kendall Chuang,"San Diego, CA",2359,42:03,6:46,M 25-29/12,M-28,43,42:10,63.88%
54,Adam Hein,"San Diego, CA",756,42:05,6:47,M 18-24/9,M-24,44,42:20,63.83%
55,Peter Karvelis,"San Diego, CA",3506,42:07,6:47,M 35-39/5,M-35,45,42:16,65.16%
56,Sidney Gulledge,"San Diego, CA",3498,42:19,6:49,M 18-24/10,M-23,46,42:42,63.48%
57,George Ricoy,"Chula Vista, CA",753,42:21,6:49,M 35-39/6,M-38,47,48:46,66.14%
58,Chase Spain,"Lakeside, CA",1590,42:25,6:50,M 18-24/11,M-19,48,42:27,64.70%
59,Aaron Gharst,"Poway, CA",2166,42:25,6:50,M 30-34/9,M-31,49,42:33,63.64%
60,Brooke Gharst,"San Diego, CA",2164,42:25,6:50,F 25-29/3,F-27,11,42:32,71.54%
61,Colleen Myers,"San Diego, CA",3503,42:32,6:51,F 40-44/1,F-42,12,44:54,74.72%
62,Ngoc Bui,"San Diego, CA",1781,42:37,6:52,M 35-39/7,M-36,50,45:02,64.79%
63,Jeremie Meyers,"San Diego, CA",734,42:37,6:52,M 35-39/8,M-36,51,44:53,64.79%
64,Zak Wescoe,"La Jolla, CA",2599,42:42,6:53,M 18-24/12,M-20,52,43:14,63.57%
65,Aaron Johnson,"San Francisco, CA",2124,42:45,6:53,M 35-39/9,M-36,53,43:13,64.59%
66,Nicole Kuppersmith,"College Station, CA",2578,42:46,6:53,F 40-44/2,F-40,13,42:50,73.33%
67,Brooke Sheely,"San Diego, CA",251,42:47,6:54,F 25-29/4,F-28,14,42:55,70.93%
68,James Sanderman,"Lakeside, CA",1410,42:50,6:54,M 18-24/13,M-19,54,42:52,64.07%
69,Chris Orteon,"San Diego, CA",3220,42:54,6:55,M 25-29/13,M-27,55,45:51,62.61%
70,Lisa Engelman,"San Marcos, CA",1127,42:55,6:55,F 30-34/6,F-32,15,43:14,70.86%
71,Yusong Tan,"San Diego, CA",3412,42:56,6:55,M 25-29/14,M-29,56,44:07,62.60%
72,Thomas Gertz,"San Diego, CA",69,43:00,6:56,M 30-34/10,M-30,57,43:20,62.62%
73,Kelly Odonnell,"San Diego, CA",2211,43:02,6:56,M 25-29/15,M-28,58,43:09,62.42%
74,Jerrod Heiser,"San Diego, CA",227,43:05,6:57,M 25-29/16,M-27,59,44:18,62.35%
75,Craig Thompson,"San Diego, CA",2879,43:07,6:57,M 45-49/3,M-46,60,43:23,68.99%
76,Jacob Dudek,"San Diego, CA",3533,43:08,6:57,M 25-29/17,M-28,61,43:43,62.27%
77,Joseph Crook,"San Ysidro, CA",3428,43:13,6:58,M 35-39/10,M-35,62,44:41,63.50%
78,Tim Hale,"Santa Barbara, CA",1914,43:13,6:58,M 40-44/3,M-43,63,43:21,67.28%
79,Barret Fraenzl,"Alpine, CA",410,43:16,6:58,M 25-29/18,M-26,64,43:38,62.08%
80,Samantha Bojorquez,"Santee, CA",1322,43:17,6:58,F 13-17/1,F-15,16,43:18,73.46%
81,Matt Murphy,"San Diego, CA",2279,43:21,6:59,M 30-34/11,M-30,65,43:32,62.12%
82,Sheldon Boren,"Escondido, CA",1119,43:24,7:00,M 45-49/4,M-47,66,44:40,69.07%
83,Rachel Neglia,"Escondido, CA",1121,43:24,7:00,F 25-29/5,F-27,17,44:40,69.92%
84,Franklin Boren,"Escondido, CA",1120,43:26,7:00,M 13-17/4,M-13,67,44:43,69.52%
85,Gerry De Ocampo,"San Marcos, CA",1718,43:29,7:00,M 40-44/4,M-44,68,43:32,67.37%
86,Lukas Hamada,"San Diego, CA",2611,43:30,7:01,M 25-29/19,M-26,69,45:40,61.75%
87,Charles Tucker Jr,"Imperial Beach, CA",3452,43:32,7:01,M 25-29/20,M-25,70,45:21,61.70%
88,Eric Bauer,"Imperial Beach, CA",3249,43:36,7:01,M 30-34/12,M-32,71,43:42,62.10%
89,Jeff Perham,"San Diego, CA",2623,43:39,7:02,M 30-34/13,M-30,72,45:44,61.69%
90,Nate Melster,"San Diego, CA",3109,43:40,7:02,M 30-34/14,M-32,73,43:51,62.01%
91,Matthew Wittmann,"San Diego, CA",138,43:44,7:03,M 25-29/21,M-29,74,44:58,61.46%
92,Michelle Dunlavy,", ",352,43:46,7:03,F 30-34/7,F-33,18,44:28,69.64%
93,Christoph Emde,"San Diego, CA",473,43:48,7:03,M 25-29/22,M-25,75,44:05,61.32%
94,Johny Infante,"San Diego, CA",3051,43:57,7:05,M 50-54/4,M-51,76,44:10,70.45%
95,Laura Gonzalez,"Campo Beach, CA",1715,43:58,7:05,F 25-29/6,F-25,19,44:06,69.02%
96,Kimberley Bandy,"San Diego, CA",2408,43:59,7:05,F 35-39/2,F-39,20,44:08,70.89%
97,Travis Campbell,"San Diego, CA",1811,44:11,7:07,M 25-29/23,M-25,77,44:21,60.79%
98,Mitchell Johnson,"San Diego, CA",63,44:11,7:07,M 30-34/15,M-32,78,45:45,61.28%
99,Justin Lambert,"San Diego, CA",2404,44:12,7:07,M 25-29/24,M-27,79,45:48,60.77%
100,Lisa Contrell,"San Diego, CA",524,44:18,7:08,F 35-39/3,F-37,21,44:30,69.67%
1201,Pete Dugger,"San Diego, CA",3136,1:09:31,11:12,M 50-54/38,M-52,584,1:11:00,44.89%
1202,Amanda Peters,"San Diego, CA",2603,1:09:33,11:12,F 18-24/60,F-18,618,1:11:01,44.10%
1203,Jack Brewer,"San Diego, CA",2602,1:09:33,11:12,M 60-64/13,M-63,585,1:11:01,49.30%
1204,Carly Ward,"San Diego, CA",497,1:09:40,11:13,F 30-34/124,F-31,619,1:10:14,43.60%
1205,Lisa Stewart,"Spring Valley, CA",2238,1:09:41,11:13,F 45-49/47,F-45,620,1:12:03,46.72%
1206,Robert Ilko,"San Diego, CA",974,1:09:43,11:14,M 45-49/49,M-46,586,1:10:16,42.66%
1207,Ren Pham-Peck,"Lodi, CA",1969,1:09:45,11:14,F 40-44/48,F-42,621,1:11:31,45.55%
1208,David Casey,"Escondido, CA",1996,1:09:48,11:14,M 60-64/14,M-60,587,1:12:00,47.84%
1209,Mechelle Bonilla,"San Diego, CA",490,1:09:59,11:16,F 30-34/125,F-31,622,1:10:33,43.40%
1210,Stacy Sweet,"Gilbert, AZ",1199,1:10:12,11:18,F 40-44/49,F-40,623,1:11:08,44.67%
1211,Darcy Weisner,"Encinitas, CA",1832,1:10:21,11:20,F 30-34/126,F-34,624,1:12:23,43.41%
1212,Brian McGill,"San Diego, CA",3167,1:10:21,11:20,M 30-34/126,M-34,588,1:12:22,38.79%
1213,Andrea Weisner,"Encinitas, CA",1834,1:10:22,11:20,F 30-34/127,F-32,625,1:12:21,43.21%
1214,Martha Silva,"La Mesa, CA",1424,1:10:26,11:21,F 25-29/176,F-27,626,1:11:38,43.08%
1215,Nick Miller,"Chula Vista, CA",61,1:10:26,11:21,M 60-64/15,M-63,589,1:11:29,48.69%
1216,Edgar Felix,"San Diego, CA",1473,1:10:29,11:21,M 18-24/48,M-23,590,1:11:37,38.10%
1217,Sandra Cain,"San Diego, CA",1378,1:10:32,11:22,F 35-39/95,F-35,627,1:11:42,43.44%
1218,Brian Cain,"San Diego, CA",1379,1:10:34,11:22,M 35-39/82,M-37,591,1:11:42,39.38%
1219,Andrew Marshall,"San Diego, CA",1152,1:10:38,11:22,M 30-34/127,M-32,592,1:12:21,38.33%
1220,Alyssa Krauss,"El Cajon, CA",2290,1:10:46,11:24,F 35-39/96,F-39,628,1:13:03,44.05%
1221,Joe Greeblatt,"San Diego, CA",3162,1:10:50,11:24,M 50-54/39,M-52,593,1:12:15,44.06%
1222,Vanessa Vleck,"San Diego, CA",1782,1:10:53,11:25,F 25-29/177,F-27,629,1:12:36,42.80%
1223,Margaret Becker,"San Diego Ca, CA",1128,1:10:55,11:25,F 18-24/61,F-24,630,1:12:04,42.78%
1224,Elizabeth Fitzgerald,"San Diego, CA",2185,1:10:56,11:25,F 25-29/178,F-29,631,1:11:31,42.77%
1225,Jim Zazzera,"San Diego, CA",3141,1:10:57,11:25,M 55-59/17,M-55,594,1:12:35,45.09%
1226,Michelle Metcalf,"Oceanside, CA",260,1:10:58,11:26,F 35-39/97,F-37,632,1:12:36,43.48%
1227,Pamela Specht,"Escondido, CA",1928,1:11:00,11:26,F 35-39/98,F-36,633,1:12:07,43.30%
1228,Linda Levy,"San Diego, CA",241,1:11:06,11:27,F 60-64/6,F-60,634,1:12:02,55.15%
1229,Tommy Farley,"Los Angeles, CA",864,1:11:08,11:27,M 25-29/124,M-27,595,1:12:12,37.75%
1230,John Graf,"Alpine, CA",992,1:11:16,11:29,M 55-59/18,M-57,596,1:13:13,45.66%
1231,Amy Cook,"San Diego, CA",1257,1:11:19,11:29,F 30-34/128,F-32,635,1:12:22,42.63%
1232,Alexandra Schwartz,"San Diego, CA",258,1:11:27,11:30,F 40-44/50,F-41,636,1:12:33,44.14%
1233,Peggy Duffy,"San Diego, CA",1246,1:11:29,11:31,F 50-54/29,F-52,637,1:11:37,49.30%
1234,Paul Nathan Nacu,"San Diego, CA",722,1:11:39,11:32,M 25-29/125,M-26,597,1:13:05,37.48%
1235,Mary Joyce Juan,"Minnieapolis, MN",723,1:11:39,11:32,F 25-29/179,F-26,638,1:13:05,42.35%
1236,Norma Sanchez,"San Marcos, CA",1102,1:11:42,11:33,F 40-44/51,F-41,639,1:13:54,43.99%
1237,Ian Mac Manus,"Carlsbad, CA",1829,1:11:46,11:33,M 25-29/126,M-27,598,1:12:54,37.42%
1238,Gina Mac Manus,"Carlsbad, CA",1162,1:11:46,11:33,F 25-29/180,F-26,640,1:12:55,42.28%
1239,Janet Sundblad,"San Diego, CA",442,1:11:48,11:34,F 60-64/7,F-63,641,1:13:45,57.02%
1240,Hallie Shere,"San Diego, CA",62,1:11:49,11:34,F 25-29/181,F-26,642,1:13:39,42.25%
1241,Sioux Duddy,"Poway, CA",2457,1:11:51,11:34,F 50-54/30,F-52,643,1:13:14,49.05%
1242,Salvadore Selga,"Chula Vista, CA",1566,1:11:54,11:35,M 30-34/128,M-34,599,1:14:09,37.96%
1243,Alejandro Gonzales,"Phoenix, AZ",3530,1:11:55,11:35,M 35-39/83,M-39,600,1:14:11,39.22%
1244,Della Zemar,"San Diego, CA",700,1:11:59,11:35,F 40-44/52,F-44,644,1:12:56,44.84%
1245,Tina Armendariz,"Las Vegas, NV",2070,1:12:00,11:36,F 45-49/48,F-47,645,1:12:34,46.10%
1246,Jaeme Gomez,"El Cajon, CA",1266,1:12:07,11:37,F 50-54/31,F-53,646,1:12:51,49.49%
1247,Kathryn Schott,"San Diego, CA",2282,1:12:12,11:38,F 18-24/62,F-21,647,1:13:28,42.02%
1248,Linda Morrow,"San Diego, CA",2281,1:12:13,11:38,F 55-59/18,F-56,648,1:13:28,51.41%
1249,Juan Castruita,"Chula Vista, CA",1589,1:12:16,11:38,M 30-34/129,M-33,601,1:13:13,37.60%
1250,Meghan Benbow,"San Francisco, CA",1614,1:12:18,11:39,F 25-29/182,F-25,649,1:13:48,41.96%
1251,Cecile Custodio,"San Diego, CA",2564,1:12:21,11:39,F 35-39/99,F-37,650,1:13:31,42.65%
1252,Danielle Summerville,"San Diego, CA",1099,1:12:24,11:39,F 30-34/129,F-30,651,1:14:26,41.93%
1253,Michael Anthony,"Lemon Grove, CA",1315,1:12:27,11:40,M 18-24/49,M-24,602,1:13:50,37.07%
1254,Jasmine Holcombe,"San Diego, CA",1353,1:12:29,11:40,F 30-34/130,F-31,652,1:12:51,41.89%
1255,Marie Mendoza,"Chula Vista, CA",3481,1:12:30,11:41,F 35-39/100,F-37,653,1:14:29,42.56%
1256,Bonnie Welch,"Spring Valley, CA",3480,1:12:37,11:42,F 60-64/8,F-62,654,1:13:40,55.56%
1257,Toni Sweet,"Del Mar, CA",818,1:12:49,11:43,F 65-69/3,F-65,655,1:13:45,57.92%
1258,Vanessa Sliwa,"El Cajon, CA",714,1:12:55,11:45,F 30-34/131,F-31,656,1:14:32,41.66%
1259,Tiffany Dunbar,"San Diego, CA",29,1:13:21,11:49,F 30-34/132,F-34,657,1:15:30,41.64%
1260,Scott Taber,"San Diego, CA",366,1:13:26,11:50,M 35-39/84,M-36,603,1:15:21,37.59%
1261,Sarah Walsh,"Long Beach, CA",1679,1:13:27,11:50,F 40-44/53,F-41,658,1:15:14,42.94%
1262,James Smith,"San Diego, CA",2485,1:13:28,11:50,M 40-44/62,M-44,604,1:14:59,39.87%
1263,Erin Dorris,"San Diego, CA",2387,1:13:42,11:52,F 25-29/183,F-27,659,1:14:31,41.17%
1264,John McNeal,"Coronado, CA",1035,1:13:44,11:52,M 45-49/50,M-45,605,1:14:37,40.04%
1265,Gina Lambis,"Coronado, CA",1036,1:13:44,11:52,F 35-39/101,F-35,660,1:14:37,41.56%
1266,Maura McCarthy,"Santee, CA",32,1:13:47,11:53,F 45-49/49,F-47,661,1:15:05,44.98%
1267,Cheryl Wadeson,"Vista, CA",2580,1:13:54,11:54,F 35-39/102,F-38,662,1:15:47,41.96%
1268,Michael Sedloff,"La Jolla, CA",2666,1:13:54,11:54,M 60-64/16,M-61,606,1:15:59,45.59%
1269,Tori Olsen,"Escondido, CA",942,1:14:07,11:56,F 40-44/54,F-40,663,1:14:39,42.31%
1270,Penny Maus,"San Diego, CA",934,1:14:07,11:56,F 35-39/103,F-35,664,1:14:39,41.34%
1271,Brandon Sedloff,"Hong Kong, ",2667,1:14:09,11:56,M 25-29/127,M-26,607,1:16:12,36.22%
1272,Jenna Baraona,"La Jolla, CA",2664,1:14:10,11:57,F 30-34/133,F-31,665,1:16:13,40.95%
1273,Robin Ledford,"Murrieta, CA",1805,1:14:14,11:57,F 35-39/104,F-38,666,1:16:00,41.77%
1274,Kathryn Clark,"San Diego, CA",1799,1:14:17,11:58,F 50-54/32,F-54,667,1:14:17,48.68%
1275,Jennifer Casto,"San Diego, CA",3113,1:14:25,11:59,F 35-39/105,F-37,668,1:16:15,41.47%
1276,Emily Briggs,"Encinitas, CA",2036,1:14:27,11:59,F 25-29/184,F-26,669,1:16:11,40.75%
1277,Erika Batchelder,"San Diego, CA",2147,1:14:27,11:59,F 25-29/185,F-26,670,1:16:11,40.75%
1278,Anette Feldman,"San Diego, CA",232,1:14:29,12:00,F 35-39/106,F-36,671,1:15:03,41.27%
1279,Sally Davalos,"San Diego, CA",754,1:14:32,12:00,F 25-29/186,F-26,672,1:14:49,40.71%
1280,Joanne Selga,"Chula Vista, CA",1565,1:14:45,12:02,F 35-39/107,F-37,673,1:17:00,41.28%
1281,Cesar Estrada,"San Diego, CA",748,1:15:05,12:05,M 25-29/128,M-29,608,1:15:23,35.79%
1282,Marlyn Gonzalez,"San Diego, CA",747,1:15:07,12:06,F 18-24/63,F-24,674,1:15:23,40.39%
1283,Ryan Shaw,"San Diego, CA",1498,1:15:14,12:07,M 25-29/129,M-28,609,1:15:43,35.70%
1284,Amy Symons,"San Diego, CA",1497,1:15:16,12:07,F 25-29/187,F-27,675,1:15:44,40.31%
1285,Melissa Calderon,"San Diego, CA",1729,1:15:43,12:12,F 25-29/188,F-27,676,1:17:26,40.07%
1286,Beverly Calderon,"San Diego, CA",1728,1:15:44,12:12,F 50-54/33,F-50,677,1:17:27,45.39%
1287,Danielle Slomka,"Santa Cruz, CA",1404,1:15:48,12:12,F 13-17/17,F-17,678,1:17:07,40.88%
1288,Megan Narey,"San Diego Ca, CA",2871,1:16:05,12:15,F 35-39/108,F-35,679,1:16:05,40.27%
1289,Ilan Cosman,"La Jolla, CA",120,1:16:09,12:16,M 01-12/6,M-8,610,1:16:52,46.54%
1290,Bard Cosman,"La Jolla, CA",1616,1:16:09,12:16,M 45-49/51,M-47,611,1:16:53,39.36%
1291,Christopher Collins,"San Diego, CA",3205,1:16:14,12:16,M 25-29/130,M-26,612,1:16:35,35.23%
1292,Kari Runnels,"Poway, CA",978,1:16:17,12:17,F 30-34/134,F-32,680,1:16:17,39.86%
1293,Lori Moore,"San Diego, CA",1683,1:16:29,12:19,F 45-49/50,F-49,681,1:17:23,44.38%
1294,Marc Pumpkinthief,"San Diego, CA",729,1:16:37,12:20,M 40-44/63,M-40,613,1:19:16,37.10%
1295,Melanie Ladhabhoy,"San Francisco, CA",2420,1:16:37,12:20,F 30-34/135,F-30,682,1:18:42,39.62%
1296,Chelsea Knott,"San Diego, CA",515,1:16:43,12:21,F 18-24/64,F-22,683,1:16:56,39.55%
1297,Esperanza Romero,"San Diego, CA",1666,1:16:43,12:21,F 25-29/189,F-28,684,1:17:26,39.55%
1298,Nahal Dianat,"Los Angeles, CA",1599,1:16:48,12:22,F 30-34/136,F-32,685,1:17:58,39.59%
1299,Tara Konja,"Spring Valley, CA",3083,1:16:50,12:22,F 30-34/137,F-33,686,1:18:21,39.66%
1300,Kevin Gilles,"San Diego, CA",1204,1:17:02,12:24,M 30-34/130,M-30,614,1:18:01,34.95%
