Bib,Name,Gender,Age,Hometown,Overall,Women,F 50-54,Age/Grade,Finish,Chip Time,Gun Time
1080,Jen Hatfield,F,40,"San Diego, CA",1113 out of 1117,613 out of 617,63 out of 64, 27.80% Place: 1078,1:52:48 Pace: 18:10,1:52:48,1:55:16
2829,Nancy Groesbeck,F,52,"San Diego, CA",1114 out of 1117,614 out of 617,27 out of 27, 30.33% Place: 1077,1:56:11 Pace: 18:42,1:56:11,1:58:39
2201,Marcie Evans,F,42,"El Cajon, CA",1115 out of 1117,615 out of 617,64 out of 64, 27.34% Place: 1079,1:56:12 Pace: 18:42,1:56:12,1:58:38
1650,Ruth Rooney,F,63,"Tempe, AZ",1116 out of 1117,616 out of 617,8 out of 8, 34.95% Place: 1075,1:57:08 Pace: 18:51,1:57:08,1:59:47
2090,Rachel Blum,F,32,"Washington Dc, DC",1117 out of 1117,617 out of 617,129 out of 129, 24.12% Place: 1080,2:06:04 Pace: 20:18,2:06:04,2:06:04
