Place,Name,Location,Bib,Net Time,Pace,Division/Place,Sex-Age,Sex-Place,Gun Time,Age Grade
1,Wayne Dilly,", ",844,35:21,5:42,M 30-34/0,M-30,1,35:21,76.22%
2,Nathan Twomey,"Del Mar, CA",1882,35:34,5:44,M 30-34/0,M-31,2,35:34,75.94%
3,Cristian Cortes,"SAN DIEGO, CA",774,37:16,6:00,M 35-39/0,M-38,3,37:16,75.24%
4,Ethan Mefford,", ",3863,37:04,5:58,M 25-29/1,M-25,4,37:20,72.47%
5,Trevor Neeb,"San Diego, CA",1453,37:15,6:00,M 30-34/1,M-32,5,37:17,72.69%
6,Mark Milliken,"Pensacola, FL",2484,37:28,6:02,M 30-34/2,M-30,6,37:30,71.87%
7,Tsuyoshi Yoshino,"San Diego, CA",2797,37:39,6:04,M 35-39/1,M-37,7,37:40,73.83%
8,Carlos Rivera,", ",1615,37:41,6:04,M NoAge/1,M-0,8,37:44, 0.00%
9,Tyson Marshall,"San Diego, CA",2910,38:30,6:12,M 35-39/2,M-37,9,38:32,72.20%
10,Ryan Pau,"San Diego, CA",2778,38:36,6:13,M 25-29/2,M-26,10,38:39,69.59%
11,Joanne Rosenblatt,"San Diego, CA",1653,38:47,6:15,F 35-39/0,F-38,1,38:47,87.36%
12,Jordan Ross,"San Diego, CA",3804,39:01,6:17,M 13-17/1,M-16,11,40:59,73.08%
13,Garrett Sheehan,", ",1730,39:09,6:18,M 25-29/3,M-29,12,39:11,68.65%
14,Andrew Meza,"San Diego, CA",2920,39:11,6:19,M 18-24/1,M-18,13,39:12,70.89%
15,Michael Clow,"Poway, CA",745,39:21,6:20,M 18-24/2,M-21,14,39:23,68.52%
16,Ian Armstrong,", ",3874,39:28,6:21,M 35-39/3,M-35,15,40:23,69.54%
17,Patrick McBride,"San Diego, CA",2963,40:06,6:28,M 35-39/4,M-38,16,40:54,69.85%
18,Bryce Williams,"San Diego, CA",1951,40:11,6:28,M 30-34/3,M-32,17,40:12,67.39%
19,Erik Schwartz,"San Diego, CA",1717,40:14,6:29,M 30-34/4,M-31,18,40:24,67.09%
20,Eric Dridge,"San Diego, CA",2903,40:41,6:33,M 25-29/4,M-28,19,40:47,66.02%
21,Michael Cheeseman,"Redondo Beach, CA",2135,40:44,6:34,M 25-29/5,M-25,20,40:48,65.94%
22,Scott Becker,"San Diego, CA",3011,40:46,6:34,M 30-34/5,M-32,21,41:49,66.42%
23,Julie Glassman,", ",43,40:49,6:35,F 01-12/0,F-12,2,40:49,87.86%
24,Anna Leer,"San Diego, CA",1263,40:51,6:35,F 25-29/0,F-27,3,40:51,74.90%
25,Dean Andreuzzi,", ",3877,40:52,6:35,M 35-39/5,M-38,22,40:53,68.54%
26,Michael Anguiano,"La Mesa, CA",519,40:52,6:35,M 30-34/6,M-33,23,41:12,66.50%
27,Michael Roberts,"Boulder, CO",3893,40:53,6:35,M 30-34/7,M-32,24,41:12,66.23%
28,Chris Halsey,"Santee, CA",1069,40:55,6:36,M 13-17/2,M-16,25,41:21,69.68%
29,Daniel Galvin,"San Diego, CA",2238,40:59,6:36,M 30-34/8,M-31,26,41:58,65.87%
30,Andrew Lawrence,"San Diego, CA",2896,41:01,6:36,M 25-29/6,M-26,27,41:08,65.49%
31,Curt McLeland,"San Diego, CA",2464,41:10,6:38,M 45-49/1,M-48,28,41:24,73.43%
32,Adam Hein,"Santa Monica, CA",1087,41:13,6:38,M 25-29/7,M-25,29,41:31,65.17%
33,Roger Leszczynski,"San Diego, CA",2413,41:22,6:40,M 25-29/8,M-29,30,41:24,64.97%
34,Matt Hall,"La Jolla, CA",1068,41:31,6:41,M 30-34/9,M-30,31,42:01,64.86%
35,Jeff Hooker,", ",3892,41:34,6:42,M 45-49/2,M-45,32,41:52,71.04%
36,Alex Santana,"Playa Del Rey, CA",1678,41:46,6:44,M 25-29/9,M-28,33,41:55,64.31%
37,Justin Lambert,"San Diego, CA",1239,41:53,6:45,M 25-29/10,M-28,34,42:12,64.13%
38,David Leight,"San Diego, CA",2969,41:59,6:46,M 30-34/10,M-30,35,42:37,64.14%
39,Frank Santana,"San Diego, CA",2614,42:00,6:46,M 30-34/11,M-30,36,42:08,64.11%
40,Russell Leverich,"San Diego, CA",1272,42:08,6:47,M 30-34/12,M-30,37,42:11,63.91%
41,Richard Espinosa,"San Diego, CA",909,42:09,6:47,M 35-39/6,M-35,38,42:15,65.11%
42,Carolyn Geanacou,"San Diego, CA",2254,42:27,6:50,F 40-44/1,F-41,4,42:30,74.31%
43,Christopher Schmidt,"San Francisc, CA",2957,42:28,6:51,M 30-34/13,M-30,39,43:51,63.41%
44,Brooke Sheely,"San Diego, CA",1731,42:31,6:51,F 25-29/1,F-29,5,42:34,71.37%
45,Johnnie Green,"Perris, CA",1028,42:33,6:51,M 35-39/7,M-37,40,44:00,65.32%
46,Andrew Poland,"Colorado Springs, CO",1549,42:34,6:52,M 25-29/11,M-25,41,42:47,63.10%
47,Kendall Chuang,"San Diego, CA",732,42:50,6:54,M 25-29/12,M-29,42,42:54,62.75%
48,John Sabin,", ",182,42:56,6:55,M 50-54/1,M-53,43,43:01,73.28%
49,Gabriel Ditto,"San Diego, CA",462,42:59,6:55,M 13-17/3,M-15,44,44:30,67.46%
50,Lyman Ng,"San Diego, CA",2505,43:01,6:56,M 35-39/8,M-37,45,43:05,64.61%
51,John Gutheil,"La Jolla, CA",2291,43:04,6:56,M 55-59/1,M-55,46,43:25,74.29%
52,Mark Olinger,"San Diego, CA",2517,43:17,6:58,M 35-39/9,M-37,47,43:32,64.21%
53,Jay Bartroff,", ",558,43:19,6:59,M 35-39/10,M-35,48,44:11,63.36%
54,Thomas Gertz,", ",1008,43:21,6:59,M NoAge/2,M-0,49,43:54, 0.00%
55,Laura Pryor,", ",3868,43:22,6:59,F 25-29/2,F-25,6,43:39,69.97%
56,Michael Hartman,"San Diego, CA",2818,43:26,7:00,M 25-29/13,M-26,50,43:31,61.84%
57,Dominic Ewers,"San Diego, CA",915,43:31,7:01,M 30-34/14,M-33,51,45:37,62.45%
58,Ken Kremensky,"El Cajon, CA",1211,43:35,7:01,M 50-54/2,M-53,52,43:44,72.19%
59,Allen Brewer,"La Jolla, CA",27,43:49,7:03,M 35-39/11,M-38,53,43:56,63.93%
60,Michael Weber II,"Chula Vista, CA",1932,43:50,7:04,M 35-39/12,M-35,54,43:56,62.61%
61,Jeff Hengesbaugh,"Solana Beach, CA",396,43:53,7:04,M 65-69/1,M-67,55,53:59,81.08%
62,Greg Hengesbaugh,"Solana Beach, CA",395,43:57,7:05,M 55-59/2,M-58,56,54:03,74.66%
63,Emily Joller,"San Diego, CA",1153,44:00,7:05,F 25-29/3,F-29,7,44:06,68.94%
64,Thomas Barich,"San Diego, CA",2912,44:05,7:06,M 50-54/3,M-53,57,44:10,71.37%
65,Robbie Simpson,"San Diego, CA",2640,44:13,7:07,M 30-34/15,M-34,58,44:29,61.73%
66,Kimberley Bandy,"Pacific Beach, CA",546,44:16,7:08,F 40-44/2,F-40,8,44:23,70.85%
67,Joel West,"San Diego, CA",1937,44:24,7:09,M 25-29/14,M-27,59,46:41,60.50%
68,Christian Didio,"San Diego, CA",842,44:27,7:10,M 35-39/13,M-36,60,44:38,62.12%
69,Allison Cordes,"San Diego, CA",2764,44:34,7:11,F 30-34/1,F-34,9,44:54,68.54%
70,Robert Torre,"San Deigo, CA",1867,44:36,7:11,M 45-49/3,M-47,61,44:40,67.21%
71,Chad Edwards,"Escondido, CA",2950,44:37,7:11,M 30-34/16,M-34,62,47:14,61.17%
72,Scott Schrader,"Bolingbrook, IL",1713,44:38,7:11,M 30-34/17,M-31,63,46:24,60.48%
73,Howard Lux,"San Diego, CA",2429,44:44,7:12,M 40-44/1,M-42,64,44:46,64.48%
74,Mark Kempfert,"San Diego, CA",1190,44:48,7:13,M 25-29/15,M-26,65,44:52,59.96%
75,Jeremy Janusziewicz,"San Diego, CA",2765,44:51,7:13,M 35-39/14,M-36,66,45:11,61.56%
76,Jackie Pau,"San Diego, CA",2777,44:54,7:14,F 25-29/4,F-26,10,44:57,67.58%
77,Jonathan Romanowski,"San Diego, CA",3805,44:54,7:14,M 25-29/16,M-27,67,45:41,59.82%
78,Robert Grenzeback,"La Jolla, CA",2942,44:58,7:15,M 25-29/17,M-28,68,45:29,59.73%
79,Jason Edwards,"San Diego, CA",2962,45:02,7:15,M 18-24/3,M-21,69,45:07,59.87%
80,Nicole Panziera,"San Diego, CA",1514,45:03,7:15,F 18-24/1,F-22,11,45:07,67.36%
81,Andrew Holland,"New York, NY",1109,45:04,7:16,M 45-49/4,M-45,70,45:34,65.52%
82,Arturo Acosta,"San Diego, CA",487,45:10,7:17,M 30-34/18,M-30,71,45:25,59.62%
83,Jerrod Heiser,"San Diego, CA",2918,45:11,7:17,M 25-29/18,M-28,72,45:30,59.45%
84,Gerry De Ocampo,"San Marcos, CA",822,45:12,7:17,M 45-49/5,M-45,73,45:14,65.33%
85,Carrie Cotter,"San Diego, CA",2800,45:18,7:18,F 30-34/2,F-30,12,46:16,67.02%
86,Kye Gilder,"San Diego, CA",2798,45:19,7:18,M 35-39/15,M-39,74,46:16,62.25%
87,Steve Scott,"Santee, CA",1721,45:21,7:18,M 50-54/4,M-50,75,45:49,67.72%
88,Walter Bueno,", ",672,45:22,7:18,M 18-24/4,M-23,76,45:34,59.21%
89,Kristen Anderson,"Solana Beach, CA",511,45:25,7:19,F 30-34/3,F-30,13,45:32,66.85%
90,Tim Niegocki,"San Diego, CA",1466,45:28,7:19,M 40-44/2,M-44,77,47:09,64.43%
91,Scott Nelson,"Oakdale, CA",1457,45:29,7:20,M 30-34/19,M-34,78,46:14,60.01%
92,Megan Horowitz,"Encinitas, CA",1121,45:30,7:20,F 18-24/2,F-20,14,45:33,66.73%
93,Michael Converse,"La Mesa, CA",766,45:33,7:20,M 18-24/5,M-21,79,47:07,59.19%
94,Kathleen Gorenc,"San Diego, CA",1023,45:33,7:20,F 25-29/5,F-29,15,47:19,66.62%
95,Oliver Block,"San Diego, CA",614,45:37,7:21,M 40-44/3,M-44,80,45:40,64.22%
96,Orlando Villanueva,"Spring Valley, CA",2913,45:40,7:21,M 40-44/4,M-41,81,46:45,62.69%
97,Christopher Stafford,"Oceanside, CA",1788,45:42,7:22,M 25-29/19,M-28,82,48:18,58.77%
98,Jesse Mellon,"San Diego, CA",1372,45:45,7:22,M 35-39/16,M-36,83,46:23,60.35%
99,Derek Lisabeth,"Poway, CA",2421,45:47,7:22,M 30-34/20,M-30,84,47:11,58.81%
100,Daniel Schroeder,"Chula Vista, CA",1714,45:48,7:23,M 30-34/21,M-32,85,46:26,59.12%
101,Stephen White,"La Mesa, CA",2949,45:51,7:23,M 50-54/5,M-51,86,45:59,67.53%
102,John Gerber,"Solana Beach, NY",2257,45:58,7:24,M 30-34/22,M-33,87,47:20,59.12%
103,Andrew Hamilton,"San Diego, CA",2971,46:03,7:25,M 30-34/23,M-31,88,46:33,58.62%
104,Teresa Ondre,"San Diego, CA",1489,46:08,7:26,F 40-44/3,F-40,16,48:35,67.98%
105,Erik Granstedt,"Princeton, NJ",1026,46:13,7:27,M 25-29/20,M-29,89,47:46,58.15%
106,Jordan Wlodarczyk,", ",2744,46:13,7:27,M 25-29/21,M-25,90,46:32,58.12%
107,Kevin Dorrough,"Hemet, CA",853,46:16,7:27,M 40-44/5,M-41,91,46:43,61.87%
108,Augusto Gador,"San Diego, CA",2886,46:18,7:27,M 25-29/22,M-26,92,46:48,58.01%
109,Andrea McGrath,"San Diego, CA",2973,46:18,7:28,F 25-29/6,F-29,17,46:57,65.54%
110,Ramsey Chichakli,"Del Mar, CA",2137,46:19,7:28,M 35-39/17,M-37,93,47:10,60.01%
111,Marian Holland,"Del Mar, CA",2337,46:20,7:28,F 35-39/1,F-39,18,47:10,67.29%
112,Jeffrey Belk,"Poway, CA",575,46:22,7:28,M 45-49/6,M-49,94,46:34,65.70%
113,Gregory Fleizach,"San Diego, CA",952,46:23,7:28,M 25-29/23,M-29,95,48:06,57.94%
114,Michael Looysen,"San Diego, CA",1290,46:24,7:29,M 30-34/24,M-33,96,46:32,58.57%
115,Kristin Belsky,"San Diego, CA",277,46:30,7:29,F 40-44/4,F-43,19,46:35,68.84%
116,Jonathan Shulman,"San Diego, CA",2634,46:31,7:30,M 35-39/18,M-38,97,48:35,60.22%
117,Todd Borchert,"San Diego, CA",625,46:38,7:31,M 40-44/6,M-42,98,47:29,61.83%
118,Mike McGivern,"San Diego, CA",1352,46:45,7:32,M 40-44/7,M-41,99,48:31,61.23%
119,Jayford Cabalbag,"San Diego, CA",2116,46:45,7:32,M 25-29/24,M-28,100,47:16,57.45%
120,Jason Giavara,"San Diego, CA",2888,46:51,7:33,F 40-44/5,F-43,20,46:54,68.33%
121,Mike Staudinger,"San Diego, CA",1789,46:52,7:33,M 45-49/7,M-45,101,47:13,63.00%
122,Bulmaro Almazan,"San Diego, CA",2890,46:59,7:34,M NoAge/3,M-0,102,47:00, 0.00%
123,Marc Chernoff,"San Diego, CA",725,47:00,7:34,M 30-34/25,M-30,103,47:53,57.29%
124,Catherine Roberts,"San Diego, CA",1617,47:05,7:35,F 25-29/7,F-27,21,48:21,64.45%
125,Russell Artman,"San Francisco, CA",21,47:06,7:35,M 35-39/19,M-35,104,47:15,58.27%
126,Daniel Conley,", ",160,47:09,7:36,M NoAge/4,M-0,105,47:14, 0.00%
127,Matthew Earne,"San Diego, CA",37,47:12,7:36,M 30-34/26,M-34,106,47:21,57.82%
128,Jennifer Jordan,"San Diego, CA",1158,47:13,7:36,F 30-34/4,F-34,22,47:15,64.69%
129,Elizabeth Quintana,"San Diego, CA",1580,47:13,7:36,F 35-39/2,F-38,23,47:30,65.68%
130,Sarah Kaster,"Ramona, CA",1178,47:15,7:37,F 18-24/3,F-21,24,47:21,64.22%
131,Kelsey Kaster,"Ramona, CA",1177,47:15,7:37,F 18-24/4,F-21,25,47:22,64.22%
132,Terry Owens,"San Diego, CA",1498,47:18,7:37,M 40-44/8,M-40,107,48:30,60.10%
133,Crystal Kolos,"San Diego, CA",1206,47:23,7:38,F 25-29/8,F-27,26,48:19,64.04%
134,Shannon Miller,"La Mesa, CA",1388,47:24,7:38,M 35-39/20,M-36,108,48:38,58.25%
135,Keizo Amakawa,"ENCINITAS, CA",3823,47:26,7:38,M 50-54/6,M-52,109,48:42,65.80%
136,Delphine Mathias,"La Jolla, CA",1323,47:26,7:38,F 25-29/9,F-29,27,47:38,63.97%
137,Rene Grossrieder,"Vista, CA",2927,47:29,7:39,M 45-49/8,M-46,110,47:39,62.64%
138,Samuel Schmidt,"San Diego, CA",1708,47:29,7:39,M 35-39/21,M-36,111,48:35,58.15%
139,Nate Melster,"San Diego, CA",1373,47:30,7:39,M 30-34/27,M-33,112,47:39,57.21%
140,Mark Schmutte,"San Diego, CA",1709,47:31,7:39,M 30-34/28,M-31,113,49:55,56.81%
141,Sara Young,"San Diego, CA",2758,47:36,7:40,F 35-39/3,F-36,28,49:56,64.59%
142,Gavin Doudna,", ",857,47:37,7:40,M NoAge/5,M-0,114,47:50, 0.00%
143,Robert Culverhouse Jr,"Temecula, AS",805,47:37,7:40,M 60-64/1,M-64,115,49:22,72.69%
144,Christopher Edwards,"San Diego, CA",2952,47:39,7:41,M 30-34/29,M-32,116,50:14,56.82%
145,Mark Spiro,"Encinitas, CA",2926,47:41,7:41,M 60-64/2,M-61,117,48:10,70.66%
146,Daniel Gaviao,"Encinitas, CA",2253,47:41,7:41,M 30-34/30,M-33,118,47:59,56.99%
147,Jen Aichelman,"San Diego, CA",497,47:42,7:41,F 30-34/5,F-31,29,48:37,63.68%
148,Mark Lagman,"San Diego, CA",1232,47:53,7:43,M 25-29/25,M-27,119,48:28,56.09%
149,Stephen Heverly,"SAN DIEGO, CA",3808,47:53,7:43,M 30-34/31,M-32,120,48:32,56.55%
150,Thomas Gallagher,"Arlington, TX",2237,47:57,7:43,M 25-29/26,M-27,121,49:29,56.02%
151,Tim Hyde,"Gilbert, AZ",2344,48:00,7:44,M 25-29/27,M-25,122,49:25,55.96%
152,Gillian Belk,"Poway, CA",574,48:05,7:45,F 13-17/1,F-16,30,48:17,65.29%
153,Natalie Ferreira,"San Diego, CA",2899,48:12,7:46,F 25-29/10,F-28,31,48:35,62.95%
154,Jerry Buckley,", ",671,48:16,7:46,M 65-69/2,M-65,123,49:06,72.37%
155,Mary Catania,"San Diego, CA",710,48:17,7:47,F 30-34/6,F-30,32,48:28,62.88%
156,Matthew Schlickenmaier,"San Diego, CA",1704,48:20,7:47,M 25-29/28,M-28,124,49:32,55.57%
157,Arturo Chayet,"La Jolla, CA",2982,48:23,7:48,M 50-54/7,M-51,125,48:37,63.99%
158,Jennifer Soule,"San Diego, CA",1782,48:24,7:48,F 40-44/6,F-40,33,49:09,64.80%
159,Laora Fishman,"San Diego, CA",2212,48:24,7:48,F 35-39/4,F-36,34,48:25,63.52%
160,Eric Bjorklund,"St Louis Park, MN",2083,48:33,7:49,M 35-39/22,M-37,126,50:50,57.25%
161,Eric Nemoseck,"San Diego, CA",2845,48:34,7:49,M 35-39/23,M-38,127,49:41,57.67%
162,Kipley Pereles,"San Diego, CA",2813,48:35,7:50,F 30-34/7,F-33,35,48:42,62.73%
163,Brian Atkins,"San Diego, CA",2039,48:36,7:50,M 50-54/8,M-51,128,49:21,63.70%
164,Ryan Cabuto,"La Mesa, CA",2873,48:37,7:50,M 30-34/32,M-30,129,48:46,55.38%
165,Garrett Jarvis,"San Diego, CA",2351,48:38,7:50,M 13-17/4,M-15,130,49:37,59.62%
166,Ted Adams,", ",489,48:42,7:51,M 40-44/9,M-43,131,49:17,59.71%
167,Vj Asaro,", ",2038,48:43,7:51,M 18-24/6,M-18,132,49:48,57.02%
168,Jonathan Bell,"San Diego, CA",2072,48:44,7:51,M 30-34/33,M-31,133,49:38,55.39%
169,David Parker,"San Diego, CA",2935,48:44,7:51,M 60-64/3,M-62,134,48:51,69.76%
170,Hoan Pham,"San Diego, CA",2534,48:46,7:51,M 40-44/10,M-43,135,50:10,59.62%
171,Kelli Moro,"San Diego, CA",1403,48:46,7:51,F 30-34/8,F-33,36,49:27,62.50%
172,Dora Hall,"Seattle, WA",1067,48:49,7:52,F 30-34/9,F-33,37,49:01,62.43%
173,Jessica Taylor,"El Cajon, CA",1840,48:50,7:52,F 25-29/11,F-27,38,51:10,62.14%
174,Ashle Thumsuden,"El Cajon, CA",1858,48:51,7:52,F 18-24/5,F-22,39,51:10,62.12%
175,Jakob Harrison,"San Diego, CA",2310,48:51,7:52,M 13-17/5,M-16,136,49:09,58.36%
176,Mike Clarken,"San Diego, CA",2887,48:52,7:52,M 40-44/11,M-41,137,49:36,58.58%
177,Jeff Aichelman,"San Diego, CA",496,48:54,7:53,M 30-34/34,M-33,138,49:53,55.57%
178,Paul Gargan,"San Diego, CA",3018,48:56,7:53,M 50-54/9,M-54,139,49:04,64.84%
179,Ali Tripoli,"La Jolla, CA",1872,48:56,7:53,F 25-29/12,F-29,40,49:08,62.01%
180,Josh Nguyen,"San Diego, CA",1462,48:59,7:53,M 25-29/29,M-25,140,49:40,54.83%
181,Liam Kitts,"San Diego, CA",2961,49:00,7:54,M 01-12/1,M-11,141,50:17,64.99%
182,Doug Sherwin,"San Diego, CA",2633,49:00,7:54,M 40-44/12,M-42,142,49:50,58.86%
183,Michael Singleton,"San Diego, CA",2851,49:01,7:54,M 50-54/10,M-54,143,49:29,64.73%
184,Kutbuddin Doctor,", ",848,49:04,7:54,M 40-44/13,M-42,144,49:30,58.78%
185,Gary Jacobs,"La Mesa, CA",2906,49:06,7:54,M 50-54/11,M-50,145,49:35,62.55%
186,Adrianna Weber,"Chula Vista, CA",1929,49:07,7:55,F 30-34/10,F-34,41,49:13,62.19%
187,Andrew Bennett,"Rancho Santa Fe, CA",583,49:08,7:55,M 25-29/30,M-26,146,49:40,54.67%
188,McKenzie Miller,"Portland, OR",2483,49:11,7:55,F 25-29/13,F-25,42,50:34,61.69%
189,Pam Bailey,"San Diego, CA",542,49:15,7:56,F 25-29/14,F-29,43,50:06,61.61%
190,Lindsay Marks,"Encinitas, CA",1316,49:17,7:56,F 25-29/15,F-28,44,49:52,61.57%
191,Eric Paavola,"Lakeside, CA",1499,49:23,7:57,M 55-59/3,M-58,147,50:59,66.44%
192,Samantha Hodges,"San Francisco, CA",1106,49:30,7:58,F 25-29/16,F-29,45,49:44,61.30%
193,Vi Tran,"San Diego, CA",1871,49:36,7:59,F 30-34/11,F-32,46,49:49,61.31%
194,Caitlin Shindler,"San Diego, CA",1734,49:42,8:00,F 30-34/12,F-30,47,51:28,61.09%
195,Amanda Bloom,"San Diego, CA",2770,49:42,8:00,F 25-29/17,F-29,48,50:27,61.05%
196,Patrick Blue,", ",616,49:48,8:01,M NoAge/6,M-0,148,51:31, 0.00%
197,Stephanie Cuttler,"San Diego, CA",812,49:49,8:01,F 25-29/18,F-27,49,50:24,60.91%
198,Justin Campbell,", ",3870,49:50,8:02,M 25-29/31,M-27,149,50:46,53.90%
199,Sarah Schupbach,"San Diego, CA",1716,49:53,8:02,F 30-34/13,F-30,50,50:02,60.86%
200,Benjamin Schmidt,"San Diego, CA",1705,49:57,8:03,M 30-34/35,M-30,150,50:17,53.91%
201,Luke Walton,"Poway, CA",2823,49:58,8:03,M 30-34/36,M-32,151,50:36,54.19%
202,Camille Chapman,"San Diego, CA",2825,49:58,8:03,F 30-34/14,F-33,51,50:36,60.99%
203,John Rohrbach,"San Diego, CA",1637,50:00,8:03,M 35-39/24,M-38,152,50:57,56.02%
204,Matthew Mace,"San Diego, CA",2434,50:00,8:03,M 35-39/25,M-37,153,51:07,55.59%
205,Marc Jarvis,"San Diego, CA",2352,50:00,8:03,M 40-44/14,M-44,154,51:00,58.59%
206,Jeanie Croll,"San Diego, CA",799,50:01,8:03,F 25-29/19,F-27,52,50:31,60.67%
207,Jaime Maestro,"San Diego, CA",1304,50:01,8:03,M 30-34/37,M-30,155,50:32,53.83%
208,Jamie French,"San Diego, CA",2224,50:03,8:04,F 30-34/15,F-31,53,51:22,60.69%
209,Scott French,"San Diego, CA",2225,50:03,8:04,M 30-34/38,M-31,156,51:23,53.93%
210,Mark Greenberg,"San Diego, CA",1032,50:05,8:04,M 50-54/12,M-50,157,50:09,61.32%
211,Joesph Hammack,", ",392,50:08,8:05,M NoAge/7,M-0,158,50:14, 0.00%
212,Cara Nocero,"San Diego, CA",3029,50:10,8:05,F 25-29/20,F-26,54,51:09,60.49%
213,Megan McDonnell,"San Diego, CA",1348,50:10,8:05,F 18-24/6,F-23,55,51:09,60.49%
214,Gary Rice,"San Diego, CA",2587,50:12,8:05,M 35-39/26,M-35,159,50:30,54.67%
215,Sydney Dawson,"San Diego, CA",2167,50:12,8:05,F 18-24/7,F-23,56,50:15,60.45%
216,Caryl Weir,"San Diego, CA",2730,50:12,8:05,F 45-49/1,F-48,57,50:31,66.85%
217,Matthew Slivka,"San Diego, CA",2642,50:17,8:06,M 35-39/27,M-36,160,51:58,54.91%
218,Dennis Parani,"Chula Vista, CA",1515,50:19,8:06,M 40-44/15,M-40,161,51:53,56.49%
219,Jennifer Berge,", ",586,50:19,8:06,F NoAge/1,F-0,58,50:51, 0.00%
220,Matt Cook,"Bend, OR",770,50:19,8:06,M 30-34/39,M-31,162,50:57,53.64%
221,Lindsay Kozicz,"Cardiff, CA",1208,50:19,8:06,F 25-29/21,F-27,59,50:57,60.30%
222,Scott Felgner,"Irvine, CA",931,50:20,8:06,M 25-29/32,M-26,163,50:53,53.36%
223,Marshall Reich,"Escondido, CA",2580,50:21,8:07,M 25-29/33,M-28,164,50:44,53.34%
224,Andrew Rioveros,"San Diego, CA",1612,50:26,8:07,M 18-24/7,M-22,165,51:40,53.29%
225,Tuyen Tran,"San Diego, CA",2691,50:26,8:07,F 25-29/22,F-29,60,50:55,60.17%
226,Alex Cortes,"El Cajon, CA",773,50:26,8:07,M 40-44/16,M-41,166,51:15,56.76%
227,Tony Toson,"Marietta, GA",1870,50:26,8:07,M 40-44/17,M-43,167,51:25,57.65%
228,Patti McGovern,"San Diego, CA",1353,50:29,8:08,F 35-39/5,F-38,61,52:53,61.43%
229,Danielle Behm,"San Diego, CA",2071,50:30,8:08,F 25-29/23,F-27,62,52:17,60.09%
230,Patrick Gutierrez,"San Diego, CA",2292,50:30,8:08,M 25-29/34,M-27,168,52:17,53.19%
231,Don Taylor,"El Cajon, CA",1839,50:30,8:08,M 55-59/4,M-58,169,52:41,64.97%
232,Albert Nguyen,"San Diego, CA",1461,50:31,8:08,M 30-34/40,M-31,170,51:11,53.43%
233,Kenneth Panziera,"Truckee, CA",1512,50:31,8:08,M 60-64/4,M-60,171,50:39,66.11%
234,Lisa Panziera,"Truckee, CA",1513,50:32,8:08,F 55-59/1,F-57,63,50:39,74.46%
235,Mark Friedman,"San Diego, CA",2226,50:34,8:09,M 40-44/18,M-44,172,51:37,57.93%
236,Brian Compagnone,"San Diego, CA",752,50:34,8:09,M 35-39/28,M-38,173,51:17,55.39%
237,Amaya Tannenhaus,"Chico, CA",1836,50:35,8:09,F 18-24/8,F-23,64,52:12,59.99%
238,Natalie Peterson,"Huntington Beach, CA",1531,50:37,8:09,F 18-24/9,F-22,65,50:43,59.95%
239,Montie Weisenberger,"San Diego, CA",2771,50:38,8:09,M 40-44/19,M-43,174,50:54,57.43%
240,Kristina Rohlin,"San Diego, CA",1635,50:39,8:10,F 25-29/24,F-28,66,50:50,59.89%
241,Charles Smith,"San Diego, CA",1763,50:42,8:10,M 30-34/41,M-34,175,51:05,53.83%
242,Jennifer Riordan,"San Diego, CA",2590,50:43,8:10,F 25-29/25,F-28,67,51:09,59.83%
243,Theresa Pham,"San Diego, CA",2535,50:45,8:10,F 30-34/16,F-33,68,51:30,60.05%
244,Meghan McKinney,"San Diego, CA",1359,50:45,8:10,F 25-29/26,F-28,69,50:54,59.79%
245,Mike Rooney,"Tempe, AZ",1649,50:47,8:11,M 65-69/3,M-67,176,53:26,70.06%
246,Dylan Perez,"San Diego, CA",1522,50:47,8:11,M 35-39/29,M-37,177,51:53,54.73%
247,Ian McIntyre,"Spring Valley, CA",2462,50:50,8:11,M 55-59/5,M-59,178,50:55,65.14%
248,Ricky Crowder,"Santee, CA",800,50:54,8:12,M 18-24/8,M-23,179,51:18,52.77%
249,Michelle Mucklestone,"San Diego, CA",2955,50:56,8:12,F 45-49/2,F-45,70,52:42,63.93%
250,Christopher Stotelmyer,"Redondo Beach, CA",2668,50:56,8:12,M 18-24/9,M-22,180,51:02,52.77%
251,Daniel Turchin,"Fremont, CA",2882,50:57,8:12,M 30-34/42,M-34,181,51:26,53.57%
252,David Bramzon,"San Diego, CA",2101,51:02,8:13,M 35-39/30,M-35,182,52:02,53.76%
253,Abigail Malchow,"San Diego, CA",1309,51:05,8:14,F 30-34/17,F-30,71,52:23,59.43%
254,Michael Catacutan,"San Diego, CA",709,51:05,8:14,M 30-34/43,M-30,183,51:58,52.71%
255,Donald Rogers,"San Diego, CA",2911,51:06,8:14,M 30-34/44,M-33,184,51:58,53.18%
256,Kristina Estrada,"San Francisco, CA",2200,51:06,8:14,F 25-29/27,F-28,72,51:16,59.36%
257,Erin Dunn,"San Diego, CA",875,51:08,8:14,F 30-34/18,F-32,73,51:19,59.47%
258,Mark Ennsmann,"San Diego, CA",2847,51:14,8:15,M 30-34/45,M-34,185,53:46,53.27%
259,Mary Bosker,"San Diego, CA",628,51:15,8:15,F 40-44/7,F-40,74,52:53,61.19%
260,Jeanne Hlebichuk,"San Diego, CA",1102,51:19,8:16,F 25-29/28,F-29,75,53:32,59.13%
261,Charlie Ball,"San Diego, CA",2763,51:19,8:16,M 18-24/10,M-24,186,52:48,52.34%
262,Chelsea Daoust,"San Diego, CA",2762,51:19,8:16,F 25-29/29,F-26,76,52:49,59.13%
263,Davis Nacamu,"Chula Vista, CA",1437,51:22,8:16,M 40-44/20,M-40,187,52:06,55.34%
264,Douglas Simpson,"Oceanside, CA",1748,51:23,8:17,M 35-39/31,M-35,188,52:23,53.41%
265,Miriam Jacobson,"San Diego, CA",2346,51:25,8:17,F 35-39/6,F-36,77,51:49,59.79%
266,Linda Lobbestael,"La Mesa, CA",1284,51:26,8:17,F 35-39/7,F-35,78,52:56,59.58%
267,Alan Llavore,"Upland, CA",1283,51:28,8:17,M 50-54/13,M-51,189,52:04,60.16%
268,Richard Gonzalez,"San Diego, CA",2279,51:31,8:18,M 35-39/32,M-39,190,52:37,54.76%
269,Terry Curella,"San Diego, CA",806,51:32,8:18,M 50-54/14,M-50,191,52:39,59.59%
270,Dustin Leal,"San Diego, CA",2407,51:36,8:19,M 30-34/46,M-30,192,52:10,52.18%
271,Aaron Dodell,"San Diego, CA",849,51:36,8:19,M 35-39/33,M-39,193,52:24,54.67%
272,Anna Solovieva,"San Diego, CA",2653,51:37,8:19,F 25-29/30,F-26,79,52:11,58.79%
273,Chris Hlebichuk,"San Diego, CA",1101,51:38,8:19,M 30-34/47,M-32,194,53:52,52.44%
274,Cliff Clemente,"San Diego, CA",741,51:38,8:19,M 35-39/34,M-35,195,52:24,53.15%
275,Marc Tannenhaus,"Spring Valley, CA",2678,51:39,8:19,M 60-64/5,M-62,196,53:17,65.82%
276,Ernestina Martin,", ",1318,51:39,8:19,F NoAge/2,F-0,80,51:50, 0.00%
277,Nadine Ruelas,"San Diego, CA",1659,51:39,8:19,F 50-54/1,F-50,81,51:58,66.56%
278,Chiaki Uchida,"San Diego, CA",2697,51:42,8:20,M 30-34/48,M-32,197,52:40,52.37%
279,David Eisler,"San Diego, CA",126,51:43,8:20,M 30-34/49,M-34,198,52:41,52.77%
280,Mario Barnes,"Irvine, CA",2898,51:46,8:20,M 40-44/21,M-42,199,52:25,55.72%
281,Richard Belsky,"San Diego, CA",278,51:46,8:20,M 40-44/22,M-44,200,51:51,56.59%
282,Justin Smith,"Dallas, TX",1769,51:47,8:20,M 25-29/35,M-27,201,53:46,51.87%
283,Julieann Fenstermaker,"Knoxville, TN",935,51:47,8:21,F 25-29/31,F-25,82,53:18,58.60%
284,Jennifer Singleton,"San Diego, CA",2852,51:48,8:21,F 18-24/10,F-22,83,52:13,58.58%
285,Rachel Walker,"Los Angeles, CA",1914,51:48,8:21,F 25-29/32,F-27,84,53:46,58.58%
286,Noelle Smith,"Dallas, TX",1772,51:48,8:21,F 25-29/33,F-27,85,53:46,58.58%
287,Deanna Sheehan,", ",1729,51:49,8:21,F 30-34/19,F-31,86,52:29,58.62%
288,Melinda Masonschmidt,"San Francisco, CA",2956,51:50,8:21,F 30-34/20,F-31,87,53:12,58.60%
289,Victor Groesbeck,"San Diego, CA",2830,51:52,8:21,M 13-17/6,M-17,202,53:20,54.23%
290,Mariette Padilla,"San Diego, CA",1503,51:52,8:21,F 40-44/8,F-40,88,53:00,60.46%
291,Jena Addenbrooke,"Chula Vista, CA",490,51:52,8:21,F 25-29/34,F-25,89,51:59,58.50%
292,Sinead Carew,"Brooklyn, NY",28,51:52,8:21,F 35-39/8,F-38,90,52:02,59.79%
293,Kevin Spiro,"Encinitas, CA",2948,51:53,8:21,M 18-24/11,M-24,203,52:24,51.77%
294,Victoria Kros,", ",1212,51:54,8:22,F 60-64/1,F-63,91,52:15,78.89%
295,Joanne Link,"San Diego, CA",1278,51:55,8:22,F 55-59/2,F-57,92,52:11,72.48%
296,Chris Rooney,"Tempe, AZ",1647,51:57,8:22,M 25-29/36,M-29,204,53:25,51.73%
297,Robert Poole,"Rancho Santa Fe, CA",2546,52:00,8:23,M 45-49/9,M-47,205,53:26,57.65%
298,Michelle Sit,"Rancho Santa Fe, CA",1753,52:00,8:23,F 30-34/21,F-33,93,52:16,58.61%
299,Charles Poole,"Rancho Santa Fe, CA",2544,52:01,8:23,M 13-17/7,M-17,206,53:27,54.07%
300,Joanne Hein,"San Diego, CA",1089,52:02,8:23,F 55-59/3,F-58,94,59:27,73.31%
301,Claudia Cardenas,"SAN DIEGO, CA",3814,52:03,8:23,F 13-17/2,F-17,95,53:13,59.55%
302,Karen Remmes,"La Mesa, CA",3859,52:03,8:23,F 50-54/2,F-52,96,52:20,67.71%
303,Herb Hein,"San Diego, CA",1088,52:03,8:23,M 55-59/6,M-57,207,59:29,62.52%
304,Susanne Torre,"San Diego, CA",1868,52:08,8:24,F 35-39/9,F-37,97,52:11,59.19%
305,Jeremy Spitzberg,"San Diego, CA",1783,52:10,8:24,M 35-39/35,M-39,208,52:20,54.07%
306,Clark Harris,"Escondido, CA",1076,52:10,8:24,M 35-39/36,M-39,209,52:32,54.07%
307,Jordan Hollenbeck,"San Diego, CA",1113,52:11,8:24,M 30-34/50,M-32,210,52:34,51.88%
308,Beth Chambers,"San Diego, CA",3061,52:12,8:24,F 30-34/22,F-34,98,54:03,58.51%
309,Laura Preisman,"San Diego, CA",284,52:12,8:25,F 35-39/10,F-39,99,52:21,59.73%
310,Kim Lam,"San Diego, CA",2397,52:14,8:25,F 13-17/3,F-16,100,53:40,60.10%
311,Vickie Petix,"La Mesa, CA",227,52:16,8:25,F 45-49/3,F-47,101,52:36,63.51%
312,Natalee Laughter,"La Mesa, CA",226,52:17,8:25,F 18-24/11,F-23,102,52:37,58.04%
313,Audrey Ruland,"Bonita, CA",1660,52:18,8:25,F 45-49/4,F-48,103,52:49,64.17%
314,Randi Dunn,"San Diego, CA",3888,52:18,8:26,F 35-39/11,F-35,104,52:49,58.59%
315,Rebecca Judd,"El Cajon, CA",2367,52:22,8:26,F 18-24/12,F-20,105,52:29,57.98%
316,Jordan Guzzardo,"San Diego, CA",1063,52:27,8:27,M 30-34/51,M-32,211,54:38,51.62%
317,Michelle Dorrough,"Hemet, CA",855,52:27,8:27,F 40-44/9,F-41,106,52:55,60.14%
318,Thomas Rose,"Carlsbad, CA",1651,52:31,8:27,M 55-59/7,M-59,212,52:55,63.05%
319,Jason Felix,"San Diego, CA",932,52:32,8:28,M 25-29/37,M-29,213,52:42,51.16%
320,Heidi Dunstheimer,"San Diego, CA",877,52:32,8:28,F 35-39/12,F-35,107,52:42,58.33%
321,Philipp Bosshart,"San Diego, CA",2934,52:32,8:28,M 35-39/37,M-39,214,54:05,53.70%
322,Sarah Greenlee,"San Diego, CA",1037,52:33,8:28,F 25-29/35,F-27,108,53:43,57.74%
323,Erik Greenlee,"San Diego, CA",1036,52:33,8:28,M 30-34/52,M-31,215,53:43,51.36%
324,Carlo Del Frate,"San Diego, CA",2171,52:34,8:28,M 35-39/38,M-39,216,53:17,53.66%
325,Mark Manasse,"San Diego, CA",2438,52:35,8:28,M 35-39/39,M-35,217,54:18,52.19%
326,Miho Naruse,"San Diego, CA",1445,52:36,8:28,F 45-49/5,F-46,109,53:55,62.47%
327,Cynthia Janetka,"San Diego, CA",1140,52:37,8:28,F 35-39/13,F-36,110,53:51,58.43%
328,Larry Pryor,", ",3869,52:37,8:29,M 60-64/6,M-63,218,54:10,65.18%
329,Scott Johnston,"SOLANA BEACH, CA",3824,52:37,8:29,M 45-49/10,M-48,219,54:39,57.45%
330,Nicholas Mace,"San Diego, CA",2433,52:37,8:29,M 30-34/53,M-33,220,53:46,51.65%
331,James Kmet,"San Diego, CA",2382,52:38,8:29,M 18-24/12,M-24,221,53:59,51.03%
332,Kari McCloskey,", ",1339,52:40,8:29,F NoAge/3,F-0,111,53:45, 0.00%
333,Travis Wade,"Bonita, CA",1905,52:40,8:29,M 35-39/40,M-39,222,1:01:26,53.56%
334,Jason Gshwandtner,"Panama City B, FL",2793,52:42,8:29,M 35-39/41,M-35,223,54:03,52.07%
335,Shannon Duley,"San Diego, CA",2846,52:43,8:30,F 35-39/14,F-35,112,55:13,58.13%
336,Chad McCollum,"Glendale, AZ",2848,52:44,8:30,M 25-29/38,M-28,224,55:13,50.93%
337,Eric Nager,"El Cajon, CA",1438,52:46,8:30,M 45-49/11,M-47,225,53:34,56.81%
338,Gavin Palma,", ",1507,52:47,8:30,M NoAge/8,M-0,226,53:03, 0.00%
339,Tim Dunbar,", ",871,52:50,8:31,M NoAge/9,M-0,227,54:24, 0.00%
340,Mark Rooney,"Tempe, AZ",1648,52:56,8:32,M 30-34/54,M-34,228,54:24,51.56%
341,Andrew Beasley,"San Diego, CA",567,52:57,8:32,M 25-29/39,M-26,229,53:10,50.72%
342,Michael Harvey,"Chula Vista, CA",2958,53:01,8:32,M 60-64/7,M-62,230,53:41,64.12%
343,Jose Murillo,"San Diego, CA",1430,53:03,8:33,M 50-54/15,M-50,231,53:32,57.89%
344,Vilma McGarry,"San Diego, CA",2458,53:03,8:33,F 40-44/10,F-40,113,53:16,59.11%
345,Emma Chiu,"Palo Alto, CA",728,53:07,8:33,F 13-17/4,F-14,114,53:33,60.67%
346,Arden Fredeking,"Washington, DC",2953,53:07,8:33,F 25-29/36,F-29,115,55:40,57.12%
347,Ron Craighead,"El Cajon, CA",787,53:08,8:33,M 40-44/23,M-41,232,53:28,53.88%
348,Hannah Engholm,"Escondido, CA",220,53:08,8:33,F 18-24/13,F-24,116,53:41,57.11%
349,Laurel Anderson,"Escondido, CA",218,53:08,8:33,F 45-49/6,F-49,117,53:42,63.88%
350,Jeanette Cantor,"San Diego, CA",691,53:08,8:33,F 30-34/23,F-33,118,53:14,57.36%
351,David Borts,"Rancho Santa Fe, CA",26,53:10,8:34,M 40-44/24,M-44,233,53:22,55.10%
352,Jose Murillo,"San Diego, CA",1431,53:11,8:34,M 13-17/8,M-13,234,53:41,56.77%
353,Erika Kennedy,"Lemon Grove, CA",2375,53:13,8:34,F 30-34/24,F-33,119,54:19,57.27%
354,Elizabeth Wallace,"San Diego, CA",1916,53:13,8:34,F 35-39/15,F-38,120,54:47,58.27%
355,Tommy Mendoza,"Vista, CA",1375,53:17,8:35,M 18-24/13,M-23,235,54:39,50.41%
356,Riaz Ladhabhoy,"San Francisco, CA",2395,53:18,8:35,M 35-39/42,M-37,236,55:39,52.14%
357,James Streit,"San Diego, CA",1814,53:18,8:35,M 45-49/12,M-49,237,54:02,57.15%
358,Sylvie Greenberg,"Los Angeles, CA",1034,53:20,8:35,F 18-24/14,F-22,121,53:47,56.89%
359,Lourdes Barnes,"Chula Vista, CA",2930,53:20,8:35,F 50-54/3,F-50,122,53:29,64.44%
360,Beth Chambers,"San Diego, CA",3063,53:23,8:36,F 30-34/25,F-34,123,55:12,57.21%
361,Beth Cross,"Lakeside, CA",2151,53:24,8:36,F 35-39/16,F-38,124,55:27,58.07%
362,Lowell Anderson,"Escondido, CA",219,53:24,8:36,M 45-49/13,M-49,238,53:58,57.04%
363,Michael Browne,"Temecula, CA",2107,53:26,8:36,M 45-49/14,M-49,239,54:44,57.00%
364,Miriam Maya,"San Diego, CA",130,53:27,8:37,F 25-29/37,F-28,125,54:25,56.77%
365,Leon Toson,"San Diego, CA",1869,53:28,8:37,M 35-39/43,M-37,240,54:30,51.98%
366,Larry Kaufman,"Del Mar, CA",2373,53:28,8:37,M 50-54/16,M-51,241,53:49,57.90%
367,Beth Chambers,"San Diego, CA",3064,53:28,8:37,F 30-34/26,F-34,126,55:19,57.13%
368,Paul Guidaboni,"San Diego, CA",1054,53:29,8:37,M 40-44/25,M-41,242,55:20,53.52%
369,Jeff Strnad,"San Diego, CA",1815,53:30,8:37,M 30-34/55,M-31,243,54:23,50.45%
370,Brett Michel,"El Cajon, CA",1381,53:30,8:37,M 13-17/9,M-14,244,55:24,55.22%
371,Daniel Drayne,"Coronado, CA",2895,53:30,8:37,M 50-54/17,M-52,245,54:59,58.34%
372,Shannon Gibbons,"La Jolla, CA",2265,53:31,8:37,F 35-39/17,F-36,127,54:04,57.45%
373,Joel Baranski,"San Diego, CA",2052,53:31,8:37,M 50-54/18,M-51,246,53:59,57.85%
374,Brigid Schmidt,"Playa Vista, CA",1706,53:31,8:37,F 25-29/38,F-26,128,55:00,56.70%
375,Jacob Prince,"Poway, CA",1565,53:33,8:37,M 13-17/10,M-13,247,55:26,56.38%
376,Jennifer Jarvie,"San Diego, CA",1141,53:35,8:38,F 18-24/15,F-24,129,55:30,56.63%
377,Michaela Casey,"San Diego, CA",2985,53:36,8:38,F 25-29/39,F-27,130,54:14,56.61%
378,Marcella Fierro,"San Diego, CA",940,53:38,8:38,F 35-39/18,F-39,131,53:57,58.13%
379,Chelsea Provenzano,"Poway, CA",1570,53:41,8:39,F 18-24/16,F-23,132,55:35,56.52%
380,Ralph Preston,"Imperial Bch, CA",2767,53:41,8:39,M 35-39/44,M-35,248,53:57,51.12%
381,Nina Leinvall,"San Diego, CA",3010,53:43,8:39,F 30-34/27,F-33,133,54:50,56.73%
382,Hideyuki Nakayama,"San Diego, CA",1442,53:45,8:39,M 30-34/56,M-32,249,54:34,50.37%
383,Allison Lawrence,"San Diego, CA",2780,53:52,8:41,F 18-24/17,F-23,134,55:48,56.33%
384,Leslie Morsek,"San Diego, CA",1407,53:56,8:41,F 30-34/28,F-33,135,54:21,56.51%
385,Ethan Gillespie,"San Diego, CA",2266,53:57,8:41,M 30-34/57,M-33,250,56:10,50.37%
386,Whitney McCreary,"San Diego, CA",1345,54:00,8:42,F 35-39/19,F-35,136,55:16,56.73%
387,Shawn Harrison,"San Diego, CA",2311,54:01,8:42,M 35-39/45,M-38,251,54:20,51.85%
388,Morgan Da Costa,"San Diego, CA",2162,54:02,8:42,F 25-29/40,F-25,137,54:33,56.16%
389,Srikanth Vasireddi,"San Diego, CA",1893,54:13,8:44,M 25-29/40,M-28,252,55:26,49.54%
390,Dennis Sass,"San Diego, CA",2615,54:14,8:44,M 65-69/4,M-65,253,55:37,64.40%
391,Layla Bartroff,", ",559,54:14,8:44,F 25-29/41,F-27,138,55:13,55.95%
392,Brendan Applegate,"San Diego, CA",523,54:16,8:44,M 30-34/58,M-32,254,56:07,49.89%
393,Andrew Vaughn,"Carlsbad, CA",2715,54:16,8:44,M 45-49/15,M-46,255,55:51,54.81%
394,Marissa Applegate,"San Diego, CA",524,54:17,8:45,F 30-34/29,F-32,139,56:07,56.02%
395,Christina Bremer,"San Diego, CA",651,54:18,8:45,F 35-39/20,F-36,140,54:20,56.62%
396,Steve Jean,"San Diego, CA",2354,54:20,8:45,M 30-34/59,M-32,256,55:24,49.83%
397,Heather Reyes,"San Diego, CA",1602,54:20,8:45,F 35-39/21,F-38,141,55:27,57.07%
398,Randy Reyes,"San Diego, CA",516,54:20,8:45,M 50-54/19,M-50,257,55:28,56.52%
399,Michael Dempsey,"San Francisco, CA",2173,54:25,8:46,M 45-49/16,M-46,258,55:02,54.66%
400,Jennifer Gattey,"San Diego, CA",999,54:25,8:46,F 35-39/22,F-37,142,55:01,56.71%
401,Kevin De La Torre,"Alpine, CA",2169,54:28,8:46,M 50-54/20,M-50,259,54:56,56.38%
402,Andrew Poole,"Rancho Santa Fe, CA",2543,54:28,8:46,M 01-12/2,M-12,260,54:39,56.84%
403,Bonnie Sturgill,"Stone Mountain, GA",1821,54:29,8:46,F 50-54/4,F-51,143,55:01,63.86%
404,Becky Quach,"San Diego, CA",790,54:29,8:47,F 30-34/30,F-32,144,55:32,55.81%
405,Brian Mangan,"San Diego, CA",2440,54:30,8:47,M 30-34/60,M-31,261,56:28,49.53%
406,Kate Munter,"San Diego, CA",1425,54:32,8:47,F 35-39/23,F-36,145,54:58,56.37%
407,Nicole Lee,"Riverside, CA",2775,54:32,8:47,F 18-24/18,F-20,146,55:23,55.67%
408,Michelle Speegle,"El Cajon, CA",2945,54:33,8:47,F 40-44/11,F-42,147,56:52,58.25%
409,Holly Cantua,"San Diego, CA",2774,54:34,8:47,F 25-29/42,F-28,148,55:23,55.61%
410,Melanie Ladhabhoy,"San Francisco, CA",2394,54:34,8:47,F 30-34/31,F-31,149,56:50,55.67%
411,Andi Milburn,"San Diego, CA",2482,54:36,8:48,F 35-39/24,F-35,150,55:47,56.12%
412,John Raines,"San Diego, CA",1584,54:36,8:48,M 40-44/26,M-44,262,55:47,53.65%
413,Craig Combs,"San Diego, CA",750,54:38,8:48,M 40-44/27,M-42,263,55:00,52.79%
414,Jeff Galford,"Carlsbad, CA",2821,54:39,8:48,M 25-29/41,M-29,264,54:57,49.18%
415,Dawn Michel,"El Cajon, CA",1382,54:39,8:48,F 35-39/25,F-38,151,56:35,56.74%
416,Rosie Frausto,"Carlsbad, CA",2822,54:41,8:49,F 30-34/32,F-33,152,55:00,55.73%
417,Marisa Gillespie,"San Diego, CA",2267,54:42,8:49,F 30-34/33,F-32,153,56:53,55.59%
418,Jennifer Cook,"Murrieta, CA",769,54:43,8:49,F 40-44/12,F-40,154,55:12,57.31%
419,Elizabeth Leis,"Rancho Santa Fe, CA",1268,54:46,8:49,F 25-29/43,F-28,155,54:59,55.40%
420,John Swanson,"La Mesa, CA",2923,54:47,8:49,M 55-59/8,M-56,265,55:36,58.89%
421,Israel Castillo,"San Diego, CA",2128,54:47,8:49,M 40-44/28,M-41,266,1:00:18,52.25%
422,Scott Roesch,"San Diego, CA",1631,54:49,8:50,M 40-44/29,M-44,267,56:28,53.44%
423,Cathie Croft,"Tucson, AZ",795,54:52,8:50,F 40-44/13,F-43,156,57:26,58.34%
424,Nicole Eppley,"La Jolla, OH",2191,54:54,8:50,F 30-34/34,F-31,157,55:13,55.33%
425,Andrea Hardy,"San Diego, CA",2301,54:55,8:51,F 13-17/5,F-15,158,55:19,57.89%
426,Michael Berg,"San Diego, CA",585,55:01,8:52,M 55-59/9,M-55,268,57:17,58.15%
427,John Lally,"Imperial Beach, CA",1238,55:02,8:52,M 40-44/30,M-43,269,55:10,52.83%
428,Josh Cross,"Lakeside, CA",2153,55:04,8:52,M 13-17/11,M-16,270,57:08,51.77%
429,Darius Diemintas,"San Diego, CA",843,55:05,8:52,M 18-24/14,M-23,271,56:18,48.76%
430,Sean Sinnigen,"San Diego, CA",1752,55:07,8:53,F 18-24/19,F-20,159,57:25,55.08%
431,Joe Greenblatt,"San Diego, CA",1035,55:08,8:53,M 50-54/21,M-53,272,56:05,57.06%
432,Lindsey Negrete,"Coronado, CA",2503,55:08,8:53,F 18-24/20,F-23,160,55:57,55.03%
433,Roy Fenstermaker,"Knoxville, TN",937,55:10,8:53,M 65-69/5,M-66,273,56:43,63.89%
434,Katie Holleback,"San Diego, CA",1110,55:10,8:53,F 30-34/35,F-34,161,56:07,55.36%
435,Craig Durham,"Escondido, CA",880,55:12,8:53,M 40-44/31,M-44,274,56:34,53.07%
436,Michelle Moore,"San Diego, CA",1398,55:12,8:53,F 45-49/7,F-48,162,57:28,60.80%
437,Megan Carter,"San Diego, CA",699,55:12,8:53,F 35-39/26,F-39,163,55:35,56.48%
438,Linda Skemp,"San Diego, CA",3003,55:13,8:54,F 30-34/36,F-33,164,56:17,55.19%
439,Conway Wong,"San Diego, CA",2746,55:16,8:54,M 25-29/42,M-29,275,56:54,48.63%
440,Chris Gibbons,"San Diego, CA",1014,55:20,8:55,M 30-34/61,M-33,276,56:14,49.11%
441,Dana Ryan,"San Diego, CA",1665,55:21,8:55,F 35-39/27,F-39,165,57:39,56.33%
442,Nate Taylor,"El Cajon, CA",1842,55:23,8:55,M 30-34/62,M-31,277,57:55,48.74%
443,Mike Erlanson,"San Diego, CA",903,55:25,8:55,M 35-39/46,M-37,278,57:39,50.15%
444,Chuck Samples,"San Diego, CA",2820,55:27,8:56,M 55-59/10,M-58,279,55:30,59.17%
445,Gary Frost,"Solana Beach, CA",41,55:27,8:56,M 70-99/1,M-70,280,55:35,66.18%
446,Matthew Hutnick,"San Diego, CA",2790,55:28,8:56,M 45-49/17,M-49,281,57:06,54.91%
447,Monica Manning,"San Diego, CA",2441,55:31,8:56,F 25-29/44,F-28,166,56:12,54.65%
448,Tina Pryor,", ",3864,55:31,8:56,F 50-54/5,F-53,167,57:03,64.29%
449,Rich McClanahan,"Santee, CA",1335,55:31,8:57,M 45-49/18,M-46,282,55:50,53.57%
450,Sarah Dubois,"San Diego, CA",863,55:32,8:57,F 30-34/37,F-33,168,56:17,54.88%
451,Chris Guerrero,", ",3675,55:32,8:57,M 18-24/15,M-22,283,57:48,48.39%
452,Lisa Bolger,"San Diego, CA",621,55:33,8:57,F 40-44/14,F-40,169,57:48,56.45%
453,Kristi Wilson,"San Diego, CA",1962,55:33,8:57,F 35-39/28,F-37,170,57:26,55.55%
454,Eric Hollenbeck,"Chula Vista, CA",1112,55:34,8:57,M 30-34/63,M-32,284,56:06,48.72%
455,Gabriel Egalbuto,", ",3879,55:36,8:57,M NoAge/10,M-0,285,56:59, 0.00%
456,Donnie Dabbs,"Bonsall, CA",2998,55:39,8:58,M 45-49/19,M-49,286,58:16,54.73%
457,Lisa Iverson,"San Diego, CA",1135,55:42,8:58,F 40-44/15,F-41,171,56:33,56.63%
458,Ellen Speert,"Encinitas, CA",2656,55:45,8:59,F 60-64/2,F-61,172,56:22,71.35%
459,Ida Wong-Sefidan,"San Diego, CA",2748,55:46,8:59,F 30-34/38,F-31,173,57:22,54.47%
460,Robert Thomson,"San Diego, CA",1852,55:47,8:59,M 45-49/20,M-48,287,55:47,54.18%
461,Morgan Hatch,"San Diego, CA",2320,55:48,8:59,M 13-17/12,M-16,288,57:42,51.09%
462,Tracy Althof,"El Cajon, CA",501,55:50,9:00,F 40-44/16,F-42,174,56:09,56.91%
463,Jon Wilensky Md,"San Diego, CA",1946,55:51,9:00,M 35-39/47,M-36,289,57:53,49.43%
464,Laurie Livesay,"Escondido, CA",1281,55:52,9:00,F 50-54/6,F-53,175,57:58,63.89%
465,Payton Hatch,"San Diego, CA",2321,55:52,9:00,M 13-17/13,M-14,290,57:47,52.88%
466,Adele Richert,"San Diego, CA",1607,55:54,9:00,F 65-69/1,F-68,176,58:37,79.06%
467,Beth Chambers,"San Diego, CA",3062,55:54,9:00,F 30-34/39,F-34,177,57:43,54.64%
468,Ignacio Olivares,"La Mesa, CA",2995,55:54,9:00,M 30-34/64,M-33,291,57:42,48.61%
469,Alison Maedge,"San Diego, CA",1303,55:57,9:01,F 25-29/45,F-28,178,57:40,54.23%
470,Liz Mooney,"San Diego, CA",1397,55:58,9:01,F 35-39/29,F-39,179,56:40,55.70%
471,Emelyn Cortes,"San Diego, CA",775,56:00,9:01,F 30-34/40,F-34,180,56:54,54.54%
472,Jennifer Timmons,"San Diego, CA",2686,56:02,9:01,F 30-34/41,F-32,181,56:36,54.27%
473,Wendy Eichenbaum,"San Diego, CA",888,56:03,9:02,F 40-44/17,F-41,182,56:40,56.28%
474,Marcus Jones,"Chula Vista, CA",2792,56:03,9:02,M 40-44/32,M-40,292,56:46,50.71%
475,Jennifer Jones,"Chula Vista, CA",2791,56:03,9:02,F 35-39/30,F-37,183,56:46,55.06%
476,Bruce Farmer,"San Diego, CA",927,56:03,9:02,M 45-49/21,M-48,293,58:47,53.91%
477,Cordon Phillips,"San Diego, CA",1533,56:04,9:02,M 30-34/65,M-30,294,57:28,48.02%
478,Dan Ackerman,"S Pasadena, CA",2015,56:04,9:02,M 35-39/48,M-38,295,57:08,49.96%
479,Tania Castaneda,"San Diego, CA",703,56:05,9:02,F 30-34/42,F-34,184,57:45,54.46%
480,Meghan Sardo,"Encinitas, CA",1681,56:05,9:02,F 35-39/31,F-35,185,56:25,54.64%
481,Laura Greupner,"Encinitas, CA",1042,56:05,9:02,F 35-39/32,F-35,186,56:25,54.64%
482,Diane Gerry,"San Diego, CA",1007,56:06,9:02,F 25-29/46,F-28,187,56:26,54.09%
483,Margaret Hipwell,"El Cajon, CA",2975,56:07,9:02,F 25-29/47,F-28,188,56:27,54.07%
484,Patrick O'Brien,"Pagosa Springs, CO",2514,56:07,9:02,M 40-44/33,M-41,296,57:11,51.01%
485,Lisa Neal,"La Mesa, CA",1449,56:07,9:02,F 40-44/18,F-42,189,56:25,56.63%
486,Liam O'Brien,"Pagosa Springs, CO",2513,56:07,9:02,M 13-17/14,M-13,297,57:11,53.80%
487,Scarlett Baily,"Brooklyn, NY",543,56:08,9:02,F 25-29/48,F-25,190,56:51,54.05%
488,Monica Avakian,"San Diego, CA",532,56:09,9:03,F 45-49/8,F-45,191,57:11,57.99%
489,Michele Connor,"San Diego, CA",2143,56:11,9:03,F 18-24/21,F-24,192,58:13,54.01%
490,Jason Munroe,"San Diego, CA",2499,56:14,9:03,M 35-39/49,M-35,298,58:35,48.80%
491,Sue Hodges,"San Diego, CA",1107,56:17,9:04,F 60-64/3,F-61,193,56:27,70.68%
492,Timothy Keegan,"Vista, CA",2989,56:17,9:04,M 30-34/66,M-31,299,58:13,47.96%
493,Adam Riggs-Zeigen,"San Diego, CA",1610,56:17,9:04,M 30-34/67,M-34,300,57:43,48.49%
494,Ken Satterlee,"La Jolla, CA",1686,56:18,9:04,M 18-24/16,M-22,301,58:07,47.73%
495,Julia Barry,"San Diego, CA",476,56:19,9:04,F 25-29/49,F-27,194,59:04,53.88%
496,Natalia Contreras,"San Diego, CA",765,56:19,9:04,F 25-29/50,F-25,195,57:49,53.88%
497,Ann Wright,"San Diego, CA",1980,56:20,9:04,F 30-34/43,F-32,196,57:14,53.98%
498,Jennifer Ward,"San Diego, CA",1917,56:20,9:04,F 25-29/51,F-29,197,56:34,53.86%
499,Deana Casale,"San Diego, CA",701,56:22,9:05,F 30-34/44,F-31,198,56:35,53.89%
500,Kyle Jeske,"Tampa, FL",2358,56:25,9:05,M 25-29/43,M-25,302,57:00,47.61%
501,Julia Kitts,"San Diego, CA",2960,56:28,9:06,F 40-44/19,F-42,199,57:45,56.27%
502,Grace Palma,", ",1508,56:28,9:06,F NoAge/4,F-0,200,56:45, 0.00%
503,Moises Martinez,"SAN DIEGO, CA",3687,56:29,9:06,M 35-39/50,M-36,303,1:00:41,48.88%
504,Andrew Chellinsky,"San Diego, CA",720,56:29,9:06,M 25-29/44,M-29,304,57:40,47.58%
505,Beverly Coalson,"San Diego, CA",2947,56:34,9:07,F 65-69/2,F-65,201,56:59,74.57%
506,Daniel Davis,"San Diego, CA",2838,56:36,9:07,M 30-34/68,M-31,305,58:56,47.69%
507,Alison Pope,"San Diego, CA",2548,56:37,9:07,F 35-39/33,F-39,202,57:00,55.06%
508,Nicholas Mercurio,"San Diego, CA",2476,56:39,9:07,M 25-29/45,M-27,306,57:14,47.41%
509,Katie Van Es,"Cardiff, CA",1890,56:39,9:08,F 25-29/52,F-29,203,56:44,53.56%
510,Dan Chapman,"Cardiff, CA",717,56:40,9:08,M 30-34/69,M-33,307,56:45,47.96%
511,Kelsey Wright,"San Diego, CA",2751,56:42,9:08,F 18-24/22,F-24,204,58:42,53.51%
512,Matthew Nguyen,"San Diego, CA",1463,56:42,9:08,M 18-24/17,M-19,308,58:09,48.40%
513,Kylie Greika,"San Diego, CA",1039,56:43,9:08,F 25-29/53,F-25,205,57:28,53.50%
514,Adam Breslow,"San Diego, CA",655,56:44,9:08,M 50-54/22,M-50,309,57:17,54.13%
515,Ted Breslow,"San Diego, CA",656,56:45,9:08,M 18-24/18,M-18,310,57:17,48.94%
516,Mike Webb,", ",1927,56:47,9:09,M NoAge/11,M-0,311,57:24, 0.00%
517,Henry Flynn,"Santee, CA",2216,56:47,9:09,M 30-34/70,M-32,312,57:14,47.68%
518,Kristen Aurigemma,"San Diego, CA",531,56:47,9:09,F 25-29/54,F-29,206,57:10,53.44%
519,Crystal Cooper,"Canyon Country, CA",771,56:47,9:09,F 45-49/9,F-49,207,57:10,59.78%
520,Jim Pritchard,"El Cajon, CA",2556,56:48,9:09,M 45-49/22,M-49,313,57:15,53.62%
521,Guy Fischman,"San Diego, CA",945,56:48,9:09,M 25-29/46,M-25,314,57:30,47.28%
522,Brooks Herman,"San Diego, CA",44,56:52,9:10,M 35-39/51,M-36,315,57:04,48.55%
523,Andrew Thumsuden,"El Cajon, CA",1857,56:52,9:10,M 18-24/19,M-24,316,59:23,47.23%
524,Arthur Hanby Jr,"San Diego, CA",1072,56:54,9:10,M 60-64/8,M-64,317,58:37,60.83%
525,Sheryl Nichols,", ",1464,56:58,9:10,F 50-54/7,F-50,208,58:39,60.35%
526,Ian Mays,"San Diego, CA",1330,56:59,9:11,M 13-17/15,M-16,318,57:43,50.03%
527,Kristin Freeman,"San Diego, CA",969,57:02,9:11,F 40-44/20,F-42,209,58:41,55.71%
528,Jordan Barnett,"San Diego, CA",549,57:04,9:12,M 25-29/47,M-29,319,58:20,47.09%
529,Ryan Janis,"San Diego, CA",2348,57:05,9:12,M 30-34/71,M-33,320,57:42,47.61%
530,Steph Dawes,"La Jolla, CA",818,57:10,9:12,F 18-24/23,F-24,210,57:50,53.08%
531,Casey Granstedt,"Lemon Grove, CA",1025,57:12,9:13,F 18-24/24,F-21,211,58:44,53.05%
532,Gloria King,", ",3890,57:16,9:13,F 35-39/34,F-39,212,57:56,54.44%
533,Tracey Ditto,"San Diego, CA",464,57:18,9:14,F 18-24/25,F-23,213,58:51,52.95%
534,Maggie Cascio,"San Diego, CA",459,57:19,9:14,F 40-44/21,F-40,214,58:51,54.71%
535,Kyle Croft,"Tucson, AZ",796,57:20,9:14,M 25-29/48,M-25,321,59:52,46.85%
536,Karla Lopez,", ",3686,57:21,9:14,F 30-34/45,F-32,215,1:01:33,53.02%
537,Crystal Dirks,"Encinitas, CA",688,57:23,9:15,F 25-29/55,F-28,216,58:38,52.88%
538,David Hughes,", ",821,57:24,9:15,M 18-24/20,M-23,322,57:48,46.79%
539,Jessica Lawler,"San Diego, CA",2402,57:26,9:15,F 25-29/56,F-27,217,58:13,52.83%
540,Timothy Lawler,"San Diego, CA",2403,57:28,9:15,M 25-29/49,M-28,323,58:14,46.74%
541,Glenda Blumenthal,"San Diego, CA",2091,57:30,9:16,F 35-39/35,F-36,218,58:04,53.46%
542,Mayra Ramirez,"Imperial Beach, CA",3033,57:30,9:16,F 18-24/26,F-24,219,59:42,52.77%
543,Heather Reed,"San Diego, CA",2824,57:30,9:16,F 25-29/57,F-26,220,58:25,52.77%
544,Kristine Legaspi,"Chula Vista, CA",1265,57:32,9:16,F 35-39/36,F-35,221,59:36,53.26%
545,Philip Jones,"San Diego, CA",1157,57:34,9:16,M 50-54/23,M-53,324,59:11,54.65%
546,Jenica Baty,"Novi, MI",560,57:34,9:16,F 25-29/58,F-26,222,58:30,52.71%
547,Jessica Porter,"San Diego, CA",1556,57:39,9:17,F 35-39/37,F-36,223,58:39,53.33%
548,Fernanda Figueroa,"Chula Vista, CA",3014,57:40,9:17,F 30-34/46,F-30,224,59:59,52.65%
549,Jennifer Bratcher,"San Diego, CA",644,57:42,9:18,F 30-34/47,F-33,225,59:18,52.82%
550,Andrew Elstob,"San Diego, CA",896,57:43,9:18,M 30-34/72,M-31,325,59:45,46.76%
551,D Scott Barber,"San Diego, CA",548,57:45,9:18,M 40-44/34,M-42,326,1:00:08,49.94%
552,Rob Prince,"Poway, CA",1568,57:46,9:18,M 50-54/24,M-52,327,59:46,54.03%
553,David Lichtenstein,"San Diego, CA",2417,57:48,9:19,M 25-29/50,M-29,328,1:00:19,46.50%
554,Kimberly Bondad,"San Diego, CA",623,57:49,9:19,F 25-29/59,F-28,226,58:30,52.48%
555,Elizabeth Cholasky,"Santa Barbara, CA",712,57:50,9:19,F 55-59/4,F-55,227,58:36,63.33%
556,Jacob Vrbas,"Oak Harbor, WA",1902,57:52,9:19,M 30-34/73,M-31,329,58:35,46.64%
557,Michelle Vrbas,"San Diego, CA",1903,57:53,9:19,F 30-34/48,F-31,228,58:35,52.48%
558,Chris Dulnikowski,"San Diego, CA",869,57:55,9:20,F 40-44/22,F-43,229,58:26,55.27%
559,Tivoli Parker,"San Diego, CA",2936,57:56,9:20,F 25-29/60,F-25,230,58:06,52.37%
560,Sharon Singleton,"San Diego, CA",2853,57:57,9:20,F 50-54/8,F-52,231,58:37,60.82%
561,Noelle Jouglet,"San Diego, CA",1162,57:59,9:20,F 25-29/61,F-28,232,1:00:13,52.33%
562,Ryan McCreary,"El Cajon, CA",1344,58:03,9:21,M 35-39/52,M-35,330,59:20,47.27%
563,Jc Thomas,"Solana Beach, CA",1850,58:04,9:21,M 40-44/35,M-42,331,1:00:16,49.67%
564,Greta Granstedt,"Lemon Grove, CA",1027,58:05,9:21,F 25-29/62,F-26,233,59:41,52.24%
565,Arlen Correa,"San Diego, CA",772,58:07,9:22,M 25-29/51,M-27,332,1:00:20,46.21%
566,Liberty Palanca,"San Diego, CA",1506,58:16,9:23,F 30-34/49,F-30,234,59:07,52.10%
567,Monique Jouglet,"San Diego, CA",1161,58:16,9:23,F 30-34/50,F-30,235,1:00:33,52.10%
568,Sue Pickard,"Buffalo Grove, IL",1537,58:16,9:23,F 55-59/5,F-56,236,1:00:05,63.72%
569,Elizabeth Wilson,"Los Angeles, CA",1961,58:18,9:23,F 30-34/51,F-33,237,59:41,52.27%
570,Rebecca Spitzer,"San Diego, CA",341,58:18,9:23,F 25-29/63,F-25,238,58:18,52.04%
571,Amber Stewart,", ",1802,58:19,9:23,F 18-24/27,F-22,239,59:33,52.03%
572,Jamie Knoblett,", ",3891,58:19,9:24,F 30-34/52,F-30,240,1:00:31,52.06%
573,Sandy Welch,", ",3827,58:19,9:24,F 35-39/38,F-35,241,1:00:53,52.54%
574,Lucia Stone,", ",1813,58:19,9:24,F 50-54/9,F-50,242,59:33,58.95%
575,Amy Victor,", ",2721,58:19,9:24,F 25-29/64,F-28,243,59:33,52.03%
576,Alice Trowbridge,"San Diego, CA",1873,58:21,9:24,F 40-44/23,F-42,244,1:00:55,54.46%
577,Tanya Fischesser,"La Jolla, CA",944,58:22,9:24,F 30-34/53,F-32,245,1:00:54,52.10%
578,Brian Fischesser,"La Jolla, CA",943,58:23,9:24,M 25-29/52,M-29,333,1:00:54,46.03%
579,Stacey Sultar,"San Diego, CA",1827,58:23,9:24,F 45-49/10,F-46,246,1:00:12,56.28%
580,Lindsey Burtrand,", ",3872,58:24,9:24,F 18-24/28,F-22,247,59:20,51.96%
581,Jasmine Ko,"Chula Vista, CA",1204,58:25,9:25,F 30-34/54,F-30,248,1:00:47,51.97%
582,Stephanie Van Sloten,"San Diego, CA",2706,58:25,9:25,F 30-34/55,F-30,249,59:04,51.95%
583,Mario Ortiz,"San Diego, CA",2521,58:26,9:25,M 18-24/21,M-23,334,58:39,45.96%
584,Jessica Filoramo,"Solana Beach, CA",2210,58:28,9:25,F 25-29/65,F-29,250,59:07,51.90%
585,Leslie Peariso,"SANTEE, CA",3806,58:28,9:25,F 55-59/6,F-58,251,59:02,65.24%
586,Mike Ryan,"El Cajon, CA",2606,58:30,9:25,M 55-59/11,M-59,335,58:46,56.60%
587,Derek Masar,"San Diego, CA",2449,58:32,9:26,M 30-34/74,M-31,336,59:35,46.11%
588,Karianne Scheevel,"Bonita, CA",2932,58:32,9:26,F 35-39/39,F-37,252,59:35,52.72%
589,Shannon Catalano,"San Diego, CA",3017,58:34,9:26,F 35-39/40,F-36,253,59:14,52.48%
590,Jackie Stuart,"Carlsbad, CA",2966,58:37,9:26,F 35-39/41,F-39,254,59:58,53.19%
591,Nichol Miller,"Poway, CA",1387,58:38,9:27,F 30-34/56,F-33,255,59:43,51.98%
592,Karee Hopkins,"San Diego, CA",2340,58:39,9:27,F 25-29/66,F-29,256,1:00:51,51.73%
593,Valbona Zhulali,"New York, NY",2010,58:40,9:27,F 30-34/57,F-31,257,1:00:11,51.78%
594,Katie Koeppel,"San Diego, CA",1205,58:40,9:27,F 25-29/67,F-25,258,59:15,51.72%
595,Domenica Berman,"Cardiff, CA",591,58:42,9:27,F 13-17/6,F-17,259,59:15,52.80%
596,Stephanie Dougherty,"San Diego, CA",859,58:43,9:27,F 35-39/42,F-35,260,59:46,52.19%
597,Marta Comellas,"San Diego, CA",751,58:43,9:27,F 30-34/58,F-33,261,59:53,51.90%
598,Gabriel Murillo,"San Diego, CA",1428,58:43,9:27,M 01-12/3,M-11,337,1:00:19,54.23%
599,Lauren Oliveira,", ",1487,58:43,9:27,F NoAge/5,F-0,262,59:22, 0.00%
600,Bruno Oliveira,", ",1486,58:43,9:27,M NoAge/12,M-0,338,59:22, 0.00%
601,Tammi Ballinger,", ",545,58:44,9:28,F 35-39/43,F-35,263,59:58,52.17%
602,Joshua Garrett,"San Diego, CA",990,58:45,9:28,M 30-34/75,M-33,339,1:01:18,46.25%
603,Diana Childers,"San Diego, CA",726,58:50,9:29,F 35-39/44,F-36,264,1:00:06,52.25%
604,Sarah Groesbeck,"San Diego, CA",2290,58:51,9:29,F 18-24/29,F-22,265,1:00:18,51.56%
605,Sam Goldman,"San Diego, CA",141,58:51,9:29,M 30-34/76,M-32,340,59:51,45.99%
606,Michele Long,"San Diego, CA",1287,58:52,9:29,F 45-49/11,F-47,266,59:05,56.39%
607,Timothy Naple,"Coronado, CA",2502,58:53,9:29,M 55-59/12,M-58,341,59:41,55.72%
608,Angela Naple,"Coronado, CA",2501,58:53,9:29,F 18-24/30,F-23,267,59:41,51.53%
609,Renee Pierce,"San Diego, CA",2540,58:56,9:30,F 35-39/45,F-36,268,59:26,52.16%
610,Robin Soehl Lenowsky,"San Diego, CA",1778,58:57,9:30,F 50-54/10,F-50,269,59:27,58.31%
611,Masami Amakowa,", ",3820,58:59,9:30,F 13-17/7,F-15,270,1:00:14,53.90%
612,Naomi Amakawa,"ENCINITAS, CA",3822,59:00,9:30,F 18-24/31,F-20,271,1:00:11,51.46%
613,Lisette McFarland,"San Diego, CA",1350,59:00,9:30,F 30-34/59,F-31,272,1:00:23,51.48%
614,Dorothy Read,"La Mesa, CA",2938,59:02,9:30,F 50-54/11,F-51,273,59:51,58.94%
615,Gail Anderson,"Encinitas, CA",2031,59:03,9:31,F 60-64/4,F-60,274,59:39,66.40%
616,Claire Schmitt,"Venice, CA",2619,59:03,9:31,F 18-24/32,F-23,275,59:39,51.38%
617,Isaac Munoz,"San Diego, CA",1421,59:03,9:31,M 30-34/77,M-33,342,1:00:10,46.02%
618,Diane Gustafson,"San Diego, CA",1057,59:04,9:31,F 30-34/60,F-31,276,1:00:27,51.43%
619,Keizo Amakawa,"ENCINITAS, CA",3819,59:04,9:31,M 18-24/22,M-18,343,1:00:11,47.01%
620,Johnny Merrill,"Richfield, MN",1377,59:05,9:31,M 30-34/78,M-30,344,59:30,45.57%
621,Vicki Jeffery,"San Diego, CA",1142,59:06,9:31,F 40-44/24,F-41,277,59:53,53.37%
622,Brittainy Schoeneweis,"Temecula, CA",1712,59:06,9:31,F 30-34/61,F-30,278,1:00:48,51.37%
623,Amy Hadeen,"Temecula, CA",300,59:06,9:31,F 30-34/62,F-30,279,1:00:48,51.37%
624,Mimi Amberger,"Moreno Valley, CA",2028,59:07,9:31,F 25-29/68,F-29,280,1:01:37,51.33%
625,Edward Snare,"San Diego, CA",1776,59:07,9:31,M 35-39/53,M-37,345,1:01:37,47.01%
626,Daniel Ponce,"San Diego, CA",1554,59:11,9:32,M 01-12/4,M-11,346,1:00:46,53.80%
627,Glendon Guy,"San Diego, CA",1061,59:12,9:32,M 60-64/9,M-60,347,59:30,56.41%
628,Sergio Cortez,"San Diego, CA",777,59:14,9:32,M 18-24/23,M-20,348,1:00:30,45.82%
629,Kimberley Doudna,", ",858,59:14,9:32,F NoAge/6,F-0,281,59:29, 0.00%
630,Jacqueline Hammack,", ",391,59:15,9:33,F NoAge/7,F-0,282,1:00:15, 0.00%
631,Kelly Yoshinaga,"Imperial, CA",1995,59:16,9:33,F 30-34/63,F-33,283,1:00:26,51.42%
632,Ellis Slack,"San Diego, CA",2900,59:16,9:33,M 55-59/13,M-55,349,1:01:24,53.98%
633,Lisa Yoshinaga,"El Cajon, CA",2756,59:17,9:33,F 30-34/64,F-34,284,1:00:26,51.52%
634,Gil Serrano,"Chula Vista, CA",2629,59:18,9:33,M 35-39/54,M-37,350,59:18,46.87%
635,Aldo Yoshinaga,"El Cajon, CA",2755,59:19,9:33,M 35-39/55,M-38,351,1:00:28,47.22%
636,Jonathan Watson,"San Diego, CA",2726,59:20,9:33,M 18-24/24,M-22,352,1:00:47,45.29%
637,Tina Williams,"Anza, CA",1959,59:21,9:33,F 45-49/12,F-45,285,59:42,54.86%
638,Tuan Nguyen,"Camp Pendleton, CA",2507,59:21,9:33,M 18-24/25,M-23,353,59:32,45.25%
639,Sara Lafever,"San Diego, CA",1227,59:22,9:34,F 18-24/33,F-23,286,1:00:51,51.11%
640,Ron Barry,"Del Mar, CA",2057,59:22,9:34,M 55-59/14,M-55,354,1:00:09,53.89%
641,Gwen Guzman,"San Diego, CA",1115,59:22,9:34,F 25-29/69,F-26,287,1:05:51,51.11%
642,Jill Sempel,"San Diego, CA",1724,59:23,9:34,F 30-34/65,F-33,288,1:00:32,51.32%
643,Tayler Barry,"Del Mar, CA",2058,59:25,9:34,F 25-29/70,F-26,289,1:00:12,51.07%
644,Charlotte Wilson,"Chandler, AZ",1960,59:26,9:34,F 35-39/46,F-35,290,1:01:31,51.56%
645,Derek Hobson,"San Diego, CA",2929,59:27,9:34,M 25-29/53,M-26,355,1:00:11,45.18%
646,Wesley Jones,"San Diego, CA",2365,59:27,9:34,M 18-24/26,M-22,356,1:00:19,45.20%
647,Rachael Escobedo,"Carlsbad, CA",2198,59:27,9:34,F 18-24/34,F-21,291,1:00:20,51.04%
648,Derek Burkhard,"San Diego, CA",679,59:27,9:34,M 18-24/27,M-24,357,1:00:57,45.18%
649,Claudia Barragan,"La Mesa, CA",554,59:27,9:35,F 25-29/71,F-29,292,1:00:12,51.04%
650,Rich Murray,"San Diego, CA",1433,59:28,9:35,M 45-49/23,M-45,358,1:01:06,49.65%
651,Alison Morita,"San Diego, CA",1402,59:32,9:35,F 30-34/66,F-32,293,1:00:44,51.08%
652,Christopher Munoz,"Spring Valley, CA",2497,59:32,9:35,M 30-34/79,M-30,359,1:00:28,45.23%
653,Julie Vandermeulen,"San Diego, CA",2711,59:33,9:35,F 18-24/35,F-23,294,1:00:44,50.95%
654,Megan Reiger,"San Diego, CA",1597,59:35,9:36,F 25-29/72,F-25,295,1:00:32,50.92%
655,Randa Chichakli,"Solona Beach, CA",2138,59:38,9:36,F 35-39/47,F-39,296,1:00:30,52.28%
656,Caitlin Clemens,"Cardiff By The Sea, CA",740,59:38,9:36,F 25-29/73,F-29,297,1:01:50,50.88%
657,Lisa Roberts,"Chula Vista, CA",2595,59:40,9:37,F 40-44/25,F-44,298,1:01:50,54.09%
658,Susan Fournier,"Freeport, ME",961,59:41,9:37,F 50-54/12,F-51,299,1:00:39,58.30%
659,Marcy Kamerystephen,"San Diego, CA",1171,59:42,9:37,F 40-44/26,F-40,300,1:01:52,52.53%
660,Nathan Bohney,"Lemon Grove, CA",619,59:44,9:37,M 25-29/54,M-26,360,1:01:21,44.96%
661,Vince Alvendia,"San Diego, CA",505,59:47,9:38,M 35-39/56,M-35,361,59:58,45.90%
662,Sabrina Hakala,"San Diego, CA",1065,59:48,9:38,F 25-29/74,F-25,301,59:59,50.74%
663,Lea Currier,"La Jolla, CA",807,59:48,9:38,F 18-24/36,F-22,302,1:01:42,50.74%
664,Josephine Hanby,"San Diego, CA",1071,59:53,9:39,F 55-59/7,F-55,303,1:01:38,61.16%
665,Kelly White,"La Mesa, CA",428,59:57,9:39,F 50-54/13,F-51,304,1:02:08,58.04%
666,Eva Alvarado,"San Diego, CA",502,1:00:01,9:40,F 30-34/67,F-30,305,1:00:39,50.58%
667,Richard Savitz,"San Diego, CA",2924,1:00:02,9:40,M 70-99/2,M-72,362,1:02:17,62.70%
668,Whitney Croft,"Tucson, AZ",798,1:00:02,9:40,F 18-24/37,F-23,306,1:02:36,50.54%
669,Bryce Mayer,"La Mesa, CA",409,1:00:06,9:41,M 18-24/28,M-21,363,1:02:08,44.85%
670,Blair Hatch,"San Diego, CA",2318,1:00:06,9:41,M 45-49/24,M-47,364,1:01:59,49.88%
671,Silvia Chayet,"La Jolla, CA",2977,1:00:07,9:41,F 50-54/14,F-50,307,1:00:20,57.18%
672,Grey Owen,"La Mesa, CA",414,1:00:07,9:41,M 13-17/16,M-16,365,1:02:07,47.42%
673,Catalina Ortiz,", ",1493,1:00:07,9:41,F 45-49/13,F-47,308,1:00:22,55.21%
674,Evan Scheingross,"San Diego, CA",2617,1:00:08,9:41,M 25-29/55,M-29,366,1:01:50,44.69%
675,Patti Kauf Melehes,"Steamboat Springs, CO",1182,1:00:09,9:41,F 45-49/14,F-48,309,1:01:23,55.79%
676,Rebeca Besquin,"San Diego, CA",882,1:00:09,9:41,F 45-49/15,F-47,310,1:01:26,55.18%
677,Peter McGraw,"La Mesa, CA",2461,1:00:09,9:41,M 55-59/15,M-59,367,1:01:55,55.04%
678,Kaitlyn McGraw,"La Mesa, CA",2460,1:00:10,9:41,F 18-24/38,F-19,311,1:01:54,50.62%
679,Bobbi Hammack,", ",389,1:00:11,9:41,M NoAge/13,M-0,368,1:00:17, 0.00%
680,Kally Chamberlin,"La Mesa, CA",378,1:00:11,9:42,F 18-24/39,F-21,312,1:02:16,50.42%
681,Kasey Rogers,"Encinitas, CA",1633,1:00:12,9:42,F 25-29/75,F-25,313,1:01:07,50.40%
682,Dustin Sutton,"La Jolla, CA",135,1:00:15,9:42,M 30-34/80,M-31,369,1:01:31,44.80%
683,Edward McQuade,"San Diego, CA",2785,1:00:16,9:42,M 35-39/57,M-36,370,1:02:59,45.81%
684,Irene Flores,"San Diego, CA",13,1:00:17,9:42,F 30-34/68,F-30,314,1:01:18,50.36%
685,Jennie Chen,", ",2136,1:00:17,9:42,F 25-29/76,F-26,315,1:01:55,50.33%
686,John Yubeta,"San Diego, AS",1999,1:00:18,9:43,M 50-54/25,M-54,371,1:01:59,52.61%
687,Dong Zhou,"New York, NY",669,1:00:21,9:43,M 30-34/81,M-30,372,1:00:49,44.61%
688,Allan Custodio,"San Diego, CA",810,1:00:23,9:44,M 30-34/82,M-30,373,1:00:53,44.59%
689,Clara Aguilera,"San Diego, CA",494,1:00:25,9:44,F 45-49/16,F-49,316,1:03:14,56.18%
690,Nilo De Los Reyes,", ",3873,1:00:26,9:44,M 45-49/25,M-49,374,1:03:11,50.40%
691,Fabiola Murillo,"San Diego, CA",1427,1:00:28,9:44,F 40-44/27,F-40,317,1:00:57,51.86%
692,Isabel Murillo,"San Diego, CA",1429,1:00:29,9:44,F 01-12/1,F-11,318,1:00:57,56.45%
693,Nelda Swanson,", ",1834,1:00:29,9:44,F NoAge/8,F-0,319,1:02:28, 0.00%
694,Kevin Fontes,"San Diego, CA",957,1:00:35,9:45,M 25-29/56,M-29,375,1:02:43,44.36%
695,Melanie Belk,"Poway, CA",577,1:00:41,9:46,F 13-17/8,F-14,320,1:02:30,53.10%
696,Michael Bergsma,"San Diego, CA",589,1:00:43,9:47,M 18-24/29,M-18,376,1:02:38,45.74%
697,Aubrey Oday,"San Diego, CA",2904,1:00:43,9:47,F 30-34/69,F-30,321,1:03:13,50.00%
698,Kendra Hilts,"San Diego, CA",1099,1:00:44,9:47,F 30-34/70,F-34,322,1:02:19,50.29%
699,Ashlyn Zarr,"San Diego, CA",2759,1:00:47,9:47,F 25-29/77,F-26,323,1:01:40,49.92%
700,Roberto Besquin,"San Diego, CA",3007,1:00:47,9:47,M 50-54/26,M-51,377,1:02:04,50.93%
701,Diorella Gatchalian,"San Diego, CA",993,1:00:48,9:48,F 18-24/40,F-23,324,1:02:09,49.90%
702,Normandy Harris,"San Diego, CA",1078,1:00:48,9:48,F 25-29/78,F-27,325,1:01:40,49.90%
703,Leeanne Singleton,"San Diego, CA",2854,1:00:49,9:48,F 18-24/41,F-24,326,1:01:16,49.89%
704,Kendra Turner,"San Diego, CA",1877,1:00:50,9:48,F 25-29/79,F-28,327,1:01:23,49.88%
705,Carla Anderson,"San Diego, CA",2029,1:00:52,9:48,F 40-44/28,F-40,328,1:02:36,51.52%
706,Kim Satterlee,"San Diego, CA",1687,1:00:52,9:48,F 60-64/5,F-61,329,1:01:45,65.35%
707,Emily Briggs,"San Diego, CA",658,1:00:53,9:48,F 25-29/80,F-27,330,1:06:33,49.84%
708,Scott McGee,"Carlsbad, CA",1351,1:00:58,9:49,M 35-39/58,M-37,378,1:03:25,45.58%
709,Sara Fournier,"San Diego, CA",960,1:00:59,9:49,F 30-34/71,F-32,331,1:03:10,49.86%
710,Andrea Visak,"San Diego, CA",1900,1:00:59,9:49,F 25-29/81,F-27,332,1:03:10,49.75%
711,Paige Greenfeld,"San Diego, CA",2287,1:00:59,9:49,F 35-39/48,F-37,333,1:02:38,50.60%
712,Megan Stone,"An Diego, CA",2667,1:01:02,9:50,F 25-29/82,F-25,334,1:02:23,49.71%
713,Heather Bordersevans,"San Diego, CA",2941,1:01:02,9:50,F 25-29/83,F-25,335,1:02:24,49.71%
714,George Willis,"La Jolla, CA",2740,1:01:03,9:50,M 18-24/30,M-24,379,1:01:42,43.99%
715,Francisco Davila,"Oceanside, CA",2166,1:01:04,9:50,M 18-24/31,M-23,380,1:01:21,43.98%
716,Meagan Rubel,"Philadelphia, PA",1655,1:01:11,9:51,F 25-29/84,F-27,336,1:02:12,49.59%
717,Alely Wright,"San Diego, CA",1979,1:01:12,9:51,F 30-34/72,F-33,337,1:03:34,49.80%
718,Eileen Sullivan,"Gardnerville, NV",1825,1:01:12,9:51,F 45-49/17,F-47,338,1:02:25,54.24%
719,Jennifer Pieratt,"Cardiff, CA",1538,1:01:12,9:51,F 25-29/85,F-29,339,1:02:40,49.58%
720,Amanda Denham,"Santee, CA",830,1:01:12,9:51,F 25-29/86,F-26,340,1:02:39,49.58%
721,John Hargreaves,"San Diego, CA",3812,1:01:15,9:52,M 30-34/83,M-30,381,1:02:57,43.96%
722,Aspen McPartland,"San Diego, CA",1364,1:01:16,9:52,F 25-29/87,F-29,341,1:01:46,49.52%
723,Penn Chabrow,"Santee, CA",2129,1:01:16,9:52,M 30-34/84,M-33,382,1:01:56,44.34%
724,Elisabeth Parzen,", ",3810,1:01:17,9:52,F 45-49/18,F-46,342,1:03:55,53.62%
725,Ed Zbik,"San Diego, CA",2003,1:01:19,9:52,M 55-59/16,M-58,383,1:01:22,53.51%
726,Carol Galeno,"Chula Vista, CA",980,1:01:20,9:53,F 45-49/19,F-47,343,1:01:24,54.12%
727,Summer Ghamedi,"San Diego, CA",1010,1:01:21,9:53,F 30-34/73,F-32,344,1:02:29,49.57%
728,Joshua Halsey,"San Diego, CA",610,1:01:21,9:53,M 25-29/57,M-28,384,1:03:11,43.78%
729,Jill Halsey,"San Diego, CA",2297,1:01:21,9:53,F 25-29/88,F-28,345,1:03:11,49.46%
730,Diane Mayhugh,"San Diego, CA",1328,1:01:22,9:53,F 25-29/89,F-27,346,1:02:03,49.44%
731,Drake Aronhalt,"San Diego, CA",527,1:01:22,9:53,M 25-29/58,M-26,385,1:02:54,43.77%
732,Elizabeth Huntoon,"San Diego, CA",2343,1:01:22,9:53,F 25-29/90,F-26,347,1:02:03,49.44%
733,Jesus Romero,"Escondido, CA",2981,1:01:22,9:53,M 18-24/32,M-23,386,1:03:33,43.77%
734,Molly Aronhalt,"San Diego, CA",528,1:01:23,9:53,F 25-29/91,F-25,348,1:02:55,49.43%
735,Austin Milke,"San Diego, CA",1385,1:01:23,9:53,M 18-24/33,M-24,387,1:02:54,43.75%
736,Uldarico Apan,"Oceanside, CA",2034,1:01:24,9:53,M 30-34/85,M-32,388,1:01:54,44.09%
737,Linda Webb,", ",1926,1:01:26,9:54,F NoAge/9,F-0,349,1:02:03, 0.00%
738,Ani Asaro,", ",2035,1:01:27,9:54,F 50-54/15,F-52,350,1:02:32,57.35%
739,Elizabeth Jenson,"El Cajon, CA",1144,1:01:31,9:54,F 30-34/74,F-31,351,1:02:30,49.38%
740,Jamie Debonis,"San Deigo, CA",823,1:01:31,9:54,F 35-39/49,F-36,352,1:03:38,49.97%
741,Lindsay Bollar,"San Diego, CA",622,1:01:34,9:55,M 18-24/34,M-23,389,1:03:37,43.62%
742,Charlene Quindara,"San Diego, CA",1579,1:01:34,9:55,F 30-34/75,F-31,353,1:03:38,49.34%
743,Cynthia Luna,"San Diego, CA",158,1:01:34,9:55,F 35-39/50,F-39,354,1:02:46,50.64%
744,Cj Chapman,", ",716,1:01:35,9:55,M 30-34/86,M-31,390,1:03:35,43.83%
745,Trang Le,"San Diego, CA",2406,1:01:36,9:55,F 25-29/92,F-26,355,1:02:44,49.26%
746,Marianne Watson,"San Diego, CA",2727,1:01:36,9:55,F 25-29/93,F-28,356,1:03:04,49.26%
747,Erin Estrada,"San Diego, CA",913,1:01:38,9:55,F 35-39/51,F-36,357,1:04:12,49.88%
748,Cristy Concepcion,"El Cajon, CA",758,1:01:38,9:56,F 25-29/94,F-29,358,1:03:42,49.23%
749,Anika Ahmed,"San Diego, CA",495,1:01:39,9:56,F 25-29/95,F-25,359,1:03:22,49.22%
750,Blair Hatch,"San Diego, CA",2317,1:01:40,9:56,M 45-49/26,M-47,391,1:03:36,48.61%
751,Angel Chernoff,"San Diego, CA",724,1:01:40,9:56,F 25-29/96,F-29,360,1:02:33,49.20%
752,Grace Hatch,"San Diego, CA",2319,1:01:43,9:56,F 01-12/2,F-10,361,1:03:35,56.73%
753,Fred Hammack,", ",390,1:01:45,9:57,M NoAge/14,M-0,392,1:02:45, 0.00%
754,James Burkel,"San Diego, CA",678,1:01:46,9:57,M 50-54/27,M-52,393,1:02:11,50.53%
755,Chris Scheppmann,"San Diego, CA",1701,1:01:46,9:57,M 18-24/35,M-23,394,1:03:49,43.48%
756,Sablle Scheppmann,"San Diego, CA",1702,1:01:46,9:57,F 18-24/42,F-21,362,1:03:49,49.12%
757,Teri Watters,"San Diego, CA",1925,1:01:47,9:57,F 30-34/76,F-34,363,1:03:39,49.43%
758,Jaime Banner,"Santee, CA",2894,1:01:47,9:57,F 18-24/43,F-23,364,1:03:09,49.11%
759,Charisse Charters,"San Diego, CA",718,1:01:47,9:57,F 35-39/52,F-37,365,1:04:14,49.95%
760,Adela Medina,"Santee, CA",1367,1:01:47,9:57,F 40-44/29,F-43,366,1:03:09,51.81%
761,Luca Van Der Kraan,"San Diego, CA",1889,1:01:47,9:57,F 18-24/44,F-24,367,1:02:41,49.11%
762,Jennifer Hamilton,"San Diego, CA",1070,1:01:47,9:57,F 40-44/30,F-41,368,1:02:42,51.05%
763,Diana Anderson,"San Diego, CA",2030,1:01:48,9:57,F 40-44/31,F-40,369,1:04:18,50.74%
764,Will Fogarty,"San Diego, CA",2826,1:01:49,9:57,M 25-29/59,M-28,395,1:02:45,43.45%
765,Laurie Escalante,"San Diego, CA",908,1:01:53,9:58,F 30-34/77,F-30,370,1:03:22,49.06%
766,Eric Hengesbaugh,"La Mesa, CA",394,1:01:56,9:58,M 18-24/36,M-23,396,1:04:03,43.36%
767,Graciela Escalante,"San Diego, CA",906,1:01:57,9:59,F 50-54/16,F-54,371,1:03:25,58.37%
768,Jennifer Escalante,"San Diego, CA",907,1:01:57,9:59,F 25-29/97,F-29,372,1:03:25,48.98%
769,Serena Franck,"San Diego, CA",962,1:01:58,9:59,F 30-34/78,F-31,373,1:03:51,49.02%
770,Katy Chappaz,"La Mesa, CA",379,1:01:59,9:59,F 18-24/45,F-21,374,1:04:05,48.95%
771,Rebecca Chambers,"Solana Beach, CA",715,1:02:00,9:59,F 35-39/53,F-39,375,1:03:13,50.28%
772,Jose Romeromariona,"Chula Vista, CA",1646,1:02:00,9:59,M 25-29/60,M-29,397,1:02:33,43.34%
773,Curt Owen,"La Mesa, CA",413,1:02:00,9:59,M 18-24/37,M-18,398,1:04:03,44.80%
774,Brenda Hernandez,"Chula Vista, CA",2331,1:02:00,9:59,F 25-29/98,F-29,376,1:04:21,48.94%
775,Lindsey Ball,"San Diego, CA",2049,1:02:01,9:59,F 18-24/46,F-22,377,1:02:01,48.92%
776,Eddy Abada,"San Diego, CA",2012,1:02:03,10:00,M 30-34/87,M-30,399,1:03:43,43.39%
777,Ayesha Kleinjan,"San Diego, CA",1198,1:02:07,10:00,F 45-49/20,F-49,378,1:02:16,54.64%
778,Jenny Laforet,"San Diego, CA",1229,1:02:08,10:00,F 25-29/99,F-29,379,1:03:24,48.83%
779,James Paraiso,", ",2523,1:02:09,10:01,M 55-59/17,M-56,400,1:04:08,51.90%
780,Shelby Melehes,"San Diego, CA",1369,1:02:09,10:01,F 25-29/100,F-26,380,1:03:25,48.82%
781,Elisa Vera,"San Diego, CA",1895,1:02:11,10:01,F 30-34/79,F-31,381,1:03:14,48.85%
782,Katie Sanny,"San Diego, CA",1677,1:02:17,10:02,F 18-24/47,F-22,382,1:03:14,48.72%
783,Annie Goodstein,"Carlsbad, CA",1022,1:02:21,10:03,F 13-17/9,F-15,383,1:02:54,50.99%
784,Erik Contreras,"San Diego, CA",764,1:02:23,10:03,M 30-34/88,M-34,401,1:03:54,43.75%
785,Samantha Lumula,"San Diego, CA",2427,1:02:24,10:03,F 25-29/101,F-29,384,1:02:40,48.62%
786,Jackson Duenas,"Encintias, CA",867,1:02:25,10:03,M 13-17/17,M-13,402,1:02:52,48.37%
787,Elizabeth Razzano,"San Diego, CA",1594,1:02:26,10:03,F 45-49/21,F-45,385,1:03:32,52.15%
788,Tracie Davidson,"San Diego, CA",2885,1:02:27,10:03,F 18-24/48,F-22,386,1:03:46,48.59%
789,Alexandra Blakeslee,"San Diego, CA",604,1:02:27,10:04,F 18-24/49,F-24,387,1:04:19,48.59%
790,Mathew Blumenthal,"San Diego, CA",2092,1:02:31,10:04,M 35-39/59,M-38,403,1:03:06,44.80%
791,Ken Moss,", ",1409,1:02:33,10:04,M NoAge/15,M-0,404,1:04:50, 0.00%
792,Arlene Hunter,"Alpine, CA",3671,1:02:33,10:04,F 40-44/32,F-40,388,1:03:47,50.13%
793,Kelly Maginnis,"La Jolla, CA",2436,1:02:34,10:05,F 25-29/102,F-25,389,1:03:48,48.49%
794,Leigh Duenas,"Encintias, CA",868,1:02:36,10:05,F 45-49/22,F-47,390,1:03:03,53.02%
795,Emily Schuhmacher,"San Diego, CA",1715,1:02:36,10:05,F 30-34/80,F-32,391,1:04:44,48.58%
796,Mark Scialdone,"La Jolla, CA",2628,1:02:36,10:05,M 35-39/60,M-38,405,1:03:50,44.74%
797,Sherry Ann Lacson,"Escondido, CA",1226,1:02:38,10:05,F 25-29/103,F-29,392,1:03:03,48.44%
798,Adrienne Loder,"La Mesa, CA",1285,1:02:40,10:05,F 55-59/8,F-56,393,1:04:14,59.24%
799,Myke Smith,"San Diego, CA",1771,1:02:42,10:06,M 60-64/10,M-63,406,1:05:05,54.69%
800,Quentin Marshall,"Encinitas, CA",2997,1:02:43,10:06,F NoAge/10,F-0,394,1:05:20, 0.00%
801,Robyn Valerio,"Sacramento, CA",1888,1:02:44,10:06,F 25-29/104,F-26,395,1:04:26,48.37%
802,Corbin Wright,"Sacramento, CA",1981,1:02:45,10:06,M 30-34/89,M-34,407,1:04:26,43.49%
803,Kelly Day,"San Marcos, CA",819,1:02:48,10:07,F 40-44/33,F-40,396,1:04:09,49.93%
804,Abner Parzen,", ",3811,1:02:48,10:07,M 01-12/5,M-8,408,1:05:25,56.44%
805,Cornelia Kurtew,"San Diego, CA",1222,1:02:48,10:07,F 40-44/34,F-44,397,1:04:09,51.39%
806,Ninon Wheeler-Martin,"Lakeside, CA",1941,1:02:51,10:07,F 35-39/54,F-35,398,1:05:08,48.75%
807,Julia Phelps,"Redondo Beach, CA",2536,1:02:51,10:07,F 25-29/105,F-28,399,1:03:13,48.28%
808,Brad Ledwith,"Morgan Hill, CA",2915,1:02:53,10:08,M 40-44/36,M-41,409,1:04:15,45.52%
809,Julie Kaelberer,"San Diego, CA",2369,1:02:54,10:08,F 30-34/81,F-31,400,1:04:19,48.29%
810,Kyle Whissel,"San Diego, CA",2979,1:02:58,10:08,M 30-34/90,M-30,410,1:04:10,42.76%
811,Kerri Finnecy Wakashige,"San Diego, CA",2211,1:02:59,10:09,F 40-44/35,F-44,401,1:04:52,51.24%
812,Linda Fredin,"Solana Beach, CA",40,1:02:59,10:09,F 60-64/6,F-62,402,1:03:11,64.06%
813,Christine Lawson,"Sab Diego, CA",2404,1:03:00,10:09,F 30-34/82,F-32,403,1:04:04,48.27%
814,Nikki Baumgartner,"San Diego, CA",561,1:03:00,10:09,F 35-39/55,F-36,404,1:05:10,48.80%
815,Katrina Arias,"San Diego, CA",526,1:03:01,10:09,F 35-39/56,F-36,405,1:05:10,48.78%
816,Maria Ditman,"San Diego, CA",847,1:03:02,10:09,F 35-39/57,F-38,406,1:03:10,49.19%
817,Jamie Sorenson,"Coronado, CA",1781,1:03:03,10:09,F 30-34/83,F-34,407,1:03:37,48.44%
818,Shaquina Blake,"San Diego, CA",2085,1:03:07,10:10,F 35-39/58,F-36,408,1:03:25,48.71%
819,Amy Seiberlich,"San Diego, CA",1722,1:03:11,10:11,F 25-29/106,F-28,409,1:05:16,48.02%
820,Richard Kmet,"San Diego, CA",2383,1:03:13,10:11,M 25-29/61,M-28,411,1:04:33,42.48%
821,Jenil Swann,"San Diego, CA",3025,1:03:18,10:12,F 45-49/23,F-48,410,1:07:10,53.02%
822,Allyson Krasny,"San Diego, CA",2389,1:03:19,10:12,F 30-34/84,F-30,411,1:03:45,47.95%
823,Joshua Glassman,", ",42,1:03:20,10:12,M 13-17/18,M-15,412,1:06:08,45.78%
824,Kirsten Smith,"Carlsbad, CA",1770,1:03:21,10:12,F 25-29/107,F-29,412,1:04:02,47.89%
825,Toby Jordan,"Carlsbad, CA",2908,1:03:21,10:12,F 35-39/59,F-38,413,1:04:02,48.95%
826,Brett Bohannon,"Encinitas, CA",618,1:03:21,10:12,M 25-29/62,M-26,413,1:03:55,42.39%
827,Lewis Gutman,", ",1060,1:03:27,10:13,M NoAge/16,M-0,414,1:04:30, 0.00%
828,Jessica Lange,"San Diego, CA",2398,1:03:28,10:13,F 18-24/50,F-24,414,1:04:44,47.81%
829,Patty Serrano,"La Mesa, CA",1725,1:03:28,10:13,F 40-44/36,F-44,415,1:04:55,50.85%
830,Jenna Yost,"San Diego, CA",1996,1:03:28,10:13,F 25-29/108,F-26,416,1:04:44,47.81%
831,Casey Satterlee,"La Jolla, CA",1684,1:03:35,10:14,F 18-24/51,F-24,417,1:05:24,47.72%
832,Rachel Prince,"Poway, CA",1567,1:03:36,10:15,F 13-17/10,F-16,418,1:05:25,49.36%
833,Ashley Anderson,"CARLSBAD, CA",3816,1:03:36,10:15,F 30-34/85,F-33,419,1:05:19,47.92%
834,Evelyn Evenrup,", ",162,1:03:38,10:15,F NoAge/11,F-0,420,1:04:51, 0.00%
835,Ladocia Schuetz,", ",3826,1:03:40,10:15,F 25-29/109,F-26,421,1:05:34,47.66%
836,Chattrin Homcheon,"SAN DIEGO, CA",3815,1:03:43,10:16,M 30-34/91,M-32,415,1:05:28,42.49%
837,Mariaregina Cabalbag,"San Diego, CA",2118,1:03:50,10:17,F 18-24/52,F-24,422,1:04:22,47.53%
838,Alessia Toniato,"San Diego, CA",1866,1:03:50,10:17,F 35-39/60,F-35,423,1:04:56,48.00%
839,Ashley Riggs-Zeigen,"San Diego, CA",1611,1:03:54,10:17,F 25-29/110,F-28,424,1:05:17,47.48%
840,Mike Pappas,"San Diego, CA",143,1:03:58,10:18,M 30-34/92,M-30,416,1:04:58,42.09%
841,Tanya Goldman,"San Diego, CA",142,1:03:59,10:18,F 30-34/86,F-30,425,1:04:59,47.45%
842,Jill Witkowski,"San Diego, CA",2742,1:04:00,10:18,F 30-34/87,F-34,426,1:04:58,47.72%
843,Carl Campbell,"San Diego, CA",686,1:04:00,10:18,M 40-44/37,M-44,417,1:05:17,45.77%
844,Jolene Navatta,"Vista, CA",1448,1:04:00,10:18,F 35-39/61,F-36,427,1:05:17,48.03%
845,Maricela Ecija,"San Diego, CA",886,1:04:02,10:19,F 45-49/24,F-45,428,1:04:29,50.85%
846,Samantha Finkler,", ",3885,1:04:02,10:19,F 25-29/111,F-29,429,1:05:39,47.38%
847,Michael Brainerd,", ",3886,1:04:02,10:19,M 30-34/93,M-30,418,1:05:39,42.05%
848,Liz Thaete,"Coronado, CA",1847,1:04:03,10:19,F 18-24/53,F-24,430,1:04:53,47.37%
849,Mark McGuffey,"San Diego, CA",1356,1:04:07,10:20,M 40-44/38,M-42,419,1:05:22,44.98%
850,Amy Bulgatz,"San Diego, CA",673,1:04:10,10:20,F 25-29/112,F-28,431,1:06:24,47.29%
851,Jazmin Cortez,"San Deigo, CA",776,1:04:14,10:21,F 18-24/54,F-23,432,1:05:30,47.24%
852,Maria Sullivan,"San Diego, CA",1826,1:04:15,10:21,F 45-49/25,F-47,433,1:05:30,51.66%
853,Risa Castro,"San Diego, CA",705,1:04:19,10:21,F 30-34/88,F-31,434,1:04:49,47.23%
854,Michelle Agustin,"Chula Vista, CA",2022,1:04:20,10:22,F 30-34/89,F-34,435,1:05:28,47.47%
855,Laurens Vroom,"San Diego, CA",137,1:04:21,10:22,M 30-34/94,M-30,420,1:05:41,41.84%
856,Alex Folloso,"Elgin, IL",132,1:04:22,10:22,M 35-39/61,M-36,421,1:05:41,42.89%
857,Wayne Griffith,"San Diego, CA",2289,1:04:23,10:22,M 50-54/28,M-52,422,1:05:07,48.47%
858,Tina Lindgren,"San Diego, CA",3004,1:04:24,10:22,F 30-34/90,F-34,436,1:05:31,47.42%
859,Kaye Calabrese,"San Diego, CA",682,1:04:25,10:22,F 40-44/37,F-40,437,1:05:36,48.68%
860,Peter Jerome Prado,"San Diego, CA",1558,1:04:26,10:23,M 25-29/63,M-27,423,1:05:45,41.68%
861,Chris Cook,"San Diego, CA",768,1:04:27,10:23,M 40-44/39,M-41,424,1:05:53,44.41%
862,Ashley Schamu,"La Jolla, CA",1699,1:04:34,10:24,F 18-24/55,F-24,438,1:05:43,46.99%
863,Tomomi Amakawa,", ",3821,1:04:37,10:24,F 18-24/56,F-21,439,1:05:52,46.96%
864,Julianne Maslowe,"San Diego, CA",2450,1:04:37,10:24,F 25-29/113,F-28,440,1:06:24,46.96%
865,Shelley Gingrich,", ",2271,1:04:38,10:25,F 35-39/62,F-39,441,1:06:18,48.23%
866,Marilyn Moriarty,", ",2491,1:04:41,10:25,F 55-59/9,F-57,442,1:06:22,58.17%
867,Elia Guadarrama,"San Diego, CA",1051,1:04:43,10:25,F 35-39/63,F-37,443,1:05:05,47.68%
868,Della Zemar,"San Diego, CA",521,1:04:46,10:26,F 45-49/26,F-45,444,1:05:57,50.27%
869,Sonya Smith,"San Diego, CA",1774,1:04:49,10:26,F 30-34/91,F-30,445,1:05:52,46.84%
870,Katie Morris,"San Diego, CA",2492,1:04:49,10:26,F 25-29/114,F-29,446,1:06:55,46.81%
871,Kristin Laberge,"San Diego, CA",2392,1:04:50,10:26,F 30-34/92,F-30,447,1:06:55,46.82%
872,Ethan Kent,"San Diego, CA",134,1:04:52,10:27,M 35-39/62,M-35,425,1:06:10,42.30%
873,Diane Darrow,"San Diego, CA",816,1:04:54,10:27,F 40-44/38,F-42,448,1:06:00,48.96%
874,Tracie Plefka,"San Diego, CA",1545,1:04:54,10:27,F 45-49/27,F-45,449,1:06:00,50.17%
875,Carolyn Blue,", ",615,1:04:56,10:27,F NoAge/12,F-0,450,1:06:36, 0.00%
876,Mary Schmitt,"Los Angeles, CA",2620,1:04:56,10:27,F 25-29/115,F-25,451,1:05:32,46.73%
877,Kate Dohe,"San Diego, CA",850,1:04:57,10:28,F 25-29/116,F-28,452,1:06:22,46.71%
878,Christa Bragg,"Chula Vista, CA",2968,1:04:58,10:28,F 18-24/57,F-21,453,1:06:37,46.70%
879,Meghan Riva,"San Diego, CA",1614,1:05:06,10:29,F 35-39/64,F-37,454,1:07:43,47.40%
880,Michael Larsen,"Chula Vista, CA",1242,1:05:08,10:29,M 35-39/63,M-35,426,1:06:18,42.13%
881,Nancy Fontes,"San Diego, CA",958,1:05:14,10:30,F 25-29/117,F-27,455,1:07:23,46.51%
882,Roger McCloskey,", ",1342,1:05:14,10:30,M NoAge/17,M-0,427,1:06:19, 0.00%
883,Helena Filippone,"La Mesa, CA",2209,1:05:14,10:30,F 30-34/93,F-30,456,1:07:23,46.54%
884,John McDonnell,"Vista, CA",1347,1:05:15,10:30,M 65-69/6,M-67,428,1:07:15,54.52%
885,Kathleen Keegan,"Vista, CA",2988,1:05:15,10:30,F 35-39/65,F-35,457,1:07:15,46.96%
886,Shannon Hall,"San Diego, CA",2296,1:05:20,10:31,F 35-39/66,F-38,458,1:07:13,47.46%
887,Beth Jesusa,", ",1145,1:05:21,10:31,F NoAge/13,F-0,459,1:07:19, 0.00%
888,Heather Gateley,"San Diego, CA",997,1:05:25,10:32,F 35-39/67,F-37,460,1:07:54,47.17%
889,Charles Gateley,"San Diego, CA",994,1:05:26,10:32,M 35-39/64,M-37,429,1:07:54,42.47%
890,Nathalie Lefloch,"San Diego, CA",1264,1:05:26,10:32,F 45-49/28,F-45,461,1:08:06,49.76%
891,Elene Bratton,"San Diego, CA",2919,1:05:31,10:33,F 45-49/29,F-48,462,1:09:24,51.22%
892,Consie Gloriani,"San Diego, CA",1018,1:05:32,10:33,F 30-34/94,F-31,463,1:06:25,46.35%
893,Craig Bucheli,"San Diego, CA",668,1:05:35,10:34,M 35-39/65,M-38,430,1:06:31,42.70%
894,Heather Harrison,"San Diego, CA",2309,1:05:36,10:34,F 35-39/68,F-38,464,1:05:48,47.27%
895,Rebecca Szatko,"San Diego, CA",136,1:05:41,10:35,F 35-39/69,F-35,465,1:06:57,46.65%
896,Jennifer Folloso,"Elgin, IL",133,1:05:41,10:35,F 35-39/70,F-37,466,1:06:57,46.98%
897,Gina Selga,"Chula Vista, CA",1723,1:05:41,10:35,F 30-34/95,F-34,467,1:06:50,46.50%
898,Jefferson Danganan,"Chula Vista, CA",18,1:05:43,10:35,M 30-34/95,M-33,431,1:08:23,41.35%
899,Bonnie Acar,"San Diego, CA",484,1:05:45,10:35,F 40-44/39,F-41,468,1:07:47,47.97%
900,Bard Cosman,"La Jolla, CA",779,1:05:45,10:35,M 45-49/27,M-48,432,1:06:08,45.97%
901,Ilan Cosman,"La Jolla, CA",246,1:05:46,10:35,M 01-12/6,M-9,433,1:06:08,51.79%
902,Mylaina Tighe,"San Diego, CA",2683,1:05:46,10:35,F 30-34/96,F-32,469,1:05:59,46.24%
903,Jamie Bernstein,"San Francisco, CA",23,1:05:50,10:36,F 30-34/97,F-31,470,1:06:14,46.14%
904,Kevin Odom,"San Diego, CA",1479,1:05:51,10:36,M 35-39/66,M-36,434,1:06:45,41.92%
905,Stacy Drayne,"San Diego, CA",2889,1:05:52,10:36,F 18-24/58,F-24,471,1:07:20,46.06%
906,Kristen Bucheli,"San Diego, CA",670,1:05:56,10:37,F 30-34/98,F-31,472,1:06:52,46.07%
907,Jennifer Clemente,"San Diego, CA",742,1:05:58,10:37,F 25-29/118,F-28,473,1:06:44,45.99%
908,Sara Fiebiger,"San Diego, CA",2208,1:06:01,10:38,F 25-29/119,F-27,474,1:06:35,45.96%
909,Taylir Villanova,"San Diego, CA",2723,1:06:01,10:38,F 30-34/99,F-30,475,1:07:03,45.98%
910,Gabe Bourche,"Irvine, CA",635,1:06:11,10:40,M 25-29/64,M-27,435,1:07:14,40.58%
911,Rebecca Chui,"San Diego, CA",2139,1:06:12,10:40,F 25-29/120,F-27,476,1:07:14,45.82%
912,Jeff Mullin,"San Diego, CA",1419,1:06:16,10:40,M 30-34/96,M-30,436,1:08:18,40.63%
913,Robert Coronel,"San Diego, CA",2922,1:06:23,10:41,M 40-44/40,M-43,437,1:07:30,43.80%
914,Leigh Souers,"Los Angeles, CA",2928,1:06:23,10:41,F 25-29/121,F-28,477,1:07:30,45.71%
915,Michelle Vick,"San Diego, CA",2901,1:06:25,10:42,F 30-34/100,F-32,478,1:08:33,45.78%
916,Krista Rayel,"San Diego, CA",3041,1:06:27,10:42,F 30-34/101,F-30,479,1:07:34,45.68%
917,Reuben Salcido,"San Diego, CA",1671,1:06:28,10:42,M 35-39/67,M-39,438,1:06:49,42.44%
918,Andrea Bunten,"San Diego, CA",676,1:06:28,10:42,F 40-44/40,F-43,480,1:06:50,48.16%
919,Chris Lee,"Solana Beach, CA",1260,1:06:30,10:42,M 40-44/41,M-41,439,1:07:56,43.04%
920,Beth Lee,"Solana Beach, CA",1259,1:06:30,10:43,F 40-44/41,F-41,481,1:07:56,47.43%
921,Tammy Crittenden,"La Mesa, CA",794,1:06:33,10:43,F 40-44/42,F-43,482,1:06:48,48.10%
922,Haley Crittenden,"La Mesa, CA",793,1:06:33,10:43,F 01-12/3,F-12,483,1:06:48,50.20%
923,Gregory Daniels,"San Diego, CA",815,1:06:38,10:44,M 45-49/28,M-47,440,1:08:21,44.97%
924,Todd Wexler,"San Diego, CA",1940,1:06:39,10:44,M 45-49/29,M-45,441,1:07:58,44.30%
925,Kristin Coleman,"San Diego, CA",748,1:06:39,10:44,F 25-29/122,F-25,484,1:07:52,45.52%
926,Kevin Wexler,"San Diego, CA",1939,1:06:39,10:44,M 40-44/42,M-43,442,1:07:58,43.62%
927,Brenda Swenson,"San Diego, CA",2677,1:06:41,10:44,F 50-54/17,F-52,485,1:07:52,52.85%
928,Hee Villanueva,"Spring Valley, CA",2914,1:06:43,10:45,F 30-34/102,F-32,486,1:07:50,45.58%
929,Amy Solomon,"Carlsbad, CA",1779,1:06:46,10:45,F 35-39/71,F-36,487,1:08:27,46.04%
930,Jamey Osborn-Larsen,"Chula Vista, CA",1495,1:06:46,10:45,F 30-34/103,F-30,488,1:07:55,45.47%
931,Ed Karas,"San Diego, CA",1172,1:06:51,10:46,M 70-99/3,M-76,443,1:07:47,60.07%
932,Traci Morrison,"San Diego, CA",2494,1:06:51,10:46,F 40-44/43,F-43,489,1:08:56,47.88%
933,Manuel Ortiz Jr,", ",1494,1:06:53,10:46,M 30-34/97,M-31,444,1:07:07,40.35%
934,Kathryn Mills,"San Diego, CA",1390,1:06:53,10:46,F 35-39/72,F-36,490,1:08:14,45.96%
935,Alisa Gemar,"Encinitas, CA",1002,1:06:57,10:47,F 25-29/123,F-29,491,1:08:40,45.32%
936,Kristen Hatcher,"San Diego, CA",2324,1:06:57,10:47,F 40-44/44,F-40,492,1:07:44,46.84%
937,Catherine Gugala,"San Diego, CA",1053,1:06:58,10:47,F 45-49/30,F-48,493,1:07:40,50.11%
938,Ronald Alvarez,"San Marcos, CA",2027,1:06:58,10:47,M 40-44/43,M-44,445,1:09:20,43.74%
939,Michael Zouroudis,"San Diego, CA",2011,1:07:02,10:48,M 30-34/98,M-32,446,1:07:58,40.39%
940,Christina Sierra,"La Mesa, CA",1743,1:07:03,10:48,F 40-44/45,F-43,494,1:08:49,47.74%
941,Adrian Lara,"San Diego, CA",2399,1:07:04,10:48,M 30-34/99,M-30,447,1:08:02,40.14%
942,Vince N,"San Diego, CA",2931,1:07:04,10:48,M 35-39/68,M-39,448,1:07:49,42.06%
943,Anna Pidcoe,"Bonita, CA",2974,1:07:13,10:50,F 18-24/59,F-19,495,1:08:53,45.31%
944,Sonia Cordon,"San Diego, CA",3020,1:07:14,10:50,F 40-44/46,F-40,496,1:09:47,46.64%
945,Elizabeth Boyd,"El Cajon, CA",637,1:07:17,10:50,F 40-44/47,F-41,497,1:07:38,46.88%
946,Joseph Palanca,"San Diego, CA",1504,1:07:18,10:50,M 30-34/100,M-30,449,1:08:11,40.00%
947,Alex Sanchez,"Chula Vista, CA",2610,1:07:18,10:50,M 13-17/19,M-15,450,1:09:17,43.08%
948,William Schrader,"Escondido, CA",2624,1:07:18,10:50,M 45-49/30,M-46,451,1:09:29,44.19%
949,Rebecca Shupack,"San Diego, CA",1741,1:07:23,10:51,F 35-39/73,F-36,498,1:08:14,45.62%
950,Francis Arias,"San Diego, CA",3022,1:07:26,10:51,M 45-49/31,M-47,452,1:09:58,44.45%
951,Vernon Snyder,"San Diego, CA",236,1:07:27,10:52,M 55-59/18,M-57,453,1:07:39,48.25%
952,Bryan Chamberlain,"San Diego, CA",11,1:07:28,10:52,M 18-24/38,M-24,454,1:08:14,39.81%
953,Shannon Chamberlain,"San Diego, CA",12,1:07:28,10:52,F 25-29/124,F-25,499,1:08:14,44.97%
954,Lorrie Snyder,"San Diego, CA",235,1:07:28,10:52,F 50-54/18,F-53,500,1:07:39,52.90%
955,Melissa Lopez,"San Diego, CA",234,1:07:30,10:52,F 30-34/104,F-32,501,1:07:39,45.05%
956,Denise Billiot,"San Diego, CA",232,1:07:31,10:52,F 30-34/105,F-33,502,1:07:38,45.14%
957,Marilyn Plecha,"San Diego, CA",2541,1:07:32,10:52,F 18-24/60,F-18,503,1:08:17,45.42%
958,Albert Lopez,"San Diego, CA",233,1:07:32,10:53,M 60-64/11,M-60,455,1:07:42,49.44%
959,Chrissy Laughlin,"Carlsbad, CA",2964,1:07:32,10:53,F 30-34/106,F-34,504,1:08:53,45.22%
960,Dennis Butler,"San Diego, CA",681,1:07:32,10:53,M 30-34/101,M-33,456,1:07:42,40.24%
961,Anne Elkin,"Santee, CA",890,1:07:34,10:53,F 45-49/31,F-48,505,1:09:53,49.67%
962,Michele Gretano,"San Diego, CA",1041,1:07:35,10:53,F 25-29/125,F-28,506,1:07:51,44.89%
963,Kelly Wood,", ",3856,1:07:35,10:53,F 25-29/126,F-26,507,1:09:10,44.89%
964,Victoria Okamoto,"Irvine, CA",1484,1:07:36,10:53,F 40-44/48,F-42,508,1:10:11,47.00%
965,Jeffery Olson,"San Diego, CA",2520,1:07:42,10:54,M 40-44/44,M-42,457,1:09:33,42.60%
966,Regina Abeyta,"San Diego, CA",2014,1:07:44,10:55,F 45-49/32,F-45,509,1:10:19,48.06%
967,Brenda Fake,"La Jolla, CA",918,1:07:45,10:55,F 50-54/19,F-52,510,1:08:58,52.02%
968,Colette Wall,"San Diego, CA",1915,1:07:49,10:55,F 35-39/74,F-35,511,1:08:43,45.18%
969,Maja Kaljevic,"San Diego, CA",1170,1:07:50,10:55,F 35-39/75,F-38,512,1:08:43,45.71%
970,Melissa McArthur,"Poway, CA",1333,1:07:53,10:56,F 40-44/49,F-40,513,1:09:16,46.19%
971,Chuck McArthur,"Poway, CA",1332,1:07:54,10:56,M 45-49/32,M-45,458,1:09:16,43.48%
972,Stephen Janetzke,"San Diego, CA",3019,1:08:02,10:57,M 35-39/69,M-39,459,1:10:07,41.46%
973,Edith Willey,"Del Mar, CA",2739,1:08:03,10:58,F 35-39/76,F-36,514,1:10:07,45.17%
974,Elizabeth Novak,"San Diego, CA",1472,1:08:06,10:58,F 35-39/77,F-39,515,1:08:59,45.78%
975,Mike Pond,"San Diego, CA",2542,1:08:08,10:58,M 18-24/39,M-24,460,1:10:35,39.42%
976,Kristy Gaines,"San Diego, CA",978,1:08:08,10:58,F 30-34/107,F-32,516,1:08:08,44.63%
977,Cortney Jackson,"San Diego, CA",1138,1:08:08,10:58,F 30-34/108,F-34,517,1:10:35,44.81%
978,Leona Fisher,"Fontana, CA",946,1:08:19,11:00,F 25-29/127,F-29,518,1:10:16,44.41%
979,David Bagley,", ",539,1:08:25,11:01,M NoAge/18,M-0,461,1:10:17, 0.00%
980,Serena Boyd,"Spring Valley, CA",639,1:08:31,11:02,F 30-34/109,F-30,519,1:09:18,44.31%
981,April Ball,"Coronado, CA",2048,1:08:33,11:02,F 30-34/110,F-33,520,1:10:21,44.46%
982,Meryl Reyes,"Chula Vista, CA",20,1:08:39,11:03,F 18-24/61,F-23,521,1:11:20,44.20%
983,Jereme Cueco,"San Diego, CA",17,1:08:39,11:03,F 25-29/128,F-28,522,1:11:20,44.20%
984,Howard Fram,"San Diego, CA",2220,1:08:46,11:04,M 45-49/33,M-46,462,1:10:09,43.25%
985,Mike Chasin,"San Diego, CA",2133,1:08:47,11:05,M 40-44/45,M-43,463,1:10:09,42.27%
986,Jerry Palmer,"San Diego, CA",2522,1:08:49,11:05,M 40-44/46,M-40,464,1:10:26,41.30%
987,Ruth Lozano,"Bonita, CA",1295,1:08:53,11:05,F 50-54/20,F-52,523,1:09:35,51.16%
988,Lisa Napoleon,"Escondido, CA",1444,1:08:53,11:06,F 25-29/129,F-28,524,1:09:29,44.05%
989,Jesse Lawrence,"San Diego, CA",1251,1:08:59,11:06,M 13-17/20,M-13,465,1:09:24,43.77%
990,Christopher Franco,"San Diego, CA",963,1:08:59,11:06,M 30-34/102,M-32,466,1:09:24,39.25%
991,Dominoe Franco,"San Diego, CA",964,1:08:59,11:07,F 25-29/130,F-27,525,1:09:24,43.98%
992,Melanie Zemberi,"San Diego, CA",2006,1:09:00,11:07,F 50-54/21,F-53,526,1:10:06,51.73%
993,Christy Berg,"San Diego, CA",584,1:09:00,11:07,F 40-44/50,F-41,527,1:10:30,45.71%
994,Daniel Flores,"San Diego, CA",2782,1:09:02,11:07,M 40-44/47,M-41,467,1:10:36,41.46%
995,Linda Wilcox,"San Diego, CA",1943,1:09:12,11:09,F 50-54/22,F-50,528,1:10:18,49.67%
996,Jennifer Shappard,"San Diego, CA",3038,1:09:15,11:09,F 30-34/111,F-30,529,1:10:26,43.84%
997,Katie Lindquist,"La Mesa, CA",2983,1:09:17,11:09,F 25-29/131,F-27,530,1:10:27,43.79%
998,Crystal Batrez,"Redondo Beach, CA",2061,1:09:17,11:09,F 25-29/132,F-28,531,1:09:41,43.79%
999,Stephanie Holmes,"El Cajon, CA",1116,1:09:24,11:11,F 25-29/133,F-27,532,1:10:54,43.72%
1000,Melissa Fitzgerald,"Santee, CA",2214,1:09:24,11:11,F 25-29/134,F-28,533,1:10:54,43.71%
1001,Desiree Harris,"San Diego, CA",1077,1:09:25,11:11,F 30-34/112,F-33,534,1:11:23,43.90%
1002,Vanessa Fitzgerald,"Santee, CA",948,1:09:26,11:11,F 18-24/62,F-24,535,1:10:55,43.70%
1003,Melody Rocco,"San Diego, CA",802,1:09:32,11:12,F 30-34/113,F-34,536,1:11:02,43.92%
1004,Andrea Fitzgerald,"Santee, CA",2213,1:09:32,11:12,F 25-29/135,F-28,537,1:11:02,43.63%
1005,Danicka Thibodo,"Santee, CA",1848,1:09:33,11:12,F 18-24/63,F-24,538,1:11:02,43.62%
1006,Amanda Gundvaldson,"San Diego, CA",2803,1:09:41,11:13,F 25-29/136,F-29,539,1:10:43,43.54%
1007,Marybeth Herald,"San Diego, CA",1096,1:09:51,11:15,F 55-59/10,F-55,540,1:11:41,52.43%
1008,Abby Wais,", ",1910,1:09:51,11:15,M NoAge/19,M-0,468,1:11:42, 0.00%
1009,Becky Berkey,"Spring Valley, CA",2076,1:09:52,11:15,F 45-49/33,F-48,541,1:10:22,48.03%
1010,Dana De La Torre,"Alpine, CA",2168,1:09:56,11:16,F 45-49/34,F-49,542,1:10:26,48.53%
1011,Anya Bohunchudyniv,"San Diego, CA",2984,1:10:05,11:17,F 30-34/114,F-31,543,1:11:02,43.34%
1012,Yvonne Webber,"San Diego, CA",97,1:10:05,11:17,F 40-44/51,F-41,544,1:10:15,45.00%
1013,Laurie Miller,"San Diego, CA",2987,1:10:06,11:17,F 30-34/115,F-34,545,1:11:03,43.57%
1014,Nancy Peritz,"San Diego, CA",1524,1:10:06,11:17,F 40-44/52,F-44,546,1:11:24,46.04%
1015,Zoe Peritz,"San Diego, CA",1525,1:10:07,11:17,F 01-12/4,F-12,547,1:11:24,47.65%
1016,Sonya Cole,", ",746,1:10:08,11:18,F NoAge/14,F-0,548,1:11:55, 0.00%
1017,Yolanda Ingram,"San Diego, CA",3031,1:10:09,11:18,F 40-44/53,F-44,549,1:14:00,46.01%
1018,Michelle Looper,"San Diego, CA",1289,1:10:11,11:18,F 40-44/54,F-41,550,1:11:16,44.94%
1019,Sheri Runyen,"El Cajon, CA",1661,1:10:28,11:21,F 30-34/116,F-31,551,1:12:29,43.10%
1020,Jennifer Pierno,"San Diego, CA",1539,1:10:30,11:21,F 30-34/117,F-33,552,1:11:38,43.23%
1021,Chris Puyot,"San Diego, CA",1578,1:10:31,11:21,M 25-29/65,M-28,469,1:11:49,38.09%
1022,Julie Kulas,"San Diego, CA",1220,1:10:31,11:21,F 25-29/137,F-27,553,1:11:49,43.03%
1023,Stephanie Smith,"San Diego, CA",1775,1:10:35,11:22,F 40-44/55,F-41,554,1:12:52,44.69%
1024,Michael Bullock,"Chula Vista, CA",2110,1:10:36,11:22,M 30-34/103,M-33,470,1:12:34,38.49%
1025,Joann Wu,"San Diego, CA",2970,1:10:37,11:22,F 30-34/118,F-30,555,1:11:21,42.99%
1026,Bill Kent,"Lakeside, CA",2377,1:10:40,11:23,M 50-54/29,M-53,471,1:12:47,44.52%
1027,Steven Livesay,"Escondido, CA",1282,1:10:54,11:25,M 50-54/30,M-53,472,1:12:50,44.37%
1028,Alba Gramer Hernandez,"San Ysidro, CA",3023,1:10:55,11:25,F 25-29/138,F-29,556,1:12:20,42.78%
1029,Angelle Romero,"San Diego, CA",2874,1:10:56,11:25,F 40-44/56,F-44,557,1:11:19,45.50%
1030,Kamil Dimitui,"Imperial Beach, CA",19,1:11:05,11:27,F 18-24/64,F-21,558,1:13:44,42.68%
1031,Anna Agustin,"Chula Vista, CA",16,1:11:05,11:27,F 18-24/65,F-24,559,1:13:45,42.68%
1032,Kendra Meyer,"Winchester, CA",1380,1:11:14,11:28,F 35-39/78,F-36,560,1:12:51,43.15%
1033,Ethan Meyer,"Winchester, CA",1379,1:11:14,11:28,M 01-12/7,M-12,473,1:12:51,43.46%
1034,Carrie Cook,"La Jolla, CA",2986,1:11:17,11:29,F 40-44/57,F-42,561,1:12:21,44.57%
1035,Tara Ponce,"San Diego, CA",1555,1:11:19,11:29,F 40-44/58,F-42,562,1:12:56,44.55%
1036,Cody Aldridge,"SAN DIEGO, CA",3813,1:11:25,11:30,M 25-29/66,M-26,474,1:12:25,37.61%
1037,Maria McGruder,"Poway, CA",1355,1:11:25,11:30,F 30-34/119,F-30,563,1:13:05,42.51%
1038,Laura Barragan,"Chula Vista, CA",555,1:11:26,11:30,F 25-29/139,F-27,564,1:12:02,42.47%
1039,L Prince,"Poway, CA",1566,1:11:46,11:33,F 50-54/23,F-50,565,1:13:39,47.90%
1040,Paulam Vakil,"San Diego, CA",1884,1:12:01,11:36,M 25-29/67,M-27,475,1:15:17,37.29%
1041,Margaret Klatt,"El Cajon, CA",2380,1:12:01,11:36,F 50-54/24,F-53,566,1:12:17,49.56%
1042,John Trunick,"San Diego, CA",1874,1:12:13,11:38,M 60-64/12,M-61,476,1:12:17,46.65%
1043,Melaina Bjorklund,"St Louis Park, MN",2084,1:12:17,11:38,F 30-34/120,F-33,567,1:14:39,42.16%
1044,Tonya McSherry,"Phoenix, AZ",1366,1:12:34,11:41,F 30-34/121,F-30,568,1:13:07,41.83%
1045,Dennis Lazaga,"Chula Vista, CA",1254,1:12:36,11:41,M 25-29/68,M-29,477,1:14:20,37.01%
1046,Lisa Bercik,"San Diego, CA",2074,1:12:41,11:42,F 30-34/122,F-32,569,1:15:03,41.83%
1047,Jenny Benitez,"San Diego, CA",581,1:12:45,11:43,F 25-29/140,F-29,570,1:13:32,41.70%
1048,Rakhi Batra,"San Diego, CA",2060,1:12:55,11:44,F 30-34/123,F-32,571,1:15:47,41.70%
1049,Juan Castruita,"Chula Vista, CA",707,1:13:13,11:47,M 30-34/104,M-34,478,1:15:05,37.27%
1050,Bonnie Welch,"Spring Valley, CA",2933,1:13:18,11:48,F 60-64/7,F-63,572,1:14:07,55.84%
1051,Riley Bulgatz,"Las Vegas, NV",675,1:13:19,11:48,F 01-12/5,F-11,573,1:15:37,46.57%
1052,Lingling Peng,"San Diego, CA",1520,1:13:19,11:48,F 25-29/141,F-29,574,1:14:24,41.38%
1053,Haiqun Jia,"San Diego, CA",1146,1:13:19,11:48,M 30-34/105,M-33,479,1:14:24,37.06%
1054,Jarrad McCarthy,"Santee, CA",410,1:13:22,11:49,M 55-59/19,M-59,480,1:14:35,45.13%
1055,Michelle Fenstermaker,"Knoxville, TN",936,1:13:24,11:49,F 55-59/11,F-55,575,1:14:58,49.90%
1056,Denise Lieberknecht,"El Cajon, CA",1274,1:13:43,11:52,F 25-29/142,F-29,576,1:13:53,41.16%
1057,Michael Lieberknecht,"El Cajon, CA",1275,1:13:43,11:52,M 25-29/69,M-26,481,1:13:54,36.43%
1058,Emily Wagner,", ",3807,1:13:47,11:53,F 30-34/124,F-33,577,1:15:56,41.30%
1059,Kelly Bulgatz,"Las Vegas, NV",674,1:13:52,11:54,F 45-49/35,F-47,578,1:16:10,44.93%
1060,Paul Rekieta,"San Jose, CA",2581,1:14:05,11:56,M 55-59/20,M-58,482,1:16:26,44.28%
1061,Mark Croft,"Tucson, AZ",797,1:14:05,11:56,M 50-54/31,M-53,483,1:16:28,42.46%
1062,Punita Vakil,"San Diego, CA",1885,1:14:25,11:59,F 25-29/143,F-27,579,1:14:57,40.77%
1063,Jennifer Holtzclaw,"San Diego, CA",1117,1:14:37,12:01,F 25-29/144,F-26,580,1:15:00,40.66%
1064,Gavin Bullock,"Chula Vista, CA",2109,1:14:38,12:01,M 25-29/70,M-28,484,1:16:36,35.98%
1065,Arlene Gapusan,"San Diego, CA",983,1:14:55,12:04,F 35-39/79,F-37,581,1:16:35,41.19%
1066,Gerry Gapusan,"San Diego, CA",984,1:14:56,12:04,M 35-39/70,M-37,485,1:16:36,37.09%
1067,Allison Mason,"San Diego, CA",1322,1:15:17,12:07,F 25-29/145,F-27,582,1:15:57,40.30%
1068,Brett Canolano,", ",690,1:15:24,12:09,M NoAge/20,M-0,486,1:16:41, 0.00%
1069,Victoria McCloskey,", ",1343,1:15:24,12:09,F NoAge/15,F-0,583,1:16:42, 0.00%
1070,Terrie Lyne,"San Diego, CA",1299,1:15:42,12:11,F 40-44/59,F-40,584,1:17:27,41.42%
1071,Jenny Brewster,"San Diego, CA",657,1:15:43,12:12,F 35-39/80,F-35,585,1:17:27,40.47%
1072,Alex Blalock,"San Diego, CA",605,1:15:44,12:12,F 40-44/60,F-40,586,1:17:30,41.40%
1073,Vanessa Dubois,"San Diego, CA",864,1:15:45,12:12,F 30-34/125,F-32,587,1:17:29,40.14%
1074,Alexa Bestoso,", ",596,1:15:51,12:13,F NoAge/16,F-0,588,1:17:49, 0.00%
1075,Jody Mays,"San Diego, CA",1331,1:15:55,12:13,F 40-44/61,F-43,589,1:17:13,42.16%
1076,Braden Mays,"San Diego, CA",1329,1:15:55,12:13,M 18-24/40,M-18,487,1:17:13,36.58%
1077,Amy Hargreaves,"San Diego, CA",2302,1:16:10,12:16,F 25-29/146,F-28,590,1:17:51,39.83%
1078,Daniella Knelman,"San Diego, CA",2384,1:16:11,12:16,F 25-29/147,F-29,591,1:17:52,39.82%
1079,Darlene Takala,"La Mesa, CA",835,1:16:23,12:18,F 50-54/25,F-53,592,1:16:48,46.73%
1080,Jack Dole,"El Cajon, CA",223,1:16:39,12:21,M 13-17/21,M-14,488,1:17:00,38.54%
1081,David Groesbeck,"San Diego, CA",2831,1:16:45,12:22,M 50-54/32,M-54,489,1:19:00,41.33%
1082,Ron Najor,"El Cajon, CA",112,1:16:52,12:23,M 35-39/71,M-37,490,1:17:36,36.15%
1083,David Garmo,"San Diego, CA",111,1:16:52,12:23,M 40-44/48,M-40,491,1:17:35,36.98%
1084,Hallie Johnson,"San Diego, CA",1148,1:16:57,12:23,F 25-29/148,F-27,593,1:17:44,39.43%
1085,Martin Hipwell,"EL CAJON, CA",3817,1:17:01,12:24,M 55-59/21,M-56,492,1:17:57,41.88%
1086,Michelle Rossow,"San Diego, CA",2599,1:17:21,12:27,F 40-44/62,F-44,594,1:18:28,41.72%
1087,Antoinette Hipwell,"EL CAJON, CA",3818,1:17:25,12:28,F 55-59/12,F-55,595,1:18:19,47.31%
1088,Laura Dennis,"San Diego, CA",831,1:17:27,12:28,F 25-29/149,F-29,596,1:18:58,39.17%
1089,Roderick Rioveros,"San Diego, CA",1613,1:17:32,12:29,M 35-39/72,M-37,493,1:18:56,35.84%
1090,Agatha Bazzi,"Spring Valley, CA",562,1:17:38,12:30,F 30-34/126,F-32,597,1:18:19,39.17%
1091,Sharlyn James,"San Diego, CA",2347,1:17:58,12:33,F 30-34/127,F-33,598,1:19:22,39.08%
1092,Gulsum Rustemoglu,"San Diego, CA",2603,1:18:01,12:34,F 35-39/81,F-37,599,1:18:32,39.55%
1093,Amy Munroe,"San Diego, CA",2498,1:18:12,12:36,F 35-39/82,F-35,600,1:20:34,39.18%
1094,Tiffany Dunbar,", ",870,1:18:38,12:40,F NoAge/17,F-0,601,1:20:14, 0.00%
1095,Edna Bautista,"El Cajon, CA",2840,1:19:19,12:46,F 35-39/83,F-35,602,1:21:07,38.63%
1096,Michael Bautista,"El Cajon, CA",2839,1:19:19,12:46,M 35-39/73,M-39,494,1:21:07,35.56%
1097,Robert Kearns,"El Cajon, CA",2374,1:19:20,12:46,M 35-39/74,M-37,495,1:21:47,35.03%
1098,Cecile Custodio,"San Diego, CA",811,1:19:22,12:47,F 35-39/84,F-38,603,1:19:48,39.07%
1099,Sara Murillo,"San Diego, CA",1432,1:19:29,12:48,F 01-12/6,F-11,604,1:21:03,42.95%
1100,John Gulino,"Encinitas, CA",1055,1:19:35,12:49,M 40-44/49,M-41,496,1:21:08,35.97%
1101,Cassandra Cook,"La Jolla, CA",832,1:19:42,12:50,F 18-24/66,F-21,605,1:20:45,38.07%
1102,Jerold Burwin,"San Diego, CA",2114,1:20:15,12:55,M 65-69/7,M-65,497,1:21:03,43.52%
1103,Allan Rosenblatt,"San Diego, CA",1652,1:20:42,13:00,M 40-44/50,M-40,498,1:23:59,35.22%
1104,Louis Martiez,"El Cajon, CA",1317,1:20:47,13:00,M 30-34/106,M-33,499,1:23:06,33.64%
1105,Ann Martinez,"El Cajon, CA",1320,1:20:48,13:01,F 30-34/128,F-33,606,1:23:06,37.71%
1106,Maura McCarthy,"Santee, CA",411,1:21:08,13:04,F 45-49/36,F-48,607,1:22:19,41.36%
1107,Hector Rodriguez,"Lemon Grove, CA",1629,1:21:14,13:05,M 55-59/22,M-58,500,1:22:00,40.39%
1108,Gail Boone,", ",2098,1:21:43,13:09,F 50-54/26,F-52,608,1:22:20,43.13%
1109,Anita Yousif,"El Cajon, CA",1998,1:22:05,13:13,F 25-29/150,F-25,609,1:22:46,36.96%
1110,Danielle Puterbaugh,"San Diego, CA",1577,1:23:13,13:24,F 35-39/85,F-38,610,1:24:50,37.26%
1111,Patricia Baird,"La Mesa, CA",375,1:25:52,13:50,F 65-69/3,F-65,611,1:25:52,49.12%
1112,Valorie Morse,"San Diego, CA",2495,1:49:32,17:38,F 55-59/13,F-59,612,1:51:58,35.29%
1113,Jen Hatfield,"San Diego, CA",1080,1:52:48,18:10,F 40-44/63,F-40,613,1:55:16,27.80%
1114,Nancy Groesbeck,"San Diego, CA",2829,1:56:11,18:42,F 50-54/27,F-52,614,1:58:39,30.33%
1115,Marcie Evans,"El Cajon, CA",2201,1:56:12,18:42,F 40-44/64,F-42,615,1:58:38,27.34%
1116,Ruth Rooney,"Tempe, AZ",1650,1:57:08,18:51,F 60-64/8,F-63,616,1:59:47,34.95%
1117,Rachel Blum,"Washington Dc, DC",2090,2:06:04,20:18,F 30-34/129,F-32,617,2:06:04,24.12%
