Place,Name,Location,Bib,Net Time,Pace,Division/Place,Sex-Age,Sex-Place,Gun Time,Age Grade
1,Logan Kanode,"Loma Linda, CA",5307,15:24,4:58,M 20-24/1,M-23,1,15:24,83.86%
2,Jose Lara,"Running Springs, CA",5294,16:20,5:16,M 20-24/2,M-20,2,16:20,80.04%
3,Donald Frantum,"Hesperia, CA",15076,16:26,5:18,M 35-39/1,M-38,3,16:26,81.93%
4,Andrew Benavidez,"Riverside, CA",5018,19:00,6:07,M 50-54/1,M-52,4,19:06,78.93%
5,Jared Wright,"Riverside, CA",5236,19:02,6:08,M 25-29/1,M-29,5,19:04,67.92%
6,Sean Weaver,"Minneapolis, MN",5339,19:48,6:23,M 30-34/1,M-30,6,20:01,65.37%
7,Mark Hawkins,"Riverside, CA",5093,19:50,6:23,M 16-19/1,M-16,7,19:51,69.13%
8,Timothy Giang,"Yucaipa, CA",5072,19:54,6:25,M 16-19/2,M-16,8,20:11,68.90%
9,Ben Kumler,"Redlands, CA",5250,20:31,6:37,M 13-15/1,M-14,9,20:34,69.19%
10,Richard Solano,", CA",5196,21:10,6:49,M 13-15/2,M-13,10,21:13,68.56%
11,Robin Lie,"Loma Linda, CA",5132,21:21,6:53,M 35-39/2,M-38,11,21:22,63.05%
12,Samantha Smitley,"Corona, CA",5317,21:33,6:56,F 10-12/1,F-12,1,21:33,75.68%
13,Monique Belmudes,"Temecula, CA",5292,21:38,6:58,F 16-19/1,F-18,2,21:38,69.45%
14,Jonathan Bradley,"Riverside, CA",5021,21:47,7:01,M 25-29/2,M-28,12,22:03,59.26%
15,Erick Juarez,", CA",5117,21:50,7:02,M 10-12/1,M-12,13,21:52,68.14%
16,Tony Allison,"Upland, CA",5001,21:53,7:03,M 45-49/1,M-47,14,21:57,65.85%
17,Clement Flores,"Claremont, CA",5260,22:02,7:06,M 45-49/2,M-48,15,22:37,65.93%
18,Allen Alpizar,", CA",5002,22:02,7:06,M 10-12/2,M-12,16,22:05,67.52%
19,Peter Jaramillo,"Riverside, CA",5108,22:05,7:07,M 20-24/3,M-20,17,22:52,59.06%
20,Jodi Wright,"Riverside, CA",5237,22:17,7:11,F 25-29/1,F-28,3,22:17,66.82%
21,Tom De Oro,"Bryn Mawr, CA",5240,22:26,7:13,M 20-24/4,M-24,18,22:28,57.55%
22,Susana Fernandez,"Riverside, CA",5060,22:36,7:17,F 40-44/1,F-42,4,22:37,68.86%
23,Gustavo Saavedra,"Highland, CA",5186,22:40,7:18,M 35-39/3,M-35,19,23:21,58.20%
24,Jun-Jun Lopez,", CA",5136,22:47,7:20,M 13-15/3,M-13,20,22:50,63.69%
25,Sam Barton,"Indio, CA",5311,22:54,7:23,M 10-12/3,M-12,21,23:22,64.97%
26,Brian Baur,"Moreno Valley, CA",5017,23:02,7:25,M 50-54/2,M-53,22,23:12,65.68%
27,Trish Nielsen,"Yucaipa, CA",5158,23:05,7:26,F 40-44/2,F-43,5,23:08,67.99%
28,James Luna,"Riverside, CA",5298,23:22,7:32,M 45-49/3,M-47,23,23:35,61.67%
29,Rod Walters,"Yucaipa, CA",5312,23:53,7:42,M 40-44/1,M-40,24,23:57,57.19%
30,Lydia Kore,"Loma Linda, CA",5303,24:01,7:44,F 16-19/2,F-16,6,24:16,63.75%
31,R Sanchez,", ",5290,24:01,7:44,M 13-15/4,M-13,25,24:16,60.42%
32,Justin Morin,"Oak Hills, CA",5244,24:03,7:45,M 13-15/5,M-13,26,25:06,60.33%
33,Mitchell Hale,", CA",5083,24:04,7:45,M 13-15/6,M-13,27,24:10,60.29%
34,Heidi Grisham,"Yucaipa, CA",5319,24:07,7:46,F 13-15/1,F-13,7,24:30,66.25%
35,Greg Grisham,"Yucaipa, CA",5321,24:08,7:46,M 45-49/4,M-46,28,24:32,59.23%
36,Amy Cox,"Bryn Mawr, CA",5037,24:10,7:47,F 25-29/2,F-26,8,24:13,61.24%
37,Beverly Rubio,"Riverside, CA",5183,24:34,7:55,F 20-24/1,F-21,9,25:20,60.29%
38,Maria Dalbeck,", CA",5042,24:36,7:55,F 13-15/2,F-14,10,24:47,63.93%
39,Angela Parini,", CA",5166,24:36,7:55,F 13-15/3,F-13,11,24:47,64.95%
40,Jennifer Vanuffelen,"Colton, CA",5310,24:40,7:57,F 30-34/1,F-33,12,24:49,60.31%
41,Chris Langan,"Corona, CA",5306,24:43,7:58,M 30-34/2,M-34,29,24:53,53.10%
42,Troy Day,"Rialto, CA",5044,24:53,8:01,M 45-49/5,M-48,30,24:55,58.38%
43,Sean Stringer,"San Bernardino, CA",5208,24:56,8:02,M 20-24/5,M-21,31,25:18,51.97%
44,Jason Jaramillo,"Riverside, CA",5107,25:00,8:03,M 25-29/3,M-25,32,25:56,51.63%
45,Isabella Hanlon,"Redlands, CA",5309,25:04,8:04,F 10-12/2,F-11,13,25:53,66.40%
46,David Smith,"Loma Linda, CA",5194,25:07,8:05,M 45-49/6,M-45,33,30:15,56.51%
47,Julie Argudo,"Upland, CA",5006,25:14,8:08,F 35-39/1,F-39,14,25:21,60.41%
48,Pat Downey,"Highland, CA",5053,25:24,8:11,M 40-44/2,M-41,34,25:55,54.17%
49,Kris Graham,"Upland, CA",5079,25:34,8:14,M 25-29/4,M-25,35,25:59,50.49%
50,Mitch Applegate,"Yucaipa, CA",5003,25:53,8:20,M 50-54/3,M-52,36,26:15,57.93%
51,Randy Cauthron,"Redlands, CA",5030,25:55,8:21,M 30-34/3,M-30,37,26:04,49.94%
52,Jacob Barton,"Indio, CA",5308,26:32,8:33,M 10-12/4,M-10,38,27:01,59.52%
53,Ben Wade,"Redlands, CA",5288,26:33,8:33,M 10-12/5,M-10,39,27:00,59.48%
54,Geoffrey Wade,"Redlands, CA",5287,26:33,8:33,M 45-49/7,M-49,40,27:01,55.15%
55,Angelica Robles,"Riverside, CA",5180,26:40,8:35,F 16-19/3,F-17,15,27:05,56.72%
56,Joyce Lazalde,"Rancho Cucamonga, CA",5124,26:41,8:36,F 55-59/1,F-59,16,27:04,71.44%
57,David Posse,"Riverside, CA",5256,26:49,8:38,M 20-24/6,M-23,41,26:54,48.13%
58,Shawn Murray,"Barstow, CA",5154,26:51,8:39,M 25-29/5,M-28,42,29:06,48.07%
59,Cody Loftin,"Mentone, CA",5134,26:54,8:40,M 10-12/6,M-10,43,27:37,58.71%
60,Pat Young,"Redlands, CA",5233,26:56,8:41,F 60-64/1,F-60,17,27:24,71.83%
61,Rick Ferguson,"Redlands, CA",5059,26:58,8:41,M 55-59/1,M-55,44,27:41,57.02%
62,Herve Dumont,"Claremont, CA",5055,26:59,8:41,M 45-49/8,M-45,45,27:02,52.60%
63,Reginald Godoy,"Riverside, CA",5073,27:00,8:42,M 45-49/9,M-48,46,27:08,53.80%
64,Carlos Caldelas,"Riverside, CA",5024,27:08,8:44,M 30-34/4,M-33,47,27:16,48.13%
65,Jim Calderon,"Beaumont, CA",5284,27:09,8:45,M 40-44/3,M-42,48,27:49,51.04%
66,Jobie Calderon,"Beaumont, CA",5281,27:09,8:45,F 13-15/4,F-13,18,27:48,58.85%
67,David Stringer,"San Bernardino, CA",5206,27:25,8:50,M 60-64/1,M-62,49,27:45,59.55%
68,Danielle Daly,"Chino Hills, CA",5043,27:29,8:51,F 25-29/3,F-25,19,27:53,53.88%
69,Jeremy Philson,"Yucaipa, CA",5266,27:38,8:54,M 13-15/7,M-13,50,27:48,52.50%
70,Patricia Hendrick,"Colton, CA",5094,27:52,8:58,F 35-39/2,F-35,20,28:30,53.68%
71,Peter Jackson,"Moreno Valley, CA",5291,27:57,9:00,M 65-69/1,M-66,51,28:10,60.62%
72,Mikala Piper,"Schenectady, NY",5267,27:58,9:00,F 25-29/4,F-26,21,28:55,52.95%
73,Sousan Saberi,"Rancho Cucamonga, CA",5187,27:59,9:01,F 30-34/2,F-30,22,28:24,52.92%
74,Kimberly Elkins,"Riverside, CA",5056,28:03,9:02,F 40-44/3,F-41,23,28:11,55.05%
75,Nathan Kim,"Yucaipa, CA",5121,28:09,9:04,M 10-12/7,M-12,52,36:28,52.84%
76,Griffin Ayres,"Corona, CA",5008,28:10,9:04,M 10-12/8,M-10,53,28:20,56.07%
77,Eric Doussett,"Oceanside, CA",5336,28:16,9:06,M 20-24/7,M-20,54,28:45,46.14%
78,Anastasia Doussett,"Oceanside, CA",5335,28:16,9:06,F 20-24/2,F-21,24,28:45,52.39%
79,Ward Thompson,"Redlands, CA",5547,28:17,9:07,M 60-64/2,M-63,55,28:35,58.25%
80,Sandra Thompson,"Redlands, CA",5213,28:18,9:07,F 50-54/1,F-52,25,28:35,61.34%
81,Myrna M Moreno,"Chino Hills, CA",5148,28:22,9:08,F 45-49/1,F-48,26,28:27,58.26%
82,Willy Goltz,"Beaumont, CA",5074,28:27,9:10,M 65-69/2,M-68,56,29:14,60.67%
83,Debora Capparelli,"Corona, CA",5026,28:31,9:11,F 35-39/3,F-36,27,29:13,52.69%
84,Rebecca Weaver,"Upland, CA",5223,28:33,9:12,F 30-34/3,F-30,28,28:58,51.87%
85,Prathyusha Dasari,"Loma Linda, CA",5285,28:33,9:12,F 10-12/3,F-12,29,28:37,57.07%
86,Adil Shroff,"Rancho Cucamonga, CA",5191,28:40,9:14,M 25-29/6,M-29,57,29:12,45.08%
87,Robert Corona Corona,"Loma Linda, CA",5342,28:47,9:16,M 30-34/5,M-32,58,29:37,45.19%
88,Michael Cook,"San Bernardino, CA",5330,28:53,9:18,M 55-59/2,M-58,59,29:17,54.62%
89,Kellie Ferguson,"Redlands, CA",5058,28:59,9:20,F 45-49/2,F-48,30,29:42,57.02%
90,Samir Kejriwal,"Loma Linda, CA",5283,29:00,9:20,M 10-12/9,M-10,60,32:11,54.46%
91,Catherine Trola,"Grand Terrace, CA",5218,29:02,9:21,F 50-54/2,F-52,31,29:02,59.79%
92,Marco Russo,"Riverside, CA",5301,29:17,9:26,M 30-34/6,M-33,61,30:18,44.59%
93,Carolyn Greywood,"Riverside, CA",5081,29:20,9:27,F 60-64/2,F-62,32,29:43,67.88%
94,Jannine Senior,"Redlands, CA",5289,29:30,9:30,F 35-39/4,F-37,33,29:55,51.16%
95,Elissa Giang,"Yucaipa, CA",5071,29:32,9:31,F 10-12/4,F-12,34,30:14,55.17%
96,Kathy Barton,"Redlands, CA",5262,29:32,9:31,F 50-54/3,F-50,35,30:15,57.31%
97,Michelle Chan,"San Bernardino, CA",15304,29:38,9:33,F 30-34/4,F-31,36,30:52,50.03%
98,Doris Kore,"Loma Linda, CA",5304,30:00,9:40,F 45-49/3,F-49,37,30:13,55.75%
99,Darci Carranza,"Beaumont, CA",5029,30:01,9:40,F 25-29/5,F-26,38,30:51,49.33%
100,Patricia Murdoch,"Redlands, CA",5152,30:05,9:41,F NoAge/0,F-0,39,30:20, 0.00%
101,Michael Tripodo,"Mentone, CA",5216,30:06,9:42,M 16-19/3,M-17,62,30:17,44.88%
102,Lorella Barraza,"Riverside, CA",5013,30:10,9:43,F 20-24/3,F-24,40,31:06,49.09%
103,Brandon Zinke,"Loma Linda, CA",5235,30:28,9:49,M 35-39/4,M-36,63,32:01,43.57%
104,Ben Zinke,"Loma Linda, CA",5234,30:28,9:49,M 25-29/7,M-29,64,32:02,42.42%
105,Maria Snavely,"Rialto, CA",5195,30:28,9:49,F 40-44/4,F-42,41,30:57,51.07%
106,Dan Giang,"Yucaipa, CA",5070,30:32,9:50,M 50-54/4,M-52,65,31:15,49.10%
107,Malcolm Ayres,"Corona, CA",5009,30:33,9:50,M 07-09/1,M-8,66,30:44,55.73%
108,Berkely Morin,"Fontana, CA",5149,30:35,9:51,F 40-44/5,F-42,42,31:26,50.87%
109,Rebecca Pratt,"Rancho Cucamonga, CA",5174,30:36,9:51,F 30-34/5,F-30,43,31:07,48.39%
110,Kristen Maher,"Victorville, CA",15139,30:38,9:52,F 20-24/4,F-23,44,31:36,48.34%
111,Becki Whitehead,"Yucaipa, CA",5226,30:43,9:54,F 30-34/6,F-30,45,31:20,48.21%
112,Danny Mendoza,"Highland, CA",5332,30:44,9:54,M 50-54/5,M-51,67,31:37,48.40%
113,Daniel Beese,"Nuevo, CA",5328,30:50,9:56,M 25-29/8,M-27,68,31:47,41.86%
114,Jade Perez,"Redlands, CA",5264,31:02,10:00,F 07-09/1,F-9,46,31:14,56.58%
115,Crystal Perez,"Redlands, CA",5263,31:02,10:00,F 10-12/5,F-10,47,31:15,55.02%
116,Delia Adair,"Rancho Cucamonga, CA",5273,31:09,10:02,F 55-59/2,F-57,48,31:11,59.53%
117,Traci Copeland,"Yucaipa, CA",5249,31:17,10:05,F 35-39/5,F-38,49,31:54,48.45%
118,Maria Shook,"Calimesa, CA",5190,31:39,10:12,F 45-49/4,F-45,50,31:53,50.47%
119,Alice Sigmund,"Beaverton, OR",5193,31:42,10:12,F 65-69/1,F-66,51,31:58,66.70%
120,Isaias Perez,"San Bernardino, CA",5168,31:55,10:17,M 20-24/8,M-24,69,32:02,40.44%
121,Joseph Neves,"La Verne, CA",5313,31:57,10:17,M 13-15/8,M-13,70,32:26,45.41%
122,Clint Crawford,"Pasadena, CA",5039,32:05,10:20,M 40-44/4,M-40,71,32:35,42.57%
123,Kristi Batcha,"Riverside, CA",5015,32:11,10:22,F 35-39/6,F-36,52,32:49,46.68%
124,Susan Mendosa,"Highland, CA",5331,32:25,10:26,F 50-54/4,F-54,53,33:17,54.94%
125,Katy Carlton,"Highland, CA",5028,32:26,10:27,F 45-49/5,F-45,54,32:55,49.25%
126,Chris Carlton,"Highland, CA",5027,32:27,10:27,M 16-19/4,M-16,72,32:55,42.24%
127,Chloe Debanff,"Loma Linda, CA",5046,32:35,10:30,F 10-12/6,F-10,55,32:44,52.41%
128,Zulma Garcio,", CA",5069,32:35,10:30,F 10-12/7,F-11,56,32:46,51.07%
129,Mark Field,"Highland, CA",5061,32:36,10:30,M 40-44/5,M-42,73,33:04,42.51%
130,Steve Lazalde,"Rancho Cucamonga, CA",5125,32:53,10:35,M 55-59/3,M-56,74,43:25,47.16%
131,Susan Tripodo,"Mentone, CA",5217,32:55,10:36,F 45-49/6,F-49,57,33:06,50.81%
132,Melissa McMenamin,"Valencia, CA",5141,32:56,10:36,F 35-39/7,F-38,58,33:47,46.03%
133,Dennis Cambara,"Riverside, CA",5257,33:17,10:43,M 20-24/9,M-23,75,33:21,38.78%
134,Susan Le,"Loma Linda, CA",5126,33:29,10:47,F 30-34/7,F-33,59,33:40,44.42%
135,Andrea Saavedra,"Highland, CA",5185,33:31,10:47,F 25-29/6,F-29,60,34:16,44.18%
136,Tera Rawls,"San Bernardino, CA",5176,33:41,10:51,F 30-34/8,F-34,61,37:52,44.26%
137,Roger Hanson,"Moreno Valley, CA",5295,33:41,10:51,M 55-59/4,M-59,76,34:27,47.23%
138,Melissa Stahly,"Pomona, CA",5199,33:47,10:53,F 25-29/7,F-26,62,34:11,43.83%
139,Patricia Hoppel,"Redlands, CA",5099,33:48,10:53,F 45-49/7,F-47,63,34:25,48.30%
140,John Ortiz III,"Loma Linda, CA",5163,33:48,10:53,M 10-12/10,M-12,77,34:41,44.01%
141,Raymond Fuerte,"Loma Linda, CA",5065,33:51,10:54,M 07-09/2,M-8,78,34:44,50.30%
142,Karen Hurlbut,"Redlands, CA",5103,33:58,10:56,F 45-49/8,F-46,64,34:25,47.52%
143,Dawn Miller,"Idyllwild, CA",5144,34:03,10:58,F 50-54/5,F-54,65,34:23,52.30%
144,John Ortiz Jr,"Loma Linda, CA",5164,34:07,10:59,M 35-39/5,M-39,79,35:00,39.74%
145,Joey Jr Ontiveros,"Loma Linda, CA",5161,34:08,11:00,M 35-39/6,M-38,80,35:03,39.42%
146,Roman Jr Fuerte,"Loma Linda, CA",5066,34:09,11:00,M 10-12/11,M-11,81,35:03,44.82%
147,Jose Ontiveros,"Loma Linda, CA",5162,34:10,11:00,M 55-59/5,M-59,82,35:03,46.56%
148,Delia Riley,"Riverside, CA",5177,34:18,11:03,F 50-54/6,F-53,66,34:37,51.29%
149,Jasmine Chan,"San Bernardino, CA",5031,34:26,11:05,F 10-12/8,F-12,67,34:46,47.31%
150,Sari Harris,"Riverside, CA",5091,34:32,11:07,F 25-29/8,F-29,68,35:06,42.88%
151,Atira Harris,"Moreno Valley, CA",5090,34:34,11:08,F 25-29/9,F-28,69,35:08,42.84%
152,Mark Steinmetz,"Rancho Cucamonga, CA",5202,34:50,11:13,M 45-49/10,M-49,83,35:23,42.03%
153,Berta Cruz,"Fontana, CA",5040,34:53,11:14,F 35-39/8,F-38,70,34:55,43.45%
154,Deborah Gray,"Moreno Valley, CA",5080,34:55,11:15,F 55-59/3,F-55,71,35:47,51.72%
155,Austin Rodriguez,"Riverside, CA",5181,34:55,11:15,M 10-12/12,M-11,84,35:12,43.84%
156,Cathy De La Garza,"Ontario, CA",5045,34:58,11:15,F 45-49/9,F-48,72,35:30,47.26%
157,Annette Chaus,"El Monte, CA",5032,34:58,11:16,F 45-49/10,F-48,73,35:30,47.26%
158,Nanette Pittenger,"Grand Terrace, CA",5302,35:01,11:16,F 45-49/11,F-46,74,35:44,46.10%
159,Maribeth Johnson,"Canyon Lake, CA",5111,35:05,11:18,F 30-34/9,F-31,75,37:29,42.25%
160,John Sigaty,"Redlands, CA",5192,35:05,11:18,M 50-54/6,M-54,85,35:20,43.44%
161,Jeffrey Lewis,"Victorville, CA",5131,35:07,11:18,M 30-34/7,M-34,86,35:44,37.37%
162,Anna Stewart,"Beaumont, CA",5204,35:11,11:20,F 25-29/10,F-29,76,35:21,42.09%
163,Felica Wilkerson,"Banning, CA",5227,35:12,11:20,F 30-34/10,F-34,77,35:21,42.35%
164,Melissa Morin,"Oak Hills, CA",5549,35:14,11:21,F 45-49/12,F-49,78,37:07,47.47%
165,Kerry Montgomery,"Corona, CA",5147,35:24,11:24,F 30-34/11,F-30,79,36:25,41.83%
166,Katie Mortensen,"Lakewood, CA",5150,35:24,11:24,F 25-29/11,F-28,80,36:25,41.83%
167,Brett Montgomery,"Corona, CA",5146,35:24,11:24,M 30-34/8,M-31,87,36:26,36.65%
168,Sean Halligan,"Rancho Cucamonga, CA",5086,35:34,11:27,M 35-39/7,M-36,88,36:11,37.32%
169,Efrian Sanchez,"Upland, CA",5297,35:44,11:30,M 80-99/1,M-80,89,36:32,58.84%
170,Mauricio Nochez,"San Bernardino, CA",5159,35:52,11:33,M 25-29/9,M-28,90,36:30,35.98%
171,Danielle Tripodo,"Mentone, CA",5215,36:08,11:38,F 20-24/5,F-20,81,36:20,40.98%
172,Angela Lee,"Grand Terrace, CA",5127,36:33,11:46,F 25-29/12,F-28,82,37:26,40.51%
173,Ramona Lawrence Lawrence,"San Bernardino, CA",5333,36:33,11:46,F 45-49/13,F-46,83,44:24,44.16%
174,Sara Gillespie,"Loma Linda, CA",5299,36:35,11:47,F 35-39/9,F-36,84,37:16,41.07%
175,Staci Harrison,"Redlands, CA",5293,36:35,11:47,F 30-34/12,F-30,85,37:16,40.47%
176,Steven Mendoza,"Grand Terrace, CA",5314,36:36,11:47,M 13-15/9,M-13,91,36:51,39.64%
177,Ryan Steinmetz,"Rancho Cucamonga, CA",5203,36:45,11:50,M 16-19/5,M-16,92,37:19,37.30%
178,Matt Nirschl,"Moreno Valley, CA",5279,36:52,11:52,M 45-49/11,M-48,93,37:12,39.39%
179,Michelle Drafton,"Indio, CA",5054,36:53,11:53,F 30-34/13,F-34,86,37:45,40.42%
180,Colette Oulman,"Yucaipa, CA",5165,37:32,12:05,F 45-49/14,F-47,87,37:59,43.49%
181,Danielle Miller,"San Bernardino, CA",5143,37:43,12:09,F 25-29/13,F-29,88,38:30,39.26%
182,Daniel Hawkins,"Riverside, CA",5092,37:55,12:13,M 30-34/9,M-34,94,38:47,34.61%
183,Karin Jones,"Riverside, CA",5113,37:57,12:13,F 35-39/10,F-39,89,38:04,40.16%
184,Cameron Jones,"Riverside, CA",5112,37:57,12:13,M 07-09/3,M-7,95,38:04,46.92%
185,Sue Pickering,"Corona, CA",5173,38:13,12:19,F 60-64/3,F-60,90,39:03,50.61%
186,Jane Adams,"Riverside, CA",5315,38:19,12:20,F 55-59/4,F-57,91,38:45,48.39%
187,Ruth Stringer,"San Bernardino, CA",5207,38:21,12:21,F 60-64/4,F-60,92,38:42,50.43%
188,Margie Pratt,"Corona, CA",5322,38:25,12:22,F 45-49/15,F-45,93,39:15,41.58%
189,Elisa Song,"Loma Linda, CA",5197,38:30,12:24,F 25-29/14,F-27,94,39:22,38.46%
190,Randi Williams,"Riverside, CA",5229,38:36,12:26,F 25-29/15,F-28,95,39:21,38.36%
191,Katie Thams,"Rancho Cucamonga, CA",5212,38:49,12:30,F 20-24/6,F-20,96,39:47,38.14%
192,David Thams,"Rancho Cucamonga, CA",5210,38:50,12:30,M 20-24/10,M-23,96,39:47,33.23%
193,Shawn Plafker,"Loma Linda, CA",5548,39:00,12:34,F 35-39/11,F-35,97,39:15,38.35%
194,Jleen Saeger,"Loma Linda, CA",5188,39:00,12:34,F 35-39/12,F-37,98,39:15,38.69%
195,Sydney Del Pizzo,"Riverside, CA",5047,39:18,12:39,F 65-69/2,F-65,99,40:32,52.99%
196,Pamela James,"Moreno Valley, CA",5106,39:20,12:40,F 45-49/16,F-49,100,40:16,42.52%
197,Gerri Lewis,"Apple Valley, CA",5130,39:23,12:41,M 55-59/6,M-58,97,39:43,40.05%
198,Patricia Harms,"Rialto, CA",5089,39:38,12:46,F 55-59/5,F-55,101,40:25,45.56%
199,Mohan Dasari,"Loma Linda, CA",5282,39:39,12:46,M 10-12/13,M-10,98,39:41,39.82%
200,Jeanne Hildebrand,"Loma Linda, CA",5095,39:58,12:52,F 50-54/7,F-51,102,40:42,42.89%
201,Merrie Hildebrand,"Loma Linda, CA",5096,39:59,12:53,F 20-24/7,F-23,103,40:42,37.03%
202,Austin Adams,"Riverside, CA",5325,40:18,12:59,M 10-12/14,M-10,99,40:44,39.18%
203,Holly Grimm,"Yucaipa, CA",5082,40:24,13:01,F 50-54/8,F-50,104,40:37,41.89%
204,Marge Boyce,"San Bernardino, CA",5020,40:46,13:08,F 55-59/6,F-59,105,41:07,46.75%
205,Jeffrey Kerezman,"Long Beach, CA",5271,40:59,13:12,M 50-54/7,M-51,100,41:59,36.29%
206,Damaris Matthews,"Calimesa, CA",5140,41:03,13:13,F 55-59/7,F-57,106,41:25,45.17%
207,Aaliyah Del Rosario,"Fallbrook, CA",5049,41:04,13:13,F 07-09/2,F-7,107,41:24,45.72%
208,Laura Gomez,"Redlands, CA",5075,41:07,13:14,F 55-59/8,F-57,108,41:43,45.09%
209,Baitey Loftin,"Mentone, CA",5133,41:12,13:16,M 10-12/15,M-11,101,41:59,37.15%
210,Becky Jeffries,"Pinon Hills, CA",5109,41:27,13:21,F 50-54/9,F-54,109,42:12,42.96%
211,Parker Ferguson Ferguson,"Colton, CA",5252,41:29,13:21,M 07-09/4,M-7,102,42:40,42.93%
212,Patricia Hathor,"Colton, CA",5254,41:33,13:23,F 45-49/17,F-49,110,42:43,40.25%
213,Kobe Ferguson,"Helendale, CA",5253,41:34,13:23,M 07-09/5,M-9,103,42:44,39.35%
214,Liz Morgan,"Colton, CA",5255,41:34,13:23,F 20-24/8,F-23,111,42:44,35.62%
215,Jennifer Conkey,"Alta Loma, CA",5034,41:54,13:29,F 35-39/13,F-35,112,42:25,35.69%
216,Felisa Barstow,"Alta Loma, CA",5014,41:58,13:31,F 55-59/9,F-55,113,42:20,43.03%
217,Diane Bray,"Colton, CA",5022,41:58,13:31,F 55-59/10,F-57,114,42:20,44.18%
218,Raphael Gonzalez,"Colton, CA",5077,42:01,13:32,M 25-29/10,M-28,104,42:39,30.71%
219,Jennifer Loftin,"Mentone, CA",5135,42:07,13:34,F 35-39/14,F-37,115,42:55,35.83%
220,Daniel Gutierrez,"Loma Linda, CA",5546,42:17,13:37,M 60-64/3,M-62,105,42:41,38.60%
221,Margaret Ruiz,"Beaumont, CA",5184,42:31,13:41,F 50-54/10,F-52,116,43:12,40.82%
222,Kathy Calendar,"Highland, CA",5025,42:33,13:42,F 45-49/18,F-49,117,43:20,39.30%
223,Lloyd Howell,"Redlands, CA",5241,42:38,13:44,M 70-74/1,M-72,106,43:08,42.43%
224,Mariene Martinez,"Moreno Valley, CA",5138,42:42,13:45,F 60-64/5,F-64,118,43:01,48.03%
225,Annette Wilson,"San Bernardino, CA",5230,42:48,13:47,F 50-54/11,F-51,119,43:13,40.05%
226,Kimberly Weir,"Riverside, CA",5224,42:52,13:48,F 35-39/15,F-39,120,43:08,35.55%
227,Evelyn Williams,"Mira Loma, CA",5228,43:48,14:06,F 50-54/12,F-50,121,43:56,38.64%
228,Michelle Ochoa,"Riverside, CA",5160,43:51,14:07,F 40-44/6,F-41,122,44:16,35.21%
229,Christy Bowen,"Redlands, CA",5019,43:52,14:07,F 30-34/14,F-33,123,44:14,33.90%
230,David Peterson,"Corona, CA",5171,44:02,14:11,M 70-74/2,M-72,107,44:14,41.08%
231,Deborah Gervais,"Long Beach, CA",5270,44:09,14:13,F 45-49/19,F-45,124,45:09,36.18%
232,Margaret Fields,"Los Angeles, CA",5062,44:31,14:20,F 65-69/3,F-67,125,45:45,48.24%
233,James Babcock,"San Bernardino, CA",5010,44:42,14:24,M 55-59/7,M-56,108,45:41,34.69%
234,Laura Lampman,"Mentone, CA",5123,44:59,14:29,F 30-34/15,F-34,126,45:35,33.14%
235,Larissa Vazquez,"Redlands, CA",5261,45:09,14:32,F 25-29/16,F-26,127,45:45,32.79%
236,James Matlock,"Yucaipa, CA",5324,45:35,14:41,M 50-54/8,M-54,109,46:30,33.43%
237,Jeremiah Delacruz,"San Bernardino, CA",5050,45:35,14:41,M 30-34/10,M-30,110,46:12,28.38%
238,Dee Cajiuat,"Yucaipa, CA",5272,45:40,14:42,F 45-49/20,F-47,128,46:10,35.74%
239,Muriel Berger,"Riverside, CA",5259,45:51,14:46,F 75-79/1,F-79,129,46:41,57.82%
240,Hank Smith,"Riverside, CA",5277,46:06,14:51,M 75-79/1,M-79,111,46:12,44.56%
241,Rylie Horn,"Riverside, CA",5101,46:28,14:58,F 10-12/9,F-10,130,46:28,36.74%
242,Leticia Cardinal,"Rialto, CA",5274,47:16,15:13,F 35-39/16,F-35,131,50:22,31.64%
243,Nora Pedroza,"Bloomington, CA",5167,47:17,15:13,F 35-39/17,F-36,132,50:23,31.77%
244,Sonia Mendoza,"Redlands, CA",5142,47:17,15:13,F 30-34/16,F-30,133,50:23,31.31%
245,Kristen Schechtman,"Riverside, CA",15191,47:40,15:21,F 45-49/21,F-45,134,47:51,33.51%
246,Dustin Hamm,"Upland, CA",5088,47:54,15:25,M 25-29/11,M-25,112,48:19,26.94%
247,Chris Fish,"Azusa, CA",5064,47:55,15:26,M 20-24/11,M-24,113,48:23,26.93%
248,Amber Fish,"Azusa, CA",5063,48:01,15:28,F 25-29/17,F-25,135,48:29,30.83%
249,Johnalyn Asebedo,"Upland, CA",5007,48:09,15:30,F 20-24/9,F-24,136,48:38,30.75%
250,Joan Williams,"Fontana, CA",5246,48:16,15:32,F 60-64/6,F-60,137,49:29,40.07%
251,Sue Nice,"Claremont, CA",5157,48:16,15:32,F 60-64/7,F-63,138,49:29,41.83%
252,Sharon Fabbri,"Highland, CA",5057,48:16,15:32,F 55-59/11,F-55,139,49:29,37.41%
253,Luke Cotton,"Redlands, CA",5036,48:31,15:37,M 07-09/6,M-7,114,57:07,36.70%
254,Kris Graham,"Phelan, CA",5078,48:37,15:39,F 50-54/13,F-52,140,49:22,35.70%
255,Jeremy Kim,"Yucaipa, CA",5120,48:37,15:39,M 07-09/7,M-8,115,57:13,35.01%
256,Christine Ro,"Columbia, MD",5343,48:46,15:42,F 35-39/18,F-37,141,57:11,30.94%
257,Emma Kim,"Yucaipa, CA",5118,48:47,15:42,Unknown/1,F-6,142,57:23,40.05%
258,Jennifer Yang,"Jacksonville, FL",5232,48:59,15:46,F 30-34/17,F-32,143,57:23,30.29%
259,Valarie Applegate,"Yucaipa, CA",5004,48:59,15:46,F 45-49/22,F-48,144,49:29,33.73%
260,Saramaria Aguirre,"Mentone, CA",5265,49:03,15:48,F 30-34/18,F-32,145,49:38,30.25%
261,Rhonda Philson,"Yucaipa, CA",5268,49:30,15:56,F 55-59/12,F-58,146,49:45,37.99%
262,Janice Ruiz,"Redlands, CA",5269,49:31,15:56,F 55-59/13,F-56,147,49:45,36.94%
263,Nancy Hall,"Beaumont, CA",5085,49:35,15:58,F 50-54/14,F-53,148,49:51,35.47%
264,Cynthia Corbett,"Redlands, CA",5035,49:41,16:00,F 35-39/19,F-36,149,50:38,30.23%
265,Kristen Barefield,"Hesperia, CA",5012,49:41,16:00,F 20-24/10,F-24,150,50:39,29.80%
266,Meagan Prendergast,"San Bernardino, CA",5175,49:41,16:00,F 25-29/18,F-27,151,50:39,29.80%
267,Annette Villa,"Ontario, CA",5221,49:42,16:00,F 30-34/19,F-30,152,50:39,29.79%
268,Katt Velasquez,"San Bernardino, CA",5220,49:53,16:04,F 45-49/23,F-48,153,50:41,33.12%
269,Pushpa Nowrangi,"Loma Linda, CA",5296,49:54,16:04,F 50-54/15,F-54,154,50:42,35.68%
270,Vincent Del Pizzo,"Riverside, CA",5048,50:04,16:07,M 65-69/3,M-69,116,51:20,34.83%
271,Luana Ball,"Riverside, CA",5011,50:37,16:18,F 40-44/7,F-44,155,50:59,31.26%
272,Cindy Gonzalez,"Riverside, CA",5076,50:38,16:18,F 45-49/24,F-45,156,51:00,31.54%
273,Venkata Dasari,"Loma Linda, CA",5280,50:58,16:25,M 45-49/12,M-45,117,51:03,27.84%
274,Danielle Mitchell,"Highland, CA",5145,51:06,16:27,F 35-39/20,F-38,157,51:45,29.66%
275,Dawn Jorge,"Moreno Valley, CA",5115,51:12,16:29,F 30-34/20,F-34,158,51:29,29.11%
276,Cheyrl Crandall,"Moreno Valley, CA",5038,51:12,16:29,F 60-64/8,F-60,159,51:29,37.77%
277,Christy Williams,"Moreno Valley, CA",5258,51:22,16:32,F 45-49/25,F-46,160,52:09,31.42%
278,Bettie Spatafora,"Menifee, CA",5198,51:40,16:38,F 65-69/4,F-67,161,53:59,41.55%
279,Daniel Mendoza,"Norco, CA",5327,51:54,16:43,M 10-12/16,M-12,118,52:17,28.65%
280,Sharon Lumban-Gaol,"Loma Linda, CA",5137,52:06,16:47,F 40-44/8,F-42,162,53:00,29.86%
281,Liona Lumban-Gaol,"Loma Linda, CA",5242,52:06,16:47,F 07-09/3,F-7,163,53:01,36.03%
282,Teri Arce,"Redlands, CA",5005,52:58,17:03,F 55-59/14,F-58,164,53:39,35.51%
283,Norma Roberts,"Redlands, CA",5178,52:58,17:03,F 65-69/5,F-66,165,53:39,39.91%
284,Steve Roberts,"Redlands, CA",5179,52:58,17:03,M 60-64/4,M-60,119,53:39,30.28%
285,Sally Beese,"Nuevo, CA",5326,53:16,17:09,F 60-64/9,F-62,166,54:13,37.37%
286,Rebecca Mendoza,"Norco, CA",5323,53:27,17:12,F 55-59/15,F-59,167,54:24,35.65%
287,Nyla Cook,"Norco, CA",5329,53:39,17:16,F 80-99/1,F-88,168,54:35,67.00%
288,Judith Hall,"La Quinta, CA",5084,54:05,17:25,F 30-34/21,F-31,169,54:05,27.40%
289,Denise Petersen,"Redlands, CA",5169,54:08,17:26,F 35-39/21,F-36,170,54:08,27.75%
290,Heather Petersen,"Beaumont, CA",5170,54:08,17:26,F 30-34/22,F-34,171,54:08,27.53%
291,Bonnie Nelson,"Loma Linda, CA",5155,54:15,17:28,F 45-49/26,F-47,172,1:02:51,30.09%
292,Thomas Kim,"Yucaipa, CA",5122,54:16,17:28,M 40-44/6,M-40,120,1:02:51,25.16%
293,Barbara Jordan,"Sugarloaf, CA",5114,55:55,18:00,F 65-69/6,F-65,173,56:30,37.24%
294,Jaimi Breckley,"Camarillo, CA",5023,55:57,18:01,F 40-44/9,F-43,174,56:31,28.04%
295,Marin Ciobanu,"Loma Linda, CA",5300,56:26,18:10,M 80-99/2,M-82,121,57:03,39.26%
296,Monte Stewart,"Rialto, CA",5276,57:36,18:33,M 35-39/8,M-37,122,1:00:45,23.18%
297,Yessica Stewart,"Rialto, CA",5275,57:36,18:33,F 35-39/22,F-36,175,1:00:46,26.08%
298,Nidhi Kejriwal,"Loma Linda, CA",5286,57:43,18:35,Unknown/2,F-6,176,1:01:18,33.85%
299,Stephanie Gonzalez,"Diamond Bar, CA",5251,59:27,19:08,F 40-44/10,F-40,177,1:00:55,25.80%
300,Hannah Gallaher,"Temple City, CA",5067,59:29,19:09,F 16-19/4,F-18,178,1:00:57,25.17%
301,Paula Gallaher,"Temple City, CA",5068,59:29,19:09,F 45-49/27,F-49,179,1:00:57,28.11%
302,Madonna Steinmetz,"Rancho Cucamonga, CA",5201,59:32,19:10,F 50-54/16,F-50,180,1:00:13,28.42%
303,Gladys Mathes,"Redlands, CA",5139,1:02:09,20:00,F 80-99/2,F-86,181,1:02:42,52.60%
304,Isaac Kim,"Loma Linda, CA",5119,1:02:51,20:14,M 30-34/11,M-31,123,1:02:51,20.64%
305,Shay Shay,", ",5344,1:04:29,20:46,M 35-39/9,M-38,124,1:04:29,20.86%
306,Monique Levell,"Ontario, CA",5129,1:04:30,20:46,F 40-44/11,F-42,182,1:04:30,24.11%
307,Bob Dickson,"Upland, CA",5051,1:06:35,21:26,M 55-59/8,M-58,125,1:06:54,23.69%
308,Toni Dickson,"Upland, CA",5052,1:06:38,21:27,F 55-59/16,F-59,183,1:06:56,28.60%
309,Deatra Lee,"Beaumont, CA",5340,1:10:44,22:46,F 25-29/19,F-29,184,1:11:51,20.93%
310,Leonard Acosta,"Banning, CA",5341,1:10:44,22:46,M 07-09/8,M-8,126,1:11:51,24.06%
311,Cheri Blue,"Redlands, CA",5239,1:40:06,32:13,F 25-29/20,F-25,185,1:40:56,14.79%
312,Ginny Minutello,"Riverside, CA",5337,2:01:31,39:07,F 45-49/28,F-48,186,2:02:04,13.59%
313,Jeff Perlis,"Loma Linda, CA",5278,2:29:01,47:58,M 50-54/9,M-51,127,2:40:49, 9.98%
