Place,Name,Location,Bib,Net Time,Pace,Division/Place,Sex-Age,Sex-Place,Gun Time,Age Grade
1,Tony Torres,"Cedar Glen, CA",429,1:17:43,5:56,M 45-49/1,M-45,1,1:17:43,82.65%
2,Kahalau Kane,"San Bernardino, CA",337,1:22:48,6:19,M 25-29/1,M-27,2,1:22:48,71.55%
3,Alfonza Willis,"Temecula, CA",254,1:24:26,6:27,M 40-44/1,M-43,3,1:24:26,74.92%
4,Jason Carney,"Yucaipa, CA",418,1:26:29,6:36,M 40-44/2,M-42,4,1:26:38,72.49%
5,Alex Nelson,"Redlands, CA",315,1:28:56,6:47,M 01-17/1,M-15,5,1:29:19,72.31%
6,Dustin Culhan,"Palm Desert, CA",253,1:29:18,6:49,M 35-39/1,M-37,6,1:29:21,67.54%
7,Teresa Castaneda,"San Bernardino, CA",426,1:29:58,6:52,F 30-34/1,F-34,1,1:29:58,73.67%
8,Andrew Zalsman,"Yucaipa, CA",389,1:30:00,6:52,M 30-34/1,M-30,7,1:30:42,65.81%
9,Ismael Carrillo,"Moreno Valley, CA",209,1:30:26,6:54,M 30-34/2,M-31,8,1:30:28,65.49%
10,Chad Nelson,"Redlands, CA",412,1:31:44,7:00,M 01-17/2,M-17,9,1:32:08,67.87%
11,Geoff Roche,"Redlands, CA",259,1:31:55,7:01,M 40-44/3,M-40,10,1:32:10,67.12%
12,Erin Skrettingland,"Murrieta, CA",70,1:32:38,7:04,F 35-39/1,F-36,2,1:32:38,72.02%
13,Sydney Vollhardt,"Yucaipa, CA",215,1:33:51,7:10,F 01-17/1,F-17,3,1:33:51,72.35%
14,Bjorn Harboldt,"Loma Linda, CA",416,1:34:27,7:13,M 25-29/2,M-27,11,1:34:58,62.71%
15,Melinda Driscoll,"San Bernardino, CA",392,1:34:41,7:14,F 35-39/2,F-39,4,1:34:42,71.44%
16,Matthew Newbern,"Loma Linda, CA",60,1:36:10,7:21,M 30-34/3,M-32,12,1:36:42,61.61%
17,Greg Phillips,"San Bernardino, CA",179,1:36:36,7:23,M 45-49/2,M-49,13,1:36:49,68.73%
18,Jess Aguilar,"Yucaipa, CA",216,1:36:52,7:24,F 18-24/1,F-18,5,1:36:56,69.02%
19,Victor Vollhardt,"Yucaipa, CA",214,1:36:52,7:24,M 40-44/4,M-43,14,1:36:55,65.24%
20,Lindsay Shadle,"Loma Linda, CA",188,1:37:08,7:25,F 25-29/1,F-29,6,1:38:53,67.79%
21,Rhea Deroian,"Hesperia, CA",294,1:37:14,7:26,F 25-29/2,F-28,7,1:37:15,67.72%
22,Jacqueline Lutz,"Palmer, AK",410,1:39:08,7:34,F 18-24/2,F-24,8,1:39:08,66.42%
23,Daniel Alves,"Loma Linda, CA",380,1:39:34,7:36,M 45-49/3,M-45,15,1:39:58,64.51%
24,Lesford Duncan,"Loma Linda, CA",386,1:40:09,7:39,M 25-29/3,M-26,16,1:40:27,59.14%
25,Tarik Inge,"Oceanside, CA",342,1:40:43,7:41,M 40-44/5,M-43,17,1:41:02,62.74%
26,Kenneth Deroian,"Hesperia, CA",366,1:41:48,7:46,M 30-34/4,M-30,18,1:41:48,58.18%
27,Kate Evelsizer,"Loma Linda, CA",30,1:41:54,7:47,F 25-29/3,F-26,9,1:41:55,64.62%
28,Andrea Johnsonbernardy,"Sn Bernardino, CA",402,1:42:15,7:48,F 50-54/1,F-50,10,1:42:18,72.94%
29,James Lee,"Loma Linda, CA",288,1:43:04,7:52,M 35-39/2,M-37,19,1:45:07,58.52%
30,Adam Bussey,"Loma Linda, CA",166,1:43:33,7:54,M 18-24/1,M-23,20,1:44:14,57.20%
31,Chris Cox,"Highland, CA",119,1:44:37,7:59,M 55-59/1,M-55,21,1:44:52,66.86%
32,Larry Anthony,"Loma Linda, CA",245,1:44:47,8:00,M 35-39/3,M-35,22,1:45:01,56.95%
33,Caitlin Linas,"Loma Linda, CA",287,1:44:50,8:00,F 25-29/4,F-25,11,1:45:10,62.81%
34,Cayde Ritchie,"Loma Linda, CA",428,1:44:52,8:00,M 25-29/4,M-27,23,1:44:59,56.48%
35,Camillia Brieno,"Highland, CA",185,1:45:03,8:01,F 25-29/5,F-25,12,1:45:35,62.68%
36,Edmund Ko,"Loma Linda, CA",123,1:45:22,8:03,M 35-39/4,M-36,24,1:46:01,56.91%
37,Joe Zini,"Victorville, CA",72,1:45:55,8:05,M 45-49/4,M-45,25,1:46:39,60.64%
38,Alex Tongpo,"Loma Linda, CA",226,1:45:58,8:05,M 01-17/3,M-16,26,1:46:06,59.64%
39,Kathy Hernandez,"Riverside, CA",327,1:46:06,8:06,F 50-54/2,F-51,13,1:46:17,71.17%
40,Steve Lee,"Redlands, CA",79,1:46:19,8:07,M 40-44/6,M-40,27,1:46:55,58.03%
41,Neal Christopher,"Moreno Valley, CA",262,1:46:29,8:08,M 25-29/5,M-26,28,1:49:59,55.62%
42,Pariss Saedinia,"Fontana, CA",238,1:46:34,8:08,M 60-64/1,M-63,29,1:46:36,70.69%
43,John Leach,"Highland, CA",405,1:46:38,8:09,M 45-49/5,M-49,30,1:46:47,62.26%
44,Olivia Guerrero,"Riverside, CA",328,1:46:45,8:09,F 50-54/3,F-51,14,1:46:56,70.74%
45,Flint Johnston,"Loma Linda, CA",108,1:47:06,8:11,M 35-39/5,M-36,31,1:47:25,55.98%
46,Justin Carter,"Redlands, CA",35,1:47:07,8:11,M 35-39/6,M-35,32,1:47:25,55.71%
47,Lee Lokboj,"Loma Linda, CA",199,1:47:08,8:11,M 25-29/6,M-27,33,1:48:42,55.28%
48,Alexander Long,"Loma Linda, CA",285,1:47:32,8:13,M 25-29/7,M-26,34,1:47:37,55.08%
49,Jack Davis,"Redlands, CA",136,1:47:45,8:14,M 40-44/7,M-41,35,1:48:46,57.72%
50,Danielle Christy,"Murrieta, CA",413,1:47:57,8:15,F 18-24/3,F-24,15,1:47:57,60.99%
51,Dave Lane,"Riverside, CA",419,1:47:59,8:15,M 55-59/2,M-57,36,1:48:09,65.95%
52,Aarin Kenaga,"Twin Peaks, CA",134,1:48:33,8:17,F 50-54/4,F-53,16,1:48:40,71.36%
53,Brandon Soelberg,"Loma Linda, CA",184,1:48:38,8:18,M 25-29/8,M-26,37,1:48:50,54.52%
54,Stewart Boden,"Sn Bernrdno, CA",425,1:49:14,8:20,M 60-64/2,M-60,38,1:50:23,67.02%
55,Jeffrey Schall,"Loma Linda, CA",66,1:49:30,8:22,M 25-29/9,M-27,39,1:49:42,54.09%
56,Samuel Rios,"Redlands, CA",381,1:49:41,8:22,M 25-29/10,M-26,40,1:51:05,54.00%
57,Albert Lee,"Redlands, CA",139,1:50:09,8:25,M 55-59/3,M-57,41,1:51:49,64.65%
58,Douglas Schuessler,"UM, ",178,1:50:57,8:28,M 60-64/3,M-60,42,1:51:38,65.99%
59,Alexander Min,"Loma Linda, CA",65,1:50:59,8:28,M 25-29/11,M-26,43,1:51:05,53.36%
60,Wayne Rogers,"Ontario, CA",196,1:51:25,8:30,M 60-64/4,M-60,44,1:52:06,65.71%
61,Gene Mastas,"Beaumont, CA",331,1:51:54,8:33,M 60-64/5,M-61,45,1:53:51,66.04%
62,Jeremy Hubbard,"Redlands, CA",415,1:51:59,8:33,M 30-34/5,M-30,46,1:54:18,52.89%
63,Rick Sykora,"Riverside, CA",135,1:52:20,8:35,M 65-69/1,M-65,47,1:52:31,68.36%
64,Don Benedicto,"Colton, CA",373,1:52:26,8:35,M 55-59/4,M-57,48,1:53:05,63.34%
65,Ryan Haas,"Redlands, CA",422,1:53:34,8:40,M 18-24/2,M-24,49,1:55:15,52.15%
66,Anastasia Belliard,"Loma Linda, CA",247,1:53:38,8:41,F 40-44/1,F-42,17,1:55:15,60.67%
67,Dan Berry,"Yucaipa, CA",414,1:53:39,8:41,M 45-49/6,M-45,50,1:54:30,56.51%
68,Alexandria Brent,"Loma Linda, CA",146,1:54:06,8:43,F 25-29/6,F-28,18,1:54:18,57.71%
69,Andrew Correces,"Loma Linda, CA",124,1:54:27,8:44,M 25-29/12,M-26,51,1:54:59,51.75%
70,Mike Calendar,"Highland, CA",86,1:54:44,8:46,M 50-54/1,M-53,52,1:56:20,59.90%
71,David Little,"Twin Peaks, CA",140,1:54:55,8:46,M 30-34/6,M-31,53,1:55:27,51.54%
72,Ivan Buchheim,"Romoland, CA",94,1:54:56,8:47,M 35-39/7,M-37,54,1:57:16,52.47%
73,Robert Stickel,"Highland, CA",155,1:55:59,8:51,M 40-44/8,M-42,55,1:56:03,54.05%
74,Ronald Stockton,"Redlands, CA",118,1:56:11,8:52,M 40-44/9,M-44,56,1:56:49,54.84%
75,Olive Delizo,"Redlands, CA",263,1:56:38,8:54,F 45-49/1,F-46,19,1:57:06,61.15%
76,Joshua Wilburn,"Redlands, CA",237,1:56:44,8:55,M 25-29/13,M-25,57,1:57:40,50.74%
77,Carol Cronk,"Apple Valley, CA",224,1:56:50,8:55,F 50-54/5,F-51,20,1:57:05,64.63%
78,Marilyn Chau,"Loma Linda, CA",236,1:56:51,8:55,F 25-29/7,F-25,21,1:57:47,56.35%
79,Dan-Pat Kelley,"Covina, CA",84,1:57:29,8:58,M 50-54/2,M-53,58,1:57:47,58.50%
80,Jong Ko,"Moreno Valley, CA",349,1:57:56,9:00,M 65-69/2,M-65,59,1:58:35,65.12%
81,Jason Sacdalan,"Riverside, CA",355,1:57:59,9:00,M 35-39/8,M-39,60,1:58:02,51.88%
82,Heather Fitzgerald,"Cherry Valley, CA",359,1:58:19,9:02,F 50-54/6,F-50,22,1:59:10,63.03%
83,Rebeuno Calixterio,"Loma Linda, CA",93,1:58:23,9:02,M 55-59/5,M-57,61,1:58:47,60.15%
84,Michelle Benavides,"Fontana, CA",153,1:58:33,9:03,F 30-34/2,F-34,23,2:01:19,55.91%
85,Christopher Thomas,"Redlands, CA",390,1:58:53,9:05,M 30-34/7,M-34,62,1:59:11,50.01%
86,Samir Kubba,"Redlands, CA",401,1:59:31,9:07,M 50-54/3,M-50,63,2:00:05,56.03%
87,Jay Sandhu,"Redlands, CA",228,1:59:37,9:08,M 50-54/4,M-53,64,2:00:10,57.46%
88,Kirsty Parra,"Yucaipa, CA",391,1:59:58,9:10,F 35-39/3,F-37,24,2:00:03,55.83%
89,Mustafa Abdalla,"Redlands, CA",181,2:00:19,9:11,M 55-59/6,M-56,65,2:00:22,58.66%
90,Edward Mariscal,"Highland, CA",332,2:02:12,9:20,M 40-44/10,M-42,66,2:02:22,51.30%
91,Peter Chung,"Loma Linda, CA",168,2:02:36,9:22,M 65-69/3,M-69,67,2:03:12,65.19%
92,Jasmin De La Cruz,"Hesperia, CA",291,2:02:39,9:22,F 30-34/3,F-33,25,2:05:09,53.91%
93,Lindy Washburn,"Redlands, CA",347,2:02:39,9:22,F 35-39/4,F-35,26,2:04:13,54.20%
94,Beban Quijada,"Redlands, CA",101,2:02:42,9:22,M 35-39/9,M-38,68,2:04:20,49.50%
95,Eun-Joo Choi,"Loma Linda, CA",57,2:02:45,9:22,F 40-44/2,F-44,27,2:03:20,57.05%
96,Erika Layne,"Loma Linda, CA",126,2:02:53,9:23,F 18-24/4,F-21,28,2:03:41,53.58%
97,John Lohr Jr,"Yucaipa, CA",201,2:03:15,9:25,M 40-44/11,M-43,69,2:04:18,51.27%
98,Bill Oesterlein,"Redlands, CA",323,2:04:02,9:28,M 50-54/5,M-54,70,2:04:50,55.89%
99,Katie Christian,"Rancho Cucamonga, CA",165,2:04:04,9:28,F 35-39/5,F-37,29,2:04:14,53.98%
100,Zane Yi,"Claremont, CA",346,2:04:15,9:29,M 35-39/10,M-36,71,2:06:15,48.26%
101,Kim Walker,"Lake Arrowhead, CA",281,2:04:21,9:30,F 50-54/7,F-51,30,2:04:27,60.72%
102,Daniel Lee,"Redlands, CA",107,2:04:49,9:32,M 18-24/3,M-24,72,2:06:54,47.45%
103,Nicole Rubio,"Redlands, CA",80,2:05:04,9:33,F 25-29/8,F-25,31,2:05:13,52.65%
104,Carlynn Nelson,"Redlands, CA",97,2:05:04,9:33,F 18-24/5,F-23,32,2:05:13,52.65%
105,Patrick Valentine,"Helena, MT",68,2:05:05,9:33,M 50-54/6,M-52,73,2:06:36,54.46%
106,Lola Ackerman,"Beaumont, CA",235,2:05:25,9:34,F 70-74/1,F-70,33,2:06:12,78.97%
107,Sunder Nambiar,"Loma Linda, CA",105,2:06:13,9:38,M 55-59/7,M-57,74,2:06:56,56.42%
108,Bevan White,"Claremont, CA",371,2:07:15,9:43,M 40-44/12,M-42,75,2:07:39,49.27%
109,Joyalene Ng,"Loma Linda, CA",69,2:07:32,9:44,F 25-29/9,F-28,34,2:09:40,51.63%
110,Kelcie Alexander,"Loma Linda, CA",353,2:08:26,9:48,F 18-24/6,F-24,35,2:09:41,51.27%
111,Dan Lim,"Loma Linda, CA",73,2:08:29,9:49,M 55-59/8,M-59,76,2:09:08,56.46%
112,Timothy Jung,"Loma Linda, CA",289,2:08:30,9:49,M 70-74/1,M-71,77,2:09:08,63.55%
113,Brian Croft,"Redlands, CA",154,2:08:31,9:49,M 35-39/11,M-37,78,2:09:13,46.93%
114,Jeffry Kaatz,"Loma Linda, CA",58,2:09:05,9:51,M 55-59/9,M-56,79,2:09:35,54.67%
115,Charles Dusenberry,"Redlands, CA",52,2:09:27,9:53,M 65-69/4,M-65,80,2:10:19,59.32%
116,Dave Fabruada,"Grand Terrace, CA",187,2:09:32,9:53,M 50-54/7,M-50,81,2:12:19,51.69%
117,Andrew Piper,"Riverside, CA",620,2:09:44,9:54,M 30-34/8,M-30,82,2:12:13,45.65%
118,Samantha Serna,"Riverside, CA",621,2:09:45,9:54,F 25-29/10,F-28,36,2:12:13,50.75%
119,April Russell,"Loma Linda, CA",78,2:09:52,9:55,F 25-29/11,F-28,37,2:10:47,50.70%
120,Christine Wilson,"Yucaipa, CA",132,2:10:32,9:58,F 40-44/3,F-41,38,2:12:16,52.45%
121,Brett Walls,"Loma Linda, CA",340,2:11:09,10:01,M 40-44/13,M-42,83,2:11:39,47.80%
122,Courtney Hughes,"Redlands, CA",205,2:11:13,10:01,F 30-34/4,F-30,39,2:15:12,50.19%
123,Benjamin Lee,"Riverside, CA",427,2:11:23,10:02,M 55-59/10,M-58,84,2:12:01,54.69%
124,Jody Deleone,"Riverside, CA",396,2:11:40,10:03,F 45-49/2,F-48,40,2:11:57,55.31%
125,Crystal Wongchalermthan,"Temple City, CA",258,2:11:42,10:03,F 18-24/7,F-23,41,2:13:17,49.99%
126,Irene Dorado,"Hesperia, CA",252,2:12:02,10:05,F 35-39/6,F-39,42,2:13:22,51.23%
127,Kenneth Hart,"Colton, CA",424,2:12:05,10:05,M 70-74/2,M-71,85,2:12:48,61.82%
128,Joanna Daetwiler,"Loma Linda, CA",297,2:12:46,10:08,F 30-34/5,F-32,43,2:15:31,49.72%
129,Megan Tooker,"Yucaipa, CA",100,2:12:46,10:08,F 30-34/6,F-33,44,2:15:31,49.81%
130,Amy Oster,"Loma Linda, CA",296,2:12:47,10:08,F 30-34/7,F-31,45,2:15:31,49.64%
131,Lolita Harper,"Chino Hills, CA",361,2:13:16,10:10,F 35-39/7,F-36,46,2:13:26,50.06%
132,Romelle Larsen,"Loma Linda, CA",316,2:13:36,10:12,F 40-44/4,F-44,47,2:13:56,52.41%
133,Katie Colletta,"Santa Clarita, CA",360,2:14:13,10:15,F 18-24/8,F-21,48,2:14:42,49.06%
134,Perri Putrasahan,"Redlands, CA",362,2:14:23,10:15,M 45-49/7,M-49,86,2:15:07,49.40%
135,Diane Barnes,"Victorville, CA",268,2:15:01,10:18,F 35-39/8,F-39,49,2:18:05,50.10%
136,Jose Kadry,"Redlands, CA",32,2:15:05,10:19,M 30-34/9,M-34,87,2:15:47,44.02%
137,Vik Chakravarthy,"Loma  Linda, CA",191,2:15:06,10:19,M 18-24/4,M-24,88,2:17:03,43.84%
138,Ricardo Borja,"Beaumont, CA",257,2:16:23,10:25,M 65-69/5,M-67,89,2:16:49,57.43%
139,Raymund Galo,"Rancho Cucamonga, CA",282,2:16:37,10:26,M 45-49/8,M-45,90,2:18:06,47.01%
140,Cathy Comilang,"Redlands, CA",31,2:16:38,10:26,F 30-34/8,F-31,50,2:17:19,48.24%
141,Angie Lam,"Grand Terrace, CA",141,2:17:08,10:28,F 30-34/9,F-31,51,2:17:56,48.06%
142,Todd Lamph,"Riverside, CA",421,2:17:27,10:30,M 50-54/8,M-52,91,2:19:13,49.56%
143,Marianne Demirdji,"Highland, CA",45,2:17:49,10:31,F 18-24/9,F-23,52,2:19:31,47.77%
144,Peter Toller,"Hesperia, CA",43,2:17:55,10:32,M 50-54/9,M-53,92,2:20:54,49.83%
145,Brent Rosen,"Fontana, CA",28,2:18:38,10:35,M 40-44/14,M-41,93,2:19:31,44.86%
146,Sandra Stringham,"Rialto, CA",23,2:18:41,10:35,F 50-54/8,F-54,53,2:19:31,56.57%
147,Charles Stringham,"Rialto, CA",24,2:18:48,10:36,M 50-54/10,M-54,94,2:19:39,49.95%
148,Brenda Lamph,"Riverside, CA",423,2:19:00,10:37,F 50-54/9,F-52,54,2:20:45,55.02%
149,Kamal Kejriwal,"Redlands, CA",400,2:19:08,10:37,M 40-44/15,M-44,95,2:19:43,45.79%
150,Larissa Benigno,"Winchester, CA",350,2:19:25,10:39,F 40-44/5,F-42,55,2:20:12,49.45%
151,Brittany Beckwith,"Loma Linda, CA",109,2:21:09,10:46,F 25-29/12,F-26,56,2:22:49,46.65%
152,Arvin Tanag,"Loma Linda, CA",330,2:21:14,10:47,M 25-29/14,M-28,96,2:23:31,41.93%
153,Nativa Rodeback,"Loma Linda, CA",96,2:21:16,10:47,F 30-34/10,F-32,57,2:21:22,46.73%
154,J Konior,"Redlands, CA",200,2:21:22,10:47,F 40-44/6,F-41,58,2:22:39,48.43%
155,Elvin Veluz,"Loma Linda, CA",284,2:21:59,10:50,M 55-59/11,M-56,97,2:24:49,49.71%
156,Anne Guzkowski,"Redlands, CA",186,2:22:03,10:51,F 25-29/13,F-27,59,2:22:31,46.35%
157,Elvia Galo,"Rancho Cucamonga, CA",283,2:22:35,10:53,F 45-49/3,F-47,60,2:24:02,50.53%
158,Christa Hash,"Loma Linda, CA",159,2:22:42,10:54,F 25-29/14,F-29,61,2:24:32,46.14%
159,John Mejia,"Loma Linda, CA",77,2:22:50,10:54,M 25-29/15,M-27,98,2:23:08,41.46%
160,Virnaliza Buscagan,"Perris, CA",397,2:23:05,10:55,F 45-49/4,F-47,62,2:23:28,50.35%
161,Matthew Streelman,"Colton, CA",343,2:23:14,10:56,M 25-29/16,M-29,99,2:25:21,41.35%
162,Charles Maddux,"Loma Linda, CA",368,2:23:14,10:56,M 25-29/17,M-25,100,2:25:20,41.35%
163,Joy Bradley,"Loma Linda, CA",220,2:23:53,10:59,F 45-49/5,F-48,63,2:25:38,50.61%
164,Bruce Bradley,"Loma Linda, CA",221,2:23:54,10:59,M 50-54/11,M-50,101,2:25:38,46.53%
165,Leah Zalsman,"Yucaipa, CA",395,2:23:59,10:59,F 30-34/11,F-33,64,2:24:43,45.92%
166,George Loera,"Fontana, CA",48,2:24:14,11:01,M 45-49/9,M-49,102,2:26:01,46.03%
167,Doug Rowand,"Highland, CA",239,2:24:19,11:01,M 65-69/6,M-67,103,2:24:40,54.27%
168,Bianca Villegas,"Fontana, CA",152,2:24:52,11:04,F 25-29/15,F-29,65,2:25:44,45.45%
169,Liane Burke,"Mentone, CA",98,2:24:53,11:04,F 30-34/12,F-34,66,2:25:28,45.74%
170,Teresa Morris,"Yucaipa, CA",329,2:25:38,11:07,F 55-59/1,F-55,67,2:26:09,54.58%
171,Dawn Vinning,"Porterville, CA",250,2:26:05,11:09,F 45-49/6,F-49,68,2:27:56,50.43%
172,Karen Rubio,"Victorville, CA",272,2:26:05,11:09,F 30-34/13,F-31,69,2:28:35,45.12%
173,Wayne Dysinger,"Loma Linda, CA",169,2:26:15,11:10,M 50-54/12,M-53,104,2:28:13,46.99%
174,Lucina Bartlett,"Redlands, CA",67,2:26:29,11:11,F 30-34/14,F-32,70,2:28:01,45.06%
175,Genesis Punzalan,"Yucaipa, CA",213,2:26:30,11:11,M 40-44/16,M-44,105,2:27:16,43.49%
176,Mariette Wooten,"Murrieta, CA",351,2:26:33,11:11,F 45-49/7,F-45,71,2:27:18,48.21%
177,Ava Dickerson,"Fresno, CA",251,2:27:12,11:14,F 50-54/10,F-52,72,2:29:03,51.95%
178,Darryl Evey,"Santa Ana, CA",625,2:27:19,11:15,M 45-49/10,M-48,106,2:29:08,44.69%
179,Tom Rodriguez,"Pomona, CA",157,2:27:25,11:15,M 30-34/10,M-31,107,2:27:28,40.17%
180,Patrick Bungard,"Loma Linda, CA",88,2:27:55,11:17,M 35-39/12,M-37,108,2:29:19,40.77%
181,Megan Boyce,"Redlands, CA",334,2:28:10,11:19,F 25-29/16,F-27,73,2:30:35,44.44%
182,Yukie Shiratori,"Redlands, CA",261,2:28:10,11:19,F 35-39/9,F-36,74,2:29:26,45.02%
183,Madeline Carritte,"Redlands, CA",313,2:28:12,11:19,F 01-17/2,F-16,75,2:29:57,46.61%
184,Cara Stevenson,"Loma Linda, CA",44,2:28:20,11:19,F 30-34/15,F-30,76,2:29:47,44.40%
185,Rama Tampubolon,"Riverside, CA",430,2:28:29,11:20,M 30-34/11,M-30,109,2:29:06,39.89%
186,Jonathan Chin,"Loma Linda, CA",117,2:29:20,11:24,M 60-64/6,M-62,110,2:30:10,49.95%
187,Crystal Clarke,"Loma Linda, CA",393,2:29:21,11:24,F 25-29/17,F-27,77,2:30:37,44.08%
188,Sherrefa Burchell,"Loma Linda, CA",265,2:29:21,11:24,F 18-24/10,F-23,78,2:30:37,44.08%
189,Deirdre Solomon,"Loma Linda, CA",244,2:29:43,11:26,F 25-29/18,F-27,79,2:31:34,43.98%
190,Stacey Lip,"Redlands, CA",379,2:30:51,11:31,F 50-54/11,F-51,80,2:31:19,50.06%
191,Jane Hoag,"Loma Linda, CA",260,2:31:35,11:34,F 40-44/7,F-41,81,2:32:05,45.16%
192,Corina Rivera,"Highland, CA",367,2:31:39,11:35,F 30-34/16,F-34,82,2:33:17,43.70%
193,Manika Singh,"Oak Hills, CA",348,2:31:48,11:35,F 30-34/17,F-31,83,2:34:19,43.42%
194,Graciela Aguirre,"Highland Ca, CA",16,2:31:48,11:35,F 40-44/8,F-41,84,2:33:18,45.10%
195,Robert Escalante,"Los Angeles, CA",374,2:32:05,11:37,M 30-34/12,M-31,111,2:32:46,38.94%
196,Ruben Escalante,"Riverside, CA",375,2:32:05,11:37,M 55-59/12,M-57,112,2:32:45,46.82%
197,Jeff Gilchrist,"Colton, CA",372,2:32:22,11:38,M 60-64/7,M-61,113,2:35:42,48.50%
198,Letty Marino,"Virginia Beach, VA",383,2:32:29,11:38,F 50-54/12,F-52,85,2:33:17,50.15%
199,Esmerelda Guerrero,"Loma Linda, CA",163,2:32:30,11:38,F 25-29/19,F-28,86,2:32:41,43.17%
200,Adam Basical,"Loma Linda, CA",377,2:32:32,11:39,M 01-17/4,M-17,114,2:35:01,40.82%
201,Sky Martin,"San Bernardino, CA",394,2:32:52,11:40,M 30-34/13,M-32,115,2:35:46,38.75%
202,Elizabeth Lee,"Loma Linda, CA",369,2:32:55,11:40,F 25-29/20,F-25,87,2:35:48,43.06%
203,Sandie Jimenez,"Alta Loma, CA",311,2:33:05,11:41,F 40-44/9,F-42,88,2:34:32,45.03%
204,Valerie Cover,"Grand Terrace, CA",3,2:33:09,11:41,F 30-34/18,F-32,89,2:33:22,43.10%
205,Paul Ghosh,"Colton, CA",388,2:33:14,11:42,M 30-34/14,M-34,116,2:33:51,38.80%
206,Narayanan Lakshmanan,"Redlands, CA",356,2:33:34,11:43,M 35-39/13,M-39,117,2:47:39,39.86%
207,Janet Edelbach,"Loma Linda, CA",407,2:33:40,11:44,F 50-54/13,F-52,90,2:36:28,49.77%
208,Bonnie Chi-Lum,"Loma Linda, CA",406,2:33:45,11:44,F 45-49/8,F-48,91,2:36:33,47.37%
209,Billy Watson,"Loma Linda, CA",317,2:34:00,11:45,M 25-29/18,M-26,118,2:35:34,38.46%
210,Martua Simorangkir,"Redlands, CA",217,2:34:23,11:47,M 25-29/19,M-28,119,2:37:15,38.36%
211,Ben Harding,"Redlands, CA",208,2:34:24,11:47,M 25-29/20,M-29,120,2:38:57,38.36%
212,Lisa Wikert,"Riverside, CA",83,2:34:51,11:49,F 50-54/14,F-50,92,2:35:42,48.16%
213,Ualesi Puni,"Loma Linda, CA",308,2:34:58,11:50,M 45-49/11,M-49,121,2:35:34,42.84%
214,Cathy Anderson,"Rancho Cucamonga, CA",210,2:35:30,11:52,F 50-54/15,F-51,93,2:36:51,48.56%
215,Jim Matiko,"Redlands, CA",61,2:35:30,11:52,M 60-64/8,M-63,122,2:36:54,48.44%
216,Claudette Kabera,"Loma Linda, CA",232,2:35:33,11:52,F 35-39/10,F-35,94,2:36:54,42.73%
217,Ken Wong,"Loma Linda, CA",324,2:36:09,11:55,M 60-64/9,M-61,123,2:36:53,47.32%
218,Robert Pincus,"Loma Linda, CA",192,2:36:18,11:56,M 45-49/12,M-49,124,2:37:23,42.48%
219,Kelly Duval,"Redlands, CA",219,2:36:45,11:58,F 25-29/21,F-27,95,2:37:08,42.00%
220,Kortny Buhrman,"Kennewick, WA",218,2:36:46,11:58,F 30-34/19,F-32,96,2:37:08,42.11%
221,Kaitlyn Kimble,"Loma Linda, CA",398,2:37:11,12:00,F 18-24/11,F-19,97,2:39:38,42.12%
222,Christine Massey,"Redlands, CA",2093,2:37:30,12:01,F 40-44/10,F-41,98,2:41:52,43.46%
223,Kira Basical,"Loma Linda, CA",376,2:37:33,12:02,F 45-49/9,F-49,99,2:40:01,46.76%
224,Nanette Pittenger,"Grand Terrace, CA",280,2:37:34,12:02,F 50-54/16,F-51,100,2:40:23,47.92%
225,Margie Carman,"Grand Terrace, CA",143,2:37:56,12:03,F 30-34/20,F-31,101,2:38:35,41.73%
226,Preston Carman,"Grand Terrace, CA",144,2:37:56,12:03,M 30-34/15,M-34,125,2:38:36,37.65%
227,Michelle McNevin,"Fontana, CA",273,2:38:40,12:07,F 35-39/11,F-37,102,2:39:13,42.21%
228,Alyson Sparks,"Rialto, CA",42,2:38:58,12:08,F 18-24/12,F-24,103,2:40:20,41.42%
229,Joneka Clayton,"Moreno Valley, CA",292,2:39:06,12:09,F 25-29/22,F-27,104,2:40:33,41.38%
230,Nikhil Kasireddy,"Redlands, CA",277,2:39:25,12:10,M 25-29/21,M-27,126,2:40:40,37.15%
231,Woody Smith,"Sn Bernardino, CA",176,2:39:29,12:10,M 60-64/10,M-64,127,2:39:29,47.68%
232,Barbara Hillock-Stevens,"Yucaipa, CA",357,2:39:45,12:12,F 60-64/1,F-62,105,2:41:01,54.81%
233,Cindy Cozart,"Rancho Cucamonga, CA",11,2:40:09,12:13,F 45-49/10,F-46,106,2:41:40,44.53%
234,Anita Barrett,"Redlands, CA",82,2:40:39,12:16,F 55-59/2,F-58,107,2:41:16,51.51%
235,Robin Gossage,"Rancho Cucamonga, CA",85,2:40:40,12:16,F 50-54/17,F-54,108,2:41:16,48.83%
236,Fred Soeprono,"Colton, CA",623,2:41:31,12:20,M 65-69/7,M-67,128,2:43:38,48.49%
237,Zetha Sovyanhadi,"Redlands, CA",411,2:42:03,12:22,M 30-34/16,M-31,129,2:43:24,36.55%
238,Tom Kawal,"Oak Hills, CA",91,2:42:07,12:22,F 55-59/3,F-56,109,2:43:29,49.68%
239,Terzah Deponte,"Rancho Cucamonga, CA",102,2:42:20,12:23,F 40-44/11,F-40,110,2:42:53,41.90%
240,Doris Larrondo,"Loma Linda, CA",293,2:42:42,12:25,F 35-39/12,F-36,111,2:45:26,41.00%
241,Kelley Bass,"Perris, CA",364,2:43:03,12:27,F 18-24/13,F-23,112,2:44:17,40.38%
242,Chad Basical,"Loma Linda, CA",378,2:43:42,12:30,M 01-17/5,M-15,130,2:46:10,39.28%
243,Stephen Lim,"Loma Linda, CA",299,2:44:07,12:32,M 60-64/11,M-64,131,2:45:52,46.33%
244,Jason Dengate,"Redlands, CA",240,2:44:09,12:32,M 40-44/17,M-44,132,2:45:07,38.81%
245,Nirav Mamdani,"Redlands, CA",130,2:45:04,12:36,M 35-39/14,M-36,133,2:46:42,36.32%
246,Haydee Mamdani,"Redlands, CA",131,2:45:05,12:36,F 45-49/11,F-46,113,2:46:43,43.20%
247,Paul Mendonca,"Redlands, CA",278,2:45:34,12:38,M 45-49/13,M-49,134,2:46:49,40.10%
248,Bali Sandhu,"Redlands, CA",227,2:45:53,12:40,F 45-49/12,F-49,114,2:47:06,44.41%
249,Daniel Ninan,"Loma Linda, CA",370,2:45:53,12:40,M 40-44/18,M-42,135,2:48:04,37.79%
250,Tamara Gentilcore,"Highland, CA",354,2:45:54,12:40,F 30-34/21,F-33,115,2:48:04,39.86%
251,Reewa Kejriwal,"Redlands, CA",290,2:45:56,12:40,F 40-44/12,F-42,116,2:47:07,41.55%
252,John Ruiz,"Redlands, CA",234,2:45:57,12:40,F 65-69/1,F-65,117,2:47:10,55.15%
253,Iris Martinez,"Redlands, CA",271,2:46:00,12:40,F 40-44/13,F-41,118,2:47:14,41.24%
254,Annamarie Darnell,"San Bernardino, CA",7,2:46:53,12:44,F 30-34/22,F-33,119,2:48:30,39.62%
255,Carmen Aguilar,"Fontana, CA",8,2:47:03,12:45,F 35-39/13,F-35,120,2:48:33,39.79%
256,Donna Dawson,"Redlands, CA",182,2:47:10,12:46,F 60-64/2,F-63,121,2:48:27,53.15%
257,Gatra Suhari,"Redlands, CA",387,2:48:12,12:50,M 25-29/22,M-25,136,2:48:38,35.21%
258,Nancy Blaire,"Redlands, CA",63,2:48:13,12:50,F 25-29/23,F-26,122,2:50:35,39.14%
259,Linnea Buchheim,"Loma Linda, CA",95,2:48:14,12:50,F 25-29/24,F-29,123,2:50:35,39.14%
260,Theodis Ward,"Loma Linda, CA",319,2:49:21,12:56,M 60-64/12,M-61,137,2:50:57,43.63%
261,Bryan Avila,"Victorville, CA",616,2:49:30,12:56,M 25-29/23,M-25,138,2:54:02,34.94%
262,Emmylou Tolentino,"San Diego, CA",158,2:49:37,12:57,F 30-34/23,F-31,124,2:54:31,38.86%
263,Maresha Gay,"Loma Linda, CA",286,2:49:44,12:57,F 18-24/14,F-24,125,2:51:01,38.79%
264,Al Cazas,"Loma Linda, CA",321,2:50:16,13:00,M 55-59/13,M-57,139,2:52:29,41.82%
265,Linda Mariscal,"Whittier, CA",211,2:50:29,13:01,F 35-39/14,F-39,126,2:50:39,39.68%
266,Larry Machmud,"Loma Linda, CA",276,2:50:57,13:03,M 25-29/24,M-28,140,2:52:15,34.64%
267,Kristin Rochford,"Redlands, CA",10,2:51:45,13:07,F 25-29/25,F-27,127,2:52:47,38.33%
268,Natasha Mote,"Redlands, CA",9,2:51:45,13:07,F 18-24/15,F-24,128,2:52:47,38.33%
269,Minwoo Song,"Loma Linda, CA",365,2:51:50,13:07,M 25-29/25,M-29,141,2:53:05,34.47%
270,Yuthana Kong,"Loma Linda, CA",106,2:52:16,13:09,F 40-44/14,F-43,129,2:54:13,40.32%
271,Rosie Kay,"Fontana, CA",99,2:52:36,13:10,F 25-29/26,F-26,130,2:53:10,38.15%
272,Cindyl Carpenter,"Redlands, CA",170,2:52:39,13:11,F 25-29/27,F-26,131,2:53:53,38.13%
273,John Diaz,"San Bernardino, CA",27,2:52:40,13:11,M 40-44/19,M-40,142,2:53:53,35.73%
274,Lucita Jie,"Loma Linda, CA",399,2:53:06,13:13,F 45-49/13,F-47,132,2:55:34,41.62%
275,Zandro Sarmiento,"Riverside, CA",310,2:53:33,13:15,M 25-29/26,M-29,143,2:54:25,34.12%
276,Santiago Enriquez Jr,"La Puente, CA",164,2:53:51,13:16,M 45-49/14,M-45,144,2:55:37,36.94%
277,Jordan Mojica,"Montclair, CA",36,2:54:08,13:17,F 18-24/16,F-24,133,2:54:28,37.81%
278,Anne Sanders,"Redlands, CA",223,2:55:08,13:22,F 55-59/4,F-58,134,2:57:51,47.25%
279,Francesca Johnson,"Temecula, CA",249,2:55:11,13:22,F 01-17/3,F-15,135,2:55:16,40.14%
280,Vance Johnson,"Temecula, CA",248,2:55:12,13:22,M 45-49/15,M-45,145,2:55:16,36.66%
281,Jose Vasquez,"Riverside, CA",617,2:55:58,13:26,M 25-29/27,M-26,146,3:00:29,33.66%
282,Maribel Puga,"Riverside, CA",615,2:55:59,13:26,F 25-29/28,F-25,136,3:00:30,37.41%
283,David Burt,"Alta Loma, CA",384,2:56:44,13:29,M 50-54/13,M-51,147,2:58:21,38.22%
284,Danelle Johnston,"Loma Linda, CA",270,2:57:43,13:34,F 35-39/15,F-39,137,2:58:21,38.06%
285,Victoria Manurung,"San Bernardino, CA",344,2:58:09,13:36,F 01-17/4,F-16,138,2:59:53,38.77%
286,Baldo De La Tejera,"Riverside, CA",420,2:58:17,13:36,M 65-69/8,M-67,148,2:59:16,43.93%
287,Theresa Pesta,"Colton, CA",233,3:00:08,13:45,F 55-59/5,F-55,139,3:00:53,44.13%
288,Marcella Strong,"Yucaipa, CA",314,3:00:09,13:45,F 50-54/18,F-54,140,3:00:52,43.55%
289,Jonathan Chin,"Loma Linda, CA",51,3:00:52,13:48,M NoAge/1,M-,149,3:03:01, 0.00%
290,William Carter,"Riverside, CA",116,3:02:53,13:57,M 65-69/9,M-69,150,3:04:37,43.70%
291,Tina Cazas,"Loma Linda, CA",320,3:02:54,13:58,F 55-59/6,F-57,141,3:04:37,44.64%
292,Rosa Cortes,"Anaheim, CA",115,3:02:55,13:58,F 55-59/7,F-57,142,3:04:37,44.63%
293,Jeannette Roostai,"Yucaipa, CA",358,3:02:56,13:58,F 70-74/2,F-72,143,3:04:37,55.97%
294,Marian Deleon,"Loma Linda, CA",195,3:02:57,13:58,F 65-69/2,F-68,144,3:04:37,52.41%
295,Odulia Garcia,"Sn Bernrdno, CA",231,3:03:20,14:00,F 35-39/16,F-37,145,3:03:49,36.53%
296,Daria Kelley,"Encino, CA",341,3:03:35,14:01,F 65-69/3,F-66,146,3:04:45,50.63%
297,Michelle Plascencia,"Moreno Valley, CA",269,3:03:39,14:01,F 25-29/29,F-29,147,3:05:02,35.85%
298,Rosa Garcia,"San Bernardino, CA",275,3:03:49,14:02,F 40-44/15,F-40,148,3:03:49,37.01%
299,Lisa Rients,"Brea, CA",312,3:04:24,14:04,F 40-44/16,F-43,149,3:04:51,37.67%
300,Sarah Johnson,"Redlands, CA",274,3:04:26,14:05,F 35-39/17,F-35,150,3:06:13,36.04%
301,Carol Ward,"Beaumont, CA",256,3:04:26,14:05,F 50-54/19,F-53,151,3:06:13,42.00%
302,Val Emick,"Victorville, CA",624,3:04:35,14:05,F 55-59/8,F-58,152,3:07:12,44.83%
303,Casey Aloysius,"Redlands, CA",110,3:06:37,14:15,M 80-99/1,M-82,151,3:07:16,53.74%
304,Bonnie Chin,"Loma Linda, CA",1895,3:08:45,14:24,F 18-24/17,F-24,153,3:12:21,34.88%
305,Sonia Kawal,"Oak Hills, CA",90,3:09:10,14:26,F 40-44/17,F-44,154,3:10:31,37.02%
306,Stacy Valdivia,"Victorville, CA",255,3:10:33,14:33,F 30-34/24,F-30,155,3:10:33,34.56%
307,Lilibeth Fabra,"Colton, CA",202,3:11:04,14:35,F 40-44/18,F-41,156,3:11:04,35.83%
308,Charity Cabreros,"Redlands, CA",203,3:11:05,14:35,F 40-44/19,F-40,157,3:11:05,35.60%
309,Janaire Avergonzado,"Yucaipa, CA",212,3:12:32,14:42,F 40-44/20,F-44,158,3:13:17,36.37%
310,James Babcock,"San Bernardino, CA",172,3:14:16,14:50,M 60-64/13,M-61,152,3:16:59,38.04%
311,Jennifer McKee-Stickel,"Highland, CA",156,3:15:01,14:53,F 35-39/18,F-37,159,3:15:06,34.34%
312,Rajani Lim,"Loma Linda, CA",298,3:15:54,14:57,F 65-69/4,F-65,160,3:17:35,46.72%
313,Ruth Cervantez,"Colton, CA",295,3:16:00,14:58,F 50-54/20,F-53,161,3:17:43,39.52%
314,Cherrie Fe Cosejo,"Loma Linda, CA",161,3:16:33,15:00,F 30-34/25,F-32,162,3:16:33,33.58%
315,Jennifer Ozuna,"Redlands, CA",417,3:17:26,15:04,F 30-34/26,F-32,163,3:19:25,33.43%
316,Jimmy Oei,"Beaumont, CA",145,3:22:54,15:29,M 65-69/10,M-69,153,3:23:33,39.39%
317,Beth Petersen,"Glendale, CA",318,3:23:13,15:31,F 80-99/1,F-82,164,3:23:28,61.29%
318,Sheena Dreher,"Los Angeles, CA",4,3:24:17,15:35,F 18-24/18,F-24,165,3:25:50,32.23%
319,Lisa Beyer,"Riverside, CA",404,3:28:42,15:56,F 50-54/21,F-52,166,3:30:50,36.64%
320,Tanae Beyer,"Riverside, CA",403,3:28:42,15:56,F 30-34/27,F-31,167,3:30:50,31.58%
321,Richard Dawson,"Redlands, CA",183,3:29:02,15:57,M 75-79/1,M-76,154,3:30:19,42.01%
322,Rochelle Webster,"Loma Linda, CA",242,3:30:29,16:04,F 30-34/28,F-31,168,3:32:19,31.31%
323,Raewyn Hankins,"Loma Linda, CA",243,3:30:30,16:04,F 30-34/29,F-32,169,3:32:20,31.36%
324,John Webster,"Riverside, CA",267,3:30:31,16:04,M 60-64/14,M-62,155,3:32:20,35.43%
325,Eric Webster,"Loma Linds, CA",241,3:30:31,16:04,M 80-99/2,M-87,156,3:32:20,56.10%
326,Kevin Webster,"Oakland, CA",336,3:30:32,16:04,M 25-29/28,M-27,157,3:32:20,28.13%
327,Devadas Moses,"Colton, CA",198,3:30:52,16:06,M 65-69/11,M-66,158,3:31:27,36.77%
328,Dharmaseeli Moses,"Colton, CA",197,3:30:53,16:06,F 60-64/3,F-62,170,3:31:27,41.52%
329,Dennis Iocco,"Claremont, CA",207,3:30:54,16:06,M 60-64/15,M-64,159,3:31:28,36.05%
330,Jan Iocco,"Claremont, CA",206,3:30:55,16:06,F 50-54/22,F-53,171,3:31:28,36.72%
331,Veronica Loera,"Fontana, CA",47,3:42:15,16:58,F 35-39/19,F-38,172,3:44:01,30.28%
332,Keisha Murphy,"Loma Linda, CA",305,3:43:14,17:02,F 25-29/30,F-29,173,3:46:02,29.49%
333,Sana Massad,"Loma Linda, CA",87,3:43:25,17:03,F 45-49/14,F-47,174,3:46:47,32.24%
334,Alisa Donson,"Riverside, CA",326,3:48:50,17:28,F 45-49/15,F-45,175,3:50:45,30.88%
335,Mike Ross,"Highland, CA",125,3:50:34,17:36,M 55-59/14,M-56,160,3:51:51,30.61%
336,Carol Maas,"Redlands, CA",180,3:51:57,17:42,F 65-69/5,F-66,176,3:53:05,40.07%
337,Lystra Paul,"Rialto, CA",41,4:08:13,18:56,F 55-59/9,F-58,177,4:09:13,33.34%
338,Alice Philpot,"Fontana, CA",22,4:08:14,18:57,F 60-64/4,F-62,178,4:09:13,35.27%
339,Denise Mortati,"Moreno Valley, CA",352,4:10:32,19:07,F 50-54/23,F-54,179,4:11:40,31.32%
340,Shareela Allen,"Rialto, CA",150,5:09:38,23:38,F 30-34/30,F-31,180,5:09:38,21.28%
341,Lajona Allen,"Rialto, CA",151,5:23:36,24:42,M 35-39/15,M-37,161,5:24:38,18.64%
