
783,Ismael Carrillo,M,30,"Moreno Valley, CA",2 out of 315,2 out of 143,2 out of 12, 67.29% Place: 14,1:28:02 Pace: 6:43,1:28:01,1:28:02,20:50 Pace: 6:43,46:07 Pace: 6:41,1:07:19 Pace: 6:44
996,Christopher Oltman,M,25,"San Bernardino, CA",3 out of 315,3 out of 143,1 out of 11, 66.61% Place: 18,1:29:05 Pace: 6:48,1:28:55,1:29:05,21:04 Pace: 6:47,46:33 Pace: 6:45,1:07:36 Pace: 6:46
768,Nicholas Sanchez,M,24,"Upland, CA",4 out of 315,4 out of 143,1 out of 6, 66.40% Place: 21,1:29:12 Pace: 6:49,1:29:12,1:29:13,20:41 Pace: 6:40,46:17 Pace: 6:43,            Pace:            
755,Daniel Kwon,M,27,"Loma Linda, CA",6 out of 315,6 out of 143,2 out of 11, 65.16% Place: 28,1:30:54 Pace: 6:56,1:30:54,1:31:30,21:14 Pace: 6:50,48:15 Pace: 7:00,1:09:48 Pace: 6:59
667,Erin Skrettingland,F,35,"Murrieta, CA",8 out of 315,1 out of 172,1 out of 22, 72.23% Place: 5,1:32:04 Pace: 7:02,1:32:02,1:32:04,22:16 Pace: 7:10,49:08 Pace: 7:08,1:11:03 Pace: 7:07
622,Forest Macomber,M,22,"Redlands, CA",9 out of 315,8 out of 143,2 out of 6, 63.03% Place: 39,1:34:01 Pace: 7:11,1:34:01,1:34:16,24:39 Pace: 7:56,53:55 Pace: 7:49,1:14:16 Pace: 7:26
857,Carri Arrieta,F,47,"Moreno Valley, CA",10 out of 315,2 out of 172,1 out of 15, 76.08% Place: 1,1:34:42 Pace: 7:14,1:34:42,1:34:42,22:13 Pace: 7:09,49:24 Pace: 7:10,1:12:08 Pace: 7:13
861,Ramon Dunnigan,M,45,"Colton, CA",14 out of 315,12 out of 143,3 out of 16, 66.64% Place: 17,1:36:23 Pace: 7:22,1:36:23,1:36:23,22:21 Pace: 7:12,50:18 Pace: 7:18,1:13:38 Pace: 7:22
978,Lindy Washburn,F,34,"Redlands, CA",64 out of 315,16 out of 172,2 out of 30, 58.81% Place: 65,1:52:42 Pace: 8:36,1:52:42,1:52:51,26:35 Pace: 8:34,58:46 Pace: 8:31,1:25:55 Pace: 8:36
738,Lisa McMillan,F,23,"Yucaipa, CA",65 out of 315,17 out of 172,2 out of 19, 58.29% Place: 69,1:52:57 Pace: 8:37,1:52:57,1:53:09,26:27 Pace: 8:31,58:33 Pace: 8:30,1:25:58 Pace: 8:36
749,Alexander Long,M,25,"Loma Linda, CA",69 out of 315,51 out of 143,9 out of 11, 51.91% Place: 131,1:54:05 Pace: 8:43,1:54:05,1:55:36,25:50 Pace: 8:19,57:56 Pace: 8:24,1:24:40 Pace: 8:28
803,Flint Johnston,M,35,"Loma Linda, CA",71 out of 315,52 out of 143,6 out of 19, 52.00% Place: 130,1:54:46 Pace: 8:46,1:54:46,1:55:13,25:11 Pace: 8:07,56:37 Pace: 8:13,1:24:31 Pace: 8:28
701,Ruben Gonzalez,M,45,"Whittier, CA",72 out of 315,53 out of 143,8 out of 16, 55.88% Place: 85,1:54:56 Pace: 8:47,1:54:56,1:55:10,26:55 Pace: 8:40,59:40 Pace: 8:39,1:27:44 Pace: 8:47
620,Joyce Archbold,F,30,"Yucaipa, CA",73 out of 315,20 out of 172,3 out of 30, 57.15% Place: 78,1:55:14 Pace: 8:48,1:55:14,1:57:09,32:33 Pace: 10:29,1:04:13 Pace: 9:19,1:30:05 Pace: 9:01
975,Kent Cooper,M,45,"Redlands, CA",74 out of 315,54 out of 143,9 out of 16, 55.74% Place: 87,1:55:14 Pace: 8:48,1:55:14,1:55:19,27:40 Pace: 8:55,1:00:24 Pace: 8:46,1:27:27 Pace: 8:45
687,Clarissa Molina,F,23,"San Bernardino, CA",75 out of 315,21 out of 172,4 out of 19, 56.73% Place: 80,1:56:04 Pace: 8:52,1:56:04,1:56:18,27:11 Pace: 8:45,59:38 Pace: 8:39,1:27:57 Pace: 8:48
761,Bertrand Moses,M,30,"Loma Linda, CA",78 out of 315,57 out of 143,6 out of 12, 50.50% Place: 137,1:57:16 Pace: 8:57,1:57:16,1:57:31,26:20 Pace: 8:29,59:19 Pace: 8:36,1:28:10 Pace: 8:49
722,Mustafa Abdalla,M,55,"Redlands, CA",79 out of 315,58 out of 143,8 out of 20, 59.57% Place: 58,1:57:25 Pace: 8:58,1:57:25,1:57:52,26:45 Pace: 8:37,58:54 Pace: 8:33,1:28:50 Pace: 8:53
728,Lucy Gonzalez,F,40,"Highland, CA",80 out of 315,22 out of 172,3 out of 24, 57.70% Place: 73,1:57:54 Pace: 9:00,1:57:54,1:59:33,28:13 Pace: 9:05,1:00:35 Pace: 8:47,1:29:52 Pace: 9:00
753,Peter Chung,M,68,"Loma Linda, CA",81 out of 315,59 out of 143,1 out of 4, 66.91% Place: 15,1:58:14 Pace: 9:02,1:58:14,2:00:52,31:35 Pace: 10:10,1:04:06 Pace: 9:18,1:31:49 Pace: 9:11
746,Dan Lim,M,58,"Loma Linda, CA",84 out of 315,61 out of 143,9 out of 20, 60.12% Place: 54,1:59:32 Pace: 9:08,1:59:32,1:59:34,28:38 Pace: 9:13,1:02:50 Pace: 9:07,1:31:19 Pace: 9:08
991,Mike Colucci,M,37,"Riverside, CA",89 out of 315,64 out of 143,7 out of 19, 49.90% Place: 141,2:00:52 Pace: 9:14,2:00:52,2:01:06,27:35 Pace: 8:53,1:00:05 Pace: 8:43,1:29:34 Pace: 8:58
681,Megan Tooker,F,32,"Yucaipa, CA",91 out of 315,27 out of 172,6 out of 30, 54.52% Place: 99,2:01:05 Pace: 9:15,2:01:05,2:02:35,28:14 Pace: 9:06,1:02:36 Pace: 9:05,1:31:29 Pace: 9:09
776,Dave Fabruada,M,49,"Grand Terrace, CA",97 out of 315,67 out of 143,10 out of 16, 54.35% Place: 102,2:02:09 Pace: 9:20,2:02:09,2:04:11,29:06 Pace: 9:22,1:04:08 Pace: 9:18,            Pace:            
933,Paul Dudley,M,24,"Highland Grove, CA",99 out of 315,69 out of 143,3 out of 6, 48.35% Place: 166,2:02:30 Pace: 9:21,2:02:30,2:02:52,29:39 Pace: 9:33,1:03:37 Pace: 9:14,1:32:51 Pace: 9:18
1009,Yolaine Groeller,F,44,"Wesley Chapel, FL",103 out of 315,33 out of 172,4 out of 24, 56.83% Place: 79,2:03:13 Pace: 9:24,2:03:13,2:07:19,29:11 Pace: 9:24,1:04:57 Pace: 9:25,1:35:23 Pace: 9:33
815,Brenda Jaech,F,56,"Moreno Valley, CA",108 out of 315,36 out of 172,1 out of 11, 64.95% Place: 30,2:04:00 Pace: 9:28,2:04:00,2:04:51,29:48 Pace: 9:36,1:05:13 Pace: 9:28,1:34:52 Pace: 9:30
634,Beban Quijada,M,37,"Redlands, CA",109 out of 315,73 out of 143,11 out of 19, 48.56% Place: 165,2:04:11 Pace: 9:29,2:04:11,2:06:00,35:01 Pace: 11:17,1:08:38 Pace: 9:57,1:36:48 Pace: 9:41
966,Charity Lee,F,39,"Loma Linda, CA",124 out of 315,41 out of 172,6 out of 22, 52.43% Place: 126,2:09:01 Pace: 9:51,2:09:01,2:09:07,30:56 Pace: 9:58,1:07:56 Pace: 9:51,1:39:52 Pace: 10:00
955,Michelle Brothers,F,29,"Beaumont, CA",127 out of 315,43 out of 172,10 out of 22, 50.84% Place: 136,2:09:30 Pace: 9:53,2:09:30,2:10:16,30:22 Pace: 9:47,1:06:23 Pace: 9:38,1:37:48 Pace: 9:47
735,Lyn Rippetue,M,62,"Redlands, CA",129 out of 315,85 out of 143,5 out of 12, 57.53% Place: 75,2:09:40 Pace: 9:54,2:09:40,2:11:10,31:36 Pace: 10:11,1:08:03 Pace: 9:52,1:39:46 Pace: 9:59
679,Amarilis Cornejo,F,27,"Loma Linda, CA",136 out of 315,49 out of 172,11 out of 22, 49.56% Place: 151,2:12:51 Pace: 10:09,2:12:51,2:14:09,29:36 Pace: 9:32,1:05:11 Pace: 9:27,1:39:19 Pace: 9:56
711,Parissa Massahikhaleghi,F,28,"Loma Linda, CA",148 out of 315,55 out of 172,12 out of 22, 48.13% Place: 167,2:16:48 Pace: 10:27,2:16:48,2:17:00,31:05 Pace: 10:00,1:10:28 Pace: 10:13,1:43:46 Pace: 10:23
