Bib,Name,Gender,Age,Hometown,Overall,Men,M 30-34,Age/Grade,Finish,Chip Time,Gun Time,5 Km,6.9 Mi,10 Mi
111,Geronimo A Larios De La Mora,M,32,"Redlands, CA",1 out of 187,1 out of 77,1 out of 11, 72.97% Place: 3,1:20:07 Pace: 6:07,1:20:03,1:20:07,19:06 Pace: 6:09,40:15 Pace: 5:50,1:01:13 Pace: 6:08
281,Matt Underwood,M,50,"Yucaipa, CA",2 out of 187,2 out of 77,1 out of 5, 77.28% Place: 1,1:24:21 Pace: 6:26,1:24:19,1:24:21,20:03 Pace: 6:27,42:29 Pace: 6:10,1:04:31 Pace: 6:28
97,Miguel Lopez,M,16,", ",3 out of 187,3 out of 77,1 out of 2, 69.69% Place: 5,1:25:32 Pace: 6:32,1:25:32,1:25:32,19:18 Pace: 6:13,41:42 Pace: 6:03,1:04:32 Pace: 6:28
22,Matt Payne,M,28,"Redlands, CA",4 out of 187,4 out of 77,1 out of 10, 67.78% Place: 9,1:26:09 Pace: 6:35,1:26:09,1:26:15,20:58 Pace: 6:45,44:00 Pace: 6:23,1:06:28 Pace: 6:39
143,Alex Nelson,M,17,"Redlands, CA",5 out of 187,5 out of 77,2 out of 2, 66.91% Place: 11,1:28:01 Pace: 6:43,1:28:01,1:28:06,19:47 Pace: 6:22,43:01 Pace: 6:15,1:06:59 Pace: 6:42
199,Daniel Long,M,35,"Fort Irwin, CA",6 out of 187,6 out of 77,1 out of 5, 66.57% Place: 12,1:28:10 Pace: 6:44,1:28:10,1:28:10,20:13 Pace: 6:31,43:00 Pace: 6:14,1:06:41 Pace: 6:41
260,Herman Schreven,M,52,"Cheney, WA",7 out of 187,7 out of 77,2 out of 5, 73.18% Place: 2,1:30:37 Pace: 6:55,1:30:37,1:30:38,21:28 Pace: 6:55,45:37 Pace: 6:37,1:09:38 Pace: 6:58
296,Bryan Rocha,M,27,"Chino Hills, CA",8 out of 187,8 out of 77,2 out of 10, 63.51% Place: 22,1:31:57 Pace: 7:01,1:31:57,1:31:58,20:45 Pace: 6:41,44:23 Pace: 6:26,1:08:39 Pace: 6:52
126,Dan Flaming,M,43,"Redlands, CA",9 out of 187,9 out of 77,1 out of 7, 66.50% Place: 13,1:32:22 Pace: 7:03,1:32:22,1:32:28,21:59 Pace: 7:05,46:34 Pace: 6:45,1:10:54 Pace: 7:06
268,Jess Aguilar,F,20,"Yucaipa, CA",10 out of 187,1 out of 110,1 out of 13, 69.54% Place: 6,1:34:35 Pace: 7:13,1:34:30,1:34:35,23:00 Pace: 7:25,46:53 Pace: 6:48,1:11:18 Pace: 7:08
142,Scott Nelson,M,46,"Redlands, CA",11 out of 187,10 out of 77,1 out of 8, 66.39% Place: 14,1:34:52 Pace: 7:15,1:34:52,1:34:57,22:24 Pace: 7:13,48:18 Pace: 7:00,1:13:18 Pace: 7:20
269,Sydney Vollhardt,F,19,"Yucaipa, CA",12 out of 187,2 out of 110,2 out of 13, 68.85% Place: 7,1:36:26 Pace: 7:22,1:36:22,1:36:26,23:01 Pace: 7:25,49:02 Pace: 7:07,1:14:20 Pace: 7:26
148,Jack Davis,M,43,"Redlands, CA",13 out of 187,11 out of 77,2 out of 7, 63.62% Place: 21,1:36:33 Pace: 7:22,1:36:33,1:36:35,23:39 Pace: 7:37,50:01 Pace: 7:15,1:14:45 Pace: 7:29
195,Leeann Gonzales,F,34,"Yucaipa, CA",14 out of 187,3 out of 110,1 out of 15, 67.84% Place: 8,1:36:54 Pace: 7:24,1:36:47,1:36:54,23:05 Pace: 7:26,48:05 Pace: 6:58,1:14:00 Pace: 7:24
179,Geoff Roche,M,42,"Redlands, CA",15 out of 187,12 out of 77,3 out of 7, 62.21% Place: 27,1:37:56 Pace: 7:29,1:37:56,1:38:06,22:08 Pace: 7:08,47:29 Pace: 6:53,1:13:22 Pace: 7:21
205,Daniel Herrera-Salais,M,28,"Loma Linda, CA",16 out of 187,13 out of 77,3 out of 10, 59.28% Place: 39,1:38:30 Pace: 7:31,1:38:30,1:38:30,21:02 Pace: 6:46,46:17 Pace: 6:43,1:12:57 Pace: 7:18
157,Farzin Farajzadeh,M,39,"Anaheim, CA",17 out of 187,14 out of 77,2 out of 5, 59.71% Place: 36,1:39:57 Pace: 7:38,1:39:57,1:39:58,23:17 Pace: 7:30,49:27 Pace: 7:10,1:15:59 Pace: 7:36
98,Tim Janes,M,49,", ",18 out of 187,15 out of 77,2 out of 8, 64.38% Place: 17,1:40:20 Pace: 7:40,1:40:20,1:40:22,23:30 Pace: 7:34,50:00 Pace: 7:15,1:16:50 Pace: 7:41
291,Fred Winkler,M,56,"Victorville, CA",19 out of 187,16 out of 77,1 out of 14, 67.37% Place: 10,1:42:02 Pace: 7:47,1:42:02,1:42:08,24:16 Pace: 7:49,51:35 Pace: 7:29,1:18:13 Pace: 7:50
204,Nicole Sumnicht,F,23,"Loma Linda, CA",20 out of 187,4 out of 110,3 out of 13, 63.20% Place: 25,1:43:11 Pace: 7:53,1:43:11,1:43:13,24:00 Pace: 7:44,50:54 Pace: 7:23,1:18:18 Pace: 7:50
266,Mindy Woodruff,F,26,"Loma Linda, CA",21 out of 187,5 out of 110,1 out of 20, 62.72% Place: 26,1:43:58 Pace: 7:56,1:43:58,1:43:59,23:56 Pace: 7:43,50:42 Pace: 7:21,1:18:19 Pace: 7:50
278,Lorenzo Morales Jr,M,27,"Fontana, CA",22 out of 187,17 out of 77,4 out of 10, 56.08% Place: 52,1:44:07 Pace: 7:57,1:44:07,1:44:26,23:50 Pace: 7:40,50:31 Pace: 7:20,1:19:15 Pace: 7:56
17,Justin McLarty,M,39,"Redlands, CA",23 out of 187,18 out of 77,3 out of 5, 56.96% Place: 47,1:44:46 Pace: 8:00,1:44:46,1:45:27,25:31 Pace: 8:13,53:20 Pace: 7:44,1:21:02 Pace: 8:07
136,Kristin Smith,F,37,"Yucaipa, CA",24 out of 187,6 out of 110,1 out of 15, 63.35% Place: 23,1:44:47 Pace: 8:00,1:44:47,1:44:48,24:13 Pace: 7:48,51:58 Pace: 7:32,1:19:40 Pace: 7:58
24,kathy hernandez,F,53,"Riverside, CA",25 out of 187,7 out of 110,1 out of 13, 72.79% Place: 4,1:45:40 Pace: 8:04,1:45:40,1:45:46,25:28 Pace: 8:12,53:38 Pace: 7:47,1:21:07 Pace: 8:07
293,Yi Wei Ng,M,22,"Hacienda Heights, CA",26 out of 187,19 out of 77,1 out of 2, 55.10% Place: 56,1:45:58 Pace: 8:05,1:45:58,1:46:05,24:27 Pace: 7:52,52:51 Pace: 7:40,1:20:58 Pace: 8:06
131,Joe Zini,M,47,"Victorville, CA",27 out of 187,20 out of 77,3 out of 8, 59.90% Place: 33,1:46:02 Pace: 8:06,1:46:02,1:46:43,24:41 Pace: 7:57,52:35 Pace: 7:38,1:20:39 Pace: 8:04
188,Dan Berry,M,47,"Yucaipa, CA",28 out of 187,21 out of 77,4 out of 8, 59.69% Place: 37,1:46:24 Pace: 8:07,1:46:24,1:46:27,23:54 Pace: 7:42,51:39 Pace: 7:30,1:20:15 Pace: 8:02
13,Jason Newstrom,M,33,"Santa Ana, CA",29 out of 187,22 out of 77,2 out of 11, 54.34% Place: 59,1:47:35 Pace: 8:13,1:47:35,1:48:18,25:03 Pace: 8:04,51:53 Pace: 7:32,1:21:22 Pace: 8:09
12,Gareit Newstrom,F,35,"Santa Ana, CA",30 out of 187,8 out of 110,2 out of 15, 60.64% Place: 30,1:48:36 Pace: 8:17,1:48:36,1:49:15,25:23 Pace: 8:11,53:43 Pace: 7:48,1:22:35 Pace: 8:16
190,Elizabeth Hausmann,F,28,"Fallbrook, CA",31 out of 187,9 out of 110,2 out of 20, 59.80% Place: 35,1:49:03 Pace: 8:20,1:49:03,1:50:01,26:33 Pace: 8:33,55:22 Pace: 8:02,1:23:54 Pace: 8:24
192,Chris Cox,M,57,"Highland, CA",32 out of 187,23 out of 77,2 out of 14, 63.32% Place: 24,1:49:34 Pace: 8:22,1:49:34,1:49:48,25:49 Pace: 8:19,53:52 Pace: 7:49,1:22:42 Pace: 8:17
259,Lindsay Shadle,F,31,"Loma Linda, CA",33 out of 187,10 out of 110,2 out of 15, 58.39% Place: 40,1:51:48 Pace: 8:32,1:51:48,1:52:57,26:19 Pace: 8:29,56:00 Pace: 8:07,1:25:44 Pace: 8:35
286,April McElfish,F,31,"Redlands, CA",34 out of 187,11 out of 110,3 out of 15, 58.36% Place: 41,1:51:51 Pace: 8:32,1:51:51,1:53:00,26:19 Pace: 8:28,56:00 Pace: 8:07,1:25:44 Pace: 8:35
254,Douglas Schuessler,M,62,"Highland, CA",35 out of 187,24 out of 77,1 out of 8, 64.96% Place: 16,1:51:57 Pace: 8:33,1:51:57,1:52:03,25:46 Pace: 8:18,54:53 Pace: 7:58,1:25:23 Pace: 8:33
149,Alexander Min,M,28,"Loma Linda, CA",36 out of 187,25 out of 77,5 out of 10, 52.02% Place: 68,1:52:15 Pace: 8:34,1:52:15,1:52:44,26:12 Pace: 8:26,55:42 Pace: 8:05,1:25:05 Pace: 8:31
212,Anastasia (stacey) Belliard,F,44,"Loma Linda, CA",37 out of 187,12 out of 110,1 out of 5, 61.66% Place: 29,1:52:46 Pace: 8:37,1:52:46,1:53:14,27:11 Pace: 8:45,56:52 Pace: 8:15,1:26:27 Pace: 8:39
115,Makenzi Hoff,F,28,"Loma Linda, CA",38 out of 187,13 out of 110,3 out of 20, 57.80% Place: 44,1:52:49 Pace: 8:37,1:52:49,1:53:29,27:53 Pace: 8:59,58:27 Pace: 8:29,1:27:48 Pace: 8:47
285,Dave Lane,M,59,"Riverside, CA",39 out of 187,26 out of 77,3 out of 14, 62.17% Place: 28,1:53:41 Pace: 8:41,1:53:41,1:53:47,25:58 Pace: 8:22,54:59 Pace: 7:58,1:25:59 Pace: 8:36
191,Mike Calendar,M,55,"Highland, CA",40 out of 187,27 out of 77,4 out of 14, 59.87% Place: 34,1:53:48 Pace: 8:41,1:53:48,1:55:09,27:18 Pace: 8:48,57:12 Pace: 8:18,1:27:16 Pace: 8:44
233,Ron Pelton,M,63,"Freeport, ME",41 out of 187,28 out of 77,2 out of 8, 64.04% Place: 19,1:54:41 Pace: 8:45,1:54:41,1:54:50,27:04 Pace: 8:43,57:14 Pace: 8:18,1:28:02 Pace: 8:49
292,Erika Layne,F,23,"Madison Heights, VA",42 out of 187,14 out of 110,4 out of 13, 56.80% Place: 49,1:54:48 Pace: 8:46,1:54:48,1:56:25,26:40 Pace: 8:35,55:50 Pace: 8:06,1:26:51 Pace: 8:42
134,Samir Kubba,M,52,"Colton, CA",43 out of 187,29 out of 77,3 out of 5, 57.64% Place: 45,1:55:03 Pace: 8:47,1:55:03,1:55:24,27:21 Pace: 8:49,57:46 Pace: 8:23,1:28:22 Pace: 8:51
261,Eriks Galenieks,M,66,"Redlands, CA",44 out of 187,30 out of 77,1 out of 3, 65.28% Place: 15,1:55:54 Pace: 8:51,1:55:54,1:55:57,27:30 Pace: 8:51,57:34 Pace: 8:21,1:28:32 Pace: 8:52
124,Ashley Schelling,F,26,"Anaheim, CA",45 out of 187,15 out of 110,4 out of 20, 55.99% Place: 54,1:56:28 Pace: 8:53,1:56:28,1:56:45,27:27 Pace: 8:51,58:43 Pace: 8:31,1:29:18 Pace: 8:56
272,Sunder Nambiar,M,59,"Loma Linda, CA",46 out of 187,31 out of 77,5 out of 14, 60.48% Place: 31,1:56:52 Pace: 8:55,1:56:52,1:56:54,27:57 Pace: 9:00,58:05 Pace: 8:25,1:28:47 Pace: 8:53
156,Vicki Fontoura,F,46,"Loma Linda, CA",47 out of 187,16 out of 110,1 out of 11, 60.05% Place: 32,1:58:02 Pace: 9:01,1:58:02,1:58:26,27:40 Pace: 8:55,59:19 Pace: 8:36,1:30:43 Pace: 9:05
237,Deanna Lo,F,25,"Loma Linda, CA",48 out of 187,17 out of 110,5 out of 20, 54.61% Place: 58,1:59:24 Pace: 9:07,1:59:24,2:00:15,27:53 Pace: 8:59,59:19 Pace: 8:36,1:30:29 Pace: 9:03
18,Suong Thai,F,28,"Redlands, CA",49 out of 187,18 out of 110,6 out of 20, 53.75% Place: 60,2:01:19 Pace: 9:16,2:01:19,2:02:37,29:13 Pace: 9:25,1:00:28 Pace: 8:46,1:32:33 Pace: 9:16
28,V R Paladugu,M,50,"Redlands, CA",50 out of 187,32 out of 77,4 out of 5, 53.58% Place: 62,2:01:37 Pace: 9:17,2:01:37,2:01:59,27:42 Pace: 8:55,59:08 Pace: 8:35,1:32:01 Pace: 9:13
214,Christina Miller,F,30,"Colton, CA",51 out of 187,19 out of 110,4 out of 15, 53.50% Place: 63,2:01:55 Pace: 9:18,2:01:55,2:02:54,30:40 Pace: 9:52,1:02:31 Pace: 9:04,1:33:42 Pace: 9:23
290,Cherilyn Simpson,F,44,"Redlands, CA",52 out of 187,20 out of 110,2 out of 5, 56.83% Place: 48,2:02:20 Pace: 9:20,2:02:20,2:02:28,27:42 Pace: 8:55,59:15 Pace: 8:36,1:32:23 Pace: 9:15
249,Lauren Deshay,F,27,"Chino Hills, CA",53 out of 187,21 out of 110,7 out of 20, 53.28% Place: 65,2:02:23 Pace: 9:21,2:02:23,2:03:07,27:18 Pace: 8:47,58:45 Pace: 8:31,1:31:31 Pace: 9:10
280,Rosa Cameron,F,55,"Oxnard, CA",54 out of 187,22 out of 110,1 out of 12, 64.04% Place: 18,2:03:08 Pace: 9:24,2:03:08,2:04:00,29:16 Pace: 9:26,1:01:12 Pace: 8:53,1:33:52 Pace: 9:24
267,Adela Aidoo,F,44,"Redlands, CA",55 out of 187,23 out of 110,3 out of 5, 55.08% Place: 57,2:06:14 Pace: 9:38,2:06:14,2:06:42,29:32 Pace: 9:31,1:01:47 Pace: 8:58,1:35:34 Pace: 9:34
255,Teresa Morris,F,57,"Yucaipa, CA",56 out of 187,24 out of 110,2 out of 12, 63.94% Place: 20,2:06:34 Pace: 9:40,2:06:34,2:07:29,30:25 Pace: 9:48,1:04:04 Pace: 9:17,1:37:12 Pace: 9:44
185,Abby Hibma,F,26,"Loma Linda, CA",57 out of 187,25 out of 110,8 out of 20, 51.42% Place: 69,2:06:49 Pace: 9:41,2:06:49,2:07:05,28:21 Pace: 9:08,1:00:45 Pace: 8:49,1:34:56 Pace: 9:30
163,Molly Cohn,F,29,"Redlands, CA",58 out of 187,26 out of 110,9 out of 20, 51.41% Place: 70,2:06:50 Pace: 9:41,2:06:50,2:07:05,28:21 Pace: 9:08,1:00:45 Pace: 8:49,1:34:56 Pace: 9:30
138,Andrew Krumwiede,M,24,"Crestline, CA",59 out of 187,33 out of 77,2 out of 2, 45.97% Place: 112,2:07:02 Pace: 9:42,2:07:02,2:08:18,26:26 Pace: 8:31,58:52 Pace: 8:32,1:32:31 Pace: 9:16
183,Angelina Manuel,F,30,"Loma Linda, CA",60 out of 187,27 out of 110,5 out of 15, 51.34% Place: 71,2:07:03 Pace: 9:42,2:07:03,2:08:04,28:56 Pace: 9:19,1:01:33 Pace: 8:56,1:34:59 Pace: 9:30
206,Alan Alvarado,M,31,"Loma Linda, CA",61 out of 187,34 out of 77,3 out of 11, 45.94% Place: 113,2:07:06 Pace: 9:42,2:07:06,2:07:25,29:50 Pace: 9:36,1:04:38 Pace: 9:22,1:37:46 Pace: 9:47
287,Michael Gunther,M,34,"Redlands, CA",62 out of 187,35 out of 77,4 out of 11, 46.00% Place: 111,2:07:16 Pace: 9:43,2:07:16,2:07:44,30:28 Pace: 9:49,1:04:13 Pace: 9:19,1:37:33 Pace: 9:46
275,Luis Bueno,M,41,"Riverside, CA",63 out of 187,36 out of 77,4 out of 7, 47.36% Place: 95,2:07:40 Pace: 9:45,2:07:40,2:07:59,28:55 Pace: 9:19,1:02:29 Pace: 9:04,1:37:36 Pace: 9:46
231,Jay Sandhu,M,55,"Redlands, CA",64 out of 187,37 out of 77,6 out of 14, 53.31% Place: 64,2:07:47 Pace: 9:45,2:07:47,2:08:08,29:07 Pace: 9:23,1:02:10 Pace: 9:01,1:36:55 Pace: 9:42
169,Beth Elwell,F,48,"Menifee, CA",65 out of 187,28 out of 110,2 out of 11, 56.15% Place: 51,2:08:59 Pace: 9:51,2:08:59,2:09:35,29:41 Pace: 9:33,1:03:47 Pace: 9:15,1:38:13 Pace: 9:50
277,Randy Culler,M,32,"Redlands, CA",66 out of 187,38 out of 77,5 out of 11, 45.28% Place: 116,2:09:00 Pace: 9:51,2:09:00,2:09:35,29:41 Pace: 9:34,1:03:47 Pace: 9:15,1:38:14 Pace: 9:50
130,Alexandria Silvestrin,F,30,"Loma Linda, CA",67 out of 187,29 out of 110,6 out of 15, 50.48% Place: 75,2:09:13 Pace: 9:52,2:09:13,2:10:06,30:18 Pace: 9:45,1:04:00 Pace: 9:17,1:38:00 Pace: 9:48
20,Nicolle Hartz,F,49,"Colton, CA",68 out of 187,30 out of 110,3 out of 11, 56.51% Place: 50,2:09:40 Pace: 9:54,2:09:40,2:09:56,29:07 Pace: 9:23,1:03:32 Pace: 9:13,1:39:14 Pace: 9:56
202,Jarred Rhodes,M,25,"Loma Linda, CA",69 out of 187,39 out of 77,6 out of 10, 44.64% Place: 123,2:10:49 Pace: 9:59,2:10:49,2:12:37,31:08 Pace: 10:01,1:09:17 Pace: 10:03,1:42:25 Pace: 10:15
201,Angelica Rhodes,F,24,"Loma Linda, CA",70 out of 187,31 out of 110,5 out of 13, 49.85% Place: 79,2:10:49 Pace: 9:59,2:10:49,2:12:37,31:09 Pace: 10:02,1:09:17 Pace: 10:03,1:42:25 Pace: 10:15
262,John Lohr Jr,M,45,"Yucaipa, CA",71 out of 187,40 out of 77,5 out of 8, 47.46% Place: 94,2:11:36 Pace: 10:03,2:11:36,2:12:11,28:54 Pace: 9:19,1:03:15 Pace: 9:10,1:38:00 Pace: 9:48
168,Barbara Eck,F,55,"Mentone, CA",72 out of 187,32 out of 110,3 out of 12, 59.58% Place: 38,2:12:21 Pace: 10:06,2:12:21,2:13:01,31:04 Pace: 10:00,1:06:22 Pace: 9:38,1:40:43 Pace: 10:05
162,Amanda Haney,F,27,"Highland, CA",73 out of 187,33 out of 110,10 out of 20, 49.26% Place: 82,2:12:22 Pace: 10:06,2:12:22,2:13:01,31:04 Pace: 10:00,1:06:22 Pace: 9:37,1:40:43 Pace: 10:05
25,olivia guerrero,F,53,"Riverside, CA",74 out of 187,34 out of 110,2 out of 13, 57.83% Place: 43,2:13:00 Pace: 10:09,2:13:00,2:13:18,30:16 Pace: 9:45,1:04:20 Pace: 9:20,1:40:16 Pace: 10:02
203,Chelsea Enderson,F,24,"Castle Rock, CO",75 out of 187,35 out of 110,6 out of 13, 48.97% Place: 84,2:13:10 Pace: 10:10,2:13:10,2:13:15,30:54 Pace: 9:57,1:06:59 Pace: 9:43,1:41:31 Pace: 10:10
161,Albert Lee,M,59,"Redlands, CA",76 out of 187,41 out of 77,7 out of 14, 52.94% Place: 66,2:13:30 Pace: 10:11,2:13:30,2:15:17,29:07 Pace: 9:23,1:03:57 Pace: 9:16,1:39:58 Pace: 10:00
271,Shelly Mason,F,54,"Highland, CA",77 out of 187,36 out of 110,3 out of 13, 58.05% Place: 42,2:14:09 Pace: 10:14,2:14:09,2:14:30,30:33 Pace: 9:50,1:04:15 Pace: 9:19,1:40:22 Pace: 10:03
132,Ali Vahdati,M,35,"Redlands, CA",78 out of 187,42 out of 77,4 out of 5, 43.68% Place: 131,2:14:22 Pace: 10:15,2:14:22,2:14:48,29:39 Pace: 9:33,1:04:48 Pace: 9:24,1:40:21 Pace: 10:03
150,Jonathan Min,M,25,"Loma Linda, CA",79 out of 187,43 out of 77,7 out of 10, 43.34% Place: 132,2:14:43 Pace: 10:17,2:14:43,2:15:12,29:29 Pace: 9:30,1:04:25 Pace: 9:21,1:39:16 Pace: 9:56
211,Jessica Hernandez,F,26,"Whitewater, CA",80 out of 187,37 out of 110,11 out of 20, 48.34% Place: 88,2:14:53 Pace: 10:18,2:14:53,2:16:25,32:48 Pace: 10:34,1:08:07 Pace: 9:53,1:43:31 Pace: 10:22
155,Florin Moldovan,M,25,"Yucaipa, CA",81 out of 187,44 out of 77,8 out of 10, 43.23% Place: 133,2:15:05 Pace: 10:19,2:15:05,2:16:26,30:39 Pace: 9:52,1:06:32 Pace: 9:39,1:40:54 Pace: 10:06
125,Ronela Tavoc,F,24,"Redlands, CA",82 out of 187,38 out of 110,7 out of 13, 48.27% Place: 89,2:15:05 Pace: 10:19,2:15:05,2:16:26,30:39 Pace: 9:52,1:06:32 Pace: 9:39,1:40:55 Pace: 10:06
196,Bates Moses,M,44,"Loma Linda, CA",83 out of 187,45 out of 77,5 out of 7, 45.67% Place: 115,2:15:38 Pace: 10:21,2:15:38,2:15:58,31:00 Pace: 9:59,1:06:16 Pace: 9:37,1:43:14 Pace: 10:20
127,Joseph Han,M,28,"Highland, CA",84 out of 187,46 out of 77,9 out of 10, 42.64% Place: 139,2:16:56 Pace: 10:27,2:16:56,2:36:53,28:49 Pace: 9:17,1:00:03 Pace: 8:43,1:36:25 Pace: 9:39
159,Hayley Essex,F,23,"Battle Creek, MI",85 out of 187,39 out of 110,8 out of 13, 47.54% Place: 93,2:17:10 Pace: 10:28,2:17:10,2:17:15,26:44 Pace: 8:37,59:23 Pace: 8:37,1:37:03 Pace: 9:43
263,Cynthia Horner,F,38,"CA, ",86 out of 187,40 out of 110,3 out of 15, 48.60% Place: 87,2:17:16 Pace: 10:29,2:17:16,2:17:57,33:16 Pace: 10:43,1:10:34 Pace: 10:14,1:46:44 Pace: 10:41
265,John Arroyo,M,40,"Colton, CA",87 out of 187,47 out of 77,6 out of 7, 43.14% Place: 134,2:19:10 Pace: 10:37,2:19:10,2:22:11,32:01 Pace: 10:19,1:06:44 Pace: 9:41,1:43:41 Pace: 10:23
240,Samantha Piper,F,30,"Loma Linda, CA",88 out of 187,41 out of 110,7 out of 15, 46.83% Place: 98,2:19:17 Pace: 10:38,2:19:17,2:21:27,31:08 Pace: 10:02,1:07:55 Pace: 9:51,1:44:03 Pace: 10:25
239,Andrew Piper,M,32,"Loma Linda, CA",89 out of 187,48 out of 77,6 out of 11, 41.93% Place: 143,2:19:18 Pace: 10:38,2:19:18,2:21:27,31:11 Pace: 10:03,1:07:56 Pace: 9:51,1:44:04 Pace: 10:25
128,John Matunas,M,63,"Beaumont, CA",90 out of 187,49 out of 77,3 out of 8, 52.67% Place: 67,2:19:26 Pace: 10:39,2:19:26,2:20:30,32:40 Pace: 10:31,1:08:49 Pace: 9:59,1:45:17 Pace: 10:32
229,Dannielle Ivey,F,38,"Redlands, CA",91 out of 187,42 out of 110,4 out of 15, 47.76% Place: 92,2:19:41 Pace: 10:40,2:19:41,2:20:31,34:50 Pace: 11:13,1:11:38 Pace: 10:23,1:47:44 Pace: 10:47
289,Lourdes Santiago,F,25,"West Sacramento, CA",92 out of 187,43 out of 110,12 out of 20, 46.56% Place: 103,2:20:03 Pace: 10:41,2:20:03,2:20:09,30:54 Pace: 9:57,1:06:58 Pace: 9:43,1:44:17 Pace: 10:26
223,Gedeon Pagarigan,M,46,"Redlands, CA",93 out of 187,50 out of 77,6 out of 8, 44.87% Place: 120,2:20:21 Pace: 10:43,2:20:21,2:21:10,34:50 Pace: 11:13,1:11:11 Pace: 10:19,1:47:44 Pace: 10:47
154,Katrina Grant,F,21,"Taylorsville, NC",94 out of 187,44 out of 110,9 out of 13, 46.49% Place: 105,2:20:31 Pace: 10:44,2:20:31,2:21:18,31:21 Pace: 10:06,1:08:19 Pace: 9:54,1:46:29 Pace: 10:39
178,Nicholas Reksten,M,31,"Redlands, CA",95 out of 187,51 out of 77,7 out of 11, 41.49% Place: 145,2:20:43 Pace: 10:45,2:20:43,2:22:08,32:53 Pace: 10:35,1:09:10 Pace: 10:02,1:46:46 Pace: 10:41
250,Heather Cox,F,40,"Beaumont, CA",96 out of 187,45 out of 110,4 out of 5, 47.87% Place: 91,2:20:56 Pace: 10:45,2:20:56,2:21:04,31:30 Pace: 10:09,1:09:08 Pace: 10:02,1:47:41 Pace: 10:47
180,Mary Grace Cruz,F,36,"Redlands, CA",97 out of 187,46 out of 110,5 out of 15, 46.90% Place: 97,2:20:57 Pace: 10:46,2:20:57,2:21:05,31:30 Pace: 10:09,1:09:09 Pace: 10:02,1:47:35 Pace: 10:46
218,Kristy Valencia,F,21,"Menifee, CA",98 out of 187,47 out of 110,10 out of 13, 46.27% Place: 107,2:21:11 Pace: 10:47,2:21:11,2:21:59,31:20 Pace: 10:05,1:08:18 Pace: 9:54,1:46:27 Pace: 10:39
282,Sarah Millard,F,30,"Colton, CA",99 out of 187,48 out of 110,8 out of 15, 46.19% Place: 109,2:21:12 Pace: 10:47,2:21:12,2:22:00,31:21 Pace: 10:06,1:08:18 Pace: 9:54,1:46:28 Pace: 10:39
129,Linda Ngo,F,35,"Riverside, CA",100 out of 187,49 out of 110,6 out of 15, 46.54% Place: 104,2:21:30 Pace: 10:48,2:21:30,2:21:56,32:55 Pace: 10:36,1:09:21 Pace: 10:03,1:46:16 Pace: 10:38
116,Robin Pisarcek,F,29,"Fontana, CA",101 out of 187,50 out of 110,13 out of 20, 46.03% Place: 110,2:21:39 Pace: 10:49,2:21:39,2:23:03,35:29 Pace: 11:26,1:11:23 Pace: 10:21,1:48:35 Pace: 10:52
137,Joanna Daetwiler,F,34,"Loma Linda, CA",102 out of 187,51 out of 110,9 out of 15, 46.26% Place: 108,2:21:56 Pace: 10:50,2:21:56,2:22:04,31:20 Pace: 10:06,1:08:29 Pace: 9:56,1:45:32 Pace: 10:34
166,Megan Tooker,F,35,"Yucaipa, CA",103 out of 187,52 out of 110,7 out of 15, 46.40% Place: 106,2:21:56 Pace: 10:50,2:21:56,2:22:03,31:21 Pace: 10:06,1:08:30 Pace: 9:56,1:45:32 Pace: 10:34
193,Ted Ling,M,34,"Indian Wells, CA",104 out of 187,52 out of 77,8 out of 11, 41.09% Place: 147,2:22:29 Pace: 10:53,2:22:29,2:24:09,36:41 Pace: 11:49,1:13:36 Pace: 10:40,1:49:32 Pace: 10:58
99,Caroline Janes,F,46,", ",105 out of 187,53 out of 110,4 out of 11, 49.46% Place: 81,2:23:18 Pace: 10:56,2:23:18,2:23:51,32:50 Pace: 10:35,1:10:11 Pace: 10:11,1:49:07 Pace: 10:55
144,Chelsey Kitazawa,F,26,"Torrance, CA",106 out of 187,54 out of 110,14 out of 20, 45.22% Place: 117,2:24:12 Pace: 11:00,2:24:12,2:24:46,32:37 Pace: 10:30,1:08:00 Pace: 9:52,1:47:11 Pace: 10:44
213,Juan Carlos Belliard,M,48,"Loma Linda, CA",107 out of 187,53 out of 77,7 out of 8, 44.12% Place: 127,2:25:10 Pace: 11:05,2:25:10,2:25:37,32:48 Pace: 10:34,1:11:53 Pace: 10:25,1:52:09 Pace: 11:13
26,KENNETH HART,M,73,"COLTON, CA",108 out of 187,54 out of 77,1 out of 1, 55.73% Place: 55,2:26:44 Pace: 11:12,2:26:44,2:27:04,32:34 Pace: 10:29,1:09:23 Pace: 10:04,1:49:18 Pace: 10:56
274,Charles Brantley,M,56,"Crestline, CA",109 out of 187,55 out of 77,8 out of 14, 46.64% Place: 101,2:27:23 Pace: 11:15,2:27:23,2:27:32,36:07 Pace: 11:38,1:16:46 Pace: 11:08,1:55:37 Pace: 11:34
16,Vivien Deleone,F,50,"Riverside, CA",110 out of 187,55 out of 110,4 out of 13, 50.24% Place: 76,2:27:37 Pace: 11:16,2:27:37,2:29:18,36:19 Pace: 11:42,1:15:01 Pace: 10:53,1:55:02 Pace: 11:31
135,Martha Narayanan,F,35,"San Diego, CA",111 out of 187,56 out of 110,8 out of 15, 44.56% Place: 125,2:27:48 Pace: 11:17,2:27:48,2:27:53,34:21 Pace: 11:04,1:12:56 Pace: 10:35,1:52:41 Pace: 11:17
165,B-Dawg Rampton,F,30,"Loma Linda, CA",112 out of 187,57 out of 110,10 out of 15, 43.98% Place: 129,2:28:19 Pace: 11:19,2:28:19,2:29:12,34:54 Pace: 11:14,1:12:59 Pace: 10:35,1:53:47 Pace: 11:23
217,Sophia Cadet,F,39,"Redlands, CA",113 out of 187,58 out of 110,9 out of 15, 44.61% Place: 124,2:30:19 Pace: 11:28,2:30:19,2:30:51,31:17 Pace: 10:05,1:07:46 Pace: 9:50,1:49:44 Pace: 10:59
160,Sue Saputo,F,62,"Beaumont, CA",114 out of 187,59 out of 110,1 out of 3, 57.54% Place: 46,2:30:26 Pace: 11:29,2:30:26,2:30:46,34:59 Pace: 11:16,1:14:14 Pace: 10:46,1:53:38 Pace: 11:22
288,Selena Hovey,F,57,"Redlands, CA",115 out of 187,60 out of 110,4 out of 12, 53.64% Place: 61,2:30:52 Pace: 11:31,2:30:52,2:32:34,36:18 Pace: 11:41,1:14:57 Pace: 10:52,1:55:17 Pace: 11:32
182,Maria Anaya,F,23,"Redlands, CA",116 out of 187,61 out of 110,11 out of 13, 43.07% Place: 136,2:31:24 Pace: 11:33,2:31:24,2:32:15,28:22 Pace: 9:08,1:02:12 Pace: 9:01,1:41:05 Pace: 10:07
21,Patrick Kelley,M,33,"Point Marion, PA",117 out of 187,56 out of 77,9 out of 11, 38.61% Place: 159,2:31:25 Pace: 11:33,2:31:25,2:32:15,38:59 Pace: 12:33,1:20:08 Pace: 11:37,1:58:20 Pace: 11:50
283,Concena Jones,F,53,"Hesperia, CA",118 out of 187,62 out of 110,5 out of 13, 50.63% Place: 74,2:31:55 Pace: 11:36,2:31:55,2:32:32,34:32 Pace: 11:07,1:13:54 Pace: 10:43,1:53:33 Pace: 11:22
216,Giselle Solares,F,29,"San Jacinto, CA",119 out of 187,63 out of 110,15 out of 20, 42.92% Place: 137,2:31:56 Pace: 11:36,2:31:56,2:32:29,31:17 Pace: 10:04,1:07:47 Pace: 9:50,1:49:58 Pace: 11:00
208,Martua Simorangkir,M,30,"Redlands, CA",120 out of 187,57 out of 77,10 out of 11, 38.35% Place: 161,2:32:16 Pace: 11:37,2:32:16,2:33:54,38:32 Pace: 12:24,1:17:16 Pace: 11:12,1:57:48 Pace: 11:47
145,Christopher Moffatt,M,30,"Highland, CA",121 out of 187,58 out of 77,11 out of 11, 38.34% Place: 162,2:32:18 Pace: 11:37,2:32:18,2:32:40,32:21 Pace: 10:25,1:10:57 Pace: 10:17,1:52:15 Pace: 11:14
120,Peter Toller,M,55,"Hesperia, CA",122 out of 187,59 out of 77,9 out of 14, 44.41% Place: 126,2:33:24 Pace: 11:43,2:33:24,2:35:14,33:40 Pace: 10:51,1:13:37 Pace: 10:41,1:54:16 Pace: 11:26
167,Jonathan Greer,M,56,"Riverside, CA",123 out of 187,60 out of 77,10 out of 14, 44.75% Place: 121,2:33:37 Pace: 11:44,2:33:37,2:33:44,34:08 Pace: 11:00,1:14:08 Pace: 10:45,1:56:17 Pace: 11:38
242,Martha Henao,F,30,"Loma Linda, CA",124 out of 187,64 out of 110,11 out of 15, 42.43% Place: 140,2:33:42 Pace: 11:44,2:33:42,2:35:24,36:05 Pace: 11:37,1:15:50 Pace: 11:00,1:56:56 Pace: 11:42
174,Lydia Aye,F,37,"Redlands, CA",125 out of 187,65 out of 110,10 out of 15, 43.10% Place: 135,2:34:00 Pace: 11:45,2:34:00,2:34:50,37:05 Pace: 11:56,1:18:34 Pace: 11:24,1:59:08 Pace: 11:55
100,Kendra Graham,F,23,"Loma Linda, CA",126 out of 187,66 out of 110,12 out of 13, 42.20% Place: 141,2:34:32 Pace: 11:48,2:34:32,2:35:29,33:56 Pace: 10:56,1:15:24 Pace: 10:56,1:55:34 Pace: 11:34
228,Germeen Fargo,F,26,"Loma Linda, CA",127 out of 187,67 out of 110,16 out of 20, 41.72% Place: 144,2:36:18 Pace: 11:56,2:36:18,2:36:54,37:18 Pace: 12:01,1:21:33 Pace: 11:50,2:03:20 Pace: 12:20
1299,Dorothy Barnes,F,53,"Fontana, CA",128 out of 187,68 out of 110,6 out of 13, 49.20% Place: 83,2:36:20 Pace: 11:56,2:36:20,2:38:01,38:08 Pace: 12:17,1:19:29 Pace: 11:32,2:01:36 Pace: 12:10
171,Nancy Stewart,F,56,"Calimesa, CA",129 out of 187,69 out of 110,5 out of 12, 50.98% Place: 72,2:36:40 Pace: 11:57,2:36:40,2:38:22,36:49 Pace: 11:51,1:19:35 Pace: 11:32,2:01:33 Pace: 12:10
243,Andy Sandiford,M,59,"Loma Linda, CA",130 out of 187,61 out of 77,11 out of 14, 45.09% Place: 118,2:36:44 Pace: 11:58,2:36:44,2:38:21,38:11 Pace: 12:18,1:19:40 Pace: 11:33,2:01:44 Pace: 12:11
276,Dan Kelley,F,55,"Covina, CA",131 out of 187,70 out of 110,6 out of 12, 50.14% Place: 77,2:37:16 Pace: 12:00,2:37:16,2:37:50,37:08 Pace: 11:57,1:16:22 Pace: 11:05,1:58:48 Pace: 11:53
122,Patrice Hart,F,46,"Loma Linda, CA",132 out of 187,71 out of 110,5 out of 11, 44.89% Place: 119,2:37:53 Pace: 12:03,2:37:53,2:38:17,38:08 Pace: 12:17,1:20:53 Pace: 11:44,2:03:00 Pace: 12:18
294,Dexter Emoto,M,62,"Loma Linda, CA",133 out of 187,62 out of 77,4 out of 8, 45.76% Place: 114,2:38:55 Pace: 12:08,2:38:55,2:40:12,43:48 Pace: 14:06,1:22:53 Pace: 12:01,2:02:37 Pace: 12:16
119,Jonathan Chin,M,64,"Loma Linda, CA",134 out of 187,63 out of 77,5 out of 8, 46.64% Place: 102,2:39:02 Pace: 12:08,2:39:02,2:39:10,34:03 Pace: 10:58,1:12:51 Pace: 10:34,1:58:19 Pace: 11:50
227,Deirdre Solomon,F,29,"Duarte, CA",135 out of 187,72 out of 110,17 out of 20, 40.89% Place: 149,2:39:28 Pace: 12:10,2:39:28,2:40:04,37:19 Pace: 12:01,1:21:31 Pace: 11:49,2:03:23 Pace: 12:21
151,Jackie Riedell,F,56,"Riverside, CA",136 out of 187,73 out of 110,7 out of 12, 50.03% Place: 78,2:39:40 Pace: 12:11,2:39:40,2:41:13,39:29 Pace: 12:43,1:22:00 Pace: 11:53,2:03:06 Pace: 12:19
238,Joann Labani,F,51,"Yucaipa, CA",137 out of 187,74 out of 110,7 out of 13, 46.99% Place: 96,2:39:44 Pace: 12:12,2:39:44,2:41:19,39:02 Pace: 12:34,1:25:16 Pace: 12:22,2:06:44 Pace: 12:41
173,Doug Rowand,M,69,"Highland, CA",138 out of 187,64 out of 77,2 out of 3, 48.61% Place: 86,2:40:31 Pace: 12:15,2:40:31,2:41:56,38:28 Pace: 12:23,1:19:57 Pace: 11:36,2:02:33 Pace: 12:16
15,Narayanan Lakshmanan,M,42,"Redlands, CA",139 out of 187,65 out of 77,7 out of 7, 37.60% Place: 165,2:42:01 Pace: 12:22,2:42:01,2:56:10,38:47 Pace: 12:29,1:19:32 Pace: 11:32,48:49 Pace: 4:53
273,Diane Brantley,F,57,"Crestline, CA",140 out of 187,75 out of 110,8 out of 12, 49.76% Place: 80,2:42:38 Pace: 12:25,2:42:38,2:42:45,36:08 Pace: 11:38,1:16:47 Pace: 11:08,1:59:47 Pace: 11:59
158,Amanda Lopez,F,30,"Pomona, CA",141 out of 187,76 out of 110,12 out of 15, 39.91% Place: 157,2:43:26 Pace: 12:28,2:43:26,2:44:50,38:15 Pace: 12:19,1:21:58 Pace: 11:53,2:05:25 Pace: 12:33
226,Katie Morgan,F,39,"Norco, CA",142 out of 187,77 out of 110,11 out of 15, 40.94% Place: 148,2:43:48 Pace: 12:30,2:43:48,2:44:08,37:05 Pace: 11:56,1:21:25 Pace: 11:48,2:05:37 Pace: 12:34
14,Jescinda Barrett,F,34,"Calimesa, CA",143 out of 187,78 out of 110,13 out of 15, 40.06% Place: 153,2:43:53 Pace: 12:31,2:43:53,2:43:53,41:02 Pace: 13:13,1:23:56 Pace: 12:10,2:06:01 Pace: 12:37
236,Theodis Ward,M,63,"Loma Linda, CA",144 out of 187,66 out of 77,6 out of 8, 44.68% Place: 122,2:44:23 Pace: 12:33,2:44:23,2:46:16,35:56 Pace: 11:34,1:17:56 Pace: 11:18,2:00:30 Pace: 12:03
209,Nirav Mamdani,M,38,"Redlands, CA",145 out of 187,67 out of 77,5 out of 5, 35.96% Place: 172,2:45:05 Pace: 12:36,2:45:05,2:45:56,36:33 Pace: 11:46,1:17:08 Pace: 11:11,2:03:44 Pace: 12:23
210,Haydee Mamdani,F,48,"Redlands, CA",146 out of 187,79 out of 110,6 out of 11, 43.86% Place: 130,2:45:07 Pace: 12:36,2:45:07,2:45:57,36:33 Pace: 11:46,1:17:10 Pace: 11:11,2:03:52 Pace: 12:24
164,Santiago Enriquez Jr,M,47,"La Puente, CA",147 out of 187,68 out of 77,8 out of 8, 37.22% Place: 168,2:50:37 Pace: 13:01,2:50:37,2:51:31,40:51 Pace: 13:09,1:26:29 Pace: 12:32,2:10:21 Pace: 13:03
241,Astrisk Kencana,F,37,"Redlands, CA",148 out of 187,80 out of 110,12 out of 15, 38.59% Place: 160,2:52:00 Pace: 13:08,2:52:00,2:53:39,38:16 Pace: 12:19,1:22:36 Pace: 11:59,2:09:48 Pace: 12:59
247,Tina Cazas,F,59,"Loma Linda, OR",149 out of 187,81 out of 110,9 out of 12, 48.12% Place: 90,2:52:41 Pace: 13:11,2:52:41,2:53:44,43:32 Pace: 14:01,1:29:31 Pace: 12:59,2:12:45 Pace: 13:17
27,Joann encinas,F,48,"Bloomington, CA",150 out of 187,82 out of 110,7 out of 11, 41.35% Place: 146,2:55:09 Pace: 13:22,2:55:09,2:56:54,41:45 Pace: 13:26,1:27:17 Pace: 12:39,2:13:29 Pace: 13:21
11,Salina Scaletta,F,36,"Riverside, CA",151 out of 187,83 out of 110,13 out of 15, 37.74% Place: 164,2:55:10 Pace: 13:22,2:55:10,2:56:54,41:46 Pace: 13:27,1:27:17 Pace: 12:39,2:13:32 Pace: 13:22
109,Jessica Rose,F,58,"Rancho Cucamonga, CA",152 out of 187,84 out of 110,10 out of 12, 46.81% Place: 99,2:55:10 Pace: 13:22,2:55:10,2:56:54,41:46 Pace: 13:27,1:27:14 Pace: 12:39,2:13:31 Pace: 13:22
232,Bali Sandhu,F,51,"Redlands, CA",153 out of 187,85 out of 110,8 out of 13, 42.84% Place: 138,2:55:11 Pace: 13:22,2:55:11,2:56:54,41:48 Pace: 13:27,1:27:22 Pace: 12:40,2:13:39 Pace: 13:22
177,Yuthana Kong,F,45,"Bellflower, CA",154 out of 187,86 out of 110,8 out of 11, 40.05% Place: 154,2:55:14 Pace: 13:23,2:55:14,2:55:20,41:04 Pace: 13:13,1:26:39 Pace: 12:34,2:13:09 Pace: 13:19
248,Al Cazas,M,59,"Loma Linda, CA",155 out of 187,69 out of 77,12 out of 14, 40.19% Place: 152,2:55:52 Pace: 13:25,2:55:52,2:57:00,43:27 Pace: 13:59,1:29:29 Pace: 12:59,2:14:03 Pace: 13:25
279,Liz Estrada,F,45,"Fontana, CA",156 out of 187,87 out of 110,9 out of 11, 39.76% Place: 158,2:56:29 Pace: 13:28,2:56:29,2:57:51,39:28 Pace: 12:42,1:23:51 Pace: 12:10,2:12:55 Pace: 13:18
189,Lisa Braverman,F,47,"Beaumont, CA",157 out of 187,88 out of 110,10 out of 11, 40.36% Place: 150,2:57:28 Pace: 13:33,2:57:28,2:58:35,40:00 Pace: 12:53,1:26:56 Pace: 12:36,2:14:09 Pace: 13:25
234,Anna Quigley,F,60,"Yucaipa, CA",158 out of 187,89 out of 110,2 out of 3, 46.66% Place: 100,3:00:28 Pace: 13:46,3:00:28,3:02:03,39:03 Pace: 12:35,1:25:12 Pace: 12:21,2:13:57 Pace: 13:24
235,Mary Llaurado,F,52,"Yucaipa, CA",159 out of 187,90 out of 110,9 out of 13, 42.09% Place: 142,3:00:29 Pace: 13:47,3:00:29,3:02:03,39:03 Pace: 12:35,1:25:18 Pace: 12:22,2:13:58 Pace: 13:24
175,Vivian Navarro,F,25,"Chula Vista, CA",160 out of 187,91 out of 110,18 out of 20, 35.92% Place: 173,3:01:31 Pace: 13:51,3:01:31,3:02:02,41:45 Pace: 13:27,1:24:41 Pace: 12:17,2:15:12 Pace: 13:32
176,Byron Mejia,M,25,"La Mesa, CA",161 out of 187,70 out of 77,10 out of 10, 32.16% Place: 183,3:01:34 Pace: 13:51,3:01:34,3:02:03,41:46 Pace: 13:27,1:24:57 Pace: 12:19,2:14:56 Pace: 13:30
19,Ana Lucero,F,37,"San Jacinto, CA",162 out of 187,92 out of 110,14 out of 15, 36.50% Place: 169,3:01:52 Pace: 13:53,3:01:52,3:03:28,39:35 Pace: 12:45,1:22:39 Pace: 11:59,2:16:04 Pace: 13:37
230,Jeff Gilchrist,M,63,"Colton, CA",163 out of 187,71 out of 77,7 out of 8, 39.98% Place: 156,3:03:42 Pace: 14:01,3:03:42,3:05:27,            Pace:            ,1:34:02 Pace: 13:38,2:21:18 Pace: 14:08
23,David Burt,M,53,"Alta Loma, CA",164 out of 187,72 out of 77,5 out of 5, 36.41% Place: 170,3:03:45 Pace: 14:01,3:03:45,3:04:24,40:44 Pace: 13:07,1:27:52 Pace: 12:44,2:16:52 Pace: 13:42
215,Jenifer Jesson,F,27,"Loma Linda, CA",165 out of 187,93 out of 110,19 out of 20, 35.13% Place: 174,3:05:37 Pace: 14:10,3:05:37,3:07:13,38:21 Pace: 12:21,1:25:09 Pace: 12:21,2:17:14 Pace: 13:44
219,Rubicelia Perez,F,27,"Loma Linda, CA",166 out of 187,94 out of 110,20 out of 20, 35.09% Place: 175,3:05:50 Pace: 14:11,3:05:50,3:07:26,38:22 Pace: 12:21,1:25:09 Pace: 12:21,2:17:14 Pace: 13:44
270,Roxie Escamilla,F,32,"San Bernardino, CA",167 out of 187,95 out of 110,14 out of 15, 34.93% Place: 178,3:07:09 Pace: 14:17,3:07:09,3:07:27,42:58 Pace: 13:50,1:30:43 Pace: 13:09,2:20:23 Pace: 14:03
181,Jodi Buckley,F,34,"San Bernardino, CA",168 out of 187,96 out of 110,15 out of 15, 34.99% Place: 177,3:07:39 Pace: 14:19,3:07:39,3:09:30,35:09 Pace: 11:19,1:34:59 Pace: 13:46,2:27:31 Pace: 14:46
197,Carol Key,F,69,"Rialto, CA",169 out of 187,97 out of 110,1 out of 1, 50.70% Place: 73,3:09:13 Pace: 14:26,3:09:13,3:10:20,43:32 Pace: 14:01,1:31:42 Pace: 13:18,2:20:51 Pace: 14:06
112,Elizabeth Magee-Thomsen,F,54,"San Bernardino, CA",170 out of 187,98 out of 110,10 out of 13, 40.26% Place: 151,3:13:26 Pace: 14:46,3:13:26,3:14:33,43:32 Pace: 14:01,1:31:44 Pace: 13:18,2:21:32 Pace: 14:10
104,James Babcock,M,63,"San Bernardino, CA",171 out of 187,73 out of 77,8 out of 8, 37.49% Place: 167,3:15:54 Pace: 14:57,3:15:54,3:17:22,46:20 Pace: 14:55,1:38:59 Pace: 14:21,59:12 Pace: 5:56
225,Lucy Tobing,F,51,"Loma Linda, CA",172 out of 187,99 out of 110,11 out of 13, 38.22% Place: 163,3:16:24 Pace: 14:59,3:16:24,3:16:46,40:26 Pace: 13:01,1:28:03 Pace: 12:46,2:24:05 Pace: 14:25
152,David Riedell,M,57,"Riverside, CA",173 out of 187,74 out of 77,13 out of 14, 35.08% Place: 176,3:17:45 Pace: 15:06,3:17:45,3:19:25,43:28 Pace: 14:00,1:32:17 Pace: 13:23,2:26:01 Pace: 14:37
184,Jane Adams,F,64,"Riverside, CA",174 out of 187,100 out of 110,3 out of 3, 44.02% Place: 128,3:22:17 Pace: 15:26,3:22:17,3:22:46,48:16 Pace: 15:33,1:41:56 Pace: 14:47,1:01:56 Pace: 6:12
222,Constance Koenig,F,57,"San Bernardino, CA",175 out of 187,101 out of 110,11 out of 12, 40.00% Place: 155,3:22:18 Pace: 15:26,3:22:18,3:22:47,48:18 Pace: 15:33,1:41:58 Pace: 14:47,2:34:01 Pace: 15:25
224,Angelica Gonzalez,F,40,"Fontana, CA",176 out of 187,102 out of 110,5 out of 5, 33.29% Place: 180,3:22:38 Pace: 15:28,3:22:38,3:23:19,42:34 Pace: 13:42,1:30:16 Pace: 13:05,2:26:54 Pace: 14:42
153,Aloysius Casey,M,84,"Redlands, CA",177 out of 187,75 out of 77,1 out of 1, 48.78% Place: 85,3:32:35 Pace: 16:13,3:32:35,3:33:01,48:33 Pace: 15:38,1:43:42 Pace: 15:02,1:02:14 Pace: 6:14
258,Liana Morino,F,39,"Grand Terrace, CA",178 out of 187,103 out of 110,15 out of 15, 31.25% Place: 186,3:34:36 Pace: 16:23,3:34:36,3:34:53,50:37 Pace: 16:18,1:47:58 Pace: 15:39,1:04:34 Pace: 6:28
172,Beverley Coffin,F,81,"Yucaipa, CA",179 out of 187,104 out of 110,1 out of 1, 56.05% Place: 53,3:35:23 Pace: 16:26,3:35:23,3:35:41,50:37 Pace: 16:18,1:48:06 Pace: 15:40,1:04:33 Pace: 6:28
220,Valerie Hwang,F,54,"Redlands, CA",180 out of 187,105 out of 110,12 out of 13, 36.11% Place: 171,3:35:39 Pace: 16:27,3:35:39,3:36:01,45:50 Pace: 14:45,1:39:21 Pace: 14:24,58:28 Pace: 5:51
221,Kristen Hwang,F,23,"Redlands, CA",181 out of 187,106 out of 110,13 out of 13, 30.24% Place: 187,3:35:39 Pace: 16:27,3:35:39,3:36:01,45:50 Pace: 14:46,1:39:14 Pace: 14:23,58:29 Pace: 5:51
256,Casey Oesterlein,F,47,"Beaumont, CA",182 out of 187,107 out of 110,11 out of 11, 33.00% Place: 182,3:37:03 Pace: 16:34,3:37:03,3:37:48,52:34 Pace: 16:55,1:50:47 Pace: 16:04,1:06:57 Pace: 6:42
257,Bill Oesterlein,M,56,"Redlands, CA",183 out of 187,76 out of 77,14 out of 14, 31.67% Place: 184,3:37:04 Pace: 16:34,3:37:04,3:37:47,52:35 Pace: 16:56,1:50:43 Pace: 16:03,1:06:58 Pace: 6:42
251,Lilian Deshay,F,13,"Chino Hills, CA",184 out of 187,108 out of 110,1 out of 1, 33.95% Place: 179,3:40:27 Pace: 16:49,3:40:27,3:41:11,48:59 Pace: 15:46,1:43:16 Pace: 14:58,1:02:06 Pace: 6:13
252,Lauren Deshay,F,59,"Chino Hills, CA",185 out of 187,109 out of 110,12 out of 12, 37.58% Place: 166,3:41:06 Pace: 16:52,3:41:06,3:41:48,49:06 Pace: 15:49,1:43:17 Pace: 14:59,1:02:14 Pace: 6:14
29,Sunil Nowrangi,M,66,"Loma Linda, CA",186 out of 187,77 out of 77,3 out of 3, 33.03% Place: 181,3:49:02 Pace: 17:29,3:49:02,3:49:57,53:06 Pace: 17:06,1:51:23 Pace: 16:09,1:08:29 Pace: 6:51
200,Anita Pai,F,52,"Redlands, CA",187 out of 187,110 out of 110,13 out of 13, 31.58% Place: 185,4:00:35 Pace: 18:22,4:00:35,4:12:30,55:33 Pace: 17:53,1:55:58 Pace: 16:49,1:10:25 Pace: 7:03
