Bib,Name,Gender,Age,Hometown,Overall,Women,F 60-64,Age/Grade,Finish,Chip Time,Gun Time,5 Km,6.9 Mi,10 Mi
41,Lystra Paul,F,58,"Rialto, CA",337 out of 341,177 out of 180,9 out of 9, 33.34% Place: 327,4:08:13 Pace: 18:56,4:08:13,4:09:13,            Pace:            ,2:03:38 Pace: 17:56,3:05:17 Pace: 18:32
22,Alice Philpot,F,62,"Fontana, CA",338 out of 341,178 out of 180,4 out of 4, 35.27% Place: 315,4:08:14 Pace: 18:57,4:08:14,4:09:13,52:58 Pace: 17:03,2:03:41 Pace: 17:56,3:05:18 Pace: 18:32
352,Denise Mortati,F,54,"Moreno Valley, CA",339 out of 341,179 out of 180,23 out of 23, 31.32% Place: 332,4:10:32 Pace: 19:07,4:10:32,4:11:40,56:20 Pace: 18:08,2:10:38 Pace: 18:56,3:10:06 Pace: 19:01
150,Shareela Allen,F,31,"Rialto, CA",340 out of 341,180 out of 180,30 out of 30, 21.28% Place: 339,5:09:38 Pace: 23:38,5:09:38,5:09:38,            Pace:            ,2:43:35 Pace: 23:43,            Pace:            
151,Lajona Allen,M,37,"Rialto, CA",341 out of 341,161 out of 161,15 out of 15, 18.64% Place: 340,5:23:36 Pace: 24:42,5:23:36,5:24:38,            Pace:            ,            Pace:            ,            Pace:            
