Place,Name,Location,Bib,Net Time,Pace,Division/Place,Sex-Age,Sex-Place,Gun Time,Age Grade
1,Alex Nelson,"Redlands, CA",369,1:25:57,6:34,M 01-17/1,M-16,1,1:25:57,69.50%
2,Melinda Driscoll,"San Bernardino, CA",341,1:28:41,6:46,F 40-44/1,F-40,1,1:28:41,76.07%
3,Daniel Herrera-Salais,"Loma Linda, CA",280,1:32:29,7:04,M 25-29/1,M-27,2,1:32:29,63.14%
4,Daniel Fontoura,"Loma Linda, CA",250,1:33:08,7:07,M 45-49/1,M-48,3,1:33:08,68.82%
5,Scott Nelson,"Redlands, CA",370,1:33:57,7:10,M 45-49/2,M-45,4,1:34:08,66.48%
6,Ryan Haas,"Redlands, CA",261,1:35:00,7:15,M 25-29/2,M-25,5,1:35:02,61.47%
7,Greg Phillips,"San Bernardino, CA",102,1:36:03,7:20,M 50-54/1,M-50,6,1:36:22,67.84%
8,James Wilhelm,"Loma Linda, CA",371,1:36:08,7:20,M 25-29/3,M-27,7,1:36:13,60.74%
9,Geoff Roche,"Redlands, CA",233,1:36:27,7:22,M 40-44/1,M-41,8,1:36:31,62.69%
10,Ismael Carrillo,"Moreno Valley, CA",208,1:37:21,7:26,M 30-34/1,M-32,9,1:37:25,60.00%
11,Alex Tongpo,"Loma Linda, CA",212,1:37:30,7:27,M 01-17/2,M-17,10,1:38:01,60.40%
12,Bryan Nam,"Loma Linda, CA",201,1:38:06,7:29,M 25-29/4,M-26,11,1:38:24,59.52%
13,Sydney Vollhardt,"Yucaipa, CA",237,1:38:18,7:30,F 18-24/1,F-18,2,1:38:18,68.45%
14,Victor Vollhardt,"Yucaipa, CA",236,1:39:59,7:38,M 40-44/2,M-44,12,1:40:01,61.95%
15,Jason Washburn,"Redlands, CA",278,1:40:30,7:40,M 35-39/1,M-39,13,1:40:30,59.38%
16,Jack Davis,"Redlands, CA",376,1:40:32,7:41,M 40-44/3,M-42,14,1:41:53,60.60%
17,Ron Ingoglia,"La Quinta, CA",322,1:40:54,7:42,M 55-59/1,M-59,15,1:40:56,70.05%
18,Farzin Farajzadeh,"Anaheim, CA",218,1:41:26,7:45,M 35-39/2,M-38,16,1:41:29,58.52%
19,Erica Chu,"Loma Linda, CA",276,1:42:05,7:48,F 30-34/1,F-33,3,1:42:05,64.16%
20,Alan Eldridge,"Redlands, CA",165,1:44:37,7:59,M 30-34/2,M-30,17,1:44:40,55.82%
21,Cassie Krause,"Loma Linda, CA",190,1:44:44,8:00,F 25-29/1,F-26,4,1:44:48,62.26%
22,Cherilyn Simpson,"Redlands, CA",323,1:45:00,8:01,F 40-44/2,F-43,5,1:45:08,65.66%
23,Bob Ristow,"Redlands, CA",352,1:45:19,8:02,M 50-54/2,M-54,18,1:45:35,64.10%
24,Cassandra Johnson,"Loma Linda, CA",286,1:45:38,8:04,F 18-24/2,F-23,6,1:45:38,61.73%
25,Dave Lane,"Riverside, CA",368,1:45:49,8:05,M 55-59/2,M-58,19,1:45:52,66.18%
26,Daniel Alves,"Redlands, CA",292,1:46:40,8:09,M 45-49/3,M-46,20,1:48:08,59.04%
27,Cesar Covarrubias,"Colton, CA",308,1:46:45,8:09,M 35-39/3,M-35,21,1:46:50,54.98%
28,Lesford Duncan,"Loma Linda, CA",402,1:46:48,8:09,M 25-29/5,M-27,22,1:47:00,54.67%
29,William Jones,"Oceanside, CA",298,1:46:58,8:10,M 40-44/4,M-41,23,1:48:28,56.52%
30,Joe Zini,"Victorville, CA",141,1:47:03,8:10,M 45-49/4,M-46,24,1:47:23,58.82%
31,Brandon Soelberg,"Redlands, CA",315,1:47:09,8:11,M 25-29/6,M-27,25,1:47:14,54.50%
32,Lisa McMillan,"Yucaipa, CA",147,1:47:12,8:11,F 25-29/2,F-25,7,1:47:22,60.83%
33,Chris Cox,"Highland, CA",161,1:47:42,8:13,M 55-59/3,M-56,26,1:47:52,63.83%
34,Joyce Archbold,"Yucaipa, CA",124,1:48:57,8:19,F 30-34/2,F-32,8,1:49:47,60.01%
35,Adriana Llaurado,"Yucaipa, CA",350,1:49:42,8:23,F 18-24/3,F-22,9,1:50:29,59.44%
36,Jeff Francisco,"Riverside, CA",329,1:50:14,8:25,M 50-54/3,M-52,27,1:50:21,60.15%
37,Ashley Elston-Hurdle,"Redlands, CA",191,1:50:48,8:28,F 30-34/3,F-30,10,1:50:58,58.87%
38,Caitlin Linas,"Trabuco Canyon, CA",169,1:50:59,8:28,F 25-29/3,F-26,11,1:51:21,58.76%
39,Ron Stockton,"Redlands, CA",257,1:51:19,8:30,M 45-49/5,M-45,28,1:51:57,56.11%
40,William Hamra,"Loma Linda, CA",172,1:51:26,8:30,M 30-34/3,M-30,29,1:51:54,52.40%
41,John Echevaria,"Colton, CA",500,1:51:39,8:31,M 35-39/4,M-37,30,1:51:43,52.93%
42,Taylor Nichols,"Riverside, CA",372,1:51:47,8:32,M 25-29/7,M-25,31,1:51:53,52.24%
43,Amanda Zenthoefer,"Loma Linda, CA",260,1:51:58,8:33,F 25-29/4,F-28,12,1:53:23,58.24%
44,April McElfish,"Redlands, CA",204,1:52:05,8:33,F 30-34/4,F-30,13,1:53:31,58.19%
45,Jeff Victorio,"Redlands, CA",232,1:52:09,8:34,M 30-34/4,M-32,32,1:52:59,52.08%
46,Stewart Boden,"Sn Bernrdno, CA",401,1:52:33,8:36,M 60-64/1,M-60,33,1:53:13,63.40%
47,Alexander Min,"Loma Linda, CA",171,1:53:16,8:39,M 25-29/8,M-27,34,1:53:44,51.55%
48,Adrianna Contreras,"Fontana, CA",245,1:54:38,8:45,F 18-24/4,F-20,14,1:54:49,57.32%
49,Pam Iyer,"Fort Collins, CO",145,1:55:01,8:47,F 60-64/1,F-60,15,1:55:04,73.22%
50,Alan Nicewonger,"Bakersfield, CA",184,1:55:33,8:49,M 25-29/9,M-27,35,1:56:22,50.53%
51,Jodi Datema,"Redlands, CA",390,1:55:48,8:50,F 25-29/5,F-28,16,1:56:22,56.31%
52,Rebueno Calixterio,"Loma Linda, CA",155,1:56:10,8:52,M 55-59/4,M-58,36,1:56:48,60.28%
53,Lindsay Shadle,"Loma Linda, CA",173,1:56:10,8:52,F 30-34/5,F-30,17,1:57:37,56.15%
54,Eric Shadle,"Loma Linda, CA",174,1:56:13,8:52,M 25-29/10,M-29,37,1:57:40,50.24%
55,Mike Dicesaris,"Brea, CA",338,1:56:14,8:52,M 55-59/5,M-59,38,1:56:28,60.81%
56,Cady Sittlinger,"Loma Linda, CA",287,1:56:16,8:53,F 18-24/5,F-23,18,1:56:42,56.09%
57,Jp Zenthoefer,"Loma Linda, CA",188,1:56:18,8:53,M 30-34/5,M-31,39,1:57:42,50.21%
58,Judy Benz,"Fullerton, CA",149,1:56:52,8:55,F 50-54/1,F-53,19,1:56:58,65.81%
59,Jesus Escatiola,"Chino, CA",394,1:56:54,8:56,M 45-49/6,M-45,40,1:57:00,53.43%
60,Eunjoo Choi,"Loma Linda, CA",158,1:57:19,8:57,F 45-49/1,F-45,20,1:57:35,59.82%
61,Rick Aguirre,"Redlands, CA",396,1:58:32,9:03,M 35-39/5,M-36,41,1:58:36,49.66%
62,Sherri Gandhi,"Redlands, CA",335,1:58:35,9:03,F 50-54/2,F-53,21,1:58:40,64.86%
63,Suong Thai,"Loma Linda, CA",357,1:58:35,9:03,F 30-34/6,F-30,22,1:58:56,55.00%
64,Deanna Lo,"Loma Linda, CA",266,1:58:49,9:04,F 18-24/6,F-24,23,2:00:15,54.88%
65,Dae-Eil Chong,"Loma Linda, CA",342,1:59:04,9:05,M 30-34/6,M-30,42,1:59:28,49.04%
66,Maci Schlichter,"Mentone, CA",143,1:59:22,9:07,F 18-24/7,F-22,24,1:59:52,54.63%
67,Mike Calendar,"Highland, CA",221,1:59:25,9:07,M 50-54/4,M-54,43,2:00:30,56.53%
68,Perry Haugen,"Sonora, CA",302,1:59:49,9:09,M 55-59/6,M-56,44,2:00:06,57.37%
69,Ivan Buchheim,"San Bernardino, CA",197,1:59:49,9:09,M 35-39/6,M-38,45,2:00:07,49.54%
70,Olivia Luce,"Loma Linda, CA",205,1:59:52,9:09,F 25-29/6,F-26,25,2:00:56,54.40%
71,Patti Fujinami,"Palm Desert, CA",259,1:59:55,9:09,F 25-29/7,F-29,26,2:00:19,54.37%
72,Dan Lim,"Loma Linda, CA",167,2:00:02,9:10,M 60-64/2,M-60,46,2:00:09,59.45%
73,Kali Rohnke,"Fullerton, CA",148,2:00:02,9:10,F 50-54/3,F-51,27,2:00:06,62.53%
74,Tabitha Abel,"Chiloquin, OR",150,2:00:06,9:10,F 60-64/2,F-64,28,2:00:36,74.14%
75,Tania McCracken,"Mentone, CA",399,2:00:13,9:11,F 40-44/3,F-41,29,2:00:26,56.49%
76,Samir Kubba,"Redlands, CA",392,2:00:15,9:11,M 50-54/5,M-51,47,2:00:38,54.66%
77,Jay Sandhu,"Redlands, CA",378,2:00:16,9:11,M 50-54/6,M-54,48,2:00:38,56.13%
78,Alexander Larson,"Oxnard, CA",339,2:00:20,9:11,M 35-39/7,M-37,49,2:00:48,49.11%
79,Albert Lee,"Redlands, CA",247,2:00:47,9:13,M 55-59/7,M-58,50,2:01:11,57.98%
80,Krista Ballew,"Redlands, CA",363,2:01:13,9:15,F 25-29/8,F-25,30,2:01:24,53.80%
81,Charles Dusenberry,"Redlands, CA",163,2:01:29,9:16,M 65-69/1,M-66,51,2:02:08,62.28%
82,Dan Kelley,"Covina, CA",313,2:01:41,9:17,M 50-54/7,M-54,52,2:01:59,55.48%
83,Joann Labani,"Yucaipa, CA",222,2:01:50,9:18,F 50-54/4,F-50,31,2:02:36,60.87%
84,Angelina Manuel,"Loma Linda, CA",262,2:02:00,9:19,F 25-29/9,F-29,32,2:02:59,53.45%
85,Carol Cronk,"Apple Valley, CA",307,2:02:14,9:20,F 50-54/5,F-52,33,2:02:23,62.16%
86,Beban Quijada,"Redlands, CA",139,2:02:32,9:21,M 35-39/8,M-39,53,2:03:25,48.70%
87,Clarissa Molina,"San Bernardino, CA",224,2:02:54,9:23,F 25-29/10,F-25,34,2:03:15,53.06%
88,Avery Bradley,"Loma Linda, CA",239,2:03:17,9:25,M 18-24/1,M-22,54,2:03:23,47.36%
89,Amanda Haney,"Highland, CA",281,2:03:19,9:25,F 25-29/11,F-26,35,2:03:31,52.88%
90,Melisa Morse,"Joshua Tree, CA",305,2:03:20,9:25,F 30-34/7,F-30,36,2:03:31,52.89%
91,John Lohr Jr,"Yucaipa, CA",321,2:03:47,9:27,M 40-44/5,M-44,55,2:04:08,50.04%
92,Tricia Fynewever,"Redlands, CA",397,2:04:32,9:30,F 35-39/1,F-39,37,2:06:06,53.85%
93,Cassie Versteeg,"Redlands, CA",398,2:04:33,9:30,F 35-39/2,F-36,38,2:06:06,53.08%
94,Timothy Jung,"Loma Linda, CA",122,2:05:23,9:34,M 70-74/1,M-72,56,2:05:39,64.36%
95,Irene Dorado,"Hesperia, CA",306,2:05:24,9:34,F 40-44/4,F-40,39,2:05:33,53.80%
96,Peter Chung,"Loma Linda, CA",345,2:05:27,9:35,M 70-74/2,M-70,57,2:05:42,62.86%
97,Clarissa English,"Pasadena, CA",360,2:05:33,9:35,F 25-29/12,F-28,40,2:06:10,51.94%
98,Sandra Tejada,"Pomona, CA",380,2:06:01,9:37,F 25-29/13,F-27,41,2:06:13,51.75%
99,Sunder Nambiar,"Loma Linda, CA",359,2:06:26,9:39,M 55-59/8,M-58,58,2:07:01,55.39%
100,Brittany Beckwith,"Loma Linda, CA",128,2:06:48,9:41,F 25-29/14,F-27,42,2:06:56,51.43%
101,Bernard Dela Cruz,"Highland, CA",170,2:06:50,9:41,M 45-49/7,M-45,59,2:07:08,49.24%
102,Bruce Bradley,"Loma Linda, CA",240,2:06:51,9:41,M 50-54/8,M-51,60,2:06:56,51.81%
103,Teresa Morris,"Yucaipa, CA",358,2:07:23,9:43,F 55-59/1,F-56,43,2:08:00,62.71%
104,Michelle Benavides,"Fontana, CA",103,2:07:28,9:44,F 35-39/3,F-35,44,2:08:37,51.67%
105,Mathew English,"Pasadena, CA",361,2:08:33,9:49,M 25-29/11,M-29,61,2:09:10,45.42%
106,Carl Burton,"Riverside, CA",400,2:08:36,9:49,M 70-74/3,M-71,62,2:08:43,62.00%
107,Christi Wilson,"Yucaipa, CA",220,2:08:37,9:49,F 40-44/5,F-42,45,2:08:42,53.19%
108,Grant Anderson,"Rancho Cucamonga, CA",183,2:09:05,9:51,M 50-54/9,M-52,63,2:09:42,51.37%
109,Kamini Muzumdar,"Houston, TX",180,2:09:05,9:51,F 50-54/6,F-50,46,2:09:42,57.45%
110,Kelcie Brown,"Loma Linda, CA",294,2:09:09,9:52,F 18-24/8,F-23,47,2:09:36,50.49%
111,Graham Allen,"Redlands, CA",142,2:10:37,9:58,M 25-29/12,M-25,64,2:10:48,44.70%
112,Raewyn Hankins,"Loma Linda, CA",192,2:10:59,10:00,F 30-34/8,F-33,48,2:11:43,50.00%
113,Kristin Bruhjell,"Redlands, CA",211,2:11:18,10:01,F 25-29/15,F-26,49,2:11:27,49.66%
114,Joseph Fargusson,"Highland, CA",395,2:11:24,10:02,M 25-29/13,M-29,65,2:12:12,44.44%
115,Korrina Torres,"Bakersfield, CA",185,2:11:24,10:02,F 18-24/9,F-23,50,2:12:13,49.63%
116,Allison Cool,"Loma Linda, CA",210,2:12:27,10:07,F 18-24/10,F-23,51,2:12:47,49.23%
117,Ronela Tavoc,"Redlands, CA",297,2:12:34,10:07,F 18-24/11,F-23,52,2:12:52,49.19%
118,Daniel Lee,"Loma Linda, CA",187,2:12:40,10:08,M 25-29/14,M-25,66,2:14:27,44.01%
119,Cristina Gonzalez,"Rialto, CA",274,2:13:04,10:10,F 25-29/16,F-28,53,2:13:18,49.00%
120,Ernesto Arauza,"Los Angeles, CA",299,2:13:10,10:10,M 18-24/2,M-24,67,2:13:32,43.85%
121,Dan Berry,"Yucaipa, CA",254,2:13:22,10:11,M 45-49/8,M-46,68,2:13:40,47.22%
122,Allison Bradbury,"Victor Ville, CA",296,2:13:41,10:12,F 18-24/12,F-21,54,2:14:09,48.87%
123,Gedeon Pagarigan,"Redlands, CA",177,2:13:56,10:13,M 45-49/9,M-45,69,2:15:04,46.63%
124,Carmen Montoya,"Loma Linda, CA",273,2:13:56,10:13,F 25-29/17,F-27,55,2:13:56,48.69%
125,Dannielle Ivey,"Redlands, CA",364,2:13:57,10:14,F 35-39/4,F-37,56,2:15:03,49.55%
126,Ivanna Maxson,"Loma Linda, CA",251,2:14:18,10:15,F 25-29/18,F-26,57,2:14:33,48.55%
127,Brandon Peplinski,"Loma Linda, CA",258,2:14:18,10:15,M 25-29/15,M-26,70,2:14:34,43.48%
128,Anza Akram,"Riverside, CA",330,2:14:45,10:17,F 55-59/2,F-55,58,2:14:52,58.52%
129,Lori Deen,"Redlands, CA",317,2:14:53,10:18,F 40-44/6,F-44,59,2:15:19,51.54%
130,Courtney Hughes,"Redlands, CA",219,2:15:00,10:18,F 30-34/9,F-31,60,2:15:34,48.35%
131,Bates Moses,"Loma Linda, CA",289,2:15:18,10:20,M 40-44/6,M-43,71,2:16:12,45.40%
132,Dave Fabruada,"Grand Terrace, CA",271,2:15:32,10:21,M 50-54/10,M-51,72,2:17:04,48.49%
133,Megan Tooker,"Yucaipa, CA",373,2:15:32,10:21,F 30-34/10,F-34,61,2:16:45,48.44%
134,Joanna Daetwiler,"Loma Linda, CA",166,2:15:33,10:21,F 30-34/11,F-33,62,2:16:46,48.32%
135,Roger Rybicka,"Fort Collins, CO",146,2:16:10,10:24,M 65-69/2,M-67,73,2:16:25,56.14%
136,Jd Bilbao,"Loma Linda, CA",385,2:16:15,10:24,M 35-39/9,M-37,74,2:17:33,43.37%
137,Jarred Rhodes,"Loma Linda, CA",199,2:16:19,10:24,M 18-24/3,M-24,75,2:16:32,42.83%
138,Angelica Rhodes,"Loma Linda, CA",200,2:16:20,10:24,F 18-24/13,F-23,63,2:16:32,47.83%
139,Joy Bradley,"Loma Linda, CA",238,2:16:37,10:26,F 45-49/2,F-49,64,2:16:41,53.64%
140,Emil Rudobeck,"Loma Linda, CA",215,2:17:14,10:29,M 30-34/7,M-31,76,2:17:15,42.55%
141,Cat Dengate,"Redlands, CA",347,2:17:42,10:31,F 40-44/7,F-43,65,2:18:23,50.07%
142,Ashley Kim,"Orange, CA",326,2:18:33,10:35,F 25-29/19,F-25,66,2:18:52,47.06%
143,Kenneth Hart,"Colton, CA",379,2:18:52,10:36,M 70-74/4,M-72,77,2:19:35,58.11%
144,Jonathan Chin,"Loma Linda, CA",153,2:19:27,10:39,M 60-64/3,M-63,78,2:19:58,52.67%
145,Jose Lopez,"Raleigh, NC",365,2:19:28,10:39,M 25-29/16,M-28,79,2:20:52,41.87%
146,Aimie Apigian,"Redlands, CA",256,2:19:32,10:39,F 30-34/12,F-32,67,2:19:54,46.85%
147,Jane Hoag,"Loma Linda, CA",393,2:19:41,10:40,F 40-44/8,F-42,68,2:20:17,48.97%
148,Corina Rivera,"Highland, CA",387,2:19:42,10:40,F 35-39/5,F-35,69,2:20:18,47.14%
149,Peter Toller,"Hesperia, CA",101,2:19:49,10:40,M 50-54/11,M-54,80,2:21:43,48.28%
150,John Lee,"Redlands, CA",384,2:19:57,10:41,M 60-64/4,M-61,81,2:20:08,51.46%
151,Ava Dickerson,"Fresno, CA",314,2:20:04,10:41,F 50-54/7,F-53,70,2:20:42,54.91%
152,Kamal Kejriwal,"Redlands, CA",331,2:21:02,10:46,M 45-49/10,M-45,82,2:21:25,44.29%
153,Grace Aguirre,"Highland, CA",152,2:22:39,10:53,F 40-44/9,F-42,71,2:23:19,47.96%
154,Dawn Vinning,"Poerterville, CA",189,2:22:45,10:54,F 50-54/8,F-50,72,2:23:24,51.95%
155,Elvin Veluz,"Loma Linda, CA",206,2:23:15,10:56,M 55-59/9,M-57,83,2:23:31,48.43%
156,Jerry Sprague,"Yucaipa, CA",334,2:24:11,11:00,M 40-44/7,M-43,84,2:25:25,42.60%
157,Valeria Pereira,"Tustin, CA",225,2:24:11,11:00,F 50-54/9,F-52,73,2:24:18,52.69%
158,Yvonne Lyn-Siagian,"Loma Linda, CA",246,2:24:25,11:01,F 45-49/3,F-46,74,2:24:49,49.08%
159,Ted Pence,"Riverside, CA",231,2:24:28,11:02,M 40-44/8,M-44,85,2:24:57,42.88%
160,Stephanie Thomas,"Yucaipa, CA",164,2:24:45,11:03,F 18-24/14,F-23,75,2:25:52,45.05%
161,Andrea Salguero,"Loma Linda, CA",179,2:24:46,11:03,F 30-34/13,F-30,76,2:25:54,45.05%
162,Sophia Cadet,"Redlands, CA",223,2:25:21,11:06,F 35-39/6,F-38,77,2:25:24,45.89%
163,Martha Narasimhan-Narayanan,"San Diego, CA",133,2:25:57,11:08,F 30-34/14,F-34,78,2:26:10,44.99%
164,Brittany Kazmierski,"Rancho Cucamonga, CA",300,2:26:54,11:13,F 30-34/15,F-32,79,2:27:08,44.50%
165,Mark Hilton,"Fontana, CA",126,2:28:17,11:19,M 45-49/11,M-49,86,2:28:34,43.56%
166,Paul Lawson,"Claremont, CA",226,2:28:19,11:19,M 65-69/3,M-69,87,2:29:21,52.61%
167,Katrina Grant,"Taylorsville, NC",135,2:28:42,11:21,F 18-24/15,F-20,80,2:28:49,44.19%
168,Lucina Bartlett,"Redlands, CA",382,2:28:58,11:22,F 30-34/16,F-33,81,2:29:47,43.96%
169,Wayne Dysinger,"Loma Linda, CA",324,2:29:05,11:23,M 50-54/12,M-54,88,2:30:56,45.28%
170,Bryan Regensburg,"Rancho Cucamonga, CA",328,2:30:48,11:31,M 50-54/13,M-52,89,2:31:45,43.97%
171,Jane Gopez,"Moreno Valley, CA",381,2:31:35,11:34,F 35-39/7,F-38,82,2:32:21,44.01%
172,Lihong Wei,"Yorba Linda, CA",367,2:31:37,11:34,F 40-44/10,F-41,83,2:32:22,44.79%
173,Jeanette Quintana,"Fontana, CA",332,2:33:12,11:42,F 35-39/8,F-38,84,2:33:53,43.54%
174,Narayanan Lakshmanan,"Redlands, CA",291,2:33:24,11:43,M 40-44/9,M-41,90,2:34:46,39.41%
175,Mayelin Santos,"Redlands, CA",249,2:33:29,11:43,F 35-39/9,F-38,85,2:34:21,43.46%
176,Kristine Lucrida,"Colton, CA",230,2:33:43,11:44,F 25-29/20,F-25,86,2:35:03,42.42%
177,Lizlyn Lucrida,"Colton, CA",383,2:33:43,11:44,F 25-29/21,F-25,87,2:35:04,42.42%
178,Sherrefa Burchell,"Loma Linda, CA",284,2:34:17,11:47,F 18-24/16,F-24,88,2:36:08,42.26%
179,Woody Smith,"San Bernardino, CA",241,2:34:20,11:47,M 65-69/4,M-65,91,2:34:46,48.54%
180,Richard Quon,"Moreno Valley, CA",319,2:34:36,11:48,M 55-59/10,M-55,92,2:36:03,44.06%
181,Sky Martin,"Loma Linda, CA",144,2:37:12,12:00,M 30-34/8,M-33,93,2:39:05,37.19%
182,Nirav Mamdani,"Redlands, CA",132,2:37:21,12:01,M 35-39/10,M-37,94,2:38:34,37.55%
183,Haydee Mamdani,"Redlands, CA",131,2:37:22,12:01,F 45-49/4,F-47,89,2:38:34,45.51%
184,Martua Simorangkir,"Redlands, CA",175,2:37:40,12:02,M 25-29/17,M-29,95,2:40:09,37.03%
185,Julie Estrada,"Riverside, CA",366,2:38:25,12:06,F 30-34/17,F-33,90,2:39:14,41.34%
186,Benjamin Apple,"Los Angeles, CA",391,2:39:02,12:08,M 30-34/9,M-33,96,2:39:42,36.76%
187,Fred Soeprono,"Colton, CA",252,2:40:16,12:14,M 65-69/5,M-68,97,2:40:49,48.19%
188,Jescinda Barrett,"Calimesa, CA",136,2:40:53,12:17,F 30-34/18,F-33,91,2:41:56,40.71%
189,Guadalupe Padilla,"Bloomington, CA",356,2:40:53,12:17,F 50-54/10,F-50,92,2:41:56,46.09%
190,Ana Lucero,"San Jacinto, CA",316,2:41:07,12:18,F 35-39/10,F-36,93,2:42:10,41.03%
191,Alexia Ximinies,"Loma Linda, CA",279,2:41:48,12:21,F 30-34/19,F-30,94,2:43:41,40.31%
192,Theodis Ward,"Loma Linda, CA",295,2:42:39,12:25,M 60-64/5,M-62,98,2:43:12,44.71%
193,Cheri Clark,"Yucaipa, CA",282,2:42:39,12:25,F 40-44/11,F-43,95,2:42:39,42.39%
194,Josh Yune,"Loma Linda, CA",198,2:43:00,12:27,M 40-44/10,M-40,99,2:43:21,36.83%
195,Cathy Pettigrew,"Loma Linda, CA",362,2:45:00,12:36,F 65-69/1,F-66,96,2:45:20,55.56%
196,Euni Cho,"Loma Linda, CA",138,2:45:01,12:36,F 45-49/5,F-49,97,2:45:20,44.40%
197,Marilyn Chau,"Loma Linda, CA",209,2:45:48,12:39,F 25-29/22,F-26,98,2:46:51,39.33%
198,Alix Chen,"Loma Linda, CA",243,2:45:48,12:39,F 18-24/17,F-24,99,2:46:51,39.33%
199,Stephen Lim,"Loma Linda, CA",348,2:45:55,12:40,M 65-69/6,M-65,100,2:47:27,45.15%
200,Jason Romero,"Rialto, CA",333,2:45:59,12:40,M 35-39/11,M-37,101,2:47:34,35.60%
201,Frank Afan,"Cathedral City, CA",275,2:47:50,12:49,M 25-29/18,M-29,102,2:48:23,34.79%
202,Yuthana Kong,"Loma Linda, CA",277,2:48:14,12:50,F 40-44/12,F-44,100,2:49:44,41.33%
203,Veronica Gongora,"Redlands, CA",176,2:49:07,12:54,F 35-39/11,F-37,101,2:49:18,39.25%
204,Jackie Riedell,"Riverside, CA",186,2:49:11,12:55,F 55-59/3,F-55,102,2:50:15,46.61%
205,Lisa Dicesaris,"Brea, CA",337,2:49:44,12:57,F 55-59/4,F-58,103,2:49:59,48.31%
206,Santiago Enriquez Jr,"La Puente, CA",349,2:49:53,12:58,F 45-49/6,F-46,104,2:50:24,41.72%
207,Sana Quijada,"Temecula, CA",196,2:50:17,13:00,F 45-49/7,F-45,105,2:51:13,41.21%
208,Al Cazas,"Loma Linda, OR",354,2:52:45,13:11,M 55-59/11,M-58,103,2:54:27,40.53%
209,Kalle Tompros,"Los Angeles, CA",228,2:53:28,13:14,F 25-29/23,F-28,106,2:54:26,37.59%
210,Jim Comeau,"Los Angeles, CA",229,2:53:29,13:14,M 30-34/10,M-32,104,2:54:27,33.67%
211,Jason Dengate,"Redlands, CA",310,2:53:38,13:15,M 45-49/12,M-45,105,2:54:22,35.97%
212,Dan Ninan,"Loma Linda, CA",374,2:54:06,13:17,M 40-44/11,M-43,106,2:55:02,35.28%
213,Jeff Gilchnrist,"Colton, CA",336,2:55:02,13:22,M 60-64/6,M-62,107,2:57:07,41.55%
214,Francesca Johnson,"Temecula, CA",157,2:56:10,13:27,F 01-17/1,F-16,107,2:56:59,39.65%
215,Vance Johnson,"Temecula, CA",156,2:56:18,13:27,M 45-49/13,M-46,108,2:57:06,35.72%
216,Renee Dye,"Houston, TX",181,2:56:38,13:29,F 50-54/11,F-52,108,2:57:56,43.01%
217,Cathy Anderson,"Rancho Cucamonga, CA",182,2:56:39,13:29,F 50-54/12,F-52,109,2:57:56,43.01%
218,Ismael Garcia,"Redlands, CA",268,2:57:01,13:31,M 18-24/4,M-23,109,2:57:24,32.98%
219,Jodi Buckley,"San Bernardino, CA",194,2:58:55,13:39,F 30-34/20,F-33,110,2:59:32,36.60%
220,Esmerelda Guerrero,"Loma Linda, CA",109,2:59:14,13:41,F 25-29/24,F-29,111,2:59:15,36.38%
221,Amy Phillips,"Redlands, CA",340,2:59:17,13:41,F 40-44/13,F-41,112,3:00:21,37.88%
222,Mareclla Strong,"Redlands, CA",195,2:59:34,13:42,F 55-59/5,F-55,113,3:00:42,43.92%
223,Louise Coy,"Redlands, CA",255,2:59:58,13:44,F 65-69/2,F-66,114,3:01:07,50.94%
224,Susan Marshburn,"Redlands, CA",207,3:00:18,13:46,F 55-59/6,F-55,115,3:01:26,43.74%
225,Janaire Avergonzado,"Yucaipa, CA",248,3:01:26,13:51,F 45-49/8,F-45,116,3:01:44,38.68%
226,Mary Casperson,"Corona, CA",134,3:02:54,13:58,F 55-59/7,F-58,117,3:03:21,44.83%
227,Linnea Buchheim,"San Bernardino, CA",377,3:06:17,14:13,F 30-34/21,F-30,118,3:08:00,35.01%
228,Del Retha Haugen,"Sonora, CA",303,3:06:17,14:13,F 55-59/8,F-58,119,3:08:00,44.01%
229,Margit Perry,"Loma Linda, CA",214,3:08:21,14:23,F 70-74/1,F-74,120,3:10:04,55.19%
230,Jeannette Roostai,"Yucaipa, CA",272,3:08:23,14:23,F 70-74/2,F-73,121,3:09:59,54.27%
231,Rosa Cortes,"Redlands, CA",346,3:08:37,14:24,F 55-59/9,F-58,122,3:10:13,43.47%
232,William Carter,"Riverside, CA",202,3:08:37,14:24,M 70-74/5,M-70,110,3:10:13,41.81%
233,Tina Cazas,"Loma Linda, OR",355,3:08:37,14:24,F 55-59/10,F-58,123,3:10:13,43.47%
234,Marion Deleon,"Loma Linda, CA",344,3:08:38,14:24,F 65-69/3,F-69,124,3:10:13,50.85%
235,Jo Shelly,"Rialto, CA",325,3:13:15,14:45,F 40-44/14,F-40,125,3:14:00,34.91%
236,Tamara Moore,"Chino, CA",327,3:13:16,14:45,F 50-54/13,F-51,126,3:14:00,38.84%
237,Saphana Ouk,"Loma Linda, CA",270,3:14:51,14:52,F 50-54/14,F-50,127,3:14:52,38.06%
238,Nancy Lo,"Loma Linda, CA",269,3:14:51,14:52,F 55-59/11,F-59,128,3:14:51,42.64%
239,Jeremiah Waworoendeng,"Loma Linda, CA",293,3:15:30,14:55,M 30-34/11,M-32,111,3:16:37,29.87%
240,Connie Phillips,"Loma Linda, CA",263,3:15:31,14:55,F 35-39/12,F-36,129,3:16:38,33.81%
241,Stella Tsui,"Grand Terrace, CA",1030,3:15:43,14:56,F 18-24/18,F-24,130,3:16:37,33.32%
242,Kelsey Hilton,"Fontana, CA",130,3:15:48,14:57,F 01-17/2,F-16,131,3:16:03,35.68%
243,Saundra Hilton,"Fontana, CA",129,3:17:00,15:02,F 40-44/15,F-42,132,3:17:16,34.72%
244,Ginger Weller,"Riverside, CA",120,3:17:03,15:02,F 50-54/15,F-54,133,3:18:26,39.52%
245,Jim Weller,"Riversdie, CA",121,3:17:04,15:02,M 55-59/12,M-59,112,3:18:26,35.86%
246,Sara Saenz-Pavon,"Fontana, CA",267,3:18:22,15:08,F 30-34/22,F-31,134,3:18:53,32.90%
247,Emely Garcia,"Riversude, CA",386,3:18:23,15:08,F 30-34/23,F-31,135,3:18:52,32.90%
248,Jacquline Irons,"San Bernardino, CA",244,3:19:36,15:14,F 50-54/16,F-53,136,3:19:38,38.53%
249,Mayra Ochoa,"San Bernardino, CA",242,3:19:36,15:14,F 30-34/24,F-30,137,3:19:38,32.68%
250,Claudia Walker,"Redlands, CA",318,3:19:54,15:15,F 40-44/16,F-41,138,3:20:40,33.97%
251,Traci Williams,"Loma Linda, CA",320,3:19:55,15:15,F 50-54/17,F-51,139,3:20:41,37.54%
252,Marlene Kogel,"Cherry Valley, CA",389,3:20:16,15:17,F 45-49/9,F-45,140,3:20:54,35.04%
253,Becky Stewart,"Mentone, CA",388,3:20:16,15:17,F 45-49/10,F-48,141,3:20:55,36.16%
254,Maya Rosenblatt,"Riverside, CA",351,3:22:23,15:27,F 65-69/4,F-66,142,3:23:25,45.30%
255,Gail Ferranti,"Beaumont, CA",265,3:22:43,15:28,F 55-59/12,F-55,143,3:24:28,38.90%
256,James Babcock,"San Bernardino, CA",123,3:22:54,15:29,M 60-64/7,M-62,113,3:24:40,35.84%
257,Riu Baring,"Redlands, CA",235,3:23:45,15:33,M 40-44/12,M-44,114,3:24:09,30.40%
258,Marc Tigas,"San Bernardino, CA",203,3:23:59,15:34,M 35-39/12,M-37,115,3:24:32,28.97%
259,Jefferson Rivera,"Loma Linda, CA",140,3:24:42,15:37,M 45-49/14,M-49,116,3:25:37,31.55%
260,Sunil Nowrangi,"Loma Linda, CA",403,3:36:54,16:33,M 65-69/7,M-65,117,3:37:29,34.53%
261,Terri Nelson,"Redlands, CA",154,3:40:11,16:48,F 55-59/13,F-55,144,3:41:57,35.81%
262,Maryann Hasso,"Victorville, CA",264,3:40:13,16:48,F 40-44/17,F-43,145,3:40:26,31.30%
