Place,Name,Location,Bib,Net Time,Pace,Division/Place,Sex-Age,Sex-Place,Gun Time,Age Grade
1,Daniel Lyon,"Hesperia, CA",5557,16:05,5:11,M 20-24/1,M-24,1,16:05,80.29%
2,Matthew Linman,"Riverside, CA",5315,16:06,5:11,M 25-29/1,M-25,2,16:06,80.21%
3,Gray Mavhera,"Moreno Valley, CA",15489,16:17,5:15,M 35-39/1,M-39,3,16:17,83.30%
4,Alec Fillmore,"Riverside, CA",5509,16:31,5:19,M 16-19/1,M-19,4,16:31,79.90%
5,Ted Devito,"Big Bear Lake, CA",5551,17:16,5:34,M 25-29/2,M-25,5,17:18,74.78%
6,Phil Orr,"Riverside, CA",5556,17:34,5:40,M 45-49/1,M-45,6,17:34,80.82%
7,Omar Caro,", CA",5219,17:50,5:45,M 13-15/1,M-14,7,17:50,79.61%
8,Oscar Caro,", CA",5220,17:50,5:45,M 13-15/2,M-14,8,17:50,79.61%
9,Andrew Benavickz,"Riverside, CA",5211,18:50,6:04,M 50-54/1,M-51,9,18:53,79.01%
10,Michelle Prowse,"Loma Linda, CA",5559,18:59,6:07,F 25-29/1,F-26,1,18:59,78.03%
11,Mark Hawkins,"Riverside, CA",5278,19:19,6:14,M 13-15/3,M-15,10,19:19,72.11%
12,Ben Bartsch,"Loma Linda, CA",5468,19:21,6:14,M 30-34/1,M-34,11,19:21,67.84%
13,Nina Nguyen,"Ontario, CA",5028,20:04,6:28,F 25-29/2,F-29,2,20:04,73.82%
14,Brandon Henschel,"Cherry Valley, CA",5439,20:11,6:30,M 16-19/2,M-17,12,20:12,66.94%
15,Robin Lie,"Loma Linda, CA",5314,20:20,6:33,M 35-39/2,M-37,13,20:20,65.71%
16,Ahmed Abou Zamzam,"Redlands, CA",5575,20:36,6:38,M 40-44/1,M-42,14,20:41,67.29%
17,Zafir Abou Zamzam,"Redlands, CA",5574,20:36,6:38,M 10-12/1,M-10,15,20:41,76.68%
18,Adam Fernandez,", CA",5250,21:15,6:51,M 13-15/4,M-13,16,21:16,68.29%
19,Timothy Giang,"Yucaipa, CA",5268,21:15,6:51,M 13-15/5,M-15,17,21:24,65.54%
20,Daniel Vollkommer,"Highland, CA",5466,21:21,6:53,M 13-15/6,M-15,18,21:25,65.23%
21,Ryan Munoz,"San Bernardino, CA",5351,21:22,6:53,M 13-15/7,M-13,19,21:34,67.92%
22,Michael Pecaut,"Yucaipa, CA",5368,21:29,6:55,M 35-39/3,M-39,20,21:32,63.12%
23,Joshua Lane,"Banning, CA",5306,21:29,6:55,M 10-12/2,M-11,21,21:30,71.27%
24,Mitchel Cleland,"Riverside, CA",5568,21:34,6:57,M 13-15/8,M-14,22,21:35,65.82%
25,Eli Opsahl,"Redlands, CA",5360,21:46,7:01,M 07-09/1,M-8,23,21:46,78.24%
26,Luis Motta,"San Bernardino, CA",5348,21:48,7:01,M 30-34/2,M-34,24,21:50,60.21%
27,Yuki Yamashiro,"Rialto, CA",5538,21:49,7:02,M 40-44/2,M-40,25,21:49,62.61%
28,Omar Arroyo,", CA",5206,21:56,7:04,M 13-15/9,M-14,26,21:57,64.71%
29,Judith Gutierrez,"Colton, CA",5276,21:58,7:05,F 30-34/1,F-32,3,21:58,67.58%
30,Robert Grenda,"Redlands, CA",5272,22:23,7:13,M 16-19/3,M-16,27,22:28,61.25%
31,Cody Lord,"Hesperia, CA",5506,22:24,7:13,M 13-15/10,M-14,28,22:26,63.37%
32,Tanner Johnson,"Highland, CA",5465,22:34,7:16,M 10-12/3,M-12,29,22:38,65.93%
33,Vicente Suasto,"La Puente, CA",5512,22:37,7:17,M 45-49/2,M-49,30,22:41,64.75%
34,Robroy McCandless,"Riverside, CA",5336,22:37,7:17,M 35-39/4,M-35,31,22:40,58.33%
35,Tony Fasano,"Corona, CA",5243,22:45,7:20,M 55-59/1,M-56,32,22:45,68.18%
36,Samuel Brassfield,"Redlands, CA",5448,22:47,7:20,M 40-44/3,M-41,33,22:56,60.40%
37,Benjamin Kumler,"Redlands, CA",5300,22:51,7:22,M 13-15/11,M-13,34,22:56,63.50%
38,Brian Baur,"Moreno Valley, CA",5209,22:53,7:22,M 50-54/2,M-52,35,22:58,65.52%
39,Tony Allison,"Upland, CA",5460,23:02,7:25,M 45-49/3,M-46,36,23:53,62.06%
40,Robert Lachausse,"San Bernardino, CA",5462,23:04,7:26,M 35-39/5,M-38,37,23:06,58.35%
41,David Bock,"Running Springs, CA",5214,23:20,7:31,M 13-15/12,M-13,38,23:29,62.19%
42,Madison Jedlick,"Running Springs, CA",5510,23:25,7:32,F 13-15/1,F-13,4,23:34,68.23%
43,Doug Faulkner,"Loma Linda, CA",5578,23:32,7:35,M 30-34/3,M-32,39,25:10,55.28%
44,Troy Day,"Rialto, CA",5231,23:45,7:39,M 45-49/4,M-47,40,23:47,60.67%
45,Ric Johnston,"Redlands, CA",5290,23:48,7:40,M 40-44/4,M-43,41,24:15,58.72%
46,Esteban Alvarez,"San Bernardino, CA",5202,23:49,7:40,M 45-49/5,M-48,42,23:53,60.99%
47,Susana Fernandez,"Riverside, CA",5251,24:04,7:45,F 40-44/1,F-41,5,24:04,64.17%
48,Mike Lattanzio,"Chino Hills, CA",5537,24:07,7:46,M 35-39/6,M-37,43,24:52,55.39%
49,Rodney Walters,"Yucaipa, CA",5532,24:14,7:48,M 35-39/7,M-39,44,24:17,55.95%
50,Jared Wright,"Riverside, CA",5426,24:18,7:49,M 25-29/3,M-28,45,24:58,53.12%
51,Rachel Haggard,"Temecula, CA",5566,24:18,7:50,F 16-19/1,F-16,6,24:25,63.01%
52,Sondra Caposio,"Redlands, CA",5505,24:18,7:50,F 50-54/1,F-50,7,24:18,69.66%
53,Alondra Martinez,", CA",5330,24:21,7:51,F 13-15/2,F-13,8,24:23,65.62%
54,Rebecca Hall,"Walnut, CA",5558,24:22,7:51,F 16-19/2,F-19,9,24:28,60.99%
55,Michelle Opsahl,"Redlands, CA",5361,24:25,7:52,F 40-44/2,F-41,10,24:26,63.25%
56,Jodi Wright,"Riverside, CA",5427,24:28,7:53,F 25-29/3,F-27,11,25:08,60.53%
57,Samantha Smitley,"Corona, CA",5523,24:29,7:53,F 10-12/1,F-11,12,24:29,67.98%
58,Edward Fergus,"Corona, CA",5247,24:45,7:58,M 55-59/2,M-55,46,24:48,62.13%
59,Trish Nielsen,"Yucaipa, CA",5356,24:56,8:02,F 40-44/3,F-42,13,25:00,62.41%
60,Annique Cornejo,"Yucaipa, CA",5555,25:00,8:03,F 13-15/3,F-13,14,25:02,63.91%
61,Guadalupe Rocha,", CA",5388,25:02,8:04,F 13-15/4,F-14,15,25:02,62.82%
62,William Kumler,"Redlands, CA",5304,25:06,8:05,M 10-12/4,M-11,47,25:11,61.00%
63,Cecilia Rocha,", CA",5387,25:07,8:05,F NoAge/0,F-0,16,25:08, 0.00%
64,Matthew Cleland,"Riverside, CA",5569,25:31,8:13,M 10-12/5,M-11,48,26:01,60.00%
65,Mark Kumler,"Redlands, CA",5303,25:44,8:17,M 40-44/5,M-44,49,25:57,54.70%
66,Ryan Fea,"Riverside, CA",5245,25:48,8:18,M 16-19/4,M-17,50,26:11,52.36%
67,Robert Hernandez,"Cathedral City, CA",15303,25:49,8:19,M 10-12/6,M-12,51,26:24,57.62%
68,Sameer Kejriwal,"Loma Linda, CA",5438,25:52,8:20,M 07-09/2,M-9,52,25:52,63.25%
69,Mira Kubba,"Redlands, CA",5446,25:52,8:20,F 07-09/1,F-8,17,25:52,70.08%
70,Rohan Kubba,"Redlands, CA",5445,25:53,8:20,M 07-09/3,M-7,53,25:53,68.81%
71,Toshua Flores,"Cathedral City, CA",5253,25:54,8:21,M 10-12/7,M-10,54,26:24,60.98%
72,Kasandra Stephens,"Cathedral City, CA",5407,25:56,8:21,F 10-12/2,F-11,18,26:24,64.18%
73,Noelle Leon-Campbell,"Rialto, CA",5312,26:00,8:22,F 30-34/2,F-31,19,26:08,57.02%
74,Daniela Palacios,"Rialto, CA",5560,26:06,8:24,F 13-15/5,F-13,20,26:11,61.21%
75,Susan Stiles,"Redlands, CA",5469,26:23,8:30,F 50-54/2,F-50,21,26:29,64.16%
76,Anthony Gallegos,"San Bernardino, CA",5520,26:29,8:32,M 10-12/8,M-11,55,26:57,57.81%
77,Brett Baur,"Temecula, CA",5580,26:31,8:33,M 50-54/3,M-50,56,26:58,55.66%
78,Judson Howe,"Loma Linda, CA",5284,26:34,8:33,M 25-29/4,M-26,57,26:58,48.59%
79,Grace Villegas,"Running Springs, CA",5511,26:35,8:34,F 13-15/6,F-14,22,26:44,59.16%
80,Alexis Cordova,"Highland, CA",5228,26:55,8:40,F 10-12/3,F-10,23,26:57,63.41%
81,Ben Zinke,"Loma Linda, CA",5429,27:03,8:43,M 25-29/5,M-28,58,27:34,47.72%
82,Cesar Romero,"Cathedral City, CA",5393,27:04,8:43,M 13-15/13,M-15,59,27:33,51.45%
83,Sheri Harder,"Redlands, CA",5277,27:07,8:44,F 40-44/4,F-40,24,27:36,56.58%
84,Brandon Zinke,"Loma Linda, CA",5430,27:08,8:44,M 35-39/8,M-35,60,27:38,48.62%
85,Lisa Lindberg,"Redlands, CA",5339,27:09,8:45,F 40-44/5,F-44,25,27:54,58.29%
86,Holly Humphrey,"Redlands, CA",5286,27:10,8:45,F 20-24/1,F-23,26,27:43,54.51%
87,Paul Vaccarello,"Cherry Valley, CA",5449,27:13,8:46,M 50-54/4,M-52,61,27:27,55.09%
88,Craig Huendorg,"Cathedral City, CA",5285,27:16,8:47,M 45-49/6,M-49,62,27:32,53.70%
89,Catherine Troia,"Yucaipa, CA",5415,27:20,8:48,F 50-54/3,F-51,27,27:30,62.72%
90,Thomas Reese,"Highland, CA",5586,27:21,8:49,M 20-24/2,M-23,63,37:21,47.20%
91,Vianey Barrios,"Cathedral City, CA",15209,27:27,8:51,F 13-15/7,F-15,28,27:30,56.50%
92,Todd Deragon,"Fontana, CA",5237,27:31,8:52,M 40-44/6,M-40,64,27:41,49.64%
93,Chandice Mall,"Bloomington, CA",5324,27:32,8:52,F 16-19/3,F-18,29,27:35,54.39%
94,Daryk Mall,"Bloomington, CA",5325,27:34,8:53,M 13-15/14,M-15,65,27:37,50.51%
95,Aaron Fields,"Mentone, CA",5533,27:37,8:54,M 16-19/5,M-16,66,28:26,49.64%
96,Vicki Miles,"Redlands, CA",5552,27:42,8:55,F 40-44/6,F-40,30,27:51,55.39%
97,Bill Kennedy,"Riverside, CA",5504,27:42,8:55,M 75-79/1,M-77,67,27:42,71.04%
98,Robert Corona,"Loma Linda, CA",5528,27:55,8:59,M 30-34/4,M-31,68,28:29,46.48%
99,Nathan Kim,"Yucaipa, CA",5297,27:56,9:00,M 10-12/9,M-11,69,29:08,54.81%
100,Jeff Mall,"Bloomington, CA",5326,27:58,9:01,M 35-39/9,M-38,70,28:02,48.12%
101,Frank Rodela,"Corona, CA",5390,28:03,9:02,M 50-54/5,M-53,71,28:47,53.92%
102,Elena Alvidrez,"Redlands, CA",5576,28:04,9:02,F 30-34/3,F-34,31,28:09,53.12%
103,Lin Vaccarello,"Cherry Valley, CA",5450,28:09,9:04,F 50-54/4,F-51,32,28:14,60.90%
104,Margaret Kumler,"Redlands, CA",5302,28:09,9:04,F 07-09/2,F-8,33,28:22,64.40%
105,Ryan Green,"Wrightwood, CA",5535,28:15,9:06,M 20-24/3,M-23,72,28:37,45.69%
106,Brigid Kumler,"Redlands, CA",5301,28:23,9:08,F 40-44/7,F-44,34,28:36,55.76%
107,Jim James,"Redlands, CA",5288,28:23,9:09,M 60-64/1,M-61,73,28:29,57.02%
108,Joven Khera,"Redlands, CA",5454,28:24,9:09,Unknown/1,F-6,35,28:43,68.82%
109,Alma Razo,"San Bernardino, CA",5378,28:27,9:10,F 35-39/1,F-35,36,28:40,52.58%
110,Lori Milner,"Yucaipa, CA",5027,28:30,9:11,F 40-44/8,F-41,37,28:56,54.18%
111,Carolyn Greywood,"Riverside, CA",5273,28:31,9:11,F 60-64/1,F-61,38,29:09,68.77%
112,Jennifer Williams,"Yucaipa, CA",5424,28:32,9:11,F 40-44/9,F-42,39,28:39,54.53%
113,Coach Avail,"Mentone, CA",5526,28:33,9:12,M 35-39/10,M-36,74,28:40,46.50%
114,Dave Schmahl,"Brea, CA",5398,28:34,9:12,M 35-39/11,M-38,75,29:17,47.11%
115,Bonnie Sumners,"Yucaipa, CA",5410,28:40,9:14,F 40-44/10,F-42,40,29:26,54.28%
116,Peter Jackson,"Moreno Valley, CA",5287,28:47,9:16,M 65-69/1,M-65,76,28:55,58.29%
117,Shelly Mason,"Highland, CA",5529,28:51,9:17,F 45-49/1,F-46,41,28:53,55.95%
118,Ramiro Gomez,"Highland, CA",5519,28:55,9:19,M 45-49/7,M-48,77,29:26,50.23%
119,Elly Holmes,"Riverside, CA",5282,29:11,9:24,F 25-29/4,F-26,42,29:22,50.74%
120,Zach Jenson,"Redlands, CA",5289,29:17,9:26,M 10-12/10,M-10,78,29:29,53.93%
121,Jennifer Jenson,"Redlands, CA",5433,29:19,9:26,F 40-44/11,F-41,43,29:31,52.67%
122,Soyini Baten,"Riverside, CA",5577,29:25,9:28,F 30-34/4,F-33,44,29:49,50.57%
123,Jane Read,"Riverside, CA",5379,29:30,9:30,F 16-19/4,F-19,45,29:41,50.37%
124,Dawn Rodela,"Corona, CA",5389,29:34,9:31,F 35-39/2,F-38,46,30:18,51.27%
125,Erica Whitt,"Highland, CA",5422,29:35,9:32,F 20-24/2,F-23,47,30:46,50.06%
126,Linda Whittier,"Yucaipa, CA",5423,29:35,9:32,F 35-39/3,F-37,48,29:43,51.01%
127,Robert Chandler,"Riverside, CA",5222,29:38,9:33,M 50-54/6,M-52,79,29:38,50.59%
128,Kristie Kelsey,"Riverside, CA",5165,29:41,9:33,F 16-19/5,F-19,49,29:41,50.06%
129,Priscillla Serrano,"Riverside, CA",5166,29:43,9:34,F 16-19/6,F-18,50,29:43,50.39%
130,Mary Hoover,"Riverside, CA",5155,29:45,9:35,F 65-69/1,F-69,51,29:45,74.55%
131,Gina Serrano,"Riverside, CA",5031,29:46,9:35,F 40-44/12,F-41,52,29:46,51.88%
132,Dawn Miller,"Idyllwild, CA",5554,29:48,9:36,F 50-54/5,F-53,53,30:12,59.04%
133,Austin Reimer,"Riverside, CA",5516,29:50,9:37,M 10-12/11,M-12,80,30:21,49.86%
134,Diana Howe,"Loma Linda, CA",5283,29:51,9:37,F 25-29/5,F-26,54,30:15,49.61%
135,Elizabeth Lyon,"Redlands, CA",5323,29:56,9:38,F 20-24/3,F-23,55,30:20,49.47%
136,Ligia Ubeda,"Rialto, CA",5503,29:59,9:39,F 40-44/13,F-40,56,29:59,51.17%
137,Tera Rawls,"San Bernardino, CA",5377,30:01,9:40,F 30-34/5,F-33,57,30:06,49.56%
138,Roger Hoover,"Riverside, CA",5154,30:03,9:41,M 70-74/1,M-73,81,30:03,61.10%
139,David Vasquez,"San Bernardino, CA",5540,30:04,9:41,M 30-34/5,M-31,82,30:55,43.15%
140,Diana Chandler,"Riverside, CA",5003,30:06,9:41,F 50-54/6,F-50,58,30:06,56.23%
141,Hans Kamrath,"Riverside, CA",5447,30:14,9:44,M 75-79/2,M-79,83,30:23,67.95%
142,Rodrigo Martinez,", CA",5334,30:23,9:47,M 10-12/12,M-10,84,30:25,51.98%
143,Luther Austin-Brecher,"Redlands, CA",5207,30:26,9:48,M 50-54/7,M-51,85,31:02,48.88%
144,Robert Sullivan,"Running Springs, CA",5409,30:28,9:49,M 35-39/12,M-39,86,31:09,44.50%
145,Isaias Perez,"Perris, CA",5437,30:33,9:50,M 20-24/4,M-23,87,30:41,42.25%
146,Patricia Murdoch,"Redlands, CA",5513,30:36,9:51,F 35-39/4,F-36,59,30:54,49.10%
147,Valerie Williford,"San Bernardino, CA",5425,30:39,9:52,F 30-34/6,F-31,60,30:53,48.37%
148,Jeannette Leach,"Fontana, CA",5311,30:39,9:52,F 35-39/5,F-39,61,30:53,49.73%
149,Maurtray McCoy,"Cathedral City, CA",5337,30:41,9:53,M NoAge/0,M-0,88,31:12, 0.00%
150,Bailey Loftin,"Redlands, CA",5316,30:49,9:55,M 10-12/13,M-10,89,30:49,51.24%
151,Brett Montgomery,"Corona, CA",5345,30:49,9:55,M 30-34/6,M-30,90,31:18,41.99%
152,Kathryn Mortensen,"Lakewood, CA",5347,30:49,9:56,F 25-29/6,F-27,62,31:18,48.05%
153,Esmeralda Deragon,"Fontana, CA",5236,30:49,9:56,F 35-39/6,F-38,63,31:00,49.19%
154,Rick Ferguson,"Redlands, CA",5249,30:50,9:56,M 50-54/8,M-54,91,30:50,49.43%
155,Bettie Deike,"Riverside, CA",5235,30:51,9:56,F 35-39/7,F-35,64,31:08,48.49%
156,Rana Banerjee,"San Bernardino, CA",5208,30:59,9:59,M 30-34/7,M-30,92,31:20,41.77%
157,Gianni Biasetti,"Yucaipa, CA",5212,31:03,10:00,M 16-19/6,M-16,93,31:08,44.15%
158,Kalani Fujiwara,"West Covina, CA",5258,31:05,10:01,M 13-15/15,M-13,94,31:20,46.67%
159,Gerasdo Sanchez,"Corona, CA",5536,31:06,10:01,M 25-29/6,M-27,95,31:17,41.50%
160,Alex Luna,"Cathedral City, CA",5321,31:12,10:03,M 10-12/14,M-11,96,31:12,49.06%
161,Beverly Coffin,"Yucaipa, CA",5432,31:16,10:04,F 70-74/1,F-73,65,31:41,75.89%
162,Delia Adair,"Rancho Cucamonga, CA",5201,31:28,10:08,F 55-59/1,F-56,66,31:43,58.13%
163,Miranda Boonkokua,"San Jacinto, CA",5215,31:29,10:08,F 13-15/8,F-13,67,31:43,50.74%
164,Elio Bestiesilla Gonzalez,"Riverside, CA",5472,31:31,10:09,M 20-24/5,M-22,97,32:15,40.95%
165,Kimberly Gross,"Carlsbad, CA",5436,31:34,10:10,F 50-54/7,F-50,68,32:05,53.62%
166,Renee Arellano,"Rialto, CA",5205,31:49,10:15,F 25-29/7,F-27,69,31:57,46.54%
167,David Lavelle,"Corona, CA",5307,32:01,10:19,M 60-64/2,M-61,98,32:52,50.57%
168,Daniel Giang,"Yucaipa, CA",5267,32:03,10:19,M 50-54/9,M-51,99,32:24,46.41%
169,Olivia McKenzie,"Redlands, CA",5573,32:06,10:20,F 07-09/3,F-9,70,32:25,54.70%
170,Susan Mendoza,"Highland, CA",5524,32:07,10:20,F 50-54/8,F-53,71,32:32,54.78%
171,Jamison Cole,"Riverside, CA",5227,32:12,10:22,F 30-34/7,F-32,72,32:43,46.09%
172,Alejandra Sillas,"Cathedral City, CA",5403,32:13,10:23,F 10-12/4,F-10,73,32:49,53.00%
173,Delia Riley,"Riverside, CA",5386,32:16,10:24,F 50-54/9,F-52,74,32:46,53.80%
174,Fredrick Hinds,"Cathedral City, CA",5280,32:16,10:24,M 10-12/15,M-10,100,32:47,48.94%
175,Keri Van Burger,"Highland, CA",5416,32:17,10:24,F 45-49/2,F-47,75,33:33,50.57%
176,Jennifer Mackie,"Redlands, CA",5023,32:23,10:26,F 35-39/8,F-39,76,32:49,47.06%
177,Tyler Thompson,"Cathedral City, CA",5413,32:28,10:27,M 10-12/16,M-10,101,32:58,48.64%
178,Barbara Egan,"Mentone, CA",5240,32:39,10:31,F 45-49/3,F-48,77,32:42,50.61%
179,Cody Loftin,"Redlands, CA",5317,32:57,10:37,M 07-09/4,M-9,102,32:57,49.65%
180,Jim Olson,"Rancho Cucamonga, CA",5359,33:07,10:40,M 55-59/3,M-58,103,33:15,47.63%
181,Kellie Ferguson,"Redlands, CA",5248,33:20,10:44,F 45-49/4,F-47,78,33:21,48.97%
182,Joelle Walters,"Yucaipa, CA",5531,33:23,10:45,F 35-39/9,F-39,79,33:26,45.63%
183,Tyler Phillips,"Yucaipa, CA",5570,33:24,10:45,M 13-15/16,M-14,104,33:31,42.49%
184,Joey Phillips,"Yucaipa, CA",5571,33:24,10:45,M 13-15/17,M-14,105,33:31,42.49%
185,Susan Le,"Loma Linda, CA",5310,33:44,10:52,F 30-34/8,F-32,80,33:45,43.99%
186,Teddy Shavers,"Cathedral City, CA",5401,33:47,10:53,M 10-12/17,M-11,106,34:23,45.31%
187,Samantha Peace,"Loma Linda, CA",5367,33:48,10:53,F 35-39/10,F-36,81,33:48,44.45%
188,Jose Juarez,"Ontario, CA",5292,33:48,10:53,M 50-54/10,M-51,107,34:33,44.01%
189,Ephraim Sanchez,"Upland, CA",5539,33:50,10:54,M 75-79/3,M-79,108,34:49,60.72%
190,Cheryl Halliday,"Redlands, CA",5470,33:55,10:55,F 50-54/10,F-52,82,35:02,51.18%
191,Siobhan Foster,"Riverside, CA",5257,33:57,10:56,F 40-44/14,F-41,83,34:06,45.48%
192,Jose Garcia,"Highland, CA",5515,34:00,10:57,M 10-12/18,M-11,109,34:31,45.02%
193,Lisa Elder,"Riverside, CA",5241,34:28,11:06,F 40-44/15,F-40,84,34:52,44.51%
194,Sydney Lachausse,"San Bernardino, CA",5461,34:37,11:09,F 10-12/5,F-12,85,34:56,47.06%
195,Joyce Lazalde,"Rancho Cucamonga, CA",5542,34:37,11:09,F 55-59/2,F-58,86,34:37,54.34%
196,Holly Frank,"Canyon Lake, CA",5521,34:40,11:10,F 30-34/9,F-33,87,34:46,42.91%
197,Lisa Teter,"Running Springs, CA",5474,34:40,11:10,F 30-34/10,F-32,88,34:46,42.81%
198,Katelin Wendt,"Huntington Beach, CA",5522,34:40,11:10,F 20-24/4,F-22,89,34:46,42.71%
199,Meghan Grenda,"Redlands, CA",5271,34:48,11:13,F 13-15/9,F-13,90,34:55,45.90%
200,Susan Turner,"Running Springs, CA",5502,34:59,11:16,F 40-44/16,F-43,91,35:24,44.85%
201,Brandon Chairez,"Rialto, CA",5563,35:01,11:16,M 13-15/18,M-13,110,35:07,41.43%
202,Gerri Lewis,"Apple Valley, CA",5313,35:08,11:19,F 55-59/3,F-57,92,35:32,52.78%
203,Robert Stone,"Apple Valley, CA",5457,35:23,11:24,M 13-15/19,M-13,111,36:18,41.00%
204,Michael Sadsad,"Corona, CA",5396,35:26,11:25,M 40-44/7,M-41,112,36:21,38.82%
205,Chloe Debanff,"Loma Linda, CA",5234,35:33,11:27,F 07-09/4,F-9,93,35:41,49.39%
206,Wesley Adams,"Norco, CA",5464,35:35,11:27,M 35-39/13,M-35,113,36:30,37.07%
207,Jon Brissman,"San Bernardino, CA",5527,35:36,11:28,M 60-64/3,M-63,114,36:00,46.28%
208,Daniel Adams,"Norco, CA",5458,35:36,11:28,M 55-59/4,M-57,115,36:31,43.93%
209,Jade Perez,"Redlands, CA",5451,35:37,11:28,F 07-09/5,F-8,94,36:09,50.89%
210,Crystal Perez,"Redlands, CA",5452,35:37,11:28,F 07-09/6,F-9,95,36:09,49.30%
211,Eden Ettinghausen,"Murrieta, CA",5514,35:41,11:29,F 13-15/10,F-13,96,36:16,44.77%
212,Stephanie Kime,"Loma Linda, CA",5298,35:42,11:30,F 30-34/11,F-33,97,36:28,41.66%
213,Kenneth Lim,"Loma Linda, CA",5022,35:43,11:30,M 35-39/14,M-35,116,36:29,36.93%
214,Ksenia Kouda,"Loma Linda, CA",5534,35:54,11:34,F 20-24/5,F-23,98,36:16,41.24%
215,Shelby Colbert,"Moreno Valley, CA",5443,35:54,11:34,F 30-34/12,F-31,99,36:05,41.29%
216,Steve Lazalde,"Rancho Cucamonga, CA",5309,36:05,11:37,M 55-59/5,M-55,117,36:05,42.61%
217,Armondo Galvan,"Cathedral City, CA",5266,36:27,11:44,M 13-15/20,M-14,118,37:00,38.93%
218,Selena Necochea,"Cathedral City, CA",5353,36:31,11:45,F NoAge/0,F-0,100,37:00, 0.00%
219,Carlos Morales,"Cathedral City, CA",5346,36:46,11:50,M 10-12/19,M-12,119,37:20,40.45%
220,Lisa Sullivan,"Running Springs, CA",5408,36:46,11:51,F 35-39/11,F-37,101,37:30,41.04%
221,Cami Panther,"Loma Linda, CA",5365,36:51,11:52,F 25-29/8,F-27,102,37:26,40.18%
222,David Panther,"Loma Linda, CA",5366,36:51,11:52,M 25-29/7,M-26,120,37:27,35.02%
223,Mark Steinmetz,"Rancho Cucamonga, CA",5406,37:07,11:57,M 45-49/8,M-48,121,37:36,39.13%
224,Kim Folkens,"Moreno Valley, CA",5256,37:23,12:02,F 35-39/12,F-38,103,37:43,40.54%
225,Anthony Romero,"Cathedral City, CA",5392,37:29,12:04,M 10-12/20,M-10,122,38:04,42.13%
226,Gilbert Vazquez,"Redlands, CA",5418,37:34,12:06,M 20-24/6,M-22,123,37:34,34.35%
227,Carli Tejeiro,"Redlands, CA",5561,37:37,12:07,F 20-24/6,F-24,104,37:52,39.36%
228,Jamie Vela,"Colton, CA",5564,37:37,12:07,F 30-34/13,F-32,105,37:52,39.45%
229,Shannon McCreight,"Rancho Cucamonga, CA",5338,38:08,12:17,F 40-44/17,F-40,106,39:07,40.23%
230,Debbie Matthews,"Wildomar, CA",5517,38:08,12:17,F 45-49/5,F-48,107,38:22,43.33%
231,Andrea Crawford,"Riverside, CA",5230,38:17,12:20,F 35-39/13,F-38,108,38:57,39.59%
232,Micaela Solis,"Loma Linda, CA",5581,38:25,12:22,F 45-49/6,F-47,109,38:47,42.49%
233,Kris Shelley Verdick,"Fontana, CA",5402,38:29,12:24,F 40-44/18,F-42,110,38:47,40.42%
234,Treva Webster,"Redlands, CA",5421,38:35,12:25,F 50-54/11,F-51,111,38:50,44.43%
235,Joe Fleischmann,"Loma Linda, CA",5040,38:50,12:30,M 80-99/1,M-85,124,39:50,62.60%
236,Tim Smith,"Riverside, CA",5434,39:00,12:33,M 55-59/6,M-58,125,39:36,40.44%
237,Melanie Gomez,"San Bernardino, CA",5269,39:06,12:36,F 35-39/14,F-35,112,39:29,38.25%
238,Earl Blunt,"Cathedral City, CA",5213,39:18,12:39,M 10-12/21,M-10,126,39:48,40.18%
239,Harold Willis,"Redlands, CA",5444,39:19,12:40,M 80-99/2,M-81,127,40:19,54.83%
240,Michael Nechochea,"Cathedral City, CA",5352,39:21,12:40,M NoAge/0,M-0,128,39:51, 0.00%
241,Rebecca Cardoza,"Redlands, CA",5567,39:22,12:41,F 55-59/4,F-58,113,39:39,47.78%
242,Rayneesha Laws,"Cathedral City, CA",5308,39:24,12:41,F 10-12/6,F-11,114,39:53,42.23%
243,Andy Martinez,"Redlands, CA",5331,39:45,12:48,M 10-12/22,M-11,129,40:08,38.51%
244,Jacob Riggs,"Yucaipa, CA",5383,39:50,12:50,M 07-09/5,M-9,130,40:04,41.06%
245,Michelle Riggs,"Yucaipa, CA",5384,39:50,12:50,F 30-34/14,F-33,115,40:04,37.34%
246,Carlene Drake,"Riverside, CA",5471,40:01,12:53,F 55-59/5,F-57,116,40:38,46.33%
247,John Munoz,"Loma Linda, CA",5350,40:14,12:57,M 30-34/8,M-34,131,41:05,32.62%
248,Jennifer Munoz,"Loma Linda, CA",5349,40:15,12:58,F 35-39/15,F-37,117,41:05,37.49%
249,Joanne Phillips,"Yucaipa, CA",5572,40:17,12:58,M 50-54/11,M-54,132,40:24,37.83%
250,Bryan Nguyn,"Cathedral City, CA",5355,40:26,13:01,M 13-15/21,M-13,133,40:59,35.88%
251,Samantha Malouff,"Riverside, CA",5328,40:30,13:02,F 10-12/7,F-10,118,40:30,42.16%
252,Jonathan Beech,"Cathedral City, CA",5210,40:37,13:05,M 10-12/23,M-11,134,41:06,37.68%
253,Tri Thi Pulido,"Brea, CA",5373,40:48,13:08,F 40-44/19,F-44,119,41:32,38.78%
254,Colleen Casillas,"Loma Linda, CA",5221,40:48,13:08,F 25-29/9,F-29,120,41:32,36.27%
255,Sherrie Juarez,"Highland, CA",5294,40:52,13:09,F 30-34/15,F-33,121,41:23,36.39%
256,Roberta Figueroa,"Highland, CA",5252,40:52,13:10,F 30-34/16,F-34,122,41:24,36.47%
257,Emilio Molina,"Fontana, CA",5344,41:01,13:12,M 07-09/6,M-9,135,41:09,39.88%
258,Brittany Baker,"Victorville, CA",5473,41:01,13:12,F 07-09/7,F-9,123,41:33,42.80%
259,Pamela Dobbins,"Hesperia, CA",5579,41:06,13:14,F 35-39/16,F-37,124,41:35,36.71%
260,Janice Kuri,"San Bernardino, CA",5501,41:17,13:18,F 50-54/12,F-53,125,42:17,42.61%
261,Elizabeth Molina,"Fontana, CA",5343,41:22,13:19,F 35-39/17,F-35,126,41:31,36.15%
262,Shirley Luque,"Rialto, CA",5322,41:23,13:20,F 30-34/17,F-31,127,42:23,35.82%
263,Leticia Cardinall,"Rialto, CA",5218,41:24,13:20,F 30-34/18,F-34,128,42:22,36.00%
264,Dorian Cole,"Cathedral City, CA",5226,41:26,13:20,F 10-12/8,F-12,129,41:58,39.32%
265,Kristin Searing,"Loma Linda, CA",15415,41:26,13:21,F 20-24/7,F-22,130,41:47,35.73%
266,Ryan Hampton,"Corona, CA",15297,41:26,13:21,M 20-24/7,M-21,136,41:47,31.27%
267,Nancy Tenove,"Wrightwood, CA",5584,41:27,13:21,F 55-59/6,F-57,131,42:17,44.73%
268,Carmen Marmo,"Riverside, CA",5329,41:37,13:24,M 65-69/2,M-66,137,42:16,40.71%
269,Katie Thams,"Rancho Cucamonga, CA",5435,41:42,13:26,F 16-19/7,F-19,132,42:14,35.63%
270,Danio Thams,"Rancho Cucamonga, CA",5412,41:42,13:26,M 20-24/8,M-22,138,42:14,30.95%
271,Teresa Cisneros,"Riverside, CA",5225,41:58,13:31,F 45-49/7,F-47,133,42:48,38.90%
272,Tricia Pahner,"Ontario, CA",5363,42:18,13:37,F 45-49/8,F-49,134,42:54,39.53%
273,John Johnson,"Moreno Valley, CA",15315,42:34,13:42,M 45-49/9,M-46,139,44:11,33.57%
274,Eileen Seifert,"Bloomington, CA",5399,42:37,13:43,F 35-39/18,F-37,135,42:40,35.41%
275,Anya Martinez,"San Bernardino, CA",5332,42:38,13:44,F 25-29/10,F-28,136,43:00,34.73%
276,Joanne Moc,"Montclair, CA",5442,42:57,13:50,F 30-34/19,F-31,137,43:08,34.51%
277,Frances Castaneda,"Bloomington, CA",5453,43:01,13:51,F 25-29/11,F-29,138,43:12,34.42%
278,Susanne Hood,"Redlands, CA",5010,43:23,13:58,F 65-69/2,F-67,139,43:59,49.50%
279,Priscilla Jane Holgado,"Rialto, CA",5281,44:23,14:18,F 55-59/7,F-56,140,44:39,41.21%
280,George Flower,"Riverside, CA",5255,44:51,14:27,M 80-99/3,M-82,140,45:21,49.41%
281,Magoacina Lopez,"Cathedral City, CA",5319,44:56,14:28,F 10-12/9,F-12,141,45:35,36.25%
282,Lizeth Lopez,"Cathedral City, CA",5318,44:56,14:28,F 16-19/8,F-16,142,45:35,34.06%
283,Lailani Santiago,"Rialto, CA",5397,45:21,14:36,F 30-34/20,F-33,143,46:19,32.79%
284,Gabriela Arellano,"Rialto, CA",5204,45:21,14:36,F 35-39/19,F-36,144,46:19,33.13%
285,Nora Pedroza,"Bloomington, CA",5369,45:22,14:37,F 35-39/20,F-35,145,46:20,32.97%
286,Jeremiah De La Cruz,"Rialto, CA",5232,45:23,14:37,M 25-29/8,M-29,141,46:20,28.47%
287,Pat Ross,"Grand Terrace, CA",5394,45:48,14:45,F 50-54/13,F-54,146,49:36,38.88%
288,Joseph Tomaselli,"Rialto, CA",5414,45:49,14:45,M 40-44/8,M-44,142,45:49,30.71%
289,Alfredo Chen,"Rialto, CA",5223,45:49,14:45,M 30-34/9,M-33,143,45:49,28.49%
290,Rebecca Micheli,"Rialto, CA",5342,45:57,14:48,F 30-34/21,F-32,147,45:57,32.29%
291,Francisco Holgado,"Rialto, CA",15305,46:04,14:50,M 60-64/4,M-60,144,46:19,34.82%
292,Margaret Norman,"Colton, CA",5357,46:16,14:54,F 50-54/14,F-51,148,46:28,37.05%
293,Clarice Flower,"Riverside, CA",5254,46:24,14:56,M 65-69/3,M-67,145,46:53,36.83%
294,Samuel Riggs,"Yucaipa, CA",5385,46:25,14:57,M 30-34/10,M-34,146,46:40,28.27%
295,Bonnie Ank,"North Hills, CA",5203,46:30,14:58,F 60-64/2,F-61,149,47:08,42.17%
296,Keith Varni,"San Bernardino, CA",5553,46:56,15:07,M 75-79/4,M-78,147,47:30,42.81%
297,Jamie Ruff,"Cathedral City, CA",5395,47:24,15:16,F 10-12/10,F-10,150,47:59,36.02%
298,Frankie Palusi,"Cathedral City, CA",5364,47:24,15:16,M 13-15/22,M-13,148,47:58,30.60%
299,Damien Melth-Irons,"Cathedral City, CA",5341,47:24,15:16,M 10-12/24,M-11,149,47:59,32.29%
300,Leslie Kuri,"San Bernardino, CA",5305,47:25,15:16,F 20-24/8,F-24,151,48:26,31.22%
301,Manuel Lorenzo,"Cathedral City, CA",5320,47:37,15:20,Unknown/2,M-6,150,48:08,39.29%
302,Arianna Gallagos,"Cathedral City, CA",5263,47:39,15:21,F 13-15/11,F-14,152,48:08,33.00%
303,Denise Petersen,"Redlands, CA",5372,47:45,15:22,F 45-49/9,F-45,153,47:45,33.45%
304,Marina Rachal,"Moreno Valley, CA",5441,47:47,15:23,F 20-24/9,F-23,154,47:59,30.98%
305,Micah Puni,"Moreno Valley, CA",5508,47:50,15:24,M 07-09/7,M-9,151,47:52,34.19%
306,Ualesi Puni,"Moreno Valley, CA",5507,47:57,15:26,M 40-44/9,M-43,152,47:59,29.14%
307,Cipriani Di Tommaso,"Rancho Cucamonga, CA",5239,48:00,15:27,F 10-12/11,F-12,155,48:15,33.94%
308,Renee Fujiwara,"West Covina, CA",5259,48:00,15:27,F 10-12/12,F-11,156,48:15,34.66%
309,Annabella Di Tommaso,"Rancho Cucamonga, CA",5238,48:01,15:28,F 10-12/13,F-10,157,48:16,35.56%
310,Lou Berger,"Riverside, CA",5440,48:16,15:33,M 75-79/5,M-78,153,49:33,41.62%
311,Jessica De La Cruz,"Rancho Cucamonga, CA",5233,48:24,15:35,F 40-44/20,F-44,158,48:40,32.69%
312,Cameron Kemock,"Redlands, CA",5295,48:46,15:42,M 10-12/25,M-10,154,49:11,32.38%
313,Jill Kemock,"Redlands, CA",5296,49:01,15:47,F 40-44/21,F-42,159,49:25,31.73%
314,John Malcolm,"Norco, CA",5051,49:53,16:04,M 40-44/10,M-43,155,50:18,28.01%
315,Nyla Cook,"Norco, CA",5525,51:44,16:39,F 80-99/1,F-87,160,52:23,66.10%
316,Brittany Gramata,"Moreno Valley, CA",15025,51:52,16:42,F 16-19/9,F-17,161,52:11,29.15%
317,Julie Gramata,"Moreno Valley, CA",15026,51:52,16:42,F 35-39/21,F-35,162,52:11,28.83%
318,Marie Salisbury,"Redlands, CA",5161,53:06,17:06,F 45-49/10,F-47,163,53:35,30.74%
319,Leonard Acosta,"Beaumont, CA",5541,53:08,17:07,M 07-09/8,M-7,156,54:58,33.51%
320,Deatra Lee,"Beaumont, CA",5585,53:09,17:07,F 25-29/12,F-28,164,54:58,27.85%
321,Judith Hall,"Palm Desert, CA",5467,53:34,17:15,F 30-34/22,F-30,165,53:34,27.64%
322,Yessica Reyes,"Rialto, CA",5381,54:18,17:29,F 35-39/22,F-35,166,55:18,27.54%
323,Ann Gore,"Riverside, CA",5101,55:09,17:45,F 55-59/8,F-56,167,55:21,33.16%
324,Matt Fleming,"Grand Terrace, CA",15267,57:05,18:23,M 60-64/5,M-61,157,57:24,28.36%
325,Carmen Ford,"Rialto, CA",5008,57:45,18:36,F 40-44/22,F-40,168,57:45,26.56%
326,Gladys Mathes,"Redlands, CA",5335,58:48,18:56,F 80-99/2,F-85,169,59:18,53.39%
327,Sahiba Khera,"Redlands, CA",5455,1:00:33,19:30,F 07-09/8,F-8,170,1:00:33,29.93%
328,Mary Palomarez,"Moreno Valley, CA",5456,1:00:34,19:30,F 35-39/23,F-38,171,1:00:34,25.02%
329,Jo Stringfield,"Grand Terrace, CA",15430,1:05:42,21:09,F 60-64/3,F-61,172,1:06:00,29.84%
330,Danpat Kelley,"Covina, CA",15551,1:12:03,23:12,M 45-49/10,M-47,158,1:12:22,19.99%
331,Paul Hansen,"Rialto, CA",5518,1:23:11,26:47,M 25-29/9,M-26,159,1:23:11,15.51%
332,Donna Espinoz,"Redlands, CA",15590,1:36:51,31:11,F 35-39/24,F-39,173,1:37:07,15.73%
