Place,Name,Location,Bib,Net Time,Pace,Division/Place,Sex-Age,Sex-Place,Gun Time,Age Grade
1,Phillip Orr,"Riverside, CA",778,17:48,5:44,M 45-49/1,M-48,1,17:48,81.71%
2,Gage Hale,"Highland, CA",769,19:22,6:14,M 16-19/1,M-16,2,19:24,70.80%
3,Anthony Hamilton,"Grand Terrace, CA",722,19:31,6:17,M 25-29/1,M-26,3,20:31,66.15%
4,Joel Mundall,"Loma Linda, CA",634,19:52,6:24,M 30-34/1,M-31,4,20:04,65.32%
5,Chad Nelson,"Redlands, CA",705,19:57,6:26,M 13-15/1,M-14,5,20:04,71.09%
6,Robin Lie,"Loma Linda, CA",609,20:26,6:35,M 40-44/1,M-40,6,20:27,66.86%
7,Greg Brown,"Riverside, CA",519,20:30,6:36,M 35-39/1,M-35,7,20:32,64.36%
8,Paul Hansen,"Rialto, CA",589,20:41,6:40,M 25-29/2,M-29,8,20:43,62.50%
9,Eztli Sanchez-Ugalde,"Riverside, CA",787,20:59,6:45,M 13-15/2,M-14,9,21:01,67.65%
10,Charles Haynes,"San Bernardino, CA",761,21:27,6:54,M 40-44/2,M-44,10,21:29,65.63%
11,Drew Thams,"Rancho Cucamonga, CA",690,21:41,6:59,M 25-29/3,M-28,11,21:47,59.54%
12,Johnny Martinez,"San Bernardino, CA",808,22:18,7:11,M 55-59/1,M-55,12,23:42,68.96%
13,Anthony Spinelli,"Victorville, CA",799,22:19,7:11,M 25-29/4,M-26,13,23:49,57.85%
14,Trent Jackson,"Beaumont, CA",756,22:21,7:12,M 25-29/5,M-27,14,23:51,57.76%
15,Adrian Hamilton,"Victorville, CA",721,22:22,7:12,M 30-34/2,M-31,15,23:21,58.02%
16,Greg Sack,"San Bernardino, CA",665,22:24,7:13,M 25-29/6,M-26,16,22:41,57.63%
17,Tony Allison,"Upland, CA",507,22:26,7:14,M 45-49/2,M-49,17,22:29,65.28%
18,Ron Du Preez,"Fowlerville, MI",786,22:52,7:22,M 60-64/1,M-60,18,22:55,70.17%
19,Claire Mello,"Redlands, CA",621,23:08,7:27,F 13-15/1,F-13,2,23:41,69.07%
20,Christie Pleiss,"Redlands, CA",653,23:27,7:33,F 30-34/1,F-34,1,23:27,64.04%
21,Ryan Sack,"Redlands, CA",666,23:29,7:34,M 30-34/3,M-32,19,23:48,55.40%
22,Brynna Close,"Riverside, CA",538,23:32,7:35,F 13-15/2,F-14,3,23:37,66.83%
23,Cody Loftin,"Redlands, CA",612,23:52,7:41,M 10-12/1,M-12,20,24:16,62.33%
24,Jesus Figueroa,"Moreno Valley, CA",568,23:54,7:42,M 60-64/2,M-60,21,23:56,67.13%
25,Rick Ferguson,"Redlands, CA",565,24:06,7:46,M 55-59/2,M-57,22,24:31,64.91%
26,Joshua Fredregill,"Yucaipa, CA",573,24:10,7:47,M 10-12/2,M-11,23,24:12,63.35%
27,Daniel Bergstrom,"Riverside, CA",515,24:11,7:47,M 45-49/3,M-49,24,24:34,60.55%
28,Caleb Raley,"Redlands, CA",658,24:27,7:53,M 13-15/3,M-13,25,25:03,59.35%
29,Rodney Walters,"Yucaipa, CA",782,24:34,7:55,M 40-44/3,M-42,26,24:42,56.42%
30,Stephen Donahue,"Highland, CA",554,24:38,7:56,M 16-19/2,M-17,27,24:55,54.84%
31,Kyle Epps,"Yucaipa, CA",562,24:40,7:57,M 10-12/3,M-11,28,24:43,62.07%
32,Roman Fuerte Jr,"Cherry Valley, CA",719,24:45,7:58,M 13-15/4,M-13,29,24:53,58.63%
33,Romy Niblack,"Redlands, CA",764,24:48,7:59,F 60-64/1,F-63,4,24:50,80.56%
34,Mike Thams,"Rancho Cucamonga, CA",692,24:54,8:01,M 55-59/3,M-58,30,25:00,63.36%
35,Tyler Nichols,"Redlands, CA",642,25:00,8:03,M 13-15/5,M-15,31,25:09,55.70%
36,Kevin Theis,"Yucaipa, CA",694,25:30,8:13,M 07-09/1,M-9,32,25:32,64.16%
37,Mady Clemente,"Yucaipa, CA",537,25:34,8:14,F 10-12/1,F-11,5,25:36,65.10%
38,John Cochran,"Corona, CA",539,25:41,8:16,M 30-34/4,M-30,33,26:03,50.39%
39,Yukiko Cossey,"Upland, CA",542,25:41,8:16,F 35-39/1,F-36,6,25:47,58.44%
40,Laurentiu Popescu,"Redlands, CA",654,25:45,8:18,M 35-39/2,M-39,34,26:13,52.66%
41,Alison Baird,"Riverside, CA",511,25:59,8:22,F 13-15/3,F-14,7,26:04,60.53%
42,Reginald Godoy,"Riverside, CA",579,26:03,8:23,M 50-54/1,M-50,35,26:07,56.66%
43,Ian Sousa,"Yucaipa, CA",674,26:13,8:27,M 10-12/4,M-10,36,26:16,60.24%
44,Katy Carlton,"Highland, CA",528,26:16,8:27,F 45-49/1,F-47,8,26:28,61.71%
45,Mary Lopez,"Moreno Valley, CA",780,26:30,8:32,F 40-44/1,F-41,9,26:59,58.09%
46,Tetsushi Nishida,"Redlands, CA",750,26:37,8:34,M 40-44/4,M-41,37,27:34,51.69%
47,Jessica Novela,"Bloomington, CA",643,26:37,8:35,F 20-24/1,F-24,10,26:47,55.60%
48,Meridythe Schroder,"Riverside, CA",668,27:03,8:43,F 25-29/1,F-25,11,27:08,54.75%
49,Maria Snavely,"Rialto, CA",673,27:05,8:43,F 40-44/2,F-44,12,27:18,58.13%
50,Kadin Meek,"Yucaipa, CA",620,27:05,8:43,M 10-12/5,M-11,38,27:09,56.53%
51,Jonathon Calderon,"Hesperia, CA",525,27:24,8:49,M 13-15/6,M-14,39,27:28,51.80%
52,Kurtis Epps,"Yucaipa, CA",561,27:28,8:51,M 10-12/6,M-11,40,27:30,55.74%
53,Liam Fisher,"Yucaipa, CA",570,27:29,8:51,M 10-12/7,M-12,41,27:30,54.13%
54,Patrick Barry,"Redlands, CA",512,27:34,8:53,M 10-12/8,M-11,42,27:53,55.54%
55,Denise Zander,"Redlands, CA",745,27:34,8:53,F 40-44/3,F-41,13,27:44,55.84%
56,Valerie Flores,"Grand Terrace, CA",571,27:35,8:53,F 25-29/2,F-29,14,27:45,53.69%
57,John Halcon,"Redlands, CA",800,27:37,8:54,M 30-34/5,M-32,43,27:37,47.10%
58,Brian McBride,"Redlands, CA",746,27:39,8:54,M 10-12/9,M-11,44,27:59,55.37%
59,Anna Cruz,"Grand Terrace, CA",544,27:39,8:54,F 60-64/2,F-60,15,27:48,69.24%
60,Troy Day,"Rialto, CA",545,27:47,8:57,M 50-54/2,M-50,45,27:51,53.12%
61,Nicole Wellenstein,"Rimforest, CA",704,27:52,8:58,F 10-12/2,F-12,16,28:42,58.47%
62,Beth Thomas,"Riverside, CA",754,28:02,9:02,F 45-49/2,F-48,17,28:19,58.42%
63,Carolyn Greywood,"Riverside, CA",583,28:11,9:05,F 60-64/3,F-64,18,28:24,71.95%
64,Chase Niblack,"Yucaipa, CA",638,28:14,9:06,M 10-12/10,M-10,46,28:18,55.94%
65,Joelle Walters,"Yucaipa, CA",781,28:15,9:06,F 40-44/4,F-42,19,28:23,54.90%
66,Herbert Fields,"Mentone, CA",792,28:25,9:09,M 50-54/3,M-51,47,29:28,52.35%
67,Sara Muller,"Yucaipa, CA",633,28:30,9:11,F 07-09/1,F-9,20,28:31,61.61%
68,Mark Josephson,"Colton, CA",601,28:38,9:13,M 55-59/4,M-55,48,28:57,53.70%
69,Sarah Doolittle,"Redlands, CA",557,28:42,9:15,F 10-12/3,F-10,21,29:25,59.50%
70,Beth Doolittle,"Redlands, CA",556,28:50,9:17,F 45-49/3,F-45,22,29:33,55.12%
71,Paul Wielenga,"Riverside, CA",771,29:11,9:24,M 50-54/4,M-54,49,29:37,52.23%
72,Rebecca Whatley,"Riverside, CA",770,29:12,9:24,F 45-49/4,F-47,23,29:38,55.51%
73,Tabitha Abel,"Chiloquin, OR",501,29:16,9:25,F 60-64/4,F-60,24,29:36,65.41%
74,Austin Whitehead,"Yucaipa, CA",763,29:24,9:28,M 10-12/11,M-10,50,29:41,53.72%
75,Becki Whitehead,"Yucaipa, CA",762,29:24,9:28,F 30-34/2,F-32,25,29:41,50.48%
76,Bailey Loftin,"Redlands, CA",611,29:40,9:33,M 13-15/7,M-13,51,30:05,48.90%
77,Tara Frigaard,"Riverside, CA",575,29:40,9:33,F 16-19/1,F-18,26,30:23,50.48%
78,Brandi Clabough,"Temecula, CA",536,29:41,9:33,F 25-29/3,F-28,27,29:44,49.89%
79,Sue Nelson,"Temecula, CA",637,29:41,9:34,F 45-49/5,F-49,28,29:44,55.84%
80,Michelle McCarthy,"Murrieta, CA",619,29:43,9:34,F 40-44/5,F-44,29,30:13,52.97%
81,Molly Seaworth,"Crestline, CA",669,29:45,9:35,F 13-15/4,F-13,30,30:22,53.70%
82,Bill Kennedy,"Riverside, CA",772,29:45,9:35,M 80-99/1,M-80,52,30:05,70.68%
83,Cory Theis,"Yucaipa, CA",693,29:58,9:39,M 10-12/12,M-11,53,30:00,51.09%
84,Michaela Montgomery,"Riverside, CA",628,30:04,9:41,F 10-12/4,F-12,31,30:45,54.19%
85,Robert Sousa,"Fontana, CA",749,30:08,9:42,M 35-39/3,M-37,54,30:50,44.33%
86,Sarah Hoover,"Redlands, CA",595,30:22,9:47,F 13-15/5,F-15,32,30:47,51.07%
87,Kellie Ferguson,"Redlands, CA",564,30:22,9:47,F 50-54/1,F-50,33,30:47,55.24%
88,Kristin Goodell,"Riverside, CA",580,30:23,9:47,F 25-29/4,F-26,34,30:45,48.74%
89,Raymond Fuerte,"Cherry Valley, CA",718,30:23,9:47,M 10-12/13,M-10,55,30:31,51.98%
90,Hazel Walker,"Redlands, CA",742,30:27,9:48,F 45-49/6,F-46,35,31:01,52.68%
91,Gracie Jimenez,"Moreno Valley, CA",751,30:29,9:49,F 60-64/5,F-60,36,30:34,62.80%
92,Austin Adams,"Riverside, CA",502,30:38,9:52,M 10-12/14,M-12,56,31:20,48.56%
93,Chris Cairns,"Crestline, CA",791,30:51,9:56,M 30-34/6,M-31,57,31:27,42.05%
94,Danny Mendoza,"Highland, CA",622,31:07,10:01,M 50-54/5,M-53,58,31:39,48.61%
95,Lee Reynolds,"Colton, CA",789,31:16,10:04,M 65-69/1,M-69,59,32:16,55.79%
96,George Jorge,"Moreno Valley, CA",600,31:19,10:05,M 40-44/5,M-42,60,31:53,44.25%
97,Madeline Constantino,"Victorville, CA",752,31:27,10:08,F 13-15/6,F-13,37,31:50,50.80%
98,Macy Carter,"Yucaipa, CA",529,31:28,10:08,F 10-12/5,F-11,38,31:42,52.89%
99,Stacy Benham-Straw,"Yucaipa, CA",795,31:36,10:11,F 50-54/2,F-52,39,32:23,54.41%
100,Theresa Denolf,"Yucaipa, CA",794,31:37,10:11,F 20-24/2,F-24,40,32:21,46.84%
101,Victoria Carter,"Yucaipa, CA",530,31:42,10:12,F 10-12/6,F-10,41,31:44,53.87%
102,Camryn Muller,"Yucaipa, CA",632,31:48,10:14,F 13-15/7,F-13,42,32:02,50.24%
103,Sean Hayes,"La Quinta, CA",779,31:50,10:15,M 55-59/5,M-59,61,33:05,49.97%
104,Roger White,"Loma Linda, CA",706,31:59,10:18,M 60-64/3,M-63,62,32:22,51.51%
105,Anita Delagarza,"Temecula, CA",783,31:59,10:18,F 45-49/7,F-45,43,32:23,49.69%
106,Mitchell Walters,"Yucaipa, CA",700,32:06,10:20,M 07-09/2,M-8,63,32:08,53.04%
107,Sasha Snavely,"Highland, CA",685,32:07,10:21,M 07-09/3,M-8,64,32:21,53.01%
108,Mark Field,"Highland, CA",566,32:09,10:21,M 40-44/6,M-44,65,32:21,43.78%
109,Robby Hancock,"Loma Linda, CA",723,32:10,10:22,M 10-12/15,M-12,66,32:54,46.24%
110,Doris Kore,"Loma Linda, CA",606,32:13,10:23,F 50-54/3,F-51,44,32:22,52.69%
111,Marta Fellows,"Loma Linda, CA",563,32:25,10:26,F 35-39/2,F-37,45,32:54,46.45%
112,Connie Hohmann,"Riverside, CA",729,32:26,10:27,F 55-59/1,F-56,46,32:37,55.84%
113,David Lavelle,"Corona, CA",744,32:28,10:27,M 60-64/4,M-64,67,33:59,51.21%
114,Sarah Bloom,"Hemet, CA",517,32:37,10:30,F 25-29/5,F-28,47,33:00,45.40%
115,Peter Jackson,"Moreno Valley, CA",597,32:49,10:34,M 65-69/2,M-68,68,32:59,52.59%
116,Ashley Alcorn,"Trabuco Canyon, CA",504,32:57,10:37,F 25-29/6,F-29,48,33:24,44.94%
117,Aaron Kopelson,"Trabuco Canyon, CA",605,32:58,10:37,M 30-34/7,M-31,69,33:25,39.35%
118,Victoria Delote,"Highland, CA",549,33:06,10:40,F 16-19/2,F-17,49,34:07,45.69%
119,Susan Mendoza,"Highland, CA",624,33:12,10:41,F 55-59/2,F-56,50,33:44,54.55%
120,Robert Aleman,"Rosemead, CA",505,33:14,10:42,M 25-29/7,M-28,70,33:50,38.84%
121,Esperanza Pauli,"Perris, CA",650,33:15,10:42,F 30-34/3,F-31,51,34:06,44.58%
122,Steve Ellerman,"Crestline, CA",560,33:23,10:45,M 55-59/6,M-55,71,34:01,46.05%
123,Andrea Saavedra,"Highland, CA",784,33:23,10:45,F 30-34/4,F-31,52,34:08,44.41%
124,Decemeegan Togatorop,"Redlands, CA",696,33:24,10:45,F 13-15/8,F-13,53,34:00,47.83%
125,Denise Petersen,"Loma Linda, CA",652,33:36,10:49,F 35-39/3,F-38,54,33:55,45.06%
126,Jason Buchan,"Wrightwood, CA",523,33:58,10:56,M 40-44/7,M-41,72,34:51,40.50%
127,Charlette Buchan,"San Marcos, CA",521,33:59,10:57,F 20-24/3,F-21,55,34:51,43.57%
128,Carla Buchan,"Wrightwood, CA",520,33:59,10:57,F 40-44/6,F-42,56,34:51,45.63%
129,Sameer Kejriwal,"Redlands, CA",765,34:02,10:58,M 10-12/16,M-12,73,35:15,43.70%
130,Judith Hall,"La Quinta, CA",588,34:05,10:58,F 30-34/5,F-33,57,34:24,43.64%
131,Gladis Larios,"Corona, CA",804,34:11,11:01,F 30-34/6,F-33,58,35:06,43.49%
132,Koby Archer,"Yucaipa, CA",510,34:15,11:02,M 10-12/17,M-11,74,34:32,44.69%
133,Katie Thams,"Rancho Cucamonga, CA",691,34:17,11:03,F 20-24/4,F-22,59,34:40,43.17%
134,David Thams,"Rancho Cucamonga, CA",689,34:18,11:03,M 25-29/8,M-25,75,34:40,37.63%
135,Kathleen Ojo,"Redlands, CA",793,34:20,11:03,F 25-29/7,F-26,60,34:51,43.13%
136,Rohan Kubba,"Redlands, CA",767,34:35,11:08,M 10-12/18,M-10,76,35:49,45.66%
137,Melanie Ratana,"Loma Linda, CA",660,34:38,11:09,F 40-44/7,F-44,61,35:01,45.45%
138,Reginald Stewart,"Corona, CA",777,34:46,11:12,M 55-59/7,M-55,77,35:23,44.22%
139,Efren Domingo,"Loma Linda, CA",552,34:57,11:15,M 65-69/3,M-66,78,35:15,48.47%
140,Megyn Hicks,"Huntington Beach, CA",740,35:03,11:17,F 25-29/8,F-27,62,35:16,42.25%
141,Stacey Chester,"Yucaipa, CA",739,35:04,11:18,F 30-34/7,F-34,63,35:16,42.51%
142,Kerwin Lucenara,"Loma Linda, CA",785,35:05,11:18,M 25-29/9,M-29,79,35:44,36.83%
143,Jeanne Ruth,"Beaumont, CA",747,35:12,11:20,F 60-64/6,F-64,64,35:46,57.60%
144,Justin Ortiz,"Loma Linda, CA",734,35:14,11:21,M 16-19/3,M-17,80,35:23,38.33%
145,Kathy Calendar,"Highland, CA",526,35:30,11:26,F 50-54/4,F-51,65,35:48,47.82%
146,Eric Yoshimitsu,"Rialto, CA",714,35:44,11:30,M 45-49/4,M-45,81,36:42,39.71%
147,Jamison Cole,"Beaumont, CA",715,35:57,11:35,F 35-39/4,F-35,66,36:31,41.60%
148,Pavinee Prachachalerm,"Rialto, CA",656,36:22,11:42,F 30-34/8,F-34,67,37:04,40.99%
149,John Weber,"Corona, CA",702,36:42,11:49,M 50-54/6,M-50,82,37:03,40.21%
150,Shirley Lugue,"Rialto, CA",613,36:59,11:55,F 30-34/9,F-34,68,38:00,40.31%
151,Shirley McAlister,"Rialto, CA",618,37:00,11:55,F 35-39/5,F-37,69,38:00,40.69%
152,Diona Fuerte,"Cherry Valley, CA",717,37:01,11:55,F 35-39/6,F-38,70,37:10,40.90%
153,Roman Fuerte Sr,"Cherry Valley, CA",720,37:02,11:56,M 35-39/4,M-38,83,37:11,36.33%
154,Myca Cabanlit,"Beaumont, CA",790,37:03,11:56,F 20-24/5,F-24,71,37:38,39.96%
155,Thomas Osterberg,"Redlands, CA",647,37:11,11:58,M 60-64/5,M-61,84,38:13,43.54%
156,Jasmine Chan,"San Bernardino, CA",531,37:32,12:05,F 13-15/9,F-14,72,37:59,41.89%
157,Sarah Spencer,"Redlands, CA",676,37:39,12:07,F 50-54/5,F-53,73,38:15,46.28%
158,Monica Chan,"San Bernardino, CA",532,37:39,12:07,F 16-19/3,F-16,74,38:07,40.66%
159,Nancy Ganther,"Redlands, CA",578,37:39,12:07,F 50-54/6,F-50,75,38:16,44.55%
160,Michael Powers,"Upland, CA",655,37:53,12:12,M 65-69/4,M-66,85,38:30,44.72%
161,Brayton Williams,"Beaumont, CA",709,38:01,12:15,M 30-34/8,M-33,86,38:47,34.34%
162,Kim Donnelly,"Highland, CA",555,38:34,12:25,F 35-39/7,F-37,76,39:17,39.04%
163,Nancy Tenove,"Wrightwood, CA",798,38:50,12:30,F 60-64/7,F-60,77,38:50,49.27%
164,Nellie Ramirez,"Rialto, CA",659,39:01,12:34,F 25-29/9,F-29,78,40:01,37.95%
165,Leticia Cardinal-Norris,"Rialto, CA",527,39:01,12:34,F 35-39/8,F-37,79,40:02,38.59%
166,Nora Pedroza,"Rialto, CA",651,39:01,12:34,F 35-39/9,F-38,80,40:01,38.79%
167,Evie Frigaard,"Riverside, CA",574,39:05,12:35,F 40-44/8,F-41,81,39:48,39.38%
168,Janet Nichols,"Riverside, CA",640,39:21,12:40,F 50-54/7,F-51,82,40:02,43.14%
169,Lisa Patricia,"Corona, CA",649,39:28,12:42,F 40-44/9,F-40,83,40:09,38.78%
170,Sydney Del Pizzo,"Riverside, CA",547,39:40,12:47,F 65-69/1,F-67,84,40:35,53.51%
171,Kerrie Brooks,"Loma Linda, CA",518,39:42,12:47,F 25-29/10,F-27,85,40:08,37.30%
172,Kassedy Walters,"Yucaipa, CA",699,40:00,12:53,F 10-12/7,F-11,86,40:17,41.58%
173,Bob Swimford,"Wrightwood, CA",686,40:07,12:55,M 65-69/5,M-69,87,40:26,43.47%
174,Emelie Stewart,"Rialto, CA",678,40:10,12:56,F 13-15/10,F-15,87,41:12,38.61%
175,Monte Stewart,"Rialto, CA",679,40:10,12:56,M 40-44/8,M-40,88,41:12,34.00%
176,John Ortiz III,"Loma Linda, CA",735,40:27,13:01,M 13-15/8,M-14,89,40:35,35.08%
177,John Ortiz,"Loma Linda, CA",733,40:31,13:03,M 40-44/9,M-41,90,40:40,33.95%
178,Andrea Kidd,"Yucaipa, CA",603,40:45,13:07,F 35-39/10,F-37,88,41:08,36.95%
179,Diane Huntsman,"Redlands, CA",596,40:45,13:07,F 40-44/10,F-44,89,41:08,38.63%
180,Ann Snavely,"Highland, CA",684,40:54,13:10,F 50-54/8,F-53,90,41:07,42.60%
181,Colleen Calderon,"Hesperia, CA",524,40:54,13:10,F 50-54/9,F-50,91,41:05,41.01%
182,Vincent Del Pizzo,"Riverside, CA",548,41:08,13:15,M 70-74/1,M-71,91,41:59,43.41%
183,Christopher Miller,"Upland, CA",773,41:21,13:19,M 30-34/9,M-32,92,41:46,31.45%
184,Pat Harms,"Rialto, CA",592,41:33,13:23,F 55-59/3,F-57,92,42:19,44.18%
185,Devadas Moses,"Colton, CA",630,41:39,13:25,M 60-64/6,M-63,93,41:52,39.55%
186,Claire Moses,"Loma Linda, CA",629,41:40,13:25,F 07-09/2,F-8,93,41:52,43.50%
187,Tracy Bomberger,"Sn Bernardino, CA",738,41:48,13:28,M 45-49/5,M-48,94,42:23,34.74%
188,Dharmaseeli (dee) Moses,"Colton, CA",631,41:52,13:29,F 55-59/4,F-59,94,42:05,45.08%
189,Brenda Valdez- Hensley,"Loma Linda, CA",697,42:07,13:34,F 40-44/11,F-43,95,42:50,37.09%
190,Melissa Fury,"Moreno Valley, CA",576,42:12,13:35,F 35-39/11,F-37,96,42:54,35.68%
191,Jordyn Nichols,"Redlands, CA",641,42:15,13:36,F 16-19/4,F-18,97,42:36,35.44%
192,Cheralyn Nichols,"Redlands, CA",639,42:16,13:37,F 45-49/8,F-46,98,42:37,37.95%
193,Lourdes Gallo,"Beaumont, CA",577,42:16,13:37,F 40-44/12,F-40,99,42:56,36.21%
194,Stacy Smith,"Riverside, CA",672,42:32,13:42,F 50-54/10,F-52,100,43:07,40.42%
195,Elizabeth Leger,"Redlands, CA",608,42:38,13:44,F 50-54/11,F-53,101,43:28,40.87%
196,Iris Martinez,"Redlands, CA",616,42:49,13:47,F 35-39/12,F-38,102,43:21,35.36%
197,Robert Whitmyer,"Redlands, CA",707,43:07,13:53,M 13-15/9,M-13,95,43:53,33.64%
198,Ariana Alonzo,"Rosemead, CA",508,43:15,13:55,F 25-29/11,F-29,103,43:51,34.23%
199,Jane Adams,"Riverside, CA",503,43:18,13:56,F 55-59/5,F-59,104,43:59,43.59%
200,Michelle Tinoco,"Colton, CA",695,43:19,13:57,F 30-34/10,F-32,105,43:29,34.26%
201,Tanya Mauldin,"Apple Valley, CA",775,43:21,13:57,F 55-59/6,F-58,106,43:53,42.92%
202,Mira Kubba,"Redlands, CA",768,43:24,13:59,F 10-12/8,F-11,107,44:51,38.34%
203,Nidhi Kejriwal,"Redlands, CA",766,43:26,13:59,F 07-09/3,F-9,108,44:52,40.42%
204,Dina Preston,"Colton, CA",806,43:28,14:00,F 50-54/12,F-52,109,44:32,39.55%
205,Madelyn Beschorner,"Riverside, CA",516,43:40,14:04,F 10-12/9,F-10,110,44:22,39.10%
206,Marina De Dios,"Loma Linda, CA",546,43:46,14:05,F 55-59/7,F-57,111,44:09,41.94%
207,Sara Alikhan,"San Bernardino, CA",506,43:47,14:06,F 25-29/12,F-27,112,44:09,33.82%
208,Moses Christian,"Loma Linda, CA",805,43:53,14:08,M 75-79/1,M-79,96,45:08,46.81%
209,Isaiah Morgan,"Beaumont, CA",801,43:55,14:09,M 13-15/10,M-13,97,44:40,33.03%
210,Rosemary Selberg,"Cherry Valley, CA",748,44:09,14:13,F 65-69/2,F-67,113,44:35,48.07%
211,Aleta Rodriguez,"Moreno Valley, CA",661,44:19,14:16,F 40-44/13,F-44,114,45:07,35.52%
212,Marlene Martinez,"Moreno Valley, CA",617,44:19,14:16,F 65-69/3,F-66,115,45:07,47.18%
213,Joelle Cooper,"Redlands, CA",540,44:24,14:18,F 30-34/11,F-33,116,44:48,33.50%
214,Rachel Christian,"Loma Linda, CA",802,44:33,14:21,F 07-09/4,F-7,117,45:06,42.14%
215,Nusara Thaipejr,"Loma Linda, CA",688,44:35,14:21,F 45-49/9,F-49,118,45:03,37.17%
216,Jarb Thaipejr,"Loma Linda, CA",687,44:36,14:22,M 45-49/6,M-48,98,45:03,32.56%
217,Lauren Windver,"Redlands, CA",713,44:58,14:29,F 10-12/10,F-11,119,45:30,37.00%
218,Bob Windver,"Redlands, CA",711,44:59,14:29,M 40-44/10,M-43,99,45:31,31.06%
219,Jason Buchan,"Wrightwood, CA",522,45:13,14:34,M 20-24/1,M-20,100,46:06,28.83%
220,Christian Aniag,"Grand Terrace, CA",509,45:35,14:41,M 35-39/5,M-38,101,45:53,29.52%
221,Frenalyn Domingo,"Loma Linda, CA",553,45:54,14:47,F 35-39/13,F-37,120,45:54,32.80%
222,Jennifer Weber,"Corona, CA",701,46:03,14:50,F 45-49/10,F-49,121,46:23,35.99%
223,Evelyn Williams,"Mira Loma, CA",710,46:04,14:50,F 50-54/13,F-51,122,46:23,36.84%
224,Ronni Haworth,"Hemet, CA",594,46:30,14:58,F 60-64/8,F-62,123,47:09,42.34%
225,David Stoker,"Hesperia, CA",682,46:45,15:03,M 55-59/8,M-59,102,47:42,34.02%
226,Dustin Basbas,"Colton, CA",1001,46:57,15:07,M 20-24/2,M-21,103,47:44,27.59%
227,Gil Basbas,"Colton, CA",1099,46:58,15:07,M 50-54/7,M-54,104,47:44,32.45%
228,Kelly Foster,"Hemet, CA",572,47:17,15:14,F 50-54/14,F-53,124,47:57,36.85%
229,Regina Green,"Hemet, CA",581,47:17,15:14,F 60-64/9,F-63,125,47:57,42.24%
230,Felica Wilkerson,"Banning, CA",708,47:29,15:17,F 35-39/14,F-36,126,48:21,31.60%
231,Anna Stewart,"Beaumont, CA",677,47:29,15:17,F 30-34/12,F-31,127,48:21,31.21%
232,Kirsten Schechtman,"Riverside, CA",229,47:37,15:20,F 45-49/11,F-47,128,48:14,34.03%
233,Anita Lavelle,"Corona, CA",743,47:58,15:27,F 60-64/10,F-62,129,48:42,41.05%
234,Robert Visconti,"Redlands, CA",698,48:13,15:31,M 45-49/7,M-49,105,48:47,30.36%
235,Treva Webster,"Redlands, CA",703,48:13,15:32,F 50-54/15,F-54,130,48:47,36.58%
236,Jan Kodat,"Riverside, CA",604,48:21,15:34,F 40-44/14,F-42,131,49:01,32.07%
237,Wendy Chung,"Loma Linda, CA",533,48:21,15:34,F 40-44/15,F-44,132,49:01,32.55%
238,Mary Bronson,"Beaumont, CA",753,48:57,15:46,F 60-64/11,F-60,133,49:26,39.10%
239,Bettie Spatafora,"Menifee, CA",675,48:59,15:46,F 65-69/4,F-69,134,49:52,44.72%
240,Morgan Harker,"Yucaipa, CA",590,48:59,15:46,F 10-12/11,F-10,135,50:03,34.85%
241,Ryanne Pronounced Ry Harker,"Yucaipa, CA",591,49:00,15:46,F 07-09/5,F-7,136,50:04,38.31%
242,Dylan Basbas,"Colton, CA",1097,49:15,15:51,M 16-19/4,M-17,106,50:02,27.42%
243,Maritess Basbas,"Colton, CA",1098,49:16,15:52,F 50-54/16,F-51,137,50:02,34.45%
244,Kristine Lapierre,"Murrieta, CA",607,49:26,15:55,F 35-39/15,F-37,138,49:56,30.46%
245,Rene Arellano,"Rialto, CA",759,49:34,15:57,M 30-34/10,M-33,107,50:34,26.34%
246,Maryann Mullins,"Loma Linda, CA",182,49:40,15:59,F 60-64/12,F-61,139,50:26,39.07%
247,Grace Hilbig,"Highland, CA",727,49:43,16:01,F 07-09/6,F-9,140,50:50,35.31%
248,Ann Shearing,"Crestline, CA",671,49:45,16:01,F 55-59/8,F-59,141,50:23,37.94%
249,Garrett Hilbig,"Highland, CA",726,49:46,16:01,M 07-09/4,M-7,108,50:54,35.78%
250,Russell Hilbig,"Highland, CA",728,49:48,16:02,M 40-44/11,M-43,109,50:55,28.05%
251,Carol Hilbig,"Highland, CA",725,49:48,16:02,F 40-44/16,F-43,142,50:55,31.37%
252,Ariana Fuerte,"Cherry Valley, CA",716,49:58,16:05,F 07-09/7,F-8,143,50:08,36.27%
253,Tracy Cairns,"Crestline, CA",788,50:01,16:06,F 30-34/13,F-31,144,50:35,29.63%
254,Avai Ontiveros,"Yucaipa, CA",730,50:04,16:07,F 07-09/8,F-7,145,50:14,37.50%
255,Joseph Ontiveros,"Loma Linda, CA",741,50:04,16:07,M 60-64/7,M-61,110,50:14,32.33%
256,Gabriela Arellano,"Colton, CA",760,50:11,16:10,F 35-39/16,F-39,146,51:12,30.30%
257,Norma Likens,"Highland, CA",755,50:18,16:12,F 35-39/17,F-35,147,51:07,29.73%
258,Brittany Pinheiro,"Loma Linda, CA",757,50:19,16:12,F 25-29/13,F-27,148,51:07,29.42%
259,Benjamin Matlock,"Yucaipa, CA",737,50:27,16:15,M 20-24/3,M-22,111,51:17,25.58%
260,Betsy Jara,"Corona, CA",598,50:27,16:15,F 40-44/17,F-42,149,50:54,30.73%
261,Sandra Serrano,"Lake Elsinore, CA",670,50:55,16:24,F 30-34/14,F-31,150,51:21,29.11%
262,Amy Kebede,"Redlands, CA",602,50:55,16:24,F 35-39/18,F-37,151,51:51,29.57%
263,Linda Mierzwik,"Redlands, CA",626,50:55,16:24,F 30-34/15,F-34,152,51:51,29.27%
264,Janice Hall,"Colton, CA",587,50:57,16:24,F 60-64/13,F-60,153,51:16,37.57%
265,Marin Ciobanu,"Loma Linda, CA",535,51:05,16:27,M 80-99/2,M-84,112,51:50,46.02%
266,Lisette Ontiveros,"Yucaipa, CA",732,51:45,16:40,F 35-39/19,F-35,154,51:56,28.90%
267,Joey Ontiveros,"Yucaipa, CA",731,51:45,16:40,M 40-44/12,M-40,113,51:55,26.39%
268,Sonia Mendoza,"Rialto, CA",623,52:22,16:52,F 30-34/16,F-32,155,53:24,28.33%
269,Jennifer Lim,"Rialto, CA",610,52:22,16:52,F 35-39/20,F-37,156,53:24,28.75%
270,Jody Wikert,"Riverside, CA",776,53:11,17:07,F 13-15/11,F-15,157,53:54,29.15%
271,Susie Wikert,"Riverside, CA",774,53:11,17:07,F 45-49/12,F-48,158,53:54,30.78%
272,Caryn Malak,"Redlands, CA",614,53:34,17:15,F 30-34/17,F-34,159,54:31,27.82%
273,Tammy Hathaway,"Redlands, CA",593,53:34,17:15,F 40-44/18,F-40,160,54:31,28.57%
274,Dawn Jorge,"Moreno Valley, CA",599,54:28,17:32,F 35-39/21,F-36,161,55:04,27.55%
275,Cheyrl Crandall,"Moreno Valley, CA",543,54:28,17:32,F 60-64/14,F-62,162,55:03,36.15%
276,Catherine Suyak,"Redlands, CA",683,54:28,17:32,F 35-39/22,F-35,163,55:04,27.46%
277,Cynthia Corbett,"Redlands, CA",541,55:57,18:01,F 35-39/23,F-38,164,56:03,27.06%
278,Songaya Gresham,"San Bernardino, CA",582,55:57,18:01,F 25-29/14,F-26,165,56:03,26.46%
279,Meagan Prendergast,"San Bernardino, CA",657,55:57,18:01,F 25-29/15,F-29,166,56:03,26.46%
280,Rylie Stewart,"Rialto, CA",680,58:19,18:46,F 13-15/12,F-13,167,59:21,27.39%
281,Barbara Jones,"Moreno Valley, CA",1100,58:58,18:59,F 60-64/15,F-63,168,59:19,33.87%
282,Yessica Stewart,"Rialto, CA",681,58:58,18:59,F 35-39/24,F-38,169,1:00:00,25.67%
283,Ester Munoz,"Rialto, CA",635,59:00,19:00,F 55-59/9,F-55,170,1:00:01,30.29%
284,Maggie Dockter,"Yucaipa, CA",551,1:00:27,19:28,F 60-64/16,F-63,171,1:00:54,33.04%
