Bib,Name,Gender,Age,Hometown,Overall,Men,M 45-49,Age/Grade,Finish,Chip Time,Gun Time
15430,Jo Stringfield,F,61,"Grand Terrace, CA",329 out of 332,172 out of 173,3 out of 3, 29.84% Place: 312,1:05:42 Pace: 21:09,1:05:42,1:06:00
15551,Danpat Kelley,M,47,"Covina, CA",330 out of 332,158 out of 159,10 out of 10, 19.99% Place: 326,1:12:03 Pace: 23:12,1:12:03,1:12:22
5518,Paul Hansen,M,26,"Rialto, CA",331 out of 332,159 out of 159,9 out of 9, 15.51% Place: 328,1:23:11 Pace: 26:47,1:23:11,1:23:11
15590,Donna Espinoz,F,39,"Redlands, CA",332 out of 332,173 out of 173,24 out of 24, 15.73% Place: 327,1:36:51 Pace: 31:11,1:36:51,1:37:07
