Place,Name,Location,Bib,Net Time,Pace,Division/Place,Sex-Age,Sex-Place,Gun Time,Age Grade
1,Gray Mavhera,"Moreno Valley, CA",5224,17:19,5:35,M 40-44/1,M-41,1,17:19,79.56%
2,Phillip Orr,"Riverside, CA",5212,17:50,5:45,M 45-49/1,M-47,2,17:50,80.90%
3,Richard Solano,"Riverside, CA",5236,18:45,6:02,M 13-15/1,M-14,3,18:45,75.85%
4,Brian Hickok,"Redlands, CA",5180,18:49,6:04,M 35-39/1,M-38,4,18:50,71.54%
5,Molly Lewis,"Loma Linda, CA",5076,18:55,6:06,F 20-24/1,F-22,1,18:55,78.45%
6,David Parke,"San Bernardino, CA",5211,19:05,6:09,M 60-64/1,M-64,5,19:08,87.15%
7,Justin Morin,"Oak Hills, CA",5093,19:08,6:10,M 13-15/2,M-14,6,19:19,74.19%
8,Jayme Daniel,"Redlands, CA",5160,19:24,6:15,F 25-29/1,F-25,2,19:24,76.49%
9,Shannon O'Connor,"Redlands, CA",5100,19:55,6:25,F 30-34/1,F-31,3,19:55,74.77%
10,Mindy Branham,"El Centro, CA",5201,19:57,6:26,F 16-19/1,F-17,4,20:01,75.84%
11,Timothy Giang,"Yucaipa, CA",5047,20:31,6:37,M 16-19/1,M-17,7,20:41,65.85%
12,Luis Motta,"San Bernardino, CA",5094,20:44,6:41,M 35-39/2,M-36,8,20:47,64.04%
13,Chris Stokesberry,"Moreno Valley, CA",5199,20:52,6:43,M 30-34/1,M-32,9,20:59,62.35%
14,Cindy Branham,"El Centro, CA",5202,20:57,6:45,F 16-19/2,F-17,5,21:01,72.21%
15,Robin Lie,"Loma Linda, CA",5079,20:57,6:45,M 35-39/3,M-39,10,20:59,64.73%
16,Oracio Marmolejo,"Riverside, CA",5238,21:09,6:49,M 13-15/3,M-14,11,21:49,67.11%
17,Tyler Harper,"Banning, CA",5059,21:39,6:58,M 10-12/1,M-11,12,21:41,70.72%
18,Chad Nelson,"Redlands, CA",5230,21:48,7:01,M 13-15/4,M-13,13,21:50,66.56%
19,Vaughn Litka,"Highland, CA",5161,21:54,7:03,M 25-29/1,M-28,14,22:27,58.95%
20,Donald Rhea,"Redlands, CA",5118,22:05,7:07,M 50-54/1,M-50,15,22:14,66.84%
21,Gregory Sack,"Highland, CA",5087,22:23,7:13,M 25-29/2,M-25,16,22:30,57.68%
22,Gus Saavedra,"Highland, CA",5223,22:52,7:22,M 35-39/4,M-36,17,22:55,58.06%
23,Tony Allison,"Upland, CA",5002,22:58,7:24,M 45-49/2,M-48,18,23:02,63.25%
24,Lydia Kore,"Loma Linda, CA",5197,23:05,7:26,F 16-19/3,F-17,6,23:14,65.53%
25,Arturo Cisneros,"Riverside, CA",5022,23:07,7:27,M 50-54/2,M-51,19,23:32,64.36%
26,Mike Thams,"Alta Loma, CA",5145,23:30,7:34,M 55-59/1,M-57,20,23:39,66.57%
27,John Waddington,"Crestline, CA",5152,23:31,7:34,M 50-54/3,M-54,21,23:49,64.82%
28,Samuel Brassfield,"Redlands, CA",5174,23:35,7:36,M 40-44/2,M-43,22,23:47,59.26%
29,Peter Jaramillo,"Riverside, CA",5070,23:38,7:37,M 20-24/1,M-21,23,24:16,54.83%
30,Jason Jaramillo,"Riverside, CA",5069,23:43,7:38,M 25-29/3,M-26,24,24:51,54.43%
31,Rodney Walters,"Yucaipa, CA",5220,24:26,7:52,M 40-44/3,M-41,25,24:30,56.31%
32,Michael Leong,"Highland, CA",5216,24:29,7:53,M 50-54/4,M-51,26,24:35,60.76%
33,Douglas Clem,"San Bernardino, CA",5023,24:45,7:58,M 25-29/4,M-29,27,24:58,52.22%
34,Jose Marmolejo,"Riverside, CA",5237,24:47,7:59,M 20-24/2,M-24,28,25:28,52.09%
35,Marco Leon,"Chino Hills, CA",5163,25:05,8:05,M 50-54/5,M-54,29,25:53,60.77%
36,Christina Thomopson,"Redlands, CA",5227,25:35,8:14,F 20-24/2,F-22,7,25:42,57.89%
37,Alan Jaramillo,"Riverside, CA",5068,25:52,8:20,M 20-24/3,M-24,30,26:32,49.90%
38,Heather Dreessen,"Moreno Valley, CA",5032,25:53,8:20,F 30-34/2,F-31,8,26:02,57.28%
39,Sylvia Vedamani,"San Bernardino, CA",5188,25:54,8:21,F 25-29/2,F-29,9,26:19,57.18%
40,Ricky Johnston,"Redlands, CA",5198,26:05,8:24,M 45-49/3,M-45,31,26:19,54.41%
41,Cherilyn Blue,"Loma Linda, CA",5165,26:11,8:26,F 25-29/3,F-26,10,27:05,56.56%
42,Beverly Rubio,"Riverside, CA",5122,26:13,8:27,F 20-24/3,F-22,11,26:53,56.49%
43,Sandy Pappas,"Colton, CA",5109,26:17,8:28,F 45-49/1,F-45,12,26:23,60.47%
44,Troy Day,"Rialto, CA",5027,26:20,8:29,M 45-49/4,M-49,32,26:27,55.60%
45,Sean Stringer,"San Bernardino, CA",5135,26:22,8:29,M 20-24/4,M-22,33,26:38,48.96%
46,David Panther,"Loma Linda, CA",5108,26:34,8:33,M 25-29/5,M-28,34,27:10,48.59%
47,Meridythe Schroder,"Riverside, CA",5125,26:44,8:37,F 20-24/4,F-24,13,26:50,55.40%
48,Arne Marin,"Honolulu, HI",5203,26:50,8:39,M 45-49/5,M-49,35,26:54,54.57%
49,Alma Razo,"San Bernardino, CA",5117,27:00,8:42,F 35-39/1,F-37,14,27:12,55.78%
50,Jenny Stuart,"Romoland, CA",5137,27:15,8:47,F 25-29/4,F-26,15,27:23,54.35%
51,Amanda Clem,"Beaumont, CA",15046,27:22,8:49,F 25-29/5,F-26,16,27:36,54.11%
52,Beth Thomas,"Riverside, CA",5221,27:37,8:54,F 45-49/2,F-47,17,27:49,58.70%
53,Brett Gildea,"Redlands, CA",5050,28:12,9:05,M 25-29/6,M-29,36,28:50,45.83%
54,Michael Cook,"Sn Bernrdno, CA",5217,28:18,9:07,M 55-59/2,M-59,37,28:30,56.22%
55,Patricia Escamilla,"San Bernardino, CA",5034,28:20,9:07,F 50-54/1,F-52,18,28:32,60.68%
56,Katy Carlton,"Highland, CA",5015,28:20,9:08,F 45-49/3,F-46,19,28:35,56.62%
57,John Sigaty,"Redlands, CA",5185,28:38,9:13,M 55-59/3,M-55,38,29:07,53.70%
58,Jennie Damitio,"Grand Terrace, CA",5026,28:59,9:20,F 30-34/3,F-34,20,29:26,51.44%
59,Mihran Ask,"Colton, CA",5214,29:07,9:23,M 60-64/2,M-60,39,30:52,55.10%
60,Bill Kennedy,"Riverside, CA",5213,29:07,9:23,M 75-79/1,M-79,40,29:12,70.56%
61,Amy Moen,"Redlands, CA",5090,29:12,9:24,F 25-29/6,F-28,21,29:17,50.71%
62,David Stringer,"San Bernardino, CA",5133,29:15,9:25,M 60-64/3,M-63,41,29:32,56.33%
63,Kellip Ferguson,"Redlands, CA",5035,29:33,9:31,F 45-49/4,F-49,22,29:44,56.09%
64,Jo Ann Labani,"Yucaipa, CA",5074,29:35,9:32,F 45-49/5,F-45,23,30:02,53.72%
65,Juan Fernandez,"La Habra, CA",5232,29:41,9:34,M 30-34/2,M-31,42,30:42,43.71%
66,Elena Alvidrez,"Redlands, CA",5231,29:41,9:34,F 35-39/2,F-36,24,30:42,50.56%
67,Kathy Steele,"Highland, CA",5131,29:47,9:36,F 30-34/4,F-33,25,30:15,49.94%
68,Peter Jackson,"Moreno Valley, CA",5066,29:58,9:39,M 65-69/1,M-67,43,30:11,57.04%
69,Doris Kore,"Loma Linda, CA",5196,30:07,9:42,F 50-54/2,F-50,26,30:23,55.70%
70,Michael Donahue,"Highland, CA",5030,30:09,9:43,M 45-49/6,M-49,44,30:35,48.56%
71,Carolyn Greywood,"Riverside, CA",5053,30:24,9:47,F 60-64/1,F-63,27,30:54,65.72%
72,Melissa Moran,"Oak Hills, CA",5091,30:53,9:57,F 50-54/3,F-50,28,31:21,54.32%
73,Joelle Walters,"Yucaipa, CA",5219,30:57,9:58,F 40-44/1,F-41,29,31:03,49.73%
74,Raymond Fuerte,"Loma Linda, CA",5040,30:58,9:58,M 07-09/1,M-9,45,31:19,52.83%
75,Roman Fuerte Jr,"Cherry Valley, CA",5043,30:59,9:59,M 10-12/2,M-12,46,31:18,48.01%
76,Austin Adams,"Riverside, CA",5206,31:05,10:01,M 10-12/3,M-11,47,31:32,49.25%
77,Bob Patterson,"Alta Loma, CA",5112,31:06,10:01,M 70-74/1,M-74,48,31:27,59.95%
78,Albert Li,", ",5159,31:09,10:02,M 50-54/6,M-50,49,32:01,47.38%
79,Koby Archer,"Yucaipa, CA",5193,31:27,10:08,M 10-12/4,M-10,50,32:03,50.21%
80,Nicole Wellenstein,"Rimforest, CA",5226,31:43,10:13,F 10-12/1,F-11,30,32:04,52.47%
81,Sean Hayes,"La Quinta, CA",5060,31:59,10:18,M 55-59/4,M-58,51,32:57,49.32%
82,Daniel Giang,"Yucaipa, CA",5046,32:01,10:19,M 50-54/7,M-53,52,32:15,47.24%
83,Charles Jirsa,"Redlands, CA",5162,32:10,10:21,M 30-34/3,M-30,53,32:27,40.23%
84,Lorraine Hedtke,"Redlands, CA",5061,32:13,10:23,F 50-54/4,F-53,31,32:19,54.09%
85,Arwyn Wild,"Redlands, CA",5166,32:20,10:25,M 55-59/5,M-55,54,33:15,47.55%
86,Rebecca Bertoldo,"Redlands, CA",5008,32:32,10:29,F 40-44/2,F-41,32,33:05,47.31%
87,Andrea Saavedra,"Highland, CA",5222,33:00,10:38,F 30-34/5,F-30,33,33:21,44.87%
88,Sasha Snavely,"Highland, CA",5129,33:29,10:47,M 07-09/2,M-7,55,34:15,53.19%
89,Suzanne Matich,"Yucaipa, CA",5083,33:34,10:49,F 45-49/6,F-48,34,34:01,48.78%
90,Johanna Higdon,"Loma Linda, CA",5062,33:37,10:50,F 20-24/5,F-23,35,34:24,44.05%
91,Emiterio Alvarez,"Rancho Cucamonga, CA",5210,33:38,10:50,M 30-34/4,M-32,56,34:36,38.67%
92,Mackenzie Lockwood,"Corona, CA",5080,33:54,10:55,F 10-12/2,F-11,36,34:15,49.09%
93,Kimberly Gross,"Carlsbad, CA",5055,34:05,10:59,F 50-54/5,F-52,37,35:14,50.44%
94,Katie Thams,"Alta Loma, CA",5144,34:05,10:59,F 20-24/6,F-21,38,35:16,43.44%
95,David Thams,"Alta Loma, CA",5143,34:06,10:59,M 20-24/5,M-24,57,35:16,37.85%
96,Monica Burgoswellenstein,"Rimforest, CA",5225,34:06,10:59,F 50-54/6,F-51,39,34:27,49.78%
97,Crystal Perez,"Redlands, CA",5194,34:12,11:01,F 10-12/3,F-11,40,34:56,48.66%
98,Jade Perez,"Redlands, CA",5195,34:12,11:01,F 10-12/4,F-10,41,34:56,49.93%
99,Brian Gray,"Corona, CA",5052,34:30,11:06,M 45-49/7,M-48,58,34:51,42.10%
100,David Tate,"Banning, CA",5229,34:38,11:09,M 30-34/5,M-32,59,35:35,37.55%
