Bib,Name,Gender,Age,Hometown,Overall,Women,F 35-39,Age/Grade,Finish,Chip Time,Gun Time
1100,Barbara Jones,F,63,"Moreno Valley, CA",281 out of 284,168 out of 171,15 out of 16, 33.87% Place: 235,58:58 Pace: 18:59,58:58,59:19
681,Yessica Stewart,F,38,"Rialto, CA",282 out of 284,169 out of 171,24 out of 24, 25.67% Place: 283,58:58 Pace: 18:59,58:58,1:00:00
635,Ester Munoz,F,55,"Rialto, CA",283 out of 284,170 out of 171,9 out of 9, 30.29% Place: 257,59:00 Pace: 19:00,59:00,1:00:01
551,Maggie Dockter,F,63,"Yucaipa, CA",284 out of 284,171 out of 171,16 out of 16, 33.04% Place: 239,1:00:27 Pace: 19:28,1:00:27,1:00:54
