Place,Name,Location,Bib,Net Time,Pace,Division/Place,Sex-Age,Sex-Place,Gun Time,Age Grade
1,Robert Wallace,"Lake Elsinor, CA",1032,1:26:02,6:34,M 30-34/1,M-32,1,1:26:02,68.86%
2,Ismael Carrillo,"Moreno Valley, CA",783,1:28:02,6:43,M 30-34/2,M-30,2,1:28:02,67.29%
3,Christopher Oltman,"San Bernardino, CA",996,1:29:05,6:48,M 25-29/1,M-25,3,1:29:05,66.61%
4,Nicholas Sanchez,"Upland, CA",768,1:29:12,6:49,M 18-24/1,M-24,4,1:29:13,66.40%
5,Matthew Evans,"Rancho Cucamonga, CA",790,1:29:20,6:49,M 35-39/1,M-38,5,1:29:24,68.00%
6,Daniel Kwon,"Loma Linda, CA",755,1:30:54,6:56,M 25-29/2,M-27,6,1:31:30,65.16%
7,Geoff Roche,"Redlands, CA",1026,1:31:41,7:00,M 35-39/2,M-39,7,1:31:51,66.76%
8,Erin Skrettingland,"Murrieta, CA",667,1:32:04,7:02,F 35-39/1,F-35,1,1:32:04,72.23%
9,Forest Macomber,"Redlands, CA",622,1:34:01,7:11,M 18-24/2,M-22,8,1:34:16,63.03%
10,Carri Arrieta,"Moreno Valley, CA",857,1:34:42,7:14,F 45-49/1,F-47,2,1:34:42,76.08%
11,Daniel Fontoura,"Loma Linda, CA",994,1:34:49,7:14,M 45-49/1,M-46,9,1:39:49,68.30%
12,Victor Vollhardt,"Yucaipa, CA",986,1:35:21,7:17,M 40-44/1,M-42,10,1:35:24,65.75%
13,Satoshi Miura,"Lake Forest, CA",1036,1:35:27,7:17,M 45-49/2,M-46,11,1:35:32,67.85%
14,Ramon Dunnigan,"Colton, CA",861,1:36:23,7:22,M 45-49/3,M-45,12,1:36:23,66.64%
15,Charles Sanchez,"San Bernardino, CA",1037,1:37:14,7:25,M 55-59/1,M-57,13,1:37:14,73.24%
16,Brad Wenzel,"Redlands, CA",987,1:37:18,7:26,M 30-34/3,M-32,14,1:37:37,60.89%
17,Paul Montanchez,"Irvine, CA",661,1:37:31,7:27,M 45-49/4,M-46,15,1:37:46,66.41%
18,Melinda Driscoll,"San Bernardino, CA",985,1:37:32,7:27,F 35-39/2,F-38,3,1:37:32,69.01%
19,Alex Tongpo,"Loma Linda, CA",796,1:38:26,7:31,M 01-17/1,M-15,16,1:39:22,65.33%
20,Katie Beriau,"Loma Linda, CA",659,1:38:55,7:33,F 25-29/1,F-28,4,1:40:23,66.57%
21,Matthew Newbern,"Loma Linda, CA",643,1:39:15,7:35,M 30-34/4,M-31,17,1:39:29,59.67%
22,Clement Lam,"El Paso, TX",894,1:39:48,7:37,M 25-29/3,M-28,18,1:40:53,59.35%
23,Pariss Saedinia,"Fontana, CA",917,1:40:15,7:39,M 60-64/1,M-62,19,1:40:16,74.41%
24,Kate Evelsizer,"Loma Linda, CA",686,1:41:20,7:44,F 25-29/2,F-25,5,1:41:23,64.98%
25,Harvey Hansen,"Redlands, CA",771,1:41:49,7:46,M 60-64/2,M-63,20,1:42:04,73.98%
26,Dave Lane,"Riverside, CA",821,1:41:49,7:46,M 55-59/2,M-56,21,1:41:51,69.32%
27,Stefano Carletti,"Roseville, CA",1002,1:41:53,7:47,M 40-44/2,M-44,22,1:42:30,62.53%
28,Art Mistretta,"Coeur D Alene, ID",967,1:42:11,7:48,M 45-49/5,M-48,23,1:42:16,64.44%
29,Stewart Boden,"San Bernardino, CA",1029,1:42:30,7:50,M 55-59/3,M-58,24,1:42:43,70.11%
30,Frank Guevara,"Rancho Cucamonga, CA",824,1:43:17,7:53,M 55-59/4,M-57,25,1:43:21,68.95%
31,Yanina Chambi,"Redlands, CA",800,1:43:49,7:56,F 35-39/3,F-35,6,1:43:58,64.03%
32,Michael Stahl,"Anchorage, AK",974,1:44:22,7:58,M 50-54/1,M-52,26,1:44:25,65.28%
33,Lindsey Gray,"Redlands, CA",1011,1:44:42,8:00,F 25-29/3,F-29,7,1:44:59,62.89%
34,Chris Cox,"Highland, CA",737,1:44:51,8:00,M 50-54/2,M-54,27,1:45:05,66.12%
35,Ron Richards,"Highland, CA",982,1:45:17,8:02,M 45-49/6,M-45,28,1:45:35,61.00%
36,John Rojas,"Highland, CA",1044,1:45:38,8:04,M 40-44/3,M-43,29,1:46:11,59.82%
37,Mike Calendar,"Highland, CA",878,1:45:39,8:04,M 50-54/3,M-52,30,1:46:05,64.48%
38,Michelle Deisch,"Yucaipa, CA",695,1:46:03,8:06,F 30-34/1,F-34,8,1:46:12,62.50%
39,Cherilyn Simpson,"Redlands, CA",976,1:46:30,8:08,F 40-44/1,F-41,9,1:46:35,64.28%
40,Jared Wong,"Loma Linda, CA",712,1:46:40,8:09,M 25-29/4,M-25,31,1:48:08,55.52%
41,Bob Ristow,"Redlands, CA",908,1:47:11,8:11,M 50-54/4,M-52,32,1:48:03,63.56%
42,Daniel Alves,"Loma Linda, CA",1033,1:47:35,8:13,M 40-44/4,M-44,33,1:48:14,59.22%
43,Jaime Rudyk,"Loma Linda, CA",724,1:47:39,8:13,F 18-24/1,F-20,10,1:48:21,61.20%
44,Sara Pote,"Redlands, CA",733,1:47:44,8:14,F 25-29/4,F-29,11,1:48:15,61.12%
45,Andrew Piper,"Riverside, CA",802,1:47:58,8:15,M 25-29/5,M-29,34,1:50:15,54.86%
46,Samantha Serna,"Riverside, CA",801,1:47:59,8:15,F 25-29/5,F-27,12,1:50:16,60.98%
47,Tom Whittemore,"Redlands, CA",1028,1:48:23,8:17,M 45-49/7,M-49,35,1:48:34,61.26%
48,Lesford Duncan,"Colton, CA",762,1:48:28,8:17,M 25-29/6,M-25,36,1:48:28,54.60%
49,Isabel Biasetti,"Yucaipa, CA",675,1:48:37,8:18,F 45-49/2,F-46,13,1:48:56,65.67%
50,Don Benedicto,"Colton, CA",941,1:49:33,8:22,M 55-59/5,M-56,37,1:50:10,64.42%
51,Edmund Ko,"Loma Linda, CA",637,1:49:36,8:22,M 35-39/3,M-35,38,1:50:15,54.45%
52,Randall Culler,"Redlands, CA",682,1:50:25,8:26,M 35-39/4,M-35,39,1:50:37,54.05%
53,Alexander Min,"Loma Linda, CA",670,1:50:29,8:26,M 25-29/7,M-25,40,1:50:40,53.61%
54,Jeffrey Schall,"Loma Linda, CA",673,1:50:34,8:27,M 25-29/8,M-26,41,1:50:43,53.57%
55,Gene Mastas,"Beaumont, CA",782,1:50:44,8:27,M 60-64/3,M-60,42,1:50:44,66.11%
56,Brent Johnson,"Highland, CA",968,1:50:44,8:27,M 50-54/5,M-50,43,1:51:01,60.47%
57,Crystal Clarke,"Loma Linda, CA",1008,1:50:47,8:27,F 25-29/6,F-26,14,1:51:01,59.43%
58,Dawson Ayon,"Highland, CA",1034,1:51:28,8:31,M 01-17/2,M-15,44,1:52:26,57.69%
59,Al Day,"Temecula, CA",1018,1:51:39,8:31,M 40-44/5,M-40,45,1:53:36,55.26%
60,Douglas Schuessler,"Highland, CA",752,1:52:19,8:35,M 55-59/6,M-59,46,1:52:40,64.59%
61,Laura Liu,"Irvine, CA",1024,1:52:23,8:35,F 40-44/2,F-41,15,1:52:32,60.92%
62,Jeffrey Victorio,"Redlands, CA",809,1:52:24,8:35,M 30-34/5,M-30,47,1:52:31,52.69%
63,Chris Watkins,"Redlands, CA",1004,1:52:31,8:35,M 55-59/7,M-55,48,1:52:57,62.16%
64,Lindy Washburn,"Redlands, CA",978,1:52:42,8:36,F 30-34/2,F-34,16,1:52:51,58.81%
65,Lisa McMillan,"Yucaipa, CA",738,1:52:57,8:37,F 18-24/2,F-23,17,1:53:09,58.29%
66,Lauren Spady,"Loma Linda, CA",778,1:52:59,8:38,F 18-24/3,F-24,18,1:53:10,58.28%
67,Luis Cervantes,"Mira Loma, CA",932,1:53:17,8:39,M 35-39/5,M-36,49,1:54:06,52.93%
68,Tom Sweeney,"San Bernardino, CA",665,1:54:05,8:43,M 50-54/6,M-51,50,1:54:06,59.21%
69,Alexander Long,"Loma Linda, CA",749,1:54:05,8:43,M 25-29/9,M-25,51,1:55:36,51.91%
70,Carolyn Groeneveld,"Rialto, CA",767,1:54:20,8:44,F 45-49/3,F-48,19,1:55:25,63.70%
71,Flint Johnston,"Loma Linda, CA",803,1:54:46,8:46,M 35-39/6,M-35,52,1:55:13,52.00%
72,Ruben Gonzalez,"Whittier, CA",701,1:54:56,8:47,M 45-49/8,M-45,53,1:55:10,55.88%
73,Joyce Archbold,"Yucaipa, CA",620,1:55:14,8:48,F 30-34/3,F-30,20,1:57:09,57.15%
74,Kent Cooper,"Redlands, CA",975,1:55:14,8:48,M 45-49/9,M-45,54,1:55:19,55.74%
75,Clarissa Molina,"San Bernardino, CA",687,1:56:04,8:52,F 18-24/4,F-23,21,1:56:18,56.73%
76,Michael Volkov,"Redlands, CA",623,1:56:04,8:52,M 50-54/7,M-54,55,1:56:10,59.73%
77,Jose Lopez,"Corona, CA",939,1:57:11,8:57,M 50-54/8,M-53,56,1:58:20,58.65%
78,Bertrand Moses,"Loma Linda, CA",761,1:57:16,8:57,M 30-34/6,M-30,57,1:57:31,50.50%
79,Mustafa Abdalla,"Redlands, CA",722,1:57:25,8:58,M 55-59/8,M-55,58,1:57:52,59.57%
80,Lucy Gonzalez,"Highland, CA",728,1:57:54,9:00,F 40-44/3,F-40,22,1:59:33,57.70%
81,Peter Chung,"Loma Linda, CA",753,1:58:14,9:02,M 65-69/1,M-68,59,2:00:52,66.91%
82,Don Wilmot,"Eastvale, CA",770,1:59:02,9:05,M 40-44/6,M-44,60,1:59:28,53.52%
83,Kristin Brewer,"Loma Linda, CA",766,1:59:25,9:07,F 30-34/4,F-32,23,1:59:45,55.28%
84,Dan Lim,"Loma Linda, CA",746,1:59:32,9:08,M 55-59/9,M-58,61,1:59:34,60.12%
85,Frank Macias,"Lima Linda, CA",789,1:59:42,9:08,M 55-59/10,M-55,62,2:00:15,58.43%
86,Amy Oster,"Loma Linda, CA",948,1:59:51,9:09,F 30-34/5,F-30,24,2:01:21,54.95%
87,Meredith Braden,"Alameda, CA",626,1:59:51,9:09,F 35-39/4,F-39,25,2:01:43,56.44%
88,Steven Castro,"Riverside, CA",876,2:00:05,9:10,M 40-44/7,M-42,63,2:00:49,52.21%
89,Mike Colucci,"Riverside, CA",991,2:00:52,9:14,M 35-39/7,M-37,64,2:01:06,49.90%
90,Kelsey Zuppan,"Loma Linda, CA",825,2:01:04,9:15,F 18-24/5,F-24,26,2:01:17,54.39%
91,Megan Tooker,"Yucaipa, CA",681,2:01:05,9:15,F 30-34/6,F-32,27,2:02:35,54.52%
92,Rachel Wong,"Grand Terrace, CA",751,2:01:14,9:15,F 18-24/6,F-24,28,2:02:43,54.31%
93,Genes Ferreras,"Torrance, CA",981,2:01:31,9:17,M 30-34/7,M-31,65,2:01:36,48.74%
94,Jaecelle Guadiz,"Redlands, CA",856,2:01:43,9:18,F 25-29/7,F-29,29,2:02:36,54.09%
95,Rebueno Calixterio,"Loma Linda, CA",662,2:01:44,9:18,M 55-59/11,M-56,66,2:02:34,57.98%
96,Kristin Bruhjell,"Redlands, CA",797,2:01:59,9:19,F 18-24/7,F-24,30,2:02:44,53.98%
97,Dave Fabruada,"Grand Terrace, CA",776,2:02:09,9:20,M 45-49/10,M-49,67,2:04:11,54.35%
98,Bill Oesterlein,"Redlands, CA",605,2:02:10,9:20,M 50-54/9,M-53,68,2:03:11,56.26%
99,Paul Dudley,"Highland Grove, CA",933,2:02:30,9:21,M 18-24/3,M-24,69,2:02:52,48.35%
100,Erin Pope,"Riverside, CA",956,2:02:53,9:23,F 35-39/5,F-36,31,2:03:00,54.29%
101,Olivia Guerrero,"Riverside, CA",1022,2:03:05,9:24,F 50-54/1,F-50,32,2:03:42,60.59%
102,Carlo Pineda,"San Gabriel, CA",1010,2:03:10,9:24,M 35-39/8,M-39,70,2:07:16,49.70%
103,Yolaine Groeller,"Wesley Chapel, FL",1009,2:03:13,9:24,F 40-44/4,F-44,33,2:07:19,56.83%
104,Cassie Ver Steeg,"Redlands, CA",1013,2:03:14,9:24,F 30-34/7,F-34,34,2:04:13,53.78%
105,Jazzmen Wilson,"Sun City, CA",845,2:03:17,9:25,F 18-24/8,F-18,35,2:04:11,54.23%
106,Benjamin Ver Steeg,"Redlands, CA",1012,2:03:29,9:26,M 35-39/9,M-38,71,2:04:29,49.19%
107,Luis Bueno,"Riverside, CA",816,2:03:58,9:28,M 35-39/10,M-38,72,2:04:20,49.00%
108,Brenda Jaech,"Moreno Valley, CA",815,2:04:00,9:28,F 55-59/1,F-56,36,2:04:51,64.95%
109,Beban Quijada,"Redlands, CA",634,2:04:11,9:29,M 35-39/11,M-37,73,2:06:00,48.56%
110,Kelsey Culler,"Redlands, CA",649,2:04:32,9:30,F 25-29/8,F-29,37,2:04:43,52.87%
111,Wayne Rogers,"Ontario, CA",1005,2:05:12,9:33,M 55-59/12,M-59,74,2:05:41,57.94%
112,Andrew Talon,"Loma Linda, CA",690,2:05:57,9:37,M 18-24/4,M-23,75,2:06:47,47.02%
113,Stephanie Lao,"Colton, CA",691,2:06:01,9:37,F 18-24/9,F-23,38,2:06:51,52.25%
114,Sunder Nambiar,"Loma Linda, CA",773,2:06:26,9:39,M 55-59/13,M-56,76,2:07:06,55.82%
115,Mohammad Hidari,"Loma Linda, CA",745,2:06:39,9:40,M 40-44/8,M-43,77,2:07:15,49.89%
116,David Choe,"Loma Linda, CA",663,2:06:59,9:42,M 35-39/12,M-36,78,2:07:24,47.22%
117,Elvin Veluz,"Loma Linda, CA",725,2:07:03,9:42,M 55-59/14,M-55,79,2:08:09,55.05%
118,Raymon Rojas,"San Diego, CA",972,2:07:06,9:42,M 25-29/10,M-25,80,2:07:07,46.60%
119,Raewyn Hankins,"Loma Linda, CA",742,2:07:42,9:45,F 30-34/8,F-31,39,2:09:42,51.61%
120,Charles Dusenberry,"Redlands, CA",633,2:08:25,9:48,M 60-64/4,M-64,81,2:09:21,59.22%
121,Mario Lara,"Riverside, CA",666,2:08:34,9:49,M 40-44/9,M-43,82,2:09:30,49.15%
122,Kenneth Hart,"Colton, CA",808,2:08:37,9:49,M 70-74/1,M-70,83,2:09:20,62.79%
123,Courtney Hughes,"Redlands, CA",838,2:08:48,9:50,F 25-29/9,F-29,40,2:09:38,51.12%
124,Charity Lee,"Loma Linda, CA",966,2:09:01,9:51,F 35-39/6,F-39,41,2:09:07,52.43%
125,Ryan Knopper,"Loma Linda, CA",693,2:09:19,9:52,M 18-24/5,M-24,84,2:09:42,45.80%
126,Tricia Walbaum,"San Bernardino, CA",925,2:09:28,9:53,F 40-44/5,F-43,42,2:10:10,53.65%
127,Michelle Brothers,"Beaumont, CA",955,2:09:30,9:53,F 25-29/10,F-29,43,2:10:16,50.84%
128,Barbara Eck,"Mentone, CA",970,2:09:35,9:54,F 50-54/2,F-52,44,2:10:14,59.02%
129,Lyn Rippetue,"Redlands, CA",735,2:09:40,9:54,M 60-64/5,M-62,85,2:11:10,57.53%
130,Maria Ruiz-Rodriguez,"Fontana, CA",794,2:10:50,9:59,F 40-44/6,F-43,45,2:11:39,53.09%
131,Rama Tampubolon,"Riverside, CA",1041,2:11:25,10:02,M 25-29/11,M-29,86,2:12:44,45.07%
132,Vivien J Deleone,"Riverside, CA",983,2:11:47,10:04,F 45-49/4,F-47,46,2:12:19,54.67%
133,Nicole Gillespie,"Redlands, CA",965,2:11:56,10:04,F 30-34/9,F-31,47,2:12:10,49.96%
134,Ronald Stockton,"Redlands, CA",720,2:12:08,10:05,M 40-44/10,M-43,87,2:13:03,47.82%
135,Amber Haddad,"Redlands, CA",2,2:12:38,10:08,F 18-24/10,F-20,48,2:13:24,49.67%
136,Amarilis Cornejo,"Loma Linda, CA",679,2:12:51,10:09,F 25-29/11,F-27,49,2:14:09,49.56%
137,Edward Flores,"Highland, CA",798,2:13:31,10:12,M 35-39/13,M-36,88,2:14:12,44.91%
138,Kirsty Parra,"Yucaipa, CA",938,2:14:05,10:14,F 35-39/7,F-36,50,2:14:30,49.75%
139,David Wylie,"Victorville, CA",954,2:14:27,10:16,M 50-54/10,M-50,89,2:14:50,49.80%
140,Christina Perez,"Fontana, CA",795,2:14:29,10:16,F 18-24/11,F-20,51,2:15:17,48.98%
141,Piala Styadi,"Rnch Cucamng, CA",704,2:15:02,10:19,F 40-44/7,F-40,52,2:15:09,50.38%
142,James Smith,"McDonough, GA",1019,2:15:04,10:19,M 45-49/11,M-46,90,2:15:40,47.95%
143,Earl Purkiss,"Running Springs, CA",777,2:15:25,10:20,M 35-39/14,M-39,91,2:16:15,45.20%
144,Amanda Haney,"Highland, CA",999,2:15:33,10:21,F 18-24/12,F-24,53,2:15:44,48.57%
145,Michele Fogerson,"Highland, CA",1000,2:15:40,10:21,F 45-49/5,F-46,54,2:15:51,52.57%
146,Jonathan Chin,"Loma Linda, CA",647,2:16:12,10:24,M 60-64/6,M-61,92,2:16:55,54.25%
147,Dexter Emoto,"Loma Linda, CA",616,2:16:31,10:25,M 55-59/15,M-59,93,2:16:44,53.14%
148,Parissa Massahikhaleghi,"Loma Linda, CA",711,2:16:48,10:27,F 25-29/12,F-28,55,2:17:00,48.13%
149,Irwin Tomarere,"Riverside, CA",1039,2:16:58,10:27,M 35-39/15,M-38,94,2:17:31,44.35%
150,Andrew Dodd,"Eastvale, CA",678,2:17:02,10:28,M 45-49/12,M-45,95,2:18:04,46.87%
151,Christine Wilson,"Yucaipa, CA",669,2:17:11,10:28,F 40-44/8,F-40,56,2:17:22,49.59%
152,Terry-Ann Milford,"Loma Linda, CA",694,2:17:19,10:29,F 30-34/10,F-30,57,2:17:36,47.96%
153,Heather Cox,"Beaumont, CA",655,2:17:34,10:30,F 35-39/8,F-37,58,2:18:04,48.69%
154,Andy Sandiford,"Grand Terrace, CA",813,2:17:34,10:30,M 55-59/16,M-56,96,2:19:13,51.30%
155,Ricardo Borja,"Beaumont, CA",927,2:17:34,10:30,M 65-69/2,M-66,97,2:18:07,56.37%
156,Crystal Wongchalermthan,"Temple City, CA",715,2:17:45,10:31,F 18-24/13,F-22,59,2:19:13,47.80%
157,Cat Dengate,"Redlands, CA",879,2:17:51,10:31,F 40-44/9,F-41,60,2:18:45,49.66%
158,Dana Gonzalez,"Redlands, CA",617,2:18:01,10:32,F 30-34/11,F-33,61,2:18:08,47.91%
159,Karen Jung,"Irvine, CA",866,2:18:11,10:33,F 35-39/9,F-35,62,2:20:44,48.11%
160,Timothy Jung,"Loma Linda, CA",865,2:18:11,10:33,M 70-74/2,M-70,98,2:20:44,58.44%
161,Heather Javaherian,"Loma Linda, CA",731,2:18:35,10:35,F 40-44/10,F-40,63,2:19:32,49.09%
162,Jeff McNeal,"Sierra Madre, CA",924,2:18:48,10:36,M 40-44/11,M-40,99,2:19:46,44.45%
163,Aprille Febre,"Loma Linda, CA",1038,2:18:50,10:36,F 30-34/12,F-34,64,2:18:53,47.74%
164,Ashley Jordan,"Loma Linda, CA",858,2:19:20,10:38,F 30-34/13,F-30,65,2:20:02,47.27%
165,Priya Lewis,"Loma Linda, CA",784,2:19:28,10:39,F 30-34/14,F-32,66,2:19:51,47.33%
166,Scott Sterl,"Redlands, CA",823,2:19:28,10:39,M 50-54/11,M-50,100,2:21:04,48.01%
167,Sean Scullin,"Redlands, CA",819,2:19:29,10:39,M 50-54/12,M-54,101,2:21:04,49.70%
168,Alison Weigel,"Loma Linda, CA",653,2:20:07,10:42,F 25-29/13,F-26,67,2:20:58,46.99%
169,Stacey Lip,"Redlands, CA",247,2:20:15,10:42,F 50-54/3,F-50,68,2:21:13,53.17%
170,Lisa Garcia,"La Verne, CA",775,2:21:07,10:46,F 50-54/4,F-54,69,2:21:14,55.60%
171,David Wright,"Highland, CA",756,2:21:21,10:47,M 55-59/17,M-57,102,2:23:19,50.38%
172,John Lohr Jr,"Yucaipa, CA",688,2:21:26,10:48,M 40-44/12,M-42,103,2:23:00,44.33%
173,Leticia Ruben,"Redlands, CA",812,2:21:31,10:48,F 50-54/5,F-51,70,2:22:15,53.36%
174,Danelle Herra,"Colton, CA",810,2:21:38,10:49,F 25-29/14,F-28,71,2:22:36,46.49%
175,Jeje Noval,"Redlands, CA",820,2:21:38,10:49,F 40-44/11,F-43,72,2:22:36,49.04%
176,Veronica Bagley,"Yucaipa, CA",636,2:21:42,10:49,F 30-34/15,F-32,73,2:22:02,46.58%
177,Jennifer Waldie,"Phelan, CA",957,2:22:07,10:51,F 40-44/12,F-40,74,2:23:37,47.87%
178,Andrew Cho,"Colton, CA",1021,2:22:08,10:51,M 70-74/3,M-71,104,2:22:46,57.45%
179,Wayne Dysinger,"Loma Linda, CA",769,2:22:09,10:51,M 50-54/13,M-52,105,2:23:06,47.92%
180,Julio Moreno,"Chino Hills, CA",702,2:23:05,10:55,M 30-34/8,M-33,106,2:23:18,41.46%
181,Hamlet Manouchehri,"Riverside, CA",992,2:23:19,10:56,M 60-64/7,M-60,107,2:23:39,51.08%
182,Selena Hovey,"Redlands, CA",713,2:23:25,10:57,F 50-54/6,F-54,75,2:25:30,54.71%
183,Cathy Comilang,"Redlands, CA",639,2:24:23,11:01,F 30-34/16,F-30,76,2:25:06,45.61%
184,Margie Comilang,"Redlands, CA",638,2:24:26,11:02,F 30-34/17,F-30,77,2:25:05,45.60%
185,Roni Macias,"Loma Linda, CA",1200,2:24:30,11:02,F 25-29/15,F-25,78,2:25:04,45.56%
186,Atchara Piyawattananon,"San Bernardino, CA",527,2:24:38,11:02,F 25-29/16,F-26,79,2:24:38,45.52%
187,Katie Lam,"Redlands, CA",689,2:24:39,11:02,F 30-34/18,F-32,80,2:25:43,45.63%
188,Elizabeth Wright,"Loma Linda, CA",717,2:24:50,11:03,F 25-29/17,F-29,81,2:26:00,45.46%
189,Amy Cortez,"Highland, CA",799,2:24:55,11:04,F 35-39/10,F-39,82,2:25:30,46.68%
190,Joy Bradley,"Loma Linda, CA",889,2:25:02,11:04,F 45-49/6,F-47,83,2:25:13,49.67%
191,Bruce Bradley,"Loma Linda, CA",888,2:25:03,11:04,M 45-49/13,M-49,108,2:25:13,45.77%
192,Richard Aguirre,"Redlands, CA",831,2:25:30,11:06,M 30-34/9,M-34,109,2:26:53,40.86%
193,Jana Rivers,"Rialto, CA",1025,2:25:44,11:07,F 40-44/13,F-42,84,2:26:55,47.31%
194,Jane Gopez,"Moreno Valle, CA",652,2:25:47,11:08,F 35-39/11,F-36,85,2:27:09,45.76%
195,Myrna Moreno,"Whittier, CA",700,2:25:52,11:08,F 50-54/7,F-52,86,2:26:04,52.43%
196,Esmerelda Guerrero,"Loma Linda, CA",640,2:26:41,11:12,F 25-29/18,F-27,87,2:26:45,44.89%
197,Kristy Wilkinson,"Fallbrook, CA",942,2:26:51,11:13,F 18-24/14,F-23,88,2:26:55,44.84%
198,Antonio Pena,"Victorville, CA",791,2:27:28,11:15,M 50-54/14,M-50,110,2:28:05,45.41%
199,Pedro Ochoa,"Riverside, CA",836,2:27:34,11:16,M 35-39/16,M-38,111,2:28:26,41.16%
200,Jose Kadry,"Redlands, CA",657,2:27:36,11:16,M 30-34/10,M-33,112,2:28:23,40.19%
