Bib,Name,Gender,Age,Hometown,Overall,Men,M 50-59,Age/Grade,Finish,Chip Time,Gun Time
68,Kevin Kyle,M,51,", ",1 out of 144,1 out of 85,1 out of 26, 77.84% Place: 1,19:09 Pace: 6:10,19:07,19:09
106,Timothy Staab,M,48,", ",2 out of 144,2 out of 85,1 out of 30, 72.34% Place: 3,20:05 Pace: 6:28,20:05,20:06
29,Kenneth Canfield,M,36,", ",3 out of 144,3 out of 85,1 out of 7, 65.35% Place: 13,20:19 Pace: 6:33,20:19,20:23
13,Michael Abel,M,43,", ",4 out of 144,4 out of 85,2 out of 30, 68.19% Place: 6,20:30 Pace: 6:36,20:30,20:34
83,Luke Olsen,M,17,", ",5 out of 144,5 out of 85,1 out of 9, 65.38% Place: 12,20:40 Pace: 6:39,20:40,20:42
57,Ryan Ireland,M,16,", ",6 out of 144,6 out of 85,2 out of 9, 66.34% Place: 8,20:40 Pace: 6:40,20:40,20:41
201,Haley Petersen,F,16,"GOLETA, CA",7 out of 144,1 out of 59,1 out of 6, 72.68% Place: 2,21:04 Pace: 6:47,21:04,21:04
93,Elijah Rhoad,M,15,", ",8 out of 144,7 out of 85,3 out of 9, 65.64% Place: 11,21:13 Pace: 6:50,21:13,21:15
184,marc parent,M,47,"San Diego, CA",9 out of 144,8 out of 85,3 out of 30, 65.80% Place: 10,21:54 Pace: 7:03,21:54,21:58
104,Johan Simon,M,58,", ",10 out of 144,9 out of 85,2 out of 26, 71.94% Place: 4,21:56 Pace: 7:04,21:56,21:56
98,Charles Sams,M,50,", ",11 out of 144,10 out of 85,3 out of 26, 66.34% Place: 9,22:15 Pace: 7:10,22:15,22:19
111,Zachary Thomas,M,15,", ",12 out of 144,11 out of 85,4 out of 9, 61.99% Place: 20,22:28 Pace: 7:14,22:28,22:31
54,Bart Hinkle,M,35,", ",13 out of 144,12 out of 85,2 out of 7, 57.07% Place: 32,23:07 Pace: 7:27,23:07,23:10
147,Stephen Colantonio,M,49,", ",14 out of 144,13 out of 85,4 out of 30, 62.67% Place: 19,23:21 Pace: 7:31,23:21,23:27
60,Shea Johnson,F,38,", ",15 out of 144,2 out of 59,1 out of 6, 64.81% Place: 15,23:22 Pace: 7:31,23:22,23:24
161,Michael Rodriguez,M,50,", ",16 out of 144,14 out of 85,4 out of 26, 61.63% Place: 21,23:57 Pace: 7:43,23:57,24:05
99,Tony Sams,M,21,", ",17 out of 144,15 out of 85,1 out of 4, 53.73% Place: 49,24:07 Pace: 7:46,24:07,24:12
82,Charles Noffsinger,M,44,", ",18 out of 144,16 out of 85,5 out of 30, 58.29% Place: 28,24:09 Pace: 7:47,24:09,24:24
80,James Morris,M,45,", ",19 out of 144,17 out of 85,6 out of 30, 58.41% Place: 27,24:18 Pace: 7:50,24:18,24:25
50,Gina Haynes,F,51,", ",20 out of 144,3 out of 59,1 out of 17, 69.39% Place: 5,24:28 Pace: 7:53,24:28,24:30
177,Scott McLean,M,50,", ",21 out of 144,18 out of 85,5 out of 26, 59.72% Place: 24,24:43 Pace: 7:58,24:43,24:45
33,Patrick Davis,M,55,", ",22 out of 144,19 out of 85,6 out of 26, 61.30% Place: 22,25:05 Pace: 8:05,25:05,25:10
186,Nathalie Cote,F,47,"Rialto, CA",23 out of 144,4 out of 59,1 out of 21, 64.63% Place: 17,25:05 Pace: 8:05,25:05,25:10
24,John Bruce,M,49,", ",24 out of 144,20 out of 85,7 out of 30, 58.22% Place: 29,25:09 Pace: 8:06,25:09,25:14
203,Kelly Collyar,F,38,"NORMAN, OK",25 out of 144,5 out of 59,2 out of 6, 59.54% Place: 25,25:26 Pace: 8:11,25:26,25:26
62,Mary Kapp,F,50,", ",26 out of 144,6 out of 59,2 out of 17, 64.86% Place: 14,25:52 Pace: 8:20,25:52,26:11
30,Joseph Conger,M,33,", ",27 out of 144,21 out of 85,3 out of 7, 50.42% Place: 70,25:54 Pace: 8:20,25:54,26:03
11,Tom Reynolds,M,40,", ",28 out of 144,22 out of 85,8 out of 30, 52.70% Place: 61,25:55 Pace: 8:21,25:55,26:02
182,JULIAN GONZALES,M,48,"CORONA, CA",29 out of 144,23 out of 85,9 out of 30, 56.05% Place: 35,25:55 Pace: 8:21,25:55,26:11
153,Adab Tejada,M,49,", ",30 out of 144,24 out of 85,10 out of 30, 56.39% Place: 33,25:58 Pace: 8:22,25:58,26:11
43,Tim George,M,55,", ",31 out of 144,25 out of 85,7 out of 26, 59.06% Place: 26,26:02 Pace: 8:23,26:02,26:02
202,Diana Bishop,F,50,"SANTA CLARA, CA",32 out of 144,7 out of 59,3 out of 17, 63.31% Place: 18,26:29 Pace: 8:32,26:29,26:29
31,Amy Conrad,F,33,", ",33 out of 144,8 out of 59,3 out of 6, 55.99% Place: 36,26:34 Pace: 8:33,26:34,26:38
183,Laura Connell,F,29,"Orlando, FL",34 out of 144,9 out of 59,1 out of 2, 55.74% Place: 38,26:34 Pace: 8:33,26:34,26:40
72,Colleen Levesque,F,45,", ",35 out of 144,10 out of 59,2 out of 21, 59.79% Place: 23,26:35 Pace: 8:34,26:35,26:52
113,Mitch Thompson,M,41,", ",36 out of 144,26 out of 85,11 out of 30, 51.76% Place: 63,26:35 Pace: 8:34,26:35,26:40
137,Marsha Lau,F,30,", ",37 out of 144,11 out of 59,4 out of 6, 55.64% Place: 39,26:37 Pace: 8:34,26:37,26:40
86,Bruce Pijanowski,M,45,", ",38 out of 144,27 out of 85,12 out of 30, 53.32% Place: 51,26:37 Pace: 8:34,26:37,26:48
85,Bill Peters,M,45,", ",39 out of 144,28 out of 85,13 out of 30, 53.25% Place: 54,26:39 Pace: 8:35,26:39,26:50
188,Patrick Archbald,M,51,"Williamsburg, MA",40 out of 144,29 out of 85,8 out of 26, 55.78% Place: 37,26:40 Pace: 8:35,26:40,27:01
174,Nathan Blake,M,14,", ",41 out of 144,30 out of 85,5 out of 9, 53.22% Place: 55,26:40 Pace: 8:35,26:40,26:50
107,Barbara Sturnick,F,53,", ",42 out of 144,12 out of 59,4 out of 17, 64.79% Place: 16,26:54 Pace: 8:40,26:54,26:58
32,Tony Cusimano,M,48,", ",43 out of 144,31 out of 85,14 out of 30, 53.73% Place: 50,27:02 Pace: 8:43,27:02,27:14
67,Anthony Kramer,M,47,", ",44 out of 144,32 out of 85,15 out of 30, 52.97% Place: 58,27:12 Pace: 8:46,27:12,27:24
164,michael Rodriguez,M,13,", ",45 out of 144,33 out of 85,6 out of 9, 53.11% Place: 56,27:19 Pace: 8:48,27:19,27:25
52,Michael Hill,M,59,", ",46 out of 144,34 out of 85,9 out of 26, 58.21% Place: 30,27:20 Pace: 8:48,27:20,27:28
53,Ana Hinkle,F,34,", ",47 out of 144,13 out of 59,5 out of 6, 54.48% Place: 44,27:22 Pace: 8:49,27:22,27:29
148,Ron Stefanski,M,48,", ",48 out of 144,35 out of 85,16 out of 30, 53.01% Place: 57,27:24 Pace: 8:50,27:24,27:39
141,Monica Gallardo,F,40,", ",49 out of 144,14 out of 59,3 out of 21, 55.64% Place: 40,27:31 Pace: 8:52,27:31,27:46
185,John Connell,M,34,"Orlando, FL",50 out of 144,36 out of 85,4 out of 7, 47.70% Place: 81,27:31 Pace: 8:52,27:31,27:38
81,Benjamin Naish,M,48,", ",51 out of 144,37 out of 85,17 out of 30, 52.56% Place: 62,27:38 Pace: 8:54,27:38,27:44
92,Rick Reeves,M,55,", ",52 out of 144,38 out of 85,10 out of 26, 55.51% Place: 41,27:42 Pace: 8:55,27:42,28:11
140,Robert Ward,M,35,", ",53 out of 144,39 out of 85,5 out of 7, 47.37% Place: 86,27:51 Pace: 8:58,27:51,28:07
180,Cindy Adams,F,44,", ",54 out of 144,15 out of 59,4 out of 21, 56.26% Place: 34,27:59 Pace: 9:01,27:59,28:11
149,Brad Stefanski,M,19,", ",55 out of 144,40 out of 85,7 out of 9, 46.83% Place: 89,28:10 Pace: 9:04,28:10,28:24
181,jody fanning,M,47,"Cottonwood, AZ",56 out of 144,41 out of 85,18 out of 30, 50.73% Place: 69,28:24 Pace: 9:09,28:24,28:37
170,Shaun Short,M,47,", ",57 out of 144,42 out of 85,19 out of 30, 50.26% Place: 72,28:40 Pace: 9:14,28:40,28:57
47,Ronald Hampton,M,41,", ",58 out of 144,43 out of 85,20 out of 30, 47.63% Place: 82,28:53 Pace: 9:18,28:53,29:03
61,Janice Jones,F,44,", ",59 out of 144,16 out of 59,5 out of 21, 54.41% Place: 46,28:56 Pace: 9:19,28:56,29:14
48,Tracy Hampton,F,43,", ",60 out of 144,17 out of 59,6 out of 21, 53.82% Place: 48,29:02 Pace: 9:21,29:02,29:02
64,David Kimmerly,M,56,", ",61 out of 144,44 out of 85,11 out of 26, 53.30% Place: 53,29:06 Pace: 9:22,29:06,29:19
133,Neil Macias,M,16,", ",62 out of 144,45 out of 85,8 out of 9, 47.03% Place: 87,29:09 Pace: 9:23,29:09,29:23
101,Irene Schoenbaechler,F,45,", ",63 out of 144,18 out of 59,7 out of 21, 54.43% Place: 45,29:12 Pace: 9:24,29:12,29:24
118,Ken Truver,M,46,", ",64 out of 144,46 out of 85,21 out of 30, 48.67% Place: 76,29:22 Pace: 9:28,29:22,29:30
166,Carolyn Smith,F,62,", ",65 out of 144,19 out of 59,1 out of 4, 66.99% Place: 7,29:24 Pace: 9:28,29:24,29:24
39,Terry Foulke,M,62,", ",66 out of 144,47 out of 85,1 out of 7, 55.50% Place: 42,29:25 Pace: 9:29,29:25,29:31
88,Leonard Purvis,M,42,", ",67 out of 144,48 out of 85,22 out of 30, 47.00% Place: 88,29:29 Pace: 9:30,29:29,29:40
76,Annmarie Micklitz,F,45,", ",68 out of 144,20 out of 59,8 out of 21, 53.30% Place: 52,29:49 Pace: 9:36,29:49,29:58
160,Karl Wochermayr,M,51,", ",69 out of 144,49 out of 85,12 out of 26, 49.69% Place: 73,29:56 Pace: 9:39,29:56,30:08
144,Forte Darryl,M,49,", ",70 out of 144,50 out of 85,23 out of 30, 48.64% Place: 77,30:06 Pace: 9:42,30:06,30:16
146,Randy Horne,M,55,", ",71 out of 144,51 out of 85,13 out of 26, 51.05% Place: 65,30:07 Pace: 9:42,30:07,30:19
71,Douglas Lennihan,M,64,", ",72 out of 144,52 out of 85,2 out of 7, 55.08% Place: 43,30:11 Pace: 9:43,30:11,30:25
189,DAVID GEORGE,M,44,"CANOGA PARK, CA",73 out of 144,53 out of 85,24 out of 30, 46.35% Place: 92,30:22 Pace: 9:47,30:22,30:48
25,Celina Bryant,F,47,", ",74 out of 144,21 out of 59,9 out of 21, 52.74% Place: 60,30:44 Pace: 9:54,30:44,30:53
75,Deborah McDonald,F,50,", ",75 out of 144,22 out of 59,5 out of 17, 54.32% Place: 47,30:53 Pace: 9:57,30:53,31:02
36,Greg Ferrell,M,58,", ",76 out of 144,54 out of 85,14 out of 26, 51.00% Place: 67,30:56 Pace: 9:58,30:56,31:11
150,Drew Pitman,M,21,", ",77 out of 144,55 out of 85,2 out of 4, 41.86% Place: 101,30:57 Pace: 9:58,30:57,31:00
34,Timothy Edwards,M,44,", ",78 out of 144,56 out of 85,25 out of 30, 45.01% Place: 95,31:16 Pace: 10:04,31:16,31:36
163,Scarlett Rodriguez,F,17,", ",79 out of 144,23 out of 59,2 out of 6, 48.35% Place: 80,31:17 Pace: 10:04,31:17,31:23
21,Patricia Benavidez,F,56,", ",80 out of 144,24 out of 59,6 out of 17, 57.64% Place: 31,31:25 Pace: 10:07,31:25,31:32
145,Forte Lori,F,46,", ",81 out of 144,25 out of 59,10 out of 21, 51.01% Place: 66,31:27 Pace: 10:08,31:27,31:37
151,Larsson Doug,M,59,", ",82 out of 144,57 out of 85,15 out of 26, 50.40% Place: 71,31:34 Pace: 10:10,31:34,31:53
131,Robert Macias,M,52,", ",83 out of 144,58 out of 85,16 out of 26, 47.44% Place: 85,31:36 Pace: 10:10,31:36,31:56
134,Nancy Limon,F,31,", ",84 out of 144,26 out of 59,6 out of 6, 46.57% Place: 91,31:50 Pace: 10:15,31:50,31:59
42,Vincent Gaughan,M,0,", ",85 out of 144,59 out of 85,1 out of 1,31:51 Pace: 10:15,31:51,32:10
154,Tarique Ghaffur,M,56,", ",86 out of 144,60 out of 85,17 out of 26, 48.41% Place: 78,32:02 Pace: 10:19,32:02,32:13
158,Marg Strain,F,51,", ",87 out of 144,27 out of 59,7 out of 17, 52.86% Place: 59,32:07 Pace: 10:21,32:07,32:31
165,Christian Rodriguez,M,9,", ",88 out of 144,61 out of 85,1 out of 1, 50.80% Place: 68,32:12 Pace: 10:22,32:12,32:19
56,Paul Ireland,M,57,", ",89 out of 144,62 out of 85,18 out of 26, 48.40% Place: 79,32:19 Pace: 10:24,32:19,32:21
162,Claudia Rodriguez,f,41,", ",90 out of 144,28 out of 59,11 out of 21, 46.64% Place: 90,33:00 Pace: 10:38,33:00,33:07
110,Kim Tejada,F,44,", ",91 out of 144,29 out of 59,12 out of 21, 47.48% Place: 84,33:09 Pace: 10:40,33:09,33:28
152,Jana Smiejczak,F,47,", ",92 out of 144,30 out of 59,13 out of 21, 47.55% Place: 83,34:05 Pace: 10:59,34:05,34:18
139,Martin Garcia,M,29,", ",93 out of 144,63 out of 85,3 out of 4, 36.92% Place: 123,35:00 Pace: 11:16,35:00,35:22
20,Michelle Bean,M,43,", ",94 out of 144,64 out of 85,26 out of 30, 39.77% Place: 108,35:08 Pace: 11:19,35:08,35:28
19,Gregory Bean,M,44,", ",95 out of 144,65 out of 85,27 out of 30, 40.06% Place: 107,35:08 Pace: 11:19,35:08,35:28
176,Emily Blake,F,8,", ",96 out of 144,31 out of 59,1 out of 3, 51.27% Place: 64,35:21 Pace: 11:23,35:21,35:38
59,Sherry Ireland,F,54,", ",97 out of 144,32 out of 59,8 out of 17, 49.53% Place: 74,35:37 Pace: 11:28,35:37,35:44
124,Maggie Walters,F,12,", ",98 out of 144,33 out of 59,2 out of 3, 45.63% Place: 93,35:42 Pace: 11:30,35:42,35:56
122,James Walters,M,51,", ",99 out of 144,66 out of 85,19 out of 26, 41.47% Place: 104,35:52 Pace: 11:33,35:52,36:05
40,Mary Gamboa,F,40,", ",100 out of 144,34 out of 59,14 out of 21, 42.58% Place: 99,35:57 Pace: 11:35,35:57,36:15
171,Katie Blake,F,9,", ",101 out of 144,35 out of 59,3 out of 3, 48.80% Place: 75,35:59 Pace: 11:35,35:59,36:16
102,Ashley Schulte,F,22,", ",102 out of 144,36 out of 59,2 out of 2, 41.13% Place: 105,36:00 Pace: 11:36,36:00,36:09
168,Penny Kramer,F,44,", ",103 out of 144,37 out of 59,15 out of 21, 42.73% Place: 97,36:50 Pace: 11:52,36:50,37:02
173,Maggie Blake,F,14,", ",104 out of 144,38 out of 59,3 out of 6, 41.69% Place: 103,37:43 Pace: 12:09,37:43,38:01
175,Rodney Blake,M,43,", ",105 out of 144,67 out of 85,28 out of 30, 37.05% Place: 120,37:43 Pace: 12:09,37:43,38:01
123,Jessica Walters,F,19,", ",106 out of 144,39 out of 59,4 out of 6, 38.89% Place: 113,38:12 Pace: 12:18,38:12,38:32
22,James Bennettjr,M,62,", ",107 out of 144,68 out of 85,3 out of 7, 42.58% Place: 98,38:20 Pace: 12:21,38:20,38:35
109,Michael Tardi,M,53,", ",108 out of 144,69 out of 85,20 out of 26, 38.99% Place: 112,38:47 Pace: 12:29,38:47,38:55
128,Warren Zerr,M,53,", ",109 out of 144,70 out of 85,21 out of 26, 38.19% Place: 117,39:36 Pace: 12:45,39:36,40:04
129,John Luna,M,49,", ",110 out of 144,71 out of 85,29 out of 30, 36.77% Place: 124,39:49 Pace: 12:49,39:49,40:18
12,Lisa Shahade,F,50,", ",111 out of 144,40 out of 59,9 out of 17, 41.69% Place: 102,40:14 Pace: 12:57,40:14,40:17
95,Hannah Rhoad,F,19,", ",112 out of 144,41 out of 59,5 out of 6, 36.92% Place: 122,40:14 Pace: 12:57,40:14,40:42
94,Emily Rhoad,F,44,", ",113 out of 144,42 out of 59,16 out of 21, 39.11% Place: 111,40:15 Pace: 12:57,40:15,40:43
37,Linda Flores,M,53,", ",114 out of 144,72 out of 85,22 out of 26, 37.53% Place: 118,40:18 Pace: 12:59,40:18,40:37
63,Carol Kimmerly,F,55,", ",115 out of 144,43 out of 59,10 out of 17, 44.30% Place: 96,40:21 Pace: 13:00,40:21,40:41
125,Roxana Walters,F,47,", ",116 out of 144,44 out of 59,17 out of 21, 39.71% Place: 109,40:49 Pace: 13:09,40:49,41:09
51,Marcia Hill,F,58,", ",117 out of 144,45 out of 59,11 out of 17, 45.46% Place: 94,40:56 Pace: 13:11,40:56,41:07
172,Jennifer Blake,F,41,", ",118 out of 144,46 out of 59,18 out of 21, 37.13% Place: 119,41:27 Pace: 13:21,41:27,41:45
45,Elizabeth Griffin,F,43,", ",119 out of 144,47 out of 59,19 out of 21, 37.02% Place: 121,42:12 Pace: 13:35,42:12,42:52
58,Sean Ireland,M,18,", ",120 out of 144,73 out of 85,9 out of 9, 31.50% Place: 137,42:21 Pace: 13:38,42:21,42:24
167,Tami George,F,53,", ",121 out of 144,48 out of 59,12 out of 17, 40.71% Place: 106,42:48 Pace: 13:47,42:48,43:15
69,Tara Kyle,F,50,", ",122 out of 144,49 out of 59,13 out of 17, 38.83% Place: 114,43:12 Pace: 13:55,43:12,43:27
187,Timothy OConnell,M,55,"Laurel, MT",123 out of 144,74 out of 85,23 out of 26, 34.40% Place: 126,44:41 Pace: 14:23,44:41,45:03
108,Carol Tardi,F,53,", ",124 out of 144,50 out of 59,14 out of 17, 38.42% Place: 116,45:21 Pace: 14:36,45:21,45:30
179,Jamie Stormes,F,17,", ",125 out of 144,51 out of 59,6 out of 6, 32.46% Place: 134,46:35 Pace: 15:00,46:35,46:51
178,Jim Stormes,M,52,", ",126 out of 144,75 out of 85,24 out of 26, 32.18% Place: 135,46:35 Pace: 15:00,46:35,46:52
70,Rocky Lapomardo,M,61,", ",127 out of 144,76 out of 85,4 out of 7, 34.48% Place: 125,46:57 Pace: 15:07,46:57,47:14
115,Kirk Trate,M,61,", ",128 out of 144,77 out of 85,5 out of 7, 33.93% Place: 128,47:43 Pace: 15:22,47:43,48:09
73,Jeffrey Magers,M,58,", ",129 out of 144,78 out of 85,25 out of 26, 33.05% Place: 132,47:43 Pace: 15:22,47:43,48:09
78,Ed Monnier,M,49,", ",130 out of 144,79 out of 85,30 out of 30, 30.57% Place: 139,47:53 Pace: 15:25,47:53,48:08
77,Billy Monnier,M,22,", ",131 out of 144,80 out of 85,4 out of 4, 26.95% Place: 141,47:53 Pace: 15:25,47:53,48:09
169,Sharon Mendez,F,46,", ",132 out of 144,52 out of 59,20 out of 21, 32.71% Place: 133,49:02 Pace: 15:47,49:02,49:28
156,Terry Lucas,M,65,", ",133 out of 144,81 out of 85,6 out of 7, 34.02% Place: 127,49:18 Pace: 15:52,49:18,49:37
157,Judy Lucas,F,66,", ",134 out of 144,53 out of 59,2 out of 4, 42.41% Place: 100,49:18 Pace: 15:53,49:18,49:37
136,Robert Ellis,M,30,", ",135 out of 144,82 out of 85,6 out of 7, 25.94% Place: 142,49:52 Pace: 16:03,49:52,50:19
89,Debbie Raia,F,51,", ",136 out of 144,54 out of 59,15 out of 17, 33.82% Place: 129,50:11 Pace: 16:10,50:11,50:25
91,Cindy Reed,F,62,", ",137 out of 144,55 out of 59,3 out of 4, 39.21% Place: 110,50:13 Pace: 16:10,50:13,50:25
23,Mary Benson,F,61,", ",138 out of 144,56 out of 59,4 out of 4, 38.49% Place: 115,50:25 Pace: 16:14,50:25,50:40
90,Matt Raia,M,61,", ",139 out of 144,83 out of 85,7 out of 7, 32.08% Place: 136,50:28 Pace: 16:15,50:28,50:40
97,James Ryba,M,57,", ",140 out of 144,84 out of 85,26 out of 26, 30.71% Place: 138,50:55 Pace: 16:24,50:55,51:19
46,Beverly Hall,F,53,", ",141 out of 144,57 out of 59,16 out of 17, 33.35% Place: 131,52:14 Pace: 16:49,52:14,52:25
126,Carol Williams,F,54,", ",142 out of 144,58 out of 59,17 out of 17, 33.77% Place: 130,52:14 Pace: 16:49,52:14,52:25
132,Laura Macias,F,44,", ",143 out of 144,59 out of 59,21 out of 21, 29.21% Place: 140,53:53 Pace: 17:21,53:53,54:20
138,Juan Tejada,M,31,", ",144 out of 144,85 out of 85,7 out of 7, 24.06% Place: 143,53:54 Pace: 17:21,53:54,54:20
