Bib,Name,Gender,Age,Hometown,Overall,Men,M 35-39,Age/Grade,Finish,Chip Time,Gun Time,5 Km,7.9 Mi
3601,Nancy Aastrom,F,42,"Montclair, CA",4865 out of 4868,2364 out of 2366,180 out of 180, 28.00% Place: 4850,4:06:10 Pace: 18:47,4:06:10,4:07:53,53:20 Pace: 17:10,2:19:15 Pace: 17:38
4364,Tony Montanez,M,35,"Chino, CA",4866 out of 4868,2502 out of 2502,148 out of 148, 24.05% Place: 4863,4:08:07 Pace: 18:56,4:08:07,4:09:49,53:19 Pace: 17:10,2:19:10 Pace: 17:37
3720,Gena Broberg,F,38,"Chino Hills, CA",4867 out of 4868,2365 out of 2366,164 out of 164, 27.11% Place: 4858,4:08:14 Pace: 18:57,4:08:14,4:09:55,53:22 Pace: 17:11,2:19:18 Pace: 17:38
3813,Deborah Cole,F,54,"Ontario, CA",4868 out of 4868,2366 out of 2366,109 out of 109, 31.32% Place: 4780,4:10:29 Pace: 19:07,4:10:29,4:10:45,49:58 Pace: 16:05,2:18:43 Pace: 17:34
