Place,Name,Location,Bib,Net Time,Pace,Division/Place,Sex-Age,Sex-Place,Gun Time,Age Grade
1,Carlos Handler,"Pomona, CA",1084,1:10:13,5:22,M 25-29/0,M-27,1,1:10:13,84.39%
2,Jacob Ainsworth,"San Diego, CA",1067,1:13:36,5:37,M 20-24/0,M-22,2,1:13:36,80.56%
3,Danny Arteaga,"Chino Hills, CA",297,1:15:00,5:44,M 45-49/0,M-47,3,1:15:00,87.08%
4,Matt Rainwater,"Brea, CA",755,1:16:33,5:51,M 25-29/1,M-28,4,1:16:35,77.37%
5,Carly Harris,"Long Beach, CA",1066,1:17:38,5:56,F 20-24/0,F-22,1,1:17:38,84.84%
6,Jared Hixon,"Palmdale, CA",161,1:17:54,5:57,M 16-19/1,M-16,5,1:17:56,81.13%
7,Matt Okiishi,"Whittier, CA",531,1:19:30,6:04,M 16-19/2,M-17,6,1:19:32,78.32%
8,Antony Aguila,"Pasadena, CA",288,1:20:00,6:07,M 30-34/1,M-34,7,1:20:04,74.33%
9,William Peery,"Chino Hills, CA",812,1:21:10,6:12,M 40-44/1,M-43,8,1:21:11,77.86%
10,Glimber Ayala,"Santa Ana, CA",232,1:26:10,6:35,M 25-29/2,M-28,9,1:26:14,68.74%
11,William Korthof,"Pomona, CA",1094,1:26:11,6:35,M 30-34/2,M-31,10,1:26:16,68.72%
12,Bernie Reyes,"West Covina, CA",1062,1:26:27,6:36,M 35-39/1,M-36,11,1:26:32,69.36%
13,Pedro Villagran,"Simi Valley, CA",200,1:26:38,6:37,M 40-44/2,M-40,12,1:26:39,71.21%
14,Whitney Tawney,"Rancho Cucamonga, CA",1022,1:27:09,6:39,F 20-24/0,F-24,2,1:27:09,75.60%
15,John McGuinness,"Valley Village, CA",1078,1:27:49,6:42,M 35-39/2,M-36,13,1:27:54,68.28%
16,Hector Huerta,"Los Angeles, CA",1051,1:28:19,6:45,M 40-44/3,M-40,14,1:28:21,69.86%
17,Brian Hrybyk,"Santa Monica, CA",713,1:28:46,6:47,M 25-29/3,M-27,15,1:28:56,66.72%
18,Louis McCray,"San Diego, CA",495,1:28:56,6:48,M 35-39/3,M-35,16,1:29:23,67.10%
19,Julio Lopez,"Pacoima, CA",1054,1:29:09,6:48,M 40-44/4,M-44,17,1:29:10,71.47%
20,Norm Smith,"Oceanside, CA",602,1:29:28,6:50,M 35-39/4,M-37,18,1:29:30,67.41%
21,Hiroshi Nakagawa,"Irvine, CA",522,1:29:28,6:50,M 35-39/5,M-38,19,1:29:33,67.90%
22,Gary Elmer,"San Diego, CA",1088,1:31:09,6:58,M 50-54/1,M-52,20,1:31:12,74.74%
23,Jerry Knox,"Chino Hills, CA",450,1:31:20,6:59,M 40-44/5,M-40,21,1:31:26,67.55%
24,Eddie Speirs,"Rosamond, CA",274,1:31:53,7:01,M 30-34/3,M-30,22,1:31:59,64.46%
25,Ryan McCann,"Chino Hills, CA",837,1:32:02,7:02,M 20-24/1,M-22,23,1:32:24,64.39%
26,Ayele Hezkeal,"Cerritos, CA",1031,1:32:31,7:04,M 35-39/6,M-39,24,1:32:36,66.16%
27,Christopher Zurbuch,"Pomona, CA",659,1:33:01,7:06,M 35-39/7,M-37,25,1:33:06,64.84%
28,Lindsay McKinley,"La Mirada, CA",738,1:33:19,7:08,M 45-49/1,M-47,26,1:33:22,69.97%
29,Gary Ward,"Hacienda Heights, CA",638,1:33:20,7:08,M 40-44/6,M-44,27,1:33:31,68.26%
30,Pascual Camacho,"Montebello, CA",1052,1:33:38,7:09,M 35-39/8,M-38,28,1:33:40,64.87%
31,Arnie Aguila,"Pasadena, CA",115,1:33:55,7:10,M 30-34/4,M-33,29,1:34:00,63.17%
32,Andre Boulais,"Irvine, CA",1010,1:34:19,7:12,M 45-49/2,M-47,30,1:34:23,69.23%
33,Sergey Lototsky,"Long Beach, CA",477,1:34:32,7:13,M 40-44/7,M-40,31,1:34:35,65.26%
34,Nicholas Brezovar,"Redlands, CA",104,1:34:55,7:15,M 30-34/5,M-31,32,1:34:58,62.40%
35,Tim Hickok,"Signal Hill, CA",907,1:35:09,7:16,M 40-44/8,M-44,33,1:35:14,66.96%
36,Gavin McKiernan,"Long Beach, CA",1087,1:35:25,7:17,M 35-39/9,M-35,34,1:35:37,62.54%
37,Karen Wester,"Alta Loma, CA",642,1:35:25,7:17,F 30-34/0,F-34,3,1:35:25,69.67%
38,Manuel Suarez`,"Pico Rivera, CA",611,1:35:36,7:18,M 55-59/1,M-58,35,1:35:38,75.17%
39,Lionel Chinchilla,"Long Beach, CA",191,1:35:37,7:18,M 40-44/9,M-40,36,1:35:55,64.52%
40,Dan Partelow,"Manhattan Beach, CA",750,1:35:45,7:19,M 45-49/3,M-48,37,1:36:06,68.77%
41,Bruce Guter,"Fullerton, CA",827,1:36:58,7:24,M 55-59/2,M-55,38,1:37:01,72.13%
42,Adam Parga,"Pomona, CA",746,1:37:01,7:24,M 16-19/3,M-17,39,1:37:14,64.18%
43,Katy Koob,"Santa Monica, CA",187,1:37:16,7:26,F 25-29/1,F-25,4,1:37:26,67.69%
44,Geoffrey Raya,"Alta Loma, CA",559,1:37:19,7:26,M 35-39/10,M-39,40,1:37:50,62.90%
45,Robby Boyd,"Encinitas, CA",671,1:37:21,7:26,M 40-44/10,M-43,41,1:37:39,64.91%
46,Jon Hansen,"Irvine, CA",411,1:37:21,7:26,M 30-34/6,M-31,42,1:37:53,60.84%
47,Jordan Miles,"Los Angeles, CA",11,1:37:26,7:26,M 20-24/2,M-22,43,1:38:14,60.82%
48,Matt Tawney,"Fontana, CA",615,1:37:27,7:26,M 35-39/11,M-35,44,1:37:41,61.24%
49,Kari Redman,"La Verne, CA",562,1:37:35,7:27,F 35-39/1,F-39,5,1:37:58,69.85%
50,Lauren Infusino,"San Diego, CA",431,1:37:37,7:27,F 16-19/1,F-19,6,1:38:08,67.83%
51,Guy Favatella,"La Verne, CA",1035,1:37:37,7:27,M 50-54/2,M-51,45,1:37:40,69.19%
52,Caitlin Stark,"Brea, CA",775,1:38:20,7:30,F 16-19/2,F-17,7,1:38:25,69.01%
53,Luis Alvarado,"Whittier, CA",284,1:38:28,7:31,M 35-39/12,M-36,46,1:38:45,60.89%
54,Epifanio Lozano,"Ontario, CA",1013,1:38:31,7:31,M 40-44/11,M-43,47,1:38:45,64.15%
55,Arash Kharestan,"Los Angeles, CA",445,1:38:36,7:32,M 35-39/13,M-39,48,1:38:42,62.08%
56,Albert Mendoza,"San Bernardino, CA",123,1:38:48,7:33,M 20-24/3,M-21,49,1:39:16,60.20%
57,William Truax,"Glendale, CA",1028,1:38:59,7:33,M 55-59/3,M-56,50,1:39:03,71.30%
58,Randy Mathes,"Garden Grove, CA",737,1:39:17,7:35,M 40-44/12,M-41,51,1:39:52,62.64%
59,Frank Urrea,"Quail Valley, CA",847,1:39:36,7:36,M 45-49/4,M-47,52,1:39:40,65.56%
60,Graciano Penaflor,"San Diego, CA",231,1:40:15,7:39,M 35-39/14,M-36,53,1:40:39,59.81%
61,Donald Sevesind,"Covina, CA",1029,1:40:28,7:40,M 35-39/15,M-35,54,1:40:42,59.40%
62,Barbara Mezaki,"Alta Loma, CA",506,1:40:28,7:40,F 45-49/1,F-46,8,1:40:36,72.62%
63,Tim Stark,"Chino Hills, CA",776,1:40:35,7:41,M 40-44/13,M-43,55,1:42:02,62.83%
64,Brian Sherman,"Corona, CA",846,1:40:40,7:41,M 35-39/16,M-35,56,1:42:08,59.28%
65,Juan Galindo,"Montclair, CA",1043,1:40:57,7:42,M 35-39/17,M-39,57,1:41:48,60.63%
66,Robin Lee Wilhelm,"Cerritos, CA",793,1:41:19,7:44,F 45-49/2,F-49,9,1:41:37,74.73%
67,Juan Moreno,"Highland Park, CA",742,1:41:39,7:46,M 40-44/14,M-44,58,1:41:57,62.68%
68,Henry Olivas,"Monrovia, CA",811,1:41:41,7:46,M 45-49/5,M-47,59,1:41:49,64.21%
69,Maura Musgrove,"Upland, CA",1058,1:41:44,7:46,F 35-39/2,F-36,10,1:41:56,65.82%
70,Scott Hysler,"Mission Viejo, CA",279,1:41:53,7:47,M 45-49/6,M-47,60,1:41:55,64.09%
71,Steve Wright,"Fullerton, CA",650,1:41:56,7:47,M 55-59/4,M-58,61,1:42:11,70.49%
72,Robert Brown,"San Gabriel, CA",121,1:42:27,7:49,M 60-64/1,M-64,62,1:42:34,74.23%
73,Alex Chiu,"Los Angeles, CA",335,1:42:27,7:49,M 16-19/4,M-19,63,1:42:43,59.16%
74,Julian Valencia,"La Quinta, CA",784,1:42:33,7:50,M 20-24/4,M-23,64,1:42:56,57.75%
75,Ronald Castillo,"Chino Hills, CA",1083,1:42:42,7:51,M 45-49/7,M-48,65,1:42:46,64.11%
76,Gus Rodriguez,"La Verne, CA",575,1:42:44,7:51,M 40-44/15,M-44,66,1:43:08,62.02%
77,Deo Jaravata,"Granada Hills, CA",718,1:42:45,7:51,M 40-44/16,M-44,67,1:43:02,62.01%
78,Kevin Murphy,"Long Beach, CA",518,1:43:07,7:52,M 35-39/18,M-37,68,1:43:20,58.49%
79,Alan Bennett,"Chino Hills, CA",665,1:43:08,7:53,M 45-49/8,M-48,69,1:43:19,63.84%
80,Gerren Silva,"Vista, CA",595,1:43:09,7:53,M 30-34/7,M-30,70,1:43:50,57.42%
81,Melvin Mendoza,"Chino Hills, CA",204,1:43:11,7:53,M 35-39/19,M-35,71,1:43:21,57.84%
82,Jack Bible,"Rancho Cucamonga, CA",669,1:43:16,7:53,M 35-39/20,M-38,72,1:43:29,58.82%
83,Jovie Hough,"Arcadia, CA",427,1:43:31,7:54,F 40-44/1,F-41,11,1:43:58,66.86%
84,Christopher Kline,"Upland, CA",449,1:43:33,7:54,M 40-44/17,M-43,73,1:43:39,61.03%
85,Paul Liu,"Tustin, CA",131,1:43:49,7:56,M 40-44/18,M-43,74,1:43:52,60.87%
86,Nadia Pasillas,"Calabasas, CA",262,1:43:49,7:56,F 25-29/2,F-25,12,1:44:03,63.42%
87,Daniel Cox,"San Diego, CA",269,1:43:55,7:56,M 30-34/8,M-31,75,1:44:05,56.99%
88,Vince Rosiles,"Los Angeles, CA",763,1:44:00,7:56,M 50-54/3,M-53,76,1:44:43,66.08%
89,Greg Serrato,"Ontario, CA",157,1:44:24,7:58,M 50-54/4,M-52,77,1:44:26,65.26%
90,Tyler Okamoto,"Glendora, CA",242,1:44:26,7:58,M 25-29/4,M-28,78,1:44:57,56.71%
91,Adrian Parga,"Pomona, CA",747,1:44:27,7:58,M 45-49/9,M-45,79,1:44:41,61.49%
92,Antonio Vital,"Los Angeles, CA",1032,1:44:27,7:59,M 35-39/21,M-38,80,1:45:53,58.15%
93,Michael Wagner,"Monrovia, CA",635,1:44:31,7:59,M 50-54/5,M-53,81,1:44:35,65.76%
94,Allen Smith,"Sun Valley, CA",598,1:44:34,7:59,M 50-54/6,M-51,82,1:44:50,64.59%
95,Tom Kenefick,"Riverside, CA",253,1:44:37,7:59,M 55-59/5,M-55,83,1:45:11,66.86%
96,Linda Hodgson,"San Dimas, CA",193,1:44:50,8:00,F 55-59/1,F-55,13,1:45:21,78.09%
97,Matthew Link,"Redondo Beach, CA",729,1:45:03,8:01,M 25-29/5,M-26,84,1:45:18,56.38%
98,Mario Arellano,"San Diego, CA",165,1:45:11,8:02,M 30-34/9,M-33,85,1:45:45,56.40%
99,Xavier Torres,"Alta Loma, CA",623,1:45:13,8:02,M 40-44/19,M-41,86,1:45:26,59.11%
100,Andrea Torng,"Rancho Palos Verdes, CA",1065,1:45:25,8:03,F 20-24/1,F-23,14,1:45:30,62.46%
101,Virginia Cain,"Chino Hills, CA",265,1:45:30,8:03,F 20-24/2,F-21,15,1:45:56,62.41%
102,Raul Herrera Jr,"Rancho Cucamonga, CA",420,1:45:31,8:03,M 45-49/10,M-49,87,1:45:47,62.92%
103,Evan Devane,"Huntington Beach, CA",361,1:45:31,8:03,M 16-19/5,M-18,88,1:46:32,58.21%
104,David Piper,"Los Angeles, CA",553,1:45:31,8:03,M 35-39/22,M-38,89,1:45:36,57.57%
105,Erik Mora,"Ladera Ranch, CA",144,1:45:34,8:04,M 30-34/10,M-34,90,1:46:12,56.32%
106,Carlo Pineda,"Montebello, CA",1082,1:45:39,8:04,M 35-39/23,M-35,91,1:46:44,56.48%
107,Stanley Lemelle,"Chino, CA",243,1:45:46,8:05,M 55-59/6,M-56,92,1:45:50,66.73%
108,Derek Martin,"Los Angeles, CA",733,1:46:01,8:06,M 25-29/6,M-25,93,1:47:04,55.86%
109,Bruce Ha,"Alhambra, CA",408,1:46:34,8:08,M 30-34/11,M-34,94,1:47:31,55.80%
110,William Fournier,"La Habra, CA",150,1:46:39,8:09,M 55-59/7,M-55,95,1:46:46,65.58%
111,Silas Boling,"Anaheim, CA",1020,1:46:40,8:09,M 20-24/5,M-23,96,1:47:52,55.52%
112,David Menefeelibey,"Claremont, CA",1053,1:46:49,8:09,M 50-54/7,M-51,97,1:47:09,63.23%
113,Julie Hardin,"Los Angeles, CA",412,1:46:51,8:09,F 45-49/3,F-46,16,1:46:57,68.28%
114,Tim Hartley,"Los Angeles, CA",415,1:47:14,8:11,M 35-39/24,M-37,98,1:48:48,56.24%
115,Raymond Valencia,"La Puente, CA",848,1:47:23,8:12,M 35-39/25,M-36,99,1:47:40,55.83%
116,Bernabe Contreras Jr,"Arcadia, CA",345,1:47:25,8:12,M 30-34/12,M-33,100,1:47:59,55.23%
117,Manuel Lazaro,"San Diego, CA",213,1:47:32,8:13,M 35-39/26,M-38,101,1:47:54,56.49%
118,Michael Alvino,"Huntington Beach, CA",291,1:47:33,8:13,M 25-29/7,M-26,102,1:47:40,55.07%
119,Meg Beard,"Fullerton, CA",303,1:47:36,8:13,F 20-24/3,F-21,17,1:47:43,61.19%
120,Rudy Montoya,"Corona, CA",241,1:47:42,8:13,M 40-44/20,M-44,103,1:47:44,59.15%
121,Satoshi Miura,"Lake Forest, CA",255,1:47:46,8:14,M 40-44/21,M-42,104,1:48:24,58.17%
122,Christa Koot,"Chino, CA",455,1:47:49,8:14,F 50-54/1,F-51,18,1:48:22,72.03%
123,Tara Termezy,"Long Beach, CA",617,1:47:59,8:15,F 35-39/3,F-35,19,1:48:12,61.73%
124,Chad Myers,"Los Angeles, CA",236,1:48:02,8:15,M 25-29/8,M-28,105,1:48:50,54.82%
125,Paul Vogelsang,"Costa Mesa, CA",634,1:48:18,8:16,M 50-54/8,M-53,106,1:48:37,63.46%
126,Paul Ryneveld,"Coquitlam, BC",233,1:48:21,8:16,M 35-39/27,M-39,107,1:49:07,56.49%
127,Theodore Tinker,"West Hills, CA",620,1:48:25,8:17,M 01-15/1,M-15,108,1:49:05,59.32%
128,John Rosmus,"Fullerton, CA",1005,1:48:35,8:17,M 60-64/2,M-60,109,1:48:44,67.42%
129,Ivan Rosales,"San Bernardino, CA",1085,1:48:43,8:18,M 20-24/6,M-20,110,1:49:42,55.11%
130,Susan Torres,"South Gate, CA",1059,1:48:46,8:18,F 20-24/4,F-22,20,1:50:16,60.54%
131,Wayne Yurtin,"San Jose, CA",655,1:48:51,8:19,M 40-44/22,M-44,111,1:48:59,58.53%
132,John Carlisle,"El Segundo, CA",675,1:49:07,8:20,M 40-44/23,M-40,112,1:50:09,56.54%
133,Marianna Oller,"Santa Ana, CA",532,1:49:22,8:21,F 25-29/3,F-29,21,1:49:30,60.20%
134,Phillip Snyder,"Claremont, CA",220,1:49:25,8:21,M 55-59/8,M-59,113,1:49:41,66.30%
135,Arturo Sandoval,"Chino Hills, CA",586,1:49:32,8:22,M 40-44/24,M-44,114,1:49:53,58.16%
136,Emily Torres,"Alta Loma, CA",622,1:49:37,8:22,F 16-19/3,F-16,22,1:49:49,63.02%
137,Timothy Reyes,"Irvine, CA",567,1:49:41,8:22,M 30-34/13,M-30,115,1:50:32,54.00%
138,Arthur Lopez,"San Dimas, CA",474,1:49:42,8:23,M 50-54/9,M-51,116,1:50:06,61.57%
139,Richard Lopez,"San Bernardino, CA",475,1:49:43,8:23,M 50-54/10,M-51,117,1:50:06,61.56%
140,Dorothy Rigby,"La Mirada, CA",571,1:49:43,8:23,F 25-29/4,F-27,23,1:50:28,60.01%
141,Messina Zurbuch,"Pomona, CA",660,1:49:45,8:23,F 30-34/1,F-34,24,1:49:53,60.51%
142,Jason Smith,"Upland, CA",170,1:49:51,8:23,M 35-39/28,M-38,118,1:50:08,55.30%
143,Jesse Valle,"Fullerton, CA",629,1:49:57,8:24,M 50-54/11,M-52,119,1:51:15,61.96%
144,Robert Miotti,"Ojai, CA",509,1:50:02,8:24,M 45-49/11,M-47,120,1:50:25,59.34%
145,Erick Flores,"Glendora, CA",699,1:50:02,8:24,M 35-39/29,M-39,121,1:50:34,55.63%
146,Heather Morgan,"Costa Mesa, CA",514,1:50:09,8:25,F 16-19/4,F-19,25,1:50:32,60.11%
147,David Cervantes,"Ontario, CA",800,1:50:18,8:25,M 25-29/9,M-27,122,1:50:30,53.70%
148,Samy Muthiah,"La Canada, CA",519,1:50:20,8:25,M 45-49/12,M-49,123,1:50:26,60.18%
149,Sarah Cole,"Whittier, CA",342,1:50:30,8:26,F 25-29/5,F-27,26,1:51:16,59.59%
150,Gilbert Kelley,"Diamond Bar, CA",1017,1:50:31,8:26,M 60-64/3,M-62,124,1:50:40,67.50%
151,Jay Limas,"Pomona, CA",467,1:50:34,8:26,M 35-39/30,M-35,125,1:50:55,53.97%
152,Lisa Dangelo,"Los Angeles, CA",353,1:50:41,8:27,F 50-54/2,F-50,27,1:50:49,69.25%
153,Jaron Stern,"Los Angeles, CA",169,1:50:54,8:28,M 30-34/14,M-30,126,1:51:45,53.40%
154,Kerry Gott,"Alta Loma, CA",802,1:51:02,8:29,M 45-49/13,M-48,127,1:51:25,59.30%
155,Apolo Ocegueda,"San Bernardino, CA",1007,1:51:20,8:30,M 50-54/12,M-53,128,1:51:26,61.73%
156,Manuel Rubalcava,"Fontana, CA",765,1:51:25,8:30,M 45-49/14,M-45,129,1:51:29,57.65%
157,Susan Kang,"Los Angeles, CA",720,1:51:26,8:31,F 55-59/2,F-55,28,1:52:26,73.46%
158,Rebecca Adams,"Los Angeles, CA",287,1:51:28,8:31,F 25-29/6,F-26,29,1:51:32,59.07%
159,Rebecca Finn,"Los Angeles, CA",377,1:51:28,8:31,F 30-34/2,F-33,30,1:52:24,59.38%
160,Pasquale Finn,"Los Angeles, CA",376,1:51:28,8:31,M 35-39/31,M-35,130,1:52:24,53.54%
161,Cyril Saelens,"Los Angeles, CA",903,1:51:35,8:31,M 35-39/32,M-35,131,1:52:14,53.48%
162,Stephani Oller,"Santa Ana, CA",533,1:51:41,8:32,F 25-29/7,F-29,31,1:51:50,58.96%
163,Thomas Nizami,"Fontana, CA",525,1:52:03,8:33,M 20-24/7,M-22,132,1:52:35,52.89%
164,Mark Bonovitz,"Chino Hills, CA",201,1:52:05,8:33,M 30-34/15,M-31,133,1:52:05,52.83%
165,Noel Garibay,"San Diego, CA",152,1:52:09,8:34,M 35-39/33,M-39,134,1:52:33,54.58%
166,Poli Hernandez,"Sunland, CA",222,1:52:24,8:35,M 60-64/4,M-60,135,1:52:46,65.13%
167,Candice Reyes,"Chino Hills, CA",1093,1:52:28,8:35,F 25-29/8,F-26,32,1:53:06,58.54%
168,Joseph Villatoro,"Pasadena, CA",788,1:52:34,8:36,M 30-34/16,M-30,136,2:01:06,52.61%
169,Gil Breakman,"Studio City, CA",817,1:52:36,8:36,M 40-44/25,M-42,137,1:53:13,55.68%
170,Meredith Patton,"Anaheim, CA",541,1:52:36,8:36,F 30-34/3,F-34,33,1:53:42,58.98%
171,John Waddington,"Crestline, CA",176,1:52:40,8:36,M 50-54/13,M-53,138,1:53:15,61.00%
172,Marla Adams,"Long Beach, CA",286,1:52:52,8:37,F 35-39/4,F-39,34,1:53:01,60.39%
173,Jose Razon,"Fontana, CA",813,1:52:53,8:37,M 45-49/15,M-47,139,1:53:57,57.84%
174,Christopher Oswalt,"Costa Mesa, CA",839,1:52:55,8:37,M 30-34/17,M-30,140,1:53:01,52.45%
175,Bill Yanez,"San Dimas, CA",119,1:52:56,8:37,M 60-64/5,M-62,141,1:53:28,66.05%
176,Frank Escobar,"Chino, CA",370,1:52:58,8:38,M 30-34/18,M-33,142,1:53:10,52.52%
177,Omar Ramos,"Redondo Beach, CA",558,1:53:02,8:38,M 25-29/10,M-29,143,1:54:05,52.40%
178,Irma Garcia,"Rialto, CA",392,1:53:31,8:40,F 45-49/4,F-47,35,1:54:10,65.07%
179,Guillermo Godinez,"Woodland Hls, CA",270,1:53:37,8:40,M 40-44/26,M-40,144,1:53:41,54.30%
180,Brett Terrell,"Pasadena, CA",618,1:53:43,8:41,M 45-49/16,M-49,145,1:54:39,58.38%
181,Dan Keelan,"Altadena, CA",441,1:53:45,8:41,M 45-49/17,M-47,146,1:54:00,57.40%
182,Pete Banuelos,"West Covina, CA",219,1:53:45,8:41,M 50-54/14,M-54,147,1:54:22,60.95%
183,Everildo Mendez,"Santa Barbara, CA",739,1:53:58,8:42,M 50-54/15,M-52,148,1:54:00,59.78%
184,Brent Pacheco,"Riverside, CA",250,1:53:58,8:42,M 25-29/11,M-25,149,1:54:32,51.97%
185,Maureen Bowen,"La Verne, CA",670,1:54:01,8:42,F 40-44/2,F-44,36,1:54:34,62.51%
186,Wendy Baugh,"Huntington Beach, CA",1091,1:54:04,8:43,F 40-44/3,F-43,37,1:54:15,61.81%
187,Kristel Suur,"Los Angeles, CA",777,1:54:12,8:43,F 30-34/4,F-32,38,1:54:49,57.83%
188,Eric Broet,"Carrollton, TX",1069,1:54:13,8:43,M 35-39/34,M-39,150,1:54:50,53.59%
189,James Lue,"Los Angeles, CA",483,1:54:28,8:44,M 50-54/16,M-52,151,1:55:28,59.52%
190,Sascha Paladaino,"Burbank, CA",537,1:54:38,8:45,M 30-34/19,M-33,152,1:55:41,51.75%
191,Edward Powlesson,"Claremont, CA",1089,1:55:10,8:48,M 55-59/9,M-59,153,1:56:53,62.99%
192,Scott Gorman,"Claremont, CA",224,1:55:12,8:48,M 35-39/35,M-37,154,1:56:13,52.35%
193,Eduardo Lozano,"Los Angeles, CA",732,1:55:13,8:48,M 40-44/27,M-41,155,1:55:14,53.98%
194,William Lafoe,"San Marcos, CA",458,1:55:26,8:49,M 40-44/28,M-43,156,1:56:35,54.74%
195,Soren Erickson,"Pasadena, CA",824,1:55:42,8:50,M 20-24/8,M-24,157,1:56:19,51.19%
196,Dianna Graves,"Claremont, CA",403,1:55:44,8:50,F NoAge/0,F-0,39,1:56:20, 0.00%
197,Brandyn Hayward,"Glendora, CA",804,1:55:52,8:51,M 35-39/36,m-36,158,1:56:11,51.75%
198,Valentin Languren,"Anaheim, CA",280,1:56:05,8:52,M 35-39/37,M-38,159,1:57:06,52.33%
199,Jeff Goodman,"Upland, CA",172,1:56:06,8:52,M 45-49/18,M-47,160,1:56:12,56.24%
200,Michael Cain,"La Crescenta, CA",198,1:56:19,8:53,M 40-44/29,M-41,161,1:56:57,53.47%
201,Tony Gammariello,"Simi Valley, CA",390,1:56:34,8:54,M 50-54/17,M-50,162,1:56:46,57.44%
202,Natalie Bouman,"Whittier, CA",315,1:56:34,8:54,F 20-24/5,F-23,40,1:56:48,56.49%
203,Chris Bravata,"Chino Hills, CA",318,1:56:34,8:54,M 40-44/30,M-41,163,1:57:40,53.35%
204,Scott Walker,"Claremont, CA",1009,1:56:52,8:55,M 45-49/19,M-49,164,1:57:34,56.81%
205,Gil Ledesma,"San Dimas, CA",728,1:56:57,8:56,M 45-49/20,M-49,165,1:57:22,56.77%
206,Margo Selby,"Venice, CA",590,1:57:13,8:57,F 35-39/5,F-39,41,1:57:25,58.15%
207,Joshua Kim,"Walnut, CA",446,1:57:29,8:58,M 20-24/9,M-23,166,1:57:59,50.41%
208,Doug Bell,"Corona, CA",307,1:57:32,8:58,M 35-39/38,M-39,167,1:58:50,52.08%
209,Orlando Pech,"Walnut, CA",543,1:57:35,8:59,M 55-59/10,M-57,168,1:57:52,60.56%
210,Erik Orre,"Gardena, CA",744,1:57:35,8:59,M 45-49/21,M-46,169,1:58:02,55.08%
211,Nicolas Kincaid,"Long Beach, CA",1073,1:57:43,8:59,M 45-49/22,M-48,170,1:59:04,55.93%
212,Mario Cuevas,"Aliso Viejo, CA",685,1:57:44,8:59,M 40-44/31,M-41,171,1:58:07,52.82%
213,Christina Kusumoto,"Lakewood, CA",726,1:58:01,9:01,F 40-44/4,F-44,42,1:58:06,60.40%
214,Yolanda Camarena,"Yorba Linda, CA",272,1:58:04,9:01,F 30-34/5,F-34,43,1:58:17,56.25%
215,Angelique Klapp,"Brea, CA",724,1:58:04,9:01,F 35-39/6,F-38,44,1:59:08,57.33%
216,Tim Lewis,"Placentia, CA",835,1:58:08,9:01,M 50-54/18,M-54,172,1:58:37,58.68%
217,Sara Gibbons,"Chino Hills, CA",395,1:58:08,9:01,F 45-49/5,F-48,45,1:58:37,63.30%
218,David Collova,"Norwalk, CA",343,1:58:16,9:02,M 25-29/12,M-25,173,1:58:31,50.08%
219,Roger Hauptman,"Upland, CA",229,1:58:27,9:03,M 45-49/23,M-45,174,1:59:03,54.22%
220,Scott Ayres,"Newport Beach, CA",300,1:58:34,9:03,M 35-39/39,M-35,175,1:58:44,50.32%
221,Brien Dodd,"Orange, CA",364,1:58:38,9:03,M 50-54/19,M-53,176,1:59:10,57.93%
222,Brian Lassiter,"Orange, CA",126,1:58:38,9:03,M 50-54/20,M-53,177,1:59:10,57.93%
223,Jacqueline Moore,"Rancho Cucamonga, CA",1057,1:58:39,9:04,F 25-29/9,F-26,46,1:59:21,55.49%
224,Kemp Holland,"Altadena, CA",183,1:58:47,9:04,M 65-69/1,M-65,178,1:59:19,64.65%
225,Brent Blaes,"San Dimas, CA",311,1:58:55,9:05,M 55-59/11,M-56,179,1:59:35,59.35%
226,Natasha Moore,"Fullerton, CA",261,1:59:12,9:06,F 40-44/5,F-43,47,1:59:26,59.15%
227,Catherine Lima,"San Dimas, CA",810,1:59:25,9:07,F 20-24/6,F-24,48,2:00:01,55.14%
228,Lindsay Dye,"Manhattan Beach, CA",190,1:59:27,9:07,F 25-29/10,F-26,49,2:00:29,55.12%
229,Madelyn Whalen,"Ontario, CA",643,1:59:40,9:08,F 16-19/5,F-18,50,2:00:15,55.87%
230,Cynthia Geary,"Claremont, CA",394,1:59:52,9:09,F 40-44/6,F-44,51,2:00:45,59.46%
231,Jean Laroche,"Santa Monica, CA",460,2:00:14,9:11,M 55-59/12,M-56,180,2:00:33,58.70%
232,Bryan Hayward,"West Covina, CA",805,2:00:19,9:11,M 60-64/6,M-61,181,2:00:39,61.42%
233,Jeffrey Webster,"Lake Forest, CA",1047,2:00:24,9:12,M 50-54/21,M-53,182,2:00:38,57.08%
234,Areli Zermeno,"Mira Loma, CA",849,2:00:28,9:12,F 20-24/7,F-24,52,2:00:39,54.66%
235,Amanda Sepe,"Vista, CA",768,2:00:44,9:13,F 25-29/11,F-26,53,2:01:06,54.54%
236,Katherine Rupley,"Long Beach, CA",180,2:01:11,9:15,F 45-49/6,F-45,54,2:01:32,59.49%
237,Joe Landeros,"Whittier, CA",459,2:01:18,9:16,M 30-34/20,M-33,183,2:02:06,48.91%
238,Mike Smith,"Santa Monica, CA",773,2:01:23,9:16,M 35-39/40,M-37,184,2:02:01,49.68%
239,Sandra Ayala,"Chino, CA",664,2:01:31,9:17,F 25-29/12,F-26,55,2:01:43,54.18%
240,Jon Wilensky Md,"La Jolla, CA",645,2:01:32,9:17,M 30-34/21,M-34,185,2:01:49,48.92%
241,Rose Bennahmias,"Walnut, CA",309,2:01:40,9:17,F 45-49/7,F-48,56,2:02:33,61.46%
242,Andriana Simone,"San Diego, CA",770,2:01:48,9:18,F 20-24/8,F-20,57,2:08:11,54.09%
243,Ashley Larkin,"Redondo Beach, CA",834,2:01:57,9:19,F 20-24/9,F-24,58,2:02:12,53.99%
244,Aimee Fitzgerald,"Newport Beach, CA",698,2:02:08,9:19,F 35-39/7,F-37,59,2:02:31,55.11%
245,Maria Ogaard,"La Grande, OR",530,2:02:12,9:20,F 25-29/13,F-29,60,2:02:40,53.88%
246,Bryan Rose,"Corona, CA",762,2:02:27,9:21,M 35-39/41,M-38,186,2:03:15,49.61%
247,Alberto Yanez,"Rancho Cucamonga, CA",652,2:02:37,9:22,M 50-54/22,M-52,187,2:02:52,55.56%
248,Jennifer Labrocca,"Los Angeles, CA",727,2:02:38,9:22,F 30-34/6,F-31,61,2:03:04,53.77%
249,Pete Sidoriak,"Santa Monica, CA",769,2:02:38,9:22,M 30-34/22,M-30,188,2:03:04,48.29%
250,Freddy Morales,"Baldwin Park, CA",510,2:02:50,9:23,M 25-29/13,M-28,189,2:03:47,48.22%
251,Christopher Tejeda,"Rowland Heights, CA",616,2:02:57,9:23,M 16-19/6,M-19,190,2:03:16,49.30%
252,Jose Zuniga,"Chino, CA",658,2:03:07,9:24,M 55-59/13,M-58,191,2:03:16,58.37%
253,Nick Alvarez,"Chino Hills, CA",290,2:03:07,9:24,M 45-49/24,M-45,192,2:03:16,52.17%
254,Emy Weller,"Claremont, CA",641,2:03:10,9:24,F 60-64/1,F-60,62,2:03:33,71.30%
255,Ronald Luque,"La Mirada, CA",484,2:03:19,9:25,M 40-44/32,M-43,193,2:04:07,51.24%
256,Wayne Helander,"Claremont, CA",418,2:03:20,9:25,M 50-54/23,M-52,194,2:04:15,55.24%
257,Claudia Moreno,"Burbank, CA",512,2:03:22,9:25,F 30-34/7,F-32,63,2:03:37,53.53%
258,Rosie Barba,"Ontario, CA",302,2:03:31,9:26,F 30-34/8,F-31,64,2:03:46,53.39%
259,Shane Birdsill,"Porter Ranch, CA",1081,2:03:34,9:26,M 35-39/42,M-35,195,2:04:20,48.29%
260,Nancy Sandoval,"Culver City, CA",209,2:03:37,9:26,F 30-34/9,F-33,65,2:04:16,53.55%
261,Connie Cheng,"Walnut, CA",334,2:03:41,9:27,F 20-24/10,F-23,66,2:04:12,53.23%
262,Stacey Sanderson,"Upland, CA",585,2:03:48,9:27,F 35-39/8,F-39,67,2:04:01,55.06%
263,Monica Kasparek,"Palm Springs, CA",832,2:04:04,9:28,F 30-34/10,F-33,68,2:05:01,53.35%
264,Adam Smith,"Sherman Oaks, CA",108,2:04:12,9:29,M 30-34/23,M-34,196,2:05:20,47.87%
265,Deborah Long,"Diamond Bar, CA",471,2:04:17,9:29,F 55-59/3,F-55,69,2:05:12,65.87%
266,Edward Losch,"Los Angeles, CA",476,2:04:18,9:29,M 50-54/24,M-53,197,2:05:09,55.29%
267,Thomas Duszynski,"Upland, CA",366,2:04:29,9:30,M 55-59/14,M-57,198,2:04:53,57.20%
268,Michele Bennett,"Glendora, CA",666,2:04:41,9:31,F 40-44/7,F-43,70,2:05:40,56.55%
269,Kevin Mills,"Long Beach, CA",740,2:04:46,9:32,M 45-49/25,M-47,199,2:05:11,52.33%
270,Jim Pijloo,"Orange, CA",548,2:04:49,9:32,M 50-54/25,M-50,200,2:05:44,53.65%
271,Jose Tejeda,"Rialto, CA",778,2:04:49,9:32,M 30-34/24,M-33,201,2:05:09,47.53%
272,Leslie Ryan,"Long Beach, CA",580,2:05:02,9:33,F 30-34/11,F-31,71,2:05:48,52.74%
273,Christine Boyer,"Los Angeles, CA",799,2:05:04,9:33,F 25-29/14,F-29,72,2:05:22,52.65%
274,Jeffrey Parke,"Redlands, CA",748,2:05:05,9:33,M 50-54/26,M-51,202,2:05:53,54.00%
275,Henry Polanco,"Los Angeles, CA",1008,2:05:05,9:33,M 45-49/26,M-46,203,2:06:34,51.77%
276,Alberto Gonzalez,"Los Angeles, CA",400,2:05:09,9:33,M 30-34/25,M-32,204,2:05:35,47.34%
277,Michael Whitcher,"Upland, CA",644,2:05:10,9:33,M 30-34/26,M-33,205,2:06:13,47.40%
278,Frank Rangel,"Los Angeles, CA",151,2:05:13,9:34,M 40-44/33,M-44,206,2:06:12,50.88%
279,Derrick Delgado,"Ontario, CA",154,2:05:15,9:34,M 20-24/10,M-22,207,2:05:56,47.31%
280,Aileen Pham,"Huntington Beach, CA",547,2:05:19,9:34,F 25-29/15,F-25,73,2:05:26,52.54%
281,Jim Cisneros,"West Covina, CA",338,2:05:28,9:35,M 50-54/27,M-54,208,2:05:49,55.25%
282,Roxane Simonian,"Claremont, CA",260,2:05:30,9:35,F 55-59/4,F-57,74,2:06:08,67.05%
283,David Crawford,"Chatsworth, CA",348,2:05:33,9:35,M 55-59/15,M-59,209,2:06:07,57.78%
284,Kristine Kuppens-Geurts,"Claremont, CA",188,2:05:41,9:36,F 40-44/8,F-42,75,2:06:11,55.57%
285,Theresa Rees,"Upland, CA",1075,2:05:43,9:36,F 30-34/12,F-34,76,2:05:43,52.82%
286,Raquel Cruz,"West Covina, CA",1060,2:05:50,9:36,F 45-49/8,F-45,77,2:07:21,57.29%
287,Kelly Joiner,"Tujunga, CA",435,2:05:56,9:37,F 45-49/9,F-48,78,2:06:19,59.38%
288,Megan Beaver,"Rancho Santa Margarita, CA",251,2:06:09,9:38,F 30-34/13,F-30,79,2:07:17,52.21%
289,Caroline Wong,"El Segundo, CA",1070,2:06:11,9:38,F 30-34/14,F-34,80,2:07:24,52.63%
290,Lynda Neuman,"Los Angeles, CA",523,2:06:12,9:38,F 55-59/5,F-57,81,2:06:17,66.68%
291,James Gaffney,"Buena Park, CA",701,2:06:17,9:38,M 35-39/43,M-37,210,2:07:38,47.76%
292,Kevin Moran,"Alta Loma, CA",511,2:06:22,9:39,M 35-39/44,M-36,211,2:07:24,47.45%
293,Alan McDaniel,"Pasadena, CA",496,2:06:22,9:39,M 40-44/34,M-41,212,2:07:08,49.22%
294,Stephen Clark,"Placentia, CA",681,2:06:35,9:40,M 40-44/35,M-40,213,2:07:40,48.74%
295,Cathe Milward,"La Mirada, CA",132,2:06:36,9:40,F 55-59/6,F-55,82,2:07:00,64.66%
296,Matthew Kirlin,"Mission Viejo, CA",1014,2:06:39,9:40,M 30-34/27,M-34,214,2:06:47,46.95%
297,Chip Bonghi,"San Diego, CA",312,2:06:40,9:40,M 50-54/28,M-53,215,2:07:39,54.26%
298,Cat Dengate,"Redlands, CA",360,2:06:49,9:41,F 35-39/9,F-37,83,2:07:19,53.08%
299,Carmela Fernandez,"West Covina, CA",375,2:06:58,9:42,F 30-34/15,F-33,84,2:08:13,52.13%
300,SomcHai Sinkarjarern,"Rowland Heights, CA",771,2:07:03,9:42,M 55-59/16,M-59,216,2:08:23,57.10%
301,Michael Dresen,"Rancho Cucamonga, CA",365,2:07:09,9:42,M 45-49/27,M-49,217,2:07:26,52.21%
302,Michelle Bakula,"Glendale, CA",196,2:07:14,9:43,F 35-39/10,F-37,85,2:07:44,52.90%
303,Dona McBride,"Long Beach, CA",494,2:07:16,9:43,F 55-59/7,F-58,86,2:07:38,67.05%
304,Kimberly Klosterman,"Glendale, CA",177,2:07:25,9:44,F 25-29/16,F-29,87,2:07:55,51.67%
305,Ken Wilhelm,"Cerritos, CA",792,2:07:41,9:45,M 55-59/17,M-55,218,2:08:00,54.78%
306,Catherine Erlinger,"Woodland Hills, CA",825,2:07:52,9:46,F 30-34/16,F-31,88,2:09:08,51.57%
307,Leo Lynch,"Los Angeles, CA",836,2:08:03,9:47,M 50-54/29,M-50,219,2:09:12,52.29%
308,Andy Candelario,"Fontana, CA",328,2:08:05,9:47,M 45-49/28,M-47,220,2:09:24,50.98%
309,Julie Mullican,"Yorba Linda, CA",516,2:08:13,9:47,F 50-54/3,F-52,89,2:09:04,61.35%
310,Gary Mullican,"Yorba Linda, CA",515,2:08:13,9:47,M 55-59/18,M-56,221,2:09:04,55.04%
311,Lee Edmunds,"Long Beach, CA",694,2:08:14,9:47,M 45-49/29,M-46,222,2:08:40,50.50%
312,Sandy Klapp,"Brea, CA",725,2:08:15,9:47,M 40-44/36,M-44,223,2:09:20,49.68%
313,Joe Cracciolo,"Stevenson Ranch, CA",1076,2:08:18,9:48,M 40-44/37,M-40,224,2:08:43,48.08%
314,Mike Erlanson,"San Diego, CA",167,2:08:21,9:48,M 35-39/45,M-35,225,2:09:00,46.49%
315,Dana Ryan,"San Diego, CA",254,2:08:21,9:48,F 35-39/11,F-37,90,2:09:00,52.44%
316,Luis D Ramirez II,"Palmdale, CA",758,2:08:22,9:48,M 30-34/28,M-33,226,2:09:51,46.21%
317,Edvardo Diaz,"Cudahy, CA",692,2:08:28,9:48,M 40-44/38,M-40,227,2:09:07,48.02%
318,Nichole Reents,"Long Beach, CA",1079,2:08:48,9:50,F 35-39/12,F-39,91,2:09:21,52.92%
319,Thomas Wilson,"Tujunga, CA",646,2:08:48,9:50,M 50-54/30,M-52,228,2:08:57,52.89%
320,Thiaice Clay,"Long Beach, CA",340,2:08:57,9:51,F 25-29/17,F-29,92,2:10:34,51.06%
321,Veronica Macka,"Downey, CA",487,2:09:00,9:51,F 35-39/13,F-36,93,2:09:21,51.91%
322,Jamie Rood,"La Verne, CA",761,2:09:06,9:51,F 40-44/9,F-41,94,2:09:56,53.61%
323,Javier Gonzalez,"Tujunga, CA",171,2:09:21,9:52,M 40-44/39,M-42,229,2:09:42,48.47%
324,Daniel Gluckstein,"Claremont, CA",705,2:09:40,9:54,M 50-54/31,M-54,230,2:09:40,53.46%
325,Kingo Orimo,"Aliso Viejo, CA",185,2:09:42,9:54,M 65-69/2,M-65,231,2:10:21,59.21%
326,Alexys Hillman,"Pomona, CA",275,2:09:51,9:55,F 20-24/11,F-24,95,2:10:35,50.71%
327,Eileen Veach,"Huntington Beach, CA",1072,2:09:53,9:55,F 45-49/10,F-48,96,2:10:29,57.57%
328,Elizabeth McIntyre,"Los Angeles, CA",497,2:09:53,9:55,F 25-29/18,F-27,97,2:10:50,50.69%
329,Alejandra Parra,"Los Angeles, CA",215,2:10:01,9:56,F 20-24/12,F-23,98,2:10:35,50.64%
330,Paula Hamilton,"Ontario, CA",218,2:10:02,9:56,F 50-54/4,F-54,99,2:10:18,62.11%
331,Sundar Vembu,"Pasadena, CA",633,2:10:04,9:56,M 35-39/46,M-36,232,2:10:58,46.10%
332,Heather Osborn,"Los Angeles, CA",128,2:10:07,9:56,F 35-39/14,F-36,100,2:10:51,51.46%
333,Kate Longmire,"North Hills, CA",159,2:10:07,9:56,F 40-44/10,F-42,101,2:10:31,53.68%
334,Bethanie Bass,"Sunland, CA",118,2:10:07,9:56,F 30-34/17,F-34,102,2:10:31,51.04%
335,Jacob Pinheiro,"Palmdale, CA",753,2:10:20,9:57,M 25-29/14,M-26,233,2:10:55,45.44%
336,Jason Chan,"Los Angeles, CA",333,2:10:21,9:57,M 25-29/15,M-29,234,2:10:55,45.43%
337,Trisha Staab,"Los Angeles, CA",605,2:10:21,9:57,F 25-29/19,F-26,103,2:10:55,50.51%
338,Luis Campos,"Los Angeles, CA",327,2:10:33,9:58,M 45-49/30,M-47,235,2:11:14,50.01%
339,Susumu Toguchi,"Sherman Oaks, CA",247,2:10:35,9:58,M 55-59/19,M-59,236,2:10:47,55.55%
340,Lou Becovitz,"Rancho Santa Margarita, CA",305,2:10:38,9:58,M 55-59/20,M-55,237,2:11:38,53.54%
341,Carly Allevato,"Los Angeles, CA",662,2:10:39,9:58,F 30-34/18,F-32,104,2:12:01,50.55%
342,John Stanley,"San Dimas, CA",774,2:10:41,9:59,M 50-54/32,M-50,238,2:11:30,51.24%
343,Chris Gibson,"Irvine, CA",396,2:11:04,10:00,M 35-39/47,M-36,239,2:18:27,45.75%
344,Jorge Rivera,"Rialto, CA",1044,2:11:11,10:01,M 20-24/11,M-23,240,2:11:29,45.15%
345,Patricia Milewski,"Stevenson Ranch, CA",508,2:11:25,10:02,F 40-44/11,F-44,105,2:11:46,54.24%
346,Michael Mabie,"Upland, CA",1049,2:11:30,10:02,M 45-49/31,M-46,241,2:12:12,49.25%
347,Ryan Roman,"Anaheim, CA",901,2:11:34,10:03,M 30-34/29,M-30,242,2:13:42,45.01%
348,Dale Roberts,"Trabuco Canyon, CA",1037,2:11:35,10:03,M 50-54/33,M-54,243,2:11:36,52.69%
349,Kelly Nagle,"Orland Park, IL",520,2:11:37,10:03,F 25-29/20,F-26,106,2:11:57,50.03%
350,Lindsay Hull,"Pasadena, CA",430,2:11:50,10:04,F 20-24/13,F-24,107,2:12:27,49.94%
351,Sara Croft,"Long Beach, CA",349,2:11:53,10:04,F 40-44/12,F-44,108,2:13:26,54.04%
352,Henry Sachs,"Orange, CA",1012,2:11:59,10:05,M 45-49/32,M-47,244,2:12:29,49.47%
353,Danh Nguyen,"Alhambra, CA",162,2:12:00,10:05,M 40-44/40,M-42,245,2:12:17,47.49%
354,Kelly Leffler,"Los Angeles, CA",464,2:12:02,10:05,F 35-39/15,F-39,109,2:13:28,51.62%
355,Byron Strope,"Upland, CA",609,2:12:02,10:05,M 45-49/33,M-46,246,2:12:29,49.05%
356,Raul Dela Rosa,"Walnut, CA",225,2:12:03,10:05,M 50-54/34,M-54,247,2:12:22,52.50%
357,Carol Baker,"Brea, CA",1006,2:12:14,10:06,F 50-54/5,F-54,110,2:12:53,61.07%
358,Hindi Velasco,"Claremont, CA",632,2:12:17,10:06,F 20-24/14,F-23,111,2:12:54,49.77%
359,Phuong Lieu,"Pasadena, CA",466,2:12:36,10:07,F 30-34/19,F-33,112,2:13:23,49.92%
360,Rochelle Galace,"Los Angeles, CA",388,2:12:36,10:07,F 30-34/20,F-31,113,2:13:23,49.73%
361,Rochelle Bernal,"Rowland Heights, CA",227,2:12:40,10:08,F 35-39/16,F-35,114,2:13:03,50.24%
362,Anne Marie Wotkyns,"Northridge, CA",114,2:12:40,10:08,F 40-44/13,F-42,115,2:13:12,52.64%
363,Alice Hwang,"Santa Ana, CA",109,2:13:09,10:10,F 25-29/21,F-27,116,2:14:01,49.45%
364,Antonio Jimenez,"Los Angeles, CA",103,2:13:15,10:10,M 35-39/48,M-38,248,2:13:20,45.58%
365,Kurt Hesse,"Huntington Beach, CA",189,2:13:24,10:11,M 30-34/30,M-34,249,2:14:05,44.57%
366,Felipe Sinohui,"El Monte, CA",1002,2:13:25,10:11,M 25-29/16,M-25,250,2:13:56,44.39%
367,Jonathan Matsui,"Claremont, CA",493,2:13:28,10:11,M 35-39/49,M-37,251,2:13:59,45.19%
368,Claudia Garcia,"Rialto, CA",391,2:13:32,10:12,F 20-24/15,F-20,117,2:14:11,49.33%
369,Melanie Lentz,"Glendora, CA",465,2:13:35,10:12,F 25-29/22,F-25,118,2:14:16,49.29%
370,Kristin Smith,"Rancho Santa Margarita, CA",601,2:13:35,10:12,F 45-49/11,F-45,119,2:14:16,53.97%
371,Gabriela Garcia,"Santa Ana, CA",703,2:13:36,10:12,F 35-39/17,F-39,120,2:13:44,51.02%
372,Glenn Liu,"Rowland Heights, CA",468,2:13:40,10:12,M 45-49/34,M-47,252,2:14:47,48.85%
373,Eri Yoshimoto,"Walnut, CA",654,2:13:40,10:12,F 20-24/16,F-23,121,2:14:11,49.26%
374,Kevin Brewer,"Long Beach, CA",818,2:13:42,10:12,M 35-39/50,M-39,253,2:13:53,45.78%
375,Jean Iriart,"Rancho Cucamonga, CA",1003,2:13:42,10:12,M 40-44/41,M-44,254,2:14:38,47.65%
376,Mike Pilgren,"Upland, CA",550,2:13:55,10:13,M 45-49/35,M-46,255,2:15:25,48.36%
377,Midori Abe,"La Mirada, CA",1056,2:14:28,10:16,F 30-34/21,F-34,122,2:15:19,49.39%
378,Steve Sandoval,"Covina, CA",587,2:14:30,10:16,M 35-39/51,M-35,256,2:15:00,44.37%
379,Susan Jimenez,"Fullerton, CA",252,2:14:33,10:16,F 25-29/23,F-28,123,2:16:00,48.93%
380,Richard Culver,"Culver City, CA",351,2:14:33,10:16,M 35-39/52,M-38,257,2:15:20,45.14%
381,John Langlois,"Costa Mesa, CA",141,2:14:34,10:16,M 35-39/53,M-35,258,2:16:00,44.35%
382,Oscar Perez-Luna,"Chino Hills, CA",840,2:14:34,10:16,M 45-49/36,M-48,259,2:14:50,48.93%
383,Molly Conroy-Ungerecht,"Cherry Valley, CA",344,2:14:39,10:17,F 35-39/18,F-39,124,2:16:17,50.62%
384,Timothy Ericson,"Yorba Linda, CA",369,2:14:41,10:17,M 55-59/21,M-58,260,2:15:22,53.35%
385,Mark McEniry,"Seal Beach, CA",1016,2:14:51,10:18,M 50-54/35,M-53,261,2:15:25,50.96%
386,Louise Clark,"Pasadena, CA",339,2:15:03,10:19,F 50-54/6,F-52,125,2:15:29,58.24%
387,Jennifer Tyron,"Los Angeles, CA",625,2:15:34,10:21,F 35-39/19,F-39,126,2:16:41,50.28%
388,Sara Lawlyes,"Redondo Beach, CA",1024,2:15:38,10:21,F 30-34/22,F-33,127,2:16:51,48.80%
389,Erin Hesford,"Etiwanda, CA",422,2:15:42,10:22,F 30-34/23,F-32,128,2:15:56,48.67%
390,Carolyn Ono,"Covina, CA",534,2:15:43,10:22,F 30-34/24,F-33,129,2:16:42,48.77%
391,Nicolas Deplanche,"Irvine, CA",689,2:15:46,10:22,M 25-29/17,M-27,262,2:17:21,43.62%
392,Etienne De Villers-Sidani,"San Francisco, CA",355,2:15:46,10:22,M 35-39/54,M-35,263,2:17:21,43.95%
393,Delphine Belanger,"San Francisco, CA",322,2:15:46,10:22,F 35-39/20,F-36,130,2:17:21,49.32%
394,Ginny Tolkin,"La Canada, CA",621,2:15:49,10:22,F 40-44/14,F-43,131,2:16:10,51.91%
395,Tammi Zelm,"Placentia, CA",656,2:15:55,10:23,F 40-44/15,F-44,132,2:16:30,52.44%
396,Kris Lim,"Long Beach, CA",1071,2:15:57,10:23,F 40-44/16,F-44,133,2:17:10,52.43%
397,Marie Porcell,"Glendora, CA",554,2:15:58,10:23,F 40-44/17,F-43,134,2:16:57,51.86%
398,David Franke,"La Verne, CA",384,2:16:12,10:24,M 60-64/7,M-61,264,2:17:25,54.25%
399,Mark Gonzales,"West Covina, CA",1038,2:16:19,10:24,M 30-34/31,M-31,265,2:17:17,43.45%
400,Nikki Rainwater,"Brea, CA",756,2:16:22,10:25,F 25-29/24,F-27,135,2:17:04,48.28%
401,Nancy Lynch,"Santa Monica, CA",485,2:16:40,10:26,F 40-44/18,F-40,136,2:17:45,50.24%
402,Leon Strayer,"Hacienda Heights, CA",608,2:17:02,10:28,M 35-39/55,M-37,266,2:18:15,44.01%
403,Norma Glaser,"Whittier, CA",210,2:17:15,10:29,F 45-49/12,F-45,137,2:18:16,52.53%
404,Veronica Plunkett,"Chino, CA",264,2:17:26,10:29,F 30-34/25,F-31,138,2:17:48,47.98%
405,Melissa Demonaco-Tapia,"Rancho Cucamonga, CA",359,2:17:40,10:31,F 45-49/13,F-46,139,2:18:01,53.00%
406,Robert Dunn,"Sherman Oaks, CA",192,2:17:49,10:31,M 45-49/37,M-47,267,2:18:17,47.38%
407,John Hammonds,"Huntington Beach, CA",803,2:17:51,10:31,M 55-59/22,M-59,268,2:18:26,52.62%
408,Sheila Lo,"Arcadia, CA",469,2:17:56,10:32,F 01-15/1,F-15,140,2:18:49,50.98%
409,Libert Gaitan,"Alta Loma, CA",387,2:18:03,10:32,M 35-39/56,M-36,269,2:19:23,43.43%
410,Sergio Palomo,"Sylmar, CA",237,2:18:20,10:34,M 65-69/3,M-67,270,2:19:19,56.62%
411,Oscar Garcia,"Whittier, CA",704,2:18:24,10:34,M 30-34/32,M-30,271,2:19:00,42.79%
412,George Campos Jr,"Ontario, CA",674,2:18:28,10:34,M 35-39/57,M-39,272,2:19:48,44.20%
413,Lorie Esquivel,"Alhambra, CA",372,2:18:29,10:34,F 45-49/14,F-46,141,2:18:55,52.68%
414,Erika Reynoso,"Los Angeles, CA",182,2:18:31,10:34,F 20-24/17,F-20,142,2:19:04,47.56%
415,Maren Separa,"Los Alamitos, CA",277,2:18:33,10:35,F 60-64/2,F-60,143,2:19:34,63.38%
416,Willie Moreno,"Los Angeles, CA",513,2:18:46,10:36,M 40-44/42,M-44,273,2:20:11,45.91%
417,Juliet Salazar,"Los Angeles, CA",843,2:19:01,10:37,F 35-39/21,F-35,144,2:19:14,47.95%
418,Jose Perez,"San Marino, CA",752,2:19:06,10:37,M 40-44/43,M-42,274,2:19:29,45.07%
419,Lory Candelario,"Fontana, CA",329,2:19:28,10:39,F 45-49/15,F-45,145,2:20:46,51.69%
420,Angelica Ruiz,"Covina, CA",1040,2:19:43,10:40,F 40-44/19,F-42,146,2:21:23,49.99%
421,Patricia McCaffrey,"San Dimas, CA",1025,2:19:44,10:40,F 40-44/20,F-43,147,2:20:53,50.46%
422,Katherine Fowler,"Santa Ana, CA",700,2:19:49,10:40,F 25-29/25,F-28,148,2:21:09,47.09%
423,Toni Caylor,"Duarte, CA",331,2:20:02,10:41,F 55-59/8,F-57,149,2:20:30,60.09%
424,Jason Villecco,"Pasadena, CA",789,2:20:15,10:42,M 30-34/33,M-30,275,2:21:08,42.23%
425,Stacey Stephens,"Pasadena, CA",606,2:20:26,10:43,F 30-34/26,F-31,150,2:21:20,46.96%
426,Jose Villanueva,"Winnetka, CA",785,2:20:37,10:44,M 40-44/44,M-40,276,2:21:44,43.87%
427,Nicole Villanueva,"Winnetka, CA",787,2:20:41,10:44,F 16-19/6,F-16,151,2:21:44,49.10%
428,Linda Nolton,"Pasadena, CA",526,2:20:48,10:45,F 50-54/7,F-51,152,2:21:16,55.16%
429,Stephanie Stone,"San Pedro, CA",607,2:20:57,10:46,F 50-54/8,F-51,153,2:21:06,55.10%
430,Erinkay Griffiths,"Anaheim, CA",405,2:20:58,10:46,F 25-29/26,F-26,154,2:21:59,46.71%
431,Gerard Raygosa,"Alhambra, CA",560,2:21:24,10:48,M 25-29/18,M-28,277,2:22:13,41.88%
432,Abelardo Noyola,"Bell, CA",528,2:21:30,10:48,M 20-24/12,M-24,278,2:22:06,41.85%
433,Sherry Anderson,"Glendora, CA",293,2:21:42,10:49,F 45-49/16,F-46,155,2:23:10,51.49%
434,Maria Angeles Virgen,"Los Angeles, CA",790,2:21:48,10:49,F NoAge/0,F-0,156,2:22:36, 0.00%
435,Graciela Inestroza,"Los Angeles, CA",715,2:21:50,10:50,F 40-44/21,F-41,157,2:22:38,48.80%
436,Virgil Thomas,"Burbank, CA",782,2:21:59,10:50,M 60-64/8,M-60,279,2:23:28,51.56%
437,Luis Fletes,"Yorba Linda, CA",379,2:22:12,10:51,M 35-39/58,M-39,280,2:23:16,43.04%
438,Christian Halvorsen,"Los Angeles, CA",409,2:22:19,10:52,M 30-34/34,M-34,281,2:22:47,41.78%
439,Julian Ford,"Burbank, CA",382,2:22:28,10:53,F 40-44/22,F-42,158,2:23:10,49.02%
440,Kristin Fauth,"Redondo Beach, CA",373,2:22:33,10:53,F 25-29/27,F-28,159,2:23:20,46.19%
441,Steven Richard,"Pomona, CA",568,2:22:39,10:53,M 50-54/36,M-53,282,2:23:33,48.18%
442,Almarosa Lazo,"Rancho Cucamonga, CA",462,2:22:39,10:53,F 45-49/17,F-48,160,2:23:33,52.42%
443,Jasmine Valenzuela,"Pomona, CA",628,2:22:44,10:54,F 25-29/28,F-26,161,2:23:49,46.13%
444,Bobbie Garcia,"Los Angeles, CA",702,2:22:44,10:54,F 50-54/9,F-53,162,2:23:27,55.84%
445,Yadira Fuentes,"Montclair, CA",385,2:22:54,10:55,F 30-34/27,F-34,163,2:24:14,46.47%
446,Robert Thompson,"Trabuco Canyon, CA",619,2:23:00,10:55,M 50-54/37,M-50,283,2:24:08,46.82%
447,Juan Maldonado,"Garden Grove, CA",223,2:23:14,10:56,M 35-39/59,M-38,284,2:24:11,42.41%
448,Susan Cossaboom,"Yorba Linda, CA",246,2:23:19,10:56,F 50-54/10,F-54,164,2:23:54,56.35%
449,Russell Hill,"Irvine, CA",424,2:23:21,10:57,M 40-44/45,M-44,285,2:24:50,44.44%
450,Dianna Daly,"Huntington Beach, CA",163,2:23:21,10:57,F 50-54/11,F-53,165,2:24:23,55.60%
451,Melissa Bailey,"Rancho Cucamonga, CA",203,2:23:41,10:58,F 30-34/28,F-34,166,2:25:19,46.22%
452,Johnny Chu,"Mira Loma, CA",679,2:23:41,10:58,M 40-44/46,M-43,286,2:24:29,43.98%
453,Aram Utrapiromsuk,"Los Angeles, CA",626,2:23:43,10:58,M 30-34/35,M-31,287,2:25:28,41.21%
454,Agata Gmyrek,"Canyon Country, CA",186,2:23:59,10:59,F 25-29/29,F-29,167,2:24:37,45.73%
455,Ezra Weisz,"Glendale, CA",640,2:24:15,11:01,M 35-39/60,M-38,288,2:24:39,42.11%
456,Arthur Acosta,"Altadena, CA",285,2:24:16,11:01,M 45-49/38,M-47,289,2:24:41,45.26%
457,Jacqueline Metin,"Culver City, CA",174,2:24:30,11:02,F 20-24/18,F-23,168,2:25:57,45.56%
458,Erica Castellanos,"Los Angeles, CA",330,2:24:35,11:02,F 20-24/19,F-23,169,2:26:03,45.54%
459,John Glaza,"Huntington Beach, CA",164,2:24:44,11:03,M 50-54/38,M-54,290,2:25:46,47.90%
460,Svetlana Bershadsky,"Irvine, CA",310,2:24:48,11:03,F 20-24/20,F-24,170,2:25:12,45.47%
461,Claudia Meneses,"Winnetka, CA",838,2:25:06,11:05,F 25-29/30,F-25,171,2:25:35,45.38%
462,Corea Choi,"Anaheim, CA",336,2:25:17,11:05,M 45-49/39,M-46,291,2:25:29,44.57%
463,Chi Doan,"Covina, CA",363,2:25:30,11:06,F 35-39/22,F-36,172,2:25:59,46.02%
464,Brenda Vergara,"Colton, CA",1004,2:25:31,11:06,F 25-29/31,F-27,173,2:25:53,45.25%
465,Candy Burrowbridge,"Upland, CA",1055,2:25:41,11:07,F 30-34/29,F-32,174,2:26:08,45.33%
466,Mary Kane,"Glendale, CA",829,2:26:00,11:09,F 45-49/18,F-46,175,2:26:39,49.97%
467,Ryan Kieslich,"Rancho Santa Margarita, CA",1023,2:26:07,11:09,M 25-29/19,M-29,292,2:27:15,40.53%
468,Stephen Lyons,"La Verne, CA",486,2:26:10,11:09,M 35-39/61,M-38,293,2:27:15,41.56%
469,Linda Coy,"Chino Hills, CA",194,2:26:12,11:10,F 45-49/19,F-49,176,2:26:28,51.78%
470,Christy Halliburton,"San Dimas, CA",136,2:26:23,11:10,F 40-44/23,F-43,177,2:26:38,48.17%
471,Joe Becovitz,"Rancho Santa Margarita, CA",304,2:26:58,11:13,M 25-29/20,M-28,294,2:27:58,40.30%
472,Robert Vangilder,"San Gabriel, CA",226,2:27:03,11:14,M 60-64/9,M-61,295,2:28:07,50.25%
473,Diana Gonzalez,"Fontana, CA",140,2:27:22,11:15,F 20-24/21,F-24,178,2:28:11,44.68%
474,Debra Hauptman,"Upland, CA",139,2:27:32,11:16,F 40-44/24,F-41,179,2:28:06,46.91%
475,Yuthana Kong,"Bellflower, CA",454,2:27:33,11:16,F 35-39/23,F-38,180,2:27:44,45.88%
476,Victor Shames,"Irvine, CA",102,2:27:36,11:16,M 60-64/10,M-64,296,2:28:59,51.52%
477,Christine Johnson,"Diamond Bar, CA",433,2:27:46,11:17,F 55-59/9,F-56,181,2:28:13,56.16%
478,Robert Manon,"Chino Hills, CA",1041,2:27:58,11:18,M 35-39/62,M-39,297,2:28:00,41.37%
479,Amber Baugh,"Huntington Beach, CA",1090,2:27:59,11:18,F 25-29/32,F-28,182,2:28:52,44.49%
480,Anne Rogers,"San Marino, CA",576,2:28:04,11:18,F 45-49/20,F-45,183,2:28:29,48.69%
481,Luis Espinosa,"Los Angeles, CA",371,2:28:32,11:20,M 60-64/11,M-60,298,2:32:19,49.29%
482,Eloise Reyes,"Covina, CA",143,2:28:45,11:21,F 30-34/30,F-31,184,2:30:35,44.33%
483,Vanessa Mougenot,"Fullerton, CA",743,2:29:10,11:23,F 35-39/24,F-36,185,2:30:29,44.89%
484,Gema Ramirez,"Rancho Cucamonga, CA",153,2:29:10,11:23,F 30-34/31,F-33,186,2:29:57,44.37%
485,Tanya Harris,"Corona, CA",414,2:29:36,11:25,F 40-44/25,F-41,187,2:29:50,46.26%
486,Jim Anderson,"Glendora, CA",292,2:29:38,11:25,M 40-44/47,M-44,299,2:31:06,42.58%
487,Stefan Malins,"West Covina, CA",492,2:29:40,11:25,M 30-34/36,M-31,300,2:30:59,39.57%
488,Roa Ruth Requiroso,"West Covina, CA",564,2:29:40,11:25,F 30-34/32,F-31,188,2:30:59,44.06%
489,Matt Kirby,"Fullerton, CA",723,2:29:49,11:26,M 25-29/21,M-29,301,2:31:05,39.53%
490,Marisol Smalley,"Covina, CA",597,2:30:11,11:28,F 25-29/33,F-28,189,2:30:44,43.84%
491,Bonnie Magallanes,"West Covina, CA",122,2:30:12,11:28,F 30-34/33,F-34,190,2:30:44,44.21%
492,Jose Pasillas,"Santa Monica, CA",539,2:30:15,11:28,M 30-34/37,M-33,302,2:30:27,39.48%
493,Judy Nutgrass,"Rancho Cucamonga, CA",529,2:30:19,11:28,F 50-54/12,F-51,191,2:31:02,51.66%
494,Elia Cobian,"Fontana, CA",197,2:30:20,11:28,F 30-34/34,F-32,192,2:31:10,43.93%
495,Ena Phillips,"Diamond Bar, CA",148,2:30:38,11:30,F 55-59/10,F-55,193,2:30:48,54.34%
496,Alex Zuniga,"Chino, CA",657,2:30:44,11:30,M 16-19/7,M-17,303,2:31:39,41.30%
497,Michael Saunders,"Mission Viejo, CA",588,2:30:58,11:31,M 45-49/40,M-48,304,2:31:13,43.61%
498,Daniel Rafael,"Pomona, CA",1019,2:31:07,11:32,M 30-34/38,M-32,305,2:31:39,39.20%
499,Robert Kirby,"Alta Loma, CA",809,2:31:12,11:32,M 50-54/39,M-52,306,2:32:27,45.06%
500,Walter Lovato,"Sun Valley, CA",480,2:31:43,11:35,M 45-49/41,M-47,307,2:32:25,43.03%
501,Thelma Lovato,"Sun Valley, CA",479,2:31:43,11:35,F 40-44/26,F-41,194,2:32:26,45.62%
502,Miguel Garcia,"La Puente, CA",393,2:31:45,11:35,M 55-59/23,M-57,308,2:40:18,46.92%
503,Anandsaikrishnan Vaidyanathaswamy,"Arcadia, CA",904,2:32:12,11:37,M 35-39/63,M-35,309,2:32:17,39.21%
504,Gerry Ahern,"Laguna Niguel, CA",1068,2:32:29,11:38,M 55-59/24,M-58,310,2:33:06,47.13%
505,Joshua Schlener,", ",589,2:32:38,11:39,M 25-29/22,M-29,311,2:37:16,38.80%
506,Sarah Ramirez,"Los Angeles, CA",905,2:32:38,11:39,F 20-24/22,F-23,195,2:37:16,43.14%
507,Lori Long,"Upland, CA",472,2:32:45,11:40,F 45-49/21,F-46,196,2:34:19,47.76%
508,Pat Long,"Upland, CA",473,2:32:46,11:40,M 40-44/48,M-43,312,2:34:19,41.36%
509,Siva Kannan,"Redondo Beach, CA",831,2:32:56,11:40,M 30-34/39,M-32,313,2:33:49,38.74%
510,Michelle Palmer,"Irvine, CA",538,2:33:14,11:42,F 55-59/11,F-59,197,2:33:46,56.49%
511,Lisa Drucker,"Torrance, CA",149,2:33:16,11:42,F 40-44/27,F-42,198,2:34:14,45.57%
512,Jenny Cousins,"Sherman Oaks, CA",683,2:33:17,11:42,F 25-29/34,F-27,199,2:34:22,42.95%
513,Lorna Bjorklund,"San Dimas, CA",195,2:33:21,11:42,F 60-64/3,F-64,200,2:34:30,60.79%
514,Noel Del Rosario,"Los Angeles, CA",906,2:33:36,11:43,M 30-34/40,M-31,314,2:35:15,38.56%
515,Karen Wu,"Rancho Cucamonga, CA",178,2:33:56,11:45,F 35-39/25,F-35,201,2:34:53,43.30%
516,Murray Kane,"Glendale, CA",830,2:34:00,11:45,M 60-64/12,M-63,315,2:34:40,48.91%
517,Camerino Resendiz,"Los Angeles, CA",1074,2:34:00,11:45,M 60-64/13,M-61,316,2:35:25,47.98%
518,Deirdre Salomone,"Los Angeles, CA",1061,2:34:02,11:45,F 45-49/22,F-45,202,2:34:29,46.80%
519,Charlene Amante,"Chino Hills, CA",134,2:34:13,11:46,F 40-44/28,F-42,203,2:35:37,45.29%
520,Roehl Amante,"Chino Hills, CA",228,2:34:14,11:46,M 40-44/49,M-43,317,2:35:38,40.97%
521,Lucia Villanueva,"Canoga Park, CA",786,2:34:28,11:47,F 40-44/29,F-43,204,2:35:35,45.65%
522,Kevin Halliburton,"San Dimas, CA",184,2:34:31,11:48,M 45-49/42,M-49,318,2:34:47,42.97%
523,Samantha Deane,"West Hollywood, CA",357,2:34:39,11:48,F 35-39/26,F-36,205,2:35:45,43.30%
524,Robyn Meisinger,"Los Angeles, CA",501,2:34:39,11:48,F 40-44/30,F-40,206,2:35:45,44.40%
525,Diane Greenbaum,"Anaheim, CA",404,2:35:08,11:50,F 40-44/31,F-43,207,2:36:11,45.45%
526,Juana Marin Walker,"Orange, CA",1018,2:35:49,11:54,F 30-34/35,F-34,208,2:37:06,42.62%
527,Rose Valenzuela,"Walnut, CA",814,2:35:57,11:54,F 60-64/4,F-61,209,2:36:19,57.14%
528,Jesse Ceja,"Ontario, CA",283,2:36:44,11:58,M 25-29/23,M-29,319,2:37:58,37.79%
529,Brianne Moreno,"Chino, CA",282,2:36:45,11:58,F 20-24/23,F-21,210,2:37:58,42.00%
530,Diane Quijada,"Chino Hills, CA",841,2:36:59,11:59,F 50-54/13,F-53,211,2:37:21,50.78%
531,Phil Kimble,"Manhattan Beach, CA",448,2:37:02,11:59,M 35-39/64,M-38,320,2:38:28,38.68%
532,May Tan,"Torrance, CA",613,2:37:02,11:59,F 50-54/14,F-50,212,2:38:28,48.82%
533,Trish Ah-Hing,"Torrance, CA",798,2:37:12,12:00,F 35-39/27,F-35,213,2:37:39,42.40%
534,Steve Hwang,"Santa Ana, CA",245,2:37:13,12:00,M 65-69/4,M-66,321,2:38:05,49.32%
535,Robert Walsh,"Torrance, CA",636,2:37:33,12:02,M 45-49/43,M-47,322,2:38:43,41.44%
536,Ronaldo Benaraw,"Westchester, CA",816,2:37:54,12:03,M 30-34/41,M-30,323,2:38:55,37.51%
537,Liz Edmunds,"Long Beach, CA",822,2:38:32,12:06,F 16-19/7,F-18,214,2:39:00,42.17%
538,Lorena Santana-Standard,"Montrose, CA",845,2:38:33,12:06,F 25-29/35,F-28,215,2:38:52,41.53%
539,Anne Jensen,"Sherman Oaks, CA",113,2:38:57,12:08,F 30-34/36,F-33,216,2:40:06,41.64%
540,Nanette Favatella,"La Verne, CA",697,2:39:16,12:09,F 45-49/23,F-49,217,2:40:30,47.54%
541,Jose Mendoza,"Signal Hill, CA",503,2:39:50,12:12,M 30-34/42,M-33,324,2:41:26,37.12%
542,Kathya Mendoza,"Signal Hill, CA",504,2:39:50,12:12,F 25-29/36,F-28,218,2:41:27,41.19%
543,Keith Kelley,"Covina, CA",443,2:40:04,12:13,M 65-69/5,M-65,325,2:41:25,47.97%
544,Alexander Caro,"Los Angeles, CA",677,2:40:35,12:15,M 25-29/24,M-27,326,2:41:02,36.88%
545,Glenn Higaki,"Cerritos, CA",423,2:40:43,12:16,M 60-64/14,M-62,327,2:41:32,46.41%
546,Marta Jamroz,"Los Angeles, CA",281,2:40:43,12:16,F 30-34/37,F-31,219,2:41:12,41.03%
547,Dartagnan Frank,"Rancho Santa Margarita, CA",383,2:40:44,12:16,M 50-54/40,M-52,328,2:41:19,42.38%
548,Gail Scheuer,"Glendora, CA",105,2:40:49,12:16,F 55-59/12,F-55,220,2:41:54,50.90%
549,Gayle Boulais,"Irvine, CA",314,2:40:56,12:17,F 45-49/24,F-48,221,2:41:11,46.46%
550,Shari Cipres,"Fontana, CA",337,2:41:49,12:21,F 35-39/28,F-36,222,2:43:29,41.38%
551,Jenny Foland,"Riverside, CA",381,2:41:50,12:21,F 35-39/29,F-38,223,2:43:29,41.83%
552,Katie Tunell,"Anaheim, CA",624,2:42:14,12:23,F 55-59/13,F-56,224,2:42:59,51.16%
553,Shaylene Wright,"Fontana, CA",649,2:42:20,12:23,F 25-29/37,F-29,225,2:43:31,40.56%
554,Jocelin Rickett,"Covina, CA",569,2:42:20,12:23,F 30-34/38,F-31,226,2:43:31,40.62%
555,Juana Parra,"Los Angeles, CA",217,2:42:22,12:24,F 50-54/15,F-50,227,2:42:56,47.21%
556,Edelmira Parra,"Los Angeles, CA",216,2:42:23,12:24,F 25-29/38,F-28,228,2:42:57,40.55%
557,Melinda Johnson,"Anaheim, CA",434,2:42:42,12:25,F 40-44/32,F-40,229,2:43:45,42.20%
558,Wes Phongsa,"Walnut, CA",268,2:42:44,12:25,M 30-34/43,M-30,329,2:44:16,36.39%
559,James Duldulao,"Walnut, CA",168,2:42:44,12:25,M 25-29/25,M-29,330,2:44:16,36.39%
560,Catherine Magno,"Chino, CA",175,2:42:48,12:26,F 30-34/39,F-30,230,2:43:24,40.45%
561,Sergio Chavez,"Riverside, CA",1045,2:42:52,12:26,M 35-39/65,M-36,331,2:43:10,36.81%
562,Jeanette Terredanio,"La Puente, CA",780,2:42:52,12:26,F 35-39/30,F-38,231,2:43:13,41.56%
563,Jim Grimes,"Huntington Beach, CA",406,2:42:58,12:26,M 60-64/15,M-60,332,2:43:55,44.92%
564,Paola Santana Wright,"Montrose, CA",844,2:42:58,12:26,F 25-29/39,F-29,232,2:43:17,40.40%
565,Patrick Guggino,"San Dimas, CA",158,2:43:05,12:27,M 35-39/66,M-35,333,2:44:33,36.59%
566,Melissa Gonzalez,"San Diego, CA",402,2:43:43,12:30,F 40-44/33,F-40,233,2:44:57,41.94%
567,Cynthia Fletes,"Yorba Linda, CA",378,2:45:16,12:37,F 35-39/31,F-39,234,2:46:20,41.24%
568,Claudia Ramos,"Los Angeles, CA",557,2:45:38,12:39,F 35-39/32,F-39,235,2:46:18,41.15%
569,Regina Robinson,"Granada Hills, CA",573,2:45:45,12:39,F 40-44/34,F-41,236,2:46:13,41.75%
570,Vincent Montano,"Montclair, CA",1011,2:45:46,12:39,M 45-49/44,M-47,334,2:47:27,39.39%
571,Tracy Vasquez,"Brea, CA",631,2:45:49,12:39,F 50-54/16,F-52,237,2:46:46,47.44%
572,Gary Kimble,"Diamond Bar, CA",447,2:45:50,12:39,M 55-59/25,M-58,335,2:46:27,43.33%
573,Ed Mackenzie,"San Dimas, CA",489,2:45:51,12:40,M 40-44/50,M-44,336,2:46:27,38.41%
574,Teresa Lee,"Arcadia, CA",463,2:45:55,12:40,F 45-49/25,F-48,238,2:46:49,45.07%
575,Nicole Bronson,"Los Angeles, CA",321,2:46:18,12:42,F 35-39/33,F-35,239,2:47:08,40.08%
576,Anthony Martines,"Los Angeles, CA",734,2:46:39,12:43,M 01-15/2,M-12,337,2:47:11,41.38%
577,Andrew Halcon,"Los Angeles, CA",711,2:46:40,12:43,M 01-15/3,M-12,338,2:47:12,41.37%
578,Vincent Padilla,"Placentia, CA",536,2:46:52,12:44,M 50-54/41,M-51,339,2:47:44,40.47%
579,Mike Syufy,"Verdugo City, CA",10,2:47:00,12:45,M 40-44/51,M-43,340,2:47:00,37.83%
580,Gabriel Bravo,"Glendale, CA",1033,2:47:21,12:46,M 40-44/52,M-44,341,2:47:52,38.07%
581,William Gallegos,"Arcadia, CA",271,2:47:27,12:47,M 35-39/67,M-38,342,2:47:34,36.27%
582,William Akerboom,"El Monte, CA",289,2:47:33,12:47,M 70-99/1,M-73,343,2:48:56,49.99%
583,Brian Hershey,"Arcadia, CA",421,2:47:34,12:47,M 35-39/68,M-35,344,2:48:58,35.61%
584,Doug Jones,"Valley Village, CA",1077,2:47:38,12:48,M 50-54/42,M-52,345,2:47:57,40.64%
585,Alfred Ramirez,"Chino, CA",757,2:47:39,12:48,M 30-34/44,M-31,346,2:47:49,35.33%
586,Selene Perez,"San Marino, CA",544,2:48:04,12:50,F 35-39/34,F-39,240,2:48:30,40.55%
587,Haim Geffen,"Encino, CA",826,2:48:08,12:50,M 60-64/16,M-63,347,2:48:46,44.80%
588,Teri Armstrong,"Palm Desert, CA",295,2:48:19,12:51,F 50-54/17,F-52,241,2:49:44,46.73%
589,Manuel Medrano,"Covina, CA",500,2:48:40,12:52,M 55-59/26,M-56,348,2:49:10,41.84%
590,Gabrielle Davis,"San Bernardino, CA",1021,2:49:13,12:55,F 25-29/40,F-27,242,2:50:11,38.91%
591,Sat Avtar Khalsa,"Los Angeles, CA",722,2:49:16,12:55,F 25-29/41,F-26,243,2:50:23,38.90%
592,Jim Smith,"Orange, CA",600,2:49:21,12:56,M 70-99/2,M-72,349,2:50:05,48.80%
593,Ron Cooke,"Chino, CA",346,2:49:23,12:56,M 55-59/27,M-59,350,2:50:07,42.83%
594,Dexter Emoto,"Loma Linda, CA",368,2:49:36,12:57,M 55-59/28,M-55,351,2:51:53,41.24%
595,Andrea Lahey,"San Dimas, CA",110,2:49:41,12:57,F 16-19/8,F-17,244,2:49:55,39.99%
596,Jonathan Neves,"La Verne, CA",1030,2:50:00,12:59,M 01-15/4,M-10,352,2:50:51,43.20%
597,Carol Neves,"La Verne, CA",130,2:50:00,12:59,F 50-54/18,F-51,245,2:50:52,45.68%
598,Keith Pewe,"La Verne, CA",546,2:50:27,13:01,M 60-64/17,M-62,353,2:51:28,43.76%
599,Eddie Rojo,"Los Angeles, CA",577,2:50:52,13:03,M 45-49/45,M-48,354,2:52:36,38.53%
600,M G Montgomery,"Bakersfield, CA",1086,2:50:54,13:03,F 40-44/35,F-40,246,2:52:15,40.17%
601,Cecilia Contreras,"Covina, CA",820,2:51:52,13:07,F 25-29/42,F-28,247,2:53:12,38.31%
602,Irma Ramos,"West Covina, CA",239,2:52:02,13:08,F 40-44/36,F-44,248,2:52:11,41.43%
603,Zachary Martires,"Los Angeles, CA",735,2:52:24,13:10,M 01-15/5,M-13,355,2:53:05,38.96%
604,Kasia Gorska,"San Pedro, CA",179,2:52:57,13:12,F 30-34/40,F-33,249,2:53:55,38.27%
605,Johana Caicedo,"Alta Loma, CA",326,2:53:00,13:12,F 30-34/41,F-33,250,2:54:20,38.26%
606,Eulah Holland,"Altadena, CA",146,2:53:09,13:13,F 60-64/5,F-63,251,2:53:41,53.02%
607,Laura Stokes,"San Dimas, CA",155,2:53:11,13:13,F 45-49/26,F-48,252,2:54:01,43.18%
608,Bob Patterson,"Alta Loma, CA",120,2:53:14,13:13,M 70-99/3,M-73,356,2:53:44,48.35%
609,Annie Ngor,"Lancaster, CA",524,2:53:23,13:14,F 35-39/35,F-35,253,2:54:45,38.44%
610,Mayra Tejeda,"Rialto, CA",779,2:53:35,13:15,F 25-29/43,F-28,254,2:53:53,37.93%
611,Vernon Norman,"Colton, CA",211,2:54:19,13:18,M 55-59/29,M-55,357,2:54:22,40.12%
612,Ty Colbert,"Orange, CA",341,2:56:01,13:26,M 65-69/6,M-67,358,2:56:38,44.50%
613,Ingrid Enoex-Fistore,"Alta Loma, CA",823,2:56:08,13:27,F 55-59/14,F-56,255,2:57:22,47.12%
614,Ann Steiner,"Yucaipa, CA",1046,2:56:09,13:27,F 60-64/6,F-61,256,2:57:43,50.59%
615,Christina Magoni,"Rancho Cucamonga, CA",491,2:56:09,13:27,F 55-59/15,F-55,257,2:57:23,46.47%
616,Sue Heck,"San Dimas, CA",417,2:56:40,13:29,F 25-29/44,F-28,258,2:58:01,37.27%
617,Christopher Hillman,"Pomona, CA",276,2:57:12,13:31,M 25-29/26,M-26,359,2:57:56,33.42%
618,Ann Karis,"Walnut, CA",439,2:57:26,13:33,F 20-24/24,F-24,259,3:06:13,37.11%
619,Michael Gleason,"Santa Ana, CA",398,2:57:26,13:33,M 25-29/27,M-26,360,3:06:13,33.38%
620,Sara Simon,"Claremont, CA",235,2:57:27,13:33,F 65-69/1,F-67,260,2:58:05,55.09%
621,Adnan Masood,"Ontario, CA",1026,2:57:29,13:33,M 25-29/28,M-29,361,3:03:43,33.37%
622,Rashid Kamran,"Torrance, CA",438,2:57:30,13:33,M 30-34/45,M-33,362,3:03:44,33.42%
623,Maria Elena Kunz,"Alhambra, CA",457,2:57:47,13:34,F 45-49/27,F-47,261,2:59:02,41.54%
624,Virginia Azavedo,"Irvine, CA",266,2:57:50,13:34,F 45-49/28,F-46,262,2:59:08,41.03%
625,Tammy Schuff,"Rancho Santa Margarita, CA",248,2:57:50,13:34,F 45-49/29,F-49,263,2:59:08,42.57%
626,Manuel Roberts,"Baldwin Park, CA",572,2:58:16,13:36,M 30-34/46,M-32,363,2:59:40,33.23%
627,Johanna Gonzalez,"Walnut, CA",401,2:58:38,13:38,F 40-44/37,F-44,264,2:59:42,39.90%
628,Alicia Castillo,"Hacienda Heights, CA",678,2:58:50,13:39,F 35-39/36,F-36,265,2:59:12,37.44%
629,Ronald Judge,"Corona, CA",1092,2:59:23,13:41,M 45-49/46,M-46,364,3:00:37,36.10%
630,Isabella Daniels-Campos,"Los Angeles, CA",686,3:00:07,13:45,F 01-15/2,F-13,266,3:00:42,40.71%
631,Theresa Bernal,"Los Angeles, CA",667,3:00:07,13:45,F 01-15/3,F-12,267,3:00:42,41.75%
632,Alexis De Guzman,"Los Angeles, CA",687,3:00:09,13:45,F 01-15/4,F-13,268,3:00:42,40.70%
633,Luis Llobrera,"Los Angeles, CA",731,3:00:10,13:45,M 01-15/6,M-13,365,3:00:42,37.28%
634,Juanita Guevara,"Pomona, CA",709,3:00:12,13:45,F 20-24/25,F-24,269,3:01:19,36.54%
635,Mitch Friedman,"Beverly Hills, CA",206,3:00:18,13:46,M 45-49/47,M-48,366,3:00:37,36.52%
636,Jose Avalos,"San Marino, CA",1050,3:00:24,13:46,M 35-39/69,M-39,367,3:00:50,33.93%
637,Michael Jackson,"Ontario, CA",717,3:00:29,13:47,M 55-59/30,M-55,368,3:01:16,38.75%
638,Eness Moore,"Claremont, CA",741,3:00:57,13:49,F 60-64/7,F-61,270,3:01:55,49.24%
639,Lisa Latham,"Huntington Beach, CA",461,3:01:01,13:49,F 50-54/19,F-53,271,3:02:03,44.03%
640,Carmen Rodriguez,"Whittier, CA",574,3:01:02,13:49,F 30-34/42,F-34,272,3:01:27,36.68%
641,Pauline Wong,"Anaheim, CA",795,3:01:24,13:51,F 30-34/43,F-31,273,3:01:55,36.35%
642,Barron Lu,"Monterey Park, CA",481,3:01:42,13:52,M 45-49/48,M-48,369,3:02:48,36.24%
643,Pauline Cisneros,"Baldwin Park, CA",680,3:02:56,13:58,F 40-44/38,F-42,274,3:03:48,38.18%
644,Rosemarie Rieger,"Claremont, CA",1048,3:03:33,14:01,F 60-64/8,F-62,275,3:03:41,49.27%
645,Margaret Shannon,"San Pedro, CA",593,3:04:37,14:05,F 45-49/30,F-48,276,3:05:06,40.50%
646,Alexandra Ferguson,"San Pedro, CA",374,3:04:37,14:05,F 01-15/5,F-11,277,3:05:06,41.92%
647,Bill Walsky,"Sylmar, CA",637,3:04:39,14:06,M 55-59/31,M-59,370,3:05:22,39.29%
648,Kimianne Thomas,"Burbank, CA",781,3:04:59,14:07,F 50-54/20,F-52,278,3:06:29,42.52%
649,Maria Vangilder,"San Gabriel, CA",199,3:05:21,14:09,F 55-59/16,F-56,279,3:06:26,44.78%
650,Jose Martinez,"Claremont, CA",1063,3:05:39,14:10,M 45-49/49,M-45,371,3:07:21,34.59%
651,Vanessa Casillas,"Rancho Cucamonga, CA",135,3:06:01,14:12,F 25-29/45,F-27,280,3:06:46,35.39%
652,Mark Bargman,"Chino, CA",1015,3:07:16,14:18,M 50-54/43,M-50,372,3:08:57,35.75%
653,Kevin Isago,"Burbank, CA",432,3:07:17,14:18,M 50-54/44,M-53,373,3:08:48,36.69%
654,Diane Mindrum,"Claremont, CA",1036,3:07:18,14:18,F 50-54/21,F-51,281,3:08:05,41.46%
655,Fabiola Salinas,"Alhambra, CA",582,3:07:44,14:20,F 30-34/44,F-33,282,3:08:31,35.26%
656,Grace Gutierrez,"Los Angeles, CA",710,3:07:58,14:21,F 35-39/37,F-36,283,3:08:50,35.62%
657,Eliza Llobrera,"Los Angeles, CA",730,3:08:08,14:22,F 40-44/39,F-40,284,3:09:01,36.49%
658,Jackie Joye,"Rancho Cucamonga, CA",437,3:08:10,14:22,F 40-44/40,F-44,285,3:09:42,37.88%
659,Colleen Dalit,"Los Angeles, CA",352,3:08:12,14:22,F 50-54/22,F-50,286,3:08:57,40.73%
660,Vanessa Johnston,"Fontana, CA",138,3:08:14,14:22,F 30-34/45,F-31,287,3:09:03,35.03%
661,Lidia Pina,"West Covina, CA",551,3:08:39,14:24,F 35-39/38,F-36,288,3:09:16,35.49%
662,Patricia Carlson,"Pomona, CA",676,3:08:56,14:25,F 50-54/23,F-53,289,3:10:13,42.19%
663,Gail Campofiore,"Walnut, CA",673,3:08:57,14:25,F 60-64/9,F-62,290,3:10:13,47.87%
664,Sharee Allen,"Arcadia, CA",238,3:09:06,14:26,F 60-64/10,F-64,291,3:10:11,49.30%
665,Dave Ertel,"Upland, CA",695,3:09:26,14:27,M 50-54/45,M-54,374,3:10:28,36.59%
666,Elizabeth Ertel,"Upland, CA",696,3:09:27,14:28,F 50-54/24,F-50,292,3:10:28,40.46%
667,Karima Tahir,"Rancho Cucamonga, CA",612,3:09:36,14:28,F 35-39/39,F-36,293,3:10:47,35.31%
668,Lisa Rients,"Fullerton, CA",570,3:11:11,14:35,F 35-39/40,F-38,294,3:11:36,35.41%
669,Robert Sepe,"Rancho Cucamonga, CA",591,3:11:24,14:37,M 40-44/53,M-44,375,3:13:07,33.28%
670,Noel Keller,"Claremont, CA",833,3:11:34,14:37,F 60-64/11,F-63,295,3:12:30,47.92%
671,Rosemarie Buss,"Glendale, CA",324,3:11:35,14:37,F 45-49/31,F-48,296,3:12:45,39.03%
672,Van Garner,"Claremont, CA",263,3:11:37,14:37,M 60-64/18,M-64,376,3:12:46,39.68%
673,Annabelle Serna,"Azusa, CA",112,3:11:40,14:38,F 40-44/41,F-42,297,3:12:36,36.44%
674,Alfred Calderon,"Downey, CA",1034,3:11:44,14:38,M 45-49/50,M-45,377,3:12:35,33.50%
675,Sharon Berry,"Claremont, CA",668,3:11:52,14:39,F 50-54/25,F-51,298,3:12:07,40.47%
676,Diane Hamacek,"Huntington Beach, CA",410,3:11:55,14:39,F 55-59/17,F-55,299,3:13:21,42.65%
677,Miraya Olmos,"La Verne, CA",902,3:12:04,14:40,F 25-29/46,F-27,300,3:13:30,34.28%
678,Brigitte Montmarquet,"San Dimas, CA",127,3:12:23,14:41,F 40-44/42,F-44,301,3:13:24,37.05%
679,Gabriel Ortega,"Los Angeles, CA",745,3:15:25,14:55,F 01-15/6,F-12,302,3:15:42,38.49%
680,Manisha Naik,"Anaheim, CA",521,3:15:45,14:56,F 45-49/32,F-47,303,3:16:36,37.73%
681,Debbie Pewe,"La Verne, CA",259,3:15:46,14:56,F 55-59/18,F-56,304,3:16:44,42.39%
682,Robin Yochum,"Glendora, CA",258,3:15:47,14:57,F 55-59/19,F-59,305,3:16:47,44.21%
683,Sheila Schechter,"La Verne, CA",257,3:15:48,14:57,F 50-54/26,F-54,306,3:16:47,41.24%
684,Syed Rizwan Hashmi,"Torrance, CA",416,3:16:36,15:00,M 25-29/29,M-28,378,3:22:50,30.12%
685,Cathi Zimmerman,"Anaheim, CA",133,3:16:42,15:01,F 55-59/20,F-59,307,3:18:06,44.00%
686,Mary Smith,"Newport Beach, CA",214,3:16:42,15:01,F 70-99/1,F-74,308,3:18:06,56.05%
687,Judy Ann Regan,"Pasadena, CA",842,3:17:37,15:05,F 50-54/27,F-52,309,3:18:58,39.80%
688,Alyssa Minisee,"Fort Worth, TX",156,3:20:01,15:16,F 20-24/26,F-22,310,3:20:55,32.92%
689,Sf Minisee,"Fort Worth, TX",117,3:20:01,15:16,F 40-44/43,F-40,311,3:20:56,34.33%
690,Guadalupe Ruiz,"Los Angeles, CA",766,3:20:36,15:19,F 01-15/7,F-12,312,3:21:22,37.49%
691,Andrea Deras,"Los Angeles, CA",690,3:20:36,15:19,F 01-15/8,F-12,313,3:21:22,37.49%
692,Gloria Wong,"Covina, CA",647,3:20:42,15:19,F 45-49/33,F-49,314,3:22:06,37.72%
693,Rebecca Ayala,"Los Angeles, CA",663,3:21:22,15:22,F 01-15/9,F-12,315,3:22:08,37.35%
694,Tiannah Mata,"Los Angeles, CA",736,3:21:56,15:25,F 01-15/10,F-13,316,3:21:56,36.31%
695,Rebeca Pasillas,"Hacienda Heights, CA",540,3:22:16,15:26,F 40-44/44,F-40,317,3:23:17,33.94%
696,Shelsey Quintanilla,"Los Angeles, CA",754,3:22:48,15:29,F 01-15/11,F-13,318,3:23:05,36.16%
697,Rosa Rosenburg,"Los Angeles, CA",579,3:23:12,15:30,F 60-64/12,F-62,319,3:24:17,44.51%
698,Lizette Collier,"Chino, CA",682,3:23:14,15:31,F 55-59/21,F-59,320,3:23:20,42.59%
699,Sheilla Perez,"Los Angeles, CA",545,3:25:02,15:39,F 55-59/22,F-59,321,3:26:20,42.22%
700,James Babcock,"San Bernardino, CA",301,3:25:15,15:40,M 55-59/32,M-56,379,3:26:51,34.38%
701,Katherine Thompson,"Alta Loma, CA",783,3:25:43,15:42,F 60-64/13,F-61,322,3:25:50,43.32%
702,Sarah Keeney,"Upland, CA",442,3:27:00,15:48,F 65-69/2,F-69,323,3:27:13,48.80%
703,Carol Pilgren,"Upland, CA",549,3:27:32,15:50,F 45-49/34,F-46,324,3:29:03,35.15%
704,Raul Olguin,"Montclair, CA",1064,3:30:25,16:03,M 40-44/54,M-40,380,3:32:06,29.32%
705,Rose Reyes,"Corona, CA",566,3:30:53,16:06,F 50-54/28,F-52,325,3:32:06,37.30%
706,Debra Varnado,"Los Angeles, CA",137,3:30:54,16:06,F 50-54/29,F-54,326,3:32:30,38.29%
707,Mark Reyes,"Corona, CA",565,3:30:55,16:06,M 45-49/51,M-49,381,3:32:07,31.48%
708,Diana Landais,"Pomona, CA",101,3:31:31,16:09,F 25-29/47,F-29,327,3:32:19,31.13%
709,Elise Gonzales,"Whittier, CA",706,3:34:31,16:22,F 30-34/46,F-30,328,3:34:54,30.70%
710,Ruth Horner,"Rancho Santa Margarita, CA",1039,3:35:07,16:25,F 50-54/30,F-52,329,3:35:20,36.56%
711,Brett Chabra,"Long Beach, CA",332,3:36:19,16:30,M 25-29/30,M-26,382,3:37:41,27.38%
712,Bari Smith,"Brawley, CA",599,3:36:19,16:31,F 20-24/27,F-22,330,3:37:42,30.44%
713,Brianna Murphy,"Laguna Niguel, CA",125,3:37:46,16:37,F 45-49/35,F-47,331,3:38:39,33.92%
714,Kathy Macdougall,"Laguna Niguel, CA",181,3:37:47,16:37,F 45-49/36,F-47,332,3:38:40,33.91%
715,Michelle Grimes-Hillman,"Pomona, CA",708,3:38:32,16:41,F 45-49/37,F-45,333,3:39:42,32.99%
716,Diane Collins,"Nuevo, CA",819,3:41:15,16:53,F 60-64/14,F-64,334,3:42:15,42.14%
717,April Elliston,"Adelanto, CA",129,3:43:29,17:03,F 35-39/41,F-37,335,3:44:26,30.12%
718,David Elliston,"Adelanto, CA",367,3:43:29,17:03,M 35-39/70,M-37,383,3:44:26,26.98%
719,Janice Ginther,"Pomona, CA",397,3:47:25,17:21,F NoAge/0,F-0,336,3:48:31, 0.00%
720,Laura Iwasaki,"Chino Hills, CA",716,3:50:04,17:33,F 45-49/38,F-45,337,3:50:04,31.33%
721,Ashley Paschal,"Walnut, CA",116,3:58:05,18:10,F 45-49/39,F-45,338,3:59:26,30.28%
722,Dana Kojian,"Tustin, CA",452,3:59:12,18:15,F 30-34/47,F-30,339,3:59:25,27.53%
