Bib,Name,Gender,Age,Hometown,Overall,Women,F 45-49,Age/Grade,Finish,Chip Time,Gun Time,7.5 Miles,Half,20.7 Miles
6194,Erin Strain,F,34,"San Francisco, CA",4281 out of 0,1451 out of 0,270 out of 0, 28.76% Place: 4279,8:02:33 Pace: 18:25,8:02:33,8:29:25,2:08:53 Pace: 17:12, Pace: , Pace: 
6191,Maureen Jacoby,F,47,"Alameda, CA",4282 out of 0,1452 out of 0,133 out of 0, 32.17% Place: 4258,8:02:33 Pace: 18:25,8:02:33,8:29:32,2:08:50 Pace: 17:11, Pace: , Pace: 
6192,Elena Ontiveros,F,32,"San Francisco, CA",4283 out of 0,1453 out of 0,271 out of 0, 28.75% Place: 4280,8:02:40 Pace: 18:25,8:02:40,8:29:38,2:08:48 Pace: 17:11, Pace: , Pace: 
6193,Annette Shewan,F,38,"San Francisco, CA",4284 out of 0,1454 out of 0,199 out of 0, 29.65% Place: 4276,8:02:44 Pace: 18:25,8:02:44,8:29:44,2:08:47 Pace: 17:11, Pace: , Pace: 
6188,Robert Upchurch,M,44,"San Francisco, CA",4285 out of 0,2831 out of 0,423 out of 0, 27.69% Place: 4282,8:02:49 Pace: 18:25,8:02:49,8:29:48,2:08:48 Pace: 17:11, Pace: , Pace: 
6924,Ely Orozco,F,34,"Los Angeles, CA",4286 out of 0,1455 out of 0,272 out of 0, 25.68% Place: 4284,9:00:21 Pace: 20:37,9:00:21,9:25:31,2:04:08 Pace: 16:34, Pace: , Pace: 
5921,Mira Nagrani,F,56,"Los Altos, CA",4287 out of 0,1456 out of 0,36 out of 0, 30.61% Place: 4270,9:18:49 Pace: 21:19,9:18:49,9:25:31,2:28:24 Pace: 19:48, Pace: , Pace: 
