Bib,Name,Gender,Age,Hometown,Overall,Women,F 50-54,Age/Grade,Finish,Chip Time,Gun Time,7.6 M,Half,20 M,21 M
80375,Diana Rodriguez,F,39,"Chula Vista, CA",5985 out of 5992,2057 out of 2060,299 out of 299, 32.65% Place: 5952,7:12:55 Pace: 16:31,7:12:55,8:12:21,1:38:00 Pace: 12:54,3:04:04 Pace: 14:03,5:06:40 Pace: 15:20,            Pace:            
5011,Charlotte Hagos,F,51,"Los Angeles, CA",5986 out of 5992,2058 out of 2060,111 out of 111, 37.63% Place: 5696,7:12:59 Pace: 16:31,7:12:59,7:26:57,1:51:49 Pace: 14:43,3:24:59 Pace: 15:39,5:27:02 Pace: 16:22,            Pace:            
20279,Florencio Rodriguez,M,27,"San Francisco, CA",5987 out of 5992,3929 out of 3932,620 out of 621, 28.85% Place: 5983,7:13:01 Pace: 16:31,7:13:01,7:17:50,1:47:25 Pace: 14:08,3:10:42 Pace: 14:33,5:27:55 Pace: 16:24,            Pace:            
20278,Lorena Antillon,F,26,"San Francisco, CA",5988 out of 5992,2059 out of 2060,438 out of 439, 31.27% Place: 5965,7:13:02 Pace: 16:31,7:13:02,7:17:50,1:51:27 Pace: 14:40,3:20:51 Pace: 15:20,5:27:56 Pace: 16:24,            Pace:            
80724,Christopher Rosemann,M,29,"Westminster, CA",5989 out of 5992,3930 out of 3932,621 out of 621, 28.71% Place: 5984,7:15:10 Pace: 16:36,7:15:10,8:31:26,1:32:23 Pace: 12:10,2:57:18 Pace: 13:32,            Pace:            ,            Pace:            
30843,Thomas Kroski,M,54,"Hercules, CA",5990 out of 5992,3931 out of 3932,338 out of 338, 32.96% Place: 5945,7:18:48 Pace: 16:45,7:18:48,7:23:32,1:57:05 Pace: 15:25,3:32:40 Pace: 16:14,5:34:57 Pace: 16:45,            Pace:            
31062,Bertha Pena,F,25,"Rialto, CA",5991 out of 5992,2060 out of 2060,439 out of 439, 30.19% Place: 5971,7:28:35 Pace: 17:07,7:28:35,7:53:29,1:54:02 Pace: 15:01,3:40:26 Pace: 16:49,            Pace:            ,            Pace:            
40437,Moekyaw Kyaukseinnlwin,M,38,"San Francisco, CA",5992 out of 5992,3932 out of 3932,636 out of 636, 27.95% Place: 5985,7:31:00 Pace: 17:13,7:31:00,7:57:26,1:39:49 Pace: 13:08,3:08:20 Pace: 14:22,5:18:50 Pace: 15:57,            Pace:            
