Bib,Name,Gender,Age,Hometown,Overall,Men,M 55-59,Age/Grade,Finish,Chip Time,Gun Time
7299,Vanessa Mooney,F,53,"San Diego, CA",5385 out of 5392,2691 out of 2697,151 out of 152, 35.06% Place: 5285,3:40:55 Pace: 16:52,3:40:55,3:56:27
3766,Gerard Everette,M,55,"Ramona, CA",5386 out of 5392,2695 out of 2695,134 out of 134, 31.04% Place: 5378,3:45:19 Pace: 17:12,3:45:19,3:50:38
7555,Jolie Best,F,50,"San Diego, CA",5387 out of 5392,2692 out of 2697,152 out of 152, 32.79% Place: 5354,3:47:25 Pace: 17:21,3:47:25,4:02:36
7202,Susan Kelly,F,46,"Portage, IN",5388 out of 5392,2693 out of 2697,276 out of 276, 31.23% Place: 5375,3:48:22 Pace: 17:26,3:48:22,4:03:29
6953,Dawn Cardenas,F,33,"Dulzura, CA",5389 out of 5392,2694 out of 2697,528 out of 529, 28.77% Place: 5387,3:49:50 Pace: 17:32,3:49:50,4:02:35
7409,Nadine Sayegh,F,31,"Escondido, CA",5390 out of 5392,2695 out of 2697,529 out of 529, 27.47% Place: 5389,3:59:55 Pace: 18:19,3:59:55,4:15:23
3707,Meara Demko,F,37,"Del Mar, CA",5391 out of 5392,2696 out of 2697,456 out of 457, 27.07% Place: 5390,4:07:24 Pace: 18:53,4:07:24,4:15:54
7285,Linnea Miller,F,37,"San Diego, CA",5392 out of 5392,2697 out of 2697,457 out of 457, 27.07% Place: 5391,4:07:25 Pace: 18:53,4:07:25,4:15:55
