Bib,Name,Gender,Age,Hometown,Overall,Men,M 75-99,Age/Grade,Finish,Chip Time,Gun Time
7430,Jennifer Weil,F,21,"La Jolla, CA",6321 out of 6327,3248 out of 0,297 out of 297, 29.29% Place: 6321,3:44:49 Pace: 17:09,3:44:49,3:50:53
4600,Edmund Hill,M,79,"La Jolla, CA",6322 out of 6327,3074 out of 0,3 out of 4, 41.44% Place: 5367,3:44:50 Pace: 17:10,3:44:50,3:50:55
7431,Millie Weil,F,52,"La Jolla, CA",6323 out of 6327,3249 out of 0,165 out of 165, 34.01% Place: 6215,3:44:51 Pace: 17:10,3:44:51,3:50:54
2813,Aurora Ortiz,F,69,"San Diego, CA",6324 out of 6327,3250 out of 0,18 out of 18, 42.61% Place: 5140,3:48:41 Pace: 17:27,3:48:41,3:51:16
3776,Heathre Wade,F,28,"San Diego, CA",6325 out of 6327,3251 out of 0,654 out of 654, 28.48% Place: 6323,3:51:10 Pace: 17:38,3:51:10,4:01:14
988,Henry Devries,M,55,"Oceanside, CA",6326 out of 6327,3075 out of 0,129 out of 129, 30.18% Place: 6311,3:51:44 Pace: 17:41,3:51:44,4:01:00
9767,Walter Brackelmanns Md,M,79,"Sherman Oaks, CA",6327 out of 6327,3076 out of 0,4 out of 4, 37.39% Place: 5971,4:09:11 Pace: 19:01,4:09:11,4:09:28
