Bib,Name,Gender,Age,Hometown,Overall,Men,M 50-54,Age/Grade,Finish,Chip Time,Gun Time
3555,Mary Plazony,F,72,"La Crescenta, CA",4810 out of 4815,2562 out of 2565,1 out of 1, 42.40% Place: 3481,3:58:43 Pace: 18:13,3:58:43,3:59:05
9547,Chet Carney,M,52,"San Diego, CA",4811 out of 4815,2249 out of 2250,180 out of 180, 27.00% Place: 4799,4:05:57 Pace: 18:46,4:05:57,4:18:28
4808,Lucia Ryder,F,41,"San Diego, CA",4812 out of 4815,2563 out of 2565,372 out of 373, 27.85% Place: 4795,4:09:56 Pace: 19:04,4:09:56,4:20:30
4715,Carol Morrow,F,44,"San Diego, CA",4813 out of 4815,2564 out of 2565,371 out of 373, 28.60% Place: 4788,4:09:56 Pace: 19:04,4:09:56,4:20:30
162,Malini Asher,F,44,"San Diego, CA",4814 out of 4815,2565 out of 2565,373 out of 373,4:30:30 Pace: 20:38,4:30:30,4:43:00
3628,John Simpson,M,77,"Chula Vista, CA",4815 out of 4815,2250 out of 2250,6 out of 6,4:31:37 Pace: 20:44,4:31:37,4:43:00
