Bib,Name,Gender,Age,Hometown,Overall,Women,F 40-44,Age/Grade,Finish,Chip Time,Gun Time,10 Km
7629,Linda Wildberger,F,49,"Phoenix, AZ",5961 out of 5967,3111 out of 3117,323 out of 326, 29.17% Place: 5945,4:12:32 Pace: 19:15,4:12:32,4:18:28,1:42:00 Pace: 16:24
6737,Donna Atkins,F,44,"Maricopa, AZ",5962 out of 5967,3112 out of 3117,471 out of 472, 27.72% Place: 5955,4:12:36 Pace: 19:16,4:12:36,4:18:29,1:37:12 Pace: 15:38
7565,Cynthia Uybungco,F,48,"San Diego, CA",5963 out of 5967,3113 out of 3117,324 out of 326, 28.57% Place: 5950,4:14:51 Pace: 19:26,4:14:51,4:30:09,1:57:43 Pace: 18:56
7276,Araceli Mohamed,F,46,"San Diego, CA",5964 out of 5967,3114 out of 3117,325 out of 326, 27.98% Place: 5953,4:14:52 Pace: 19:26,4:14:52,4:30:10,1:57:45 Pace: 18:57
6983,Amie Gappmayer,F,41,"El Cajon, CA",5965 out of 5967,3115 out of 3117,472 out of 472, 26.85% Place: 5959,4:14:54 Pace: 19:26,4:14:54,4:30:12,1:56:20 Pace: 18:43
6745,Joanna Baker,F,52,"San Diego, CA",5966 out of 5967,3116 out of 3117,211 out of 211, 26.16% Place: 5964,4:52:15 Pace: 22:17,4:52:15,5:07:33,            Pace:            
7116,Angela Kanish,F,46,"San Diego, CA",5967 out of 5967,3117 out of 3117,326 out of 326, 23.24% Place: 5967,5:06:53 Pace: 23:24,5:06:53,5:06:53,            Pace:            
