Bib,Name,Gender,Age,Hometown,Overall,Women,F 45-49,Age/Grade,Finish,Chip Time,Gun Time,10 Km
4873,Alicia Bizio,F,36,"Brea, CA",5849 out of 5852,3153 out of 3156,557 out of 557, 29.47% Place: 5847,3:47:14 Pace: 17:20,3:47:14,3:48:29,            Pace:            
4792,Malini Asher,F,46,"San Diego, CA",5850 out of 5852,3154 out of 3156,251 out of 252, 31.73% Place: 5820,3:49:54 Pace: 17:33,3:49:54,3:59:20,            Pace:            
7096,Nalini Desai,F,56,"San Diego, CA",5851 out of 5852,3155 out of 3156,58 out of 58, 36.07% Place: 5672,3:50:03 Pace: 17:33,3:50:03,3:59:30,            Pace:            
1849,Cheri Maclyman,F,45,"San Diego, CA",5852 out of 5852,3156 out of 3156,252 out of 252, 29.77% Place: 5843,4:02:09 Pace: 18:29,4:02:09,4:02:55,            Pace:            
