Bib,Name,Gender,Age,Hometown,Overall,Women,F 35-39,Age/Grade,Finish,Chip Time,Gun Time
1619,Amy Baker,F,31,"San Diego, CA",5393 out of 5397,2816 out of 2819,537 out of 537, 27.83% Place: 5388,3:56:56 Pace: 18:05,3:56:56,4:07:15
9666,Christina Panos-Jennings,F,38,"San Antonio, TX",5394 out of 5397,2817 out of 2819,511 out of 511, 27.88% Place: 5387,4:02:48 Pace: 18:32,4:02:48,4:12:43
2788,Debra Azvedo,F,47,"Hemet, CA",5395 out of 5397,2818 out of 2819,242 out of 242, 30.41% Place: 5379,4:02:50 Pace: 18:32,4:02:50,4:14:17
3470,Aurora Ortiz,F,66,"San Diego, CA",5396 out of 5397,2819 out of 2819,16 out of 16, 39.58% Place: 5016,4:03:02 Pace: 18:33,4:03:02,4:18:16
3391,William D McSwain,M,50,"San Diego, CA",5397 out of 5397,2578 out of 2578,213 out of 213, 27.40% Place: 5389,4:04:23 Pace: 18:39,4:04:23,4:13:59
