Bib,Name,Gender,Age,Hometown,Overall,Women,F 25-29,Age/Grade,Finish,Chip Time,Gun Time,6 Mi
6146,Monisha Sundarrajan,F,42,"Del Mar, CA",4857 out of 4862,2577 out of 2581,376 out of 377, 27.69% Place: 4842,4:07:04 Pace: 18:51,4:07:04,4:22:40,1:38:33 Pace: 16:26
5775,Jasmine Hamen,F,27,"Crestline, CA",4858 out of 4862,2578 out of 2581,457 out of 457, 26.32% Place: 4847,4:07:45 Pace: 18:54,4:07:45,4:17:28,1:43:20 Pace: 17:14
6043,Marika Rabago,F,35,"Pala, CA",4859 out of 4862,2579 out of 2581,478 out of 478, 26.45% Place: 4846,4:09:01 Pace: 19:00,4:09:01,4:24:27,            Pace:            
5711,Rhyl Ann Faeldonea-Seruelo,F,42,"San Diego, CA",4860 out of 4862,2580 out of 2581,377 out of 377, 27.46% Place: 4845,4:09:07 Pace: 19:01,4:09:07,4:24:33,1:49:34 Pace: 18:16
6262,Justin Gelish,M,39,"Escondido, CA",4861 out of 4862,2281 out of 2281,401 out of 401, 22.69% Place: 4851,4:23:00 Pace: 20:04,4:23:00,4:23:16,1:52:56 Pace: 18:50
6289,Martha Oestreich,F,73,"Jensen Beach, FL",4862 out of 4862,2581 out of 2581,11 out of 11, 35.96% Place: 4542,4:44:20 Pace: 21:42,4:44:20,4:59:48,1:48:33 Pace: 18:06
