Bib,Name,Gender,Age,Hometown,Overall,Women,F 50-54,Age/Grade,Finish,Chip Time,Gun Time,12.2 Mi,23.6
1945,William Veto,M,49,"New York, NY",3241 out of 3246,1687 out of 1689,241 out of 241, 35.64% Place: 3206,6:27:50 Pace: 14:48,6:27:50,6:27:50,            Pace:            ,            Pace:            
845,Annie King,F,51,"Decatur, GA",3242 out of 3246,1555 out of 1557,141 out of 141, 41.78% Place: 2879,6:29:59 Pace: 14:53,6:29:59,6:36:06,2:40:43 Pace: 13:11,            Pace:            
621,Shawn Trejo,M,18,"Mission Viejo, CA",3243 out of 3246,1688 out of 1689,7 out of 7, 33.17% Place: 3239,6:31:39 Pace: 14:57,6:31:39,6:38:02,3:02:46 Pace: 14:59,            Pace:            
620,Elsie Baclayon,F,44,"Mission Viejo, CA",3244 out of 3246,1556 out of 1557,262 out of 262, 38.10% Place: 3110,6:31:40 Pace: 14:57,6:31:40,6:38:02,3:02:46 Pace: 14:59,            Pace:            
619,John Trejo,M,40,"Mission Viejo, CA",3245 out of 3246,1689 out of 1689,248 out of 248, 32.68% Place: 3244,6:31:40 Pace: 14:57,6:31:40,6:38:03,3:02:45 Pace: 14:59,            Pace:            
979,Margie Whitnah,F,62,"San Carlos, CA",3246 out of 3246,1557 out of 1557,29 out of 29, 48.58% Place: 2092,6:31:57 Pace: 14:57,6:31:57,6:32:34,2:50:45 Pace: 14:00,            Pace:            
