Bib,Name,Gender,Age,Hometown,Overall,Women,F 65-69,Age/Grade,Finish,Chip Time,Gun Time
3692,Daniel Corrigan,M,57,"Monterey, CA",3449 out of 0,1944 out of 0,163 out of 0, 39.38% Place: 3266,6:17:52 Pace: 14:25,6:17:52,6:19:59
2098,Margaret Sargent,F,69,"Traverse City, MI",3450 out of 0,1506 out of 0,5 out of 0, 56.99% Place: 875,6:17:53 Pace: 14:25,6:17:53,6:22:34
2630,Richard Laine,M,80,"San Carlos, CA",3451 out of 0,1945 out of 0,1 out of 0, 52.72% Place: 1419,6:20:00 Pace: 14:30,6:20:00,6:21:20
2725,Billy Bishop,M,39,"Scottsdale, AZ",3452 out of 0,1946 out of 0,286 out of 0, 33.26% Place: 3452,6:21:41 Pace: 14:34,6:21:41,6:26:40
372,Bob Dolphin,M,80,"Renton, WA",3453 out of 0,1947 out of 0,2 out of 0, 49.25% Place: 1976,6:46:44 Pace: 15:31,6:46:44,6:47:52
