Bib,Name,Gender,Age,Hometown,Overall,Women,F 25-29,Age/Grade,Finish,Chip Time,Gun Time,6.6 M,10.8,19.2
277,Patrick Ellison,M,22,"Temecula, CA",1225 out of 1230,721 out of 721,20 out of 20, 31.26% Place: 1229,6:39:49 Pace: 15:15,6:39:49,6:41:40,1:24:05 Pace: 12:45,2:21:39 Pace: 13:07,4:33:06 Pace: 14:14
474,Sara Jannone,F,26,"Temecula, CA",1226 out of 1230,505 out of 509,72 out of 73, 33.87% Place: 1226,6:39:49 Pace: 15:15,6:39:49,6:41:40,1:22:59 Pace: 12:35,2:21:40 Pace: 13:07,4:33:07 Pace: 14:14
202,Amy Cramer,F,49,"Tucson, AZ",1227 out of 1230,506 out of 509,83 out of 84, 38.49% Place: 1206,6:52:29 Pace: 15:44,6:52:29,6:54:40,1:33:25 Pace: 14:10,2:36:27 Pace: 14:30,4:52:47 Pace: 15:15
1006,Yassi Yassemi,F,49,"Flagstaff, AZ",1228 out of 1230,507 out of 509,84 out of 84, 37.77% Place: 1214,7:00:19 Pace: 16:02,7:00:19,7:00:19,            Pace:            ,            Pace:            ,            Pace:            
412,Janet Hermalik,F,18,"Sierra Vista, AZ",1229 out of 1230,508 out of 509,5 out of 5, 32.42% Place: 1227,7:05:19 Pace: 16:14,7:05:19,7:08:00,1:21:43 Pace: 12:23,2:29:43 Pace: 13:52,4:55:04 Pace: 15:23
43,Jessie Antonellis,F,29,"Tucson, AZ",1230 out of 1230,509 out of 509,73 out of 73, 31.93% Place: 1228,7:31:07 Pace: 17:13,7:04:07,7:04:07,            Pace:            ,            Pace:            ,            Pace:            
