Bib,Name,Gender,Age,Hometown,Overall,Women,F 45-49,Age/Grade,Finish,Chip Time,Gun Time,8.5 Mile,Half Split,21.5 Mile
624,Eric Krutzsch,M,53,"Tucson, AZ",1041 out of 0,673 out of 0,94 out of 0, 37.66% Place: 1037,6:20:02 Pace: 14:30,6:20:02,6:20:45,1:46:25 Pace: 12:32,3:02:30 Pace: 13:32,4:48:36 Pace: 13:26
717,Kali Mason,F,46,"Mead, CO",1042 out of 0,369 out of 0,62 out of 0, 39.58% Place: 1031,6:28:31 Pace: 14:50,6:28:31,6:30:06,1:47:22 Pace: 12:38,3:10:48 Pace: 14:08,5:02:08 Pace: 14:04
1241,Laurel Withers,F,51,"Alpine, CA",1043 out of 0,370 out of 0,35 out of 0, 40.94% Place: 1024,6:35:01 Pace: 15:04,6:35:01,6:37:20,1:43:07 Pace: 12:08,3:05:03 Pace: 13:43,5:01:04 Pace: 14:01
1154,Jack Tutterrow,M,67,"Dallas, TX",1044 out of 0,674 out of 0,9 out of 0, 41.23% Place: 1021,6:39:43 Pace: 15:15,6:39:43,6:41:05,1:39:25 Pace: 11:42,2:58:14 Pace: 13:13,5:00:46 Pace: 14:00
275,Susan Daley,F,46,"Chicago, IL",1045 out of 0,371 out of 0,63 out of 0, 36.87% Place: 1039,6:57:02 Pace: 15:55,6:57:02,7:12:02,2:08:50 Pace: 15:10,3:29:31 Pace: 15:32,5:30:47 Pace: 15:24
1261,Vera Archuleta,F,48,"Tucson, AZ",1046 out of 0,372 out of 0,64 out of 0, 35.17% Place: 1041,7:25:52 Pace: 17:01,7:25:52,8:05:52, Pace: , Pace: , Pace: 
