Place,Name,Location,Bib,Net Time,Pace,Division/Place,Sex-Age,Sex-Place,Gun Time,Age Grade
1,Michael Mahurin,"Culver City, CA",593,2:38:38,6:04,M 35-39/0,M-38,1,2:38:38,79.47%
2,Romano Scaturro,"Cornville, AZ",1280,2:39:21,6:05,M 45-49/0,M-45,2,2:39:21,83.78%
3,Matthew Cavanaugh,"Sierra Vista, AZ",176,2:42:53,6:13,M 25-29/0,M-29,3,2:42:53,76.70%
4,Jeff Stevens,"Tucson, AZ",1267,2:43:36,6:15,M 40-44/1,M-44,4,2:43:36,80.90%
5,Josh Terwoord,"Flagstaff, AZ",905,2:44:19,6:17,M 25-29/1,M-25,5,2:44:22,76.03%
6,Dave Krupski,"Phoenix, AZ",1252,2:46:53,6:22,M 30-34/1,M-32,6,2:46:56,74.86%
7,Nate White,"San Diego, CA",964,2:47:06,6:23,M 30-34/2,M-31,7,2:47:07,74.76%
8,Dana Patton,"Albuquerque, NM",1247,2:47:28,6:24,M 20-24/1,M-24,8,2:47:28,74.60%
9,Paul Brown,"Waconia, MN",142,2:48:37,6:26,M 50-54/1,M-51,9,2:48:38,83.46%
10,Jugant Laurent,"Montreal, QC",538,2:49:37,6:29,M 35-39/1,M-38,10,2:49:37,74.32%
11,Julie SimcIk,"Chandler, AZ",855,2:50:12,6:30,F 25-29/0,F-26,1,2:50:12,79.58%
12,Adam Greene,"San Diego, CA",349,2:51:29,6:33,M 35-39/2,M-38,11,2:51:32,73.51%
13,Dane Rauschenberg,"Salt Lake City, UT",1272,2:51:40,6:33,M 30-34/3,M-32,12,2:51:51,72.77%
14,Steve Greenwell,"Tucson, AZ",350,2:52:53,6:36,M 45-49/1,M-47,13,2:52:54,78.57%
15,Brian Dunfey,"Edwards, CO",257,2:52:59,6:36,M 45-49/2,M-49,14,2:52:59,79.91%
16,Donovan Kelly,"Phoenix, AZ",483,2:53:19,6:37,M 30-34/4,M-33,15,2:53:19,72.08%
17,William Mandler,"Pocatello, ID",597,2:53:24,6:37,M 40-44/2,M-44,16,2:53:28,76.32%
18,Andrew Hutchison,"Chicago, IL",1088,2:53:36,6:38,M 30-34/5,M-30,17,2:55:54,71.96%
19,Jesse Alexander,"Cornville, AZ",31,2:54:27,6:40,M 40-44/3,M-42,18,2:54:29,74.60%
20,Louis Gardner,"San Diego, CA",327,2:54:28,6:40,M 45-49/3,M-47,19,2:54:32,77.85%
21,Darrin Eisman,"Golden, CO",268,2:55:22,6:42,M 40-44/4,M-43,20,2:55:22,74.84%
22,Sung Ho Choi,"Jacksonville, FL",195,2:55:23,6:42,M 30-34/6,M-32,21,2:55:26,71.23%
23,Amanda Nilsen,"Denver, CO",695,2:55:57,6:43,F 25-29/0,F-29,2,2:55:57,76.98%
24,Jeffrey Johnson,"Socorro, NM",1093,2:58:21,6:49,M 35-39/3,M-36,22,2:58:25,70.12%
25,Brian Reardon,"Jemez Springs, NM",776,2:58:50,6:50,M 35-39/4,M-38,23,2:58:59,70.49%
26,Patrick Beckwith,"Sierra Vista, AZ",1294,2:59:19,6:51,M 20-24/2,M-24,24,2:59:19,69.67%
27,Susie Meyerskennedy,"Chandler, AZ",1290,2:59:31,6:51,F 40-44/0,F-43,3,2:59:31,82.18%
28,Mathieu Girard,"Chambly, QC",339,3:00:34,6:54,M 30-34/7,M-33,25,3:01:23,69.18%
29,James Winfield,"Park City, UT",1254,3:01:39,6:56,M 40-44/5,M-42,26,3:01:39,71.65%
30,Josiah Matthews,"Castle Rock, CO",616,3:01:55,6:57,M 30-34/8,M-33,27,3:01:57,68.67%
31,Anders Hansson,"Gothenburg, SW",368,3:01:55,6:57,M 45-49/4,M-45,28,3:01:57,73.38%
32,Doug Williams,"Tucson, AZ",973,3:02:01,6:57,M 40-44/6,M-41,29,3:02:04,70.92%
33,Brett Bernacchi,"Phoenix, AZ",88,3:02:13,6:57,M 35-39/5,M-36,30,3:02:19,68.63%
34,Grant Eldred,"Bellemont, AZ",270,3:02:43,6:59,M 30-34/9,M-30,31,3:03:28,68.37%
35,Carolyn Gersh,"Ann Arbor, MI",335,3:03:37,7:01,F 25-29/1,F-27,4,3:03:44,73.76%
36,Mark Payne,"San Diego, CA",727,3:04:09,7:02,M 35-39/6,M-36,32,3:04:10,67.91%
37,Max Mujynya,"Santa Fe, NM",672,3:04:42,7:03,M 40-44/7,M-42,33,3:04:59,70.46%
38,Gerson Coronado,"Hermosillo, DF",208,3:05:22,7:05,M 25-29/2,M-29,34,3:05:22,67.40%
39,Jennifer Schaffner,"Golden, CO",824,3:05:25,7:05,F 35-39/1,F-37,5,3:05:31,74.92%
40,Eric Edwards,"Bend, OR",264,3:06:05,7:06,M 25-29/3,M-29,35,3:06:14,67.14%
41,Greg Adams,"Seattle, WA",23,3:06:05,7:06,M 55-59/1,M-57,36,3:06:05,79.96%
42,John Zobel,"Seattle, WA",1185,3:06:05,7:06,M 45-49/5,M-48,37,3:06:05,73.63%
43,Brett Bell,"Farmington, UT",81,3:06:14,7:07,M 30-34/10,M-33,38,3:06:15,67.08%
44,Chris Matters,"Charlottetown, PE",615,3:07:09,7:09,M 35-39/7,M-35,39,3:07:27,66.75%
45,Travis Johnson,"Albuquerque, NM",460,3:07:35,7:10,M 30-34/11,M-31,40,3:08:02,66.60%
46,Marcus Hille,"Sedona, AZ",405,3:07:43,7:10,M 35-39/8,M-35,41,3:07:46,66.55%
47,D Wells,"Des Moines, IA",961,3:08:02,7:11,M 40-44/8,M-41,42,3:08:07,68.65%
48,Chris Chesher,"Tucson, AZ",190,3:08:04,7:11,M 30-34/12,M-32,43,3:08:10,66.43%
49,Mark Cullivan,"Del Mar, CA",1046,3:08:27,7:12,M 40-44/9,M-40,44,3:08:35,67.93%
50,Michael McNeill,"Tucson, AZ",636,3:08:29,7:12,M 25-29/4,M-27,45,3:08:39,66.28%
51,Karla Sokolovic,"Phoenix, AZ",1289,3:08:32,7:12,F 35-39/2,F-36,6,3:09:32,73.24%
52,Craig Hafer,"Colorado Springs, CO",357,3:09:00,7:13,M 50-54/2,M-52,46,3:09:03,75.14%
53,Janet Trujillo,"Albuquerque, NM",923,3:09:06,7:13,F 30-34/1,F-33,7,3:09:11,72.08%
54,James Kennedy,"Saint Paul, MN",486,3:09:06,7:13,M 40-44/10,M-43,47,3:09:08,69.41%
55,Christopher Muraco,"Tucson, AZ",676,3:09:17,7:14,M 25-29/5,M-27,48,3:09:27,66.00%
56,Brian McKinley,"Flagstaff, AZ",634,3:09:26,7:14,M 20-24/3,M-22,49,3:09:30,65.98%
57,Peter Spina,"Denver, CO",875,3:09:47,7:15,M 30-34/13,M-30,50,3:09:48,65.83%
58,John Howard,"Germantown, MD",1085,3:09:50,7:15,M 35-39/9,M-36,51,3:10:15,65.88%
59,Thomas Hatathli,"Tuba City, AZ",1266,3:10:07,7:16,M 50-54/3,M-50,52,3:10:16,73.36%
60,Richard Ehrlich,"Caledon, ON",265,3:10:17,7:16,M 45-49/6,M-47,53,3:10:34,71.38%
61,Timothy Wilson,"Vista, CA",1210,3:10:27,7:16,M 40-44/11,M-42,54,3:11:04,68.34%
62,Daniel Brinkman,"Phoenix, AZ",136,3:10:46,7:17,M 30-34/14,M-33,55,3:10:48,65.49%
63,Alexandra Blake,"Tucson, AZ",1265,3:10:52,7:17,F 25-29/2,F-25,8,3:11:05,70.95%
64,Russell Hamilton,"Tucson, AZ",363,3:11:24,7:18,M 45-49/7,M-47,56,3:11:52,70.97%
65,Kirsten Dawson,"Sierra Vista, AZ",237,3:11:24,7:18,F 20-24/1,F-22,9,3:11:47,70.76%
66,Paul Kramer,"Phoenix, AZ",1278,3:11:25,7:19,M 40-44/12,M-40,57,3:11:30,66.88%
67,Dennis Hutchinson,"Charlotte, NC",433,3:11:34,7:19,M 35-39/10,M-36,58,3:11:43,65.28%
68,Jeremy Andre,"Azusa, CA",39,3:11:35,7:19,M 35-39/11,M-38,59,3:11:40,65.80%
69,Brian Frank,"Valencia, CA",1281,3:11:41,7:19,M 45-49/8,M-49,60,3:11:47,72.11%
70,Francisco Ricalde,"Mexico City, DF",787,3:11:57,7:20,M 35-39/12,M-38,61,3:12:04,65.67%
71,Phil McNamee,"Tucson, AZ",1108,3:11:59,7:20,M 55-59/2,M-55,62,3:12:05,76.05%
72,Jason Macevicius,"Phoenix, AZ",585,3:12:02,7:20,M 35-39/13,M-35,63,3:12:19,65.06%
73,Carrie Weldy,"Laveen, AZ",960,3:12:18,7:21,F 30-34/2,F-30,10,3:12:36,70.45%
74,Tom Lewis,"Omaha, NE",558,3:12:23,7:21,M 40-44/13,M-40,64,3:12:27,66.54%
75,Chuck Kaminski,"Manhattan Beach, CA",469,3:12:27,7:21,M 50-54/4,M-53,65,3:12:48,74.47%
76,Cory Hove,"Mesa, AZ",1084,3:12:29,7:21,M 45-49/9,M-46,66,3:14:15,69.95%
77,Scott Kurtz,"Chandler, AZ",524,3:12:38,7:21,M 35-39/14,M-35,67,3:12:45,64.85%
78,Ian Brisbin,"Hamilton, ON",138,3:12:49,7:22,M 35-39/15,M-35,68,3:13:32,64.79%
79,Cynthia Coffman,"Boise, ID",1038,3:12:52,7:22,F 35-39/3,F-35,11,3:12:57,71.22%
80,Scott Bussing,"Vancouver, WA",1031,3:13:01,7:22,M 40-44/14,M-43,69,3:13:12,68.00%
81,Felton Wright,"Tallahassee, FL",992,3:13:06,7:22,M 50-54/5,M-51,70,3:13:08,72.88%
82,Gerry Nelson,"Austin, TX",685,3:13:42,7:24,M 40-44/15,M-43,71,3:13:49,67.76%
83,Lauren Kearney,"Carlsbad, CA",479,3:13:58,7:24,F 40-44/1,F-42,12,3:14:05,74.78%
84,Dan Jones,"Sierra Vista, AZ",1094,3:14:14,7:25,M 40-44/16,M-43,72,3:14:30,67.57%
85,Daniel Hadlich,"Albuquerque, NM",356,3:14:25,7:25,M 35-39/16,M-38,73,3:14:30,64.84%
86,Richard Borsini,"Redondo Beach, CA",114,3:15:09,7:27,M 30-34/15,M-34,74,3:15:27,64.02%
87,Michael Bedley,"Willow Beach, ON",78,3:15:11,7:27,M 60-64/1,M-61,75,3:15:12,79.27%
88,Carlos Montano,"North Attleboro, MA",656,3:15:26,7:28,M 35-39/17,M-35,76,3:15:37,63.92%
89,Sam Felsenfeld,"Foothill Ranch, CA",292,3:15:32,7:28,M 30-34/16,M-34,77,3:15:37,63.89%
90,Joshua Johnson,"Colorado Springs, CO",454,3:15:40,7:28,M 30-34/17,M-32,78,3:16:53,63.85%
91,Ian Chapple,"Scottsdale, AZ",186,3:16:13,7:30,M 30-34/18,M-34,79,3:17:20,63.67%
92,Mike Gleason,"Chicago, IL",340,3:16:44,7:31,M 35-39/18,M-36,80,3:17:11,63.57%
93,Trevor Neeb,"San Diego, CA",684,3:16:46,7:31,M 25-29/6,M-29,81,3:16:48,63.49%
94,Tim Roward,"Tucson, AZ",1216,3:17:03,7:31,M 45-49/10,M-47,82,3:17:40,68.93%
95,Gil Gutierrez,"El Paso, TX",354,3:17:04,7:31,M 35-39/19,M-39,83,3:17:10,64.43%
96,Emily Baker,"Scottsdale, AZ",56,3:17:45,7:33,F 25-29/3,F-29,13,3:19:34,68.48%
97,Ronald Pina,"Scottsdale, AZ",747,3:17:50,7:33,M 50-54/6,M-50,84,3:19:37,70.50%
98,Eric Dunbar,"Tucson, AZ",1277,3:17:53,7:33,M 40-44/17,M-44,85,3:17:57,66.88%
99,Amy Almeida,"Parker, CO",34,3:17:54,7:33,F 30-34/3,F-34,14,3:17:58,69.11%
100,Scott Manley,"Whispering Pines, NC",598,3:17:55,7:33,M 25-29/7,M-25,86,3:18:39,63.12%
101,Katie Prince,"Oro Valley, AZ",763,3:17:57,7:33,F 25-29/4,F-29,15,3:18:07,68.42%
102,Brian Brereton,"Oro Valley, AZ",127,3:18:02,7:34,M 25-29/8,M-29,87,3:18:21,63.08%
103,John Heisner,"Oceanside, CA",393,3:18:08,7:34,M 40-44/18,M-43,88,3:18:11,66.24%
104,Niall Donohue,"El Paso, TX",1188,3:18:09,7:34,M 35-39/20,M-37,89,3:18:13,63.30%
105,Francesca Chavez,"Albuquerque, NM",1230,3:18:40,7:35,F 40-44/2,F-41,16,3:18:48,72.25%
106,Timothy Loomis,"Las Cruces, NM",571,3:18:45,7:35,M 40-44/19,M-40,90,3:18:48,64.41%
107,Erica McClurg,"Scottsdale, AZ",624,3:18:56,7:36,F 35-39/4,F-38,17,3:19:10,70.31%
108,David Shane,"Northfield, IL",846,3:19:02,7:36,M 40-44/20,M-42,91,3:19:14,65.39%
109,Micky Gilbert,"Wheatridge, CO",1204,3:19:13,7:36,M 35-39/21,M-38,92,3:19:13,63.28%
110,John Miller,"Zuni, NM",1110,3:19:19,7:37,M 35-39/22,M-39,93,3:20:45,63.70%
111,Adrian Korosec,"Tucson, AZ",514,3:19:21,7:37,M 35-39/23,M-37,94,3:19:51,62.92%
112,Lahcen Fatimi,"Phoenix, AZ",287,3:19:22,7:37,M 40-44/21,M-41,95,3:19:39,64.74%
113,David Heidt,"Boise, ID",389,3:19:30,7:37,M 45-49/11,M-49,96,3:19:33,69.29%
114,Keith Kandetzke,"San Antonio, TX",1227,3:19:43,7:38,M 25-29/9,M-26,97,3:20:06,62.55%
115,Robert Kec,"Prescott, AZ",480,3:19:47,7:38,M 40-44/22,M-41,98,3:20:08,64.61%
116,Takeshi Inomata,"Tucson, AZ",437,3:19:54,7:38,M 45-49/12,M-47,99,3:19:56,67.95%
117,Pakalomattom Kurian,"Las Vegas, NV",523,3:19:58,7:38,M 40-44/23,M-41,100,3:20:06,64.55%
118,John Daly,"Mesa, AZ",230,3:20:07,7:38,M 35-39/24,M-38,101,3:20:23,62.99%
119,Marc Dagenais,"St Bruno, QC",224,3:20:13,7:39,M 45-49/13,M-46,102,3:21:23,67.25%
120,Brett Bawden,"Pocatello, ID",74,3:20:17,7:39,M 40-44/24,M-40,103,3:20:55,63.91%
121,Brian Luschwitz,"Escondido, CA",580,3:20:44,7:40,M 40-44/25,M-41,104,3:21:04,64.30%
122,Taissir Chouman,"Mesa, AZ",1035,3:21:11,7:41,M 35-39/25,M-36,105,3:21:28,62.16%
123,Brian Fredley,"Daytona Beach, FL",309,3:21:45,7:42,M 40-44/26,M-40,106,3:22:08,63.45%
124,Douglas Klein,"Fairlawn, OH",499,3:22:02,7:43,M 45-49/14,M-47,107,3:22:21,67.23%
125,Roger Dahlgran,"Tucson, AZ",227,3:22:04,7:43,M 55-59/3,M-56,108,3:22:19,72.94%
126,Maureen Meyer,"Flagstaff, AZ",619,3:22:05,7:43,F 40-44/3,F-43,18,3:22:29,72.59%
127,Richard Park,"Colorado Springs, CO",720,3:22:12,7:43,M 55-59/4,M-55,109,3:22:16,72.21%
128,Lorrie Chinn,"Scottsdale, AZ",192,3:22:42,7:44,F 40-44/4,F-42,19,3:22:52,71.56%
129,Matthew Wichser,"Gilbert, AZ",1268,3:23:03,7:45,M 30-34/19,M-30,110,3:24:45,61.53%
130,Adam Folts,"Phoenix, AZ",304,3:23:06,7:45,M 20-24/4,M-22,111,3:23:11,61.54%
131,Robert Toonkel,"Arlington, VA",912,3:23:15,7:46,M 30-34/20,M-33,112,3:23:23,61.46%
132,Brett Ruckle,"Mesa, AZ",809,3:23:16,7:46,M 40-44/27,M-42,113,3:24:39,64.03%
133,Mike Bridschge,"Coolidge, AZ",132,3:23:18,7:46,M 40-44/28,M-44,114,3:23:31,65.10%
134,John Hetrick,"Phoenix, AZ",399,3:23:18,7:46,M 40-44/29,M-41,115,3:23:26,63.49%
135,Meaghan Hanifin,"Chicago, IL",366,3:23:19,7:46,F 25-29/5,F-27,20,3:23:46,66.61%
136,Timothy Wyant,"Sierra Vista, AZ",994,3:23:20,7:46,M 25-29/10,M-29,116,3:24:56,61.44%
137,Eric Cameron,"San Antonio, TX",161,3:23:39,7:47,M 35-39/26,M-35,117,3:25:22,61.34%
138,Dave Collett,"Phoenix, AZ",200,3:23:46,7:47,M 45-49/15,M-45,118,3:24:09,65.51%
139,Bob Young,"Mesa, AZ",999,3:23:48,7:47,M 45-49/16,M-49,119,3:23:55,67.83%
140,Brian Craze,"Phoenix, AZ",213,3:23:48,7:47,M 45-49/17,M-48,120,3:24:09,67.23%
141,Todd Sewell,"Bellingham, WA",842,3:23:49,7:47,M 45-49/18,M-46,121,3:24:08,66.06%
142,Lito Silla,"Mesa, AZ",1150,3:23:52,7:47,M 45-49/19,M-46,122,3:25:39,66.05%
143,Russell Blue,"Clifton Park, NY",107,3:23:59,7:47,M 35-39/27,M-39,123,3:25:48,62.24%
144,Dan Perino,"Tucson, AZ",733,3:24:07,7:48,M 50-54/7,M-53,124,3:24:18,70.21%
145,Raymond Wong,"Palmdale, CA",985,3:24:10,7:48,M 45-49/20,M-46,125,3:24:10,65.95%
146,Herbert Hoisl,"San Jose, CA",1080,3:24:21,7:48,M 50-54/8,M-52,126,3:24:30,69.49%
147,Trevor Kimball,"Valencia, CA",491,3:24:28,7:48,M 40-44/30,M-42,127,3:24:32,63.65%
148,Ken Bauer,"Carlsbad, CA",1020,3:24:36,7:49,M 55-59/5,M-57,128,3:27:36,72.73%
149,Clifford J Schexnayder,"Chandler, AZ",826,3:24:48,7:49,M 35-39/28,M-39,129,3:25:04,61.99%
150,Jon Centofranchi,"Escondido, CA",178,3:25:00,7:50,M 40-44/31,M-44,130,3:25:16,64.56%
151,Jeff Dorrill,"Dallas, TX",250,3:25:01,7:50,M 45-49/21,M-47,131,3:25:02,66.25%
152,Bob Ward,"Federal Way, WA",949,3:25:10,7:50,M 50-54/9,M-51,132,3:25:49,68.59%
153,Bob Harmon,"Los Alamos, NM",374,3:25:18,7:50,M 45-49/22,M-45,133,3:25:26,65.02%
154,Eric Pierson,"Durango, CO",746,3:25:25,7:51,M 45-49/23,M-49,134,3:25:42,67.29%
155,Liz Lichtenberger,"Carlsbad, CA",560,3:25:30,7:51,F 35-39/5,F-39,21,3:25:37,68.59%
156,Enique Garcia,"Tucson, AZ",1242,3:25:40,7:51,M 45-49/24,M-45,135,3:25:40,64.91%
157,Deborah Gill,"Scottsdale, AZ",1068,3:25:43,7:51,F 35-39/6,F-37,22,3:26:06,67.53%
158,Mark Coffman,"Boise, ID",1039,3:25:44,7:51,M 40-44/32,M-40,136,3:25:50,62.22%
159,Robert Bishton,"Fort Myers Beach, FL",99,3:25:57,7:52,M 55-59/6,M-58,137,3:26:07,72.94%
160,Chris Willems,"Phoenix, AZ",971,3:26:00,7:52,M 45-49/25,M-45,138,3:26:22,64.80%
161,Tom Hickenlooper,"Tucson, AZ",401,3:26:13,7:52,M 35-39/29,M-35,139,3:26:53,60.58%
162,Jennifer Cubillas,"Louisville, CO",216,3:26:13,7:52,F 35-39/7,F-39,23,3:26:18,68.35%
163,John Yau,"Tucson, AZ",997,3:26:13,7:52,M 30-34/21,M-32,140,3:26:37,60.58%
164,Dino Farfante,"Phoenix, AZ",286,3:26:45,7:54,M 45-49/26,M-46,141,3:26:58,65.12%
165,Jim Droz,"Palatine, IL",254,3:26:47,7:54,M 50-54/10,M-53,142,3:26:57,69.31%
166,Jeff Fultz,"Shiprock, NM",1066,3:26:49,7:54,M 45-49/27,M-46,143,3:26:57,65.10%
167,Randy Sooter,"Tucson, AZ",1195,3:26:49,7:54,M 30-34/22,M-30,144,3:27:00,60.40%
168,Robert Nichols,"Mesa, AZ",690,3:26:53,7:54,M 40-44/33,M-43,145,3:27:10,63.44%
169,Mary Schacht,"Seattle, WA",823,3:26:55,7:54,F 35-39/8,F-39,24,3:27:16,68.12%
170,Jane Larkindale,"Tucson, AZ",533,3:27:28,7:55,F 30-34/4,F-33,25,3:28:04,65.69%
171,Leilani Runnalot,"Tucson, AZ",1200,3:27:42,7:56,F 25-29/6,F-27,26,3:27:53,65.20%
172,Janet Shaw,"Scottsdale, AZ",1209,3:27:44,7:56,F 45-49/1,F-46,27,3:27:50,73.21%
173,Mick Barrett,"Cardiff, CA",66,3:27:51,7:56,M 50-54/11,M-51,146,3:27:58,67.71%
174,Matt Panipinto,"Tucson, AZ",1124,3:27:54,7:56,M 45-49/28,M-46,147,3:31:30,64.76%
175,Michael Duer,"Tucson, AZ",255,3:27:59,7:56,M 35-39/30,M-39,148,3:30:58,61.04%
176,Alec Briones,"Arroyo Grande, CA",137,3:28:04,7:57,M 55-59/7,M-56,149,3:28:21,70.84%
177,Carl Spina,"Saline, MI",874,3:28:05,7:57,M 30-34/23,M-30,150,3:28:13,60.04%
178,Bryan Fearn,"Henderson, NV",290,3:28:06,7:57,M 30-34/24,M-33,151,3:28:18,60.03%
179,Terry Marcott,"Apex, NC",601,3:28:07,7:57,M 50-54/12,M-51,152,3:28:12,67.62%
180,Nathan Soules,"Leesburg, VA",870,3:28:11,7:57,M 25-29/11,M-25,153,3:28:16,60.01%
181,Shawn Byrne,"Castle Rock, CO",1032,3:28:21,7:57,M 45-49/29,M-45,154,3:28:31,64.07%
182,Patrick Newman,"Centerville, UT",688,3:28:24,7:57,M 30-34/25,M-31,155,3:29:50,59.95%
183,Robin Watson,"Scottsdale, AZ",954,3:28:29,7:58,F 25-29/7,F-29,28,3:28:44,64.96%
184,Guy Milner,"Edmonton, AB",1111,3:28:31,7:58,M 50-54/13,M-50,156,3:28:53,66.89%
185,Steve Hollander,"Tucson, AZ",1082,3:28:45,7:58,M 40-44/34,M-44,157,3:28:51,63.40%
186,Danelle Fron,"Gilbert, AZ",1064,3:28:49,7:58,F 40-44/5,F-40,29,3:29:19,68.08%
187,Christina Kosednar,"Chandler, AZ",515,3:28:52,7:58,F 25-29/8,F-25,30,3:29:24,64.84%
188,Gary Welte,"Scottsdale, AZ",1241,3:29:11,7:59,M 50-54/14,M-51,158,3:29:18,67.27%
189,Tim Dyson,"Palo Alto, CA",261,3:29:13,7:59,M 45-49/30,M-48,159,3:29:22,65.49%
190,Andy Lande,"Silver City, NM",530,3:29:17,7:59,M 45-49/31,M-46,160,3:29:29,64.34%
191,David Bryan,"Boulder, CO",1029,3:29:18,7:59,M 45-49/32,M-48,161,3:29:33,65.46%
192,Miles Lindsay,"Fontana, CA",565,3:29:26,8:00,M 35-39/31,M-37,162,3:29:28,59.89%
193,Luis Leon,"Tucson, AZ",1237,3:29:30,8:00,M 35-39/32,M-39,163,3:29:42,60.60%
194,Robert Britain,"Wayzata, MN",1275,3:29:32,8:00,M 50-54/15,M-50,164,3:29:42,66.57%
195,Steve Darby,"Baytown, TX",231,3:29:40,8:00,M 50-54/16,M-53,165,3:30:27,68.35%
196,Paul Carmona,"Austin, TX",172,3:29:40,8:00,M 40-44/35,M-44,166,3:30:05,63.12%
197,Bradley Rhodes,"Oceanside, CA",783,3:29:45,8:00,M 40-44/36,M-44,167,3:29:58,63.10%
198,Art Montoya Jr,"Los Alamos, NM",658,3:29:50,8:01,M 45-49/33,M-45,168,3:29:59,63.62%
199,Jane Sanders,"Boulder, CO",818,3:29:50,8:01,F 40-44/6,F-43,31,3:30:03,69.91%
200,Michael Cosgrove,"Vail, AZ",1187,3:29:52,8:01,M 40-44/37,M-42,169,3:30:11,62.01%
501,Steve Birdsell,"Los Alamos, NM",94,3:56:52,9:03,M 50-54/41,M-50,366,3:58:28,58.88%
502,Mike Fron,"Gilbert, AZ",1065,3:56:54,9:03,M 45-49/70,M-46,367,3:57:53,56.84%
503,James Flaherty,"Huntington Beach, CA",1198,3:57:03,9:03,M 50-54/42,M-50,368,3:57:37,58.84%
504,Eric Klein,"New York, NY",500,3:57:08,9:03,M 50-54/43,M-54,369,3:58:58,61.00%
505,Brian Stowe,"Trabuco Canyon, CA",1158,3:57:11,9:03,M 45-49/71,M-47,370,3:57:31,57.27%
506,Salvador Almeida,"El Paso, TX",1009,3:57:15,9:03,M 50-54/44,M-51,371,3:58:31,59.32%
507,John Litteer,"Tucson, AZ",1286,3:57:23,9:04,M 40-44/79,M-43,372,3:59:20,55.29%
508,Glenn Alan,"Tucson, AZ",28,3:57:44,9:05,M 55-59/30,M-59,373,3:58:02,63.80%
509,Keith Pollock,"Fairbanks, AK",750,3:57:46,9:05,M 55-59/31,M-56,374,3:59:18,61.99%
510,Brett Koch,"Early, TX",508,3:57:50,9:05,M 40-44/80,M-44,375,3:59:17,55.65%
511,Susan Vandyck,"Abbotsford, BC",1169,3:57:51,9:05,F 30-34/28,F-30,136,3:58:09,56.96%
512,Justin Peschka,"Tucson, AZ",2816,3:57:52,9:05,M 30-34/47,M-33,376,3:58:17,52.52%
513,Tracy Mulvaney,"Casa Grande, AZ",674,3:57:53,9:05,F 35-39/30,F-38,137,3:58:19,58.80%
514,Angela Gohlke,"Chandler, AZ",343,3:57:55,9:05,F 30-34/29,F-33,138,3:58:34,57.29%
515,Merrilee Hurson,"Yakima, WA",428,3:57:59,9:05,F 50-54/6,F-50,139,3:57:59,67.19%
516,Erika Sanchez,"San Diego, CA",816,3:58:07,9:05,F 20-24/4,F-22,140,3:58:21,56.87%
517,Robert Perez,"Tucson, AZ",1127,3:58:18,9:06,M 65-69/2,M-66,377,4:00:04,68.32%
518,Frances Voulelis,"Boise, ID",943,3:58:31,9:06,F 45-49/18,F-48,141,3:59:22,65.36%
519,Holly Justice,"Tucson, AZ",1211,3:58:39,9:07,F 30-34/30,F-31,142,3:59:32,56.84%
520,Christina Kaufman,"Tucson, AZ",477,3:58:39,9:07,F 30-34/31,F-30,143,3:59:32,56.77%
521,Mary Fischl,"Spring Valley Lake, CA",1060,3:58:42,9:07,F 45-49/19,F-48,144,3:59:13,65.31%
522,Marcus Adkinson,"Sahuarita, AZ",24,3:58:43,9:07,M 30-34/48,M-34,378,3:59:29,52.33%
523,Lisa Carlucci,"Victorville, CA",169,3:58:45,9:07,F 45-49/20,F-49,145,3:59:13,66.13%
524,Elisabeth Woodrich,"Tucson, AZ",988,3:58:47,9:07,F 40-44/27,F-42,146,3:59:50,60.74%
525,Chris Morris,"Santa Cruz, CA",667,3:58:50,9:07,M 25-29/25,M-25,379,3:59:38,52.31%
526,Ronny Guerrero,"Plano, TX",353,3:58:50,9:07,M 35-39/61,M-35,380,3:59:06,52.31%
527,Raymond Wang,"San Diego, CA",948,3:58:54,9:07,M 40-44/81,M-41,381,3:59:30,54.03%
528,Joanne Jackson,"Loveland, CO",443,3:58:55,9:07,F 55-59/2,F-56,147,3:59:36,72.53%
529,Ramon Cueva,"Tucson, AZ",217,3:58:56,9:07,M 25-29/26,M-25,382,4:00:16,52.28%
530,Wayne Richard,"Tucson, AZ",788,3:58:59,9:07,M 30-34/49,M-32,383,3:59:34,52.27%
531,Deborah Goodwin,"Phoenix, AZ",1069,3:58:59,9:07,F 35-39/31,F-36,148,4:02:08,57.78%
532,Tom Bell,"Medford, OR",83,3:59:03,9:08,M 35-39/62,M-39,384,3:59:50,53.11%
533,Sandy White,"Tucson, AZ",965,3:59:05,9:08,F 45-49/21,F-46,149,4:00:49,63.61%
534,Lori Malazich,"Glenshaw, PA",1105,3:59:08,9:08,F 35-39/32,F-35,150,4:00:04,57.44%
535,Daniel Gannon,"Sedalia, CO",324,3:59:14,9:08,M 45-49/72,M-49,385,4:02:01,57.78%
536,Arnd Braun-Storck,"Jersey City, NJ",124,3:59:17,9:08,M 40-44/82,M-44,386,4:00:22,55.31%
537,Melissa Jackson,"Scottsdale, AZ",446,3:59:20,9:08,F 30-34/32,F-31,151,4:00:28,56.68%
538,Julie Perkins,"Tucson, AZ",735,3:59:22,9:08,F 45-49/22,F-46,152,4:00:34,63.53%
539,Michelle Klapheke,"Charlotte, NC",497,3:59:27,9:08,F 35-39/33,F-39,153,3:59:47,58.86%
540,Rena Fenner,"Richardson, TX",294,3:59:33,9:09,F 50-54/7,F-52,154,3:59:52,68.52%
541,Artur Olszak,"Tucson, AZ",706,3:59:34,9:09,M 40-44/83,M-42,387,4:00:39,54.32%
542,Maryam Schwegman,"Atlanta, GA",836,3:59:40,9:09,F 30-34/33,F-30,155,4:00:27,56.53%
543,Brenton Elmore,"Tucson, AZ",273,3:59:45,9:09,M 40-44/84,M-42,388,4:00:36,54.28%
544,Cynthia Reed,"Sun Prairie, WI",778,3:59:52,9:09,F 30-34/34,F-31,156,4:02:44,56.55%
545,Bob Wright,"Calgary, AB",991,3:59:53,9:09,M 55-59/32,M-59,389,4:00:38,63.23%
546,Juan Almirudis,"Cd Obregon, DF",1010,3:59:53,9:09,M 25-29/27,M-29,390,4:00:48,52.08%
547,Frank Trofa,"Colorado Springs, CO",921,3:59:53,9:09,M 35-39/63,M-36,391,4:00:53,52.13%
548,Echo Chadwick,"Boise, ID",179,3:59:59,9:10,F 35-39/34,F-39,157,4:00:31,58.73%
549,Joe Veller,"Coquitlam, BC",938,4:00:03,9:10,M 45-49/73,M-49,392,4:01:11,57.58%
550,Trent Dilkie,"Bolton, ON",245,4:00:09,9:10,M 45-49/74,M-47,393,4:00:51,56.56%
551,Kate Cuta,"Mesa, AZ",1233,4:00:11,9:10,F 50-54/8,F-53,158,4:00:32,69.25%
552,Paulette Posch,"Santa Barbara, CA",753,4:00:14,9:10,F 55-59/3,F-59,159,4:00:53,75.29%
553,Kristin Lundy,"Colchester, VT",578,4:00:19,9:10,F 35-39/35,F-38,160,4:01:29,58.21%
554,Matt Madura,"Morton Grove, IL",590,4:00:21,9:11,M 25-29/28,M-27,394,4:02:12,51.98%
555,Chris Donahue,"Tucson, AZ",248,4:00:52,9:12,M 45-49/75,M-48,395,4:01:22,56.88%
556,Ryan Gilbert,"Vail, AZ",336,4:01:01,9:12,M 25-29/29,M-27,396,4:01:30,51.83%
557,David Kalman,"Maumee, OH",468,4:01:10,9:12,M 35-39/64,M-37,397,4:01:38,52.01%
558,Diane Fritz,"Springerville, AZ",312,4:01:32,9:13,F 40-44/28,F-42,161,4:02:19,60.05%
559,Patti London,"Shaker Heights, OH",1223,4:01:48,9:14,F 40-44/29,F-43,162,4:02:29,60.67%
560,Bruce Kuecker,"San Diego, CA",521,4:01:59,9:14,M 45-49/76,M-49,398,4:06:25,57.12%
561,Rajiv Singh,"Phoenix, AZ",1285,4:02:14,9:15,M 40-44/85,M-40,399,4:03:03,52.85%
562,Irene Baker,"Phoenix, AZ",1016,4:02:14,9:15,F 45-49/23,F-45,163,4:02:52,62.02%
563,Luis Salinas,"Houston, TX",1246,4:02:31,9:15,M 55-59/33,M-56,400,4:03:23,60.78%
564,Beth Howard,"Phoenix, AZ",3744,4:02:51,9:16,F 45-49/24,F-49,164,4:04:03,65.01%
565,James Liston,"Benson, AZ",567,4:02:51,9:16,M 45-49/77,M-45,401,4:06:43,54.97%
566,Joseph Hubert,"Vail, AZ",1086,4:04:01,9:19,M 40-44/86,M-42,402,4:04:57,53.33%
567,Tammy Johnson,"Phoenix, AZ",459,4:04:01,9:19,F 35-39/36,F-35,165,4:07:58,56.29%
568,Alan Pollack,"San Clemente, CA",1132,4:04:06,9:19,M 55-59/34,M-57,403,4:04:42,60.96%
569,Kristina Orosz,"Tucson, AZ",709,4:04:08,9:19,F 25-29/25,F-26,166,4:05:42,55.47%
570,Steve Watt,"Scottsdale, AZ",956,4:04:16,9:19,M 45-49/78,M-46,404,4:04:52,55.12%
571,Rolland Johnson,"El Paso, TX",457,4:04:21,9:20,M 25-29/30,M-25,405,4:04:39,51.13%
572,Elisa Hawkins,"Sierra Vista, AZ",384,4:04:33,9:20,F 25-29/26,F-28,167,4:05:52,55.38%
573,Cecilia Morgan,"Boise, ID",665,4:04:38,9:20,F 50-54/9,F-54,168,4:05:29,68.92%
574,Karen Marie Wiggans,"Delta, BC",967,4:04:45,9:21,F 50-54/10,F-51,169,4:05:30,66.19%
575,Claire McGuinness,"Austin, TX",632,4:04:50,9:21,F 30-34/35,F-33,170,4:06:27,55.67%
576,Colette Novicki,"Calgary, AB",1119,4:04:53,9:21,F 45-49/25,F-49,171,4:05:26,64.47%
577,Charlotte Tait,"Phoenix, AZ",899,4:04:55,9:21,F 35-39/37,F-36,172,4:05:39,56.38%
578,Jan Tarr,"Socorro, NM",902,4:05:02,9:21,F 50-54/11,F-52,173,4:06:04,66.98%
579,Glenn Barteau,"Oro Valley, AZ",68,4:05:38,9:23,M 40-44/87,M-41,406,4:09:32,52.55%
580,Alicia Hauweghen,"San Manuel, AZ",1075,4:06:32,9:25,F 20-24/5,F-23,174,4:07:51,54.93%
581,Teresa Hohenstein,"Tucson, AZ",412,4:06:36,9:25,F 45-49/26,F-45,175,4:08:36,60.93%
582,Suzanne McTernan,"Albuquerque, NM",1292,4:06:36,9:25,F 40-44/30,F-41,176,4:09:47,58.21%
583,Bill McTernan,"Albuquerque, NM",1293,4:06:38,9:25,M 35-39/65,M-38,407,4:09:50,51.11%
584,Deb Gentleman,"Omaha, NE",333,4:06:48,9:25,F 50-54/12,F-50,177,4:08:14,64.79%
585,Shane Chism,"Tucson, AZ",194,4:07:21,9:27,M 30-34/50,M-31,408,4:08:00,50.51%
586,Tammy Raphael,"Bellflower, CA",1264,4:07:21,9:27,F 30-34/36,F-30,178,4:09:00,54.77%
587,Korrie Foley,"Tucson, AZ",302,4:07:21,9:27,F 35-39/38,F-39,179,4:08:36,56.98%
588,Ed McCaskey,"Roscoe, IL",623,4:07:25,9:27,M NoAge/0,M-0,409,4:08:23, 0.00%
589,Christa Bancroft,"Culver City, CA",58,4:07:31,9:27,F 35-39/39,F-35,180,4:08:21,55.49%
590,Bruce Vanlokeren,"Tucson, AZ",1170,4:07:33,9:27,M 45-49/79,M-48,410,4:08:34,55.35%
591,Kathleen Fay,"Hoboken, NJ",1248,4:07:37,9:27,F 35-39/40,F-39,181,4:09:23,56.92%
592,Steven Laine,"Kennesaw, GA",528,4:07:50,9:28,M 40-44/88,M-41,411,4:09:46,52.08%
593,Anthony Lombardo,"Daytona Beach, FL",1103,4:07:51,9:28,M 65-69/3,M-67,412,4:08:24,66.38%
594,Michael Ramolt,"Shawnee, KS",774,4:07:51,9:28,M 40-44/89,M-44,413,4:08:49,53.40%
595,Keri Green,"Sahuarita, AZ",347,4:08:07,9:28,F 30-34/37,F-31,182,4:09:12,54.67%
596,Jim Cady,"Oro Valley, AZ",160,4:08:07,9:28,M 55-59/35,M-58,414,4:08:32,60.55%
597,Vaughn Sarkissian,"Miami, FL",820,4:08:23,9:29,M 50-54/45,M-53,415,4:13:39,57.70%
598,Dawn Bunnow,"Sahuarita, AZ",150,4:08:37,9:29,F 30-34/38,F-33,183,4:09:42,54.82%
599,Jacqueline Yale,"Tucson, AZ",995,4:08:45,9:30,F 40-44/31,F-42,184,4:10:00,58.31%
600,Kristina Hornback,"Omaha, NE",415,4:08:48,9:30,F 50-54/13,F-50,185,4:10:14,64.27%
601,Marty Shopes,"Highlands Ranch, CO",1262,4:08:52,9:30,M 55-59/36,M-57,416,4:09:35,59.79%
602,Kristina Ferkinhoff,"Indianapolis, IN",295,4:08:58,9:30,F 30-34/39,F-31,186,4:10:15,54.48%
603,Carol Booth,"Richmond, VA",1027,4:09:19,9:31,F 40-44/32,F-42,187,4:11:46,58.18%
604,Elizabeth Bolton,"Vienna, VA",112,4:09:25,9:31,F 45-49/27,F-48,188,4:10:14,62.50%
605,Becca Fuller,"Knoxville, TN",315,4:09:26,9:31,F 55-59/4,F-57,189,4:10:20,70.46%
606,Karen Heard,"Phoenix, AZ",1077,4:09:49,9:32,F 35-39/41,F-39,190,4:11:43,56.42%
607,Allison Jones,"New York, NY",462,4:10:01,9:33,F 35-39/42,F-39,191,4:10:55,56.37%
608,Claudia Roedl,"Scottsdale, AZ",800,4:10:03,9:33,F 40-44/33,F-44,192,4:11:01,59.37%
609,Gregory Smith,"Tucson, AZ",1273,4:10:03,9:33,M 35-39/66,M-35,417,4:11:12,49.96%
610,Teresa Bippert-Plymate,"Tucson, AZ",1022,4:10:05,9:33,F 50-54/14,F-51,193,4:10:32,64.78%
611,Bruce Koch,"Round Rock, TX",509,4:10:20,9:33,M 45-49/80,M-47,418,4:11:48,54.26%
612,Christine Humble,"Scottsdale, AZ",427,4:10:26,9:34,F 55-59/5,F-55,194,4:11:14,68.25%
613,Paul Hurst,"Greeley, CO",429,4:10:27,9:34,M 50-54/46,M-51,419,4:12:12,56.19%
614,Janine Jacinto,"Lodi, CA",442,4:10:49,9:34,F 50-54/15,F-54,195,4:11:48,67.22%
615,Christopher Hamman,"Tucson, AZ",364,4:10:50,9:34,M 25-29/31,M-26,420,4:10:50,49.80%
616,John Tolle,"Columbus, OH",1165,4:11:08,9:35,M 65-69/4,M-67,421,4:11:16,65.51%
617,Laurie Jackson,"Tucson, AZ",445,4:11:16,9:35,F 35-39/43,F-35,196,4:12:30,54.67%
618,Hn Krishnaswamy,"Chandler, AZ",1256,4:11:18,9:36,M 65-69/5,M-66,422,4:11:33,64.78%
619,Mitchell Strang,"Marana, AZ",1159,4:11:26,9:36,M 35-39/67,M-39,423,4:12:16,50.49%
620,Cristobal Alvarez,"Sierra Vista, AZ",35,4:11:28,9:36,M 20-24/8,M-22,424,4:13:14,49.71%
621,Steve Shumway,"Colorado Springs, CO",854,4:11:34,9:36,M 45-49/81,M-48,425,4:13:05,54.46%
622,Sarah Moore,"Tucson, AZ",1114,4:11:42,9:36,F 50-54/16,F-52,197,4:13:53,65.21%
623,Bonnie Cullings,"Spokane Valley, WA",1045,4:11:44,9:37,F 30-34/40,F-30,198,4:12:52,53.82%
624,Randy Smith,"Tucson, AZ",866,4:11:51,9:37,M 45-49/82,M-49,426,4:13:05,54.88%
625,Dan Bliss,"Cambridge, MA",103,4:11:57,9:37,M 40-44/90,M-42,427,4:12:56,51.65%
626,Deborah Hamberlin,"Tempe, AZ",362,4:12:00,9:37,F NoAge/0,F-0,199,4:12:56, 0.00%
627,Chrissy Frederick,"Denver, CO",308,4:12:03,9:37,F 30-34/41,F-32,200,4:13:05,53.92%
628,Kathleen Hastings,"Stockton, CA",380,4:12:07,9:37,F 50-54/17,F-52,201,4:13:07,65.10%
629,Umesh Chandra,"Santa Cruz, CA",184,4:12:08,9:37,M 55-59/37,M-56,428,4:12:40,58.46%
630,Marie Meier,"Glendale, AZ",638,4:12:09,9:38,F 40-44/34,F-42,202,4:12:42,57.52%
631,Alan Gold,"Scottsdale, AZ",344,4:12:09,9:38,M 50-54/47,M-51,429,4:14:12,55.81%
632,Peter Kaufman,"Las Vegas, NV",478,4:12:20,9:38,M 35-39/68,M-38,430,4:12:31,49.96%
633,Joel Bojorquez,"Tucson, AZ",109,4:12:24,9:38,M 20-24/9,M-23,431,4:12:41,49.49%
634,Linda Klute,"Chicago, IL",501,4:12:32,9:38,F 55-59/6,F-59,203,4:14:15,71.62%
635,Joel Rothaizer,"Edmonton, AB",805,4:12:48,9:39,M 55-59/38,M-55,432,4:13:11,57.76%
636,Chris Rivera,"Tempe, AZ",795,4:12:49,9:39,M 35-39/69,M-36,433,4:13:27,49.47%
637,Yvette Peters,"Del Mar, CA",739,4:12:56,9:39,F 35-39/44,F-36,204,4:14:36,54.59%
638,Wanda Watson,"Calgary, AB",955,4:12:58,9:39,F 45-49/28,F-49,205,4:13:46,62.41%
639,Megan Obrien,"Tucson, AZ",1288,4:12:59,9:39,F 30-34/42,F-30,206,4:15:00,53.55%
640,Lucy McMillan,"Prescott, AZ",1263,4:13:06,9:40,F 55-59/7,F-56,207,4:14:02,68.47%
641,Janice Moyer,"Wellpinit, WA",670,4:13:17,9:40,F 50-54/18,F-52,208,4:13:55,64.80%
642,Katie Carmona,"Austin, TX",171,4:13:23,9:40,F 40-44/35,F-40,209,4:14:52,56.10%
643,Deni Ewell,"Scottsdale, AZ",1058,4:13:27,9:40,F 30-34/43,F-33,210,4:14:27,53.77%
644,Jeremy Welch,"Artesia, NM",1178,4:13:28,9:41,M 25-29/32,M-27,434,4:14:30,49.29%
645,Ann Brinker,"Santa Barbara, CA",134,4:13:34,9:41,F 60-64/1,F-60,211,4:14:28,72.40%
646,James Sanders,"Kirtland Afb, NM",817,4:13:38,9:41,M 25-29/33,M-25,435,4:14:05,49.25%
647,Rick Zaugg,"Fountain Hills, AZ",1002,4:13:56,9:42,M 50-54/48,M-50,436,4:14:50,54.93%
648,David Beil,"Tucson, AZ",1021,4:14:01,9:42,M 35-39/70,M-36,437,4:15:47,49.23%
649,Ndayubaha Jackson,"Tucson, AZ",1091,4:14:20,9:43,M 25-29/34,M-25,438,4:14:20,49.12%
650,Shad Browning,"Washington, UT",145,4:14:24,9:43,M 35-39/71,M-37,439,4:14:46,49.30%
651,Ginger Browning,"Washington, UT",144,4:14:26,9:43,F 35-39/45,F-37,212,4:14:46,54.60%
652,Jim Kelley,"Sandia Park, NM",1215,4:14:56,9:44,M 55-59/39,M-59,440,4:15:52,59.50%
653,Chuck Williamson,"Tucson, AZ",975,4:14:58,9:44,M 50-54/49,M-53,441,4:15:38,56.21%
654,Rick Stafford,"Bountiful, UT",877,4:15:15,9:45,M 45-49/83,M-47,442,4:16:26,53.21%
655,John Ruchinskas,"Santa Monica, CA",1142,4:15:20,9:45,M 50-54/50,M-53,443,4:16:32,56.13%
656,Laura Schweers,"Tucson, AZ",835,4:15:37,9:45,F 40-44/36,F-40,213,4:17:23,55.61%
657,Mary Ziola,"Redding, CA",1184,4:15:43,9:46,F 45-49/29,F-47,214,4:17:00,60.21%
658,James Bancroft,"Culver City, CA",59,4:15:55,9:46,M 35-39/72,M-37,444,4:16:45,49.01%
659,Chantal Geoffrion,"San Francisco, CA",334,4:16:02,9:46,F 55-59/8,F-55,215,4:16:35,66.75%
660,Robert Morales,"El Paso, TX",1115,4:16:28,9:47,M 45-49/84,M-48,445,4:16:39,53.42%
661,Nancy Stuparich,"Miami Beach, FL",890,4:16:54,9:48,F 45-49/30,F-47,216,4:17:25,59.93%
662,Samuel Sabin III,"Anaheim, CA",813,4:17:02,9:49,M 40-44/91,M-43,446,4:18:03,51.06%
663,John Galey,"Friendswood, TX",322,4:17:05,9:49,M 35-39/73,M-39,447,4:18:36,49.38%
664,Laura Marshall,"Oro Valley, AZ",1106,4:17:21,9:49,F 45-49/31,F-47,217,4:18:36,59.83%
665,Jeffrey Powers,"Phoenix, AZ",756,4:17:38,9:50,M 45-49/85,M-46,448,4:20:32,52.26%
666,Michelle Smith,"Phoenix, AZ",865,4:17:38,9:50,F 25-29/27,F-26,218,4:20:33,52.57%
667,Jesse Thorpe,"Tucson, AZ",908,4:17:43,9:50,M 25-29/35,M-25,449,4:18:48,48.47%
668,Joseph Ainley,"San Jose, CA",1201,4:17:48,9:50,M 45-49/86,M-48,450,4:18:12,53.15%
669,Kevin Anderson,"Carlsbad, CA",1011,4:17:52,9:51,M 55-59/40,M-55,451,4:19:20,56.62%
670,Patricia Mayer,"Greeley, CO",620,4:17:57,9:51,F 45-49/32,F-48,219,4:19:40,60.44%
671,Joe Miranda,"Tucson, AZ",1226,4:17:59,9:51,M 45-49/87,M-46,452,4:18:55,52.19%
672,Claudia Ward,"Chandler, AZ",950,4:18:04,9:51,F 45-49/33,F-45,220,4:18:29,58.22%
673,Lysa Jones,"West Chester, PA",1095,4:18:07,9:51,F 45-49/34,F-45,221,4:18:46,58.20%
674,Joseph Warpinski,"Tucson, AZ",1175,4:18:12,9:51,M 20-24/10,M-23,453,4:19:12,48.38%
675,Rae Chalmers McLaughlin,"Gorham, ME",181,4:18:27,9:52,F 50-54/19,F-51,222,4:19:47,62.68%
676,Mary Bigham-Garza,"Tucson, AZ",91,4:18:39,9:52,F 40-44/37,F-43,223,4:20:22,56.71%
677,Michael Madaras,"Prescott, AZ",589,4:19:03,9:53,M 35-39/74,M-39,454,4:20:23,49.01%
678,Sherri Baughman,"Ann Arbor, MI",73,4:19:04,9:53,F 40-44/38,F-43,224,4:20:08,56.62%
679,Terri Oneby,"Cedar Crest, NM",707,4:19:05,9:53,F 40-44/39,F-44,225,4:20:12,57.30%
680,Todd Furlong,"Tucson, AZ",318,4:19:11,9:54,M 25-29/36,M-28,455,4:19:52,48.20%
681,Maria Aries,"San Diego, CA",44,4:19:17,9:54,F 30-34/44,F-34,226,4:20:22,52.74%
682,Roger Rung,"Coeur D Alene, ID",810,4:20:18,9:56,M 60-64/3,M-60,456,4:21:23,58.85%
683,Yong Gen Kim,"Fountain, CO",490,4:20:22,9:56,M 25-29/37,M-28,457,4:21:23,47.98%
684,Layla Bohm,"Lodi, CA",108,4:20:28,9:57,F 25-29/28,F-29,227,4:21:27,51.99%
685,Brent Stahl,"Austin, TX",878,4:20:37,9:57,M 40-44/92,M-43,458,4:20:51,50.36%
686,Amanda Karlin,"Apo, AP",473,4:20:39,9:57,F 25-29/29,F-28,228,4:23:07,51.96%
687,Sandra Garcia,"Vail, AZ",326,4:20:41,9:57,F 30-34/45,F-33,229,4:21:56,52.28%
688,Kevin Chapo,"Sierra Vista, AZ",185,4:21:09,9:58,M 25-29/38,M-28,459,4:21:27,47.84%
689,Jeffrey Ryken,"Scottsdale, AZ",812,4:21:28,9:59,M 50-54/51,M-51,460,4:22:52,53.82%
690,Eric Swanlund,"Edina, MN",896,4:21:34,9:59,M 50-54/52,M-54,461,4:22:04,55.30%
691,Michael Samitz,"Tucson, AZ",1145,4:21:41,9:59,M 45-49/88,M-48,462,4:22:32,52.36%
692,Falko Schoeneweiss,"Alamogordo, NM",829,4:21:46,10:00,M 35-39/75,M-38,463,4:23:14,48.16%
693,Jesse Lim,"Tucson, AZ",562,4:21:58,10:00,M 35-39/76,M-37,464,4:23:12,47.88%
694,Suellen Roediger,"Tucson, AZ",1140,4:22:02,10:00,F 50-54/20,F-54,230,4:23:46,64.34%
695,Amelia Stone,"Anthem, AZ",1250,4:22:28,10:01,F 40-44/40,F-41,231,4:26:26,54.69%
696,Bill Holland,"Tucson, AZ",1081,4:22:30,10:01,M 45-49/89,M-49,465,4:24:20,52.66%
697,Jennifer Hecht,"Scottsdale, AZ",387,4:22:52,10:02,F 35-39/46,F-36,232,4:23:35,52.53%
698,Bruno Stoeckli,"Moseley, VA",1157,4:22:56,10:02,M 55-59/41,M-55,466,4:23:19,55.53%
699,Patricia Diamond,"Tucson, AZ",242,4:22:56,10:02,F 55-59/9,F-56,233,4:23:48,65.91%
700,Joel Curtis,"Boys Ranch, TX",219,4:23:05,10:03,M 45-49/90,M-46,467,4:24:03,51.18%
701,Tonsa Price Edwards,"Scottsdale, AZ",762,4:23:53,10:04,F 50-54/21,F-51,234,4:24:46,61.39%
702,Bob Harris,"Phoenix, AZ",375,4:24:01,10:05,M 55-59/42,M-58,468,4:24:24,56.90%
703,Lucja Bourgeois,"Abbotsford, BC",116,4:24:02,10:05,F 55-59/10,F-59,235,4:24:02,68.50%
704,Nancy Schneider,"Phoenix, AZ",1269,4:24:14,10:05,F 50-54/22,F-52,236,4:25:54,62.11%
705,Jennifer Shinske,"Glendale, AZ",852,4:24:20,10:05,F 30-34/46,F-33,237,4:25:00,51.56%
706,John Povinelli,"Phoenix, AZ",1133,4:24:45,10:06,M 45-49/91,M-46,469,4:26:11,50.86%
707,Robin Harbage,"Chagrin Falls, OH",370,4:25:04,10:07,M 50-54/53,M-54,470,4:26:04,54.57%
708,Anne Wenninger,"Laguna Niguel, CA",1179,4:26:00,10:09,F 40-44/41,F-44,238,4:26:51,55.81%
709,Michael Lich,"Tucson, AZ",559,4:26:15,10:10,M 30-34/51,M-32,471,4:27:55,46.92%
710,Doreen Kiyaani,"Tuba City, AZ",495,4:26:17,10:10,F 35-39/47,F-36,239,4:28:10,51.85%
711,Charlene Boudreau,"Colorado Springs, CO",115,4:26:19,10:10,F 35-39/48,F-37,240,4:27:23,52.16%
712,Sean Breslin,"Sahuarita, AZ",1298,4:26:30,10:10,M 40-44/93,M-43,472,5:27:49,49.25%
713,Melissa Axen,"Golden, CO",53,4:26:33,10:10,F 25-29/30,F-25,241,4:29:46,50.81%
714,Tyler Evans,"Tucson, AZ",1057,4:26:40,10:11,M 20-24/11,M-24,473,4:28:14,46.85%
715,Steve Harelson,"Lakewood, CO",371,4:26:55,10:11,M 40-44/94,M-44,474,4:28:01,49.58%
716,Juliette McDonough,"Maricopa, AZ",628,4:27:02,10:12,F 30-34/47,F-31,242,4:28:24,50.80%
717,Megan Albert,"Tucson, AZ",1271,4:27:03,10:12,F 25-29/31,F-27,243,4:28:06,50.71%
718,Arthur Posch,"Santa Barbara, CA",752,4:27:08,10:12,M 60-64/4,M-62,475,4:28:02,58.50%
719,Kate Soldano,"Yakima, WA",868,4:27:14,10:12,F 45-49/35,F-49,244,4:29:36,59.08%
720,Susan Birtell,"Topeka, KS",95,4:27:52,10:13,F 45-49/36,F-48,245,4:28:44,58.20%
721,Lynn Lande,"Silver City, NM",531,4:28:09,10:14,F 45-49/37,F-47,246,4:29:09,57.42%
722,Juan Ramirez,"Tucson, AZ",1134,4:28:13,10:14,M 16-19/6,M-17,476,4:29:30,49.15%
723,Adam Levy,"Centennial, CO",557,4:28:15,10:14,M 35-39/77,M-37,477,4:29:19,46.76%
724,N La Verne Tate Az,"Tucson, AZ",1219,4:28:41,10:15,F 25-29/32,F-27,247,4:29:36,50.40%
725,Luda Eichelberger,"Leesburg, VA",267,4:28:42,10:15,F 45-49/38,F-46,248,4:29:55,56.60%
726,John Eichelberger,"Leesburg, VA",266,4:28:46,10:16,M 60-64/5,M-60,478,4:29:59,57.00%
727,Claire Carder,"Portland, OR",167,4:28:52,10:16,F 55-59/11,F-56,249,4:30:05,64.45%
728,David Thompson,"Paradise Valley, AZ",1258,4:28:58,10:16,M 50-54/54,M-52,479,4:30:23,52.80%
729,Judy Smith,"Flagstaff, AZ",861,4:29:05,10:16,F 35-39/49,F-36,250,4:31:58,51.31%
730,Linda Velazquez,"Tucson, AZ",937,4:29:15,10:17,F 35-39/50,F-39,251,4:30:04,52.35%
731,Kelly Goodnight,"San Diego, CA",346,4:29:21,10:17,F 25-29/33,F-28,252,4:29:36,50.28%
732,Amy Welander,"Tucson, AZ",1177,4:29:23,10:17,F 30-34/48,F-30,253,4:30:12,50.29%
733,Alexis Nash,"Tucson, AZ",683,4:29:37,10:17,F 25-29/34,F-26,254,4:30:41,50.23%
734,Ann Hornaday,"Apache Junction, AZ",414,4:29:41,10:18,F 50-54/23,F-51,255,4:31:12,60.07%
735,Robert Hallahan,"Yuma, AZ",361,4:29:42,10:18,M 40-44/95,M-44,480,4:31:00,49.07%
736,Suzanne Miller,"Marana, AZ",648,4:29:44,10:18,F 40-44/42,F-40,256,4:32:41,52.70%
737,Mark Moniuszko,"Crest Hill, IL",655,4:29:46,10:18,M 30-34/52,M-34,481,4:29:56,46.31%
738,Ha Thi Huynh,"Teec Nos Pos, AZ",1089,4:29:54,10:18,F 30-34/49,F-30,257,4:31:38,50.19%
739,Martin Trued,"Tucson, AZ",922,4:30:10,10:19,M 45-49/92,M-48,482,4:31:14,50.71%
740,Steven Elster,"Saint Louis, MO",274,4:30:12,10:19,M 45-49/93,M-48,483,4:31:33,50.71%
741,Lindy Sheehey,"Tucson, AZ",849,4:30:49,10:20,F 45-49/39,F-47,258,4:31:57,56.85%
742,Scott Koenig,"Tucson, AZ",510,4:30:53,10:20,M 25-29/39,M-27,484,4:32:01,46.12%
743,Stephane Lachapelle,"St Bruno, QC",526,4:31:00,10:21,M 40-44/96,M-43,485,4:32:42,48.43%
744,Heidi Brashear,"Cave Creek, AZ",123,4:31:04,10:21,F 35-39/51,F-38,259,4:31:49,51.60%
745,Elizabeth Diethelm,"Cave Creek, AZ",244,4:31:04,10:21,F 40-44/43,F-42,260,4:31:49,53.51%
746,Melissa Streitmatter,"Heyworth, IL",1160,4:31:04,10:21,F 40-44/44,F-41,261,4:32:11,52.95%
747,Jennifer Howell,"Stockton, CA",420,4:31:08,10:21,F 45-49/40,F-48,262,4:32:08,57.50%
748,Layla Nielsen,"Vail, AZ",1118,4:31:28,10:22,F 35-39/52,F-37,263,4:32:30,51.17%
749,Dan Fenger,"Tempe, AZ",293,4:31:46,10:22,M 45-49/94,M-45,486,4:32:25,49.12%
750,Karl Kjellstrom,"Phoenix, AZ",496,4:31:47,10:22,M 50-54/55,M-54,487,4:32:18,53.22%
751,Ritu Agarwal,"Bethesda, MD",25,4:31:47,10:22,F 45-49/41,F-47,264,4:33:15,56.65%
752,Namita Patel,"Tucson, AZ",721,4:32:15,10:23,F 40-44/45,F-43,265,4:33:55,53.88%
753,Casey Stevens,"Peoria, AZ",1156,4:32:26,10:24,M 35-39/78,M-38,488,4:34:44,46.27%
754,Rebecca Astgen,"Peoria, AZ",1014,4:32:27,10:24,F 30-34/50,F-34,266,4:34:45,50.20%
755,Jack Spiegelberg,"San Diego, CA",873,4:32:34,10:24,M 60-64/6,M-60,489,4:33:09,56.20%
756,Sue Carnes,"Mesa, AZ",173,4:32:39,10:24,F 60-64/2,F-62,267,4:35:38,69.46%
757,Adam Odell,"Tucson, AZ",699,4:32:40,10:24,M 25-29/40,M-29,490,4:34:19,45.82%
758,Melissa Odell,"Tucson, AZ",700,4:32:40,10:24,F 25-29/35,F-28,268,4:34:18,49.67%
759,Alex Omeara,"Bisbee, AZ",1224,4:33:15,10:26,M 40-44/97,M-43,491,4:34:46,48.03%
760,Eugene Roy Jr,"Pine Valley, CA",808,4:33:54,10:27,M 35-39/79,M-38,492,4:34:06,46.02%
761,Natalia Carrasco,"Tolleson, AZ",175,4:34:07,10:28,F 25-29/36,F-29,269,4:36:08,49.40%
762,James Farrell,"Santa Fe, NM",1059,4:34:09,10:28,M 40-44/98,M-44,493,4:35:18,48.27%
763,Scott McMurray,"Phoenix, AZ",1107,4:34:11,10:28,M 40-44/99,M-40,494,4:34:50,46.69%
764,Beate Storck,"Jersey City, NJ",885,4:34:20,10:28,F 45-49/42,F-46,270,4:36:26,55.43%
765,Phil Wohl,"Mesa, AZ",1274,4:34:43,10:29,M 55-59/43,M-56,495,4:36:17,53.65%
766,Speed Collingsworth,"Lantana, TX",201,4:35:01,10:30,M 55-59/44,M-59,496,4:35:44,55.15%
767,Philip Tully,"Tucson, AZ",1217,4:35:16,10:30,M 60-64/7,M-61,497,4:37:16,56.20%
768,Paul Barrett,"Denver, CO",1019,4:35:27,10:31,M 60-64/8,M-63,498,4:36:18,57.30%
769,Jose Osete,"Tucson, AZ",1236,4:35:27,10:31,M 40-44/100,M-44,499,4:37:13,48.05%
770,Amy Garretson,"Anthem, AZ",328,4:35:30,10:31,F 35-39/53,F-35,271,4:39:27,49.86%
771,Jana Gillman,"Maricopa, AZ",337,4:35:35,10:31,F 30-34/51,F-30,272,4:36:56,49.16%
772,Tammy Madura,"Morton Grove, IL",591,4:35:37,10:31,F 25-29/37,F-27,273,4:37:27,49.14%
773,Kerry Zuber,"Tucson, AZ",1006,4:35:41,10:31,M 55-59/45,M-56,500,4:37:07,53.46%
774,Jody Knight,"Oro Valley, AZ",504,4:35:41,10:31,F 30-34/52,F-30,274,4:37:07,49.14%
775,Amy Smith,"Tucson, AZ",859,4:35:42,10:31,F 30-34/53,F-31,275,4:37:07,49.20%
776,Courtney Moskal,"Chandler, AZ",1116,4:36:08,10:32,F 35-39/54,F-39,276,4:36:47,51.04%
777,Terri Lackey,"Tucson, AZ",1100,4:36:12,10:33,F 50-54/24,F-50,277,4:37:31,57.90%
778,Jane Niemtschk,"Lewisville, TX",692,4:36:19,10:33,F 40-44/46,F-41,278,4:37:01,51.95%
779,Milly Lierman,"Tucson, AZ",1102,4:36:21,10:33,F 35-39/55,F-39,279,4:37:41,51.00%
780,Barry Tickes,"Yuma, AZ",910,4:36:30,10:33,M 60-64/9,M-60,501,4:37:57,55.40%
781,Kaitlyn Shaw,"Scottsdale, AZ",847,4:36:34,10:33,F 20-24/6,F-22,280,4:38:10,48.97%
782,Hee Jin Chung,"Skokie, IL",1037,4:37:14,10:35,M 55-59/46,M-59,502,4:38:01,54.71%
783,Martin Fricke,"Tucson, AZ",1063,4:37:25,10:35,M 60-64/10,M-61,503,4:39:36,55.77%
784,Linda Brewer,"Tucson, AZ",130,4:37:39,10:36,F 60-64/3,F-62,281,4:38:47,68.21%
785,Fernando Delosreyes,"Sierra Vista, AZ",241,4:38:15,10:37,M 25-29/41,M-28,504,4:42:47,44.90%
786,Gerald Bach,"Tucson, AZ",1220,4:39:20,10:40,M 55-59/47,M-59,505,4:40:35,54.30%
787,James Dougherty,"Davis Monthan Afb, AZ",1051,4:39:42,10:41,M 20-24/12,M-21,506,4:40:12,44.87%
788,Lynne Seyb,"Boise, ID",843,4:39:56,10:41,F 45-49/43,F-46,282,4:40:48,54.33%
789,Juliana Ore-Giron,"Tucson, AZ",708,4:39:58,10:41,F 40-44/47,F-42,283,4:41:07,51.81%
790,Denise Curtis,"Boys Ranch, TX",218,4:40:07,10:42,F 40-44/48,F-43,284,4:41:03,52.37%
791,Nhu Pham,"Chandler, AZ",743,4:40:18,10:42,F 30-34/54,F-33,285,4:41:31,48.62%
792,Shirley Sirois,"Clinton, TN",1153,4:40:24,10:42,F 60-64/4,F-61,286,4:41:15,66.48%
793,Brennan Mullaney,"Belton, TX",673,4:40:41,10:43,M 25-29/42,M-25,507,4:41:24,44.51%
794,Robert Mantz,"Bisbee, AZ",599,4:40:48,10:43,M 40-44/101,M-44,508,4:41:41,47.13%
795,Eve Brank,"Lincoln, NE",122,4:41:04,10:44,F 35-39/56,F-35,287,4:42:36,48.87%
796,Jason Tougas,"Tucson, AZ",915,4:41:24,10:44,M 20-24/13,M-24,509,4:43:06,44.39%
797,Misty Ceizyk,"Tucson, AZ",177,4:41:26,10:45,F 30-34/55,F-34,288,4:43:00,48.59%
798,Joely Downiing,"Bothell, WA",252,4:41:44,10:45,F 35-39/57,F-39,289,4:43:28,50.03%
799,Steve Orth,"Prescott, AZ",710,4:41:51,10:45,M 45-49/95,M-49,510,4:43:17,49.04%
800,Hoa Le,"Chandler, AZ",541,4:41:56,10:46,F 40-44/49,F-42,290,4:44:14,51.45%
801,Jennifer Cirell,"Tucson, AZ",197,4:42:00,10:46,F 25-29/38,F-29,291,4:43:42,48.02%
802,Melody Romero,"Chandler, AZ",801,4:42:10,10:46,F 35-39/58,F-37,292,4:43:44,49.23%
803,Paula Lutz,"Durango, CO",581,4:42:17,10:46,F 55-59/12,F-57,293,4:43:22,62.26%
804,Nicole Kennedy,"Denver, CO",1098,4:42:17,10:46,F 30-34/56,F-33,294,4:44:04,48.28%
805,Luis Tueme,"Bonney Lake, WA",1287,4:42:18,10:47,M 40-44/102,M-44,511,4:43:34,46.88%
806,David Knudson,"Minneapolis, MN",507,4:42:24,10:47,M 60-64/11,M-60,512,4:43:57,54.25%
807,Joseph Buck,"Sierra Vista, AZ",146,4:42:54,10:48,M 25-29/43,M-27,513,4:43:56,44.16%
808,Stephanie Buck,"Raeford, NC",148,4:42:57,10:48,F 25-29/39,F-26,295,4:43:56,47.86%
809,Robert Vick,"Sierra Vista, AZ",941,4:42:58,10:48,M 55-59/48,M-59,514,4:43:50,53.60%
810,Sheila Reed,"Phoenix, AZ",1284,4:42:58,10:48,F 45-49/44,F-49,296,4:46:31,55.79%
811,June Erickson,"Roswell, GA",280,4:42:58,10:48,F 35-39/59,F-37,297,4:43:17,49.09%
812,Jordan Merritts,"Tucson, AZ",643,4:43:11,10:49,M 25-29/44,M-25,515,4:44:16,44.11%
813,Terry Curella,"San Diego, CA",1047,4:43:11,10:49,M 45-49/96,M-47,516,4:46:31,47.96%
814,Nicole Rostron,"Vail, AZ",1213,4:43:12,10:49,F 30-34/57,F-33,298,4:44:51,48.13%
815,Thomas Chalmers McLaughlin,"Gorham, ME",182,4:43:19,10:49,M 40-44/103,M-44,517,4:44:39,46.71%
816,Daniel Scott,"Green Valley, AZ",1191,4:43:45,10:50,M 25-29/45,M-25,518,4:45:17,44.03%
817,Ruben Robles,"Tucson, AZ",1138,4:43:46,10:50,M 35-39/80,M-35,519,4:45:18,44.02%
818,Benjamin Williams,"Tucson, AZ",972,4:43:46,10:50,M 35-39/81,M-39,520,4:45:17,44.74%
819,Michael Schierling,"Tucson, AZ",1146,4:43:46,10:50,M 30-34/53,M-30,521,4:45:17,44.02%
820,Lyle Anderson,"Apache Junction, AZ",1221,4:43:54,10:50,M 50-54/56,M-54,522,4:44:51,50.95%
821,Monica Brinkerhoff,"Tucson, AZ",1028,4:44:14,10:51,F 35-39/60,F-35,299,4:46:14,48.33%
822,Dominic Burchett,"Slc, UT",152,4:44:14,10:51,M 30-34/54,M-30,523,4:46:14,43.95%
823,Dan Munsell,"Prescott Valley, AZ",675,4:44:15,10:51,M 45-49/97,M-47,524,4:45:28,47.78%
824,Mk V,"Washington, DC",931,4:44:21,10:51,M 45-49/98,M-49,525,4:46:50,48.61%
825,Donna Janssen,"Austin, TX",449,4:44:22,10:51,F 45-49/45,F-47,300,4:45:38,54.14%
826,Kelly Van Weezel,"Knoxville, MD",935,4:44:27,10:51,F 25-29/40,F-29,301,4:46:55,47.61%
827,Andrea Hatch,"Castine, ME",381,4:44:33,10:52,F 65-69/1,F-65,302,4:46:42,70.05%
828,Karen Whiteford,"Tempe, AZ",966,4:44:52,10:52,F 40-44/50,F-44,303,4:45:46,52.11%
829,Manuel Loverde,"Sacramento, CA",575,4:44:55,10:53,M 70-74/1,M-74,526,4:46:25,62.72%
830,Eric Smith,"Sierra Vista, AZ",860,4:44:58,10:53,M 16-19/7,M-18,527,4:46:31,45.59%
831,Angela Schlett,"Tempe, AZ",827,4:45:00,10:53,F 40-44/51,F-43,304,4:46:40,51.47%
832,Kari Moreno,"Gilbert, AZ",663,4:45:01,10:53,F 30-34/58,F-31,305,4:46:40,47.59%
833,Luke Dryden,"Albuquerque, NM",1255,4:45:18,10:53,M 20-24/14,M-22,528,4:45:50,43.81%
834,Stacy Butler,"Tucson, AZ",156,4:45:21,10:53,F 30-34/59,F-31,306,4:46:34,47.54%
835,Jacob Tracy,"Tucson, AZ",917,4:45:34,10:54,M 25-29/46,M-27,529,4:46:22,43.75%
836,Lisa Tucci,"Tucson, AZ",925,4:46:21,10:56,F 40-44/52,F-43,307,4:47:42,51.23%
837,Gerry Loughlin,"Westwood, MA",1259,4:46:27,10:56,M 45-49/99,M-46,530,4:48:07,47.00%
838,Eduardo Castillo,"El Paso, TX",1244,4:46:30,10:56,M 40-44/104,M-43,531,4:48:19,45.81%
839,Clemente Gutierrez,"Lubbock, TX",1205,4:46:34,10:56,M 25-29/47,M-29,532,4:48:24,43.59%
840,Larry Scott,"Goodyear, AZ",838,4:46:42,10:57,M 55-59/49,M-56,533,4:47:43,51.41%
841,Gregory Wright,"Lodi, CA",993,4:46:49,10:57,M 45-49/100,M-46,534,4:47:48,46.94%
842,Derek Boutang,"Winnipeg, AA",117,4:47:33,10:59,M 35-39/82,M-38,535,4:49:35,43.84%
843,Lucas Smith,"Sierra Vista, AZ",863,4:47:53,10:59,M 25-29/48,M-27,536,4:48:59,43.39%
844,Ariel Bergmeyer,"Jackson, WY",87,4:48:25,11:01,F 25-29/41,F-25,308,4:49:31,46.95%
845,Richard Gilpin,"Lakeside, AZ",338,4:48:47,11:01,M 65-69/6,M-67,537,4:50:23,56.96%
846,Pattie Malone,"Whiteriver, AZ",595,4:48:48,11:01,F 40-44/53,F-42,309,4:50:24,50.22%
847,Barb Campbell,"Palgrave, ON",162,4:49:07,11:02,F 45-49/46,F-48,310,4:49:48,53.92%
848,Caron Shepley,"Palgrave, ON",850,4:49:08,11:02,F 40-44/54,F-41,311,4:49:48,49.65%
849,Todd Gustafson,"San Diego, CA",1072,4:49:34,11:03,M 35-39/83,M-35,538,4:50:12,43.14%
850,Chris Ogden,"Cypress, TX",703,4:50:25,11:05,M 20-24/15,M-23,539,4:51:32,43.02%
851,John Rante,"Burr Ridge, IL",775,4:50:26,11:05,M 50-54/57,M-54,540,4:51:25,49.80%
852,Raymond Morales,"Pasadena, CA",661,4:51:05,11:07,M 35-39/84,M-37,541,4:54:47,43.09%
853,Linda Forsberg,"Southfield, MI",306,4:51:25,11:07,F 60-64/5,F-61,312,4:55:26,63.97%
854,Christian Wilson,"Tucson, AZ",1212,4:51:33,11:08,M 40-44/105,M-41,542,4:53:40,44.27%
855,Bill Wilhelm,"Tucson, AZ",969,4:52:09,11:09,M 50-54/58,M-50,543,4:52:21,47.74%
856,Silvana Whitaker,"San Diego, CA",1180,4:52:09,11:09,F 35-39/61,F-38,313,4:53:37,47.88%
857,Richard Kinstler,"Tiffin, OH",493,4:52:38,11:10,M 60-64/12,M-64,544,4:53:32,54.49%
858,Kimberly Huffman,"Oro Valley, AZ",422,4:52:48,11:11,F 40-44/55,F-42,314,4:54:49,49.54%
859,William Couchman,"Chicago, IL",209,4:52:51,11:11,M 65-69/7,M-66,545,4:56:13,55.59%
860,John Condojani,"Lakeside, AZ",1040,4:53:14,11:12,M 40-44/106,M-40,546,4:54:49,43.65%
861,Jhakarin Leelhasuwan,"Highland, CA",545,4:54:02,11:13,M 25-29/49,M-27,547,4:55:27,42.49%
862,Jesus Cruz,"Tucson, AZ",1044,4:54:22,11:14,M 35-39/85,M-35,548,4:56:19,42.44%
863,Richard Gengler,"Brooklyn Park, MN",332,4:54:32,11:15,M 50-54/59,M-52,549,4:55:15,48.21%
864,Cristina Schuster,"Tucson, AZ",1147,4:54:39,11:15,F 35-39/62,F-38,315,4:55:21,47.47%
865,Sharon Rhodes,"Chula Vista, CA",785,4:54:40,11:15,F 50-54/25,F-51,316,4:56:00,54.97%
866,Shelley Devere,"Tucson, AZ",1049,4:56:10,11:18,F 30-34/60,F-33,317,4:57:47,46.02%
867,Lorilee Linfield,"Boulder, CO",566,4:56:21,11:19,F 20-24/7,F-22,318,4:57:54,45.70%
868,Roland Kernke,"Alamogordo, NM",488,4:56:27,11:19,M 40-44/107,M-44,550,4:57:56,44.64%
869,Toni Jones,"Phoenix, AZ",465,4:57:31,11:21,F 40-44/56,F-42,319,4:59:20,48.75%
870,Kimberle Oden,"Tucson, AZ",701,4:57:40,11:22,F 45-49/47,F-49,320,4:59:25,53.04%
871,Travis Miller,"Yuma, AZ",649,4:57:41,11:22,M 20-24/16,M-24,551,4:58:32,41.97%
872,Warren Withrow,"Sierra Vista, AZ",981,4:58:08,11:23,M 25-29/50,M-28,552,4:59:55,41.90%
873,Lisa Mariscal,"Oro Valley, AZ",605,4:58:18,11:23,F 35-39/63,F-36,321,5:00:51,46.29%
874,Ruth Daddario,"Phoenix, AZ",221,4:58:54,11:24,F 50-54/26,F-52,322,4:59:23,54.91%
875,Craig Withers,"San Diego, CA",980,4:58:59,11:25,M 45-49/101,M-48,553,4:59:55,45.82%
876,Valerie Morin,"North Brookfield, MA",666,4:59:00,11:25,F 40-44/57,F-43,323,5:00:10,49.06%
877,Kim Marr,"Flagstaff, AZ",608,4:59:20,11:26,F 35-39/64,F-39,324,5:00:37,47.09%
878,Audrey Kulwin,"Tucson, AZ",1214,4:59:32,11:26,F 50-54/27,F-51,325,5:04:57,54.08%
879,Walter Niemetschek,"Azusa, CA",691,4:59:38,11:26,M 50-54/60,M-51,554,5:01:19,46.97%
880,Natasha Nightengale,"Highlands Ranch, CO",693,4:59:39,11:26,F 25-29/42,F-28,326,5:00:13,45.19%
881,Michael Wojczynski,"Sahuarita, AZ",1182,4:59:58,11:27,M 35-39/86,M-38,555,5:02:12,42.02%
882,Emerson Knowles,"Tucson, AZ",506,5:00:04,11:27,M 50-54/61,M-52,556,5:01:08,47.33%
883,Matt Hays,"Colorado Springs, CO",385,5:00:09,11:27,M 45-49/102,M-49,557,5:01:04,46.05%
884,Gary Chavers,"Indianapolis, IN",187,5:00:18,11:28,M 55-59/50,M-56,558,5:02:06,49.08%
885,Larry Rosenthal,"Tucson, AZ",1141,5:00:20,11:28,M 65-69/8,M-65,559,5:02:04,53.64%
886,Benjamin Mooney,"Sierra Vista, AZ",1112,5:00:26,11:28,M 30-34/55,M-30,560,5:02:34,41.58%
887,Melissa Manas,"Tucson, AZ",596,5:00:46,11:29,F 35-39/65,F-37,327,5:02:09,46.18%
888,Cindi Russell,"Tucson, AZ",811,5:01:03,11:29,F 30-34/61,F-32,328,5:02:40,45.14%
889,Steve Lehmann,"The Dalles, OR",548,5:01:03,11:29,M 60-64/13,M-64,561,5:02:40,52.96%
890,Steve Lehmann,"The Dalles, OR",547,5:01:03,11:29,M 60-64/14,M-64,562,5:02:40,52.96%
891,Rachel Johnson,"Tucson, AZ",1225,5:01:04,11:29,F 30-34/62,F-34,329,5:02:19,45.42%
892,Gary Davalos,"Phoenix, AZ",232,5:01:37,11:31,M 55-59/51,M-59,563,5:02:45,50.29%
893,John Buttrick,"Peoria, IL",157,5:01:44,11:31,M 70-74/2,M-70,564,5:03:31,56.31%
894,Kirsten Bjergarde,"Tucson, AZ",100,5:02:19,11:32,F 40-44/58,F-43,330,5:03:32,48.52%
895,Saba Harazi,"Whiteriver, AZ",369,5:02:59,11:34,F 35-39/66,F-36,331,5:04:34,45.57%
896,Sue Larson,"Clancy, MT",534,5:03:53,11:36,F 40-44/59,F-43,332,5:05:45,48.27%
897,Jennifer Heisler,"Phoenix, AZ",391,5:04:02,11:36,F 45-49/48,F-45,333,5:04:56,49.41%
898,Jann Weiss,"Sierra Vista, AZ",959,5:04:23,11:37,F 50-54/28,F-53,334,5:05:35,54.64%
899,Billy Bishop,"Scottsdale, AZ",96,5:04:24,11:37,M 35-39/87,M-38,565,5:05:17,41.41%
900,Angela Torres,"Tucson, AZ",1299,5:04:59,11:38,F 30-34/63,F-30,335,5:06:26,44.42%
901,Matthew Northway,"Tucson, AZ",696,5:05:39,11:40,M 16-19/8,M-19,566,5:06:43,41.90%
902,Claudia Foley,"El Dorado Hills, CA",1061,5:05:56,11:41,F 45-49/49,F-45,336,5:07:10,49.11%
903,Fred Keller,"North Falmouth, MA",482,5:06:08,11:41,M 60-64/15,M-61,567,5:06:53,50.54%
904,Amber Paschal,"Seattle, WA",1125,5:06:13,11:41,F 25-29/43,F-27,337,5:07:39,44.22%
905,Thomas Pageler,"Sunnyvale, CA",717,5:06:45,11:42,M 30-34/56,M-32,568,5:08:44,40.72%
906,Natalie Pageler,"Sunnyvale, CA",716,5:06:46,11:42,F 30-34/64,F-34,338,5:08:44,44.58%
907,Andrew Nicholas,"Tucson, AZ",1260,5:06:48,11:43,M 20-24/17,M-24,569,5:09:06,40.72%
908,Ila Brandli,"Mesa, AZ",121,5:06:51,11:43,F 60-64/6,F-62,339,5:08:00,61.72%
909,Matt Laubhan,"Colorado Springs, CO",536,5:07:22,11:44,M 30-34/57,M-32,570,5:07:53,40.64%
910,Andrew Douglas,"Oro Valley, AZ",251,5:07:34,11:44,M 40-44/108,M-41,571,5:08:43,41.97%
911,Judie Rodriguez,"Tucson, AZ",1139,5:07:55,11:45,F 45-49/50,F-46,340,5:09:50,49.39%
912,Wendell Hicks,"Tucson, AZ",1206,5:07:55,11:45,M 45-49/103,M-46,572,5:09:50,43.73%
913,Delyan Radichkov,"Phoenix, AZ",1222,5:08:03,11:45,M 25-29/51,M-29,573,5:09:29,40.55%
914,Pauline Turpin,"Sierra Vista, AZ",928,5:09:42,11:49,F 55-59/13,F-56,341,5:10:54,55.96%
915,Beckie Madaras,"Prescott, AZ",588,5:10:07,11:50,F 35-39/67,F-38,342,5:11:28,45.10%
916,Todd Brown,"Gilbert, AZ",143,5:10:23,11:51,M 25-29/52,M-29,574,5:11:20,40.25%
917,Don Watz,"Glendale, AZ",957,5:11:21,11:53,M 40-44/109,M-42,575,5:13:36,41.80%
918,Carol Erickson,"Grand Junction, CO",279,5:12:25,11:55,F 60-64/7,F-61,343,5:14:05,59.67%
919,Rick Brown,"Tucson, AZ",1231,5:12:55,11:57,M 45-49/104,M-49,576,5:14:38,44.17%
920,Allison Hitzeman,"Phoenix, AZ",1282,5:13:22,11:58,F 35-39/68,F-39,344,5:14:56,44.98%
921,Deb Cowell,"Prescott, AZ",210,5:13:30,11:58,F 50-54/29,F-54,345,5:14:38,53.78%
922,Dawn Ahearn,"Queen Creek, AZ",26,5:13:46,11:58,F 45-49/51,F-48,346,5:14:38,49.68%
923,John Henderson,"Tucson, AZ",1078,5:14:20,12:00,M 45-49/105,M-45,577,5:16:48,42.47%
924,Caroline Moehlman,"Gilbert, AZ",653,5:15:15,12:02,F 30-34/65,F-31,347,5:16:08,43.03%
925,Michele Corona,"Chandler, AZ",1270,5:15:43,12:03,F 40-44/60,F-40,348,5:17:41,45.03%
926,Nancy Reich,"Woodbridge, CA",781,5:15:51,12:03,F 45-49/52,F-48,349,5:17:10,49.36%
927,Alberto Dominguez,"Sierra Vista, AZ",1253,5:15:53,12:03,M 35-39/88,M-36,578,5:17:54,39.59%
928,Mosima Choshi,"Tucson, AZ",196,5:15:58,12:04,F 35-39/69,F-38,350,5:16:45,44.27%
929,Stephanie Warnholtz,"Scottsdale, AZ",1297,5:16:17,12:04,F 20-24/8,F-23,351,5:17:53,42.82%
930,Walt Prescott,"Decatur, GA",760,5:16:17,12:04,M 55-59/52,M-55,579,5:18:23,46.16%
931,Kendel Prescott,"Decatur, GA",759,5:16:18,12:04,F 45-49/53,F-48,352,5:18:23,49.29%
932,Bethann Zarembski,"Rockford, IL",1001,5:16:23,12:05,F 45-49/54,F-49,353,5:17:18,49.90%
933,Tish Tena,"Albuquerque, NM",1163,5:17:31,12:07,F 40-44/61,F-40,354,5:18:55,44.77%
934,Richard Luna,"Liberty Lake, WA",1199,5:18:11,12:09,M 20-24/18,M-24,580,5:18:45,39.26%
935,Michael Preble,"Centennial, CO",757,5:19:56,12:13,M 30-34/58,M-34,581,5:23:59,39.05%
936,Brendan Galbraith,"Craigavon, GB",320,5:21:01,12:15,M 30-34/59,M-34,582,5:21:46,38.91%
937,Rick Smith,"Phoenix, AZ",1291,5:21:03,12:15,M 30-34/60,M-33,583,5:21:37,38.91%
938,Shoshanna Rabkin,"Potomac, MD",769,5:21:39,12:17,F 50-54/30,F-53,355,5:22:37,51.71%
939,Paula Sommers,"Tucson, AZ",1194,5:21:48,12:17,F 35-39/70,F-35,356,5:23:58,42.68%
940,David Owen,"Phoenix, AZ",711,5:21:56,12:17,M 30-34/61,M-34,584,5:22:38,38.80%
941,Patricia Eck,"Tucson, AZ",262,5:22:05,12:18,F 25-29/44,F-27,357,5:23:14,42.05%
942,Scott Bishop,"Gilbert, AZ",1023,5:22:13,12:18,M 35-39/89,M-36,585,5:23:07,38.81%
943,Angela Pittenger,"Tucson, AZ",748,5:22:28,12:18,F 30-34/66,F-34,358,5:23:16,42.41%
944,Tory Angell,"Sahuarita, AZ",1013,5:22:30,12:19,F 30-34/67,F-31,359,5:24:08,42.06%
945,Johanna Even,"Phoenix, AZ",284,5:22:47,12:19,F 35-39/71,F-37,360,5:24:13,43.03%
946,Jim Verity,"Oak Park, CA",1171,5:23:26,12:21,M 25-29/53,M-29,586,5:26:31,38.62%
947,Rosina Thorne,"Tucson, AZ",1164,5:23:50,12:22,F 35-39/72,F-38,361,5:25:27,43.19%
948,Ed Echeverria,"Rancho Cordova, CA",1054,5:24:05,12:22,M 70-74/3,M-73,587,5:37:04,54.36%
949,Lois Berkowitz,"Riverview, MI",79,5:24:11,12:22,F 55-59/14,F-59,362,5:26:16,55.79%
950,Karen Moody,"Tucson, AZ",659,5:24:30,12:23,F 25-29/45,F-27,363,5:25:39,41.73%
951,Julia Roark,"Tijeras, NM",1137,5:24:38,12:23,F 45-49/55,F-46,364,5:30:17,46.85%
952,Ron Ireland,"Marana, AZ",438,5:25:23,12:25,M 55-59/53,M-56,588,5:26:45,45.30%
953,Greg Flower,"New Fairfield, CT",300,5:25:35,12:26,M 40-44/110,M-40,589,5:26:18,39.32%
954,Vanessa Bronson,"El Paso, TX",140,5:25:50,12:26,F 25-29/46,F-27,365,5:27:14,41.56%
955,Russell Stowers,"Tucson, AZ",887,5:26:49,12:28,M 45-49/106,M-48,590,5:28:22,41.92%
956,Stacey Schott,"Greenwich, CT",830,5:27:05,12:29,F 40-44/62,F-42,366,5:28:09,44.34%
957,Lynn Haley,"Calgary, AB",358,5:27:34,12:30,F 50-54/31,F-53,367,5:29:37,50.78%
958,Elisabeth Cooper,"Portland, OR",205,5:27:57,12:31,F 55-59/15,F-59,368,5:29:44,55.15%
959,Franklin Taylor,"Flagstaff, AZ",1161,5:29:03,12:34,M 50-54/62,M-52,591,5:29:47,43.16%
960,Charles Savage,"Ocala, FL",821,5:30:42,12:37,M 70-74/4,M-70,592,5:32:47,51.37%
961,Joan Innes,"Tucson, AZ",1296,5:30:54,12:38,F 45-49/56,F-45,369,5:32:43,45.40%
962,Michael McGinty,"Scottsdale, AZ",630,5:30:55,12:38,M 25-29/54,M-26,593,5:31:41,37.75%
963,Renee Fullerton,"Tucson, AZ",317,5:31:55,12:40,F 25-29/47,F-26,370,5:32:43,40.80%
964,Barb Edwards,"Austin, TX",1055,5:31:59,12:40,F 50-54/32,F-50,371,5:32:52,48.17%
965,Sharon Soloway,"Marana, AZ",869,5:33:40,12:44,F 35-39/73,F-36,372,5:34:56,41.38%
966,Barbara Lomax,"Vista, CA",569,5:33:56,12:45,F 40-44/63,F-42,373,5:34:58,43.43%
967,Shari Howard,"Tucson, AZ",419,5:34:30,12:46,F 40-44/64,F-44,374,5:35:24,44.38%
968,Joanne Drautz,"Rio Rancho, NM",253,5:34:38,12:46,F 40-44/65,F-44,375,5:35:39,44.36%
969,Michael Chiorazzi,"Tucson, AZ",193,5:35:05,12:47,M 50-54/63,M-54,594,5:36:53,43.17%
970,Kazumi Chino,"Tucson, AZ",1235,5:37:33,12:53,F 35-39/74,F-36,376,5:39:06,40.90%
971,Shannon Barker,"Costa Mesa, CA",63,5:37:47,12:53,F 25-29/48,F-29,377,5:39:40,40.09%
972,Megan Bowen,"Reno, NV",119,5:37:48,12:54,F 30-34/68,F-33,378,5:39:40,40.35%
973,Arturo Lopez,"Mexico City, DF",572,5:38:43,12:56,M 35-39/90,M-38,595,5:40:20,37.22%
974,Theresa Porter,"Kansas City, MO",751,5:40:51,13:00,F 50-54/33,F-51,379,5:42:11,47.53%
975,Bryn Enright,"Tucson, AZ",277,5:41:30,13:02,F 35-39/75,F-37,380,5:43:29,40.68%
976,James Lopez,"Apo, AE",573,5:42:17,13:04,M 25-29/55,M-28,596,5:43:39,36.50%
977,Joelle Burbank,"Washington, DC",151,5:42:40,13:05,F 20-24/9,F-24,381,5:43:48,39.52%
978,Shawn Rowley,"Washington, DC",807,5:42:41,13:05,M 35-39/91,M-36,597,5:43:48,36.49%
979,Monique Andersen,"Oro Valley, AZ",36,5:43:10,13:06,F 45-49/57,F-48,382,5:45:02,45.43%
980,Kathy Davis,"Anchorage, AK",234,5:43:11,13:06,F 45-49/58,F-49,383,5:45:03,46.00%
981,Lynne O'Donnell,"Payson, AZ",702,5:44:51,13:10,F 40-44/66,F-40,384,5:46:12,41.22%
982,Cyndee Albertson,"Orange, CA",29,5:46:28,13:13,F 40-44/67,F-41,385,5:48:07,41.43%
983,John Verity,"Oak Park, CA",1172,5:46:45,13:14,M 55-59/54,M-58,598,5:49:50,43.32%
984,Glen Walker,"Ignacio, CO",946,5:50:37,13:23,M 65-69/9,M-66,599,5:52:29,46.43%
985,Lawrence Suhr,"Santa Barbara, CA",891,5:52:07,13:26,M 65-69/10,M-65,600,5:54:28,45.75%
986,Kathleen Sump,"Tucson, AZ",894,5:52:14,13:27,F 55-59/16,F-58,386,5:53:44,50.61%
987,Jessica Lopez,"Los Angeles, CA",574,5:52:22,13:27,F 25-29/49,F-27,387,5:54:11,38.43%
988,Miranda Gebell,"Tucson, AZ",330,5:57:36,13:39,F 20-24/10,F-21,388,5:59:29,37.87%
989,Jo Anne Bernal,"El Paso, TX",1243,5:58:08,13:40,F 45-49/59,F-47,389,5:59:57,42.99%
990,Kristen Smith,"San Antonio, TX",862,5:58:16,13:40,F 40-44/68,F-43,390,5:59:29,40.94%
991,Radka Hart,"Tucson, AZ",379,5:58:24,13:41,F 30-34/69,F-33,391,6:00:08,38.03%
992,Grant Henry,"Tucson, AZ",1079,6:01:36,13:48,M 25-29/56,M-25,601,6:03:37,34.55%
993,Tom Kallok,"Oro Valley, AZ",467,6:04:16,13:54,M 55-59/55,M-55,602,6:05:14,40.08%
994,Julie Hughes,"Gilbert, AZ",425,6:04:21,13:54,F 35-39/76,F-35,392,6:06:59,37.70%
995,Angie Jennings,"Gilbert, AZ",450,6:04:51,13:55,F 35-39/77,F-35,393,6:07:25,37.65%
996,Jd Lee,"Knoxville, TN",543,6:06:16,13:59,M 75-79/1,M-79,603,6:06:21,53.47%
997,Janine Jacinto,"Lodi, CA",441,6:20:17,14:31,F 50-54/34,F-54,394,6:20:17,44.33%
998,Anthony Lombardo,"Daytona Beach, FL",1104,6:20:17,14:31,M 65-69/11,M-67,604,6:20:17,43.26%
999,Brian Islas,"Tucson, AZ",439,6:21:26,14:33,M 20-24/19,M-21,605,6:22:08,32.90%
1000,Jennifer Marin,"Glendale, AZ",604,6:21:26,14:33,F 20-24/11,F-21,395,6:22:08,35.50%
1001,Larry Oyen,"Marana, AZ",714,6:31:52,14:57,M 70-74/5,M-72,606,6:31:52,44.37%
1002,Alma Chavez,"Oro Valley, AZ",188,6:46:18,15:30,F 60-64/8,F-61,396,6:47:44,45.88%
1003,Earl Shelby,"Sahuarita, AZ",1193,7:05:11,16:13,M 35-39/92,M-36,607,7:06:52,29.41%
1004,Vera Archuleta,"Tucson, AZ",1229,7:53:11,18:03,F 50-54/35,F-51,397,7:53:11,34.23%
1005,Michelle Spano,"Tucson, AZ",1228,7:56:08,18:10,F 35-39/78,F-36,398,7:56:08,29.00%
