Place,Name,Location,Bib,Net Time,Pace,Division/Place,Sex-Age,Sex-Place,Gun Time,Age Grade
1,Eric Blake,"New Britain, CT",19,2:26:45,5:36,M 25-29/0,M-27,1,2:26:45,85.63%
2,Michael Mahurin,"Culver City, CA",11,2:38:15,6:03,M 35-39/0,M-36,2,2:38:15,80.32%
3,Jayson Swigart,"Boulder, CO",1228,2:41:04,6:09,M 25-29/0,M-26,3,2:41:04,78.02%
4,Tom Clarke,"Anthem, AZ",257,2:41:25,6:10,M 35-39/1,M-35,4,2:41:26,78.28%
5,Long Truong,"Ottawa, ON",1275,2:43:41,6:15,M 30-34/1,M-30,5,2:43:42,76.76%
6,Andre McNulty,"Tucson, AZ",821,2:44:43,6:17,M 35-39/2,M-35,6,2:44:44,76.71%
7,Leonard Vergunst,"Ocean Springs, MS",16,2:46:30,6:22,M 50-54/0,M-51,7,2:46:33,84.57%
8,Doug Kelly,"Tucson, AZ",1413,2:48:25,6:26,M 40-44/1,M-41,8,2:48:27,77.83%
9,Isaac Barnes,"Williamsport, OH",1451,2:49:06,6:27,M 30-34/2,M-31,9,2:49:07,74.30%
10,Benito Gonzalez,"Tucson, AZ",465,2:49:52,6:29,M 50-54/1,M-50,10,2:49:54,82.24%
11,Romano Scaturro,"Cornville, AZ",1102,2:51:20,6:33,M 40-44/2,M-43,11,2:51:22,77.52%
12,Hendrik De Heer,"El Paso, TX",309,2:52:58,6:36,M 25-29/1,M-25,12,2:52:59,72.64%
13,Stephen Kilburn,"Guelph, ",652,2:53:16,6:37,M 40-44/3,M-41,13,2:53:19,75.65%
14,Kevin Stone,"Tucson, AZ",1208,2:53:57,6:39,M 40-44/4,M-42,14,2:54:01,75.85%
15,Jack McClintic,"Katy, TX",799,2:55:38,6:42,M 45-49/1,M-45,15,2:55:41,76.66%
16,Steve Olafson,"Phoenix, AZ",914,2:56:43,6:45,M 45-49/2,M-48,16,2:56:45,77.85%
17,John Artley,"Tucson, AZ",71,2:57:33,6:47,M 25-29/2,M-27,17,2:57:33,70.77%
18,Paul Nicholson,"Thousand Oaks, CA",12,2:58:05,6:48,M 50-54/2,M-54,18,2:58:06,81.05%
19,Terrance Ramirez,"Westminster, CO",999,2:58:07,6:48,M 40-44/5,M-42,19,2:58:14,74.07%
20,Eric Kobrine,"Irvine, CA",665,2:58:22,6:49,M 35-39/3,M-36,20,2:58:33,71.26%
21,Joe Ziegenfuss,"Minnetonka, MN",1394,2:58:26,6:49,M 30-34/3,M-32,21,2:58:38,70.42%
22,Brian Hayes,"Fort Huachuca, AZ",525,2:58:28,6:49,M 30-34/4,M-32,22,2:58:30,70.40%
23,Frederic Roberts,"Tucson, AZ",1037,2:58:50,6:50,M 45-49/3,M-46,23,2:59:00,75.83%
24,Katie Blackett,"Boulder, CO",18,2:59:32,6:51,F 25-29/0,F-29,1,2:59:32,77.33%
25,Russell Miller,"Chandler, AZ",847,3:00:54,6:54,M 40-44/6,M-41,24,3:01:56,72.46%
26,Barry Wallman,"Santa Rosa Valley, CA",1320,3:01:13,6:55,M 50-54/3,M-54,25,3:01:14,79.65%
27,Herb Phillips,"Burnaby, BC",14,3:02:13,6:57,M 65-69/1,M-66,26,3:02:14,89.36%
28,Chris Li,"Tucson, AZ",717,3:02:45,6:59,M 30-34/5,M-32,27,3:02:49,68.75%
29,Christopher Kerrick,"Scottsdale, AZ",648,3:02:55,6:59,M 25-29/3,M-29,28,3:03:01,68.69%
30,Douglas Williams,"Tucson, AZ",1360,3:02:56,6:59,M 35-39/4,M-39,29,3:03:02,70.75%
31,Javier Cruz,"Bakersfield, CA",290,3:03:33,7:01,M 40-44/7,M-44,30,3:03:33,72.85%
32,Thomas T Burnham,"Kalispell, MT",195,3:04:08,7:02,M 35-39/5,M-37,31,3:04:12,69.44%
33,Jonathan Stewart,"Newbury Park, CA",1203,3:04:15,7:02,M 35-39/6,M-35,32,3:04:17,68.58%
34,Chuck Masters,"Mesa, AZ",789,3:04:18,7:02,M 50-54/4,M-53,33,3:04:40,77.66%
35,Theresa Holland,"Flagstaff, AZ",554,3:04:21,7:02,F 25-29/0,F-27,2,3:04:21,75.34%
36,Robert Schafer,"Scottsdale, AZ",15,3:04:34,7:03,M 45-49/4,M-48,34,3:04:35,74.55%
37,Todd Giroux,"Hawkesbury, ",457,3:04:54,7:04,M 30-34/6,M-34,35,3:04:56,67.95%
38,Sue Zihlmann,"Huntington Beach, CA",1395,3:06:15,7:07,F 40-44/0,F-43,3,3:06:15,80.30%
39,Martin Pieck,"Los Alamos, NM",964,3:06:19,7:07,M 35-39/7,M-39,36,3:06:40,69.47%
40,Bill Wilkey,"Scottsdale, AZ",1355,3:06:28,7:07,M 50-54/5,M-50,37,3:06:35,74.92%
41,Micky Gilbert,"Golden, CO",453,3:06:47,7:08,M 35-39/8,M-36,38,3:06:49,68.04%
42,Peter Tafoya,"Jemez Pueblo, NM",1230,3:07:15,7:09,M 45-49/5,M-46,39,3:07:16,72.42%
43,Joey Gambescia,"Denver, CO",436,3:07:19,7:09,M 30-34/7,M-33,40,3:07:29,67.08%
44,David M Simpson,"Santa Fe, NM",1140,3:07:29,7:10,M 35-39/9,M-36,41,3:14:51,67.79%
45,Mark Koch,"Tucson, AZ",668,3:07:40,7:10,M 45-49/6,M-46,42,3:07:43,72.26%
46,Andres Giron,"Thousand Oaks, CA",456,3:07:51,7:10,M 45-49/7,M-48,43,3:07:52,73.25%
47,Brian Patenaude,"Santa Monica, CA",937,3:07:53,7:10,M 30-34/8,M-31,44,3:08:00,66.87%
48,Dana Patton,"Albuquerque, NM",940,3:08:08,7:11,M 20-24/1,M-22,45,3:08:11,68.26%
49,Rob Hennick,"Moorpark, CA",532,3:08:24,7:12,M 40-44/8,M-43,46,3:08:25,70.50%
50,Jimmy Little,"Galloway, OH",727,3:08:35,7:12,M 40-44/9,M-44,47,3:08:45,70.91%
51,Steven Kobrine,"Billings, MT",667,3:08:43,7:12,M 40-44/10,M-42,48,3:09:03,69.91%
52,Deepak Thakran,"New York, NY",1244,3:08:43,7:12,M 30-34/9,M-34,49,3:08:49,66.58%
53,Takeshi Inomata,"Tucson, AZ",596,3:09:01,7:13,M 45-49/8,M-45,50,3:09:06,71.24%
54,Robert Huotari,"Glendale, AZ",587,3:09:12,7:13,M 55-59/1,M-59,51,3:09:17,79.84%
55,Cedric Barringer,"San Francisco, CA",104,3:09:19,7:14,M 30-34/10,M-32,52,3:11:50,66.37%
56,Eric Austin,"Yuma, AZ",78,3:09:37,7:14,M 35-39/10,M-37,53,3:09:42,67.43%
57,Christine Agnew,"Houston, TX",1424,3:09:40,7:15,F 35-39/1,F-36,4,3:09:52,74.23%
58,Bob Wright,"Phoenix, AZ",1383,3:10:16,7:16,M 50-54/6,M-52,54,3:10:22,74.60%
59,Kelly Calway,"Haleiwa, HI",207,3:10:27,7:16,F 20-24/1,F-22,5,3:10:29,74.44%
60,Dennis Olsen,"Valencia, CA",917,3:10:40,7:17,M 40-44/11,M-44,55,3:10:43,70.13%
61,Matt Hage,"Gilbert, AZ",493,3:10:43,7:17,M 35-39/11,M-35,56,3:11:05,66.25%
62,Chris Healy,"Anaheim, CA",526,3:10:45,7:17,M 30-34/11,M-30,57,3:10:49,65.87%
63,Mike Rahmer,"Tijeras, NM",993,3:10:51,7:17,M 30-34/12,M-34,58,3:12:17,65.83%
64,Jeff Scoular,"Chandler, AZ",1120,3:10:54,7:17,M 30-34/13,M-32,59,3:11:16,65.82%
65,Steve Trahey,"Wayne, MI",1434,3:11:04,7:18,M 25-29/4,M-28,60,3:11:14,65.76%
66,Karen Voss,"Denver, CO",1309,3:11:04,7:18,F 40-44/1,F-41,6,3:11:06,76.86%
67,Anthony Beeson,"Highlands Ranch, CO",117,3:11:21,7:18,M 30-34/14,M-31,61,3:11:29,65.66%
68,Nathan Polaske,"Tucson, AZ",976,3:11:23,7:18,M 20-24/2,M-24,62,3:11:31,65.96%
69,Rob Kobrine,"Irvine, CA",666,3:11:25,7:19,M 40-44/12,M-43,63,3:11:45,69.39%
70,Mark Hutchinson,"Hilton Head Island, SC",1436,3:11:43,7:19,M 55-59/2,M-56,64,3:11:53,76.61%
71,Garrett Gaudini,"San Francisco, CA",441,3:12:30,7:21,M 30-34/15,M-32,65,3:15:01,65.27%
72,Eirik Haenschke,"North Hills, CA",492,3:12:36,7:21,M 40-44/13,M-44,66,3:12:44,69.43%
73,Brian Soller,"Maple Grove, MN",1163,3:13:13,7:23,M 35-39/12,M-35,67,3:13:25,65.39%
74,Dale Braun,"Brentwood Bay, ",167,3:13:16,7:23,M 35-39/13,M-35,68,3:13:30,65.38%
75,Nicholas Salazar,"Berkeley, CA",1085,3:13:18,7:23,M 20-24/3,M-23,69,3:13:34,65.84%
76,Eric Ovaska,"Los Alamos, NM",923,3:13:24,7:23,M 30-34/16,M-33,70,3:13:45,64.96%
77,Kenneth Lavictoire,"Clarksburg, WV",690,3:13:34,7:23,M 35-39/14,M-37,71,3:13:38,66.05%
78,Michael Stewart,"Orange, CA",1204,3:13:41,7:24,M 40-44/14,M-42,72,3:14:11,68.11%
79,Vincent Pham,"Chandler, AZ",961,3:13:48,7:24,M 16-19/1,M-18,73,3:14:13,69.49%
80,Tucker Maclean,"Venice, CA",762,3:13:51,7:24,M 30-34/17,M-33,74,3:16:22,64.82%
81,Lauren Kearney,"San Diego, CA",21,3:14:08,7:25,F 40-44/2,F-40,7,3:14:17,74.99%
82,Joshua Woroniecki,"Three Forks, MT",1380,3:14:21,7:25,M 16-19/2,M-18,75,3:14:23,69.29%
83,Russell Stout,"Hereford, AZ",1209,3:14:22,7:25,M 40-44/15,M-43,76,3:14:33,68.33%
84,Bud Pope,"Berthoud, CO",981,3:14:30,7:26,M 50-54/7,M-50,77,3:14:37,71.83%
85,Paul Pannuti,"Scottsdale, AZ",929,3:14:45,7:26,M 35-39/15,M-39,78,3:14:58,66.46%
86,Jeffery Rhodes,"Anaheim, CA",1454,3:14:46,7:26,M 40-44/16,M-40,79,3:14:50,66.87%
87,Richard Chase,"Tucson, AZ",235,3:14:49,7:26,M 50-54/8,M-50,80,3:15:33,71.71%
88,Mike Cook,"Toronto, ON",1694,3:14:57,7:27,M 30-34/18,M-34,81,3:15:20,64.44%
89,Jason Frank,"New York, NY",423,3:15:00,7:27,M 20-24/4,M-24,82,3:16:25,64.73%
90,Michael Naff,"Charlottesville, VA",880,3:15:01,7:27,M 35-39/16,M-36,83,3:15:13,65.17%
91,David Soule,"Canandaigua, NY",1171,3:15:13,7:27,M 35-39/17,M-39,84,3:15:19,66.30%
92,Frans Erkelens,"Newport Beach, CA",371,3:15:15,7:27,M 40-44/17,M-40,85,3:15:24,66.71%
93,David Heidt,"Boise, ID",527,3:15:22,7:28,M 45-49/9,M-47,86,3:15:27,69.91%
94,Chris Purslow,"Flagstaff, AZ",990,3:15:24,7:28,F 35-39/2,F-39,8,3:15:47,73.87%
95,David Sheppard,"Highlands Ranch, CO",1131,3:15:29,7:28,M 40-44/18,M-42,87,3:15:45,67.49%
96,Troy Pruett,"North Richland Hills, TX",989,3:15:39,7:28,M 45-49/10,M-46,88,3:15:41,69.31%
97,Russ Hamilton,"Tucson, AZ",1603,3:15:44,7:28,M 45-49/11,M-45,89,3:17:20,68.79%
98,Douglas Klein,"Fairlawn, OH",659,3:15:47,7:29,M 45-49/12,M-45,90,3:15:57,68.77%
99,Andrew Stedt,"Saint John, IN",1193,3:16:04,7:29,M 40-44/19,M-44,91,3:16:23,68.20%
100,Dan Trimble,"Phoenix, AZ",1272,3:16:13,7:30,M 35-39/18,M-39,92,3:16:27,65.96%
101,John Duda III,"Boulder, CO",346,3:16:14,7:30,M 30-34/19,M-33,93,3:17:02,64.03%
102,David Schwartz,"Santa Monica, CA",1116,3:16:44,7:31,M 35-39/19,M-35,94,3:16:53,64.23%
103,Craig Schieber,"Seattle, WA",1107,3:17:23,7:32,M 50-54/9,M-50,95,3:17:37,70.78%
104,Curt Schwamb,"Sheridan, WY",1114,3:17:49,7:33,M 45-49/13,M-49,96,3:18:38,70.08%
105,Patricia Zerfas,"Kensington, MD",1393,3:17:53,7:33,F 40-44/3,F-44,9,3:17:58,76.25%
106,Eric Chebi,"Scottsdale, AZ",1466,3:18:04,7:34,M 35-39/20,M-35,97,3:18:19,63.79%
107,Melissa Sinning,"Van Wert, OH",1143,3:18:14,7:34,F 35-39/3,F-35,10,3:19:31,70.46%
108,John McNulty,"Oakland, CA",822,3:18:22,7:34,M 35-39/21,M-38,98,3:18:56,64.84%
109,Dave McMillan,"Longmont, CO",818,3:18:22,7:34,M 30-34/20,M-30,99,3:18:24,63.34%
110,David Ashcraft,"Palatine, IL",73,3:18:27,7:35,M 35-39/22,M-36,100,3:18:55,64.04%
111,Nick Smith,"Tucson, AZ",1157,3:18:29,7:35,M 20-24/5,M-23,101,3:18:34,64.12%
112,Jess Koehn,"Tucson, AZ",669,3:18:32,7:35,M 20-24/6,M-23,102,3:19:15,64.10%
113,Mark Kirkby,"Casa Grande, AZ",656,3:18:34,7:35,M 35-39/23,M-38,103,3:18:54,64.78%
114,Barry Redman,"Gilbert, AZ",1009,3:18:37,7:35,M 30-34/21,M-32,104,3:18:48,63.26%
115,Pedro Perez,"McLean, VA",947,3:18:39,7:35,M 35-39/24,M-35,105,3:18:58,63.61%
116,Curt Sandoval,"Valencia, CA",1089,3:18:47,7:35,M 40-44/20,M-42,106,3:19:00,66.37%
117,Tom Lewis,"Omaha, NE",716,3:18:49,7:35,M 35-39/25,M-38,107,3:19:31,64.70%
118,Charles Dodd,"Fort Huachuca, AZ",332,3:19:01,7:36,M 40-44/21,M-40,108,3:20:52,65.44%
119,Todd Mize,"Tucson, AZ",851,3:19:02,7:36,M 40-44/22,M-44,109,3:19:15,67.18%
120,Joseph Andelin,"Salt Lake City, UT",54,3:19:27,7:37,M 25-29/5,M-26,110,3:19:27,63.00%
121,Marty Mares,"Tucson, AZ",774,3:19:31,7:37,M 40-44/23,M-41,111,3:21:07,65.70%
122,Sanjay Pandit,"New York, NY",928,3:19:48,7:38,M 30-34/22,M-34,112,3:19:53,62.88%
123,Paul Movroydis,"Wellborn, TX",864,3:19:49,7:38,M 45-49/14,M-47,113,3:21:03,68.35%
124,Tim Siscoe,"East Peoria, IL",1145,3:20:00,7:38,M 35-39/26,M-38,114,3:20:29,64.32%
125,Lee Maxson,"Chandler, AZ",793,3:20:03,7:38,M 45-49/15,M-45,115,3:20:13,67.31%
126,Jerry Biang,"Tucson, AZ",133,3:20:19,7:39,M 30-34/23,M-33,116,3:22:03,62.72%
127,Randall Fry,"Sierra Vista, AZ",426,3:20:25,7:39,M 20-24/7,M-24,117,3:21:03,62.98%
128,Liz Sponagle,"Santa Fe, NM",1180,3:20:45,7:40,F 50-54/1,F-52,11,3:21:26,81.44%
129,Paul Amendt,"Los Angeles, CA",52,3:21:06,7:41,M 40-44/24,M-40,118,3:21:43,64.76%
130,Brian Watson,"Tucson, AZ",1327,3:21:16,7:41,M 35-39/27,M-35,119,3:21:45,62.78%
131,Mark Hoover,"Chandler, AZ",564,3:21:16,7:41,M 40-44/25,M-44,120,3:25:31,66.44%
132,Paul Fyfe,"Albuquerque, NM",432,3:21:21,7:41,M 50-54/10,M-50,121,3:21:33,69.38%
133,Trevor Baylor,"Upland, CA",113,3:21:25,7:41,M 50-54/11,M-52,122,3:21:49,70.47%
134,Mahlon Eaton,"El Paso, TX",356,3:21:35,7:42,M 35-39/28,M-38,123,3:22:01,63.81%
135,Bob Williams,"Peoria, AZ",1358,3:21:39,7:42,M 40-44/26,M-44,124,3:22:11,66.31%
136,Brian Chase,"Sherman Oaks, CA",234,3:21:41,7:42,M 35-39/29,M-37,125,3:21:49,63.39%
137,Scott Hurlbert,"Colorado Springs, CO",588,3:21:58,7:43,M 40-44/27,M-41,126,3:22:46,64.90%
138,Erin Rees,"Peterborogh, ON",1605,3:22:00,7:43,F 25-29/1,F-29,12,3:22:57,68.71%
139,Brian Luschwitz,"Escondido, CA",751,3:22:03,7:43,M 35-39/30,M-39,127,3:22:12,64.06%
140,Scott Kurtz,"Chandler, AZ",678,3:22:15,7:43,M 30-34/24,M-33,128,3:23:48,62.12%
141,David Jeck,"Tucson, AZ",609,3:22:23,7:44,M 35-39/31,M-37,129,3:22:26,63.17%
142,Carl Squier,"North Ogden, UT",1183,3:22:46,7:44,M 35-39/32,M-37,130,3:24:04,63.05%
143,Rene Gutierrez,"Avondale, AZ",1455,3:22:59,7:45,F 40-44/4,F-43,13,3:23:02,73.66%
144,Doug Kartel,"Boise, ID",636,3:23:07,7:45,M 45-49/16,M-45,131,3:24:26,66.29%
145,Paul Bakerman,"Phoenix, AZ",1460,3:23:43,7:47,M 45-49/17,M-49,132,3:25:38,68.05%
146,Ed Mraz,"Tucson, AZ",865,3:24:02,7:47,M 55-59/3,M-57,133,3:24:08,72.65%
147,Terry Dean,"Flagstaff, AZ",312,3:24:11,7:48,M 50-54/12,M-52,134,3:25:03,69.52%
148,Mathieu Brown,"Grand Canyon, AZ",188,3:24:15,7:48,M 30-34/25,M-31,135,3:25:19,61.51%
149,Hans Ydremark,"Flisby, ",1387,3:24:18,7:48,M 35-39/33,M-36,136,3:24:19,62.21%
150,Roger Dahlgran,"Tucson, AZ",297,3:24:19,7:48,M 50-54/13,M-54,137,3:25:58,70.64%
151,Chuck Kaminski,"Manhattan Beach, CA",630,3:24:20,7:48,M 50-54/14,M-51,138,3:25:00,68.91%
152,David Henschel,"New Berlin, WI",534,3:24:22,7:48,M 30-34/26,M-33,139,3:24:37,61.48%
153,K C Rolek,"Tucson, AZ",1056,3:24:29,7:48,M 45-49/18,M-46,140,3:24:45,66.31%
154,ARNULFO ORTEGA,"Chandler, AZ",1407,3:24:38,7:49,M 45-49/19,M-49,141,3:25:35,67.75%
155,Edward P Lilly,"Portland, OR",719,3:24:40,7:49,M 45-49/20,M-45,142,3:25:14,65.79%
156,Gerry Gorospe III,"Glendale, CA",468,3:24:50,7:49,M 35-39/34,M-39,143,3:24:59,63.19%
157,Glenn Gunsolley,"Tucson, AZ",488,3:25:03,7:50,M 55-59/4,M-57,144,3:25:49,72.29%
158,David McElroy,"Sierra Vista, AZ",1452,3:25:11,7:50,M 45-49/21,M-45,145,3:27:06,65.62%
159,Abigail Levine,"Chicago, IL",711,3:25:16,7:50,F 25-29/2,F-27,14,3:25:33,67.62%
160,Keri O'Farrell,"Tucson, AZ",908,3:25:29,7:51,F 25-29/3,F-28,15,3:25:56,67.55%
161,Piet De Jonge,"Tucson, AZ",311,3:25:32,7:51,M 50-54/15,M-52,146,3:25:39,69.06%
162,Eric Morrison,"Tucson, AZ",861,3:25:33,7:51,M 40-44/28,M-43,147,3:25:51,64.61%
163,Andrew Green,"White Rock, NM",1437,3:25:43,7:51,M 45-49/22,M-45,148,3:26:16,65.45%
164,Jonathan Carley,"Fullerton, CA",213,3:25:47,7:51,M 40-44/29,M-43,149,3:25:49,64.54%
165,Jody Schrader,"Denver, CO",1112,3:26:02,7:52,F 30-34/1,F-34,16,3:26:32,67.37%
166,Kevin McGrody,"Rcho Sta Marg, CA",807,3:26:03,7:52,M 45-49/23,M-47,150,3:26:36,66.29%
167,Delano Splett,"Louisville, CO",1179,3:26:06,7:52,M 40-44/30,M-43,151,3:26:24,64.44%
168,Diana Robinson,"Bellingham, WA",1040,3:26:12,7:52,F 40-44/5,F-40,17,3:26:43,70.61%
169,Carl Jackson,"Philadelphia, PA",602,3:26:15,7:52,M 35-39/35,M-36,152,3:26:31,61.62%
170,Thomas Bane,"Las Vegas, NV",88,3:26:16,7:53,M 25-29/6,M-27,153,3:26:28,60.91%
171,Katie Prince,"Tucson, AZ",985,3:26:19,7:53,F 25-29/4,F-27,18,3:26:45,67.27%
172,Jeffrey Martin,"Paradise Valley, AZ",784,3:26:21,7:53,M 40-44/31,M-44,154,3:27:59,64.80%
173,Bruce Guter,"Fullerton, CA",490,3:26:32,7:53,M 50-54/16,M-52,155,3:26:39,68.72%
174,Tom Riggenbach,"Kayenta, AZ",1471,3:26:35,7:53,M 40-44/32,M-41,156,3:28:48,63.45%
175,David Holleran,"Woodbury, MN",556,3:26:38,7:53,M 40-44/33,M-42,157,3:28:21,63.85%
176,Wenise Wong,"Los Angeles, CA",1374,3:26:43,7:54,F 35-39/4,F-37,19,3:26:56,68.67%
177,John Costello,"Middletown, DE",1431,3:26:59,7:54,M 45-49/24,M-45,158,3:27:13,65.05%
178,Andrew Calasanz,"Cerritos, CA",205,3:27:15,7:55,M 35-39/36,M-35,159,3:27:25,60.97%
179,Jack Strausman,"Silver Spring, MD",1213,3:27:26,7:55,M 45-49/25,M-45,160,3:27:40,64.91%
180,Erin Watson,"Lafayette, CO",1328,3:27:27,7:55,F 25-29/5,F-28,20,3:27:30,66.90%
181,Lance Fargo,"Ocean View, DE",382,3:27:30,7:55,M 40-44/34,M-40,161,3:27:48,62.77%
182,Kurt Nam,"Playa Del Rey, CA",883,3:27:39,7:56,M 50-54/17,M-50,162,3:28:18,67.27%
183,Rob Harris,"Huntington Beach, CA",514,3:27:42,7:56,M 40-44/35,M-40,163,3:27:45,62.71%
184,Chad Loveland,"North Las Vegas, NV",742,3:28:15,7:57,M 30-34/27,M-34,164,3:28:48,60.33%
185,Alejandro Zinser,"Mexico, DF",1397,3:28:18,7:57,M 40-44/36,M-43,165,3:28:40,63.76%
186,Warren Helfman,"Winnetka, IL",528,3:28:35,7:58,M 45-49/26,M-49,166,3:28:51,66.46%
187,Jim Burt,"Overland Park, KS",196,3:28:37,7:58,M 45-49/27,M-48,167,3:29:11,65.95%
188,Neil McLeod,"Tucson, AZ",1423,3:28:38,7:58,M 40-44/37,M-44,168,3:29:23,64.09%
189,Keith Panzer,"Aurora, CO",201,3:28:40,7:58,M 45-49/28,M-47,169,3:28:47,65.45%
190,Wade Clem,"Snoqualmie, WA",258,3:28:46,7:58,M 35-39/37,M-36,170,3:29:05,60.88%
191,Chris Wittoesch,"Scottsdale, AZ",1371,3:28:49,7:58,M 16-19/3,M-18,171,3:28:53,64.49%
192,Simon Kirkby,"Bolton, ",657,3:28:53,7:58,M 35-39/38,M-35,172,3:29:16,60.49%
193,David Smith,"Tucson, AZ",1151,3:29:01,7:59,M 40-44/38,M-44,173,3:29:18,63.97%
194,Thomas McJilton,"Seattle, WA",811,3:29:03,7:59,M 35-39/39,M-38,174,3:30:47,61.53%
195,Bruce Gungle,"Tucson, AZ",486,3:29:06,7:59,M 45-49/29,M-48,175,3:29:44,65.80%
196,Zoran Maric,"Scottsdale, AZ",775,3:29:10,7:59,M 45-49/30,M-46,176,3:30:47,64.83%
197,Andy Dolphin,"Tucson, AZ",335,3:29:14,7:59,M 30-34/28,M-34,177,3:30:29,60.05%
198,Gary Citron,"Tustin, CA",252,3:29:14,7:59,M 45-49/31,M-49,178,3:29:26,66.26%
199,Jeff Coy,"Castle Rock, CO",281,3:29:15,7:59,M 45-49/32,M-46,179,3:29:58,64.80%
200,Ellen Stemmer,"Tempe, AZ",1199,3:29:25,8:00,F 25-29/6,F-26,21,3:31:17,66.28%
201,Michael Burkoth,"Kenosha, WI",194,3:29:26,8:00,M 50-54/18,M-51,180,3:29:43,67.23%
202,Michelle Patuto,"Glendale, AZ",941,3:29:30,8:00,F 30-34/2,F-34,22,3:31:41,66.25%
203,Mark Holland,"Canton, GA",553,3:29:32,8:00,M 45-49/33,M-45,181,3:30:22,64.26%
204,Rozanne Strong,"Fullerton, CA",1216,3:29:32,8:00,F 45-49/1,F-46,23,3:29:36,73.38%
205,Kevin Flynn,"Mesa, AZ",1453,3:29:41,8:00,M 40-44/39,M-41,182,3:29:55,62.51%
206,Tim Travis,"Scottsdale, AZ",1268,3:29:44,8:00,M 40-44/40,M-42,183,3:29:57,62.91%
207,John Murtaugh,"Littleton, CO",877,3:29:47,8:01,M 45-49/34,M-45,184,3:34:42,64.18%
208,Christopher Budwig,"Flagstaff, AZ",190,3:29:56,8:01,M 40-44/41,M-44,185,3:30:16,63.70%
209,Craig Davidson,"Phoenix, AZ",305,3:29:59,8:01,M 50-54/19,M-52,186,3:30:17,67.60%
210,Bill Kreisle,"Boise, ID",673,3:30:00,8:01,M 45-49/35,M-47,187,3:30:03,65.04%
211,Donald Vines,"Saint George, UT",1307,3:30:01,8:01,M 50-54/20,M-52,188,3:30:28,67.59%
212,Del Acker,"Sheridan, WY",37,3:30:01,8:01,M 55-59/5,M-56,189,3:30:38,69.94%
213,Elizabeth Woroniecki,"Three Forks, MT",1379,3:30:08,8:01,F 20-24/2,F-22,24,3:30:08,67.46%
214,Phuc Pham,"Chandler, AZ",960,3:30:10,8:01,M 45-49/36,M-47,190,3:30:36,64.99%
215,Paul Lushenko,"Fort Huachuca, AZ",752,3:30:11,8:01,M 20-24/8,M-24,191,3:30:14,60.06%
216,John Pontarolo,"Anchorage, AK",979,3:30:22,8:02,M 50-54/21,M-54,192,3:31:05,68.60%
217,Barry Nordstrand,"Excelsior, MN",897,3:30:24,8:02,M 40-44/42,M-44,193,3:32:06,63.55%
218,Mike Minton,"Goodyear, AZ",849,3:30:38,8:03,M 30-34/29,M-34,194,3:30:59,59.65%
219,Leno Rios,"Dickinson, TX",1029,3:30:43,8:03,M 35-39/40,M-36,195,3:30:46,60.32%
220,Declan Kenna,"Tucson, AZ",641,3:30:47,8:03,M 35-39/41,M-37,196,3:30:54,60.66%
221,Joe Stroh,"Flagstaff, AZ",1215,3:30:49,8:03,M 25-29/7,M-25,197,3:30:57,59.60%
222,David Rowe,"Chesterfield, MO",1071,3:30:51,8:03,M 40-44/43,M-40,198,3:30:54,61.77%
223,Felix Topete,"Los Angeles, CA",1403,3:30:55,8:03,M 35-39/42,M-36,199,3:31:21,60.26%
224,Michael Barge,"Winnetka, CA",95,3:31:00,8:03,M 45-49/37,M-49,200,3:31:38,65.70%
225,Aidan Myhre,"Helena, MT",879,3:31:24,8:04,F 35-39/5,F-39,25,3:32:00,68.28%
226,Mark Budwig,"Encinitas, CA",191,3:31:35,8:05,M 50-54/22,M-52,201,3:31:56,67.09%
227,Timothy Bowman,"Saint Louis Park, MN",159,3:31:36,8:05,M 40-44/44,M-42,202,3:31:48,62.35%
228,Donald Rowland,"Phoenix, AZ",1072,3:31:42,8:05,M 45-49/38,M-46,203,3:31:59,64.05%
229,Conrad Sick,"Coto De Caza, CA",1135,3:31:44,8:05,M 45-49/39,M-45,204,3:31:56,63.59%
230,David Waddell,"Houston, TX",1310,3:31:47,8:05,M 45-49/40,M-46,205,3:31:54,64.03%
231,Jorg Hader,"Tucson, AZ",491,3:31:48,8:05,M 35-39/43,M-38,206,3:34:12,60.73%
232,Jerry Bugh,"Victorville, CA",192,3:31:49,8:05,M 20-24/9,M-22,207,3:31:59,60.63%
233,Kevin Nasman,"Fullerton, CA",884,3:31:50,8:05,M 30-34/30,M-32,208,3:31:53,59.31%
234,Enrique Guillen,"Tucson, AZ",485,3:31:53,8:05,M 45-49/41,M-46,209,3:32:17,64.00%
235,Jean Watson,"Chandler, AZ",1329,3:31:55,8:05,F 45-49/2,F-48,26,3:32:05,74.00%
236,Daniel Barnhart,"Rocky River, OH",102,3:32:05,8:06,M 55-59/6,M-57,210,3:32:15,69.89%
237,Amanda Balik,"Phoenix, AZ",84,3:32:22,8:06,F 25-29/7,F-27,27,3:33:52,65.36%
238,Eliza Holland,"Tucson, AZ",552,3:32:30,8:07,F 35-39/6,F-35,28,3:33:40,65.73%
239,Laura Stanton,"Flagstaff, AZ",1190,3:32:32,8:07,F 40-44/6,F-42,29,3:32:54,69.72%
240,Shellie Lyon,"Portland, OR",757,3:32:37,8:07,F 35-39/7,F-37,30,3:32:55,66.76%
241,Scott Howat,"Mesa, AZ",574,3:32:42,8:07,M 35-39/44,M-35,211,3:33:05,59.40%
242,Richard Senti,"Tucson, AZ",1124,3:32:48,8:07,M 55-59/7,M-59,212,3:33:35,70.98%
243,Michael Evans,"Driggs, ID",374,3:33:03,8:08,M 30-34/31,M-34,213,3:33:20,58.97%
244,David Lindgren,"Maple Grove, MN",722,3:33:03,8:08,M 45-49/42,M-49,214,3:33:42,65.07%
245,Ray Manahan,"Seattle, WA",771,3:33:06,8:08,M 35-39/45,M-38,215,3:33:32,60.36%
246,Raouf Mallouh,"Cote Saint Luc, ",770,3:33:18,8:09,M 50-54/23,M-53,216,3:33:33,67.10%
247,Ken Varon,"Palos Verdes Peninsula, CA",1446,3:33:18,8:09,M 50-54/24,M-51,217,3:33:58,66.01%
248,Jane Vales,"Arkport, NY",1290,3:33:21,8:09,F 30-34/3,F-34,31,3:33:29,65.05%
249,Yong Chong,"Cerritos, CA",246,3:33:26,8:09,M 45-49/43,M-48,218,3:34:08,64.47%
250,Brian Harris,"Gilbert, AZ",513,3:33:37,8:09,M 25-29/8,M-28,219,3:35:00,58.82%
251,Ruth Woroniecki,"Three Forks, MT",1381,3:33:50,8:10,F 20-24/3,F-24,32,3:33:52,65.07%
252,Jessie Clark,"Tucson, AZ",255,3:33:51,8:10,F 20-24/4,F-24,33,3:34:04,65.06%
253,Keith Marsicola,"Gilbert, AZ",780,3:33:51,8:10,M 45-49/44,M-48,220,3:34:00,64.34%
254,Terese Szubert-Emge,"Redlands, CA",1229,3:34:01,8:10,F 40-44/7,F-40,34,3:34:57,68.03%
255,James Taylor,"Sandy, UT",1237,3:34:04,8:10,M 20-24/10,M-22,221,3:34:29,59.99%
256,James Donovan,"Seattle, WA",338,3:34:33,8:11,M 45-49/45,M-45,222,3:36:18,62.76%
257,Steve Hollander,"Tucson, AZ",555,3:34:37,8:12,M 40-44/45,M-42,223,3:34:51,61.47%
258,Kimberly Wall,"Tempe, AZ",1319,3:34:39,8:12,F 35-39/8,F-37,35,3:35:28,66.13%
259,Lawrence Wharton,"Gold Canyon, AZ",17,3:34:40,8:12,M 35-39/46,M-37,224,3:34:51,59.56%
260,Jeff Hamner,"Allen, TX",501,3:34:49,8:12,M 50-54/25,M-53,225,3:35:45,66.62%
261,Diana Cedeno,"Tucson, AZ",224,3:34:49,8:12,F 20-24/5,F-23,36,3:35:14,65.35%
262,Antonio Rosas,"Huixquilucan, DF",1064,3:34:50,8:12,M 45-49/46,M-49,226,3:35:49,64.53%
263,Ruth McCoy,"San Diego, CA",800,3:34:59,8:12,F 30-34/4,F-30,37,3:35:21,64.56%
264,Tim Wolfram,"Saint Cloud, MN",1373,3:35:06,8:13,M 50-54/26,M-53,227,3:36:38,66.53%
265,Greg Staffon,"Laguna Niguel, CA",1184,3:35:17,8:13,M 45-49/47,M-48,228,3:36:26,63.91%
266,Sarah Woroniecki,"Three Forks, MT",1382,3:35:17,8:13,F 25-29/8,F-26,38,3:35:18,64.47%
267,Gigi Maaliki,"San Francisco, CA",758,3:35:22,8:13,F 30-34/5,F-33,39,3:36:50,64.45%
268,Kerry-Shannon Fisher,"San Diego, CA",402,3:35:29,8:14,F 35-39/9,F-36,40,3:37:15,65.34%
269,Shawn Jackson,"Tucson, AZ",603,3:35:33,8:14,M 35-39/47,M-35,229,3:35:34,58.62%
270,Mary Londoff,"Saint Louis, MO",732,3:35:41,8:14,F 40-44/8,F-43,41,3:36:35,69.32%
271,Steve Rochford,"Huntington Beach, CA",1047,3:35:45,8:14,M 35-39/48,M-38,230,3:36:36,59.62%
272,Monte Marti,"Mount Vernon, IA",782,3:35:53,8:14,M 40-44/46,M-41,231,3:35:57,60.72%
273,Dan Unrast,"Benson, AZ",1285,3:35:55,8:15,M 40-44/47,M-42,232,3:37:06,61.10%
274,Jacques Boutet,"Anchorage, AK",157,3:36:03,8:15,M 50-54/27,M-50,233,3:36:19,64.66%
275,Matthew Moses,"Chicago, IL",862,3:36:12,8:15,M 25-29/9,M-29,234,3:36:15,58.11%
276,Jon Roig,"Tempe, AZ",1053,3:36:15,8:15,M 30-34/32,M-31,235,3:37:01,58.10%
277,Kevin Mackie,"Oviedo, FL",761,3:36:17,8:15,M 25-29/10,M-29,236,3:36:59,58.09%
278,Jay Kornreich,"Paradise Valley, AZ",671,3:36:23,8:16,M 16-19/4,M-18,237,3:36:33,62.24%
279,Iyob Tessema,"Los Angeles, CA",1243,3:36:23,8:16,M 40-44/48,M-43,238,3:37:15,61.38%
280,Wayne Watkins,"Phoenix, AZ",1326,3:36:44,8:16,M 50-54/28,M-54,239,3:37:06,66.59%
281,Lynne Merkle,"Scottsdale, AZ",831,3:36:44,8:16,F 45-49/3,F-48,42,3:37:35,72.35%
282,Aaron Docter,"Centennial, CO",331,3:36:45,8:16,M 20-24/11,M-22,240,3:36:55,59.25%
283,George Sunderland,"Coalville, UT",1221,3:36:46,8:17,M 50-54/29,M-51,241,3:38:31,64.96%
284,Dinh Nguyen,"Los Alamos, NM",889,3:36:52,8:17,M 50-54/30,M-52,242,3:38:40,65.45%
285,Wayne Eggman,"Tucson, AZ",358,3:37:02,8:17,M 50-54/31,M-50,243,3:38:07,64.37%
286,Robert Maier,"Vicksburg, MS",768,3:37:09,8:17,M 50-54/32,M-52,244,3:37:58,65.37%
287,Jay Engel,"Centennial, CO",364,3:37:16,8:18,M 40-44/49,M-41,245,3:37:32,60.33%
288,John Gordon,"Birmingham, AL",466,3:37:17,8:18,M 45-49/48,M-45,246,3:37:46,61.97%
289,Daniel Sands,"Tucson, AZ",1092,3:37:26,8:18,M 20-24/12,M-20,247,3:37:31,60.34%
290,Clif Miskell,"Arvada, CO",850,3:37:29,8:18,M 45-49/49,M-46,248,3:38:33,62.34%
291,Debbee Huston,"Redlands, CA",589,3:37:33,8:18,F 35-39/10,F-37,43,3:39:32,65.25%
292,Lorrie Rawlings,"Scottsdale, AZ",1008,3:37:34,8:18,F 40-44/9,F-40,44,3:37:56,66.92%
293,Jon King,"Lawrence, KS",654,3:37:35,8:18,M 35-39/49,M-38,249,3:38:56,59.12%
294,Lonnie McLaughlin,"Dublin, OH",815,3:37:35,8:18,M 50-54/33,M-53,250,3:38:37,65.78%
295,Paola Sandroni,"Rochester, MN",1091,3:37:43,8:19,F 45-49/4,F-45,45,3:40:20,69.95%
296,Lucas Bare,"Los Alamos, NM",94,3:37:45,8:19,M 20-24/13,M-22,251,3:38:18,58.98%
297,Laura Swenson,"Tucson, AZ",1227,3:37:47,8:19,F 30-34/6,F-34,46,3:38:28,63.73%
298,Rachel Ladin,"Dallas, TX",680,3:37:49,8:19,F 30-34/7,F-33,47,3:38:25,63.72%
299,Lisa Firestone,"Vail, AZ",397,3:37:51,8:19,F 30-34/8,F-32,48,3:38:36,63.71%
300,Susan Armstrong,"Ogden, UT",69,3:37:51,8:19,F 45-49/5,F-47,49,3:38:24,71.27%
301,Steven Davidoff,"Dallas, TX",304,3:37:52,8:19,M 30-34/33,M-31,252,3:38:29,57.67%
302,Michael Karwowski,"Grosse Pointe Woods, MI",637,3:37:59,8:19,M 55-59/8,M-58,253,3:38:26,68.63%
303,Mike Piorkowski,", AZ",966,3:37:59,8:19,M 45-49/50,M-45,254,3:38:14,61.77%
304,Jim Forbes,"Victoria, BC",413,3:38:00,8:19,M 45-49/51,M-45,255,3:38:55,61.76%
305,Mary Lynch,"Tustin, CA",755,3:38:05,8:20,F 40-44/10,F-40,50,3:38:35,66.76%
306,Jerry Rauman,"Tinley Park, IL",1007,3:38:18,8:20,M 40-44/50,M-43,256,3:38:31,60.84%
307,Carlo Biondolillo,"Rochester, MN",139,3:38:18,8:20,M 50-54/34,M-51,257,3:40:55,64.50%
308,Terrence Rochford,"Phoenix, AZ",1048,3:38:20,8:20,M 45-49/52,M-46,258,3:39:23,62.11%
309,Josie Magee,"Pocatello, ID",765,3:38:28,8:20,F 40-44/11,F-41,51,3:38:46,67.22%
310,David Klinetobe,"San Rafael, CA",661,3:38:28,8:20,M 45-49/53,M-45,259,3:38:52,61.63%
311,William Richards,"Phoenix, AZ",1022,3:38:38,8:21,M 40-44/51,M-41,260,3:39:58,59.95%
312,Lowell Parkison,"Gilbert, AZ",935,3:38:47,8:21,M 40-44/52,M-44,261,3:38:59,61.12%
313,Shannon McQuaid,"Phoenix, AZ",824,3:38:49,8:21,F 30-34/9,F-34,52,3:40:21,63.43%
314,Rich Dale,"Anchorage, AK",298,3:38:49,8:21,M 50-54/35,M-53,262,3:39:23,65.40%
315,Andy Fischer,"Phoenix, AZ",398,3:38:49,8:21,M 35-39/50,M-39,263,3:40:22,59.15%
316,Gary Jonas Jr,"Plymouth Meeting, PA",618,3:39:03,8:22,M 35-39/51,M-36,264,3:39:19,58.02%
317,Barry Wilkinson,"Litchfield Park, AZ",1356,3:39:05,8:22,M 50-54/36,M-52,265,3:40:32,64.79%
318,Tim Roney,"Idaho Falls, ID",1058,3:39:09,8:22,M 50-54/37,M-53,266,3:40:47,65.31%
319,Anton Dahlerbruch,"Rancho Palos Verdes, CA",296,3:39:16,8:22,M 45-49/54,M-45,267,3:39:28,61.41%
320,Elisa Gugerty,"Tucson, AZ",484,3:39:17,8:22,F 40-44/12,F-44,53,3:39:52,68.81%
321,Everrett Blocker,"Sierra Vista, AZ",146,3:39:19,8:22,M 40-44/53,M-41,268,3:40:09,59.77%
322,Mark Almeda,"Seattle, WA",48,3:39:19,8:22,M 35-39/52,M-39,269,3:39:37,59.01%
323,Vadine Rispens,"Helena, MT",1031,3:39:30,8:23,F 35-39/11,F-39,54,3:40:06,65.76%
324,Sam Felsenfeld,"Foothill Ranch, CA",386,3:39:56,8:24,M 30-34/34,M-32,270,3:41:27,57.13%
325,Duke Wahlquist,"Irvine, CA",1313,3:40:00,8:24,M 50-54/38,M-50,271,3:40:19,63.50%
326,Donna Pierson,"Tucson, AZ",965,3:40:00,8:24,F 55-59/1,F-55,55,3:40:37,76.85%
327,Lisa Brecht,"Dallas, TX",169,3:40:07,8:24,F 40-44/13,F-40,56,3:40:43,66.14%
328,Leo Rutten,"Beloit, KS",1079,3:40:07,8:24,M 60-64/1,M-63,272,3:40:55,71.50%
329,Steven Madrid,"Albuquerque, NM",764,3:40:12,8:24,M 45-49/55,M-46,273,3:42:30,61.58%
330,Chuck Hoyack,"Douglas, AZ",576,3:40:17,8:25,M 45-49/56,M-47,274,3:41:33,62.00%
331,Rebecca Holmes,"Mesa, AZ",557,3:40:18,8:25,F 35-39/12,F-36,57,3:40:26,63.91%
332,Seana Stephens,"Saint Helena, CA",1200,3:40:23,8:25,F 30-34/10,F-30,58,3:41:51,62.98%
333,Patrick Riley,"Baltimore, MD",1026,3:40:27,8:25,M 35-39/53,M-35,275,3:40:56,57.32%
334,Kenny Raley,"Tucson, AZ",997,3:40:28,8:25,M 45-49/57,M-47,276,3:40:53,61.95%
335,Sara Cody,"New Berlin, WI",264,3:40:29,8:25,F 25-29/9,F-28,59,3:42:41,62.95%
336,Mark Brinkman,"Boulder, CO",176,3:40:36,8:25,M 55-59/9,M-58,277,3:40:44,67.82%
337,Wendy Vanasco,"Tucson, AZ",1294,3:40:36,8:25,F 35-39/13,F-36,60,3:41:23,63.82%
338,Rob Cunningham,"Tallahassee, FL",292,3:40:37,8:25,M 55-59/10,M-58,278,3:41:24,67.81%
339,Carla Hammer,"Evergreen, CO",499,3:40:45,8:26,F 40-44/14,F-42,61,3:42:04,67.12%
340,Gary Davis,"Germantown, MD",307,3:40:50,8:26,M 40-44/54,M-43,279,3:42:39,60.14%
341,Brooks Decillia,"Calgary, AB",313,3:40:55,8:26,M 35-39/54,M-35,280,3:41:19,57.19%
342,Brad Wolf,"Beaconsfield, ",1372,3:40:58,8:26,M 45-49/58,M-45,281,3:43:05,60.93%
343,Pierre Bolduc,"Pierrefonds, ",152,3:41:01,8:26,M 45-49/59,M-48,282,3:43:07,62.25%
344,Joan Hunter Mayer,"Ventura, CA",794,3:41:09,8:27,F 40-44/15,F-42,62,3:42:07,67.00%
345,Gregory Lind,"Lake Oswego, OR",721,3:41:10,8:27,M 50-54/39,M-51,283,3:41:55,63.66%
346,Kristie Barber,"Phoenix, AZ",92,3:41:17,8:27,F 35-39/14,F-39,63,3:41:48,65.23%
347,Jeffrey Anderson,"Glendora, CA",56,3:41:24,8:27,M 45-49/60,M-46,284,3:43:12,61.25%
348,Arnon Amir,"Saratoga, CA",53,3:41:27,8:27,M 40-44/55,M-43,285,3:41:38,59.97%
349,Thorsten Graeve,"Palo Alto, CA",1469,3:41:28,8:27,M 35-39/55,M-38,286,3:41:38,58.08%
350,Daren Sandbank,"Oro Valley, AZ",1087,3:41:35,8:28,M 45-49/61,M-47,287,3:42:11,61.64%
351,M J Slikas,"Orland Park, IL",1149,3:41:47,8:28,F 35-39/15,F-37,64,3:42:20,64.00%
352,Tara Boucher,"Lompoc, CA",155,3:41:49,8:28,F 30-34/11,F-32,65,3:42:47,62.57%
353,Matthew Levitan,"Thornhill, ",712,3:41:51,8:28,M 30-34/35,M-34,288,3:42:54,56.63%
354,Miriam Wiegel,"Crestline, CA",1348,3:41:56,8:28,F 40-44/16,F-44,66,3:42:27,67.99%
355,Dave Crowe,"Mississagua, ON",289,3:42:00,8:29,M 40-44/56,M-44,289,3:42:54,60.23%
356,Greg Staub,"Valparaiso, IN",1192,3:42:03,8:29,M 45-49/62,M-45,290,3:42:39,60.64%
357,Peter Durkin,"Albuquerque, NM",351,3:42:09,8:29,M 50-54/40,M-54,291,3:42:10,64.97%
358,Christopher Urgo,"Elmhurst, IL",1286,3:42:12,8:29,M 45-49/63,M-47,292,3:42:34,61.47%
359,Kent Dobbins,"Lawrence, KS",329,3:42:14,8:29,M 60-64/2,M-62,293,3:44:15,70.06%
360,Shannon Fox,"Oro Valley, ",1433,3:42:15,8:29,F 35-39/16,F-35,67,3:42:53,62.84%
361,Michael Ciletti,"Warren, OH",251,3:42:16,8:29,M 40-44/57,M-43,294,3:42:22,59.75%
362,Christopher Carlston,"Longmont, CO",216,3:42:16,8:29,M 35-39/56,M-39,295,3:43:56,58.23%
363,Joan D'Alonzo,"Tucson, AZ",294,3:42:38,8:30,F 45-49/6,F-47,68,3:43:25,69.74%
364,Tom Harmon,"Lompoc, CA",508,3:42:38,8:30,M 50-54/41,M-54,296,3:43:17,64.83%
365,Angie Roland,"Chandler, AZ",1055,3:42:39,8:30,F 30-34/12,F-34,69,3:43:26,62.34%
366,Seujan Bertram,"Seattle, WA",132,3:42:42,8:30,F 35-39/17,F-39,70,3:44:39,64.82%
367,Jim Owens,"Santa Fe, NM",925,3:42:47,8:30,M 55-59/11,M-57,297,3:43:23,66.53%
368,Cornelius Dooley,"Santa Fe, NM",339,3:42:50,8:30,M 50-54/42,M-53,298,3:43:18,64.22%
369,John Munson,"Overland Park, KS",869,3:42:53,8:31,M 50-54/43,M-50,299,3:43:58,62.68%
370,Gene Geller,"Waconia, MN",446,3:42:54,8:31,M 55-59/12,M-58,300,3:44:41,67.12%
371,Bogdan Kulik,"Kincardine, ",676,3:43:02,8:31,M 55-59/13,M-58,301,3:43:56,67.08%
372,Michael Erickson,"Tucson, AZ",370,3:43:10,8:31,M 45-49/64,M-46,302,3:44:25,60.76%
373,Jaime Bartoli,"Palatine, IL",108,3:43:15,8:31,F 30-34/13,F-30,71,3:43:46,62.17%
374,Tim Meitl,"Lebanon, IN",827,3:43:26,8:32,M 40-44/58,M-44,303,3:44:10,59.85%
375,Kim Windver,"Redlands, CA",1365,3:43:30,8:32,F 35-39/18,F-37,72,3:45:33,63.51%
376,Kurt Rossow,"Roseville, MN",1068,3:43:33,8:32,M 45-49/65,M-46,304,3:44:23,60.66%
377,Kimball Hoff,"Redlands, CA",50,3:43:34,8:32,M 50-54/44,M-50,305,3:45:33,62.49%
378,Salvador Lopez,"Tucson, AZ",738,3:43:41,8:32,M 20-24/14,M-20,306,3:44:24,58.65%
379,Judith Henderson,"Denver, CO",529,3:43:47,8:33,F 50-54/2,F-50,73,3:44:43,71.52%
380,Michael Hess,"Kingsburg, CA",538,3:44:18,8:34,M 25-29/11,M-28,307,3:44:21,56.02%
381,Sean David,"Tucson, AZ",303,3:44:23,8:34,M 45-49/66,M-45,308,3:45:30,60.01%
382,Lynette D'Urso,"Santa Monica, CA",295,3:44:24,8:34,F 30-34/14,F-32,74,3:45:04,61.85%
383,Gerald Myers,"Flushing, MI",878,3:44:24,8:34,M 50-54/45,M-52,309,3:44:39,63.25%
384,Jennifer Liu,"Los Angeles, CA",728,3:44:26,8:34,F 30-34/15,F-33,75,3:44:41,61.84%
385,Jackie Halle,"Durango, CO",1440,3:44:29,8:34,F 30-34/16,F-33,76,3:46:27,61.82%
386,Janet Green,"Courtenay, BC",472,3:44:35,8:34,F 50-54/3,F-53,77,3:45:26,73.60%
387,Kara Grubis,"Tucson, AZ",482,3:44:42,8:35,F 25-29/10,F-28,78,3:45:10,61.77%
388,Tom Ruyle,"Park City, UT",1470,3:44:47,8:35,M 55-59/14,M-55,310,3:44:55,64.77%
389,Julie Armbrecht,"Chandler, AZ",67,3:44:50,8:35,F 35-39/19,F-35,79,3:45:39,62.12%
390,Matthew Beckman,"Cardiff By The Sea, CA",115,3:44:51,8:35,M 25-29/12,M-29,311,3:46:56,55.88%
391,Dan Redman,"Gilbert, AZ",1010,3:44:56,8:35,M 25-29/13,M-29,312,3:45:20,55.86%
392,Scott Jones,"Mesa, AZ",626,3:45:08,8:36,M 35-39/57,M-38,313,3:46:30,57.13%
393,Thomas Siegel,"Riverside, CA",1136,3:45:08,8:36,M 35-39/58,M-39,314,3:46:26,57.49%
394,Angela Madrid,"Hereford, AZ",763,3:45:12,8:36,F 40-44/17,F-41,80,3:46:39,65.21%
395,Zakariah Wernecke,"Milwaukee, WI",1341,3:45:12,8:36,M 25-29/14,M-26,315,3:47:01,55.79%
396,Brian Bindschadler,"Tucson, AZ",136,3:45:28,8:36,M 40-44/59,M-42,316,3:46:18,58.52%
397,Samuel Spencer,"Los Angeles, CA",1175,3:45:31,8:37,M 45-49/67,M-45,317,3:45:46,59.71%
398,Chris Jones,"Prairie Village, KS",621,3:45:32,8:37,M 35-39/59,M-36,318,3:46:38,56.35%
399,Laura Henkaline,"Van Wert, OH",531,3:45:36,8:37,F 35-39/20,F-35,81,3:46:53,61.91%
400,Alan Perry,"Brevard, NC",951,3:45:38,8:37,M 55-59/15,M-56,319,3:46:02,65.10%
401,Kevin Swain,"Omaha, NE",1223,3:45:40,8:37,M 40-44/60,M-41,320,3:46:23,58.08%
402,Emily Tippett,"Dallas, TX",1260,3:45:45,8:37,F 30-34/17,F-32,82,3:46:15,61.48%
403,Scott Papineau,"Tucson, AZ",931,3:45:47,8:37,M 30-34/36,M-34,321,3:46:34,55.65%
404,Sara Feulner,"Austin, TX",390,3:45:49,8:37,F 30-34/18,F-32,83,3:46:43,61.46%
405,Craig Dabter,"Tucson, AZ",1447,3:45:52,8:37,M 40-44/61,M-43,322,3:47:07,58.80%
406,Derek Jaeger,"Tucson, AZ",1419,3:46:01,8:38,M 20-24/15,M-21,323,3:47:40,57.40%
407,Rita Murphy,"Gilbert, AZ",874,3:46:07,8:38,F 40-44/18,F-40,84,3:47:51,64.39%
408,Carrie Brown,"Gilbert, AZ",185,3:46:08,8:38,F 35-39/21,F-38,85,3:47:51,63.30%
409,Thomas Morris,"Tucson, AZ",860,3:46:09,8:38,M 40-44/62,M-40,324,3:46:49,57.59%
410,Jeffrey Grout,"Tempe, AZ",481,3:46:11,8:38,M 45-49/68,M-48,325,3:46:59,60.83%
411,Erika Wise,"Tucson, AZ",1367,3:46:19,8:38,F 30-34/19,F-31,86,3:46:30,61.33%
412,Marcela Salazar,"Littleton, CO",1084,3:46:25,8:39,F 50-54/4,F-51,87,3:46:40,71.43%
413,John Alke,"Helena, MT",44,3:46:26,8:39,M 55-59/16,M-55,326,3:47:02,64.29%
414,Holly Vana,"Scottsdale, AZ",1293,3:46:26,8:39,F 40-44/19,F-41,88,3:47:31,64.86%
415,Timothy Petersen,"Culver City, CA",956,3:46:53,8:40,M 45-49/69,M-47,327,3:46:59,60.20%
416,Matthew Horetski,"Tucson, AZ",567,3:46:57,8:40,M 25-29/15,M-28,328,3:47:10,55.36%
417,Katherine Van Essen,"Santa Fe, NM",1291,3:46:59,8:40,F 45-49/7,F-47,89,3:47:26,68.40%
418,Robert Loudon,"Incline Village, NV",740,3:47:01,8:40,M 40-44/63,M-43,329,3:48:40,58.50%
419,Scott Palka,"San Marcos, CA",1438,3:47:03,8:40,M 45-49/70,M-48,330,3:47:51,60.60%
420,Andrew Charkiw,"Toronto, ",233,3:47:08,8:40,M 35-39/60,M-37,331,3:47:54,56.29%
421,Armaghan Afsar,"Toronto, ",40,3:47:09,8:40,F 30-34/20,F-33,90,3:47:55,61.10%
422,Tony Magrady,"Naperville, IL",766,3:47:21,8:41,M 40-44/64,M-40,332,3:47:48,57.29%
423,Janna Lorenzen,"Chandler, AZ",739,3:47:30,8:41,F 25-29/11,F-25,91,3:47:37,61.01%
424,George Delalis,"Chandler, AZ",318,3:47:39,8:41,M 45-49/71,M-45,333,3:47:44,59.15%
425,Christina Catalano,"Scottsdale, AZ",223,3:47:43,8:42,F 40-44/20,F-44,92,3:49:08,66.26%
426,Mary Anne Pell,"Naperville, IL",943,3:47:45,8:42,F 40-44/21,F-43,93,3:48:18,65.65%
427,Marion Hoffman,"Fort Myers, FL",548,3:47:49,8:42,M 55-59/17,M-57,334,3:48:16,65.06%
428,Valerie Fernandez,"Phoenix, AZ",389,3:47:49,8:42,F 25-29/12,F-29,94,3:49:24,60.92%
429,Alan Steinberg,"Scottsdale, AZ",1195,3:48:02,8:42,M 50-54/46,M-52,335,3:49:26,62.25%
430,Michael Lefevre,"Springfield, PA",701,3:48:03,8:42,M 50-54/47,M-54,336,3:48:58,63.29%
431,Uli Stuwe,"Perris, CA",1219,3:48:04,8:42,M 30-34/37,M-32,337,3:49:07,55.09%
432,Cindy Laidlaw,"Katy, TX",682,3:48:19,8:43,F 40-44/22,F-43,95,3:49:12,65.48%
433,Raul Rodriguez,"Stockton, CA",1050,3:48:29,8:43,M 50-54/48,M-54,338,3:48:34,63.17%
434,Carrie Maroney,"Carefree, AZ",778,3:48:38,8:44,F 40-44/23,F-44,96,3:49:18,66.00%
435,Gary Dhaemers,"Tucson, AZ",323,3:48:41,8:44,M 55-59/18,M-57,339,3:48:44,64.81%
436,Jennifer Wilkes,"Laguna Hills, CA",1354,3:48:41,8:44,F 25-29/13,F-28,97,3:49:11,60.69%
437,Rasool Anooshehpoor,"Reno, NV",62,3:48:45,8:44,M 50-54/49,M-53,340,3:49:13,62.56%
438,Timothy McGinty,"Cleveland, OH",806,3:48:46,8:44,M 55-59/19,M-55,341,3:49:28,63.64%
439,Tom Olerich,"Olathe, KS",915,3:48:53,8:44,M 55-59/20,M-57,342,3:49:27,64.76%
440,Ted Liao,"Monrovia, CA",718,3:48:53,8:44,M 45-49/72,M-45,343,3:48:55,58.83%
441,Matthew Wichser,"Gilbert, AZ",1347,3:48:54,8:44,M 25-29/16,M-28,344,3:50:48,54.89%
442,Megan Golinveaux,"San Francisco, CA",461,3:48:55,8:44,F 30-34/21,F-33,98,3:50:24,60.63%
443,Jim Van Matre,"Houston, TX",1292,3:48:55,8:44,M 55-59/21,M-57,345,3:49:48,64.74%
444,Susy Bacal,"Tucson, AZ",1430,3:49:21,8:45,F 40-44/24,F-41,99,3:49:40,64.03%
445,Olaf Heuser,"Hillsboro, OR",539,3:49:33,8:46,M 35-39/61,M-36,346,3:51:09,55.37%
446,Tristie McJilton,"Seattle, WA",812,3:49:33,8:46,F 35-39/22,F-39,100,3:51:17,62.88%
447,Brenda Reid,"Hesperia, CA",1013,3:49:38,8:46,F 45-49/8,F-49,101,3:51:03,68.98%
448,Mitch Nielson,"Chandler, AZ",894,3:49:41,8:46,M 40-44/65,M-44,347,3:50:50,58.22%
449,Christie Bane,"Tucson, AZ",87,3:49:46,8:46,F 30-34/22,F-30,102,3:49:59,60.41%
450,Dee Chadwick,"Sedona, AZ",227,3:49:49,8:46,F 60-64/1,F-60,103,3:50:04,78.25%
451,Jonathan Levy,"Tucson, AZ",713,3:49:51,8:46,M 35-39/62,M-38,348,3:51:02,55.96%
452,Eric Benoit,"Menomonee Falls, WI",123,3:49:55,8:47,M 30-34/38,M-30,349,3:51:49,54.64%
453,Erik Lind,"Tucson, AZ",720,3:49:56,8:47,M 20-24/16,M-20,350,3:49:56,57.06%
454,Nancy Halpin,"Albuquerque, NM",495,3:50:02,8:47,F 45-49/9,F-45,104,3:51:11,66.21%
455,Sarah Clancy,"Dallas, TX",253,3:50:04,8:47,F 30-34/23,F-33,105,3:50:41,60.33%
456,Alison Turner,"Rancho Murieta, CA",1278,3:50:05,8:47,F 30-34/24,F-32,106,3:51:28,60.32%
457,Monique Coady,"Phoenix, AZ",260,3:50:16,8:47,F 40-44/25,F-42,107,3:50:45,64.35%
458,Sabino Figueroa,"Yuma, AZ",392,3:50:31,8:48,M 40-44/66,M-41,351,3:51:51,56.86%
459,Bob Furnish,"Bloomington, IN",429,3:50:32,8:48,M 60-64/3,M-60,352,3:52:14,66.16%
460,Will Price,"Yuma, AZ",984,3:50:36,8:48,M 35-39/63,M-39,353,3:51:52,56.13%
461,Tracey Boysen,"Cottonwood, AZ",163,3:50:37,8:48,F 35-39/23,F-36,108,3:51:55,61.05%
462,Edward Murphy,"Tucson, AZ",871,3:50:40,8:48,M 35-39/64,M-39,354,3:52:03,56.11%
463,Shauna Kendell,"Pleasant View, UT",640,3:50:53,8:49,F 40-44/26,F-43,109,3:52:53,64.76%
464,John Wise,"Chagrin Falls, OH",1368,3:50:54,8:49,M 55-59/22,M-58,355,3:51:05,64.79%
465,Melinda Kerns,"North Ogden, UT",647,3:50:57,8:49,F 40-44/27,F-42,110,3:52:57,64.15%
466,Daniel Kerns,"North Ogden, UT",646,3:50:59,8:49,M 45-49/73,M-48,356,3:52:57,59.57%
467,Robert Santoyo,"Pueblo, CO",1094,3:51:11,8:50,M 40-44/67,M-44,357,3:51:24,57.84%
468,Tom Skane,"Tustin, CA",1147,3:51:30,8:50,M 45-49/74,M-47,358,3:52:02,59.00%
469,Russel Martin,"Shallowater, TX",785,3:51:31,8:50,M 45-49/75,M-48,359,3:52:59,59.43%
470,Kirsten Cooper,"Tucson, AZ",275,3:51:31,8:50,F 35-39/24,F-38,111,3:52:07,61.82%
471,Lorraine Gersitz,"Fullerton, CA",447,3:51:31,8:50,F 50-54/5,F-52,112,3:51:50,70.61%
472,Mark Lipin,"Sierra Vista, AZ",725,3:51:42,8:51,M 35-39/65,M-38,360,3:52:56,55.52%
473,John Scheatzle,"Tucson, AZ",1105,3:51:43,8:51,M 40-44/68,M-42,361,3:53:16,56.93%
474,Sandiway Fong,"Tucson, AZ",1415,3:51:47,8:51,M 40-44/69,M-44,362,3:52:41,57.69%
475,Lisa Carlucci,"Victorville, CA",217,3:51:50,8:51,F 45-49/10,F-47,113,3:53:15,66.97%
476,Steve Huettner,"Tucson, AZ",579,3:51:52,8:51,M 45-49/76,M-48,363,3:53:03,59.34%
477,Marjorie Brinton,"Durango, CO",177,3:51:53,8:51,F 50-54/6,F-50,114,3:52:33,69.02%
478,Marion Rudnick,"Arlington Hts, IL",1076,3:51:58,8:51,F 40-44/28,F-40,115,3:52:20,62.76%
479,Gregory Ropp,"Marysville, WA",1062,3:51:58,8:51,M 50-54/50,M-50,364,3:54:35,60.22%
480,Russell Johnson,"Ellijay, GA",616,3:51:59,8:51,M 45-49/77,M-48,365,3:53:28,59.31%
481,Kristen Cooke,"Tucson, AZ",273,3:52:07,8:52,F 35-39/25,F-39,116,3:52:46,62.19%
482,Daniel Mahon,"Phoenix, AZ",767,3:52:11,8:52,M 50-54/51,M-50,366,3:54:32,60.17%
483,Luis Figueroa,"Tucson, AZ",391,3:52:12,8:52,M 50-54/52,M-52,367,3:52:17,61.13%
484,Camille Rimmer,"Yakima, WA",1027,3:52:13,8:52,F 55-59/2,F-57,117,3:52:55,74.56%
485,Chris Harrison,"Paradise Valley, AZ",515,3:52:13,8:52,M 40-44/70,M-42,368,3:53:44,56.81%
486,Sonia Chikh,"Pierrefonds, ",243,3:52:15,8:52,F 25-29/14,F-27,118,3:54:21,59.76%
487,Brad Wright,"Olympia, WA",1384,3:52:17,8:52,M 50-54/53,M-53,369,3:53:57,61.61%
488,Neil Rubeniuk,"Calgary, AB",1073,3:52:17,8:52,M 50-54/54,M-53,370,3:52:24,61.61%
489,Chuck Spurling,"Tucson, AZ",1182,3:52:19,8:52,M 30-34/39,M-32,371,3:53:57,54.08%
490,Carolyn Donahey,"Phoenix, AZ",336,3:52:24,8:52,F 35-39/26,F-39,119,3:54:35,62.11%
491,Bradley Jones,"Vancouver, BC",619,3:52:25,8:52,M 30-34/40,M-34,372,3:54:27,54.06%
492,Robert Gagliardo,"Tucson, AZ",434,3:52:37,8:53,M 55-59/23,M-55,373,3:52:42,62.58%
493,Joe Stewart,"Spokane, WA",1202,3:52:40,8:53,M 60-64/4,M-63,374,3:53:04,67.64%
494,Michelle De Jong,"Long Beach, CA",310,3:52:46,8:53,F 35-39/27,F-37,120,3:55:01,60.98%
495,Marc Ginsberg,"Palatine, IL",455,3:52:47,8:53,M 30-34/41,M-30,375,3:53:18,53.97%
496,Linda Kreyling,"Ivins, UT",675,3:52:51,8:53,F 35-39/28,F-35,121,3:53:09,59.98%
497,Melinda Busch,"Tucson, AZ",199,3:52:56,8:54,F 25-29/15,F-25,122,3:53:05,59.58%
498,Joseph Hubert,"Vail, AZ",577,3:53:05,8:54,M 40-44/71,M-40,376,3:54:04,55.88%
499,Richard Gough,"Flagstaff, AZ",469,3:53:14,8:54,M 40-44/72,M-40,377,3:54:19,55.84%
500,Valerie Steinberg,"Scottsdale, AZ",1196,3:53:15,8:54,F 40-44/29,F-42,123,3:54:37,63.52%
501,Larry Rubenstein,"Los Angeles, CA",1074,3:53:17,8:54,M 55-59/24,M-58,378,3:53:48,64.13%
502,Charlie Leight,"Tempe, AZ",702,3:53:18,8:54,M 45-49/78,M-49,379,3:54:06,59.42%
503,Jim Liston,"Benson, AZ",726,3:53:22,8:55,M 40-44/73,M-43,380,3:55:33,56.91%
504,Thomas Cupis,"Tucson, AZ",293,3:53:24,8:55,M 16-19/5,M-18,381,3:53:49,57.70%
505,Lora Friedrichsen,"Dallas, TX",424,3:53:26,8:55,F 40-44/30,F-40,124,3:54:05,62.37%
506,David Taylor,"Dawson, IL",1427,3:53:33,8:55,M 55-59/25,M-58,382,3:54:32,64.06%
507,Chris Sjoberg,"Seattle, WA",1146,3:53:35,8:55,M 30-34/42,M-30,383,3:55:21,53.79%
508,Toni Pritchard,"Downers Grove, IL",986,3:53:38,8:55,F 40-44/31,F-44,125,3:54:12,64.58%
509,Dana Holcomb,"Pacific Palisades, CA",550,3:53:39,8:55,F 45-49/11,F-47,126,3:55:21,66.45%
510,John Erickson,"Los Alamos, NM",369,3:53:43,8:55,M 50-54/55,M-54,384,3:53:55,61.75%
511,Brian Erickson,"Plano, TX",368,3:53:44,8:55,M 35-39/66,M-38,385,3:53:54,55.03%
512,Joanne Gregg,"Mesa, AZ",475,3:53:45,8:55,F 35-39/29,F-36,127,3:54:29,60.23%
513,Cindy Locke,"Seattle, WA",731,3:53:49,8:56,F 35-39/30,F-36,128,3:56:04,60.22%
514,Robert Cochran,"Apo, ",262,3:53:49,8:56,M 40-44/74,M-43,386,3:54:34,56.80%
515,Jerome Gonzales,"Grand Junction, CO",463,3:53:57,8:56,M 40-44/75,M-41,387,3:55:06,56.03%
516,Jim Lynch,"Denver, CO",754,3:54:01,8:56,M 45-49/79,M-49,388,3:54:33,59.24%
517,Jonathan Trump,"Tucson, AZ",1274,3:54:07,8:56,M 20-24/17,M-24,389,3:55:36,53.92%
518,Martee Mikakawa,"Covina, CA",838,3:54:07,8:56,F 40-44/32,F-42,129,3:54:32,63.29%
519,Jason Farrell,"Las Vegas, NV",1459,3:54:15,8:57,M 55-59/26,M-55,390,3:55:51,62.15%
520,Gene Kwon,"Salt Lake City, UT",679,3:54:27,8:57,M 35-39/67,M-39,391,3:56:09,55.20%
521,Rigoberto Mendoza,"Van Nuys, CA",828,3:54:27,8:57,M 45-49/80,M-46,392,3:54:31,57.84%
522,James Sargent,"La Pine, OR",1096,3:54:28,8:57,M 45-49/81,M-49,393,3:57:10,59.13%
523,Erin Stretton,"Gilbert, AZ",1214,3:54:28,8:57,F 20-24/6,F-24,130,3:54:32,59.34%
524,Deb Miller,"Boulder, CO",841,3:54:30,8:57,F 50-54/7,F-50,131,3:56:21,68.25%
525,Karla Lee,"Irvine, CA",697,3:54:32,8:57,F 35-39/31,F-38,132,3:54:35,61.03%
526,Theresa Cibulka,"Phoenix, AZ",250,3:54:34,8:57,F 40-44/33,F-44,133,3:54:59,64.33%
527,Frank Cibulka,"Phoenix, AZ",249,3:54:37,8:57,M 40-44/76,M-42,394,3:55:03,56.23%
528,Jane Larkindale,"Tucson, AZ",688,3:54:41,8:58,F 30-34/25,F-31,134,3:55:14,59.14%
529,Glen Piro,"Canton, MA",967,3:54:47,8:58,M 35-39/68,M-38,395,3:55:46,54.78%
530,Michael Muenzer,"Lake Elsinore, CA",866,3:54:52,8:58,M 45-49/82,M-47,396,3:55:45,58.15%
531,Jamie Kreyling,"Ivins, UT",674,3:55:11,8:59,M 35-39/69,M-38,397,3:55:28,54.69%
532,Billie Meuschke,"Tucson, AZ",832,3:55:18,8:59,F 30-34/26,F-34,135,3:56:12,58.99%
533,Len Vance,"Tucson, AZ",1295,3:55:21,8:59,M 35-39/70,M-37,398,3:56:10,54.32%
534,Tayler Thomas,"Tucson, AZ",1249,3:55:24,8:59,M 16-19/6,M-18,399,3:55:43,57.21%
535,Charlie Nelson,"Newmarket, NH",886,3:55:32,8:59,M 55-59/27,M-55,400,3:55:53,61.81%
536,Mary Plisch,"Tucson, AZ",973,3:55:33,9:00,F 40-44/34,F-44,136,3:57:24,64.06%
537,Emily Wakild,"Tucson, AZ",1316,3:55:36,9:00,F 25-29/16,F-29,137,3:56:46,58.91%
538,Snezana Konecni,"Los Alamos, NM",670,3:55:36,9:00,F 40-44/35,F-40,138,3:56:20,61.79%
539,Michelle Staffon,"Laguna Niguel, CA",1185,3:55:41,9:00,F 45-49/12,F-48,139,3:56:50,66.53%
540,Jennifer Reich,"Tucson, AZ",1012,3:55:47,9:00,F 30-34/27,F-33,140,3:56:33,58.86%
541,Patti Thurman,"Lone Tree, CO",1257,3:55:47,9:00,F 50-54/8,F-54,141,3:57:37,70.89%
542,Alford Claiborne,"San Diego, CA",138,3:55:50,9:00,M 60-64/5,M-62,401,3:56:03,66.02%
543,Rich Giebelhausen,"Morton, IL",452,3:55:55,9:00,M 55-59/28,M-57,402,3:56:44,62.83%
544,Peter Rahmer,"New York, NY",994,3:55:58,9:00,M 25-29/17,M-25,403,3:57:28,53.25%
545,Charlynn Darrah,"Anthem, AZ",300,3:56:00,9:01,F 35-39/32,F-36,142,3:57:08,59.66%
546,Andy Johnson,"Scottsdale, AZ",611,3:56:03,9:01,M 50-54/56,M-51,404,3:56:31,59.65%
547,Raymond Rivera,"El Paso, TX",1033,3:56:06,9:01,M 45-49/83,M-46,405,3:57:46,57.43%
548,Teresa Bippert-Plymate,"Tucson, AZ",140,3:56:07,9:01,F 45-49/13,F-49,143,3:56:58,67.09%
549,Earl Kapeller,"Round Rock, TX",634,3:56:09,9:01,M 50-54/57,M-51,406,3:56:58,59.62%
550,Tom Furnival,"El Paso, TX",430,3:56:14,9:01,M 65-69/2,M-65,407,3:56:36,68.12%
551,Ann Durkin,"Phoenix, AZ",350,3:56:16,9:01,F 35-39/33,F-39,144,3:58:00,61.09%
552,Larry Dunlap,"Kirtland, NM",349,3:56:21,9:01,M 50-54/58,M-53,408,3:57:53,60.55%
553,Gil Tovar,"Tucson, AZ",1266,3:56:26,9:02,M 50-54/59,M-50,409,3:57:40,59.09%
554,Todd Lessie,"Tucson, AZ",707,3:56:32,9:02,M 35-39/71,M-38,410,3:58:31,54.38%
555,Mary Fischl,"Victorville, CA",1462,3:56:35,9:02,F 45-49/14,F-46,145,3:58:01,64.99%
556,John Miller,"Chesterfield, MO",843,3:56:36,9:02,M 60-64/6,M-60,411,3:57:35,64.47%
557,Doug Shade,"Phoenix, AZ",1128,3:56:42,9:02,M 45-49/84,M-45,412,3:56:54,56.88%
558,Ray Chance,"Tucson, AZ",230,3:56:42,9:02,M 55-59/29,M-59,413,3:56:57,63.81%
559,Jim Glick,"Running Springs, CA",459,3:56:46,9:02,M 55-59/30,M-57,414,3:57:44,62.60%
560,Jerry Nairn,"Chandler, AZ",882,3:56:50,9:02,M 45-49/85,M-47,415,3:58:17,57.67%
561,Toby Ault,"Tucson, AZ",76,3:56:55,9:03,M 25-29/18,M-26,416,3:57:18,53.03%
562,Allan Bentkowski,"Tucson, AZ",125,3:56:57,9:03,M 45-49/86,M-48,417,3:58:41,58.07%
563,Christina Umidon,"Saint Paul, MN",1281,3:56:59,9:03,F 40-44/36,F-43,146,3:57:39,63.08%
564,William Bedell,"Evergreen, CO",116,3:57:00,9:03,M 60-64/7,M-60,418,3:57:17,64.36%
565,Rosie Trahey,"Wayne, MI",1435,3:57:03,9:03,F 25-29/17,F-28,147,3:57:03,58.55%
566,Jeremy Luoma,"Ft. Huachuca, AZ",750,3:57:13,9:03,M 25-29/19,M-29,419,3:57:52,52.97%
567,Irene Nugteren,"Woodstock, ",903,3:57:13,9:03,F 40-44/37,F-40,148,3:59:04,61.37%
568,Bruce McBride,"Mesa, AZ",795,3:57:14,9:03,M 55-59/31,M-56,420,3:58:08,61.91%
569,Brian Richards,"San Diego, CA",1021,3:57:22,9:04,M 45-49/87,M-48,421,3:57:38,57.97%
570,Guido Hattendorf,"Phoenix, AZ",521,3:57:27,9:04,M 35-39/72,M-39,422,3:58:42,54.51%
571,Debbie Fischer,"San Diego, CA",399,3:57:29,9:04,F 50-54/9,F-53,149,3:57:36,69.60%
572,Jack Thornton,"Gardner, MA",1254,3:57:39,9:04,M 40-44/77,M-42,423,3:58:51,55.52%
573,Ryan Grenier,"Arlington, VA",1692,3:57:48,9:05,M 25-29/20,M-28,424,3:58:54,52.84%
574,Trevor Cardon,"Staplehurst, ",210,3:57:53,9:05,M 50-54/60,M-50,425,3:57:59,58.73%
575,Mary Borge,"Western Springs, IL",153,3:57:56,9:05,F 40-44/38,F-41,150,3:59:45,61.72%
576,Tyler Gage,"Tucson, AZ",433,3:57:56,9:05,M 20-24/18,M-22,426,3:58:27,53.98%
577,Kubeshini Naicker,"Pasadena, CA",881,3:57:56,9:05,F 30-34/28,F-33,151,3:58:48,58.33%
578,Tom Lepak,"Phoenix, AZ",705,3:58:00,9:05,M 50-54/61,M-50,427,3:58:29,58.70%
579,Annemarie Peterson,"Milwaukee, WI",957,3:58:00,9:05,F 30-34/29,F-30,152,3:58:21,58.32%
580,Lisa Barringer,"San Francisco, CA",105,3:58:15,9:06,F 35-39/34,F-35,153,3:59:43,58.62%
581,Erin Imler,"Pittsburgh, PA",595,3:58:22,9:06,F 25-29/18,F-26,154,3:59:11,58.23%
582,Colleen Bakewell,"Tucson, AZ",83,3:58:31,9:06,F 40-44/39,F-43,155,3:59:56,62.68%
583,Ryan Schoff,"Tucson, AZ",1111,3:58:33,9:06,M 25-29/21,M-29,428,4:00:27,52.67%
584,Kim Satterlee,"San Diego, CA",1098,3:58:36,9:07,F 55-59/3,F-56,156,3:58:57,71.69%
585,Elizabeth Dietrich,"Crystal Lake, IL",327,3:58:38,9:07,F 45-49/15,F-47,157,3:59:02,65.06%
586,Ariel Bergmeyer,"Jackson, WY",130,3:58:43,9:07,F 20-24/7,F-23,158,3:59:00,58.81%
587,Beth Sarazine,"South Ogden, UT",1095,3:58:44,9:07,F 25-29/19,F-29,159,4:01:00,58.14%
588,Sam Chaney,"Tucson, AZ",232,3:58:44,9:07,M 45-49/88,M-47,429,4:00:18,57.21%
589,Heather Urquhart,"Montreal, ",1287,3:58:51,9:07,F 30-34/30,F-32,160,3:59:57,58.11%
590,Alan Gold,"Scottsdale, AZ",460,3:58:51,9:07,M 45-49/89,M-49,430,4:01:03,58.04%
591,Linda Schwamb,"Sheridan, WY",1115,3:58:55,9:07,F 50-54/10,F-52,161,4:00:52,68.43%
592,Ashley Frischmuth,"Portland, OR",425,3:58:55,9:07,F 30-34/31,F-30,162,4:00:07,58.09%
593,Jessica Eldridge,"Bicknell, UT",360,3:58:58,9:07,F 20-24/8,F-24,163,3:59:03,58.22%
594,David Sandweiss,"Paradise Valley, AZ",1093,3:58:59,9:07,M 50-54/62,M-52,431,4:01:45,59.39%
595,Aaron Trevino,"Albuquerque, NM",1270,3:59:01,9:07,M 45-49/90,M-47,432,4:00:35,57.14%
596,Lisa Trevino,"Albuquerque, NM",1271,3:59:02,9:07,F 45-49/16,F-45,164,4:00:37,63.72%
597,Amy Phillips,"Tucson, AZ",962,3:59:08,9:08,F 30-34/32,F-30,165,4:01:20,58.04%
598,Timothy Bricker,"Thornton, CO",174,3:59:08,9:08,M 30-34/43,M-33,433,4:00:06,52.54%
599,Pam Fecher,"Mission Viejo, CA",384,3:59:15,9:08,F 45-49/17,F-48,166,4:00:27,65.54%
600,Stephanie Carey,"Sarasota, FL",212,3:59:24,9:08,F 30-34/33,F-32,167,4:01:36,57.98%
601,Divesh Anireddy,"Yuma, AZ",61,3:59:44,9:09,M 45-49/91,M-47,434,3:59:47,56.97%
602,William McFetridge,"Calgary, AB",805,3:59:46,9:09,M 55-59/32,M-59,435,4:00:09,63.00%
603,Dale Greene,"Tucson, AZ",473,3:59:56,9:10,M 45-49/92,M-46,436,4:00:53,56.52%
604,Kevin Thornton,"Oro Valley, AZ",1255,3:59:59,9:10,M 35-39/73,M-35,437,4:01:06,52.65%
605,Arika Long,"Denver, CO",734,4:00:00,9:10,F 25-29/20,F-26,168,4:00:51,57.83%
606,Cary Hyden,"Laguna Beach, CA",590,4:00:03,9:10,M 45-49/93,M-49,438,4:00:40,57.75%
607,Wade Harper,"Tucson, AZ",510,4:00:09,9:10,M 45-49/94,M-46,439,4:01:07,56.46%
608,Nick Hart,"Tempe, AZ",517,4:00:18,9:10,M 25-29/22,M-26,440,4:00:44,52.29%
609,Phillip Robinson,"Eden Prairie, MN",1042,4:00:19,9:10,M 55-59/33,M-56,441,4:02:15,61.12%
610,Chuck Grooms,"Castle Rock, CO",480,4:00:22,9:11,M 45-49/95,M-49,442,4:01:22,57.67%
611,Sergio Mendoza,"Van Nuys, CA",829,4:00:26,9:11,M 30-34/44,M-30,443,4:00:31,52.26%
612,Knute Lund,"Bellevue, WA",748,4:00:31,9:11,M 35-39/74,M-37,444,4:02:13,53.16%
613,Jong Kim,"Fullerton, CA",653,4:00:45,9:11,M 55-59/34,M-58,445,4:01:27,62.14%
614,Wendy McMillan,"Longmont, CO",820,4:01:03,9:12,F 30-34/34,F-32,169,4:02:26,57.58%
615,Paula Case,"Phoenix, AZ",221,4:01:04,9:12,F 40-44/40,F-43,170,4:02:36,62.02%
616,David Reid,"Crestline, CA",1014,4:01:09,9:12,M 55-59/35,M-59,446,4:03:09,62.64%
617,Nathalie Wisneski,"Alexandria, VA",1369,4:01:11,9:12,F 40-44/41,F-43,171,4:02:25,61.99%
618,Lindsay Bergen,"Cheshire, CT",127,4:01:11,9:12,F 25-29/21,F-29,172,4:02:34,57.55%
619,Barbara Bouma,"Choteau, MT",156,4:01:20,9:13,F 45-49/18,F-46,173,4:02:18,63.71%
620,Bob Platt,"Phoenix, AZ",971,4:01:23,9:13,M 45-49/96,M-45,447,4:01:51,55.78%
621,Luis Leon,"Tucson, AZ",704,4:01:25,9:13,M 35-39/75,M-37,448,4:03:02,52.96%
622,Carl Vansant,"Kansas City, MO",1297,4:01:25,9:13,M 65-69/3,M-68,449,4:01:51,69.12%
623,Steve Hoover,"Lima, OH",565,4:01:32,9:13,M 40-44/78,M-41,450,4:02:53,54.27%
624,Holly Miller,"Scottsdale, AZ",842,4:01:33,9:13,F 30-34/35,F-32,174,4:01:42,57.46%
625,Diane Harper,"Tucson, AZ",509,4:01:37,9:13,F 45-49/19,F-48,175,4:02:44,64.90%
626,Jay Ballantine,"Boulder, CO",86,4:01:51,9:14,M 50-54/63,M-51,451,4:02:55,58.22%
627,Marsh Linnander,"Phoenix, AZ",724,4:02:25,9:15,M 65-69/4,M-65,452,4:03:20,66.39%
628,David Shiner,"St Petersburg, FL",1132,4:02:27,9:15,M 35-39/76,M-35,453,4:02:34,52.11%
629,Clarence Smith,"Culver City, CA",1150,4:02:53,9:16,M 35-39/77,M-35,454,4:03:01,52.02%
630,Randy Smith,"Tucson, AZ",1158,4:03:08,9:17,M 45-49/97,M-47,455,4:04:32,56.17%
631,Leslie Singleton,"Benbrook, TX",1142,4:03:13,9:17,F 40-44/42,F-44,176,4:03:52,62.04%
632,Sandie Allen,"Riverside, CA",46,4:03:18,9:17,F 50-54/11,F-52,177,4:04:43,67.19%
633,Adam Strasberg,"Peterborough, ",1212,4:03:19,9:17,M 35-39/78,M-36,456,4:04:22,52.23%
634,Hoshang Dubash,"Valencia, CA",345,4:03:29,9:18,M 50-54/64,M-50,457,4:03:37,57.38%
635,Craig Soper,"Seattle, WA",1167,4:03:33,9:18,M 55-59/36,M-55,458,4:05:01,59.77%
636,Sarah Aoki-Fordham,"Seattle, WA",63,4:03:33,9:18,F 45-49/20,F-49,178,4:05:00,65.04%
637,Jack Spiegelberg,"San Diego, CA",1177,4:03:37,9:18,M 55-59/37,M-58,459,4:04:44,61.41%
638,Danny Mandel,"Tucson, AZ",772,4:03:55,9:19,M 25-29/23,M-28,460,4:05:43,51.51%
639,Donald Patch,"Tucson, AZ",936,4:04:03,9:19,M 40-44/79,M-40,461,4:04:18,53.37%
640,Debbie Ward,"Oak View, CA",1325,4:04:14,9:19,F 45-49/21,F-46,179,4:06:11,62.96%
641,David Brenner,"Lenexa, KS",170,4:04:21,9:20,M 45-49/98,M-49,462,4:05:22,56.73%
642,Claudia Roedl,"Scottsdale, AZ",1051,4:04:25,9:20,F 40-44/43,F-42,180,4:05:13,60.62%
643,Peter Opper,"Richmond, VA",919,4:04:26,9:20,M 60-64/8,M-60,463,4:05:42,62.41%
644,Maria Walton,"Gilbert, AZ",1321,4:04:29,9:20,F 40-44/44,F-44,181,4:05:28,61.72%
645,Amy Strub,"Springfield, VA",1217,4:04:39,9:20,F 25-29/22,F-26,182,4:05:48,56.73%
646,Robert Anderson,"Tucson, AZ",59,4:04:41,9:20,M 30-34/45,M-32,464,4:06:08,51.35%
647,Brian Stowe,"Dove Canyon, CA",1210,4:04:46,9:21,M 45-49/99,M-45,465,4:07:49,55.01%
648,Dennis Woodrich,"Tucson, AZ",1375,4:04:51,9:21,M 50-54/65,M-50,466,4:05:39,57.05%
649,Lisa Thomas,"Phoenix, AZ",1248,4:05:00,9:21,F 35-39/35,F-35,183,4:07:17,57.01%
650,Anne Chen,"Los Angeles, CA",237,4:05:04,9:21,F 30-34/36,F-30,184,4:05:34,56.63%
651,Merna Meier,"Sparks, NV",826,4:05:17,9:22,F 50-54/12,F-53,185,4:07:03,67.38%
652,Michael Baity,"Yadkinville, NC",82,4:05:22,9:22,M 25-29/24,M-28,467,4:06:00,51.21%
653,Maxwell Carroll,"Charlotte, NC",219,4:05:25,9:22,M 55-59/38,M-58,468,4:06:00,60.96%
654,Cecilia Duenas,"Los Alamos, NM",347,4:05:29,9:22,F 30-34/37,F-34,186,4:06:24,56.54%
655,Marlisa Pitchford,"Rialto, CA",968,4:05:39,9:23,F 40-44/45,F-43,187,4:07:39,60.86%
656,Glenn Iwata,"Phoenix, AZ",601,4:05:43,9:23,M 50-54/66,M-50,469,4:07:41,56.85%
657,Maryelaine Barker,"Redlands, CA",100,4:05:43,9:23,F 50-54/13,F-52,188,4:07:43,66.53%
658,Mark Stockslager,"Bonney Lake, WA",1207,4:05:46,9:23,M 65-69/5,M-66,470,4:06:28,66.25%
659,Matt Kelly,"Durango, CO",1420,4:05:50,9:23,M 40-44/80,M-40,471,4:06:14,52.98%
660,Betsy Fisher,"Fort Collins, CO",401,4:05:51,9:23,F 40-44/46,F-41,189,4:06:13,59.74%
661,Tal-Ee Roberts,"Santa Fe, NM",1039,4:06:08,9:24,M 25-29/25,M-27,472,4:06:43,51.05%
662,Scott Kipp,"Phoenix, AZ",655,4:06:24,9:24,M 50-54/67,M-53,473,4:07:56,58.08%
663,Phyllis Miller,"San Jose, CA",846,4:06:37,9:25,F 40-44/47,F-43,190,4:07:07,60.62%
664,Paul Yoder,"Prescott, AZ",1388,4:06:40,9:25,M 50-54/68,M-50,474,4:07:34,56.63%
665,Kristine Sperling,"Reno, NV",1176,4:06:47,9:25,F 35-39/36,F-36,191,4:08:34,57.05%
666,Jennifer Dicus,"Leawood, KS",325,4:06:55,9:26,F 40-44/48,F-44,192,4:07:19,61.11%
667,Francisco Moreno,"Tucson, AZ",859,4:06:57,9:26,M 40-44/81,M-43,475,4:08:16,53.78%
668,Ryan Embree,"Tucson, AZ",1602,4:07:04,9:26,M 25-29/26,M-25,476,4:07:47,50.85%
669,Beverly Anderson,"Green Valley, AZ",10041,4:07:07,9:26,F 60-64/2,F-63,193,4:09:19,75.80%
670,Stan Banks,"Riverton, UT",91,4:07:08,9:26,M 40-44/82,M-40,477,4:09:19,52.70%
671,Abby Ruby,"Colorado Springs, CO",1075,4:07:09,9:26,F 25-29/23,F-27,194,4:07:31,56.16%
672,Beth Howard,"Scottsdale, AZ",572,4:07:13,9:26,F 45-49/22,F-47,195,4:08:54,62.81%
673,Robert Linn,"Pittsburgh, PA",723,4:07:14,9:26,M 45-49/100,M-49,478,4:07:23,56.07%
674,Amie Thaler,"Yelm, WA",1245,4:07:32,9:27,F 35-39/37,F-35,196,4:07:52,56.42%
675,Janie Mercer,"Tucson, AZ",830,4:07:34,9:27,F 20-24/9,F-23,197,4:09:06,56.71%
676,Karman Kerbs,"Pleasant View, UT",22,4:07:42,9:27,F 30-34/38,F-33,198,4:09:01,56.03%
677,Sandy Montgomery,"Riverside, CA",856,4:07:53,9:28,F 55-59/4,F-57,199,4:09:55,69.85%
678,Alan Pollack,"San Clemente, CA",977,4:07:54,9:28,M 55-59/39,M-55,479,4:08:19,58.73%
679,Emile Coy,"Corona, CA",1458,4:07:54,9:28,M 55-59/40,M-58,480,4:08:27,60.35%
680,Kate Ashcraft,"Palatine, IL",74,4:08:23,9:29,F 30-34/39,F-31,200,4:08:54,55.88%
681,Mark O'Boyle,"Oro Valley, AZ",904,4:08:25,9:29,M 35-39/79,M-38,481,4:09:33,51.78%
682,Ken Barker,"Redlands, CA",99,4:08:40,9:30,M 55-59/41,M-59,482,4:10:40,60.74%
683,Ron Haven,"Saint Michaels, AZ",523,4:08:57,9:30,M 45-49/101,M-49,483,4:10:54,55.69%
684,Ted Hunsaker,"Chandler, AZ",585,4:09:00,9:30,M 25-29/27,M-28,484,4:10:08,50.46%
685,John Molet,"Northglenn, CO",853,4:09:09,9:31,M 60-64/9,M-63,485,4:10:27,63.17%
686,Charles Scheibe,"Denver, CO",1106,4:09:18,9:31,M 50-54/69,M-52,486,4:09:45,56.94%
687,Jessica Bowron,"Tucson, AZ",160,4:09:21,9:31,F 20-24/10,F-24,201,4:10:32,55.80%
688,Ken Futrell,"Murfreesboro, TN",431,4:09:28,9:31,M 40-44/83,M-44,487,4:11:18,53.60%
689,Aida Tang,"Scottsdale, AZ",1234,4:09:29,9:31,F 50-54/14,F-50,202,4:10:21,64.15%
690,George Demetrulias,"Scottsdale, AZ",320,4:09:30,9:31,M 55-59/42,M-59,488,4:09:48,60.54%
691,Dru Barisich,"Peoria, AZ",97,4:09:34,9:32,F 25-29/24,F-25,203,4:11:10,55.61%
692,David Graham,"San Pedro, CA",470,4:09:37,9:32,M 45-49/102,M-46,489,4:10:21,54.32%
693,Lisa Jacobsen,"Litchfield Park, AZ",604,4:09:41,9:32,F 25-29/25,F-29,204,4:11:17,55.59%
694,Scott Horton,"Tucson, AZ",569,4:09:47,9:32,M 40-44/84,M-40,490,4:09:47,52.14%
695,Ji Hoon Yoo,"Tucson, AZ",1472,4:09:52,9:32,M 20-24/19,M-21,491,4:09:56,51.92%
696,Ann Dungan,"Sarasota, FL",348,4:09:53,9:32,F 35-39/38,F-38,205,4:12:05,57.28%
697,Sarah Terrell,"Round Rock, TX",1242,4:10:06,9:33,F 25-29/26,F-26,206,4:11:19,55.49%
698,Lee Cox,"Tucson, AZ",280,4:10:09,9:33,M 45-49/103,M-46,492,4:10:55,54.21%
699,Genyll Doalson,"Mission Viejo, CA",328,4:10:10,9:33,F 35-39/39,F-36,207,4:11:07,56.28%
700,Zarah Marie Martinez,"Anaheim, CA",787,4:10:20,9:33,F 35-39/40,F-35,208,4:10:31,55.79%
701,Teresa Person,"Georgetown, TX",952,4:10:25,9:34,F 50-54/15,F-51,209,4:11:18,64.59%
702,Polly O'Rourke,"Tucson, AZ",912,4:10:26,9:34,F 35-39/41,F-36,210,4:11:40,56.22%
703,Patrick Seidel,"Phoenix, AZ",1121,4:10:29,9:34,M 45-49/104,M-47,493,4:12:45,54.53%
704,Laura Serri,"Pierrefonds, ",1127,4:10:44,9:34,F 45-49/23,F-49,211,4:12:52,63.17%
705,Megan Mohebbi,"Del Mar, CA",852,4:10:50,9:34,F 50-54/16,F-53,212,4:12:26,65.89%
706,James Billington,"Tucson, AZ",135,4:10:57,9:35,M 25-29/28,M-29,494,4:11:11,50.07%
707,Eric Barrett,"Flagstaff, AZ",103,4:11:01,9:35,M 45-49/105,M-48,495,4:12:06,54.81%
708,Erin Benjamin,"Tucson, AZ",120,4:11:07,9:35,F 20-24/11,F-23,213,4:11:58,55.91%
709,Alexandra Cheshire,"Tucson, AZ",240,4:11:08,9:35,F 35-39/42,F-35,214,4:12:15,55.61%
710,Anastasia Sibley,"Tucson, AZ",1134,4:11:10,9:35,F 25-29/27,F-26,215,4:13:22,55.26%
711,John Dohm,"Scottsdale, AZ",334,4:11:11,9:35,M 30-34/46,M-32,496,4:12:15,50.02%
712,Kimberly Westfall,"Phoenix, AZ",1342,4:11:16,9:36,F 35-39/43,F-37,216,4:13:27,56.49%
713,Catherine Wyman,"Phoenix, AZ",1456,4:11:17,9:36,F 40-44/49,F-44,217,4:13:27,60.05%
714,John Tolle,"Columbus, OH",1448,4:11:19,9:36,M 65-69/6,M-65,497,4:11:24,64.04%
715,Jill Sinclair,"Tucson, AZ",1141,4:11:20,9:36,F 40-44/50,F-41,218,4:13:06,58.43%
716,Randy Sooter,"Tucson, AZ",1698,4:11:28,9:36,M 25-29/29,M-28,498,4:11:45,49.96%
717,Missy Bache,"Catalina, AZ",80,4:11:37,9:36,F 40-44/51,F-43,219,4:12:45,59.42%
718,Kimberly Norskog,"Avondale, AZ",900,4:11:38,9:36,F 25-29/28,F-29,220,4:13:14,55.16%
719,Nancy Wahlig,"San Diego, CA",1312,4:11:45,9:37,F 50-54/17,F-51,221,4:12:54,64.24%
720,Frank Reynolds,"Tucson, AZ",1018,4:11:55,9:37,M 40-44/85,M-42,499,4:12:29,52.37%
721,Erica Semeyn,"Flagstaff, AZ",1122,4:11:57,9:37,F 25-29/29,F-28,222,4:13:36,55.08%
722,Paula Fischer-Gressman,"Media, PA",400,4:12:05,9:37,F 45-49/24,F-48,223,4:12:58,62.21%
723,Stephen Loney,"Ann Arbor, MI",733,4:12:26,9:38,M 50-54/70,M-53,500,4:12:47,56.69%
724,Craig Sussman,"Manhattan Beach, CA",1222,4:12:30,9:38,M 50-54/71,M-51,501,4:12:45,55.76%
725,Jason Graham-Nye,"Portland, OR",34,4:12:33,9:38,M 35-39/80,M-36,502,4:13:15,50.32%
726,Jason Smith,"Tucson, AZ",1152,4:12:44,9:39,M 30-34/47,M-34,503,4:14:11,49.71%
727,Christine Humble,"Scottsdale, AZ",581,4:12:59,9:39,F 50-54/18,F-53,224,4:13:42,65.33%
728,Lorrie Cerminara,"Phoenix, AZ",226,4:13:03,9:40,F 40-44/52,F-44,225,4:13:59,59.63%
729,Sharon Yamato,"Playa Del Rey, CA",1386,4:13:07,9:40,F 55-59/5,F-57,226,4:13:41,68.40%
730,Marykate McHardy,"Tucson, AZ",808,4:13:14,9:40,F 16-19/1,F-18,227,4:14:04,58.71%
731,Graham Swanson,"Tucson, AZ",1224,4:13:22,9:40,M 30-34/48,M-30,504,4:15:15,49.59%
732,Russell Petelle,"Derby Line, VT",954,4:13:24,9:40,M 55-59/43,M-59,505,4:14:40,59.61%
733,Gioia Woods,"Flagstaff, AZ",1377,4:13:28,9:41,F 35-39/44,F-38,228,4:14:45,56.47%
734,Kathleen Kammy Horne,"Phoenix, AZ",568,4:13:31,9:41,F 35-39/45,F-38,229,4:14:39,56.46%
735,Fernando Bustamante,"Sahuarita, AZ",202,4:13:31,9:41,M 40-44/86,M-41,506,4:15:01,51.70%
736,John Sikra,"Tempe, AZ",1138,4:13:32,9:41,M 45-49/106,M-45,507,4:15:53,53.11%
737,Jim Grindley,"Cottonwood, AZ",479,4:13:48,9:41,M 70-74/1,M-71,508,4:15:20,68.42%
738,Patricia Rosa,"Prairie Village, KS",1063,4:13:54,9:42,F 40-44/53,F-42,230,4:14:18,58.36%
739,Steven Rudnick,"Arlington Hts, IL",1077,4:13:58,9:42,M 40-44/87,M-43,509,4:15:14,52.30%
740,Darlene Garcia,"Beverly Hills, CA",437,4:14:06,9:42,F 40-44/54,F-44,231,4:14:34,59.38%
741,Logan English,"Tucson, AZ",367,4:14:06,9:42,M 20-24/20,M-22,510,4:15:19,50.54%
742,Ramona Lee,"Long Beach, CA",700,4:14:13,9:42,F 45-49/25,F-45,232,4:15:04,59.91%
743,Dirk Hoekstra,"Los Altos, CA",547,4:14:19,9:42,M 60-64/10,M-62,511,4:16:09,61.22%
744,Joshua Smith,"Queen Creek, AZ",1153,4:14:20,9:42,M 30-34/49,M-32,512,4:15:19,49.40%
745,Matthew Gehrman,"Chandler, AZ",445,4:14:26,9:43,M 35-39/81,M-35,513,4:15:49,49.66%
746,Tracy Mulvaney,"Casa Grande, AZ",867,4:14:39,9:43,F 35-39/46,F-36,233,4:15:31,55.29%
747,Stacy Mallary,"Silverthorne, CO",769,4:14:40,9:43,F 25-29/30,F-27,234,4:16:04,54.50%
748,Hiep Nguyen,"Bellevue, WA",890,4:14:41,9:43,M 35-39/82,M-38,514,4:16:56,50.50%
749,Kristin Schwartz,"Chandler, AZ",1117,4:14:42,9:43,F 25-29/31,F-26,235,4:16:46,54.49%
750,Carol Dee,"Newmarket, ",315,4:14:49,9:44,F 55-59/6,F-55,236,4:15:56,66.35%
751,Stacie Arwood,"Anthem, AZ",72,4:14:52,9:44,F 30-34/40,F-33,237,4:15:23,54.46%
752,Raymond Dieter,"Minneapolis, MN",326,4:14:55,9:44,M 45-49/107,M-45,515,4:16:10,52.82%
753,Laura Vogel,"Tucson, AZ",1308,4:15:06,9:44,F 20-24/12,F-21,238,4:15:14,56.16%
754,Janet Josephsen,"Reno, NV",627,4:15:08,9:44,F 55-59/7,F-57,239,4:16:56,67.86%
755,David Bruskas,"Albuquerque, NM",1406,4:15:48,9:46,M 40-44/88,M-40,516,4:17:22,50.91%
756,Bob Mathison,"Calgary, AB",792,4:16:00,9:46,M 50-54/72,M-51,517,4:16:22,55.00%
757,Hector Campuzano,"Tucson, AZ",208,4:16:03,9:46,M 16-19/7,M-18,518,4:17:59,52.59%
758,Nancy Lowe,"Flagstaff, AZ",744,4:16:13,9:47,F 40-44/55,F-42,240,4:18:12,57.83%
759,Rondi Thornton,"Albuquerque, NM",1256,4:16:33,9:48,F 55-59/8,F-56,241,4:17:42,66.68%
760,Carol Funckes,"Tucson, AZ",427,4:16:38,9:48,F 50-54/19,F-52,242,4:18:09,63.70%
761,Eric Marti,"Long Beach, CA",781,4:16:47,9:48,M 40-44/89,M-41,519,4:16:51,51.05%
762,Eric Tossavainen,"Gilbert, AZ",1263,4:16:48,9:48,M 45-49/108,M-49,520,4:18:35,53.98%
763,Marc Brooks,"Phoenix, AZ",180,4:16:49,9:48,M 55-59/44,M-57,521,4:18:34,57.71%
764,Ingrid Trebisky,"Tucson, AZ",1269,4:16:50,9:48,F 45-49/26,F-49,243,4:17:30,61.67%
765,Leah Furneaux,"Phoenix, AZ",428,4:16:56,9:48,F 35-39/47,F-37,244,4:18:02,55.25%
766,Bernadette Zita,"Downers Grove, IL",1399,4:17:04,9:49,F 35-39/48,F-38,245,4:17:38,55.68%
767,Steve Shumway,"Breckenridge, CO",1133,4:17:07,9:49,M 45-49/109,M-46,522,4:18:39,52.74%
768,Kurt Apostol,"Alpine, UT",64,4:17:10,9:49,M 45-49/110,M-48,523,4:18:02,53.50%
769,Michelle Brost,"Medford, WI",181,4:17:15,9:49,F 35-39/49,F-37,246,4:19:10,55.18%
770,Julio Martinez De Andino,"Vail, AZ",788,4:17:16,9:49,M 30-34/50,M-30,524,4:17:48,48.84%
771,Christopher Dragon,"Tempe, AZ",1700,4:17:19,9:49,M 35-39/83,M-38,525,4:18:31,49.99%
772,Laurie Benjamin,"Tucson, AZ",121,4:17:20,9:49,F 50-54/20,F-51,247,4:18:10,62.85%
773,Patricia McDonald,"Mississauga, ",803,4:17:25,9:50,F 50-54/21,F-51,248,4:17:25,62.83%
774,Brad Carey,"Tempe, AZ",1696,4:17:28,9:50,M 20-24/21,M-22,526,4:18:17,49.88%
775,Brian Davis,"Tempe, AZ",1699,4:17:29,9:50,M 16-19/8,M-19,527,4:18:18,51.59%
776,Pat Diamond,"Tucson, AZ",324,4:17:30,9:50,F 50-54/22,F-54,249,4:19:01,64.91%
777,Catherine Braman,"Tucson, AZ",165,4:17:31,9:50,F 50-54/23,F-51,250,4:19:01,62.80%
778,Timothy Nicolet,"Lakeside, AZ",893,4:17:35,9:50,M 16-19/9,M-17,528,4:19:28,53.09%
779,Karen Flynn,"San Diego, CA",409,4:17:41,9:50,F 40-44/56,F-41,251,4:18:41,56.99%
780,Donna Iverson,"Calgary, AB",600,4:17:49,9:50,F 50-54/24,F-50,252,4:18:29,62.07%
781,Julie Suffield,"Calgary, AB",1220,4:17:50,9:50,F 45-49/27,F-48,253,4:18:29,60.82%
782,Donna Kanoza,"Tucson, AZ",633,4:17:54,9:51,F 55-59/9,F-55,254,4:18:14,65.56%
783,John Povinelli,"Phoenix, AZ",983,4:17:55,9:51,M 40-44/90,M-44,529,4:19:53,51.84%
784,Hyun Chung,"Fullerton, CA",247,4:17:55,9:51,M 50-54/73,M-51,530,4:18:36,54.59%
785,Arne Gunnarsson,"Fallbrook, CA",487,4:18:03,9:51,M 60-64/11,M-64,531,4:18:19,61.66%
786,Dino Benally,"Mesa, AZ",119,4:18:20,9:52,M 35-39/84,M-36,532,4:19:35,49.20%
787,Beth Broussard,"West Monroe, LA",183,4:18:24,9:52,F 30-34/41,F-33,255,4:19:26,53.71%
788,Francis Broussard,"West Monroe, LA",184,4:18:25,9:52,M 45-49/111,M-47,533,4:19:27,52.85%
789,Linda Rhodes,"Tempe, AZ",1020,4:18:37,9:52,F 45-49/28,F-48,256,4:18:50,60.63%
790,Larry Rosenthal,"Tucson, AZ",1418,4:18:42,9:53,M 60-64/12,M-63,534,4:20:08,60.83%
791,Randy Boyd,"Knoxville, TN",162,4:18:43,9:53,M 45-49/112,M-47,535,4:20:46,52.79%
792,Jean Blum,"Phoenix, AZ",148,4:18:50,9:53,F 35-39/50,F-38,257,4:18:50,55.30%
793,Eric Johnson,"Methuen, MA",612,4:18:53,9:53,M 45-49/113,M-47,536,4:20:47,52.76%
794,Susan Vincent,"Tucson, AZ",1306,4:18:55,9:53,F 45-49/29,F-45,258,4:20:19,58.82%
795,Steve Faigen,"Washington, DC",378,4:19:00,9:53,M 45-49/114,M-48,537,4:20:08,53.12%
796,Morgan Murri,"Pagosa Springs, CO",875,4:19:10,9:54,M 40-44/91,M-42,538,4:21:27,50.91%
797,Nancy Murri,"Phoenix, AZ",876,4:19:10,9:54,F 40-44/57,F-43,259,4:21:26,57.69%
798,Dan Schilk,"Tucson, AZ",1108,4:19:14,9:54,M 35-39/85,M-38,539,4:20:59,49.62%
799,Bob Rampy,"Glendale, AZ",1000,4:19:17,9:54,M 50-54/74,M-50,540,4:19:33,53.88%
800,David Bartholomew,"Walnut Creek, CA",1464,4:19:23,9:54,M 50-54/75,M-51,541,4:20:50,54.28%
801,Fadimatou Hattendorf,"Phoenix, AZ",520,4:19:24,9:54,F 16-19/2,F-18,260,4:20:40,57.32%
802,Evan Kern,"Scottsdale, AZ",645,4:19:30,9:54,M 35-39/86,M-35,542,4:19:39,48.69%
803,Brian Schaap,"Louisville, KY",1103,4:19:37,9:55,M 30-34/51,M-31,543,4:20:18,48.39%
804,John Schaap,"Louisville, KY",1104,4:19:40,9:55,M 55-59/45,M-59,544,4:20:20,58.17%
805,Louis Ignarro,"Beverly Hills, CA",592,4:19:46,9:55,M 65-69/7,M-65,545,4:20:35,61.95%
806,Rae Chalmers,"Gorham, ME",229,4:19:52,9:55,F 45-49/30,F-49,261,4:21:14,60.95%
807,Alex Nguyen,"Reno, NV",888,4:19:52,9:55,M 40-44/92,M-40,546,4:21:43,50.12%
808,Mark Walker,"Reno, NV",1317,4:19:56,9:55,M 45-49/115,M-47,547,4:21:48,52.54%
809,Raymond Churgovich,"Broomfield, CO",248,4:20:09,9:56,M 40-44/93,M-41,548,4:20:13,50.38%
810,Elisabeth Lynn,"Tucson, AZ",756,4:20:13,9:56,F 16-19/3,F-19,262,4:21:33,56.37%
811,Christian Hendrick,"Tucson, AZ",530,4:20:15,9:56,M 30-34/52,M-31,549,4:21:28,48.28%
812,Danele Elliott,"Tucson, AZ",361,4:20:16,9:56,F 20-24/13,F-23,263,4:21:28,53.94%
813,Barry Tickes,"Yuma, AZ",1258,4:20:18,9:56,M 55-59/46,M-58,550,4:21:02,57.48%
814,Edwin Englebert,"San Diego, CA",366,4:20:32,9:57,M 55-59/47,M-57,551,4:22:45,56.89%
815,Kathie Ramsey,"Bellevue, NE",1001,4:20:43,9:57,F 45-49/31,F-46,264,4:22:00,58.98%
816,Patrick Ramsey,"Bellevue, NE",1003,4:20:43,9:57,M 40-44/94,M-43,553,4:22:00,50.94%
817,Thomas Schnitzius,"Dillon, CO",1110,4:20:43,9:57,M 50-54/76,M-53,552,4:22:07,54.89%
818,Tammy Raphael,"Bellflower, CA",1005,4:20:44,9:57,F 25-29/32,F-28,265,4:22:16,53.23%
819,Leanne Forbes,"Mississauga, ON",414,4:20:49,9:57,F 45-49/32,F-45,266,4:22:20,58.40%
820,Janice Mosher,"Ventura, CA",863,4:20:52,9:57,F 45-49/33,F-49,267,4:22:48,60.72%
821,Sydney Cain,"Seattle, WA",204,4:21:02,9:58,F 50-54/25,F-54,268,4:24:30,64.03%
822,Gary Cervantes,"Marana, AZ",278,4:21:06,9:58,M 55-59/48,M-57,554,4:22:29,56.77%
823,Michelle Speers,"Wrightwood, CA",1173,4:21:14,9:58,F 40-44/58,F-42,269,4:22:32,56.72%
824,Brent Speers,"Wrightwood, CA",1172,4:21:15,9:58,M 45-49/116,M-48,555,4:22:32,52.67%
825,Alex Nilsson,"Creston, ",896,4:21:18,9:58,M 70-74/2,M-71,556,4:22:09,66.46%
826,Gavin Milczarek-Desai,"Tucson, AZ",839,4:21:20,9:59,M 35-39/87,M-38,557,4:22:04,49.22%
827,Ramon Ruiz,"Tucson, AZ",1428,4:21:27,9:59,M 20-24/22,M-21,558,4:22:42,49.62%
828,Adam Grimes,"Aurora, CO",477,4:21:27,9:59,M 40-44/95,M-41,559,4:22:23,50.13%
829,Kirsten Flynn,"Scottsdale, AZ",410,4:21:33,9:59,F 35-39/51,F-39,270,4:22:21,55.19%
830,Laurel Auchampaugh,"Duarte, CA",75,4:21:44,9:59,F 40-44/59,F-44,271,4:22:35,57.65%
831,Sandy White,"Tucson, AZ",1345,4:21:56,10:00,F 40-44/60,F-44,272,4:22:06,57.61%
832,John Perhamus,"Canandaigua, NY",948,4:22:14,10:01,M 60-64/13,M-60,560,4:23:22,58.17%
833,Jeffrey Patterson,"Royal Oak, MI",938,4:22:22,10:01,M 35-39/88,M-37,561,4:24:02,48.73%
834,Susie Durr,"Draper, UT",352,4:23:33,10:04,F 55-59/10,F-55,273,4:25:18,64.15%
835,Scott Wagner,"Sahuarita, AZ",1311,4:23:36,10:04,M 30-34/53,M-30,562,4:24:37,47.66%
836,Mary Ziola,"Redding, CA",1398,4:23:50,10:04,F 45-49/34,F-45,274,4:25:10,57.73%
837,Joseph Taylor,"Pensacola, FL",1238,4:23:57,10:05,M 35-39/89,M-37,563,4:25:52,48.44%
838,Fred Peterson,"Sanbornton, NH",1426,4:24:03,10:05,M 40-44/96,M-40,564,4:24:31,49.32%
839,David Soto,"Tucson, AZ",1170,4:24:23,10:06,M 50-54/77,M-50,565,4:25:45,52.84%
840,Pete Stewart,"Silver City, NM",1205,4:24:32,10:06,M 60-64/14,M-60,566,4:26:05,57.66%
841,Sean Breslin,"Tucson, AZ",171,4:24:38,10:06,M 40-44/97,M-41,567,4:25:50,49.53%
842,Brian Panosian,"Los Angeles, CA",930,4:24:39,10:06,M 40-44/98,M-41,568,4:24:46,49.53%
843,Mary Keeffe,"Grapevine, TX",639,4:24:39,10:06,F 45-49/35,F-46,275,4:25:59,58.10%
844,Doug Keeffe,"Grapevine, TX",638,4:24:40,10:06,M 50-54/78,M-51,569,4:25:59,53.20%
845,Lisa Whitmyer,"Bentleyville, OH",1346,4:24:45,10:06,F 35-39/52,F-39,276,4:25:58,54.52%
846,Dori Ulibarri,"Flagstaff, AZ",1280,4:25:01,10:07,F 60-64/3,F-61,277,4:26:08,68.75%
847,Martha Black,"Yelm, WA",142,4:25:03,10:07,F 45-49/36,F-48,278,4:25:23,59.16%
848,Leon Gray,"Fullerton, CA",471,4:25:10,10:07,M 60-64/15,M-61,570,4:25:34,58.11%
849,Gary Terrell,"Round Rock, TX",1241,4:25:30,10:08,M 50-54/79,M-53,571,4:26:43,53.90%
850,Nancy Langlois,"Calgary, AB",684,4:25:32,10:08,F NoAge/0,F-0,279,4:27:02, 0.00%
851,Joe Theobald,"Tucson, AZ",1246,4:25:41,10:08,M 50-54/80,M-54,572,4:26:08,54.32%
852,Peter Biasotti,"Sleepy Hollow, IL",134,4:25:42,10:09,M 55-59/49,M-56,573,4:26:04,55.28%
853,Justin Smith,"Albuquerque, NM",1154,4:25:55,10:09,M 20-24/23,M-22,574,4:26:32,48.30%
854,Nas Bardis,"Irvine, CA",93,4:26:01,10:09,M 35-39/90,M-37,575,4:26:27,48.06%
855,Kristi Johnson,"Phoenix, AZ",614,4:26:01,10:09,F 25-29/33,F-25,280,4:26:27,52.17%
856,Mara Barth,"Wilmette, IL",107,4:26:15,10:10,F 35-39/53,F-36,281,4:28:11,52.88%
857,Kevin Flaherty,"Tucson, AZ",404,4:26:18,10:10,M 20-24/24,M-23,576,4:27:57,47.79%
858,Christen Siscoe,"East Peoria, IL",1144,4:26:21,10:10,F 35-39/54,F-36,282,4:28:17,52.86%
859,Richard Peres,"Tucson, AZ",945,4:26:35,10:11,M 40-44/99,M-42,577,4:26:35,49.49%
860,Wayne Vanderpool,"Watertown, NY",1296,4:26:57,10:11,M 40-44/100,M-42,578,4:27:32,49.42%
861,Tara Trumbuli,"Tucson, AZ",714,4:26:58,10:11,F 30-34/42,F-33,283,4:27:51,51.99%
862,Lisa Hanrahan,"Stamford, CT",502,4:27:03,10:12,F 55-59/11,F-59,284,4:28:27,66.47%
863,Sean Howell,"Tucson, AZ",575,4:27:14,10:12,M 30-34/54,M-32,579,4:28:35,47.02%
864,Darrell Brown,"Peoria, AZ",186,4:27:15,10:12,M 35-39/91,M-37,580,4:28:44,47.84%
865,Benjamin Richie,"Tucson, AZ",1025,4:27:15,10:12,M 20-24/25,M-23,581,4:28:36,47.62%
866,Wendi Coffman,"Shawnee, KS",265,4:27:20,10:12,F 35-39/55,F-38,285,4:29:03,53.54%
867,Jennifer Humphreys,"Tucson, AZ",583,4:27:39,10:13,F 40-44/61,F-40,286,4:29:00,54.39%
868,Pete Dykinga,"Oro Valley, AZ",354,4:27:40,10:13,M 35-39/92,M-36,582,4:29:23,47.48%
869,Bradley Kozak,"Chicago, IL",1450,4:27:42,10:13,M 30-34/55,M-31,583,4:28:35,46.93%
870,Natalia Migal,"Glenview, IL",837,4:27:42,10:13,F 30-34/43,F-30,287,4:28:35,51.85%
871,Robin Gilbert,"Caldwell, ID",454,4:27:56,10:14,F 45-49/37,F-49,288,4:29:15,59.12%
872,Charles Sabatine,"Victor, NY",1081,4:28:00,10:14,M 70-74/3,M-73,584,4:29:08,66.70%
873,Ken Hare,"Fountain Hills, AZ",507,4:28:01,10:14,M 50-54/81,M-52,585,4:29:21,52.96%
874,Michelle Ross,"Tucson, AZ",1067,4:28:30,10:15,F 30-34/44,F-30,289,4:29:41,51.69%
875,Mitch Blum,"Tucson, AZ",149,4:28:32,10:15,M 50-54/82,M-53,586,4:29:36,53.29%
876,Michele O'Brien,"Oro Valley, AZ",906,4:28:44,10:15,F 40-44/62,F-42,290,4:30:53,55.14%
877,Lyle Kan,"San Marino, CA",631,4:28:45,10:15,M 50-54/83,M-51,587,4:29:36,52.39%
878,Julie Perkins,"Tucson, AZ",1601,4:29:10,10:16,F 40-44/63,F-44,291,4:31:25,56.06%
879,Emily Irwin,"Durango, CO",598,4:29:22,10:17,F 60-64/4,F-60,292,4:30:22,66.76%
880,Cythia Lo,"Phoenix, AZ",730,4:29:29,10:17,F 25-29/34,F-27,293,4:31:35,51.50%
881,Kathleen Barker,"Lawrenceville, GA",98,4:29:30,10:17,F 40-44/64,F-42,294,4:30:46,54.98%
882,Genevieve McJilton,"Wayzata, MN",810,4:30:02,10:18,F 40-44/65,F-40,295,4:31:46,53.91%
883,Nicole Rushton,"Tijeras, NM",1078,4:30:14,10:19,F 30-34/45,F-31,296,4:31:42,51.36%
884,Pat Meyers,"Payson, AZ",833,4:30:24,10:19,F 60-64/5,F-64,297,4:31:58,70.28%
885,Thomas McLaughlin,"Gorham, ME",816,4:30:26,10:19,M 40-44/101,M-42,588,4:31:48,48.79%
886,Rod Geer,"Albuquerque, NM",444,4:30:28,10:19,M 55-59/50,M-59,589,4:31:48,55.85%
887,Mary Garcia,"Corrales, NM",439,4:30:30,10:20,F 35-39/56,F-39,298,4:30:49,53.36%
888,Alicia Hauweghen,"San Manuel, AZ",1691,4:30:33,10:20,F 20-24/14,F-21,299,4:32:07,52.95%
889,John O'Connor,"Grand Junction, CO",907,4:30:35,10:20,M 45-49/117,M-49,590,4:32:04,51.23%
890,Stephen Lutz,"Del Mar, CA",753,4:30:58,10:21,M 40-44/102,M-40,591,4:32:52,48.06%
891,Jim O'Brien,"Huntingdon Valley, PA",905,4:30:59,10:21,M 50-54/84,M-54,592,4:31:30,53.26%
892,Catherine Kent-Murtaugh,"Tempe, AZ",644,4:31:23,10:22,F 40-44/66,F-41,300,4:31:58,54.11%
893,Daniel Stein,"Omaha, NE",1194,4:31:24,10:22,M 30-34/56,M-31,593,4:33:19,46.29%
894,Jolene Harrell,"Jonesboro, GA",511,4:31:26,10:22,F 35-39/57,F-37,301,4:32:48,52.30%
895,David Zonker,"Centennial, CO",1400,4:31:28,10:22,M 50-54/85,M-53,594,4:32:20,52.72%
896,Danny Haralson,"Birmingham, AL",505,4:31:40,10:22,M 50-54/86,M-54,595,4:32:30,53.13%
897,Ed Jelmberg,"Glendale, AZ",610,4:31:51,10:23,M 45-49/118,M-49,596,4:32:00,50.99%
898,Jacqueline Sheehan,"Sierra Vista, AZ",1130,4:31:56,10:23,F 35-39/58,F-39,302,4:33:14,53.08%
899,Colin Ferguson,"Tucson, AZ",387,4:31:58,10:23,M 25-29/30,M-28,597,4:33:23,46.20%
900,Sheila Reed,"Phoenix, AZ",1463,4:32:14,10:23,F 45-49/38,F-47,303,4:34:41,57.03%
901,Paul Anderson,"Gilbert, AZ",58,4:32:21,10:24,M 35-39/93,M-39,598,4:33:59,47.52%
902,Laura Meaney,"Tucson, AZ",825,4:32:21,10:24,F 35-39/59,F-38,304,4:32:49,52.55%
903,Michael Strub,"South Pasadena, CA",1218,4:32:21,10:24,M 40-44/103,M-41,599,4:33:30,48.12%
904,James Saunders,"Phoenix, AZ",1099,4:32:23,10:24,M 45-49/119,M-48,600,4:33:19,50.51%
905,Eden Harries,"Phoenix, AZ",512,4:32:30,10:24,F 40-44/67,F-42,305,4:34:39,54.37%
906,Rick Delo,"Mesa, AZ",319,4:32:31,10:24,M 40-44/104,M-41,601,4:34:35,48.10%
907,Abraham Woroniecki,"Three Forks, MT",1378,4:32:32,10:24,M 20-24/26,M-20,602,4:32:33,48.14%
908,Vanessa Valencia,"Nogales, AZ",1289,4:32:33,10:24,F 25-29/35,F-25,306,4:33:09,50.92%
909,Elsa Rojas,"Nogales, AZ",1054,4:32:33,10:24,F 40-44/68,F-40,307,4:33:08,53.42%
910,Pat Velasco,"Vail, AZ",1429,4:32:38,10:24,F 40-44/69,F-40,308,4:33:08,53.40%
911,Raad Taki,"Tucson, AZ",1402,4:33:08,10:26,M 40-44/105,M-43,603,4:34:10,48.63%
912,Jamie Posley,"Tucson, AZ",982,4:33:24,10:26,M 30-34/57,M-30,604,4:33:24,45.96%
913,Christina Flaxel,"Portland, OR",406,4:33:43,10:27,F 45-49/39,F-49,309,4:35:06,57.87%
914,Andrew Neuschaztz,"Tucson, AZ",887,4:33:50,10:27,M 35-39/94,M-35,605,4:35:46,46.14%
915,Toan Dang,"Santa Ana, CA",299,4:33:54,10:27,F 50-54/26,F-52,310,4:35:27,59.69%
916,Trudy Walker,"Tucson, AZ",1318,4:34:03,10:28,F 45-49/40,F-46,311,4:36:17,56.11%
917,Donna Hawthorne,"Calgary, AB",524,4:34:05,10:28,F 50-54/27,F-50,312,4:35:25,58.39%
918,Katie Bindschadler,"Tucson, AZ",137,4:34:06,10:28,F 40-44/70,F-43,313,4:36:14,54.55%
919,Michael Taylor,"Bakersfield, CA",1240,4:34:08,10:28,M 50-54/87,M-51,606,4:34:50,51.36%
920,Micki Haralson,"Birmingham, AL",506,4:34:10,10:28,F 45-49/41,F-46,314,4:35:01,56.08%
921,Kimberly Comey,"Tucson, AZ",267,4:34:29,10:29,F 50-54/28,F-51,315,4:34:33,58.92%
922,Michael Fontes,"Littleton, CO",412,4:34:43,10:29,M 50-54/88,M-54,607,4:36:39,52.54%
923,Alan Spees,"Greenwood Village, CO",1174,4:34:43,10:29,M 55-59/51,M-59,608,4:36:38,54.98%
924,Leigh Jones,"Lawrenceville, GA",625,4:34:44,10:29,F 40-44/71,F-44,316,4:36:01,54.92%
925,David Raichlen,"Tucson, AZ",995,4:34:53,10:30,M 30-34/58,M-31,609,4:36:07,45.71%
926,Mary Ramba,"Cocoa, FL",998,4:34:54,10:30,F 60-64/6,F-60,317,4:36:12,65.41%
927,John C Luna,"Ajo, AZ",747,4:34:58,10:30,M 40-44/106,M-42,610,4:36:39,47.98%
928,Richard Stafford,"Bountiful, UT",1186,4:35:09,10:30,M 45-49/120,M-45,611,4:36:40,48.93%
929,Robert Vick,"Sierra Vista, AZ",1303,4:35:13,10:30,M 55-59/52,M-57,612,4:35:44,53.86%
930,Greg Prom,"Minneapolis, MN",988,4:35:23,10:31,M 75-79/1,M-75,613,4:35:37,66.96%
931,Sandy Umpherville,"Calgary, AB",1282,4:35:27,10:31,F 40-44/72,F-42,318,4:36:58,53.79%
932,Sue Jacobssen,"Vista, CA",605,4:36:22,10:33,F 50-54/29,F-53,319,4:37:27,59.81%
933,Kimberly Gonzales,"Oxnard, CA",464,4:36:53,10:34,F 35-39/60,F-38,320,4:39:00,51.69%
934,Nathan Moody,"Los Alamos, NM",857,4:37:03,10:34,M 30-34/59,M-30,614,4:38:51,45.35%
935,Gretchen Brooks,"Tucson, AZ",179,4:37:09,10:35,F 30-34/46,F-31,321,4:39:27,50.08%
936,Sharon Ignarro,"Beverly Hills, CA",593,4:37:10,10:35,F 50-54/30,F-50,322,4:39:15,57.74%
937,Paul Beshah,"St Louis Park, MN",1439,4:37:23,10:35,M 45-49/121,M-48,615,4:37:37,49.60%
938,Peter Meyers,"Laveen, AZ",834,4:37:27,10:35,M 25-29/31,M-28,616,4:38:51,45.28%
939,Ronald Barry,"Green Valley, AZ",106,4:37:37,10:36,M 70-74/4,M-70,617,4:39:44,61.70%
940,Marci Roschke,"Boulder, CO",1065,4:38:20,10:37,F 55-59/12,F-58,323,4:40:10,62.98%
941,Shanna Droessler,"Phoenix, AZ",342,4:38:46,10:38,F 25-29/36,F-27,324,4:39:42,49.79%
942,Maryann Lee,"Calgary, AB",698,4:38:50,10:39,F 50-54/31,F-51,325,4:40:11,58.00%
943,Nancy Peterson,"Tucson, AZ",958,4:39:46,10:41,F 45-49/42,F-46,326,4:40:29,54.96%
944,Ahmee Hewitt,"Boulder, CO",35,4:39:50,10:41,F 55-59/13,F-59,327,4:42:01,63.43%
945,Brent Zimmerman,"Layton, UT",1396,4:39:57,10:41,M 35-39/95,M-36,618,4:41:16,45.40%
946,Keith Watson,"Riverside, CA",1330,4:40:22,10:42,M 60-64/16,M-62,619,4:42:23,55.53%
947,Lorraine Whitaker,"Omaha, NE",1344,4:40:31,10:42,F 60-64/7,F-63,328,4:41:29,66.78%
948,Betsy Baur,"Helena, MT",111,4:40:32,10:42,F 40-44/73,F-42,329,4:42:18,52.82%
949,Martin McCarthy,"Forestville, CA",797,4:40:47,10:43,M 30-34/60,M-31,620,4:41:45,44.75%
950,David Rapp,"Tucson, AZ",1006,4:41:00,10:44,M 25-29/32,M-27,621,4:43:19,44.71%
951,Megan Huchko,"San Francisco, CA",578,4:41:02,10:44,F 30-34/47,F-31,330,4:42:55,49.39%
952,Kristen Swanson,"Calgary, AB",1225,4:41:06,10:44,F 30-34/48,F-34,331,4:42:35,49.37%
953,Kirsten Starr,"San Diego, CA",1191,4:41:24,10:44,F 40-44/74,F-41,332,4:43:16,52.19%
954,Kimberly Finnell,"Tucson, AZ",395,4:41:28,10:45,F 35-39/61,F-38,333,4:43:24,50.85%
955,Thomas Wangler,"Los Alamos, NM",1323,4:42:27,10:47,M 65-69/8,M-69,622,4:43:49,59.84%
956,Ilissa Larimore,"Tucson, AZ",687,4:42:33,10:47,F 20-24/15,F-24,334,4:44:48,49.24%
957,Linda Coyne,"Running Springs, CA",283,4:42:47,10:48,F 50-54/32,F-54,335,4:44:11,59.11%
958,Geoffrey Ferlan,"Nogales, AZ",388,4:43:01,10:48,M 40-44/107,M-40,623,4:44:17,46.02%
959,Andrew Deforest,"Fort Huachuca, AZ",317,4:43:12,10:49,M 25-29/33,M-27,624,4:45:17,44.36%
960,Carrie McClafferty,"Tucson, AZ",798,4:43:21,10:49,F 25-29/37,F-29,336,4:45:35,48.98%
961,April Howard,"Oak Park, CA",571,4:43:28,10:49,F 45-49/43,F-48,337,4:44:41,55.32%
962,Richard Clark,"Tucson, AZ",256,4:43:32,10:49,M 40-44/108,M-41,625,4:43:44,46.23%
963,Clay Hamner,"Castor, LA",500,4:43:46,10:50,M 45-49/122,M-47,626,4:44:45,48.13%
964,Claudia Cochrane,"Santa Rosa, CA",263,4:43:48,10:50,F 30-34/49,F-34,338,4:45:45,48.90%
965,Tom Josephsen,"Reno, NV",628,4:43:52,10:50,M 55-59/53,M-59,627,4:45:40,53.21%
966,Brenton Elmore,"Tucson, AZ",363,4:43:52,10:50,M 40-44/109,M-40,628,4:45:32,45.88%
967,Liz Milyko,"Sparks, NV",848,4:44:08,10:51,F 50-54/33,F-52,339,4:45:54,57.54%
968,Tom Derby,"Norwalk, OH",321,4:44:25,10:51,M 55-59/54,M-59,629,4:45:44,53.10%
969,Tricia Byrne,"Minneapolis, MN",203,4:44:40,10:52,F 30-34/50,F-34,340,4:44:57,48.76%
970,Sarah Ewerdt,"Wauwatosa, WI",376,4:44:41,10:52,F 25-29/38,F-29,341,4:44:57,48.75%
971,Isobel Brown,"Tucson, AZ",187,4:44:46,10:52,F 35-39/62,F-38,342,4:47:01,50.26%
972,Anne Sterling,"Tucson, AZ",1201,4:44:46,10:52,F 35-39/63,F-35,343,4:47:00,49.05%
973,Robert Gleckler,"Scottsdale, AZ",1410,4:45:04,10:53,M 45-49/123,M-45,630,4:45:07,47.23%
974,Dan McMahon,"Tucson, AZ",817,4:45:05,10:53,M 35-39/96,M-37,631,4:47:31,44.85%
975,Brandon Plisch,"Tucson, AZ",972,4:45:20,10:53,M 16-19/10,M-17,632,4:47:11,47.93%
976,Kimberle Oden,"Tucson, AZ",913,4:45:40,10:54,F 45-49/44,F-47,344,4:47:49,54.35%
977,William Philyaw,"Fort Huachuca, AZ",963,4:46:07,10:55,M 25-29/34,M-27,633,4:48:12,43.91%
978,Catherine Lawrence,"Tucson, AZ",692,4:46:15,10:56,F 25-29/39,F-29,345,4:48:02,48.49%
979,Jeff McElroy,"Seabrook, TX",1412,4:46:17,10:56,M 35-39/97,M-37,634,4:47:28,44.66%
980,George Anderson,"Oro Valley, AZ",1411,4:46:21,10:56,M 60-64/17,M-64,635,4:48:34,55.57%
981,Monique Andersen,"Oro Valley, AZ",55,4:46:21,10:56,F 45-49/45,F-46,346,4:48:34,53.70%
982,Philip Tully,"Tucson, AZ",1465,4:46:22,10:56,M 55-59/55,M-59,636,4:48:16,52.75%
983,Melissa Le Sage,"Prairie Village, KS",694,4:46:45,10:57,F 40-44/75,F-42,347,4:48:31,51.67%
984,Carmie Hull,"Del Mar, CA",580,4:47:16,10:58,M 45-49/124,M-49,637,4:47:54,48.25%
985,Wendy Zamzow-Masters,"Adrian, MI",1391,4:47:27,10:58,F 30-34/51,F-32,348,4:48:36,48.28%
986,Amy Dodson,"Adrian, MI",333,4:47:27,10:58,F 40-44/76,F-44,349,4:48:36,52.49%
987,Steve Knittel,"Tucson, AZ",664,4:47:55,10:59,M 55-59/56,M-59,638,4:50:03,52.46%
988,Richard Dedrick,"Tucson, AZ",314,4:48:15,11:00,M 35-39/98,M-36,639,4:50:29,44.09%
989,Mary Laura Rinderer,"Sonoita, AZ",1028,4:48:30,11:01,F 45-49/46,F-45,350,4:50:29,52.79%
990,Marie Gorospe,"Cerritos, CA",467,4:48:39,11:01,F 35-39/64,F-39,351,4:49:06,50.01%
991,Brenda Toriyama,"Reno, NV",1261,4:48:42,11:01,F 55-59/14,F-57,352,4:50:29,59.97%
992,Kristina Roth,"Sahuarita, AZ",1069,4:48:46,11:01,F 35-39/65,F-36,353,4:50:47,48.76%
993,Jennifer Vejar,"Vancouver, WA",1301,4:48:50,11:01,F 30-34/52,F-34,354,4:49:26,48.05%
994,Angela Walz,"Tucson, AZ",1322,4:48:51,11:01,F 30-34/53,F-34,355,4:49:27,48.05%
995,Kevin Boesen,"Tucson, AZ",151,4:49:25,11:03,M 30-34/61,M-34,640,4:51:04,43.41%
996,Jocelyn Muscarello,"Tucson, AZ",1416,4:49:44,11:04,F 40-44/77,F-44,356,4:50:23,52.08%
997,William M Sergeant,"Fort Dodge, IA",1126,4:49:45,11:04,M 65-69/9,M-66,641,4:52:12,56.20%
998,Howard Jones,"Martinez, CA",622,4:49:50,11:04,M 50-54/89,M-53,642,4:50:22,49.38%
999,Cynthia Finnigan,"Atlanta, GA",396,4:49:58,11:04,F 50-54/34,F-52,357,4:52:12,56.38%
1000,Fred Neff,"Georgetown, TX",885,4:50:01,11:04,M 65-69/10,M-68,643,4:50:26,57.54%
1001,Phil Wohl,"Mesa, AZ",1461,4:50:41,11:06,M 50-54/90,M-54,644,4:52:19,49.65%
1002,Nancy Crane,"Houston, TX",286,4:50:57,11:06,F 60-64/8,F-64,358,4:52:26,65.31%
1003,Shari Howard,"Tucson, AZ",573,4:51:10,11:07,F 40-44/78,F-42,359,4:52:14,50.89%
1004,Jim Blake,"Old Greenwich, CT",143,4:51:36,11:08,M 60-64/18,M-60,645,4:53:13,52.31%
1005,Jeff Richardson,"Livermore, CA",1024,4:51:40,11:08,M 55-59/57,M-58,646,4:52:09,51.29%
1006,Chee-Wai Cheng,"Randolph, NJ",239,4:53:03,11:11,M 55-59/58,M-59,647,4:54:00,51.54%
1007,Colleen Leppert,"Phoenix, AZ",706,4:53:04,11:11,F 40-44/79,F-43,360,4:54:00,51.02%
1008,Kenneth Dee,"Newmarket, ",316,4:53:24,11:12,M 55-59/59,M-58,648,4:53:59,50.99%
1009,Lauri Taylor,"Bakersfield, CA",1239,4:53:41,11:13,F 40-44/80,F-42,361,4:54:22,50.45%
1010,Karen Batcheller,"San Leandro, CA",110,4:53:50,11:13,F 35-39/66,F-39,362,4:55:48,49.12%
1011,Joanne Marmon,"Tucson, AZ",777,4:54:00,11:13,F 60-64/9,F-60,363,4:55:30,61.16%
1012,Tanis Connors,"Calgary, AB",268,4:54:07,11:14,F 45-49/47,F-47,364,4:55:36,52.79%
1013,Lisa Tucci,"Tucson, AZ",1276,4:54:21,11:14,F NoAge/0,F-0,365,4:55:59, 0.00%
1014,Dietrich Geschke,"Sahuarita, AZ",448,4:54:28,11:14,M 70-74/5,M-72,649,4:55:15,59.82%
1015,Carolyn Reynolds Stewart,"Tucson, AZ",1019,4:55:08,11:16,F 60-64/10,F-61,366,4:56:44,61.74%
1016,Karen Boxx,"Seattle, WA",161,4:55:25,11:17,F 50-54/35,F-52,367,4:56:54,55.34%
1017,Albert Carlon,"Tucson, AZ",215,4:55:35,11:17,M 50-54/91,M-54,650,4:57:53,48.83%
1018,Dianne J Parkin,"Bothell, WA",934,4:56:15,11:18,F 60-64/11,F-62,368,4:58:00,62.35%
1019,Henry McLaughlin,"Casa Grande, AZ",814,4:56:19,11:19,M 55-59/60,M-58,651,4:57:21,50.49%
1020,Stacy Carlier,"Oro Valley, AZ",214,4:56:29,11:19,F 30-34/54,F-32,369,4:57:36,46.81%
1021,Kent Adams,"Gilbert, AZ",1693,4:56:43,11:20,M 55-59/61,M-58,652,4:59:00,50.42%
1022,Nick Tomko,"Tucson, AZ",1445,4:56:48,11:20,M 40-44/110,M-42,653,4:57:14,44.45%
1023,James Mathews,"Green Valley, AZ",790,4:56:55,11:20,M 45-49/125,M-46,654,4:57:42,45.67%
1024,Glenn Ratta,"Tucson, AZ",1425,4:57:12,11:21,M 35-39/99,M-39,655,4:59:04,43.55%
1025,Chuck Williamson,"Tucson, AZ",1363,4:57:16,11:21,M 50-54/92,M-51,656,4:58:08,47.37%
1026,D'Ann Wilbur,"Minneapolis, MN",1350,4:57:22,11:21,F 35-39/67,F-36,370,4:58:00,47.35%
1027,Charles Shipp,"Tucson, AZ",11412,4:58:08,11:23,M NoAge/0,M-0,657,4:58:53, 0.00%
1028,Fred Jacques,"Jersey City, NJ",607,4:58:08,11:23,M 55-59/62,M-58,658,4:58:54,50.18%
1029,Ellen Jacques,"Jersey City, NJ",606,4:58:09,11:23,F 55-59/15,F-57,371,4:58:54,58.07%
1030,Peggy McKenna,"Phoenix, AZ",813,4:58:34,11:24,F 45-49/48,F-49,372,4:59:01,53.05%
1031,Wayne Peate,"Tucson, AZ",1467,4:59:17,11:25,M 50-54/93,M-51,659,5:01:34,47.05%
1032,Brian Soto,"Scottsdale, AZ",1169,4:59:42,11:26,M 30-34/62,M-31,660,5:00:57,41.92%
1033,Jayne Haggar,"Ventura, CA",494,5:00:04,11:27,F 50-54/36,F-51,373,5:02:00,53.90%
1034,Cookie Feinberg,"Tempe, AZ",385,5:00:15,11:28,F 40-44/81,F-44,374,5:01:16,50.25%
1035,Michael Chiorazzi,"Tucson, AZ",245,5:00:44,11:29,M 50-54/94,M-52,661,5:02:11,47.20%
1036,Nancy Wentink,"Elk Grove Village, IL",1340,5:00:58,11:29,F 50-54/37,F-52,375,5:02:53,54.32%
1037,Shoshanna Rabkin,"Potomac, MD",992,5:01:00,11:29,F 50-54/38,F-51,376,5:01:51,53.73%
1038,Scott Root,"Tempe, AZ",1061,5:01:31,11:30,M 30-34/63,M-31,662,5:03:18,41.67%
1039,Lisa Fail,"Tucson, AZ",379,5:01:35,11:31,F 40-44/82,F-42,377,5:03:11,49.13%
1040,Jennifer Rose,"Bloomington, IN",1066,5:01:38,11:31,F 20-24/16,F-24,378,5:02:44,46.13%
1041,Joshua Otero,"Phoenix, AZ",1690,5:01:53,11:31,M 30-34/64,M-31,663,5:02:11,41.62%
1042,Steffanie Roepke,"Minneapolis, MN",1052,5:02:22,11:32,F 40-44/83,F-40,379,5:03:25,48.15%
1043,Jennifer Wellborn,"Tucson, AZ",1338,5:02:47,11:33,F 25-29/40,F-26,380,5:05:04,45.84%
1044,Audrey Kulwin,"Tucson, AZ",1417,5:03:12,11:34,F 45-49/49,F-49,381,5:06:50,52.24%
1045,Patricia Wiercinski,"Sonoita, AZ",1349,5:03:23,11:35,F 40-44/84,F-42,382,5:03:44,48.84%
1046,Diane Alkins,"Mesa, AZ",45,5:03:59,11:36,F 50-54/39,F-51,383,5:05:24,53.20%
1047,Noelle Olson,"Tucson, AZ",918,5:04:25,11:37,F 45-49/50,F-47,384,5:05:27,51.00%
1048,Melissa Altheide,"El Paso, TX",51,5:04:42,11:38,F 35-39/68,F-35,385,5:06:39,45.84%
1049,Janice Lonngren,"West Greenwich, RI",736,5:04:46,11:38,F 50-54/40,F-50,386,5:06:17,52.51%
1050,Victoria Applegate,"Lakeside, AZ",65,5:05:39,11:40,F 55-59/16,F-58,387,5:06:26,57.35%
1051,Mary Roberts,"Estes Park, CO",1038,5:05:44,11:40,F 60-64/12,F-60,388,5:06:22,58.82%
1052,Claude Nicolet,"Lakeside, AZ",892,5:06:00,11:41,M 50-54/95,M-51,664,5:07:53,46.01%
1053,Frank Chen,"Los Angeles, CA",238,5:06:08,11:41,M 75-79/2,M-77,665,5:06:56,62.29%
1054,Danielle Bennett-Johnson,"Tucson, AZ",122,5:06:12,11:41,F 25-29/41,F-28,389,5:07:59,45.33%
1055,Nancy Murphy,"Indianapolis, IN",873,5:06:34,11:42,F 60-64/13,F-61,390,5:07:13,59.44%
1056,Andrea Chiasson,"Tucson, AZ",241,5:06:54,11:43,F 45-49/51,F-46,391,5:08:58,50.10%
1057,Martha Williams,"Helena, MT",1362,5:07:04,11:43,F 40-44/85,F-40,392,5:08:50,47.41%
1058,Michael Verner,"Calimesa, CA",1302,5:07:36,11:44,M 65-69/11,M-66,666,5:10:41,52.93%
1059,Anita Parker,"Sedona, AZ",933,5:07:40,11:45,F 45-49/52,F-47,393,5:08:01,50.46%
1060,Indra Das,"Ambler, PA",301,5:07:48,11:45,M 55-59/63,M-56,667,5:08:45,47.72%
1061,Dawn Murrell,"Sahuarita, AZ",1443,5:08:08,11:46,F 30-34/55,F-34,394,5:09:11,45.04%
1062,Lisa Foster,"Alpine, CA",418,5:08:48,11:47,F 40-44/86,F-44,395,5:10:49,48.86%
1063,Clara Cork,"Nashville, TN",277,5:08:58,11:48,F 40-44/87,F-44,396,5:10:47,48.84%
1064,Louie Aviles,"Sierra Vista, AZ",79,5:09:21,11:48,M 35-39/100,M-36,668,5:09:26,41.08%
1065,John Munden,"Tucson, AZ",868,5:09:53,11:50,M 60-64/19,M-61,669,5:11:03,49.73%
1066,Paul Moors,"Ramona, CA",858,5:10:37,11:51,M 20-24/27,M-21,670,5:11:59,41.76%
1067,Frank Roberts,"Phoenix, AZ",1036,5:11:06,11:52,M 65-69/12,M-68,671,5:13:14,53.64%
1068,Allison Vaillancourt,"Oro Valley, AZ",1288,5:11:12,11:53,F 40-44/88,F-44,397,5:13:16,48.49%
1069,Jill Perkins,"Dallas, TX",950,5:11:35,11:54,F 50-54/41,F-53,398,5:12:37,53.05%
1070,Judy Gaukel,"San Diego, CA",442,5:11:52,11:54,F 45-49/53,F-46,399,5:13:44,49.30%
1071,Cliff Hathaway,"Durango, CO",519,5:11:53,11:54,M 50-54/96,M-52,672,5:13:27,45.51%
1072,Delbert Klump,"Champaign, IL",662,5:12:05,11:55,M 50-54/97,M-52,673,5:13:54,45.48%
1073,Cynthia Pool,"Tonto Basin, AZ",980,5:12:12,11:55,F 40-44/89,F-44,400,5:13:34,48.33%
1074,Michael Vasquez,"Vista, CA",1299,5:12:34,11:56,M 40-44/111,M-42,674,5:14:48,42.21%
1075,Cheryl Dusek,"Surprise, AZ",353,5:12:51,11:56,F 55-59/17,F-59,401,5:15:04,56.74%
1076,Kendra Hines,"Oro Valley, AZ",545,5:13:17,11:57,F 35-39/69,F-39,402,5:14:11,46.07%
1077,Lori Hickernell,"Mesa, AZ",540,5:13:52,11:59,F 30-34/56,F-31,403,5:16:00,44.22%
1078,Thomas Hickernell,"Mesa, AZ",541,5:13:52,11:59,M 40-44/112,M-44,675,5:16:01,42.60%
1079,Victoria Eisenbeiser,"Tempe, AZ",359,5:14:36,12:00,F 35-39/70,F-37,404,5:15:33,45.12%
1080,Jeff Woodruff,"Rio Rancho, NM",1376,5:14:36,12:00,M 30-34/65,M-34,676,5:16:41,39.94%
1081,Anne Martin,"Phoenix, AZ",783,5:14:37,12:00,F 40-44/90,F-42,405,5:15:34,47.09%
1082,Ray Mann,"Reno, NV",773,5:15:10,12:02,M 55-59/64,M-56,677,5:16:29,46.60%
1083,Stacy Fowler,"Tucson, AZ",421,5:16:00,12:04,F 35-39/71,F-37,406,5:18:10,44.92%
1084,Eric Fowler,"Tucson, AZ",420,5:16:01,12:04,M 35-39/101,M-39,678,5:18:11,40.95%
1085,Athena Cappuccio,"Chandler, AZ",209,5:16:40,12:05,F 40-44/91,F-44,407,5:18:16,47.65%
1086,Paula Hoffman,"Edgewood, KY",549,5:16:58,12:06,F 50-54/42,F-54,408,5:17:50,52.73%
1087,Catherine Owen,"Sierra Vista, AZ",924,5:17:07,12:06,F 40-44/92,F-43,409,5:19:16,47.15%
1088,Jill Bricker,"Thornton, CO",173,5:18:15,12:09,F 30-34/57,F-31,410,5:19:39,43.61%
1089,Lisa Wenninger,"Malibu, CA",1339,5:18:19,12:09,F 35-39/72,F-36,411,5:19:45,44.23%
1090,Uta Robinson,"Norco, CA",1045,5:18:29,12:09,F 60-64/14,F-61,412,5:19:39,57.21%
1091,Terri O'Leary,"Tucker, GA",909,5:18:53,12:10,F 45-49/54,F-46,413,5:20:11,48.22%
1092,Don Hunter,"Desoto, TX",586,5:19:26,12:11,M 35-39/102,M-36,679,5:20:03,39.79%
1093,Vanessa Chicharello,"Tucson, AZ",242,5:19:33,12:12,F 20-24/17,F-24,414,5:21:34,43.54%
1094,Chad Root,"Cuyahoga Falls, OH",1060,5:19:43,12:12,M 30-34/66,M-30,680,5:21:31,39.30%
1095,Sue Yoshino,"Orange, CA",1389,5:20:04,12:13,F 50-54/43,F-52,415,5:21:14,51.08%
1096,Michael Swanson,"Plymouth, MN",1226,5:20:44,12:14,M 55-59/65,M-55,681,5:21:22,45.39%
1097,Russell Stowers,"Tucson, AZ",1211,5:21:16,12:16,M 45-49/126,M-46,682,5:23:37,42.20%
1098,Rod Zeibig,"Scottsdale, AZ",1392,5:21:56,12:17,M 50-54/98,M-52,683,5:24:18,44.09%
1099,Steve Snorgrass,"Phoenix, AZ",1160,5:22:31,12:19,M 55-59/66,M-56,684,5:24:35,45.54%
1100,Kathleen Stock,"Tucson, AZ",1206,5:22:57,12:20,F 30-34/58,F-31,416,5:23:57,42.98%
1101,Johanne Levesque,"Beverly Hills, CA",709,5:23:09,12:20,F 40-44/93,F-43,417,5:23:16,46.27%
1102,Saul Soto,"Tucson, AZ",1414,5:23:41,12:21,M 25-29/35,M-25,685,5:25:44,38.81%
1103,Mike Ludwig,"Wickenburg, AZ",746,5:24:42,12:24,M 40-44/113,M-40,686,5:26:26,40.11%
1104,Cyril Steinhauser,"La Salle, MI",1197,5:25:23,12:25,M 65-69/13,M-65,687,5:27:12,49.46%
1105,Kelly Hanson,"Tucson, AZ",504,5:25:48,12:26,F 30-34/59,F-34,418,5:28:10,42.60%
1106,Conrad Hanson,"Tucson, AZ",503,5:25:48,12:26,M 30-34/67,M-34,688,5:28:10,38.56%
1107,Lisa Takamiya,"Phoenix, AZ",1231,5:26:27,12:28,F 35-39/73,F-39,419,5:28:19,44.22%
1108,Martin Michelson,"Gilbert, AZ",836,5:27:28,12:30,M 60-64/20,M-60,689,5:29:23,46.58%
1109,Connie Lopez,"Tucson, AZ",737,5:30:15,12:36,F 55-59/18,F-56,420,5:32:04,51.80%
1110,Kevin Bevins,"Tucson, AZ",1421,5:31:39,12:39,M 40-44/114,M-40,690,5:33:56,39.27%
1111,Jovita Holguin,"Tucson, AZ",1422,5:31:39,12:39,F 25-29/42,F-29,421,5:33:56,41.85%
1112,Maureen France,"Cincinnati, OH",422,5:33:51,12:44,F 50-54/44,F-52,422,5:33:54,48.97%
1113,Kelly Lawton,"Tucson, AZ",693,5:34:14,12:45,M 40-44/115,M-41,691,5:36:30,39.22%
1114,Richard Nowicki,"Rcho Sta Marg, CA",902,5:34:37,12:46,M 60-64/21,M-61,692,5:34:50,46.05%
1115,James Wiedemer,"Houston, TX",1408,5:34:39,12:46,M 50-54/99,M-53,693,5:36:08,42.76%
1116,Richard Soares,"Monterey, CA",1162,5:36:09,12:50,M 60-64/22,M-63,694,5:36:50,46.82%
1117,Jennifer Willbur,"Tucson, AZ",1357,5:36:49,12:51,F 20-24/18,F-24,423,5:39:08,41.31%
1118,Leslie Eden,"Kansas City, MO",357,5:38:07,12:54,F 55-59/19,F-56,424,5:39:29,50.59%
1119,Jacqueline Cenci-McGrody,"Rcho Sta Marg, CA",225,5:38:24,12:55,F 50-54/45,F-51,425,5:38:59,47.79%
1120,Julie Tiede,"Independence, CA",1259,5:39:05,12:56,F 45-49/55,F-49,426,5:41:22,46.71%
1121,Erin Armstrong,"Gilbert, AZ",68,5:39:28,12:57,F 25-29/43,F-29,427,5:40:00,40.88%
1122,Mary Steinhauser,"La Salle, MI",1198,5:40:01,12:59,F 60-64/15,F-62,428,5:41:50,54.33%
1123,Owen Somers,"Tucson, AZ",1164,5:40:09,12:59,M 35-39/103,M-39,695,5:41:20,38.05%
1124,Ruth Hooper,"Tucson, AZ",562,5:43:14,13:06,F 55-59/20,F-56,429,5:44:14,49.84%
1125,Harold Flynn,"Mesa, AZ",408,5:43:53,13:07,M 55-59/67,M-56,696,5:45:35,42.71%
1126,Russ Cheney,"Torrance, CA",1468,5:45:33,13:11,M 65-69/14,M-65,697,5:47:49,46.57%
1127,Robert Montgomery,"Downers Grove, IL",855,5:46:37,13:14,M 50-54/100,M-52,698,5:48:44,40.95%
1128,David Benson,"Tucson, AZ",124,5:47:15,13:15,M 45-49/127,M-49,699,5:47:49,39.92%
1129,Cookie Feinberg,"Tempe, AZ",1604,5:47:23,13:15,F 40-44/94,F-44,430,5:49:36,43.44%
1130,Linda Platero,"Prewitt, NM",970,5:48:10,13:17,F 40-44/95,F-44,431,5:49:45,43.34%
1131,Antonia Law,"Brooklyn, NY",691,5:50:01,13:21,F 30-34/60,F-34,432,5:51:41,39.65%
1132,Saundra Robinson,"Denver, CO",1044,5:50:05,13:22,F 50-54/46,F-51,433,5:51:10,46.20%
1133,Marianne Ludwig,"Wickenburg, AZ",745,5:51:29,13:25,F 40-44/96,F-40,434,5:53:14,41.42%
1134,Amy Cramer,"Tucson, AZ",285,5:52:28,13:27,F 45-49/56,F-46,435,5:54:25,43.62%
1135,J D Lee,"Knoxville, TN",77,5:55:17,13:34,M 75-79/3,M-77,700,5:55:35,53.68%
1136,Jim Murphy,"Indianapolis, IN",872,5:55:26,13:34,M 55-59/68,M-57,701,5:56:06,41.70%
1137,Liz Sambach,"Scottsdale, AZ",1086,5:56:38,13:37,F 20-24/19,F-23,436,5:57:55,39.36%
1138,Gerald Kaphing,"Tucson, AZ",635,5:58:56,13:42,M 70-74/6,M-70,702,6:00:48,47.72%
1139,Teresa Ryerson,"Tucson, AZ",1080,5:59:02,13:42,F 25-29/44,F-27,437,6:00:05,38.66%
1140,Patricia Draper-Schorr,"Fort Pierce, FL",340,6:00:17,13:45,F 50-54/47,F-50,438,6:02:07,44.42%
1141,Bob Pena,"El Paso, TX",944,6:02:03,13:49,M 60-64/23,M-60,703,6:03:17,42.13%
1142,Sue Hobart,"El Paso, TX",546,6:02:04,13:49,F 50-54/48,F-54,439,6:03:17,46.16%
1143,Trace Baker,"Boulder, CO",31,6:02:44,13:51,M 55-59/69,M-59,704,6:04:55,41.64%
1144,Nadia Fletcher,"Tucson, AZ",407,6:05:42,13:57,F 20-24/20,F-22,440,6:08:17,38.76%
1145,Kimberly Miller,"Mesa, AZ",844,6:05:43,13:57,F 40-44/97,F-42,441,6:07:21,40.51%
1146,Jesse Martinez,"Wilsonville, OR",786,6:05:48,13:58,M 40-44/116,M-40,705,6:08:23,35.60%
1147,Terrence Donahue,"Centreville, VA",337,6:06:16,13:59,M 55-59/70,M-59,706,6:06:46,41.24%
1148,Clifford Click,"Tucson, AZ",259,6:09:32,14:06,M 70-74/7,M-72,707,6:11:14,47.67%
1149,Ronnie Bosman,"Sun Lakes, AZ",154,6:10:08,14:08,M 65-69/15,M-69,708,6:11:03,45.67%
1150,Phil Davis,"Peoria, AZ",308,6:11:40,14:11,M 60-64/24,M-64,709,6:12:37,42.81%
1151,Gerard Crecca,"El Paso, TX",288,6:19:52,14:30,M 55-59/71,M-58,710,6:21:08,39.38%
1152,Claudia Senel,"Tucson, AZ",1688,6:23:04,14:37,F 30-34/61,F-31,442,6:23:43,36.23%
1153,Dan Bleich,"Camarillo, CA",1442,6:24:07,14:40,M 50-54/101,M-50,711,6:24:56,36.37%
1154,Vera Archuleta,"Tucson, AZ",1606,6:28:31,14:50,F 45-49/57,F-49,443,6:28:31,40.77%
1155,Lani Ahuna,"Tucson, AZ",42,6:32:49,14:59,M 60-64/25,M-63,712,6:32:54,40.06%
