Place,Name,Location,Bib,Net Time,Pace,Division/Place,Sex-Age,Sex-Place,Gun Time,Age Grade
1,Abrahan Kosgei,"Santa Fe, NM",314,2:41:56,6:11,M 30-34/0,M-34,1,2:41:57,77.15%
2,Stephen Clarke,"Cedar Crest, NM",299,2:45:02,6:18,M 45-49/0,M-45,2,2:45:04,80.89%
3,Michael Hart,"Santa Fe, NM",124,2:53:25,6:37,M 20-24/1,M-22,3,2:53:32,72.08%
4,Deray Chatter,"Monument Valley, UT",69,2:56:23,6:44,M 20-24/2,M-22,4,2:56:26,70.87%
5,Mark Scherbarth,"Albuquerque, NM",450,2:57:04,6:46,M 30-34/1,M-34,5,2:57:06,70.55%
6,Raul Manzanares,"Abiquiu, NM",172,2:58:46,6:50,M 30-34/2,M-34,6,2:58:48,69.88%
7,Brian Bolser,"Los Alamos, NM",52,2:59:49,6:52,M 25-29/1,M-27,7,2:59:52,69.48%
8,Sion Lupowitz,"Tucson, AZ",166,3:01:33,6:56,M 30-34/3,M-30,8,3:01:35,68.81%
9,Anthony Montano,"Albuquerque, NM",27,3:04:21,7:02,M 25-29/2,M-28,9,3:05:11,67.77%
10,Neil Blake,"Rio Rancho, NM",351,3:04:24,7:02,M 45-49/1,M-45,10,3:04:28,72.39%
11,Adrian Chavez,"Albuquerque, NM",359,3:06:44,7:08,M 25-29/3,M-29,11,3:06:46,66.90%
12,Shawn Cummings,"Rio Rancho, NM",368,3:07:12,7:09,M 30-34/4,M-31,12,3:07:15,66.73%
13,Michael Dobesh,"Santa Fe, NM",85,3:09:09,7:13,M 45-49/2,M-46,13,3:09:13,71.18%
14,Augustine Chavez,"Albuquerque, NM",360,3:10:09,7:16,M 30-34/5,M-32,14,3:10:20,65.70%
15,Brian Starr,"Albuquerque, NM",253,3:10:21,7:16,M 35-39/1,M-35,15,3:10:25,65.63%
16,Donovan Lucero,"Albuquerque, NM",400,3:11:38,7:19,M 30-34/6,M-31,16,3:12:02,65.19%
17,Jake Taylor,"West Hollywood, CA",436,3:12:16,7:20,M 40-44/1,M-40,17,3:12:19,66.58%
18,Philip Blong,"Panama City, CA",458,3:12:51,7:22,M 25-29/4,M-27,18,3:12:55,64.78%
19,Willis Sandoval Jr,"Farmington, NM",240,3:15:10,7:27,M 30-34/7,M-32,19,3:15:14,64.01%
20,Jason Chavez,"Albuquerque, NM",297,3:15:28,7:28,M 35-39/2,M-35,20,3:15:33,63.91%
21,Robert Smith,"Albuquerque, NM",248,3:16:23,7:30,M 35-39/3,M-39,21,3:16:31,64.65%
22,Vin Kelley,"Santa Fe, NM",148,3:16:35,7:30,M 55-59/1,M-59,22,3:16:37,77.16%
23,Joe Villa,"El Paso, TX",338,3:17:46,7:33,M 55-59/2,M-55,23,3:17:48,73.83%
24,Bruce Letellier,"Los Alamos, NM",159,3:17:57,7:33,M 45-49/3,M-45,24,3:18:08,67.44%
25,Sam McCoy,"Albuquerque, NM",406,3:18:04,7:34,M 35-39/4,M-37,25,3:18:12,63.33%
26,Ben O'donnell,"Syracuse, NY",414,3:18:36,7:35,M 20-24/3,M-24,26,3:18:53,62.90%
27,Peter Lukes,"Corrales, NM",165,3:20:05,7:38,M 40-44/2,M-40,27,3:20:09,63.98%
28,Randal Platero,"Canoncito, NM",418,3:20:46,7:40,M 15-19/1,M-19,28,3:20:52,63.79%
29,Jerry Greenwald,"Boulder, CO",381,3:20:51,7:40,M 40-44/3,M-42,29,3:20:59,64.80%
30,Keith Hutchinson,"Corrales, NM",134,3:21:00,7:40,M 35-39/5,M-38,30,3:21:04,62.72%
31,Kyle Skartwed,"Placitas, NM",429,3:21:38,7:42,M 40-44/4,M-44,31,3:21:41,65.64%
32,Michael Loiselle,"Rio Rancho, NM",316,3:22:25,7:44,M 30-34/8,M-32,32,3:22:33,61.72%
33,Tony Gallegos,"Espanola, NM",18,3:22:37,7:44,M 45-49/4,M-47,33,3:22:40,67.04%
34,Vincent Hesch,"Santa Fe, NM",19,3:22:43,7:44,M 45-49/5,M-48,34,3:22:59,67.59%
35,Kellie Nickerson,"Albuquerque, NM",194,3:22:56,7:45,F 20-24/0,F-24,1,3:23:01,66.74%
36,Curtis Wadsworth,"Albuquerque, NM",339,3:23:46,7:47,M 30-34/9,M-32,35,3:23:53,61.31%
37,Aleks Kostich,"Albuquerque, NM",394,3:23:53,7:47,M 35-39/6,M-37,36,3:24:00,61.52%
38,Amanda Cola,"Santa Fe, NM",74,3:24:53,7:49,F 30-34/1,F-34,2,3:24:55,66.80%
39,Scott Haack,"Phoenix, AZ",117,3:25:06,7:50,M 35-39/7,M-39,37,3:25:14,61.90%
40,Scott N Valdez,"Dixon, NM",264,3:25:08,7:50,M 35-39/8,M-35,38,3:25:11,60.90%
41,Alla Kammerdiner,"Las Cruces, NM",393,3:25:20,7:50,F 30-34/2,F-32,3,3:25:30,66.21%
42,Gordan Bennett,"Shelton, CT",44,3:26:08,7:52,M 50-54/1,M-50,39,3:26:11,67.66%
43,Maryann Kos,"Santa Fe, NM",150,3:26:46,7:54,F 40-44/0,F-41,4,3:28:11,69.71%
44,Thomas Mahony,"Albuquerque, NM",170,3:27:39,7:56,M 20-24/4,M-21,40,3:27:55,60.44%
45,Jacob Waltz,"Santa Fe, NM",271,3:29:33,8:00,M 35-39/9,M-38,41,3:29:46,60.16%
46,Darrell Guzman,"Albuquerque, NM",384,3:30:17,8:02,M 40-44/5,M-40,42,3:30:29,60.88%
47,Will Nixon,"Albuquerque, NM",195,3:31:02,8:03,M 30-34/10,M-32,43,3:31:08,59.20%
48,Robert Johnson,"Albuquerque, NM",391,3:31:11,8:04,M 30-34/11,M-30,44,3:31:18,59.16%
49,Chris Chavez,"Santa Fe, NM",361,3:31:13,8:04,M 50-54/2,M-51,45,3:31:16,66.63%
50,Joseph Cruz,"Albuquerque, NM",81,3:31:23,8:04,M 30-34/12,M-32,46,3:31:30,59.10%
51,Roosevelt Hernton,"Albuquerque, NM",308,3:31:35,8:05,M 50-54/3,M-53,47,3:31:41,67.73%
52,Petra Jarabkova Hill,"Santa Fe, NM",390,3:31:58,8:06,F 30-34/3,F-33,5,3:32:32,64.32%
53,Christine Ziemer,"Iowa City, IA",285,3:32:00,8:06,F 25-29/1,F-28,6,3:32:07,63.88%
54,Chris Murray,"Cedar Crest, NM",324,3:32:00,8:06,M 50-54/4,M-50,48,3:32:09,65.79%
55,Tom Gifford,"Tijeras, NM",269,3:32:08,8:06,M 40-44/6,M-41,49,3:32:21,60.85%
56,Lisa Duncan,"Rio Rancho, NM",373,3:32:08,8:06,F 25-29/2,F-29,7,3:32:21,63.84%
57,Dave Wheeler,"Albuquerque, NM",443,3:32:34,8:07,M 45-49/6,M-45,50,3:32:45,62.80%
58,Bekki Manville,"Co Springs, CO",403,3:32:43,8:07,F 35-39/1,F-37,8,3:32:51,65.42%
59,Rick Ruby,"Denver, CO",230,3:32:53,8:08,M 35-39/10,M-38,51,3:33:05,59.22%
60,Michael Malone,"Farmington, NM",171,3:33:57,8:10,M 40-44/7,M-40,52,3:34:08,59.83%
61,Doug Chan,"La Habra, CA",14,3:34:11,8:11,M 45-49/7,M-46,53,3:34:13,62.86%
62,John Hampel,"Albuquerque, NM",121,3:35:00,8:13,M 35-39/11,M-36,54,3:35:05,58.17%
63,Dave Francisco,"Chinle, AZ",306,3:35:27,8:14,M 50-54/5,M-53,55,3:35:37,66.52%
64,Anthony Lopez,"Rio Rancho, NM",162,3:35:28,8:14,M 50-54/6,M-52,56,3:35:43,65.91%
65,Angie Bair,"Somerville, MA",40,3:35:54,8:15,F 35-39/2,F-35,9,3:36:05,63.69%
66,Roberto Cruz,"Albuquerque, NM",82,3:36:47,8:17,M 25-29/5,M-29,57,3:36:53,57.63%
67,Stella Candelaria,"Albuquerque, NM",358,3:37:03,8:17,F 30-34/4,F-33,10,3:37:43,62.82%
68,Jason Toledo,"Albuquerque, NM",439,3:37:46,8:19,M 20-24/5,M-22,58,3:37:55,57.40%
69,Laura Hronik,"Co Springs, CO",388,3:37:57,8:19,F 30-34/5,F-31,11,3:38:06,62.24%
70,David Fitzpatrick,"Rio Rancho, NM",377,3:41:32,8:27,M 30-34/13,M-33,59,3:41:52,56.39%
71,Rona Van Willigen,"Tijeras, NM",266,3:42:22,8:29,F 40-44/1,F-42,12,3:42:27,65.54%
72,Marcos Torres,"Richmond, VA",440,3:43:03,8:31,M 35-39/12,M-39,60,3:43:16,56.92%
73,Herman Garcia,"Santa Fe, NM",104,3:43:03,8:31,M 50-54/7,M-52,61,3:43:37,63.67%
74,Tammy Walden,"Albuquerque, NM",268,3:43:35,8:32,F 40-44/2,F-41,13,3:43:52,64.46%
75,Dave Fietek,"Albuquerque, NM",376,3:43:55,8:33,M 40-44/8,M-44,62,3:44:06,59.10%
76,Randy Brooks,"Albuquerque, NM",353,3:44:04,8:33,M 50-54/8,M-51,63,3:44:40,62.81%
77,William Neitzke,"Abq, NM",191,3:44:06,8:33,M 40-44/9,M-42,64,3:44:25,58.07%
78,Andy Wright,"Albuquerque, NM",340,3:45:16,8:36,M 45-49/8,M-49,65,3:45:29,61.36%
79,Elfreda Yazzie,"Rock Point, AZ",283,3:45:31,8:37,F 30-34/6,F-30,14,3:45:51,60.07%
80,Christopher Iriarte,"Albuquerque, NM",135,3:46:14,8:38,M 40-44/10,M-42,66,3:46:19,57.53%
81,David Gapper,"Colorado Springs, CO",103,3:46:25,8:39,M 25-29/6,M-28,67,3:47:00,55.18%
82,Alfred Perez,"Chicago, IL",206,3:46:30,8:39,M 30-34/14,M-33,68,3:46:41,55.15%
83,Nancy Lombardo,"Salt Lake City, UT",398,3:46:55,8:40,F 50-54/1,F-53,15,3:47:10,73.75%
84,Brian Pilgrim,"Albuquerque, NM",417,3:47:01,8:40,M 40-44/11,M-44,69,3:47:16,58.30%
85,Lindsay Hanosh,"Albuquerque, NM",122,3:47:13,8:40,F 25-29/3,F-28,16,3:47:24,59.60%
86,Ryan Brunsing,"Albuquerque, NM",354,3:49:13,8:45,M 30-34/15,M-32,70,3:49:35,54.50%
87,Jason File,"Albuquerque, NM",95,3:49:29,8:46,M 35-39/13,M-35,71,3:50:09,54.44%
88,Mike McClain,"Albuquerque, NM",176,3:51:01,8:49,M 45-49/9,M-46,72,3:51:41,58.28%
89,Heather Smith,"Albuquerque, NM",332,3:51:17,8:50,F 35-39/3,F-35,17,3:51:26,59.46%
90,Andy Brasher,"Albuquerque, NM",352,3:51:22,8:50,M 25-29/7,M-29,73,3:51:25,53.99%
91,Ronald Shaw,"Albuquerque, NM",244,3:52:07,8:52,M 45-49/10,M-47,74,3:52:20,58.52%
92,Valentino Baca,"Abq, NM",41,3:52:07,8:52,M 50-54/9,M-50,75,3:52:14,60.09%
93,Miles Begay,"Albuquerque, NM",349,3:52:17,8:52,M 35-39/14,M-35,76,3:52:56,53.78%
94,Tracy Counasse,"Rio Rancho, NM",365,3:53:04,8:54,M 40-44/12,M-40,77,3:53:44,54.92%
95,Jason Hoy,"Albuquerque, NM",453,3:53:35,8:55,M 40-44/13,M-41,78,3:53:45,55.26%
96,Chris Padberg,"Dixon, NM",202,3:53:46,8:55,M 30-34/16,M-33,79,3:54:13,53.44%
97,Michael Courtney,"Albuquerque, NM",301,3:54:08,8:56,M 50-54/10,M-54,80,3:54:18,61.78%
98,Joseph Marino,"Rio Rancho, NM",404,3:54:09,8:56,M 35-39/15,M-37,81,3:54:18,53.57%
99,Jim Whitmarsh,"Hedge Endsouthampton, EN",276,3:54:36,8:57,M 50-54/11,M-50,82,3:54:50,59.45%
100,Randy Comer,"Edgewood, NM",363,3:54:47,8:58,M 45-49/11,M-47,83,3:55:17,57.85%
