
8,Bob Yazzie,M,64,"Kirtland, NM",184 out of 315,136 out of 210,8 out of 12, 58.91% Place: 73,4:30:39 Pace: 10:20,4:30:39,4:30:50
294,Helga Gladik,F,37,"Albuquerque, NM",185 out of 315,49 out of 105,13 out of 22, 51.21% Place: 174,4:31:16 Pace: 10:21,4:31:16,4:31:49
340,Kelle Pido,f,43,"Seabrook, TX",189 out of 315,50 out of 105,7 out of 13, 53.88% Place: 140,4:32:16 Pace: 10:24,4:32:16,4:32:33
310,Angela Infante,f,31,"Albuquerque, NM",190 out of 315,51 out of 105,9 out of 15, 49.77% Place: 197,4:32:32 Pace: 10:24,4:32:32,4:32:58
175,Matts Moore,M,54,"Minneapolis, MN",191 out of 315,140 out of 210,11 out of 26, 53.04% Place: 145,4:32:43 Pace: 10:25,4:32:43,4:33:00
357,Kenneth Sirois,M,62,"Clinton, TN",193 out of 315,142 out of 210,11 out of 12, 57.05% Place: 93,4:33:55 Pace: 10:27,4:33:55,4:34:15
119,Catherine Gomez,F,53,"Pueblo, CO",195 out of 315,52 out of 105,3 out of 8, 60.34% Place: 57,4:35:38 Pace: 10:31,4:35:38,4:36:07
256,Mikey Barthelemy,M,19,"Albuquerque, NM",197 out of 315,144 out of 210,3 out of 3, 46.41% Place: 235,4:35:56 Pace: 10:32,4:35:56,4:36:11
237,Christopher Wentz,M,54,"Corrales, NM",198 out of 315,145 out of 210,12 out of 26, 52.41% Place: 155,4:35:58 Pace: 10:32,4:35:58,4:37:22
331,Robert Moss,M,23,"Albuquerque, NM",199 out of 315,146 out of 210,10 out of 12, 45.15% Place: 252,4:36:43 Pace: 10:34,4:36:43,4:37:12
249,Ashlee Aragon,F,23,"Albuquerque, NM",200 out of 315,54 out of 105,6 out of 12, 48.94% Place: 203,4:36:43 Pace: 10:34,4:36:43,4:37:12
