Bib,Name,Gender,Age,Hometown,Overall,Men,M 65-69,Age/Grade,Finish,Chip Time,Gun Time,5 Km,10 Km,10 Mi,11.4 Mi,12.3 Mi
22760,Joanna Brumble,F,46,"Annapolis, MD",16569 out of 16572,9330 out of 9331,891 out of 891, 25.56% Place: 16536,4:45:24 Pace: 21:47,4:45:24,5:28:10,55:57 Pace: 18:01,1:57:48 Pace: 18:58,3:32:33 Pace: 21:16,4:04:47 Pace: 21:29,4:27:11 Pace: 21:44
24497,David Best,M,66,"Virginia Beach, VA",16570 out of 16572,7240 out of 7241,61 out of 61, 27.08% Place: 16460,4:46:17 Pace: 21:51,4:46:17,5:27:20,1:06:07 Pace: 21:17,2:13:19 Pace: 21:28,3:33:59 Pace: 21:24,4:05:53 Pace: 21:35,4:27:09 Pace: 21:44
24793,Estelle Franklin,F,58,"Silver Spring, MD",16571 out of 16572,9331 out of 9331,237 out of 237, 29.14% Place: 16262,4:52:45 Pace: 22:20,4:52:45,5:37:36,1:03:42 Pace: 20:30,2:10:13 Pace: 20:58,3:34:08 Pace: 21:25,4:08:12 Pace: 21:47,4:30:40 Pace: 22:01
5401,Bill Smith,M,44,"Quakertown, PA",16572 out of 16572,7241 out of 7241,1076 out of 1076, 19.55% Place: 16572,5:25:46 Pace: 24:51,5:25:46,5:29:28,25:16 Pace: 8:08,51:58 Pace: 8:22,1:24:05 Pace: 8:25,1:36:27 Pace: 8:28,1:44:28 Pace: 8:30
