Place,Name,Location,Bib,Net Time,Pace,Division/Place,Sex-Age,Sex-Place,Gun Time,Age Grade
1,Peter Magill,"S Pasadena, CA",774,15:24,4:58,M 50-54/1,M-50,1,15:24,95.88%
2,Christian Cushing-Murray,"Santa Ana, CA",852,16:57,5:28,M 40-44/1,M-43,2,16:57,82.48%
3,Jimmy Duong,"United States, ",559,17:29,5:38,M 14-17/1,M-17,3,17:29,77.29%
4,Robert Miyoshi,"Buena Park, CA",828,17:39,5:41,M 14-17/2,M-16,4,17:39,77.69%
5,Robert Rust,"United States, ",697,17:47,5:44,M 40-44/2,M-42,5,17:47,77.88%
6,Edward Martinez,"Buena Park, CA",795,18:26,5:56,M 18-24/1,M-18,6,18:26,72.40%
7,Masa Kinoshita,"United Kingdom, ",620,18:32,5:58,M 18-24/2,M-24,7,18:32,69.67%
8,Aaron Ridder,"Cypress, CA",861,19:10,6:11,M 14-17/3,M-17,8,19:10,70.50%
9,Edward Davis,"Buena Park, CA",794,19:20,6:14,M 55-59/1,M-55,9,19:20,79.55%
10,Daniel Sanchez,"United States, ",701,19:44,6:21,M 14-17/4,M-17,10,19:44,68.47%
11,Aaron Benjamin,"Rowland Heights, CA",866,20:07,6:29,M 35-39/1,M-35,11,20:07,65.59%
12,Mat Astengo,"United States, ",514,20:30,6:36,M 18-24/3,M-22,12,20:30,62.98%
13,Ruben Vargas,"Garden Grove, CA",864,20:35,6:38,M 30-34/1,M-33,13,20:35,63.45%
14,Rosalinda Alcala,"Anaheim, CA",816,20:44,6:41,F 40-44/1,F-42,1,20:44,74.82%
15,Michael Roy,"Whittier, CA",798,20:49,6:42,M 18-24/4,M-23,14,20:49,62.02%
16,Dave Kelly,"Irvine, CA",778,20:58,6:45,M 50-54/2,M-52,15,20:58,71.52%
17,Kiana Miyamoto,"Buena Park, CA",779,21:38,6:58,F 14-17/1,F-16,2,21:38,70.78%
18,Max Vasquez,"Compton, CA",870,21:53,7:03,M 45-49/1,M-49,16,21:53,66.92%
19,Kelly Motyka,"Long Beach, CA",837,21:53,7:03,F 35-39/1,F-36,3,21:53,68.60%
20,Phil Zamorano,"United States, ",763,21:59,7:05,M 45-49/2,M-49,17,21:59,66.62%
21,Amber Cornelious,"Usa, ",821,22:08,7:08,F 14-17/2,F-15,4,22:08,70.08%
22,John Woscek,"United States, ",755,22:10,7:08,M 18-24/5,M-22,18,22:10,58.24%
23,Brooke Montgomery,"United States, ",653,22:16,7:11,F 14-17/3,F-15,5,22:16,69.61%
24,Eddie Evans,"Saint Petersburg, FL",819,22:17,7:11,M 40-44/3,M-40,19,22:17,61.30%
25,Drew Myers,"Fullerton, CA",797,22:20,7:12,M 01-13/1,M-10,20,22:20,70.72%
26,Lorenzo Herrera,"Buena Park, CA",834,22:21,7:12,M 55-59/2,M-59,21,22:21,71.19%
27,Brendon Spencer,"La Palma, CA",773,22:26,7:13,M 14-17/5,M-15,22,22:26,62.08%
28,Ron Shranko,"Lakewood, CA",815,22:35,7:17,M 50-54/3,M-51,23,22:35,65.88%
29,Jesus Ramos,"Buena Park, CA",873,22:45,7:20,M 45-49/3,M-49,24,22:45,64.37%
30,Patrick Martin,"Buena Park, CA",770,22:54,7:23,M 14-17/6,M-15,25,22:54,60.82%
31,Kristina Galias,"Long Beach, CA",836,23:01,7:25,F 18-24/1,F-20,6,23:01,64.35%
32,Michael Roy,"Whittier, CA",801,23:05,7:26,M 50-54/4,M-54,26,23:05,66.04%
33,Greg Hass,"Huntington Beach, CA",829,23:08,7:27,M 01-13/2,M-11,27,23:08,66.19%
34,Kyle Hordyk,"United States, ",599,23:17,7:30,M 14-17/7,M-14,28,23:17,60.96%
35,Sinead Reyes,"United States, ",689,23:24,7:32,F 01-13/1,F-10,7,23:24,72.99%
36,Gilda Ochoa,"United States, ",664,23:31,7:34,F 40-44/2,F-43,8,23:31,66.45%
37,Thomas Kyle Cuevas,"United States, ",550,23:32,7:35,M 14-17/8,M-17,29,23:32,57.41%
38,Jessica Jamora,"United States, ",610,23:32,7:35,F 25-29/1,F-29,9,23:32,62.93%
39,Taylor Morico,"United States, ",654,23:36,7:36,F 14-17/4,F-16,10,23:36,64.88%
40,Mark Standen,"United States, ",723,23:39,7:37,M 45-49/4,M-47,30,23:39,60.93%
41,Ryan Carey,"Lakewood, CA",822,23:58,7:43,M 35-39/2,M-37,31,23:58,55.74%
42,Shaun Merritt,"United States, ",648,24:23,7:51,M 40-44/4,M-40,32,24:23,56.02%
43,Kevin Keizer,"United States, ",616,24:27,7:53,M 18-24/6,M-21,33,24:27,53.00%
44,Brett Schickling,"Brea, CA",856,24:36,7:55,M 18-24/7,M-24,34,24:36,52.47%
45,Sam Schickling,"Brea, CA",855,24:39,7:56,M 18-24/8,M-20,35,24:39,52.91%
46,Dave Schickling,"Brea, CA",857,24:41,7:57,M 50-54/5,M-53,36,24:41,61.28%
47,Kieran Matias,"United States, ",638,24:45,7:58,M 18-24/9,M-18,37,24:45,53.91%
48,Eric Volivitch,"United States, ",742,24:48,7:59,M 18-24/10,M-21,38,24:48,52.25%
49,Cristina Bracamonte,"Bell, CA",776,24:58,8:02,F 25-29/2,F-26,11,24:58,59.32%
50,Thomas Woscek,"United States, ",756,25:00,8:03,M 50-54/6,M-54,39,25:00,60.97%
51,Cathy Imai,"United States, ",606,25:04,8:04,F 35-39/2,F-39,12,25:04,60.68%
52,Danny Chavez,"Long Beach, CA",835,25:05,8:05,M 45-49/5,M-49,40,25:05,58.38%
53,Denis Plambeck,"La Palma, CA",862,25:17,8:08,M 40-44/5,M-44,41,25:17,55.67%
54,Pat Rojas,"United States, ",692,25:31,8:13,M 60-64/1,M-60,42,25:31,62.88%
55,Kenneth Gunderson,"Whittier, CA",792,25:36,8:15,M 60-64/2,M-60,43,25:36,62.67%
56,Nathan Corkhill,"United States, ",546,25:39,8:16,M 18-24/11,M-20,44,25:39,50.85%
57,Blair Madison,"United States, ",631,25:43,8:17,F 25-29/3,F-28,13,25:43,57.59%
58,Lance Rust,"United States, ",696,25:51,8:20,M 14-17/9,M-15,45,25:51,53.87%
59,Steven Coler,"United States, ",998,26:09,8:25,M 60-64/3,M-63,46,26:09,63.01%
60,John Bales,"Glendale, CA",791,26:16,8:27,M 65-69/1,M-66,47,26:16,64.51%
61,Cheyenne Paningsoro,"La Palma, CA",880,26:21,8:29,F 18-24/2,F-18,14,26:21,56.84%
62,Wayne Yada,"United States, ",759,26:26,8:31,M 45-49/6,M-45,48,26:26,53.69%
63,Sharon Hennessey,"Norwalk, CA",859,26:34,8:33,F 45-49/1,F-48,15,26:34,61.64%
64,Steven Chavez,"Galt, CA",841,26:34,8:34,M 25-29/1,M-27,49,26:34,48.59%
65,David Chavez,"Torrance, CA",847,26:40,8:35,M 35-39/3,M-38,50,26:40,50.44%
66,Joe Astengo III,"United States, ",516,26:41,8:36,M 50-54/7,M-50,51,26:41,55.31%
67,Mike Payne,"United States, ",674,26:43,8:36,M 35-39/4,M-39,52,26:43,50.75%
68,Rosalie Pitts,"United States, ",680,26:49,8:38,F 65-69/1,F-65,16,26:49,76.80%
69,Ty Keizer,"United States, ",617,26:50,8:38,M 50-54/8,M-53,53,26:50,56.37%
70,Lee Pitts,"United States, ",679,26:50,8:39,M 65-69/2,M-68,54,26:50,64.33%
71,Jason Nakamura,"United States, ",659,26:52,8:39,M 14-17/10,M-15,55,26:52,51.83%
72,Ben Draper,"United States, ",557,26:55,8:40,M 35-39/5,M-36,56,26:55,49.32%
73,Cole Rogers,"Lakewood, CA",806,26:57,8:41,M 14-17/11,M-14,57,26:57,52.66%
74,Brett Duncan,"United States, ",558,26:58,8:41,M 50-54/9,M-50,58,26:58,54.73%
75,Jeff Hass,"Huntington Beach, CA",830,27:06,8:44,M 01-13/3,M-9,59,27:06,60.37%
76,Tami Payne,"United States, ",675,27:08,8:44,F 35-39/3,F-37,17,27:08,55.50%
77,David Hacker,"United States, ",588,27:11,8:45,M 14-17/12,M-16,60,27:11,50.43%
78,Janine Roach,"Los Angeles, CA",787,27:13,8:46,F 30-34/1,F-33,18,27:13,54.66%
79,William Rogers,"Cypress, CA",832,27:16,8:47,M 50-54/10,M-52,61,27:16,54.98%
80,Juventino Luna,"Norwalk, CA",848,27:19,8:48,M 65-69/3,M-67,62,27:19,62.58%
81,Rithy Vu,"United States, ",745,27:23,8:49,M 30-34/2,M-30,63,27:23,47.26%
82,Cynthia Yamaguchi,"United States, ",760,27:35,8:53,F 40-44/3,F-40,19,27:35,55.50%
83,Timothy Duenas,"Downey, CA",768,27:36,8:53,M 50-54/11,M-50,64,27:36,53.47%
84,Marc Imai,"United States, ",607,27:37,8:54,M 45-49/7,M-47,65,27:37,52.17%
85,Samuel Plambeck,"United States, ",681,27:40,8:55,M 40-44/6,M-40,66,27:40,49.37%
86,Kyle Yada,"United States, ",758,27:45,8:56,M 01-13/4,M-13,67,27:45,52.28%
87,Jeanna Ramirez,"United States, ",687,27:48,8:57,F 25-29/4,F-27,20,27:48,53.27%
88,Gene Kuwahara,"United States, ",622,28:01,9:02,M 45-49/8,M-48,68,28:01,51.85%
89,Julian Hays,"Lakewood, CA",810,28:08,9:04,M 14-17/13,M-14,69,28:08,50.44%
90,Terry Cheng,"United States, ",540,28:09,9:04,M 35-39/6,M-37,70,28:09,47.45%
91,John Harper,"Seal Beach, CA",799,28:13,9:05,M 75-99/1,M-78,71,28:13,71.22%
92,Ed Nepomuceno,"United States, ",663,28:15,9:06,M 30-34/3,M-34,72,28:15,46.46%
93,Jake Edwards,"Cumming, GA",844,28:21,9:08,M 14-17/14,M-14,73,28:21,50.06%
94,Guille Montanchez,"United States, ",652,28:22,9:08,F 40-44/4,F-42,21,28:22,54.67%
95,Roberto Velasco,"United States, ",737,28:24,9:09,M 65-69/4,M-66,74,28:24,59.66%
96,Matthew Herrera,"United States, ",596,28:27,9:10,M 14-17/15,M-15,75,28:27,48.94%
97,Nicholle Astengo,"United States, ",515,28:32,9:11,F 25-29/5,F-25,22,28:32,51.90%
98,Rich Tamaki,"United States, ",728,28:42,9:15,M 45-49/9,M-46,76,28:42,49.80%
99,Eric Mayer,"United States, ",640,28:42,9:15,M 01-13/5,M-10,77,28:42,55.03%
100,Ron Snyder,"United States, ",718,28:44,9:15,M 55-59/3,M-58,78,28:44,54.90%
101,Lucia Mayer,"United States, ",642,28:45,9:16,F 40-44/5,F-42,23,28:45,53.94%
102,Robert Baird,"United States, ",518,28:52,9:18,M 25-29/2,M-29,79,28:52,44.77%
103,Ed Buch,"United States, ",529,28:55,9:19,M 60-64/4,M-60,80,28:55,55.48%
104,Brenda Lofton,"Leawood, KS",833,28:57,9:19,F 55-59/1,F-55,24,28:57,61.75%
105,Clifford Wiley,"Kansas City, KS",840,28:57,9:20,M 55-59/4,M-56,81,28:57,53.57%
106,Shawn Goldenberg,"United States, ",576,29:12,9:24,M 30-34/4,M-34,82,29:12,44.95%
107,Joseph Galindo,"United States, ",571,29:15,9:25,M 25-29/3,M-27,83,29:15,44.13%
108,Mark Whalen,"Downey, CA",826,29:17,9:26,M 55-59/5,M-56,84,29:17,52.96%
109,Robert Fode,"United States, ",564,29:27,9:29,M 65-69/5,M-66,85,29:27,57.53%
110,Mary Parsons,"United States, ",673,29:33,9:31,F 45-49/2,F-48,25,29:33,55.42%
111,Raquel Valadez,"Fullerton, CA",766,29:40,9:33,F 18-24/3,F-22,26,29:40,49.92%
112,Ron Webber,"Los Alamitos, CA",872,29:49,9:36,M 55-59/6,M-56,86,29:49,52.01%
113,Zachary Snyder,"Cypress, CA",863,29:54,9:38,M 18-24/12,M-19,87,29:54,44.12%
114,Scott Rath,"La Palma, CA",868,29:57,9:39,M 45-49/10,M-45,88,29:57,47.38%
115,Alycia Leatherby,"United States, ",627,30:00,9:40,F 14-17/5,F-16,27,30:00,51.03%
116,Jessica Kim,"United States, ",619,30:00,9:40,F 18-24/4,F-24,28,30:00,49.36%
117,Sabrina Gastelum,"Brea, CA",879,30:01,9:40,F 18-24/5,F-18,29,30:01,49.89%
118,Richard West,"United States, ",1276,30:01,9:40,M 60-64/5,M-61,89,30:01,53.94%
119,Krista Applegate,"La Mirada, CA",851,30:01,9:40,F 30-34/2,F-32,30,30:01,49.44%
120,Ron Glassman,"United States, ",575,30:05,9:41,M 70-74/1,M-70,90,30:05,58.65%
121,Charisse Panganiban,"Cypress, CA",811,30:07,9:42,F 18-24/6,F-24,31,30:07,49.17%
122,Allison McComas,"Galt, CA",839,30:14,9:44,F 18-24/7,F-24,32,30:14,48.98%
123,Danielle Corkhill,"United States, ",545,30:17,9:45,F 18-24/8,F-23,33,30:17,48.90%
124,Keiley Kuwahara,"United States, ",623,30:34,9:51,F 01-13/2,F-11,34,30:34,54.45%
125,Alyssa Movchan,"United States, ",657,30:34,9:51,F 01-13/3,F-13,35,30:34,52.26%
126,Zack Rose,"Buena Park, CA",769,30:38,9:52,M 18-24/13,M-19,91,30:38,43.06%
127,Ted Do,"United States, ",554,30:40,9:53,M 35-39/7,M-39,92,30:40,44.21%
128,Ralph Rodriguez,"United States, ",691,30:48,9:55,M 50-54/12,M-50,93,30:48,47.92%
129,Chuck Cuevas,"United States, ",549,30:57,9:58,M 45-49/11,M-48,94,30:57,46.93%
130,Tom Cuevas,"United States, ",551,30:57,9:58,M 70-74/2,M-72,95,30:57,58.46%
131,Samantha Jimenez,"United States, ",611,30:58,9:58,F 25-29/6,F-26,36,30:58,47.82%
132,William Mosceni,"United States, ",656,31:02,10:00,M 70-74/3,M-70,96,31:02,56.85%
133,Harsha Upadhyay,"United States, ",732,31:04,10:00,M 35-39/8,M-35,97,31:04,42.46%
134,Kathryn Jackson,"Fullerton, CA",767,31:10,10:02,F 18-24/9,F-18,37,31:10,48.05%
135,Pamela Borrelli,"United States, ",524,31:10,10:02,F 60-64/1,F-60,38,31:10,61.42%
136,Cheryl-Lynn Salamanca,"United States, ",699,31:11,10:03,F 30-34/3,F-32,39,31:11,47.59%
137,Janice Gastelum,"Brea, CA",877,31:12,10:03,F 35-39/4,F-38,40,31:12,48.53%
138,Kelsey Herrera,"United States, ",595,31:14,10:04,F 14-17/6,F-17,41,31:14,48.42%
139,Austin Batugal,"United States, ",520,31:16,10:04,M 01-13/6,M-13,98,31:16,46.40%
140,Bonnie Keizer,"United States, ",615,31:18,10:05,F 50-54/1,F-51,42,31:18,54.24%
141,Wendy Yokoyama,"Harbor City, CA",786,31:23,10:06,F 40-44/6,F-41,43,31:23,49.04%
142,Randall Mayer,"United States, ",643,31:26,10:07,M 60-64/6,M-62,99,31:26,51.94%
143,Derrick Deese,"La Palma, CA",777,31:30,10:09,M 40-44/7,M-41,100,31:30,43.67%
144,Nikos Medenas,"Villa Park, CA",805,31:30,10:09,M 45-49/12,M-47,101,31:30,45.74%
145,Jennifer Morris,"United States, ",655,31:31,10:09,F 35-39/5,F-36,44,31:31,47.62%
146,James Yoshioka,"United States, ",762,31:36,10:11,M 65-69/6,M-68,102,31:36,54.62%
147,Chuck Laine,"Whittier, CA",875,31:40,10:12,M 65-69/7,M-67,103,31:40,53.98%
148,David Souza,"United States, ",720,31:41,10:12,M 25-29/4,M-28,104,31:41,40.74%
149,Julie Johnson,"United States, ",612,31:41,10:12,F 30-34/4,F-33,45,31:41,46.95%
150,Marcia Raymondo,"La Mirada, CA",846,32:02,10:19,F 25-29/7,F-29,46,32:02,46.23%
151,Anthony Marvin,"United States, ",1301,32:07,10:21,M 01-13/7,M-12,105,32:07,46.31%
152,Hector Salcedo,"Buena Park, CA",871,32:18,10:24,M 60-64/7,M-60,106,32:18,49.66%
153,Pam Shranko,"Lakewood, CA",808,32:21,10:25,F 55-59/2,F-56,47,32:21,55.98%
154,Dennis Boersma,"Bellflower, CA",807,32:21,10:25,M 50-54/13,M-54,107,32:21,47.11%
155,William Nordlie,"Scottsdale, AZ",813,32:22,10:25,M 45-49/13,M-46,108,32:22,44.15%
156,Olivia Nordlie,"Scottsdale, AZ",814,32:23,10:26,F 01-13/4,F-11,48,32:23,51.39%
157,Thomas Kwan,"United States, ",624,32:25,10:27,M 40-44/8,M-43,109,32:25,43.11%
158,Victoria Camp,"Buena Park, CA",865,32:30,10:28,F 35-39/6,F-39,49,32:30,46.79%
160,Al Ramirez,"United States, ",685,32:37,10:30,M 65-69/8,M-65,111,32:37,51.43%
161,Gisela Salcedo,"Buena Park, CA",867,32:42,10:32,F 55-59/3,F-58,50,32:42,56.91%
162,Linda Chavez,"United States, ",539,32:43,10:32,F 50-54/2,F-50,51,32:43,51.27%
163,Ashley Herrera,"La Palma, CA",803,32:45,10:33,F 18-24/10,F-20,52,32:45,45.21%
164,Abner Herrera,"Pomona, CA",789,32:47,10:33,M 01-13/8,M-9,112,32:47,49.90%
165,Milissa Kirby,"United States, ",997,33:05,10:39,F 25-29/8,F-28,53,33:05,44.76%
166,Ty Oshiro,"United States, ",666,33:10,10:41,M 50-54/14,M-52,113,33:10,45.20%
167,Jason Spessert,"United States, ",721,33:12,10:42,M 35-39/9,M-39,114,33:12,40.83%
168,Joshua Spessert,"United States, ",722,33:12,10:42,M 01-13/9,M-9,115,33:12,49.27%
169,Eric Oda,"United States, ",665,33:15,10:42,M 35-39/10,M-36,116,33:15,39.92%
170,Kathryn Yang,"United States, ",761,33:15,10:42,F 30-34/5,F-34,54,33:15,44.83%
171,Kathy Peters,"United States, ",677,33:18,10:43,F 50-54/3,F-51,55,33:18,50.98%
172,Kris Mar,"United States, ",633,33:20,10:44,F 60-64/2,F-60,56,33:20,57.43%
173,Jordan Joseph,"United States, ",1236,33:28,10:47,M 01-13/10,M-11,117,33:28,45.74%
174,Florence Shih,"United States, ",713,33:31,10:48,F 40-44/7,F-41,57,33:31,45.92%
175,Cindy Astengo,"United States, ",512,33:35,10:49,F 45-49/3,F-47,58,33:35,48.26%
176,Monica Walton,"Cypress, CA",793,33:39,10:50,F 40-44/8,F-40,59,33:39,45.49%
177,Stephanie Rodriguez,"Cypress, CA",818,33:39,10:50,F 35-39/7,F-38,60,33:39,45.00%
178,Joseph Volivitch,"United States, ",743,33:40,10:50,M 50-54/15,M-51,118,33:40,44.18%
179,Wesley Nakamura,"United States, ",661,33:54,10:55,M 50-54/16,M-52,119,33:54,44.22%
180,Garry Wada,"United States, ",746,33:55,10:55,M 45-49/14,M-47,120,33:55,42.48%
181,Roger Long,"Corona, CA",790,34:01,10:57,M 60-64/8,M-60,121,34:01,47.16%
182,Jeff Baird,"United States, ",517,34:02,10:58,M 55-59/7,M-58,122,34:02,46.35%
183,Princess Snyder,"United States, ",716,34:10,11:00,F 35-39/8,F-36,61,34:10,43.92%
184,Lynn Story,"Long Beach, CA",860,34:12,11:01,F 60-64/3,F-62,62,34:12,57.58%
185,Jennifer Kellam,"La Mirada, CA",780,34:12,11:01,F 45-49/4,F-45,63,34:12,46.47%
186,Thuy Groner,"Seal Beach, CA",820,34:20,11:03,F 45-49/5,F-48,64,34:20,47.69%
187,Diane Swanson,"United States, ",108,34:22,11:04,F 45-49/6,F-49,65,34:22,48.23%
188,Rodger Reyes,"Buena Park, CA",771,34:24,11:05,M 50-54/17,M-52,123,34:24,43.58%
189,Brandon Imai,"United States, ",605,34:26,11:05,M 01-13/11,M-8,124,34:26,49.44%
190,Ryokei Imai,"United States, ",608,34:26,11:05,M 40-44/9,M-40,125,34:26,39.66%
191,Ernest Rivera,"Cerritos, CA",858,34:33,11:08,M 60-64/9,M-64,126,34:33,48.12%
192,Catherine Huang,"United States, ",600,34:42,11:10,F 25-29/9,F-26,66,34:42,42.67%
193,Lian Boc,"United States, ",523,34:43,11:11,F 25-29/10,F-26,67,34:43,42.65%
194,Maria Seville,"United States, ",705,34:56,11:15,F 35-39/9,F-39,68,34:56,43.53%
195,William Choi,"United States, ",541,34:57,11:15,M 18-24/14,M-24,127,34:57,36.93%
196,Lm Scammahorn,"United States, ",703,34:58,11:16,F 45-49/7,F-45,69,34:58,45.45%
197,Lukas Marvin,"United States, ",1303,35:14,11:21,M 01-13/12,M-9,128,35:14,46.43%
198,Gustavo Gastelum,"Brea, CA",878,35:15,11:21,M 35-39/11,M-38,129,35:15,38.17%
199,John Singer,"United States, ",715,35:17,11:22,M 70-74/4,M-70,130,35:17,50.00%
200,Merry Cariaga,"United States, ",532,35:19,11:22,F 30-34/6,F-34,70,35:19,42.21%
201,Allyson Sera-Movchan,"United States, ",704,35:22,11:23,F 45-49/8,F-45,71,35:22,44.93%
202,Jessica Andrews,"United States, ",509,35:23,11:24,F 25-29/11,F-29,72,35:23,41.85%
203,Andy Hilbert,"La Palma, CA",809,35:25,11:24,M 45-49/15,M-45,131,35:25,40.07%
204,Don Plapp,"United States, ",682,35:27,11:25,M 75-99/2,M-76,132,35:27,54.42%
205,Krista Marvin,"United States, ",1302,35:33,11:27,F 30-34/7,F-34,73,35:33,41.93%
206,Joan Hernandez,"United States, ",592,35:34,11:27,F 50-54/4,F-50,74,35:34,47.16%
207,Marissa Hernandez,"United States, ",593,35:34,11:27,F 01-13/5,F-12,75,35:34,45.80%
208,Brian Kluck,"United States, ",621,35:38,11:28,M 35-39/12,M-35,133,35:38,37.01%
209,John Grace,"United States, ",582,35:40,11:29,M 50-54/18,M-52,134,35:40,42.03%
210,Ryan Grace,"United States, ",583,35:40,11:29,M 14-17/17,M-14,135,35:40,39.78%
211,Teresa Gagnon,"United States, ",570,35:41,11:30,F 45-49/9,F-46,76,35:41,44.95%
212,James Huang,"United States, ",601,35:47,11:31,M 55-59/8,M-57,136,35:47,43.71%
213,Charlene Geppert,"United States, ",574,35:58,11:35,F 40-44/9,F-44,77,35:58,43.76%
214,Greg Parker,"United States, ",670,36:03,11:37,M 50-54/19,M-50,137,36:03,40.93%
215,Marianne Matsuguma,"United States, ",639,36:03,11:37,F 45-49/10,F-46,78,36:03,44.50%
216,Den Sun,"United States, ",726,36:07,11:38,M 45-49/16,M-47,138,36:07,39.89%
217,Joe Mendoza,"United States, ",646,36:10,11:39,M 55-59/9,M-58,139,36:10,43.61%
218,Patty Fung,"United States, ",568,36:11,11:39,F 45-49/11,F-47,79,36:11,44.79%
219,Kimberlee Astengo,"United States, ",513,36:22,11:43,F 50-54/5,F-50,80,36:22,46.13%
220,Jennifer Frembling,"United States, ",566,36:26,11:44,F 35-39/10,F-37,81,36:26,41.33%
221,Marina Grijalva,"Los Angeles, CA",785,36:41,11:49,F 30-34/8,F-34,82,36:41,40.64%
222,Diana Rivera,"Los Angeles, CA",854,36:49,11:51,F 30-34/9,F-34,83,36:49,40.49%
223,John Carrillo,"Long Beach, CA",824,36:53,11:53,M 45-49/17,M-47,140,36:53,39.06%
224,Jennifer Carrillo,"Long Beach, CA",825,36:53,11:53,F 45-49/12,F-46,84,36:53,43.49%
225,James Kim,"United States, ",618,36:57,11:54,M 70-74/5,M-74,141,36:57,50.45%
226,Beth Perez,"United States, ",676,37:03,11:56,F 40-44/10,F-40,85,37:03,41.31%
227,Matthew Yacono,"United States, ",757,37:11,11:59,M 35-39/13,M-36,142,37:11,35.70%
228,James Ramirez,"United States, ",686,37:16,12:00,M 30-34/5,M-31,143,37:16,34.81%
229,Allison Volivitch,"United States, ",741,37:21,12:01,F 18-24/11,F-20,86,37:21,39.64%
230,Brett Myers,"Fullerton, CA",796,37:23,12:02,M 01-13/13,M-6,144,37:23,50.04%
231,Bill Gagnon,"United States, ",569,37:28,12:04,M 40-44/10,M-44,145,37:28,37.56%
232,Evelyn Wieland,"United States, ",117,37:28,12:04,F 25-29/12,F-25,87,37:28,39.50%
233,Kristy Gomes,"United States, ",577,37:29,12:04,F 30-34/10,F-34,88,37:29,39.77%
234,Anthony Reyes,"United States, ",688,37:32,12:05,M 01-13/14,M-13,146,37:32,38.65%
235,Jeff Giron,"Fullerton, CA",781,37:32,12:05,M 35-39/14,M-36,147,37:32,35.36%
236,Juan Urista,"South Pasadena, CA",775,37:46,12:10,M 50-54/20,M-54,148,37:46,40.35%
237,Ani Joseph,"United States, ",613,37:51,12:11,F 50-54/6,F-50,89,37:51,44.32%
238,Allan Adams,"United States, ",503,37:59,12:14,M 55-59/10,M-57,149,37:59,41.18%
239,Violet Sapkin,"United States, ",702,38:03,12:15,F 50-54/7,F-53,90,38:03,45.79%
240,Lia Barnes,"La Palma, CA",827,38:35,12:25,F 01-13/6,F-8,91,38:35,46.97%
241,Jt Roth,"United States, ",695,38:39,12:27,M 60-64/10,M-60,150,38:39,41.50%
242,Hannah Rose,"United States, ",693,38:57,12:32,F 01-13/7,F-10,92,38:57,43.84%
243,Sarah Snyder,"United States, ",719,39:05,12:35,F 30-34/11,F-31,93,39:05,37.93%
244,Amanda Edwards,"Cumming, GA",845,39:07,12:36,F 01-13/8,F-8,94,39:07,46.33%
245,Jake Edwards,"Cumming, GA",842,39:08,12:36,M 35-39/15,M-37,151,39:08,34.13%
246,Debra Lujan,"United States, ",71,39:11,12:37,F 45-49/13,F-45,95,39:11,40.55%
247,Joe Carrillo,"Buena Park, CA",874,39:11,12:37,M 75-99/3,M-78,152,39:11,51.28%
248,Emily Parker,"United States, ",669,39:21,12:40,F 14-17/7,F-14,96,39:21,39.96%
249,Sae Ok Goo,"United States, ",581,39:37,12:46,F 60-64/4,F-61,97,39:37,48.97%
250,Julie Sun,"United States, ",727,39:43,12:47,F 40-44/11,F-44,98,39:43,39.63%
251,Len Metcalf,"United States, ",649,39:50,12:49,M 60-64/11,M-62,153,39:50,40.98%
252,Teresa Rose,"United States, ",694,39:51,12:50,F 40-44/12,F-41,99,39:51,38.62%
253,Christine Lazzaretto,"Altadena, CA",838,39:52,12:50,F 40-44/13,F-40,100,39:52,38.39%
254,Yong Kim,"Long Beach, CA",788,39:54,12:51,M 35-39/16,M-35,154,39:54,33.05%
255,Brenda Teng,"United States, ",729,40:03,12:54,F 35-39/11,F-38,101,40:03,37.80%
256,Tony Corkhill,"United States, ",547,40:18,12:59,M 50-54/21,M-51,155,40:18,36.91%
257,Kim Alexander,"United States, ",506,40:20,12:59,F 40-44/14,F-41,102,40:20,38.16%
258,Mark Cheney,"Huntington Beach, CA",782,40:22,13:00,M 50-54/22,M-54,156,40:22,37.75%
259,Wilinda Bibera,"United States, ",522,40:25,13:01,F 40-44/15,F-44,103,40:25,38.94%
260,Ronald Nagle,"United States, ",658,40:31,13:03,M 55-59/11,M-57,157,40:31,38.60%
261,Jeremy Mendoza,"Cerritos, CA",850,40:33,13:03,M 18-24/15,M-19,158,40:33,32.52%
262,Rita Guerrero,"United States, ",585,40:36,13:05,F 30-34/12,F-31,104,40:36,36.51%
263,Dave Martyn,"Cypress, CA",784,40:41,13:06,M 45-49/18,M-46,159,40:41,35.12%
264,Rebecca Martyn,"Cypress, CA",783,40:42,13:06,F 01-13/9,F-9,105,40:42,43.14%
265,Gina Phillips,"United States, ",678,40:51,13:09,F 50-54/8,F-52,106,40:51,42.08%
266,Joe Venegas,"Buena Park, CA",804,40:58,13:11,M 60-64/12,M-63,160,40:58,40.21%
267,Jennifer Vigueria,"Anaheim, CA",1341,41:06,13:14,F 30-34/13,F-34,107,41:06,36.27%
268,Jane Goo,"United States, ",579,41:08,13:15,F 25-29/13,F-26,108,41:08,36.00%
269,Jieae Goo,"United States, ",580,41:09,13:15,F 25-29/14,F-29,109,41:09,35.98%
270,Michael Bond,"Covina, CA",802,41:19,13:18,M 40-44/11,M-44,161,41:19,34.06%
271,Larry Verne,"United States, ",738,41:51,13:28,M 55-59/12,M-55,162,41:51,36.73%
272,Bong Kang,"United States, ",614,42:12,13:35,M 35-39/17,M-35,163,42:12,31.25%
273,Katie Degraffenreid,"United States, ",553,42:35,13:43,F 35-39/12,F-36,110,42:35,35.24%
274,Pam Loo,"United States, ",629,42:36,13:43,F 45-49/14,F-45,111,42:36,37.30%
275,Harold Brown,"United States, ",527,42:43,13:45,M 65-69/9,M-66,164,42:43,39.66%
276,Mikayla Hunt,"United States, ",604,42:48,13:47,F 01-13/10,F-12,112,42:48,38.06%
277,Kristi Hunt,"United States, ",603,42:57,13:50,F 40-44/16,F-43,113,42:57,36.37%
278,Claudia Junge,"United States, ",1238,43:05,13:52,F 35-39/13,F-35,114,43:05,34.71%
279,Eloisa Casares-Kanter,"United States, ",533,43:30,14:01,F 70-74/1,F-71,115,43:30,52.05%
280,Sarah Parks,"United States, ",672,43:32,14:01,F 25-29/15,F-29,116,43:32,34.01%
281,Mary Maddock,"United States, ",630,43:34,14:02,F 55-59/4,F-58,117,43:34,42.71%
282,Cathy Corkhill,"United States, ",544,43:35,14:02,F 50-54/9,F-50,118,43:35,38.49%
283,Manuel Rivas,", ",690,43:37,14:03,M 35-39/18,M-38,165,43:37,30.85%
284,Thomas Timm,"La Palma, CA",812,43:38,14:03,M 65-69/10,M-65,166,43:38,38.44%
285,Diana Harari,"United States, ",591,43:44,14:05,F 25-29/16,F-28,119,43:44,33.85%
286,Rae Snyder,"United States, ",717,43:46,14:06,F 55-59/5,F-58,120,43:46,42.51%
287,Linda Mayer,"United States, ",641,44:08,14:12,F 60-64/5,F-62,121,44:08,44.62%
288,Alexis Villegas,"United States, ",739,44:45,14:24,F 01-13/11,F-7,122,44:45,41.95%
289,Ocatavio Villegas,"United States, ",740,44:45,14:25,M 35-39/19,M-37,167,44:45,29.84%
290,William Ishii,"La Palma, CA",800,44:50,14:26,M 60-64/13,M-60,168,44:50,35.78%
291,Wan-Fen Huang,"United States, ",602,44:55,14:28,F 50-54/10,F-53,123,44:55,38.79%
292,Chris Willette,"United States, ",754,45:07,14:31,M 35-39/20,M-37,169,45:07,29.60%
293,Rishi Singh,"United States, ",714,45:21,14:36,M 35-39/21,M-35,170,45:21,29.08%
294,Leah Holmes,"United States, ",597,45:22,14:36,F 35-39/14,F-35,124,45:22,32.97%
295,Masako Chung,"Anaheim, CA",823,45:23,14:37,F 50-54/11,F-51,125,45:23,37.40%
296,Michelle Lo,"United States, ",628,45:23,14:37,F 35-39/15,F-37,126,45:23,33.17%
297,Becky Gutierrez,"United States, ",586,45:34,14:40,F 40-44/17,F-44,127,45:34,34.54%
298,Debbi Clark,"United States, ",542,45:39,14:42,F 30-34/14,F-34,128,45:39,32.65%
299,Pamela Dizon,"La Palma, CA",221,46:22,14:56,F 45-49/15,F-48,129,46:22,35.31%
300,Takeshi Komiyama,"Rncho Pls Vrd, CA",853,46:36,15:00,M 45-49/19,M-47,171,46:36,30.91%
301,Glenn Hundley,"La Palma, CA",1339,47:09,15:11,M 70-74/6,M-71,172,47:09,37.87%
302,Cristy Edwards,"Cumming, GA",843,49:20,15:53,F 35-39/16,F-35,130,49:20,30.31%
303,Lee Digregorio,"Anaheim, CA",772,49:53,16:04,F 75-99/1,F-78,131,49:53,51.37%
304,Eddison Esteban,", ",563,50:42,16:19,M 40-44/12,M-43,173,50:42,27.56%
305,Michael Bernardo,"United States, ",521,50:44,16:20,M 35-39/22,M-39,174,50:44,26.72%
306,Joann Fujihiro,"United States, ",567,50:45,16:20,F 45-49/16,F-49,132,50:45,32.65%
307,Sharon Nakamura,"United States, ",660,50:46,16:21,F 45-49/17,F-48,133,50:46,32.25%
308,Emmslyn Metivier,"Long Beach, CA",849,51:01,16:26,F 40-44/18,F-44,134,51:01,30.85%
309,Grace Edwards,"United States, ",1218,53:34,17:15,F 01-13/12,F-8,135,53:34,33.83%
310,Aiden Pearson,"Huntington Beach, CA",869,57:11,18:25,M 01-13/15,M-4,175,57:11, 0.00%
311,Gimenez Emilio,"United States, ",125,57:31,18:31,M 40-44/13,M-44,176,57:31,24.46%
312,Ann Green,"United States, ",584,57:35,18:32,F 75-99/2,F-75,136,57:35,42.13%
313,David Chavez,"Whittier, CA",157,57:56,18:39,M 45-49/20,M-45,177,57:56,24.49%
314,Annette Larson Eckel,"United States, ",626,58:05,18:42,F 45-49/18,F-47,137,58:05,27.90%
315,Sabrina Larson,"United States, ",625,58:06,18:42,F 01-13/13,F-7,138,58:06,32.31%
316,Jaynee Meyer,"United States, ",651,1:03:20,20:23,F 45-49/19,F-49,139,1:03:20,26.16%
317,Vanessa Gomez,"United States, ",1299,1:18:31,25:16,F 30-34/15,F-30,140,1:18:31,18.85%
