Place,Name,Location,Bib,Net Time,Pace,Division/Place,Sex-Age,Sex-Place,Gun Time,Age Grade
1,Manolo Rodriguez,"Whittier, CA",829,16:07,5:12,M 18-24/1,M-24,1,16:07,80.12%
2,Daniel Ozan,"Torrance, CA",722,16:42,5:23,M 25-29/1,M-28,2,16:42,77.32%
3,Brandon Taylor,"Bellflower, CA",803,17:23,5:36,M 14-17/1,M-15,3,17:23,80.13%
4,John Araujo,"Placentia, CA",787,17:52,5:45,M 50-54/1,M-51,4,17:52,83.29%
5,Nate Bershtel,"Long Beach, CA",512,17:57,5:47,M 25-29/2,M-29,5,17:57,72.03%
6,Edward Martinez,"Buena Park, CA",599,18:16,5:53,M 14-17/2,M-16,6,18:16,75.07%
7,Jeremy Kidder,"Buena Park, CA",588,18:45,6:02,M 14-17/3,M-17,7,18:45,72.06%
8,Dylan Galvan,"Whittier, CA",804,19:05,6:09,M 14-17/4,M-17,8,19:05,70.80%
9,Jose Vara,"Montebello, CA",777,19:10,6:10,M 40-44/1,M-40,9,19:10,71.28%
10,Masa Kinoshita,"Westminster, CA",593,19:11,6:11,M 18-24/2,M-22,10,19:11,67.30%
11,Vince Datoon,"Buena Park, CA",789,19:25,6:15,M 14-17/5,M-17,11,19:25,69.59%
12,Andrew Shen,"Cerritos, CA",758,19:29,6:17,M 14-17/6,M-15,12,19:29,71.49%
13,Veronika Wylie,"Fullerton, CA",704,19:30,6:17,F 45-49/1,F-46,1,19:30,82.81%
14,Terry Fensre,"Fullerton, CA",770,19:45,6:22,M 14-17/7,M-14,13,19:45,71.88%
15,Brian Tunnicliff,"Long Beach, CA",682,19:59,6:26,M 25-29/3,M-25,14,19:59,64.61%
16,Moses Baek,"Buena Park, CA",752,20:01,6:27,M 18-24/3,M-21,15,20:01,64.75%
17,Chuck Pinkston,"Cerritos, CA",633,20:04,6:28,M 45-49/1,M-48,16,20:04,72.40%
18,Dakota Timmons,"Fullerton, CA",771,20:16,6:32,F 14-17/1,F-15,2,20:16,76.54%
19,Josh Rogers,"Lakewood, CA",801,20:21,6:33,M 14-17/8,M-16,17,20:21,67.38%
20,Joseph Badali,"Whittier, CA",766,20:27,6:35,M 40-44/2,M-40,18,20:27,66.80%
21,Brett Schickling,"Brea, CA",780,20:34,6:38,M 18-24/4,M-22,19,20:34,62.77%
22,Hannah Edwards,"Whittier, CA",757,20:35,6:38,F 14-17/2,F-15,3,20:35,75.36%
23,Dave Kelly,"Irvine, CA",587,20:41,6:40,M 50-54/2,M-50,20,20:41,71.37%
24,Fabian Moreno,"Artesia, CA",810,20:43,6:40,M 14-17/9,M-17,21,20:43,65.22%
25,Mirza Gallardo,"Placentia, CA",827,20:46,6:42,F 40-44/1,F-42,4,20:46,74.94%
26,Don Quigley,"Bellflower, CA",751,20:47,6:42,M 14-17/10,M-17,22,20:47,65.01%
27,Jesse Ricke,"Fullerton, CA",831,20:48,6:42,M 45-49/2,M-48,23,20:48,69.85%
28,Phil Torres,"Santa Fe Springs, CA",826,20:48,6:42,M 50-54/3,M-53,24,20:48,72.73%
29,Kie Soohoo,"Placentia, CA",675,20:59,6:46,M 50-54/4,M-53,25,20:59,72.10%
30,Dan Garten,"Buena Park, CA",558,21:01,6:46,M 45-49/3,M-45,26,21:01,67.54%
31,Kurt Alvarado,"Bellflower, CA",802,21:24,6:54,M 14-17/11,M-17,27,21:24,63.13%
32,Bob Murray,"Yorba Linda, CA",610,21:26,6:54,M 50-54/5,M-54,28,21:26,71.13%
33,Ryan Carey,"Lakewood, CA",773,21:51,7:02,M 35-39/1,M-35,29,21:51,60.38%
34,Jim Heller,"Anaheim, CA",1249,21:53,7:03,M 60-65/1,M-61,30,21:53,74.01%
35,Joshua Arionus,"Buena Park, CA",504,22:14,7:10,M 25-29/4,M-29,31,22:14,58.14%
36,Roger Trias,"La Palma, CA",769,22:15,7:10,M 30-34/1,M-33,32,22:15,58.70%
37,Arlene Ngor,"La Palma, CA",811,22:16,7:10,F 14-17/3,F-16,5,22:16,68.76%
38,Martin Nguyen,"Anaheim, CA",854,22:22,7:12,M 18-24/5,M-21,33,22:22,57.94%
39,Ron Shranko,"Lakewood, CA",756,22:23,7:12,M 45-49/4,M-49,34,22:23,65.42%
40,Ken McMackin,"Bellflower, CA",718,22:25,7:13,M 18-24/6,M-20,35,22:25,58.18%
41,Ryan Pascual,"La Palma, CA",772,22:27,7:14,M 14-17/12,M-17,36,22:27,60.18%
42,Virginia Botello,"Whittier, CA",515,22:27,7:14,F 18-24/1,F-22,6,22:27,65.97%
43,Cristina Bracamonte,"Bell, CA",764,22:29,7:15,F 18-24/2,F-24,7,22:29,65.88%
44,Mickey Depalo,"Burbank, CA",807,22:31,7:15,M 60-65/2,M-62,37,22:31,72.52%
45,Kristian Trujillo,"Lakewood, CA",717,22:32,7:15,M 14-17/13,M-14,38,22:32,62.99%
46,James Scarborough,"Long Beach, CA",663,22:33,7:16,M 50-54/6,M-52,39,22:33,66.49%
47,Joanna Montoya,"Whittier, CA",607,22:34,7:16,F 14-17/4,F-17,8,22:34,67.04%
48,Richard Castaneda,"Norwalk, CA",711,22:51,7:22,M 25-29/5,M-25,40,22:51,56.50%
49,Derek Malloy,"Cypress, CA",821,22:55,7:23,M 50-54/7,M-50,41,22:55,64.41%
50,Jeremy Fowler,"La Mirada, CA",825,22:55,7:23,M 25-29/6,M-25,42,22:55,56.33%
51,Ceasar Gallardo,"Placentia, CA",828,23:10,7:28,M 14-17/14,M-15,43,23:10,60.12%
52,Jin Young Chang,"Anaheim, CA",744,23:16,7:30,M 35-39/2,M-36,44,23:16,57.06%
53,Joshua Hilbert,"La Palma, CA",574,23:18,7:30,M 14-17/15,M-14,45,23:18,60.92%
54,Mike Roy,"Whittier, CA",725,23:20,7:31,M 50-54/8,M-52,46,23:20,64.26%
55,Rob Ogren,"La Mirada, CA",774,23:26,7:33,M 25-29/7,M-29,47,23:26,55.16%
56,Matthew Turner,"Lakewood, CA",720,23:39,7:37,M 14-17/16,M-16,48,23:39,57.97%
57,Sam Schickling,"Brea, CA",778,23:43,7:38,M 18-24/7,M-18,49,23:43,56.26%
58,Aideen Reyes,"La Palma, CA",642,23:45,7:39,F 01-13/1,F-12,9,23:45,68.61%
59,Steven Salazar,"La Palma, CA",852,23:46,7:39,M 18-24/8,M-19,50,23:46,55.51%
60,Mark Standen,"Huntington Beach, CA",677,23:47,7:40,M 45-49/5,M-45,51,23:47,59.68%
61,Tony Arredondo,"Cerritos, CA",505,23:49,7:40,M 40-44/3,M-40,52,23:49,57.35%
62,Patrick Baird,"Whittier, CA",510,23:49,7:40,M 18-24/9,M-22,53,23:49,54.20%
63,Joe Sotelo,"Anaheim, CA",765,23:52,7:41,M 45-49/6,M-49,54,23:52,61.36%
64,Dave Schickling,"Brea, CA",779,24:02,7:45,M 50-54/9,M-51,55,24:02,61.90%
65,Nick Troutman,"Cypress, CA",681,24:06,7:46,M 14-17/17,M-17,56,24:06,56.06%
66,Brett Magnan,"Yorba Linda, CA",754,24:07,7:46,M 14-17/18,M-14,57,24:07,58.85%
67,Al Magnan,"Yorba Linda, CA",755,24:07,7:46,M 40-44/4,M-44,58,24:07,58.37%
68,Daniel Liu,"Hacienda Heights, CA",835,24:08,7:46,M 25-29/8,M-26,59,24:08,53.49%
69,Paul Burge,"Chino Hills, CA",730,24:10,7:47,M 25-29/9,M-29,60,24:10,53.49%
70,Kelly Carter,"Long Beach, CA",768,24:10,7:47,F 25-29/1,F-29,10,24:10,61.28%
71,Tara Vandenraadt,"Buena Park, CA",689,24:13,7:48,F 18-24/3,F-20,11,24:13,61.16%
72,Brendon Spencer,"La Palma, CA",676,24:14,7:48,M 01-13/1,M-13,61,24:14,59.88%
73,Nate Hiltz,"La Palma, CA",745,24:16,7:49,M 40-44/5,M-41,62,24:16,56.70%
74,Ed Nepomuceno,"La Palma, CA",621,24:22,7:51,M 30-34/2,M-32,63,24:22,53.39%
75,Greg Hass,"Huntington Beach, CA",742,24:25,7:52,M 01-13/2,M-9,64,24:25,67.01%
76,Arcelia Gamez,"Brea, CA",557,24:28,7:53,F 40-44/2,F-40,12,24:28,62.71%
77,Sinead Reyes,"La Palma, CA",643,24:34,7:55,F 01-13/2,F-8,13,24:34,73.79%
78,Fernando Chavez,"Placentia, CA",808,24:39,7:56,M 35-39/3,M-38,65,24:39,54.60%
79,Gilda Ochoa,"La Puente, CA",623,24:39,7:56,F 40-44/3,F-41,14,24:39,62.65%
80,Juan Rodriguez Daza,"Cypress, CA",647,24:42,7:57,M 35-39/4,M-36,66,24:42,53.75%
81,Drew Myers,"Fullerton, CA",786,24:45,7:58,M 01-13/3,M-8,67,24:45,68.80%
82,Steven Myers,"Fullerton, CA",785,24:45,7:58,M 40-44/6,M-40,68,24:45,55.19%
83,Eric Volivitch,"La Palma, CA",696,24:45,7:58,M 18-24/10,M-19,69,24:45,53.30%
84,Joe Romines,"La Palma, CA",653,24:50,8:00,M 40-44/7,M-43,70,24:50,56.28%
85,Timothy Duenas,"Downey, CA",759,24:50,8:00,M 45-49/7,M-48,71,24:50,58.50%
86,Laura Sohaskey,"Long Beach, CA",850,24:54,8:01,F 50-54/1,F-50,15,24:54,67.98%
87,Chris Hahn,"Anaheim, CA",816,24:55,8:02,M 14-17/19,M-17,72,24:55,54.22%
88,Wendy Bracamonte,"Bell, CA",763,25:05,8:05,F 50-54/2,F-54,16,25:05,71.01%
89,Mykel Jeffrey,"Fullerton, CA",582,25:20,8:10,M 14-17/20,M-15,73,25:20,54.97%
90,Jason Azpeitia,"West Covina, CA",506,25:22,8:10,M 30-34/3,M-34,74,25:22,51.74%
91,Nick Atkins,"Cypress, CA",767,25:31,8:13,M 25-29/10,M-28,75,25:31,50.59%
92,Virg Narbutas,"Long Beach, CA",619,25:32,8:14,M 50-54/10,M-52,76,25:32,58.72%
93,Todd Hilts,"San Diego, CA",820,25:39,8:16,M 35-39/5,M-37,77,25:39,52.08%
94,Chris Garza,"Buena Park, CA",165,25:39,8:16,M 25-29/11,M-27,78,25:39,50.33%
95,Denise Moore,"Fullerton, CA",817,25:41,8:16,F 50-54/3,F-50,17,25:41,65.91%
96,Maria Hilbert,"La Palma, CA",575,25:46,8:18,F 40-44/4,F-41,18,25:46,59.94%
97,Daniel Resendiz,"Lakewood, CA",760,25:52,8:20,M 25-29/12,M-28,79,25:52,49.90%
98,James Coney,"Anaheim, CA",783,25:57,8:21,M 35-39/6,M-37,80,25:57,51.48%
99,Mario Magdaleno,"Compton, CA",597,25:58,8:22,M 35-39/7,M-38,81,25:58,51.83%
100,Elizabeth Sharzer,"Los Alamitos, CA",669,26:04,8:24,F 50-54/4,F-50,19,26:04,64.94%
101,Helen Pappas,"Bellflower, CA",626,26:07,8:25,F 30-34/1,F-31,20,26:07,56.77%
102,Brent Blough,"Lakewood, CA",513,26:13,8:27,M 35-39/8,M-37,82,26:13,50.92%
103,John Harper,"Seal Beach, CA",812,26:20,8:29,M 76-99/1,M-76,83,26:20,73.27%
104,Catherine Campana,"La Palma, CA",524,26:21,8:29,F 14-17/5,F-16,21,26:21,58.10%
105,Greg Wade,"Long Beach, CA",698,26:27,8:31,M 40-44/8,M-43,84,26:27,52.84%
106,Scott Nakamoto,"Cypress, CA",612,26:29,8:32,M 14-17/21,M-16,85,26:29,51.76%
107,Sam Cooley,"La Mirada, CA",753,26:32,8:33,M 45-49/8,M-49,86,26:32,55.19%
108,Pat Rosas,"La Mirada, CA",840,26:39,8:35,M 55-59/1,M-58,87,26:39,59.20%
109,Jennifer McCard,"La Palma, CA",814,26:47,8:37,F 25-29/2,F-25,22,26:47,55.29%
110,Breanne Sabol,"Buena Park, CA",726,26:47,8:38,F 25-29/3,F-25,23,26:47,55.29%
111,Chris Collings,"Hacienda Heights, CA",836,26:47,8:38,M 35-39/9,M-38,88,26:47,50.25%
112,Juventino Luna,"Norwalk, CA",794,26:49,8:38,M 60-65/3,M-65,89,26:49,62.56%
113,Ryan Nakamura,"La Palma, CA",615,26:57,8:41,M 14-17/22,M-16,90,26:57,50.87%
114,Robert Haas,"Orange, CA",568,27:00,8:42,M 50-54/11,M-51,91,27:00,55.10%
115,Jeff Baird,"Whittier, CA",509,27:01,8:42,M 50-54/12,M-53,92,27:01,55.99%
116,Andrew Hazen,"La Mirada, CA",775,27:02,8:42,M 25-29/13,M-29,93,27:02,47.81%
117,Michael Ru,"Los Angeles, CA",655,27:12,8:46,M 25-29/14,M-26,94,27:12,47.46%
118,Bruce Troutman,"Cypress, CA",680,27:27,8:50,M 55-59/2,M-55,95,27:27,56.01%
119,Kevin Alcaino,"La Palma, CA",501,27:28,8:51,M 30-34/4,M-30,96,27:28,47.12%
120,Paul Pearson,"Costa Mesa, CA",629,27:36,8:53,M 40-44/9,M-42,97,27:36,50.21%
121,Caprice McDonald,"Long Beach, CA",851,27:37,8:54,F 45-49/2,F-46,24,27:37,58.45%
122,Shannon Turner,"Lakewood, CA",719,27:39,8:54,F 14-17/6,F-14,25,27:39,56.88%
123,Joshua Jilk,"Buena Park, CA",819,27:41,8:55,M 25-29/15,M-29,98,27:41,46.69%
124,Manuel Alvarez,"Cerritos, CA",849,27:42,8:55,M 18-24/11,M-23,99,27:42,46.60%
125,Danny Bovard,"Fullerton, CA",833,27:44,8:56,M 01-13/4,M-13,100,27:44,52.32%
126,Francisco Pineda,"Inglewood, CA",818,27:49,8:57,M 45-49/9,M-48,101,27:49,52.22%
127,Ed Buch,"Cypress, CA",519,28:00,9:01,M 60-65/4,M-61,102,28:00,57.83%
128,Ben Draper,"La Palma, CA",548,28:02,9:02,M 30-34/5,M-34,103,28:02,46.82%
129,Diana Yu,"Irvine, CA",707,28:04,9:02,F 30-34/2,F-32,26,28:04,52.88%
130,Larry Quan,"Buena Park, CA",637,28:06,9:03,M 60-65/5,M-60,104,28:06,57.09%
131,Jerry Summerville,"South El Monte, CA",678,28:10,9:04,M 55-59/3,M-57,105,28:10,55.54%
132,Gerald Kim,"Cerritos, CA",739,28:11,9:05,M 25-29/16,M-27,106,28:11,45.80%
133,Katerina Cervantes,"Fullerton, CA",530,28:12,9:05,F 35-39/1,F-36,27,28:12,53.28%
134,Steve Belyea,"Cypress, CA",762,28:16,9:06,M 50-54/13,M-50,107,28:16,52.21%
135,Naomi Trias,"La Palma, CA",732,28:20,9:07,F 25-29/4,F-29,28,28:20,52.27%
136,Erin Czuba,"Whittier, CA",541,28:29,9:10,M 18-24/12,M-22,108,28:29,45.32%
137,Karin Cawthka,"Brea, CA",842,28:30,9:11,F 25-29/5,F-28,29,28:30,51.96%
138,Anna Hamilton,"Garden Grove, CA",729,28:31,9:11,F 45-49/3,F-48,30,28:31,57.95%
139,Christian Alvarez,"Norwalk, CA",502,28:34,9:12,M 25-29/17,M-25,109,28:34,45.18%
140,Renee Jeffrey,"Fullerton, CA",583,28:34,9:12,F 40-44/5,F-43,31,28:34,54.93%
141,Adam Hughes,"North Las Vegas, NV",578,28:39,9:14,M 25-29/18,M-25,110,28:39,45.05%
142,Barbie Soatz,"Lakewood, CA",855,28:44,9:15,F 60-65/1,F-61,32,28:44,68.25%
143,Rachelle Cabading,"Long Beach, CA",522,28:47,9:16,F 25-29/6,F-29,33,28:47,51.45%
144,Rosalie Pitts,"Long Beach, CA",635,28:48,9:17,F 60-65/2,F-63,34,28:48,70.12%
145,Jan Tunnifliff,"Long Beach, CA",683,28:55,9:19,M 55-59/4,M-59,111,28:55,55.02%
146,Rick Apodaca,"Fullerton, CA",723,28:58,9:20,M 50-54/14,M-50,112,28:58,50.95%
147,Sharaud Moore,"Long Beach, CA",799,28:59,9:20,M 30-34/6,M-31,113,28:59,44.76%
148,Stephen Metz,"Long Beach, CA",800,29:00,9:20,M 35-39/10,M-38,114,29:00,46.41%
149,Ron Snyder,"Cerritos, CA",674,29:17,9:26,M 55-59/5,M-56,115,29:17,52.96%
150,Gary Schiller,"Gardena, CA",784,29:24,9:28,M 55-59/6,M-56,116,29:24,52.75%
151,Randall Mayer,"Brea, CA",601,29:25,9:29,M 60-65/6,M-60,117,29:25,54.54%
152,Lee Pitts,"Long Beach, CA",634,29:29,9:30,M 66-69/1,M-66,118,29:29,57.43%
153,I Harper,"La Palma, CA",750,29:31,9:30,M 40-44/10,M-42,119,29:31,46.95%
154,Jim Smuts,"Riverside, CA",776,29:36,9:32,M 55-59/7,M-55,120,29:36,51.94%
155,Omid Shamim,"Las Vegas, NV",668,29:49,9:36,M 25-29/19,M-25,121,29:49,43.29%
156,Hiroshi Morita,"Cerritos, CA",608,29:57,9:39,M 60-65/7,M-65,122,29:57,56.01%
157,Rishi Singh,"La Palma, CA",671,29:57,9:39,M 30-34/7,M-33,123,29:57,43.60%
158,Michael Thomas,"La Palma, CA",679,29:59,9:39,M 18-24/13,M-21,124,29:59,43.21%
159,Jennifer Kidwell,"La Habra, CA",793,30:00,9:40,F 30-34/3,F-33,35,30:00,49.58%
160,Victoria Campana,"La Palma, CA",525,30:02,9:40,F 18-24/4,F-20,36,30:02,49.31%
161,Eunice Lee,"Bellflower, CA",716,30:03,9:41,F 14-17/7,F-14,37,30:03,52.33%
162,Sal Rodriguez,"Long Beach, CA",646,30:03,9:41,M 40-44/11,M-41,125,30:03,45.78%
163,Allison Volivitch,"La Palma, CA",695,30:05,9:41,F 18-24/5,F-18,38,30:05,49.78%
164,Henry Lee,"La Palma, CA",595,30:06,9:42,M 45-49/10,M-46,126,30:06,47.48%
165,Roger Janke,"Long Beach, CA",580,30:07,9:42,M 60-65/8,M-65,127,30:07,55.70%
166,Pamela Borrelli,"Valencia, CA",514,30:10,9:43,F 55-59/1,F-58,39,30:10,62.35%
167,Jake Edwards,"Cumming, GA",554,30:13,9:44,M 01-13/5,M-12,128,30:13,49.23%
168,Jeff Hansen,"La Palma, CA",737,30:20,9:46,M 45-49/11,M-48,129,30:20,47.88%
169,Taylor Harper,"La Palma, CA",749,30:25,9:48,F 01-13/3,F-12,40,30:25,53.56%
170,Terry Simmons,"La Palma, CA",782,30:31,9:50,M 45-49/12,M-46,130,30:31,46.83%
171,Cynthia Baber,"Goodyear, AZ",507,30:33,9:50,F 35-39/2,F-38,41,30:33,49.62%
172,Donna Reeson,"Placentia, CA",639,30:34,9:51,F 60-65/3,F-63,42,30:34,66.07%
173,Rick Schulz,"Placentia, CA",667,30:35,9:51,M 60-65/9,M-61,131,30:35,52.94%
174,Elisa Kingsbury,"La Palma, CA",592,30:45,9:54,F 45-49/4,F-46,43,30:45,52.49%
175,Robert Fode,"Los Alamitos, CA",555,30:47,9:55,M 60-65/10,M-64,132,30:47,54.01%
176,George Higa,"Cerritos, CA",571,30:49,9:55,M 66-69/2,M-68,133,30:49,56.01%
177,Annette Rolon,"La Palma, CA",648,30:50,9:56,F 45-49/5,F-48,44,30:50,53.60%
178,Adriann Altizer,"Walnut, CA",738,31:05,10:01,F 25-29/7,F-27,45,31:05,47.64%
179,Tania Antolin,"Anaheim, CA",788,31:06,10:01,F 35-39/3,F-39,46,31:06,49.01%
180,Danielle Connor,"Fullerton, CA",37,31:07,10:01,F 40-44/6,F-40,47,31:07,49.30%
181,Maya Kahtak,"Cypress, CA",902,31:10,10:02,F 14-17/8,F-16,48,31:10,49.12%
182,Kelsey Toyoda,"Cypress, CA",792,31:11,10:03,F 14-17/9,F-16,49,31:11,49.09%
183,Connor Cunningham,"Centennial, CO",747,31:20,10:05,M 01-13/6,M-11,134,31:20,48.86%
184,Vanessa Pineda,"Cerritos, CA",632,31:23,10:06,F 18-24/6,F-24,50,31:23,47.18%
185,Laurie Hansen,"La Palma, CA",736,31:29,10:08,F 40-44/7,F-44,51,31:29,50.26%
186,Ryne Cunningham,"Centennial, CO",748,31:33,10:10,M 01-13/7,M-9,135,31:33,51.85%
187,David Trevino,"Dove Canyon, CA",797,31:42,10:12,M 40-44/12,M-41,136,31:42,43.40%
188,Jana Wyllie,"Costa Mesa, CA",705,31:45,10:14,F 35-39/4,F-39,52,31:45,48.00%
189,James Condon,"Fullerton, CA",536,31:52,10:16,M 18-24/14,M-22,137,31:52,40.50%
190,Ralph Rodriguez,"La Palma, CA",712,31:56,10:17,M 45-49/13,M-49,138,31:56,45.85%
191,Garrett Wada,"La Palma, CA",728,31:59,10:18,M 45-49/14,M-45,139,31:59,44.37%
192,Tami Payne,"La Palma, CA",628,32:00,10:18,F 35-39/5,F-35,53,32:00,46.74%
193,Mike Payne,"La Palma, CA",627,32:01,10:18,M 35-39/11,M-37,140,32:01,41.72%
194,Daniel Cabading,"Buena Park, CA",521,32:01,10:19,M 25-29/20,M-28,141,32:01,40.31%
195,Bob Bovard,"Fullerton, CA",832,32:04,10:20,M 40-44/13,M-43,142,32:04,43.58%
196,Susan Caldwell,"Fullerton, CA",523,32:07,10:21,F 50-54/5,F-52,54,32:07,54.05%
197,Jeanne Yu,"Irvine, CA",708,32:09,10:21,F 30-34/4,F-33,55,32:09,46.27%
198,Heidi Trevino,"Dove Canyon, CA",901,32:09,10:21,F 35-39/6,F-39,56,32:09,47.41%
199,Jessica Atwood,"La Palma, CA",1204,32:10,10:22,F 14-17/10,F-15,57,32:10,48.21%
200,Charlotte Higa,"Cerritos, CA",570,32:12,10:22,F 66-69/1,F-67,58,32:12,66.70%
201,Dennis Boersma,"Bellflower, CA",721,32:13,10:23,M 50-54/15,M-52,143,32:13,46.53%
202,Pam Shranko,"Lakewood, CA",809,32:14,10:23,F 50-54/6,F-54,59,32:14,55.25%
203,Gessie Earley,"Yorba Linda, CA",551,32:15,10:23,F 40-44/8,F-42,60,32:15,48.24%
204,Kazue Numazawa,"Gardena, CA",622,32:20,10:25,F 40-44/9,F-44,61,32:20,48.94%
205,Sarom Kim,"La Palma, CA",591,32:23,10:26,F 25-29/8,F-26,62,32:23,45.73%
206,Wil Deleon,"Buena Park, CA",546,32:26,10:27,M 35-39/12,M-36,144,32:26,40.93%
207,Carlos Vargas,"Buena Park, CA",690,32:31,10:28,M 50-54/16,M-52,145,32:31,46.10%
208,Sharon Cawthra,"Fullerton, CA",529,32:32,10:29,F 55-59/2,F-56,63,32:32,56.23%
209,Jennifer Bernardo,"Cerritos, CA",813,32:37,10:30,M 35-39/13,M-37,146,32:37,40.95%
210,Melissa Kellow,"Orange, CA",586,32:37,10:30,F 35-39/7,F-35,64,32:37,45.86%
211,Mori Gutierrez,"El Monte, CA",791,32:39,10:31,M 66-69/3,M-67,147,32:39,52.35%
212,James Harris,"La Mirada, CA",569,32:41,10:32,M 70-75/1,M-71,148,32:41,54.64%
213,Craig Earley,"Yorba Linda, CA",550,32:55,10:36,M 45-49/15,M-45,149,32:55,43.11%
214,Donna Wong,"Rancho Palos Verdes, CA",703,32:58,10:37,F 40-44/10,F-43,65,32:58,47.60%
215,Veronica Chavez Hernandez,"Norwalk, CA",533,33:00,10:38,F 18-24/7,F-24,66,33:00,44.87%
216,Kathy Peters,"La Palma, CA",631,33:02,10:38,F 45-49/6,F-49,67,33:02,50.63%
217,David Nakamura,"La Palma, CA",613,33:06,10:40,M 50-54/17,M-50,150,33:06,44.58%
218,Lauren Nakamura,"La Palma, CA",614,33:07,10:40,F 18-24/8,F-19,68,33:07,44.86%
219,Don Plapp,"La Palma, CA",636,33:16,10:43,M 70-75/2,M-74,151,33:16,56.04%
220,Andy Hilbert,"La Palma, CA",822,33:28,10:47,M 40-44/14,M-43,152,33:28,41.75%
221,Walter Reeves,"Anaheim, CA",731,33:31,10:47,M 60-65/11,M-65,153,33:31,50.05%
222,Stephanie Nakayama,"Gardena, CA",618,33:32,10:48,F 45-49/7,F-46,69,33:32,48.14%
223,Lillian Chalon,"Downey, CA",761,33:33,10:48,F 60-65/4,F-60,70,33:33,57.65%
224,Ron Sierra,"La Mirada, CA",824,33:39,10:50,M 50-54/18,M-52,154,33:39,44.55%
225,Robert Robinson,"Las Vegas, NV",645,33:40,10:51,M 25-29/21,M-25,155,33:40,38.34%
226,Violeta Sapkin,"Fullerton, CA",661,33:51,10:54,F 50-54/7,F-50,71,33:51,50.00%
227,Evelyn Wieland,"Cypress, CA",700,33:52,10:54,F 18-24/9,F-23,72,33:52,43.72%
228,Josh Sapkin,"Fullerton, CA",838,33:52,10:54,M 35-39/14,M-38,156,33:52,39.73%
229,Angelico Francia,"Anaheim, CA",556,33:55,10:55,M 35-39/15,M-39,157,33:55,39.97%
230,Jt Roth,"Long Beach, CA",654,33:59,10:57,M 55-59/8,M-58,158,33:59,46.42%
231,Chirs Glidenwell,"Brea, CA",846,34:00,10:57,M 30-34/8,M-34,159,34:00,38.60%
232,Kelley Glidewell,"Brea, CA",845,34:00,10:57,F 30-34/5,F-31,73,34:00,43.60%
233,Gina McGurer,"Anaheim, CA",746,34:11,11:00,F 35-39/8,F-38,74,34:11,44.34%
234,Nancy Ru,"Cerritos, CA",656,34:32,11:07,F 25-29/9,F-29,75,34:32,42.88%
235,Joseph Volivitch,"La Palma, CA",697,34:33,11:08,M 45-49/16,M-49,160,34:33,42.37%
236,Paul Goden,"Brea, CA",564,34:42,11:10,M 50-54/19,M-53,161,34:42,43.58%
237,Chris Burris,"Seal Beach, CA",520,34:43,11:11,M 35-39/16,M-38,162,34:43,38.76%
238,Carmen Valdez,"Hacienda Heights, CA",853,34:48,11:12,F 50-54/8,F-52,76,34:48,49.88%
239,James Kim,"La Palma, CA",589,34:49,11:13,M 70-75/3,M-72,163,34:49,51.96%
240,Sarah Collings,"Hacienda Heights, CA",834,34:52,11:14,F 35-39/9,F-35,77,34:52,42.90%
241,Matthew Jeffrey,"Fullerton, CA",581,34:55,11:15,M 01-13/8,M-13,164,34:55,41.55%
242,Angie Hidalgo,"Whittier, CA",843,34:58,11:16,F 50-54/9,F-51,78,34:58,49.02%
243,Pat Sierra,"La Mirada, CA",823,35:00,11:16,F 50-54/10,F-50,79,35:00,48.36%
244,Lance Rust,"Garden Grove, CA",714,35:01,11:17,M 01-13/9,M-13,165,35:01,41.43%
245,John Carrillo,"Long Beach, CA",837,35:03,11:17,M 45-49/17,M-45,166,35:03,40.49%
246,Elizabeth Bailey,"Yorba Linda, CA",508,35:06,11:18,F 25-29/10,F-29,80,35:06,42.19%
247,Heather Dickens,"La Habra, CA",727,35:07,11:19,F 30-34/6,F-30,81,35:07,42.17%
248,Jerry Perkins,"Whittier, CA",630,35:18,11:22,M 70-75/4,M-73,167,35:18,52.01%
249,Lawrence Romero,"La Palma, CA",649,35:32,11:27,M 40-44/15,M-43,168,35:32,39.32%
250,Megan Gwilliam,"Buena Park, CA",567,35:45,11:31,F 30-34/7,F-33,82,35:45,41.60%
251,Juana Alvarez,"Cerritos, CA",848,35:46,11:31,F 50-54/11,F-51,83,35:46,47.93%
252,Dorothy Romines,"La Palma, CA",652,35:49,11:32,F 40-44/11,F-43,84,35:49,43.81%
253,Priscilla Conner,"Aliso Viejo, CA",538,36:02,11:36,F 30-34/8,F-34,85,36:02,41.37%
254,Ron Glassman,"Cerritos, CA",563,36:09,11:38,M 66-69/4,M-67,169,36:09,47.28%
255,Jennifer Morris,"Cerritos, CA",609,36:09,11:39,F 30-34/9,F-34,86,36:09,41.24%
256,Brian Zuniga,"La Palma, CA",710,36:22,11:43,M 25-29/22,M-26,170,36:22,35.49%
257,Angela Zuniga,"La Palma, CA",709,36:23,11:43,F 25-29/11,F-28,87,36:23,40.70%
258,Ron Nagle,"Long Beach, CA",611,36:24,11:43,M 55-59/9,M-55,171,36:24,42.24%
259,Matt Wada,"La Palma, CA",839,36:28,11:45,M 01-13/10,M-13,172,36:28,39.78%
260,Lara Scheffel,"Whittier, CA",665,36:44,11:50,F 40-44/12,F-41,88,36:44,42.03%
261,Michael Conner,"Aliso Viejo, CA",537,36:45,11:50,M 40-44/16,M-43,173,36:45,38.02%
262,Eloisa Casares Kanter,"La Habra, CA",528,37:02,11:56,F 66-69/2,F-69,89,37:02,59.88%
263,James Render,"Westminster, CA",713,37:03,11:56,M 76-99/2,M-77,174,37:03,53.11%
264,John Singer,"Lakewood, CA",670,37:07,11:57,M 66-69/5,M-68,175,37:07,46.50%
265,Candi Vetter,"Yorba Linda, CA",694,37:09,11:58,F 50-54/12,F-52,90,37:09,46.72%
266,Thuy Groner,"Seal Beach, CA",735,37:25,12:03,M 45-49/18,M-46,176,37:25,38.19%
267,Joe Carrillo,"Buena Park, CA",527,37:26,12:03,M 76-99/3,M-76,177,37:26,51.54%
268,Len Metcalf,"Diamond Bar, CA",603,37:31,12:05,M 60-65/12,M-60,178,37:31,42.76%
269,Bea Mamrot,"La Palma, CA",84,37:44,12:09,F 35-39/10,F-36,91,37:44,39.81%
270,Mason Harding,"Brea, CA",806,37:51,12:11,M 01-13/11,M-8,179,37:51,44.98%
271,Tricia Harding,"Brea, CA",805,37:52,12:12,F 35-39/11,F-39,92,37:52,40.25%
272,Heather McDaniel,"Chino Hills, CA",1271,37:56,12:13,F 25-29/12,F-27,93,37:56,39.03%
273,Josephine Gray,"Compton, CA",566,38:03,12:15,F 45-49/8,F-49,94,38:03,43.95%
274,Yolanda Gellis,"Brea, CA",559,38:05,12:16,F 35-39/12,F-37,95,38:05,39.62%
275,Erin Wilkinson,"Brea, CA",702,38:05,12:16,F 35-39/13,F-35,96,38:05,39.27%
276,Debra Condon,"Fullerton, CA",535,38:14,12:19,F 50-54/13,F-52,97,38:14,45.40%
277,Lisa Rees,"Anaheim, CA",638,38:15,12:19,F 40-44/13,F-41,98,38:15,40.37%
278,Harold Brown,"Norwalk, CA",517,38:20,12:21,M 60-65/13,M-64,180,38:20,43.37%
279,Jeff Hass,"Huntington Beach, CA",743,38:36,12:26,M 01-13/12,M-7,181,38:36,46.13%
280,Mark Smuts,"La Palma, CA",740,38:41,12:27,M 25-29/23,M-28,182,38:41,33.36%
281,Linda Mayer,"Brea, CA",600,38:43,12:28,F 60-65/5,F-60,99,38:43,49.96%
282,Christine Lazzaret,"Altadena, CA",798,38:48,12:30,F 35-39/14,F-38,100,38:48,39.06%
283,Charles Carey,"Anaheim, CA",526,39:04,12:35,M 70-75/5,M-71,183,39:04,45.71%
284,Marileah Rigor,"Cerritos, CA",644,39:04,12:35,F 40-44/14,F-40,101,39:04,39.27%
285,Cristina Del Campo- Piamonte,"Lakewood, CA",545,39:05,12:35,F 35-39/15,F-38,102,39:05,38.78%
286,Brad Wilkinson,"Brea, CA",701,39:13,12:38,M 35-39/17,M-37,184,39:13,34.06%
287,Marian Thompson,"La Palma, CA",795,39:37,12:45,F 35-39/16,F-38,103,39:37,38.26%
288,Nancy Kim,"Fullerton, CA",590,40:11,12:56,F 45-49/9,F-49,104,40:11,41.62%
289,Dawn Xitco,"La Mirada, CA",706,41:01,13:12,F 40-44/15,F-42,105,41:01,37.93%
290,Jordan Gutierrez,"Buena Park, CA",830,41:02,13:13,M 14-17/23,M-17,185,41:02,32.91%
291,Reanne Romero,"La Palma, CA",650,41:02,13:13,F 14-17/11,F-17,106,41:02,36.85%
292,Ellie Clodfelter,"Chino Hills, CA",844,41:06,13:14,F 50-54/14,F-54,107,41:06,43.33%
293,Ani Joseph,"Cerritos, CA",585,41:17,13:17,F 45-49/10,F-48,108,41:17,40.02%
294,Warren Renfrow,"Anaheim, CA",715,41:54,13:30,M 40-44/17,M-43,186,41:54,33.35%
295,W Clifford Ishii,"La Palma, CA",579,42:06,13:34,M 55-59/10,M-58,187,42:06,37.47%
296,James Lacombe,"La Palma, CA",841,42:32,13:42,M 70-75/6,M-73,188,42:32,43.16%
297,Miguel Vargas,"Buena Park, CA",691,42:38,13:44,M 50-54/20,M-53,189,42:38,35.47%
298,Art Lares,"Cerritos, CA",594,42:42,13:45,M 18-24/15,M-21,190,42:42,30.34%
299,Rachel Snyder,"Cerritos, CA",673,42:43,13:45,F 18-24/10,F-20,109,42:43,34.66%
300,Lia Barnes,"La Palma, CA",790,43:07,13:53,F 01-13/4,F-6,110,43:07,45.32%
301,Torey Eden Hilbert,"La Palma, CA",577,43:12,13:55,F 01-13/5,F-12,111,43:12,37.71%
302,Michael Cho,"Cerritos, CA",534,43:14,13:55,M 01-13/13,M-8,191,43:14,39.38%
303,Bradley Hilbert,"La Palma, CA",572,43:30,14:00,M 01-13/14,M-8,192,43:30,39.13%
304,Raymond Gomez,"Compton, CA",565,44:30,14:20,M 70-75/7,M-72,193,44:30,40.65%
305,Thomas Timm Sr,"La Palma, CA",815,44:41,14:23,M 60-65/14,M-63,194,44:41,36.87%
306,Logan Dyckes,"La Palma, CA",549,45:20,14:36,M 01-13/15,M-10,195,45:20,34.83%
307,Christy Jones,"Torrance, CA",584,45:40,14:42,F 30-34/10,F-33,112,45:40,32.57%
308,Kimberly Degen,"Aliso Viejo, CA",544,45:45,14:44,F 30-34/11,F-33,113,45:45,32.51%
309,Brittney Mohrman,"Buena Park, CA",847,46:16,14:54,F 14-17/12,F-17,114,46:16,32.68%
310,Brandon Earley,"Buena Park, CA",796,46:17,14:54,M 14-17/24,M-17,196,46:17,29.18%
311,Grace Atwood,"La Palma, CA",1202,46:18,14:54,F 40-44/16,F-41,115,46:18,33.35%
312,Susana Earley,"Buena Park, CA",552,46:35,15:00,F 50-54/15,F-52,116,46:35,37.26%
313,Shirley Donoho,"Cerritos, CA",547,47:08,15:11,F 76-99/1,F-79,117,47:08,56.24%
314,Light Sayles,"Long Beach, CA",662,47:09,15:11,F 30-34/12,F-30,118,47:09,31.40%
315,Megan Hilbert,"La Palma, CA",576,47:20,15:15,F 01-13/6,F-6,119,47:20,41.28%
316,Derek Oshiro,"Montebello, CA",624,47:46,15:23,M 01-13/16,M-13,197,47:46,30.37%
317,Julie Sigenfuse,"Fullerton, CA",221,47:49,15:24,F 35-39/17,F-37,120,47:49,31.56%
318,Marci Fuscardo,"Fullerton, CA",54,47:49,15:24,F 30-34/13,F-34,121,47:49,31.17%
319,Ty Oshiro,"Montebello, CA",625,47:50,15:24,M 50-54/21,M-50,198,47:50,30.85%
320,Amanda Edwards,"Cumming, GA",553,47:50,15:24,F 01-13/7,F-6,122,47:50,40.85%
321,Michelle Miyahira,"La Palma, CA",606,48:18,15:33,F 14-17/13,F-15,123,48:18,32.10%
322,Calvin Miyahira,"La Palma, CA",605,48:18,15:33,M 45-49/19,M-47,199,48:18,29.82%
323,Nensie Michel,"La Palma, CA",1273,48:46,15:42,F 30-34/14,F-32,124,48:46,30.43%
324,Liliana Saenz,"Bellflower, CA",657,48:52,15:44,F 35-39/18,F-39,125,48:52,31.18%
325,Cal Ursery,"Cerritos, CA",686,49:10,15:50,M 60-65/15,M-64,200,49:10,33.81%
326,Juliana Giacchetti,"Baldwin Park, CA",561,49:52,16:03,F 14-17/14,F-16,126,49:52,30.69%
327,Sandra Giacchetti,"Baldwin Park, CA",562,49:53,16:04,F 40-44/17,F-44,127,49:53,31.72%
328,Patricia Lewis,"Fullerton, CA",596,50:04,16:07,F 60-65/6,F-64,128,50:04,40.96%
329,Cristina Salang,"San Diego, CA",658,50:44,16:20,F 25-29/13,F-27,129,50:44,29.18%
330,Matthew Nakayama,"Gardena, CA",616,51:40,16:38,M 01-13/17,M-12,201,51:40,28.78%
331,Avery Pick,"Keller, TX",781,51:50,16:41,F 01-13/8,F-5,130,51:50,39.40%
332,Kate Hass,"Huntington Beach, CA",741,51:50,16:41,F 01-13/9,F-5,131,51:50,39.40%
333,Gary Smuts,"La Palma, CA",672,51:51,16:42,M 55-59/11,M-59,202,51:51,30.68%
334,Richard Nakayama,"Gardena, CA",617,53:08,17:07,M 55-59/12,M-58,203,53:08,29.68%
335,Andy Brown,"Buena Park, CA",516,54:26,17:32,M 25-29/24,M-25,204,54:26,23.71%
336,Joshua Schuld,"Buena Park, CA",666,54:27,17:32,M 01-13/18,M-6,205,54:27,34.35%
337,Corey Schuld,"Buena Park, CA",539,54:27,17:32,M 35-39/18,M-35,206,54:27,24.22%
338,Tim Verne,"Buena Park, CA",693,54:46,17:38,M 30-34/9,M-32,207,54:46,23.74%
339,Jeffrey Verne,"Buena Park, CA",692,54:46,17:38,M 01-13/19,M-6,208,54:46,34.16%
340,Charlotte Rippel,"La Palma, CA",1288,57:56,18:39,F 45-49/11,F-47,132,57:56,28.17%
341,Allyn Suzuki,"La Palma, CA",734,1:00:00,19:19,F 01-13/10,F-8,133,1:00:00,30.20%
342,Kori Suzuki,"La Palma, CA",733,1:00:02,19:20,M 01-13/20,M-10,209,1:00:02,26.30%
343,Regina Romero,"La Palma, CA",651,1:01:08,19:41,F 45-49/12,F-46,134,1:01:08,26.40%
