Place,Name,Location,Bib,Net Time,Pace,Division/Place,Sex-Age,Sex-Place,Gun Time,Age Grade
1,Luis Ibarra,"Montebello, CA",845,15:41,5:03,M 25-29/1,M-29,1,15:41,82.45%
2,Brandon Taylor,"Bellflower, CA",848,16:27,5:18,M 14-17/1,M-16,2,16:27,83.28%
3,Manny Rodriguez,"Whittier, CA",663,16:30,5:19,M 25-29/2,M-25,3,16:30,78.26%
4,Gabriel Hilbert,"La Palma, CA",1195,16:42,5:23,M 18-24/1,M-18,4,16:42,79.92%
5,Hector Martinez,"Long Beach, CA",815,16:56,5:28,M 30-34/1,M-32,5,16:56,76.77%
6,Mark Vishnevsky,"Lakewood, CA",806,17:18,5:35,M 25-29/3,M-29,6,17:18,74.73%
7,Branden Estrada,"La Mirada, CA",794,17:27,5:37,M 01-13/1,M-13,7,17:27,83.17%
8,Terry Fenske,"Buena Park, CA",732,17:43,5:42,M 14-17/2,M-15,8,17:43,78.63%
9,Carlos Barrios,"La Mirada, CA",721,17:47,5:44,M 01-13/2,M-13,9,17:47,81.61%
10,Dale Matsuda,"Altadena, CA",623,17:51,5:45,M 45-49/1,M-48,10,17:51,81.40%
11,Masa Kinoshita,"Westminster, CA",598,18:02,5:49,M 18-24/2,M-23,11,18:02,71.60%
12,Eric Walters,"Huntington Beach, CA",793,18:03,5:49,M 25-29/4,M-28,12,18:03,71.53%
13,Brian Conboy,"Lakewood, CA",820,18:21,5:55,M 40-44/1,M-41,13,18:21,75.00%
14,Caleb Vanderbaan,"Lakewood, CA",792,18:36,6:00,M 14-17/3,M-16,14,18:36,73.72%
15,William Kopelman,"Los Angeles, CA",800,18:43,6:02,M 40-44/2,M-40,15,18:43,72.99%
16,Nate Bershtel,"Long Beach, CA",722,18:47,6:03,M 30-34/2,M-30,16,18:47,68.92%
17,Edward Martinez,"Buena Park, CA",622,18:55,6:06,M 14-17/4,M-17,17,18:55,71.43%
18,Nabor Gomez,"Lakewood, CA",807,19:02,6:08,M 55-59/1,M-57,18,19:02,82.21%
19,Daniel Sanchez,"Anaheim, CA",674,19:08,6:10,M 14-17/5,M-16,19,19:08,71.67%
20,Mat Astengo,"Buena Park, CA",504,19:19,6:13,M 18-24/3,M-21,20,19:19,67.10%
21,Beth Hibbard,"Seal Beach, CA",784,19:22,6:14,F 35-39/1,F-37,1,19:22,77.95%
22,Timothy Urista,"S Pasadena, CA",780,19:32,6:18,M 25-29/5,M-25,21,19:32,66.10%
23,David Rodriguez Jr,"Beaumont, CA",666,19:40,6:20,M 35-39/1,M-36,22,19:40,67.51%
24,Christopher Rosario,"Cerritos, CA",670,19:46,6:22,M 35-39/2,M-38,23,19:46,68.10%
25,Allan Fletcher,"Anaheim, CA",733,19:47,6:22,M 55-59/2,M-57,24,19:47,79.09%
26,Joshua Hilbert,"La Palma, CA",575,20:03,6:28,M 14-17/6,M-15,25,20:03,69.47%
27,Brandon Willett,"Lakewood, CA",762,20:26,6:35,M 14-17/7,M-16,26,20:26,67.10%
28,Michelle Wethern,"La Palma, CA",714,20:29,6:36,F 18-24/1,F-19,2,20:29,72.56%
29,Gina Johnson,"Sherman Oaks, CA",587,20:31,6:36,F 35-39/2,F-36,3,20:31,73.25%
30,Dave Kelly,"Irvine, CA",593,20:39,6:39,M 50-54/1,M-51,27,20:39,72.05%
31,Jesse Ricke,"Fullerton, CA",776,20:42,6:40,M 45-49/2,M-49,28,20:42,70.75%
32,Chuck Fieland,"Palmdale, CA",787,21:06,6:48,M 50-54/2,M-51,29,21:06,70.51%
33,Kathy Hoskins,"Long Beach, CA",737,21:07,6:48,F 45-49/1,F-49,4,21:07,79.23%
34,Gage Monroe,"Lakewood, CA",797,21:34,6:57,M 14-17/8,M-15,30,21:34,64.58%
35,Bob Murray,"Yorba Linda, CA",636,21:37,6:58,M 55-59/3,M-55,31,21:37,71.14%
36,Jim Heller,"Anaheim, CA",775,21:49,7:02,M 60-65/1,M-62,32,21:49,74.85%
37,Samuel Tang,"Cerritos, CA",696,21:51,7:02,M 01-13/3,M-11,33,21:51,70.08%
38,Jeremy Berryman,"Long Beach, CA",811,21:53,7:03,M 40-44/3,M-40,34,21:53,62.42%
39,Ron Maurstad,"Cypress, CA",1193,21:56,7:04,M 60-65/2,M-61,35,21:56,73.84%
40,Art Graciano,"Sylmar, CA",562,21:58,7:04,M 50-54/3,M-53,36,21:58,68.87%
41,Brad Clayton,"Mesa, AZ",727,21:59,7:05,M 30-34/3,M-33,37,21:59,59.41%
42,Brooke Montgomery,"Cypress, CA",632,22:02,7:06,F 14-17/1,F-14,5,22:02,71.39%
43,John Serrano,"Buena Park, CA",796,22:04,7:07,M 01-13/4,M-11,38,22:04,69.39%
44,Denis Plambeck,"La Palma, CA",821,22:09,7:08,M 40-44/4,M-43,39,22:09,63.10%
45,Glen Call,"La Palma, CA",778,22:18,7:11,M 40-44/5,M-40,40,22:18,61.26%
46,Donavan Morgan,"Norwalk, CA",769,22:22,7:12,M 14-17/9,M-16,41,22:22,61.30%
47,Jeffrey Barton,"Buena Park, CA",508,22:33,7:16,M 50-54/4,M-52,42,22:33,66.49%
48,Drew Myers,"Fullerton, CA",822,22:39,7:18,M 01-13/5,M-9,43,22:39,72.24%
49,Steven Myers,"Fullerton, CA",823,22:39,7:18,M 40-44/6,M-41,44,22:39,60.75%
50,Randy Emenaker,"Santa Ana, CA",1191,22:56,7:23,M 55-59/4,M-59,45,22:56,69.38%
51,Ariana McKenzie,"Bellflower, CA",1200,22:58,7:24,F 14-17/2,F-15,6,22:58,67.54%
52,Jasmine Gomez,"Paramount, CA",833,23:04,7:26,F 14-17/3,F-15,7,23:04,67.25%
53,Greg Hass,"Huntington Beach, CA",570,23:09,7:27,M 01-13/6,M-10,46,23:09,68.23%
54,Taylor Morico,"La Habra, CA",634,23:11,7:28,F 14-17/4,F-15,8,23:11,66.91%
55,Nathan Pitts,"Phelan, CA",658,23:21,7:31,M 25-29/6,M-29,47,23:21,55.36%
56,Robert Baird,"Whittier, CA",507,23:21,7:31,M 25-29/7,M-28,48,23:21,55.29%
57,Pleres Choi,"Fullerton, CA",531,23:26,7:33,F 14-17/5,F-15,9,23:26,66.19%
58,Chris Hion,"Long Beach, CA",576,23:31,7:34,M 30-34/4,M-34,49,23:31,55.82%
59,Shogo Komiyama,"Palos Verdes Peninsula, CA",817,23:31,7:35,M 14-17/10,M-15,50,23:31,59.22%
60,Deborah Lurie,"Irvine, CA",618,23:37,7:37,F 45-49/2,F-45,10,23:37,67.66%
61,Gilda Ochoa,"La Puente, CA",644,23:45,7:39,F 40-44/1,F-42,11,23:45,65.52%
62,Jeff Dai,"La Palma, CA",539,23:46,7:39,M 25-29/8,M-27,51,23:46,54.32%
63,Douglas Edwards,"Buena Park, CA",546,23:55,7:42,M 45-49/3,M-45,52,23:55,59.34%
64,Mel Guzman,"Lakewood, CA",835,23:59,7:43,M 30-34/5,M-34,53,23:59,54.73%
65,Noah Dodd,"Whittier, CA",730,24:01,7:44,M 14-17/11,M-14,54,24:01,59.10%
66,Virg Narbutas,"Long Beach, CA",641,24:03,7:45,M 50-54/5,M-53,55,24:03,62.90%
67,Sinead Reyes,"La Palma, CA",801,24:04,7:45,F 01-13/1,F-9,12,24:04,72.97%
68,Eric Volivitch,"La Palma, CA",704,24:05,7:45,M 18-24/4,M-20,56,24:05,54.16%
69,Ron Shranko,"Lakewood, CA",808,24:07,7:46,M 50-54/6,M-50,57,24:07,61.20%
70,Tony Arredondo,"Cerritos, CA",503,24:17,7:49,M 40-44/7,M-41,58,24:17,56.66%
71,Jonathan Carrillo,"Rancho Cucamonga, CA",526,24:20,7:50,M 25-29/9,M-26,59,24:20,53.05%
72,Cristina Bracamonte,"Bell, CA",782,24:30,7:54,F 25-29/1,F-25,13,24:30,60.45%
73,Mark Standen,"Huntington Beach, CA",693,24:31,7:54,M 45-49/4,M-46,60,24:31,58.30%
74,Michael Berry,"Cerritos, CA",772,24:35,7:55,M 35-39/3,M-36,61,24:35,54.00%
75,Richie Carrillo,"Buena Park, CA",527,24:37,7:56,M 30-34/6,M-31,62,24:37,52.71%
76,Ryokei Imai,"La Palma, CA",586,24:51,8:00,M 35-39/4,M-39,63,24:51,54.56%
77,Debbie Distefano,"Yorba Linda, CA",541,24:59,8:03,F 50-54/1,F-51,14,24:59,68.62%
78,Paul Burge,"Chino Hills, CA",519,25:00,8:03,M 30-34/7,M-30,64,25:00,51.77%
79,Charles Jones,"Moorpark, CA",589,25:04,8:04,M 14-17/12,M-15,65,25:04,55.56%
80,Chris Lee,"La Palma, CA",605,25:07,8:05,M 18-24/5,M-19,66,25:07,52.52%
81,Kevin Keizer,"Buena Park, CA",592,25:08,8:06,M 18-24/6,M-20,67,25:08,51.89%
82,Wendy Bracamonte,"Bell, CA",781,25:10,8:06,F 55-59/1,F-55,15,25:10,71.77%
83,Lee Pitts,"Long Beach, CA",657,25:11,8:07,M 66-69/1,M-67,68,25:11,67.88%
84,Larry Holmes,"Fullerton, CA",736,25:13,8:07,M 40-44/8,M-44,69,25:13,55.82%
85,Ryan Pascual,"La Palma, CA",650,25:18,8:09,M 18-24/7,M-18,70,25:18,52.74%
86,Herme Sotelo,"Anaheim, CA",777,25:21,8:10,F 45-49/3,F-49,16,25:21,65.99%
87,Joseph Rodriguez,"Beaumont, CA",662,25:21,8:10,M 14-17/13,M-16,71,25:21,54.08%
88,Cathy Imai,"La Palma, CA",585,25:23,8:11,F 35-39/3,F-38,17,25:23,59.72%
89,Bruce Troutman,"Cypress, CA",779,25:27,8:12,M 55-59/5,M-56,72,25:27,60.94%
90,Pat Rojas,"La Mirada, CA",667,25:33,8:14,M 55-59/6,M-59,73,25:33,62.27%
91,Geneesis Montalvo,"Buena Park, CA",852,25:36,8:15,F 14-17/6,F-16,18,25:36,59.80%
92,Shiela Johnson,"Granada Hills, CA",588,25:43,8:17,F 55-59/2,F-58,19,25:43,73.15%
93,Donald Culton,"Los Angeles, CA",851,25:45,8:18,M 70-75/1,M-70,74,25:45,68.52%
94,Timothy Duenas,"Downey, CA",763,25:46,8:18,M 45-49/5,M-49,75,25:46,56.83%
95,Don Szeto,"Cerritos, CA",766,25:47,8:18,M 35-39/5,M-35,76,25:47,51.16%
96,Harmeet K Chana,"Fullerton, CA",530,25:50,8:19,F 35-39/4,F-39,20,25:50,59.01%
97,Todd Hilts,"San Diego, CA",842,25:52,8:20,M 35-39/6,M-38,77,25:52,52.03%
98,Angelica Dominguez,"Lakewood, CA",774,25:53,8:20,F 14-17/7,F-14,21,25:53,60.76%
99,Amber Lee,"La Palma, CA",603,25:54,8:21,F 18-24/2,F-20,22,25:54,57.18%
100,Nathan Corkhill,"La Palma, CA",538,25:54,8:21,M 18-24/8,M-19,78,25:54,50.93%
101,Dona McBride,"Long Beach, CA",109,25:56,8:21,F 55-59/3,F-59,23,25:56,73.50%
102,W Garrett Capune,"Fullerton, CA",520,25:57,8:21,M 66-69/2,M-67,79,25:57,65.87%
103,Daniel Resendiz,"Lakewood, CA",798,25:59,8:22,M 25-29/10,M-29,80,25:59,49.74%
104,Nelda Duenez,"Covina, CA",816,26:05,8:24,F 30-34/1,F-33,24,26:05,57.03%
105,Helen Pappas,"Bellflower, CA",746,26:10,8:26,F 30-34/2,F-32,25,26:10,56.72%
106,Alexa Luevanos,"La Palma, CA",616,26:17,8:28,F 18-24/3,F-22,26,26:17,56.35%
107,Shaun Merritt,"La Palma, CA",630,26:19,8:29,M 35-39/7,M-39,81,26:19,51.52%
108,Anisha Fenske,"Buena Park, CA",731,26:23,8:30,F 01-13/2,F-8,27,26:23,68.71%
109,Rosalie Pitts,"Long Beach, CA",659,26:24,8:30,F 60-65/1,F-64,28,26:24,77.70%
110,Steven Coler,"Cypress, CA",537,26:31,8:32,M 60-65/3,M-61,82,26:31,61.07%
111,John Harper,"Seal Beach, CA",791,26:39,8:35,M 76-99/1,M-77,83,26:39,73.84%
112,Xavier Cardenas Jr,"Anaheim, CA",522,26:45,8:37,M 35-39/8,M-39,84,26:45,50.69%
113,Colleen McCullough,"Villa Park, CA",626,26:48,8:38,F 25-29/2,F-26,29,26:48,55.26%
114,Sigfredo Siega,"Anaheim, CA",680,26:52,8:39,M 35-39/9,M-36,85,26:52,49.41%
115,Jason Nakamura,"Cerritos, CA",638,26:53,8:40,M 14-17/14,M-14,86,26:53,52.79%
116,Michael Huy,"Anaheim, CA",583,27:18,8:47,M 40-44/9,M-42,87,27:18,50.76%
117,Douglas Schneider,"Fullerton, CA",675,27:23,8:49,M 40-44/10,M-40,88,27:23,49.88%
118,Greg Wade,"Long Beach, CA",707,27:27,8:50,M 40-44/11,M-44,89,27:27,51.28%
119,Tyrone Keizer,"Buena Park, CA",1189,27:28,8:51,M 50-54/7,M-52,90,27:28,54.58%
120,Corrinne Wallace,"Fountain Valley, CA",708,27:30,8:51,F 40-44/2,F-41,30,27:30,56.16%
121,Greg Navarrete,"La Mirada, CA",642,27:35,8:53,M 50-54/8,M-52,91,27:35,54.35%
122,Brendon Spencer,"La Palma, CA",690,27:35,8:53,M 14-17/15,M-14,92,27:35,51.45%
123,Barbara Balle,"Long Beach, CA",1197,27:36,8:53,F 35-39/5,F-39,31,27:36,55.23%
124,Jeff Hass,"Huntington Beach, CA",571,27:43,8:56,M 01-13/7,M-8,93,27:43,61.43%
125,Benny Lopez,"Signal Hill, CA",194,27:44,8:56,M 30-34/8,M-30,94,27:44,46.66%
126,Ken Rempel,"Cypress, CA",854,27:46,8:56,M 50-54/9,M-52,95,27:46,53.99%
127,John Sabol,"Torrance, CA",672,27:48,8:57,M 55-59/7,M-59,96,27:48,57.23%
128,Robert Haas,"Orange, CA",563,27:55,8:59,M 50-54/10,M-52,97,27:55,53.70%
129,Seth Glassman,"Cerritos, CA",557,28:00,9:01,M 35-39/10,M-37,98,28:00,47.71%
130,Bill Nordlie,"Scottsdale, AZ",829,28:02,9:02,M 45-49/6,M-45,99,28:02,50.62%
131,Suzy Martin,"La Palma, CA",621,28:04,9:02,F 35-39/6,F-37,32,28:04,53.77%
132,Jeff Baird,"Whittier, CA",19,28:11,9:05,M 50-54/11,M-54,100,28:11,54.08%
133,Paul Browne,"Buena Park, CA",723,28:14,9:06,M 70-75/2,M-72,101,28:14,64.09%
134,Nick Lurie,"Irvine, CA",619,28:17,9:06,M 01-13/8,M-13,102,28:17,51.30%
135,Ed Buch,"Cypress, CA",518,28:21,9:08,M 60-65/4,M-63,103,28:21,58.12%
136,Teresa Berryman,"Long Beach, CA",812,28:23,9:08,F 35-39/7,F-38,33,28:23,53.41%
137,Chi Lee,"Montebello, CA",604,28:27,9:10,M 40-44/12,M-44,104,28:27,49.47%
138,Jim Smuts,"Corona, CA",818,28:31,9:11,M 55-59/8,M-56,105,28:31,54.39%
139,Abel Gonzales,"Cypress, CA",559,28:36,9:13,M 50-54/12,M-51,106,28:36,52.01%
140,Brendan Glynn,"Cypress, CA",840,28:39,9:13,M 40-44/13,M-40,107,28:39,47.67%
141,Maureen Glynn,"Cypress, CA",836,28:41,9:14,F 40-44/3,F-40,34,28:41,53.49%
142,Austin Batugal,"Escondido, CA",509,28:41,9:14,M 01-13/9,M-12,108,28:41,51.86%
143,Donald Lieu,"San Gabriel, CA",614,28:43,9:15,M 55-59/9,M-59,109,28:43,55.40%
144,Christina Rodriguez,"Beaumont, CA",661,28:46,9:16,F 35-39/8,F-36,35,28:46,52.23%
145,Mary Parsons,"Anaheim, CA",648,28:48,9:17,F 45-49/4,F-47,36,28:48,56.66%
146,Kelsey Herrera,"La Palma, CA",846,28:51,9:17,F 14-17/8,F-16,37,28:51,53.06%
147,Sherry Valdes,"La Palma, CA",702,28:56,9:19,F 30-34/3,F-34,38,28:56,51.53%
148,Jessica Briwick,"Mission Viejo, CA",517,29:00,9:20,F 01-13/3,F-13,39,29:00,55.09%
149,William Rogers,"Buena Park, CA",1194,29:03,9:21,M 50-54/13,M-51,110,29:03,51.21%
150,Leah Warner,"Lakewood, CA",709,29:05,9:22,F 30-34/4,F-31,40,29:05,50.97%
151,Jeff Briwick,"Mission Viejo, CA",516,29:10,9:24,M 45-49/7,M-47,111,29:10,49.40%
152,Harsha Upadhyay,"Alhambra, CA",699,29:11,9:24,M 30-34/9,M-34,112,29:11,44.95%
153,Sherry Mills,"La Palma, CA",1278,29:14,9:25,F 60-65/2,F-63,41,29:14,69.08%
154,Mark McCombs,"La Palma, CA",825,29:18,9:26,M 18-24/9,M-22,113,29:18,44.05%
155,Robin Lea,"La Palma, CA",602,29:24,9:28,F 14-17/9,F-15,42,29:24,52.75%
156,Sam Plambeck,"Long Beach, CA",660,29:36,9:32,M 35-39/11,M-39,114,29:36,45.80%
157,Nick Medenas,"Orange, CA",814,29:40,9:33,M 45-49/8,M-46,115,29:40,48.17%
158,Evan Pascual,"La Palma, CA",649,29:41,9:34,M 01-13/10,M-12,116,29:41,50.11%
159,Jorge Garcia,"Sylmar, CA",552,29:44,9:34,M 40-44/14,M-44,117,29:44,47.34%
160,Amber Licano,"Long Beach, CA",613,29:44,9:35,F 01-13/4,F-12,43,29:44,54.80%
161,Princess Snyder,"Cerritos, CA",687,29:47,9:36,F 35-39/9,F-35,44,29:47,50.22%
162,Jon Matson,"Cypress, CA",819,29:56,9:39,M 50-54/14,M-51,118,29:56,49.69%
163,Anna Torres,"Long Beach, CA",697,29:59,9:39,F 30-34/5,F-34,45,29:59,49.72%
164,Nicholle Astengo,"Buena Park, CA",505,30:00,9:40,F 18-24/4,F-24,46,30:00,49.36%
165,Jonathan Eastin,"Stanton, CA",545,30:07,9:42,M 30-34/10,M-33,119,30:07,43.36%
166,Pam Shranko,"Lakewood, CA",809,30:10,9:43,F 55-59/4,F-55,47,30:10,59.87%
167,Mike Payne,"La Palma, CA",652,30:15,9:44,M 35-39/12,M-38,120,30:15,44.49%
168,Kristine Chong,"Cerritos, CA",532,30:17,9:45,F 25-29/3,F-25,48,30:17,48.90%
169,Eunice Kim,"La Palma, CA",594,30:17,9:45,F 18-24/5,F-24,49,30:17,48.90%
170,Ricky Leung,"La Palma, CA",612,30:18,9:45,M 30-34/11,M-30,121,30:18,42.71%
171,James Scarborough,"Long Beach, CA",1295,30:18,9:45,M 50-54/15,M-53,122,30:18,49.92%
172,Nicholas Callas,"La Palma, CA",1219,30:20,9:46,M 01-13/11,M-13,123,30:20,47.83%
173,Ernest Rivera,"Cerritos, CA",1380,30:28,9:49,M 60-65/5,M-63,124,30:28,54.08%
174,Sumi Oh,"Cerritos, CA",768,30:34,9:51,F 35-39/10,F-38,50,30:34,49.59%
175,Robert Fode,"Los Alamitos, CA",548,30:37,9:52,M 60-65/6,M-65,125,30:37,54.79%
176,Melissa Slater,"Bellflower, CA",765,30:55,9:58,F 14-17/10,F-15,51,30:55,50.16%
177,Annette Rolon,"La Palma, CA",844,31:01,9:59,F 45-49/5,F-49,52,31:01,53.92%
178,Linda McKindley,"Buena Park, CA",627,31:03,10:00,F 35-39/11,F-35,53,31:03,48.17%
179,John Carrillo,"Long Beach, CA",803,31:04,10:00,M 45-49/9,M-46,126,31:04,46.00%
180,Mark Westerlund,"Stanton, CA",713,31:05,10:01,M 35-39/13,M-39,127,31:05,43.62%
181,Jeff Joyce,"La Palma, CA",1190,31:12,10:03,M NoAge/0,M-0,128,31:12, 0.00%
182,Gerald Kim,"La Palma, CA",595,31:13,10:03,M 25-29/11,M-28,129,31:13,41.35%
183,Alyssa Movchan,"La Palma, CA",853,31:14,10:03,F 01-13/5,F-12,54,31:14,52.16%
184,Randall Mayer,"Brea, CA",625,31:17,10:05,M 60-65/7,M-61,130,31:17,51.76%
185,Bonnie Keizer,"Buena Park, CA",591,31:18,10:05,F 50-54/2,F-50,55,31:18,54.08%
186,Richard Siemer,"Yorba Linda, CA",834,31:19,10:05,M 60-65/8,M-61,131,31:19,51.68%
187,Matthew Herrera,"La Palma, CA",847,31:20,10:06,M 14-17/16,M-14,132,31:20,45.29%
188,Susan Gonzales,"Cypress, CA",560,31:25,10:07,F 45-49/6,F-46,56,31:25,51.38%
189,Heung Min,"Cerritos, CA",767,31:34,10:10,M 35-39/14,M-39,133,31:34,42.95%
190,Donald Chee,"Culver City, CA",39,31:38,10:11,M 40-44/15,M-42,134,31:38,43.81%
191,Wesley Nakamura,"Cerritos, CA",640,31:40,10:12,M 50-54/16,M-51,135,31:40,46.97%
192,Hector Ojeda,"Anaheim, CA",770,31:41,10:12,M 25-29/12,M-28,136,31:41,40.74%
193,Jana Wyllie,"Costa Mesa, CA",716,31:50,10:15,F 40-44/4,F-40,57,31:50,48.19%
194,Tami Payne,"La Palma, CA",653,31:52,10:16,F 35-39/12,F-36,58,31:52,47.15%
195,Lillian Chacon,"Downey, CA",810,31:52,10:16,F 60-65/3,F-61,59,31:52,61.54%
196,Keri Garcia,"Buena Park, CA",850,31:55,10:17,F 35-39/13,F-37,60,31:55,47.28%
197,Elizabeth Shafer,"Indio, CA",677,31:57,10:17,F 30-34/6,F-30,61,31:57,46.35%
198,Kathy Peters,"La Palma, CA",655,31:58,10:18,F 50-54/3,F-50,62,31:58,52.95%
199,Joseph Volivitch,"La Palma, CA",706,31:59,10:18,M 50-54/17,M-50,137,31:59,46.14%
200,Rebecca Shea,"Fullerton, CA",679,32:00,10:18,F 01-13/6,F-13,63,32:00,49.92%
201,Jamie Shea,"Fullerton, CA",678,32:00,10:18,F 18-24/6,F-18,64,32:00,46.80%
202,Robin Mainardy,"Laguna Niguel, CA",1270,32:03,10:19,F 50-54/4,F-51,65,32:03,53.49%
203,Rany Keth,"Irvine, CA",83,32:03,10:19,F 25-29/4,F-28,66,32:03,46.20%
204,Karen Sinclair,"Norwalk, CA",682,32:05,10:20,F 25-29/5,F-29,67,32:05,46.15%
205,David Miller,"Anaheim, CA",839,32:08,10:21,M 50-54/18,M-50,138,32:08,45.93%
206,Hilary Chumpitazi,"Anaheim, CA",533,32:09,10:21,F 40-44/5,F-42,68,32:09,48.39%
207,Anisa Clark,"La Mirada, CA",535,32:09,10:21,F 40-44/6,F-41,69,32:09,48.03%
208,Michael Chumpitazi,"Anaheim, CA",534,32:11,10:22,M 45-49/10,M-48,139,32:11,45.13%
209,Joshua Spessert,"La Palma, CA",692,32:12,10:22,M 01-13/12,M-8,140,32:12,52.87%
210,Jason Spessert,"La Palma, CA",691,32:12,10:22,M 35-39/15,M-38,141,32:12,41.79%
211,Amy Gomory,"Fullerton, CA",558,32:14,10:23,F 25-29/6,F-27,70,32:14,45.94%
212,Aimee Westerlund,"Stanton, CA",712,32:14,10:23,F 30-34/7,F-33,71,32:14,46.15%
213,Ron Snyder,"Cerritos, CA",688,32:18,10:24,M 55-59/10,M-57,142,32:18,48.43%
214,Nick Wirick,"Balboa Island, CA",756,32:25,10:26,M 30-34/12,M-33,143,32:25,40.28%
215,Martha Mowatt,"Norwalk, CA",635,32:29,10:28,F 35-39/14,F-39,72,32:29,46.92%
216,Sonia Olsson,"Fullerton, CA",647,32:39,10:31,F 35-39/15,F-38,73,32:39,46.42%
217,Tyler Foster,"La Palma, CA",550,32:48,10:34,M 01-13/13,M-10,144,32:48,48.14%
218,Julie Foster,"La Palma, CA",549,32:49,10:34,F 30-34/8,F-34,74,32:49,45.43%
219,Cindy Carlson,"Cerritos, CA",524,32:50,10:34,F 35-39/16,F-37,75,32:50,45.96%
220,Abigail Leung,"La Palma, CA",611,32:56,10:36,F 25-29/7,F-29,76,32:56,44.96%
221,Marrissa Carrillo,"Long Beach, CA",802,33:05,10:39,F 18-24/7,F-19,77,33:05,44.91%
222,Erika Hernandez,"Riverside, CA",270,33:09,10:40,F 25-29/8,F-27,78,33:09,44.67%
223,George Higa,"Cerritos, CA",574,33:10,10:41,M 66-69/3,M-69,145,33:10,52.59%
224,Marissa Knebl,"Aliso Viejo, CA",600,33:13,10:42,F 40-44/7,F-40,79,33:13,46.18%
225,Diana Macias,"Garden Grove, CA",773,33:14,10:42,F 25-29/9,F-28,80,33:14,44.56%
226,James Harris,"La Mirada, CA",569,33:15,10:43,M 70-75/3,M-72,146,33:15,54.41%
227,John Singer,"Lakewood, CA",683,33:25,10:46,M 66-69/4,M-69,147,33:25,52.20%
228,Joanna Scott Bradfield,"La Palma, CA",515,33:26,10:46,F 30-34/9,F-31,81,33:26,44.34%
229,Allyson Sera-Movchan,"La Palma, CA",1393,33:37,10:49,F 40-44/8,F-44,82,33:37,47.07%
230,Jatinder Dhaliwal,"Bakersfield, CA",830,33:38,10:50,M 25-29/13,M-25,148,33:38,38.37%
231,Pamela Borrelli,"Valencia, CA",514,33:39,10:50,F 55-59/5,F-59,83,33:39,56.64%
232,Patty Inaba,"Cerritos, CA",785,33:42,10:51,F 45-49/7,F-46,84,33:42,47.90%
233,Diego Rodriguez,"Alhambra, CA",1382,33:43,10:51,M 01-13/14,M-11,149,33:43,45.40%
234,Melanie Sergejeff,"Cypress, CA",676,33:44,10:52,F 50-54/5,F-52,85,33:44,51.46%
235,Jose Catalan,"Sylmar, CA",529,33:50,10:54,M 30-34/13,M-33,150,33:50,38.59%
236,Jennifer Glassman,"Cerritos, CA",555,34:01,10:57,F 35-39/17,F-35,86,34:01,43.97%
237,Ron Glassman,"Cerritos, CA",556,34:01,10:57,M 66-69/5,M-69,151,34:01,51.27%
238,Ted Do,"La Palma, CA",542,34:14,11:01,M 35-39/16,M-38,152,34:14,39.31%
239,Charlotte Higa,"Cerritos, CA",573,34:16,11:02,F 66-69/1,F-68,87,34:16,63.70%
240,Julie Johnson,"Cypress, CA",739,34:18,11:03,F 30-34/10,F-32,88,34:18,43.27%
241,Angelico Francia,"Anaheim, CA",551,34:22,11:04,M 35-39/17,M-39,153,34:22,39.45%
242,Ricky Gonzalez,"La Puente, CA",561,34:33,11:08,M 50-54/19,M-54,154,34:33,44.11%
243,Matthew Callas,"La Palma, CA",1218,34:43,11:11,M 01-13/15,M-11,155,34:43,44.09%
244,Julie Callas,"La Palma, CA",1217,34:43,11:11,F 40-44/9,F-42,89,34:43,44.81%
245,Kristen Miller,"Anaheim, CA",838,34:45,11:12,F 18-24/8,F-19,90,34:45,42.75%
246,Joe Mendoza,"La Palma, CA",628,34:46,11:12,M 55-59/11,M-58,156,34:46,45.37%
247,James Yoshioka,"Cerritos, CA",717,34:57,11:15,M 66-69/6,M-67,157,34:57,48.90%
248,Bethany Cornwell,"Brea, CA",728,35:03,11:17,F 30-34/11,F-33,91,35:03,42.44%
249,Andy Hilbert,"La Palma, CA",1196,35:05,11:18,M 40-44/16,M-44,158,35:05,40.11%
250,Althea E Garvey,"Los Angeles, CA",554,35:07,11:19,F 50-54/6,F-50,92,35:07,48.20%
251,Grace Kim,"La Palma, CA",596,35:09,11:19,F 25-29/10,F-27,93,35:09,42.13%
252,James Kim,"La Palma, CA",597,35:09,11:19,M 70-75/4,M-73,159,35:09,52.23%
253,Jessica Nguyen,"La Palma, CA",764,35:10,11:20,F 30-34/12,F-33,94,35:10,42.29%
254,Andrea Parisi,"Los Angeles, CA",747,35:11,11:20,F 50-54/7,F-52,95,35:11,49.34%
255,Lia Barnes,"La Palma, CA",828,35:13,11:21,F 01-13/7,F-7,96,35:13,53.31%
256,Cindy Machingo,"La Palma, CA",620,35:20,11:23,F 45-49/8,F-46,97,35:20,45.68%
257,Ron Webber,"Los Alamitos, CA",710,35:23,11:24,M 55-59/12,M-55,160,35:23,43.45%
258,Kamerin Testa,"La Palma, CA",755,35:27,11:25,F 30-34/13,F-30,98,35:27,41.77%
259,Jt Roth,"Long Beach, CA",671,35:36,11:28,M 55-59/13,M-59,161,35:36,44.68%
260,Gerardo Gorospe,"Cerritos, CA",790,35:43,11:30,M 01-13/16,M-12,162,35:43,41.64%
261,Marie Gorospe,"Cerritos, CA",789,35:43,11:30,F 40-44/10,F-42,99,35:43,43.56%
262,Ernesto Pulido,"Sylmar, CA",1291,35:50,11:32,M 50-54/20,M-50,163,35:50,41.18%
263,Laila Elhalawani,"Cerritos, CA",783,35:55,11:34,F 55-59/6,F-59,100,35:55,53.06%
264,Chris Kemp,"Pasadena, CA",740,35:59,11:35,M 18-24/10,M-24,164,35:59,35.87%
265,Liz Hamada,"Pasadena, CA",567,35:59,11:35,F 55-59/7,F-58,101,35:59,52.27%
266,Lori Gentry,"Bellflower, CA",734,36:04,11:37,F 50-54/8,F-51,102,36:04,47.53%
267,Kim Astengo,"Buena Park, CA",1204,36:06,11:37,F 45-49/9,F-49,103,36:06,46.33%
268,Joe Carrillo,"Buena Park, CA",525,36:09,11:38,M 76-99/2,M-77,165,36:09,54.43%
269,Jeff Volivitch,"La Palma, CA",705,36:11,11:39,M 01-13/17,M-10,166,36:11,43.64%
270,Allison Volivitch,"La Palma, CA",703,36:11,11:39,F 18-24/9,F-19,104,36:11,41.06%
271,Den Sun,"Cerritos, CA",694,36:14,11:40,M 45-49/11,M-46,167,36:14,39.44%
272,Barbara Sevillano,"Whittier, CA",752,36:19,11:42,F 35-39/18,F-36,105,36:19,41.37%
273,Ryan Rodriguez,"Cypress, CA",843,36:20,11:42,M 35-39/18,M-35,168,36:20,36.30%
274,Stephanie Rodriguez,"Cypress, CA",841,36:20,11:42,F 35-39/19,F-37,106,36:20,41.53%
275,Jennifer Kidwell,"La Habra, CA",837,36:28,11:45,F 30-34/14,F-34,107,36:28,40.88%
276,Mark Smuts,"La Palma, CA",686,36:30,11:45,M 25-29/14,M-29,169,36:30,35.40%
277,Phil Loadholt,"Eden Prairie, MN",827,36:34,11:47,M 18-24/11,M-24,170,36:34,35.29%
278,Ralph Rodriguez,"La Palma, CA",831,36:36,11:47,M 50-54/21,M-50,171,36:36,40.32%
279,Sandra Cardenas,"Anaheim, CA",521,36:43,11:49,F 35-39/20,F-39,108,36:43,41.51%
280,Dan Selmi,"Balboa Island, CA",751,36:51,11:52,M 55-59/14,M-59,172,36:51,43.17%
281,Patti Kim,"La Palma, CA",741,37:18,12:01,F 35-39/21,F-36,109,37:18,40.28%
282,Thomas Timm,"La Palma, CA",795,37:25,12:03,M 60-65/9,M-64,173,37:25,44.43%
283,Don Plapp,"La Palma, CA",1186,37:29,12:04,M 70-75/5,M-75,174,37:29,50.58%
284,Robert Jaurequi,"La Mirada, CA",1261,37:29,12:04,M 60-65/10,M-61,175,37:29,43.19%
285,Violeta Sapkin,"Fullerton, CA",748,37:35,12:06,F 50-54/9,F-52,110,37:35,46.18%
286,Wiltrudes Bibera,"La Palma, CA",512,37:40,12:08,F 45-49/10,F-45,111,37:40,42.41%
287,Melanie Donegan,"Stanton, CA",771,37:48,12:10,F 50-54/10,F-52,112,37:48,45.92%
288,Michelle Cok,"Cypress, CA",805,37:52,12:12,F 14-17/11,F-16,113,37:52,40.42%
289,Keith Cok,"Cypress, CA",804,37:53,12:12,M 45-49/12,M-49,176,37:53,38.64%
290,Katelyn Hunt,"Buena Park, CA",581,38:17,12:20,F 18-24/10,F-18,114,38:17,39.11%
291,Ginny Johnson,"Buena Park, CA",786,38:20,12:21,F 30-34/15,F-32,115,38:20,38.71%
292,Sheri Bityk,"Buena Park, CA",513,38:23,12:22,F 35-39/22,F-36,116,38:23,39.14%
293,Martina Rubio-Sims,"Rancho Santa Margarita, CA",849,38:42,12:28,F 45-49/11,F-46,117,38:42,41.71%
294,Anna Luz Belarmino,"Anaheim, CA",510,38:49,12:30,F 30-34/16,F-30,118,38:49,38.14%
295,Linda Mayer,"Brea, CA",624,38:53,12:31,F 60-65/4,F-60,119,38:53,49.74%
296,Wilinda Bibera,"Escondido, CA",511,38:54,12:31,F 40-44/11,F-43,120,38:54,40.33%
297,Ju Sunabe,"Cerritos, CA",695,38:54,12:32,F 40-44/12,F-43,121,38:54,40.33%
298,Fe Delos Santos,"La Palma, CA",540,38:56,12:32,F 30-34/17,F-34,122,38:56,38.29%
299,Howard Hardaway Jr,"La Palma, CA",568,39:03,12:34,M 40-44/17,M-44,177,39:03,36.04%
300,Ani Joseph,"Cerritos, CA",590,39:05,12:35,F 45-49/12,F-49,123,39:05,42.79%
301,James Sinclair,"Norwalk, CA",681,39:14,12:38,M 40-44/18,M-41,178,39:14,35.06%
302,Brian Kluck,"Lakewood, CA",599,39:16,12:39,M 30-34/14,M-34,179,39:16,33.42%
303,Kristina Bynum,"Whittier, CA",724,39:18,12:39,F 25-29/11,F-25,124,39:18,37.68%
304,Chrissy Taylor,"Fontana, CA",754,39:23,12:41,F 25-29/12,F-27,125,39:23,37.60%
305,Maren Nielsen,"Rancho Cucamonga, CA",745,39:23,12:41,F 30-34/18,F-34,126,39:23,37.85%
306,Robert Bynum,"Whittier, CA",725,39:36,12:45,M 55-59/15,M-59,180,39:36,40.17%
307,Terri Halligan,"Buena Park, CA",565,39:42,12:47,F 45-49/13,F-49,127,39:42,42.13%
308,Bruce Halligan,"Buena Park, CA",564,39:43,12:47,M 45-49/13,M-46,181,39:43,35.98%
309,Brandon Imai,"La Palma, CA",584,39:54,12:51,M 01-13/18,M-7,182,39:54,44.63%
310,Dennis Huang,"La Palma, CA",579,39:55,12:51,M 35-39/19,M-39,183,39:55,33.96%
311,Len Metcalf,"Diamond Bar, CA",631,39:55,12:51,M 60-65/11,M-61,184,39:55,40.56%
312,Ronald Nagle,"Long Beach, CA",637,40:09,12:56,M 55-59/16,M-56,185,40:09,38.62%
313,Diosdado Amon,"Long Beach, CA",501,40:19,12:59,M 50-54/22,M-52,186,40:19,37.18%
314,Charles Carey,"Anaheim, CA",523,41:07,13:14,M 70-75/6,M-72,187,41:07,44.00%
315,Kate Lee,"Seal Beach, CA",609,41:20,13:18,F 01-13/8,F-13,128,41:20,38.64%
316,Ann Selmi,"Balboa Island, CA",750,41:47,13:27,F 60-65/5,F-60,129,41:47,46.29%
317,Takeshi Komiyama,"Rolling Hills Estates, CA",601,41:50,13:28,M 45-49/14,M-46,188,41:50,34.16%
318,Henry Lee,"La Palma, CA",608,41:52,13:29,M 45-49/15,M-47,189,41:52,34.41%
319,Elizabeth Lee,"La Palma, CA",1188,41:52,13:29,F 01-13/9,F-13,130,41:52,38.15%
320,Debra Lujan,"La Palma, CA",617,42:09,13:34,F 40-44/13,F-44,131,42:09,37.54%
321,Kathy Martin,"Cerritos, CA",105,42:12,13:35,F 35-39/23,F-39,132,42:12,36.11%
322,William Ishii,"La Palma, CA",1198,42:38,13:44,M 55-59/17,M-59,190,42:38,37.31%
323,Lawrence Romero,"Buena Park, CA",668,42:55,13:49,M 40-44/19,M-44,191,42:55,32.79%
324,Reanne Romero,"Buena Park, CA",669,42:56,13:49,F 18-24/11,F-18,133,42:56,34.87%
325,Roselyn Amon,"Long Beach, CA",502,43:09,13:54,F 30-34/19,F-30,134,43:09,34.31%
326,Garret Lee,"Cerritos, CA",607,43:35,14:02,M 40-44/20,M-44,192,43:35,32.29%
327,Eloisa Casares-Kanter,"La Habra, CA",528,43:43,14:05,F 70-75/1,F-70,135,43:43,51.56%
328,Juan Del Toro,"Sylmar, CA",1233,43:50,14:07,M 35-39/20,M-39,193,43:50,30.92%
329,Kimberly Degen,"Aliso Viejo, CA",729,43:55,14:08,F 30-34/20,F-34,136,43:55,33.94%
330,Marie Jilk,"Buena Park, CA",738,44:04,14:11,F 25-29/13,F-26,137,44:04,33.60%
331,Juan Rodriguez Daza,"Cypress, CA",665,44:22,14:17,M 35-39/21,M-37,194,44:22,30.10%
332,Sean Rodriguez,"Cypress, CA",664,44:22,14:17,M 01-13/19,M-9,195,44:22,36.87%
333,Karen Mendoza,"La Palma, CA",629,44:27,14:19,F 45-49/14,F-49,138,44:27,37.62%
334,Pam Loo,"Anaheim, CA",615,44:32,14:20,F 45-49/15,F-45,139,44:32,35.87%
335,Srinivas Lingineni,"Cerritos, CA",1199,44:35,14:21,M 35-39/22,M-35,196,44:35,29.58%
336,Hanna Rubinstein,"Long Beach, CA",788,44:42,14:24,F 60-65/6,F-62,140,44:42,44.54%
337,Masako Chung,"Anaheim, CA",726,45:15,14:34,F 50-54/11,F-50,141,45:15,37.40%
338,Nikhil Lingineni,"Cerritos, CA",826,45:36,14:41,M 01-13/20,M-5,197,45:36,43.36%
339,Elena Barnes,"Alhambra, CA",832,45:57,14:48,F 35-39/24,F-35,142,45:57,32.55%
340,Brenda Dowd,"La Mirada, CA",543,46:01,14:49,F 45-49/16,F-48,143,46:01,35.91%
341,Teresa Dowd,"Apple Valley, CA",1237,46:02,14:49,F 40-44/14,F-42,144,46:02,33.79%
342,Darren Dowd,"Apple Valley, CA",1236,46:03,14:50,M 40-44/21,M-44,198,46:03,30.56%
343,Dagoberto Perez,"Sylmar, CA",654,46:11,14:52,M 40-44/22,M-44,199,46:11,30.47%
344,Renee Gaudio,"Mission Viejo, CA",1249,47:42,15:22,F 25-29/14,F-28,145,47:42,31.04%
345,Amy Gaudio,"Corona, CA",1248,47:44,15:22,F 30-34/21,F-31,146,47:44,31.05%
346,Leah Holmes,"Lakewood, CA",577,48:13,15:31,F 30-34/22,F-34,147,48:13,30.91%
347,Debbi Clark,"Bellflower, CA",536,48:18,15:33,F 30-34/23,F-33,148,48:18,30.79%
348,Mary Ann Joseph,"La Palma, CA",1262,49:08,15:49,F 40-44/15,F-44,149,49:08,32.20%
349,Cynthia Baber,"Goodyear, AZ",720,49:11,15:50,F 35-39/25,F-39,150,49:11,30.98%
350,Kristi Hunt,"Buena Park, CA",582,49:13,15:51,F 40-44/16,F-42,151,49:13,31.61%
351,Todd Hunt,"Buena Park, CA",799,49:14,15:51,M 40-44/23,M-43,200,49:14,28.38%
352,Bryanna Hunt,"Buena Park, CA",580,49:14,15:51,F 18-24/12,F-20,152,49:14,30.07%
353,Renee Barton,"Buena Park, CA",1206,49:45,16:01,F 55-59/8,F-55,153,49:45,36.29%
354,Tayler Clay,"Buena Park, CA",1226,50:34,16:17,F 01-13/10,F-11,154,50:34,32.90%
355,Lee Digregorio,"Anaheim, CA",813,50:48,16:21,F 76-99/1,F-77,155,50:48,50.21%
356,Sharon Nakamura,"Cerritos, CA",639,50:51,16:22,F 45-49/17,F-47,156,50:51,32.10%
357,Mary Anne McCombs,"La Palma, CA",1339,51:38,16:37,F 55-59/9,F-56,157,51:38,35.42%
358,Cris Baldonado,"Cerritos, CA",1331,51:39,16:38,F 40-44/17,F-44,158,51:39,30.63%
359,Liliana Saenz,"Bellflower, CA",673,52:14,16:49,F 40-44/18,F-40,159,52:14,29.36%
360,Jess Hamada,"Pasadena, CA",566,53:23,17:11,M 60-65/12,M-62,201,53:23,30.57%
361,Vincent Okumura,"Laguna Woods, CA",646,53:24,17:11,M 60-65/13,M-61,202,53:24,30.32%
362,Patricia Okumura,"Laguna Woods, CA",645,53:24,17:12,F 55-59/10,F-59,160,53:24,35.69%
363,Jean Kim,"Los Angeles, CA",1338,53:50,17:20,F 35-39/26,F-37,161,53:50,28.03%
364,venus DUMAPLIN,"Cerritos, CA",1395,54:33,17:34,F 40-44/19,F-43,162,54:33,28.76%
365,Rose Linda Gonzales,"Glendale, CA",735,55:51,17:59,F 45-49/18,F-48,163,55:51,29.58%
366,Jenny Sieles,"Los Angeles, CA",753,55:52,17:59,F 60-65/7,F-65,164,55:52,37.27%
367,Avery Pick,"Huntington Beach, CA",656,56:13,18:06,F 01-13/11,F-6,165,56:13,34.76%
368,Kelly Ursery,"Cerritos, CA",701,57:11,18:25,F 30-34/24,F-30,166,57:11,25.89%
369,Cal Ursery,"Cerritos, CA",700,57:13,18:25,M 60-65/14,M-65,203,57:13,29.31%
370,Anne Smuts,"La Palma, CA",684,57:59,18:40,F 30-34/25,F-34,167,57:59,25.70%
371,Kimberly Lagow,"Garden Grove, CA",1357,58:00,18:41,F 45-49/19,F-49,168,58:00,28.83%
372,Diana Rivera,"Los Angeles, CA",1385,58:03,18:41,F 30-34/26,F-33,169,58:03,25.62%
373,Gary Smuts,"La Palma, CA",685,58:10,18:44,M 60-65/15,M-60,204,58:10,27.57%
374,Kate Hass,"Huntington Beach, CA",572,58:10,18:44,F 01-13/12,F-6,170,58:10,33.59%
375,Vidyaben Patel,"La Palma, CA",651,58:26,18:49,F 60-65/8,F-65,171,58:26,35.63%
376,Anaiz Bernal,"Ontario, CA",169,58:29,18:50,F 18-24/13,F-23,172,58:29,25.31%
377,Martin O'Keefe,"Cypress, CA",643,1:03:33,20:28,M 50-54/23,M-50,205,1:03:33,23.22%
