Place,Name,Location,Bib,Net Time,Pace,Division/Place,Sex-Age,Sex-Place,Gun Time,Age Grade
1,Eric Magana,"Whittier, CA",768,17:16,5:34,M 18-24/1,M-18,1,17:16,75.50%
2,Oliver Gallego,"Monrovia, CA",543,17:28,5:37,M 45-49/1,M-46,2,17:28,79.97%
3,Robert Rust,"Garden Grove, CA",636,17:28,5:38,M 35-39/1,M-39,3,17:28,75.96%
4,Gabriel Hilbert,"La Palma, CA",562,18:00,5:48,M 14-17/1,M-16,4,18:00,74.52%
5,Margario Hernandez,"Los Angeles, CA",926,18:05,5:50,M 55-59/1,M-55,5,18:05,83.32%
6,Collin Stocksdale,"Ontario, CA",660,18:30,5:57,M 14-17/2,M-14,6,18:30,75.30%
7,Nesrein Sweidan,"La Mirada, CA",664,18:42,6:01,F 18-24/1,F-24,1,18:42,75.26%
8,Brian Conboy,"Lakewood, CA",816,19:00,6:07,M 35-39/2,M-39,7,19:00,69.89%
9,Mike Della Rocco,"Buena Park, CA",750,19:10,6:10,M 18-24/2,M-21,8,19:10,66.00%
10,Phil Torres,"Santa Fe Springs, CA",794,19:52,6:24,M 50-54/1,M-52,9,19:52,73.82%
11,Jesse Ricke,"Fullerton, CA",717,19:57,6:25,M 45-49/2,M-47,10,19:57,70.55%
12,Chris Jeffers,"Pomona, CA",815,20:12,6:30,M 45-49/3,M-48,11,20:12,70.23%
13,Mirza Gallardo,"Buena Park, CA",822,20:17,6:32,F 40-44/1,F-41,2,20:17,72.57%
14,Jenessa Botello,"Whittier, CA",745,20:23,6:34,F 18-24/2,F-23,3,20:23,69.04%
15,Jon Chernila,"Seal Beach, CA",803,20:25,6:35,M 40-44/1,M-41,12,20:25,65.95%
16,Marcello La Croix,"Irvine, CA",577,20:28,6:36,M 55-59/2,M-57,13,20:28,75.02%
17,Gregory Iglesias,"Anaheim, CA",722,20:41,6:40,M 14-17/3,M-17,14,20:41,63.86%
18,Marcos Bofill,"La Palma, CA",781,20:42,6:40,M 14-17/4,M-15,15,20:42,65.94%
19,Jaime Reyes,"Long Beach, CA",780,20:52,6:43,M 14-17/5,M-17,16,20:52,63.30%
20,Edward Martinez,"Buena Park, CA",591,20:54,6:44,M 14-17/6,M-15,17,20:54,65.31%
21,Michelle Urata,"Fountain Valley, CA",902,21:07,6:48,F 14-17/1,F-17,4,21:07,68.59%
22,Jim Heller,"Anaheim, CA",721,21:28,6:55,M 60-65/1,M-60,18,21:28,73.73%
23,Joshua Hilbert,"La Palma, CA",563,21:32,6:56,M 1-13/1,M-13,19,21:32,66.23%
24,Denise Nunez,"La Mirada, CA",98,21:43,7:00,F 18-24/3,F-19,5,21:43,65.62%
25,Steven Smith,"Cypress, CA",720,21:48,7:01,M 45-49/4,M-48,20,21:48,65.07%
26,Bob Murray,"Yorba Linda, CA",607,21:54,7:03,M 50-54/2,M-53,21,21:54,67.55%
27,Travis Snyder,"Cerritos, CA",657,21:58,7:04,M 18-24/3,M-23,22,21:58,57.51%
28,Rich McLaughlin,"Cypress, CA",693,22:02,7:06,M 45-49/5,M-47,23,22:02,63.88%
29,Joaquin Ponce,"Whittier, CA",751,22:06,7:07,M 18-24/4,M-18,24,22:06,58.98%
30,Robert De Leon,"Cerritos, CA",529,22:06,7:07,M 45-49/6,M-45,25,22:06,62.72%
31,Roger Trias,"La Palma, CA",672,22:08,7:08,M 30-34/1,M-32,26,22:08,57.33%
32,Lauren Johnson,"Whittier, CA",571,22:10,7:08,F 45-49/1,F-47,6,22:10,69.72%
33,Anna Engels,"Seal Beach, CA",732,22:10,7:09,F 18-24/4,F-21,7,22:10,63.57%
34,Joseph Degrazia,"Buena Park, CA",749,22:19,7:11,M 18-24/5,M-22,27,22:19,56.61%
35,Dan Dellinger,"Stanton, CA",532,22:24,7:13,M 30-34/2,M-30,28,22:24,56.40%
36,Jessica Cuevas,"La Habra, CA",526,22:36,7:17,F 25-29/1,F-26,8,22:36,62.27%
37,Eric Volivitch,"La Palma, CA",679,22:38,7:17,M 18-24/6,M-18,29,22:38,57.59%
38,Ryan Pascual,"La Palma, CA",724,22:49,7:21,M 14-17/7,M-16,30,22:49,58.77%
39,Tommy Sibley,"Garden Grove, CA",648,23:13,7:29,M 45-49/7,M-46,31,23:13,60.15%
40,Sterling Kwong,"Buena Park, CA",923,23:17,7:30,M 35-39/3,M-37,32,23:17,56.27%
41,Kelly Motyka,"Long Beach, CA",817,23:24,7:32,F 30-34/1,F-33,9,23:24,60.20%
42,Charla Coney,"Anaheim, CA",814,23:26,7:33,F 40-44/2,F-41,10,23:26,62.81%
43,Judith Fischer,"Cypress, CA",538,23:34,7:35,F 60-65/1,F-61,11,23:34,77.56%
44,Scott Nakamoto,"Cypress, CA",611,23:39,7:37,M 14-17/8,M-15,33,23:39,57.71%
45,Cristina Bracamonte,"Bell, CA",739,23:48,7:40,F 18-24/5,F-23,12,23:48,59.12%
46,Cory Wei,"La Palma, CA",684,23:52,7:41,M 1-13/2,M-12,34,23:52,61.42%
47,Cody Maurice,"La Palma, CA",595,23:53,7:42,M 14-17/9,M-15,35,23:53,57.14%
48,Arcelia Gamez,"Brea, CA",704,24:04,7:45,F 35-39/1,F-39,13,24:04,60.34%
49,Glenn Palmer,"Gardena, CA",620,24:13,7:48,M 14-17/10,M-14,36,24:13,57.51%
50,Juan Rodriguez Daza,"Cypress, CA",632,24:24,7:51,M 35-39/4,M-35,37,24:24,53.00%
51,Rosemarie Jeanpierre,"Los Angeles, CA",924,24:27,7:53,F 40-44/3,F-44,14,24:27,61.58%
52,Jeff Wright,"Anaheim, CA",921,24:36,7:55,M 40-44/2,M-44,38,24:36,55.92%
53,Ron Maurstad,"Cypress, CA",766,24:43,7:58,M 55-59/3,M-59,39,24:43,63.37%
54,Ian Harpe,"La Palma, CA",909,24:48,7:59,M 40-44/3,M-41,40,24:48,54.28%
55,Maria Palmer,"Gardena, CA",621,24:50,8:00,F 45-49/2,F-46,15,24:50,61.67%
56,Brett Snyder,"Cerritos, CA",654,24:53,8:01,M 30-34/3,M-32,41,24:53,50.99%
57,Juventino Luna,"Norwalk, CA",910,24:55,8:01,M 60-65/2,M-64,42,24:55,66.39%
58,Jeff Baird,"Whittier, CA",507,24:56,8:02,M 50-54/3,M-52,43,24:56,58.81%
59,Erick Infante,"Cerritos, CA",570,25:01,8:04,M 18-24/7,M-20,44,25:01,50.99%
60,Jarrett Castillo,"Yorba Linda, CA",518,25:04,8:04,M 14-17/11,M-14,45,25:04,55.56%
61,Leigh Sandlin,"Long Beach, CA",743,25:06,8:05,F 45-49/3,F-47,16,25:06,61.57%
62,Hannah Edwards,"Whittier, CA",737,25:14,8:08,F 14-17/2,F-14,17,25:14,59.63%
63,Kiana Word,"Long Beach, CA",686,25:15,8:08,F 01-13/1,F-11,18,25:15,63.64%
64,Mike Applegate,"La Mirada, CA",784,25:17,8:08,M 30-34/4,M-33,46,25:17,50.50%
65,Larry Quan,"Buena Park, CA",627,25:23,8:11,M 55-59/4,M-59,47,25:23,61.70%
66,Maria Alfaro,"Buena Park, CA",771,25:29,8:12,F 35-39/2,F-37,19,25:29,56.32%
67,Drew Myers,"Fullerton, CA",821,25:34,8:14,M 1-13/3,M-7,48,25:34,73.25%
68,Steven Myers,"Fullerton, CA",820,25:35,8:14,M 35-39/5,M-39,49,25:35,51.90%
69,David Trevino,"Trabuco Canyon, CA",670,25:46,8:18,M 40-44/4,M-40,50,25:46,51.88%
70,Paul Pearson,"Costa Mesa, CA",624,25:49,8:19,M 40-44/5,M-41,51,25:49,52.14%
71,Jim Enright,"La Palma, CA",705,25:50,8:19,M 50-54/4,M-51,52,25:50,56.28%
72,Gabriela Salcedo,"Long Beach, CA",638,25:53,8:20,F 14-17/3,F-15,20,25:53,57.26%
73,Mark Whalen,"Downey, CA",903,25:54,8:20,M 50-54/5,M-53,53,25:54,57.11%
74,Karen Davis,"Glendora, CA",917,25:56,8:21,F 45-49/4,F-46,21,25:56,59.05%
75,Mike Earley,"Buena Park, CA",775,25:58,8:22,M 50-54/6,M-51,54,25:58,55.99%
76,Shaun Merritt,"La Palma, CA",598,25:58,8:22,M 35-39/6,M-37,55,25:58,50.45%
77,Brandon Earley,"Buena Park, CA",777,25:59,8:22,M 14-17/12,M-16,56,25:59,51.61%
78,Al Ordonez,"Cerritos, CA",619,26:04,8:24,M 40-44/6,M-40,57,26:04,51.28%
79,Greg Hass,"Huntington Beach, CA",913,26:06,8:24,M 1-13/4,M-8,58,26:06,66.83%
80,Jim McGee,"Los Alamitos, CA",597,26:07,8:25,M 45-49/8,M-47,59,26:07,53.88%
81,Robb Word,"Long Beach, CA",687,26:08,8:25,M 45-49/9,M-45,60,26:08,53.03%
82,Mike Alcantar,"Norwalk, CA",501,26:09,8:25,M 40-44/7,M-41,61,26:09,51.48%
83,Cathy Imai,"La Palma, CA",569,26:11,8:26,F 35-39/3,F-36,22,26:11,54.52%
84,Camille Sierra,"La Mirada, CA",649,26:14,8:27,F 18-24/6,F-18,23,26:14,54.72%
85,Emily Nakamoto,"Cypress, CA",609,26:16,8:28,F 01-13/2,F-12,24,26:16,59.59%
86,Naomi Trias,"La Palma, CA",671,26:16,8:28,F 25-29/2,F-28,25,26:16,53.57%
87,Maria Hilbert,"La Palma, CA",564,26:20,8:29,F 40-44/4,F-40,26,26:20,55.50%
88,Cindy Morales,"Lakewood, CA",605,26:23,8:30,F 30-34/2,F-31,27,26:23,53.33%
89,Daniel Walker,"Anaheim, CA",713,26:27,8:31,M 45-49/10,M-48,62,26:27,53.63%
90,Pat Rojas,"La Mirada, CA",633,26:28,8:31,M 55-59/5,M-57,63,26:28,58.01%
91,Kenneth Low,"Monterey Park, CA",762,26:30,8:32,M 55-59/6,M-55,64,26:30,56.84%
92,Mark Eickhoff,"Whittier, CA",738,26:32,8:33,M 45-49/11,M-46,65,26:32,52.63%
93,Tori Taki,"La Habra Heights, CA",698,26:34,8:33,F 50-54/1,F-51,28,26:34,60.54%
94,Cindy Gilleland,"Corona, CA",545,26:38,8:35,F 40-44/5,F-44,29,26:38,56.53%
95,Daniel Cota,"La Palma, CA",756,26:49,8:38,M 30-34/5,M-31,66,26:49,47.10%
96,Jan Tunnicliff,"Long Beach, CA",706,26:54,8:40,M 55-59/7,M-58,67,26:54,57.64%
97,Nathan Corkhill,"La Palma, CA",523,26:56,8:40,M 14-17/13,M-17,68,26:56,49.03%
98,Jennifer Lukacs,"Cerritos, CA",587,27:00,8:42,F 18-24/7,F-24,30,27:00,52.11%
99,Dee Nice,"La Palma, CA",753,27:02,8:43,M 35-39/7,M-36,69,27:02,48.14%
100,Todd Hilts,"San Diego, CA",793,27:11,8:45,M 35-39/8,M-36,70,27:11,47.88%
101,Ena Alvarenga,"Corona, CA",503,27:14,8:46,F 35-39/4,F-39,31,27:14,53.32%
102,Mark Standen,"Reno, NV",922,27:14,8:46,M 40-44/8,M-44,71,27:14,50.51%
103,Mike Turner,"Orange, CA",673,27:20,8:48,M 35-39/9,M-38,72,27:20,48.25%
104,James Coney,"Anaheim, CA",813,27:20,8:48,M 35-39/10,M-36,73,27:20,47.61%
105,Jim Smuts,"Riverside, CA",908,27:21,8:49,M 50-54/7,M-54,74,27:21,54.57%
106,Ed Buch,"Cypress, CA",515,27:22,8:49,M 60-65/3,M-60,75,27:22,57.82%
107,Kathleen De Vase,"Whittier, CA",530,27:28,8:51,F 40-44/6,F-42,32,27:28,53.97%
108,Denise Moore,"Fullerton, CA",802,27:28,8:51,F 45-49/5,F-49,33,27:28,57.35%
109,Virg Narbutas,"Long Beach, CA",614,27:28,8:51,M 50-54/8,M-51,76,27:28,52.93%
110,Anna Hamilton,"Garden Grove, CA",549,27:30,8:51,F 45-49/6,F-47,34,27:30,56.19%
111,Thomas Baird,"Whittier, CA",509,27:35,8:53,M 18-24/8,M-24,77,27:35,45.79%
112,William Rogers,"Buena Park, CA",723,27:37,8:54,M 45-49/12,M-49,78,27:37,51.77%
113,Bobby Chua,"La Palma, CA",790,27:44,8:56,M 14-17/14,M-15,79,27:44,49.21%
114,Ron Snyder,"Cerritos, CA",701,27:57,9:00,M 55-59/8,M-55,80,27:57,53.89%
115,Soli Byrd,"Buena Park, CA",809,28:14,9:06,F 35-39/5,F-37,35,28:14,50.83%
116,Kelsey Herrera,"La Palma, CA",559,28:23,9:09,F 14-17/4,F-14,36,28:23,53.00%
117,Hector Salcedo,"Buena Park, CA",805,28:24,9:09,M 55-59/9,M-57,81,28:24,54.05%
118,Richard Tamaki,"Cerritos, CA",763,28:25,9:09,M 40-44/9,M-43,82,28:25,48.05%
119,Gene Gilleland,"Corona, CA",546,28:25,9:09,M 45-49/13,M-48,83,28:25,49.91%
120,Veronica Hernandez,"Norwalk, CA",558,28:25,9:09,F 18-24/8,F-23,37,28:25,49.51%
121,Ellen Files,"Long Beach, CA",778,28:27,9:10,F 30-34/3,F-32,38,28:27,49.45%
122,Alexander Miyoshi,"Buena Park, CA",797,28:30,9:11,M 1-13/5,M-13,84,28:30,50.03%
123,Lauren Sierra,"La Mirada, CA",650,28:30,9:11,F 18-24/9,F-21,39,28:30,49.44%
124,Eukyo Chung,"Anaheim, CA",746,28:32,9:11,M 45-49/14,M-46,85,28:32,48.94%
125,Manuel Rivas,"Lakewood, CA",741,28:33,9:12,M 35-39/11,M-35,86,28:33,45.29%
126,Robert Fode,"Los Alamitos, CA",540,28:38,9:13,M 60-65/4,M-63,87,28:38,57.11%
127,Gessie Earley,"Yorba Linda, CA",765,28:47,9:16,F 40-44/7,F-41,40,28:47,51.13%
128,Frances Luna,"Whittier, CA",588,28:48,9:16,F 18-24/10,F-23,41,28:48,48.85%
129,Sarah Varley,"La Palma, CA",804,28:49,9:17,F 40-44/8,F-42,42,28:49,51.44%
130,Tim Lewis,"Yorba Linda, CA",730,28:52,9:18,M 50-54/9,M-52,88,28:52,50.79%
131,Patrick Hecht,"Yorba Linda, CA",556,28:54,9:18,M 14-17/15,M-14,89,28:54,48.19%
132,Amy Komatsuzki,"Lakewood, CA",760,28:55,9:19,F 35-39/6,F-35,43,28:55,49.13%
133,Thomas Cuevas,"La Habra, CA",527,29:01,9:21,M 66-69/1,M-69,90,29:01,60.71%
134,Steve Forster,"Long Beach, CA",541,29:02,9:21,M 40-44/10,M-43,91,29:02,47.03%
135,William Earley,"Yorba Linda, CA",767,29:04,9:22,M 40-44/11,M-44,92,29:04,47.32%
136,Greg Navarrete,"La Mirada, CA",615,29:05,9:22,M 50-54/10,M-50,93,29:05,49.57%
137,Krista Applegate,"La Mirada, CA",782,29:08,9:23,F 25-29/3,F-29,44,29:08,48.29%
138,Eriel Coto,"Bellflower, CA",707,29:10,9:24,M 30-34/6,M-32,94,29:10,43.47%
139,George Higa,"Cerritos, CA",560,29:12,9:24,M 66-69/2,M-67,95,29:12,58.76%
140,Henry Lee,"La Palma, CA",581,29:13,9:25,M 45-49/15,M-45,96,29:13,47.43%
141,Ed Nepomuceno,"La Palma, CA",616,29:14,9:25,M 30-34/7,M-31,97,29:14,43.21%
142,Jason Leiter,"Los Angeles, CA",808,29:15,9:25,M 30-34/8,M-33,98,29:15,43.64%
143,Cherie Stelter,"Downey, CA",692,29:32,9:31,F 25-29/4,F-29,45,29:32,47.64%
144,Laura Broscow,"Irvine, CA",783,29:33,9:31,F 14-17/5,F-14,46,29:33,50.91%
145,Darren Miyagawa,"Cypress, CA",601,29:38,9:33,M 40-44/12,M-43,99,29:38,46.08%
146,Carolyn Day,"Grand Junction, CO",925,29:39,9:33,F 18-24/11,F-18,47,29:39,48.41%
147,Rachel Miyagawa,"Cypress, CA",603,29:44,9:34,F 01-13/3,F-10,48,29:44,55.80%
148,Christine Kim,"Los Alamitos, CA",67,29:44,9:35,F 01-13/4,F-12,49,29:44,52.64%
149,Nick Medenas,"Villa Park, CA",824,29:48,9:36,M 40-44/13,M-44,100,29:48,46.16%
150,Sofia Salcedo,"Long Beach, CA",639,29:49,9:36,F 01-13/5,F-10,50,29:49,55.64%
151,Erin Czuba,"Whittier, CA",528,29:50,9:36,M 18-24/9,M-21,101,29:50,42.39%
152,Patrick Baird,"Whittier, CA",508,29:50,9:36,M 18-24/10,M-21,102,29:50,42.39%
153,Pamela Vaccarella,"La Palma, CA",776,29:59,9:39,F 35-39/7,F-35,51,29:59,47.38%
154,Catherine Lamas,"Pico Rivera, CA",578,30:02,9:40,F 45-49/7,F-45,52,30:02,50.54%
155,Karen Miyagawa,"Cypress, CA",602,30:03,9:41,F 45-49/8,F-46,53,30:03,50.96%
156,Larisa Lutes,"Los Angeles, CA",779,30:05,9:41,F 35-39/8,F-35,54,30:05,47.22%
157,Pamela Borrelli,"Valencia, CA",513,30:13,9:44,F 55-59/1,F-57,55,30:13,57.17%
158,Brandon Esqueda,"La Mirada, CA",536,30:13,9:44,M 14-17/16,M-17,103,30:13,43.70%
159,Joseph Esqueda,"La Mirada, CA",537,30:14,9:44,M 40-44/14,M-41,104,30:14,44.52%
160,Jennifer Martin,"Cypress, CA",590,30:23,9:47,F 30-34/4,F-34,56,30:23,46.54%
161,Tyler Camou,"Lakewood, CA",792,30:24,9:47,M 1-13/6,M-13,105,30:24,46.90%
162,Bruce Fenn,"Whittier, CA",733,30:30,9:49,M 60-65/5,M-60,106,30:30,51.88%
163,Ron Glassman,"Cerritos, CA",547,30:35,9:51,M 66-69/3,M-67,107,30:35,56.10%
164,Evan Pascual,"La Palma, CA",728,30:37,9:52,M 1-13/7,M-10,108,30:37,51.39%
165,Joey Testone,"Buena Park, CA",667,30:40,9:53,M 30-34/9,M-32,109,30:40,41.37%
166,Perry Htay,"Westminster, CA",568,30:41,9:53,M 40-44/15,M-43,110,30:41,44.50%
167,John Carrillo,"Long Beach, CA",801,30:44,9:54,M 40-44/16,M-44,111,30:44,44.75%
168,Garrett Wada,"La Palma, CA",682,30:45,9:54,M 40-44/17,M-44,112,30:45,44.73%
169,Jeanna Ramirez,"La Habra, CA",628,30:47,9:55,F 18-24/12,F-24,57,30:47,45.70%
170,Abigail Leung,"La Palma, CA",583,30:52,9:56,F 25-29/5,F-27,58,30:52,45.58%
171,Ricky Leung,"La Palma, CA",584,30:53,9:57,M 25-29/1,M-28,113,30:53,40.90%
172,Jessica Monicco,"Corona, CA",604,31:01,9:59,F 18-24/13,F-19,59,31:01,45.94%
173,Kara Mallari,"Los Alamitos, CA",806,31:03,10:00,F 18-24/14,F-18,60,31:03,46.23%
174,David Pasillas,"La Mirada, CA",691,31:05,10:00,M 50-54/11,M-54,114,31:05,48.01%
175,Ralph Rodriguez,"La Palma, CA",631,31:06,10:01,M 45-49/16,M-48,115,31:06,45.60%
176,Gisela Salcedo,"Buena Park, CA",769,31:10,10:02,F 55-59/2,F-55,61,31:10,54.03%
177,Douglas Seiden,"Burbank, CA",645,31:13,10:03,M 30-34/10,M-31,116,31:13,40.46%
178,Ryan Cota,"La Palma, CA",758,31:13,10:03,M 18-24/11,M-23,117,31:13,40.46%
179,Hiroshi Morita,"Fullerton, CA",606,31:21,10:06,M 60-65/6,M-64,118,31:21,52.76%
180,Dan Gilbreth,"Irvine, CA",911,31:22,10:06,M 30-34/11,M-31,119,31:22,40.27%
181,Pinkie Rice,"Long Beach, CA",791,31:28,10:08,F 70-75/1,F-71,62,31:28,69.24%
182,Cindy Testone,"Buena Park, CA",666,31:29,10:08,F 30-34/5,F-33,63,31:29,44.74%
183,Ben Draper,"La Palma, CA",533,31:31,10:09,M 30-34/12,M-33,120,31:31,40.50%
184,Jeannie Suwanpruiksa,"Cerritos, CA",663,31:32,10:09,F 30-34/6,F-34,64,31:32,44.85%
185,Dorothy Romines,"La Palma, CA",927,31:35,10:10,F 40-44/9,F-42,65,31:35,46.93%
186,William Harding,"La Palma, CA",552,31:40,10:12,M 40-44/18,M-44,121,31:40,43.43%
187,Allison Volivitch,"La Palma, CA",678,31:41,10:12,F 14-17/6,F-17,66,31:41,45.70%
188,Leo Alvidera,"Anaheim, CA",505,31:51,10:15,M 35-39/12,M-39,122,31:51,41.68%
189,Sydney Ellis,"Long Beach, CA",754,31:54,10:16,F 01-13/6,F-11,67,31:54,50.37%
190,John Ellis,"Long Beach, CA",757,31:54,10:16,M 45-49/17,M-47,123,31:54,44.11%
191,Marianne Renz,"Seal Beach, CA",755,31:54,10:16,F 50-54/2,F-52,68,31:54,50.97%
192,John Singer,"Lakewood, CA",653,31:55,10:17,M 66-69/4,M-67,124,31:55,53.76%
193,Jared Khan,"Whittier, CA",574,32:00,10:18,M 35-39/13,M-37,125,32:00,40.93%
194,Monica Corletto-Khan,"Whittier, CA",524,32:00,10:18,F 30-34/7,F-34,69,32:00,44.19%
195,Trish Guzman,"Huntington Beach, CA",825,32:01,10:19,F 40-44/10,F-40,70,32:01,45.65%
196,Don Weidenkeller,"La Palma, CA",136,32:01,10:19,M 76-99/1,M-77,126,32:01,62.33%
197,Tim Weidenkeller,"Rossmoor, CA",796,32:01,10:19,M 45-49/18,M-49,127,32:01,44.66%
198,Rick Schulz,"Placentia, CA",642,32:06,10:20,M 60-65/7,M-60,128,32:06,49.29%
199,Yvonne Holtzclaw,"Placentia, CA",567,32:07,10:20,F 50-54/3,F-50,71,32:07,49.55%
200,Rod Nakamoto,"Cypress, CA",610,32:07,10:21,M 45-49/19,M-47,129,32:07,43.81%
