Bib,Name,Gender,Age,Hometown,Overall,Men,M 30-34,Age/Grade,Finish,Chip Time,Gun Time
539,Corey Schuld,M,35,"Buena Park, CA",337 out of 343,206 out of 209,18 out of 18, 24.22% Place: 341,54:27 Pace: 17:32,54:27,54:27
693,Tim Verne,M,32,"Buena Park, CA",338 out of 343,207 out of 209,9 out of 9, 23.74% Place: 342,54:46 Pace: 17:38,54:46,54:46
692,Jeffrey Verne,M,6,"Buena Park, CA",339 out of 343,208 out of 209,19 out of 20, 34.16% Place: 310,54:46 Pace: 17:38,54:46,54:46
1288,Charlotte Rippel,F,47,"La Palma, CA",340 out of 343,132 out of 134,11 out of 12, 28.17% Place: 338,57:56 Pace: 18:39,57:56,57:56
734,Allyn Suzuki,F,8,"La Palma, CA",341 out of 343,133 out of 134,10 out of 10, 30.20% Place: 332,1:00:00 Pace: 19:19,1:00:00,1:00:00
733,Kori Suzuki,M,10,"La Palma, CA",342 out of 343,209 out of 209,20 out of 20, 26.30% Place: 340,1:00:02 Pace: 19:20,1:00:02,1:00:02
651,Regina Romero,F,46,"La Palma, CA",343 out of 343,134 out of 134,12 out of 12, 26.40% Place: 339,1:01:08 Pace: 19:41,1:01:08,1:01:08
