Bib,Name,Gender,Age,Hometown,Overall,Women,F 35-39,Age/Grade,Finish,Chip Time,Gun Time
1401,Melissa Rusler,F,50,"Aliso Viejo, CA",1801 out of 1805,1283 out of 1287,121 out of 121, 32.42% Place: 1790,3:50:03 Pace: 17:33,3:50:03,3:50:03
47,Ericka Alexander,F,39,"League City, TX",1802 out of 1805,1284 out of 1287,235 out of 235, 28.57% Place: 1803,3:56:44 Pace: 18:04,3:56:44,3:56:44
1823,Donna Santella,F,58,"Stockton, CA",1803 out of 1805,1285 out of 1287,49 out of 49, 34.48% Place: 1766,3:59:59 Pace: 18:19,3:59:59,3:59:59
2034,Julia Lawson,F,62,"Stockton, CA",1804 out of 1805,1286 out of 1287,26 out of 26, 35.35% Place: 1749,4:07:42 Pace: 18:54,4:07:42,4:07:42
2488,Wendy Surfas-Lekavich,F,45,"Palos Verdes Estates, CA",1805 out of 1805,1287 out of 1287,168 out of 168, 27.44% Place: 1804,4:17:28 Pace: 19:39,4:17:28,4:17:28
