Place,Name,Location,Bib,Net Time,Pace,Division/Place,Sex-Age,Sex-Place,Gun Time,Age Grade
1,Michael Marck,"Palos Verdes Peninsula, CA",1035,17:55,5:46,M 40-49/0,M-43,1,17:55,76.38%
2,Jake Courtney,"Hermosa Beach, CA",1329,18:03,5:49,M 40-49/0,M-45,2,18:03,77.01%
3,Tim Burdiak,"Manhattan Beach, CA",197,18:20,5:55,M 15-16/0,M-16,3,18:20,73.36%
4,Scott Humbarger,"Manhattan Beach, CA",441,18:29,5:57,M 17-18/1,M-18,4,18:34,70.53%
5,Mark Silva,"Manhattan Beach, CA",1321,18:30,5:58,M 40-49/1,M-45,5,18:33,74.93%
6,Chris Vargas,"Manhattan Beach, CA",791,18:45,6:02,M 50-59/1,M-51,6,18:49,77.56%
7,John Habertsoh,", ",982,19:28,6:16,M NoAge/0,M-0,7,19:36, 0.00%
8,Tamar Gamliel,"Rancho Palos Verdes, CA",1301,19:32,6:18,F 25-29/0,F-28,1,19:32,72.36%
9,Mike Marcoux,"Redondo Beach, CA",521,19:52,6:24,M 30-39/1,M-38,8,20:02,66.39%
10,Andrew Wong,"Manhattan Beach, CA",832,20:00,6:27,M 15-16/1,M-15,9,20:07,68.25%
11,Jim Newman,"Manhattan Beach, CA",583,20:28,6:36,M 40-49/2,M-49,10,20:31,69.88%
12,Chance Weston,"Hermosa Beach, CA",825,20:32,6:37,M 9-10/1,M-10,11,20:37,76.64%
13,Eric Chase,"Redondo Beach, CA",215,20:33,6:37,M 30-39/2,M-36,12,20:41,63.34%
14,Christian Oshita,"Hermosa Beach, CA",1122,20:44,6:41,M 9-10/2,M-10,13,20:47,75.90%
15,Daniel Gunny,"Manhattan Beach, CA",1318,20:52,6:43,M 17-18/2,M-17,14,21:07,63.30%
16,Michael Sandoval,"Manhattan Beach, CA",722,20:58,6:45,M 13-14/1,M-14,15,21:02,66.43%
17,Willard Weston,"Hermosa Beach, CA",826,21:03,6:47,M 40-49/3,M-47,16,21:12,66.86%
18,Marty Friedman,"Manhattan Beach, CA",376,21:14,6:50,M 60-99/1,M-61,17,21:18,75.34%
19,Manuel Ayala,"Los Angeles, CA",13,21:14,6:50,M 40-49/4,M-40,18,21:24,62.97%
20,Travis Bowe,"West Hollywood, CA",83,21:16,6:51,M 25-29/1,M-27,19,22:59,59.41%
21,Bob Hodges,"Palos Verdes Peninsula, CA",1127,21:23,6:53,M 40-49/5,M-45,20,21:28,64.82%
22,Ryan Sharp,"El Segundo, CA",734,21:26,6:54,M 13-14/2,M-14,21,21:30,64.99%
23,Will Padden,"Manhattan Beach, CA",612,21:29,6:55,M 13-14/3,M-13,22,21:33,66.38%
24,Carrie Schmidt,"Redondo Beach, CA",725,21:39,6:58,F 40-49/0,F-44,2,21:39,69.76%
25,Pete Gaidis,"El Segundo, CA",1211,21:57,7:04,M 30-39/3,M-32,23,22:12,57.81%
26,David Francisco,"Los Angeles, CA",1333,21:59,7:05,M 40-49/6,M-44,24,22:21,62.58%
27,J J Turkmany,"Manhattan Beach, CA",788,21:59,7:05,M 40-49/7,M-41,25,22:07,61.24%
28,Erik Elliott,"Manhattan Beach, CA",338,22:02,7:06,M 30-39/4,M-30,26,22:04,57.34%
29,John Li,"Manhattan Beach, CA",485,22:06,7:07,M 40-49/8,M-46,27,22:14,63.19%
30,Scott Young,"Manhattan Beach, CA",1029,22:09,7:08,M 40-49/9,M-44,28,22:15,62.11%
31,Eric Brown,"Redondo Beach, CA",1169,22:11,7:09,M 13-14/4,M-14,29,24:29,62.79%
32,Peter Riordan,"Manhattan Beach, CA",701,22:11,7:09,M 40-49/10,M-45,30,22:23,62.43%
33,David Gendron,"Manhattan Beach, CA",1325,22:22,7:12,M 30-39/5,M-36,31,22:32,58.19%
34,Justin Pratt,"Manhattan Beach, CA",866,22:23,7:13,M 13-14/5,M-14,32,22:28,62.23%
35,Bobby Donohue,"Manhattan Beach, CA",962,22:32,7:15,M 19-24/1,M-19,33,23:06,57.18%
36,Danielle Rode,"Redondo Beach, CA",1316,22:33,7:16,F 13-14/1,F-14,3,22:37,66.73%
37,Justin Macdonald,"Manhattan Beach, CA",507,22:42,7:19,M 11-12/1,M-12,34,22:52,64.58%
38,Alec Oshita,"Hermosa Beach, CA",1124,22:43,7:19,M 7-8/1,M-8,35,22:46,76.80%
39,Nicholas Mansfield,"Manhattan Beach, CA",512,22:51,7:21,M 13-14/6,M-13,36,22:55,62.41%
40,Nick Rigler,"Manhattan Beach, CA",696,22:51,7:22,M 13-14/7,M-13,37,22:54,62.41%
41,David Dixon,"Manhattan Beach, CA",289,22:57,7:23,M 60-99/2,M-61,38,24:10,69.70%
42,Marc Maye,", CA",50,22:58,7:24,M 19-24/2,M-24,39,23:03,55.01%
43,Clay Shannon,"Manhattan Beach, CA",728,22:58,7:24,M 40-49/11,M-46,40,23:03,60.81%
44,Andreas Schmidt,"Redondo Beach, CA",724,22:59,7:24,M NoAge/0,M-0,41,23:03, 0.00%
45,Daniel Wu,"Lawndale, CA",834,23:03,7:25,M 19-24/3,M-23,42,23:57,54.81%
46,Grechen Oshita,"Hermosa Beach, CA",1123,23:10,7:28,F 40-49/1,F-40,4,23:13,63.10%
47,Adam Sheipe,"Hermosa Beach, CA",1202,23:11,7:28,M 30-39/6,M-34,43,23:31,55.42%
48,Scott Delanty,"Manhattan Beach, CA",266,23:11,7:28,M 50-59/2,M-53,44,24:11,63.81%
49,Chase Redding,"Redondo Beach, CA",662,23:13,7:29,M 11-12/2,M-12,45,23:18,63.14%
50,Noelle Merritt,"Manhattan Beach, CA",1313,23:14,7:29,F 40-49/2,F-43,5,23:26,64.29%
51,Brooke Vonderahe,"Manhattan Beach, CA",926,23:17,7:30,F 13-14/2,F-13,6,23:21,65.80%
52,John Vinnicombe,"Manhattan Beach, CA",1159,23:19,7:31,M 50-59/3,M-51,46,23:30,62.31%
53,Mark Byrne,"Manhattan Beach, CA",932,23:22,7:31,M 40-49/12,M-48,47,23:46,60.71%
54,Lauren Roe,"Manhattan Beach, CA",706,23:32,7:35,F 30-39/1,F-36,7,24:20,60.67%
55,Connor Rafferty,"Manhattan Beach, CA",653,23:34,7:36,M 11-12/3,M-12,48,23:40,62.20%
56,Rosemary Henderson,", CA",428,23:39,7:37,F 50-59/1,F-51,8,23:49,68.01%
57,Max Rigler,"Manhattan Beach, CA",695,23:41,7:38,M 11-12/4,M-12,49,23:46,61.89%
58,Jeanne Allen,"Manhattan Beach, CA",119,23:43,7:38,F 15-16/1,F-16,9,23:58,61.72%
59,Jeffrey Ortiz,"Manhattan Beach, CA",606,23:44,7:39,M 40-49/13,M-43,50,23:58,57.54%
60,Anne Connell,"Redondo Beach, CA",1002,23:47,7:40,F 30-39/2,F-37,10,24:00,60.35%
61,Raman Bridwell,"Long Beach, CA",186,23:54,7:42,M 30-39/7,M-36,51,24:05,54.46%
62,Alicia Beatty,"Manhattan Beach, CA",159,23:56,7:43,F 13-14/3,F-14,11,24:15,62.87%
63,Bruce Pratt,"Redondo Beach, CA",972,23:57,7:43,M 30-39/8,M-33,52,24:30,53.31%
64,Richard Reaser,"El Segundo, CA",661,23:58,7:43,M 50-59/4,M-52,53,24:04,61.19%
65,Nicholas Barber,"Hermosa Beach, CA",137,23:59,7:44,M 9-10/3,M-10,54,24:02,65.61%
66,Kristen Parks,"Manhattan Beach, CA",624,24:02,7:45,F 11-12/1,F-12,12,24:22,65.13%
67,Constantine Demas,"Manhattan Beach, CA",269,24:03,7:45,M 25-29/2,M-29,55,24:21,52.53%
68,Ryan Verbiest,"Manhattan Beach, CA",794,24:05,7:45,M 11-12/5,M-11,56,24:08,62.87%
69,Jeff Decoste,"Hawthorne, CA",258,24:06,7:46,M 40-49/14,M-47,57,24:17,58.40%
70,Teresa Cho,"Manhattan Beach, CA",1210,24:16,7:49,F 40-49/3,F-43,13,24:24,61.55%
71,Elena Elena,", ",921,24:16,7:49,F 17-18/1,F-17,14,24:27,59.68%
72,Meghan Murphy,"Manhattan Beach, CA",569,24:16,7:49,F 11-12/2,F-12,15,24:23,64.46%
73,Denise Winner,"Manhattan Beach, CA",1001,24:17,7:49,F 30-39/3,F-37,16,24:25,59.10%
74,Ford Rigler,"Manhattan Beach, CA",693,24:23,7:51,M 7-8/2,M-8,58,24:28,71.54%
75,Tessa Allen,"Manhattan Beach, CA",122,24:24,7:52,F 11-12/3,F-11,17,24:29,65.81%
76,Todd Campbell,"Manhattan Beach, CA",85,24:26,7:52,M 30-39/9,M-37,59,24:41,53.62%
77,Christine Dauphine,"Redondo Beach, CA",256,24:29,7:53,F 30-39/4,F-32,18,24:48,57.43%
78,Sue Rigler,"Manhattan Beach, CA",697,24:34,7:55,F 40-49/4,F-43,19,24:34,60.80%
79,A J Shoemaker,"Redondo Beach, CA",739,24:35,7:55,M 13-14/8,M-13,60,24:39,58.01%
80,Meagan Rafferty,"Manhattan Beach, CA",654,24:36,7:55,F 11-12/4,F-12,20,24:41,63.63%
81,Mitch Dwyer,"Hermosa Beach, CA",335,24:43,7:58,M 11-12/6,M-12,61,25:04,59.30%
82,Sebastian Kverneland,"San Pedro, CA",98,24:48,7:59,M 19-24/4,M-23,62,31:22,50.94%
83,Brian Regan,"Manhattan Beach, CA",672,24:49,8:00,M 40-49/15,M-42,63,25:17,54.63%
84,Todd Mannix,"Rancho Palos Verdes, CA",510,24:51,8:00,M 30-39/10,M-38,64,25:17,53.07%
85,Todd Switzer,"Long Beach, CA",772,24:56,8:02,M 50-59/5,M-53,65,25:02,59.33%
86,David Blood,"Hermosa Beach, CA",181,24:56,8:02,M 40-49/16,M-41,66,25:01,53.99%
87,Kieran Blood,"Hermosa Beach, CA",182,24:57,8:02,M 7-8/3,M-8,67,25:01,69.92%
88,Adeline Allen,"Manhattan Beach, CA",118,24:58,8:02,F 13-14/4,F-14,21,25:11,60.26%
89,Danijel Mladenovic,"San Pedro, CA",106,24:58,8:02,M 19-24/5,M-23,68,31:23,50.60%
90,Madison Allen,"Manhattan Beach, CA",121,24:59,8:03,F 17-18/2,F-18,22,25:13,57.46%
91,Bridget Flanigan,"Hermosa Beach, CA",974,25:00,8:03,F 30-39/5,F-37,23,25:26,57.41%
92,Kevan Flanigan,"Hermosa Beach, CA",973,25:00,8:03,M 30-39/11,M-37,69,25:26,52.40%
93,Kyle Grafton,", ",860,25:02,8:04,M 11-12/7,M-11,70,25:05,60.48%
94,Cristian Erazo,"Inglewood, CA",27,25:03,8:04,M 13-14/9,M-14,71,25:11,55.60%
95,Joe Pastore,"Redondo Beach, CA",1037,25:03,8:04,M 40-49/17,M-46,72,25:11,55.75%
96,Jim Brown,"Redondo Beach, CA",1172,25:03,8:04,M 50-59/6,M-55,73,27:22,60.13%
97,Michael Smet,"El Segundo, CA",981,25:04,8:04,M 9-10/4,M-9,74,25:47,65.75%
98,Amy Cortina,"Redondo Beach, CA",238,25:06,8:05,F 25-29/1,F-25,24,26:16,56.06%
99,Tracy Kaber,"Hermosa Beach, CA",895,25:12,8:07,M 40-49/18,M-47,75,25:30,55.85%
100,Jim Quartarone,"Manhattan Beach, CA",1223,25:15,8:08,M 30-39/12,M-39,76,25:41,52.58%
101,Gerry Morton,"Manhattan Beach, CA",560,25:15,8:08,F 30-39/6,F-34,25,25:28,56.01%
102,Nicole Reagan,"Los Angeles, CA",659,25:15,8:08,F 15-16/2,F-15,26,25:23,58.70%
103,Justine Decoste,"Hawthorne, CA",261,25:17,8:08,F 17-18/3,F-17,27,25:31,57.28%
104,Audra Steller,"Manhattan Beach, CA",758,25:18,8:09,F 30-39/7,F-38,28,25:23,57.05%
105,Matthew Moss,"Tarzana, CA",1031,25:20,8:10,M 30-39/13,M-33,77,25:27,50.40%
106,John Denis,"Manhattan Beach, CA",275,25:25,8:11,M 40-49/19,M-47,78,25:36,55.37%
107,Carly Wagenbach,"Los Angeles, CA",798,25:26,8:11,F 11-12/5,F-12,29,25:31,61.55%
108,Michael Nolan,"Manhattan Bch, CA",586,25:28,8:12,M 13-14/10,M-14,79,25:33,54.69%
109,Riley Denis,"Manhattan Beach, CA",277,25:30,8:13,M 9-10/5,M-9,80,25:36,64.64%
110,Gabriella Li,"Manhattan Beach, CA",484,25:40,8:16,F 13-14/5,F-14,30,25:57,58.62%
111,Lisa Johnson-Yee,"Redondo Beach, CA",456,25:41,8:16,F 40-49/5,F-42,31,25:51,57.72%
112,Erin Brooks,"Manhattan Beach, CA",187,25:42,8:17,F 19-24/1,F-24,32,26:02,54.75%
113,Chris Brown,"Manhattan Beach, CA",1102,25:42,8:17,M 40-49/20,M-42,81,27:18,52.75%
114,Ryan Parks,"Manhattan Beach, CA",625,25:43,8:17,M 9-10/6,M-9,82,26:07,64.09%
115,Mollie Baumer,"Manhattan Beach, CA",152,25:43,8:17,F 30-39/8,F-39,33,26:31,56.47%
116,Cliff Allman,"Manhattan Beach, CA",123,25:43,8:17,M 50-59/7,M-58,83,25:53,60.25%
117,Rob Mcausland,", ",997,25:44,8:17,M 7-8/4,M-8,84,25:53,67.79%
118,Chuck Washburn,"Manhattan Beach, CA",821,25:53,8:20,M 50-59/8,M-55,85,26:10,58.20%
119,Theresa Dunn,"Hermosa Beach, CA",332,25:55,8:21,F 25-29/2,F-26,34,26:15,54.29%
120,Nolan Sharp,"El Segundo, CA",733,25:59,8:22,M 11-12/8,M-11,86,26:02,58.27%
121,Teresa Kadlec,"Manhattan Beach, CA",877,25:59,8:22,F 40-49/6,F-44,35,26:24,57.94%
122,Matt Sanford,"Manhattan Beach, CA",112,25:59,8:22,M NoAge/0,M-0,87,27:42, 0.00%
123,Ryan Fraher,"Manhattan Beach, CA",1152,26:00,8:22,M 11-12/9,M-12,88,26:04,56.38%
124,Megan Dalton,"Redondo Beach, CA",253,26:02,8:23,F 30-39/9,F-36,36,26:14,54.84%
125,Rod Oshita,"Hermosa Beach, CA",975,26:13,8:27,M 40-49/21,M-48,89,26:35,54.10%
126,Michael Hadley,"Manhattan Beach, CA",410,26:13,8:27,M 11-12/10,M-12,90,26:18,55.91%
127,Gregory Petersen,"Redondo Beach, CA",629,26:17,8:28,M 60-99/3,M-60,91,26:25,60.21%
128,Sean Ratigan,"Manhattan Beach, CA",658,26:19,8:29,M 9-10/7,M-9,92,26:43,62.63%
129,Jim Laverda,"Hawthorne, CA",478,26:19,8:29,M 30-39/14,M-38,93,27:19,50.11%
130,Conor Ratigan,"Manhattan Beach, CA",657,26:20,8:29,M 7-8/5,M-7,94,26:32,71.11%
131,Chris Plank,"Manhattan Beach, CA",637,26:21,8:29,M 40-49/22,M-43,95,27:27,51.82%
132,Emma Olsen,"Manhattan Beach, CA",601,26:23,8:30,F 09-10/1,F-9,37,26:27,65.43%
133,Heath Gregory,"Manhattan Beach, CA",1215,26:24,8:30,M 30-39/15,M-33,96,27:09,48.36%
134,George Vbn Es,"Redondo Beach, CA",1147,26:28,8:31,M 40-49/23,M-43,97,27:01,51.59%
135,Wil Vonderahe,"Manhattan Beach, CA",925,26:29,8:32,M 40-49/24,M-44,98,26:33,51.94%
136,Eric Lopez,"Redondo Beach, CA",497,26:29,8:32,M 11-12/11,M-11,99,26:52,57.13%
137,Shaunt Hartounian,"Simi Valley, CA",94,26:34,8:33,M 25-29/3,M-27,100,26:57,47.55%
138,Chad Karthauser,"Lawndale, CA",459,26:34,8:33,M 25-29/4,M-29,101,26:34,47.55%
139,Adam Kalt,"Santa Monica, CA",457,26:42,8:36,M 25-29/5,M-25,102,27:33,47.31%
140,Jim Harger,"Manhattan Beach, CA",90,26:44,8:37,M 40-49/25,M-49,103,26:58,53.49%
141,Peter Nolan,"Manhattan Beach, CA",587,26:44,8:37,M 40-49/26,M-49,104,27:07,53.49%
142,Preston Ortiz,"Manhattan Beach, CA",608,26:48,8:38,M 9-10/8,M-9,105,27:10,61.50%
143,Brian Humbarger,"Manhattan Beach, CA",438,26:50,8:39,M 15-16/2,M-15,106,27:17,50.86%
144,Cristin Schult,"Manhattan Beach, CA",893,26:51,8:39,F 25-29/3,F-26,38,27:59,52.40%
145,Stacey Vargas,"Manhattan Beach, CA",894,26:51,8:39,F 40-49/7,F-43,39,27:59,55.63%
146,Brooke Redington,"Manhattan Beach, CA",666,26:52,8:39,F 07-08/1,F-8,40,27:00,67.51%
147,Luis Villaneda,"Manhattan Beach, CA",1153,26:55,8:40,M 30-39/16,M-32,107,27:32,47.14%
148,Brett Salazar,"Hawthorne, CA",719,26:57,8:41,M 13-14/11,M-13,108,27:02,52.91%
149,Logan Sharp,"El Segundo, CA",732,26:58,8:41,M 1-6/1,M-6,109,27:12,76.04%
150,Craig Rowe,", CA",111,27:00,8:42,M 25-29/6,M-27,110,28:02,46.78%
151,Joey Merkin,"Manhattan Beach, CA",1314,27:07,8:44,M 7-8/6,M-7,111,27:18,69.06%
152,Jeff Hextall,"Manhattan Beach, CA",432,27:10,8:45,M 11-12/12,M-12,112,35:54,53.95%
153,Riley Livingston,"Redondo Beach, CA",494,27:18,8:48,M 9-10/9,M-9,113,27:22,60.37%
154,Cindy Byrne,"Manhattan Beach, CA",933,27:18,8:48,F 40-49/8,F-46,41,27:42,56.09%
155,Andrew Bonanno,"Manhattan Beach, CA",184,27:20,8:48,M 17-18/3,M-17,114,28:15,48.31%
156,Andrew Burdiak,"Manhattan Beach, CA",194,27:21,8:49,M 11-12/13,M-12,115,27:38,53.56%
157,Austin Cole,"Redondo Beach, CA",219,27:22,8:49,M 9-10/10,M-9,116,27:27,60.22%
158,William Goodin,"Manhattan Beach, CA",395,27:25,8:50,M 60-99/4,M-60,117,27:43,57.72%
159,Peter Rech,"Manhattan Beach, CA",1030,27:31,8:52,M 60-99/5,M-62,118,27:47,58.76%
160,Aiden Blood,"Hermosa Beach, CA",180,27:32,8:52,M 9-10/11,M-10,119,27:35,57.15%
161,Nancy Miller,"Manhattan Beach, CA",553,27:32,8:52,F 50-59/2,F-57,42,27:45,62.75%
162,Cj Rigler,"Manhattan Beach, CA",692,27:33,8:52,M 40-49/27,M-43,120,27:38,49.56%
163,Christina Sharp,"Hermosa Beach, CA",1027,27:35,8:53,F 15-16/3,F-16,43,27:40,53.06%
164,Tom Humbarger,"Manhattan Beach, CA",442,27:38,8:54,M 40-49/28,M-48,121,28:21,51.33%
165,Jamie McCabe,"Manhattan Beach, CA",526,27:51,8:58,M 40-49/29,M-43,122,28:00,49.03%
166,Amanda West,"Redondo Beach, CA",1315,27:52,8:58,F 30-39/10,F-37,44,28:06,51.50%
167,Adam Jauerguin,"Los Angeles, CA",38,27:55,8:59,M 13-14/12,M-14,123,28:00,49.89%
168,Henry Humbarger,"Manhattan Beach, CA",439,27:55,8:59,M 7-8/7,M-7,124,28:21,67.08%
169,Jen Berlinger,"Manhattan Beach, CA",1320,27:55,9:00,F 30-39/11,F-34,45,28:20,50.66%
170,Dennis Fraher,", ",1151,27:57,9:00,M 40-49/30,M-43,125,29:14,48.85%
171,Will Campbell,"Manhattan Beach, CA",207,27:57,9:00,M 1-6/2,M-6,126,28:24,73.41%
172,Erica Bridwell,"Long Beach, CA",185,27:57,9:00,F 30-39/12,F-36,46,28:38,51.07%
173,Jack Au T,", ",1139,27:58,9:01,M 7-8/8,M-7,127,28:24,66.96%
174,Megan Rech,", ",1003,28:01,9:02,F 25-29/4,F-28,47,28:51,50.19%
175,Renee Harkenrider,"Torrance, CA",423,28:03,9:02,F 30-39/13,F-34,48,29:06,50.42%
176,Caitlin McCarthy,"Redondo Beach, CA",969,28:09,9:04,F 11-12/6,F-12,49,28:17,55.60%
177,Stephen Sharp,"El Segundo, CA",736,28:18,9:07,M 40-49/31,M-42,128,28:31,47.90%
178,Scott Dempster,"Manhattan Beach, CA",273,28:20,9:07,M 40-49/32,M-46,129,28:27,49.28%
179,Katie Dempster,"Manhattan Beach, CA",271,28:20,9:07,F 11-12/7,F-11,50,28:27,56.71%
180,Ellen Beatty,", ",1049,28:21,9:08,F 40-49/9,F-44,51,28:41,53.07%
181,Will Riordan,"Manhattan Beach, CA",702,28:22,9:08,M 9-10/12,M-9,130,28:34,58.10%
182,Lauren Forbes,"Manhattan Beach, CA",366,28:24,9:09,F 40-49/10,F-40,52,28:58,51.46%
183,Timothy Newlin,"Los Angeles, CA",107,28:32,9:12,M 25-29/7,M-27,131,30:15,44.27%
184,Nick Gil,"Manhattan Beach, CA",391,28:34,9:12,M 19-24/6,M-22,132,29:53,44.22%
185,Shelley Dixon,"Manhattan Beach, CA",291,28:34,9:12,F 19-24/2,F-23,53,29:53,49.25%
186,Kaeli Lindholm,", CA",103,28:34,9:12,F 25-29/5,F-25,54,30:18,49.25%
187,Chad Lindholm,", CA",102,28:35,9:12,M 25-29/8,M-27,133,30:18,44.19%
188,Pat Dorr,"Hawthorne, CA",917,28:36,9:13,M 30-39/17,M-37,134,28:57,45.80%
189,Sean Harger,"Manhattan Beach, CA",93,28:37,9:13,M 13-14/13,M-14,135,29:00,48.66%
190,Leyla Dervish,"Lawndale, CA",278,28:40,9:14,F 30-39/14,F-30,55,28:58,49.08%
191,Tom Bressar,"Anaheim, CA",84,28:42,9:15,M 40-49/33,M-47,136,28:56,49.03%
192,Peter Oswald,"Manhattan Beach, CA",108,28:45,9:16,M 25-29/9,M-27,137,30:14,43.94%
193,James Wagenbach,"Los Angeles, CA",800,28:48,9:16,M 40-49/34,M-42,138,29:11,47.07%
194,George Wright,"Manhattan Beach, CA",1328,28:48,9:16,M 40-49/35,M-46,139,29:04,48.48%
195,Steven Lulich,"Redondo Beach, CA",506,28:49,9:17,M 30-39/18,M-39,140,28:59,46.07%
196,Scott Mason,"Redondo Beach, CA",524,28:52,9:18,M 40-49/36,M-47,141,29:46,48.75%
197,Marco Delloro,"Manhattan Beach, CA",902,28:56,9:19,M 13-14/14,M-13,142,29:00,49.28%
198,Jack Gebele,"Hermosa Beach, CA",380,28:56,9:19,M 7-8/9,M-7,143,30:20,64.72%
199,Justin Pastore,"Redondo Beach, CA",1038,28:58,9:20,M 11-12/14,M-11,144,29:05,52.27%
200,Christine Francis,"Manhattan Beach, CA",370,28:59,9:20,F 40-49/11,F-40,56,29:48,50.43%
201,Bob Elliott,"Manhattan Beach, CA",337,28:59,9:20,M 60-99/6,M-65,145,29:02,57.75%
202,Dan Tepstein,"Manhattan Beach, CA",777,28:59,9:20,M 30-39/19,M-36,146,29:50,44.90%
203,Mark Eastom,"Manhattan Beach, CA",923,29:00,9:20,M 30-39/20,M-33,147,29:21,44.02%
204,Declan Wright,"Manhattan Beach, CA",1327,29:00,9:20,M 9-10/13,M-9,148,29:04,56.83%
205,Marta Katz,", ",1020,29:09,9:23,F 30-39/15,F-35,57,29:58,48.73%
206,Nancy Paatt,"Manhattan Beach, CA",865,29:10,9:24,F 40-49/12,F-48,58,29:33,53.48%
207,Daniel McGough,"Manhattan Beach, CA",540,29:13,9:25,M 11-12/15,M-11,149,29:16,51.82%
208,Carolyn Padden,"Manhattan Beach, CA",610,29:14,9:25,F 09-10/2,F-10,59,29:33,56.75%
209,Juliette McCall,"Torrance, CA",530,29:21,9:27,F 11-12/8,F-12,60,29:34,53.33%
210,Lisa Bell,"Torrance, CA",163,29:22,9:27,F 13-14/6,F-13,61,29:35,52.16%
211,Kathy Glynn,"Manhattan Beach, CA",1221,29:22,9:27,F 40-49/13,F-41,62,30:11,50.11%
212,Leo Fernandez,"Manhattan Beach, CA",358,29:22,9:27,M 30-39/21,M-35,150,30:06,44.03%
213,Cassie Shannon,"Manhattan Beach, CA",727,29:22,9:28,F 11-12/9,F-12,63,29:30,53.30%
214,Sean Ward,"Redondo Beach, CA",810,29:22,9:28,M 9-10/14,M-10,151,29:28,53.55%
215,Tyler Mohames,"Sherman Oaks, CA",554,29:24,9:28,M 1-6/3,M-6,152,29:37,69.79%
216,Karen Kramer,"Sherman Oaks, CA",476,29:24,9:28,F 40-49/14,F-41,64,29:37,50.05%
217,Richard Gebele,"Hermosa Beach, CA",383,29:31,9:30,M 40-49/37,M-40,153,30:50,45.29%
218,Cheryl Burdiak,"Manhattan Beach, CA",195,29:31,9:31,F 40-49/15,F-48,65,29:46,52.85%
219,Steve Duchesne,"Redondo Beach, CA",327,29:34,9:31,M 40-49/38,M-42,154,29:45,45.82%
220,Thomas Steinke,"Manhattan Beach, CA",757,29:41,9:34,M 11-12/16,M-12,155,29:46,49.38%
221,Tommy Cunningham,"Manhattan Beach, CA",251,29:43,9:34,M 9-10/15,M-10,156,29:50,52.95%
222,Lincoln Stone,"Manhattan Beach, CA",764,29:46,9:35,M 40-49/39,M-47,157,30:25,47.27%
223,Tyler Knudson,", ",939,29:47,9:36,M 9-10/16,M-10,158,29:55,52.80%
224,Vincent Licciardone,"Hawthorne, CA",489,29:48,9:36,M 11-12/17,M-12,159,29:54,49.18%
225,Paul Dorr,"Manhattan Beach, CA",314,29:48,9:36,M 60-99/7,M-70,160,30:09,59.94%
226,Joseph Licciardone,"Hawthorne, CA",487,29:49,9:36,M 13-14/15,M-13,161,29:54,47.82%
227,Allison Ulbirch,"Hermosa Beach, CA",113,29:49,9:36,F 25-29/6,F-27,66,31:18,47.19%
228,Jon Halvorsen,"Hawthorne, CA",414,29:50,9:37,M 40-49/40,M-48,162,30:18,47.54%
229,Katie Costopoulos,", ",1021,29:55,9:38,F 17-18/4,F-17,67,30:10,48.41%
230,Christie Caras,", ",1026,29:56,9:38,F 30-39/16,F-38,68,30:24,48.22%
231,Bobby Nolan,"Manhattan Beach, CA",584,29:58,9:39,M 11-12/18,M-12,163,30:03,48.91%
232,Deborah Gunny,"Manhattan Beach, CA",405,29:58,9:39,F 50-59/3,F-51,69,30:15,53.67%
233,Caitlin Relyea,"Manhattan Beach, CA",1045,30:06,9:42,F 17-18/5,F-18,70,31:21,47.69%
234,Trisha Bryant,"Seattle, WA",1044,30:07,9:42,F 30-39/17,F-33,71,31:21,46.77%
235,Teal Levine,"Manhattan Beach, CA",482,30:09,9:43,F 30-39/18,F-38,72,30:52,47.87%
236,Patricio Barrera,"Manhattan Beach, CA",147,30:11,9:43,M 40-49/41,M-43,164,30:45,45.24%
237,Regan Hendrickson,"El Segundo, CA",431,30:12,9:43,F 01-06/1,F-1,73,31:29, 0.00%
238,Justin Hendrickson,"El Segundo, CA",430,30:12,9:44,M 30-39/22,M-34,165,31:29,42.54%
239,Kathryn Gardner,"El Segundo, CA",377,30:15,9:44,F 40-49/16,F-49,74,30:33,52.07%
240,Connor Cole,"Redondo Beach, CA",220,30:15,9:45,M 9-10/17,M-9,166,30:21,54.48%
241,Gordon Rowland,"Manhattan Beach, CA",711,30:17,9:45,M 9-10/18,M-9,167,30:25,54.42%
242,Austin Stone,"Manhattan Beach, CA",763,30:18,9:45,M 9-10/19,M-9,168,30:25,54.39%
243,Roger Bardean,"Hermosa Beach, CA",142,30:18,9:46,M 40-49/42,M-43,169,33:59,45.06%
244,Kyler Mozell,"Torrance, CA",565,30:18,9:46,M 11-12/19,M-12,170,30:43,48.37%
245,Andrew Wallender,"Manhattan Beach, CA",801,30:19,9:46,M 11-12/20,M-12,171,30:44,48.34%
246,Duncan Bardean,"Hermosa Beach, CA",140,30:20,9:46,M 9-10/20,M-9,172,34:00,54.33%
247,Tom Smet,"El Segundo, CA",980,30:20,9:46,M 40-49/43,M-46,173,31:04,46.03%
248,Katherine Duchesne,"Redondo Beach, CA",325,30:20,9:46,F 40-49/17,F-42,75,30:35,48.86%
249,Madison Evans,"Los Angeles, CA",344,30:20,9:46,F 09-10/3,F-10,76,30:30,54.69%
250,Charlie Kroener,"Manhattan Beach, CA",1042,30:21,9:46,F 01-06/2,F-6,77,31:16,69.42%
251,Aj Kroener,"Manhattan Beach, CA",1041,30:22,9:47,M 40-49/44,M-42,174,31:17,44.64%
252,Amy Reaser,"El Segundo, CA",660,30:27,9:48,F 15-16/4,F-15,78,31:16,48.67%
253,John Baumer,"Manhattan Beach, CA",150,30:30,9:49,M 40-49/45,M-40,175,31:38,43.83%
254,Maxwell Baumer,"Manhattan Beach, CA",151,30:30,9:49,M 7-8/10,M-8,176,31:37,57.19%
255,Nick Roberti,"Redondo Beach, CA",705,30:30,9:49,M 11-12/21,M-12,177,30:41,48.05%
256,Ellie Whelan,"Manhattan Beach, CA",827,30:32,9:50,F 40-49/18,F-48,79,31:55,51.09%
257,Katie Wehrly,"Manhattan Beach, CA",822,30:33,9:50,F 07-08/2,F-7,80,31:27,63.34%
258,Spencer Wehrly,"Manhattan Beach, CA",823,30:33,9:50,M 9-10/21,M-10,178,31:27,51.50%
259,Jennifer Padilla,"Manhattan Beach, CA",613,30:34,9:51,F 13-14/7,F-13,81,31:10,50.11%
260,Kelly Cole,"Redondo Beach, CA",221,30:38,9:52,F 30-39/19,F-39,82,31:31,47.40%
261,Aidan Reesing,"Manhattan Beach, CA",1117,30:40,9:53,M 1-6/4,M-6,179,31:06,66.90%
262,Jeff Reesing,"Manhattan Beach, CA",1115,30:40,9:53,M 30-39/23,M-39,180,31:06,43.29%
263,Jessica Sanders,"Los Angeles, CA",970,30:48,9:55,F 25-29/7,F-26,83,31:21,45.68%
264,Jonathan Sandoval,"Los Angeles, CA",68,30:48,9:55,M 13-14/16,M-13,181,30:54,46.29%
265,Connie Mata,", ",951,30:50,9:56,F 25-29/8,F-25,84,31:08,45.63%
266,Daniel Legler,"Manhattan Beach, CA",953,30:50,9:56,M 13-14/17,M-14,182,31:26,45.16%
267,Glenna Sparks,"Manhattan Beach, CA",750,30:53,9:57,F 60-99/1,F-65,85,31:21,63.07%
268,Shawn Parks,"Manhattan Beach, CA",626,30:55,9:57,M 40-49/46,M-48,183,31:19,45.87%
269,Kyle Denis,"Manhattan Beach, CA",276,30:55,9:57,M 13-14/18,M-14,184,31:02,45.04%
270,J T Gryder,"El Segundo, CA",401,30:55,9:58,M 13-14/19,M-14,185,31:02,45.04%
271,Zach Fasano,"Redondo Beach, CA",356,30:56,9:58,M 13-14/20,M-13,186,31:01,46.09%
272,Grace Campbell,"Manhattan Beach, CA",204,30:56,9:58,F 09-10/4,F-10,86,31:31,53.63%
273,Jillian Parks,"Manhattan Beach, CA",623,31:00,9:59,F 09-10/5,F-10,87,31:19,53.52%
274,Jessica Sorrentino,"Manhattan Beach, CA",748,31:01,9:59,F 30-39/20,F-34,88,31:48,45.59%
275,Kelly Byrne,"Manhattan Beach, CA",200,31:02,10:00,F 09-10/6,F-10,89,31:37,53.46%
276,Sophie Mansfield,"Manhattan Beach, CA",515,31:03,10:00,F 11-12/10,F-11,90,31:10,51.75%
277,Michelle Stauber,"Manhattan Beach, CA",754,31:03,10:00,F 07-08/3,F-8,91,32:11,58.44%
278,Andi Sass,"Redondo Beach, CA",1160,31:05,10:01,F 25-29/9,F-25,92,31:58,45.26%
279,Veronica Mracek,", ",1004,31:09,10:02,F NoAge/0,F-0,93,31:58, 0.00%
280,Marian Drahnak,"Hermosa Beach, CA",322,31:10,10:02,F 50-59/4,F-51,94,31:43,51.60%
281,Matthew Costopoulos,", ",1023,31:12,10:03,M 1-6/5,M-6,187,31:37,65.76%
282,Mark Costopoulos,", ",1024,31:12,10:03,M 50-59/9,M-54,188,31:37,47.83%
283,Nancy Livingston,"Redondo Beach, CA",493,31:13,10:03,F 40-49/19,F-41,95,32:05,47.14%
284,Jay Schwan,"Manhattan Beach, CA",1136,31:18,10:05,M 13-14/21,M-13,189,31:35,45.55%
285,Sarah Lucenti,"Manhattan Beach, CA",501,31:22,10:06,F 11-12/11,F-12,96,31:55,49.90%
286,Meghan Smith,"Manhattan Beach, CA",928,31:28,10:08,F 07-08/4,F-8,97,32:35,57.64%
287,Kelleen Smith,"Manhattan Beach, CA",929,31:30,10:09,F 01-06/3,F-6,98,32:37,66.88%
288,Abraham Maciel,"Los Angeles, CA",45,31:31,10:09,M 11-12/22,M-12,190,31:37,46.50%
289,Jimmy Duchesne,"Redondo Beach, CA",323,31:31,10:09,M 7-8/11,M-8,191,31:42,55.34%
290,Anthony Lucenti,"Manhattan Beach, CA",500,31:34,10:10,M 7-8/12,M-7,192,32:06,59.32%
291,Grace Gunderman,"El Segundo, CA",404,31:35,10:10,F 15-16/5,F-15,99,32:06,46.92%
292,Declan Dooley,"Manhattan Beach, CA",305,31:36,10:10,M 7-8/13,M-7,193,32:03,59.25%
293,Jen Honey,"Manhattan Beach, CA",1173,31:39,10:11,F 40-49/20,F-40,100,31:39,46.18%
294,Claudia Betz,"Manhattan Bch, CA",165,31:41,10:12,F 07-08/5,F-7,101,33:01,61.07%
295,Micaela De Cardenas,"Manhattan Beach, CA",87,31:43,10:13,F 25-29/10,F-26,102,32:09,44.36%
296,Ty Dillman,"Manhattan Beach, CA",288,31:43,10:13,M 7-8/14,M-8,194,31:54,54.99%
297,Eimy Paulsem,"San Pedro, CA",109,31:44,10:13,F 19-24/3,F-20,103,38:16,44.62%
298,Sean Blandino,"Hawthorne, CA",177,31:44,10:13,M 7-8/15,M-7,195,31:54,59.01%
299,Rachael Peacock,"Manhattan Beach, CA",627,31:44,10:13,F 07-08/6,F-7,104,32:07,60.95%
300,Richard Peacock,"Manhattan Beach, CA",628,31:44,10:13,M 30-39/24,M-38,196,32:07,41.53%
301,Claire Gunderman,"El Segundo, CA",403,31:45,10:13,F 11-12/12,F-12,105,31:53,49.29%
302,Helena Takeuchi,"Torrance, CA",1158,31:47,10:14,F 11-12/13,F-12,106,31:59,49.24%
303,Patti Riordan,"Manhattan Beach, CA",700,31:47,10:14,F 40-49/21,F-42,107,33:35,46.63%
304,Colin Livingston,"Redondo Beach, CA",490,31:50,10:15,M 7-8/16,M-7,197,31:58,58.82%
305,Lou Dumont,"Manhattan Beach, CA",330,31:52,10:16,M 40-49/47,M-46,198,32:37,43.82%
306,Anthony Shannon,"Manhattan Beach, CA",726,31:54,10:16,M 15-16/3,M-15,199,32:49,42.78%
307,Tim Shannon,"Manhattan Beach, CA",731,31:57,10:17,M 9-10/22,M-10,200,32:53,49.24%
308,Simon Stauber,"Manhattan Beach, CA",755,31:59,10:18,M 9-10/23,M-10,201,33:00,49.19%
309,Wikki Lambert,", ",1047,32:00,10:18,M NoAge/0,M-0,202,32:26, 0.00%
310,Kerrigan Livingston,"Redondo Beach, CA",492,32:06,10:20,F 01-06/4,F-5,108,32:06,73.80%
311,Peter Mansfield,"Manhattan Beach, CA",513,32:08,10:21,M 40-49/48,M-47,203,32:41,43.79%
312,Martha Mansfield,"Manhattan Beach, CA",511,32:08,10:21,F 40-49/22,F-48,109,32:41,48.54%
313,Sammy Mansfield,"Manhattan Beach, CA",514,32:12,10:22,M 7-8/17,M-8,204,32:41,54.17%
314,Brian Ratigan,"Manhattan Beach, CA",656,32:16,10:23,M 30-39/25,M-37,205,32:28,40.59%
315,Rossy Perez,"Los Angeles, CA",58,32:19,10:24,F 13-14/8,F-13,110,32:23,47.39%
316,Patty Sarabia,"Compton, CA",71,32:21,10:25,F 19-24/4,F-19,111,32:38,44.04%
317,Jessica Chase,"Redondo Beach, CA",216,32:21,10:25,F 30-39/21,F-34,112,32:32,43.71%
318,Barbara Morrison,"Manhattan Beach, CA",557,32:23,10:26,F 50-59/5,F-57,113,33:42,53.35%
319,Logan Forbes,"Manhattan Beach, CA",367,32:24,10:26,M 7-8/18,M-7,206,32:50,57.79%
320,Kelsey Warren,"Manhattan Beach, CA",814,32:26,10:27,M 7-8/19,M-7,207,32:38,57.73%
321,Mike Nutting,"Manhattan Beach, CA",591,32:26,10:27,M 30-39/26,M-32,208,32:26,39.11%
322,Terri Warren,"Manhattan Beach, CA",815,32:26,10:27,F 40-49/23,F-42,114,32:38,45.70%
323,Susan Kaminski,"Manhattan Beach, CA",458,32:27,10:27,F 40-49/24,F-47,115,33:43,47.62%
324,Steven Kaats,"Torrance, CA",97,32:31,10:28,M 13-14/22,M-13,209,33:11,43.85%
325,Anne Marie Gunderman,"El Segundo, CA",402,32:32,10:29,F 40-49/25,F-42,116,33:00,45.53%
326,Cian Ward,"Redondo Beach, CA",808,32:33,10:29,M 7-8/20,M-7,210,33:40,57.52%
327,Barbara Kaber,"Hermosa Beach, CA",896,32:35,10:30,F 40-49/26,F-41,117,32:55,45.16%
328,Robin Janotta,"Hermosa Beach, CA",455,32:36,10:30,M 13-14/23,M-13,211,33:09,43.73%
329,Brian Walmsley,"Hermosa Beach, CA",806,32:38,10:31,M 30-39/27,M-35,212,32:58,39.62%
330,Angela Mangone,"Hermosa Beach, CA",509,32:39,10:31,F 30-39/22,F-33,118,32:59,43.14%
331,Jim Myers,", ",976,32:41,10:31,M 50-59/10,M-52,213,33:12,44.86%
332,Dayana Vaquero,"Los Angeles, CA",76,32:42,10:32,F 11-12/14,F-11,119,32:46,49.13%
333,Paul Steinke,"Manhattan Beach, CA",756,32:42,10:32,M 50-59/11,M-58,214,32:52,47.41%
334,Stephen Betz,"Manhattan Bch, CA",168,32:46,10:33,M 50-59/12,M-53,215,33:02,45.14%
335,Erin Dodson,"Hermosa Beach, CA",898,32:47,10:33,F 09-10/7,F-9,120,33:10,52.65%
336,Jill Betz,"Manhattan Bch, CA",166,32:48,10:34,F 30-39/23,F-39,121,34:10,44.27%
337,Flora Hernandez,"Los Angeles, CA",34,32:53,10:35,F 15-16/6,F-15,122,33:58,45.07%
338,Muriel Zino,"Redondo Beach, CA",843,32:56,10:36,F 11-12/15,F-12,123,33:16,47.52%
339,Kari Shannon,"Manhattan Beach, CA",730,32:59,10:37,F 15-16/7,F-16,124,33:39,44.35%
340,Robert Dodson,"Hermosa Beach, CA",897,33:00,10:38,M 40-49/49,M-43,216,33:24,41.37%
341,Tyler Ferrin,"Hawthorne, CA",362,33:11,10:41,M 9-10/24,M-9,217,34:12,49.66%
342,Lauren Failla,"Santa Monica, CA",349,33:15,10:43,F 25-29/11,F-26,125,34:06,42.31%
343,Katherine Ayala,"Los Angeles, CA",12,33:20,10:44,F 13-14/9,F-13,126,33:24,45.95%
344,Colin Jacobs,"Manhattan Beach, CA",452,33:23,10:45,M 1-6/6,M-4,218,34:51, 0.00%
345,Mark Jacobs,"Manhattan Beach, CA",453,33:23,10:45,M 30-39/28,M-37,219,34:52,39.24%
346,Chase Jacobs,"Manhattan Beach, CA",451,33:24,10:45,M 1-6/7,M-2,220,34:53, 0.00%
347,Jack Anhut,"Manhattan Beach, CA",127,33:25,10:46,M 9-10/25,M-9,221,33:49,49.31%
348,Marija Maslovaric,"San Pedro, CA",105,33:27,10:46,F 19-24/5,F-24,127,39:58,42.06%
349,Patrick Dooley,"Manhattan Beach, CA",308,33:34,10:49,M NoAge/0,M-0,222,34:01, 0.00%
350,Evan Dooley,"Manhattan Beach, CA",306,33:35,10:49,M 1-6/8,M-6,223,34:01,61.09%
351,Jeff Cunningham,"Manhattan Beach, CA",250,33:36,10:49,M 40-49/50,M-46,224,33:43,41.55%
352,Cassie Zimnoch,"Redondo Beach, CA",839,33:41,10:51,F 11-12/16,F-12,128,33:48,46.46%
353,Christopher Daroca,"El Segundo, CA",255,33:49,10:53,M 13-14/24,M-14,225,33:56,41.18%
354,Cameron Plank,"Manhattan Beach, CA",636,33:50,10:54,M 7-8/21,M-8,226,33:56,51.55%
355,Maximilian Paez,"Redondo Beach, CA",621,33:51,10:54,M 13-14/25,M-13,227,33:57,42.12%
356,Barbara Mons,"Manhattan Beach, CA",555,33:52,10:55,F 40-49/27,F-46,129,34:46,45.21%
357,Christian Betz,"Manhattan Bch, CA",164,33:55,10:55,M 1-6/9,M-4,228,34:10, 0.00%
358,Shane Mcausland,", ",998,33:55,10:55,M 1-6/10,M-6,229,34:03,60.49%
359,Kristin Meehan,"Los Angeles, CA",551,33:56,10:56,F 25-29/12,F-29,130,35:06,41.46%
360,Megan Riordan,"Manhattan Beach, CA",699,33:57,10:56,F 11-12/17,F-12,131,34:07,46.10%
361,James Meehan,"Los Angeles, CA",550,33:57,10:56,M 30-39/29,M-30,230,35:06,37.20%
362,Sam McCabe,"Manhattan Beach, CA",529,34:00,10:57,M 7-8/22,M-8,231,34:09,51.30%
363,Annie Cunningham,"Manhattan Beach, CA",249,34:04,10:58,F 11-12/18,F-12,132,34:12,45.94%
364,Lauren Applebaun,"Los Angeles, CA",80,34:13,11:01,F 19-24/6,F-20,133,35:56,41.38%
365,Olivia Betz,"Manhattan Bch, CA",167,34:15,11:02,F 07-08/7,F-8,134,34:30,52.98%
366,Dan Debevec,", ",1106,34:15,11:02,M 40-49/51,M-48,232,35:44,41.41%
367,Michelle Redding,"Redondo Beach, CA",664,34:16,11:02,F 40-49/28,F-41,135,34:43,42.94%
368,Jamie Baird,"Newhall, CA",135,34:17,11:02,F 25-29/13,F-25,136,34:55,41.04%
369,Steven Reilly,"Manhattan Beach, CA",681,34:20,11:03,M 40-49/52,M-44,233,36:23,40.06%
370,Jp Reilly,"Manhattan Beach, CA",677,34:20,11:04,M 7-8/23,M-8,234,36:22,50.80%
371,Rosie Palma,"Los Angeles, CA",55,34:22,11:04,F 13-14/10,F-13,137,34:27,44.57%
372,John Barry,", ",1,34:23,11:04,M NoAge/0,M-0,235,34:40, 0.00%
373,Denise Padden,"Manhattan Beach, CA",611,34:24,11:05,F 40-49/29,F-45,138,34:57,44.12%
374,Victoria Trepany,", ",938,34:28,11:06,F 13-14/11,F-13,139,34:41,44.44%
375,Lauren Wallender,"Manhattan Beach, CA",803,34:29,11:06,F 13-14/12,F-13,140,34:41,44.41%
376,Vincent O'Hara,"Hermosa Beach, CA",597,34:32,11:07,M 40-49/53,M-46,236,36:18,40.43%
377,Rick Rozman,", ",853,34:36,11:08,M 50-59/13,M-57,237,34:52,44.36%
378,Callie Rehm,"Manhattan Beach, CA",676,34:38,11:09,F 13-14/13,F-13,141,34:48,44.22%
379,Daniella Duffy,", ",1209,34:39,11:09,F 11-12/19,F-12,142,34:45,45.17%
380,Kevin Donnelley,"Manhattan Beach, CA",1013,34:47,11:12,M 30-39/30,M-35,238,35:16,37.17%
381,Norris Blake,"Torrance, CA",175,34:48,11:12,M 40-49/54,M-45,239,35:07,39.82%
382,Anna Blake,"Torrance, CA",174,34:49,11:13,F 11-12/20,F-11,143,35:07,46.14%
383,Matthew Stauber,"Manhattan Beach, CA",753,34:49,11:13,M 1-6/11,M-6,240,36:00,58.93%
384,Ron Grafton,"Manhattan Beach, CA",862,34:50,11:13,M 40-49/55,M-44,241,35:38,39.48%
385,Luke Grafton,"Manhattan Beach, CA",861,34:56,11:15,M 7-8/24,M-8,242,35:38,49.93%
386,Steve Erigero,"Manhattan Beach, CA",348,34:57,11:15,M 40-49/56,M-48,243,35:36,40.58%
387,Peter Kesterson,", ",847,34:58,11:16,M 40-49/57,M-43,244,35:14,39.05%
388,Ben Paley,"Hermosa Beach, CA",1110,34:59,11:16,M 7-8/25,M-8,245,35:37,49.86%
389,Sam Paley,"Hermosa Beach, CA",1113,35:00,11:16,M 1-6/12,M-6,246,35:37,58.62%
390,Charlotte Muth,"Manhattan Beach, CA",572,35:03,11:17,F 09-10/8,F-9,144,36:27,49.25%
391,Michelle Hawbaker,"Manhattan Beach, CA",427,35:05,11:18,F 25-29/15,F-25,145,35:43,40.10%
392,Katie Smith,"Manhattan Beach, CA",746,35:05,11:18,F 25-29/14,F-28,146,35:43,40.10%
393,Shari Wolf,"Manhattan Beach, CA",831,35:08,11:19,F 40-49/30,F-47,147,35:27,43.98%
394,Nick Cipiti,"Manhattan Beach, CA",218,35:19,11:22,M 50-59/14,M-52,247,36:36,41.51%
395,Ricky Quiroga,"Hermosa Beach, CA",651,35:24,11:24,M 7-8/26,M-8,248,36:56,49.27%
396,Robbie Duchesne,"Redondo Beach, CA",326,35:27,11:25,M 1-6/13,M-5,249,35:40,65.44%
397,Josh Huttinger,"Manhattan Beach, CA",1125,35:27,11:25,M 13-14/26,M-14,250,35:40,39.28%
398,Chris Zimnoch,"Redondo Beach, CA",840,35:31,11:26,M 50-59/15,M-52,251,36:49,41.28%
399,Jake McCabe,"Manhattan Beach, CA",525,35:31,11:26,M 9-10/26,M-10,252,35:38,44.30%
400,Mike King King,"Manhattan Beach, CA",1323,35:32,11:27,M 40-49/58,M-44,253,36:11,38.70%
401,Jimmy King,"Manhattan Beach, CA",1322,35:33,11:27,M 13-14/27,M-13,254,36:13,40.10%
402,Karen Glynn,"Manhattan Beach, CA",1222,35:43,11:30,F 01-06/5,F-3,148,36:34, 0.00%
403,Craig Glynn,"Manhattan Beach, CA",1220,35:43,11:30,M 40-49/59,M-46,255,36:32,39.09%
404,Roberto Medkano,", ",911,35:45,11:31,F 01-06/6,F-6,149,36:42,58.93%
405,Janine Weinberg,"Hermosa Beach, CA",824,35:45,11:31,F 50-59/6,F-54,150,35:54,46.51%
406,Fred Rose,", ",5,35:46,11:31,M NoAge/0,M-0,256,37:03, 0.00%
407,Aidan Medrano,"Manhattan Beach, CA",912,35:46,11:31,M 1-6/14,M-4,257,36:43, 0.00%
408,Jimmy King,", ",1324,35:47,11:31,M NoAge/0,M-0,258,36:10, 0.00%
409,Roberto Medrano,", ",913,35:51,11:33,M 9-10/27,M-9,259,36:47,45.97%
410,Bryan Olsen,"Manhattan Beach, CA",598,35:56,11:34,M 50-59/16,M-51,260,36:09,40.45%
411,Christian Olsen,"Manhattan Beach, CA",599,35:56,11:34,F 01-06/7,F-6,151,36:09,58.60%
412,Marissa Redington,"Manhattan Beach, CA",668,35:58,11:35,F 30-39/24,F-39,152,36:09,40.37%
413,Luis Hernandez,"Los Angeles, CA",35,36:00,11:36,M 11-12/23,M-12,261,36:03,40.71%
414,Katie Ortiz,"Manhattan Beach, CA",607,36:03,11:37,F 11-12/21,F-12,153,36:18,43.41%
415,Laura Gardner,"El Segundo, CA",378,36:04,11:37,F 17-18/6,F-17,154,36:22,40.15%
416,Tessa McNeil,"El Segundo, CA",545,36:07,11:38,F 11-12/22,F-11,155,36:16,44.48%
417,Dennis McNeil,"El Segundo, CA",542,36:08,11:38,M 40-49/60,M-47,262,36:17,38.94%
418,Derek Gunny,"Manhattan Beach, CA",406,36:08,11:38,M 7-8/27,M-8,263,36:12,48.27%
419,Francisco Sarabia,"Lynwood, CA",723,36:08,11:38,M 40-49/61,M-48,264,37:16,39.25%
420,Kim Grafton,"Manhattan Beach, CA",859,36:09,11:39,F 40-49/31,F-41,156,36:58,40.70%
421,Amy Fitzgerald,"Hermosa Beach, CA",363,36:12,11:39,F 11-12/23,F-12,157,36:19,43.23%
422,Kevin Fraher,", ",1150,36:15,11:40,M 9-10/28,M-10,265,36:21,43.40%
423,Nicole Charlton,"Manhattan Beach, CA",214,36:17,11:41,F 07-08/8,F-7,158,36:58,53.33%
424,Kelly Brown,"Redondo Beach, CA",1170,36:17,11:41,F 17-18/7,F-17,159,37:29,39.91%
425,Tom Mcguinness,"Manhattan Beach, CA",1219,36:18,11:41,M 40-49/62,M-47,266,36:26,38.76%
426,Kailyn Hooteh,"Manhattan Beach, CA",1308,36:18,11:41,F 09-10/9,F-9,160,36:26,47.55%
427,Evan Suarez,"Redondo Beach, CA",769,36:20,11:42,M 7-8/28,M-8,267,37:26,48.00%
428,Scott Heimer,"Redondo Beach, CA",890,36:21,11:42,M 30-39/31,M-39,268,37:28,36.52%
429,Nicholas Heimer,"Redondo Beach, CA",891,36:22,11:43,M 7-8/29,M-8,269,37:28,47.96%
430,Roger Zino,"Redondo Beach, CA",844,36:24,11:43,M 40-49/63,M-44,270,37:01,37.78%
431,Yvonne Zino,"Redondo Beach, CA",845,36:25,11:44,F 07-08/9,F-7,161,37:01,53.13%
432,Aimee Sarabia,"Compton, CA",69,36:36,11:47,F 13-14/14,F-13,162,37:39,41.85%
433,Ryan Brown,"Manhattan Beach, CA",191,36:44,11:50,M 9-10/29,M-9,271,36:48,44.86%
434,Kelli McCabe,"Manhattan Beach, CA",528,36:46,11:51,F 40-49/32,F-43,163,36:56,40.62%
435,Cleary Puchley,", ",946,36:47,11:51,F 11-12/24,F-12,164,37:00,42.55%
436,Cindy Munoz,"Lynwood, CA",568,36:51,11:52,F 19-24/7,F-19,165,37:08,38.66%
437,Jennifer Rodriguez,", ",922,36:51,11:52,F 30-39/25,F-36,166,37:14,38.73%
438,Patrick Coughlin,"Manhattan Beach, CA",241,36:52,11:52,M 9-10/30,M-9,272,36:52,44.70%
439,Mario Camacho,"Los Angeles, CA",16,36:53,11:53,M 11-12/24,M-12,273,37:24,39.73%
440,Lauri Allen,"Manhattan Beach, CA",120,36:53,11:53,F 40-49/33,F-45,167,37:15,41.15%
441,Raul Erazo,"Inglewood, CA",28,36:56,11:53,M 13-14/28,M-13,274,37:28,38.60%
442,Brendan Reesing,"Manhattan Beach, CA",1116,36:56,11:53,M 7-8/30,M-8,275,37:20,47.22%
443,Michael Wilk,"Manhattan Beach, CA",1105,36:58,11:54,M 40-49/64,M-45,276,37:18,37.48%
444,Ellie Nolan,"Manhattan Bch, CA",585,36:58,11:54,F 09-10/10,F-10,168,37:23,44.85%
445,Stephanie Nolan,"Manhattan Beach, CA",588,36:59,11:54,F 40-49/34,F-45,169,37:23,41.04%
446,Sean Wilk,"Manhattan Beach, CA",1104,36:59,11:55,M 7-8/31,M-8,277,37:17,47.16%
447,Damin O'Hanlon,"Manhattan Beach, CA",592,37:03,11:56,M 40-49/65,M-43,278,37:03,36.85%
448,Mark Freiburghouse,"Manhattan Beach, CA",1227,37:06,11:57,M 50-59/17,M-56,279,37:46,40.98%
449,Brooke Winterhalde,"Manhattan Beach, CA",1164,37:09,11:58,F 11-12/25,F-12,170,37:17,42.13%
450,Lauren Winterhalde,"Manhattan Beach, CA",1165,37:12,11:59,F 11-12/26,F-12,171,37:20,42.07%
451,Leo Licciardone,"Hawthorne, CA",488,37:14,11:59,M 50-59/18,M-53,280,37:35,39.72%
452,Michele Donohoe,"Hermosa Beach, CA",302,37:15,12:00,F 40-49/35,F-42,172,37:45,39.79%
453,Ethan Stauber,"Manhattan Beach, CA",751,37:20,12:01,M 1-6/15,M-6,281,38:31,54.95%
454,Helena Walker,"Los Angeles, CA",1168,37:21,12:02,F 25-29/16,F-29,173,37:36,37.65%
455,Elena Hodges,"Palos Verdes Peninsula, CA",1129,37:22,12:02,F 09-10/11,F-10,174,38:32,44.39%
456,Grace Mullings,"Redondo Beach, CA",567,37:22,12:02,F 40-49/36,F-43,175,38:23,39.96%
457,Celine Mons,"Manhattan Beach, CA",556,37:29,12:04,F 13-14/15,F-14,176,38:23,40.13%
458,Nicholas Dorn,"Manhattan Beach, CA",312,37:31,12:05,M 7-8/32,M-7,282,38:52,49.91%
459,Cole Edwards,"Manhattan Beach, CA",882,37:39,12:07,M 7-8/33,M-7,283,38:28,49.73%
460,Gretchen Corbell,"Hermosa Beach, CA",232,37:43,12:09,F 30-39/26,F-37,177,38:06,38.04%
461,Shannon Blood,"Hermosa Beach, CA",183,37:43,12:09,F 07-08/10,F-7,178,38:06,51.30%
462,Brigitte Corbell,"Hermosa Beach, CA",231,37:43,12:09,F 07-08/11,F-7,179,38:06,51.30%
463,Evan Edwards,"Manhattan Beach, CA",883,37:49,12:11,M 1-6/16,M-5,284,38:39,61.34%
464,John Edwards,"Manhattan Beach, CA",884,37:50,12:11,M 40-49/66,M-44,285,38:40,36.35%
465,Megan Forbes,"Manhattan Beach, CA",368,37:53,12:12,F 09-10/12,F-10,180,38:12,43.79%
466,Jessica Halvorsen,"Hawthorne, CA",413,37:53,12:12,F 15-16/8,F-15,181,38:20,39.12%
467,Deedee Ciprari,"Manhattan Beach, CA",870,37:54,12:12,F 40-49/37,F-41,182,37:54,38.82%
468,Greg Regan,"Manhattan Beach, CA",674,37:57,12:13,M 9-10/31,M-10,286,38:24,41.45%
469,Jilllian Turkmany,"Manhattan Beach, CA",790,38:01,12:15,F 09-10/13,F-9,183,38:20,45.40%
470,Greg Sumen,"Manhattan Beach, CA",958,38:02,12:15,M 9-10/32,M-10,287,38:29,41.36%
471,Nathan Blais,"Manhattan Beach, CA",1317,38:03,12:15,F NoAge/0,F-0,184,38:10, 0.00%
472,Maryann Pohlen,"Torrance, CA",641,38:07,12:17,F 07-08/12,F-8,185,39:09,47.60%
473,Freddy Pohlen,"Torrance, CA",640,38:09,12:17,M 1-6/17,M-6,288,39:10,53.77%
474,Alex Stevens,"Manhattan Beach, CA",759,38:12,12:18,F 13-14/16,F-13,186,38:32,40.09%
475,Jessica Turkmany,"Manhattan Beach, CA",789,38:13,12:18,F 11-12/27,F-12,187,38:32,40.95%
476,Karina Bermudez,"Los Angeles, CA",15,38:20,12:21,F 13-14/17,F-13,188,38:27,39.95%
477,Allison Andreas,"Redondo Beach, CA",125,38:24,12:22,F 13-14/18,F-13,189,38:32,39.88%
478,Martin Perez,"Los Angeles, CA",56,38:26,12:23,M 11-12/25,M-12,289,38:29,38.13%
479,Jasmine Henriquez,"Los Angeles, CA",33,38:30,12:24,F 13-14/19,F-14,190,38:56,39.07%
480,Jake Ruhl,"Torrance, CA",716,38:35,12:25,M 9-10/33,M-9,290,39:15,42.71%
481,Antonio Rodriguez,"Los Angeles, CA",62,38:42,12:28,M 11-12/26,M-11,291,38:45,39.11%
482,Jeffrey Decoste,"Hawthorne, CA",259,38:51,12:31,M 11-12/27,M-11,292,39:19,38.96%
483,Daniel Erigero,"Manhattan Beach, CA",345,39:01,12:34,M 9-10/34,M-9,293,39:40,42.23%
484,Mary Roberti,"Redondo Beach, CA",704,39:05,12:35,F 40-49/38,F-46,191,39:30,39.17%
485,Davis Pratt,", ",867,39:07,12:36,M 9-10/35,M-10,294,39:14,40.22%
486,Justin Verbiest,"Manhattan Beach, CA",793,39:07,12:36,M 9-10/36,M-9,295,39:14,42.13%
487,Stacy Cruz,"Los Angeles, CA",248,39:08,12:36,F 09-10/14,F-10,192,39:14,42.39%
488,Sean Fitzgerald,", ",936,39:09,12:37,M 9-10/37,M-9,296,39:16,42.07%
489,Elizabeth Flanagan,"Irvine, CA",88,39:18,12:39,F 30-39/27,F-36,193,39:37,36.32%
490,Cortney Light,"Norwalk, CA",99,39:20,12:40,F 30-39/28,F-32,194,39:39,35.76%
491,Natalie Redington,"Manhattan Beach, CA",669,39:21,12:40,F 09-10/15,F-10,195,39:33,42.16%
492,Catherine Barrera,"Manhattan Beach, CA",144,39:22,12:41,F 40-49/39,F-41,196,40:04,37.38%
493,Katie Marcoux,"Redondo Beach, CA",519,39:22,12:41,F 07-08/13,F-8,197,40:04,46.09%
494,Vanessa Quilliam,"Manhattan Beach, CA",647,39:22,12:41,F 07-08/14,F-8,198,40:04,46.09%
495,Molly Brown,"Manhattan Beach, CA",190,39:25,12:41,F 11-12/28,F-11,199,39:44,40.76%
496,James Quilliam,"Manhattan Beach, CA",645,39:25,12:42,M 40-49/67,M-48,297,40:06,35.98%
497,Dave Fratello,"Manhattan Beach, CA",372,39:26,12:42,M 30-39/32,M-39,298,40:40,33.66%
498,Erica Olsen,"Manhattan Beach, CA",602,39:27,12:42,F 07-08/15,F-7,200,39:43,49.05%
499,Mary Kay Quilliam,"Manhattan Beach, CA",646,39:37,12:46,F 40-49/40,F-44,201,40:24,37.99%
500,Alexa Quilliam,"Manhattan Beach, CA",644,39:39,12:46,F 01-06/8,F-6,202,40:26,53.13%
501,Jay Harkenrider,"Manhattan Beach, CA",422,39:42,12:47,M 50-59/19,M-52,299,40:49,36.93%
502,Thomas Klimasz,"Hermosa Beach, CA",470,39:43,12:47,M 50-59/20,M-53,300,40:45,37.24%
503,Becca Wasden,"Redondo Beach, CA",816,39:43,12:47,F 09-10/16,F-9,203,40:17,43.46%
504,Lynne Tilden,"Manhattan Beach, CA",1048,39:43,12:47,F 60-99/2,F-60,204,40:10,45.33%
505,William Kadlec,", ",875,40:01,12:53,M 1-6/18,M-2,301,41:02, 0.00%
506,Frances Barrera,"Manhattan Beach, CA",145,40:04,12:54,F 07-08/16,F-8,205,40:48,45.28%
507,Kate Budlong,"Manhattan Beach, CA",193,40:04,12:54,F 60-99/3,F-65,206,40:25,48.61%
508,Antonio Garcia,"Los Angeles, CA",31,40:08,12:55,M 11-12/28,M-12,302,40:42,36.51%
509,Sophia Costanzo,"Los Angeles, CA",23,40:09,12:56,F 11-12/29,F-11,207,40:38,40.01%
510,Jonathan Paetzold,"Torrance, CA",617,40:09,12:56,M 9-10/38,M-10,303,40:39,39.18%
511,Ricky Reaser,"El Segundo, CA",1036,40:12,12:57,M 19-24/7,M-22,304,41:00,31.42%
512,Lourdes Ward,"Redondo Beach, CA",809,40:14,12:57,F 40-49/41,F-48,208,40:42,38.76%
513,Twila Elliott,"Manhattan Beach, CA",339,40:15,12:58,F 50-59/7,F-59,209,40:44,44.10%
514,Jerry Jackson II,"Manhattan Beach, CA",450,40:16,12:58,M 1-6/19,M-6,305,50:19,50.95%
515,Jill Willard,"Manhattan Beach, CA",829,40:16,12:58,F 30-39/29,F-34,210,41:26,35.12%
516,Megan Harger,"Manhattan Beach, CA",92,40:17,12:58,F 11-12/30,F-11,211,40:29,39.88%
517,Colleen Mccarthy,", ",1046,40:17,12:58,F 30-39/30,F-37,212,41:26,35.62%
518,Perla Gutierrez,"Los Angeles, CA",32,40:20,12:59,F 13-14/20,F-13,213,40:43,37.97%
519,Katie Ward,"Hermosa Beach, CA",971,40:25,13:01,F 25-29/17,F-25,214,40:58,34.81%
520,James Redington,"Manhattan Beach, CA",667,40:25,13:01,M 1-6/20,M-4,306,40:39, 0.00%
521,Neale Redington,"Manhattan Beach, CA",670,40:26,13:01,M 40-49/68,M-41,307,40:39,33.29%
522,Annie Atkinson,"Manhattan Beach, CA",134,40:27,13:02,F 13-14/21,F-13,215,40:27,37.86%
523,Colleen Atkinson,"Manhattan Beach, CA",1137,40:33,13:03,F 40-49/42,F-42,216,40:33,36.55%
524,Dennis Redding,"Redondo Beach, CA",663,40:37,13:05,M 40-49/69,M-44,308,40:56,33.86%
525,David White,"Manhattan Beach, CA",1141,40:38,13:05,M 1-6/21,M-4,309,47:26, 0.00%
526,Tracy Soriano,"Los Angeles, CA",72,40:39,13:05,F 13-14/22,F-13,217,41:43,37.67%
527,Dave White,"Manhattan Beach, CA",1142,40:39,13:05,M 30-39/33,M-38,310,47:26,32.43%
528,Julie Decoste,"Hawthorne, CA",260,40:39,13:05,F 40-49/43,F-44,218,41:02,37.03%
529,Brian Young,"Manhattan Beach, CA",835,40:41,13:06,M 11-12/29,M-11,311,41:54,37.21%
530,Brad Halvorsen,"Hawthorne, CA",412,40:41,13:06,M 11-12/30,M-12,312,41:54,36.02%
531,Allison Lopez,"Redondo Beach, CA",496,40:44,13:07,F 19-24/8,F-21,219,41:16,34.58%
532,Ruby Maloney,", ",1006,40:53,13:10,F NoAge/0,F-0,220,42:07, 0.00%
533,Patrick Maloney,", ",1008,40:53,13:10,M NoAge/0,M-0,313,42:07, 0.00%
534,Tanner Redding,"Redondo Beach, CA",665,40:54,13:10,M 7-8/34,M-8,314,41:12,42.64%
535,Mary Durham,"Hermosa Beach, CA",333,40:55,13:11,F 30-39/31,F-37,221,42:09,35.07%
536,Sarah Allman,"Manhattan Beach, CA",124,40:55,13:11,F 07-08/17,F-8,222,42:16,44.34%
537,Andie Maloney,", ",1005,40:58,13:11,F NoAge/0,F-0,223,42:19, 0.00%
538,Patrice Jackson,"Manhattan Beach, CA",448,40:58,13:11,F 50-59/8,F-50,224,51:02,38.84%
539,Erin Jackson,"Manhattan Beach, CA",446,40:59,13:12,F 07-08/18,F-7,225,51:03,47.21%
540,Javier Ibarra,"Los Angeles, CA",37,41:05,13:14,M 13-14/29,M-13,315,41:09,34.70%
541,Gabriel Smith,"Manhattan Beach, CA",743,41:09,13:15,M 11-12/31,M-11,316,41:15,36.78%
542,Jake Douglas,"El Segundo, CA",320,41:11,13:16,M 1-6/22,M-6,317,42:27,49.81%
543,Austin Gabriel,"Playa del Rey, CA",1167,41:12,13:16,M 11-12/32,M-12,318,41:12,35.57%
544,Claire Mcguinness,"Manhattan Beach, CA",1217,41:12,13:16,F 09-10/17,F-9,226,41:20,41.89%
545,Jose Ramirez,"Los Angeles, CA",60,41:13,13:16,M 30-39/34,M-36,319,42:22,31.57%
546,Danny Douglas,"El Segundo, CA",318,41:13,13:16,M 40-49/70,M-41,320,42:29,32.65%
547,Nina Wasden,"Redondo Beach, CA",819,41:16,13:17,F 09-10/18,F-10,227,41:58,40.20%
548,Marisela Ramirez,"Los Angeles, CA",61,41:18,13:18,F 13-14/23,F-13,228,42:22,37.08%
549,Cate Campbell,"Manhattan Beach, CA",203,41:20,13:19,F 07-08/19,F-8,229,42:51,43.90%
550,Camille Petroni,"Manhattan Beach, CA",880,41:20,13:19,F 07-08/20,F-8,230,42:51,43.90%
551,Lou Petroni,"Manhattan Beach, CA",878,41:20,13:19,M 40-49/71,M-43,321,42:52,33.02%
552,Jade Ponciano,"Manhattan Beach, CA",1033,41:21,13:19,F 11-12/31,F-12,231,41:59,37.85%
553,Joe Ponciano,"Manhattan Beach, CA",1034,41:21,13:19,M 40-49/72,M-44,322,41:59,33.26%
554,Kevin Baxter,"Hermosa Beach, CA",154,41:23,13:20,M 30-39/35,M-38,323,41:57,31.86%
555,Scott Baxter,"Hermosa Beach, CA",157,41:24,13:20,M 1-6/23,M-6,324,41:57,49.55%
556,Samantha Costanzo,"Los Angeles, CA",22,41:25,13:20,F 13-14/24,F-14,232,41:52,36.32%
557,Francis Costanzo,"Los Angeles, CA",21,41:38,13:24,M 40-49/73,M-43,325,42:12,32.79%
558,Hector Morataya,"Los Angeles, CA",52,41:42,13:26,M 13-14/30,M-14,326,41:48,33.39%
559,Brianna Blais,", ",1319,41:43,13:26,F NoAge/0,F-0,233,41:51, 0.00%
560,Ella Baxter,"Hermosa Beach, CA",153,41:45,13:27,F 09-10/19,F-9,234,42:14,41.34%
561,Susan Revell,"Manhattan Beach, CA",688,41:46,13:27,F 40-49/44,F-40,235,43:43,34.99%
562,Jack Freiburghouse,"Manhattan Beach, CA",1228,41:47,13:27,M 9-10/39,M-10,327,42:26,37.65%
563,Regina Delloro,"Manhattan Beach, CA",901,41:47,13:27,F 40-49/45,F-45,236,42:20,36.32%
564,Sutton Revell,"Manhattan Beach, CA",689,41:47,13:27,F 07-08/21,F-8,237,43:43,43.42%
565,Joanne Hadley,"Manhattan Beach, CA",409,41:48,13:27,F 40-49/46,F-48,238,42:19,37.31%
566,Carter Revell,"Manhattan Beach, CA",685,41:50,13:28,F 07-08/22,F-7,239,43:46,46.25%
567,Joe Sorrentino,"Manhattan Beach, CA",749,42:02,13:32,M 30-39/36,M-33,328,42:57,30.37%
568,Mary Komick,"Manhattan Beach, CA",473,42:17,13:37,F 11-12/32,F-12,240,42:33,37.01%
569,Katey Connolly,"Manhattan Beach, CA",964,42:23,13:39,F 11-12/33,F-12,241,42:32,36.92%
570,Lauren Torii,"Manhattan Beach, CA",784,42:24,13:39,F 07-08/23,F-7,242,52:01,45.63%
571,Lynn Crawford,"Manhattan Beach, CA",86,42:25,13:39,F 60-99/4,F-64,243,42:48,45.15%
572,Elizabeth Diaz,"Los Angeles, CA",26,42:37,13:43,F 11-12/34,F-12,244,42:55,36.72%
573,Kel Champio,"Redondo Beach, CA",906,42:38,13:44,F 40-49/47,F-43,245,44:18,35.02%
574,Cindy Juarez,"Los Angeles, CA",41,42:39,13:44,F 11-12/35,F-12,246,42:56,36.69%
575,Shaun Champion,"Redondo Beach, CA",905,42:39,13:44,M 30-39/37,M-37,329,44:19,30.71%
576,Joanna Andrade,"Los Angeles, CA",11,42:40,13:44,F 11-12/36,F-12,247,42:57,36.68%
577,Michael Maloney,"Hermosa Beach, CA",908,42:40,13:44,M 1-6/24,M-6,330,42:44,48.08%
578,Nick Mcdonald,", ",1011,42:41,13:45,M 7-8/35,M-7,331,43:27,43.86%
579,Kate Gebele,"Hermosa Beach, CA",382,42:50,13:48,F 01-06/9,F-5,248,44:14,55.30%
580,Isabella Lesage,"Manhattan Beach, CA",885,42:51,13:48,F 01-06/10,F-5,249,44:14,55.28%
581,Susan Gebele,"Hermosa Beach, CA",384,42:52,13:48,F 40-49/48,F-40,250,44:18,34.09%
582,Ava Lesage,", ",888,42:53,13:49,F 01-06/11,F-2,251,44:16, 0.00%
583,Jeff Lesage,"Manhattan Beach, CA",887,42:54,13:49,M 30-39/38,M-35,332,44:17,30.13%
584,Beth Henning,"Manhattan Beach, CA",1028,42:55,13:49,F 40-49/49,F-46,252,44:24,35.67%
585,Paula Kroener,"Manhattan Beach, CA",1040,42:55,13:49,F 40-49/50,F-43,253,44:24,34.79%
586,Jake Dalton,"Redondo Beach, CA",252,43:07,13:53,M 1-6/25,M-5,333,43:20,53.80%
587,Monyean Acuna,"Hermosa Beach, CA",114,43:07,13:53,F 50-59/9,F-59,254,43:21,41.17%
588,Dave Austin,", ",1140,43:12,13:55,M 30-39/39,M-36,334,43:54,30.12%
589,Patti Mahoney,"Hermosa Beach, CA",508,43:13,13:55,F 60-99/5,F-61,255,44:27,42.28%
590,Carolyn Massey,"Manhattan Beach, CA",1310,43:13,13:55,F 11-12/37,F-12,256,44:18,36.21%
591,Beatrice Golman,"Redondo Beach, CA",394,43:14,13:55,F 50-59/10,F-54,257,44:29,38.46%
592,Elizabeth Olsen,"Manhattan Beach, CA",600,43:18,13:56,F 11-12/38,F-11,258,43:26,37.10%
593,Debbie Charlton,"Manhattan Beach, CA",212,43:18,13:56,F 40-49/51,F-40,259,44:00,33.75%
594,Jonathan Nachman,"Hermosa Beach, CA",580,43:18,13:57,M 1-6/26,M-3,335,48:18, 0.00%
595,Jean Clark,"Manhattan Beach, CA",1166,43:18,13:57,F 50-59/11,F-52,260,44:31,37.54%
596,Jared Nachman,"Hermosa Beach, CA",579,43:19,13:57,M 1-6/27,M-5,336,48:19,53.55%
597,Bella Giaquinta,"Manhattan Beach, CA",389,43:19,13:57,F 01-06/12,F-6,261,44:00,48.63%
598,Marwin Rodriguez,"Los Angeles, CA",65,43:19,13:57,M 13-14/31,M-13,337,43:25,32.91%
599,Camila Zagarzazu,"Manhattan Beach, CA",836,43:19,13:57,F 13-14/25,F-13,262,44:19,35.35%
600,Ian Smith,"Manhattan Beach, CA",745,43:21,13:58,M 11-12/33,M-11,338,43:26,34.92%
601,Jeremy Fasano,"Redondo Beach, CA",355,43:23,13:58,M 11-12/34,M-12,339,43:26,33.78%
602,Connie Donohue,"Manhattan Beach, CA",961,43:25,13:59,F 50-59/12,F-52,263,44:38,37.44%
603,Kaley Mozell,"Torrance, CA",562,43:26,13:59,F 09-10/20,F-9,264,43:50,39.74%
604,Luke Fratello,"Manhattan Beach, CA",374,43:26,13:59,M 1-6/28,M-4,340,44:40, 0.00%
605,Zachary Fratello,"Manhattan Beach, CA",375,43:27,13:59,M NoAge/0,M-0,341,44:40, 0.00%
606,Lauren Harger,"Manhattan Beach, CA",91,43:37,14:03,F 40-49/52,F-45,265,44:08,34.80%
607,Andrew Nachman,"Hermosa Beach, CA",577,43:38,14:03,M 1-6/29,M-3,342,48:19, 0.00%
608,Juliette Stockley,"Manhattan Beach, CA",762,43:44,14:05,F 01-06/13,F-4,266,43:44, 0.00%
609,Jamie Stockley,"Manhattan Beach, CA",761,43:44,14:05,F 30-39/32,F-32,267,43:44,32.17%
610,Christine Torii,"Manhattan Beach, CA",783,43:48,14:06,F 40-49/53,F-41,268,53:28,33.59%
611,Mike Regan,"Huntington Beach, CA",1216,43:48,14:06,M 60-99/8,M-70,343,44:18,40.76%
612,Dione Dierks,"El Segundo, CA",286,43:49,14:06,F 30-39/33,F-37,269,46:45,32.75%
613,Monica Farrell,"Redondo Beach, CA",1201,43:50,14:07,F 40-49/54,F-46,270,44:06,34.93%
614,Keaton Kierks,"El Segundo, CA",469,43:51,14:07,M 1-6/30,M-3,344,46:45, 0.00%
615,Caleigh Smith,"Manhattan Beach, CA",927,43:56,14:09,F 09-10/21,F-10,271,45:02,37.76%
616,Kathy McQuiggan,"Manhattan Beach, CA",548,44:14,14:15,F 40-49/55,F-43,272,45:34,33.76%
617,Caroline McQuiggan,"Manhattan Beach, CA",546,44:15,14:15,F 07-08/24,F-7,273,45:33,43.72%
618,Andrea Salazar,"Los Angeles, CA",66,44:17,14:16,F 09-10/22,F-10,274,45:16,37.46%
619,Emi Brown,"Redondo Beach, CA",1171,44:17,14:16,F 50-59/13,F-54,275,45:29,37.56%
620,Tim Cole,"Redondo Beach, CA",223,44:25,14:18,M 30-39/40,M-38,345,45:18,29.68%
621,Craig Dwyer,"Hermosa Beach, CA",334,44:37,14:22,M 40-49/74,M-45,346,46:11,31.05%
622,Natalie Dwyer,"Hermosa Beach, CA",336,44:38,14:22,F 40-49/56,F-42,276,46:11,33.20%
623,Samanta Rafanello,"Manhattan Beach, CA",1149,44:40,14:23,F 07-08/25,F-7,277,44:52,43.31%
624,Daisy Carrillo,"Los Angeles, CA",18,45:10,14:33,F 11-12/39,F-11,278,45:17,35.57%
625,Pierce Salazar,"Hawthorne, CA",720,45:15,14:34,M 11-12/35,M-12,347,45:36,32.38%
626,Paul Rudy,"Manhattan Beach, CA",1053,45:17,14:35,M 30-39/41,M-37,348,46:51,28.92%
627,Lucas Hodges,"Palos Verdes Peninsula, CA",1128,45:18,14:35,M 11-12/36,M-12,349,46:28,32.35%
628,Austin Dorr,", ",1108,45:23,14:37,M 15-16/4,M-16,350,46:49,29.54%
629,Amy Debevec,", ",1107,45:24,14:37,F 40-49/57,F-43,279,46:50,32.89%
630,Katie Douglas,"El Segundo, CA",321,45:25,14:37,F 30-39/34,F-37,280,46:45,31.59%
631,Robyn Richard,"Hawthorne, CA",691,45:25,14:37,F 40-49/58,F-48,281,45:46,34.34%
632,Allison Essman,"Manhattan Beach, CA",340,45:30,14:39,F 25-29/18,F-29,282,46:29,30.92%
633,Megan Essman,"Manhattan Beach, CA",343,45:31,14:39,F 25-29/19,F-26,283,46:29,30.90%
634,Gregory McGinity,"Redondo Beach, CA",536,45:36,14:41,M 40-49/75,M-42,351,47:28,29.72%
635,Colette Mueller,", ",942,45:37,14:41,F 30-39/35,F-39,284,46:36,31.83%
636,Alex Mueller,", ",941,45:37,14:41,M 1-6/31,M-5,352,46:36,50.85%
637,Steph Rudy,"Manhattan Beach, CA",1052,45:42,14:43,F 30-39/36,F-37,285,47:16,31.40%
638,Lauren Cordero,"Manhattan Beach, CA",945,45:45,14:44,F 09-10/23,F-10,286,46:25,36.26%
639,Renee Flores,"Manhattan Beach, CA",365,45:53,14:47,F 25-29/20,F-25,287,46:23,30.66%
640,Luke Morley,"Manhattan Beach, CA",1230,45:57,14:48,M 1-6/32,M-4,353,47:10, 0.00%
641,Tracy Edwards,"Manhattan Beach, CA",881,46:03,14:50,F 30-39/37,F-39,288,47:07,31.53%
642,Christine Conway,"Manhattan Beach, CA",229,46:05,14:50,F 50-59/14,F-57,289,47:20,37.48%
643,Linda Dill,"Redondo Beach, CA",955,46:09,14:51,F 50-59/15,F-58,290,47:12,37.93%
644,Pamela Maldonado,"Los Angeles, CA",47,46:13,14:53,F 13-14/26,F-13,291,46:20,33.13%
645,Robert Kadlec,"Manhattan Beach, CA",876,46:16,14:54,M 40-49/76,M-44,354,47:15,29.72%
646,Tamara Viviani,"Hermosa Beach, CA",797,46:17,14:54,F 40-49/59,F-48,292,47:40,33.69%
647,Haley Viviani,"Hermosa Beach, CA",796,46:19,14:55,F 09-10/24,F-9,293,47:40,37.26%
648,Julie McGinity,"Redondo Beach, CA",537,46:19,14:55,F 40-49/60,F-44,294,48:11,32.50%
649,Nora McGinity,"Redondo Beach, CA",538,46:21,14:55,F 01-06/14,F-6,295,48:12,45.45%
650,Edward Martinez,"Los Angeles, CA",49,46:21,14:55,M 11-12/37,M-12,355,46:25,31.61%
651,Abigail Kadlec,"Manhattan Beach, CA",874,46:22,14:56,F 07-08/26,F-7,296,47:16,41.73%
652,Luis Valles,"Los Angeles, CA",75,46:23,14:56,M 13-14/32,M-13,356,46:25,30.73%
653,Brittany Fasano,"Redondo Beach, CA",352,46:32,14:59,F 15-16/9,F-16,297,48:13,31.44%
654,Jane Bell,"Torrance, CA",162,46:33,14:59,F 50-59/16,F-53,298,47:20,35.32%
655,Annie Marcoux,"Redondo Beach, CA",517,46:35,15:00,F 09-10/25,F-10,299,46:46,35.61%
656,Thomas Williams,"Los Angeles, CA",1214,46:35,15:00,M 19-24/8,M-21,357,47:00,27.14%
657,Andy Pohlen,", ",991,46:42,15:02,M 30-39/42,M-34,358,47:43,27.50%
658,Brittany Porter,"Manhattan Beach, CA",1043,46:46,15:04,F 11-12/40,F-12,300,47:16,33.46%
659,Ben Marcoux,"Redondo Beach, CA",518,46:50,15:05,M 1-6/33,M-6,359,47:21,43.80%
660,Frederick Muth,"Manhattan Beach, CA",574,46:52,15:05,M 13-14/33,M-13,360,48:16,30.42%
661,Matt Phil Lps,"Manhattan Beach, CA",1162,46:58,15:08,M 11-12/38,M-12,361,47:29,31.19%
662,Marilyn Lewis,"Port Townsend, WA",483,47:04,15:09,F 50-59/17,F-59,301,48:21,37.71%
663,Erin Brown,"Manhattan Beach, CA",188,47:09,15:11,F 40-49/61,F-43,302,47:43,31.67%
664,Susan Castillo,"Torrance, CA",210,47:09,15:11,F 40-49/62,F-45,303,47:43,32.19%
665,Scott Brown,"Manhattan Beach, CA",192,47:11,15:11,M 40-49/77,M-42,362,47:43,28.72%
666,Aileen Harbeck,"Manhattan Beach, CA",418,47:14,15:13,F 50-59/18,F-56,304,47:54,36.10%
667,Lisa Wallender,"Manhattan Beach, CA",804,47:18,15:14,F 40-49/63,F-49,305,47:43,33.30%
668,Hanna Douglas,"El Segundo, CA",319,47:22,15:15,F 01-06/15,F-5,306,48:42,50.01%
669,Mark Tamarin,"Manhattan Beach, CA",774,47:22,15:15,M 50-59/21,M-53,363,47:35,31.22%
670,Courtney Ferrin,"Hawthorne, CA",361,47:24,15:16,F 11-12/41,F-11,307,48:33,33.89%
671,Catherine Hendrickson,"El Segundo, CA",429,47:24,15:16,F 30-39/38,F-32,308,48:44,29.68%
672,Kathleen Hoying,"Manhattan Beach, CA",436,47:24,15:16,F 11-12/42,F-11,309,48:33,33.89%
673,Tanner Condon,"Manhattan Beach, CA",226,47:24,15:16,M 7-8/36,M-7,364,48:44,39.50%
674,Carmen De Santiago,"Los Angeles, CA",25,47:25,15:16,F 13-14/27,F-14,310,48:25,31.72%
675,Dulce Lopez,"Los Angeles, CA",42,47:26,15:17,F 13-14/28,F-13,311,48:26,32.27%
676,Steve Harkenrider,"Torrance, CA",424,47:29,15:17,M 30-39/43,M-31,365,48:35,26.60%
677,Justin Wallender,"Manhattan Beach, CA",802,47:30,15:18,M 1-6/34,M-6,366,47:40,43.19%
678,John Harbeck,"Manhattan Beach, CA",420,47:33,15:19,M 13-14/34,M-13,367,47:54,29.98%
679,Tim Wallender,"Manhattan Beach, CA",805,47:33,15:19,M 40-49/78,M-48,368,47:44,29.82%
680,Steve Oss,"Studio City, CA",1032,47:36,15:20,M 60-99/9,M-60,369,47:52,33.24%
681,Tawny Garner,"Manhattan Beach, CA",379,47:37,15:20,F 13-14/29,F-13,312,48:09,32.16%
682,Maria Lopez,"Los Angeles, CA",44,47:37,15:20,F 11-12/43,F-11,313,48:37,33.74%
683,Sara Aguilar,"Lawndale, CA",115,47:38,15:20,F 13-14/30,F-14,314,48:10,31.58%
684,Lori Condon,"Manhattan Beach, CA",225,47:38,15:20,F 40-49/64,F-42,315,48:59,31.11%
685,Joe Morrison,"Manhattan Beach, CA",558,47:39,15:20,M 60-99/10,M-64,370,48:55,34.71%
686,Jennifer Harbeck,"Manhattan Beach, CA",419,47:41,15:21,F 11-12/44,F-11,316,47:51,33.69%
687,Joan Sullivan,", CA",73,47:41,15:21,F NoAge/0,F-0,317,48:46, 0.00%
688,Yovanna Iniguez,"Manhattan Beach, CA",443,47:42,15:21,F 13-14/31,F-13,318,48:10,32.10%
689,Sean McDonald,"Hermosa Beach, CA",534,47:42,15:21,M 9-10/40,M-9,371,47:50,34.54%
690,Alecia Mccarthy,"Redondo Beach, CA",968,47:50,15:24,F 15-16/10,F-15,319,48:25,30.97%
691,Robert Hanrety,", CA",417,47:57,15:26,M NoAge/0,M-0,372,48:47, 0.00%
692,Emma Kelley,"Redondo Beach, CA",1206,47:59,15:27,F 01-06/16,F-5,320,53:24,49.37%
693,Stephen Kelley,"Redondo Beach, CA",1207,47:59,15:27,M 40-49/79,M-43,373,53:24,28.45%
694,Mitch Wasden,"Redondo Beach, CA",818,48:01,15:28,M 40-49/80,M-43,374,48:47,28.43%
695,Daisy Bejarano,"Los Angeles, CA",14,48:02,15:28,F 11-12/45,F-12,321,48:25,32.58%
696,Jojo Duchesne,"Redondo Beach, CA",324,48:08,15:30,F 09-10/26,F-9,322,48:20,35.86%
697,Stephanie Espinoza,"Los Angeles, CA",29,48:09,15:30,F 11-12/46,F-12,323,48:27,32.50%
698,Tom Rodriguez,", ",920,48:13,15:31,M 30-39/44,M-36,375,49:42,26.98%
699,Ethan Blandino,"Hawthorne, CA",176,48:13,15:32,M 9-10/41,M-9,376,48:29,34.17%
700,Janett Chavez,"Los Angeles, CA",20,48:16,15:32,F NoAge/0,F-0,324,48:26, 0.00%
701,Sean Dorr,"Hawthorne, CA",916,48:24,15:35,M 1-6/35,M-5,377,49:53,47.91%
702,Margaret Mccarthy,"Redondo Beach, CA",967,48:25,15:35,F 40-49/65,F-41,325,48:59,30.39%
703,Dianne Doherty,", ",937,48:25,15:35,F 40-49/66,F-40,326,49:00,30.18%
704,Kristen Dorr,"Hawthorne, CA",918,48:26,15:36,F 30-39/39,F-38,327,49:53,29.79%
705,Lory Zimnoch,"Redondo Beach, CA",841,48:32,15:38,F 50-59/19,F-50,328,49:51,32.78%
706,Riley Dodson,"Manhattan Beach, CA",292,48:36,15:39,F 13-14/32,F-13,329,49:33,31.51%
707,Ginger Eastom,"Manhattan Beach, CA",924,48:39,15:40,F 60-99/6,F-63,330,50:04,38.73%
708,Connie Licciardone,"Hawthorne, CA",486,48:44,15:42,F 40-49/67,F-49,331,49:06,32.32%
709,Gianna Giuliano,"Manhattan Beach, CA",392,48:47,15:42,F 13-14/33,F-14,332,49:20,30.83%
710,Emily Gold,"Redondo Beach, CA",393,48:47,15:43,F 13-14/34,F-13,333,49:20,31.38%
711,Sharon Olsen,"Manhattan Beach, CA",603,48:49,15:43,F 40-49/68,F-43,334,49:06,30.59%
712,Tyler Harkenrider,"Torrance, CA",426,48:54,15:45,M 1-6/36,M-6,378,50:00,41.95%
713,A Ic Ade Gado,"Los Angeles, CA",1309,48:56,15:45,F 40-49/69,F-49,335,49:07,32.18%
714,Susan Harkenrider,"Manhattan Beach, CA",425,48:58,15:46,F 50-59/20,F-52,336,50:08,33.20%
715,Tim Puchley,"Manhattan Beach, CA",643,49:07,15:49,M 40-49/81,M-49,379,49:50,29.10%
716,Delaney Baumer,"Manhattan Beach, CA",149,49:08,15:49,F 01-06/17,F-6,337,50:20,42.87%
717,Richard Harbeck,"Manhattan Beach, CA",421,49:08,15:49,M 13-14/35,M-14,380,49:31,28.34%
718,Elisa Paetzold,"Torrance, CA",615,49:09,15:50,F 30-39/40,F-39,338,50:03,29.54%
719,Maximilian Paetzold,"Torrance, CA",618,49:10,15:50,M 30-39/45,M-39,381,49:41,27.00%
720,Jaclyn Paetzold,"Torrance, CA",616,49:14,15:51,F 07-08/27,F-7,339,49:41,39.30%
721,Charlotte Grant,"Manhattan Beach, CA",1121,49:28,15:55,F 01-06/18,F-3,340,59:26, 0.00%
722,Robert Grant,"Manhattan Beach, CA",1119,49:28,15:56,M 40-49/82,M-44,382,59:26,27.80%
723,Jerry Jackson I,"Manhattan Beach, CA",449,49:30,15:56,M 50-59/22,M-58,383,59:46,31.31%
724,Genevieve Jackson,"Manhattan Beach, CA",447,49:39,15:59,F 01-06/19,F-6,341,59:43,42.43%
725,Lilliam Paetzold,"Los Angeles, CA",54,49:48,16:02,F 40-49/70,F-41,342,50:22,29.54%
726,Gigi Muth,"Manhattan Beach, CA",575,49:54,16:04,F 40-49/71,F-43,343,51:39,29.92%
727,Jonathan Baber,", ",1156,49:56,16:05,M 11-12/39,M-12,384,50:31,29.35%
728,Jade Baber,", ",1155,49:57,16:05,F 09-10/27,F-10,344,50:33,33.21%
729,Alisa Baber,"Compton, CA",1157,50:09,16:09,F 30-39/41,F-35,345,50:44,28.32%
730,Jose Rodriguez,"Compton, CA",64,50:18,16:12,M 11-12/40,M-12,385,50:26,29.13%
731,Elvira Sarabia,"Compton, CA",70,50:19,16:12,F 11-12/47,F-12,346,51:17,31.10%
732,Brittany Van Es,"Redondo Beach, CA",1148,50:24,16:14,F 11-12/48,F-12,347,50:58,31.05%
733,Maura McNeil,"El Segundo, CA",544,50:25,16:14,F 01-06/20,F-4,348,50:38, 0.00%
734,Sofie Puchley,"Manhattan Beach, CA",642,50:25,16:14,F 09-10/28,F-10,349,51:10,32.90%
735,Lynn Macnguyen,", ",848,50:27,16:15,F 40-49/72,F-43,350,52:22,29.60%
736,Julia McNeil,"El Segundo, CA",543,50:28,16:15,F 09-10/29,F-9,351,50:43,34.20%
737,Cindy McNeil,"El Segundo, CA",541,50:28,16:15,F 40-49/73,F-43,352,50:43,29.59%
738,Vincent Macnguyen,", ",851,50:37,16:18,M 40-49/83,M-44,386,52:33,27.17%
739,Paige Macnguyen,", ",849,50:47,16:21,F 07-08/28,F-7,353,52:43,38.10%
740,Nikki Reinholtz,"Manhattan Beach, CA",684,50:47,16:21,F 40-49/74,F-42,354,52:31,29.18%
741,Chloe Reinholtz,"Manhattan Beach, CA",682,50:48,16:21,F 01-06/21,F-3,355,52:30, 0.00%
742,Carmelita De Haven,"Los Angeles, CA",257,50:48,16:21,F 60-99/7,F-79,356,51:05,51.79%
743,Cherye Fasano,"Redondo Beach, CA",353,50:48,16:21,F 40-49/75,F-45,357,52:31,29.87%
744,Jane Dorn,"Manhattan Beach, CA",311,50:50,16:22,F 30-39/42,F-35,358,52:13,27.94%
745,Anastasia Dorn,"Manhattan Beach, CA",310,50:50,16:22,F 01-06/22,F-5,359,52:13,46.60%
746,Barbara Baumer,"South Bend, IN",148,51:02,16:26,F 60-99/8,F-62,360,52:14,36.35%
747,Luis Trejo,", CA",74,51:02,16:26,M 13-14/36,M-13,387,52:07,27.93%
748,Travis Knox,"Manhattan Beach, CA",1145,51:07,16:27,M 30-39/46,M-37,388,51:59,25.62%
749,Gabriela Castro,"Los Angeles, CA",19,51:07,16:27,F 11-12/49,F-12,361,52:06,30.61%
750,Lucia Lopez,"Los Angeles, CA",43,51:07,16:28,F 13-14/35,F-13,362,52:06,29.96%
751,Sammy Knox,"Manhattan Beach, CA",1146,51:07,16:28,M 15-16/5,M-15,389,51:59,26.69%
752,Annemarie Dapoz,"Manhattan Beach, CA",863,51:20,16:32,F 07-08/29,F-8,363,52:00,35.34%
753,Kennedy Dierks,"El Segundo, CA",287,51:24,16:33,F 01-06/23,F-6,364,54:20,40.98%
754,Angela Pohlen,", ",1000,51:26,16:33,F 30-39/43,F-34,365,52:29,27.49%
755,Gabrielle Flaum,", ",957,51:27,16:34,F NoAge/0,F-0,366,52:35, 0.00%
756,Jeanne Powers,", ",956,51:27,16:34,F 50-59/21,F-54,367,52:30,32.33%
757,Mitchell Halvorsen,"Hawthorne, CA",415,51:32,16:36,M 7-8/37,M-8,390,52:00,33.84%
758,Stacy Verbiest,"Manhattan Beach, CA",795,51:34,16:36,F 40-49/76,F-41,368,53:05,28.52%
759,Pedro Campos,"Inglewood, CA",17,51:35,16:36,M 13-14/37,M-13,391,52:39,27.63%
760,Jackie Maloney,", ",1007,51:35,16:36,F NoAge/0,F-0,369,53:05, 0.00%
761,Melanie Salazar,"Los Angeles, CA",67,51:35,16:37,F 11-12/50,F-11,370,51:52,31.14%
762,Dan Muth,"Manhattan Beach, CA",573,51:39,16:38,M 40-49/84,M-41,392,51:39,26.05%
763,Chloe Grann,"Manhattan Beach, CA",1120,51:41,16:39,F 01-06/24,F-5,371,1:01:40,45.83%
764,Karie Grant,"Manhattan Beach, CA",1118,51:41,16:39,F 40-49/77,F-43,372,1:01:40,28.89%
765,Rosa Perez,"Los Angeles, CA",57,51:48,16:41,F 40-49/78,F-45,373,51:58,29.30%
766,Aidan Donohoe,"Hermosa Beach, CA",300,51:50,16:41,M 1-6/37,M-5,393,52:40,44.75%
767,Ben Donohoe,"Hermosa Beach, CA",301,51:51,16:42,M 7-8/38,M-7,394,52:42,36.11%
768,Elizabeth Dumont,"Manhattan Beach, CA",328,51:53,16:42,F 40-49/79,F-40,374,52:47,28.16%
769,Corinne Rodriguez,"Los Angeles, CA",1154,51:55,16:43,F 40-49/80,F-42,375,52:04,28.54%
770,Samantha Ruhl,"Torrance, CA",717,51:55,16:43,F 01-06/25,F-6,376,52:42,40.57%
771,Hailey Dumont,"Manhattan Beach, CA",329,51:56,16:43,F 01-06/26,F-6,377,52:44,40.56%
772,Luz Garcia,", ",1213,51:59,16:44,F 11-12/51,F-11,378,52:05,30.90%
773,Vanessa Wasden,"Redondo Beach, CA",820,52:00,16:45,F 01-06/27,F-3,379,52:47, 0.00%
774,Erin Wasden,"Redondo Beach, CA",817,52:02,16:45,F 40-49/81,F-40,380,52:47,28.08%
775,Joe Dougherty,"Hawthorne, CA",1326,52:16,16:50,M 60-99/11,M-76,395,53:53,37.51%
776,Julie Stauber,"Manhattan Beach, CA",752,52:19,16:51,F 40-49/82,F-43,381,53:30,28.54%
777,Sharon Morgan,"Redondo Beach, CA",1204,52:21,16:51,F NoAge/0,F-0,382,59:18, 0.00%
778,Michele Reilly,"Manhattan Beach, CA",680,52:22,16:52,F 40-49/83,F-43,383,54:25,28.51%
779,Melinda Kelley,"Redondo Beach, CA",1208,52:23,16:52,F 30-39/44,F-35,384,59:19,27.11%
780,Eva Kelley,"Redondo Beach, CA",1205,52:23,16:52,F 01-06/28,F-3,385,59:18, 0.00%
781,Kate Reilly,"Manhattan Beach, CA",678,52:23,16:52,F 01-06/29,F-5,386,54:23,45.22%
782,Andrea Ruma,"Hermosa Beach, CA",985,52:28,16:54,F 30-39/45,F-32,387,54:08,26.80%
783,Gabriela Rodriguez,"Compton, CA",63,52:30,16:54,F 13-14/36,F-14,388,52:45,28.65%
784,Ian Dewey,"Manhattan Beach, CA",281,52:42,16:58,M 9-10/42,M-9,396,53:50,31.26%
785,James Essman,"Manhattan Beach, CA",341,52:45,16:59,M 60-99/12,M-64,397,53:43,31.35%
786,Mary Essman,"Manhattan Beach, CA",342,52:45,16:59,F 60-99/9,F-63,389,53:43,35.72%
787,Marie Wier Bicki,"Manhattan Beach, CA",864,52:46,16:59,F 50-59/22,F-50,390,53:27,30.15%
788,Maureen Dewey,"Manhattan Beach, CA",283,52:52,17:01,F 40-49/84,F-43,391,54:00,28.24%
789,John Charlton,"Manhattan Beach, CA",213,52:55,17:02,M 40-49/85,M-42,398,53:46,25.61%
790,John W Cobb,"Manhattan Beach, CA",857,52:57,17:03,M 7-8/39,M-7,399,53:08,35.36%
791,Brooke Charlton,"Manhattan Beach, CA",211,53:02,17:05,F 01-06/30,F-5,392,53:45,44.66%
792,Lorena Wolf,"Manhattan Beach, CA",830,53:05,17:06,F 60-99/10,F-76,393,53:53,45.89%
793,Melinda Fry,", ",984,53:08,17:07,F 50-59/23,F-50,394,53:47,29.94%
794,Raymond Stich,"Redondo Beach, CA",760,53:10,17:07,M 60-99/13,M-79,400,53:58,38.95%
795,Barbara McGinness,"Manhattan Beach, CA",539,53:10,17:07,F 40-49/85,F-43,395,53:26,28.08%
796,Bella Fasano,"Redondo Beach, CA",351,53:10,17:07,F 01-06/31,F-3,396,54:53, 0.00%
797,Fran Lauson,"Manhattan Beach, CA",1331,53:19,17:10,F 50-59/24,F-50,397,53:24,29.84%
798,Catherine Cobb,"Manhattan Beach, CA",856,53:31,17:14,F 40-49/86,F-41,398,55:04,27.49%
799,Mary Erigero,"Manhattan Beach, CA",347,53:35,17:15,F 40-49/87,F-43,399,54:22,27.87%
800,Joseph Gebele,"Hermosa Beach, CA",381,53:36,17:16,M 9-10/43,M-9,401,55:02,30.74%
801,Lilli Erigero,"Manhattan Beach, CA",346,53:40,17:17,F 07-08/30,F-7,400,54:20,36.05%
802,Tim Shoemaker,"Redondo Beach, CA",742,54:26,17:31,M 50-59/23,M-55,402,54:47,27.66%
803,Thomas Blalock,"Long Beach, CA",82,54:26,17:32,M 30-39/47,M-38,403,54:56,24.22%
804,Cynthia Blalock,"Long Beach, CA",81,54:26,17:32,F 30-39/46,F-37,401,54:56,26.36%
805,Steve Shoemaker,"Redondo Beach, CA",741,54:29,17:33,M 7-8/40,M-8,404,54:48,32.01%
806,Sydney Cardenas,", ",1051,54:52,17:40,F 01-06/32,F-4,402,56:39, 0.00%
807,Calvin Cardenas,", ",1050,54:55,17:41,M 1-6/38,M-4,405,56:42, 0.00%
808,Kim Neglia,"Manhattan Beach, CA",581,55:30,17:52,F 60-99/11,F-63,403,56:06,33.95%
809,Russell Neglia,"Manhattan Beach, CA",582,55:31,17:52,M 60-99/14,M-64,406,56:06,29.79%
810,Alexandra Rowland,"Manhattan Beach, CA",710,55:31,17:53,F 01-06/33,F-6,404,56:09,37.94%
811,Emily Ortiz,"Manhattan Beach, CA",605,55:35,17:54,F 01-06/34,F-6,405,56:12,37.90%
812,Duncan Rowland Jr,"Manhattan Beach, CA",713,55:35,17:54,M 40-49/86,M-41,407,56:13,24.21%
813,Christine Ortiz,"Manhattan Beach, CA",604,55:36,17:54,F 40-49/88,F-40,406,56:13,26.28%
814,Marilyn Steinberg,"Manhattan Beach, CA",1134,55:45,17:57,F 50-59/25,F-54,407,57:12,29.84%
815,William Quiroga,"Hermosa Beach, CA",652,56:06,18:04,M 1-6/39,M-6,408,57:38,36.56%
816,Will Kendall,"Hermosa Beach, CA",468,56:47,18:17,M 1-6/40,M-5,409,57:37,40.84%
817,Kellie Kendall,"Hermosa Beach, CA",466,56:48,18:17,F 40-49/89,F-48,408,57:39,27.45%
818,Lura Delanty,"Manhattan Beach, CA",264,57:11,18:25,F 60-99/12,F-81,409,58:27,48.66%
819,Jo Delanty,"Manhattan Beach, CA",263,57:12,18:25,F 50-59/26,F-53,410,58:27,28.74%
820,Marcia Salomon,"Manhattan Beach, CA",721,57:23,18:29,F 30-39/47,F-33,411,59:00,24.54%
821,J B Revell,"Manhattan Beach, CA",686,57:34,18:32,M 1-6/41,M-5,410,59:38,40.29%
822,Mike Revell,"Manhattan Beach, CA",687,57:35,18:32,M 50-59/24,M-51,411,59:38,25.24%
823,Linda Quiroga,"Hermosa Beach, CA",649,57:37,18:33,F 40-49/90,F-41,412,59:09,25.53%
824,Sharon Suarez,"Redondo Beach, CA",771,57:57,18:40,F 40-49/91,F-45,413,59:06,26.19%
825,Rebecca Anzivino,"Redondo Beach, CA",130,58:11,18:44,F 30-39/48,F-33,414,59:38,24.20%
826,Dave Anzivino,"Redondo Beach, CA",129,58:12,18:44,M 30-39/48,M-37,412,59:39,22.50%
827,Drew Suarez,"Redondo Beach, CA",768,58:13,18:45,M 1-6/42,M-5,413,59:19,39.84%
828,Aarti Mcdonald,", ",1010,58:26,18:49,F 30-39/49,F-39,415,59:18,24.84%
829,Glenn Suarez,"Redondo Beach, CA",770,58:27,18:49,M 40-49/87,M-41,414,59:39,23.02%
830,Kristen Grant,"Hermosa Beach, CA",399,58:28,18:49,F 01-06/35,F-5,416,59:43,40.51%
831,Jeff Grant,"Hermosa Beach, CA",398,58:33,18:51,M 50-59/25,M-53,415,59:46,25.26%
832,Kristi Connelly,"Manhattan Beach, CA",965,58:34,18:51,F 40-49/92,F-40,418,59:30,24.95%
833,Cara Connolly,", ",963,58:34,18:51,F 01-06/36,F-6,417,59:30,35.96%
834,Michael Connolly,"Manhattan Beach, CA",966,58:36,18:52,M 40-49/88,M-42,416,59:31,23.13%
835,Chris Mcdonald,", ",1012,58:46,18:55,M 40-49/89,M-42,417,59:38,23.06%
836,Katy Mcdonald,", ",1009,58:46,18:55,F 15-16/11,F-16,419,59:38,24.90%
837,Lizzy Marcoux,"Redondo Beach, CA",520,58:49,18:56,F 01-06/37,F-3,420,59:30, 0.00%
838,Sue Marcoux,"Redondo Beach, CA",523,58:57,18:59,F 30-39/50,F-39,421,59:29,24.63%
839,Diane Giaquinta,"Manhattan Beach, CA",390,59:02,19:01,F 50-59/27,F-51,422,59:56,27.23%
840,Valerie Ruhl,"Torrance, CA",718,59:09,19:03,F 40-49/93,F-42,423,59:55,25.05%
841,Randy Steinberg,"Manhattan Beach, CA",1132,1:00:15,19:24,M 50-59/26,M-58,418,1:01:39,25.72%
842,Lucas Steinberg,"Manhattan Beach, CA",1133,1:00:15,19:24,M 11-12/41,M-11,419,1:01:40,25.12%
843,Briggs Stella,"Hermosa Beach, CA",1305,1:00:27,19:28,F 01-06/38,F-4,424,1:02:04, 0.00%
844,Allison Grant,"Hermosa Beach, CA",397,1:00:48,19:35,F 01-06/39,F-6,425,1:02:03,34.64%
845,Peggy Grant,"Hermosa Beach, CA",400,1:00:49,19:35,F 50-59/28,F-50,426,1:02:04,26.16%
846,Gianna Delgado,"Playa Del Rey, CA",268,1:05:01,20:56,F 01-06/40,F-4,427,1:06:00, 0.00%
847,Eddy Delgado,"Playa Del Rey, CA",267,1:05:02,20:56,F 50-59/29,F-52,428,1:05:59,24.99%
848,Jose Arencibia,"Torrance, CA",132,1:05:11,20:59,M 60-99/15,M-62,420,1:06:07,24.80%
849,Ely Arencibia,"Torrance, CA",131,1:05:11,20:59,M 40-49/90,M-49,421,1:06:08,21.93%
850,Katya Arencibia,"Torrance, CA",133,1:05:13,21:00,F 01-06/41,F-5,429,1:06:10,36.32%
851,Steve Keller,"Manhattan Beach, CA",464,1:05:20,21:02,M 40-49/91,M-40,422,1:06:08,20.45%
852,Elizabeth Keller,"Manhattan Beach, CA",462,1:05:22,21:03,F 09-10/30,F-9,430,1:06:09,26.40%
853,Julia Keller,"Manhattan Beach, CA",463,1:08:44,22:08,F 01-06/42,F-6,431,1:09:31,30.64%
854,Barbara Dougher,"Manhattan Beach, CA",315,1:09:03,22:14,F 60-99/13,F-72,432,1:10:32,32.21%
855,Walt Dougher,"Manhattan Beach, CA",316,1:09:07,22:15,M 60-99/16,M-73,423,1:10:33,27.00%
