Bib,Name,Gender,Age,Hometown,Overall,Women,F 01-06,Age/Grade,Finish,Chip Time,Gun Time,2.5K
131,Ely Arencibia,M,49,"Torrance, CA",849 out of 855,421 out of 423,90 out of 91, 21.93% Place: 806,1:05:11 Pace: 20:59,1:05:11,1:06:08,34:14 Pace: 22:05
133,Katya Arencibia,F,5,"Torrance, CA",850 out of 855,429 out of 432,41 out of 42, 36.32% Place: 588,1:05:13 Pace: 21:00,1:05:13,1:06:10,34:14 Pace: 22:06
464,Steve Keller,M,40,"Manhattan Beach, CA",851 out of 855,422 out of 423,91 out of 91, 20.45% Place: 807,1:05:20 Pace: 21:02,1:05:20,1:06:08,33:10 Pace: 21:24
462,Elizabeth Keller,F,9,"Manhattan Beach, CA",852 out of 855,430 out of 432,30 out of 30, 26.40% Place: 778,1:05:22 Pace: 21:03,1:05:22,1:06:09,33:16 Pace: 21:28
463,Julia Keller,F,6,"Manhattan Beach, CA",853 out of 855,431 out of 432,42 out of 42, 30.64% Place: 707,1:08:44 Pace: 22:08,1:08:44,1:09:31,37:39 Pace: 24:17
315,Barbara Dougher,F,72,"Manhattan Beach, CA",854 out of 855,432 out of 432,13 out of 13, 32.21% Place: 667,1:09:03 Pace: 22:14,1:09:03,1:10:32,36:34 Pace: 23:36
316,Walt Dougher,M,73,"Manhattan Beach, CA",855 out of 855,423 out of 423,16 out of 16, 27.00% Place: 772,1:09:07 Pace: 22:15,1:09:07,1:10:33,36:18 Pace: 23:25
