Place,Name,Location,Bib,Net Time,Pace,Division/Place,Sex-Age,Sex-Place,Gun Time,Age Grade
1,David Williams,", CA",1030,16:41,5:23,M 19-24/0,M-20,1,16:41,78.20%
2,Tyrus Deminter,"Stevenson Ranch, CA",1094,17:01,5:29,M 45-49/0,M-45,2,17:01,83.43%
3,Jake Courtney,"Hermosa Beach, CA",1099,18:01,5:48,M 45-49/0,M-46,3,18:01,79.35%
4,Daniel Vargas,"Huntington Beach, CA",1109,18:25,5:56,M 11-12/1,M-12,4,18:25,80.80%
5,Mark Silva,"Manhattan Beach, CA",1054,18:27,5:57,M 45-49/1,M-46,5,18:27,77.49%
6,Mikael Dauzet,"Los Angeles, CA",112,18:32,5:58,M 25-29/1,M-27,6,18:33,69.67%
7,Chris Tregillis,"Manhattan Beach, CA",1134,18:45,6:02,M 40-44/1,M-41,7,18:45,73.40%
8,Efrain Vargas,"Huntington Beach, CA",1151,18:49,6:04,M 11-12/2,M-12,8,18:49,79.08%
9,Chris Vargas,"Manhattan Beach, CA",1205,18:55,6:06,M 50-54/1,M-52,9,18:55,79.28%
10,Jett Stearns,"Palos Verdes Estates, CA",1056,19:01,6:08,M 15-16/1,M-15,10,19:01,73.25%
11,John Haberstroh,"Gardena, CA",226,19:15,6:12,M 19-24/1,M-20,11,19:15,67.76%
12,David Witherall,"Redondo Beach, CA",957,19:34,6:18,M 45-49/2,M-48,12,19:34,74.25%
13,Jim Newman,"Manhattan Beach, CA",427,19:50,6:23,M 50-54/2,M-50,13,19:50,74.43%
14,Matt Knight,"Manhattan Beach, CA",319,19:50,6:23,M 45-49/3,M-48,14,19:51,73.25%
15,Mary Clabby,"Manhattan Beach, CA",88,19:56,6:25,F 40-44/0,F-41,1,19:56,77.49%
16,Chuck Kaminski,"Manhattan Beach, CA",1195,19:59,6:26,M 50-54/3,M-53,15,19:59,75.71%
17,Justin Macdonald,"Manhattan Beach, CA",346,20:18,6:33,M 13-14/1,M-13,16,20:18,71.49%
18,Ryan Siroky,"Manhattan Beach, CA",1207,20:24,6:34,M 13-14/2,M-14,17,20:24,69.58%
19,Eric Kutsenda,"Manhattan Beach, CA",1213,20:28,6:36,M 35-39/1,M-37,18,20:28,65.28%
20,Matthew Moran,"Manhattan Beach, CA",1253,20:29,6:36,M 30-34/1,M-34,19,20:44,64.09%
21,David James,"Manhattan Beach, CA",1190,20:31,6:36,M 45-49/4,M-46,20,20:31,69.67%
22,Mitch Dwyer,"Hermosa Beach, CA",937,20:34,6:38,M 13-14/3,M-13,21,20:34,70.56%
23,Chance Weston,", CA",974,20:37,6:38,M 11-12/3,M-11,22,20:37,74.27%
24,Lucas Hodger,", CA",797,20:40,6:40,M 13-14/4,M-13,23,20:40,70.22%
25,Jeff Snyder,"Pasadena, CA",1076,20:49,6:42,M 50-54/4,M-52,24,20:49,72.04%
26,Diane Silva,"Manhattan Beach, CA",1053,20:51,6:43,F 45-49/0,F-45,2,20:51,76.64%
27,John Poirier,"Manhattan Beach, CA",1043,20:53,6:44,M 45-49/5,M-48,25,20:57,69.57%
28,Marty Friedman,"Manhattan Beach, CA",926,21:07,6:48,M 60-99/1,M-62,26,21:07,77.33%
29,Nick Mansfield,", CA",889,21:17,6:51,M 13-14/5,M-14,27,21:18,66.69%
30,Carrie Schmidt,"Redondo Beach, CA",556,21:30,6:55,F 45-49/0,F-46,3,21:30,75.10%
31,Ryan Yamashita,"Rancho Palos Verdes, CA",668,21:32,6:56,M 17-18/1,M-18,28,21:32,61.97%
32,Stephanie Gelb,"Hermosa Beach, CA",1204,21:32,6:56,F 19-24/1,F-22,4,21:45,68.78%
33,Connor Rafferty,"Manhattan Beach, CA",492,21:33,6:56,M 13-14/6,M-13,29,21:33,67.34%
34,Shane Mahon,"El Segundo, CA",357,21:37,6:58,M 09-10/1,M-10,30,21:37,73.07%
35,Max Rigler,"Manhattan Beach, CA",525,21:42,6:59,M 13-14/7,M-13,31,21:42,66.87%
36,Randy Forbes,"Manhattan Beach, CA",1227,21:42,6:59,M 40-44/2,M-42,32,21:45,63.87%
37,Jeff Reesing,"Manhattan Beach, CA",862,21:42,6:59,M 40-44/3,M-40,33,21:44,62.95%
38,Peter Riordan,"Manhattan Beach, CA",530,21:44,7:00,M 45-49/6,M-46,34,21:52,65.77%
39,Laura Rectenwald,"Manhattan Beach, CA",502,21:45,7:00,F 19-24/2,F-24,5,21:45,68.10%
40,Conor Dawson,"Manhattan Beach, CA",886,21:51,7:02,M 15-16/2,M-15,35,21:52,63.74%
41,Nick Rigler,"Manhattan Beach, CA",526,21:58,7:05,M 13-14/8,M-14,36,22:04,64.62%
42,Harrison Clay,"Seal Beach, CA",962,21:59,7:05,M 35-39/2,M-35,37,22:06,60.02%
43,Willard Weston,", CA",975,22:13,7:09,M 45-49/7,M-48,38,22:13,65.39%
44,Kristin Hextall,"Manhattan Beach, CA",1208,22:17,7:11,F 19-24/3,F-22,6,22:19,66.47%
45,Pete Grasso,"Manhattan Beach, CA",1174,22:19,7:11,M 45-49/8,M-46,39,22:22,64.05%
46,Meagan Rafferty,"Manhattan Beach, CA",493,22:20,7:12,F 13-14/1,F-13,7,22:20,71.55%
47,Charles Walker,"Hermosa Beach, CA",761,22:20,7:12,M 25-29/2,M-26,40,22:23,57.80%
48,Lisa Bell,"Torrance, CA",1202,22:25,7:13,F 13-14/2,F-14,8,22:25,70.16%
49,Sean Mahon,"El Segundo, CA",356,22:25,7:13,M 45-49/9,M-47,41,22:28,64.29%
50,Del Carniero,"Gardena, CA",79,22:31,7:15,M 40-44/4,M-42,42,22:31,61.56%
51,Nick Trozzi,"Panorama City, CA",1066,22:33,7:16,M 45-49/10,M-48,43,22:33,64.42%
52,Jj Turkmany,"Manhattan Beach, CA",617,22:36,7:17,M 40-44/5,M-42,44,22:38,61.33%
53,Clayton Shannon,"Manhattan Beach, CA",561,22:37,7:17,M 45-49/11,M-47,45,22:40,63.72%
54,Rick Joly,"Sun Valley, CA",1037,22:40,7:18,M 60-99/2,M-60,46,22:40,70.79%
55,Will Padden,"Manhattan Beach, CA",1007,22:41,7:18,M 13-14/9,M-14,47,22:48,62.57%
56,Kevin Knutson,"Huntington Beach, CA",1018,22:48,7:21,M 25-29/3,M-27,48,22:52,56.62%
57,Mark Vucich,"Agoura Hills, CA",968,22:53,7:22,M 30-34/2,M-34,49,22:53,57.36%
58,Kyle Denis,"Manhattan Beach, CA",134,23:00,7:24,M 15-16/3,M-15,50,23:04,60.55%
59,Jeanne Allen,"Manhattan Beach, CA",18,23:03,7:26,F 17-18/1,F-17,9,23:05,65.63%
60,Ryan Pittsinger,"Manhattan Beach, CA",1203,23:08,7:27,M 19-24/2,M-24,51,23:21,55.80%
61,Kim Webber,"Rolling Hills Estates, CA",646,23:14,7:29,F 13-14/3,F-14,10,23:18,67.70%
62,Austin Cole,"Redondo Beach, CA",1167,23:17,7:30,M 11-12/4,M-11,52,23:17,65.76%
63,Lauren Bojorquez,"Seal Beach, CA",58,23:18,7:30,F 25-29/1,F-25,11,23:21,63.56%
64,Sue Rigler,"Manhattan Beach, CA",527,23:22,7:31,F 40-44/1,F-44,12,23:23,67.74%
65,Ford Rigler,"Manhattan Beach, CA",523,23:23,7:32,M 09-10/2,M-9,53,23:23,69.97%
66,Mike Nutting,"Manhattan Beach, CA",439,23:28,7:34,M 30-34/3,M-33,54,23:28,55.65%
67,Greg Dorn,"Manhattan Beach, CA",145,23:28,7:34,M 40-44/6,M-41,55,23:57,58.64%
68,Andrea White,"Brooklyn, NY",1055,23:32,7:35,F 30-34/1,F-30,13,23:32,62.93%
69,Owen Murray,", CA",1021,23:33,7:35,M 45-49/12,M-46,56,23:35,60.69%
70,David Gendron,"Manhattan Beach, CA",1140,23:35,7:36,M 35-39/3,M-37,57,24:03,56.65%
71,Michael Hadley,"Manhattan Beach, CA",230,23:38,7:37,M 13-14/10,M-13,58,23:40,61.40%
72,Bullet Bales,"Glendale, CA",1041,23:46,7:39,M 60-99/3,M-64,59,23:46,69.96%
73,Leonard Velez,"Hawthorne, CA",1144,23:49,7:40,M 35-39/4,M-35,60,23:51,55.39%
74,Rosemary Henderson,"Torrance, CA",254,23:51,7:41,F 50-54/1,F-52,14,24:00,72.80%
75,Keri Manger,"Palos Verdes Estates, CA",363,23:51,7:41,F 13-14/4,F-14,15,23:56,65.90%
76,Marc Maye,"Compton, CA",728,23:54,7:42,M 19-24/3,M-24,61,23:54,54.01%
77,Danica Hendrickson,"Manhattan Beach, CA",1081,23:57,7:43,F 30-34/2,F-31,16,24:06,61.91%
78,Lee Tunila,"Manhattan Beach, CA",614,24:01,7:44,F 35-39/1,F-36,17,24:01,62.57%
79,Casey Knutson,"Huntington Beach, CA",1019,24:01,7:44,F 19-24/4,F-24,18,24:07,61.67%
80,Marco Trujillo,"Los Angeles, CA",751,24:02,7:45,M 11-12/5,M-12,62,24:04,61.90%
81,Wes Hildyard,"Hermosa Beach, CA",1125,24:03,7:45,M 40-44/7,M-43,63,24:21,58.11%
82,Zarani Barrow,"Pasadena, CA",40,24:04,7:45,M 35-39/5,M-36,64,24:24,55.16%
83,Erik Elliott,"Manhattan Beach, CA",1067,24:07,7:46,M 30-34/4,M-31,65,24:07,53.80%
84,Brian Regan,"Manhattan Beach, CA",504,24:12,7:48,M 40-44/8,M-43,66,24:18,57.75%
85,Adeline Allen,"Manhattan Beach, CA",17,24:14,7:48,F 15-16/1,F-15,19,24:16,64.01%
86,Dione Dierks,"El Segundo, CA",137,24:19,7:50,F 35-39/2,F-38,20,24:19,62.35%
87,Gerry Morton,"Manhattan Beach, CA",946,24:21,7:51,M 35-39/6,M-35,67,24:21,54.18%
88,Ryan Verbiest,"Manhattan Beach, CA",1219,24:21,7:51,M 11-12/6,M-12,68,24:26,61.10%
89,Jeannie Thompson,"Highland, CA",1050,24:24,7:52,F 50-54/2,F-53,21,24:25,72.11%
90,Jeffrey Ortiz,"Manhattan Beach, CA",449,24:25,7:52,M 40-44/9,M-44,69,24:28,57.65%
91,Kevan Doyle,"Manhattan Beach, CA",994,24:33,7:54,M 13-14/11,M-13,70,24:33,59.10%
92,Andreas Schmidt,"Redondo Beach, CA",555,24:34,7:55,M 13-14/12,M-13,71,24:34,59.06%
93,Adam Knutson,"Rancho Cucamonga, CA",1020,24:36,7:56,M 25-29/4,M-29,72,24:42,52.54%
94,Rodrigo Platero,"Santa Ana, CA",473,24:39,7:56,M 30-34/5,M-30,73,24:59,52.50%
95,Henry Humbarger,"Manhattan Beach, CA",274,24:42,7:57,M 07-08/1,M-8,74,24:50,68.94%
96,John Denis,"Manhattan Beach, CA",133,24:44,7:58,M 45-49/13,M-48,75,24:53,58.73%
97,Brandon Winner,"Manhattan Beach, CA",662,24:44,7:58,M 09-10/3,M-10,76,24:46,63.86%
98,Riley Denis,"Manhattan Beach, CA",135,24:46,7:59,M 09-10/4,M-10,77,24:52,63.77%
99,Kristen Parks,"Manhattan Beach, CA",827,24:47,7:59,F 13-14/5,F-13,22,24:48,64.47%
100,Francisco Mejia,"Los Angeles, CA",1271,24:52,8:01,M 13-14/13,M-14,78,25:12,57.08%
101,Riley Livingston,"Redondo Beach, CA",336,25:04,8:04,M 09-10/5,M-10,79,25:11,63.01%
102,Paul Legler,"Manhattan Beach, CA",1078,25:04,8:05,M 13-14/14,M-14,80,25:10,56.62%
103,Barron Regan,"Manhattan Beach, CA",503,25:06,8:05,M 07-08/2,M-8,81,25:06,67.84%
104,Preston Ortiz,"Manhattan Beach, CA",451,25:08,8:06,M 09-10/6,M-10,82,25:14,62.84%
105,Katie Zanotti,"Hermosa Beach, CA",680,25:14,8:08,F 30-34/3,F-30,23,25:33,58.69%
106,Logan Sharp,"El Segundo, CA",840,25:14,8:08,M 07-08/3,M-7,83,25:14,70.59%
107,Charles Zanotti,"Hermosa Beach, CA",679,25:14,8:08,M 30-34/6,M-31,84,25:33,51.42%
108,Heather Hetzer,"Manhattan Beach, CA",261,25:14,8:08,F 19-24/5,F-23,24,25:37,58.69%
109,Cameron Bardeau,"Hermosa Beach, CA",32,25:15,8:08,M 13-14/15,M-13,85,25:29,57.46%
110,Bo Loy,"Pasadena, CA",341,25:18,8:09,M 25-29/5,M-26,86,25:37,51.02%
111,Neil Erickson,"Manhattan Beach, CA",1104,25:18,8:09,M 50-54/5,M-53,87,25:29,59.79%
112,Craig Rowe,"Seal Beach, CA",539,25:20,8:10,M 25-29/6,M-26,88,25:32,50.95%
113,Tom Humbarger,"Manhattan Beach, CA",276,25:24,8:11,M 45-49/14,M-49,89,25:39,57.65%
114,Liz Tran,"Redondo Beach, CA",613,25:27,8:12,F 25-29/2,F-25,25,25:46,58.19%
115,Kurt Ahrens,"Rancho Palos Verdes, CA",1101,25:28,8:12,M 17-18/2,M-18,90,25:28,52.39%
116,John Kaminski,"Manhattan Beach, CA",306,25:29,8:13,M 19-24/4,M-21,91,25:46,50.85%
117,Brendan Shinn,"Redondo Beach, CA",565,25:37,8:15,M 13-14/16,M-13,92,25:37,56.64%
118,Nicole Hetzer,"Los Angeles, CA",262,25:37,8:15,F 25-29/3,F-26,26,25:37,57.81%
119,Laura Frederick,"Redondo Beach, CA",1017,25:38,8:15,F 40-44/2,F-40,27,25:52,59.86%
120,Dick Held,"Los Angeles, CA",1133,25:38,8:15,M 60-99/4,M-60,93,25:43,62.59%
121,Nicola Gamboa,"Acton, CA",189,25:40,8:16,F 40-44/3,F-40,28,25:44,59.78%
122,Jack Gebele,"Hermosa Beach, CA",194,25:44,8:17,M 07-08/4,M-8,94,25:44,66.17%
123,Marco Delloro,"Manhattan Beach, CA",951,25:52,8:20,M 13-14/17,M-14,95,25:55,54.87%
124,Madison Evans,"Los Angeles, CA",175,25:53,8:20,F 11-12/1,F-11,29,25:59,64.30%
125,Maxwell Baumer,", CA",834,25:54,8:21,M 09-10/7,M-9,96,25:58,63.17%
126,Kieran Blood,"Hermosa Beach, CA",56,25:54,8:21,M 09-10/8,M-9,97,25:54,63.17%
127,Tim Murphy,"Manhattan Beach, CA",1038,25:56,8:21,M 50-54/6,M-50,98,26:08,56.88%
128,Brent Enright,"Manhattan Beach, CA",1123,25:58,8:22,M 50-54/7,M-51,99,26:14,57.29%
129,Vince Licciardone,"Hawthorne, CA",1127,25:59,8:22,M 13-14/18,M-13,100,26:04,55.84%
130,Todd Mannix,"Rancho Palos Verdes, CA",364,25:59,8:22,M 35-39/7,M-39,101,26:11,52.18%
131,Jim Quartarone,"Manhattan Beach, CA",1102,26:02,8:23,M 40-44/10,M-40,102,26:14,52.47%
132,Laura Jenks,"Manhattan Beach, CA",295,26:03,8:23,F 40-44/4,F-40,30,26:15,58.90%
133,Connor Turley,"Manhattan Beach, CA",1077,26:04,8:24,M 13-14/19,M-13,103,26:09,55.66%
134,Kyle Gorey,"Hermosa Beach, CA",205,26:04,8:24,M 13-14/20,M-14,104,26:09,54.45%
135,Brian Murphy,"Redondo Beach, CA",1039,26:05,8:24,M 60-99/5,M-60,105,26:17,61.51%
136,Shane Dempster,"Manhattan Beach, CA",131,26:07,8:25,M 15-16/4,M-15,106,26:07,53.32%
137,John Baumer,", CA",835,26:08,8:25,M 40-44/11,M-41,107,26:12,52.65%
138,Kelly Dempster,"Manhattan Beach, CA",130,26:09,8:25,F 45-49/1,F-46,31,26:09,61.73%
139,Peter Rech,"Manhattan Beach, CA",501,26:09,8:25,M 60-99/6,M-62,108,26:18,62.44%
140,Bryan Haske,"Manhattan Beach, CA",248,26:10,8:26,M 19-24/5,M-22,109,27:02,49.33%
141,Dan Manson,"Manhattan Beach, CA",365,26:12,8:26,M 45-49/15,M-45,110,26:36,54.17%
142,Sam Chapman,"Manhattan Beach, CA",84,26:14,8:27,M 09-10/9,M-9,111,27:19,62.36%
143,Joseph Pitcher,"Redondo Beach, CA",471,26:17,8:28,M 30-34/7,M-31,112,26:26,49.37%
144,Brandon Shirazi,"Manhattan Beach, CA",568,26:18,8:28,M 11-12/7,M-11,113,26:19,58.21%
145,Marianne Fitzpatrick,"Manhattan Beach, CA",793,26:19,8:28,F 40-44/5,F-42,32,26:21,59.13%
146,Tessa Allen,"Manhattan Beach, CA",21,26:19,8:29,F 11-12/2,F-12,33,26:19,61.91%
147,Sheryl Thaler,"Manhattan Beach, CA",603,26:22,8:30,F 45-49/2,F-49,34,26:24,63.44%
148,Kristy Lamontagne,"Simi Valley, CA",327,26:23,8:30,F 19-24/6,F-20,35,26:23,56.13%
149,Jeff Atkinson,"Manhattan Beach, CA",1150,26:25,8:30,M 45-49/16,M-46,114,26:25,54.10%
150,Miguel Tolentino,"Redondo Beach, CA",607,26:26,8:31,M 01-06/1,M-6,115,26:26,70.79%
151,Cassie Shannon,"Manhattan Beach, CA",560,26:26,8:31,F 13-14/6,F-13,36,26:27,60.44%
152,Raul Erazo,"Inglewood, CA",706,26:28,8:31,M 13-14/21,M-14,116,27:32,53.62%
153,Mercedes Morton,"Manhattan Beach, CA",947,26:29,8:32,F 35-39/3,F-36,37,26:47,56.74%
154,Todd Campbell,"Manhattan Beach, CA",75,26:29,8:32,M 35-39/8,M-38,117,26:35,50.82%
155,Matthew Anselmo,"Manhattan Beach, CA",1015,26:29,8:32,M 13-14/22,M-14,118,26:38,53.59%
156,Ryan Parks,"Manhattan Beach, CA",826,26:31,8:32,M 09-10/10,M-10,119,26:32,59.56%
157,Joe Burke,"Aspen, CO",1085,26:31,8:32,M 60-99/7,M-61,120,26:41,61.07%
158,Anthony Salinas,"Riverside, CA",1296,26:31,8:32,M 30-34/8,M-30,121,26:37,48.81%
159,Sam Holtze,", CA",816,26:35,8:34,M 09-10/11,M-10,122,26:36,59.41%
160,Melissa Chapman,"Manhattan Beach, CA",83,26:38,8:35,F 45-49/3,F-45,38,27:44,59.99%
161,Sascha Hoffman,"Seal Beach, CA",266,26:40,8:35,F 19-24/7,F-24,39,26:43,55.53%
162,Harvey Glamann,"Eau Claire, WI",200,26:42,8:36,M 60-99/8,M-60,123,27:02,60.09%
163,Gabriella Li,"Manhattan Beach, CA",331,26:42,8:36,F 15-16/2,F-15,40,27:01,58.09%
164,Julia Farina,"Playa Del Rey, CA",179,26:42,8:36,F 15-16/3,F-16,41,27:01,57.34%
165,Amy Staszkow,"Manhattan Beach, CA",1093,26:42,8:36,F 35-39/4,F-39,42,26:56,57.09%
166,Connor Cole,"Redondo Beach, CA",1169,26:47,8:38,M 09-10/12,M-10,124,26:48,58.97%
167,Alec Word,"Manhattan Beach, CA",917,26:49,8:38,M 07-08/5,M-7,125,26:51,66.42%
168,John Petri,"Manhattan Beach, CA",466,26:49,8:38,M 40-44/12,M-44,126,27:12,52.49%
169,Jan Holtze,", CA",813,26:50,8:38,M 50-54/8,M-50,127,26:50,55.00%
170,Mary Rodberg,"Manhattan Beach, CA",533,26:50,8:39,F 07-08/1,F-8,43,26:50,67.56%
171,Marie Ciprari,"Manhattan Beach, CA",1061,26:51,8:39,F 09-10/1,F-10,44,26:58,63.60%
172,Bob Anderson,"Redondo Beach, CA",984,26:54,8:40,M 45-49/17,M-47,128,27:10,53.56%
173,Kailyn Hooten,"Redondo Beach, CA",1042,26:54,8:40,F 09-10/2,F-10,45,26:54,63.48%
174,Emma Olsen,"Manhattan Beach, CA",443,26:54,8:40,F 09-10/3,F-10,46,26:54,63.48%
175,Jeffrey Michael,"Manhattan Beach, CA",399,26:54,8:40,M 40-44/13,M-43,129,27:20,51.95%
176,Ethan Stauber,"Manhattan Beach, CA",685,26:55,8:40,M 07-08/6,M-7,130,27:33,66.17%
177,Christina Regan,"Manhattan Beach, CA",505,27:00,8:42,F 13-14/7,F-13,47,27:00,59.17%
178,Juliette McCall,"Torrance, CA",376,27:00,8:42,F 13-14/8,F-13,48,27:00,59.17%
179,Joseph Licciardone,"Hawthorne, CA",1126,27:01,8:42,M 13-14/23,M-14,131,28:45,52.53%
180,Dennis McNeil,"El Segundo, CA",1132,27:04,8:43,M 45-49/18,M-48,132,27:12,53.67%
181,Elaine Yim,"Los Angeles, CA",669,27:04,8:43,F 30-34/4,F-34,49,27:55,55.08%
182,Teresa McCormick,"Manhattan Beach, CA",379,27:05,8:43,F 45-49/4,F-49,50,27:27,61.76%
183,Marian Drahnak,"Hermosa Beach, CA",155,27:07,8:44,F 50-54/3,F-52,51,27:12,64.02%
184,Emilio Gancayco,"Palos Verdes Estates, CA",191,27:08,8:44,M 25-29/7,M-26,133,27:45,47.57%
185,Emilio Gancayco,"Palos Verdes Estates, CA",190,27:09,8:45,M 50-54/9,M-53,134,27:44,55.71%
186,Diane Hextall,"Manhattan Beach, CA",1209,27:12,8:46,F 40-44/6,F-43,52,27:13,57.69%
187,Javier Carranza,"Los Angeles, CA",699,27:13,8:46,M 11-12/8,M-11,135,27:13,56.25%
188,David Blood,"Hermosa Beach, CA",54,27:13,8:46,M 40-44/14,M-42,136,27:19,50.92%
189,Michael Smet,"El Segundo, CA",1120,27:13,8:46,M 09-10/13,M-10,137,27:13,58.03%
190,Jose Freire,"Redondo Beach, CA",925,27:14,8:46,M 50-54/10,M-54,138,27:36,55.97%
191,Georgette Gantner,"Redondo Beach, CA",1145,27:14,8:46,F 55-59/1,F-56,53,27:17,67.18%
192,James Wagenbach,"Los Angeles, CA",630,27:15,8:47,M 40-44/15,M-43,139,27:22,51.29%
193,Roberto Medrano,"Manhattan Beach, CA",784,27:15,8:47,M 50-54/11,M-52,140,28:22,55.02%
194,Julie Amalfi,"Redondo Beach, CA",22,27:15,8:47,F 35-39/5,F-37,54,27:56,55.39%
195,Shaunt Hartounian,"Seal Beach, CA",247,27:15,8:47,M 25-29/8,M-29,141,27:23,47.43%
196,Teresa Kadlec,"Manhattan Beach, CA",304,27:15,8:47,F 45-49/5,F-45,55,27:52,58.63%
197,Paul Smit,"Redondo Beach, CA",571,27:17,8:47,M 30-34/9,M-32,142,27:43,47.68%
198,Brett Salazar,"Hawthorne, CA",547,27:18,8:48,M 13-14/24,M-14,143,29:02,51.99%
199,Vince Amalfi,"Redondo Beach, CA",23,27:22,8:49,M 35-39/9,M-39,144,28:00,49.54%
200,Jimmy Duchesne,"Redondo Beach, CA",159,27:22,8:49,M 09-10/14,M-9,145,27:22,59.78%
201,Erick Cubias,"Carson, CA",703,27:27,8:50,M 11-12/9,M-12,146,28:33,54.19%
202,Katie Duchesne,"Redondo Beach, CA",160,27:28,8:51,F 40-44/7,F-43,56,27:42,57.13%
203,Christopher Shirazi,"Manhattan Beach, CA",569,27:32,8:52,M 07-08/7,M-8,147,27:32,61.84%
204,Ty Dillman,"Manhattan Beach, CA",1255,27:32,8:52,M 09-10/15,M-9,148,27:36,59.42%
205,Deedee Ciprari,"Manhattan Beach, CA",1060,27:35,8:53,F 40-44/8,F-42,57,27:44,56.41%
206,Jessica Beeli,"Manhattan Beach, CA",859,27:36,8:53,F 13-14/9,F-14,58,28:47,56.98%
207,Andrew Winner,"Manhattan Beach, CA",661,27:37,8:54,M 45-49/19,M-47,149,27:39,52.17%
208,Will Campbell,"Manhattan Beach, CA",979,27:37,8:54,M 09-10/16,M-9,150,27:39,59.24%
209,Sean Ward,"Redondo Beach, CA",639,27:37,8:54,M 11-12/10,M-11,151,27:40,55.43%
210,Nancy Miller,", CA",887,27:40,8:55,F 55-59/2,F-59,59,27:52,68.90%
211,Greg Takagi,"Redondo Beach, CA",1206,27:41,8:55,M 60-99/9,M-61,152,27:47,58.49%
212,Kim Cunningham,"Manhattan Beach, CA",922,27:44,8:56,F 45-49/6,F-45,60,28:16,57.61%
213,Cliff Allman,", CA",811,27:46,8:57,M 55-59/1,M-59,153,27:46,57.30%
214,Chris Rogers,"Santa Monica, CA",1058,27:47,8:57,M 25-29/9,M-25,154,28:28,46.46%
215,Chris Dodson,"Hermosa Beach, CA",865,27:55,8:59,M 19-24/6,M-21,155,28:19,46.42%
216,Aidan Farlo,", CA",1040,27:55,9:00,M 11-12/11,M-11,156,27:58,54.81%
217,Clare Gurbach,"Manhattan Beach, CA",221,27:58,9:01,F 45-49/7,F-45,61,29:00,57.13%
218,Anne Ozer,"Manhattan Beach, CA",821,28:00,9:01,F 50-54/4,F-50,62,28:16,60.45%
219,Carl Calhoun,"Los Angeles, CA",69,28:02,9:02,M 30-34/10,M-32,157,29:23,46.40%
220,Kelly Krulisky,"Pasadena, CA",320,28:05,9:03,F 25-29/4,F-27,63,28:26,52.73%
221,Sammy Mansfield,", CA",888,28:06,9:03,M 09-10/17,M-9,158,28:10,58.22%
222,Jun Ma,"Palos Verdes Estates, CA",345,28:08,9:04,M 25-29/10,M-25,159,28:44,45.88%
223,Jack Austin,"Hermosa Beach, CA",990,28:09,9:04,M 07-08/8,M-8,160,28:09,60.49%
224,William Austin,"Hermosa Beach, CA",991,28:09,9:04,M 01-06/2,M-6,161,28:10,66.47%
225,Suzanne Evans,"Manhattan Beach, CA",176,28:09,9:04,F 35-39/6,F-37,64,28:30,53.61%
226,Mike Dimick,"Manhattan Beach, CA",1156,28:14,9:06,M 55-59/2,M-57,162,28:19,55.40%
227,Derek Gunny,"Manhattan Beach, CA",220,28:17,9:07,M 09-10/18,M-9,163,28:17,57.84%
228,Mario Camacho,"Los Angeles, CA",698,28:18,9:07,M 13-14/25,M-13,164,29:23,51.27%
229,Stephanie Lee,"Redondo Beach, CA",328,28:19,9:07,F 25-29/5,F-29,65,28:31,52.30%
230,Rebecca Giacaone,"Hermosa Beach, CA",198,28:20,9:07,F 25-29/6,F-26,66,28:31,52.27%
231,Angelito Tolentino,"Redondo Beach, CA",604,28:23,9:09,M 45-49/20,M-45,165,28:41,50.00%
232,Steven Kaats,"Torrance, CA",301,28:24,9:09,M 13-14/26,M-14,166,28:24,49.97%
233,Wade Taylor,"Laguna Niguel, CA",1235,28:25,9:09,M 40-44/16,M-42,167,28:42,48.77%
234,Rich Gebele,", CA",820,28:25,9:09,M 40-44/17,M-41,168,28:31,48.42%
235,Bill Sawin,"Manhattan Beach, CA",552,28:26,9:09,M 40-44/18,M-40,169,28:48,48.04%
236,Ella Sawin,"Manhattan Beach, CA",553,28:26,9:09,F 01-06/1,F-4,67,28:47, 0.00%
237,Kaitlin Lopez,"Redondo Beach, CA",338,28:28,9:10,F 15-16/4,F-16,68,28:30,53.78%
238,Matthew Ramos,"El Segundo, CA",499,28:29,9:10,M 07-08/9,M-8,170,28:35,59.78%
239,Mike Ramos,"El Segundo, CA",500,28:29,9:10,M 45-49/21,M-46,171,28:36,50.18%
240,Helena Takeuchi,"Torrance, CA",1183,28:30,9:11,F 13-14/10,F-13,69,28:41,56.06%
241,Lauren Paolino,"Manhattan Beach, CA",452,28:35,9:12,F 19-24/8,F-23,70,29:08,51.81%
242,Laura Hodgkinson,"Corona Del Mar, CA",264,28:35,9:12,F 19-24/9,F-21,71,28:44,51.81%
243,Connie Licciardone,"Hawthorne, CA",1111,28:36,9:13,F 50-54/5,F-50,72,30:21,59.18%
244,Lindsay Harrison,"Corona Del Mar, CA",245,28:37,9:13,F 19-24/10,F-24,73,28:44,51.75%
245,Dana Denis,"Manhattan Beach, CA",132,28:40,9:14,F 45-49/8,F-47,74,28:57,56.95%
246,Abraham Maciel,"Los Angeles, CA",724,28:40,9:14,M 13-14/27,M-13,172,29:46,50.61%
247,J T Gryder,"El Segundo, CA",214,28:42,9:15,M 15-16/5,M-15,173,28:47,48.52%
248,Neal Davenport,"Torrance, CA",113,28:42,9:15,M 40-44/19,M-42,174,28:57,48.29%
249,Stacy Kearney,"Redondo Beach, CA",310,28:45,9:15,F 25-29/7,F-27,75,29:10,51.51%
250,Gary Henning,"Manhattan Beach, CA",260,28:47,9:16,M 45-49/22,M-49,175,29:10,50.87%
251,Aarin Henning,"Manhattan Beach, CA",256,28:47,9:16,F 13-14/11,F-14,76,29:10,54.63%
252,Christine Francis,"Manhattan Beach, CA",186,28:51,9:17,F 40-44/9,F-41,77,29:42,53.53%
253,Shaun Crosner,"Los Angeles, CA",105,28:54,9:18,M 25-29/11,M-26,176,29:08,44.66%
254,Sarah Gurbach,"Manhattan Beach, CA",224,28:54,9:18,F 13-14/12,F-13,78,28:55,55.28%
255,Patrick McCloskey,"Redondo Beach, CA",377,28:55,9:19,M 30-34/11,M-30,177,29:09,44.75%
256,Jim Harger,"Manhattan Beach, CA",235,28:57,9:19,M 50-54/12,M-50,178,29:02,50.98%
257,Nicholas Dorn,"Manhattan Beach, CA",147,28:58,9:20,M 07-08/10,M-8,179,29:24,58.78%
258,William Goodin,"Manhattan Beach, CA",1179,28:58,9:20,M 60-99/10,M-61,180,29:55,55.90%
259,Steve Stadvec,"Manhattan Beach, CA",584,29:01,9:21,M 45-49/23,M-47,181,30:19,49.66%
260,James Gurbach,"Manhattan Beach, CA",222,29:02,9:21,M 45-49/24,M-46,182,33:50,49.22%
261,Erin Dodson,"Hermosa Beach, CA",866,29:04,9:22,F 09-10/4,F-10,79,29:28,58.75%
262,Deborah Gunny,"Manhattan Beach, CA",219,29:06,9:22,F 50-54/6,F-52,80,31:10,59.66%
263,Camila Reynolds,"Los Angeles, CA",519,29:08,9:23,F 25-29/8,F-29,81,29:21,50.83%
264,Cate Post,"El Segundo, CA",479,29:09,9:23,F 09-10/5,F-10,82,29:32,58.58%
265,Hans-Juergen Neufert,"Torrance, CA",424,29:12,9:24,M 50-54/13,M-50,183,29:16,50.54%
266,Robbie Duchesne,"Redondo Beach, CA",161,29:14,9:25,M 07-08/11,M-7,184,29:15,60.92%
267,Reilly Atkinson,"Manhattan Beach, CA",1196,29:16,9:26,M 45-49/25,M-48,185,29:16,49.63%
268,Taylor Jacobs,"Manhattan Beach, CA",292,29:17,9:26,F 07-08/2,F-8,83,30:11,61.90%
269,Bruce Jacobs,"Manhattan Beach, CA",285,29:17,9:26,M 40-44/20,M-40,186,30:11,46.64%
270,Bennett Maggiacomo,"Hermosa Beach, CA",351,29:18,9:26,M 09-10/19,M-9,187,29:19,55.83%
271,Cian Ward,"Redondo Beach, CA",637,29:21,9:27,M 07-08/12,M-8,188,29:24,58.01%
272,Kelly Cole,"Redondo Beach, CA",1170,29:24,9:28,F 40-44/10,F-40,84,29:32,52.18%
273,Kelly West,"Hermosa Beach, CA",650,29:24,9:28,F 35-39/7,F-39,85,29:29,51.84%
274,Sean Harger,"Manhattan Beach, CA",238,29:27,9:29,M 15-16/6,M-15,189,29:43,47.28%
275,Jack Walmer,"Manhattan Beach, CA",867,29:32,9:31,M 07-08/13,M-7,190,29:32,60.30%
276,Kathy Joly,"Sun Valley, CA",1036,29:34,9:31,F 55-59/3,F-59,86,29:45,64.47%
277,Jenn Santana,"Hermosa Beach, CA",1105,29:36,9:32,F 35-39/8,F-39,87,29:50,51.49%
278,Colleen Atkinson,"Manhattan Beach, CA",977,29:36,9:32,F 40-44/11,F-43,88,29:55,53.01%
279,Katie Von Behren,"Manhattan Beach, CA",629,29:37,9:32,F 11-12/3,F-11,89,29:37,56.19%
280,Claudette Labuschagne,"Redondo Beach, CA",323,29:38,9:33,F 35-39/9,F-35,90,29:41,50.48%
281,Michael Stauber,"Manhattan Beach, CA",586,29:40,9:33,M 40-44/21,M-43,191,30:18,47.11%
282,Walter Anderson,"Manhattan Beach, CA",1158,29:41,9:34,M 50-54/14,M-52,192,30:22,50.51%
283,Nancy Pratt,"Manhattan Beach, CA",485,29:46,9:35,F 45-49/9,F-49,91,30:48,56.19%
284,Bill Pratt,"Manhattan Beach, CA",482,29:47,9:35,M 50-54/15,M-54,193,30:48,51.18%
285,Jd Edwards,"Manhattan Beach, CA",893,29:47,9:36,M 45-49/26,M-45,194,30:34,47.65%
286,Evan Edwards,"Manhattan Beach, CA",892,29:48,9:36,M 01-06/3,M-6,195,30:33,62.79%
287,Jessie Ralph,"Manhattan Beach, CA",494,29:50,9:37,F 13-14/13,F-14,92,30:55,52.71%
288,Aiden Blood,"Hermosa Beach, CA",53,29:50,9:37,M 11-12/12,M-11,196,29:55,51.31%
289,Michelle Jensen,"Los Angeles, CA",1068,29:54,9:38,F 40-44/12,F-43,93,30:31,52.48%
290,Tommy Cunningham,"Manhattan Beach, CA",924,29:55,9:38,M 09-10/20,M-9,197,30:10,54.68%
291,Jack Hook,"Manhattan Beach, CA",270,29:56,9:39,M 40-44/22,M-41,198,30:10,45.96%
292,Karen Kramer,"Encino, CA",1197,29:58,9:39,F 40-44/13,F-42,94,30:00,51.92%
293,Tyler Mahomes,"Encino, CA",1198,29:59,9:39,M 07-08/14,M-7,199,29:59,59.40%
294,Tom Bressler,"Anaheim, CA",62,30:00,9:40,M 45-49/27,M-48,200,30:06,48.42%
295,Greg Regan,"Manhattan Beach, CA",506,30:02,9:40,M 11-12/13,M-11,201,30:07,50.97%
296,Nicholas Wong,"El Segundo, CA",665,30:07,9:42,M 07-08/15,M-8,202,30:11,56.53%
297,Ricky Odello,"Manhattan Beach, CA",440,30:09,9:43,M 19-24/7,M-23,203,30:31,42.81%
298,Liam Hook,"Manhattan Beach, CA",271,30:10,9:43,M 07-08/16,M-7,204,30:10,59.04%
299,Renee Harkenrider,"Torrance, CA",242,30:10,9:43,F 35-39/10,F-35,95,30:57,49.59%
300,Barbara Campbell,"Redondo Beach, CA",74,30:13,9:44,F 35-39/11,F-38,96,32:20,50.17%
501,Nancy Humbarger,"Manhattan Beach, CA",275,36:19,11:42,F 50-54/10,F-50,202,36:34,46.60%
502,Dominick Cooper,"Torrance, CA",98,36:24,11:43,M 07-08/31,M-7,300,37:11,48.92%
503,Ethan Blandino,"Hawthorne, CA",933,36:28,11:44,M 09-10/31,M-10,301,36:28,43.30%
504,Stephen Blandino,"Hawthorne, CA",934,36:29,11:45,M 40-44/35,M-43,302,36:48,38.30%
505,Scott Word,"Manhattan Beach, CA",920,36:33,11:46,M 45-49/40,M-45,303,36:46,38.82%
506,Ricky Quiroga,", CA",857,36:34,11:46,M 09-10/32,M-9,304,36:34,44.73%
507,Melissa Fernandez,", CA",181,36:36,11:47,F 30-34/10,F-34,203,37:20,40.73%
508,Claire Mahon,"El Segundo, CA",354,36:41,11:49,F 07-08/12,F-8,204,37:17,49.41%
509,Jade Ponciano,"Manhattan Beach, CA",1096,36:43,11:49,F 13-14/26,F-13,205,37:17,43.51%
510,Mary Claudino,"Manhattan Beach, CA",1095,36:45,11:50,F 13-14/27,F-13,206,37:20,43.47%
511,Yvonne Zino,"Redondo Beach, CA",966,36:49,11:51,F 07-08/13,F-8,207,37:16,49.23%
512,Elena Hodges,", CA",798,36:55,11:53,F 11-12/15,F-12,208,37:11,44.13%
513,Brian Young,"Manhattan Beach, CA",670,36:56,11:53,M 11-12/22,M-12,305,37:04,40.27%
514,Maddy Tello,"Inglewood, CA",766,36:56,11:54,M 07-08/32,M-7,306,37:13,48.22%
515,Brad Halvorsen,"Hawthorne, CA",233,36:56,11:54,M 13-14/35,M-13,307,37:16,39.28%
516,Austin Gabriel,"Playa Del Rey, CA",928,36:57,11:54,M 13-14/36,M-13,308,37:05,39.26%
517,Kristen Dorr,"Hawthorne, CA",831,36:58,11:54,F 35-39/25,F-39,209,38:27,41.23%
518,Jay Scawan,"Manhattan Beach, CA",972,37:00,11:55,M 15-16/8,M-15,309,38:16,37.63%
519,Bridget Dorr,"Hawthorne, CA",828,37:03,11:56,F 01-06/6,F-4,210,38:26, 0.00%
520,Katie McDonald,"Manhattan Beach, CA",385,37:05,11:57,F 07-08/14,F-7,211,41:11,50.63%
521,Tracy Taw,"Hermosa Beach, CA",941,37:07,11:57,F 35-39/26,F-38,212,37:52,40.84%
522,Megan Forbes,"Manhattan Beach, CA",1229,37:09,11:58,F 11-12/16,F-11,213,37:59,44.79%
523,Jillian Turkmany,"Manhattan Beach, CA",616,37:09,11:58,F 09-10/17,F-10,214,37:59,45.96%
524,Joe Ponciano,"Manhattan Beach, CA",1097,37:18,12:01,M 45-49/41,M-45,310,37:18,38.04%
525,Marie Hodges,", CA",796,37:21,12:02,F 13-14/28,F-13,215,37:39,42.77%
526,Diego Fernandez,", CA",180,37:23,12:02,M 01-06/12,M-2,311,37:23, 0.00%
527,Grace Hodges,", CA",799,37:25,12:03,F 01-06/7,F-6,216,37:41,52.23%
528,Lorraine Hodges,", CA",795,37:25,12:03,F 40-44/25,F-43,217,37:41,41.93%
529,Aimee Sarabia,"Compton, CA",549,37:26,12:03,F 13-14/29,F-14,218,38:30,42.00%
530,Mitchell Halvorsen,"Hermosa Beach, CA",1238,37:30,12:05,M 09-10/33,M-9,312,38:24,43.62%
531,Jon Halvorsen,"Hermosa Beach, CA",1239,37:31,12:05,M 45-49/42,M-49,313,38:25,39.02%
532,Maryann Pohlen,"Redondo Beach, CA",478,37:33,12:06,F 09-10/18,F-9,219,38:44,46.76%
533,Tommy Moreno,"Manhattan Beach, CA",402,37:39,12:07,M 40-44/36,M-40,314,38:08,36.27%
534,Michael Wilk,"Manhattan Beach, CA",652,37:54,12:12,M 45-49/43,M-46,315,37:59,37.70%
535,Sean Wilk,"Manhattan Beach, CA",653,37:54,12:12,M 09-10/34,M-9,316,37:58,43.16%
536,Roger Zino,"Redondo Beach, CA",965,37:55,12:13,M 45-49/44,M-45,317,38:29,37.42%
537,Lydia Zino,"Redondo Beach, CA",967,37:56,12:13,F 01-06/8,F-5,220,38:31,53.85%
538,Steve Erigero,"Manhattan Beach, CA",1251,38:00,12:14,M 45-49/45,M-49,318,38:56,38.53%
539,Jodi Schwan,"Manhattan Beach, CA",973,38:03,12:15,F 40-44/26,F-43,221,39:20,41.24%
540,Stephanie Coffelt,"Torrance, CA",1004,38:05,12:16,F 13-14/30,F-14,222,38:18,41.29%
541,Matthew Stauber,"Manhattan Beach, CA",585,38:06,12:16,M 07-08/33,M-7,319,38:43,46.74%
542,Ani Aramians,"Burbank, CA",1065,38:13,12:18,F 30-34/11,F-31,223,39:01,38.79%
543,Jonathan Nachman,"Hermosa Beach, CA",421,38:15,12:19,M 01-06/13,M-4,320,39:28, 0.00%
544,Joe Padden,"Manhattan Beach, CA",1008,38:18,12:20,M 01-06/14,M-5,321,39:14,51.63%
545,Michael Padden,"Manhattan Beach, CA",1009,38:18,12:20,M 45-49/46,M-47,322,39:14,37.61%
546,Danny Douglas,"El Segundo, CA",151,38:18,12:20,M 40-44/37,M-42,323,38:59,36.18%
547,Amy Debevec,"Manhattan Beach, CA",115,38:19,12:20,F 40-44/27,F-44,224,38:39,41.30%
548,Andrew Nachman,"Hermosa Beach, CA",418,38:20,12:21,M 01-06/15,M-4,324,39:34, 0.00%
549,Amy Nachman,"Hermosa Beach, CA",417,38:21,12:21,F 40-44/28,F-43,225,39:34,40.91%
550,Jake Douglas,"El Segundo, CA",153,38:21,12:21,M 07-08/34,M-7,325,38:58,46.43%
551,Michael Jadeski,"Highland, CA",294,38:24,12:22,M 40-44/38,M-42,326,38:48,36.08%
552,Emily Jadeski,"Highland, CA",293,38:24,12:22,F 11-12/17,F-11,226,38:47,43.33%
553,Jessica Halvorsen,"Hermosa Beach, CA",1237,38:24,12:22,F 15-16/6,F-16,227,39:19,39.86%
554,Alex Rodberg,"Manhattan Beach, CA",532,38:25,12:22,F 13-14/31,F-14,228,38:45,40.93%
555,Angela Neufert,"Torrance, CA",423,38:27,12:23,F 45-49/20,F-46,229,38:34,41.98%
556,Chris Daniel,"Manhattan Beach, CA",942,38:28,12:23,M 40-44/39,M-41,327,39:17,35.76%
557,Luca Tomaro,"Manhattan Beach, CA",1070,38:29,12:24,M 01-06/16,M-6,328,39:45,48.61%
558,Abbe Holtze,", CA",814,38:30,12:24,F 13-14/32,F-14,230,38:45,40.84%
559,Lucas Stadvec,"Manhattan Beach, CA",582,38:30,12:24,M 01-06/17,M-6,329,39:46,48.59%
560,Sarah Lucenti,"Manhattan Beach, CA",803,38:30,12:24,F 13-14/33,F-13,231,38:45,41.49%
561,Jessica Turkmany,"Manhattan Beach, CA",615,38:30,12:24,F 13-14/34,F-13,232,38:46,41.49%
562,Michael Stadvec,"Manhattan Beach, CA",583,38:31,12:24,M 40-44/40,M-44,330,39:48,36.54%
563,Andrea Salazar,"Los Angeles, CA",744,38:36,12:26,F 11-12/18,F-11,233,39:37,43.11%
564,Damian Stevens,"Manhattan Beach, CA",590,38:37,12:26,M 35-39/16,M-38,331,38:37,34.84%
565,Jackson Stevens,"Manhattan Beach, CA",591,38:38,12:26,M 01-06/18,M-5,332,38:38,51.19%
566,Tianna Johnson,"Hermosa Beach, CA",299,38:40,12:27,F 25-29/14,F-26,234,39:11,38.29%
567,Annie Cunningham,"Manhattan Beach, CA",923,38:40,12:27,F 13-14/35,F-13,235,38:45,41.31%
568,Julie Stauber,"Manhattan Beach, CA",686,38:41,12:27,F 40-44/29,F-44,236,39:19,40.91%
569,Chris Zimnoch,"Redondo Beach, CA",1122,38:43,12:28,M 50-54/20,M-53,333,39:30,39.06%
570,John Frederick,"Redondo Beach, CA",1016,38:54,12:31,M 60-99/17,M-71,334,39:32,45.91%
571,Bernadette Minton,"El Segundo, CA",1002,38:54,12:32,F 45-49/21,F-47,237,39:38,41.96%
572,Susan Gebele,"Hermosa Beach, CA",197,38:54,12:32,F 40-44/30,F-41,238,39:39,39.69%
573,Kate Gebele,"Hermosa Beach, CA",196,38:57,12:32,F 01-06/9,F-6,239,39:39,50.17%
574,Robert Kadlec,"Manhattan Beach, CA",303,39:00,12:33,M 45-49/47,M-45,335,39:39,36.38%
575,Kristin Stevens,"Manhattan Beach, CA",592,39:00,12:33,F 35-39/27,F-38,240,39:15,38.86%
576,William Kadlec,"Manhattan Beach, CA",305,39:00,12:34,M 11-12/23,M-11,336,39:39,39.25%
577,Lourdes Ward,"Redondo Beach, CA",638,39:07,12:36,F 45-49/22,F-49,241,39:16,42.75%
578,Erick Antuche,"Cudahy, CA",692,39:10,12:37,M 13-14/37,M-13,337,40:16,37.04%
579,Abigail Kadlec,"Manhattan Beach, CA",302,39:13,12:38,F 07-08/15,F-8,242,39:49,46.20%
580,Benjamin Donohoe,"Hermosa Beach, CA",141,39:15,12:38,M 07-08/35,M-8,338,40:00,43.37%
581,Jerome Jackson I,"Manhattan Beach, CA",283,39:15,12:38,M 55-59/5,M-59,339,39:40,40.53%
582,Seana Daniel,"Manhattan Beach, CA",943,39:16,12:39,F 35-39/28,F-39,243,40:00,38.81%
583,Rosemarie Taylor,"Manhattan Beach, CA",602,39:19,12:40,F 25-29/15,F-26,244,39:41,37.66%
584,Kyle Manson,"Manhattan Beach, CA",366,39:24,12:41,M 07-08/36,M-8,340,39:51,43.21%
585,Summer Manson,"Manhattan Beach, CA",368,39:25,12:42,F 40-44/31,F-44,245,39:52,40.14%
586,Sean Manson,"Manhattan Beach, CA",367,39:25,12:42,M 01-06/19,M-5,341,39:52,50.17%
587,Matthew Hernandez,"Los Angeles, CA",715,39:34,12:44,M 11-12/24,M-11,342,39:49,38.69%
588,Heriberto Maldonado,"Los Angeles, CA",725,39:36,12:45,M 11-12/25,M-12,343,39:49,37.56%
589,Lou Dumont,"Manhattan Beach, CA",165,39:39,12:46,M 45-49/48,M-47,344,40:42,36.33%
590,Luc Dumont,"Manhattan Beach, CA",166,39:45,12:48,M 01-06/20,M-4,345,40:42, 0.00%
591,Jack Lulich,"Redondo Beach, CA",342,39:48,12:49,M 01-06/21,M-6,346,40:00,47.00%
592,Shane Stroke,"Hermosa Beach, CA",596,39:48,12:49,M 01-06/22,M-6,347,40:00,47.00%
593,Anthony Arce,"Los Angeles, CA",693,39:53,12:51,M 13-14/38,M-13,348,41:00,36.37%
594,Diego Gutierrez,"Los Angeles, CA",712,39:55,12:51,M 13-14/39,M-14,349,41:02,35.55%
595,Mitchell Petri,"Manhattan Beach, CA",468,39:57,12:52,M 09-10/35,M-9,350,40:24,40.94%
596,Gabriela Arcangeli,"Manhattan Beach, CA",819,39:57,12:52,F 07-08/16,F-8,246,40:11,45.37%
597,Jane Bell,"Torrance, CA",1100,39:57,12:52,F 50-54/11,F-54,247,40:56,44.57%
598,Michael Castillo,"Manhattan Beach, CA",81,39:57,12:52,M 13-14/40,M-14,351,40:12,35.52%
599,Henio Arcangeli,"Manhattan Beach, CA",817,39:58,12:52,M 45-49/49,M-45,352,40:12,35.49%
600,Nicholas Lockehend,"Manhattan Beach, CA",1103,39:59,12:52,M 09-10/36,M-9,353,40:09,40.91%
601,Dick Decker,"Manhattan Beach, CA",118,40:05,12:54,M 55-59/6,M-59,354,40:05,39.68%
602,Jennifer Lopez,"Redondo Beach, CA",337,40:17,12:58,F 19-24/17,F-19,248,40:33,36.88%
603,Johnathan Rodriguez,"Los Angeles, CA",740,40:19,12:59,M 09-10/37,M-10,355,40:26,39.16%
604,Melina Mallory,"Playa Del Rey, CA",762,40:23,13:00,F 09-10/19,F-10,249,42:06,42.28%
605,Natalie Garcia,"Manhattan Beach, CA",193,40:24,13:01,F 13-14/36,F-13,250,41:06,39.54%
606,Vanessa Quilliam,"Manhattan Beach, CA",987,40:26,13:01,F 09-10/20,F-9,251,41:37,43.42%
607,Sutton Revell,"Manhattan Beach, CA",517,40:31,13:03,F 09-10/21,F-9,252,42:13,43.33%
608,Kimberly Petri,"Manhattan Beach, CA",467,40:32,13:03,F 45-49/23,F-46,253,40:59,39.82%
609,Bob Maggiacomo,"Hermosa Beach, CA",352,40:36,13:04,M 40-44/41,M-44,356,40:55,34.66%
610,Jane Dorn,"Manhattan Beach, CA",146,40:39,13:05,F 35-39/29,F-35,254,41:06,36.79%
611,Pilar Jimenez,"Los Angeles, CA",717,40:40,13:06,F 09-10/22,F-10,255,41:45,41.98%
612,Carter Revell,"Manhattan Beach, CA",513,40:41,13:06,F 07-08/17,F-8,256,42:22,44.55%
613,Sandy Glamann,"Eau Claire, WI",201,40:41,13:06,F 60-99/2,F-61,257,41:27,48.20%
614,Melinda Decker,"Manhattan Beach, CA",119,40:41,13:06,F 45-49/24,F-49,258,41:26,41.11%
615,Mike Regan,"Manhattan Beach, CA",507,40:49,13:09,M 60-99/18,M-71,357,41:47,43.75%
616,James Quilliam,"Manhattan Beach, CA",988,40:50,13:09,M 45-49/50,M-49,358,42:02,35.85%
617,Estefanny Rodriguez,"Los Angeles, CA",738,40:52,13:09,F 11-12/19,F-11,259,40:52,40.72%
618,Alexa Quilliam,"Manhattan Beach, CA",986,40:53,13:10,F 07-08/18,F-7,260,42:02,45.92%
619,Christine Beatty,"Manhattan Beach, CA",1173,40:58,13:12,F 11-12/20,F-11,261,41:36,40.62%
620,Greg Smith,"Hermosa Beach, CA",572,41:07,13:14,M 50-54/21,M-54,359,41:16,37.06%
621,Christopher Yuhl,"Manhattan Beach, CA",676,41:07,13:14,M 45-49/51,M-48,360,46:18,35.32%
622,Bill Legler,"Manhattan Beach, CA",1080,41:07,13:14,M 60-99/19,M-69,361,41:26,42.42%
623,Susan Revell,"Manhattan Beach, CA",516,41:09,13:15,F 40-44/32,F-41,262,42:53,37.52%
624,Brad Evans,"Manhattan Beach, CA",173,41:10,13:15,M 55-59/7,M-58,362,42:27,38.32%
625,Anne Marie Lasher,"Manhattan Beach, CA",763,41:16,13:17,F 40-44/33,F-44,263,42:54,38.34%
626,Jay Harkenrider,"Manhattan Beach, CA",240,41:18,13:18,M 50-54/22,M-53,363,42:16,36.62%
627,Kylie Harkenrider,"Torrance, CA",241,41:19,13:18,F 01-06/10,F-4,264,42:15, 0.00%
628,Grace Lauson,"Manhattan Beach, CA",1163,41:21,13:19,F 07-08/19,F-8,265,42:02,43.83%
629,Elizabeth Olsen,"Manhattan Beach, CA",442,41:23,13:20,F 11-12/21,F-12,266,42:03,39.36%
630,Gilbert Tovar,", CA",802,41:38,13:24,M 50-54/23,M-50,364,42:04,35.44%
631,Linda Dill,"Redondo Beach, CA",1155,41:42,13:26,F 55-59/6,F-59,267,42:08,45.70%
632,Louis Nwoke,"Manhattan Beach, CA",1000,41:43,13:26,M 45-49/52,M-48,365,41:58,34.81%
633,Cynthia Ewing,"Hawthorne, CA",177,41:48,13:28,F 25-29/16,F-25,268,42:09,35.42%
634,Victoria Nwoke,"Manhattan Beach, CA",1001,41:57,13:31,F 09-10/23,F-10,269,42:09,40.70%
635,Vanessa Vaquero,"Los Angeles, CA",755,42:01,13:32,F 11-12/22,F-11,270,42:13,39.60%
636,Alana Van Slovis,"Hawthorne, CA",626,42:02,13:32,F 07-08/20,F-8,271,42:02,43.12%
637,Matthew Mendoza,"Carson, CA",397,42:03,13:32,M 01-06/23,M-1,366,42:03, 0.00%
638,Norris Blake,"Torrance, CA",49,42:06,13:33,M 45-49/53,M-46,367,42:23,33.94%
639,Anna Blake,"Torrance, CA",48,42:07,13:34,F 11-12/23,F-12,272,42:24,38.68%
640,Jasmine Garcia,"Los Angeles, CA",709,42:13,13:36,F 09-10/24,F-10,273,42:13,40.44%
641,Lauren Winterhalder,"Manhattan Beach, CA",939,42:14,13:36,F 13-14/37,F-13,274,42:18,37.82%
642,Patrick Donohoe,"Hermosa Beach, CA",143,42:14,13:36,M 40-44/42,M-44,368,43:01,33.32%
643,Aidan Donohoe,"Hermosa Beach, CA",140,42:14,13:36,M 01-06/24,M-6,369,43:00,44.30%
644,Brooke Winterhalder,"Manhattan Beach, CA",938,42:15,13:36,F 13-14/38,F-13,275,42:19,37.81%
645,Kimberly Bermudez,"Los Angeles, CA",697,42:15,13:36,F 09-10/25,F-10,276,42:15,40.41%
646,Lauren Currie,"Manhattan Beach, CA",1024,42:15,13:36,F 13-14/39,F-14,277,42:19,37.21%
647,Daniella Duffy,"Manhattan Beach, CA",1023,42:15,13:36,F 13-14/40,F-13,278,42:19,37.81%
648,Lauren Fournell,"Manhattan Beach, CA",1147,42:16,13:37,F 13-14/41,F-14,279,42:20,37.20%
649,Lexy Cummings,"Manhattan Beach, CA",1146,42:17,13:37,F 13-14/42,F-13,280,42:20,37.78%
650,Lauri Allen,"Manhattan Beach, CA",19,42:18,13:37,F 45-49/25,F-47,281,42:55,38.59%
651,Sean McQuiggan,"Manhattan Beach, CA",1187,42:18,13:37,M 01-06/25,M-6,370,43:01,44.23%
652,Bufonda Soule,"Redondo Beach, CA",577,42:23,13:39,F 35-39/30,F-37,282,42:34,35.60%
653,Chloe Grant,"Manhattan Beach, CA",208,42:24,13:39,F 01-06/11,F-6,283,42:35,46.09%
654,Mark Morris,"Manhattan Beach, CA",1013,42:25,13:39,M 40-44/43,M-41,371,42:25,32.43%
655,Charlotte Morrris,"Manhattan Beach, CA",1012,42:25,13:40,F 07-08/21,F-7,284,42:25,44.26%
656,Cathy Arruda,"Hawthorne, CA",956,42:33,13:42,F 40-44/34,F-42,285,44:00,36.56%
657,Linda Quiroga,", CA",856,42:34,13:42,F 40-44/35,F-42,286,42:37,36.55%
658,Christina Boyle,"Hermosa Beach, CA",60,42:35,13:43,F 40-44/36,F-40,287,42:35,36.02%
659,Tyler Harkenrider,"Torrance, CA",244,42:37,13:43,M 07-08/37,M-7,372,43:23,41.78%
660,Chloe Morris,"Manhattan Beach, CA",1014,42:38,13:44,F 01-06/12,F-3,288,42:38, 0.00%
661,Susie Morris,"Manhattan Beach, CA",1011,42:38,13:44,F 40-44/37,F-40,289,42:38,35.98%
662,Lori White,"Manhattan Beach, CA",1034,42:40,13:44,F 35-39/31,F-38,290,43:23,35.52%
663,Justin Wallender,"Manhattan Beach, CA",634,42:45,13:46,M 07-08/38,M-7,373,43:20,41.65%
664,Colin Jacobs,"Manhattan Beach, CA",287,42:52,13:48,M 01-06/26,M-5,374,43:23,46.13%
665,Mollie Baumer,", CA",836,42:55,13:49,F 40-44/38,F-40,291,43:19,35.74%
666,Delaney Baumer,", CA",833,42:56,13:49,F 07-08/22,F-7,292,43:19,43.73%
667,Anastasia Dorn,"Manhattan Beach, CA",144,43:00,13:51,F 01-06/13,F-6,293,43:26,45.44%
668,Edward Martinez,"Los Angeles, CA",727,43:03,13:52,M 13-14/41,M-13,375,44:10,33.69%
669,Ana Fuentes,"Manhattan Beach, CA",187,43:06,13:53,F 30-34/12,F-34,294,43:53,34.58%
670,Kiana Yuhl,"Manhattan Beach, CA",677,43:26,13:59,F 01-06/14,F-6,295,48:37,44.99%
671,George Stella,"Hermosa Beach, CA",1191,43:26,13:59,M 35-39/17,M-37,376,44:29,30.75%
672,Caroline McQuiggan,"Manhattan Beach, CA",1188,43:26,13:59,F 07-08/23,F-8,296,44:05,41.73%
673,Kate Reilly,"Manhattan Beach, CA",509,43:28,14:00,F 01-06/15,F-6,297,44:53,44.96%
674,Michele Reilly,"Manhattan Beach, CA",511,43:28,14:00,F 40-44/39,F-44,298,44:53,36.40%
675,Chase Jacobs,"Manhattan Beach, CA",286,43:29,14:00,M 01-06/27,M-3,377,44:01, 0.00%
676,Mark Jacobs,"Manhattan Beach, CA",290,43:29,14:00,M 35-39/18,M-38,378,44:01,30.94%
677,Emily Ortiz,"Manhattan Beach, CA",448,43:30,14:00,F 07-08/24,F-7,299,44:24,43.16%
678,Kaitlyn Johnson,"Hermosa Beach, CA",296,43:34,14:02,F 01-06/16,F-4,300,45:03, 0.00%
679,Patrick Johnson,"Hermosa Beach, CA",298,43:34,14:02,M 35-39/19,M-36,379,45:03,30.46%
680,Jojo Ducheshe,"Redondo Beach, CA",158,43:37,14:03,F 09-10/26,F-10,301,43:57,39.14%
681,Halev Viviani,"Hermosa Beach, CA",1225,43:37,14:03,M 09-10/38,M-10,380,44:48,36.20%
682,Kimberly Johnson,"Hermosa Beach, CA",297,43:38,14:03,F 40-44/40,F-44,302,45:08,36.26%
683,Kathy McQuiggan,"Manhattan Beach, CA",1184,43:39,14:03,F 40-44/41,F-44,303,44:27,36.25%
684,Guillermina Aguilar,"Paramount, CA",1083,43:45,14:05,F 40-44/42,F-43,304,44:55,35.86%
685,Brady White,"Manhattan Beach, CA",1032,43:46,14:06,M 01-06/28,M-2,381,44:30, 0.00%
686,Mary Arcangeli,"Manhattan Beach, CA",818,43:47,14:06,F 45-49/26,F-46,305,43:47,36.86%
687,Dave White III,"Manhattan Beach, CA",1035,43:47,14:06,M 35-39/20,M-39,382,44:30,30.96%
688,Isabella McDonald,"Manhattan Beach, CA",382,43:48,14:06,F 01-06/17,F-2,306,47:57, 0.00%
689,Chris McDonald,"Manhattan Beach, CA",381,43:49,14:07,M 40-44/44,M-43,383,47:57,31.89%
690,Ryan Ulrich,"Manhattan Beach, CA",622,43:58,14:09,M 09-10/39,M-9,384,45:26,37.20%
691,Vance Ulrich,"Manhattan Beach, CA",623,43:58,14:09,M 45-49/54,M-46,385,45:26,32.50%
692,Tami Viviani,"Hermosa Beach, CA",628,43:59,14:10,F 45-49/27,F-49,307,45:10,38.02%
693,Jack Truman,"Redondo Beach, CA",1233,44:03,14:11,M 09-10/40,M-10,386,44:25,35.84%
694,Liesl Takeuchi,"Torrance, CA",1182,44:08,14:12,F 09-10/27,F-10,308,44:17,38.69%
695,Cheryl Hoffman,"Manhattan Beach, CA",1089,44:09,14:13,F 45-49/28,F-48,309,44:09,37.42%
696,Erica Wenger,"Manhattan Beach, CA",1087,44:09,14:13,F 11-12/24,F-11,310,44:09,37.69%
697,Danielle Wenger,"Manhattan Beach, CA",1088,44:09,14:13,F 11-12/25,F-11,311,44:09,37.69%
698,Margot Barrera,"Manhattan Beach, CA",37,44:12,14:14,F 01-06/18,F-5,312,44:45,46.21%
699,Kate Barrera,"Manhattan Beach, CA",36,44:13,14:14,F 40-44/43,F-42,313,44:45,35.18%
700,Robert Grant,"Manhattan Beach, CA",213,44:16,14:15,M 45-49/55,M-45,387,44:26,32.05%
701,Charlotte Grant,"Manhattan Beach, CA",207,44:16,14:15,F 01-06/19,F-4,314,44:27, 0.00%
702,Ramona Davidian,"Studio City, CA",114,44:19,14:16,F 30-34/13,F-30,315,45:10,33.41%
703,Todd Dalton,"Redondo Beach, CA",111,44:20,14:16,M 35-39/21,M-39,388,44:52,30.58%
704,Finnian Blood,"Hermosa Beach, CA",681,44:22,14:17,M 01-06/29,M-3,389,44:33, 0.00%
705,Monyean Acuna,"Hermosa Beach, CA",13,44:24,14:18,F 60-99/3,F-60,316,44:51,43.56%
706,Megan Dalton,"Redondo Beach, CA",110,44:25,14:18,F 35-39/32,F-37,317,44:52,33.97%
707,Jake Dalton,"Redondo Beach, CA",109,44:27,14:19,M 01-06/30,M-6,390,44:52,42.09%
708,Erin Blood,"Hermosa Beach, CA",55,44:29,14:19,F 01-06/20,F-4,318,44:40, 0.00%
709,Nicholas Farafa,", CA",853,44:30,14:20,M 01-06/31,M-5,391,45:32,44.44%
710,Joanne Hadley,"Manhattan Beach, CA",229,44:31,14:20,F 50-54/12,F-50,319,45:05,38.01%
711,Kent Honey,"Manhattan Beach, CA",268,44:35,14:21,M 40-44/45,M-40,392,45:55,30.63%
712,Darren Takeuchi,"Torrance, CA",1180,44:41,14:23,M 45-49/56,M-47,393,44:51,32.24%
713,Parker Honey,"Manhattan Beach, CA",269,44:41,14:23,M 07-08/39,M-8,394,45:53,38.10%
714,Maelynn Takeuchi,"Torrance, CA",1181,44:42,14:24,F 07-08/25,F-8,320,44:51,40.54%
715,Regina Delloro,"Manhattan Beach, CA",948,44:44,14:24,F 13-14/43,F-14,321,45:06,35.15%
716,Harrianna Thompson,"Los Angeles, CA",749,44:55,14:28,F 13-14/44,F-13,322,45:16,35.56%
717,Jake Ruhl,"Torrance, CA",541,44:58,14:29,M 07-08/40,M-8,395,45:28,37.86%
718,Katie Ortiz,"Manhattan Beach, CA",450,44:58,14:29,F 13-14/45,F-13,323,45:33,35.52%
719,Brianna Blais,"Manhattan Beach, CA",45,45:01,14:30,F 13-14/46,F-13,324,45:36,35.48%
720,Preston Cole,"Redondo Beach, CA",1168,45:01,14:30,M 01-06/32,M-5,396,45:29,43.93%
721,Erica Olsen,"Manhattan Beach, CA",444,45:04,14:31,F 07-08/26,F-8,325,45:10,40.21%
722,Stacy Cruz,"Los Angeles, CA",106,45:06,14:31,F 11-12/26,F-11,326,45:28,36.89%
723,Kellie Mullin,"Manhattan Beach, CA",900,45:07,14:32,F 09-10/28,F-10,327,45:28,37.84%
724,Justin Verbiest,"Manhattan Beach, CA",1221,45:07,14:32,M 09-10/41,M-10,397,45:28,35.00%
725,Kiana Jones,"Los Angeles, CA",718,45:07,14:32,F 11-12/27,F-12,328,46:17,36.10%
726,Joelene Marquez,"South Gate, CA",726,45:12,14:33,F 11-12/28,F-11,329,46:19,36.81%
727,Byron Van Solvis,"Hawthorne, CA",627,45:14,14:34,M 45-49/57,M-49,398,45:14,32.36%
728,Melanie Salazar,"Los Angeles, CA",745,45:15,14:34,F 11-12/29,F-12,330,45:28,36.00%
729,Gabriella Mori,"Redondo Beach, CA",405,45:19,14:36,F 07-08/27,F-7,331,45:29,41.43%
730,Nancy Livingston,"Redondo Beach, CA",335,45:19,14:36,F 40-44/44,F-42,332,45:33,34.33%
731,Katy Heatherton,"Manhattan Beach, CA",759,45:20,14:36,F 11-12/30,F-12,333,45:31,35.93%
732,Kerrigan Livingston,"Redondo Beach, CA",334,45:20,14:36,F 01-06/21,F-6,334,45:34,43.10%
733,Barbara Coad,"Los Angeles, CA",90,45:25,14:37,F 45-49/29,F-49,335,45:25,36.82%
734,Laurel Ulrich,"Manhattan Beach, CA",621,45:27,14:38,F 45-49/30,F-45,336,45:27,35.14%
735,Isabella Burnett,"El Segundo, CA",67,45:37,14:41,F 01-06/22,F-5,337,46:27,44.77%
736,Luke Cesare,"Manhattan Beach, CA",789,45:38,14:41,M 01-06/33,M-2,399,46:41, 0.00%
737,Donna Deleon-Burnett,"El Segundo, CA",126,45:38,14:42,F 45-49/31,F-48,338,46:28,36.21%
738,Paul Burnett,"El Segundo, CA",68,45:40,14:42,M 45-49/58,M-46,400,46:27,31.29%
739,Kathleen Truman,"Redondo Beach, CA",1231,45:53,14:46,F 40-44/45,F-42,339,46:35,33.90%
740,Elizabeth Dumont,"Manhattan Beach, CA",163,45:54,14:47,F 40-44/46,F-41,340,46:02,33.64%
741,Olivia McKinnon,"Manhattan Beach, CA",1258,45:55,14:47,F 07-08/28,F-8,341,46:07,39.47%
742,Katey Connolly,"Manhattan Beach, CA",96,45:56,14:48,F 13-14/47,F-13,342,46:31,34.76%
743,Grace Miller,"Manhattan Beach, CA",1256,45:57,14:48,F 07-08/29,F-8,343,46:07,39.44%
744,Harley Dumont,"Manhattan Beach, CA",164,46:00,14:49,F 07-08/30,F-7,344,46:00,40.81%
745,Mary Erigero,"Manhattan Beach, CA",1199,46:01,14:49,F 40-44/47,F-44,345,48:22,34.38%
746,Devon Feaster,"Manhattan Beach, CA",843,46:05,14:50,F 11-12/31,F-11,346,46:58,36.11%
747,Kathy Casey,"Manhattan Beach, CA",844,46:05,14:50,F 45-49/32,F-47,347,46:59,35.42%
748,Robert McAusland,"Manhattan Beach, CA",374,46:11,14:52,M 40-44/46,M-41,401,47:30,29.78%
749,Stan Majcher,"Manhattan Beach, CA",1117,46:12,14:52,M 35-39/22,M-37,402,47:32,28.91%
750,Karina Mora,"Paramount, CA",731,46:15,14:53,F 11-12/32,F-12,348,46:15,35.22%
751,Katie Majcher,"Manhattan Beach, CA",1118,46:18,14:54,F 35-39/33,F-36,349,47:31,32.45%
752,Marykay Quilliam,"Manhattan Beach, CA",985,46:27,14:57,F 45-49/33,F-45,350,47:36,34.39%
753,Claire Keane,"Manhattan Beach, CA",1215,46:28,14:58,F 30-34/14,F-34,351,47:29,32.08%
754,Matthew Sarafa,", CA",850,46:28,14:58,M 11-12/26,M-11,403,47:31,32.94%
755,Tina Sarafa,"Manhattan Beach, CA",854,46:29,14:58,F 40-44/48,F-40,352,47:31,33.00%
756,Joe Cesare,"Manhattan Beach, CA",790,46:36,15:00,M 01-06/34,M-4,404,47:34, 0.00%
757,Fran Lauson,"Manhattan Beach, CA",1164,46:37,15:01,F 50-54/13,F-51,353,47:36,36.75%
758,James Marshall,"Manhattan Beach, CA",896,46:52,15:05,M 07-08/41,M-8,405,48:20,36.32%
759,Tom Shinn,"Redondo Beach, CA",567,46:55,15:07,M 50-54/24,M-52,406,47:36,31.95%
760,Colleen Shinn,"Redondo Beach, CA",566,46:56,15:07,F 50-54/14,F-50,354,47:36,36.06%
761,Sharon Olsen,"Manhattan Beach, CA",445,46:58,15:07,F 40-44/49,F-44,355,47:57,33.69%
762,Archer Defterios,"Hermosa Beach, CA",122,47:01,15:08,M 07-08/42,M-8,407,48:29,36.21%
763,Katie Smet,"El Segundo, CA",1121,47:12,15:12,F 09-10/29,F-10,356,49:06,36.17%
764,Cheryl Marino-Drews,"Redondo Beach, CA",369,47:13,15:12,F 45-49/34,F-48,357,48:02,34.99%
765,Tim Cole,"Redondo Beach, CA",1171,47:15,15:13,M 35-39/23,M-39,408,47:48,28.69%
766,Andrea Defterios,"Hermosa Beach, CA",121,47:17,15:13,F 40-44/50,F-41,358,48:52,32.65%
767,Foti Defterios,"Hermosa Beach, CA",124,47:17,15:13,M 45-49/59,M-46,409,48:51,30.22%
768,Keaton Dierks,"El Segundo, CA",138,47:17,15:14,M 01-06/35,M-4,410,48:19, 0.00%
769,Kennedy Dierks,"El Segundo, CA",139,47:18,15:14,F 07-08/31,F-7,359,48:19,39.69%
770,Eleanna Defterios,"Hermosa Beach, CA",123,47:18,15:14,F 01-06/23,F-5,360,48:52,43.18%
771,Amy Yuhl,"Manhattan Beach, CA",675,47:21,15:15,F 40-44/51,F-43,361,52:32,33.13%
772,Malia Yuhl,"Manhattan Beach, CA",678,47:22,15:15,F 07-08/32,F-8,362,52:32,38.26%
773,Robert Hanretty,"Manhattan Beach, CA",234,47:23,15:15,M 60-99/20,M-70,411,48:08,37.23%
774,Chris Hoying,"Manhattan Beach, CA",1176,47:25,15:16,M 11-12/27,M-12,412,47:25,31.36%
775,Alex Horejsi,"Manhattan Beach, CA",272,47:28,15:17,M 11-12/28,M-12,413,47:58,31.33%
776,Sean Fitzgerald,"Hermosa Beach, CA",1051,47:29,15:17,M 09-10/42,M-10,414,47:29,33.25%
777,Dean Dierks,"El Segundo, CA",136,47:32,15:18,M 35-39/24,M-39,415,48:28,28.52%
778,Luke Pastone,"Redondo Beach, CA",454,47:32,15:18,M 09-10/43,M-10,416,48:02,33.22%
779,Douglas Morrison,"Carson, CA",411,47:43,15:22,M 30-34/14,M-32,417,49:40,27.25%
780,Nicole Stoddard,"Manhattan Beach, CA",800,47:45,15:22,F 35-39/34,F-35,363,48:23,31.32%
781,Dillon Morrison,"Carson, CA",410,47:50,15:24,M 01-06/36,M-3,418,49:39, 0.00%
782,Lilli Erigero,"Manhattan Beach, CA",1252,47:51,15:24,F 07-08/33,F-8,364,47:58,37.87%
783,Daniel Kurz,"Manhattan Beach, CA",1297,47:52,15:25,M 35-39/25,M-37,419,49:22,27.90%
784,Brianna Gutierrez,"Los Angeles, CA",711,47:56,15:26,F 13-14/48,F-14,365,49:00,32.80%
785,Elizabeth Diaz,"Los Angeles, CA",705,47:58,15:27,F 13-14/49,F-13,366,48:25,33.30%
786,Alexandra Maggiacomo,"Hermosa Beach, CA",353,47:59,15:27,F 07-08/34,F-7,367,48:06,39.12%
787,Jasmine Turcios,"Hawthorne, CA",752,47:59,15:27,F 15-16/7,F-15,368,48:25,32.31%
788,Theresa Blandino,"Hawthorne, CA",936,47:59,15:27,F 40-44/52,F-44,369,48:19,32.97%
789,Luca Labuschagne,"Redondo Beach, CA",324,48:02,15:28,F 01-06/24,F-4,370,48:02, 0.00%
790,Samantha Ruhl,"Torrance, CA",542,48:05,15:29,F 07-08/35,F-7,371,48:24,39.04%
791,Janett Chavez,"Los Angeles, CA",1073,48:06,15:29,F 35-39/35,F-38,372,49:04,31.51%
792,Susan Anson,"Hermosa Beach, CA",24,48:07,15:30,F 45-49/35,F-48,373,48:19,34.34%
793,Kim Cesare,"Manhattan Beach, CA",787,48:08,15:30,F 35-39/36,F-39,374,49:10,31.66%
794,Mia Cesare,"Manhattan Beach, CA",791,48:10,15:31,F 01-06/25,F-6,375,49:10,40.57%
795,Valerie Ruhl,"Torrance, CA",543,48:14,15:32,F 40-44/53,F-43,376,48:33,32.53%
796,Diana Martinez,"Los Angeles, CA",1072,48:24,15:35,F 09-10/30,F-9,377,49:23,36.27%
797,Lupe Tello,"Inglewood, CA",765,48:26,15:36,F 30-34/15,F-34,378,48:43,30.77%
798,Hugo Tello,"Inglewood, CA",764,48:26,15:36,M 30-34/15,M-31,420,48:43,26.78%
799,Craig Glynn,"Manhattan Beach, CA",202,48:26,15:36,M 45-49/60,M-47,421,49:06,29.74%
800,Sylvia Lesage,"Manhattan Beach, CA",932,48:26,15:36,F 35-39/37,F-38,379,49:10,31.29%
801,Jeff Lesage,"Manhattan Beach, CA",931,48:27,15:36,M 35-39/26,M-36,422,49:10,27.39%
802,Kathy Glynn,"Manhattan Beach, CA",204,48:30,15:37,F 40-44/54,F-42,380,49:05,32.07%
803,Carl Calhoun Sr,"Los Angeles, CA",73,48:31,15:37,M 55-59/8,M-57,423,49:59,32.23%
804,Karen Glynn,"Manhattan Beach, CA",203,48:31,15:37,F 01-06/26,F-4,381,49:06, 0.00%
805,Joshua Calhoun,"Los Angeles, CA",70,48:36,15:39,M 25-29/15,M-28,424,49:59,26.55%
806,Alexander Border,"Los Angeles, CA",59,48:36,15:39,M 13-14/42,M-13,425,49:59,29.85%
807,Sarah Allman,", CA",807,48:42,15:41,F 09-10/31,F-9,382,50:35,36.05%
808,Andie Maloney,"Manhattan Beach, CA",906,48:43,15:41,F NoAge/0,F-0,383,50:37, 0.00%
809,Carmelita Dehaven,"Hawthorne, CA",125,48:46,15:42,F 60-99/4,F-80,384,49:54,55.49%
810,Felicia Gateman,", CA",1242,48:47,15:42,F NoAge/0,F-0,385,48:47, 0.00%
811,Gabby Panini,"Manhattan Beach, CA",1084,48:47,15:42,F 09-10/32,F-9,386,50:40,35.99%
812,Kristen Grant,"Hermosa Beach, CA",211,48:49,15:43,F 01-06/27,F-6,387,48:59,40.03%
813,David Meza,"Los Angeles, CA",1048,48:53,15:44,M 07-08/43,M-7,426,48:53,36.43%
814,Helena Walker,", CA",1091,49:03,15:48,F NoAge/0,F-0,388,50:17, 0.00%
815,Silvia Ruiz,"Carson, CA",545,49:07,15:49,F 45-49/36,F-49,389,49:52,34.05%
816,Vince Macnguyen,"Rancho Palos Verdes, CA",350,49:15,15:51,M 45-49/61,M-45,427,50:49,28.81%
817,Stephanie Meza,"Los Angeles, CA",1046,49:17,15:52,F 11-12/33,F-11,390,49:17,33.76%
818,Vianey Meza,"Los Angeles, CA",1047,49:20,15:53,F 11-12/34,F-12,391,49:20,33.02%
819,Stefan Beeli,"Manhattan Beach, CA",860,49:23,15:54,M 40-44/47,M-43,428,50:33,28.29%
820,Dulce Lopez,"Los Angeles, CA",720,49:26,15:55,F 13-14/50,F-14,392,50:26,31.79%
821,Carmen De Santiago,"Los Angeles, CA",704,49:27,15:55,F 15-16/8,F-15,393,50:26,31.36%
822,Lyn Labuschagne,"Redondo Beach, CA",326,49:41,16:00,F 35-39/38,F-38,394,49:41,30.50%
823,Trevor Labuschagne,"Redondo Beach, CA",325,49:41,16:00,M 35-39/27,M-39,429,49:41,27.28%
824,Kristine Schumacher,"Manhattan Beach, CA",824,49:52,16:03,F 40-44/55,F-40,395,50:23,30.76%
825,Kiki Schumacher,"Manhattan Beach, CA",822,49:53,16:04,F 07-08/36,F-7,396,50:23,37.63%
826,Christine Ortiz,"Manhattan Beach, CA",447,49:55,16:04,F 40-44/56,F-41,397,50:49,30.93%
827,Sean McDonald,"Hermosa Beach, CA",388,49:59,16:06,M 09-10/44,M-10,430,49:59,31.59%
828,Joan Sullivan,", CA",1090,50:03,16:07,F NoAge/0,F-0,398,51:17, 0.00%
829,Lucia Lopez,"Los Angeles, CA",721,50:09,16:09,F 13-14/51,F-14,399,50:18,31.35%
830,James Truman,"Redondo Beach, CA",1234,50:10,16:09,M 07-08/44,M-7,431,50:49,35.49%
831,Paul Mullin,"Manhattan Beach, CA",901,50:10,16:09,M 45-49/62,M-49,432,51:25,29.18%
832,Isabel Mullin,"Manhattan Beach, CA",902,50:11,16:09,F 50-54/15,F-54,400,51:25,35.48%
833,Lauren Harger,"Manhattan Beach, CA",236,50:11,16:09,F 45-49/37,F-46,401,51:26,32.16%
834,Perla Gutierrez,"Los Angeles, CA",713,50:11,16:10,F 13-14/52,F-14,402,50:17,31.33%
835,Bobby Nolan,"Manhattan Beach, CA",431,50:13,16:10,M 13-14/43,M-13,433,50:14,28.88%
836,Lauren Torii,"Manhattan Beach, CA",609,50:17,16:11,F 07-08/37,F-8,403,50:57,36.04%
837,Brittany Donaleshen,"Manhattan Beach, CA",1107,50:25,16:14,F 13-14/53,F-13,404,50:25,31.68%
838,Joe Ciprari,"Manhattan Beach, CA",1062,50:26,16:14,M 40-44/48,M-44,434,50:50,27.90%
839,Maximiliano Jimenez,"Los Angeles, CA",1082,50:27,16:15,M 01-06/37,M-5,435,51:38,39.19%
840,Verenice Zambrano,"Los Angeles, CA",1075,50:27,16:15,F 30-34/16,F-33,405,51:39,29.48%
841,Aidan Byrne,"Manhattan Beach, CA",1210,50:30,16:15,M 01-06/38,M-6,436,51:23,37.04%
842,Ryan Torii,"Manhattan Beach, CA",611,50:30,16:16,M 01-06/39,M-5,437,51:39,39.15%
843,Madison Torii,"Manhattan Beach, CA",610,50:31,16:16,F 01-06/28,F-4,406,51:40, 0.00%
844,Heather Donaleshen,"Manhattan Beach, CA",1108,50:34,16:17,F 40-44/57,F-41,407,50:34,30.53%
845,Beth Henning,"Manhattan Beach, CA",259,50:37,16:18,F 45-49/38,F-47,408,51:33,32.25%
846,William Wong,"El Segundo, CA",667,50:40,16:19,M 45-49/63,M-45,438,50:58,28.00%
847,Marlan Willardson,"Toluca Lake, CA",1115,50:44,16:20,F 30-34/17,F-33,409,51:40,29.31%
848,David McQuiggan,"Manhattan Beach, CA",1185,50:54,16:23,M 45-49/64,M-45,439,51:40,27.87%
849,Hanna Douglas,"El Segundo, CA",152,50:57,16:24,F 01-06/29,F-6,410,51:56,38.35%
850,Julia McNeil,"El Segundo, CA",1131,50:59,16:25,F 09-10/33,F-10,411,50:59,33.49%
851,Stella Briggs,"Hermosa Beach, CA",1194,51:00,16:25,F 01-06/30,F-5,412,51:59,40.05%
852,Karly Condon,"Manhattan Beach, CA",91,51:00,16:25,F 01-06/31,F-6,413,51:59,38.31%
853,Lynn Macnguyen,"Rancho Palos Verdes, CA",347,51:02,16:26,F 40-44/58,F-44,414,51:13,31.00%
854,Paige Macnguyen,"Rancho Palos Verdes, CA",348,51:02,16:26,F 07-08/38,F-8,415,51:13,35.51%
855,Jaden McDonald,"Hermosa Beach, CA",383,51:03,16:26,M 01-06/40,M-6,440,51:51,36.64%
856,Mark McDonald,"Hermosa Beach, CA",386,51:04,16:26,M 40-44/49,M-42,441,51:52,27.13%
857,Lori Condon,"Manhattan Beach, CA",92,51:05,16:27,F 40-44/59,F-43,416,52:05,30.71%
858,Elisa Paetzold,"El Segundo, CA",782,51:09,16:28,F 40-44/60,F-40,417,52:40,29.99%
859,Sally Lowe,"Playa Del Rey, CA",340,51:11,16:29,F 60-99/5,F-68,418,52:05,42.64%
860,Krissi Fiebig,"Redondo Beach, CA",1162,51:12,16:29,F 07-08/39,F-8,419,52:37,35.40%
861,Hai Lelong,"Whittier, CA",329,51:13,16:29,M 55-59/9,M-56,442,51:13,30.27%
862,Katie Douglas,"El Segundo, CA",154,51:15,16:30,F 35-39/39,F-38,420,52:14,29.57%
863,Max Paetzold,"El Segundo, CA",781,51:15,16:30,M 40-44/50,M-40,443,52:40,26.64%
864,Yesenia Alonso,"Los Angeles, CA",689,51:15,16:30,F 11-12/35,F-12,421,52:25,31.78%
865,Brooklyn Paetzold,"El Segundo, CA",778,51:16,16:31,F 01-06/32,F-5,422,52:40,39.84%
866,Kellie Hubert,"Huntington Beach, CA",273,51:21,16:32,F 45-49/39,F-46,423,51:29,31.43%
867,Evelyn Barrueta,"Lynwood, CA",695,51:23,16:33,F 11-12/36,F-12,424,52:26,31.70%
868,Joseph Gebele,"Hermosa Beach, CA",195,51:26,16:34,M 09-10/45,M-10,444,51:26,30.70%
869,Anne Pordes,"Hawthorne, CA",914,51:32,16:36,F 35-39/40,F-39,425,52:28,29.57%
870,Michael Connolly,"Manhattan Beach, CA",97,51:35,16:36,M 40-44/51,M-43,445,52:31,27.08%
871,Cara Connolly,"Manhattan Beach, CA",95,51:36,16:37,F 07-08/40,F-7,426,52:31,36.38%
872,Jennie McDonald,"Hermosa Beach, CA",384,51:36,16:37,F 35-39/41,F-38,427,51:36,29.37%
873,Molly Pitcher,"Redondo Beach, CA",472,51:50,16:41,F 30-34/18,F-31,428,53:21,28.59%
874,Christine Deerin,"Redondo Beach, CA",120,51:53,16:42,F 30-34/19,F-31,429,53:24,28.57%
875,Katie Kidder,"Manhattan Beach, CA",1241,52:08,16:47,F 13-14/54,F-13,430,52:26,30.64%
876,Shannon Sieminski,"Manhattan Beach, CA",1063,52:08,16:47,F 11-12/37,F-12,431,52:26,31.24%
877,Cindy Juarez,"Los Angeles, CA",719,52:09,16:47,F 13-14/55,F-13,432,53:19,30.63%
878,Joanna Andrade,"Los Angeles, CA",690,52:09,16:48,F 13-14/56,F-13,433,53:19,30.63%
879,Giselle Sanchez,"Los Angeles, CA",746,52:14,16:49,F 11-12/38,F-12,434,52:20,31.18%
880,Lindsey Acquistapace,"Manhattan Beach, CA",11,52:18,16:50,F 07-08/41,F-7,435,53:44,35.89%
881,Lisa Acquistapace,"Manhattan Beach, CA",12,52:19,16:51,F 40-44/61,F-40,436,53:44,29.32%
882,Tim Hart,"Manhattan Beach, CA",903,52:19,16:51,M 45-49/65,M-45,446,53:52,27.12%
883,Pierce Salazar,"Hawthorne, CA",548,52:21,16:51,M 13-14/44,M-13,447,53:12,27.71%
884,Elvira Sarabia,"Compton, CA",747,52:21,16:51,F 13-14/57,F-13,437,53:25,30.51%
885,Thomas Alexander,"Manhattan Beach, CA",16,52:21,16:51,M 13-14/45,M-13,448,53:13,27.71%
886,Shaela Hart,"Manhattan Beach, CA",905,52:22,16:52,F 01-06/33,F-5,438,53:53,39.00%
887,Janine Lulich,"Redondo Beach, CA",343,52:24,16:52,F 35-39/42,F-38,439,53:30,28.92%
888,Evelsy Cruz,"Downey, CA",702,52:26,16:53,F 13-14/58,F-13,440,53:26,30.46%
889,Javier Hernandez,"Los Angeles, CA",714,52:30,16:54,M 11-12/29,M-11,449,52:30,29.15%
890,Latwyla Williams,"Long Beach, CA",654,52:33,16:55,F 35-39/43,F-38,441,53:35,28.84%
891,Bill Fahey,"Manhattan Beach, CA",1298,52:34,16:56,M 55-59/10,M-57,450,54:15,29.75%
892,Cristina Luca,"Manhattan Beach, CA",1166,52:34,16:56,F 19-24/18,F-21,442,53:28,28.16%
893,Sydnie Wilson,"Redondo Beach, CA",1236,52:35,16:56,F 19-24/19,F-20,443,53:28,28.15%
894,Thomas Blalock,"Seal Beach, CA",52,52:37,16:57,M 35-39/28,M-39,451,53:39,25.76%
895,Stephany Prodromides,"Manhattan Beach, CA",487,52:38,16:57,F 40-44/62,F-40,444,53:39,29.14%
896,Cynthia Blalock,"Seal Beach, CA",51,52:38,16:57,F 35-39/44,F-38,445,53:40,28.79%
897,Nicole Burelli,"Manhattan Beach, CA",976,52:38,16:57,F 25-29/17,F-29,446,53:39,28.13%
898,Savannah Stroyke,", CA",884,52:38,16:57,F 01-06/34,F-4,447,53:46, 0.00%
899,Noelle Stroyke,", CA",885,52:38,16:57,F 40-44/63,F-42,448,53:46,29.55%
900,Christine Conway,"Manhattan Beach, CA",869,52:41,16:58,F 55-59/7,F-58,449,54:13,35.70%
901,Cytlaly Munoz,"Los Angeles, CA",732,52:42,16:58,F 11-12/39,F-11,450,53:49,31.57%
902,Maciel Ayleen,"Los Angeles, CA",694,52:44,16:59,F 11-12/40,F-11,451,53:52,31.55%
903,Melissa Beeli,"Manhattan Beach, CA",858,52:49,17:00,F 45-49/40,F-48,452,54:29,31.28%
904,Sydney Pell,"Manhattan Beach, CA",462,52:49,17:00,F 07-08/42,F-7,453,53:58,35.54%
905,Dylan Pell,"Manhattan Beach, CA",460,52:49,17:00,M 01-06/41,M-5,452,53:58,37.44%
906,Susanna Sieke,"Manhattan Beach, CA",855,52:51,17:01,F 13-14/59,F-14,454,54:32,29.75%
907,Alexis Fahey,"Manhattan Beach, CA",178,52:52,17:01,F 13-14/60,F-14,455,54:29,29.74%
908,Aidan Medrano,"Manhattan Beach, CA",786,52:55,17:02,M 01-06/42,M-5,453,54:06,37.37%
909,Kathy Medrano,"Manhattan Beach, CA",783,52:56,17:03,F 40-44/64,F-41,456,54:07,29.17%
910,Genevieve Jackson,"Manhattan Beach, CA",282,53:05,17:06,F 07-08/43,F-7,457,53:29,35.36%
911,William Drews,"Redondo Beach, CA",157,53:11,17:07,M 50-54/25,M-50,454,54:01,27.74%
912,Steve Truman,"Redondo Beach, CA",1230,53:13,17:08,M 45-49/66,M-46,455,53:55,26.85%
913,Dean Adams,"Gardena, CA",14,53:14,17:08,M 35-39/29,M-37,456,54:56,25.09%
914,Jonathan De Jesus Mejia,"Los Angeles, CA",730,53:15,17:09,M 15-16/9,M-15,457,53:32,26.14%
915,Peggy Grant,"Hermosa Beach, CA",212,53:18,17:10,F 50-54/16,F-51,458,53:28,32.16%
916,Allison Grant,"Hermosa Beach, CA",206,53:18,17:10,F 07-08/44,F-7,459,53:28,35.22%
917,Kevan Flanigan,"Hermosa Beach, CA",873,53:18,17:10,M 35-39/30,M-38,458,54:53,25.24%
918,Ruby Maloney,"Manhattan Beach, CA",907,53:19,17:10,F 07-08/45,F-7,460,55:01,35.21%
919,Jared Drews,"Redondo Beach, CA",156,53:24,17:12,M 07-08/45,M-8,459,54:01,31.88%
920,Catherine Satterthwaite,"Redondo Beach, CA",551,53:35,17:15,F 60-99/6,F-64,461,53:35,38.27%
921,Lauren Schnuckle,"Manhattan Beach, CA",557,53:38,17:16,F 13-14/61,F-13,462,55:19,29.78%
922,Ali Fuesterer,"Manhattan Beach, CA",188,53:41,17:17,F 13-14/62,F-13,463,53:47,29.75%
923,Christine Kuhns,"Manhattan Beach, CA",322,53:41,17:17,F NoAge/0,F-0,464,53:47, 0.00%
924,Akela Yuhl,"Manhattan Beach, CA",674,53:48,17:19,F 09-10/34,F-10,465,59:01,31.73%
925,Jackelyne Rodriguez,"South Gate, CA",739,53:48,17:19,F 11-12/41,F-12,466,54:55,30.28%
926,Ashley Ramirez,"Los Angeles, CA",736,53:52,17:21,F 09-10/35,F-10,467,53:52,31.69%
927,Melissa Flores,"Los Angeles, CA",708,53:53,17:21,F 11-12/42,F-11,468,53:53,30.88%
928,Kellen Flanigan,"Hermosa Beach, CA",875,54:00,17:23,M 01-06/43,M-5,460,54:52,36.62%
929,Vanessa Reyes-Smith,"Hermosa Beach, CA",518,54:01,17:24,F 45-49/41,F-46,469,54:22,29.88%
930,Bridget Flanigan,"Hermosa Beach, CA",874,54:04,17:24,F 35-39/45,F-38,470,54:56,28.03%
931,Renny Flanigan,"Hermosa Beach, CA",872,54:04,17:25,F 01-06/35,F-3,471,54:56, 0.00%
932,Patrick Maloney,"Manhattan Beach, CA",908,54:05,17:25,M 40-44/52,M-40,461,55:07,25.25%
933,N Ammazzalorso,"Redondo Beach, CA",1027,54:07,17:25,M 30-34/16,M-32,462,55:22,24.03%
934,Katie Pandolfo,"Redondo Beach, CA",970,54:08,17:26,F 30-34/20,F-33,472,55:23,27.47%
935,Michael Pandolfo,"Redondo Beach, CA",969,54:08,17:26,M 30-34/17,M-33,463,55:25,24.11%
936,Wendy McLaughlin,"Manhattan Beach, CA",1259,54:14,17:28,F 60-99/7,F-69,473,55:00,40.89%
937,Bill Hughes,"Rancho Cucamonga, CA",1113,54:19,17:29,M 60-99/21,M-71,464,54:49,32.87%
938,J Ammazzalorso,"Redondo Beach, CA",1028,54:21,17:30,F 30-34/21,F-32,474,55:35,27.30%
939,Dick Eastom,"Manhattan Beach, CA",167,54:32,17:33,M 60-99/22,M-75,465,56:08,34.76%
940,Mike Revell,"Manhattan Beach, CA",515,54:58,17:42,M 50-54/26,M-52,466,56:42,27.27%
941,J B Revell,"Manhattan Beach, CA",514,54:59,17:42,M 01-06/44,M-6,467,56:42,34.02%
942,Hazell Soriano,"Los Angeles, CA",748,55:06,17:44,F 09-10/36,F-10,475,56:10,30.98%
943,Veronica Mendoza,"Carson, CA",398,55:07,17:45,F 25-29/18,F-28,476,56:26,26.86%
944,Gretchen Newman,"Manhattan Beach, CA",426,55:21,17:49,F 40-44/65,F-44,477,56:06,28.58%
945,Pat Dorr,"Hawthorne, CA",830,55:21,17:49,M 35-39/31,M-38,468,56:45,24.31%
946,Kiyomi Adams,"Gardena, CA",15,55:21,17:49,F 40-44/66,F-41,478,56:06,27.89%
947,Sean Dorr,"Hawthorne, CA",829,55:22,17:50,M 01-06/45,M-6,469,56:45,33.79%
948,Austin Henning,"Manhattan Beach, CA",258,55:23,17:50,M 13-14/46,M-14,470,55:33,25.62%
949,Virginia Brassell,"Manhattan Beach, CA",61,55:23,17:50,F 60-99/8,F-77,479,55:33,46.06%
950,Stacy Verbiest,"Manhattan Beach, CA",1222,55:35,17:54,F 40-44/67,F-42,480,56:08,27.98%
951,Trevor Verbiest,"Manhattan Beach, CA",1224,55:36,17:54,M 01-06/46,M-5,471,56:06,35.56%
952,Mike Roth,"Manhattan Beach, CA",537,55:38,17:55,M 45-49/67,M-48,472,57:04,26.10%
953,Olivia Roth,"Manhattan Beach, CA",538,55:38,17:55,F 45-49/42,F-46,481,57:05,29.01%
954,Ginger Easton,"Manhattan Beach, CA",169,55:42,17:56,F 60-99/9,F-64,482,57:18,36.82%
955,Duilio Ramallo,"Manhattan Beach, CA",792,55:42,17:56,M 40-44/53,M-40,473,56:31,24.51%
956,Megan Verbiest,"Manhattan Beach, CA",1223,55:42,17:56,F 01-06/36,F-5,483,56:06,36.67%
957,Owen Ramallo,"Manhattan Beach, CA",498,55:42,17:56,M 01-06/47,M-5,474,56:31,35.50%
958,Dorothy Higi,"Manhattan Beach, CA",263,55:42,17:56,F 60-99/10,F-77,484,57:18,45.79%
959,Jeniffer Eastom,"Manhattan Beach, CA",168,55:45,17:57,F 35-39/46,F-37,485,57:18,27.06%
960,Jon Verbiest,"Manhattan Beach, CA",1220,55:46,17:57,M 40-44/54,M-43,475,56:11,25.05%
961,Thomas Steinke,"Manhattan Beach, CA",588,55:57,18:01,M 13-14/47,M-13,476,55:57,25.92%
962,Rebecca Bacich,"Manhattan Beach, CA",1137,56:01,18:02,F 11-12/43,F-11,486,56:37,29.70%
963,Ben Tolentino,"Redondo Beach, CA",605,56:01,18:02,M 40-44/55,M-43,477,57:25,24.94%
964,Maria Zerlina Tolentino,"Redondo Beach, CA",606,56:02,18:02,F 35-39/47,F-37,487,57:25,26.93%
965,Lisa Bacich,"Manhattan Beach, CA",1136,56:02,18:02,F 40-44/68,F-41,488,56:38,27.55%
966,Will Kendall,"Hermosa Beach, CA",318,56:24,18:09,M 01-06/48,M-6,478,56:33,33.17%
967,Kate Brown,"Hawthorne, CA",1218,56:25,18:10,F 30-34/22,F-33,489,57:20,26.36%
968,Jeff Brown,"Hawthorne, CA",1217,56:25,18:10,M 30-34/18,M-31,479,57:20,22.99%
969,Randy Kendall,"Hermosa Beach, CA",317,56:25,18:10,M 45-49/68,M-45,480,56:35,25.15%
970,Jim Essman,"Manhattan Beach, CA",171,56:34,18:13,M 60-99/23,M-65,481,57:05,29.65%
971,Mary Essman,"Manhattan Beach, CA",172,56:36,18:13,F 60-99/11,F-64,490,57:06,36.23%
972,Manuela Salomon,"Manhattan Beach, CA",945,56:40,18:15,F 55-59/8,F-56,491,58:17,32.27%
973,Faith McGuinness,"Manhattan Beach, CA",394,56:59,18:21,F 07-08/46,F-8,492,58:23,31.80%
974,Shannon Blood,"Hermosa Beach, CA",57,56:59,18:21,F 07-08/47,F-8,493,58:23,31.80%
975,Carter Warren,"Manhattan Beach, CA",641,57:04,18:23,M 01-06/49,M-4,482,58:24, 0.00%
976,Peggi Fiebig,"Redondo Beach, CA",1160,57:09,18:24,F 45-49/43,F-49,494,58:35,29.26%
977,Barbara McGuinness,"Manhattan Beach, CA",392,57:09,18:24,F 40-44/69,F-44,495,58:34,27.68%
978,Ryan Jacobs,"Manhattan Beach, CA",291,57:21,18:28,M 01-06/50,M-6,483,58:41,32.62%
979,Kayla Winn,"Manhattan Beach, CA",658,57:24,18:29,F 01-06/37,F-6,496,57:24,34.04%
980,Tammy Winn,"Manhattan Beach, CA",660,57:24,18:29,F 40-44/70,F-43,497,57:24,27.33%
981,Kristina Barron,"Manhattan Beach, CA",39,57:37,18:33,F 35-39/48,F-36,498,58:27,26.07%
982,Matthew Stillwell,"Manhattan Beach, CA",595,57:38,18:33,M 01-06/51,M-5,484,58:26,34.31%
983,Dan Stillwell,"Manhattan Beach, CA",593,57:39,18:34,M 35-39/32,M-37,485,58:27,23.16%
984,Kristi Jacobs,"Manhattan Beach, CA",289,57:49,18:37,F 35-39/49,F-36,499,59:10,25.98%
985,Terri Warren,"Manhattan Beach, CA",645,57:50,18:37,F 40-44/71,F-43,500,59:10,27.13%
986,Vicki Fiebig,"Redondo Beach, CA",1161,58:01,18:41,F 09-10/37,F-10,501,59:00,29.43%
987,Kate Ramallo,"Manhattan Beach, CA",497,58:28,18:50,F 01-06/38,F-5,502,59:17,34.93%
988,Joni Ramallo,"Manhattan Beach, CA",496,58:31,18:50,F 35-39/50,F-38,503,59:20,25.90%
989,Kim Stillwell,"Manhattan Beach, CA",594,58:33,18:51,F 35-39/51,F-39,504,59:26,26.03%
990,Stephanie Napoles,"Compton, CA",734,59:13,19:04,F 11-12/44,F-12,505,1:00:17,27.51%
991,Meaghan Truman,"Redondo Beach, CA",1232,59:20,19:06,F 11-12/45,F-12,506,1:00:00,27.45%
992,Katelyn Dempster,"Manhattan Beach, CA",129,59:26,19:08,F 11-12/46,F-12,507,59:59,27.41%
993,Juliette Ulrich,"Manhattan Beach, CA",620,59:47,19:15,F 13-14/63,F-13,508,1:00:00,26.72%
994,Stephen Blais,"Manhattan Beach, CA",47,1:00:06,19:21,M 50-54/27,M-50,486,1:01:30,24.55%
995,Emily Piemonte,"Manhattan Beach, CA",469,1:00:06,19:21,F 50-54/17,F-53,509,1:01:30,29.26%
996,John Hoying,"Manhattan Beach, CA",1178,1:01:51,19:55,M 60-99/24,M-60,487,1:02:41,25.93%
997,Trish Hoying,"Manhattan Beach, CA",1177,1:01:52,19:55,F 50-54/18,F-54,510,1:02:42,28.78%
998,Jessica Arruda,"Hawthorne, CA",952,1:01:52,19:55,F 11-12/47,F-12,511,1:03:19,26.33%
999,Matthew Arruda,"Hawthorne, CA",955,1:01:54,19:56,M 09-10/46,M-10,488,1:03:21,25.50%
1000,Amy Plank,"Manhattan Beach, CA",846,1:01:57,19:57,F 40-44/72,F-44,512,1:03:19,25.54%
1001,Ken Arruda,"Hawthorne, CA",954,1:02:04,19:59,M 45-49/69,M-46,489,1:03:31,23.02%
1002,Brian Meza,"Los Angeles, CA",1044,1:03:46,20:32,M 13-14/48,M-14,490,1:04:57,22.25%
1003,Daisy Carrillo,"Los Angeles, CA",700,1:03:47,20:32,F 11-12/48,F-12,513,1:04:57,25.54%
1004,Maria Lopez,"Los Angeles, CA",722,1:03:48,20:32,F 11-12/49,F-12,514,1:04:57,25.53%
1005,Emilly Almazan,"Los Angeles, CA",688,1:03:48,20:33,F 11-12/50,F-12,515,1:04:57,25.53%
1006,Eddy Delgado,"Playa Del Rey, CA",127,1:03:49,20:33,F 50-54/19,F-53,516,1:04:29,27.56%
1007,Gianna Delgado,"Playa Del Rey, CA",128,1:03:50,20:33,F 01-06/39,F-5,517,1:04:30,31.99%
1008,Luz Garcia,"Lynwood, CA",710,1:03:54,20:34,F 11-12/51,F-12,518,1:04:57,25.49%
1009,Ella Brown,"Manhattan Beach, CA",983,1:04:31,20:46,F 01-06/40,F-6,519,1:05:43,30.28%
1010,Emily Nutting,"Manhattan Beach, CA",438,1:04:34,20:47,F 01-06/41,F-6,520,1:05:46,30.26%
1011,Jose Arencibia,"Playa Del Rey, CA",26,1:04:41,20:50,M 60-99/25,M-71,491,1:05:18,27.60%
1012,Ely Arencibia,"Playa Del Rey, CA",25,1:04:41,20:50,F 50-54/20,F-50,521,1:05:18,26.16%
1013,Katya Arencibia,"Playa Del Rey, CA",27,1:04:45,20:51,F 01-06/42,F-6,522,1:05:22,30.18%
1014,Kayla Calhoun,"Los Angeles, CA",71,1:05:22,21:03,F 01-06/43,F-5,523,1:06:49,31.24%
1015,Belinda Pennisi,"Los Angeles, CA",464,1:05:22,21:03,F 30-34/23,F-33,524,1:06:49,22.75%
1016,Ainsley Nutting,"Manhattan Beach, CA",437,1:06:32,21:25,F 01-06/44,F-1,525,1:07:52, 0.00%
1017,Monique Moore,"Manhattan Beach, CA",401,1:06:34,21:26,F 25-29/19,F-28,526,1:07:51,22.24%
1018,Mary Beth Brown,"Manhattan Beach, CA",982,1:06:41,21:28,F 40-44/73,F-41,527,1:07:58,23.15%
1019,Andrew Burdiak,"Manhattan Beach, CA",64,1:07:41,21:47,M 13-14/49,M-13,492,1:08:33,21.43%
1020,Marilyn Haugh,"Redondo Beach, CA",249,1:07:52,21:51,F 50-54/21,F-52,528,1:07:52,25.57%
1021,Ian Schwan,"Manhattan Beach, CA",971,1:08:34,22:05,M 11-12/30,M-12,493,1:08:35,21.69%
1022,Nora McGinity,"Redondo Beach, CA",777,1:15:20,24:15,F 07-08/48,F-7,529,1:15:46,24.92%
1023,Julie McGinity,"Redondo Beach, CA",775,1:15:23,24:16,F 45-49/44,F-45,530,1:16:01,21.19%
1024,Erin McGinity,"Redondo Beach, CA",776,1:15:30,24:18,F 01-06/45,F-4,531,1:16:08, 0.00%
1025,Gregory McGinity,"Redondo Beach, CA",774,1:15:31,24:19,M 40-44/56,M-43,494,1:16:08,18.50%
