Place,Name,Location,Bib,Net Time,Pace,Division/Place,Sex-Age,Sex-Place,Gun Time,Age Grade
1,Brandon Staddan,"Riverside, CA",114,20:12,6:30,M 26-34/1,M-26,1,20:12,63.91%
2,Zackery Castor,"Menifee, CA",73,20:38,6:39,M 01-17/1,M-14,2,20:38,68.80%
3,Stephen Bustos,"Canyon Lake, CA",37,21:06,6:48,M 36-45/1,M-45,3,21:06,67.27%
4,Cody Knoll,"Menifee, CA",126,21:42,6:59,M 01-17/2,M-14,4,21:42,65.41%
5,Manuel Madrigal,"Menifee, CA",40,21:49,7:02,M 36-45/2,M-43,5,21:49,64.07%
6,Shawn Hall,"Menifee, CA",59,22:36,7:17,M 18-25/1,M-25,6,22:36,57.12%
7,Joshua Madrid,"Menifee, CA",98,22:42,7:19,M 01-17/3,M-12,7,22:42,65.54%
8,Eric Smith,"Menifee, CA",77,22:51,7:22,M 01-17/4,M-13,8,22:51,63.50%
9,Ryan Amidon,"Riverside, CA",26,23:44,7:39,M 01-17/5,M-13,9,23:47,61.14%
10,Ryan Adams,"Menifee, CA",53,23:52,7:41,M 36-45/3,M-37,10,23:55,55.97%
11,Chris Malcolm,"Wildomar, CA",125,24:12,7:48,M 46-55/1,M-52,11,24:21,61.96%
12,Derek Reynosa,"San Diego, CA",81,24:12,7:48,M 26-34/2,M-29,12,24:12,53.41%
13,Aron Grangruth,"Menifee, CA",89,24:17,7:49,M 01-17/6,M-16,13,24:17,56.46%
14,Bailey Jones,"Menifee, CA",102,24:27,7:52,M 01-17/7,M-14,14,24:27,58.05%
15,Brian Walker,"Sun City, CA",11,24:31,7:54,M 26-34/3,M-32,15,24:31,53.06%
16,Samantha Flores,"Menifee, CA",118,24:32,7:54,F 01-17/1,F-15,1,24:32,63.22%
17,Darrell Kato,"Corona, CA",67,24:43,7:58,M 46-55/2,M-50,16,24:48,59.72%
18,Brenda Myers,"Sun City, CA",24,24:45,7:58,F 36-45/1,F-45,2,24:45,64.22%
19,Marty Wallkamm,"Sun City, CA",22,25:04,8:04,M 36-45/4,M-40,17,25:14,54.49%
20,Chauntai Marchal,"Menifee, CA",62,25:11,8:07,F 26-34/1,F-33,3,25:11,59.07%
21,Kristian Barrett,"Winchester, CA",50,25:13,8:07,M 26-34/4,M-32,18,25:18,51.59%
22,John Handal,"Menifee, CA",55,25:19,8:09,M 36-45/5,M-40,19,25:23,53.95%
23,Daniel Temple,"Menifee, CA",27,25:21,8:10,M 36-45/6,M-42,20,25:24,54.67%
24,Tara Sutcliffe,"San Diego, CA",86,25:33,8:14,F 18-25/1,F-23,4,25:37,57.96%
25,Lupita Moreno,"Canyon Lake, CA",106,26:18,8:28,F 36-45/2,F-37,5,26:18,57.26%
26,Ingrid Archibald,"Murrieta, CA",134,26:19,8:28,F 36-45/3,F-36,6,26:19,57.03%
27,Daniel Daggett,"Menifee, CA",120,26:19,8:29,M 01-17/8,M-12,21,26:20,56.49%
28,Brian Bovee,"Menifee, CA",38,27:01,8:42,M 36-45/7,M-40,22,27:04,50.56%
29,Steven Guilday,"Menifee, CA",135,27:18,8:47,M 46-55/3,M-52,23,27:23,54.92%
30,Krisha Wallkamm,"Sun City, CA",23,27:28,8:51,F 26-34/2,F-33,7,27:28,54.16%
31,Amy Handal,"Menifee, CA",54,27:29,8:51,F 36-45/4,F-38,8,27:32,55.10%
32,Jessika Velasco,"Sun City, CA",92,27:38,8:54,F 01-17/2,F-16,9,27:41,55.40%
33,Shannon Johnson,"Murrieta, CA",72,27:42,8:55,F 35-35/1,F-35,10,27:49,54.00%
34,Jamon Buggs,"Sun City, CA",132,27:44,8:56,M 36-45/8,M-36,24,27:47,47.87%
35,Brandon Kisgen,"Canyon Lake, CA",128,28:22,9:08,M 18-25/2,M-24,25,28:22,45.50%
36,Jared Brandt,"Menifee, CA",80,28:28,9:10,M 01-17/9,M-12,26,28:28,52.26%
37,Janet Sullivan,"Menifee, CA",32,28:28,9:10,F 36-45/5,F-39,11,28:32,53.43%
38,Joseph Berry,"Menifee, CA",117,28:31,9:11,M 01-17/10,M-13,27,28:31,50.88%
39,Dedekay Flores,"Murrieta, CA",33,28:32,9:11,F 26-34/3,F-31,12,28:32,51.96%
40,Anthony Apongan,"San Diego, CA",87,28:44,9:15,M 36-45/9,M-39,28,28:48,47.19%
41,Heaven Boone,"Murrieta, CA",100,28:58,9:20,F 26-34/4,F-26,13,28:58,51.12%
42,Carmen Kaas,"Menifee, CA",124,29:37,9:32,M 26-34/5,M-32,29,29:40,43.92%
43,Danielle Martinez,"Menifee, CA",111,30:06,9:42,F 01-17/3,F-16,14,30:10,50.86%
44,Tim Grangruth,"Menifee, CA",88,30:13,9:44,M 46-55/4,M-46,30,30:16,47.30%
45,James Dyer,"Sun City, CA",116,30:20,9:46,M 46-55/5,M-48,31,30:23,47.88%
46,Diana Martinez,"Menifee, CA",110,30:22,9:47,F 36-45/6,F-40,15,30:27,50.41%
47,Michael Lopez,"Moreno Valley, CA",109,30:35,9:51,M 46-55/6,M-55,32,30:40,50.27%
48,Aline Hoffort,"Sun City, CA",133,30:45,9:54,M 36-45/10,M-43,33,30:45,45.44%
49,Bill Ackerman,"Menifee, CA",136,30:55,9:57,M 56-64/1,M-56,34,31:02,50.16%
50,Erica Waltemeyer,"Menifee, CA",140,31:00,9:59,M 36-45/11,M-42,35,31:05,44.70%
51,Laura Jolly,"Menifee, CA",76,31:05,10:00,F 26-34/5,F-30,16,31:12,47.64%
52,Terri Sumrall,"Menifee, CA",95,31:12,10:03,F 36-45/7,F-45,17,31:19,50.94%
53,Edward Arasim,"Menifee, CA",123,31:17,10:05,M 65-99/1,M-70,36,31:25,56.40%
54,Kevin Bealer,"Sun City, CA",13,31:36,10:11,M 46-55/7,M-53,37,31:40,47.86%
55,Rose Anton,"Temecula, CA",68,31:47,10:14,F 36-45/8,F-41,18,31:55,48.43%
56,Mikael Lovas,"Menifee, CA",99,32:25,10:26,M 01-17/11,M-12,38,32:25,45.88%
57,Darrell McCoy,"Menifee, CA",141,32:39,10:31,M 36-45/12,M-39,39,42:43,41.52%
58,Kevin Fink,"Menifee, CA",121,32:54,10:36,M 01-17/12,M-17,40,32:54,41.05%
59,Brett Lady,"Sun City, CA",34,33:11,10:41,M 36-45/13,M-36,41,33:19,40.00%
60,Emily Sumrall,"Menifee, CA",96,33:20,10:44,F 01-17/4,F-14,19,33:27,47.17%
61,Richard Sappington,"Menifee, CA",105,33:21,10:44,F 01-17/5,F-14,20,33:21,47.15%
62,Tyrone Moore,"Oceanside, CA",48,33:33,10:48,M 26-34/6,M-30,42,33:40,38.57%
63,John Martin,"Whittier, CA",57,33:33,10:48,M 36-45/14,M-40,43,33:40,40.71%
64,James Mares,"Corona, CA",103,33:34,10:48,M 36-45/15,M-38,44,33:39,40.09%
65,Nicholas Weilbacher,"Riverside, CA",43,33:34,10:49,M 26-34/7,M-31,45,33:40,38.65%
66,Jose A Rodriguez,"Pomona, CA",58,33:36,10:49,M 26-34/8,M-28,46,33:42,38.41%
67,Josephine Flores,"Menifee, CA",107,33:37,10:50,F 46-55/1,F-48,21,33:41,48.71%
68,Dustin Waltemeyer,"Menifee, CA",139,34:35,11:08,M 36-45/16,M-45,47,34:40,41.03%
69,Nicole Derhammer,"Hemet, CA",84,35:07,11:19,F 18-25/2,F-24,22,35:12,42.17%
70,Victor Lopez,"Menifee, CA",93,35:23,11:24,M 26-34/9,M-27,48,35:27,36.48%
71,Lauri Perryman,"Corona, CA",66,36:06,11:37,F 26-34/6,F-33,23,36:14,41.20%
72,Amirah Dalton,"Sun City, CA",44,37:15,12:00,F 26-34/7,F-33,24,37:28,39.93%
73,Karen Feld,"Riverside, CA",25,37:19,12:01,F 36-45/9,F-43,25,37:23,41.87%
74,Betty Smith,"Menifee, CA",78,37:39,12:07,F 36-45/10,F-44,26,37:50,41.81%
75,Jennifer Proger,"Menifee, CA",56,37:40,12:08,F 26-34/8,F-33,27,37:48,39.49%
76,Stephanie Ricci,"Wildomar, CA",42,37:46,12:10,F 36-45/11,F-44,28,37:56,41.68%
77,Maryann Jacobs,"Wildomar, CA",46,37:47,12:10,F 46-55/2,F-55,29,37:56,47.31%
78,Edgar Sanchez,"Menifee, CA",101,38:32,12:24,M 46-55/8,M-46,49,38:39,37.08%
79,Lawrence Sichter,"Menifee, CA",115,39:20,12:40,M 56-64/2,M-59,50,39:28,40.44%
80,Lynn Mata,"Menifee, CA",104,40:05,12:55,F 46-55/3,F-46,30,40:11,40.02%
81,Alex Sale,"Los Angeles, CA",79,40:06,12:55,M 26-34/10,M-31,51,40:13,32.35%
82,Vincent Camacho,"Ontario, CA",113,40:06,12:55,M 26-34/11,M-30,52,40:13,32.27%
83,Christopher Dobson,"Sun City, CA",91,40:06,12:55,M 18-25/3,M-22,53,40:11,32.18%
84,John Harrigan,"Lake Elsinore, CA",83,40:07,12:55,M 36-45/17,M-37,54,40:13,33.29%
85,Ruth Bol,"Menifee, CA",130,40:08,12:55,M 26-34/12,M-31,55,40:13,32.32%
86,Arturo Dassow,"Menifee, CA",119,40:09,12:56,M 65-99/2,M-66,56,40:14,42.19%
87,Pam Rosendahl,"Sun City, CA",31,40:11,12:56,F 46-55/4,F-54,31,40:23,43.90%
88,Margot Kardashian Mejia,"Menifee, CA",97,40:11,12:56,F 56-64/1,F-59,32,40:14,46.97%
89,Kristina Owens,"Hemet, CA",112,40:46,13:08,F 18-25/3,F-24,33,40:51,36.32%
90,Yolanda Osborne,"Menifee, CA",129,41:13,13:16,M 56-64/3,M-56,57,41:19,37.62%
91,Terry Harmon,"Sun City, CA",137,41:37,13:24,M 46-55/9,M-53,58,41:41,36.34%
92,Rafael Resendiz,"Fontana, CA",52,41:40,13:25,M 35-35/1,M-35,59,41:46,31.65%
93,Cynthia Resendiz,"Fontana, CA",51,42:11,13:35,F 26-34/9,F-27,34,42:17,35.10%
94,Mark Miller,"Menifee, CA",28,45:38,14:41,M 46-55/10,M-51,60,45:50,32.59%
95,Lynda Molstad,"Sun City, CA",16,45:47,14:44,F 46-55/5,F-46,35,45:57,35.03%
96,Jo-Ann Miller,"Menifee, CA",29,45:52,14:46,F 46-55/6,F-52,36,46:06,37.48%
97,Joe Molstad,"Sun City, CA",15,45:55,14:47,M 36-45/18,M-45,61,46:06,30.90%
98,Cynthia Vinckel,"Sun City, CA",131,46:04,14:50,M 56-64/4,M-63,62,46:10,35.76%
99,Tom Thurman,"Sun City, CA",12,47:04,15:09,M 65-99/3,M-68,63,47:13,36.66%
100,Zachary Pacheco,"Riverside, CA",122,47:14,15:13,M 18-25/4,M-19,64,47:22,27.92%
101,Rhonda Fink,"Menifee, CA",90,47:15,15:13,F 36-45/12,F-42,37,47:23,32.82%
102,Shelly Overton,"Huntington Beach, CA",47,47:26,15:17,F 46-55/7,F-48,38,47:35,34.52%
103,Suzanne Enoch,"Canyon Lake, CA",21,47:55,15:26,F 26-34/10,F-33,39,47:55,31.04%
104,Natalie Smith,"Menifee, CA",108,51:06,16:27,F 26-34/11,F-34,40,51:18,29.17%
105,Janet Acevedo,"Lake Elsinore, CA",19,52:39,16:57,F 36-45/13,F-41,41,52:51,29.23%
106,Allie Acevedo,"Lake Elsinore, CA",20,52:39,16:57,F 01-17/6,F-12,42,52:51,30.94%
107,Jennifer Gilmore,"Sun City, CA",82,53:26,17:12,F 46-55/8,F-54,43,53:35,33.01%
108,Holly Biondi,"Menifee, CA",85,53:27,17:13,F 36-45/14,F-45,44,53:35,29.73%
109,Raul Gonzalez,"San Bernardino, CA",17,56:59,18:21,M 46-55/11,M-47,65,57:12,25.28%
110,Marcia Espinoza,"Riverside, CA",14,57:00,18:21,F 26-34/12,F-30,45,57:12,25.97%
111,Tina Lam,"Temecula, CA",18,57:02,18:22,F 36-45/15,F-44,46,57:15,27.59%
112,Edward Hurley,"Menifee, CA",138,58:34,18:51,M 46-55/12,M-54,66,58:40,26.02%
113,Altie Holcomb,"Sun City, CA",35,1:03:56,20:35,M 36-45/19,M-39,67,1:04:06,21.20%
114,Max Bennett,"Lake Elsinore, CA",64,1:04:02,20:37,M 56-64/5,M-64,68,1:04:10,25.96%
115,Kathy Bennett,"Lake Elsinore, CA",63,1:04:04,20:38,F 56-64/2,F-63,47,1:04:10,31.17%
116,Helen Jones-Shepherd,"Sun City, CA",45,1:11:08,22:54,F 65-99/1,F-79,48,1:11:20,36.72%
117,Pauline Hall,"Sun City, CA",39,1:11:10,22:55,F 65-99/2,F-72,49,1:11:21,32.35%
118,Doris Willem,"Sun City, CA",127,1:12:11,23:14,M 65-99/4,M-75,69,1:12:25,26.26%
